"alpha"	"delta"	"mig"	"cost"	"mu"	"sigma"	"gen"	"popsize"	"nsampled"	"seed"	"generation"	"param"	"means"
"0.0"	"0.0"	"0.1"	"0.01"	"0.005"	"0.01"	"100000"	"10000"	"200"	"1751263955953462723"	10	"slope"	7.1680025e-05
"0.0"	"0.0"	"0.1"	"0.01"	"0.005"	"0.01"	"100000"	"10000"	"200"	"1751263955953462723"	10	"intercept"	0.500087645
"0.0"	"0.0"	"0.1"	"0.01"	"0.005"	"0.01"	"100000"	"10000"	"200"	"1751263955953462723"	5000	"slope"	-0.145585654
"0.0"	"0.0"	"0.1"	"0.01"	"0.005"	"0.01"	"100000"	"10000"	"200"	"1751263955953462723"	5000	"intercept"	0.276828785
"0.0"	"0.0"	"0.1"	"0.01"	"0.005"	"0.01"	"100000"	"10000"	"200"	"1751263955953462723"	10000	"slope"	-0.24515208
"0.0"	"0.0"	"0.1"	"0.01"	"0.005"	"0.01"	"100000"	"10000"	"200"	"1751263955953462723"	10000	"intercept"	0.34278192
"0.0"	"0.0"	"0.1"	"0.01"	"0.005"	"0.01"	"100000"	"10000"	"200"	"1751263955953462723"	15000	"slope"	-0.34331656
"0.0"	"0.0"	"0.1"	"0.01"	"0.005"	"0.01"	"100000"	"10000"	"200"	"1751263955953462723"	15000	"intercept"	0.40893142
"0.0"	"0.0"	"0.1"	"0.01"	"0.005"	"0.01"	"100000"	"10000"	"200"	"1751263955953462723"	20000	"slope"	-0.36770199
"0.0"	"0.0"	"0.1"	"0.01"	"0.005"	"0.01"	"100000"	"10000"	"200"	"1751263955953462723"	20000	"intercept"	0.43827431
"0.0"	"0.0"	"0.1"	"0.01"	"0.005"	"0.01"	"100000"	"10000"	"200"	"1751263955953462723"	25000	"slope"	-0.391742865
"0.0"	"0.0"	"0.1"	"0.01"	"0.005"	"0.01"	"100000"	"10000"	"200"	"1751263955953462723"	25000	"intercept"	0.449304725
"0.0"	"0.0"	"0.1"	"0.01"	"0.005"	"0.01"	"100000"	"10000"	"200"	"1751263955953462723"	30000	"slope"	-0.38575009
"0.0"	"0.0"	"0.1"	"0.01"	"0.005"	"0.01"	"100000"	"10000"	"200"	"1751263955953462723"	30000	"intercept"	0.439546095
"0.0"	"0.0"	"0.1"	"0.01"	"0.005"	"0.01"	"100000"	"10000"	"200"	"1751263955953462723"	35000	"slope"	-0.387880045
"0.0"	"0.0"	"0.1"	"0.01"	"0.005"	"0.01"	"100000"	"10000"	"200"	"1751263955953462723"	35000	"intercept"	0.450366305
"0.0"	"0.0"	"0.1"	"0.01"	"0.005"	"0.01"	"100000"	"10000"	"200"	"1751263955953462723"	40000	"slope"	-0.35330184
"0.0"	"0.0"	"0.1"	"0.01"	"0.005"	"0.01"	"100000"	"10000"	"200"	"1751263955953462723"	40000	"intercept"	0.42448577
"0.0"	"0.0"	"0.1"	"0.01"	"0.005"	"0.01"	"100000"	"10000"	"200"	"1751263955953462723"	45000	"slope"	-0.34821166
"0.0"	"0.0"	"0.1"	"0.01"	"0.005"	"0.01"	"100000"	"10000"	"200"	"1751263955953462723"	45000	"intercept"	0.420002455
"0.0"	"0.0"	"0.1"	"0.01"	"0.005"	"0.01"	"100000"	"10000"	"200"	"1751263955953462723"	50000	"slope"	-0.34954761
"0.0"	"0.0"	"0.1"	"0.01"	"0.005"	"0.01"	"100000"	"10000"	"200"	"1751263955953462723"	50000	"intercept"	0.42102812
"0.0"	"0.0"	"0.1"	"0.01"	"0.005"	"0.01"	"100000"	"10000"	"200"	"1751263955953462723"	55000	"slope"	-0.398154835
"0.0"	"0.0"	"0.1"	"0.01"	"0.005"	"0.01"	"100000"	"10000"	"200"	"1751263955953462723"	55000	"intercept"	0.46085696
"0.0"	"0.0"	"0.1"	"0.01"	"0.005"	"0.01"	"100000"	"10000"	"200"	"1751263955953462723"	60000	"slope"	-0.357965065
"0.0"	"0.0"	"0.1"	"0.01"	"0.005"	"0.01"	"100000"	"10000"	"200"	"1751263955953462723"	60000	"intercept"	0.421292455
"0.0"	"0.0"	"0.1"	"0.01"	"0.005"	"0.01"	"100000"	"10000"	"200"	"1751263955953462723"	65000	"slope"	-0.40162361
"0.0"	"0.0"	"0.1"	"0.01"	"0.005"	"0.01"	"100000"	"10000"	"200"	"1751263955953462723"	65000	"intercept"	0.45557021
"0.0"	"0.0"	"0.1"	"0.01"	"0.005"	"0.01"	"100000"	"10000"	"200"	"1751263955953462723"	70000	"slope"	-0.376226325
"0.0"	"0.0"	"0.1"	"0.01"	"0.005"	"0.01"	"100000"	"10000"	"200"	"1751263955953462723"	70000	"intercept"	0.44593398
"0.0"	"0.0"	"0.1"	"0.01"	"0.005"	"0.01"	"100000"	"10000"	"200"	"1751263955953462723"	75000	"slope"	-0.374240925
"0.0"	"0.0"	"0.1"	"0.01"	"0.005"	"0.01"	"100000"	"10000"	"200"	"1751263955953462723"	75000	"intercept"	0.43640527
"0.0"	"0.0"	"0.1"	"0.01"	"0.005"	"0.01"	"100000"	"10000"	"200"	"1751263955953462723"	80000	"slope"	-0.37654304
"0.0"	"0.0"	"0.1"	"0.01"	"0.005"	"0.01"	"100000"	"10000"	"200"	"1751263955953462723"	80000	"intercept"	0.444112275
"0.0"	"0.0"	"0.1"	"0.01"	"0.005"	"0.01"	"100000"	"10000"	"200"	"1751263955953462723"	85000	"slope"	-0.366150265
"0.0"	"0.0"	"0.1"	"0.01"	"0.005"	"0.01"	"100000"	"10000"	"200"	"1751263955953462723"	85000	"intercept"	0.426276395
"0.0"	"0.0"	"0.1"	"0.01"	"0.005"	"0.01"	"100000"	"10000"	"200"	"1751263955953462723"	90000	"slope"	-0.39226327
"0.0"	"0.0"	"0.1"	"0.01"	"0.005"	"0.01"	"100000"	"10000"	"200"	"1751263955953462723"	90000	"intercept"	0.452537385
"0.0"	"0.0"	"0.1"	"0.01"	"0.005"	"0.01"	"100000"	"10000"	"200"	"1751263955953462723"	95000	"slope"	-0.39132023
"0.0"	"0.0"	"0.1"	"0.01"	"0.005"	"0.01"	"100000"	"10000"	"200"	"1751263955953462723"	95000	"intercept"	0.45137276
"0.0"	"0.0"	"0.1"	"0.01"	"0.005"	"0.01"	"100000"	"10000"	"200"	"1751263955953462723"	100000	"slope"	-0.35713436
"0.0"	"0.0"	"0.1"	"0.01"	"0.005"	"0.01"	"100000"	"10000"	"200"	"1751263955953462723"	100000	"intercept"	0.418728055
"0.0"	"0.0"	"0.1"	"0.01"	"0.005"	"0.01"	"100000"	"10000"	"200"	"4735034506136855026"	10	"slope"	0.00016775522
"0.0"	"0.0"	"0.1"	"0.01"	"0.005"	"0.01"	"100000"	"10000"	"200"	"4735034506136855026"	10	"intercept"	0.50002227
"0.0"	"0.0"	"0.1"	"0.01"	"0.005"	"0.01"	"100000"	"10000"	"200"	"4735034506136855026"	5000	"slope"	-0.15319545
"0.0"	"0.0"	"0.1"	"0.01"	"0.005"	"0.01"	"100000"	"10000"	"200"	"4735034506136855026"	5000	"intercept"	0.28401215
"0.0"	"0.0"	"0.1"	"0.01"	"0.005"	"0.01"	"100000"	"10000"	"200"	"4735034506136855026"	10000	"slope"	-0.23988472
"0.0"	"0.0"	"0.1"	"0.01"	"0.005"	"0.01"	"100000"	"10000"	"200"	"4735034506136855026"	10000	"intercept"	0.337338235
"0.0"	"0.0"	"0.1"	"0.01"	"0.005"	"0.01"	"100000"	"10000"	"200"	"4735034506136855026"	15000	"slope"	-0.31458386
"0.0"	"0.0"	"0.1"	"0.01"	"0.005"	"0.01"	"100000"	"10000"	"200"	"4735034506136855026"	15000	"intercept"	0.39795583
"0.0"	"0.0"	"0.1"	"0.01"	"0.005"	"0.01"	"100000"	"10000"	"200"	"4735034506136855026"	20000	"slope"	-0.355077345
"0.0"	"0.0"	"0.1"	"0.01"	"0.005"	"0.01"	"100000"	"10000"	"200"	"4735034506136855026"	20000	"intercept"	0.42057875
"0.0"	"0.0"	"0.1"	"0.01"	"0.005"	"0.01"	"100000"	"10000"	"200"	"4735034506136855026"	25000	"slope"	-0.37076253
"0.0"	"0.0"	"0.1"	"0.01"	"0.005"	"0.01"	"100000"	"10000"	"200"	"4735034506136855026"	25000	"intercept"	0.43233454
"0.0"	"0.0"	"0.1"	"0.01"	"0.005"	"0.01"	"100000"	"10000"	"200"	"4735034506136855026"	30000	"slope"	-0.4186506
"0.0"	"0.0"	"0.1"	"0.01"	"0.005"	"0.01"	"100000"	"10000"	"200"	"4735034506136855026"	30000	"intercept"	0.471311345
"0.0"	"0.0"	"0.1"	"0.01"	"0.005"	"0.01"	"100000"	"10000"	"200"	"4735034506136855026"	35000	"slope"	-0.4119187
"0.0"	"0.0"	"0.1"	"0.01"	"0.005"	"0.01"	"100000"	"10000"	"200"	"4735034506136855026"	35000	"intercept"	0.469663615
"0.0"	"0.0"	"0.1"	"0.01"	"0.005"	"0.01"	"100000"	"10000"	"200"	"4735034506136855026"	40000	"slope"	-0.372721715
"0.0"	"0.0"	"0.1"	"0.01"	"0.005"	"0.01"	"100000"	"10000"	"200"	"4735034506136855026"	40000	"intercept"	0.427641505
"0.0"	"0.0"	"0.1"	"0.01"	"0.005"	"0.01"	"100000"	"10000"	"200"	"4735034506136855026"	45000	"slope"	-0.37298681
"0.0"	"0.0"	"0.1"	"0.01"	"0.005"	"0.01"	"100000"	"10000"	"200"	"4735034506136855026"	45000	"intercept"	0.43817557
"0.0"	"0.0"	"0.1"	"0.01"	"0.005"	"0.01"	"100000"	"10000"	"200"	"4735034506136855026"	50000	"slope"	-0.37770612
"0.0"	"0.0"	"0.1"	"0.01"	"0.005"	"0.01"	"100000"	"10000"	"200"	"4735034506136855026"	50000	"intercept"	0.44088216
"0.0"	"0.0"	"0.1"	"0.01"	"0.005"	"0.01"	"100000"	"10000"	"200"	"4735034506136855026"	55000	"slope"	-0.390992285
"0.0"	"0.0"	"0.1"	"0.01"	"0.005"	"0.01"	"100000"	"10000"	"200"	"4735034506136855026"	55000	"intercept"	0.449092965
"0.0"	"0.0"	"0.1"	"0.01"	"0.005"	"0.01"	"100000"	"10000"	"200"	"4735034506136855026"	60000	"slope"	-0.350056875
"0.0"	"0.0"	"0.1"	"0.01"	"0.005"	"0.01"	"100000"	"10000"	"200"	"4735034506136855026"	60000	"intercept"	0.41381299
"0.0"	"0.0"	"0.1"	"0.01"	"0.005"	"0.01"	"100000"	"10000"	"200"	"4735034506136855026"	65000	"slope"	-0.377731615
"0.0"	"0.0"	"0.1"	"0.01"	"0.005"	"0.01"	"100000"	"10000"	"200"	"4735034506136855026"	65000	"intercept"	0.44080833
"0.0"	"0.0"	"0.1"	"0.01"	"0.005"	"0.01"	"100000"	"10000"	"200"	"4735034506136855026"	70000	"slope"	-0.382522535
"0.0"	"0.0"	"0.1"	"0.01"	"0.005"	"0.01"	"100000"	"10000"	"200"	"4735034506136855026"	70000	"intercept"	0.439886655
"0.0"	"0.0"	"0.1"	"0.01"	"0.005"	"0.01"	"100000"	"10000"	"200"	"4735034506136855026"	75000	"slope"	-0.394747065
"0.0"	"0.0"	"0.1"	"0.01"	"0.005"	"0.01"	"100000"	"10000"	"200"	"4735034506136855026"	75000	"intercept"	0.454603635
"0.0"	"0.0"	"0.1"	"0.01"	"0.005"	"0.01"	"100000"	"10000"	"200"	"4735034506136855026"	80000	"slope"	-0.381218375
"0.0"	"0.0"	"0.1"	"0.01"	"0.005"	"0.01"	"100000"	"10000"	"200"	"4735034506136855026"	80000	"intercept"	0.44184576
"0.0"	"0.0"	"0.1"	"0.01"	"0.005"	"0.01"	"100000"	"10000"	"200"	"4735034506136855026"	85000	"slope"	-0.38655425
"0.0"	"0.0"	"0.1"	"0.01"	"0.005"	"0.01"	"100000"	"10000"	"200"	"4735034506136855026"	85000	"intercept"	0.44205705
"0.0"	"0.0"	"0.1"	"0.01"	"0.005"	"0.01"	"100000"	"10000"	"200"	"4735034506136855026"	90000	"slope"	-0.34297085
"0.0"	"0.0"	"0.1"	"0.01"	"0.005"	"0.01"	"100000"	"10000"	"200"	"4735034506136855026"	90000	"intercept"	0.41168582
"0.0"	"0.0"	"0.1"	"0.01"	"0.005"	"0.01"	"100000"	"10000"	"200"	"4735034506136855026"	95000	"slope"	-0.369575155
"0.0"	"0.0"	"0.1"	"0.01"	"0.005"	"0.01"	"100000"	"10000"	"200"	"4735034506136855026"	95000	"intercept"	0.42866447
"0.0"	"0.0"	"0.1"	"0.01"	"0.005"	"0.01"	"100000"	"10000"	"200"	"4735034506136855026"	100000	"slope"	-0.39381724
"0.0"	"0.0"	"0.1"	"0.01"	"0.005"	"0.01"	"100000"	"10000"	"200"	"4735034506136855026"	100000	"intercept"	0.457243205
"0.0"	"0.0"	"0.1"	"0.01"	"0.005"	"0.01"	"100000"	"10000"	"200"	"6592371550293955246"	10	"slope"	-3.07927e-05
"0.0"	"0.0"	"0.1"	"0.01"	"0.005"	"0.01"	"100000"	"10000"	"200"	"6592371550293955246"	10	"intercept"	0.50010243
"0.0"	"0.0"	"0.1"	"0.01"	"0.005"	"0.01"	"100000"	"10000"	"200"	"6592371550293955246"	5000	"slope"	-0.22029878
"0.0"	"0.0"	"0.1"	"0.01"	"0.005"	"0.01"	"100000"	"10000"	"200"	"6592371550293955246"	5000	"intercept"	0.327089235
"0.0"	"0.0"	"0.1"	"0.01"	"0.005"	"0.01"	"100000"	"10000"	"200"	"6592371550293955246"	10000	"slope"	-0.30413596
"0.0"	"0.0"	"0.1"	"0.01"	"0.005"	"0.01"	"100000"	"10000"	"200"	"6592371550293955246"	10000	"intercept"	0.38507334
"0.0"	"0.0"	"0.1"	"0.01"	"0.005"	"0.01"	"100000"	"10000"	"200"	"6592371550293955246"	15000	"slope"	-0.331838055
"0.0"	"0.0"	"0.1"	"0.01"	"0.005"	"0.01"	"100000"	"10000"	"200"	"6592371550293955246"	15000	"intercept"	0.399519905
"0.0"	"0.0"	"0.1"	"0.01"	"0.005"	"0.01"	"100000"	"10000"	"200"	"6592371550293955246"	20000	"slope"	-0.37199814
"0.0"	"0.0"	"0.1"	"0.01"	"0.005"	"0.01"	"100000"	"10000"	"200"	"6592371550293955246"	20000	"intercept"	0.42961033
"0.0"	"0.0"	"0.1"	"0.01"	"0.005"	"0.01"	"100000"	"10000"	"200"	"6592371550293955246"	25000	"slope"	-0.40233289
"0.0"	"0.0"	"0.1"	"0.01"	"0.005"	"0.01"	"100000"	"10000"	"200"	"6592371550293955246"	25000	"intercept"	0.461305745
"0.0"	"0.0"	"0.1"	"0.01"	"0.005"	"0.01"	"100000"	"10000"	"200"	"6592371550293955246"	30000	"slope"	-0.380264745
"0.0"	"0.0"	"0.1"	"0.01"	"0.005"	"0.01"	"100000"	"10000"	"200"	"6592371550293955246"	30000	"intercept"	0.437046115
"0.0"	"0.0"	"0.1"	"0.01"	"0.005"	"0.01"	"100000"	"10000"	"200"	"6592371550293955246"	35000	"slope"	-0.37743431
"0.0"	"0.0"	"0.1"	"0.01"	"0.005"	"0.01"	"100000"	"10000"	"200"	"6592371550293955246"	35000	"intercept"	0.43376327
"0.0"	"0.0"	"0.1"	"0.01"	"0.005"	"0.01"	"100000"	"10000"	"200"	"6592371550293955246"	40000	"slope"	-0.388328955
"0.0"	"0.0"	"0.1"	"0.01"	"0.005"	"0.01"	"100000"	"10000"	"200"	"6592371550293955246"	40000	"intercept"	0.44539342
"0.0"	"0.0"	"0.1"	"0.01"	"0.005"	"0.01"	"100000"	"10000"	"200"	"6592371550293955246"	45000	"slope"	-0.394976515
"0.0"	"0.0"	"0.1"	"0.01"	"0.005"	"0.01"	"100000"	"10000"	"200"	"6592371550293955246"	45000	"intercept"	0.459332675
"0.0"	"0.0"	"0.1"	"0.01"	"0.005"	"0.01"	"100000"	"10000"	"200"	"6592371550293955246"	50000	"slope"	-0.35968514
"0.0"	"0.0"	"0.1"	"0.01"	"0.005"	"0.01"	"100000"	"10000"	"200"	"6592371550293955246"	50000	"intercept"	0.425225565
"0.0"	"0.0"	"0.1"	"0.01"	"0.005"	"0.01"	"100000"	"10000"	"200"	"6592371550293955246"	55000	"slope"	-0.38052654
"0.0"	"0.0"	"0.1"	"0.01"	"0.005"	"0.01"	"100000"	"10000"	"200"	"6592371550293955246"	55000	"intercept"	0.4434974
"0.0"	"0.0"	"0.1"	"0.01"	"0.005"	"0.01"	"100000"	"10000"	"200"	"6592371550293955246"	60000	"slope"	-0.365211475
"0.0"	"0.0"	"0.1"	"0.01"	"0.005"	"0.01"	"100000"	"10000"	"200"	"6592371550293955246"	60000	"intercept"	0.42927886
"0.0"	"0.0"	"0.1"	"0.01"	"0.005"	"0.01"	"100000"	"10000"	"200"	"6592371550293955246"	65000	"slope"	-0.399359785
"0.0"	"0.0"	"0.1"	"0.01"	"0.005"	"0.01"	"100000"	"10000"	"200"	"6592371550293955246"	65000	"intercept"	0.45934852
"0.0"	"0.0"	"0.1"	"0.01"	"0.005"	"0.01"	"100000"	"10000"	"200"	"6592371550293955246"	70000	"slope"	-0.396505835
"0.0"	"0.0"	"0.1"	"0.01"	"0.005"	"0.01"	"100000"	"10000"	"200"	"6592371550293955246"	70000	"intercept"	0.45233507
"0.0"	"0.0"	"0.1"	"0.01"	"0.005"	"0.01"	"100000"	"10000"	"200"	"6592371550293955246"	75000	"slope"	-0.34251819
"0.0"	"0.0"	"0.1"	"0.01"	"0.005"	"0.01"	"100000"	"10000"	"200"	"6592371550293955246"	75000	"intercept"	0.409851655
"0.0"	"0.0"	"0.1"	"0.01"	"0.005"	"0.01"	"100000"	"10000"	"200"	"6592371550293955246"	80000	"slope"	-0.3618831
"0.0"	"0.0"	"0.1"	"0.01"	"0.005"	"0.01"	"100000"	"10000"	"200"	"6592371550293955246"	80000	"intercept"	0.424768225
"0.0"	"0.0"	"0.1"	"0.01"	"0.005"	"0.01"	"100000"	"10000"	"200"	"6592371550293955246"	85000	"slope"	-0.37620677
"0.0"	"0.0"	"0.1"	"0.01"	"0.005"	"0.01"	"100000"	"10000"	"200"	"6592371550293955246"	85000	"intercept"	0.43723191
"0.0"	"0.0"	"0.1"	"0.01"	"0.005"	"0.01"	"100000"	"10000"	"200"	"6592371550293955246"	90000	"slope"	-0.36740834
"0.0"	"0.0"	"0.1"	"0.01"	"0.005"	"0.01"	"100000"	"10000"	"200"	"6592371550293955246"	90000	"intercept"	0.42844279
"0.0"	"0.0"	"0.1"	"0.01"	"0.005"	"0.01"	"100000"	"10000"	"200"	"6592371550293955246"	95000	"slope"	-0.342718135
"0.0"	"0.0"	"0.1"	"0.01"	"0.005"	"0.01"	"100000"	"10000"	"200"	"6592371550293955246"	95000	"intercept"	0.41267218
"0.0"	"0.0"	"0.1"	"0.01"	"0.005"	"0.01"	"100000"	"10000"	"200"	"6592371550293955246"	100000	"slope"	-0.355485885
"0.0"	"0.0"	"0.1"	"0.01"	"0.005"	"0.01"	"100000"	"10000"	"200"	"6592371550293955246"	100000	"intercept"	0.424580665
"0.0"	"0.0"	"0.1"	"0.01"	"0.005"	"0.01"	"100000"	"10000"	"200"	"7495987610793561473"	10	"slope"	-7.5793762e-05
"0.0"	"0.0"	"0.1"	"0.01"	"0.005"	"0.01"	"100000"	"10000"	"200"	"7495987610793561473"	10	"intercept"	0.500014185
"0.0"	"0.0"	"0.1"	"0.01"	"0.005"	"0.01"	"100000"	"10000"	"200"	"7495987610793561473"	5000	"slope"	-0.135697075
"0.0"	"0.0"	"0.1"	"0.01"	"0.005"	"0.01"	"100000"	"10000"	"200"	"7495987610793561473"	5000	"intercept"	0.281184645
"0.0"	"0.0"	"0.1"	"0.01"	"0.005"	"0.01"	"100000"	"10000"	"200"	"7495987610793561473"	10000	"slope"	-0.29022478
"0.0"	"0.0"	"0.1"	"0.01"	"0.005"	"0.01"	"100000"	"10000"	"200"	"7495987610793561473"	10000	"intercept"	0.37243743
"0.0"	"0.0"	"0.1"	"0.01"	"0.005"	"0.01"	"100000"	"10000"	"200"	"7495987610793561473"	15000	"slope"	-0.343900405
"0.0"	"0.0"	"0.1"	"0.01"	"0.005"	"0.01"	"100000"	"10000"	"200"	"7495987610793561473"	15000	"intercept"	0.40369855
"0.0"	"0.0"	"0.1"	"0.01"	"0.005"	"0.01"	"100000"	"10000"	"200"	"7495987610793561473"	20000	"slope"	-0.36341077
"0.0"	"0.0"	"0.1"	"0.01"	"0.005"	"0.01"	"100000"	"10000"	"200"	"7495987610793561473"	20000	"intercept"	0.42613533
"0.0"	"0.0"	"0.1"	"0.01"	"0.005"	"0.01"	"100000"	"10000"	"200"	"7495987610793561473"	25000	"slope"	-0.37819311
"0.0"	"0.0"	"0.1"	"0.01"	"0.005"	"0.01"	"100000"	"10000"	"200"	"7495987610793561473"	25000	"intercept"	0.44005382
"0.0"	"0.0"	"0.1"	"0.01"	"0.005"	"0.01"	"100000"	"10000"	"200"	"7495987610793561473"	30000	"slope"	-0.39993335
"0.0"	"0.0"	"0.1"	"0.01"	"0.005"	"0.01"	"100000"	"10000"	"200"	"7495987610793561473"	30000	"intercept"	0.45314565
"0.0"	"0.0"	"0.1"	"0.01"	"0.005"	"0.01"	"100000"	"10000"	"200"	"7495987610793561473"	35000	"slope"	-0.399902285
"0.0"	"0.0"	"0.1"	"0.01"	"0.005"	"0.01"	"100000"	"10000"	"200"	"7495987610793561473"	35000	"intercept"	0.458357455
"0.0"	"0.0"	"0.1"	"0.01"	"0.005"	"0.01"	"100000"	"10000"	"200"	"7495987610793561473"	40000	"slope"	-0.38122932
"0.0"	"0.0"	"0.1"	"0.01"	"0.005"	"0.01"	"100000"	"10000"	"200"	"7495987610793561473"	40000	"intercept"	0.440610735
"0.0"	"0.0"	"0.1"	"0.01"	"0.005"	"0.01"	"100000"	"10000"	"200"	"7495987610793561473"	45000	"slope"	-0.361923955
"0.0"	"0.0"	"0.1"	"0.01"	"0.005"	"0.01"	"100000"	"10000"	"200"	"7495987610793561473"	45000	"intercept"	0.42422625
"0.0"	"0.0"	"0.1"	"0.01"	"0.005"	"0.01"	"100000"	"10000"	"200"	"7495987610793561473"	50000	"slope"	-0.38517887
"0.0"	"0.0"	"0.1"	"0.01"	"0.005"	"0.01"	"100000"	"10000"	"200"	"7495987610793561473"	50000	"intercept"	0.443090475
"0.0"	"0.0"	"0.1"	"0.01"	"0.005"	"0.01"	"100000"	"10000"	"200"	"7495987610793561473"	55000	"slope"	-0.3936089
"0.0"	"0.0"	"0.1"	"0.01"	"0.005"	"0.01"	"100000"	"10000"	"200"	"7495987610793561473"	55000	"intercept"	0.453556105
"0.0"	"0.0"	"0.1"	"0.01"	"0.005"	"0.01"	"100000"	"10000"	"200"	"7495987610793561473"	60000	"slope"	-0.376144765
"0.0"	"0.0"	"0.1"	"0.01"	"0.005"	"0.01"	"100000"	"10000"	"200"	"7495987610793561473"	60000	"intercept"	0.43477471
"0.0"	"0.0"	"0.1"	"0.01"	"0.005"	"0.01"	"100000"	"10000"	"200"	"7495987610793561473"	65000	"slope"	-0.383862995
"0.0"	"0.0"	"0.1"	"0.01"	"0.005"	"0.01"	"100000"	"10000"	"200"	"7495987610793561473"	65000	"intercept"	0.44182352
"0.0"	"0.0"	"0.1"	"0.01"	"0.005"	"0.01"	"100000"	"10000"	"200"	"7495987610793561473"	70000	"slope"	-0.40902781
"0.0"	"0.0"	"0.1"	"0.01"	"0.005"	"0.01"	"100000"	"10000"	"200"	"7495987610793561473"	70000	"intercept"	0.463684915
"0.0"	"0.0"	"0.1"	"0.01"	"0.005"	"0.01"	"100000"	"10000"	"200"	"7495987610793561473"	75000	"slope"	-0.3934286
"0.0"	"0.0"	"0.1"	"0.01"	"0.005"	"0.01"	"100000"	"10000"	"200"	"7495987610793561473"	75000	"intercept"	0.452349705
"0.0"	"0.0"	"0.1"	"0.01"	"0.005"	"0.01"	"100000"	"10000"	"200"	"7495987610793561473"	80000	"slope"	-0.36981429
"0.0"	"0.0"	"0.1"	"0.01"	"0.005"	"0.01"	"100000"	"10000"	"200"	"7495987610793561473"	80000	"intercept"	0.435611155
"0.0"	"0.0"	"0.1"	"0.01"	"0.005"	"0.01"	"100000"	"10000"	"200"	"7495987610793561473"	85000	"slope"	-0.379543655
"0.0"	"0.0"	"0.1"	"0.01"	"0.005"	"0.01"	"100000"	"10000"	"200"	"7495987610793561473"	85000	"intercept"	0.43927026
"0.0"	"0.0"	"0.1"	"0.01"	"0.005"	"0.01"	"100000"	"10000"	"200"	"7495987610793561473"	90000	"slope"	-0.377172765
"0.0"	"0.0"	"0.1"	"0.01"	"0.005"	"0.01"	"100000"	"10000"	"200"	"7495987610793561473"	90000	"intercept"	0.439699175
"0.0"	"0.0"	"0.1"	"0.01"	"0.005"	"0.01"	"100000"	"10000"	"200"	"7495987610793561473"	95000	"slope"	-0.37498975
"0.0"	"0.0"	"0.1"	"0.01"	"0.005"	"0.01"	"100000"	"10000"	"200"	"7495987610793561473"	95000	"intercept"	0.438754575
"0.0"	"0.0"	"0.1"	"0.01"	"0.005"	"0.01"	"100000"	"10000"	"200"	"7495987610793561473"	100000	"slope"	-0.379449855
"0.0"	"0.0"	"0.1"	"0.01"	"0.005"	"0.01"	"100000"	"10000"	"200"	"7495987610793561473"	100000	"intercept"	0.44788479
"0.0"	"0.0"	"0.1"	"0.01"	"0.005"	"0.01"	"100000"	"10000"	"200"	"8681169657466358332"	10	"slope"	-3.1526455e-05
"0.0"	"0.0"	"0.1"	"0.01"	"0.005"	"0.01"	"100000"	"10000"	"200"	"8681169657466358332"	10	"intercept"	0.49988504
"0.0"	"0.0"	"0.1"	"0.01"	"0.005"	"0.01"	"100000"	"10000"	"200"	"8681169657466358332"	5000	"slope"	-0.2057341
"0.0"	"0.0"	"0.1"	"0.01"	"0.005"	"0.01"	"100000"	"10000"	"200"	"8681169657466358332"	5000	"intercept"	0.321636715
"0.0"	"0.0"	"0.1"	"0.01"	"0.005"	"0.01"	"100000"	"10000"	"200"	"8681169657466358332"	10000	"slope"	-0.31660344
"0.0"	"0.0"	"0.1"	"0.01"	"0.005"	"0.01"	"100000"	"10000"	"200"	"8681169657466358332"	10000	"intercept"	0.393064755
"0.0"	"0.0"	"0.1"	"0.01"	"0.005"	"0.01"	"100000"	"10000"	"200"	"8681169657466358332"	15000	"slope"	-0.364281595
"0.0"	"0.0"	"0.1"	"0.01"	"0.005"	"0.01"	"100000"	"10000"	"200"	"8681169657466358332"	15000	"intercept"	0.429535795
"0.0"	"0.0"	"0.1"	"0.01"	"0.005"	"0.01"	"100000"	"10000"	"200"	"8681169657466358332"	20000	"slope"	-0.401161965
"0.0"	"0.0"	"0.1"	"0.01"	"0.005"	"0.01"	"100000"	"10000"	"200"	"8681169657466358332"	20000	"intercept"	0.460930685
"0.0"	"0.0"	"0.1"	"0.01"	"0.005"	"0.01"	"100000"	"10000"	"200"	"8681169657466358332"	25000	"slope"	-0.3885676
"0.0"	"0.0"	"0.1"	"0.01"	"0.005"	"0.01"	"100000"	"10000"	"200"	"8681169657466358332"	25000	"intercept"	0.444000355
"0.0"	"0.0"	"0.1"	"0.01"	"0.005"	"0.01"	"100000"	"10000"	"200"	"8681169657466358332"	30000	"slope"	-0.378772615
"0.0"	"0.0"	"0.1"	"0.01"	"0.005"	"0.01"	"100000"	"10000"	"200"	"8681169657466358332"	30000	"intercept"	0.430743335
"0.0"	"0.0"	"0.1"	"0.01"	"0.005"	"0.01"	"100000"	"10000"	"200"	"8681169657466358332"	35000	"slope"	-0.362821775
"0.0"	"0.0"	"0.1"	"0.01"	"0.005"	"0.01"	"100000"	"10000"	"200"	"8681169657466358332"	35000	"intercept"	0.43327036
"0.0"	"0.0"	"0.1"	"0.01"	"0.005"	"0.01"	"100000"	"10000"	"200"	"8681169657466358332"	40000	"slope"	-0.367358295
"0.0"	"0.0"	"0.1"	"0.01"	"0.005"	"0.01"	"100000"	"10000"	"200"	"8681169657466358332"	40000	"intercept"	0.438229665
"0.0"	"0.0"	"0.1"	"0.01"	"0.005"	"0.01"	"100000"	"10000"	"200"	"8681169657466358332"	45000	"slope"	-0.36671419
"0.0"	"0.0"	"0.1"	"0.01"	"0.005"	"0.01"	"100000"	"10000"	"200"	"8681169657466358332"	45000	"intercept"	0.431284935
"0.0"	"0.0"	"0.1"	"0.01"	"0.005"	"0.01"	"100000"	"10000"	"200"	"8681169657466358332"	50000	"slope"	-0.373613365
"0.0"	"0.0"	"0.1"	"0.01"	"0.005"	"0.01"	"100000"	"10000"	"200"	"8681169657466358332"	50000	"intercept"	0.43390622
"0.0"	"0.0"	"0.1"	"0.01"	"0.005"	"0.01"	"100000"	"10000"	"200"	"8681169657466358332"	55000	"slope"	-0.396436885
"0.0"	"0.0"	"0.1"	"0.01"	"0.005"	"0.01"	"100000"	"10000"	"200"	"8681169657466358332"	55000	"intercept"	0.45337107
"0.0"	"0.0"	"0.1"	"0.01"	"0.005"	"0.01"	"100000"	"10000"	"200"	"8681169657466358332"	60000	"slope"	-0.382487565
"0.0"	"0.0"	"0.1"	"0.01"	"0.005"	"0.01"	"100000"	"10000"	"200"	"8681169657466358332"	60000	"intercept"	0.44657998
"0.0"	"0.0"	"0.1"	"0.01"	"0.005"	"0.01"	"100000"	"10000"	"200"	"8681169657466358332"	65000	"slope"	-0.38525262
"0.0"	"0.0"	"0.1"	"0.01"	"0.005"	"0.01"	"100000"	"10000"	"200"	"8681169657466358332"	65000	"intercept"	0.44055368
"0.0"	"0.0"	"0.1"	"0.01"	"0.005"	"0.01"	"100000"	"10000"	"200"	"8681169657466358332"	70000	"slope"	-0.415574635
"0.0"	"0.0"	"0.1"	"0.01"	"0.005"	"0.01"	"100000"	"10000"	"200"	"8681169657466358332"	70000	"intercept"	0.47119084
"0.0"	"0.0"	"0.1"	"0.01"	"0.005"	"0.01"	"100000"	"10000"	"200"	"8681169657466358332"	75000	"slope"	-0.396580875
"0.0"	"0.0"	"0.1"	"0.01"	"0.005"	"0.01"	"100000"	"10000"	"200"	"8681169657466358332"	75000	"intercept"	0.450059245
"0.0"	"0.0"	"0.1"	"0.01"	"0.005"	"0.01"	"100000"	"10000"	"200"	"8681169657466358332"	80000	"slope"	-0.35423348
"0.0"	"0.0"	"0.1"	"0.01"	"0.005"	"0.01"	"100000"	"10000"	"200"	"8681169657466358332"	80000	"intercept"	0.4244671
"0.0"	"0.0"	"0.1"	"0.01"	"0.005"	"0.01"	"100000"	"10000"	"200"	"8681169657466358332"	85000	"slope"	-0.374304175
"0.0"	"0.0"	"0.1"	"0.01"	"0.005"	"0.01"	"100000"	"10000"	"200"	"8681169657466358332"	85000	"intercept"	0.440503515
"0.0"	"0.0"	"0.1"	"0.01"	"0.005"	"0.01"	"100000"	"10000"	"200"	"8681169657466358332"	90000	"slope"	-0.34995336
"0.0"	"0.0"	"0.1"	"0.01"	"0.005"	"0.01"	"100000"	"10000"	"200"	"8681169657466358332"	90000	"intercept"	0.420570405
"0.0"	"0.0"	"0.1"	"0.01"	"0.005"	"0.01"	"100000"	"10000"	"200"	"8681169657466358332"	95000	"slope"	-0.38732634
"0.0"	"0.0"	"0.1"	"0.01"	"0.005"	"0.01"	"100000"	"10000"	"200"	"8681169657466358332"	95000	"intercept"	0.44926755
"0.0"	"0.0"	"0.1"	"0.01"	"0.005"	"0.01"	"100000"	"10000"	"200"	"8681169657466358332"	100000	"slope"	-0.388497645
"0.0"	"0.0"	"0.1"	"0.01"	"0.005"	"0.01"	"100000"	"10000"	"200"	"8681169657466358332"	100000	"intercept"	0.446740045
"0.0"	"0.2"	"0.1"	"0.01"	"0.005"	"0.01"	"100000"	"10000"	"200"	"2406211570807688935"	10	"slope"	-0.00018433265
"0.0"	"0.2"	"0.1"	"0.01"	"0.005"	"0.01"	"100000"	"10000"	"200"	"2406211570807688935"	10	"intercept"	0.50011079
"0.0"	"0.2"	"0.1"	"0.01"	"0.005"	"0.01"	"100000"	"10000"	"200"	"2406211570807688935"	5000	"slope"	-0.2652426
"0.0"	"0.2"	"0.1"	"0.01"	"0.005"	"0.01"	"100000"	"10000"	"200"	"2406211570807688935"	5000	"intercept"	0.36063274
"0.0"	"0.2"	"0.1"	"0.01"	"0.005"	"0.01"	"100000"	"10000"	"200"	"2406211570807688935"	10000	"slope"	-0.307533575
"0.0"	"0.2"	"0.1"	"0.01"	"0.005"	"0.01"	"100000"	"10000"	"200"	"2406211570807688935"	10000	"intercept"	0.38945268
"0.0"	"0.2"	"0.1"	"0.01"	"0.005"	"0.01"	"100000"	"10000"	"200"	"2406211570807688935"	15000	"slope"	-0.33952309
"0.0"	"0.2"	"0.1"	"0.01"	"0.005"	"0.01"	"100000"	"10000"	"200"	"2406211570807688935"	15000	"intercept"	0.40981991
"0.0"	"0.2"	"0.1"	"0.01"	"0.005"	"0.01"	"100000"	"10000"	"200"	"2406211570807688935"	20000	"slope"	-0.38940733
"0.0"	"0.2"	"0.1"	"0.01"	"0.005"	"0.01"	"100000"	"10000"	"200"	"2406211570807688935"	20000	"intercept"	0.444439845
"0.0"	"0.2"	"0.1"	"0.01"	"0.005"	"0.01"	"100000"	"10000"	"200"	"2406211570807688935"	25000	"slope"	-0.376453485
"0.0"	"0.2"	"0.1"	"0.01"	"0.005"	"0.01"	"100000"	"10000"	"200"	"2406211570807688935"	25000	"intercept"	0.436693055
"0.0"	"0.2"	"0.1"	"0.01"	"0.005"	"0.01"	"100000"	"10000"	"200"	"2406211570807688935"	30000	"slope"	-0.4022249
"0.0"	"0.2"	"0.1"	"0.01"	"0.005"	"0.01"	"100000"	"10000"	"200"	"2406211570807688935"	30000	"intercept"	0.45738192
"0.0"	"0.2"	"0.1"	"0.01"	"0.005"	"0.01"	"100000"	"10000"	"200"	"2406211570807688935"	35000	"slope"	-0.390036735
"0.0"	"0.2"	"0.1"	"0.01"	"0.005"	"0.01"	"100000"	"10000"	"200"	"2406211570807688935"	35000	"intercept"	0.454046665
"0.0"	"0.2"	"0.1"	"0.01"	"0.005"	"0.01"	"100000"	"10000"	"200"	"2406211570807688935"	40000	"slope"	-0.384453365
"0.0"	"0.2"	"0.1"	"0.01"	"0.005"	"0.01"	"100000"	"10000"	"200"	"2406211570807688935"	40000	"intercept"	0.44682124
"0.0"	"0.2"	"0.1"	"0.01"	"0.005"	"0.01"	"100000"	"10000"	"200"	"2406211570807688935"	45000	"slope"	-0.3854371
"0.0"	"0.2"	"0.1"	"0.01"	"0.005"	"0.01"	"100000"	"10000"	"200"	"2406211570807688935"	45000	"intercept"	0.44571866
"0.0"	"0.2"	"0.1"	"0.01"	"0.005"	"0.01"	"100000"	"10000"	"200"	"2406211570807688935"	50000	"slope"	-0.37544295
"0.0"	"0.2"	"0.1"	"0.01"	"0.005"	"0.01"	"100000"	"10000"	"200"	"2406211570807688935"	50000	"intercept"	0.43728614
"0.0"	"0.2"	"0.1"	"0.01"	"0.005"	"0.01"	"100000"	"10000"	"200"	"2406211570807688935"	55000	"slope"	-0.399417455
"0.0"	"0.2"	"0.1"	"0.01"	"0.005"	"0.01"	"100000"	"10000"	"200"	"2406211570807688935"	55000	"intercept"	0.452411295
"0.0"	"0.2"	"0.1"	"0.01"	"0.005"	"0.01"	"100000"	"10000"	"200"	"2406211570807688935"	60000	"slope"	-0.400275
"0.0"	"0.2"	"0.1"	"0.01"	"0.005"	"0.01"	"100000"	"10000"	"200"	"2406211570807688935"	60000	"intercept"	0.457910145
"0.0"	"0.2"	"0.1"	"0.01"	"0.005"	"0.01"	"100000"	"10000"	"200"	"2406211570807688935"	65000	"slope"	-0.416185525
"0.0"	"0.2"	"0.1"	"0.01"	"0.005"	"0.01"	"100000"	"10000"	"200"	"2406211570807688935"	65000	"intercept"	0.471316945
"0.0"	"0.2"	"0.1"	"0.01"	"0.005"	"0.01"	"100000"	"10000"	"200"	"2406211570807688935"	70000	"slope"	-0.384663515
"0.0"	"0.2"	"0.1"	"0.01"	"0.005"	"0.01"	"100000"	"10000"	"200"	"2406211570807688935"	70000	"intercept"	0.44581937
"0.0"	"0.2"	"0.1"	"0.01"	"0.005"	"0.01"	"100000"	"10000"	"200"	"2406211570807688935"	75000	"slope"	-0.36091195
"0.0"	"0.2"	"0.1"	"0.01"	"0.005"	"0.01"	"100000"	"10000"	"200"	"2406211570807688935"	75000	"intercept"	0.42942805
"0.0"	"0.2"	"0.1"	"0.01"	"0.005"	"0.01"	"100000"	"10000"	"200"	"2406211570807688935"	80000	"slope"	-0.35739014
"0.0"	"0.2"	"0.1"	"0.01"	"0.005"	"0.01"	"100000"	"10000"	"200"	"2406211570807688935"	80000	"intercept"	0.42464338
"0.0"	"0.2"	"0.1"	"0.01"	"0.005"	"0.01"	"100000"	"10000"	"200"	"2406211570807688935"	85000	"slope"	-0.372763575
"0.0"	"0.2"	"0.1"	"0.01"	"0.005"	"0.01"	"100000"	"10000"	"200"	"2406211570807688935"	85000	"intercept"	0.434723365
"0.0"	"0.2"	"0.1"	"0.01"	"0.005"	"0.01"	"100000"	"10000"	"200"	"2406211570807688935"	90000	"slope"	-0.379639575
"0.0"	"0.2"	"0.1"	"0.01"	"0.005"	"0.01"	"100000"	"10000"	"200"	"2406211570807688935"	90000	"intercept"	0.439718135
"0.0"	"0.2"	"0.1"	"0.01"	"0.005"	"0.01"	"100000"	"10000"	"200"	"2406211570807688935"	95000	"slope"	-0.378396635
"0.0"	"0.2"	"0.1"	"0.01"	"0.005"	"0.01"	"100000"	"10000"	"200"	"2406211570807688935"	95000	"intercept"	0.44116859
"0.0"	"0.2"	"0.1"	"0.01"	"0.005"	"0.01"	"100000"	"10000"	"200"	"2406211570807688935"	100000	"slope"	-0.372822025
"0.0"	"0.2"	"0.1"	"0.01"	"0.005"	"0.01"	"100000"	"10000"	"200"	"2406211570807688935"	100000	"intercept"	0.441383155
"0.0"	"0.2"	"0.1"	"0.01"	"0.005"	"0.01"	"100000"	"10000"	"200"	"5074271398028058106"	10	"slope"	8.3108e-06
"0.0"	"0.2"	"0.1"	"0.01"	"0.005"	"0.01"	"100000"	"10000"	"200"	"5074271398028058106"	10	"intercept"	0.500129765
"0.0"	"0.2"	"0.1"	"0.01"	"0.005"	"0.01"	"100000"	"10000"	"200"	"5074271398028058106"	5000	"slope"	-0.229913455
"0.0"	"0.2"	"0.1"	"0.01"	"0.005"	"0.01"	"100000"	"10000"	"200"	"5074271398028058106"	5000	"intercept"	0.34349363
"0.0"	"0.2"	"0.1"	"0.01"	"0.005"	"0.01"	"100000"	"10000"	"200"	"5074271398028058106"	10000	"slope"	-0.32691929
"0.0"	"0.2"	"0.1"	"0.01"	"0.005"	"0.01"	"100000"	"10000"	"200"	"5074271398028058106"	10000	"intercept"	0.40201799
"0.0"	"0.2"	"0.1"	"0.01"	"0.005"	"0.01"	"100000"	"10000"	"200"	"5074271398028058106"	15000	"slope"	-0.349493755
"0.0"	"0.2"	"0.1"	"0.01"	"0.005"	"0.01"	"100000"	"10000"	"200"	"5074271398028058106"	15000	"intercept"	0.4173969
"0.0"	"0.2"	"0.1"	"0.01"	"0.005"	"0.01"	"100000"	"10000"	"200"	"5074271398028058106"	20000	"slope"	-0.354887805
"0.0"	"0.2"	"0.1"	"0.01"	"0.005"	"0.01"	"100000"	"10000"	"200"	"5074271398028058106"	20000	"intercept"	0.42076726
"0.0"	"0.2"	"0.1"	"0.01"	"0.005"	"0.01"	"100000"	"10000"	"200"	"5074271398028058106"	25000	"slope"	-0.366643755
"0.0"	"0.2"	"0.1"	"0.01"	"0.005"	"0.01"	"100000"	"10000"	"200"	"5074271398028058106"	25000	"intercept"	0.430507565
"0.0"	"0.2"	"0.1"	"0.01"	"0.005"	"0.01"	"100000"	"10000"	"200"	"5074271398028058106"	30000	"slope"	-0.380458245
"0.0"	"0.2"	"0.1"	"0.01"	"0.005"	"0.01"	"100000"	"10000"	"200"	"5074271398028058106"	30000	"intercept"	0.442397825
"0.0"	"0.2"	"0.1"	"0.01"	"0.005"	"0.01"	"100000"	"10000"	"200"	"5074271398028058106"	35000	"slope"	-0.36515596
"0.0"	"0.2"	"0.1"	"0.01"	"0.005"	"0.01"	"100000"	"10000"	"200"	"5074271398028058106"	35000	"intercept"	0.429632695
"0.0"	"0.2"	"0.1"	"0.01"	"0.005"	"0.01"	"100000"	"10000"	"200"	"5074271398028058106"	40000	"slope"	-0.36797305
"0.0"	"0.2"	"0.1"	"0.01"	"0.005"	"0.01"	"100000"	"10000"	"200"	"5074271398028058106"	40000	"intercept"	0.432009405
"0.0"	"0.2"	"0.1"	"0.01"	"0.005"	"0.01"	"100000"	"10000"	"200"	"5074271398028058106"	45000	"slope"	-0.38039248
"0.0"	"0.2"	"0.1"	"0.01"	"0.005"	"0.01"	"100000"	"10000"	"200"	"5074271398028058106"	45000	"intercept"	0.438767765
"0.0"	"0.2"	"0.1"	"0.01"	"0.005"	"0.01"	"100000"	"10000"	"200"	"5074271398028058106"	50000	"slope"	-0.384038945
"0.0"	"0.2"	"0.1"	"0.01"	"0.005"	"0.01"	"100000"	"10000"	"200"	"5074271398028058106"	50000	"intercept"	0.444181575
"0.0"	"0.2"	"0.1"	"0.01"	"0.005"	"0.01"	"100000"	"10000"	"200"	"5074271398028058106"	55000	"slope"	-0.38323165
"0.0"	"0.2"	"0.1"	"0.01"	"0.005"	"0.01"	"100000"	"10000"	"200"	"5074271398028058106"	55000	"intercept"	0.444094455
"0.0"	"0.2"	"0.1"	"0.01"	"0.005"	"0.01"	"100000"	"10000"	"200"	"5074271398028058106"	60000	"slope"	-0.382237825
"0.0"	"0.2"	"0.1"	"0.01"	"0.005"	"0.01"	"100000"	"10000"	"200"	"5074271398028058106"	60000	"intercept"	0.44387415
"0.0"	"0.2"	"0.1"	"0.01"	"0.005"	"0.01"	"100000"	"10000"	"200"	"5074271398028058106"	65000	"slope"	-0.37321512
"0.0"	"0.2"	"0.1"	"0.01"	"0.005"	"0.01"	"100000"	"10000"	"200"	"5074271398028058106"	65000	"intercept"	0.43119295
"0.0"	"0.2"	"0.1"	"0.01"	"0.005"	"0.01"	"100000"	"10000"	"200"	"5074271398028058106"	70000	"slope"	-0.351104525
"0.0"	"0.2"	"0.1"	"0.01"	"0.005"	"0.01"	"100000"	"10000"	"200"	"5074271398028058106"	70000	"intercept"	0.4223417
"0.0"	"0.2"	"0.1"	"0.01"	"0.005"	"0.01"	"100000"	"10000"	"200"	"5074271398028058106"	75000	"slope"	-0.37162948
"0.0"	"0.2"	"0.1"	"0.01"	"0.005"	"0.01"	"100000"	"10000"	"200"	"5074271398028058106"	75000	"intercept"	0.42824281
"0.0"	"0.2"	"0.1"	"0.01"	"0.005"	"0.01"	"100000"	"10000"	"200"	"5074271398028058106"	80000	"slope"	-0.375161945
"0.0"	"0.2"	"0.1"	"0.01"	"0.005"	"0.01"	"100000"	"10000"	"200"	"5074271398028058106"	80000	"intercept"	0.43354547
"0.0"	"0.2"	"0.1"	"0.01"	"0.005"	"0.01"	"100000"	"10000"	"200"	"5074271398028058106"	85000	"slope"	-0.393618765
"0.0"	"0.2"	"0.1"	"0.01"	"0.005"	"0.01"	"100000"	"10000"	"200"	"5074271398028058106"	85000	"intercept"	0.453982735
"0.0"	"0.2"	"0.1"	"0.01"	"0.005"	"0.01"	"100000"	"10000"	"200"	"5074271398028058106"	90000	"slope"	-0.392062085
"0.0"	"0.2"	"0.1"	"0.01"	"0.005"	"0.01"	"100000"	"10000"	"200"	"5074271398028058106"	90000	"intercept"	0.44949913
"0.0"	"0.2"	"0.1"	"0.01"	"0.005"	"0.01"	"100000"	"10000"	"200"	"5074271398028058106"	95000	"slope"	-0.411404395
"0.0"	"0.2"	"0.1"	"0.01"	"0.005"	"0.01"	"100000"	"10000"	"200"	"5074271398028058106"	95000	"intercept"	0.464563905
"0.0"	"0.2"	"0.1"	"0.01"	"0.005"	"0.01"	"100000"	"10000"	"200"	"5074271398028058106"	100000	"slope"	-0.38270994
"0.0"	"0.2"	"0.1"	"0.01"	"0.005"	"0.01"	"100000"	"10000"	"200"	"5074271398028058106"	100000	"intercept"	0.44169875
"0.0"	"0.2"	"0.1"	"0.01"	"0.005"	"0.01"	"100000"	"10000"	"200"	"5661954116350053222"	10	"slope"	9.24844e-05
"0.0"	"0.2"	"0.1"	"0.01"	"0.005"	"0.01"	"100000"	"10000"	"200"	"5661954116350053222"	10	"intercept"	0.49996363
"0.0"	"0.2"	"0.1"	"0.01"	"0.005"	"0.01"	"100000"	"10000"	"200"	"5661954116350053222"	5000	"slope"	-0.18432516
"0.0"	"0.2"	"0.1"	"0.01"	"0.005"	"0.01"	"100000"	"10000"	"200"	"5661954116350053222"	5000	"intercept"	0.305634565
"0.0"	"0.2"	"0.1"	"0.01"	"0.005"	"0.01"	"100000"	"10000"	"200"	"5661954116350053222"	10000	"slope"	-0.27102392
"0.0"	"0.2"	"0.1"	"0.01"	"0.005"	"0.01"	"100000"	"10000"	"200"	"5661954116350053222"	10000	"intercept"	0.365470135
"0.0"	"0.2"	"0.1"	"0.01"	"0.005"	"0.01"	"100000"	"10000"	"200"	"5661954116350053222"	15000	"slope"	-0.351679895
"0.0"	"0.2"	"0.1"	"0.01"	"0.005"	"0.01"	"100000"	"10000"	"200"	"5661954116350053222"	15000	"intercept"	0.419675375
"0.0"	"0.2"	"0.1"	"0.01"	"0.005"	"0.01"	"100000"	"10000"	"200"	"5661954116350053222"	20000	"slope"	-0.381052925
"0.0"	"0.2"	"0.1"	"0.01"	"0.005"	"0.01"	"100000"	"10000"	"200"	"5661954116350053222"	20000	"intercept"	0.440895645
"0.0"	"0.2"	"0.1"	"0.01"	"0.005"	"0.01"	"100000"	"10000"	"200"	"5661954116350053222"	25000	"slope"	-0.360511865
"0.0"	"0.2"	"0.1"	"0.01"	"0.005"	"0.01"	"100000"	"10000"	"200"	"5661954116350053222"	25000	"intercept"	0.422022245
"0.0"	"0.2"	"0.1"	"0.01"	"0.005"	"0.01"	"100000"	"10000"	"200"	"5661954116350053222"	30000	"slope"	-0.35930975
"0.0"	"0.2"	"0.1"	"0.01"	"0.005"	"0.01"	"100000"	"10000"	"200"	"5661954116350053222"	30000	"intercept"	0.419147
"0.0"	"0.2"	"0.1"	"0.01"	"0.005"	"0.01"	"100000"	"10000"	"200"	"5661954116350053222"	35000	"slope"	-0.355642875
"0.0"	"0.2"	"0.1"	"0.01"	"0.005"	"0.01"	"100000"	"10000"	"200"	"5661954116350053222"	35000	"intercept"	0.419669605
"0.0"	"0.2"	"0.1"	"0.01"	"0.005"	"0.01"	"100000"	"10000"	"200"	"5661954116350053222"	40000	"slope"	-0.363403445
"0.0"	"0.2"	"0.1"	"0.01"	"0.005"	"0.01"	"100000"	"10000"	"200"	"5661954116350053222"	40000	"intercept"	0.428723705
"0.0"	"0.2"	"0.1"	"0.01"	"0.005"	"0.01"	"100000"	"10000"	"200"	"5661954116350053222"	45000	"slope"	-0.37801598
"0.0"	"0.2"	"0.1"	"0.01"	"0.005"	"0.01"	"100000"	"10000"	"200"	"5661954116350053222"	45000	"intercept"	0.44217823
"0.0"	"0.2"	"0.1"	"0.01"	"0.005"	"0.01"	"100000"	"10000"	"200"	"5661954116350053222"	50000	"slope"	-0.369781975
"0.0"	"0.2"	"0.1"	"0.01"	"0.005"	"0.01"	"100000"	"10000"	"200"	"5661954116350053222"	50000	"intercept"	0.430234345
"0.0"	"0.2"	"0.1"	"0.01"	"0.005"	"0.01"	"100000"	"10000"	"200"	"5661954116350053222"	55000	"slope"	-0.380068305
"0.0"	"0.2"	"0.1"	"0.01"	"0.005"	"0.01"	"100000"	"10000"	"200"	"5661954116350053222"	55000	"intercept"	0.440357415
"0.0"	"0.2"	"0.1"	"0.01"	"0.005"	"0.01"	"100000"	"10000"	"200"	"5661954116350053222"	60000	"slope"	-0.36909157
"0.0"	"0.2"	"0.1"	"0.01"	"0.005"	"0.01"	"100000"	"10000"	"200"	"5661954116350053222"	60000	"intercept"	0.4335427
"0.0"	"0.2"	"0.1"	"0.01"	"0.005"	"0.01"	"100000"	"10000"	"200"	"5661954116350053222"	65000	"slope"	-0.386571465
"0.0"	"0.2"	"0.1"	"0.01"	"0.005"	"0.01"	"100000"	"10000"	"200"	"5661954116350053222"	65000	"intercept"	0.444056125
"0.0"	"0.2"	"0.1"	"0.01"	"0.005"	"0.01"	"100000"	"10000"	"200"	"5661954116350053222"	70000	"slope"	-0.38116655
"0.0"	"0.2"	"0.1"	"0.01"	"0.005"	"0.01"	"100000"	"10000"	"200"	"5661954116350053222"	70000	"intercept"	0.437126975
"0.0"	"0.2"	"0.1"	"0.01"	"0.005"	"0.01"	"100000"	"10000"	"200"	"5661954116350053222"	75000	"slope"	-0.365946945
"0.0"	"0.2"	"0.1"	"0.01"	"0.005"	"0.01"	"100000"	"10000"	"200"	"5661954116350053222"	75000	"intercept"	0.428235775
"0.0"	"0.2"	"0.1"	"0.01"	"0.005"	"0.01"	"100000"	"10000"	"200"	"5661954116350053222"	80000	"slope"	-0.3912799
"0.0"	"0.2"	"0.1"	"0.01"	"0.005"	"0.01"	"100000"	"10000"	"200"	"5661954116350053222"	80000	"intercept"	0.44688295
"0.0"	"0.2"	"0.1"	"0.01"	"0.005"	"0.01"	"100000"	"10000"	"200"	"5661954116350053222"	85000	"slope"	-0.38846528
"0.0"	"0.2"	"0.1"	"0.01"	"0.005"	"0.01"	"100000"	"10000"	"200"	"5661954116350053222"	85000	"intercept"	0.445387995
"0.0"	"0.2"	"0.1"	"0.01"	"0.005"	"0.01"	"100000"	"10000"	"200"	"5661954116350053222"	90000	"slope"	-0.37908855
"0.0"	"0.2"	"0.1"	"0.01"	"0.005"	"0.01"	"100000"	"10000"	"200"	"5661954116350053222"	90000	"intercept"	0.439613805
"0.0"	"0.2"	"0.1"	"0.01"	"0.005"	"0.01"	"100000"	"10000"	"200"	"5661954116350053222"	95000	"slope"	-0.38985178
"0.0"	"0.2"	"0.1"	"0.01"	"0.005"	"0.01"	"100000"	"10000"	"200"	"5661954116350053222"	95000	"intercept"	0.45134629
"0.0"	"0.2"	"0.1"	"0.01"	"0.005"	"0.01"	"100000"	"10000"	"200"	"5661954116350053222"	100000	"slope"	-0.37725526
"0.0"	"0.2"	"0.1"	"0.01"	"0.005"	"0.01"	"100000"	"10000"	"200"	"5661954116350053222"	100000	"intercept"	0.436200615
"0.0"	"0.2"	"0.1"	"0.01"	"0.005"	"0.01"	"100000"	"10000"	"200"	"6372828060411194479"	10	"slope"	0.00015015351
"0.0"	"0.2"	"0.1"	"0.01"	"0.005"	"0.01"	"100000"	"10000"	"200"	"6372828060411194479"	10	"intercept"	0.500001485
"0.0"	"0.2"	"0.1"	"0.01"	"0.005"	"0.01"	"100000"	"10000"	"200"	"6372828060411194479"	5000	"slope"	-0.22953707
"0.0"	"0.2"	"0.1"	"0.01"	"0.005"	"0.01"	"100000"	"10000"	"200"	"6372828060411194479"	5000	"intercept"	0.33055363
"0.0"	"0.2"	"0.1"	"0.01"	"0.005"	"0.01"	"100000"	"10000"	"200"	"6372828060411194479"	10000	"slope"	-0.286667025
"0.0"	"0.2"	"0.1"	"0.01"	"0.005"	"0.01"	"100000"	"10000"	"200"	"6372828060411194479"	10000	"intercept"	0.37449905
"0.0"	"0.2"	"0.1"	"0.01"	"0.005"	"0.01"	"100000"	"10000"	"200"	"6372828060411194479"	15000	"slope"	-0.32846379
"0.0"	"0.2"	"0.1"	"0.01"	"0.005"	"0.01"	"100000"	"10000"	"200"	"6372828060411194479"	15000	"intercept"	0.399810255
"0.0"	"0.2"	"0.1"	"0.01"	"0.005"	"0.01"	"100000"	"10000"	"200"	"6372828060411194479"	20000	"slope"	-0.379493555
"0.0"	"0.2"	"0.1"	"0.01"	"0.005"	"0.01"	"100000"	"10000"	"200"	"6372828060411194479"	20000	"intercept"	0.442174775
"0.0"	"0.2"	"0.1"	"0.01"	"0.005"	"0.01"	"100000"	"10000"	"200"	"6372828060411194479"	25000	"slope"	-0.378560055
"0.0"	"0.2"	"0.1"	"0.01"	"0.005"	"0.01"	"100000"	"10000"	"200"	"6372828060411194479"	25000	"intercept"	0.44274695
"0.0"	"0.2"	"0.1"	"0.01"	"0.005"	"0.01"	"100000"	"10000"	"200"	"6372828060411194479"	30000	"slope"	-0.36032029
"0.0"	"0.2"	"0.1"	"0.01"	"0.005"	"0.01"	"100000"	"10000"	"200"	"6372828060411194479"	30000	"intercept"	0.428219075
"0.0"	"0.2"	"0.1"	"0.01"	"0.005"	"0.01"	"100000"	"10000"	"200"	"6372828060411194479"	35000	"slope"	-0.36609675
"0.0"	"0.2"	"0.1"	"0.01"	"0.005"	"0.01"	"100000"	"10000"	"200"	"6372828060411194479"	35000	"intercept"	0.42825578
"0.0"	"0.2"	"0.1"	"0.01"	"0.005"	"0.01"	"100000"	"10000"	"200"	"6372828060411194479"	40000	"slope"	-0.389842045
"0.0"	"0.2"	"0.1"	"0.01"	"0.005"	"0.01"	"100000"	"10000"	"200"	"6372828060411194479"	40000	"intercept"	0.442156075
"0.0"	"0.2"	"0.1"	"0.01"	"0.005"	"0.01"	"100000"	"10000"	"200"	"6372828060411194479"	45000	"slope"	-0.394259655
"0.0"	"0.2"	"0.1"	"0.01"	"0.005"	"0.01"	"100000"	"10000"	"200"	"6372828060411194479"	45000	"intercept"	0.45415114
"0.0"	"0.2"	"0.1"	"0.01"	"0.005"	"0.01"	"100000"	"10000"	"200"	"6372828060411194479"	50000	"slope"	-0.383339595
"0.0"	"0.2"	"0.1"	"0.01"	"0.005"	"0.01"	"100000"	"10000"	"200"	"6372828060411194479"	50000	"intercept"	0.442825075
"0.0"	"0.2"	"0.1"	"0.01"	"0.005"	"0.01"	"100000"	"10000"	"200"	"6372828060411194479"	55000	"slope"	-0.37610458
"0.0"	"0.2"	"0.1"	"0.01"	"0.005"	"0.01"	"100000"	"10000"	"200"	"6372828060411194479"	55000	"intercept"	0.43703179
"0.0"	"0.2"	"0.1"	"0.01"	"0.005"	"0.01"	"100000"	"10000"	"200"	"6372828060411194479"	60000	"slope"	-0.3716789
"0.0"	"0.2"	"0.1"	"0.01"	"0.005"	"0.01"	"100000"	"10000"	"200"	"6372828060411194479"	60000	"intercept"	0.4336718
"0.0"	"0.2"	"0.1"	"0.01"	"0.005"	"0.01"	"100000"	"10000"	"200"	"6372828060411194479"	65000	"slope"	-0.3583828
"0.0"	"0.2"	"0.1"	"0.01"	"0.005"	"0.01"	"100000"	"10000"	"200"	"6372828060411194479"	65000	"intercept"	0.421742505
"0.0"	"0.2"	"0.1"	"0.01"	"0.005"	"0.01"	"100000"	"10000"	"200"	"6372828060411194479"	70000	"slope"	-0.35333302
"0.0"	"0.2"	"0.1"	"0.01"	"0.005"	"0.01"	"100000"	"10000"	"200"	"6372828060411194479"	70000	"intercept"	0.41662396
"0.0"	"0.2"	"0.1"	"0.01"	"0.005"	"0.01"	"100000"	"10000"	"200"	"6372828060411194479"	75000	"slope"	-0.397205915
"0.0"	"0.2"	"0.1"	"0.01"	"0.005"	"0.01"	"100000"	"10000"	"200"	"6372828060411194479"	75000	"intercept"	0.451963565
"0.0"	"0.2"	"0.1"	"0.01"	"0.005"	"0.01"	"100000"	"10000"	"200"	"6372828060411194479"	80000	"slope"	-0.39519707
"0.0"	"0.2"	"0.1"	"0.01"	"0.005"	"0.01"	"100000"	"10000"	"200"	"6372828060411194479"	80000	"intercept"	0.450230185
"0.0"	"0.2"	"0.1"	"0.01"	"0.005"	"0.01"	"100000"	"10000"	"200"	"6372828060411194479"	85000	"slope"	-0.39856336
"0.0"	"0.2"	"0.1"	"0.01"	"0.005"	"0.01"	"100000"	"10000"	"200"	"6372828060411194479"	85000	"intercept"	0.45589403
"0.0"	"0.2"	"0.1"	"0.01"	"0.005"	"0.01"	"100000"	"10000"	"200"	"6372828060411194479"	90000	"slope"	-0.37927557
"0.0"	"0.2"	"0.1"	"0.01"	"0.005"	"0.01"	"100000"	"10000"	"200"	"6372828060411194479"	90000	"intercept"	0.435742395
"0.0"	"0.2"	"0.1"	"0.01"	"0.005"	"0.01"	"100000"	"10000"	"200"	"6372828060411194479"	95000	"slope"	-0.37728773
"0.0"	"0.2"	"0.1"	"0.01"	"0.005"	"0.01"	"100000"	"10000"	"200"	"6372828060411194479"	95000	"intercept"	0.439465345
"0.0"	"0.2"	"0.1"	"0.01"	"0.005"	"0.01"	"100000"	"10000"	"200"	"6372828060411194479"	100000	"slope"	-0.389139055
"0.0"	"0.2"	"0.1"	"0.01"	"0.005"	"0.01"	"100000"	"10000"	"200"	"6372828060411194479"	100000	"intercept"	0.44159965
"0.0"	"0.2"	"0.1"	"0.01"	"0.005"	"0.01"	"100000"	"10000"	"200"	"920455269134167597"	10	"slope"	-0.000119796105
"0.0"	"0.2"	"0.1"	"0.01"	"0.005"	"0.01"	"100000"	"10000"	"200"	"920455269134167597"	10	"intercept"	0.500007185
"0.0"	"0.2"	"0.1"	"0.01"	"0.005"	"0.01"	"100000"	"10000"	"200"	"920455269134167597"	5000	"slope"	-0.248656015
"0.0"	"0.2"	"0.1"	"0.01"	"0.005"	"0.01"	"100000"	"10000"	"200"	"920455269134167597"	5000	"intercept"	0.35343422
"0.0"	"0.2"	"0.1"	"0.01"	"0.005"	"0.01"	"100000"	"10000"	"200"	"920455269134167597"	10000	"slope"	-0.333173695
"0.0"	"0.2"	"0.1"	"0.01"	"0.005"	"0.01"	"100000"	"10000"	"200"	"920455269134167597"	10000	"intercept"	0.408084445
"0.0"	"0.2"	"0.1"	"0.01"	"0.005"	"0.01"	"100000"	"10000"	"200"	"920455269134167597"	15000	"slope"	-0.3667872
"0.0"	"0.2"	"0.1"	"0.01"	"0.005"	"0.01"	"100000"	"10000"	"200"	"920455269134167597"	15000	"intercept"	0.424460555
"0.0"	"0.2"	"0.1"	"0.01"	"0.005"	"0.01"	"100000"	"10000"	"200"	"920455269134167597"	20000	"slope"	-0.372364705
"0.0"	"0.2"	"0.1"	"0.01"	"0.005"	"0.01"	"100000"	"10000"	"200"	"920455269134167597"	20000	"intercept"	0.43799115
"0.0"	"0.2"	"0.1"	"0.01"	"0.005"	"0.01"	"100000"	"10000"	"200"	"920455269134167597"	25000	"slope"	-0.37882245
"0.0"	"0.2"	"0.1"	"0.01"	"0.005"	"0.01"	"100000"	"10000"	"200"	"920455269134167597"	25000	"intercept"	0.43944653
"0.0"	"0.2"	"0.1"	"0.01"	"0.005"	"0.01"	"100000"	"10000"	"200"	"920455269134167597"	30000	"slope"	-0.390610975
"0.0"	"0.2"	"0.1"	"0.01"	"0.005"	"0.01"	"100000"	"10000"	"200"	"920455269134167597"	30000	"intercept"	0.451144755
"0.0"	"0.2"	"0.1"	"0.01"	"0.005"	"0.01"	"100000"	"10000"	"200"	"920455269134167597"	35000	"slope"	-0.36476368
"0.0"	"0.2"	"0.1"	"0.01"	"0.005"	"0.01"	"100000"	"10000"	"200"	"920455269134167597"	35000	"intercept"	0.4278615
"0.0"	"0.2"	"0.1"	"0.01"	"0.005"	"0.01"	"100000"	"10000"	"200"	"920455269134167597"	40000	"slope"	-0.373134055
"0.0"	"0.2"	"0.1"	"0.01"	"0.005"	"0.01"	"100000"	"10000"	"200"	"920455269134167597"	40000	"intercept"	0.440414315
"0.0"	"0.2"	"0.1"	"0.01"	"0.005"	"0.01"	"100000"	"10000"	"200"	"920455269134167597"	45000	"slope"	-0.38248245
"0.0"	"0.2"	"0.1"	"0.01"	"0.005"	"0.01"	"100000"	"10000"	"200"	"920455269134167597"	45000	"intercept"	0.44090841
"0.0"	"0.2"	"0.1"	"0.01"	"0.005"	"0.01"	"100000"	"10000"	"200"	"920455269134167597"	50000	"slope"	-0.360456295
"0.0"	"0.2"	"0.1"	"0.01"	"0.005"	"0.01"	"100000"	"10000"	"200"	"920455269134167597"	50000	"intercept"	0.426806335
"0.0"	"0.2"	"0.1"	"0.01"	"0.005"	"0.01"	"100000"	"10000"	"200"	"920455269134167597"	55000	"slope"	-0.37485333
"0.0"	"0.2"	"0.1"	"0.01"	"0.005"	"0.01"	"100000"	"10000"	"200"	"920455269134167597"	55000	"intercept"	0.436401585
"0.0"	"0.2"	"0.1"	"0.01"	"0.005"	"0.01"	"100000"	"10000"	"200"	"920455269134167597"	60000	"slope"	-0.38455382
"0.0"	"0.2"	"0.1"	"0.01"	"0.005"	"0.01"	"100000"	"10000"	"200"	"920455269134167597"	60000	"intercept"	0.446012575
"0.0"	"0.2"	"0.1"	"0.01"	"0.005"	"0.01"	"100000"	"10000"	"200"	"920455269134167597"	65000	"slope"	-0.38767392
"0.0"	"0.2"	"0.1"	"0.01"	"0.005"	"0.01"	"100000"	"10000"	"200"	"920455269134167597"	65000	"intercept"	0.448951805
"0.0"	"0.2"	"0.1"	"0.01"	"0.005"	"0.01"	"100000"	"10000"	"200"	"920455269134167597"	70000	"slope"	-0.379584165
"0.0"	"0.2"	"0.1"	"0.01"	"0.005"	"0.01"	"100000"	"10000"	"200"	"920455269134167597"	70000	"intercept"	0.44242701
"0.0"	"0.2"	"0.1"	"0.01"	"0.005"	"0.01"	"100000"	"10000"	"200"	"920455269134167597"	75000	"slope"	-0.35729279
"0.0"	"0.2"	"0.1"	"0.01"	"0.005"	"0.01"	"100000"	"10000"	"200"	"920455269134167597"	75000	"intercept"	0.41950711
"0.0"	"0.2"	"0.1"	"0.01"	"0.005"	"0.01"	"100000"	"10000"	"200"	"920455269134167597"	80000	"slope"	-0.366677865
"0.0"	"0.2"	"0.1"	"0.01"	"0.005"	"0.01"	"100000"	"10000"	"200"	"920455269134167597"	80000	"intercept"	0.42739396
"0.0"	"0.2"	"0.1"	"0.01"	"0.005"	"0.01"	"100000"	"10000"	"200"	"920455269134167597"	85000	"slope"	-0.379713015
"0.0"	"0.2"	"0.1"	"0.01"	"0.005"	"0.01"	"100000"	"10000"	"200"	"920455269134167597"	85000	"intercept"	0.44075051
"0.0"	"0.2"	"0.1"	"0.01"	"0.005"	"0.01"	"100000"	"10000"	"200"	"920455269134167597"	90000	"slope"	-0.36846418
"0.0"	"0.2"	"0.1"	"0.01"	"0.005"	"0.01"	"100000"	"10000"	"200"	"920455269134167597"	90000	"intercept"	0.434495145
"0.0"	"0.2"	"0.1"	"0.01"	"0.005"	"0.01"	"100000"	"10000"	"200"	"920455269134167597"	95000	"slope"	-0.37696026
"0.0"	"0.2"	"0.1"	"0.01"	"0.005"	"0.01"	"100000"	"10000"	"200"	"920455269134167597"	95000	"intercept"	0.444816335
"0.0"	"0.2"	"0.1"	"0.01"	"0.005"	"0.01"	"100000"	"10000"	"200"	"920455269134167597"	100000	"slope"	-0.38934662
"0.0"	"0.2"	"0.1"	"0.01"	"0.005"	"0.01"	"100000"	"10000"	"200"	"920455269134167597"	100000	"intercept"	0.44843625
"0.0"	"0.4"	"0.1"	"0.01"	"0.005"	"0.01"	"100000"	"10000"	"200"	"1284608000936307872"	10	"slope"	-0.000170992395
"0.0"	"0.4"	"0.1"	"0.01"	"0.005"	"0.01"	"100000"	"10000"	"200"	"1284608000936307872"	10	"intercept"	0.499827285
"0.0"	"0.4"	"0.1"	"0.01"	"0.005"	"0.01"	"100000"	"10000"	"200"	"1284608000936307872"	5000	"slope"	-0.18389786
"0.0"	"0.4"	"0.1"	"0.01"	"0.005"	"0.01"	"100000"	"10000"	"200"	"1284608000936307872"	5000	"intercept"	0.310074105
"0.0"	"0.4"	"0.1"	"0.01"	"0.005"	"0.01"	"100000"	"10000"	"200"	"1284608000936307872"	10000	"slope"	-0.25066227
"0.0"	"0.4"	"0.1"	"0.01"	"0.005"	"0.01"	"100000"	"10000"	"200"	"1284608000936307872"	10000	"intercept"	0.34638892
"0.0"	"0.4"	"0.1"	"0.01"	"0.005"	"0.01"	"100000"	"10000"	"200"	"1284608000936307872"	15000	"slope"	-0.33369553
"0.0"	"0.4"	"0.1"	"0.01"	"0.005"	"0.01"	"100000"	"10000"	"200"	"1284608000936307872"	15000	"intercept"	0.40113944
"0.0"	"0.4"	"0.1"	"0.01"	"0.005"	"0.01"	"100000"	"10000"	"200"	"1284608000936307872"	20000	"slope"	-0.33748811
"0.0"	"0.4"	"0.1"	"0.01"	"0.005"	"0.01"	"100000"	"10000"	"200"	"1284608000936307872"	20000	"intercept"	0.404297425
"0.0"	"0.4"	"0.1"	"0.01"	"0.005"	"0.01"	"100000"	"10000"	"200"	"1284608000936307872"	25000	"slope"	-0.364741555
"0.0"	"0.4"	"0.1"	"0.01"	"0.005"	"0.01"	"100000"	"10000"	"200"	"1284608000936307872"	25000	"intercept"	0.43123938
"0.0"	"0.4"	"0.1"	"0.01"	"0.005"	"0.01"	"100000"	"10000"	"200"	"1284608000936307872"	30000	"slope"	-0.400117595
"0.0"	"0.4"	"0.1"	"0.01"	"0.005"	"0.01"	"100000"	"10000"	"200"	"1284608000936307872"	30000	"intercept"	0.45841247
"0.0"	"0.4"	"0.1"	"0.01"	"0.005"	"0.01"	"100000"	"10000"	"200"	"1284608000936307872"	35000	"slope"	-0.38336281
"0.0"	"0.4"	"0.1"	"0.01"	"0.005"	"0.01"	"100000"	"10000"	"200"	"1284608000936307872"	35000	"intercept"	0.44009511
"0.0"	"0.4"	"0.1"	"0.01"	"0.005"	"0.01"	"100000"	"10000"	"200"	"1284608000936307872"	40000	"slope"	-0.357250165
"0.0"	"0.4"	"0.1"	"0.01"	"0.005"	"0.01"	"100000"	"10000"	"200"	"1284608000936307872"	40000	"intercept"	0.424419595
"0.0"	"0.4"	"0.1"	"0.01"	"0.005"	"0.01"	"100000"	"10000"	"200"	"1284608000936307872"	45000	"slope"	-0.35321195
"0.0"	"0.4"	"0.1"	"0.01"	"0.005"	"0.01"	"100000"	"10000"	"200"	"1284608000936307872"	45000	"intercept"	0.423343655
"0.0"	"0.4"	"0.1"	"0.01"	"0.005"	"0.01"	"100000"	"10000"	"200"	"1284608000936307872"	50000	"slope"	-0.353608955
"0.0"	"0.4"	"0.1"	"0.01"	"0.005"	"0.01"	"100000"	"10000"	"200"	"1284608000936307872"	50000	"intercept"	0.41729604
"0.0"	"0.4"	"0.1"	"0.01"	"0.005"	"0.01"	"100000"	"10000"	"200"	"1284608000936307872"	55000	"slope"	-0.347059235
"0.0"	"0.4"	"0.1"	"0.01"	"0.005"	"0.01"	"100000"	"10000"	"200"	"1284608000936307872"	55000	"intercept"	0.42144825
"0.0"	"0.4"	"0.1"	"0.01"	"0.005"	"0.01"	"100000"	"10000"	"200"	"1284608000936307872"	60000	"slope"	-0.353872135
"0.0"	"0.4"	"0.1"	"0.01"	"0.005"	"0.01"	"100000"	"10000"	"200"	"1284608000936307872"	60000	"intercept"	0.423188625
"0.0"	"0.4"	"0.1"	"0.01"	"0.005"	"0.01"	"100000"	"10000"	"200"	"1284608000936307872"	65000	"slope"	-0.409006735
"0.0"	"0.4"	"0.1"	"0.01"	"0.005"	"0.01"	"100000"	"10000"	"200"	"1284608000936307872"	65000	"intercept"	0.45808879
"0.0"	"0.4"	"0.1"	"0.01"	"0.005"	"0.01"	"100000"	"10000"	"200"	"1284608000936307872"	70000	"slope"	-0.37212634
"0.0"	"0.4"	"0.1"	"0.01"	"0.005"	"0.01"	"100000"	"10000"	"200"	"1284608000936307872"	70000	"intercept"	0.433711785
"0.0"	"0.4"	"0.1"	"0.01"	"0.005"	"0.01"	"100000"	"10000"	"200"	"1284608000936307872"	75000	"slope"	-0.383903725
"0.0"	"0.4"	"0.1"	"0.01"	"0.005"	"0.01"	"100000"	"10000"	"200"	"1284608000936307872"	75000	"intercept"	0.44328543
"0.0"	"0.4"	"0.1"	"0.01"	"0.005"	"0.01"	"100000"	"10000"	"200"	"1284608000936307872"	80000	"slope"	-0.39199751
"0.0"	"0.4"	"0.1"	"0.01"	"0.005"	"0.01"	"100000"	"10000"	"200"	"1284608000936307872"	80000	"intercept"	0.454197165
"0.0"	"0.4"	"0.1"	"0.01"	"0.005"	"0.01"	"100000"	"10000"	"200"	"1284608000936307872"	85000	"slope"	-0.384250165
"0.0"	"0.4"	"0.1"	"0.01"	"0.005"	"0.01"	"100000"	"10000"	"200"	"1284608000936307872"	85000	"intercept"	0.44795384
"0.0"	"0.4"	"0.1"	"0.01"	"0.005"	"0.01"	"100000"	"10000"	"200"	"1284608000936307872"	90000	"slope"	-0.408104315
"0.0"	"0.4"	"0.1"	"0.01"	"0.005"	"0.01"	"100000"	"10000"	"200"	"1284608000936307872"	90000	"intercept"	0.462118785
"0.0"	"0.4"	"0.1"	"0.01"	"0.005"	"0.01"	"100000"	"10000"	"200"	"1284608000936307872"	95000	"slope"	-0.38185374
"0.0"	"0.4"	"0.1"	"0.01"	"0.005"	"0.01"	"100000"	"10000"	"200"	"1284608000936307872"	95000	"intercept"	0.438902215
"0.0"	"0.4"	"0.1"	"0.01"	"0.005"	"0.01"	"100000"	"10000"	"200"	"1284608000936307872"	100000	"slope"	-0.378195145
"0.0"	"0.4"	"0.1"	"0.01"	"0.005"	"0.01"	"100000"	"10000"	"200"	"1284608000936307872"	100000	"intercept"	0.440328845
"0.0"	"0.4"	"0.1"	"0.01"	"0.005"	"0.01"	"100000"	"10000"	"200"	"1350829779984172618"	10	"slope"	-9.2399485e-05
"0.0"	"0.4"	"0.1"	"0.01"	"0.005"	"0.01"	"100000"	"10000"	"200"	"1350829779984172618"	10	"intercept"	0.500091655
"0.0"	"0.4"	"0.1"	"0.01"	"0.005"	"0.01"	"100000"	"10000"	"200"	"1350829779984172618"	5000	"slope"	-0.23008267
"0.0"	"0.4"	"0.1"	"0.01"	"0.005"	"0.01"	"100000"	"10000"	"200"	"1350829779984172618"	5000	"intercept"	0.333113875
"0.0"	"0.4"	"0.1"	"0.01"	"0.005"	"0.01"	"100000"	"10000"	"200"	"1350829779984172618"	10000	"slope"	-0.29606592
"0.0"	"0.4"	"0.1"	"0.01"	"0.005"	"0.01"	"100000"	"10000"	"200"	"1350829779984172618"	10000	"intercept"	0.383207765
"0.0"	"0.4"	"0.1"	"0.01"	"0.005"	"0.01"	"100000"	"10000"	"200"	"1350829779984172618"	15000	"slope"	-0.33173189
"0.0"	"0.4"	"0.1"	"0.01"	"0.005"	"0.01"	"100000"	"10000"	"200"	"1350829779984172618"	15000	"intercept"	0.40321395
"0.0"	"0.4"	"0.1"	"0.01"	"0.005"	"0.01"	"100000"	"10000"	"200"	"1350829779984172618"	20000	"slope"	-0.36549406
"0.0"	"0.4"	"0.1"	"0.01"	"0.005"	"0.01"	"100000"	"10000"	"200"	"1350829779984172618"	20000	"intercept"	0.42877314
"0.0"	"0.4"	"0.1"	"0.01"	"0.005"	"0.01"	"100000"	"10000"	"200"	"1350829779984172618"	25000	"slope"	-0.37227249
"0.0"	"0.4"	"0.1"	"0.01"	"0.005"	"0.01"	"100000"	"10000"	"200"	"1350829779984172618"	25000	"intercept"	0.428996495
"0.0"	"0.4"	"0.1"	"0.01"	"0.005"	"0.01"	"100000"	"10000"	"200"	"1350829779984172618"	30000	"slope"	-0.386510465
"0.0"	"0.4"	"0.1"	"0.01"	"0.005"	"0.01"	"100000"	"10000"	"200"	"1350829779984172618"	30000	"intercept"	0.45049062
"0.0"	"0.4"	"0.1"	"0.01"	"0.005"	"0.01"	"100000"	"10000"	"200"	"1350829779984172618"	35000	"slope"	-0.40609159
"0.0"	"0.4"	"0.1"	"0.01"	"0.005"	"0.01"	"100000"	"10000"	"200"	"1350829779984172618"	35000	"intercept"	0.45758867
"0.0"	"0.4"	"0.1"	"0.01"	"0.005"	"0.01"	"100000"	"10000"	"200"	"1350829779984172618"	40000	"slope"	-0.381038765
"0.0"	"0.4"	"0.1"	"0.01"	"0.005"	"0.01"	"100000"	"10000"	"200"	"1350829779984172618"	40000	"intercept"	0.43220212
"0.0"	"0.4"	"0.1"	"0.01"	"0.005"	"0.01"	"100000"	"10000"	"200"	"1350829779984172618"	45000	"slope"	-0.385384965
"0.0"	"0.4"	"0.1"	"0.01"	"0.005"	"0.01"	"100000"	"10000"	"200"	"1350829779984172618"	45000	"intercept"	0.444466735
"0.0"	"0.4"	"0.1"	"0.01"	"0.005"	"0.01"	"100000"	"10000"	"200"	"1350829779984172618"	50000	"slope"	-0.399218475
"0.0"	"0.4"	"0.1"	"0.01"	"0.005"	"0.01"	"100000"	"10000"	"200"	"1350829779984172618"	50000	"intercept"	0.457935665
"0.0"	"0.4"	"0.1"	"0.01"	"0.005"	"0.01"	"100000"	"10000"	"200"	"1350829779984172618"	55000	"slope"	-0.37849849
"0.0"	"0.4"	"0.1"	"0.01"	"0.005"	"0.01"	"100000"	"10000"	"200"	"1350829779984172618"	55000	"intercept"	0.438987345
"0.0"	"0.4"	"0.1"	"0.01"	"0.005"	"0.01"	"100000"	"10000"	"200"	"1350829779984172618"	60000	"slope"	-0.402983465
"0.0"	"0.4"	"0.1"	"0.01"	"0.005"	"0.01"	"100000"	"10000"	"200"	"1350829779984172618"	60000	"intercept"	0.458125725
"0.0"	"0.4"	"0.1"	"0.01"	"0.005"	"0.01"	"100000"	"10000"	"200"	"1350829779984172618"	65000	"slope"	-0.39185995
"0.0"	"0.4"	"0.1"	"0.01"	"0.005"	"0.01"	"100000"	"10000"	"200"	"1350829779984172618"	65000	"intercept"	0.446293635
"0.0"	"0.4"	"0.1"	"0.01"	"0.005"	"0.01"	"100000"	"10000"	"200"	"1350829779984172618"	70000	"slope"	-0.37827496
"0.0"	"0.4"	"0.1"	"0.01"	"0.005"	"0.01"	"100000"	"10000"	"200"	"1350829779984172618"	70000	"intercept"	0.43881513
"0.0"	"0.4"	"0.1"	"0.01"	"0.005"	"0.01"	"100000"	"10000"	"200"	"1350829779984172618"	75000	"slope"	-0.403793725
"0.0"	"0.4"	"0.1"	"0.01"	"0.005"	"0.01"	"100000"	"10000"	"200"	"1350829779984172618"	75000	"intercept"	0.46032692
"0.0"	"0.4"	"0.1"	"0.01"	"0.005"	"0.01"	"100000"	"10000"	"200"	"1350829779984172618"	80000	"slope"	-0.375970695
"0.0"	"0.4"	"0.1"	"0.01"	"0.005"	"0.01"	"100000"	"10000"	"200"	"1350829779984172618"	80000	"intercept"	0.439819495
"0.0"	"0.4"	"0.1"	"0.01"	"0.005"	"0.01"	"100000"	"10000"	"200"	"1350829779984172618"	85000	"slope"	-0.3794392
"0.0"	"0.4"	"0.1"	"0.01"	"0.005"	"0.01"	"100000"	"10000"	"200"	"1350829779984172618"	85000	"intercept"	0.439180875
"0.0"	"0.4"	"0.1"	"0.01"	"0.005"	"0.01"	"100000"	"10000"	"200"	"1350829779984172618"	90000	"slope"	-0.37500666
"0.0"	"0.4"	"0.1"	"0.01"	"0.005"	"0.01"	"100000"	"10000"	"200"	"1350829779984172618"	90000	"intercept"	0.436956365
"0.0"	"0.4"	"0.1"	"0.01"	"0.005"	"0.01"	"100000"	"10000"	"200"	"1350829779984172618"	95000	"slope"	-0.37306137
"0.0"	"0.4"	"0.1"	"0.01"	"0.005"	"0.01"	"100000"	"10000"	"200"	"1350829779984172618"	95000	"intercept"	0.439762775
"0.0"	"0.4"	"0.1"	"0.01"	"0.005"	"0.01"	"100000"	"10000"	"200"	"1350829779984172618"	100000	"slope"	-0.377154845
"0.0"	"0.4"	"0.1"	"0.01"	"0.005"	"0.01"	"100000"	"10000"	"200"	"1350829779984172618"	100000	"intercept"	0.429723935
"0.0"	"0.4"	"0.1"	"0.01"	"0.005"	"0.01"	"100000"	"10000"	"200"	"1641921061767357334"	10	"slope"	-0.0001003031635
"0.0"	"0.4"	"0.1"	"0.01"	"0.005"	"0.01"	"100000"	"10000"	"200"	"1641921061767357334"	10	"intercept"	0.499979745
"0.0"	"0.4"	"0.1"	"0.01"	"0.005"	"0.01"	"100000"	"10000"	"200"	"1641921061767357334"	5000	"slope"	-0.226110005
"0.0"	"0.4"	"0.1"	"0.01"	"0.005"	"0.01"	"100000"	"10000"	"200"	"1641921061767357334"	5000	"intercept"	0.33333351
"0.0"	"0.4"	"0.1"	"0.01"	"0.005"	"0.01"	"100000"	"10000"	"200"	"1641921061767357334"	10000	"slope"	-0.28230651
"0.0"	"0.4"	"0.1"	"0.01"	"0.005"	"0.01"	"100000"	"10000"	"200"	"1641921061767357334"	10000	"intercept"	0.36300286
"0.0"	"0.4"	"0.1"	"0.01"	"0.005"	"0.01"	"100000"	"10000"	"200"	"1641921061767357334"	15000	"slope"	-0.322206535
"0.0"	"0.4"	"0.1"	"0.01"	"0.005"	"0.01"	"100000"	"10000"	"200"	"1641921061767357334"	15000	"intercept"	0.391189145
"0.0"	"0.4"	"0.1"	"0.01"	"0.005"	"0.01"	"100000"	"10000"	"200"	"1641921061767357334"	20000	"slope"	-0.328935165
"0.0"	"0.4"	"0.1"	"0.01"	"0.005"	"0.01"	"100000"	"10000"	"200"	"1641921061767357334"	20000	"intercept"	0.400528345
"0.0"	"0.4"	"0.1"	"0.01"	"0.005"	"0.01"	"100000"	"10000"	"200"	"1641921061767357334"	25000	"slope"	-0.396528075
"0.0"	"0.4"	"0.1"	"0.01"	"0.005"	"0.01"	"100000"	"10000"	"200"	"1641921061767357334"	25000	"intercept"	0.455863415
"0.0"	"0.4"	"0.1"	"0.01"	"0.005"	"0.01"	"100000"	"10000"	"200"	"1641921061767357334"	30000	"slope"	-0.3971385
"0.0"	"0.4"	"0.1"	"0.01"	"0.005"	"0.01"	"100000"	"10000"	"200"	"1641921061767357334"	30000	"intercept"	0.4567902
"0.0"	"0.4"	"0.1"	"0.01"	"0.005"	"0.01"	"100000"	"10000"	"200"	"1641921061767357334"	35000	"slope"	-0.388196095
"0.0"	"0.4"	"0.1"	"0.01"	"0.005"	"0.01"	"100000"	"10000"	"200"	"1641921061767357334"	35000	"intercept"	0.447007425
"0.0"	"0.4"	"0.1"	"0.01"	"0.005"	"0.01"	"100000"	"10000"	"200"	"1641921061767357334"	40000	"slope"	-0.39346007
"0.0"	"0.4"	"0.1"	"0.01"	"0.005"	"0.01"	"100000"	"10000"	"200"	"1641921061767357334"	40000	"intercept"	0.452661925
"0.0"	"0.4"	"0.1"	"0.01"	"0.005"	"0.01"	"100000"	"10000"	"200"	"1641921061767357334"	45000	"slope"	-0.39113109
"0.0"	"0.4"	"0.1"	"0.01"	"0.005"	"0.01"	"100000"	"10000"	"200"	"1641921061767357334"	45000	"intercept"	0.447621455
"0.0"	"0.4"	"0.1"	"0.01"	"0.005"	"0.01"	"100000"	"10000"	"200"	"1641921061767357334"	50000	"slope"	-0.41037525
"0.0"	"0.4"	"0.1"	"0.01"	"0.005"	"0.01"	"100000"	"10000"	"200"	"1641921061767357334"	50000	"intercept"	0.45993321
"0.0"	"0.4"	"0.1"	"0.01"	"0.005"	"0.01"	"100000"	"10000"	"200"	"1641921061767357334"	55000	"slope"	-0.375914865
"0.0"	"0.4"	"0.1"	"0.01"	"0.005"	"0.01"	"100000"	"10000"	"200"	"1641921061767357334"	55000	"intercept"	0.434949615
"0.0"	"0.4"	"0.1"	"0.01"	"0.005"	"0.01"	"100000"	"10000"	"200"	"1641921061767357334"	60000	"slope"	-0.38920293
"0.0"	"0.4"	"0.1"	"0.01"	"0.005"	"0.01"	"100000"	"10000"	"200"	"1641921061767357334"	60000	"intercept"	0.45290192
"0.0"	"0.4"	"0.1"	"0.01"	"0.005"	"0.01"	"100000"	"10000"	"200"	"1641921061767357334"	65000	"slope"	-0.42305252
"0.0"	"0.4"	"0.1"	"0.01"	"0.005"	"0.01"	"100000"	"10000"	"200"	"1641921061767357334"	65000	"intercept"	0.47667834
"0.0"	"0.4"	"0.1"	"0.01"	"0.005"	"0.01"	"100000"	"10000"	"200"	"1641921061767357334"	70000	"slope"	-0.39607826
"0.0"	"0.4"	"0.1"	"0.01"	"0.005"	"0.01"	"100000"	"10000"	"200"	"1641921061767357334"	70000	"intercept"	0.454472845
"0.0"	"0.4"	"0.1"	"0.01"	"0.005"	"0.01"	"100000"	"10000"	"200"	"1641921061767357334"	75000	"slope"	-0.39052498
"0.0"	"0.4"	"0.1"	"0.01"	"0.005"	"0.01"	"100000"	"10000"	"200"	"1641921061767357334"	75000	"intercept"	0.448394365
"0.0"	"0.4"	"0.1"	"0.01"	"0.005"	"0.01"	"100000"	"10000"	"200"	"1641921061767357334"	80000	"slope"	-0.38877056
"0.0"	"0.4"	"0.1"	"0.01"	"0.005"	"0.01"	"100000"	"10000"	"200"	"1641921061767357334"	80000	"intercept"	0.443034395
"0.0"	"0.4"	"0.1"	"0.01"	"0.005"	"0.01"	"100000"	"10000"	"200"	"1641921061767357334"	85000	"slope"	-0.41546547
"0.0"	"0.4"	"0.1"	"0.01"	"0.005"	"0.01"	"100000"	"10000"	"200"	"1641921061767357334"	85000	"intercept"	0.471228105
"0.0"	"0.4"	"0.1"	"0.01"	"0.005"	"0.01"	"100000"	"10000"	"200"	"1641921061767357334"	90000	"slope"	-0.410334655
"0.0"	"0.4"	"0.1"	"0.01"	"0.005"	"0.01"	"100000"	"10000"	"200"	"1641921061767357334"	90000	"intercept"	0.463269145
"0.0"	"0.4"	"0.1"	"0.01"	"0.005"	"0.01"	"100000"	"10000"	"200"	"1641921061767357334"	95000	"slope"	-0.388024805
"0.0"	"0.4"	"0.1"	"0.01"	"0.005"	"0.01"	"100000"	"10000"	"200"	"1641921061767357334"	95000	"intercept"	0.446391775
"0.0"	"0.4"	"0.1"	"0.01"	"0.005"	"0.01"	"100000"	"10000"	"200"	"1641921061767357334"	100000	"slope"	-0.37368745
"0.0"	"0.4"	"0.1"	"0.01"	"0.005"	"0.01"	"100000"	"10000"	"200"	"1641921061767357334"	100000	"intercept"	0.433282745
"0.0"	"0.4"	"0.1"	"0.01"	"0.005"	"0.01"	"100000"	"10000"	"200"	"2509801238021602473"	10	"slope"	9.540905e-06
"0.0"	"0.4"	"0.1"	"0.01"	"0.005"	"0.01"	"100000"	"10000"	"200"	"2509801238021602473"	10	"intercept"	0.499946605
"0.0"	"0.4"	"0.1"	"0.01"	"0.005"	"0.01"	"100000"	"10000"	"200"	"2509801238021602473"	5000	"slope"	-0.201296545
"0.0"	"0.4"	"0.1"	"0.01"	"0.005"	"0.01"	"100000"	"10000"	"200"	"2509801238021602473"	5000	"intercept"	0.31598747
"0.0"	"0.4"	"0.1"	"0.01"	"0.005"	"0.01"	"100000"	"10000"	"200"	"2509801238021602473"	10000	"slope"	-0.26945581
"0.0"	"0.4"	"0.1"	"0.01"	"0.005"	"0.01"	"100000"	"10000"	"200"	"2509801238021602473"	10000	"intercept"	0.35527958
"0.0"	"0.4"	"0.1"	"0.01"	"0.005"	"0.01"	"100000"	"10000"	"200"	"2509801238021602473"	15000	"slope"	-0.322385945
"0.0"	"0.4"	"0.1"	"0.01"	"0.005"	"0.01"	"100000"	"10000"	"200"	"2509801238021602473"	15000	"intercept"	0.39651858
"0.0"	"0.4"	"0.1"	"0.01"	"0.005"	"0.01"	"100000"	"10000"	"200"	"2509801238021602473"	20000	"slope"	-0.35342474
"0.0"	"0.4"	"0.1"	"0.01"	"0.005"	"0.01"	"100000"	"10000"	"200"	"2509801238021602473"	20000	"intercept"	0.419522105
"0.0"	"0.4"	"0.1"	"0.01"	"0.005"	"0.01"	"100000"	"10000"	"200"	"2509801238021602473"	25000	"slope"	-0.363970085
"0.0"	"0.4"	"0.1"	"0.01"	"0.005"	"0.01"	"100000"	"10000"	"200"	"2509801238021602473"	25000	"intercept"	0.430500775
"0.0"	"0.4"	"0.1"	"0.01"	"0.005"	"0.01"	"100000"	"10000"	"200"	"2509801238021602473"	30000	"slope"	-0.36670458
"0.0"	"0.4"	"0.1"	"0.01"	"0.005"	"0.01"	"100000"	"10000"	"200"	"2509801238021602473"	30000	"intercept"	0.42885852
"0.0"	"0.4"	"0.1"	"0.01"	"0.005"	"0.01"	"100000"	"10000"	"200"	"2509801238021602473"	35000	"slope"	-0.37441316
"0.0"	"0.4"	"0.1"	"0.01"	"0.005"	"0.01"	"100000"	"10000"	"200"	"2509801238021602473"	35000	"intercept"	0.435038285
"0.0"	"0.4"	"0.1"	"0.01"	"0.005"	"0.01"	"100000"	"10000"	"200"	"2509801238021602473"	40000	"slope"	-0.38163777
"0.0"	"0.4"	"0.1"	"0.01"	"0.005"	"0.01"	"100000"	"10000"	"200"	"2509801238021602473"	40000	"intercept"	0.43983805
"0.0"	"0.4"	"0.1"	"0.01"	"0.005"	"0.01"	"100000"	"10000"	"200"	"2509801238021602473"	45000	"slope"	-0.354235585
"0.0"	"0.4"	"0.1"	"0.01"	"0.005"	"0.01"	"100000"	"10000"	"200"	"2509801238021602473"	45000	"intercept"	0.41429897
"0.0"	"0.4"	"0.1"	"0.01"	"0.005"	"0.01"	"100000"	"10000"	"200"	"2509801238021602473"	50000	"slope"	-0.385630945
"0.0"	"0.4"	"0.1"	"0.01"	"0.005"	"0.01"	"100000"	"10000"	"200"	"2509801238021602473"	50000	"intercept"	0.44493839
"0.0"	"0.4"	"0.1"	"0.01"	"0.005"	"0.01"	"100000"	"10000"	"200"	"2509801238021602473"	55000	"slope"	-0.397235625
"0.0"	"0.4"	"0.1"	"0.01"	"0.005"	"0.01"	"100000"	"10000"	"200"	"2509801238021602473"	55000	"intercept"	0.452763715
"0.0"	"0.4"	"0.1"	"0.01"	"0.005"	"0.01"	"100000"	"10000"	"200"	"2509801238021602473"	60000	"slope"	-0.398652255
"0.0"	"0.4"	"0.1"	"0.01"	"0.005"	"0.01"	"100000"	"10000"	"200"	"2509801238021602473"	60000	"intercept"	0.452202095
"0.0"	"0.4"	"0.1"	"0.01"	"0.005"	"0.01"	"100000"	"10000"	"200"	"2509801238021602473"	65000	"slope"	-0.407838825
"0.0"	"0.4"	"0.1"	"0.01"	"0.005"	"0.01"	"100000"	"10000"	"200"	"2509801238021602473"	65000	"intercept"	0.46417757
"0.0"	"0.4"	"0.1"	"0.01"	"0.005"	"0.01"	"100000"	"10000"	"200"	"2509801238021602473"	70000	"slope"	-0.38475044
"0.0"	"0.4"	"0.1"	"0.01"	"0.005"	"0.01"	"100000"	"10000"	"200"	"2509801238021602473"	70000	"intercept"	0.447325295
"0.0"	"0.4"	"0.1"	"0.01"	"0.005"	"0.01"	"100000"	"10000"	"200"	"2509801238021602473"	75000	"slope"	-0.36474335
"0.0"	"0.4"	"0.1"	"0.01"	"0.005"	"0.01"	"100000"	"10000"	"200"	"2509801238021602473"	75000	"intercept"	0.43072129
"0.0"	"0.4"	"0.1"	"0.01"	"0.005"	"0.01"	"100000"	"10000"	"200"	"2509801238021602473"	80000	"slope"	-0.378836905
"0.0"	"0.4"	"0.1"	"0.01"	"0.005"	"0.01"	"100000"	"10000"	"200"	"2509801238021602473"	80000	"intercept"	0.44058237
"0.0"	"0.4"	"0.1"	"0.01"	"0.005"	"0.01"	"100000"	"10000"	"200"	"2509801238021602473"	85000	"slope"	-0.379669735
"0.0"	"0.4"	"0.1"	"0.01"	"0.005"	"0.01"	"100000"	"10000"	"200"	"2509801238021602473"	85000	"intercept"	0.438941135
"0.0"	"0.4"	"0.1"	"0.01"	"0.005"	"0.01"	"100000"	"10000"	"200"	"2509801238021602473"	90000	"slope"	-0.39693649
"0.0"	"0.4"	"0.1"	"0.01"	"0.005"	"0.01"	"100000"	"10000"	"200"	"2509801238021602473"	90000	"intercept"	0.45076854
"0.0"	"0.4"	"0.1"	"0.01"	"0.005"	"0.01"	"100000"	"10000"	"200"	"2509801238021602473"	95000	"slope"	-0.38397391
"0.0"	"0.4"	"0.1"	"0.01"	"0.005"	"0.01"	"100000"	"10000"	"200"	"2509801238021602473"	95000	"intercept"	0.442930025
"0.0"	"0.4"	"0.1"	"0.01"	"0.005"	"0.01"	"100000"	"10000"	"200"	"2509801238021602473"	100000	"slope"	-0.38552431
"0.0"	"0.4"	"0.1"	"0.01"	"0.005"	"0.01"	"100000"	"10000"	"200"	"2509801238021602473"	100000	"intercept"	0.441491035
"0.0"	"0.4"	"0.1"	"0.01"	"0.005"	"0.01"	"100000"	"10000"	"200"	"6528706579707670497"	10	"slope"	0.000101040245
"0.0"	"0.4"	"0.1"	"0.01"	"0.005"	"0.01"	"100000"	"10000"	"200"	"6528706579707670497"	10	"intercept"	0.500045335
"0.0"	"0.4"	"0.1"	"0.01"	"0.005"	"0.01"	"100000"	"10000"	"200"	"6528706579707670497"	5000	"slope"	-0.181366495
"0.0"	"0.4"	"0.1"	"0.01"	"0.005"	"0.01"	"100000"	"10000"	"200"	"6528706579707670497"	5000	"intercept"	0.296011655
"0.0"	"0.4"	"0.1"	"0.01"	"0.005"	"0.01"	"100000"	"10000"	"200"	"6528706579707670497"	10000	"slope"	-0.284983635
"0.0"	"0.4"	"0.1"	"0.01"	"0.005"	"0.01"	"100000"	"10000"	"200"	"6528706579707670497"	10000	"intercept"	0.372846105
"0.0"	"0.4"	"0.1"	"0.01"	"0.005"	"0.01"	"100000"	"10000"	"200"	"6528706579707670497"	15000	"slope"	-0.32048595
"0.0"	"0.4"	"0.1"	"0.01"	"0.005"	"0.01"	"100000"	"10000"	"200"	"6528706579707670497"	15000	"intercept"	0.39188777
"0.0"	"0.4"	"0.1"	"0.01"	"0.005"	"0.01"	"100000"	"10000"	"200"	"6528706579707670497"	20000	"slope"	-0.371991625
"0.0"	"0.4"	"0.1"	"0.01"	"0.005"	"0.01"	"100000"	"10000"	"200"	"6528706579707670497"	20000	"intercept"	0.44107475
"0.0"	"0.4"	"0.1"	"0.01"	"0.005"	"0.01"	"100000"	"10000"	"200"	"6528706579707670497"	25000	"slope"	-0.382686565
"0.0"	"0.4"	"0.1"	"0.01"	"0.005"	"0.01"	"100000"	"10000"	"200"	"6528706579707670497"	25000	"intercept"	0.45042183
"0.0"	"0.4"	"0.1"	"0.01"	"0.005"	"0.01"	"100000"	"10000"	"200"	"6528706579707670497"	30000	"slope"	-0.373568565
"0.0"	"0.4"	"0.1"	"0.01"	"0.005"	"0.01"	"100000"	"10000"	"200"	"6528706579707670497"	30000	"intercept"	0.43577305
"0.0"	"0.4"	"0.1"	"0.01"	"0.005"	"0.01"	"100000"	"10000"	"200"	"6528706579707670497"	35000	"slope"	-0.354539985
"0.0"	"0.4"	"0.1"	"0.01"	"0.005"	"0.01"	"100000"	"10000"	"200"	"6528706579707670497"	35000	"intercept"	0.42799138
"0.0"	"0.4"	"0.1"	"0.01"	"0.005"	"0.01"	"100000"	"10000"	"200"	"6528706579707670497"	40000	"slope"	-0.37648816
"0.0"	"0.4"	"0.1"	"0.01"	"0.005"	"0.01"	"100000"	"10000"	"200"	"6528706579707670497"	40000	"intercept"	0.43732337
"0.0"	"0.4"	"0.1"	"0.01"	"0.005"	"0.01"	"100000"	"10000"	"200"	"6528706579707670497"	45000	"slope"	-0.39239513
"0.0"	"0.4"	"0.1"	"0.01"	"0.005"	"0.01"	"100000"	"10000"	"200"	"6528706579707670497"	45000	"intercept"	0.454708765
"0.0"	"0.4"	"0.1"	"0.01"	"0.005"	"0.01"	"100000"	"10000"	"200"	"6528706579707670497"	50000	"slope"	-0.39921155
"0.0"	"0.4"	"0.1"	"0.01"	"0.005"	"0.01"	"100000"	"10000"	"200"	"6528706579707670497"	50000	"intercept"	0.457852755
"0.0"	"0.4"	"0.1"	"0.01"	"0.005"	"0.01"	"100000"	"10000"	"200"	"6528706579707670497"	55000	"slope"	-0.39938441
"0.0"	"0.4"	"0.1"	"0.01"	"0.005"	"0.01"	"100000"	"10000"	"200"	"6528706579707670497"	55000	"intercept"	0.45706869
"0.0"	"0.4"	"0.1"	"0.01"	"0.005"	"0.01"	"100000"	"10000"	"200"	"6528706579707670497"	60000	"slope"	-0.382043675
"0.0"	"0.4"	"0.1"	"0.01"	"0.005"	"0.01"	"100000"	"10000"	"200"	"6528706579707670497"	60000	"intercept"	0.43323323
"0.0"	"0.4"	"0.1"	"0.01"	"0.005"	"0.01"	"100000"	"10000"	"200"	"6528706579707670497"	65000	"slope"	-0.397294935
"0.0"	"0.4"	"0.1"	"0.01"	"0.005"	"0.01"	"100000"	"10000"	"200"	"6528706579707670497"	65000	"intercept"	0.455000845
"0.0"	"0.4"	"0.1"	"0.01"	"0.005"	"0.01"	"100000"	"10000"	"200"	"6528706579707670497"	70000	"slope"	-0.361984835
"0.0"	"0.4"	"0.1"	"0.01"	"0.005"	"0.01"	"100000"	"10000"	"200"	"6528706579707670497"	70000	"intercept"	0.42912397
"0.0"	"0.4"	"0.1"	"0.01"	"0.005"	"0.01"	"100000"	"10000"	"200"	"6528706579707670497"	75000	"slope"	-0.37277258
"0.0"	"0.4"	"0.1"	"0.01"	"0.005"	"0.01"	"100000"	"10000"	"200"	"6528706579707670497"	75000	"intercept"	0.435370365
"0.0"	"0.4"	"0.1"	"0.01"	"0.005"	"0.01"	"100000"	"10000"	"200"	"6528706579707670497"	80000	"slope"	-0.382874975
"0.0"	"0.4"	"0.1"	"0.01"	"0.005"	"0.01"	"100000"	"10000"	"200"	"6528706579707670497"	80000	"intercept"	0.44044297
"0.0"	"0.4"	"0.1"	"0.01"	"0.005"	"0.01"	"100000"	"10000"	"200"	"6528706579707670497"	85000	"slope"	-0.380584845
"0.0"	"0.4"	"0.1"	"0.01"	"0.005"	"0.01"	"100000"	"10000"	"200"	"6528706579707670497"	85000	"intercept"	0.4411984
"0.0"	"0.4"	"0.1"	"0.01"	"0.005"	"0.01"	"100000"	"10000"	"200"	"6528706579707670497"	90000	"slope"	-0.37629985
"0.0"	"0.4"	"0.1"	"0.01"	"0.005"	"0.01"	"100000"	"10000"	"200"	"6528706579707670497"	90000	"intercept"	0.43830781
"0.0"	"0.4"	"0.1"	"0.01"	"0.005"	"0.01"	"100000"	"10000"	"200"	"6528706579707670497"	95000	"slope"	-0.386327285
"0.0"	"0.4"	"0.1"	"0.01"	"0.005"	"0.01"	"100000"	"10000"	"200"	"6528706579707670497"	95000	"intercept"	0.4469957
"0.0"	"0.4"	"0.1"	"0.01"	"0.005"	"0.01"	"100000"	"10000"	"200"	"6528706579707670497"	100000	"slope"	-0.37202842
"0.0"	"0.4"	"0.1"	"0.01"	"0.005"	"0.01"	"100000"	"10000"	"200"	"6528706579707670497"	100000	"intercept"	0.43916807
"0.0"	"0.6"	"0.1"	"0.01"	"0.005"	"0.01"	"100000"	"10000"	"200"	"2616953673753768726"	10	"slope"	7.42352e-05
"0.0"	"0.6"	"0.1"	"0.01"	"0.005"	"0.01"	"100000"	"10000"	"200"	"2616953673753768726"	10	"intercept"	0.50014007
"0.0"	"0.6"	"0.1"	"0.01"	"0.005"	"0.01"	"100000"	"10000"	"200"	"2616953673753768726"	5000	"slope"	-0.236363515
"0.0"	"0.6"	"0.1"	"0.01"	"0.005"	"0.01"	"100000"	"10000"	"200"	"2616953673753768726"	5000	"intercept"	0.348129335
"0.0"	"0.6"	"0.1"	"0.01"	"0.005"	"0.01"	"100000"	"10000"	"200"	"2616953673753768726"	10000	"slope"	-0.265726665
"0.0"	"0.6"	"0.1"	"0.01"	"0.005"	"0.01"	"100000"	"10000"	"200"	"2616953673753768726"	10000	"intercept"	0.360370195
"0.0"	"0.6"	"0.1"	"0.01"	"0.005"	"0.01"	"100000"	"10000"	"200"	"2616953673753768726"	15000	"slope"	-0.33140314
"0.0"	"0.6"	"0.1"	"0.01"	"0.005"	"0.01"	"100000"	"10000"	"200"	"2616953673753768726"	15000	"intercept"	0.40065006
"0.0"	"0.6"	"0.1"	"0.01"	"0.005"	"0.01"	"100000"	"10000"	"200"	"2616953673753768726"	20000	"slope"	-0.350772565
"0.0"	"0.6"	"0.1"	"0.01"	"0.005"	"0.01"	"100000"	"10000"	"200"	"2616953673753768726"	20000	"intercept"	0.421450475
"0.0"	"0.6"	"0.1"	"0.01"	"0.005"	"0.01"	"100000"	"10000"	"200"	"2616953673753768726"	25000	"slope"	-0.3708211
"0.0"	"0.6"	"0.1"	"0.01"	"0.005"	"0.01"	"100000"	"10000"	"200"	"2616953673753768726"	25000	"intercept"	0.43112977
"0.0"	"0.6"	"0.1"	"0.01"	"0.005"	"0.01"	"100000"	"10000"	"200"	"2616953673753768726"	30000	"slope"	-0.37999927
"0.0"	"0.6"	"0.1"	"0.01"	"0.005"	"0.01"	"100000"	"10000"	"200"	"2616953673753768726"	30000	"intercept"	0.44885235
"0.0"	"0.6"	"0.1"	"0.01"	"0.005"	"0.01"	"100000"	"10000"	"200"	"2616953673753768726"	35000	"slope"	-0.371236765
"0.0"	"0.6"	"0.1"	"0.01"	"0.005"	"0.01"	"100000"	"10000"	"200"	"2616953673753768726"	35000	"intercept"	0.434917555
"0.0"	"0.6"	"0.1"	"0.01"	"0.005"	"0.01"	"100000"	"10000"	"200"	"2616953673753768726"	40000	"slope"	-0.36014186
"0.0"	"0.6"	"0.1"	"0.01"	"0.005"	"0.01"	"100000"	"10000"	"200"	"2616953673753768726"	40000	"intercept"	0.42923799
"0.0"	"0.6"	"0.1"	"0.01"	"0.005"	"0.01"	"100000"	"10000"	"200"	"2616953673753768726"	45000	"slope"	-0.372475145
"0.0"	"0.6"	"0.1"	"0.01"	"0.005"	"0.01"	"100000"	"10000"	"200"	"2616953673753768726"	45000	"intercept"	0.442031985
"0.0"	"0.6"	"0.1"	"0.01"	"0.005"	"0.01"	"100000"	"10000"	"200"	"2616953673753768726"	50000	"slope"	-0.35214644
"0.0"	"0.6"	"0.1"	"0.01"	"0.005"	"0.01"	"100000"	"10000"	"200"	"2616953673753768726"	50000	"intercept"	0.420606885
"0.0"	"0.6"	"0.1"	"0.01"	"0.005"	"0.01"	"100000"	"10000"	"200"	"2616953673753768726"	55000	"slope"	-0.32292004
"0.0"	"0.6"	"0.1"	"0.01"	"0.005"	"0.01"	"100000"	"10000"	"200"	"2616953673753768726"	55000	"intercept"	0.387643305
"0.0"	"0.6"	"0.1"	"0.01"	"0.005"	"0.01"	"100000"	"10000"	"200"	"2616953673753768726"	60000	"slope"	-0.33538526
"0.0"	"0.6"	"0.1"	"0.01"	"0.005"	"0.01"	"100000"	"10000"	"200"	"2616953673753768726"	60000	"intercept"	0.409921645
"0.0"	"0.6"	"0.1"	"0.01"	"0.005"	"0.01"	"100000"	"10000"	"200"	"2616953673753768726"	65000	"slope"	-0.350577205
"0.0"	"0.6"	"0.1"	"0.01"	"0.005"	"0.01"	"100000"	"10000"	"200"	"2616953673753768726"	65000	"intercept"	0.41678762
"0.0"	"0.6"	"0.1"	"0.01"	"0.005"	"0.01"	"100000"	"10000"	"200"	"2616953673753768726"	70000	"slope"	-0.344653505
"0.0"	"0.6"	"0.1"	"0.01"	"0.005"	"0.01"	"100000"	"10000"	"200"	"2616953673753768726"	70000	"intercept"	0.41057244
"0.0"	"0.6"	"0.1"	"0.01"	"0.005"	"0.01"	"100000"	"10000"	"200"	"2616953673753768726"	75000	"slope"	-0.38160988
"0.0"	"0.6"	"0.1"	"0.01"	"0.005"	"0.01"	"100000"	"10000"	"200"	"2616953673753768726"	75000	"intercept"	0.448717335
"0.0"	"0.6"	"0.1"	"0.01"	"0.005"	"0.01"	"100000"	"10000"	"200"	"2616953673753768726"	80000	"slope"	-0.34618996
"0.0"	"0.6"	"0.1"	"0.01"	"0.005"	"0.01"	"100000"	"10000"	"200"	"2616953673753768726"	80000	"intercept"	0.414871215
"0.0"	"0.6"	"0.1"	"0.01"	"0.005"	"0.01"	"100000"	"10000"	"200"	"2616953673753768726"	85000	"slope"	-0.36424229
"0.0"	"0.6"	"0.1"	"0.01"	"0.005"	"0.01"	"100000"	"10000"	"200"	"2616953673753768726"	85000	"intercept"	0.425073905
"0.0"	"0.6"	"0.1"	"0.01"	"0.005"	"0.01"	"100000"	"10000"	"200"	"2616953673753768726"	90000	"slope"	-0.36231495
"0.0"	"0.6"	"0.1"	"0.01"	"0.005"	"0.01"	"100000"	"10000"	"200"	"2616953673753768726"	90000	"intercept"	0.43022138
"0.0"	"0.6"	"0.1"	"0.01"	"0.005"	"0.01"	"100000"	"10000"	"200"	"2616953673753768726"	95000	"slope"	-0.34757002
"0.0"	"0.6"	"0.1"	"0.01"	"0.005"	"0.01"	"100000"	"10000"	"200"	"2616953673753768726"	95000	"intercept"	0.413056915
"0.0"	"0.6"	"0.1"	"0.01"	"0.005"	"0.01"	"100000"	"10000"	"200"	"2616953673753768726"	100000	"slope"	-0.377347625
"0.0"	"0.6"	"0.1"	"0.01"	"0.005"	"0.01"	"100000"	"10000"	"200"	"2616953673753768726"	100000	"intercept"	0.43466275
"0.0"	"0.6"	"0.1"	"0.01"	"0.005"	"0.01"	"100000"	"10000"	"200"	"2835656714717601482"	10	"slope"	-0.00022739883
"0.0"	"0.6"	"0.1"	"0.01"	"0.005"	"0.01"	"100000"	"10000"	"200"	"2835656714717601482"	10	"intercept"	0.499990255
"0.0"	"0.6"	"0.1"	"0.01"	"0.005"	"0.01"	"100000"	"10000"	"200"	"2835656714717601482"	5000	"slope"	-0.21340737
"0.0"	"0.6"	"0.1"	"0.01"	"0.005"	"0.01"	"100000"	"10000"	"200"	"2835656714717601482"	5000	"intercept"	0.318669645
"0.0"	"0.6"	"0.1"	"0.01"	"0.005"	"0.01"	"100000"	"10000"	"200"	"2835656714717601482"	10000	"slope"	-0.261714135
"0.0"	"0.6"	"0.1"	"0.01"	"0.005"	"0.01"	"100000"	"10000"	"200"	"2835656714717601482"	10000	"intercept"	0.354817255
"0.0"	"0.6"	"0.1"	"0.01"	"0.005"	"0.01"	"100000"	"10000"	"200"	"2835656714717601482"	15000	"slope"	-0.312089765
"0.0"	"0.6"	"0.1"	"0.01"	"0.005"	"0.01"	"100000"	"10000"	"200"	"2835656714717601482"	15000	"intercept"	0.38305983
"0.0"	"0.6"	"0.1"	"0.01"	"0.005"	"0.01"	"100000"	"10000"	"200"	"2835656714717601482"	20000	"slope"	-0.35071021
"0.0"	"0.6"	"0.1"	"0.01"	"0.005"	"0.01"	"100000"	"10000"	"200"	"2835656714717601482"	20000	"intercept"	0.418660665
"0.0"	"0.6"	"0.1"	"0.01"	"0.005"	"0.01"	"100000"	"10000"	"200"	"2835656714717601482"	25000	"slope"	-0.374529705
"0.0"	"0.6"	"0.1"	"0.01"	"0.005"	"0.01"	"100000"	"10000"	"200"	"2835656714717601482"	25000	"intercept"	0.43541372
"0.0"	"0.6"	"0.1"	"0.01"	"0.005"	"0.01"	"100000"	"10000"	"200"	"2835656714717601482"	30000	"slope"	-0.38050746
"0.0"	"0.6"	"0.1"	"0.01"	"0.005"	"0.01"	"100000"	"10000"	"200"	"2835656714717601482"	30000	"intercept"	0.44330408
"0.0"	"0.6"	"0.1"	"0.01"	"0.005"	"0.01"	"100000"	"10000"	"200"	"2835656714717601482"	35000	"slope"	-0.35914358
"0.0"	"0.6"	"0.1"	"0.01"	"0.005"	"0.01"	"100000"	"10000"	"200"	"2835656714717601482"	35000	"intercept"	0.42202542
"0.0"	"0.6"	"0.1"	"0.01"	"0.005"	"0.01"	"100000"	"10000"	"200"	"2835656714717601482"	40000	"slope"	-0.379091435
"0.0"	"0.6"	"0.1"	"0.01"	"0.005"	"0.01"	"100000"	"10000"	"200"	"2835656714717601482"	40000	"intercept"	0.44080405
"0.0"	"0.6"	"0.1"	"0.01"	"0.005"	"0.01"	"100000"	"10000"	"200"	"2835656714717601482"	45000	"slope"	-0.36477278
"0.0"	"0.6"	"0.1"	"0.01"	"0.005"	"0.01"	"100000"	"10000"	"200"	"2835656714717601482"	45000	"intercept"	0.42612035
"0.0"	"0.6"	"0.1"	"0.01"	"0.005"	"0.01"	"100000"	"10000"	"200"	"2835656714717601482"	50000	"slope"	-0.362460575
"0.0"	"0.6"	"0.1"	"0.01"	"0.005"	"0.01"	"100000"	"10000"	"200"	"2835656714717601482"	50000	"intercept"	0.423605725
"0.0"	"0.6"	"0.1"	"0.01"	"0.005"	"0.01"	"100000"	"10000"	"200"	"2835656714717601482"	55000	"slope"	-0.358017755
"0.0"	"0.6"	"0.1"	"0.01"	"0.005"	"0.01"	"100000"	"10000"	"200"	"2835656714717601482"	55000	"intercept"	0.421593215
"0.0"	"0.6"	"0.1"	"0.01"	"0.005"	"0.01"	"100000"	"10000"	"200"	"2835656714717601482"	60000	"slope"	-0.35277983
"0.0"	"0.6"	"0.1"	"0.01"	"0.005"	"0.01"	"100000"	"10000"	"200"	"2835656714717601482"	60000	"intercept"	0.41348986
"0.0"	"0.6"	"0.1"	"0.01"	"0.005"	"0.01"	"100000"	"10000"	"200"	"2835656714717601482"	65000	"slope"	-0.385702465
"0.0"	"0.6"	"0.1"	"0.01"	"0.005"	"0.01"	"100000"	"10000"	"200"	"2835656714717601482"	65000	"intercept"	0.44225313
"0.0"	"0.6"	"0.1"	"0.01"	"0.005"	"0.01"	"100000"	"10000"	"200"	"2835656714717601482"	70000	"slope"	-0.380198635
"0.0"	"0.6"	"0.1"	"0.01"	"0.005"	"0.01"	"100000"	"10000"	"200"	"2835656714717601482"	70000	"intercept"	0.440564755
"0.0"	"0.6"	"0.1"	"0.01"	"0.005"	"0.01"	"100000"	"10000"	"200"	"2835656714717601482"	75000	"slope"	-0.3807686
"0.0"	"0.6"	"0.1"	"0.01"	"0.005"	"0.01"	"100000"	"10000"	"200"	"2835656714717601482"	75000	"intercept"	0.438530475
"0.0"	"0.6"	"0.1"	"0.01"	"0.005"	"0.01"	"100000"	"10000"	"200"	"2835656714717601482"	80000	"slope"	-0.390059475
"0.0"	"0.6"	"0.1"	"0.01"	"0.005"	"0.01"	"100000"	"10000"	"200"	"2835656714717601482"	80000	"intercept"	0.444740455
"0.0"	"0.6"	"0.1"	"0.01"	"0.005"	"0.01"	"100000"	"10000"	"200"	"2835656714717601482"	85000	"slope"	-0.39457027
"0.0"	"0.6"	"0.1"	"0.01"	"0.005"	"0.01"	"100000"	"10000"	"200"	"2835656714717601482"	85000	"intercept"	0.451775615
"0.0"	"0.6"	"0.1"	"0.01"	"0.005"	"0.01"	"100000"	"10000"	"200"	"2835656714717601482"	90000	"slope"	-0.385983655
"0.0"	"0.6"	"0.1"	"0.01"	"0.005"	"0.01"	"100000"	"10000"	"200"	"2835656714717601482"	90000	"intercept"	0.44429561
"0.0"	"0.6"	"0.1"	"0.01"	"0.005"	"0.01"	"100000"	"10000"	"200"	"2835656714717601482"	95000	"slope"	-0.40263468
"0.0"	"0.6"	"0.1"	"0.01"	"0.005"	"0.01"	"100000"	"10000"	"200"	"2835656714717601482"	95000	"intercept"	0.458551075
"0.0"	"0.6"	"0.1"	"0.01"	"0.005"	"0.01"	"100000"	"10000"	"200"	"2835656714717601482"	100000	"slope"	-0.391240625
"0.0"	"0.6"	"0.1"	"0.01"	"0.005"	"0.01"	"100000"	"10000"	"200"	"2835656714717601482"	100000	"intercept"	0.445554355
"0.0"	"0.6"	"0.1"	"0.01"	"0.005"	"0.01"	"100000"	"10000"	"200"	"4152396005967363186"	10	"slope"	0.000104580545
"0.0"	"0.6"	"0.1"	"0.01"	"0.005"	"0.01"	"100000"	"10000"	"200"	"4152396005967363186"	10	"intercept"	0.49995548
"0.0"	"0.6"	"0.1"	"0.01"	"0.005"	"0.01"	"100000"	"10000"	"200"	"4152396005967363186"	5000	"slope"	-0.1297257065
"0.0"	"0.6"	"0.1"	"0.01"	"0.005"	"0.01"	"100000"	"10000"	"200"	"4152396005967363186"	5000	"intercept"	0.27247864
"0.0"	"0.6"	"0.1"	"0.01"	"0.005"	"0.01"	"100000"	"10000"	"200"	"4152396005967363186"	10000	"slope"	-0.235890235
"0.0"	"0.6"	"0.1"	"0.01"	"0.005"	"0.01"	"100000"	"10000"	"200"	"4152396005967363186"	10000	"intercept"	0.33553112
"0.0"	"0.6"	"0.1"	"0.01"	"0.005"	"0.01"	"100000"	"10000"	"200"	"4152396005967363186"	15000	"slope"	-0.31219083
"0.0"	"0.6"	"0.1"	"0.01"	"0.005"	"0.01"	"100000"	"10000"	"200"	"4152396005967363186"	15000	"intercept"	0.387631105
"0.0"	"0.6"	"0.1"	"0.01"	"0.005"	"0.01"	"100000"	"10000"	"200"	"4152396005967363186"	20000	"slope"	-0.33206517
"0.0"	"0.6"	"0.1"	"0.01"	"0.005"	"0.01"	"100000"	"10000"	"200"	"4152396005967363186"	20000	"intercept"	0.40195709
"0.0"	"0.6"	"0.1"	"0.01"	"0.005"	"0.01"	"100000"	"10000"	"200"	"4152396005967363186"	25000	"slope"	-0.36569946
"0.0"	"0.6"	"0.1"	"0.01"	"0.005"	"0.01"	"100000"	"10000"	"200"	"4152396005967363186"	25000	"intercept"	0.42835863
"0.0"	"0.6"	"0.1"	"0.01"	"0.005"	"0.01"	"100000"	"10000"	"200"	"4152396005967363186"	30000	"slope"	-0.37807314
"0.0"	"0.6"	"0.1"	"0.01"	"0.005"	"0.01"	"100000"	"10000"	"200"	"4152396005967363186"	30000	"intercept"	0.43637978
"0.0"	"0.6"	"0.1"	"0.01"	"0.005"	"0.01"	"100000"	"10000"	"200"	"4152396005967363186"	35000	"slope"	-0.377132635
"0.0"	"0.6"	"0.1"	"0.01"	"0.005"	"0.01"	"100000"	"10000"	"200"	"4152396005967363186"	35000	"intercept"	0.433851995
"0.0"	"0.6"	"0.1"	"0.01"	"0.005"	"0.01"	"100000"	"10000"	"200"	"4152396005967363186"	40000	"slope"	-0.36504002
"0.0"	"0.6"	"0.1"	"0.01"	"0.005"	"0.01"	"100000"	"10000"	"200"	"4152396005967363186"	40000	"intercept"	0.42918021
"0.0"	"0.6"	"0.1"	"0.01"	"0.005"	"0.01"	"100000"	"10000"	"200"	"4152396005967363186"	45000	"slope"	-0.35856439
"0.0"	"0.6"	"0.1"	"0.01"	"0.005"	"0.01"	"100000"	"10000"	"200"	"4152396005967363186"	45000	"intercept"	0.42433958
"0.0"	"0.6"	"0.1"	"0.01"	"0.005"	"0.01"	"100000"	"10000"	"200"	"4152396005967363186"	50000	"slope"	-0.384077505
"0.0"	"0.6"	"0.1"	"0.01"	"0.005"	"0.01"	"100000"	"10000"	"200"	"4152396005967363186"	50000	"intercept"	0.44077128
"0.0"	"0.6"	"0.1"	"0.01"	"0.005"	"0.01"	"100000"	"10000"	"200"	"4152396005967363186"	55000	"slope"	-0.38205173
"0.0"	"0.6"	"0.1"	"0.01"	"0.005"	"0.01"	"100000"	"10000"	"200"	"4152396005967363186"	55000	"intercept"	0.44849652
"0.0"	"0.6"	"0.1"	"0.01"	"0.005"	"0.01"	"100000"	"10000"	"200"	"4152396005967363186"	60000	"slope"	-0.38914394
"0.0"	"0.6"	"0.1"	"0.01"	"0.005"	"0.01"	"100000"	"10000"	"200"	"4152396005967363186"	60000	"intercept"	0.44810176
"0.0"	"0.6"	"0.1"	"0.01"	"0.005"	"0.01"	"100000"	"10000"	"200"	"4152396005967363186"	65000	"slope"	-0.39630522
"0.0"	"0.6"	"0.1"	"0.01"	"0.005"	"0.01"	"100000"	"10000"	"200"	"4152396005967363186"	65000	"intercept"	0.455396245
"0.0"	"0.6"	"0.1"	"0.01"	"0.005"	"0.01"	"100000"	"10000"	"200"	"4152396005967363186"	70000	"slope"	-0.370617975
"0.0"	"0.6"	"0.1"	"0.01"	"0.005"	"0.01"	"100000"	"10000"	"200"	"4152396005967363186"	70000	"intercept"	0.42873463
"0.0"	"0.6"	"0.1"	"0.01"	"0.005"	"0.01"	"100000"	"10000"	"200"	"4152396005967363186"	75000	"slope"	-0.403098495
"0.0"	"0.6"	"0.1"	"0.01"	"0.005"	"0.01"	"100000"	"10000"	"200"	"4152396005967363186"	75000	"intercept"	0.459863935
"0.0"	"0.6"	"0.1"	"0.01"	"0.005"	"0.01"	"100000"	"10000"	"200"	"4152396005967363186"	80000	"slope"	-0.38851303
"0.0"	"0.6"	"0.1"	"0.01"	"0.005"	"0.01"	"100000"	"10000"	"200"	"4152396005967363186"	80000	"intercept"	0.451317255
"0.0"	"0.6"	"0.1"	"0.01"	"0.005"	"0.01"	"100000"	"10000"	"200"	"4152396005967363186"	85000	"slope"	-0.3888895
"0.0"	"0.6"	"0.1"	"0.01"	"0.005"	"0.01"	"100000"	"10000"	"200"	"4152396005967363186"	85000	"intercept"	0.44490294
"0.0"	"0.6"	"0.1"	"0.01"	"0.005"	"0.01"	"100000"	"10000"	"200"	"4152396005967363186"	90000	"slope"	-0.389567495
"0.0"	"0.6"	"0.1"	"0.01"	"0.005"	"0.01"	"100000"	"10000"	"200"	"4152396005967363186"	90000	"intercept"	0.441243735
"0.0"	"0.6"	"0.1"	"0.01"	"0.005"	"0.01"	"100000"	"10000"	"200"	"4152396005967363186"	95000	"slope"	-0.366914105
"0.0"	"0.6"	"0.1"	"0.01"	"0.005"	"0.01"	"100000"	"10000"	"200"	"4152396005967363186"	95000	"intercept"	0.43091903
"0.0"	"0.6"	"0.1"	"0.01"	"0.005"	"0.01"	"100000"	"10000"	"200"	"4152396005967363186"	100000	"slope"	-0.382942475
"0.0"	"0.6"	"0.1"	"0.01"	"0.005"	"0.01"	"100000"	"10000"	"200"	"4152396005967363186"	100000	"intercept"	0.448499985
"0.0"	"0.6"	"0.1"	"0.01"	"0.005"	"0.01"	"100000"	"10000"	"200"	"6783773978715356606"	10	"slope"	-1.77738e-06
"0.0"	"0.6"	"0.1"	"0.01"	"0.005"	"0.01"	"100000"	"10000"	"200"	"6783773978715356606"	10	"intercept"	0.499824625
"0.0"	"0.6"	"0.1"	"0.01"	"0.005"	"0.01"	"100000"	"10000"	"200"	"6783773978715356606"	5000	"slope"	-0.2090752
"0.0"	"0.6"	"0.1"	"0.01"	"0.005"	"0.01"	"100000"	"10000"	"200"	"6783773978715356606"	5000	"intercept"	0.320246575
"0.0"	"0.6"	"0.1"	"0.01"	"0.005"	"0.01"	"100000"	"10000"	"200"	"6783773978715356606"	10000	"slope"	-0.278984215
"0.0"	"0.6"	"0.1"	"0.01"	"0.005"	"0.01"	"100000"	"10000"	"200"	"6783773978715356606"	10000	"intercept"	0.358879955
"0.0"	"0.6"	"0.1"	"0.01"	"0.005"	"0.01"	"100000"	"10000"	"200"	"6783773978715356606"	15000	"slope"	-0.32271433
"0.0"	"0.6"	"0.1"	"0.01"	"0.005"	"0.01"	"100000"	"10000"	"200"	"6783773978715356606"	15000	"intercept"	0.394742505
"0.0"	"0.6"	"0.1"	"0.01"	"0.005"	"0.01"	"100000"	"10000"	"200"	"6783773978715356606"	20000	"slope"	-0.374580395
"0.0"	"0.6"	"0.1"	"0.01"	"0.005"	"0.01"	"100000"	"10000"	"200"	"6783773978715356606"	20000	"intercept"	0.44074813
"0.0"	"0.6"	"0.1"	"0.01"	"0.005"	"0.01"	"100000"	"10000"	"200"	"6783773978715356606"	25000	"slope"	-0.397147105
"0.0"	"0.6"	"0.1"	"0.01"	"0.005"	"0.01"	"100000"	"10000"	"200"	"6783773978715356606"	25000	"intercept"	0.45621247
"0.0"	"0.6"	"0.1"	"0.01"	"0.005"	"0.01"	"100000"	"10000"	"200"	"6783773978715356606"	30000	"slope"	-0.35417948
"0.0"	"0.6"	"0.1"	"0.01"	"0.005"	"0.01"	"100000"	"10000"	"200"	"6783773978715356606"	30000	"intercept"	0.41966715
"0.0"	"0.6"	"0.1"	"0.01"	"0.005"	"0.01"	"100000"	"10000"	"200"	"6783773978715356606"	35000	"slope"	-0.35839627
"0.0"	"0.6"	"0.1"	"0.01"	"0.005"	"0.01"	"100000"	"10000"	"200"	"6783773978715356606"	35000	"intercept"	0.42252911
"0.0"	"0.6"	"0.1"	"0.01"	"0.005"	"0.01"	"100000"	"10000"	"200"	"6783773978715356606"	40000	"slope"	-0.36702455
"0.0"	"0.6"	"0.1"	"0.01"	"0.005"	"0.01"	"100000"	"10000"	"200"	"6783773978715356606"	40000	"intercept"	0.42900813
"0.0"	"0.6"	"0.1"	"0.01"	"0.005"	"0.01"	"100000"	"10000"	"200"	"6783773978715356606"	45000	"slope"	-0.40433889
"0.0"	"0.6"	"0.1"	"0.01"	"0.005"	"0.01"	"100000"	"10000"	"200"	"6783773978715356606"	45000	"intercept"	0.46536989
"0.0"	"0.6"	"0.1"	"0.01"	"0.005"	"0.01"	"100000"	"10000"	"200"	"6783773978715356606"	50000	"slope"	-0.3932286
"0.0"	"0.6"	"0.1"	"0.01"	"0.005"	"0.01"	"100000"	"10000"	"200"	"6783773978715356606"	50000	"intercept"	0.45820096
"0.0"	"0.6"	"0.1"	"0.01"	"0.005"	"0.01"	"100000"	"10000"	"200"	"6783773978715356606"	55000	"slope"	-0.381747825
"0.0"	"0.6"	"0.1"	"0.01"	"0.005"	"0.01"	"100000"	"10000"	"200"	"6783773978715356606"	55000	"intercept"	0.440623495
"0.0"	"0.6"	"0.1"	"0.01"	"0.005"	"0.01"	"100000"	"10000"	"200"	"6783773978715356606"	60000	"slope"	-0.37492472
"0.0"	"0.6"	"0.1"	"0.01"	"0.005"	"0.01"	"100000"	"10000"	"200"	"6783773978715356606"	60000	"intercept"	0.43411323
"0.0"	"0.6"	"0.1"	"0.01"	"0.005"	"0.01"	"100000"	"10000"	"200"	"6783773978715356606"	65000	"slope"	-0.412739405
"0.0"	"0.6"	"0.1"	"0.01"	"0.005"	"0.01"	"100000"	"10000"	"200"	"6783773978715356606"	65000	"intercept"	0.463488075
"0.0"	"0.6"	"0.1"	"0.01"	"0.005"	"0.01"	"100000"	"10000"	"200"	"6783773978715356606"	70000	"slope"	-0.373783165
"0.0"	"0.6"	"0.1"	"0.01"	"0.005"	"0.01"	"100000"	"10000"	"200"	"6783773978715356606"	70000	"intercept"	0.431680365
"0.0"	"0.6"	"0.1"	"0.01"	"0.005"	"0.01"	"100000"	"10000"	"200"	"6783773978715356606"	75000	"slope"	-0.383199015
"0.0"	"0.6"	"0.1"	"0.01"	"0.005"	"0.01"	"100000"	"10000"	"200"	"6783773978715356606"	75000	"intercept"	0.449508005
"0.0"	"0.6"	"0.1"	"0.01"	"0.005"	"0.01"	"100000"	"10000"	"200"	"6783773978715356606"	80000	"slope"	-0.404004115
"0.0"	"0.6"	"0.1"	"0.01"	"0.005"	"0.01"	"100000"	"10000"	"200"	"6783773978715356606"	80000	"intercept"	0.45409212
"0.0"	"0.6"	"0.1"	"0.01"	"0.005"	"0.01"	"100000"	"10000"	"200"	"6783773978715356606"	85000	"slope"	-0.35302612
"0.0"	"0.6"	"0.1"	"0.01"	"0.005"	"0.01"	"100000"	"10000"	"200"	"6783773978715356606"	85000	"intercept"	0.419228585
"0.0"	"0.6"	"0.1"	"0.01"	"0.005"	"0.01"	"100000"	"10000"	"200"	"6783773978715356606"	90000	"slope"	-0.344689615
"0.0"	"0.6"	"0.1"	"0.01"	"0.005"	"0.01"	"100000"	"10000"	"200"	"6783773978715356606"	90000	"intercept"	0.40998074
"0.0"	"0.6"	"0.1"	"0.01"	"0.005"	"0.01"	"100000"	"10000"	"200"	"6783773978715356606"	95000	"slope"	-0.355069455
"0.0"	"0.6"	"0.1"	"0.01"	"0.005"	"0.01"	"100000"	"10000"	"200"	"6783773978715356606"	95000	"intercept"	0.419484475
"0.0"	"0.6"	"0.1"	"0.01"	"0.005"	"0.01"	"100000"	"10000"	"200"	"6783773978715356606"	100000	"slope"	-0.370727245
"0.0"	"0.6"	"0.1"	"0.01"	"0.005"	"0.01"	"100000"	"10000"	"200"	"6783773978715356606"	100000	"intercept"	0.432201725
"0.0"	"0.6"	"0.1"	"0.01"	"0.005"	"0.01"	"100000"	"10000"	"200"	"8919733220511953611"	10	"slope"	8.3164995e-05
"0.0"	"0.6"	"0.1"	"0.01"	"0.005"	"0.01"	"100000"	"10000"	"200"	"8919733220511953611"	10	"intercept"	0.500028515
"0.0"	"0.6"	"0.1"	"0.01"	"0.005"	"0.01"	"100000"	"10000"	"200"	"8919733220511953611"	5000	"slope"	-0.186079105
"0.0"	"0.6"	"0.1"	"0.01"	"0.005"	"0.01"	"100000"	"10000"	"200"	"8919733220511953611"	5000	"intercept"	0.307605165
"0.0"	"0.6"	"0.1"	"0.01"	"0.005"	"0.01"	"100000"	"10000"	"200"	"8919733220511953611"	10000	"slope"	-0.286754865
"0.0"	"0.6"	"0.1"	"0.01"	"0.005"	"0.01"	"100000"	"10000"	"200"	"8919733220511953611"	10000	"intercept"	0.366993715
"0.0"	"0.6"	"0.1"	"0.01"	"0.005"	"0.01"	"100000"	"10000"	"200"	"8919733220511953611"	15000	"slope"	-0.30824872
"0.0"	"0.6"	"0.1"	"0.01"	"0.005"	"0.01"	"100000"	"10000"	"200"	"8919733220511953611"	15000	"intercept"	0.38577707
"0.0"	"0.6"	"0.1"	"0.01"	"0.005"	"0.01"	"100000"	"10000"	"200"	"8919733220511953611"	20000	"slope"	-0.34306339
"0.0"	"0.6"	"0.1"	"0.01"	"0.005"	"0.01"	"100000"	"10000"	"200"	"8919733220511953611"	20000	"intercept"	0.410352455
"0.0"	"0.6"	"0.1"	"0.01"	"0.005"	"0.01"	"100000"	"10000"	"200"	"8919733220511953611"	25000	"slope"	-0.370138665
"0.0"	"0.6"	"0.1"	"0.01"	"0.005"	"0.01"	"100000"	"10000"	"200"	"8919733220511953611"	25000	"intercept"	0.431134225
"0.0"	"0.6"	"0.1"	"0.01"	"0.005"	"0.01"	"100000"	"10000"	"200"	"8919733220511953611"	30000	"slope"	-0.373542265
"0.0"	"0.6"	"0.1"	"0.01"	"0.005"	"0.01"	"100000"	"10000"	"200"	"8919733220511953611"	30000	"intercept"	0.43313571
"0.0"	"0.6"	"0.1"	"0.01"	"0.005"	"0.01"	"100000"	"10000"	"200"	"8919733220511953611"	35000	"slope"	-0.405499105
"0.0"	"0.6"	"0.1"	"0.01"	"0.005"	"0.01"	"100000"	"10000"	"200"	"8919733220511953611"	35000	"intercept"	0.456573745
"0.0"	"0.6"	"0.1"	"0.01"	"0.005"	"0.01"	"100000"	"10000"	"200"	"8919733220511953611"	40000	"slope"	-0.41363589
"0.0"	"0.6"	"0.1"	"0.01"	"0.005"	"0.01"	"100000"	"10000"	"200"	"8919733220511953611"	40000	"intercept"	0.470356315
"0.0"	"0.6"	"0.1"	"0.01"	"0.005"	"0.01"	"100000"	"10000"	"200"	"8919733220511953611"	45000	"slope"	-0.41572728
"0.0"	"0.6"	"0.1"	"0.01"	"0.005"	"0.01"	"100000"	"10000"	"200"	"8919733220511953611"	45000	"intercept"	0.46442576
"0.0"	"0.6"	"0.1"	"0.01"	"0.005"	"0.01"	"100000"	"10000"	"200"	"8919733220511953611"	50000	"slope"	-0.402157725
"0.0"	"0.6"	"0.1"	"0.01"	"0.005"	"0.01"	"100000"	"10000"	"200"	"8919733220511953611"	50000	"intercept"	0.462700585
"0.0"	"0.6"	"0.1"	"0.01"	"0.005"	"0.01"	"100000"	"10000"	"200"	"8919733220511953611"	55000	"slope"	-0.417974535
"0.0"	"0.6"	"0.1"	"0.01"	"0.005"	"0.01"	"100000"	"10000"	"200"	"8919733220511953611"	55000	"intercept"	0.4675406
"0.0"	"0.6"	"0.1"	"0.01"	"0.005"	"0.01"	"100000"	"10000"	"200"	"8919733220511953611"	60000	"slope"	-0.356416845
"0.0"	"0.6"	"0.1"	"0.01"	"0.005"	"0.01"	"100000"	"10000"	"200"	"8919733220511953611"	60000	"intercept"	0.419212275
"0.0"	"0.6"	"0.1"	"0.01"	"0.005"	"0.01"	"100000"	"10000"	"200"	"8919733220511953611"	65000	"slope"	-0.386605475
"0.0"	"0.6"	"0.1"	"0.01"	"0.005"	"0.01"	"100000"	"10000"	"200"	"8919733220511953611"	65000	"intercept"	0.452122645
"0.0"	"0.6"	"0.1"	"0.01"	"0.005"	"0.01"	"100000"	"10000"	"200"	"8919733220511953611"	70000	"slope"	-0.39070681
"0.0"	"0.6"	"0.1"	"0.01"	"0.005"	"0.01"	"100000"	"10000"	"200"	"8919733220511953611"	70000	"intercept"	0.44871381
"0.0"	"0.6"	"0.1"	"0.01"	"0.005"	"0.01"	"100000"	"10000"	"200"	"8919733220511953611"	75000	"slope"	-0.356578155
"0.0"	"0.6"	"0.1"	"0.01"	"0.005"	"0.01"	"100000"	"10000"	"200"	"8919733220511953611"	75000	"intercept"	0.424969585
"0.0"	"0.6"	"0.1"	"0.01"	"0.005"	"0.01"	"100000"	"10000"	"200"	"8919733220511953611"	80000	"slope"	-0.35807589
"0.0"	"0.6"	"0.1"	"0.01"	"0.005"	"0.01"	"100000"	"10000"	"200"	"8919733220511953611"	80000	"intercept"	0.42664318
"0.0"	"0.6"	"0.1"	"0.01"	"0.005"	"0.01"	"100000"	"10000"	"200"	"8919733220511953611"	85000	"slope"	-0.385255965
"0.0"	"0.6"	"0.1"	"0.01"	"0.005"	"0.01"	"100000"	"10000"	"200"	"8919733220511953611"	85000	"intercept"	0.44735491
"0.0"	"0.6"	"0.1"	"0.01"	"0.005"	"0.01"	"100000"	"10000"	"200"	"8919733220511953611"	90000	"slope"	-0.356060845
"0.0"	"0.6"	"0.1"	"0.01"	"0.005"	"0.01"	"100000"	"10000"	"200"	"8919733220511953611"	90000	"intercept"	0.42241691
"0.0"	"0.6"	"0.1"	"0.01"	"0.005"	"0.01"	"100000"	"10000"	"200"	"8919733220511953611"	95000	"slope"	-0.37322414
"0.0"	"0.6"	"0.1"	"0.01"	"0.005"	"0.01"	"100000"	"10000"	"200"	"8919733220511953611"	95000	"intercept"	0.43324636
"0.0"	"0.6"	"0.1"	"0.01"	"0.005"	"0.01"	"100000"	"10000"	"200"	"8919733220511953611"	100000	"slope"	-0.38498323
"0.0"	"0.6"	"0.1"	"0.01"	"0.005"	"0.01"	"100000"	"10000"	"200"	"8919733220511953611"	100000	"intercept"	0.44539552
"0.0"	"0.85"	"0.1"	"0.01"	"0.005"	"0.01"	"100000"	"10000"	"200"	"3362892673063139536"	10	"slope"	-0.0002242870305
"0.0"	"0.85"	"0.1"	"0.01"	"0.005"	"0.01"	"100000"	"10000"	"200"	"3362892673063139536"	10	"intercept"	0.500136975
"0.0"	"0.85"	"0.1"	"0.01"	"0.005"	"0.01"	"100000"	"10000"	"200"	"3362892673063139536"	5000	"slope"	-0.170078735
"0.0"	"0.85"	"0.1"	"0.01"	"0.005"	"0.01"	"100000"	"10000"	"200"	"3362892673063139536"	5000	"intercept"	0.293657555
"0.0"	"0.85"	"0.1"	"0.01"	"0.005"	"0.01"	"100000"	"10000"	"200"	"3362892673063139536"	10000	"slope"	-0.27826506
"0.0"	"0.85"	"0.1"	"0.01"	"0.005"	"0.01"	"100000"	"10000"	"200"	"3362892673063139536"	10000	"intercept"	0.36454617
"0.0"	"0.85"	"0.1"	"0.01"	"0.005"	"0.01"	"100000"	"10000"	"200"	"3362892673063139536"	15000	"slope"	-0.320713185
"0.0"	"0.85"	"0.1"	"0.01"	"0.005"	"0.01"	"100000"	"10000"	"200"	"3362892673063139536"	15000	"intercept"	0.39472613
"0.0"	"0.85"	"0.1"	"0.01"	"0.005"	"0.01"	"100000"	"10000"	"200"	"3362892673063139536"	20000	"slope"	-0.354276765
"0.0"	"0.85"	"0.1"	"0.01"	"0.005"	"0.01"	"100000"	"10000"	"200"	"3362892673063139536"	20000	"intercept"	0.423813755
"0.0"	"0.85"	"0.1"	"0.01"	"0.005"	"0.01"	"100000"	"10000"	"200"	"3362892673063139536"	25000	"slope"	-0.37594635
"0.0"	"0.85"	"0.1"	"0.01"	"0.005"	"0.01"	"100000"	"10000"	"200"	"3362892673063139536"	25000	"intercept"	0.43878502
"0.0"	"0.85"	"0.1"	"0.01"	"0.005"	"0.01"	"100000"	"10000"	"200"	"3362892673063139536"	30000	"slope"	-0.387136955
"0.0"	"0.85"	"0.1"	"0.01"	"0.005"	"0.01"	"100000"	"10000"	"200"	"3362892673063139536"	30000	"intercept"	0.45173537
"0.0"	"0.85"	"0.1"	"0.01"	"0.005"	"0.01"	"100000"	"10000"	"200"	"3362892673063139536"	35000	"slope"	-0.38911875
"0.0"	"0.85"	"0.1"	"0.01"	"0.005"	"0.01"	"100000"	"10000"	"200"	"3362892673063139536"	35000	"intercept"	0.4546901
"0.0"	"0.85"	"0.1"	"0.01"	"0.005"	"0.01"	"100000"	"10000"	"200"	"3362892673063139536"	40000	"slope"	-0.36702923
"0.0"	"0.85"	"0.1"	"0.01"	"0.005"	"0.01"	"100000"	"10000"	"200"	"3362892673063139536"	40000	"intercept"	0.43054782
"0.0"	"0.85"	"0.1"	"0.01"	"0.005"	"0.01"	"100000"	"10000"	"200"	"3362892673063139536"	45000	"slope"	-0.359218865
"0.0"	"0.85"	"0.1"	"0.01"	"0.005"	"0.01"	"100000"	"10000"	"200"	"3362892673063139536"	45000	"intercept"	0.423705155
"0.0"	"0.85"	"0.1"	"0.01"	"0.005"	"0.01"	"100000"	"10000"	"200"	"3362892673063139536"	50000	"slope"	-0.36226551
"0.0"	"0.85"	"0.1"	"0.01"	"0.005"	"0.01"	"100000"	"10000"	"200"	"3362892673063139536"	50000	"intercept"	0.42741262
"0.0"	"0.85"	"0.1"	"0.01"	"0.005"	"0.01"	"100000"	"10000"	"200"	"3362892673063139536"	55000	"slope"	-0.372501585
"0.0"	"0.85"	"0.1"	"0.01"	"0.005"	"0.01"	"100000"	"10000"	"200"	"3362892673063139536"	55000	"intercept"	0.437587395
"0.0"	"0.85"	"0.1"	"0.01"	"0.005"	"0.01"	"100000"	"10000"	"200"	"3362892673063139536"	60000	"slope"	-0.38103577
"0.0"	"0.85"	"0.1"	"0.01"	"0.005"	"0.01"	"100000"	"10000"	"200"	"3362892673063139536"	60000	"intercept"	0.444453005
"0.0"	"0.85"	"0.1"	"0.01"	"0.005"	"0.01"	"100000"	"10000"	"200"	"3362892673063139536"	65000	"slope"	-0.39149423
"0.0"	"0.85"	"0.1"	"0.01"	"0.005"	"0.01"	"100000"	"10000"	"200"	"3362892673063139536"	65000	"intercept"	0.443640615
"0.0"	"0.85"	"0.1"	"0.01"	"0.005"	"0.01"	"100000"	"10000"	"200"	"3362892673063139536"	70000	"slope"	-0.35190706
"0.0"	"0.85"	"0.1"	"0.01"	"0.005"	"0.01"	"100000"	"10000"	"200"	"3362892673063139536"	70000	"intercept"	0.42275891
"0.0"	"0.85"	"0.1"	"0.01"	"0.005"	"0.01"	"100000"	"10000"	"200"	"3362892673063139536"	75000	"slope"	-0.366258525
"0.0"	"0.85"	"0.1"	"0.01"	"0.005"	"0.01"	"100000"	"10000"	"200"	"3362892673063139536"	75000	"intercept"	0.42689456
"0.0"	"0.85"	"0.1"	"0.01"	"0.005"	"0.01"	"100000"	"10000"	"200"	"3362892673063139536"	80000	"slope"	-0.387129505
"0.0"	"0.85"	"0.1"	"0.01"	"0.005"	"0.01"	"100000"	"10000"	"200"	"3362892673063139536"	80000	"intercept"	0.44281834
"0.0"	"0.85"	"0.1"	"0.01"	"0.005"	"0.01"	"100000"	"10000"	"200"	"3362892673063139536"	85000	"slope"	-0.381661855
"0.0"	"0.85"	"0.1"	"0.01"	"0.005"	"0.01"	"100000"	"10000"	"200"	"3362892673063139536"	85000	"intercept"	0.44477351
"0.0"	"0.85"	"0.1"	"0.01"	"0.005"	"0.01"	"100000"	"10000"	"200"	"3362892673063139536"	90000	"slope"	-0.39489578
"0.0"	"0.85"	"0.1"	"0.01"	"0.005"	"0.01"	"100000"	"10000"	"200"	"3362892673063139536"	90000	"intercept"	0.45566767
"0.0"	"0.85"	"0.1"	"0.01"	"0.005"	"0.01"	"100000"	"10000"	"200"	"3362892673063139536"	95000	"slope"	-0.403229565
"0.0"	"0.85"	"0.1"	"0.01"	"0.005"	"0.01"	"100000"	"10000"	"200"	"3362892673063139536"	95000	"intercept"	0.466427925
"0.0"	"0.85"	"0.1"	"0.01"	"0.005"	"0.01"	"100000"	"10000"	"200"	"3362892673063139536"	100000	"slope"	-0.389935305
"0.0"	"0.85"	"0.1"	"0.01"	"0.005"	"0.01"	"100000"	"10000"	"200"	"3362892673063139536"	100000	"intercept"	0.452526555
"0.0"	"0.85"	"0.1"	"0.01"	"0.005"	"0.01"	"100000"	"10000"	"200"	"5150413283774739590"	10	"slope"	2.6637811e-05
"0.0"	"0.85"	"0.1"	"0.01"	"0.005"	"0.01"	"100000"	"10000"	"200"	"5150413283774739590"	10	"intercept"	0.499957725
"0.0"	"0.85"	"0.1"	"0.01"	"0.005"	"0.01"	"100000"	"10000"	"200"	"5150413283774739590"	5000	"slope"	-0.220288645
"0.0"	"0.85"	"0.1"	"0.01"	"0.005"	"0.01"	"100000"	"10000"	"200"	"5150413283774739590"	5000	"intercept"	0.326289165
"0.0"	"0.85"	"0.1"	"0.01"	"0.005"	"0.01"	"100000"	"10000"	"200"	"5150413283774739590"	10000	"slope"	-0.27631554
"0.0"	"0.85"	"0.1"	"0.01"	"0.005"	"0.01"	"100000"	"10000"	"200"	"5150413283774739590"	10000	"intercept"	0.35916256
"0.0"	"0.85"	"0.1"	"0.01"	"0.005"	"0.01"	"100000"	"10000"	"200"	"5150413283774739590"	15000	"slope"	-0.31617994
"0.0"	"0.85"	"0.1"	"0.01"	"0.005"	"0.01"	"100000"	"10000"	"200"	"5150413283774739590"	15000	"intercept"	0.392004325
"0.0"	"0.85"	"0.1"	"0.01"	"0.005"	"0.01"	"100000"	"10000"	"200"	"5150413283774739590"	20000	"slope"	-0.35126369
"0.0"	"0.85"	"0.1"	"0.01"	"0.005"	"0.01"	"100000"	"10000"	"200"	"5150413283774739590"	20000	"intercept"	0.41767446
"0.0"	"0.85"	"0.1"	"0.01"	"0.005"	"0.01"	"100000"	"10000"	"200"	"5150413283774739590"	25000	"slope"	-0.37835357
"0.0"	"0.85"	"0.1"	"0.01"	"0.005"	"0.01"	"100000"	"10000"	"200"	"5150413283774739590"	25000	"intercept"	0.433545755
"0.0"	"0.85"	"0.1"	"0.01"	"0.005"	"0.01"	"100000"	"10000"	"200"	"5150413283774739590"	30000	"slope"	-0.3969088
"0.0"	"0.85"	"0.1"	"0.01"	"0.005"	"0.01"	"100000"	"10000"	"200"	"5150413283774739590"	30000	"intercept"	0.45940921
"0.0"	"0.85"	"0.1"	"0.01"	"0.005"	"0.01"	"100000"	"10000"	"200"	"5150413283774739590"	35000	"slope"	-0.398403885
"0.0"	"0.85"	"0.1"	"0.01"	"0.005"	"0.01"	"100000"	"10000"	"200"	"5150413283774739590"	35000	"intercept"	0.458658595
"0.0"	"0.85"	"0.1"	"0.01"	"0.005"	"0.01"	"100000"	"10000"	"200"	"5150413283774739590"	40000	"slope"	-0.4056697
"0.0"	"0.85"	"0.1"	"0.01"	"0.005"	"0.01"	"100000"	"10000"	"200"	"5150413283774739590"	40000	"intercept"	0.456912875
"0.0"	"0.85"	"0.1"	"0.01"	"0.005"	"0.01"	"100000"	"10000"	"200"	"5150413283774739590"	45000	"slope"	-0.398508565
"0.0"	"0.85"	"0.1"	"0.01"	"0.005"	"0.01"	"100000"	"10000"	"200"	"5150413283774739590"	45000	"intercept"	0.45280389
"0.0"	"0.85"	"0.1"	"0.01"	"0.005"	"0.01"	"100000"	"10000"	"200"	"5150413283774739590"	50000	"slope"	-0.3757155
"0.0"	"0.85"	"0.1"	"0.01"	"0.005"	"0.01"	"100000"	"10000"	"200"	"5150413283774739590"	50000	"intercept"	0.433107505
"0.0"	"0.85"	"0.1"	"0.01"	"0.005"	"0.01"	"100000"	"10000"	"200"	"5150413283774739590"	55000	"slope"	-0.37438214
"0.0"	"0.85"	"0.1"	"0.01"	"0.005"	"0.01"	"100000"	"10000"	"200"	"5150413283774739590"	55000	"intercept"	0.439782015
"0.0"	"0.85"	"0.1"	"0.01"	"0.005"	"0.01"	"100000"	"10000"	"200"	"5150413283774739590"	60000	"slope"	-0.38770565
"0.0"	"0.85"	"0.1"	"0.01"	"0.005"	"0.01"	"100000"	"10000"	"200"	"5150413283774739590"	60000	"intercept"	0.447336255
"0.0"	"0.85"	"0.1"	"0.01"	"0.005"	"0.01"	"100000"	"10000"	"200"	"5150413283774739590"	65000	"slope"	-0.371159745
"0.0"	"0.85"	"0.1"	"0.01"	"0.005"	"0.01"	"100000"	"10000"	"200"	"5150413283774739590"	65000	"intercept"	0.43640104
"0.0"	"0.85"	"0.1"	"0.01"	"0.005"	"0.01"	"100000"	"10000"	"200"	"5150413283774739590"	70000	"slope"	-0.36698306
"0.0"	"0.85"	"0.1"	"0.01"	"0.005"	"0.01"	"100000"	"10000"	"200"	"5150413283774739590"	70000	"intercept"	0.43100335
"0.0"	"0.85"	"0.1"	"0.01"	"0.005"	"0.01"	"100000"	"10000"	"200"	"5150413283774739590"	75000	"slope"	-0.349742575
"0.0"	"0.85"	"0.1"	"0.01"	"0.005"	"0.01"	"100000"	"10000"	"200"	"5150413283774739590"	75000	"intercept"	0.415964175
"0.0"	"0.85"	"0.1"	"0.01"	"0.005"	"0.01"	"100000"	"10000"	"200"	"5150413283774739590"	80000	"slope"	-0.3573715
"0.0"	"0.85"	"0.1"	"0.01"	"0.005"	"0.01"	"100000"	"10000"	"200"	"5150413283774739590"	80000	"intercept"	0.422627805
"0.0"	"0.85"	"0.1"	"0.01"	"0.005"	"0.01"	"100000"	"10000"	"200"	"5150413283774739590"	85000	"slope"	-0.35766979
"0.0"	"0.85"	"0.1"	"0.01"	"0.005"	"0.01"	"100000"	"10000"	"200"	"5150413283774739590"	85000	"intercept"	0.419644285
"0.0"	"0.85"	"0.1"	"0.01"	"0.005"	"0.01"	"100000"	"10000"	"200"	"5150413283774739590"	90000	"slope"	-0.356402355
"0.0"	"0.85"	"0.1"	"0.01"	"0.005"	"0.01"	"100000"	"10000"	"200"	"5150413283774739590"	90000	"intercept"	0.42603076
"0.0"	"0.85"	"0.1"	"0.01"	"0.005"	"0.01"	"100000"	"10000"	"200"	"5150413283774739590"	95000	"slope"	-0.366058315
"0.0"	"0.85"	"0.1"	"0.01"	"0.005"	"0.01"	"100000"	"10000"	"200"	"5150413283774739590"	95000	"intercept"	0.430645055
"0.0"	"0.85"	"0.1"	"0.01"	"0.005"	"0.01"	"100000"	"10000"	"200"	"5150413283774739590"	100000	"slope"	-0.368973705
"0.0"	"0.85"	"0.1"	"0.01"	"0.005"	"0.01"	"100000"	"10000"	"200"	"5150413283774739590"	100000	"intercept"	0.43363636
"0.0"	"0.85"	"0.1"	"0.01"	"0.005"	"0.01"	"100000"	"10000"	"200"	"7475316211636524571"	10	"slope"	0.000142266585
"0.0"	"0.85"	"0.1"	"0.01"	"0.005"	"0.01"	"100000"	"10000"	"200"	"7475316211636524571"	10	"intercept"	0.500003355
"0.0"	"0.85"	"0.1"	"0.01"	"0.005"	"0.01"	"100000"	"10000"	"200"	"7475316211636524571"	5000	"slope"	-0.21340271
"0.0"	"0.85"	"0.1"	"0.01"	"0.005"	"0.01"	"100000"	"10000"	"200"	"7475316211636524571"	5000	"intercept"	0.31948662
"0.0"	"0.85"	"0.1"	"0.01"	"0.005"	"0.01"	"100000"	"10000"	"200"	"7475316211636524571"	10000	"slope"	-0.318067815
"0.0"	"0.85"	"0.1"	"0.01"	"0.005"	"0.01"	"100000"	"10000"	"200"	"7475316211636524571"	10000	"intercept"	0.392878995
"0.0"	"0.85"	"0.1"	"0.01"	"0.005"	"0.01"	"100000"	"10000"	"200"	"7475316211636524571"	15000	"slope"	-0.360802805
"0.0"	"0.85"	"0.1"	"0.01"	"0.005"	"0.01"	"100000"	"10000"	"200"	"7475316211636524571"	15000	"intercept"	0.42603953
"0.0"	"0.85"	"0.1"	"0.01"	"0.005"	"0.01"	"100000"	"10000"	"200"	"7475316211636524571"	20000	"slope"	-0.368626995
"0.0"	"0.85"	"0.1"	"0.01"	"0.005"	"0.01"	"100000"	"10000"	"200"	"7475316211636524571"	20000	"intercept"	0.43706263
"0.0"	"0.85"	"0.1"	"0.01"	"0.005"	"0.01"	"100000"	"10000"	"200"	"7475316211636524571"	25000	"slope"	-0.38904112
"0.0"	"0.85"	"0.1"	"0.01"	"0.005"	"0.01"	"100000"	"10000"	"200"	"7475316211636524571"	25000	"intercept"	0.453014695
"0.0"	"0.85"	"0.1"	"0.01"	"0.005"	"0.01"	"100000"	"10000"	"200"	"7475316211636524571"	30000	"slope"	-0.36743923
"0.0"	"0.85"	"0.1"	"0.01"	"0.005"	"0.01"	"100000"	"10000"	"200"	"7475316211636524571"	30000	"intercept"	0.439984115
"0.0"	"0.85"	"0.1"	"0.01"	"0.005"	"0.01"	"100000"	"10000"	"200"	"7475316211636524571"	35000	"slope"	-0.387824805
"0.0"	"0.85"	"0.1"	"0.01"	"0.005"	"0.01"	"100000"	"10000"	"200"	"7475316211636524571"	35000	"intercept"	0.44752757
"0.0"	"0.85"	"0.1"	"0.01"	"0.005"	"0.01"	"100000"	"10000"	"200"	"7475316211636524571"	40000	"slope"	-0.39895641
"0.0"	"0.85"	"0.1"	"0.01"	"0.005"	"0.01"	"100000"	"10000"	"200"	"7475316211636524571"	40000	"intercept"	0.4629851
"0.0"	"0.85"	"0.1"	"0.01"	"0.005"	"0.01"	"100000"	"10000"	"200"	"7475316211636524571"	45000	"slope"	-0.386988305
"0.0"	"0.85"	"0.1"	"0.01"	"0.005"	"0.01"	"100000"	"10000"	"200"	"7475316211636524571"	45000	"intercept"	0.44652176
"0.0"	"0.85"	"0.1"	"0.01"	"0.005"	"0.01"	"100000"	"10000"	"200"	"7475316211636524571"	50000	"slope"	-0.38307648
"0.0"	"0.85"	"0.1"	"0.01"	"0.005"	"0.01"	"100000"	"10000"	"200"	"7475316211636524571"	50000	"intercept"	0.44065087
"0.0"	"0.85"	"0.1"	"0.01"	"0.005"	"0.01"	"100000"	"10000"	"200"	"7475316211636524571"	55000	"slope"	-0.38582375
"0.0"	"0.85"	"0.1"	"0.01"	"0.005"	"0.01"	"100000"	"10000"	"200"	"7475316211636524571"	55000	"intercept"	0.45129955
"0.0"	"0.85"	"0.1"	"0.01"	"0.005"	"0.01"	"100000"	"10000"	"200"	"7475316211636524571"	60000	"slope"	-0.385636955
"0.0"	"0.85"	"0.1"	"0.01"	"0.005"	"0.01"	"100000"	"10000"	"200"	"7475316211636524571"	60000	"intercept"	0.445115165
"0.0"	"0.85"	"0.1"	"0.01"	"0.005"	"0.01"	"100000"	"10000"	"200"	"7475316211636524571"	65000	"slope"	-0.39603756
"0.0"	"0.85"	"0.1"	"0.01"	"0.005"	"0.01"	"100000"	"10000"	"200"	"7475316211636524571"	65000	"intercept"	0.451494505
"0.0"	"0.85"	"0.1"	"0.01"	"0.005"	"0.01"	"100000"	"10000"	"200"	"7475316211636524571"	70000	"slope"	-0.36006435
"0.0"	"0.85"	"0.1"	"0.01"	"0.005"	"0.01"	"100000"	"10000"	"200"	"7475316211636524571"	70000	"intercept"	0.423397175
"0.0"	"0.85"	"0.1"	"0.01"	"0.005"	"0.01"	"100000"	"10000"	"200"	"7475316211636524571"	75000	"slope"	-0.390193775
"0.0"	"0.85"	"0.1"	"0.01"	"0.005"	"0.01"	"100000"	"10000"	"200"	"7475316211636524571"	75000	"intercept"	0.44985813
"0.0"	"0.85"	"0.1"	"0.01"	"0.005"	"0.01"	"100000"	"10000"	"200"	"7475316211636524571"	80000	"slope"	-0.403062905
"0.0"	"0.85"	"0.1"	"0.01"	"0.005"	"0.01"	"100000"	"10000"	"200"	"7475316211636524571"	80000	"intercept"	0.456111715
"0.0"	"0.85"	"0.1"	"0.01"	"0.005"	"0.01"	"100000"	"10000"	"200"	"7475316211636524571"	85000	"slope"	-0.378831715
"0.0"	"0.85"	"0.1"	"0.01"	"0.005"	"0.01"	"100000"	"10000"	"200"	"7475316211636524571"	85000	"intercept"	0.440728815
"0.0"	"0.85"	"0.1"	"0.01"	"0.005"	"0.01"	"100000"	"10000"	"200"	"7475316211636524571"	90000	"slope"	-0.39851921
"0.0"	"0.85"	"0.1"	"0.01"	"0.005"	"0.01"	"100000"	"10000"	"200"	"7475316211636524571"	90000	"intercept"	0.451556885
"0.0"	"0.85"	"0.1"	"0.01"	"0.005"	"0.01"	"100000"	"10000"	"200"	"7475316211636524571"	95000	"slope"	-0.373979355
"0.0"	"0.85"	"0.1"	"0.01"	"0.005"	"0.01"	"100000"	"10000"	"200"	"7475316211636524571"	95000	"intercept"	0.439379745
"0.0"	"0.85"	"0.1"	"0.01"	"0.005"	"0.01"	"100000"	"10000"	"200"	"7475316211636524571"	100000	"slope"	-0.401331845
"0.0"	"0.85"	"0.1"	"0.01"	"0.005"	"0.01"	"100000"	"10000"	"200"	"7475316211636524571"	100000	"intercept"	0.45464411
"0.0"	"0.85"	"0.1"	"0.01"	"0.005"	"0.01"	"100000"	"10000"	"200"	"8777447009420444247"	10	"slope"	-5.356136e-05
"0.0"	"0.85"	"0.1"	"0.01"	"0.005"	"0.01"	"100000"	"10000"	"200"	"8777447009420444247"	10	"intercept"	0.49984755
"0.0"	"0.85"	"0.1"	"0.01"	"0.005"	"0.01"	"100000"	"10000"	"200"	"8777447009420444247"	5000	"slope"	-0.22189868
"0.0"	"0.85"	"0.1"	"0.01"	"0.005"	"0.01"	"100000"	"10000"	"200"	"8777447009420444247"	5000	"intercept"	0.32594917
"0.0"	"0.85"	"0.1"	"0.01"	"0.005"	"0.01"	"100000"	"10000"	"200"	"8777447009420444247"	10000	"slope"	-0.33376829
"0.0"	"0.85"	"0.1"	"0.01"	"0.005"	"0.01"	"100000"	"10000"	"200"	"8777447009420444247"	10000	"intercept"	0.408147425
"0.0"	"0.85"	"0.1"	"0.01"	"0.005"	"0.01"	"100000"	"10000"	"200"	"8777447009420444247"	15000	"slope"	-0.365354365
"0.0"	"0.85"	"0.1"	"0.01"	"0.005"	"0.01"	"100000"	"10000"	"200"	"8777447009420444247"	15000	"intercept"	0.43103521
"0.0"	"0.85"	"0.1"	"0.01"	"0.005"	"0.01"	"100000"	"10000"	"200"	"8777447009420444247"	20000	"slope"	-0.399638915
"0.0"	"0.85"	"0.1"	"0.01"	"0.005"	"0.01"	"100000"	"10000"	"200"	"8777447009420444247"	20000	"intercept"	0.451931045
"0.0"	"0.85"	"0.1"	"0.01"	"0.005"	"0.01"	"100000"	"10000"	"200"	"8777447009420444247"	25000	"slope"	-0.36653964
"0.0"	"0.85"	"0.1"	"0.01"	"0.005"	"0.01"	"100000"	"10000"	"200"	"8777447009420444247"	25000	"intercept"	0.433275725
"0.0"	"0.85"	"0.1"	"0.01"	"0.005"	"0.01"	"100000"	"10000"	"200"	"8777447009420444247"	30000	"slope"	-0.382273665
"0.0"	"0.85"	"0.1"	"0.01"	"0.005"	"0.01"	"100000"	"10000"	"200"	"8777447009420444247"	30000	"intercept"	0.43893363
"0.0"	"0.85"	"0.1"	"0.01"	"0.005"	"0.01"	"100000"	"10000"	"200"	"8777447009420444247"	35000	"slope"	-0.3864548
"0.0"	"0.85"	"0.1"	"0.01"	"0.005"	"0.01"	"100000"	"10000"	"200"	"8777447009420444247"	35000	"intercept"	0.445769025
"0.0"	"0.85"	"0.1"	"0.01"	"0.005"	"0.01"	"100000"	"10000"	"200"	"8777447009420444247"	40000	"slope"	-0.36265173
"0.0"	"0.85"	"0.1"	"0.01"	"0.005"	"0.01"	"100000"	"10000"	"200"	"8777447009420444247"	40000	"intercept"	0.43372181
"0.0"	"0.85"	"0.1"	"0.01"	"0.005"	"0.01"	"100000"	"10000"	"200"	"8777447009420444247"	45000	"slope"	-0.360250485
"0.0"	"0.85"	"0.1"	"0.01"	"0.005"	"0.01"	"100000"	"10000"	"200"	"8777447009420444247"	45000	"intercept"	0.424706485
"0.0"	"0.85"	"0.1"	"0.01"	"0.005"	"0.01"	"100000"	"10000"	"200"	"8777447009420444247"	50000	"slope"	-0.36354258
"0.0"	"0.85"	"0.1"	"0.01"	"0.005"	"0.01"	"100000"	"10000"	"200"	"8777447009420444247"	50000	"intercept"	0.42729639
"0.0"	"0.85"	"0.1"	"0.01"	"0.005"	"0.01"	"100000"	"10000"	"200"	"8777447009420444247"	55000	"slope"	-0.37904552
"0.0"	"0.85"	"0.1"	"0.01"	"0.005"	"0.01"	"100000"	"10000"	"200"	"8777447009420444247"	55000	"intercept"	0.44579727
"0.0"	"0.85"	"0.1"	"0.01"	"0.005"	"0.01"	"100000"	"10000"	"200"	"8777447009420444247"	60000	"slope"	-0.365550465
"0.0"	"0.85"	"0.1"	"0.01"	"0.005"	"0.01"	"100000"	"10000"	"200"	"8777447009420444247"	60000	"intercept"	0.42744584
"0.0"	"0.85"	"0.1"	"0.01"	"0.005"	"0.01"	"100000"	"10000"	"200"	"8777447009420444247"	65000	"slope"	-0.356227765
"0.0"	"0.85"	"0.1"	"0.01"	"0.005"	"0.01"	"100000"	"10000"	"200"	"8777447009420444247"	65000	"intercept"	0.42204169
"0.0"	"0.85"	"0.1"	"0.01"	"0.005"	"0.01"	"100000"	"10000"	"200"	"8777447009420444247"	70000	"slope"	-0.377444785
"0.0"	"0.85"	"0.1"	"0.01"	"0.005"	"0.01"	"100000"	"10000"	"200"	"8777447009420444247"	70000	"intercept"	0.428539095
"0.0"	"0.85"	"0.1"	"0.01"	"0.005"	"0.01"	"100000"	"10000"	"200"	"8777447009420444247"	75000	"slope"	-0.40659907
"0.0"	"0.85"	"0.1"	"0.01"	"0.005"	"0.01"	"100000"	"10000"	"200"	"8777447009420444247"	75000	"intercept"	0.460948895
"0.0"	"0.85"	"0.1"	"0.01"	"0.005"	"0.01"	"100000"	"10000"	"200"	"8777447009420444247"	80000	"slope"	-0.386775875
"0.0"	"0.85"	"0.1"	"0.01"	"0.005"	"0.01"	"100000"	"10000"	"200"	"8777447009420444247"	80000	"intercept"	0.445870735
"0.0"	"0.85"	"0.1"	"0.01"	"0.005"	"0.01"	"100000"	"10000"	"200"	"8777447009420444247"	85000	"slope"	-0.38323945
"0.0"	"0.85"	"0.1"	"0.01"	"0.005"	"0.01"	"100000"	"10000"	"200"	"8777447009420444247"	85000	"intercept"	0.44477619
"0.0"	"0.85"	"0.1"	"0.01"	"0.005"	"0.01"	"100000"	"10000"	"200"	"8777447009420444247"	90000	"slope"	-0.397765815
"0.0"	"0.85"	"0.1"	"0.01"	"0.005"	"0.01"	"100000"	"10000"	"200"	"8777447009420444247"	90000	"intercept"	0.454910345
"0.0"	"0.85"	"0.1"	"0.01"	"0.005"	"0.01"	"100000"	"10000"	"200"	"8777447009420444247"	95000	"slope"	-0.39529768
"0.0"	"0.85"	"0.1"	"0.01"	"0.005"	"0.01"	"100000"	"10000"	"200"	"8777447009420444247"	95000	"intercept"	0.451786685
"0.0"	"0.85"	"0.1"	"0.01"	"0.005"	"0.01"	"100000"	"10000"	"200"	"8777447009420444247"	100000	"slope"	-0.37347026
"0.0"	"0.85"	"0.1"	"0.01"	"0.005"	"0.01"	"100000"	"10000"	"200"	"8777447009420444247"	100000	"intercept"	0.44090517
"0.0"	"0.85"	"0.1"	"0.01"	"0.005"	"0.01"	"100000"	"10000"	"200"	"9044323362503849898"	10	"slope"	4.3815939e-05
"0.0"	"0.85"	"0.1"	"0.01"	"0.005"	"0.01"	"100000"	"10000"	"200"	"9044323362503849898"	10	"intercept"	0.500147435
"0.0"	"0.85"	"0.1"	"0.01"	"0.005"	"0.01"	"100000"	"10000"	"200"	"9044323362503849898"	5000	"slope"	-0.126117865
"0.0"	"0.85"	"0.1"	"0.01"	"0.005"	"0.01"	"100000"	"10000"	"200"	"9044323362503849898"	5000	"intercept"	0.274315325
"0.0"	"0.85"	"0.1"	"0.01"	"0.005"	"0.01"	"100000"	"10000"	"200"	"9044323362503849898"	10000	"slope"	-0.221254155
"0.0"	"0.85"	"0.1"	"0.01"	"0.005"	"0.01"	"100000"	"10000"	"200"	"9044323362503849898"	10000	"intercept"	0.329989335
"0.0"	"0.85"	"0.1"	"0.01"	"0.005"	"0.01"	"100000"	"10000"	"200"	"9044323362503849898"	15000	"slope"	-0.28069177
"0.0"	"0.85"	"0.1"	"0.01"	"0.005"	"0.01"	"100000"	"10000"	"200"	"9044323362503849898"	15000	"intercept"	0.36619339
"0.0"	"0.85"	"0.1"	"0.01"	"0.005"	"0.01"	"100000"	"10000"	"200"	"9044323362503849898"	20000	"slope"	-0.32925994
"0.0"	"0.85"	"0.1"	"0.01"	"0.005"	"0.01"	"100000"	"10000"	"200"	"9044323362503849898"	20000	"intercept"	0.40401395
"0.0"	"0.85"	"0.1"	"0.01"	"0.005"	"0.01"	"100000"	"10000"	"200"	"9044323362503849898"	25000	"slope"	-0.34989944
"0.0"	"0.85"	"0.1"	"0.01"	"0.005"	"0.01"	"100000"	"10000"	"200"	"9044323362503849898"	25000	"intercept"	0.411337045
"0.0"	"0.85"	"0.1"	"0.01"	"0.005"	"0.01"	"100000"	"10000"	"200"	"9044323362503849898"	30000	"slope"	-0.384457135
"0.0"	"0.85"	"0.1"	"0.01"	"0.005"	"0.01"	"100000"	"10000"	"200"	"9044323362503849898"	30000	"intercept"	0.44427757
"0.0"	"0.85"	"0.1"	"0.01"	"0.005"	"0.01"	"100000"	"10000"	"200"	"9044323362503849898"	35000	"slope"	-0.389160945
"0.0"	"0.85"	"0.1"	"0.01"	"0.005"	"0.01"	"100000"	"10000"	"200"	"9044323362503849898"	35000	"intercept"	0.44633003
"0.0"	"0.85"	"0.1"	"0.01"	"0.005"	"0.01"	"100000"	"10000"	"200"	"9044323362503849898"	40000	"slope"	-0.37642637
"0.0"	"0.85"	"0.1"	"0.01"	"0.005"	"0.01"	"100000"	"10000"	"200"	"9044323362503849898"	40000	"intercept"	0.44213934
"0.0"	"0.85"	"0.1"	"0.01"	"0.005"	"0.01"	"100000"	"10000"	"200"	"9044323362503849898"	45000	"slope"	-0.414872145
"0.0"	"0.85"	"0.1"	"0.01"	"0.005"	"0.01"	"100000"	"10000"	"200"	"9044323362503849898"	45000	"intercept"	0.467025445
"0.0"	"0.85"	"0.1"	"0.01"	"0.005"	"0.01"	"100000"	"10000"	"200"	"9044323362503849898"	50000	"slope"	-0.38711762
"0.0"	"0.85"	"0.1"	"0.01"	"0.005"	"0.01"	"100000"	"10000"	"200"	"9044323362503849898"	50000	"intercept"	0.44934292
"0.0"	"0.85"	"0.1"	"0.01"	"0.005"	"0.01"	"100000"	"10000"	"200"	"9044323362503849898"	55000	"slope"	-0.35797899
"0.0"	"0.85"	"0.1"	"0.01"	"0.005"	"0.01"	"100000"	"10000"	"200"	"9044323362503849898"	55000	"intercept"	0.42134924
"0.0"	"0.85"	"0.1"	"0.01"	"0.005"	"0.01"	"100000"	"10000"	"200"	"9044323362503849898"	60000	"slope"	-0.370650375
"0.0"	"0.85"	"0.1"	"0.01"	"0.005"	"0.01"	"100000"	"10000"	"200"	"9044323362503849898"	60000	"intercept"	0.43661895
"0.0"	"0.85"	"0.1"	"0.01"	"0.005"	"0.01"	"100000"	"10000"	"200"	"9044323362503849898"	65000	"slope"	-0.373320275
"0.0"	"0.85"	"0.1"	"0.01"	"0.005"	"0.01"	"100000"	"10000"	"200"	"9044323362503849898"	65000	"intercept"	0.436047055
"0.0"	"0.85"	"0.1"	"0.01"	"0.005"	"0.01"	"100000"	"10000"	"200"	"9044323362503849898"	70000	"slope"	-0.35884832
"0.0"	"0.85"	"0.1"	"0.01"	"0.005"	"0.01"	"100000"	"10000"	"200"	"9044323362503849898"	70000	"intercept"	0.425486035
"0.0"	"0.85"	"0.1"	"0.01"	"0.005"	"0.01"	"100000"	"10000"	"200"	"9044323362503849898"	75000	"slope"	-0.35754242
"0.0"	"0.85"	"0.1"	"0.01"	"0.005"	"0.01"	"100000"	"10000"	"200"	"9044323362503849898"	75000	"intercept"	0.424106465
"0.0"	"0.85"	"0.1"	"0.01"	"0.005"	"0.01"	"100000"	"10000"	"200"	"9044323362503849898"	80000	"slope"	-0.386095965
"0.0"	"0.85"	"0.1"	"0.01"	"0.005"	"0.01"	"100000"	"10000"	"200"	"9044323362503849898"	80000	"intercept"	0.446998735
"0.0"	"0.85"	"0.1"	"0.01"	"0.005"	"0.01"	"100000"	"10000"	"200"	"9044323362503849898"	85000	"slope"	-0.37734881
"0.0"	"0.85"	"0.1"	"0.01"	"0.005"	"0.01"	"100000"	"10000"	"200"	"9044323362503849898"	85000	"intercept"	0.43710705
"0.0"	"0.85"	"0.1"	"0.01"	"0.005"	"0.01"	"100000"	"10000"	"200"	"9044323362503849898"	90000	"slope"	-0.37855026
"0.0"	"0.85"	"0.1"	"0.01"	"0.005"	"0.01"	"100000"	"10000"	"200"	"9044323362503849898"	90000	"intercept"	0.437958575
"0.0"	"0.85"	"0.1"	"0.01"	"0.005"	"0.01"	"100000"	"10000"	"200"	"9044323362503849898"	95000	"slope"	-0.379386075
"0.0"	"0.85"	"0.1"	"0.01"	"0.005"	"0.01"	"100000"	"10000"	"200"	"9044323362503849898"	95000	"intercept"	0.44793546
"0.0"	"0.85"	"0.1"	"0.01"	"0.005"	"0.01"	"100000"	"10000"	"200"	"9044323362503849898"	100000	"slope"	-0.38394496
"0.0"	"0.85"	"0.1"	"0.01"	"0.005"	"0.01"	"100000"	"10000"	"200"	"9044323362503849898"	100000	"intercept"	0.44686949
"0.3"	"0.0"	"0.1"	"0.01"	"0.005"	"0.01"	"100000"	"10000"	"200"	"2205183167081007647"	10	"slope"	0.00010509803
"0.3"	"0.0"	"0.1"	"0.01"	"0.005"	"0.01"	"100000"	"10000"	"200"	"2205183167081007647"	10	"intercept"	0.499909365
"0.3"	"0.0"	"0.1"	"0.01"	"0.005"	"0.01"	"100000"	"10000"	"200"	"2205183167081007647"	5000	"slope"	-0.1850404395
"0.3"	"0.0"	"0.1"	"0.01"	"0.005"	"0.01"	"100000"	"10000"	"200"	"2205183167081007647"	5000	"intercept"	0.370642025
"0.3"	"0.0"	"0.1"	"0.01"	"0.005"	"0.01"	"100000"	"10000"	"200"	"2205183167081007647"	10000	"slope"	-0.25079754
"0.3"	"0.0"	"0.1"	"0.01"	"0.005"	"0.01"	"100000"	"10000"	"200"	"2205183167081007647"	10000	"intercept"	0.427340215
"0.3"	"0.0"	"0.1"	"0.01"	"0.005"	"0.01"	"100000"	"10000"	"200"	"2205183167081007647"	15000	"slope"	-0.30242992
"0.3"	"0.0"	"0.1"	"0.01"	"0.005"	"0.01"	"100000"	"10000"	"200"	"2205183167081007647"	15000	"intercept"	0.45145104
"0.3"	"0.0"	"0.1"	"0.01"	"0.005"	"0.01"	"100000"	"10000"	"200"	"2205183167081007647"	20000	"slope"	-0.33909339
"0.3"	"0.0"	"0.1"	"0.01"	"0.005"	"0.01"	"100000"	"10000"	"200"	"2205183167081007647"	20000	"intercept"	0.46983653
"0.3"	"0.0"	"0.1"	"0.01"	"0.005"	"0.01"	"100000"	"10000"	"200"	"2205183167081007647"	25000	"slope"	-0.32856618
"0.3"	"0.0"	"0.1"	"0.01"	"0.005"	"0.01"	"100000"	"10000"	"200"	"2205183167081007647"	25000	"intercept"	0.469379845
"0.3"	"0.0"	"0.1"	"0.01"	"0.005"	"0.01"	"100000"	"10000"	"200"	"2205183167081007647"	30000	"slope"	-0.33117838
"0.3"	"0.0"	"0.1"	"0.01"	"0.005"	"0.01"	"100000"	"10000"	"200"	"2205183167081007647"	30000	"intercept"	0.463846925
"0.3"	"0.0"	"0.1"	"0.01"	"0.005"	"0.01"	"100000"	"10000"	"200"	"2205183167081007647"	35000	"slope"	-0.36742958
"0.3"	"0.0"	"0.1"	"0.01"	"0.005"	"0.01"	"100000"	"10000"	"200"	"2205183167081007647"	35000	"intercept"	0.49255009
"0.3"	"0.0"	"0.1"	"0.01"	"0.005"	"0.01"	"100000"	"10000"	"200"	"2205183167081007647"	40000	"slope"	-0.38020598
"0.3"	"0.0"	"0.1"	"0.01"	"0.005"	"0.01"	"100000"	"10000"	"200"	"2205183167081007647"	40000	"intercept"	0.50072257
"0.3"	"0.0"	"0.1"	"0.01"	"0.005"	"0.01"	"100000"	"10000"	"200"	"2205183167081007647"	45000	"slope"	-0.36053978
"0.3"	"0.0"	"0.1"	"0.01"	"0.005"	"0.01"	"100000"	"10000"	"200"	"2205183167081007647"	45000	"intercept"	0.493642905
"0.3"	"0.0"	"0.1"	"0.01"	"0.005"	"0.01"	"100000"	"10000"	"200"	"2205183167081007647"	50000	"slope"	-0.35580064
"0.3"	"0.0"	"0.1"	"0.01"	"0.005"	"0.01"	"100000"	"10000"	"200"	"2205183167081007647"	50000	"intercept"	0.484639485
"0.3"	"0.0"	"0.1"	"0.01"	"0.005"	"0.01"	"100000"	"10000"	"200"	"2205183167081007647"	55000	"slope"	-0.35609185
"0.3"	"0.0"	"0.1"	"0.01"	"0.005"	"0.01"	"100000"	"10000"	"200"	"2205183167081007647"	55000	"intercept"	0.47743562
"0.3"	"0.0"	"0.1"	"0.01"	"0.005"	"0.01"	"100000"	"10000"	"200"	"2205183167081007647"	60000	"slope"	-0.369894435
"0.3"	"0.0"	"0.1"	"0.01"	"0.005"	"0.01"	"100000"	"10000"	"200"	"2205183167081007647"	60000	"intercept"	0.493825825
"0.3"	"0.0"	"0.1"	"0.01"	"0.005"	"0.01"	"100000"	"10000"	"200"	"2205183167081007647"	65000	"slope"	-0.356310055
"0.3"	"0.0"	"0.1"	"0.01"	"0.005"	"0.01"	"100000"	"10000"	"200"	"2205183167081007647"	65000	"intercept"	0.481075805
"0.3"	"0.0"	"0.1"	"0.01"	"0.005"	"0.01"	"100000"	"10000"	"200"	"2205183167081007647"	70000	"slope"	-0.34394815
"0.3"	"0.0"	"0.1"	"0.01"	"0.005"	"0.01"	"100000"	"10000"	"200"	"2205183167081007647"	70000	"intercept"	0.47458428
"0.3"	"0.0"	"0.1"	"0.01"	"0.005"	"0.01"	"100000"	"10000"	"200"	"2205183167081007647"	75000	"slope"	-0.31349535
"0.3"	"0.0"	"0.1"	"0.01"	"0.005"	"0.01"	"100000"	"10000"	"200"	"2205183167081007647"	75000	"intercept"	0.4545116
"0.3"	"0.0"	"0.1"	"0.01"	"0.005"	"0.01"	"100000"	"10000"	"200"	"2205183167081007647"	80000	"slope"	-0.33107212
"0.3"	"0.0"	"0.1"	"0.01"	"0.005"	"0.01"	"100000"	"10000"	"200"	"2205183167081007647"	80000	"intercept"	0.47125356
"0.3"	"0.0"	"0.1"	"0.01"	"0.005"	"0.01"	"100000"	"10000"	"200"	"2205183167081007647"	85000	"slope"	-0.337032955
"0.3"	"0.0"	"0.1"	"0.01"	"0.005"	"0.01"	"100000"	"10000"	"200"	"2205183167081007647"	85000	"intercept"	0.46945652
"0.3"	"0.0"	"0.1"	"0.01"	"0.005"	"0.01"	"100000"	"10000"	"200"	"2205183167081007647"	90000	"slope"	-0.33423959
"0.3"	"0.0"	"0.1"	"0.01"	"0.005"	"0.01"	"100000"	"10000"	"200"	"2205183167081007647"	90000	"intercept"	0.46972089
"0.3"	"0.0"	"0.1"	"0.01"	"0.005"	"0.01"	"100000"	"10000"	"200"	"2205183167081007647"	95000	"slope"	-0.342740375
"0.3"	"0.0"	"0.1"	"0.01"	"0.005"	"0.01"	"100000"	"10000"	"200"	"2205183167081007647"	95000	"intercept"	0.473902175
"0.3"	"0.0"	"0.1"	"0.01"	"0.005"	"0.01"	"100000"	"10000"	"200"	"2205183167081007647"	100000	"slope"	-0.37316809
"0.3"	"0.0"	"0.1"	"0.01"	"0.005"	"0.01"	"100000"	"10000"	"200"	"2205183167081007647"	100000	"intercept"	0.490696985
"0.3"	"0.0"	"0.1"	"0.01"	"0.005"	"0.01"	"100000"	"10000"	"200"	"2935744393748501648"	10	"slope"	5.1944545e-05
"0.3"	"0.0"	"0.1"	"0.01"	"0.005"	"0.01"	"100000"	"10000"	"200"	"2935744393748501648"	10	"intercept"	0.500011955
"0.3"	"0.0"	"0.1"	"0.01"	"0.005"	"0.01"	"100000"	"10000"	"200"	"2935744393748501648"	5000	"slope"	-0.181452284
"0.3"	"0.0"	"0.1"	"0.01"	"0.005"	"0.01"	"100000"	"10000"	"200"	"2935744393748501648"	5000	"intercept"	0.375632065
"0.3"	"0.0"	"0.1"	"0.01"	"0.005"	"0.01"	"100000"	"10000"	"200"	"2935744393748501648"	10000	"slope"	-0.26271681
"0.3"	"0.0"	"0.1"	"0.01"	"0.005"	"0.01"	"100000"	"10000"	"200"	"2935744393748501648"	10000	"intercept"	0.418738445
"0.3"	"0.0"	"0.1"	"0.01"	"0.005"	"0.01"	"100000"	"10000"	"200"	"2935744393748501648"	15000	"slope"	-0.28574327
"0.3"	"0.0"	"0.1"	"0.01"	"0.005"	"0.01"	"100000"	"10000"	"200"	"2935744393748501648"	15000	"intercept"	0.43610871
"0.3"	"0.0"	"0.1"	"0.01"	"0.005"	"0.01"	"100000"	"10000"	"200"	"2935744393748501648"	20000	"slope"	-0.357139385
"0.3"	"0.0"	"0.1"	"0.01"	"0.005"	"0.01"	"100000"	"10000"	"200"	"2935744393748501648"	20000	"intercept"	0.48577071
"0.3"	"0.0"	"0.1"	"0.01"	"0.005"	"0.01"	"100000"	"10000"	"200"	"2935744393748501648"	25000	"slope"	-0.34970164
"0.3"	"0.0"	"0.1"	"0.01"	"0.005"	"0.01"	"100000"	"10000"	"200"	"2935744393748501648"	25000	"intercept"	0.48333524
"0.3"	"0.0"	"0.1"	"0.01"	"0.005"	"0.01"	"100000"	"10000"	"200"	"2935744393748501648"	30000	"slope"	-0.37739847
"0.3"	"0.0"	"0.1"	"0.01"	"0.005"	"0.01"	"100000"	"10000"	"200"	"2935744393748501648"	30000	"intercept"	0.49326759
"0.3"	"0.0"	"0.1"	"0.01"	"0.005"	"0.01"	"100000"	"10000"	"200"	"2935744393748501648"	35000	"slope"	-0.38340781
"0.3"	"0.0"	"0.1"	"0.01"	"0.005"	"0.01"	"100000"	"10000"	"200"	"2935744393748501648"	35000	"intercept"	0.504825875
"0.3"	"0.0"	"0.1"	"0.01"	"0.005"	"0.01"	"100000"	"10000"	"200"	"2935744393748501648"	40000	"slope"	-0.347902515
"0.3"	"0.0"	"0.1"	"0.01"	"0.005"	"0.01"	"100000"	"10000"	"200"	"2935744393748501648"	40000	"intercept"	0.49008301
"0.3"	"0.0"	"0.1"	"0.01"	"0.005"	"0.01"	"100000"	"10000"	"200"	"2935744393748501648"	45000	"slope"	-0.38696844
"0.3"	"0.0"	"0.1"	"0.01"	"0.005"	"0.01"	"100000"	"10000"	"200"	"2935744393748501648"	45000	"intercept"	0.506419865
"0.3"	"0.0"	"0.1"	"0.01"	"0.005"	"0.01"	"100000"	"10000"	"200"	"2935744393748501648"	50000	"slope"	-0.36130701
"0.3"	"0.0"	"0.1"	"0.01"	"0.005"	"0.01"	"100000"	"10000"	"200"	"2935744393748501648"	50000	"intercept"	0.482122615
"0.3"	"0.0"	"0.1"	"0.01"	"0.005"	"0.01"	"100000"	"10000"	"200"	"2935744393748501648"	55000	"slope"	-0.341662675
"0.3"	"0.0"	"0.1"	"0.01"	"0.005"	"0.01"	"100000"	"10000"	"200"	"2935744393748501648"	55000	"intercept"	0.473899625
"0.3"	"0.0"	"0.1"	"0.01"	"0.005"	"0.01"	"100000"	"10000"	"200"	"2935744393748501648"	60000	"slope"	-0.358784815
"0.3"	"0.0"	"0.1"	"0.01"	"0.005"	"0.01"	"100000"	"10000"	"200"	"2935744393748501648"	60000	"intercept"	0.48616736
"0.3"	"0.0"	"0.1"	"0.01"	"0.005"	"0.01"	"100000"	"10000"	"200"	"2935744393748501648"	65000	"slope"	-0.375764745
"0.3"	"0.0"	"0.1"	"0.01"	"0.005"	"0.01"	"100000"	"10000"	"200"	"2935744393748501648"	65000	"intercept"	0.49715864
"0.3"	"0.0"	"0.1"	"0.01"	"0.005"	"0.01"	"100000"	"10000"	"200"	"2935744393748501648"	70000	"slope"	-0.340646815
"0.3"	"0.0"	"0.1"	"0.01"	"0.005"	"0.01"	"100000"	"10000"	"200"	"2935744393748501648"	70000	"intercept"	0.465446435
"0.3"	"0.0"	"0.1"	"0.01"	"0.005"	"0.01"	"100000"	"10000"	"200"	"2935744393748501648"	75000	"slope"	-0.34741294
"0.3"	"0.0"	"0.1"	"0.01"	"0.005"	"0.01"	"100000"	"10000"	"200"	"2935744393748501648"	75000	"intercept"	0.480197355
"0.3"	"0.0"	"0.1"	"0.01"	"0.005"	"0.01"	"100000"	"10000"	"200"	"2935744393748501648"	80000	"slope"	-0.35107522
"0.3"	"0.0"	"0.1"	"0.01"	"0.005"	"0.01"	"100000"	"10000"	"200"	"2935744393748501648"	80000	"intercept"	0.481200555
"0.3"	"0.0"	"0.1"	"0.01"	"0.005"	"0.01"	"100000"	"10000"	"200"	"2935744393748501648"	85000	"slope"	-0.36014981
"0.3"	"0.0"	"0.1"	"0.01"	"0.005"	"0.01"	"100000"	"10000"	"200"	"2935744393748501648"	85000	"intercept"	0.487840105
"0.3"	"0.0"	"0.1"	"0.01"	"0.005"	"0.01"	"100000"	"10000"	"200"	"2935744393748501648"	90000	"slope"	-0.350133815
"0.3"	"0.0"	"0.1"	"0.01"	"0.005"	"0.01"	"100000"	"10000"	"200"	"2935744393748501648"	90000	"intercept"	0.48242474
"0.3"	"0.0"	"0.1"	"0.01"	"0.005"	"0.01"	"100000"	"10000"	"200"	"2935744393748501648"	95000	"slope"	-0.328491985
"0.3"	"0.0"	"0.1"	"0.01"	"0.005"	"0.01"	"100000"	"10000"	"200"	"2935744393748501648"	95000	"intercept"	0.46815611
"0.3"	"0.0"	"0.1"	"0.01"	"0.005"	"0.01"	"100000"	"10000"	"200"	"2935744393748501648"	100000	"slope"	-0.35983621
"0.3"	"0.0"	"0.1"	"0.01"	"0.005"	"0.01"	"100000"	"10000"	"200"	"2935744393748501648"	100000	"intercept"	0.47843973
"0.3"	"0.0"	"0.1"	"0.01"	"0.005"	"0.01"	"100000"	"10000"	"200"	"5568711729998647870"	10	"slope"	6.673255e-05
"0.3"	"0.0"	"0.1"	"0.01"	"0.005"	"0.01"	"100000"	"10000"	"200"	"5568711729998647870"	10	"intercept"	0.49993363
"0.3"	"0.0"	"0.1"	"0.01"	"0.005"	"0.01"	"100000"	"10000"	"200"	"5568711729998647870"	5000	"slope"	-0.24529432
"0.3"	"0.0"	"0.1"	"0.01"	"0.005"	"0.01"	"100000"	"10000"	"200"	"5568711729998647870"	5000	"intercept"	0.41107847
"0.3"	"0.0"	"0.1"	"0.01"	"0.005"	"0.01"	"100000"	"10000"	"200"	"5568711729998647870"	10000	"slope"	-0.29451051
"0.3"	"0.0"	"0.1"	"0.01"	"0.005"	"0.01"	"100000"	"10000"	"200"	"5568711729998647870"	10000	"intercept"	0.44953043
"0.3"	"0.0"	"0.1"	"0.01"	"0.005"	"0.01"	"100000"	"10000"	"200"	"5568711729998647870"	15000	"slope"	-0.298415925
"0.3"	"0.0"	"0.1"	"0.01"	"0.005"	"0.01"	"100000"	"10000"	"200"	"5568711729998647870"	15000	"intercept"	0.44320488
"0.3"	"0.0"	"0.1"	"0.01"	"0.005"	"0.01"	"100000"	"10000"	"200"	"5568711729998647870"	20000	"slope"	-0.320931355
"0.3"	"0.0"	"0.1"	"0.01"	"0.005"	"0.01"	"100000"	"10000"	"200"	"5568711729998647870"	20000	"intercept"	0.46201547
"0.3"	"0.0"	"0.1"	"0.01"	"0.005"	"0.01"	"100000"	"10000"	"200"	"5568711729998647870"	25000	"slope"	-0.31987138
"0.3"	"0.0"	"0.1"	"0.01"	"0.005"	"0.01"	"100000"	"10000"	"200"	"5568711729998647870"	25000	"intercept"	0.456444685
"0.3"	"0.0"	"0.1"	"0.01"	"0.005"	"0.01"	"100000"	"10000"	"200"	"5568711729998647870"	30000	"slope"	-0.35129643
"0.3"	"0.0"	"0.1"	"0.01"	"0.005"	"0.01"	"100000"	"10000"	"200"	"5568711729998647870"	30000	"intercept"	0.481003515
"0.3"	"0.0"	"0.1"	"0.01"	"0.005"	"0.01"	"100000"	"10000"	"200"	"5568711729998647870"	35000	"slope"	-0.345305545
"0.3"	"0.0"	"0.1"	"0.01"	"0.005"	"0.01"	"100000"	"10000"	"200"	"5568711729998647870"	35000	"intercept"	0.465446665
"0.3"	"0.0"	"0.1"	"0.01"	"0.005"	"0.01"	"100000"	"10000"	"200"	"5568711729998647870"	40000	"slope"	-0.317716835
"0.3"	"0.0"	"0.1"	"0.01"	"0.005"	"0.01"	"100000"	"10000"	"200"	"5568711729998647870"	40000	"intercept"	0.461580125
"0.3"	"0.0"	"0.1"	"0.01"	"0.005"	"0.01"	"100000"	"10000"	"200"	"5568711729998647870"	45000	"slope"	-0.3178168
"0.3"	"0.0"	"0.1"	"0.01"	"0.005"	"0.01"	"100000"	"10000"	"200"	"5568711729998647870"	45000	"intercept"	0.452477215
"0.3"	"0.0"	"0.1"	"0.01"	"0.005"	"0.01"	"100000"	"10000"	"200"	"5568711729998647870"	50000	"slope"	-0.313475935
"0.3"	"0.0"	"0.1"	"0.01"	"0.005"	"0.01"	"100000"	"10000"	"200"	"5568711729998647870"	50000	"intercept"	0.45760842
"0.3"	"0.0"	"0.1"	"0.01"	"0.005"	"0.01"	"100000"	"10000"	"200"	"5568711729998647870"	55000	"slope"	-0.342774865
"0.3"	"0.0"	"0.1"	"0.01"	"0.005"	"0.01"	"100000"	"10000"	"200"	"5568711729998647870"	55000	"intercept"	0.472249465
"0.3"	"0.0"	"0.1"	"0.01"	"0.005"	"0.01"	"100000"	"10000"	"200"	"5568711729998647870"	60000	"slope"	-0.32966833
"0.3"	"0.0"	"0.1"	"0.01"	"0.005"	"0.01"	"100000"	"10000"	"200"	"5568711729998647870"	60000	"intercept"	0.46751298
"0.3"	"0.0"	"0.1"	"0.01"	"0.005"	"0.01"	"100000"	"10000"	"200"	"5568711729998647870"	65000	"slope"	-0.35817349
"0.3"	"0.0"	"0.1"	"0.01"	"0.005"	"0.01"	"100000"	"10000"	"200"	"5568711729998647870"	65000	"intercept"	0.481640035
"0.3"	"0.0"	"0.1"	"0.01"	"0.005"	"0.01"	"100000"	"10000"	"200"	"5568711729998647870"	70000	"slope"	-0.365388935
"0.3"	"0.0"	"0.1"	"0.01"	"0.005"	"0.01"	"100000"	"10000"	"200"	"5568711729998647870"	70000	"intercept"	0.484130625
"0.3"	"0.0"	"0.1"	"0.01"	"0.005"	"0.01"	"100000"	"10000"	"200"	"5568711729998647870"	75000	"slope"	-0.37052278
"0.3"	"0.0"	"0.1"	"0.01"	"0.005"	"0.01"	"100000"	"10000"	"200"	"5568711729998647870"	75000	"intercept"	0.490739365
"0.3"	"0.0"	"0.1"	"0.01"	"0.005"	"0.01"	"100000"	"10000"	"200"	"5568711729998647870"	80000	"slope"	-0.36789659
"0.3"	"0.0"	"0.1"	"0.01"	"0.005"	"0.01"	"100000"	"10000"	"200"	"5568711729998647870"	80000	"intercept"	0.48464672
"0.3"	"0.0"	"0.1"	"0.01"	"0.005"	"0.01"	"100000"	"10000"	"200"	"5568711729998647870"	85000	"slope"	-0.362700025
"0.3"	"0.0"	"0.1"	"0.01"	"0.005"	"0.01"	"100000"	"10000"	"200"	"5568711729998647870"	85000	"intercept"	0.482533205
"0.3"	"0.0"	"0.1"	"0.01"	"0.005"	"0.01"	"100000"	"10000"	"200"	"5568711729998647870"	90000	"slope"	-0.36812118
"0.3"	"0.0"	"0.1"	"0.01"	"0.005"	"0.01"	"100000"	"10000"	"200"	"5568711729998647870"	90000	"intercept"	0.487521195
"0.3"	"0.0"	"0.1"	"0.01"	"0.005"	"0.01"	"100000"	"10000"	"200"	"5568711729998647870"	95000	"slope"	-0.359117135
"0.3"	"0.0"	"0.1"	"0.01"	"0.005"	"0.01"	"100000"	"10000"	"200"	"5568711729998647870"	95000	"intercept"	0.481964365
"0.3"	"0.0"	"0.1"	"0.01"	"0.005"	"0.01"	"100000"	"10000"	"200"	"5568711729998647870"	100000	"slope"	-0.3232347
"0.3"	"0.0"	"0.1"	"0.01"	"0.005"	"0.01"	"100000"	"10000"	"200"	"5568711729998647870"	100000	"intercept"	0.465118085
"0.3"	"0.0"	"0.1"	"0.01"	"0.005"	"0.01"	"100000"	"10000"	"200"	"5767395984788937326"	10	"slope"	-0.00016065967
"0.3"	"0.0"	"0.1"	"0.01"	"0.005"	"0.01"	"100000"	"10000"	"200"	"5767395984788937326"	10	"intercept"	0.499991275
"0.3"	"0.0"	"0.1"	"0.01"	"0.005"	"0.01"	"100000"	"10000"	"200"	"5767395984788937326"	5000	"slope"	-0.1554726095
"0.3"	"0.0"	"0.1"	"0.01"	"0.005"	"0.01"	"100000"	"10000"	"200"	"5767395984788937326"	5000	"intercept"	0.359388155
"0.3"	"0.0"	"0.1"	"0.01"	"0.005"	"0.01"	"100000"	"10000"	"200"	"5767395984788937326"	10000	"slope"	-0.223508765
"0.3"	"0.0"	"0.1"	"0.01"	"0.005"	"0.01"	"100000"	"10000"	"200"	"5767395984788937326"	10000	"intercept"	0.399948415
"0.3"	"0.0"	"0.1"	"0.01"	"0.005"	"0.01"	"100000"	"10000"	"200"	"5767395984788937326"	15000	"slope"	-0.295884545
"0.3"	"0.0"	"0.1"	"0.01"	"0.005"	"0.01"	"100000"	"10000"	"200"	"5767395984788937326"	15000	"intercept"	0.44053688
"0.3"	"0.0"	"0.1"	"0.01"	"0.005"	"0.01"	"100000"	"10000"	"200"	"5767395984788937326"	20000	"slope"	-0.347299955
"0.3"	"0.0"	"0.1"	"0.01"	"0.005"	"0.01"	"100000"	"10000"	"200"	"5767395984788937326"	20000	"intercept"	0.48089834
"0.3"	"0.0"	"0.1"	"0.01"	"0.005"	"0.01"	"100000"	"10000"	"200"	"5767395984788937326"	25000	"slope"	-0.36461861
"0.3"	"0.0"	"0.1"	"0.01"	"0.005"	"0.01"	"100000"	"10000"	"200"	"5767395984788937326"	25000	"intercept"	0.48631765
"0.3"	"0.0"	"0.1"	"0.01"	"0.005"	"0.01"	"100000"	"10000"	"200"	"5767395984788937326"	30000	"slope"	-0.34071125
"0.3"	"0.0"	"0.1"	"0.01"	"0.005"	"0.01"	"100000"	"10000"	"200"	"5767395984788937326"	30000	"intercept"	0.47499563
"0.3"	"0.0"	"0.1"	"0.01"	"0.005"	"0.01"	"100000"	"10000"	"200"	"5767395984788937326"	35000	"slope"	-0.333904955
"0.3"	"0.0"	"0.1"	"0.01"	"0.005"	"0.01"	"100000"	"10000"	"200"	"5767395984788937326"	35000	"intercept"	0.4673337
"0.3"	"0.0"	"0.1"	"0.01"	"0.005"	"0.01"	"100000"	"10000"	"200"	"5767395984788937326"	40000	"slope"	-0.36345501
"0.3"	"0.0"	"0.1"	"0.01"	"0.005"	"0.01"	"100000"	"10000"	"200"	"5767395984788937326"	40000	"intercept"	0.48618303
"0.3"	"0.0"	"0.1"	"0.01"	"0.005"	"0.01"	"100000"	"10000"	"200"	"5767395984788937326"	45000	"slope"	-0.3537445
"0.3"	"0.0"	"0.1"	"0.01"	"0.005"	"0.01"	"100000"	"10000"	"200"	"5767395984788937326"	45000	"intercept"	0.472343995
"0.3"	"0.0"	"0.1"	"0.01"	"0.005"	"0.01"	"100000"	"10000"	"200"	"5767395984788937326"	50000	"slope"	-0.34986963
"0.3"	"0.0"	"0.1"	"0.01"	"0.005"	"0.01"	"100000"	"10000"	"200"	"5767395984788937326"	50000	"intercept"	0.482478785
"0.3"	"0.0"	"0.1"	"0.01"	"0.005"	"0.01"	"100000"	"10000"	"200"	"5767395984788937326"	55000	"slope"	-0.357207835
"0.3"	"0.0"	"0.1"	"0.01"	"0.005"	"0.01"	"100000"	"10000"	"200"	"5767395984788937326"	55000	"intercept"	0.47300729
"0.3"	"0.0"	"0.1"	"0.01"	"0.005"	"0.01"	"100000"	"10000"	"200"	"5767395984788937326"	60000	"slope"	-0.313888235
"0.3"	"0.0"	"0.1"	"0.01"	"0.005"	"0.01"	"100000"	"10000"	"200"	"5767395984788937326"	60000	"intercept"	0.45177889
"0.3"	"0.0"	"0.1"	"0.01"	"0.005"	"0.01"	"100000"	"10000"	"200"	"5767395984788937326"	65000	"slope"	-0.35151492
"0.3"	"0.0"	"0.1"	"0.01"	"0.005"	"0.01"	"100000"	"10000"	"200"	"5767395984788937326"	65000	"intercept"	0.481941665
"0.3"	"0.0"	"0.1"	"0.01"	"0.005"	"0.01"	"100000"	"10000"	"200"	"5767395984788937326"	70000	"slope"	-0.35413241
"0.3"	"0.0"	"0.1"	"0.01"	"0.005"	"0.01"	"100000"	"10000"	"200"	"5767395984788937326"	70000	"intercept"	0.47371811
"0.3"	"0.0"	"0.1"	"0.01"	"0.005"	"0.01"	"100000"	"10000"	"200"	"5767395984788937326"	75000	"slope"	-0.351636735
"0.3"	"0.0"	"0.1"	"0.01"	"0.005"	"0.01"	"100000"	"10000"	"200"	"5767395984788937326"	75000	"intercept"	0.477183425
"0.3"	"0.0"	"0.1"	"0.01"	"0.005"	"0.01"	"100000"	"10000"	"200"	"5767395984788937326"	80000	"slope"	-0.355764615
"0.3"	"0.0"	"0.1"	"0.01"	"0.005"	"0.01"	"100000"	"10000"	"200"	"5767395984788937326"	80000	"intercept"	0.484959195
"0.3"	"0.0"	"0.1"	"0.01"	"0.005"	"0.01"	"100000"	"10000"	"200"	"5767395984788937326"	85000	"slope"	-0.361028545
"0.3"	"0.0"	"0.1"	"0.01"	"0.005"	"0.01"	"100000"	"10000"	"200"	"5767395984788937326"	85000	"intercept"	0.49376147
"0.3"	"0.0"	"0.1"	"0.01"	"0.005"	"0.01"	"100000"	"10000"	"200"	"5767395984788937326"	90000	"slope"	-0.351056475
"0.3"	"0.0"	"0.1"	"0.01"	"0.005"	"0.01"	"100000"	"10000"	"200"	"5767395984788937326"	90000	"intercept"	0.48215911
"0.3"	"0.0"	"0.1"	"0.01"	"0.005"	"0.01"	"100000"	"10000"	"200"	"5767395984788937326"	95000	"slope"	-0.34291834
"0.3"	"0.0"	"0.1"	"0.01"	"0.005"	"0.01"	"100000"	"10000"	"200"	"5767395984788937326"	95000	"intercept"	0.474311345
"0.3"	"0.0"	"0.1"	"0.01"	"0.005"	"0.01"	"100000"	"10000"	"200"	"5767395984788937326"	100000	"slope"	-0.376316225
"0.3"	"0.0"	"0.1"	"0.01"	"0.005"	"0.01"	"100000"	"10000"	"200"	"5767395984788937326"	100000	"intercept"	0.49512935
"0.3"	"0.0"	"0.1"	"0.01"	"0.005"	"0.01"	"100000"	"10000"	"200"	"954318375413090654"	10	"slope"	3.6798345e-05
"0.3"	"0.0"	"0.1"	"0.01"	"0.005"	"0.01"	"100000"	"10000"	"200"	"954318375413090654"	10	"intercept"	0.50001216
"0.3"	"0.0"	"0.1"	"0.01"	"0.005"	"0.01"	"100000"	"10000"	"200"	"954318375413090654"	5000	"slope"	-0.15235383
"0.3"	"0.0"	"0.1"	"0.01"	"0.005"	"0.01"	"100000"	"10000"	"200"	"954318375413090654"	5000	"intercept"	0.36358804
"0.3"	"0.0"	"0.1"	"0.01"	"0.005"	"0.01"	"100000"	"10000"	"200"	"954318375413090654"	10000	"slope"	-0.22119052
"0.3"	"0.0"	"0.1"	"0.01"	"0.005"	"0.01"	"100000"	"10000"	"200"	"954318375413090654"	10000	"intercept"	0.4022813
"0.3"	"0.0"	"0.1"	"0.01"	"0.005"	"0.01"	"100000"	"10000"	"200"	"954318375413090654"	15000	"slope"	-0.316239645
"0.3"	"0.0"	"0.1"	"0.01"	"0.005"	"0.01"	"100000"	"10000"	"200"	"954318375413090654"	15000	"intercept"	0.4499066
"0.3"	"0.0"	"0.1"	"0.01"	"0.005"	"0.01"	"100000"	"10000"	"200"	"954318375413090654"	20000	"slope"	-0.327878555
"0.3"	"0.0"	"0.1"	"0.01"	"0.005"	"0.01"	"100000"	"10000"	"200"	"954318375413090654"	20000	"intercept"	0.463461275
"0.3"	"0.0"	"0.1"	"0.01"	"0.005"	"0.01"	"100000"	"10000"	"200"	"954318375413090654"	25000	"slope"	-0.342199575
"0.3"	"0.0"	"0.1"	"0.01"	"0.005"	"0.01"	"100000"	"10000"	"200"	"954318375413090654"	25000	"intercept"	0.47524255
"0.3"	"0.0"	"0.1"	"0.01"	"0.005"	"0.01"	"100000"	"10000"	"200"	"954318375413090654"	30000	"slope"	-0.34962573
"0.3"	"0.0"	"0.1"	"0.01"	"0.005"	"0.01"	"100000"	"10000"	"200"	"954318375413090654"	30000	"intercept"	0.48157512
"0.3"	"0.0"	"0.1"	"0.01"	"0.005"	"0.01"	"100000"	"10000"	"200"	"954318375413090654"	35000	"slope"	-0.34590753
"0.3"	"0.0"	"0.1"	"0.01"	"0.005"	"0.01"	"100000"	"10000"	"200"	"954318375413090654"	35000	"intercept"	0.46545511
"0.3"	"0.0"	"0.1"	"0.01"	"0.005"	"0.01"	"100000"	"10000"	"200"	"954318375413090654"	40000	"slope"	-0.33761435
"0.3"	"0.0"	"0.1"	"0.01"	"0.005"	"0.01"	"100000"	"10000"	"200"	"954318375413090654"	40000	"intercept"	0.474051625
"0.3"	"0.0"	"0.1"	"0.01"	"0.005"	"0.01"	"100000"	"10000"	"200"	"954318375413090654"	45000	"slope"	-0.354960145
"0.3"	"0.0"	"0.1"	"0.01"	"0.005"	"0.01"	"100000"	"10000"	"200"	"954318375413090654"	45000	"intercept"	0.48345253
"0.3"	"0.0"	"0.1"	"0.01"	"0.005"	"0.01"	"100000"	"10000"	"200"	"954318375413090654"	50000	"slope"	-0.339214625
"0.3"	"0.0"	"0.1"	"0.01"	"0.005"	"0.01"	"100000"	"10000"	"200"	"954318375413090654"	50000	"intercept"	0.466968965
"0.3"	"0.0"	"0.1"	"0.01"	"0.005"	"0.01"	"100000"	"10000"	"200"	"954318375413090654"	55000	"slope"	-0.331416715
"0.3"	"0.0"	"0.1"	"0.01"	"0.005"	"0.01"	"100000"	"10000"	"200"	"954318375413090654"	55000	"intercept"	0.45483124
"0.3"	"0.0"	"0.1"	"0.01"	"0.005"	"0.01"	"100000"	"10000"	"200"	"954318375413090654"	60000	"slope"	-0.343293145
"0.3"	"0.0"	"0.1"	"0.01"	"0.005"	"0.01"	"100000"	"10000"	"200"	"954318375413090654"	60000	"intercept"	0.464905605
"0.3"	"0.0"	"0.1"	"0.01"	"0.005"	"0.01"	"100000"	"10000"	"200"	"954318375413090654"	65000	"slope"	-0.377010605
"0.3"	"0.0"	"0.1"	"0.01"	"0.005"	"0.01"	"100000"	"10000"	"200"	"954318375413090654"	65000	"intercept"	0.501358835
"0.3"	"0.0"	"0.1"	"0.01"	"0.005"	"0.01"	"100000"	"10000"	"200"	"954318375413090654"	70000	"slope"	-0.361160605
"0.3"	"0.0"	"0.1"	"0.01"	"0.005"	"0.01"	"100000"	"10000"	"200"	"954318375413090654"	70000	"intercept"	0.476638605
"0.3"	"0.0"	"0.1"	"0.01"	"0.005"	"0.01"	"100000"	"10000"	"200"	"954318375413090654"	75000	"slope"	-0.34382553
"0.3"	"0.0"	"0.1"	"0.01"	"0.005"	"0.01"	"100000"	"10000"	"200"	"954318375413090654"	75000	"intercept"	0.482914615
"0.3"	"0.0"	"0.1"	"0.01"	"0.005"	"0.01"	"100000"	"10000"	"200"	"954318375413090654"	80000	"slope"	-0.33119771
"0.3"	"0.0"	"0.1"	"0.01"	"0.005"	"0.01"	"100000"	"10000"	"200"	"954318375413090654"	80000	"intercept"	0.46774047
"0.3"	"0.0"	"0.1"	"0.01"	"0.005"	"0.01"	"100000"	"10000"	"200"	"954318375413090654"	85000	"slope"	-0.384897955
"0.3"	"0.0"	"0.1"	"0.01"	"0.005"	"0.01"	"100000"	"10000"	"200"	"954318375413090654"	85000	"intercept"	0.49484684
"0.3"	"0.0"	"0.1"	"0.01"	"0.005"	"0.01"	"100000"	"10000"	"200"	"954318375413090654"	90000	"slope"	-0.3573279
"0.3"	"0.0"	"0.1"	"0.01"	"0.005"	"0.01"	"100000"	"10000"	"200"	"954318375413090654"	90000	"intercept"	0.47998148
"0.3"	"0.0"	"0.1"	"0.01"	"0.005"	"0.01"	"100000"	"10000"	"200"	"954318375413090654"	95000	"slope"	-0.352346465
"0.3"	"0.0"	"0.1"	"0.01"	"0.005"	"0.01"	"100000"	"10000"	"200"	"954318375413090654"	95000	"intercept"	0.47170165
"0.3"	"0.0"	"0.1"	"0.01"	"0.005"	"0.01"	"100000"	"10000"	"200"	"954318375413090654"	100000	"slope"	-0.368059875
"0.3"	"0.0"	"0.1"	"0.01"	"0.005"	"0.01"	"100000"	"10000"	"200"	"954318375413090654"	100000	"intercept"	0.490705015
"0.3"	"0.2"	"0.1"	"0.01"	"0.005"	"0.01"	"100000"	"10000"	"200"	"410049973827231532"	10	"slope"	-0.0001719744
"0.3"	"0.2"	"0.1"	"0.01"	"0.005"	"0.01"	"100000"	"10000"	"200"	"410049973827231532"	10	"intercept"	0.50014137
"0.3"	"0.2"	"0.1"	"0.01"	"0.005"	"0.01"	"100000"	"10000"	"200"	"410049973827231532"	5000	"slope"	-0.139108097
"0.3"	"0.2"	"0.1"	"0.01"	"0.005"	"0.01"	"100000"	"10000"	"200"	"410049973827231532"	5000	"intercept"	0.340336675
"0.3"	"0.2"	"0.1"	"0.01"	"0.005"	"0.01"	"100000"	"10000"	"200"	"410049973827231532"	10000	"slope"	-0.233969175
"0.3"	"0.2"	"0.1"	"0.01"	"0.005"	"0.01"	"100000"	"10000"	"200"	"410049973827231532"	10000	"intercept"	0.39465896
"0.3"	"0.2"	"0.1"	"0.01"	"0.005"	"0.01"	"100000"	"10000"	"200"	"410049973827231532"	15000	"slope"	-0.29143848
"0.3"	"0.2"	"0.1"	"0.01"	"0.005"	"0.01"	"100000"	"10000"	"200"	"410049973827231532"	15000	"intercept"	0.42438272
"0.3"	"0.2"	"0.1"	"0.01"	"0.005"	"0.01"	"100000"	"10000"	"200"	"410049973827231532"	20000	"slope"	-0.327271005
"0.3"	"0.2"	"0.1"	"0.01"	"0.005"	"0.01"	"100000"	"10000"	"200"	"410049973827231532"	20000	"intercept"	0.4567578
"0.3"	"0.2"	"0.1"	"0.01"	"0.005"	"0.01"	"100000"	"10000"	"200"	"410049973827231532"	25000	"slope"	-0.336639655
"0.3"	"0.2"	"0.1"	"0.01"	"0.005"	"0.01"	"100000"	"10000"	"200"	"410049973827231532"	25000	"intercept"	0.45377253
"0.3"	"0.2"	"0.1"	"0.01"	"0.005"	"0.01"	"100000"	"10000"	"200"	"410049973827231532"	30000	"slope"	-0.310899575
"0.3"	"0.2"	"0.1"	"0.01"	"0.005"	"0.01"	"100000"	"10000"	"200"	"410049973827231532"	30000	"intercept"	0.43619413
"0.3"	"0.2"	"0.1"	"0.01"	"0.005"	"0.01"	"100000"	"10000"	"200"	"410049973827231532"	35000	"slope"	-0.32034175
"0.3"	"0.2"	"0.1"	"0.01"	"0.005"	"0.01"	"100000"	"10000"	"200"	"410049973827231532"	35000	"intercept"	0.44360663
"0.3"	"0.2"	"0.1"	"0.01"	"0.005"	"0.01"	"100000"	"10000"	"200"	"410049973827231532"	40000	"slope"	-0.375747715
"0.3"	"0.2"	"0.1"	"0.01"	"0.005"	"0.01"	"100000"	"10000"	"200"	"410049973827231532"	40000	"intercept"	0.49029709
"0.3"	"0.2"	"0.1"	"0.01"	"0.005"	"0.01"	"100000"	"10000"	"200"	"410049973827231532"	45000	"slope"	-0.37457941
"0.3"	"0.2"	"0.1"	"0.01"	"0.005"	"0.01"	"100000"	"10000"	"200"	"410049973827231532"	45000	"intercept"	0.48403925
"0.3"	"0.2"	"0.1"	"0.01"	"0.005"	"0.01"	"100000"	"10000"	"200"	"410049973827231532"	50000	"slope"	-0.361938955
"0.3"	"0.2"	"0.1"	"0.01"	"0.005"	"0.01"	"100000"	"10000"	"200"	"410049973827231532"	50000	"intercept"	0.477652915
"0.3"	"0.2"	"0.1"	"0.01"	"0.005"	"0.01"	"100000"	"10000"	"200"	"410049973827231532"	55000	"slope"	-0.32612761
"0.3"	"0.2"	"0.1"	"0.01"	"0.005"	"0.01"	"100000"	"10000"	"200"	"410049973827231532"	55000	"intercept"	0.452299255
"0.3"	"0.2"	"0.1"	"0.01"	"0.005"	"0.01"	"100000"	"10000"	"200"	"410049973827231532"	60000	"slope"	-0.33732419
"0.3"	"0.2"	"0.1"	"0.01"	"0.005"	"0.01"	"100000"	"10000"	"200"	"410049973827231532"	60000	"intercept"	0.46160483
"0.3"	"0.2"	"0.1"	"0.01"	"0.005"	"0.01"	"100000"	"10000"	"200"	"410049973827231532"	65000	"slope"	-0.36900123
"0.3"	"0.2"	"0.1"	"0.01"	"0.005"	"0.01"	"100000"	"10000"	"200"	"410049973827231532"	65000	"intercept"	0.479718925
"0.3"	"0.2"	"0.1"	"0.01"	"0.005"	"0.01"	"100000"	"10000"	"200"	"410049973827231532"	70000	"slope"	-0.35118397
"0.3"	"0.2"	"0.1"	"0.01"	"0.005"	"0.01"	"100000"	"10000"	"200"	"410049973827231532"	70000	"intercept"	0.4612926
"0.3"	"0.2"	"0.1"	"0.01"	"0.005"	"0.01"	"100000"	"10000"	"200"	"410049973827231532"	75000	"slope"	-0.325539445
"0.3"	"0.2"	"0.1"	"0.01"	"0.005"	"0.01"	"100000"	"10000"	"200"	"410049973827231532"	75000	"intercept"	0.447852445
"0.3"	"0.2"	"0.1"	"0.01"	"0.005"	"0.01"	"100000"	"10000"	"200"	"410049973827231532"	80000	"slope"	-0.345883905
"0.3"	"0.2"	"0.1"	"0.01"	"0.005"	"0.01"	"100000"	"10000"	"200"	"410049973827231532"	80000	"intercept"	0.46151346
"0.3"	"0.2"	"0.1"	"0.01"	"0.005"	"0.01"	"100000"	"10000"	"200"	"410049973827231532"	85000	"slope"	-0.343044555
"0.3"	"0.2"	"0.1"	"0.01"	"0.005"	"0.01"	"100000"	"10000"	"200"	"410049973827231532"	85000	"intercept"	0.463398765
"0.3"	"0.2"	"0.1"	"0.01"	"0.005"	"0.01"	"100000"	"10000"	"200"	"410049973827231532"	90000	"slope"	-0.38904271
"0.3"	"0.2"	"0.1"	"0.01"	"0.005"	"0.01"	"100000"	"10000"	"200"	"410049973827231532"	90000	"intercept"	0.501783955
"0.3"	"0.2"	"0.1"	"0.01"	"0.005"	"0.01"	"100000"	"10000"	"200"	"410049973827231532"	95000	"slope"	-0.374944065
"0.3"	"0.2"	"0.1"	"0.01"	"0.005"	"0.01"	"100000"	"10000"	"200"	"410049973827231532"	95000	"intercept"	0.48196995
"0.3"	"0.2"	"0.1"	"0.01"	"0.005"	"0.01"	"100000"	"10000"	"200"	"410049973827231532"	100000	"slope"	-0.356483095
"0.3"	"0.2"	"0.1"	"0.01"	"0.005"	"0.01"	"100000"	"10000"	"200"	"410049973827231532"	100000	"intercept"	0.47692859
"0.3"	"0.2"	"0.1"	"0.01"	"0.005"	"0.01"	"100000"	"10000"	"200"	"4867152487990468289"	10	"slope"	4.7879015e-05
"0.3"	"0.2"	"0.1"	"0.01"	"0.005"	"0.01"	"100000"	"10000"	"200"	"4867152487990468289"	10	"intercept"	0.500001055
"0.3"	"0.2"	"0.1"	"0.01"	"0.005"	"0.01"	"100000"	"10000"	"200"	"4867152487990468289"	5000	"slope"	-0.1774328065
"0.3"	"0.2"	"0.1"	"0.01"	"0.005"	"0.01"	"100000"	"10000"	"200"	"4867152487990468289"	5000	"intercept"	0.360426245
"0.3"	"0.2"	"0.1"	"0.01"	"0.005"	"0.01"	"100000"	"10000"	"200"	"4867152487990468289"	10000	"slope"	-0.24984279
"0.3"	"0.2"	"0.1"	"0.01"	"0.005"	"0.01"	"100000"	"10000"	"200"	"4867152487990468289"	10000	"intercept"	0.40899533
"0.3"	"0.2"	"0.1"	"0.01"	"0.005"	"0.01"	"100000"	"10000"	"200"	"4867152487990468289"	15000	"slope"	-0.291348945
"0.3"	"0.2"	"0.1"	"0.01"	"0.005"	"0.01"	"100000"	"10000"	"200"	"4867152487990468289"	15000	"intercept"	0.427014885
"0.3"	"0.2"	"0.1"	"0.01"	"0.005"	"0.01"	"100000"	"10000"	"200"	"4867152487990468289"	20000	"slope"	-0.334219975
"0.3"	"0.2"	"0.1"	"0.01"	"0.005"	"0.01"	"100000"	"10000"	"200"	"4867152487990468289"	20000	"intercept"	0.452836575
"0.3"	"0.2"	"0.1"	"0.01"	"0.005"	"0.01"	"100000"	"10000"	"200"	"4867152487990468289"	25000	"slope"	-0.35908992
"0.3"	"0.2"	"0.1"	"0.01"	"0.005"	"0.01"	"100000"	"10000"	"200"	"4867152487990468289"	25000	"intercept"	0.46605008
"0.3"	"0.2"	"0.1"	"0.01"	"0.005"	"0.01"	"100000"	"10000"	"200"	"4867152487990468289"	30000	"slope"	-0.3818612
"0.3"	"0.2"	"0.1"	"0.01"	"0.005"	"0.01"	"100000"	"10000"	"200"	"4867152487990468289"	30000	"intercept"	0.493529785
"0.3"	"0.2"	"0.1"	"0.01"	"0.005"	"0.01"	"100000"	"10000"	"200"	"4867152487990468289"	35000	"slope"	-0.37425054
"0.3"	"0.2"	"0.1"	"0.01"	"0.005"	"0.01"	"100000"	"10000"	"200"	"4867152487990468289"	35000	"intercept"	0.48058699
"0.3"	"0.2"	"0.1"	"0.01"	"0.005"	"0.01"	"100000"	"10000"	"200"	"4867152487990468289"	40000	"slope"	-0.36413054
"0.3"	"0.2"	"0.1"	"0.01"	"0.005"	"0.01"	"100000"	"10000"	"200"	"4867152487990468289"	40000	"intercept"	0.477087315
"0.3"	"0.2"	"0.1"	"0.01"	"0.005"	"0.01"	"100000"	"10000"	"200"	"4867152487990468289"	45000	"slope"	-0.362517545
"0.3"	"0.2"	"0.1"	"0.01"	"0.005"	"0.01"	"100000"	"10000"	"200"	"4867152487990468289"	45000	"intercept"	0.476866165
"0.3"	"0.2"	"0.1"	"0.01"	"0.005"	"0.01"	"100000"	"10000"	"200"	"4867152487990468289"	50000	"slope"	-0.353302015
"0.3"	"0.2"	"0.1"	"0.01"	"0.005"	"0.01"	"100000"	"10000"	"200"	"4867152487990468289"	50000	"intercept"	0.47142201
"0.3"	"0.2"	"0.1"	"0.01"	"0.005"	"0.01"	"100000"	"10000"	"200"	"4867152487990468289"	55000	"slope"	-0.368731525
"0.3"	"0.2"	"0.1"	"0.01"	"0.005"	"0.01"	"100000"	"10000"	"200"	"4867152487990468289"	55000	"intercept"	0.470095675
"0.3"	"0.2"	"0.1"	"0.01"	"0.005"	"0.01"	"100000"	"10000"	"200"	"4867152487990468289"	60000	"slope"	-0.338307145
"0.3"	"0.2"	"0.1"	"0.01"	"0.005"	"0.01"	"100000"	"10000"	"200"	"4867152487990468289"	60000	"intercept"	0.459115775
"0.3"	"0.2"	"0.1"	"0.01"	"0.005"	"0.01"	"100000"	"10000"	"200"	"4867152487990468289"	65000	"slope"	-0.35254591
"0.3"	"0.2"	"0.1"	"0.01"	"0.005"	"0.01"	"100000"	"10000"	"200"	"4867152487990468289"	65000	"intercept"	0.46872792
"0.3"	"0.2"	"0.1"	"0.01"	"0.005"	"0.01"	"100000"	"10000"	"200"	"4867152487990468289"	70000	"slope"	-0.379323375
"0.3"	"0.2"	"0.1"	"0.01"	"0.005"	"0.01"	"100000"	"10000"	"200"	"4867152487990468289"	70000	"intercept"	0.481728155
"0.3"	"0.2"	"0.1"	"0.01"	"0.005"	"0.01"	"100000"	"10000"	"200"	"4867152487990468289"	75000	"slope"	-0.381644735
"0.3"	"0.2"	"0.1"	"0.01"	"0.005"	"0.01"	"100000"	"10000"	"200"	"4867152487990468289"	75000	"intercept"	0.48945206
"0.3"	"0.2"	"0.1"	"0.01"	"0.005"	"0.01"	"100000"	"10000"	"200"	"4867152487990468289"	80000	"slope"	-0.3664196
"0.3"	"0.2"	"0.1"	"0.01"	"0.005"	"0.01"	"100000"	"10000"	"200"	"4867152487990468289"	80000	"intercept"	0.48194097
"0.3"	"0.2"	"0.1"	"0.01"	"0.005"	"0.01"	"100000"	"10000"	"200"	"4867152487990468289"	85000	"slope"	-0.372630095
"0.3"	"0.2"	"0.1"	"0.01"	"0.005"	"0.01"	"100000"	"10000"	"200"	"4867152487990468289"	85000	"intercept"	0.48575748
"0.3"	"0.2"	"0.1"	"0.01"	"0.005"	"0.01"	"100000"	"10000"	"200"	"4867152487990468289"	90000	"slope"	-0.349061415
"0.3"	"0.2"	"0.1"	"0.01"	"0.005"	"0.01"	"100000"	"10000"	"200"	"4867152487990468289"	90000	"intercept"	0.46835336
"0.3"	"0.2"	"0.1"	"0.01"	"0.005"	"0.01"	"100000"	"10000"	"200"	"4867152487990468289"	95000	"slope"	-0.341252295
"0.3"	"0.2"	"0.1"	"0.01"	"0.005"	"0.01"	"100000"	"10000"	"200"	"4867152487990468289"	95000	"intercept"	0.459131965
"0.3"	"0.2"	"0.1"	"0.01"	"0.005"	"0.01"	"100000"	"10000"	"200"	"4867152487990468289"	100000	"slope"	-0.32832362
"0.3"	"0.2"	"0.1"	"0.01"	"0.005"	"0.01"	"100000"	"10000"	"200"	"4867152487990468289"	100000	"intercept"	0.45015725
"0.3"	"0.2"	"0.1"	"0.01"	"0.005"	"0.01"	"100000"	"10000"	"200"	"7400785955570830788"	10	"slope"	-7.99069e-05
"0.3"	"0.2"	"0.1"	"0.01"	"0.005"	"0.01"	"100000"	"10000"	"200"	"7400785955570830788"	10	"intercept"	0.500135295
"0.3"	"0.2"	"0.1"	"0.01"	"0.005"	"0.01"	"100000"	"10000"	"200"	"7400785955570830788"	5000	"slope"	-0.208667675
"0.3"	"0.2"	"0.1"	"0.01"	"0.005"	"0.01"	"100000"	"10000"	"200"	"7400785955570830788"	5000	"intercept"	0.38292206
"0.3"	"0.2"	"0.1"	"0.01"	"0.005"	"0.01"	"100000"	"10000"	"200"	"7400785955570830788"	10000	"slope"	-0.27884717
"0.3"	"0.2"	"0.1"	"0.01"	"0.005"	"0.01"	"100000"	"10000"	"200"	"7400785955570830788"	10000	"intercept"	0.41809401
"0.3"	"0.2"	"0.1"	"0.01"	"0.005"	"0.01"	"100000"	"10000"	"200"	"7400785955570830788"	15000	"slope"	-0.32099978
"0.3"	"0.2"	"0.1"	"0.01"	"0.005"	"0.01"	"100000"	"10000"	"200"	"7400785955570830788"	15000	"intercept"	0.44249138
"0.3"	"0.2"	"0.1"	"0.01"	"0.005"	"0.01"	"100000"	"10000"	"200"	"7400785955570830788"	20000	"slope"	-0.369311125
"0.3"	"0.2"	"0.1"	"0.01"	"0.005"	"0.01"	"100000"	"10000"	"200"	"7400785955570830788"	20000	"intercept"	0.47972024
"0.3"	"0.2"	"0.1"	"0.01"	"0.005"	"0.01"	"100000"	"10000"	"200"	"7400785955570830788"	25000	"slope"	-0.38937309
"0.3"	"0.2"	"0.1"	"0.01"	"0.005"	"0.01"	"100000"	"10000"	"200"	"7400785955570830788"	25000	"intercept"	0.48803855
"0.3"	"0.2"	"0.1"	"0.01"	"0.005"	"0.01"	"100000"	"10000"	"200"	"7400785955570830788"	30000	"slope"	-0.353545535
"0.3"	"0.2"	"0.1"	"0.01"	"0.005"	"0.01"	"100000"	"10000"	"200"	"7400785955570830788"	30000	"intercept"	0.470774645
"0.3"	"0.2"	"0.1"	"0.01"	"0.005"	"0.01"	"100000"	"10000"	"200"	"7400785955570830788"	35000	"slope"	-0.359940225
"0.3"	"0.2"	"0.1"	"0.01"	"0.005"	"0.01"	"100000"	"10000"	"200"	"7400785955570830788"	35000	"intercept"	0.47184457
"0.3"	"0.2"	"0.1"	"0.01"	"0.005"	"0.01"	"100000"	"10000"	"200"	"7400785955570830788"	40000	"slope"	-0.36712961
"0.3"	"0.2"	"0.1"	"0.01"	"0.005"	"0.01"	"100000"	"10000"	"200"	"7400785955570830788"	40000	"intercept"	0.476006765
"0.3"	"0.2"	"0.1"	"0.01"	"0.005"	"0.01"	"100000"	"10000"	"200"	"7400785955570830788"	45000	"slope"	-0.359788015
"0.3"	"0.2"	"0.1"	"0.01"	"0.005"	"0.01"	"100000"	"10000"	"200"	"7400785955570830788"	45000	"intercept"	0.468936465
"0.3"	"0.2"	"0.1"	"0.01"	"0.005"	"0.01"	"100000"	"10000"	"200"	"7400785955570830788"	50000	"slope"	-0.351579425
"0.3"	"0.2"	"0.1"	"0.01"	"0.005"	"0.01"	"100000"	"10000"	"200"	"7400785955570830788"	50000	"intercept"	0.471938185
"0.3"	"0.2"	"0.1"	"0.01"	"0.005"	"0.01"	"100000"	"10000"	"200"	"7400785955570830788"	55000	"slope"	-0.340487865
"0.3"	"0.2"	"0.1"	"0.01"	"0.005"	"0.01"	"100000"	"10000"	"200"	"7400785955570830788"	55000	"intercept"	0.462048175
"0.3"	"0.2"	"0.1"	"0.01"	"0.005"	"0.01"	"100000"	"10000"	"200"	"7400785955570830788"	60000	"slope"	-0.34752376
"0.3"	"0.2"	"0.1"	"0.01"	"0.005"	"0.01"	"100000"	"10000"	"200"	"7400785955570830788"	60000	"intercept"	0.46551952
"0.3"	"0.2"	"0.1"	"0.01"	"0.005"	"0.01"	"100000"	"10000"	"200"	"7400785955570830788"	65000	"slope"	-0.338251825
"0.3"	"0.2"	"0.1"	"0.01"	"0.005"	"0.01"	"100000"	"10000"	"200"	"7400785955570830788"	65000	"intercept"	0.46007312
"0.3"	"0.2"	"0.1"	"0.01"	"0.005"	"0.01"	"100000"	"10000"	"200"	"7400785955570830788"	70000	"slope"	-0.33509374
"0.3"	"0.2"	"0.1"	"0.01"	"0.005"	"0.01"	"100000"	"10000"	"200"	"7400785955570830788"	70000	"intercept"	0.456879085
"0.3"	"0.2"	"0.1"	"0.01"	"0.005"	"0.01"	"100000"	"10000"	"200"	"7400785955570830788"	75000	"slope"	-0.332974965
"0.3"	"0.2"	"0.1"	"0.01"	"0.005"	"0.01"	"100000"	"10000"	"200"	"7400785955570830788"	75000	"intercept"	0.458360805
"0.3"	"0.2"	"0.1"	"0.01"	"0.005"	"0.01"	"100000"	"10000"	"200"	"7400785955570830788"	80000	"slope"	-0.334916915
"0.3"	"0.2"	"0.1"	"0.01"	"0.005"	"0.01"	"100000"	"10000"	"200"	"7400785955570830788"	80000	"intercept"	0.45526729
"0.3"	"0.2"	"0.1"	"0.01"	"0.005"	"0.01"	"100000"	"10000"	"200"	"7400785955570830788"	85000	"slope"	-0.35726699
"0.3"	"0.2"	"0.1"	"0.01"	"0.005"	"0.01"	"100000"	"10000"	"200"	"7400785955570830788"	85000	"intercept"	0.471617115
"0.3"	"0.2"	"0.1"	"0.01"	"0.005"	"0.01"	"100000"	"10000"	"200"	"7400785955570830788"	90000	"slope"	-0.34014616
"0.3"	"0.2"	"0.1"	"0.01"	"0.005"	"0.01"	"100000"	"10000"	"200"	"7400785955570830788"	90000	"intercept"	0.46232943
"0.3"	"0.2"	"0.1"	"0.01"	"0.005"	"0.01"	"100000"	"10000"	"200"	"7400785955570830788"	95000	"slope"	-0.366175055
"0.3"	"0.2"	"0.1"	"0.01"	"0.005"	"0.01"	"100000"	"10000"	"200"	"7400785955570830788"	95000	"intercept"	0.47468353
"0.3"	"0.2"	"0.1"	"0.01"	"0.005"	"0.01"	"100000"	"10000"	"200"	"7400785955570830788"	100000	"slope"	-0.392740555
"0.3"	"0.2"	"0.1"	"0.01"	"0.005"	"0.01"	"100000"	"10000"	"200"	"7400785955570830788"	100000	"intercept"	0.49259738
"0.3"	"0.2"	"0.1"	"0.01"	"0.005"	"0.01"	"100000"	"10000"	"200"	"823433189019400216"	10	"slope"	0.000241152485
"0.3"	"0.2"	"0.1"	"0.01"	"0.005"	"0.01"	"100000"	"10000"	"200"	"823433189019400216"	10	"intercept"	0.49997712
"0.3"	"0.2"	"0.1"	"0.01"	"0.005"	"0.01"	"100000"	"10000"	"200"	"823433189019400216"	5000	"slope"	-0.1565754245
"0.3"	"0.2"	"0.1"	"0.01"	"0.005"	"0.01"	"100000"	"10000"	"200"	"823433189019400216"	5000	"intercept"	0.34897183
"0.3"	"0.2"	"0.1"	"0.01"	"0.005"	"0.01"	"100000"	"10000"	"200"	"823433189019400216"	10000	"slope"	-0.256713545
"0.3"	"0.2"	"0.1"	"0.01"	"0.005"	"0.01"	"100000"	"10000"	"200"	"823433189019400216"	10000	"intercept"	0.4073458
"0.3"	"0.2"	"0.1"	"0.01"	"0.005"	"0.01"	"100000"	"10000"	"200"	"823433189019400216"	15000	"slope"	-0.276853235
"0.3"	"0.2"	"0.1"	"0.01"	"0.005"	"0.01"	"100000"	"10000"	"200"	"823433189019400216"	15000	"intercept"	0.416168525
"0.3"	"0.2"	"0.1"	"0.01"	"0.005"	"0.01"	"100000"	"10000"	"200"	"823433189019400216"	20000	"slope"	-0.313767195
"0.3"	"0.2"	"0.1"	"0.01"	"0.005"	"0.01"	"100000"	"10000"	"200"	"823433189019400216"	20000	"intercept"	0.44111431
"0.3"	"0.2"	"0.1"	"0.01"	"0.005"	"0.01"	"100000"	"10000"	"200"	"823433189019400216"	25000	"slope"	-0.350914515
"0.3"	"0.2"	"0.1"	"0.01"	"0.005"	"0.01"	"100000"	"10000"	"200"	"823433189019400216"	25000	"intercept"	0.471742905
"0.3"	"0.2"	"0.1"	"0.01"	"0.005"	"0.01"	"100000"	"10000"	"200"	"823433189019400216"	30000	"slope"	-0.365164385
"0.3"	"0.2"	"0.1"	"0.01"	"0.005"	"0.01"	"100000"	"10000"	"200"	"823433189019400216"	30000	"intercept"	0.47615012
"0.3"	"0.2"	"0.1"	"0.01"	"0.005"	"0.01"	"100000"	"10000"	"200"	"823433189019400216"	35000	"slope"	-0.329729295
"0.3"	"0.2"	"0.1"	"0.01"	"0.005"	"0.01"	"100000"	"10000"	"200"	"823433189019400216"	35000	"intercept"	0.448010615
"0.3"	"0.2"	"0.1"	"0.01"	"0.005"	"0.01"	"100000"	"10000"	"200"	"823433189019400216"	40000	"slope"	-0.35000862
"0.3"	"0.2"	"0.1"	"0.01"	"0.005"	"0.01"	"100000"	"10000"	"200"	"823433189019400216"	40000	"intercept"	0.46290695
"0.3"	"0.2"	"0.1"	"0.01"	"0.005"	"0.01"	"100000"	"10000"	"200"	"823433189019400216"	45000	"slope"	-0.36089165
"0.3"	"0.2"	"0.1"	"0.01"	"0.005"	"0.01"	"100000"	"10000"	"200"	"823433189019400216"	45000	"intercept"	0.47641195
"0.3"	"0.2"	"0.1"	"0.01"	"0.005"	"0.01"	"100000"	"10000"	"200"	"823433189019400216"	50000	"slope"	-0.358968185
"0.3"	"0.2"	"0.1"	"0.01"	"0.005"	"0.01"	"100000"	"10000"	"200"	"823433189019400216"	50000	"intercept"	0.473754515
"0.3"	"0.2"	"0.1"	"0.01"	"0.005"	"0.01"	"100000"	"10000"	"200"	"823433189019400216"	55000	"slope"	-0.35067943
"0.3"	"0.2"	"0.1"	"0.01"	"0.005"	"0.01"	"100000"	"10000"	"200"	"823433189019400216"	55000	"intercept"	0.47208521
"0.3"	"0.2"	"0.1"	"0.01"	"0.005"	"0.01"	"100000"	"10000"	"200"	"823433189019400216"	60000	"slope"	-0.340438575
"0.3"	"0.2"	"0.1"	"0.01"	"0.005"	"0.01"	"100000"	"10000"	"200"	"823433189019400216"	60000	"intercept"	0.460368285
"0.3"	"0.2"	"0.1"	"0.01"	"0.005"	"0.01"	"100000"	"10000"	"200"	"823433189019400216"	65000	"slope"	-0.351077555
"0.3"	"0.2"	"0.1"	"0.01"	"0.005"	"0.01"	"100000"	"10000"	"200"	"823433189019400216"	65000	"intercept"	0.47044959
"0.3"	"0.2"	"0.1"	"0.01"	"0.005"	"0.01"	"100000"	"10000"	"200"	"823433189019400216"	70000	"slope"	-0.378873275
"0.3"	"0.2"	"0.1"	"0.01"	"0.005"	"0.01"	"100000"	"10000"	"200"	"823433189019400216"	70000	"intercept"	0.491737
"0.3"	"0.2"	"0.1"	"0.01"	"0.005"	"0.01"	"100000"	"10000"	"200"	"823433189019400216"	75000	"slope"	-0.382847855
"0.3"	"0.2"	"0.1"	"0.01"	"0.005"	"0.01"	"100000"	"10000"	"200"	"823433189019400216"	75000	"intercept"	0.48759564
"0.3"	"0.2"	"0.1"	"0.01"	"0.005"	"0.01"	"100000"	"10000"	"200"	"823433189019400216"	80000	"slope"	-0.37417125
"0.3"	"0.2"	"0.1"	"0.01"	"0.005"	"0.01"	"100000"	"10000"	"200"	"823433189019400216"	80000	"intercept"	0.47323147
"0.3"	"0.2"	"0.1"	"0.01"	"0.005"	"0.01"	"100000"	"10000"	"200"	"823433189019400216"	85000	"slope"	-0.40522455
"0.3"	"0.2"	"0.1"	"0.01"	"0.005"	"0.01"	"100000"	"10000"	"200"	"823433189019400216"	85000	"intercept"	0.50723998
"0.3"	"0.2"	"0.1"	"0.01"	"0.005"	"0.01"	"100000"	"10000"	"200"	"823433189019400216"	90000	"slope"	-0.399755005
"0.3"	"0.2"	"0.1"	"0.01"	"0.005"	"0.01"	"100000"	"10000"	"200"	"823433189019400216"	90000	"intercept"	0.50113458
"0.3"	"0.2"	"0.1"	"0.01"	"0.005"	"0.01"	"100000"	"10000"	"200"	"823433189019400216"	95000	"slope"	-0.39499975
"0.3"	"0.2"	"0.1"	"0.01"	"0.005"	"0.01"	"100000"	"10000"	"200"	"823433189019400216"	95000	"intercept"	0.4932467
"0.3"	"0.2"	"0.1"	"0.01"	"0.005"	"0.01"	"100000"	"10000"	"200"	"823433189019400216"	100000	"slope"	-0.39054332
"0.3"	"0.2"	"0.1"	"0.01"	"0.005"	"0.01"	"100000"	"10000"	"200"	"823433189019400216"	100000	"intercept"	0.497733195
"0.3"	"0.2"	"0.1"	"0.01"	"0.005"	"0.01"	"100000"	"10000"	"200"	"9217632555096442537"	10	"slope"	1.8035805e-05
"0.3"	"0.2"	"0.1"	"0.01"	"0.005"	"0.01"	"100000"	"10000"	"200"	"9217632555096442537"	10	"intercept"	0.500148465
"0.3"	"0.2"	"0.1"	"0.01"	"0.005"	"0.01"	"100000"	"10000"	"200"	"9217632555096442537"	5000	"slope"	-0.21725527
"0.3"	"0.2"	"0.1"	"0.01"	"0.005"	"0.01"	"100000"	"10000"	"200"	"9217632555096442537"	5000	"intercept"	0.38924342
"0.3"	"0.2"	"0.1"	"0.01"	"0.005"	"0.01"	"100000"	"10000"	"200"	"9217632555096442537"	10000	"slope"	-0.318209265
"0.3"	"0.2"	"0.1"	"0.01"	"0.005"	"0.01"	"100000"	"10000"	"200"	"9217632555096442537"	10000	"intercept"	0.447405245
"0.3"	"0.2"	"0.1"	"0.01"	"0.005"	"0.01"	"100000"	"10000"	"200"	"9217632555096442537"	15000	"slope"	-0.35053313
"0.3"	"0.2"	"0.1"	"0.01"	"0.005"	"0.01"	"100000"	"10000"	"200"	"9217632555096442537"	15000	"intercept"	0.46668089
"0.3"	"0.2"	"0.1"	"0.01"	"0.005"	"0.01"	"100000"	"10000"	"200"	"9217632555096442537"	20000	"slope"	-0.36596875
"0.3"	"0.2"	"0.1"	"0.01"	"0.005"	"0.01"	"100000"	"10000"	"200"	"9217632555096442537"	20000	"intercept"	0.4785547
"0.3"	"0.2"	"0.1"	"0.01"	"0.005"	"0.01"	"100000"	"10000"	"200"	"9217632555096442537"	25000	"slope"	-0.36326204
"0.3"	"0.2"	"0.1"	"0.01"	"0.005"	"0.01"	"100000"	"10000"	"200"	"9217632555096442537"	25000	"intercept"	0.472698225
"0.3"	"0.2"	"0.1"	"0.01"	"0.005"	"0.01"	"100000"	"10000"	"200"	"9217632555096442537"	30000	"slope"	-0.35474953
"0.3"	"0.2"	"0.1"	"0.01"	"0.005"	"0.01"	"100000"	"10000"	"200"	"9217632555096442537"	30000	"intercept"	0.47579915
"0.3"	"0.2"	"0.1"	"0.01"	"0.005"	"0.01"	"100000"	"10000"	"200"	"9217632555096442537"	35000	"slope"	-0.360995085
"0.3"	"0.2"	"0.1"	"0.01"	"0.005"	"0.01"	"100000"	"10000"	"200"	"9217632555096442537"	35000	"intercept"	0.47555877
"0.3"	"0.2"	"0.1"	"0.01"	"0.005"	"0.01"	"100000"	"10000"	"200"	"9217632555096442537"	40000	"slope"	-0.345192735
"0.3"	"0.2"	"0.1"	"0.01"	"0.005"	"0.01"	"100000"	"10000"	"200"	"9217632555096442537"	40000	"intercept"	0.45956155
"0.3"	"0.2"	"0.1"	"0.01"	"0.005"	"0.01"	"100000"	"10000"	"200"	"9217632555096442537"	45000	"slope"	-0.361338265
"0.3"	"0.2"	"0.1"	"0.01"	"0.005"	"0.01"	"100000"	"10000"	"200"	"9217632555096442537"	45000	"intercept"	0.476485165
"0.3"	"0.2"	"0.1"	"0.01"	"0.005"	"0.01"	"100000"	"10000"	"200"	"9217632555096442537"	50000	"slope"	-0.354248915
"0.3"	"0.2"	"0.1"	"0.01"	"0.005"	"0.01"	"100000"	"10000"	"200"	"9217632555096442537"	50000	"intercept"	0.47425648
"0.3"	"0.2"	"0.1"	"0.01"	"0.005"	"0.01"	"100000"	"10000"	"200"	"9217632555096442537"	55000	"slope"	-0.389746515
"0.3"	"0.2"	"0.1"	"0.01"	"0.005"	"0.01"	"100000"	"10000"	"200"	"9217632555096442537"	55000	"intercept"	0.48926002
"0.3"	"0.2"	"0.1"	"0.01"	"0.005"	"0.01"	"100000"	"10000"	"200"	"9217632555096442537"	60000	"slope"	-0.37064748
"0.3"	"0.2"	"0.1"	"0.01"	"0.005"	"0.01"	"100000"	"10000"	"200"	"9217632555096442537"	60000	"intercept"	0.475289865
"0.3"	"0.2"	"0.1"	"0.01"	"0.005"	"0.01"	"100000"	"10000"	"200"	"9217632555096442537"	65000	"slope"	-0.38356309
"0.3"	"0.2"	"0.1"	"0.01"	"0.005"	"0.01"	"100000"	"10000"	"200"	"9217632555096442537"	65000	"intercept"	0.485431
"0.3"	"0.2"	"0.1"	"0.01"	"0.005"	"0.01"	"100000"	"10000"	"200"	"9217632555096442537"	70000	"slope"	-0.367700155
"0.3"	"0.2"	"0.1"	"0.01"	"0.005"	"0.01"	"100000"	"10000"	"200"	"9217632555096442537"	70000	"intercept"	0.474004795
"0.3"	"0.2"	"0.1"	"0.01"	"0.005"	"0.01"	"100000"	"10000"	"200"	"9217632555096442537"	75000	"slope"	-0.361350125
"0.3"	"0.2"	"0.1"	"0.01"	"0.005"	"0.01"	"100000"	"10000"	"200"	"9217632555096442537"	75000	"intercept"	0.471776845
"0.3"	"0.2"	"0.1"	"0.01"	"0.005"	"0.01"	"100000"	"10000"	"200"	"9217632555096442537"	80000	"slope"	-0.390361525
"0.3"	"0.2"	"0.1"	"0.01"	"0.005"	"0.01"	"100000"	"10000"	"200"	"9217632555096442537"	80000	"intercept"	0.49170669
"0.3"	"0.2"	"0.1"	"0.01"	"0.005"	"0.01"	"100000"	"10000"	"200"	"9217632555096442537"	85000	"slope"	-0.38203777
"0.3"	"0.2"	"0.1"	"0.01"	"0.005"	"0.01"	"100000"	"10000"	"200"	"9217632555096442537"	85000	"intercept"	0.487034245
"0.3"	"0.2"	"0.1"	"0.01"	"0.005"	"0.01"	"100000"	"10000"	"200"	"9217632555096442537"	90000	"slope"	-0.395100485
"0.3"	"0.2"	"0.1"	"0.01"	"0.005"	"0.01"	"100000"	"10000"	"200"	"9217632555096442537"	90000	"intercept"	0.498688925
"0.3"	"0.2"	"0.1"	"0.01"	"0.005"	"0.01"	"100000"	"10000"	"200"	"9217632555096442537"	95000	"slope"	-0.39070792
"0.3"	"0.2"	"0.1"	"0.01"	"0.005"	"0.01"	"100000"	"10000"	"200"	"9217632555096442537"	95000	"intercept"	0.495768365
"0.3"	"0.2"	"0.1"	"0.01"	"0.005"	"0.01"	"100000"	"10000"	"200"	"9217632555096442537"	100000	"slope"	-0.394693295
"0.3"	"0.2"	"0.1"	"0.01"	"0.005"	"0.01"	"100000"	"10000"	"200"	"9217632555096442537"	100000	"intercept"	0.495966915
"0.3"	"0.4"	"0.1"	"0.01"	"0.005"	"0.01"	"100000"	"10000"	"200"	"3724917344544522445"	10	"slope"	0.00023643924
"0.3"	"0.4"	"0.1"	"0.01"	"0.005"	"0.01"	"100000"	"10000"	"200"	"3724917344544522445"	10	"intercept"	0.5000018
"0.3"	"0.4"	"0.1"	"0.01"	"0.005"	"0.01"	"100000"	"10000"	"200"	"3724917344544522445"	5000	"slope"	-0.1686254075
"0.3"	"0.4"	"0.1"	"0.01"	"0.005"	"0.01"	"100000"	"10000"	"200"	"3724917344544522445"	5000	"intercept"	0.340105715
"0.3"	"0.4"	"0.1"	"0.01"	"0.005"	"0.01"	"100000"	"10000"	"200"	"3724917344544522445"	10000	"slope"	-0.25494551
"0.3"	"0.4"	"0.1"	"0.01"	"0.005"	"0.01"	"100000"	"10000"	"200"	"3724917344544522445"	10000	"intercept"	0.399144195
"0.3"	"0.4"	"0.1"	"0.01"	"0.005"	"0.01"	"100000"	"10000"	"200"	"3724917344544522445"	15000	"slope"	-0.305095045
"0.3"	"0.4"	"0.1"	"0.01"	"0.005"	"0.01"	"100000"	"10000"	"200"	"3724917344544522445"	15000	"intercept"	0.42672637
"0.3"	"0.4"	"0.1"	"0.01"	"0.005"	"0.01"	"100000"	"10000"	"200"	"3724917344544522445"	20000	"slope"	-0.329005395
"0.3"	"0.4"	"0.1"	"0.01"	"0.005"	"0.01"	"100000"	"10000"	"200"	"3724917344544522445"	20000	"intercept"	0.43747763
"0.3"	"0.4"	"0.1"	"0.01"	"0.005"	"0.01"	"100000"	"10000"	"200"	"3724917344544522445"	25000	"slope"	-0.366282315
"0.3"	"0.4"	"0.1"	"0.01"	"0.005"	"0.01"	"100000"	"10000"	"200"	"3724917344544522445"	25000	"intercept"	0.471814905
"0.3"	"0.4"	"0.1"	"0.01"	"0.005"	"0.01"	"100000"	"10000"	"200"	"3724917344544522445"	30000	"slope"	-0.3895028
"0.3"	"0.4"	"0.1"	"0.01"	"0.005"	"0.01"	"100000"	"10000"	"200"	"3724917344544522445"	30000	"intercept"	0.483032445
"0.3"	"0.4"	"0.1"	"0.01"	"0.005"	"0.01"	"100000"	"10000"	"200"	"3724917344544522445"	35000	"slope"	-0.379536645
"0.3"	"0.4"	"0.1"	"0.01"	"0.005"	"0.01"	"100000"	"10000"	"200"	"3724917344544522445"	35000	"intercept"	0.480214155
"0.3"	"0.4"	"0.1"	"0.01"	"0.005"	"0.01"	"100000"	"10000"	"200"	"3724917344544522445"	40000	"slope"	-0.395351775
"0.3"	"0.4"	"0.1"	"0.01"	"0.005"	"0.01"	"100000"	"10000"	"200"	"3724917344544522445"	40000	"intercept"	0.49241962
"0.3"	"0.4"	"0.1"	"0.01"	"0.005"	"0.01"	"100000"	"10000"	"200"	"3724917344544522445"	45000	"slope"	-0.38678484
"0.3"	"0.4"	"0.1"	"0.01"	"0.005"	"0.01"	"100000"	"10000"	"200"	"3724917344544522445"	45000	"intercept"	0.48491007
"0.3"	"0.4"	"0.1"	"0.01"	"0.005"	"0.01"	"100000"	"10000"	"200"	"3724917344544522445"	50000	"slope"	-0.391033555
"0.3"	"0.4"	"0.1"	"0.01"	"0.005"	"0.01"	"100000"	"10000"	"200"	"3724917344544522445"	50000	"intercept"	0.49072211
"0.3"	"0.4"	"0.1"	"0.01"	"0.005"	"0.01"	"100000"	"10000"	"200"	"3724917344544522445"	55000	"slope"	-0.40153813
"0.3"	"0.4"	"0.1"	"0.01"	"0.005"	"0.01"	"100000"	"10000"	"200"	"3724917344544522445"	55000	"intercept"	0.48951272
"0.3"	"0.4"	"0.1"	"0.01"	"0.005"	"0.01"	"100000"	"10000"	"200"	"3724917344544522445"	60000	"slope"	-0.407397485
"0.3"	"0.4"	"0.1"	"0.01"	"0.005"	"0.01"	"100000"	"10000"	"200"	"3724917344544522445"	60000	"intercept"	0.496296525
"0.3"	"0.4"	"0.1"	"0.01"	"0.005"	"0.01"	"100000"	"10000"	"200"	"3724917344544522445"	65000	"slope"	-0.37089789
"0.3"	"0.4"	"0.1"	"0.01"	"0.005"	"0.01"	"100000"	"10000"	"200"	"3724917344544522445"	65000	"intercept"	0.479304245
"0.3"	"0.4"	"0.1"	"0.01"	"0.005"	"0.01"	"100000"	"10000"	"200"	"3724917344544522445"	70000	"slope"	-0.369742615
"0.3"	"0.4"	"0.1"	"0.01"	"0.005"	"0.01"	"100000"	"10000"	"200"	"3724917344544522445"	70000	"intercept"	0.4716966
"0.3"	"0.4"	"0.1"	"0.01"	"0.005"	"0.01"	"100000"	"10000"	"200"	"3724917344544522445"	75000	"slope"	-0.371609355
"0.3"	"0.4"	"0.1"	"0.01"	"0.005"	"0.01"	"100000"	"10000"	"200"	"3724917344544522445"	75000	"intercept"	0.471384145
"0.3"	"0.4"	"0.1"	"0.01"	"0.005"	"0.01"	"100000"	"10000"	"200"	"3724917344544522445"	80000	"slope"	-0.379713925
"0.3"	"0.4"	"0.1"	"0.01"	"0.005"	"0.01"	"100000"	"10000"	"200"	"3724917344544522445"	80000	"intercept"	0.477565485
"0.3"	"0.4"	"0.1"	"0.01"	"0.005"	"0.01"	"100000"	"10000"	"200"	"3724917344544522445"	85000	"slope"	-0.403089315
"0.3"	"0.4"	"0.1"	"0.01"	"0.005"	"0.01"	"100000"	"10000"	"200"	"3724917344544522445"	85000	"intercept"	0.49168795
"0.3"	"0.4"	"0.1"	"0.01"	"0.005"	"0.01"	"100000"	"10000"	"200"	"3724917344544522445"	90000	"slope"	-0.40410351
"0.3"	"0.4"	"0.1"	"0.01"	"0.005"	"0.01"	"100000"	"10000"	"200"	"3724917344544522445"	90000	"intercept"	0.495286995
"0.3"	"0.4"	"0.1"	"0.01"	"0.005"	"0.01"	"100000"	"10000"	"200"	"3724917344544522445"	95000	"slope"	-0.386137
"0.3"	"0.4"	"0.1"	"0.01"	"0.005"	"0.01"	"100000"	"10000"	"200"	"3724917344544522445"	95000	"intercept"	0.48304263
"0.3"	"0.4"	"0.1"	"0.01"	"0.005"	"0.01"	"100000"	"10000"	"200"	"3724917344544522445"	100000	"slope"	-0.41807456
"0.3"	"0.4"	"0.1"	"0.01"	"0.005"	"0.01"	"100000"	"10000"	"200"	"3724917344544522445"	100000	"intercept"	0.506338005
"0.3"	"0.4"	"0.1"	"0.01"	"0.005"	"0.01"	"100000"	"10000"	"200"	"4556951469400682371"	10	"slope"	0.000102717355
"0.3"	"0.4"	"0.1"	"0.01"	"0.005"	"0.01"	"100000"	"10000"	"200"	"4556951469400682371"	10	"intercept"	0.50005759
"0.3"	"0.4"	"0.1"	"0.01"	"0.005"	"0.01"	"100000"	"10000"	"200"	"4556951469400682371"	5000	"slope"	-0.207507005
"0.3"	"0.4"	"0.1"	"0.01"	"0.005"	"0.01"	"100000"	"10000"	"200"	"4556951469400682371"	5000	"intercept"	0.366988755
"0.3"	"0.4"	"0.1"	"0.01"	"0.005"	"0.01"	"100000"	"10000"	"200"	"4556951469400682371"	10000	"slope"	-0.318150955
"0.3"	"0.4"	"0.1"	"0.01"	"0.005"	"0.01"	"100000"	"10000"	"200"	"4556951469400682371"	10000	"intercept"	0.43407158
"0.3"	"0.4"	"0.1"	"0.01"	"0.005"	"0.01"	"100000"	"10000"	"200"	"4556951469400682371"	15000	"slope"	-0.31715327
"0.3"	"0.4"	"0.1"	"0.01"	"0.005"	"0.01"	"100000"	"10000"	"200"	"4556951469400682371"	15000	"intercept"	0.4321074
"0.3"	"0.4"	"0.1"	"0.01"	"0.005"	"0.01"	"100000"	"10000"	"200"	"4556951469400682371"	20000	"slope"	-0.380529175
"0.3"	"0.4"	"0.1"	"0.01"	"0.005"	"0.01"	"100000"	"10000"	"200"	"4556951469400682371"	20000	"intercept"	0.47722361
"0.3"	"0.4"	"0.1"	"0.01"	"0.005"	"0.01"	"100000"	"10000"	"200"	"4556951469400682371"	25000	"slope"	-0.378521525
"0.3"	"0.4"	"0.1"	"0.01"	"0.005"	"0.01"	"100000"	"10000"	"200"	"4556951469400682371"	25000	"intercept"	0.479073805
"0.3"	"0.4"	"0.1"	"0.01"	"0.005"	"0.01"	"100000"	"10000"	"200"	"4556951469400682371"	30000	"slope"	-0.39274353
"0.3"	"0.4"	"0.1"	"0.01"	"0.005"	"0.01"	"100000"	"10000"	"200"	"4556951469400682371"	30000	"intercept"	0.49129398
"0.3"	"0.4"	"0.1"	"0.01"	"0.005"	"0.01"	"100000"	"10000"	"200"	"4556951469400682371"	35000	"slope"	-0.398383725
"0.3"	"0.4"	"0.1"	"0.01"	"0.005"	"0.01"	"100000"	"10000"	"200"	"4556951469400682371"	35000	"intercept"	0.491655255
"0.3"	"0.4"	"0.1"	"0.01"	"0.005"	"0.01"	"100000"	"10000"	"200"	"4556951469400682371"	40000	"slope"	-0.386636755
"0.3"	"0.4"	"0.1"	"0.01"	"0.005"	"0.01"	"100000"	"10000"	"200"	"4556951469400682371"	40000	"intercept"	0.49119835
"0.3"	"0.4"	"0.1"	"0.01"	"0.005"	"0.01"	"100000"	"10000"	"200"	"4556951469400682371"	45000	"slope"	-0.3713751
"0.3"	"0.4"	"0.1"	"0.01"	"0.005"	"0.01"	"100000"	"10000"	"200"	"4556951469400682371"	45000	"intercept"	0.481423705
"0.3"	"0.4"	"0.1"	"0.01"	"0.005"	"0.01"	"100000"	"10000"	"200"	"4556951469400682371"	50000	"slope"	-0.372698175
"0.3"	"0.4"	"0.1"	"0.01"	"0.005"	"0.01"	"100000"	"10000"	"200"	"4556951469400682371"	50000	"intercept"	0.47474507
"0.3"	"0.4"	"0.1"	"0.01"	"0.005"	"0.01"	"100000"	"10000"	"200"	"4556951469400682371"	55000	"slope"	-0.38803678
"0.3"	"0.4"	"0.1"	"0.01"	"0.005"	"0.01"	"100000"	"10000"	"200"	"4556951469400682371"	55000	"intercept"	0.48049179
"0.3"	"0.4"	"0.1"	"0.01"	"0.005"	"0.01"	"100000"	"10000"	"200"	"4556951469400682371"	60000	"slope"	-0.393654045
"0.3"	"0.4"	"0.1"	"0.01"	"0.005"	"0.01"	"100000"	"10000"	"200"	"4556951469400682371"	60000	"intercept"	0.483706985
"0.3"	"0.4"	"0.1"	"0.01"	"0.005"	"0.01"	"100000"	"10000"	"200"	"4556951469400682371"	65000	"slope"	-0.40255367
"0.3"	"0.4"	"0.1"	"0.01"	"0.005"	"0.01"	"100000"	"10000"	"200"	"4556951469400682371"	65000	"intercept"	0.49531917
"0.3"	"0.4"	"0.1"	"0.01"	"0.005"	"0.01"	"100000"	"10000"	"200"	"4556951469400682371"	70000	"slope"	-0.39344405
"0.3"	"0.4"	"0.1"	"0.01"	"0.005"	"0.01"	"100000"	"10000"	"200"	"4556951469400682371"	70000	"intercept"	0.48515957
"0.3"	"0.4"	"0.1"	"0.01"	"0.005"	"0.01"	"100000"	"10000"	"200"	"4556951469400682371"	75000	"slope"	-0.396561005
"0.3"	"0.4"	"0.1"	"0.01"	"0.005"	"0.01"	"100000"	"10000"	"200"	"4556951469400682371"	75000	"intercept"	0.493304445
"0.3"	"0.4"	"0.1"	"0.01"	"0.005"	"0.01"	"100000"	"10000"	"200"	"4556951469400682371"	80000	"slope"	-0.36494671
"0.3"	"0.4"	"0.1"	"0.01"	"0.005"	"0.01"	"100000"	"10000"	"200"	"4556951469400682371"	80000	"intercept"	0.47359791
"0.3"	"0.4"	"0.1"	"0.01"	"0.005"	"0.01"	"100000"	"10000"	"200"	"4556951469400682371"	85000	"slope"	-0.386175165
"0.3"	"0.4"	"0.1"	"0.01"	"0.005"	"0.01"	"100000"	"10000"	"200"	"4556951469400682371"	85000	"intercept"	0.478883985
"0.3"	"0.4"	"0.1"	"0.01"	"0.005"	"0.01"	"100000"	"10000"	"200"	"4556951469400682371"	90000	"slope"	-0.380679735
"0.3"	"0.4"	"0.1"	"0.01"	"0.005"	"0.01"	"100000"	"10000"	"200"	"4556951469400682371"	90000	"intercept"	0.47607689
"0.3"	"0.4"	"0.1"	"0.01"	"0.005"	"0.01"	"100000"	"10000"	"200"	"4556951469400682371"	95000	"slope"	-0.39125171
"0.3"	"0.4"	"0.1"	"0.01"	"0.005"	"0.01"	"100000"	"10000"	"200"	"4556951469400682371"	95000	"intercept"	0.485866205
"0.3"	"0.4"	"0.1"	"0.01"	"0.005"	"0.01"	"100000"	"10000"	"200"	"4556951469400682371"	100000	"slope"	-0.39180095
"0.3"	"0.4"	"0.1"	"0.01"	"0.005"	"0.01"	"100000"	"10000"	"200"	"4556951469400682371"	100000	"intercept"	0.489021445
"0.3"	"0.4"	"0.1"	"0.01"	"0.005"	"0.01"	"100000"	"10000"	"200"	"6353474289140792662"	10	"slope"	-1.6499887e-05
"0.3"	"0.4"	"0.1"	"0.01"	"0.005"	"0.01"	"100000"	"10000"	"200"	"6353474289140792662"	10	"intercept"	0.499757505
"0.3"	"0.4"	"0.1"	"0.01"	"0.005"	"0.01"	"100000"	"10000"	"200"	"6353474289140792662"	5000	"slope"	-0.197433646
"0.3"	"0.4"	"0.1"	"0.01"	"0.005"	"0.01"	"100000"	"10000"	"200"	"6353474289140792662"	5000	"intercept"	0.355487495
"0.3"	"0.4"	"0.1"	"0.01"	"0.005"	"0.01"	"100000"	"10000"	"200"	"6353474289140792662"	10000	"slope"	-0.27902052
"0.3"	"0.4"	"0.1"	"0.01"	"0.005"	"0.01"	"100000"	"10000"	"200"	"6353474289140792662"	10000	"intercept"	0.40667891
"0.3"	"0.4"	"0.1"	"0.01"	"0.005"	"0.01"	"100000"	"10000"	"200"	"6353474289140792662"	15000	"slope"	-0.32261231
"0.3"	"0.4"	"0.1"	"0.01"	"0.005"	"0.01"	"100000"	"10000"	"200"	"6353474289140792662"	15000	"intercept"	0.43681309
"0.3"	"0.4"	"0.1"	"0.01"	"0.005"	"0.01"	"100000"	"10000"	"200"	"6353474289140792662"	20000	"slope"	-0.36412701
"0.3"	"0.4"	"0.1"	"0.01"	"0.005"	"0.01"	"100000"	"10000"	"200"	"6353474289140792662"	20000	"intercept"	0.466357185
"0.3"	"0.4"	"0.1"	"0.01"	"0.005"	"0.01"	"100000"	"10000"	"200"	"6353474289140792662"	25000	"slope"	-0.362159755
"0.3"	"0.4"	"0.1"	"0.01"	"0.005"	"0.01"	"100000"	"10000"	"200"	"6353474289140792662"	25000	"intercept"	0.47244746
"0.3"	"0.4"	"0.1"	"0.01"	"0.005"	"0.01"	"100000"	"10000"	"200"	"6353474289140792662"	30000	"slope"	-0.343831235
"0.3"	"0.4"	"0.1"	"0.01"	"0.005"	"0.01"	"100000"	"10000"	"200"	"6353474289140792662"	30000	"intercept"	0.443691675
"0.3"	"0.4"	"0.1"	"0.01"	"0.005"	"0.01"	"100000"	"10000"	"200"	"6353474289140792662"	35000	"slope"	-0.354777675
"0.3"	"0.4"	"0.1"	"0.01"	"0.005"	"0.01"	"100000"	"10000"	"200"	"6353474289140792662"	35000	"intercept"	0.458710605
"0.3"	"0.4"	"0.1"	"0.01"	"0.005"	"0.01"	"100000"	"10000"	"200"	"6353474289140792662"	40000	"slope"	-0.362887595
"0.3"	"0.4"	"0.1"	"0.01"	"0.005"	"0.01"	"100000"	"10000"	"200"	"6353474289140792662"	40000	"intercept"	0.46864069
"0.3"	"0.4"	"0.1"	"0.01"	"0.005"	"0.01"	"100000"	"10000"	"200"	"6353474289140792662"	45000	"slope"	-0.35222497
"0.3"	"0.4"	"0.1"	"0.01"	"0.005"	"0.01"	"100000"	"10000"	"200"	"6353474289140792662"	45000	"intercept"	0.45634737
"0.3"	"0.4"	"0.1"	"0.01"	"0.005"	"0.01"	"100000"	"10000"	"200"	"6353474289140792662"	50000	"slope"	-0.389986165
"0.3"	"0.4"	"0.1"	"0.01"	"0.005"	"0.01"	"100000"	"10000"	"200"	"6353474289140792662"	50000	"intercept"	0.478952585
"0.3"	"0.4"	"0.1"	"0.01"	"0.005"	"0.01"	"100000"	"10000"	"200"	"6353474289140792662"	55000	"slope"	-0.373769855
"0.3"	"0.4"	"0.1"	"0.01"	"0.005"	"0.01"	"100000"	"10000"	"200"	"6353474289140792662"	55000	"intercept"	0.47091483
"0.3"	"0.4"	"0.1"	"0.01"	"0.005"	"0.01"	"100000"	"10000"	"200"	"6353474289140792662"	60000	"slope"	-0.40213451
"0.3"	"0.4"	"0.1"	"0.01"	"0.005"	"0.01"	"100000"	"10000"	"200"	"6353474289140792662"	60000	"intercept"	0.492534755
"0.3"	"0.4"	"0.1"	"0.01"	"0.005"	"0.01"	"100000"	"10000"	"200"	"6353474289140792662"	65000	"slope"	-0.389435045
"0.3"	"0.4"	"0.1"	"0.01"	"0.005"	"0.01"	"100000"	"10000"	"200"	"6353474289140792662"	65000	"intercept"	0.487116535
"0.3"	"0.4"	"0.1"	"0.01"	"0.005"	"0.01"	"100000"	"10000"	"200"	"6353474289140792662"	70000	"slope"	-0.36167059
"0.3"	"0.4"	"0.1"	"0.01"	"0.005"	"0.01"	"100000"	"10000"	"200"	"6353474289140792662"	70000	"intercept"	0.462804635
"0.3"	"0.4"	"0.1"	"0.01"	"0.005"	"0.01"	"100000"	"10000"	"200"	"6353474289140792662"	75000	"slope"	-0.386650965
"0.3"	"0.4"	"0.1"	"0.01"	"0.005"	"0.01"	"100000"	"10000"	"200"	"6353474289140792662"	75000	"intercept"	0.481758845
"0.3"	"0.4"	"0.1"	"0.01"	"0.005"	"0.01"	"100000"	"10000"	"200"	"6353474289140792662"	80000	"slope"	-0.40222996
"0.3"	"0.4"	"0.1"	"0.01"	"0.005"	"0.01"	"100000"	"10000"	"200"	"6353474289140792662"	80000	"intercept"	0.49546451
"0.3"	"0.4"	"0.1"	"0.01"	"0.005"	"0.01"	"100000"	"10000"	"200"	"6353474289140792662"	85000	"slope"	-0.39566677
"0.3"	"0.4"	"0.1"	"0.01"	"0.005"	"0.01"	"100000"	"10000"	"200"	"6353474289140792662"	85000	"intercept"	0.49207172
"0.3"	"0.4"	"0.1"	"0.01"	"0.005"	"0.01"	"100000"	"10000"	"200"	"6353474289140792662"	90000	"slope"	-0.408670255
"0.3"	"0.4"	"0.1"	"0.01"	"0.005"	"0.01"	"100000"	"10000"	"200"	"6353474289140792662"	90000	"intercept"	0.49720794
"0.3"	"0.4"	"0.1"	"0.01"	"0.005"	"0.01"	"100000"	"10000"	"200"	"6353474289140792662"	95000	"slope"	-0.401683215
"0.3"	"0.4"	"0.1"	"0.01"	"0.005"	"0.01"	"100000"	"10000"	"200"	"6353474289140792662"	95000	"intercept"	0.497070015
"0.3"	"0.4"	"0.1"	"0.01"	"0.005"	"0.01"	"100000"	"10000"	"200"	"6353474289140792662"	100000	"slope"	-0.378896515
"0.3"	"0.4"	"0.1"	"0.01"	"0.005"	"0.01"	"100000"	"10000"	"200"	"6353474289140792662"	100000	"intercept"	0.47105301
"0.3"	"0.4"	"0.1"	"0.01"	"0.005"	"0.01"	"100000"	"10000"	"200"	"6799366430110225877"	10	"slope"	-0.000106530165
"0.3"	"0.4"	"0.1"	"0.01"	"0.005"	"0.01"	"100000"	"10000"	"200"	"6799366430110225877"	10	"intercept"	0.50008086
"0.3"	"0.4"	"0.1"	"0.01"	"0.005"	"0.01"	"100000"	"10000"	"200"	"6799366430110225877"	5000	"slope"	-0.148874758
"0.3"	"0.4"	"0.1"	"0.01"	"0.005"	"0.01"	"100000"	"10000"	"200"	"6799366430110225877"	5000	"intercept"	0.334003645
"0.3"	"0.4"	"0.1"	"0.01"	"0.005"	"0.01"	"100000"	"10000"	"200"	"6799366430110225877"	10000	"slope"	-0.22808536
"0.3"	"0.4"	"0.1"	"0.01"	"0.005"	"0.01"	"100000"	"10000"	"200"	"6799366430110225877"	10000	"intercept"	0.373911195
"0.3"	"0.4"	"0.1"	"0.01"	"0.005"	"0.01"	"100000"	"10000"	"200"	"6799366430110225877"	15000	"slope"	-0.306082985
"0.3"	"0.4"	"0.1"	"0.01"	"0.005"	"0.01"	"100000"	"10000"	"200"	"6799366430110225877"	15000	"intercept"	0.43038352
"0.3"	"0.4"	"0.1"	"0.01"	"0.005"	"0.01"	"100000"	"10000"	"200"	"6799366430110225877"	20000	"slope"	-0.339878115
"0.3"	"0.4"	"0.1"	"0.01"	"0.005"	"0.01"	"100000"	"10000"	"200"	"6799366430110225877"	20000	"intercept"	0.44707181
"0.3"	"0.4"	"0.1"	"0.01"	"0.005"	"0.01"	"100000"	"10000"	"200"	"6799366430110225877"	25000	"slope"	-0.369371695
"0.3"	"0.4"	"0.1"	"0.01"	"0.005"	"0.01"	"100000"	"10000"	"200"	"6799366430110225877"	25000	"intercept"	0.464312435
"0.3"	"0.4"	"0.1"	"0.01"	"0.005"	"0.01"	"100000"	"10000"	"200"	"6799366430110225877"	30000	"slope"	-0.374101585
"0.3"	"0.4"	"0.1"	"0.01"	"0.005"	"0.01"	"100000"	"10000"	"200"	"6799366430110225877"	30000	"intercept"	0.474286475
"0.3"	"0.4"	"0.1"	"0.01"	"0.005"	"0.01"	"100000"	"10000"	"200"	"6799366430110225877"	35000	"slope"	-0.399122035
"0.3"	"0.4"	"0.1"	"0.01"	"0.005"	"0.01"	"100000"	"10000"	"200"	"6799366430110225877"	35000	"intercept"	0.48690947
"0.3"	"0.4"	"0.1"	"0.01"	"0.005"	"0.01"	"100000"	"10000"	"200"	"6799366430110225877"	40000	"slope"	-0.38752202
"0.3"	"0.4"	"0.1"	"0.01"	"0.005"	"0.01"	"100000"	"10000"	"200"	"6799366430110225877"	40000	"intercept"	0.47651097
"0.3"	"0.4"	"0.1"	"0.01"	"0.005"	"0.01"	"100000"	"10000"	"200"	"6799366430110225877"	45000	"slope"	-0.389746875
"0.3"	"0.4"	"0.1"	"0.01"	"0.005"	"0.01"	"100000"	"10000"	"200"	"6799366430110225877"	45000	"intercept"	0.476529075
"0.3"	"0.4"	"0.1"	"0.01"	"0.005"	"0.01"	"100000"	"10000"	"200"	"6799366430110225877"	50000	"slope"	-0.378709955
"0.3"	"0.4"	"0.1"	"0.01"	"0.005"	"0.01"	"100000"	"10000"	"200"	"6799366430110225877"	50000	"intercept"	0.476961595
"0.3"	"0.4"	"0.1"	"0.01"	"0.005"	"0.01"	"100000"	"10000"	"200"	"6799366430110225877"	55000	"slope"	-0.38749752
"0.3"	"0.4"	"0.1"	"0.01"	"0.005"	"0.01"	"100000"	"10000"	"200"	"6799366430110225877"	55000	"intercept"	0.478241725
"0.3"	"0.4"	"0.1"	"0.01"	"0.005"	"0.01"	"100000"	"10000"	"200"	"6799366430110225877"	60000	"slope"	-0.368658875
"0.3"	"0.4"	"0.1"	"0.01"	"0.005"	"0.01"	"100000"	"10000"	"200"	"6799366430110225877"	60000	"intercept"	0.46930439
"0.3"	"0.4"	"0.1"	"0.01"	"0.005"	"0.01"	"100000"	"10000"	"200"	"6799366430110225877"	65000	"slope"	-0.37191402
"0.3"	"0.4"	"0.1"	"0.01"	"0.005"	"0.01"	"100000"	"10000"	"200"	"6799366430110225877"	65000	"intercept"	0.476675685
"0.3"	"0.4"	"0.1"	"0.01"	"0.005"	"0.01"	"100000"	"10000"	"200"	"6799366430110225877"	70000	"slope"	-0.394661735
"0.3"	"0.4"	"0.1"	"0.01"	"0.005"	"0.01"	"100000"	"10000"	"200"	"6799366430110225877"	70000	"intercept"	0.492722015
"0.3"	"0.4"	"0.1"	"0.01"	"0.005"	"0.01"	"100000"	"10000"	"200"	"6799366430110225877"	75000	"slope"	-0.37610755
"0.3"	"0.4"	"0.1"	"0.01"	"0.005"	"0.01"	"100000"	"10000"	"200"	"6799366430110225877"	75000	"intercept"	0.46920529
"0.3"	"0.4"	"0.1"	"0.01"	"0.005"	"0.01"	"100000"	"10000"	"200"	"6799366430110225877"	80000	"slope"	-0.331375465
"0.3"	"0.4"	"0.1"	"0.01"	"0.005"	"0.01"	"100000"	"10000"	"200"	"6799366430110225877"	80000	"intercept"	0.44654819
"0.3"	"0.4"	"0.1"	"0.01"	"0.005"	"0.01"	"100000"	"10000"	"200"	"6799366430110225877"	85000	"slope"	-0.3940614
"0.3"	"0.4"	"0.1"	"0.01"	"0.005"	"0.01"	"100000"	"10000"	"200"	"6799366430110225877"	85000	"intercept"	0.48555582
"0.3"	"0.4"	"0.1"	"0.01"	"0.005"	"0.01"	"100000"	"10000"	"200"	"6799366430110225877"	90000	"slope"	-0.37402932
"0.3"	"0.4"	"0.1"	"0.01"	"0.005"	"0.01"	"100000"	"10000"	"200"	"6799366430110225877"	90000	"intercept"	0.47177514
"0.3"	"0.4"	"0.1"	"0.01"	"0.005"	"0.01"	"100000"	"10000"	"200"	"6799366430110225877"	95000	"slope"	-0.384416575
"0.3"	"0.4"	"0.1"	"0.01"	"0.005"	"0.01"	"100000"	"10000"	"200"	"6799366430110225877"	95000	"intercept"	0.475657175
"0.3"	"0.4"	"0.1"	"0.01"	"0.005"	"0.01"	"100000"	"10000"	"200"	"6799366430110225877"	100000	"slope"	-0.37698921
"0.3"	"0.4"	"0.1"	"0.01"	"0.005"	"0.01"	"100000"	"10000"	"200"	"6799366430110225877"	100000	"intercept"	0.4720172
"0.3"	"0.4"	"0.1"	"0.01"	"0.005"	"0.01"	"100000"	"10000"	"200"	"8645422710389185820"	10	"slope"	8.74597295e-05
"0.3"	"0.4"	"0.1"	"0.01"	"0.005"	"0.01"	"100000"	"10000"	"200"	"8645422710389185820"	10	"intercept"	0.499812545
"0.3"	"0.4"	"0.1"	"0.01"	"0.005"	"0.01"	"100000"	"10000"	"200"	"8645422710389185820"	5000	"slope"	-0.19565523
"0.3"	"0.4"	"0.1"	"0.01"	"0.005"	"0.01"	"100000"	"10000"	"200"	"8645422710389185820"	5000	"intercept"	0.358408585
"0.3"	"0.4"	"0.1"	"0.01"	"0.005"	"0.01"	"100000"	"10000"	"200"	"8645422710389185820"	10000	"slope"	-0.289593495
"0.3"	"0.4"	"0.1"	"0.01"	"0.005"	"0.01"	"100000"	"10000"	"200"	"8645422710389185820"	10000	"intercept"	0.415975755
"0.3"	"0.4"	"0.1"	"0.01"	"0.005"	"0.01"	"100000"	"10000"	"200"	"8645422710389185820"	15000	"slope"	-0.329364935
"0.3"	"0.4"	"0.1"	"0.01"	"0.005"	"0.01"	"100000"	"10000"	"200"	"8645422710389185820"	15000	"intercept"	0.434634165
"0.3"	"0.4"	"0.1"	"0.01"	"0.005"	"0.01"	"100000"	"10000"	"200"	"8645422710389185820"	20000	"slope"	-0.35226431
"0.3"	"0.4"	"0.1"	"0.01"	"0.005"	"0.01"	"100000"	"10000"	"200"	"8645422710389185820"	20000	"intercept"	0.460622975
"0.3"	"0.4"	"0.1"	"0.01"	"0.005"	"0.01"	"100000"	"10000"	"200"	"8645422710389185820"	25000	"slope"	-0.370691225
"0.3"	"0.4"	"0.1"	"0.01"	"0.005"	"0.01"	"100000"	"10000"	"200"	"8645422710389185820"	25000	"intercept"	0.473002975
"0.3"	"0.4"	"0.1"	"0.01"	"0.005"	"0.01"	"100000"	"10000"	"200"	"8645422710389185820"	30000	"slope"	-0.380656425
"0.3"	"0.4"	"0.1"	"0.01"	"0.005"	"0.01"	"100000"	"10000"	"200"	"8645422710389185820"	30000	"intercept"	0.478130555
"0.3"	"0.4"	"0.1"	"0.01"	"0.005"	"0.01"	"100000"	"10000"	"200"	"8645422710389185820"	35000	"slope"	-0.38247116
"0.3"	"0.4"	"0.1"	"0.01"	"0.005"	"0.01"	"100000"	"10000"	"200"	"8645422710389185820"	35000	"intercept"	0.4806832
"0.3"	"0.4"	"0.1"	"0.01"	"0.005"	"0.01"	"100000"	"10000"	"200"	"8645422710389185820"	40000	"slope"	-0.402259175
"0.3"	"0.4"	"0.1"	"0.01"	"0.005"	"0.01"	"100000"	"10000"	"200"	"8645422710389185820"	40000	"intercept"	0.48907045
"0.3"	"0.4"	"0.1"	"0.01"	"0.005"	"0.01"	"100000"	"10000"	"200"	"8645422710389185820"	45000	"slope"	-0.3967167
"0.3"	"0.4"	"0.1"	"0.01"	"0.005"	"0.01"	"100000"	"10000"	"200"	"8645422710389185820"	45000	"intercept"	0.490693255
"0.3"	"0.4"	"0.1"	"0.01"	"0.005"	"0.01"	"100000"	"10000"	"200"	"8645422710389185820"	50000	"slope"	-0.36139541
"0.3"	"0.4"	"0.1"	"0.01"	"0.005"	"0.01"	"100000"	"10000"	"200"	"8645422710389185820"	50000	"intercept"	0.463647015
"0.3"	"0.4"	"0.1"	"0.01"	"0.005"	"0.01"	"100000"	"10000"	"200"	"8645422710389185820"	55000	"slope"	-0.36845428
"0.3"	"0.4"	"0.1"	"0.01"	"0.005"	"0.01"	"100000"	"10000"	"200"	"8645422710389185820"	55000	"intercept"	0.470536365
"0.3"	"0.4"	"0.1"	"0.01"	"0.005"	"0.01"	"100000"	"10000"	"200"	"8645422710389185820"	60000	"slope"	-0.36096697
"0.3"	"0.4"	"0.1"	"0.01"	"0.005"	"0.01"	"100000"	"10000"	"200"	"8645422710389185820"	60000	"intercept"	0.46052176
"0.3"	"0.4"	"0.1"	"0.01"	"0.005"	"0.01"	"100000"	"10000"	"200"	"8645422710389185820"	65000	"slope"	-0.393238685
"0.3"	"0.4"	"0.1"	"0.01"	"0.005"	"0.01"	"100000"	"10000"	"200"	"8645422710389185820"	65000	"intercept"	0.48183418
"0.3"	"0.4"	"0.1"	"0.01"	"0.005"	"0.01"	"100000"	"10000"	"200"	"8645422710389185820"	70000	"slope"	-0.39859619
"0.3"	"0.4"	"0.1"	"0.01"	"0.005"	"0.01"	"100000"	"10000"	"200"	"8645422710389185820"	70000	"intercept"	0.49236709
"0.3"	"0.4"	"0.1"	"0.01"	"0.005"	"0.01"	"100000"	"10000"	"200"	"8645422710389185820"	75000	"slope"	-0.388266285
"0.3"	"0.4"	"0.1"	"0.01"	"0.005"	"0.01"	"100000"	"10000"	"200"	"8645422710389185820"	75000	"intercept"	0.48517981
"0.3"	"0.4"	"0.1"	"0.01"	"0.005"	"0.01"	"100000"	"10000"	"200"	"8645422710389185820"	80000	"slope"	-0.394842875
"0.3"	"0.4"	"0.1"	"0.01"	"0.005"	"0.01"	"100000"	"10000"	"200"	"8645422710389185820"	80000	"intercept"	0.486926835
"0.3"	"0.4"	"0.1"	"0.01"	"0.005"	"0.01"	"100000"	"10000"	"200"	"8645422710389185820"	85000	"slope"	-0.392103105
"0.3"	"0.4"	"0.1"	"0.01"	"0.005"	"0.01"	"100000"	"10000"	"200"	"8645422710389185820"	85000	"intercept"	0.478457575
"0.3"	"0.4"	"0.1"	"0.01"	"0.005"	"0.01"	"100000"	"10000"	"200"	"8645422710389185820"	90000	"slope"	-0.37490367
"0.3"	"0.4"	"0.1"	"0.01"	"0.005"	"0.01"	"100000"	"10000"	"200"	"8645422710389185820"	90000	"intercept"	0.476375755
"0.3"	"0.4"	"0.1"	"0.01"	"0.005"	"0.01"	"100000"	"10000"	"200"	"8645422710389185820"	95000	"slope"	-0.3783046
"0.3"	"0.4"	"0.1"	"0.01"	"0.005"	"0.01"	"100000"	"10000"	"200"	"8645422710389185820"	95000	"intercept"	0.476289405
"0.3"	"0.4"	"0.1"	"0.01"	"0.005"	"0.01"	"100000"	"10000"	"200"	"8645422710389185820"	100000	"slope"	-0.40043481
"0.3"	"0.4"	"0.1"	"0.01"	"0.005"	"0.01"	"100000"	"10000"	"200"	"8645422710389185820"	100000	"intercept"	0.491725565
"0.3"	"0.6"	"0.1"	"0.01"	"0.005"	"0.01"	"100000"	"10000"	"200"	"2453818776188134830"	10	"slope"	-0.000128684645
"0.3"	"0.6"	"0.1"	"0.01"	"0.005"	"0.01"	"100000"	"10000"	"200"	"2453818776188134830"	10	"intercept"	0.500036365
"0.3"	"0.6"	"0.1"	"0.01"	"0.005"	"0.01"	"100000"	"10000"	"200"	"2453818776188134830"	5000	"slope"	-0.20086477
"0.3"	"0.6"	"0.1"	"0.01"	"0.005"	"0.01"	"100000"	"10000"	"200"	"2453818776188134830"	5000	"intercept"	0.34754115
"0.3"	"0.6"	"0.1"	"0.01"	"0.005"	"0.01"	"100000"	"10000"	"200"	"2453818776188134830"	10000	"slope"	-0.28527268
"0.3"	"0.6"	"0.1"	"0.01"	"0.005"	"0.01"	"100000"	"10000"	"200"	"2453818776188134830"	10000	"intercept"	0.395955025
"0.3"	"0.6"	"0.1"	"0.01"	"0.005"	"0.01"	"100000"	"10000"	"200"	"2453818776188134830"	15000	"slope"	-0.33656778
"0.3"	"0.6"	"0.1"	"0.01"	"0.005"	"0.01"	"100000"	"10000"	"200"	"2453818776188134830"	15000	"intercept"	0.430775365
"0.3"	"0.6"	"0.1"	"0.01"	"0.005"	"0.01"	"100000"	"10000"	"200"	"2453818776188134830"	20000	"slope"	-0.35402318
"0.3"	"0.6"	"0.1"	"0.01"	"0.005"	"0.01"	"100000"	"10000"	"200"	"2453818776188134830"	20000	"intercept"	0.442336525
"0.3"	"0.6"	"0.1"	"0.01"	"0.005"	"0.01"	"100000"	"10000"	"200"	"2453818776188134830"	25000	"slope"	-0.382952585
"0.3"	"0.6"	"0.1"	"0.01"	"0.005"	"0.01"	"100000"	"10000"	"200"	"2453818776188134830"	25000	"intercept"	0.477358685
"0.3"	"0.6"	"0.1"	"0.01"	"0.005"	"0.01"	"100000"	"10000"	"200"	"2453818776188134830"	30000	"slope"	-0.40201993
"0.3"	"0.6"	"0.1"	"0.01"	"0.005"	"0.01"	"100000"	"10000"	"200"	"2453818776188134830"	30000	"intercept"	0.48390951
"0.3"	"0.6"	"0.1"	"0.01"	"0.005"	"0.01"	"100000"	"10000"	"200"	"2453818776188134830"	35000	"slope"	-0.401912415
"0.3"	"0.6"	"0.1"	"0.01"	"0.005"	"0.01"	"100000"	"10000"	"200"	"2453818776188134830"	35000	"intercept"	0.48823704
"0.3"	"0.6"	"0.1"	"0.01"	"0.005"	"0.01"	"100000"	"10000"	"200"	"2453818776188134830"	40000	"slope"	-0.40604435
"0.3"	"0.6"	"0.1"	"0.01"	"0.005"	"0.01"	"100000"	"10000"	"200"	"2453818776188134830"	40000	"intercept"	0.483115865
"0.3"	"0.6"	"0.1"	"0.01"	"0.005"	"0.01"	"100000"	"10000"	"200"	"2453818776188134830"	45000	"slope"	-0.34833988
"0.3"	"0.6"	"0.1"	"0.01"	"0.005"	"0.01"	"100000"	"10000"	"200"	"2453818776188134830"	45000	"intercept"	0.44034731
"0.3"	"0.6"	"0.1"	"0.01"	"0.005"	"0.01"	"100000"	"10000"	"200"	"2453818776188134830"	50000	"slope"	-0.37312179
"0.3"	"0.6"	"0.1"	"0.01"	"0.005"	"0.01"	"100000"	"10000"	"200"	"2453818776188134830"	50000	"intercept"	0.460863755
"0.3"	"0.6"	"0.1"	"0.01"	"0.005"	"0.01"	"100000"	"10000"	"200"	"2453818776188134830"	55000	"slope"	-0.383404205
"0.3"	"0.6"	"0.1"	"0.01"	"0.005"	"0.01"	"100000"	"10000"	"200"	"2453818776188134830"	55000	"intercept"	0.476572695
"0.3"	"0.6"	"0.1"	"0.01"	"0.005"	"0.01"	"100000"	"10000"	"200"	"2453818776188134830"	60000	"slope"	-0.414007295
"0.3"	"0.6"	"0.1"	"0.01"	"0.005"	"0.01"	"100000"	"10000"	"200"	"2453818776188134830"	60000	"intercept"	0.48262644
"0.3"	"0.6"	"0.1"	"0.01"	"0.005"	"0.01"	"100000"	"10000"	"200"	"2453818776188134830"	65000	"slope"	-0.40245875
"0.3"	"0.6"	"0.1"	"0.01"	"0.005"	"0.01"	"100000"	"10000"	"200"	"2453818776188134830"	65000	"intercept"	0.483736435
"0.3"	"0.6"	"0.1"	"0.01"	"0.005"	"0.01"	"100000"	"10000"	"200"	"2453818776188134830"	70000	"slope"	-0.39008463
"0.3"	"0.6"	"0.1"	"0.01"	"0.005"	"0.01"	"100000"	"10000"	"200"	"2453818776188134830"	70000	"intercept"	0.473454715
"0.3"	"0.6"	"0.1"	"0.01"	"0.005"	"0.01"	"100000"	"10000"	"200"	"2453818776188134830"	75000	"slope"	-0.392308485
"0.3"	"0.6"	"0.1"	"0.01"	"0.005"	"0.01"	"100000"	"10000"	"200"	"2453818776188134830"	75000	"intercept"	0.47305341
"0.3"	"0.6"	"0.1"	"0.01"	"0.005"	"0.01"	"100000"	"10000"	"200"	"2453818776188134830"	80000	"slope"	-0.367600325
"0.3"	"0.6"	"0.1"	"0.01"	"0.005"	"0.01"	"100000"	"10000"	"200"	"2453818776188134830"	80000	"intercept"	0.46043644
"0.3"	"0.6"	"0.1"	"0.01"	"0.005"	"0.01"	"100000"	"10000"	"200"	"2453818776188134830"	85000	"slope"	-0.353486565
"0.3"	"0.6"	"0.1"	"0.01"	"0.005"	"0.01"	"100000"	"10000"	"200"	"2453818776188134830"	85000	"intercept"	0.44714736
"0.3"	"0.6"	"0.1"	"0.01"	"0.005"	"0.01"	"100000"	"10000"	"200"	"2453818776188134830"	90000	"slope"	-0.355349065
"0.3"	"0.6"	"0.1"	"0.01"	"0.005"	"0.01"	"100000"	"10000"	"200"	"2453818776188134830"	90000	"intercept"	0.447735245
"0.3"	"0.6"	"0.1"	"0.01"	"0.005"	"0.01"	"100000"	"10000"	"200"	"2453818776188134830"	95000	"slope"	-0.39151533
"0.3"	"0.6"	"0.1"	"0.01"	"0.005"	"0.01"	"100000"	"10000"	"200"	"2453818776188134830"	95000	"intercept"	0.476804775
"0.3"	"0.6"	"0.1"	"0.01"	"0.005"	"0.01"	"100000"	"10000"	"200"	"2453818776188134830"	100000	"slope"	-0.359383235
"0.3"	"0.6"	"0.1"	"0.01"	"0.005"	"0.01"	"100000"	"10000"	"200"	"2453818776188134830"	100000	"intercept"	0.446389295
"0.3"	"0.6"	"0.1"	"0.01"	"0.005"	"0.01"	"100000"	"10000"	"200"	"2632252035636023357"	10	"slope"	7.537027e-05
"0.3"	"0.6"	"0.1"	"0.01"	"0.005"	"0.01"	"100000"	"10000"	"200"	"2632252035636023357"	10	"intercept"	0.499891895
"0.3"	"0.6"	"0.1"	"0.01"	"0.005"	"0.01"	"100000"	"10000"	"200"	"2632252035636023357"	5000	"slope"	-0.26964248
"0.3"	"0.6"	"0.1"	"0.01"	"0.005"	"0.01"	"100000"	"10000"	"200"	"2632252035636023357"	5000	"intercept"	0.386888425
"0.3"	"0.6"	"0.1"	"0.01"	"0.005"	"0.01"	"100000"	"10000"	"200"	"2632252035636023357"	10000	"slope"	-0.321283625
"0.3"	"0.6"	"0.1"	"0.01"	"0.005"	"0.01"	"100000"	"10000"	"200"	"2632252035636023357"	10000	"intercept"	0.42270906
"0.3"	"0.6"	"0.1"	"0.01"	"0.005"	"0.01"	"100000"	"10000"	"200"	"2632252035636023357"	15000	"slope"	-0.348929175
"0.3"	"0.6"	"0.1"	"0.01"	"0.005"	"0.01"	"100000"	"10000"	"200"	"2632252035636023357"	15000	"intercept"	0.438219955
"0.3"	"0.6"	"0.1"	"0.01"	"0.005"	"0.01"	"100000"	"10000"	"200"	"2632252035636023357"	20000	"slope"	-0.36804324
"0.3"	"0.6"	"0.1"	"0.01"	"0.005"	"0.01"	"100000"	"10000"	"200"	"2632252035636023357"	20000	"intercept"	0.459130085
"0.3"	"0.6"	"0.1"	"0.01"	"0.005"	"0.01"	"100000"	"10000"	"200"	"2632252035636023357"	25000	"slope"	-0.368083625
"0.3"	"0.6"	"0.1"	"0.01"	"0.005"	"0.01"	"100000"	"10000"	"200"	"2632252035636023357"	25000	"intercept"	0.45247936
"0.3"	"0.6"	"0.1"	"0.01"	"0.005"	"0.01"	"100000"	"10000"	"200"	"2632252035636023357"	30000	"slope"	-0.3790079
"0.3"	"0.6"	"0.1"	"0.01"	"0.005"	"0.01"	"100000"	"10000"	"200"	"2632252035636023357"	30000	"intercept"	0.470638295
"0.3"	"0.6"	"0.1"	"0.01"	"0.005"	"0.01"	"100000"	"10000"	"200"	"2632252035636023357"	35000	"slope"	-0.369158995
"0.3"	"0.6"	"0.1"	"0.01"	"0.005"	"0.01"	"100000"	"10000"	"200"	"2632252035636023357"	35000	"intercept"	0.45895089
"0.3"	"0.6"	"0.1"	"0.01"	"0.005"	"0.01"	"100000"	"10000"	"200"	"2632252035636023357"	40000	"slope"	-0.36909113
"0.3"	"0.6"	"0.1"	"0.01"	"0.005"	"0.01"	"100000"	"10000"	"200"	"2632252035636023357"	40000	"intercept"	0.460329105
"0.3"	"0.6"	"0.1"	"0.01"	"0.005"	"0.01"	"100000"	"10000"	"200"	"2632252035636023357"	45000	"slope"	-0.39394784
"0.3"	"0.6"	"0.1"	"0.01"	"0.005"	"0.01"	"100000"	"10000"	"200"	"2632252035636023357"	45000	"intercept"	0.472828115
"0.3"	"0.6"	"0.1"	"0.01"	"0.005"	"0.01"	"100000"	"10000"	"200"	"2632252035636023357"	50000	"slope"	-0.37863347
"0.3"	"0.6"	"0.1"	"0.01"	"0.005"	"0.01"	"100000"	"10000"	"200"	"2632252035636023357"	50000	"intercept"	0.46929641
"0.3"	"0.6"	"0.1"	"0.01"	"0.005"	"0.01"	"100000"	"10000"	"200"	"2632252035636023357"	55000	"slope"	-0.389838145
"0.3"	"0.6"	"0.1"	"0.01"	"0.005"	"0.01"	"100000"	"10000"	"200"	"2632252035636023357"	55000	"intercept"	0.46947273
"0.3"	"0.6"	"0.1"	"0.01"	"0.005"	"0.01"	"100000"	"10000"	"200"	"2632252035636023357"	60000	"slope"	-0.396183865
"0.3"	"0.6"	"0.1"	"0.01"	"0.005"	"0.01"	"100000"	"10000"	"200"	"2632252035636023357"	60000	"intercept"	0.478168945
"0.3"	"0.6"	"0.1"	"0.01"	"0.005"	"0.01"	"100000"	"10000"	"200"	"2632252035636023357"	65000	"slope"	-0.40166836
"0.3"	"0.6"	"0.1"	"0.01"	"0.005"	"0.01"	"100000"	"10000"	"200"	"2632252035636023357"	65000	"intercept"	0.48585344
"0.3"	"0.6"	"0.1"	"0.01"	"0.005"	"0.01"	"100000"	"10000"	"200"	"2632252035636023357"	70000	"slope"	-0.383850725
"0.3"	"0.6"	"0.1"	"0.01"	"0.005"	"0.01"	"100000"	"10000"	"200"	"2632252035636023357"	70000	"intercept"	0.47140538
"0.3"	"0.6"	"0.1"	"0.01"	"0.005"	"0.01"	"100000"	"10000"	"200"	"2632252035636023357"	75000	"slope"	-0.367702585
"0.3"	"0.6"	"0.1"	"0.01"	"0.005"	"0.01"	"100000"	"10000"	"200"	"2632252035636023357"	75000	"intercept"	0.45473058
"0.3"	"0.6"	"0.1"	"0.01"	"0.005"	"0.01"	"100000"	"10000"	"200"	"2632252035636023357"	80000	"slope"	-0.386069225
"0.3"	"0.6"	"0.1"	"0.01"	"0.005"	"0.01"	"100000"	"10000"	"200"	"2632252035636023357"	80000	"intercept"	0.464027455
"0.3"	"0.6"	"0.1"	"0.01"	"0.005"	"0.01"	"100000"	"10000"	"200"	"2632252035636023357"	85000	"slope"	-0.39202935
"0.3"	"0.6"	"0.1"	"0.01"	"0.005"	"0.01"	"100000"	"10000"	"200"	"2632252035636023357"	85000	"intercept"	0.47566608
"0.3"	"0.6"	"0.1"	"0.01"	"0.005"	"0.01"	"100000"	"10000"	"200"	"2632252035636023357"	90000	"slope"	-0.41444072
"0.3"	"0.6"	"0.1"	"0.01"	"0.005"	"0.01"	"100000"	"10000"	"200"	"2632252035636023357"	90000	"intercept"	0.493897645
"0.3"	"0.6"	"0.1"	"0.01"	"0.005"	"0.01"	"100000"	"10000"	"200"	"2632252035636023357"	95000	"slope"	-0.39851737
"0.3"	"0.6"	"0.1"	"0.01"	"0.005"	"0.01"	"100000"	"10000"	"200"	"2632252035636023357"	95000	"intercept"	0.481623735
"0.3"	"0.6"	"0.1"	"0.01"	"0.005"	"0.01"	"100000"	"10000"	"200"	"2632252035636023357"	100000	"slope"	-0.399154235
"0.3"	"0.6"	"0.1"	"0.01"	"0.005"	"0.01"	"100000"	"10000"	"200"	"2632252035636023357"	100000	"intercept"	0.47628545
"0.3"	"0.6"	"0.1"	"0.01"	"0.005"	"0.01"	"100000"	"10000"	"200"	"4619878560283007595"	10	"slope"	0.00013703206
"0.3"	"0.6"	"0.1"	"0.01"	"0.005"	"0.01"	"100000"	"10000"	"200"	"4619878560283007595"	10	"intercept"	0.49997218
"0.3"	"0.6"	"0.1"	"0.01"	"0.005"	"0.01"	"100000"	"10000"	"200"	"4619878560283007595"	5000	"slope"	-0.160618709
"0.3"	"0.6"	"0.1"	"0.01"	"0.005"	"0.01"	"100000"	"10000"	"200"	"4619878560283007595"	5000	"intercept"	0.318011045
"0.3"	"0.6"	"0.1"	"0.01"	"0.005"	"0.01"	"100000"	"10000"	"200"	"4619878560283007595"	10000	"slope"	-0.25381482
"0.3"	"0.6"	"0.1"	"0.01"	"0.005"	"0.01"	"100000"	"10000"	"200"	"4619878560283007595"	10000	"intercept"	0.37349465
"0.3"	"0.6"	"0.1"	"0.01"	"0.005"	"0.01"	"100000"	"10000"	"200"	"4619878560283007595"	15000	"slope"	-0.314657395
"0.3"	"0.6"	"0.1"	"0.01"	"0.005"	"0.01"	"100000"	"10000"	"200"	"4619878560283007595"	15000	"intercept"	0.423737155
"0.3"	"0.6"	"0.1"	"0.01"	"0.005"	"0.01"	"100000"	"10000"	"200"	"4619878560283007595"	20000	"slope"	-0.330299585
"0.3"	"0.6"	"0.1"	"0.01"	"0.005"	"0.01"	"100000"	"10000"	"200"	"4619878560283007595"	20000	"intercept"	0.42479772
"0.3"	"0.6"	"0.1"	"0.01"	"0.005"	"0.01"	"100000"	"10000"	"200"	"4619878560283007595"	25000	"slope"	-0.347854215
"0.3"	"0.6"	"0.1"	"0.01"	"0.005"	"0.01"	"100000"	"10000"	"200"	"4619878560283007595"	25000	"intercept"	0.44679736
"0.3"	"0.6"	"0.1"	"0.01"	"0.005"	"0.01"	"100000"	"10000"	"200"	"4619878560283007595"	30000	"slope"	-0.39397627
"0.3"	"0.6"	"0.1"	"0.01"	"0.005"	"0.01"	"100000"	"10000"	"200"	"4619878560283007595"	30000	"intercept"	0.47738004
"0.3"	"0.6"	"0.1"	"0.01"	"0.005"	"0.01"	"100000"	"10000"	"200"	"4619878560283007595"	35000	"slope"	-0.398405675
"0.3"	"0.6"	"0.1"	"0.01"	"0.005"	"0.01"	"100000"	"10000"	"200"	"4619878560283007595"	35000	"intercept"	0.478826695
"0.3"	"0.6"	"0.1"	"0.01"	"0.005"	"0.01"	"100000"	"10000"	"200"	"4619878560283007595"	40000	"slope"	-0.377041415
"0.3"	"0.6"	"0.1"	"0.01"	"0.005"	"0.01"	"100000"	"10000"	"200"	"4619878560283007595"	40000	"intercept"	0.46345229
"0.3"	"0.6"	"0.1"	"0.01"	"0.005"	"0.01"	"100000"	"10000"	"200"	"4619878560283007595"	45000	"slope"	-0.363795375
"0.3"	"0.6"	"0.1"	"0.01"	"0.005"	"0.01"	"100000"	"10000"	"200"	"4619878560283007595"	45000	"intercept"	0.453244485
"0.3"	"0.6"	"0.1"	"0.01"	"0.005"	"0.01"	"100000"	"10000"	"200"	"4619878560283007595"	50000	"slope"	-0.374444295
"0.3"	"0.6"	"0.1"	"0.01"	"0.005"	"0.01"	"100000"	"10000"	"200"	"4619878560283007595"	50000	"intercept"	0.460585535
"0.3"	"0.6"	"0.1"	"0.01"	"0.005"	"0.01"	"100000"	"10000"	"200"	"4619878560283007595"	55000	"slope"	-0.39680547
"0.3"	"0.6"	"0.1"	"0.01"	"0.005"	"0.01"	"100000"	"10000"	"200"	"4619878560283007595"	55000	"intercept"	0.474563055
"0.3"	"0.6"	"0.1"	"0.01"	"0.005"	"0.01"	"100000"	"10000"	"200"	"4619878560283007595"	60000	"slope"	-0.3929967
"0.3"	"0.6"	"0.1"	"0.01"	"0.005"	"0.01"	"100000"	"10000"	"200"	"4619878560283007595"	60000	"intercept"	0.471395075
"0.3"	"0.6"	"0.1"	"0.01"	"0.005"	"0.01"	"100000"	"10000"	"200"	"4619878560283007595"	65000	"slope"	-0.39612442
"0.3"	"0.6"	"0.1"	"0.01"	"0.005"	"0.01"	"100000"	"10000"	"200"	"4619878560283007595"	65000	"intercept"	0.479039655
"0.3"	"0.6"	"0.1"	"0.01"	"0.005"	"0.01"	"100000"	"10000"	"200"	"4619878560283007595"	70000	"slope"	-0.39991854
"0.3"	"0.6"	"0.1"	"0.01"	"0.005"	"0.01"	"100000"	"10000"	"200"	"4619878560283007595"	70000	"intercept"	0.482599655
"0.3"	"0.6"	"0.1"	"0.01"	"0.005"	"0.01"	"100000"	"10000"	"200"	"4619878560283007595"	75000	"slope"	-0.36140939
"0.3"	"0.6"	"0.1"	"0.01"	"0.005"	"0.01"	"100000"	"10000"	"200"	"4619878560283007595"	75000	"intercept"	0.45285243
"0.3"	"0.6"	"0.1"	"0.01"	"0.005"	"0.01"	"100000"	"10000"	"200"	"4619878560283007595"	80000	"slope"	-0.37692319
"0.3"	"0.6"	"0.1"	"0.01"	"0.005"	"0.01"	"100000"	"10000"	"200"	"4619878560283007595"	80000	"intercept"	0.455444795
"0.3"	"0.6"	"0.1"	"0.01"	"0.005"	"0.01"	"100000"	"10000"	"200"	"4619878560283007595"	85000	"slope"	-0.34691107
"0.3"	"0.6"	"0.1"	"0.01"	"0.005"	"0.01"	"100000"	"10000"	"200"	"4619878560283007595"	85000	"intercept"	0.443932805
"0.3"	"0.6"	"0.1"	"0.01"	"0.005"	"0.01"	"100000"	"10000"	"200"	"4619878560283007595"	90000	"slope"	-0.378662515
"0.3"	"0.6"	"0.1"	"0.01"	"0.005"	"0.01"	"100000"	"10000"	"200"	"4619878560283007595"	90000	"intercept"	0.471129765
"0.3"	"0.6"	"0.1"	"0.01"	"0.005"	"0.01"	"100000"	"10000"	"200"	"4619878560283007595"	95000	"slope"	-0.37905752
"0.3"	"0.6"	"0.1"	"0.01"	"0.005"	"0.01"	"100000"	"10000"	"200"	"4619878560283007595"	95000	"intercept"	0.464103365
"0.3"	"0.6"	"0.1"	"0.01"	"0.005"	"0.01"	"100000"	"10000"	"200"	"4619878560283007595"	100000	"slope"	-0.382371735
"0.3"	"0.6"	"0.1"	"0.01"	"0.005"	"0.01"	"100000"	"10000"	"200"	"4619878560283007595"	100000	"intercept"	0.46387611
"0.3"	"0.6"	"0.1"	"0.01"	"0.005"	"0.01"	"100000"	"10000"	"200"	"6394429384771890749"	10	"slope"	1.8083525e-05
"0.3"	"0.6"	"0.1"	"0.01"	"0.005"	"0.01"	"100000"	"10000"	"200"	"6394429384771890749"	10	"intercept"	0.50000759
"0.3"	"0.6"	"0.1"	"0.01"	"0.005"	"0.01"	"100000"	"10000"	"200"	"6394429384771890749"	5000	"slope"	-0.249820085
"0.3"	"0.6"	"0.1"	"0.01"	"0.005"	"0.01"	"100000"	"10000"	"200"	"6394429384771890749"	5000	"intercept"	0.375056375
"0.3"	"0.6"	"0.1"	"0.01"	"0.005"	"0.01"	"100000"	"10000"	"200"	"6394429384771890749"	10000	"slope"	-0.28750635
"0.3"	"0.6"	"0.1"	"0.01"	"0.005"	"0.01"	"100000"	"10000"	"200"	"6394429384771890749"	10000	"intercept"	0.40580869
"0.3"	"0.6"	"0.1"	"0.01"	"0.005"	"0.01"	"100000"	"10000"	"200"	"6394429384771890749"	15000	"slope"	-0.34483999
"0.3"	"0.6"	"0.1"	"0.01"	"0.005"	"0.01"	"100000"	"10000"	"200"	"6394429384771890749"	15000	"intercept"	0.44347432
"0.3"	"0.6"	"0.1"	"0.01"	"0.005"	"0.01"	"100000"	"10000"	"200"	"6394429384771890749"	20000	"slope"	-0.379210885
"0.3"	"0.6"	"0.1"	"0.01"	"0.005"	"0.01"	"100000"	"10000"	"200"	"6394429384771890749"	20000	"intercept"	0.46401668
"0.3"	"0.6"	"0.1"	"0.01"	"0.005"	"0.01"	"100000"	"10000"	"200"	"6394429384771890749"	25000	"slope"	-0.40289212
"0.3"	"0.6"	"0.1"	"0.01"	"0.005"	"0.01"	"100000"	"10000"	"200"	"6394429384771890749"	25000	"intercept"	0.48344404
"0.3"	"0.6"	"0.1"	"0.01"	"0.005"	"0.01"	"100000"	"10000"	"200"	"6394429384771890749"	30000	"slope"	-0.387979485
"0.3"	"0.6"	"0.1"	"0.01"	"0.005"	"0.01"	"100000"	"10000"	"200"	"6394429384771890749"	30000	"intercept"	0.46940426
"0.3"	"0.6"	"0.1"	"0.01"	"0.005"	"0.01"	"100000"	"10000"	"200"	"6394429384771890749"	35000	"slope"	-0.41049693
"0.3"	"0.6"	"0.1"	"0.01"	"0.005"	"0.01"	"100000"	"10000"	"200"	"6394429384771890749"	35000	"intercept"	0.496102595
"0.3"	"0.6"	"0.1"	"0.01"	"0.005"	"0.01"	"100000"	"10000"	"200"	"6394429384771890749"	40000	"slope"	-0.38417598
"0.3"	"0.6"	"0.1"	"0.01"	"0.005"	"0.01"	"100000"	"10000"	"200"	"6394429384771890749"	40000	"intercept"	0.46938572
"0.3"	"0.6"	"0.1"	"0.01"	"0.005"	"0.01"	"100000"	"10000"	"200"	"6394429384771890749"	45000	"slope"	-0.37410235
"0.3"	"0.6"	"0.1"	"0.01"	"0.005"	"0.01"	"100000"	"10000"	"200"	"6394429384771890749"	45000	"intercept"	0.46314066
"0.3"	"0.6"	"0.1"	"0.01"	"0.005"	"0.01"	"100000"	"10000"	"200"	"6394429384771890749"	50000	"slope"	-0.37968942
"0.3"	"0.6"	"0.1"	"0.01"	"0.005"	"0.01"	"100000"	"10000"	"200"	"6394429384771890749"	50000	"intercept"	0.475563705
"0.3"	"0.6"	"0.1"	"0.01"	"0.005"	"0.01"	"100000"	"10000"	"200"	"6394429384771890749"	55000	"slope"	-0.377837755
"0.3"	"0.6"	"0.1"	"0.01"	"0.005"	"0.01"	"100000"	"10000"	"200"	"6394429384771890749"	55000	"intercept"	0.467218035
"0.3"	"0.6"	"0.1"	"0.01"	"0.005"	"0.01"	"100000"	"10000"	"200"	"6394429384771890749"	60000	"slope"	-0.406593005
"0.3"	"0.6"	"0.1"	"0.01"	"0.005"	"0.01"	"100000"	"10000"	"200"	"6394429384771890749"	60000	"intercept"	0.487027645
"0.3"	"0.6"	"0.1"	"0.01"	"0.005"	"0.01"	"100000"	"10000"	"200"	"6394429384771890749"	65000	"slope"	-0.400840345
"0.3"	"0.6"	"0.1"	"0.01"	"0.005"	"0.01"	"100000"	"10000"	"200"	"6394429384771890749"	65000	"intercept"	0.48577071
"0.3"	"0.6"	"0.1"	"0.01"	"0.005"	"0.01"	"100000"	"10000"	"200"	"6394429384771890749"	70000	"slope"	-0.379449925
"0.3"	"0.6"	"0.1"	"0.01"	"0.005"	"0.01"	"100000"	"10000"	"200"	"6394429384771890749"	70000	"intercept"	0.46217765
"0.3"	"0.6"	"0.1"	"0.01"	"0.005"	"0.01"	"100000"	"10000"	"200"	"6394429384771890749"	75000	"slope"	-0.386655255
"0.3"	"0.6"	"0.1"	"0.01"	"0.005"	"0.01"	"100000"	"10000"	"200"	"6394429384771890749"	75000	"intercept"	0.46972836
"0.3"	"0.6"	"0.1"	"0.01"	"0.005"	"0.01"	"100000"	"10000"	"200"	"6394429384771890749"	80000	"slope"	-0.38878702
"0.3"	"0.6"	"0.1"	"0.01"	"0.005"	"0.01"	"100000"	"10000"	"200"	"6394429384771890749"	80000	"intercept"	0.47162369
"0.3"	"0.6"	"0.1"	"0.01"	"0.005"	"0.01"	"100000"	"10000"	"200"	"6394429384771890749"	85000	"slope"	-0.38372174
"0.3"	"0.6"	"0.1"	"0.01"	"0.005"	"0.01"	"100000"	"10000"	"200"	"6394429384771890749"	85000	"intercept"	0.46957822
"0.3"	"0.6"	"0.1"	"0.01"	"0.005"	"0.01"	"100000"	"10000"	"200"	"6394429384771890749"	90000	"slope"	-0.38872038
"0.3"	"0.6"	"0.1"	"0.01"	"0.005"	"0.01"	"100000"	"10000"	"200"	"6394429384771890749"	90000	"intercept"	0.459024135
"0.3"	"0.6"	"0.1"	"0.01"	"0.005"	"0.01"	"100000"	"10000"	"200"	"6394429384771890749"	95000	"slope"	-0.385007795
"0.3"	"0.6"	"0.1"	"0.01"	"0.005"	"0.01"	"100000"	"10000"	"200"	"6394429384771890749"	95000	"intercept"	0.470168465
"0.3"	"0.6"	"0.1"	"0.01"	"0.005"	"0.01"	"100000"	"10000"	"200"	"6394429384771890749"	100000	"slope"	-0.398447105
"0.3"	"0.6"	"0.1"	"0.01"	"0.005"	"0.01"	"100000"	"10000"	"200"	"6394429384771890749"	100000	"intercept"	0.48117664
"0.3"	"0.6"	"0.1"	"0.01"	"0.005"	"0.01"	"100000"	"10000"	"200"	"6992823560446520884"	10	"slope"	-4.0444795e-05
"0.3"	"0.6"	"0.1"	"0.01"	"0.005"	"0.01"	"100000"	"10000"	"200"	"6992823560446520884"	10	"intercept"	0.499900655
"0.3"	"0.6"	"0.1"	"0.01"	"0.005"	"0.01"	"100000"	"10000"	"200"	"6992823560446520884"	5000	"slope"	-0.177423745
"0.3"	"0.6"	"0.1"	"0.01"	"0.005"	"0.01"	"100000"	"10000"	"200"	"6992823560446520884"	5000	"intercept"	0.32812047
"0.3"	"0.6"	"0.1"	"0.01"	"0.005"	"0.01"	"100000"	"10000"	"200"	"6992823560446520884"	10000	"slope"	-0.261690245
"0.3"	"0.6"	"0.1"	"0.01"	"0.005"	"0.01"	"100000"	"10000"	"200"	"6992823560446520884"	10000	"intercept"	0.389492145
"0.3"	"0.6"	"0.1"	"0.01"	"0.005"	"0.01"	"100000"	"10000"	"200"	"6992823560446520884"	15000	"slope"	-0.31365429
"0.3"	"0.6"	"0.1"	"0.01"	"0.005"	"0.01"	"100000"	"10000"	"200"	"6992823560446520884"	15000	"intercept"	0.420113105
"0.3"	"0.6"	"0.1"	"0.01"	"0.005"	"0.01"	"100000"	"10000"	"200"	"6992823560446520884"	20000	"slope"	-0.345498965
"0.3"	"0.6"	"0.1"	"0.01"	"0.005"	"0.01"	"100000"	"10000"	"200"	"6992823560446520884"	20000	"intercept"	0.43697016
"0.3"	"0.6"	"0.1"	"0.01"	"0.005"	"0.01"	"100000"	"10000"	"200"	"6992823560446520884"	25000	"slope"	-0.38116636
"0.3"	"0.6"	"0.1"	"0.01"	"0.005"	"0.01"	"100000"	"10000"	"200"	"6992823560446520884"	25000	"intercept"	0.46712716
"0.3"	"0.6"	"0.1"	"0.01"	"0.005"	"0.01"	"100000"	"10000"	"200"	"6992823560446520884"	30000	"slope"	-0.38182562
"0.3"	"0.6"	"0.1"	"0.01"	"0.005"	"0.01"	"100000"	"10000"	"200"	"6992823560446520884"	30000	"intercept"	0.46844904
"0.3"	"0.6"	"0.1"	"0.01"	"0.005"	"0.01"	"100000"	"10000"	"200"	"6992823560446520884"	35000	"slope"	-0.389663
"0.3"	"0.6"	"0.1"	"0.01"	"0.005"	"0.01"	"100000"	"10000"	"200"	"6992823560446520884"	35000	"intercept"	0.47717235
"0.3"	"0.6"	"0.1"	"0.01"	"0.005"	"0.01"	"100000"	"10000"	"200"	"6992823560446520884"	40000	"slope"	-0.422152215
"0.3"	"0.6"	"0.1"	"0.01"	"0.005"	"0.01"	"100000"	"10000"	"200"	"6992823560446520884"	40000	"intercept"	0.494699255
"0.3"	"0.6"	"0.1"	"0.01"	"0.005"	"0.01"	"100000"	"10000"	"200"	"6992823560446520884"	45000	"slope"	-0.39385428
"0.3"	"0.6"	"0.1"	"0.01"	"0.005"	"0.01"	"100000"	"10000"	"200"	"6992823560446520884"	45000	"intercept"	0.47469902
"0.3"	"0.6"	"0.1"	"0.01"	"0.005"	"0.01"	"100000"	"10000"	"200"	"6992823560446520884"	50000	"slope"	-0.36635044
"0.3"	"0.6"	"0.1"	"0.01"	"0.005"	"0.01"	"100000"	"10000"	"200"	"6992823560446520884"	50000	"intercept"	0.456878215
"0.3"	"0.6"	"0.1"	"0.01"	"0.005"	"0.01"	"100000"	"10000"	"200"	"6992823560446520884"	55000	"slope"	-0.396231355
"0.3"	"0.6"	"0.1"	"0.01"	"0.005"	"0.01"	"100000"	"10000"	"200"	"6992823560446520884"	55000	"intercept"	0.477525835
"0.3"	"0.6"	"0.1"	"0.01"	"0.005"	"0.01"	"100000"	"10000"	"200"	"6992823560446520884"	60000	"slope"	-0.381535505
"0.3"	"0.6"	"0.1"	"0.01"	"0.005"	"0.01"	"100000"	"10000"	"200"	"6992823560446520884"	60000	"intercept"	0.46794302
"0.3"	"0.6"	"0.1"	"0.01"	"0.005"	"0.01"	"100000"	"10000"	"200"	"6992823560446520884"	65000	"slope"	-0.38248423
"0.3"	"0.6"	"0.1"	"0.01"	"0.005"	"0.01"	"100000"	"10000"	"200"	"6992823560446520884"	65000	"intercept"	0.46716768
"0.3"	"0.6"	"0.1"	"0.01"	"0.005"	"0.01"	"100000"	"10000"	"200"	"6992823560446520884"	70000	"slope"	-0.38846867
"0.3"	"0.6"	"0.1"	"0.01"	"0.005"	"0.01"	"100000"	"10000"	"200"	"6992823560446520884"	70000	"intercept"	0.469291125
"0.3"	"0.6"	"0.1"	"0.01"	"0.005"	"0.01"	"100000"	"10000"	"200"	"6992823560446520884"	75000	"slope"	-0.355501095
"0.3"	"0.6"	"0.1"	"0.01"	"0.005"	"0.01"	"100000"	"10000"	"200"	"6992823560446520884"	75000	"intercept"	0.44719805
"0.3"	"0.6"	"0.1"	"0.01"	"0.005"	"0.01"	"100000"	"10000"	"200"	"6992823560446520884"	80000	"slope"	-0.37659675
"0.3"	"0.6"	"0.1"	"0.01"	"0.005"	"0.01"	"100000"	"10000"	"200"	"6992823560446520884"	80000	"intercept"	0.463067095
"0.3"	"0.6"	"0.1"	"0.01"	"0.005"	"0.01"	"100000"	"10000"	"200"	"6992823560446520884"	85000	"slope"	-0.38600309
"0.3"	"0.6"	"0.1"	"0.01"	"0.005"	"0.01"	"100000"	"10000"	"200"	"6992823560446520884"	85000	"intercept"	0.465698065
"0.3"	"0.6"	"0.1"	"0.01"	"0.005"	"0.01"	"100000"	"10000"	"200"	"6992823560446520884"	90000	"slope"	-0.36586128
"0.3"	"0.6"	"0.1"	"0.01"	"0.005"	"0.01"	"100000"	"10000"	"200"	"6992823560446520884"	90000	"intercept"	0.453240915
"0.3"	"0.6"	"0.1"	"0.01"	"0.005"	"0.01"	"100000"	"10000"	"200"	"6992823560446520884"	95000	"slope"	-0.40391602
"0.3"	"0.6"	"0.1"	"0.01"	"0.005"	"0.01"	"100000"	"10000"	"200"	"6992823560446520884"	95000	"intercept"	0.476702215
"0.3"	"0.6"	"0.1"	"0.01"	"0.005"	"0.01"	"100000"	"10000"	"200"	"6992823560446520884"	100000	"slope"	-0.394294575
"0.3"	"0.6"	"0.1"	"0.01"	"0.005"	"0.01"	"100000"	"10000"	"200"	"6992823560446520884"	100000	"intercept"	0.476642785
"0.3"	"0.85"	"0.1"	"0.01"	"0.005"	"0.01"	"100000"	"10000"	"200"	"2743292158699162589"	10	"slope"	-0.0001750839
"0.3"	"0.85"	"0.1"	"0.01"	"0.005"	"0.01"	"100000"	"10000"	"200"	"2743292158699162589"	10	"intercept"	0.49999704
"0.3"	"0.85"	"0.1"	"0.01"	"0.005"	"0.01"	"100000"	"10000"	"200"	"2743292158699162589"	5000	"slope"	-0.175259725
"0.3"	"0.85"	"0.1"	"0.01"	"0.005"	"0.01"	"100000"	"10000"	"200"	"2743292158699162589"	5000	"intercept"	0.315016055
"0.3"	"0.85"	"0.1"	"0.01"	"0.005"	"0.01"	"100000"	"10000"	"200"	"2743292158699162589"	10000	"slope"	-0.2664471
"0.3"	"0.85"	"0.1"	"0.01"	"0.005"	"0.01"	"100000"	"10000"	"200"	"2743292158699162589"	10000	"intercept"	0.36771676
"0.3"	"0.85"	"0.1"	"0.01"	"0.005"	"0.01"	"100000"	"10000"	"200"	"2743292158699162589"	15000	"slope"	-0.358140475
"0.3"	"0.85"	"0.1"	"0.01"	"0.005"	"0.01"	"100000"	"10000"	"200"	"2743292158699162589"	15000	"intercept"	0.43518907
"0.3"	"0.85"	"0.1"	"0.01"	"0.005"	"0.01"	"100000"	"10000"	"200"	"2743292158699162589"	20000	"slope"	-0.404672275
"0.3"	"0.85"	"0.1"	"0.01"	"0.005"	"0.01"	"100000"	"10000"	"200"	"2743292158699162589"	20000	"intercept"	0.47939955
"0.3"	"0.85"	"0.1"	"0.01"	"0.005"	"0.01"	"100000"	"10000"	"200"	"2743292158699162589"	25000	"slope"	-0.392865465
"0.3"	"0.85"	"0.1"	"0.01"	"0.005"	"0.01"	"100000"	"10000"	"200"	"2743292158699162589"	25000	"intercept"	0.464924425
"0.3"	"0.85"	"0.1"	"0.01"	"0.005"	"0.01"	"100000"	"10000"	"200"	"2743292158699162589"	30000	"slope"	-0.375920155
"0.3"	"0.85"	"0.1"	"0.01"	"0.005"	"0.01"	"100000"	"10000"	"200"	"2743292158699162589"	30000	"intercept"	0.44900614
"0.3"	"0.85"	"0.1"	"0.01"	"0.005"	"0.01"	"100000"	"10000"	"200"	"2743292158699162589"	35000	"slope"	-0.382540205
"0.3"	"0.85"	"0.1"	"0.01"	"0.005"	"0.01"	"100000"	"10000"	"200"	"2743292158699162589"	35000	"intercept"	0.450349245
"0.3"	"0.85"	"0.1"	"0.01"	"0.005"	"0.01"	"100000"	"10000"	"200"	"2743292158699162589"	40000	"slope"	-0.379726915
"0.3"	"0.85"	"0.1"	"0.01"	"0.005"	"0.01"	"100000"	"10000"	"200"	"2743292158699162589"	40000	"intercept"	0.45067163
"0.3"	"0.85"	"0.1"	"0.01"	"0.005"	"0.01"	"100000"	"10000"	"200"	"2743292158699162589"	45000	"slope"	-0.39259766
"0.3"	"0.85"	"0.1"	"0.01"	"0.005"	"0.01"	"100000"	"10000"	"200"	"2743292158699162589"	45000	"intercept"	0.464467665
"0.3"	"0.85"	"0.1"	"0.01"	"0.005"	"0.01"	"100000"	"10000"	"200"	"2743292158699162589"	50000	"slope"	-0.384459715
"0.3"	"0.85"	"0.1"	"0.01"	"0.005"	"0.01"	"100000"	"10000"	"200"	"2743292158699162589"	50000	"intercept"	0.454644675
"0.3"	"0.85"	"0.1"	"0.01"	"0.005"	"0.01"	"100000"	"10000"	"200"	"2743292158699162589"	55000	"slope"	-0.421758705
"0.3"	"0.85"	"0.1"	"0.01"	"0.005"	"0.01"	"100000"	"10000"	"200"	"2743292158699162589"	55000	"intercept"	0.48870432
"0.3"	"0.85"	"0.1"	"0.01"	"0.005"	"0.01"	"100000"	"10000"	"200"	"2743292158699162589"	60000	"slope"	-0.400474205
"0.3"	"0.85"	"0.1"	"0.01"	"0.005"	"0.01"	"100000"	"10000"	"200"	"2743292158699162589"	60000	"intercept"	0.467331735
"0.3"	"0.85"	"0.1"	"0.01"	"0.005"	"0.01"	"100000"	"10000"	"200"	"2743292158699162589"	65000	"slope"	-0.40548409
"0.3"	"0.85"	"0.1"	"0.01"	"0.005"	"0.01"	"100000"	"10000"	"200"	"2743292158699162589"	65000	"intercept"	0.471145215
"0.3"	"0.85"	"0.1"	"0.01"	"0.005"	"0.01"	"100000"	"10000"	"200"	"2743292158699162589"	70000	"slope"	-0.403021625
"0.3"	"0.85"	"0.1"	"0.01"	"0.005"	"0.01"	"100000"	"10000"	"200"	"2743292158699162589"	70000	"intercept"	0.47521556
"0.3"	"0.85"	"0.1"	"0.01"	"0.005"	"0.01"	"100000"	"10000"	"200"	"2743292158699162589"	75000	"slope"	-0.398383305
"0.3"	"0.85"	"0.1"	"0.01"	"0.005"	"0.01"	"100000"	"10000"	"200"	"2743292158699162589"	75000	"intercept"	0.47216045
"0.3"	"0.85"	"0.1"	"0.01"	"0.005"	"0.01"	"100000"	"10000"	"200"	"2743292158699162589"	80000	"slope"	-0.396171745
"0.3"	"0.85"	"0.1"	"0.01"	"0.005"	"0.01"	"100000"	"10000"	"200"	"2743292158699162589"	80000	"intercept"	0.459010025
"0.3"	"0.85"	"0.1"	"0.01"	"0.005"	"0.01"	"100000"	"10000"	"200"	"2743292158699162589"	85000	"slope"	-0.39274829
"0.3"	"0.85"	"0.1"	"0.01"	"0.005"	"0.01"	"100000"	"10000"	"200"	"2743292158699162589"	85000	"intercept"	0.46080812
"0.3"	"0.85"	"0.1"	"0.01"	"0.005"	"0.01"	"100000"	"10000"	"200"	"2743292158699162589"	90000	"slope"	-0.409163405
"0.3"	"0.85"	"0.1"	"0.01"	"0.005"	"0.01"	"100000"	"10000"	"200"	"2743292158699162589"	90000	"intercept"	0.47360735
"0.3"	"0.85"	"0.1"	"0.01"	"0.005"	"0.01"	"100000"	"10000"	"200"	"2743292158699162589"	95000	"slope"	-0.416701915
"0.3"	"0.85"	"0.1"	"0.01"	"0.005"	"0.01"	"100000"	"10000"	"200"	"2743292158699162589"	95000	"intercept"	0.47801942
"0.3"	"0.85"	"0.1"	"0.01"	"0.005"	"0.01"	"100000"	"10000"	"200"	"2743292158699162589"	100000	"slope"	-0.41692896
"0.3"	"0.85"	"0.1"	"0.01"	"0.005"	"0.01"	"100000"	"10000"	"200"	"2743292158699162589"	100000	"intercept"	0.480266865
"0.3"	"0.85"	"0.1"	"0.01"	"0.005"	"0.01"	"100000"	"10000"	"200"	"3154764851484568094"	10	"slope"	9.203055e-05
"0.3"	"0.85"	"0.1"	"0.01"	"0.005"	"0.01"	"100000"	"10000"	"200"	"3154764851484568094"	10	"intercept"	0.49990487
"0.3"	"0.85"	"0.1"	"0.01"	"0.005"	"0.01"	"100000"	"10000"	"200"	"3154764851484568094"	5000	"slope"	-0.181543546
"0.3"	"0.85"	"0.1"	"0.01"	"0.005"	"0.01"	"100000"	"10000"	"200"	"3154764851484568094"	5000	"intercept"	0.316162985
"0.3"	"0.85"	"0.1"	"0.01"	"0.005"	"0.01"	"100000"	"10000"	"200"	"3154764851484568094"	10000	"slope"	-0.277042245
"0.3"	"0.85"	"0.1"	"0.01"	"0.005"	"0.01"	"100000"	"10000"	"200"	"3154764851484568094"	10000	"intercept"	0.378241505
"0.3"	"0.85"	"0.1"	"0.01"	"0.005"	"0.01"	"100000"	"10000"	"200"	"3154764851484568094"	15000	"slope"	-0.33653749
"0.3"	"0.85"	"0.1"	"0.01"	"0.005"	"0.01"	"100000"	"10000"	"200"	"3154764851484568094"	15000	"intercept"	0.413279725
"0.3"	"0.85"	"0.1"	"0.01"	"0.005"	"0.01"	"100000"	"10000"	"200"	"3154764851484568094"	20000	"slope"	-0.37094321
"0.3"	"0.85"	"0.1"	"0.01"	"0.005"	"0.01"	"100000"	"10000"	"200"	"3154764851484568094"	20000	"intercept"	0.446964505
"0.3"	"0.85"	"0.1"	"0.01"	"0.005"	"0.01"	"100000"	"10000"	"200"	"3154764851484568094"	25000	"slope"	-0.393953935
"0.3"	"0.85"	"0.1"	"0.01"	"0.005"	"0.01"	"100000"	"10000"	"200"	"3154764851484568094"	25000	"intercept"	0.464692365
"0.3"	"0.85"	"0.1"	"0.01"	"0.005"	"0.01"	"100000"	"10000"	"200"	"3154764851484568094"	30000	"slope"	-0.40806454
"0.3"	"0.85"	"0.1"	"0.01"	"0.005"	"0.01"	"100000"	"10000"	"200"	"3154764851484568094"	30000	"intercept"	0.474486615
"0.3"	"0.85"	"0.1"	"0.01"	"0.005"	"0.01"	"100000"	"10000"	"200"	"3154764851484568094"	35000	"slope"	-0.402805425
"0.3"	"0.85"	"0.1"	"0.01"	"0.005"	"0.01"	"100000"	"10000"	"200"	"3154764851484568094"	35000	"intercept"	0.47053256
"0.3"	"0.85"	"0.1"	"0.01"	"0.005"	"0.01"	"100000"	"10000"	"200"	"3154764851484568094"	40000	"slope"	-0.396833985
"0.3"	"0.85"	"0.1"	"0.01"	"0.005"	"0.01"	"100000"	"10000"	"200"	"3154764851484568094"	40000	"intercept"	0.464160375
"0.3"	"0.85"	"0.1"	"0.01"	"0.005"	"0.01"	"100000"	"10000"	"200"	"3154764851484568094"	45000	"slope"	-0.372355205
"0.3"	"0.85"	"0.1"	"0.01"	"0.005"	"0.01"	"100000"	"10000"	"200"	"3154764851484568094"	45000	"intercept"	0.44174723
"0.3"	"0.85"	"0.1"	"0.01"	"0.005"	"0.01"	"100000"	"10000"	"200"	"3154764851484568094"	50000	"slope"	-0.395926825
"0.3"	"0.85"	"0.1"	"0.01"	"0.005"	"0.01"	"100000"	"10000"	"200"	"3154764851484568094"	50000	"intercept"	0.470710445
"0.3"	"0.85"	"0.1"	"0.01"	"0.005"	"0.01"	"100000"	"10000"	"200"	"3154764851484568094"	55000	"slope"	-0.4152762
"0.3"	"0.85"	"0.1"	"0.01"	"0.005"	"0.01"	"100000"	"10000"	"200"	"3154764851484568094"	55000	"intercept"	0.482358935
"0.3"	"0.85"	"0.1"	"0.01"	"0.005"	"0.01"	"100000"	"10000"	"200"	"3154764851484568094"	60000	"slope"	-0.39767022
"0.3"	"0.85"	"0.1"	"0.01"	"0.005"	"0.01"	"100000"	"10000"	"200"	"3154764851484568094"	60000	"intercept"	0.47181132
"0.3"	"0.85"	"0.1"	"0.01"	"0.005"	"0.01"	"100000"	"10000"	"200"	"3154764851484568094"	65000	"slope"	-0.366518325
"0.3"	"0.85"	"0.1"	"0.01"	"0.005"	"0.01"	"100000"	"10000"	"200"	"3154764851484568094"	65000	"intercept"	0.439323175
"0.3"	"0.85"	"0.1"	"0.01"	"0.005"	"0.01"	"100000"	"10000"	"200"	"3154764851484568094"	70000	"slope"	-0.398402195
"0.3"	"0.85"	"0.1"	"0.01"	"0.005"	"0.01"	"100000"	"10000"	"200"	"3154764851484568094"	70000	"intercept"	0.465619135
"0.3"	"0.85"	"0.1"	"0.01"	"0.005"	"0.01"	"100000"	"10000"	"200"	"3154764851484568094"	75000	"slope"	-0.407665015
"0.3"	"0.85"	"0.1"	"0.01"	"0.005"	"0.01"	"100000"	"10000"	"200"	"3154764851484568094"	75000	"intercept"	0.476304855
"0.3"	"0.85"	"0.1"	"0.01"	"0.005"	"0.01"	"100000"	"10000"	"200"	"3154764851484568094"	80000	"slope"	-0.41419501
"0.3"	"0.85"	"0.1"	"0.01"	"0.005"	"0.01"	"100000"	"10000"	"200"	"3154764851484568094"	80000	"intercept"	0.48062724
"0.3"	"0.85"	"0.1"	"0.01"	"0.005"	"0.01"	"100000"	"10000"	"200"	"3154764851484568094"	85000	"slope"	-0.374115065
"0.3"	"0.85"	"0.1"	"0.01"	"0.005"	"0.01"	"100000"	"10000"	"200"	"3154764851484568094"	85000	"intercept"	0.448251035
"0.3"	"0.85"	"0.1"	"0.01"	"0.005"	"0.01"	"100000"	"10000"	"200"	"3154764851484568094"	90000	"slope"	-0.37867687
"0.3"	"0.85"	"0.1"	"0.01"	"0.005"	"0.01"	"100000"	"10000"	"200"	"3154764851484568094"	90000	"intercept"	0.4490509
"0.3"	"0.85"	"0.1"	"0.01"	"0.005"	"0.01"	"100000"	"10000"	"200"	"3154764851484568094"	95000	"slope"	-0.408334785
"0.3"	"0.85"	"0.1"	"0.01"	"0.005"	"0.01"	"100000"	"10000"	"200"	"3154764851484568094"	95000	"intercept"	0.47708498
"0.3"	"0.85"	"0.1"	"0.01"	"0.005"	"0.01"	"100000"	"10000"	"200"	"3154764851484568094"	100000	"slope"	-0.397803825
"0.3"	"0.85"	"0.1"	"0.01"	"0.005"	"0.01"	"100000"	"10000"	"200"	"3154764851484568094"	100000	"intercept"	0.465802135
"0.3"	"0.85"	"0.1"	"0.01"	"0.005"	"0.01"	"100000"	"10000"	"200"	"3333170191817658437"	10	"slope"	7.83537e-06
"0.3"	"0.85"	"0.1"	"0.01"	"0.005"	"0.01"	"100000"	"10000"	"200"	"3333170191817658437"	10	"intercept"	0.500043945
"0.3"	"0.85"	"0.1"	"0.01"	"0.005"	"0.01"	"100000"	"10000"	"200"	"3333170191817658437"	5000	"slope"	-0.17696659
"0.3"	"0.85"	"0.1"	"0.01"	"0.005"	"0.01"	"100000"	"10000"	"200"	"3333170191817658437"	5000	"intercept"	0.30740506
"0.3"	"0.85"	"0.1"	"0.01"	"0.005"	"0.01"	"100000"	"10000"	"200"	"3333170191817658437"	10000	"slope"	-0.28086587
"0.3"	"0.85"	"0.1"	"0.01"	"0.005"	"0.01"	"100000"	"10000"	"200"	"3333170191817658437"	10000	"intercept"	0.381860485
"0.3"	"0.85"	"0.1"	"0.01"	"0.005"	"0.01"	"100000"	"10000"	"200"	"3333170191817658437"	15000	"slope"	-0.34716464
"0.3"	"0.85"	"0.1"	"0.01"	"0.005"	"0.01"	"100000"	"10000"	"200"	"3333170191817658437"	15000	"intercept"	0.427086875
"0.3"	"0.85"	"0.1"	"0.01"	"0.005"	"0.01"	"100000"	"10000"	"200"	"3333170191817658437"	20000	"slope"	-0.362002435
"0.3"	"0.85"	"0.1"	"0.01"	"0.005"	"0.01"	"100000"	"10000"	"200"	"3333170191817658437"	20000	"intercept"	0.44316623
"0.3"	"0.85"	"0.1"	"0.01"	"0.005"	"0.01"	"100000"	"10000"	"200"	"3333170191817658437"	25000	"slope"	-0.38591863
"0.3"	"0.85"	"0.1"	"0.01"	"0.005"	"0.01"	"100000"	"10000"	"200"	"3333170191817658437"	25000	"intercept"	0.462144455
"0.3"	"0.85"	"0.1"	"0.01"	"0.005"	"0.01"	"100000"	"10000"	"200"	"3333170191817658437"	30000	"slope"	-0.406945235
"0.3"	"0.85"	"0.1"	"0.01"	"0.005"	"0.01"	"100000"	"10000"	"200"	"3333170191817658437"	30000	"intercept"	0.473075545
"0.3"	"0.85"	"0.1"	"0.01"	"0.005"	"0.01"	"100000"	"10000"	"200"	"3333170191817658437"	35000	"slope"	-0.41519826
"0.3"	"0.85"	"0.1"	"0.01"	"0.005"	"0.01"	"100000"	"10000"	"200"	"3333170191817658437"	35000	"intercept"	0.47922304
"0.3"	"0.85"	"0.1"	"0.01"	"0.005"	"0.01"	"100000"	"10000"	"200"	"3333170191817658437"	40000	"slope"	-0.385475255
"0.3"	"0.85"	"0.1"	"0.01"	"0.005"	"0.01"	"100000"	"10000"	"200"	"3333170191817658437"	40000	"intercept"	0.45612577
"0.3"	"0.85"	"0.1"	"0.01"	"0.005"	"0.01"	"100000"	"10000"	"200"	"3333170191817658437"	45000	"slope"	-0.381569425
"0.3"	"0.85"	"0.1"	"0.01"	"0.005"	"0.01"	"100000"	"10000"	"200"	"3333170191817658437"	45000	"intercept"	0.45460299
"0.3"	"0.85"	"0.1"	"0.01"	"0.005"	"0.01"	"100000"	"10000"	"200"	"3333170191817658437"	50000	"slope"	-0.38559592
"0.3"	"0.85"	"0.1"	"0.01"	"0.005"	"0.01"	"100000"	"10000"	"200"	"3333170191817658437"	50000	"intercept"	0.453848245
"0.3"	"0.85"	"0.1"	"0.01"	"0.005"	"0.01"	"100000"	"10000"	"200"	"3333170191817658437"	55000	"slope"	-0.38493421
"0.3"	"0.85"	"0.1"	"0.01"	"0.005"	"0.01"	"100000"	"10000"	"200"	"3333170191817658437"	55000	"intercept"	0.45491113
"0.3"	"0.85"	"0.1"	"0.01"	"0.005"	"0.01"	"100000"	"10000"	"200"	"3333170191817658437"	60000	"slope"	-0.38915442
"0.3"	"0.85"	"0.1"	"0.01"	"0.005"	"0.01"	"100000"	"10000"	"200"	"3333170191817658437"	60000	"intercept"	0.45664383
"0.3"	"0.85"	"0.1"	"0.01"	"0.005"	"0.01"	"100000"	"10000"	"200"	"3333170191817658437"	65000	"slope"	-0.38780417
"0.3"	"0.85"	"0.1"	"0.01"	"0.005"	"0.01"	"100000"	"10000"	"200"	"3333170191817658437"	65000	"intercept"	0.455484495
"0.3"	"0.85"	"0.1"	"0.01"	"0.005"	"0.01"	"100000"	"10000"	"200"	"3333170191817658437"	70000	"slope"	-0.41347829
"0.3"	"0.85"	"0.1"	"0.01"	"0.005"	"0.01"	"100000"	"10000"	"200"	"3333170191817658437"	70000	"intercept"	0.47785057
"0.3"	"0.85"	"0.1"	"0.01"	"0.005"	"0.01"	"100000"	"10000"	"200"	"3333170191817658437"	75000	"slope"	-0.41407295
"0.3"	"0.85"	"0.1"	"0.01"	"0.005"	"0.01"	"100000"	"10000"	"200"	"3333170191817658437"	75000	"intercept"	0.47493802
"0.3"	"0.85"	"0.1"	"0.01"	"0.005"	"0.01"	"100000"	"10000"	"200"	"3333170191817658437"	80000	"slope"	-0.401066535
"0.3"	"0.85"	"0.1"	"0.01"	"0.005"	"0.01"	"100000"	"10000"	"200"	"3333170191817658437"	80000	"intercept"	0.475763425
"0.3"	"0.85"	"0.1"	"0.01"	"0.005"	"0.01"	"100000"	"10000"	"200"	"3333170191817658437"	85000	"slope"	-0.425854095
"0.3"	"0.85"	"0.1"	"0.01"	"0.005"	"0.01"	"100000"	"10000"	"200"	"3333170191817658437"	85000	"intercept"	0.4877023
"0.3"	"0.85"	"0.1"	"0.01"	"0.005"	"0.01"	"100000"	"10000"	"200"	"3333170191817658437"	90000	"slope"	-0.41147934
"0.3"	"0.85"	"0.1"	"0.01"	"0.005"	"0.01"	"100000"	"10000"	"200"	"3333170191817658437"	90000	"intercept"	0.48035304
"0.3"	"0.85"	"0.1"	"0.01"	"0.005"	"0.01"	"100000"	"10000"	"200"	"3333170191817658437"	95000	"slope"	-0.39831745
"0.3"	"0.85"	"0.1"	"0.01"	"0.005"	"0.01"	"100000"	"10000"	"200"	"3333170191817658437"	95000	"intercept"	0.464795645
"0.3"	"0.85"	"0.1"	"0.01"	"0.005"	"0.01"	"100000"	"10000"	"200"	"3333170191817658437"	100000	"slope"	-0.385323965
"0.3"	"0.85"	"0.1"	"0.01"	"0.005"	"0.01"	"100000"	"10000"	"200"	"3333170191817658437"	100000	"intercept"	0.447650785
"0.3"	"0.85"	"0.1"	"0.01"	"0.005"	"0.01"	"100000"	"10000"	"200"	"3519939128052393842"	10	"slope"	1.85079695e-05
"0.3"	"0.85"	"0.1"	"0.01"	"0.005"	"0.01"	"100000"	"10000"	"200"	"3519939128052393842"	10	"intercept"	0.49998065
"0.3"	"0.85"	"0.1"	"0.01"	"0.005"	"0.01"	"100000"	"10000"	"200"	"3519939128052393842"	5000	"slope"	-0.161632275
"0.3"	"0.85"	"0.1"	"0.01"	"0.005"	"0.01"	"100000"	"10000"	"200"	"3519939128052393842"	5000	"intercept"	0.30416005
"0.3"	"0.85"	"0.1"	"0.01"	"0.005"	"0.01"	"100000"	"10000"	"200"	"3519939128052393842"	10000	"slope"	-0.26437905
"0.3"	"0.85"	"0.1"	"0.01"	"0.005"	"0.01"	"100000"	"10000"	"200"	"3519939128052393842"	10000	"intercept"	0.36720232
"0.3"	"0.85"	"0.1"	"0.01"	"0.005"	"0.01"	"100000"	"10000"	"200"	"3519939128052393842"	15000	"slope"	-0.297674535
"0.3"	"0.85"	"0.1"	"0.01"	"0.005"	"0.01"	"100000"	"10000"	"200"	"3519939128052393842"	15000	"intercept"	0.383693165
"0.3"	"0.85"	"0.1"	"0.01"	"0.005"	"0.01"	"100000"	"10000"	"200"	"3519939128052393842"	20000	"slope"	-0.316881695
"0.3"	"0.85"	"0.1"	"0.01"	"0.005"	"0.01"	"100000"	"10000"	"200"	"3519939128052393842"	20000	"intercept"	0.41489526
"0.3"	"0.85"	"0.1"	"0.01"	"0.005"	"0.01"	"100000"	"10000"	"200"	"3519939128052393842"	25000	"slope"	-0.366351275
"0.3"	"0.85"	"0.1"	"0.01"	"0.005"	"0.01"	"100000"	"10000"	"200"	"3519939128052393842"	25000	"intercept"	0.44626206
"0.3"	"0.85"	"0.1"	"0.01"	"0.005"	"0.01"	"100000"	"10000"	"200"	"3519939128052393842"	30000	"slope"	-0.37857218
"0.3"	"0.85"	"0.1"	"0.01"	"0.005"	"0.01"	"100000"	"10000"	"200"	"3519939128052393842"	30000	"intercept"	0.451567615
"0.3"	"0.85"	"0.1"	"0.01"	"0.005"	"0.01"	"100000"	"10000"	"200"	"3519939128052393842"	35000	"slope"	-0.40089732
"0.3"	"0.85"	"0.1"	"0.01"	"0.005"	"0.01"	"100000"	"10000"	"200"	"3519939128052393842"	35000	"intercept"	0.466455365
"0.3"	"0.85"	"0.1"	"0.01"	"0.005"	"0.01"	"100000"	"10000"	"200"	"3519939128052393842"	40000	"slope"	-0.38644435
"0.3"	"0.85"	"0.1"	"0.01"	"0.005"	"0.01"	"100000"	"10000"	"200"	"3519939128052393842"	40000	"intercept"	0.45481019
"0.3"	"0.85"	"0.1"	"0.01"	"0.005"	"0.01"	"100000"	"10000"	"200"	"3519939128052393842"	45000	"slope"	-0.40223412
"0.3"	"0.85"	"0.1"	"0.01"	"0.005"	"0.01"	"100000"	"10000"	"200"	"3519939128052393842"	45000	"intercept"	0.473964995
"0.3"	"0.85"	"0.1"	"0.01"	"0.005"	"0.01"	"100000"	"10000"	"200"	"3519939128052393842"	50000	"slope"	-0.39015337
"0.3"	"0.85"	"0.1"	"0.01"	"0.005"	"0.01"	"100000"	"10000"	"200"	"3519939128052393842"	50000	"intercept"	0.455279795
"0.3"	"0.85"	"0.1"	"0.01"	"0.005"	"0.01"	"100000"	"10000"	"200"	"3519939128052393842"	55000	"slope"	-0.38839177
"0.3"	"0.85"	"0.1"	"0.01"	"0.005"	"0.01"	"100000"	"10000"	"200"	"3519939128052393842"	55000	"intercept"	0.465064525
"0.3"	"0.85"	"0.1"	"0.01"	"0.005"	"0.01"	"100000"	"10000"	"200"	"3519939128052393842"	60000	"slope"	-0.3780038
"0.3"	"0.85"	"0.1"	"0.01"	"0.005"	"0.01"	"100000"	"10000"	"200"	"3519939128052393842"	60000	"intercept"	0.45625813
"0.3"	"0.85"	"0.1"	"0.01"	"0.005"	"0.01"	"100000"	"10000"	"200"	"3519939128052393842"	65000	"slope"	-0.389860335
"0.3"	"0.85"	"0.1"	"0.01"	"0.005"	"0.01"	"100000"	"10000"	"200"	"3519939128052393842"	65000	"intercept"	0.456161615
"0.3"	"0.85"	"0.1"	"0.01"	"0.005"	"0.01"	"100000"	"10000"	"200"	"3519939128052393842"	70000	"slope"	-0.39157629
"0.3"	"0.85"	"0.1"	"0.01"	"0.005"	"0.01"	"100000"	"10000"	"200"	"3519939128052393842"	70000	"intercept"	0.461441255
"0.3"	"0.85"	"0.1"	"0.01"	"0.005"	"0.01"	"100000"	"10000"	"200"	"3519939128052393842"	75000	"slope"	-0.38232607
"0.3"	"0.85"	"0.1"	"0.01"	"0.005"	"0.01"	"100000"	"10000"	"200"	"3519939128052393842"	75000	"intercept"	0.455271655
"0.3"	"0.85"	"0.1"	"0.01"	"0.005"	"0.01"	"100000"	"10000"	"200"	"3519939128052393842"	80000	"slope"	-0.385840595
"0.3"	"0.85"	"0.1"	"0.01"	"0.005"	"0.01"	"100000"	"10000"	"200"	"3519939128052393842"	80000	"intercept"	0.459247655
"0.3"	"0.85"	"0.1"	"0.01"	"0.005"	"0.01"	"100000"	"10000"	"200"	"3519939128052393842"	85000	"slope"	-0.38928933
"0.3"	"0.85"	"0.1"	"0.01"	"0.005"	"0.01"	"100000"	"10000"	"200"	"3519939128052393842"	85000	"intercept"	0.45931471
"0.3"	"0.85"	"0.1"	"0.01"	"0.005"	"0.01"	"100000"	"10000"	"200"	"3519939128052393842"	90000	"slope"	-0.405017595
"0.3"	"0.85"	"0.1"	"0.01"	"0.005"	"0.01"	"100000"	"10000"	"200"	"3519939128052393842"	90000	"intercept"	0.47503586
"0.3"	"0.85"	"0.1"	"0.01"	"0.005"	"0.01"	"100000"	"10000"	"200"	"3519939128052393842"	95000	"slope"	-0.410092255
"0.3"	"0.85"	"0.1"	"0.01"	"0.005"	"0.01"	"100000"	"10000"	"200"	"3519939128052393842"	95000	"intercept"	0.477748865
"0.3"	"0.85"	"0.1"	"0.01"	"0.005"	"0.01"	"100000"	"10000"	"200"	"3519939128052393842"	100000	"slope"	-0.4136428
"0.3"	"0.85"	"0.1"	"0.01"	"0.005"	"0.01"	"100000"	"10000"	"200"	"3519939128052393842"	100000	"intercept"	0.48380817
"0.3"	"0.85"	"0.1"	"0.01"	"0.005"	"0.01"	"100000"	"10000"	"200"	"4151876662052176714"	10	"slope"	1.7573838e-05
"0.3"	"0.85"	"0.1"	"0.01"	"0.005"	"0.01"	"100000"	"10000"	"200"	"4151876662052176714"	10	"intercept"	0.499845695
"0.3"	"0.85"	"0.1"	"0.01"	"0.005"	"0.01"	"100000"	"10000"	"200"	"4151876662052176714"	5000	"slope"	-0.136686435
"0.3"	"0.85"	"0.1"	"0.01"	"0.005"	"0.01"	"100000"	"10000"	"200"	"4151876662052176714"	5000	"intercept"	0.287999325
"0.3"	"0.85"	"0.1"	"0.01"	"0.005"	"0.01"	"100000"	"10000"	"200"	"4151876662052176714"	10000	"slope"	-0.22139801
"0.3"	"0.85"	"0.1"	"0.01"	"0.005"	"0.01"	"100000"	"10000"	"200"	"4151876662052176714"	10000	"intercept"	0.33087705
"0.3"	"0.85"	"0.1"	"0.01"	"0.005"	"0.01"	"100000"	"10000"	"200"	"4151876662052176714"	15000	"slope"	-0.29751711
"0.3"	"0.85"	"0.1"	"0.01"	"0.005"	"0.01"	"100000"	"10000"	"200"	"4151876662052176714"	15000	"intercept"	0.39133753
"0.3"	"0.85"	"0.1"	"0.01"	"0.005"	"0.01"	"100000"	"10000"	"200"	"4151876662052176714"	20000	"slope"	-0.3356502
"0.3"	"0.85"	"0.1"	"0.01"	"0.005"	"0.01"	"100000"	"10000"	"200"	"4151876662052176714"	20000	"intercept"	0.417099695
"0.3"	"0.85"	"0.1"	"0.01"	"0.005"	"0.01"	"100000"	"10000"	"200"	"4151876662052176714"	25000	"slope"	-0.36613697
"0.3"	"0.85"	"0.1"	"0.01"	"0.005"	"0.01"	"100000"	"10000"	"200"	"4151876662052176714"	25000	"intercept"	0.442709685
"0.3"	"0.85"	"0.1"	"0.01"	"0.005"	"0.01"	"100000"	"10000"	"200"	"4151876662052176714"	30000	"slope"	-0.342457155
"0.3"	"0.85"	"0.1"	"0.01"	"0.005"	"0.01"	"100000"	"10000"	"200"	"4151876662052176714"	30000	"intercept"	0.421982275
"0.3"	"0.85"	"0.1"	"0.01"	"0.005"	"0.01"	"100000"	"10000"	"200"	"4151876662052176714"	35000	"slope"	-0.378968055
"0.3"	"0.85"	"0.1"	"0.01"	"0.005"	"0.01"	"100000"	"10000"	"200"	"4151876662052176714"	35000	"intercept"	0.44578351
"0.3"	"0.85"	"0.1"	"0.01"	"0.005"	"0.01"	"100000"	"10000"	"200"	"4151876662052176714"	40000	"slope"	-0.379890765
"0.3"	"0.85"	"0.1"	"0.01"	"0.005"	"0.01"	"100000"	"10000"	"200"	"4151876662052176714"	40000	"intercept"	0.44850275
"0.3"	"0.85"	"0.1"	"0.01"	"0.005"	"0.01"	"100000"	"10000"	"200"	"4151876662052176714"	45000	"slope"	-0.37236071
"0.3"	"0.85"	"0.1"	"0.01"	"0.005"	"0.01"	"100000"	"10000"	"200"	"4151876662052176714"	45000	"intercept"	0.4456065
"0.3"	"0.85"	"0.1"	"0.01"	"0.005"	"0.01"	"100000"	"10000"	"200"	"4151876662052176714"	50000	"slope"	-0.365364105
"0.3"	"0.85"	"0.1"	"0.01"	"0.005"	"0.01"	"100000"	"10000"	"200"	"4151876662052176714"	50000	"intercept"	0.43851078
"0.3"	"0.85"	"0.1"	"0.01"	"0.005"	"0.01"	"100000"	"10000"	"200"	"4151876662052176714"	55000	"slope"	-0.357767335
"0.3"	"0.85"	"0.1"	"0.01"	"0.005"	"0.01"	"100000"	"10000"	"200"	"4151876662052176714"	55000	"intercept"	0.4342401
"0.3"	"0.85"	"0.1"	"0.01"	"0.005"	"0.01"	"100000"	"10000"	"200"	"4151876662052176714"	60000	"slope"	-0.34690707
"0.3"	"0.85"	"0.1"	"0.01"	"0.005"	"0.01"	"100000"	"10000"	"200"	"4151876662052176714"	60000	"intercept"	0.428184215
"0.3"	"0.85"	"0.1"	"0.01"	"0.005"	"0.01"	"100000"	"10000"	"200"	"4151876662052176714"	65000	"slope"	-0.401747085
"0.3"	"0.85"	"0.1"	"0.01"	"0.005"	"0.01"	"100000"	"10000"	"200"	"4151876662052176714"	65000	"intercept"	0.472515465
"0.3"	"0.85"	"0.1"	"0.01"	"0.005"	"0.01"	"100000"	"10000"	"200"	"4151876662052176714"	70000	"slope"	-0.407527605
"0.3"	"0.85"	"0.1"	"0.01"	"0.005"	"0.01"	"100000"	"10000"	"200"	"4151876662052176714"	70000	"intercept"	0.473763815
"0.3"	"0.85"	"0.1"	"0.01"	"0.005"	"0.01"	"100000"	"10000"	"200"	"4151876662052176714"	75000	"slope"	-0.391604705
"0.3"	"0.85"	"0.1"	"0.01"	"0.005"	"0.01"	"100000"	"10000"	"200"	"4151876662052176714"	75000	"intercept"	0.46553376
"0.3"	"0.85"	"0.1"	"0.01"	"0.005"	"0.01"	"100000"	"10000"	"200"	"4151876662052176714"	80000	"slope"	-0.383600395
"0.3"	"0.85"	"0.1"	"0.01"	"0.005"	"0.01"	"100000"	"10000"	"200"	"4151876662052176714"	80000	"intercept"	0.45646517
"0.3"	"0.85"	"0.1"	"0.01"	"0.005"	"0.01"	"100000"	"10000"	"200"	"4151876662052176714"	85000	"slope"	-0.389155525
"0.3"	"0.85"	"0.1"	"0.01"	"0.005"	"0.01"	"100000"	"10000"	"200"	"4151876662052176714"	85000	"intercept"	0.4612717
"0.3"	"0.85"	"0.1"	"0.01"	"0.005"	"0.01"	"100000"	"10000"	"200"	"4151876662052176714"	90000	"slope"	-0.390274575
"0.3"	"0.85"	"0.1"	"0.01"	"0.005"	"0.01"	"100000"	"10000"	"200"	"4151876662052176714"	90000	"intercept"	0.46504267
"0.3"	"0.85"	"0.1"	"0.01"	"0.005"	"0.01"	"100000"	"10000"	"200"	"4151876662052176714"	95000	"slope"	-0.40388573
"0.3"	"0.85"	"0.1"	"0.01"	"0.005"	"0.01"	"100000"	"10000"	"200"	"4151876662052176714"	95000	"intercept"	0.467689375
"0.3"	"0.85"	"0.1"	"0.01"	"0.005"	"0.01"	"100000"	"10000"	"200"	"4151876662052176714"	100000	"slope"	-0.40224404
"0.3"	"0.85"	"0.1"	"0.01"	"0.005"	"0.01"	"100000"	"10000"	"200"	"4151876662052176714"	100000	"intercept"	0.47299529
"0.7"	"0.0"	"0.1"	"0.01"	"0.005"	"0.01"	"100000"	"10000"	"200"	"1425001562695698733"	10	"slope"	-4.761886e-05
"0.7"	"0.0"	"0.1"	"0.01"	"0.005"	"0.01"	"100000"	"10000"	"200"	"1425001562695698733"	10	"intercept"	0.499991675
"0.7"	"0.0"	"0.1"	"0.01"	"0.005"	"0.01"	"100000"	"10000"	"200"	"1425001562695698733"	5000	"slope"	-0.053959754835
"0.7"	"0.0"	"0.1"	"0.01"	"0.005"	"0.01"	"100000"	"10000"	"200"	"1425001562695698733"	5000	"intercept"	0.483838225
"0.7"	"0.0"	"0.1"	"0.01"	"0.005"	"0.01"	"100000"	"10000"	"200"	"1425001562695698733"	10000	"slope"	-0.139573082
"0.7"	"0.0"	"0.1"	"0.01"	"0.005"	"0.01"	"100000"	"10000"	"200"	"1425001562695698733"	10000	"intercept"	0.527392365
"0.7"	"0.0"	"0.1"	"0.01"	"0.005"	"0.01"	"100000"	"10000"	"200"	"1425001562695698733"	15000	"slope"	-0.158223264
"0.7"	"0.0"	"0.1"	"0.01"	"0.005"	"0.01"	"100000"	"10000"	"200"	"1425001562695698733"	15000	"intercept"	0.545036315
"0.7"	"0.0"	"0.1"	"0.01"	"0.005"	"0.01"	"100000"	"10000"	"200"	"1425001562695698733"	20000	"slope"	-0.1668997895
"0.7"	"0.0"	"0.1"	"0.01"	"0.005"	"0.01"	"100000"	"10000"	"200"	"1425001562695698733"	20000	"intercept"	0.540561755
"0.7"	"0.0"	"0.1"	"0.01"	"0.005"	"0.01"	"100000"	"10000"	"200"	"1425001562695698733"	25000	"slope"	-0.181983347
"0.7"	"0.0"	"0.1"	"0.01"	"0.005"	"0.01"	"100000"	"10000"	"200"	"1425001562695698733"	25000	"intercept"	0.55656393
"0.7"	"0.0"	"0.1"	"0.01"	"0.005"	"0.01"	"100000"	"10000"	"200"	"1425001562695698733"	30000	"slope"	-0.1603528565
"0.7"	"0.0"	"0.1"	"0.01"	"0.005"	"0.01"	"100000"	"10000"	"200"	"1425001562695698733"	30000	"intercept"	0.54351013
"0.7"	"0.0"	"0.1"	"0.01"	"0.005"	"0.01"	"100000"	"10000"	"200"	"1425001562695698733"	35000	"slope"	-0.1734483055
"0.7"	"0.0"	"0.1"	"0.01"	"0.005"	"0.01"	"100000"	"10000"	"200"	"1425001562695698733"	35000	"intercept"	0.545100855
"0.7"	"0.0"	"0.1"	"0.01"	"0.005"	"0.01"	"100000"	"10000"	"200"	"1425001562695698733"	40000	"slope"	-0.174482947
"0.7"	"0.0"	"0.1"	"0.01"	"0.005"	"0.01"	"100000"	"10000"	"200"	"1425001562695698733"	40000	"intercept"	0.542553485
"0.7"	"0.0"	"0.1"	"0.01"	"0.005"	"0.01"	"100000"	"10000"	"200"	"1425001562695698733"	45000	"slope"	-0.214242665
"0.7"	"0.0"	"0.1"	"0.01"	"0.005"	"0.01"	"100000"	"10000"	"200"	"1425001562695698733"	45000	"intercept"	0.56731515
"0.7"	"0.0"	"0.1"	"0.01"	"0.005"	"0.01"	"100000"	"10000"	"200"	"1425001562695698733"	50000	"slope"	-0.1886600105
"0.7"	"0.0"	"0.1"	"0.01"	"0.005"	"0.01"	"100000"	"10000"	"200"	"1425001562695698733"	50000	"intercept"	0.550107965
"0.7"	"0.0"	"0.1"	"0.01"	"0.005"	"0.01"	"100000"	"10000"	"200"	"1425001562695698733"	55000	"slope"	-0.1756124205
"0.7"	"0.0"	"0.1"	"0.01"	"0.005"	"0.01"	"100000"	"10000"	"200"	"1425001562695698733"	55000	"intercept"	0.53776639
"0.7"	"0.0"	"0.1"	"0.01"	"0.005"	"0.01"	"100000"	"10000"	"200"	"1425001562695698733"	60000	"slope"	-0.170591175
"0.7"	"0.0"	"0.1"	"0.01"	"0.005"	"0.01"	"100000"	"10000"	"200"	"1425001562695698733"	60000	"intercept"	0.540244955
"0.7"	"0.0"	"0.1"	"0.01"	"0.005"	"0.01"	"100000"	"10000"	"200"	"1425001562695698733"	65000	"slope"	-0.178523566
"0.7"	"0.0"	"0.1"	"0.01"	"0.005"	"0.01"	"100000"	"10000"	"200"	"1425001562695698733"	65000	"intercept"	0.553465715
"0.7"	"0.0"	"0.1"	"0.01"	"0.005"	"0.01"	"100000"	"10000"	"200"	"1425001562695698733"	70000	"slope"	-0.1673538935
"0.7"	"0.0"	"0.1"	"0.01"	"0.005"	"0.01"	"100000"	"10000"	"200"	"1425001562695698733"	70000	"intercept"	0.54739584
"0.7"	"0.0"	"0.1"	"0.01"	"0.005"	"0.01"	"100000"	"10000"	"200"	"1425001562695698733"	75000	"slope"	-0.179741003
"0.7"	"0.0"	"0.1"	"0.01"	"0.005"	"0.01"	"100000"	"10000"	"200"	"1425001562695698733"	75000	"intercept"	0.540345855
"0.7"	"0.0"	"0.1"	"0.01"	"0.005"	"0.01"	"100000"	"10000"	"200"	"1425001562695698733"	80000	"slope"	-0.1727411685
"0.7"	"0.0"	"0.1"	"0.01"	"0.005"	"0.01"	"100000"	"10000"	"200"	"1425001562695698733"	80000	"intercept"	0.545883875
"0.7"	"0.0"	"0.1"	"0.01"	"0.005"	"0.01"	"100000"	"10000"	"200"	"1425001562695698733"	85000	"slope"	-0.147484686
"0.7"	"0.0"	"0.1"	"0.01"	"0.005"	"0.01"	"100000"	"10000"	"200"	"1425001562695698733"	85000	"intercept"	0.52985794
"0.7"	"0.0"	"0.1"	"0.01"	"0.005"	"0.01"	"100000"	"10000"	"200"	"1425001562695698733"	90000	"slope"	-0.1707919695
"0.7"	"0.0"	"0.1"	"0.01"	"0.005"	"0.01"	"100000"	"10000"	"200"	"1425001562695698733"	90000	"intercept"	0.538296015
"0.7"	"0.0"	"0.1"	"0.01"	"0.005"	"0.01"	"100000"	"10000"	"200"	"1425001562695698733"	95000	"slope"	-0.146066521
"0.7"	"0.0"	"0.1"	"0.01"	"0.005"	"0.01"	"100000"	"10000"	"200"	"1425001562695698733"	95000	"intercept"	0.533475035
"0.7"	"0.0"	"0.1"	"0.01"	"0.005"	"0.01"	"100000"	"10000"	"200"	"1425001562695698733"	100000	"slope"	-0.1587019595
"0.7"	"0.0"	"0.1"	"0.01"	"0.005"	"0.01"	"100000"	"10000"	"200"	"1425001562695698733"	100000	"intercept"	0.542290115
"0.7"	"0.0"	"0.1"	"0.01"	"0.005"	"0.01"	"100000"	"10000"	"200"	"3538926322559540940"	10	"slope"	-1.22815499999999e-06
"0.7"	"0.0"	"0.1"	"0.01"	"0.005"	"0.01"	"100000"	"10000"	"200"	"3538926322559540940"	10	"intercept"	0.500146275
"0.7"	"0.0"	"0.1"	"0.01"	"0.005"	"0.01"	"100000"	"10000"	"200"	"3538926322559540940"	5000	"slope"	-0.046864381975
"0.7"	"0.0"	"0.1"	"0.01"	"0.005"	"0.01"	"100000"	"10000"	"200"	"3538926322559540940"	5000	"intercept"	0.49181473
"0.7"	"0.0"	"0.1"	"0.01"	"0.005"	"0.01"	"100000"	"10000"	"200"	"3538926322559540940"	10000	"slope"	-0.10491471845
"0.7"	"0.0"	"0.1"	"0.01"	"0.005"	"0.01"	"100000"	"10000"	"200"	"3538926322559540940"	10000	"intercept"	0.51605914
"0.7"	"0.0"	"0.1"	"0.01"	"0.005"	"0.01"	"100000"	"10000"	"200"	"3538926322559540940"	15000	"slope"	-0.11021031235
"0.7"	"0.0"	"0.1"	"0.01"	"0.005"	"0.01"	"100000"	"10000"	"200"	"3538926322559540940"	15000	"intercept"	0.516016975
"0.7"	"0.0"	"0.1"	"0.01"	"0.005"	"0.01"	"100000"	"10000"	"200"	"3538926322559540940"	20000	"slope"	-0.183531445
"0.7"	"0.0"	"0.1"	"0.01"	"0.005"	"0.01"	"100000"	"10000"	"200"	"3538926322559540940"	20000	"intercept"	0.547457375
"0.7"	"0.0"	"0.1"	"0.01"	"0.005"	"0.01"	"100000"	"10000"	"200"	"3538926322559540940"	25000	"slope"	-0.1882120265
"0.7"	"0.0"	"0.1"	"0.01"	"0.005"	"0.01"	"100000"	"10000"	"200"	"3538926322559540940"	25000	"intercept"	0.55673411
"0.7"	"0.0"	"0.1"	"0.01"	"0.005"	"0.01"	"100000"	"10000"	"200"	"3538926322559540940"	30000	"slope"	-0.198960785
"0.7"	"0.0"	"0.1"	"0.01"	"0.005"	"0.01"	"100000"	"10000"	"200"	"3538926322559540940"	30000	"intercept"	0.561107085
"0.7"	"0.0"	"0.1"	"0.01"	"0.005"	"0.01"	"100000"	"10000"	"200"	"3538926322559540940"	35000	"slope"	-0.196960959
"0.7"	"0.0"	"0.1"	"0.01"	"0.005"	"0.01"	"100000"	"10000"	"200"	"3538926322559540940"	35000	"intercept"	0.55585827
"0.7"	"0.0"	"0.1"	"0.01"	"0.005"	"0.01"	"100000"	"10000"	"200"	"3538926322559540940"	40000	"slope"	-0.198313795
"0.7"	"0.0"	"0.1"	"0.01"	"0.005"	"0.01"	"100000"	"10000"	"200"	"3538926322559540940"	40000	"intercept"	0.55634126
"0.7"	"0.0"	"0.1"	"0.01"	"0.005"	"0.01"	"100000"	"10000"	"200"	"3538926322559540940"	45000	"slope"	-0.170323697
"0.7"	"0.0"	"0.1"	"0.01"	"0.005"	"0.01"	"100000"	"10000"	"200"	"3538926322559540940"	45000	"intercept"	0.539022135
"0.7"	"0.0"	"0.1"	"0.01"	"0.005"	"0.01"	"100000"	"10000"	"200"	"3538926322559540940"	50000	"slope"	-0.1779566515
"0.7"	"0.0"	"0.1"	"0.01"	"0.005"	"0.01"	"100000"	"10000"	"200"	"3538926322559540940"	50000	"intercept"	0.5557146
"0.7"	"0.0"	"0.1"	"0.01"	"0.005"	"0.01"	"100000"	"10000"	"200"	"3538926322559540940"	55000	"slope"	-0.165325998
"0.7"	"0.0"	"0.1"	"0.01"	"0.005"	"0.01"	"100000"	"10000"	"200"	"3538926322559540940"	55000	"intercept"	0.5426843
"0.7"	"0.0"	"0.1"	"0.01"	"0.005"	"0.01"	"100000"	"10000"	"200"	"3538926322559540940"	60000	"slope"	-0.190517305
"0.7"	"0.0"	"0.1"	"0.01"	"0.005"	"0.01"	"100000"	"10000"	"200"	"3538926322559540940"	60000	"intercept"	0.550018725
"0.7"	"0.0"	"0.1"	"0.01"	"0.005"	"0.01"	"100000"	"10000"	"200"	"3538926322559540940"	65000	"slope"	-0.1966588185
"0.7"	"0.0"	"0.1"	"0.01"	"0.005"	"0.01"	"100000"	"10000"	"200"	"3538926322559540940"	65000	"intercept"	0.554830955
"0.7"	"0.0"	"0.1"	"0.01"	"0.005"	"0.01"	"100000"	"10000"	"200"	"3538926322559540940"	70000	"slope"	-0.197200275
"0.7"	"0.0"	"0.1"	"0.01"	"0.005"	"0.01"	"100000"	"10000"	"200"	"3538926322559540940"	70000	"intercept"	0.564552635
"0.7"	"0.0"	"0.1"	"0.01"	"0.005"	"0.01"	"100000"	"10000"	"200"	"3538926322559540940"	75000	"slope"	-0.222403803
"0.7"	"0.0"	"0.1"	"0.01"	"0.005"	"0.01"	"100000"	"10000"	"200"	"3538926322559540940"	75000	"intercept"	0.57785728
"0.7"	"0.0"	"0.1"	"0.01"	"0.005"	"0.01"	"100000"	"10000"	"200"	"3538926322559540940"	80000	"slope"	-0.170645
"0.7"	"0.0"	"0.1"	"0.01"	"0.005"	"0.01"	"100000"	"10000"	"200"	"3538926322559540940"	80000	"intercept"	0.541887335
"0.7"	"0.0"	"0.1"	"0.01"	"0.005"	"0.01"	"100000"	"10000"	"200"	"3538926322559540940"	85000	"slope"	-0.1404423605
"0.7"	"0.0"	"0.1"	"0.01"	"0.005"	"0.01"	"100000"	"10000"	"200"	"3538926322559540940"	85000	"intercept"	0.52931336
"0.7"	"0.0"	"0.1"	"0.01"	"0.005"	"0.01"	"100000"	"10000"	"200"	"3538926322559540940"	90000	"slope"	-0.1518074355
"0.7"	"0.0"	"0.1"	"0.01"	"0.005"	"0.01"	"100000"	"10000"	"200"	"3538926322559540940"	90000	"intercept"	0.535681155
"0.7"	"0.0"	"0.1"	"0.01"	"0.005"	"0.01"	"100000"	"10000"	"200"	"3538926322559540940"	95000	"slope"	-0.153026858
"0.7"	"0.0"	"0.1"	"0.01"	"0.005"	"0.01"	"100000"	"10000"	"200"	"3538926322559540940"	95000	"intercept"	0.536252335
"0.7"	"0.0"	"0.1"	"0.01"	"0.005"	"0.01"	"100000"	"10000"	"200"	"3538926322559540940"	100000	"slope"	-0.1416629555
"0.7"	"0.0"	"0.1"	"0.01"	"0.005"	"0.01"	"100000"	"10000"	"200"	"3538926322559540940"	100000	"intercept"	0.532260855
"0.7"	"0.0"	"0.1"	"0.01"	"0.005"	"0.01"	"100000"	"10000"	"200"	"481785162807133516"	10	"slope"	0.0001662236205
"0.7"	"0.0"	"0.1"	"0.01"	"0.005"	"0.01"	"100000"	"10000"	"200"	"481785162807133516"	10	"intercept"	0.49995063
"0.7"	"0.0"	"0.1"	"0.01"	"0.005"	"0.01"	"100000"	"10000"	"200"	"481785162807133516"	5000	"slope"	-0.0322674248345
"0.7"	"0.0"	"0.1"	"0.01"	"0.005"	"0.01"	"100000"	"10000"	"200"	"481785162807133516"	5000	"intercept"	0.48372086
"0.7"	"0.0"	"0.1"	"0.01"	"0.005"	"0.01"	"100000"	"10000"	"200"	"481785162807133516"	10000	"slope"	-0.159563431
"0.7"	"0.0"	"0.1"	"0.01"	"0.005"	"0.01"	"100000"	"10000"	"200"	"481785162807133516"	10000	"intercept"	0.54242567
"0.7"	"0.0"	"0.1"	"0.01"	"0.005"	"0.01"	"100000"	"10000"	"200"	"481785162807133516"	15000	"slope"	-0.1823940355
"0.7"	"0.0"	"0.1"	"0.01"	"0.005"	"0.01"	"100000"	"10000"	"200"	"481785162807133516"	15000	"intercept"	0.5486196
"0.7"	"0.0"	"0.1"	"0.01"	"0.005"	"0.01"	"100000"	"10000"	"200"	"481785162807133516"	20000	"slope"	-0.202557179
"0.7"	"0.0"	"0.1"	"0.01"	"0.005"	"0.01"	"100000"	"10000"	"200"	"481785162807133516"	20000	"intercept"	0.55461904
"0.7"	"0.0"	"0.1"	"0.01"	"0.005"	"0.01"	"100000"	"10000"	"200"	"481785162807133516"	25000	"slope"	-0.199697645
"0.7"	"0.0"	"0.1"	"0.01"	"0.005"	"0.01"	"100000"	"10000"	"200"	"481785162807133516"	25000	"intercept"	0.561651345
"0.7"	"0.0"	"0.1"	"0.01"	"0.005"	"0.01"	"100000"	"10000"	"200"	"481785162807133516"	30000	"slope"	-0.2214570055
"0.7"	"0.0"	"0.1"	"0.01"	"0.005"	"0.01"	"100000"	"10000"	"200"	"481785162807133516"	30000	"intercept"	0.56919318
"0.7"	"0.0"	"0.1"	"0.01"	"0.005"	"0.01"	"100000"	"10000"	"200"	"481785162807133516"	35000	"slope"	-0.1984065205
"0.7"	"0.0"	"0.1"	"0.01"	"0.005"	"0.01"	"100000"	"10000"	"200"	"481785162807133516"	35000	"intercept"	0.55412412
"0.7"	"0.0"	"0.1"	"0.01"	"0.005"	"0.01"	"100000"	"10000"	"200"	"481785162807133516"	40000	"slope"	-0.18527744
"0.7"	"0.0"	"0.1"	"0.01"	"0.005"	"0.01"	"100000"	"10000"	"200"	"481785162807133516"	40000	"intercept"	0.559959605
"0.7"	"0.0"	"0.1"	"0.01"	"0.005"	"0.01"	"100000"	"10000"	"200"	"481785162807133516"	45000	"slope"	-0.1575800085
"0.7"	"0.0"	"0.1"	"0.01"	"0.005"	"0.01"	"100000"	"10000"	"200"	"481785162807133516"	45000	"intercept"	0.53708422
"0.7"	"0.0"	"0.1"	"0.01"	"0.005"	"0.01"	"100000"	"10000"	"200"	"481785162807133516"	50000	"slope"	-0.1982910825
"0.7"	"0.0"	"0.1"	"0.01"	"0.005"	"0.01"	"100000"	"10000"	"200"	"481785162807133516"	50000	"intercept"	0.55942745
"0.7"	"0.0"	"0.1"	"0.01"	"0.005"	"0.01"	"100000"	"10000"	"200"	"481785162807133516"	55000	"slope"	-0.19442454
"0.7"	"0.0"	"0.1"	"0.01"	"0.005"	"0.01"	"100000"	"10000"	"200"	"481785162807133516"	55000	"intercept"	0.554427105
"0.7"	"0.0"	"0.1"	"0.01"	"0.005"	"0.01"	"100000"	"10000"	"200"	"481785162807133516"	60000	"slope"	-0.1648121195
"0.7"	"0.0"	"0.1"	"0.01"	"0.005"	"0.01"	"100000"	"10000"	"200"	"481785162807133516"	60000	"intercept"	0.54200854
"0.7"	"0.0"	"0.1"	"0.01"	"0.005"	"0.01"	"100000"	"10000"	"200"	"481785162807133516"	65000	"slope"	-0.179851355
"0.7"	"0.0"	"0.1"	"0.01"	"0.005"	"0.01"	"100000"	"10000"	"200"	"481785162807133516"	65000	"intercept"	0.55555188
"0.7"	"0.0"	"0.1"	"0.01"	"0.005"	"0.01"	"100000"	"10000"	"200"	"481785162807133516"	70000	"slope"	-0.20381741
"0.7"	"0.0"	"0.1"	"0.01"	"0.005"	"0.01"	"100000"	"10000"	"200"	"481785162807133516"	70000	"intercept"	0.554573405
"0.7"	"0.0"	"0.1"	"0.01"	"0.005"	"0.01"	"100000"	"10000"	"200"	"481785162807133516"	75000	"slope"	-0.195435635
"0.7"	"0.0"	"0.1"	"0.01"	"0.005"	"0.01"	"100000"	"10000"	"200"	"481785162807133516"	75000	"intercept"	0.55951773
"0.7"	"0.0"	"0.1"	"0.01"	"0.005"	"0.01"	"100000"	"10000"	"200"	"481785162807133516"	80000	"slope"	-0.205647335
"0.7"	"0.0"	"0.1"	"0.01"	"0.005"	"0.01"	"100000"	"10000"	"200"	"481785162807133516"	80000	"intercept"	0.55993473
"0.7"	"0.0"	"0.1"	"0.01"	"0.005"	"0.01"	"100000"	"10000"	"200"	"481785162807133516"	85000	"slope"	-0.177765119
"0.7"	"0.0"	"0.1"	"0.01"	"0.005"	"0.01"	"100000"	"10000"	"200"	"481785162807133516"	85000	"intercept"	0.54611255
"0.7"	"0.0"	"0.1"	"0.01"	"0.005"	"0.01"	"100000"	"10000"	"200"	"481785162807133516"	90000	"slope"	-0.167575282
"0.7"	"0.0"	"0.1"	"0.01"	"0.005"	"0.01"	"100000"	"10000"	"200"	"481785162807133516"	90000	"intercept"	0.545436065
"0.7"	"0.0"	"0.1"	"0.01"	"0.005"	"0.01"	"100000"	"10000"	"200"	"481785162807133516"	95000	"slope"	-0.1741283245
"0.7"	"0.0"	"0.1"	"0.01"	"0.005"	"0.01"	"100000"	"10000"	"200"	"481785162807133516"	95000	"intercept"	0.55541052
"0.7"	"0.0"	"0.1"	"0.01"	"0.005"	"0.01"	"100000"	"10000"	"200"	"481785162807133516"	100000	"slope"	-0.212317002
"0.7"	"0.0"	"0.1"	"0.01"	"0.005"	"0.01"	"100000"	"10000"	"200"	"481785162807133516"	100000	"intercept"	0.560744005
"0.7"	"0.0"	"0.1"	"0.01"	"0.005"	"0.01"	"100000"	"10000"	"200"	"6264844593967993663"	10	"slope"	-1.593455e-05
"0.7"	"0.0"	"0.1"	"0.01"	"0.005"	"0.01"	"100000"	"10000"	"200"	"6264844593967993663"	10	"intercept"	0.49991212
"0.7"	"0.0"	"0.1"	"0.01"	"0.005"	"0.01"	"100000"	"10000"	"200"	"6264844593967993663"	5000	"slope"	-0.05243511868
"0.7"	"0.0"	"0.1"	"0.01"	"0.005"	"0.01"	"100000"	"10000"	"200"	"6264844593967993663"	5000	"intercept"	0.49296064
"0.7"	"0.0"	"0.1"	"0.01"	"0.005"	"0.01"	"100000"	"10000"	"200"	"6264844593967993663"	10000	"slope"	-0.100894686
"0.7"	"0.0"	"0.1"	"0.01"	"0.005"	"0.01"	"100000"	"10000"	"200"	"6264844593967993663"	10000	"intercept"	0.50878491
"0.7"	"0.0"	"0.1"	"0.01"	"0.005"	"0.01"	"100000"	"10000"	"200"	"6264844593967993663"	15000	"slope"	-0.123602745
"0.7"	"0.0"	"0.1"	"0.01"	"0.005"	"0.01"	"100000"	"10000"	"200"	"6264844593967993663"	15000	"intercept"	0.518615055
"0.7"	"0.0"	"0.1"	"0.01"	"0.005"	"0.01"	"100000"	"10000"	"200"	"6264844593967993663"	20000	"slope"	-0.174115715
"0.7"	"0.0"	"0.1"	"0.01"	"0.005"	"0.01"	"100000"	"10000"	"200"	"6264844593967993663"	20000	"intercept"	0.548500965
"0.7"	"0.0"	"0.1"	"0.01"	"0.005"	"0.01"	"100000"	"10000"	"200"	"6264844593967993663"	25000	"slope"	-0.14085028455
"0.7"	"0.0"	"0.1"	"0.01"	"0.005"	"0.01"	"100000"	"10000"	"200"	"6264844593967993663"	25000	"intercept"	0.532777975
"0.7"	"0.0"	"0.1"	"0.01"	"0.005"	"0.01"	"100000"	"10000"	"200"	"6264844593967993663"	30000	"slope"	-0.170500051
"0.7"	"0.0"	"0.1"	"0.01"	"0.005"	"0.01"	"100000"	"10000"	"200"	"6264844593967993663"	30000	"intercept"	0.53646117
"0.7"	"0.0"	"0.1"	"0.01"	"0.005"	"0.01"	"100000"	"10000"	"200"	"6264844593967993663"	35000	"slope"	-0.1622570515
"0.7"	"0.0"	"0.1"	"0.01"	"0.005"	"0.01"	"100000"	"10000"	"200"	"6264844593967993663"	35000	"intercept"	0.547272515
"0.7"	"0.0"	"0.1"	"0.01"	"0.005"	"0.01"	"100000"	"10000"	"200"	"6264844593967993663"	40000	"slope"	-0.1727958025
"0.7"	"0.0"	"0.1"	"0.01"	"0.005"	"0.01"	"100000"	"10000"	"200"	"6264844593967993663"	40000	"intercept"	0.540921545
"0.7"	"0.0"	"0.1"	"0.01"	"0.005"	"0.01"	"100000"	"10000"	"200"	"6264844593967993663"	45000	"slope"	-0.2139636
"0.7"	"0.0"	"0.1"	"0.01"	"0.005"	"0.01"	"100000"	"10000"	"200"	"6264844593967993663"	45000	"intercept"	0.56769118
"0.7"	"0.0"	"0.1"	"0.01"	"0.005"	"0.01"	"100000"	"10000"	"200"	"6264844593967993663"	50000	"slope"	-0.217381615
"0.7"	"0.0"	"0.1"	"0.01"	"0.005"	"0.01"	"100000"	"10000"	"200"	"6264844593967993663"	50000	"intercept"	0.56327781
"0.7"	"0.0"	"0.1"	"0.01"	"0.005"	"0.01"	"100000"	"10000"	"200"	"6264844593967993663"	55000	"slope"	-0.2116923905
"0.7"	"0.0"	"0.1"	"0.01"	"0.005"	"0.01"	"100000"	"10000"	"200"	"6264844593967993663"	55000	"intercept"	0.566856895
"0.7"	"0.0"	"0.1"	"0.01"	"0.005"	"0.01"	"100000"	"10000"	"200"	"6264844593967993663"	60000	"slope"	-0.1619123775
"0.7"	"0.0"	"0.1"	"0.01"	"0.005"	"0.01"	"100000"	"10000"	"200"	"6264844593967993663"	60000	"intercept"	0.54032739
"0.7"	"0.0"	"0.1"	"0.01"	"0.005"	"0.01"	"100000"	"10000"	"200"	"6264844593967993663"	65000	"slope"	-0.204967135
"0.7"	"0.0"	"0.1"	"0.01"	"0.005"	"0.01"	"100000"	"10000"	"200"	"6264844593967993663"	65000	"intercept"	0.55454773
"0.7"	"0.0"	"0.1"	"0.01"	"0.005"	"0.01"	"100000"	"10000"	"200"	"6264844593967993663"	70000	"slope"	-0.1856611355
"0.7"	"0.0"	"0.1"	"0.01"	"0.005"	"0.01"	"100000"	"10000"	"200"	"6264844593967993663"	70000	"intercept"	0.547535175
"0.7"	"0.0"	"0.1"	"0.01"	"0.005"	"0.01"	"100000"	"10000"	"200"	"6264844593967993663"	75000	"slope"	-0.190338734
"0.7"	"0.0"	"0.1"	"0.01"	"0.005"	"0.01"	"100000"	"10000"	"200"	"6264844593967993663"	75000	"intercept"	0.5540745
"0.7"	"0.0"	"0.1"	"0.01"	"0.005"	"0.01"	"100000"	"10000"	"200"	"6264844593967993663"	80000	"slope"	-0.234628825
"0.7"	"0.0"	"0.1"	"0.01"	"0.005"	"0.01"	"100000"	"10000"	"200"	"6264844593967993663"	80000	"intercept"	0.571843695
"0.7"	"0.0"	"0.1"	"0.01"	"0.005"	"0.01"	"100000"	"10000"	"200"	"6264844593967993663"	85000	"slope"	-0.2090250405
"0.7"	"0.0"	"0.1"	"0.01"	"0.005"	"0.01"	"100000"	"10000"	"200"	"6264844593967993663"	85000	"intercept"	0.56923419
"0.7"	"0.0"	"0.1"	"0.01"	"0.005"	"0.01"	"100000"	"10000"	"200"	"6264844593967993663"	90000	"slope"	-0.21793761
"0.7"	"0.0"	"0.1"	"0.01"	"0.005"	"0.01"	"100000"	"10000"	"200"	"6264844593967993663"	90000	"intercept"	0.557403225
"0.7"	"0.0"	"0.1"	"0.01"	"0.005"	"0.01"	"100000"	"10000"	"200"	"6264844593967993663"	95000	"slope"	-0.16711612
"0.7"	"0.0"	"0.1"	"0.01"	"0.005"	"0.01"	"100000"	"10000"	"200"	"6264844593967993663"	95000	"intercept"	0.544534865
"0.7"	"0.0"	"0.1"	"0.01"	"0.005"	"0.01"	"100000"	"10000"	"200"	"6264844593967993663"	100000	"slope"	-0.178855287
"0.7"	"0.0"	"0.1"	"0.01"	"0.005"	"0.01"	"100000"	"10000"	"200"	"6264844593967993663"	100000	"intercept"	0.54888384
"0.7"	"0.0"	"0.1"	"0.01"	"0.005"	"0.01"	"100000"	"10000"	"200"	"7935484900023242562"	10	"slope"	2.70205015e-05
"0.7"	"0.0"	"0.1"	"0.01"	"0.005"	"0.01"	"100000"	"10000"	"200"	"7935484900023242562"	10	"intercept"	0.500058375
"0.7"	"0.0"	"0.1"	"0.01"	"0.005"	"0.01"	"100000"	"10000"	"200"	"7935484900023242562"	5000	"slope"	-0.08109740795
"0.7"	"0.0"	"0.1"	"0.01"	"0.005"	"0.01"	"100000"	"10000"	"200"	"7935484900023242562"	5000	"intercept"	0.50619318
"0.7"	"0.0"	"0.1"	"0.01"	"0.005"	"0.01"	"100000"	"10000"	"200"	"7935484900023242562"	10000	"slope"	-0.141118997
"0.7"	"0.0"	"0.1"	"0.01"	"0.005"	"0.01"	"100000"	"10000"	"200"	"7935484900023242562"	10000	"intercept"	0.535219185
"0.7"	"0.0"	"0.1"	"0.01"	"0.005"	"0.01"	"100000"	"10000"	"200"	"7935484900023242562"	15000	"slope"	-0.177325023
"0.7"	"0.0"	"0.1"	"0.01"	"0.005"	"0.01"	"100000"	"10000"	"200"	"7935484900023242562"	15000	"intercept"	0.55224477
"0.7"	"0.0"	"0.1"	"0.01"	"0.005"	"0.01"	"100000"	"10000"	"200"	"7935484900023242562"	20000	"slope"	-0.2025811355
"0.7"	"0.0"	"0.1"	"0.01"	"0.005"	"0.01"	"100000"	"10000"	"200"	"7935484900023242562"	20000	"intercept"	0.56159238
"0.7"	"0.0"	"0.1"	"0.01"	"0.005"	"0.01"	"100000"	"10000"	"200"	"7935484900023242562"	25000	"slope"	-0.187057831
"0.7"	"0.0"	"0.1"	"0.01"	"0.005"	"0.01"	"100000"	"10000"	"200"	"7935484900023242562"	25000	"intercept"	0.552296395
"0.7"	"0.0"	"0.1"	"0.01"	"0.005"	"0.01"	"100000"	"10000"	"200"	"7935484900023242562"	30000	"slope"	-0.2009755295
"0.7"	"0.0"	"0.1"	"0.01"	"0.005"	"0.01"	"100000"	"10000"	"200"	"7935484900023242562"	30000	"intercept"	0.558221695
"0.7"	"0.0"	"0.1"	"0.01"	"0.005"	"0.01"	"100000"	"10000"	"200"	"7935484900023242562"	35000	"slope"	-0.22852624
"0.7"	"0.0"	"0.1"	"0.01"	"0.005"	"0.01"	"100000"	"10000"	"200"	"7935484900023242562"	35000	"intercept"	0.57438587
"0.7"	"0.0"	"0.1"	"0.01"	"0.005"	"0.01"	"100000"	"10000"	"200"	"7935484900023242562"	40000	"slope"	-0.1866283505
"0.7"	"0.0"	"0.1"	"0.01"	"0.005"	"0.01"	"100000"	"10000"	"200"	"7935484900023242562"	40000	"intercept"	0.550779695
"0.7"	"0.0"	"0.1"	"0.01"	"0.005"	"0.01"	"100000"	"10000"	"200"	"7935484900023242562"	45000	"slope"	-0.175331148
"0.7"	"0.0"	"0.1"	"0.01"	"0.005"	"0.01"	"100000"	"10000"	"200"	"7935484900023242562"	45000	"intercept"	0.5441352
"0.7"	"0.0"	"0.1"	"0.01"	"0.005"	"0.01"	"100000"	"10000"	"200"	"7935484900023242562"	50000	"slope"	-0.1880275205
"0.7"	"0.0"	"0.1"	"0.01"	"0.005"	"0.01"	"100000"	"10000"	"200"	"7935484900023242562"	50000	"intercept"	0.55137905
"0.7"	"0.0"	"0.1"	"0.01"	"0.005"	"0.01"	"100000"	"10000"	"200"	"7935484900023242562"	55000	"slope"	-0.1813270875
"0.7"	"0.0"	"0.1"	"0.01"	"0.005"	"0.01"	"100000"	"10000"	"200"	"7935484900023242562"	55000	"intercept"	0.55036408
"0.7"	"0.0"	"0.1"	"0.01"	"0.005"	"0.01"	"100000"	"10000"	"200"	"7935484900023242562"	60000	"slope"	-0.1888449385
"0.7"	"0.0"	"0.1"	"0.01"	"0.005"	"0.01"	"100000"	"10000"	"200"	"7935484900023242562"	60000	"intercept"	0.545606465
"0.7"	"0.0"	"0.1"	"0.01"	"0.005"	"0.01"	"100000"	"10000"	"200"	"7935484900023242562"	65000	"slope"	-0.176203935
"0.7"	"0.0"	"0.1"	"0.01"	"0.005"	"0.01"	"100000"	"10000"	"200"	"7935484900023242562"	65000	"intercept"	0.549645195
"0.7"	"0.0"	"0.1"	"0.01"	"0.005"	"0.01"	"100000"	"10000"	"200"	"7935484900023242562"	70000	"slope"	-0.18070468
"0.7"	"0.0"	"0.1"	"0.01"	"0.005"	"0.01"	"100000"	"10000"	"200"	"7935484900023242562"	70000	"intercept"	0.549036
"0.7"	"0.0"	"0.1"	"0.01"	"0.005"	"0.01"	"100000"	"10000"	"200"	"7935484900023242562"	75000	"slope"	-0.1860712375
"0.7"	"0.0"	"0.1"	"0.01"	"0.005"	"0.01"	"100000"	"10000"	"200"	"7935484900023242562"	75000	"intercept"	0.553766345
"0.7"	"0.0"	"0.1"	"0.01"	"0.005"	"0.01"	"100000"	"10000"	"200"	"7935484900023242562"	80000	"slope"	-0.19229998
"0.7"	"0.0"	"0.1"	"0.01"	"0.005"	"0.01"	"100000"	"10000"	"200"	"7935484900023242562"	80000	"intercept"	0.55378603
"0.7"	"0.0"	"0.1"	"0.01"	"0.005"	"0.01"	"100000"	"10000"	"200"	"7935484900023242562"	85000	"slope"	-0.1803255055
"0.7"	"0.0"	"0.1"	"0.01"	"0.005"	"0.01"	"100000"	"10000"	"200"	"7935484900023242562"	85000	"intercept"	0.553616745
"0.7"	"0.0"	"0.1"	"0.01"	"0.005"	"0.01"	"100000"	"10000"	"200"	"7935484900023242562"	90000	"slope"	-0.2068164445
"0.7"	"0.0"	"0.1"	"0.01"	"0.005"	"0.01"	"100000"	"10000"	"200"	"7935484900023242562"	90000	"intercept"	0.560294235
"0.7"	"0.0"	"0.1"	"0.01"	"0.005"	"0.01"	"100000"	"10000"	"200"	"7935484900023242562"	95000	"slope"	-0.186391113
"0.7"	"0.0"	"0.1"	"0.01"	"0.005"	"0.01"	"100000"	"10000"	"200"	"7935484900023242562"	95000	"intercept"	0.55018156
"0.7"	"0.0"	"0.1"	"0.01"	"0.005"	"0.01"	"100000"	"10000"	"200"	"7935484900023242562"	100000	"slope"	-0.181685291
"0.7"	"0.0"	"0.1"	"0.01"	"0.005"	"0.01"	"100000"	"10000"	"200"	"7935484900023242562"	100000	"intercept"	0.554433895
"0.7"	"0.2"	"0.1"	"0.01"	"0.005"	"0.01"	"100000"	"10000"	"200"	"1694564435786640444"	10	"slope"	-9.697484e-05
"0.7"	"0.2"	"0.1"	"0.01"	"0.005"	"0.01"	"100000"	"10000"	"200"	"1694564435786640444"	10	"intercept"	0.500100205
"0.7"	"0.2"	"0.1"	"0.01"	"0.005"	"0.01"	"100000"	"10000"	"200"	"1694564435786640444"	5000	"slope"	-0.10468891435
"0.7"	"0.2"	"0.1"	"0.01"	"0.005"	"0.01"	"100000"	"10000"	"200"	"1694564435786640444"	5000	"intercept"	0.479621585
"0.7"	"0.2"	"0.1"	"0.01"	"0.005"	"0.01"	"100000"	"10000"	"200"	"1694564435786640444"	10000	"slope"	-0.1084976579
"0.7"	"0.2"	"0.1"	"0.01"	"0.005"	"0.01"	"100000"	"10000"	"200"	"1694564435786640444"	10000	"intercept"	0.490217425
"0.7"	"0.2"	"0.1"	"0.01"	"0.005"	"0.01"	"100000"	"10000"	"200"	"1694564435786640444"	15000	"slope"	-0.1743266355
"0.7"	"0.2"	"0.1"	"0.01"	"0.005"	"0.01"	"100000"	"10000"	"200"	"1694564435786640444"	15000	"intercept"	0.51896696
"0.7"	"0.2"	"0.1"	"0.01"	"0.005"	"0.01"	"100000"	"10000"	"200"	"1694564435786640444"	20000	"slope"	-0.20932374
"0.7"	"0.2"	"0.1"	"0.01"	"0.005"	"0.01"	"100000"	"10000"	"200"	"1694564435786640444"	20000	"intercept"	0.53211827
"0.7"	"0.2"	"0.1"	"0.01"	"0.005"	"0.01"	"100000"	"10000"	"200"	"1694564435786640444"	25000	"slope"	-0.22617598
"0.7"	"0.2"	"0.1"	"0.01"	"0.005"	"0.01"	"100000"	"10000"	"200"	"1694564435786640444"	25000	"intercept"	0.5412676
"0.7"	"0.2"	"0.1"	"0.01"	"0.005"	"0.01"	"100000"	"10000"	"200"	"1694564435786640444"	30000	"slope"	-0.2609048
"0.7"	"0.2"	"0.1"	"0.01"	"0.005"	"0.01"	"100000"	"10000"	"200"	"1694564435786640444"	30000	"intercept"	0.561703955
"0.7"	"0.2"	"0.1"	"0.01"	"0.005"	"0.01"	"100000"	"10000"	"200"	"1694564435786640444"	35000	"slope"	-0.22234073
"0.7"	"0.2"	"0.1"	"0.01"	"0.005"	"0.01"	"100000"	"10000"	"200"	"1694564435786640444"	35000	"intercept"	0.542364285
"0.7"	"0.2"	"0.1"	"0.01"	"0.005"	"0.01"	"100000"	"10000"	"200"	"1694564435786640444"	40000	"slope"	-0.23649082
"0.7"	"0.2"	"0.1"	"0.01"	"0.005"	"0.01"	"100000"	"10000"	"200"	"1694564435786640444"	40000	"intercept"	0.54837188
"0.7"	"0.2"	"0.1"	"0.01"	"0.005"	"0.01"	"100000"	"10000"	"200"	"1694564435786640444"	45000	"slope"	-0.24723765
"0.7"	"0.2"	"0.1"	"0.01"	"0.005"	"0.01"	"100000"	"10000"	"200"	"1694564435786640444"	45000	"intercept"	0.551489995
"0.7"	"0.2"	"0.1"	"0.01"	"0.005"	"0.01"	"100000"	"10000"	"200"	"1694564435786640444"	50000	"slope"	-0.27109255
"0.7"	"0.2"	"0.1"	"0.01"	"0.005"	"0.01"	"100000"	"10000"	"200"	"1694564435786640444"	50000	"intercept"	0.563295935
"0.7"	"0.2"	"0.1"	"0.01"	"0.005"	"0.01"	"100000"	"10000"	"200"	"1694564435786640444"	55000	"slope"	-0.244514395
"0.7"	"0.2"	"0.1"	"0.01"	"0.005"	"0.01"	"100000"	"10000"	"200"	"1694564435786640444"	55000	"intercept"	0.55111754
"0.7"	"0.2"	"0.1"	"0.01"	"0.005"	"0.01"	"100000"	"10000"	"200"	"1694564435786640444"	60000	"slope"	-0.259755595
"0.7"	"0.2"	"0.1"	"0.01"	"0.005"	"0.01"	"100000"	"10000"	"200"	"1694564435786640444"	60000	"intercept"	0.55757414
"0.7"	"0.2"	"0.1"	"0.01"	"0.005"	"0.01"	"100000"	"10000"	"200"	"1694564435786640444"	65000	"slope"	-0.240182645
"0.7"	"0.2"	"0.1"	"0.01"	"0.005"	"0.01"	"100000"	"10000"	"200"	"1694564435786640444"	65000	"intercept"	0.544856355
"0.7"	"0.2"	"0.1"	"0.01"	"0.005"	"0.01"	"100000"	"10000"	"200"	"1694564435786640444"	70000	"slope"	-0.255571895
"0.7"	"0.2"	"0.1"	"0.01"	"0.005"	"0.01"	"100000"	"10000"	"200"	"1694564435786640444"	70000	"intercept"	0.55878014
"0.7"	"0.2"	"0.1"	"0.01"	"0.005"	"0.01"	"100000"	"10000"	"200"	"1694564435786640444"	75000	"slope"	-0.234057145
"0.7"	"0.2"	"0.1"	"0.01"	"0.005"	"0.01"	"100000"	"10000"	"200"	"1694564435786640444"	75000	"intercept"	0.545128195
"0.7"	"0.2"	"0.1"	"0.01"	"0.005"	"0.01"	"100000"	"10000"	"200"	"1694564435786640444"	80000	"slope"	-0.24264938
"0.7"	"0.2"	"0.1"	"0.01"	"0.005"	"0.01"	"100000"	"10000"	"200"	"1694564435786640444"	80000	"intercept"	0.553144605
"0.7"	"0.2"	"0.1"	"0.01"	"0.005"	"0.01"	"100000"	"10000"	"200"	"1694564435786640444"	85000	"slope"	-0.25260402
"0.7"	"0.2"	"0.1"	"0.01"	"0.005"	"0.01"	"100000"	"10000"	"200"	"1694564435786640444"	85000	"intercept"	0.5451792
"0.7"	"0.2"	"0.1"	"0.01"	"0.005"	"0.01"	"100000"	"10000"	"200"	"1694564435786640444"	90000	"slope"	-0.24145697
"0.7"	"0.2"	"0.1"	"0.01"	"0.005"	"0.01"	"100000"	"10000"	"200"	"1694564435786640444"	90000	"intercept"	0.548941995
"0.7"	"0.2"	"0.1"	"0.01"	"0.005"	"0.01"	"100000"	"10000"	"200"	"1694564435786640444"	95000	"slope"	-0.2241161235
"0.7"	"0.2"	"0.1"	"0.01"	"0.005"	"0.01"	"100000"	"10000"	"200"	"1694564435786640444"	95000	"intercept"	0.542772725
"0.7"	"0.2"	"0.1"	"0.01"	"0.005"	"0.01"	"100000"	"10000"	"200"	"1694564435786640444"	100000	"slope"	-0.2115858185
"0.7"	"0.2"	"0.1"	"0.01"	"0.005"	"0.01"	"100000"	"10000"	"200"	"1694564435786640444"	100000	"intercept"	0.533996185
"0.7"	"0.2"	"0.1"	"0.01"	"0.005"	"0.01"	"100000"	"10000"	"200"	"2611450414044657409"	10	"slope"	0.000327397975
"0.7"	"0.2"	"0.1"	"0.01"	"0.005"	"0.01"	"100000"	"10000"	"200"	"2611450414044657409"	10	"intercept"	0.499999785
"0.7"	"0.2"	"0.1"	"0.01"	"0.005"	"0.01"	"100000"	"10000"	"200"	"2611450414044657409"	5000	"slope"	-0.0962158812
"0.7"	"0.2"	"0.1"	"0.01"	"0.005"	"0.01"	"100000"	"10000"	"200"	"2611450414044657409"	5000	"intercept"	0.473837475
"0.7"	"0.2"	"0.1"	"0.01"	"0.005"	"0.01"	"100000"	"10000"	"200"	"2611450414044657409"	10000	"slope"	-0.1635291505
"0.7"	"0.2"	"0.1"	"0.01"	"0.005"	"0.01"	"100000"	"10000"	"200"	"2611450414044657409"	10000	"intercept"	0.50609601
"0.7"	"0.2"	"0.1"	"0.01"	"0.005"	"0.01"	"100000"	"10000"	"200"	"2611450414044657409"	15000	"slope"	-0.21181669
"0.7"	"0.2"	"0.1"	"0.01"	"0.005"	"0.01"	"100000"	"10000"	"200"	"2611450414044657409"	15000	"intercept"	0.536401435
"0.7"	"0.2"	"0.1"	"0.01"	"0.005"	"0.01"	"100000"	"10000"	"200"	"2611450414044657409"	20000	"slope"	-0.24679585
"0.7"	"0.2"	"0.1"	"0.01"	"0.005"	"0.01"	"100000"	"10000"	"200"	"2611450414044657409"	20000	"intercept"	0.55003513
"0.7"	"0.2"	"0.1"	"0.01"	"0.005"	"0.01"	"100000"	"10000"	"200"	"2611450414044657409"	25000	"slope"	-0.22532162
"0.7"	"0.2"	"0.1"	"0.01"	"0.005"	"0.01"	"100000"	"10000"	"200"	"2611450414044657409"	25000	"intercept"	0.531395365
"0.7"	"0.2"	"0.1"	"0.01"	"0.005"	"0.01"	"100000"	"10000"	"200"	"2611450414044657409"	30000	"slope"	-0.242915895
"0.7"	"0.2"	"0.1"	"0.01"	"0.005"	"0.01"	"100000"	"10000"	"200"	"2611450414044657409"	30000	"intercept"	0.546637555
"0.7"	"0.2"	"0.1"	"0.01"	"0.005"	"0.01"	"100000"	"10000"	"200"	"2611450414044657409"	35000	"slope"	-0.2320346995
"0.7"	"0.2"	"0.1"	"0.01"	"0.005"	"0.01"	"100000"	"10000"	"200"	"2611450414044657409"	35000	"intercept"	0.53515653
"0.7"	"0.2"	"0.1"	"0.01"	"0.005"	"0.01"	"100000"	"10000"	"200"	"2611450414044657409"	40000	"slope"	-0.26403784
"0.7"	"0.2"	"0.1"	"0.01"	"0.005"	"0.01"	"100000"	"10000"	"200"	"2611450414044657409"	40000	"intercept"	0.56502468
"0.7"	"0.2"	"0.1"	"0.01"	"0.005"	"0.01"	"100000"	"10000"	"200"	"2611450414044657409"	45000	"slope"	-0.22321448
"0.7"	"0.2"	"0.1"	"0.01"	"0.005"	"0.01"	"100000"	"10000"	"200"	"2611450414044657409"	45000	"intercept"	0.54050731
"0.7"	"0.2"	"0.1"	"0.01"	"0.005"	"0.01"	"100000"	"10000"	"200"	"2611450414044657409"	50000	"slope"	-0.22434629
"0.7"	"0.2"	"0.1"	"0.01"	"0.005"	"0.01"	"100000"	"10000"	"200"	"2611450414044657409"	50000	"intercept"	0.535752005
"0.7"	"0.2"	"0.1"	"0.01"	"0.005"	"0.01"	"100000"	"10000"	"200"	"2611450414044657409"	55000	"slope"	-0.256497145
"0.7"	"0.2"	"0.1"	"0.01"	"0.005"	"0.01"	"100000"	"10000"	"200"	"2611450414044657409"	55000	"intercept"	0.55119716
"0.7"	"0.2"	"0.1"	"0.01"	"0.005"	"0.01"	"100000"	"10000"	"200"	"2611450414044657409"	60000	"slope"	-0.213346145
"0.7"	"0.2"	"0.1"	"0.01"	"0.005"	"0.01"	"100000"	"10000"	"200"	"2611450414044657409"	60000	"intercept"	0.533871475
"0.7"	"0.2"	"0.1"	"0.01"	"0.005"	"0.01"	"100000"	"10000"	"200"	"2611450414044657409"	65000	"slope"	-0.229234415
"0.7"	"0.2"	"0.1"	"0.01"	"0.005"	"0.01"	"100000"	"10000"	"200"	"2611450414044657409"	65000	"intercept"	0.545755975
"0.7"	"0.2"	"0.1"	"0.01"	"0.005"	"0.01"	"100000"	"10000"	"200"	"2611450414044657409"	70000	"slope"	-0.2013231195
"0.7"	"0.2"	"0.1"	"0.01"	"0.005"	"0.01"	"100000"	"10000"	"200"	"2611450414044657409"	70000	"intercept"	0.522643155
"0.7"	"0.2"	"0.1"	"0.01"	"0.005"	"0.01"	"100000"	"10000"	"200"	"2611450414044657409"	75000	"slope"	-0.248793205
"0.7"	"0.2"	"0.1"	"0.01"	"0.005"	"0.01"	"100000"	"10000"	"200"	"2611450414044657409"	75000	"intercept"	0.557709275
"0.7"	"0.2"	"0.1"	"0.01"	"0.005"	"0.01"	"100000"	"10000"	"200"	"2611450414044657409"	80000	"slope"	-0.21255411
"0.7"	"0.2"	"0.1"	"0.01"	"0.005"	"0.01"	"100000"	"10000"	"200"	"2611450414044657409"	80000	"intercept"	0.531896115
"0.7"	"0.2"	"0.1"	"0.01"	"0.005"	"0.01"	"100000"	"10000"	"200"	"2611450414044657409"	85000	"slope"	-0.20375662
"0.7"	"0.2"	"0.1"	"0.01"	"0.005"	"0.01"	"100000"	"10000"	"200"	"2611450414044657409"	85000	"intercept"	0.528157715
"0.7"	"0.2"	"0.1"	"0.01"	"0.005"	"0.01"	"100000"	"10000"	"200"	"2611450414044657409"	90000	"slope"	-0.25223898
"0.7"	"0.2"	"0.1"	"0.01"	"0.005"	"0.01"	"100000"	"10000"	"200"	"2611450414044657409"	90000	"intercept"	0.54909358
"0.7"	"0.2"	"0.1"	"0.01"	"0.005"	"0.01"	"100000"	"10000"	"200"	"2611450414044657409"	95000	"slope"	-0.27392294
"0.7"	"0.2"	"0.1"	"0.01"	"0.005"	"0.01"	"100000"	"10000"	"200"	"2611450414044657409"	95000	"intercept"	0.5639578
"0.7"	"0.2"	"0.1"	"0.01"	"0.005"	"0.01"	"100000"	"10000"	"200"	"2611450414044657409"	100000	"slope"	-0.25926383
"0.7"	"0.2"	"0.1"	"0.01"	"0.005"	"0.01"	"100000"	"10000"	"200"	"2611450414044657409"	100000	"intercept"	0.55916658
"0.7"	"0.2"	"0.1"	"0.01"	"0.005"	"0.01"	"100000"	"10000"	"200"	"3727555475854432907"	10	"slope"	0.000163333065
"0.7"	"0.2"	"0.1"	"0.01"	"0.005"	"0.01"	"100000"	"10000"	"200"	"3727555475854432907"	10	"intercept"	0.49984635
"0.7"	"0.2"	"0.1"	"0.01"	"0.005"	"0.01"	"100000"	"10000"	"200"	"3727555475854432907"	5000	"slope"	-0.063443539
"0.7"	"0.2"	"0.1"	"0.01"	"0.005"	"0.01"	"100000"	"10000"	"200"	"3727555475854432907"	5000	"intercept"	0.462011755
"0.7"	"0.2"	"0.1"	"0.01"	"0.005"	"0.01"	"100000"	"10000"	"200"	"3727555475854432907"	10000	"slope"	-0.106313763
"0.7"	"0.2"	"0.1"	"0.01"	"0.005"	"0.01"	"100000"	"10000"	"200"	"3727555475854432907"	10000	"intercept"	0.48642117
"0.7"	"0.2"	"0.1"	"0.01"	"0.005"	"0.01"	"100000"	"10000"	"200"	"3727555475854432907"	15000	"slope"	-0.2008646215
"0.7"	"0.2"	"0.1"	"0.01"	"0.005"	"0.01"	"100000"	"10000"	"200"	"3727555475854432907"	15000	"intercept"	0.526157115
"0.7"	"0.2"	"0.1"	"0.01"	"0.005"	"0.01"	"100000"	"10000"	"200"	"3727555475854432907"	20000	"slope"	-0.2253738575
"0.7"	"0.2"	"0.1"	"0.01"	"0.005"	"0.01"	"100000"	"10000"	"200"	"3727555475854432907"	20000	"intercept"	0.534066485
"0.7"	"0.2"	"0.1"	"0.01"	"0.005"	"0.01"	"100000"	"10000"	"200"	"3727555475854432907"	25000	"slope"	-0.263122565
"0.7"	"0.2"	"0.1"	"0.01"	"0.005"	"0.01"	"100000"	"10000"	"200"	"3727555475854432907"	25000	"intercept"	0.56184124
"0.7"	"0.2"	"0.1"	"0.01"	"0.005"	"0.01"	"100000"	"10000"	"200"	"3727555475854432907"	30000	"slope"	-0.225557693
"0.7"	"0.2"	"0.1"	"0.01"	"0.005"	"0.01"	"100000"	"10000"	"200"	"3727555475854432907"	30000	"intercept"	0.539605475
"0.7"	"0.2"	"0.1"	"0.01"	"0.005"	"0.01"	"100000"	"10000"	"200"	"3727555475854432907"	35000	"slope"	-0.244644855
"0.7"	"0.2"	"0.1"	"0.01"	"0.005"	"0.01"	"100000"	"10000"	"200"	"3727555475854432907"	35000	"intercept"	0.54495479
"0.7"	"0.2"	"0.1"	"0.01"	"0.005"	"0.01"	"100000"	"10000"	"200"	"3727555475854432907"	40000	"slope"	-0.240312066
"0.7"	"0.2"	"0.1"	"0.01"	"0.005"	"0.01"	"100000"	"10000"	"200"	"3727555475854432907"	40000	"intercept"	0.547128725
"0.7"	"0.2"	"0.1"	"0.01"	"0.005"	"0.01"	"100000"	"10000"	"200"	"3727555475854432907"	45000	"slope"	-0.242405985
"0.7"	"0.2"	"0.1"	"0.01"	"0.005"	"0.01"	"100000"	"10000"	"200"	"3727555475854432907"	45000	"intercept"	0.553551025
"0.7"	"0.2"	"0.1"	"0.01"	"0.005"	"0.01"	"100000"	"10000"	"200"	"3727555475854432907"	50000	"slope"	-0.259439585
"0.7"	"0.2"	"0.1"	"0.01"	"0.005"	"0.01"	"100000"	"10000"	"200"	"3727555475854432907"	50000	"intercept"	0.55419619
"0.7"	"0.2"	"0.1"	"0.01"	"0.005"	"0.01"	"100000"	"10000"	"200"	"3727555475854432907"	55000	"slope"	-0.270467975
"0.7"	"0.2"	"0.1"	"0.01"	"0.005"	"0.01"	"100000"	"10000"	"200"	"3727555475854432907"	55000	"intercept"	0.57239931
"0.7"	"0.2"	"0.1"	"0.01"	"0.005"	"0.01"	"100000"	"10000"	"200"	"3727555475854432907"	60000	"slope"	-0.219429945
"0.7"	"0.2"	"0.1"	"0.01"	"0.005"	"0.01"	"100000"	"10000"	"200"	"3727555475854432907"	60000	"intercept"	0.53331091
"0.7"	"0.2"	"0.1"	"0.01"	"0.005"	"0.01"	"100000"	"10000"	"200"	"3727555475854432907"	65000	"slope"	-0.228727775
"0.7"	"0.2"	"0.1"	"0.01"	"0.005"	"0.01"	"100000"	"10000"	"200"	"3727555475854432907"	65000	"intercept"	0.541899515
"0.7"	"0.2"	"0.1"	"0.01"	"0.005"	"0.01"	"100000"	"10000"	"200"	"3727555475854432907"	70000	"slope"	-0.230895025
"0.7"	"0.2"	"0.1"	"0.01"	"0.005"	"0.01"	"100000"	"10000"	"200"	"3727555475854432907"	70000	"intercept"	0.543951195
"0.7"	"0.2"	"0.1"	"0.01"	"0.005"	"0.01"	"100000"	"10000"	"200"	"3727555475854432907"	75000	"slope"	-0.24901675
"0.7"	"0.2"	"0.1"	"0.01"	"0.005"	"0.01"	"100000"	"10000"	"200"	"3727555475854432907"	75000	"intercept"	0.552345
"0.7"	"0.2"	"0.1"	"0.01"	"0.005"	"0.01"	"100000"	"10000"	"200"	"3727555475854432907"	80000	"slope"	-0.271580795
"0.7"	"0.2"	"0.1"	"0.01"	"0.005"	"0.01"	"100000"	"10000"	"200"	"3727555475854432907"	80000	"intercept"	0.56373153
"0.7"	"0.2"	"0.1"	"0.01"	"0.005"	"0.01"	"100000"	"10000"	"200"	"3727555475854432907"	85000	"slope"	-0.249428505
"0.7"	"0.2"	"0.1"	"0.01"	"0.005"	"0.01"	"100000"	"10000"	"200"	"3727555475854432907"	85000	"intercept"	0.55141017
"0.7"	"0.2"	"0.1"	"0.01"	"0.005"	"0.01"	"100000"	"10000"	"200"	"3727555475854432907"	90000	"slope"	-0.236988825
"0.7"	"0.2"	"0.1"	"0.01"	"0.005"	"0.01"	"100000"	"10000"	"200"	"3727555475854432907"	90000	"intercept"	0.551866375
"0.7"	"0.2"	"0.1"	"0.01"	"0.005"	"0.01"	"100000"	"10000"	"200"	"3727555475854432907"	95000	"slope"	-0.23982928
"0.7"	"0.2"	"0.1"	"0.01"	"0.005"	"0.01"	"100000"	"10000"	"200"	"3727555475854432907"	95000	"intercept"	0.54899242
"0.7"	"0.2"	"0.1"	"0.01"	"0.005"	"0.01"	"100000"	"10000"	"200"	"3727555475854432907"	100000	"slope"	-0.2292867185
"0.7"	"0.2"	"0.1"	"0.01"	"0.005"	"0.01"	"100000"	"10000"	"200"	"3727555475854432907"	100000	"intercept"	0.541018995
"0.7"	"0.2"	"0.1"	"0.01"	"0.005"	"0.01"	"100000"	"10000"	"200"	"6510662567770989854"	10	"slope"	-7.664922e-05
"0.7"	"0.2"	"0.1"	"0.01"	"0.005"	"0.01"	"100000"	"10000"	"200"	"6510662567770989854"	10	"intercept"	0.49990942
"0.7"	"0.2"	"0.1"	"0.01"	"0.005"	"0.01"	"100000"	"10000"	"200"	"6510662567770989854"	5000	"slope"	-0.116206526
"0.7"	"0.2"	"0.1"	"0.01"	"0.005"	"0.01"	"100000"	"10000"	"200"	"6510662567770989854"	5000	"intercept"	0.486443155
"0.7"	"0.2"	"0.1"	"0.01"	"0.005"	"0.01"	"100000"	"10000"	"200"	"6510662567770989854"	10000	"slope"	-0.1442170025
"0.7"	"0.2"	"0.1"	"0.01"	"0.005"	"0.01"	"100000"	"10000"	"200"	"6510662567770989854"	10000	"intercept"	0.506351635
"0.7"	"0.2"	"0.1"	"0.01"	"0.005"	"0.01"	"100000"	"10000"	"200"	"6510662567770989854"	15000	"slope"	-0.213266921
"0.7"	"0.2"	"0.1"	"0.01"	"0.005"	"0.01"	"100000"	"10000"	"200"	"6510662567770989854"	15000	"intercept"	0.54059382
"0.7"	"0.2"	"0.1"	"0.01"	"0.005"	"0.01"	"100000"	"10000"	"200"	"6510662567770989854"	20000	"slope"	-0.22177621
"0.7"	"0.2"	"0.1"	"0.01"	"0.005"	"0.01"	"100000"	"10000"	"200"	"6510662567770989854"	20000	"intercept"	0.536680885
"0.7"	"0.2"	"0.1"	"0.01"	"0.005"	"0.01"	"100000"	"10000"	"200"	"6510662567770989854"	25000	"slope"	-0.24661591
"0.7"	"0.2"	"0.1"	"0.01"	"0.005"	"0.01"	"100000"	"10000"	"200"	"6510662567770989854"	25000	"intercept"	0.552237195
"0.7"	"0.2"	"0.1"	"0.01"	"0.005"	"0.01"	"100000"	"10000"	"200"	"6510662567770989854"	30000	"slope"	-0.24646639
"0.7"	"0.2"	"0.1"	"0.01"	"0.005"	"0.01"	"100000"	"10000"	"200"	"6510662567770989854"	30000	"intercept"	0.550100055
"0.7"	"0.2"	"0.1"	"0.01"	"0.005"	"0.01"	"100000"	"10000"	"200"	"6510662567770989854"	35000	"slope"	-0.248166855
"0.7"	"0.2"	"0.1"	"0.01"	"0.005"	"0.01"	"100000"	"10000"	"200"	"6510662567770989854"	35000	"intercept"	0.543602285
"0.7"	"0.2"	"0.1"	"0.01"	"0.005"	"0.01"	"100000"	"10000"	"200"	"6510662567770989854"	40000	"slope"	-0.23149226
"0.7"	"0.2"	"0.1"	"0.01"	"0.005"	"0.01"	"100000"	"10000"	"200"	"6510662567770989854"	40000	"intercept"	0.54799605
"0.7"	"0.2"	"0.1"	"0.01"	"0.005"	"0.01"	"100000"	"10000"	"200"	"6510662567770989854"	45000	"slope"	-0.227349405
"0.7"	"0.2"	"0.1"	"0.01"	"0.005"	"0.01"	"100000"	"10000"	"200"	"6510662567770989854"	45000	"intercept"	0.543575745
"0.7"	"0.2"	"0.1"	"0.01"	"0.005"	"0.01"	"100000"	"10000"	"200"	"6510662567770989854"	50000	"slope"	-0.228465295
"0.7"	"0.2"	"0.1"	"0.01"	"0.005"	"0.01"	"100000"	"10000"	"200"	"6510662567770989854"	50000	"intercept"	0.54028035
"0.7"	"0.2"	"0.1"	"0.01"	"0.005"	"0.01"	"100000"	"10000"	"200"	"6510662567770989854"	55000	"slope"	-0.21958561
"0.7"	"0.2"	"0.1"	"0.01"	"0.005"	"0.01"	"100000"	"10000"	"200"	"6510662567770989854"	55000	"intercept"	0.531896885
"0.7"	"0.2"	"0.1"	"0.01"	"0.005"	"0.01"	"100000"	"10000"	"200"	"6510662567770989854"	60000	"slope"	-0.241980092
"0.7"	"0.2"	"0.1"	"0.01"	"0.005"	"0.01"	"100000"	"10000"	"200"	"6510662567770989854"	60000	"intercept"	0.548900015
"0.7"	"0.2"	"0.1"	"0.01"	"0.005"	"0.01"	"100000"	"10000"	"200"	"6510662567770989854"	65000	"slope"	-0.28773698
"0.7"	"0.2"	"0.1"	"0.01"	"0.005"	"0.01"	"100000"	"10000"	"200"	"6510662567770989854"	65000	"intercept"	0.57970234
"0.7"	"0.2"	"0.1"	"0.01"	"0.005"	"0.01"	"100000"	"10000"	"200"	"6510662567770989854"	70000	"slope"	-0.27629276
"0.7"	"0.2"	"0.1"	"0.01"	"0.005"	"0.01"	"100000"	"10000"	"200"	"6510662567770989854"	70000	"intercept"	0.56809503
"0.7"	"0.2"	"0.1"	"0.01"	"0.005"	"0.01"	"100000"	"10000"	"200"	"6510662567770989854"	75000	"slope"	-0.253290865
"0.7"	"0.2"	"0.1"	"0.01"	"0.005"	"0.01"	"100000"	"10000"	"200"	"6510662567770989854"	75000	"intercept"	0.55245738
"0.7"	"0.2"	"0.1"	"0.01"	"0.005"	"0.01"	"100000"	"10000"	"200"	"6510662567770989854"	80000	"slope"	-0.23066542
"0.7"	"0.2"	"0.1"	"0.01"	"0.005"	"0.01"	"100000"	"10000"	"200"	"6510662567770989854"	80000	"intercept"	0.547615195
"0.7"	"0.2"	"0.1"	"0.01"	"0.005"	"0.01"	"100000"	"10000"	"200"	"6510662567770989854"	85000	"slope"	-0.249962375
"0.7"	"0.2"	"0.1"	"0.01"	"0.005"	"0.01"	"100000"	"10000"	"200"	"6510662567770989854"	85000	"intercept"	0.55624057
"0.7"	"0.2"	"0.1"	"0.01"	"0.005"	"0.01"	"100000"	"10000"	"200"	"6510662567770989854"	90000	"slope"	-0.252103595
"0.7"	"0.2"	"0.1"	"0.01"	"0.005"	"0.01"	"100000"	"10000"	"200"	"6510662567770989854"	90000	"intercept"	0.55400112
"0.7"	"0.2"	"0.1"	"0.01"	"0.005"	"0.01"	"100000"	"10000"	"200"	"6510662567770989854"	95000	"slope"	-0.248567265
"0.7"	"0.2"	"0.1"	"0.01"	"0.005"	"0.01"	"100000"	"10000"	"200"	"6510662567770989854"	95000	"intercept"	0.55420765
"0.7"	"0.2"	"0.1"	"0.01"	"0.005"	"0.01"	"100000"	"10000"	"200"	"6510662567770989854"	100000	"slope"	-0.27323831
"0.7"	"0.2"	"0.1"	"0.01"	"0.005"	"0.01"	"100000"	"10000"	"200"	"6510662567770989854"	100000	"intercept"	0.562705815
"0.7"	"0.2"	"0.1"	"0.01"	"0.005"	"0.01"	"100000"	"10000"	"200"	"7266226117925002272"	10	"slope"	0.0001824907
"0.7"	"0.2"	"0.1"	"0.01"	"0.005"	"0.01"	"100000"	"10000"	"200"	"7266226117925002272"	10	"intercept"	0.499831355
"0.7"	"0.2"	"0.1"	"0.01"	"0.005"	"0.01"	"100000"	"10000"	"200"	"7266226117925002272"	5000	"slope"	-0.07401878935
"0.7"	"0.2"	"0.1"	"0.01"	"0.005"	"0.01"	"100000"	"10000"	"200"	"7266226117925002272"	5000	"intercept"	0.474291065
"0.7"	"0.2"	"0.1"	"0.01"	"0.005"	"0.01"	"100000"	"10000"	"200"	"7266226117925002272"	10000	"slope"	-0.150766857
"0.7"	"0.2"	"0.1"	"0.01"	"0.005"	"0.01"	"100000"	"10000"	"200"	"7266226117925002272"	10000	"intercept"	0.501792575
"0.7"	"0.2"	"0.1"	"0.01"	"0.005"	"0.01"	"100000"	"10000"	"200"	"7266226117925002272"	15000	"slope"	-0.20516524
"0.7"	"0.2"	"0.1"	"0.01"	"0.005"	"0.01"	"100000"	"10000"	"200"	"7266226117925002272"	15000	"intercept"	0.529299
"0.7"	"0.2"	"0.1"	"0.01"	"0.005"	"0.01"	"100000"	"10000"	"200"	"7266226117925002272"	20000	"slope"	-0.211917955
"0.7"	"0.2"	"0.1"	"0.01"	"0.005"	"0.01"	"100000"	"10000"	"200"	"7266226117925002272"	20000	"intercept"	0.528630255
"0.7"	"0.2"	"0.1"	"0.01"	"0.005"	"0.01"	"100000"	"10000"	"200"	"7266226117925002272"	25000	"slope"	-0.24239006
"0.7"	"0.2"	"0.1"	"0.01"	"0.005"	"0.01"	"100000"	"10000"	"200"	"7266226117925002272"	25000	"intercept"	0.541588885
"0.7"	"0.2"	"0.1"	"0.01"	"0.005"	"0.01"	"100000"	"10000"	"200"	"7266226117925002272"	30000	"slope"	-0.22733585
"0.7"	"0.2"	"0.1"	"0.01"	"0.005"	"0.01"	"100000"	"10000"	"200"	"7266226117925002272"	30000	"intercept"	0.537998575
"0.7"	"0.2"	"0.1"	"0.01"	"0.005"	"0.01"	"100000"	"10000"	"200"	"7266226117925002272"	35000	"slope"	-0.19539139
"0.7"	"0.2"	"0.1"	"0.01"	"0.005"	"0.01"	"100000"	"10000"	"200"	"7266226117925002272"	35000	"intercept"	0.523643965
"0.7"	"0.2"	"0.1"	"0.01"	"0.005"	"0.01"	"100000"	"10000"	"200"	"7266226117925002272"	40000	"slope"	-0.196640035
"0.7"	"0.2"	"0.1"	"0.01"	"0.005"	"0.01"	"100000"	"10000"	"200"	"7266226117925002272"	40000	"intercept"	0.524839485
"0.7"	"0.2"	"0.1"	"0.01"	"0.005"	"0.01"	"100000"	"10000"	"200"	"7266226117925002272"	45000	"slope"	-0.1983338025
"0.7"	"0.2"	"0.1"	"0.01"	"0.005"	"0.01"	"100000"	"10000"	"200"	"7266226117925002272"	45000	"intercept"	0.53805516
"0.7"	"0.2"	"0.1"	"0.01"	"0.005"	"0.01"	"100000"	"10000"	"200"	"7266226117925002272"	50000	"slope"	-0.20527663
"0.7"	"0.2"	"0.1"	"0.01"	"0.005"	"0.01"	"100000"	"10000"	"200"	"7266226117925002272"	50000	"intercept"	0.53132753
"0.7"	"0.2"	"0.1"	"0.01"	"0.005"	"0.01"	"100000"	"10000"	"200"	"7266226117925002272"	55000	"slope"	-0.220034355
"0.7"	"0.2"	"0.1"	"0.01"	"0.005"	"0.01"	"100000"	"10000"	"200"	"7266226117925002272"	55000	"intercept"	0.544000365
"0.7"	"0.2"	"0.1"	"0.01"	"0.005"	"0.01"	"100000"	"10000"	"200"	"7266226117925002272"	60000	"slope"	-0.217957365
"0.7"	"0.2"	"0.1"	"0.01"	"0.005"	"0.01"	"100000"	"10000"	"200"	"7266226117925002272"	60000	"intercept"	0.52717738
"0.7"	"0.2"	"0.1"	"0.01"	"0.005"	"0.01"	"100000"	"10000"	"200"	"7266226117925002272"	65000	"slope"	-0.225138635
"0.7"	"0.2"	"0.1"	"0.01"	"0.005"	"0.01"	"100000"	"10000"	"200"	"7266226117925002272"	65000	"intercept"	0.54005198
"0.7"	"0.2"	"0.1"	"0.01"	"0.005"	"0.01"	"100000"	"10000"	"200"	"7266226117925002272"	70000	"slope"	-0.219882005
"0.7"	"0.2"	"0.1"	"0.01"	"0.005"	"0.01"	"100000"	"10000"	"200"	"7266226117925002272"	70000	"intercept"	0.538965115
"0.7"	"0.2"	"0.1"	"0.01"	"0.005"	"0.01"	"100000"	"10000"	"200"	"7266226117925002272"	75000	"slope"	-0.217227515
"0.7"	"0.2"	"0.1"	"0.01"	"0.005"	"0.01"	"100000"	"10000"	"200"	"7266226117925002272"	75000	"intercept"	0.540055555
"0.7"	"0.2"	"0.1"	"0.01"	"0.005"	"0.01"	"100000"	"10000"	"200"	"7266226117925002272"	80000	"slope"	-0.218476915
"0.7"	"0.2"	"0.1"	"0.01"	"0.005"	"0.01"	"100000"	"10000"	"200"	"7266226117925002272"	80000	"intercept"	0.533460495
"0.7"	"0.2"	"0.1"	"0.01"	"0.005"	"0.01"	"100000"	"10000"	"200"	"7266226117925002272"	85000	"slope"	-0.223403995
"0.7"	"0.2"	"0.1"	"0.01"	"0.005"	"0.01"	"100000"	"10000"	"200"	"7266226117925002272"	85000	"intercept"	0.53422739
"0.7"	"0.2"	"0.1"	"0.01"	"0.005"	"0.01"	"100000"	"10000"	"200"	"7266226117925002272"	90000	"slope"	-0.25783316
"0.7"	"0.2"	"0.1"	"0.01"	"0.005"	"0.01"	"100000"	"10000"	"200"	"7266226117925002272"	90000	"intercept"	0.549452515
"0.7"	"0.2"	"0.1"	"0.01"	"0.005"	"0.01"	"100000"	"10000"	"200"	"7266226117925002272"	95000	"slope"	-0.254833765
"0.7"	"0.2"	"0.1"	"0.01"	"0.005"	"0.01"	"100000"	"10000"	"200"	"7266226117925002272"	95000	"intercept"	0.546545175
"0.7"	"0.2"	"0.1"	"0.01"	"0.005"	"0.01"	"100000"	"10000"	"200"	"7266226117925002272"	100000	"slope"	-0.271531905
"0.7"	"0.2"	"0.1"	"0.01"	"0.005"	"0.01"	"100000"	"10000"	"200"	"7266226117925002272"	100000	"intercept"	0.562180095
"0.7"	"0.4"	"0.1"	"0.01"	"0.005"	"0.01"	"100000"	"10000"	"200"	"1291043792510814627"	10	"slope"	0.00018601885
"0.7"	"0.4"	"0.1"	"0.01"	"0.005"	"0.01"	"100000"	"10000"	"200"	"1291043792510814627"	10	"intercept"	0.49973812
"0.7"	"0.4"	"0.1"	"0.01"	"0.005"	"0.01"	"100000"	"10000"	"200"	"1291043792510814627"	5000	"slope"	-0.10678167226
"0.7"	"0.4"	"0.1"	"0.01"	"0.005"	"0.01"	"100000"	"10000"	"200"	"1291043792510814627"	5000	"intercept"	0.44209664
"0.7"	"0.4"	"0.1"	"0.01"	"0.005"	"0.01"	"100000"	"10000"	"200"	"1291043792510814627"	10000	"slope"	-0.190487975
"0.7"	"0.4"	"0.1"	"0.01"	"0.005"	"0.01"	"100000"	"10000"	"200"	"1291043792510814627"	10000	"intercept"	0.48194234
"0.7"	"0.4"	"0.1"	"0.01"	"0.005"	"0.01"	"100000"	"10000"	"200"	"1291043792510814627"	15000	"slope"	-0.23981802
"0.7"	"0.4"	"0.1"	"0.01"	"0.005"	"0.01"	"100000"	"10000"	"200"	"1291043792510814627"	15000	"intercept"	0.516519915
"0.7"	"0.4"	"0.1"	"0.01"	"0.005"	"0.01"	"100000"	"10000"	"200"	"1291043792510814627"	20000	"slope"	-0.27706325
"0.7"	"0.4"	"0.1"	"0.01"	"0.005"	"0.01"	"100000"	"10000"	"200"	"1291043792510814627"	20000	"intercept"	0.532005935
"0.7"	"0.4"	"0.1"	"0.01"	"0.005"	"0.01"	"100000"	"10000"	"200"	"1291043792510814627"	25000	"slope"	-0.283448015
"0.7"	"0.4"	"0.1"	"0.01"	"0.005"	"0.01"	"100000"	"10000"	"200"	"1291043792510814627"	25000	"intercept"	0.527351915
"0.7"	"0.4"	"0.1"	"0.01"	"0.005"	"0.01"	"100000"	"10000"	"200"	"1291043792510814627"	30000	"slope"	-0.28686658
"0.7"	"0.4"	"0.1"	"0.01"	"0.005"	"0.01"	"100000"	"10000"	"200"	"1291043792510814627"	30000	"intercept"	0.53735862
"0.7"	"0.4"	"0.1"	"0.01"	"0.005"	"0.01"	"100000"	"10000"	"200"	"1291043792510814627"	35000	"slope"	-0.323774445
"0.7"	"0.4"	"0.1"	"0.01"	"0.005"	"0.01"	"100000"	"10000"	"200"	"1291043792510814627"	35000	"intercept"	0.54918246
"0.7"	"0.4"	"0.1"	"0.01"	"0.005"	"0.01"	"100000"	"10000"	"200"	"1291043792510814627"	40000	"slope"	-0.272917645
"0.7"	"0.4"	"0.1"	"0.01"	"0.005"	"0.01"	"100000"	"10000"	"200"	"1291043792510814627"	40000	"intercept"	0.53283784
"0.7"	"0.4"	"0.1"	"0.01"	"0.005"	"0.01"	"100000"	"10000"	"200"	"1291043792510814627"	45000	"slope"	-0.295270155
"0.7"	"0.4"	"0.1"	"0.01"	"0.005"	"0.01"	"100000"	"10000"	"200"	"1291043792510814627"	45000	"intercept"	0.52716802
"0.7"	"0.4"	"0.1"	"0.01"	"0.005"	"0.01"	"100000"	"10000"	"200"	"1291043792510814627"	50000	"slope"	-0.31221195
"0.7"	"0.4"	"0.1"	"0.01"	"0.005"	"0.01"	"100000"	"10000"	"200"	"1291043792510814627"	50000	"intercept"	0.54970054
"0.7"	"0.4"	"0.1"	"0.01"	"0.005"	"0.01"	"100000"	"10000"	"200"	"1291043792510814627"	55000	"slope"	-0.306059335
"0.7"	"0.4"	"0.1"	"0.01"	"0.005"	"0.01"	"100000"	"10000"	"200"	"1291043792510814627"	55000	"intercept"	0.542671485
"0.7"	"0.4"	"0.1"	"0.01"	"0.005"	"0.01"	"100000"	"10000"	"200"	"1291043792510814627"	60000	"slope"	-0.2766729
"0.7"	"0.4"	"0.1"	"0.01"	"0.005"	"0.01"	"100000"	"10000"	"200"	"1291043792510814627"	60000	"intercept"	0.528562715
"0.7"	"0.4"	"0.1"	"0.01"	"0.005"	"0.01"	"100000"	"10000"	"200"	"1291043792510814627"	65000	"slope"	-0.309641265
"0.7"	"0.4"	"0.1"	"0.01"	"0.005"	"0.01"	"100000"	"10000"	"200"	"1291043792510814627"	65000	"intercept"	0.54965921
"0.7"	"0.4"	"0.1"	"0.01"	"0.005"	"0.01"	"100000"	"10000"	"200"	"1291043792510814627"	70000	"slope"	-0.3260947
"0.7"	"0.4"	"0.1"	"0.01"	"0.005"	"0.01"	"100000"	"10000"	"200"	"1291043792510814627"	70000	"intercept"	0.562017485
"0.7"	"0.4"	"0.1"	"0.01"	"0.005"	"0.01"	"100000"	"10000"	"200"	"1291043792510814627"	75000	"slope"	-0.32606683
"0.7"	"0.4"	"0.1"	"0.01"	"0.005"	"0.01"	"100000"	"10000"	"200"	"1291043792510814627"	75000	"intercept"	0.55714075
"0.7"	"0.4"	"0.1"	"0.01"	"0.005"	"0.01"	"100000"	"10000"	"200"	"1291043792510814627"	80000	"slope"	-0.322612155
"0.7"	"0.4"	"0.1"	"0.01"	"0.005"	"0.01"	"100000"	"10000"	"200"	"1291043792510814627"	80000	"intercept"	0.554713945
"0.7"	"0.4"	"0.1"	"0.01"	"0.005"	"0.01"	"100000"	"10000"	"200"	"1291043792510814627"	85000	"slope"	-0.296423115
"0.7"	"0.4"	"0.1"	"0.01"	"0.005"	"0.01"	"100000"	"10000"	"200"	"1291043792510814627"	85000	"intercept"	0.53968456
"0.7"	"0.4"	"0.1"	"0.01"	"0.005"	"0.01"	"100000"	"10000"	"200"	"1291043792510814627"	90000	"slope"	-0.309285305
"0.7"	"0.4"	"0.1"	"0.01"	"0.005"	"0.01"	"100000"	"10000"	"200"	"1291043792510814627"	90000	"intercept"	0.53456645
"0.7"	"0.4"	"0.1"	"0.01"	"0.005"	"0.01"	"100000"	"10000"	"200"	"1291043792510814627"	95000	"slope"	-0.306598125
"0.7"	"0.4"	"0.1"	"0.01"	"0.005"	"0.01"	"100000"	"10000"	"200"	"1291043792510814627"	95000	"intercept"	0.549673075
"0.7"	"0.4"	"0.1"	"0.01"	"0.005"	"0.01"	"100000"	"10000"	"200"	"1291043792510814627"	100000	"slope"	-0.331528645
"0.7"	"0.4"	"0.1"	"0.01"	"0.005"	"0.01"	"100000"	"10000"	"200"	"1291043792510814627"	100000	"intercept"	0.56680113
"0.7"	"0.4"	"0.1"	"0.01"	"0.005"	"0.01"	"100000"	"10000"	"200"	"1899603836342822428"	10	"slope"	-0.00021389157
"0.7"	"0.4"	"0.1"	"0.01"	"0.005"	"0.01"	"100000"	"10000"	"200"	"1899603836342822428"	10	"intercept"	0.500102505
"0.7"	"0.4"	"0.1"	"0.01"	"0.005"	"0.01"	"100000"	"10000"	"200"	"1899603836342822428"	5000	"slope"	-0.1165258565
"0.7"	"0.4"	"0.1"	"0.01"	"0.005"	"0.01"	"100000"	"10000"	"200"	"1899603836342822428"	5000	"intercept"	0.45226896
"0.7"	"0.4"	"0.1"	"0.01"	"0.005"	"0.01"	"100000"	"10000"	"200"	"1899603836342822428"	10000	"slope"	-0.224723796
"0.7"	"0.4"	"0.1"	"0.01"	"0.005"	"0.01"	"100000"	"10000"	"200"	"1899603836342822428"	10000	"intercept"	0.49831513
"0.7"	"0.4"	"0.1"	"0.01"	"0.005"	"0.01"	"100000"	"10000"	"200"	"1899603836342822428"	15000	"slope"	-0.289630765
"0.7"	"0.4"	"0.1"	"0.01"	"0.005"	"0.01"	"100000"	"10000"	"200"	"1899603836342822428"	15000	"intercept"	0.538614285
"0.7"	"0.4"	"0.1"	"0.01"	"0.005"	"0.01"	"100000"	"10000"	"200"	"1899603836342822428"	20000	"slope"	-0.296598365
"0.7"	"0.4"	"0.1"	"0.01"	"0.005"	"0.01"	"100000"	"10000"	"200"	"1899603836342822428"	20000	"intercept"	0.536727795
"0.7"	"0.4"	"0.1"	"0.01"	"0.005"	"0.01"	"100000"	"10000"	"200"	"1899603836342822428"	25000	"slope"	-0.298519915
"0.7"	"0.4"	"0.1"	"0.01"	"0.005"	"0.01"	"100000"	"10000"	"200"	"1899603836342822428"	25000	"intercept"	0.5499589
"0.7"	"0.4"	"0.1"	"0.01"	"0.005"	"0.01"	"100000"	"10000"	"200"	"1899603836342822428"	30000	"slope"	-0.270442905
"0.7"	"0.4"	"0.1"	"0.01"	"0.005"	"0.01"	"100000"	"10000"	"200"	"1899603836342822428"	30000	"intercept"	0.52311826
"0.7"	"0.4"	"0.1"	"0.01"	"0.005"	"0.01"	"100000"	"10000"	"200"	"1899603836342822428"	35000	"slope"	-0.321517475
"0.7"	"0.4"	"0.1"	"0.01"	"0.005"	"0.01"	"100000"	"10000"	"200"	"1899603836342822428"	35000	"intercept"	0.549514265
"0.7"	"0.4"	"0.1"	"0.01"	"0.005"	"0.01"	"100000"	"10000"	"200"	"1899603836342822428"	40000	"slope"	-0.296554845
"0.7"	"0.4"	"0.1"	"0.01"	"0.005"	"0.01"	"100000"	"10000"	"200"	"1899603836342822428"	40000	"intercept"	0.543570845
"0.7"	"0.4"	"0.1"	"0.01"	"0.005"	"0.01"	"100000"	"10000"	"200"	"1899603836342822428"	45000	"slope"	-0.31471271
"0.7"	"0.4"	"0.1"	"0.01"	"0.005"	"0.01"	"100000"	"10000"	"200"	"1899603836342822428"	45000	"intercept"	0.554110235
"0.7"	"0.4"	"0.1"	"0.01"	"0.005"	"0.01"	"100000"	"10000"	"200"	"1899603836342822428"	50000	"slope"	-0.324154765
"0.7"	"0.4"	"0.1"	"0.01"	"0.005"	"0.01"	"100000"	"10000"	"200"	"1899603836342822428"	50000	"intercept"	0.55183996
"0.7"	"0.4"	"0.1"	"0.01"	"0.005"	"0.01"	"100000"	"10000"	"200"	"1899603836342822428"	55000	"slope"	-0.317028755
"0.7"	"0.4"	"0.1"	"0.01"	"0.005"	"0.01"	"100000"	"10000"	"200"	"1899603836342822428"	55000	"intercept"	0.55124274
"0.7"	"0.4"	"0.1"	"0.01"	"0.005"	"0.01"	"100000"	"10000"	"200"	"1899603836342822428"	60000	"slope"	-0.280330335
"0.7"	"0.4"	"0.1"	"0.01"	"0.005"	"0.01"	"100000"	"10000"	"200"	"1899603836342822428"	60000	"intercept"	0.535067445
"0.7"	"0.4"	"0.1"	"0.01"	"0.005"	"0.01"	"100000"	"10000"	"200"	"1899603836342822428"	65000	"slope"	-0.28133127
"0.7"	"0.4"	"0.1"	"0.01"	"0.005"	"0.01"	"100000"	"10000"	"200"	"1899603836342822428"	65000	"intercept"	0.531067875
"0.7"	"0.4"	"0.1"	"0.01"	"0.005"	"0.01"	"100000"	"10000"	"200"	"1899603836342822428"	70000	"slope"	-0.2946892
"0.7"	"0.4"	"0.1"	"0.01"	"0.005"	"0.01"	"100000"	"10000"	"200"	"1899603836342822428"	70000	"intercept"	0.543203455
"0.7"	"0.4"	"0.1"	"0.01"	"0.005"	"0.01"	"100000"	"10000"	"200"	"1899603836342822428"	75000	"slope"	-0.29541178
"0.7"	"0.4"	"0.1"	"0.01"	"0.005"	"0.01"	"100000"	"10000"	"200"	"1899603836342822428"	75000	"intercept"	0.54033275
"0.7"	"0.4"	"0.1"	"0.01"	"0.005"	"0.01"	"100000"	"10000"	"200"	"1899603836342822428"	80000	"slope"	-0.286456825
"0.7"	"0.4"	"0.1"	"0.01"	"0.005"	"0.01"	"100000"	"10000"	"200"	"1899603836342822428"	80000	"intercept"	0.53612314
"0.7"	"0.4"	"0.1"	"0.01"	"0.005"	"0.01"	"100000"	"10000"	"200"	"1899603836342822428"	85000	"slope"	-0.27654254
"0.7"	"0.4"	"0.1"	"0.01"	"0.005"	"0.01"	"100000"	"10000"	"200"	"1899603836342822428"	85000	"intercept"	0.52870778
"0.7"	"0.4"	"0.1"	"0.01"	"0.005"	"0.01"	"100000"	"10000"	"200"	"1899603836342822428"	90000	"slope"	-0.289028915
"0.7"	"0.4"	"0.1"	"0.01"	"0.005"	"0.01"	"100000"	"10000"	"200"	"1899603836342822428"	90000	"intercept"	0.53096741
"0.7"	"0.4"	"0.1"	"0.01"	"0.005"	"0.01"	"100000"	"10000"	"200"	"1899603836342822428"	95000	"slope"	-0.31429633
"0.7"	"0.4"	"0.1"	"0.01"	"0.005"	"0.01"	"100000"	"10000"	"200"	"1899603836342822428"	95000	"intercept"	0.54904187
"0.7"	"0.4"	"0.1"	"0.01"	"0.005"	"0.01"	"100000"	"10000"	"200"	"1899603836342822428"	100000	"slope"	-0.3026899
"0.7"	"0.4"	"0.1"	"0.01"	"0.005"	"0.01"	"100000"	"10000"	"200"	"1899603836342822428"	100000	"intercept"	0.537549205
"0.7"	"0.4"	"0.1"	"0.01"	"0.005"	"0.01"	"100000"	"10000"	"200"	"1986992716855346307"	10	"slope"	3.6143125e-05
"0.7"	"0.4"	"0.1"	"0.01"	"0.005"	"0.01"	"100000"	"10000"	"200"	"1986992716855346307"	10	"intercept"	0.500095525
"0.7"	"0.4"	"0.1"	"0.01"	"0.005"	"0.01"	"100000"	"10000"	"200"	"1986992716855346307"	5000	"slope"	-0.07786067617
"0.7"	"0.4"	"0.1"	"0.01"	"0.005"	"0.01"	"100000"	"10000"	"200"	"1986992716855346307"	5000	"intercept"	0.427125995
"0.7"	"0.4"	"0.1"	"0.01"	"0.005"	"0.01"	"100000"	"10000"	"200"	"1986992716855346307"	10000	"slope"	-0.1865026675
"0.7"	"0.4"	"0.1"	"0.01"	"0.005"	"0.01"	"100000"	"10000"	"200"	"1986992716855346307"	10000	"intercept"	0.481983445
"0.7"	"0.4"	"0.1"	"0.01"	"0.005"	"0.01"	"100000"	"10000"	"200"	"1986992716855346307"	15000	"slope"	-0.19076322
"0.7"	"0.4"	"0.1"	"0.01"	"0.005"	"0.01"	"100000"	"10000"	"200"	"1986992716855346307"	15000	"intercept"	0.484154175
"0.7"	"0.4"	"0.1"	"0.01"	"0.005"	"0.01"	"100000"	"10000"	"200"	"1986992716855346307"	20000	"slope"	-0.25984987
"0.7"	"0.4"	"0.1"	"0.01"	"0.005"	"0.01"	"100000"	"10000"	"200"	"1986992716855346307"	20000	"intercept"	0.51939966
"0.7"	"0.4"	"0.1"	"0.01"	"0.005"	"0.01"	"100000"	"10000"	"200"	"1986992716855346307"	25000	"slope"	-0.289173015
"0.7"	"0.4"	"0.1"	"0.01"	"0.005"	"0.01"	"100000"	"10000"	"200"	"1986992716855346307"	25000	"intercept"	0.540256965
"0.7"	"0.4"	"0.1"	"0.01"	"0.005"	"0.01"	"100000"	"10000"	"200"	"1986992716855346307"	30000	"slope"	-0.296338285
"0.7"	"0.4"	"0.1"	"0.01"	"0.005"	"0.01"	"100000"	"10000"	"200"	"1986992716855346307"	30000	"intercept"	0.53653949
"0.7"	"0.4"	"0.1"	"0.01"	"0.005"	"0.01"	"100000"	"10000"	"200"	"1986992716855346307"	35000	"slope"	-0.3320312
"0.7"	"0.4"	"0.1"	"0.01"	"0.005"	"0.01"	"100000"	"10000"	"200"	"1986992716855346307"	35000	"intercept"	0.55624115
"0.7"	"0.4"	"0.1"	"0.01"	"0.005"	"0.01"	"100000"	"10000"	"200"	"1986992716855346307"	40000	"slope"	-0.30246356
"0.7"	"0.4"	"0.1"	"0.01"	"0.005"	"0.01"	"100000"	"10000"	"200"	"1986992716855346307"	40000	"intercept"	0.539071485
"0.7"	"0.4"	"0.1"	"0.01"	"0.005"	"0.01"	"100000"	"10000"	"200"	"1986992716855346307"	45000	"slope"	-0.33408102
"0.7"	"0.4"	"0.1"	"0.01"	"0.005"	"0.01"	"100000"	"10000"	"200"	"1986992716855346307"	45000	"intercept"	0.56777866
"0.7"	"0.4"	"0.1"	"0.01"	"0.005"	"0.01"	"100000"	"10000"	"200"	"1986992716855346307"	50000	"slope"	-0.326684
"0.7"	"0.4"	"0.1"	"0.01"	"0.005"	"0.01"	"100000"	"10000"	"200"	"1986992716855346307"	50000	"intercept"	0.563750275
"0.7"	"0.4"	"0.1"	"0.01"	"0.005"	"0.01"	"100000"	"10000"	"200"	"1986992716855346307"	55000	"slope"	-0.28685756
"0.7"	"0.4"	"0.1"	"0.01"	"0.005"	"0.01"	"100000"	"10000"	"200"	"1986992716855346307"	55000	"intercept"	0.539861845
"0.7"	"0.4"	"0.1"	"0.01"	"0.005"	"0.01"	"100000"	"10000"	"200"	"1986992716855346307"	60000	"slope"	-0.29081014
"0.7"	"0.4"	"0.1"	"0.01"	"0.005"	"0.01"	"100000"	"10000"	"200"	"1986992716855346307"	60000	"intercept"	0.53582925
"0.7"	"0.4"	"0.1"	"0.01"	"0.005"	"0.01"	"100000"	"10000"	"200"	"1986992716855346307"	65000	"slope"	-0.304874705
"0.7"	"0.4"	"0.1"	"0.01"	"0.005"	"0.01"	"100000"	"10000"	"200"	"1986992716855346307"	65000	"intercept"	0.54772312
"0.7"	"0.4"	"0.1"	"0.01"	"0.005"	"0.01"	"100000"	"10000"	"200"	"1986992716855346307"	70000	"slope"	-0.299121
"0.7"	"0.4"	"0.1"	"0.01"	"0.005"	"0.01"	"100000"	"10000"	"200"	"1986992716855346307"	70000	"intercept"	0.53370281
"0.7"	"0.4"	"0.1"	"0.01"	"0.005"	"0.01"	"100000"	"10000"	"200"	"1986992716855346307"	75000	"slope"	-0.32008564
"0.7"	"0.4"	"0.1"	"0.01"	"0.005"	"0.01"	"100000"	"10000"	"200"	"1986992716855346307"	75000	"intercept"	0.550333285
"0.7"	"0.4"	"0.1"	"0.01"	"0.005"	"0.01"	"100000"	"10000"	"200"	"1986992716855346307"	80000	"slope"	-0.315492395
"0.7"	"0.4"	"0.1"	"0.01"	"0.005"	"0.01"	"100000"	"10000"	"200"	"1986992716855346307"	80000	"intercept"	0.553608545
"0.7"	"0.4"	"0.1"	"0.01"	"0.005"	"0.01"	"100000"	"10000"	"200"	"1986992716855346307"	85000	"slope"	-0.315413105
"0.7"	"0.4"	"0.1"	"0.01"	"0.005"	"0.01"	"100000"	"10000"	"200"	"1986992716855346307"	85000	"intercept"	0.554529945
"0.7"	"0.4"	"0.1"	"0.01"	"0.005"	"0.01"	"100000"	"10000"	"200"	"1986992716855346307"	90000	"slope"	-0.29960907
"0.7"	"0.4"	"0.1"	"0.01"	"0.005"	"0.01"	"100000"	"10000"	"200"	"1986992716855346307"	90000	"intercept"	0.54212024
"0.7"	"0.4"	"0.1"	"0.01"	"0.005"	"0.01"	"100000"	"10000"	"200"	"1986992716855346307"	95000	"slope"	-0.30445697
"0.7"	"0.4"	"0.1"	"0.01"	"0.005"	"0.01"	"100000"	"10000"	"200"	"1986992716855346307"	95000	"intercept"	0.54526496
"0.7"	"0.4"	"0.1"	"0.01"	"0.005"	"0.01"	"100000"	"10000"	"200"	"1986992716855346307"	100000	"slope"	-0.294442365
"0.7"	"0.4"	"0.1"	"0.01"	"0.005"	"0.01"	"100000"	"10000"	"200"	"1986992716855346307"	100000	"intercept"	0.54036253
"0.7"	"0.4"	"0.1"	"0.01"	"0.005"	"0.01"	"100000"	"10000"	"200"	"2148788332707425233"	10	"slope"	-9.200235e-05
"0.7"	"0.4"	"0.1"	"0.01"	"0.005"	"0.01"	"100000"	"10000"	"200"	"2148788332707425233"	10	"intercept"	0.499903885
"0.7"	"0.4"	"0.1"	"0.01"	"0.005"	"0.01"	"100000"	"10000"	"200"	"2148788332707425233"	5000	"slope"	-0.13315376145
"0.7"	"0.4"	"0.1"	"0.01"	"0.005"	"0.01"	"100000"	"10000"	"200"	"2148788332707425233"	5000	"intercept"	0.455095035
"0.7"	"0.4"	"0.1"	"0.01"	"0.005"	"0.01"	"100000"	"10000"	"200"	"2148788332707425233"	10000	"slope"	-0.2148397645
"0.7"	"0.4"	"0.1"	"0.01"	"0.005"	"0.01"	"100000"	"10000"	"200"	"2148788332707425233"	10000	"intercept"	0.49196653
"0.7"	"0.4"	"0.1"	"0.01"	"0.005"	"0.01"	"100000"	"10000"	"200"	"2148788332707425233"	15000	"slope"	-0.276968115
"0.7"	"0.4"	"0.1"	"0.01"	"0.005"	"0.01"	"100000"	"10000"	"200"	"2148788332707425233"	15000	"intercept"	0.533420215
"0.7"	"0.4"	"0.1"	"0.01"	"0.005"	"0.01"	"100000"	"10000"	"200"	"2148788332707425233"	20000	"slope"	-0.296955495
"0.7"	"0.4"	"0.1"	"0.01"	"0.005"	"0.01"	"100000"	"10000"	"200"	"2148788332707425233"	20000	"intercept"	0.541206635
"0.7"	"0.4"	"0.1"	"0.01"	"0.005"	"0.01"	"100000"	"10000"	"200"	"2148788332707425233"	25000	"slope"	-0.29964629
"0.7"	"0.4"	"0.1"	"0.01"	"0.005"	"0.01"	"100000"	"10000"	"200"	"2148788332707425233"	25000	"intercept"	0.54502207
"0.7"	"0.4"	"0.1"	"0.01"	"0.005"	"0.01"	"100000"	"10000"	"200"	"2148788332707425233"	30000	"slope"	-0.335894995
"0.7"	"0.4"	"0.1"	"0.01"	"0.005"	"0.01"	"100000"	"10000"	"200"	"2148788332707425233"	30000	"intercept"	0.563620645
"0.7"	"0.4"	"0.1"	"0.01"	"0.005"	"0.01"	"100000"	"10000"	"200"	"2148788332707425233"	35000	"slope"	-0.31004991
"0.7"	"0.4"	"0.1"	"0.01"	"0.005"	"0.01"	"100000"	"10000"	"200"	"2148788332707425233"	35000	"intercept"	0.557050915
"0.7"	"0.4"	"0.1"	"0.01"	"0.005"	"0.01"	"100000"	"10000"	"200"	"2148788332707425233"	40000	"slope"	-0.308509685
"0.7"	"0.4"	"0.1"	"0.01"	"0.005"	"0.01"	"100000"	"10000"	"200"	"2148788332707425233"	40000	"intercept"	0.54308525
"0.7"	"0.4"	"0.1"	"0.01"	"0.005"	"0.01"	"100000"	"10000"	"200"	"2148788332707425233"	45000	"slope"	-0.313577815
"0.7"	"0.4"	"0.1"	"0.01"	"0.005"	"0.01"	"100000"	"10000"	"200"	"2148788332707425233"	45000	"intercept"	0.550746505
"0.7"	"0.4"	"0.1"	"0.01"	"0.005"	"0.01"	"100000"	"10000"	"200"	"2148788332707425233"	50000	"slope"	-0.320872905
"0.7"	"0.4"	"0.1"	"0.01"	"0.005"	"0.01"	"100000"	"10000"	"200"	"2148788332707425233"	50000	"intercept"	0.559622675
"0.7"	"0.4"	"0.1"	"0.01"	"0.005"	"0.01"	"100000"	"10000"	"200"	"2148788332707425233"	55000	"slope"	-0.292292315
"0.7"	"0.4"	"0.1"	"0.01"	"0.005"	"0.01"	"100000"	"10000"	"200"	"2148788332707425233"	55000	"intercept"	0.543602335
"0.7"	"0.4"	"0.1"	"0.01"	"0.005"	"0.01"	"100000"	"10000"	"200"	"2148788332707425233"	60000	"slope"	-0.27642331
"0.7"	"0.4"	"0.1"	"0.01"	"0.005"	"0.01"	"100000"	"10000"	"200"	"2148788332707425233"	60000	"intercept"	0.53092401
"0.7"	"0.4"	"0.1"	"0.01"	"0.005"	"0.01"	"100000"	"10000"	"200"	"2148788332707425233"	65000	"slope"	-0.302546595
"0.7"	"0.4"	"0.1"	"0.01"	"0.005"	"0.01"	"100000"	"10000"	"200"	"2148788332707425233"	65000	"intercept"	0.539586975
"0.7"	"0.4"	"0.1"	"0.01"	"0.005"	"0.01"	"100000"	"10000"	"200"	"2148788332707425233"	70000	"slope"	-0.29696978
"0.7"	"0.4"	"0.1"	"0.01"	"0.005"	"0.01"	"100000"	"10000"	"200"	"2148788332707425233"	70000	"intercept"	0.552151265
"0.7"	"0.4"	"0.1"	"0.01"	"0.005"	"0.01"	"100000"	"10000"	"200"	"2148788332707425233"	75000	"slope"	-0.31860906
"0.7"	"0.4"	"0.1"	"0.01"	"0.005"	"0.01"	"100000"	"10000"	"200"	"2148788332707425233"	75000	"intercept"	0.556741275
"0.7"	"0.4"	"0.1"	"0.01"	"0.005"	"0.01"	"100000"	"10000"	"200"	"2148788332707425233"	80000	"slope"	-0.306136045
"0.7"	"0.4"	"0.1"	"0.01"	"0.005"	"0.01"	"100000"	"10000"	"200"	"2148788332707425233"	80000	"intercept"	0.55092811
"0.7"	"0.4"	"0.1"	"0.01"	"0.005"	"0.01"	"100000"	"10000"	"200"	"2148788332707425233"	85000	"slope"	-0.311511705
"0.7"	"0.4"	"0.1"	"0.01"	"0.005"	"0.01"	"100000"	"10000"	"200"	"2148788332707425233"	85000	"intercept"	0.555491575
"0.7"	"0.4"	"0.1"	"0.01"	"0.005"	"0.01"	"100000"	"10000"	"200"	"2148788332707425233"	90000	"slope"	-0.343042525
"0.7"	"0.4"	"0.1"	"0.01"	"0.005"	"0.01"	"100000"	"10000"	"200"	"2148788332707425233"	90000	"intercept"	0.565760975
"0.7"	"0.4"	"0.1"	"0.01"	"0.005"	"0.01"	"100000"	"10000"	"200"	"2148788332707425233"	95000	"slope"	-0.297785925
"0.7"	"0.4"	"0.1"	"0.01"	"0.005"	"0.01"	"100000"	"10000"	"200"	"2148788332707425233"	95000	"intercept"	0.545998535
"0.7"	"0.4"	"0.1"	"0.01"	"0.005"	"0.01"	"100000"	"10000"	"200"	"2148788332707425233"	100000	"slope"	-0.30059307
"0.7"	"0.4"	"0.1"	"0.01"	"0.005"	"0.01"	"100000"	"10000"	"200"	"2148788332707425233"	100000	"intercept"	0.544009365
"0.7"	"0.4"	"0.1"	"0.01"	"0.005"	"0.01"	"100000"	"10000"	"200"	"2845930896785941355"	10	"slope"	3.2869745e-06
"0.7"	"0.4"	"0.1"	"0.01"	"0.005"	"0.01"	"100000"	"10000"	"200"	"2845930896785941355"	10	"intercept"	0.499985485
"0.7"	"0.4"	"0.1"	"0.01"	"0.005"	"0.01"	"100000"	"10000"	"200"	"2845930896785941355"	5000	"slope"	-0.134622792
"0.7"	"0.4"	"0.1"	"0.01"	"0.005"	"0.01"	"100000"	"10000"	"200"	"2845930896785941355"	5000	"intercept"	0.46113787
"0.7"	"0.4"	"0.1"	"0.01"	"0.005"	"0.01"	"100000"	"10000"	"200"	"2845930896785941355"	10000	"slope"	-0.177372432
"0.7"	"0.4"	"0.1"	"0.01"	"0.005"	"0.01"	"100000"	"10000"	"200"	"2845930896785941355"	10000	"intercept"	0.47905039
"0.7"	"0.4"	"0.1"	"0.01"	"0.005"	"0.01"	"100000"	"10000"	"200"	"2845930896785941355"	15000	"slope"	-0.25118457
"0.7"	"0.4"	"0.1"	"0.01"	"0.005"	"0.01"	"100000"	"10000"	"200"	"2845930896785941355"	15000	"intercept"	0.515323375
"0.7"	"0.4"	"0.1"	"0.01"	"0.005"	"0.01"	"100000"	"10000"	"200"	"2845930896785941355"	20000	"slope"	-0.26499986
"0.7"	"0.4"	"0.1"	"0.01"	"0.005"	"0.01"	"100000"	"10000"	"200"	"2845930896785941355"	20000	"intercept"	0.532372835
"0.7"	"0.4"	"0.1"	"0.01"	"0.005"	"0.01"	"100000"	"10000"	"200"	"2845930896785941355"	25000	"slope"	-0.28238493
"0.7"	"0.4"	"0.1"	"0.01"	"0.005"	"0.01"	"100000"	"10000"	"200"	"2845930896785941355"	25000	"intercept"	0.532957955
"0.7"	"0.4"	"0.1"	"0.01"	"0.005"	"0.01"	"100000"	"10000"	"200"	"2845930896785941355"	30000	"slope"	-0.27675217
"0.7"	"0.4"	"0.1"	"0.01"	"0.005"	"0.01"	"100000"	"10000"	"200"	"2845930896785941355"	30000	"intercept"	0.52660483
"0.7"	"0.4"	"0.1"	"0.01"	"0.005"	"0.01"	"100000"	"10000"	"200"	"2845930896785941355"	35000	"slope"	-0.31166709
"0.7"	"0.4"	"0.1"	"0.01"	"0.005"	"0.01"	"100000"	"10000"	"200"	"2845930896785941355"	35000	"intercept"	0.540619125
"0.7"	"0.4"	"0.1"	"0.01"	"0.005"	"0.01"	"100000"	"10000"	"200"	"2845930896785941355"	40000	"slope"	-0.3033674
"0.7"	"0.4"	"0.1"	"0.01"	"0.005"	"0.01"	"100000"	"10000"	"200"	"2845930896785941355"	40000	"intercept"	0.541885815
"0.7"	"0.4"	"0.1"	"0.01"	"0.005"	"0.01"	"100000"	"10000"	"200"	"2845930896785941355"	45000	"slope"	-0.281443665
"0.7"	"0.4"	"0.1"	"0.01"	"0.005"	"0.01"	"100000"	"10000"	"200"	"2845930896785941355"	45000	"intercept"	0.52438816
"0.7"	"0.4"	"0.1"	"0.01"	"0.005"	"0.01"	"100000"	"10000"	"200"	"2845930896785941355"	50000	"slope"	-0.27620246
"0.7"	"0.4"	"0.1"	"0.01"	"0.005"	"0.01"	"100000"	"10000"	"200"	"2845930896785941355"	50000	"intercept"	0.524351255
"0.7"	"0.4"	"0.1"	"0.01"	"0.005"	"0.01"	"100000"	"10000"	"200"	"2845930896785941355"	55000	"slope"	-0.292413435
"0.7"	"0.4"	"0.1"	"0.01"	"0.005"	"0.01"	"100000"	"10000"	"200"	"2845930896785941355"	55000	"intercept"	0.54581874
"0.7"	"0.4"	"0.1"	"0.01"	"0.005"	"0.01"	"100000"	"10000"	"200"	"2845930896785941355"	60000	"slope"	-0.301025675
"0.7"	"0.4"	"0.1"	"0.01"	"0.005"	"0.01"	"100000"	"10000"	"200"	"2845930896785941355"	60000	"intercept"	0.5422313
"0.7"	"0.4"	"0.1"	"0.01"	"0.005"	"0.01"	"100000"	"10000"	"200"	"2845930896785941355"	65000	"slope"	-0.32028378
"0.7"	"0.4"	"0.1"	"0.01"	"0.005"	"0.01"	"100000"	"10000"	"200"	"2845930896785941355"	65000	"intercept"	0.554070995
"0.7"	"0.4"	"0.1"	"0.01"	"0.005"	"0.01"	"100000"	"10000"	"200"	"2845930896785941355"	70000	"slope"	-0.315822
"0.7"	"0.4"	"0.1"	"0.01"	"0.005"	"0.01"	"100000"	"10000"	"200"	"2845930896785941355"	70000	"intercept"	0.549414305
"0.7"	"0.4"	"0.1"	"0.01"	"0.005"	"0.01"	"100000"	"10000"	"200"	"2845930896785941355"	75000	"slope"	-0.30437993
"0.7"	"0.4"	"0.1"	"0.01"	"0.005"	"0.01"	"100000"	"10000"	"200"	"2845930896785941355"	75000	"intercept"	0.54657242
"0.7"	"0.4"	"0.1"	"0.01"	"0.005"	"0.01"	"100000"	"10000"	"200"	"2845930896785941355"	80000	"slope"	-0.315877805
"0.7"	"0.4"	"0.1"	"0.01"	"0.005"	"0.01"	"100000"	"10000"	"200"	"2845930896785941355"	80000	"intercept"	0.543934875
"0.7"	"0.4"	"0.1"	"0.01"	"0.005"	"0.01"	"100000"	"10000"	"200"	"2845930896785941355"	85000	"slope"	-0.30531096
"0.7"	"0.4"	"0.1"	"0.01"	"0.005"	"0.01"	"100000"	"10000"	"200"	"2845930896785941355"	85000	"intercept"	0.54039269
"0.7"	"0.4"	"0.1"	"0.01"	"0.005"	"0.01"	"100000"	"10000"	"200"	"2845930896785941355"	90000	"slope"	-0.284610555
"0.7"	"0.4"	"0.1"	"0.01"	"0.005"	"0.01"	"100000"	"10000"	"200"	"2845930896785941355"	90000	"intercept"	0.531170925
"0.7"	"0.4"	"0.1"	"0.01"	"0.005"	"0.01"	"100000"	"10000"	"200"	"2845930896785941355"	95000	"slope"	-0.31708446
"0.7"	"0.4"	"0.1"	"0.01"	"0.005"	"0.01"	"100000"	"10000"	"200"	"2845930896785941355"	95000	"intercept"	0.55177266
"0.7"	"0.4"	"0.1"	"0.01"	"0.005"	"0.01"	"100000"	"10000"	"200"	"2845930896785941355"	100000	"slope"	-0.31069404
"0.7"	"0.4"	"0.1"	"0.01"	"0.005"	"0.01"	"100000"	"10000"	"200"	"2845930896785941355"	100000	"intercept"	0.54701752
"0.7"	"0.6"	"0.1"	"0.01"	"0.005"	"0.01"	"100000"	"10000"	"200"	"4357672166535707611"	10	"slope"	6.5325825e-05
"0.7"	"0.6"	"0.1"	"0.01"	"0.005"	"0.01"	"100000"	"10000"	"200"	"4357672166535707611"	10	"intercept"	0.50014297
"0.7"	"0.6"	"0.1"	"0.01"	"0.005"	"0.01"	"100000"	"10000"	"200"	"4357672166535707611"	5000	"slope"	-0.120847589
"0.7"	"0.6"	"0.1"	"0.01"	"0.005"	"0.01"	"100000"	"10000"	"200"	"4357672166535707611"	5000	"intercept"	0.39576698
"0.7"	"0.6"	"0.1"	"0.01"	"0.005"	"0.01"	"100000"	"10000"	"200"	"4357672166535707611"	10000	"slope"	-0.21382927
"0.7"	"0.6"	"0.1"	"0.01"	"0.005"	"0.01"	"100000"	"10000"	"200"	"4357672166535707611"	10000	"intercept"	0.445150435
"0.7"	"0.6"	"0.1"	"0.01"	"0.005"	"0.01"	"100000"	"10000"	"200"	"4357672166535707611"	15000	"slope"	-0.281331415
"0.7"	"0.6"	"0.1"	"0.01"	"0.005"	"0.01"	"100000"	"10000"	"200"	"4357672166535707611"	15000	"intercept"	0.48753025
"0.7"	"0.6"	"0.1"	"0.01"	"0.005"	"0.01"	"100000"	"10000"	"200"	"4357672166535707611"	20000	"slope"	-0.331369645
"0.7"	"0.6"	"0.1"	"0.01"	"0.005"	"0.01"	"100000"	"10000"	"200"	"4357672166535707611"	20000	"intercept"	0.524765055
"0.7"	"0.6"	"0.1"	"0.01"	"0.005"	"0.01"	"100000"	"10000"	"200"	"4357672166535707611"	25000	"slope"	-0.33468376
"0.7"	"0.6"	"0.1"	"0.01"	"0.005"	"0.01"	"100000"	"10000"	"200"	"4357672166535707611"	25000	"intercept"	0.516383365
"0.7"	"0.6"	"0.1"	"0.01"	"0.005"	"0.01"	"100000"	"10000"	"200"	"4357672166535707611"	30000	"slope"	-0.347398195
"0.7"	"0.6"	"0.1"	"0.01"	"0.005"	"0.01"	"100000"	"10000"	"200"	"4357672166535707611"	30000	"intercept"	0.52118653
"0.7"	"0.6"	"0.1"	"0.01"	"0.005"	"0.01"	"100000"	"10000"	"200"	"4357672166535707611"	35000	"slope"	-0.360176485
"0.7"	"0.6"	"0.1"	"0.01"	"0.005"	"0.01"	"100000"	"10000"	"200"	"4357672166535707611"	35000	"intercept"	0.52577061
"0.7"	"0.6"	"0.1"	"0.01"	"0.005"	"0.01"	"100000"	"10000"	"200"	"4357672166535707611"	40000	"slope"	-0.34997886
"0.7"	"0.6"	"0.1"	"0.01"	"0.005"	"0.01"	"100000"	"10000"	"200"	"4357672166535707611"	40000	"intercept"	0.530684365
"0.7"	"0.6"	"0.1"	"0.01"	"0.005"	"0.01"	"100000"	"10000"	"200"	"4357672166535707611"	45000	"slope"	-0.35723486
"0.7"	"0.6"	"0.1"	"0.01"	"0.005"	"0.01"	"100000"	"10000"	"200"	"4357672166535707611"	45000	"intercept"	0.5271713
"0.7"	"0.6"	"0.1"	"0.01"	"0.005"	"0.01"	"100000"	"10000"	"200"	"4357672166535707611"	50000	"slope"	-0.337191155
"0.7"	"0.6"	"0.1"	"0.01"	"0.005"	"0.01"	"100000"	"10000"	"200"	"4357672166535707611"	50000	"intercept"	0.521464935
"0.7"	"0.6"	"0.1"	"0.01"	"0.005"	"0.01"	"100000"	"10000"	"200"	"4357672166535707611"	55000	"slope"	-0.34928095
"0.7"	"0.6"	"0.1"	"0.01"	"0.005"	"0.01"	"100000"	"10000"	"200"	"4357672166535707611"	55000	"intercept"	0.52716301
"0.7"	"0.6"	"0.1"	"0.01"	"0.005"	"0.01"	"100000"	"10000"	"200"	"4357672166535707611"	60000	"slope"	-0.360460865
"0.7"	"0.6"	"0.1"	"0.01"	"0.005"	"0.01"	"100000"	"10000"	"200"	"4357672166535707611"	60000	"intercept"	0.532273145
"0.7"	"0.6"	"0.1"	"0.01"	"0.005"	"0.01"	"100000"	"10000"	"200"	"4357672166535707611"	65000	"slope"	-0.35370908
"0.7"	"0.6"	"0.1"	"0.01"	"0.005"	"0.01"	"100000"	"10000"	"200"	"4357672166535707611"	65000	"intercept"	0.53493664
"0.7"	"0.6"	"0.1"	"0.01"	"0.005"	"0.01"	"100000"	"10000"	"200"	"4357672166535707611"	70000	"slope"	-0.36563091
"0.7"	"0.6"	"0.1"	"0.01"	"0.005"	"0.01"	"100000"	"10000"	"200"	"4357672166535707611"	70000	"intercept"	0.538491595
"0.7"	"0.6"	"0.1"	"0.01"	"0.005"	"0.01"	"100000"	"10000"	"200"	"4357672166535707611"	75000	"slope"	-0.359686855
"0.7"	"0.6"	"0.1"	"0.01"	"0.005"	"0.01"	"100000"	"10000"	"200"	"4357672166535707611"	75000	"intercept"	0.52903976
"0.7"	"0.6"	"0.1"	"0.01"	"0.005"	"0.01"	"100000"	"10000"	"200"	"4357672166535707611"	80000	"slope"	-0.354861615
"0.7"	"0.6"	"0.1"	"0.01"	"0.005"	"0.01"	"100000"	"10000"	"200"	"4357672166535707611"	80000	"intercept"	0.527050765
"0.7"	"0.6"	"0.1"	"0.01"	"0.005"	"0.01"	"100000"	"10000"	"200"	"4357672166535707611"	85000	"slope"	-0.39906657
"0.7"	"0.6"	"0.1"	"0.01"	"0.005"	"0.01"	"100000"	"10000"	"200"	"4357672166535707611"	85000	"intercept"	0.56010788
"0.7"	"0.6"	"0.1"	"0.01"	"0.005"	"0.01"	"100000"	"10000"	"200"	"4357672166535707611"	90000	"slope"	-0.37629729
"0.7"	"0.6"	"0.1"	"0.01"	"0.005"	"0.01"	"100000"	"10000"	"200"	"4357672166535707611"	90000	"intercept"	0.5412302
"0.7"	"0.6"	"0.1"	"0.01"	"0.005"	"0.01"	"100000"	"10000"	"200"	"4357672166535707611"	95000	"slope"	-0.383150885
"0.7"	"0.6"	"0.1"	"0.01"	"0.005"	"0.01"	"100000"	"10000"	"200"	"4357672166535707611"	95000	"intercept"	0.551661235
"0.7"	"0.6"	"0.1"	"0.01"	"0.005"	"0.01"	"100000"	"10000"	"200"	"4357672166535707611"	100000	"slope"	-0.353300405
"0.7"	"0.6"	"0.1"	"0.01"	"0.005"	"0.01"	"100000"	"10000"	"200"	"4357672166535707611"	100000	"intercept"	0.531937345
"0.7"	"0.6"	"0.1"	"0.01"	"0.005"	"0.01"	"100000"	"10000"	"200"	"6281171317949998930"	10	"slope"	0.00010842305
"0.7"	"0.6"	"0.1"	"0.01"	"0.005"	"0.01"	"100000"	"10000"	"200"	"6281171317949998930"	10	"intercept"	0.50013284
"0.7"	"0.6"	"0.1"	"0.01"	"0.005"	"0.01"	"100000"	"10000"	"200"	"6281171317949998930"	5000	"slope"	-0.1410764195
"0.7"	"0.6"	"0.1"	"0.01"	"0.005"	"0.01"	"100000"	"10000"	"200"	"6281171317949998930"	5000	"intercept"	0.40954168
"0.7"	"0.6"	"0.1"	"0.01"	"0.005"	"0.01"	"100000"	"10000"	"200"	"6281171317949998930"	10000	"slope"	-0.22132326
"0.7"	"0.6"	"0.1"	"0.01"	"0.005"	"0.01"	"100000"	"10000"	"200"	"6281171317949998930"	10000	"intercept"	0.45069376
"0.7"	"0.6"	"0.1"	"0.01"	"0.005"	"0.01"	"100000"	"10000"	"200"	"6281171317949998930"	15000	"slope"	-0.31083171
"0.7"	"0.6"	"0.1"	"0.01"	"0.005"	"0.01"	"100000"	"10000"	"200"	"6281171317949998930"	15000	"intercept"	0.501217815
"0.7"	"0.6"	"0.1"	"0.01"	"0.005"	"0.01"	"100000"	"10000"	"200"	"6281171317949998930"	20000	"slope"	-0.326552915
"0.7"	"0.6"	"0.1"	"0.01"	"0.005"	"0.01"	"100000"	"10000"	"200"	"6281171317949998930"	20000	"intercept"	0.508883005
"0.7"	"0.6"	"0.1"	"0.01"	"0.005"	"0.01"	"100000"	"10000"	"200"	"6281171317949998930"	25000	"slope"	-0.36529731
"0.7"	"0.6"	"0.1"	"0.01"	"0.005"	"0.01"	"100000"	"10000"	"200"	"6281171317949998930"	25000	"intercept"	0.535759655
"0.7"	"0.6"	"0.1"	"0.01"	"0.005"	"0.01"	"100000"	"10000"	"200"	"6281171317949998930"	30000	"slope"	-0.390382795
"0.7"	"0.6"	"0.1"	"0.01"	"0.005"	"0.01"	"100000"	"10000"	"200"	"6281171317949998930"	30000	"intercept"	0.54970595
"0.7"	"0.6"	"0.1"	"0.01"	"0.005"	"0.01"	"100000"	"10000"	"200"	"6281171317949998930"	35000	"slope"	-0.375625945
"0.7"	"0.6"	"0.1"	"0.01"	"0.005"	"0.01"	"100000"	"10000"	"200"	"6281171317949998930"	35000	"intercept"	0.54965119
"0.7"	"0.6"	"0.1"	"0.01"	"0.005"	"0.01"	"100000"	"10000"	"200"	"6281171317949998930"	40000	"slope"	-0.339938655
"0.7"	"0.6"	"0.1"	"0.01"	"0.005"	"0.01"	"100000"	"10000"	"200"	"6281171317949998930"	40000	"intercept"	0.522925545
"0.7"	"0.6"	"0.1"	"0.01"	"0.005"	"0.01"	"100000"	"10000"	"200"	"6281171317949998930"	45000	"slope"	-0.34997486
"0.7"	"0.6"	"0.1"	"0.01"	"0.005"	"0.01"	"100000"	"10000"	"200"	"6281171317949998930"	45000	"intercept"	0.52395277
"0.7"	"0.6"	"0.1"	"0.01"	"0.005"	"0.01"	"100000"	"10000"	"200"	"6281171317949998930"	50000	"slope"	-0.37808679
"0.7"	"0.6"	"0.1"	"0.01"	"0.005"	"0.01"	"100000"	"10000"	"200"	"6281171317949998930"	50000	"intercept"	0.54531992
"0.7"	"0.6"	"0.1"	"0.01"	"0.005"	"0.01"	"100000"	"10000"	"200"	"6281171317949998930"	55000	"slope"	-0.363290265
"0.7"	"0.6"	"0.1"	"0.01"	"0.005"	"0.01"	"100000"	"10000"	"200"	"6281171317949998930"	55000	"intercept"	0.542776985
"0.7"	"0.6"	"0.1"	"0.01"	"0.005"	"0.01"	"100000"	"10000"	"200"	"6281171317949998930"	60000	"slope"	-0.357352775
"0.7"	"0.6"	"0.1"	"0.01"	"0.005"	"0.01"	"100000"	"10000"	"200"	"6281171317949998930"	60000	"intercept"	0.539164375
"0.7"	"0.6"	"0.1"	"0.01"	"0.005"	"0.01"	"100000"	"10000"	"200"	"6281171317949998930"	65000	"slope"	-0.376771735
"0.7"	"0.6"	"0.1"	"0.01"	"0.005"	"0.01"	"100000"	"10000"	"200"	"6281171317949998930"	65000	"intercept"	0.542731075
"0.7"	"0.6"	"0.1"	"0.01"	"0.005"	"0.01"	"100000"	"10000"	"200"	"6281171317949998930"	70000	"slope"	-0.32702455
"0.7"	"0.6"	"0.1"	"0.01"	"0.005"	"0.01"	"100000"	"10000"	"200"	"6281171317949998930"	70000	"intercept"	0.51695309
"0.7"	"0.6"	"0.1"	"0.01"	"0.005"	"0.01"	"100000"	"10000"	"200"	"6281171317949998930"	75000	"slope"	-0.308829
"0.7"	"0.6"	"0.1"	"0.01"	"0.005"	"0.01"	"100000"	"10000"	"200"	"6281171317949998930"	75000	"intercept"	0.508430005
"0.7"	"0.6"	"0.1"	"0.01"	"0.005"	"0.01"	"100000"	"10000"	"200"	"6281171317949998930"	80000	"slope"	-0.3525847
"0.7"	"0.6"	"0.1"	"0.01"	"0.005"	"0.01"	"100000"	"10000"	"200"	"6281171317949998930"	80000	"intercept"	0.530102895
"0.7"	"0.6"	"0.1"	"0.01"	"0.005"	"0.01"	"100000"	"10000"	"200"	"6281171317949998930"	85000	"slope"	-0.381467495
"0.7"	"0.6"	"0.1"	"0.01"	"0.005"	"0.01"	"100000"	"10000"	"200"	"6281171317949998930"	85000	"intercept"	0.54650315
"0.7"	"0.6"	"0.1"	"0.01"	"0.005"	"0.01"	"100000"	"10000"	"200"	"6281171317949998930"	90000	"slope"	-0.37078007
"0.7"	"0.6"	"0.1"	"0.01"	"0.005"	"0.01"	"100000"	"10000"	"200"	"6281171317949998930"	90000	"intercept"	0.54018246
"0.7"	"0.6"	"0.1"	"0.01"	"0.005"	"0.01"	"100000"	"10000"	"200"	"6281171317949998930"	95000	"slope"	-0.372390725
"0.7"	"0.6"	"0.1"	"0.01"	"0.005"	"0.01"	"100000"	"10000"	"200"	"6281171317949998930"	95000	"intercept"	0.547234875
"0.7"	"0.6"	"0.1"	"0.01"	"0.005"	"0.01"	"100000"	"10000"	"200"	"6281171317949998930"	100000	"slope"	-0.34085108
"0.7"	"0.6"	"0.1"	"0.01"	"0.005"	"0.01"	"100000"	"10000"	"200"	"6281171317949998930"	100000	"intercept"	0.531689225
"0.7"	"0.6"	"0.1"	"0.01"	"0.005"	"0.01"	"100000"	"10000"	"200"	"8013213855647443686"	10	"slope"	-0.000145646381
"0.7"	"0.6"	"0.1"	"0.01"	"0.005"	"0.01"	"100000"	"10000"	"200"	"8013213855647443686"	10	"intercept"	0.499838335
"0.7"	"0.6"	"0.1"	"0.01"	"0.005"	"0.01"	"100000"	"10000"	"200"	"8013213855647443686"	5000	"slope"	-0.21045682
"0.7"	"0.6"	"0.1"	"0.01"	"0.005"	"0.01"	"100000"	"10000"	"200"	"8013213855647443686"	5000	"intercept"	0.43967571
"0.7"	"0.6"	"0.1"	"0.01"	"0.005"	"0.01"	"100000"	"10000"	"200"	"8013213855647443686"	10000	"slope"	-0.371390015
"0.7"	"0.6"	"0.1"	"0.01"	"0.005"	"0.01"	"100000"	"10000"	"200"	"8013213855647443686"	10000	"intercept"	0.53910176
"0.7"	"0.6"	"0.1"	"0.01"	"0.005"	"0.01"	"100000"	"10000"	"200"	"8013213855647443686"	15000	"slope"	-0.38267034
"0.7"	"0.6"	"0.1"	"0.01"	"0.005"	"0.01"	"100000"	"10000"	"200"	"8013213855647443686"	15000	"intercept"	0.54630783
"0.7"	"0.6"	"0.1"	"0.01"	"0.005"	"0.01"	"100000"	"10000"	"200"	"8013213855647443686"	20000	"slope"	-0.353276825
"0.7"	"0.6"	"0.1"	"0.01"	"0.005"	"0.01"	"100000"	"10000"	"200"	"8013213855647443686"	20000	"intercept"	0.527090195
"0.7"	"0.6"	"0.1"	"0.01"	"0.005"	"0.01"	"100000"	"10000"	"200"	"8013213855647443686"	25000	"slope"	-0.359714915
"0.7"	"0.6"	"0.1"	"0.01"	"0.005"	"0.01"	"100000"	"10000"	"200"	"8013213855647443686"	25000	"intercept"	0.53535315
"0.7"	"0.6"	"0.1"	"0.01"	"0.005"	"0.01"	"100000"	"10000"	"200"	"8013213855647443686"	30000	"slope"	-0.37194449
"0.7"	"0.6"	"0.1"	"0.01"	"0.005"	"0.01"	"100000"	"10000"	"200"	"8013213855647443686"	30000	"intercept"	0.537733825
"0.7"	"0.6"	"0.1"	"0.01"	"0.005"	"0.01"	"100000"	"10000"	"200"	"8013213855647443686"	35000	"slope"	-0.3758865
"0.7"	"0.6"	"0.1"	"0.01"	"0.005"	"0.01"	"100000"	"10000"	"200"	"8013213855647443686"	35000	"intercept"	0.54367483
"0.7"	"0.6"	"0.1"	"0.01"	"0.005"	"0.01"	"100000"	"10000"	"200"	"8013213855647443686"	40000	"slope"	-0.387161255
"0.7"	"0.6"	"0.1"	"0.01"	"0.005"	"0.01"	"100000"	"10000"	"200"	"8013213855647443686"	40000	"intercept"	0.55228721
"0.7"	"0.6"	"0.1"	"0.01"	"0.005"	"0.01"	"100000"	"10000"	"200"	"8013213855647443686"	45000	"slope"	-0.35799121
"0.7"	"0.6"	"0.1"	"0.01"	"0.005"	"0.01"	"100000"	"10000"	"200"	"8013213855647443686"	45000	"intercept"	0.53287152
"0.7"	"0.6"	"0.1"	"0.01"	"0.005"	"0.01"	"100000"	"10000"	"200"	"8013213855647443686"	50000	"slope"	-0.37409129
"0.7"	"0.6"	"0.1"	"0.01"	"0.005"	"0.01"	"100000"	"10000"	"200"	"8013213855647443686"	50000	"intercept"	0.532720065
"0.7"	"0.6"	"0.1"	"0.01"	"0.005"	"0.01"	"100000"	"10000"	"200"	"8013213855647443686"	55000	"slope"	-0.373945565
"0.7"	"0.6"	"0.1"	"0.01"	"0.005"	"0.01"	"100000"	"10000"	"200"	"8013213855647443686"	55000	"intercept"	0.54121937
"0.7"	"0.6"	"0.1"	"0.01"	"0.005"	"0.01"	"100000"	"10000"	"200"	"8013213855647443686"	60000	"slope"	-0.34272984
"0.7"	"0.6"	"0.1"	"0.01"	"0.005"	"0.01"	"100000"	"10000"	"200"	"8013213855647443686"	60000	"intercept"	0.51731257
"0.7"	"0.6"	"0.1"	"0.01"	"0.005"	"0.01"	"100000"	"10000"	"200"	"8013213855647443686"	65000	"slope"	-0.331792425
"0.7"	"0.6"	"0.1"	"0.01"	"0.005"	"0.01"	"100000"	"10000"	"200"	"8013213855647443686"	65000	"intercept"	0.527604485
"0.7"	"0.6"	"0.1"	"0.01"	"0.005"	"0.01"	"100000"	"10000"	"200"	"8013213855647443686"	70000	"slope"	-0.39493415
"0.7"	"0.6"	"0.1"	"0.01"	"0.005"	"0.01"	"100000"	"10000"	"200"	"8013213855647443686"	70000	"intercept"	0.54991951
"0.7"	"0.6"	"0.1"	"0.01"	"0.005"	"0.01"	"100000"	"10000"	"200"	"8013213855647443686"	75000	"slope"	-0.37089804
"0.7"	"0.6"	"0.1"	"0.01"	"0.005"	"0.01"	"100000"	"10000"	"200"	"8013213855647443686"	75000	"intercept"	0.53528972
"0.7"	"0.6"	"0.1"	"0.01"	"0.005"	"0.01"	"100000"	"10000"	"200"	"8013213855647443686"	80000	"slope"	-0.37368868
"0.7"	"0.6"	"0.1"	"0.01"	"0.005"	"0.01"	"100000"	"10000"	"200"	"8013213855647443686"	80000	"intercept"	0.54562643
"0.7"	"0.6"	"0.1"	"0.01"	"0.005"	"0.01"	"100000"	"10000"	"200"	"8013213855647443686"	85000	"slope"	-0.367451715
"0.7"	"0.6"	"0.1"	"0.01"	"0.005"	"0.01"	"100000"	"10000"	"200"	"8013213855647443686"	85000	"intercept"	0.538012835
"0.7"	"0.6"	"0.1"	"0.01"	"0.005"	"0.01"	"100000"	"10000"	"200"	"8013213855647443686"	90000	"slope"	-0.34635619
"0.7"	"0.6"	"0.1"	"0.01"	"0.005"	"0.01"	"100000"	"10000"	"200"	"8013213855647443686"	90000	"intercept"	0.527519435
"0.7"	"0.6"	"0.1"	"0.01"	"0.005"	"0.01"	"100000"	"10000"	"200"	"8013213855647443686"	95000	"slope"	-0.35203265
"0.7"	"0.6"	"0.1"	"0.01"	"0.005"	"0.01"	"100000"	"10000"	"200"	"8013213855647443686"	95000	"intercept"	0.52914665
"0.7"	"0.6"	"0.1"	"0.01"	"0.005"	"0.01"	"100000"	"10000"	"200"	"8013213855647443686"	100000	"slope"	-0.37885027
"0.7"	"0.6"	"0.1"	"0.01"	"0.005"	"0.01"	"100000"	"10000"	"200"	"8013213855647443686"	100000	"intercept"	0.551557475
"0.7"	"0.6"	"0.1"	"0.01"	"0.005"	"0.01"	"100000"	"10000"	"200"	"9113713430284917787"	10	"slope"	2.8348275e-05
"0.7"	"0.6"	"0.1"	"0.01"	"0.005"	"0.01"	"100000"	"10000"	"200"	"9113713430284917787"	10	"intercept"	0.49986982
"0.7"	"0.6"	"0.1"	"0.01"	"0.005"	"0.01"	"100000"	"10000"	"200"	"9113713430284917787"	5000	"slope"	-0.151237868
"0.7"	"0.6"	"0.1"	"0.01"	"0.005"	"0.01"	"100000"	"10000"	"200"	"9113713430284917787"	5000	"intercept"	0.41156238
"0.7"	"0.6"	"0.1"	"0.01"	"0.005"	"0.01"	"100000"	"10000"	"200"	"9113713430284917787"	10000	"slope"	-0.230978855
"0.7"	"0.6"	"0.1"	"0.01"	"0.005"	"0.01"	"100000"	"10000"	"200"	"9113713430284917787"	10000	"intercept"	0.45311523
"0.7"	"0.6"	"0.1"	"0.01"	"0.005"	"0.01"	"100000"	"10000"	"200"	"9113713430284917787"	15000	"slope"	-0.2998728
"0.7"	"0.6"	"0.1"	"0.01"	"0.005"	"0.01"	"100000"	"10000"	"200"	"9113713430284917787"	15000	"intercept"	0.495202755
"0.7"	"0.6"	"0.1"	"0.01"	"0.005"	"0.01"	"100000"	"10000"	"200"	"9113713430284917787"	20000	"slope"	-0.329124275
"0.7"	"0.6"	"0.1"	"0.01"	"0.005"	"0.01"	"100000"	"10000"	"200"	"9113713430284917787"	20000	"intercept"	0.5147163
"0.7"	"0.6"	"0.1"	"0.01"	"0.005"	"0.01"	"100000"	"10000"	"200"	"9113713430284917787"	25000	"slope"	-0.349085535
"0.7"	"0.6"	"0.1"	"0.01"	"0.005"	"0.01"	"100000"	"10000"	"200"	"9113713430284917787"	25000	"intercept"	0.52353668
"0.7"	"0.6"	"0.1"	"0.01"	"0.005"	"0.01"	"100000"	"10000"	"200"	"9113713430284917787"	30000	"slope"	-0.348353175
"0.7"	"0.6"	"0.1"	"0.01"	"0.005"	"0.01"	"100000"	"10000"	"200"	"9113713430284917787"	30000	"intercept"	0.530853305
"0.7"	"0.6"	"0.1"	"0.01"	"0.005"	"0.01"	"100000"	"10000"	"200"	"9113713430284917787"	35000	"slope"	-0.363757245
"0.7"	"0.6"	"0.1"	"0.01"	"0.005"	"0.01"	"100000"	"10000"	"200"	"9113713430284917787"	35000	"intercept"	0.541120865
"0.7"	"0.6"	"0.1"	"0.01"	"0.005"	"0.01"	"100000"	"10000"	"200"	"9113713430284917787"	40000	"slope"	-0.35875473
"0.7"	"0.6"	"0.1"	"0.01"	"0.005"	"0.01"	"100000"	"10000"	"200"	"9113713430284917787"	40000	"intercept"	0.53326257
"0.7"	"0.6"	"0.1"	"0.01"	"0.005"	"0.01"	"100000"	"10000"	"200"	"9113713430284917787"	45000	"slope"	-0.33495103
"0.7"	"0.6"	"0.1"	"0.01"	"0.005"	"0.01"	"100000"	"10000"	"200"	"9113713430284917787"	45000	"intercept"	0.516161915
"0.7"	"0.6"	"0.1"	"0.01"	"0.005"	"0.01"	"100000"	"10000"	"200"	"9113713430284917787"	50000	"slope"	-0.351395155
"0.7"	"0.6"	"0.1"	"0.01"	"0.005"	"0.01"	"100000"	"10000"	"200"	"9113713430284917787"	50000	"intercept"	0.52899065
"0.7"	"0.6"	"0.1"	"0.01"	"0.005"	"0.01"	"100000"	"10000"	"200"	"9113713430284917787"	55000	"slope"	-0.343635215
"0.7"	"0.6"	"0.1"	"0.01"	"0.005"	"0.01"	"100000"	"10000"	"200"	"9113713430284917787"	55000	"intercept"	0.520986705
"0.7"	"0.6"	"0.1"	"0.01"	"0.005"	"0.01"	"100000"	"10000"	"200"	"9113713430284917787"	60000	"slope"	-0.37833407
"0.7"	"0.6"	"0.1"	"0.01"	"0.005"	"0.01"	"100000"	"10000"	"200"	"9113713430284917787"	60000	"intercept"	0.54842382
"0.7"	"0.6"	"0.1"	"0.01"	"0.005"	"0.01"	"100000"	"10000"	"200"	"9113713430284917787"	65000	"slope"	-0.395157765
"0.7"	"0.6"	"0.1"	"0.01"	"0.005"	"0.01"	"100000"	"10000"	"200"	"9113713430284917787"	65000	"intercept"	0.559867235
"0.7"	"0.6"	"0.1"	"0.01"	"0.005"	"0.01"	"100000"	"10000"	"200"	"9113713430284917787"	70000	"slope"	-0.39309308
"0.7"	"0.6"	"0.1"	"0.01"	"0.005"	"0.01"	"100000"	"10000"	"200"	"9113713430284917787"	70000	"intercept"	0.561264695
"0.7"	"0.6"	"0.1"	"0.01"	"0.005"	"0.01"	"100000"	"10000"	"200"	"9113713430284917787"	75000	"slope"	-0.36699315
"0.7"	"0.6"	"0.1"	"0.01"	"0.005"	"0.01"	"100000"	"10000"	"200"	"9113713430284917787"	75000	"intercept"	0.538510015
"0.7"	"0.6"	"0.1"	"0.01"	"0.005"	"0.01"	"100000"	"10000"	"200"	"9113713430284917787"	80000	"slope"	-0.365875565
"0.7"	"0.6"	"0.1"	"0.01"	"0.005"	"0.01"	"100000"	"10000"	"200"	"9113713430284917787"	80000	"intercept"	0.531255375
"0.7"	"0.6"	"0.1"	"0.01"	"0.005"	"0.01"	"100000"	"10000"	"200"	"9113713430284917787"	85000	"slope"	-0.335807355
"0.7"	"0.6"	"0.1"	"0.01"	"0.005"	"0.01"	"100000"	"10000"	"200"	"9113713430284917787"	85000	"intercept"	0.51729014
"0.7"	"0.6"	"0.1"	"0.01"	"0.005"	"0.01"	"100000"	"10000"	"200"	"9113713430284917787"	90000	"slope"	-0.32916629
"0.7"	"0.6"	"0.1"	"0.01"	"0.005"	"0.01"	"100000"	"10000"	"200"	"9113713430284917787"	90000	"intercept"	0.515892045
"0.7"	"0.6"	"0.1"	"0.01"	"0.005"	"0.01"	"100000"	"10000"	"200"	"9113713430284917787"	95000	"slope"	-0.34889511
"0.7"	"0.6"	"0.1"	"0.01"	"0.005"	"0.01"	"100000"	"10000"	"200"	"9113713430284917787"	95000	"intercept"	0.52619936
"0.7"	"0.6"	"0.1"	"0.01"	"0.005"	"0.01"	"100000"	"10000"	"200"	"9113713430284917787"	100000	"slope"	-0.369186915
"0.7"	"0.6"	"0.1"	"0.01"	"0.005"	"0.01"	"100000"	"10000"	"200"	"9113713430284917787"	100000	"intercept"	0.544326095
"0.7"	"0.6"	"0.1"	"0.01"	"0.005"	"0.01"	"100000"	"10000"	"200"	"963024972298203954"	10	"slope"	2.636365e-05
"0.7"	"0.6"	"0.1"	"0.01"	"0.005"	"0.01"	"100000"	"10000"	"200"	"963024972298203954"	10	"intercept"	0.499876045
"0.7"	"0.6"	"0.1"	"0.01"	"0.005"	"0.01"	"100000"	"10000"	"200"	"963024972298203954"	5000	"slope"	-0.1592754365
"0.7"	"0.6"	"0.1"	"0.01"	"0.005"	"0.01"	"100000"	"10000"	"200"	"963024972298203954"	5000	"intercept"	0.424115185
"0.7"	"0.6"	"0.1"	"0.01"	"0.005"	"0.01"	"100000"	"10000"	"200"	"963024972298203954"	10000	"slope"	-0.241346555
"0.7"	"0.6"	"0.1"	"0.01"	"0.005"	"0.01"	"100000"	"10000"	"200"	"963024972298203954"	10000	"intercept"	0.46531254
"0.7"	"0.6"	"0.1"	"0.01"	"0.005"	"0.01"	"100000"	"10000"	"200"	"963024972298203954"	15000	"slope"	-0.292226325
"0.7"	"0.6"	"0.1"	"0.01"	"0.005"	"0.01"	"100000"	"10000"	"200"	"963024972298203954"	15000	"intercept"	0.501408225
"0.7"	"0.6"	"0.1"	"0.01"	"0.005"	"0.01"	"100000"	"10000"	"200"	"963024972298203954"	20000	"slope"	-0.327117875
"0.7"	"0.6"	"0.1"	"0.01"	"0.005"	"0.01"	"100000"	"10000"	"200"	"963024972298203954"	20000	"intercept"	0.50991347
"0.7"	"0.6"	"0.1"	"0.01"	"0.005"	"0.01"	"100000"	"10000"	"200"	"963024972298203954"	25000	"slope"	-0.30357731
"0.7"	"0.6"	"0.1"	"0.01"	"0.005"	"0.01"	"100000"	"10000"	"200"	"963024972298203954"	25000	"intercept"	0.50322327
"0.7"	"0.6"	"0.1"	"0.01"	"0.005"	"0.01"	"100000"	"10000"	"200"	"963024972298203954"	30000	"slope"	-0.370187755
"0.7"	"0.6"	"0.1"	"0.01"	"0.005"	"0.01"	"100000"	"10000"	"200"	"963024972298203954"	30000	"intercept"	0.53538708
"0.7"	"0.6"	"0.1"	"0.01"	"0.005"	"0.01"	"100000"	"10000"	"200"	"963024972298203954"	35000	"slope"	-0.358372695
"0.7"	"0.6"	"0.1"	"0.01"	"0.005"	"0.01"	"100000"	"10000"	"200"	"963024972298203954"	35000	"intercept"	0.5265297
"0.7"	"0.6"	"0.1"	"0.01"	"0.005"	"0.01"	"100000"	"10000"	"200"	"963024972298203954"	40000	"slope"	-0.34104002
"0.7"	"0.6"	"0.1"	"0.01"	"0.005"	"0.01"	"100000"	"10000"	"200"	"963024972298203954"	40000	"intercept"	0.52334295
"0.7"	"0.6"	"0.1"	"0.01"	"0.005"	"0.01"	"100000"	"10000"	"200"	"963024972298203954"	45000	"slope"	-0.3417035
"0.7"	"0.6"	"0.1"	"0.01"	"0.005"	"0.01"	"100000"	"10000"	"200"	"963024972298203954"	45000	"intercept"	0.51870506
"0.7"	"0.6"	"0.1"	"0.01"	"0.005"	"0.01"	"100000"	"10000"	"200"	"963024972298203954"	50000	"slope"	-0.35369901
"0.7"	"0.6"	"0.1"	"0.01"	"0.005"	"0.01"	"100000"	"10000"	"200"	"963024972298203954"	50000	"intercept"	0.529146225
"0.7"	"0.6"	"0.1"	"0.01"	"0.005"	"0.01"	"100000"	"10000"	"200"	"963024972298203954"	55000	"slope"	-0.37845707
"0.7"	"0.6"	"0.1"	"0.01"	"0.005"	"0.01"	"100000"	"10000"	"200"	"963024972298203954"	55000	"intercept"	0.543454455
"0.7"	"0.6"	"0.1"	"0.01"	"0.005"	"0.01"	"100000"	"10000"	"200"	"963024972298203954"	60000	"slope"	-0.37056462
"0.7"	"0.6"	"0.1"	"0.01"	"0.005"	"0.01"	"100000"	"10000"	"200"	"963024972298203954"	60000	"intercept"	0.54012941
"0.7"	"0.6"	"0.1"	"0.01"	"0.005"	"0.01"	"100000"	"10000"	"200"	"963024972298203954"	65000	"slope"	-0.36159825
"0.7"	"0.6"	"0.1"	"0.01"	"0.005"	"0.01"	"100000"	"10000"	"200"	"963024972298203954"	65000	"intercept"	0.534096625
"0.7"	"0.6"	"0.1"	"0.01"	"0.005"	"0.01"	"100000"	"10000"	"200"	"963024972298203954"	70000	"slope"	-0.34762998
"0.7"	"0.6"	"0.1"	"0.01"	"0.005"	"0.01"	"100000"	"10000"	"200"	"963024972298203954"	70000	"intercept"	0.522543965
"0.7"	"0.6"	"0.1"	"0.01"	"0.005"	"0.01"	"100000"	"10000"	"200"	"963024972298203954"	75000	"slope"	-0.34726233
"0.7"	"0.6"	"0.1"	"0.01"	"0.005"	"0.01"	"100000"	"10000"	"200"	"963024972298203954"	75000	"intercept"	0.52463322
"0.7"	"0.6"	"0.1"	"0.01"	"0.005"	"0.01"	"100000"	"10000"	"200"	"963024972298203954"	80000	"slope"	-0.35632585
"0.7"	"0.6"	"0.1"	"0.01"	"0.005"	"0.01"	"100000"	"10000"	"200"	"963024972298203954"	80000	"intercept"	0.52503079
"0.7"	"0.6"	"0.1"	"0.01"	"0.005"	"0.01"	"100000"	"10000"	"200"	"963024972298203954"	85000	"slope"	-0.374105215
"0.7"	"0.6"	"0.1"	"0.01"	"0.005"	"0.01"	"100000"	"10000"	"200"	"963024972298203954"	85000	"intercept"	0.544591965
"0.7"	"0.6"	"0.1"	"0.01"	"0.005"	"0.01"	"100000"	"10000"	"200"	"963024972298203954"	90000	"slope"	-0.35870909
"0.7"	"0.6"	"0.1"	"0.01"	"0.005"	"0.01"	"100000"	"10000"	"200"	"963024972298203954"	90000	"intercept"	0.52955804
"0.7"	"0.6"	"0.1"	"0.01"	"0.005"	"0.01"	"100000"	"10000"	"200"	"963024972298203954"	95000	"slope"	-0.36997023
"0.7"	"0.6"	"0.1"	"0.01"	"0.005"	"0.01"	"100000"	"10000"	"200"	"963024972298203954"	95000	"intercept"	0.537348395
"0.7"	"0.6"	"0.1"	"0.01"	"0.005"	"0.01"	"100000"	"10000"	"200"	"963024972298203954"	100000	"slope"	-0.37776047
"0.7"	"0.6"	"0.1"	"0.01"	"0.005"	"0.01"	"100000"	"10000"	"200"	"963024972298203954"	100000	"intercept"	0.53918187
"0.7"	"0.85"	"0.1"	"0.01"	"0.005"	"0.01"	"100000"	"10000"	"200"	"1735906993827823008"	10	"slope"	5.093615e-06
"0.7"	"0.85"	"0.1"	"0.01"	"0.005"	"0.01"	"100000"	"10000"	"200"	"1735906993827823008"	10	"intercept"	0.499867785
"0.7"	"0.85"	"0.1"	"0.01"	"0.005"	"0.01"	"100000"	"10000"	"200"	"1735906993827823008"	5000	"slope"	-0.18459905
"0.7"	"0.85"	"0.1"	"0.01"	"0.005"	"0.01"	"100000"	"10000"	"200"	"1735906993827823008"	5000	"intercept"	0.351162245
"0.7"	"0.85"	"0.1"	"0.01"	"0.005"	"0.01"	"100000"	"10000"	"200"	"1735906993827823008"	10000	"slope"	-0.259256525
"0.7"	"0.85"	"0.1"	"0.01"	"0.005"	"0.01"	"100000"	"10000"	"200"	"1735906993827823008"	10000	"intercept"	0.4037079
"0.7"	"0.85"	"0.1"	"0.01"	"0.005"	"0.01"	"100000"	"10000"	"200"	"1735906993827823008"	15000	"slope"	-0.355311965
"0.7"	"0.85"	"0.1"	"0.01"	"0.005"	"0.01"	"100000"	"10000"	"200"	"1735906993827823008"	15000	"intercept"	0.471749175
"0.7"	"0.85"	"0.1"	"0.01"	"0.005"	"0.01"	"100000"	"10000"	"200"	"1735906993827823008"	20000	"slope"	-0.407323225
"0.7"	"0.85"	"0.1"	"0.01"	"0.005"	"0.01"	"100000"	"10000"	"200"	"1735906993827823008"	20000	"intercept"	0.507705825
"0.7"	"0.85"	"0.1"	"0.01"	"0.005"	"0.01"	"100000"	"10000"	"200"	"1735906993827823008"	25000	"slope"	-0.430444225
"0.7"	"0.85"	"0.1"	"0.01"	"0.005"	"0.01"	"100000"	"10000"	"200"	"1735906993827823008"	25000	"intercept"	0.52987053
"0.7"	"0.85"	"0.1"	"0.01"	"0.005"	"0.01"	"100000"	"10000"	"200"	"1735906993827823008"	30000	"slope"	-0.40817552
"0.7"	"0.85"	"0.1"	"0.01"	"0.005"	"0.01"	"100000"	"10000"	"200"	"1735906993827823008"	30000	"intercept"	0.514967645
"0.7"	"0.85"	"0.1"	"0.01"	"0.005"	"0.01"	"100000"	"10000"	"200"	"1735906993827823008"	35000	"slope"	-0.428335885
"0.7"	"0.85"	"0.1"	"0.01"	"0.005"	"0.01"	"100000"	"10000"	"200"	"1735906993827823008"	35000	"intercept"	0.523364695
"0.7"	"0.85"	"0.1"	"0.01"	"0.005"	"0.01"	"100000"	"10000"	"200"	"1735906993827823008"	40000	"slope"	-0.43678313
"0.7"	"0.85"	"0.1"	"0.01"	"0.005"	"0.01"	"100000"	"10000"	"200"	"1735906993827823008"	40000	"intercept"	0.532948305
"0.7"	"0.85"	"0.1"	"0.01"	"0.005"	"0.01"	"100000"	"10000"	"200"	"1735906993827823008"	45000	"slope"	-0.421640875
"0.7"	"0.85"	"0.1"	"0.01"	"0.005"	"0.01"	"100000"	"10000"	"200"	"1735906993827823008"	45000	"intercept"	0.522522105
"0.7"	"0.85"	"0.1"	"0.01"	"0.005"	"0.01"	"100000"	"10000"	"200"	"1735906993827823008"	50000	"slope"	-0.432330925
"0.7"	"0.85"	"0.1"	"0.01"	"0.005"	"0.01"	"100000"	"10000"	"200"	"1735906993827823008"	50000	"intercept"	0.52894571
"0.7"	"0.85"	"0.1"	"0.01"	"0.005"	"0.01"	"100000"	"10000"	"200"	"1735906993827823008"	55000	"slope"	-0.43992071
"0.7"	"0.85"	"0.1"	"0.01"	"0.005"	"0.01"	"100000"	"10000"	"200"	"1735906993827823008"	55000	"intercept"	0.53776246
"0.7"	"0.85"	"0.1"	"0.01"	"0.005"	"0.01"	"100000"	"10000"	"200"	"1735906993827823008"	60000	"slope"	-0.414011705
"0.7"	"0.85"	"0.1"	"0.01"	"0.005"	"0.01"	"100000"	"10000"	"200"	"1735906993827823008"	60000	"intercept"	0.518064155
"0.7"	"0.85"	"0.1"	"0.01"	"0.005"	"0.01"	"100000"	"10000"	"200"	"1735906993827823008"	65000	"slope"	-0.42026329
"0.7"	"0.85"	"0.1"	"0.01"	"0.005"	"0.01"	"100000"	"10000"	"200"	"1735906993827823008"	65000	"intercept"	0.52502271
"0.7"	"0.85"	"0.1"	"0.01"	"0.005"	"0.01"	"100000"	"10000"	"200"	"1735906993827823008"	70000	"slope"	-0.42897013
"0.7"	"0.85"	"0.1"	"0.01"	"0.005"	"0.01"	"100000"	"10000"	"200"	"1735906993827823008"	70000	"intercept"	0.526606685
"0.7"	"0.85"	"0.1"	"0.01"	"0.005"	"0.01"	"100000"	"10000"	"200"	"1735906993827823008"	75000	"slope"	-0.41466685
"0.7"	"0.85"	"0.1"	"0.01"	"0.005"	"0.01"	"100000"	"10000"	"200"	"1735906993827823008"	75000	"intercept"	0.51731537
"0.7"	"0.85"	"0.1"	"0.01"	"0.005"	"0.01"	"100000"	"10000"	"200"	"1735906993827823008"	80000	"slope"	-0.40635328
"0.7"	"0.85"	"0.1"	"0.01"	"0.005"	"0.01"	"100000"	"10000"	"200"	"1735906993827823008"	80000	"intercept"	0.51383528
"0.7"	"0.85"	"0.1"	"0.01"	"0.005"	"0.01"	"100000"	"10000"	"200"	"1735906993827823008"	85000	"slope"	-0.419904445
"0.7"	"0.85"	"0.1"	"0.01"	"0.005"	"0.01"	"100000"	"10000"	"200"	"1735906993827823008"	85000	"intercept"	0.52645795
"0.7"	"0.85"	"0.1"	"0.01"	"0.005"	"0.01"	"100000"	"10000"	"200"	"1735906993827823008"	90000	"slope"	-0.430957395
"0.7"	"0.85"	"0.1"	"0.01"	"0.005"	"0.01"	"100000"	"10000"	"200"	"1735906993827823008"	90000	"intercept"	0.53307163
"0.7"	"0.85"	"0.1"	"0.01"	"0.005"	"0.01"	"100000"	"10000"	"200"	"1735906993827823008"	95000	"slope"	-0.409958575
"0.7"	"0.85"	"0.1"	"0.01"	"0.005"	"0.01"	"100000"	"10000"	"200"	"1735906993827823008"	95000	"intercept"	0.503699
"0.7"	"0.85"	"0.1"	"0.01"	"0.005"	"0.01"	"100000"	"10000"	"200"	"1735906993827823008"	100000	"slope"	-0.40063463
"0.7"	"0.85"	"0.1"	"0.01"	"0.005"	"0.01"	"100000"	"10000"	"200"	"1735906993827823008"	100000	"intercept"	0.50949608
"0.7"	"0.85"	"0.1"	"0.01"	"0.005"	"0.01"	"100000"	"10000"	"200"	"1793949702768748081"	10	"slope"	-4.341943e-05
"0.7"	"0.85"	"0.1"	"0.01"	"0.005"	"0.01"	"100000"	"10000"	"200"	"1793949702768748081"	10	"intercept"	0.49990224
"0.7"	"0.85"	"0.1"	"0.01"	"0.005"	"0.01"	"100000"	"10000"	"200"	"1793949702768748081"	5000	"slope"	-0.192047075
"0.7"	"0.85"	"0.1"	"0.01"	"0.005"	"0.01"	"100000"	"10000"	"200"	"1793949702768748081"	5000	"intercept"	0.35591964
"0.7"	"0.85"	"0.1"	"0.01"	"0.005"	"0.01"	"100000"	"10000"	"200"	"1793949702768748081"	10000	"slope"	-0.29039751
"0.7"	"0.85"	"0.1"	"0.01"	"0.005"	"0.01"	"100000"	"10000"	"200"	"1793949702768748081"	10000	"intercept"	0.42603797
"0.7"	"0.85"	"0.1"	"0.01"	"0.005"	"0.01"	"100000"	"10000"	"200"	"1793949702768748081"	15000	"slope"	-0.357257865
"0.7"	"0.85"	"0.1"	"0.01"	"0.005"	"0.01"	"100000"	"10000"	"200"	"1793949702768748081"	15000	"intercept"	0.472782715
"0.7"	"0.85"	"0.1"	"0.01"	"0.005"	"0.01"	"100000"	"10000"	"200"	"1793949702768748081"	20000	"slope"	-0.407053875
"0.7"	"0.85"	"0.1"	"0.01"	"0.005"	"0.01"	"100000"	"10000"	"200"	"1793949702768748081"	20000	"intercept"	0.510939565
"0.7"	"0.85"	"0.1"	"0.01"	"0.005"	"0.01"	"100000"	"10000"	"200"	"1793949702768748081"	25000	"slope"	-0.423204815
"0.7"	"0.85"	"0.1"	"0.01"	"0.005"	"0.01"	"100000"	"10000"	"200"	"1793949702768748081"	25000	"intercept"	0.5260431
"0.7"	"0.85"	"0.1"	"0.01"	"0.005"	"0.01"	"100000"	"10000"	"200"	"1793949702768748081"	30000	"slope"	-0.429241805
"0.7"	"0.85"	"0.1"	"0.01"	"0.005"	"0.01"	"100000"	"10000"	"200"	"1793949702768748081"	30000	"intercept"	0.52401786
"0.7"	"0.85"	"0.1"	"0.01"	"0.005"	"0.01"	"100000"	"10000"	"200"	"1793949702768748081"	35000	"slope"	-0.41148493
"0.7"	"0.85"	"0.1"	"0.01"	"0.005"	"0.01"	"100000"	"10000"	"200"	"1793949702768748081"	35000	"intercept"	0.513028415
"0.7"	"0.85"	"0.1"	"0.01"	"0.005"	"0.01"	"100000"	"10000"	"200"	"1793949702768748081"	40000	"slope"	-0.40581012
"0.7"	"0.85"	"0.1"	"0.01"	"0.005"	"0.01"	"100000"	"10000"	"200"	"1793949702768748081"	40000	"intercept"	0.505046895
"0.7"	"0.85"	"0.1"	"0.01"	"0.005"	"0.01"	"100000"	"10000"	"200"	"1793949702768748081"	45000	"slope"	-0.43043652
"0.7"	"0.85"	"0.1"	"0.01"	"0.005"	"0.01"	"100000"	"10000"	"200"	"1793949702768748081"	45000	"intercept"	0.53501627
"0.7"	"0.85"	"0.1"	"0.01"	"0.005"	"0.01"	"100000"	"10000"	"200"	"1793949702768748081"	50000	"slope"	-0.443055855
"0.7"	"0.85"	"0.1"	"0.01"	"0.005"	"0.01"	"100000"	"10000"	"200"	"1793949702768748081"	50000	"intercept"	0.540907755
"0.7"	"0.85"	"0.1"	"0.01"	"0.005"	"0.01"	"100000"	"10000"	"200"	"1793949702768748081"	55000	"slope"	-0.430561435
"0.7"	"0.85"	"0.1"	"0.01"	"0.005"	"0.01"	"100000"	"10000"	"200"	"1793949702768748081"	55000	"intercept"	0.5275129
"0.7"	"0.85"	"0.1"	"0.01"	"0.005"	"0.01"	"100000"	"10000"	"200"	"1793949702768748081"	60000	"slope"	-0.430783595
"0.7"	"0.85"	"0.1"	"0.01"	"0.005"	"0.01"	"100000"	"10000"	"200"	"1793949702768748081"	60000	"intercept"	0.524080435
"0.7"	"0.85"	"0.1"	"0.01"	"0.005"	"0.01"	"100000"	"10000"	"200"	"1793949702768748081"	65000	"slope"	-0.440199085
"0.7"	"0.85"	"0.1"	"0.01"	"0.005"	"0.01"	"100000"	"10000"	"200"	"1793949702768748081"	65000	"intercept"	0.540380555
"0.7"	"0.85"	"0.1"	"0.01"	"0.005"	"0.01"	"100000"	"10000"	"200"	"1793949702768748081"	70000	"slope"	-0.4113393
"0.7"	"0.85"	"0.1"	"0.01"	"0.005"	"0.01"	"100000"	"10000"	"200"	"1793949702768748081"	70000	"intercept"	0.51114234
"0.7"	"0.85"	"0.1"	"0.01"	"0.005"	"0.01"	"100000"	"10000"	"200"	"1793949702768748081"	75000	"slope"	-0.4367635
"0.7"	"0.85"	"0.1"	"0.01"	"0.005"	"0.01"	"100000"	"10000"	"200"	"1793949702768748081"	75000	"intercept"	0.537125
"0.7"	"0.85"	"0.1"	"0.01"	"0.005"	"0.01"	"100000"	"10000"	"200"	"1793949702768748081"	80000	"slope"	-0.457725485
"0.7"	"0.85"	"0.1"	"0.01"	"0.005"	"0.01"	"100000"	"10000"	"200"	"1793949702768748081"	80000	"intercept"	0.549530005
"0.7"	"0.85"	"0.1"	"0.01"	"0.005"	"0.01"	"100000"	"10000"	"200"	"1793949702768748081"	85000	"slope"	-0.44927704
"0.7"	"0.85"	"0.1"	"0.01"	"0.005"	"0.01"	"100000"	"10000"	"200"	"1793949702768748081"	85000	"intercept"	0.538499845
"0.7"	"0.85"	"0.1"	"0.01"	"0.005"	"0.01"	"100000"	"10000"	"200"	"1793949702768748081"	90000	"slope"	-0.45671155
"0.7"	"0.85"	"0.1"	"0.01"	"0.005"	"0.01"	"100000"	"10000"	"200"	"1793949702768748081"	90000	"intercept"	0.54710221
"0.7"	"0.85"	"0.1"	"0.01"	"0.005"	"0.01"	"100000"	"10000"	"200"	"1793949702768748081"	95000	"slope"	-0.4420486
"0.7"	"0.85"	"0.1"	"0.01"	"0.005"	"0.01"	"100000"	"10000"	"200"	"1793949702768748081"	95000	"intercept"	0.538911675
"0.7"	"0.85"	"0.1"	"0.01"	"0.005"	"0.01"	"100000"	"10000"	"200"	"1793949702768748081"	100000	"slope"	-0.44463849
"0.7"	"0.85"	"0.1"	"0.01"	"0.005"	"0.01"	"100000"	"10000"	"200"	"1793949702768748081"	100000	"intercept"	0.540192955
"0.7"	"0.85"	"0.1"	"0.01"	"0.005"	"0.01"	"100000"	"10000"	"200"	"250159947734085476"	10	"slope"	-0.000194271855
"0.7"	"0.85"	"0.1"	"0.01"	"0.005"	"0.01"	"100000"	"10000"	"200"	"250159947734085476"	10	"intercept"	0.4998693
"0.7"	"0.85"	"0.1"	"0.01"	"0.005"	"0.01"	"100000"	"10000"	"200"	"250159947734085476"	5000	"slope"	-0.220465795
"0.7"	"0.85"	"0.1"	"0.01"	"0.005"	"0.01"	"100000"	"10000"	"200"	"250159947734085476"	5000	"intercept"	0.379688715
"0.7"	"0.85"	"0.1"	"0.01"	"0.005"	"0.01"	"100000"	"10000"	"200"	"250159947734085476"	10000	"slope"	-0.2849513
"0.7"	"0.85"	"0.1"	"0.01"	"0.005"	"0.01"	"100000"	"10000"	"200"	"250159947734085476"	10000	"intercept"	0.41705329
"0.7"	"0.85"	"0.1"	"0.01"	"0.005"	"0.01"	"100000"	"10000"	"200"	"250159947734085476"	15000	"slope"	-0.36998349
"0.7"	"0.85"	"0.1"	"0.01"	"0.005"	"0.01"	"100000"	"10000"	"200"	"250159947734085476"	15000	"intercept"	0.48191842
"0.7"	"0.85"	"0.1"	"0.01"	"0.005"	"0.01"	"100000"	"10000"	"200"	"250159947734085476"	20000	"slope"	-0.427544985
"0.7"	"0.85"	"0.1"	"0.01"	"0.005"	"0.01"	"100000"	"10000"	"200"	"250159947734085476"	20000	"intercept"	0.52397805
"0.7"	"0.85"	"0.1"	"0.01"	"0.005"	"0.01"	"100000"	"10000"	"200"	"250159947734085476"	25000	"slope"	-0.448433315
"0.7"	"0.85"	"0.1"	"0.01"	"0.005"	"0.01"	"100000"	"10000"	"200"	"250159947734085476"	25000	"intercept"	0.542451285
"0.7"	"0.85"	"0.1"	"0.01"	"0.005"	"0.01"	"100000"	"10000"	"200"	"250159947734085476"	30000	"slope"	-0.451191575
"0.7"	"0.85"	"0.1"	"0.01"	"0.005"	"0.01"	"100000"	"10000"	"200"	"250159947734085476"	30000	"intercept"	0.548339795
"0.7"	"0.85"	"0.1"	"0.01"	"0.005"	"0.01"	"100000"	"10000"	"200"	"250159947734085476"	35000	"slope"	-0.4565058
"0.7"	"0.85"	"0.1"	"0.01"	"0.005"	"0.01"	"100000"	"10000"	"200"	"250159947734085476"	35000	"intercept"	0.548735485
"0.7"	"0.85"	"0.1"	"0.01"	"0.005"	"0.01"	"100000"	"10000"	"200"	"250159947734085476"	40000	"slope"	-0.44161687
"0.7"	"0.85"	"0.1"	"0.01"	"0.005"	"0.01"	"100000"	"10000"	"200"	"250159947734085476"	40000	"intercept"	0.537332755
"0.7"	"0.85"	"0.1"	"0.01"	"0.005"	"0.01"	"100000"	"10000"	"200"	"250159947734085476"	45000	"slope"	-0.411502625
"0.7"	"0.85"	"0.1"	"0.01"	"0.005"	"0.01"	"100000"	"10000"	"200"	"250159947734085476"	45000	"intercept"	0.512506485
"0.7"	"0.85"	"0.1"	"0.01"	"0.005"	"0.01"	"100000"	"10000"	"200"	"250159947734085476"	50000	"slope"	-0.42607984
"0.7"	"0.85"	"0.1"	"0.01"	"0.005"	"0.01"	"100000"	"10000"	"200"	"250159947734085476"	50000	"intercept"	0.53102014
"0.7"	"0.85"	"0.1"	"0.01"	"0.005"	"0.01"	"100000"	"10000"	"200"	"250159947734085476"	55000	"slope"	-0.43051979
"0.7"	"0.85"	"0.1"	"0.01"	"0.005"	"0.01"	"100000"	"10000"	"200"	"250159947734085476"	55000	"intercept"	0.524421355
"0.7"	"0.85"	"0.1"	"0.01"	"0.005"	"0.01"	"100000"	"10000"	"200"	"250159947734085476"	60000	"slope"	-0.443537155
"0.7"	"0.85"	"0.1"	"0.01"	"0.005"	"0.01"	"100000"	"10000"	"200"	"250159947734085476"	60000	"intercept"	0.54726083
"0.7"	"0.85"	"0.1"	"0.01"	"0.005"	"0.01"	"100000"	"10000"	"200"	"250159947734085476"	65000	"slope"	-0.409039185
"0.7"	"0.85"	"0.1"	"0.01"	"0.005"	"0.01"	"100000"	"10000"	"200"	"250159947734085476"	65000	"intercept"	0.510375695
"0.7"	"0.85"	"0.1"	"0.01"	"0.005"	"0.01"	"100000"	"10000"	"200"	"250159947734085476"	70000	"slope"	-0.42585953
"0.7"	"0.85"	"0.1"	"0.01"	"0.005"	"0.01"	"100000"	"10000"	"200"	"250159947734085476"	70000	"intercept"	0.522025625
"0.7"	"0.85"	"0.1"	"0.01"	"0.005"	"0.01"	"100000"	"10000"	"200"	"250159947734085476"	75000	"slope"	-0.45114582
"0.7"	"0.85"	"0.1"	"0.01"	"0.005"	"0.01"	"100000"	"10000"	"200"	"250159947734085476"	75000	"intercept"	0.543060035
"0.7"	"0.85"	"0.1"	"0.01"	"0.005"	"0.01"	"100000"	"10000"	"200"	"250159947734085476"	80000	"slope"	-0.426975275
"0.7"	"0.85"	"0.1"	"0.01"	"0.005"	"0.01"	"100000"	"10000"	"200"	"250159947734085476"	80000	"intercept"	0.51941959
"0.7"	"0.85"	"0.1"	"0.01"	"0.005"	"0.01"	"100000"	"10000"	"200"	"250159947734085476"	85000	"slope"	-0.416699555
"0.7"	"0.85"	"0.1"	"0.01"	"0.005"	"0.01"	"100000"	"10000"	"200"	"250159947734085476"	85000	"intercept"	0.51533408
"0.7"	"0.85"	"0.1"	"0.01"	"0.005"	"0.01"	"100000"	"10000"	"200"	"250159947734085476"	90000	"slope"	-0.435501705
"0.7"	"0.85"	"0.1"	"0.01"	"0.005"	"0.01"	"100000"	"10000"	"200"	"250159947734085476"	90000	"intercept"	0.528173835
"0.7"	"0.85"	"0.1"	"0.01"	"0.005"	"0.01"	"100000"	"10000"	"200"	"250159947734085476"	95000	"slope"	-0.42633811
"0.7"	"0.85"	"0.1"	"0.01"	"0.005"	"0.01"	"100000"	"10000"	"200"	"250159947734085476"	95000	"intercept"	0.52331897
"0.7"	"0.85"	"0.1"	"0.01"	"0.005"	"0.01"	"100000"	"10000"	"200"	"250159947734085476"	100000	"slope"	-0.41734157
"0.7"	"0.85"	"0.1"	"0.01"	"0.005"	"0.01"	"100000"	"10000"	"200"	"250159947734085476"	100000	"intercept"	0.51710162
"0.7"	"0.85"	"0.1"	"0.01"	"0.005"	"0.01"	"100000"	"10000"	"200"	"5575132899331168515"	10	"slope"	-3.188267e-05
"0.7"	"0.85"	"0.1"	"0.01"	"0.005"	"0.01"	"100000"	"10000"	"200"	"5575132899331168515"	10	"intercept"	0.50000875
"0.7"	"0.85"	"0.1"	"0.01"	"0.005"	"0.01"	"100000"	"10000"	"200"	"5575132899331168515"	5000	"slope"	-0.170201565
"0.7"	"0.85"	"0.1"	"0.01"	"0.005"	"0.01"	"100000"	"10000"	"200"	"5575132899331168515"	5000	"intercept"	0.34692902
"0.7"	"0.85"	"0.1"	"0.01"	"0.005"	"0.01"	"100000"	"10000"	"200"	"5575132899331168515"	10000	"slope"	-0.23858398
"0.7"	"0.85"	"0.1"	"0.01"	"0.005"	"0.01"	"100000"	"10000"	"200"	"5575132899331168515"	10000	"intercept"	0.386426375
"0.7"	"0.85"	"0.1"	"0.01"	"0.005"	"0.01"	"100000"	"10000"	"200"	"5575132899331168515"	15000	"slope"	-0.324095825
"0.7"	"0.85"	"0.1"	"0.01"	"0.005"	"0.01"	"100000"	"10000"	"200"	"5575132899331168515"	15000	"intercept"	0.4473038
"0.7"	"0.85"	"0.1"	"0.01"	"0.005"	"0.01"	"100000"	"10000"	"200"	"5575132899331168515"	20000	"slope"	-0.36870375
"0.7"	"0.85"	"0.1"	"0.01"	"0.005"	"0.01"	"100000"	"10000"	"200"	"5575132899331168515"	20000	"intercept"	0.48203257
"0.7"	"0.85"	"0.1"	"0.01"	"0.005"	"0.01"	"100000"	"10000"	"200"	"5575132899331168515"	25000	"slope"	-0.411843915
"0.7"	"0.85"	"0.1"	"0.01"	"0.005"	"0.01"	"100000"	"10000"	"200"	"5575132899331168515"	25000	"intercept"	0.512819915
"0.7"	"0.85"	"0.1"	"0.01"	"0.005"	"0.01"	"100000"	"10000"	"200"	"5575132899331168515"	30000	"slope"	-0.43351932
"0.7"	"0.85"	"0.1"	"0.01"	"0.005"	"0.01"	"100000"	"10000"	"200"	"5575132899331168515"	30000	"intercept"	0.53131349
"0.7"	"0.85"	"0.1"	"0.01"	"0.005"	"0.01"	"100000"	"10000"	"200"	"5575132899331168515"	35000	"slope"	-0.438382375
"0.7"	"0.85"	"0.1"	"0.01"	"0.005"	"0.01"	"100000"	"10000"	"200"	"5575132899331168515"	35000	"intercept"	0.53304622
"0.7"	"0.85"	"0.1"	"0.01"	"0.005"	"0.01"	"100000"	"10000"	"200"	"5575132899331168515"	40000	"slope"	-0.39917608
"0.7"	"0.85"	"0.1"	"0.01"	"0.005"	"0.01"	"100000"	"10000"	"200"	"5575132899331168515"	40000	"intercept"	0.502880265
"0.7"	"0.85"	"0.1"	"0.01"	"0.005"	"0.01"	"100000"	"10000"	"200"	"5575132899331168515"	45000	"slope"	-0.43384531
"0.7"	"0.85"	"0.1"	"0.01"	"0.005"	"0.01"	"100000"	"10000"	"200"	"5575132899331168515"	45000	"intercept"	0.52459994
"0.7"	"0.85"	"0.1"	"0.01"	"0.005"	"0.01"	"100000"	"10000"	"200"	"5575132899331168515"	50000	"slope"	-0.407627085
"0.7"	"0.85"	"0.1"	"0.01"	"0.005"	"0.01"	"100000"	"10000"	"200"	"5575132899331168515"	50000	"intercept"	0.51071895
"0.7"	"0.85"	"0.1"	"0.01"	"0.005"	"0.01"	"100000"	"10000"	"200"	"5575132899331168515"	55000	"slope"	-0.434436485
"0.7"	"0.85"	"0.1"	"0.01"	"0.005"	"0.01"	"100000"	"10000"	"200"	"5575132899331168515"	55000	"intercept"	0.538375585
"0.7"	"0.85"	"0.1"	"0.01"	"0.005"	"0.01"	"100000"	"10000"	"200"	"5575132899331168515"	60000	"slope"	-0.41166164
"0.7"	"0.85"	"0.1"	"0.01"	"0.005"	"0.01"	"100000"	"10000"	"200"	"5575132899331168515"	60000	"intercept"	0.518810845
"0.7"	"0.85"	"0.1"	"0.01"	"0.005"	"0.01"	"100000"	"10000"	"200"	"5575132899331168515"	65000	"slope"	-0.43999336
"0.7"	"0.85"	"0.1"	"0.01"	"0.005"	"0.01"	"100000"	"10000"	"200"	"5575132899331168515"	65000	"intercept"	0.53207792
"0.7"	"0.85"	"0.1"	"0.01"	"0.005"	"0.01"	"100000"	"10000"	"200"	"5575132899331168515"	70000	"slope"	-0.458640605
"0.7"	"0.85"	"0.1"	"0.01"	"0.005"	"0.01"	"100000"	"10000"	"200"	"5575132899331168515"	70000	"intercept"	0.547806675
"0.7"	"0.85"	"0.1"	"0.01"	"0.005"	"0.01"	"100000"	"10000"	"200"	"5575132899331168515"	75000	"slope"	-0.436288185
"0.7"	"0.85"	"0.1"	"0.01"	"0.005"	"0.01"	"100000"	"10000"	"200"	"5575132899331168515"	75000	"intercept"	0.531110635
"0.7"	"0.85"	"0.1"	"0.01"	"0.005"	"0.01"	"100000"	"10000"	"200"	"5575132899331168515"	80000	"slope"	-0.399271775
"0.7"	"0.85"	"0.1"	"0.01"	"0.005"	"0.01"	"100000"	"10000"	"200"	"5575132899331168515"	80000	"intercept"	0.50555822
"0.7"	"0.85"	"0.1"	"0.01"	"0.005"	"0.01"	"100000"	"10000"	"200"	"5575132899331168515"	85000	"slope"	-0.428413425
"0.7"	"0.85"	"0.1"	"0.01"	"0.005"	"0.01"	"100000"	"10000"	"200"	"5575132899331168515"	85000	"intercept"	0.5263043
"0.7"	"0.85"	"0.1"	"0.01"	"0.005"	"0.01"	"100000"	"10000"	"200"	"5575132899331168515"	90000	"slope"	-0.433776655
"0.7"	"0.85"	"0.1"	"0.01"	"0.005"	"0.01"	"100000"	"10000"	"200"	"5575132899331168515"	90000	"intercept"	0.527305285
"0.7"	"0.85"	"0.1"	"0.01"	"0.005"	"0.01"	"100000"	"10000"	"200"	"5575132899331168515"	95000	"slope"	-0.45579747
"0.7"	"0.85"	"0.1"	"0.01"	"0.005"	"0.01"	"100000"	"10000"	"200"	"5575132899331168515"	95000	"intercept"	0.55104834
"0.7"	"0.85"	"0.1"	"0.01"	"0.005"	"0.01"	"100000"	"10000"	"200"	"5575132899331168515"	100000	"slope"	-0.464826505
"0.7"	"0.85"	"0.1"	"0.01"	"0.005"	"0.01"	"100000"	"10000"	"200"	"5575132899331168515"	100000	"intercept"	0.55844638
"0.7"	"0.85"	"0.1"	"0.01"	"0.005"	"0.01"	"100000"	"10000"	"200"	"6044943528320450587"	10	"slope"	-0.00016557615
"0.7"	"0.85"	"0.1"	"0.01"	"0.005"	"0.01"	"100000"	"10000"	"200"	"6044943528320450587"	10	"intercept"	0.49994394
"0.7"	"0.85"	"0.1"	"0.01"	"0.005"	"0.01"	"100000"	"10000"	"200"	"6044943528320450587"	5000	"slope"	-0.180307525
"0.7"	"0.85"	"0.1"	"0.01"	"0.005"	"0.01"	"100000"	"10000"	"200"	"6044943528320450587"	5000	"intercept"	0.35844552
"0.7"	"0.85"	"0.1"	"0.01"	"0.005"	"0.01"	"100000"	"10000"	"200"	"6044943528320450587"	10000	"slope"	-0.286990625
"0.7"	"0.85"	"0.1"	"0.01"	"0.005"	"0.01"	"100000"	"10000"	"200"	"6044943528320450587"	10000	"intercept"	0.41137785
"0.7"	"0.85"	"0.1"	"0.01"	"0.005"	"0.01"	"100000"	"10000"	"200"	"6044943528320450587"	15000	"slope"	-0.361377725
"0.7"	"0.85"	"0.1"	"0.01"	"0.005"	"0.01"	"100000"	"10000"	"200"	"6044943528320450587"	15000	"intercept"	0.477166755
"0.7"	"0.85"	"0.1"	"0.01"	"0.005"	"0.01"	"100000"	"10000"	"200"	"6044943528320450587"	20000	"slope"	-0.37476558
"0.7"	"0.85"	"0.1"	"0.01"	"0.005"	"0.01"	"100000"	"10000"	"200"	"6044943528320450587"	20000	"intercept"	0.48461555
"0.7"	"0.85"	"0.1"	"0.01"	"0.005"	"0.01"	"100000"	"10000"	"200"	"6044943528320450587"	25000	"slope"	-0.404518495
"0.7"	"0.85"	"0.1"	"0.01"	"0.005"	"0.01"	"100000"	"10000"	"200"	"6044943528320450587"	25000	"intercept"	0.507265395
"0.7"	"0.85"	"0.1"	"0.01"	"0.005"	"0.01"	"100000"	"10000"	"200"	"6044943528320450587"	30000	"slope"	-0.40395943
"0.7"	"0.85"	"0.1"	"0.01"	"0.005"	"0.01"	"100000"	"10000"	"200"	"6044943528320450587"	30000	"intercept"	0.51208528
"0.7"	"0.85"	"0.1"	"0.01"	"0.005"	"0.01"	"100000"	"10000"	"200"	"6044943528320450587"	35000	"slope"	-0.426936655
"0.7"	"0.85"	"0.1"	"0.01"	"0.005"	"0.01"	"100000"	"10000"	"200"	"6044943528320450587"	35000	"intercept"	0.52250864
"0.7"	"0.85"	"0.1"	"0.01"	"0.005"	"0.01"	"100000"	"10000"	"200"	"6044943528320450587"	40000	"slope"	-0.42268884
"0.7"	"0.85"	"0.1"	"0.01"	"0.005"	"0.01"	"100000"	"10000"	"200"	"6044943528320450587"	40000	"intercept"	0.513564735
"0.7"	"0.85"	"0.1"	"0.01"	"0.005"	"0.01"	"100000"	"10000"	"200"	"6044943528320450587"	45000	"slope"	-0.449379635
"0.7"	"0.85"	"0.1"	"0.01"	"0.005"	"0.01"	"100000"	"10000"	"200"	"6044943528320450587"	45000	"intercept"	0.539618915
"0.7"	"0.85"	"0.1"	"0.01"	"0.005"	"0.01"	"100000"	"10000"	"200"	"6044943528320450587"	50000	"slope"	-0.400323685
"0.7"	"0.85"	"0.1"	"0.01"	"0.005"	"0.01"	"100000"	"10000"	"200"	"6044943528320450587"	50000	"intercept"	0.50705951
"0.7"	"0.85"	"0.1"	"0.01"	"0.005"	"0.01"	"100000"	"10000"	"200"	"6044943528320450587"	55000	"slope"	-0.39317395
"0.7"	"0.85"	"0.1"	"0.01"	"0.005"	"0.01"	"100000"	"10000"	"200"	"6044943528320450587"	55000	"intercept"	0.499487165
"0.7"	"0.85"	"0.1"	"0.01"	"0.005"	"0.01"	"100000"	"10000"	"200"	"6044943528320450587"	60000	"slope"	-0.40047918
"0.7"	"0.85"	"0.1"	"0.01"	"0.005"	"0.01"	"100000"	"10000"	"200"	"6044943528320450587"	60000	"intercept"	0.50850761
"0.7"	"0.85"	"0.1"	"0.01"	"0.005"	"0.01"	"100000"	"10000"	"200"	"6044943528320450587"	65000	"slope"	-0.43640005
"0.7"	"0.85"	"0.1"	"0.01"	"0.005"	"0.01"	"100000"	"10000"	"200"	"6044943528320450587"	65000	"intercept"	0.5352079
"0.7"	"0.85"	"0.1"	"0.01"	"0.005"	"0.01"	"100000"	"10000"	"200"	"6044943528320450587"	70000	"slope"	-0.4390526
"0.7"	"0.85"	"0.1"	"0.01"	"0.005"	"0.01"	"100000"	"10000"	"200"	"6044943528320450587"	70000	"intercept"	0.536903105
"0.7"	"0.85"	"0.1"	"0.01"	"0.005"	"0.01"	"100000"	"10000"	"200"	"6044943528320450587"	75000	"slope"	-0.450235055
"0.7"	"0.85"	"0.1"	"0.01"	"0.005"	"0.01"	"100000"	"10000"	"200"	"6044943528320450587"	75000	"intercept"	0.5438094
"0.7"	"0.85"	"0.1"	"0.01"	"0.005"	"0.01"	"100000"	"10000"	"200"	"6044943528320450587"	80000	"slope"	-0.428478685
"0.7"	"0.85"	"0.1"	"0.01"	"0.005"	"0.01"	"100000"	"10000"	"200"	"6044943528320450587"	80000	"intercept"	0.52440274
"0.7"	"0.85"	"0.1"	"0.01"	"0.005"	"0.01"	"100000"	"10000"	"200"	"6044943528320450587"	85000	"slope"	-0.45039007
"0.7"	"0.85"	"0.1"	"0.01"	"0.005"	"0.01"	"100000"	"10000"	"200"	"6044943528320450587"	85000	"intercept"	0.551695355
"0.7"	"0.85"	"0.1"	"0.01"	"0.005"	"0.01"	"100000"	"10000"	"200"	"6044943528320450587"	90000	"slope"	-0.46215479
"0.7"	"0.85"	"0.1"	"0.01"	"0.005"	"0.01"	"100000"	"10000"	"200"	"6044943528320450587"	90000	"intercept"	0.55989967
"0.7"	"0.85"	"0.1"	"0.01"	"0.005"	"0.01"	"100000"	"10000"	"200"	"6044943528320450587"	95000	"slope"	-0.453607975
"0.7"	"0.85"	"0.1"	"0.01"	"0.005"	"0.01"	"100000"	"10000"	"200"	"6044943528320450587"	95000	"intercept"	0.543777305
"0.7"	"0.85"	"0.1"	"0.01"	"0.005"	"0.01"	"100000"	"10000"	"200"	"6044943528320450587"	100000	"slope"	-0.42445082
"0.7"	"0.85"	"0.1"	"0.01"	"0.005"	"0.01"	"100000"	"10000"	"200"	"6044943528320450587"	100000	"intercept"	0.52885377
"0.9"	"0.0"	"0.1"	"0.01"	"0.005"	"0.01"	"100000"	"10000"	"200"	"1156037581111634554"	10	"slope"	3.2121285e-05
"0.9"	"0.0"	"0.1"	"0.01"	"0.005"	"0.01"	"100000"	"10000"	"200"	"1156037581111634554"	10	"intercept"	0.50023646
"0.9"	"0.0"	"0.1"	"0.01"	"0.005"	"0.01"	"100000"	"10000"	"200"	"1156037581111634554"	5000	"slope"	0.0596144298
"0.9"	"0.0"	"0.1"	"0.01"	"0.005"	"0.01"	"100000"	"10000"	"200"	"1156037581111634554"	5000	"intercept"	0.66278009
"0.9"	"0.0"	"0.1"	"0.01"	"0.005"	"0.01"	"100000"	"10000"	"200"	"1156037581111634554"	10000	"slope"	-0.002573029808
"0.9"	"0.0"	"0.1"	"0.01"	"0.005"	"0.01"	"100000"	"10000"	"200"	"1156037581111634554"	10000	"intercept"	0.692685335
"0.9"	"0.0"	"0.1"	"0.01"	"0.005"	"0.01"	"100000"	"10000"	"200"	"1156037581111634554"	15000	"slope"	-0.000499008385
"0.9"	"0.0"	"0.1"	"0.01"	"0.005"	"0.01"	"100000"	"10000"	"200"	"1156037581111634554"	15000	"intercept"	0.68851769
"0.9"	"0.0"	"0.1"	"0.01"	"0.005"	"0.01"	"100000"	"10000"	"200"	"1156037581111634554"	20000	"slope"	-0.02525062194
"0.9"	"0.0"	"0.1"	"0.01"	"0.005"	"0.01"	"100000"	"10000"	"200"	"1156037581111634554"	20000	"intercept"	0.709345535
"0.9"	"0.0"	"0.1"	"0.01"	"0.005"	"0.01"	"100000"	"10000"	"200"	"1156037581111634554"	25000	"slope"	-0.01402462869
"0.9"	"0.0"	"0.1"	"0.01"	"0.005"	"0.01"	"100000"	"10000"	"200"	"1156037581111634554"	25000	"intercept"	0.693429455
"0.9"	"0.0"	"0.1"	"0.01"	"0.005"	"0.01"	"100000"	"10000"	"200"	"1156037581111634554"	30000	"slope"	-0.001706480329
"0.9"	"0.0"	"0.1"	"0.01"	"0.005"	"0.01"	"100000"	"10000"	"200"	"1156037581111634554"	30000	"intercept"	0.68588896
"0.9"	"0.0"	"0.1"	"0.01"	"0.005"	"0.01"	"100000"	"10000"	"200"	"1156037581111634554"	35000	"slope"	0.00769299264
"0.9"	"0.0"	"0.1"	"0.01"	"0.005"	"0.01"	"100000"	"10000"	"200"	"1156037581111634554"	35000	"intercept"	0.689005545
"0.9"	"0.0"	"0.1"	"0.01"	"0.005"	"0.01"	"100000"	"10000"	"200"	"1156037581111634554"	40000	"slope"	0.006926707235
"0.9"	"0.0"	"0.1"	"0.01"	"0.005"	"0.01"	"100000"	"10000"	"200"	"1156037581111634554"	40000	"intercept"	0.685800015
"0.9"	"0.0"	"0.1"	"0.01"	"0.005"	"0.01"	"100000"	"10000"	"200"	"1156037581111634554"	45000	"slope"	-0.030434204695
"0.9"	"0.0"	"0.1"	"0.01"	"0.005"	"0.01"	"100000"	"10000"	"200"	"1156037581111634554"	45000	"intercept"	0.711597355
"0.9"	"0.0"	"0.1"	"0.01"	"0.005"	"0.01"	"100000"	"10000"	"200"	"1156037581111634554"	50000	"slope"	0.00489782125
"0.9"	"0.0"	"0.1"	"0.01"	"0.005"	"0.01"	"100000"	"10000"	"200"	"1156037581111634554"	50000	"intercept"	0.692581245
"0.9"	"0.0"	"0.1"	"0.01"	"0.005"	"0.01"	"100000"	"10000"	"200"	"1156037581111634554"	55000	"slope"	0.00389948395
"0.9"	"0.0"	"0.1"	"0.01"	"0.005"	"0.01"	"100000"	"10000"	"200"	"1156037581111634554"	55000	"intercept"	0.686962445
"0.9"	"0.0"	"0.1"	"0.01"	"0.005"	"0.01"	"100000"	"10000"	"200"	"1156037581111634554"	60000	"slope"	0.01562415274
"0.9"	"0.0"	"0.1"	"0.01"	"0.005"	"0.01"	"100000"	"10000"	"200"	"1156037581111634554"	60000	"intercept"	0.684931115
"0.9"	"0.0"	"0.1"	"0.01"	"0.005"	"0.01"	"100000"	"10000"	"200"	"1156037581111634554"	65000	"slope"	0.017202374975
"0.9"	"0.0"	"0.1"	"0.01"	"0.005"	"0.01"	"100000"	"10000"	"200"	"1156037581111634554"	65000	"intercept"	0.680482625
"0.9"	"0.0"	"0.1"	"0.01"	"0.005"	"0.01"	"100000"	"10000"	"200"	"1156037581111634554"	70000	"slope"	-0.0059350228735
"0.9"	"0.0"	"0.1"	"0.01"	"0.005"	"0.01"	"100000"	"10000"	"200"	"1156037581111634554"	70000	"intercept"	0.68978411
"0.9"	"0.0"	"0.1"	"0.01"	"0.005"	"0.01"	"100000"	"10000"	"200"	"1156037581111634554"	75000	"slope"	0.0247653161715
"0.9"	"0.0"	"0.1"	"0.01"	"0.005"	"0.01"	"100000"	"10000"	"200"	"1156037581111634554"	75000	"intercept"	0.685664355
"0.9"	"0.0"	"0.1"	"0.01"	"0.005"	"0.01"	"100000"	"10000"	"200"	"1156037581111634554"	80000	"slope"	-0.029178123372
"0.9"	"0.0"	"0.1"	"0.01"	"0.005"	"0.01"	"100000"	"10000"	"200"	"1156037581111634554"	80000	"intercept"	0.705172985
"0.9"	"0.0"	"0.1"	"0.01"	"0.005"	"0.01"	"100000"	"10000"	"200"	"1156037581111634554"	85000	"slope"	-0.005323145593
"0.9"	"0.0"	"0.1"	"0.01"	"0.005"	"0.01"	"100000"	"10000"	"200"	"1156037581111634554"	85000	"intercept"	0.690975915
"0.9"	"0.0"	"0.1"	"0.01"	"0.005"	"0.01"	"100000"	"10000"	"200"	"1156037581111634554"	90000	"slope"	-0.01808317072
"0.9"	"0.0"	"0.1"	"0.01"	"0.005"	"0.01"	"100000"	"10000"	"200"	"1156037581111634554"	90000	"intercept"	0.69548834
"0.9"	"0.0"	"0.1"	"0.01"	"0.005"	"0.01"	"100000"	"10000"	"200"	"1156037581111634554"	95000	"slope"	-0.00473449967
"0.9"	"0.0"	"0.1"	"0.01"	"0.005"	"0.01"	"100000"	"10000"	"200"	"1156037581111634554"	95000	"intercept"	0.682767155
"0.9"	"0.0"	"0.1"	"0.01"	"0.005"	"0.01"	"100000"	"10000"	"200"	"1156037581111634554"	100000	"slope"	0.006601516775
"0.9"	"0.0"	"0.1"	"0.01"	"0.005"	"0.01"	"100000"	"10000"	"200"	"1156037581111634554"	100000	"intercept"	0.69311051
"0.9"	"0.0"	"0.1"	"0.01"	"0.005"	"0.01"	"100000"	"10000"	"200"	"3319206867219199410"	10	"slope"	-2.6104915e-05
"0.9"	"0.0"	"0.1"	"0.01"	"0.005"	"0.01"	"100000"	"10000"	"200"	"3319206867219199410"	10	"intercept"	0.50001364
"0.9"	"0.0"	"0.1"	"0.01"	"0.005"	"0.01"	"100000"	"10000"	"200"	"3319206867219199410"	5000	"slope"	0.056266781185
"0.9"	"0.0"	"0.1"	"0.01"	"0.005"	"0.01"	"100000"	"10000"	"200"	"3319206867219199410"	5000	"intercept"	0.664592265
"0.9"	"0.0"	"0.1"	"0.01"	"0.005"	"0.01"	"100000"	"10000"	"200"	"3319206867219199410"	10000	"slope"	0.0597105655
"0.9"	"0.0"	"0.1"	"0.01"	"0.005"	"0.01"	"100000"	"10000"	"200"	"3319206867219199410"	10000	"intercept"	0.665778745
"0.9"	"0.0"	"0.1"	"0.01"	"0.005"	"0.01"	"100000"	"10000"	"200"	"3319206867219199410"	15000	"slope"	0.01267438664
"0.9"	"0.0"	"0.1"	"0.01"	"0.005"	"0.01"	"100000"	"10000"	"200"	"3319206867219199410"	15000	"intercept"	0.68805349
"0.9"	"0.0"	"0.1"	"0.01"	"0.005"	"0.01"	"100000"	"10000"	"200"	"3319206867219199410"	20000	"slope"	0.0208247673045
"0.9"	"0.0"	"0.1"	"0.01"	"0.005"	"0.01"	"100000"	"10000"	"200"	"3319206867219199410"	20000	"intercept"	0.68698088
"0.9"	"0.0"	"0.1"	"0.01"	"0.005"	"0.01"	"100000"	"10000"	"200"	"3319206867219199410"	25000	"slope"	-0.00240256081
"0.9"	"0.0"	"0.1"	"0.01"	"0.005"	"0.01"	"100000"	"10000"	"200"	"3319206867219199410"	25000	"intercept"	0.697204945
"0.9"	"0.0"	"0.1"	"0.01"	"0.005"	"0.01"	"100000"	"10000"	"200"	"3319206867219199410"	30000	"slope"	-0.0212290266275
"0.9"	"0.0"	"0.1"	"0.01"	"0.005"	"0.01"	"100000"	"10000"	"200"	"3319206867219199410"	30000	"intercept"	0.701919885
"0.9"	"0.0"	"0.1"	"0.01"	"0.005"	"0.01"	"100000"	"10000"	"200"	"3319206867219199410"	35000	"slope"	-0.0248421171
"0.9"	"0.0"	"0.1"	"0.01"	"0.005"	"0.01"	"100000"	"10000"	"200"	"3319206867219199410"	35000	"intercept"	0.70026173
"0.9"	"0.0"	"0.1"	"0.01"	"0.005"	"0.01"	"100000"	"10000"	"200"	"3319206867219199410"	40000	"slope"	0.002608052952
"0.9"	"0.0"	"0.1"	"0.01"	"0.005"	"0.01"	"100000"	"10000"	"200"	"3319206867219199410"	40000	"intercept"	0.68888991
"0.9"	"0.0"	"0.1"	"0.01"	"0.005"	"0.01"	"100000"	"10000"	"200"	"3319206867219199410"	45000	"slope"	0.000625621972305
"0.9"	"0.0"	"0.1"	"0.01"	"0.005"	"0.01"	"100000"	"10000"	"200"	"3319206867219199410"	45000	"intercept"	0.692050265
"0.9"	"0.0"	"0.1"	"0.01"	"0.005"	"0.01"	"100000"	"10000"	"200"	"3319206867219199410"	50000	"slope"	-0.00881358981
"0.9"	"0.0"	"0.1"	"0.01"	"0.005"	"0.01"	"100000"	"10000"	"200"	"3319206867219199410"	50000	"intercept"	0.688830795
"0.9"	"0.0"	"0.1"	"0.01"	"0.005"	"0.01"	"100000"	"10000"	"200"	"3319206867219199410"	55000	"slope"	-0.027034740525
"0.9"	"0.0"	"0.1"	"0.01"	"0.005"	"0.01"	"100000"	"10000"	"200"	"3319206867219199410"	55000	"intercept"	0.69559087
"0.9"	"0.0"	"0.1"	"0.01"	"0.005"	"0.01"	"100000"	"10000"	"200"	"3319206867219199410"	60000	"slope"	-0.0262645668
"0.9"	"0.0"	"0.1"	"0.01"	"0.005"	"0.01"	"100000"	"10000"	"200"	"3319206867219199410"	60000	"intercept"	0.69624803
"0.9"	"0.0"	"0.1"	"0.01"	"0.005"	"0.01"	"100000"	"10000"	"200"	"3319206867219199410"	65000	"slope"	-0.016656204827
"0.9"	"0.0"	"0.1"	"0.01"	"0.005"	"0.01"	"100000"	"10000"	"200"	"3319206867219199410"	65000	"intercept"	0.699952935
"0.9"	"0.0"	"0.1"	"0.01"	"0.005"	"0.01"	"100000"	"10000"	"200"	"3319206867219199410"	70000	"slope"	-0.034836023525
"0.9"	"0.0"	"0.1"	"0.01"	"0.005"	"0.01"	"100000"	"10000"	"200"	"3319206867219199410"	70000	"intercept"	0.703674555
"0.9"	"0.0"	"0.1"	"0.01"	"0.005"	"0.01"	"100000"	"10000"	"200"	"3319206867219199410"	75000	"slope"	-0.009214258195
"0.9"	"0.0"	"0.1"	"0.01"	"0.005"	"0.01"	"100000"	"10000"	"200"	"3319206867219199410"	75000	"intercept"	0.69700224
"0.9"	"0.0"	"0.1"	"0.01"	"0.005"	"0.01"	"100000"	"10000"	"200"	"3319206867219199410"	80000	"slope"	-0.015223454245
"0.9"	"0.0"	"0.1"	"0.01"	"0.005"	"0.01"	"100000"	"10000"	"200"	"3319206867219199410"	80000	"intercept"	0.696491655
"0.9"	"0.0"	"0.1"	"0.01"	"0.005"	"0.01"	"100000"	"10000"	"200"	"3319206867219199410"	85000	"slope"	0.007303035585
"0.9"	"0.0"	"0.1"	"0.01"	"0.005"	"0.01"	"100000"	"10000"	"200"	"3319206867219199410"	85000	"intercept"	0.696210685
"0.9"	"0.0"	"0.1"	"0.01"	"0.005"	"0.01"	"100000"	"10000"	"200"	"3319206867219199410"	90000	"slope"	-0.003818458155
"0.9"	"0.0"	"0.1"	"0.01"	"0.005"	"0.01"	"100000"	"10000"	"200"	"3319206867219199410"	90000	"intercept"	0.698939245
"0.9"	"0.0"	"0.1"	"0.01"	"0.005"	"0.01"	"100000"	"10000"	"200"	"3319206867219199410"	95000	"slope"	0.010589724375
"0.9"	"0.0"	"0.1"	"0.01"	"0.005"	"0.01"	"100000"	"10000"	"200"	"3319206867219199410"	95000	"intercept"	0.68736579
"0.9"	"0.0"	"0.1"	"0.01"	"0.005"	"0.01"	"100000"	"10000"	"200"	"3319206867219199410"	100000	"slope"	0.00740465529
"0.9"	"0.0"	"0.1"	"0.01"	"0.005"	"0.01"	"100000"	"10000"	"200"	"3319206867219199410"	100000	"intercept"	0.68376656
"0.9"	"0.0"	"0.1"	"0.01"	"0.005"	"0.01"	"100000"	"10000"	"200"	"4571732965659584252"	10	"slope"	-0.000213389475
"0.9"	"0.0"	"0.1"	"0.01"	"0.005"	"0.01"	"100000"	"10000"	"200"	"4571732965659584252"	10	"intercept"	0.50007343
"0.9"	"0.0"	"0.1"	"0.01"	"0.005"	"0.01"	"100000"	"10000"	"200"	"4571732965659584252"	5000	"slope"	0.05698150267
"0.9"	"0.0"	"0.1"	"0.01"	"0.005"	"0.01"	"100000"	"10000"	"200"	"4571732965659584252"	5000	"intercept"	0.6699498
"0.9"	"0.0"	"0.1"	"0.01"	"0.005"	"0.01"	"100000"	"10000"	"200"	"4571732965659584252"	10000	"slope"	0.01120996101
"0.9"	"0.0"	"0.1"	"0.01"	"0.005"	"0.01"	"100000"	"10000"	"200"	"4571732965659584252"	10000	"intercept"	0.68273497
"0.9"	"0.0"	"0.1"	"0.01"	"0.005"	"0.01"	"100000"	"10000"	"200"	"4571732965659584252"	15000	"slope"	0.019831743075
"0.9"	"0.0"	"0.1"	"0.01"	"0.005"	"0.01"	"100000"	"10000"	"200"	"4571732965659584252"	15000	"intercept"	0.679621885
"0.9"	"0.0"	"0.1"	"0.01"	"0.005"	"0.01"	"100000"	"10000"	"200"	"4571732965659584252"	20000	"slope"	0.00339407003
"0.9"	"0.0"	"0.1"	"0.01"	"0.005"	"0.01"	"100000"	"10000"	"200"	"4571732965659584252"	20000	"intercept"	0.683511875
"0.9"	"0.0"	"0.1"	"0.01"	"0.005"	"0.01"	"100000"	"10000"	"200"	"4571732965659584252"	25000	"slope"	0.000128127685
"0.9"	"0.0"	"0.1"	"0.01"	"0.005"	"0.01"	"100000"	"10000"	"200"	"4571732965659584252"	25000	"intercept"	0.68110086
"0.9"	"0.0"	"0.1"	"0.01"	"0.005"	"0.01"	"100000"	"10000"	"200"	"4571732965659584252"	30000	"slope"	0.02506469050995
"0.9"	"0.0"	"0.1"	"0.01"	"0.005"	"0.01"	"100000"	"10000"	"200"	"4571732965659584252"	30000	"intercept"	0.68195982
"0.9"	"0.0"	"0.1"	"0.01"	"0.005"	"0.01"	"100000"	"10000"	"200"	"4571732965659584252"	35000	"slope"	0.0202060465318
"0.9"	"0.0"	"0.1"	"0.01"	"0.005"	"0.01"	"100000"	"10000"	"200"	"4571732965659584252"	35000	"intercept"	0.68061293
"0.9"	"0.0"	"0.1"	"0.01"	"0.005"	"0.01"	"100000"	"10000"	"200"	"4571732965659584252"	40000	"slope"	-0.01887366518
"0.9"	"0.0"	"0.1"	"0.01"	"0.005"	"0.01"	"100000"	"10000"	"200"	"4571732965659584252"	40000	"intercept"	0.699769225
"0.9"	"0.0"	"0.1"	"0.01"	"0.005"	"0.01"	"100000"	"10000"	"200"	"4571732965659584252"	45000	"slope"	-0.035558993765
"0.9"	"0.0"	"0.1"	"0.01"	"0.005"	"0.01"	"100000"	"10000"	"200"	"4571732965659584252"	45000	"intercept"	0.70615536
"0.9"	"0.0"	"0.1"	"0.01"	"0.005"	"0.01"	"100000"	"10000"	"200"	"4571732965659584252"	50000	"slope"	-0.02959760097465
"0.9"	"0.0"	"0.1"	"0.01"	"0.005"	"0.01"	"100000"	"10000"	"200"	"4571732965659584252"	50000	"intercept"	0.702288075
"0.9"	"0.0"	"0.1"	"0.01"	"0.005"	"0.01"	"100000"	"10000"	"200"	"4571732965659584252"	55000	"slope"	-0.0110030312
"0.9"	"0.0"	"0.1"	"0.01"	"0.005"	"0.01"	"100000"	"10000"	"200"	"4571732965659584252"	55000	"intercept"	0.699449685
"0.9"	"0.0"	"0.1"	"0.01"	"0.005"	"0.01"	"100000"	"10000"	"200"	"4571732965659584252"	60000	"slope"	-0.0144028541475
"0.9"	"0.0"	"0.1"	"0.01"	"0.005"	"0.01"	"100000"	"10000"	"200"	"4571732965659584252"	60000	"intercept"	0.69855905
"0.9"	"0.0"	"0.1"	"0.01"	"0.005"	"0.01"	"100000"	"10000"	"200"	"4571732965659584252"	65000	"slope"	0.009268020545
"0.9"	"0.0"	"0.1"	"0.01"	"0.005"	"0.01"	"100000"	"10000"	"200"	"4571732965659584252"	65000	"intercept"	0.69733364
"0.9"	"0.0"	"0.1"	"0.01"	"0.005"	"0.01"	"100000"	"10000"	"200"	"4571732965659584252"	70000	"slope"	-0.039340132645
"0.9"	"0.0"	"0.1"	"0.01"	"0.005"	"0.01"	"100000"	"10000"	"200"	"4571732965659584252"	70000	"intercept"	0.70423166
"0.9"	"0.0"	"0.1"	"0.01"	"0.005"	"0.01"	"100000"	"10000"	"200"	"4571732965659584252"	75000	"slope"	-0.021584276865
"0.9"	"0.0"	"0.1"	"0.01"	"0.005"	"0.01"	"100000"	"10000"	"200"	"4571732965659584252"	75000	"intercept"	0.69915587
"0.9"	"0.0"	"0.1"	"0.01"	"0.005"	"0.01"	"100000"	"10000"	"200"	"4571732965659584252"	80000	"slope"	-0.00239503326
"0.9"	"0.0"	"0.1"	"0.01"	"0.005"	"0.01"	"100000"	"10000"	"200"	"4571732965659584252"	80000	"intercept"	0.698842135
"0.9"	"0.0"	"0.1"	"0.01"	"0.005"	"0.01"	"100000"	"10000"	"200"	"4571732965659584252"	85000	"slope"	-0.02028129322
"0.9"	"0.0"	"0.1"	"0.01"	"0.005"	"0.01"	"100000"	"10000"	"200"	"4571732965659584252"	85000	"intercept"	0.69998698
"0.9"	"0.0"	"0.1"	"0.01"	"0.005"	"0.01"	"100000"	"10000"	"200"	"4571732965659584252"	90000	"slope"	-0.0180175559
"0.9"	"0.0"	"0.1"	"0.01"	"0.005"	"0.01"	"100000"	"10000"	"200"	"4571732965659584252"	90000	"intercept"	0.693085475
"0.9"	"0.0"	"0.1"	"0.01"	"0.005"	"0.01"	"100000"	"10000"	"200"	"4571732965659584252"	95000	"slope"	0.004306225956
"0.9"	"0.0"	"0.1"	"0.01"	"0.005"	"0.01"	"100000"	"10000"	"200"	"4571732965659584252"	95000	"intercept"	0.690248135
"0.9"	"0.0"	"0.1"	"0.01"	"0.005"	"0.01"	"100000"	"10000"	"200"	"4571732965659584252"	100000	"slope"	-0.010567651885
"0.9"	"0.0"	"0.1"	"0.01"	"0.005"	"0.01"	"100000"	"10000"	"200"	"4571732965659584252"	100000	"intercept"	0.699533225
"0.9"	"0.0"	"0.1"	"0.01"	"0.005"	"0.01"	"100000"	"10000"	"200"	"5535581671726121067"	10	"slope"	3.4098715e-05
"0.9"	"0.0"	"0.1"	"0.01"	"0.005"	"0.01"	"100000"	"10000"	"200"	"5535581671726121067"	10	"intercept"	0.499909485
"0.9"	"0.0"	"0.1"	"0.01"	"0.005"	"0.01"	"100000"	"10000"	"200"	"5535581671726121067"	5000	"slope"	0.030376616125
"0.9"	"0.0"	"0.1"	"0.01"	"0.005"	"0.01"	"100000"	"10000"	"200"	"5535581671726121067"	5000	"intercept"	0.67494883
"0.9"	"0.0"	"0.1"	"0.01"	"0.005"	"0.01"	"100000"	"10000"	"200"	"5535581671726121067"	10000	"slope"	0.02478639174
"0.9"	"0.0"	"0.1"	"0.01"	"0.005"	"0.01"	"100000"	"10000"	"200"	"5535581671726121067"	10000	"intercept"	0.6846745
"0.9"	"0.0"	"0.1"	"0.01"	"0.005"	"0.01"	"100000"	"10000"	"200"	"5535581671726121067"	15000	"slope"	-0.008392373165
"0.9"	"0.0"	"0.1"	"0.01"	"0.005"	"0.01"	"100000"	"10000"	"200"	"5535581671726121067"	15000	"intercept"	0.698188775
"0.9"	"0.0"	"0.1"	"0.01"	"0.005"	"0.01"	"100000"	"10000"	"200"	"5535581671726121067"	20000	"slope"	-0.000683561845
"0.9"	"0.0"	"0.1"	"0.01"	"0.005"	"0.01"	"100000"	"10000"	"200"	"5535581671726121067"	20000	"intercept"	0.696571515
"0.9"	"0.0"	"0.1"	"0.01"	"0.005"	"0.01"	"100000"	"10000"	"200"	"5535581671726121067"	25000	"slope"	-0.0304224735718
"0.9"	"0.0"	"0.1"	"0.01"	"0.005"	"0.01"	"100000"	"10000"	"200"	"5535581671726121067"	25000	"intercept"	0.703933055
"0.9"	"0.0"	"0.1"	"0.01"	"0.005"	"0.01"	"100000"	"10000"	"200"	"5535581671726121067"	30000	"slope"	-0.02157560678
"0.9"	"0.0"	"0.1"	"0.01"	"0.005"	"0.01"	"100000"	"10000"	"200"	"5535581671726121067"	30000	"intercept"	0.703390925
"0.9"	"0.0"	"0.1"	"0.01"	"0.005"	"0.01"	"100000"	"10000"	"200"	"5535581671726121067"	35000	"slope"	-0.033342444865
"0.9"	"0.0"	"0.1"	"0.01"	"0.005"	"0.01"	"100000"	"10000"	"200"	"5535581671726121067"	35000	"intercept"	0.693152605
"0.9"	"0.0"	"0.1"	"0.01"	"0.005"	"0.01"	"100000"	"10000"	"200"	"5535581671726121067"	40000	"slope"	-0.0349980059
"0.9"	"0.0"	"0.1"	"0.01"	"0.005"	"0.01"	"100000"	"10000"	"200"	"5535581671726121067"	40000	"intercept"	0.703818705
"0.9"	"0.0"	"0.1"	"0.01"	"0.005"	"0.01"	"100000"	"10000"	"200"	"5535581671726121067"	45000	"slope"	-0.013537515375
"0.9"	"0.0"	"0.1"	"0.01"	"0.005"	"0.01"	"100000"	"10000"	"200"	"5535581671726121067"	45000	"intercept"	0.69412852
"0.9"	"0.0"	"0.1"	"0.01"	"0.005"	"0.01"	"100000"	"10000"	"200"	"5535581671726121067"	50000	"slope"	-0.00508984901
"0.9"	"0.0"	"0.1"	"0.01"	"0.005"	"0.01"	"100000"	"10000"	"200"	"5535581671726121067"	50000	"intercept"	0.695216815
"0.9"	"0.0"	"0.1"	"0.01"	"0.005"	"0.01"	"100000"	"10000"	"200"	"5535581671726121067"	55000	"slope"	-0.00899291332
"0.9"	"0.0"	"0.1"	"0.01"	"0.005"	"0.01"	"100000"	"10000"	"200"	"5535581671726121067"	55000	"intercept"	0.69330693
"0.9"	"0.0"	"0.1"	"0.01"	"0.005"	"0.01"	"100000"	"10000"	"200"	"5535581671726121067"	60000	"slope"	-0.014692577611
"0.9"	"0.0"	"0.1"	"0.01"	"0.005"	"0.01"	"100000"	"10000"	"200"	"5535581671726121067"	60000	"intercept"	0.691996015
"0.9"	"0.0"	"0.1"	"0.01"	"0.005"	"0.01"	"100000"	"10000"	"200"	"5535581671726121067"	65000	"slope"	-0.04857541839
"0.9"	"0.0"	"0.1"	"0.01"	"0.005"	"0.01"	"100000"	"10000"	"200"	"5535581671726121067"	65000	"intercept"	0.71445954
"0.9"	"0.0"	"0.1"	"0.01"	"0.005"	"0.01"	"100000"	"10000"	"200"	"5535581671726121067"	70000	"slope"	-0.02169151662
"0.9"	"0.0"	"0.1"	"0.01"	"0.005"	"0.01"	"100000"	"10000"	"200"	"5535581671726121067"	70000	"intercept"	0.70122319
"0.9"	"0.0"	"0.1"	"0.01"	"0.005"	"0.01"	"100000"	"10000"	"200"	"5535581671726121067"	75000	"slope"	-0.0040968444245
"0.9"	"0.0"	"0.1"	"0.01"	"0.005"	"0.01"	"100000"	"10000"	"200"	"5535581671726121067"	75000	"intercept"	0.69349012
"0.9"	"0.0"	"0.1"	"0.01"	"0.005"	"0.01"	"100000"	"10000"	"200"	"5535581671726121067"	80000	"slope"	-0.01563592409
"0.9"	"0.0"	"0.1"	"0.01"	"0.005"	"0.01"	"100000"	"10000"	"200"	"5535581671726121067"	80000	"intercept"	0.696299725
"0.9"	"0.0"	"0.1"	"0.01"	"0.005"	"0.01"	"100000"	"10000"	"200"	"5535581671726121067"	85000	"slope"	-0.0252953388035
"0.9"	"0.0"	"0.1"	"0.01"	"0.005"	"0.01"	"100000"	"10000"	"200"	"5535581671726121067"	85000	"intercept"	0.70919392
"0.9"	"0.0"	"0.1"	"0.01"	"0.005"	"0.01"	"100000"	"10000"	"200"	"5535581671726121067"	90000	"slope"	-0.039866524235
"0.9"	"0.0"	"0.1"	"0.01"	"0.005"	"0.01"	"100000"	"10000"	"200"	"5535581671726121067"	90000	"intercept"	0.703404775
"0.9"	"0.0"	"0.1"	"0.01"	"0.005"	"0.01"	"100000"	"10000"	"200"	"5535581671726121067"	95000	"slope"	-0.03365996545
"0.9"	"0.0"	"0.1"	"0.01"	"0.005"	"0.01"	"100000"	"10000"	"200"	"5535581671726121067"	95000	"intercept"	0.701264035
"0.9"	"0.0"	"0.1"	"0.01"	"0.005"	"0.01"	"100000"	"10000"	"200"	"5535581671726121067"	100000	"slope"	0.0201237319765
"0.9"	"0.0"	"0.1"	"0.01"	"0.005"	"0.01"	"100000"	"10000"	"200"	"5535581671726121067"	100000	"intercept"	0.68083135
"0.9"	"0.0"	"0.1"	"0.01"	"0.005"	"0.01"	"100000"	"10000"	"200"	"8887415286970871970"	10	"slope"	5.223275e-05
"0.9"	"0.0"	"0.1"	"0.01"	"0.005"	"0.01"	"100000"	"10000"	"200"	"8887415286970871970"	10	"intercept"	0.50011842
"0.9"	"0.0"	"0.1"	"0.01"	"0.005"	"0.01"	"100000"	"10000"	"200"	"8887415286970871970"	5000	"slope"	0.03331944036
"0.9"	"0.0"	"0.1"	"0.01"	"0.005"	"0.01"	"100000"	"10000"	"200"	"8887415286970871970"	5000	"intercept"	0.67335914
"0.9"	"0.0"	"0.1"	"0.01"	"0.005"	"0.01"	"100000"	"10000"	"200"	"8887415286970871970"	10000	"slope"	0.0104347245295
"0.9"	"0.0"	"0.1"	"0.01"	"0.005"	"0.01"	"100000"	"10000"	"200"	"8887415286970871970"	10000	"intercept"	0.690090335
"0.9"	"0.0"	"0.1"	"0.01"	"0.005"	"0.01"	"100000"	"10000"	"200"	"8887415286970871970"	15000	"slope"	0.008562728855
"0.9"	"0.0"	"0.1"	"0.01"	"0.005"	"0.01"	"100000"	"10000"	"200"	"8887415286970871970"	15000	"intercept"	0.682552545
"0.9"	"0.0"	"0.1"	"0.01"	"0.005"	"0.01"	"100000"	"10000"	"200"	"8887415286970871970"	20000	"slope"	-0.00423034617
"0.9"	"0.0"	"0.1"	"0.01"	"0.005"	"0.01"	"100000"	"10000"	"200"	"8887415286970871970"	20000	"intercept"	0.68952996
"0.9"	"0.0"	"0.1"	"0.01"	"0.005"	"0.01"	"100000"	"10000"	"200"	"8887415286970871970"	25000	"slope"	0.015560116649
"0.9"	"0.0"	"0.1"	"0.01"	"0.005"	"0.01"	"100000"	"10000"	"200"	"8887415286970871970"	25000	"intercept"	0.68923093
"0.9"	"0.0"	"0.1"	"0.01"	"0.005"	"0.01"	"100000"	"10000"	"200"	"8887415286970871970"	30000	"slope"	-0.010855468335
"0.9"	"0.0"	"0.1"	"0.01"	"0.005"	"0.01"	"100000"	"10000"	"200"	"8887415286970871970"	30000	"intercept"	0.6970477
"0.9"	"0.0"	"0.1"	"0.01"	"0.005"	"0.01"	"100000"	"10000"	"200"	"8887415286970871970"	35000	"slope"	-0.0225943307905
"0.9"	"0.0"	"0.1"	"0.01"	"0.005"	"0.01"	"100000"	"10000"	"200"	"8887415286970871970"	35000	"intercept"	0.69877249
"0.9"	"0.0"	"0.1"	"0.01"	"0.005"	"0.01"	"100000"	"10000"	"200"	"8887415286970871970"	40000	"slope"	-0.020066867065
"0.9"	"0.0"	"0.1"	"0.01"	"0.005"	"0.01"	"100000"	"10000"	"200"	"8887415286970871970"	40000	"intercept"	0.6972326
"0.9"	"0.0"	"0.1"	"0.01"	"0.005"	"0.01"	"100000"	"10000"	"200"	"8887415286970871970"	45000	"slope"	-0.002215497585
"0.9"	"0.0"	"0.1"	"0.01"	"0.005"	"0.01"	"100000"	"10000"	"200"	"8887415286970871970"	45000	"intercept"	0.698359395
"0.9"	"0.0"	"0.1"	"0.01"	"0.005"	"0.01"	"100000"	"10000"	"200"	"8887415286970871970"	50000	"slope"	-0.03315998114
"0.9"	"0.0"	"0.1"	"0.01"	"0.005"	"0.01"	"100000"	"10000"	"200"	"8887415286970871970"	50000	"intercept"	0.70600366
"0.9"	"0.0"	"0.1"	"0.01"	"0.005"	"0.01"	"100000"	"10000"	"200"	"8887415286970871970"	55000	"slope"	-0.039240430685
"0.9"	"0.0"	"0.1"	"0.01"	"0.005"	"0.01"	"100000"	"10000"	"200"	"8887415286970871970"	55000	"intercept"	0.701415565
"0.9"	"0.0"	"0.1"	"0.01"	"0.005"	"0.01"	"100000"	"10000"	"200"	"8887415286970871970"	60000	"slope"	-0.01606596734
"0.9"	"0.0"	"0.1"	"0.01"	"0.005"	"0.01"	"100000"	"10000"	"200"	"8887415286970871970"	60000	"intercept"	0.695811475
"0.9"	"0.0"	"0.1"	"0.01"	"0.005"	"0.01"	"100000"	"10000"	"200"	"8887415286970871970"	65000	"slope"	0.0042864954865
"0.9"	"0.0"	"0.1"	"0.01"	"0.005"	"0.01"	"100000"	"10000"	"200"	"8887415286970871970"	65000	"intercept"	0.685014615
"0.9"	"0.0"	"0.1"	"0.01"	"0.005"	"0.01"	"100000"	"10000"	"200"	"8887415286970871970"	70000	"slope"	-0.019168091982
"0.9"	"0.0"	"0.1"	"0.01"	"0.005"	"0.01"	"100000"	"10000"	"200"	"8887415286970871970"	70000	"intercept"	0.699750525
"0.9"	"0.0"	"0.1"	"0.01"	"0.005"	"0.01"	"100000"	"10000"	"200"	"8887415286970871970"	75000	"slope"	-0.00685358884
"0.9"	"0.0"	"0.1"	"0.01"	"0.005"	"0.01"	"100000"	"10000"	"200"	"8887415286970871970"	75000	"intercept"	0.697106295
"0.9"	"0.0"	"0.1"	"0.01"	"0.005"	"0.01"	"100000"	"10000"	"200"	"8887415286970871970"	80000	"slope"	-0.024169967675
"0.9"	"0.0"	"0.1"	"0.01"	"0.005"	"0.01"	"100000"	"10000"	"200"	"8887415286970871970"	80000	"intercept"	0.692111495
"0.9"	"0.0"	"0.1"	"0.01"	"0.005"	"0.01"	"100000"	"10000"	"200"	"8887415286970871970"	85000	"slope"	-0.02658967526
"0.9"	"0.0"	"0.1"	"0.01"	"0.005"	"0.01"	"100000"	"10000"	"200"	"8887415286970871970"	85000	"intercept"	0.700853955
"0.9"	"0.0"	"0.1"	"0.01"	"0.005"	"0.01"	"100000"	"10000"	"200"	"8887415286970871970"	90000	"slope"	0.001398243125
"0.9"	"0.0"	"0.1"	"0.01"	"0.005"	"0.01"	"100000"	"10000"	"200"	"8887415286970871970"	90000	"intercept"	0.68600416
"0.9"	"0.0"	"0.1"	"0.01"	"0.005"	"0.01"	"100000"	"10000"	"200"	"8887415286970871970"	95000	"slope"	-0.017215990505
"0.9"	"0.0"	"0.1"	"0.01"	"0.005"	"0.01"	"100000"	"10000"	"200"	"8887415286970871970"	95000	"intercept"	0.69889668
"0.9"	"0.0"	"0.1"	"0.01"	"0.005"	"0.01"	"100000"	"10000"	"200"	"8887415286970871970"	100000	"slope"	-0.0076254824
"0.9"	"0.0"	"0.1"	"0.01"	"0.005"	"0.01"	"100000"	"10000"	"200"	"8887415286970871970"	100000	"intercept"	0.69355675
"0.9"	"0.2"	"0.1"	"0.01"	"0.005"	"0.01"	"100000"	"10000"	"200"	"1578319076717450320"	10	"slope"	0.00027337709
"0.9"	"0.2"	"0.1"	"0.01"	"0.005"	"0.01"	"100000"	"10000"	"200"	"1578319076717450320"	10	"intercept"	0.50007465
"0.9"	"0.2"	"0.1"	"0.01"	"0.005"	"0.01"	"100000"	"10000"	"200"	"1578319076717450320"	5000	"slope"	0.0311719755088
"0.9"	"0.2"	"0.1"	"0.01"	"0.005"	"0.01"	"100000"	"10000"	"200"	"1578319076717450320"	5000	"intercept"	0.64654382
"0.9"	"0.2"	"0.1"	"0.01"	"0.005"	"0.01"	"100000"	"10000"	"200"	"1578319076717450320"	10000	"slope"	-0.02513010907
"0.9"	"0.2"	"0.1"	"0.01"	"0.005"	"0.01"	"100000"	"10000"	"200"	"1578319076717450320"	10000	"intercept"	0.66997149
"0.9"	"0.2"	"0.1"	"0.01"	"0.005"	"0.01"	"100000"	"10000"	"200"	"1578319076717450320"	15000	"slope"	-0.059689579715
"0.9"	"0.2"	"0.1"	"0.01"	"0.005"	"0.01"	"100000"	"10000"	"200"	"1578319076717450320"	15000	"intercept"	0.6851224
"0.9"	"0.2"	"0.1"	"0.01"	"0.005"	"0.01"	"100000"	"10000"	"200"	"1578319076717450320"	20000	"slope"	-0.0434472351
"0.9"	"0.2"	"0.1"	"0.01"	"0.005"	"0.01"	"100000"	"10000"	"200"	"1578319076717450320"	20000	"intercept"	0.669716705
"0.9"	"0.2"	"0.1"	"0.01"	"0.005"	"0.01"	"100000"	"10000"	"200"	"1578319076717450320"	25000	"slope"	-0.06407981337
"0.9"	"0.2"	"0.1"	"0.01"	"0.005"	"0.01"	"100000"	"10000"	"200"	"1578319076717450320"	25000	"intercept"	0.69167979
"0.9"	"0.2"	"0.1"	"0.01"	"0.005"	"0.01"	"100000"	"10000"	"200"	"1578319076717450320"	30000	"slope"	-0.05516732425
"0.9"	"0.2"	"0.1"	"0.01"	"0.005"	"0.01"	"100000"	"10000"	"200"	"1578319076717450320"	30000	"intercept"	0.67334999
"0.9"	"0.2"	"0.1"	"0.01"	"0.005"	"0.01"	"100000"	"10000"	"200"	"1578319076717450320"	35000	"slope"	-0.044920883
"0.9"	"0.2"	"0.1"	"0.01"	"0.005"	"0.01"	"100000"	"10000"	"200"	"1578319076717450320"	35000	"intercept"	0.675643515
"0.9"	"0.2"	"0.1"	"0.01"	"0.005"	"0.01"	"100000"	"10000"	"200"	"1578319076717450320"	40000	"slope"	-0.041799148365
"0.9"	"0.2"	"0.1"	"0.01"	"0.005"	"0.01"	"100000"	"10000"	"200"	"1578319076717450320"	40000	"intercept"	0.67143536
"0.9"	"0.2"	"0.1"	"0.01"	"0.005"	"0.01"	"100000"	"10000"	"200"	"1578319076717450320"	45000	"slope"	-0.046493171187
"0.9"	"0.2"	"0.1"	"0.01"	"0.005"	"0.01"	"100000"	"10000"	"200"	"1578319076717450320"	45000	"intercept"	0.683868825
"0.9"	"0.2"	"0.1"	"0.01"	"0.005"	"0.01"	"100000"	"10000"	"200"	"1578319076717450320"	50000	"slope"	-0.0695873004
"0.9"	"0.2"	"0.1"	"0.01"	"0.005"	"0.01"	"100000"	"10000"	"200"	"1578319076717450320"	50000	"intercept"	0.69300478
"0.9"	"0.2"	"0.1"	"0.01"	"0.005"	"0.01"	"100000"	"10000"	"200"	"1578319076717450320"	55000	"slope"	-0.035743327055
"0.9"	"0.2"	"0.1"	"0.01"	"0.005"	"0.01"	"100000"	"10000"	"200"	"1578319076717450320"	55000	"intercept"	0.66811781
"0.9"	"0.2"	"0.1"	"0.01"	"0.005"	"0.01"	"100000"	"10000"	"200"	"1578319076717450320"	60000	"slope"	-0.05771661038
"0.9"	"0.2"	"0.1"	"0.01"	"0.005"	"0.01"	"100000"	"10000"	"200"	"1578319076717450320"	60000	"intercept"	0.67587499
"0.9"	"0.2"	"0.1"	"0.01"	"0.005"	"0.01"	"100000"	"10000"	"200"	"1578319076717450320"	65000	"slope"	-0.0802200045
"0.9"	"0.2"	"0.1"	"0.01"	"0.005"	"0.01"	"100000"	"10000"	"200"	"1578319076717450320"	65000	"intercept"	0.69200341
"0.9"	"0.2"	"0.1"	"0.01"	"0.005"	"0.01"	"100000"	"10000"	"200"	"1578319076717450320"	70000	"slope"	-0.07062164125
"0.9"	"0.2"	"0.1"	"0.01"	"0.005"	"0.01"	"100000"	"10000"	"200"	"1578319076717450320"	70000	"intercept"	0.68634475
"0.9"	"0.2"	"0.1"	"0.01"	"0.005"	"0.01"	"100000"	"10000"	"200"	"1578319076717450320"	75000	"slope"	-0.0657922327
"0.9"	"0.2"	"0.1"	"0.01"	"0.005"	"0.01"	"100000"	"10000"	"200"	"1578319076717450320"	75000	"intercept"	0.677857465
"0.9"	"0.2"	"0.1"	"0.01"	"0.005"	"0.01"	"100000"	"10000"	"200"	"1578319076717450320"	80000	"slope"	-0.07150691269
"0.9"	"0.2"	"0.1"	"0.01"	"0.005"	"0.01"	"100000"	"10000"	"200"	"1578319076717450320"	80000	"intercept"	0.68332495
"0.9"	"0.2"	"0.1"	"0.01"	"0.005"	"0.01"	"100000"	"10000"	"200"	"1578319076717450320"	85000	"slope"	-0.022128169365
"0.9"	"0.2"	"0.1"	"0.01"	"0.005"	"0.01"	"100000"	"10000"	"200"	"1578319076717450320"	85000	"intercept"	0.666402965
"0.9"	"0.2"	"0.1"	"0.01"	"0.005"	"0.01"	"100000"	"10000"	"200"	"1578319076717450320"	90000	"slope"	-0.062522658225
"0.9"	"0.2"	"0.1"	"0.01"	"0.005"	"0.01"	"100000"	"10000"	"200"	"1578319076717450320"	90000	"intercept"	0.6737827
"0.9"	"0.2"	"0.1"	"0.01"	"0.005"	"0.01"	"100000"	"10000"	"200"	"1578319076717450320"	95000	"slope"	-0.0505391845
"0.9"	"0.2"	"0.1"	"0.01"	"0.005"	"0.01"	"100000"	"10000"	"200"	"1578319076717450320"	95000	"intercept"	0.675480005
"0.9"	"0.2"	"0.1"	"0.01"	"0.005"	"0.01"	"100000"	"10000"	"200"	"1578319076717450320"	100000	"slope"	-0.0484083728
"0.9"	"0.2"	"0.1"	"0.01"	"0.005"	"0.01"	"100000"	"10000"	"200"	"1578319076717450320"	100000	"intercept"	0.68328006
"0.9"	"0.2"	"0.1"	"0.01"	"0.005"	"0.01"	"100000"	"10000"	"200"	"2221329930696677627"	10	"slope"	6.82631e-05
"0.9"	"0.2"	"0.1"	"0.01"	"0.005"	"0.01"	"100000"	"10000"	"200"	"2221329930696677627"	10	"intercept"	0.499944435
"0.9"	"0.2"	"0.1"	"0.01"	"0.005"	"0.01"	"100000"	"10000"	"200"	"2221329930696677627"	5000	"slope"	0.034523633875
"0.9"	"0.2"	"0.1"	"0.01"	"0.005"	"0.01"	"100000"	"10000"	"200"	"2221329930696677627"	5000	"intercept"	0.640857095
"0.9"	"0.2"	"0.1"	"0.01"	"0.005"	"0.01"	"100000"	"10000"	"200"	"2221329930696677627"	10000	"slope"	-0.036689872125
"0.9"	"0.2"	"0.1"	"0.01"	"0.005"	"0.01"	"100000"	"10000"	"200"	"2221329930696677627"	10000	"intercept"	0.676659095
"0.9"	"0.2"	"0.1"	"0.01"	"0.005"	"0.01"	"100000"	"10000"	"200"	"2221329930696677627"	15000	"slope"	-0.06693722018
"0.9"	"0.2"	"0.1"	"0.01"	"0.005"	"0.01"	"100000"	"10000"	"200"	"2221329930696677627"	15000	"intercept"	0.68218837
"0.9"	"0.2"	"0.1"	"0.01"	"0.005"	"0.01"	"100000"	"10000"	"200"	"2221329930696677627"	20000	"slope"	-0.034006822745
"0.9"	"0.2"	"0.1"	"0.01"	"0.005"	"0.01"	"100000"	"10000"	"200"	"2221329930696677627"	20000	"intercept"	0.673421685
"0.9"	"0.2"	"0.1"	"0.01"	"0.005"	"0.01"	"100000"	"10000"	"200"	"2221329930696677627"	25000	"slope"	-0.080680364415
"0.9"	"0.2"	"0.1"	"0.01"	"0.005"	"0.01"	"100000"	"10000"	"200"	"2221329930696677627"	25000	"intercept"	0.689286865
"0.9"	"0.2"	"0.1"	"0.01"	"0.005"	"0.01"	"100000"	"10000"	"200"	"2221329930696677627"	30000	"slope"	-0.095930977
"0.9"	"0.2"	"0.1"	"0.01"	"0.005"	"0.01"	"100000"	"10000"	"200"	"2221329930696677627"	30000	"intercept"	0.688594315
"0.9"	"0.2"	"0.1"	"0.01"	"0.005"	"0.01"	"100000"	"10000"	"200"	"2221329930696677627"	35000	"slope"	-0.077431918
"0.9"	"0.2"	"0.1"	"0.01"	"0.005"	"0.01"	"100000"	"10000"	"200"	"2221329930696677627"	35000	"intercept"	0.686481135
"0.9"	"0.2"	"0.1"	"0.01"	"0.005"	"0.01"	"100000"	"10000"	"200"	"2221329930696677627"	40000	"slope"	-0.095037131493
"0.9"	"0.2"	"0.1"	"0.01"	"0.005"	"0.01"	"100000"	"10000"	"200"	"2221329930696677627"	40000	"intercept"	0.688216475
"0.9"	"0.2"	"0.1"	"0.01"	"0.005"	"0.01"	"100000"	"10000"	"200"	"2221329930696677627"	45000	"slope"	-0.0492779309
"0.9"	"0.2"	"0.1"	"0.01"	"0.005"	"0.01"	"100000"	"10000"	"200"	"2221329930696677627"	45000	"intercept"	0.680725905
"0.9"	"0.2"	"0.1"	"0.01"	"0.005"	"0.01"	"100000"	"10000"	"200"	"2221329930696677627"	50000	"slope"	-0.045844525375
"0.9"	"0.2"	"0.1"	"0.01"	"0.005"	"0.01"	"100000"	"10000"	"200"	"2221329930696677627"	50000	"intercept"	0.68202979
"0.9"	"0.2"	"0.1"	"0.01"	"0.005"	"0.01"	"100000"	"10000"	"200"	"2221329930696677627"	55000	"slope"	-0.046109178975
"0.9"	"0.2"	"0.1"	"0.01"	"0.005"	"0.01"	"100000"	"10000"	"200"	"2221329930696677627"	55000	"intercept"	0.66425093
"0.9"	"0.2"	"0.1"	"0.01"	"0.005"	"0.01"	"100000"	"10000"	"200"	"2221329930696677627"	60000	"slope"	-0.024295545025
"0.9"	"0.2"	"0.1"	"0.01"	"0.005"	"0.01"	"100000"	"10000"	"200"	"2221329930696677627"	60000	"intercept"	0.66761644
"0.9"	"0.2"	"0.1"	"0.01"	"0.005"	"0.01"	"100000"	"10000"	"200"	"2221329930696677627"	65000	"slope"	-0.024604211175
"0.9"	"0.2"	"0.1"	"0.01"	"0.005"	"0.01"	"100000"	"10000"	"200"	"2221329930696677627"	65000	"intercept"	0.665450565
"0.9"	"0.2"	"0.1"	"0.01"	"0.005"	"0.01"	"100000"	"10000"	"200"	"2221329930696677627"	70000	"slope"	-0.07908686925
"0.9"	"0.2"	"0.1"	"0.01"	"0.005"	"0.01"	"100000"	"10000"	"200"	"2221329930696677627"	70000	"intercept"	0.688230485
"0.9"	"0.2"	"0.1"	"0.01"	"0.005"	"0.01"	"100000"	"10000"	"200"	"2221329930696677627"	75000	"slope"	-0.0643645119
"0.9"	"0.2"	"0.1"	"0.01"	"0.005"	"0.01"	"100000"	"10000"	"200"	"2221329930696677627"	75000	"intercept"	0.682382195
"0.9"	"0.2"	"0.1"	"0.01"	"0.005"	"0.01"	"100000"	"10000"	"200"	"2221329930696677627"	80000	"slope"	-0.0662091704115
"0.9"	"0.2"	"0.1"	"0.01"	"0.005"	"0.01"	"100000"	"10000"	"200"	"2221329930696677627"	80000	"intercept"	0.68115136
"0.9"	"0.2"	"0.1"	"0.01"	"0.005"	"0.01"	"100000"	"10000"	"200"	"2221329930696677627"	85000	"slope"	-0.0588558152
"0.9"	"0.2"	"0.1"	"0.01"	"0.005"	"0.01"	"100000"	"10000"	"200"	"2221329930696677627"	85000	"intercept"	0.67899332
"0.9"	"0.2"	"0.1"	"0.01"	"0.005"	"0.01"	"100000"	"10000"	"200"	"2221329930696677627"	90000	"slope"	-0.08074543368
"0.9"	"0.2"	"0.1"	"0.01"	"0.005"	"0.01"	"100000"	"10000"	"200"	"2221329930696677627"	90000	"intercept"	0.695880915
"0.9"	"0.2"	"0.1"	"0.01"	"0.005"	"0.01"	"100000"	"10000"	"200"	"2221329930696677627"	95000	"slope"	-0.07747162575
"0.9"	"0.2"	"0.1"	"0.01"	"0.005"	"0.01"	"100000"	"10000"	"200"	"2221329930696677627"	95000	"intercept"	0.69166609
"0.9"	"0.2"	"0.1"	"0.01"	"0.005"	"0.01"	"100000"	"10000"	"200"	"2221329930696677627"	100000	"slope"	-0.06124792233
"0.9"	"0.2"	"0.1"	"0.01"	"0.005"	"0.01"	"100000"	"10000"	"200"	"2221329930696677627"	100000	"intercept"	0.68126085
"0.9"	"0.2"	"0.1"	"0.01"	"0.005"	"0.01"	"100000"	"10000"	"200"	"4601861014744686628"	10	"slope"	0.0001358488
"0.9"	"0.2"	"0.1"	"0.01"	"0.005"	"0.01"	"100000"	"10000"	"200"	"4601861014744686628"	10	"intercept"	0.49989638
"0.9"	"0.2"	"0.1"	"0.01"	"0.005"	"0.01"	"100000"	"10000"	"200"	"4601861014744686628"	5000	"slope"	0.013310019755
"0.9"	"0.2"	"0.1"	"0.01"	"0.005"	"0.01"	"100000"	"10000"	"200"	"4601861014744686628"	5000	"intercept"	0.65318389
"0.9"	"0.2"	"0.1"	"0.01"	"0.005"	"0.01"	"100000"	"10000"	"200"	"4601861014744686628"	10000	"slope"	-0.023457656255
"0.9"	"0.2"	"0.1"	"0.01"	"0.005"	"0.01"	"100000"	"10000"	"200"	"4601861014744686628"	10000	"intercept"	0.67233542
"0.9"	"0.2"	"0.1"	"0.01"	"0.005"	"0.01"	"100000"	"10000"	"200"	"4601861014744686628"	15000	"slope"	-0.06925454125
"0.9"	"0.2"	"0.1"	"0.01"	"0.005"	"0.01"	"100000"	"10000"	"200"	"4601861014744686628"	15000	"intercept"	0.68694975
"0.9"	"0.2"	"0.1"	"0.01"	"0.005"	"0.01"	"100000"	"10000"	"200"	"4601861014744686628"	20000	"slope"	-0.0735126187
"0.9"	"0.2"	"0.1"	"0.01"	"0.005"	"0.01"	"100000"	"10000"	"200"	"4601861014744686628"	20000	"intercept"	0.69506937
"0.9"	"0.2"	"0.1"	"0.01"	"0.005"	"0.01"	"100000"	"10000"	"200"	"4601861014744686628"	25000	"slope"	-0.05165903125
"0.9"	"0.2"	"0.1"	"0.01"	"0.005"	"0.01"	"100000"	"10000"	"200"	"4601861014744686628"	25000	"intercept"	0.672868435
"0.9"	"0.2"	"0.1"	"0.01"	"0.005"	"0.01"	"100000"	"10000"	"200"	"4601861014744686628"	30000	"slope"	-0.05328158905
"0.9"	"0.2"	"0.1"	"0.01"	"0.005"	"0.01"	"100000"	"10000"	"200"	"4601861014744686628"	30000	"intercept"	0.675639885
"0.9"	"0.2"	"0.1"	"0.01"	"0.005"	"0.01"	"100000"	"10000"	"200"	"4601861014744686628"	35000	"slope"	-0.042972394637
"0.9"	"0.2"	"0.1"	"0.01"	"0.005"	"0.01"	"100000"	"10000"	"200"	"4601861014744686628"	35000	"intercept"	0.67216047
"0.9"	"0.2"	"0.1"	"0.01"	"0.005"	"0.01"	"100000"	"10000"	"200"	"4601861014744686628"	40000	"slope"	-0.047209427685
"0.9"	"0.2"	"0.1"	"0.01"	"0.005"	"0.01"	"100000"	"10000"	"200"	"4601861014744686628"	40000	"intercept"	0.67971733
"0.9"	"0.2"	"0.1"	"0.01"	"0.005"	"0.01"	"100000"	"10000"	"200"	"4601861014744686628"	45000	"slope"	-0.06140879475
"0.9"	"0.2"	"0.1"	"0.01"	"0.005"	"0.01"	"100000"	"10000"	"200"	"4601861014744686628"	45000	"intercept"	0.679957675
"0.9"	"0.2"	"0.1"	"0.01"	"0.005"	"0.01"	"100000"	"10000"	"200"	"4601861014744686628"	50000	"slope"	-0.07826047035
"0.9"	"0.2"	"0.1"	"0.01"	"0.005"	"0.01"	"100000"	"10000"	"200"	"4601861014744686628"	50000	"intercept"	0.692836295
"0.9"	"0.2"	"0.1"	"0.01"	"0.005"	"0.01"	"100000"	"10000"	"200"	"4601861014744686628"	55000	"slope"	-0.085489648
"0.9"	"0.2"	"0.1"	"0.01"	"0.005"	"0.01"	"100000"	"10000"	"200"	"4601861014744686628"	55000	"intercept"	0.693642235
"0.9"	"0.2"	"0.1"	"0.01"	"0.005"	"0.01"	"100000"	"10000"	"200"	"4601861014744686628"	60000	"slope"	-0.0832386446
"0.9"	"0.2"	"0.1"	"0.01"	"0.005"	"0.01"	"100000"	"10000"	"200"	"4601861014744686628"	60000	"intercept"	0.685496105
"0.9"	"0.2"	"0.1"	"0.01"	"0.005"	"0.01"	"100000"	"10000"	"200"	"4601861014744686628"	65000	"slope"	-0.045211287275
"0.9"	"0.2"	"0.1"	"0.01"	"0.005"	"0.01"	"100000"	"10000"	"200"	"4601861014744686628"	65000	"intercept"	0.67236326
"0.9"	"0.2"	"0.1"	"0.01"	"0.005"	"0.01"	"100000"	"10000"	"200"	"4601861014744686628"	70000	"slope"	-0.02252870665
"0.9"	"0.2"	"0.1"	"0.01"	"0.005"	"0.01"	"100000"	"10000"	"200"	"4601861014744686628"	70000	"intercept"	0.66525911
"0.9"	"0.2"	"0.1"	"0.01"	"0.005"	"0.01"	"100000"	"10000"	"200"	"4601861014744686628"	75000	"slope"	-0.046618285965
"0.9"	"0.2"	"0.1"	"0.01"	"0.005"	"0.01"	"100000"	"10000"	"200"	"4601861014744686628"	75000	"intercept"	0.6799808
"0.9"	"0.2"	"0.1"	"0.01"	"0.005"	"0.01"	"100000"	"10000"	"200"	"4601861014744686628"	80000	"slope"	-0.0886893541
"0.9"	"0.2"	"0.1"	"0.01"	"0.005"	"0.01"	"100000"	"10000"	"200"	"4601861014744686628"	80000	"intercept"	0.694113445
"0.9"	"0.2"	"0.1"	"0.01"	"0.005"	"0.01"	"100000"	"10000"	"200"	"4601861014744686628"	85000	"slope"	-0.044257110215
"0.9"	"0.2"	"0.1"	"0.01"	"0.005"	"0.01"	"100000"	"10000"	"200"	"4601861014744686628"	85000	"intercept"	0.684708475
"0.9"	"0.2"	"0.1"	"0.01"	"0.005"	"0.01"	"100000"	"10000"	"200"	"4601861014744686628"	90000	"slope"	-0.05656435895
"0.9"	"0.2"	"0.1"	"0.01"	"0.005"	"0.01"	"100000"	"10000"	"200"	"4601861014744686628"	90000	"intercept"	0.68330776
"0.9"	"0.2"	"0.1"	"0.01"	"0.005"	"0.01"	"100000"	"10000"	"200"	"4601861014744686628"	95000	"slope"	-0.065714795325
"0.9"	"0.2"	"0.1"	"0.01"	"0.005"	"0.01"	"100000"	"10000"	"200"	"4601861014744686628"	95000	"intercept"	0.676202235
"0.9"	"0.2"	"0.1"	"0.01"	"0.005"	"0.01"	"100000"	"10000"	"200"	"4601861014744686628"	100000	"slope"	-0.057814388095
"0.9"	"0.2"	"0.1"	"0.01"	"0.005"	"0.01"	"100000"	"10000"	"200"	"4601861014744686628"	100000	"intercept"	0.683813955
"0.9"	"0.2"	"0.1"	"0.01"	"0.005"	"0.01"	"100000"	"10000"	"200"	"694753035388597904"	10	"slope"	4.05429735e-05
"0.9"	"0.2"	"0.1"	"0.01"	"0.005"	"0.01"	"100000"	"10000"	"200"	"694753035388597904"	10	"intercept"	0.499967015
"0.9"	"0.2"	"0.1"	"0.01"	"0.005"	"0.01"	"100000"	"10000"	"200"	"694753035388597904"	5000	"slope"	0.0313475923
"0.9"	"0.2"	"0.1"	"0.01"	"0.005"	"0.01"	"100000"	"10000"	"200"	"694753035388597904"	5000	"intercept"	0.637770905
"0.9"	"0.2"	"0.1"	"0.01"	"0.005"	"0.01"	"100000"	"10000"	"200"	"694753035388597904"	10000	"slope"	-0.02930064035
"0.9"	"0.2"	"0.1"	"0.01"	"0.005"	"0.01"	"100000"	"10000"	"200"	"694753035388597904"	10000	"intercept"	0.66636971
"0.9"	"0.2"	"0.1"	"0.01"	"0.005"	"0.01"	"100000"	"10000"	"200"	"694753035388597904"	15000	"slope"	-0.0471930421
"0.9"	"0.2"	"0.1"	"0.01"	"0.005"	"0.01"	"100000"	"10000"	"200"	"694753035388597904"	15000	"intercept"	0.672581645
"0.9"	"0.2"	"0.1"	"0.01"	"0.005"	"0.01"	"100000"	"10000"	"200"	"694753035388597904"	20000	"slope"	-0.0465596227
"0.9"	"0.2"	"0.1"	"0.01"	"0.005"	"0.01"	"100000"	"10000"	"200"	"694753035388597904"	20000	"intercept"	0.678478775
"0.9"	"0.2"	"0.1"	"0.01"	"0.005"	"0.01"	"100000"	"10000"	"200"	"694753035388597904"	25000	"slope"	-0.042290345904
"0.9"	"0.2"	"0.1"	"0.01"	"0.005"	"0.01"	"100000"	"10000"	"200"	"694753035388597904"	25000	"intercept"	0.670773635
"0.9"	"0.2"	"0.1"	"0.01"	"0.005"	"0.01"	"100000"	"10000"	"200"	"694753035388597904"	30000	"slope"	-0.04473121318
"0.9"	"0.2"	"0.1"	"0.01"	"0.005"	"0.01"	"100000"	"10000"	"200"	"694753035388597904"	30000	"intercept"	0.685993785
"0.9"	"0.2"	"0.1"	"0.01"	"0.005"	"0.01"	"100000"	"10000"	"200"	"694753035388597904"	35000	"slope"	-0.04559057869
"0.9"	"0.2"	"0.1"	"0.01"	"0.005"	"0.01"	"100000"	"10000"	"200"	"694753035388597904"	35000	"intercept"	0.676748945
"0.9"	"0.2"	"0.1"	"0.01"	"0.005"	"0.01"	"100000"	"10000"	"200"	"694753035388597904"	40000	"slope"	-0.05029523775
"0.9"	"0.2"	"0.1"	"0.01"	"0.005"	"0.01"	"100000"	"10000"	"200"	"694753035388597904"	40000	"intercept"	0.678780835
"0.9"	"0.2"	"0.1"	"0.01"	"0.005"	"0.01"	"100000"	"10000"	"200"	"694753035388597904"	45000	"slope"	-0.06291582945
"0.9"	"0.2"	"0.1"	"0.01"	"0.005"	"0.01"	"100000"	"10000"	"200"	"694753035388597904"	45000	"intercept"	0.6790472
"0.9"	"0.2"	"0.1"	"0.01"	"0.005"	"0.01"	"100000"	"10000"	"200"	"694753035388597904"	50000	"slope"	-0.06465516847
"0.9"	"0.2"	"0.1"	"0.01"	"0.005"	"0.01"	"100000"	"10000"	"200"	"694753035388597904"	50000	"intercept"	0.687830185
"0.9"	"0.2"	"0.1"	"0.01"	"0.005"	"0.01"	"100000"	"10000"	"200"	"694753035388597904"	55000	"slope"	-0.0661138576
"0.9"	"0.2"	"0.1"	"0.01"	"0.005"	"0.01"	"100000"	"10000"	"200"	"694753035388597904"	55000	"intercept"	0.6865154
"0.9"	"0.2"	"0.1"	"0.01"	"0.005"	"0.01"	"100000"	"10000"	"200"	"694753035388597904"	60000	"slope"	-0.07522623041
"0.9"	"0.2"	"0.1"	"0.01"	"0.005"	"0.01"	"100000"	"10000"	"200"	"694753035388597904"	60000	"intercept"	0.68777942
"0.9"	"0.2"	"0.1"	"0.01"	"0.005"	"0.01"	"100000"	"10000"	"200"	"694753035388597904"	65000	"slope"	-0.10483863535
"0.9"	"0.2"	"0.1"	"0.01"	"0.005"	"0.01"	"100000"	"10000"	"200"	"694753035388597904"	65000	"intercept"	0.69234594
"0.9"	"0.2"	"0.1"	"0.01"	"0.005"	"0.01"	"100000"	"10000"	"200"	"694753035388597904"	70000	"slope"	-0.05460834855
"0.9"	"0.2"	"0.1"	"0.01"	"0.005"	"0.01"	"100000"	"10000"	"200"	"694753035388597904"	70000	"intercept"	0.684312
"0.9"	"0.2"	"0.1"	"0.01"	"0.005"	"0.01"	"100000"	"10000"	"200"	"694753035388597904"	75000	"slope"	-0.069989527635
"0.9"	"0.2"	"0.1"	"0.01"	"0.005"	"0.01"	"100000"	"10000"	"200"	"694753035388597904"	75000	"intercept"	0.687918885
"0.9"	"0.2"	"0.1"	"0.01"	"0.005"	"0.01"	"100000"	"10000"	"200"	"694753035388597904"	80000	"slope"	-0.07481386965
"0.9"	"0.2"	"0.1"	"0.01"	"0.005"	"0.01"	"100000"	"10000"	"200"	"694753035388597904"	80000	"intercept"	0.686495425
"0.9"	"0.2"	"0.1"	"0.01"	"0.005"	"0.01"	"100000"	"10000"	"200"	"694753035388597904"	85000	"slope"	-0.06208534984
"0.9"	"0.2"	"0.1"	"0.01"	"0.005"	"0.01"	"100000"	"10000"	"200"	"694753035388597904"	85000	"intercept"	0.693043595
"0.9"	"0.2"	"0.1"	"0.01"	"0.005"	"0.01"	"100000"	"10000"	"200"	"694753035388597904"	90000	"slope"	-0.08553470999
"0.9"	"0.2"	"0.1"	"0.01"	"0.005"	"0.01"	"100000"	"10000"	"200"	"694753035388597904"	90000	"intercept"	0.69387845
"0.9"	"0.2"	"0.1"	"0.01"	"0.005"	"0.01"	"100000"	"10000"	"200"	"694753035388597904"	95000	"slope"	-0.05397609275
"0.9"	"0.2"	"0.1"	"0.01"	"0.005"	"0.01"	"100000"	"10000"	"200"	"694753035388597904"	95000	"intercept"	0.683598225
"0.9"	"0.2"	"0.1"	"0.01"	"0.005"	"0.01"	"100000"	"10000"	"200"	"694753035388597904"	100000	"slope"	-0.04713663786
"0.9"	"0.2"	"0.1"	"0.01"	"0.005"	"0.01"	"100000"	"10000"	"200"	"694753035388597904"	100000	"intercept"	0.672368345
"0.9"	"0.2"	"0.1"	"0.01"	"0.005"	"0.01"	"100000"	"10000"	"200"	"8333468822529728216"	10	"slope"	2.40889400000001e-06
"0.9"	"0.2"	"0.1"	"0.01"	"0.005"	"0.01"	"100000"	"10000"	"200"	"8333468822529728216"	10	"intercept"	0.50019643
"0.9"	"0.2"	"0.1"	"0.01"	"0.005"	"0.01"	"100000"	"10000"	"200"	"8333468822529728216"	5000	"slope"	0.022030403255
"0.9"	"0.2"	"0.1"	"0.01"	"0.005"	"0.01"	"100000"	"10000"	"200"	"8333468822529728216"	5000	"intercept"	0.64748131
"0.9"	"0.2"	"0.1"	"0.01"	"0.005"	"0.01"	"100000"	"10000"	"200"	"8333468822529728216"	10000	"slope"	-0.006187536335
"0.9"	"0.2"	"0.1"	"0.01"	"0.005"	"0.01"	"100000"	"10000"	"200"	"8333468822529728216"	10000	"intercept"	0.65860377
"0.9"	"0.2"	"0.1"	"0.01"	"0.005"	"0.01"	"100000"	"10000"	"200"	"8333468822529728216"	15000	"slope"	-0.03235752497
"0.9"	"0.2"	"0.1"	"0.01"	"0.005"	"0.01"	"100000"	"10000"	"200"	"8333468822529728216"	15000	"intercept"	0.673109585
"0.9"	"0.2"	"0.1"	"0.01"	"0.005"	"0.01"	"100000"	"10000"	"200"	"8333468822529728216"	20000	"slope"	-0.046888160765
"0.9"	"0.2"	"0.1"	"0.01"	"0.005"	"0.01"	"100000"	"10000"	"200"	"8333468822529728216"	20000	"intercept"	0.68116984
"0.9"	"0.2"	"0.1"	"0.01"	"0.005"	"0.01"	"100000"	"10000"	"200"	"8333468822529728216"	25000	"slope"	-0.0410879303525
"0.9"	"0.2"	"0.1"	"0.01"	"0.005"	"0.01"	"100000"	"10000"	"200"	"8333468822529728216"	25000	"intercept"	0.665413775
"0.9"	"0.2"	"0.1"	"0.01"	"0.005"	"0.01"	"100000"	"10000"	"200"	"8333468822529728216"	30000	"slope"	-0.05568707797
"0.9"	"0.2"	"0.1"	"0.01"	"0.005"	"0.01"	"100000"	"10000"	"200"	"8333468822529728216"	30000	"intercept"	0.678177125
"0.9"	"0.2"	"0.1"	"0.01"	"0.005"	"0.01"	"100000"	"10000"	"200"	"8333468822529728216"	35000	"slope"	-0.0321305567345
"0.9"	"0.2"	"0.1"	"0.01"	"0.005"	"0.01"	"100000"	"10000"	"200"	"8333468822529728216"	35000	"intercept"	0.67423024
"0.9"	"0.2"	"0.1"	"0.01"	"0.005"	"0.01"	"100000"	"10000"	"200"	"8333468822529728216"	40000	"slope"	-0.0455311710165
"0.9"	"0.2"	"0.1"	"0.01"	"0.005"	"0.01"	"100000"	"10000"	"200"	"8333468822529728216"	40000	"intercept"	0.671393005
"0.9"	"0.2"	"0.1"	"0.01"	"0.005"	"0.01"	"100000"	"10000"	"200"	"8333468822529728216"	45000	"slope"	-0.0631192624
"0.9"	"0.2"	"0.1"	"0.01"	"0.005"	"0.01"	"100000"	"10000"	"200"	"8333468822529728216"	45000	"intercept"	0.681465665
"0.9"	"0.2"	"0.1"	"0.01"	"0.005"	"0.01"	"100000"	"10000"	"200"	"8333468822529728216"	50000	"slope"	-0.082343990555
"0.9"	"0.2"	"0.1"	"0.01"	"0.005"	"0.01"	"100000"	"10000"	"200"	"8333468822529728216"	50000	"intercept"	0.68937605
"0.9"	"0.2"	"0.1"	"0.01"	"0.005"	"0.01"	"100000"	"10000"	"200"	"8333468822529728216"	55000	"slope"	-0.05959962166
"0.9"	"0.2"	"0.1"	"0.01"	"0.005"	"0.01"	"100000"	"10000"	"200"	"8333468822529728216"	55000	"intercept"	0.68495928
"0.9"	"0.2"	"0.1"	"0.01"	"0.005"	"0.01"	"100000"	"10000"	"200"	"8333468822529728216"	60000	"slope"	-0.0758751434
"0.9"	"0.2"	"0.1"	"0.01"	"0.005"	"0.01"	"100000"	"10000"	"200"	"8333468822529728216"	60000	"intercept"	0.69154148
"0.9"	"0.2"	"0.1"	"0.01"	"0.005"	"0.01"	"100000"	"10000"	"200"	"8333468822529728216"	65000	"slope"	-0.081965574
"0.9"	"0.2"	"0.1"	"0.01"	"0.005"	"0.01"	"100000"	"10000"	"200"	"8333468822529728216"	65000	"intercept"	0.69852567
"0.9"	"0.2"	"0.1"	"0.01"	"0.005"	"0.01"	"100000"	"10000"	"200"	"8333468822529728216"	70000	"slope"	-0.05834624155
"0.9"	"0.2"	"0.1"	"0.01"	"0.005"	"0.01"	"100000"	"10000"	"200"	"8333468822529728216"	70000	"intercept"	0.681795555
"0.9"	"0.2"	"0.1"	"0.01"	"0.005"	"0.01"	"100000"	"10000"	"200"	"8333468822529728216"	75000	"slope"	-0.05074126366
"0.9"	"0.2"	"0.1"	"0.01"	"0.005"	"0.01"	"100000"	"10000"	"200"	"8333468822529728216"	75000	"intercept"	0.68253547
"0.9"	"0.2"	"0.1"	"0.01"	"0.005"	"0.01"	"100000"	"10000"	"200"	"8333468822529728216"	80000	"slope"	-0.0571487999
"0.9"	"0.2"	"0.1"	"0.01"	"0.005"	"0.01"	"100000"	"10000"	"200"	"8333468822529728216"	80000	"intercept"	0.68283757
"0.9"	"0.2"	"0.1"	"0.01"	"0.005"	"0.01"	"100000"	"10000"	"200"	"8333468822529728216"	85000	"slope"	-0.0676752323
"0.9"	"0.2"	"0.1"	"0.01"	"0.005"	"0.01"	"100000"	"10000"	"200"	"8333468822529728216"	85000	"intercept"	0.685378055
"0.9"	"0.2"	"0.1"	"0.01"	"0.005"	"0.01"	"100000"	"10000"	"200"	"8333468822529728216"	90000	"slope"	-0.05804231496
"0.9"	"0.2"	"0.1"	"0.01"	"0.005"	"0.01"	"100000"	"10000"	"200"	"8333468822529728216"	90000	"intercept"	0.685135255
"0.9"	"0.2"	"0.1"	"0.01"	"0.005"	"0.01"	"100000"	"10000"	"200"	"8333468822529728216"	95000	"slope"	-0.080572102395
"0.9"	"0.2"	"0.1"	"0.01"	"0.005"	"0.01"	"100000"	"10000"	"200"	"8333468822529728216"	95000	"intercept"	0.69288522
"0.9"	"0.2"	"0.1"	"0.01"	"0.005"	"0.01"	"100000"	"10000"	"200"	"8333468822529728216"	100000	"slope"	-0.03506116867
"0.9"	"0.2"	"0.1"	"0.01"	"0.005"	"0.01"	"100000"	"10000"	"200"	"8333468822529728216"	100000	"intercept"	0.65933727
"0.9"	"0.4"	"0.1"	"0.01"	"0.005"	"0.01"	"100000"	"10000"	"200"	"2210880381415592809"	10	"slope"	0.0002381325
"0.9"	"0.4"	"0.1"	"0.01"	"0.005"	"0.01"	"100000"	"10000"	"200"	"2210880381415592809"	10	"intercept"	0.49993779
"0.9"	"0.4"	"0.1"	"0.01"	"0.005"	"0.01"	"100000"	"10000"	"200"	"2210880381415592809"	5000	"slope"	0.00227760173
"0.9"	"0.4"	"0.1"	"0.01"	"0.005"	"0.01"	"100000"	"10000"	"200"	"2210880381415592809"	5000	"intercept"	0.615213025
"0.9"	"0.4"	"0.1"	"0.01"	"0.005"	"0.01"	"100000"	"10000"	"200"	"2210880381415592809"	10000	"slope"	-0.0903988779
"0.9"	"0.4"	"0.1"	"0.01"	"0.005"	"0.01"	"100000"	"10000"	"200"	"2210880381415592809"	10000	"intercept"	0.649730685
"0.9"	"0.4"	"0.1"	"0.01"	"0.005"	"0.01"	"100000"	"10000"	"200"	"2210880381415592809"	15000	"slope"	-0.120741361
"0.9"	"0.4"	"0.1"	"0.01"	"0.005"	"0.01"	"100000"	"10000"	"200"	"2210880381415592809"	15000	"intercept"	0.65546941
"0.9"	"0.4"	"0.1"	"0.01"	"0.005"	"0.01"	"100000"	"10000"	"200"	"2210880381415592809"	20000	"slope"	-0.09837186125
"0.9"	"0.4"	"0.1"	"0.01"	"0.005"	"0.01"	"100000"	"10000"	"200"	"2210880381415592809"	20000	"intercept"	0.65248168
"0.9"	"0.4"	"0.1"	"0.01"	"0.005"	"0.01"	"100000"	"10000"	"200"	"2210880381415592809"	25000	"slope"	-0.16043584185
"0.9"	"0.4"	"0.1"	"0.01"	"0.005"	"0.01"	"100000"	"10000"	"200"	"2210880381415592809"	25000	"intercept"	0.678886965
"0.9"	"0.4"	"0.1"	"0.01"	"0.005"	"0.01"	"100000"	"10000"	"200"	"2210880381415592809"	30000	"slope"	-0.140131832
"0.9"	"0.4"	"0.1"	"0.01"	"0.005"	"0.01"	"100000"	"10000"	"200"	"2210880381415592809"	30000	"intercept"	0.666051635
"0.9"	"0.4"	"0.1"	"0.01"	"0.005"	"0.01"	"100000"	"10000"	"200"	"2210880381415592809"	35000	"slope"	-0.1596701475
"0.9"	"0.4"	"0.1"	"0.01"	"0.005"	"0.01"	"100000"	"10000"	"200"	"2210880381415592809"	35000	"intercept"	0.675841665
"0.9"	"0.4"	"0.1"	"0.01"	"0.005"	"0.01"	"100000"	"10000"	"200"	"2210880381415592809"	40000	"slope"	-0.139945649
"0.9"	"0.4"	"0.1"	"0.01"	"0.005"	"0.01"	"100000"	"10000"	"200"	"2210880381415592809"	40000	"intercept"	0.66607004
"0.9"	"0.4"	"0.1"	"0.01"	"0.005"	"0.01"	"100000"	"10000"	"200"	"2210880381415592809"	45000	"slope"	-0.12336264
"0.9"	"0.4"	"0.1"	"0.01"	"0.005"	"0.01"	"100000"	"10000"	"200"	"2210880381415592809"	45000	"intercept"	0.66459211
"0.9"	"0.4"	"0.1"	"0.01"	"0.005"	"0.01"	"100000"	"10000"	"200"	"2210880381415592809"	50000	"slope"	-0.1448193865
"0.9"	"0.4"	"0.1"	"0.01"	"0.005"	"0.01"	"100000"	"10000"	"200"	"2210880381415592809"	50000	"intercept"	0.67476326
"0.9"	"0.4"	"0.1"	"0.01"	"0.005"	"0.01"	"100000"	"10000"	"200"	"2210880381415592809"	55000	"slope"	-0.1235345035
"0.9"	"0.4"	"0.1"	"0.01"	"0.005"	"0.01"	"100000"	"10000"	"200"	"2210880381415592809"	55000	"intercept"	0.655866315
"0.9"	"0.4"	"0.1"	"0.01"	"0.005"	"0.01"	"100000"	"10000"	"200"	"2210880381415592809"	60000	"slope"	-0.109055931
"0.9"	"0.4"	"0.1"	"0.01"	"0.005"	"0.01"	"100000"	"10000"	"200"	"2210880381415592809"	60000	"intercept"	0.650996965
"0.9"	"0.4"	"0.1"	"0.01"	"0.005"	"0.01"	"100000"	"10000"	"200"	"2210880381415592809"	65000	"slope"	-0.11527985095
"0.9"	"0.4"	"0.1"	"0.01"	"0.005"	"0.01"	"100000"	"10000"	"200"	"2210880381415592809"	65000	"intercept"	0.661375145
"0.9"	"0.4"	"0.1"	"0.01"	"0.005"	"0.01"	"100000"	"10000"	"200"	"2210880381415592809"	70000	"slope"	-0.11103663745
"0.9"	"0.4"	"0.1"	"0.01"	"0.005"	"0.01"	"100000"	"10000"	"200"	"2210880381415592809"	70000	"intercept"	0.65585447
"0.9"	"0.4"	"0.1"	"0.01"	"0.005"	"0.01"	"100000"	"10000"	"200"	"2210880381415592809"	75000	"slope"	-0.0917654425
"0.9"	"0.4"	"0.1"	"0.01"	"0.005"	"0.01"	"100000"	"10000"	"200"	"2210880381415592809"	75000	"intercept"	0.655047235
"0.9"	"0.4"	"0.1"	"0.01"	"0.005"	"0.01"	"100000"	"10000"	"200"	"2210880381415592809"	80000	"slope"	-0.1011330935
"0.9"	"0.4"	"0.1"	"0.01"	"0.005"	"0.01"	"100000"	"10000"	"200"	"2210880381415592809"	80000	"intercept"	0.64777831
"0.9"	"0.4"	"0.1"	"0.01"	"0.005"	"0.01"	"100000"	"10000"	"200"	"2210880381415592809"	85000	"slope"	-0.1249248871
"0.9"	"0.4"	"0.1"	"0.01"	"0.005"	"0.01"	"100000"	"10000"	"200"	"2210880381415592809"	85000	"intercept"	0.66605428
"0.9"	"0.4"	"0.1"	"0.01"	"0.005"	"0.01"	"100000"	"10000"	"200"	"2210880381415592809"	90000	"slope"	-0.1541963595
"0.9"	"0.4"	"0.1"	"0.01"	"0.005"	"0.01"	"100000"	"10000"	"200"	"2210880381415592809"	90000	"intercept"	0.68178013
"0.9"	"0.4"	"0.1"	"0.01"	"0.005"	"0.01"	"100000"	"10000"	"200"	"2210880381415592809"	95000	"slope"	-0.1392020455
"0.9"	"0.4"	"0.1"	"0.01"	"0.005"	"0.01"	"100000"	"10000"	"200"	"2210880381415592809"	95000	"intercept"	0.668871295
"0.9"	"0.4"	"0.1"	"0.01"	"0.005"	"0.01"	"100000"	"10000"	"200"	"2210880381415592809"	100000	"slope"	-0.1148840265
"0.9"	"0.4"	"0.1"	"0.01"	"0.005"	"0.01"	"100000"	"10000"	"200"	"2210880381415592809"	100000	"intercept"	0.652896285
"0.9"	"0.4"	"0.1"	"0.01"	"0.005"	"0.01"	"100000"	"10000"	"200"	"6346903284121064082"	10	"slope"	-0.00013162835
"0.9"	"0.4"	"0.1"	"0.01"	"0.005"	"0.01"	"100000"	"10000"	"200"	"6346903284121064082"	10	"intercept"	0.50003211
"0.9"	"0.4"	"0.1"	"0.01"	"0.005"	"0.01"	"100000"	"10000"	"200"	"6346903284121064082"	5000	"slope"	-0.0445641946575
"0.9"	"0.4"	"0.1"	"0.01"	"0.005"	"0.01"	"100000"	"10000"	"200"	"6346903284121064082"	5000	"intercept"	0.623666815
"0.9"	"0.4"	"0.1"	"0.01"	"0.005"	"0.01"	"100000"	"10000"	"200"	"6346903284121064082"	10000	"slope"	-0.0701558602
"0.9"	"0.4"	"0.1"	"0.01"	"0.005"	"0.01"	"100000"	"10000"	"200"	"6346903284121064082"	10000	"intercept"	0.64072358
"0.9"	"0.4"	"0.1"	"0.01"	"0.005"	"0.01"	"100000"	"10000"	"200"	"6346903284121064082"	15000	"slope"	-0.10808868995
"0.9"	"0.4"	"0.1"	"0.01"	"0.005"	"0.01"	"100000"	"10000"	"200"	"6346903284121064082"	15000	"intercept"	0.656307965
"0.9"	"0.4"	"0.1"	"0.01"	"0.005"	"0.01"	"100000"	"10000"	"200"	"6346903284121064082"	20000	"slope"	-0.105518193
"0.9"	"0.4"	"0.1"	"0.01"	"0.005"	"0.01"	"100000"	"10000"	"200"	"6346903284121064082"	20000	"intercept"	0.655717335
"0.9"	"0.4"	"0.1"	"0.01"	"0.005"	"0.01"	"100000"	"10000"	"200"	"6346903284121064082"	25000	"slope"	-0.148724754
"0.9"	"0.4"	"0.1"	"0.01"	"0.005"	"0.01"	"100000"	"10000"	"200"	"6346903284121064082"	25000	"intercept"	0.67022243
"0.9"	"0.4"	"0.1"	"0.01"	"0.005"	"0.01"	"100000"	"10000"	"200"	"6346903284121064082"	30000	"slope"	-0.137772344
"0.9"	"0.4"	"0.1"	"0.01"	"0.005"	"0.01"	"100000"	"10000"	"200"	"6346903284121064082"	30000	"intercept"	0.659091385
"0.9"	"0.4"	"0.1"	"0.01"	"0.005"	"0.01"	"100000"	"10000"	"200"	"6346903284121064082"	35000	"slope"	-0.139152991545
"0.9"	"0.4"	"0.1"	"0.01"	"0.005"	"0.01"	"100000"	"10000"	"200"	"6346903284121064082"	35000	"intercept"	0.67452757
"0.9"	"0.4"	"0.1"	"0.01"	"0.005"	"0.01"	"100000"	"10000"	"200"	"6346903284121064082"	40000	"slope"	-0.14049282486
"0.9"	"0.4"	"0.1"	"0.01"	"0.005"	"0.01"	"100000"	"10000"	"200"	"6346903284121064082"	40000	"intercept"	0.674287735
"0.9"	"0.4"	"0.1"	"0.01"	"0.005"	"0.01"	"100000"	"10000"	"200"	"6346903284121064082"	45000	"slope"	-0.1577962915
"0.9"	"0.4"	"0.1"	"0.01"	"0.005"	"0.01"	"100000"	"10000"	"200"	"6346903284121064082"	45000	"intercept"	0.676641
"0.9"	"0.4"	"0.1"	"0.01"	"0.005"	"0.01"	"100000"	"10000"	"200"	"6346903284121064082"	50000	"slope"	-0.137415132
"0.9"	"0.4"	"0.1"	"0.01"	"0.005"	"0.01"	"100000"	"10000"	"200"	"6346903284121064082"	50000	"intercept"	0.663633565
"0.9"	"0.4"	"0.1"	"0.01"	"0.005"	"0.01"	"100000"	"10000"	"200"	"6346903284121064082"	55000	"slope"	-0.1932392255
"0.9"	"0.4"	"0.1"	"0.01"	"0.005"	"0.01"	"100000"	"10000"	"200"	"6346903284121064082"	55000	"intercept"	0.692335465
"0.9"	"0.4"	"0.1"	"0.01"	"0.005"	"0.01"	"100000"	"10000"	"200"	"6346903284121064082"	60000	"slope"	-0.160798566
"0.9"	"0.4"	"0.1"	"0.01"	"0.005"	"0.01"	"100000"	"10000"	"200"	"6346903284121064082"	60000	"intercept"	0.674761295
"0.9"	"0.4"	"0.1"	"0.01"	"0.005"	"0.01"	"100000"	"10000"	"200"	"6346903284121064082"	65000	"slope"	-0.188478457
"0.9"	"0.4"	"0.1"	"0.01"	"0.005"	"0.01"	"100000"	"10000"	"200"	"6346903284121064082"	65000	"intercept"	0.684687335
"0.9"	"0.4"	"0.1"	"0.01"	"0.005"	"0.01"	"100000"	"10000"	"200"	"6346903284121064082"	70000	"slope"	-0.1664329145
"0.9"	"0.4"	"0.1"	"0.01"	"0.005"	"0.01"	"100000"	"10000"	"200"	"6346903284121064082"	70000	"intercept"	0.67240448
"0.9"	"0.4"	"0.1"	"0.01"	"0.005"	"0.01"	"100000"	"10000"	"200"	"6346903284121064082"	75000	"slope"	-0.138918320365
"0.9"	"0.4"	"0.1"	"0.01"	"0.005"	"0.01"	"100000"	"10000"	"200"	"6346903284121064082"	75000	"intercept"	0.662972235
"0.9"	"0.4"	"0.1"	"0.01"	"0.005"	"0.01"	"100000"	"10000"	"200"	"6346903284121064082"	80000	"slope"	-0.1479311075
"0.9"	"0.4"	"0.1"	"0.01"	"0.005"	"0.01"	"100000"	"10000"	"200"	"6346903284121064082"	80000	"intercept"	0.658801655
"0.9"	"0.4"	"0.1"	"0.01"	"0.005"	"0.01"	"100000"	"10000"	"200"	"6346903284121064082"	85000	"slope"	-0.08782587055
"0.9"	"0.4"	"0.1"	"0.01"	"0.005"	"0.01"	"100000"	"10000"	"200"	"6346903284121064082"	85000	"intercept"	0.64954214
"0.9"	"0.4"	"0.1"	"0.01"	"0.005"	"0.01"	"100000"	"10000"	"200"	"6346903284121064082"	90000	"slope"	-0.10081148455
"0.9"	"0.4"	"0.1"	"0.01"	"0.005"	"0.01"	"100000"	"10000"	"200"	"6346903284121064082"	90000	"intercept"	0.649145765
"0.9"	"0.4"	"0.1"	"0.01"	"0.005"	"0.01"	"100000"	"10000"	"200"	"6346903284121064082"	95000	"slope"	-0.119614711
"0.9"	"0.4"	"0.1"	"0.01"	"0.005"	"0.01"	"100000"	"10000"	"200"	"6346903284121064082"	95000	"intercept"	0.66492516
"0.9"	"0.4"	"0.1"	"0.01"	"0.005"	"0.01"	"100000"	"10000"	"200"	"6346903284121064082"	100000	"slope"	-0.1412565745
"0.9"	"0.4"	"0.1"	"0.01"	"0.005"	"0.01"	"100000"	"10000"	"200"	"6346903284121064082"	100000	"intercept"	0.6686189
"0.9"	"0.4"	"0.1"	"0.01"	"0.005"	"0.01"	"100000"	"10000"	"200"	"7517081919104133176"	10	"slope"	4.4689135e-05
"0.9"	"0.4"	"0.1"	"0.01"	"0.005"	"0.01"	"100000"	"10000"	"200"	"7517081919104133176"	10	"intercept"	0.500264435
"0.9"	"0.4"	"0.1"	"0.01"	"0.005"	"0.01"	"100000"	"10000"	"200"	"7517081919104133176"	5000	"slope"	-0.02370115913
"0.9"	"0.4"	"0.1"	"0.01"	"0.005"	"0.01"	"100000"	"10000"	"200"	"7517081919104133176"	5000	"intercept"	0.61955287
"0.9"	"0.4"	"0.1"	"0.01"	"0.005"	"0.01"	"100000"	"10000"	"200"	"7517081919104133176"	10000	"slope"	-0.062182968925
"0.9"	"0.4"	"0.1"	"0.01"	"0.005"	"0.01"	"100000"	"10000"	"200"	"7517081919104133176"	10000	"intercept"	0.633828525
"0.9"	"0.4"	"0.1"	"0.01"	"0.005"	"0.01"	"100000"	"10000"	"200"	"7517081919104133176"	15000	"slope"	-0.09915875645
"0.9"	"0.4"	"0.1"	"0.01"	"0.005"	"0.01"	"100000"	"10000"	"200"	"7517081919104133176"	15000	"intercept"	0.64919417
"0.9"	"0.4"	"0.1"	"0.01"	"0.005"	"0.01"	"100000"	"10000"	"200"	"7517081919104133176"	20000	"slope"	-0.123416132985
"0.9"	"0.4"	"0.1"	"0.01"	"0.005"	"0.01"	"100000"	"10000"	"200"	"7517081919104133176"	20000	"intercept"	0.663131905
"0.9"	"0.4"	"0.1"	"0.01"	"0.005"	"0.01"	"100000"	"10000"	"200"	"7517081919104133176"	25000	"slope"	-0.1032168725
"0.9"	"0.4"	"0.1"	"0.01"	"0.005"	"0.01"	"100000"	"10000"	"200"	"7517081919104133176"	25000	"intercept"	0.661361555
"0.9"	"0.4"	"0.1"	"0.01"	"0.005"	"0.01"	"100000"	"10000"	"200"	"7517081919104133176"	30000	"slope"	-0.1136795375
"0.9"	"0.4"	"0.1"	"0.01"	"0.005"	"0.01"	"100000"	"10000"	"200"	"7517081919104133176"	30000	"intercept"	0.64928839
"0.9"	"0.4"	"0.1"	"0.01"	"0.005"	"0.01"	"100000"	"10000"	"200"	"7517081919104133176"	35000	"slope"	-0.129775626
"0.9"	"0.4"	"0.1"	"0.01"	"0.005"	"0.01"	"100000"	"10000"	"200"	"7517081919104133176"	35000	"intercept"	0.66341503
"0.9"	"0.4"	"0.1"	"0.01"	"0.005"	"0.01"	"100000"	"10000"	"200"	"7517081919104133176"	40000	"slope"	-0.1369357295
"0.9"	"0.4"	"0.1"	"0.01"	"0.005"	"0.01"	"100000"	"10000"	"200"	"7517081919104133176"	40000	"intercept"	0.66733569
"0.9"	"0.4"	"0.1"	"0.01"	"0.005"	"0.01"	"100000"	"10000"	"200"	"7517081919104133176"	45000	"slope"	-0.1334322215
"0.9"	"0.4"	"0.1"	"0.01"	"0.005"	"0.01"	"100000"	"10000"	"200"	"7517081919104133176"	45000	"intercept"	0.665459075
"0.9"	"0.4"	"0.1"	"0.01"	"0.005"	"0.01"	"100000"	"10000"	"200"	"7517081919104133176"	50000	"slope"	-0.1316026755
"0.9"	"0.4"	"0.1"	"0.01"	"0.005"	"0.01"	"100000"	"10000"	"200"	"7517081919104133176"	50000	"intercept"	0.65879503
"0.9"	"0.4"	"0.1"	"0.01"	"0.005"	"0.01"	"100000"	"10000"	"200"	"7517081919104133176"	55000	"slope"	-0.145811747
"0.9"	"0.4"	"0.1"	"0.01"	"0.005"	"0.01"	"100000"	"10000"	"200"	"7517081919104133176"	55000	"intercept"	0.66948412
"0.9"	"0.4"	"0.1"	"0.01"	"0.005"	"0.01"	"100000"	"10000"	"200"	"7517081919104133176"	60000	"slope"	-0.156524287
"0.9"	"0.4"	"0.1"	"0.01"	"0.005"	"0.01"	"100000"	"10000"	"200"	"7517081919104133176"	60000	"intercept"	0.68069829
"0.9"	"0.4"	"0.1"	"0.01"	"0.005"	"0.01"	"100000"	"10000"	"200"	"7517081919104133176"	65000	"slope"	-0.1435604445
"0.9"	"0.4"	"0.1"	"0.01"	"0.005"	"0.01"	"100000"	"10000"	"200"	"7517081919104133176"	65000	"intercept"	0.670055075
"0.9"	"0.4"	"0.1"	"0.01"	"0.005"	"0.01"	"100000"	"10000"	"200"	"7517081919104133176"	70000	"slope"	-0.14527877
"0.9"	"0.4"	"0.1"	"0.01"	"0.005"	"0.01"	"100000"	"10000"	"200"	"7517081919104133176"	70000	"intercept"	0.669136505
"0.9"	"0.4"	"0.1"	"0.01"	"0.005"	"0.01"	"100000"	"10000"	"200"	"7517081919104133176"	75000	"slope"	-0.137636364
"0.9"	"0.4"	"0.1"	"0.01"	"0.005"	"0.01"	"100000"	"10000"	"200"	"7517081919104133176"	75000	"intercept"	0.671577415
"0.9"	"0.4"	"0.1"	"0.01"	"0.005"	"0.01"	"100000"	"10000"	"200"	"7517081919104133176"	80000	"slope"	-0.123393599
"0.9"	"0.4"	"0.1"	"0.01"	"0.005"	"0.01"	"100000"	"10000"	"200"	"7517081919104133176"	80000	"intercept"	0.665356295
"0.9"	"0.4"	"0.1"	"0.01"	"0.005"	"0.01"	"100000"	"10000"	"200"	"7517081919104133176"	85000	"slope"	-0.1129922004
"0.9"	"0.4"	"0.1"	"0.01"	"0.005"	"0.01"	"100000"	"10000"	"200"	"7517081919104133176"	85000	"intercept"	0.66111732
"0.9"	"0.4"	"0.1"	"0.01"	"0.005"	"0.01"	"100000"	"10000"	"200"	"7517081919104133176"	90000	"slope"	-0.1246983945
"0.9"	"0.4"	"0.1"	"0.01"	"0.005"	"0.01"	"100000"	"10000"	"200"	"7517081919104133176"	90000	"intercept"	0.664464335
"0.9"	"0.4"	"0.1"	"0.01"	"0.005"	"0.01"	"100000"	"10000"	"200"	"7517081919104133176"	95000	"slope"	-0.1122805658
"0.9"	"0.4"	"0.1"	"0.01"	"0.005"	"0.01"	"100000"	"10000"	"200"	"7517081919104133176"	95000	"intercept"	0.65001127
"0.9"	"0.4"	"0.1"	"0.01"	"0.005"	"0.01"	"100000"	"10000"	"200"	"7517081919104133176"	100000	"slope"	-0.121219929
"0.9"	"0.4"	"0.1"	"0.01"	"0.005"	"0.01"	"100000"	"10000"	"200"	"7517081919104133176"	100000	"intercept"	0.662262755
"0.9"	"0.4"	"0.1"	"0.01"	"0.005"	"0.01"	"100000"	"10000"	"200"	"7602806700574802820"	10	"slope"	0.00013033065
"0.9"	"0.4"	"0.1"	"0.01"	"0.005"	"0.01"	"100000"	"10000"	"200"	"7602806700574802820"	10	"intercept"	0.50019701
"0.9"	"0.4"	"0.1"	"0.01"	"0.005"	"0.01"	"100000"	"10000"	"200"	"7602806700574802820"	5000	"slope"	-0.01171481549
"0.9"	"0.4"	"0.1"	"0.01"	"0.005"	"0.01"	"100000"	"10000"	"200"	"7602806700574802820"	5000	"intercept"	0.61895071
"0.9"	"0.4"	"0.1"	"0.01"	"0.005"	"0.01"	"100000"	"10000"	"200"	"7602806700574802820"	10000	"slope"	-0.0819249715
"0.9"	"0.4"	"0.1"	"0.01"	"0.005"	"0.01"	"100000"	"10000"	"200"	"7602806700574802820"	10000	"intercept"	0.642609305
"0.9"	"0.4"	"0.1"	"0.01"	"0.005"	"0.01"	"100000"	"10000"	"200"	"7602806700574802820"	15000	"slope"	-0.1167815455
"0.9"	"0.4"	"0.1"	"0.01"	"0.005"	"0.01"	"100000"	"10000"	"200"	"7602806700574802820"	15000	"intercept"	0.65266106
"0.9"	"0.4"	"0.1"	"0.01"	"0.005"	"0.01"	"100000"	"10000"	"200"	"7602806700574802820"	20000	"slope"	-0.1063141431
"0.9"	"0.4"	"0.1"	"0.01"	"0.005"	"0.01"	"100000"	"10000"	"200"	"7602806700574802820"	20000	"intercept"	0.65180861
"0.9"	"0.4"	"0.1"	"0.01"	"0.005"	"0.01"	"100000"	"10000"	"200"	"7602806700574802820"	25000	"slope"	-0.126781323
"0.9"	"0.4"	"0.1"	"0.01"	"0.005"	"0.01"	"100000"	"10000"	"200"	"7602806700574802820"	25000	"intercept"	0.664017885
"0.9"	"0.4"	"0.1"	"0.01"	"0.005"	"0.01"	"100000"	"10000"	"200"	"7602806700574802820"	30000	"slope"	-0.1167841135
"0.9"	"0.4"	"0.1"	"0.01"	"0.005"	"0.01"	"100000"	"10000"	"200"	"7602806700574802820"	30000	"intercept"	0.651436735
"0.9"	"0.4"	"0.1"	"0.01"	"0.005"	"0.01"	"100000"	"10000"	"200"	"7602806700574802820"	35000	"slope"	-0.092622599365
"0.9"	"0.4"	"0.1"	"0.01"	"0.005"	"0.01"	"100000"	"10000"	"200"	"7602806700574802820"	35000	"intercept"	0.64781005
"0.9"	"0.4"	"0.1"	"0.01"	"0.005"	"0.01"	"100000"	"10000"	"200"	"7602806700574802820"	40000	"slope"	-0.098314259
"0.9"	"0.4"	"0.1"	"0.01"	"0.005"	"0.01"	"100000"	"10000"	"200"	"7602806700574802820"	40000	"intercept"	0.65553928
"0.9"	"0.4"	"0.1"	"0.01"	"0.005"	"0.01"	"100000"	"10000"	"200"	"7602806700574802820"	45000	"slope"	-0.10791057485
"0.9"	"0.4"	"0.1"	"0.01"	"0.005"	"0.01"	"100000"	"10000"	"200"	"7602806700574802820"	45000	"intercept"	0.650465645
"0.9"	"0.4"	"0.1"	"0.01"	"0.005"	"0.01"	"100000"	"10000"	"200"	"7602806700574802820"	50000	"slope"	-0.1459481195
"0.9"	"0.4"	"0.1"	"0.01"	"0.005"	"0.01"	"100000"	"10000"	"200"	"7602806700574802820"	50000	"intercept"	0.66725313
"0.9"	"0.4"	"0.1"	"0.01"	"0.005"	"0.01"	"100000"	"10000"	"200"	"7602806700574802820"	55000	"slope"	-0.14218795205
"0.9"	"0.4"	"0.1"	"0.01"	"0.005"	"0.01"	"100000"	"10000"	"200"	"7602806700574802820"	55000	"intercept"	0.666591535
"0.9"	"0.4"	"0.1"	"0.01"	"0.005"	"0.01"	"100000"	"10000"	"200"	"7602806700574802820"	60000	"slope"	-0.123176967
"0.9"	"0.4"	"0.1"	"0.01"	"0.005"	"0.01"	"100000"	"10000"	"200"	"7602806700574802820"	60000	"intercept"	0.65839453
"0.9"	"0.4"	"0.1"	"0.01"	"0.005"	"0.01"	"100000"	"10000"	"200"	"7602806700574802820"	65000	"slope"	-0.1524323045
"0.9"	"0.4"	"0.1"	"0.01"	"0.005"	"0.01"	"100000"	"10000"	"200"	"7602806700574802820"	65000	"intercept"	0.67152905
"0.9"	"0.4"	"0.1"	"0.01"	"0.005"	"0.01"	"100000"	"10000"	"200"	"7602806700574802820"	70000	"slope"	-0.1321065315
"0.9"	"0.4"	"0.1"	"0.01"	"0.005"	"0.01"	"100000"	"10000"	"200"	"7602806700574802820"	70000	"intercept"	0.66925369
"0.9"	"0.4"	"0.1"	"0.01"	"0.005"	"0.01"	"100000"	"10000"	"200"	"7602806700574802820"	75000	"slope"	-0.1512590395
"0.9"	"0.4"	"0.1"	"0.01"	"0.005"	"0.01"	"100000"	"10000"	"200"	"7602806700574802820"	75000	"intercept"	0.67430845
"0.9"	"0.4"	"0.1"	"0.01"	"0.005"	"0.01"	"100000"	"10000"	"200"	"7602806700574802820"	80000	"slope"	-0.107956128
"0.9"	"0.4"	"0.1"	"0.01"	"0.005"	"0.01"	"100000"	"10000"	"200"	"7602806700574802820"	80000	"intercept"	0.65730409
"0.9"	"0.4"	"0.1"	"0.01"	"0.005"	"0.01"	"100000"	"10000"	"200"	"7602806700574802820"	85000	"slope"	-0.1127960515
"0.9"	"0.4"	"0.1"	"0.01"	"0.005"	"0.01"	"100000"	"10000"	"200"	"7602806700574802820"	85000	"intercept"	0.65745541
"0.9"	"0.4"	"0.1"	"0.01"	"0.005"	"0.01"	"100000"	"10000"	"200"	"7602806700574802820"	90000	"slope"	-0.102531416
"0.9"	"0.4"	"0.1"	"0.01"	"0.005"	"0.01"	"100000"	"10000"	"200"	"7602806700574802820"	90000	"intercept"	0.6449279
"0.9"	"0.4"	"0.1"	"0.01"	"0.005"	"0.01"	"100000"	"10000"	"200"	"7602806700574802820"	95000	"slope"	-0.11500728
"0.9"	"0.4"	"0.1"	"0.01"	"0.005"	"0.01"	"100000"	"10000"	"200"	"7602806700574802820"	95000	"intercept"	0.664432495
"0.9"	"0.4"	"0.1"	"0.01"	"0.005"	"0.01"	"100000"	"10000"	"200"	"7602806700574802820"	100000	"slope"	-0.12063220116
"0.9"	"0.4"	"0.1"	"0.01"	"0.005"	"0.01"	"100000"	"10000"	"200"	"7602806700574802820"	100000	"intercept"	0.662059945
"0.9"	"0.4"	"0.1"	"0.01"	"0.005"	"0.01"	"100000"	"10000"	"200"	"8863497986642300486"	10	"slope"	0.00010023396
"0.9"	"0.4"	"0.1"	"0.01"	"0.005"	"0.01"	"100000"	"10000"	"200"	"8863497986642300486"	10	"intercept"	0.49998231
"0.9"	"0.4"	"0.1"	"0.01"	"0.005"	"0.01"	"100000"	"10000"	"200"	"8863497986642300486"	5000	"slope"	-0.00748020551
"0.9"	"0.4"	"0.1"	"0.01"	"0.005"	"0.01"	"100000"	"10000"	"200"	"8863497986642300486"	5000	"intercept"	0.61097174
"0.9"	"0.4"	"0.1"	"0.01"	"0.005"	"0.01"	"100000"	"10000"	"200"	"8863497986642300486"	10000	"slope"	-0.053951987885
"0.9"	"0.4"	"0.1"	"0.01"	"0.005"	"0.01"	"100000"	"10000"	"200"	"8863497986642300486"	10000	"intercept"	0.620982135
"0.9"	"0.4"	"0.1"	"0.01"	"0.005"	"0.01"	"100000"	"10000"	"200"	"8863497986642300486"	15000	"slope"	-0.130236746
"0.9"	"0.4"	"0.1"	"0.01"	"0.005"	"0.01"	"100000"	"10000"	"200"	"8863497986642300486"	15000	"intercept"	0.66760304
"0.9"	"0.4"	"0.1"	"0.01"	"0.005"	"0.01"	"100000"	"10000"	"200"	"8863497986642300486"	20000	"slope"	-0.152783057
"0.9"	"0.4"	"0.1"	"0.01"	"0.005"	"0.01"	"100000"	"10000"	"200"	"8863497986642300486"	20000	"intercept"	0.66935186
"0.9"	"0.4"	"0.1"	"0.01"	"0.005"	"0.01"	"100000"	"10000"	"200"	"8863497986642300486"	25000	"slope"	-0.182963965
"0.9"	"0.4"	"0.1"	"0.01"	"0.005"	"0.01"	"100000"	"10000"	"200"	"8863497986642300486"	25000	"intercept"	0.68595716
"0.9"	"0.4"	"0.1"	"0.01"	"0.005"	"0.01"	"100000"	"10000"	"200"	"8863497986642300486"	30000	"slope"	-0.1349116975
"0.9"	"0.4"	"0.1"	"0.01"	"0.005"	"0.01"	"100000"	"10000"	"200"	"8863497986642300486"	30000	"intercept"	0.66870601
"0.9"	"0.4"	"0.1"	"0.01"	"0.005"	"0.01"	"100000"	"10000"	"200"	"8863497986642300486"	35000	"slope"	-0.12049386525
"0.9"	"0.4"	"0.1"	"0.01"	"0.005"	"0.01"	"100000"	"10000"	"200"	"8863497986642300486"	35000	"intercept"	0.6609182
"0.9"	"0.4"	"0.1"	"0.01"	"0.005"	"0.01"	"100000"	"10000"	"200"	"8863497986642300486"	40000	"slope"	-0.13118067935
"0.9"	"0.4"	"0.1"	"0.01"	"0.005"	"0.01"	"100000"	"10000"	"200"	"8863497986642300486"	40000	"intercept"	0.659262865
"0.9"	"0.4"	"0.1"	"0.01"	"0.005"	"0.01"	"100000"	"10000"	"200"	"8863497986642300486"	45000	"slope"	-0.149305332
"0.9"	"0.4"	"0.1"	"0.01"	"0.005"	"0.01"	"100000"	"10000"	"200"	"8863497986642300486"	45000	"intercept"	0.660617455
"0.9"	"0.4"	"0.1"	"0.01"	"0.005"	"0.01"	"100000"	"10000"	"200"	"8863497986642300486"	50000	"slope"	-0.14544771735
"0.9"	"0.4"	"0.1"	"0.01"	"0.005"	"0.01"	"100000"	"10000"	"200"	"8863497986642300486"	50000	"intercept"	0.66205155
"0.9"	"0.4"	"0.1"	"0.01"	"0.005"	"0.01"	"100000"	"10000"	"200"	"8863497986642300486"	55000	"slope"	-0.149592644
"0.9"	"0.4"	"0.1"	"0.01"	"0.005"	"0.01"	"100000"	"10000"	"200"	"8863497986642300486"	55000	"intercept"	0.671410335
"0.9"	"0.4"	"0.1"	"0.01"	"0.005"	"0.01"	"100000"	"10000"	"200"	"8863497986642300486"	60000	"slope"	-0.1524446775
"0.9"	"0.4"	"0.1"	"0.01"	"0.005"	"0.01"	"100000"	"10000"	"200"	"8863497986642300486"	60000	"intercept"	0.665122085
"0.9"	"0.4"	"0.1"	"0.01"	"0.005"	"0.01"	"100000"	"10000"	"200"	"8863497986642300486"	65000	"slope"	-0.1427740255
"0.9"	"0.4"	"0.1"	"0.01"	"0.005"	"0.01"	"100000"	"10000"	"200"	"8863497986642300486"	65000	"intercept"	0.67352193
"0.9"	"0.4"	"0.1"	"0.01"	"0.005"	"0.01"	"100000"	"10000"	"200"	"8863497986642300486"	70000	"slope"	-0.1363469675
"0.9"	"0.4"	"0.1"	"0.01"	"0.005"	"0.01"	"100000"	"10000"	"200"	"8863497986642300486"	70000	"intercept"	0.669713
"0.9"	"0.4"	"0.1"	"0.01"	"0.005"	"0.01"	"100000"	"10000"	"200"	"8863497986642300486"	75000	"slope"	-0.1017431875
"0.9"	"0.4"	"0.1"	"0.01"	"0.005"	"0.01"	"100000"	"10000"	"200"	"8863497986642300486"	75000	"intercept"	0.655865875
"0.9"	"0.4"	"0.1"	"0.01"	"0.005"	"0.01"	"100000"	"10000"	"200"	"8863497986642300486"	80000	"slope"	-0.1278606325
"0.9"	"0.4"	"0.1"	"0.01"	"0.005"	"0.01"	"100000"	"10000"	"200"	"8863497986642300486"	80000	"intercept"	0.662058975
"0.9"	"0.4"	"0.1"	"0.01"	"0.005"	"0.01"	"100000"	"10000"	"200"	"8863497986642300486"	85000	"slope"	-0.138695215
"0.9"	"0.4"	"0.1"	"0.01"	"0.005"	"0.01"	"100000"	"10000"	"200"	"8863497986642300486"	85000	"intercept"	0.669863485
"0.9"	"0.4"	"0.1"	"0.01"	"0.005"	"0.01"	"100000"	"10000"	"200"	"8863497986642300486"	90000	"slope"	-0.146253834
"0.9"	"0.4"	"0.1"	"0.01"	"0.005"	"0.01"	"100000"	"10000"	"200"	"8863497986642300486"	90000	"intercept"	0.66624447
"0.9"	"0.4"	"0.1"	"0.01"	"0.005"	"0.01"	"100000"	"10000"	"200"	"8863497986642300486"	95000	"slope"	-0.128808894
"0.9"	"0.4"	"0.1"	"0.01"	"0.005"	"0.01"	"100000"	"10000"	"200"	"8863497986642300486"	95000	"intercept"	0.651057305
"0.9"	"0.4"	"0.1"	"0.01"	"0.005"	"0.01"	"100000"	"10000"	"200"	"8863497986642300486"	100000	"slope"	-0.1466326405
"0.9"	"0.4"	"0.1"	"0.01"	"0.005"	"0.01"	"100000"	"10000"	"200"	"8863497986642300486"	100000	"intercept"	0.67773558
"0.9"	"0.6"	"0.1"	"0.01"	"0.005"	"0.01"	"100000"	"10000"	"200"	"3405304740221800156"	10	"slope"	0.00014139185
"0.9"	"0.6"	"0.1"	"0.01"	"0.005"	"0.01"	"100000"	"10000"	"200"	"3405304740221800156"	10	"intercept"	0.499814025
"0.9"	"0.6"	"0.1"	"0.01"	"0.005"	"0.01"	"100000"	"10000"	"200"	"3405304740221800156"	5000	"slope"	-0.0313656825105
"0.9"	"0.6"	"0.1"	"0.01"	"0.005"	"0.01"	"100000"	"10000"	"200"	"3405304740221800156"	5000	"intercept"	0.550268785
"0.9"	"0.6"	"0.1"	"0.01"	"0.005"	"0.01"	"100000"	"10000"	"200"	"3405304740221800156"	10000	"slope"	-0.0997987205
"0.9"	"0.6"	"0.1"	"0.01"	"0.005"	"0.01"	"100000"	"10000"	"200"	"3405304740221800156"	10000	"intercept"	0.586145585
"0.9"	"0.6"	"0.1"	"0.01"	"0.005"	"0.01"	"100000"	"10000"	"200"	"3405304740221800156"	15000	"slope"	-0.165767796
"0.9"	"0.6"	"0.1"	"0.01"	"0.005"	"0.01"	"100000"	"10000"	"200"	"3405304740221800156"	15000	"intercept"	0.607378675
"0.9"	"0.6"	"0.1"	"0.01"	"0.005"	"0.01"	"100000"	"10000"	"200"	"3405304740221800156"	20000	"slope"	-0.197478352
"0.9"	"0.6"	"0.1"	"0.01"	"0.005"	"0.01"	"100000"	"10000"	"200"	"3405304740221800156"	20000	"intercept"	0.631674495
"0.9"	"0.6"	"0.1"	"0.01"	"0.005"	"0.01"	"100000"	"10000"	"200"	"3405304740221800156"	25000	"slope"	-0.203664895
"0.9"	"0.6"	"0.1"	"0.01"	"0.005"	"0.01"	"100000"	"10000"	"200"	"3405304740221800156"	25000	"intercept"	0.628773165
"0.9"	"0.6"	"0.1"	"0.01"	"0.005"	"0.01"	"100000"	"10000"	"200"	"3405304740221800156"	30000	"slope"	-0.21306607
"0.9"	"0.6"	"0.1"	"0.01"	"0.005"	"0.01"	"100000"	"10000"	"200"	"3405304740221800156"	30000	"intercept"	0.6236473
"0.9"	"0.6"	"0.1"	"0.01"	"0.005"	"0.01"	"100000"	"10000"	"200"	"3405304740221800156"	35000	"slope"	-0.221844835
"0.9"	"0.6"	"0.1"	"0.01"	"0.005"	"0.01"	"100000"	"10000"	"200"	"3405304740221800156"	35000	"intercept"	0.63369959
"0.9"	"0.6"	"0.1"	"0.01"	"0.005"	"0.01"	"100000"	"10000"	"200"	"3405304740221800156"	40000	"slope"	-0.279915485
"0.9"	"0.6"	"0.1"	"0.01"	"0.005"	"0.01"	"100000"	"10000"	"200"	"3405304740221800156"	40000	"intercept"	0.663533565
"0.9"	"0.6"	"0.1"	"0.01"	"0.005"	"0.01"	"100000"	"10000"	"200"	"3405304740221800156"	45000	"slope"	-0.229942025
"0.9"	"0.6"	"0.1"	"0.01"	"0.005"	"0.01"	"100000"	"10000"	"200"	"3405304740221800156"	45000	"intercept"	0.64485266
"0.9"	"0.6"	"0.1"	"0.01"	"0.005"	"0.01"	"100000"	"10000"	"200"	"3405304740221800156"	50000	"slope"	-0.237630425
"0.9"	"0.6"	"0.1"	"0.01"	"0.005"	"0.01"	"100000"	"10000"	"200"	"3405304740221800156"	50000	"intercept"	0.63112486
"0.9"	"0.6"	"0.1"	"0.01"	"0.005"	"0.01"	"100000"	"10000"	"200"	"3405304740221800156"	55000	"slope"	-0.224356352
"0.9"	"0.6"	"0.1"	"0.01"	"0.005"	"0.01"	"100000"	"10000"	"200"	"3405304740221800156"	55000	"intercept"	0.638989305
"0.9"	"0.6"	"0.1"	"0.01"	"0.005"	"0.01"	"100000"	"10000"	"200"	"3405304740221800156"	60000	"slope"	-0.22367593
"0.9"	"0.6"	"0.1"	"0.01"	"0.005"	"0.01"	"100000"	"10000"	"200"	"3405304740221800156"	60000	"intercept"	0.636146375
"0.9"	"0.6"	"0.1"	"0.01"	"0.005"	"0.01"	"100000"	"10000"	"200"	"3405304740221800156"	65000	"slope"	-0.23601741
"0.9"	"0.6"	"0.1"	"0.01"	"0.005"	"0.01"	"100000"	"10000"	"200"	"3405304740221800156"	65000	"intercept"	0.636155475
"0.9"	"0.6"	"0.1"	"0.01"	"0.005"	"0.01"	"100000"	"10000"	"200"	"3405304740221800156"	70000	"slope"	-0.21758272
"0.9"	"0.6"	"0.1"	"0.01"	"0.005"	"0.01"	"100000"	"10000"	"200"	"3405304740221800156"	70000	"intercept"	0.63495989
"0.9"	"0.6"	"0.1"	"0.01"	"0.005"	"0.01"	"100000"	"10000"	"200"	"3405304740221800156"	75000	"slope"	-0.22541107
"0.9"	"0.6"	"0.1"	"0.01"	"0.005"	"0.01"	"100000"	"10000"	"200"	"3405304740221800156"	75000	"intercept"	0.634194535
"0.9"	"0.6"	"0.1"	"0.01"	"0.005"	"0.01"	"100000"	"10000"	"200"	"3405304740221800156"	80000	"slope"	-0.26886059
"0.9"	"0.6"	"0.1"	"0.01"	"0.005"	"0.01"	"100000"	"10000"	"200"	"3405304740221800156"	80000	"intercept"	0.651396695
"0.9"	"0.6"	"0.1"	"0.01"	"0.005"	"0.01"	"100000"	"10000"	"200"	"3405304740221800156"	85000	"slope"	-0.265568885
"0.9"	"0.6"	"0.1"	"0.01"	"0.005"	"0.01"	"100000"	"10000"	"200"	"3405304740221800156"	85000	"intercept"	0.65705453
"0.9"	"0.6"	"0.1"	"0.01"	"0.005"	"0.01"	"100000"	"10000"	"200"	"3405304740221800156"	90000	"slope"	-0.257458605
"0.9"	"0.6"	"0.1"	"0.01"	"0.005"	"0.01"	"100000"	"10000"	"200"	"3405304740221800156"	90000	"intercept"	0.646710695
"0.9"	"0.6"	"0.1"	"0.01"	"0.005"	"0.01"	"100000"	"10000"	"200"	"3405304740221800156"	95000	"slope"	-0.2504791265
"0.9"	"0.6"	"0.1"	"0.01"	"0.005"	"0.01"	"100000"	"10000"	"200"	"3405304740221800156"	95000	"intercept"	0.64718088
"0.9"	"0.6"	"0.1"	"0.01"	"0.005"	"0.01"	"100000"	"10000"	"200"	"3405304740221800156"	100000	"slope"	-0.25211361
"0.9"	"0.6"	"0.1"	"0.01"	"0.005"	"0.01"	"100000"	"10000"	"200"	"3405304740221800156"	100000	"intercept"	0.647213955
"0.9"	"0.6"	"0.1"	"0.01"	"0.005"	"0.01"	"100000"	"10000"	"200"	"4684155715041926799"	10	"slope"	-0.000114070015
"0.9"	"0.6"	"0.1"	"0.01"	"0.005"	"0.01"	"100000"	"10000"	"200"	"4684155715041926799"	10	"intercept"	0.499814395
"0.9"	"0.6"	"0.1"	"0.01"	"0.005"	"0.01"	"100000"	"10000"	"200"	"4684155715041926799"	5000	"slope"	-0.02481177998
"0.9"	"0.6"	"0.1"	"0.01"	"0.005"	"0.01"	"100000"	"10000"	"200"	"4684155715041926799"	5000	"intercept"	0.55169838
"0.9"	"0.6"	"0.1"	"0.01"	"0.005"	"0.01"	"100000"	"10000"	"200"	"4684155715041926799"	10000	"slope"	-0.119257415955
"0.9"	"0.6"	"0.1"	"0.01"	"0.005"	"0.01"	"100000"	"10000"	"200"	"4684155715041926799"	10000	"intercept"	0.58787192
"0.9"	"0.6"	"0.1"	"0.01"	"0.005"	"0.01"	"100000"	"10000"	"200"	"4684155715041926799"	15000	"slope"	-0.209595735
"0.9"	"0.6"	"0.1"	"0.01"	"0.005"	"0.01"	"100000"	"10000"	"200"	"4684155715041926799"	15000	"intercept"	0.633949415
"0.9"	"0.6"	"0.1"	"0.01"	"0.005"	"0.01"	"100000"	"10000"	"200"	"4684155715041926799"	20000	"slope"	-0.230741898
"0.9"	"0.6"	"0.1"	"0.01"	"0.005"	"0.01"	"100000"	"10000"	"200"	"4684155715041926799"	20000	"intercept"	0.63496304
"0.9"	"0.6"	"0.1"	"0.01"	"0.005"	"0.01"	"100000"	"10000"	"200"	"4684155715041926799"	25000	"slope"	-0.242947981
"0.9"	"0.6"	"0.1"	"0.01"	"0.005"	"0.01"	"100000"	"10000"	"200"	"4684155715041926799"	25000	"intercept"	0.641641135
"0.9"	"0.6"	"0.1"	"0.01"	"0.005"	"0.01"	"100000"	"10000"	"200"	"4684155715041926799"	30000	"slope"	-0.235893105
"0.9"	"0.6"	"0.1"	"0.01"	"0.005"	"0.01"	"100000"	"10000"	"200"	"4684155715041926799"	30000	"intercept"	0.64561951
"0.9"	"0.6"	"0.1"	"0.01"	"0.005"	"0.01"	"100000"	"10000"	"200"	"4684155715041926799"	35000	"slope"	-0.28004473
"0.9"	"0.6"	"0.1"	"0.01"	"0.005"	"0.01"	"100000"	"10000"	"200"	"4684155715041926799"	35000	"intercept"	0.65783481
"0.9"	"0.6"	"0.1"	"0.01"	"0.005"	"0.01"	"100000"	"10000"	"200"	"4684155715041926799"	40000	"slope"	-0.276560125
"0.9"	"0.6"	"0.1"	"0.01"	"0.005"	"0.01"	"100000"	"10000"	"200"	"4684155715041926799"	40000	"intercept"	0.658798225
"0.9"	"0.6"	"0.1"	"0.01"	"0.005"	"0.01"	"100000"	"10000"	"200"	"4684155715041926799"	45000	"slope"	-0.263297605
"0.9"	"0.6"	"0.1"	"0.01"	"0.005"	"0.01"	"100000"	"10000"	"200"	"4684155715041926799"	45000	"intercept"	0.646103125
"0.9"	"0.6"	"0.1"	"0.01"	"0.005"	"0.01"	"100000"	"10000"	"200"	"4684155715041926799"	50000	"slope"	-0.2715973
"0.9"	"0.6"	"0.1"	"0.01"	"0.005"	"0.01"	"100000"	"10000"	"200"	"4684155715041926799"	50000	"intercept"	0.65729975
"0.9"	"0.6"	"0.1"	"0.01"	"0.005"	"0.01"	"100000"	"10000"	"200"	"4684155715041926799"	55000	"slope"	-0.25208982
"0.9"	"0.6"	"0.1"	"0.01"	"0.005"	"0.01"	"100000"	"10000"	"200"	"4684155715041926799"	55000	"intercept"	0.653035875
"0.9"	"0.6"	"0.1"	"0.01"	"0.005"	"0.01"	"100000"	"10000"	"200"	"4684155715041926799"	60000	"slope"	-0.257338905
"0.9"	"0.6"	"0.1"	"0.01"	"0.005"	"0.01"	"100000"	"10000"	"200"	"4684155715041926799"	60000	"intercept"	0.64856539
"0.9"	"0.6"	"0.1"	"0.01"	"0.005"	"0.01"	"100000"	"10000"	"200"	"4684155715041926799"	65000	"slope"	-0.24368909
"0.9"	"0.6"	"0.1"	"0.01"	"0.005"	"0.01"	"100000"	"10000"	"200"	"4684155715041926799"	65000	"intercept"	0.64116978
"0.9"	"0.6"	"0.1"	"0.01"	"0.005"	"0.01"	"100000"	"10000"	"200"	"4684155715041926799"	70000	"slope"	-0.24876374
"0.9"	"0.6"	"0.1"	"0.01"	"0.005"	"0.01"	"100000"	"10000"	"200"	"4684155715041926799"	70000	"intercept"	0.64458498
"0.9"	"0.6"	"0.1"	"0.01"	"0.005"	"0.01"	"100000"	"10000"	"200"	"4684155715041926799"	75000	"slope"	-0.233221905
"0.9"	"0.6"	"0.1"	"0.01"	"0.005"	"0.01"	"100000"	"10000"	"200"	"4684155715041926799"	75000	"intercept"	0.64150215
"0.9"	"0.6"	"0.1"	"0.01"	"0.005"	"0.01"	"100000"	"10000"	"200"	"4684155715041926799"	80000	"slope"	-0.27709566
"0.9"	"0.6"	"0.1"	"0.01"	"0.005"	"0.01"	"100000"	"10000"	"200"	"4684155715041926799"	80000	"intercept"	0.66133085
"0.9"	"0.6"	"0.1"	"0.01"	"0.005"	"0.01"	"100000"	"10000"	"200"	"4684155715041926799"	85000	"slope"	-0.277571325
"0.9"	"0.6"	"0.1"	"0.01"	"0.005"	"0.01"	"100000"	"10000"	"200"	"4684155715041926799"	85000	"intercept"	0.664560185
"0.9"	"0.6"	"0.1"	"0.01"	"0.005"	"0.01"	"100000"	"10000"	"200"	"4684155715041926799"	90000	"slope"	-0.2690944
"0.9"	"0.6"	"0.1"	"0.01"	"0.005"	"0.01"	"100000"	"10000"	"200"	"4684155715041926799"	90000	"intercept"	0.653517145
"0.9"	"0.6"	"0.1"	"0.01"	"0.005"	"0.01"	"100000"	"10000"	"200"	"4684155715041926799"	95000	"slope"	-0.24287275
"0.9"	"0.6"	"0.1"	"0.01"	"0.005"	"0.01"	"100000"	"10000"	"200"	"4684155715041926799"	95000	"intercept"	0.645079425
"0.9"	"0.6"	"0.1"	"0.01"	"0.005"	"0.01"	"100000"	"10000"	"200"	"4684155715041926799"	100000	"slope"	-0.24266194
"0.9"	"0.6"	"0.1"	"0.01"	"0.005"	"0.01"	"100000"	"10000"	"200"	"4684155715041926799"	100000	"intercept"	0.65028232
"0.9"	"0.6"	"0.1"	"0.01"	"0.005"	"0.01"	"100000"	"10000"	"200"	"5333477062194564785"	10	"slope"	-0.000152568425
"0.9"	"0.6"	"0.1"	"0.01"	"0.005"	"0.01"	"100000"	"10000"	"200"	"5333477062194564785"	10	"intercept"	0.499831445
"0.9"	"0.6"	"0.1"	"0.01"	"0.005"	"0.01"	"100000"	"10000"	"200"	"5333477062194564785"	5000	"slope"	-0.0347982338
"0.9"	"0.6"	"0.1"	"0.01"	"0.005"	"0.01"	"100000"	"10000"	"200"	"5333477062194564785"	5000	"intercept"	0.559913675
"0.9"	"0.6"	"0.1"	"0.01"	"0.005"	"0.01"	"100000"	"10000"	"200"	"5333477062194564785"	10000	"slope"	-0.12059779545
"0.9"	"0.6"	"0.1"	"0.01"	"0.005"	"0.01"	"100000"	"10000"	"200"	"5333477062194564785"	10000	"intercept"	0.59487251
"0.9"	"0.6"	"0.1"	"0.01"	"0.005"	"0.01"	"100000"	"10000"	"200"	"5333477062194564785"	15000	"slope"	-0.2255508155
"0.9"	"0.6"	"0.1"	"0.01"	"0.005"	"0.01"	"100000"	"10000"	"200"	"5333477062194564785"	15000	"intercept"	0.641068375
"0.9"	"0.6"	"0.1"	"0.01"	"0.005"	"0.01"	"100000"	"10000"	"200"	"5333477062194564785"	20000	"slope"	-0.267948815
"0.9"	"0.6"	"0.1"	"0.01"	"0.005"	"0.01"	"100000"	"10000"	"200"	"5333477062194564785"	20000	"intercept"	0.654647225
"0.9"	"0.6"	"0.1"	"0.01"	"0.005"	"0.01"	"100000"	"10000"	"200"	"5333477062194564785"	25000	"slope"	-0.27133625
"0.9"	"0.6"	"0.1"	"0.01"	"0.005"	"0.01"	"100000"	"10000"	"200"	"5333477062194564785"	25000	"intercept"	0.649146205
"0.9"	"0.6"	"0.1"	"0.01"	"0.005"	"0.01"	"100000"	"10000"	"200"	"5333477062194564785"	30000	"slope"	-0.27090338
"0.9"	"0.6"	"0.1"	"0.01"	"0.005"	"0.01"	"100000"	"10000"	"200"	"5333477062194564785"	30000	"intercept"	0.666404395
"0.9"	"0.6"	"0.1"	"0.01"	"0.005"	"0.01"	"100000"	"10000"	"200"	"5333477062194564785"	35000	"slope"	-0.296003465
"0.9"	"0.6"	"0.1"	"0.01"	"0.005"	"0.01"	"100000"	"10000"	"200"	"5333477062194564785"	35000	"intercept"	0.668306075
"0.9"	"0.6"	"0.1"	"0.01"	"0.005"	"0.01"	"100000"	"10000"	"200"	"5333477062194564785"	40000	"slope"	-0.27809388
"0.9"	"0.6"	"0.1"	"0.01"	"0.005"	"0.01"	"100000"	"10000"	"200"	"5333477062194564785"	40000	"intercept"	0.66098196
"0.9"	"0.6"	"0.1"	"0.01"	"0.005"	"0.01"	"100000"	"10000"	"200"	"5333477062194564785"	45000	"slope"	-0.266253155
"0.9"	"0.6"	"0.1"	"0.01"	"0.005"	"0.01"	"100000"	"10000"	"200"	"5333477062194564785"	45000	"intercept"	0.64703559
"0.9"	"0.6"	"0.1"	"0.01"	"0.005"	"0.01"	"100000"	"10000"	"200"	"5333477062194564785"	50000	"slope"	-0.233417845
"0.9"	"0.6"	"0.1"	"0.01"	"0.005"	"0.01"	"100000"	"10000"	"200"	"5333477062194564785"	50000	"intercept"	0.6359746
"0.9"	"0.6"	"0.1"	"0.01"	"0.005"	"0.01"	"100000"	"10000"	"200"	"5333477062194564785"	55000	"slope"	-0.232712772
"0.9"	"0.6"	"0.1"	"0.01"	"0.005"	"0.01"	"100000"	"10000"	"200"	"5333477062194564785"	55000	"intercept"	0.635305495
"0.9"	"0.6"	"0.1"	"0.01"	"0.005"	"0.01"	"100000"	"10000"	"200"	"5333477062194564785"	60000	"slope"	-0.24757371
"0.9"	"0.6"	"0.1"	"0.01"	"0.005"	"0.01"	"100000"	"10000"	"200"	"5333477062194564785"	60000	"intercept"	0.643766095
"0.9"	"0.6"	"0.1"	"0.01"	"0.005"	"0.01"	"100000"	"10000"	"200"	"5333477062194564785"	65000	"slope"	-0.227650535
"0.9"	"0.6"	"0.1"	"0.01"	"0.005"	"0.01"	"100000"	"10000"	"200"	"5333477062194564785"	65000	"intercept"	0.63899
"0.9"	"0.6"	"0.1"	"0.01"	"0.005"	"0.01"	"100000"	"10000"	"200"	"5333477062194564785"	70000	"slope"	-0.22468937
"0.9"	"0.6"	"0.1"	"0.01"	"0.005"	"0.01"	"100000"	"10000"	"200"	"5333477062194564785"	70000	"intercept"	0.644144275
"0.9"	"0.6"	"0.1"	"0.01"	"0.005"	"0.01"	"100000"	"10000"	"200"	"5333477062194564785"	75000	"slope"	-0.27762571
"0.9"	"0.6"	"0.1"	"0.01"	"0.005"	"0.01"	"100000"	"10000"	"200"	"5333477062194564785"	75000	"intercept"	0.654515655
"0.9"	"0.6"	"0.1"	"0.01"	"0.005"	"0.01"	"100000"	"10000"	"200"	"5333477062194564785"	80000	"slope"	-0.282530635
"0.9"	"0.6"	"0.1"	"0.01"	"0.005"	"0.01"	"100000"	"10000"	"200"	"5333477062194564785"	80000	"intercept"	0.64902513
"0.9"	"0.6"	"0.1"	"0.01"	"0.005"	"0.01"	"100000"	"10000"	"200"	"5333477062194564785"	85000	"slope"	-0.260560295
"0.9"	"0.6"	"0.1"	"0.01"	"0.005"	"0.01"	"100000"	"10000"	"200"	"5333477062194564785"	85000	"intercept"	0.65476284
"0.9"	"0.6"	"0.1"	"0.01"	"0.005"	"0.01"	"100000"	"10000"	"200"	"5333477062194564785"	90000	"slope"	-0.2311179
"0.9"	"0.6"	"0.1"	"0.01"	"0.005"	"0.01"	"100000"	"10000"	"200"	"5333477062194564785"	90000	"intercept"	0.63847474
"0.9"	"0.6"	"0.1"	"0.01"	"0.005"	"0.01"	"100000"	"10000"	"200"	"5333477062194564785"	95000	"slope"	-0.264126965
"0.9"	"0.6"	"0.1"	"0.01"	"0.005"	"0.01"	"100000"	"10000"	"200"	"5333477062194564785"	95000	"intercept"	0.65239615
"0.9"	"0.6"	"0.1"	"0.01"	"0.005"	"0.01"	"100000"	"10000"	"200"	"5333477062194564785"	100000	"slope"	-0.26904854
"0.9"	"0.6"	"0.1"	"0.01"	"0.005"	"0.01"	"100000"	"10000"	"200"	"5333477062194564785"	100000	"intercept"	0.65526726
"0.9"	"0.6"	"0.1"	"0.01"	"0.005"	"0.01"	"100000"	"10000"	"200"	"6697829564241422566"	10	"slope"	0.00018842377
"0.9"	"0.6"	"0.1"	"0.01"	"0.005"	"0.01"	"100000"	"10000"	"200"	"6697829564241422566"	10	"intercept"	0.499942495
"0.9"	"0.6"	"0.1"	"0.01"	"0.005"	"0.01"	"100000"	"10000"	"200"	"6697829564241422566"	5000	"slope"	-0.0753562367
"0.9"	"0.6"	"0.1"	"0.01"	"0.005"	"0.01"	"100000"	"10000"	"200"	"6697829564241422566"	5000	"intercept"	0.57008979
"0.9"	"0.6"	"0.1"	"0.01"	"0.005"	"0.01"	"100000"	"10000"	"200"	"6697829564241422566"	10000	"slope"	-0.151080697
"0.9"	"0.6"	"0.1"	"0.01"	"0.005"	"0.01"	"100000"	"10000"	"200"	"6697829564241422566"	10000	"intercept"	0.60659254
"0.9"	"0.6"	"0.1"	"0.01"	"0.005"	"0.01"	"100000"	"10000"	"200"	"6697829564241422566"	15000	"slope"	-0.20203541
"0.9"	"0.6"	"0.1"	"0.01"	"0.005"	"0.01"	"100000"	"10000"	"200"	"6697829564241422566"	15000	"intercept"	0.63018562
"0.9"	"0.6"	"0.1"	"0.01"	"0.005"	"0.01"	"100000"	"10000"	"200"	"6697829564241422566"	20000	"slope"	-0.2337085465
"0.9"	"0.6"	"0.1"	"0.01"	"0.005"	"0.01"	"100000"	"10000"	"200"	"6697829564241422566"	20000	"intercept"	0.642046475
"0.9"	"0.6"	"0.1"	"0.01"	"0.005"	"0.01"	"100000"	"10000"	"200"	"6697829564241422566"	25000	"slope"	-0.28697451
"0.9"	"0.6"	"0.1"	"0.01"	"0.005"	"0.01"	"100000"	"10000"	"200"	"6697829564241422566"	25000	"intercept"	0.665690495
"0.9"	"0.6"	"0.1"	"0.01"	"0.005"	"0.01"	"100000"	"10000"	"200"	"6697829564241422566"	30000	"slope"	-0.274426685
"0.9"	"0.6"	"0.1"	"0.01"	"0.005"	"0.01"	"100000"	"10000"	"200"	"6697829564241422566"	30000	"intercept"	0.653082105
"0.9"	"0.6"	"0.1"	"0.01"	"0.005"	"0.01"	"100000"	"10000"	"200"	"6697829564241422566"	35000	"slope"	-0.26743614
"0.9"	"0.6"	"0.1"	"0.01"	"0.005"	"0.01"	"100000"	"10000"	"200"	"6697829564241422566"	35000	"intercept"	0.65495527
"0.9"	"0.6"	"0.1"	"0.01"	"0.005"	"0.01"	"100000"	"10000"	"200"	"6697829564241422566"	40000	"slope"	-0.287593965
"0.9"	"0.6"	"0.1"	"0.01"	"0.005"	"0.01"	"100000"	"10000"	"200"	"6697829564241422566"	40000	"intercept"	0.66136047
"0.9"	"0.6"	"0.1"	"0.01"	"0.005"	"0.01"	"100000"	"10000"	"200"	"6697829564241422566"	45000	"slope"	-0.280657255
"0.9"	"0.6"	"0.1"	"0.01"	"0.005"	"0.01"	"100000"	"10000"	"200"	"6697829564241422566"	45000	"intercept"	0.661044285
"0.9"	"0.6"	"0.1"	"0.01"	"0.005"	"0.01"	"100000"	"10000"	"200"	"6697829564241422566"	50000	"slope"	-0.279957795
"0.9"	"0.6"	"0.1"	"0.01"	"0.005"	"0.01"	"100000"	"10000"	"200"	"6697829564241422566"	50000	"intercept"	0.660660455
"0.9"	"0.6"	"0.1"	"0.01"	"0.005"	"0.01"	"100000"	"10000"	"200"	"6697829564241422566"	55000	"slope"	-0.245667035
"0.9"	"0.6"	"0.1"	"0.01"	"0.005"	"0.01"	"100000"	"10000"	"200"	"6697829564241422566"	55000	"intercept"	0.648387695
"0.9"	"0.6"	"0.1"	"0.01"	"0.005"	"0.01"	"100000"	"10000"	"200"	"6697829564241422566"	60000	"slope"	-0.2561824
"0.9"	"0.6"	"0.1"	"0.01"	"0.005"	"0.01"	"100000"	"10000"	"200"	"6697829564241422566"	60000	"intercept"	0.649322855
"0.9"	"0.6"	"0.1"	"0.01"	"0.005"	"0.01"	"100000"	"10000"	"200"	"6697829564241422566"	65000	"slope"	-0.28492992
"0.9"	"0.6"	"0.1"	"0.01"	"0.005"	"0.01"	"100000"	"10000"	"200"	"6697829564241422566"	65000	"intercept"	0.661709535
"0.9"	"0.6"	"0.1"	"0.01"	"0.005"	"0.01"	"100000"	"10000"	"200"	"6697829564241422566"	70000	"slope"	-0.262142535
"0.9"	"0.6"	"0.1"	"0.01"	"0.005"	"0.01"	"100000"	"10000"	"200"	"6697829564241422566"	70000	"intercept"	0.645340855
"0.9"	"0.6"	"0.1"	"0.01"	"0.005"	"0.01"	"100000"	"10000"	"200"	"6697829564241422566"	75000	"slope"	-0.219036155
"0.9"	"0.6"	"0.1"	"0.01"	"0.005"	"0.01"	"100000"	"10000"	"200"	"6697829564241422566"	75000	"intercept"	0.62716613
"0.9"	"0.6"	"0.1"	"0.01"	"0.005"	"0.01"	"100000"	"10000"	"200"	"6697829564241422566"	80000	"slope"	-0.2154658145
"0.9"	"0.6"	"0.1"	"0.01"	"0.005"	"0.01"	"100000"	"10000"	"200"	"6697829564241422566"	80000	"intercept"	0.62452775
"0.9"	"0.6"	"0.1"	"0.01"	"0.005"	"0.01"	"100000"	"10000"	"200"	"6697829564241422566"	85000	"slope"	-0.246832385
"0.9"	"0.6"	"0.1"	"0.01"	"0.005"	"0.01"	"100000"	"10000"	"200"	"6697829564241422566"	85000	"intercept"	0.65375418
"0.9"	"0.6"	"0.1"	"0.01"	"0.005"	"0.01"	"100000"	"10000"	"200"	"6697829564241422566"	90000	"slope"	-0.254547065
"0.9"	"0.6"	"0.1"	"0.01"	"0.005"	"0.01"	"100000"	"10000"	"200"	"6697829564241422566"	90000	"intercept"	0.64465677
"0.9"	"0.6"	"0.1"	"0.01"	"0.005"	"0.01"	"100000"	"10000"	"200"	"6697829564241422566"	95000	"slope"	-0.25910168
"0.9"	"0.6"	"0.1"	"0.01"	"0.005"	"0.01"	"100000"	"10000"	"200"	"6697829564241422566"	95000	"intercept"	0.659902715
"0.9"	"0.6"	"0.1"	"0.01"	"0.005"	"0.01"	"100000"	"10000"	"200"	"6697829564241422566"	100000	"slope"	-0.30292965
"0.9"	"0.6"	"0.1"	"0.01"	"0.005"	"0.01"	"100000"	"10000"	"200"	"6697829564241422566"	100000	"intercept"	0.66536339
"0.9"	"0.6"	"0.1"	"0.01"	"0.005"	"0.01"	"100000"	"10000"	"200"	"9162443547676582897"	10	"slope"	-4.357666e-05
"0.9"	"0.6"	"0.1"	"0.01"	"0.005"	"0.01"	"100000"	"10000"	"200"	"9162443547676582897"	10	"intercept"	0.49990959
"0.9"	"0.6"	"0.1"	"0.01"	"0.005"	"0.01"	"100000"	"10000"	"200"	"9162443547676582897"	5000	"slope"	-0.0583929031
"0.9"	"0.6"	"0.1"	"0.01"	"0.005"	"0.01"	"100000"	"10000"	"200"	"9162443547676582897"	5000	"intercept"	0.567411805
"0.9"	"0.6"	"0.1"	"0.01"	"0.005"	"0.01"	"100000"	"10000"	"200"	"9162443547676582897"	10000	"slope"	-0.127265603
"0.9"	"0.6"	"0.1"	"0.01"	"0.005"	"0.01"	"100000"	"10000"	"200"	"9162443547676582897"	10000	"intercept"	0.586901695
"0.9"	"0.6"	"0.1"	"0.01"	"0.005"	"0.01"	"100000"	"10000"	"200"	"9162443547676582897"	15000	"slope"	-0.228221589
"0.9"	"0.6"	"0.1"	"0.01"	"0.005"	"0.01"	"100000"	"10000"	"200"	"9162443547676582897"	15000	"intercept"	0.642229645
"0.9"	"0.6"	"0.1"	"0.01"	"0.005"	"0.01"	"100000"	"10000"	"200"	"9162443547676582897"	20000	"slope"	-0.2123551435
"0.9"	"0.6"	"0.1"	"0.01"	"0.005"	"0.01"	"100000"	"10000"	"200"	"9162443547676582897"	20000	"intercept"	0.631406285
"0.9"	"0.6"	"0.1"	"0.01"	"0.005"	"0.01"	"100000"	"10000"	"200"	"9162443547676582897"	25000	"slope"	-0.231438525
"0.9"	"0.6"	"0.1"	"0.01"	"0.005"	"0.01"	"100000"	"10000"	"200"	"9162443547676582897"	25000	"intercept"	0.63875006
"0.9"	"0.6"	"0.1"	"0.01"	"0.005"	"0.01"	"100000"	"10000"	"200"	"9162443547676582897"	30000	"slope"	-0.246655965
"0.9"	"0.6"	"0.1"	"0.01"	"0.005"	"0.01"	"100000"	"10000"	"200"	"9162443547676582897"	30000	"intercept"	0.65330067
"0.9"	"0.6"	"0.1"	"0.01"	"0.005"	"0.01"	"100000"	"10000"	"200"	"9162443547676582897"	35000	"slope"	-0.271321565
"0.9"	"0.6"	"0.1"	"0.01"	"0.005"	"0.01"	"100000"	"10000"	"200"	"9162443547676582897"	35000	"intercept"	0.65956989
"0.9"	"0.6"	"0.1"	"0.01"	"0.005"	"0.01"	"100000"	"10000"	"200"	"9162443547676582897"	40000	"slope"	-0.293337215
"0.9"	"0.6"	"0.1"	"0.01"	"0.005"	"0.01"	"100000"	"10000"	"200"	"9162443547676582897"	40000	"intercept"	0.66972409
"0.9"	"0.6"	"0.1"	"0.01"	"0.005"	"0.01"	"100000"	"10000"	"200"	"9162443547676582897"	45000	"slope"	-0.246127985
"0.9"	"0.6"	"0.1"	"0.01"	"0.005"	"0.01"	"100000"	"10000"	"200"	"9162443547676582897"	45000	"intercept"	0.638952015
"0.9"	"0.6"	"0.1"	"0.01"	"0.005"	"0.01"	"100000"	"10000"	"200"	"9162443547676582897"	50000	"slope"	-0.24800451
"0.9"	"0.6"	"0.1"	"0.01"	"0.005"	"0.01"	"100000"	"10000"	"200"	"9162443547676582897"	50000	"intercept"	0.64335721
"0.9"	"0.6"	"0.1"	"0.01"	"0.005"	"0.01"	"100000"	"10000"	"200"	"9162443547676582897"	55000	"slope"	-0.236218545
"0.9"	"0.6"	"0.1"	"0.01"	"0.005"	"0.01"	"100000"	"10000"	"200"	"9162443547676582897"	55000	"intercept"	0.637030735
"0.9"	"0.6"	"0.1"	"0.01"	"0.005"	"0.01"	"100000"	"10000"	"200"	"9162443547676582897"	60000	"slope"	-0.238713995
"0.9"	"0.6"	"0.1"	"0.01"	"0.005"	"0.01"	"100000"	"10000"	"200"	"9162443547676582897"	60000	"intercept"	0.639680185
"0.9"	"0.6"	"0.1"	"0.01"	"0.005"	"0.01"	"100000"	"10000"	"200"	"9162443547676582897"	65000	"slope"	-0.22927947
"0.9"	"0.6"	"0.1"	"0.01"	"0.005"	"0.01"	"100000"	"10000"	"200"	"9162443547676582897"	65000	"intercept"	0.63184081
"0.9"	"0.6"	"0.1"	"0.01"	"0.005"	"0.01"	"100000"	"10000"	"200"	"9162443547676582897"	70000	"slope"	-0.2949785
"0.9"	"0.6"	"0.1"	"0.01"	"0.005"	"0.01"	"100000"	"10000"	"200"	"9162443547676582897"	70000	"intercept"	0.665422975
"0.9"	"0.6"	"0.1"	"0.01"	"0.005"	"0.01"	"100000"	"10000"	"200"	"9162443547676582897"	75000	"slope"	-0.247290715
"0.9"	"0.6"	"0.1"	"0.01"	"0.005"	"0.01"	"100000"	"10000"	"200"	"9162443547676582897"	75000	"intercept"	0.644912285
"0.9"	"0.6"	"0.1"	"0.01"	"0.005"	"0.01"	"100000"	"10000"	"200"	"9162443547676582897"	80000	"slope"	-0.262024695
"0.9"	"0.6"	"0.1"	"0.01"	"0.005"	"0.01"	"100000"	"10000"	"200"	"9162443547676582897"	80000	"intercept"	0.64756277
"0.9"	"0.6"	"0.1"	"0.01"	"0.005"	"0.01"	"100000"	"10000"	"200"	"9162443547676582897"	85000	"slope"	-0.26042716
"0.9"	"0.6"	"0.1"	"0.01"	"0.005"	"0.01"	"100000"	"10000"	"200"	"9162443547676582897"	85000	"intercept"	0.656156615
"0.9"	"0.6"	"0.1"	"0.01"	"0.005"	"0.01"	"100000"	"10000"	"200"	"9162443547676582897"	90000	"slope"	-0.2400096145
"0.9"	"0.6"	"0.1"	"0.01"	"0.005"	"0.01"	"100000"	"10000"	"200"	"9162443547676582897"	90000	"intercept"	0.646076565
"0.9"	"0.6"	"0.1"	"0.01"	"0.005"	"0.01"	"100000"	"10000"	"200"	"9162443547676582897"	95000	"slope"	-0.24966359
"0.9"	"0.6"	"0.1"	"0.01"	"0.005"	"0.01"	"100000"	"10000"	"200"	"9162443547676582897"	95000	"intercept"	0.649810455
"0.9"	"0.6"	"0.1"	"0.01"	"0.005"	"0.01"	"100000"	"10000"	"200"	"9162443547676582897"	100000	"slope"	-0.246451965
"0.9"	"0.6"	"0.1"	"0.01"	"0.005"	"0.01"	"100000"	"10000"	"200"	"9162443547676582897"	100000	"intercept"	0.64520404
"0.9"	"0.85"	"0.1"	"0.01"	"0.005"	"0.01"	"100000"	"10000"	"200"	"2632113618562546566"	10	"slope"	9.66484e-05
"0.9"	"0.85"	"0.1"	"0.01"	"0.005"	"0.01"	"100000"	"10000"	"200"	"2632113618562546566"	10	"intercept"	0.50005437
"0.9"	"0.85"	"0.1"	"0.01"	"0.005"	"0.01"	"100000"	"10000"	"200"	"2632113618562546566"	5000	"slope"	-0.1377075655
"0.9"	"0.85"	"0.1"	"0.01"	"0.005"	"0.01"	"100000"	"10000"	"200"	"2632113618562546566"	5000	"intercept"	0.446182
"0.9"	"0.85"	"0.1"	"0.01"	"0.005"	"0.01"	"100000"	"10000"	"200"	"2632113618562546566"	10000	"slope"	-0.238308455
"0.9"	"0.85"	"0.1"	"0.01"	"0.005"	"0.01"	"100000"	"10000"	"200"	"2632113618562546566"	10000	"intercept"	0.492905105
"0.9"	"0.85"	"0.1"	"0.01"	"0.005"	"0.01"	"100000"	"10000"	"200"	"2632113618562546566"	15000	"slope"	-0.32527754
"0.9"	"0.85"	"0.1"	"0.01"	"0.005"	"0.01"	"100000"	"10000"	"200"	"2632113618562546566"	15000	"intercept"	0.544500715
"0.9"	"0.85"	"0.1"	"0.01"	"0.005"	"0.01"	"100000"	"10000"	"200"	"2632113618562546566"	20000	"slope"	-0.36900123
"0.9"	"0.85"	"0.1"	"0.01"	"0.005"	"0.01"	"100000"	"10000"	"200"	"2632113618562546566"	20000	"intercept"	0.57026719
"0.9"	"0.85"	"0.1"	"0.01"	"0.005"	"0.01"	"100000"	"10000"	"200"	"2632113618562546566"	25000	"slope"	-0.39872747
"0.9"	"0.85"	"0.1"	"0.01"	"0.005"	"0.01"	"100000"	"10000"	"200"	"2632113618562546566"	25000	"intercept"	0.59154919
"0.9"	"0.85"	"0.1"	"0.01"	"0.005"	"0.01"	"100000"	"10000"	"200"	"2632113618562546566"	30000	"slope"	-0.408378625
"0.9"	"0.85"	"0.1"	"0.01"	"0.005"	"0.01"	"100000"	"10000"	"200"	"2632113618562546566"	30000	"intercept"	0.59392767
"0.9"	"0.85"	"0.1"	"0.01"	"0.005"	"0.01"	"100000"	"10000"	"200"	"2632113618562546566"	35000	"slope"	-0.41467912
"0.9"	"0.85"	"0.1"	"0.01"	"0.005"	"0.01"	"100000"	"10000"	"200"	"2632113618562546566"	35000	"intercept"	0.598377045
"0.9"	"0.85"	"0.1"	"0.01"	"0.005"	"0.01"	"100000"	"10000"	"200"	"2632113618562546566"	40000	"slope"	-0.440563885
"0.9"	"0.85"	"0.1"	"0.01"	"0.005"	"0.01"	"100000"	"10000"	"200"	"2632113618562546566"	40000	"intercept"	0.61115817
"0.9"	"0.85"	"0.1"	"0.01"	"0.005"	"0.01"	"100000"	"10000"	"200"	"2632113618562546566"	45000	"slope"	-0.417583545
"0.9"	"0.85"	"0.1"	"0.01"	"0.005"	"0.01"	"100000"	"10000"	"200"	"2632113618562546566"	45000	"intercept"	0.5978228
"0.9"	"0.85"	"0.1"	"0.01"	"0.005"	"0.01"	"100000"	"10000"	"200"	"2632113618562546566"	50000	"slope"	-0.42353774
"0.9"	"0.85"	"0.1"	"0.01"	"0.005"	"0.01"	"100000"	"10000"	"200"	"2632113618562546566"	50000	"intercept"	0.6026789
"0.9"	"0.85"	"0.1"	"0.01"	"0.005"	"0.01"	"100000"	"10000"	"200"	"2632113618562546566"	55000	"slope"	-0.439394855
"0.9"	"0.85"	"0.1"	"0.01"	"0.005"	"0.01"	"100000"	"10000"	"200"	"2632113618562546566"	55000	"intercept"	0.614510295
"0.9"	"0.85"	"0.1"	"0.01"	"0.005"	"0.01"	"100000"	"10000"	"200"	"2632113618562546566"	60000	"slope"	-0.45034899
"0.9"	"0.85"	"0.1"	"0.01"	"0.005"	"0.01"	"100000"	"10000"	"200"	"2632113618562546566"	60000	"intercept"	0.62076987
"0.9"	"0.85"	"0.1"	"0.01"	"0.005"	"0.01"	"100000"	"10000"	"200"	"2632113618562546566"	65000	"slope"	-0.44335398
"0.9"	"0.85"	"0.1"	"0.01"	"0.005"	"0.01"	"100000"	"10000"	"200"	"2632113618562546566"	65000	"intercept"	0.621408455
"0.9"	"0.85"	"0.1"	"0.01"	"0.005"	"0.01"	"100000"	"10000"	"200"	"2632113618562546566"	70000	"slope"	-0.42491399
"0.9"	"0.85"	"0.1"	"0.01"	"0.005"	"0.01"	"100000"	"10000"	"200"	"2632113618562546566"	70000	"intercept"	0.603819445
"0.9"	"0.85"	"0.1"	"0.01"	"0.005"	"0.01"	"100000"	"10000"	"200"	"2632113618562546566"	75000	"slope"	-0.44367015
"0.9"	"0.85"	"0.1"	"0.01"	"0.005"	"0.01"	"100000"	"10000"	"200"	"2632113618562546566"	75000	"intercept"	0.615590745
"0.9"	"0.85"	"0.1"	"0.01"	"0.005"	"0.01"	"100000"	"10000"	"200"	"2632113618562546566"	80000	"slope"	-0.43711981
"0.9"	"0.85"	"0.1"	"0.01"	"0.005"	"0.01"	"100000"	"10000"	"200"	"2632113618562546566"	80000	"intercept"	0.620347385
"0.9"	"0.85"	"0.1"	"0.01"	"0.005"	"0.01"	"100000"	"10000"	"200"	"2632113618562546566"	85000	"slope"	-0.42188827
"0.9"	"0.85"	"0.1"	"0.01"	"0.005"	"0.01"	"100000"	"10000"	"200"	"2632113618562546566"	85000	"intercept"	0.6030791
"0.9"	"0.85"	"0.1"	"0.01"	"0.005"	"0.01"	"100000"	"10000"	"200"	"2632113618562546566"	90000	"slope"	-0.43227058
"0.9"	"0.85"	"0.1"	"0.01"	"0.005"	"0.01"	"100000"	"10000"	"200"	"2632113618562546566"	90000	"intercept"	0.605690995
"0.9"	"0.85"	"0.1"	"0.01"	"0.005"	"0.01"	"100000"	"10000"	"200"	"2632113618562546566"	95000	"slope"	-0.44864148
"0.9"	"0.85"	"0.1"	"0.01"	"0.005"	"0.01"	"100000"	"10000"	"200"	"2632113618562546566"	95000	"intercept"	0.616293925
"0.9"	"0.85"	"0.1"	"0.01"	"0.005"	"0.01"	"100000"	"10000"	"200"	"2632113618562546566"	100000	"slope"	-0.44141545
"0.9"	"0.85"	"0.1"	"0.01"	"0.005"	"0.01"	"100000"	"10000"	"200"	"2632113618562546566"	100000	"intercept"	0.61626123
"0.9"	"0.85"	"0.1"	"0.01"	"0.005"	"0.01"	"100000"	"10000"	"200"	"3869452862030304817"	10	"slope"	-5.547647e-05
"0.9"	"0.85"	"0.1"	"0.01"	"0.005"	"0.01"	"100000"	"10000"	"200"	"3869452862030304817"	10	"intercept"	0.500054165
"0.9"	"0.85"	"0.1"	"0.01"	"0.005"	"0.01"	"100000"	"10000"	"200"	"3869452862030304817"	5000	"slope"	-0.132199401
"0.9"	"0.85"	"0.1"	"0.01"	"0.005"	"0.01"	"100000"	"10000"	"200"	"3869452862030304817"	5000	"intercept"	0.45044829
"0.9"	"0.85"	"0.1"	"0.01"	"0.005"	"0.01"	"100000"	"10000"	"200"	"3869452862030304817"	10000	"slope"	-0.22851175
"0.9"	"0.85"	"0.1"	"0.01"	"0.005"	"0.01"	"100000"	"10000"	"200"	"3869452862030304817"	10000	"intercept"	0.489269875
"0.9"	"0.85"	"0.1"	"0.01"	"0.005"	"0.01"	"100000"	"10000"	"200"	"3869452862030304817"	15000	"slope"	-0.30091502
"0.9"	"0.85"	"0.1"	"0.01"	"0.005"	"0.01"	"100000"	"10000"	"200"	"3869452862030304817"	15000	"intercept"	0.527774025
"0.9"	"0.85"	"0.1"	"0.01"	"0.005"	"0.01"	"100000"	"10000"	"200"	"3869452862030304817"	20000	"slope"	-0.32594579
"0.9"	"0.85"	"0.1"	"0.01"	"0.005"	"0.01"	"100000"	"10000"	"200"	"3869452862030304817"	20000	"intercept"	0.548473385
"0.9"	"0.85"	"0.1"	"0.01"	"0.005"	"0.01"	"100000"	"10000"	"200"	"3869452862030304817"	25000	"slope"	-0.38167485
"0.9"	"0.85"	"0.1"	"0.01"	"0.005"	"0.01"	"100000"	"10000"	"200"	"3869452862030304817"	25000	"intercept"	0.581793605
"0.9"	"0.85"	"0.1"	"0.01"	"0.005"	"0.01"	"100000"	"10000"	"200"	"3869452862030304817"	30000	"slope"	-0.402958605
"0.9"	"0.85"	"0.1"	"0.01"	"0.005"	"0.01"	"100000"	"10000"	"200"	"3869452862030304817"	30000	"intercept"	0.592390425
"0.9"	"0.85"	"0.1"	"0.01"	"0.005"	"0.01"	"100000"	"10000"	"200"	"3869452862030304817"	35000	"slope"	-0.41034035
"0.9"	"0.85"	"0.1"	"0.01"	"0.005"	"0.01"	"100000"	"10000"	"200"	"3869452862030304817"	35000	"intercept"	0.59012152
"0.9"	"0.85"	"0.1"	"0.01"	"0.005"	"0.01"	"100000"	"10000"	"200"	"3869452862030304817"	40000	"slope"	-0.37798608
"0.9"	"0.85"	"0.1"	"0.01"	"0.005"	"0.01"	"100000"	"10000"	"200"	"3869452862030304817"	40000	"intercept"	0.57862872
"0.9"	"0.85"	"0.1"	"0.01"	"0.005"	"0.01"	"100000"	"10000"	"200"	"3869452862030304817"	45000	"slope"	-0.38738344
"0.9"	"0.85"	"0.1"	"0.01"	"0.005"	"0.01"	"100000"	"10000"	"200"	"3869452862030304817"	45000	"intercept"	0.58978492
"0.9"	"0.85"	"0.1"	"0.01"	"0.005"	"0.01"	"100000"	"10000"	"200"	"3869452862030304817"	50000	"slope"	-0.39471645
"0.9"	"0.85"	"0.1"	"0.01"	"0.005"	"0.01"	"100000"	"10000"	"200"	"3869452862030304817"	50000	"intercept"	0.58435351
"0.9"	"0.85"	"0.1"	"0.01"	"0.005"	"0.01"	"100000"	"10000"	"200"	"3869452862030304817"	55000	"slope"	-0.400995645
"0.9"	"0.85"	"0.1"	"0.01"	"0.005"	"0.01"	"100000"	"10000"	"200"	"3869452862030304817"	55000	"intercept"	0.59421751
"0.9"	"0.85"	"0.1"	"0.01"	"0.005"	"0.01"	"100000"	"10000"	"200"	"3869452862030304817"	60000	"slope"	-0.38936356
"0.9"	"0.85"	"0.1"	"0.01"	"0.005"	"0.01"	"100000"	"10000"	"200"	"3869452862030304817"	60000	"intercept"	0.578023225
"0.9"	"0.85"	"0.1"	"0.01"	"0.005"	"0.01"	"100000"	"10000"	"200"	"3869452862030304817"	65000	"slope"	-0.351835925
"0.9"	"0.85"	"0.1"	"0.01"	"0.005"	"0.01"	"100000"	"10000"	"200"	"3869452862030304817"	65000	"intercept"	0.557550735
"0.9"	"0.85"	"0.1"	"0.01"	"0.005"	"0.01"	"100000"	"10000"	"200"	"3869452862030304817"	70000	"slope"	-0.403539465
"0.9"	"0.85"	"0.1"	"0.01"	"0.005"	"0.01"	"100000"	"10000"	"200"	"3869452862030304817"	70000	"intercept"	0.588650455
"0.9"	"0.85"	"0.1"	"0.01"	"0.005"	"0.01"	"100000"	"10000"	"200"	"3869452862030304817"	75000	"slope"	-0.393400895
"0.9"	"0.85"	"0.1"	"0.01"	"0.005"	"0.01"	"100000"	"10000"	"200"	"3869452862030304817"	75000	"intercept"	0.57453818
"0.9"	"0.85"	"0.1"	"0.01"	"0.005"	"0.01"	"100000"	"10000"	"200"	"3869452862030304817"	80000	"slope"	-0.39580257
"0.9"	"0.85"	"0.1"	"0.01"	"0.005"	"0.01"	"100000"	"10000"	"200"	"3869452862030304817"	80000	"intercept"	0.58667308
"0.9"	"0.85"	"0.1"	"0.01"	"0.005"	"0.01"	"100000"	"10000"	"200"	"3869452862030304817"	85000	"slope"	-0.437742975
"0.9"	"0.85"	"0.1"	"0.01"	"0.005"	"0.01"	"100000"	"10000"	"200"	"3869452862030304817"	85000	"intercept"	0.608242325
"0.9"	"0.85"	"0.1"	"0.01"	"0.005"	"0.01"	"100000"	"10000"	"200"	"3869452862030304817"	90000	"slope"	-0.40783005
"0.9"	"0.85"	"0.1"	"0.01"	"0.005"	"0.01"	"100000"	"10000"	"200"	"3869452862030304817"	90000	"intercept"	0.59879537
"0.9"	"0.85"	"0.1"	"0.01"	"0.005"	"0.01"	"100000"	"10000"	"200"	"3869452862030304817"	95000	"slope"	-0.429026025
"0.9"	"0.85"	"0.1"	"0.01"	"0.005"	"0.01"	"100000"	"10000"	"200"	"3869452862030304817"	95000	"intercept"	0.60535117
"0.9"	"0.85"	"0.1"	"0.01"	"0.005"	"0.01"	"100000"	"10000"	"200"	"3869452862030304817"	100000	"slope"	-0.44011935
"0.9"	"0.85"	"0.1"	"0.01"	"0.005"	"0.01"	"100000"	"10000"	"200"	"3869452862030304817"	100000	"intercept"	0.61242641
"0.9"	"0.85"	"0.1"	"0.01"	"0.005"	"0.01"	"100000"	"10000"	"200"	"5527654078190616147"	10	"slope"	6.2328275e-05
"0.9"	"0.85"	"0.1"	"0.01"	"0.005"	"0.01"	"100000"	"10000"	"200"	"5527654078190616147"	10	"intercept"	0.50003327
"0.9"	"0.85"	"0.1"	"0.01"	"0.005"	"0.01"	"100000"	"10000"	"200"	"5527654078190616147"	5000	"slope"	-0.138777536
"0.9"	"0.85"	"0.1"	"0.01"	"0.005"	"0.01"	"100000"	"10000"	"200"	"5527654078190616147"	5000	"intercept"	0.44438788
"0.9"	"0.85"	"0.1"	"0.01"	"0.005"	"0.01"	"100000"	"10000"	"200"	"5527654078190616147"	10000	"slope"	-0.21806128
"0.9"	"0.85"	"0.1"	"0.01"	"0.005"	"0.01"	"100000"	"10000"	"200"	"5527654078190616147"	10000	"intercept"	0.4779516
"0.9"	"0.85"	"0.1"	"0.01"	"0.005"	"0.01"	"100000"	"10000"	"200"	"5527654078190616147"	15000	"slope"	-0.2813258
"0.9"	"0.85"	"0.1"	"0.01"	"0.005"	"0.01"	"100000"	"10000"	"200"	"5527654078190616147"	15000	"intercept"	0.51822293
"0.9"	"0.85"	"0.1"	"0.01"	"0.005"	"0.01"	"100000"	"10000"	"200"	"5527654078190616147"	20000	"slope"	-0.35854331
"0.9"	"0.85"	"0.1"	"0.01"	"0.005"	"0.01"	"100000"	"10000"	"200"	"5527654078190616147"	20000	"intercept"	0.562920115
"0.9"	"0.85"	"0.1"	"0.01"	"0.005"	"0.01"	"100000"	"10000"	"200"	"5527654078190616147"	25000	"slope"	-0.372018995
"0.9"	"0.85"	"0.1"	"0.01"	"0.005"	"0.01"	"100000"	"10000"	"200"	"5527654078190616147"	25000	"intercept"	0.571382195
"0.9"	"0.85"	"0.1"	"0.01"	"0.005"	"0.01"	"100000"	"10000"	"200"	"5527654078190616147"	30000	"slope"	-0.39025253
"0.9"	"0.85"	"0.1"	"0.01"	"0.005"	"0.01"	"100000"	"10000"	"200"	"5527654078190616147"	30000	"intercept"	0.58551917
"0.9"	"0.85"	"0.1"	"0.01"	"0.005"	"0.01"	"100000"	"10000"	"200"	"5527654078190616147"	35000	"slope"	-0.39661804
"0.9"	"0.85"	"0.1"	"0.01"	"0.005"	"0.01"	"100000"	"10000"	"200"	"5527654078190616147"	35000	"intercept"	0.58288867
"0.9"	"0.85"	"0.1"	"0.01"	"0.005"	"0.01"	"100000"	"10000"	"200"	"5527654078190616147"	40000	"slope"	-0.387314645
"0.9"	"0.85"	"0.1"	"0.01"	"0.005"	"0.01"	"100000"	"10000"	"200"	"5527654078190616147"	40000	"intercept"	0.579537035
"0.9"	"0.85"	"0.1"	"0.01"	"0.005"	"0.01"	"100000"	"10000"	"200"	"5527654078190616147"	45000	"slope"	-0.418503605
"0.9"	"0.85"	"0.1"	"0.01"	"0.005"	"0.01"	"100000"	"10000"	"200"	"5527654078190616147"	45000	"intercept"	0.6042817
"0.9"	"0.85"	"0.1"	"0.01"	"0.005"	"0.01"	"100000"	"10000"	"200"	"5527654078190616147"	50000	"slope"	-0.433420965
"0.9"	"0.85"	"0.1"	"0.01"	"0.005"	"0.01"	"100000"	"10000"	"200"	"5527654078190616147"	50000	"intercept"	0.60938353
"0.9"	"0.85"	"0.1"	"0.01"	"0.005"	"0.01"	"100000"	"10000"	"200"	"5527654078190616147"	55000	"slope"	-0.430965145
"0.9"	"0.85"	"0.1"	"0.01"	"0.005"	"0.01"	"100000"	"10000"	"200"	"5527654078190616147"	55000	"intercept"	0.61184917
"0.9"	"0.85"	"0.1"	"0.01"	"0.005"	"0.01"	"100000"	"10000"	"200"	"5527654078190616147"	60000	"slope"	-0.43369361
"0.9"	"0.85"	"0.1"	"0.01"	"0.005"	"0.01"	"100000"	"10000"	"200"	"5527654078190616147"	60000	"intercept"	0.616988515
"0.9"	"0.85"	"0.1"	"0.01"	"0.005"	"0.01"	"100000"	"10000"	"200"	"5527654078190616147"	65000	"slope"	-0.41359652
"0.9"	"0.85"	"0.1"	"0.01"	"0.005"	"0.01"	"100000"	"10000"	"200"	"5527654078190616147"	65000	"intercept"	0.58968959
"0.9"	"0.85"	"0.1"	"0.01"	"0.005"	"0.01"	"100000"	"10000"	"200"	"5527654078190616147"	70000	"slope"	-0.433318195
"0.9"	"0.85"	"0.1"	"0.01"	"0.005"	"0.01"	"100000"	"10000"	"200"	"5527654078190616147"	70000	"intercept"	0.603034115
"0.9"	"0.85"	"0.1"	"0.01"	"0.005"	"0.01"	"100000"	"10000"	"200"	"5527654078190616147"	75000	"slope"	-0.4512002
"0.9"	"0.85"	"0.1"	"0.01"	"0.005"	"0.01"	"100000"	"10000"	"200"	"5527654078190616147"	75000	"intercept"	0.628056545
"0.9"	"0.85"	"0.1"	"0.01"	"0.005"	"0.01"	"100000"	"10000"	"200"	"5527654078190616147"	80000	"slope"	-0.444568615
"0.9"	"0.85"	"0.1"	"0.01"	"0.005"	"0.01"	"100000"	"10000"	"200"	"5527654078190616147"	80000	"intercept"	0.617462415
"0.9"	"0.85"	"0.1"	"0.01"	"0.005"	"0.01"	"100000"	"10000"	"200"	"5527654078190616147"	85000	"slope"	-0.425037145
"0.9"	"0.85"	"0.1"	"0.01"	"0.005"	"0.01"	"100000"	"10000"	"200"	"5527654078190616147"	85000	"intercept"	0.602876595
"0.9"	"0.85"	"0.1"	"0.01"	"0.005"	"0.01"	"100000"	"10000"	"200"	"5527654078190616147"	90000	"slope"	-0.427674835
"0.9"	"0.85"	"0.1"	"0.01"	"0.005"	"0.01"	"100000"	"10000"	"200"	"5527654078190616147"	90000	"intercept"	0.60611558
"0.9"	"0.85"	"0.1"	"0.01"	"0.005"	"0.01"	"100000"	"10000"	"200"	"5527654078190616147"	95000	"slope"	-0.451930195
"0.9"	"0.85"	"0.1"	"0.01"	"0.005"	"0.01"	"100000"	"10000"	"200"	"5527654078190616147"	95000	"intercept"	0.62854976
"0.9"	"0.85"	"0.1"	"0.01"	"0.005"	"0.01"	"100000"	"10000"	"200"	"5527654078190616147"	100000	"slope"	-0.46857725
"0.9"	"0.85"	"0.1"	"0.01"	"0.005"	"0.01"	"100000"	"10000"	"200"	"5527654078190616147"	100000	"intercept"	0.63144052
"0.9"	"0.85"	"0.1"	"0.01"	"0.005"	"0.01"	"100000"	"10000"	"200"	"6884519642156154671"	10	"slope"	0.00014420364
"0.9"	"0.85"	"0.1"	"0.01"	"0.005"	"0.01"	"100000"	"10000"	"200"	"6884519642156154671"	10	"intercept"	0.50016128
"0.9"	"0.85"	"0.1"	"0.01"	"0.005"	"0.01"	"100000"	"10000"	"200"	"6884519642156154671"	5000	"slope"	-0.1544523945
"0.9"	"0.85"	"0.1"	"0.01"	"0.005"	"0.01"	"100000"	"10000"	"200"	"6884519642156154671"	5000	"intercept"	0.4448394
"0.9"	"0.85"	"0.1"	"0.01"	"0.005"	"0.01"	"100000"	"10000"	"200"	"6884519642156154671"	10000	"slope"	-0.220293075
"0.9"	"0.85"	"0.1"	"0.01"	"0.005"	"0.01"	"100000"	"10000"	"200"	"6884519642156154671"	10000	"intercept"	0.48574719
"0.9"	"0.85"	"0.1"	"0.01"	"0.005"	"0.01"	"100000"	"10000"	"200"	"6884519642156154671"	15000	"slope"	-0.28123344
"0.9"	"0.85"	"0.1"	"0.01"	"0.005"	"0.01"	"100000"	"10000"	"200"	"6884519642156154671"	15000	"intercept"	0.518497525
"0.9"	"0.85"	"0.1"	"0.01"	"0.005"	"0.01"	"100000"	"10000"	"200"	"6884519642156154671"	20000	"slope"	-0.348012555
"0.9"	"0.85"	"0.1"	"0.01"	"0.005"	"0.01"	"100000"	"10000"	"200"	"6884519642156154671"	20000	"intercept"	0.563501365
"0.9"	"0.85"	"0.1"	"0.01"	"0.005"	"0.01"	"100000"	"10000"	"200"	"6884519642156154671"	25000	"slope"	-0.384979345
"0.9"	"0.85"	"0.1"	"0.01"	"0.005"	"0.01"	"100000"	"10000"	"200"	"6884519642156154671"	25000	"intercept"	0.580504625
"0.9"	"0.85"	"0.1"	"0.01"	"0.005"	"0.01"	"100000"	"10000"	"200"	"6884519642156154671"	30000	"slope"	-0.393552745
"0.9"	"0.85"	"0.1"	"0.01"	"0.005"	"0.01"	"100000"	"10000"	"200"	"6884519642156154671"	30000	"intercept"	0.58269102
"0.9"	"0.85"	"0.1"	"0.01"	"0.005"	"0.01"	"100000"	"10000"	"200"	"6884519642156154671"	35000	"slope"	-0.407025275
"0.9"	"0.85"	"0.1"	"0.01"	"0.005"	"0.01"	"100000"	"10000"	"200"	"6884519642156154671"	35000	"intercept"	0.597286185
"0.9"	"0.85"	"0.1"	"0.01"	"0.005"	"0.01"	"100000"	"10000"	"200"	"6884519642156154671"	40000	"slope"	-0.40611403
"0.9"	"0.85"	"0.1"	"0.01"	"0.005"	"0.01"	"100000"	"10000"	"200"	"6884519642156154671"	40000	"intercept"	0.60306891
"0.9"	"0.85"	"0.1"	"0.01"	"0.005"	"0.01"	"100000"	"10000"	"200"	"6884519642156154671"	45000	"slope"	-0.413994455
"0.9"	"0.85"	"0.1"	"0.01"	"0.005"	"0.01"	"100000"	"10000"	"200"	"6884519642156154671"	45000	"intercept"	0.60391634
"0.9"	"0.85"	"0.1"	"0.01"	"0.005"	"0.01"	"100000"	"10000"	"200"	"6884519642156154671"	50000	"slope"	-0.404304535
"0.9"	"0.85"	"0.1"	"0.01"	"0.005"	"0.01"	"100000"	"10000"	"200"	"6884519642156154671"	50000	"intercept"	0.589534955
"0.9"	"0.85"	"0.1"	"0.01"	"0.005"	"0.01"	"100000"	"10000"	"200"	"6884519642156154671"	55000	"slope"	-0.420944545
"0.9"	"0.85"	"0.1"	"0.01"	"0.005"	"0.01"	"100000"	"10000"	"200"	"6884519642156154671"	55000	"intercept"	0.6101684
"0.9"	"0.85"	"0.1"	"0.01"	"0.005"	"0.01"	"100000"	"10000"	"200"	"6884519642156154671"	60000	"slope"	-0.443578615
"0.9"	"0.85"	"0.1"	"0.01"	"0.005"	"0.01"	"100000"	"10000"	"200"	"6884519642156154671"	60000	"intercept"	0.6227362
"0.9"	"0.85"	"0.1"	"0.01"	"0.005"	"0.01"	"100000"	"10000"	"200"	"6884519642156154671"	65000	"slope"	-0.45046749
"0.9"	"0.85"	"0.1"	"0.01"	"0.005"	"0.01"	"100000"	"10000"	"200"	"6884519642156154671"	65000	"intercept"	0.62558234
"0.9"	"0.85"	"0.1"	"0.01"	"0.005"	"0.01"	"100000"	"10000"	"200"	"6884519642156154671"	70000	"slope"	-0.444527865
"0.9"	"0.85"	"0.1"	"0.01"	"0.005"	"0.01"	"100000"	"10000"	"200"	"6884519642156154671"	70000	"intercept"	0.62049185
"0.9"	"0.85"	"0.1"	"0.01"	"0.005"	"0.01"	"100000"	"10000"	"200"	"6884519642156154671"	75000	"slope"	-0.4408693
"0.9"	"0.85"	"0.1"	"0.01"	"0.005"	"0.01"	"100000"	"10000"	"200"	"6884519642156154671"	75000	"intercept"	0.623140065
"0.9"	"0.85"	"0.1"	"0.01"	"0.005"	"0.01"	"100000"	"10000"	"200"	"6884519642156154671"	80000	"slope"	-0.42069893
"0.9"	"0.85"	"0.1"	"0.01"	"0.005"	"0.01"	"100000"	"10000"	"200"	"6884519642156154671"	80000	"intercept"	0.6046654
"0.9"	"0.85"	"0.1"	"0.01"	"0.005"	"0.01"	"100000"	"10000"	"200"	"6884519642156154671"	85000	"slope"	-0.443722625
"0.9"	"0.85"	"0.1"	"0.01"	"0.005"	"0.01"	"100000"	"10000"	"200"	"6884519642156154671"	85000	"intercept"	0.619114175
"0.9"	"0.85"	"0.1"	"0.01"	"0.005"	"0.01"	"100000"	"10000"	"200"	"6884519642156154671"	90000	"slope"	-0.43457568
"0.9"	"0.85"	"0.1"	"0.01"	"0.005"	"0.01"	"100000"	"10000"	"200"	"6884519642156154671"	90000	"intercept"	0.605487475
"0.9"	"0.85"	"0.1"	"0.01"	"0.005"	"0.01"	"100000"	"10000"	"200"	"6884519642156154671"	95000	"slope"	-0.43017154
"0.9"	"0.85"	"0.1"	"0.01"	"0.005"	"0.01"	"100000"	"10000"	"200"	"6884519642156154671"	95000	"intercept"	0.61532874
"0.9"	"0.85"	"0.1"	"0.01"	"0.005"	"0.01"	"100000"	"10000"	"200"	"6884519642156154671"	100000	"slope"	-0.42508141
"0.9"	"0.85"	"0.1"	"0.01"	"0.005"	"0.01"	"100000"	"10000"	"200"	"6884519642156154671"	100000	"intercept"	0.60805956
"0.9"	"0.85"	"0.1"	"0.01"	"0.005"	"0.01"	"100000"	"10000"	"200"	"709096199200229863"	10	"slope"	-0.00014211601
"0.9"	"0.85"	"0.1"	"0.01"	"0.005"	"0.01"	"100000"	"10000"	"200"	"709096199200229863"	10	"intercept"	0.4999534
"0.9"	"0.85"	"0.1"	"0.01"	"0.005"	"0.01"	"100000"	"10000"	"200"	"709096199200229863"	5000	"slope"	-0.1895136945
"0.9"	"0.85"	"0.1"	"0.01"	"0.005"	"0.01"	"100000"	"10000"	"200"	"709096199200229863"	5000	"intercept"	0.47399255
"0.9"	"0.85"	"0.1"	"0.01"	"0.005"	"0.01"	"100000"	"10000"	"200"	"709096199200229863"	10000	"slope"	-0.31698075
"0.9"	"0.85"	"0.1"	"0.01"	"0.005"	"0.01"	"100000"	"10000"	"200"	"709096199200229863"	10000	"intercept"	0.538250615
"0.9"	"0.85"	"0.1"	"0.01"	"0.005"	"0.01"	"100000"	"10000"	"200"	"709096199200229863"	15000	"slope"	-0.341936055
"0.9"	"0.85"	"0.1"	"0.01"	"0.005"	"0.01"	"100000"	"10000"	"200"	"709096199200229863"	15000	"intercept"	0.55588228
"0.9"	"0.85"	"0.1"	"0.01"	"0.005"	"0.01"	"100000"	"10000"	"200"	"709096199200229863"	20000	"slope"	-0.367583895
"0.9"	"0.85"	"0.1"	"0.01"	"0.005"	"0.01"	"100000"	"10000"	"200"	"709096199200229863"	20000	"intercept"	0.5688969
"0.9"	"0.85"	"0.1"	"0.01"	"0.005"	"0.01"	"100000"	"10000"	"200"	"709096199200229863"	25000	"slope"	-0.40274022
"0.9"	"0.85"	"0.1"	"0.01"	"0.005"	"0.01"	"100000"	"10000"	"200"	"709096199200229863"	25000	"intercept"	0.588543925
"0.9"	"0.85"	"0.1"	"0.01"	"0.005"	"0.01"	"100000"	"10000"	"200"	"709096199200229863"	30000	"slope"	-0.397951705
"0.9"	"0.85"	"0.1"	"0.01"	"0.005"	"0.01"	"100000"	"10000"	"200"	"709096199200229863"	30000	"intercept"	0.595970665
"0.9"	"0.85"	"0.1"	"0.01"	"0.005"	"0.01"	"100000"	"10000"	"200"	"709096199200229863"	35000	"slope"	-0.39335121
"0.9"	"0.85"	"0.1"	"0.01"	"0.005"	"0.01"	"100000"	"10000"	"200"	"709096199200229863"	35000	"intercept"	0.5808009
"0.9"	"0.85"	"0.1"	"0.01"	"0.005"	"0.01"	"100000"	"10000"	"200"	"709096199200229863"	40000	"slope"	-0.440582855
"0.9"	"0.85"	"0.1"	"0.01"	"0.005"	"0.01"	"100000"	"10000"	"200"	"709096199200229863"	40000	"intercept"	0.618398305
"0.9"	"0.85"	"0.1"	"0.01"	"0.005"	"0.01"	"100000"	"10000"	"200"	"709096199200229863"	45000	"slope"	-0.468460085
"0.9"	"0.85"	"0.1"	"0.01"	"0.005"	"0.01"	"100000"	"10000"	"200"	"709096199200229863"	45000	"intercept"	0.626637975
"0.9"	"0.85"	"0.1"	"0.01"	"0.005"	"0.01"	"100000"	"10000"	"200"	"709096199200229863"	50000	"slope"	-0.42458348
"0.9"	"0.85"	"0.1"	"0.01"	"0.005"	"0.01"	"100000"	"10000"	"200"	"709096199200229863"	50000	"intercept"	0.60677904
"0.9"	"0.85"	"0.1"	"0.01"	"0.005"	"0.01"	"100000"	"10000"	"200"	"709096199200229863"	55000	"slope"	-0.416681155
"0.9"	"0.85"	"0.1"	"0.01"	"0.005"	"0.01"	"100000"	"10000"	"200"	"709096199200229863"	55000	"intercept"	0.593342105
"0.9"	"0.85"	"0.1"	"0.01"	"0.005"	"0.01"	"100000"	"10000"	"200"	"709096199200229863"	60000	"slope"	-0.395999315
"0.9"	"0.85"	"0.1"	"0.01"	"0.005"	"0.01"	"100000"	"10000"	"200"	"709096199200229863"	60000	"intercept"	0.58929574
"0.9"	"0.85"	"0.1"	"0.01"	"0.005"	"0.01"	"100000"	"10000"	"200"	"709096199200229863"	65000	"slope"	-0.41091021
"0.9"	"0.85"	"0.1"	"0.01"	"0.005"	"0.01"	"100000"	"10000"	"200"	"709096199200229863"	65000	"intercept"	0.598296975
"0.9"	"0.85"	"0.1"	"0.01"	"0.005"	"0.01"	"100000"	"10000"	"200"	"709096199200229863"	70000	"slope"	-0.42369299
"0.9"	"0.85"	"0.1"	"0.01"	"0.005"	"0.01"	"100000"	"10000"	"200"	"709096199200229863"	70000	"intercept"	0.608587365
"0.9"	"0.85"	"0.1"	"0.01"	"0.005"	"0.01"	"100000"	"10000"	"200"	"709096199200229863"	75000	"slope"	-0.44825499
"0.9"	"0.85"	"0.1"	"0.01"	"0.005"	"0.01"	"100000"	"10000"	"200"	"709096199200229863"	75000	"intercept"	0.61661007
"0.9"	"0.85"	"0.1"	"0.01"	"0.005"	"0.01"	"100000"	"10000"	"200"	"709096199200229863"	80000	"slope"	-0.407644225
"0.9"	"0.85"	"0.1"	"0.01"	"0.005"	"0.01"	"100000"	"10000"	"200"	"709096199200229863"	80000	"intercept"	0.59156844
"0.9"	"0.85"	"0.1"	"0.01"	"0.005"	"0.01"	"100000"	"10000"	"200"	"709096199200229863"	85000	"slope"	-0.408494115
"0.9"	"0.85"	"0.1"	"0.01"	"0.005"	"0.01"	"100000"	"10000"	"200"	"709096199200229863"	85000	"intercept"	0.5998376
"0.9"	"0.85"	"0.1"	"0.01"	"0.005"	"0.01"	"100000"	"10000"	"200"	"709096199200229863"	90000	"slope"	-0.38998068
"0.9"	"0.85"	"0.1"	"0.01"	"0.005"	"0.01"	"100000"	"10000"	"200"	"709096199200229863"	90000	"intercept"	0.582955335
"0.9"	"0.85"	"0.1"	"0.01"	"0.005"	"0.01"	"100000"	"10000"	"200"	"709096199200229863"	95000	"slope"	-0.396204115
"0.9"	"0.85"	"0.1"	"0.01"	"0.005"	"0.01"	"100000"	"10000"	"200"	"709096199200229863"	95000	"intercept"	0.58791046
"0.9"	"0.85"	"0.1"	"0.01"	"0.005"	"0.01"	"100000"	"10000"	"200"	"709096199200229863"	100000	"slope"	-0.408598395
"0.9"	"0.85"	"0.1"	"0.01"	"0.005"	"0.01"	"100000"	"10000"	"200"	"709096199200229863"	100000	"intercept"	0.591011365
