generation	param	Ind1	Ind2	Ind3	Ind4	Ind5	Ind6	Ind7	Ind8	Ind9	Ind10	Ind11	Ind12	Ind13	Ind14	Ind15	Ind16	Ind17	Ind18	Ind19	Ind20	Ind21	Ind22	Ind23	Ind24	Ind25	Ind26	Ind27	Ind28	Ind29	Ind30	Ind31	Ind32	Ind33	Ind34	Ind35	Ind36	Ind37	Ind38	Ind39	Ind40	Ind41	Ind42	Ind43	Ind44	Ind45	Ind46	Ind47	Ind48	Ind49	Ind50	Ind51	Ind52	Ind53	Ind54	Ind55	Ind56	Ind57	Ind58	Ind59	Ind60	Ind61	Ind62	Ind63	Ind64	Ind65	Ind66	Ind67	Ind68	Ind69	Ind70	Ind71	Ind72	Ind73	Ind74	Ind75	Ind76	Ind77	Ind78	Ind79	Ind80	Ind81	Ind82	Ind83	Ind84	Ind85	Ind86	Ind87	Ind88	Ind89	Ind90	Ind91	Ind92	Ind93	Ind94	Ind95	Ind96	Ind97	Ind98	Ind99	Ind100	Ind101	Ind102	Ind103	Ind104	Ind105	Ind106	Ind107	Ind108	Ind109	Ind110	Ind111	Ind112	Ind113	Ind114	Ind115	Ind116	Ind117	Ind118	Ind119	Ind120	Ind121	Ind122	Ind123	Ind124	Ind125	Ind126	Ind127	Ind128	Ind129	Ind130	Ind131	Ind132	Ind133	Ind134	Ind135	Ind136	Ind137	Ind138	Ind139	Ind140	Ind141	Ind142	Ind143	Ind144	Ind145	Ind146	Ind147	Ind148	Ind149	Ind150	Ind151	Ind152	Ind153	Ind154	Ind155	Ind156	Ind157	Ind158	Ind159	Ind160	Ind161	Ind162	Ind163	Ind164	Ind165	Ind166	Ind167	Ind168	Ind169	Ind170	Ind171	Ind172	Ind173	Ind174	Ind175	Ind176	Ind177	Ind178	Ind179	Ind180	Ind181	Ind182	Ind183	Ind184	Ind185	Ind186	Ind187	Ind188	Ind189	Ind190	Ind191	Ind192	Ind193	Ind194	Ind195	Ind196	Ind197	Ind198	Ind199	Ind200	Hapl1	Hapl2	Hapl3	Hapl4	Hapl5	Hapl6	Hapl7	Hapl8	Hapl9	Hapl10	Hapl11	Hapl12	Hapl13	Hapl14	Hapl15	Hapl16	Hapl17	Hapl18	Hapl19	Hapl20	Hapl21	Hapl22	Hapl23	Hapl24	Hapl25	Hapl26	Hapl27	Hapl28	Hapl29	Hapl30	Hapl31	Hapl32	Hapl33	Hapl34	Hapl35	Hapl36	Hapl37	Hapl38	Hapl39	Hapl40	Hapl41	Hapl42	Hapl43	Hapl44	Hapl45	Hapl46	Hapl47	Hapl48	Hapl49	Hapl50	Hapl51	Hapl52	Hapl53	Hapl54	Hapl55	Hapl56	Hapl57	Hapl58	Hapl59	Hapl60	Hapl61	Hapl62	Hapl63	Hapl64	Hapl65	Hapl66	Hapl67	Hapl68	Hapl69	Hapl70	Hapl71	Hapl72	Hapl73	Hapl74	Hapl75	Hapl76	Hapl77	Hapl78	Hapl79	Hapl80	Hapl81	Hapl82	Hapl83	Hapl84	Hapl85	Hapl86	Hapl87	Hapl88	Hapl89	Hapl90	Hapl91	Hapl92	Hapl93	Hapl94	Hapl95	Hapl96	Hapl97	Hapl98	Hapl99	Hapl100	Hapl101	Hapl102	Hapl103	Hapl104	Hapl105	Hapl106	Hapl107	Hapl108	Hapl109	Hapl110	Hapl111	Hapl112	Hapl113	Hapl114	Hapl115	Hapl116	Hapl117	Hapl118	Hapl119	Hapl120	Hapl121	Hapl122	Hapl123	Hapl124	Hapl125	Hapl126	Hapl127	Hapl128	Hapl129	Hapl130	Hapl131	Hapl132	Hapl133	Hapl134	Hapl135	Hapl136	Hapl137	Hapl138	Hapl139	Hapl140	Hapl141	Hapl142	Hapl143	Hapl144	Hapl145	Hapl146	Hapl147	Hapl148	Hapl149	Hapl150	Hapl151	Hapl152	Hapl153	Hapl154	Hapl155	Hapl156	Hapl157	Hapl158	Hapl159	Hapl160	Hapl161	Hapl162	Hapl163	Hapl164	Hapl165	Hapl166	Hapl167	Hapl168	Hapl169	Hapl170	Hapl171	Hapl172	Hapl173	Hapl174	Hapl175	Hapl176	Hapl177	Hapl178	Hapl179	Hapl180	Hapl181	Hapl182	Hapl183	Hapl184	Hapl185	Hapl186	Hapl187	Hapl188	Hapl189	Hapl190	Hapl191	Hapl192	Hapl193	Hapl194	Hapl195	Hapl196	Hapl197	Hapl198	Hapl199	Hapl200
10	slope	0.0	0.0	0.00628879	0.0	0.0	0.0	0.0	0.0	0.0	0.0	0.0	0.0	0.0	0.0	0.0	0.0	0.0	0.0	0.0	0.0	0.0	0.0	0.0	0.0	0.0	0.0	0.0	0.0	0.0	0.0	0.0	0.0	0.0	0.0	0.0	0.0	0.0	0.0	0.0	0.0	0.0	0.0	0.0	0.0	0.0	0.0	0.0	0.0	0.0	0.0	0.0	0.0	0.0	0.0	0.0	0.0	0.0	0.0	0.0	0.0	0.0	0.0	0.0	0.0	0.0	0.0	0.0	0.0	0.0	0.0	0.0	0.0	0.0	0.0	0.0	0.0	0.0	0.0	0.0	0.0	0.0	0.0	0.0	0.0	-0.000516309	0.0	0.00218661	0.0	0.0	0.0	0.0	0.0	0.0	0.0	0.0	0.0	-0.00374235	0.0	0.0	0.0	0.0	0.0	0.0	0.0	0.0	0.0	0.0	0.0	0.0162631	0.0	0.0	0.0	0.0	0.0	0.0	0.0	0.00070525	0.0	0.0	0.0	0.0	0.0	0.0	0.0	0.0	0.0	0.0	0.0	0.0	0.0	0.0	0.0	0.0	0.0	0.0	0.0	0.0	0.0203352	0.0	0.0	0.00809971	0.0	0.0	0.0	0.0	0.00485409	0.0	0.0	0.0	0.0	0.0	0.0	0.0	0.0	0.0	0.0	0.00570482	0.0	0.0	0.0	0.0	0.0	0.0	0.0	0.0	0.0	0.0	0.0	0.0	0.0	0.0	0.0	0.0	0.0	0.0	-0.00511151	0.0	0.0	0.0	0.0	0.0	0.0	0.0	0.0	0.0	0.0	0.0	0.0	0.0	0.0	0.0	0.0	0.0	0.0	0.0	0.0	0.0	0.0	0.0	0.0	0.0	0.0	0.0	0.0	0.0	0.0	0.0	0.0	0.0	0.0	0.0	0.0	0.0	0.0	0.0	0.0	0.0	0.0	0.0	0.0	0.0	0.0	0.0	0.0	0.0	0.0	0.0	0.0	0.0	0.0	0.0	0.0	0.0	0.0	0.0	0.0	0.0	0.0	0.0	0.0	0.0	0.0	0.0	0.0	0.0	0.0	0.0	0.0	0.0	0.0	0.0	0.0	0.0	0.0	0.00739515	0.0	0.0	0.0	0.0	0.0	0.0	0.0	0.0	0.0	0.0	-0.00380166	0.0	-0.0044675	0.0	0.0	0.0	0.0	0.0	0.0	0.0	0.0	0.0	0.0	0.0	0.0	0.0	0.0	0.0	0.0	0.0	0.0	0.0	-0.00777581	0.0	0.0	0.0	0.0	0.0	0.0	0.0	0.0	0.0	0.0	0.0	0.0	0.0	0.0	0.0	0.0	0.0	0.0	0.0	0.0	0.0	0.0	0.00126824	0.0	0.0	0.0	0.0	0.0	0.0	0.0	0.0	0.0	0.0	0.0	0.0	0.0	0.0	0.0	0.0	0.0	0.0	0.0	0.0	0.0	0.0	0.0	0.0	0.0	0.0	0.0	0.0	0.0	0.0	0.0	0.0	0.0	0.0	0.0	0.0	0.0	0.0	0.0	0.0	0.0	0.0	0.0	0.0	0.0	0.0	0.00737974	0.0	0.0	0.0	0.0	0.0	0.0	0.0	0.0	0.0	0.0	0.0	0.0	0.0	0.0	0.0	0.0	0.0	0.0	0.0	0.0	0.0	0.0	0.0	0.0	0.0	0.0	0.0	0.0	0.0	0.0	0.0	0.0	0.0	0.0	0.0	0.0	0.0	0.0	0.0	0.0	0.0	0.0
10	intercept	0.5	0.5	0.5	0.5	0.5	0.5	0.5	0.5	0.5	0.504111	0.5	0.5	0.5	0.5	0.5	0.5	0.5	0.5	0.5	0.5	0.5	0.5	0.5	0.5	0.5	0.5	0.5	0.5	0.5	0.5	0.5	0.5	0.5	0.5	0.5	0.5	0.5	0.5	0.5	0.5	0.5	0.5	0.5	0.5	0.5	0.5	0.5	0.5	0.5	0.5	0.5	0.5	0.5	0.5	0.5	0.5	0.5	0.5	0.5	0.5	0.5	0.5	0.5	0.5	0.5	0.5	0.5	0.5	0.5	0.5	0.5	0.5	0.5	0.495142	0.5	0.5	0.5	0.5	0.5	0.5	0.5	0.5	0.5	0.5	0.5	0.5	0.5	0.5	0.502131	0.506806	0.500594	0.5	0.502511	0.5	0.5	0.5	0.5	0.5	0.5	0.5	0.5	0.5	0.5	0.5	0.5	0.5	0.5	0.5	0.5	0.5	0.5	0.5	0.5	0.5	0.5	0.5	0.5	0.5	0.5	0.5	0.5	0.5	0.514347	0.5	0.5	0.5	0.5	0.5	0.5	0.5	0.5	0.5	0.5	0.5	0.472712	0.5	0.5	0.490266	0.5	0.5	0.5	0.5	0.5	0.5	0.5	0.5	0.5	0.5	0.5	0.5	0.5	0.5	0.5	0.5	0.5	0.5	0.5	0.5	0.507234	0.5	0.5	0.5	0.5	0.5	0.5	0.5	0.5	0.5	0.5	0.5	0.5	0.5	0.5	0.5	0.5	0.5	0.5	0.5	0.5	0.5	0.5	0.5	0.5	0.5	0.5	0.5	0.5	0.5	0.5	0.5	0.5	0.5	0.5	0.5	0.5	0.5	0.5	0.5	0.512732	0.5	0.5	0.5	0.5	0.5	0.5	0.5	0.5	0.5	0.5	0.5	0.5	0.5	0.5	0.5	0.5	0.5	0.5	0.5	0.5	0.5	0.5	0.5	0.5	0.5	0.5	0.5	0.5	0.5	0.5	0.5	0.5	0.5	0.5	0.475798	0.5	0.5	0.5	0.5	0.5	0.5	0.5	0.5	0.5	0.5	0.5	0.5	0.5	0.5	0.5	0.5	0.5	0.5	0.5	0.5	0.5	0.5	0.5	0.5	0.51112	0.5	0.5	0.5	0.5	0.5	0.5	0.5	0.5	0.493789	0.5	0.5	0.5	0.5	0.5	0.5	0.5	0.5	0.5	0.5	0.5	0.5	0.5	0.5	0.5	0.5	0.5	0.5	0.5	0.5	0.5	0.5	0.5	0.5	0.5	0.5	0.5	0.5	0.5	0.497614	0.5	0.5	0.5	0.5	0.5	0.501382	0.5	0.5	0.5	0.5	0.5	0.5	0.5	0.5	0.5	0.5	0.5	0.5	0.5	0.5	0.5	0.5	0.5	0.5	0.5	0.5	0.5	0.5	0.5	0.5	0.5	0.5	0.520545	0.5	0.5	0.5	0.5	0.5	0.5	0.5	0.5	0.5	0.5	0.5	0.5	0.5	0.5	0.5	0.5	0.5	0.5	0.5	0.5	0.5	0.5	0.5	0.5	0.5	0.5	0.5	0.5	0.5	0.5	0.498708	0.5	0.5	0.5	0.5	0.5	0.5	0.5	0.5	0.5	0.5	0.5	0.5	0.5	0.5	0.5	0.5	0.5	0.5	0.5	0.5	0.5	0.5	0.5	0.5	0.5	0.5	0.5	0.5	0.5	0.5	0.5	0.5	0.5	0.5	0.5	0.5	0.5	0.5
1000	slope	0.00357516	0.00995363	0.0433536	0.0252919	0.0524972	-0.0105213	0.0169433	-0.0111205	0.000820945	0.0164722	0.00550764	1.16746e-05	0.0172281	-0.00957811	0.00523668	0.0371838	0.0251379	0.0194972	-0.0283023	0.0350966	0.0215415	0.0556147	0.034983	0.000317465	0.0257165	0.00961558	0.0521662	0.0130441	0.00961558	0.0120063	0.0401712	0.0130441	0.00826221	0.0272709	0.00611005	0.0371838	0.0370958	0.0444959	0.0461366	0.0644184	0.0524972	0.0567298	0.00430665	0.015402	0.0130441	0.034178	-0.011378	-0.0283023	0.0452995	0.0186476	0.00961558	0.0524972	0.0226662	-0.0157257	0.0444959	0.0452995	0.0170096	0.0341438	0.0172121	-0.0274883	-0.0555888	0.0365811	0.0300174	0.0287555	0.00591574	0.0196669	0.0192641	-0.0114547	0.00948958	0.00550764	0.00961558	0.0207031	0.0454843	0.0210203	0.0611685	-0.00192475	-0.0274883	0.0279428	0.0263366	-0.0273637	-0.00667706	0.0112785	0.0354339	0.0354339	0.030869	0.0265074	0.0108624	0.0370958	0.00939924	0.0459966	0.010173	0.000317465	-0.011378	-0.00918039	0.00816755	0.0461366	0.00598407	0.0112785	-0.00489618	-0.0130815	0.038421	0.0139329	0.0558938	0.0371838	0.0354339	-0.00344286	0.00961558	0.0120063	0.0120063	-0.0283023	-0.0283023	0.0121092	0.015402	0.0439288	1.16746e-05	0.0259823	0.0120063	-0.0130815	-0.00938276	0.0130441	-0.00977816	0.0343675	0.00465101	-0.00268948	0.0439288	0.0188005	0.00227809	0.0388356	0.0233245	0.0215415	0.00260453	0.0691893	0.000317465	-0.00667706	0.0312561	0.0303754	0.0525787	0.00413694	0.0332681	0.00961558	0.0122563	0.0354339	1.16746e-05	0.00939924	-0.0250425	0.00587426	-0.00753019	0.0337566	0.0525787	-0.00938276	0.0397752	-0.0130815	0.0265074	-0.0009947	0.0263366	0.0711612	-0.0203035	0.0365811	0.0350966	-0.0250425	0.0540377	0.0257165	0.0112785	0.011633	0.0388356	0.0263211	-0.0283023	0.0273494	0.0456242	0.0433536	0.015576	-0.00932104	0.00695145	-0.0107395	1.16746e-05	0.00736659	0.045983	-0.00667706	-0.0283023	0.0273191	0.0172281	0.0142137	-0.0216387	-0.0283023	0.0444195	0.0354883	-0.0123745	0.0397752	0.0300174	0.0407268	0.000317465	0.0162232	0.0521662	0.0128885	0.00521078	-0.0133556	0.0236227	0.0475372	0.0133268	0.020263	0.0521662	0.0119736	0.000370305	0.0253237	-0.00817678	0.0300174	0.0115502	0.0342725	0.0196669	-0.00423812	0.0194854	-0.00667706	6.08731e-05	0.00412417	0.0462707	0.000317465	0.0105311	-0.00667706	0.0122563	0.0303436	0.0133268	0.0170096	0.0273161	0.0551559	0.0444959	-0.00932104	2.70142e-05	0.0300343	-0.0283023	0.00260453	0.0343675	-0.0140463	0.030364	-0.0250425	-0.00640202	0.0172281	0.0354339	0.0354883	0.0350966	0.0353372	0.00548141	0.0228792	-0.0283023	0.0152913	0.0266875	0.00901504	0.0711612	0.0265074	0.00914613	0.0153428	0.0132629	0.0354883	0.0629032	0.0196748	0.0265074	0.0170096	0.0354339	-0.0210229	0.00144908	-0.0283023	-0.0105213	0.0332681	0.0325819	0.0524972	0.0157235	-0.0274883	0.015402	0.0611685	-0.00918039	-0.0250425	-0.0273637	0.0456242	0.00826221	0.0273161	-0.00817678	0.0354339	-0.0110057	0.0452995	0.0341438	0.0120063	0.0134412	0.0170096	-0.00932104	0.0496243	-0.0274883	0.0346636	-0.005736	-0.0027434	0.0587528	0.0483583	0.0308521	-0.0130815	0.0253237	0.0354339	0.0170096	0.042831	-0.0157257	-0.0177999	-0.00784768	0.0346119	0.00587426	0.0115834	0.000317465	-0.00918039	-0.00192475	0.0503197	0.00695145	0.000317465	0.030364	1.16746e-05	-0.00489618	0.0263366	0.0384868	-0.00667706	0.00995363	0.0354339	0.0132629	0.0112785	0.0259823	0.0409829	0.0370958	0.0354339	0.0371838	0.0342725	-0.0130815	0.0238818	-0.00667706	-0.0203569	0.0461366	0.00961558	0.0120063	0.0350966	1.16746e-05	0.0128885	0.0729307	0.0346119	0.038736	0.0462118	0.00961558	0.014189	0.0461366	0.0397752	0.0240801	0.0213782	0.0170096	0.0605333	0.0344494	-0.00938276	0.0011791	0.0170096	0.00260453	0.0358677	-0.0027434	-0.0416372	0.0459618	0.0128885	0.0452995	0.00587426	0.0170096	0.0130441	0.0133268	0.00714872	0.0300343	0.0332681	-0.00753019	0.0171466	0.00462895	0.0341195	0.0213173	0.0452995	0.0355998	0.0457675	0.0372836	0.0130441	0.0307122	0.042856	-0.011378	0.042856	0.0130441	0.0112785	2.70142e-05	0.00552162	0.0305518	0.0119736	0.00961558	0.0209029	0.0611685	-0.011378	-0.0408159	0.0372836	-0.00657689	6.08731e-05	-0.0283023	0.0122563	1.16746e-05	0.026706	0.0112785	0.0022859	0.0120063	0.0121092
1000	intercept	0.654096	0.626244	0.610675	0.632334	0.638068	0.651152	0.652927	0.61626	0.644311	0.626621	0.651829	0.62321	0.634212	0.661416	0.603542	0.632334	0.615688	0.588043	0.668737	0.601903	0.640669	0.604239	0.605574	0.654096	0.596231	0.654096	0.605625	0.632334	0.654096	0.664179	0.62461	0.632334	0.607958	0.634091	0.63848	0.632334	0.625473	0.62466	0.604239	0.600933	0.622339	0.612742	0.660189	0.653041	0.627116	0.616634	0.638903	0.656807	0.600893	0.626319	0.654096	0.622339	0.632334	0.594372	0.621478	0.638616	0.654096	0.622509	0.654096	0.656807	0.63022	0.595983	0.611876	0.585966	0.610844	0.633362	0.62241	0.647457	0.62241	0.643749	0.654096	0.595516	0.602809	0.633267	0.603268	0.622904	0.656807	0.632334	0.603234	0.656807	0.66614	0.657059	0.619996	0.607516	0.632656	0.602114	0.637544	0.625473	0.617616	0.593744	0.644994	0.636407	0.638903	0.643737	0.62241	0.604239	0.647073	0.657059	0.64915	0.660983	0.611151	0.595186	0.607817	0.632334	0.609363	0.651152	0.642636	0.644885	0.666212	0.65648	0.656807	0.618601	0.684624	0.615688	0.62321	0.594178	0.664179	0.64501	0.624214	0.638105	0.645606	0.627475	0.644885	0.606918	0.615688	0.619594	0.612964	0.617886	0.606512	0.626738	0.63504	0.593566	0.654096	0.642675	0.618828	0.599236	0.59673	0.610579	0.594985	0.644625	0.621828	0.604239	0.655546	0.633185	0.618308	0.623154	0.654096	0.631031	0.59673	0.617673	0.596432	0.64501	0.592259	0.64132	0.603234	0.600933	0.629832	0.595983	0.601903	0.643737	0.59673	0.601799	0.670396	0.605391	0.617886	0.627688	0.656807	0.628923	0.594178	0.631053	0.595592	0.606	0.647138	0.64501	0.613201	0.63877	0.606056	0.63877	0.656807	0.634212	0.634212	0.630995	0.628587	0.666886	0.604842	0.604239	0.610844	0.596432	0.611876	0.608717	0.654096	0.665354	0.605625	0.664179	0.654096	0.661813	0.628285	0.603666	0.626331	0.610588	0.605625	0.626906	0.632334	0.627695	0.610844	0.611876	0.604902	0.587303	0.624386	0.624214	0.603697	0.639685	0.651152	0.644885	0.602809	0.6728	0.636349	0.621288	0.621828	0.598097	0.626331	0.645013	0.606278	0.624885	0.62466	0.606	0.636118	0.608822	0.666649	0.644605	0.59346	0.641968	0.604239	0.643737	0.641968	0.634212	0.598054	0.604239	0.610588	0.574554	0.654096	0.604239	0.656807	0.567053	0.62883	0.612144	0.613423	0.598331	0.647406	0.654096	0.664179	0.604239	0.604477	0.606593	0.603814	0.654096	0.604239	0.632334	0.644091	0.666649	0.651152	0.593535	0.566062	0.617036	0.588043	0.656807	0.684624	0.602998	0.643737	0.643737	0.656807	0.583091	0.607958	0.606278	0.610844	0.598054	0.624942	0.62466	0.622509	0.641508	0.644885	0.653372	0.606	0.615688	0.656807	0.611876	0.645631	0.651152	0.594667	0.617841	0.634212	0.64501	0.632334	0.598054	0.641131	0.631053	0.594372	0.643695	0.67872	0.599146	0.623154	0.644885	0.654096	0.643737	0.622904	0.635901	0.631031	0.654096	0.604239	0.661813	0.64915	0.603234	0.548598	0.639685	0.626244	0.598054	0.664179	0.644885	0.594178	0.604239	0.625473	0.609363	0.641219	0.588665	0.662649	0.603234	0.631031	0.628752	0.604239	0.654096	0.641508	0.610588	0.661813	0.664179	0.612742	0.599146	0.618798	0.604239	0.642636	0.600139	0.604239	0.596432	0.645676	0.634091	0.652275	0.600729	0.632334	0.624214	0.592775	0.654096	0.643635	0.575235	0.651152	0.656807	0.596432	0.663819	0.62466	0.623154	0.654096	0.632334	0.632334	0.654096	0.608822	0.594985	0.654096	0.595667	0.661813	0.62466	0.661634	0.62466	0.612057	0.633973	0.585966	0.632334	0.641937	0.603627	0.638903	0.605219	0.638105	0.657059	0.636118	0.623874	0.654558	0.626906	0.644625	0.643695	0.603268	0.606918	0.656807	0.585966	0.62369	0.651152	0.656807	0.621828	0.651152	0.602257	0.657628	0.646374	0.664179	0.617457
2000	slope	0.0653264	0.0410202	0.0366988	0.0552395	0.00169268	0.0410202	0.0366988	0.0693381	0.0289137	0.0043628	0.0600293	0.0583357	0.0291325	0.0114159	0.088034	0.0618159	0.0600293	0.0291325	0.0288988	0.0323215	0.0492129	0.0601915	0.0182645	0.0495751	-0.0115838	0.0589098	0.0669999	0.021269	0.0226188	0.0114159	0.0658412	0.0111441	0.0600293	0.034846	0.0600293	0.0252664	0.0645935	0.021269	0.0956998	0.0472079	0.0623715	0.0164502	0.0623715	0.0321386	0.0108442	0.00361276	0.0956998	0.0316466	0.0114159	0.0659552	0.0410059	0.00149164	0.0343294	0.0153735	0.0043628	0.0602567	0.0751099	0.0644482	0.0432012	0.0367372	0.00705214	0.0417029	0.044299	0.0509565	0.00705214	0.0354919	0.0600293	0.0114159	0.0260364	0.0114159	0.029638	0.0278622	0.0114159	0.0327407	0.0410202	0.0389698	0.0265198	0.0279339	0.0560994	0.0799051	0.0699327	0.0410202	0.0348733	0.025895	0.0714782	0.0485194	0.0358618	0.064779	0.0479264	0.0182645	0.0817253	0.00497048	0.0321386	0.049828	0.0422101	0.0582074	0.0563237	0.0505784	0.0787746	0.0426671	0.0567055	0.0600293	0.0504272	-0.00199822	0.0410202	0.0321386	0.00792719	0.0361727	0.0410059	0.0215646	0.0865153	0.037878	0.0215646	0.0365618	0.0515157	0.0653743	0.0479956	0.0644482	0.0259458	0.0331396	0.0600293	0.00705214	0.0321386	0.00904204	0.0410059	0.00241087	0.0603608	0.0437418	0.010099	0.0467332	0.0295914	0.0479956	0.0723205	0.0614824	0.054029	0.0720002	0.0377164	-0.0247114	0.0623715	0.0636992	0.0410202	0.0114159	0.000286354	0.0291325	0.0582074	0.0128855	0.0653743	0.029638	0.0410202	0.0220158	0.029462	0.0321386	0.0212247	0.00864329	0.0600293	0.0472245	0.0720002	0.00540681	0.041101	-0.0247114	0.0547082	0.000286354	0.0449512	0.0367372	0.05177	0.0484342	0.0614824	0.0723205	0.0424183	0.0472079	0.0114159	0.0600293	0.00149164	0.0601915	0.0441548	0.032774	0.0920961	0.0613047	0.054662	0.0321386	0.0613047	0.071862	0.0164747	0.0347562	0.0289137	0.0220158	0.00149164	0.0461468	0.029462	0.00705214	0.0368802	0.0493637	0.065671	0.070574	-0.000604093	0.0600293	0.0613047	0.0292871	0.037035	0.0114347	0.064779	0.0114159	0.0441548	0.0191974	0.0583136	0.0158962	0.0551745	0.0389698	0.0441683	0.0646584	0.00325719	0.0600293	0.0492129	0.00480651	0.0758865	0.0442256	0.0567055	0.0508027	0.0128855	0.0791472	0.0114159	0.00535642	0.0472079	0.0205844	0.0813524	0.0321386	0.0623715	-0.0116283	0.0472079	0.0603608	0.0128855	0.0114347	0.0871299	0.0617181	0.0291325	0.0298386	-0.0122849	0.0863434	0.0153735	0.0114347	0.0560994	0.0114159	0.0239998	0.00533216	0.0600293	0.0581482	0.0798344	0.0623715	0.0120986	0.00864329	-0.00317908	0.0548098	-0.00199822	0.0600293	0.00705214	-0.00528119	0.00678216	0.0135106	0.0114159	0.0220246	0.00705214	0.0779552	0.0315576	0.0321386	-0.000335609	0.0102947	0.0813524	0.0220158	0.0410202	0.0365618	0.0582074	0.0260364	0.0419014	0.00864329	0.0144266	0.054029	0.0709163	0.0623715	0.088034	0.0638715	0.0313641	0.029638	0.0758865	0.0613047	0.0170744	0.0158962	0.00853178	0.0180733	0.0234907	0.0600293	0.0323215	0.0211543	0.035865	0.0158962	0.0164747	0.0956998	0.0291325	0.0321386	0.088034	0.0709163	0.0147995	0.00241087	0.0252664	0.0101702	0.0114159	0.0495751	0.0646584	0.0613047	0.0600293	0.0472245	0.0803412	0.0436854	0.0321386	0.0043628	0.054029	0.0424183	0.0331912	0.0623715	0.0751099	0.0331912	0.0600293	0.0492129	0.0291325	0.049828	0.0158962	0.00169268	0.0410202	0.0410202	0.0120986	0.0751099	0.00840135	0.0416487	0.0457687	0.0260364	-0.016615	0.037878	0.0920961	0.0600293	0.0758093	0.0111398	0.088034	0.0441548	0.0441683	0.054029	0.0114347	0.0417029	0.0613047	0.0144266	0.0623715	0.0321386	0.038395	0.0335323	0.0739673	0.0114347	0.0709163	0.00535642	0.0419014	0.0603608	0.0472245	0.0613047	0.00241087	0.0725717	0.0469366	-0.00565537	0.029638	0.0291325	0.0321386	0.0366988	0.0317015	0.0508027	0.0441548	0.00267979	0.0649948	0.0261598	0.064779	0.0472079	0.0730311	0.0479956	0.0321386	0.0158962	0.0323215	0.0416487	0.0182645	0.0234907	0.0623715	0.00241087	0.0525042	0.0474233	0.0552395	0.0649948	0.0600293	0.0699327	0.0649948	0.0630629	0.088034	0.0956998	0.00705214	0.0623715	0.0649948	0.0623715
2000	intercept	0.767782	0.78385	0.761079	0.758917	0.776319	0.774848	0.752451	0.704281	0.732689	0.776391	0.783349	0.748122	0.7739	0.811282	0.768222	0.73896	0.767782	0.7739	0.782819	0.782003	0.77083	0.730259	0.811071	0.727484	0.756409	0.75808	0.772219	0.73418	0.771899	0.811282	0.734083	0.794346	0.780527	0.758917	0.787302	0.770374	0.767716	0.73418	0.776391	0.749964	0.767782	0.791374	0.768703	0.794346	0.778974	0.775867	0.790265	0.755148	0.810461	0.723205	0.780527	0.751735	0.782776	0.794014	0.776391	0.76061	0.795695	0.763236	0.743281	0.761815	0.769914	0.757155	0.784539	0.73069	0.769914	0.773942	0.774884	0.811282	0.760267	0.818527	0.76484	0.768222	0.811282	0.767304	0.78385	0.733544	0.790919	0.782795	0.766421	0.735318	0.737445	0.774848	0.759583	0.758571	0.752221	0.753133	0.780775	0.765018	0.745191	0.811071	0.720094	0.781323	0.794346	0.773491	0.732904	0.750496	0.739286	0.792931	0.717622	0.758064	0.750913	0.75702	0.76842	0.776319	0.78385	0.794346	0.790647	0.764944	0.780527	0.75618	0.758536	0.789477	0.75618	0.714917	0.766377	0.748014	0.745833	0.763236	0.721288	0.73301	0.770507	0.769914	0.794346	0.728797	0.780527	0.7692	0.785249	0.770909	0.779311	0.757155	0.794346	0.745833	0.694795	0.761723	0.753071	0.788697	0.735807	0.749543	0.759455	0.767782	0.774848	0.811282	0.776319	0.760107	0.750496	0.742431	0.748014	0.785445	0.774848	0.811071	0.811282	0.794346	0.766722	0.738931	0.783349	0.77721	0.7946	0.785008	0.767782	0.749543	0.757155	0.776319	0.76748	0.761815	0.757295	0.75988	0.761723	0.694795	0.757321	0.749964	0.789499	0.770507	0.751735	0.730259	0.755148	0.77077	0.758536	0.758005	0.764411	0.77753	0.77971	0.754586	0.786234	0.740045	0.735579	0.811071	0.751735	0.735658	0.807838	0.77953	0.774192	0.773485	0.727921	0.767297	0.792235	0.783349	0.781862	0.778986	0.756183	0.790647	0.791056	0.789499	0.762718	0.768222	0.768708	0.784863	0.77803	0.733544	0.760995	0.767782	0.793746	0.7737	0.733656	0.785008	0.723932	0.794346	0.750913	0.772198	0.742431	0.739184	0.811282	0.811282	0.749964	0.785008	0.761689	0.769822	0.768703	0.806409	0.749964	0.784539	0.728797	0.795785	0.750167	0.758431	0.7739	0.784863	0.769914	0.792558	0.794014	0.795785	0.766421	0.811282	0.786453	0.77069	0.779541	0.778085	0.785396	0.779764	0.811282	0.774352	0.805072	0.718169	0.776319	0.756453	0.77055	0.781199	0.777839	0.832045	0.811282	0.782003	0.769914	0.727921	0.738306	0.77753	0.773642	0.824611	0.761689	0.811071	0.774848	0.714917	0.750496	0.788574	0.76484	0.765397	0.769914	0.746962	0.799782	0.779764	0.75323	0.767297	0.728797	0.756402	0.723932	0.769387	0.777764	0.784863	0.76484	0.728797	0.755155	0.773485	0.779661	0.739242	0.701958	0.784863	0.785606	0.781367	0.760107	0.794346	0.768222	0.795695	0.811071	0.7692	0.770374	0.811282	0.811282	0.727484	0.767782	0.77971	0.782549	0.744761	0.778399	0.755137	0.794346	0.776391	0.753071	0.76484	0.721288	0.759455	0.795695	0.712308	0.75702	0.761742	0.773493	0.773491	0.794014	0.776319	0.774848	0.774848	0.811282	0.795695	0.733234	0.77028	0.767643	0.760795	0.749109	0.789477	0.758536	0.770507	0.752221	0.790647	0.768222	0.755148	0.760995	0.753071	0.793059	0.765851	0.758005	0.761257	0.78882	0.794346	0.763363	0.780527	0.753133	0.795785	0.818629	0.811282	0.76484	0.784539	0.744761	0.77971	0.7692	0.740191	0.774192	0.807794	0.785445	0.7739	0.77753	0.761079	0.744353	0.772198	0.762718	0.799139	0.767782	0.766608	0.765018	0.749964	0.767782	0.745833	0.765182	0.794014	0.779661	0.750224	0.811071	0.755155	0.763182	0.7692	0.737687	0.741826	0.758917	0.767782	0.770507	0.737445	0.767782	0.775287	0.768222	0.790265	0.769914	0.759455	0.767782	0.759455
3000	slope	0.0655057	0.0576358	0.140413	0.125734	0.0228567	0.066488	0.0187213	0.0542363	0.0231135	0.0407085	0.0269091	0.0461614	0.0362002	0.0480147	0.0329469	0.00916723	0.0966946	0.00651377	0.0404206	0.0906131	0.0703402	0.0739625	0.0645274	0.0864446	0.0520064	0.0676387	0.0937008	0.0535836	0.0827665	0.0381376	0.099975	0.0562204	0.0674041	0.0867708	0.052939	0.0962854	0.129261	0.087202	0.0248302	0.087202	0.0354049	0.0535836	0.0541215	0.0407715	0.0549626	0.0861347	0.0249136	0.00651377	0.0883024	0.038665	0.0641924	0.0535836	0.078688	0.0509846	0.0882314	0.00916723	0.0364894	0.0621979	0.122883	0.134533	0.00526485	0.031636	0.0327539	0.0611109	0.0153303	0.0788835	0.0751756	0.0520179	0.0252662	0.0848274	0.0818282	0.0559095	0.0695258	0.0773081	0.0882314	0.0706961	0.0441138	0.0703402	0.0937008	0.0555469	0.1046	0.128065	0.0509931	0.0248815	0.0827665	0.0882314	0.0531961	0.0549626	0.0187213	0.0695258	0.0563	0.0873428	0.082289	0.0860262	0.0709051	0.0325551	0.037878	0.0183239	0.0641924	0.0577468	0.0754067	0.0710429	0.0860262	0.0253563	0.11056	0.0461961	0.0788835	0.0456692	0.0736674	0.00720701	0.0173903	0.0290494	0.0288032	0.0665151	0.0362002	0.0883024	0.106062	0.0302617	0.0229263	0.0430895	0.0554374	0.104231	0.0548629	0.00916723	0.0818999	0.0773081	0.10867	0.0288712	0.0294412	0.139323	0.0709051	0.130312	0.0530946	0.0738083	0.0846088	0.00916723	0.0489714	0.079201	0.078688	0.0740815	0.0825425	0.0358854	0.00149211	0.0859483	0.0759899	0.0401104	0.0705633	0.0403022	-0.0103224	0.0674654	0.0471721	0.0827665	0.0486134	0.0533312	0.0541757	0.0881699	0.0546116	0.0906131	0.0248815	0.0362002	0.0489431	0.0613047	0.0471721	0.0976613	0.0337607	0.114738	0.0665151	0.101235	0.0244905	0.0709051	0.0406943	0.0026014	0.0788835	0.0638925	0.0402737	0.0848274	0.071785	0.0641924	0.0079743	0.0733548	0.0470488	0.0703402	0.0535836	0.00916723	0.0510671	0.0873428	0.0333986	0.0428417	0.0554467	0.0617288	0.0810678	0.0387783	0.015468	0.0901971	0.0619426	0.131812	0.0688084	0.0599485	0.039455	0.0406987	0.0738137	0.0837386	0.0760637	0.0456131	0.0621979	0.0428417	0.0393659	0.042111	0.00149211	0.0430895	0.052939	0.0707432	0.0308872	0.039455	0.0319201	0.0665151	0.0641635	0.0283123	0.0778725	0.0788835	0.0108352	0.0308872	0.114738	0.0354049	0.0793708	0.0637693	0.0848274	0.10867	0.0559095	0.102663	0.0406943	0.0549626	0.0541215	0.0528454	0.0549626	0.0655057	0.0406943	0.0882314	0.0783038	0.0658407	0.0501306	0.0343178	0.037878	0.0611109	0.0818999	0.0569747	0.0253563	0.0282012	0.0773081	0.0244905	0.0364894	0.0356652	0.0365222	0.0393659	0.0207069	0.0816254	0.0407715	0.0554374	0.0231135	0.0671511	0.0664542	0.0872836	0.0723538	0.0820503	0.0672792	0.130006	0.0759899	0.0611109	0.0555469	0.0645274	0.0344913	0.00526485	0.0809642	0.0793708	0.0183239	0.00651377	0.00916723	0.129261	0.0738137	0.0430895	0.0270063	0.0468245	0.00916723	0.0841301	0.0554467	0.0481973	0.0717729	0.0541215	0.0793483	0.015468	0.0765808	0.0773081	0.0183239	0.0206927	0.0434997	0.0709226	0.0393003	0.0595608	0.0841899	0.00916723	0.032455	0.0739529	0.128065	0.0742853	0.0108352	0.144688	0.052939	0.0654929	0.0559095	0.0329469	0.0641635	0.0738137	0.0641635	0.0875368	0.038665	0.0655057	0.0276818	0.0846088	0.0700325	0.0876305	0.0343178	0.0282012	0.0406943	0.0653067	0.0342706	0.047772	0.0788835	0.0848274	0.0320917	0.074552	0.037878	0.0703402	0.0742853	0.0717729	0.110474	0.0912879	0.00916723	0.0320045	0.0549626	0.0480686	0.0535203	0.0308267	0.0541713	0.13248	-0.00225043	0.071785	0.0588784	0.10867	0.00526485	0.0358854	0.0541215	0.0231135	0.0313907	0.104231	0.0641635	0.0655057	0.0773081	0.0515523	0.0525123	0.0435747	0.041285	0.00526485	0.0563	0.130006	0.0906495	0.0387783	0.0183239	0.0773081	0.037878	0.0153303	0.0711794	0.0818999	0.0284315	0.0026014	0.0883024	0.0542363	0.0773081	0.0202322	0.0356652	0.092627	0.00916723	0.110474	0.0393659	0.0757164	0.0530946	0.0738137	0.0616296	0.0680734	0.0671511	0.039455	0.10867	0.0468245	0.0609063	0.128065	0.0329469	0.0757164	0.0621979	0.0365222	0.0937008	0.0407715
3000	intercept	0.80713	0.797226	0.801483	0.770965	0.815389	0.776721	0.802594	0.810529	0.827892	0.794584	0.842676	0.83864	0.829504	0.796148	0.82893	0.80504	0.794384	0.765239	0.820374	0.765382	0.771923	0.807472	0.769108	0.799138	0.808651	0.823417	0.799244	0.826196	0.794384	0.816823	0.781265	0.830564	0.824197	0.815463	0.829887	0.765594	0.783246	0.811514	0.800209	0.811514	0.810043	0.825333	0.827947	0.830563	0.813046	0.807961	0.833379	0.766061	0.821553	0.810043	0.799244	0.826196	0.804648	0.818639	0.806475	0.808556	0.840524	0.799244	0.805252	0.801483	0.874381	0.811309	0.810957	0.786353	0.791014	0.780468	0.788609	0.819462	0.8389	0.819451	0.767808	0.826798	0.761803	0.802667	0.806475	0.804127	0.807951	0.771923	0.799244	0.82753	0.75921	0.801483	0.781559	0.82265	0.794384	0.806475	0.821579	0.812241	0.802594	0.768991	0.810743	0.81411	0.788105	0.804153	0.777809	0.813026	0.82927	0.776659	0.799244	0.814819	0.769292	0.774248	0.803436	0.833198	0.770965	0.831532	0.780468	0.828848	0.787728	0.808556	0.841908	0.820493	0.812994	0.782336	0.821401	0.821553	0.814219	0.815223	0.83603	0.826576	0.824237	0.808003	0.810481	0.80504	0.788293	0.802667	0.794164	0.850506	0.757215	0.786992	0.80147	0.801483	0.823417	0.772506	0.776886	0.803656	0.809606	0.791032	0.804648	0.765852	0.790953	0.820374	0.856791	0.799244	0.823517	0.805657	0.799244	0.802834	0.766061	0.831532	0.788065	0.794384	0.806783	0.819462	0.762641	0.765237	0.788345	0.768025	0.82265	0.821401	0.797191	0.789819	0.787459	0.829795	0.815239	0.79154	0.782336	0.829103	0.840524	0.80147	0.828163	0.854796	0.799244	0.79513	0.790373	0.82734	0.766241	0.799244	0.861521	0.787366	0.825707	0.771923	0.826196	0.803656	0.821114	0.78222	0.816253	0.822219	0.831532	0.820143	0.814312	0.832332	0.854796	0.808003	0.789899	0.801483	0.788609	0.798644	0.781319	0.829055	0.806636	0.823529	0.793192	0.826189	0.799244	0.814939	0.797412	0.798693	0.856791	0.796789	0.833294	0.763647	0.829504	0.781319	0.820374	0.782336	0.789642	0.819462	0.765852	0.780468	0.810477	0.829504	0.79154	0.810043	0.798703	0.771923	0.819451	0.78376	0.826798	0.809129	0.816823	0.813046	0.827947	0.784162	0.813046	0.80713	0.824338	0.806475	0.823529	0.813129	0.829887	0.808252	0.83371	0.788609	0.788293	0.799439	0.849097	0.83653	0.804678	0.840524	0.840524	0.7961	0.837984	0.797412	0.80989	0.816054	0.830563	0.844522	0.827892	0.794384	0.79381	0.772205	0.810942	0.786862	0.825131	0.786992	0.823517	0.75843	0.810473	0.769108	0.813026	0.856791	0.825543	0.798703	0.776659	0.766061	0.808556	0.783246	0.806636	0.82848	0.844145	0.784349	0.808556	0.78397	0.831532	0.772612	0.804506	0.827947	0.803311	0.854796	0.788671	0.804678	0.776659	0.833379	0.828996	0.808145	0.810788	0.795158	0.794384	0.809019	0.850506	0.775687	0.801483	0.765852	0.810477	0.783246	0.833294	0.793822	0.826798	0.82893	0.789642	0.827806	0.787571	0.819451	0.810043	0.804312	0.833198	0.776886	0.765852	0.812687	0.808252	0.83653	0.824338	0.793192	0.7648	0.812066	0.78896	0.813264	0.805657	0.808764	0.83371	0.771923	0.765852	0.804506	0.788682	0.802667	0.808556	0.775778	0.812241	0.788065	0.814898	0.772029	0.807449	0.795547	0.829504	0.766241	0.822706	0.814382	0.828762	0.820374	0.834421	0.827892	0.849097	0.808003	0.789642	0.80713	0.783862	0.805657	0.823567	0.861592	0.823793	0.859847	0.810743	0.786992	0.781878	0.827441	0.775991	0.804678	0.83371	0.791014	0.791706	0.788293	0.834601	0.854796	0.821553	0.800066	0.804678	0.861367	0.7961	0.783345	0.809019	0.788682	0.797412	0.789688	0.823417	0.806636	0.783427	0.762641	0.794384	0.781319	0.794164	0.793747	0.799244	0.805682	0.82893	0.789688	0.799244	0.832404	0.799244	0.830563
4000	slope	0.00668938	0.0716577	0.111386	0.0790405	0.00985297	0.0473719	0.0914514	0.108929	0.0214467	0.0595568	0.0472115	0.0868471	0.057815	0.0856559	0.113971	0.0507029	0.10034	0.0168269	0.0434216	0.0523296	0.0523296	0.0567316	0.114012	0.111386	0.0577594	0.0647988	0.0813392	0.0856559	0.0308116	0.113971	0.0933656	0.083903	0.103272	0.0876053	0.0119048	0.0678064	0.055695	0.0598749	0.17843	0.055242	0.0975788	0.0999089	0.13612	0.0111624	0.0973527	0.0648835	0.0514056	0.0790593	0.0644684	0.115218	0.0653764	0.0452324	0.0472115	0.0434216	0.0553138	0.0547995	0.111757	0.0899565	0.0547516	0.0295355	0.122271	0.107287	0.119394	0.0472115	0.116753	0.0620824	0.0876053	0.084947	0.0582994	0.0991443	0.0845816	0.0549961	0.0686721	0.078628	0.111099	0.0144486	0.0450723	0.0473719	0.131128	0.078628	0.11441	0.172232	0.0998815	0.102862	0.0931817	0.101209	0.0879483	0.0473719	0.103771	0.0914514	0.00985297	0.0521805	0.0951978	0.0217656	0.0333605	0.0333453	0.0649156	0.0172195	0.0876053	0.0819438	0.0759206	0.0863853	0.0521805	0.0217656	0.0642243	0.0538008	0.0845264	0.0908609	0.0383838	0.0417055	0.0417055	0.115342	0.066524	0.057949	0.0618752	0.0880397	0.055242	0.106633	0.0667966	0.0991443	0.0451742	0.109076	0.0996045	0.0885226	0.0521805	0.089565	0.0862156	0.0440071	0.0654395	0.0999089	0.055242	0.0541326	0.0901866	0.0813392	0.0413518	0.0523296	0.0759206	0.0502514	0.0863636	0.0790593	0.11024	0.0514056	0.0347517	0.0554296	0.0620824	0.114817	0.0790405	0.0417055	0.0494037	0.0856559	0.071483	0.0448469	0.114593	0.0833796	0.0941781	0.0931817	0.0308116	0.0686721	0.0292841	0.109076	0.0649156	0.0941781	0.0347517	0.0941781	0.0387086	0.111386	0.055695	0.0797454	0.0933656	0.0642439	0.103272	0.0705401	0.0901866	0.0421286	0.115342	0.0876053	0.0383838	0.0442915	0.0198056	0.0830083	0.0739241	0.0732578	0.104421	0.0868471	0.096741	0.0467979	0.0532387	0.0570922	0.10606	0.089868	0.130293	0.0227113	0.090989	0.131576	0.0933656	0.108212	0.0644684	0.0368885	0.0632127	0.0347517	0.0880397	0.0713103	0.0417055	0.0570922	0.114301	0.102233	0.0938173	0.127223	0.0753816	0.0152148	0.0387086	0.0901866	0.0547995	0.0543171	0.0523296	0.0941781	0.0863636	0.0653728	0.0739241	0.0951802	0.0478158	0.0697096	0.0616955	0.098083	0.0901866	0.0400952	0.0333605	0.0318353	0.0999089	0.0863636	0.122583	0.096741	0.13612	0.0621313	0.10606	0.107068	0.114817	0.0368885	0.0133307	0.0938173	0.0846224	0.0644684	0.111386	0.0217656	0.0783082	0.0732578	0.058589	0.0826079	0.0448784	0.0951802	0.0647988	0.0494037	0.0579845	0.10606	0.0478922	0.0288842	0.124774	0.0806301	0.0998815	0.0690502	0.0347517	0.0573288	0.0868471	0.0333605	0.025884	0.0452324	0.137826	0.0452324	0.0901803	0.0999089	0.0926122	0.105947	0.0867678	0.0288842	0.0692797	0.131576	0.11291	0.0901866	0.0998815	0.121958	0.0863636	0.0352459	0.055695	0.0933656	0.0448504	0.0882314	0.10274	0.0452324	0.0492943	0.108929	0.055242	0.0644684	0.055695	0.0876053	0.0144486	0.0547516	0.0618076	0.0514056	0.0830438	0.0383838	0.0863636	0.0441584	0.0547995	0.0473719	0.0368885	0.0340447	0.104966	0.0434216	0.083903	0.0845816	0.0347517	0.0702778	0.0876053	0.0789989	0.0521805	0.0473719	0.10625	0.0620824	0.0882314	0.0492086	0.0111624	0.0292841	0.0868471	0.0494037	0.0621531	0.104303	0.0933656	0.122583	0.0111624	0.0845816	0.0656305	0.0644684	0.058589	0.0786045	0.124307	0.0430571	0.0547995	0.103771	0.0699915	0.0627953	0.130293	0.108212	0.0464429	0.11441	0.0433873	0.0448469	0.0998815	0.096741	0.0554439	0.0991443	0.0367148	0.0953353	0.0570922	0.130293	0.0953353	0.0867678	0.0493074	0.0759206	0.113971	0.0333605	0.0677822	0.0880397	0.0856559	0.0133741	0.0368885	0.0423329	0.131576	0.109076	0.0833796	0.119394	0.036246	0.0860408	0.0472115	0.0854585	0.108212	0.104421	0.0867788	0.0524832	0.0434216	0.103706	0.098083	0.0570922	0.0856559	0.0421286	0.113733	0.0542981	0.0951978	0.0434216	0.115712	0.109694	0.0421286	0.0315376	0.10034	0.0686245	0.091714	0.0514109	0.0494037	0.0759206	0.103272	0.130293
4000	intercept	0.83773	0.823091	0.809143	0.844295	0.873434	0.794993	0.812283	0.792074	0.83009	0.831959	0.840369	0.810877	0.827973	0.80471	0.801727	0.802674	0.814495	0.860543	0.83261	0.793553	0.793553	0.837101	0.792074	0.809143	0.772225	0.793693	0.81447	0.80471	0.833917	0.792074	0.82052	0.785807	0.81698	0.806018	0.839608	0.813406	0.838059	0.806355	0.77718	0.823804	0.824957	0.784402	0.78955	0.836425	0.816262	0.82188	0.83143	0.822888	0.772225	0.790491	0.823468	0.872814	0.867809	0.83261	0.806749	0.814811	0.792074	0.838059	0.811132	0.87537	0.765138	0.823619	0.810233	0.841474	0.809838	0.846487	0.811502	0.846487	0.814811	0.779011	0.82377	0.823037	0.8379	0.814939	0.800262	0.833917	0.800411	0.794993	0.806319	0.826618	0.782229	0.752885	0.812776	0.799507	0.836012	0.815536	0.805212	0.794993	0.796147	0.812283	0.871694	0.804965	0.81873	0.832797	0.821621	0.819898	0.818911	0.87537	0.807923	0.829519	0.821687	0.781136	0.804965	0.832797	0.809111	0.810579	0.804867	0.819644	0.802041	0.83009	0.816765	0.796723	0.802336	0.794993	0.828297	0.81371	0.821214	0.805473	0.837517	0.797611	0.813303	0.79587	0.818123	0.813515	0.804965	0.812305	0.778905	0.827802	0.8105	0.78232	0.823804	0.834443	0.807285	0.81447	0.801107	0.793553	0.822775	0.853444	0.81131	0.822888	0.798418	0.831959	0.854641	0.84182	0.840449	0.800971	0.844295	0.83009	0.815877	0.80471	0.794245	0.809912	0.792617	0.807285	0.806319	0.836012	0.833917	0.8379	0.824759	0.791904	0.818911	0.802783	0.851491	0.802783	0.814811	0.809143	0.83341	0.818763	0.82052	0.81522	0.826924	0.832811	0.807285	0.792034	0.80288	0.807923	0.80203	0.831756	0.842076	0.80188	0.832811	0.816363	0.810222	0.807907	0.813206	0.804005	0.832763	0.798378	0.790491	0.792617	0.78955	0.796588	0.812567	0.733657	0.802823	0.793246	0.772225	0.833917	0.80466	0.857791	0.81371	0.822377	0.83009	0.798378	0.792074	0.791714	0.802409	0.736922	0.79916	0.867988	0.814811	0.807285	0.839831	0.801075	0.81111	0.806319	0.81131	0.822054	0.832811	0.794829	0.826988	0.852718	0.810355	0.787237	0.79747	0.797779	0.820902	0.791892	0.78232	0.81131	0.832243	0.81609	0.78955	0.817661	0.796111	0.805473	0.800971	0.833917	0.850359	0.802409	0.795898	0.767365	0.809143	0.832797	0.826347	0.816363	0.818809	0.79916	0.812642	0.794829	0.793693	0.831614	0.822377	0.790491	0.793736	0.837066	0.731477	0.812283	0.806177	0.768233	0.851491	0.81111	0.807285	0.821621	0.79535	0.858944	0.823816	0.882407	0.800262	0.78232	0.796478	0.797381	0.838059	0.850661	0.888646	0.733657	0.791065	0.807285	0.804949	0.794304	0.81131	0.814338	0.838059	0.826347	0.84316	0.78913	0.791714	0.872814	0.814811	0.792074	0.823804	0.772225	0.838059	0.803737	0.833917	0.811132	0.802814	0.83143	0.809959	0.826453	0.81131	0.816225	0.814811	0.794993	0.833917	0.837066	0.793874	0.83261	0.802671	0.82377	0.851491	0.800347	0.807923	0.81447	0.804965	0.794993	0.806319	0.846487	0.784326	0.824258	0.839621	0.833917	0.807285	0.831614	0.821841	0.807285	0.82052	0.832243	0.836425	0.82377	0.840208	0.768233	0.820966	0.8379	0.813607	0.80617	0.814405	0.796147	0.814811	0.809334	0.78955	0.793246	0.872814	0.782229	0.827607	0.800749	0.812776	0.81609	0.824764	0.797611	0.822836	0.802783	0.809334	0.78955	0.802783	0.838059	0.833917	0.821687	0.792074	0.820902	0.824163	0.81371	0.811477	0.843911	0.832259	0.817661	0.733657	0.815779	0.807285	0.810233	0.83009	0.825859	0.844317	0.835509	0.793246	0.813116	0.820184	0.862131	0.833599	0.837632	0.787237	0.809334	0.80471	0.79535	0.800262	0.797432	0.81873	0.852425	0.778634	0.78232	0.792034	0.808222	0.814495	0.831959	0.82377	0.83009	0.815877	0.821687	0.81698	0.791833
5000	slope	0.0252477	0.049658	0.049912	0.0447199	0.0265453	0.0133576	0.0190354	0.13161	0.054669	0.0434541	0.0995712	0.0674766	0.0370684	0.03466	0.0405563	0.0663934	0.10178	0.0889805	0.0611051	0.0488452	0.00750405	0.0558024	0.0558024	0.100288	0.0378467	0.0887034	0.0290348	0.101006	0.0384366	0.0394488	0.0229924	0.0786157	0.054669	0.0747792	0.0387605	0.0507809	0.0579426	0.136501	0.111244	0.0869782	0.0358662	0.0689598	0.0821437	0.0735899	0.0686994	0.0772122	0.010246	0.0583428	0.0654387	0.0874876	0.0630912	0.0771289	0.0772547	0.0488452	0.0691061	-0.00965167	0.0420156	0.0746635	0.0363105	0.0746635	0.0488452	0.0208266	0.0139235	0.0812541	0.0307729	0.0579232	0.042719	0.0509654	0.0746635	0.0554428	0.0434939	0.0952831	0.108552	0.0378467	0.0406803	0.0640973	0.101006	0.0378666	0.0434541	0.0772122	0.0621969	0.0634721	0.101006	0.0632651	0.0817914	-0.0151831	0.0307682	0.0351869	0.10178	0.0426619	0.06519	0.0692698	0.0202575	0.055539	0.0426619	0.0509654	0.049369	0.0773014	0.011628	0.0995712	0.0772122	0.0535071	0.0772122	0.0826955	0.0472409	0.0502845	0.136501	0.006739	0.0378143	0.0483003	0.0189674	0.0572233	0.033147	0.0414687	0.0208266	0.088532	0.042484	0.0307729	0.0763364	0.0558024	0.0405563	0.0307729	0.0772122	0.0378467	0.0418058	0.0674766	0.0778648	0.0757871	-0.00967005	0.104056	0.131981	0.0139235	-0.00285572	0.11732	0.0481132	0.0235454	0.0930844	0.086953	0.0842174	0.0514676	0.0735899	0.0674766	0.0716525	0.0454446	0.0935907	0.0800353	0.0778648	0.0477553	0.0999552	0.136501	0.0762947	0.128857	0.101006	0.0456673	0.0677389	0.0772547	0.0746635	0.0674766	0.0405563	0.0561513	-0.00965167	0.0864641	0.0579426	0.0202575	0.0514676	0.0674766	0.0426976	0.0601497	0.0252917	0.101006	0.0477071	0.0800036	0.0472409	0.0756786	0.0558024	0.0829037	0.0477071	0.00769311	0.15009	0.0358662	0.0481819	0.0634655	0.0427903	0.0405563	0.0786652	0.0394488	0.0832948	0.0558024	0.0735899	0.027225	0.0683232	0.0321359	0.0674766	0.0700187	0.0772547	0.0502845	0.0581708	0.0612234	0.0757871	0.054669	0.072363	0.0380817	-0.00965167	0.13161	0.0880232	0.0735899	0.054669	0.0772122	0.0307729	0.049912	0.0766465	0.054669	0.0380817	0.0889805	0.0434541	0.0862412	0.115137	0.0307729	0.0772122	0.04774	-0.0101313	0.052635	0.0229924	0.0345139	0.0434541	0.0612234	0.0502845	0.0809301	0.0812071	0.00769311	0.0773014	0.0557626	0.0271939	0.0772122	0.0546475	0.0321359	0.0557626	0.077954	0.0632651	0.0339039	0.0427022	0.065286	0.0238828	0.042484	0.0265453	0.0773014	0.0238828	0.0662756	0.0290348	0.0447022	0.04774	0.0600473	0.0743705	0.0587219	0.0390909	0.0238828	0.0477071	0.119705	0.0660991	0.042484	0.0559864	0.0914607	0.0281158	0.104512	0.0190354	0.0874876	0.0332198	0.105788	0.0252477	0.114406	0.0743199	0.13073	0.099304	0.075206	0.101006	0.0190354	0.0229924	0.0558024	0.0809301	0.0394488	0.0600473	0.0353654	0.0587219	0.0416565	0.0418058	0.122645	0.0772122	0.129225	0.0572831	0.0358662	0.0575754	0.0568062	0.0572831	0.0499566	0.0434541	0.033147	0.0307729	0.054669	0.0427022	0.0507809	0.0772122	0.0543751	0.086953	0.0697625	0.0537767	0.0717419	0.0561513	0.0190354	0.054669	0.131981	0.0952831	0.0637245	0.0481819	0.0321359	0.117783	0.0722392	0.120703	0.101006	0.089675	0.033147	0.0822258	0.0743705	-0.0251254	0.00256449	0.0766465	0.0575754	0.11732	0.0378467	0.092742	0.0558024	0.0473765	0.0572831	0.0986678	0.10968	0.0925999	0.0773014	0.0735899	0.0477071	0.0481819	0.0290348	0.0581708	-0.0111508	0.0572233	0.0502845	0.0537767	0.0238828	0.0711444	0.0811989	0.0558024	0.0168616	0.0792677	0.0425924	0.077282	0.0434541	0.0235597	0.117783	0.0472409	0.046795	0.011628	0.0418058	0.0740254	0.0481819	0.00256449	0.0711444	0.0999552	0.0716525	0.0905769	0.129225	0.105242	0.0387456	0.0889805	0.0193748	0.0509654	0.111328	0.0477071	0.0290348	0.0913437	0.111495	0.0826955	0.0846795	0.0623542	0.0766465	0.033147	0.0746635	0.0663934	0.0772547	0.0378467	0.0674766	0.0650352	0.0502845	0.0227977	0.0809301	0.0889805	0.0265453	0.0632193	0.0579426	0.0772122	0.0352948	0.0674766	0.0307682
5000	intercept	0.881692	0.81165	0.826325	0.815692	0.86603	0.869614	0.802972	0.820055	0.804467	0.80016	0.846307	0.817256	0.825199	0.814472	0.859119	0.827855	0.818198	0.804017	0.832416	0.843796	0.826636	0.839542	0.83637	0.846307	0.840648	0.810011	0.888746	0.846307	0.86603	0.81674	0.844485	0.795321	0.787009	0.817078	0.835228	0.86266	0.853539	0.811697	0.799796	0.798106	0.871608	0.797924	0.855348	0.803927	0.802171	0.804215	0.806965	0.836602	0.822186	0.800574	0.82856	0.792042	0.832812	0.843796	0.826662	0.807081	0.789156	0.801705	0.833075	0.801705	0.843796	0.881692	0.838135	0.803563	0.807984	0.821901	0.821869	0.82313	0.801705	0.835432	0.829605	0.800314	0.845062	0.849287	0.870645	0.849911	0.825649	0.849636	0.822682	0.804215	0.822088	0.812797	0.846307	0.817078	0.822101	0.808861	0.857362	0.845378	0.818198	0.847728	0.841544	0.804678	0.857362	0.839542	0.847728	0.826528	0.853895	0.805481	0.864113	0.846307	0.804215	0.814216	0.804215	0.800863	0.793684	0.803682	0.811697	0.821898	0.852187	0.843652	0.847859	0.827513	0.869836	0.801856	0.881692	0.800574	0.819806	0.807984	0.828211	0.839542	0.859119	0.807984	0.804215	0.849287	0.846642	0.817078	0.804215	0.814269	0.8049	0.797412	0.824442	0.84234	0.811106	0.75553	0.836037	0.846642	0.834674	0.81489	0.780486	0.81165	0.803927	0.817078	0.802171	0.829126	0.815758	0.815191	0.814663	0.843509	0.780486	0.811697	0.797928	0.75553	0.80664	0.789156	0.817078	0.832812	0.804153	0.83257	0.867938	0.802248	0.807081	0.798506	0.853539	0.860993	0.81165	0.817078	0.790513	0.818051	0.818697	0.846307	0.844472	0.855348	0.793684	0.855348	0.846879	0.819344	0.838633	0.821898	0.806793	0.86603	0.843509	0.818312	0.836856	0.859119	0.83435	0.81674	0.817078	0.861126	0.803927	0.884213	0.821878	0.836946	0.813662	0.828378	0.832812	0.811814	0.798954	0.826925	0.814269	0.8049	0.813163	0.8049	0.807081	0.811952	0.812056	0.804974	0.787009	0.79979	0.807984	0.826325	0.832942	0.8049	0.8049	0.804017	0.80016	0.81489	0.799652	0.807984	0.804215	0.820285	0.808861	0.842688	0.843626	0.828193	0.822682	0.83056	0.811814	0.807226	0.828686	0.821898	0.815797	0.805263	0.836388	0.804215	0.823355	0.83716	0.805263	0.8049	0.817078	0.808695	0.815999	0.83056	0.871037	0.821018	0.86603	0.815797	0.878399	0.817078	0.888746	0.877357	0.837138	0.879177	0.828813	0.796658	0.82416	0.871037	0.838633	0.814439	0.810246	0.819806	0.847728	0.799796	0.836946	0.790725	0.795354	0.800574	0.80481	0.824442	0.881692	0.814439	0.785809	0.811697	0.821372	0.8049	0.821372	0.795354	0.844028	0.831761	0.800593	0.81674	0.879177	0.843509	0.796658	0.826483	0.846642	0.806793	0.804215	0.795496	0.840616	0.86603	0.877787	0.843843	0.840616	0.834559	0.80016	0.847167	0.807984	0.8049	0.815999	0.86266	0.804215	0.815797	0.81489	0.833278	0.830304	0.82179	0.802248	0.802972	0.799766	0.824442	0.817078	0.831907	0.843509	0.836946	0.785056	0.792042	0.774087	0.80664	0.855348	0.847167	0.802171	0.823508	0.81201	0.780993	0.837537	0.890843	0.75553	0.840648	0.799796	0.839542	0.839542	0.840616	0.804017	0.800591	0.848825	0.815797	0.812018	0.839936	0.843509	0.871643	0.798954	0.808861	0.827513	0.803682	0.830304	0.871037	0.814669	0.775855	0.83637	0.857362	0.792042	0.864301	0.81489	0.80016	0.807984	0.776737	0.793684	0.86266	0.864113	0.846642	0.82658	0.843509	0.780993	0.823331	0.780486	0.802171	0.804215	0.795496	0.822341	0.836241	0.804017	0.821898	0.826528	0.814439	0.838558	0.896761	0.795812	0.825585	0.800863	0.797746	0.850096	0.837537	0.839663	0.801705	0.827855	0.832812	0.840648	0.817078	0.82033	0.803682	0.857362	0.807226	0.798576	0.86603	0.814269	0.853539	0.804215	0.801182	0.817078	0.857362
6000	slope	0.0635749	0.0677489	0.0701889	0.124969	0.00525799	0.0701744	0.0702012	-0.000538966	0.032555	-0.000533301	0.0485251	0.0613949	0.0536863	0.00525799	0.0643032	0.0338223	0.046014	0.0595597	0.0418067	0.109357	0.0789582	0.0877206	-0.0124666	0.0223195	0.0563902	0.0201185	0.0496304	0.0364199	0.033622	0.0388806	0.0796434	0.0337256	0.0796434	0.0472003	0.0510609	0.0288539	0.0582246	0.0489593	0.0689921	-0.00209286	0.0479221	0.0528728	0.0493354	0.0366961	0.101823	0.129026	0.0882386	0.0588846	0.0111316	0.0609459	0.0432653	0.0637946	0.0547337	0.0797336	0.0525176	0.0238273	0.0765083	0.0313004	0.0541748	0.0489711	0.00210422	0.0236575	0.0634171	0.062295	0.0664297	0.0707048	0.0523399	0.0598175	0.00660748	0.00742249	0.101818	0.062295	0.0689921	0.00821681	0.0446807	0.0355952	0.10332	0.0499785	0.0629688	0.026521	0.0609459	0.0982164	0.053774	0.0392594	0.0992218	0.0535024	0.0449101	0.0786118	0.0590278	0.0547337	0.00525799	0.115106	0.0842971	0.109357	0.0539564	0.0337344	0.0633098	0.00525799	0.033622	0.0701889	0.0594085	0.063825	0.0549038	0.0501391	0.0477071	0.0494146	0.0704716	0.0786118	0.054974	0.0385878	0.0388806	0.0272737	0.0689921	0.051335	0.0549038	0.0809901	0.0361142	0.0244476	0.00660748	0.0609459	0.0536493	0.0474725	0.0546427	0.0701889	0.00660748	0.0588332	0.0320505	0.0512199	0.0623666	0.0683994	0.0781576	0.062295	0.10332	0.0489106	0.046375	0.0309154	0.0485251	0.0540658	0.00443096	0.0532201	0.10332	0.0165904	0.0540658	0.0652941	0.0721864	0.062295	0.00525799	0.0446807	0.0373426	0.0528728	0.0462274	0.0449101	0.0613949	0.0653913	0.0408571	0.108994	-0.000538966	0.105157	0.0833333	0.0540658	0.0702012	0.0732961	0.032555	0.0368273	0.0285598	0.00525799	0.0412686	0.0496304	0.0401214	0.0283267	0.0536863	0.0577948	0.0500228	0.0331872	0.0385878	0.0392594	0.0223195	0.0385878	0.0446807	0.00525799	0.0313004	0.0707048	0.0330825	0.0707048	0.0587985	0.0283267	0.0625586	0.0931956	0.0462274	0.0221509	0.126624	0.0835327	0.00499961	0.10332	0.0538664	0.0707048	0.0285598	0.0546427	0.0546427	0.103787	0.0842971	0.0893752	0.0982164	0.0292084	0.062295	0.0572766	0.0595597	0.0677489	0.0595597	0.109357	0.0595597	0.0579483	0.0660812	0.0609459	0.0564466	0.0248526	0.0538464	0.0657253	0.0238273	0.0928297	0.0236575	0.105157	0.0580509	0.0361973	0.0423554	0.0667006	0.063788	0.0907206	0.0649802	0.053774	0.00525799	0.142905	0.0900551	0.0620744	0.0538464	0.0418067	0.0523399	0.0479221	0.0504915	0.0424313	0.0636212	0.0673575	0.0223195	0.0223195	0.132462	0.0507014	0.0619336	0.0681602	0.0528728	0.0635749	0.109357	0.017224	0.0547337	0.0399832	0.0556105	0.0236575	0.00525799	0.0556591	0.0833333	0.0223195	0.0477071	0.0546427	0.0842971	0.0142974	0.0388806	0.0399832	0.107731	0.0388806	0.0398853	0.016956	0.142905	0.113682	0.0388806	0.0516973	0.0546534	0.0579483	0.00525799	0.029756	0.0248526	0.0595597	-0.000538966	0.109357	0.0667006	0.0625586	0.0833333	0.046014	0.0519744	0.032212	0.0639083	0.0796434	0.0324509	0.0536493	0.0357879	0.0383605	0.0842971	0.0285598	0.0546427	0.0547337	0.0478004	0.00525799	0.062295	0.0313004	0.0401703	0.0484979	0.0120738	0.109357	0.0487394	0.0285598	0.0383605	0.064554	0.0373426	0.0315335	0.0512612	0.0641256	0.0663906	0.0547337	0.033622	0.0368332	0.0886937	0.0529902	0.0487394	0.0717126	0.0242819	0.0649918	0.0368859	0.0257523	0.0731917	0.0539564	0.0982164	0.0781099	0.0509734	0.0759377	0.04294	0.0842971	0.036465	0.0221509	0.0907206	0.0978916	0.0777681	0.0704094	0.105157	0.0337318	0.0759377	0.124969	0.062295	0.0348698	0.05242	0.0500228	0.109357	0.00660748	0.0388806	0.0452562	0.0759377	0.0530809	0.0842971	0.0677489	0.016956	0.112863	0.0538942	0.109357	0.0529902	0.0664297	0.0949534	0.0536493	0.0519744	0.0536493	0.064554	0.0480748	0.0523429	0.042497	0.0385878	0.0786118	0.0707048	0.0120738	0.108994	0.0798008	0.0131812	0.0529902	0.0667006	0.0533365	0.123815	0.0536493	0.0842971	0.0704716	0.0842971	0.0528728	0.0383605	0.00525799	0.10332	0.0142974	0.00525799	0.00067209	0.100544	0.0367314	0.0729253	0.0491075	0.064554	0.0228294	0.0754852	0.0199142
6000	intercept	0.819766	0.823831	0.801493	0.832969	0.852077	0.817754	0.790863	0.873188	0.880481	0.831469	0.832441	0.785419	0.843032	0.865556	0.836695	0.775631	0.828553	0.83438	0.879831	0.796836	0.838279	0.797014	0.832926	0.827969	0.836489	0.829344	0.810289	0.850259	0.811163	0.836364	0.817689	0.822079	0.829515	0.844433	0.862909	0.869641	0.872247	0.824518	0.842442	0.841839	0.781949	0.853227	0.854586	0.850155	0.80219	0.794297	0.820891	0.86094	0.827969	0.862267	0.856282	0.816011	0.804338	0.862209	0.839248	0.878157	0.809661	0.862059	0.804044	0.832613	0.820073	0.827969	0.839085	0.823513	0.818483	0.81977	0.847946	0.853711	0.86957	0.847452	0.81685	0.82993	0.842442	0.827034	0.830815	0.817468	0.827577	0.830952	0.825255	0.809169	0.836695	0.865838	0.836054	0.862755	0.809365	0.831731	0.812073	0.828442	0.810301	0.804338	0.844931	0.814427	0.794612	0.796836	0.814852	0.814674	0.845173	0.844931	0.811163	0.801493	0.851651	0.828585	0.86094	0.848281	0.861695	0.857041	0.809661	0.828442	0.853779	0.83165	0.844192	0.867837	0.842442	0.821786	0.86094	0.837418	0.791896	0.791896	0.86957	0.836695	0.828262	0.825402	0.842442	0.829897	0.873901	0.870914	0.856921	0.825516	0.790863	0.810841	0.829265	0.82993	0.827577	0.8075	0.825516	0.853056	0.832441	0.785419	0.828017	0.841198	0.827577	0.85866	0.785419	0.828376	0.855616	0.829088	0.857025	0.816365	0.861019	0.847377	0.835572	0.812073	0.785419	0.835605	0.821667	0.815296	0.890899	0.815296	0.806741	0.785419	0.790863	0.805932	0.880481	0.8075	0.8075	0.857025	0.86396	0.810289	0.846985	0.824456	0.843032	0.78907	0.8075	0.844473	0.83165	0.868805	0.827969	0.83165	0.814664	0.858623	0.867242	0.81977	0.818521	0.81977	0.818483	0.824456	0.843478	0.843564	0.848281	0.82197	0.834735	0.826265	0.828307	0.827577	0.792828	0.830327	0.81271	0.842442	0.842442	0.827975	0.816291	0.789307	0.86607	0.871085	0.823513	0.818483	0.832472	0.823831	0.83438	0.796836	0.83438	0.817754	0.815694	0.832441	0.839356	0.849799	0.839631	0.872247	0.878157	0.8103	0.827969	0.815296	0.781949	0.845094	0.832418	0.816618	0.778216	0.856977	0.771019	0.83438	0.858623	0.818063	0.805317	0.814151	0.850919	0.870914	0.847946	0.781949	0.803882	0.824518	0.836948	0.807565	0.81395	0.827969	0.803689	0.826592	0.847881	0.832827	0.847377	0.82562	0.796836	0.856627	0.804338	0.831569	0.839631	0.827969	0.865556	0.822231	0.814933	0.827969	0.848046	0.842442	0.781541	0.844408	0.836364	0.818997	0.799285	0.844192	0.781949	0.840972	0.812199	0.796836	0.844192	0.818321	0.815396	0.817754	0.857025	0.827969	0.849799	0.832472	0.886018	0.796836	0.818321	0.837576	0.806741	0.816954	0.836968	0.776609	0.819667	0.817689	0.772699	0.835058	0.791896	0.837673	0.781541	0.8075	0.842442	0.804338	0.77727	0.858623	0.826001	0.870473	0.788358	0.831648	0.853637	0.796836	0.834354	0.8075	0.831937	0.832045	0.861508	0.856921	0.842442	0.78632	0.822497	0.801443	0.811163	0.813958	0.816291	0.819775	0.834354	0.815379	0.811163	0.813815	0.803082	0.869641	0.817098	0.814852	0.865838	0.843564	0.825516	0.81775	0.818483	0.807565	0.864357	0.827969	0.856977	0.817034	0.809365	0.788153	0.815296	0.793165	0.81775	0.834735	0.809098	0.859639	0.83438	0.8075	0.796836	0.86957	0.844192	0.844408	0.827328	0.823831	0.805858	0.823831	0.840972	0.796836	0.828553	0.796836	0.819775	0.818483	0.794434	0.82415	0.836968	0.82081	0.832045	0.80265	0.844433	0.844473	0.83165	0.828442	0.81977	0.837748	0.815296	0.814503	0.837979	0.819775	0.818321	0.831197	0.803246	0.82415	0.805858	0.809661	0.781541	0.847377	0.831937	0.857025	0.827577	0.844408	0.865556	0.850418	0.787999	0.762096	0.8373	0.828442	0.832045	0.823391	0.817754	0.827969
7000	slope	0.0408676	0.0749453	0.0195007	0.123444	0.0345719	0.0485427	0.0995065	0.062403	0.0193352	0.0201734	0.0668303	-0.0066854	0.0167441	0.060465	0.0802498	0.0506567	0.0616728	0.0188547	0.0245702	0.0649123	0.0215089	0.0414518	0.0486863	0.000480543	0.088419	0.0621319	0.0731275	0.0165701	0.00666124	0.0180228	0.0208323	0.0232361	0.0459616	0.0147717	0.0167441	0.0565174	0.0549998	0.002397	0.0433463	0.0430963	0.0515779	0.104694	0.0392879	-0.0182791	0.0223718	0.0564989	0.0511013	-0.0108399	8.53091e-05	0.0724473	0.0766971	0.0167441	0.0487618	0.057836	0.0246358	0.0539161	0.0239135	0.0167441	0.0245702	0.0177496	0.0180228	0.0149511	0.0201734	0.0656355	0.035872	0.0366514	0.0436707	0.0167441	0.0590827	0.0198389	0.057836	0.0920038	0.0595632	-0.0218468	0.0538429	0.0885831	0.0434231	0.07712	0.0621319	0.0766971	0.0143388	0.002397	0.0304619	0.0413067	0.1011	0.0334016	0.0284376	0.018866	0.0605406	0.0671998	0.0677525	0.0621319	0.0395013	0.00909494	0.0300568	0.0653045	0.0241247	0.0542465	0.0766971	0.0691897	0.0105613	0.0167441	0.062403	0.0232361	0.0766971	0.0105613	0.0105613	0.0740764	0.0920987	0.0109255	0.0216104	0.0421192	0.0487618	0.0190661	0.0609127	-0.0036947	0.0246631	0.0792464	0.0689922	0.0194818	0.0530474	0.018122	0.156601	0.0219076	0.00598278	0.028959	0.0342114	0.0190661	0.0565174	0.0689521	0.0317302	0.044416	0.0167441	0.0530474	0.0216104	0.0530474	0.0486863	0.0472909	0.0678206	0.0692747	0.0766971	0.0196381	0.0678206	0.0596502	0.0201734	0.0564989	0.0317302	0.0190661	0.0597922	0.0530474	0.0766971	0.0421192	0.0549998	0.0304619	0.0403235	0.0828302	0.0463393	0.057836	0.0373981	0.0423958	0.0219076	0.0515779	0.0668303	0.018122	0.0607479	0.0629013	0.0487618	0.0541823	0.0558128	0.0633102	0.1011	0.0167441	0.0675087	0.00688695	0.0545226	0.0803339	0.0300568	0.0178576	0.0167441	0.0364599	0.0803641	0.0435917	0.0549998	0.0314951	0.0358837	0.0219076	0.060981	0.0272061	0.0609127	0.0653625	0.0656355	0.0803339	0.0190661	0.0245702	0.0649123	0.0246631	0.0564847	0.0712354	0.0403235	0.0435332	0.0403235	0.0446833	0.0530474	0.0780567	0.0584955	0.0656355	0.0565174	0.0501415	0.0668303	0.0316204	0.0668303	-0.0110064	0.0864329	0.0104862	0.0804113	0.0792088	0.0323415	0.0167441	0.0194818	0.000645221	0.0412832	0.0215089	-0.0181501	0.0611436	0.0167441	0.0230291	0.0675087	0.0678206	0.147162	0.0753548	0.0434231	0.0323415	0.0151869	0.0518185	0.0416434	0.0596787	-0.0066854	0.0304619	0.0803641	0.0939774	0.0183367	0.0216104	0.0194818	0.0272061	0.0446833	0.0269402	0.0675087	0.0702457	0.088419	0.0421192	0.0530474	0.0434231	0.0167441	0.0219076	0.0109255	0.0237901	0.116621	0.0084604	0.0188547	0.0564989	0.0167441	0.0644452	0.0283365	0.0232361	0.0275657	0.0154092	0.0753548	0.0650539	0.0530474	0.0622986	0.0194818	-0.0218468	0.0180962	0.0442716	0.0477715	0.0564873	0.0320665	0.0635426	0.0413067	0.0208323	0.0743843	0.0302867	0.060981	0.0803641	0.0864856	0.062403	0.0516551	0.060465	0.0161031	0.0692747	0.015766	0.0280477	0.0799988	0.151609	0.0307011	-0.0105346	0.0486863	0.0190661	0.00870393	0.021874	0.12347	-0.00414006	0.0215089	0.0649123	0.15893	0.0161031	0.0249694	0.0792088	0.0139772	0.0232361	0.0208323	0.0366514	0.0104862	0.0571297	0.0515779	0.0177286	-0.0221432	0.0219076	0.0530474	-0.0102178	0.0656355	0.0314259	0.0666024	0.0109255	0.0486863	0.0413067	0.0446833	0.0477715	0.048052	0.0920038	0.0852563	0.0780567	0.044416	0.0675087	0.0105613	0.0683221	0.0379046	0.0564873	0.00994289	0.0653045	0.12511	0.0304619	0.0109255	0.0440414	0.132775	0.0468643	0.0803641	0.0336065	0.0446647	0.0668303	0.162847	0.0515779	0.0046858	0.021874	0.0830676	0.0146851	0.0530474	0.0549998	0.056443	0.15893	0.0161031	0.0530474	0.0420103	0.0455025	0.0516551	-0.00745098	0.0194818	0.0446833	0.021334	0.0109255	0.0579748	0.0105613	0.0803641	0.0239135	0.0485427	0.0130404	0.0519352	0.0516551	0.0689521	0.0549782	0.0678206	0.0167441	0.021874	0.0510456	0.0232361	0.062403	0.0885486	-0.0111641	0.0109255	0.0622986	0.13774	0.00994289	0.0272061	0.0239135	0.02814	0.0506263	0.0190661	0.0515779	-0.0108399	0.0161408
7000	intercept	0.893227	0.841208	0.825173	0.810497	0.839238	0.816757	0.792799	0.825604	0.826842	0.829859	0.839983	0.830735	0.872115	0.851957	0.809586	0.8424	0.794484	0.857646	0.865618	0.82223	0.861763	0.839542	0.835794	0.823337	0.806135	0.825553	0.820449	0.851705	0.83965	0.834718	0.865277	0.802534	0.829038	0.838273	0.864182	0.869202	0.819834	0.823337	0.824419	0.854182	0.850884	0.806135	0.842518	0.88189	0.847739	0.819219	0.808683	0.847098	0.84655	0.79648	0.820549	0.866109	0.865492	0.834763	0.833049	0.833629	0.829859	0.864182	0.865618	0.855658	0.834718	0.844257	0.83218	0.836645	0.84417	0.837093	0.830493	0.872115	0.840176	0.834718	0.834763	0.840301	0.819453	0.837097	0.861233	0.798585	0.829351	0.828756	0.798953	0.820549	0.841057	0.823337	0.815021	0.841759	0.809586	0.832455	0.796349	0.859635	0.81708	0.839902	0.819219	0.83198	0.841869	0.861763	0.831831	0.825744	0.857665	0.82948	0.81219	0.799875	0.813162	0.864182	0.824989	0.809632	0.820549	0.81502	0.81502	0.839983	0.828756	0.850506	0.845499	0.819219	0.843492	0.842825	0.816757	0.847098	0.879585	0.816733	0.818514	0.814376	0.819219	0.825867	0.804057	0.864118	0.877823	0.864755	0.846934	0.839238	0.869202	0.852147	0.84674	0.831542	0.887669	0.824123	0.845499	0.819219	0.839542	0.817142	0.83833	0.82522	0.820549	0.829886	0.83833	0.830779	0.832041	0.828781	0.84674	0.839238	0.82223	0.819219	0.839902	0.819219	0.819834	0.813883	0.845644	0.83039	0.839983	0.834763	0.850423	0.862032	0.864118	0.842093	0.839983	0.825867	0.835875	0.82223	0.866176	0.827321	0.81325	0.848816	0.809586	0.872115	0.81939	0.868861	0.827321	0.825705	0.829038	0.827644	0.866109	0.893227	0.779952	0.8278	0.82223	0.831866	0.802486	0.864118	0.82618	0.846934	0.816757	0.826525	0.841769	0.826639	0.839238	0.865618	0.82223	0.879585	0.819494	0.831153	0.845644	0.82714	0.845644	0.82618	0.819219	0.818713	0.832033	0.828756	0.875704	0.818713	0.839983	0.863899	0.839983	0.834641	0.847516	0.835051	0.791821	0.809586	0.838756	0.865707	0.795815	0.827735	0.828143	0.861763	0.847098	0.824123	0.872115	0.837093	0.819616	0.83833	0.816606	0.829441	0.835127	0.838756	0.839238	0.822609	0.819738	0.83684	0.830735	0.817206	0.779952	0.838881	0.862329	0.845499	0.814376	0.846934	0.82618	0.845914	0.81939	0.828756	0.806135	0.819219	0.812614	0.831377	0.872115	0.864118	0.855963	0.865618	0.806135	0.830108	0.857646	0.819219	0.84591	0.8209	0.860054	0.809632	0.819998	0.832378	0.829441	0.832077	0.819219	0.861233	0.814376	0.838907	0.864182	0.819219	0.823273	0.834253	0.832049	0.833586	0.841759	0.865277	0.788721	0.845644	0.82618	0.779952	0.797236	0.851614	0.812649	0.842935	0.839238	0.82522	0.830108	0.845414	0.83336	0.816606	0.809437	0.874085	0.846439	0.839238	0.847133	0.864182	0.808407	0.828865	0.861763	0.82223	0.804057	0.834359	0.838991	0.801113	0.873151	0.802534	0.865277	0.837093	0.847133	0.840453	0.850884	0.830435	0.818313	0.864118	0.819219	0.825992	0.832304	0.864118	0.793979	0.855963	0.835794	0.841759	0.82618	0.823273	0.845644	0.840301	0.764084	0.818713	0.831542	0.81939	0.830787	0.813992	0.791984	0.834253	0.844512	0.825744	0.806135	0.813883	0.855963	0.822214	0.808407	0.893227	0.779952	0.819219	0.82302	0.839983	0.804057	0.850884	0.830108	0.864182	0.804172	0.848861	0.819219	0.82223	0.816757	0.804057	0.839238	0.795048	0.852196	0.836461	0.825438	0.855842	0.827912	0.82618	0.861763	0.855963	0.83072	0.81502	0.779952	0.829859	0.816757	0.864182	0.851686	0.825438	0.852147	0.819219	0.83833	0.866109	0.864182	0.829038	0.80534	0.83076	0.838881	0.847098	0.855963	0.861233	0.808407	0.868026	0.846934	0.829859	0.810976	0.8424	0.839238	0.853114	0.847098	0.834718
8000	slope	0.0285908	0.0474092	0.00623489	-0.0232794	0.0439775	0.0160536	0.0724904	0.0802579	-0.00365108	0.0676731	0.01462	0.0578732	0.120924	0.0829723	0.0110178	0.0183284	-0.0213165	-0.00186381	0.050841	0.0472831	0.0172467	-0.0265276	0.00180706	-0.0261507	-0.00365108	-0.0332645	0.0592749	0.033823	0.059268	0.0484462	-0.0133262	-0.00365108	0.046353	0.0844619	0.0541905	0.0465159	0.0416541	0.0183284	0.0714693	0.0703557	0.0409808	0.0484462	-0.0245913	0.0669123	0.0472831	0.00623489	0.029624	0.0516976	0.0294837	0.0578732	0.0360342	-0.00710479	-0.039015	-0.0173878	0.0647354	0.11946	0.0183284	0.0531958	0.0676731	0.0859595	-0.0147533	0.0801269	0.0318853	-0.00307386	-0.0401465	0.11946	0.0655636	0.0230649	0.0322499	0.0469754	0.0723	0.048476	0.046353	0.0474557	-0.0265276	-0.0232794	0.0694251	0.0263133	-0.0265276	0.0676731	0.0185312	0.059268	0.0854781	0.0678934	0.0499429	0.0458153	0.0148544	0.0183284	0.0412659	0.010354	-0.0289958	0.0207213	0.0920602	0.115343	0.0802579	0.11946	0.0425722	0.0536858	0.0510686	0.0346183	0.0121588	-0.0327584	-0.0261507	0.0614155	0.0110178	-0.0301974	-0.00756667	-0.0318468	-0.00919759	0.0552148	0.0472673	0.0552148	0.0191853	0.0727054	0.0461415	0.0802579	0.0343137	-0.0393672	0.0300739	-0.0173878	0.059268	0.0410339	0.011994	0.0595324	0.0459558	0.022167	0.0693041	0.00652431	0.0233038	0.0144604	0.0818632	0.00239116	0.0500586	0.0436925	0.0172467	0.0676731	0.075452	0.0157778	0.096812	0.0577137	0.0285908	0.101964	0.0541905	-0.00343986	0.0693892	0.0107516	0.11268	0.0323432	0.0578732	0.01472	0.0472831	-0.0379093	0.0552148	0.0575741	0.0694834	-0.0532767	0.0470187	0.0420809	0.0377391	-0.0254435	-0.00365108	-0.00365108	0.00471945	0.0802579	-0.00841851	-0.034755	0.0474092	0.0605027	0.0685311	0.0920602	0.00180706	0.0617254	0.0143436	0.104297	-0.000737988	0.0176033	0.0315415	0.0552148	0.0530846	0.0190749	0.0844619	0.0377391	0.00623489	0.0185312	-0.0188707	-0.012407	-0.0103918	-0.000737988	0.024615	0.0578732	0.0857099	0.0575222	0.0844619	0.0619217	0.0349189	0.040236	0.0866324	0.0744555	0.0647354	0.0410339	0.0578732	-0.00365108	0.0546196	0.0801269	0.0755564	0.0368706	-0.0401465	0.0771916	0.0593294	0.0295142	0.0410339	0.046353	0.00485728	0.0647354	-0.0289642	0.00830893	0.00230906	0.0578732	0.0183284	0.0726942	0.00343614	0.0967753	0.00771239	0.0328223	-0.0232794	0.0294837	0.0487692	0.00109252	0.0144604	0.0801269	-0.0232794	0.0185312	0.00438973	0.0465159	0.0655636	0.0412659	0.0484462	0.0315415	0.00483191	0.0274348	-0.0410783	0.0469754	-0.00710479	0.0867268	0.01472	-0.0289958	0.115343	0.0416541	0.0614155	0.0652896	0.0958728	0.0801269	-0.00742621	0.00788314	-0.0269628	0.0676731	0.0405197	-0.0336917	-0.0223627	0.0589155	-0.0209977	0.0801269	0.096812	0.048476	0.0726942	0.0160857	0.0676731	0.0552148	0.116749	0.0185312	0.0343137	0.0471949	-0.0188707	0.100655	0.0379694	0.0578732	-0.0658598	0.0552148	0.0941134	0.032368	0.0383781	-0.0261507	0.0578732	0.0664162	0.0726942	0.0377391	0.0315415	-0.0379093	0.0668455	0.0472673	0.0185312	0.0250137	0.0163131	0.0714693	0.0467701	0.096812	0.0215879	0.0703557	0.00239116	0.011981	-0.0254676	0.0726942	0.0676731	0.042783	0.0509675	0.0144168	0.056878	0.0614155	0.0311257	0.100028	0.0595324	0.0474092	-0.0289958	0.00109252	0.0285908	0.0343273	0.0676731	0.0181207	0.0556139	0.046353	0.0568328	0.00623489	0.0360342	0.0840448	0.00771239	0.0552148	0.0342255	0.104297	0.0412659	0.0377391	-0.0658598	0.0425722	-0.0232794	0.0619217	0.0107516	0.0467701	0.00818824	-0.000687489	0.0678934	0.0514358	0.107928	-0.0379093	-0.059405	0.0808295	0.075452	-0.00380585	0.0967494	0.0643973	0.0541905	0.0469754	0.0406266	0.0504629	0.0484462	0.0552148	0.11946	-0.00710479	0.0397454	0.101053	-0.00365108	0.0703557	0.0377391	0.0580396	0.00597292	0.0847429	0.0580396	0.013446	0.028056	0.0844619	0.0987257	-0.00365108	0.0719299	0.0599914	0.072436	0.0315415	0.0805634	0.0068217	0.0869784	0.00180706	0.0136098	-0.0173878	0.0605027	0.0605027	-0.049263	-0.0289958	-0.0318468	-0.00365108	0.0578732	0.0412659	0.0343137	0.0397602	-0.00365108	0.0316404	0.031723	0.0185312	0.0638151	-0.0379093	-0.0188707	0.0941134	0.0207785	0.0484462
8000	intercept	0.849541	0.832777	0.863668	0.871053	0.846264	0.884077	0.827577	0.797792	0.876318	0.822766	0.867407	0.841141	0.784875	0.837275	0.872882	0.855903	0.832852	0.854216	0.827714	0.816442	0.800276	0.813075	0.860573	0.834261	0.883577	0.832852	0.822766	0.82766	0.796962	0.822592	0.864911	0.863668	0.814115	0.801342	0.880599	0.882168	0.804851	0.871367	0.820185	0.827577	0.827304	0.796376	0.857429	0.823284	0.816442	0.863668	0.878151	0.8289	0.864903	0.841141	0.834592	0.82544	0.8395	0.879001	0.837819	0.809324	0.863725	0.809618	0.822876	0.836731	0.835247	0.820865	0.875446	0.852166	0.864932	0.803737	0.835076	0.844363	0.858266	0.822889	0.828599	0.858199	0.814115	0.820298	0.818202	0.87388	0.849072	0.809567	0.832852	0.822766	0.864903	0.813419	0.856129	0.752353	0.836821	0.849931	0.864903	0.855903	0.816904	0.860573	0.832852	0.864682	0.847662	0.820865	0.787902	0.809324	0.803932	0.815483	0.837318	0.8312	0.848068	0.85347	0.834261	0.822468	0.872882	0.853483	0.850901	0.870732	0.853483	0.831916	0.82323	0.831916	0.866057	0.82988	0.822489	0.797792	0.837593	0.853263	0.804649	0.879001	0.796962	0.820298	0.848555	0.834307	0.829236	0.815507	0.81862	0.851264	0.870964	0.865098	0.799131	0.82544	0.894011	0.860231	0.800276	0.810807	0.787638	0.848068	0.839983	0.878768	0.853663	0.819394	0.880599	0.848609	0.835076	0.889723	0.798258	0.826087	0.841141	0.87208	0.816442	0.817269	0.82323	0.832646	0.831916	0.875162	0.850329	0.834307	0.820298	0.850226	0.862488	0.863668	0.839564	0.787902	0.84046	0.844382	0.832777	0.892084	0.828976	0.847662	0.860573	0.82323	0.830876	0.83856	0.901951	0.822657	0.808679	0.82323	0.853128	0.833696	0.794331	0.820298	0.863668	0.864903	0.849437	0.84807	0.822979	0.901951	0.826087	0.855405	0.813918	0.831916	0.801342	0.804176	0.864903	0.844531	0.80151	0.82988	0.838254	0.820298	0.855405	0.8493	0.817361	0.819913	0.87302	0.815789	0.864932	0.811178	0.812148	0.864315	0.820298	0.814115	0.862916	0.837819	0.853263	0.896781	0.875619	0.817215	0.855903	0.813918	0.868834	0.750185	0.868507	0.832777	0.87388	0.856653	0.856792	0.864911	0.866057	0.820865	0.87388	0.864903	0.847442	0.858426	0.837107	0.828174	0.822592	0.808679	0.859286	0.873573	0.831183	0.821613	0.82544	0.839983	0.87208	0.832852	0.820865	0.804851	0.822208	0.845641	0.819836	0.819913	0.820469	0.860573	0.824341	0.828327	0.894011	0.828647	0.834261	0.784009	0.875162	0.814999	0.839983	0.858199	0.813918	0.826291	0.827088	0.82323	0.807479	0.864903	0.861854	0.816442	0.853483	0.820865	0.844384	0.838431	0.824341	0.844346	0.767647	0.814115	0.853559	0.834261	0.855405	0.820885	0.813918	0.820298	0.800221	0.824341	0.825089	0.82323	0.864903	0.850417	0.864682	0.811758	0.829453	0.839983	0.846752	0.827577	0.82544	0.853663	0.844382	0.823281	0.828327	0.836488	0.847443	0.844363	0.837819	0.822208	0.796376	0.795304	0.834307	0.843503	0.832852	0.864911	0.853663	0.836488	0.822766	0.826087	0.854144	0.814115	0.829708	0.863668	0.834592	0.847662	0.868507	0.8289	0.837966	0.839983	0.828174	0.820298	0.815496	0.803932	0.87388	0.804176	0.872882	0.829453	0.85347	0.820469	0.752353	0.817361	0.793717	0.824341	0.870732	0.831916	0.787638	0.847159	0.783367	0.844149	0.880599	0.823499	0.842047	0.832539	0.796376	0.842227	0.809324	0.82544	0.815789	0.815744	0.8493	0.827577	0.820298	0.854395	0.852166	0.809645	0.868175	0.892186	0.833308	0.799642	0.813918	0.868632	0.813918	0.831916	0.809917	0.80379	0.813918	0.887767	0.839983	0.860573	0.83781	0.900608	0.889463	0.889463	0.831669	0.832852	0.860047	0.864016	0.841141	0.828174	0.837593	0.851252	0.883577	0.864903	0.8337	0.866007	0.807006	0.824341	0.853483	0.767647	0.827021	0.797233
9000	slope	0.0162555	0.0348115	0.0461571	0.0540503	0.03413	0.06952	0.0608132	0.0518404	0.0124183	0.0423498	0.0423865	-0.0288429	0.0269187	0.0281631	-0.00656128	-0.00369776	-0.00369776	0.0102338	0.0248787	-0.00339296	0.0136583	0.028715	0.0804907	-0.0210373	0.053288	0.0272828	0.0237185	-0.0210373	-0.029977	0.0324334	0.0442518	0.00706846	0.0309893	0.0632644	0.0275567	0.00181407	0.0275567	0.0261581	0.017504	0.0507594	0.10249	0.0411908	0.042937	0.0540503	0.0067852	0.0457787	0.0235639	0.0047022	0.0253104	0.0476909	0.0528911	-0.00830251	-0.00656128	0.0212191	0.0321989	0.0084284	0.0270963	0.00818824	0.0155811	0.0783963	0.0289708	0.017504	0.0448494	0.028715	0.0333081	0.0185627	-1.27759e-05	0.0393478	0.0397766	0.00529374	0.0321989	0.0604616	0.0628526	0.0326679	0.0448494	0.0184331	0.028909	0.0222401	0.0476909	0.0411908	0.0084284	0.0423286	0.0176252	0.0574564	-0.0198851	0.023178	0.0275567	0.0368925	0.0267728	0.0176252	0.0512288	0.0717531	0.0528911	0.0368925	-0.00469339	0.0591238	0.0303166	0.0667851	0.0468455	0.0412206	0.0398228	0.0215038	0.0879626	-0.0210373	0.0226749	0.0307918	0.0471388	-0.00887894	0.0183569	0.0783963	0.00559808	0.0264115	0.0453419	0.0116286	0.0180536	0.0591459	0.00818824	0.0321989	0.0784789	0.0321989	0.0520894	0.00327079	0.0502541	0.0275567	0.028715	-0.00153018	0.017504	0.0955217	0.0184331	0.0289464	-0.000610963	0.0327239	-0.00153018	0.0681924	0.068071	0.046197	-0.0185733	0.0264266	0.0442505	0.0533284	0.0782722	-0.00830251	0.00448633	0.00327079	-0.0105239	0.0321989	0.0357591	0.0409243	0.0325695	0.0275567	0.0136583	-0.00122031	0.10249	0.0781302	-0.0624047	0.0452249	0.033204	0.0632644	0.00625813	0.0297804	0.0599747	0.0348115	-0.0240181	0.0599747	-0.0202616	-0.00469339	0.0717531	0.025739	-0.0350886	0.0388495	-0.0246008	-0.00545163	0.0309387	-0.0463068	0.0277249	0.02764	0.0422537	0.04352	0.0334522	0.109792	0.00838644	0.0398938	0.0902365	0.0368925	0.0404028	0.0329758	-0.0198851	0.0213146	0.0103684	0.0681924	0.0273321	0.0119456	0.0267728	0.0479147	0.0264266	0.06952	0.0360648	0.0453419	0.0297804	0.0453508	0.061255	0.0184331	0.0102338	0.0488231	0.0448132	0.00559808	0.0540503	-0.00659623	0.0538331	0.0185627	-1.27759e-05	0.0267728	0.0528911	-0.00431646	0.0411908	0.017504	0.0368925	0.0442904	0.0260851	0.0161813	0.00644793	0.0383109	0.0282622	0.0261581	0.0326679	0.00161663	0.0155098	0.0348115	0.0608132	0.00818824	0.0235083	0.0404028	0.0599747	0.0355862	-0.00656128	0.0599747	0.0067852	0.0348115	0.0196202	0.0411908	-0.0228893	0.0526798	0.00797102	0.0264266	0.00631835	0.0703857	0.00448633	0.0336654	0.0289708	0.0345612	0.0327239	-0.0210373	0.0711544	0.00481052	0.0183569	-0.0288429	0.0781302	0.0345612	0.0759486	0.00838644	0.069313	0.0317157	0.0274038	0.0560853	0.0267728	0.0342731	0.0321989	0.0184331	-0.0102857	0.0771924	0.0183569	0.0490525	-0.0228893	0.0102338	0.127701	0.00927756	0.00176549	0.00838644	0.0110005	0.0453419	0.02764	0.00379016	0.0411908	0.00181407	0.0502949	0.0321989	0.0411908	0.0875607	0.0321989	0.0267728	-0.0223021	0.068071	-0.0179157	0.069313	0.0105384	0.0433356	0.0412866	-0.0185733	0.0771924	0.0321989	0.0200311	0.0084284	0.0321989	0.0211444	0.0599747	0.0422537	-0.00941464	0.0084284	0.0722871	0.0702638	0.045493	0.0185627	0.0357591	-0.00369776	0.0336654	0.0753858	0.0289708	-0.00153018	0.0297517	0.00526579	-0.0223021	-0.00659623	0.0136583	0.00347983	0.0380369	0.0368925	0.0452249	0.109792	0.0681924	0.0453419	-0.0288429	0.0348115	0.0719069	0.06952	0.0380088	-0.0185733	0.10249	0.0411908	0.0407933	0.0608132	0.0632644	0.0067852	0.0720433	-0.0104541	0.0398647	0.0183569	0.0274038	-0.0173524	0.0395625	0.00319691	-1.27759e-05	0.0902365	0.0370046	0.0110005	0.00644793	0.0297517	0.00181407	-0.00469339	0.0251216	0.0260661	0.0368925	0.0681924	0.033204	-1.27759e-05	0.0750253	0.0955217	0.00814244	0.0411908	0.0330857	0.0955217	0.0781302	0.0563047	0.0395625	0.06952	0.0657971	0.0247574	-0.0288429	0.0310618	-0.0240181	0.0538331	0.0110005	0.0254975	0.017504	0.017504	0.0681924	0.0215038	0.10249	0.025825	-0.0198851	0.0505381	0.0122618	0.0782722	0.068071	0.0453419	0.0300309	0.0526798	0.0783963	0.0271382	0.0681924	0.0200311
9000	intercept	0.851776	0.828661	0.817467	0.812521	0.87326	0.818893	0.789746	0.828661	0.828079	0.835225	0.843588	0.866418	0.842282	0.846909	0.85204	0.886934	0.886934	0.87326	0.86393	0.865489	0.874902	0.848103	0.815823	0.849785	0.825522	0.861056	0.819865	0.849785	0.819071	0.821391	0.807422	0.850618	0.846064	0.824794	0.844291	0.895058	0.844291	0.862198	0.848414	0.817428	0.810547	0.822751	0.872893	0.825522	0.833129	0.834764	0.843329	0.829322	0.812695	0.841898	0.814383	0.872084	0.85204	0.837682	0.807563	0.83752	0.853567	0.841743	0.861658	0.815823	0.859672	0.829882	0.828661	0.848103	0.807563	0.812695	0.885914	0.849854	0.87544	0.841743	0.807563	0.841309	0.818893	0.840001	0.828661	0.871007	0.845697	0.862892	0.841898	0.800316	0.837084	0.828661	0.812695	0.827335	0.85233	0.8688	0.844291	0.817387	0.827055	0.812695	0.842602	0.818305	0.814383	0.793723	0.85414	0.809717	0.836886	0.808629	0.822751	0.831344	0.807259	0.865744	0.824807	0.849785	0.842241	0.829372	0.828661	0.859488	0.865744	0.815823	0.868922	0.83892	0.787104	0.85371	0.847131	0.853842	0.841743	0.807563	0.807281	0.807563	0.850748	0.873537	0.830086	0.832427	0.848103	0.86356	0.849722	0.824807	0.871007	0.839792	0.850382	0.872956	0.86356	0.797926	0.848885	0.861225	0.858354	0.841343	0.7787	0.809717	0.818893	0.872084	0.847588	0.880915	0.854114	0.807563	0.861286	0.814616	0.831344	0.844291	0.874902	0.849697	0.810547	0.815591	0.847534	0.871295	0.817387	0.824794	0.828079	0.863556	0.81358	0.829545	0.852073	0.81358	0.862865	0.85414	0.818305	0.816869	0.852197	0.845486	0.851516	0.885914	0.822442	0.832634	0.847649	0.838517	0.834623	0.839876	0.840441	0.815563	0.882616	0.834716	0.818893	0.793723	0.861227	0.880109	0.85233	0.864672	0.859399	0.803974	0.848414	0.817387	0.835335	0.838892	0.841343	0.818893	0.845252	0.787817	0.863556	0.83614	0.852242	0.874417	0.87326	0.846107	0.853567	0.868922	0.819037	0.885297	0.814383	0.821335	0.885914	0.837234	0.809517	0.877989	0.800316	0.861558	0.793723	0.817387	0.87326	0.864101	0.840091	0.821912	0.855038	0.862198	0.842866	0.880915	0.81905	0.829545	0.789746	0.847412	0.873653	0.853567	0.81358	0.837326	0.85204	0.81358	0.864274	0.816884	0.921793	0.822751	0.876894	0.83086	0.80698	0.841343	0.861251	0.816268	0.854114	0.859499	0.855571	0.845075	0.872956	0.849785	0.798298	0.880863	0.865744	0.866418	0.815591	0.845075	0.80348	0.882616	0.804512	0.820274	0.833042	0.809717	0.837734	0.839792	0.807563	0.875529	0.883746	0.850748	0.865744	0.806937	0.865292	0.87326	0.823953	0.830194	0.868341	0.882616	0.865744	0.770184	0.8434	0.891004	0.800316	0.886934	0.855914	0.807563	0.822751	0.845682	0.807563	0.841004	0.866418	0.848885	0.867372	0.808629	0.877467	0.873394	0.85532	0.858354	0.850748	0.807563	0.801058	0.83752	0.807563	0.880863	0.81358	0.834623	0.891004	0.83752	0.80837	0.809276	0.852471	0.812695	0.855038	0.886934	0.852527	0.824817	0.862092	0.86356	0.812695	0.850611	0.866418	0.885297	0.874902	0.853795	0.828711	0.808186	0.871295	0.820682	0.80348	0.786838	0.866418	0.833242	0.803914	0.818893	0.846373	0.858354	0.816161	0.822751	0.855135	0.789746	0.824794	0.833129	0.823185	0.883746	0.787104	0.865744	0.833042	0.885246	0.871295	0.865744	0.885914	0.818893	0.845252	0.865744	0.840091	0.812695	0.886934	0.849062	0.825522	0.787344	0.793723	0.797926	0.817387	0.885914	0.795729	0.824807	0.868341	0.800316	0.833107	0.824807	0.815591	0.807281	0.879848	0.818893	0.814143	0.812695	0.830935	0.857893	0.851516	0.814383	0.865744	0.854541	0.848414	0.852285	0.797926	0.865744	0.807089	0.811595	0.85233	0.841343	0.885821	0.818893	0.848885	0.786838	0.846909	0.825522	0.815823	0.844562	0.797926	0.80698
10000	slope	0.00470693	0.0100649	0.0387102	0.0358524	0.0158351	0.090484	0.0615906	0.00837288	0.0171609	0.0100649	0.0307397	0.0933586	-0.0141062	0.0562484	0.0402948	0.0173676	-0.0628238	0.0182891	-0.00131422	0.043677	-0.00737493	0.0113915	0.0847026	0.0089643	0.0766731	0.0773037	0.0250371	0.0286909	0.0507502	0.0807183	0.0740671	0.0304692	-0.00296052	-0.00172216	-0.00385162	0.00730082	-0.00522509	0.00796054	0.0389835	0.074459	0.0369232	0.0379763	0.0260642	-0.0244543	0.0457641	0.074459	-0.00158737	-0.011808	0.0794102	0.0358524	-0.0169583	0.0368719	0.105093	0.0719292	0.0770147	0.00676918	0.0533527	0.043677	0.015394	0.0217326	0.000203274	0.0276679	0.0178725	0.00999833	0.0317549	0.0770147	-0.0628238	0.00961944	0.0386135	0.0487755	0.037051	0.0691116	0.0272534	0.0016713	0.0583731	-0.0024788	0.0326398	-0.00370569	0.0224757	0.0212329	0.031571	0.053857	-0.00596113	0.0819422	0.0761962	0.0454408	0.0867356	0.126338	0.0102459	0.00861501	0.053857	0.00905769	0.0210661	0.0422755	0.0670474	0.0807183	0.0156006	0.0250323	0.00257087	0.0300345	0.00629051	0.0394258	0.0292296	0.0156489	-0.00158737	0.0451823	0.0217326	0.0716171	0.0102459	0.0773037	-0.0402826	0.00684746	-0.00370569	-0.0465155	0.0386145	0.00557136	0.0410754	-0.0244543	0.045658	0.033409	0.0538834	0.0089643	0.00692208	0.074459	0.035636	0.0410092	0.0277898	0.0538834	0.0158369	0.0202652	0.0241008	0.0927234	0.00905769	0.0614682	0.028149	0.0501022	0.00550474	-0.00338333	-0.00338333	-0.00857097	0.0803539	0.0260642	0.00629555	0.0172939	-0.00385162	0.0219549	0.0803539	0.00631293	0.0276679	-0.00370569	-0.00857097	0.00151709	0.0260642	0.0436501	0.0242603	0.0436501	0.0175625	0.0402948	0.00507064	0.032724	0.0413138	0.0803539	-0.00370569	0.0106785	0.074459	0.00837288	0.0124424	-0.0169583	0.00119891	0.041872	0.0472249	0.0212329	0.0977251	0.0501022	0.0936822	0.028175	0.0501022	0.0317549	-0.0384783	0.0413902	0.0404028	0.0200893	0.00919494	0.0887094	0.0803539	-0.00220626	0.038352	0.0605038	-0.0223501	0.00115474	-0.00596113	0.0621424	0.0757194	-0.0431424	0.0766731	-0.00596113	-0.00117292	0.0242603	0.0175465	-0.00385162	0.0419789	0.028149	0.0807183	0.0402948	0.0621424	0.0100649	0.0194734	0.0124424	-0.0431424	0.0514429	-0.0346181	-0.00370569	0.0276679	0.053857	0.0937428	0.0421096	0.0884898	-0.00158737	0.0183855	0.0478882	0.0605991	0.000203274	0.0358646	0.0628908	0.0538834	0.0487755	0.00905769	-0.0174981	0.036408	-0.00737493	0.0812224	0.0342394	0.0410754	0.0773037	-0.00338333	0.00793783	0.0158351	0.0933586	0.0819422	0.074459	0.000203274	0.0457257	0.00919494	0.053857	0.013961	0.0887094	0.0300345	0.00320308	-0.0190686	0.0714774	-0.00338333	0.0803469	0.0866439	0.0420546	0.0260642	0.0422755	0.0606096	0.0748807	-0.00158737	0.0175625	0.053857	0.0413902	-0.0110342	0.0422755	0.0242603	0.0320437	0.0451823	0.0923204	-0.0628238	-0.00370569	0.0622181	-0.00158737	0.0615906	0.0178725	-0.0133072	0.00115474	0.028899	-0.0384783	-0.00178685	0.028175	-0.0165199	0.0156091	-0.0681908	0.0679656	-0.00370569	0.0117538	0.0217326	-0.0126393	0.0473497	0.0770147	0.00125449	0.0802227	0.053857	-0.00225297	-0.000247645	0.0700936	0.0679633	-0.00596113	0.0154484	-0.00370569	0.00257087	0.00424332	0.00905769	0.0217326	0.0107326	0.00692208	0.00847116	0.0773037	0.0716171	0.0260642	0.0208611	0.0451475	0.0716171	0.00257087	0.0350548	0.0621424	0.0182891	0.036408	0.00837288	0.0182975	0.0562484	0.0304692	0.0107326	-0.0151339	0.00796054	0.0260642	0.0402948	0.0117538	0.0404028	0.0565449	-0.0130093	0.00324027	0.0636	0.0803539	0.0451823	-0.0752093	0.0887094	-0.027051	0.0890094	0.0807183	0.0279296	0.031571	-0.0133072	0.0210661	0.0422755	-0.00596113	-0.00296052	0.00685342	0.0513436	0.074459	0.0487755	0.0154484	0.0163821	0.00919494	0.0481341	0.0208611	0.00424332	0.0931672	-0.00538189	0.00424332	0.0605038	0.0250371	0.059351	-0.0354782	0.0803539	-0.0175291	0.00730082	0.0698904	-0.0441708	0.0179104	0.00320308	0.0615906	0.0165003	0.0583731	0.0538834	0.0393598	0.0770147	-0.000247645	0.0675503	0.0217326	0.0807183	0.0592961	0.117585	-0.011808	0.0565449	-0.0431424	0.0190125	0.0420546	0.0222524	-0.0252362	0.0358524	-0.0285846	-0.0165199	0.0173676	0.0243243	0.00905769	0.0124424	0.059351	0.0457641	0.0165003
10000	intercept	0.857031	0.827515	0.85962	0.847632	0.832078	0.821447	0.835306	0.862108	0.840195	0.827515	0.838518	0.809262	0.86651	0.817169	0.845395	0.876443	0.904173	0.857031	0.846994	0.826462	0.820405	0.850109	0.836936	0.827423	0.806909	0.824133	0.857031	0.863875	0.859813	0.823781	0.824905	0.795941	0.849553	0.856087	0.862137	0.882015	0.818494	0.846059	0.841933	0.820684	0.860848	0.833754	0.833754	0.800506	0.877586	0.820684	0.86651	0.880086	0.814925	0.847632	0.861665	0.803801	0.814383	0.833607	0.848586	0.838585	0.844007	0.826462	0.859204	0.82742	0.88217	0.859911	0.827228	0.829325	0.841933	0.848586	0.904173	0.835032	0.853678	0.792597	0.826462	0.825752	0.857031	0.854423	0.792205	0.803568	0.819963	0.883074	0.806114	0.832078	0.841493	0.80174	0.832762	0.786412	0.823247	0.811201	0.845565	0.797259	0.857031	0.863778	0.789383	0.851937	0.852402	0.879846	0.815437	0.823388	0.843675	0.81354	0.873972	0.805016	0.827327	0.846429	0.841331	0.829797	0.86651	0.851425	0.82742	0.810418	0.857031	0.824133	0.829354	0.836096	0.882586	0.876144	0.823357	0.855546	0.862884	0.800506	0.804865	0.874403	0.831812	0.854008	0.813222	0.820684	0.833397	0.803801	0.841493	0.831812	0.845484	0.857031	0.843621	0.845565	0.851937	0.835349	0.833671	0.817065	0.838719	0.857456	0.854418	0.847225	0.827544	0.833754	0.827045	0.857031	0.862137	0.801292	0.827544	0.86693	0.846244	0.883074	0.847225	0.854098	0.833754	0.805512	0.874403	0.805512	0.832078	0.845395	0.862544	0.822706	0.84005	0.827544	0.861899	0.82864	0.820684	0.837999	0.857031	0.861665	0.851937	0.834225	0.82458	0.832078	0.814383	0.808769	0.789977	0.824626	0.808769	0.841933	0.871663	0.851517	0.853678	0.840548	0.844836	0.82111	0.827544	0.866906	0.813915	0.86239	0.788673	0.838256	0.832762	0.809921	0.835862	0.876144	0.810633	0.842982	0.849486	0.863875	0.810054	0.862137	0.799263	0.827515	0.823781	0.845395	0.810325	0.827515	0.82742	0.857031	0.876144	0.854871	0.862294	0.846394	0.859911	0.789383	0.845565	0.828363	0.786412	0.867237	0.82742	0.835306	0.855945	0.875229	0.853678	0.851256	0.812047	0.804798	0.851937	0.865897	0.833754	0.820405	0.82859	0.821221	0.853529	0.825296	0.854418	0.835324	0.832078	0.809262	0.786412	0.820684	0.875229	0.81987	0.85395	0.80174	0.837259	0.82859	0.805016	0.875229	0.846994	0.834114	0.854418	0.809262	0.881797	0.826721	0.847044	0.862671	0.826721	0.835862	0.867237	0.832078	0.799511	0.841819	0.883208	0.879846	0.874403	0.816373	0.847104	0.814291	0.904173	0.846394	0.792975	0.866219	0.835306	0.827228	0.834484	0.838256	0.805016	0.871663	0.849486	0.824626	0.818363	0.852131	0.829003	0.804084	0.846394	0.850335	0.806114	0.858225	0.834369	0.848586	0.837303	0.846461	0.791693	0.863227	0.835324	0.824905	0.79568	0.842528	0.853269	0.846394	0.873972	0.838585	0.851937	0.82742	0.829353	0.821517	0.859078	0.832947	0.835619	0.859014	0.852131	0.790647	0.810418	0.873972	0.843214	0.810325	0.857031	0.833754	0.837999	0.847728	0.817169	0.795941	0.829353	0.828284	0.865878	0.847044	0.845395	0.850335	0.853678	0.811114	0.88217	0.846059	0.782731	0.827544	0.849499	0.904173	0.82859	0.828284	0.845565	0.823781	0.857122	0.841849	0.845326	0.852402	0.880444	0.842528	0.849553	0.809681	0.857691	0.820684	0.804798	0.853269	0.815493	0.85395	0.826462	0.852131	0.838585	0.821447	0.82864	0.838585	0.86239	0.857031	0.824905	0.883835	0.827544	0.85182	0.882015	0.835306	0.893358	0.842593	0.875229	0.835306	0.868881	0.792205	0.80578	0.813915	0.845642	0.835324	0.812867	0.82742	0.806608	0.843214	0.845565	0.88521	0.811114	0.873754	0.813768	0.829989	0.827515	0.829942	0.847632	0.848126	0.818363	0.876443	0.842333	0.851937	0.857031	0.824905	0.877586	0.863778
11000	slope	0.0486828	0.0656084	0.049543	0.0425158	-0.012192	0.0372239	0.0239277	0.0201433	0.0375479	0.0487205	0.0850582	0.0620817	0.0692436	0.0324892	0.0372239	0.0564127	0.0510565	0.10161	0.070294	0.0428344	0.070294	-0.0300605	0.00378856	0.0461817	0.0974828	0.0201433	0.0496186	0.0425066	0.0732782	0.0487649	0.0554245	0.0426192	0.00499806	0.0618386	0.0239277	0.0410044	0.0618386	0.0280495	0.0497081	0.114127	0.00378856	0.0457941	0.0417498	0.0169761	0.0486828	0.045644	0.0246209	0.0600688	0.0510565	0.0509141	-0.0300605	-0.0289367	0.0933899	0.0312389	0.0923855	0.0492735	-0.00299674	-0.00828757	0.0718029	0.00170638	0.072663	0.0486828	0.0325055	0.0169761	0.114127	0.0402242	0.0476009	0.03276	0.0123265	0.0792846	0.0695406	0.0648725	0.0144716	0.0934969	-0.00123469	0.0201433	0.0526382	0.0372239	0.0570866	0.0338038	0.0568455	0.0837853	0.00697709	0.0285762	0.0210678	0.0605681	0.0707645	0.00926058	0.0554929	0.0534209	-0.00167251	-0.0268426	0.054825	0.0256625	0.0562506	0.0725548	0.0540642	0.0486828	0.0140359	-0.0185623	0.0464397	0.100651	0.0929572	-0.00183049	0.0629411	0.0312565	0.0553931	0.070294	0.0393329	-0.0300605	0.053681	0.034796	0.0819908	0.0418682	-0.0300605	0.0818395	0.0285303	0.0304515	0.0608691	0.0693373	0.00697709	0.00152346	0.00378856	0.023531	0.0258876	0.0372239	0.110952	0.0267872	0.00170638	0.0548351	0.100651	0.0201433	0.0125742	0.0164889	0.0457478	0.0583834	0.0224195	0.0269286	0.0440902	0.0351187	0.0494064	0.054825	0.0145081	0.0566278	0.0403917	0.018299	0.022867	0.104317	0.0889031	0.0145081	0.0542272	0.0540642	-0.00612312	0.0441302	0.0403917	0.054825	0.0629411	-0.0451024	0.0540642	0.0449478	0.0246209	0.0180887	0.0281292	0.0265353	0.0549861	0.0353182	0.0258876	0.0817669	0.0629411	0.024221	0.0280495	0.0486828	0.054689	0.0480171	0.00656684	0.0784587	0.0721481	0.0540642	0.0693373	0.0648562	0.0412107	0.0554929	0.101907	0.0507518	0.0736856	0.0271792	0.0777108	0.0354195	0.0372239	0.070294	0.0553931	0.0392374	0.0288582	0.0296258	0.0642256	0.0768481	0.0615491	0.0349894	0.0719189	0.0502097	0.0494064	0.0584734	0.0300874	0.0239277	0.054825	0.0618386	0.0449478	0.0661249	0.0510565	0.0194932	0.0770379	0.0540642	0.0140667	0.0566278	0.0410078	0.0510565	0.0713331	-0.000392726	-0.036319	0.0109332	0.0486828	0.0974828	0.0109332	0.0553931	0.0591962	0.0792578	0.0509773	0.0732782	0.0449478	0.10007	0.0923073	0.0553931	0.104616	0.0372239	0.0374249	0.0419493	-0.0185623	0.0726536	0.0239277	0.070294	0.0655835	0.0503317	0.0507518	0.0292097	0.0554929	0.0934969	0.0485379	0.0553931	0.0487205	0.0925467	0.0476009	0.0665452	0.0304515	0.10007	0.00170638	0.018299	0.0584935	0.0682026	0.00170638	-0.0147191	-0.0253808	0.0665452	0.0372239	-0.00123469	0.0494064	0.0372239	-0.0704586	0.0441302	0.0486828	0.0524399	0.118823	0.0424151	0.024221	0.0619836	0.0312037	0.00170638	0.0246209	0.0408043	0.0660624	0.0239277	0.0661249	0.0479328	0.0777108	0.10161	0.0418682	0.0422628	-0.00677873	0.0482336	0.0304515	0.0351187	0.0524399	0.0828201	0.0610224	0.0548351	0.0524399	0.0461817	0.0452213	0.0201433	-0.0209032	0.0494064	0.0736856	0.0817669	-0.0447994	0.0113505	0.0686644	0.0140359	0.0911512	0.0644951	0.070294	-0.00612312	0.0424151	0.0189278	0.0097819	0.041144	0.11321	-0.00828757	0.058661	0.10007	-0.0132936	0.0223975	0.0737824	0.0374249	0.0476009	0.034796	0.0132629	-0.0230188	0.0239277	0.034796	0.054825	0.0425066	0.0486828	0.0606365	0.0388114	0.0157806	-0.0300605	0.054825	0.0540642	0.0321312	0.0402442	0.107782	0.0246209	0.0648725	0.0374249	0.0201433	-0.0300605	0.0258876	0.0157806	0.0109332	0.0372239	0.00697709	0.0751539	0.0418682	0.00170638	0.0476009	0.0519446	0.043616	0.00995037	-0.00123469	0.0109332	0.0566278	0.0494064	0.0487649	0.114127	0.0109332	0.0643082	-0.0185623	0.0503317	0.0164889	0.00378856	0.0388114	0.0636644	0.0425541	0.0616543	0.0476009	0.0828201	0.0719189	-0.0193938	0.0446492	0.0372239	0.026984	0.0369238	0.0736856	0.0619836	0.0817669	0.0484668	0.0940305	0.0460848	0.0530576	0.00622991	0.0660624	0.0496186	0.0548351	0.0374249	0.0271792	0.00697709	0.0550852	0.0402242	0.0725548	0.0482186	0.00071793
11000	intercept	0.816109	0.836888	0.805124	0.860172	0.819487	0.860172	0.81846	0.831506	0.827261	0.787561	0.827108	0.871339	0.78523	0.839342	0.860172	0.860116	0.833093	0.811231	0.844226	0.854282	0.833461	0.867912	0.859483	0.838997	0.810969	0.828525	0.86509	0.812441	0.817348	0.823269	0.821083	0.815286	0.840131	0.790235	0.839568	0.848415	0.790235	0.86509	0.818946	0.798156	0.855169	0.854193	0.819583	0.854795	0.803867	0.840773	0.81348	0.82684	0.832429	0.81061	0.868792	0.857242	0.804595	0.842836	0.874346	0.830708	0.849723	0.849723	0.830431	0.87983	0.815525	0.816109	0.854446	0.854795	0.792918	0.842112	0.794494	0.853594	0.890213	0.817348	0.848004	0.811788	0.805229	0.810969	0.871643	0.828525	0.803548	0.860172	0.829381	0.841076	0.817394	0.817348	0.832532	0.824085	0.831019	0.813038	0.844367	0.809066	0.821108	0.821914	0.882566	0.834539	0.817394	0.841938	0.814066	0.818973	0.807597	0.816109	0.80375	0.871643	0.836822	0.810969	0.780667	0.853343	0.818946	0.839408	0.832429	0.840426	0.835921	0.867912	0.859243	0.844871	0.781739	0.815798	0.867912	0.818531	0.844349	0.858976	0.842514	0.791828	0.832532	0.835945	0.859483	0.823243	0.894878	0.868688	0.817394	0.835265	0.87983	0.832207	0.810969	0.828525	0.853942	0.839013	0.817611	0.812958	0.860573	0.831317	0.838085	0.862345	0.816277	0.817394	0.831936	0.817394	0.826672	0.876286	0.840459	0.844226	0.824845	0.832748	0.824687	0.818946	0.803834	0.841369	0.817064	0.817394	0.818946	0.853151	0.804713	0.838159	0.819813	0.840449	0.841076	0.816486	0.829191	0.813689	0.854865	0.829377	0.812746	0.816191	0.86509	0.81147	0.818531	0.796008	0.870805	0.790235	0.834678	0.819637	0.803548	0.822345	0.814122	0.83233	0.812213	0.809602	0.803548	0.854277	0.821414	0.819715	0.860172	0.842514	0.832429	0.819583	0.822675	0.838563	0.816906	0.816759	0.854193	0.864919	0.820029	0.840954	0.816277	0.870664	0.839013	0.81846	0.817394	0.790235	0.841369	0.844367	0.832429	0.851319	0.843346	0.818946	0.855308	0.818823	0.759573	0.832429	0.820067	0.840449	0.867936	0.844004	0.829449	0.810969	0.857225	0.843956	0.828185	0.842514	0.851319	0.805501	0.836146	0.804353	0.810889	0.832429	0.844226	0.860172	0.863517	0.826954	0.871643	0.827242	0.843651	0.843346	0.844226	0.846353	0.809602	0.869588	0.83233	0.810969	0.827242	0.843956	0.793666	0.836827	0.794494	0.821034	0.858976	0.804353	0.87983	0.876286	0.835352	0.842514	0.881335	0.853634	0.819487	0.821034	0.868688	0.871643	0.846056	0.868688	0.867077	0.841369	0.816109	0.818531	0.818709	0.838184	0.827655	0.823229	0.837305	0.87983	0.819813	0.834042	0.821004	0.843651	0.844367	0.832207	0.821414	0.804374	0.800851	0.844694	0.873822	0.897175	0.858976	0.862345	0.818531	0.788401	0.816906	0.832207	0.818531	0.845486	0.817348	0.828525	0.881693	0.816277	0.803548	0.829377	0.853151	0.823488	0.813435	0.805151	0.84866	0.784908	0.844226	0.803834	0.838184	0.840459	0.872644	0.826601	0.817956	0.849723	0.818531	0.800807	0.853151	0.86814	0.79197	0.863517	0.794494	0.844871	0.897747	0.839971	0.839568	0.844871	0.817394	0.812441	0.829449	0.840554	0.830762	0.838072	0.867912	0.817394	0.811281	0.826672	0.828675	0.780667	0.819813	0.811788	0.863517	0.828525	0.868518	0.862788	0.849083	0.857203	0.860172	0.832532	0.829213	0.815798	0.87983	0.794494	0.86509	0.827304	0.876259	0.871643	0.857203	0.80405	0.816277	0.817134	0.792918	0.844004	0.83233	0.871643	0.843745	0.839013	0.859483	0.830762	0.825821	0.819583	0.818946	0.794494	0.788514	0.820029	0.854704	0.860172	0.860172	0.85288	0.851319	0.803548	0.823229	0.829377	0.862345	0.828283	0.860172	0.85351	0.857225	0.821004	0.86509	0.836825	0.863517	0.875754	0.840614	0.836888	0.824225	0.818973	0.823263	0.855032
12000	slope	0.0437737	0.0680921	-0.0024513	0.0769107	0.0744707	0.0480515	0.050672	0.0673057	0.0779021	0.0206334	0.0271932	0.0275217	0.0654644	0.0621755	0.0266028	0.0276136	0.0502067	0.0165515	0.0610061	-0.0212539	0.0769107	0.0912983	0.0760269	0.0779021	0.0076906	0.016144	0.0623333	0.0779021	0.0317601	0.103666	0.00517858	0.0251912	0.0598834	0.0728232	0.0876735	0.0729958	0.0579734	0.0442967	0.0594967	0.0769107	0.0729958	0.0698522	0.0638917	0.038804	0.00756714	0.0308886	0.0575695	0.0728232	0.0441302	-0.0278111	0.0301315	0.0704315	0.0198345	0.0574114	0.0559776	0.0411789	0.0312726	0.0889723	0.0301315	0.00678371	0.0198345	0.0593141	0.0912983	0.038804	0.038804	-0.0278111	0.0391211	0.0742618	0.0593141	0.060244	0.0445876	0.108716	0.00069714	0.052414	0.0579393	0.0322367	0.0757266	0.0412625	0.060244	0.0790892	0.0779021	0.038804	-0.0122699	0.0961483	0.0441181	0.0622934	0.0762995	0.0760269	0.0945973	0.0423295	0.0076906	-0.0574503	0.0683173	0.0449542	0.0502548	0.0374746	0.0440689	0.0198345	-0.0128649	0.0478832	0.0401513	0.0475693	-0.0328571	0.0696966	0.052414	0.103679	0.103903	0.0848379	-0.00145983	0.0703367	0.0443981	0.0257548	0.0671241	0.0680921	0.0645298	0.0469223	0.0271932	0.0439399	0.0896038	0.00874575	0.0594967	0.0680921	0.0198345	0.0780771	0.0441553	0.106641	0.0549375	0.0663857	0.0505919	0.0430508	0.0564203	0.00756714	0.0720319	0.0309045	0.0318747	0.0257548	0.0757266	0.038804	0.0383312	0.0777155	-0.00111325	0.0395389	0.0779092	0.0495615	0.0725325	0.0626705	0.0392372	0.0848379	0.105924	0.036725	0.0348446	0.0860476	0.0777308	0.0704315	0.0152323	0.0780771	0.0442967	0.0144026	0.0639044	0.0198345	0.0729689	0.0639684	0.0558201	0.0317601	0.0317601	0.0322367	0.0441378	0.0593141	0.0876735	0.0639684	0.13377	0.0790892	0.0426676	0.0913388	0.0586214	0.0866226	0.0251912	0.0876735	0.00756714	0.0476106	0.0512908	0.0731148	0.0790892	0.0729689	0.0400041	0.0503502	-0.0024513	0.056527	0.0867772	0.0720319	0.0876735	0.0696966	0.0442967	0.0630003	0.0593141	0.0812458	0.0314768	0.0188202	0.0852595	0.06766	0.0571378	0.0154749	0.00892013	0.0648935	-0.0510928	0.0076906	0.00703929	-0.0128649	0.0165515	0.0756001	0.0205581	0.00892013	0.038804	0.0441378	0.0635626	0.00892013	0.0301315	0.0720319	0.0680921	0.0760269	0.0208893	0.0896038	0.0671241	0.0699671	0.0557603	0.0581583	0.0696966	0.0611819	0.0671241	0.0441378	0.0603163	0.0759045	-0.0246766	0.05037	0.0196503	0.0728232	0.0587146	0.0182264	0.0547402	0.0847914	0.0859926	0.0198345	0.0579734	0.0415758	0.0876735	0.0198345	0.058262	0.00678371	0.0486327	0.0578103	-0.00145983	0.0307435	0.0696966	0.0196503	0.00885518	0.00874575	0.00308164	0.0852595	0.0076906	0.0559776	0.00756714	0.0208893	0.00703929	0.0392372	0.0790892	0.0396705	0.0755838	0.010608	0.0790892	0.0196503	0.0198345	0.0867772	0.0791525	0.0578103	0.0876078	0.0860979	0.0680921	0.0729958	0.0757266	-0.0128649	0.0593141	0.041975	0.0728232	0.0459088	0.0361558	0.0301315	0.0307435	0.113841	0.0860979	0.0696966	0.0323988	0.0559776	0.0698522	0.0845707	0.0304565	0.0756001	0.0317601	0.0819771	0.0445728	0.0912983	0.0671404	0.0593141	0.0374746	0.103666	0.0576159	0.0790892	0.0572294	0.0439039	0.0845707	0.0439039	0.0166193	0.0698522	0.0680921	0.050961	0.0645035	0.0751021	0.00892013	-0.0278111	0.0587146	0.0576159	0.0646149	0.0791525	0.0449024	0.0196503	0.0593141	0.0603163	0.0309045	0.0468585	0.0598834	0.0717521	0.0779021	0.0749506	0.0165515	0.0579393	0.0301315	-0.0128649	-0.0278111	0.00892013	0.0777155	0.0662601	0.0578103	0.0749506	0.0752805	0.0703241	0.0459088	0.0230237	0.0780771	0.0449024	0.0106319	0.0251912	0.0876735	0.00892013	0.101783	0.0696966	0.0779092	0.0544443	0.106641	0.0198345	0.0769107	0.0692322	0.0439399	0.038804	0.0696966	0.0278407	0.0620923	-0.0128649	0.0441378	0.0564073	0.0791525	0.0843934	0.0865492	-0.0328571	0.0760269	0.038619	0.0876735	0.0671404	0.0423295	-0.0386446	0.105004	0.0790892	0.0661308	0.0600659	0.0211618	0.0852595	0.0779092	0.0961483	0.0257548	0.0681327	0.00692544	0.00892013	0.0680921	-0.0128649	0.0572294	0.0845707	0.0549314	0.0266028	0.0680921	0.0549375	0.0634152	0.0696966
12000	intercept	0.850052	0.809916	0.825043	0.82855	0.837974	0.853477	0.832162	0.776874	0.805986	0.875875	0.863511	0.828098	0.806064	0.819603	0.846918	0.827764	0.832669	0.848916	0.841287	0.850974	0.82855	0.837701	0.809264	0.810615	0.825985	0.8382	0.797548	0.805986	0.875875	0.781515	0.811906	0.884665	0.801657	0.826813	0.809723	0.833117	0.802485	0.852357	0.815102	0.821296	0.833117	0.829518	0.830472	0.828098	0.831928	0.830815	0.850149	0.826813	0.819848	0.846805	0.835475	0.82855	0.84714	0.845025	0.852314	0.853754	0.844281	0.828659	0.837563	0.838072	0.83789	0.843353	0.837701	0.828098	0.83447	0.828508	0.847719	0.829518	0.843353	0.857289	0.87308	0.82994	0.832124	0.84673	0.805281	0.814941	0.809264	0.800438	0.857289	0.832648	0.810615	0.828098	0.83957	0.820948	0.812872	0.83137	0.785728	0.818646	0.801234	0.843353	0.83776	0.884994	0.816572	0.827323	0.847719	0.840542	0.847486	0.837563	0.840591	0.835586	0.853477	0.817395	0.831232	0.835191	0.84673	0.8079	0.814124	0.80919	0.849365	0.817357	0.843353	0.820079	0.824792	0.804554	0.86471	0.852385	0.877048	0.82848	0.826813	0.854136	0.815102	0.803045	0.85665	0.839794	0.850968	0.82994	0.812671	0.82855	0.821965	0.842701	0.82948	0.831928	0.820275	0.846785	0.840701	0.814012	0.809264	0.828098	0.834652	0.830216	0.807656	0.848246	0.822462	0.83138	0.83138	0.812626	0.828098	0.80919	0.810303	0.841481	0.828884	0.769571	0.819247	0.807072	0.859153	0.853975	0.852357	0.838172	0.824792	0.8507	0.840256	0.815846	0.812671	0.853644	0.853644	0.814941	0.842856	0.843353	0.809723	0.812546	0.80344	0.832648	0.883233	0.8079	0.803623	0.849242	0.884665	0.809723	0.831928	0.836135	0.846552	0.829939	0.832648	0.840153	0.821466	0.84818	0.823121	0.802485	0.796599	0.820275	0.809723	0.835191	0.852357	0.844246	0.843353	0.815295	0.846944	0.806464	0.847149	0.845057	0.842384	0.84714	0.849365	0.800438	0.893137	0.825985	0.819928	0.850974	0.848916	0.831448	0.794534	0.833239	0.828098	0.842856	0.7916	0.833239	0.833607	0.820275	0.823468	0.810615	0.832395	0.826813	0.819539	0.812423	0.797121	0.825388	0.835191	0.82665	0.816789	0.842856	0.836149	0.768776	0.840895	0.842885	0.799519	0.843568	0.831461	0.853644	0.804554	0.833096	0.838127	0.84714	0.825388	0.82665	0.805281	0.84714	0.804236	0.825864	0.821625	0.804101	0.849365	0.832395	0.835191	0.799519	0.834397	0.854136	0.823143	0.847149	0.83776	0.852314	0.831928	0.832395	0.819928	0.828098	0.832648	0.802526	0.831065	0.84678	0.829755	0.799519	0.84714	0.805759	0.768776	0.804101	0.808339	0.837701	0.823468	0.833117	0.809264	0.840591	0.843982	0.84818	0.826813	0.853084	0.846267	0.837563	0.832395	0.850534	0.837701	0.835191	0.842856	0.844636	0.83154	0.809779	0.810719	0.825784	0.875875	0.815846	0.808715	0.837701	0.82723	0.843353	0.840542	0.781515	0.846267	0.832648	0.810262	0.857356	0.817166	0.857356	0.875875	0.851747	0.804554	0.835982	0.842384	0.847149	0.849365	0.828508	0.829488	0.846267	0.82855	0.768776	0.815643	0.799519	0.842384	0.807077	0.857577	0.834406	0.812626	0.793489	0.810615	0.82719	0.848916	0.815102	0.837563	0.850974	0.826805	0.849365	0.830216	0.845999	0.804101	0.82719	0.836761	0.837295	0.853084	0.835412	0.817166	0.79343	0.890836	0.875875	0.809723	0.85042	0.831448	0.835191	0.822462	0.844636	0.82994	0.83789	0.821296	0.824809	0.82848	0.822181	0.835191	0.840658	0.797121	0.840591	0.842856	0.800438	0.768776	0.810759	0.75926	0.840895	0.823141	0.825524	0.805481	0.82723	0.843353	0.826805	0.814271	0.832648	0.835191	0.832551	0.815829	0.847149	0.822462	0.820948	0.814012	0.830222	0.849365	0.833239	0.809916	0.850974	0.803623	0.809779	0.87231	0.846918	0.804554	0.812671	0.84908	0.835191
13000	slope	0.0628615	-0.0221525	0.0637375	-0.0184835	0.00955595	-0.00537401	0.0671241	0.102636	0.10685	0.0539995	0.102636	-0.00350262	0.127191	0.058839	-0.0125185	0.0628615	-0.00350262	0.0727227	0.0144284	0.0608123	0.0639277	-0.0184835	0.0549104	0.100963	0.102636	-0.00350262	0.0181201	0.0545807	0.0709517	0.0701901	0.00677768	0.0441607	0.11852	0.0637375	0.0523443	0.0147883	0.0585957	0.0133843	0.0427213	0.0382489	0.0687449	0.090144	0.0701901	0.0822345	0.0947537	0.0637375	0.090144	0.0570646	0.0890782	0.069649	0.0540962	0.0310145	0.0687449	0.0720435	0.0382489	0.0707673	0.0133252	0.0373936	0.0671241	0.0727227	0.0719792	0.0637375	0.0427213	0.0796239	0.037963	0.0156526	0.0822967	0.0671241	0.0738421	0.090144	0.0793516	0.0639682	0.0958073	0.0539995	0.0712564	0.0659568	0.0765929	0.0822345	0.0569899	0.090144	0.0750047	0.0484158	0.0441378	0.0622275	0.0958073	0.0877237	0.121221	0.0765929	0.11852	0.0637375	0.0573026	0.0124959	-0.00350262	0.037963	0.0884104	0.0827891	0.0622772	0.0505378	0.0498298	0.0201412	0.0740103	0.0310145	0.0845938	0.0694825	0.0382489	-0.009664	0.0420075	0.0740103	0.00172319	0.0115562	0.0206764	0.0573026	0.0822967	0.0739543	0.0750047	0.0560766	0.0144284	0.00155568	0.09112	0.0581399	0.0358837	0.0549104	0.0785125	0.0166647	0.0590081	0.0506457	0.0694349	0.0366541	0.0822967	-0.0096329	0.0934839	0.0657793	-0.0184835	0.0206764	0.0156526	0.0726778	-0.0261701	0.0661239	0.0153739	0.0637375	0.09112	0.0382489	0.120391	0.0605203	0.0692434	0.0117945	-0.00350262	0.0864936	0.0743691	0.0713602	0.0740103	0.0441378	-0.0215754	0.0671241	0.0544687	-0.0261701	0.0657793	0.037963	0.068688	0.0761266	0.0666419	0.0133252	0.0570742	0.0222478	0.0960732	0.0628615	0.0637375	0.0714323	0.0864936	0.0606312	-0.00350262	0.0590081	0.0947537	0.0450882	0.017758	0.0937048	0.0947537	0.0746775	-0.00363286	0.0206764	0.0570742	0.0373936	0.11852	0.0707673	0.103891	0.0637941	0.0864936	0.0464926	0.0147883	0.0597076	0.0156526	0.0646821	0.0467966	0.0608123	0.0720094	0.0738421	-0.00350262	0.0606312	0.0570646	0.0874009	0.0761266	0.0236556	0.0958073	0.0332018	0.0714323	0.0373936	-0.0320792	0.110121	0.0864936	0.0149465	0.0156526	0.0740103	0.0743854	0.0735288	-0.00845659	0.0583368	0.0144284	0.0498298	0.00432357	0.0441378	0.0761392	0.0526429	0.058839	0.061881	0.10685	0.109841	0.100744	0.0336376	0.0222478	0.0733159	0.0680227	0.0201412	0.0871379	0.0272029	0.0928551	0.07112	0.0254502	0.0758259	0.0498298	0.092699	0.090144	0.0695601	0.0707673	0.0559366	0.119296	0.027398	0.0539995	0.0604485	0.0235256	0.0714323	0.0581201	0.0147883	0.0573026	0.0571378	0.0544687	0.0147883	0.0570646	0.00913789	0.0441607	-0.00350262	0.0590081	0.0191862	-0.0184835	0.0604485	0.0606312	-0.0165107	0.0958073	0.0288566	0.0861593	0.0584761	0.0763656	0.0864936	0.0760292	0.0947537	0.090144	0.0864936	0.0884291	0.0236248	0.0947537	0.0608123	0.0727227	0.0642028	0.0479344	0.0526429	0.0506457	0.0133252	0.0610451	0.102469	0.0947537	0.0268674	-0.0099663	0.0133252	0.0671241	0.102636	0.027398	0.0583368	0.0578714	0.0608123	0.0147883	0.0181201	-0.00350262	0.0441378	-0.009664	0.0698939	-0.0261704	0.0714323	0.0634791	0.0726736	0.090144	0.0583368	0.0726736	0.0590879	0.0839044	0.0201412	0.109113	0.0756992	0.0360809	0.0621739	-0.00508696	0.103391	0.0441378	0.0144284	0.121221	0.0746775	0.0539995	0.050887	0.0597427	0.0181201	0.11852	-0.0205514	0.0574082	0.0441378	0.0945565	0.0796347	0.0582036	0.077824	0.0671241	0.0178978	0.0206764	0.0484158	0.0746775	0.0949845	-0.0261701	0.0671241	0.0581201	0.00989465	0.0703824	0.00432357	0.0382489	0.0338443	-0.0261701	0.0843357	0.0958073	0.0493787	0.0622275	0.0726736	0.0150768	0.0947537	0.0416005	0.0539995	0.0604485	0.0816916	0.0735585	0.0622275	0.0874009	0.0797394	0.090144	0.0637375	-0.0125185	0.0638603	0.11516	0.0608123	0.0623726	0.0201398	0.0687193	0.086777	0.0332028	0.0671241	0.102636	0.0570742	0.00143282	0.0707673	0.0724871	0.0637375	0.0508373	0.0726736	0.0542492	0.077824	0.0465242	0.0738421	0.0365167	0.0470824	0.0147883	0.0665055	0.0667377	0.0606312	0.0750047	0.0573026	0.0604485	0.0648782
13000	intercept	0.848385	0.848944	0.837818	0.867814	0.85677	0.854136	0.814782	0.809304	0.808821	0.77825	0.817018	0.848944	0.785078	0.854772	0.860397	0.848385	0.848944	0.812592	0.861348	0.875174	0.80743	0.867814	0.837923	0.809304	0.817018	0.848944	0.824245	0.826913	0.814531	0.799861	0.867489	0.822776	0.81316	0.850958	0.817966	0.868853	0.82723	0.837676	0.802011	0.823781	0.830586	0.794578	0.799861	0.786817	0.821502	0.850958	0.803603	0.853644	0.833319	0.835256	0.80716	0.82723	0.834221	0.781364	0.823781	0.820901	0.863957	0.821376	0.814782	0.812592	0.785997	0.850958	0.802011	0.812592	0.810532	0.871227	0.824508	0.817386	0.832502	0.796142	0.839784	0.849284	0.796332	0.794374	0.78913	0.818813	0.804507	0.786817	0.831789	0.794578	0.831531	0.809941	0.845207	0.835256	0.796332	0.829598	0.824097	0.804507	0.81316	0.837818	0.837923	0.855958	0.848944	0.810532	0.796142	0.824999	0.863044	0.816103	0.780107	0.822699	0.833319	0.820234	0.78726	0.823769	0.802596	0.812686	0.834523	0.833319	0.822901	0.843636	0.843266	0.834585	0.824508	0.823648	0.811846	0.830449	0.861348	0.848944	0.795376	0.834509	0.826415	0.837923	0.786817	0.844641	0.811433	0.845207	0.838499	0.865534	0.824508	0.825085	0.815017	0.870382	0.876603	0.843478	0.871227	0.823132	0.844705	0.821762	0.860848	0.837818	0.795376	0.823781	0.81316	0.852776	0.805612	0.848944	0.848944	0.833194	0.824258	0.796566	0.833319	0.845207	0.852461	0.817386	0.82723	0.844705	0.870382	0.812384	0.864533	0.827932	0.810854	0.851103	0.824258	0.859556	0.813676	0.848385	0.851685	0.798888	0.839522	0.819264	0.848944	0.823555	0.835991	0.875174	0.823032	0.825264	0.821502	0.781364	0.846831	0.838626	0.792649	0.804837	0.823887	0.820901	0.811846	0.845844	0.833194	0.847923	0.868853	0.853644	0.871227	0.77783	0.854933	0.875174	0.819509	0.832502	0.848944	0.819264	0.853644	0.803886	0.827932	0.846439	0.796332	0.814023	0.796799	0.807566	0.833913	0.811797	0.823461	0.807566	0.871227	0.833319	0.848399	0.823132	0.829354	0.790055	0.861348	0.786943	0.855958	0.845207	0.836626	0.828461	0.854933	0.837447	0.806882	0.819962	0.81791	0.842999	0.859556	0.815945	0.871214	0.822699	0.836626	0.857965	0.795043	0.875174	0.817366	0.805612	0.780107	0.822181	0.794578	0.829864	0.820901	0.807682	0.82617	0.825445	0.793197	0.803564	0.819309	0.798888	0.857657	0.857581	0.838161	0.8056	0.82723	0.857581	0.853644	0.857965	0.822776	0.848944	0.816848	0.837676	0.867814	0.803564	0.819264	0.846831	0.796332	0.841255	0.829888	0.806642	0.795043	0.824508	0.840169	0.835991	0.803603	0.825473	0.850745	0.830642	0.840896	0.875111	0.813359	0.824451	0.841026	0.835513	0.845207	0.863957	0.841094	0.82617	0.835991	0.815402	0.82021	0.851103	0.814782	0.817018	0.825445	0.790055	0.820798	0.875174	0.854136	0.824245	0.855821	0.845207	0.812686	0.811846	0.856888	0.798888	0.841026	0.836644	0.805518	0.774298	0.817046	0.804507	0.811846	0.822699	0.801264	0.820816	0.860927	0.8056	0.871227	0.84707	0.845207	0.861348	0.835329	0.781364	0.77825	0.844512	0.837923	0.824245	0.81316	0.85471	0.807328	0.845207	0.801126	0.824016	0.802217	0.784331	0.814782	0.845195	0.838626	0.809941	0.781364	0.81739	0.844705	0.814782	0.857657	0.827327	0.84725	0.855958	0.81589	0.816848	0.844705	0.824016	0.796332	0.837923	0.835256	0.817823	0.837676	0.835991	0.812018	0.77825	0.803564	0.805942	0.823648	0.835256	0.803886	0.815094	0.796142	0.837818	0.860397	0.823132	0.813502	0.875111	0.845241	0.841892	0.845844	0.805612	0.82723	0.814782	0.817018	0.817966	0.855958	0.820901	0.839217	0.837818	0.807566	0.817046	0.803564	0.785657	0.839441	0.832502	0.834168	0.860259	0.854136	0.812473	0.835256	0.819264	0.812473	0.837923	0.803564	0.837923
14000	slope	0.0185678	0.0548065	0.0185678	0.0711401	-0.000177737	-0.0372925	0.00973325	0.0742	0.0629662	0.080232	0.0133615	-0.0243668	0.0761589	0.0525345	0.0144429	0.0353437	-0.000211413	0.0704713	0.0222414	0.0196276	0.0573903	0.0570453	0.0353437	-0.0025152	0.0144429	-0.0229582	0.0573903	0.0573903	0.0181714	0.0574895	0.0788021	-0.0372925	0.0396965	0.0507093	-0.011506	0.0325103	-0.00263724	0.0214735	0.150877	-0.0155295	0.0813393	-0.0229582	0.00424876	0.0487859	0.0165507	-0.00111086	0.0104078	0.0483171	0.0476926	0.0776278	0.0432568	0.0639118	0.0584832	0.0577865	0.00973325	-0.053167	-0.00829985	0.0468938	0.0468938	0.0630516	0.149303	-0.015964	-0.0241614	0.00972653	-0.053167	0.0196276	0.00883717	-0.0520193	0.00973325	0.0176837	-0.0436033	-0.0161675	0.00716442	0.0299418	0.0500873	0.0325251	0.0501232	-0.0398754	0.0500873	-0.0268289	0.0108577	-0.000124658	0.0574895	0.0774758	0.0742	0.0818011	-0.0418561	0.0387023	0.038058	0.0341001	0.0574895	-0.00363394	0.0639118	0.0432568	0.0973938	0.0265176	-0.0335263	0.00789699	0.00523884	0.143737	-0.0668305	0.00558168	0.025509	0.0465841	-0.0294477	0.0404452	0.0468938	0.0835006	0.00789699	0.0628241	0.0600122	0.0600122	-0.00702169	0.0105319	-0.0243668	0.0835006	0.0952603	-0.015964	0.0719791	0.0776278	0.0887964	-0.0395606	-0.00299285	-0.0292611	-0.00111086	-0.0314957	0.0345887	-0.00665206	0.108708	0.0744295	0.0209304	0.00308438	0.0630977	0.0108577	-0.0372925	-0.0075614	0.0600122	0.031905	0.0198193	0.0711401	0.00575847	0.0742	-0.00544403	0.00963008	0.0742	0.0108577	0.0639118	0.036762	0.0484975	0.0135254	0.017918	0.0153966	0.00937764	0.0710435	0.057095	0.0774758	-0.0125916	0.0882144	-0.00602514	0.0169198	0.0600122	0.0630516	0.0751496	0.0600122	0.0573903	0.0055669	0.0628241	0.0475784	0.150877	0.077164	-0.0134324	0.0341001	0.0144429	0.0573903	0.0295319	-0.0306756	0.0628241	0.0447602	0.0147907	0.053606	0.110069	0.0181714	0.0102523	0.0196276	0.0882144	0.0295622	0.00963008	0.0240971	0.00963008	0.0461073	-0.000151406	0.0855285	0.00355164	0.0315209	0.0642842	0.018936	0.00558168	0.0498749	-0.015964	0.011945	0.150538	-0.0641068	0.0692615	0.0519912	0.0176837	0.0742	0.0628241	0.0465841	0.0570453	0.0362266	0.0522677	0.0577865	-0.0165822	-0.0229582	0.0345887	0.0368825	-0.0229582	0.150877	0.065694	-0.00602514	0.0133615	0.0196276	0.00321834	0.00523884	-0.0372925	0.0196276	0.0750057	0.0600122	0.0574895	0.0634865	-0.00605833	0.0429188	0.0280806	0.0872626	0.0745428	0.0570453	0.0465841	0.0813393	0.0537268	0.0573903	0.150877	-0.0294477	0.0144429	0.00355164	0.0133615	-0.000124658	0.0362266	0.0483412	-0.0372925	0.0612916	0.0924888	0.062756	-0.0229582	-0.0641068	0.00751098	0.0567924	0.0133615	0.0776064	-0.00605833	0.0573903	0.0144429	0.036762	0.0628241	0.0573903	-0.00043653	-0.0229582	-0.0118952	0.00308438	0.0165507	0.068476	-0.00605833	0.0120297	0.0616723	-0.00043653	0.00523884	0.0108577	0.0616723	-0.00605833	-0.0192186	0.0315209	0.0774758	-0.0520193	0.0657193	0.0484975	0.0484975	0.0179542	0.0697657	0.150877	0.0214735	-0.0229582	-0.00043653	0.0905278	0.0756701	0.0751496	0.067151	-0.0161592	0.0769829	-0.0229582	0.00523884	0.0865458	-0.0229582	0.150877	0.0731557	0.065694	0.0362266	0.0742295	0.062756	-0.0206404	0.0461023	-0.0276103	0.0893215	-0.0372925	0.0715232	0.0924888	0.150877	0.00308438	0.0108577	0.0176837	0.150877	0.109891	0.0487859	0.0362266	0.0872626	-0.0419544	0.0465841	-0.0161675	-0.00111086	-0.00142121	0.0144429	0.0468938	0.00424876	0.017442	0.0573903	0.00523884	0.154111	0.0628241	0.017811	0.0837283	0.0837939	0.0133615	0.0468938	0.0557747	0.0639118	0.0465841	0.0181714	0.0938602	0.0574895	0.0709052	0.0341001	0.0147907	0.0709052	0.0630977	0.0383319	-0.0668305	0.0528944	0.0574895	-0.0306756	-0.0372925	0.0429188	0.0429188	0.0133615	-0.0229582	0.0108577	0.0893215	0.0404452	0.0281882	0.150877	0.0302972	-0.0012221	-0.00497004	0.0954085	0.068476	0.00963008	0.0574895	0.0465841	0.0237623	-0.00593123	0.0813393	0.0345887	0.0639118	0.0869872	0.0774758	0.0341001	0.017442	0.0239428	0.0133615	-0.0241614	0.00789699	0.0744295	0.00279518	0.0574895	0.0629662	0.0574895	0.100578	0.0404452	0.0250704	0.077164	0.0584832	0.0108577	0.062756
14000	intercept	0.844611	0.881629	0.844611	0.839022	0.857225	0.855792	0.837263	0.813303	0.799784	0.796814	0.860776	0.878147	0.830933	0.881367	0.833797	0.854615	0.835402	0.846588	0.843077	0.858178	0.839969	0.830823	0.854615	0.856008	0.835402	0.857242	0.839969	0.840149	0.843547	0.808157	0.796814	0.855792	0.830859	0.839969	0.866626	0.845079	0.856346	0.824857	0.783781	0.857282	0.819652	0.852813	0.837593	0.838963	0.861314	0.887164	0.831311	0.838266	0.806369	0.837425	0.833833	0.832494	0.843841	0.837259	0.854042	0.854094	0.861024	0.843264	0.843264	0.827458	0.783781	0.854525	0.889112	0.867891	0.860116	0.858178	0.830209	0.875424	0.861314	0.854042	0.855753	0.851729	0.855614	0.870743	0.832257	0.830606	0.83078	0.844308	0.832257	0.856629	0.844824	0.835402	0.808157	0.848082	0.824118	0.819375	0.907473	0.839894	0.83476	0.857225	0.808157	0.847355	0.843531	0.833833	0.82454	0.854131	0.848699	0.844566	0.854074	0.778906	0.858891	0.857125	0.824857	0.83216	0.875718	0.820157	0.843264	0.829351	0.844566	0.825849	0.828872	0.828872	0.856714	0.853621	0.878147	0.829351	0.827442	0.854525	0.837425	0.837425	0.834177	0.873896	0.853569	0.879455	0.887164	0.863311	0.87472	0.860595	0.786488	0.817839	0.848626	0.865042	0.806734	0.844824	0.855792	0.85779	0.825497	0.820444	0.858383	0.839022	0.840885	0.824118	0.883063	0.8503	0.813303	0.864107	0.840829	0.845079	0.848907	0.824857	0.834093	0.824799	0.867891	0.803125	0.824874	0.852349	0.857282	0.820342	0.847233	0.819848	0.828872	0.827458	0.824044	0.828872	0.839969	0.839456	0.806784	0.808278	0.783781	0.806784	0.843487	0.857225	0.833945	0.839969	0.811312	0.856629	0.813134	0.845855	0.846972	0.825634	0.798245	0.840672	0.861791	0.851729	0.832593	0.857998	0.8503	0.820372	0.8503	0.837408	0.842793	0.796814	0.854042	0.842709	0.808579	0.840127	0.857125	0.852454	0.854525	0.844966	0.764818	0.864047	0.81271	0.845716	0.854042	0.813303	0.813134	0.852589	0.848907	0.845889	0.845079	0.827799	0.85677	0.858074	0.87472	0.825358	0.862073	0.783781	0.811944	0.847233	0.860776	0.853776	0.887164	0.854074	0.860415	0.851729	0.8087	0.828872	0.808157	0.837425	0.816397	0.838044	0.845079	0.845275	0.833403	0.830823	0.842599	0.828149	0.863257	0.839969	0.762542	0.875718	0.833797	0.854042	0.853529	0.835402	0.845889	0.832257	0.845713	0.844788	0.831319	0.81311	0.857242	0.864047	0.822779	0.818629	0.860776	0.817036	0.816397	0.839969	0.833797	0.851652	0.802852	0.840359	0.857282	0.828172	0.858681	0.879645	0.861314	0.834813	0.816397	0.844966	0.829318	0.857282	0.854074	0.844824	0.83205	0.816397	0.84226	0.842709	0.846667	0.875424	0.785163	0.859758	0.848907	0.855142	0.806784	0.770323	0.824857	0.861024	0.857282	0.823731	0.820231	0.824044	0.812385	0.805615	0.848121	0.857242	0.854074	0.810487	0.828172	0.764818	0.839022	0.811944	0.845814	0.827529	0.813473	0.839678	0.81796	0.861024	0.852349	0.846428	0.799784	0.831319	0.783781	0.879134	0.844824	0.854042	0.764818	0.812893	0.838963	0.839765	0.845275	0.858507	0.830259	0.851729	0.887164	0.857918	0.833797	0.843264	0.840766	0.839035	0.839969	0.854074	0.783781	0.815041	0.802767	0.830933	0.818288	0.846039	0.843264	0.832257	0.830825	0.852589	0.843547	0.843096	0.808157	0.829318	0.857225	0.824857	0.829318	0.807641	0.847127	0.862512	0.81796	0.808157	0.847889	0.845713	0.838044	0.838044	0.860776	0.857242	0.844824	0.852349	0.821678	0.848969	0.764818	0.852113	0.852368	0.857592	0.837425	0.834813	0.8503	0.808157	0.852589	0.842662	0.856008	0.826378	0.87472	0.830825	0.828213	0.846667	0.857225	0.839035	0.823302	0.860776	0.889112	0.844566	0.817839	0.831311	0.808157	0.799784	0.808157	0.813472	0.821678	0.844611	0.806784	0.843841	0.844824	0.813473
15000	slope	0.00709373	0.0276401	0.0108245	0.0575373	-0.0169897	0.0323671	0.0503416	-0.057389	0.0256032	0.0108733	-0.0207789	0.0469344	0.0709877	-0.0121921	0.0272636	-0.010343	0.0323671	0.0566492	-0.0282238	0.0361702	0.0575373	0.0741858	0.074378	0.0696419	0.0503416	0.0508747	0.0512801	0.0696419	-0.057389	0.00250303	0.00858344	0.0903206	0.0366836	-0.0130896	0.0897006	0.0179402	-0.00595059	0.0570767	0.0175134	0.042232	0.0175134	0.0449416	0.111277	0.0114434	-0.0341197	0.014452	0.0849509	0.102227	0.104322	0.0919623	0.0256592	0.00858344	0.0757522	-0.00595059	0.00922899	0.0449416	0.111277	0.0152524	0.0108733	0.0125196	0.0434124	0.0973265	0.0575373	0.113366	-0.0286422	0.003352	0.102227	-0.0282238	0.0353689	0.088898	-0.0197471	-0.00275625	-0.000321703	-0.0282802	0.00883717	0.0366836	0.0125196	-0.0213818	-0.0135479	0.00807604	0.0237528	0.0123202	0.013573	0.033849	-0.0265339	-0.00224945	-0.0386263	0.0276401	0.0575373	0.107188	0.0579491	0.0378543	0.0986253	0.10164	0.0566492	0.0575373	-0.00604286	-0.000321703	0.0973265	0.0444237	0.0449416	-0.0169897	-0.0081479	-0.00600404	0.0431157	0.0149749	0.0920921	0.0282907	0.0903206	0.0149749	0.0939498	-0.00401374	0.0973265	-0.000321703	0.0471923	0.0582118	-0.00595059	0.0512801	0.0414857	-0.0282802	0.0921542	0.0272636	0.0108733	0.0494795	0.111277	0.0614822	0.00811518	-0.0558594	-0.0386263	0.0935558	0.0827587	0.0108733	0.074378	0.0827692	0.0917044	0.0680278	0.0446634	0.056999	-0.00507137	0.00874727	0.0868898	-0.0140428	-0.00284204	0.090573	-0.0265339	0.0195742	0.0799703	0.0266671	-0.0556705	0.00500544	0.0696419	0.0429921	-0.00494317	-0.0181219	0.0161432	0.0242359	0.00500544	0.0363078	0.0479575	0.0133007	-0.0587445	0.0149749	-0.0277977	0.013987	0.0508747	-0.00128343	0.0378543	0.0675753	0.0108733	0.0446634	0.111277	0.0566492	0.0696419	0.0446634	0.0582118	0.0400954	-0.0169897	0.0222897	0.0827587	0.111277	-0.0277977	-0.0255668	0.0511588	-0.0140428	0.0696419	0.0624224	0.044181	0.0414857	-0.0262445	-0.00507137	0.0108733	0.0494795	0.0903206	0.104499	0.0175134	0.0570997	0.0556533	0.0548258	-0.00443538	0.0588518	-0.0366216	0.0582118	0.0133007	0.0276401	-0.0328466	0.00592772	0.00812641	0.029121	-0.057389	0.0139652	0.0175134	-0.0081479	-0.00224945	0.0289902	0.0799703	-0.000924227	-0.0328466	0.0415959	0.0133007	-0.0282802	0.0696419	-0.0556705	0.00807604	0.0149749	-0.0265915	0.0446634	0.0927635	0.0429921	0.003352	0.0905618	0.0421425	0.029121	-0.000321703	0.0566492	0.0488979	0.0696419	0.0778995	0.107188	-0.0181404	-0.0282802	0.0318934	0.0207995	0.0449416	0.0163594	0.0207995	-0.0556705	0.0108733	-0.00494317	-0.00683849	-0.0213818	0.0503416	0.0827587	-0.00330678	-0.0265915	-0.0566349	0.0298419	0.0237528	0.0378543	0.0550804	-0.0386263	0.0927635	0.0696419	0.0161432	0.0108733	-0.0236336	0.111277	0.0836634	0.0161432	0.0566492	0.111122	0.0482715	0.0237528	-0.000321703	0.0847038	0.0827587	-0.0140428	0.103885	0.0323671	-0.0587445	0.0455472	0.0548258	0.0566492	-0.00128343	0.0299912	-0.0236336	0.0602779	-0.00595059	0.0503416	0.0375092	-0.0386263	0.0503416	-0.0320606	0.0827587	0.0326609	0.0407215	0.0469344	-0.0556705	0.0407215	0.111277	-0.00442183	-0.000924227	0.0860904	0.0602779	0.0353689	0.0429921	-0.00230398	-0.0273462	-0.0136422	0.0503416	0.0549856	0.0149749	-0.0311872	0.00922899	-0.0143334	-0.0282802	-0.00383584	0.0696419	0.0662751	0.0207995	0.0410634	0.072698	-0.0193542	-0.0169897	0.0407215	-0.00501519	0.111277	0.074378	0.0566492	0.0508747	0.00295369	0.00500544	-0.000533019	0.0503416	0.0582118	0.106225	0.074378	0.0868898	0.00500544	0.0366836	0.0407215	0.0353689	0.00812641	-0.000365354	0.0503416	0.074378	0.0410634	0.0582118	0.113972	0.0503416	0.0865399	0.0508747	-0.000321703	0.0566492	0.0582118	0.00503861	0.0175134	0.029121	0.0421333	0.00858344	-0.0348369	0.0766052	0.0503416	-0.00600404	0.061621	-0.00128343	-0.057389	0.0366836	0.0973265	-0.00204894	-0.00683849	0.0407215	0.0503416	0.0696419	0.00858344	-0.0255668	0.00964696	-0.0104907	-0.0114957	-0.0282802	0.0799703	0.00807604	0.0989176	0.0417909	0.0353689	-0.00224945	0.0608435	0.00858344	0.0458412	0.042232	0.117335	0.0149749	-0.0282238	-0.0108657	0.074378	0.050992	-0.0193542	-0.00855825	0.0696419	-0.0213818	0.0919623
15000	intercept	0.846809	0.835499	0.869203	0.807332	0.866764	0.805277	0.802905	0.878675	0.809904	0.845511	0.853052	0.841376	0.825013	0.893699	0.860844	0.866775	0.805277	0.821439	0.882076	0.828522	0.807332	0.81603	0.837262	0.798755	0.802905	0.884698	0.808981	0.798755	0.8914	0.870171	0.901409	0.823165	0.838543	0.866995	0.825013	0.861875	0.878785	0.849519	0.859335	0.813748	0.859335	0.857389	0.77466	0.835903	0.852967	0.844466	0.818539	0.811106	0.79829	0.823165	0.857389	0.912011	0.81165	0.874213	0.901409	0.857389	0.77466	0.871244	0.839685	0.866638	0.838543	0.791854	0.807332	0.810135	0.85275	0.862665	0.811106	0.874828	0.799629	0.758065	0.856185	0.865601	0.840745	0.841534	0.83765	0.838543	0.866638	0.83176	0.877662	0.856757	0.80768	0.857389	0.881649	0.828593	0.848375	0.873964	0.841534	0.835499	0.807332	0.792619	0.825588	0.858626	0.817302	0.816214	0.821439	0.807332	0.838783	0.854535	0.792619	0.868363	0.857389	0.878699	0.888675	0.877785	0.857389	0.835317	0.823165	0.83501	0.823165	0.835317	0.783425	0.84793	0.806998	0.838091	0.832639	0.863548	0.874213	0.808981	0.839818	0.841534	0.827788	0.862665	0.843799	0.842748	0.77466	0.824804	0.859335	0.894624	0.831737	0.823165	0.821387	0.839685	0.834797	0.814257	0.792619	0.858513	0.813026	0.838543	0.84793	0.828651	0.825013	0.878699	0.832702	0.783425	0.848375	0.848921	0.823165	0.870411	0.848818	0.838978	0.784663	0.839413	0.859355	0.858275	0.835179	0.852257	0.837949	0.850791	0.832133	0.826726	0.865833	0.839592	0.831336	0.83765	0.884698	0.831381	0.858626	0.830637	0.839685	0.813026	0.77466	0.821439	0.784663	0.813026	0.870611	0.854468	0.878699	0.828593	0.817652	0.77466	0.831336	0.83176	0.811505	0.853656	0.798755	0.824388	0.811965	0.839818	0.835115	0.862807	0.845511	0.835587	0.823165	0.778266	0.845179	0.812967	0.810718	0.806693	0.893644	0.793706	0.841534	0.870611	0.826726	0.835499	0.825747	0.849097	0.851192	0.878695	0.900029	0.856757	0.845179	0.896068	0.879724	0.810718	0.823165	0.871769	0.82916	0.832639	0.820106	0.841534	0.798755	0.857091	0.856757	0.839592	0.822327	0.813026	0.837942	0.821439	0.862665	0.834037	0.805277	0.878695	0.869425	0.822324	0.807332	0.798755	0.80918	0.792619	0.865254	0.841534	0.848682	0.835772	0.857389	0.852257	0.836011	0.857091	0.839685	0.87702	0.857389	0.83176	0.802905	0.817652	0.830951	0.822327	0.865833	0.819849	0.80768	0.858626	0.828009	0.841534	0.837942	0.798755	0.826793	0.839685	0.855089	0.77466	0.837942	0.826793	0.821439	0.768108	0.823898	0.80768	0.869425	0.830637	0.825663	0.878699	0.861054	0.805277	0.865833	0.840512	0.806693	0.821439	0.831381	0.838543	0.877319	0.828009	0.874213	0.812876	0.880965	0.841534	0.802905	0.848375	0.825663	0.838543	0.838543	0.841376	0.850762	0.838543	0.77466	0.841271	0.871769	0.785101	0.828009	0.799687	0.839413	0.855256	0.884282	0.886863	0.802905	0.833728	0.835317	0.882642	0.901409	0.869328	0.841534	0.836973	0.784663	0.82333	0.835772	0.825176	0.826105	0.814513	0.878699	0.838543	0.852257	0.775092	0.837262	0.821439	0.880965	0.866638	0.828194	0.838805	0.802905	0.858513	0.778266	0.837262	0.854048	0.837949	0.838543	0.838543	0.799687	0.847613	0.857389	0.802905	0.837262	0.825176	0.870611	0.771654	0.802905	0.825013	0.880965	0.869425	0.821439	0.834255	0.888247	0.859335	0.878695	0.799797	0.887862	0.848375	0.796986	0.802905	0.877785	0.811733	0.831381	0.883346	0.838543	0.792619	0.831678	0.847815	0.838543	0.802905	0.796651	0.901409	0.838108	0.846809	0.901191	0.841271	0.82965	0.823165	0.856757	0.823165	0.814207	0.799687	0.861502	0.823898	0.901409	0.825493	0.793785	0.77466	0.839956	0.874828	0.837949	0.823507	0.834923	0.814513	0.815915	0.807724	0.814501	0.823165
16000	slope	-0.0465458	0.020821	-0.0464936	0.0322539	0.0500778	0.0985403	0.0107099	0.0160887	-0.00787254	-0.0464936	0.020214	0.0237637	0.0014783	0.0669806	0.00285769	0.15681	0.0075215	0.000666082	-0.0395906	0.0061749	0.0691447	-0.0353922	-0.00313224	0.0574898	0.0422837	-0.00508498	0.0931564	0.0314649	0.00414366	-0.025885	0.00127131	-0.0465458	-0.00754206	0.0146766	0.0320344	0.0179248	0.0413407	0.0803052	0.0842515	0.0335279	-0.0303284	-0.0145049	0.0237637	0.126795	0.0346784	-0.011178	0.0985403	0.0287489	-0.0102734	0.0390476	0.0245417	0.0704908	0.0420505	-0.0130893	0.0356586	0.0218918	0.0625175	0.0136847	0.0669806	0.0669806	0.0917557	0.000783751	0.0341538	0.0413407	0.024446	0.0341538	0.0652197	0.0642926	-0.00683455	0.063919	0.0803052	0.0582668	-0.0104862	0.0134889	-0.00683455	0.0355418	0.0124697	0.0218918	0.110178	0.0671418	0.0204171	-0.00101564	0.0691222	0.0237637	0.0333911	0.0141735	-0.0152456	0.0204171	0.0957384	0.0204171	0.0411748	-0.0456821	0.0014783	0.0890763	0.0411748	0.0985403	0.0186934	0.00406009	0.0985511	0.0300773	0.0182315	0.0136604	0.0014783	0.0399015	0.0851897	0.0276672	0.068066	0.126795	0.0482136	0.00414366	0.0669806	0.0721555	0.0259888	0.0287489	-0.0213513	0.0699188	0.0287489	0.0300773	0.0771099	-0.0697147	0.0174207	0.0772857	-0.0277706	-0.0461131	0.0182315	0.0324457	0.0131962	0.0504365	-0.0198195	-0.0465458	-0.00468202	0.0200126	0.0863758	0.000928712	-0.0360378	0.0669806	-0.0053232	0.0681297	0.0136847	0.0834793	0.0341538	0.0453552	0.0963408	-0.0167397	0.0669806	-0.0124118	0.00414366	0.0146832	0.0222274	-0.0011105	0.0396768	-0.0628734	0.0470095	-0.0409818	0.0163059	0.103507	0.028168	-0.0011105	-0.0322057	0.0396768	0.0411748	0.0322539	0.00283761	-0.0307939	0.0061749	-0.0262601	0.0156125	0.0109553	0.0477218	-0.00971725	-0.026841	0.0379446	0.039747	-0.0284539	0.00414366	0.0141735	0.105855	0.112001	0.0867653	0.0136847	0.0531356	0.0325613	-0.0329496	0.00369098	0.0112514	0.003935	0.0699188	-0.0303284	0.0981512	0.0235571	0.0985403	-0.011716	-0.00546006	0.0422837	0.0772857	0.063919	0.0218918	0.00369098	-0.011178	0.0436988	0.060702	0.00946049	0.126795	0.065823	0.0963408	0.0014783	0.0411748	0.0030538	0.0755068	-0.026841	-0.0697147	0.0527654	0.0165128	0.0318959	-0.0358393	0.0699188	0.0399015	0.0341538	0.00464571	0.0405117	0.0574898	0.0146766	0.0230224	0.0182315	0.0980906	-0.0153598	0.0353837	-0.0697147	0.063919	0.0890763	0.000400422	0.0413407	0.0411748	0.0179248	0.0287489	0.00145515	0.0136847	0.0174446	0.0931564	0.00946049	0.020214	0.0669806	0.0403147	0.0356586	0.0372166	0.0136604	0.020214	-0.083373	0.0845549	0.0669806	0.0669806	0.0557712	0.0746281	0.0310698	-0.0315693	0.0867653	0.0218918	-0.0384113	0.0669806	-0.0053232	0.0890279	0.0803052	-0.0145049	-0.00491341	0.0633231	0.0212834	0.0110109	0.0225897	-0.0464936	0.0288712	0.0464724	-0.0311296	-0.0311296	0.0773851	0.0669806	0.0158275	0.020214	-0.0303284	0.142056	0.0324457	0.0803052	-0.000909525	-0.00194958	-0.0130893	-0.0733105	-0.0247665	-0.0176768	-0.070225	-0.0315693	0.0985511	0.0773851	0.0531356	0.0218918	0.0341538	0.0322539	-0.0418158	0.0699188	0.0239845	0.022715	0.0771099	0.0655174	0.0527654	-0.0395906	0.0356586	0.00633243	-0.0399752	-0.00895672	0.15681	0.0182315	0.0963408	0.066408	0.0677525	0.0158275	0.0413407	0.00414366	0.0669806	0.0182315	0.0343739	0.0341538	0.0027316	0.063919	-0.0465458	0.0146832	0.0158275	0.126795	0.112001	0.00414366	0.0505458	-0.00491341	-0.0675486	0.0464724	0.0109553	-0.0675486	0.0371347	-0.0358393	0.0669806	0.0399015	-0.0167397	0.00369098	0.0276086	0.0146832	0.0699188	0.020214	0.0478632	-0.00584585	0.041195	0.0771099	0.0890763	0.0182315	0.0652197	0.138918	0.0411748	0.00724293	0.0531356	-0.0284153	0.0311644	-0.0697147	0.110984	0.0845549	0.0531356	0.0798486	-0.0137935	0.0441521	0.039443	-0.0303284	0.0109553	-0.0436806	0.0311257	0.15681	0.000675448	0.0669806	0.0413407	0.00913891	0.0218918	-0.00895672	0.0109553	-0.0177259	0.011497	0.0113843	0.0828828	0.0985403	0.0318959	-0.0417583	8.93078e-05	0.0156125	0.0616294	0.0494876	0.028168	0.0281984	0.00414366	0.0663531	0.011813	0.0851897	0.00932612	0.0237637	0.0146832	0.0527654	0.063919	0.0156753	-0.0130893
16000	intercept	0.846721	0.831228	0.841346	0.831606	0.778234	0.824299	0.848628	0.845982	0.832653	0.848678	0.826339	0.850831	0.86182	0.846889	0.852732	0.733623	0.806394	0.784689	0.855163	0.882897	0.830064	0.83617	0.858902	0.844289	0.848777	0.842302	0.832479	0.844272	0.853238	0.853209	0.853243	0.850359	0.832196	0.810653	0.825914	0.854613	0.826947	0.835008	0.816797	0.799405	0.851523	0.835802	0.850831	0.796485	0.854627	0.832196	0.824299	0.856656	0.86249	0.856663	0.842604	0.805406	0.853132	0.816423	0.819932	0.833599	0.839564	0.831664	0.845942	0.834753	0.827653	0.818368	0.853418	0.826947	0.830119	0.853418	0.789862	0.875298	0.866061	0.811646	0.843114	0.810216	0.847967	0.819308	0.866061	0.815038	0.845982	0.842184	0.821184	0.825857	0.84206	0.829485	0.76411	0.863013	0.820423	0.846764	0.822863	0.84206	0.846753	0.860636	0.859431	0.865865	0.86182	0.818538	0.833763	0.824299	0.830304	0.828865	0.818818	0.857101	0.855977	0.82353	0.86182	0.802508	0.833047	0.815062	0.841818	0.785363	0.854627	0.853238	0.884625	0.844097	0.835558	0.856656	0.843583	0.844097	0.856656	0.857101	0.76411	0.875375	0.826339	0.844244	0.864627	0.862451	0.838637	0.847648	0.839487	0.839821	0.83931	0.846721	0.858579	0.824718	0.840027	0.784689	0.877886	0.834753	0.862682	0.850952	0.831664	0.825872	0.836013	0.853132	0.809433	0.859721	0.848366	0.844715	0.853238	0.818413	0.839777	0.833852	0.82891	0.879724	0.834672	0.848678	0.835718	0.817501	0.866938	0.83931	0.865461	0.826947	0.849655	0.847195	0.875827	0.843674	0.878202	0.85067	0.845982	0.8378	0.825857	0.876563	0.859491	0.854627	0.836013	0.840905	0.828856	0.846764	0.824299	0.832291	0.745564	0.829898	0.834672	0.871415	0.834448	0.830602	0.809658	0.84132	0.850344	0.851523	0.820305	0.825488	0.823858	0.852659	0.863118	0.848777	0.83957	0.810928	0.829348	0.830602	0.832196	0.849742	0.811646	0.848628	0.809325	0.841818	0.809433	0.86182	0.833763	0.845982	0.835008	0.859491	0.886153	0.879434	0.8378	0.785213	0.860056	0.850344	0.785213	0.853418	0.83931	0.826339	0.846205	0.810653	0.835367	0.848567	0.808196	0.817152	0.807216	0.884057	0.810928	0.818538	0.842302	0.826947	0.833763	0.854613	0.856656	0.848243	0.852772	0.830119	0.832479	0.848628	0.826339	0.848366	0.844406	0.835558	0.833763	0.82353	0.836959	0.881639	0.797808	0.846889	0.846889	0.825785	0.856145	0.853373	0.886488	0.745564	0.856276	0.851465	0.834753	0.866085	0.816394	0.835008	0.835802	0.837338	0.785213	0.850831	0.830565	0.790099	0.848678	0.875298	0.844754	0.844971	0.843264	0.817501	0.834753	0.827521	0.826339	0.851523	0.809325	0.853373	0.835008	0.866061	0.874828	0.816423	0.886153	0.83931	0.855116	0.886153	0.854568	0.813477	0.817501	0.834672	0.856276	0.853418	0.847195	0.837092	0.846889	0.848567	0.827521	0.76411	0.806516	0.879434	0.855163	0.857542	0.837338	0.859491	0.837245	0.733623	0.848567	0.809433	0.779119	0.793608	0.827521	0.826947	0.853238	0.846889	0.848567	0.833763	0.835367	0.829427	0.811646	0.846721	0.812114	0.827521	0.809325	0.832291	0.853238	0.825857	0.832073	0.870212	0.853132	0.8378	0.855757	0.826947	0.860056	0.846889	0.785213	0.859721	0.830602	0.816165	0.818413	0.844097	0.826339	0.844406	0.843483	0.844406	0.76411	0.821077	0.848567	0.779119	0.738861	0.833763	0.827521	0.831602	0.828372	0.832554	0.890704	0.813477	0.797808	0.831602	0.829063	0.835718	0.826947	0.826947	0.851523	0.8389	0.877514	0.785213	0.733623	0.842302	0.846889	0.826947	0.825454	0.856276	0.837245	0.825471	0.840723	0.845148	0.840209	0.817474	0.824299	0.802546	0.894897	0.84931	0.845982	0.804063	0.841418	0.866938	0.848808	0.853238	0.844097	0.86182	0.833047	0.860858	0.850831	0.811675	0.879434	0.810928	0.809658	0.827932
17000	slope	0.0728969	0.0607065	-0.0458505	-0.0211176	0.0222205	0.0520113	0.0741425	0.0228665	0.00481679	0.00404508	-0.00911403	0.0820957	0.0578901	-0.0466679	0.0129621	0.0575286	0.0373286	0.0976856	0.0677163	0.0315888	-0.0249426	0.030795	0.0608817	0.0859616	0.0757809	0.108777	0.0354121	0.0826658	0.0228665	0.00686841	0.116241	0.0254417	0.0327049	0.00291816	0.0575286	0.076563	0.0267544	0.0826658	0.0607065	0.0302346	0.0302532	0.00483663	0.040408	0.0904592	0.00667034	0.0914383	-0.00926614	0.0638535	0.0628579	0.0685147	0.0797903	0.0972809	0.00481679	0.0315888	0.0505632	0.021407	-2.79869e-05	0.0739389	0.0411342	0.040408	0.0667089	0.0123507	0.0373286	0.0167411	-0.0249426	-0.0159901	0.011529	0.0373286	0.0402109	0.0137536	0.0319815	0.0340396	0.0028751	0.0320995	0.0372477	0.0808492	0.0153326	0.013457	0.0914383	0.0716514	0.0215124	0.0181013	0.0852392	-0.00576494	0.0423923	0.0794969	0.0216513	-0.0223219	0.020864	0.05914	0.0237807	0.0237807	-0.0195791	0.0220932	0.0852392	0.0697523	0.0411647	0.0671207	0.0852392	0.017013	0.0372477	0.0873444	0.0607065	0.0577363	-0.0515695	0.0728969	0.00507674	0.00447767	0.0170157	0.0575286	-0.00583211	0.0373074	0.0823862	0.030844	0.0136659	0.0671207	0.0854859	-0.00576879	0.0812006	0.0946811	0.0028751	0.0202724	-0.0328714	-0.00765473	0.0766761	0.0151194	0.0728969	-0.00351384	0.0595578	0.0116586	0.0740791	0.0842518	-0.0194057	0.0136659	0.0622076	0.118885	0.0028751	0.00686841	0.0575286	-0.00576494	0.0512453	0.0191972	0.0400329	0.0685147	0.0325761	0.0358649	0.0904592	-0.00878069	0.0335167	0.0342268	-0.0174832	0.0204361	0.0651875	0.00860077	0.0113261	0.0532717	0.0820957	-0.0104548	0.0400302	-0.0155083	0.00455611	-0.00306071	-0.0249426	-0.0057104	0.0151194	-0.0249426	0.0182276	-0.00400363	0.0237807	0.0228665	0.0757809	0.020864	0.112302	-0.00386106	-0.0241097	0.0105322	0.0280442	-0.0119328	-0.0159901	0.0028751	0.0932959	-0.00765473	-0.00576494	0.0237152	0.0689025	-0.0145779	0.0284848	-0.0176139	0.0373286	-0.0140188	-0.00400363	0.0904592	0.0880839	0.0440335	0.0537274	0.0254417	0.0179319	0.0735784	0.0685147	0.0374651	0.0607065	0.0327049	-0.0211176	0.0320758	0.0777289	0.013457	0.0958456	0.0914383	0.00628496	0.0607065	0.00203608	-0.00400363	0.0795946	0.0685147	0.0728969	-0.00963973	-0.0419432	0.040408	0.0215124	0.0706664	0.0638535	0.0116586	0.00686841	0.0578901	-0.00878069	-0.0159006	0.0651875	-0.0390275	0.0274688	0.0890423	-0.0194057	0.0137536	0.0360154	0.0771647	0.0139309	0.0960712	0.0795946	0.0373286	0.0315888	0.0483554	0.0567689	0.00234713	0.0373074	0.0949067	-0.0211176	0.030795	0.00481679	0.0964802	-0.0386885	0.0237807	0.0689025	-0.00386106	0.0651875	-0.0121745	0.0795946	-0.00499746	0.00559636	0.0839786	0.0578901	0.0119327	0.0667089	0.0461031	0.040408	0.0914383	0.0932959	0.00686841	0.00345553	0.00507674	0.0757809	0.0237807	-0.0249426	0.0237807	-0.00852736	0.0932959	0.0685147	-0.0194057	0.00481679	0.0182276	-0.00765473	0.0826658	0.0274688	0.0684892	0.0784348	0.00481679	-0.00847668	-0.0249426	0.0716514	-0.0249426	0.0356081	0.0215124	-0.0249426	-0.0113485	0.0820957	-0.0177531	-0.00847668	-0.0480661	0.0591431	0.0237637	0.0721087	0.087308	0.0182276	0.0854859	0.0680414	0.00928382	0.0852392	0.0280442	0.0626247	0.030795	0.0653406	0.0151194	0.0631905	0.027839	0.0276516	0.0820957	0.0575286	0.0671207	0.0873444	0.0455635	0.0356081	0.0261843	0.0159741	-0.0249426	0.0440335	-0.0249426	0.00397952	0.0707727	-0.0261065	0.076563	0.0222205	0.0685147	-0.005729	0.00238079	0.0914383	0.0680414	0.0641785	0.0255924	0.0373286	-0.0159901	0.0706664	0.0852392	0.0575286	0.0685147	0.0884427	-0.0155083	0.0137536	-0.0038499	0.0423414	0.0137536	-0.0723707	0.0202724	-0.00386106	-0.00047855	0.0638535	-0.0249426	0.0777289	0.0689718	0.0777289	-0.00852736	0.0129621	0.0267544	0.00481679	0.0608817	0.0914383	0.013457	0.0854859	7.92295e-05	0.0914383	0.108777	0.104393	-0.0106753	0.0267544	0.0090973	0.00507674	-0.00852736	0.053931	-0.0140188	0.0689025	0.0137536	-0.00765473	-0.00852736	-0.00881875	0.0373286	0.0288698	0.0808492	0.0356081	0.0168702	0.0451504	-0.00672631	0.0651875	0.094286	0.0237807	0.0267544	0.0267544	0.0225384	0.00481679	0.0345509	-0.0113485	0.0237807	0.0420299	0.0137536
17000	intercept	0.797421	0.835875	0.839859	0.88148	0.846838	0.846873	0.810956	0.837499	0.87813	0.846563	0.870761	0.801477	0.846464	0.83419	0.850083	0.845558	0.814968	0.811537	0.840166	0.847159	0.871485	0.845418	0.812536	0.820516	0.813846	0.784186	0.799581	0.792299	0.837499	0.863957	0.796988	0.894334	0.831629	0.839357	0.845558	0.790784	0.845418	0.792299	0.825117	0.826491	0.830517	0.855018	0.859067	0.833972	0.824142	0.814199	0.837545	0.840166	0.851604	0.841872	0.831143	0.821085	0.904978	0.847159	0.858516	0.869626	0.826637	0.810956	0.854031	0.859067	0.826272	0.875969	0.811606	0.837499	0.871485	0.864008	0.855762	0.827861	0.837499	0.866189	0.827242	0.845418	0.862563	0.836931	0.827861	0.809006	0.852238	0.842224	0.814199	0.835106	0.838521	0.847195	0.832941	0.841966	0.836125	0.85109	0.846631	0.843532	0.862702	0.840951	0.836098	0.837499	0.871485	0.823955	0.832038	0.806261	0.845558	0.810956	0.832038	0.854548	0.827861	0.803071	0.829374	0.803252	0.900277	0.803252	0.844908	0.873974	0.870071	0.845558	0.829234	0.85447	0.815714	0.832709	0.86913	0.810956	0.849043	0.843223	0.815327	0.819645	0.862563	0.859481	0.839516	0.843972	0.801477	0.88413	0.806971	0.844937	0.829776	0.850598	0.825069	0.824109	0.871485	0.864745	0.834431	0.809983	0.862563	0.854289	0.845951	0.844528	0.823341	0.87813	0.804347	0.841872	0.866727	0.852505	0.828039	0.845504	0.810544	0.799581	0.849306	0.850736	0.831468	0.861414	0.846612	0.843285	0.805041	0.849449	0.8259	0.845416	0.851886	0.833041	0.8894	0.836435	0.88413	0.871485	0.831478	0.849449	0.837499	0.837499	0.82388	0.862702	0.810458	0.870143	0.841537	0.838416	0.799581	0.847331	0.841735	0.862563	0.843491	0.843972	0.844528	0.832734	0.795062	0.841236	0.854371	0.846782	0.817387	0.852356	0.856764	0.828039	0.83014	0.808353	0.80492	0.894334	0.838672	0.810509	0.841872	0.845565	0.825117	0.831629	0.88148	0.847371	0.796692	0.842224	0.828039	0.819645	0.854127	0.829374	0.857241	0.849449	0.825069	0.841872	0.803252	0.850887	0.861112	0.859067	0.838521	0.806971	0.840166	0.851371	0.817662	0.84443	0.845504	0.871485	0.825184	0.867445	0.840442	0.804825	0.871485	0.875445	0.822798	0.82166	0.854521	0.819645	0.82166	0.827861	0.847159	0.845558	0.809224	0.840848	0.85447	0.795943	0.88148	0.845418	0.873974	0.819562	0.83419	0.837499	0.795062	0.870143	0.827919	0.859486	0.831143	0.844937	0.861414	0.849043	0.85072	0.833485	0.826272	0.858118	0.859067	0.814199	0.829169	0.844263	0.820571	0.844908	0.822167	0.836098	0.873779	0.837499	0.846717	0.829169	0.841872	0.871485	0.864056	0.831478	0.843972	0.792299	0.840442	0.815844	0.792299	0.893594	0.881139	0.864884	0.835106	0.884558	0.816212	0.849449	0.873779	0.849449	0.801477	0.849449	0.881139	0.846031	0.809224	0.866581	0.816696	0.819623	0.803327	0.849043	0.828039	0.859328	0.831329	0.799581	0.834456	0.844361	0.846328	0.88413	0.821638	0.859481	0.816212	0.805041	0.845558	0.810956	0.803071	0.834494	0.816212	0.859707	0.862563	0.873554	0.808353	0.874534	0.833095	0.820516	0.841735	0.813646	0.855524	0.841872	0.841966	0.846992	0.819645	0.828039	0.816696	0.849674	0.827861	0.864855	0.806971	0.831329	0.845558	0.841872	0.804825	0.838327	0.870609	0.85369	0.832391	0.870609	0.829093	0.859481	0.870143	0.853613	0.843184	0.871485	0.799513	0.825117	0.825853	0.846717	0.850083	0.845418	0.873974	0.812536	0.814199	0.842224	0.849043	0.862293	0.819645	0.784186	0.826574	0.846782	0.840806	0.838854	0.844908	0.846717	0.830986	0.852356	0.795062	0.836279	0.828363	0.846717	0.859486	0.811606	0.836496	0.809006	0.816212	0.847403	0.791387	0.834639	0.825184	0.811537	0.839001	0.845418	0.845418	0.854825	0.873974	0.816212	0.863478	0.837499	0.806049	0.870609
18000	slope	-0.00695516	0.0699571	0.0397412	0.0750303	0.0378414	0.0172288	0.00210347	0.0522019	0.062703	0.0807212	0.0832591	0.0550039	0.00527526	0.0117861	0.0563757	0.0727363	0.00309759	0.00741114	-0.00493967	0.0845647	0.0640372	0.0557163	0.131359	0.0286237	0.0832659	0.0737228	0.0437651	0.0286237	0.0757598	0.0458149	0.0454182	0.043446	-0.010426	0.0161528	0.0720525	0.00326073	0.0286398	0.050223	0.0490718	0.0821669	-0.032392	0.0286237	0.0550039	0.0507636	-6.33473e-05	0.000688958	0.0444757	0.0364005	0.0595932	0.0574004	-0.0110773	0.0106256	0.00326979	0.0109135	0.0451782	0.0058437	0.0916601	0.116157	0.0157021	0.0811246	0.0537082	0.0751389	0.0475039	0.0607845	0.0557163	-0.0166548	0.0278178	0.00622282	0.0550039	0.0185657	0.0248005	0.0375484	0.0458978	0.0151604	-0.0133812	0.063446	0.0563757	-0.00695516	0.00527526	0.0286398	0.0286237	0.0437651	0.0549293	0.0151604	0.0161286	0.0397412	0.120189	-0.00304057	0.0836347	0.0421644	0.0778362	0.0782344	0.0341415	0.0388337	-0.0118907	0.0233061	0.0335026	0.0898042	0.0251162	0.0440921	0.0501099	0.0176196	0.121932	0.0151604	0.0151604	0.0389536	0.0522019	0.0729483	0.0235502	0.0317777	0.0916601	0.0338417	0.0149556	-0.0110773	0.0647603	0.0768593	0.0496118	0.0574618	0.0570079	0.00210347	-0.00576494	-0.0110773	0.0161286	0.100682	0.0932692	0.0491681	0.0845335	0.0492039	0.0558242	0.00210347	0.0845647	-0.0249426	0.0556075	0.10021	0.045242	0.0251162	0.100364	0.0345037	0.0272405	0.077873	0.0617917	0.0677073	0.122549	0.0235004	-0.00575885	0.0361395	0.0412693	0.0378414	0.00590682	0.0209337	0.0421644	0.0863574	0.0732284	0.0949492	0.0932692	0.0358566	0.0151604	0.0259022	0.0898042	0.0975369	0.0916601	0.0607845	0.0727363	0.00309759	0.0891904	0.0120141	0.00781916	0.0749403	0.0373812	0.000688958	0.0168564	0.0556075	-0.0032231	0.0378414	0.0557163	0.0065582	0.00309759	0.0508226	-0.0110773	0.0421644	0.0158975	0.0421644	0.00629525	0.0271811	0.0117861	0.00239815	0.0757598	0.0578453	0.00812511	0.0720758	0.130618	0.0863574	-0.00658322	0.0544987	0.0438741	0.0249176	0.120189	0.00539424	0.000688958	0.0821669	0.0151604	-0.00695516	0.112419	0.0286237	-0.00493967	0.0065582	0.130469	0.0628984	0.0886616	0.00741114	0.0444757	0.0556075	0.098312	0.00309759	0.0557163	0.0732284	0.130469	0.0611116	0.0939808	0.009106	0.0727363	-0.00372046	0.0475039	0.11958	0.00416189	0.0209497	0.0065582	0.0627708	0.0345037	-0.0231484	0.0151604	0.0595932	0.0151604	0.018926	0.0065582	-0.0109007	0.007375	0.116157	0.00525684	-0.0249426	-0.0249426	0.102005	-0.0138212	0.0550039	0.0065582	0.00376945	0.0863574	0.0711805	0.0364005	0.0458149	0.0491681	0.0647395	0.007375	0.0338676	0.0235004	0.0556565	-0.0249426	0.0458978	0.0259022	0.0702771	0.00135015	0.0209497	0.109601	0.0863356	0.0492039	0.0361395	0.0673032	0.0172288	-0.00449215	0.0421644	0.056468	0.0395776	0.0117861	0.0151604	0.121005	0.0916601	-0.0160144	0.0685763	0.0164977	0.0501099	0.0899887	0.0496118	0.0749403	0.00693635	0.0172288	0.0451782	0.0233061	0.0716438	0.0507636	0.0065582	0.0815779	0.015195	0.0492039	0.070183	0.0929788	0.018392	0.0949492	-0.00449215	0.00788555	0.0421644	0.0958688	0.00946823	0.0323939	0.0929788	0.0151604	-0.0184001	0.0737228	0.0375484	0.112768	0.0815779	0.120794	-0.0249426	0.0217873	0.0729483	0.0975369	0.0209497	0.0556565	-0.0188669	0.0507636	-0.00464139	0.0607845	0.0751389	0.00809025	0.00792856	0.0378054	0.068809	0.0556565	0.0811246	0.0092194	0.0271811	0.0273194	-0.0166548	0.086693	0.0840013	0.00309759	0.102005	0.102005	0.0259022	0.0522019	0.0365578	0.0556565	-0.0132622	0.0178227	0.00964893	0.0230609	0.133103	0.0231623	0.0152879	0.0722708	0.0420888	-0.0110773	-0.00464139	0.0765671	0.0898042	0.0278178	0.0749403	-0.000512982	-0.0122067	0.0876661	0.0475039	0.0404815	0.0293715	0.11958	-0.0113133	0.0716438	-0.00246023	0.0556565	-0.0110773	0.100407	-0.00698533	0.0463264	0.0929788	-0.0249426	0.0209497	0.0556565	0.0151604	0.0248005	0.0865564	0.068809	0.00693635	0.0847718	-0.000140277	0.0235004	0.00382987	0.0454182	0.0273194	0.0278178	-0.00669271	0.0627708	-6.33473e-05	0.00525684	0.0157021	0.0574585	0.0550039	0.0235004	0.122549	0.0975369	0.015195	0.046676	0.00788555
18000	intercept	0.882241	0.841496	0.808746	0.873125	0.844539	0.863427	0.814895	0.821191	0.84987	0.836944	0.843877	0.847704	0.868068	0.840623	0.834601	0.873125	0.859115	0.855918	0.883667	0.820224	0.8336	0.829068	0.790542	0.824937	0.875926	0.815004	0.863582	0.824937	0.836944	0.819732	0.840352	0.85384	0.858816	0.856795	0.809552	0.856491	0.828544	0.839061	0.822418	0.851323	0.863984	0.824937	0.847704	0.819886	0.853716	0.858067	0.779302	0.873686	0.841131	0.844539	0.845728	0.861621	0.891633	0.84802	0.855029	0.870279	0.8244	0.810196	0.869669	0.835743	0.859282	0.817697	0.838859	0.821583	0.829068	0.846018	0.830564	0.833078	0.861237	0.847294	0.864022	0.84756	0.861737	0.833934	0.838456	0.858774	0.834601	0.882241	0.86372	0.828544	0.824937	0.855088	0.806574	0.833934	0.846465	0.808746	0.810196	0.816075	0.840278	0.867277	0.83378	0.786104	0.840097	0.82647	0.871232	0.819834	0.841541	0.860283	0.825065	0.839472	0.82271	0.841541	0.797228	0.843006	0.835537	0.853076	0.831305	0.814684	0.843286	0.858067	0.8244	0.85442	0.826427	0.857477	0.86877	0.876269	0.875183	0.841706	0.834645	0.814383	0.847764	0.845728	0.844676	0.816676	0.833819	0.842506	0.82334	0.80307	0.82186	0.814895	0.833572	0.850077	0.86981	0.801083	0.803688	0.825065	0.818299	0.814812	0.839285	0.822493	0.826128	0.827794	0.795943	0.843286	0.861025	0.821175	0.839255	0.84546	0.842058	0.81311	0.876175	0.825577	0.843528	0.808499	0.833819	0.830714	0.833934	0.832914	0.856104	0.836955	0.836944	0.821583	0.873125	0.861621	0.820039	0.839285	0.834547	0.828222	0.866015	0.874393	0.826726	0.869323	0.852847	0.844539	0.829068	0.844676	0.861621	0.825318	0.857477	0.867277	0.839595	0.873974	0.862515	0.840623	0.840623	0.789993	0.836944	0.82981	0.823769	0.80073	0.824955	0.821638	0.832441	0.851529	0.839451	0.858067	0.810196	0.861279	0.858067	0.851323	0.835537	0.882241	0.790542	0.824937	0.883667	0.836202	0.790811	0.844539	0.815761	0.863933	0.779302	0.869323	0.804068	0.856225	0.829068	0.810357	0.78739	0.857707	0.814988	0.864252	0.873125	0.855067	0.814395	0.826191	0.872291	0.841541	0.833313	0.896012	0.82485	0.871232	0.835537	0.841131	0.835537	0.83462	0.839381	0.847778	0.807971	0.810196	0.837932	0.850077	0.864856	0.814629	0.864315	0.847704	0.836202	0.837426	0.82493	0.805901	0.873686	0.809319	0.842506	0.857275	0.841379	0.858006	0.847962	0.847473	0.862779	0.861737	0.847276	0.821681	0.819246	0.841541	0.794254	0.821178	0.817799	0.821175	0.795905	0.863427	0.843297	0.867277	0.847473	0.868113	0.840623	0.833934	0.804068	0.836944	0.867154	0.83091	0.814383	0.82271	0.826585	0.881854	0.828222	0.85347	0.863427	0.849769	0.817182	0.808643	0.817836	0.847673	0.801263	0.842123	0.817799	0.856004	0.804387	0.863427	0.808499	0.847666	0.871232	0.867277	0.836944	0.828121	0.838482	0.817482	0.833934	0.861621	0.815004	0.84756	0.814629	0.801263	0.771148	0.850077	0.857584	0.814684	0.831693	0.841541	0.847473	0.8345	0.819886	0.880161	0.821583	0.817697	0.851389	0.855602	0.814395	0.873125	0.847473	0.835743	0.848982	0.840623	0.832448	0.846018	0.805326	0.79848	0.861621	0.815928	0.814629	0.847276	0.831305	0.819886	0.847473	0.847778	0.846909	0.867709	0.870682	0.805104	0.827288	0.828599	0.81692	0.846442	0.85367	0.870506	0.826181	0.851323	0.858067	0.828222	0.861621	0.863984	0.833016	0.814395	0.86996	0.857889	0.826191	0.792112	0.808643	0.835537	0.847473	0.857477	0.801083	0.881183	0.828222	0.804387	0.862779	0.841541	0.847473	0.833934	0.863933	0.808643	0.873125	0.871232	0.850551	0.855447	0.843286	0.858067	0.840352	0.841541	0.830564	0.870506	0.869172	0.853716	0.855602	0.863933	0.794301	0.861237	0.843286	0.795943	0.831693	0.842123	0.78631	0.871232
19000	slope	0.056589	-0.0277227	0.0466276	-0.00117142	0.000392987	0.0424777	-0.0279148	0.0719021	0.00367656	0.0635371	0.0827104	0.0752902	-0.024765	0.0934683	0.0676727	0.0440769	-0.00412012	0.0410867	0.0274537	0.0728056	-0.024765	-0.00664291	-0.0189148	0.111924	-0.00821728	0.0476071	0.0773951	-0.0286689	0.0137116	0.10191	-0.00705325	0.0376041	0.0834263	0.0575386	0.0351858	-0.0261484	-0.00575852	0.0820015	0.0307552	-0.0036023	0.0528105	0.0659946	0.0261256	-0.00117142	-0.0279148	-0.025124	0.0826874	0.0858891	0.0155887	0.03077	0.00448874	0.0996374	0.119067	0.0742486	-0.0504773	0.110078	0.129042	0.0233455	0.111496	0.011624	0.0551537	-0.0504773	0.0604468	-0.00100016	-0.0374832	0.0635076	-0.0152581	0.0876473	0.0672105	0.104333	-0.0196553	0.110078	0.0193823	0.0774506	0.0480051	0.0148103	0.0814156	0.0590826	-0.0279148	0.0218338	0.0166481	0.0827104	-0.0297625	0.0515712	-0.025124	0.0981693	0.0133073	0.00435879	0.03077	0.0136157	0.1011	0.121235	0.0302547	0.0714616	0.0814156	0.0101514	0.111924	0.0277204	0.0844307	0.0936732	0.00820884	0.00561504	0.126664	0.0912495	0.018431	0.0981693	0.0592223	0.0908074	0.07377	-0.0292504	0.0446664	0.0773785	0.0177191	0.00419302	0.0012627	0.0562271	-0.0212017	0.112328	0.0218338	0.0116478	0.0592952	0.0773951	0.0844363	0.104046	0.108049	0.0827104	0.0366814	0.0714033	0.000392987	0.0294569	0.0814156	0.0271286	0.0101514	0.0318201	0.115433	0.0504756	0.0967552	0.0263651	0.0263651	0.00259736	0.0116478	0.0126568	0.0804055	0.0829991	0.0453377	0.119067	-0.0177797	0.0244194	-0.0332347	-0.0142093	-0.0261484	0.0876473	0.066141	0.0921768	0.0996374	0.104046	0.0294569	0.0204668	-0.0467089	0.00109923	0.0403406	0.056825	0.115279	0.00661153	-0.00485116	0.104046	0.0377901	0.0424777	0.0996374	-0.045923	0.0193823	0.0409628	0.0328532	0.0621258	-0.0497245	0.0523793	0.0855757	0.0377263	0.0708859	0.0855757	0.0793026	0.0218512	0.00132198	0.0693948	0.0229391	-0.0333157	0.0814156	0.115271	0.0302547	-0.0143588	0.0469717	0.0350187	-0.00163277	-0.022733	0.0302547	-0.0148053	0.00246919	0.00259736	0.0779884	-0.00485116	0.0659946	0.0419967	0.0981693	0.0820015	-0.0286689	0.10191	0.0703169	0.110078	-0.0155827	-0.0145393	0.0409165	0.0996374	-0.0374454	0.115654	0.00840505	-0.0193315	0.119067	0.0804055	-0.0167283	0.0318004	0.0814156	0.0221853	0.0046542	0.00840505	0.0533683	0.0143115	0.100689	0.00259736	0.104046	0.021427	0.0405165	0.0617858	0.0218338	0.0844363	-0.00485116	0.0328532	-0.030371	0.0935862	-0.024765	-0.000132996	0.0218512	-0.0145108	0.000601701	0.0143115	0.0178567	0.0952716	0.0261456	0.0935862	0.0440161	-0.0142093	0.0814156	-0.0152581	0.0278128	-0.000527785	-0.00485116	0.0996374	0.00748766	0.106423	0.0244194	-0.00300556	0.0936732	0.0137778	0.013137	0.0561811	-0.022097	0.0133073	-0.0130891	0.0410867	0.0438595	0.00554438	0.0023648	-0.0427963	0.0582194	0.104046	0.00840505	0.0998442	0.0528136	-0.0147402	0.024404	-0.0427963	0.0738869	0.0861925	0.0134545	-0.00821728	0.000392987	-0.0131194	-0.0155827	0.0366814	0.126664	0.0302547	0.0361945	0.021427	0.00282261	0.0843189	0.0244194	-0.00100016	0.0952716	0.119067	-0.0268356	0.0676727	0.0177387	-0.0142093	0.0996374	0.0988278	0.0793026	-0.00117142	0.0412936	0.100931	0.0268538	-0.0113325	0.0652862	-0.0217181	0.0134545	0.0268538	0.0233455	0.0532379	0.0201334	0.000392987	-0.0602951	0.1011	0.00282261	0.104504	0.000392987	0.0444084	0.0793026	0.105547	-0.0286689	0.0476071	0.129042	0.0361945	-0.0145108	0.0218338	0.00698323	0.0410867	0.0328532	0.113809	0.0178567	0.0996374	-0.0155827	0.0843942	0.0412491	-0.000527785	0.0873825	0.0233455	0.0345652	0.0934683	-0.0438593	0.0480827	0.0440161	0.0938606	0.0023648	0.056825	0.0101514	0.0263694	0.021427	0.0226774	0.0936465	0.0274973	0.0294569	0.068483	0.0592952	0.100931	0.0143115	0.115654	0.0409628	0.0131974	-0.0201475	-0.0145108	0.0782421	0.091248	0.0424777	-0.029498	-0.0261484	0.0998442	0.0814156	0.115921	0.0064211	0.0178567	0.0814156	-0.00287328	0.0884775	0.0551846	0.066141	-0.0261484	0.0952716	-0.00822027	-0.0131194	0.113809	0.104046	0.0116478	0.102497	0.0773951	0.111924	0.0396829	0.0578052	-0.0602951	-0.0747196	0.056825	-0.0180304	0.00282261
19000	intercept	0.852077	0.859966	0.831649	0.807457	0.851156	0.822774	0.834215	0.810932	0.830654	0.813453	0.814758	0.813621	0.842863	0.838947	0.786313	0.834496	0.832989	0.820633	0.858909	0.816971	0.843884	0.837011	0.841151	0.803256	0.844272	0.816871	0.809402	0.871444	0.823685	0.816971	0.852504	0.836069	0.859515	0.79834	0.843046	0.876423	0.86396	0.806188	0.836786	0.863188	0.837571	0.834767	0.842163	0.807457	0.834144	0.869132	0.810932	0.833608	0.862661	0.856435	0.828473	0.803746	0.80317	0.805865	0.857208	0.813065	0.813276	0.868476	0.786858	0.817035	0.812855	0.857208	0.822571	0.891833	0.862298	0.855831	0.810262	0.792264	0.813357	0.785566	0.880552	0.813065	0.809119	0.820376	0.853041	0.871312	0.81288	0.813053	0.834215	0.811118	0.857962	0.814758	0.896646	0.821548	0.869132	0.800895	0.849548	0.814579	0.856435	0.81464	0.837597	0.808316	0.825672	0.813341	0.81288	0.806178	0.803256	0.818183	0.822879	0.811447	0.857412	0.883111	0.803244	0.813621	0.840102	0.800895	0.801348	0.798973	0.813621	0.877492	0.835386	0.846525	0.880939	0.896009	0.811118	0.833578	0.856727	0.772696	0.802843	0.830351	0.809182	0.809402	0.816971	0.828109	0.798375	0.814758	0.827346	0.810932	0.837658	0.844626	0.81288	0.870079	0.806178	0.856822	0.787728	0.877089	0.811967	0.834252	0.834252	0.844292	0.832295	0.849548	0.838026	0.835484	0.834252	0.800025	0.86248	0.826612	0.869132	0.869314	0.876423	0.792264	0.801348	0.813045	0.800807	0.8165	0.844626	0.810499	0.862298	0.848955	0.837853	0.884179	0.800895	0.860336	0.854713	0.8165	0.840121	0.822774	0.796515	0.88745	0.811118	0.789418	0.845623	0.843248	0.871356	0.836447	0.796515	0.870551	0.845634	0.796515	0.8111	0.836786	0.846021	0.841907	0.837061	0.863188	0.81288	0.802449	0.826726	0.825671	0.838038	0.826174	0.863824	0.842347	0.823771	0.821156	0.839254	0.844292	0.821859	0.845859	0.844339	0.820491	0.800895	0.798973	0.874794	0.816971	0.786313	0.813065	0.864199	0.836957	0.870079	0.800807	0.834015	0.780856	0.883227	0.863824	0.800025	0.838026	0.885217	0.836786	0.81288	0.849548	0.854452	0.883227	0.831671	0.859952	0.818308	0.844292	0.826131	0.825384	0.805235	0.82085	0.811118	0.806125	0.854713	0.845623	0.848904	0.800895	0.854887	0.833285	0.836786	0.869459	0.84884	0.859952	0.846926	0.841907	0.829816	0.803106	0.859355	0.86248	0.81288	0.810262	0.862271	0.882624	0.854713	0.796515	0.86494	0.783813	0.826612	0.862816	0.811447	0.814579	0.855996	0.808692	0.880552	0.860557	0.830982	0.820633	0.81971	0.875278	0.860336	0.862298	0.827301	0.837597	0.883227	0.806192	0.808008	0.874794	0.828339	0.862298	0.810932	0.838026	0.827604	0.844272	0.851156	0.867066	0.849339	0.827346	0.803244	0.823771	0.831096	0.825384	0.842423	0.817288	0.826612	0.878406	0.841907	0.80317	0.848904	0.792013	0.817222	0.860709	0.796515	0.803331	0.8111	0.800382	0.808692	0.817021	0.854671	0.835789	0.827715	0.860174	0.827604	0.858908	0.868476	0.821574	0.834961	0.846779	0.865908	0.837597	0.842423	0.806192	0.851156	0.802592	0.8111	0.770943	0.874794	0.803997	0.813276	0.831475	0.869459	0.811118	0.853546	0.820633	0.845623	0.787673	0.84416	0.803746	0.839404	0.822879	0.820445	0.896009	0.827685	0.868476	0.874478	0.838947	0.858862	0.821378	0.859355	0.793683	0.860336	0.884179	0.806178	0.805235	0.825384	0.85982	0.790584	0.870079	0.844626	0.835997	0.809182	0.817021	0.859952	0.780856	0.789418	0.806178	0.89921	0.868625	0.810932	0.802245	0.822774	0.878599	0.876423	0.806192	0.81288	0.80007	0.853441	0.84416	0.81288	0.81172	0.8111	0.868226	0.793256	0.878599	0.851214	0.8637	0.867066	0.787673	0.826131	0.832295	0.811859	0.809402	0.803256	0.85762	0.868431	0.865908	0.870706	0.884179	0.834215	0.842423
20000	slope	0.0463717	0.0226905	-0.0309723	-0.0533785	0.128635	0.0593617	0.0243734	-0.0509694	0.0241247	-0.00145285	0.0400241	0.0524837	0.0386941	0.0683287	-0.0155961	-0.0131744	0.0750055	0.0133734	0.0553845	0.09093	0.0792612	0.0972275	0.0364016	0.0241305	0.042407	0.0859154	0.00090548	0.0121356	0.0699277	0.0712051	0.0380019	0.033076	0.00467455	0.0463717	0.00410541	0.133726	0.0303462	0.0284328	0.0440878	-0.0307602	0.0252135	-0.0197195	0.0367635	-0.00645512	0.108776	-0.00318468	-0.00238949	0.0529277	0.0418395	-0.0177599	0.120673	0.106849	0.0410688	0.0728647	-0.0131744	0.0421047	0.0383471	0.0080164	-0.00510226	-0.00237386	0.101369	0.0852403	0.0517597	0.00467455	0.0913311	0.0750055	-0.0169169	0.0859154	-0.0419567	0.0380019	0.0486879	0.116917	-0.0129442	-0.00318468	0.0337429	0.0195121	-0.0377921	0.0972275	0.0282523	0.0734446	0.0828949	0.0440878	0.0322	0.0140655	0.0764672	-0.0275855	-0.0214371	-0.0307602	0.0386095	-0.0197195	-0.022567	0.0732564	-0.0214371	0.0152746	0.0133734	0.0624194	0.0400853	0.0734446	0.0916363	-0.00510226	0.0683287	-0.0451229	0.0517597	-0.033659	0.0195121	0.065229	0.0595649	-0.0155525	0.0140655	-0.011622	0.0240962	-0.0441983	0.0732239	0.0615238	0.0537035	0.0701608	0.0887864	0.0701608	0.0362472	0.120673	0.0179703	-0.0201918	-0.0205338	0.0792612	0.0497749	0.0846052	0.120673	-0.0134914	-0.00318468	0.06924	0.0366627	0.109462	0.0859154	0.1114	0.0668245	0.0889324	-0.0141585	0.0516479	0.0364534	0.0272903	0.0928097	-0.0079744	0.0910204	0.0929291	0.0676183	0.0129447	0.102081	0.0629135	0.0629135	0.0683287	-0.0186385	0.0610815	0.0527765	0.043344	-0.0134914	-0.0141585	0.109462	0.0839488	0.0259776	-0.00135018	0.119152	-0.00912275	0.0140655	-0.0134914	0.0622768	0.0140655	0.0364536	0.024986	0.0304348	0.082313	-0.0197195	-0.0309723	0.0701608	0.0252135	0.00550647	0.0476459	-0.0023605	0.0996301	0.0902433	0.116917	0.042407	0.0400853	-0.00188308	0.0585712	0.0736696	-0.00318468	0.0425623	0.00090548	-0.0233867	0.0542722	0.0537101	0.117602	-0.0307602	0.0322165	0.00090548	-0.0101716	-0.0410523	0.0801176	0.0382489	0.0330439	-0.00318468	0.100751	-0.037496	0.100751	0.120673	0.0124612	0.0710778	-0.00135018	0.122616	0.113474	-0.0410523	0.0445261	0.0244473	0.0133734	0.0272903	0.0935694	-0.0521974	0.0764672	-0.0134914	0.0524741	-0.0131744	0.128635	0.0561865	0.0194926	-0.0187902	0.0226905	0.0274233	-0.0233867	0.134827	0.120673	0.0875793	0.0695245	-0.00510226	0.0852403	0.0269058	0.0779965	0.0517597	0.0220011	-0.0049855	0.0602004	-0.0141585	0.0124612	-0.0176128	0.00283335	0.0547649	0.082313	0.0537035	0.0226905	0.0406934	0.00864465	0.0537035	-0.0521974	0.100819	0.128635	0.0140655	0.0386095	-0.00211961	-0.0187902	0.0733546	0.033076	0.0972275	0.00090548	0.0524742	-0.00645512	-0.00145285	0.0846052	0.09093	0.0463671	0.115964	0.0774058	0.0400853	0.045429	0.00459765	-0.031267	0.0537035	0.0226905	0.0683287	0.122594	0.0927932	0.00090548	0.0774058	0.128635	-0.0441983	0.116917	-0.0419567	0.0400853	0.022756	0.0140655	-0.0484599	0.117602	0.019582	0.0735187	0.0537101	0.0629135	0.104196	0.0923472	-0.011622	0.0764223	0.116917	-0.00157037	-0.0141585	0.0529277	0.0889324	0.0734446	0.117602	-0.0178954	0.101369	0.0752906	0.133726	0.0226905	0.0284328	-0.0141585	-0.0441983	0.0779965	0.0443742	0.0440808	-0.00645512	0.0650825	0.0516479	0.0408344	-0.00318468	0.00467455	0.0930367	0.0517597	0.0735187	0.133413	0.0380019	0.00614174	0.0400853	0.100751	0.0802796	-0.0141585	0.0948876	0.110404	0.0366627	0.0972275	-0.0292415	0.0886682	0.0537035	-0.00322503	0.0764223	0.0140655	0.0144869	0.0284328	0.110404	0.00410541	0.0167611	0.0366627	0.0710778	0.0783633	-0.0141585	-0.0134914	0.0828949	0.0733546	-0.0141585	0.0811217	0.0380019	0.0913311	0.0488921	0.113474	0.043344	0.078917	0.0463717	-0.0187902	-0.00322503	-0.00145285	0.134827	0.00410541	0.0425623	-0.0155961	-0.0141585	0.0622768	0.0735187	0.0670107	0.00533615	0.0383471	-0.0292415	0.0935694	0.0597242	-0.0131744	0.0956419	0.0374269	0.09093	-0.0509694	-0.00510226	-0.0129442	0.0380019	0.116917	0.0517426	0.0902433	0.0167611	0.0418817	0.0828949	0.0133734	0.0151115	0.0304348	0.0701608	0.0774058	0.0227394	0.116154
20000	intercept	0.836229	0.859113	0.841959	0.87578	0.769378	0.837126	0.80715	0.86819	0.851819	0.835781	0.854073	0.794941	0.844739	0.791776	0.831714	0.871877	0.797525	0.835875	0.832062	0.837552	0.79965	0.809097	0.865702	0.851747	0.823985	0.800712	0.839531	0.856905	0.810291	0.808549	0.861004	0.807304	0.830311	0.836229	0.873087	0.801437	0.856975	0.851482	0.818718	0.830821	0.843983	0.814682	0.837322	0.848811	0.818251	0.834501	0.852601	0.814077	0.817957	0.852128	0.782405	0.755034	0.835228	0.791776	0.87445	0.851565	0.831846	0.845924	0.859329	0.848434	0.828177	0.808695	0.818219	0.830311	0.824914	0.819385	0.873287	0.794416	0.868485	0.849409	0.841547	0.769204	0.851544	0.834501	0.84416	0.836229	0.852712	0.81771	0.84556	0.808423	0.818478	0.818718	0.864231	0.825337	0.791776	0.848456	0.861755	0.830821	0.818219	0.837293	0.871477	0.804881	0.861755	0.873229	0.835875	0.833789	0.84606	0.808423	0.814253	0.859329	0.791776	0.837984	0.823783	0.863254	0.836229	0.818548	0.803022	0.863546	0.825337	0.869484	0.848535	0.850093	0.83957	0.818963	0.806172	0.805299	0.810113	0.788977	0.82835	0.795846	0.829219	0.864815	0.867205	0.807512	0.832062	0.804573	0.769518	0.863254	0.834501	0.826657	0.8207	0.828177	0.799177	0.784341	0.831455	0.79355	0.869704	0.815487	0.831436	0.824597	0.81021	0.834501	0.810937	0.824478	0.81316	0.884575	0.81021	0.796891	0.794639	0.791776	0.864114	0.855274	0.844672	0.853247	0.863254	0.869704	0.828177	0.801814	0.817879	0.831772	0.782405	0.832418	0.825337	0.863254	0.822603	0.825337	0.788459	0.830088	0.849473	0.812752	0.837293	0.841959	0.805299	0.843983	0.835276	0.859354	0.823942	0.857938	0.835276	0.769204	0.810519	0.84606	0.88012	0.801636	0.816577	0.834501	0.836229	0.839531	0.852128	0.820241	0.830809	0.806054	0.830821	0.859715	0.819222	0.871877	0.86819	0.801865	0.899111	0.821356	0.834501	0.809097	0.871548	0.809097	0.784341	0.888663	0.80945	0.831772	0.77533	0.800067	0.87653	0.822411	0.791503	0.814147	0.824597	0.835492	0.853297	0.794682	0.863254	0.830894	0.871877	0.769378	0.829832	0.842467	0.882313	0.853143	0.832821	0.852128	0.762619	0.790198	0.821373	0.804412	0.859329	0.808695	0.809113	0.804412	0.818219	0.852028	0.859888	0.807972	0.869704	0.888663	0.82194	0.873087	0.833789	0.812752	0.806172	0.86323	0.836229	0.859329	0.821754	0.871548	0.818251	0.769378	0.825337	0.818219	0.865274	0.882313	0.799403	0.853553	0.822447	0.839531	0.839125	0.848864	0.835781	0.804573	0.837552	0.80496	0.797961	0.827759	0.844739	0.80496	0.912859	0.823663	0.806172	0.848224	0.791776	0.755034	0.835276	0.839531	0.824478	0.769378	0.873314	0.769204	0.868485	0.844739	0.845044	0.825337	0.850093	0.8205	0.860981	0.80945	0.830809	0.794639	0.822288	0.835276	0.871877	0.805318	0.769204	0.823942	0.854433	0.814077	0.79355	0.808423	0.812654	0.827601	0.828177	0.804412	0.801437	0.86323	0.851482	0.858324	0.850093	0.803389	0.809648	0.829832	0.848811	0.844517	0.815487	0.8207	0.834501	0.830311	0.75675	0.821417	0.80945	0.784341	0.85416	0.852028	0.84606	0.809097	0.809179	0.871477	0.810881	0.735312	0.8207	0.809097	0.8607	0.826932	0.806172	0.863203	0.804881	0.825337	0.878089	0.857222	0.735312	0.873087	0.858038	0.8207	0.809602	0.804412	0.858324	0.863254	0.818478	0.797619	0.869704	0.800636	0.85416	0.811973	0.768992	0.800067	0.853247	0.796378	0.836229	0.882313	0.877514	0.835781	0.762619	0.885757	0.836229	0.831714	0.881607	0.833789	0.804239	0.789337	0.872434	0.831846	0.878719	0.835492	0.804164	0.871877	0.834956	0.829219	0.837552	0.86819	0.843927	0.851544	0.85416	0.769204	0.828645	0.835276	0.858038	0.84606	0.818478	0.835875	0.862657	0.849473	0.808609	0.824478	0.818718	0.77533
21000	slope	0.0682254	0.0727173	0.0349482	0.0339678	0.0591638	-0.0757319	-0.038689	0.121562	0.0378476	0.0371346	0.11568	0.12836	0.0506195	-0.0436061	0.0336698	0.0141214	0.0791672	-0.038689	-0.0225003	0.0406268	-0.00124577	0.170314	-0.0287207	0.125806	0.0916851	0.0647876	0.0654439	0.0694266	0.0731775	0.0289467	-0.00757304	-0.0487268	-0.0228432	0.0688744	-0.0356926	0.0378434	0.0942794	-0.0224744	0.0277352	0.0555365	0.00508149	0.0647298	0.0253281	0.00508149	0.0317559	0.0361815	0.041774	0.0555365	-0.0651145	0.0586965	0.00508149	0.0300905	0.00597602	0.0827893	0.0785049	0.0877773	0.0780831	0.0339678	0.0419811	0.0780831	0.0878896	0.0570773	0.00807596	0.0873117	0.13466	0.0705712	0.0460692	0.076734	0.0687875	0.0702965	-0.0501221	0.0436138	-0.00670379	0.0339678	0.125806	0.0715439	0.0523913	0.0163479	0.0633684	0.0371346	0.0194865	0.0253788	0.0511099	0.0342746	0.0527995	0.0411307	0.0803582	-0.0148055	-0.0230517	0.0158618	0.0483115	-0.0407702	-0.0177459	0.0410596	0.00230563	0.0687875	0.0726214	0.0386463	0.0019694	0.0310888	-0.0160674	0.162864	0.0366089	0.117545	0.123923	-0.0188236	0.0253281	-0.00964738	0.00192943	0.0468533	0.00514922	0.0804066	0.0440399	0.0928915	0.0242963	-0.038689	0.00508149	0.123805	0.0715439	-0.0456084	0.125806	0.0194865	0.0932059	0.0363036	0.0687875	0.0648127	0.0491643	0.125806	0.0507749	0.00508149	0.0647876	0.0507749	0.0570773	-0.00757304	-0.0501221	0.0438284	0.120732	-0.0436061	-0.00872291	-0.0356926	0.0502033	0.0811422	0.0765712	-0.0183019	0.0302424	0.0103022	0.0675228	-0.0245082	0.0417079	0.0528894	0.0849573	0.0449786	-0.00931443	-0.0293855	-0.0407702	-0.0124505	0.0648127	0.0591675	0.0250023	-0.0148055	0.0483933	0.0504906	0.0386463	-0.0502647	0.125806	0.0477299	0.00406939	0.0521874	0.11568	0.0377239	-0.0185373	-0.0125002	-0.0224375	-0.0436061	0.0276174	0.0734645	0.0203044	0.0371994	-0.0436061	-0.0177459	0.0493557	0.0592903	0.0419811	0.0679452	0.00508149	-0.00872291	0.0494227	0.0731775	0.051666	0.0803582	0.0150492	0.0019694	0.050751	0.0433681	0.0680453	0.0641282	-0.0125328	0.0383297	0.0377209	0.125806	0.0635465	0.13179	0.00268126	0.0227437	-0.00872291	0.0570773	0.0555365	0.0483933	0.0697427	0.00197726	0.0985498	0.0419811	0.0321273	0.0321273	0.0194865	-0.00872291	0.0158618	0.04303	0.0321273	-0.00872291	0.00508149	0.0293173	-0.00524044	-0.0199751	-0.00964738	0.0320083	0.0277352	0.00197726	0.0347042	0.0477299	0.0901788	0.0694266	-0.0360271	0.0491949	0.0351535	0.00197726	0.0481911	0.0947585	0.00929111	0.0336698	-0.00611695	-0.055566	0.0173567	-0.0188643	0.0591675	-0.00872291	0.0552028	0.0172298	0.076734	0.076734	-0.0436061	0.0696656	0.127501	0.0979652	0.0558932	0.000790809	0.0702965	-0.077929	0.0552028	0.0494227	-0.0113222	0.0916851	-0.0410947	0.141624	0.0758682	-0.0088628	-0.00916205	0.0253281	-0.0501221	0.0764619	0.135675	0.119035	-0.00872291	0.070687	0.0821873	0.0511099	-0.0112208	-0.0407702	-0.0407702	0.0141214	0.0596294	0.0717067	0.0448455	0.0657607	0.0342746	0.0883417	0.0333113	0.0339678	0.0499825	0.125806	0.0756867	0.0920636	0.0570773	0.0203044	0.0276174	0.0438284	0.0695227	0.0705712	-0.00872291	0.0504906	0.0855117	0.0276174	0.0507749	0.0347042	-0.00931443	0.00233105	-0.0113222	0.0570773	0.106761	0.0277352	0.0873117	0.0694266	0.0438071	0.0734645	0.11568	0.0680453	0.0494227	0.0301322	0.0673776	0.0347042	0.0713242	-0.0663259	0.0507749	0.0548283	0.0511099	-0.00872291	-0.0224744	-0.00757304	-0.0112208	0.0419811	0.0511099	0.0302424	0.135675	0.0342746	0.0695227	0.0339678	0.0433681	0.0740262	0.0555365	0.0194865	0.119015	0.0507749	0.0173567	0.0867297	0.0680453	0.0342872	0.0552028	0.0580289	-0.00964738	0.0138049	0.0985498	0.0758682	0.106761	-0.00916205	0.0821873	0.0505606	0.0297808	0.00965631	0.0349482	0.0419811	-0.0436061	0.0901788	0.0699191	0.0511099	0.0675228	0.0570773	0.0717067	0.0484479	0.0776626	-0.00964738	0.121233	0.0433681	0.0336236	-0.0445945	0.0765712	0.0377239	0.0321727	0.0699191	0.120945	0.0351535	0.0054659	0.0503112	0.00233105	0.0347042	-0.00681712	0.0276174	0.0511099	0.00197726	0.0699191	0.0019694	0.0460692	0.170314	0.0491643	0.0552028	0.00508149	-0.0501221	-0.0407702	0.0634269	-0.0501221	-0.0436061
21000	intercept	0.814077	0.818153	0.834635	0.831776	0.80263	0.893295	0.867244	0.800067	0.818969	0.833845	0.825857	0.764996	0.816065	0.839039	0.852494	0.843097	0.824768	0.867244	0.890901	0.845996	0.851754	0.773135	0.847318	0.789308	0.760641	0.819323	0.837322	0.814922	0.803544	0.818196	0.833144	0.86977	0.891297	0.814922	0.887441	0.81179	0.827898	0.8188	0.851736	0.819323	0.877361	0.800385	0.836066	0.868986	0.856128	0.836971	0.83121	0.809412	0.892318	0.832353	0.86488	0.833922	0.877361	0.79789	0.819323	0.8246	0.8246	0.813944	0.849314	0.8246	0.813908	0.826735	0.851418	0.816122	0.773135	0.804179	0.847814	0.798076	0.823554	0.8067	0.838048	0.823771	0.834134	0.813944	0.800067	0.8246	0.810595	0.82244	0.852638	0.833845	0.837114	0.864104	0.848792	0.839438	0.820503	0.849322	0.802628	0.891297	0.895755	0.861124	0.847814	0.832829	0.825304	0.848136	0.836927	0.80299	0.81416	0.849006	0.833633	0.843306	0.852434	0.757909	0.817679	0.789878	0.809845	0.905511	0.836066	0.842857	0.839598	0.844082	0.840592	0.808879	0.832481	0.802719	0.855358	0.867244	0.868986	0.781842	0.8246	0.860646	0.80816	0.837114	0.828641	0.833196	0.796621	0.827726	0.788456	0.800067	0.817599	0.868986	0.819323	0.817599	0.826735	0.834522	0.838048	0.818969	0.792669	0.839039	0.844775	0.887441	0.826634	0.784822	0.818147	0.881624	0.817871	0.868986	0.796621	0.883521	0.831817	0.843172	0.813908	0.856128	0.825304	0.861896	0.842253	0.825304	0.827726	0.817657	0.859121	0.891297	0.852711	0.858595	0.849006	0.856307	0.800067	0.83887	0.841819	0.826623	0.825857	0.822375	0.883521	0.838637	0.844775	0.839039	0.852935	0.812833	0.873222	0.822034	0.839039	0.825304	0.849314	0.826735	0.854387	0.807375	0.868986	0.844775	0.800368	0.803544	0.809433	0.802628	0.833633	0.833633	0.839353	0.819884	0.831447	0.833459	0.833144	0.804179	0.826958	0.800067	0.819323	0.809845	0.833633	0.829414	0.844775	0.826735	0.809412	0.852296	0.804254	0.847297	0.813908	0.841858	0.818517	0.855148	0.834657	0.844775	0.861124	0.817683	0.845996	0.856434	0.868986	0.806948	0.836971	0.883521	0.825859	0.84288	0.851736	0.83194	0.856128	0.83887	0.818469	0.814922	0.867626	0.838116	0.823568	0.8315	0.824665	0.759301	0.805793	0.855893	0.906635	0.872136	0.84526	0.887441	0.817657	0.856434	0.868955	0.840592	0.798076	0.778122	0.839039	0.826735	0.808735	0.805036	0.818788	0.867326	0.810595	0.84126	0.868955	0.820503	0.828902	0.760776	0.855809	0.80718	0.796621	0.854616	0.838491	0.836066	0.838048	0.817694	0.757909	0.802279	0.844775	0.811802	0.819104	0.820503	0.905511	0.826456	0.842253	0.860144	0.80711	0.840454	0.858126	0.788935	0.842194	0.813908	0.846843	0.825469	0.849314	0.785361	0.817657	0.813908	0.826735	0.873536	0.846924	0.818969	0.80555	0.794709	0.844775	0.855668	0.813908	0.852935	0.8184	0.856128	0.825304	0.833633	0.825654	0.826735	0.789878	0.845914	0.816122	0.814922	0.845864	0.812833	0.825857	0.82283	0.815636	0.823784	0.873273	0.856128	0.840454	0.864142	0.817599	0.844594	0.820363	0.845182	0.8188	0.833144	0.905511	0.849314	0.820503	0.817871	0.757909	0.826609	0.80555	0.844604	0.825469	0.825345	0.819323	0.820543	0.800067	0.816715	0.84526	0.793019	0.82283	0.808953	0.868955	0.822813	0.842857	0.833821	0.813908	0.796621	0.789878	0.838491	0.819104	0.839527	0.825469	0.812042	0.833922	0.849314	0.839039	0.818469	0.86129	0.820503	0.796621	0.826735	0.840454	0.818654	0.838116	0.833117	0.785639	0.819884	0.849006	0.87264	0.818147	0.816384	0.849737	0.86129	0.769187	0.828804	0.844342	0.82798	0.833633	0.856128	0.799346	0.852935	0.820503	0.847297	0.873408	0.833633	0.847814	0.773135	0.800264	0.868955	0.868986	0.856307	0.842253	0.817657	0.838048	0.839039
22000	slope	0.0249223	0.0455036	-0.00353827	0.0728424	0.069175	0.00998848	0.0980643	0.0612454	0.0369829	0.113599	0.0428331	0.0858069	0.0980687	0.049962	0.0331878	0.0930679	0.071377	0.0608768	-0.0335674	0.0253814	0.142917	0.0855269	0.0174678	0.065758	0.0930679	0.0930679	0.077351	0.0770755	0.00483589	0.126226	0.0428331	0.0396182	0.0757361	0.0720253	0.013577	-0.00111667	0.00521358	0.000148355	0.0430964	-0.0332162	-0.00353827	-0.00129441	0.0785569	0.0378502	0.0591086	0.0103856	0.0690366	0.0249223	0.0758319	0.0421498	0.0708906	0.0671827	0.0438908	0.0914429	0.0622975	0.0392889	0.0215383	0.0658524	0.0526673	0.0694216	0.0182889	0.113599	0.0650048	0.0261309	0.11697	0.027598	0.0117242	0.0215383	0.0817775	0.0845024	0.0625072	0.0348655	0.0182889	0.0347921	0.0597091	0.0614694	0.054513	0.0612413	-0.00401157	-0.0139504	0.0650048	0.062911	0.0457882	0.0501908	0.040983	0.0370709	0.0734326	0.00190977	0.0276455	0.0338876	0.0249544	0.040983	0.0900793	0.0654671	0.054513	0.0430964	0.0773791	0.069175	0.0755948	0.059413	0.0972862	0.03894	-0.0129904	0.0455036	0.0454215	0.0184343	0.0430964	-0.0220392	0.109039	-0.00286821	0.013577	0.0429232	0.0545084	-0.0360766	0.0140849	-0.0332162	0.0770755	0.0700328	0.0854473	-0.0292886	0.0117863	0.0529197	0.01142	0.0755948	0.0419135	0.0370789	0.069175	0.113599	-0.0344991	0.0279656	0.0314245	0.142917	0.0882514	0.0654671	0.0136078	0.105461	0.0617679	-0.0321328	0.0346455	-0.00853639	0.0622555	0.0708906	0.0168657	0.054513	0.0186105	0.113599	0.0149164	-0.00666697	0.0102325	0.0529197	0.0978938	0.0797144	0.0669485	0.0720253	0.0249223	0.0946143	0.0854473	0.0758724	-0.0129904	0.0608768	0.0931949	0.00272739	0.110742	-0.00137293	0.0629453	0.0155744	0.0576682	0.0611265	-0.0344991	0.0658524	0.0770755	0.0300979	0.0529197	0.0750195	0.028439	0.113599	-0.00388611	0.0146922	0.0318653	0.07544	0.0529197	0.0268658	0.0367903	0.0614913	0.0455036	0.00913073	0.0777338	0.0259473	0.0845024	0.016998	-0.00353827	0.0608768	0.0896859	0.0184343	0.108999	0.0946143	0.0168657	0.0797144	0.028439	0.0260332	0.0104865	-0.0526058	0.0400632	0.0249668	0.0845024	0.0186726	0.0430964	-0.0122137	0.0244583	0.0811036	0.115335	0.0529197	0.0430964	0.039157	0.142917	0.0430964	0.0268658	0.0182889	0.0149164	-0.00501804	0.0177115	0.100284	0.0455036	0.113599	-0.00353827	0.0455036	0.024659	0.00594101	0.0314245	0.0331878	0.0430964	0.0248728	0.0337664	0.074848	0.0708906	0.0370709	0.0293695	0.028439	0.0882514	0.0378502	0.024659	-0.0458447	0.0378502	-0.0273076	0.0348655	0.0830322	0.00425523	0.0589306	0.00965851	0.0430964	0.0783006	0.0314245	0.0654671	0.113599	0.069175	0.0104453	0.0259473	0.110742	0.0184343	-0.0273076	0.0428331	0.0454215	0.0187745	0.0215383	0.0930679	0.024659	0.0201536	0.016998	0.0539698	0.0914429	0.0421063	0.000204678	0.115335	0.0249223	0.0771093	-0.00666697	0.013577	0.0430964	0.0347921	0.0182889	0.0146922	0.0100502	0.0182731	0.0462282	0.025555	-0.029889	0.008463	0.0602708	0.0430964	0.109039	0.0680025	0.0347042	0.0416294	0.0455036	0.104048	-0.0526058	0.0917966	0.0529197	0.0185973	-0.00353827	0.0400632	-0.0561234	0.0871474	0.0462282	0.00812458	-0.00353827	0.0597091	0.049638	0.0658524	0.0346455	0.0241286	0.0387765	0.0184343	0.024659	-0.00501804	-0.00666697	0.0184343	0.00474279	0.0403437	-0.0292886	0.0259473	0.0168657	0.0271876	0.0708906	-0.0376114	0.0237784	0.0146922	0.100284	0.000204678	0.0897925	0.000204678	0.0622555	0.0314245	0.0770755	0.0980687	0.0680873	0.0846345	0.0286939	0.0387765	0.0845024	0.0215383	0.0387765	0.0680873	0.0150803	0.0193327	0.0854473	0.0184343	0.0562933	0.0400632	-0.0142777	0.0183681	0.113599	0.0101037	-0.0344991	0.0146121	0.0347921	0.0658524	0.0855269	0.0571979	0.0914429	0.0680025	0.0347921	0.011466	0.0464011	-0.00289609	0.0289226	0.0755948	0.074848	0.0783006	0.0824335	0.0268658	0.0347508	-0.00353827	0.00174704	0.0428331	0.0369829	-0.00111667	0.0529197	0.0369829	0.0570138	0.0268658	0.070259	0.0369829	0.0247481	-0.029889	0.013577	0.000122624	0.0331336	0.0249668	0.0249668	-0.0257548	0.0104865	0.0428331	0.0184343	0.0218296	0.0696073	0.0980643	0.039157	-0.00111667	0.0347921
22000	intercept	0.865585	0.8154	0.841732	0.80228	0.805228	0.864825	0.840208	0.840893	0.866713	0.801447	0.830181	0.810281	0.815405	0.815667	0.864759	0.836246	0.795334	0.806482	0.868046	0.82361	0.81691	0.795216	0.857197	0.797396	0.837996	0.837996	0.800155	0.806521	0.841732	0.854499	0.837679	0.846096	0.845417	0.829012	0.823017	0.854587	0.833538	0.844274	0.829861	0.838365	0.8501	0.858787	0.793019	0.78735	0.854394	0.81446	0.80228	0.850683	0.825853	0.842715	0.832234	0.863144	0.83281	0.787908	0.82155	0.81601	0.863088	0.846508	0.823014	0.838577	0.848645	0.801447	0.803579	0.859719	0.815572	0.845698	0.851218	0.866027	0.84376	0.871192	0.816236	0.864759	0.848645	0.822475	0.804778	0.803579	0.797235	0.817914	0.838023	0.871745	0.803579	0.836756	0.81601	0.844993	0.822475	0.862069	0.864995	0.854587	0.847102	0.821113	0.848713	0.822475	0.84626	0.802208	0.794698	0.845873	0.805093	0.805228	0.81323	0.844139	0.809026	0.822768	0.851317	0.8154	0.838577	0.867612	0.829861	0.825892	0.815359	0.856538	0.823017	0.825541	0.825619	0.837771	0.850509	0.838365	0.805093	0.818664	0.778262	0.838365	0.820331	0.817193	0.836332	0.81323	0.83015	0.822768	0.815611	0.811066	0.833957	0.824482	0.854587	0.81691	0.844118	0.83284	0.832752	0.818925	0.804519	0.876797	0.814392	0.852314	0.829861	0.832234	0.870886	0.794698	0.860552	0.811066	0.88141	0.854587	0.864653	0.821682	0.807423	0.849781	0.806931	0.824685	0.865585	0.808447	0.778262	0.82364	0.839743	0.805093	0.807299	0.842235	0.800793	0.840014	0.834351	0.870406	0.858617	0.8319	0.833957	0.846508	0.805093	0.827541	0.821682	0.836767	0.869852	0.811066	0.859885	0.839682	0.82361	0.794637	0.829672	0.833457	0.846986	0.829012	0.8154	0.856538	0.835942	0.830958	0.871192	0.826058	0.830389	0.805093	0.829834	0.867612	0.816896	0.808447	0.870886	0.830123	0.84629	0.828272	0.854587	0.835966	0.833681	0.854773	0.871192	0.846986	0.829861	0.871167	0.854587	0.799813	0.818925	0.821682	0.829861	0.83978	0.81691	0.829861	0.832636	0.848645	0.88141	0.836259	0.859645	0.813019	0.81309	0.811066	0.8501	0.81309	0.86418	0.881543	0.854587	0.864759	0.829861	0.823017	0.829802	0.812322	0.832234	0.862069	0.859645	0.869852	0.844118	0.767503	0.859619	0.861952	0.78735	0.830693	0.864759	0.829388	0.865115	0.83284	0.88141	0.829861	0.832587	0.839683	0.83284	0.801447	0.805093	0.847717	0.848713	0.797237	0.860412	0.830693	0.839688	0.838577	0.852276	0.863088	0.836246	0.858341	0.847729	0.832752	0.855374	0.787908	0.819127	0.871745	0.818925	0.865585	0.8154	0.854587	0.823017	0.829861	0.822475	0.848645	0.839682	0.865115	0.828038	0.846487	0.864759	0.835616	0.854773	0.816602	0.829861	0.815359	0.832587	0.829802	0.8154	0.837279	0.767647	0.835966	0.844139	0.821682	0.862743	0.858911	0.833681	0.864181	0.831794	0.846487	0.841923	0.8501	0.807115	0.798005	0.850406	0.814116	0.854773	0.833681	0.864759	0.858341	0.836259	0.854587	0.860412	0.836062	0.822475	0.838365	0.848713	0.884669	0.858514	0.864995	0.870244	0.828038	0.827775	0.813019	0.871745	0.806075	0.871745	0.829861	0.839683	0.81291	0.815405	0.8154	0.793019	0.849975	0.833681	0.881966	0.849134	0.833681	0.8154	0.872436	0.869032	0.778262	0.860412	0.8154	0.833681	0.837771	0.870406	0.811066	0.856626	0.830865	0.869513	0.82284	0.850406	0.795216	0.80924	0.790888	0.825335	0.822475	0.866286	0.854996	0.851996	0.846769	0.81323	0.812322	0.832587	0.820242	0.832636	0.832524	0.837958	0.849962	0.850565	0.859645	0.854587	0.821682	0.859645	0.83284	0.834127	0.832587	0.859645	0.8759	0.823987	0.823017	0.841923	0.82738	0.854773	0.871889	0.825892	0.854115	0.847121	0.867612	0.823745	0.845748	0.840208	0.83978	0.854587	0.822475
23000	slope	0.0396318	0.0552699	0.0390468	0.0175719	0.0357386	0.118132	0.0350867	0.0357386	0.0378906	0.0730572	0.0900013	0.0349236	0.017301	0.0570866	0.0591076	0.119783	-0.00349405	0.0340691	0.0678097	0.0298498	0.0954816	0.0357386	0.0418091	0.0389781	0.0177107	0.0451466	0.0596571	0.0277815	0.00357354	0.0274839	0.056076	0.0451466	0.0286977	0.00563217	0.0556598	0.0502084	0.0995299	0.102077	0.0497816	0.0495501	0.0206313	0.0437119	0.0522099	-0.00148619	0.0491562	0.0512599	-0.00148619	0.0630722	0.00563217	0.0174173	0.0309424	0.0428754	0.0158339	0.0404968	0.0465721	0.0680564	0.0252227	0.00146117	0.026074	0.0716601	0.0542163	0.0140471	0.0304511	0.0224313	0.0277815	0.0286977	0.078706	0.0266852	0.07036	0.0517663	0.0350867	0.0816422	0.0119386	0.0738562	-0.00562411	0.0471996	0.0159043	0.0338243	0.0676713	0.0715951	0.0350867	0.0141201	0.0167508	-0.00170288	0.0334746	0.0167614	0.0428754	0.0356098	0.0638677	0.0357386	0.0494827	0.0467618	0.00809116	0.00357354	0.018517	0.0629247	-0.00997944	0.0545002	0.0428657	-0.00951659	0.0467618	0.0809777	-0.00992081	0.0101613	0.0552511	0.0249214	0.0634474	0.0467618	0.0491562	0.0349405	0.0512847	0.0250281	0.0607163	0.0315777	0.0494292	0.0379504	0.0428754	0.0428754	0.0457983	0.0382346	0.0508138	0.0294415	0.0345619	0.0350867	0.0591076	0.0428754	0.0123406	0.094858	0.078706	0.0201048	0.00593954	0.0305943	0.0556598	0.0676713	0.0547773	0.025812	0.0167508	0.0246393	0.0248886	0.00777161	0.000416778	0.0471996	-0.00951659	0.0244232	0.0535816	0.0728585	0.0951186	0.018537	0.030141	0.0453241	0.060661	0.0174173	0.053618	0.035393	0.0201048	0.0484159	0.0196291	0.0354757	0.0427198	0.100812	0.0465721	0.0357341	0.0414795	0.0249214	0.026074	0.0384113	0.0192448	0.0258476	0.0325285	0.0591076	0.0315777	-0.00474339	0.0676713	0.0284374	0.0467618	0.00955013	0.020937	0.0167508	0.0158339	0.0349236	0.0569272	0.00849031	0.0325285	0.0471575	0.026074	0.0437119	0.0564055	0.0872659	0.00630063	0.0879176	0.0578203	0.0382346	0.0181194	0.078706	0.0339052	0.0508416	0.0224313	0.0244232	0.0465721	0.050882	0.0465721	0.0201048	0.0337173	-0.000951917	0.0951186	0.0339666	0.0356098	0.0231975	-0.0024727	0.00682077	0.0716601	0.0471996	0.0167508	0.0101613	0.0427198	0.0878908	0.0526801	0.033462	0.0895856	0.00357354	0.0591076	0.0571219	0.026074	0.0108342	0.0379419	-0.022937	0.0325285	0.0352136	-0.000951917	0.0379504	0.0671303	0.0728585	0.0404968	0.0370579	0.0352136	0.00563217	0.0341842	0.0471996	0.00412954	0.0676713	0.0356098	0.0378906	0.033462	-0.0079196	0.0325285	0.0128213	0.0455086	0.053618	-0.0086768	0.0325285	0.101964	0.0613974	0.0368041	-0.0156551	0.0311103	0.0512847	0.0224313	0.0369675	0.0338243	0.0619402	0.0248292	0.00357354	0.0878908	0.0441412	-0.0024727	0.0252227	0.0578203	0.0248292	-0.000267781	0.0248292	0.00577145	-0.00565348	0.0101613	0.0167174	0.0311431	0.0455086	0.0177107	0.0357386	0.0379602	0.0224313	0.0480522	0.0451466	0.0325285	0.0521554	0.0437977	0.0350867	0.0497816	0.0268757	0.0331725	0.0753463	0.0350867	0.0639549	0.0124572	0.0707702	0.0207918	0.0437977	0.0208075	0.079521	0.0521486	0.0455086	0.0252646	0.0231553	0.00164197	0.0207918	0.0932014	0.0206375	0.0379504	0.0591076	0.0495501	0.0254871	0.0546347	0.0379504	0.0224005	-0.0181889	0.0219891	0.0471996	0.0663074	0.0663074	0.020937	0.0352136	0.0451466	0.026074	0.0816593	0.0244232	0.0325285	0.0634474	0.0357386	0.0895856	-0.0024727	0.0357386	-0.00703046	-0.00148619	0.0325285	0.0471996	-0.00562411	0.0349405	-0.0086768	0.0678097	0.0357386	0.053618	0.061612	0.0758964	-0.0203077	0.00357354	0.0224313	0.0482457	0.0248292	0.026074	0.0428754	0.0599902	0.000834895	0.061612	0.051064	-0.01013	0.0279536	0.0497816	0.0599902	0.0372577	0.0258476	0.0995299	0.0249214	0.0554059	-0.00152312	0.0368041	0.129886	0.0252646	0.0133929	0.0758964	-0.0195563	-0.000951917	0.0252646	0.0231553	0.0523876	0.0678097	0.0232372	0.0350867	0.00241456	0.0491494	0.0523758	0.0224105	0.00460768	0.0207918	0.0882253	0.0940165	0.0350867	0.0315777	0.042588	0.0352136	0.0676713	-0.00331269	0.051064	0.0331725	0.0372007	0.0502084	0.0471996	-0.000951917	-0.00490941	0.0546347	0.00563217	0.00357354
23000	intercept	0.837561	0.853857	0.849588	0.878347	0.827605	0.799307	0.836769	0.824629	0.845265	0.82243	0.809051	0.817637	0.824527	0.816709	0.83971	0.802667	0.831944	0.847116	0.822868	0.831237	0.834395	0.821642	0.828879	0.817011	0.846897	0.845633	0.834889	0.811538	0.840233	0.854344	0.811787	0.845633	0.822975	0.806752	0.833388	0.833318	0.810042	0.826146	0.802034	0.849391	0.879897	0.832479	0.832542	0.815353	0.840992	0.816079	0.811802	0.832542	0.813848	0.864387	0.835653	0.847016	0.822896	0.871913	0.859873	0.841238	0.846929	0.879196	0.836987	0.825602	0.822889	0.879897	0.82947	0.83646	0.811538	0.822975	0.817726	0.845183	0.847214	0.876306	0.836769	0.825363	0.858558	0.818556	0.837497	0.843895	0.843895	0.792832	0.835997	0.809864	0.852301	0.845423	0.847794	0.830205	0.84346	0.845423	0.847016	0.8414	0.82283	0.840992	0.823473	0.804298	0.838655	0.845423	0.860221	0.851956	0.831944	0.792508	0.8501	0.845423	0.792637	0.854742	0.847843	0.842091	0.84988	0.84159	0.801857	0.81618	0.840992	0.847016	0.837508	0.821339	0.832347	0.810014	0.843895	0.857309	0.849588	0.847016	0.82584	0.832995	0.789519	0.858545	0.847896	0.821164	0.83971	0.849588	0.858781	0.800805	0.817726	0.876797	0.87209	0.843895	0.833388	0.858506	0.818267	0.823473	0.869127	0.80992	0.84128	0.837497	0.832851	0.830461	0.845423	0.817884	0.845347	0.807264	0.798843	0.831832	0.840821	0.853617	0.869335	0.864387	0.84442	0.857309	0.876797	0.828879	0.876797	0.826556	0.83427	0.803772	0.859873	0.843051	0.813735	0.855984	0.836987	0.817446	0.856704	0.786697	0.856089	0.84564	0.818752	0.84751	0.841467	0.849613	0.798715	0.862725	0.856457	0.847794	0.822896	0.817637	0.797902	0.829789	0.840821	0.816782	0.836987	0.832479	0.844558	0.839109	0.806484	0.83392	0.833521	0.832995	0.80506	0.817726	0.851102	0.868024	0.852	0.817884	0.849367	0.853881	0.869335	0.876797	0.840736	0.870219	0.802391	0.8525	0.831331	0.820312	0.87209	0.874368	0.825602	0.843895	0.869127	0.842091	0.832479	0.828274	0.841547	0.817884	0.839109	0.845423	0.83971	0.816007	0.836987	0.822896	0.830081	0.85841	0.874431	0.810845	0.872698	0.857309	0.837252	0.809232	0.871913	0.879897	0.810845	0.813848	0.874806	0.832819	0.84751	0.835997	0.842448	0.85449	0.817884	0.817288	0.839207	0.829789	0.871084	0.84442	0.847016	0.840821	0.790587	0.816709	0.845077	0.897142	0.843521	0.835233	0.834177	0.827278	0.792832	0.788249	0.840053	0.845423	0.826146	0.817446	0.87209	0.853951	0.8355	0.835316	0.851851	0.840053	0.854599	0.807441	0.825335	0.83972	0.839531	0.871084	0.846897	0.828045	0.822737	0.851102	0.841063	0.845633	0.839207	0.836309	0.862761	0.825023	0.812355	0.840736	0.836987	0.797013	0.836769	0.804595	0.829789	0.808796	0.863044	0.862761	0.812274	0.802339	0.84442	0.871084	0.861922	0.838056	0.813848	0.86556	0.826146	0.849018	0.843921	0.832875	0.849391	0.779733	0.830139	0.857309	0.790687	0.87209	0.836414	0.843895	0.823077	0.823077	0.856457	0.810845	0.845633	0.862235	0.830966	0.817884	0.8629	0.801857	0.824629	0.839109	0.87209	0.840992	0.825969	0.803806	0.823695	0.843895	0.83285	0.86239	0.847016	0.822868	0.808668	0.84442	0.830081	0.802678	0.86136	0.845423	0.852	0.835475	0.85306	0.836987	0.849588	0.827034	0.811802	0.830081	0.831794	0.826812	0.842046	0.812355	0.822274	0.839813	0.786697	0.810042	0.856379	0.824947	0.817626	0.845077	0.812203	0.854442	0.841175	0.802678	0.849116	0.883049	0.854442	0.838056	0.846912	0.822868	0.769216	0.825572	0.817288	0.845633	0.817446	0.802002	0.876797	0.863044	0.854742	0.799812	0.836769	0.810014	0.796979	0.810845	0.823884	0.852218	0.831794	0.836987	0.828879	0.832894	0.832819	0.860522	0.811802	0.830139	0.813848	0.864531
24000	slope	0.0106467	0.0108163	0.0237855	0.0443129	0.0467192	0.0684808	0.0237855	0.0445287	0.0899829	0.0499993	0.0715311	0.0609314	0.000695284	0.0417376	0.013429	0.0609314	0.0411044	0.0785024	0.0805337	0.0652943	0.0218648	0.0517165	0.0715311	0.0791625	0.0233696	0.0618731	0.0454744	0.0286999	0.0837609	0.0289671	0.0443582	-0.0253481	0.0450085	0.123951	0.0747311	0.0943915	0.0124616	0.0182322	-0.0124117	0.0535784	0.0265439	0.0212451	-0.0235559	0.084682	0.0346208	0.000493775	0.013429	0.0609314	0.0609314	0.105691	-0.00831132	0.0905826	0.052219	0.00440803	0.0600374	0.0517165	0.0235071	-0.00441657	0.035925	0.0480691	0.0370875	-0.0173783	0.0189328	0.0270108	0.0588815	0.0435016	-0.00824387	0.0609314	-0.0253481	0.0609314	0.0179781	0.0518478	0.0349336	0.0168599	0.0265439	0.0481562	0.0612585	0.051851	-0.00593071	0.0451489	-0.00831132	0.0476153	-0.00885821	0.123951	0.0270553	0.0467885	0.0495314	0.0715311	0.0347482	0.00986584	-0.0253481	-0.0124117	0.00320195	0.00603921	0.0288699	0.0106467	0.0277819	-0.0190026	0.0154463	0.0480691	0.039953	0.0524117	-0.00824387	0.013411	-0.0431709	0.0791625	0.0459231	0.0814374	0.0280552	0.07118	0.0805515	-0.0124117	0.00223484	0.0459231	0.0349336	0.0601332	0.0289671	0.000493775	-0.0126705	0.0255567	-0.0188409	0.0306948	0.00421208	0.0563284	0.0304285	0.0247462	0.0266481	0.0812391	0.0347098	0.0576091	0.0467192	0.00860451	0.0435016	0.0294874	0.0349336	0.000128269	0.0346208	0.0227186	0.0288699	0.12602	0.0261973	0.0600374	0.0357378	-0.0126705	0.0832045	0.0347098	0.093324	-0.0190026	0.028156	0.0543954	0.051663	0.0286999	0.0575882	0.0528391	0.0646526	0.0231247	0.013411	-0.00276483	0.0251723	-0.0190026	-0.00791306	0.0253673	0.041348	0.0382428	0.0356018	0.0635941	0.051007	0.0546249	0.0284777	0.0154463	0.0832045	0.0451489	0.0459984	0.0890357	0.12602	0.0175126	0.0396747	0.0270553	0.0367416	0.117466	0.0344741	0.0467192	-0.0121096	-0.00885821	0.0471964	0.0803404	0.013165	0.0384764	0.0563284	0.0346208	0.017018	0.0576091	0.051851	0.0473409	0.0244655	0.0517165	0.0384764	0.0237855	0.0814374	0.0994297	-0.0126328	0.0398581	0.081981	0.0594322	0.081981	0.084823	0.033261	0.0843257	-0.010394	0.0747311	0.0270553	0.0609314	0.102531	0.0495314	0.0786555	0.0585013	0.0646526	0.0644596	0.0105456	0.0289671	0.0533205	0.0359479	0.0368067	0.0322094	0.0183932	0.0513665	-0.024649	0.0712422	0.0223376	0.0467192	0.0924091	0.0513665	0.0534567	0.063723	0.0517165	0.00825173	0.0803404	0.0715311	-0.00885821	0.108566	-0.00730539	0.0459231	0.0803404	0.00492153	0.000910446	-0.00831132	-0.00885821	0.0723159	-0.024649	0.12602	0.0747311	0.0175126	0.0579708	0.0850805	0.0513871	0.0237855	0.0609314	0.0850805	0.0832045	-0.00136428	0.0803404	-0.000421436	0.128967	0.0237855	-0.00362231	0.000128269	0.0188514	0.0237527	0.0931347	-0.0285056	0.00619708	0.0384764	0.0235071	0.0609314	0.113346	0.0799765	0.051007	0.042552	0.0824793	0.0858684	0.0533205	0.0218648	0.04928	0.00860451	0.017018	0.0182322	0.0200424	0.0384764	0.0383852	0.0280454	0.0786555	0.0188514	-0.0190026	-0.00441657	-0.00980374	0.0284777	0.0432885	0.0451489	0.0358576	0.0132601	0.0349336	-0.0253481	0.024444	0.00986584	-0.0060584	0.0600374	-0.00126489	0.0902518	0.0270553	0.0975252	0.0432673	0.0162418	0.0576091	-0.00791306	0.0244655	0.0126776	0.0601332	0.0277819	0.013429	0.0289671	0.0398581	0.0251723	0.0524117	0.0286999	0.0432885	0.0237855	0.0553788	-0.00533951	0.0388625	0.0289671	-0.0117672	0.0357378	0.0943915	0.0382428	0.0595403	0.0715311	0.0350827	0.041348	0.0943915	0.0267405	0.0237855	0.0533205	0.027621	0.0488393	0.0553303	0.123951	0.0270553	0.0288699	0.051851	0.0809056	0.0467556	0.0304285	0.00331139	0.0443588	0.0459231	0.0576091	0.0978329	0.0517165	-0.00441657	0.051851	0.0175126	-0.0059978	-0.0280222	0.0454744	0.0513665	0.0513665	-0.00362231	0.0454744	0.0154463	0.0262257	0.0553303	0.0744531	0.0459231	0.0556519	-0.0499954	0.0555004	-0.00661121	0.0664072	0.0651229	0.017018	0.0244655	0.0504818	0.0975252	0.0576091	0.0723159	-0.00593071	-0.00661121	0.0609314	0.0451489	0.0628368	0.0388625	0.0132601	0.0809056	0.0357378	0.0231068	0.0349336	0.0270553	0.0357378	0.0345922	0.0543954
24000	intercept	0.866564	0.853536	0.853663	0.847466	0.818882	0.832473	0.835968	0.832875	0.832672	0.848754	0.846727	0.847372	0.851939	0.797938	0.872086	0.873844	0.793156	0.830531	0.819603	0.851813	0.852786	0.849061	0.832473	0.834898	0.841794	0.801335	0.831149	0.831541	0.815883	0.869729	0.82146	0.868427	0.81142	0.809875	0.803918	0.840295	0.864848	0.830615	0.890796	0.830691	0.811053	0.85704	0.890796	0.815807	0.823309	0.892961	0.872086	0.850269	0.850269	0.848033	0.835713	0.831044	0.832631	0.872086	0.834983	0.849061	0.822699	0.870895	0.852786	0.86571	0.829789	0.880803	0.840203	0.865322	0.80998	0.829439	0.878921	0.873844	0.868427	0.847372	0.862311	0.808946	0.827964	0.878156	0.811053	0.857006	0.819358	0.831228	0.840496	0.841452	0.853389	0.826142	0.868427	0.809875	0.851226	0.831688	0.795592	0.844936	0.876846	0.843091	0.868427	0.890796	0.770953	0.860755	0.835373	0.871547	0.798341	0.840797	0.821809	0.840315	0.836514	0.83402	0.866873	0.850188	0.898067	0.844936	0.810149	0.831959	0.809913	0.83548	0.785371	0.890796	0.854918	0.806579	0.827964	0.832334	0.875671	0.867977	0.873165	0.827964	0.844643	0.826958	0.848545	0.8325	0.841175	0.843091	0.82623	0.831959	0.849061	0.86613	0.838107	0.82211	0.836713	0.855987	0.827964	0.844643	0.805366	0.829451	0.835373	0.763658	0.831547	0.834396	0.854929	0.873165	0.807225	0.849061	0.821298	0.876746	0.801596	0.851277	0.840557	0.828175	0.828229	0.855908	0.845268	0.864051	0.861373	0.890796	0.764258	0.868427	0.871935	0.844079	0.829148	0.828152	0.812153	0.832473	0.854929	0.833229	0.851226	0.826945	0.807225	0.81025	0.848754	0.815883	0.763658	0.851228	0.812548	0.851226	0.841175	0.808158	0.838801	0.824386	0.850536	0.868427	0.828175	0.807039	0.851836	0.826616	0.827168	0.823309	0.820618	0.86613	0.8156	0.822839	0.857696	0.852371	0.826616	0.835968	0.831959	0.827725	0.844643	0.841029	0.791176	0.845268	0.791176	0.824389	0.850444	0.839949	0.876746	0.803918	0.851226	0.873844	0.809785	0.795592	0.826864	0.842083	0.845268	0.854877	0.866564	0.869729	0.857953	0.810865	0.865682	0.815872	0.786101	0.803512	0.87444	0.812188	0.828228	0.824386	0.861534	0.824843	0.8603	0.838534	0.84756	0.814251	0.824675	0.832473	0.850278	0.830645	0.840188	0.806579	0.815883	0.853536	0.871935	0.853389	0.868427	0.843999	0.87444	0.763658	0.803918	0.851228	0.853987	0.815883	0.829439	0.852271	0.847372	0.835975	0.794705	0.83603	0.815883	0.880501	0.818073	0.843091	0.893562	0.844643	0.863205	0.831633	0.810037	0.87444	0.878733	0.826616	0.826135	0.873844	0.799785	0.805965	0.854929	0.846286	0.850964	0.832672	0.859537	0.852786	0.832972	0.821434	0.83117	0.830615	0.826958	0.826616	0.800728	0.811012	0.826864	0.863205	0.876746	0.870895	0.848043	0.853017	0.798697	0.830172	0.825085	0.875608	0.827964	0.868427	0.842482	0.843091	0.865684	0.834983	0.875115	0.827241	0.851226	0.810813	0.805706	0.835713	0.86613	0.841687	0.857696	0.805366	0.827133	0.798341	0.872086	0.886184	0.831618	0.764258	0.83402	0.82895	0.798697	0.835968	0.840315	0.867209	0.845593	0.886184	0.873165	0.821349	0.850964	0.828152	0.859545	0.832473	0.827054	0.829148	0.840295	0.851507	0.843091	0.859537	0.784661	0.834396	0.848074	0.809875	0.851226	0.835373	0.856195	0.815883	0.804418	0.841175	0.848873	0.847284	0.806579	0.86613	0.799141	0.849061	0.875868	0.831228	0.851228	0.850278	0.87444	0.831149	0.824843	0.800066	0.878952	0.831149	0.814594	0.827891	0.839628	0.812188	0.806579	0.832526	0.87444	0.823922	0.876746	0.825105	0.822116	0.83117	0.857696	0.859537	0.810813	0.86613	0.843999	0.850918	0.876746	0.850269	0.830172	0.809913	0.845593	0.875608	0.8072	0.825203	0.827964	0.827964	0.851226	0.825203	0.843091	0.829808
25000	slope	0.061579	0.0135006	-1.28839e-05	-0.0284712	-0.0616356	0.0298501	0.0159596	0.0686402	0.0970877	0.0298501	0.0346182	0.0747353	0.013127	0.0453759	0.00891449	0.0698744	0.0274127	-0.0161706	0.0202139	-0.0306128	0.0235855	0.000164373	0.0125528	0.0854458	0.0998227	0.0461843	0.0708765	-0.0168769	0.0453683	0.0998227	0.0808751	0.0918488	0.00813438	-0.0148013	-0.00843558	0.0431656	-0.00534153	-0.0215352	-0.0161706	0.047896	0.0571078	0.0684231	0.0619944	2.23517e-05	0.0113021	0.0320214	0.0415248	0.101052	0.0672525	0.000480506	0.105415	0.061579	0.0456424	0.0829984	0.0464185	0.0698744	0.0444838	0.0747751	2.23517e-05	0.0590481	0.0176396	0.0679282	0.103219	0.0389666	0.0769262	0.109269	-0.0304276	0.0574612	0.0136379	0.0936032	0.00336843	0.0944389	0.0179141	0.0453683	0.028224	0.0792547	0.0885164	0.0377458	0.059764	0.0161805	0.0819744	-0.00391182	-0.0522366	0.0629567	-0.0284712	0.0407398	0.0492007	0.0948641	0.106304	0.0944389	0.0543676	0.0223286	0.0407398	0.0487865	0.0944389	0.0532869	0.13264	0.0326462	-0.0321639	0.0502007	-0.0394649	0.018559	-0.0468419	0.0241157	0.0646092	0.0314743	0.00891449	0.0452054	0.0792547	0.0122971	0.00317421	0.0619944	0.0453759	0.0507493	0.00406273	0.113057	0.0800649	0.10086	0.0698744	0.0144035	-0.00271952	0.0998227	0.0899027	0.0547962	0.0574612	-0.000914631	0.0234856	0.0149511	0.0453683	0.00835429	0.0316605	0.0726256	-0.0188961	0.0417737	-0.034155	0.0378515	0.0060052	0.00317421	0.0506781	0.086752	0.0122971	0.0493721	0.0797331	0.0959296	-0.0503206	0.0603927	0.0499623	0.067693	0.0890201	-0.0140378	0.109269	0.0581435	-0.00534153	0.0571078	-0.0321314	0.0223286	0.049079	0.00254151	0.133037	0.050632	0.0223286	-0.0926495	0.0885164	-0.0131627	0.0800943	-0.0284712	0.0381048	-0.0148013	0.0808751	0.0277881	-0.0522366	0.0179141	0.0848638	0.0998227	0.0954258	0.0507493	0.0060052	0.126588	0.0726256	0.0954258	0.0435392	0.051734	0.103326	0.0751454	0.00878971	0.0557296	0.0686402	0.0309357	0.0435392	0.018559	0.00336843	-0.0468419	0.0534574	0.0679282	0.0954488	0.0995242	0.0698744	0.0628672	-0.00433839	0.0950725	0.100276	0.073125	0.0974857	0.0403531	0.0808751	0.0346182	0.0435392	0.0125528	-0.0127428	-0.0437034	-0.000234493	-0.0514472	0.0449628	0.0944389	0.037578	0.0808751	0.0223286	0.0698744	0.0698744	0.0377458	0.00292654	-0.0295115	0.0135006	0.073961	0.0970877	-0.00406823	-0.0284712	-0.0396812	0.0175299	0.0453683	-0.00534153	0.00927554	0.0619944	0.0338263	0.0273442	0.0418616	0.133037	0.0453759	0.0698744	0.0364132	-0.0522366	0.0304576	-0.00383949	0.0698744	0.0763314	-0.00393658	-0.0476053	0.0111234	-0.0394649	0.0143464	0.00292654	-0.0176375	0.0944389	0.0060052	0.0382746	0.0699436	0.0477387	0.056351	0.0377458	0.0378515	0.0698744	0.0262536	0.10086	0.00891449	0.0995242	0.106771	-0.031388	0.0613894	0.0453683	0.0241157	-0.0176375	0.00616444	0.0574612	0.0477569	-0.0493888	0.0456424	0.0885164	0.0464185	0.00833233	0.098142	0.0698744	-0.00534153	-0.0215352	0.0338263	0.0998227	0.109269	0.0571078	0.0060052	0.00406273	0.0747751	0.103909	0.109269	0.0364132	0.0258292	0.0618797	0.0338263	-0.0161706	0.073961	-0.0436752	0.0060052	0.0258292	0.13264	0.00406273	-0.0161706	-0.00534153	0.0262536	0.0808751	0.069022	-0.0926495	0.113057	0.103909	0.000410052	-0.0522366	-0.0284712	0.00406273	0.0998227	0.0692596	0.028824	0.0241157	0.0404984	-0.00534153	0.0364132	0.0214189	0.0389666	0.047896	0.0885164	0.00317421	0.0880119	0.0234856	0.0470973	-0.0396812	0.0698744	0.079247	0.0161805	-0.0437034	0.0122971	2.23517e-05	0.00574648	0.0223286	0.0954258	0.0948641	0.0477387	0.00616444	0.0234856	0.00574648	0.0330574	-0.0148013	0.00927554	0.0992664	0.0543676	0.0453683	0.0580421	-0.022105	0.036414	0.0330574	0.00891449	0.0628672	0.0320214	0.133037	0.0176396	0.0507493	0.0461788	0.0571078	0.0669464	0.0499623	0.0113021	0.000345283	0.0929816	0.0729726	-0.0140378	0.0854458	0.0228768	0.0298501	0.0122971	0.0488943	2.23517e-05	0.0125528	0.120955	-0.0333091	0.0890201	-0.0468419	0.113057	-0.00383949	0.0698744	-0.00383949	0.0175299	0.0729726	0.00574648	0.0133985	0.0456424	0.00616444	0.0372354	0.101052	0.0241157	0.0692596	0.0391089	0.00927554	-0.034155	0.00406273	0.00616444
25000	intercept	0.812745	0.849115	0.844781	0.868083	0.872618	0.821967	0.832958	0.846544	0.784709	0.823901	0.818882	0.824566	0.865431	0.785038	0.850163	0.84012	0.836778	0.858306	0.843537	0.861496	0.836755	0.837249	0.854629	0.837858	0.798194	0.788903	0.824787	0.829268	0.876069	0.781461	0.797424	0.798024	0.872406	0.868725	0.887106	0.850162	0.891957	0.868083	0.858306	0.854306	0.854415	0.833297	0.863771	0.823574	0.795414	0.817945	0.836348	0.806729	0.79754	0.825097	0.791188	0.812745	0.835506	0.855284	0.850275	0.847136	0.871484	0.86862	0.818703	0.828742	0.837249	0.805534	0.797812	0.842421	0.854415	0.798604	0.866195	0.82944	0.876456	0.788737	0.808542	0.776763	0.868522	0.86809	0.865805	0.793797	0.797304	0.826836	0.788903	0.800496	0.836373	0.9029	0.872618	0.813116	0.871807	0.835498	0.850557	0.835885	0.81754	0.772741	0.825335	0.865805	0.835498	0.808019	0.772741	0.837988	0.799807	0.809152	0.868698	0.848484	0.882121	0.865805	0.870439	0.839586	0.836373	0.828742	0.85907	0.845054	0.803036	0.769396	0.851526	0.826695	0.780929	0.854415	0.842922	0.790536	0.817778	0.798024	0.84012	0.86408	0.795414	0.781461	0.825802	0.899182	0.825772	0.858591	0.816782	0.84073	0.84556	0.858256	0.814791	0.833203	0.86774	0.871994	0.829702	0.845764	0.850374	0.851526	0.823775	0.807586	0.775565	0.82403	0.797424	0.803036	0.872618	0.860253	0.830251	0.832402	0.83754	0.871807	0.798604	0.847136	0.878745	0.854415	0.851362	0.865805	0.823183	0.837741	0.810056	0.845054	0.876218	0.872357	0.797304	0.904741	0.837858	0.868083	0.845325	0.868725	0.796629	0.800496	0.872618	0.868522	0.796655	0.798194	0.815232	0.854415	0.850374	0.797524	0.818566	0.815232	0.818317	0.83427	0.832693	0.80917	0.869845	0.852826	0.846544	0.820923	0.80902	0.848443	0.796791	0.870439	0.81412	0.805534	0.795814	0.811641	0.872628	0.80515	0.867284	0.838261	0.787046	0.785645	0.798604	0.830057	0.807586	0.818882	0.818317	0.854629	0.840327	0.871807	0.818703	0.864986	0.830057	0.776763	0.80902	0.797424	0.865805	0.847136	0.847136	0.826836	0.872065	0.8728	0.849115	0.852072	0.784709	0.848348	0.868083	0.868309	0.865805	0.876069	0.891957	0.872406	0.840807	0.838433	0.817945	0.852481	0.810056	0.785038	0.847136	0.857509	0.872618	0.875023	0.867284	0.845077	0.787538	0.851052	0.877213	0.837249	0.882121	0.834776	0.872065	0.795581	0.772741	0.850374	0.80902	0.809783	0.820011	0.802102	0.826836	0.845764	0.84012	0.821735	0.796994	0.86408	0.811641	0.798194	0.819734	0.819023	0.84556	0.826003	0.795581	0.872406	0.82944	0.847453	0.848319	0.843238	0.788527	0.850275	0.775565	0.79737	0.847136	0.878745	0.868083	0.79665	0.798194	0.798604	0.854415	0.850374	0.842922	0.86862	0.776763	0.798604	0.851762	0.800496	0.808517	0.79665	0.858306	0.833005	0.853315	0.841012	0.800496	0.789678	0.828095	0.858306	0.878745	0.826775	0.796629	0.830351	0.872357	0.79737	0.776763	0.850374	0.872618	0.871807	0.842922	0.798194	0.84012	0.820011	0.825559	0.858449	0.897529	0.851762	0.872406	0.842421	0.854306	0.788527	0.851526	0.832554	0.820406	0.825711	0.868309	0.847136	0.788527	0.800496	0.871807	0.775565	0.818703	0.864698	0.865805	0.815232	0.835885	0.820011	0.872406	0.816782	0.864698	0.828742	0.864625	0.872406	0.797035	0.825335	0.86809	0.826695	0.8728	0.814353	0.828742	0.86408	0.80515	0.811204	0.810056	0.837249	0.854415	0.816949	0.854415	0.828729	0.834649	0.780169	0.872748	0.803036	0.846544	0.881864	0.837858	0.850374	0.821967	0.775565	0.830351	0.797034	0.852232	0.80176	0.854552	0.83754	0.870439	0.79737	0.867284	0.847136	0.867284	0.865805	0.846544	0.850374	0.849115	0.844089	0.872406	0.84322	0.806729	0.821748	0.824625	0.816762	0.872406	0.834821	0.842922	0.872406
26000	slope	0.0169985	0.051981	0.0436475	0.0472576	0.0253718	0.115569	0.0284565	-0.00825271	-0.087242	-0.0123474	0.0240649	0.0238295	0.0359521	0.0548935	0.0434915	0.0696103	-0.0136123	-0.0367705	-0.0262146	0.116089	0.0584093	0.0771171	0.0635629	0.0047906	0.0632276	0.0768257	0.0120347	0.00633052	0.115569	-0.0136123	0.00779425	0.0682399	0.0199838	0.0373068	-0.0764465	0.0596752	0.0484904	0.0780349	0.0199838	0.0682399	0.0122248	0.00827493	-0.0159026	0.0771171	0.0753022	-0.0110516	0.0771171	0.094367	-0.0183752	-0.00394193	0.0873567	-0.0396208	0.0364363	0.0436475	-0.0023219	0.0623732	0.146208	0.0536052	-0.0231144	0.0047973	0.0839923	-0.0274989	0.0145815	-0.0764465	0.0936449	0.062524	0.00617075	-0.0262146	-0.0401107	0.0562397	-0.0227461	0.0155652	0.0798584	0.0176373	0.105512	-0.00980068	0.0635629	-0.0287213	0.0373068	0.0199838	0.131996	0.0277462	0.0497659	0.014042	-0.0126211	0.040912	-0.0110516	0.0166825	0.0771171	0.0233427	0.0520194	0.0578614	0.0674216	0.0476256	0.0109702	0.00803364	-0.087242	-0.0262146	0.0924767	-0.0226802	-0.0945191	0.0405129	0.0784083	0.0185489	0.0784083	0.014042	0.00803364	-0.0574699	0.0222023	0.0199838	0.0562507	0.0648255	0.020362	0.050395	0.0655303	0.0758916	-0.0159026	0.0338837	0.0135125	0.0780349	-0.0851685	-0.0227461	0.0338837	-0.0126211	0.0635629	0.048377	0.0721515	-0.0737914	0.139247	-0.0159026	-0.00279681	0.0612324	0.0240649	-0.0135485	0.0253613	0.094367	0.0528486	0.0222245	0.0233427	0.0696103	0.0422236	0.0278889	0.0122628	0.0696103	0.10545	0.0308726	0.0187231	0.0693192	0.0344148	-0.00269493	0.0696103	0.0465308	0.0624954	0.00861288	0.13356	-0.0126211	0.0292575	0.0492613	0.0517226	0.094367	-0.0090244	0.0199511	0.101345	-0.00855529	0.0589285	0.0578614	0.0528486	0.0436475	0.085169	0.0662731	0.0429661	-0.0586426	-0.0522782	0.0112476	0.0591333	-0.00394193	-0.00680131	0.0635629	0.140526	0.0492613	-0.0126211	-0.0126211	0.0703872	0.0185489	0.0198659	-0.0231144	0.0219117	0.0690993	0.0357513	0.0290759	0.0696103	0.089057	0.0196737	0.00803364	0.0196737	0.0199511	0.0252435	-0.01447	-0.00269493	0.0632276	0.0662731	0.00827493	0.0839923	0.0436475	0.0476256	0.0758916	0.0674216	-0.0558911	0.0632276	-0.0287213	0.0176373	0.0497659	-0.0304179	-0.00394193	0.0696038	0.0696103	0.0492613	0.123134	-0.0227461	0.105512	0.115962	0.0176373	0.117619	0.0253718	0.0924767	0.0185489	0.0324676	0.117619	-0.0445051	-0.00691172	0.0238366	0.0369546	0.078872	0.0753022	0.0648255	0.0259032	0.0369546	0.0612324	-0.01447	0.0853361	0.0350664	0.0132973	-0.0227461	0.0517226	0.074224	0.0803399	-0.0163386	0.0324676	0.0696103	0.0682399	0.0321467	0.1093	-0.0806041	-0.0123474	-0.08543	0.0293655	0.00552275	-0.0827019	0.0753022	-0.00680131	0.0233427	-0.0231144	0.018423	0.0674216	0.103547	-0.0752117	0.0941779	-0.0349404	0.0484904	-0.00990382	0.0259032	0.0623732	0.0462479	0.0359034	-0.00394193	0.0476256	-0.00298256	0.105512	0.0190557	0.0545711	0.0873567	0.0299724	0.0269589	-0.0164952	0.0612324	0.0178707	-0.0287213	0.0373068	0.0233427	-0.0136123	0.103547	0.0493156	0.00411908	-0.0452369	-0.00394193	0.0385371	0.164374	-0.0174951	0.0112476	0.0753022	0.120555	-0.0910393	-0.0764465	-0.0811135	0.0138476	-0.0722237	0.108381	0.0674216	0.094367	0.139125	0.0532396	0.0753022	0.03543	0.130748	0.0422236	-0.00866776	-0.0438263	0.0404282	0.113289	0.0389275	0.0169985	0.0240649	0.0321467	0.0532396	0.0169985	-0.0159026	-0.00394193	-0.0023219	0.0112476	0.0690993	0.139247	0.0311797	0.00827493	0.0302144	0.0289179	0.0696038	-0.0110516	-0.01447	0.111913	0.0190557	-0.0159026	0.0650588	0.0199838	0.0758027	0.00239183	-0.0145486	0.100752	-0.0227461	0.0116923	-0.00990382	-0.0215451	-0.00394193	0.0753022	-0.0811135	0.051981	0.0140794	-0.0110516	0.104377	0.10589	0.051419	0.018423	-0.0159026	0.0873567	0.0475557	-0.0760183	-0.0159026	0.0528486	0.1093	0.0597085	-0.01447	0.0185489	0.00803364	-0.0349404	0.0324676	-0.0110516	-0.0800412	0.137108	0.0373068	0.0364363	0.0753022	0.0696103	0.0260917	-0.01447	0.0233427	0.051419	0.113065	-0.0126211	0.00379853	0.0753022	0.138538	0.0181023	-0.0373075	0.095579	0.0199838	0.0499229	0.0771171	-0.0262146	0.103547	0.074224	0.074224
26000	intercept	0.853574	0.770535	0.836187	0.837104	0.846527	0.768926	0.846043	0.872224	0.875334	0.877177	0.829399	0.82566	0.841127	0.83019	0.841943	0.837104	0.893724	0.870489	0.864305	0.774977	0.841304	0.782784	0.843156	0.85214	0.850252	0.825277	0.864542	0.851831	0.768926	0.893724	0.867919	0.786115	0.835269	0.854599	0.864648	0.843088	0.840676	0.840226	0.854326	0.782495	0.832419	0.864542	0.886118	0.783673	0.825015	0.847225	0.783673	0.809452	0.89844	0.851643	0.834761	0.863273	0.810563	0.836187	0.872224	0.861037	0.785345	0.835457	0.876581	0.847074	0.784074	0.886118	0.83943	0.871504	0.814331	0.840857	0.824777	0.86707	0.873964	0.866166	0.908403	0.829168	0.814584	0.852627	0.803606	0.897732	0.843156	0.84889	0.862284	0.835269	0.803885	0.805031	0.851457	0.89844	0.876035	0.834827	0.847225	0.852785	0.796682	0.831942	0.846833	0.828717	0.772636	0.844009	0.864542	0.837033	0.880888	0.86707	0.814331	0.870489	0.872497	0.838903	0.837104	0.88343	0.837104	0.89844	0.837033	0.902685	0.837455	0.835269	0.806359	0.814584	0.88019	0.843861	0.830351	0.825277	0.886118	0.857355	0.854644	0.840226	0.872497	0.908403	0.857355	0.866826	0.850773	0.827044	0.786966	0.841612	0.764204	0.89844	0.866826	0.852483	0.829399	0.889009	0.858598	0.819436	0.80831	0.795499	0.831942	0.851457	0.848782	0.911916	0.861787	0.837104	0.818565	0.843645	0.807013	0.845594	0.806457	0.834587	0.830506	0.817203	0.82779	0.846043	0.775059	0.883572	0.805142	0.866799	0.83575	0.809452	0.889221	0.829859	0.802252	0.83822	0.840226	0.828717	0.80831	0.827758	0.812675	0.841304	0.833932	0.86407	0.882183	0.855577	0.837104	0.850972	0.88084	0.843156	0.818143	0.866799	0.866826	0.852153	0.779131	0.865661	0.852289	0.902967	0.842366	0.823967	0.84663	0.796634	0.833235	0.807122	0.852832	0.837033	0.852832	0.835304	0.856726	0.850277	0.837033	0.822559	0.837132	0.853987	0.805035	0.836187	0.844009	0.821531	0.788941	0.873964	0.828717	0.854219	0.846652	0.851457	0.858581	0.850972	0.814331	0.829161	0.866799	0.77529	0.908403	0.803606	0.818298	0.852627	0.799869	0.846527	0.814331	0.865661	0.83385	0.781887	0.873964	0.907699	0.845744	0.83943	0.748432	0.808775	0.826703	0.830631	0.83943	0.852483	0.850277	0.849495	0.821869	0.852627	0.908403	0.838134	0.837104	0.852483	0.860778	0.83385	0.847306	0.782495	0.795414	0.810249	0.873504	0.877177	0.872497	0.837453	0.857517	0.872497	0.825179	0.88084	0.831942	0.876581	0.784012	0.807953	0.768116	0.872497	0.840038	0.848832	0.840676	0.897732	0.830631	0.861037	0.8661	0.842528	0.850972	0.844009	0.88019	0.803606	0.864977	0.847337	0.834761	0.843645	0.837455	0.851643	0.852483	0.846043	0.854219	0.854599	0.831942	0.893724	0.768116	0.832254	0.821515	0.88685	0.850972	0.806125	0.749097	0.869002	0.852832	0.825179	0.845677	0.864389	0.864648	0.880415	0.862795	0.871504	0.771228	0.799097	0.809452	0.799803	0.835298	0.833596	0.832512	0.793263	0.848782	0.88966	0.882183	0.837455	0.799659	0.832512	0.853574	0.829399	0.800055	0.850098	0.853574	0.886118	0.850972	0.886411	0.855577	0.823967	0.79764	0.846203	0.864542	0.798152	0.810563	0.814331	0.847225	0.852052	0.803885	0.873944	0.886118	0.835298	0.854326	0.836859	0.851879	0.908403	0.809452	0.908403	0.859196	0.897732	0.863841	0.851643	0.816305	0.880415	0.770535	0.870251	0.847225	0.772811	0.772811	0.839013	0.782603	0.886118	0.816623	0.831401	0.871504	0.886118	0.804694	0.810249	0.835298	0.852052	0.865661	0.837033	0.848338	0.836553	0.847225	0.872497	0.790385	0.862284	0.81313	0.825179	0.851457	0.842717	0.850277	0.831942	0.839013	0.810249	0.876035	0.845857	0.825179	0.820882	0.810439	0.86279	0.826615	0.835269	0.830351	0.780383	0.86707	0.768116	0.837104	0.837104
27000	slope	-0.00251481	0.00741665	0.0238098	0.0724403	0.00524241	0.0313273	0.0173524	0.0601127	0.041654	0.0288116	0.0190738	-0.0113852	0.0708119	-0.0217241	0.0580728	-0.0379421	0.0471179	0.0223772	0.0115928	-0.011971	0.0394493	0.022033	-0.000306686	-0.014427	0.00515745	0.0326441	-0.00113118	0.0726831	0.0326441	0.00403955	-0.0171331	-0.0210955	0.0186716	0.0205357	-0.00738209	-0.0124955	0.076656	0.0556022	0.031564	-0.021493	-0.00512946	0.0630363	0.0554808	0.00402793	0.0726831	-0.00776184	0.0552555	0.0758759	-0.0120293	0.0282269	-0.0330374	0.022033	0.0291811	0.0273767	0.0364905	0.0175436	-0.0127731	-0.0171331	0.00129831	0.00810696	0.0353333	0.0322569	-0.0217257	0.054013	0.012596	0.076656	-0.0994755	0.0096596	0.0404182	0.0394493	0.020096	0.0297564	-0.0177974	0.0333448	0.0178788	0.00286576	-0.000545342	0.000886586	-0.00263673	-0.0389927	0.0275509	0.0294502	0.022033	0.0510055	0.00936986	-0.00512946	0.0745183	0.0337639	0.00457526	0.0171081	0.0202913	0.0552555	0.0773961	0.0257431	-0.0117181	0.0552555	-0.00263673	0.0267622	-0.0292357	-0.0171331	0.0449639	-0.0117181	0.0724403	0.0281277	-0.00579248	-0.0166079	-0.00568987	0.00310661	-0.0469236	0.0269872	0.0156734	0.0394493	-0.0166079	0.00741665	0.0550949	0.0298242	-0.0343783	0.00503061	0.106067	-0.0113852	0.0365752	0.0175436	-0.00662329	0.0597091	0.0597091	0.012596	0.00129831	0.0401393	0.0311797	0.0466141	0.0156734	0.0523022	0.0262962	0.0519862	0.0550274	-0.0350918	0.0597091	-0.0117181	0.0503512	0.0294502	0.0342732	0.00310661	0.00923848	0.0262962	0.0537825	0.0213411	0.0335369	0.0356824	-0.0143254	-0.0221773	-0.0171331	0.00345397	0.00306605	0.052494	0.0257342	0.00129831	0.000886586	0.0552555	-0.00386346	-0.0453464	0.0348457	0.0550274	0.0294502	0.0262962	-0.00354201	0.0420766	-0.0171331	-0.00380629	0.0662428	-0.0372439	-0.0297048	0.0556022	0.0187854	0.0726831	-0.0166079	0.010697	0.0657485	-0.026132	-0.0272029	-0.0093765	0.043822	0.0262962	0.040992	0.0171081	0.0580728	-0.0959477	0.0652213	0.051581	0.0205234	-0.0959477	0.0319008	0.0149502	-0.0171331	-0.014427	0.00197487	0.0267622	0.0173017	-0.0256604	0.0249256	-0.00386346	-0.015427	0.000886586	0.0167225	0.0183467	-0.0189726	0.0282269	0.00129831	0.0808028	0.00129831	0.0469683	0.0156734	0.0554877	0.0421395	0.0700758	-0.021493	0.0281435	0.0250493	-0.0499386	0.0204007	0.0257431	0.0353601	0.0580728	0.0202913	0.0190738	-0.00263673	0.0313273	0.0008626	0.0420929	0.0210567	0.0167225	0.041654	0.0131121	0.0487032	0.0070219	-0.0343783	-0.084261	-0.0469236	0.0420929	0.012596	-0.0277097	0.0267622	0.0313273	0.0159616	0.0610406	0.00787012	0.0713751	0.0530483	0.0420766	0.0211642	0.0618712	0.00310661	0.123159	0.0202748	0.00310661	-0.0546451	0.0199853	-0.0216407	0.0554808	-0.0108889	-0.0499386	0.0762381	0.0450211	0.116418	0.0238098	0.0519862	0.076656	0.0178788	0.00310661	0.0281277	0.00810696	0.0574973	-0.0226751	0.000886586	-0.0850728	-0.0292357	0.00698886	-0.026132	0.0534451	0.0204007	-0.0343783	0.00129831	0.031564	-0.0378762	0.0156734	-0.0540138	0.000886586	0.0206947	0.125828	0.0420766	0.0046877	-0.084261	0.06955	0.000886586	-0.017373	0.0319008	0.0342732	0.0102567	0.0610406	0.0429086	0.012596	0.041654	0.0132429	0.00310661	0.0235192	-0.0256604	0.0262962	-0.021493	0.0262962	0.0202913	0.0120196	0.0420929	0.0213411	0.026373	-0.0226751	0.0485453	0.020096	-0.0120293	-0.00727238	0.0342732	0.0745183	0.0753447	0.0791211	-0.0171331	0.023037	-0.0256604	0.0450211	0.0262962	0.0848434	-0.00263673	0.0726831	-0.00579248	0.0262962	0.00525453	-0.0166079	0.0848434	0.076656	0.0297564	0.0356824	-0.0850728	0.0429086	0.0580728	0.0358152	0.020096	0.0240443	0.0726831	0.125828	-0.0171331	-0.00512946	0.0530483	0.0342277	0.0249359	0.0319008	0.0262962	-0.0437715	-0.00938388	0.0485453	0.0311797	0.000774686	0.0713751	0.022033	0.0240443	0.0262962	0.116418	0.0235192	0.0313273	0.00129831	0.0214889	0.051581	0.0342732	0.00525453	0.0420929	0.0379276	0.012596	0.0533034	0.00403955	0.00306605	-0.0292357	0.0700758	0.0194438	-0.00938388	0.054013	0.106067	0.0386969	0.00981756	-0.0171331	0.0205234	0.0487032	0.0691397	0.000886586	0.0618403	0.0597091	0.0205234	-0.0895932	0.0202748	-0.00330817	0.0530483	0.0676584	0.0237324	0.0471803	0.0848434
27000	intercept	0.850123	0.885809	0.840453	0.832251	0.861072	0.852402	0.862261	0.847615	0.834153	0.873439	0.870647	0.831115	0.82916	0.86355	0.832585	0.844107	0.83112	0.854794	0.8629	0.84081	0.838702	0.883319	0.862138	0.846305	0.860455	0.849846	0.843915	0.823444	0.849846	0.875018	0.849613	0.880234	0.841995	0.843077	0.834509	0.84081	0.808705	0.82916	0.890589	0.837544	0.852045	0.856967	0.817752	0.860847	0.823444	0.832769	0.834305	0.816982	0.834868	0.886804	0.842978	0.872928	0.855447	0.886807	0.865163	0.873296	0.842982	0.860357	0.859141	0.842461	0.841361	0.822302	0.850971	0.863427	0.865918	0.808705	0.873773	0.846891	0.8466	0.838702	0.864208	0.84084	0.884554	0.856572	0.875211	0.862637	0.83273	0.834509	0.846305	0.850725	0.865918	0.856482	0.872928	0.857865	0.82347	0.848283	0.832127	0.897439	0.837096	0.871937	0.842461	0.834305	0.846545	0.834292	0.854099	0.842009	0.851429	0.878781	0.84081	0.834553	0.870087	0.847982	0.82747	0.855268	0.833983	0.842723	0.859141	0.868884	0.872045	0.840453	0.891261	0.838702	0.842723	0.868769	0.86273	0.855268	0.86929	0.84081	0.821842	0.834982	0.849804	0.873296	0.85099	0.824253	0.832127	0.86544	0.851239	0.850798	0.843452	0.818618	0.891261	0.845897	0.840453	0.864142	0.837739	0.82629	0.818678	0.854099	0.840701	0.856482	0.822302	0.868884	0.865918	0.826113	0.865868	0.870669	0.831245	0.851687	0.859641	0.841522	0.829192	0.850971	0.836899	0.834153	0.905224	0.859141	0.834509	0.842009	0.868761	0.836816	0.816253	0.837739	0.856482	0.844499	0.830083	0.82914	0.834553	0.868761	0.821738	0.844107	0.841329	0.82916	0.877426	0.824985	0.842723	0.845936	0.818678	0.852339	0.853593	0.826654	0.880404	0.84408	0.835014	0.871937	0.823444	0.875314	0.834305	0.845919	0.794143	0.875314	0.881338	0.84537	0.82899	0.842723	0.813915	0.886546	0.850003	0.851386	0.845329	0.871937	0.859141	0.834509	0.834553	0.862684	0.868761	0.886804	0.86017	0.82916	0.856589	0.828852	0.891261	0.852018	0.845135	0.823444	0.851386	0.845329	0.883279	0.830345	0.897439	0.834292	0.850334	0.832585	0.842461	0.870647	0.851429	0.84269	0.86265	0.86606	0.844925	0.834553	0.845135	0.82347	0.827139	0.865574	0.86929	0.870174	0.872045	0.86606	0.86544	0.87148	0.886546	0.82255	0.870647	0.850252	0.833031	0.821738	0.855384	0.82914	0.841113	0.842111	0.868884	0.821842	0.804566	0.86804	0.93987	0.820522	0.84982	0.817752	0.862887	0.830345	0.858086	0.836532	0.832697	0.840453	0.854759	0.808705	0.884584	0.868884	0.855268	0.84805	0.821531	0.856685	0.834509	0.873467	0.84081	0.84075	0.852339	0.842111	0.900235	0.86929	0.855356	0.890589	0.840764	0.891261	0.843232	0.834509	0.862242	0.822866	0.82914	0.811381	0.884	0.833363	0.834509	0.84344	0.881338	0.830764	0.805935	0.850252	0.844941	0.865918	0.828088	0.899487	0.868884	0.854794	0.851386	0.840453	0.851386	0.84408	0.845329	0.834189	0.86606	0.870669	0.818802	0.856685	0.86273	0.864208	0.84081	0.852045	0.822302	0.832127	0.821738	0.825545	0.860357	0.881264	0.851386	0.836532	0.826113	0.816279	0.846305	0.823444	0.833983	0.826113	0.86804	0.842723	0.810271	0.808705	0.846328	0.853998	0.873467	0.844941	0.823444	0.856669	0.864208	0.899487	0.823444	0.822866	0.834553	0.857651	0.855384	0.856482	0.822302	0.879847	0.826113	0.844716	0.858428	0.86273	0.818332	0.819669	0.823388	0.872928	0.899487	0.857892	0.832697	0.854794	0.84269	0.859141	0.870899	0.845919	0.822302	0.86804	0.867691	0.840453	0.865918	0.825129	0.888888	0.854485	0.84081	0.823444	0.866264	0.872098	0.860239	0.821842	0.843391	0.838702	0.860357	0.794143	0.827139	0.842111	0.834509	0.834153	0.832127	0.804787	0.87314	0.794934	0.836336	0.855384	0.835082	0.876974	0.850252	0.806664
28000	slope	0.0429822	-0.0388124	0.0501869	-0.0228143	0.0155976	-0.0141024	0.0552232	0.00774028	0.0332804	0.00894293	0.0140244	-0.0249727	0.0191079	-0.00561912	0.0410713	-0.0105511	0.0423371	0.0361564	0.0513346	0.0369975	0.0552495	0.0838115	-0.0142574	0.0429934	-0.00956626	-0.0228143	0.0692187	-0.0276181	0.0148733	0.0263088	0.00582968	0.0272922	0.0181164	-0.012903	0.0453389	0.0224516	0.0248495	0.0197729	0.0186446	0.00421475	0.0946095	0.019012	0.0482225	-7.9548e-05	-0.0189991	-0.0141024	-0.0263299	0.0482225	-0.0675252	-0.00193573	0.0473567	-0.0136336	0.0108724	-0.0542226	-0.00143551	0.0416347	0.0950345	-0.0111203	0.0491097	0.0167133	0.0519862	0.0484304	0.0203728	-0.00435519	0.00501121	0.0414588	-0.0119795	0.0108724	0.0911662	0.00507401	0.0348155	0.00457944	0.00457944	0.0309822	0.0438554	-0.00100834	0.0105328	0.0136263	0.0022111	-0.0228143	0.0189744	0.0136263	0.00582968	0.0526903	-0.0344596	0.0156932	0.0127369	0.0632521	-0.0203974	-0.00305586	0.0768188	0.0136258	0.0191079	0.0380389	0.0287097	0.0911662	0.0135056	0.00894293	0.0136263	0.0394678	0.00457944	0.0193737	-0.0179522	-0.00470083	0.00174943	0.00461668	0.0446685	0.0816279	0.0446685	0.0482225	0.0911662	0.00457944	0.0473567	0.0113976	-0.026977	-0.0229793	-0.00367076	0.00461668	0.00338526	0.0190889	-0.00956626	-0.0228143	-0.0534078	-0.0177451	0.0315779	0.00774028	-0.0230846	0.0189744	-0.0207538	0.0124811	-0.000418609	0.0559651	0.0380389	0.063546	0.0380389	0.036259	0.0414588	0.00635684	0.0700706	0.0945456	-0.0491225	-0.0111203	-0.0134041	0.00429928	0.0181164	0.0429822	0.036874	0.0315779	0.0176761	0.0488428	0.00461668	-0.0400487	0.00228595	-0.00657055	0.0753413	0.0380389	0.0269496	0.032242	0.0488428	0.0446685	0.00461668	-0.00519518	0.0911662	0.0290629	0.00752979	-0.00445316	0.019012	0.0549921	-0.063652	0.00226611	0.00775475	0.0559651	0.0437619	0.0429278	-0.0112268	0.00454798	0.0565452	0.0186446	0.0185424	0.0214525	-0.0141024	0.054975	-0.039083	-0.00886965	0.0280016	-0.0202906	-0.0555269	0.0416632	-0.0439554	0.048873	0.0361564	0.0108724	0.00457944	0.0503614	0.0552599	0.00635684	0.102616	0.0711183	0.00437688	0.0361564	0.00582968	0.0414588	0.0256295	-0.0141024	0.0446685	0.0436027	-0.0202906	-0.0337934	0.0380389	0.0338635	0.00951774	-0.0555269	0.00645324	0.0113976	-0.00110125	-0.0179386	0.00774028	0.0284251	0.00374194	0.0249055	0.0519862	0.034523	-0.00143551	0.00501121	0.0473567	0.0153784	0.0446685	-0.0228143	0.0750623	-0.0228143	0.00988183	-0.00765364	0.0380389	0.0112952	0.00931768	-0.00435519	0.0181164	0.0153784	0.0102049	0.0280016	0.00909616	0.00457944	0.0482225	0.00457944	0.0479236	-0.00367076	0.0247971	0.0479236	0.0197729	0.0176041	-0.022897	0.00988183	0.0015385	-0.00279052	0.00501121	0.0549921	0.0367023	0.0411041	0.00501121	-0.00367076	-0.0217255	-0.00367076	-0.0482636	0.0380389	0.00951774	0.0467041	0.0519862	0.00894293	0.032153	-0.00367076	0.00774028	0.0117681	-0.0231324	0.00909616	0.0414588	0.0414588	-0.0866058	-0.00839594	-0.0387229	0.0248966	0.0414588	0.00174943	-0.0167297	0.0473567	-0.0228143	0.0117575	0.0153784	0.0380389	0.00894293	0.0414588	-0.00435519	-0.0488157	0.0153784	0.00582968	0.0361564	0.0414588	0.0212304	0.0946095	0.0868699	0.00174943	-0.0263299	-0.0179522	0.00909616	0.0482225	0.0089783	0.0361564	0.0166869	0.0153784	0.00457944	-0.00614663	0.0120162	0.0430843	0.0857703	-0.0264348	-0.00518121	0.0395326	-0.0269781	0.0868699	0.0171388	0.0140532	0.0256295	0.0448092	0.0312566	0.0361564	0.071759	-0.0566977	-0.0346231	0.0519862	0.0380389	0.031648	0.00501121	0.0559651	-0.00956626	-0.00956626	0.054975	0.0429822	0.0310085	0.0144715	-0.0115826	0.0191079	-0.00359838	0.0357926	-0.00956626	0.00421475	-0.0058817	-0.00519518	0.0945456	-0.0087171	-0.0167297	0.0176338	0.0473567	-0.00924168	-0.0140992	0.0134067	-0.00956626	0.0549921	-0.00956626	-0.0376519	0.0503614	-0.00956626	0.0342807	-0.00833637	0.032153	0.0911662	0.00228595	-0.0111203	-0.0141024	-0.00413438	0.0975524	0.0386868	0.0197729	0.00318476	-0.0491225	0.0582776	0.0357926	0.0479236	0.0321484	0.0868699	0.0387889	-0.00236018	-0.0491225	-0.00519518	0.0482225	0.0154853	-0.0645011	-0.00295699	-0.00359838	0.0176338	0.00581065	0.0112952	0.0124245	0.054975	0.0801721	0.0911662	0.00931768	0.0380389	0.0410713	-0.0107165	-0.00367076	0.0162874
28000	intercept	0.835886	0.846644	0.837006	0.824655	0.854588	0.863061	0.828522	0.868246	0.860292	0.862951	0.830641	0.87959	0.84476	0.847132	0.862495	0.842827	0.840826	0.853236	0.839314	0.851976	0.838265	0.826161	0.882059	0.831135	0.846275	0.85264	0.831346	0.862448	0.855775	0.883066	0.855775	0.857668	0.857379	0.844333	0.834358	0.868572	0.830609	0.862951	0.882752	0.868632	0.842791	0.835286	0.848148	0.812103	0.85264	0.867194	0.868632	0.845975	0.859995	0.828155	0.838185	0.842516	0.854588	0.859995	0.840075	0.789359	0.837635	0.859287	0.851976	0.873662	0.846515	0.863297	0.854588	0.883125	0.87208	0.825262	0.870155	0.854588	0.819612	0.854759	0.851777	0.852329	0.84284	0.851937	0.828594	0.854588	0.835113	0.845518	0.808761	0.824655	0.860542	0.857379	0.870944	0.808536	0.824655	0.884824	0.855775	0.826629	0.843746	0.847472	0.841418	0.886837	0.840123	0.839982	0.871523	0.816106	0.883125	0.862951	0.846109	0.853236	0.84284	0.84671	0.859174	0.878463	0.865623	0.847772	0.808536	0.806551	0.831424	0.848148	0.816106	0.84284	0.865255	0.855775	0.822024	0.811549	0.84671	0.847772	0.870886	0.840075	0.846275	0.85264	0.852898	0.849225	0.846657	0.868246	0.869609	0.860542	0.859174	0.892503	0.863249	0.854284	0.839982	0.858811	0.82903	0.812401	0.825262	0.819377	0.80179	0.794572	0.834885	0.859287	0.852139	0.829103	0.857379	0.830609	0.862495	0.846657	0.835113	0.829708	0.847772	0.85264	0.866687	0.848816	0.809121	0.839982	0.866602	0.856742	0.829708	0.809801	0.847772	0.827784	0.816106	0.865255	0.825381	0.851158	0.835286	0.861168	0.859961	0.879317	0.857758	0.850559	0.857701	0.820776	0.890498	0.854138	0.830609	0.883125	0.828526	0.855775	0.882069	0.855128	0.857066	0.832096	0.837913	0.8666	0.854052	0.83664	0.834885	0.782119	0.831997	0.854588	0.84284	0.871523	0.853904	0.819377	0.794572	0.825262	0.850419	0.853236	0.869032	0.825262	0.846558	0.882069	0.808536	0.837913	0.8666	0.833033	0.839982	0.832924	0.851777	0.854052	0.853547	0.855775	0.850998	0.859174	0.868246	0.849531	0.850998	0.842516	0.85344	0.848148	0.840075	0.87208	0.843492	0.815179	0.808536	0.824655	0.833944	0.85264	0.82927	0.859683	0.839982	0.850553	0.84671	0.883125	0.857379	0.825454	0.87208	0.837913	0.787716	0.84284	0.848148	0.815741	0.831135	0.843374	0.866602	0.831135	0.862951	0.850854	0.848386	0.82927	0.854588	0.856063	0.87208	0.852466	0.848148	0.852466	0.87208	0.844831	0.85264	0.84671	0.852474	0.866744	0.851777	0.826629	0.85344	0.862951	0.852223	0.84671	0.868246	0.864524	0.849225	0.794538	0.825262	0.825262	0.859995	0.84056	0.852474	0.859432	0.825262	0.865623	0.829336	0.867689	0.824655	0.845843	0.825485	0.84534	0.862951	0.825262	0.883125	0.849722	0.825454	0.855775	0.853236	0.825262	0.85789	0.843387	0.806551	0.865623	0.868632	0.859174	0.794538	0.848148	0.862951	0.832924	0.811627	0.830609	0.856695	0.841767	0.844275	0.814544	0.822682	0.861266	0.85137	0.812401	0.824655	0.806551	0.857379	0.854399	0.846558	0.838729	0.865255	0.853236	0.837815	0.846756	0.833198	0.85344	0.84534	0.852562	0.863559	0.854284	0.842827	0.845521	0.85114	0.830609	0.853236	0.807164	0.868632	0.84476	0.851158	0.871204	0.846275	0.868632	0.84671	0.834983	0.794572	0.861925	0.824655	0.802722	0.865255	0.887508	0.868632	0.84435	0.846275	0.87395	0.846275	0.871709	0.871523	0.846275	0.84476	0.836419	0.85789	0.819612	0.866687	0.859287	0.882069	0.854588	0.822682	0.852562	0.862951	0.90426	0.839479	0.843437	0.863297	0.831135	0.84534	0.798372	0.830609	0.854588	0.834885	0.834983	0.845975	0.855775	0.8557	0.856274	0.858344	0.81463	0.843413	0.860744	0.851937	0.85114	0.80273	0.816106	0.845372	0.84534	0.860292	0.861689	0.84671	0.856567
29000	slope	0.00270622	0.00506825	0.0487878	0.0552077	0.00658575	0.0176012	0.0398372	0.0566567	0.0123179	0.000109431	0.0429735	0.0129808	-0.021793	0.0357022	0.0552077	-0.0225089	0.0429735	0.0104234	0.0413531	0.0413531	0.0885644	0.0407201	0.0461319	0.0552077	0.0318566	0.0312939	-0.00673868	0.00196258	0.0747293	-0.00519798	-0.0225089	0.0318566	-0.0273791	0.0603039	0.0037307	0.0224041	0.00901701	-0.02316	-0.0410629	0.0100284	-0.0393071	0.00060462	-0.0273791	-0.0561148	0.020573	0.0105828	0.0481937	0.0552077	0.0790228	0.00504333	-0.0282017	0.0135418	-0.0206594	0.0242688	0.0109965	0.0380197	-0.0225089	0.0225955	-0.00394876	0.0245949	0.0232894	0.0690026	0.00506825	0.0744549	0.0153381	0.0105436	0.0340643	0.0156027	0.0495176	0.0445994	0.033709	-0.02316	0.0117032	0.0599049	0.0215755	-0.000251437	0.0241433	0.0245949	0.0156027	-0.000622326	0.0241433	-0.010385	-0.00550804	0.0280188	-0.0499926	0.000410926	0.00504333	0.0212919	0.00156805	0.0580916	0.00771703	0.000410926	-0.0225089	0.0128558	0.00060462	0.0603039	0.0306692	0.0300416	0.0109969	0.00942079	0.0696597	0.00615447	-0.010385	0.0048747	0.0255939	0.0457634	0.0224743	0.023072	-0.00173205	0.0457634	-0.0401196	0.0225955	0.0170156	0.0183566	0.0177959	0.0404821	-0.0282017	0.0487878	0.0122406	0.0438336	0.0527838	-0.00983472	0.0552077	0.0603039	0.0503219	0.000646226	0.0804357	0.0122406	0.0486368	0.0432806	0.0542725	0.0195924	0.00941376	0.0264762	0.0328785	0.0368691	0.0215755	0.039045	-0.00296791	0.0196196	0.0291208	0.0380197	0.00580059	0.0457634	0.0293171	0.0151919	0.00934506	-0.00192988	-0.0401196	0.019143	0.010055	0.00784096	0.0122867	0.00803604	0.0190915	0.0128558	0.042034	0.0179386	-0.0186137	0.0527838	0.0363634	0.0236578	0.0357022	0.0252628	0.0175184	0.0117032	0.0352459	0.0245949	0.0566567	-0.00543929	0.0077616	-0.047968	0.0352233	0.0245949	0.042034	0.00702807	0.0457634	0.0577736	0.026115	0.0313722	0.0521934	0.0236578	-0.040514	-0.0161928	0.0527838	0.0109572	0.00060462	0.020573	0.026115	-0.0161928	0.0363634	0.0252251	0.0183566	0.0109965	0.0258406	0.0527838	0.0254835	0.0477458	0.024946	0.0275656	0.00156805	0.0214386	0.024946	0.0486368	0.00714636	0.0123179	-0.00550804	0.0267331	0.0183566	-0.0488333	0.0686253	0.0170156	0.0109965	0.016156	0.0413531	0.0668299	-0.00290064	0.042034	-0.00396843	0.00060462	0.0448245	0.042034	0.0279599	0.0352459	-0.0393071	0.059692	0.0404821	0.00580059	0.0442484	0.00941376	0.0486368	-0.00550804	0.0247644	-0.00145507	0.0297502	0.0151919	0.00917714	0.0231182	0.0440388	0.0328785	0.0214386	0.0464825	-0.0401196	0.0225955	0.0386025	0.0352233	-0.0351645	0.0100284	-0.0393071	0.0162673	0.0361781	0.00615447	-0.0393071	0.013695	0.0170156	0.000646226	0.0412862	0.0548869	0.00104011	0.0318566	-0.0274896	-0.02316	-0.0401196	0.0241433	0.0502058	0.0487306	0.0169161	0.0157647	0.0605155	-0.0219673	0.0405014	0.0566567	-0.00476893	0.0527838	0.0552077	0.00548143	0.0357022	0.0552077	0.0352233	0.0459421	0.0245949	0.00060462	0.00255388	0.0168488	0.0412862	0.0561195	0.0109572	0.00457944	0.0341002	0.0252251	-0.00452237	-0.0393071	0.0109965	0.064924	0.0347949	0.0217086	0.0570013	0.000646226	0.00803604	0.0135418	0.0224743	0.0267331	0.0157647	0.0241433	0.0123179	0.0279599	0.0334465	0.059281	0.0104418	0.016156	0.0267331	0.00915387	-0.00296791	0.0123179	0.0404821	0.0448245	0.0267953	0.0413531	0.0432806	0.0254835	0.00915387	0.0404821	0.0552077	0.0329081	-0.010385	0.0037307	0.0352233	0.0440388	-0.0225089	0.042034	-0.0186137	0.0231182	-0.0393071	0.00502582	0.0130695	0.0300681	0.0254835	0.000410926	0.0566567	0.0407201	0.00506825	0.0195924	0.024946	0.0247644	0.0037307	0.00504333	0.0109965	0.0352459	0.0150921	0.0334465	0.0605155	0.00457944	0.0241433	-0.0225089	0.0461319	-0.0393071	0.0481937	-0.00449736	-0.0141564	0.0301413	0.00941376	0.0603039	0.0486368	0.00504333	0.0379272	-0.000394451	-0.0401196	0.0385867	0.0362073	0.0179386	0.0502058	0.033709	0.0293171	0.0179386	0.042034	0.024946	0.0603039	0.0804357	0.079792	0.0404821	-0.0206594	0.0486368	0.0352233	0.0552077	0.00941376	0.0552077	-0.00173205	0.0641051	0.0429735	0.0552077	0.00190972	0.0247644	0.0552077	0.0530651	0.0352233	0.00941376	0.0415666	0.0109572	0.0129754	0.0432806
29000	intercept	0.866564	0.84205	0.854321	0.819361	0.896708	0.822945	0.843155	0.814814	0.843615	0.808588	0.870412	0.855022	0.845238	0.874483	0.827559	0.819005	0.870412	0.851952	0.844315	0.844315	0.809023	0.83466	0.86337	0.842393	0.836854	0.830749	0.87959	0.824655	0.838116	0.84205	0.819005	0.836854	0.857297	0.816342	0.842215	0.831536	0.881612	0.866203	0.88091	0.848	0.880352	0.855127	0.854824	0.880352	0.835732	0.876618	0.865138	0.832991	0.832991	0.857304	0.881143	0.869155	0.895909	0.831196	0.822464	0.853676	0.806739	0.822005	0.866342	0.832927	0.809432	0.844334	0.84205	0.828591	0.851971	0.831366	0.847014	0.824655	0.819627	0.868969	0.845547	0.881306	0.900637	0.807271	0.839051	0.882305	0.832366	0.847014	0.829986	0.842528	0.84737	0.844043	0.881825	0.827353	0.87865	0.828665	0.840687	0.828522	0.847646	0.830788	0.884314	0.848769	0.825954	0.850682	0.855127	0.816342	0.845999	0.835363	0.822051	0.848411	0.824556	0.848904	0.844043	0.884314	0.849386	0.819909	0.859376	0.844861	0.87959	0.819486	0.875685	0.822005	0.879626	0.822895	0.846876	0.825532	0.881143	0.854321	0.869155	0.838469	0.830788	0.847517	0.832991	0.816342	0.864944	0.849086	0.829454	0.869155	0.832506	0.824359	0.850626	0.830314	0.84205	0.822117	0.832506	0.865977	0.839051	0.844315	0.840072	0.835732	0.814282	0.853676	0.848904	0.819909	0.858333	0.860892	0.851272	0.84205	0.891771	0.884314	0.871755	0.851461	0.824655	0.847687	0.86732	0.847059	0.859339	0.802357	0.857297	0.822548	0.823551	0.805782	0.869158	0.824446	0.844188	0.900637	0.868969	0.847014	0.814814	0.869062	0.866761	0.899667	0.827283	0.841395	0.864944	0.881239	0.819486	0.868969	0.850311	0.827353	0.82328	0.805782	0.881143	0.836151	0.826939	0.833488	0.855127	0.819425	0.866434	0.836151	0.823551	0.822866	0.830501	0.818371	0.837184	0.830788	0.827353	0.824359	0.879088	0.841427	0.847646	0.836915	0.875952	0.832506	0.888164	0.852353	0.849351	0.822005	0.830501	0.870812	0.814128	0.879626	0.816532	0.870412	0.844315	0.843255	0.808588	0.864944	0.860192	0.855127	0.862883	0.864944	0.888889	0.868969	0.875118	0.851154	0.825532	0.848904	0.871393	0.84205	0.827427	0.840794	0.858333	0.842215	0.868896	0.847993	0.873488	0.824627	0.83466	0.832506	0.860817	0.832991	0.891771	0.822005	0.829538	0.827283	0.880175	0.848	0.903382	0.837142	0.846287	0.853861	0.880352	0.884314	0.879626	0.849086	0.828542	0.840289	0.843973	0.836854	0.84895	0.866203	0.891771	0.830092	0.852137	0.83466	0.852353	0.856542	0.857633	0.881143	0.844315	0.814814	0.844043	0.862367	0.821427	0.830205	0.882762	0.832991	0.827283	0.817599	0.847014	0.855127	0.824655	0.835732	0.835196	0.826891	0.835732	0.866761	0.823347	0.822866	0.911562	0.880352	0.819939	0.846484	0.814303	0.857975	0.840256	0.843973	0.847687	0.869155	0.859376	0.820488	0.856542	0.837701	0.856476	0.888889	0.822866	0.853992	0.820563	0.870412	0.820488	0.839433	0.84596	0.853576	0.827208	0.862883	0.847014	0.844315	0.824359	0.851064	0.839433	0.825532	0.832991	0.830749	0.867172	0.842215	0.829808	0.83466	0.831667	0.864944	0.857297	0.831769	0.859297	0.847993	0.854532	0.854586	0.831072	0.848769	0.814814	0.836518	0.84205	0.823649	0.879088	0.858333	0.842215	0.857304	0.827615	0.868969	0.824655	0.822866	0.857633	0.866761	0.830092	0.819005	0.853992	0.880352	0.865138	0.814111	0.872663	0.858333	0.84205	0.816342	0.827427	0.857304	0.812756	0.84205	0.881117	0.827283	0.863901	0.820115	0.852137	0.845547	0.858333	0.820115	0.859339	0.875952	0.816342	0.81119	0.799546	0.825532	0.866801	0.832506	0.827283	0.835531	0.84205	0.828383	0.881397	0.863541	0.870412	0.842393	0.847993	0.858333	0.832991	0.862807	0.827283	0.84205	0.852567	0.835732	0.839068	0.824359
30000	slope	0.0478847	0.00589407	0.0389697	0.0290821	0.0478847	0.0273536	0.00169986	0.0566451	0.0513932	0.0339349	0.0297796	0.0727718	0.00431069	0.0108466	0.0228749	0.00436607	0.0172314	0.0359819	0.0393491	0.0352881	0.0597421	0.00825615	0.0172314	0.0564428	0.00636125	0.0230235	0.0193011	0.071023	0.0602395	0.0297722	0.0372413	0.0426037	0.0140066	0.00501882	-0.00788324	-0.025409	0.049097	0.0384712	0.0300882	0.00310754	0.00759411	0.0719367	-0.0291402	0.0239615	0.0517997	0.00310754	0.0138013	0.0364464	0.0497173	0.0491407	0.0618196	0.0273536	0.0109433	0.0293746	0.01513	0.0247544	0.0258554	-0.000426408	0.0372413	0.0417596	0.0303753	0.0303811	0.0121118	0.0217114	0.0564428	0.0441011	-0.00788324	0.039729	-0.0568324	0.0210898	0.0278047	0.0172314	0.0255718	0.00161225	0.00162658	0.0291483	0.0155353	-0.0324767	0.0419769	-0.00027651	0.0462972	0.0451021	0.0139321	-0.0243998	0.0448975	0.0513932	0.0281614	0.0247611	0.0109433	0.0246455	0.017577	0.0211633	0.00174506	0.0238022	-0.0081218	0.0607731	0.0313612	0.0462972	0.0471448	0.00219697	0.0278047	0.0390411	-0.0337154	-0.0293553	0.00310754	-0.00560994	-0.0215152	0.0352881	0.0130823	-0.00315754	0.0439251	0.0273536	0.0372413	0.00219697	-0.00142386	0.00770882	0.00715739	0.0411136	0.0481013	-0.00815975	0.0134688	0.050253	0.0177518	-0.0084157	-0.0194445	0.0549081	-0.00311687	0.0361733	0.0164022	0.002551	0.0152873	-0.00245038	0.00172909	0.00310754	0.0258965	0.0265789	-0.0324767	0.0384712	0.00546827	0.0418512	0.00349881	0.0384712	0.0390411	0.00249618	-0.000991587	0.0101327	0.0386728	-0.0194445	0.0118181	0.0247611	0.09494	-0.0293553	0.00587915	0.0270581	0.0264106	0.00360271	0.0349988	0.0109433	0.0230235	0.0258482	-0.00345246	-0.0377405	0.0422573	0.00759411	0.0491407	0.0384712	0.0528829	0.0432761	0.00638753	0.0419103	0.0195311	0.0102532	-0.00713058	0.0473491	0.0452523	0.039729	0.0118181	0.00310754	0.0328988	0.00310754	0.0378429	0.00310754	0.0532939	0.0165282	0.00345054	-0.0124828	-0.0226798	0.0160533	0.0171579	0.0488766	0.0589752	0.0646731	0.0210898	0.0426037	0.0384712	0.0278047	0.0273536	0.0683184	0.00710441	-0.0324767	-0.00560994	0.05022	0.0478847	0.0112213	-0.0568324	0.0295596	0.000494776	-0.00560994	0.0439251	-0.0011613	-0.0011613	0.00710441	0.0646731	0.0265583	0.00310754	0.0164022	0.0201744	0.0753983	0.0507244	0.0473491	-0.00713058	0.0411136	-0.0199618	0.0277612	0.0246455	0.0230235	0.0134688	-0.00560994	0.0264106	0.0158385	0.0246455	0.0342834	0.0426037	-0.00788324	0.0441011	0.0152279	-0.00560994	0.0170397	0.0377017	-0.0109383	0.0490253	0.01254	0.00172909	-0.0293553	0.0127509	0.0478847	-0.00812969	-0.000556995	-0.00544728	-0.00245038	0.0607731	0.0153123	0.047062	0.0374568	0.0258965	0.00349881	-0.0206912	0.00326316	-0.0568324	-0.0215152	0.0210415	0.0217711	0.0478847	0.0491407	0.0247876	0.0646731	0.029559	0.01254	0.0273536	0.0109433	0.0452523	0.01254	0.00349881	0.0980987	-0.0133137	0.0225087	0.0464525	0.0384712	0.00841094	0.0359579	0.0315728	0.00180979	-0.0548673	0.0210898	0.0169158	0.0145649	0.024859	0.0528829	0.0390411	0.0564428	-0.00584133	0.013751	0.00759411	0.0109433	0.0297796	0.0273536	0.0258554	-0.0327768	-0.00445176	0.0426037	0.0423964	0.0220379	0.0281794	0.0462972	0.0217711	0.0364464	0.017557	0.0172314	0.0349258	0.00310754	0.0273536	0.01254	0.047062	0.0528829	0.0473532	0.00310754	0.0212842	0.01254	-0.0280336	-0.0548673	0.0201744	-0.00315754	0.0480414	0.0415076	0.0390411	0.0384712	0.0222202	0.0478847	0.0389819	-0.0568324	0.0131018	0.0163601	0.0717481	0.0491407	-0.00245486	0.00172909	0.0212842	0.0491407	0.0218539	0.0220379	0.0411136	-0.0377405	-0.0293553	0.0109433	0.0462972	0.000760308	0.00542333	0.0462972	-0.00245486	0.0247611	-0.00560994	0.0153057	-0.0011613	0.023885	0.0362127	0.0158385	0.0507244	0.0426037	0.050303	-0.00859027	0.0513932	0.0153321	0.048437	0.0315728	0.0441011	0.0675269	0.0680473	0.0281794	0.0328685	0.0210898	0.0063162	-0.069516	0.00841094	0.0176882	0.0367163	0.017557	0.0109433	0.0549081	0.0256803	0.00431069	0.0106202	0.0426037	0.0364184	0.0137822	0.0159247	0.0174462	0.0268599	0.0352881	0.0247611	0.0237727	0.0315728	0.0210898	0.0417596	0.0409957	0.0610217	0.0462972	-0.00812969	0.0225087	-0.0199618	-0.0293553
30000	intercept	0.793897	0.846938	0.84172	0.86997	0.806808	0.877266	0.877315	0.841181	0.839583	0.835628	0.864891	0.804794	0.848665	0.848966	0.841151	0.832274	0.823432	0.82491	0.818908	0.859006	0.82013	0.877266	0.823432	0.82013	0.87524	0.834093	0.857111	0.869684	0.82013	0.828649	0.830611	0.831594	0.85703	0.832274	0.832799	0.893004	0.813945	0.819771	0.861649	0.835768	0.877838	0.82013	0.88236	0.810643	0.842701	0.835768	0.864124	0.865856	0.849241	0.876634	0.813864	0.877266	0.870723	0.83556	0.845629	0.827352	0.803334	0.867504	0.830611	0.853713	0.821874	0.85879	0.853946	0.875119	0.82013	0.874511	0.863283	0.83051	0.870474	0.872768	0.86997	0.823432	0.830459	0.847678	0.850675	0.858403	0.837628	0.88236	0.821354	0.846413	0.806072	0.818993	0.832274	0.851158	0.820095	0.847416	0.846414	0.837405	0.850587	0.836254	0.846592	0.849841	0.818982	0.831594	0.858582	0.86901	0.84356	0.829416	0.815933	0.868092	0.86997	0.819194	0.880252	0.891144	0.835768	0.859319	0.835877	0.859006	0.839608	0.860508	0.830611	0.877266	0.830611	0.868092	0.902797	0.823432	0.849188	0.84595	0.848696	0.859524	0.814293	0.823905	0.853411	0.871227	0.843187	0.794741	0.863366	0.82013	0.845484	0.860699	0.837085	0.827335	0.859319	0.84142	0.827583	0.827861	0.875117	0.819771	0.850988	0.820143	0.860508	0.826952	0.819194	0.898042	0.85851	0.837072	0.828709	0.843187	0.898042	0.837405	0.804569	0.891144	0.844568	0.86997	0.809424	0.846257	0.851934	0.845242	0.845461	0.841342	0.859524	0.894047	0.868153	0.875911	0.878956	0.819771	0.792471	0.843961	0.83053	0.851011	0.841816	0.844925	0.860508	0.863319	0.835652	0.833865	0.898042	0.835768	0.882043	0.839493	0.855972	0.835228	0.817736	0.844724	0.837085	0.885933	0.88638	0.872604	0.832172	0.820758	0.796604	0.82013	0.872768	0.831594	0.825264	0.86997	0.877266	0.86774	0.850675	0.88236	0.86956	0.82013	0.793897	0.82631	0.870474	0.847369	0.876849	0.859319	0.843722	0.863269	0.863269	0.850675	0.82013	0.832398	0.835768	0.845484	0.83418	0.82013	0.828566	0.86566	0.860508	0.821354	0.88638	0.823809	0.866906	0.845461	0.814293	0.859319	0.809424	0.823153	0.87002	0.830028	0.831594	0.832799	0.874511	0.803473	0.859319	0.823432	0.82013	0.851158	0.825994	0.85851	0.861591	0.879557	0.837628	0.788553	0.876798	0.893073	0.866213	0.827335	0.86901	0.823432	0.812573	0.812389	0.829357	0.860508	0.88638	0.839606	0.870474	0.835877	0.832058	0.834824	0.789178	0.876634	0.876755	0.81224	0.809424	0.85851	0.872998	0.845242	0.85808	0.85851	0.860508	0.812402	0.881428	0.858576	0.876634	0.819771	0.839606	0.824135	0.81413	0.804158	0.897471	0.872768	0.853638	0.832058	0.832058	0.792471	0.825994	0.82013	0.845262	0.832274	0.877838	0.877417	0.864891	0.872998	0.803334	0.879193	0.880975	0.826506	0.792102	0.833408	0.827861	0.836435	0.834824	0.865856	0.846257	0.799442	0.858426	0.835768	0.879536	0.85851	0.820758	0.792471	0.838387	0.846535	0.84466	0.85851	0.88638	0.897471	0.83418	0.860508	0.848411	0.83053	0.825994	0.815957	0.871334	0.793897	0.847504	0.870474	0.833995	0.874106	0.804794	0.876634	0.809986	0.859319	0.841856	0.877991	0.830552	0.833408	0.806777	0.894047	0.88236	0.869951	0.80205	0.833926	0.874581	0.829416	0.809986	0.835819	0.859319	0.813781	0.868316	0.849841	0.848179	0.823153	0.828566	0.831594	0.852074	0.827335	0.831326	0.87524	0.813484	0.81413	0.855986	0.824048	0.828869	0.827861	0.827817	0.872768	0.878339	0.897471	0.839606	0.878339	0.83053	0.846257	0.845242	0.796604	0.854378	0.848665	0.853638	0.831594	0.842898	0.85312	0.800372	0.886908	0.84166	0.859006	0.837405	0.877266	0.81413	0.872768	0.863168	0.81413	0.839583	0.806072	0.876791	0.858576	0.903142	0.88236
31000	slope	0.0597103	0.0090987	-0.00096032	-0.0317925	0.0372149	0.0331731	0.0601815	-0.00526608	0.00194538	0.0114654	0.013463	0.000835673	0.0137115	0.0243118	0.00414171	-0.00344648	0.0279375	0.0717914	-0.0128055	0.0521429	0.0466744	-0.000171289	-0.00820311	-0.00925712	0.0236379	0.0137849	0.0342926	0.0142575	0.0153985	0.0403434	0.0139377	0.0196981	0.0178731	-0.0374813	0.0173696	-0.00925712	0.0534725	-0.0430397	0.0331731	-0.0323923	-0.0157411	0.0133869	0.0586409	0.0331731	0.0152584	0.0164085	0.0176979	0.0543271	0.0248297	-0.00096122	0.0156915	-0.0114249	0.018039	-0.048922	0.0702648	0.0375666	0.0601815	0.00312709	0.0328852	0.0115953	-0.0183548	-0.00239637	0.0142575	-0.0273719	0.0169374	0.0105737	0.0675824	0.0152081	0.0226458	0.020819	0.0253843	0.0090987	0.0717914	0.0431447	0.0137849	-0.0766974	0.0403434	-0.00774968	0.00951039	0.0119344	0.0197387	0.021836	0.0278987	-0.0075877	0.027026	0.0226946	0.011191	0.0361254	0.0240803	0.0129596	0.0319355	0.0279375	0.0137115	-0.0077166	0.0031574	0.0137849	0.0288141	0.0202127	-0.0157411	-0.0370715	-0.000961328	0.0137849	0.013745	0.0368464	0.0248297	0.0547628	0.0332037	-0.048922	0.0167749	0.0570763	-0.00096122	0.042073	0.00660531	0.0522243	0.0433431	0.0152746	0.00446975	0.00312709	0.0257803	0.0233682	0.0174491	0.0169374	0.0122286	0.019913	0.0284363	0.00855947	0.0301281	0.00548323	-0.0323923	0.0277961	0.00630651	0.0204652	0.0531999	0.0257778	0.0124863	0.0419159	-0.0323923	-0.000820477	0.0490654	-0.000820477	0.0597103	0.0777199	-0.00526608	-0.0136445	0.0597451	0.00726424	-0.0127238	0.00693472	-0.00774968	-0.00127876	0.0239444	0.00681164	-0.0245306	0.0236379	0.0090987	0.00559142	-0.000820477	0.0215299	0.0309552	0.0111762	-0.0114249	0.00466103	0.0128166	0.0035528	0.0558998	0.000835673	0.0590567	-0.0267147	0.0214942	0.005317	0.0348145	0.0202127	0.0277961	-0.0249714	0.0322234	0.0137849	0.0107074	0.0331443	-0.000820477	0.0282101	0.000835673	0.0552695	0.0521429	0.00644336	0.00312709	0.0717914	-0.0273719	0.0608757	0.0319355	0.0193308	0.0141224	0.0115953	0.0717914	-0.000552213	0.000835673	0.00742016	0.0432377	0.0230351	0.0220582	0.00742016	0.0115953	-0.0128055	-0.0468464	0.00550092	0.0090987	0.0129596	0.0231576	0.00742016	0.0109969	-0.0361946	0.0717914	0.0419159	0.0202127	0.0138624	0.00284624	-0.0185882	0.0544935	0.0309552	0.0380902	0.00312709	0.0573086	0.0115953	-0.000616929	0.00446975	-0.000961328	0.0626567	-0.00824481	0.0115953	0.00328807	0.0342926	-0.00163594	0.0432377	0.0175916	0.0215299	0.00628738	0.0597103	0.0137115	0.0419159	0.0257803	0.0366524	-0.000921757	0.019913	-0.0361946	-0.0323923	0.0243992	0.00312709	0.00079636	0.019913	0.0367725	0.0426075	0.0400411	0.00644336	0.0608757	0.0717914	0.00312709	0.0122286	-0.0185882	-0.0177559	0.0342926	0.0102033	-0.00774968	0.0117252	0.0516678	0.0137115	0.0573086	0.0178731	-0.0114249	-0.0468464	0.0028026	0.0627432	-0.00239637	-0.0468464	-0.0183548	-0.00925712	-0.00926693	0.00660531	0.000835673	0.00864023	0.0277961	0.00079636	0.019913	-0.0128055	0.00343968	0.0123957	-0.0267147	0.0226946	-0.000961328	0.0270008	0.0494186	0.0119355	-0.00526608	0.0230792	-0.00774968	0.00328807	0.0216297	-0.00936096	0.0174421	-0.000961328	0.0724325	0.0128779	0.0717914	0.0586409	-0.0184709	0.0243118	0.0146119	-0.0216479	0.00644336	-0.000961328	-0.0185882	0.0276324	0.0309552	0.0449847	0.0571338	0.0466744	0.0152746	0.0717914	0.00660531	0.0117252	0.0348145	-0.0136	-0.000961328	0.0702648	-0.00096122	0.0432377	0.0366075	-0.0121822	-0.0184709	0.021836	0.0644053	-0.0287848	-0.00096122	0.0348145	-0.0101282	-0.0075877	-0.0216479	0.0543271	0.0147324	0.0197387	0.0184388	0.00280371	-0.000961328	0.0269519	0.00853822	0.00572023	-0.00829615	0.0409951	0.0102033	0.0355312	0.00812373	0.0137115	0.0528694	0.042073	0.00936321	-0.00526608	0.0366524	0.0153685	-0.02958	0.00382008	0.0443394	-0.00096122	0.0220582	0.0534725	-0.0361946	-0.00096122	0.019913	0.0168653	0.0279375	0.0171183	-0.0319742	0.0573086	0.0141224	0.00644336	0.0597451	0.000423833	0.00660531	0.00250276	0.0124748	0.0581871	0.00800215	0.0547628	0.0230792	0.00629912	0.0137849	0.027026	0.035433	-0.040545	0.00660531	0.0603952	0.0164085	0.0236379	0.0427251	0.0777199	0.0427251	0.0247484	0.00290617	0.0717914	0.00644336	0.0309552	-0.0185882	0.0586409
31000	intercept	0.829238	0.838047	0.842909	0.85968	0.83335	0.839294	0.869838	0.873075	0.836488	0.835618	0.840173	0.87126	0.885757	0.772345	0.854087	0.879513	0.862831	0.81085	0.872957	0.840541	0.809214	0.855037	0.867061	0.859741	0.873291	0.86073	0.8672	0.846033	0.82893	0.823554	0.835597	0.839774	0.835618	0.854367	0.822953	0.859741	0.84856	0.867232	0.839294	0.859619	0.891596	0.858225	0.839799	0.839294	0.846718	0.85057	0.846009	0.846669	0.815965	0.881353	0.814369	0.871339	0.854623	0.861929	0.831074	0.850152	0.869838	0.845678	0.853924	0.86594	0.859367	0.852286	0.834563	0.860764	0.866071	0.818098	0.843507	0.833364	0.877713	0.858339	0.843681	0.847588	0.844286	0.823554	0.86073	0.837043	0.848166	0.836025	0.851839	0.869789	0.85513	0.870048	0.819442	0.895501	0.815946	0.85067	0.872505	0.819442	0.834606	0.836062	0.813609	0.848646	0.879244	0.849132	0.840497	0.849269	0.86086	0.876256	0.878115	0.862785	0.838484	0.857528	0.838634	0.807624	0.819235	0.81085	0.85152	0.861929	0.827492	0.83516	0.879988	0.837482	0.851688	0.845932	0.826708	0.877713	0.860863	0.861057	0.858715	0.854088	0.841399	0.849132	0.810727	0.866282	0.828986	0.836062	0.864263	0.842776	0.859619	0.847368	0.869838	0.854638	0.832407	0.877713	0.877409	0.846871	0.859619	0.840497	0.843196	0.840497	0.829238	0.831074	0.874171	0.895772	0.832564	0.857836	0.883834	0.830803	0.836025	0.86207	0.815965	0.866714	0.85995	0.858763	0.838047	0.896954	0.836056	0.830404	0.848646	0.83256	0.868756	0.857711	0.860028	0.861057	0.843196	0.867762	0.839799	0.854125	0.857451	0.862147	0.839291	0.876256	0.847368	0.862848	0.81446	0.86073	0.836454	0.839169	0.840497	0.893075	0.87126	0.835286	0.840541	0.873985	0.853317	0.81085	0.860764	0.854271	0.813609	0.893057	0.803746	0.8717	0.81085	0.8261	0.867762	0.867899	0.85399	0.866514	0.849132	0.867899	0.877409	0.877351	0.861929	0.847264	0.835825	0.836062	0.867632	0.867899	0.846033	0.838424	0.81085	0.840465	0.876256	0.834867	0.849132	0.860909	0.845951	0.848646	0.829145	0.862437	0.855452	0.86594	0.846425	0.860863	0.842776	0.848336	0.886345	0.877409	0.782577	0.8672	0.8485	0.85399	0.832321	0.811864	0.865103	0.829238	0.879244	0.846871	0.858715	0.848646	0.863386	0.866282	0.838388	0.859619	0.832407	0.856622	0.852046	0.866282	0.802826	0.818803	0.848166	0.873985	0.842947	0.81085	0.845678	0.821984	0.882847	0.864386	0.8672	0.8738	0.836025	0.875308	0.835042	0.852785	0.855452	0.838838	0.887906	0.861929	0.879099	0.851358	0.871526	0.861929	0.859367	0.874403	0.852286	0.856033	0.871607	0.839294	0.847368	0.866859	0.866282	0.872957	0.836454	0.858763	0.854125	0.85067	0.835523	0.849123	0.810535	0.811512	0.873075	0.8712	0.814545	0.807054	0.846871	0.854087	0.787593	0.842776	0.8653	0.834195	0.81085	0.851767	0.893511	0.771186	0.860396	0.860972	0.865218	0.838484	0.863584	0.82612	0.848646	0.813742	0.814457	0.809214	0.877713	0.81085	0.831665	0.875308	0.839291	0.86535	0.854087	0.831074	0.875679	0.85399	0.848972	0.895501	0.893511	0.876256	0.889488	0.850907	0.879988	0.839291	0.848504	0.895501	0.860972	0.858137	0.867161	0.85513	0.832776	0.849132	0.842776	0.834379	0.849132	0.847889	0.856071	0.83335	0.8738	0.815894	0.848381	0.879244	0.867586	0.828858	0.827492	0.873075	0.848646	0.874511	0.828938	0.877389	0.814406	0.879988	0.849132	0.84856	0.856124	0.874568	0.872168	0.831199	0.848646	0.84762	0.857696	0.855452	0.803746	0.848329	0.832564	0.863243	0.849132	0.851839	0.863243	0.845932	0.863386	0.81085	0.8712	0.845512	0.86073	0.811152	0.8672	0.860764	0.846289	0.81085	0.85057	0.858763	0.869838	0.831074	0.865609	0.825515	0.850252	0.81085	0.865218	0.848646	0.882847	0.841333
32000	slope	0.0475919	0.0800258	0.021948	0.00710964	0.0353701	0.0222775	0.0172955	0.0610235	0.0534076	0.0324274	0.0346288	0.013691	0.0441864	0.00133812	0.09315	0.0538816	-0.0305301	0.0196266	0.0460148	0.0139064	0.0427109	0.0459702	0.0561343	0.0614771	0.0636669	0.0457763	0.00232186	0.048065	0.0021308	0.0109313	0.09315	0.0629708	0.00940032	0.0542712	0.0207328	-0.00366772	-0.0274867	0.0431963	0.011485	0.0542999	0.0516642	0.0200505	8.22115e-05	0.0636669	0.0636669	0.0336559	0.020501	0.0691074	0.010598	0.0180008	0.0100601	0.0452281	0.0373315	0.0598346	0.0136518	0.0451013	0.0501608	0.0579727	-0.0360713	0.0907257	0.0168926	-0.0515725	-0.0178243	0.00658636	0.0310172	-0.00685414	0.099014	0.0108021	0.0578763	0.0365526	-0.0210078	0.0357304	0.00581515	0.0327131	0.00261755	0.0346288	0.0744025	0.0516885	0.0944212	0.0340651	0.0447556	0.010624	0.0893475	0.0289838	0.0139064	-0.00655861	0.020501	0.0878472	0.0733011	0.0691074	0.0263048	-0.0546558	0.0100601	0.0384006	0.0827922	0.0196266	0.0529757	0.0476397	0.0614771	0.0675475	0.0414476	0.0620608	0.0578763	0.0420991	0.0578763	-0.00373283	0.00664911	-0.00373287	0.0108021	0.0342942	0.00232186	0.0459702	0.0265833	0.0386081	0.0538816	0.0385417	0.058777	0.0636669	0.0458575	0.0542999	0.0566193	-0.00373283	0.0762795	0.0364523	0.019941	0.0246076	-0.00200033	0.0770889	0.0170587	0.0184311	0.0374968	0.0205449	-0.0143552	-0.0165844	-0.0219845	-0.0515725	0.0398679	-0.000362447	-0.0236785	0.0515879	0.0466621	0.0385417	0.0382606	-0.0043369	-0.00193374	-0.0152211	0.00297618	0.0361557	0.00619489	0.0282999	-0.00897802	-0.00949473	0.0436002	0.0531802	0.0376628	0.0469002	0.0132674	0.0691074	0.0534076	0.0499529	0.0427109	0.0225393	0.0578763	-0.023254	0.0239982	0.0109313	0.0762795	0.0108021	0.00261755	0.00253322	0.0465899	0.0799479	-0.00373287	0.0806424	0.0516468	0.0222247	0.0214879	0.0838116	0.0365526	0.0321538	0.0516642	-0.0275653	0.087856	0.0350128	0.0676557	-0.0178243	0.0409679	0.0636669	0.0236639	0.0250622	0.00664911	0.048065	0.0586243	0.00162546	0.0395824	0.0508261	0.0553752	0.09315	0.0260209	0.0531802	0.00162546	-0.0156122	0.00213574	0.000623275	-0.00634792	0.00571216	-0.011784	-0.0212729	0.048065	0.0597569	0.0350128	0.0861079	0.000862386	0.0418303	0.0214879	-0.0165844	0.0579727	-0.0252081	-0.00634792	0.0636669	-0.00373283	0.0460575	0.0499529	-0.00366772	0.020501	0.0531802	-0.00634792	0.0162261	0.0350848	-0.00032001	0.0472318	0.010598	0.0675475	-0.023254	0.040245	0.0598346	0.000985673	0.0675475	0.0475919	0.0431963	0.0636669	0.0218581	-0.00248336	-0.00352021	0.0702962	0.0516642	0.00162546	0.0577426	0.0428444	0.0578763	-0.023254	0.0500911	0.0744025	0.0534076	0.0784411	-0.00897802	0.0413643	0.0762795	0.108673	0.0236639	-0.023254	0.0692509	0.0231136	-0.023254	0.0590708	0.0230559	0.0715075	-0.0094337	0.0636669	0.0381997	-0.028938	-0.0185884	0.087856	0.059742	0.0636669	0.0382606	-0.0253088	0.0192507	0.0542999	-0.0165844	0.017815	0.0108021	-0.0113484	0.0582852	0.0702962	-0.0511733	-0.00882045	0.00640258	-0.0592992	0.0469002	0.0431324	0.0643596	0.0475919	-0.0592866	0.0350128	0.0282999	0.0531802	0.0889952	-0.00258244	0.0457763	0.00309895	-0.0143552	0.0248475	0.0265997	-0.023254	0.0236639	0.019941	0.00251873	0.0356563	0.0311121	0.0573391	0.0658339	-0.00344912	-0.0135003	-0.0592992	0.010598	0.0441197	-0.000567892	0.0405614	0.0382606	0.0196266	0.0109313	0.0702913	0.0176821	0.0350128	0.0626109	0.0478429	0.0236639	0.0363444	0.0346288	0.0158977	0.0625262	0.0579727	0.0213183	-0.00366772	0.0124673	0.0465899	0.00648822	-0.00542519	0.020501	0.0675475	0.0578763	0.0539597	0.0202504	0.0365526	-0.0207093	0.0415809	0.0236639	0.0763329	0.0346288	0.0664284	-0.0165844	-0.00366772	0.017815	0.0566193	0.0121731	-0.00373287	0.0539017	0.000862386	0.0431963	0.0636669	0.0100601	0.00213574	0.0676557	0.0282999	0.0386081	0.0222775	0.0499529	0.0530095	0.0592368	1.66325e-05	-0.0138345	0.0499529	0.0422923	0.0415622	0.053579	0.0476397	0.0597451	0.0676557	-0.0152238	0.0236639	0.0447274	0.021948	0.0475919	0.0135588	0.0625262	-0.00634792	0.0213331	0.0374968	0.0459702	0.0530095	0.09315	0.0254957	-0.00344912	-0.0592992	0.0500869	0.00536893	0.0309119	-0.0152238	0.0201846
32000	intercept	0.801439	0.834438	0.892532	0.875208	0.80483	0.865037	0.874351	0.806631	0.818997	0.840849	0.809551	0.827458	0.835627	0.8502	0.824915	0.85748	0.911332	0.848723	0.819777	0.873585	0.808904	0.78815	0.806631	0.829216	0.768956	0.820803	0.821876	0.793703	0.835371	0.880477	0.824915	0.852712	0.838669	0.803822	0.833016	0.863572	0.856066	0.789068	0.83864	0.829609	0.811987	0.850197	0.849391	0.806631	0.79572	0.849519	0.836268	0.823596	0.855913	0.840835	0.835835	0.832975	0.820372	0.800739	0.848027	0.829162	0.850809	0.865144	0.928047	0.789909	0.835477	0.835428	0.855995	0.844432	0.839442	0.847101	0.837352	0.836722	0.814597	0.846621	0.841178	0.865037	0.847312	0.829336	0.836446	0.809551	0.834438	0.803153	0.798814	0.863621	0.827329	0.874351	0.834438	0.847577	0.873585	0.852811	0.828628	0.797936	0.845262	0.823596	0.824768	0.865035	0.835835	0.816025	0.862818	0.848723	0.825052	0.80822	0.829216	0.825188	0.835627	0.830352	0.814597	0.803153	0.814597	0.877579	0.849761	0.887599	0.839759	0.866372	0.821876	0.78815	0.852803	0.838481	0.85748	0.821722	0.808911	0.800073	0.821187	0.82505	0.823852	0.877579	0.816228	0.771502	0.861253	0.825445	0.872392	0.823596	0.858082	0.821932	0.830561	0.873585	0.855972	0.858996	0.874897	0.835428	0.83896	0.887599	0.895862	0.825052	0.883568	0.821722	0.82305	0.857854	0.843244	0.865888	0.841986	0.857542	0.873372	0.843778	0.870557	0.862018	0.848408	0.833969	0.844461	0.865144	0.871838	0.823596	0.818997	0.862818	0.820508	0.833419	0.814597	0.893849	0.837779	0.871808	0.816228	0.851684	0.836446	0.843765	0.788473	0.781438	0.887599	0.837617	0.827902	0.848603	0.843437	0.800372	0.846621	0.863621	0.82959	0.862392	0.811277	0.866372	0.80657	0.855995	0.822838	0.812858	0.821876	0.852803	0.823424	0.77415	0.852712	0.845253	0.796776	0.814597	0.79891	0.832926	0.817187	0.824835	0.845253	0.847221	0.855395	0.853292	0.839361	0.853873	0.860119	0.855995	0.796302	0.863564	0.866372	0.823836	0.870208	0.821722	0.843437	0.858996	0.865144	0.873793	0.839361	0.793914	0.877579	0.830729	0.862818	0.863572	0.836268	0.824835	0.868925	0.872397	0.808911	0.843244	0.80844	0.855913	0.825188	0.911332	0.832975	0.848923	0.802986	0.839743	0.799522	0.789068	0.800073	0.803153	0.872392	0.855972	0.834438	0.820803	0.846834	0.819694	0.832095	0.814597	0.911332	0.796776	0.834438	0.818997	0.845568	0.860792	0.826243	0.816228	0.837352	0.821876	0.914684	0.825188	0.835009	0.911332	0.83586	0.852803	0.843555	0.865888	0.79572	0.821081	0.929	0.858312	0.811277	0.862818	0.793914	0.82305	0.866765	0.84156	0.829609	0.858996	0.874351	0.851684	0.893559	0.883568	0.834438	0.893137	0.839139	0.836097	0.889114	0.857113	0.809551	0.833969	0.801439	0.903548	0.866372	0.843778	0.833969	0.847404	0.872392	0.820803	0.821876	0.855972	0.82845	0.850936	0.911332	0.821876	0.861253	0.887599	0.828238	0.823114	0.833969	0.819208	0.833998	0.84941	0.889114	0.855913	0.885045	0.853873	0.821832	0.82305	0.848723	0.880477	0.819968	0.836097	0.866372	0.850001	0.818997	0.821876	0.803153	0.808591	0.853954	0.836947	0.865144	0.878435	0.863572	0.836097	0.788473	0.821422	0.872392	0.844111	0.839743	0.814597	0.805183	0.874351	0.846621	0.847221	0.792732	0.812913	0.797936	0.808591	0.850245	0.858996	0.863572	0.874351	0.823852	0.833998	0.887599	0.860516	0.87244	0.789068	0.800073	0.835835	0.855395	0.825663	0.843778	0.838481	0.865037	0.862818	0.808911	0.834143	0.838002	0.847101	0.90442	0.846621	0.864245	0.852875	0.80822	0.822982	0.823852	0.841178	0.812913	0.825052	0.892532	0.820369	0.874351	0.836947	0.868925	0.867002	0.829074	0.78815	0.808911	0.832926	0.810632	0.833998	0.903548	0.821722	0.873585	0.839356	0.841178	0.822124
33000	slope	0.0204191	0.0857049	-0.031632	0.00379088	-0.0136247	0.0191204	0.00777639	0.0153944	0.0596972	0.0421988	-0.0101907	0.115838	0.0522722	0.0747548	0.0310433	0.0561484	0.117819	0.0019095	0.0205	0.0472465	0.0805107	0.0201446	0.00257031	-0.0282987	-0.031632	0.0230743	0.0198958	0.0310433	0.0747548	-0.0104171	0.0138605	0.120488	0.00916478	0.0439117	0.0329103	0.0801368	0.060556	0.0438639	0.0183373	-0.0135598	0.0688785	0.0484198	-0.0142538	0.0663697	-0.0214208	0.00303922	0.0375616	0.0338921	0.0222287	0.0552229	0.0247817	0.0355536	0.0747548	0.0235626	0.0288054	-0.0511898	0.0553671	0.0154709	0.0112835	0.0218068	-0.0148865	0.0153944	0.0186964	0.0522722	0.0355536	0.00206559	0.0815765	0.0385567	0.0747548	0.0115855	0.0380118	0.0265325	0.110737	0.025779	0.0338921	0.0438326	0.0276582	0.0572283	0.0386614	0.0416304	0.017407	-0.0079154	0.0123699	0.0204191	0.0747548	0.0338921	0.0443751	0.00297618	-0.0332527	0.0290012	0.00169566	0.025094	0.0522722	0.042642	0.0594029	0.0660417	-0.0116259	0.0388888	0.00297618	-0.0265658	0.00178674	0.0138605	0.0338921	0.008764	0.00567469	0.00147834	0.0176736	0.0355645	0.0351065	0.0010651	0.0338921	0.022065	0.000120853	0.0211654	0.0668536	0.0446265	0.0815765	0.00662536	0.0561383	0.0553235	0.023493	0.0345001	0.0436973	0.0220263	0.0700808	0.0561484	0.049245	0.0218068	0.0104074	0.0355536	0.00297618	0.0790561	0.0294559	0.0011792	0.0255466	0.0235608	0.0163558	0.0581235	0.0654565	-0.0332527	0.0655197	0.0443751	0.0655197	0.0283844	0.00169566	-0.0136247	0.0011792	0.0775408	0.022149	0.0235608	0.115838	0.0726715	0.0101205	0.015139	0.0162516	-0.0185996	0.0091118	0.0562042	0.039076	-0.012464	0.0461789	-0.04179	0.0441418	0.0207477	0.049245	0.0127593	0.0880103	-0.00938173	0.0179863	0.0584623	0.0112835	0.0485422	-0.00682705	0.0556581	-0.0214208	0.0739179	0.0186964	-0.02535	0.0528621	0.0655197	0.00401281	0.0355536	0.0427991	0.0011792	0.00895081	0.0091118	-0.0219167	0.0596972	0.0117638	0.0171701	0.0571371	0.0162516	-0.0281921	-0.0185996	0.0398699	-0.031632	0.0660417	0.0329103	0.0747548	0.00117551	0.017407	0.00169566	0.0158645	0.0747548	0.0443751	-0.0281921	0.0218068	0.0198401	0.0091118	0.00303922	0.0489484	0.0930552	-0.02535	0.00297618	0.0091118	-0.0110205	0.110737	0.0880259	0.0169477	0.00401281	0.0293479	0.0665082	0.0475372	-0.04799	0.00245603	0.0297513	0.0553235	0.0747548	0.00528225	0.0628856	0.0421988	0.00297618	0.0155522	0.0805107	0.00716793	0.00117551	-0.00744638	0.00467434	0.00230314	0.0100293	-0.00147365	0.0776743	0.0311557	0.0311557	-0.00390819	0.117819	0.0373564	0.0659115	0.0663697	0.0174325	-0.00968289	0.00742716	0.0399835	-0.0364885	0.0091118	0.0815765	0.0592071	0.0830057	0.0561484	0.0830057	0.0385118	0.0461789	0.00708515	-0.00938173	0.00297618	0.0235608	0.0112835	0.0162516	0.0604388	0.0251511	0.000120853	0.0228824	0.0207477	0.0174325	0.0739179	0.0163558	0.0157638	0.0201446	0.0475145	-0.0490236	0.025094	0.0101118	0.0571111	0.0351065	0.00178674	0.0155522	-0.0214208	0.00257031	0.0162516	0.0100293	0.00206559	-0.031632	0.0306627	0.0252398	0.0775408	0.0252198	-0.0104171	-0.00374527	0.0091118	-0.0282987	0.021363	0.0735916	0.0438326	0.0385118	0.0857049	0.0474675	0.0218068	0.0665451	0.0776743	0.000148223	0.00245603	0.0281861	0.030962	0.0297513	-0.0282987	0.0568823	0.0252398	-0.0282987	-0.00458354	0.053251	0.0528094	0.0475145	0.0355536	0.00206559	0.00708515	0.0293479	0.0561484	0.0427991	-0.026076	0.0338921	0.0345001	0.0265325	0.00742716	0.0204191	-0.04179	0.00662536	0.0427991	0.0815765	0.108634	0.0142432	0.00793002	0.0848068	0.0167813	0.0355536	0.0846921	0.0101205	0.0739179	0.0252398	0.075424	-0.0214208	0.0138605	0.00214466	0.021363	0.0777221	0.03355	-0.00914335	0.0164357	0.0494798	-0.0185996	-0.00691836	0.0365708	0.0101205	0.0560074	0.0104074	0.0288054	0.0353058	0.0581235	0.0314391	-0.00744638	-0.00914335	0.0138605	0.0138605	0.0471956	0.049245	0.0592071	0.0218068	-0.031632	0.0194516	0.0336024	0.015241	0.0179863	-0.00914335	0.0306627	-0.0282987	0.0201446	0.0747548	0.0211178	0.0552229	-0.0332527	0.047839	0.0485422	0.0371662	-0.0513109	0.00206559	0.0663697	0.0426526	0.0288054	0.0120611	0.072646	0.0443751
33000	intercept	0.84068	0.820927	0.87246	0.851435	0.883338	0.854784	0.845454	0.819543	0.807824	0.852556	0.853436	0.804822	0.821106	0.789595	0.826869	0.87464	0.825828	0.855873	0.861066	0.836047	0.78894	0.836139	0.873737	0.845454	0.87246	0.864501	0.842539	0.826869	0.804613	0.84701	0.879819	0.790255	0.855544	0.831456	0.842029	0.810292	0.804804	0.812943	0.821693	0.82209	0.804613	0.830249	0.836684	0.802393	0.87758	0.86241	0.852556	0.8469	0.839731	0.842641	0.829	0.838129	0.804613	0.827873	0.842424	0.889934	0.835177	0.835186	0.82103	0.85323	0.86106	0.800945	0.842424	0.814541	0.848424	0.844747	0.819418	0.800937	0.804613	0.848887	0.834187	0.824553	0.806183	0.850724	0.841463	0.817376	0.838554	0.83819	0.819543	0.848797	0.825877	0.868632	0.824406	0.847988	0.822364	0.8469	0.818503	0.842222	0.870754	0.894147	0.848879	0.857721	0.824787	0.846223	0.79508	0.800888	0.813267	0.824909	0.842222	0.90365	0.880508	0.888109	0.8469	0.840391	0.840622	0.913788	0.842424	0.840708	0.819543	0.855027	0.8469	0.838911	0.90365	0.885973	0.838794	0.83628	0.819418	0.805109	0.843068	0.838794	0.823715	0.845439	0.838607	0.850689	0.813206	0.87464	0.833547	0.85323	0.865846	0.838129	0.846825	0.819634	0.860398	0.798725	0.860897	0.877925	0.82103	0.849793	0.804613	0.870754	0.863529	0.818503	0.854112	0.84267	0.848879	0.883338	0.798725	0.810292	0.843971	0.864999	0.825828	0.83273	0.834195	0.85699	0.841503	0.87758	0.850186	0.83906	0.839371	0.90365	0.824553	0.848674	0.88616	0.837661	0.833547	0.838554	0.804613	0.89511	0.856163	0.816951	0.82103	0.860734	0.858082	0.852273	0.87758	0.805406	0.842424	0.849525	0.847284	0.854112	0.855617	0.838129	0.861927	0.810274	0.837158	0.846937	0.884844	0.816951	0.85323	0.847512	0.838163	0.841503	0.870754	0.87758	0.829791	0.883149	0.800888	0.842029	0.822364	0.863796	0.825877	0.848879	0.831797	0.804613	0.818503	0.870754	0.85323	0.850689	0.846937	0.86241	0.860734	0.822256	0.850133	0.842222	0.855845	0.913788	0.806183	0.801336	0.830294	0.8584	0.868749	0.804613	0.850689	0.845454	0.885973	0.855945	0.838794	0.804613	0.85649	0.800875	0.852556	0.842222	0.852224	0.78894	0.852544	0.863796	0.798725	0.845255	0.835435	0.817376	0.849712	0.794882	0.858134	0.858134	0.858082	0.825828	0.839516	0.830981	0.802393	0.879819	0.84291	0.819543	0.792362	0.853752	0.849756	0.819418	0.846035	0.816326	0.881544	0.816326	0.850547	0.824553	0.851435	0.89511	0.842222	0.877925	0.82103	0.841503	0.835897	0.824909	0.90365	0.850547	0.838554	0.879819	0.805406	0.82103	0.846626	0.836139	0.860398	0.83265	0.857721	0.905426	0.843829	0.819543	0.86296	0.852224	0.87758	0.858023	0.841503	0.817376	0.844747	0.87246	0.825115	0.833222	0.810292	0.820972	0.84701	0.837796	0.846937	0.845454	0.858082	0.824703	0.817376	0.850547	0.826562	0.817703	0.85323	0.830249	0.794882	0.819543	0.885973	0.850547	0.820972	0.855945	0.845454	0.84267	0.850949	0.845454	0.858481	0.869166	0.832512	0.860398	0.838129	0.844747	0.851435	0.868749	0.881544	0.861927	0.853752	0.8469	0.845439	0.824553	0.825573	0.845629	0.848213	0.819543	0.861927	0.819418	0.773404	0.865407	0.845177	0.82791	0.828297	0.838129	0.849567	0.834195	0.805406	0.850949	0.810292	0.85694	0.879819	0.848514	0.858082	0.802297	0.843281	0.901688	0.872978	0.825774	0.87758	0.880818	0.848218	0.834195	0.865697	0.865846	0.842424	0.825877	0.849793	0.893294	0.798494	0.901688	0.904013	0.879819	0.853393	0.833547	0.846035	0.871903	0.87246	0.854805	0.850547	0.84291	0.856163	0.901688	0.825115	0.845454	0.836139	0.813809	0.819543	0.826317	0.843845	0.869166	0.860734	0.854805	0.874341	0.844747	0.802393	0.838607	0.836177	0.834273	0.818894	0.816954
34000	slope	-0.0218185	0.0432559	0.00137928	0.0379507	0.0204709	0.0356262	0.0068181	-0.031104	0.0174142	0.0384588	0.00520312	-0.0305271	0.0461472	0.00803764	0.0108238	0.00510854	0.0122685	0.0572958	0.0486668	-0.0150505	0.0623885	0.0212299	-0.0166	-0.0196815	0.0558238	0.0406738	0.0116047	0.0382798	0.0514815	0.0181867	0.0495148	0.00960152	0.046251	0.0127229	0.00935776	0.0324646	0.0123673	0.0493494	0.00943061	-0.0149837	-0.0335979	0.0131175	-0.0369538	0.015754	0.086699	-0.031104	-0.0457062	0.0547351	-0.00525107	0.0243776	0.0547351	0.00315936	0.00916129	-0.0398063	-0.0456552	0.0375712	0.0500229	0.0742371	0.0318623	-0.00906846	-0.0289993	0.000323884	-0.0380655	0.0122685	-0.0161964	0.0340544	-0.0426009	0.0272902	0.0207889	-0.000124115	0.0158724	0.0356262	-0.00125921	0.0260491	0.0272902	0.0480778	0.0174142	0.0160932	-0.0107912	0.0225151	-0.00221621	0.0384561	0.0128432	0.0418011	0.0484473	0.0122685	-0.0103791	0.0356262	-0.0326286	-0.0282523	0.0416027	0.0068181	-0.0391429	-0.0216126	0.0395601	0.0404546	-0.00183752	-0.000767047	0.0226384	0.00133121	-0.0112082	-0.0456552	0.0297713	0.0280206	-0.0460129	-0.00272664	0.026355	0.0206722	0.0297713	-0.0434751	0.0710664	-0.0322669	0.0410952	-0.0456552	0.054938	0.0108238	-0.0156633	0.086699	0.0494901	-0.0177498	0.0356262	-0.00950991	0.0225151	0.041105	0.0480778	-0.0132939	-0.0132939	0.00556732	0.0410952	0.0477669	0.0131175	0.0461472	0.0237096	-0.0456552	-0.0192904	0.0272902	-0.022322	-0.00599406	-0.00272664	0.0146776	0.0104804	0.0423272	0.0583846	-0.031104	-0.00950991	-0.0216126	0.0340544	0.0754665	0.0116243	-0.0229197	-0.0238099	-0.0252806	0.0321539	-0.00802206	0.0484473	0.0410952	0.0773	0.00779068	0.0406738	-0.000213204	-0.00868204	0.0592784	0.0358607	0.000323884	-0.00277163	0.0226715	0.0754665	-0.0116585	-0.000213204	0.0127229	0.0127229	-0.0260435	0.028934	0.0536208	-0.0358466	-0.0150505	0.0225151	0.0506301	0.019238	0.00692443	0.0375712	0.00133121	0.0577849	0.0710664	0.0399645	-0.0129055	0.0127229	0.0205592	-0.00600772	-0.0426009	-0.0112082	0.00559852	0.0316623	0.0356262	-0.00176934	-0.022393	0.00837236	-0.0216126	0.0068181	0.0146776	0.0710664	-0.0150186	0.0289793	0.0131175	-0.0225302	-0.0113763	0.0336645	0.0226715	0.0272395	0.0232085	0.00155657	0.0492514	0.0272902	-0.0559807	0.028934	0.0212299	-0.022393	0.0579463	-0.00600772	0.0340544	0.0127229	0.0819013	-0.0259266	0.0207889	0.00155657	-0.00125921	0.0687123	-0.00467185	-0.0173073	0.0710664	0.0181867	-0.0306738	0.00635823	0.0181867	0.011636	0.00643856	-0.0129055	0.0418301	0.00499681	0.0462787	0.0477543	0.00691562	0.0385714	0.0356262	0.0375712	0.0131175	0.0175738	0.00649009	-0.0116585	0.0417504	0.0146776	-0.00868204	0.0225151	0.0710664	-0.0190298	0.0395601	-0.0304784	-0.0378249	0.0171157	0.00477778	0.0384249	0.0122685	0.028934	0.0212299	-0.0229197	0.046251	-0.0229197	0.001728	0.0410952	0.00943061	0.0212299	0.0512679	0.0842645	0.0492514	0.0108238	-0.0229197	0.0384171	0.0158724	0.0399157	-0.035471	0.00829245	-0.0180279	0.0243838	0.0481629	0.0181045	0.00247254	3.72529e-08	0.0114838	0.0356262	-0.0190298	-0.0346566	0.00559852	-0.00221621	-0.031104	0.0010617	0.0369744	-0.0559807	0.0246874	-0.0250762	0.00880067	-0.0214238	-0.0252806	-0.0217359	0.102764	-0.031104	0.019238	0.00591238	0.0116243	-0.0107912	0.0122685	0.0391723	0.0136943	0.0384171	-0.031104	-1.00574e-05	0.0418301	0.0146776	0.0389627	0.0525979	-0.0289993	-0.00994031	0.0146776	-0.0161964	0.0710664	-0.0229197	-0.00221621	0.0738858	-0.031104	-0.0346566	-0.000434573	0.0441293	0.0406738	-0.0331797	0.0204709	-0.00326683	-0.0495086	0.0146776	-0.0252806	0.0410952	-0.0326286	-0.0161964	-0.00600772	0.00589319	-0.00285098	-0.0243448	0.0122685	0.0383079	0.0212299	-0.035641	0.0225151	0.00247254	0.000436053	0.0157905	0.0390233	-0.0216126	0.000306398	0.00892884	0.0741187	0.0212299	0.0324646	-0.0260165	0.0128432	0.0324646	0.0325388	0.0212299	0.0343068	0.0405756	-0.00221621	0.0226715	0.00649009	-0.0320335	-0.00764518	-0.0116585	0.00673335	0.072557	0.0122685	0.0297713	-0.00221621	0.00837236	0.0494032	0.0384171	-0.0341686	0.00179417	-0.0250762	0.0340544	0.0226715	0.0687123	0.0489202	0.00581449	0.046251	0.0445245	0.00581449	0.0742371	-0.031104	0.0336645	-0.0298684	0.0819013	-0.0346566	0.00581449	0.0225151
34000	intercept	0.868257	0.822475	0.849093	0.814994	0.852461	0.863535	0.828348	0.871861	0.866865	0.813829	0.860687	0.879425	0.850469	0.849546	0.85819	0.854301	0.862366	0.827789	0.867435	0.852895	0.822139	0.852461	0.845346	0.887051	0.834177	0.849562	0.856791	0.862581	0.846615	0.804352	0.811085	0.843298	0.827883	0.831908	0.854483	0.804352	0.851618	0.816389	0.849465	0.824894	0.878963	0.832237	0.874802	0.848353	0.830208	0.87758	0.826652	0.841348	0.845946	0.848353	0.841348	0.843021	0.841032	0.901669	0.871611	0.863535	0.837506	0.779004	0.841986	0.864574	0.883373	0.842853	0.829351	0.862366	0.848441	0.794037	0.829351	0.841032	0.835057	0.868764	0.848679	0.863535	0.840243	0.839968	0.841032	0.832799	0.866865	0.79591	0.844577	0.844671	0.815936	0.81818	0.843298	0.837691	0.823023	0.860604	0.855563	0.863535	0.820047	0.897082	0.827249	0.851252	0.829351	0.826652	0.874665	0.822415	0.855276	0.854888	0.83254	0.86148	0.864521	0.86409	0.850469	0.834177	0.896663	0.824384	0.849546	0.827637	0.850469	0.864462	0.827974	0.821509	0.822755	0.852521	0.859026	0.85819	0.853203	0.830208	0.822895	0.865363	0.863535	0.82607	0.844671	0.821738	0.832799	0.852895	0.856994	0.830491	0.822139	0.843718	0.84019	0.850469	0.82708	0.852521	0.863661	0.841032	0.826652	0.853633	0.824384	0.85193	0.876254	0.844198	0.799078	0.859373	0.837582	0.826652	0.80444	0.795349	0.849546	0.864292	0.841371	0.897902	0.833345	0.862366	0.823023	0.808918	0.786381	0.864724	0.849562	0.850146	0.837582	0.850469	0.862366	0.845329	0.836328	0.838939	0.795349	0.864745	0.839427	0.849546	0.849546	0.835074	0.866183	0.827249	0.892116	0.852895	0.843174	0.857794	0.863833	0.85601	0.863535	0.86148	0.844511	0.820125	0.847238	0.792718	0.849546	0.839161	0.846218	0.829351	0.864521	0.864793	0.836311	0.863535	0.848835	0.851317	0.84633	0.826652	0.838664	0.85193	0.820125	0.877484	0.854888	0.84019	0.877484	0.858767	0.864312	0.848353	0.838664	0.843868	0.858479	0.851884	0.841032	0.876297	0.872667	0.852461	0.867901	0.843662	0.843503	0.794037	0.856166	0.805136	0.845973	0.835057	0.865672	0.840243	0.781363	0.858767	0.821509	0.809561	0.804352	0.876121	0.870009	0.804352	0.886238	0.851017	0.808372	0.872492	0.872824	0.837691	0.822139	0.866257	0.846005	0.863535	0.863535	0.841371	0.864675	0.846483	0.864745	0.804352	0.865482	0.837582	0.843993	0.827974	0.88651	0.874665	0.838093	0.841371	0.840767	0.830252	0.856871	0.862366	0.872667	0.865936	0.876523	0.835195	0.869111	0.817025	0.822139	0.849465	0.865936	0.816389	0.781363	0.851884	0.85819	0.865847	0.861204	0.848679	0.839427	0.876121	0.879288	0.829609	0.82708	0.795694	0.83497	0.865482	0.870449	0.836542	0.863535	0.88651	0.902692	0.864793	0.765267	0.87215	0.830252	0.848694	0.876297	0.847593	0.850613	0.860566	0.832053	0.897902	0.832053	0.809177	0.872436	0.862303	0.883744	0.849546	0.844577	0.862366	0.837783	0.849546	0.861204	0.87758	0.831578	0.861119	0.865482	0.875495	0.816389	0.883373	0.854211	0.856792	0.848441	0.820125	0.859634	0.815936	0.832263	0.878307	0.902692	0.840163	0.843662	0.849562	0.874243	0.852461	0.871253	0.871611	0.865482	0.897902	0.822139	0.826652	0.848441	0.843503	0.79591	0.848983	0.832237	0.862366	0.846615	0.862794	0.850865	0.841438	0.865482	0.876364	0.836845	0.896371	0.826652	0.824384	0.868705	0.789684	0.855654	0.804352	0.832053	0.839375	0.809557	0.852461	0.855654	0.830922	0.870231	0.815936	0.848353	0.846483	0.894597	0.858767	0.864745	0.880147	0.785431	0.862366	0.850469	0.815936	0.84633	0.825339	0.861204	0.826615	0.864724	0.850613	0.794037	0.855747	0.781363	0.825339	0.83264	0.827883	0.822475	0.83264	0.793249	0.863553	0.841393	0.897902	0.807786	0.900723	0.83264	0.854996
35000	slope	0.0148928	0.0165474	-0.0376765	0.0443153	0.0684756	-0.0185685	-0.0213527	0.0126161	0.000713848	0.0239908	0.00890081	0.0385004	0.0591807	-0.0545795	0.0712609	0.0118596	0.0300636	-0.00772941	0.0557514	0.00428463	-0.0316293	0.0684756	0.0452909	0.0248955	0.0383611	0.0533073	0.0240067	0.0524549	-0.00161357	0.0311555	0.0138013	0.0659376	-0.000272586	-0.0198603	0.0232817	0.012319	0.0430248	0.0269043	-0.0185685	0.00737314	0.0200745	0.0461101	0.0287304	0.0445229	0.0268607	0.0197755	0.0494547	-0.0525937	0.0148537	0.0010866	-0.0127025	0.010914	-0.00271662	-0.00737787	0.0278512	-0.00672168	0.00268536	-0.0213571	0.0779188	0.00338996	-0.00111651	0.0277428	-0.00851428	0.0241173	0.0281247	0.0118573	-0.000684367	0.000713848	-0.00271662	-0.0123801	0.0208231	0.0116766	0.0381984	-0.0114483	-0.0127025	0.0645493	0.0385004	0.0165069	0.0148537	0.0376231	0.0261903	0.0298869	0.00568746	0.00185129	0.0709564	0.00737314	-0.00271662	-0.0114483	0.0659376	0.00338996	0.0565885	0.0300636	0.056687	0.035287	-0.0451678	0.0328578	0.0212755	0.0750647	-0.0147204	0.0172217	0.0260922	0.0148537	0.00568746	0.0588304	-0.0114483	-0.0231224	0.00428463	0.0118573	0.020352	0.0647172	-0.0453023	0.00988432	0.0197432	0.0408249	-0.0444812	0.00268536	-0.00391647	0.0868253	-0.0259496	-0.0306096	-0.0282294	0.00185244	0.0565885	0.0249266	-0.0306345	0.0172217	-0.0112348	0.0116982	0.0118573	0.0357092	0.0016452	0.0225368	0.00737314	0.020352	0.0849667	-0.0282294	0.0461101	0.0414551	0.0709564	0.0285137	-0.00111651	0.00755976	-0.0400088	0.000713848	-0.0114483	0.0708326	-0.030716	0.00737314	0.00866568	0.0417542	-0.0128751	0.0146606	0.000713848	0.00737314	0.0594862	-0.0259496	-0.0462542	0.0257542	0.0550449	0.00428463	0.0712609	0.0163152	0.0155876	0.0138013	0.00749356	0.0306697	0.000713848	-0.0185685	0.0277428	0.0550449	-0.0136281	0.0684756	0.0440892	0.032539	-0.0114483	0.0279947	0.0148302	-0.0444812	-0.0443553	0.0550449	0.0172217	0.0591807	-0.000550357	-0.0444812	0.0143189	0.00737314	-0.0185685	-0.0213571	0.0268607	-0.016779	0.0559745	0.0179884	0.0287467	0.0426235	0.0316295	0.0249266	-0.0153881	0.0298869	0.0755099	0.0680308	0.0148537	0.0189702	0.0116982	0.0357092	0.0498627	0.00238901	0.0844612	0.0297623	0.042216	0.0138013	0.00428463	-0.0316293	0.0849667	0.0167979	-0.0198603	-0.0149664	-0.0402571	0.0647172	0.0382918	-0.0268463	0.0268607	-0.00785525	0.0440892	0.0268607	-0.000272586	0.0333916	0.0170021	0.042216	0.0744386	0.000390853	0.0452909	0.0405568	0.0550449	0.042216	0.0565885	0.0723278	0.0264116	-0.0185685	-0.0164856	0.0257542	0.012319	-0.00130208	-0.0255816	0.0170021	0.0352918	0.000713848	0.0304091	-0.0515909	0.020352	0.0308216	-0.0162143	-0.000920162	0.0680308	-0.00858588	0.027633	0.00737314	0.0440892	0.0712609	0.0239908	0.0422985	0.0037487	-0.0581329	-0.0282294	0.0308216	0.0520814	0.0167979	0.00448591	0.0436552	0.00322396	0.0283184	0.0240976	0.0590558	0.00785793	0.0600168	-0.0142601	0.0440892	0.0708326	0.0148537	0.012319	0.0176197	-0.00404662	-0.0400088	0.0269734	0.0311555	0.0565885	0.00785793	0.0240067	-0.0164856	0.0138013	-0.00885811	-0.0114483	0.0125636	0.0148537	-0.00111651	-0.0124341	0.0466766	0.0298869	0.00368253	-0.00130208	0.0591807	-0.0391477	0.0143189	0.0335093	0.0329339	0.0163152	0.00508624	-0.014614	-0.0112991	0.000780655	0.0148537	0.0461101	0.00785793	-0.0487294	-0.0162143	0.0708326	-0.00161357	0.0241173	0.0163152	0.0269043	0.0297623	0.0382512	0.0333916	0.0172217	0.0532936	0.0233481	0.0228445	-0.0127025	-0.0577362	0.0116766	0.0357092	0.0240976	-0.0279172	-0.0246244	0.0333916	0.021887	-0.0259496	0.0750647	0.0868253	0.0684756	0.00508624	0.00737314	0.0433064	0.0277428	-0.000920162	0.0328578	-0.0453023	0.0326945	-0.0414999	0.0319948	0.0426235	-0.016779	0.0443153	0.021887	0.0827149	0.0461101	0.00737314	-0.0126552	0.0385004	-0.0462542	0.0591807	-0.0213571	0.0684756	0.066709	-0.0462542	0.0414103	0.0116982	0.023817	-0.00428991	0.073069	-0.0316293	0.0779188	0.0375463	0.0331656	0.0250597	0.00536206	0.042216	0.00785793	0.0300636	-0.0192945	-0.0127025	-0.0282294	-0.0014457	0.00338996	0.0148537	0.00737314	0.0528278	0.0466766	0.0172217	0.0176471	-0.0136424	0.0136527	0.0382512	0.0442114	-0.000272586	0.0208998	0.014526	0.00918441	-0.00111651	-0.000272586	0.0277708
35000	intercept	0.849524	0.831475	0.882724	0.867125	0.798413	0.848851	0.837124	0.873048	0.858225	0.871867	0.837561	0.828843	0.846545	0.866133	0.849795	0.861448	0.847582	0.856582	0.821627	0.845151	0.848851	0.798413	0.788217	0.836989	0.839063	0.821627	0.853966	0.853127	0.896333	0.818014	0.83788	0.841835	0.837573	0.838758	0.849534	0.817023	0.856972	0.852908	0.848851	0.831172	0.851271	0.83367	0.826478	0.839063	0.836334	0.857267	0.840148	0.887565	0.873546	0.868113	0.816513	0.833131	0.830262	0.845138	0.831271	0.867253	0.889596	0.84435	0.80658	0.792077	0.833803	0.80591	0.840247	0.823559	0.818014	0.830469	0.868597	0.866008	0.830262	0.870111	0.856793	0.851789	0.824071	0.857615	0.819785	0.830012	0.828843	0.824801	0.83769	0.848301	0.855275	0.860622	0.859748	0.855983	0.838283	0.817074	0.830262	0.851728	0.841835	0.783616	0.844638	0.833959	0.788663	0.838576	0.876173	0.802386	0.820616	0.833048	0.849521	0.823368	0.838576	0.873546	0.859748	0.846545	0.865948	0.855103	0.845151	0.845732	0.861076	0.827524	0.865101	0.85272	0.85072	0.853724	0.864913	0.889596	0.822133	0.859237	0.870111	0.85731	0.90086	0.841578	0.844638	0.837694	0.844858	0.832528	0.870931	0.809805	0.830469	0.8358	0.856106	0.827265	0.856848	0.861076	0.82946	0.898897	0.83367	0.796302	0.838283	0.83218	0.841071	0.867932	0.879827	0.858225	0.865948	0.803432	0.842959	0.810694	0.861793	0.822654	0.86393	0.825548	0.858225	0.812933	0.830012	0.870111	0.876346	0.847582	0.843169	0.845151	0.859237	0.828198	0.843014	0.857267	0.86815	0.80591	0.870816	0.857135	0.80591	0.843169	0.876325	0.798968	0.826902	0.834648	0.865948	0.830833	0.857267	0.864913	0.869853	0.843169	0.820616	0.866812	0.836709	0.864913	0.853966	0.825411	0.848851	0.84435	0.830991	0.878516	0.839063	0.849934	0.86159	0.820081	0.833131	0.838576	0.84492	0.871867	0.795849	0.795849	0.861076	0.856128	0.83186	0.830981	0.819081	0.876064	0.83367	0.851	0.843896	0.845151	0.845151	0.848851	0.82946	0.817035	0.838758	0.837573	0.869853	0.822917	0.845739	0.874686	0.831226	0.88384	0.830527	0.83211	0.837573	0.824591	0.833131	0.843896	0.839945	0.78893	0.788217	0.816354	0.843169	0.843896	0.855513	0.822917	0.833394	0.857135	0.898897	0.847582	0.821148	0.89305	0.87439	0.840901	0.856128	0.858225	0.851694	0.887565	0.861076	0.871867	0.854423	0.837602	0.795849	0.870931	0.839516	0.844041	0.838318	0.859237	0.871867	0.856619	0.818849	0.874051	0.885369	0.871867	0.841919	0.817035	0.847109	0.851892	0.869185	0.842195	0.832978	0.845739	0.876064	0.827853	0.84435	0.830527	0.809961	0.838576	0.821148	0.838576	0.859748	0.879827	0.823383	0.818014	0.852867	0.882678	0.843648	0.898897	0.857267	0.852207	0.861996	0.844674	0.851696	0.855874	0.855225	0.832448	0.860622	0.837602	0.89305	0.835121	0.86585	0.853966	0.839063	0.876948	0.828198	0.854023	0.878516	0.834789	0.850479	0.851696	0.825062	0.878709	0.866133	0.854423	0.809961	0.896333	0.823559	0.828198	0.852908	0.851	0.81933	0.802386	0.832528	0.81933	0.841313	0.86303	0.819785	0.874051	0.851789	0.8358	0.820616	0.870111	0.856273	0.802386	0.877656	0.857145	0.833048	0.859237	0.798413	0.845311	0.843494	0.80992	0.80591	0.837602	0.802386	0.865101	0.843896	0.858553	0.827265	0.820081	0.878516	0.867125	0.859748	0.850251	0.83367	0.837793	0.908605	0.828843	0.860018	0.835121	0.838514	0.798968	0.850262	0.876346	0.821627	0.823144	0.861448	0.824649	0.822917	0.848851	0.80658	0.855275	0.852405	0.867616	0.856106	0.843896	0.878709	0.847582	0.862347	0.816513	0.89254	0.851461	0.792077	0.837672	0.837793	0.844381	0.832448	0.820616	0.847969	0.850025	0.833131	0.81933	0.839952	0.837573	0.838711	0.816451	0.852436	0.841129	0.837573	0.855275
36000	slope	-0.00767473	-0.00749264	0.0651095	0.0510198	0.01192	0.0203099	-0.000997282	-0.0363107	-0.0188843	0.0119409	-0.0138354	0.0357835	0.0198068	0.0439524	0.0261735	0.0261735	-0.000829565	0.0333547	0.00829523	-0.0155913	0.023748	0.0358939	0.0170011	0.0510198	0.0319592	0.0136945	-0.0231141	0.012928	0.0328513	-0.0354241	-0.0231292	0.06108	0.0319699	0.0220451	0.0114077	0.0392086	0.0104524	-0.0363107	0.00975621	0.0554788	0.00474148	0.0282087	0.0299556	0.0215012	-0.0175726	0.10195	0.0221365	0.0360653	0.0333547	0.0392086	0.0283716	0.0555404	0.027543	0.00743881	-0.00147241	0.0147784	0.00611962	0.0066864	0.0227992	0.0332497	0.0321335	0.0281152	0.00927705	0.0385302	0.0281177	0.0468755	0.0143095	0.0937896	-0.0155911	0.0543253	0.0261735	0.0322572	0.0120728	0.0554788	-0.00806846	-0.00380157	-0.0618908	0.0247048	-0.0177241	0.0605914	-0.0231141	0.086572	-0.0231141	0.0554788	0.0510795	0.0468755	0.0554788	0.0644632	-0.0363107	-0.0231141	0.0147784	0.0191969	-0.013387	0.00999073	-0.0354241	-0.00231586	0.022873	0.0284699	0.0182545	0.0357835	0.0778822	0.0629709	0.0555404	0.0209194	0.0554788	-0.0369566	-0.00706433	0.0468755	0.00364288	0.0360653	0.00975621	0.00770503	0.0538146	0.00927705	-0.00934472	-0.00483537	0.0356373	0.0332497	0.00975621	0.0427938	0.0535035	0.0085507	-0.0504591	0.0468755	0.0172202	0.0335666	0.048654	0.0409856	-0.0504591	0.0167708	0.00975621	-0.0188843	-0.0349053	-0.00555302	0.0538146	0.0354814	0.0014353	0.0125352	-0.0504591	0.0392086	0.0357835	0.039888	0.0240442	0.0407274	0.0403512	0.0367402	0.01192	0.0319592	0.00207711	-0.0390009	0.0492372	0.0555404	0.0392086	-0.0188843	0.06108	-0.0118943	0.0510198	0.0163654	-0.0345278	0.0240442	0.0281152	0.00359302	-0.0188843	0.0337545	0.0558486	0.00333121	0.0238673	0.000436846	0.0123278	-0.0129303	0.0295231	0.00999073	0.0284701	0.0468755	0.0227965	0.0272467	0.0319592	0.00604467	0.0267456	0.00743881	0.0261735	0.0240442	-0.0132047	0.0282693	0.0179468	0.115378	0.00403387	0.0357835	0.0721386	0.0319592	0.0232948	0.0427938	0.0169647	0.0261735	0.0667096	0.0471286	0.0164088	0.0232948	0.0141686	0.0471164	0.0373689	0.0465344	0.0517322	0.0492837	0.0468755	-0.0504591	0.00999073	-0.00806846	-0.00767473	-0.0188843	0.0538146	0.0468755	0.0215012	0.0281152	0.0151764	0.0545056	0.0365275	0.00207711	-0.0231292	0.00927705	-0.00955989	0.0676202	0.0492372	-0.0476762	0.0191969	0.0141686	0.016579	0.0388765	0.0135779	0.0667096	0.0104524	-0.00806846	-0.00289345	0.0304024	-0.0048914	-0.0231141	0.00748814	0.01192	0.023748	0.0191969	0.0191965	0.016579	-0.0231141	0.0280593	0.0256621	0.0232948	0.0568422	0.0358939	0.0554788	0.0212029	0.010071	0.0488125	0.036517	0.0427938	0.0383335	0.026098	0.0331306	-0.0108825	0.055012	0.0380682	0.0454736	0.0678464	0.0510198	-0.0354241	-3.62601e-05	0.0290024	0.0221259	0.0517322	0.0290024	0.0260573	0.0674731	0.115378	0.00604467	-0.0366454	-0.00749264	-0.0345278	0.0139804	0.00756121	0.0282693	-0.00331629	0.0476627	0.0468743	0.06987	-0.00907624	-0.0188843	0.00604467	0.0276304	0.0345347	-0.0254988	0.0421593	0.063006	0.0378026	0.0147784	0.0465385	0.0433436	-0.0294306	0.0292746	-0.0141023	0.0167708	0.0555404	0.0144403	-0.0476762	-0.0231141	0.00604467	0.0915119	0.0568422	-0.018124	-0.018124	-0.0155911	-0.0336416	0.000436846	0.0141686	0.0147784	-0.0184662	0.00756121	0.036517	0.0537876	0.0623548	-0.000513464	-0.0205197	-0.00289345	-0.0138354	0.0453679	0.0465385	0.0240442	-0.0108825	0.0283716	0.013475	0.11911	0.0678464	0.0489564	-0.0319465	0.0138345	0.0674731	-0.00331629	0.016579	0.0554788	0.0383622	0.0623548	0.0392086	0.0538146	0.0317765	-0.0618908	0.0554788	0.0558486	0.0139804	0.0311785	0.0290024	-0.0618908	0.06108	0.0128189	0.0208998	0.0678464	0.0554788	-0.0138354	0.0674731	0.0332497	0.0605914	0.0191969	0.00770503	0.00625737	-0.00806846	0.0278827	0.0237953	0.0319592	0.00927705	-0.0243344	0.00318673	-0.0178968	0.0256621	0.115378	0.00318673	0.0235348	0.0184069	0.013204	0.0179468	0.0162513	0.06108	0.00923427	0.0674731	0.0465385	0.0212029	0.0290024	0.0144101	0.0494966	-0.0177241	0.0357835	-0.0363107	0.00421478	-0.0129303	-0.0108825	0.0676202	0.0517322	0.0471776	0.0421593	-0.0349053	0.0162513	0.0144101	0.0356373	0.0413234
36000	intercept	0.856127	0.831039	0.825239	0.848206	0.87488	0.821514	0.85346	0.802078	0.875883	0.819901	0.870836	0.834243	0.856667	0.774766	0.829716	0.829716	0.830454	0.824832	0.855411	0.856157	0.81763	0.849738	0.853034	0.84753	0.86886	0.834	0.854456	0.858465	0.819832	0.871944	0.887201	0.839426	0.831409	0.855151	0.875673	0.845811	0.790341	0.821776	0.824634	0.841271	0.896147	0.85366	0.812151	0.832355	0.864318	0.814069	0.866475	0.82745	0.824832	0.834243	0.839809	0.835702	0.834957	0.860123	0.844569	0.867167	0.83421	0.851227	0.821514	0.863292	0.805898	0.866099	0.866105	0.835661	0.896282	0.844118	0.878877	0.814069	0.835241	0.841401	0.813635	0.839232	0.876867	0.829134	0.851931	0.830454	0.882163	0.867444	0.880423	0.842785	0.859025	0.833647	0.844286	0.829134	0.834356	0.844406	0.820528	0.834021	0.821776	0.859025	0.867167	0.841068	0.852203	0.86296	0.871944	0.84073	0.799527	0.849367	0.830454	0.834243	0.817762	0.773174	0.835702	0.846971	0.829134	0.871944	0.875829	0.844406	0.849103	0.82745	0.830454	0.830643	0.830058	0.866105	0.831771	0.860086	0.839232	0.841385	0.830454	0.823632	0.821235	0.84987	0.860618	0.850074	0.827774	0.845455	0.842149	0.845298	0.859491	0.874071	0.824634	0.875883	0.857695	0.842931	0.830058	0.881905	0.822982	0.837474	0.859491	0.834243	0.834243	0.840339	0.858165	0.866481	0.850074	0.849014	0.87488	0.886527	0.868739	0.866179	0.784037	0.835702	0.845811	0.875883	0.839426	0.819204	0.848206	0.854655	0.823255	0.853339	0.856726	0.855465	0.875883	0.83608	0.820401	0.866738	0.844255	0.88282	0.890546	0.871026	0.843121	0.86296	0.847115	0.850074	0.852176	0.861213	0.86886	0.873463	0.856147	0.860123	0.829716	0.858165	0.884465	0.83641	0.874797	0.815703	0.830956	0.834243	0.824378	0.86886	0.817469	0.823632	0.854761	0.829716	0.837719	0.839356	0.856289	0.817469	0.862682	0.815319	0.825677	0.84891	0.817457	0.785923	0.850074	0.859491	0.86296	0.868739	0.856127	0.875883	0.830058	0.852537	0.832355	0.866099	0.870261	0.832728	0.865138	0.868739	0.872275	0.866105	0.868739	0.835182	0.784037	0.847168	0.83866	0.862682	0.861501	0.813916	0.831694	0.832728	0.790341	0.868739	0.87582	0.862739	0.858345	0.854456	0.831694	0.879172	0.845364	0.83866	0.847195	0.834	0.850154	0.87387	0.865802	0.817469	0.850074	0.849738	0.829134	0.847295	0.83866	0.850074	0.823037	0.819938	0.833807	0.823037	0.84891	0.820259	0.824255	0.844699	0.836617	0.772112	0.866481	0.871944	0.869201	0.861708	0.847195	0.821571	0.861708	0.858844	0.846334	0.815703	0.873463	0.835241	0.831039	0.823255	0.821514	0.830454	0.834097	0.868739	0.827054	0.850074	0.847669	0.820259	0.875883	0.873463	0.836904	0.835182	0.875883	0.840035	0.834669	0.84891	0.867167	0.834669	0.837795	0.824811	0.859658	0.831771	0.871341	0.835702	0.774808	0.852094	0.854456	0.864347	0.807707	0.850074	0.819204	0.819204	0.835241	0.871944	0.88282	0.88629	0.867167	0.823255	0.821665	0.823037	0.832728	0.773174	0.857732	0.857695	0.87582	0.855238	0.832661	0.825456	0.858165	0.820259	0.841973	0.867167	0.832532	0.772112	0.81235	0.857695	0.858206	0.831222	0.872834	0.825179	0.842114	0.825456	0.773174	0.834243	0.830058	0.844255	0.882163	0.829134	0.814762	0.821514	0.837396	0.861708	0.882163	0.839426	0.840613	0.822253	0.772112	0.829134	0.867138	0.841846	0.841385	0.842785	0.83866	0.844569	0.827023	0.868739	0.871859	0.850107	0.86886	0.866105	0.883893	0.837241	0.860965	0.86886	0.815703	0.817368	0.840135	0.834243	0.852109	0.874797	0.854655	0.839426	0.829362	0.846334	0.823768	0.847295	0.857225	0.822937	0.773174	0.880423	0.834243	0.821776	0.88421	0.871026	0.820259	0.835182	0.821571	0.825484	0.840035	0.857695	0.854655	0.822937	0.843586	0.839334
37000	slope	0.0317882	0.033495	0.0082161	0.0577935	0.0354787	0.00200315	0.0396436	0.123805	0.0181435	0.060663	0.0969152	-0.00784966	0.0201393	0.016017	0.00907761	0.0291969	-0.00517358	0.0320625	0.107306	-0.0228644	0.0241851	0.0110441	0.0179499	0.0261555	0.0539078	-0.0247086	0.0974369	-0.00517358	0.0082161	0.0393638	0.0338949	0.0619581	0.0283102	-0.0124297	0.123805	0.0861493	0.0238268	-0.00144281	0.0448257	0.0150548	0.044802	0.0440763	-0.0398014	0.00585589	-0.00496703	0.06398	0.0150548	0.0393638	0.0770038	0.0393638	0.0375444	0.0242394	0.0246893	-0.0228644	0.0435537	-0.00496703	-0.00307291	0.0245495	0.0106876	0.0610235	0.104743	0.0317323	0.0945777	0.0238268	0.0749179	0.0331875	0.0457623	0.0457936	0.0405098	0.00778903	-0.00613164	-0.0204046	0.0541715	-0.0404285	0.0082161	-0.0124297	-0.0414074	0.0447414	0.0509952	-0.0124297	0.0258661	-0.0124297	0.00300038	0.0409335	0.0325264	0.0437151	0.0303479	0.0325264	0.0771957	0.00943177	0.00170573	0.0349841	0.0395811	0.053616	0.0281152	-0.0563102	0.0468905	0.0281152	0.0997438	0.0281152	0.0393987	0.0395811	0.0298252	0.0282649	0.0511629	0.00247162	0.00247162	0.019799	0.0156798	0.0150548	0.0110441	0.00586531	0.027091	0.0572562	0.000589142	0.00778903	0.00481894	0.030263	0.0473213	0.00907354	0.00943177	0.00657111	0.0650754	0.0222207	0.0325737	0.064182	0.0437512	0.0362763	-0.0083989	0.0387574	0.054042	-0.0209971	0.0771957	-0.0049918	0.0583261	0.00170573	0.0704186	0.0636566	0.0222207	0.00507976	0.0082161	0.0679342	0.0325264	0.0150548	0.0281761	-0.00784966	0.0352657	0.0326051	-0.00131826	0.0181435	0.044802	0.024317	0.0218037	0.0361662	0.0836499	0.0238451	0.0521027	0.0148779	0.0331875	0.0295778	0.00657111	0.0665878	0.044823	0.00500324	0.0122752	0.0456433	0.0221653	-0.0352743	-0.0225306	0.0497818	0.00194935	0.0082161	0.0292075	0.0188094	0.0305174	0.030263	0.0125959	0.00239449	0.00296049	-0.0127463	0.0320625	0.00585589	-0.050378	0.0615083	0.0199505	-0.0434914	0.0181435	-0.0450317	-0.0199147	0.0249352	0.00152126	0.0280383	0.0145472	0.00190496	0.0409335	0.0958754	-0.0404285	0.0468905	0.0612065	0.102469	-0.0434914	0.0149566	0.0440763	0.0283102	0.069248	-0.0204046	0.0726288	0.0615083	0.044802	0.0150548	0.0612065	0.00307584	0.00239449	0.0667119	0.00943177	-0.0536981	0.0291969	0.0239157	0.00296049	0.030263	0.0275275	0.0458852	0.0534675	0.0388512	0.0823738	0.00657111	0.107306	-0.0249801	0.0375444	-0.00935526	0.0325264	0.0776448	0.0181435	0.0116301	0.027583	0.0238451	0.0108284	0.0437512	0.0823738	0.0448257	-0.00517358	0.0408457	0.0435537	0.0668825	-0.0228644	0.00574581	0.037402	0.027583	0.0974369	0.10127	0.0150007	0.0275665	0.0836499	0.00907761	0.0238268	-0.0043621	-0.00935526	0.0771957	0.0281152	0.0974369	0.0409335	0.0806698	0.0082161	0.0108284	0.0325737	-0.0352743	0.0153737	0.030263	0.0535124	0.0429542	0.0318482	0.027583	0.0180054	0.0892653	0.0260467	0.027583	0.00657111	0.0385328	0.044802	0.0150548	0.10127	-0.0172595	-0.0177473	-0.0204046	0.0261555	0.0661508	0.0577935	0.0709185	-0.00517358	-0.00331758	0.0220813	-0.00516515	0.0184085	0.0320625	0.00481894	0.0388512	-0.0177473	-0.017347	0.0151215	0.0770038	0.0331875	0.0610235	0.0379333	0.0281152	0.0414814	0.0861493	0.0320625	0.0381864	0.0771957	0.0386297	0.102716	0.044802	0.0381864	-0.0301774	0.0121197	0.0325264	0.0181435	0.000589142	0.0152841	0.0341583	0.0152511	0.0318612	0.0181435	0.0217388	0.0325737	0.0577935	-0.0049918	-0.0225306	-0.0536981	0.0217306	0.0559116	0.00539355	0.048637	0.0829472	0.00585589	0.0806698	0.0572791	0.0261555	0.0594229	0.0974369	0.0130667	0.0305174	0.0501227	0.0396434	0.00746909	0.0599356	-0.0326162	-0.00645628	0.0318482	0.0293357	0.0348105	-0.0225306	0.0150007	0.0447414	0.0510855	0.10127	0.0559116	0.0969152	0.044802	0.0974369	0.0188094	0.0370357	0.0322436	-0.0472012	0.024322	0.0106876	0.00200315	0.0325737	-0.0299994	0.0473213	0.0261555	0.0128422	0.00657111	0.00200315	0.0275275	0.0181435	0.0516456	0.0303479	0.0253253	0.0379333	0.0457936	0.0082161	0.0202395	0.030263	0.0106876	-0.0352743	0.0675703	0.0414814	0.0238451	0.0447414	0.00247162	0.00481894	0.033923	0.0331441	0.0238268	-0.0225306	-0.00304104	0.00968147	0.0414814	0.0771957
37000	intercept	0.814034	0.844057	0.7961	0.825118	0.844655	0.849571	0.83962	0.825104	0.840484	0.846084	0.809577	0.818973	0.845929	0.847447	0.827686	0.829916	0.851552	0.852354	0.817404	0.868822	0.847765	0.841907	0.815531	0.845618	0.842359	0.841907	0.807525	0.851552	0.808455	0.79372	0.831205	0.823428	0.815084	0.869154	0.825104	0.827562	0.870571	0.853815	0.844057	0.859242	0.842209	0.870316	0.902817	0.846864	0.873678	0.829776	0.859242	0.818756	0.836244	0.82051	0.805643	0.81936	0.838485	0.871238	0.832549	0.873678	0.860483	0.82002	0.867032	0.817998	0.829958	0.829916	0.816803	0.870571	0.825668	0.841754	0.803003	0.867115	0.833809	0.841946	0.831976	0.83303	0.836244	0.895462	0.810738	0.872708	0.869154	0.835931	0.834754	0.868575	0.833749	0.862641	0.861852	0.813737	0.821597	0.841754	0.861231	0.814034	0.819871	0.814034	0.82002	0.832549	0.84736	0.83947	0.82857	0.886488	0.842257	0.827504	0.807887	0.82857	0.813154	0.84682	0.845579	0.851621	0.816751	0.845107	0.848753	0.82857	0.815819	0.859242	0.841907	0.821397	0.823326	0.850603	0.857965	0.841946	0.845733	0.808623	0.832549	0.844057	0.814034	0.808827	0.813653	0.844185	0.848255	0.831581	0.832892	0.852918	0.838866	0.795291	0.848888	0.860616	0.819871	0.861156	0.797479	0.82002	0.827562	0.824742	0.873841	0.846497	0.808455	0.838109	0.814034	0.859242	0.847348	0.852199	0.821463	0.845055	0.817334	0.840484	0.842209	0.874018	0.843906	0.832613	0.824814	0.82002	0.826337	0.857861	0.851621	0.847765	0.808827	0.818539	0.80608	0.808455	0.835791	0.82216	0.827527	0.881633	0.852251	0.846084	0.853941	0.808455	0.847765	0.832746	0.816886	0.817469	0.843655	0.832743	0.859275	0.856263	0.883402	0.846864	0.886911	0.827562	0.860278	0.885674	0.840484	0.881357	0.851009	0.822435	0.824725	0.844505	0.845297	0.864819	0.813737	0.816803	0.895462	0.842257	0.848554	0.813951	0.885674	0.841907	0.855307	0.815084	0.841869	0.843333	0.860083	0.827562	0.842209	0.859242	0.848554	0.845286	0.831233	0.827562	0.814034	0.894645	0.829916	0.82002	0.859275	0.826322	0.842176	0.821611	0.843237	0.818756	0.863231	0.808827	0.817404	0.877313	0.805643	0.827356	0.818281	0.833735	0.840484	0.856216	0.847765	0.82002	0.801449	0.788563	0.863231	0.844057	0.851552	0.844057	0.832549	0.83095	0.868822	0.833803	0.805361	0.847765	0.785673	0.818951	0.814715	0.817469	0.824814	0.827686	0.870571	0.815557	0.845286	0.819871	0.82857	0.807525	0.813737	0.800795	0.808455	0.808827	0.86042	0.881633	0.829839	0.81242	0.866658	0.827891	0.812564	0.847765	0.810872	0.788146	0.835276	0.862058	0.799035	0.848454	0.842209	0.857745	0.821351	0.861879	0.837562	0.83303	0.845618	0.796948	0.825118	0.839178	0.851552	0.832743	0.814061	0.841978	0.808455	0.854763	0.845733	0.818756	0.837562	0.852667	0.846864	0.836244	0.822653	0.820394	0.84682	0.82857	0.813154	0.827562	0.883402	0.82857	0.808915	0.833193	0.819742	0.842209	0.82857	0.872588	0.841946	0.814721	0.840484	0.857965	0.83554	0.841258	0.807823	0.851639	0.840484	0.859242	0.829909	0.825118	0.861156	0.862097	0.873961	0.847765	0.831695	0.854946	0.83947	0.794605	0.846864	0.800795	0.820734	0.843435	0.82658	0.807525	0.8224	0.82002	0.801913	0.815084	0.817334	0.809202	0.896206	0.857965	0.812564	0.814061	0.885882	0.862097	0.814715	0.835931	0.826063	0.807887	0.831695	0.809577	0.842209	0.794605	0.832746	0.815406	0.851493	0.88811	0.78528	0.876322	0.849571	0.848255	0.886488	0.832549	0.845442	0.866594	0.808827	0.849571	0.842176	0.840484	0.80063	0.861231	0.83645	0.84682	0.867115	0.808455	0.851621	0.817469	0.876322	0.881633	0.836137	0.813154	0.808661	0.835931	0.847609	0.845733	0.854388	0.813528	0.870571	0.851009	0.846864	0.890364	0.813154	0.819871
38000	slope	0.0570328	0.010202	0.00646205	0.00207742	0.0506272	0.0661199	0.0477913	0.0702784	0.0869839	0.0791887	0.0426938	0.0648437	0.0506272	0.0501652	0.092985	0.0250102	0.010202	0.0758784	0.0618087	0.0450575	0.0719197	0.0012649	0.0739084	0.0771478	0.0450575	0.0301886	-0.0166174	0.0701914	0.0429421	0.0730377	0.0159201	0.052388	0.0873318	0.0507861	0.0350311	0.027475	0.0783509	0.00991324	0.0250102	0.0391153	0.0838144	0.0939212	0.00112772	0.0511279	0.0839667	0.0629929	0.0677299	0.0301009	0.0811165	0.0501652	0.0226673	0.0349237	0.00937952	-0.0125052	0.00655028	0.0511279	0.092985	0.048442	0.0510987	0.0583898	0.0818587	0.0488221	0.0304175	0.0807767	0.0659934	0.0683099	0.0444364	-0.0166174	0.0897815	0.098456	0.0517226	0.0752925	0.0696788	-0.0425262	0.013983	0.0223546	0.0873401	0.0571187	0.0146876	-0.0267871	0.061324	0.0869839	0.048442	0.0488221	0.0356572	0.0435338	0.0507305	0.0823788	-0.0381211	0.039277	0.0547658	0.0739084	0.061324	0.0984758	0.0482669	-0.0213029	0.0221021	0.0547658	0.013983	0.0698389	0.0752925	0.0511621	0.0506272	0.061303	0.0618087	0.0517226	0.0780766	0.0200221	0.0605095	0.0746117	0.0725668	-0.0166174	0.0264038	0.0836014	0.0531086	0.0648437	0.0486103	0.0541911	0.0412366	0.0427809	0.0433018	0.069778	0.0350405	0.0482854	0.0572279	0.00905378	0.0412449	-0.0161488	0.0492243	-0.0125027	0.0158146	0.0488221	0.0475583	0.0451811	0.0541911	-0.0245484	0.0245773	0.0735055	0.0563191	0.048442	0.0843983	0.0955497	0.0344746	0.0506272	0.0563191	0.0700757	0.0746117	0.0183448	0.0256189	0.0903727	0.0807767	0.0569026	0.0252469	-0.039722	-0.0376263	0.0797129	-0.0584083	0.0172523	-0.0166174	0.0238126	0.0160158	0.0172762	0.0939212	0.0485445	0.0506272	0.0501652	0.0365564	-0.0161488	0.0167467	0.0698389	0.0700757	0.00469796	0.0897815	0.0700757	0.0506272	0.0450575	0.010202	0.042715	0.0483116	0.0506272	0.0830656	0.0941485	0.0477023	0.0301009	0.0680286	0.0486402	0.0517226	0.0739084	0.0471784	0.0403554	0.0220419	-0.0425262	0.00810722	0.0838144	0.0655949	0.0395689	0.0501652	0.0224372	-0.0245484	0.0838144	0.00646205	0.0395689	0.00168056	0.0869839	-0.00960505	-0.0125027	0.0457291	-0.0125027	0.0569545	0.00547901	0.085066	0.0531288	0.0301286	0.0369491	0.0577274	0.0218661	0.0690388	0.0454194	0.00112772	0.092072	0.0482669	0.0752925	0.0406013	0.0680286	0.0251183	0.00466279	0.0394228	0.0434778	0.0482669	0.0251996	0.061324	0.048442	0.0683099	0.0243333	0.0373881	0.0746181	0.0297188	0.00412453	0.0303467	0.0506272	0.039328	0.0957107	0.0701479	0.0700757	0.0903727	0.0698149	0.0563191	0.0752943	0.0482669	-0.054317	0.0807767	-0.0161488	0.0105078	0.0200221	0.000942963	0.0126592	-0.0417149	0.0941485	0.0680286	0.0251996	0.0909286	0.0105078	0.0583898	0.0624857	0.0412366	0.0698149	0.0597814	0.00207742	-0.0274087	0.0648437	0.013983	0.0693974	0.0494759	0.07173	0.0494759	0.00655028	0.0909286	0.0807767	0.0139411	-0.0161488	0.0683099	0.061324	0.0841478	0.0807767	0.0138404	0.0344746	0.0412366	0.0700124	0.0735976	0.061324	0.0700757	0.0501652	0.0268977	0.0700757	0.0635162	0.0454194	0.0600017	0.0700757	0.0752925	0.0237298	-0.0751858	0.0668357	0.0939212	0.000726945	0.0501163	0.0746117	0.0268977	0.0399676	0.0597814	0.0782548	0.061324	0.0517226	0.0372243	0.0231134	0.026475	0.0171076	0.0573007	0.0791887	0.0337161	0.0517226	0.0221319	0.0217403	0.0841478	0.0540869	0.0739084	0.0739084	0.0387138	-0.00151003	0.0700757	0.0440924	0.0631308	0.048442	0.0703592	0.092072	0.0597814	0.0620116	0.0218661	-0.0467056	0.013983	0.00412453	0.0869839	0.0506272	0.0937098	0.0683099	-0.0417149	0.0768636	0.0450575	0.0752925	0.0818587	0.0356572	0.000942963	0.0864307	0.0647362	0.00168056	0.0775433	0.0105078	0.0725668	0.0700757	0.0482669	0.0268977	0.010202	0.0746117	-0.0221945	0.0245773	0.0223053	0.0432277	0.061303	0.0941485	0.0437299	-0.0161488	0.0563191	0.0746117	-0.0166174	-0.00360355	0.0412366	0.0841478	0.0797718	0.0944224	0.028411	0.0700757	0.0297436	-0.0103768	0.0259887	0.0506272	0.0344746	0.0394228	0.0678987	0.0618087	0.0412449	0.0519739	0.0349237	0.0486103	0.0501652	0.0948931	0.0251996	0.0305272	0.0517226	0.0387138	0.0700757	0.0653231
38000	intercept	0.859576	0.85557	0.81322	0.872847	0.829827	0.829606	0.829371	0.820439	0.848935	0.818751	0.847393	0.834584	0.814091	0.846069	0.818751	0.827284	0.85557	0.808387	0.788923	0.788251	0.824819	0.813076	0.791467	0.815439	0.788251	0.846295	0.81878	0.88288	0.816903	0.812934	0.849764	0.842249	0.820747	0.880616	0.794552	0.815098	0.804835	0.852554	0.831579	0.842658	0.847902	0.818751	0.82007	0.808922	0.816002	0.839745	0.840385	0.81937	0.80945	0.846069	0.86355	0.81052	0.827004	0.843715	0.830256	0.808922	0.818751	0.834376	0.864376	0.830716	0.820747	0.842176	0.833517	0.813506	0.836699	0.816903	0.820123	0.81878	0.829517	0.835321	0.82315	0.810576	0.822147	0.852824	0.863375	0.81245	0.833075	0.847763	0.81245	0.867894	0.862062	0.841965	0.823191	0.842176	0.814876	0.861452	0.846069	0.813247	0.848403	0.83434	0.851876	0.791467	0.862062	0.811857	0.843468	0.892421	0.827596	0.822345	0.847559	0.868179	0.813247	0.83437	0.808441	0.836655	0.788923	0.82315	0.834054	0.831579	0.823161	0.842751	0.824593	0.81878	0.828515	0.812127	0.846331	0.80474	0.832688	0.822147	0.830972	0.812538	0.846069	0.847297	0.829095	0.837169	0.839066	0.860742	0.880616	0.838652	0.815985	0.83706	0.801585	0.842176	0.846069	0.825388	0.822147	0.86439	0.848172	0.817949	0.797256	0.802615	0.818751	0.798334	0.830256	0.808441	0.797256	0.833075	0.833389	0.810051	0.811328	0.817132	0.813506	0.843237	0.888187	0.849284	0.858355	0.818751	0.849933	0.877017	0.816235	0.80969	0.847559	0.827004	0.818751	0.837486	0.810708	0.839442	0.828127	0.852427	0.798599	0.838651	0.833075	0.859499	0.83361	0.824829	0.814091	0.788251	0.85557	0.816903	0.818751	0.828054	0.827016	0.808833	0.827044	0.827365	0.831331	0.846069	0.818258	0.791467	0.842176	0.826223	0.838993	0.849933	0.86331	0.848768	0.822601	0.843237	0.846069	0.830563	0.849764	0.848768	0.81322	0.843237	0.878199	0.841965	0.81878	0.83706	0.801758	0.83706	0.802657	0.825568	0.816903	0.845694	0.815098	0.78751	0.849772	0.855546	0.836699	0.857422	0.82007	0.811857	0.8293	0.813247	0.814876	0.831331	0.818523	0.835297	0.821117	0.819998	0.8293	0.839716	0.864048	0.823191	0.816903	0.827004	0.815076	0.815801	0.809343	0.844862	0.810162	0.803933	0.79664	0.803555	0.815373	0.82169	0.817132	0.834165	0.797256	0.818751	0.843718	0.876229	0.813506	0.83706	0.826383	0.831579	0.820352	0.821658	0.851228	0.808833	0.83173	0.81937	0.820747	0.835297	0.830716	0.828278	0.833193	0.834165	0.839413	0.872847	0.83706	0.821739	0.863375	0.796562	0.816376	0.841054	0.816376	0.830256	0.816401	0.798334	0.848042	0.83706	0.816903	0.862062	0.812127	0.813506	0.818963	0.830256	0.835855	0.812127	0.843237	0.862062	0.838836	0.830832	0.843493	0.833075	0.857422	0.857422	0.833075	0.833075	0.818594	0.846295	0.865167	0.843237	0.818751	0.824584	0.814876	0.833389	0.843493	0.864	0.825192	0.818751	0.862062	0.79628	0.854233	0.806829	0.822587	0.806483	0.852452	0.818751	0.794508	0.82315	0.86355	0.827381	0.812127	0.810395	0.791467	0.800695	0.830256	0.820352	0.833075	0.82948	0.804374	0.827717	0.819507	0.809067	0.825192	0.840385	0.872771	0.851228	0.858617	0.844862	0.848935	0.845822	0.838769	0.816903	0.851228	0.812127	0.788251	0.815041	0.820747	0.819174	0.820352	0.818594	0.812107	0.878199	0.820747	0.826383	0.824593	0.838836	0.833859	0.843493	0.85557	0.842751	0.82715	0.848172	0.858003	0.829385	0.836655	0.801503	0.842176	0.83706	0.797256	0.833389	0.81878	0.826303	0.830972	0.812127	0.818751	0.814547	0.836837	0.831527	0.877163	0.820352	0.830563	0.828054	0.831014	0.821117	0.808723	0.788923	0.880616	0.837172	0.808032	0.832688	0.846069	0.829947	0.81937	0.822587	0.815666	0.830256	0.856442	0.813247
39000	slope	0.0455362	0.0646556	0.0081489	0.0171178	0.0444705	0.0509756	-0.0425278	0.0392439	0.0842397	-0.0291008	0.0430654	-0.024305	0.0521271	0.000487924	0.0767949	0.0390832	-0.0196092	0.070992	0.0580886	0.0659888	0.0428748	0.0627771	0.0643312	0.0436385	-0.037439	0.0559248	0.0176672	0.0489652	0.0787752	0.0624456	0.0820413	0.0659888	0.0586391	0.0661545	-0.037439	0.0551759	0.0660319	0.0468002	0.0471311	0.115378	0.108171	0.0586721	0.0213894	0.0573892	0.0733126	0.0291031	0.0410254	0.0173266	0.00800318	-0.0196092	0.0562386	0.0436134	0.0260621	0.055029	0.063482	0.0573892	-0.0196092	-0.024305	0.104608	0.0183563	0.0385715	0.032135	-0.0694693	0.0220901	-0.00906963	0.038188	0.0523028	0.105373	0.0609766	0.0522937	0.0378212	0.0931745	-0.00906963	0.049893	0.0268209	0.0612334	0.0568897	0.0365591	0.0277872	0.0243463	0.0345896	0.04935	0.035907	0.0432402	0.00574162	0.0176927	-0.0196092	0.0271759	0.0076658	0.0850787	0.0500317	0.0689603	0.0183563	0.0206681	0.0441565	0.036128	0.0958406	0.0623027	0.0203846	0.0330022	0.0767949	0.0731938	0.0525284	0.0850787	0.0816067	0.0412626	0.0365591	0.0606859	0.0553287	0.0474947	-0.037439	0.0277872	0.0291031	0.097651	0.0680552	-0.00243434	-0.0253471	-0.013265	0.0271759	0.0309106	0.0751082	-0.024305	0.0606859	-0.00332381	0.0547662	0.0398083	0.0453066	0.0506237	0.0506237	0.032135	0.0212565	0.030728	0.0405151	0.0268209	0.0570431	0.0792718	0.105373	0.0363924	0.023315	0.0392439	0.0652655	0.0425384	0.0615949	-0.0196092	-0.037439	0.064774	0.0176927	0.018639	0.0209313	0.0212565	0.0363924	0.09226	0.0660319	-0.0182111	0.0800929	0.0611953	0.0441565	0.092343	0.038442	0.034278	0.0176927	0.0506237	0.07496	0.0923705	0.0376316	0.0519998	0.0390366	0.104608	0.0923705	0.0890033	0.097651	0.0820413	0.0501424	0.0220901	0.0758408	0.0261526	0.0704309	0.0573892	0.0923705	0.0703921	0.0589329	0.068767	0.035907	0.0284933	0.0419972	0.0454591	0.055029	0.0506237	-0.0182111	0.0643312	0.0245818	0.0660319	0.105373	0.0524712	0.038188	-0.00129662	-0.037439	0.0429069	0.0764669	0.0312448	0.038442	0.0502813	0.0613075	-0.00906963	0.029787	0.0392439	0.0474947	0.018639	0.0559248	-0.0196092	0.0392439	-0.037439	0.0254648	-0.0196092	0.092343	-0.00441248	0.0217532	0.0853473	0.0392439	0.0429069	0.0157155	0.035907	0.0790067	0.0509756	0.0297663	0.0268867	0.00693637	0.0392439	0.0900048	0.0880686	0.00695172	0.0268867	0.062157	0.0183563	0.0700196	0.0501424	-0.0161573	0.0689603	0.0465836	0.0618513	0.0612334	0.0387514	-0.0182111	0.0464633	0.0507827	0.0106738	-0.0196092	0.0623027	0.0424737	0.0363924	0.0145804	0.0245818	0.0985741	0.0220901	0.097651	0.0643312	0.0572555	-0.00255354	0.056572	0.0249414	0.0386235	0.0176927	0.0365591	0.0606859	0.0268209	0.0387498	0.0924915	0.0850787	0.0324244	0.0568897	0.091723	0.0659888	0.030856	0.0506237	-0.037439	0.0704309	0.0850787	-0.0162973	0.0424737	-0.00161701	0.0312448	0.013635	0.0472825	0.0659888	0.0176927	-0.0349388	0.04808	0.092343	0.0850787	0.0524712	0.0424737	-0.0197753	0.038442	0.0811539	0.0649569	0.0478882	0.0199247	0.0850787	0.0659888	0.0429069	0.0660319	0.0478518	0.0297321	0.00470021	0.0216626	0.0923705	0.0365591	0.038188	0.04808	0.0312448	0.0324244	0.0570431	0.0250899	0.0606859	0.0661234	0.00403517	0.0662465	-0.0196092	0.02496	-0.0196092	-0.0196092	0.0291031	0.0250899	0.033632	-0.0429266	0.0660319	0.0365591	0.033632	0.0112555	0.0080415	0.0424737	0.0680552	0.014282	0.0291031	0.11111	0.0506237	0.0455362	0.0244349	0.04808	0.033456	0.0525778	0.0419972	0.0594884	0.0767949	0.0570431	0.0478518	0.0606859	0.0425384	0.0624456	0.0565296	0.0985741	0.0137955	0.0176672	0.0243463	0.0850787	0.0722093	0.0341506	0.0606859	0.0202125	0.0551279	-0.0193465	0.0506237	0.0880686	0.0643312	0.0573892	0.0429069	0.0721545	0.0472825	0.056572	0.0176927	0.0578529	0.0571828	0.030856	0.030856	0.0244349	0.0722093	0.0304848	0.0110183	0.000487924	0.0429069	0.0506237	0.0559248	0.0933582	0.0506237	0.0610197	0.0212565	0.0758408	0.0680552	0.0766667	0.0524712	0.013635	0.0506237	0.0850787	0.0346322	0.0454315	0.0884693	-0.0425278	0.0792718	0.0779313	0.0610197
39000	intercept	0.865444	0.815103	0.835892	0.843527	0.816557	0.837344	0.844178	0.826544	0.807656	0.830014	0.847987	0.850322	0.80254	0.877292	0.807656	0.856575	0.840414	0.833311	0.885787	0.816148	0.834661	0.848085	0.837302	0.84519	0.862718	0.839917	0.849396	0.827733	0.807656	0.83006	0.844057	0.821312	0.851641	0.817341	0.803976	0.819838	0.807656	0.837731	0.825401	0.822309	0.77667	0.809904	0.867632	0.844516	0.806302	0.847459	0.837616	0.857422	0.814708	0.817104	0.859271	0.828683	0.856987	0.842527	0.807665	0.844516	0.832463	0.850322	0.778643	0.826584	0.831265	0.837616	0.843104	0.856987	0.890453	0.824884	0.843742	0.803127	0.789161	0.791782	0.826544	0.819867	0.890453	0.817893	0.843742	0.789652	0.811784	0.836457	0.83809	0.901769	0.846837	0.835069	0.839322	0.867914	0.844185	0.852744	0.832463	0.86952	0.830501	0.792064	0.887592	0.831545	0.827653	0.821601	0.853215	0.866245	0.794889	0.816148	0.853244	0.833077	0.807656	0.778188	0.855571	0.792064	0.805617	0.844197	0.832103	0.792847	0.834576	0.852901	0.890966	0.83809	0.854955	0.758664	0.814981	0.858999	0.832463	0.832463	0.856682	0.847149	0.811512	0.850322	0.820645	0.880243	0.845814	0.829667	0.840989	0.819838	0.819838	0.837616	0.852901	0.836457	0.831057	0.850057	0.819838	0.819205	0.803127	0.841374	0.809997	0.843355	0.833199	0.838447	0.834476	0.840414	0.827333	0.854624	0.854535	0.850216	0.802929	0.842772	0.841374	0.790047	0.807656	0.837873	0.820521	0.804606	0.844801	0.834383	0.817577	0.797583	0.852744	0.819111	0.821196	0.812217	0.832935	0.857631	0.837616	0.782121	0.817105	0.823788	0.758664	0.844057	0.846901	0.856987	0.840767	0.827653	0.834424	0.844516	0.812217	0.820768	0.811004	0.828613	0.839322	0.828396	0.846487	0.834576	0.842527	0.819838	0.837873	0.830778	0.868324	0.801777	0.803127	0.825189	0.832014	0.837873	0.835545	0.798795	0.822934	0.843611	0.845814	0.802779	0.820645	0.893676	0.846754	0.826544	0.852901	0.850216	0.848085	0.832463	0.826544	0.803976	0.798795	0.832463	0.834383	0.877292	0.855861	0.789161	0.826544	0.798795	0.881891	0.839322	0.803127	0.797398	0.855595	0.850737	0.824901	0.826544	0.757589	0.801874	0.852744	0.850737	0.822226	0.827653	0.851641	0.846901	0.81273	0.831545	0.845271	0.847177	0.789652	0.844895	0.837873	0.847149	0.852941	0.852744	0.832463	0.816148	0.849203	0.848269	0.877292	0.868324	0.814852	0.856987	0.758664	0.830778	0.830466	0.885267	0.794562	0.810599	0.845051	0.852744	0.832103	0.820645	0.843742	0.856882	0.837591	0.804097	0.855317	0.811784	0.757589	0.816148	0.837616	0.819838	0.803976	0.834424	0.792064	0.80557	0.849203	0.893274	0.843611	0.879587	0.852914	0.816148	0.852744	0.862755	0.828509	0.842591	0.804097	0.826108	0.849203	0.877008	0.822871	0.824007	0.867498	0.820768	0.862482	0.804097	0.816148	0.808538	0.807656	0.841435	0.850806	0.839047	0.848248	0.816045	0.832103	0.832014	0.847149	0.843611	0.855317	0.819838	0.872252	0.820645	0.811004	0.845051	0.841537	0.832463	0.837616	0.832463	0.834562	0.844895	0.879904	0.81803	0.818413	0.807656	0.832103	0.81803	0.827653	0.849579	0.849203	0.814981	0.852744	0.844895	0.813851	0.819838	0.865444	0.777833	0.847149	0.788488	0.843544	0.825189	0.851174	0.807656	0.819838	0.841435	0.820645	0.838447	0.838459	0.843811	0.814852	0.879587	0.849396	0.901769	0.801676	0.82801	0.816874	0.820645	0.810802	0.880083	0.829431	0.819838	0.808983	0.830778	0.844516	0.798795	0.819838	0.852914	0.794562	0.852744	0.847893	0.811004	0.837616	0.837616	0.777833	0.845333	0.844895	0.869575	0.877292	0.795132	0.819838	0.848085	0.782121	0.819838	0.841329	0.852901	0.828613	0.826109	0.807656	0.825189	0.879587	0.819111	0.792064	0.887827	0.861374	0.804097	0.837873	0.807836	0.844838	0.841329
40000	slope	0.015081	0.0134702	0.0507079	0.0374295	0.0134864	0.0268391	0.0128789	0.0791981	0.0841167	0.0117582	0.0507079	-0.00294051	-0.00977603	0.0604038	0.0714556	0.0481001	0.0668314	-0.00728168	0.0124852	0.000530025	0.050178	0.0323956	0.0636603	0.0109078	0.0651668	0.0526904	0.0791981	-0.0150134	0.0224169	0.0229552	0.0759098	0.0209344	0.0153498	0.0721507	0.0124852	0.0902911	0.0229234	0.0322206	0.0172507	0.0687422	0.0962713	0.00677005	0.013891	0.052602	-0.0304258	0.0452209	0.0684226	0.0398444	0.056403	-0.0182526	0.0536411	0.0680565	0.0219837	0.0260749	0.00677005	0.0788755	0.0586827	0.0547437	0.0695569	0.0581093	0.0758147	0.0228987	0.0501972	0.0566547	0.0586827	0.0375903	0.0498173	0.0576693	-0.00977603	-0.0133046	0.0962713	0.0246061	0.053831	0.0785529	0.0423373	0.0447863	0.0128849	0.0468206	0.0951878	0.0566574	0.0962713	0.0262806	0.0580109	0.0548914	0.0521714	0.0721507	0.0117582	0.0703618	0.0545045	0.0393584	0.051128	0.0519697	0.0519697	0.0581934	0.0546087	0.0128789	0.0360765	0.0128789	0.0666014	0.0618381	0.0135314	0.0447795	0.072242	0.0815556	0.0353977	0.0135314	0.0229234	0.0388273	0.0791981	0.0723042	0.0508091	0.0479522	0.0635294	0.011678	0.0740917	0.0464767	0.0224169	0.0355865	0.0363899	0.0423365	0.0517201	0.0566547	0.0297724	0.00447657	0.038877	0.0431747	0.0463493	0.011678	0.060731	0.0606047	0.0546932	0.0132274	0.0468206	0.0759098	0.0374295	0.0373934	0.00248349	0.045015	0.0416544	0.0322206	0.0823246	0.0438761	0.0442452	0.0229234	0.0630789	0.0416544	0.0175705	0.033866	0.0580109	0.0396081	0.0117582	0.0169578	0.0743943	0.0353158	0.0651197	0.0444042	0.0374555	0.0601844	0.0468206	0.0507079	0.11151	0.0323956	0.0847569	0.0595178	0.0480725	0.0339356	0.072915	0.0474474	0.0209344	0.0689686	0.0468206	0.0688396	0.0792381	0.0494756	0.0161288	0.0581934	0.0178651	0.0469983	0.0468206	0.0468206	0.0128849	0.0474474	0.0447768	0.0707779	0.0506437	0.00714454	0.0272735	0.0750869	0.0560134	0.0197246	0.0582404	0.0507079	0.053831	0.0847569	0.0675827	0.0229552	0.0161288	0.0486636	0.067888	0.0610019	0.0659709	0.056403	0.056403	0.0832844	0.0468206	0.0161288	0.0595178	0.0759098	0.0658982	0.0740917	-0.00636934	0.085768	0.0229552	0.0229552	0.0447795	0.0741486	0.0477119	0.00248349	0.0672607	0.0250954	0.0102493	0.0595178	0.0134702	0.0246061	-0.0158934	0.0720863	0.0733274	0.0411989	-0.0158934	0.0190822	0.0229552	0.00248349	0.0438761	0.0373934	0.0525981	0.0567208	0.0547437	0.0506437	0.0330392	0.0595178	0.056403	0.0330392	0.0161288	0.0576693	0.0498173	0.0741486	0.0803574	0.0570777	0.0219837	0.0134702	0.0318186	0.0181276	0.054673	0.0388273	0.0825751	0.0134702	0.0388273	0.03911	0.0279908	0.0374295	0.0684226	0.0586827	0.133168	0.0581002	0.053831	0.0740847	0.011678	0.0543984	0.0567617	0.0349668	0.0132274	0.092632	0.0546087	0.0209717	0.0156929	-0.00556527	0.0519697	-0.0133046	0.0507079	0.0228987	0.0506764	0.0998445	0.0134085	0.0266689	0.092632	0.0962713	0.0951878	0.0228987	0.0951878	0.0422448	0.0756242	0.0439471	0.0811844	0.00669115	0.0221514	0.0266689	0.00248349	0.0371051	0.0229552	0.0375903	0.0343931	0.0309248	0.0208684	0.0378483	0.0791981	0.0132274	0.0221514	0.0598614	0.0708138	0.0617634	0.0135314	0.0266689	0.0447795	0.0566547	0.0197418	0.0548401	0.0580109	0.0557342	0.0117582	0.0581934	-0.0295903	0.100793	0.0420138	-0.00636934	0.0645952	0.0998445	0.0654279	0.0931406	0.0124852	0.0210477	0.092632	0.0297724	0.11993	-0.0131564	0.0610019	0.0666014	0.0249398	0.0447768	0.036605	0.0507079	0.0474474	0.0262311	0.0310036	0.0250764	0.0181276	0.0229234	0.0645952	0.0463493	0.0684226	0.0536485	0.00669115	0.0911979	0.0447795	0.0414015	0.0161288	0.0297724	0.0687162	0.056403	0.0416544	0.0229234	-0.0269307	0.0117582	0.0168741	0.0488972	0.0581002	0.0209717	0.0649332	0.0444042	0.0463493	0.013891	0.0411929	0.0393729	0.0444042	0.0117582	0.0117582	0.0460401	0.0422967	-0.00269788	0.0416544	0.0229234	0.0091762	0.0546574	0.0204202	0.0714556	0.00440548	0.0519697	0.00188822	0.0635587	0.0468206	-0.0150134	0.072915	0.0498173	0.0586827	0.0228987	0.0373934	0.084275	0.00726584	0.0209344	0.0102493	0.0759098
40000	intercept	0.832329	0.826057	0.813823	0.835043	0.846364	0.835176	0.86862	0.812936	0.854345	0.878338	0.813823	0.882861	0.816889	0.819234	0.854345	0.86369	0.852061	0.867473	0.838724	0.889531	0.850193	0.880771	0.838669	0.882846	0.8417	0.829877	0.812936	0.809376	0.814129	0.846086	0.862671	0.843834	0.889486	0.839578	0.838724	0.80735	0.797761	0.832412	0.838043	0.80688	0.817717	0.831463	0.801821	0.831105	0.850621	0.836469	0.854355	0.819398	0.838135	0.824901	0.835359	0.833383	0.874883	0.828516	0.8249	0.820653	0.813319	0.853073	0.82722	0.801504	0.820727	0.831642	0.85273	0.828855	0.813823	0.826567	0.869263	0.811947	0.818426	0.858929	0.845578	0.891283	0.858495	0.828371	0.846979	0.800352	0.857077	0.836469	0.788847	0.825205	0.817717	0.809463	0.823459	0.847458	0.846895	0.807933	0.871387	0.826567	0.847817	0.889486	0.818694	0.80735	0.80735	0.858495	0.846293	0.86866	0.813322	0.86866	0.788577	0.835511	0.835612	0.839536	0.799699	0.832211	0.826567	0.835612	0.797761	0.857529	0.812936	0.816677	0.86369	0.833625	0.852569	0.854681	0.833383	0.80735	0.828323	0.821048	0.880965	0.846979	0.834691	0.822947	0.859634	0.850834	0.855109	0.826567	0.836469	0.854681	0.80735	0.814348	0.820731	0.821047	0.836469	0.862671	0.835043	0.859097	0.8474	0.81633	0.828883	0.835463	0.799699	0.858076	0.811947	0.797761	0.855096	0.828883	0.849921	0.842453	0.823459	0.85862	0.862159	0.831263	0.852969	0.84324	0.82722	0.857529	0.822338	0.826178	0.836469	0.813823	0.813032	0.875873	0.787223	0.86066	0.842008	0.852425	0.852969	0.826567	0.843834	0.817334	0.822617	0.852969	0.831932	0.833787	0.812199	0.858495	0.824354	0.861924	0.836469	0.836469	0.857077	0.826567	0.868847	0.83013	0.841928	0.82924	0.856017	0.833383	0.816677	0.84702	0.86066	0.820683	0.862824	0.789945	0.846698	0.835126	0.812199	0.795427	0.811095	0.852969	0.826577	0.838135	0.83535	0.860633	0.836469	0.812199	0.86066	0.852969	0.827887	0.833383	0.845544	0.833383	0.835126	0.846086	0.82405	0.78654	0.880965	0.8474	0.787223	0.828323	0.84427	0.86066	0.79624	0.889486	0.850834	0.816677	0.854355	0.836469	0.850834	0.85749	0.846086	0.8474	0.858076	0.857475	0.835713	0.86369	0.853073	0.838586	0.858076	0.86066	0.838135	0.833455	0.812199	0.811947	0.82496	0.822072	0.819508	0.822677	0.874883	0.819078	0.81383	0.828516	0.860993	0.857529	0.845882	0.826057	0.853484	0.857529	0.84928	0.835043	0.854355	0.813319	0.852969	0.820799	0.858495	0.802091	0.854681	0.855289	0.852883	0.838586	0.830374	0.858057	0.846293	0.847765	0.849065	0.869022	0.80735	0.858929	0.811161	0.836928	0.80735	0.813032	0.860193	0.845981	0.854345	0.817717	0.788847	0.836928	0.788847	0.826567	0.81641	0.84593	0.773854	0.84582	0.831263	0.827113	0.8474	0.847556	0.846086	0.826567	0.826567	0.858683	0.862487	0.858076	0.812936	0.849866	0.831263	0.814348	0.786148	0.86066	0.835612	0.827113	0.82405	0.844796	0.833684	0.828371	0.823459	0.841247	0.878338	0.858495	0.850834	0.872691	0.880965	0.845544	0.824332	0.808564	0.855289	0.805033	0.838724	0.825812	0.854345	0.859634	0.813032	0.818143	0.852969	0.802091	0.845945	0.868847	0.811192	0.821977	0.819758	0.834112	0.846976	0.828323	0.828516	0.797761	0.824332	0.836469	0.854355	0.846115	0.842004	0.7829	0.839536	0.835359	0.812199	0.859634	0.833383	0.838135	0.828883	0.803468	0.850621	0.871387	0.830106	0.844007	0.820799	0.847765	0.86369	0.874691	0.836469	0.821342	0.836469	0.862651	0.874691	0.868629	0.878338	0.856922	0.824913	0.798699	0.828883	0.803468	0.832105	0.826567	0.830106	0.854345	0.8474	0.80735	0.854672	0.856783	0.836469	0.809376	0.852969	0.862939	0.816805	0.836928	0.857475	0.845537	0.843834	0.843834	0.84427	0.845537
41000	slope	0.00407271	-0.00602962	-0.00784385	0.0630184	0.00185095	0.02139	0.00161952	0.0324277	0.0233695	0.0503048	-0.0113335	0.0272331	0.057184	0.0267998	0.014989	0.0327253	-0.00633932	0.0182634	0.0861628	0.0213304	0.0261423	0.0870636	0.00693598	0.00607622	0.0499716	0.0695828	-0.0485455	-0.0246829	0.145679	0.0724057	-0.0230935	0.0812607	-0.0104007	0.0977053	0.0533637	-0.0183092	-0.0110405	-0.0258174	0.0170568	0.0329105	0.0376601	0.0380386	0.0214075	0.0521951	0.0337486	-0.00234165	0.0695828	0.0772632	0.0623317	0.00212426	0.0179815	0.0213304	0.0058866	-0.0323867	-0.0133292	0.057184	0.0306905	0.0386739	0.0337486	-0.0485455	0.0220438	0.0427675	0.00101196	0.00729476	0.0181555	0.0122707	0.0552828	0.0675382	0.00824843	-0.0246829	0.0533673	0.0594845	-0.0123319	0.0259453	0.0287362	0.0257267	0.0913591	-0.00639714	0.0226977	0.0870636	0.106138	0.0686961	0.0320617	0.0324277	-0.000173685	0.0455012	0.0545732	-0.00161827	-0.0266907	0.0405958	-0.013036	0.0110187	0.0615348	-0.0110405	-0.0113335	0.102634	0.100699	0.0552387	0.0326007	0.00988759	0.00693598	0.0410095	0.0552387	-0.0464495	0.0348192	-0.00639714	0.0759929	0.0955825	0.0667433	0.0577874	-0.0266907	0.0979161	0.0227394	0.0337486	-0.0415163	0.0429373	0.0504175	0.0348192	0.0239034	-0.00918058	0.0625343	0.0992438	-0.00320146	0.0772632	-0.0485455	0.0785571	0.00239819	-0.00955924	0.00613131	0.0168407	0.0395593	0.0724351	0.0622027	-0.00639714	-0.00963264	0.111799	0.0272331	0.0154451	0.00212426	-0.00320146	0.00569827	0.0547519	0.0226977	0.0992438	0.019587	0.0870636	0.0695828	0.0337486	0.0408118	0.0189756	0.0394064	-0.0171691	0.0542603	0.0110187	0.114862	0.0622027	0.0380386	-0.0123319	0.0246965	-0.0119163	0.0272331	0.00212426	0.0272331	0.0375094	0.0577874	-0.0164554	-0.0183092	0.0598945	0.0881648	0.0137731	-0.0114461	0.011051	-0.00639714	-0.0108723	0.0630184	0.0714053	0.0409542	0.0552387	0.134062	0.104304	0.0513058	0.0499716	-0.0258174	-0.00770951	0.0679277	0.104185	-0.0223332	0.0167499	0.0179815	0.0512825	0.0110187	0.0380386	0.0188306	-0.0113335	0.0198432	-0.00479854	0.0245778	-0.00699941	0.0694825	0.0110187	0.00958181	0.0245778	0.0542603	0.078446	0.0839856	0.0429373	0.00461524	0.0168407	0.00921187	0.0439656	0.0623317	0.102634	-0.00784385	0.019587	-0.0183092	0.079313	0.0963608	0.0168407	0.0504345	0.0213304	0.0772632	0.00185095	0.0214075	0.0301559	-0.0113011	0.0166086	0.0320617	0.0963112	0.0581401	0.0812607	0.0907522	0.0388685	0.079313	0.0507319	0.00693598	0.0675382	0.0348192	-0.0302972	0.00869099	-0.0113011	0.0504345	0.0410095	0.0129202	0.0324277	0.0235837	-0.0113335	0.00156413	-0.014461	-0.0302972	0.0447035	0.0306905	0.0410095	0.0881648	0.0327253	-0.00639714	0.00746763	0.0562555	0.0785571	-0.0223332	0.0329105	0.0322099	0.0114341	0.0215723	0.0870636	0.0886239	0.0552387	0.106138	-0.0118797	0.0236129	0.00693598	0.0255281	0.0630184	-0.00109965	0.0272331	0.0542603	-0.00159574	0.0386739	-0.0485455	0.0366014	0.122394	0.0353365	0.0226977	0.0341074	0.00693598	0.0305991	0.00693598	0.0870636	0.0328515	0.0213304	0.0504345	0.0429373	0.0144351	0.0651267	-0.0464495	0.0226977	0.0562555	0.04577	-0.00639714	0.0190735	0.0509305	0.0623317	0.102634	-0.0235775	-0.0183001	-0.0183092	0.00212426	0.0198432	0.0267998	-0.0183092	-0.0123319	0.02139	-0.00159574	-0.0113011	0.014989	0.0018109	-0.0183092	0.00718522	0.03584	0.0694825	0.0337486	-0.0410099	0.079313	0.00309455	0.047133	0.0992438	0.0467332	0.106773	0.0552387	0.0266482	0.0226977	0.0328515	0.0366014	0.0858509	0.00828455	-0.0230935	0.0235837	-0.0164554	0.111799	-0.0258174	0.0685799	0.0992438	0.0455012	0.0686961	-0.0108723	0.0980041	0.0272331	0.0272331	0.00921187	0.0235837	0.0881648	-0.0171698	0.0660169	0.104304	0.0272331	0.0194007	-0.0119039	-0.0144765	-0.0123319	0.079313	0.0366014	0.0261423	0.0951578	0.00445674	-0.00639714	0.0881648	0.0168407	0.00693598	0.0677667	0.0226977	-0.0110405	0.02139	0.0239034	0.0694825	-0.0133292	0.0179815	0.0694825	-0.0123319	0.0968261	-0.0164554	0.0471764	-0.00901569	0.100699	0.0450785	0.0217495	-0.00866654	0.0455398	0.0594845	0.0153613	0.00797915	0.0166086	-0.0194205	0.0312731	0.0213304	0.0681055	0.0622027	0.0544935	0.104304	-0.0323867	0.04577	-0.0123319
41000	intercept	0.850904	0.860948	0.849795	0.824851	0.840285	0.841154	0.86943	0.841439	0.878079	0.875298	0.865277	0.856627	0.834763	0.838541	0.866759	0.820096	0.85818	0.840346	0.833953	0.85657	0.843135	0.79388	0.847283	0.829546	0.858677	0.814113	0.879522	0.845832	0.8068	0.83726	0.854981	0.814734	0.84164	0.837541	0.835037	0.844325	0.884717	0.854019	0.859262	0.871505	0.832723	0.872622	0.818074	0.825179	0.844409	0.827772	0.821301	0.826536	0.827441	0.836665	0.840413	0.857217	0.862307	0.844325	0.856708	0.834763	0.877464	0.868827	0.844409	0.879522	0.845185	0.861852	0.864888	0.802839	0.843044	0.854067	0.807288	0.824851	0.834379	0.845832	0.853091	0.858982	0.822166	0.843135	0.842242	0.857163	0.821658	0.87807	0.843318	0.792021	0.794829	0.832907	0.817026	0.841439	0.843215	0.847141	0.864704	0.863187	0.841394	0.839172	0.845012	0.820914	0.80853	0.883491	0.865277	0.825004	0.798739	0.840158	0.871482	0.837681	0.847283	0.853057	0.838604	0.882124	0.815201	0.857808	0.809475	0.806643	0.811801	0.807288	0.841394	0.851785	0.853497	0.844409	0.870746	0.785709	0.820357	0.815201	0.847394	0.834296	0.857256	0.827316	0.802839	0.826536	0.879522	0.838281	0.806854	0.854124	0.840521	0.840957	0.835019	0.817614	0.846966	0.87807	0.851175	0.788416	0.837556	0.847394	0.833491	0.802839	0.873855	0.819027	0.843318	0.827316	0.853388	0.792021	0.821301	0.844409	0.863582	0.85134	0.871482	0.847276	0.803767	0.820914	0.815944	0.846966	0.862722	0.812462	0.836167	0.835074	0.838586	0.834379	0.838586	0.826717	0.807288	0.829105	0.844325	0.807042	0.841997	0.849972	0.835807	0.854928	0.84164	0.852869	0.824851	0.824492	0.847354	0.838604	0.813001	0.80546	0.833872	0.858677	0.864908	0.87807	0.850661	0.802247	0.832681	0.85066	0.840413	0.811645	0.823609	0.853714	0.842496	0.865277	0.805511	0.856819	0.81857	0.863187	0.809475	0.823609	0.840074	0.81857	0.803767	0.82487	0.82487	0.785709	0.825369	0.840957	0.832306	0.844567	0.827441	0.825004	0.865907	0.853388	0.844325	0.822289	0.857728	0.840957	0.854433	0.85657	0.826536	0.840285	0.818074	0.848826	0.880044	0.866913	0.817026	0.832276	0.829718	0.800463	0.819375	0.852921	0.829677	0.834239	0.847283	0.824851	0.815201	0.879522	0.840285	0.880044	0.833491	0.851363	0.836517	0.856451	0.831071	0.849158	0.867877	0.864178	0.879522	0.835136	0.877464	0.853057	0.826134	0.851203	0.884308	0.857215	0.819027	0.838281	0.832681	0.871505	0.85726	0.838586	0.847394	0.792021	0.817614	0.840158	0.804832	0.824808	0.815201	0.847283	0.863582	0.824851	0.839871	0.838586	0.803767	0.864908	0.868827	0.879522	0.851995	0.810923	0.853057	0.832379	0.864615	0.847283	0.840024	0.847283	0.792021	0.849499	0.85657	0.854433	0.785709	0.838586	0.792021	0.882124	0.855146	0.819027	0.864704	0.862307	0.867877	0.858677	0.829934	0.820357	0.828223	0.891311	0.867581	0.836665	0.805511	0.830625	0.867581	0.812462	0.836644	0.864908	0.880044	0.866759	0.827912	0.849739	0.846681	0.853765	0.809475	0.856068	0.846625	0.820922	0.862307	0.853057	0.810923	0.831876	0.801899	0.840158	0.856551	0.843318	0.857039	0.851995	0.819375	0.863582	0.846625	0.831071	0.830885	0.788416	0.854019	0.82077	0.810923	0.844084	0.839804	0.852869	0.788416	0.832618	0.838586	0.832306	0.831071	0.833953	0.898615	0.8227	0.80546	0.832618	0.817026	0.854522	0.884717	0.812462	0.820922	0.851995	0.869096	0.833953	0.826445	0.862307	0.841997	0.840957	0.847283	0.817134	0.849215	0.883491	0.841154	0.845976	0.809475	0.856708	0.844567	0.809475	0.812462	0.808888	0.830885	0.843389	0.848671	0.798739	0.868671	0.817598	0.832681	0.788267	0.858982	0.838541	0.858002	0.866913	0.874058	0.885927	0.85657	0.8493	0.846966	0.824851	0.80546	0.844325	0.866485	0.812462
42000	slope	0.00877673	0.0389355	0.0295232	0.0209869	0.00333757	-0.0123855	-0.0280019	0.0175503	-0.00653895	0.0295232	-0.0250003	-0.0343661	0.0330604	-0.0219452	0.0139475	0.0174411	0.0829353	0.0123217	0.050205	0.00597259	0.0586085	-0.00327003	-0.0378319	0.0187874	0.0251887	0.0378283	-0.0537586	0.0249351	-0.0139461	-0.0170357	0.0179005	-0.010371	-0.0463765	-0.0371574	-0.0219452	0.0243064	0.00936862	0.0294044	-0.00640926	-0.00379798	-0.0424792	0.015478	-0.00693769	0.0204336	0.0295232	0.0646485	0.0386424	-0.0130865	0.0507466	-0.0164087	0.0638355	-0.00862113	0.017598	0.0443805	0.00597259	0.00597259	0.0484563	-0.0236379	0.10253	-0.0526187	0.0911097	0.0445144	0.0209869	-0.0443286	0.00682791	0.0212136	0.068247	0.00936862	-0.0219452	0.00813359	0.0175269	-0.0153453	0.0353314	-0.0463765	0.0755625	0.00126685	0.0816692	0.00945421	0.0133994	0.00300208	0.0250133	0.00725207	0.0039203	0.0816692	-0.0450924	0.0599269	0.015478	0.0117725	0.00179212	0.0185822	0.0207465	0.0276711	0.0269538	0.0342004	-0.020017	0.068247	0.0681282	-0.0273188	0.0457272	0.0155893	0.00818448	-0.0171678	-0.0275219	0.0452308	-0.0266854	0.0568545	0.0264458	-0.0170357	0.10253	0.0412301	0.00745345	0.068247	0.015442	0.0369794	0.0363306	0.0264458	-0.0266854	0.00583843	0.0413004	0.00126685	0.0250133	0.00519441	-0.0186192	0.0423256	0.0325731	0.0263479	0.00126685	-0.00653895	0.00745345	0.0249351	-0.0616604	0.0330604	0.105443	0.00337308	-0.0443286	-0.00862113	0.00288068	-0.000187458	0.0325126	0.0165222	0.0359843	0.0321142	0.0705879	0.0049171	0.00936862	0.0551594	0.0911097	0.0353314	-0.024237	0.0294044	0.0226391	0.0343868	0.0645072	0.0494455	-0.0186192	0.0381969	-0.0348531	0.0104341	0.0321142	0.0321902	0.00725207	0.00024699	-0.0216935	0.0327155	0.0302696	-0.0170357	0.068247	0.0134972	-0.0380897	0.00126685	-0.0367538	0.037648	-0.0109184	0.037648	0.00745345	0.070341	0.0321142	0.0681282	0.0813443	-0.0337414	0.00440545	0.0359843	0.0325731	0.017598	0.0243064	0.0269446	-0.010371	-0.0368174	0.0474452	0.0204008	0.0553859	0.050205	0.00633513	-0.00154214	0.0294044	0.0386424	0.0137255	-0.010371	-0.020076	0.00160705	0.00227888	0.0943353	0.0551594	-0.00653895	0.0758402	0.0175296	0.0274252	0.0295232	-0.0135965	-0.0137921	0.0546651	0.00644206	0.0208592	0.0386424	-0.0479781	0.00300208	0.0133994	0.00541799	-0.0280387	0.030583	0.0345417	0.014784	0.00813359	0.0856041	0.026132	0.00263998	0.0334264	0.0140337	0.0276711	0.0315105	0.00337308	0.026132	0.0359843	0.0383972	0.0211778	-0.00177352	0.0257323	0.0494046	-0.00368244	0.00813359	-0.017821	0.066216	-0.0155405	-0.0216935	0.0494707	0.0478234	-0.0479781	-0.020017	0.0185822	0.0204008	-0.0155266	0.0658694	0.0607258	0.050205	-0.0479781	0.0242608	-0.0556329	0.0198684	-0.0242735	0.0185822	0.0212136	0.068247	-0.021163	0.036417	0.068247	0.0947694	0.0494455	-0.00205737	-0.020076	0.0856041	0.0307512	0.0551594	-0.021163	0.0808153	0.0342004	0.00125252	0.0110376	0.00227888	0.0212743	0.0385159	-0.00862113	-0.0171024	-0.0371574	-0.0280387	0.0551594	-0.0216935	0.0681282	0.015478	-0.010371	0.017598	-0.0378319	0.00333757	-0.0237337	0.0321142	0.0295232	0.0290221	0.0196084	0.00227888	-0.0450924	0.0494455	0.0185822	-0.0280387	0.0359843	0.00585835	0.0829353	0.0685646	0.0389355	0.0334264	-0.00349644	0.0269538	0.0359843	0.0681282	0.0123196	0.00541799	-0.0155405	0.0385872	-0.025449	0.0330604	0.0334573	0.0258191	-0.00542304	-0.00630697	-0.0266854	-0.0425491	0.0443805	-0.0285424	0.0293806	0.0363829	0.0295232	0.0389355	-0.0234115	0.0772297	-0.00364522	-0.0135965	-0.0276285	-0.0143206	-0.0171024	0.0551594	0.0325126	0.00597259	-0.0155266	-0.0186192	0.0175269	0.0484563	0.0242608	0.0242608	0.068247	-0.0222544	-0.0083593	0.0269538	-0.0154877	0.0342004	0.0149867	-0.00368244	0.050205	0.00027713	0.0177579	0.0443805	0.00682791	0.0788997	0.0443805	0.032264	-0.0140319	0.00126685	-0.0378319	0.0419083	-0.00302186	0.0258191	0.00126685	-0.0443286	0.0122294	0.00877673	0.00126685	-0.0450924	0.0472901	0.0249351	-0.0348531	-0.00929951	0.0135775	-0.0114044	0.0245703	-0.0155266	0.0529676	0.00440545	-0.0479781	0.0261255	-0.0463765	0.0295232	-0.00862113	0.00179212	-0.0219452	0.0386558	0.0295232	0.0204008	0.0211778	0.0290221	0.0104664	0.0856041	0.0438597	0.0478857
42000	intercept	0.825699	0.842206	0.84666	0.849203	0.847136	0.858318	0.90129	0.846263	0.868045	0.845268	0.847603	0.826031	0.863358	0.878349	0.833858	0.838923	0.809566	0.848952	0.784754	0.836878	0.841843	0.879856	0.865688	0.859849	0.846768	0.843318	0.821192	0.861899	0.876344	0.86871	0.845386	0.828667	0.821192	0.834367	0.88455	0.843135	0.839363	0.827859	0.900183	0.861064	0.834367	0.848702	0.871952	0.847178	0.84666	0.807885	0.834532	0.82999	0.828926	0.838547	0.809956	0.854379	0.809837	0.856316	0.836878	0.836878	0.843318	0.863494	0.822036	0.870245	0.799213	0.784754	0.849203	0.846799	0.823528	0.866624	0.807006	0.839363	0.87287	0.867859	0.839552	0.836193	0.843135	0.821192	0.807006	0.848707	0.813857	0.83508	0.882692	0.86258	0.823401	0.875131	0.839476	0.813857	0.852479	0.814941	0.848702	0.860357	0.872308	0.794502	0.855259	0.869628	0.843891	0.861412	0.862267	0.807006	0.801652	0.854948	0.860521	0.85698	0.836878	0.871952	0.878349	0.864164	0.83256	0.840408	0.78061	0.894074	0.800061	0.866245	0.831702	0.807006	0.814828	0.829572	0.839694	0.78061	0.83256	0.849139	0.842685	0.852104	0.823401	0.866856	0.854379	0.835321	0.825699	0.819681	0.848707	0.868045	0.831702	0.861899	0.824936	0.852166	0.799213	0.860473	0.863017	0.854379	0.851748	0.849331	0.88025	0.838847	0.829886	0.840408	0.844915	0.871952	0.838923	0.855595	0.803481	0.843135	0.835818	0.827859	0.840408	0.87411	0.807006	0.840408	0.854379	0.844235	0.855336	0.844295	0.840408	0.82486	0.875131	0.870617	0.849981	0.840939	0.848172	0.893863	0.807006	0.838915	0.852479	0.848707	0.876344	0.853176	0.836922	0.853176	0.825272	0.802352	0.840408	0.801482	0.815479	0.863111	0.849203	0.838607	0.825699	0.806307	0.843135	0.831652	0.828667	0.852306	0.866959	0.862013	0.828874	0.778011	0.846346	0.851438	0.827859	0.834532	0.801554	0.828667	0.883923	0.863413	0.877673	0.828837	0.855595	0.868045	0.821169	0.861017	0.866624	0.845268	0.850124	0.88458	0.860521	0.863413	0.838847	0.834532	0.88205	0.891762	0.882692	0.879315	0.847603	0.859849	0.846918	0.838204	0.867859	0.807006	0.838587	0.871952	0.806307	0.845624	0.869628	0.870095	0.860473	0.8352	0.838607	0.84391	0.858108	0.842217	0.852723	0.849699	0.855997	0.867859	0.850245	0.853246	0.876977	0.872266	0.834923	0.841615	0.88205	0.855933	0.794502	0.862013	0.869402	0.787165	0.828816	0.784754	0.88205	0.84794	0.824533	0.840561	0.850905	0.806307	0.866624	0.809096	0.878112	0.824254	0.807006	0.799213	0.840408	0.850286	0.883923	0.819672	0.836878	0.869559	0.878112	0.810972	0.860564	0.852264	0.838847	0.877673	0.86135	0.873928	0.854379	0.857741	0.834367	0.847603	0.855595	0.849981	0.801482	0.861065	0.828667	0.809837	0.865688	0.847136	0.878349	0.840408	0.84666	0.789736	0.885199	0.877673	0.852479	0.840408	0.806307	0.853747	0.838607	0.868457	0.813857	0.807006	0.842206	0.806307	0.900183	0.830609	0.838607	0.801482	0.858217	0.879315	0.876977	0.862013	0.8389	0.852166	0.860657	0.857965	0.900183	0.871952	0.819682	0.854948	0.85172	0.834367	0.84666	0.833729	0.832532	0.842206	0.892803	0.803481	0.849981	0.850124	0.879751	0.865083	0.857741	0.855595	0.88025	0.836878	0.849331	0.854379	0.839552	0.843318	0.84794	0.869109	0.807006	0.863322	0.849801	0.849214	0.848707	0.850383	0.847128	0.855997	0.784754	0.847128	0.843682	0.85172	0.840974	0.805393	0.856316	0.845192	0.883923	0.848707	0.888977	0.829597	0.872279	0.869349	0.848707	0.845524	0.866709	0.825699	0.848707	0.870245	0.836134	0.860939	0.860267	0.854379	0.822021	0.85965	0.862358	0.849331	0.846441	0.849203	0.88205	0.861412	0.821192	0.845268	0.854379	0.872308	0.878349	0.852166	0.845268	0.862013	0.86135	0.789736	0.848707	0.807006	0.773428	0.828837
43000	slope	0.037021	-0.024283	0.0632531	-0.0228069	0.0655804	0.0113255	-0.0102246	-0.00298627	0.0787817	-0.0107407	0.0469211	-0.00643024	-0.0247631	0.0506311	-0.0154571	0.0183322	0.0649705	0.0309929	-0.0164892	-0.00600759	0.0468627	-0.00706771	0.0245265	0.00461594	-0.0304844	0.0579603	0.0237575	-0.0445738	-0.0168315	-0.0118442	0.0238924	-0.044462	0.0469211	0.00461594	0.0831559	0.0211969	0.0256762	-0.027744	-0.0449601	-0.0366945	0.0204753	0.0444782	0.0183973	-0.0403322	-0.0194257	-0.0221914	-0.0326155	0.0646802	0.0183322	0.010417	-0.0563347	-0.0118442	0.00915949	0.0366886	0.00822721	0.00457209	0.0327494	-0.020288	0.0315339	0.0550045	-0.0271473	0.0374208	-0.00618004	0.0230031	-0.0059845	-0.00600759	0.0607199	-0.0157569	0.0592761	-0.0670296	-0.0275077	0.0144907	-0.0204063	-0.0326155	-0.0253773	0.0268014	0.0280786	-0.0339667	0.0864136	-0.0521163	-0.0165463	-0.0210728	0.0268014	0.0816038	-0.0207317	0.010417	-0.0429411	-0.0271473	-0.0171559	0.0142687	-0.0222821	-0.00450424	-0.0343941	-0.0450813	-0.0203103	-0.0218957	-0.0343941	0.0138148	0.0743704	0.0558074	0.046481	0.0586503	0.0194803	0.0524697	0.0550606	0.0844443	0.00667285	0.046481	-0.036625	-0.0414384	-0.0463892	0.0405956	0.0844443	-0.0563347	0.0207745	0.000111353	0.00785803	-0.0517912	0.0176899	-0.0198307	0.040851	0.0176899	-0.0430757	-0.036625	-0.0117042	0.0563179	-0.0153156	-0.0108358	-0.0450813	-0.0542318	-0.014429	0.0278079	0.0556216	0.112031	-0.0190699	0.0271959	0.0183322	-0.00138888	0.037619	0.0970464	0.0899056	0.0586503	-0.0501236	0.00340225	0.0607199	0.0999384	-0.0317213	0.0184296	0.0550606	0.0297493	-0.00557214	0.0353439	0.0550606	0.0105639	0.00936703	0.0696207	-0.0362666	0.0853678	-0.0125923	-0.010371	-0.0164414	0.0844443	0.0163181	-0.00600759	-0.0468285	0.0744913	-0.00450424	-0.0343941	0.000770537	0.0653874	0.0502288	-0.0621751	0.0371414	0.0784028	0.0799764	0.063492	0.00721467	-0.00284015	0.0524697	0.0603884	0.0238924	0.0412187	0.0160807	0.0502917	0.0900623	0.0514802	0.000111353	-0.0326155	0.0151166	0.0390127	0.0237575	-0.0247713	-0.0271473	-0.00410001	-0.00600759	0.00763426	0.062823	0.0278079	0.0297493	-0.00826082	0.0582662	-0.0273892	0.0395011	-0.0107407	0.051773	0.0529696	0.0297493	-0.0171559	-0.015749	-0.0390492	-0.00841139	0.00403023	0.0514802	0.0183973	0.0297493	0.0541938	0.0211969	0.0297493	-0.0429411	0.0603884	-0.0182283	-0.0271473	0.0558074	0.0586503	-0.0670296	0.0607199	-0.0339667	0.0183973	0.0676576	0.0241245	0.00403023	-0.0164892	0.0120462	-0.0195458	0.0694929	0.0613481	0.0542284	-0.0443301	0.0550606	0.0566681	-0.0365983	0.0271959	-0.0271473	-0.0253773	-0.0318004	0.0515657	0.052437	-0.0258383	0.00915949	0.00936703	-0.00592421	-0.0103139	-0.0271473	0.0649465	-0.0258383	0.0467295	0.0649705	0.0844443	-0.0168315	0.0295435	0.0274223	0.0470473	0.0178465	0.00936703	-0.0445738	-0.0207317	-0.0501236	0.0321056	-0.0430757	0.0278607	0.0378613	-0.0258383	-0.0329876	0.046481	0.0799764	-0.010371	0.0246181	0.0271959	0.0238924	-0.0117042	0.0550606	-0.0569956	-0.0218957	-0.0207317	0.0864136	-0.0151226	-0.0501236	0.0542284	0.0744913	-0.0449334	0.0652326	-0.0253773	0.0135134	0.0498759	0.0184296	0.0620235	0.000111353	0.0432168	-0.0326155	0.000567228	-0.0430757	-0.0341135	-0.00865185	0.0144907	0.0556216	-0.00420579	-0.0605569	-0.0204063	-0.0445738	0.0163181	-0.0420488	0.0579603	0.0734441	0.0558074	-0.0414384	0.00403023	-0.00763481	-0.025294	-0.00600759	-0.0218957	-0.0203103	0.0735179	0.0211969	-0.0445738	-0.0605569	0.0455946	-0.0343941	-0.0115613	-0.0343941	-0.0286232	0.0319694	-0.036625	-0.0313382	0.027656	0.0315772	-0.0591742	-0.0213639	0.0550606	0.0416476	0.0369942	0.046307	0.042354	0.0693469	-0.0343941	-0.0468285	-0.0779802	0.0592761	0.0295435	0.0558074	-0.0368254	0.068415	0.0416476	0.0653874	0.0693469	0.0586503	0.0542284	0.051773	0.0542284	0.0552883	0.0302305	-0.030362	-0.00284015	0.0674308	-0.00557214	0.0377916	-0.0107407	0.010417	0.0120462	-0.017671	0.051773	0.0607199	0.0607199	0.0655804	-0.0445738	-0.0271665	0.0274223	0.00403023	0.0735222	-0.0445738	-0.0569956	0.0273804	0.0752424	-0.0164892	0.0211218	-0.0285866	-0.0427743	-0.0641181	-0.0206615	-0.0466706	-0.00650678	0.0542284	-0.0621751	0.0586503	0.00403023	-0.0271473	0.0171165	-0.0468285	0.0211218	0.0508038	0.0241245
43000	intercept	0.835399	0.853755	0.837281	0.892718	0.85768	0.842143	0.871253	0.841194	0.797	0.831939	0.850318	0.864912	0.831715	0.820559	0.867821	0.810136	0.818193	0.826483	0.833788	0.836024	0.840094	0.85283	0.847721	0.875163	0.854554	0.802505	0.863959	0.884382	0.84516	0.848082	0.838333	0.866909	0.850318	0.876152	0.817783	0.827009	0.859172	0.890815	0.843609	0.884223	0.811284	0.827478	0.855659	0.866766	0.848025	0.841996	0.839242	0.835012	0.810136	0.80358	0.876888	0.841996	0.812979	0.843376	0.810359	0.811292	0.844735	0.871493	0.824956	0.852092	0.912044	0.828964	0.84219	0.852518	0.862574	0.850718	0.82061	0.884934	0.822712	0.872991	0.851462	0.895744	0.852886	0.861308	0.850992	0.809741	0.83016	0.838623	0.813221	0.866909	0.877023	0.89707	0.809741	0.858894	0.805249	0.80358	0.870283	0.892718	0.852886	0.85103	0.829437	0.871433	0.871844	0.842438	0.84516	0.839242	0.871844	0.846251	0.812685	0.841847	0.797586	0.828278	0.866195	0.836377	0.849929	0.80751	0.820381	0.805839	0.861574	0.870514	0.891804	0.835211	0.819265	0.876888	0.805318	0.846496	0.824521	0.886132	0.875163	0.860253	0.879731	0.875163	0.876888	0.854415	0.803332	0.801104	0.841194	0.846893	0.842438	0.906583	0.866868	0.848062	0.787701	0.777585	0.893646	0.842593	0.810136	0.846251	0.815381	0.823127	0.852959	0.842818	0.872659	0.852909	0.82061	0.844728	0.89707	0.867425	0.849929	0.794417	0.84776	0.813766	0.849929	0.813002	0.867425	0.8076	0.86796	0.802971	0.83207	0.828078	0.829437	0.80751	0.811292	0.836024	0.831974	0.836857	0.847426	0.871844	0.850992	0.851815	0.852683	0.834531	0.867425	0.834063	0.823583	0.815924	0.855878	0.850173	0.812879	0.824051	0.845497	0.824701	0.842812	0.818193	0.801104	0.832971	0.843665	0.839242	0.833859	0.826946	0.863959	0.81315	0.901555	0.828213	0.842559	0.832418	0.833719	0.836905	0.79705	0.850342	0.846383	0.841996	0.831786	0.831939	0.826946	0.822712	0.794417	0.852886	0.852886	0.837301	0.828228	0.83441	0.83621	0.855659	0.795677	0.827478	0.827009	0.79705	0.87689	0.824051	0.831455	0.912044	0.838587	0.84265	0.870246	0.82061	0.838623	0.855659	0.842818	0.840721	0.83441	0.833788	0.829437	0.816874	0.785443	0.813221	0.805784	0.889977	0.849929	0.838587	0.877023	0.806104	0.912044	0.850992	0.850992	0.84317	0.824051	0.834557	0.809517	0.867425	0.841996	0.840777	0.912044	0.822712	0.834557	0.859269	0.818193	0.819265	0.84516	0.837567	0.79541	0.818193	0.855659	0.867425	0.892221	0.794614	0.886652	0.802771	0.876888	0.824956	0.812246	0.834557	0.907457	0.805839	0.823583	0.828078	0.838294	0.806104	0.845497	0.803332	0.849929	0.870283	0.839242	0.817098	0.813221	0.871078	0.878246	0.805784	0.838587	0.835163	0.837281	0.850992	0.80358	0.859918	0.867425	0.825155	0.843718	0.805784	0.838231	0.852482	0.876888	0.840443	0.820246	0.895744	0.777283	0.831187	0.866909	0.852886	0.892221	0.811292	0.89107	0.805501	0.801104	0.838587	0.87126	0.843277	0.867425	0.896942	0.842559	0.839242	0.84516	0.813221	0.817726	0.884382	0.864104	0.827478	0.871844	0.791941	0.871844	0.847426	0.895744	0.854415	0.85231	0.868659	0.835399	0.886859	0.829455	0.853939	0.83042	0.812246	0.824782	0.824782	0.838587	0.871844	0.831974	0.883658	0.822712	0.837567	0.83552	0.868959	0.842818	0.83042	0.851815	0.838587	0.842818	0.787485	0.826946	0.805784	0.825103	0.835399	0.862855	0.852886	0.831644	0.84776	0.821448	0.831939	0.80358	0.829437	0.853679	0.826946	0.831147	0.831147	0.85768	0.875865	0.841996	0.79541	0.848165	0.858894	0.892221	0.870283	0.835211	0.819984	0.833788	0.874973	0.896942	0.862936	0.856509	0.869206	0.892736	0.847474	0.787485	0.834531	0.84265	0.83441	0.892718	0.826946	0.831974	0.874973	0.873346	0.840721
44000	slope	0.0302562	0.0433807	0.114952	0.00435055	0.011836	0.0384147	0.011836	0.0194805	-0.0386077	0.0217038	0.0708015	0.0744268	0.0540594	0.0472039	-0.000564193	-0.0188162	0.0337627	-0.00935944	0.0463993	0.0144089	0.0320926	0.0820958	0.0686868	0.0686868	0.0291262	-0.0193856	0.053124	0.0808868	0.023132	-0.0550272	-0.0556296	0.0241807	0.0339288	0.0646893	0.0393815	0.00884342	0.0428524	0.0700279	-0.0104903	0.011836	0.00849133	0.0193149	0.0501212	0.0686868	0.0225036	-0.00580303	0.0194805	0.0250449	0.0340831	0.0852623	0.0418549	0.0340831	0.0480731	-0.0188162	0.0573774	0.0686868	0.0379922	0.0354646	0.0780785	0.0687668	0.0210333	0.0744176	0.0235768	0.0286966	0.0394143	0.0158339	0.00391012	0.0433807	0.000928368	0.084742	0.0393815	0.0686868	0.00100853	0.0481441	0.0320356	0.0148558	0.0433807	0.0615977	0.0558152	0.0540261	0.0100156	0.0590469	-0.0159328	0.0686868	0.0808868	-2.53865e-05	0.0269789	0.041384	-0.047367	0.102365	0.0780785	0.0466456	0.0508477	-0.00795587	0.0399106	0.0320926	-0.0518652	-0.0219924	0.0119914	0.0163187	-0.0518652	0.0587594	0.0686868	0.0556527	0.0190759	0.0193795	0.0475409	0.0556527	0.0375018	0.0541294	0.011836	0.0194307	0.00434717	0.0278554	0.0616818	0.0821197	0.0163596	0.0723434	0.0295051	0.0270546	0.0561666	0.0586503	-0.0442402	0.0725754	0.008663	0.0225697	0.0320297	0.0161691	0.0144089	0.0488823	-0.047367	0.0615977	0.011065	0.0526716	0.0644047	0.00252578	0.0441923	0.0483489	0.0194307	0.0332216	0.0468293	0.0452009	0.0430447	0.0463993	0.0183302	0.0686868	0.0820958	0.0475409	0.070339	-0.0318004	0.0472039	0.0148607	0.0383743	0.0274954	0.0686868	0.0226228	0.0295051	0.00482352	0.0128497	0.0375018	0.0340831	0.0733827	0.0146761	-0.0344021	0.0573774	0.033903	-0.015113	0.0433807	-0.0273903	0.0795966	0.0326103	0.0225697	-0.00934921	0.0161218	0.00278085	0.0895515	-0.0561951	0.027188	0.0278079	0.00391012	0.0481441	0.0461494	0.00780486	0.0725754	0.0225697	-0.0101681	0.0634738	0.0235768	0.0436463	0.0414916	-0.00557554	0.0336116	0.0373815	0.0686868	0.0460873	-0.0483985	0.0556527	0.0638018	0.0184377	0.0199618	-0.00904964	0.0620729	-0.0169524	0.080588	0.0302025	-0.0324566	-0.0318004	0.0541294	0.0144409	0.0270898	0.0590469	0.0375018	-0.00330198	0.0597725	-0.0188162	0.0795966	0.0686868	0.000928368	0.0647058	0.0173136	0.0780785	0.0821197	0.0618142	0.0346804	0.0586503	0.0433807	-0.00473226	0.0111345	0.0163187	0.0597725	0.0226228	-0.0101959	-0.0318004	-0.00473226	-0.0138362	0.0312518	0.0573774	0.0521685	0.000928368	0.0725754	0.0278079	0.0587594	0.0397396	0.0608195	0.0270546	0.0384147	0.0469088	0.0686973	0.0238843	0.0558152	0.0597725	0.0436463	0.0676893	0.0044128	0.011836	0.0465369	0.111713	-0.00647087	-0.0193856	0.0337543	0.00435055	0.0618142	0.0740314	0.0350744	0.0463993	0.0643369	0.0320926	0.0237038	0.0648286	0.0487302	0.0735685	0.053747	0.0044128	0.0226228	0.0163187	0.0898148	0.0130075	-0.0324566	0.0144409	0.0165728	0.0852623	0.0213178	0.104959	0.0270546	-0.0324566	0.0586503	0.0337543	0.0144089	0.0481441	-0.00473226	-0.0109753	0.00545183	0.0270898	0.0808868	0.0625672	0.10008	-0.047367	0.0615977	0.0821197	0.0643369	0.0879171	0.00252578	0.00135189	0.0235768	0.0169774	-0.0044158	0.0117505	0.0237038	0.0194805	0.0245513	0.0427854	-0.0318004	0.0305828	0.0597725	-0.023375	0.041384	0.0194805	0.0765818	0.0460873	0.0597725	0.023132	0.027484	-0.0171137	0.0145283	0.0796605	0.0808868	0.023623	0.0465369	0.0573774	0.0780785	0.0586503	0.0634738	-0.0518652	0.0238843	0.0486308	0.0384147	0.0717557	0.0270546	0.0237038	-0.0239076	0.0194307	0.000928368	-0.00462609	0.0289724	0.0632878	0.0295051	-0.00473226	-0.0273903	0.0618142	0.0292533	0.0394143	0.0186195	0.0228352	0.053124	0.0465369	0.0804974	0.0238843	0.0323919	0.0235768	0.0496905	0.0197984	0.0717695	0.0565585	0.0754659	0.0117505	0.0616818	0.0384147	0.0804974	0.0117505	0.0119558	0.0173136	0.0375018	-0.000603806	0.0702335	-0.00473226	0.0814951	0.0558152	0.0686973	0.0892095	0.0558152	0.0821197	0.0499204	0.00147229	0.0556527	0.0561977	0.0556527	0.0379922	0.0295051	0.0686868	0.00780486	-0.00462609	0.0494298	0.0204768	-0.0518652	0.0223087	0.0226228	-0.0301613	-0.047367	0.0642115	0.0808868
44000	intercept	0.874666	0.865018	0.78034	0.808609	0.8411	0.812692	0.8411	0.850902	0.898127	0.844831	0.846344	0.821577	0.803112	0.80845	0.850663	0.841387	0.855902	0.842459	0.835216	0.792558	0.8371	0.8434	0.838563	0.827191	0.813612	0.837546	0.851457	0.833244	0.838874	0.847365	0.877326	0.838874	0.854759	0.824385	0.821223	0.827995	0.829288	0.836485	0.822593	0.8411	0.815851	0.823628	0.821223	0.838563	0.856129	0.846445	0.81786	0.854578	0.810282	0.822675	0.829215	0.808432	0.83832	0.840845	0.812166	0.827191	0.825365	0.862329	0.812404	0.846344	0.850913	0.818891	0.8371	0.822598	0.843645	0.842886	0.856502	0.865018	0.895178	0.812404	0.821223	0.838563	0.859685	0.86722	0.846071	0.800127	0.877627	0.854949	0.792881	0.839958	0.830188	0.820572	0.849121	0.838563	0.831886	0.837635	0.812692	0.812265	0.847365	0.81975	0.812404	0.829875	0.8462	0.842459	0.828984	0.8371	0.896586	0.825839	0.844387	0.846685	0.896586	0.843834	0.837558	0.865641	0.832956	0.831679	0.835604	0.832631	0.810612	0.865641	0.8411	0.860543	0.855997	0.874026	0.8521	0.849524	0.847005	0.817549	0.82627	0.825582	0.842884	0.832994	0.856145	0.80024	0.843108	0.852396	0.85028	0.895421	0.792558	0.834406	0.847365	0.854949	0.792558	0.856376	0.838563	0.822593	0.84724	0.8462	0.865571	0.8371	0.8371	0.792881	0.813716	0.835656	0.821375	0.838563	0.82447	0.835604	0.803213	0.878633	0.798842	0.792338	0.833675	0.816479	0.838563	0.82089	0.82627	0.843108	0.849813	0.7677	0.808432	0.824981	0.84566	0.856317	0.812166	0.832366	0.825971	0.865018	0.856896	0.768292	0.84403	0.855423	0.859696	0.827871	0.838874	0.80843	0.861187	0.822752	0.854578	0.85676	0.85956	0.803064	0.832374	0.797272	0.841838	0.851656	0.835763	0.8371	0.861123	0.831407	0.854035	0.846269	0.812692	0.837558	0.839958	0.866184	0.865641	0.812166	0.878435	0.835326	0.857415	0.815985	0.851716	0.821626	0.860543	0.868318	0.884345	0.865641	0.817761	0.868612	0.820572	0.798971	0.86257	0.843448	0.8531	0.768292	0.854931	0.876565	0.851622	0.843144	0.812404	0.849524	0.804925	0.823839	0.832994	0.865018	0.83579	0.822572	0.846685	0.843448	0.823065	0.836794	0.878633	0.831679	0.87717	0.786711	0.812166	0.868739	0.895178	0.802608	0.856369	0.843834	0.81288	0.850212	0.8411	0.812692	0.852247	0.827211	0.865263	0.792881	0.843448	0.861123	0.854065	0.804014	0.8411	0.841934	0.799195	0.831679	0.836794	0.85903	0.808609	0.805133	0.831189	0.878459	0.846682	0.80159	0.8371	0.823839	0.82173	0.8172	0.813212	0.792908	0.804014	0.843074	0.843943	0.834442	0.895421	0.86744	0.812692	0.860543	0.822675	0.836246	0.799195	0.824176	0.865549	0.832994	0.859656	0.792558	0.876594	0.82489	0.87717	0.844931	0.868612	0.833244	0.803213	0.838828	0.847365	0.854949	0.849524	0.80159	0.827211	0.837635	0.876565	0.817611	0.832949	0.856555	0.808609	0.823839	0.850902	0.854855	0.852654	0.878633	0.858577	0.833333	0.841387	0.805307	0.81786	0.786713	0.839958	0.843448	0.845868	0.831776	0.87717	0.832374	0.813212	0.833244	0.856369	0.841934	0.812166	0.812404	0.832994	0.835763	0.896586	0.865263	0.87012	0.812692	0.838828	0.821375	0.823839	0.840374	0.860543	0.895178	0.825839	0.798721	0.846344	0.841124	0.83579	0.856896	0.805133	0.847005	0.843645	0.813907	0.85193	0.851457	0.841934	0.822675	0.865263	0.833842	0.8371	0.84711	0.836933	0.833095	0.83413	0.858063	0.808609	0.8521	0.800633	0.822675	0.820856	0.842459	0.827277	0.7677	0.836099	0.802608	0.831679	0.858063	0.792881	0.827211	0.831886	0.792881	0.849524	0.888358	0.831679	0.871905	0.79571	0.865641	0.825365	0.82627	0.838563	0.837713	0.825839	0.855723	0.805369	0.89092	0.852073	0.850648	0.82721	0.847365	0.854949	0.833244
45000	slope	0.089555	0.0607624	0.00962314	0.0457017	0.0497994	0.0866911	0.0877731	0.0658066	0.048605	0.0506676	0.0472732	0.0552458	-0.00838709	0.0143148	0.0675825	-0.00269465	0.00830586	0.0160165	0.141739	0.0259283	0.0271996	0.0112569	0.0139839	0.0259283	0.0235187	0.0586503	0.0546561	0.0147635	0.00762675	0.0471163	0.0283008	0.0281617	0.0291443	0.0153021	0.0651597	0.0384811	0.0942839	0.048605	0.0324376	0.082531	0.0330536	0.0112569	0.0508401	0.0389934	0.000819529	0.0333388	0.0854196	0.0462668	0.0544191	0.0294153	0.079368	0.0913779	0.0631585	0.00778817	0.0763372	0.0198957	0.0274663	0.0094784	0.0619736	-0.000532193	0.0520226	0.035972	0.021446	-0.00371434	0.0913779	0.0465593	0.0227664	0.00963102	0.0364139	0.0773576	-0.00359575	0.0404467	0.0340908	0.0312478	0.0586503	-0.0150682	0.0183401	0.0576591	0.0199905	0.00370333	0.0666052	0.0243228	0.0472732	-0.00359575	0.0956725	0.0316255	0.0364139	0.0311968	0.00778817	0.0413225	0.038438	0.00964654	0.0266636	0.0425628	0.0340908	0.00271558	0.057599	-0.010009	0.0861421	0.0189838	0.045243	0.021446	0.0153021	0.0903661	0.0422487	0.0877731	0.0389581	-0.00371434	0.0303907	0.038828	0.0209394	0.0160165	0.0198957	0.010362	0.0259283	0.0613163	0.0283008	0.0631585	0.0155839	0.0773576	0.0651597	0.0524739	-0.00153454	0.0260179	0.0345419	0.021446	0.0471163	0.0153852	0.0260179	0.0918864	0.0761854	0.00914761	0.0271996	0.0339481	0.0816306	0.0451495	0.0398085	0.0460913	0.000956215	0.00996484	0.0180445	0.0154622	0.045243	0.0340304	-0.00838709	0.0956725	0.045243	0.022794	0.0203719	0.0194102	0.0147635	0.045243	0.0151349	-0.00228661	0.00975207	0.0202741	0.0445666	0.000365335	-0.00334508	0.0447323	0.00974855	0.0209394	0.0194102	0.00320658	0.0710226	0.0094784	0.141739	0.0467843	0.0355841	0.0651597	0.0311018	0.0422487	0.0658643	0.0153852	0.086506	0.037846	0.0586503	0.0910769	0.0437596	0.021446	0.0291443	0.0636843	0.021446	0.0675709	0.0160165	0.0160165	-0.0241131	0.0597451	0.0283008	0.0386656	-0.0144154	0.066106	0.0551972	0.0192027	0.021446	0.0488179	0.061806	0.021446	0.0208614	0.0600002	-0.00371434	0.0480298	0.0607624	0.000819529	0.0576591	-0.00334508	0.0658904	0.0330536	0.0370506	0.0739199	-0.004944	0.0422175	0.00778817	-0.00838709	0.0127444	0.00996484	0.0259283	0.0370854	0.0153852	0.00387684	0.0710226	0.0544191	0.0291443	0.0724925	0.0259283	0.00387684	0.0736233	0.0203719	0.0153021	0.0180445	0.00953349	0.0412072	0.141739	0.0861421	0.00975207	-0.00334508	0.0413678	-0.00469485	0.0542812	0.0306158	0.000103915	-0.00838709	0.045243	0.036238	0.0155839	0.0198957	0.0221359	0.0688108	0.0544191	-0.00371434	0.0720482	0.0942839	0.000819529	0.0271996	0.0600002	0.0651597	0.0398085	0.00964654	-0.00153454	0.0658904	0.0198957	0.0357361	0.0838342	0.0556977	0.0370506	0.0598586	0.0274663	0.010362	0.0841771	0.045243	0.030434	0.0271996	0.089555	0.042006	0.0365933	0.0582488	0.0465638	0.0306377	0.0656816	0.021446	0.0449192	0.0306158	0.0488179	0.0552458	0.00974855	0.0786505	0.0761854	0.0213869	0.0423471	0.00387684	0.0259283	0.00387684	0.0360602	0.035972	0.0772245	0.0735194	0.00550824	0.0715322	0.035438	0.0277251	0.00996484	0.0157462	-0.00153454	0.0330536	0.0720249	0.0153021	0.0902425	0.0539133	0.0203719	-0.0151534	0.0472732	0.0203719	0.0259283	0.0357361	0.0666411	0.0816306	0.089555	-0.0134802	0.045243	0.0168383	0.0471163	0.00714332	0.0903661	0.0112569	-0.0183466	0.045243	0.00228266	0.0330536	0.0259283	0.0447323	0.00996484	0.141739	0.021446	0.0267842	0.00714332	0.0161276	0.0954097	0.00962314	0.048605	0.0861421	0.000819529	-0.0325706	0.0330536	0.00420351	-0.021405	0.045243	-0.00678273	0.00352237	0.082531	-0.0134802	0.0542812	0.0666052	0.0863691	0.0259283	0.0271996	0.0112569	0.0956725	-0.00949032	0.00938227	0.0340908	-0.00359575	0.0619136	0.0472732	-0.00484573	0.0312478	0.0465638	0.0619136	0.00974855	0.0259283	0.035972	-0.00838709	0.0274663	0.0231011	0.0471037	0.0160165	0.0340908	0.0142999	0.0158329	0.0153021	0.045243	0.060109	0.0119134	0.0153852	0.021446	-0.00153454	0.0155839	0.0160165	0.0649819	0.0724925	0.0816306	0.0804518	0.024498	0.0773576	0.0160165	0.0153021	0.0749649	0.0106558	-0.00371434	0.0357361	0.00643476
45000	intercept	0.803842	0.826062	0.852951	0.823662	0.843722	0.805655	0.833239	0.840658	0.819494	0.818688	0.817913	0.848359	0.842793	0.828676	0.771659	0.862763	0.853738	0.846416	0.757737	0.845327	0.844662	0.858443	0.822293	0.828736	0.826522	0.817917	0.85341	0.877059	0.821364	0.840331	0.868471	0.893178	0.837821	0.852317	0.800261	0.819494	0.840598	0.819494	0.837821	0.795931	0.849949	0.867833	0.854279	0.862165	0.83178	0.833483	0.802974	0.83649	0.831392	0.834248	0.835888	0.815004	0.843479	0.868831	0.811518	0.835625	0.86084	0.87673	0.828535	0.883466	0.836737	0.846592	0.846293	0.833762	0.815004	0.854218	0.838545	0.825855	0.862766	0.855139	0.856656	0.849949	0.850025	0.876724	0.817917	0.839346	0.8545	0.820486	0.845327	0.829861	0.827652	0.845477	0.817913	0.880924	0.797989	0.846293	0.862766	0.896056	0.865124	0.846386	0.811421	0.863789	0.819498	0.848828	0.850025	0.836402	0.818956	0.869088	0.816566	0.843177	0.86286	0.863789	0.831604	0.815866	0.877059	0.833239	0.824166	0.841136	0.850427	0.835625	0.833483	0.832866	0.835625	0.862526	0.851531	0.811867	0.853328	0.838193	0.807872	0.855139	0.800261	0.861647	0.857259	0.837058	0.846694	0.846293	0.840331	0.815382	0.837058	0.840725	0.828631	0.834015	0.844662	0.833086	0.811518	0.828006	0.834107	0.849895	0.87673	0.879354	0.883466	0.868822	0.86286	0.845327	0.855667	0.797989	0.86286	0.862512	0.81358	0.861489	0.877059	0.844456	0.869088	0.789907	0.829499	0.865475	0.840331	0.859757	0.846939	0.871668	0.855534	0.833483	0.872605	0.834015	0.84448	0.87601	0.757737	0.854395	0.81708	0.800261	0.810951	0.877059	0.850611	0.816507	0.840725	0.849949	0.813752	0.811518	0.832236	0.846293	0.837821	0.810597	0.829802	0.840331	0.830363	0.842551	0.832734	0.834107	0.853328	0.819093	0.841096	0.85897	0.844896	0.820414	0.865062	0.831052	0.837977	0.860914	0.84433	0.834107	0.833762	0.843479	0.823601	0.83178	0.834901	0.855667	0.818663	0.849949	0.826135	0.783603	0.86138	0.862312	0.865124	0.855667	0.842551	0.879354	0.845327	0.819391	0.820414	0.836328	0.84772	0.831392	0.837821	0.809944	0.85938	0.830535	0.819133	0.813497	0.852756	0.883466	0.838388	0.829657	0.757737	0.823601	0.829499	0.855667	0.823036	0.86809	0.811421	0.843694	0.856437	0.855667	0.863696	0.830423	0.807872	0.835625	0.837156	0.84415	0.831392	0.836814	0.789706	0.836769	0.83178	0.844662	0.834107	0.800261	0.834107	0.863789	0.860171	0.818663	0.835625	0.83883	0.81359	0.800261	0.826135	0.832236	0.857899	0.867833	0.789706	0.856465	0.855509	0.844662	0.814101	0.844734	0.866001	0.828156	0.859302	0.852756	0.831392	0.862109	0.800232	0.843694	0.831052	0.847143	0.840763	0.829928	0.822685	0.862109	0.885335	0.836328	0.845327	0.836328	0.822365	0.846592	0.834107	0.789706	0.828856	0.827652	0.79697	0.88703	0.879354	0.86138	0.87673	0.826135	0.834107	0.852317	0.840598	0.831052	0.81358	0.852317	0.817913	0.81358	0.856313	0.836328	0.818786	0.811518	0.810437	0.855667	0.86286	0.854551	0.840331	0.853328	0.811518	0.867833	0.835625	0.853371	0.869088	0.849949	0.84055	0.865486	0.879354	0.757737	0.846293	0.846592	0.852341	0.820158	0.822685	0.852951	0.819494	0.823601	0.83178	0.87293	0.826135	0.851792	0.868984	0.86286	0.855667	0.87412	0.795931	0.855667	0.828156	0.827652	0.797495	0.84055	0.844662	0.867833	0.797989	0.89305	0.846694	0.86361	0.856656	0.819133	0.818688	0.868258	0.876724	0.859302	0.819133	0.855534	0.851531	0.847545	0.855667	0.857899	0.828676	0.861647	0.846416	0.850025	0.867833	0.851334	0.852403	0.863206	0.841353	0.868831	0.815382	0.846293	0.87673	0.807872	0.842551	0.841365	0.822585	0.814207	0.831392	0.844986	0.853589	0.842551	0.852317	0.81784	0.825748	0.833762	0.836328	0.790317
46000	slope	0.0520498	0.0655972	0.0147631	0.0323513	-0.00488413	0.0938453	0.0377518	0.0128213	0.0167874	0.0492915	0.0165813	0.0107318	0.069683	0.0516658	0.0258647	0.0596968	0.0244248	0.0891172	0.0114636	0.0354734	0.0250656	-0.0401628	0.103017	0.0617461	0.02116	0.0420508	0.0513059	0.0165441	0.0224346	0.013686	0.00835903	0.0542548	0.042097	0.0470146	0.0428071	-0.0338732	0.0470146	0.0163082	0.0261335	0.085938	0.0196429	0.0169451	0.052361	0.0133065	0.0154686	0.0570424	0.0466796	0.050483	0.0247384	0.0299345	0.0743533	-0.0223719	0.0222936	0.0550677	0.0345488	0.0823398	0.0591723	0.0935761	0.0480733	0.0492915	0.00989668	0.00835903	0.0345488	0.0514404	0.0162629	0.0255334	0.0110839	0.0255324	0.0457373	0.0874235	0.048605	0.0525564	0.000969219	0.0770419	0.00213956	0.0299345	0.0327882	0.0877927	-0.0284342	0.0099108	0.0250656	0.0176501	0.0195705	0.018188	0.0380393	-0.0123188	0.0389355	0.0163082	0.0163082	0.0617791	0.0362188	0.0515276	0.00786383	0.0169763	0.0323513	0.00785143	0.0293756	0.0242729	0.0682915	0.0513059	0.0706646	0.0721014	0.0935761	0.0700604	0.0832928	-0.0123188	0.10422	0.0446262	0.0323513	0.0345488	0.048852	0.00496802	0.0421584	0.013686	0.05541	0.0174612	0.05541	0.0470146	-0.00114211	0.0562926	0.0428293	0.0379673	0.00989668	0.0346736	0.00988949	0.0323513	0.0299345	0.00668479	0.042097	0.0591723	0.069667	0.0128213	0.0292119	0.0420848	0.0161322	0.0324789	0.0355485	-0.0420163	-0.00218407	0.0617461	0.0174612	0.000982173	0.0156793	0.0114038	0.085938	0.0713584	0.00415072	0.0110839	0.0161322	-0.0048284	0.0109781	0.0391042	0.0377518	0.0271986	0.00174735	0.0327882	0.0114038	0.0202666	0.0609142	0.0529694	-0.0236479	0.0700604	0.0310697	0.0721014	0.0823398	0.069667	0.022096	0.0749449	0.0293756	-0.0158318	0.0439	0.00606908	0.00989668	0.0293756	0.042097	0.0675737	0.0175733	0.0419526	0.00436188	-0.0237314	0.0345488	-0.00102872	0.0511425	0.0516658	0.0648868	0.00328578	-0.0130434	0.0099108	0.018188	0.0588786	0.0439	0.0555513	0.0550677	0.0607145	0.059019	0.000969219	0.0185755	0.0344403	0.0959347	0.0110839	0.0225738	-0.0123188	-0.0237314	-0.0194698	0.0706979	0.0756525	0.0364917	0.0576105	0.0133065	0.013686	0.0445196	0.0244248	0.0218226	0.0268385	0.0420848	0.0335684	0.0445196	0.0255334	0.0120966	0.0293756	0.0577635	0.0675737	0.00436188	0.0959347	0.0513059	0.0182622	0.0211373	0.0513059	0.0299345	0.0448433	0.0682482	0.0157866	0.0271043	0.0118378	0.0323513	-0.0355139	0.0110839	0.0174612	0.0634007	0.0470146	0.00668479	0.0114038	0.022341	0.000969219	0.0389355	0.0721014	0.056505	0.0340436	-0.0401628	0.0439	-0.0123188	0.0470146	0.0389355	-0.0164597	0.0148644	0.0513059	0.0896271	0.00639513	0.00606908	0.00174735	0.0770419	0.0419526	0.0201909	0.0444696	0.0233266	0.0344403	-0.0153293	0.0209161	0.0390124	0.0235459	0.0483423	0.0109781	0.00694787	0.0389355	0.0201909	0.0174612	-0.00058427	0.0490628	0.00694787	-0.0213583	0.00988949	0.0470146	0.000723097	0.05541	-0.0114898	0.0274416	0.0255334	0.0139849	0.048605	0.0756525	0.0434122	0.0444696	-0.00488413	0.0327882	0.0354734	0.0749449	0.0634007	0.0617461	0.0139849	0.064471	0.0694421	0.0293756	0.0634007	0.0500791	0.0269745	0.0513059	0.0293756	0.0110839	0.0749449	0.0165441	0.0293756	0.0587617	0.0196429	0.0470146	0.0293756	0.0513059	0.0161322	0.0821442	0.0513059	-0.00194458	0.0128213	-0.0401628	-0.0123188	0.0439	0.0347305	0.013686	0.0169451	0.0521807	0.0452823	0.0609913	0.0253318	0.0700604	0.0167874	-0.0221755	0.0201909	0.0534225	0.0570424	0.0292321	0.0103187	0.0265332	-0.00765465	-0.00488413	0.05541	0.042933	0.0535532	0.0293829	0.0749449	0.0518571	0.0545208	0.0114636	0.00694787	-0.0236479	-0.0242814	0.0716388	0.0323513	0.0811424	0.0233266	0.0514404	0.0749449	-0.0107703	0.0299345	0.0180604	0.0749449	0.069667	0.00835903	0.000982173	0.0794996	0.0174612	0.0443641	0.0768767	0.018188	0.0300763	0.0354734	0.0256048	0.0128213	0.0128213	0.0244248	0.0768767	0.0110839	0.05541	-0.033755	-0.00218407	0.0165441	0.0491089	0.0675737	0.00642709	0.0204903	0.0343533	0.0617461	0.0182622	-0.0153293	0.0419526	0.0182622	0.0271043	0.042097	0.0694412	0.0749449	0.00341837	0.0201909	0.0705898
46000	intercept	0.850337	0.834563	0.846368	0.862093	0.848366	0.825639	0.831812	0.860274	0.849486	0.816426	0.857811	0.871378	0.826983	0.850337	0.865401	0.840467	0.860579	0.825639	0.863048	0.856472	0.837883	0.833613	0.846511	0.796725	0.857029	0.879315	0.844427	0.873652	0.837552	0.847869	0.843742	0.821463	0.857223	0.841844	0.84361	0.867163	0.833371	0.872538	0.815285	0.822408	0.877933	0.86001	0.842638	0.80784	0.836414	0.850337	0.831168	0.822509	0.856472	0.844738	0.824084	0.85145	0.857854	0.842517	0.852307	0.813954	0.820199	0.825959	0.857637	0.816426	0.845867	0.843742	0.852307	0.855863	0.871687	0.87705	0.845232	0.808575	0.833371	0.828633	0.806571	0.827525	0.815278	0.825639	0.878611	0.844738	0.8235	0.820329	0.883738	0.871126	0.837607	0.847869	0.874575	0.854973	0.844765	0.844134	0.809896	0.872538	0.872538	0.830558	0.838758	0.852983	0.831821	0.86246	0.87195	0.864106	0.879315	0.872698	0.826965	0.848257	0.824008	0.828056	0.825959	0.850289	0.821463	0.844134	0.836228	0.844004	0.861507	0.852307	0.855121	0.841091	0.836159	0.862881	0.814835	0.860579	0.819502	0.842159	0.821596	0.849256	0.825803	0.868956	0.86635	0.864466	0.808575	0.872354	0.869724	0.837764	0.857223	0.820199	0.786297	0.888808	0.857223	0.806571	0.848014	0.832156	0.857854	0.87593	0.822582	0.801559	0.86804	0.850031	0.85102	0.849377	0.822408	0.837018	0.858534	0.849226	0.843742	0.84471	0.864219	0.859615	0.844392	0.86052	0.866266	0.844765	0.849377	0.87705	0.824653	0.853594	0.833366	0.838767	0.844182	0.839911	0.813954	0.786297	0.847071	0.833771	0.852257	0.865599	0.843128	0.879008	0.833796	0.879315	0.857223	0.827842	0.85088	0.817736	0.865008	0.856295	0.857223	0.842265	0.84391	0.850337	0.830558	0.873509	0.871126	0.871126	0.854973	0.818472	0.843128	0.849052	0.842517	0.845078	0.84504	0.824458	0.857854	0.865659	0.833006	0.849226	0.849251	0.828962	0.839311	0.833613	0.841505	0.842517	0.846086	0.791064	0.80784	0.862881	0.848844	0.860579	0.810281	0.843742	0.806571	0.859295	0.848844	0.87705	0.822582	0.868653	0.815368	0.827842	0.865008	0.833006	0.848257	0.864867	0.86824	0.844427	0.844738	0.841864	0.858214	0.833167	0.779678	0.873652	0.865383	0.832437	0.849226	0.860579	0.828346	0.839345	0.849191	0.858102	0.874192	0.824458	0.809896	0.813072	0.84355	0.848015	0.833613	0.843128	0.833366	0.833371	0.809896	0.857604	0.85499	0.848257	0.833573	0.833679	0.879008	0.866266	0.825639	0.831845	0.844334	0.791987	0.849623	0.865659	0.866029	0.846814	0.841864	0.84346	0.807973	0.864219	0.843742	0.809896	0.844334	0.860579	0.843848	0.838739	0.843742	0.866069	0.79656	0.833371	0.83559	0.814835	0.892133	0.865401	0.87705	0.86375	0.806571	0.842517	0.806805	0.80238	0.839281	0.844765	0.856472	0.835926	0.828346	0.801559	0.86375	0.880309	0.842517	0.887667	0.828346	0.850802	0.821842	0.848257	0.852257	0.849226	0.833771	0.873652	0.852257	0.814835	0.872821	0.833371	0.870003	0.864534	0.843742	0.802867	0.848257	0.867998	0.888808	0.833613	0.825826	0.843128	0.861794	0.839722	0.86001	0.80238	0.833371	0.813072	0.833679	0.838767	0.833679	0.87593	0.844334	0.844987	0.850337	0.863973	0.833662	0.838758	0.858031	0.848366	0.819502	0.84355	0.843352	0.874986	0.833771	0.806781	0.844987	0.863048	0.843742	0.833366	0.883011	0.8144	0.861507	0.825639	0.824288	0.855863	0.839489	0.813927	0.844738	0.866069	0.833771	0.765634	0.843742	0.850031	0.829523	0.860579	0.796501	0.853969	0.854973	0.854973	0.856472	0.847163	0.894387	0.865717	0.848354	0.853969	0.849226	0.819502	0.888657	0.822582	0.873652	0.843886	0.827842	0.85041	0.871126	0.8235	0.801559	0.864546	0.866029	0.831845	0.871056	0.809866	0.857223	0.833771	0.833771	0.843742	0.844334	0.858566
47000	slope	-0.00116838	0.049462	0.0190099	0.0238916	0.0614194	0.126412	0.0535522	0.0241851	0.0400326	0.0600546	-0.000295131	0.0478999	-0.00334208	0.0554094	-0.0294669	0.0602178	0.0570369	0.0783287	0.0745401	0.0368799	0.0459625	0.0247895	-0.00748611	0.033673	0.0783287	0.0627166	0.0764105	0.0967602	0.0821218	0.0517993	0.0246607	-0.00149799	0.037617	0.00764839	0.0895088	0.0764105	0.0275182	-0.0232465	-0.0137517	-0.022606	0.0492704	0.0906813	0.0134769	0.103582	0.00710946	0.0176442	0.0627051	0.0521665	0.00764839	0.029489	0.0602178	0.0726599	0.0349982	0.0479059	0.0238916	-0.00116838	0.0179782	0.0686874	0.0783287	0.0550439	0.0532004	0.0627051	0.0783287	0.018052	0.0515829	0.0373883	0.0365313	0.0148501	0.00376238	0.0671491	0.0504129	0.0554524	0.0368799	0.0658308	0.0213495	0.0366406	0.0660056	0.0623667	-0.0112603	0.0187703	0.0766228	0.104182	0.0291818	0.0291818	0.0921749	0.0570366	0.0246607	-0.023926	0.0217452	0.0178632	0.0148247	-0.00428611	0.0687293	0.0397712	0.0874903	0.0539405	0.0590076	0.117407	-0.0306497	0.00578243	0.0906813	0.0742625	0.0247895	0.055503	0.0131277	0.0371258	0.0726599	0.0955222	0.0627051	0.0953385	0.0424592	0.0707115	0.0856624	0.0356218	0.100882	0.00746404	0.0602178	0.0127968	0.0495608	0.00511834	0.06043	0.049462	0.0518059	0.0479617	0.024887	0.0913543	0.0495608	0.049462	0.0452199	0.0586367	0.0408965	0.0434776	0.0400795	0.10149	0.0356218	0.0247895	0.071119	0.0672868	0.049462	0.0927166	0.0520717	0.0323612	0.0301953	0.0728514	0.0086386	0.0319266	0.0349982	-0.019282	0.0103788	0.0490243	0.0148247	0.076417	0.0707115	0.0390079	-0.00758968	0.0873559	-0.00992074	0.0238916	-0.00887247	-0.00160311	0.0895088	0.0644487	0.0504129	0.0247895	0.0787863	-0.00625759	0.0131277	0.0611096	0.0354242	0.0526035	0.0504129	0.0238916	0.0764105	0.0274328	-0.023926	0.0720248	0.0913543	-0.00758968	0.0515829	0.0460634	0.0913543	0.11052	0.0570366	0.0438939	-0.0262124	0.0623718	0.0549653	0.0390079	0.0479744	0.0190248	0.0476033	0.0445209	0.0291818	0.00739018	0.0459783	0.0783287	0.0680144	0.100882	0.0281859	0.0576634	0.0549666	0.0160508	0.0502533	-0.019282	0.0104964	0.0287532	0.0672868	0.0557312	0.0417996	0.000145071	0.0104964	0.0783287	0.0719579	0.0466984	0.0639723	0.0281859	0.0408965	0.0139598	0.0148247	0.0862238	0.0681464	0.0103788	0.0576161	0.0473072	0.0640899	-0.00748611	0.0364054	0.0281859	-0.00428611	0.0319266	0.029303	0.0710103	0.0449915	-0.0132232	0.0470343	0.0192272	0.0247895	0.0913543	0.0456512	0.0247895	0.05727	0.0644487	-0.0137517	0.0531459	0.0400326	0.00739018	0.0160508	0.0349982	0.0445523	0.0575799	-0.00116838	0.00710946	-0.0175071	0.0287532	0.00746404	0.0531459	0.0913543	0.0247895	0.0195174	0.100882	0.0580128	0.0622534	0.0319266	0.0356218	0.00764839	0.0499583	0.0408001	0.0962869	0.036623	-0.00149799	0.0274328	0.0255862	0.0295994	0.0710103	0.018052	0.0114163	0.0167724	0.0286483	0.0466984	0.00710946	0.0142059	-0.00116838	0.103451	0.0518051	0.0520717	0.0644487	0.0967602	0.00897852	0.0131277	0.0658308	0.0901881	0.0612996	0.058122	0.00897852	0.0148501	0.049427	0.0170696	0.0627166	0.049462	0.0138755	0.0063661	0.0764105	0.0499583	0.0390079	0.0378909	0.0625422	0.0913543	-0.0328043	0.040354	0.0591427	0.0821218	0.118425	-0.00428611	0.0142059	0.106282	0.040354	0.0255862	0.00249392	0.0445209	0.00710946	0.0413886	0.0658308	0.000306803	-0.0380594	0.0275954	0.0329135	0.0448281	-0.0175071	0.029303	0.11303	0.0207822	0.0349982	-0.0262124	0.0321312	0.0545392	0.0590076	0.0576161	0.0598255	0.000306803	0.0400326	0.0134769	0.00550558	0.024887	0.0501679	0.0611096	0.00019314	0.0176442	0.0518059	0.0783287	0.0913543	0.00638395	0.0247895	0.067093	0.033673	0.0791261	0.0104964	0.0368799	0.0575799	0.00309178	0.0515829	0.0783287	0.0687293	0.0519132	0.0459625	0.00739018	-0.0231033	0.100882	0.0138755	0.0170696	0.00985575	0.0504129	0.0274328	0.0167724	0.0520717	0.067093	0.0710103	0.0131277	0.0921749	0.0150361	0.0543575	0.0521665	0.0449915	0.0131277	-0.00124264	0.0521665	-0.0132232	0.0409357	0.0520717	0.0635976	0.0247895	0.00578243	0.0504129	0.0611096	0.0365405	0.0906813	0.0955519	0.0579575	0.055503	0.0579575	0.0583395
47000	intercept	0.837388	0.857259	0.82294	0.81827	0.8456	0.806985	0.833047	0.857685	0.88546	0.831981	0.82862	0.819448	0.8598	0.849082	0.88983	0.861231	0.847643	0.839804	0.792389	0.801532	0.845257	0.824037	0.825026	0.842396	0.84375	0.860014	0.855933	0.809722	0.868581	0.872635	0.83871	0.852394	0.856237	0.854983	0.813836	0.853275	0.830502	0.877348	0.881501	0.871679	0.84552	0.813093	0.848732	0.835109	0.826655	0.826655	0.848491	0.849082	0.847828	0.855309	0.861231	0.846324	0.837183	0.839739	0.81827	0.837388	0.866963	0.853423	0.839804	0.879544	0.792389	0.849481	0.839804	0.866731	0.860509	0.839652	0.842541	0.846825	0.826655	0.844543	0.840261	0.824169	0.82142	0.804161	0.838746	0.836733	0.829536	0.83193	0.837388	0.904676	0.818098	0.808297	0.860395	0.855006	0.838318	0.81492	0.83871	0.837388	0.850006	0.849932	0.847419	0.803519	0.820376	0.868564	0.830041	0.864261	0.845257	0.808297	0.883745	0.849759	0.813093	0.792578	0.824037	0.846491	0.835055	0.824998	0.845257	0.808297	0.848491	0.832362	0.837474	0.783112	0.832521	0.777971	0.815648	0.855799	0.865738	0.880121	0.853549	0.852587	0.8358	0.857259	0.862575	0.876368	0.869313	0.814699	0.853549	0.868014	0.837884	0.845318	0.802148	0.857864	0.830504	0.795888	0.777971	0.824037	0.833476	0.84551	0.844136	0.843074	0.826312	0.827136	0.821982	0.816162	0.846825	0.855074	0.840784	0.833761	0.86805	0.833647	0.839355	0.832521	0.783112	0.856599	0.849575	0.838309	0.851554	0.81827	0.836421	0.855799	0.813836	0.854481	0.829184	0.824037	0.839453	0.849575	0.835055	0.850253	0.85161	0.823761	0.85417	0.81827	0.862223	0.879121	0.850093	0.792578	0.806179	0.849575	0.874694	0.848871	0.810343	0.80995	0.81492	0.853041	0.882237	0.830241	0.82894	0.856599	0.86052	0.826743	0.825445	0.793225	0.860395	0.865356	0.89893	0.835164	0.865982	0.815648	0.81827	0.859885	0.850568	0.857685	0.874067	0.833761	0.827017	0.867665	0.84551	0.816243	0.815318	0.864018	0.826743	0.832267	0.792389	0.833447	0.846429	0.81827	0.802148	0.86805	0.847419	0.837721	0.833915	0.877957	0.823761	0.860395	0.813212	0.825026	0.838734	0.821653	0.803519	0.839855	0.844413	0.814859	0.844136	0.882237	0.838131	0.824037	0.822825	0.814699	0.834973	0.822825	0.831981	0.845724	0.881501	0.844217	0.90098	0.865356	0.857685	0.831863	0.827898	0.872337	0.837388	0.826655	0.894837	0.867107	0.855799	0.844217	0.814699	0.824037	0.837162	0.815648	0.829536	0.860395	0.851352	0.777971	0.854983	0.84558	0.861231	0.827148	0.831258	0.852394	0.86083	0.849549	0.865717	0.814859	0.866731	0.854646	0.842677	0.818285	0.833447	0.812412	0.859501	0.837388	0.814404	0.83941	0.826312	0.87612	0.808297	0.857685	0.835055	0.804161	0.868581	0.829536	0.823761	0.857685	0.862951	0.812977	0.832634	0.860014	0.84552	0.904676	0.826655	0.855933	0.84558	0.856599	0.805437	0.835435	0.806179	0.846263	0.853188	0.85294	0.868581	0.806985	0.806645	0.859501	0.855933	0.853188	0.849549	0.882237	0.793225	0.826655	0.822788	0.804161	0.821142	0.831108	0.84114	0.840696	0.805724	0.883276	0.844413	0.818234	0.829805	0.840784	0.882237	0.852983	0.813212	0.843774	0.823761	0.855568	0.821142	0.895571	0.848797	0.837368	0.86207	0.874694	0.850253	0.819053	0.829927	0.862575	0.839804	0.810343	0.871545	0.824037	0.829536	0.83941	0.85294	0.827017	0.806534	0.872337	0.832292	0.874553	0.833269	0.818098	0.830241	0.845257	0.865356	0.89092	0.811556	0.904676	0.832634	0.8781	0.829184	0.86207	0.842677	0.826312	0.829536	0.814859	0.834805	0.838318	0.840933	0.830241	0.872337	0.844136	0.840287	0.839921	0.849082	0.882237	0.839277	0.826312	0.787942	0.824037	0.849759	0.829184	0.850253	0.833616	0.813093	0.832362	0.842048	0.846491	0.842048	0.814823
48000	slope	0.0390705	0.0223667	0.0507688	-0.0248567	0.0445107	0.0459744	-0.00581409	-0.0726817	0.01975	0.0479463	0.124057	0.0823407	-0.041834	0.0232449	0.0514139	0.0419722	0.0102531	-0.0156339	0.0741756	0.0775679	0.0445485	0.0995946	0.0702441	0.0514139	0.000254456	0.0132062	-0.0112657	0.000254456	0.0433987	0.0614531	0.0610174	0.0467609	-0.0212682	0.0525045	0.0369645	0.0451515	0.0122631	0.113943	0.0141948	0.0534292	0.0415247	-0.0248567	0.0459744	0.0214073	0.0853426	0.022762	0.0385843	0.0153784	0.0479463	-0.041834	0.0379733	-0.0113574	0.0755086	0.0201172	0.0522987	0.0120551	0.0228951	0.0645864	0.0514139	-0.00211975	-0.00821753	0.022762	0.00272286	0.0333524	0.0317118	0.0450766	0.0504542	0.0145974	0.0494167	0.00630481	0.0369645	0.0503616	0.0131381	0.024131	0.00138169	0.0252755	0.0122631	0.0224299	0.0252586	0.0266945	-0.0156339	0.0623194	0.0418597	0.0210415	-0.0130903	0.00494503	0.0447834	-0.0750539	0.0614093	0.000591076	-0.00655286	0.0333524	0.0271863	0.0311003	0.00247256	0.117113	0.109769	0.0241781	-0.0248567	-0.0078693	0.0938195	0.0645864	-0.00953303	0.0420464	0.0753678	0.0614196	0.0396857	0.0285949	0.0307437	0.063491	0.046418	0.083836	0.0610174	0.0209878	0.0658285	0.0569507	0.0508659	0.0226747	0.0185356	0.0379733	0.00630481	0.022762	0.0102531	-0.0181168	0.0629221	0.0317118	0.0445485	0.0496177	0.0295861	0.0252755	-0.00765211	0.0482001	0.0569507	0.0324476	0.00272286	0.0507688	0.0402889	0.0286861	0.00182116	0.0474978	0.0289191	0.0958177	0.117113	0.0123504	0.0613896	0.0420464	0.000905696	-0.0113574	0.00184015	0.0188382	-0.0721898	0.0890261	0.0658285	0.0490276	-0.0113703	0.0141948	0.0496115	0.0323439	-0.0198101	0.0617978	0.0317118	-0.0198101	0.0149912	0.0317118	-0.0325405	0.0073016	-0.0212682	0.0753678	0.0496115	0.0969022	0.0158634	0.0130394	0.0271685	0.0271863	0.00200322	0.010435	0.0130394	0.0510269	0.00630481	0.0165392	-0.00644241	-0.012626	0.049724	0.0938195	0.0286861	0.0135472	0.0741756	0.0317118	0.0348434	0.0471457	0.0346747	0.0430037	-0.00765211	0.0323439	0.0397774	0.0271863	0.0447834	0.0237271	-0.0112657	0.0232449	0.000905696	0.0890261	0.0256202	-0.0112657	0.0526158	0.022592	0.0767241	0.0926532	0.0495731	0.0430037	0.0390705	0.0573528	0.0614093	0.0232449	0.0459744	0.0369645	0.022762	0.0447834	0.0240807	0.0317118	0.0418597	0.00272286	0.0688196	0.0409429	0.0613896	0.022762	0.0232449	0.0510269	-0.00581409	0.0213302	0.01975	0.049624	0.0281308	0.0433987	0.0130394	-0.00644241	0.0238984	0.0382368	0.0657787	-0.0308801	0.0510269	0.00679473	0.0420464	0.0330112	0.0192634	0.0130394	0.00494503	0.0201461	0.0861635	0.00679473	0.0286861	0.0246225	0.0977713	0.0589801	0.0281503	0.0522987	-0.00909612	-0.00765211	0.0629221	-0.0130903	0.00630481	0.0490276	0.0474931	0.0496115	0.0295861	0.051493	0.0366157	0.0145974	0.00272286	0.0158634	-0.00655286	0.022592	-0.0110836	0.0456465	0.0252755	0.000407014	0.0317118	0.0522987	0.0433987	0.0286861	0.0429341	0.0213302	0.0613896	0.0333524	0.0169389	0.0141948	0.0214073	0.0967366	-0.0198101	0.0123504	0.0938195	0.0309406	-0.0308801	0.0741756	0.0351031	0.0826063	-0.0010677	0.022762	0.0230824	0.0606846	0.0344986	-0.0130903	0.0871407	-0.012626	0.0236564	0.00905095	0.0369645	0.0230824	-0.0247116	0.0340285	0.0331607	0.0604083	0.051493	0.0201461	0.0938195	0.0273667	-0.00161713	0.0228951	-0.00845967	0.0196788	0.00679473	0.0122631	0.0419722	-0.0010677	0.0510269	0.0462736	0.117113	0.0153838	0.0271863	0.0847817	0.0815893	0.0321622	0.0061471	0.0309406	0.0871407	0.0369645	0.0516552	0.0226747	0.00630481	0.0522987	0.0664498	0.080007	-0.00845967	-0.00143201	0.0271685	0.022762	0.0201461	0.00241332	0.0466622	0.0158634	0.0313294	0.0268115	0.0317118	0.00630481	0.117113	-0.00764481	0.0967366	0.00679473	0.0396578	0.0124932	0.0201461	-0.012626	-0.00644241	0.0610174	0.022762	0.00697236	0.0158634	0.0614196	-0.00644241	0.0792444	-0.0212682	-0.00137824	0.117113	0.0281503	0.00200322	0.0213468	0.0593543	-0.0198101	0.0237547	0.0304855	0.0122631	0.0329834	-0.0198101	0.0658285	0.00293267	0.0141948	0.022762	0.0379733	0.105263	0.0678449	0.0429341	0.0510269	0.0149912	0.0295861	-0.00655286	0.0271685	0.0503616	0.0188382	0.0723991	0.0522987
48000	intercept	0.847293	0.822456	0.857104	0.824728	0.806581	0.8244	0.843304	0.857462	0.835303	0.817738	0.803499	0.821054	0.865615	0.840058	0.825501	0.832628	0.817698	0.854568	0.816488	0.818965	0.833307	0.847785	0.811672	0.825501	0.860591	0.860749	0.864903	0.864316	0.827489	0.8244	0.828625	0.838986	0.825699	0.843271	0.856045	0.844485	0.844313	0.843477	0.823792	0.862779	0.830229	0.817508	0.821455	0.870286	0.821054	0.824754	0.856817	0.814378	0.817738	0.865615	0.871123	0.842699	0.829488	0.829052	0.828625	0.839141	0.872757	0.82848	0.825501	0.869215	0.801513	0.827328	0.844999	0.847591	0.878677	0.827659	0.853968	0.828637	0.808438	0.873933	0.845374	0.833164	0.846985	0.856534	0.841267	0.858643	0.844313	0.878677	0.830304	0.830723	0.854568	0.83728	0.84549	0.854107	0.827858	0.842759	0.827002	0.867944	0.798561	0.844893	0.810572	0.847591	0.83839	0.82288	0.835794	0.795465	0.803499	0.844767	0.817508	0.848989	0.811107	0.82848	0.826345	0.866929	0.851457	0.820074	0.81904	0.813555	0.838772	0.829802	0.832289	0.818965	0.828625	0.826428	0.819121	0.848831	0.833307	0.844893	0.862284	0.871123	0.859408	0.824754	0.817698	0.854568	0.832628	0.872036	0.833307	0.814838	0.833494	0.858643	0.836119	0.877173	0.848831	0.822406	0.830621	0.857104	0.820913	0.860179	0.829434	0.85132	0.823792	0.821054	0.803499	0.873039	0.795316	0.862212	0.83727	0.847219	0.836096	0.832316	0.857462	0.79974	0.83163	0.818448	0.849603	0.823792	0.81388	0.835606	0.865142	0.831775	0.878677	0.873509	0.853273	0.862663	0.879693	0.83597	0.821359	0.837806	0.815338	0.841426	0.823726	0.84896	0.814976	0.83839	0.826302	0.868622	0.844893	0.821455	0.873933	0.801941	0.841558	0.800472	0.830808	0.811107	0.860179	0.802328	0.816488	0.878677	0.852907	0.869042	0.827359	0.840472	0.845733	0.835606	0.829052	0.867222	0.827002	0.823792	0.864903	0.840058	0.847859	0.79974	0.846985	0.864903	0.857104	0.823792	0.834324	0.829998	0.82407	0.840472	0.840058	0.830703	0.798561	0.840058	0.8244	0.852907	0.824754	0.83115	0.84549	0.890591	0.839067	0.834157	0.824448	0.819036	0.795316	0.835476	0.840058	0.821455	0.843304	0.833663	0.835303	0.814338	0.80381	0.831906	0.844893	0.85673	0.823792	0.831061	0.821534	0.845733	0.821455	0.831617	0.862212	0.833318	0.800354	0.848997	0.820658	0.867222	0.818965	0.831617	0.860179	0.83631	0.811107	0.852997	0.848277	0.828625	0.841945	0.845733	0.832628	0.841945	0.873933	0.818448	0.824862	0.815338	0.843545	0.820817	0.824754	0.828637	0.834157	0.817082	0.810572	0.813135	0.856134	0.877173	0.858643	0.856447	0.878677	0.828625	0.827489	0.860179	0.85711	0.833663	0.795316	0.847591	0.844238	0.823792	0.870286	0.847785	0.84658	0.873039	0.811107	0.850543	0.845733	0.816488	0.834759	0.821054	0.841945	0.824754	0.844742	0.83366	0.873649	0.841945	0.838596	0.810646	0.860179	0.84464	0.852907	0.844742	0.838047	0.828625	0.817263	0.869591	0.820817	0.867222	0.811107	0.861094	0.832316	0.867222	0.836077	0.810708	0.831617	0.844313	0.832628	0.841945	0.821455	0.815957	0.803499	0.834845	0.867222	0.840232	0.828625	0.818679	0.805878	0.850543	0.849023	0.852907	0.838022	0.844893	0.869694	0.828625	0.816488	0.832628	0.836077	0.829434	0.814976	0.824754	0.867222	0.838047	0.833745	0.847662	0.835682	0.80396	0.878677	0.858406	0.803499	0.867775	0.847785	0.831617	0.824754	0.810585	0.867222	0.800472	0.841558	0.828625	0.824754	0.829434	0.819759	0.825809	0.834379	0.847785	0.821359	0.801513	0.803499	0.848277	0.826302	0.83839	0.840348	0.84658	0.833992	0.827002	0.844313	0.840058	0.84658	0.83163	0.865615	0.821209	0.829052	0.866173	0.81342	0.852997	0.849331	0.821455	0.853273	0.843545	0.810708	0.823882	0.833164	0.832316	0.844583	0.828625
49000	slope	0.00510632	-0.0215372	0.0551059	0.0512237	-0.0175221	-0.0255905	-0.00126963	0.0388312	-0.0474283	-0.0564829	-0.0379305	0.0555936	0.0346706	-1.3439e-06	0.0179364	0.0284764	-0.00213118	0.00207561	-0.00581718	0.0260096	0.057827	0.0644662	-0.022298	0.0310843	0.0328679	-0.022298	-0.00126963	0.0468724	0.0823196	0.048189	0.0118549	0.00320818	0.0374933	0.0345822	0.0336329	0.0683522	0.0733107	0.0677049	-6.20633e-06	-0.0151806	0.0167441	0.0388627	0.0472804	0.0159517	0.0218838	-0.010584	0.0388312	0.0183043	0.00335816	0.0426386	0.0634764	0.0393841	-0.0564829	-0.0116925	0.0168436	0.00115883	0.0392912	0.0640447	0.0393841	0.0183043	-0.0279493	-0.0293918	0.0342766	0.0260794	0.0551674	0.0364591	0.0661056	0.0346942	0.0443639	0.0551053	0.002653	0.0310843	0.0183043	0.0512237	0.0355932	0.0342766	-0.00483486	0.0823196	0.0634764	0.0366769	0.0106989	0.0674733	0.002653	0.0261908	-0.00134415	0.0222476	0.00510632	0.0126012	0.0199693	0.00709716	0.0296466	0.0126513	0.0092632	0.0551059	0.0443639	0.0911308	-0.0175221	0.0106989	0.0588516	0.0143103	0.057021	0.06903	0.00797872	-0.00126963	-0.0474283	0.0364591	-0.0213059	0.0531645	0.0546013	-0.00731127	0.0390802	0.0533934	-0.00296196	0.00839263	0.00320818	-0.014299	0.002653	-0.0474283	0.0342766	0.0364591	0.0524583	0.00604144	0.0364908	0.0661774	0.0393841	-0.00483486	-0.000158202	0.0118549	0.000744436	-0.0115523	0.0364591	0.0533934	0.0551674	0.0622722	0.0644633	0.000680662	0.0379764	-0.0115291	0.0693825	-0.00700594	0.0551674	0.0470976	0.0190042	0.0182087	0.0573033	0.0373374	0.0500599	0.0426386	0.00807727	-0.00415064	0.067129	0.0265484	0.0183043	0.048278	0.000889093	0.0565911	-0.0564829	-0.00329689	-0.0081483	0.0414987	0.0823196	0.0458448	0.010885	0.0360485	-0.0876401	0.0307046	0.0310843	-0.000345278	0.0432641	0.0426386	0.0310843	0.002653	0.0682397	0.0484053	0.0541164	0.0576942	0.0475701	0.0533934	0.0132811	-0.0116925	0.0168436	0.0367359	-0.0017144	0.0133556	-0.00581718	0.0360485	-0.0876401	0.0143103	-0.00327379	-0.00381551	0.00797872	0.0565911	0.0634764	0.00595744	0.0565911	0.049185	-0.0112328	-0.0175221	0.0149935	0.0351152	0.0783236	0.0551674	0.0622722	-0.00732652	0.0551674	0.0342766	0.0560531	0.0458514	0.00458903	0.0544738	0.045132	0.0567426	0.0368475	0.0190042	0.0609444	0.0296466	-0.00241373	0.0328679	0.0611902	-0.0474283	0.0573033	0.0484057	0.0426386	0.0182477	-0.00840392	0.0551674	-0.00483486	-0.023975	0.057827	0.0725491	0.0302546	0.057021	-0.0279493	-0.0112545	0.00115883	-0.0215372	0.0159517	-0.022298	0.002653	-0.0174075	0.00223618	0.0412992	0.0388312	0.00510632	0.00115883	0.0268294	0.0195804	0.0432641	0.079551	0.0306643	-0.00604598	0.0548239	0.00220803	0.00115883	0.0393841	0.00914002	-0.0231477	0.048189	0.0167441	0.0551674	-0.0175221	0.0400315	-0.00201156	0.00797872	0.000680662	0.0526573	0.0364591	0.027244	0.021257	0.00115883	0.00914002	-0.0235361	0.0548239	0.0183043	-0.0175221	0.0512237	0.0458448	0.00115883	-0.0149027	0.0500599	0.0500599	-0.00700594	0.0364591	0.0658017	0.0342766	0.0355506	-0.00567533	0.0524583	0.0818265	0.0637167	0.034277	0.002653	0.00448732	-0.000361705	0.0167441	0.0392912	0.0388312	0.0658017	0.0207195	0.00207561	0.0183043	0.0360485	-2.39147e-05	0.0818265	0.0818265	0.034277	0.0388374	-0.000345278	0.0355991	-0.00731127	0.0551059	-0.00731127	-0.0213059	0.0426386	0.0342766	0.0342766	-0.00581718	0.0576942	-0.00213118	0.0818265	0.0548239	0.0310843	0.0388312	-0.00731127	0.0370905	-0.0207728	-0.0896876	0.0693825	0.0634764	-0.022298	-0.0876401	-0.00329689	0.0167441	-0.00126963	-0.00415064	0.0432641	0.0807827	0.0364591	-0.023171	0.0443639	-0.0115291	0.0565911	0.0443639	0.0207195	0.0478053	0.0575237	0.0522221	0.0106989	0.0524583	0.0226376	-0.00840392	-0.000496688	0.057827	0.0435542	0.0455627	-0.0175221	0.0640447	0.0342766	0.00952493	0.0783236	0.000744436	-0.0134204	0.0143103	0.00510632	0.00510632	0.0275547	-0.0151806	0.0328679	0.0145505	0.0496974	-0.00327379	0.00283351	0.0432641	0.0412474	-0.00201156	0.00546747	0.0551674	0.0551053	-0.000557011	-0.014299	0.0634764	0.0455627	0.105235	0.0768589	-0.00752466	0.0443639	0.0326291	-0.00731127	0.076336	0.0244589	0.0555936	0.0494755	-0.0474283	0.0167441	0.0346706	0.0143103	0.0537432	0.0551674	0.00228478	0.0580673
49000	intercept	0.83983	0.843718	0.856957	0.855559	0.848121	0.86882	0.807603	0.868499	0.861479	0.885499	0.852505	0.819695	0.870615	0.816008	0.81199	0.849898	0.859163	0.809934	0.870089	0.84042	0.850742	0.814671	0.828113	0.800763	0.86999	0.834189	0.821818	0.82167	0.777997	0.807307	0.862197	0.846225	0.82971	0.849995	0.791563	0.789383	0.817344	0.825678	0.870089	0.891918	0.841593	0.866948	0.829339	0.847975	0.815254	0.829916	0.871756	0.823002	0.874927	0.819695	0.857915	0.810183	0.885499	0.814424	0.828873	0.859163	0.829991	0.821836	0.819354	0.80748	0.816347	0.891918	0.82971	0.804434	0.808906	0.857276	0.838622	0.819695	0.850392	0.82721	0.880928	0.800763	0.823002	0.855559	0.83459	0.82971	0.856421	0.777997	0.857915	0.879133	0.854135	0.821836	0.89288	0.847162	0.838488	0.841593	0.83983	0.872598	0.833664	0.832311	0.880928	0.826123	0.84356	0.856957	0.850392	0.833716	0.853455	0.865326	0.859467	0.863762	0.849829	0.857915	0.885803	0.807603	0.861479	0.854135	0.853455	0.832883	0.854135	0.864689	0.848096	0.864805	0.848002	0.825031	0.846225	0.853455	0.880928	0.861479	0.82971	0.857276	0.812365	0.82321	0.800406	0.842599	0.806091	0.843966	0.81199	0.854565	0.867719	0.866374	0.854135	0.861505	0.815688	0.859467	0.864417	0.895477	0.833664	0.859163	0.821836	0.865544	0.83369	0.832089	0.832659	0.866316	0.82648	0.857276	0.862759	0.817509	0.82945	0.84065	0.834253	0.836081	0.823002	0.800406	0.836455	0.850742	0.885499	0.835294	0.904019	0.868743	0.777997	0.86489	0.854793	0.833664	0.880506	0.86489	0.800763	0.834243	0.800406	0.817509	0.800763	0.880928	0.857111	0.829434	0.87413	0.821106	0.818393	0.865874	0.817976	0.812408	0.828873	0.816877	0.820823	0.827228	0.870089	0.833664	0.880506	0.851891	0.82321	0.858225	0.885803	0.853241	0.857915	0.824639	0.850742	0.828681	0.834271	0.848121	0.877117	0.84429	0.840241	0.83369	0.859467	0.85673	0.83369	0.82971	0.819695	0.821106	0.867762	0.823363	0.849003	0.82648	0.817818	0.828682	0.876646	0.880928	0.843488	0.865051	0.835628	0.861479	0.82648	0.827331	0.819695	0.816302	0.831315	0.815688	0.856421	0.807603	0.850742	0.808457	0.800406	0.849829	0.816347	0.854226	0.858525	0.843718	0.826493	0.827951	0.854226	0.812408	0.893047	0.819695	0.864585	0.842858	0.849876	0.821836	0.88062	0.800406	0.821836	0.814437	0.859163	0.804255	0.826262	0.858525	0.819354	0.795621	0.872352	0.807307	0.833605	0.83369	0.848121	0.864904	0.858225	0.885803	0.899822	0.823363	0.854135	0.848172	0.801261	0.859163	0.795621	0.843718	0.803014	0.818067	0.858431	0.855559	0.876646	0.858525	0.821714	0.852997	0.862759	0.865544	0.857276	0.827843	0.82971	0.873894	0.834271	0.83124	0.83944	0.849003	0.873894	0.887884	0.859163	0.88062	0.846099	0.829991	0.849559	0.794394	0.845552	0.809934	0.839824	0.833664	0.857139	0.83944	0.832615	0.873894	0.864904	0.834243	0.829735	0.864689	0.856957	0.874736	0.853455	0.819695	0.82971	0.82971	0.870089	0.833599	0.859163	0.83944	0.803014	0.796607	0.868499	0.864689	0.869716	0.870351	0.880506	0.821836	0.857915	0.834189	0.880506	0.829434	0.841593	0.821818	0.833174	0.800406	0.852016	0.857276	0.838758	0.850392	0.859163	0.853241	0.850392	0.845552	0.794191	0.825642	0.831666	0.854135	0.83124	0.811294	0.817813	0.89288	0.850742	0.850392	0.873143	0.853455	0.821836	0.822651	0.816463	0.838198	0.86932	0.852873	0.863762	0.83983	0.850063	0.827624	0.891918	0.865051	0.834337	0.820025	0.807323	0.891918	0.800406	0.819695	0.858225	0.846225	0.82005	0.82721	0.836455	0.853455	0.857915	0.873143	0.80099	0.821836	0.863762	0.850392	0.821836	0.867824	0.84107	0.817976	0.819695	0.852997	0.861479	0.847214	0.870615	0.863762	0.802115	0.815688	0.87677	0.859151
50000	slope	0.0144441	0.0128373	0.0276576	0.0255223	0.0562535	0.0686457	0.0179631	0.000884908	0.0162492	-0.0234001	0.0706112	0.0482242	-0.0234001	-0.00569069	-0.00295714	0.0529599	0.0437594	0.0470354	0.0774176	0.0196661	0.0329944	0.0342938	0.0410284	0.036021	0.0720501	-0.00211526	0.0410284	0.0272908	0.0524583	0.0126416	0.0479584	0.0562535	0.0434983	0.0659165	0.0529599	0.0437594	0.0379229	0.00525762	0.0180064	0.0410284	0.0470354	-0.010161	0.0509319	0.0632784	-0.00569069	0.0179631	0.00708876	0.0227854	0.0118787	0.0456065	0.0196661	0.00986979	-0.0135008	0.0134378	0.000550339	0.0535586	-0.000266549	-0.0381912	0.0640594	0.0912547	0.0562535	0.0720501	0.0105034	0.0603287	0.0117092	0.0150101	0.0720501	0.0152782	0.0316778	0.0658452	0.00593525	-0.014339	0.0529599	-0.0124717	0.0126416	0.0386391	0.0150101	0.0225889	0.0720501	0.0842904	0.0180064	0.0278279	0.0649659	0.0562535	-0.00569069	0.0180064	0.0833796	0.00976018	0.0322099	0.0822547	0.0720501	0.0188636	0.0300485	0.00965513	0.0237397	0.0395789	0.0104427	0.0186505	0.00692257	0.0295892	0.0280332	0.0123922	0.0196661	0.0183711	-0.00518862	0.00631555	0.0783764	-0.00760369	0.0278279	0.0144441	0.0180716	0.0258786	0.014106	-0.0381912	0.0576121	0.0369568	0.0941436	0.00822952	0.0842904	0.0263429	0.0379229	-0.00211526	0.0162492	0.0293498	0.07514	0.0719106	0.0422153	0.0179179	0.041028	0.0410284	0.027925	0.0188636	0.0686457	0.0234236	0.0152069	0.00745586	0.0374728	0.0395789	0.0242556	-0.0539897	0.036487	0.0319293	0.0126393	0.00881435	0.040635	0.0170314	0.0248151	0.0395789	-0.0704606	0.0536352	-0.035596	-0.00231114	0.0220579	0.0410284	0.0410284	-0.0139412	0.0466396	0.0180064	0.0338995	-0.0251924	0.041589	-0.00265042	0.0356465	-0.0124543	0.0585975	0.031955	0.0487138	0.0396835	0.0426746	0.0576121	-0.0092354	-0.0139412	0.0674773	-0.0234001	0.0144441	0.0779812	-0.024073	-0.0342051	0.0028615	-0.0251924	0.0338995	0.0487703	0.0144441	0.0558207	0.0112203	-0.044192	-0.0234001	0.0211755	-0.010124	0.0162492	0.0055904	-0.035596	0.0278279	0.0180064	-0.00208161	0.0436654	0.0410284	0.0242556	-0.00501876	-0.0232235	0.0443462	0.0263429	0.0287166	0.00181836	0.0140029	-0.00569069	0.0272908	-0.024073	0.0720501	0.0231006	0.0188393	0.0528044	-0.00569069	0.0410284	0.0213592	-0.024073	0.0556627	0.0437594	0.0374728	0.037241	0.0554461	0.0179631	0.0134378	0.00976018	0.0308207	-0.0368059	0.0649659	0.00441464	0.0223137	0.0842904	0.0632784	0.0649659	0.0179179	0.0774176	0.00976018	-0.0734328	-0.00580798	0.0300485	0.0822547	-0.0271333	0.0494149	0.0341941	0.036487	-0.0537122	0.0336056	0.000639289	0.058963	0.0128373	0.0635387	0.0334704	0.0576121	0.0334704	0.00441464	0.0307074	0.0783764	0.0188393	0.036487	0.0291128	0.0842904	-0.0155804	0.0144441	-0.0353524	0.0822547	0.0306906	-0.00211526	0.0720501	-0.0124717	-0.0139412	0.0322099	0.0144441	0.0140029	0.00935145	0.0493428	0.0134378	0.0658452	0.0166475	0.0105034	-0.00569069	0.00414972	-0.0922825	0.0179626	0.02002	-0.00580798	0.0128373	0.0158611	0.0833796	-0.00211526	-0.0232235	-0.0493646	0.0316778	-0.0124543	-0.00760369	0.0319298	-0.0271333	-0.000170148	-0.0196768	0.0345949	0.036581	0.0410284	0.08591	0.0437594	0.0260939	0.0562535	0.0450461	0.0720501	-0.0139412	0.003969	0.0200003	0.041589	-0.00569069	0.00252807	0.0224719	-0.029553	0.00428571	0.0150101	0.0366532	0.0278279	0.0179631	0.0188393	0.00168394	0.00373086	0.0437594	0.0540735	0.0817209	0.0162492	0.0384647	0.0839124	0.0345949	0.058963	0.0211755	0.0802929	0.0423221	0.0211755	-0.0139412	0.0335973	0.00366017	0.0152656	0.0220579	0.0437933	0.0336056	0.0306906	0.00248053	-0.00494465	0.0231006	-0.035596	0.0384647	0.00859441	0.0437494	0.0720501	-2.65876e-05	0.00735769	0.0659165	0.0466396	0.0450461	-0.035596	0.0529599	0.036487	0.0395116	0.07514	0.0140029	0.00498059	-0.00569069	-0.0704606	0.0686457	0.0162492	0.0189253	0.0735666	-0.000654577	-0.0139412	0.0555155	0.0952786	0.0410284	-0.00569069	0.0188636	0.0307907	0.0196661	-0.0420428	0.036021	0.0430465	0.0322099	0.041589	0.00859441	0.02002	-0.00569069	0.036487	0.0509319	0.0128373	-0.00295714	0.0437594	0.0126393	-0.0401056	0.00745586	0.0395789	0.0437883	0.0490115	-0.0251924	0.0720501	0.0395789	0.00318477	0.0150101
50000	intercept	0.840406	0.833209	0.840647	0.841407	0.857747	0.848881	0.859678	0.813046	0.883174	0.841135	0.818333	0.796711	0.841135	0.859779	0.883527	0.826107	0.812247	0.862183	0.824152	0.828793	0.797199	0.84194	0.870517	0.840569	0.837705	0.849251	0.845456	0.846964	0.846224	0.822907	0.849543	0.877318	0.826552	0.853217	0.826107	0.812247	0.840569	0.828793	0.864222	0.840569	0.8622	0.799329	0.884801	0.842807	0.859779	0.855966	0.810796	0.841504	0.891992	0.820266	0.834023	0.871654	0.848577	0.842342	0.80978	0.844336	0.818129	0.896412	0.852211	0.803317	0.848123	0.83397	0.86784	0.843621	0.860379	0.84408	0.823665	0.856901	0.87811	0.843005	0.863019	0.824293	0.826107	0.839887	0.822907	0.811405	0.84408	0.871295	0.823665	0.828136	0.860367	0.853407	0.829628	0.881745	0.859779	0.856672	0.808284	0.840716	0.837468	0.819336	0.831184	0.847129	0.85969	0.843205	0.797777	0.851592	0.839521	0.857183	0.811121	0.828844	0.840647	0.860956	0.840068	0.860379	0.815476	0.822383	0.778037	0.883174	0.862317	0.794973	0.853407	0.782106	0.887532	0.889819	0.814397	0.83662	0.804295	0.887558	0.828136	0.824983	0.840569	0.847722	0.883174	0.827431	0.793836	0.778037	0.862689	0.865277	0.862009	0.840569	0.853577	0.847129	0.848881	0.839803	0.84408	0.86784	0.877204	0.854029	0.845863	0.888499	0.8622	0.845397	0.846719	0.83655	0.861593	0.809817	0.83612	0.854029	0.876924	0.84077	0.896412	0.891934	0.850894	0.83751	0.840569	0.815074	0.861593	0.860367	0.850249	0.850078	0.820251	0.8483	0.876898	0.812247	0.823665	0.862317	0.842216	0.815216	0.811248	0.802317	0.889971	0.835882	0.814634	0.841135	0.818129	0.800416	0.829136	0.808579	0.871654	0.850078	0.847978	0.853577	0.818129	0.837611	0.857089	0.786875	0.836289	0.775167	0.859171	0.883174	0.849645	0.896412	0.868905	0.860367	0.882405	0.858164	0.840796	0.845863	0.879479	0.835882	0.840569	0.840569	0.894581	0.857699	0.849645	0.859779	0.846964	0.829136	0.837705	0.845961	0.856179	0.779305	0.859779	0.840569	0.859636	0.829136	0.828999	0.812247	0.879535	0.839513	0.828758	0.859678	0.816781	0.840716	0.857747	0.792222	0.804365	0.849371	0.844929	0.82161	0.842807	0.804365	0.861847	0.810108	0.840716	0.894057	0.876826	0.840569	0.830859	0.843473	0.831469	0.862143	0.8622	0.888499	0.844328	0.871674	0.821743	0.833209	0.843621	0.840569	0.814397	0.840569	0.849371	0.839814	0.78178	0.856179	0.8622	0.817992	0.828136	0.866532	0.803462	0.83614	0.841655	0.84015	0.847722	0.828504	0.839887	0.815074	0.837468	0.794973	0.849645	0.849645	0.858891	0.832731	0.843005	0.861847	0.86784	0.859779	0.860968	0.892337	0.842868	0.827879	0.884712	0.833209	0.780211	0.820664	0.842754	0.835882	0.868927	0.850045	0.812247	0.883174	0.838347	0.843473	0.857089	0.876826	0.839664	0.828999	0.840569	0.804295	0.812247	0.847129	0.857747	0.840569	0.83397	0.835882	0.840284	0.820717	0.826249	0.859779	0.860968	0.802487	0.886426	0.83923	0.84408	0.844336	0.853407	0.855966	0.856179	0.868389	0.856701	0.813813	0.845397	0.823665	0.883174	0.862689	0.781168	0.839664	0.821743	0.747108	0.854105	0.817837	0.775167	0.815074	0.811039	0.841407	0.851709	0.850894	0.826107	0.844328	0.84015	0.834276	0.809048	0.845961	0.896412	0.862689	0.800742	0.877881	0.836333	0.861697	0.88586	0.857747	0.861593	0.840569	0.903669	0.830849	0.832163	0.870144	0.793836	0.849645	0.808579	0.859779	0.876924	0.848881	0.883174	0.857089	0.831382	0.876898	0.815074	0.839931	0.799989	0.840569	0.859779	0.847129	0.801289	0.828793	0.843182	0.840569	0.87811	0.837468	0.826249	0.810293	0.827879	0.859779	0.873624	0.8622	0.837676	0.876898	0.812247	0.874454	0.859212	0.86784	0.851592	0.840501	0.837919	0.828061	0.823665	0.851592	0.828945	0.84408
51000	slope	0.0149218	0.000513492	0.0608429	0.00523097	0.0188778	0.00548505	0.081841	0.0414169	-0.0180559	0.0839204	0.0689198	0.0666703	0.0271113	0.0188778	0.0560773	0.040152	0.0489107	0.0750202	-0.017826	0.0343955	0.0642097	0.0327478	0.00192756	0.0912981	0.0468521	-0.0104265	0.0295781	0.0313765	-0.0203426	0.0541475	0.0408409	0.0851028	-0.00266895	0.0428927	-0.00708574	0.0370011	0.00872235	0.0370011	-0.00883248	0.0317301	0.0246436	0.00199386	0.0446979	0.0541475	0.0666703	-0.0448557	0.096111	0.0254739	0.0131613	0.0764034	0.0884597	0.00546896	0.0338719	0.0194655	0.0327914	0.039219	0.0255545	0.0666703	-0.0381786	0.0488758	0.0293148	-0.000270638	0.0953557	-0.0246744	0.0642097	0.0256988	0.08078	0.0292067	0.0606898	0.0532938	0.107296	0.116362	-0.0290533	0.0990843	-0.0473027	0.0374464	0.0540804	0.0562799	0.00770448	-0.025638	0.0529305	0.0402683	-0.00178693	0.00847236	0.0216757	0.0353832	0.0416985	0.0278575	0.058703	0.0817215	0.0270607	0.0416985	0.102278	0.0348483	0.0887404	0.0613692	0.024498	-0.00233645	0.0336036	0.0188778	0.000746363	0.0600226	-0.0136933	0.0664012	0.0739313	0.0495638	0.0666703	0.0187067	-0.0246744	0.00770448	-0.0212998	-0.00241767	0.0293148	-0.00241767	-0.0448557	0.102278	0.00199386	0.0325138	0.0777729	0.0396512	0.0387676	0.0356028	0.0422021	0.0504662	0.0459608	-0.0123774	-0.0108995	0.0608429	0.0793337	0.00770448	-0.0381786	0.0853569	0.0238989	-0.000719564	-0.0096632	-0.0123774	0.0416985	0.0106514	-0.0290533	0.0370011	0.0760509	0.000513492	0.0358372	0.0363888	0.0646838	0.017535	0.0469463	0.0608429	0.0338719	0.0482177	0.0112746	0.0696186	0.0168064	-0.0155275	0.0489623	0.0317301	0.0201147	0.0054622	0.0404835	0.0381465	0.0764034	0.0226983	0.0219036	0.0317301	0.0489623	-0.00241767	0.0258735	0.0793337	0.0412818	0.0102619	0.107296	0.0163154	0.0293148	0.0571386	0.0664012	0.00504606	0.0246436	0.0541475	-0.0274005	-0.0155275	0.0370011	0.0649904	0.00954443	-0.00241767	0.116235	0.116362	0.0193152	0.00918347	0.0186421	0.000621435	-0.0210319	0.116362	-0.047646	-0.0123774	0.0583086	-0.0210319	0.0306185	0.0519549	0.0541475	0.0454913	0.0642097	0.116362	-0.00632181	0.0587943	-0.0123774	0.0925975	0.116362	0.0211604	0.0256988	0.0402683	0.0970855	0.0642097	0.0884597	0.0889913	0.0642097	0.00199386	0.0358372	0.0469872	-0.0331052	0.109363	-0.0010302	0.0258735	0.0131613	-0.0394375	0.0402683	0.0408409	0.0396512	-0.0155275	0.0264712	-0.0108995	0.017535	0.0336915	0.0529177	-0.0136933	0.0608201	-0.00884216	-0.0210319	-0.00946343	0.099989	-0.0139837	0.104044	0.0363888	0.091485	0.0254739	0.0764034	0.0211604	0.123768	0.0772119	0.0256988	0.00770448	0.0170297	-0.00884216	0.0543023	-0.000809103	0.0343955	0.141828	-0.0710326	0.0102619	0.0102619	0.0155509	0.0463717	0.0254739	-0.00990111	-0.00763829	0.0402683	0.0129551	0.0764034	0.0226983	0.00773865	-0.00103433	-0.0123774	0.0359557	0.081841	-0.043872	0.0353832	0.0543023	-0.0123774	0.0764034	-0.00862226	0.0188778	0.00872235	-0.0290533	0.0171879	0.0454913	0.0461822	0.0495638	-0.0108995	0.0264712	-0.0155275	0.0317301	0.0534937	0.0457123	0.0168064	0.0325138	0.00770448	0.0488758	0.0131613	0.0725452	-0.00289623	0.058703	0.0358372	-0.0381786	0.10634	-0.0130751	0.0766269	0.0412818	0.00815256	0.0806273	0.0102619	-0.00827774	-0.00241767	0.00770448	0.0667003	-0.00113454	0.0339864	0.0726607	0.024498	0.0404835	-0.0282168	-0.00990111	-0.0290533	-0.0104791	0.0258735	0.0112746	0.0170373	0.00548505	0.0153728	0.0608429	0.0293962	0.0984781	0.0272872	-0.017826	0.0990843	0.0168064	0.0628418	0.00523097	0.0254739	0.0639045	0.0750202	-0.0254082	0.116362	-0.00884216	0.0520617	0.0359608	0.0608429	-0.0108995	0.116362	0.000513492	0.0258735	0.0226983	0.0376755	0.0332597	0.0909497	0.0153728	0.063835	-0.0300183	0.0666703	0.0359608	0.0292989	0.0464857	0.0984781	-0.0517427	-0.0274005	0.0112746	0.0772119	0.00141279	0.0356028	-0.00827774	0.000626898	0.0221197	-0.0123774	0.0786853	0.0112746	0.0529305	0.0454913	-0.0010302	0.0928668	0.00192756	0.0959791	-0.0155275	0.0664012	-0.00241767	0.0348483	0.0385066	0.0855613	0.0318263	0.0953557	0.0292989	0.0425063	0.0750202	0.0608429	0.0129681	0.113617	0.0170645	0.0353832	-0.0394375	0.0532938	-0.025638	0.116362	0.00548505
51000	intercept	0.845612	0.843561	0.820064	0.857137	0.834607	0.885121	0.797876	0.793555	0.856413	0.806517	0.831114	0.816794	0.849285	0.826783	0.820064	0.853532	0.833339	0.806517	0.867628	0.833314	0.851144	0.827601	0.885276	0.797295	0.848084	0.851406	0.859148	0.849716	0.829425	0.861248	0.858393	0.804401	0.844588	0.847016	0.886342	0.829734	0.832292	0.829734	0.829913	0.847016	0.875277	0.864607	0.806719	0.861248	0.817463	0.851696	0.849869	0.853663	0.849285	0.824315	0.818455	0.810161	0.836753	0.817979	0.860104	0.806719	0.853674	0.830823	0.885277	0.845843	0.831799	0.848676	0.794118	0.852012	0.851144	0.875277	0.798074	0.868112	0.82606	0.830823	0.79773	0.827571	0.83492	0.786917	0.883241	0.848916	0.813546	0.831114	0.889301	0.857407	0.865021	0.811156	0.83588	0.845988	0.843135	0.816753	0.888491	0.827339	0.768881	0.801142	0.851876	0.888491	0.793308	0.827288	0.840261	0.830823	0.872518	0.86361	0.861248	0.83033	0.843522	0.820064	0.851406	0.831114	0.831114	0.863118	0.817046	0.815335	0.852012	0.889301	0.8016	0.842363	0.831799	0.849461	0.866533	0.793308	0.864607	0.826528	0.837895	0.853663	0.790174	0.846303	0.851	0.806719	0.836299	0.828572	0.895677	0.820064	0.822293	0.889301	0.885277	0.812924	0.840148	0.85485	0.859812	0.82151	0.888491	0.876132	0.83492	0.848323	0.824315	0.843561	0.821292	0.82228	0.809038	0.85896	0.850641	0.813428	0.836753	0.820064	0.832664	0.824644	0.843597	0.876009	0.790174	0.857264	0.86764	0.848082	0.826528	0.866806	0.824315	0.850726	0.836194	0.847016	0.790174	0.842363	0.865358	0.822293	0.814935	0.852453	0.791996	0.849285	0.831799	0.843966	0.831114	0.845592	0.875277	0.861248	0.852012	0.876009	0.829734	0.831114	0.837117	0.842363	0.778206	0.827571	0.869811	0.860886	0.818518	0.819048	0.87082	0.827571	0.910743	0.828572	0.806422	0.874116	0.854579	0.863421	0.861248	0.861248	0.851144	0.827571	0.85358	0.832488	0.828572	0.784801	0.827571	0.861278	0.875277	0.818592	0.786917	0.851144	0.82864	0.849869	0.851464	0.864607	0.821886	0.878663	0.8654	0.788737	0.848229	0.868112	0.849285	0.912809	0.811156	0.858393	0.853663	0.876009	0.847016	0.895677	0.874001	0.852304	0.8611	0.851406	0.847837	0.856413	0.885277	0.855911	0.818189	0.865397	0.782427	0.821886	0.836099	0.851386	0.824315	0.861278	0.817675	0.799039	0.875277	0.889301	0.864542	0.856413	0.802225	0.85358	0.833314	0.80662	0.878623	0.859807	0.859807	0.815621	0.793555	0.853663	0.887626	0.835167	0.819682	0.836428	0.824315	0.850726	0.867579	0.858856	0.850094	0.800263	0.805602	0.891664	0.816753	0.802225	0.82151	0.824315	0.840786	0.826783	0.832292	0.83492	0.818518	0.861248	0.802225	0.863118	0.895677	0.847016	0.881973	0.847016	0.772165	0.841445	0.843597	0.826528	0.889301	0.845843	0.849285	0.842801	0.851406	0.768881	0.821886	0.885277	0.788605	0.848542	0.811899	0.814935	0.881219	0.831114	0.859807	0.860388	0.842363	0.877125	0.790174	0.880324	0.813546	0.832488	0.865005	0.826528	0.881357	0.887626	0.83492	0.865813	0.852948	0.832664	0.85358	0.879831	0.854579	0.820064	0.874001	0.835996	0.843692	0.867628	0.786917	0.843597	0.859528	0.819353	0.854579	0.805602	0.806517	0.883241	0.827571	0.856413	0.828901	0.826528	0.820064	0.895677	0.827571	0.840249	0.865358	0.850726	0.833314	0.812159	0.785902	0.854579	0.83032	0.83492	0.830823	0.826528	0.868859	0.837906	0.835086	0.863571	0.852012	0.832664	0.799039	0.852453	0.838656	0.860388	0.863512	0.841682	0.850094	0.802577	0.832664	0.865021	0.861248	0.848229	0.788588	0.849313	0.805768	0.875622	0.831114	0.829103	0.827288	0.837906	0.799203	0.847016	0.794118	0.866467	0.884367	0.806517	0.820064	0.867579	0.801455	0.843256	0.816753	0.912809	0.830823	0.857407	0.827571	0.891664
52000	slope	-0.00320295	0.0143432	-0.0302549	-0.00490613	-0.00391036	0.0544408	-0.0163468	-0.00473482	0.00711293	0.0302438	-0.00362439	0.0433132	0.0104765	0.00924684	0.0544684	0.0933301	0.100173	0.0177511	0.00998827	0.0480909	0.094094	-0.0241832	0.0139782	-0.0758789	0.0385599	-0.0229485	-0.000984211	0.086829	0.0126342	-0.0130413	-0.00788033	-0.0221878	-0.0223674	0.0692767	0.0712442	0.00998827	-0.0350262	-0.022942	0.0121938	0.0455214	0.100405	0.0121938	0.00777043	-0.0064466	0.0534284	0.0711159	0.0121215	-0.00904656	0.0565364	-0.00391036	0.0011616	0.020722	-0.0192194	-0.00168783	0.00664641	0.0286237	0.0446419	0.0575132	0.0534323	-0.00500827	-0.0130413	0.0100809	0.0226058	0.0495028	0.0428373	-0.0229485	0.016889	0.00272708	0.0419949	0.0263426	0.0169659	0.0127047	-0.0652752	0.0235176	0.0494612	0.0245734	0.00061838	0.0303266	0.0120646	0.006921	0.101528	0.109633	0.0302438	-0.00362439	-0.00473482	0.0126044	0.0123783	0.0236146	0.0144511	0.00933262	0.055907	0.0568057	0.0604506	0.00148508	0.0824521	-0.0149587	0.0053873	0.0349464	0.100405	0.094094	0.0385599	0.018878	0.00503505	-0.00134809	-0.0152752	0.0519046	0.0707504	0.0310965	0.0139131	0.0491868	-0.00391036	-0.0267569	0.0466878	0.0671422	0.0595079	0.0380729	-0.000163242	0.020722	0.0121938	0.0128382	0.00932804	0.0302438	0.0534125	-0.000646718	-0.0409568	-0.00362439	0.0200476	-0.0164208	0.0246123	0.0390754	0.00998827	0.0635371	-0.0076304	-0.0191839	0.0486832	0.0139782	-0.0164208	-0.0454965	-0.00902539	-0.00391036	-0.010862	-0.0135425	-0.00276638	0.0807104	0.0824629	0.0491868	0.100405	0.0322814	-0.00598835	0.100405	0.0556975	0.0132579	0.00425929	0.0169659	0.0642065	0.0162213	0.0302089	0.00456217	0.0145541	0.0840319	-0.0216896	0.103366	-0.00170589	-0.0409568	-0.036753	0.013854	0.0302438	-0.00816269	-0.0196524	-0.0432763	0.100405	0.0922333	0.0534284	0.000569449	0.000209446	0.0100809	0.00664641	0.0758551	-0.0109018	-0.0758789	-0.00981597	0.0871796	0.0433132	0.0151914	-0.0164208	0.0455214	-0.0101998	0.0531967	0.0168171	0.0191013	0.0143432	0.0139131	-0.0587046	-0.00276638	0.0532175	0.00136803	0.00597882	0.109633	-0.036753	-0.00269103	0.0121215	0.00145951	-0.0361994	-0.00168783	-0.0191839	-0.0188806	-0.027669	0.0100809	0.103366	0.00061838	-0.0534472	0.0876972	-0.00749558	-0.021037	0.0455214	0.0840319	0.0120105	0.0924115	0.09898	0.0779378	0.100405	0.00400144	-0.00567052	0.001121	0.0359914	-0.0233087	-0.0202957	0.0642065	0.020722	-0.0302549	-0.00391036	-0.00902539	-0.00816269	-0.0164208	0.100405	-0.0409568	0.0337215	0.0550601	0.0263426	-0.00320295	0.0544408	0.0497489	-0.0152945	-0.0140325	0.0053873	0.0906427	0.0934949	-0.0174976	0.0378533	0.0902596	0.0336098	0.0254751	0.018878	-0.00391036	0.00488757	0.0566979	0.0187338	-0.00507338	-0.00138819	0.0142661	0.0918119	0.0385599	0.0232205	0.00503505	0.0508183	0.0245734	0.0139782	0.0100809	0.0380581	0.0604506	0.0191013	0.139944	-0.00391036	0.00312708	0.00061838	0.0923403	0.0100319	0.00571266	0.0472215	0.0531967	-0.00276638	0.0359914	0.0494612	0.0132579	-0.00362439	0.0423129	0.0254751	0.00777043	0.0199787	0.0156218	0.0934949	-1.46059e-05	0.0779378	-0.00170589	0.00502613	0.0556975	0.097559	0.0187338	-0.00391036	0.0525172	-1.46059e-05	0.0568057	-0.0270391	-0.00507338	-0.0226415	-0.00170589	0.0428373	0.0508183	0.0282457	0.00703003	0.0355421	-0.00473482	-0.00816269	0.0121938	0.0407974	-0.0202957	0.100405	0.020722	0.00837508	-0.000646718	0.0785305	-0.00391036	0.0494612	0.0139131	0.0419949	0.0242198	0.0469963	0.00456217	0.0369463	0.0554328	-0.00490613	-0.00983448	0.0127047	0.00998827	-0.036753	0.0385599	0.0115932	0.0254751	0.0248287	0.00213734	0.0537913	0.0263426	-0.0188806	-0.00909743	0.0177857	0.0235176	-0.00598835	-0.027669	-0.00269103	0.0115643	0.0421872	0.0983568	0.100405	-0.0587046	-0.00473482	0.00148508	0.139944	0.0310719	0.0385599	-0.00559478	0.0645323	-0.00391036	0.0210942	-0.00598835	-0.0140325	-0.00170589	-0.0152945	0.0156218	0.0263701	0.00483681	0.0644085	0.00213734	-0.0229485	-0.00362439	0.00664641	0.109633	0.0385599	0.00684947	0.097559	-0.00490613	0.0177511	0.021941	0.0561308	-0.0156945	-0.0239729	0.00998827	0.0421872	0.0337215	-0.00490613	0.0902596	-0.00362439	0.0143432	-0.0270391	0.0121938	0.0636167	-0.00821086	-0.000646718	-0.0203897	0.0121215	0.0143432
52000	intercept	0.839983	0.863369	0.860152	0.860622	0.849445	0.872467	0.864886	0.829709	0.881999	0.850496	0.857382	0.834444	0.849789	0.853379	0.867592	0.78526	0.82009	0.829726	0.869589	0.858227	0.81169	0.822361	0.872172	0.854865	0.858227	0.855488	0.86173	0.791241	0.835847	0.820519	0.878685	0.840165	0.843555	0.826135	0.835089	0.882778	0.857015	0.845621	0.881458	0.799117	0.805602	0.86051	0.873156	0.856542	0.864744	0.842152	0.865201	0.865998	0.834953	0.849445	0.885125	0.884774	0.833984	0.853006	0.855272	0.886586	0.818639	0.875305	0.867592	0.875795	0.820519	0.835847	0.845928	0.870045	0.834897	0.855488	0.825917	0.862594	0.849303	0.836039	0.852287	0.852011	0.856617	0.834953	0.827716	0.861749	0.86957	0.867068	0.849445	0.860622	0.796837	0.778475	0.874251	0.868325	0.86474	0.859006	0.886586	0.831828	0.821277	0.87722	0.802311	0.790512	0.820384	0.849133	0.778475	0.855622	0.856852	0.801807	0.805602	0.81169	0.858227	0.84852	0.875638	0.875067	0.827437	0.84003	0.823492	0.821531	0.846444	0.840919	0.849445	0.833407	0.834897	0.821705	0.802311	0.84321	0.896306	0.863204	0.881458	0.842106	0.817814	0.849666	0.875305	0.860622	0.882017	0.87897	0.826181	0.856358	0.865998	0.801807	0.869589	0.826135	0.851538	0.833689	0.847655	0.872172	0.846059	0.87623	0.855231	0.849445	0.871786	0.868229	0.864578	0.814889	0.804882	0.840919	0.805602	0.86504	0.831206	0.805602	0.828288	0.835847	0.873318	0.873209	0.827716	0.859737	0.854758	0.883574	0.852287	0.818582	0.837434	0.797323	0.842041	0.882017	0.877656	0.846444	0.860091	0.852267	0.870919	0.861282	0.805602	0.797392	0.864744	0.855899	0.885386	0.835847	0.855272	0.821154	0.841109	0.854865	0.889892	0.801326	0.834444	0.8634	0.846059	0.799117	0.811633	0.84003	0.836387	0.855711	0.863369	0.846444	0.858947	0.864578	0.831005	0.860779	0.859814	0.778475	0.877656	0.852267	0.865201	0.859854	0.855622	0.853006	0.833689	0.848793	0.853637	0.835847	0.786051	0.864886	0.855551	0.806779	0.831283	0.830591	0.800169	0.818582	0.835847	0.785188	0.823772	0.834953	0.807238	0.832598	0.864323	0.835847	0.794023	0.833407	0.855622	0.827716	0.863204	0.835663	0.849445	0.855231	0.852267	0.846059	0.805602	0.882017	0.826438	0.834444	0.854137	0.839983	0.872467	0.835343	0.831716	0.850418	0.851554	0.812939	0.811793	0.80932	0.801807	0.81169	0.83493	0.829726	0.850709	0.849445	0.869747	0.864744	0.807969	0.844799	0.869876	0.822164	0.79935	0.864277	0.840211	0.875638	0.830957	0.879611	0.865253	0.835847	0.858227	0.815699	0.855711	0.800978	0.847405	0.864886	0.864886	0.832063	0.871885	0.855266	0.818226	0.830765	0.864578	0.794023	0.827716	0.835847	0.868325	0.834897	0.829726	0.873156	0.83493	0.838376	0.811793	0.855266	0.834953	0.824678	0.868326	0.824902	0.816904	0.838376	0.849445	0.824902	0.855266	0.790512	0.865811	0.832455	0.836773	0.85172	0.843876	0.830957	0.834953	0.884977	0.828464	0.829709	0.852267	0.881458	0.84003	0.855622	0.789342	0.863204	0.851128	0.860622	0.814889	0.851153	0.835273	0.84932	0.849303	0.855711	0.824902	0.883574	0.839036	0.835263	0.845421	0.850736	0.852011	0.881999	0.867129	0.864277	0.838376	0.829726	0.824902	0.859854	0.817103	0.861351	0.848793	0.840856	0.838376	0.834953	0.834987	0.853637	0.852267	0.862604	0.842495	0.784247	0.805602	0.858947	0.846234	0.83937	0.800978	0.851335	0.853528	0.877166	0.867592	0.851153	0.822164	0.827437	0.850418	0.827242	0.831716	0.834931	0.851335	0.864013	0.804268	0.859854	0.855488	0.87897	0.855272	0.784247	0.858227	0.860622	0.803293	0.870479	0.853961	0.889405	0.827847	0.83071	0.833984	0.881999	0.842495	0.826438	0.860622	0.805878	0.87897	0.851697	0.865811	0.86051	0.867592	0.824825	0.860622	0.829199	0.860388	0.863369
53000	slope	0.0214235	0.0342956	0.055985	-0.0152094	-0.0105179	0.0376175	0.0539113	-0.00929817	0.00884825	-0.0372065	0.004186	-0.00613077	0.0213731	0.0149722	0.0734856	0.044547	-0.00493379	0.0459335	-0.0153648	0.00396183	0.0091907	0.0189355	0.0177413	-0.0466251	0.0800508	0.0431163	-0.0213749	-0.0601301	-0.00245169	0.00432734	-0.0324371	0.0548043	0.0557036	0.0124471	0.0320316	0.0114908	-0.0232584	-0.0257799	0.0414195	-0.0359261	0.0306602	-0.00404237	-0.0396464	0.0381476	0.0131035	0.0659902	0.0273418	0.00956901	0.00474868	-0.0220682	0.0708778	0.0800508	0.0427634	0.0039129	0.0505529	0.0266344	0.00884058	0.00137415	-0.0202854	0.0287283	0.00592201	0.0130086	0.0543141	-0.033527	-0.00800705	0.0287258	0.055368	-0.057591	0.111632	0.111632	-0.0479808	-0.020423	0.0244566	-0.00777519	-0.0227726	0.0688331	-0.0276955	0.0258334	0.061776	0.0130086	0.0070691	-0.0323838	-0.0839818	0.0421011	-0.0442575	-0.0083112	0.0881364	-0.0309749	-0.00493379	0.0264993	0.0233743	0.0266344	0.0164326	0.0214235	-0.0154322	0.0291352	-0.0137783	0.0070691	0.06026	0.00391055	-0.00781359	-0.0155822	0.0800508	-0.0315674	0.00396183	0.0219664	0.061776	0.0128918	-0.0398506	0.0189355	0.00835951	-0.0202854	-0.0442575	-0.0116012	0.00908373	-0.02936	0.0237354	0.0392833	0.0226823	0.0710673	0.0381848	-0.00876762	0.0867345	-0.0479808	0.0233365	-0.0230388	0.0643121	0.00581537	0.0241887	0.000896912	0.00114024	-0.0084512	0.0287283	0.00894476	-0.0309749	0.0381476	0.0289835	0.0289046	0.0210386	0.00975785	0.0263089	0.0545143	0.0279759	0.00884825	-0.0111512	-0.00660815	0.00956901	0.00956901	0.0278328	0.0800508	0.00956901	-0.024416	-0.003244	-0.0143796	-0.00504131	0.0337026	0.0128918	0.0218674	0.00227032	0.0601584	-0.0152094	0.00539302	0.00629101	0.0573342	-0.0208302	0.0124471	0.0305767	0.0115766	0.0366443	0.0459335	0.015065	0.0940328	-0.0746776	0.0392371	0.0230136	-0.00876762	0.0688331	0.0125188	-0.0083112	0.0264993	0.0262862	-0.0134957	-0.0192776	0.0332193	0.0601584	0.0124471	0.0688401	-0.0274561	-0.003244	0.11652	-0.0315674	0.0114908	-0.0232584	-0.00332059	0.0201795	0.064956	-0.00206594	0.0114908	0.00678538	0.0299187	-0.0313635	0.0592709	-0.0264907	-0.01787	0.0119588	0.0130086	-0.0355726	0.0406855	-0.0232584	0.0130086	0.0382557	0.047593	0.00292372	-0.00177141	0.0337026	0.0414195	0.0800508	0.0070691	-0.0306554	-0.0147512	0.00956901	0.0627916	-0.0274561	0.0425588	-0.033527	0.03319	-0.00146155	0.0376175	0.0480159	-0.0609771	0.0551387	0.0367862	0.0131035	0.0592709	-0.0276955	-0.0256635	0.0421011	0.061776	0.0119588	0.0406855	0.0404848	-0.0145489	0.0227788	0.00678538	-0.0392938	-0.0232584	0.0287283	0.0683501	0.0419329	0.0263542	-0.0245888	-0.021658	-0.0396464	-0.00558167	-0.0256635	0.0301843	0.00884825	0.0366443	-0.0363946	0.0759873	-0.00876762	0.00251206	-0.0202854	0.0264291	-0.00766243	0.0404848	-0.00766243	0.113516	0.0353869	0.00539302	0.0266344	0.00956901	0.0483767	-0.00177141	0.0546184	0.0340422	-0.0191777	0.0382557	0.0400634	-0.0230388	0.0578048	0.0478235	-0.0401929	-0.0128361	0.048708	-0.0213749	0.00385761	0.0266344	0.0244566	0.00137073	-0.003244	0.0070691	0.0308173	0.0459335	0.017853	0.0266344	-0.00174175	-0.0564633	0.00956901	0.0291352	0.017853	-0.0264907	0.0688331	0.0070691	-0.033527	0.0592709	-0.0396464	0.0225873	0.0811387	-0.0232584	0.0659902	0.0337026	-0.003244	0.0377054	0.0688401	0.0340422	-0.0289367	-0.0230388	0.0269671	0.0414195	0.0187774	0.111632	0.0688331	-0.0312627	0.0189355	0.0233365	0.0611398	0.0575837	0.0146761	-0.0396464	0.0421011	-0.00635866	-0.033819	-0.0239534	0.0425588	-0.0019114	-0.02936	0.0070691	-0.0247067	-0.0105179	0.0189355	0.0227788	0.0734856	0.0264291	0.0582037	-0.0601301	-0.0163687	0.0218674	0.0421011	0.0337026	0.0262138	-0.024416	0.0190895	-0.050784	-0.00805599	0.0610696	0.0350134	0.0575837	0.0823109	-0.0746776	-0.00174175	0.0376175	0.0218674	0.00956901	0.0688401	0.0104251	0.0575837	0.0301934	0.111632	0.0220058	0.0227788	-0.0601301	0.0382557	0.041711	0.0262138	0.0233365	0.0291352	0.0291352	0.00276603	0.056745	0.0406855	-0.0105443	-0.0121309	0.0172108	0.0421011	0.0264291	-0.0155822	0.0225873	-0.00177141	0.00678538	-0.0396464	0.0376175	-0.0337762	0.0128918	-0.00547139	0.0120457	-0.00558167	-0.0355726	0.00884825	0.0513667
53000	intercept	0.814091	0.798829	0.844793	0.870259	0.855948	0.832287	0.862257	0.840461	0.827654	0.864459	0.846693	0.902385	0.844972	0.828437	0.804755	0.845421	0.843029	0.776469	0.857635	0.879963	0.834862	0.839938	0.854662	0.852699	0.795321	0.84233	0.857032	0.861613	0.830441	0.85404	0.84731	0.834353	0.878903	0.812279	0.862992	0.828437	0.864459	0.839635	0.832966	0.866985	0.867235	0.881172	0.866276	0.842068	0.898091	0.856045	0.825522	0.834862	0.842606	0.874058	0.804755	0.805946	0.842898	0.815372	0.856045	0.839742	0.823832	0.845421	0.847739	0.845421	0.889208	0.838019	0.830473	0.803485	0.858331	0.837803	0.837279	0.854611	0.84499	0.84499	0.829265	0.860399	0.82919	0.882813	0.865258	0.768773	0.870035	0.851709	0.838838	0.839938	0.833519	0.853286	0.88951	0.818017	0.831119	0.881172	0.862875	0.854611	0.842369	0.825317	0.85062	0.838973	0.842369	0.841824	0.847365	0.832287	0.877276	0.833519	0.79367	0.839938	0.863404	0.870914	0.805946	0.835191	0.889208	0.876994	0.855095	0.845789	0.892582	0.839938	0.902385	0.847739	0.837956	0.851914	0.853603	0.83536	0.844322	0.838994	0.84268	0.810632	0.852022	0.846887	0.862875	0.829265	0.841009	0.861831	0.821796	0.842445	0.849943	0.863783	0.844374	0.839564	0.845421	0.828614	0.854611	0.845421	0.862521	0.872675	0.845705	0.902385	0.873886	0.800178	0.83981	0.827654	0.849236	0.840629	0.844753	0.844753	0.843812	0.823313	0.834862	0.864459	0.852103	0.855279	0.866851	0.872751	0.835865	0.841009	0.829754	0.839245	0.870259	0.828437	0.835722	0.839212	0.848626	0.828437	0.816051	0.828999	0.798829	0.776469	0.848076	0.77811	0.895321	0.798829	0.81836	0.846887	0.804755	0.830103	0.881172	0.825317	0.849097	0.855669	0.839945	0.839405	0.851095	0.812279	0.777421	0.869264	0.853684	0.84499	0.835191	0.828437	0.864459	0.871876	0.848379	0.804755	0.852286	0.828437	0.830103	0.872478	0.84315	0.856045	0.893519	0.854611	0.874517	0.839938	0.837956	0.836276	0.864459	0.839938	0.839938	0.816804	0.862349	0.85253	0.872751	0.832966	0.805946	0.833519	0.828688	0.829715	0.832446	0.839405	0.872064	0.798829	0.803485	0.84713	0.872751	0.832287	0.856942	0.904737	0.838838	0.884238	0.897343	0.856045	0.874361	0.826194	0.825878	0.823021	0.874517	0.836276	0.797922	0.850382	0.865344	0.830103	0.873314	0.864459	0.845421	0.804755	0.84723	0.78417	0.851494	0.866276	0.866276	0.850227	0.833352	0.836112	0.827654	0.787699	0.847272	0.869714	0.846887	0.824732	0.847739	0.845421	0.823832	0.803521	0.823832	0.849306	0.866591	0.828437	0.838973	0.834862	0.859072	0.85253	0.823614	0.847107	0.846543	0.839938	0.839938	0.852889	0.804755	0.838973	0.852497	0.844616	0.880156	0.845607	0.881172	0.838973	0.825522	0.859463	0.860205	0.833519	0.847433	0.776469	0.854033	0.838973	0.881172	0.88951	0.834665	0.832287	0.854033	0.893519	0.768773	0.833519	0.789415	0.874472	0.866276	0.84712	0.856045	0.864459	0.856045	0.872751	0.860205	0.838994	0.777421	0.83697	0.873183	0.840604	0.839072	0.832966	0.835655	0.84499	0.789688	0.871399	0.839938	0.850792	0.823021	0.786835	0.827722	0.866276	0.849246	0.86386	0.864459	0.807423	0.798829	0.887998	0.83536	0.826331	0.83536	0.849289	0.839938	0.865344	0.804755	0.845421	0.824295	0.866292	0.829715	0.841009	0.849246	0.872751	0.85178	0.864459	0.876119	0.882758	0.830982	0.790098	0.798829	0.786835	0.876413	0.87907	0.888484	0.832287	0.841009	0.832805	0.777421	0.831217	0.786835	0.842178	0.84499	0.798101	0.865344	0.866292	0.839938	0.866742	0.85178	0.839269	0.832287	0.832287	0.828614	0.834353	0.861903	0.844616	0.842445	0.868608	0.849144	0.845421	0.870914	0.84712	0.85253	0.82674	0.866276	0.832287	0.867366	0.845789	0.828427	0.877188	0.872751	0.837956	0.827654	0.835865
54000	slope	-0.0130042	-0.0568979	0.0872199	-0.0516523	-0.0450324	0.0222584	0.0464338	-0.00540542	-0.0107019	-0.0301122	0.0345392	0.0425899	-0.00525111	0.0313012	0.0393439	0.0718959	0.0424761	0.0517178	-0.0410035	0.0217773	0.0425899	0.0454945	-0.018823	-0.00825204	0.0788301	0.0788301	-0.0188249	-0.0516523	0.0853146	-0.0568979	0.0233338	0.0693264	-0.022432	0.0529972	0.0660908	0.0412007	0.037211	-0.0176396	-0.09114	0.0487212	-0.104549	-0.0569255	0.0382684	0.0270765	0.069934	-0.0684494	0.00687298	-0.0615338	0.0420648	0.0316226	-0.00352566	0.0413597	0.0606277	0.0368787	0.0218176	0.00334273	0.0382684	0.0543785	0.000111756	-0.00422502	0.0551917	0.0636801	0.0010267	0.0536538	-0.0497669	0.0316226	-0.0440704	-0.00422502	0.0908963	0.0693264	0.0021614	0.0454945	-0.0102803	0.0453859	0.0101921	-0.0294735	-0.0497553	0.0569649	0.0552802	0.0693264	-0.0284633	0.0489196	-0.0497553	0.0624043	0.00596494	-0.0865575	0.0213178	0.0464338	0.0210961	0.0379106	-0.0497669	-0.0141628	-0.0134751	0.059345	0.0517178	0.0320016	0.000695718	0.0158859	0.0753231	-0.00352566	0.0269486	0.0203702	0.0517178	0.0239212	0.0233338	0.0517178	0.0370843	-0.0414168	-0.0516523	0.0393439	0.00596494	0.0517178	-0.017675	0.0232403	-0.0684494	0.0218176	0.0474205	-0.0497553	-0.00540542	0.069934	-0.0121237	0.0693264	0.054652	0.0360013	0.0364787	0.0428082	0.00485034	-0.0138915	0.00954465	0.116664	0.00607482	-0.09114	-0.00236801	0.0693264	0.016186	0.00608527	0.00262157	0.0229794	0.0464338	-0.0386314	-0.0872013	-0.00339322	-0.00445705	0.0363799	-0.00429475	-0.0487489	-0.0497553	0.0382684	0.0714313	-0.0450324	-0.00461817	0.0222584	0.0417276	0.0216981	-0.0544623	0.069934	-0.0121237	0.0332694	0.0693264	0.0768808	0.0549291	-0.0132689	0.020551	-0.0497553	0.0191615	0.112565	-0.0229421	0.00422415	0.0241343	0.0382684	-0.0130042	-0.0497669	0.062386	0.087922	-0.0202837	0.062386	-0.0281736	0.0864115	-0.00561203	0.0796249	0.0385125	0.0360013	0.112565	-0.0141628	0.0917225	0.0564101	-0.00384378	-0.00422502	-0.0229421	0.0529972	0.0446008	0.0454559	-0.0746346	0.0536538	0.0136394	0.0486494	0.01942	0.00894094	0.00361857	0.0463527	-0.0493754	0.0517178	0.0167976	-0.0130042	0.0222584	-0.0176396	-0.0132689	0.0753974	0.00823578	0.0693264	-0.00825204	-0.0568979	-0.0188249	0.00823578	-0.09114	0.0788301	0.0222584	-0.00422502	0.0284744	0.0281521	-0.0497553	0.0218851	0.0315517	0.054652	0.0483409	0.02775	0.00696438	0.0517178	-0.022171	0.0136394	0.0281774	0.0454945	0.00182141	-0.00352566	0.0428082	0.0624043	-0.00384378	-0.000653944	0.037291	0.0124965	0.0409629	0.0441919	0.0552802	-0.0391807	0.0811909	0.0529972	-0.0493754	0.0893823	-0.0474819	0.0187091	0.0171472	-0.00230495	0.0831861	-0.0497553	0.02323	0.0669085	0.0428082	-0.0865575	0.0351925	0.0167194	0.0212054	0.0753974	0.00617711	0.0222584	0.116664	-0.0132689	0.0233338	0.0831861	0.0426968	0.0203702	0.0624043	0.00617711	-0.104549	-0.00384378	-0.0493754	-0.00728068	0.0321337	0.0452423	0.0463888	0.0454945	0.00207986	0.0103277	-0.0863807	-0.09114	0.0098433	0.0364759	0.00596494	-0.0900198	0.0360013	0.0276276	-0.00230495	-0.0188249	0.0606277	-0.0199712	-0.0568979	0.0218851	0.0370843	-0.00463945	-0.00728068	-0.0118366	0.0173689	0.072401	0.0376381	0.0425899	0.0814609	0.0428082	-0.0281736	0.00485034	-0.0184232	0.0115875	0.0397138	-0.0151137	-0.00422502	-0.00384378	-0.0900198	0.115149	0.0908963	-0.0497553	0.0464338	-0.00445705	-0.0151732	-0.0341674	-0.0533179	0.00071265	0.0753974	-0.058828	0.0364632	0.0489732	-0.0151285	-0.0497553	0.0536538	0.0425899	-0.0684494	0.0970356	0.0282421	-0.00236801	0.0536538	0.0686122	0.0218766	0.0945741	-0.00525111	0.0672147	0.072651	0.054652	0.0276276	0.0486494	-0.012612	0.0281521	-0.0250847	0.0624043	0.0270765	-0.0493754	0.0565496	0.0412007	0.0796249	0.0624043	0.0796249	0.0364787	-0.00400637	0.0444291	0.0397341	0.0714313	0.0364632	-0.0188249	-0.0151137	-0.0169588	0.0584186	0.069934	-0.054978	0.0454945	0.037291	0.0693264	0.0945741	0.0448461	-0.09114	0.00422415	0.0753231	0.0753974	0.054652	0.0446008	0.0098433	0.0972266	-0.0516523	0.069934	0.0320016	0.0486494	-0.0561843	-0.00422502	0.0432434	0.0693264	0.0304099	0.00617711	0.0368787	-0.022171	-0.00882599	0.00485034	-0.018823	0.0222584	-0.00384378	0.0287872
54000	intercept	0.891548	0.87405	0.799325	0.876186	0.867545	0.829058	0.831538	0.846287	0.861348	0.822267	0.888363	0.85188	0.86158	0.825571	0.82656	0.801123	0.842887	0.810742	0.81164	0.827488	0.85188	0.842769	0.846507	0.844851	0.817176	0.817176	0.818893	0.876186	0.787867	0.87405	0.836153	0.829623	0.822267	0.812388	0.830895	0.854858	0.845537	0.852065	0.87603	0.85603	0.87603	0.876463	0.845421	0.821842	0.816319	0.893234	0.828863	0.876186	0.830515	0.801171	0.825852	0.82096	0.841138	0.829432	0.826371	0.84793	0.845421	0.781662	0.865449	0.826502	0.828107	0.800171	0.846507	0.827629	0.899981	0.801171	0.876186	0.842089	0.758037	0.821842	0.849854	0.842769	0.86386	0.830895	0.843734	0.862716	0.875812	0.848002	0.830515	0.821842	0.890864	0.798357	0.875812	0.775322	0.869762	0.898872	0.817989	0.831538	0.838177	0.83922	0.899981	0.859857	0.860773	0.805403	0.855622	0.832649	0.869002	0.832373	0.818687	0.825852	0.817928	0.824618	0.830895	0.820974	0.836153	0.855622	0.833035	0.86212	0.876186	0.82656	0.879791	0.830895	0.841524	0.832373	0.893234	0.826371	0.854025	0.877352	0.846287	0.816319	0.911413	0.838976	0.802309	0.834944	0.831538	0.854025	0.883266	0.85958	0.855271	0.78142	0.812543	0.87603	0.851663	0.829623	0.821842	0.835565	0.818821	0.809043	0.831333	0.904824	0.8873	0.853307	0.832765	0.829432	0.859432	0.866759	0.874663	0.845421	0.821842	0.858152	0.840959	0.822327	0.83297	0.855513	0.890585	0.811417	0.911413	0.853673	0.829623	0.804288	0.815849	0.84873	0.843	0.874052	0.841194	0.774825	0.835529	0.825172	0.833308	0.845421	0.891548	0.899981	0.818687	0.815337	0.911413	0.818687	0.824777	0.775322	0.828295	0.776951	0.811567	0.839672	0.774825	0.859857	0.758037	0.808408	0.845184	0.82104	0.835529	0.827942	0.842771	0.842771	0.877178	0.827629	0.833483	0.788998	0.853307	0.848213	0.831492	0.795301	0.875967	0.81747	0.811635	0.891548	0.832955	0.852065	0.846507	0.788531	0.818271	0.829623	0.844851	0.868074	0.818893	0.818271	0.87603	0.817176	0.838172	0.818221	0.843378	0.846157	0.883699	0.829041	0.868633	0.802309	0.836373	0.851619	0.849128	0.81747	0.890864	0.833483	0.834944	0.842769	0.839116	0.817395	0.854025	0.775322	0.845184	0.859432	0.821842	0.863566	0.862555	0.842887	0.84064	0.840038	0.798303	0.812388	0.881598	0.803997	0.868874	0.842878	0.840777	0.890892	0.825508	0.871862	0.850743	0.841681	0.854025	0.891548	0.821842	0.784356	0.852515	0.788531	0.833475	0.832955	0.774825	0.846507	0.845401	0.816319	0.850436	0.819335	0.775322	0.833475	0.87603	0.843516	0.881598	0.849128	0.839039	0.813916	0.830895	0.842769	0.864585	0.827059	0.879424	0.87603	0.870831	0.801171	0.880531	0.891548	0.816818	0.865742	0.88089	0.821889	0.841138	0.858422	0.87405	0.817483	0.833035	0.859432	0.849128	0.810133	0.827059	0.817176	0.822327	0.85188	0.841681	0.854025	0.81164	0.87371	0.830233	0.845116	0.831538	0.911413	0.82104	0.846307	0.891548	0.809589	0.758037	0.874052	0.831538	0.832765	0.852966	0.884266	0.859059	0.832323	0.788531	0.87876	0.822327	0.830895	0.856241	0.871862	0.8316	0.85188	0.894925	0.800832	0.848591	0.847936	0.8316	0.739731	0.854025	0.800635	0.86158	0.821842	0.817176	0.812212	0.865742	0.802455	0.854684	0.846157	0.828453	0.775322	0.821842	0.881598	0.770707	0.854858	0.776951	0.775322	0.776951	0.831538	0.787742	0.816436	0.839321	0.821842	0.822327	0.818893	0.911413	0.840038	0.770707	0.811417	0.866246	0.856113	0.821842	0.821842	0.800635	0.8316	0.8873	0.835873	0.811311	0.788531	0.802309	0.842771	0.879026	0.816319	0.876186	0.816319	0.832649	0.802455	0.85699	0.818221	0.830515	0.821842	0.836191	0.836758	0.829432	0.890864	0.826829	0.87371	0.846507	0.829058	0.840436	0.810299
55000	slope	-0.00727599	0.00806131	0.0443653	0.0567565	0.0241665	-0.0191045	-0.0107249	0.0829454	-0.00592006	0.0178829	0.0125476	0.0326748	0.00242103	-0.0442002	0.0756417	0.00314155	-0.0339895	0.0677103	0.0173343	0.0211074	0.0998279	0.014827	0.139704	-0.0202542	0.0640643	0.0398332	-0.00490537	0.0816832	0.0452062	0.0129416	0.045545	0.0618027	0.0589561	0.0920222	0.0173343	0.035296	0.0346935	0.0815371	0.0408822	-0.000661249	0.0543815	-0.00130473	0.00330271	-0.0501726	0.0742942	-0.0275518	0.0567565	-0.0520009	0.0721762	0.0546892	0.0271727	0.0326748	-0.000924087	0.0870398	-0.0275518	0.0188724	-0.00435198	0.0519249	-0.0194504	0.0353334	0.0898878	-0.00638967	0.0567565	0.058394	-0.057202	-0.0110371	0.0397943	0.0998279	0.0649641	0.0816832	0.0174667	-0.0123626	-0.0943472	-0.0061808	0.0691468	-0.0107249	0.0575642	0.0206618	0.012204	0.0998279	0.00145348	0.0524469	-0.0943472	0.00373468	0.0466566	0.058394	-0.0107249	-0.00300514	0.041786	0.0557589	0.0273608	0.0506107	0.059266	0.0466566	0.0497128	0.038749	-0.0218362	0.0256584	0.067789	0.00145348	0.0506107	0.107851	0.063707	-0.0296451	-0.0257173	0.0405613	0.0583371	0.00236703	-0.0303947	0.0667422	0.0513909	-0.0303947	0.0489214	0.0816832	0.0312655	-0.000661249	0.077727	0.107339	0.0575642	0.0842449	0.0857424	0.0444447	0.0162932	-0.00130473	-0.0943472	0.0264472	-0.00727599	0.0572227	0.0567565	-0.0339084	0.0145442	0.0323024	-0.0107249	0.0173343	0.0395685	0.0125476	0.058394	-0.0061808	0.0640643	0.077913	0.0142945	0.067789	0.00520359	-0.0339895	0.0283452	-0.0260444	0.042942	0.0111007	0.0567565	0.0303657	0.0458301	0.0555689	0.0583371	0.0829454	0.035296	0.0162932	0.0588557	0.0162932	0.072973	0.0636401	0.0211074	0.0678922	0.0557589	0.0178829	0.0682351	0.0147594	0.0176069	-0.00417892	0.0961975	0.0211074	0.0211074	-0.0115794	-0.0980978	0.0789035	-0.0275518	0.0173343	0.0460516	0.0895523	0.0543815	0.00696603	0.0682351	-0.106262	0.0387096	0.0358517	0.0256584	-0.00690601	-0.0103129	-0.0061808	0.0568584	0.0256584	-0.0275518	0.0548687	0.0111007	0.0379805	0.0583371	0.0870474	0.0461385	0.0705121	0.0945227	0.1075	0.0840329	0.0269279	0.0840329	0.0211074	0.0189179	0.035296	0.00601588	0.0583371	-0.00842736	0.053163	0.0773599	0.0466566	0.0201915	-0.057202	-0.00957424	-0.0220878	-0.0275518	0.0767681	0.0408822	0.00201421	0.00189696	0.00993074	0.104319	0.0566736	0.0567565	-0.00490537	-0.0155176	0.0567565	0.00860596	0.0961975	0.0147594	0.0852429	0.060812	-0.0107249	0.0366301	0.045545	0.0295599	0.00326863	0.0548687	0.0454006	0.0840329	-0.00592006	0.0619306	0.017105	0.00860596	0.107339	-0.0214986	0.0327727	0.058394	0.0174667	0.0523461	0.017105	-0.0061808	0.0756417	-0.0194504	0.0473274	0.091834	0.0961975	0.063707	0.0583371	0.0573811	0.0845235	0.106505	0.0557589	0.0537685	-0.0155176	0.113693	0.0605814	0.104319	-0.0657026	0.0583371	0.00155457	-0.00727599	0.0961975	-0.0303947	-0.029495	0.0469713	-0.00435198	0.0327727	0.0283452	-0.000924087	0.0543815	0.0605814	-0.0393873	0.0469713	0.0619306	0.0831218	0.0309479	0.0109955	0.0496948	0.0710354	0.0682351	0.112862	0.00145348	-0.0327124	0.0138889	0.0618027	-0.000423883	0.0173343	0.0583371	0.0898878	0.0839315	0.0537685	-0.0300427	-0.120704	0.060812	0.0252792	-0.029495	0.035296	-0.0107249	-0.0284978	0.0735698	0.0920222	0.0567565	0.0403723	0.0302211	0.0186363	0.139704	0.0256584	0.0543815	0.0181442	0.0162932	-0.0303947	-0.0300037	0.0961975	0.088122	0.00206641	0.017105	0.0557589	-0.000661249	-0.0107249	0.00806131	0.0283452	-0.0275518	-0.000924087	0.0473401	0.0278617	0.0684179	-0.000661249	-0.0131066	-0.0222378	0.0816832	0.0189179	0.0458301	0.100833	0.0523461	0.0353334	-0.0275518	-0.0275518	0.0302211	-0.0107249	0.0462816	0.047149	0.0840329	-0.0496875	0.0543815	0.0845235	0.0346935	0.07697	-0.000661249	-0.00490857	0.035296	0.0567565	0.0358517	0.00137136	0.0283452	0.0567565	0.0142126	-0.0109103	0.0902199	0.045545	0.0548687	0.012204	0.0842449	0.0359867	0.081039	0.0840329	-0.0303947	0.0574399	0.0277045	0.0710354	-0.0211467	0.0460516	0.0583371	0.00155457	0.0466566	0.0566736	0.0583371	0.091271	-0.0339895	0.0327727	-0.000423883	0.0756417	-0.0169128	0.0541361	0.0553823	0.0619306	0.00155457	0.0605814	0.117332
55000	intercept	0.822232	0.846538	0.827536	0.834114	0.837623	0.860201	0.865864	0.801724	0.830276	0.831526	0.842967	0.817065	0.855866	0.881561	0.795379	0.845827	0.884354	0.787291	0.830989	0.777533	0.795064	0.815155	0.831866	0.857349	0.832053	0.847224	0.843462	0.856129	0.778543	0.848737	0.844481	0.832911	0.832911	0.797697	0.827215	0.781911	0.795801	0.809112	0.84175	0.831526	0.793117	0.838531	0.842042	0.921931	0.796948	0.888295	0.834114	0.894343	0.832053	0.823462	0.825587	0.817065	0.855866	0.807786	0.888295	0.815717	0.852811	0.836221	0.837415	0.847415	0.798785	0.86656	0.816897	0.818232	0.873832	0.869589	0.828302	0.795064	0.819551	0.851837	0.844027	0.860201	0.888553	0.87926	0.823141	0.84377	0.829911	0.871984	0.821505	0.795064	0.83727	0.818074	0.904101	0.830508	0.846747	0.818232	0.881275	0.836438	0.840162	0.864364	0.901744	0.797619	0.796332	0.846747	0.835473	0.808174	0.882585	0.83917	0.807683	0.83727	0.797619	0.818517	0.832911	0.843055	0.882311	0.823395	0.832911	0.844077	0.836341	0.832911	0.846747	0.844574	0.826444	0.849575	0.837623	0.831526	0.838943	0.808296	0.829911	0.832218	0.81035	0.858736	0.83131	0.822232	0.888553	0.81409	0.822232	0.813341	0.82671	0.844574	0.814953	0.815755	0.87926	0.827215	0.840962	0.851964	0.818232	0.87926	0.832053	0.813458	0.804992	0.807683	0.824848	0.86786	0.837623	0.844574	0.809531	0.87643	0.819389	0.837623	0.854492	0.792522	0.832911	0.808746	0.781863	0.828049	0.814673	0.83131	0.827327	0.814673	0.777533	0.823599	0.878515	0.844693	0.824971	0.831482	0.855866	0.854439	0.797482	0.777533	0.777533	0.910142	0.871278	0.820954	0.891106	0.827215	0.853644	0.816529	0.790159	0.854461	0.824971	0.870713	0.828302	0.825019	0.836108	0.906345	0.831577	0.87926	0.819039	0.818186	0.894343	0.828868	0.87643	0.831209	0.816424	0.836755	0.843691	0.818232	0.836755	0.827412	0.794675	0.82847	0.785574	0.777533	0.821869	0.781863	0.83161	0.831876	0.867914	0.79168	0.842962	0.846747	0.828757	0.876554	0.883246	0.876401	0.894343	0.839711	0.838051	0.822232	0.853029	0.829404	0.777996	0.836254	0.819389	0.852453	0.83727	0.816897	0.869977	0.803492	0.831482	0.840852	0.810801	0.878388	0.80801	0.843032	0.819825	0.836108	0.828868	0.853644	0.794675	0.830276	0.826444	0.855866	0.869977	0.808296	0.851287	0.862191	0.818232	0.844027	0.859468	0.855866	0.87926	0.781238	0.852453	0.846747	0.832891	0.797482	0.809377	0.832911	0.814673	0.793748	0.800711	0.878515	0.794273	0.83727	0.800711	0.80949	0.777996	0.881561	0.832911	0.846549	0.822232	0.797482	0.870875	0.886352	0.837623	0.852811	0.862191	0.837623	0.855866	0.790159	0.808641	0.881561	0.837623	0.810801	0.795064	0.819825	0.844574	0.818232	0.832911	0.824971	0.800711	0.83727	0.837761	0.843013	0.832911	0.848555	0.822336	0.832911	0.798785	0.807786	0.794273	0.89931	0.872331	0.810801	0.809331	0.886352	0.767425	0.865864	0.870875	0.832911	0.797697	0.834114	0.767425	0.820992	0.837382	0.831866	0.83917	0.790159	0.828642	0.860867	0.844574	0.855515	0.803492	0.786322	0.875663	0.855866	0.864364	0.831526	0.865864	0.846538	0.842224	0.891106	0.855866	0.834114	0.819825	0.832803	0.831526	0.865864	0.841794	0.847326	0.821869	0.854492	0.812657	0.859468	0.842003	0.888295	0.888295	0.808211	0.875889	0.804855	0.818186	0.789234	0.921931	0.790159	0.793748	0.795801	0.807099	0.831526	0.860201	0.767425	0.82671	0.825019	0.884463	0.837623	0.816897	0.86085	0.855774	0.83215	0.826567	0.840068	0.8212	0.832218	0.818186	0.781465	0.794675	0.844574	0.832911	0.828683	0.832911	0.862896	0.858294	0.832911	0.836921	0.846747	0.836254	0.832911	0.789084	0.866454	0.862191	0.855866	0.791488	0.840522	0.818232	0.80949	0.810801	0.836921	0.80949	0.798952
56000	slope	0.0131183	0.0835747	0.00226518	0.0862995	0.0737379	0.0315637	-0.0468223	0.0256083	0.0739547	0.0793663	0.0812357	0.0308277	0.00584803	0.107957	0.0166266	0.0616825	0.0874479	0.0180401	0.0223185	0.0656722	0.0460551	-0.00718609	0.0351144	0.0519528	0.00920001	0.0748534	0.0340131	0.0742603	0.0826246	0.0328254	0.0519528	0.0670936	-0.0586611	0.0850128	-0.0428199	0.0740255	0.0887365	-0.0871102	0.0850128	-0.00896476	-0.0129602	0.0526773	0.00405136	-0.0256081	0.0717377	-0.0543694	0.0537579	0.0862995	0.0507907	0.0772753	0.0163837	0.0760789	0.00275649	0.111004	-0.0129602	0.0572681	0.0486747	0.0670936	0.0695291	0.0601877	0.0634636	0.085542	0.00801779	0.0701348	0.0691293	0.0335294	0.0703462	0.00474412	0.0862995	0.0841462	0.0239972	0.0276147	0.0492422	0.0858979	-0.0610263	0.0950791	0.0482477	0.0796434	0.0752243	0.025031	0.0588888	0.0211051	0.0379942	0.0105696	0.0691293	-0.0484348	0.0934755	0.00584803	0.0626854	0.00564154	0.0670936	0.0470568	0.0361843	0.000121551	0.0402419	0.0694083	-0.0275891	0.0711412	0.0730485	0.0680681	-0.00941224	0.0408632	0.0171121	0.0367219	0.00405136	0.0482477	0.0730485	0.0818396	0.0826246	0.0368858	0.0315771	0.0671959	0.0617692	0.0671959	0.00323327	0.0646794	0.0243697	0.0221192	0.0934755	0.0408632	0.0442218	0.0670603	0.0540296	0.0408632	0.0691293	0.041312	0.0703462	0.0670936	0.0869532	0.0660245	0.0306713	0.0261483	-0.0394158	-0.0258424	0.0549615	0.0691293	0.0605912	0.00584803	0.0781427	0.0408632	0.0276147	-0.0610263	0.0866428	0.0113364	0.000121551	0.0474523	0.0474523	0.0703462	-0.013804	-0.0445357	-0.00718609	0.104436	0.0693326	0.0678359	0.0324445	0.0604188	0.0227049	0.0255838	0.0152121	0.0730485	0.00584803	0.0770471	0.0333746	0.0306713	0.0520828	0.0745583	0.0723424	0.0549615	0.0772753	0.0243697	0.0854067	0.0670603	0.0241802	0.0137367	0.0670603	0.0656722	0.0858883	0.0575973	0.0551195	0.0777018	-0.0129602	0.067229	0.0256083	0.0766677	0.0730485	0.0670936	-0.0484348	0.0793777	0.00584803	0.0415887	0.0826246	0.0783468	0.0773356	0.104436	0.085542	0.102874	0.0684019	0.0826246	0.0723424	0.0926023	0.0452536	0.0695779	0.00559776	0.0741385	0.10457	0.0691293	0.0545748	-0.00250359	0.0588946	-0.0193882	-0.0543694	0.00405136	0.0883892	0.0854067	0.0705155	0.00113492	0.0493357	-0.0193882	0.0824525	0.0779863	0.0278358	0.0415887	0.0883892	0.0670603	0.0377509	-0.00288155	0.0701348	0.0678359	0.0671959	0.0748534	0.0844141	0.0408632	0.0192613	0.0588946	0.0429954	0.067563	-0.013804	0.035055	0.0551403	0.0646794	0.104436	0.0691293	0.0486447	0.0278358	0.0770471	-0.0327284	0.0858883	0.0694497	0.056819	0.0874742	0.0634372	0.073874	0.0817367	0.0411606	0.0779863	0.0863354	0.0239972	0.00144591	0.0368858	0.00405136	0.0256737	0.00405136	-0.0193882	0.0519528	0.025031	0.0593949	-0.0310597	0.0429954	0.0363621	0.0697116	0.0604188	0.10457	0.0113364	0.0824525	0.0241802	0.0737379	0.0429954	0.0571694	0.0691293	0.0883863	0.0276147	0.073897	0.0553181	0.0874742	0.0239972	0.000121551	0.137564	-0.0258424	0.0862995	0.0862995	0.00405136	-0.00250359	0.0604188	-0.0299547	0.0588946	0.0620699	0.0113364	0.0770471	0.0500188	0.0553181	0.0862995	0.0575973	0.00405136	0.0602173	0.0257624	0.0703462	0.0429954	0.0612647	-0.0028381	0.0113364	0.0384374	-0.0829993	0.0481392	0.0826246	0.0723973	0.0817367	0.025031	0.0369905	0.0770471	0.0748884	-0.0356691	0.00405136	0.0695779	0.104436	0.070579	-0.0193882	0.00474412	0.00559776	0.0862995	0.0232505	-0.0258424	0.0695779	0.0526773	0.0989282	0.0691821	0.0575973	-0.0428199	0.00559776	-0.0394158	0.0663167	0.0123371	0.0628694	0.0751815	0.0565394	0.0678839	0.0703462	-0.0495072	0.0845477	0.00474412	0.0760789	0.136204	0.0848011	0.0347091	0.0766677	0.0817367	0.0703421	0.0384374	0.0565394	-0.0468223	0.00584803	0.0772472	0.0620699	0.0315771	0.085542	0.0497503	0.0886001	0.00584803	0.105934	-0.0829993	0.0703462	0.0290586	0.0408632	0.0415887	0.0708639	0.0505392	0.0408632	0.0219035	0.00584803	0.104436	0.0258426	0.0239972	0.00559776	-0.0350306	-0.0610263	0.0858979	0.070579	0.0826246	0.0515613	-0.013804	0.0442218	0.0742872	-0.00288155	0.0760789	0.0678359	0.0873661	0.078312	0.0660245	0.0166266	0.0298156	0.0613538
56000	intercept	0.833712	0.826413	0.838057	0.806345	0.805597	0.828231	0.845425	0.863435	0.817464	0.814699	0.776547	0.833513	0.823659	0.804228	0.823659	0.83319	0.805436	0.824514	0.870354	0.81202	0.841213	0.851642	0.863435	0.8481	0.857138	0.826688	0.860251	0.809945	0.826733	0.833898	0.839487	0.78257	0.903041	0.826733	0.854157	0.805597	0.831356	0.876868	0.826733	0.908493	0.913687	0.836561	0.860396	0.863879	0.801439	0.893831	0.821972	0.806345	0.78257	0.802929	0.854446	0.796285	0.83366	0.81152	0.913687	0.796166	0.836561	0.78257	0.800669	0.805597	0.79467	0.794637	0.846934	0.812237	0.809574	0.857731	0.823774	0.865387	0.806345	0.800655	0.862323	0.795508	0.805937	0.776547	0.863392	0.800655	0.804475	0.827527	0.85339	0.839934	0.79879	0.848871	0.837607	0.833712	0.809574	0.852035	0.807195	0.80752	0.809645	0.845045	0.783551	0.856334	0.840485	0.839753	0.844364	0.8481	0.848686	0.792656	0.786045	0.80689	0.885383	0.857849	0.855265	0.847364	0.84567	0.804475	0.809417	0.81202	0.855764	0.858639	0.856928	0.838262	0.825244	0.838262	0.827316	0.796139	0.856813	0.843963	0.807195	0.857849	0.808449	0.853152	0.853198	0.872221	0.815019	0.829771	0.836689	0.78257	0.807195	0.805597	0.826308	0.834245	0.883067	0.881951	0.805072	0.809574	0.830761	0.849233	0.827021	0.860448	0.792984	0.851895	0.813014	0.840887	0.857697	0.798814	0.798814	0.833318	0.874459	0.90337	0.826886	0.793797	0.816483	0.747153	0.847036	0.826287	0.856457	0.853028	0.85402	0.809417	0.80752	0.787824	0.87478	0.811442	0.828684	0.77361	0.789221	0.800623	0.802929	0.856813	0.805231	0.853152	0.832015	0.872894	0.853152	0.81202	0.776547	0.827021	0.832532	0.828006	0.902038	0.833467	0.863435	0.839536	0.809417	0.78257	0.862116	0.827032	0.823659	0.808067	0.845563	0.815406	0.804446	0.793797	0.794637	0.800917	0.809574	0.826733	0.789221	0.774862	0.800253	0.806601	0.833712	0.826688	0.788729	0.809574	0.815316	0.862142	0.875049	0.861931	0.893831	0.848206	0.819505	0.805231	0.834507	0.846529	0.827225	0.861931	0.812437	0.807384	0.791641	0.808067	0.819505	0.853152	0.812673	0.795989	0.812237	0.747153	0.838262	0.826688	0.792868	0.860448	0.812673	0.875049	0.812673	0.79879	0.891115	0.784965	0.796139	0.796139	0.793797	0.809574	0.839555	0.805387	0.776547	0.846271	0.776547	0.816483	0.848042	0.826733	0.808231	0.81305	0.805947	0.785142	0.807384	0.807722	0.862323	0.844922	0.858639	0.854446	0.818552	0.85651	0.861931	0.839487	0.81896	0.783688	0.895278	0.812673	0.861428	0.787166	0.829147	0.795577	0.845598	0.813014	0.832015	0.805597	0.812673	0.83855	0.815019	0.784983	0.795508	0.779511	0.797988	0.826733	0.872894	0.83366	0.838948	0.881951	0.806345	0.806345	0.854446	0.862142	0.829147	0.846271	0.875049	0.796816	0.840887	0.776547	0.847819	0.797988	0.806345	0.845575	0.854446	0.779511	0.87478	0.825589	0.812673	0.818332	0.899325	0.845598	0.808067	0.909943	0.839934	0.826733	0.817039	0.805947	0.839934	0.841372	0.787824	0.770407	0.851247	0.851013	0.811478	0.793797	0.843442	0.841744	0.865387	0.833712	0.806345	0.825013	0.881951	0.813036	0.836561	0.800917	0.790054	0.811242	0.854157	0.833712	0.882365	0.850435	0.823659	0.82085	0.801182	0.801551	0.853152	0.823774	0.856302	0.796938	0.865387	0.814184	0.815531	0.85339	0.826458	0.839536	0.805947	0.822346	0.808067	0.784965	0.843023	0.846529	0.797195	0.796816	0.856928	0.794637	0.807384	0.826733	0.823659	0.792868	0.876868	0.823774	0.851335	0.857849	0.808067	0.850983	0.839934	0.860448	0.833712	0.8202	0.793797	0.833712	0.872894	0.833712	0.831403	0.851895	0.776547	0.845563	0.845563	0.806077	0.892376	0.807819	0.813014	0.801817	0.796285	0.747153	0.817039	0.797195	0.805597	0.823659	0.853028	0.809645
57000	slope	0.0603256	0.0400295	0.00672018	0.0240217	0.00414591	0.0475122	4.72199e-05	0.0931595	0.0683172	-0.0553078	0.0617604	0.0650878	0.0581695	-0.0439183	0.063149	0.0173241	0.107038	0.0271584	0.0676927	0.0905352	-0.0123396	0.0677505	0.0828145	0.0175217	0.0580273	0.0656608	0.0242344	0.110483	0.0826109	0.074285	0.0553447	0.0584493	0.078312	0.0533854	-0.0392705	0.0594645	0.0376453	0.0575289	0.0282307	0.0797842	0.078312	0.0441915	-0.0392705	0.0501745	-0.0392705	0.0488667	0.0501904	0.0775822	0.0447321	0.0458422	0.0582153	0.0804738	0.0850128	0.0409224	0.0495816	0.00668425	0.0402733	0.0579162	0.0847155	0.063533	0.00939452	-0.0392705	0.0482856	0.0428291	0.0868971	0.0581695	0.0400295	0.00387796	0.0349891	0.0673005	0.0182138	0.0603256	0.0738871	0.0589512	0.0797842	0.00225169	0.0850128	0.0157113	0.00209484	-0.00748405	0.0575289	0.0397559	0.00387796	0.0429752	0.0498946	0.008519	0.0298296	0.0774344	0.0830767	0.0298296	-0.0613963	0.0603256	-0.0535241	0.0630284	0.00672018	0.0551442	0.00904952	0.0482995	0.0630284	-0.0169188	0.0421323	0.0713641	0.00209484	0.0527353	0.00282031	0.0529686	0.0387715	0.0594645	0.0677505	0.0804738	0.0399547	0.0458422	0.0282307	0.0509837	0.0895447	0.00633485	0.0506062	0.0482856	0.122764	0.0680712	0.0603256	0.0175217	0.0337635	0.127098	0.0850128	0.0905598	0.0271584	-0.0123396	0.072396	0.103413	0.0510538	0.0224789	0.074285	-0.00491188	0.0690769	-0.0492291	0.000808344	0.0344302	0.0579162	0.0501904	0.0624488	0.113851	0.0240217	0.0905352	0.0400295	0.0529686	0.0248152	0.0729959	0.0620781	0.0611473	0.0979921	0.0250141	0.0340561	-0.00748405	0.0285333	0.0656722	0.0457035	0.0607674	0.0313975	0.0202071	0.0580273	-0.0129806	0.0770346	0.0514138	0.04904	-0.00748405	0.0563622	0.078312	0.0409224	0.0575289	0.0843621	-0.00748405	0.0482856	0.0603256	0.0577717	0.0603256	0.0495363	0.0376453	0.0273224	0.0579162	0.0656608	-0.00491188	0.0869262	-0.00168106	0.0717283	0.0575289	0.0287935	0.00404661	0.04904	-0.0425201	0.0482856	0.0559774	0.0886114	0.0202071	0.00904952	0.0249302	0.043656	0.107038	0.039539	-0.0281127	-0.017133	0.00939452	0.0620781	0.110956	0.0224789	0.0182138	0.0419722	-0.00748405	0.0563037	0.0620781	0.0417662	0.0288283	0.0437336	0.0580273	0.0399547	0.0406085	0.0764497	0.00939452	-0.0549979	0.0458422	0.0437336	-0.0225661	0.0647144	0.0561667	0.0313975	0.0437336	0.0240217	0.0400295	0.0749636	0.039539	0.0309891	0.0850128	0.0399547	-0.00491188	0.0336949	-0.00748405	-0.00286292	0.0400295	0.0313975	0.110956	-0.048508	0.0648596	0.0812282	0.0850128	0.0309891	0.00389932	0.0306713	-0.000195936	0.0729607	0.0202071	0.0409224	0.0991538	0.103413	0.0642199	0.000808344	-0.0290559	0.0400295	0.0501904	0.078312	0.139577	0.00672018	0.0580273	0.0286252	0.0905598	0.038214	0.0432468	0.0283892	0.04904	0.0585087	0.0409224	0.0312096	0.0620781	0.0717283	0.0870365	0.110956	0.0511525	0.00404661	0.0850128	0.074285	-0.00162304	0.0879365	0.0506062	0.0458422	0.0603256	-0.00428064	0.0656722	0.0579162	0.0617604	0.0870365	0.0447321	0.0421872	0.0397559	0.0495814	0.0905598	0.0583071	0.0549034	0.0220445	-0.00352539	0.0946151	0.00134882	0.0482856	0.0441915	0.0298296	-0.0195757	0.0440571	0.0717283	0.0717283	0.0717283	0.074285	0.027473	-0.0130522	0.0905352	0.00414591	0.000808344	0.0250895	0.0979921	0.0579162	0.0603256	0.122764	0.0506062	0.0387715	0.0792412	0.0620781	-0.0399283	0.0864101	-0.0130184	0.0797842	0.0586973	0.00939452	0.0513512	0.0677505	0.00404661	-0.0130184	0.0133353	0.00145832	-0.048508	0.0527353	-0.00402386	-0.00162304	0.0298296	0.103413	0.038214	-0.00627573	0.0440076	-0.00662054	0.0607822	0.0175217	-0.0519518	-0.0130522	-0.000195936	0.0343237	0.0539282	-0.0130522	0.0617351	0.0636273	0.0968763	0.0298296	-0.0130184	0.0544801	0.0531748	0.00404661	-0.00564944	0.0409224	4.72199e-05	0.0774344	0.0482856	0.0797842	0.0677505	0.0798023	0.0847155	0.0979921	0.00939452	0.120746	0.0506062	0.071181	-0.0101857	0.0843621	0.0624488	0.0717283	0.0127194	-0.0392705	0.0290187	0.00904952	0.110956	0.110956	0.0603256	0.0729607	0.0516413	0.0623048	0.0850128	0.0579162	0.039539	-0.0130522	0.0290187	-0.00420666	0.0579162	-0.00352539	0.0496915	0.0606822	0.0580273
57000	intercept	0.809252	0.818917	0.859062	0.832834	0.844462	0.821128	0.844239	0.811577	0.824769	0.852127	0.847436	0.80842	0.811577	0.859332	0.821405	0.822152	0.821096	0.812616	0.828292	0.783813	0.856716	0.822949	0.833683	0.769907	0.78959	0.786505	0.815948	0.832377	0.800689	0.810078	0.8009	0.83717	0.778788	0.831705	0.845715	0.816586	0.802638	0.817543	0.824141	0.829394	0.778788	0.85396	0.845715	0.790458	0.845715	0.845738	0.805777	0.79996	0.826759	0.825933	0.825185	0.787615	0.831096	0.835304	0.79759	0.841491	0.797828	0.821254	0.829394	0.818548	0.878915	0.845715	0.785236	0.81993	0.830628	0.811577	0.818917	0.845142	0.803676	0.783139	0.837134	0.809252	0.792722	0.811577	0.829394	0.812104	0.831096	0.844896	0.84936	0.836491	0.817543	0.82378	0.853417	0.834685	0.809997	0.767421	0.829767	0.778788	0.843066	0.829767	0.835874	0.79179	0.856116	0.809574	0.859062	0.816148	0.864733	0.824001	0.809574	0.841491	0.77949	0.822385	0.84936	0.818661	0.83241	0.844173	0.867541	0.807144	0.822949	0.787615	0.82378	0.825933	0.824141	0.824001	0.825894	0.772182	0.798878	0.78035	0.791068	0.821128	0.809252	0.768903	0.837157	0.784434	0.818532	0.823098	0.814119	0.856716	0.832142	0.811764	0.790458	0.789098	0.810078	0.841491	0.810776	0.859332	0.846601	0.841641	0.821254	0.805777	0.798562	0.800411	0.832834	0.783813	0.840672	0.844173	0.825139	0.810078	0.853632	0.813247	0.8039	0.817543	0.854808	0.86866	0.826704	0.7665	0.82378	0.795996	0.814748	0.856127	0.785943	0.841491	0.819736	0.82378	0.815019	0.859616	0.809326	0.776284	0.835304	0.817543	0.844613	0.850578	0.785236	0.822868	0.814618	0.816337	0.818658	0.802638	0.827453	0.821254	0.790962	0.841491	0.836149	0.845613	0.799424	0.817543	0.807832	0.809772	0.815019	0.841097	0.785236	0.827268	0.800671	0.856127	0.876379	0.834284	0.816763	0.821096	0.821942	0.854302	0.821984	0.848537	0.853632	0.821096	0.789098	0.83241	0.807832	0.859616	0.804293	0.853632	0.824235	0.811075	0.829097	0.790458	0.82378	0.814024	0.815019	0.858015	0.825059	0.825933	0.822181	0.843436	0.829394	0.821131	0.814748	0.822181	0.832834	0.812198	0.796039	0.828504	0.855962	0.831096	0.817583	0.842364	0.797516	0.836491	0.853595	0.818917	0.814748	0.821096	0.821984	0.809574	0.79876	0.831096	0.855962	0.820309	0.827042	0.85529	0.811577	0.856127	0.82991	0.832377	0.819986	0.832909	0.842347	0.835035	0.812198	0.805777	0.778788	0.785393	0.859062	0.790458	0.781499	0.818776	0.824001	0.801927	0.812414	0.827934	0.778186	0.835304	0.851864	0.853632	0.799424	0.817991	0.819799	0.81649	0.809772	0.831096	0.810078	0.850687	0.81978	0.798878	0.825933	0.809252	0.830739	0.796332	0.821254	0.847436	0.817991	0.826759	0.804847	0.82378	0.782857	0.80662	0.781781	0.797828	0.829767	0.857667	0.831096	0.818631	0.776742	0.857846	0.829767	0.858108	0.854808	0.79309	0.793933	0.799424	0.810078	0.808761	0.835035	0.783813	0.846856	0.842347	0.828825	0.8039	0.821254	0.809252	0.791068	0.798878	0.86397	0.832801	0.853632	0.821984	0.825894	0.839347	0.829394	0.809704	0.855333	0.80676	0.813357	0.809772	0.839347	0.838173	0.854624	0.811049	0.824001	0.830459	0.850687	0.829767	0.819986	0.824001	0.869235	0.825933	0.830739	0.824853	0.765594	0.856116	0.835035	0.85529	0.836979	0.8094	0.835035	0.810078	0.829394	0.825894	0.829767	0.854302	0.80842	0.800193	0.809772	0.861466	0.835304	0.844239	0.778788	0.785236	0.829394	0.813357	0.815019	0.829394	0.8039	0.855333	0.798622	0.798878	0.778788	0.860917	0.844613	0.8009	0.793933	0.845615	0.845715	0.825199	0.876379	0.822391	0.819799	0.809252	0.811577	0.776537	0.822519	0.831096	0.830992	0.821942	0.835035	0.825199	0.841491	0.830992	0.857667	0.844366	0.810078	0.790458
58000	slope	0.0704615	0.0159941	0.052761	0.0147834	0.0868675	-0.0135703	0.00481234	0.00568087	0.0606679	0.00565925	0.0544706	0.0437419	-0.0500931	0.0658458	0.0563812	-0.0255055	0.051838	0.0746066	-0.00173989	0.082593	0.0177775	0.0633298	0.0943567	-0.00553982	0.0711658	0.0419485	0.0434023	0.037033	0.0684504	0.00565925	0.0627485	-0.0187913	0.00292369	-0.0332185	-0.0332185	0.03867	0.0761871	0.0135658	0.0647374	0.0305251	0.00479173	0.0573421	0.0467839	0.0371247	0.0349693	0.041695	0.00479173	-0.0332185	0.030371	0.0031449	0.0241885	0.0436257	0.0135658	0.000152637	-0.00625241	0.0349693	-0.0176165	0.0684504	-0.00892271	0.0396238	0.105259	0.0217028	0.0873037	0.0602961	-0.0239343	0.0411546	0.000698988	0.0437145	-0.00277578	0.0623502	-0.00553982	0.0415908	-0.000478158	-0.0176165	0.0422478	-0.0122529	0.0253874	-0.0115303	0.0297503	0.0623502	0.0678691	0.0253686	0.0605742	0.030371	0.0424715	-0.0326726	0.0441086	0.0133306	0.00682562	0.0291871	0.0316635	-0.00978607	0.080605	0.0224851	0.0245172	-0.0227511	0.016477	0.0503148	0.0522126	0.0105225	0.0077169	0.0275667	-0.0319504	0.000975169	0.0623034	0.00568087	0.069204	0.0422478	0.0349693	0.0750654	0.0606679	0.0178203	0.0297032	-0.0319504	0.0381164	0.0077169	0.0147799	0.0219667	0.0349134	0.0416961	0.0336558	0.0490592	0.0623502	0.0579391	0.035042	0.127978	0.0397819	0.0209439	0.0573421	0.082593	0.0761871	-0.0411219	0.015975	0.0703525	0.0746066	0.0544706	0.0836573	0.0646075	0.0724124	0.0873037	0.0124874	0.0544706	0.0424715	0.00426107	-0.0423287	0.0106599	0.0684504	0.0945135	0.0276045	0.0620313	0.082593	0.082593	-0.0135703	-0.0163876	0.115674	0.0323456	0.0178889	0.0756124	0.032584	0.000837131	0.0943567	0.0151982	0.000152637	-0.0177046	0.0873037	0.0410125	0.0870983	0.0436257	0.0290331	0.0490592	-0.000478158	0.0424715	0.0206684	-0.0176165	0.066026	0.00565925	0.0159544	-0.0116255	0.0627485	0.0521419	-0.00277578	0.00482021	0.0077169	0.0419485	0.00682562	0.0177931	0.0400975	0.0658458	0.0135658	0.0967223	0.0159544	-0.00974498	0.0563812	0.0370754	0.0750654	0.0192051	-0.0368337	0.0135658	0.0271175	0.016451	0.0579391	0.058897	0.0549491	0.0159544	0.0761871	-0.00277578	-0.00553982	0.0675556	-0.00319357	0.0422854	0.0710831	0.00426107	0.0563812	0.0868675	0.054579	-0.00553982	-0.00553982	0.0245172	0.0563812	0.0624533	0.0436257	-0.00553982	0.0724124	-0.00423719	0.0366085	-0.0100033	-0.058064	0.0275135	0.0349693	0.0701661	-0.0470904	0.0544706	0.0638145	0.0349693	0.00481234	-0.0354721	0.0724124	0.0371247	0.0836573	0.0124874	0.049535	0.0675556	0.0684504	-0.00553982	0.0290318	0.0124098	0.0192051	0.0623502	0.0246707	0.0386291	0.0836573	0.0467839	0.0585619	-0.0450733	0.0544706	0.032853	0.0605742	0.0374065	0.0219667	0.0031449	0.0124874	0.0856533	0.000325642	0.0675556	0.052761	0.0602882	0.0601134	0.0240744	-0.0417127	0.0357986	0.0324425	0.0544706	0.0124874	0.0496059	0.0646893	0.0543411	-0.0176165	0.0623034	0.0159544	0.0245172	0.00682562	0.0153777	0.0260208	-0.00277578	0.0646893	0.0460712	0.0678691	0.0943567	-0.00553982	0.000325642	-0.0417127	0.0415908	0.0371247	0.0245172	0.041695	0.037033	0.0756124	-0.00553982	0.0162462	-0.0177046	0.0836573	0.0496059	0.0627485	0.0684504	0.0627485	0.00099793	0.0077169	0.0647124	-0.0176165	-0.0417127	0.0712962	-0.0221257	0.0270109	0.0271175	-4.61303e-05	0.0436257	0.0557131	0.0447224	0.0171974	0.030072	0.0312	0.0684504	-0.0227511	-0.0265942	0.0436979	0.0077169	-0.0416587	0.0172499	-0.058064	0.0349693	0.0223004	0.0330879	-0.00252243	0.0486774	0.041489	0.0275667	0.0384655	0.0684504	-0.016081	-0.0100033	0.0326869	0.0774354	0.072955	0.0105225	0.0490592	-0.0555518	-0.058064	0.0684504	0.0219667	0.0436257	-0.00277578	0.041695	0.0305251	-0.00978607	0.0284525	0.0349693	0.0563812	0.0704212	0.0945135	-0.0416587	-0.0555518	0.0544706	0.0349693	0.00479173	0.0873037	0.0245172	0.0521563	0.000991904	-0.00277578	0.0150222	0.0901908	0.0945135	-0.000478158	0.0217261	0.0389136	0.0219667	0.00638111	0.0704212	0.0434023	0.00339293	0.0573421	0.0580552	-0.0181271	0.00131838	-0.0116255	0.0164906	-0.0332185	-0.000478158	0.0605742	0.0678691	0.0411855	0.0544706	0.0868675	0.0724124	0.072955	0.0796802	0.00682562	-0.0555518	-0.0221257	0.0544706
58000	intercept	0.844077	0.843849	0.792784	0.8215	0.794173	0.876431	0.857331	0.77335	0.848257	0.827921	0.816814	0.824936	0.900963	0.819992	0.843518	0.846287	0.811291	0.830527	0.862863	0.805388	0.844854	0.778029	0.825192	0.850677	0.801562	0.833042	0.825029	0.834162	0.826279	0.827921	0.835879	0.877276	0.822873	0.881516	0.879084	0.846079	0.827569	0.834381	0.80287	0.784577	0.786302	0.794326	0.816814	0.860253	0.796101	0.872236	0.847178	0.888276	0.821171	0.77335	0.849074	0.8135	0.834381	0.853564	0.849468	0.820128	0.823166	0.835635	0.827822	0.807863	0.840259	0.830228	0.823136	0.821254	0.858297	0.837597	0.843144	0.794173	0.854607	0.814476	0.842914	0.802833	0.840881	0.805419	0.887851	0.860138	0.785904	0.823515	0.816413	0.814476	0.83895	0.81501	0.831889	0.821171	0.825029	0.844796	0.845985	0.833935	0.859713	0.83107	0.843747	0.830743	0.817475	0.777357	0.838941	0.83412	0.84976	0.792784	0.818594	0.845416	0.850826	0.816814	0.882305	0.877396	0.785644	0.77335	0.819282	0.874264	0.820128	0.811308	0.848257	0.8215	0.797993	0.882305	0.833494	0.864333	0.843346	0.836924	0.821892	0.832738	0.838169	0.861608	0.814476	0.839613	0.845993	0.802413	0.792784	0.827439	0.794173	0.805388	0.827569	0.841174	0.849249	0.81261	0.830527	0.816814	0.817811	0.819282	0.798625	0.823136	0.845661	0.816814	0.825029	0.844831	0.87368	0.854607	0.816907	0.83684	0.823213	0.809095	0.805388	0.805388	0.849891	0.868746	0.800523	0.831058	0.830852	0.807058	0.822507	0.844983	0.834448	0.831122	0.851091	0.843477	0.823136	0.817633	0.826537	0.819282	0.782003	0.861608	0.840881	0.825029	0.817662	0.8197	0.822519	0.827921	0.833291	0.874317	0.832508	0.836683	0.854607	0.842791	0.859663	0.833042	0.867969	0.792081	0.848645	0.819992	0.805259	0.83684	0.821171	0.844187	0.843518	0.80552	0.811308	0.851407	0.870475	0.834381	0.826329	0.846014	0.839613	0.821254	0.838385	0.821171	0.827569	0.854607	0.842914	0.831618	0.797724	0.851163	0.847304	0.808946	0.843518	0.794173	0.805518	0.846117	0.843627	0.838941	0.843518	0.83054	0.819282	0.842914	0.798625	0.840151	0.841119	0.849657	0.873561	0.83107	0.820128	0.835635	0.87368	0.815719	0.814349	0.796101	0.849636	0.836829	0.797166	0.848446	0.822122	0.846776	0.791742	0.81885	0.835635	0.842914	0.785904	0.819043	0.851407	0.814476	0.837451	0.793449	0.817811	0.816814	0.803074	0.879084	0.815719	0.808868	0.831889	0.796086	0.836924	0.77335	0.845661	0.817475	0.843661	0.81885	0.792784	0.821892	0.811067	0.816413	0.847059	0.849175	0.8228	0.815719	0.846776	0.805518	0.831341	0.850139	0.816652	0.791089	0.821171	0.843971	0.867969	0.846769	0.850287	0.861322	0.831341	0.826502	0.83895	0.834448	0.843627	0.848662	0.834402	0.825087	0.842982	0.844129	0.854311	0.832738	0.811181	0.833332	0.853564	0.848701	0.822122	0.805518	0.82454	0.835635	0.832508	0.820639	0.869687	0.82019	0.823166	0.847059	0.835635	0.841174	0.825029	0.826329	0.848237	0.837117	0.824821	0.827538	0.848645	0.802147	0.783949	0.835635	0.83412	0.881516	0.829885	0.852853	0.906317	0.838169	0.873561	0.820128	0.79998	0.804451	0.865993	0.792081	0.808951	0.816814	0.842024	0.816907	0.832297	0.851843	0.831604	0.830664	0.855711	0.845416	0.861608	0.842656	0.873561	0.835635	0.836924	0.819282	0.853947	0.854311	0.792784	0.830743	0.825344	0.796101	0.816606	0.794173	0.83684	0.900963	0.837219	0.816814	0.820128	0.847178	0.823136	0.838941	0.834199	0.834381	0.854607	0.854821	0.794173	0.83684	0.840881	0.817662	0.832738	0.836924	0.8215	0.794173	0.824847	0.77335	0.794173	0.82038	0.822249	0.845416	0.874317	0.852934	0.879084	0.840881	0.831889	0.83895	0.841119	0.816814	0.794173	0.808148	0.855711	0.842723	0.858719	0.842656	0.855587	0.816814
59000	slope	0.107308	0.0731298	0.000801921	0.0150448	0.0275088	0.0432935	0.020001	0.0383999	0.0195055	0.0246318	0.106267	0.051686	0.0123125	0.0235562	0.0659467	0.0141332	0.0654324	0.101423	0.0123125	0.00355326	0.0123125	0.0593529	0.0665612	0.0386533	-0.023924	0.0485597	0.0205417	0.05118	0.022548	0.041263	0.0489563	0.0916552	-0.0298886	0.084408	-0.00632712	-0.0213814	0.0765505	0.0132787	0.050965	-0.0205459	0.00585536	0.0195885	0.0527971	0.0409796	0.053588	0.143058	0.0792227	0.0123125	0.0503275	0.0695343	0.0187876	0.0880076	0.0571923	0.0320006	0.0246318	0.0665612	0.013818	0.0142034	0.0571923	0.0780882	0.0510442	0.0591577	-0.0201738	0.057842	0.0568228	-0.0258271	0.0849413	0.0128296	0.0735179	0.0849011	0.0169997	0.00103782	-0.0183935	0.0518429	0.107308	0.0282678	-0.0149127	0.0634023	0.0169806	0.0429484	0.00694627	0.0294824	0.0230117	0.0327661	0.0077169	0.0380623	0.0162208	0.0471098	-0.00129321	0.0816982	0.0310903	0.0235562	0.0643146	0.0432935	0.0830461	0.0123125	0.0880076	0.0320534	0.0321651	0.0867439	0.0980239	0.0195885	0.0493117	0.0279808	0.0077169	0.0337284	-0.0133352	0.019213	0.0758156	0.0591823	-0.0424624	0.0849011	-0.00632712	-0.0128629	0.0174893	0.034295	0.0527971	0.0731298	0.0924636	0.000801921	0.0751074	0.0765505	-0.0296624	0.063129	0.0780882	0.0418454	0.0644839	0.0162208	0.0409796	-0.0298886	-0.043198	-0.021285	0.0665612	0.0174893	0.0924636	0.0149049	0.0699723	0.0294824	0.063926	0.0266218	0.0162394	0.064969	0.0880076	0.0962598	0.00438854	0.0731298	0.0588983	0.0789935	0.092048	0.0342501	0.0123125	0.0371398	0.0493117	0.0520608	0.00850815	0.0123125	0.019213	0.074754	0.0125536	0.0665612	0.0642868	0.0520043	0.0128296	0.080105	0.023517	0.0608178	0.00850815	0.00103782	0.0177363	0.0393172	0.0132787	0.0380511	0.0880076	0.019213	0.111225	0.0383999	0.0381246	-0.023924	0.0785163	0.0423562	0.053588	0.0659467	0.0769836	0.0568343	0.0750218	0.0471098	0.00694627	0.0279808	0.0924636	0.0600056	0.0731298	0.0195885	0.05118	0.0735179	0.0762056	0.0185212	0.00433032	0.0762056	-0.0304921	0.0665612	0.0765505	0.0591823	0.0066156	0.0799441	0.0916552	0.0132787	0.0492504	0.0747471	0.0799441	0.0778692	-0.0220291	0.0249014	0.0374724	0.0799441	0.00447479	0.057842	-0.0254293	0.0432935	0.174414	0.0762056	-0.023924	0.057842	0.0493117	0.022548	0.0881489	0.0432935	0.107308	0.000678491	0.00906729	0.0205417	-0.016765	0.103752	0.0493117	0.050965	-0.014635	0.0429484	0.00694627	0.174414	0.000801921	0.0745418	0.0527971	0.0123125	0.0430436	0.0735179	0.0320534	0.0489563	0.0115234	0.0493117	0.0493117	0.0731388	0.0746404	0.0762056	-0.00632712	0.0123125	-0.00632712	0.0329283	0.0660686	0.0321651	0.000801921	0.00447322	0.00103782	0.0378645	0.0160954	0.019213	0.0734554	0.0602703	0.059085	0.0132787	0.0699723	0.0418353	0.0765505	0.0156713	0.0674323	-0.0296624	0.0589752	0.125415	0.0280366	-0.023924	0.0870757	0.0659467	0.0541848	0.0195885	0.0735179	0.0269973	0.05118	-0.00632712	0.0493117	0.0960114	0.0195885	-0.0101426	0.0602703	0.0141332	0.112221	0.064969	0.00850815	0.0589752	0.00850815	0.0103844	0.0626817	-0.023924	0.0867211	0.0870757	0.0493117	0.0594051	0.0220672	0.0870757	0.0503275	0.0733438	0.0520608	0.0162208	0.0762056	0.0696385	0.0232099	0.0503275	0.0608178	0.0174893	0.0123125	0.0183403	0.00928913	0.0235562	0.0634023	0.0337284	0.0699723	0.0597686	0.0771266	0.101626	0.0123125	0.0393747	-0.00632712	-0.0101426	0.107541	0.0252628	0.0771266	0.10726	0.00447322	-0.0128629	0.0381218	-0.0421379	0.0374724	0.0115234	-0.0258271	0.0429484	0.00840098	0.0195885	0.0337284	0.0551432	-0.0125	0.0880076	0.0205705	0.0746404	0.0751074	0.060381	0.050906	0.0144188	-0.0111313	0.0195885	0.0735179	0.024667	-0.0421379	0.107308	0.0771266	0.0753249	0.0444772	0.0195055	0.074754	0.0432935	0.0762056	0.0771266	0.0602703	0.0356002	0.0771266	0.0132787	0.012109	0.088806	0.0880076	0.0620343	0.0758156	0.063926	0.0762056	-0.0133352	0.0350833	0.0660686	0.0593529	0.0378645	0.0660686	0.0123125	0.063926	0.0401358	0.0077169	0.125415	0.0432935	0.00202288	0.0762056	0.0233726	0.0731298	0.0205705	0.0239644	0.0927892	0.0665661	0.05118
59000	intercept	0.836488	0.821416	0.844366	0.82494	0.838055	0.809342	0.840984	0.849062	0.832007	0.854593	0.8288	0.83059	0.863401	0.828422	0.824639	0.829656	0.824493	0.829352	0.84614	0.817484	0.845483	0.850336	0.875091	0.842505	0.863529	0.844466	0.817484	0.827569	0.831897	0.810597	0.858277	0.807175	0.871843	0.883187	0.846193	0.833376	0.827569	0.849694	0.854137	0.836801	0.849096	0.845964	0.832064	0.842505	0.819177	0.7711	0.825154	0.84614	0.859592	0.844889	0.824541	0.821322	0.798833	0.828422	0.854593	0.847929	0.815863	0.837014	0.798833	0.854346	0.845669	0.813285	0.852336	0.821508	0.83485	0.814388	0.824924	0.850134	0.813519	0.807175	0.838692	0.864448	0.857576	0.847041	0.821322	0.82013	0.845142	0.836228	0.821748	0.759602	0.82637	0.804398	0.838055	0.844361	0.865991	0.849062	0.845341	0.796361	0.856148	0.794733	0.826708	0.828422	0.870155	0.809342	0.807175	0.84614	0.854959	0.859927	0.844361	0.811691	0.815062	0.838059	0.816509	0.849298	0.856148	0.856781	0.871442	0.849775	0.826515	0.790603	0.826884	0.807175	0.852904	0.857363	0.849074	0.818109	0.832064	0.821416	0.80519	0.844366	0.854346	0.827569	0.857363	0.835548	0.854346	0.822527	0.861977	0.845341	0.842505	0.871843	0.843481	0.833376	0.847929	0.849074	0.80519	0.84614	0.81017	0.804398	0.812182	0.838247	0.817484	0.817228	0.821322	0.8385	0.839462	0.821416	0.8166	0.816871	0.827569	0.827493	0.863401	0.844861	0.816509	0.804812	0.881295	0.84614	0.849775	0.819624	0.811025	0.847929	0.822138	0.8318	0.850134	0.825154	0.843507	0.833001	0.867969	0.864448	0.838911	0.830308	0.849694	0.818109	0.837408	0.849775	0.79819	0.849062	0.815842	0.869785	0.816871	0.840358	0.819177	0.824639	0.836228	0.834374	0.817228	0.808864	0.837115	0.849298	0.80519	0.849062	0.821416	0.845964	0.827569	0.830146	0.807175	0.837224	0.851847	0.825154	0.826884	0.875091	0.869225	0.794663	0.850825	0.854346	0.807175	0.849694	0.842505	0.797259	0.854346	0.827569	0.871442	0.829656	0.827441	0.854346	0.846829	0.8318	0.892688	0.809342	0.777136	0.794391	0.857264	0.821508	0.816509	0.83997	0.795282	0.809342	0.821322	0.837442	0.849176	0.817484	0.861972	0.816503	0.816715	0.854137	0.836113	0.766013	0.82637	0.777136	0.844366	0.801316	0.832064	0.84614	0.842505	0.839378	0.859927	0.861374	0.821748	0.816509	0.816509	0.800488	0.824924	0.803527	0.852904	0.863401	0.846193	0.7885	0.812182	0.844361	0.844366	0.851808	0.879208	0.837786	0.835278	0.86749	0.827569	0.822339	0.816814	0.849694	0.81017	0.827569	0.827569	0.849343	0.819304	0.854977	0.863802	0.803416	0.793832	0.857967	0.825614	0.824639	0.854346	0.845964	0.830146	0.8385	0.827569	0.852904	0.830148	0.8385	0.845964	0.817484	0.836511	0.817105	0.858185	0.817228	0.881295	0.845638	0.890789	0.842442	0.824924	0.896204	0.863173	0.825614	0.816509	0.819177	0.826349	0.812206	0.852723	0.815958	0.804812	0.845341	0.815055	0.794733	0.817484	0.852723	0.833001	0.84614	0.84614	0.814134	0.842442	0.828422	0.836228	0.856211	0.81017	0.8072	0.802294	0.816503	0.84614	0.845341	0.836113	0.817484	0.798742	0.845193	0.813806	0.819744	0.856712	0.857363	0.838055	0.826884	0.827441	0.821166	0.814388	0.756219	0.805727	0.846279	0.856211	0.825641	0.865506	0.854959	0.841518	0.817001	0.854346	0.866043	0.814134	0.820437	0.827726	0.845964	0.837544	0.840721	0.826884	0.814647	0.815875	0.812931	0.827493	0.832007	0.819624	0.809342	0.807175	0.813806	0.822339	0.816509	0.80568	0.849694	0.84614	0.827569	0.847881	0.822184	0.826515	0.812182	0.807175	0.871442	0.821046	0.812182	0.856827	0.837786	0.814191	0.849298	0.812182	0.825641	0.869172	0.803416	0.809342	0.842442	0.807175	0.835195	0.821416	0.841518	0.869697	0.813806	0.828318	0.827569
60000	slope	-0.0140188	0.0338335	0.0364119	0.0731022	0.108324	0.0443402	0.0946876	0.0759286	0.0551596	0.0986887	0.00695905	0.0123014	0.0400974	0.122934	0.0336777	0.0672241	0.0792828	-0.0126281	0.03259	0.0753288	0.0309052	0.077556	0.0734009	0.0370016	-0.0629509	0.025318	0.0342943	0.0466814	0.0364119	0.07313	-0.00461681	0.0296176	0.0572408	0.0876639	0.0309052	0.0431664	0.0197996	0.0431664	0.0358591	0.00281412	0.0289314	0.0477746	0.0242305	-0.0718678	0.0272249	0.0894161	0.0780353	0.118686	0.0201734	-0.0157072	0.0587974	0.0282303	0.0660285	-0.0804823	-0.0204999	0.0601314	0.0390607	0.064087	0.0816565	0.0511379	0.122934	0.00525279	0.0518366	0.0246337	0.0204913	0.0169216	0.0564895	0.0506314	-0.00757969	-0.058147	0.0475026	0.0447412	-0.00461681	0.0711326	0.032399	0.000424573	0.012451	0.0344888	0.0296176	0.0816187	0.0320862	0.0170137	-0.0718678	-0.0792206	0.00695905	0.0617799	0.0549082	0.0123014	-0.00399464	0.0123014	0.025318	0.0345707	-0.0396388	0.0145738	0.0569266	0.0826836	0.138685	-0.0645037	0.0710609	0.00478105	0.0319313	-0.00311137	0.144497	0.070834	0.0351197	-0.0126281	0.00456502	0.0155382	0.0247059	0.0390607	0.0854337	0.049889	0.0323522	0.0907618	0.0885999	0.0711326	0.107384	-0.0152059	-0.00635082	0.0159504	0.0434706	0.0229586	0.0170137	0.0235282	0.00841757	0.0190296	-0.0111087	0.0759286	0.0123014	-0.00915636	0.0625182	0.0453292	0.0726794	0.113175	0.0351197	0.126967	0.0146909	0.0569266	0.070834	0.0190296	-0.0734098	0.0950553	0.0846001	0.0316448	0.000424573	0.0366123	-0.0396388	0.0795654	0.0609998	0.0731022	0.0737653	0.0221094	0.0462871	-0.0804823	0.0256411	0.00525279	0.0795654	0.0555818	0.0272249	0.0358591	0.0898434	0.0272903	0.0329086	0.00646735	-0.0126281	-0.00847655	0.138685	0.0309052	0.044271	0.0271046	0.0239954	0.0423659	0.0258196	0.0176366	-0.0157072	0.0511379	0.0296176	0.0418265	-0.0792206	0.0285657	0.012451	0.0453292	0.0767435	0.0123014	0.0386529	0.0592286	0.0711326	0.0246344	-0.0629509	0.0700324	0.0170137	0.0881223	0.0737653	0.122934	-0.0126281	0.0247059	0.0435037	0.138685	0.0110394	0.168046	0.0370658	0.109418	0.0262424	0.0542584	0.0737653	0.0326975	-0.000936742	0.0370016	0.00695905	0.0585052	0.00701034	0.012451	0.0151512	0.0400974	0.0377923	-0.0220874	0.058622	0.0659714	-0.0629509	0.067648	0.0551596	0.105592	0.0195212	0.000424573	0.0727487	-0.0398962	0.0350592	0.0572408	0.0272843	0.0386529	0.035783	0.0165051	0.0572408	0.041841	0.0262424	0.022417	0.0549082	0.0159756	0.0159756	0.0351197	0.0351197	0.0549082	0.0816565	0.0795654	-0.024061	0.0846828	0.0942346	0.0777934	0.0846001	0.138685	0.0354353	0.00920345	0.0336777	0.113748	-0.0126281	-0.000936742	0.0402438	0.100669	-0.0152059	0.0364119	0.078652	0.0364119	0.0905711	0.0637375	0.0110394	0.0569266	-0.00133637	0.0211993	0.0475026	0.0262424	0.0619733	0.083427	-0.0123457	0.168046	0.0726001	0.0364119	0.0637375	-0.0157072	-0.0226366	0.0258196	0.0572408	0.0231903	0.0402172	-0.000936742	0.0269532	0.0351197	0.0477746	0.026133	0.0666332	0.0790773	-0.0180613	-0.00187732	0.0258196	0.0336777	0.0942346	-0.0164903	0.0431664	-0.0804823	0.0376679	0.00695905	0.0134873	0.0014258	0.0587657	-0.0420141	0.122934	0.0453292	0.0410436	0.0532959	0.0306779	0.122934	-0.0396388	0.109418	0.0195212	0.0711326	0.035783	0.024307	0.0135762	-0.0804823	0.0217252	0.0710609	0.0561375	0.0966585	0.0400974	0.0518965	0.0351197	0.0400974	0.0364119	0.0885999	0.0550886	0.0324573	0.0377923	0.0351197	0.0576379	0.0162274	0.0559117	-0.058147	0.0551596	0.0894802	0.0930552	-0.0734098	0.0132832	0.0513437	0.0481463	0.0700324	0.0386529	0.0336777	0.0349552	0.0675789	0.0820954	0.0322792	-0.0126281	0.0447412	0.0364119	0.0753288	0.0377923	0.0759286	0.0377923	0.0296176	0.0144928	0.041841	0.0555818	0.0155382	0.0564895	0.0767435	0.0549082	-0.0126281	-0.0126281	-0.0152059	0.0549082	-0.0126281	0.059733	0.0123014	0.0480781	0.010361	0.0700324	0.0320862	0.0365447	0.0430953	0.0123014	0.138685	0.0370016	0.0400084	0.0328811	0.0731022	0.0700324	0.00582326	0.10869	0.0170137	0.122934	0.0190296	0.0216704	0.0792828	0.037001	0.0727487	0.070834	0.00478105	0.0351197	0.0664408	0.0986887	0.0490865
60000	intercept	0.842282	0.859006	0.832057	0.796457	0.835538	0.845609	0.837337	0.834044	0.847761	0.808267	0.851356	0.828021	0.858684	0.831224	0.82502	0.822451	0.811046	0.854614	0.863643	0.828445	0.822184	0.820064	0.815865	0.822599	0.869364	0.850332	0.842902	0.817177	0.832057	0.824953	0.833056	0.826435	0.833009	0.823776	0.814362	0.822045	0.848885	0.822045	0.827209	0.828821	0.829303	0.866207	0.828021	0.853604	0.837386	0.8362	0.837517	0.833372	0.871361	0.863653	0.829825	0.823338	0.84102	0.853604	0.817063	0.809656	0.833932	0.855311	0.797515	0.814591	0.831224	0.828021	0.852278	0.827894	0.833791	0.828021	0.818251	0.833965	0.852748	0.876517	0.805175	0.79859	0.83195	0.810187	0.840588	0.810289	0.869391	0.81343	0.826242	0.8362	0.833427	0.828021	0.853604	0.865994	0.851356	0.848508	0.858494	0.828021	0.817063	0.828021	0.850332	0.817177	0.869803	0.832163	0.852313	0.799037	0.769954	0.876517	0.773891	0.840528	0.835762	0.872573	0.754104	0.820489	0.830067	0.874965	0.827543	0.829615	0.851781	0.833932	0.812453	0.825954	0.830644	0.838772	0.799115	0.810187	0.833945	0.857367	0.865517	0.847683	0.818267	0.841631	0.828021	0.850738	0.839027	0.847381	0.84204	0.834044	0.829321	0.847314	0.835866	0.833622	0.835753	0.818719	0.837303	0.823998	0.8774	0.852313	0.836267	0.847381	0.865994	0.816598	0.7974	0.839889	0.810289	0.829589	0.869803	0.7974	0.83038	0.803217	0.857909	0.851356	0.831623	0.84553	0.870639	0.828021	0.790928	0.852278	0.837386	0.827209	0.79307	0.830332	0.814747	0.855525	0.854614	0.869803	0.772403	0.80819	0.834223	0.857911	0.845833	0.847072	0.835262	0.839262	0.863653	0.814591	0.826242	0.854517	0.865994	0.856408	0.87803	0.833622	0.830301	0.837283	0.840552	0.858684	0.810187	0.834519	0.869364	0.852278	0.824713	0.7974	0.857909	0.831224	0.867627	0.8556	0.845254	0.775904	0.851356	0.754104	0.786393	0.801005	0.842622	0.833622	0.857909	0.830332	0.843387	0.818267	0.861858	0.8362	0.841492	0.869391	0.832289	0.858684	0.857053	0.861752	0.836229	0.829987	0.869364	0.836808	0.847761	0.818918	0.787518	0.810289	0.829987	0.876783	0.828021	0.833009	0.859576	0.840552	0.833932	0.827894	0.833009	0.84294	0.842622	0.865875	0.858494	0.847525	0.847525	0.841457	0.841457	0.858494	0.797515	0.7974	0.861351	0.852278	0.789893	0.854517	0.7974	0.762486	0.833965	0.843066	0.835099	0.833372	0.865669	0.827379	0.828346	0.79307	0.872782	0.832057	0.812453	0.832057	0.823776	0.84294	0.851356	0.838214	0.865758	0.829342	0.805175	0.842622	0.77457	0.828346	0.851876	0.755165	0.833773	0.832057	0.84294	0.863653	0.900581	0.839761	0.833009	0.829342	0.832057	0.827379	0.81512	0.830067	0.866042	0.881897	0.844564	0.796642	0.83625	0.837645	0.829615	0.82502	0.789893	0.863426	0.833965	0.84553	0.833969	0.851356	0.824778	0.873384	0.84294	0.836119	0.831224	0.833622	0.829615	0.84345	0.833266	0.831224	0.866482	0.801005	0.787518	0.814258	0.833932	0.847944	0.865875	0.84553	0.818561	0.782048	0.813911	0.782979	0.858684	0.839141	0.837303	0.858684	0.832057	0.799115	0.835753	0.837283	0.857053	0.841457	0.854517	0.848885	0.839709	0.876517	0.847761	0.816962	0.79307	0.865994	0.824713	0.86647	0.848621	0.852278	0.840552	0.821588	0.843903	0.830301	0.822451	0.840552	0.861351	0.79859	0.832057	0.828445	0.857053	0.834044	0.857053	0.826242	0.829321	0.84294	0.852278	0.829615	0.818251	0.830301	0.858494	0.861351	0.861351	0.872782	0.858494	0.872309	0.848358	0.840148	0.858912	0.869741	0.852278	0.833427	0.8496	0.851548	0.837283	0.762486	0.818267	0.841386	0.842622	0.796457	0.852278	0.840528	0.833484	0.828021	0.831224	0.847381	0.832226	0.812453	0.881897	0.846679	0.820489	0.840528	0.829589	0.84345	0.808267	0.848358
61000	slope	0.047482	0.0401639	-0.0209147	0.0191974	0.118351	0.0471482	0.00987282	0.00111173	0.100272	0.040656	0.00631202	0.0460701	0.0073605	0.0381144	0.0482312	0.00986502	0.104699	0.0769429	0.0456823	-0.0296143	0.0809509	0.101205	-0.0296143	0.0255611	0.0647912	-0.0081052	0.0904593	0.0223976	0.0218671	0.0333051	0.0393351	0.0529074	0.102396	0.118351	0.0238776	0.000722107	0.0538948	0.0130308	0.0404864	-0.058147	0.0147683	-0.00042283	0.0404864	0.0341631	0.0307782	0.107356	0.0475515	0.0223976	0.0056924	0.0527286	0.0273055	0.00282992	-0.0228677	0.0191974	0.0502819	0.0218413	-0.0382341	0.100921	0.0105417	0.00241404	-0.0296143	-0.0296143	0.0299368	0.0464646	0.127348	-0.0058756	0.0892787	0.0056924	0.0125769	0.0560062	0.0612144	0.0280108	0.00987282	-0.0161937	-0.00673446	0.0520777	0.0328714	-0.00420196	0.0174946	0.0482312	0.10258	0.00257693	0.084268	0.0623027	0.0680048	0.00653563	0.135896	0.0860062	0.0571078	0.0395005	0.0445134	-0.0296143	0.118289	-0.00645275	0.0455962	0.0280108	0.0536017	0.0545626	0.100776	0.0421853	0.0647912	0.043261	0.101205	0.0395787	0.085257	0.102396	0.0514956	0.019911	0.0226188	0.0407666	0.101205	0.0132371	0.108232	-0.0118564	-0.0237516	0.014686	0.0519126	0.038613	0.118351	0.0433142	-0.058147	0.0105417	0.0211313	0.0333051	-0.0132434	0.103408	0.0519126	0.0390238	0.0218126	-0.00645275	0.105126	0.0500866	0.0882161	0.0346103	-0.0165781	-0.0165781	0.0496724	0.0357278	0.0386616	0.124518	0.101205	0.0105417	0.0346103	-0.00597489	-0.047986	0.0376257	0.0237336	0.0809509	0.0237336	0.038613	0.0291146	0.083265	-0.00645275	0.040837	0.0194495	0.0271155	0.00605808	0.0600744	0.135366	0.0512996	0.0237336	0.0519126	-0.00645275	-0.0282622	0.0350037	0.0482312	-0.0296143	0.0520777	0.0386256	0.0602646	0.0669767	0.0161454	0.0269039	0.102285	0.0445134	0.0408911	0.00132367	0.0602646	0.103408	0.0342557	0.040837	0.0346103	-0.0296143	0.0414799	0.0460701	0.0723823	0.0519126	-0.0280115	-0.0119609	0.118351	0.0536017	0.0056924	0.107356	0.118289	0.00987282	0.130706	-0.0296143	0.0516335	-0.00645275	0.0865655	0.0263159	-0.058147	0.0602646	0.0102768	0.0536017	0.0520777	-0.0382341	0.0395787	0.0218016	0.10179	0.0882161	0.085257	0.0107737	-0.00261454	0.0519126	0.0248009	0.0346103	0.085257	-0.0296143	0.0247519	0.0694362	0.0229783	0.0519126	0.0865655	-0.0383707	0.0223959	0.054402	-0.0653796	0.0607247	0.0218016	0.10258	0.00631202	-0.00420196	-0.0521215	0.103408	0.103243	0.0161454	0.0223976	-0.0209147	0.0161454	0.0381144	0.0201834	0.101205	0.0512996	0.0602034	0.0386256	0.00968172	0.00293939	0.0400455	0.118351	0.0170028	0.118351	0.0717801	-0.00645275	0.00750748	0.10179	-0.00251522	0.00257693	0.0704879	0.113267	0.0386256	0.0514956	0.0404864	0.0350037	0.0218413	-0.00919791	0.0107737	-0.0533091	0.0052154	-0.00919791	0.0914645	0.0735773	-0.00919791	0.0482312	-0.0278874	0.00605808	0.0502819	0.0695262	-0.0150018	0.0603444	0.0824679	0.00293939	0.0602646	0.0105417	0.127348	0.0527339	0.0834907	0.0536017	0.127348	0.0389843	-0.0351773	0.105126	0.0748586	0.0519126	0.0107737	0.038613	0.0536017	0.0865655	0.0602646	-0.00645275	0.0521789	0.0223959	0.107469	0.0326795	0.0519126	0.0117026	0.101336	0.0496724	0.101274	0.112269	0.0368179	0.0159033	0.127348	0.0386616	0.0189601	-0.0228677	0.0464646	0.0960059	0.00293939	0.0560062	0.0363788	0.0647912	0.0456823	0.0752567	-0.058147	0.0514956	0.0174946	0.00390929	-0.00645275	0.0486814	0.108232	0.038613	0.0393351	0.0506081	0.0271155	0.0647912	0.047482	0.0397564	0.0386256	0.0627209	0.118351	0.0527339	0.0107737	0.0727599	0.000722107	-0.0067938	0.0056924	0.127348	0.0307782	0.102396	0.0381144	0.0159033	0.0877086	0.0330025	0.0678212	-0.058147	0.0627209	0.0602646	0.10179	0.0486127	0.0964949	-0.0251948	-0.0228677	-0.00420196	0.0589426	0.0384043	0.0222594	0.00653563	0.0393351	0.0471482	0.0433142	-0.00645275	0.0291146	0.0197533	0.0865655	0.0333051	0.0612144	0.0735773	-0.0296143	0.10258	0.047482	0.107356	-0.0296143	0.0699233	0.0335705	-0.0422516	-0.0165781	0.0299368	0.0536017	0.103408	0.0125769	0.0286183	0.0536017	0.0404864	-0.0159833	0.0107737	0.108232	-0.00922811	-0.000208797	0.0137497
61000	intercept	0.812541	0.814713	0.824501	0.864688	0.793674	0.844472	0.814227	0.845932	0.821479	0.833791	0.833246	0.831161	0.877733	0.844194	0.82056	0.845841	0.819036	0.812121	0.856524	0.86989	0.787132	0.802986	0.863312	0.880994	0.818668	0.835805	0.786438	0.818051	0.851028	0.798347	0.82832	0.810366	0.819939	0.79971	0.825707	0.87542	0.844184	0.827971	0.855985	0.889624	0.860219	0.855492	0.843697	0.847805	0.838009	0.813151	0.834497	0.813652	0.871397	0.83662	0.859838	0.840521	0.876033	0.859838	0.828306	0.879233	0.884703	0.818738	0.878186	0.878186	0.860539	0.86989	0.836843	0.87177	0.803619	0.888953	0.814092	0.871397	0.845841	0.81159	0.808109	0.82589	0.833246	0.876467	0.863285	0.808109	0.835918	0.847113	0.8679	0.82056	0.806959	0.864247	0.789631	0.831184	0.796272	0.858423	0.787511	0.80952	0.844568	0.828349	0.819953	0.863312	0.803755	0.824848	0.84682	0.82589	0.816683	0.861823	0.819939	0.82651	0.818668	0.83438	0.804557	0.84096	0.796272	0.819939	0.826636	0.836416	0.84541	0.867863	0.803012	0.859145	0.784555	0.864247	0.849707	0.852175	0.8458	0.860935	0.799208	0.823009	0.887934	0.867112	0.858302	0.798347	0.884992	0.798552	0.821074	0.841457	0.866525	0.824501	0.788642	0.838496	0.823918	0.840206	0.866864	0.864814	0.8058	0.824856	0.810176	0.818062	0.804557	0.879233	0.833562	0.814176	0.824837	0.856408	0.857599	0.79056	0.831087	0.860935	0.863852	0.804359	0.843101	0.838009	0.838366	0.856024	0.863612	0.844568	0.787511	0.833778	0.857599	0.821074	0.828873	0.869703	0.821074	0.82056	0.863312	0.808109	0.84572	0.817265	0.833416	0.85668	0.85157	0.789631	0.853351	0.828028	0.852158	0.813409	0.798552	0.851089	0.854874	0.840206	0.863312	0.8587	0.831161	0.798133	0.831161	0.881517	0.872241	0.787894	0.809791	0.878009	0.813151	0.803755	0.833246	0.817042	0.863312	0.833786	0.818593	0.799071	0.835918	0.887934	0.80523	0.834698	0.816683	0.808109	0.884703	0.84096	0.877117	0.810816	0.817049	0.796272	0.858447	0.840521	0.831161	0.851089	0.82406	0.796272	0.867689	0.833543	0.80952	0.865113	0.831161	0.799071	0.842334	0.863852	0.81901	0.913424	0.831184	0.880994	0.806959	0.826274	0.873045	0.873859	0.798552	0.799208	0.85668	0.813652	0.824501	0.85668	0.840051	0.842437	0.803012	0.832832	0.850478	0.837767	0.858423	0.867411	0.833543	0.787894	0.815382	0.79971	0.796272	0.81763	0.813106	0.824346	0.864271	0.864247	0.791999	0.810972	0.837767	0.826636	0.843697	0.821074	0.879233	0.852057	0.858447	0.907589	0.873618	0.852057	0.814516	0.85108	0.852057	0.823667	0.875226	0.863612	0.819689	0.811749	0.883494	0.789218	0.791999	0.883494	0.813409	0.867112	0.80795	0.82832	0.844869	0.816683	0.789631	0.83806	0.878871	0.788642	0.82651	0.831161	0.858447	0.860935	0.802697	0.809731	0.813409	0.81763	0.810178	0.876963	0.812618	0.857038	0.815335	0.813106	0.801703	0.8058	0.810816	0.819036	0.840206	0.843261	0.789631	0.836187	0.861256	0.876033	0.87177	0.802043	0.883494	0.824406	0.825707	0.818668	0.856001	0.80952	0.887934	0.826636	0.85668	0.85668	0.824501	0.814464	0.783938	0.860935	0.831779	0.814464	0.856024	0.818668	0.816696	0.83345	0.84572	0.828028	0.787894	0.841021	0.858447	0.815339	0.87542	0.869843	0.878009	0.789631	0.838009	0.819939	0.827529	0.843261	0.786438	0.881335	0.832196	0.887934	0.828028	0.813409	0.824346	0.8058	0.803979	0.869703	0.876033	0.863839	0.832014	0.845374	0.825707	0.858423	0.831779	0.844472	0.823009	0.839545	0.863852	0.806366	0.799071	0.798347	0.808109	0.85108	0.863312	0.806959	0.814891	0.813151	0.863312	0.847054	0.856024	0.884703	0.866864	0.836843	0.816683	0.798552	0.845841	0.779909	0.827828	0.843697	0.852057	0.858447	0.783938	0.845841	0.864247	0.852577
62000	slope	0.0465713	0.0674081	0.0645164	0.000861278	0.0639376	0.0350425	0.00260727	0.0195121	-0.006603	0.0195121	0.0480328	-0.0201999	-0.0436568	0.0521001	0.0207406	0.0266694	-0.0436568	-0.0412494	0.0146794	-0.0351843	-0.0436568	-0.0464131	0.0297531	0.0317749	0.0846598	0.0162812	0.0864015	0.0662595	0.0317749	0.0296166	0.0187872	-0.00322551	-0.00360229	0.0495822	0.0398788	-0.0244684	0.0579429	0.0017237	0.0406923	0.00816575	0.0114501	0.109544	0.050434	0.0508051	-0.0137745	-0.00746274	0.075511	-0.00360229	0.0466782	-0.00822463	0.0563913	0.00895928	0.0589892	-0.0597331	0.0114501	0.0272428	0.00852291	0.11321	0.0406689	0.0926092	0.0266694	-0.0114935	0.0492163	0.0926092	0.0565953	0.0639376	-0.0106704	0.0813496	-0.0326364	0.0229679	0.0355942	0.0132274	0.0468258	0.045188	-0.0201999	0.0639376	0.0632849	-0.00432739	0.0918393	0.018709	-0.0126668	0.0292462	0.0484186	0.000861278	0.0608772	0.0969988	0.105292	0.0291056	0.0418567	0.0918393	0.0545837	0.0324201	0.0291056	0.0749059	-0.0126584	0.0185749	0.0627071	0.0618372	0.0679576	0.0654591	0.0157316	0.0383445	0.105631	0.0468258	0.0196087	0.0661279	0.0480328	0.0508051	-0.0154103	0.0563913	0.033547	-0.0350169	-0.0436568	0.111513	0.0220953	0.0767125	0.0931995	0.0852367	0.0842042	0.0446276	0.0764762	0.0459815	0.028862	0.0746247	0.0385657	0.0614604	0.0260349	-0.0104446	0.0531746	0.05363	0.0391319	0.090165	0.0330914	0.0400111	-0.0436568	0.0725551	0.0751241	0.0214008	-0.0436568	0.00782512	0.028553	0.0186763	0.0528531	0.00654473	0.0229679	0.0195121	0.0256901	0.0852367	0.0142442	0.028862	0.0528531	0.0372823	0.0618172	0.0138949	0.0462919	0.0803301	-0.0841924	0.0852367	0.000861278	0.00687304	0.0364731	0.0627071	0.0571556	0.00895928	0.0199313	-0.0464131	0.00895928	0.049563	0.0769486	0.0307836	0.0980205	0.0767125	0.0481154	-0.00857556	0.0531947	0.0657169	0.0422313	0.0282986	0.0531947	0.0728678	-0.0404514	0.100181	-0.0436568	0.00714642	0.0291056	0.0157316	0.105292	0.0297531	0.059686	-0.0436568	0.00757031	0.0529058	0.0725551	-0.0125013	0.047927	0.0639376	-0.00909342	0.0468258	0.0644694	0.0123091	0.0512954	0.0531746	0.0674081	0.0346454	0.0296166	0.0994169	0.0321684	0.0138949	0.0367131	0.000861278	0.022151	-0.0126584	0.0445808	0.0017237	0.0297531	0.0133868	0.111513	0.0585087	0.050434	-0.0467087	-0.0436568	0.0393154	-0.0370919	0.0479634	-0.00742202	0.115249	-0.00637959	0.0545837	0.100181	0.0165485	0.0157316	0.0529058	0.100181	-0.0189208	0.00816575	0.0455734	-0.0162618	-0.0125013	0.0429564	0.00395043	0.0725551	-0.0326888	-0.0125013	0.0269047	0.0813496	0.00714642	0.0585087	0.0725551	0.104019	0.0157316	0.125524	-0.0433669	-0.00680344	0.0266694	-0.0197913	-0.0591151	0.0699383	0.0579429	-0.0092536	0.0260349	0.0157316	0.00714642	0.0536593	-0.00634852	0.022272	0.0229679	0.0699383	0.013621	0.0138905	0.00687304	0.0539415	-0.0125013	0.0372823	-0.00712644	-0.00246627	0.00895928	0.0571556	0.0603432	0.0406923	0.0114501	0.109034	0.0531746	0.0138905	-0.0478201	0.0508051	-0.006603	-0.0106704	0.0654783	0.011022	0.0975274	0.0275321	0.0256716	0.075511	0.00895928	-0.0412618	0.0445808	-0.0436568	0.0699383	0.0531947	0.0950126	0.0674081	-0.0597331	-0.0560794	0.0388999	-0.00269594	0.0157316	0.0403462	-0.0137745	0.0707304	0.0531746	0.0980205	0.105292	0.0820289	0.0852367	0.100181	-0.0125013	-0.0597331	-0.0436568	0.0901255	0.00254197	0.0852367	0.0101055	0.0847487	0.0571556	-0.0106704	-0.0560794	0.0422306	0.0931995	-0.0126668	0.0674081	0.00895928	0.100181	0.0674081	0.0462165	-0.006603	0.0926092	0.100181	0.0296166	0.0852367	-0.0326364	0.0725551	0.0921523	0.0565953	0.0291056	0.00895928	0.0369722	0.00895928	0.00816575	0.0864015	-0.0125013	0.0564039	0.0124717	0.0361179	0.0447777	-0.00376095	-0.0125013	0.100181	0.0297531	0.0157316	-0.0436568	0.0931995	0.0563913	-0.00680344	0.0767125	0.0975274	0.022151	0.0994169	0.0508051	0.0725551	0.0157316	0.100181	0.0661279	0.0291056	0.0296166	0.0191332	0.0571556	0.0565953	-0.0436568	0.0901255	0.0397408	0.0142442	0.0614604	0.0994169	0.105292	0.0465713	0.0769486	-0.0125013	0.0727583	-0.0126584	0.100181	0.0737502	-0.0154103	-0.0534177	0.0297531	0.0388999	0.0765395	0.0994224	0.090165	0.0701041	0.0908786
62000	intercept	0.804839	0.833914	0.816492	0.866795	0.839521	0.82684	0.810566	0.82756	0.863297	0.82756	0.802765	0.858074	0.869871	0.828914	0.858112	0.82756	0.866583	0.883744	0.816604	0.883744	0.869871	0.869673	0.823702	0.813748	0.748529	0.877281	0.778777	0.829423	0.813748	0.820473	0.848154	0.883165	0.855286	0.829045	0.811033	0.868861	0.795719	0.878278	0.832932	0.824999	0.874871	0.842872	0.834948	0.828016	0.907336	0.886908	0.786765	0.855286	0.822191	0.834874	0.833621	0.887321	0.847354	0.869871	0.874871	0.849646	0.837703	0.825805	0.813748	0.831322	0.82756	0.858074	0.828716	0.832345	0.833362	0.839521	0.851513	0.778777	0.855689	0.841212	0.83244	0.863416	0.889077	0.833189	0.858074	0.839521	0.809174	0.835901	0.776081	0.822312	0.843154	0.807047	0.805895	0.866795	0.79559	0.788063	0.807989	0.82684	0.844971	0.800136	0.807878	0.835332	0.834967	0.841565	0.902891	0.829293	0.85326	0.819165	0.809628	0.783812	0.833913	0.817405	0.755132	0.889077	0.837804	0.855472	0.804061	0.834496	0.871079	0.847354	0.8429	0.858693	0.866583	0.815632	0.85061	0.807878	0.809098	0.84668	0.834922	0.809689	0.822092	0.832674	0.85425	0.783812	0.825746	0.810214	0.83973	0.909448	0.831513	0.841175	0.821456	0.80426	0.846864	0.845823	0.870365	0.783812	0.839452	0.832228	0.869871	0.832757	0.832588	0.837804	0.834001	0.812889	0.831269	0.830081	0.788078	0.84668	0.855013	0.85425	0.834001	0.832153	0.822771	0.887321	0.842989	0.832141	0.863655	0.837017	0.848148	0.808215	0.817068	0.85326	0.819082	0.895251	0.819265	0.886541	0.90585	0.822133	0.834922	0.842992	0.776681	0.815296	0.83619	0.802587	0.797843	0.788465	0.819826	0.817068	0.8105	0.807878	0.867111	0.818228	0.879455	0.822266	0.834967	0.819718	0.800386	0.838511	0.804561	0.888566	0.832764	0.806621	0.783812	0.875748	0.822477	0.83173	0.887989	0.882542	0.825268	0.87342	0.824516	0.831513	0.833914	0.817741	0.820473	0.778802	0.823686	0.879788	0.829513	0.866795	0.825931	0.914777	0.850212	0.877329	0.829293	0.862221	0.788199	0.828914	0.834948	0.87398	0.843122	0.815337	0.84265	0.826564	0.851848	0.802027	0.871799	0.807878	0.827359	0.850671	0.833913	0.806621	0.832141	0.862219	0.824999	0.821456	0.867111	0.875748	0.8291	0.825931	0.790046	0.860617	0.875748	0.835439	0.778777	0.822266	0.83403	0.783812	0.836578	0.833913	0.809084	0.869871	0.883776	0.82756	0.882355	0.863297	0.830274	0.795719	0.885613	0.83973	0.82064	0.822266	0.81879	0.832757	0.866795	0.831269	0.830274	0.82756	0.807947	0.808215	0.81879	0.875748	0.819274	0.85226	0.847847	0.863973	0.819082	0.811839	0.832932	0.874871	0.766616	0.831513	0.807947	0.85878	0.819826	0.863297	0.867874	0.784245	0.831269	0.842872	0.832109	0.851379	0.788465	0.840633	0.855689	0.850212	0.869871	0.848906	0.8105	0.832141	0.833914	0.869871	0.85878	0.839733	0.819184	0.82064	0.83154	0.907336	0.840457	0.831513	0.798257	0.800386	0.792	0.84668	0.806077	0.869446	0.878936	0.879455	0.832141	0.87342	0.84668	0.825264	0.755398	0.821336	0.867874	0.868918	0.831304	0.809098	0.854517	0.833914	0.89052	0.832141	0.833914	0.846851	0.874096	0.831322	0.8256	0.824516	0.837017	0.855689	0.783812	0.829999	0.829224	0.820473	0.862221	0.804839	0.866901	0.829293	0.778777	0.869446	0.829992	0.858899	0.813748	0.839715	0.863297	0.875748	0.8256	0.829293	0.82064	0.869871	0.819691	0.844104	0.883776	0.815296	0.842872	0.825931	0.778802	0.819826	0.783812	0.82064	0.818228	0.85003	0.820473	0.820473	0.821492	0.823891	0.833362	0.854721	0.832141	0.85425	0.855013	0.810214	0.778802	0.798517	0.804839	0.834922	0.875748	0.811839	0.887404	0.818228	0.824246	0.871079	0.877039	0.85061	0.839733	0.831047	0.82963	0.80426	0.854926	0.787027
63000	slope	0.0282607	0.114399	-8.15174e-05	0.0826084	0.0476806	0.0129375	0.0689248	0.053124	0.034155	0.0476806	0.0533321	0.0449959	0.0394035	0.102944	0.0926439	0.0588351	0.042007	0.024684	0.0499177	0.0394035	0.0597714	0.0960797	0.0450991	0.0519057	0.0481283	0.0926439	0.0203376	0.0356396	0.0770911	0.0575953	0.0613481	0.0435711	0.121184	0.121184	0.0499793	0.0259368	0.124265	0.0615257	0.00857824	0.0100546	0.0468948	0.137605	0.017783	0.042007	0.0496432	0.0192552	0.0304879	0.0174001	-0.0157459	0.0282607	0.0472276	0.106194	0.0667491	0.0578213	0.00704299	0.0351806	0.0282711	0.0281584	0.0513623	0.0628247	0.0651351	0.0170486	0.0192552	0.103708	0.0210054	0.0481158	0.043064	0.0974593	0.0270848	0.043064	0.0575953	0.0869407	0.0575953	0.0449532	0.00245695	0.0394035	0.0689248	0.105075	0.0737838	0.0517108	0.121184	0.0343893	0.0688558	0.0499561	0.082807	-0.0157459	0.0960797	0.0499177	0.0276328	-0.0110668	0.0982712	0.0168344	0.0683814	0.0210054	0.031967	0.0530186	0.0488458	0.0187453	0.0198155	0.0506626	0.0965365	0.0960797	0.00915111	0.0278658	0.0822489	0.0246765	0.0315809	0.0394035	0.0343893	0.06486	0.0926439	0.100963	0.0322718	0.124265	0.0252864	0.0926439	0.10534	0.0640345	0.050896	0.0282711	0.0859104	0.0187453	0.0347937	0.0588351	0.0951495	0.0148209	0.117267	0.0575953	0.0587998	0.033708	0.0689248	0.070638	0.0642659	0.0587998	0.0613707	0.0137886	0.0583541	0.0377394	0.0976411	0.0499177	0.0926439	0.0108735	0.0237442	0.043064	0.0370634	0.0805062	0.0354481	0.0651351	0.0487335	0.0602328	0.08715	0.141591	0.119905	0.0438297	0.0502727	0.0427764	0.0435711	0.125522	0.0331223	0.0354481	0.0315165	0.039816	0.0375163	0.0351806	0.0423131	0.118979	0.0499793	0.039816	0.0455684	0.0609866	0.00349914	0.0282711	0.0499177	0.0304944	0.0281584	0.0888243	0.0168344	0.00058371	0.0202676	0.0976411	0.0354481	-0.0554062	0.0758157	0.04162	0.0488458	0.0642659	0.0354481	0.0672954	0.131017	0.0499177	0.0577432	0.0151622	0.0304879	0.0160548	0.0233317	0.103708	0.0237442	0.031967	-0.00185969	0.0438297	0.0390075	0.0960797	0.0618958	0.0731393	0.0877209	0.0620283	0.00245695	0.039816	0.0929412	0.0500557	0.0333276	0.111996	0.0210054	0.0699404	0.0499793	0.0420568	0.0347937	0.0260928	0.0427164	0.0304944	0.0735485	0.0158769	0.0427164	0.0410933	-0.0135876	0.0615569	0.124265	0.0520354	0.0304944	0.0177476	0.0960797	0.0960797	0.0419659	0.0929412	0.0168344	0.0640345	0.0140324	0.043064	0.0976411	-0.0110668	0.100383	0.0929412	0.0304879	0.0387826	0.0276328	0.0500557	0.0420376	0.0672954	0.0575953	0.0667491	0.0826084	0.00245695	0.103708	0.0354481	0.0499793	0.0205605	0.0672954	0.0541849	0.13281	0.0976411	0.0836179	0.106747	0.0499793	0.043064	0.0354481	0.0377394	0.0642659	0.10534	0.0347937	0.0575953	0.120346	0.031415	0.00632362	0.0859104	0.0260928	-0.0157459	0.0499177	0.0226994	0.0137578	0.0306329	0.00349914	0.113582	0.057268	0.0651351	0.0289804	0.00632362	0.124265	0.06486	0.108068	0.0354481	0.0315165	0.00632362	0.00632362	0.0160548	0.0974593	0.0970409	0.0239528	0.06486	0.0442316	0.0667491	0.0395719	0.0282607	0.0651351	0.0394035	0.0467167	0.00785912	-0.0107969	0.0513623	0.0306329	0.042007	0.0467167	0.0328035	0.0663458	0.0699404	0.0667491	0.0631708	0.0394035	0.0513623	0.0673904	0.0354481	0.06486	0.0139764	0.0394035	0.0689248	0.0819318	0.042007	-0.0554062	0.0487258	0.104361	0.0281584	0.0577432	0.0701282	0.0540565	0.0673904	0.0735485	0.0651351	0.0354481	0.0384386	0.0341065	0.0274532	0.0667491	0.0499177	0.0222367	0.0374591	0.0667491	0.0506626	0.0380174	0.0300842	0.0108735	0.113723	0.0476769	0.06486	0.0911926	0.0467167	0.0122868	0.0248758	0.0360987	0.0210879	0.100063	0.0615569	0.042007	0.0226994	-0.00992276	0.08715	0.0488458	0.0499177	-0.00185969	0.0880588	0.0213231	0.043064	0.0499793	0.0499177	-0.0157459	0.0282607	-0.0157459	0.0926439	0.039816	0.098838	0.0168344	0.0462138	0.0953042	0.0245082	0.121184	0.0799749	0.0472276	0.0596627	0.0142988	0.0238521	0.121184	0.0018263	0.0219018	0.10534	0.0595809	0.0282607	0.0888243	0.0731393	0.0337613	0.0481158	0.100383	0.0989649
63000	intercept	0.825224	0.815093	0.831709	0.832587	0.845683	0.836546	0.812589	0.80298	0.853955	0.821207	0.802999	0.823149	0.809738	0.789401	0.810906	0.834908	0.829619	0.841839	0.834908	0.826134	0.829323	0.815163	0.805286	0.829323	0.861268	0.805695	0.784213	0.829439	0.818829	0.840222	0.831949	0.835774	0.781964	0.781964	0.856371	0.861819	0.783129	0.840522	0.822944	0.888951	0.842692	0.785188	0.82556	0.819341	0.847011	0.842692	0.817672	0.826449	0.815867	0.827631	0.841624	0.781964	0.820462	0.836418	0.905024	0.840136	0.842874	0.821064	0.875693	0.809661	0.808789	0.825224	0.838204	0.797831	0.843035	0.856332	0.868112	0.817333	0.847143	0.861945	0.840222	0.832587	0.840222	0.868803	0.82556	0.824231	0.812589	0.790142	0.822828	0.805867	0.781964	0.837315	0.823987	0.83498	0.820343	0.815867	0.813617	0.834908	0.846611	0.897638	0.820577	0.842695	0.832587	0.843035	0.77537	0.801079	0.861005	0.823909	0.848065	0.808734	0.802707	0.804592	0.839343	0.817838	0.840534	0.829842	0.834367	0.824231	0.845669	0.817888	0.805695	0.807159	0.840971	0.783129	0.840946	0.805695	0.801088	0.801079	0.816093	0.842874	0.816586	0.823909	0.850353	0.834908	0.815208	0.799551	0.813235	0.840222	0.823155	0.861005	0.812445	0.812589	0.794445	0.823448	0.818507	0.861819	0.793383	0.82368	0.80724	0.834908	0.805695	0.855758	0.824135	0.868112	0.821861	0.808717	0.842692	0.808789	0.825123	0.825487	0.805038	0.762785	0.794798	0.862773	0.839361	0.837995	0.835774	0.785188	0.838467	0.842692	0.838467	0.828864	0.80986	0.840136	0.86541	0.783129	0.85034	0.827036	0.799207	0.836875	0.823909	0.842874	0.834908	0.830622	0.821064	0.777299	0.848127	0.831709	0.790259	0.810373	0.842692	0.86191	0.861005	0.828864	0.861005	0.794445	0.842692	0.82594	0.766761	0.828441	0.838467	0.829948	0.817672	0.842833	0.846649	0.808112	0.826839	0.787787	0.836578	0.84191	0.873843	0.798228	0.812589	0.820343	0.832587	0.800412	0.82556	0.815709	0.816586	0.788131	0.825224	0.808112	0.843035	0.818829	0.85034	0.805975	0.848065	0.837048	0.805975	0.813994	0.803869	0.848065	0.805975	0.842874	0.891144	0.858706	0.783129	0.835695	0.830622	0.790259	0.797414	0.804592	0.817332	0.817519	0.842695	0.801079	0.848065	0.868112	0.798547	0.897638	0.802243	0.816586	0.817672	0.869959	0.846611	0.801079	0.840522	0.825224	0.840222	0.828709	0.832587	0.82556	0.808112	0.858882	0.856371	0.851625	0.825224	0.855204	0.800973	0.798547	0.822239	0.79704	0.856371	0.861945	0.842692	0.819258	0.808908	0.801088	0.848065	0.840222	0.796844	0.909407	0.866681	0.816586	0.837048	0.815867	0.828441	0.866672	0.840191	0.799551	0.823909	0.781964	0.835362	0.808789	0.854035	0.866681	0.783129	0.817888	0.810635	0.842692	0.833498	0.866681	0.866681	0.828989	0.765159	0.794356	0.790259	0.817888	0.837716	0.828707	0.827616	0.827631	0.814704	0.824231	0.836418	0.839343	0.891144	0.865448	0.799551	0.825224	0.836418	0.846401	0.808789	0.818829	0.820462	0.790857	0.826134	0.875693	0.840534	0.842692	0.817888	0.842692	0.824231	0.816093	0.825224	0.825224	0.863002	0.859294	0.807526	0.821064	0.838467	0.864357	0.868803	0.868913	0.803869	0.810452	0.842692	0.873887	0.838973	0.841634	0.828709	0.834908	0.828989	0.80589	0.819803	0.813147	0.86541	0.817428	0.855758	0.787793	0.861005	0.817888	0.833341	0.83328	0.879116	0.846401	0.850503	0.840831	0.808112	0.861945	0.825224	0.861005	0.891144	0.805038	0.859055	0.828441	0.836578	0.805695	0.824575	0.861945	0.85034	0.828441	0.816768	0.827631	0.816768	0.805695	0.808756	0.832587	0.848048	0.86541	0.826641	0.828989	0.781964	0.832587	0.841624	0.841633	0.83944	0.825224	0.778528	0.875147	0.861005	0.80598	0.827036	0.827631	0.777299	0.820343	0.853955	0.856332	0.802243	0.803597
64000	slope	0.100215	0.0452544	0.0638465	0.0664025	0.103722	0.0611941	0.0520402	0.0956304	0.103722	0.0543022	0.0457757	0.00161575	0.104867	0.0574771	0.0124393	0.091277	0.0808275	0.0742133	0.0656456	0.0390697	0.0370386	0.0687121	0.0191061	0.0499668	0.0417192	0.0537388	0.101056	0.0143753	0.122719	0.0440338	0.0956304	0.0432042	0.0299178	0.00380735	0.0167838	0.0444082	-0.0124365	0.0509973	0.0802074	0.0463164	0.0295367	0.0416202	0.047072	0.0492419	0.0742133	0.0731774	0.059125	0.0553475	0.0517357	0.00114942	0.091277	0.0479291	0.0374541	0.091277	0.0506528	0.0497363	0.0370276	0.0321512	0.0850539	0.10723	0.066786	0.017426	0.0783759	0.0107911	0.0751716	0.0367644	0.0332858	0.147159	0.0537463	-0.0110647	0.0118045	0.0368971	0.034119	0.00161575	0.0370276	0.0664124	0.0217778	0.0151787	0.0809276	0.0805062	0.00161575	0.033827	0.00660958	0.00168461	0.0645171	0.0600858	0.0728207	0.0599303	0.033033	0.017426	0.082133	0.0662746	0.0706042	0.0744326	0.0783759	0.0506528	0.0671633	0.0517455	0.0872716	0.0972813	0.0995749	0.091277	0.079794	0.00102793	0.0679462	0.0679462	0.0282833	0.039234	0.0577142	0.0679462	0.0289546	0.0375661	0.046242	0.0750549	0.0600858	0.0744326	0.058908	0.00102793	0.0506528	0.0247805	0.10723	0.010648	0.028236	0.0185746	0.0234645	0.072637	0.0258224	0.0234645	0.0390697	0.0391856	0.039234	0.0342247	0.0448997	0.0392834	0.0611941	0.0644751	0.0956304	0.0671633	0.0367644	0.0452919	0.0129931	0.0247805	0.0538201	0.0390697	0.0243527	0.0588877	0.0520402	0.0561384	0.0231115	0.070799	0.0360168	0.109166	0.0618174	0.0684261	0.0744326	0.0439925	0.0432042	0.0267187	0.0538201	0.0641078	0.0327706	0.0390697	0.0430581	0.0234645	0.0948699	0.0588877	0.0538201	0.0200715	0.0537463	0.033033	0.103791	0.0107838	0.0517198	0.0543022	0.0856954	0.0289546	0.0537463	0.00114942	0.0487194	0.0660405	-0.00400881	0.0744326	0.106682	0.103457	0.0167838	0.0517198	0.0398037	0.0742709	0.032024	0.0422855	0.033033	0.0432945	0.0245798	0.0803012	0.0165867	0.0600858	0.0306071	0.0284323	0.0233839	0.0334248	0.00213113	0.0283687	0.0577142	0.104026	0.024364	0.033033	0.0336415	0.070799	0.00915993	0.0297801	0.0140242	0.0452919	0.00380735	0.0499954	0.0234645	0.0271205	0.147159	0.0278352	0.0641078	0.0269673	0.0506528	0.0611962	-0.0355622	-0.00582966	0.0850539	0.0611941	0.0553163	0.0587016	0.0289546	0.0980553	0.0956304	0.0668194	0.109038	0.0545997	0.025093	0.0551947	0.0417192	0.0211179	0.103722	0.0247805	0.0605085	0.0681942	0.119238	-0.0321743	0.0728207	0.0390697	-0.0110647	-0.00531038	-0.0231268	0.0664124	0.101715	0.0289546	0.079794	0.0501701	0.033033	0.0810485	0.0161267	0.0377572	0.0331168	0.0965944	0.0631485	0.0441298	-0.0284496	0.0390697	0.0247805	0.0312109	0.0546975	0.0656456	0.0589368	0.033033	0.0153563	0.0990498	0.0599303	0.0731305	-0.0321743	0.0331168	0.00161575	-0.0110647	0.0390697	0.0140242	0.0546975	0.033827	0.100215	0.0517198	0.0665394	0.033033	0.101715	0.0265734	-0.0016886	0.0390697	0.039234	0.0599303	0.0662746	0.120399	0.01949	0.0432042	0.0417121	0.0140242	-0.00582966	0.0231115	0.103722	0.024364	0.039234	0.0956304	0.046242	0.0246659	0.0956304	0.0139399	0.0432042	0.0751716	0.0704451	0.0664124	0.0671633	0.085908	0.079794	0.0986971	0.00604929	0.0685349	0.101056	0.0772837	0.0206105	0.0690257	0.0515148	0.10723	0.0485206	0.0744326	0.0171814	0.0217778	0.0826796	0.0331168	0.091277	0.00213113	0.0557787	0.0506528	0.0144188	0.0367644	0.103791	-0.0321743	0.121104	0.112175	0.0681942	0.0599303	0.0066534	0.103722	0.000377707	0.0658641	0.0742133	0.0390697	0.0687121	0.0360168	0.0295367	0.00684402	0.0289546	0.125797	0.130723	0.0217778	0.0664124	0.0282833	0.0260828	0.0598089	0.0611962	0.0360168	0.10723	0.0679462	0.00380735	0.0744326	0.0633378	0.0716963	0.0278352	0.0600191	0.0679462	0.0973529	0.132303	0.0972813	-0.0355622	0.0515148	0.0803012	0.0217778	0.0377572	0.101056	0.0681942	0.0731305	-0.0231268	-0.00267713	0.0686608	0.0245463	0.0336415	0.0267187	0.0258224	0.0378978	0.103457	0.00905054	0.0206105	0.0123897	0.0579004	0.00380735	0.0656456	-0.0127163	0.00161575	0.0216875
64000	intercept	0.794715	0.850248	0.790424	0.844544	0.802976	0.797397	0.823542	0.796795	0.802976	0.83424	0.803599	0.827321	0.802976	0.817939	0.839235	0.839718	0.815439	0.804658	0.818485	0.836177	0.840275	0.826789	0.816175	0.815807	0.896468	0.819301	0.814952	0.770182	0.790367	0.834389	0.807879	0.813922	0.863553	0.837949	0.859198	0.820923	0.83695	0.803599	0.814691	0.830897	0.85301	0.827433	0.844017	0.853403	0.804658	0.818182	0.806431	0.808011	0.825598	0.832071	0.840142	0.829055	0.85557	0.839718	0.855278	0.827324	0.851059	0.829784	0.828424	0.786447	0.785322	0.76597	0.790424	0.814406	0.825624	0.830586	0.859767	0.778174	0.805071	0.851156	0.802043	0.810124	0.85399	0.827321	0.851059	0.804658	0.820333	0.842024	0.819611	0.802782	0.827321	0.83146	0.833498	0.853534	0.852367	0.83997	0.855278	0.843149	0.844199	0.76597	0.807531	0.832246	0.790707	0.816573	0.785082	0.855278	0.790424	0.849969	0.787613	0.806096	0.799622	0.839718	0.8362	0.854467	0.799795	0.791908	0.840011	0.866799	0.855278	0.791908	0.826383	0.811935	0.809088	0.816449	0.856112	0.816573	0.80765	0.854467	0.840273	0.842024	0.786447	0.842024	0.845171	0.824568	0.865974	0.855125	0.882626	0.864049	0.844866	0.825116	0.855122	0.816315	0.817093	0.859767	0.784371	0.841805	0.816624	0.790424	0.834384	0.803481	0.914425	0.842024	0.830586	0.844866	0.855992	0.798873	0.823542	0.847024	0.858045	0.822998	0.860638	0.802583	0.841465	0.787813	0.804741	0.831439	0.808666	0.866979	0.830586	0.816741	0.86235	0.8549	0.837603	0.858965	0.826368	0.798873	0.830586	0.840684	0.805071	0.854678	0.802976	0.819109	0.803599	0.83424	0.828858	0.871462	0.801621	0.832071	0.831813	0.824534	0.869614	0.830354	0.802976	0.787579	0.859198	0.803599	0.852067	0.840142	0.8554	0.836183	0.844199	0.830793	0.844754	0.775042	0.843165	0.83997	0.830757	0.843037	0.848213	0.828445	0.907829	0.825701	0.855278	0.795251	0.818498	0.844199	0.843473	0.822998	0.855992	0.827321	0.851927	0.803481	0.837949	0.803599	0.864049	0.833983	0.778174	0.862514	0.816741	0.852501	0.840273	0.815453	0.8439	0.842304	0.834152	0.797397	0.860678	0.851633	0.826383	0.807879	0.807879	0.791908	0.798156	0.850845	0.817566	0.827179	0.896468	0.863984	0.802976	0.842024	0.86205	0.850221	0.806081	0.883209	0.855278	0.844866	0.860872	0.847268	0.863346	0.804658	0.788331	0.848213	0.823409	0.825598	0.844199	0.815813	0.840649	0.843422	0.806431	0.791916	0.851191	0.805101	0.861677	0.844866	0.842024	0.82948	0.823542	0.818485	0.816741	0.844199	0.848639	0.802976	0.843149	0.809088	0.883209	0.799984	0.827321	0.867419	0.844866	0.851927	0.82509	0.839014	0.795251	0.803599	0.830538	0.844199	0.785252	0.82948	0.821973	0.839029	0.866799	0.843149	0.816828	0.814907	0.851274	0.809914	0.827914	0.851927	0.842304	0.858045	0.802976	0.818498	0.866799	0.816624	0.824272	0.814406	0.807879	0.82075	0.800945	0.825624	0.852821	0.804658	0.790424	0.809918	0.823409	0.807879	0.817566	0.803161	0.814952	0.803599	0.828174	0.818182	0.830109	0.794813	0.814941	0.816573	0.82075	0.822517	0.806356	0.799322	0.853102	0.907829	0.82936	0.855278	0.814406	0.841438	0.802976	0.883209	0.791377	0.823947	0.812445	0.861587	0.848639	0.802976	0.862707	0.82936	0.804658	0.840857	0.815186	0.850248	0.870102	0.914425	0.819953	0.770247	0.790821	0.824568	0.804658	0.840011	0.821024	0.854769	0.815453	0.850248	0.786447	0.807092	0.837949	0.816573	0.84614	0.790424	0.871462	0.861225	0.791908	0.812022	0.79126	0.806096	0.8439	0.833408	0.775042	0.824568	0.857751	0.814952	0.831361	0.809088	0.863346	0.851272	0.851924	0.848624	0.843473	0.847408	0.861225	0.809088	0.787579	0.865103	0.828174	0.881472	0.839992	0.82813	0.818485	0.833336	0.821542	0.792343
65000	slope	0.0687596	0.0841496	0.0221826	0.0492862	0.0306301	0.0751472	0.0366406	0.0820804	0.0671633	0.0335509	0.0635858	0.0313265	0.0195881	0.0821648	0.113234	0.0219151	0.079831	0.0242231	0.0448499	0.0888549	0.0608656	0.0381943	0.0360598	0.0407998	0.0220615	0.0322754	0.0268698	0.0803836	0.0423333	0.0972348	0.0609047	0.0457608	0.0616267	0.0389765	-0.0183029	0.0972269	0.100515	0.0493219	0.0888549	0.0432274	0.0853228	0.0180753	0.0345082	0.0339081	-0.000524071	0.0432274	0.0172111	0.0451411	0.0460269	0.0724785	0.0641403	0.0432274	-0.010421	0.0431933	0.0854636	0.0310178	0.0180753	0.0193367	0.0394275	0.0710061	0.105153	0.0159606	0.0405496	0.0398455	0.0520164	0.0339081	0.0492862	0.0803836	0.0483217	0.109701	0.015988	0.0103584	0.0504544	0.0429728	0.0225631	0.108897	0.0172111	0.0119582	0.0921696	0.0492862	0.0478005	0.0330146	0.0238544	0.0520164	0.104648	0.0233316	0.104407	0.0821648	0.0502299	0.0613635	0.0687596	0.0424802	0.0520164	0.038283	0.0520164	0.065431	-0.00650445	0.0314618	0.071663	0.0888549	0.0834834	0.010425	0.045362	0.0386211	0.0387729	0.0537637	0.0570299	0.0428188	0.084188	0.0457608	0.0412797	0.0254205	0.0565206	0.0489072	0.0268698	0.0268698	0.0736515	0.0374858	0.0689834	0.0254205	-0.0112054	0.106944	0.0570614	0.0257405	0.0158162	0.0394236	0.100515	0.0495187	0.0407998	0.0331984	-0.0183029	0.0398455	0.0687596	0.0432274	0.0687596	0.010425	0.0854636	-0.00650445	0.0396584	0.0239738	0.037049	0.0690457	0.12216	0.0180753	0.0413047	0.0557593	0.0242231	0.015988	0.0583134	0.0488723	-0.0199798	0.0587984	0.0858592	0.0407998	0.0821648	0.0489072	0.0803836	0.0341534	0.0416733	0.0624583	0.0635858	0.0821648	0.010425	0.0736515	0.105153	0.0570614	0.0426263	0.016967	0.0304843	0.0484238	0.0527203	0.104368	0.0398455	0.00885934	0.0263305	-0.00650445	0.105153	0.061331	0.0924361	0.0467039	0.0399733	0.0609834	0.00976453	0.0407998	0.0492371	0.00442782	0.0437886	0.105265	0.0328675	0.0145168	0.0567347	0.0514807	0.0847419	0.0268698	0.0632472	0.0163044	0.0804876	-0.00650445	0.012482	0.0195881	0.0203042	0.081953	0.0587984	0.0484238	0.0451411	0.103406	0.0699826	0.026462	0.0148371	0.0432274	0.0736515	0.0371565	0.0247241	0.0489072	0.0310178	0.0511602	0.00596086	-0.00270896	0.0760411	0.0803836	-0.000524071	0.079831	0.0853228	0.0559216	0.0429728	0.0760411	0.012482	0.0671633	0.0898835	0.105153	0.0983544	0.0381294	0.0671633	0.0163044	0.0434544	0.00848224	0.0649407	0.0609047	0.0492862	0.0434979	0.0328911	0.010425	0.06033	0.0292199	0.0452828	0.0736515	0.0484238	0.0304843	0.0537637	0.0655563	0.0623255	0.033257	0.094154	0.0335524	0.0407998	0.035024	0.00544775	0.048391	0.0398455	0.0252903	0.0341534	0.0769289	0.0483217	-0.0215905	0.0292199	-0.000524071	0.0205225	0.0972269	0.0203042	-0.0207214	0.00379447	0.0310178	0.0699826	0.0484238	0.0432274	0.0710061	0.0489072	0.0853228	-0.0140923	0.00101569	0.038911	0.0350918	0.0103584	0.00274788	0.081953	0.0320228	0.0220615	0.0983544	-0.00973808	0.0399733	0.112208	0.0853228	0.0913096	0.0853228	0.048391	0.104407	0.0760411	0.0448404	0.0537637	0.0145168	0.0671633	0.0570299	0.0839392	0.061283	0.032155	0.0310178	0.0361901	0.071749	0.0744637	0.0387729	0.104407	0.00544775	0.0821648	0.0477049	0.0492862	0.0606411	0.0451411	0.0530758	0.0383474	0.0136384	0.0234701	0.0484297	0.0653511	0.0841496	-0.000524071	0.048391	0.0570299	0.0606411	0.0489072	0.0159606	0.0198497	0.0736515	0.0471388	0.0606411	0.0239386	0.0909973	0.0537637	0.015988	0.0803744	0.0710061	0.042759	0.0841496	0.0241435	0.0380667	0.0492862	0.112208	0.0724785	0.0753343	0.0565118	0.0413047	0.0853228	0.0632227	0.0821648	0.0830031	0.0398455	-0.000524071	0.0341534	0.0689834	0.0920178	0.0962707	0.0537637	0.00442782	0.0447281	0.0583134	0.0423333	0.0920231	0.00253058	0.0195881	0.033371	0.0239386	0.0512175	0.0268698	0.048391	0.0143128	0.0292199	0.0256876	0.044839	0.00101569	0.0860854	0.0447281	0.00563692	0.0570299	0.0853228	0.0407998	0.0689834	0.0520164	0.0994655	0.065431	0.103406	0.0518855	0.0689834	0.0498095	0.0821648	0.0302095	0.035024	0.038283	0.0687596	0.0143128	0.0380372	0.0198497
65000	intercept	0.787519	0.858791	0.841372	0.858903	0.846048	0.809752	0.845721	0.825443	0.846327	0.854376	0.813978	0.875558	0.850659	0.799289	0.804521	0.851962	0.746973	0.851046	0.86841	0.848518	0.831373	0.8202	0.842864	0.821515	0.862058	0.84432	0.834378	0.753911	0.868874	0.794242	0.83899	0.86841	0.846327	0.841396	0.855234	0.763876	0.799437	0.836081	0.848518	0.865547	0.757745	0.865204	0.850885	0.830995	0.818969	0.858064	0.875558	0.841592	0.862529	0.827762	0.82808	0.865547	0.803266	0.820907	0.855252	0.856044	0.865204	0.852038	0.823216	0.814201	0.777912	0.852277	0.802578	0.811331	0.833298	0.830873	0.858903	0.757745	0.808053	0.755946	0.876893	0.823399	0.865204	0.872941	0.828391	0.78695	0.875558	0.875558	0.81786	0.864789	0.832159	0.84945	0.854077	0.836539	0.821667	0.851225	0.818203	0.799289	0.808191	0.850511	0.820929	0.83576	0.825269	0.821515	0.818046	0.862166	0.823107	0.852277	0.819595	0.838049	0.81472	0.849904	0.821914	0.857729	0.836119	0.826917	0.854456	0.85079	0.818343	0.86841	0.847506	0.842233	0.84645	0.874899	0.834378	0.834526	0.818214	0.838018	0.815059	0.850299	0.855234	0.802455	0.852968	0.794365	0.82493	0.880469	0.799437	0.82493	0.821515	0.831221	0.855234	0.787302	0.804813	0.865547	0.787519	0.849904	0.855252	0.813355	0.853089	0.876893	0.867724	0.835211	0.830075	0.865204	0.851225	0.860647	0.845721	0.876893	0.854841	0.841834	0.805844	0.860831	0.82808	0.821515	0.799289	0.851225	0.757745	0.866488	0.822717	0.867815	0.813978	0.799289	0.855127	0.835112	0.824628	0.854968	0.85933	0.82731	0.85079	0.854456	0.834438	0.799003	0.787302	0.829538	0.852442	0.813355	0.820751	0.833933	0.808796	0.845083	0.851962	0.828165	0.831383	0.821515	0.837773	0.861987	0.851225	0.792448	0.876967	0.852277	0.813978	0.856735	0.799761	0.834588	0.844456	0.875558	0.787251	0.823399	0.843758	0.835929	0.854415	0.800555	0.860831	0.854456	0.841592	0.779383	0.82808	0.834193	0.876967	0.865547	0.82785	0.830075	0.834378	0.851225	0.856044	0.838521	0.84463	0.84616	0.822173	0.757745	0.818969	0.748227	0.767116	0.837601	0.872941	0.822173	0.843758	0.846327	0.807278	0.777912	0.849441	0.845721	0.846327	0.875558	0.828792	0.837524	0.837601	0.83899	0.858903	0.78447	0.873299	0.849904	0.755561	0.876893	0.785186	0.830421	0.854456	0.85079	0.826917	0.817001	0.821625	0.844239	0.837591	0.821515	0.821515	0.865204	0.834555	0.800169	0.79977	0.858226	0.866488	0.826806	0.808053	0.830819	0.876893	0.818969	0.809982	0.760168	0.851073	0.824151	0.834526	0.849584	0.82808	0.871035	0.865547	0.814201	0.851225	0.756967	0.855234	0.830819	0.836939	0.846048	0.823399	0.840169	0.81786	0.789117	0.862058	0.849441	0.840169	0.851962	0.808306	0.755425	0.82808	0.740453	0.797665	0.817908	0.822173	0.845721	0.826917	0.852277	0.846327	0.860514	0.784774	0.859464	0.835929	0.856044	0.794285	0.78632	0.841963	0.833117	0.817908	0.834555	0.799289	0.808256	0.864789	0.837601	0.841592	0.78331	0.78447	0.805258	0.834526	0.86841	0.826209	0.858791	0.818969	0.797665	0.862227	0.829965	0.851225	0.852277	0.858226	0.82785	0.787887	0.853239	0.863276	0.799761	0.826917	0.876893	0.803544	0.814201	0.805121	0.858791	0.830075	0.845396	0.864789	0.808796	0.827762	0.843822	0.860831	0.851225	0.756967	0.827762	0.799289	0.795337	0.784868	0.824326	0.866488	0.817466	0.757745	0.800319	0.826917	0.861987	0.832063	0.854841	0.868874	0.760481	0.850588	0.835929	0.801581	0.863276	0.813978	0.830466	0.789904	0.834526	0.865394	0.852277	0.844267	0.830819	0.807278	0.832063	0.787745	0.862481	0.756967	0.821515	0.804635	0.817231	0.799761	0.862166	0.799761	0.83899	0.817466	0.807533	0.808191	0.832986	0.852935	0.821515	0.787519	0.834526	0.831221	0.858226
66000	slope	0.0436149	0.0162516	0.0103155	0.054772	0.0478738	0.0331776	0.0745766	0.104572	0.0305794	0.00402418	0.0194918	0.0434482	0.0375711	0.0478297	0.050306	0.0991881	0.0701649	0.121828	0.0569898	0.0277205	0.061385	0.0141911	0.115301	0.0414165	0.0780697	0.0417861	0.0128084	0.0255825	0.122451	0.0031741	0.050296	0.050306	0.050306	-0.00890396	0.0298922	0.0496158	0.0424787	-0.0121717	0.0701662	0.0417861	0.0869019	0.0203572	0.0375711	0.048882	0.0551359	0.0574832	0.0263628	0.0879115	0.0348604	0.095565	0.0862214	-0.00838065	0.0456541	0.0312146	0.0461065	0.0213147	0.0380513	0.11193	0.0465728	0.00168813	0.0385146	0.0384559	0.0692172	0.041042	0.0539409	0.0170915	0.0964565	0.046803	0.0645877	0.0502918	0.0352435	0.0365534	0.0563578	0.0644538	0.0364033	0.0505229	-0.0275943	0.0548825	0.0278557	0.0579467	0.0443413	0.0123309	0.0372272	0.0203572	0.00269801	0.0747379	-0.0135531	0.0169121	0.0385146	0.0536747	0.0837604	0.102483	0.078023	0.0443121	0.11193	0.0396786	0.0924744	0.115301	0.079184	0.0418125	0.0543722	0.0275953	0.0395781	0.0474973	0.0299134	0.0152895	0.00417717	0.0498464	0.0438164	0.0305794	0.0990282	0.0660997	0.0791129	0.0497503	0.0790874	0.0659939	0.0463177	0.0430186	0.049175	0.0694213	0.0169121	0.0560721	0.0693775	0.0169121	0.052725	0.0484472	0.0494992	0.0519077	0.0498464	0.0336602	0.0503944	0.0945698	0.0515809	0.100081	0.0392399	0.00403489	0.0312146	0.0566873	0.0513179	0.0675344	0.078023	0.0120413	0.0385146	0.0629726	0.0305794	0.0170335	0.054772	0.0484854	0.054772	0.020759	0.0507704	0.066403	0.0273081	0.0380513	0.06177	0.0284299	0.00807052	0.0375711	0.0627012	0.0945698	0.0346428	0.0579464	0.0365534	-0.0135531	0.0621348	0.0484854	-0.0312108	0.0431847	0.0644538	0.0564173	0.0456541	0.0065327	-0.00440795	0.0265977	0.0574832	0.0385146	0.0456853	0.030418	0.0752165	0.0494992	0.0456541	0.0599323	0.0372905	0.0736819	0.0312146	0.0394595	0.107304	0.0478297	0.0579467	0.050306	0.0192468	0.0468918	0.0432285	0.0328529	0.0659671	0.0999012	0.048882	0.0620948	0.050306	0.020759	0.103107	0.0619391	0.0431559	0.0494992	0.0517816	0.0424787	0.047485	0.00402418	0.00307546	0.0686004	0.0380406	0.0790874	0.0528582	0.104572	0.0216547	0.0410823	0.0701662	0.0581579	0.0382149	0.127589	0.0365534	0.0375711	0.0365534	0.054772	0.0820535	0.0566873	0.0284299	0.0382149	0.0205761	0.043598	0.10489	0.116719	0.0194918	0.0521518	0.102192	-0.0118445	0.102018	0.0560721	0.0461065	0.050306	0.0312146	0.00722953	0.0686004	0.0468363	0.075385	0.0620948	0.0214714	0.0524245	0.0496158	0.048882	0.0890346	0.0605562	0.0494992	0.0346428	0.0540334	0.0216547	0.0375711	0.0372272	0.000418309	0.0497539	0.0435784	0.0170823	0.050306	0.030686	0.00403489	0.0391699	0.0344867	-0.0135531	0.0518995	0.0375711	0.0701649	0.053831	0.0605562	0.0588419	0.0676271	0.0375711	0.0505229	0.0272318	0.0252394	0.0385146	0.0215237	0.060851	0.0380522	0.044739	0.0572726	0.00855226	0.0537913	0.0528582	0.0788489	0.00722953	0.0715025	0.0701662	0.0599197	0.0352022	0.000893339	0.0553515	-0.0201155	0.0574832	0.0193412	0.0496512	0.0384559	0.104381	0.0214714	0.050306	0.0557315	0.0484472	0.0385146	0.0443413	0.0468918	0.054772	0.00722953	0.0152895	0.0365534	0.0879115	0.0423157	0.0386796	0.0468918	0.0449267	0.0481141	0.048882	0.0170335	0.0308695	0.0855199	-0.0101363	0.086064	0.0315297	0.020759	0.0505229	0.0360758	0.0368482	0.104748	0.0494992	0.0823696	0.0170335	0.0523955	0.0386939	0.0563578	0.0570299	0.0385146	0.030686	0.100081	0.0620948	0.053831	0.0447673	0.0177188	0.0700724	0.0408613	0.0784207	0.0214714	0.050306	0.0214714	0.0515809	0.103107	0.0599323	0.0530599	0.061056	0.0685805	0.0241911	0.0243909	0.0701662	0.047485	0.0608195	0.00402418	0.0929219	0.0821208	0.115301	0.0360641	0.053831	0.0365534	0.0565903	0.0404493	-0.0135531	0.0566873	0.0539409	0.0214714	0.0031741	0.0194918	0.0693775	0.0579467	0.0566873	-0.0272829	0.0686004	0.0443413	0.0701662	0.0256337	0.0403419	0.0441883	0.0213147	0.0523955	0.036004	0.0169121	0.0574832	0.0660997	0.050306	0.0701662	0.083645	0.0499614	0.0136462	0.0644712	0.0464838
66000	intercept	0.865561	0.828966	0.879196	0.83773	0.806297	0.835429	0.760477	0.796301	0.841302	0.855391	0.853101	0.83423	0.814249	0.844442	0.83093	0.858059	0.86435	0.797795	0.789185	0.848342	0.832165	0.844379	0.82604	0.86777	0.83508	0.830138	0.85012	0.830937	0.769715	0.828966	0.816745	0.830138	0.831097	0.869505	0.868939	0.820518	0.830935	0.805349	0.868279	0.830138	0.845861	0.815449	0.821792	0.830014	0.799703	0.830115	0.841825	0.811802	0.872327	0.790717	0.845441	0.832695	0.836784	0.849688	0.783725	0.846371	0.799703	0.824451	0.850108	0.856572	0.872827	0.841569	0.837069	0.811616	0.862003	0.821999	0.824161	0.835691	0.789019	0.842302	0.799264	0.855348	0.864824	0.791216	0.853931	0.862337	0.828966	0.807365	0.868743	0.831583	0.843655	0.838435	0.853635	0.805892	0.841569	0.865794	0.842023	0.852323	0.855374	0.840679	0.829563	0.826628	0.762897	0.808998	0.824451	0.822193	0.842456	0.82604	0.820392	0.829242	0.854483	0.813172	0.826644	0.860528	0.867085	0.863363	0.871912	0.849972	0.809799	0.841302	0.851424	0.864041	0.830097	0.836504	0.845861	0.809391	0.848699	0.808387	0.821358	0.785131	0.841569	0.839847	0.783803	0.852323	0.832836	0.854483	0.837933	0.869232	0.852145	0.852645	0.850599	0.85037	0.824254	0.765331	0.826493	0.842533	0.858217	0.810526	0.839887	0.853635	0.762897	0.842916	0.855115	0.846533	0.841302	0.853635	0.835158	0.831711	0.83773	0.853101	0.854307	0.772852	0.894772	0.810254	0.842736	0.86003	0.841569	0.803278	0.811994	0.843707	0.832032	0.796183	0.86435	0.842023	0.860949	0.831711	0.872817	0.859511	0.791216	0.838246	0.836784	0.832695	0.805349	0.842122	0.830115	0.855115	0.815534	0.810254	0.820676	0.837933	0.831059	0.807472	0.842508	0.853938	0.858217	0.835474	0.838051	0.844442	0.831583	0.816839	0.834193	0.849146	0.834966	0.794719	0.875979	0.826628	0.830014	0.862778	0.822099	0.853101	0.828336	0.811051	0.830138	0.837933	0.834264	0.803383	0.883304	0.855391	0.829459	0.868279	0.860865	0.845861	0.854546	0.796814	0.847229	0.842943	0.868279	0.832695	0.834846	0.828293	0.872997	0.812908	0.855348	0.83773	0.826431	0.796183	0.855209	0.805532	0.846043	0.820008	0.772852	0.79081	0.853101	0.818323	0.826628	0.869935	0.804937	0.839847	0.783725	0.853124	0.858217	0.841569	0.868279	0.85295	0.802128	0.862778	0.841787	0.829786	0.820518	0.842294	0.794579	0.811994	0.837933	0.832032	0.826607	0.847229	0.812908	0.853635	0.848755	0.830138	0.84578	0.851403	0.830138	0.845612	0.842533	0.858217	0.83423	0.871043	0.832459	0.812908	0.851213	0.829128	0.811526	0.824533	0.84572	0.821792	0.862337	0.856134	0.872567	0.855115	0.843177	0.807365	0.82278	0.843655	0.852145	0.857132	0.830138	0.854546	0.814484	0.841569	0.822099	0.868279	0.818661	0.822831	0.805349	0.834761	0.841585	0.825201	0.835267	0.790086	0.841569	0.860125	0.848583	0.811184	0.829128	0.854483	0.865035	0.843655	0.849146	0.83773	0.841569	0.852924	0.86435	0.811802	0.878889	0.838246	0.849146	0.815736	0.854707	0.830014	0.856874	0.866848	0.826628	0.883712	0.82604	0.814249	0.853101	0.862337	0.835474	0.853627	0.756499	0.837933	0.842456	0.853635	0.806297	0.838421	0.849972	0.792162	0.855115	0.845612	0.765331	0.862778	0.817574	0.865149	0.820769	0.86435	0.869691	0.792049	0.848583	0.822099	0.841787	0.824254	0.828336	0.807472	0.809802	0.797527	0.811257	0.869653	0.848583	0.868279	0.883304	0.807365	0.855391	0.811802	0.851353	0.82604	0.847115	0.829128	0.86435	0.801036	0.832718	0.842023	0.810526	0.862003	0.841787	0.828966	0.853101	0.780686	0.831583	0.796183	0.891511	0.868279	0.843655	0.86435	0.86003	0.849972	0.854707	0.846371	0.806297	0.848255	0.836161	0.830115	0.864041	0.822099	0.868279	0.859521	0.796183	0.847115	0.810526	0.854178
67000	slope	0.0254755	0.0589294	0.0720466	0.0421144	0.104575	0.0862267	0.0316665	0.0371378	0.0091593	0.107903	-0.00278979	0.0483795	0.0299722	-0.0117935	0.0264869	0.114839	0.062246	0.0248472	0.0666179	-0.00401431	0.0226513	0.00460854	0.00945817	0.0842451	0.0874239	0.0741877	0.0666179	-0.00401431	0.122702	0.0850686	0.0735535	0.0525455	0.00944937	0.0452968	0.0320808	0.0651974	-0.0173697	0.0282076	0.020652	0.129851	0.0570042	0.0670391	0.0471817	-0.0072431	0.0770545	0.091411	-0.0574554	0.0180223	0.053273	0.0453528	-0.0312107	0.052887	-0.0574554	-0.0574554	0.00944937	0.0316354	0.0060838	0.0249932	0.036136	0.0794142	0.0363348	0.0964851	0.0668027	0.0862267	0.104575	0.0918428	0.0592884	0.0777412	0.0918506	0.0641514	0.0618412	0.00945817	-0.0185287	0.0169936	-0.0574554	0.038076	0.0397902	0.100609	0.0818533	0.032183	0.0590914	0.0116386	0.00173956	-0.00401431	-0.0586012	0.0549529	-0.0212583	0.0343808	0.0639247	0.0717876	0.0255249	0.00460854	0.0752184	0.102721	-0.0170919	0.0470004	-0.0129055	0.00992551	0.104946	0.13191	0.00393016	0.0248472	0.0276407	0.00964551	0.00120112	0.0630744	0.0105477	0.0862267	0.0636538	0.0128882	0.0875398	0.0254755	0.0393801	0.0343861	0.0502486	0.0421144	0.0666842	0.014099	0.00173956	0.0549413	0.0723413	0.0873117	0.00603667	0.0918428	0.0380803	0.0369223	-0.00401431	0.0794277	0.0717876	0.0371378	0.0371378	-0.00401431	-0.0574554	0.0316354	0.0413805	0.0430307	0.0513931	0.0723413	0.0397114	0.013496	-0.00401431	0.0289979	0.0748407	-0.0720009	0.0453528	0.0254755	0.0359605	0.0462354	0.08419	0.0379983	0.0173755	0.0760324	0.0409939	-0.00401431	0.051656	0.0523741	0.105751	0.0442668	0.0835552	0.0430307	0.0248472	0.0465475	0.00944937	0.0521264	0.00460854	0.0519174	0.0213865	0.0717876	0.0359605	0.0322573	0.0355215	0.0276874	0.020652	0.062914	0.0330731	0.0949367	0.0566523	0.020995	0.0618412	0.00460854	0.0512277	0.0632095	0.0331419	0.128332	0.0173304	0.0829898	0.0430354	0.0498771	-0.00706418	0.0671931	0.022062	0.0649469	0.0486034	0.0873469	0.0469828	-0.00401431	-0.00401431	0.0525057	0.0441457	0.0331419	0.0360735	0.0346751	0.0186546	0.0635922	0.0922374	0.00525559	0.0776242	0.00945817	0.0273762	0.0590629	-0.00279253	0.154505	0.0126153	0.0471817	0.0248472	0.0395652	0.128332	0.0829898	0.0351463	-0.00301574	0.0752184	-0.00176477	0.122343	0.0393801	0.0382184	0.0192823	0.0666179	0.0228967	0.0820685	-0.0170919	0.0630744	0.10718	0.0247725	0.0666179	0.0254937	0.0613065	0.0276407	0.0323805	-0.00176477	0.0409939	0.0276407	0.0547029	0.00702179	0.0441457	0.0525057	0.00944937	0.0918428	0.0443914	-0.0170919	0.020652	0.0417852	0.0433472	0.00460854	0.0224304	0.0874239	0.0933102	0.0540006	0.0535954	0.0314877	0.0470004	0.0555287	0.0471509	0.0666179	0.0322573	0.0563709	-0.00401431	0.0251681	0.0313901	0.0538337	-0.0586012	0.0191014	0.0217308	0.0276407	-0.00969601	0.022062	0.0397902	-0.0129055	0.0443914	0.0306553	0.0397114	0.0540006	-0.0135236	0.0126153	0.0135895	0.0853898	0.0091593	0.0562055	0.0666842	0.0632095	0.0693725	-0.0146422	0.0259299	0.0226513	0.10718	0.0669114	0.0674748	0.0636538	0.0126153	0.125725	0.0636538	0.11197	0.08419	0.0538337	0.0538337	0.0669114	0.124062	0.0637319	-0.000312001	0.0300027	0.0842451	0.0430307	0.0872855	0.0874239	0.0590629	0.0430307	0.08419	0.0748407	0.0276407	0.0544383	0.104946	0.0630744	0.0726341	0.0598614	0.0322573	0.0283259	0.031203	0.00460854	0.0964248	0.0529945	0.0485991	0.0233453	0.0293456	0.0632095	0.0666179	0.0723413	0.0253578	0.0360499	0.0404544	0.0409939	0.0964248	0.129851	0.0758909	0.0520788	0.0562055	0.0306553	0.0371378	0.0450483	0.0590914	0.0723413	0.122343	0.0261938	0.00460854	0.0397902	-0.00401431	0.0922374	0.0850686	0.0555287	0.0853898	-0.0117935	0.0323805	0.0254937	0.0735535	0.154505	-0.00401431	0.0387365	0.101384	0.0393801	0.0857188	0.0183465	-0.0217326	0.014099	0.0370335	0.0359605	0.0453528	-0.00779271	-0.00498899	0.0538144	0.0426701	0.103719	0.0251681	0.0918428	0.0245477	0.0276407	0.0397902	-0.00176477	0.0459903	-0.0079019	0.0245477	0.0439047	0.0592812	0.0630744	0.0752184	0.0873469	0.0253578	0.0764002	-0.00401431	0.0248472	0.0361899	0.013496	0.0538144
67000	intercept	0.837018	0.785253	0.802193	0.842328	0.78971	0.813903	0.858678	0.826179	0.839339	0.73694	0.840241	0.862238	0.820346	0.862809	0.870687	0.803933	0.813255	0.865271	0.829465	0.879973	0.835688	0.845651	0.864233	0.785836	0.786488	0.777014	0.829465	0.873644	0.78971	0.793602	0.85839	0.816365	0.855276	0.857289	0.835688	0.844589	0.878584	0.862035	0.858678	0.741952	0.791856	0.841315	0.812867	0.85528	0.802333	0.801783	0.83421	0.835688	0.845966	0.83116	0.857105	0.856445	0.83421	0.83421	0.855276	0.835688	0.884377	0.848463	0.848402	0.801486	0.847798	0.77673	0.831231	0.815848	0.78971	0.794586	0.825251	0.80816	0.777014	0.852563	0.817209	0.864233	0.863061	0.85344	0.83421	0.83178	0.858678	0.813887	0.829465	0.840902	0.782997	0.836113	0.85344	0.873644	0.843752	0.805061	0.86615	0.857797	0.837933	0.795696	0.849944	0.843055	0.796006	0.78971	0.85528	0.832474	0.868285	0.873538	0.802336	0.792128	0.860862	0.853381	0.860977	0.835122	0.866626	0.819145	0.860862	0.822126	0.83274	0.828476	0.839621	0.837018	0.837148	0.815446	0.840483	0.842328	0.847533	0.857955	0.85344	0.796134	0.80816	0.826831	0.863723	0.782696	0.811604	0.793598	0.881314	0.799945	0.786293	0.826179	0.826179	0.887939	0.83421	0.835688	0.865469	0.835524	0.81219	0.80816	0.853102	0.860862	0.873644	0.836217	0.837933	0.83421	0.83116	0.842539	0.832964	0.81518	0.814767	0.865469	0.858316	0.837933	0.834155	0.881314	0.814289	0.825378	0.824618	0.799639	0.80816	0.835524	0.865271	0.814261	0.874064	0.829719	0.839828	0.819176	0.835782	0.795696	0.832964	0.824712	0.821324	0.836217	0.839111	0.815216	0.835154	0.824618	0.813794	0.831593	0.81813	0.821409	0.801604	0.849169	0.849623	0.792128	0.849363	0.814709	0.842328	0.845744	0.814953	0.823065	0.87958	0.848484	0.850271	0.845813	0.865469	0.85681	0.879471	0.854579	0.809968	0.849623	0.849944	0.823779	0.859569	0.843619	0.758832	0.864233	0.846272	0.864233	0.844294	0.829564	0.864233	0.78971	0.819591	0.812867	0.865271	0.860977	0.797154	0.814709	0.850972	0.873184	0.796006	0.860709	0.819021	0.843261	0.852592	0.8411	0.829465	0.837063	0.80062	0.85528	0.82179	0.803881	0.827833	0.829465	0.828476	0.825584	0.860977	0.870687	0.861797	0.834155	0.855246	0.831554	0.845399	0.809968	0.854579	0.855276	0.794586	0.813167	0.85528	0.858678	0.885127	0.814926	0.817682	0.812867	0.786488	0.824618	0.82406	0.858678	0.825251	0.832474	0.823757	0.867506	0.829465	0.824712	0.850031	0.879973	0.837063	0.83799	0.840375	0.843752	0.846821	0.876114	0.860977	0.862809	0.87958	0.858678	0.868285	0.813826	0.864014	0.847796	0.82406	0.85528	0.819591	0.822291	0.756727	0.839339	0.85839	0.85839	0.849169	0.80816	0.861846	0.843562	0.835688	0.803881	0.83274	0.819809	0.83274	0.819591	0.819021	0.830467	0.778223	0.814767	0.84684	0.84684	0.83274	0.819021	0.85423	0.823098	0.860977	0.781166	0.835524	0.837933	0.786488	0.813469	0.857325	0.814767	0.837933	0.855246	0.779093	0.802336	0.838507	0.85423	0.845861	0.826522	0.850468	0.840393	0.843055	0.796528	0.818311	0.847561	0.872697	0.837289	0.849169	0.829465	0.80816	0.88464	0.815446	0.827722	0.834155	0.796528	0.741952	0.843305	0.842328	0.85839	0.864014	0.826179	0.792938	0.788866	0.80816	0.819021	0.830499	0.843055	0.858678	0.887939	0.772905	0.793602	0.823757	0.787916	0.861304	0.870687	0.827833	0.85839	0.78971	0.873644	0.850271	0.824618	0.837148	0.82843	0.835154	0.856718	0.857955	0.847463	0.827399	0.83116	0.856001	0.831611	0.828272	0.835688	0.782977	0.837063	0.782696	0.833334	0.854579	0.858678	0.847584	0.813629	0.868231	0.835341	0.791856	0.838544	0.816793	0.796006	0.845813	0.870224	0.809993	0.873644	0.865271	0.867446	0.85344	0.843328
68000	slope	-0.0360133	0.017223	0.0775299	0.0603499	0.049959	0.0343003	0.100905	0.0257855	0.0444838	0.0975163	0.00556874	-0.0129848	0.0050917	0.0377396	0.0223427	0.103003	0.0101845	0.0468611	0.020973	0.0549407	0.0315826	0.0236187	0.0283444	0.0921639	0.0482637	0.0917866	0.0138304	0.0548234	0.0180505	0.0271812	0.0173867	0.00221794	0.00420431	0.00606211	0.0864488	0.0148571	-0.00206395	0.0567568	0.0419234	0.0324289	0.0179817	0.0548583	0.0490435	0.00976503	-0.0049806	0.0346695	0.0261736	0.0222764	0.0346695	0.0206685	0.02278	0.0173867	0.0346239	0.0548508	0.0677031	0.0485511	0.0315512	0.0534817	0.0765765	0.0323575	0.0317163	0.092453	0.0187148	0.0735362	0.0220255	0.0263289	0.0505416	0.0775299	0.0165448	0.0437447	0.00674576	0.103003	0.0201112	0.0326909	0.0179817	0.0269276	0.0887761	0.00440458	0.092453	0.0249984	0.0143602	0.0317163	0.0240858	0.0179817	0.0603499	0.0765765	0.0195627	0.0337777	0.0297659	0.0668532	0.0514645	0.0765765	0.0209546	0.030971	-0.0106652	0.00676926	0.0273659	0.0468414	0.0603499	0.0128724	0.0248601	0.0323575	0.0342575	0.0401301	-0.0278523	0.0548234	0.0548234	0.0412867	0.0990825	0.0095976	-0.0129848	0.0262475	0.0173867	0.0540182	0.0179817	0.0194713	0.0864488	0.02278	0.0252137	0.0561122	-0.0049806	0.0187575	0.00440856	0.030186	0.0128585	-0.0106295	-0.00366783	0.0271812	0.0323575	0.0165448	0.000191859	0.047844	0.0315826	-0.0186177	0.00886828	0.023247	0.0722991	0.0523034	0.0575738	0.0101985	0.0554035	0.0204032	0.0201535	0.0252378	0.021703	0.0713314	0.0922955	-0.0320827	-0.00121014	0.0444838	0.00948024	0.0407444	0.0554035	0.0844292	0.0864488	0.020735	0.0326909	0.0611659	0.0975163	-0.000686688	0.0849976	0.027027	-0.0101161	0.0262475	0.0534817	0.0846017	0.0739767	0.0318237	0.0150963	0.0461691	0.0502075	0.0346239	0.0148571	0.0423554	0.0173867	0.02278	0.0128724	0.0219333	0.0687229	0.0554035	0.0323575	0.029614	0.0735362	0.0500187	0.0271812	-0.000351246	0.0179817	0.0885881	0.029614	-0.000686688	0.0461691	0.0302786	0.0922955	0.030186	-0.00130132	0.0396962	0.0430047	0.1032	0.0150963	-0.0360133	0.026183	0.0100807	0.0990825	0.0273869	0.00606211	0.0404124	0.0148571	0.0238191	0.0179817	0.0499144	0.0505416	0.0150963	0.0328047	0.0224033	0.0320791	0.0337777	0.0603499	0.0271812	0.0377396	-0.00811958	0.00959711	0.0444838	0.0271812	0.0505416	0.0864488	0.0545712	0.0475729	0.0271812	0.0317163	0.0018497	0.030971	-0.00173574	0.0317163	0.069312	0.0437447	0.0265281	0.0528513	0.0717378	0.105223	0.0143602	0.0194713	0.0143602	-0.0254392	0.0353302	0.0271812	0.0128724	0.028811	0.0496063	0.047844	0.0252378	0.0548234	-0.00656024	0.0371702	0.0380724	0.0320791	0.0346695	-0.00486955	0.0846017	0.0554035	0.103003	0.103003	0.0150963	0.0219895	0.0293642	0.0765765	0.0419234	0.0262475	-0.00206395	0.0766256	0.0686953	0.0766256	0.101821	0.0391666	0.0554035	0.069312	0.0327331	0.0411447	-0.000351246	0.013964	-0.00236084	0.0179817	0.0485511	0.0548234	0.0338121	0.0265281	0.0491479	0.0385479	0.0232248	0.0269276	0.0179817	0.0176775	0.103003	0.0300713	0.0917764	0.103003	0.0749879	0.0173867	0.0846017	0.0150963	0.0324289	0.0423554	0.0377396	0.0187575	-0.00811958	0.0201535	0.028811	0.0789569	0.00440458	0.0320791	0.0271812	-0.00486955	0.0585351	0.0411434	0.0167491	0.0323575	0.0500187	0.0265281	0.0423554	0.00420431	0.0765765	0.0179817	0.0258459	0.00948024	0.0320791	0.0173867	0.0128585	0.0320791	0.02278	-0.0138569	0.0367635	-0.0326598	0.0627932	0.0295667	0.049959	-0.00811958	0.0864488	0.0265281	0.0252137	0.0310307	0.0353302	0.0864488	0.0297659	0.0240858	0.0534817	0.0603499	0.0150963	0.0324289	0.0548234	0.0864488	0.0687229	-0.0138569	-0.0245084	0.0603499	0.0789569	0.0338121	0.0223427	0.028811	0.00144334	0.0401301	0.0525911	0.0198948	0.0485511	0.0295667	0.0179817	0.0179817	0.00948024	0.0143602	0.013964	0.0687229	0.0173867	0.0667918	0.0673906	0.0201535	0.0688705	0.0295798	0.0271812	0.0411434	0.0161012	-0.00173574	0.0423554	0.0173867	0.0168345	0.049959	0.0179817	0.000274802	0.00571342	0.0295667	0.0663077	0.103003	0.0150963	-0.0171356	0.0123159	0.0148571	-0.0163158	0.0935133	0.0603499	-0.0101161	0.0113274	0.0586914	0.0603499
68000	intercept	0.834991	0.847179	0.83185	0.838494	0.867505	0.847738	0.840463	0.861241	0.828736	0.828615	0.871259	0.830066	0.848511	0.844424	0.821762	0.810924	0.873051	0.818736	0.838936	0.822276	0.839641	0.888234	0.845106	0.793339	0.873761	0.852234	0.859501	0.862296	0.849909	0.827043	0.825093	0.845501	0.847179	0.842191	0.854484	0.846166	0.852045	0.852337	0.833884	0.827051	0.811312	0.836322	0.819049	0.869073	0.841595	0.872131	0.826402	0.844494	0.872131	0.860615	0.83854	0.838926	0.830392	0.819402	0.852019	0.79756	0.820338	0.839263	0.852234	0.820338	0.84042	0.810924	0.838071	0.833325	0.85507	0.825151	0.855982	0.83185	0.84829	0.837868	0.865539	0.818857	0.879889	0.866372	0.831393	0.82641	0.81823	0.841636	0.810924	0.860997	0.860615	0.84042	0.865329	0.831393	0.838494	0.852234	0.853625	0.825442	0.86865	0.834354	0.833231	0.853034	0.839642	0.824296	0.843618	0.847179	0.849131	0.798836	0.838494	0.854071	0.831368	0.830786	0.840758	0.833239	0.86333	0.839843	0.845574	0.82233	0.838315	0.856714	0.830066	0.872131	0.825093	0.846673	0.833551	0.8355	0.85573	0.842237	0.839261	0.845939	0.841595	0.818619	0.853075	0.871329	0.821762	0.866397	0.845777	0.826082	0.835564	0.84829	0.865539	0.818736	0.84042	0.875253	0.86865	0.872131	0.855982	0.839458	0.81994	0.847148	0.829743	0.852084	0.829774	0.819296	0.861733	0.854141	0.805484	0.845348	0.842196	0.828736	0.852234	0.807944	0.850059	0.765509	0.854484	0.839454	0.866372	0.824054	0.81823	0.878608	0.8277	0.836538	0.865887	0.872131	0.846903	0.849921	0.815272	0.836962	0.86015	0.840994	0.809791	0.830392	0.846166	0.82898	0.832522	0.848255	0.846956	0.845833	0.826993	0.847499	0.820338	0.847333	0.833325	0.844584	0.829664	0.865539	0.811312	0.854484	0.847333	0.878608	0.861989	0.874094	0.805484	0.85726	0.868712	0.82898	0.796657	0.780253	0.815846	0.834991	0.866877	0.838235	0.838315	0.838862	0.842191	0.836998	0.846166	0.834115	0.82285	0.781106	0.855982	0.816269	0.86865	0.823986	0.84078	0.825442	0.833231	0.827043	0.844424	0.834269	0.846761	0.828736	0.827043	0.855982	0.854484	0.796657	0.829373	0.827043	0.840999	0.866397	0.824296	0.854933	0.849414	0.846736	0.837868	0.828042	0.85618	0.839442	0.760759	0.860615	0.8355	0.860615	0.858457	0.869172	0.827043	0.846956	0.86234	0.844492	0.818736	0.819296	0.839843	0.84321	0.837162	0.833813	0.84078	0.872131	0.847148	0.832092	0.850059	0.810924	0.810924	0.838269	0.844959	0.820338	0.852234	0.828042	0.872131	0.852045	0.83954	0.79367	0.83954	0.810924	0.867856	0.850059	0.846736	0.826282	0.815026	0.865539	0.841595	0.869073	0.833551	0.8136	0.839843	0.862421	0.828042	0.861642	0.82641	0.843594	0.82641	0.831393	0.849623	0.810924	0.825271	0.8277	0.819881	0.829585	0.832522	0.82419	0.849698	0.823873	0.820332	0.844424	0.818619	0.834269	0.829774	0.86234	0.793339	0.841636	0.842195	0.827043	0.847148	0.819946	0.882748	0.826402	0.820338	0.844584	0.828042	0.82898	0.847179	0.853034	0.789759	0.877306	0.852234	0.842195	0.807944	0.821762	0.842195	0.831888	0.833042	0.877458	0.810218	0.849916	0.820168	0.858002	0.817481	0.85573	0.828042	0.839261	0.846166	0.89589	0.87389	0.86865	0.866016	0.846903	0.838494	0.815422	0.827051	0.862296	0.854484	0.845705	0.833042	0.865539	0.838494	0.793339	0.862421	0.821762	0.86234	0.813819	0.833239	0.852515	0.830906	0.819296	0.804011	0.811312	0.835633	0.852234	0.860615	0.841595	0.82353	0.807944	0.829959	0.793339	0.829774	0.826041	0.875862	0.827043	0.882748	0.872131	0.854933	0.82898	0.825093	0.819296	0.858819	0.835633	0.839867	0.831795	0.820168	0.838494	0.810924	0.87545	0.865742	0.885235	0.846166	0.830066	0.838315	0.838494	0.865887	0.857425	0.839442	0.838494
69000	slope	0.00678954	0.0537232	-0.0228975	0.0677365	0.0456887	0.0488149	0.0394727	0.015706	0.0658986	0.0525345	0.0532902	0.0505701	0.0123179	-0.0621343	0.0572683	0.0481842	0.0460945	0.03923	0.043315	0.0518279	0.0766987	0.0616147	0.0558124	0.0622241	0.0465238	0.0778576	0.0249933	0.0343916	0.0654994	0.0431609	0.0431005	0.0468815	0.0654532	0.0816657	0.0370954	0.0597436	0.0139962	0.0397541	0.0766987	0.130393	0.0324055	0.0669184	0.100152	0.0936031	0.0683643	0.0403255	0.0654994	0.00869485	0.0418654	0.0683643	0.0730673	0.0488149	0.0730673	0.0528437	0.0431609	0.0494366	0.0917371	0.103012	0.0572711	0.0382783	0.0387783	0.0644082	0.0418959	0.0740076	0.0511568	0.0350084	0.0397541	0.0572394	0.00619949	0.0606769	0.0481842	0.0231288	0.101786	0.0108912	0.0799673	0.0536526	0.0403255	0.134605	0.0308315	0.0606769	0.00619949	0.0730673	0.0709114	0.0416464	0.0397541	0.0291346	0.00174387	0.0641157	0.0296819	0.0537232	0.0894744	0.0137402	0.136144	0.0597043	0.0793082	0.0669184	0.020592	0.0730673	0.0845522	0.0583188	0.0583188	0.0335693	0.10872	0.0342077	0.0493969	0.0242267	0.0231288	0.0350084	0.00619949	0.0096809	0.0394727	0.0644082	0.0766987	0.0691114	0.00228039	0.0403255	0.118347	0.103837	0.0294501	0.073887	0.0918294	0.0139962	0.0431491	0.0583188	0.0669184	0.0719948	0.0409408	0.0654994	0.0261646	0.0505701	0.0105537	0.0606772	0.0325577	0.0685063	0.152303	0.0654532	0.0250188	0.022766	0.0560591	0.0502181	0.0577122	0.0211827	0.0421546	0.0736243	0.0870664	0.0476366	0.0128431	0.0456292	0.0824233	0.0139962	0.0690264	0.0403255	0.0068357	0.00120741	0.0620894	0.0382019	0.00174387	0.0242267	0.0335102	0.0870664	0.103837	0.0739865	0.0766987	0.0502181	0.0674953	0.0112759	0.0931296	0.109032	0.0632387	0.0149466	0.0211351	0.0638996	0.0720533	0.116841	-0.0406341	0.0291825	0.0597627	0.0068357	0.0567204	0.0293305	0.0564202	0.0378382	0.133786	0.0431005	0.10872	0.0105537	0.0557592	0.13695	0.0514052	0.0574503	0.103012	0.0274134	0.00963081	0.0224003	0.0274134	0.0501389	0.0505191	0.0634038	-0.0182701	0.0421546	0.0816189	0.0402445	0.0123179	0.0654994	0.0691114	0.0068357	0.134605	0.0465238	0.0944491	0.0403255	0.101786	0.0105537	0.0456887	0.057951	0.0452881	0.0931296	0.0917371	0.0219382	0.0505701	0.109032	0.0146964	0.0431005	0.015706	0.0771303	0.0431491	0.0894744	0.0252065	0.0997054	0.0534061	0.136804	0.0335102	0.0458164	0.0044935	0.0686761	0.0798617	0.103837	0.0644082	0.0301747	0.0382019	0.0386155	0.00174387	0.047353	0.0931296	0.0577122	0.0766862	0.0608675	0.0570858	0.0691114	0.0400937	0.0373646	0.0572394	0.0476366	0.0431491	-0.0205215	0.0263495	0.0521646	0.0370437	0.0205405	0.0100484	0.0291825	0.0267715	0.00174387	0.0432721	0.0739865	0.0257153	0.0739865	0.0519826	0.0458164	0.0549861	0.0369802	0.0100484	0.00869485	0.0518782	0.0505701	0.0068357	0.0137402	0.0292952	0.0370437	0.00619949	0.0771303	0.0843059	0.0577122	0.0350084	0.0157138	0.0394727	0.0675691	0.103012	0.0572394	0.0424201	0.0465238	0.0771303	0.0587382	0.0487073	0.0642275	0.0375318	0.015706	0.0715948	0.0572711	0.0486489	0.0688722	0.0437165	0.0503845	0.0317785	0.0484155	0.0742736	0.0437037	0.0293305	0.0332735	0.00697376	-0.0407117	0.0411634	0.0673672	0.033701	0.0597436	0.073887	0.0771573	0.0739865	0.0634038	0.0325577	0.0894744	0.0375318	0.0068357	-0.0121544	0.0845522	0.0697312	0.0583188	0.0507645	0.0105537	0.0669508	0.134605	0.0845522	0.0316318	0.0437165	0.034148	0.0914464	0.0534061	0.0449066	0.0518782	0.0896906	0.0572711	0.0567776	0.0390798	0.0137673	0.0180688	0.0465238	0.043315	0.0370437	0.0766987	0.0501105	0.0359169	0.0191999	0.0165818	0.0416828	0.0486489	0.0465238	0.073887	0.0451231	0.0380336	-0.00768243	0.055111	-0.0407117	0.0367961	0.0502181	0.0597043	0.0486053	0.0465238	0.0622241	0.0291346	0.0606769	0.0709114	0.0634449	0.051406	0.0105537	0.0320419	0.0431005	0.0411652	0.102207	0.0730673	0.0247175	0.0559578	0.0664519	0.0105537	0.0191999	0.0502181	0.0739865	0.0294501	0.0766987	0.0742736	0.0416517	0.0597043	0.0388261	0.0431005	0.019042	0.0096809	0.13769	0.0771573	-0.0172992	0.00869485	0.0231288	0.0137402
69000	intercept	0.83384	0.824549	0.859652	0.848967	0.809089	0.838187	0.808318	0.843815	0.838168	0.843948	0.828591	0.814754	0.847531	0.862841	0.851717	0.83138	0.842945	0.813041	0.862244	0.829047	0.83916	0.844385	0.817233	0.843411	0.835247	0.832825	0.840726	0.817272	0.862943	0.840807	0.851134	0.833221	0.841068	0.851958	0.798082	0.848967	0.82144	0.851717	0.83916	0.771145	0.82195	0.852899	0.778218	0.787346	0.871561	0.827449	0.866247	0.797651	0.769312	0.866438	0.841901	0.838187	0.860504	0.793462	0.840807	0.841649	0.823388	0.831567	0.821303	0.793568	0.825372	0.82775	0.808313	0.830472	0.834278	0.839941	0.851934	0.829236	0.847872	0.862943	0.83138	0.862107	0.751497	0.85201	0.824435	0.825938	0.827977	0.770201	0.843316	0.862943	0.847872	0.841901	0.82491	0.838041	0.852177	0.828588	0.883763	0.83916	0.820542	0.824549	0.791539	0.865305	0.737064	0.826523	0.826747	0.836207	0.824516	0.842106	0.811388	0.83218	0.826138	0.842386	0.758466	0.824368	0.830465	0.876173	0.86103	0.839941	0.847872	0.83384	0.808318	0.860075	0.83916	0.827159	0.874885	0.812829	0.786277	0.814862	0.833794	0.79484	0.847754	0.82144	0.851934	0.836592	0.852899	0.790035	0.808046	0.862943	0.829373	0.814754	0.83384	0.838963	0.846644	0.860075	0.750039	0.841068	0.838109	0.853261	0.830998	0.855252	0.826845	0.838947	0.8569	0.842106	0.840606	0.84018	0.819713	0.834476	0.81671	0.82144	0.786245	0.827977	0.840454	0.862185	0.841068	0.827382	0.883763	0.876173	0.831227	0.840606	0.814862	0.788856	0.83916	0.855252	0.804042	0.844467	0.835742	0.825315	0.838028	0.87202	0.852474	0.841068	0.857511	0.76537	0.862841	0.854568	0.841019	0.840454	0.821584	0.835492	0.839381	0.845146	0.758466	0.851134	0.758466	0.83384	0.826102	0.737064	0.826475	0.822046	0.84348	0.83543	0.846719	0.808762	0.8386	0.85217	0.839779	0.842106	0.838763	0.8569	0.838187	0.846019	0.829951	0.862943	0.827159	0.854985	0.770201	0.830306	0.839664	0.824804	0.751497	0.83384	0.809089	0.785189	0.806158	0.835742	0.828002	0.83092	0.814754	0.829207	0.845146	0.851134	0.843739	0.823388	0.851934	0.791539	0.817733	0.797301	0.872575	0.770201	0.831227	0.832166	0.834278	0.788856	0.831567	0.814862	0.860075	0.83212	0.827382	0.835247	0.890671	0.80882	0.835742	0.826845	0.822116	0.862943	0.85001	0.827159	0.828152	0.829236	0.829236	0.835783	0.851934	0.829728	0.844543	0.822617	0.834354	0.829373	0.806662	0.840334	0.821584	0.883763	0.839941	0.788856	0.834629	0.788856	0.812829	0.832166	0.874852	0.807969	0.806662	0.799881	0.851958	0.81179	0.840454	0.865305	0.853594	0.846019	0.847872	0.823388	0.841453	0.826845	0.839941	0.838761	0.808318	0.842375	0.831567	0.829236	0.8569	0.828152	0.823388	0.838963	0.85023	0.833871	0.849331	0.842947	0.784963	0.821303	0.841791	0.846311	0.828152	0.838187	0.834278	0.831192	0.866506	0.847183	0.835492	0.846288	0.812457	0.854946	0.831256	0.841068	0.835173	0.848967	0.785189	0.85093	0.788856	0.842106	0.838947	0.791539	0.850759	0.857464	0.832706	0.811388	0.799323	0.826138	0.838187	0.83583	0.821584	0.770201	0.811388	0.847183	0.828152	0.805642	0.831567	0.872575	0.8569	0.850788	0.805847	0.821303	0.85023	0.850759	0.819939	0.886967	0.838187	0.849176	0.843792	0.83916	0.833239	0.815822	0.819713	0.844463	0.827382	0.841791	0.828152	0.79484	0.829236	0.829238	0.832706	0.843834	0.854946	0.85217	0.855252	0.826523	0.829238	0.828152	0.841901	0.828588	0.862943	0.838963	0.788856	0.813199	0.83583	0.807064	0.851134	0.858242	0.751497	0.833056	0.844136	0.850082	0.830621	0.83384	0.819713	0.855252	0.801446	0.833794	0.815793	0.847223	0.851134	0.826523	0.84902	0.851134	0.803958	0.83384	0.779472	0.85093	0.825546	0.797651	0.871546	0.840726
70000	slope	0.0453833	0.0495674	0.061879	0.0333691	0.0655724	0.0204115	0.0421191	0.0253958	0.0353101	-0.00306721	0.0599263	0.0204115	0.0277566	0.0601569	-0.0104851	0.00731774	0.0258177	0.0358344	0.042047	0.0241679	0.0497916	0.00271508	0.029046	0.0121351	0.0387331	-0.0216155	0.0812068	0.0213625	0.0484213	0.0492798	0.0263608	0.0164039	-0.00850092	0.0277566	-0.0115661	0.0113697	0.0743306	0.0959145	0.0458191	-0.0178738	0.0422502	0.0160193	0.101281	0.0642055	0.0768334	0.0529836	0.107039	-0.0206347	0.0618712	0.034766	0.0448952	0.0559097	0.10565	0.00504215	0.101281	0.0402838	0.0488662	0.0223696	0.0715902	0.0458191	0.0317874	0.0157633	0.0412	0.0624731	0.0596964	0.00962842	0.0588804	0.0529836	0.07456	0.0183167	0.0954906	0.0584943	0.0277566	0.056858	0.0476189	0.0521665	0.0431005	-0.0104851	0.0276369	0.0508191	0.059634	0.0325656	0.0310712	0.0360414	0.0503643	0.0213625	0.0410732	0.0400003	0.0440324	0.0185885	0.0702717	0.0360414	0.00424869	0.0484769	0.107039	0.0149451	0.0397871	-0.0147747	0.0125863	0.026003	0.0149451	0.0609942	-0.0206347	0.011609	0.011609	0.0628084	0.0403191	0.033179	0.00424869	0.0431005	0.0543193	0.0570002	0.0484769	0.0425124	0.0256913	0.0238415	0.0204115	0.0196229	0.0591453	0.042047	0.0665994	0.0282092	0.0136048	0.044836	0.0213625	0.0497916	0.0341373	0.00424869	0.0204115	-0.00306721	0.00548741	0.0599263	0.0489336	0.0348155	-0.0176487	0.011609	0.0456684	0.0488662	0.00609525	0.033179	0.0360414	0.0555913	0.0331093	0.0381361	0.0105963	0.0959145	0.032356	0.033179	0.0611713	-0.0178738	0.00424869	0.0481037	0.0164039	-0.00526872	0.0231882	0.0702717	0.0316125	0.0216073	0.012049	0.0231882	0.0397871	0.0534623	0.0113733	0.0256913	-0.0115661	0.042047	0.0425134	0.0147963	0.0307597	0.0292128	0.0373992	0.0636302	0.0379922	0.0297549	0.0297076	0.0268804	0.0497916	0.0136913	0.0638999	0.00609525	0.057774	0.0452863	0.0488662	0.0125863	0.0508615	0.0458921	0.0881402	0.0253416	0.0737884	0.0310027	0.0529836	0.0959145	0.0781114	0.0580503	0.0149451	0.0125863	0.0484155	0.0743306	0.0270508	0.0371374	0.0484769	0.051474	0.0463339	0.0237521	0.0636302	0.0150476	0.0783923	0.0223696	-0.0178738	0.0270508	0.011609	0.0216073	0.0402838	0.0786852	0.0278494	0.0105963	0.012049	0.0642055	0.0329429	0.0403191	0.0366108	0.00731774	0.0632418	0.0270508	0.0223696	0.0987034	0.0609151	-0.000430622	0.0256913	0.0702717	0.0339092	0.0425134	0.0221421	0.039588	0.0645498	0.0636472	0.0300355	0.0498847	0.0527373	0.0534623	0.0599263	0.0786852	0.0169095	0.0408568	0.00460304	0.0452863	0.0687556	0.0169918	0.0256913	0.0951604	0.0252464	0.0448168	0.0397078	0.0951604	-0.00903443	-0.0178738	0.058243	0.0810703	0.0136048	0.0786852	0.0645498	0.010604	0.0484155	0.0454358	0.0421191	0.0768334	0.025522	0.00878093	0.0130829	0.0330075	0.042047	0.051474	0.0310027	0.0458921	0.0529836	0.0484155	0.0270508	0.0190775	0.0326414	-0.0115661	0.012443	0.0458191	0.0592992	0.0596964	0.0529836	0.0201037	0.0397871	-0.00649809	0.0330075	0.0425134	0.0579177	0.072932	-0.00152909	0.0366108	0.033179	0.0258177	0.0151631	0.0353736	0.0731241	0.0164039	0.0256913	0.0102176	0.0126734	0.0169918	0.0636302	0.025522	-0.00649809	0.0105963	0.0239683	0.0459419	0.0642055	0.0609151	0.0512314	0.0419312	0.042047	0.00993818	0.0221421	0.00222584	0.0425134	0.0412022	0.0213625	0.0353736	0.0881402	0.033179	-0.00510815	0.0638999	0.0611713	0.0608064	0.0608064	0.0954665	0.0164039	0.0397871	0.107774	0.10565	0.039588	0.0169095	0.0397871	0.0812068	0.0242114	0.039588	0.0599263	0.0221421	0.0435227	0.0749666	0.0276369	0.0120323	0.0620695	0.034209	0.0329941	0.0599955	0.0236187	0.0422502	0.0150476	0.0164039	0.00460304	0.0402971	0.0497916	0.0495674	0.0599263	0.0425124	0.00626778	0.0498489	0.0278494	0.0520357	0.0959145	0.0642055	0.0412	0.0599263	0.061879	-0.0305172	0.0286109	0.0781114	0.0371532	0.0332788	0.0677936	0.0149451	0.032356	0.0223696	0.0484155	0.0164039	0.0835163	0.0599263	0.0524987	0.0584336	0.0200957	0.0122391	0.0200957	0.103034	0.0120323	0.00993818	-0.00526872	0.0446797	0.035009	0.0425134	0.0743306	0.0196652	0.00496174	0.0918374	0.0585427	-0.00152909
70000	intercept	0.824792	0.840807	0.83502	0.839281	0.83949	0.855508	0.821184	0.86184	0.850633	0.855873	0.84764	0.855508	0.873322	0.860871	0.814884	0.855508	0.853228	0.846565	0.834522	0.847424	0.823319	0.853923	0.815386	0.826075	0.851445	0.87637	0.822814	0.873227	0.827879	0.821852	0.84764	0.8297	0.825983	0.873322	0.87764	0.902747	0.860821	0.799487	0.827001	0.860053	0.812925	0.854551	0.797428	0.823811	0.810652	0.849521	0.822906	0.825983	0.835692	0.85436	0.861006	0.860811	0.803705	0.847692	0.797428	0.84054	0.838759	0.812635	0.816589	0.825026	0.844186	0.868977	0.852907	0.867926	0.831677	0.852883	0.842051	0.849521	0.83949	0.825262	0.832062	0.823246	0.866465	0.828071	0.836069	0.828026	0.821779	0.814884	0.837321	0.864929	0.858446	0.835659	0.853255	0.834845	0.847242	0.873227	0.836574	0.821636	0.830019	0.890145	0.839878	0.82727	0.814884	0.846522	0.822906	0.806011	0.830509	0.825983	0.87631	0.87903	0.806011	0.829803	0.825983	0.844378	0.844378	0.826397	0.864082	0.828026	0.818737	0.827499	0.823686	0.813206	0.837745	0.853381	0.853333	0.87903	0.860684	0.84096	0.842106	0.834522	0.856493	0.886427	0.836617	0.819148	0.873227	0.823319	0.882812	0.814884	0.855508	0.855873	0.817804	0.84764	0.853291	0.827129	0.855873	0.844599	0.833034	0.841148	0.833709	0.812635	0.834845	0.843206	0.790649	0.837664	0.883592	0.799487	0.838034	0.812635	0.849716	0.860053	0.821475	0.852907	0.838034	0.828923	0.840632	0.839878	0.879103	0.882928	0.850963	0.840632	0.83099	0.821636	0.874349	0.843482	0.87764	0.834522	0.824863	0.902747	0.860138	0.843482	0.847122	0.84419	0.864486	0.847791	0.790974	0.842979	0.823319	0.885242	0.816478	0.833709	0.854373	0.882324	0.841148	0.874258	0.860409	0.864639	0.81799	0.85436	0.853007	0.844188	0.849521	0.799487	0.851981	0.857685	0.806011	0.84927	0.838531	0.860821	0.87568	0.841144	0.846522	0.868396	0.843645	0.81252	0.845435	0.86166	0.858783	0.812635	0.860053	0.87568	0.844599	0.882928	0.812153	0.840236	0.837866	0.883592	0.850963	0.823246	0.829346	0.864082	0.833034	0.855508	0.824792	0.87568	0.812635	0.803916	0.816161	0.824401	0.853333	0.842052	0.788584	0.824863	0.884874	0.813517	0.853632	0.800575	0.838034	0.83502	0.846346	0.821636	0.836589	0.840236	0.872027	0.86872	0.871612	0.882324	0.807721	0.833003	0.851457	0.819782	0.838034	0.843645	0.87475	0.819782	0.884611	0.860053	0.866271	0.810652	0.836617	0.8516	0.853632	0.830211	0.831192	0.843756	0.821203	0.810652	0.832104	0.885069	0.882928	0.851445	0.834522	0.855878	0.844188	0.864639	0.849521	0.831192	0.87568	0.849995	0.824863	0.874091	0.850667	0.825026	0.839991	0.846061	0.849521	0.846778	0.799292	0.837503	0.851445	0.825065	0.845435	0.835226	0.858704	0.833034	0.812635	0.853228	0.81252	0.808118	0.862978	0.822437	0.851457	0.883592	0.8421	0.833003	0.845435	0.876993	0.837503	0.877642	0.833709	0.790974	0.823246	0.824792	0.787675	0.864554	0.834522	0.864702	0.884874	0.856861	0.824863	0.824976	0.873227	0.808118	0.81799	0.812635	0.889774	0.805481	0.849716	0.852164	0.852164	0.810914	0.838034	0.799292	0.798785	0.803705	0.813517	0.872027	0.830509	0.822814	0.87568	0.837321	0.84764	0.884874	0.824792	0.855721	0.860001	0.846885	0.816589	0.867926	0.824792	0.860811	0.839716	0.812925	0.86166	0.833155	0.871612	0.831192	0.854373	0.840807	0.836589	0.853381	0.819002	0.876635	0.834929	0.844881	0.814348	0.823246	0.852907	0.84764	0.83502	0.856861	0.855508	0.851981	0.790649	0.83099	0.81085	0.806011	0.838034	0.812635	0.831192	0.822437	0.829742	0.836589	0.853152	0.837228	0.819037	0.866465	0.794875	0.829742	0.846885	0.853896	0.838055	0.849521	0.843645	0.809286	0.860821	0.829848	0.825037	0.814348	0.842052	0.858704
71000	slope	0.0533324	0.00611311	0.0524476	0.0257804	0.0256913	0.0743861	0.0179926	0.0586489	0.0428554	0.0620002	0.0560864	0.0176907	-0.00434676	0.0284616	0.0194422	0.072483	0.0378919	0.0339201	0.0106658	-0.0114731	0.0571181	0.0739714	0.0742222	0.046686	0.0470068	0.0152095	0.0911162	0.00986016	0.0412865	0.000342851	0.0284616	0.0291207	0.00147815	0.0298184	0.0106658	0.0704108	0.0466852	0.00145128	0.0699701	0.022872	0.0126328	0.0355314	0.0257804	0.0291207	0.0282897	0.0202434	-0.00121054	0.0378919	0.0234577	0.0181448	0.11156	-0.00085628	0.00842449	0.0626594	0.00147815	-0.00989811	0.0560204	0.0504033	0.0136269	0.0125524	0.00332032	0.014414	-0.01362	0.0729228	0.016565	0.0750522	0.0562155	0.0119522	0.0425108	0.10197	-0.0230479	-0.00943813	0.0437931	0.0571838	0.0364306	0.0260797	0.0507816	0.0167392	0.0170442	-0.00989811	0.0176907	0.0164976	-0.00943813	0.0202434	0.0380053	0.0557091	0.0376503	0.0182411	0.0480576	0.0256913	0.0524638	0.0299113	0.000342851	0.0235738	0.0336575	0.0144944	0.0202434	0.0735845	0.0461805	0.0693499	0.0200724	0.025706	0.0464696	0.0297006	0.0387918	0.103862	0.0612656	0.0693499	0.04274	0.0113282	0.0792846	0.0170442	-0.00943813	0.0360395	0.0515506	0.0724289	0.0510617	0.0742479	0.00774729	0.0737036	0.0280667	0.0335283	0.0743332	0.0612656	0.0911162	0.0257804	0.0253069	0.057462	0.0692877	0.0106658	0.0533324	0.0440503	0.00512309	0.0470068	0.0257804	0.0376503	0.0159452	0.0704044	0.0367647	0.0639249	0.0121384	0.0692877	0.0324331	0.08942	0.0199588	0.0778692	-0.00704539	0.0437931	0.0367647	0.0181301	0.0538551	0.0441912	0.11156	0.00512309	0.0166638	0.107625	0.0483193	0.0211027	0.0367647	0.0304853	0.0624544	0.0378919	0.0586489	0.0494141	0.0345572	0.030979	0.0563682	0.0375726	0.0146853	0.025453	0.0565119	-0.0135125	0.0436891	0.0436891	0.0665203	-0.00353431	0.0626252	0.0658164	0.0136393	0.0533324	0.0990791	0.0649163	0.0376503	0.0418239	0.0339201	0.00792633	0.0119522	0.0221193	0.0180141	0.0159483	0.0378919	-0.00500379	0.115661	0.0230788	0.0372288	0.0380053	0.0528722	0.0615731	0.0452659	0.0560864	0.00538719	0.0427226	0.0565119	0.0166299	0.0256913	0.0223696	0.0292325	0.0207855	0.0375726	0.0142738	0.0911162	0.0533324	0.0329922	0.0729228	0.10285	0.0714911	-0.0107104	0.0335283	0.0838768	0.0119522	0.0275572	0.0292977	0.0445715	0.0518021	-0.0257647	0.0761488	0.0533324	0.0438148	0.0446059	0.0309316	0.00981603	0.0367647	0.0378919	-0.00989811	0.0515136	0.077655	0.0166638	0.0524476	0.0129328	0.014414	0.0376503	0.0586489	0.0399358	0.0637546	0.0472473	0.0699701	0.0309316	0.0890496	0.05149	0.0562155	0.0949903	0.0291362	0.0491969	-0.00868813	0.0345572	0.0425905	0.0425108	0.115661	0.0612656	0.00332032	0.0620002	0.0693499	0.0338435	0.0644521	-0.0257647	0.11156	0.0376503	0.0838768	0.0230788	0.10285	0.0309316	0.0693499	-0.00736853	0.0305413	0.0452659	0.0990791	0.0666479	0.0305413	0.0581339	0.0367647	0.0181301	0.0523417	0.0166638	0.0209722	0.0693499	0.014414	0.018234	-0.0541728	0.0437931	0.025453	0.0953946	0.0387918	0.00663845	0.0949903	0.0173226	0.044579	0.0144944	0.0142999	0.0635535	0.0136269	0.0437931	0.0704044	0.0899309	0.0560204	0.0704044	0.0524476	0.0376503	0.0437931	0.0498516	0.0179926	-0.00736853	0.0292325	0.0362098	0.0309316	0.00145128	0.0268518	0.0788375	0.0136269	0.00353947	0.0596777	-0.00943813	0.0280893	-0.0083581	0.0376503	0.0121384	0.0766797	0.0309316	0.0339201	0.0533324	0.0275572	0.0181629	0.0376503	0.11156	0.0106658	0.0376503	0.0255041	0.0715135	0.0275572	0.0256913	0.033798	-0.00736853	0.0838768	0.0636814	0.0699701	0.0788375	0.0211021	0.0392651	0.0724658	0.0199588	0.0692877	0.0173226	0.027162	0.00611311	0.039941	0.0799346	0.0560204	0.0360395	0.0649163	0.0106837	-0.00736853	0.0124417	0.0533324	0.033798	0.0387918	0.0569868	0.0715135	0.0282897	0.0576195	0.00791653	0.00147815	0.0305711	0.0535624	0.0636814	0.0202434	0.0470068	0.0131167	0.0376503	0.00791653	0.0221124	0.0720924	0.0253143	0.0192778	0.0479813	0.00882707	0.0428361	-0.0040952	0.0256913	0.0256913	0.00562666	0.0309316	0.0230788	0.0535624	-0.0192113	0.0211488	0.0446059	0.0533324	0.0191651	0.0336169	0.115661	0.065191
71000	intercept	0.79254	0.85374	0.832814	0.855367	0.85374	0.788022	0.836273	0.830787	0.840302	0.816431	0.794463	0.810439	0.836315	0.849181	0.833008	0.81572	0.785235	0.815481	0.845488	0.84357	0.83655	0.789895	0.814701	0.83328	0.806411	0.827681	0.827167	0.85379	0.830666	0.824531	0.849181	0.850166	0.894359	0.823309	0.850232	0.798574	0.834502	0.846276	0.822435	0.835197	0.863203	0.847516	0.855367	0.850166	0.82838	0.857542	0.854022	0.802699	0.847451	0.819393	0.807583	0.885943	0.854136	0.817497	0.894359	0.852188	0.79254	0.788481	0.83372	0.851232	0.871944	0.85301	0.858589	0.805081	0.812669	0.844476	0.811192	0.846276	0.82817	0.809683	0.8207	0.822089	0.835685	0.843967	0.835197	0.858083	0.802157	0.836669	0.83372	0.85628	0.819393	0.803807	0.822089	0.856204	0.824779	0.826575	0.833296	0.835928	0.815684	0.85374	0.797494	0.847408	0.824531	0.802699	0.802157	0.863203	0.856204	0.86732	0.840007	0.847445	0.816123	0.846017	0.825209	0.816494	0.846791	0.833167	0.800796	0.848389	0.819009	0.820053	0.853201	0.83372	0.822089	0.815114	0.833285	0.819078	0.825945	0.838412	0.823874	0.854219	0.816744	0.842567	0.840418	0.800796	0.853201	0.872678	0.833713	0.816945	0.833459	0.846569	0.821726	0.832381	0.856905	0.814316	0.855367	0.826858	0.827681	0.838714	0.809524	0.841602	0.835988	0.833459	0.815434	0.82621	0.827681	0.85086	0.852717	0.82404	0.807795	0.825321	0.817111	0.830666	0.807583	0.856905	0.863867	0.823785	0.8284	0.864825	0.809524	0.81785	0.847445	0.811396	0.830787	0.85625	0.81711	0.84889	0.826575	0.806429	0.853619	0.846017	0.798739	0.877977	0.822122	0.819388	0.79254	0.851764	0.844476	0.824696	0.82517	0.830116	0.821412	0.81572	0.826858	0.830666	0.815481	0.823874	0.838514	0.825285	0.832308	0.836454	0.821064	0.832753	0.813543	0.841363	0.826858	0.824779	0.840007	0.855952	0.846054	0.816108	0.85628	0.838774	0.798739	0.848867	0.84952	0.828382	0.81679	0.820677	0.802699	0.826418	0.8446	0.804566	0.841363	0.783096	0.8446	0.840007	0.82348	0.838231	0.843593	0.838514	0.836917	0.821401	0.846017	0.837335	0.845213	0.793292	0.821726	0.832381	0.778218	0.81572	0.822986	0.802505	0.794336	0.852188	0.80297	0.848389	0.863867	0.832814	0.898254	0.85301	0.826858	0.830787	0.820152	0.822435	0.818329	0.822435	0.81572	0.823785	0.825209	0.811192	0.834843	0.802699	0.818005	0.866679	0.81711	0.864402	0.828481	0.803089	0.800796	0.871944	0.819672	0.846094	0.845422	0.816489	0.845213	0.807583	0.826858	0.829455	0.851026	0.8446	0.81572	0.848389	0.805105	0.823393	0.85597	0.821412	0.817034	0.823393	0.818188	0.817356	0.825321	0.822435	0.863867	0.8369	0.840419	0.85301	0.864076	0.824888	0.835685	0.846017	0.807583	0.846791	0.850422	0.834843	0.889574	0.8232	0.863203	0.825184	0.837335	0.826593	0.835685	0.838714	0.8446	0.79254	0.838714	0.832814	0.833296	0.830666	0.816945	0.836273	0.805105	0.81679	0.827247	0.81736	0.846276	0.853361	0.82164	0.848448	0.862842	0.801334	0.820373	0.837559	0.847243	0.826858	0.853354	0.840152	0.81572	0.815481	0.79254	0.836917	0.894359	0.826858	0.804141	0.864728	0.826858	0.802699	0.830503	0.836917	0.85374	0.836917	0.805105	0.82621	0.818188	0.822435	0.82164	0.830976	0.837077	0.848039	0.827854	0.833459	0.889574	0.838347	0.85374	0.819442	0.804847	0.79254	0.815114	0.81572	0.845585	0.805105	0.825593	0.79254	0.836917	0.847451	0.817111	0.830503	0.834706	0.832036	0.802904	0.894359	0.879458	0.856529	0.818188	0.84834	0.814316	0.807404	0.83691	0.802904	0.825694	0.82131	0.839546	0.857334	0.824973	0.854136	0.84077	0.85311	0.85374	0.84952	0.85301	0.81572	0.850927	0.856529	0.855385	0.855367	0.79652	0.821726	0.851764	0.806314	0.799139	0.822435
72000	slope	0.0720996	0.06266	0.088546	0.054774	0.033008	0.0273057	0.0443381	0.0310504	0.0222265	0.0391896	0.0503417	0.0345339	0.0395983	0.0898055	0.041716	0.0219696	0.00425436	0.0519692	0.0166707	0.0264043	0.00549479	0.0792025	0.0602751	0.112299	0.0391896	0.0131392	0.00961911	0.041716	0.0382593	0.022779	0.0335286	-0.0192658	0.0333012	0.0147466	0.0299796	0.0157561	0.0342311	0.0291823	0.0303973	0.026504	0.0371647	0.031568	0.0205577	0.0278812	0.041716	0.0255513	0.0738374	0.0382593	0.0318279	0.00113534	0.025502	0.0214977	0.0401887	0.0211709	0.0194484	0.0355572	-0.00259141	0.0391896	-0.00395958	0.0484414	-0.0021502	0.0342512	0.00549479	0.0130867	-0.00500279	0.0853982	0.0412308	0.0865352	0.0571649	0.0555264	0.0461261	0.0474759	0.0193953	0.0220749	0.0391896	0.0546394	0.00318485	0.0391896	0.0181987	0.0284696	0.0617615	0.0400258	0.0865352	0.0469115	0.0080082	0.0443381	0.0338857	0.0448408	0.0204123	0.0799588	0.0197076	0.00137926	0.0088773	0.0306331	0.037555	0.0447061	0.0216909	0.0260423	0.00769627	0.0312825	0.0264433	0.110723	0.0599215	0.00055465	0.0357326	0.0250195	0.0401255	0.00409417	0.0222462	0.024224	-0.00714981	0.0448408	0.109958	0.0338465	0.0461091	0.0205471	0.0252922	0.0655421	0.0806059	0.002706	0.00549479	0.0193953	0.0240287	0.0536079	0.0803194	0.110723	0.0420237	0.0088773	-0.025443	0.0344045	0.0301549	0.0540111	0.0803194	0.0301809	-0.0207271	0.0409604	0.0212991	0.0125956	0.0540314	0.0344201	-0.00972041	0.0312825	0.0543096	0.0792025	0.0254276	0.0336963	0.0391896	0.0476674	0.0607191	0.0101678	0.0275049	-0.0301186	0.0318851	0.028073	0.0259924	-0.0192658	0.0898055	0.0497155	0.0302927	0.0345339	0.0555264	0.033008	-0.033411	0.136982	0.0309116	-0.00205577	0.0251872	0.00943979	0.0412308	0.0545929	0.0126485	0.0301809	0.0560291	0.00457563	0.00939672	0.0194484	0.0107445	0.0853982	0.0287978	0.0417539	-0.0144223	0.0159418	-0.0298294	0.0497155	0.0138508	0.0412308	-0.025967	0.0159942	0.0388187	0.037555	-0.0301186	0.0430619	0.0461091	0.00239264	0.020392	0.0246855	0.0388187	0.00928607	0.0345655	0.0258934	0.0549216	0.0301549	0.0498751	0.034979	0.0342311	0.0125956	0.0126485	0.0194484	0.0382593	-0.00500279	0.0853982	0.0476674	-0.00972041	0.0303973	0.0453223	0.0220749	-0.0192658	0.0693062	0.0363994	-0.0226814	0.0497662	0.00817706	0.0461091	0.0303973	0.0401255	0.0409604	-0.0298294	0.0338857	0.0493784	0.0188395	0.0133806	0.0125956	0.0327975	0.0469115	0.0338465	0.0138508	0.0193953	0.0303973	0.0561116	0.0068124	0.0290026	0.033008	0.0250997	0.0068124	0.0755139	0.041716	0.0193953	0.0455293	0.0388187	0.0126485	0.0108964	0.026504	0.0249396	0.00763833	-0.00500279	0.0410233	0.0344045	0.0222265	0.0555264	0.0245786	0.0222265	0.00763833	0.0443381	0.0250195	0.0448408	0.00763833	0.0795777	0.0520475	0.033008	0.0176069	0.0358624	0.00965265	0.0440584	0.0430519	-0.00714981	0.0192168	0.0306331	0.0795777	0.0290026	0.054774	0.00600531	0.0250195	0.0197076	0.124925	-0.0301186	0.0400258	0.0402864	0.0540314	0.0900847	0.0197076	0.0755139	0.0755139	0.0342311	0.0179215	-0.00124203	0.0900847	0.0101678	0.0267184	0.0409604	0.0345854	0.0204123	0.0279563	0.022764	0.0186373	0.0222462	0.0571649	0.0400258	0.033008	0.0679965	0.0873775	0.0365729	0.0382486	0.0310504	0.00763833	0.0725347	0.0475644	-0.00891758	0.0571649	0.109958	0.0197076	0.0139879	-0.0192658	0.00487019	0.0457659	0.0080082	0.0526907	0.0194224	-0.0130055	0.0345339	0.0391896	0.0338624	0.109958	0.0498751	0.0108964	0.036756	0.00487019	-0.0144223	0.0619255	0.0138508	0.0443381	0.0049473	-0.0298294	0.0853982	0.0163539	0.0303973	0.056961	-0.000184691	0.0586634	0.0130867	0.0469115	0.00939672	0.0252283	0.0355572	0.0327975	-0.0130055	0.0497155	0.041716	0.0303973	0.0277937	0.0476674	0.0484015	0.026504	0.0068124	0.0462241	0.0282915	-0.0226814	0.041716	0.0265575	0.0206491	0.109958	0.00999871	0.0282915	0.0273057	0.0338857	0.0126485	0.0365729	0.00763833	0.0342512	0.041974	0.0755139	0.0442494	0.0414874	0.0555264	0.0179215	0.0188395	-0.00500279	0.054774	0.0258934	0.0367815	0.0160092	0.0485183	0.0626823	0.0303973	0.0246855	-0.0301186	0.00660533	0.0494626	0.0181987	0.0068124	0.0140129
72000	intercept	0.820405	0.807086	0.831137	0.823238	0.821342	0.837746	0.842496	0.812187	0.851304	0.854332	0.854864	0.838575	0.824488	0.838751	0.823722	0.861437	0.846065	0.835411	0.833847	0.826755	0.851909	0.819581	0.823722	0.801807	0.852916	0.82635	0.884861	0.823722	0.845418	0.865891	0.830632	0.840628	0.831476	0.862108	0.842496	0.814429	0.827502	0.842891	0.833015	0.837797	0.825717	0.832643	0.849276	0.842891	0.837387	0.864879	0.830635	0.835758	0.814404	0.827722	0.841318	0.837751	0.816887	0.810936	0.849032	0.835877	0.896059	0.852916	0.837394	0.810839	0.861004	0.826755	0.851909	0.894278	0.836567	0.819581	0.796825	0.786196	0.823085	0.815527	0.820175	0.827502	0.832048	0.837276	0.852916	0.810839	0.854383	0.854332	0.85096	0.847721	0.813422	0.81234	0.786196	0.83111	0.822089	0.842496	0.833028	0.809089	0.841197	0.814216	0.848517	0.84178	0.834944	0.812187	0.842203	0.824277	0.824596	0.833602	0.860587	0.849217	0.864146	0.774614	0.839959	0.861004	0.829316	0.815102	0.884861	0.901692	0.824056	0.884861	0.842353	0.816444	0.83994	0.793379	0.839719	0.856726	0.834399	0.801832	0.809721	0.83302	0.851909	0.832048	0.857644	0.824277	0.76265	0.774614	0.835877	0.834944	0.837394	0.858708	0.82635	0.764842	0.806808	0.833132	0.847425	0.831434	0.847425	0.846816	0.838527	0.8259	0.833819	0.849217	0.835629	0.805011	0.8168	0.836867	0.852916	0.858708	0.834408	0.827847	0.83997	0.867261	0.826351	0.834006	0.895039	0.840628	0.827932	0.843396	0.826755	0.838575	0.832688	0.830664	0.840681	0.799139	0.835001	0.872463	0.832923	0.836634	0.796825	0.826271	0.847425	0.833132	0.849936	0.828432	0.821342	0.849032	0.86265	0.820363	0.845418	0.80499	0.844928	0.813522	0.835774	0.843396	0.840438	0.796825	0.831645	0.841406	0.852264	0.842203	0.861175	0.824277	0.834399	0.837394	0.84576	0.798879	0.852264	0.825259	0.848517	0.856938	0.837128	0.82635	0.764842	0.843458	0.827502	0.846816	0.869559	0.861698	0.835758	0.836567	0.811025	0.858708	0.836333	0.833129	0.842496	0.834247	0.840628	0.775425	0.823722	0.847425	0.838652	0.863408	0.834399	0.833129	0.884861	0.831434	0.835774	0.833028	0.793928	0.878721	0.845882	0.846816	0.837128	0.83111	0.793379	0.840438	0.832048	0.82596	0.84071	0.890533	0.826755	0.830664	0.838014	0.884861	0.834427	0.823722	0.832048	0.817198	0.852264	0.847425	0.870621	0.844928	0.855865	0.879634	0.836567	0.824277	0.858708	0.851304	0.822423	0.827075	0.851304	0.884861	0.842496	0.811146	0.816444	0.865587	0.814216	0.840949	0.830664	0.805955	0.838527	0.840438	0.821342	0.820422	0.847425	0.848481	0.812187	0.814216	0.826755	0.823238	0.852595	0.803957	0.848517	0.799139	0.861175	0.81234	0.823722	0.838527	0.827932	0.848517	0.834427	0.834427	0.827502	0.851909	0.837394	0.827932	0.827522	0.847602	0.828762	0.829799	0.841197	0.82635	0.827075	0.86577	0.824056	0.823085	0.827075	0.821342	0.803121	0.816453	0.846472	0.843285	0.812187	0.884861	0.823085	0.81211	0.840438	0.823085	0.83994	0.848517	0.870621	0.840628	0.870852	0.838892	0.822089	0.805843	0.82635	0.836567	0.838575	0.852916	0.857644	0.83994	0.764842	0.88159	0.837475	0.870852	0.844928	0.814078	0.840438	0.842496	0.828332	0.835774	0.819581	0.843918	0.833129	0.827673	0.815102	0.825941	0.877624	0.83111	0.821342	0.83663	0.835877	0.837128	0.842158	0.849487	0.823722	0.82577	0.849217	0.858708	0.816074	0.837797	0.901692	0.839019	0.83302	0.848624	0.823722	0.840562	0.842891	0.83994	0.822089	0.83302	0.844661	0.833028	0.840477	0.839944	0.865587	0.826755	0.827734	0.834427	0.888125	0.819244	0.815527	0.851909	0.901014	0.829861	0.823238	0.833312	0.822793	0.822089	0.835629	0.829423	0.833129	0.798879	0.861175	0.845882	0.854332	0.827116	0.884861	0.812471
73000	slope	0.0561956	-0.00419123	0.0217942	0.0786743	0.0279951	0.0739924	0.0810883	0.0598284	0.05198	0.0222531	0.0184041	0.0279746	0.0627599	0.0303819	-0.00134046	0.0452256	-0.00912332	0.0810883	-0.00912332	0.099216	0.143506	0.0309538	-0.0102165	0.071898	0.0908452	0.0176185	0.0317795	0.0450766	0.0241716	0.0380175	0.0217942	0.0182053	0.0909057	0.0804426	-0.00932435	0.0909057	-0.00912332	0.083129	0.0382078	0.0505394	0.0351972	0.0598284	0.0367462	-0.0174449	0.0215705	0.0702302	0.0702302	-0.00929671	-0.0147841	0.0316414	0.0217542	0.0426909	-0.00912332	-0.00419123	0.048911	-0.00997279	0.114186	0.0421931	0.00211818	0.0776749	0.0505394	0.0217437	0.0844766	0.082815	0.0327895	0.0138644	0.098826	0.0260628	0.101969	0.101753	0.0334381	0.0506377	0.0971199	0.0217542	0.0683012	0.0549018	0.0880422	0.0658029	0.0318362	0.0880262	0.0263917	0.0957082	0.0390479	0.0470877	0.0430596	0.0810883	0.108969	0.0309782	0.000307661	0.0526217	0.0110099	0.00356926	0.0641239	0.083129	0.0303416	-0.0113693	0.0308878	0.0380175	0.0908452	0.0148729	0.0236992	0.0142186	0.0379062	0.101969	0.0992528	0.0451069	0.0440462	0.0454108	0.0112204	0.0399266	0.0916349	0.0781939	0.0412211	0.0419164	0.0505394	0.0510604	0.0153395	0.0263875	0.0847673	0.0547748	0.0303819	0.0112679	0.073151	0.0542369	0.0439234	0.0466523	0.0184041	0.0184041	0.0037232	-0.00465126	0.0454108	0.0532039	0.0579181	0.0858379	0.0171693	0.000659932	0.0748416	0.00302731	0.0703487	0.0550567	0.0816636	0.032251	0.0392403	-0.0113693	0.0448782	0.0224303	0.0270653	0.0304366	0.119263	0.0279746	0.108969	0.0506377	0.124497	0.0308878	0.0598284	0.0810139	0.0218335	0.101969	0.0314422	0.0524639	0.0930029	0.0505394	0.073151	0.0668287	0.0755139	0.108969	0.108969	0.0135611	0.045629	0.0416866	0.0457467	0.0489324	0.0159888	0.00511825	0.0366645	0.0263917	0.0844766	0.0135611	0.0831863	0.0926521	0.0598284	0.0216292	0.0770744	0.0396793	0.0248275	0.0529662	0.0873449	-0.011247	0.0353415	0.048911	0.0233337	0.0153395	-0.0259464	0.108969	-0.00465126	0.060099	0.0391092	0.0786743	0.0475579	0.0366645	0.0136427	0.0983848	0.0421931	0.0380175	0.0721341	0.0963717	0.0983848	0.0139728	0.0421931	0.0235202	0.0880422	-0.0256112	0.14628	0.0668287	0.0434631	0.0329607	0.0317795	0.0528365	0.0756868	0.0217542	0.0304182	0.00603477	0.0273184	0.108969	0.0176185	0.041751	0.0898334	0.0799671	0.0148729	0.0810883	0.0880262	0.0508681	0.0492192	0.0112679	0.143506	-0.0323748	0.0206573	0.0866848	0.0963717	0.0452256	0.0645607	0.0321492	0.0304182	0.101969	0.0351897	0.0909057	0.0303819	0.0351972	0.0426909	0.0847673	0.0308878	0.101969	0.0556207	0.0308878	0.0390479	0.0452256	0.0308754	0.0286875	0.0391896	-0.00419123	0.108969	0.0786743	0.0702302	0.0184041	-0.0310795	0.0392403	-0.00576674	0.0366729	0.0286875	0.101969	0.108969	0.103951	0.0525724	0.0502673	-0.0181388	0.0507247	0.0810883	0.0527307	0.0477742	-0.0147841	0.0319585	0.0239773	0.0997278	0.0279951	0.0425059	0.0308878	0.0748416	-0.0310795	0.0171693	0.0505394	0.0963717	0.0279746	0.071898	0.0549018	0.0804426	-0.0368296	0.0345339	-0.0181388	0.0809793	0.0645607	0.0112204	0.0368057	0.0506377	0.0598284	0.0235202	0.0217437	0.0166306	-0.0259464	0.0136427	0.083129	0.0532039	0.0844766	0.0274612	0.0721341	0.0148729	-0.0368296	0.0452775	0.0279951	0.0938805	0.0645607	0.0705423	-0.0113693	0.0410791	0.0233337	0.103951	0.0938805	0.0217542	0.0523355	0.0963717	0.0963717	0.0441698	0.0534003	0.0189234	0.0810883	0.0450766	0.0263917	-0.0310795	0.0206573	-0.00419123	0.103951	0.0331335	0.0723751	0.0524639	0.00603477	0.108969	0.0627493	0.0303416	0.0930029	0.0723751	0.0159888	0.0194419	0.0206573	0.0983848	0.0305259	0.0506377	0.08777	0.0273184	0.0380175	0.0342475	-0.0161754	-0.0181388	0.0833378	0.0601112	0.0506377	0.0308878	0.0641239	-0.010692	0.0138644	-0.00419123	0.000307661	0.0441698	0.0303819	-0.00912332	0.0810883	0.000267798	0.0308754	0.101969	0.0148729	0.098826	0.0702572	0.0755139	0.0406836	0.00603477	0.00603477	0.0832379	0.0532039	0.0723751	0.0854712	0.0702302	-0.00419123	0.0303819	0.0983848	0.0339983	0.0475579	0.116487	0.0194419	0.0412211	0.0488626	0.0810883	0.0741236
73000	intercept	0.829996	0.858785	0.84391	0.831231	0.880204	0.824554	0.821346	0.852657	0.832375	0.842078	0.794922	0.827074	0.82707	0.844654	0.86302	0.80082	0.815642	0.821346	0.815642	0.838652	0.822866	0.838712	0.863312	0.815259	0.824777	0.831452	0.809503	0.83217	0.853181	0.813837	0.84391	0.810939	0.833326	0.827854	0.870667	0.833326	0.817348	0.837012	0.848312	0.825413	0.815873	0.852657	0.81045	0.877585	0.860809	0.850227	0.865117	0.864379	0.8834	0.818014	0.803549	0.831997	0.815642	0.839113	0.845473	0.84198	0.825953	0.835871	0.843382	0.830858	0.825413	0.846351	0.812451	0.826232	0.830263	0.862661	0.791936	0.845502	0.818609	0.812185	0.815652	0.817791	0.824703	0.801922	0.813559	0.798262	0.804409	0.827887	0.859216	0.836963	0.822427	0.812185	0.82791	0.852657	0.812537	0.821346	0.825941	0.80613	0.863312	0.831056	0.824368	0.870928	0.821858	0.837012	0.844654	0.834593	0.826838	0.813837	0.824777	0.815912	0.850765	0.834474	0.81045	0.818609	0.803518	0.803549	0.812537	0.84257	0.863117	0.820311	0.825158	0.804409	0.836281	0.867852	0.83264	0.854984	0.866335	0.865788	0.849031	0.836599	0.848443	0.859216	0.824038	0.807592	0.849628	0.816619	0.796223	0.794922	0.816741	0.875467	0.83217	0.839351	0.805861	0.831086	0.809732	0.868412	0.829587	0.863312	0.831463	0.850449	0.833326	0.842004	0.82322	0.863312	0.82707	0.84343	0.876502	0.859216	0.833897	0.827074	0.831889	0.821346	0.814285	0.826838	0.852657	0.792097	0.824368	0.841578	0.811158	0.860541	0.786615	0.813903	0.824038	0.81256	0.812217	0.825941	0.845684	0.83461	0.818386	0.836482	0.80808	0.778261	0.863117	0.813766	0.836024	0.817805	0.812451	0.83461	0.827854	0.787211	0.852657	0.843382	0.794751	0.84187	0.863117	0.821346	0.81906	0.854514	0.815873	0.845473	0.855624	0.866335	0.837684	0.828648	0.868504	0.829376	0.840675	0.831231	0.820416	0.836024	0.850419	0.825941	0.816036	0.813837	0.807271	0.824777	0.825941	0.815912	0.842342	0.863904	0.804409	0.8834	0.790754	0.81256	0.879119	0.833982	0.809503	0.80672	0.799144	0.765328	0.873801	0.815912	0.87811	0.825941	0.818819	0.844654	0.772982	0.850393	0.815912	0.821346	0.82094	0.846204	0.863013	0.859216	0.822866	0.868924	0.844654	0.824777	0.824777	0.80082	0.778118	0.811158	0.873801	0.818609	0.839481	0.833326	0.848443	0.815873	0.831997	0.849031	0.826838	0.841578	0.820311	0.826838	0.806892	0.80082	0.835729	0.844654	0.862217	0.852369	0.825941	0.831231	0.850227	0.794922	0.854514	0.82322	0.836322	0.839466	0.844654	0.818609	0.825941	0.814285	0.81366	0.807592	0.851765	0.82707	0.821346	0.813943	0.824581	0.8834	0.817075	0.84183	0.818316	0.880204	0.825413	0.826838	0.822396	0.854514	0.809732	0.813903	0.824777	0.827074	0.815259	0.819543	0.827854	0.84198	0.866039	0.851765	0.850393	0.808472	0.863117	0.778261	0.821346	0.852657	0.863904	0.846351	0.806571	0.849701	0.855624	0.837012	0.839351	0.812451	0.859216	0.807271	0.815912	0.84053	0.817087	0.880204	0.794952	0.757925	0.824779	0.863312	0.859216	0.848705	0.806379	0.789734	0.769713	0.822813	0.824777	0.824777	0.803549	0.829883	0.83313	0.822782	0.83217	0.826838	0.854514	0.833334	0.821876	0.814285	0.844654	0.804409	0.860541	0.815912	0.825941	0.808612	0.844654	0.7797	0.804409	0.863117	0.870852	0.833334	0.825941	0.852719	0.809912	0.818609	0.878627	0.813837	0.83217	0.818983	0.851765	0.821346	0.822926	0.807673	0.826838	0.821858	0.870667	0.879047	0.852369	0.863312	0.800946	0.824679	0.815642	0.809921	0.80552	0.835729	0.841578	0.790736	0.791936	0.810778	0.812217	0.81414	0.815912	0.815912	0.84696	0.839351	0.804409	0.792097	0.868387	0.831644	0.831997	0.825941	0.845228	0.825157	0.811273	0.868946	0.836281	0.757925	0.821346	0.824038
74000	slope	0.0711437	0.0710327	0.00750374	0.0343738	0.0571086	0.0437661	0.0626077	0.0374209	0.000315886	0.0488539	-0.0229378	-0.0154467	0.0287277	0.0362024	0.0245113	0.0393192	0.006644	6.3811e-05	-0.00953016	0.0520006	0.0850095	0.0152527	-0.00591881	0.0584774	0.0269136	0.006644	0.0697098	0.0758251	0.0655714	0.0343738	-0.0103779	0.0561078	0.0333338	0.0760824	0.038452	0.0925961	0.0459361	0.0991319	-0.0150946	0.0460704	0.0622537	0.0362024	0.006644	0.0528515	0.0466435	0.038452	0.0388513	0.0179513	0.0411145	0.0299589	0.0078259	0.0610355	0.0488539	-0.0179754	0.0553516	0.0476833	0.0744484	-0.0186883	0.0544686	0.0407592	0.0225343	0.0122679	0.0401127	0.0403392	0.0977357	0.0557121	0.0299589	0.0458549	0.0780263	0.0144774	0.078553	-0.0103779	0.0138946	0.0179409	0.0529063	-0.037297	0.0563773	0.0474507	0.0622537	0.0362492	0.0489751	0.0935745	0.0152527	0.0625876	0.0914393	0.0884715	-0.00171518	0.0437661	0.0174021	0.00200106	-0.00262336	0.0726517	0.0571086	-0.00162501	-0.013638	0.023479	0.0443594	0.0475499	0.0109334	0.0282303	0.0295556	0.000315886	0.0343738	0.0434617	0.0528515	0.0453433	0.0547087	0.0451644	0.0584774	0.0590567	0.0533197	-0.0179754	0.033374	0.0437661	0.0101337	0.0190071	0.0760521	0.067418	0.006644	0.0269325	-0.0220066	-0.015139	0.0484681	0.0476833	0.0129943	0.0500274	0.0413426	0.0178671	0.033419	0.0616488	-0.0156037	0.033419	0.033419	0.0379178	6.3811e-05	0.0496515	0.0245113	0.0653534	0.0473234	0.0235455	0.00874797	-0.0068635	0.006644	-0.00162501	0.0255114	0.0462511	0.0711437	0.0672043	0.0509133	0.089113	0.0374209	0.0458524	0.0719619	0.000521304	-0.0068635	0.0302024	0.0449303	0.0178226	0.0590567	0.0557885	0.0773907	-0.0130121	0.0655714	0.0507365	0.00278743	0.089062	0.102711	0.0805916	0.0528515	-0.013638	0.0454173	0.033374	0.0119674	-0.00678685	0.07871	0.0393237	0.0509941	0.067584	0.049469	0.0805916	0.0295556	0.0362024	0.074264	0.000315886	0.0740023	0.0532227	0.033419	0.0381112	0.0610355	0.0553774	0.0482685	-0.00776074	0.0111797	-0.0103779	0.0445929	0.0663154	0.0991319	-0.00678685	0.0816693	0.0533197	0.0119674	0.0051783	0.0352302	0.0805916	-0.0110086	0.0172627	0.00853392	-0.0144959	0.102711	0.0800676	0.0528515	0.0475619	0.0297289	0.010252	0.00317369	0.0553774	0.0547087	0.0101327	-0.0105812	0.0119674	0.0489751	0.0300235	0.0494814	0.0152527	0.0269136	0.0663154	0.006644	0.0536168	-0.00953016	0.0119674	0.0884715	0.0212293	0.0115194	0.0850095	0.0760521	0.0138946	0.00143491	0.0306607	0.0302024	-0.0123165	0.0782787	0.102982	0.0302024	-0.0156037	0.0476833	0.0355763	0.0460704	0.0760412	0.006644	0.0797361	0.0475619	0.0437661	0.0178671	0.0437661	0.0472295	0.0805916	0.0339556	0.0542503	0.00313425	0.0374209	0.0550125	0.0303998	0.0169292	0.0333338	0.0415001	-0.0130121	0.0914393	0.0172627	0.109768	0.0571086	0.0666701	0.00750374	0.0184232	0.101842	0.0119674	0.0977357	0.0225343	0.0101327	-0.0130121	0.0528515	-0.0064657	0.0622537	6.3811e-05	0.010252	0.006644	0.0914393	0.0106176	0.0401127	0.039903	0.023238	0.0610355	0.0332196	0.0234979	0.0529063	0.0476833	-0.0068635	0.0475499	0.0281462	0.0810883	-0.0192498	6.3811e-05	0.0760338	0.0622537	0.0738085	-0.0130121	0.0333338	-0.013638	0.0415001	0.0557885	0.0738085	-0.0104504	-0.0184074	-0.013638	0.0454644	0.0782787	0.023238	0.0328654	0.0509941	0.0841679	0.038452	0.0454173	-0.0130121	0.0703752	0.0364645	0.0287277	0.0178671	0.0432758	0.0884715	0.0475619	0.0386693	0.0051783	0.0119674	0.033419	0.000200592	0.0590567	0.00606668	0.0337613	0.0178671	0.0287277	0.006644	0.0308878	-0.00678685	0.038452	0.0662742	0.102711	0.0782787	-0.0179754	0.034822	-0.0104504	0.0403392	0.0684532	-0.0104504	0.0142331	0.0445929	0.0547087	0.0711437	0.0234979	0.0265071	0.0738085	0.0520006	0.0451579	-0.0364185	0.069103	0.0346975	0.0287277	0.038452	0.0760521	0.016698	0.0417884	0.0415001	-0.00542676	0.006644	0.038452	0.0810883	0.0547087	0.0853012	0.0655714	-0.00934518	0.0810883	0.0156439	0.0039875	0.0544686	0.0119674	0.0299589	0.0966215	0.0415001	0.0547087	0.0899194	0.0225343	0.0805916	0.0324526	0.0850095	0.0302024	0.023238	0.0710327	0.0536168	0.0308878	0.0343738	0.0925961	0.0245113
74000	intercept	0.836101	0.830862	0.860583	0.854281	0.863946	0.857	0.84603	0.83476	0.851982	0.821387	0.869747	0.854364	0.850639	0.850639	0.843474	0.837585	0.835728	0.883575	0.864849	0.821477	0.817557	0.873883	0.851731	0.79258	0.862097	0.881592	0.860569	0.819912	0.815077	0.854281	0.810722	0.80549	0.852607	0.780091	0.808694	0.828078	0.857	0.833254	0.867382	0.865185	0.820545	0.850639	0.861776	0.801279	0.865185	0.810588	0.86289	0.864703	0.851269	0.819247	0.845729	0.824323	0.821387	0.816326	0.825723	0.821798	0.833101	0.844077	0.822864	0.829009	0.891196	0.844613	0.850785	0.849659	0.82485	0.822314	0.842119	0.817852	0.840315	0.849825	0.837427	0.788934	0.864703	0.864703	0.850793	0.852235	0.825314	0.825314	0.821613	0.876045	0.826229	0.809469	0.873883	0.833666	0.826529	0.845169	0.851982	0.857	0.842459	0.850445	0.834186	0.841357	0.863946	0.85398	0.882318	0.818173	0.779839	0.80732	0.835728	0.865732	0.835177	0.851982	0.848518	0.838166	0.79593	0.857072	0.835352	0.78982	0.79258	0.837319	0.833567	0.809424	0.868708	0.847435	0.860583	0.862049	0.838505	0.826529	0.900484	0.808046	0.861708	0.848256	0.857072	0.821798	0.836305	0.809583	0.825053	0.871106	0.80732	0.834789	0.858688	0.814829	0.814829	0.842609	0.883575	0.832096	0.843474	0.832104	0.806369	0.835177	0.837912	0.855866	0.857811	0.85398	0.893608	0.83344	0.832323	0.839868	0.808621	0.83877	0.83476	0.886307	0.820819	0.868714	0.855866	0.851269	0.828338	0.877095	0.837319	0.810489	0.780091	0.831288	0.815077	0.815016	0.854849	0.807335	0.828342	0.845123	0.79593	0.877795	0.779839	0.875132	0.842956	0.816326	0.830219	0.8433	0.849832	0.816471	0.81862	0.869717	0.839104	0.850639	0.809281	0.860052	0.848282	0.845387	0.803897	0.850639	0.817557	0.833477	0.811129	0.861776	0.879462	0.814675	0.863097	0.813394	0.833254	0.816326	0.803736	0.833567	0.833721	0.861776	0.865185	0.845123	0.855866	0.850014	0.848264	0.857966	0.828342	0.866409	0.792769	0.796029	0.81488	0.850445	0.850445	0.834394	0.854812	0.846948	0.844603	0.842956	0.826229	0.865374	0.817402	0.873883	0.862097	0.804343	0.850445	0.823323	0.864849	0.833721	0.845169	0.875132	0.851731	0.81036	0.848514	0.864703	0.859693	0.849824	0.851062	0.884105	0.834855	0.825908	0.880565	0.858688	0.821798	0.850639	0.865185	0.799708	0.850445	0.848514	0.796029	0.857	0.86108	0.874462	0.809583	0.845123	0.853652	0.839946	0.836305	0.83476	0.821387	0.778095	0.809804	0.852607	0.87514	0.832405	0.826529	0.850014	0.827558	0.863946	0.83481	0.860583	0.87514	0.803736	0.833721	0.82485	0.879462	0.851213	0.832405	0.792769	0.83909	0.820545	0.883575	0.850445	0.835728	0.826529	0.860583	0.850785	0.826229	0.879462	0.817557	0.80732	0.869865	0.850793	0.821798	0.855866	0.80732	0.843474	0.834855	0.831131	0.883575	0.832323	0.820545	0.78924	0.832405	0.852607	0.877795	0.852068	0.815617	0.808949	0.860745	0.840573	0.877795	0.815464	0.828304	0.879462	0.803049	0.849832	0.780091	0.808694	0.779839	0.832405	0.83679	0.80719	0.850639	0.86108	0.849183	0.845169	0.800068	0.816068	0.861776	0.825692	0.803897	0.855866	0.837319	0.850113	0.843474	0.882093	0.874815	0.850445	0.837472	0.82774	0.808694	0.817557	0.828342	0.854679	0.826626	0.835177	0.860745	0.849659	0.825262	0.852335	0.86108	0.863097	0.847971	0.822954	0.875844	0.857	0.808949	0.842151	0.82664	0.860543	0.799708	0.824545	0.850639	0.808694	0.838505	0.819247	0.828361	0.862111	0.868826	0.850445	0.807007	0.834855	0.854812	0.827178	0.815077	0.851446	0.834855	0.859183	0.883575	0.822864	0.833721	0.842119	0.851995	0.852068	0.854812	0.817557	0.885418	0.845123	0.83585	0.817557	0.851062	0.879462	0.830862	0.823323	0.837472	0.854281	0.828078	0.837865
75000	slope	0.0237455	-0.034555	0.0604106	0.0197605	0.0620611	-0.00193755	0.0267193	0.0720182	0.0446159	-0.000363363	0.0133242	0.0641427	0.0264243	0.0490686	0.0212623	0.0533734	0.0619403	0.0495255	0.0732999	-0.0241068	-0.046547	-0.0232881	0.00805927	0.068527	0.0641427	-0.00545374	0.0334642	0.0525709	0.0502938	0.102734	0.0580067	0.050661	0.0404553	0.01334	0.0399752	-0.000854306	-0.00851504	0.0177322	0.0538381	0.0726047	0.0251314	0.0734417	-0.0122084	0.0641427	-0.00393379	0.0903563	0.00146254	0.00491528	0.0536162	0.0403521	0.0413168	0.0383916	0.0333516	0.0107588	0.0450167	0.0216142	0.0512755	0.0580684	0.0117909	0.00784855	0.0803587	-0.0190423	0.0720182	0.0100239	0.0631517	0.0457682	0.0458512	0.0830786	0.0236676	0.0220614	0.0466593	0.0614918	0.108187	0.0491198	0.0413897	0.0458109	0.0417606	0.0225592	0.00784855	0.0276279	0.0386033	0.00800952	0.0690236	0.0220098	0.0432417	0.0863065	-0.00144899	0.0108986	0.0493649	0.0512715	0.038508	0.0288976	0.0720182	0.044696	0.0289954	-0.00144899	0.00207911	0.0439883	0.068527	0.0661749	0.0720182	0.00146254	0.0211363	0.0050251	-0.043729	0.0117491	-0.0118747	0.0367085	0.0481355	0.0251314	0.0754511	0.0487328	0.0288976	0.00784855	0.0512715	0.00879354	0.017522	0.0786391	0.00154135	0.00207911	0.0515709	0.0206539	-0.000363363	0.0786391	0.0022525	-0.0190423	0.0807763	0.0273684	0.089802	0.0610983	0.00650682	0.089802	0.0427868	0.0493484	0.0278739	0.0446482	-0.0198934	0.0117491	0.0383916	0.0530647	0.0416309	0.0558251	0.0751459	0.000262769	0.0177003	0.00506969	0.00784855	0.0285965	0.0451913	0.0567411	0.079716	0.0803587	0.080202	0.00207911	0.0515709	0.0871826	0.0446159	0.0367784	0.0656692	0.0210257	0.0596058	0.00780348	-0.000363363	0.0641427	0.0337788	0.0807763	0.0236964	0.0475289	0.0116783	0.0107588	0.0515709	0.0530865	0.0427868	0.0495255	0.0432417	0.0754869	0.0337788	0.0050251	0.0630848	0.054185	0.00103178	0.0292964	-0.0139359	0.0222781	-0.0235378	0.036614	0.0220098	0.0251314	0.0239734	0.0381392	0.0204594	0.0538381	0.0383916	-0.0241068	0.0803587	-0.0241233	0.0439368	0.0403181	0.0236083	0.0299172	0.0220098	0.0732999	0.0797676	0.005404	0.0502938	0.0195507	-0.000759853	-0.000668567	0.0641427	0.00103178	0.00207911	-0.000363363	0.00874021	-0.00648776	0.00491528	0.0424131	-0.0118747	0.0502938	-0.0346809	0.0607435	0.00650682	0.0492468	-0.0157827	0.0111516	0.0113699	0.057211	-0.000668567	0.00491528	0.0446159	0.0288093	0.0997928	0.014305	0.00784855	0.0381392	0.00769745	0.0022525	-0.0664941	0.089802	0.0916433	0.0515709	0.0754869	0.0100239	0.00778963	-0.0257627	0.0239237	0.0381392	0.0807763	0.0100239	0.0762304	-0.00930197	0.0413168	0.0352498	0.0413814	0.0492468	-0.0205578	0.110825	-0.0439561	0.0373125	0.0383916	0.0381392	0.0273684	0.00778963	-0.0619161	0.0525709	0.00207911	0.0546338	0.0803587	-0.00930197	0.0239734	0.0490686	0.0600267	0.080202	0.0141931	0.0557793	0.0420304	-0.00338854	0.005404	-0.0664941	0.0526765	0.0141931	0.0206539	0.0336844	0.068527	0.0634417	0.0506851	0.0803587	-0.000363363	0.0720182	0.0404736	0.0204594	0.0641427	0.0512755	0.0458109	0.0251314	0.0538381	0.0720182	0.01334	0.0453698	0.0411211	0.0197605	-0.0241068	0.0916433	0.0762304	-0.00648776	0.0610983	0.0381392	0.0715856	-0.00513779	0.0206539	0.0417606	0.0128511	0.017522	0.0525709	0.0288976	0.0807763	0.0355454	0.00818941	0.00181926	0.0498356	0.0446791	0.00995225	-0.034555	0.0197605	0.0453698	0.0141916	0.0715856	0.0383916	0.0726047	0.0432417	0.0439883	0.0112797	-0.0235378	-0.0599127	0.0328731	-0.00144899	0.00491079	0.0411211	0.0340013	0.0381392	0.0620611	0.00769745	0.0540396	0.108187	0.0250747	0.0278429	0.0239734	0.0117491	0.0381392	-0.000759853	0.0452113	0.0061517	0.0507681	0.03506	0.00818941	0.0204594	0.0458109	0.0417606	0.0385998	0.0506851	0.00146254	0.0807763	-0.0241068	0.0803587	0.068527	0.0417606	-0.00854851	-0.0119173	0.00207911	0.0696448	0.0225007	0.0897067	-0.000759853	0.0304353	0.0460681	0.0641427	-0.0119173	0.0206539	0.0299172	0.0439883	0.0386656	0.0273684	0.0113699	0.0803587	0.0197595	0.0718566	0.0100239	0.0916433	0.0720182	0.0547509	0.00506969	-0.0346809	0.0411211	0.0292964	0.0399752	0.0381392	0.0417606	0.0292964	0.0403181	0.0458109	0.00784855
75000	intercept	0.878401	0.832187	0.822171	0.816783	0.796475	0.883642	0.866141	0.791068	0.856721	0.875248	0.832759	0.811756	0.823362	0.857823	0.807893	0.830762	0.826554	0.849318	0.82685	0.884843	0.815753	0.868142	0.816248	0.827793	0.811756	0.840494	0.850863	0.826303	0.821219	0.83152	0.843491	0.796983	0.852915	0.850171	0.863472	0.859131	0.873494	0.857754	0.832586	0.846512	0.858002	0.847828	0.860572	0.811756	0.883642	0.852112	0.88384	0.855773	0.84189	0.888025	0.821724	0.83979	0.835282	0.838925	0.837129	0.823063	0.835787	0.839186	0.825814	0.846158	0.833703	0.839558	0.81209	0.838049	0.815818	0.829076	0.841691	0.837528	0.870796	0.855919	0.841691	0.82685	0.821764	0.848134	0.796969	0.830475	0.852575	0.849366	0.848358	0.840719	0.826489	0.85471	0.810784	0.846171	0.830677	0.826442	0.874725	0.85625	0.821702	0.82595	0.83659	0.854633	0.81209	0.838092	0.83787	0.874725	0.832759	0.815726	0.83344	0.826554	0.81209	0.879961	0.880173	0.874888	0.832187	0.825642	0.858256	0.836902	0.81635	0.858002	0.81635	0.830475	0.824819	0.846158	0.826528	0.850558	0.818924	0.8178	0.838925	0.832759	0.837179	0.843878	0.886086	0.832718	0.840555	0.839558	0.833703	0.844584	0.829489	0.795276	0.875248	0.829489	0.838092	0.864941	0.842372	0.803671	0.861119	0.805924	0.869818	0.825001	0.880599	0.829874	0.82097	0.881021	0.83098	0.859131	0.846158	0.840509	0.835679	0.822674	0.83346	0.820197	0.822205	0.832759	0.824105	0.837528	0.853789	0.837179	0.842049	0.834539	0.832922	0.85471	0.875248	0.801617	0.837748	0.831046	0.87009	0.832739	0.87066	0.833997	0.837179	0.833558	0.836022	0.832586	0.845915	0.823407	0.837748	0.865686	0.820016	0.826491	0.856364	0.845106	0.863514	0.895219	0.860572	0.836902	0.858244	0.854622	0.867772	0.815812	0.841398	0.832586	0.869818	0.877225	0.809557	0.843872	0.809769	0.841691	0.835441	0.82763	0.858244	0.82685	0.846919	0.83835	0.81635	0.837119	0.840269	0.838576	0.811756	0.856364	0.832759	0.875248	0.881021	0.874888	0.855773	0.854622	0.858256	0.821219	0.884673	0.854281	0.875248	0.825329	0.848269	0.874888	0.83787	0.833703	0.838576	0.855773	0.856721	0.814582	0.848794	0.840555	0.848358	0.820218	0.879017	0.840555	0.873435	0.829489	0.840538	0.837179	0.823407	0.851161	0.83787	0.891746	0.833997	0.820218	0.833703	0.85688	0.861838	0.847595	0.821724	0.816783	0.819268	0.83152	0.847595	0.793731	0.869185	0.892126	0.845368	0.83402	0.844584	0.83787	0.800123	0.826303	0.832759	0.813833	0.809557	0.847595	0.868091	0.857823	0.830772	0.828255	0.833575	0.847828	0.874474	0.841111	0.83835	0.87176	0.845915	0.833575	0.843878	0.840249	0.83344	0.807637	0.837179	0.820197	0.875248	0.81209	0.871696	0.86225	0.811756	0.823187	0.834951	0.858002	0.832586	0.81209	0.852643	0.863472	0.841691	0.816783	0.877225	0.840538	0.861838	0.874888	0.795276	0.815812	0.830052	0.856364	0.843878	0.852575	0.880173	0.840555	0.823067	0.835934	0.833703	0.837107	0.879017	0.874733	0.82763	0.830677	0.832759	0.832187	0.814929	0.856273	0.82819	0.830052	0.867809	0.829874	0.830677	0.815726	0.857969	0.860572	0.815753	0.891001	0.874725	0.866205	0.841691	0.856721	0.820218	0.795543	0.879017	0.843635	0.835269	0.853232	0.875177	0.867772	0.820544	0.815812	0.840269	0.828154	0.820218	0.81635	0.843878	0.879017	0.841398	0.787914	0.844872	0.854234	0.837179	0.879961	0.833703	0.877225	0.833703	0.83344	0.829065	0.85471	0.863514	0.832759	0.861838	0.845658	0.822488	0.840269	0.820264	0.824562	0.811756	0.863514	0.843878	0.82763	0.815726	0.891001	0.858712	0.83787	0.820197	0.864394	0.794787	0.861318	0.852112	0.819653	0.832586	0.859131	0.884673	0.841691	0.834996	0.879203	0.815812	0.829065	0.845106	0.841691	0.830475	0.846158
76000	slope	0.067419	0.0170934	0.0585631	0.0279706	0.0785646	0.0267488	-0.0182689	0.0279945	0.0735515	0.0762852	0.0329553	-0.000568827	0.00406278	0.0595694	0.0139669	0.0297958	0.05027	0.0171826	0.0157329	-0.0148548	0.0172718	0.0269532	0.0240681	0.0264269	0.0233839	-0.0157036	0.00937655	0.0123101	0.072972	0.0800227	0.079119	0.0492123	0.0735515	0.0492123	0.0324354	0.0361146	0.0151433	0.0172718	0.0244672	0.0245042	0.0389485	0.0762852	-0.0071	0.00347157	0.064366	0.0285932	0.0276915	-0.00709767	0.0343122	0.0308412	0.0680598	-0.0500552	0.0204397	-0.0148548	-0.0146844	-0.0213166	0.0697697	0.0284201	0.0151433	0.00883926	0.0654494	0.0740359	0.0170934	0.0237298	0.0280375	0.0122226	-0.0148548	0.0258818	0.0650291	-0.0255618	0.0122226	0.0733179	0.0311788	0.0123101	-0.0148548	0.00120851	0.0687326	0.0172718	0.0532548	0.00793078	-0.0114427	0.055986	0.0342626	0.0333895	0.0680598	0.034119	0.0727597	0.0525709	0.0057572	0.0324354	0.0268524	-0.0218658	-0.014342	0.0347585	0.0621984	0.0680598	0.0433908	0.0824556	0.0544353	0.05027	0.0395771	0.00927063	0.0221524	-0.00949036	0.052325	0.0490003	0.027903	-0.0182689	0.0458083	0.0367412	0.055986	0.0243242	0.0803702	-0.0269592	0.0925145	0.0172718	0.00793078	0.0489278	0.0345043	0.0491734	0.0415245	0.00793078	0.0785646	0.0650291	-0.0600295	0.031202	-0.012101	0.072972	0.0476926	0.0512143	0.000422843	0.0319208	0.0783109	0.05027	0.067419	0.0056482	0.0212015	0.0186366	0.0307729	0.0795198	0.00672617	0.0056482	-0.0356503	0.0706581	0.0420535	0.0316353	0.0528654	0.0343122	-0.0221897	0.0795198	0.0569667	0.0172718	-0.0314863	0.079119	0.0273003	0.0828136	0.0654494	0.0783109	0.05027	0.0730275	0.0172718	-0.0262381	0.0057572	0.0264765	0.0156238	0.0650291	0.0350311	-0.0199075	0.024275	-0.0182689	0.0170934	0.0650291	0.0654494	0.0536435	0.0308412	0.0482194	0.0677882	0.0669587	-0.00123093	0.00418595	0.0328017	-0.00286453	0.0716423	0.0153388	0.0687326	0.0367923	0.0475073	0.0444649	0.0168457	-0.0148548	0.0492123	0.0342626	0.0153388	-0.0148548	0.0130138	0.0508535	0.0492123	-0.0332891	0.072972	0.00294849	0.0795198	0.0148665	0.0202169	0.0492123	0.0585399	0.0317507	0.0122226	0.0186366	0.0220955	0.0057572	0.0785646	0.0901343	0.0168457	0.067419	-0.00252666	0.0057572	0.00793078	-0.0199075	-0.0600295	0.0437987	0.0221524	0.0781902	0.00871755	0.0595694	0.0328017	0.0716423	0.0595694	0.0269532	0.0524123	-0.00452931	0.0650291	0.104266	0.00640702	-0.0199075	0.0524123	0.020468	-0.0269592	-0.0071	0.0113138	0.0706581	0.0475073	0.0528174	0.0170934	0.0525709	0.0525709	0.10148	-0.0309148	0.0057572	0.00871755	-0.0199075	0.0365221	0.0824556	-0.0255618	0.072972	-0.0131675	0.0783109	0.0267488	-0.0291374	0.0172718	0.0779478	0.0785646	0.0706581	0.0103787	0.0123786	0.0308412	0.031202	0.0245042	0.0057572	0.0157632	0.0585399	0.0328017	0.0345043	0.0285932	0.0824556	-0.0485247	0.052325	-0.0146844	0.0123101	0.0153388	0.0151433	0.0482194	0.0353609	0.0172718	0.0492123	0.0491081	0.00180979	0.0841901	-0.0180821	0.0573976	0.0284201	0.0959447	0.0595694	0.00871755	-0.0130241	0.0731687	0.072972	0.0122226	0.034119	0.0367923	0.0132037	0.0737183	0.0269532	0.0299179	0.0123101	0.0245042	0.00871755	-0.0221377	-0.0207907	0.00793078	0.0186366	0.0670934	0.0323522	0.0259394	0.0500427	0.0233368	0.00927063	0.0905387	0.0731687	0.0031275	-0.0431441	0.0482194	0.0662303	0.0123101	0.00169348	0.0122226	0.0031275	0.0731687	0.0331036	0.0333348	0.00684923	-0.0148385	0.0264269	-0.0221897	-0.0071	0.0308039	0.00793078	0.0819398	0.000752824	0.0285932	0.0588738	-0.0199075	0.0458083	0.0308412	0.0276915	0.0333895	0.0785646	0.0458083	0.00995701	0.0105486	0.0342626	0.0492123	0.0395771	0.0887889	-0.00713533	0.0356967	-0.00639378	0.0280375	0.0056482	0.0153388	0.0925145	-0.0130363	0.0849408	0.0153388	-0.0371675	0.0131224	0.0244672	0.0650291	0.0680598	0.0723928	0.0123786	0.0328017	0.0221524	0.0474328	0.0706581	0.0345043	0.0824556	-0.012101	0.0426496	0.0196517	0.0501575	0.0285932	0.0760461	0.0458083	0.0500427	0.00418595	0.0824556	0.0491081	0.0345043	-0.0128287	0.0824556	0.0284201	0.0395771	0.0795198	-0.00264144	0.0506226	0.0151433	0.0731687	0.0588738	0.00418595	0.0629776
76000	intercept	0.847903	0.830297	0.786185	0.849548	0.812209	0.84247	0.826968	0.845187	0.804109	0.82085	0.823994	0.832981	0.826624	0.811255	0.846785	0.839848	0.800461	0.8482	0.85726	0.871681	0.856937	0.83708	0.852846	0.864923	0.833994	0.845309	0.852746	0.873311	0.833475	0.825258	0.862546	0.840356	0.804109	0.840356	0.844671	0.840079	0.850583	0.866104	0.809132	0.845122	0.839325	0.817331	0.86727	0.836068	0.791161	0.875295	0.817591	0.875795	0.849548	0.872085	0.788404	0.876322	0.855773	0.871681	0.864069	0.845133	0.808238	0.842226	0.850583	0.832981	0.788404	0.818264	0.830297	0.848534	0.85964	0.849562	0.871681	0.867367	0.838726	0.847181	0.860993	0.826577	0.840843	0.863315	0.871681	0.868893	0.818718	0.856937	0.810727	0.844069	0.856053	0.847439	0.881227	0.813421	0.804715	0.849906	0.812937	0.848121	0.856996	0.838727	0.84247	0.84595	0.864896	0.839848	0.806713	0.804715	0.829432	0.808238	0.826366	0.812209	0.83967	0.844069	0.852846	0.861004	0.840356	0.823648	0.839922	0.826968	0.791389	0.8424	0.844937	0.852156	0.841442	0.889017	0.845659	0.865299	0.844069	0.822282	0.849548	0.826151	0.838099	0.844069	0.822954	0.842368	0.874129	0.845187	0.84868	0.834568	0.801634	0.826366	0.853352	0.871332	0.810565	0.800461	0.868343	0.866254	0.838507	0.85964	0.825988	0.821345	0.869396	0.866254	0.865803	0.809828	0.855496	0.835496	0.814863	0.849548	0.842019	0.821345	0.820247	0.870253	0.864896	0.862546	0.836397	0.837594	0.788404	0.825093	0.812209	0.814544	0.856937	0.864235	0.856996	0.830275	0.841799	0.82308	0.809132	0.863455	0.864476	0.804402	0.830297	0.842368	0.788404	0.833241	0.86765	0.840159	0.842368	0.824646	0.862581	0.841077	0.877853	0.849977	0.786998	0.85726	0.818718	0.836912	0.812643	0.847763	0.847348	0.871681	0.840356	0.881227	0.874912	0.871681	0.844217	0.841921	0.840356	0.874147	0.824006	0.844069	0.821345	0.848359	0.858349	0.840356	0.835297	0.807366	0.849562	0.85964	0.852846	0.856996	0.797581	0.853961	0.847348	0.841442	0.860891	0.856996	0.844069	0.864235	0.874129	0.841903	0.852846	0.790077	0.852846	0.811255	0.885586	0.786998	0.811255	0.83708	0.820247	0.866254	0.842368	0.786962	0.86217	0.864235	0.820247	0.85964	0.889017	0.86727	0.838408	0.813631	0.812643	0.831856	0.830297	0.843192	0.848121	0.743441	0.858372	0.856996	0.852846	0.869713	0.840159	0.808238	0.847181	0.834568	0.833953	0.810565	0.84247	0.84373	0.881147	0.776943	0.812209	0.809828	0.875907	0.85726	0.880272	0.845187	0.845122	0.856996	0.858349	0.842404	0.885586	0.849548	0.873346	0.810565	0.884572	0.840356	0.864069	0.873311	0.874912	0.850583	0.84444	0.837559	0.881147	0.840356	0.821155	0.832981	0.855478	0.839711	0.834568	0.842226	0.812209	0.811255	0.852846	0.873429	0.827393	0.824006	0.849562	0.847763	0.836912	0.836518	0.837594	0.83708	0.839848	0.851772	0.845122	0.852846	0.841253	0.880298	0.844069	0.85964	0.845611	0.784982	0.844069	0.833238	0.837862	0.844069	0.825258	0.826257	0.836529	0.874129	0.840159	0.782549	0.863058	0.861986	0.861093	0.836529	0.827393	0.845725	0.819977	0.845507	0.814269	0.8619	0.842019	0.86727	0.848495	0.844069	0.809828	0.851438	0.873346	0.812554	0.855032	0.791389	0.872085	0.811289	0.827711	0.812209	0.791389	0.861197	0.862255	0.881227	0.840356	0.83967	0.834006	0.86727	0.86576	0.845133	0.85964	0.866254	0.85726	0.845659	0.842019	0.860123	0.845459	0.874129	0.869396	0.809132	0.836594	0.804715	0.821765	0.844312	0.885586	0.852846	0.831498	0.809828	0.847406	0.810565	0.84203	0.873346	0.876711	0.842614	0.873346	0.826257	0.799338	0.842441	0.83288	0.787254	0.821155	0.847406	0.85726	0.787639	0.855553	0.83967	0.821345	0.849114	0.813005	0.850583	0.826257	0.812554	0.83288	0.790077
77000	slope	0.0415432	0.0294965	0.037157	-0.0208564	0.014173	0.016056	-0.0253366	0.0285647	0.0366679	0.0518807	0.0228788	0.0529946	-0.0445676	0.0145782	0.0146058	0.0143022	0.0250812	0.0181354	0.0202006	0.0294965	0.00482796	0.00948006	0.00694439	-0.0253366	-0.0104756	-0.0673419	0.0439917	-0.0132895	0.0102989	0.0138918	0.0146058	0.0143022	0.0275172	0.0240056	0.0133459	0.0309455	0.0454252	0.00553457	-0.0445676	0.0340952	0.0337887	-0.032023	0.0133459	0.0294394	-0.0162542	0.0220206	0.0110536	0.083967	-0.00272476	0.0216324	0.0312169	0.0122691	0.0764399	0.03185	0.0274816	0.00553457	-0.0163676	0.0352327	-0.0167509	0.0337188	-0.019	0.0202006	0.0671326	0.0240056	0.0307811	0.051043	0.0471727	-3.46024e-05	-0.0391571	0.037157	0.0495275	0.00694439	0.0540317	-0.0167509	0.00931908	0.0330841	0.0185948	-0.00252438	0.0175603	0.027993	-0.0145958	0.0216324	0.0540317	0.037142	0.00694439	0.0573242	0.0108749	-0.014988	-0.0204018	0.0272766	0.00342006	0.0689327	0.0527204	0.0515224	0.0221451	0.0099149	0.0202006	0.0199331	0.0311375	0.0764399	-0.00836508	-0.0391571	-0.00272476	0.0527049	0.0225825	0.0536793	0.03288	0.00694439	0.0279571	-0.00561428	0.0321499	-0.016778	0.0210183	-0.0333376	0.0881145	-0.019	0.03185	0.0573242	-0.0229789	-0.0253366	0.0350517	-0.00682554	-0.0173886	0.0107962	0.0303906	-0.00682554	0.0124545	0.0102989	0.0314012	0.00459361	0.0330703	-0.0201976	0.0294965	0.0604044	0.0483387	0.0671326	0.00703079	-0.000165338	-0.0447442	0.02532	0.00168935	-0.014562	-0.0136388	0.018445	0.00384631	0.0180972	0.0143022	-0.0174085	0.0106092	0.074597	0.0600727	-0.00116045	-0.0198808	0.0212901	0.00459361	0.0340652	0.00106869	0.0594773	-0.0167509	0.0143665	0.033514	-0.0136071	0.0130528	0.0870599	0.00330073	0.00768798	0.0145784	0.0274816	0.0370609	0.0294394	0.0299085	0.0671326	0.0540736	-0.0130169	-0.00905234	0.0107017	0.0549749	0.0274816	0.00459361	0.0402808	0.0189303	0.00312377	0.0106092	0.0618932	0.0133459	0.019777	0.0171083	-0.0392816	0.010476	0.0202684	0.047042	-0.0463001	0.0168027	0.00444414	-0.0215854	0.015475	0.0734452	0.0271181	-0.0269837	-0.0221117	-0.00561428	0.0838336	-0.0226783	0.00459361	-0.0445676	0.0294965	-0.0378514	0.0198154	0.0493216	0.0380672	0.0684611	0.033202	-0.019	0.0302927	0.0178933	0.0133459	-0.0459991	0.0135503	0.0573857	0.03185	0.0253212	-0.0136388	0.0307811	0.0527049	0.0671326	-0.0180159	-0.0332865	0.00476123	0.0291063	0.034534	0.0190032	0.0205796	0.0352327	0.0240056	0.0276276	0.0143022	0.0625769	0.0274816	0.00342006	0.0471727	0.018445	-0.0133851	0.014173	-0.0119216	0.0671326	0.0253212	0.0540317	0.058637	-0.00682554	0.0178053	-0.0167509	-0.0167509	0.045495	0.0240056	0.0291063	0.0275172	0.0294965	0.0250812	-0.0190847	0.0198154	-0.0177767	0.0493216	0.0216324	0.0309455	0.0240056	0.0239858	0.0143022	0.0380672	0.0309455	0.0932545	0.0302604	0.0216324	-0.0144458	-0.022373	-0.00576273	0.0339679	0.02738	-0.0274658	-0.0391571	-0.0256828	0.0350517	0.0175603	0.0439917	-0.0221117	0.0276795	0.03592	0.0516028	0.00106869	0.0275172	-0.0167509	-0.0195066	-0.0174085	0.00931908	0.0352327	0.0540317	-0.0119216	0.00168935	0.0168027	0.000986717	0.0536793	-0.0253366	-0.0570953	0.0250812	0.03185	0.0133459	0.0090706	0.0875078	0.0125836	0.0518807	-0.0267305	0.0277995	-0.0256828	-0.0173886	0.057081	0.0527204	0.0259985	0.00553457	0.0263945	0.0262539	0.0133459	0.0103723	0.00694439	-0.0237429	-0.0229789	0.0493216	0.0197884	0.0547033	0.0267541	0.0367894	0.0516028	-0.0131934	0.0875078	0.000901295	0.00962531	0.03185	0.00476123	-0.0174085	0.00482796	-0.00252438	0.02532	0.0527204	0.0219355	0.0175603	-0.0115601	0.0143022	0.0269815	-0.0256828	0.0269815	0.037157	0.00492077	0.0916873	0.0250812	0.0274816	0.0317997	0.0267374	0.0309455	0.0527049	0.0133459	0.0380672	0.018445	-0.0108082	0.0540317	0.019811	0.0339679	0.0216324	0.00492077	0.0625168	0.058637	0.0549749	0.0216324	0.0246706	-0.0226482	0.0439917	0.0106092	-0.00561428	-0.0144458	0.050136	-0.0115601	0.0453873	-0.0101925	0.0240056	0.0848485	-0.0195066	-0.037163	0.0352327	0.0246706	0.0476815	0.0254293	0.0380672	0.00884652	-0.0056627	0.0707847	-0.0274658	-0.0329804	0.0875078	0.0199331	0.00858711	0.0600727	0.0900562	0.0439359
77000	intercept	0.810306	0.866468	0.856019	0.881862	0.825255	0.859011	0.840171	0.798136	0.804154	0.849167	0.847636	0.827773	0.858714	0.858834	0.819615	0.854237	0.863829	0.849656	0.850715	0.866468	0.869764	0.846974	0.838049	0.849531	0.827437	0.87771	0.797442	0.896767	0.825255	0.863829	0.819615	0.8217	0.854061	0.8501	0.857043	0.825255	0.812837	0.844499	0.858714	0.848038	0.847691	0.827547	0.857043	0.75288	0.862908	0.862674	0.854724	0.798511	0.836054	0.857497	0.825728	0.864251	0.860284	0.844708	0.842681	0.844499	0.85812	0.85182	0.840121	0.812542	0.883136	0.850715	0.786195	0.8501	0.825255	0.828957	0.816198	0.865162	0.864241	0.84554	0.839534	0.839011	0.809184	0.853429	0.875008	0.863769	0.876908	0.853231	0.824535	0.849167	0.856697	0.857497	0.810777	0.78877	0.850961	0.874908	0.875008	0.895256	0.883659	0.85988	0.863593	0.801934	0.83518	0.863528	0.838253	0.859259	0.850715	0.864727	0.86967	0.86513	0.868297	0.864241	0.836054	0.862582	0.856185	0.827773	0.880119	0.839011	0.819527	0.878714	0.847802	0.870582	0.833471	0.865899	0.800482	0.883136	0.844708	0.874908	0.883764	0.849531	0.856019	0.888238	0.849905	0.896221	0.832725	0.888238	0.871029	0.825255	0.864935	0.838375	0.819846	0.844009	0.866468	0.872769	0.806888	0.786195	0.85852	0.882824	0.838347	0.838584	0.877899	0.856697	0.868857	0.866201	0.854703	0.856534	0.8217	0.843983	0.876908	0.830061	0.766012	0.895081	0.864294	0.805135	0.839404	0.85616	0.869902	0.831887	0.853429	0.855573	0.86767	0.883704	0.856638	0.800482	0.859907	0.836263	0.843411	0.848211	0.857638	0.75288	0.854423	0.786195	0.882055	0.861101	0.884485	0.847294	0.822592	0.853186	0.838375	0.817706	0.848211	0.857113	0.876908	0.841106	0.868882	0.86659	0.866253	0.843198	0.85892	0.845463	0.822265	0.860767	0.846625	0.84945	0.852112	0.844075	0.780731	0.819288	0.883136	0.909451	0.873282	0.794683	0.865557	0.838375	0.858714	0.866468	0.833516	0.863768	0.901136	0.789158	0.825856	0.856185	0.875492	0.846455	0.86767	0.85672	0.890053	0.859502	0.872769	0.838372	0.839011	0.865862	0.825255	0.862582	0.786195	0.870625	0.865899	0.894802	0.801934	0.834264	0.834264	0.824672	0.85182	0.8501	0.858681	0.8217	0.8301	0.848211	0.863593	0.816198	0.874239	0.866469	0.825255	0.905128	0.786195	0.839011	0.809184	0.831889	0.888238	0.885721	0.840121	0.853429	0.797224	0.8501	0.818386	0.854061	0.866468	0.859502	0.843983	0.872483	0.85267	0.893706	0.857497	0.825255	0.861175	0.842507	0.854237	0.787393	0.825255	0.846604	0.81048	0.857497	0.858665	0.878684	0.861913	0.79299	0.839011	0.870625	0.864241	0.837577	0.856019	0.824535	0.824447	0.895262	0.847936	0.793648	0.747732	0.869902	0.854061	0.853429	0.851854	0.843983	0.875008	0.85182	0.809184	0.923664	0.893251	0.846625	0.868964	0.84356	0.840171	0.862253	0.859502	0.836932	0.857043	0.892758	0.79908	0.848199	0.849167	0.852926	0.854176	0.837577	0.849905	0.747732	0.832856	0.865331	0.844499	0.868778	0.855573	0.857043	0.856198	0.838049	0.886689	0.852112	0.893706	0.862443	0.878286	0.854423	0.86767	0.780499	0.883136	0.799106	0.888308	0.870259	0.838372	0.861913	0.843983	0.869764	0.853231	0.838584	0.83518	0.863829	0.824535	0.828851	0.854237	0.855573	0.837577	0.855573	0.84554	0.859329	0.800482	0.859502	0.837377	0.842361	0.846043	0.825255	0.862244	0.844182	0.789158	0.866201	0.853239	0.809184	0.855593	0.79299	0.857497	0.874408	0.782357	0.841106	0.822592	0.881611	0.868275	0.916653	0.81364	0.876908	0.881488	0.858665	0.881223	0.828851	0.830246	0.927543	0.8501	0.828788	0.851854	0.877483	0.85182	0.86967	0.775909	0.837835	0.787393	0.88076	0.851611	0.841106	0.870625	0.876247	0.79908	0.864727	0.859502	0.768472	0.791775	0.882055
78000	slope	0.00334682	-0.00926082	0.0404227	0.0535819	0.0627078	0.0625563	0.0679419	0.0139805	0.0443572	-0.0409374	0.0309455	0.0242979	-0.0346331	0.0760964	0.0147576	0.0396713	0.0208674	0.0479086	0.0103843	-0.0115902	0.0706163	0.0443572	0.0359199	0.0785024	0.00459098	0.0254957	0.0211989	-0.00479349	0.0205884	0.014726	0.0524613	-0.0215017	0.0453554	0.0150975	-0.0220766	-0.047228	0.0117838	-0.0409374	0.0924172	0.0910068	0.0531026	0.0707979	-0.00225319	0.014726	0.011361	0.0473474	0.0529824	-0.00892052	0.0324138	0.0985011	0.0695191	0.0247898	-0.022197	0.0867888	-0.00040778	0.0148178	0.0303721	0.00705203	0.0697921	-0.0409374	-0.00442816	-0.00479349	0.0407522	0.0113343	0.0531026	0.060057	0.0141528	-0.00667071	-0.00375856	-0.00287464	0.067137	0.0612773	0.0748974	0.00284296	0.0208077	0.00957994	-0.0529631	0.0256134	0.0107852	0.0473474	0.014726	-0.0132462	-0.00228763	-0.0715886	0.0139805	0.091743	0.00334459	0.0249169	0.0566975	0.0601664	0.0693579	0.0703316	0.00932026	0.0631093	0.0760964	0.0160265	0.0748607	0.0492603	0.0695191	0.0363496	0.0625563	0.0443572	0.0587311	0.0620662	0.0387207	0.0180729	-0.0486426	0.0528253	0.0153143	0.0531026	0.0550328	0.0651015	0.0587311	0.0208674	0.0509337	0.0443622	-0.0366054	0.0528253	0.0143103	0.0387207	-0.0723253	0.0184653	0.0587311	0.0685716	0.0966307	0.0396713	0.0748974	-0.0723253	0.0697921	0.0147576	0.0255497	0.0276285	-0.0228131	0.0154849	0.00606118	0.00144999	0.00458623	0.0693579	-0.0346331	0.0487991	0.00446997	0.0531026	0.0175263	0.0249169	-0.00333819	-0.0131539	-0.00822173	0.0785588	0.0384531	-0.011641	0.0027961	-0.00667071	0.0472293	0.0695191	0.0303721	0.0453554	0.0267387	0.0531026	0.00513091	0.0566526	-0.0115902	0.0666521	0.078108	0.0777628	0.0531026	0.00936877	-0.000608436	0.0836452	0.0666521	0.0578786	0.0199246	-0.022197	0.00768798	0.0693579	0.0396713	0.0113343	0.091743	0.00616243	0.0413794	0.0309455	0.0027961	-0.00040778	0.0326847	0.039002	0.101133	-0.000648716	0.00266033	0.0511112	0.00811307	-0.00040778	-0.0366054	0.0453554	0.0340171	-0.00214653	0.0050229	0.0326808	0.0387207	0.0473474	0.0240575	0.0797809	0.0306339	0.0107852	-0.018044	0.0651015	0.0625563	0.0777628	0.0340171	0.044964	0.0249169	0.0760964	0.0288029	0.051673	-0.0137616	0.0295488	0.0531026	-0.00269832	0.000548073	-0.000964934	0.0693579	-0.00667071	0.0525072	0.0625563	0.0303721	0.00739691	-0.0361236	0.00739691	0.051673	0.0571513	0.0288955	0.0625563	-0.047228	0.0139805	-0.0228131	0.0340171	-0.00185588	0.0105674	0.0345427	0.0027961	0.0139805	0.0254957	0.0118113	0.014726	-0.0228688	-0.00667071	0.0797809	0.0664069	6.41951e-05	0.0442113	-0.00040778	0.035872	0.0566975	0.0566975	0.0474284	0.0426418	0.044964	-0.0366054	0.0834206	-0.00556605	0.00360362	0.0159815	0.0340171	0.050422	0.0439065	0.0571513	0.0276285	0.0531026	0.0453554	0.044964	-0.00688814	-0.0319972	0.0344328	0.0842657	0.0103843	0.0247898	0.0159815	-0.00214653	0.00936877	-0.022197	0.0797809	0.0528253	0.0295488	0.0621597	0.0748974	0.0453554	-0.00287464	0.00635731	0.0139805	-0.0111697	-0.00667071	0.0627078	-0.0296149	-0.00556605	0.0502509	-0.000964934	0.044964	0.0249169	0.00458623	-0.00479349	0.0867888	-0.00214653	-0.00287464	0.0148178	0.0240575	0.00178751	0.0785588	0.0147576	0.0442113	0.0397462	0.0453554	0.014169	-0.0201324	0.0193759	-0.00822173	0.0188019	0.00768798	-0.0121441	0.0571513	0.00246815	0.00284296	0.0587311	0.0100872	0.0986003	0.00446997	0.0392179	-0.0289964	-0.0221233	0.0103843	0.0340171	0.0249169	-0.00822173	0.0340171	-0.0215017	-0.0143279	0.044964	-0.0108073	-0.0215017	-0.00822173	0.0685716	0.0173021	0.0116289	-0.00845006	0.0240575	0.0531026	0.0240575	0.0627078	-0.047228	0.0211989	0.0528253	0.0416647	0.0247898	0.0760964	0.0208077	0.0492023	0.0387207	-0.0121441	0.0612773	0.0270891	0.0294137	0.00413251	-0.00228763	-0.00667071	0.0377156	-0.000608436	-0.0201509	-0.00667071	0.0453554	0.0470593	0.0625563	-0.0370488	0.0487991	0.0387207	0.0208674	-0.0115902	0.0797809	0.0578786	-0.00479349	-0.0316596	0.0867888	-0.00287464	0.0453554	-0.0165843	0.0509337	0.0258483	0.00858808	-0.0118482	0.0306339	0.0303721	0.0416647	0.0453554	0.00962031	0.0706163	0.0070588	-0.00556605	-0.00214653	-0.00667071	0.00284296	0.0631241	0.0442113	0.0760964	0.0531026
78000	intercept	0.840841	0.839969	0.82561	0.836151	0.841155	0.830216	0.814854	0.860509	0.842129	0.885049	0.839554	0.804895	0.877962	0.865933	0.855505	0.819229	0.796442	0.843338	0.859806	0.842219	0.839764	0.843338	0.871308	0.806382	0.851237	0.818515	0.848456	0.852945	0.858788	0.829813	0.841854	0.849361	0.820422	0.886447	0.853836	0.853564	0.822369	0.897698	0.797911	0.820386	0.838632	0.809884	0.885392	0.844866	0.897067	0.817245	0.815129	0.846859	0.836551	0.799704	0.83447	0.810407	0.848346	0.795616	0.874044	0.865868	0.850057	0.849938	0.814854	0.88363	0.873001	0.852945	0.831219	0.867667	0.860442	0.834454	0.874421	0.846934	0.860815	0.860402	0.819229	0.852966	0.825717	0.82935	0.810802	0.83427	0.8924	0.827332	0.860815	0.814507	0.839969	0.880578	0.879307	0.874029	0.855918	0.816915	0.852322	0.873218	0.833997	0.840096	0.819999	0.843234	0.845599	0.838685	0.865933	0.84222	0.810486	0.82786	0.834454	0.820422	0.838685	0.842129	0.819229	0.835254	0.860708	0.849052	0.856242	0.827067	0.847423	0.842486	0.847243	0.819406	0.819229	0.796442	0.825465	0.816107	0.844651	0.827067	0.863697	0.860708	0.878534	0.845453	0.819229	0.816409	0.812554	0.816823	0.825717	0.902795	0.814854	0.855505	0.84232	0.862842	0.847334	0.839975	0.838064	0.844904	0.865502	0.817453	0.873671	0.841914	0.844904	0.837272	0.841419	0.891293	0.88158	0.843198	0.84321	0.849229	0.844034	0.86538	0.880676	0.852477	0.820422	0.834454	0.849641	0.820422	0.833148	0.837272	0.858526	0.81642	0.847277	0.81964	0.785596	0.795616	0.835723	0.846293	0.860708	0.816199	0.81964	0.856376	0.820064	0.850202	0.873259	0.817334	0.819229	0.867667	0.816915	0.851368	0.838598	0.839554	0.874519	0.874044	0.84222	0.842453	0.812554	0.822369	0.758069	0.829915	0.850894	0.874044	0.844651	0.820422	0.896234	0.849938	0.867667	0.843592	0.861737	0.817245	0.85518	0.810486	0.837272	0.860815	0.848346	0.819406	0.838685	0.795616	0.883134	0.87508	0.891293	0.865933	0.869534	0.827067	0.853836	0.843639	0.837272	0.84153	0.833228	0.847277	0.844095	0.846934	0.883134	0.838685	0.850057	0.845841	0.871795	0.845841	0.827067	0.816476	0.820064	0.830216	0.853564	0.855918	0.847334	0.890992	0.843633	0.834511	0.852425	0.874519	0.860509	0.818515	0.881254	0.830325	0.83644	0.848562	0.810486	0.834454	0.834511	0.872473	0.874044	0.853358	0.833997	0.833997	0.863272	0.823673	0.87508	0.844651	0.812554	0.810026	0.853627	0.849762	0.890026	0.818634	0.837272	0.822241	0.862842	0.842486	0.820422	0.87508	0.834143	0.826722	0.829413	0.819147	0.859806	0.810407	0.849762	0.849938	0.847831	0.848346	0.812554	0.826635	0.843856	0.800817	0.825717	0.820422	0.849427	0.844904	0.855918	0.854465	0.848562	0.841155	0.915788	0.825218	0.815724	0.847277	0.87508	0.891293	0.865502	0.859203	0.795616	0.849938	0.869525	0.854483	0.854523	0.863697	0.849229	0.837663	0.872473	0.820064	0.820422	0.860815	0.843542	0.861719	0.84321	0.847275	0.874693	0.829421	0.804463	0.82802	0.82935	0.819229	0.874693	0.820386	0.833678	0.843798	0.864345	0.847334	0.859806	0.883134	0.891293	0.84321	0.883134	0.851801	0.838406	0.87508	0.849361	0.849361	0.84321	0.819147	0.869534	0.861719	0.860815	0.854523	0.837272	0.854523	0.840544	0.865845	0.848456	0.824805	0.845903	0.782408	0.849269	0.818462	0.804463	0.860708	0.829421	0.852966	0.853334	0.819045	0.867667	0.879307	0.835797	0.819229	0.888044	0.845138	0.848562	0.820422	0.84222	0.838685	0.877962	0.841914	0.860708	0.796442	0.847277	0.804902	0.853358	0.852945	0.851296	0.795616	0.851121	0.820422	0.848346	0.825465	0.840424	0.841828	0.880795	0.837272	0.850057	0.84324	0.820422	0.878587	0.839764	0.860815	0.825218	0.849938	0.841853	0.822369	0.839444	0.872473	0.865933	0.835254
79000	slope	0.0474319	0.00672077	0.0934337	-0.0146479	-0.0330068	-0.0206878	0.0469302	-0.0188309	0.0882249	0.0106605	0.0445243	0.00672077	-0.0243451	0.0431483	-0.0318154	-0.0234345	0.0359468	0.0882249	0.0688229	-0.0172882	0.0591608	0.0572101	0.0725059	0.053145	-0.00220623	-0.0439125	0.0856328	0.0430731	-0.0138695	0.0438523	0.0626517	-0.0491461	0.00672077	-0.0093645	0.0819422	0.07514	0.0368446	0.00401139	0.0556623	0.0153385	-0.000437261	0.0610851	-0.00301596	0.053145	0.019531	0.0763117	0.00521911	0.0565625	0.00401139	0.0518396	0.0771474	0.0106121	-0.04703	0.033891	0.0934337	0.0499388	-0.0184144	0.0512306	0.033891	0.0410661	-0.00101796	-0.0115187	0.0795681	0.019531	0.0499388	0.0947547	0.0512306	0.0258562	0.0168408	-0.0502467	0.0393126	0.07514	-0.0207762	-0.00583703	0.0230026	0.0641685	0.0725059	-0.0139177	0.0518396	0.038338	0.00940012	0.00401139	0.0452161	0.00390201	0.000166042	0.0219547	0.0752326	-0.000445155	0.0600593	0.0470983	-0.0309488	-0.0188309	0.0560163	0.0123604	0.0406283	-0.0371592	0.0217551	0.0438523	0.0609579	0.0585729	-0.0438913	-0.030268	0.053145	0.0197134	-0.00243605	0.0530806	-0.0207762	0.0559381	0.00672077	0.0601123	0.0581854	0.0624157	0.0409408	0.0461238	0.0591608	0.033891	-0.00223235	0.053145	-0.0439125	0.0559381	0.040806	-0.0224656	0.0485556	0.0287366	0.026043	0.076895	0.0153559	0.105204	0.0762972	-0.0207762	-0.00101796	0.0934337	0.00940012	0.0434903	0.0368372	-0.0207762	0.0234609	0.00672077	0.0328475	0.0393126	0.0159429	0.00617617	-0.0507332	-0.00115825	0.0567667	0.0718763	0.0415085	0.0461238	0.07514	0.0591608	0.0310724	-0.0093645	0.0278412	0.0426375	0.0083021	0.0559381	-0.0207762	0.0798462	0.0322874	0.0470412	0.0724916	0.0530806	0.10437	0.033891	0.0807877	0.0987658	-0.00575696	0.060158	0.0803768	-0.00575696	0.0328236	0.0996173	-0.00669112	0.0182532	0.0641063	0.0881029	0.00672077	0.00377114	0.0439212	0.0610648	0.0559381	0.0234609	-0.0303058	0.0664329	0.0352237	0.0786098	0.0530806	-0.0191081	-0.00244758	0.0216261	0.0693767	0.0328475	0.0759592	0.0666629	0.0572101	-0.0507332	0.019091	-0.0357677	0.0591608	0.043207	0.0033967	-0.0321282	0.0352237	-0.00220623	0.0815077	-0.00150715	0.0798754	0.0512306	0.0285076	0.0452161	0.0509259	0.00940012	0.0482368	0.0503726	-0.0511991	0.00742633	-0.00237197	0.0480855	0.0474829	-0.000437261	-0.0376411	0.0393126	-0.0146479	0.0139402	0.00940012	0.0728839	0.0509259	-0.0371592	0.0248759	0.0318209	0.0328475	-0.0211757	0.0689292	0.033891	0.0470412	0.0159368	0.106434	-0.0371592	-0.0527116	0.0909909	-0.0303058	0.07514	0.0283373	-0.0175055	0.00749888	0.0572101	-0.00884825	-0.0490219	0.0638863	0.0513335	0.0997333	0.0373934	0.044763	0.0492156	-0.0372783	0.0406283	0.0610648	0.0639635	0.00672077	0.105204	0.0508727	0.0255768	0.0987658	0.0452161	0.0591608	0.028874	-0.0340073	0.0159368	0.063055	0.0328236	0.0267256	0.0328298	0.0461238	-0.0207762	0.0689292	0.106434	-0.04703	0.0763117	0.0530806	-0.0371592	0.011974	0.0113821	0.0447024	0.0877148	0.00940012	0.0328236	-0.0654271	0.016494	0.0328475	0.044763	0.0798462	0.0234609	0.0530806	0.00329538	0.00562026	0.0424957	-0.00220623	0.0438523	0.0368372	0.0600276	0.0139402	-0.0138695	0.00329538	0.0258693	0.0572101	0.0967195	0.0313665	0.000927601	0.0795681	0.0248759	0.0997333	0.00940012	-0.00315009	0.00329538	-0.0490219	0.016494	0.0480855	-0.0439125	-0.0490219	0.0159429	0.138324	0.0877148	0.0881029	0.0560163	-0.0318154	-0.0188309	0.0518396	0.00940012	0.00940012	0.0559581	0.0469302	0.00562026	-0.00243605	0.00791148	-0.0351873	-0.0490219	-0.0115187	0.0591608	0.0728839	0.0153559	0.128246	0.07514	0.063055	0.0322874	-0.0527116	-0.0170911	0.0431531	0.0749707	0.0934337	0.0168408	-0.00774071	0.00379031	0.0572101	0.0512306	0.0640227	0.063055	0.011974	0.0393126	0.07514	0.033891	0.0123604	0.0168408	0.0548674	-0.0234122	0.0310724	-0.0313867	0.0807877	0.0819422	0.033891	0.0509259	-0.0376411	-0.0324206	-0.0172503	0.0240413	0.0550903	0.0234609	0.0579734	0.0728839	-0.0372886	-0.0439125	-0.0234345	0.0268728	0.0438523	0.0559581	0.0803768	0.0258693	0.0728839	0.0434903	0.0153736	0.019531	0.0718763	0.0753915	-0.00220623	-0.0207762	-0.0093645	0.0509259	0.0393126	0.00130137	0.0798462	0.0469302
79000	intercept	0.805226	0.842834	0.811375	0.853122	0.816901	0.857836	0.849885	0.855783	0.821783	0.858675	0.853698	0.842834	0.838761	0.815302	0.831046	0.838761	0.825966	0.821783	0.820096	0.893551	0.822833	0.810947	0.825543	0.82852	0.852727	0.848891	0.799281	0.810947	0.891322	0.810947	0.830038	0.872265	0.838577	0.842075	0.796369	0.793635	0.822936	0.834947	0.823151	0.853271	0.888787	0.8348	0.853987	0.82852	0.810751	0.771114	0.856427	0.822203	0.827053	0.890146	0.818516	0.880013	0.860132	0.810947	0.811375	0.842925	0.854194	0.839595	0.810947	0.822833	0.860969	0.836181	0.814219	0.806605	0.842925	0.837293	0.839595	0.791521	0.846611	0.827722	0.84124	0.793635	0.862848	0.857746	0.835122	0.832448	0.828947	0.915286	0.890146	0.822936	0.837622	0.827053	0.817327	0.817803	0.807404	0.855971	0.805901	0.864532	0.829308	0.84124	0.84732	0.855783	0.848848	0.859705	0.815302	0.858387	0.796934	0.809814	0.835782	0.822833	0.835528	0.869257	0.836531	0.841741	0.858773	0.83198	0.844413	0.841946	0.842834	0.818465	0.807555	0.820631	0.836093	0.84124	0.823005	0.820005	0.843829	0.82852	0.846726	0.841946	0.841092	0.834457	0.82154	0.858225	0.847706	0.826356	0.848268	0.788273	0.824045	0.844343	0.860969	0.811375	0.829003	0.830783	0.864254	0.844413	0.833455	0.836961	0.855498	0.84124	0.909741	0.83089	0.870361	0.915263	0.828125	0.818465	0.81335	0.84124	0.793635	0.822833	0.817151	0.833008	0.824746	0.822358	0.839411	0.823175	0.850719	0.825715	0.821532	0.839307	0.828589	0.817774	0.8158	0.810947	0.818465	0.814199	0.883514	0.82852	0.805487	0.873443	0.851413	0.776486	0.816901	0.852057	0.835801	0.818447	0.846588	0.825267	0.862364	0.826106	0.841946	0.841602	0.887222	0.825625	0.84124	0.807793	0.817774	0.866621	0.878949	0.822833	0.804794	0.855498	0.846082	0.804794	0.810947	0.854674	0.828464	0.834648	0.827971	0.820678	0.854759	0.844413	0.84124	0.852727	0.804794	0.850484	0.821783	0.839595	0.864254	0.804936	0.824864	0.828599	0.820303	0.830783	0.885454	0.836188	0.829932	0.857486	0.795622	0.888787	0.835528	0.84124	0.85818	0.904893	0.828599	0.795204	0.829167	0.878087	0.841051	0.835166	0.855498	0.874757	0.824013	0.820005	0.839307	0.822376	0.816441	0.858387	0.87047	0.799281	0.885124	0.793635	0.806605	0.831046	0.845653	0.810947	0.836667	0.869811	0.836264	0.826106	0.810618	0.822833	0.838805	0.830783	0.861274	0.815302	0.826106	0.810947	0.837944	0.806649	0.81165	0.837467	0.814199	0.822936	0.823005	0.810947	0.891322	0.822376	0.847917	0.850017	0.803921	0.817151	0.84124	0.830649	0.824013	0.844897	0.860132	0.771114	0.817774	0.878087	0.8462	0.810387	0.82154	0.815452	0.837622	0.851413	0.860132	0.86024	0.855498	0.832804	0.814219	0.841602	0.817774	0.858675	0.852351	0.83812	0.852727	0.810947	0.864254	0.832008	0.893542	0.891322	0.858675	0.780181	0.805901	0.818668	0.84124	0.847151	0.814219	0.841051	0.810618	0.845255	0.855587	0.87215	0.869811	0.871857	0.857486	0.865119	0.869811	0.908857	0.806912	0.815452	0.818447	0.848848	0.831046	0.855783	0.890146	0.8462	0.839999	0.829314	0.841793	0.849316	0.858773	0.853346	0.88881	0.869811	0.843794	0.822833	0.795204	0.845653	0.811188	0.80608	0.827956	0.821532	0.87047	0.848383	0.849843	0.811375	0.811375	0.846611	0.832637	0.829003	0.810947	0.839595	0.805226	0.827956	0.8462	0.84124	0.793635	0.810947	0.889536	0.846611	0.857486	0.847151	0.817151	0.816901	0.818465	0.796668	0.810947	0.824864	0.835528	0.831046	0.841035	0.908857	0.864254	0.841602	0.799533	0.795204	0.844413	0.846368	0.840754	0.83198	0.810947	0.84432	0.805487	0.780181	0.798162	0.830783	0.842126	0.815102	0.818465	0.818465	0.852727	0.850719	0.833008	0.840391	0.84124	0.798525	0.814219	0.849885
80000	slope	0.092357	0.0729017	0.080202	0.0292989	0.0404396	0.0556875	0.0113227	0.065331	0.110172	0.0709417	0.0912014	0.0822681	0.064444	0.0851222	0.080202	0.0709417	0.0330349	0.00676298	0.0877054	0.0849792	0.080202	0.0709417	0.0914515	0.0929047	0.0989379	0.0833669	0.00976718	0.039748	0.0452078	0.0851222	0.0846077	0.0562312	0.0881456	0.0877054	0.105051	0.003485	0.0851222	0.0313575	0.092357	0.0672703	0.0243616	0.0987527	0.048541	0.0312085	0.0825715	0.022516	0.0978911	0.00312575	0.0833669	0.0313575	0.0999755	0.0610673	0.0769438	0.0684946	0.0929047	0.0370317	0.0912014	0.0811188	0.0999437	0.0309687	0.0958053	-0.0160741	0.0378438	0.0137787	0.0243616	0.078561	0.0692994	0.00658253	0.0916912	0.0100314	0.0845442	0.0384986	0.0709417	0.0753982	0.0791597	0.0935823	0.066784	0.0452517	0.0987527	0.0433427	0.0119428	0.00084498	0.048541	0.061181	0.0489884	-0.00631118	0.0386064	0.0616347	0.0378438	-0.0099045	0.00550692	0.0243616	0.025148	-0.0160741	0.048123	-0.0124813	0.0292442	0.0540676	0.048541	0.0433427	0.0743109	0.0748112	0.0778651	0.0912014	0.00658253	0.0363237	0.105051	0.0667747	0.112537	0.0999755	0.0545979	0.113783	0.0614254	-0.000806679	0.0881456	-0.00357568	0.00676448	0.0580416	0.0607343	-0.114503	0.037675	0.0729766	0.0915017	0.0822681	0.0929047	0.067357	0.0743528	0.045859	0.0845442	0.0467443	0.114639	0.0668726	0.0309687	0.0542716	0.0421734	0.0429077	0.0960925	0.0592869	0.078424	0.0313575	0.0601422	0.114639	0.0646174	0.0802904	0.0610673	0.0897984	0.0753982	0.078424	0.0119465	0.0585939	0.0545979	0.0672703	0.105051	0.083025	0.0525617	0.0734261	0.107128	0.0813765	0.0424122	0.0715866	0.0368127	0.0497594	0.0119465	0.107754	0.0459647	0.0378438	0.0334763	-0.0099045	0.0363394	0.0748794	0.0119465	0.0119465	0.0432601	0.0601748	0.0833669	0.0119465	0.0666556	0.0345677	0.07511	0.0313575	0.0334763	0.0374857	0.0495704	0.100536	0.0386064	0.0485771	0.0540676	0.0119465	0.0433427	0.0243616	0.109751	0.105051	0.0684946	0.0346007	0.0592949	0.0672703	0.0196954	0.0853701	0.0286949	-0.00208148	0.109566	0.00848022	-0.114503	0.102444	0.0404554	0.0769438	-0.0099045	-0.0099045	0.0243616	0.0433427	0.0833669	0.0333585	0.00312575	0.0592949	0.0623478	0.0616347	0.107754	0.00695528	0.0851222	0.112537	0.0877054	0.0846077	0.0162584	0.0788258	0.0429077	0.0960925	0.0663389	0.0963744	0.057964	0.0389638	0.105051	0.00884979	-0.103422	0.0545979	0.110362	0.0929047	0.080202	0.0999755	0.0236479	0.0607135	0.0243616	0.07511	0.0944205	0.063004	0.0864335	0.129235	0.0601748	0.115036	0.0937868	0.0251188	0.0276535	0.022516	0.0535434	0.0861725	0.0585939	0.0592949	0.0342361	0.0912014	0.0749775	0.0697163	0.0746185	0.0999755	0.105051	0.0743528	0.0459647	0.0429077	0.0822681	0.0545979	0.0811188	0.105051	0.078424	0.0452078	0.0334763	0.0851222	0.0816279	0.113633	0.105051	0.080202	0.067357	0.0778651	0.0846077	0.0311117	-0.0354831	0.109566	0.0349262	0.0633816	-0.00357568	0.0331526	0.0243616	0.0545979	0.0995178	0.0599932	0.0378438	0.0349262	-0.0233521	-0.000841091	0.0709417	0.0119465	-0.0099045	0.106302	0.0243616	0.0973408	0.0846077	0.105051	0.115036	0.0122139	0.0853701	-0.0160741	0.0427218	0.0516442	0.00868608	0.0659843	0.0601748	0.0659843	0.105051	0.0692198	0.0138809	0.0999437	0.0900591	0.112537	0.0634098	0.0864335	0.0684946	0.034003	-0.0099045	0.0720694	0.0426228	0.0851222	0.078424	0.0429077	0.0749775	0.0963744	0.0846077	0.0497594	0.0633816	0.0941857	-0.11092	0.0685861	0.0404554	0.0532155	0.00266149	0.0992219	0.0471316	0.0564541	-0.0124813	0.082989	0.0963744	0.078561	-0.0233521	0.0841066	0.00950279	-0.11092	0.117861	0.113633	0.105051	0.0303511	0.0665866	0.105051	0.0029998	0.0196954	0.0532155	0.0358911	0.114639	0.0877054	0.0313575	0.0973408	0.0378438	0.0769438	0.0424122	0.095593	0.110362	0.104259	0.115036	0.0769438	0.0601748	0.0112922	-0.11092	0.025148	0.0541314	0.105051	0.0623478	-0.0160741	0.00266149	0.0137787	0.0869437	0.0877054	0.0398476	0.0877054	0.0731028	0.0498759	0.131472	0.0851222	0.0588292	0.0601748	0.101545	0.0941083	0.0264216	0.120804	0.0309687	0.0342361
80000	intercept	0.81187	0.819039	0.842931	0.834745	0.833802	0.847691	0.830524	0.837949	0.802112	0.800016	0.801246	0.813082	0.801876	0.791589	0.842931	0.792133	0.835324	0.867142	0.799281	0.783273	0.817557	0.792133	0.821773	0.813027	0.791093	0.800945	0.862383	0.828858	0.838899	0.805078	0.787064	0.834197	0.842931	0.788919	0.795376	0.855004	0.805078	0.799765	0.81187	0.83359	0.823354	0.817422	0.850521	0.822927	0.796107	0.858921	0.811579	0.844337	0.798119	0.798922	0.804312	0.808052	0.81561	0.846914	0.811609	0.833302	0.796872	0.841678	0.784836	0.825317	0.779928	0.859369	0.864881	0.862754	0.823573	0.831214	0.843329	0.859473	0.81543	0.838813	0.800016	0.835595	0.792133	0.808381	0.812267	0.831591	0.87092	0.825064	0.817422	0.833302	0.857203	0.865223	0.853122	0.799817	0.811105	0.840557	0.823419	0.81841	0.864236	0.83454	0.859473	0.823354	0.825753	0.859369	0.853445	0.867142	0.837411	0.833302	0.848163	0.833302	0.824897	0.805344	0.794467	0.801246	0.859473	0.813984	0.809206	0.802214	0.783607	0.804312	0.825521	0.809206	0.824276	0.842156	0.83842	0.827642	0.804327	0.825653	0.825521	0.830904	0.838963	0.813121	0.819766	0.80564	0.813027	0.808108	0.827277	0.844814	0.800016	0.843933	0.806494	0.824276	0.823573	0.821655	0.825521	0.811853	0.808919	0.808108	0.83712	0.798922	0.835333	0.811141	0.840486	0.811628	0.81841	0.788919	0.808381	0.849791	0.843354	0.830743	0.825521	0.8187	0.801931	0.824863	0.833302	0.810039	0.803809	0.815351	0.815371	0.826112	0.846338	0.863276	0.851649	0.797348	0.837255	0.864236	0.845153	0.83454	0.842224	0.816154	0.843354	0.843354	0.831745	0.851937	0.792372	0.851649	0.815613	0.836928	0.798551	0.798922	0.845153	0.819734	0.850521	0.80423	0.823419	0.849537	0.833302	0.851852	0.839533	0.823573	0.788952	0.795376	0.866894	0.831579	0.829969	0.83359	0.86367	0.83888	0.793685	0.844337	0.806494	0.843794	0.830904	0.809166	0.815612	0.813031	0.83454	0.83454	0.807984	0.833302	0.78488	0.8011	0.844337	0.822596	0.830042	0.81841	0.797348	0.792258	0.805078	0.783607	0.788919	0.783273	0.787601	0.796872	0.819734	0.808919	0.845145	0.829129	0.806494	0.838307	0.809206	0.870153	0.821865	0.825521	0.819403	0.813027	0.817557	0.804312	0.848719	0.814465	0.829423	0.798551	0.845923	0.81841	0.824641	0.808048	0.838896	0.815897	0.837627	0.829411	0.868585	0.863693	0.821016	0.834567	0.830743	0.822596	0.822927	0.790515	0.815121	0.865986	0.804157	0.804312	0.791197	0.827277	0.837255	0.835789	0.799018	0.825521	0.841678	0.803289	0.83712	0.813774	0.845153	0.791589	0.819512	0.799281	0.804312	0.818745	0.808108	0.794467	0.784706	0.836444	0.839482	0.806494	0.877621	0.828576	0.827642	0.864236	0.823573	0.825521	0.791588	0.809723	0.864236	0.877621	0.851459	0.806342	0.792133	0.858885	0.827365	0.788952	0.823573	0.80107	0.783273	0.791197	0.823077	0.808968	0.83888	0.859369	0.852331	0.825521	0.827642	0.87092	0.851937	0.834163	0.809206	0.82441	0.793685	0.784836	0.8225	0.783607	0.808108	0.824641	0.851951	0.808968	0.83454	0.832816	0.808968	0.797923	0.842992	0.820888	0.801876	0.829129	0.783273	0.851462	0.828319	0.830807	0.843457	0.81187	0.815612	0.851498	0.842156	0.820815	0.854798	0.824897	0.867142	0.782047	0.829129	0.825359	0.851459	0.783273	0.842975	0.830904	0.799281	0.799281	0.795376	0.90135	0.827562	0.809206	0.859369	0.86367	0.847773	0.820728	0.806494	0.795184	0.799765	0.80107	0.864236	0.81561	0.815371	0.779928	0.819403	0.806494	0.823077	0.813031	0.838896	0.827951	0.830904	0.825753	0.791223	0.791197	0.830042	0.859369	0.842156	0.862754	0.811267	0.799379	0.864236	0.795184	0.857291	0.83753	0.798584	0.805078	0.821812	0.849537	0.792466	0.787099	0.790624	0.788952	0.825317	0.822927
81000	slope	0.10027	0.041143	0.0576861	0.0673147	0.10873	0.0451259	0.0510269	0.0519712	0.106259	0.0735577	-0.0134345	0.0684615	0.0517091	0.0969681	0.0247039	0.0486433	0.106575	0.0666337	0.097238	0.0691843	0.0949421	0.0848936	0.0955177	0.030858	0.0671907	0.0437345	0.0462283	0.0671907	0.0455371	0.0409225	0.0806726	0.0658993	0.073774	0.0437378	0.0888949	0.0465842	-0.00269233	0.0681019	0.102624	0.0360225	0.0684615	0.0969977	0.0543767	0.14192	0.0955177	0.070232	-0.0134345	0.0445511	-0.0239232	0.106259	-0.000814501	0.0154328	0.0441512	0.089726	0.100383	0.0671907	0.0210854	-0.0164779	0.0496457	0.097171	0.0500472	0.0337675	0.0727178	0.0450746	0.073774	0.0942711	-0.0223554	0.0153348	0.111964	0.0985039	-0.00269233	-0.0164779	0.0706767	0.030858	0.0800677	0.0406945	0.0462283	0.0409225	0.0947091	-0.00269233	0.0805148	0.0671907	0.0173056	0.146932	0.0731214	0.0439442	0.0652211	0.026236	0.143203	0.0445603	0.0546108	0.10027	0.140259	0.0791984	0.0746784	0.0848936	0.0597202	0.058751	0.0791672	0.0438466	0.0668238	0.0701294	0.0985039	0.059926	0.0563081	0.0509568	0.0800677	-0.000814501	0.0671907	0.0886675	0.0391377	0.146932	0.0247039	0.0684615	0.073774	0.030858	0.0451364	0.0626978	0.0949421	0.047095	0.102528	0.0439442	0.0486433	0.0522853	0.102528	0.0269452	0.0489894	0.00742656	0.106575	0.0258086	0.0949421	0.0848936	0.0829592	0.0659547	0.0955763	-0.00269233	0.0582021	0.0534492	0.0594162	0.100916	0.0384603	0.0998092	0.0859906	0.113576	0.031128	0.100641	-0.034644	0.0173056	0.0804151	0.101329	0.0237525	0.0678261	0.0996791	0.0587634	0.0876783	0.041461	0.0671907	0.0805148	0.115664	0.0871751	0.097238	0.0658993	0.0365015	0.0747261	0.071933	0.0237525	0.0804834	0.0496457	0.073774	0.0987865	0.0782052	0.073774	0.0594021	0.0441512	0.0635612	0.108203	-0.00269233	0.0173056	0.0409225	0.0406014	0.115906	-0.0164779	0.106259	0.0947091	0.0893495	0.0817018	0.103212	0.081221	0.0987865	-0.0160012	0.031128	0.0804151	0.114837	0.00411303	0.0706767	0.0714373	0.069669	0.0658402	0.022503	0.0123832	0.10027	0.0757641	0.031128	-0.0164779	0.10595	0.132695	0.0384603	0.0691843	0.101329	0.0409225	0.073774	0.0559013	0.140259	0.0751339	0.0210854	0.0800677	0.0674898	0.134422	0.0289802	0.0876783	0.0562673	0.0371016	0.0949421	0.10986	0.0899435	0.0587408	0.0658993	0.0985039	0.0792385	0.0445603	0.0401523	0.0517091	0.0559013	0.0848936	0.0413913	0.0424476	0.0258086	0.022503	0.0947091	0.0869595	0.0448759	0.10595	0.0883317	0.0758744	0.104941	0.114654	0.0581889	0.10785	0.0173056	0.0846242	0.0373459	-0.0164779	0.117431	0.028314	0.0142655	0.073774	0.0800677	0.0413913	0.111811	0.0267208	0.0658993	0.111964	0.146932	0.0890054	-0.0239232	0.0658993	0.00742656	0.0772174	0.0844897	0.0403088	-0.00600627	0.106259	0.0413913	0.0517505	-0.00269233	0.0409225	0.0671907	0.0496457	0.10027	-0.0164779	0.0846242	0.024521	0.10771	0.106336	0.12587	0.10771	0.012666	0.0635612	0.0285165	0.0243664	0.0486433	0.0406014	0.0804151	-0.0160012	-0.0202728	0.0746345	0.0562673	0.0876783	0.0854261	0.0655262	0.0800677	-0.00186527	0.0496457	0.0861358	0.053496	0.0947091	0.0792385	0.0947091	0.0671907	0.0876783	0.0360225	0.102554	0.0304777	0.106259	0.0319544	-0.000814501	0.0409225	0.0409225	0.0671907	0.10027	0.12428	0.0384603	0.0596469	0.0153348	0.089298	0.0689323	-0.000814501	0.0805148	0.055954	0.030858	0.0384603	0.0462283	0.0914502	0.10595	0.0445603	0.0403525	0.0517091	0.041143	0.0906283	0.0237525	-0.0164779	-0.0164779	0.0671907	0.0792385	0.0949421	0.0805148	0.0800677	0.0822174	0.0955177	0.0603645	0.103143	0.0949421	0.0243664	0.0986332	0.103647	0.0952256	0.0956781	0.0806743	0.0516928	0.0635612	0.143203	0.100756	0.0517091	0.12002	-0.00269233	0.102741	0.113576	0.0153348	0.0947091	0.0517505	0.0969977	0.0384603	0.146932	0.0384603	-0.0134345	0.0949421	0.0546108	-0.0111452	0.0267208	0.0252932	0.0349245	0.0955177	-0.0111452	0.0952256	0.0620787	0.0496457	0.0822117	0.0949421	0.0829592	0.0852895	0.0427271	0.106259	0.0445511	0.0021588	0.0981134	0.0657643	0.102741	0.0747261	0.085043	0.081221
81000	intercept	0.782099	0.818072	0.857981	0.830708	0.829716	0.828762	0.830416	0.823779	0.829716	0.793478	0.895099	0.81661	0.842309	0.814064	0.823723	0.816176	0.794096	0.819813	0.832313	0.814616	0.825413	0.845012	0.834908	0.818917	0.824197	0.808271	0.828233	0.824197	0.829375	0.826493	0.853919	0.832134	0.795094	0.820264	0.791299	0.80933	0.828172	0.821677	0.820992	0.842309	0.81661	0.760754	0.822237	0.803634	0.834908	0.824197	0.872514	0.838649	0.825453	0.829716	0.836111	0.821261	0.811522	0.827497	0.782939	0.824197	0.841984	0.840479	0.812741	0.786237	0.832391	0.840112	0.819573	0.805302	0.802056	0.814064	0.873886	0.845564	0.79688	0.807293	0.837057	0.840479	0.849179	0.809897	0.849743	0.820594	0.828233	0.826493	0.806351	0.837057	0.804487	0.824197	0.821261	0.772802	0.816422	0.815035	0.821153	0.828233	0.796748	0.818713	0.781416	0.783924	0.815881	0.823343	0.81661	0.845012	0.818917	0.838649	0.79768	0.826493	0.818774	0.821729	0.83219	0.805416	0.792032	0.842309	0.84384	0.845776	0.826414	0.806476	0.839041	0.782737	0.823723	0.805535	0.814616	0.829345	0.827936	0.812946	0.825413	0.824387	0.794184	0.815035	0.816176	0.844534	0.798008	0.854241	0.834566	0.819576	0.776519	0.818713	0.825413	0.845012	0.80554	0.814616	0.837364	0.837057	0.855755	0.816714	0.816422	0.810578	0.828839	0.790544	0.852589	0.782931	0.821311	0.782099	0.841752	0.821261	0.835729	0.796438	0.855528	0.820894	0.794912	0.833127	0.815318	0.834762	0.824197	0.816422	0.782939	0.858663	0.832313	0.819446	0.846817	0.852589	0.867951	0.855528	0.825413	0.812741	0.785466	0.822151	0.827717	0.814616	0.817966	0.811522	0.848511	0.780773	0.837057	0.821261	0.826493	0.859388	0.791517	0.824296	0.829716	0.808106	0.809511	0.815474	0.800772	0.868459	0.822151	0.817654	0.821311	0.835729	0.800344	0.832101	0.849179	0.816165	0.818917	0.814492	0.841357	0.856299	0.783924	0.80554	0.821311	0.815202	0.836082	0.815881	0.809399	0.814616	0.796438	0.826493	0.814616	0.840169	0.815881	0.751382	0.841984	0.849743	0.815514	0.788882	0.826493	0.815318	0.829286	0.818454	0.825413	0.791517	0.80239	0.812741	0.832134	0.801678	0.82692	0.818713	0.818713	0.842309	0.840169	0.845012	0.844001	0.831415	0.818713	0.841357	0.808684	0.830522	0.838649	0.836082	0.824197	0.873674	0.801252	0.798008	0.849778	0.818238	0.823422	0.844054	0.827043	0.840479	0.802901	0.841144	0.855282	0.795094	0.873674	0.816934	0.767266	0.797095	0.819446	0.802901	0.76368	0.808949	0.831431	0.819446	0.819576	0.844329	0.841974	0.802989	0.837057	0.829716	0.844001	0.838649	0.857492	0.826493	0.824197	0.812741	0.782099	0.840479	0.827651	0.82497	0.791517	0.839844	0.808817	0.787413	0.857551	0.848511	0.816781	0.794082	0.811974	0.859388	0.816459	0.817654	0.841752	0.825413	0.813033	0.815318	0.812095	0.853324	0.849743	0.841372	0.811059	0.79948	0.827936	0.807694	0.82692	0.802425	0.813388	0.815318	0.842309	0.798769	0.816176	0.829716	0.797095	0.834129	0.826493	0.826493	0.824197	0.783924	0.816674	0.830743	0.824197	0.845564	0.832791	0.82704	0.845776	0.809959	0.825009	0.809897	0.821677	0.828233	0.807293	0.836082	0.818713	0.849778	0.842309	0.818072	0.849743	0.86072	0.824296	0.827916	0.824197	0.822151	0.825413	0.817545	0.841907	0.810864	0.841438	0.820264	0.797577	0.825413	0.794082	0.79429	0.826295	0.787574	0.79948	0.830708	0.831086	0.848511	0.796748	0.782099	0.842309	0.786709	0.857492	0.786576	0.791517	0.845564	0.824746	0.832826	0.760754	0.828839	0.772802	0.830743	0.873886	0.825413	0.781416	0.804768	0.797095	0.855528	0.825633	0.834908	0.804768	0.789946	0.815035	0.812741	0.851269	0.817229	0.820398	0.798008	0.821434	0.829716	0.838649	0.830624	0.823121	0.840169	0.786576	0.852589	0.792065	0.858663
82000	slope	0.0613401	0.0420064	0.0618082	0.0531314	0.0933276	0.0604259	0.101179	0.105747	0.0466676	0.093704	0.121432	0.0358699	0.0854451	0.0271927	0.0823062	0.0366034	0.0346731	0.0796874	0.0809306	0.091746	0.0699079	0.0801004	0.0787318	0.0702899	0.0831483	0.110562	0.0915667	0.0751662	0.0358699	0.0126304	0.0439675	0.0600109	0.0614002	0.105747	0.0439675	0.0831982	0.0878182	0.0876004	0.0861587	0.0526058	0.0518402	0.0912028	0.0801004	0.0197611	0.0415754	0.0768521	0.107745	0.0894384	-0.0160197	0.0915667	0.0259516	0.0380678	0.0168554	0.0489837	0.0760583	0.105747	0.0270747	0.083742	0.0950899	0.1013	-0.0123605	0.0201947	0.0658996	0.084617	0.0702106	-0.0221397	0.0103203	0.0801004	0.0271927	0.0920071	0.0933276	-0.0123605	0.05719	0.083742	0.0860537	0.0189312	0.0725201	0.0504996	0.0313535	0.0726728	0.0894384	0.0774912	0.108443	0.0439675	0.0271927	0.122184	0.0604259	0.0313535	0.0579885	0.0751662	0.0236426	0.0838777	0.108071	0.0760583	0.0977566	0.0801004	0.096637	0.0462039	0.0468009	0.0415754	0.0746441	0.0634734	0.0982346	0.110562	0.0376711	0.0743082	0.0607427	0.0725201	0.0779929	0.0801004	0.07533	0.0904871	0.0553394	0.0872186	0.0998596	0.0397037	0.0729376	0.0658577	0.0915667	-0.00486515	0.0388791	0.0201947	0.0452827	0.0915667	0.0872792	0.119687	0.0271927	0.0801004	0.0255145	-0.0160197	0.105871	0.093704	0.0573375	0.0870855	0.0399097	0.0518402	0.00513165	0.0824842	0.0838396	-0.0096181	0.0819646	0.10529	0.0309447	0.0801004	0.0103203	0.106087	0.069025	0.0271927	0.0015653	0.105747	0.082303	0.0894384	0.0433869	0.0348835	-0.0123605	0.0839522	0.102122	0.0561294	0.0580666	0.0566778	0.0398052	0.063351	0.0760583	0.0320681	0.0698377	0.0527755	0.105001	0.111695	-0.0221397	0.0753483	0.0801004	0.0520244	0.0651333	0.103041	0.0259516	0.0612288	0.105001	0.0506002	0.0259516	0.0818596	0.0399097	0.0259516	0.0872926	0.0801004	0.0930233	0.0905034	0.0474049	0.120059	0.0413538	0.105716	0.0878182	-0.0123151	0.0801004	0.105747	0.0500494	-0.0221397	0.105747	0.0270747	0.0794043	0.0320681	0.029429	0.102122	0.0271927	0.0358699	0.0639388	0.0801004	0.108443	0.0699079	0.0839522	0.0831982	0.0105194	-0.0160197	0.0545063	0.0742544	0.0818596	0.0907144	0.015614	0.0295894	0.0731049	0.0876004	0.0607427	0.111965	0.0950899	-0.00486515	0.0905034	0.0801004	0.0933048	0.0801004	0.027502	0.105001	0.0966601	0.069025	0.0444791	0.111965	0.0957594	0.093141	0.0970304	0.0818596	0.0839522	0.0452827	0.0103203	0.0933048	0.0923612	0.0201947	0.0907144	0.133797	0.0904871	0.0615792	-0.0603845	0.0824842	0.0256962	0.0801004	0.083742	-0.0123605	0.0277483	0.0987723	0.0760583	0.0915667	0.0787318	0.0201947	0.0759843	0.0420092	0.0998271	0.0740888	0.0353937	0.0470667	0.0518402	0.00705345	0.0379084	0.0929459	0.0468928	0.0802471	0.0801004	0.121432	0.0604259	0.105125	-0.00937226	0.08022	0.128151	0.0579885	0.0144257	0.0809306	0.0504996	0.124008	0.0698177	0.0892268	0.0946233	0.0659729	0.0702106	0.0545063	0.0760583	-0.0123605	0.0415754	0.0413511	0.0651333	0.102122	0.0788459	0.088692	0.0801004	0.105747	0.122184	0.0929459	0.0907144	0.096637	0.0933276	0.0388908	0.106287	0.0259516	0.0998271	0.051562	0.0982346	0.0812778	-0.00847969	0.0415754	0.105001	0.0611838	0.0904871	0.0431464	0.082303	0.0545063	0.0839522	0.0839522	0.0872186	0.0452827	0.0358699	0.0019494	0.0495562	-0.0215584	0.117929	0.109853	0.0936707	0.0801004	0.0950899	0.0270747	0.069025	0.0604259	0.0489837	0.020248	0.0277483	0.0978937	0.0567692	-0.00516608	0.0388908	0.0580884	0.0646722	-0.0261916	0.0271927	0.0933276	0.0150009	0.00792068	0.08022	0.0439675	0.0841587	0.0287906	0.0825576	0.035331	0.0344037	0.107745	0.0168554	0.0772541	0.0874433	0.0518979	-0.0123605	0.0992126	0.0444791	0.0702106	0.0930233	0.0545063	0.0483191	0.105001	0.0424424	0.0186936	0.0259516	0.0824842	0.123012	0.0881945	0.0839522	0.0912028	0.0998596	0.0244034	0.0397037	0.0839522	0.108071	0.0698377	0.05719	0.0553394	0.0893162	0.0439675	0.0726398	0.0545063	0.0874433	0.0965846	0.110953	0.111695	0.0443674	0.0870713	0.0261067	0.0443674	0.0804597	0.0768521
82000	intercept	0.840342	0.846858	0.823505	0.833653	0.797125	0.830063	0.833111	0.819799	0.848656	0.824003	0.812074	0.835964	0.854976	0.848832	0.842343	0.832382	0.801205	0.849406	0.811998	0.808076	0.813077	0.82564	0.791433	0.839502	0.811046	0.808839	0.819565	0.839679	0.835964	0.837465	0.854399	0.852851	0.822657	0.810746	0.845288	0.836437	0.825242	0.850436	0.844186	0.818782	0.84048	0.860546	0.829752	0.853693	0.845238	0.813566	0.803877	0.776468	0.861559	0.805858	0.835964	0.848656	0.804373	0.84194	0.7882	0.810746	0.801205	0.816089	0.791939	0.817284	0.885972	0.849194	0.838606	0.8121	0.880553	0.86465	0.847867	0.837137	0.874664	0.826944	0.800225	0.864247	0.821219	0.821538	0.811716	0.849581	0.831429	0.834134	0.790558	0.805813	0.770161	0.842783	0.820551	0.857364	0.828095	0.776259	0.830063	0.790558	0.821219	0.839679	0.819554	0.780537	0.828614	0.801336	0.780922	0.819816	0.847628	0.814878	0.83136	0.834937	0.8336	0.819466	0.806301	0.808839	0.825811	0.824721	0.862272	0.831429	0.810316	0.826531	0.810052	0.824003	0.828078	0.794429	0.786772	0.848606	0.797278	0.784727	0.805858	0.838748	0.832382	0.849194	0.827782	0.825373	0.818846	0.765258	0.828095	0.800495	0.837743	0.86465	0.811802	0.824003	0.81631	0.806808	0.815467	0.83832	0.847867	0.846737	0.81489	0.860347	0.808746	0.780537	0.820778	0.819816	0.847867	0.780537	0.800812	0.850705	0.820694	0.810746	0.821304	0.763417	0.834134	0.837065	0.853217	0.793255	0.79651	0.819087	0.825986	0.814987	0.828095	0.848606	0.801336	0.813583	0.817104	0.848656	0.825707	0.814673	0.86465	0.807288	0.819816	0.826441	0.820876	0.812809	0.835964	0.836832	0.837048	0.824721	0.835964	0.819228	0.815467	0.835964	0.814421	0.797278	0.817295	0.799601	0.856783	0.810746	0.845204	0.79991	0.826165	0.820694	0.819985	0.810746	0.834937	0.85613	0.810746	0.792942	0.830832	0.817709	0.850748	0.780537	0.804377	0.835964	0.838606	0.828067	0.820551	0.830063	0.793255	0.836437	0.844327	0.861559	0.824563	0.860344	0.819228	0.85841	0.817197	0.819554	0.815594	0.856862	0.862272	0.833299	0.791939	0.838748	0.799601	0.829752	0.82465	0.820316	0.824721	0.825707	0.844186	0.800812	0.843398	0.833299	0.81489	0.81217	0.834348	0.819228	0.793255	0.817648	0.847867	0.82465	0.81489	0.849194	0.878006	0.778907	0.824003	0.838606	0.86465	0.846737	0.833653	0.819816	0.816089	0.853089	0.837912	0.865861	0.801336	0.805858	0.799601	0.849194	0.799698	0.825171	0.869247	0.820705	0.805257	0.845204	0.83832	0.820694	0.834134	0.835359	0.84048	0.807487	0.829752	0.812074	0.827724	0.830827	0.853903	0.845851	0.796922	0.821219	0.843103	0.797628	0.834134	0.785499	0.836832	0.837311	0.791939	0.853476	0.880553	0.792615	0.801336	0.853217	0.834937	0.823334	0.820876	0.79651	0.826465	0.805858	0.837137	0.819799	0.776259	0.835359	0.859352	0.847628	0.800225	0.814566	0.807487	0.835964	0.866296	0.814987	0.815652	0.834989	0.854317	0.833122	0.825707	0.845204	0.824003	0.795372	0.824521	0.817009	0.793255	0.793255	0.814716	0.827782	0.835964	0.841239	0.821219	0.864167	0.812649	0.797477	0.833299	0.819816	0.791939	0.792942	0.800812	0.830063	0.836807	0.847867	0.837912	0.815074	0.818903	0.819209	0.81089	0.833653	0.792615	0.871758	0.874664	0.800225	0.785803	0.828107	0.845851	0.848656	0.832397	0.836264	0.819591	0.849194	0.830623	0.803877	0.804373	0.819591	0.837807	0.838323	0.857792	0.837952	0.834937	0.880553	0.817295	0.817009	0.834937	0.825707	0.822657	0.836502	0.818511	0.838919	0.78539	0.793255	0.793255	0.852688	0.786772	0.790113	0.848606	0.793255	0.793954	0.817104	0.821219	0.828078	0.830827	0.857364	0.852688	0.809412	0.837807	0.789159	0.815986	0.814673	0.814566	0.82431	0.850596	0.814566	0.781384	0.813566
83000	slope	0.105438	0.093187	0.0831109	0.0339171	0.0872926	0.0810003	0.0604867	0.12255	0.0657281	0.0587438	0.108551	0.0661636	0.032423	0.0836041	0.0453242	0.029078	0.0395961	0.0299188	0.0628543	0.0561032	0.105818	0.0820875	0.0260106	0.0628543	0.0448327	0.0260106	0.0369808	0.0929346	0.0951422	0.0428552	0.0389896	0.0159258	0.029078	0.0701641	0.0520105	0.0448327	0.0516146	0.137443	0.0912118	0.0428894	0.0352632	0.0159258	0.094062	0.0355293	0.107989	0.0498114	0.0689671	0.110785	0.0199205	0.0667115	0.0761147	0.0833647	0.0453242	0.0726036	0.0482313	0.064619	0.0883267	0.11686	0.032423	0.0519354	0.11686	0.0336464	0.0524746	0.0626249	0.0940124	0.0628543	0.0315389	0.0562266	0.0488046	0.0738665	0.0880119	0.077327	0.0428894	0.0871649	0.0879614	0.0691188	0.0751598	0.0487146	0.075229	0.0771536	0.0339171	0.111332	0.0327627	0.0278326	0.0524746	0.0726036	0.085502	0.0657244	0.0814456	0.0607443	0.0421933	0.0957542	0.0921878	0.0793785	0.0838108	0.0355304	0.0747664	0.0415735	0.0800882	0.104994	0.0482313	0.0910907	0.0443429	0.0726036	0.0199205	0.0859965	0.029078	0.085502	0.0809786	0.094062	0.0726482	0.0937615	0.0628543	0.0465466	-0.0110894	0.0751598	0.079886	0.066501	0.0369808	0.0281064	0.0394634	0.0389896	0.0827984	0.0672542	0.0940124	0.0519788	0.0515527	0.0482313	0.089694	0.0374545	0.105747	0.0940124	0.0252928	0.0997383	0.0820875	0.0307684	0.0336426	0.0827984	0.0394634	0.0880424	0.0482313	0.113557	0.061312	0.0667321	0.0896507	0.0840488	0.0340983	0.0333163	0.125501	0.0523193	0.0613946	0.029078	0.0613819	0.0413874	0.105438	0.0516677	0.0766479	0.0858951	0.0751598	0.0413032	0.0659262	0.0487146	0.070387	0.103647	0.0748878	0.0570732	0.0159258	0.0667321	0.0613819	0.0200128	0.115643	0.0910122	0.101259	0.0793785	0.0991089	0.0726036	0.112894	0.040829	0.0819708	0.101259	0.094062	0.0737464	0.029078	0.0930775	0.089992	0.0570732	0.0617984	0.101259	0.0516329	0.0653888	0.0316088	0.0794222	0.134257	0.117313	0.0831109	0.104994	0.0428159	0.0466503	0.089992	0.0758378	0.103233	0.0453242	0.0605553	0.0937487	0.0307684	0.0518367	0.0880119	0.105818	0.0887311	0.0667321	0.0751598	0.0726482	0.0749864	0.0930775	0.0809141	0.0516329	0.0482313	0.0443429	0.101259	0.0344173	0.0781788	0.0628543	0.107267	0.0587438	0.12499	0.0756573	0.0659832	0.0998464	0.0472909	0.0465466	0.0879614	0.0657281	0.100507	0.0920449	0.070561	0.0570732	0.104994	0.0766479	0.0880424	0.0880119	0.0453242	0.0859965	0.0997383	0.0766479	0.0744166	0.0216702	0.0146947	0.0159258	0.0705387	0.0519354	0.0921878	0.126026	0.0518367	0.0659832	0.0879614	0.0879614	0.0563778	0.085502	0.0267268	0.0661636	0.0516773	0.0864881	0.0714839	0.0950716	0.0920449	0.0561032	0.0937615	0.0659832	0.0726482	0.0587438	0.0974794	0.0723365	0.0950826	0.0774211	0.0515527	0.0688154	0.0196951	0.026812	0.0389896	0.112894	0.0453242	0.0573831	0.0482313	0.0604121	0.100292	0.0217285	0.107208	0.113557	0.0774896	0.0661636	0.0159258	0.0881135	0.0238043	0.0344173	0.0313766	0.0348152	0.0659832	0.113557	0.0726482	0.0453242	0.0836915	0.0389896	0.0896507	0.11686	0.0657281	0.0563778	0.0880119	0.0840488	0.0482313	0.0981675	0.0246714	0.132532	0.0570732	0.0612037	0.0899297	0.0862701	0.0957542	0.0523193	0.100292	0.0330509	0.0729137	0.0820875	0.0968961	0.0974794	0.070561	0.0308531	0.0482313	0.0751598	0.0146947	0.0501683	0.029078	0.0482313	0.0831109	0.0872367	0.0428894	0.0766479	0.0332989	0.0217285	0.0561032	0.0182945	0.0482313	0.0831745	0.0997383	0.0518367	0.0705387	0.0570732	0.0899297	0.0570732	0.0918736	0.0737464	0.0589939	0.0159258	0.0354403	0.0749864	0.0858206	0.0195782	0.0899297	0.0843956	0.12255	0.00490791	0.0767901	0.0428159	0.0968886	0.0330258	0.0159258	0.0472261	0.0566708	0.101259	0.0182945	0.120458	0.0310037	0.101259	0.0667321	0.0507393	0.10002	0.0604121	0.113642	0.104056	0.0921878	0.0282087	0.13088	0.0415735	0.00490791	0.0482313	0.0562239	0.0469929	0.0598501	0.0358324	0.0880119	0.0482313	0.0827984	0.106132	0.0484597	0.0726482	0.0482313	0.0394634	0.0835113	0.113642	0.0997383	0.0371476
83000	intercept	0.834473	0.824094	0.776346	0.847606	0.780232	0.776346	0.873214	0.804929	0.805521	0.799752	0.831206	0.811347	0.804901	0.776346	0.826745	0.846097	0.823832	0.860039	0.810834	0.818628	0.771284	0.828775	0.844331	0.810834	0.828532	0.844331	0.819273	0.78061	0.828996	0.84293	0.851763	0.838974	0.844331	0.827096	0.776303	0.833233	0.818333	0.805966	0.808288	0.842862	0.847681	0.838974	0.788025	0.826745	0.809901	0.827502	0.797655	0.783853	0.847681	0.821696	0.826037	0.816127	0.802929	0.831526	0.815306	0.815809	0.807264	0.788471	0.813238	0.83524	0.778035	0.839716	0.855685	0.796334	0.812058	0.810834	0.861634	0.820381	0.820539	0.839664	0.809119	0.822825	0.842862	0.789824	0.809044	0.750316	0.847157	0.797973	0.814742	0.818295	0.847606	0.814742	0.805962	0.823782	0.855685	0.825474	0.820724	0.817497	0.784701	0.811949	0.855215	0.86067	0.803871	0.805735	0.810252	0.853769	0.814742	0.844331	0.803871	0.780341	0.815306	0.797268	0.785329	0.825474	0.843546	0.826037	0.844331	0.815401	0.847047	0.788025	0.852069	0.771284	0.79226	0.826745	0.827015	0.847157	0.80335	0.823627	0.819273	0.871854	0.843297	0.851763	0.836022	0.821637	0.788195	0.815809	0.831491	0.815306	0.799034	0.843808	0.828183	0.79549	0.847719	0.814742	0.82405	0.831491	0.815306	0.836022	0.847207	0.808733	0.815306	0.80777	0.796503	0.864877	0.838095	0.814742	0.859033	0.867562	0.805966	0.800157	0.831491	0.846097	0.831491	0.836128	0.805071	0.804393	0.789139	0.823187	0.847157	0.823832	0.812846	0.797973	0.816289	0.767345	0.822021	0.793255	0.838974	0.864877	0.831491	0.818784	0.846266	0.81576	0.821587	0.805735	0.799804	0.825474	0.797978	0.802929	0.81015	0.815643	0.788025	0.81865	0.851247	0.787225	0.815973	0.776295	0.858351	0.815643	0.793255	0.796629	0.86526	0.823086	0.797444	0.823068	0.788141	0.780341	0.812452	0.829858	0.81659	0.844563	0.816006	0.802929	0.825268	0.870706	0.831491	0.776303	0.815513	0.771284	0.821594	0.864877	0.847157	0.852069	0.809307	0.787225	0.814742	0.793255	0.815306	0.780027	0.821587	0.85554	0.801048	0.812621	0.799034	0.799752	0.818117	0.852069	0.783173	0.802514	0.833197	0.826745	0.809044	0.805521	0.813726	0.790225	0.808733	0.802829	0.785561	0.782096	0.808733	0.809119	0.802929	0.826037	0.814742	0.789139	0.852069	0.84679	0.837366	0.838974	0.750316	0.811176	0.803871	0.8409	0.776303	0.783173	0.809044	0.809044	0.824733	0.820724	0.809798	0.810219	0.835999	0.750316	0.852069	0.792954	0.790225	0.809691	0.771284	0.783173	0.852069	0.799752	0.826809	0.826441	0.791219	0.785587	0.831491	0.844994	0.83628	0.849869	0.851508	0.797978	0.819273	0.794985	0.815306	0.811176	0.816127	0.830766	0.774975	0.798617	0.831698	0.810219	0.838974	0.77334	0.830766	0.85554	0.837257	0.845365	0.783173	0.812739	0.852069	0.835966	0.767937	0.851763	0.84619	0.778035	0.805521	0.824733	0.815513	0.814742	0.815306	0.795993	0.83079	0.809493	0.784609	0.809659	0.807321	0.833701	0.861108	0.800157	0.816127	0.83328	0.793255	0.826897	0.809119	0.818919	0.823568	0.827015	0.815306	0.847157	0.826187	0.820817	0.844331	0.815306	0.776346	0.767937	0.842862	0.782096	0.830832	0.836731	0.818628	0.849869	0.815306	0.809443	0.814742	0.776303	0.750316	0.798118	0.816002	0.793255	0.849581	0.81865	0.815306	0.848854	0.788048	0.805735	0.804031	0.846097	0.816002	0.812129	0.804929	0.859664	0.77334	0.812452	0.788435	0.825268	0.838974	0.750316	0.853002	0.815643	0.849869	0.806639	0.80102	0.821587	0.864877	0.802829	0.809407	0.811176	0.798776	0.819335	0.803871	0.855076	0.804929	0.844331	0.859664	0.815306	0.826192	0.804393	0.804393	0.865586	0.809119	0.815306	0.853779	0.812058	0.819327	0.852069	0.815306	0.843297	0.807982	0.798776	0.814742	0.828532
84000	slope	0.0892166	0.0469901	0.0884609	0.0429001	0.0532201	0.0420741	0.0720977	0.0450723	0.0539487	0.118629	0.0736248	0.0844644	0.0724254	0.0608093	0.0992636	0.0617305	0.0596849	0.0720632	0.0674122	0.0472827	0.103418	0.0956765	0.077154	0.0786424	0.0688106	0.0674841	0.13297	0.0818717	0.0581802	0.0608093	0.0382603	0.055145	0.0450723	0.120464	-0.00207324	0.0740438	0.0450145	0.0429001	0.0562212	0.119865	0.0487982	0.0420272	0.0736248	0.118231	-0.0418949	0.0749821	0.0965658	0.0811755	0.0804754	0.0626254	0.077154	0.0521215	0.0597083	0.078346	0.0525672	0.0408143	-0.00354315	0.0769336	0.0376346	0.131521	0.0316947	0.0271928	0.055145	0.00476266	0.0246404	0.0575716	0.106572	0.0959188	0.0687627	0.0749821	0.118629	0.0552909	0.0447382	0.092913	0.104472	0.0743765	0.0850624	0.0316947	0.116881	0.0477898	0.0839625	0.0351874	0.0456013	0.0370498	0.0481552	0.0510025	0.0976178	0.0482726	0.0892166	0.0755274	0.0839762	0.00857676	0.0553936	0.0674302	0.079995	0.0736248	0.0588468	0.11451	0.0549044	0.116881	0.0787076	0.0471136	0.0423108	0.0391586	0.0252208	0.0589891	0.0801817	0.0688106	0.0844822	0.0912139	0.113804	0.0912529	0.090553	0.0443843	0.0503128	0.0442149	0.0914701	0.0678483	0.0804754	0.115419	0.0588468	0.0285227	0.126559	0.0521107	0.0468742	0.0298208	0.0441491	0.0855704	0.0988221	0.0608094	0.0589038	0.0736248	0.100759	0.0747349	0.0252537	0.08247	0.00811653	0.0634384	0.128082	0.0472357	0.0785591	-0.00756134	0.0484601	0.0494138	0.0721918	0.116656	0.080937	0.089722	0.0252208	0.0721918	0.0896823	0.0892166	0.0896823	0.0550904	0.0674841	0.0618716	0.0472357	0.077509	0.103605	0.124341	0.0974377	0.0199981	0.0410658	0.0929819	0.0295619	0.096015	0.0405824	0.0956765	0.0424471	0.0818716	0.0472357	0.0749821	0.103882	0.0956765	0.0719289	0.0588468	0.0517181	0.0521589	0.0451347	0.0451578	0.10209	0.0674302	0.0343085	0.0600423	0.108711	0.0804754	0.0941341	0.0552909	0.052805	0.0718011	0.0110107	0.0138575	0.0618716	0.0905762	0.0493936	0.0747349	0.0749821	0.0581382	0.0618716	0.0485646	0.038887	0.0354094	-0.00207324	0.0162078	0.103882	0.0992636	0.0588468	0.08247	0.0896823	0.0317657	0.0474512	0.0736248	0.113804	0.0612631	0.0765214	0.0650213	0.0954982	0.118629	0.0919829	0.0939968	0.0727524	-0.00207324	0.028939	0.0451347	-0.0059005	0.0581382	0.0650213	0.0354094	0.0493936	0.052499	0.08247	0.0821428	0.0486047	0.0624727	0.0447382	-0.0418949	0.118629	0.0626254	-0.00269844	0.00857676	0.0736248	0.0650941	0.0520938	0.0879839	0.0958018	0.0517181	0.0395178	0.0914701	0.132122	0.0896823	0.0617305	0.0823464	0.0896823	0.0343085	0.0747349	0.0687627	0.00811653	0.0581382	0.0457459	0.0634834	0.0630288	0.0990997	0.0423108	0.0482695	0.0848462	0.0548087	0.0736248	0.0818717	0.0879839	0.0532553	0.0581382	0.0376346	0.0451578	0.0226167	0.0543766	0.08247	0.0914701	0.0785869	0.0675423	0.0581382	0.0503128	0.105547	0.0285227	0.0720597	0.0365081	0.0456013	0.0754455	0.0778686	0.100888	0.0471136	0.0126392	0.0539487	0.00857676	0.11451	0.096015	0.0674302	0.096015	0.0614963	0.0804754	0.0600069	0.0839762	0.083034	0.116881	0.0252537	0.0865593	0.0589478	0.0581516	0.0884609	0.118231	0.0863013	0.0850624	0.089722	0.0727524	0.0343085	0.0802535	0.0450723	0.124164	0.0769377	0.116656	0.0804754	0.104472	0.0217637	0.116656	0.0581382	0.0415487	0.0519555	0.0420272	0.0626254	0.0503128	0.0617305	0.0855704	0.0870076	0.0992636	0.0653984	0.0687627	0.0563984	0.104472	0.0787509	0.113148	0.0271928	0.121057	0.0965658	0.119384	0.0727524	0.0787509	0.0447382	0.0506471	0.0879839	0.0405824	0.0747349	0.0688106	0.0588468	0.0663677	0.0749821	0.0471136	0.0618716	0.0422521	0.0717794	0.128082	0.116656	0.0687627	0.0814255	0.0520938	0.0589038	0.0736248	0.0472827	0.117242	0.0974377	0.0521215	0.0376346	0.106722	0.0285227	0.00476266	0.0865593	0.0226167	0.0285227	0.113804	0.0589038	0.044244	0.0193857	0.149947	0.11451	0.128082	0.0589038	0.0674841	0.077154	0.0448433	0.056324	0.0658351	0.0140519	0.0348059	0.059149	0.0619846	0.0562212	-0.00207324	0.0687627	0.00982227	0.0471136	0.0410658	-0.0059005
84000	intercept	0.79803	0.835547	0.818134	0.808132	0.826287	0.865643	0.788665	0.850022	0.829071	0.804185	0.775273	0.788541	0.8122	0.795059	0.78516	0.753113	0.872141	0.85621	0.831949	0.811887	0.78516	0.865364	0.812018	0.793586	0.799768	0.81513	0.791511	0.835453	0.82207	0.795059	0.799224	0.824281	0.853372	0.78311	0.853199	0.815826	0.824281	0.808132	0.852574	0.78311	0.821442	0.808132	0.775273	0.791511	0.826396	0.78556	0.81209	0.825992	0.784241	0.818402	0.791234	0.809931	0.824388	0.795503	0.884977	0.850022	0.823439	0.838159	0.805992	0.797982	0.828547	0.821442	0.824281	0.859064	0.827026	0.811887	0.807552	0.818134	0.813726	0.78556	0.804185	0.810679	0.812651	0.813363	0.791296	0.80793	0.827529	0.800728	0.795313	0.829342	0.813879	0.821115	0.853372	0.838682	0.853646	0.821476	0.799864	0.876425	0.802381	0.8122	0.821144	0.83904	0.832711	0.823187	0.818068	0.775273	0.811887	0.802535	0.870971	0.793914	0.80871	0.842682	0.852091	0.853372	0.833669	0.82637	0.800782	0.799768	0.838159	0.834317	0.801845	0.783276	0.815123	0.828829	0.85667	0.821442	0.834542	0.824974	0.79954	0.812547	0.811887	0.828649	0.840088	0.84263	0.834568	0.835667	0.811642	0.810884	0.818845	0.823637	0.82526	0.775273	0.796379	0.796351	0.831723	0.805445	0.82349	0.806093	0.791511	0.834366	0.84918	0.824732	0.80234	0.840711	0.799768	0.791724	0.805893	0.810917	0.833669	0.799768	0.812018	0.79803	0.812018	0.810679	0.81513	0.825195	0.846216	0.8122	0.821159	0.791511	0.7994	0.836686	0.821442	0.815699	0.822918	0.803883	0.830932	0.865364	0.821442	0.823823	0.8354	0.78556	0.810291	0.869375	0.820192	0.816924	0.848353	0.791123	0.842572	0.813708	0.800083	0.823187	0.854721	0.831633	0.805368	0.79954	0.814205	0.810679	0.84827	0.79171	0.814609	0.836686	0.825195	0.82328	0.865643	0.796351	0.789101	0.860889	0.825195	0.840711	0.86153	0.830173	0.862962	0.83904	0.793972	0.78516	0.811887	0.805445	0.812018	0.823439	0.813754	0.782848	0.79981	0.790938	0.823324	0.831851	0.768735	0.804185	0.798729	0.78516	0.820772	0.862962	0.836128	0.842572	0.838704	0.860889	0.821442	0.830173	0.865643	0.869232	0.805445	0.814937	0.866561	0.80669	0.812651	0.826396	0.804185	0.80177	0.845448	0.83904	0.793213	0.852885	0.840711	0.790298	0.809686	0.850613	0.819817	0.834542	0.808494	0.812018	0.753113	0.816528	0.812018	0.854721	0.796351	0.803194	0.82349	0.860889	0.830932	0.823232	0.830173	0.80927	0.852091	0.86432	0.78605	0.825991	0.788484	0.835453	0.790298	0.822135	0.860889	0.805992	0.813708	0.827026	0.812614	0.805445	0.834542	0.804185	0.873292	0.860889	0.85667	0.812721	0.813213	0.821442	0.841926	0.853372	0.796783	0.805988	0.827318	0.842682	0.822452	0.829071	0.83904	0.802535	0.803883	0.832675	0.803883	0.78042	0.79954	0.753113	0.821144	0.796177	0.795313	0.826728	0.803182	0.821992	0.837132	0.818134	0.791511	0.818068	0.827529	0.810917	0.823976	0.838835	0.81513	0.858645	0.79067	0.790298	0.791724	0.784241	0.799008	0.887199	0.789451	0.860889	0.842572	0.812614	0.808132	0.818402	0.85667	0.753113	0.810884	0.78042	0.78516	0.821476	0.813726	0.829051	0.791296	0.868093	0.799864	0.821442	0.801983	0.81209	0.805368	0.819839	0.862847	0.812651	0.813658	0.796426	0.830932	0.796351	0.799768	0.811887	0.838009	0.78556	0.842682	0.825195	0.851588	0.809321	0.787574	0.789451	0.814108	0.818068	0.840711	0.831502	0.775273	0.811887	0.808494	0.7994	0.805051	0.810533	0.782885	0.818253	0.859064	0.817542	0.836686	0.818253	0.801845	0.82526	0.857695	0.823439	0.811539	0.802535	0.787574	0.84458	0.81513	0.812018	0.847488	0.849092	0.824218	0.859259	0.849092	0.831888	0.821476	0.852574	0.859064	0.813726	0.859259	0.82104	0.821442	0.852087
85000	slope	0.0608192	0.0461406	0.0654863	0.0760213	0.0924832	0.0532528	0.0178786	0.0606018	0.110505	0.0109772	0.0356777	0.0282354	0.0919183	0.0473271	0.0260523	0.124119	0.0955877	0.0326808	0.0490528	0.0497214	0.0853782	0.0485878	0.0391209	0.103962	0.0657828	0.0609475	0.034721	0.0706335	0.0887485	0.0554849	0.0583077	0.0856894	0.0461406	0.0386806	0.10309	0.0896594	0.0652365	0.105801	0.0519255	0.0889226	0.0263027	0.0320447	0.0856894	0.0218471	0.0231034	0.0362248	0.0654954	0.144665	0.0555854	0.0936646	0.0775492	0.126616	0.0955877	0.0858774	0.0178786	0.0539606	0.0661265	0.043361	0.100866	0.0648753	-0.00518773	0.0727119	0.034721	0.0164773	0.0899339	0.0608192	0.0354623	0.0940948	0.0662662	0.034721	0.0799269	0.125394	-0.0492042	0.0606018	0.0226494	0.0384437	0.0986673	0.0384437	0.0545049	0.0646796	0.0730552	0.0608192	0.0769022	0.0485878	0.0578478	0.0032234	0.0787573	0.0477139	0.00417356	0.0534646	0.0263027	0.0890188	0.0938485	0.0642847	0.0748247	0.0150994	0.0856894	0.0435231	0.0874655	0.00253126	0.0807823	0.047782	0.0976465	0.0315196	0.0924832	0.157552	0.0727315	0.0473531	0.0513467	0.0831905	0.10593	0.073389	0.0502856	0.053317	0.0622295	0.108384	0.0852018	0.0109772	0.0948661	0.100866	0.0806405	0.0362248	0.0862943	0.0660047	0.038305	0.0979567	0.065664	0.0900887	0.0211325	0.0384437	0.100509	0.0700585	0.0568176	0.0655345	0.0661464	0.149937	0.053209	0.0818269	0.0534905	0.0608192	0.0991778	0.100866	0.047782	0.0608192	0.0938485	0.0899339	0.0806405	0.0384437	0.0919183	0.0569385	0.100509	0.10593	0.0555854	0.0623295	0.098687	0.100866	0.0910371	0.0591368	0.0555854	0.0606018	0.0403351	0.0688595	0.086471	0.0473746	0.103962	0.0362248	0.0689692	0.0832497	0.0769022	0.032932	0.0955877	0.0542604	0.0533933	0.0362248	0.0849616	0.0964325	0.0727315	0.0555854	0.0742346	0.0648753	0.0490528	0.0473746	0.0364379	0.0662662	0.0468118	0.105801	0.0769022	0.0976465	0.100866	0.047782	0.0856894	0.0606018	0.0485878	0.0775492	0.0986673	0.0931287	0.100866	0.0923651	0.0354623	0.0101322	0.0524224	0.0856894	0.0916139	0.0856894	0.0534418	0.0362248	0.0856894	0.0265605	0.0362248	0.0772633	0.0555854	0.0257152	0.0534418	0.0654954	0.0490528	0.0652365	0.0732632	0.0654954	0.100866	0.0542604	0.0856894	0.0986673	0.0315196	0.0727611	0.0654954	0.0727611	0.0760213	0.0908981	0.0315196	0.10593	0.0858774	0.0657828	0.0677167	0.0769022	0.100866	0.100866	0.0754099	0.0565534	0.0606018	0.0565534	0.124119	0.032932	0.0623587	0.100866	0.104355	0.0830553	0.0660973	0.0183025	0.100866	0.0580116	0.0534418	0.0748737	0.0996935	0.0871908	0.0856894	0.0541447	-0.0471084	0.0356777	0.0890188	0.100866	0.0522079	0.0657828	0.0150994	0.0856894	0.0484836	0.0810628	0.0976465	0.0502856	0.00253126	0.0657828	0.0872761	0.0443641	0.0265605	0.0568406	0.120991	0.0265605	0.0384437	0.0461406	0.0699955	0.0591368	0.0178786	0.0566015	0.0599738	0.103962	0.0529891	0.0502856	0.0575028	0.0820386	0.0822993	0.0856894	0.149937	0.0788564	0.0732632	0.103527	0.0605152	0.0541447	0.0856894	0.0391209	0.13684	0.0856894	0.100866	0.0178786	0.073389	0.0887887	0.0606018	0.0315196	0.055425	0.0384437	0.0608192	0.0555854	0.0384437	0.10593	0.0485878	0.0609475	0.11239	0.0910371	0.0938485	0.0384437	0.105801	0.0661464	0.0657828	0.0309464	0.0931287	0.0409835	0.0150994	0.0472855	0.0606018	0.0483741	0.0744798	0.0655345	0.0570357	0.136712	0.0648362	0.0670766	0.0827324	0.100866	0.100866	0.0661265	0.0490528	0.0623587	0.0362248	0.0745661	0.0655345	0.0605152	0.0938485	0.105801	0.0986673	0.100866	0.118859	0.0539606	0.0322286	0.097955	0.0609475	0.100509	0.00417356	0.0957942	0.0856894	0.0270386	0.0637984	0.0648753	0.0952692	0.0899339	0.0870022	0.0899339	0.0471233	0.0455034	0.0865195	0.0694848	0.0606018	0.0792047	0.0604975	0.118859	0.0931287	0.0316131	0.0505156	0.0745661	0.120991	0.0948661	0.0539606	0.0566015	0.0386806	0.0605152	0.073389	0.0356777	0.0876357	0.0485878	0.0991778	0.0461051	0.0789316	0.088281	0.0384437	0.0899339	0.0555854	0.0889226	0.0805568	0.0358456	0.0895976	0.0178786	0.0856894	0.0472855
85000	intercept	0.845555	0.824074	0.828713	0.803434	0.813368	0.827518	0.855117	0.7954	0.837706	0.820537	0.814264	0.817335	0.78723	0.821488	0.814063	0.82384	0.787112	0.816163	0.785299	0.849703	0.830074	0.834464	0.848114	0.836043	0.821397	0.830195	0.81513	0.811595	0.787282	0.836785	0.853678	0.820874	0.817878	0.847606	0.812298	0.81807	0.799209	0.855454	0.845555	0.813927	0.847538	0.816163	0.823708	0.81513	0.812463	0.837819	0.82811	0.773037	0.82647	0.829145	0.818147	0.804912	0.787112	0.804394	0.845786	0.786035	0.812804	0.855117	0.831525	0.811537	0.817466	0.805599	0.81513	0.81513	0.837706	0.848004	0.836541	0.810765	0.791626	0.828535	0.800038	0.82384	0.853333	0.7954	0.855117	0.819076	0.837377	0.817908	0.806843	0.864696	0.813865	0.845555	0.823842	0.834464	0.811503	0.781795	0.797701	0.830272	0.851574	0.839191	0.847538	0.788864	0.808071	0.821981	0.817125	0.787151	0.818477	0.841857	0.80614	0.787151	0.829749	0.80253	0.837706	0.855117	0.816506	0.780105	0.804985	0.840146	0.810196	0.783931	0.829749	0.803507	0.836505	0.847606	0.82384	0.816235	0.801422	0.820537	0.852902	0.82384	0.870705	0.841857	0.809952	0.825694	0.814984	0.829749	0.833625	0.796284	0.81778	0.816163	0.820141	0.823281	0.812018	0.803834	0.815528	0.748104	0.805339	0.820876	0.794078	0.845555	0.823708	0.831525	0.80253	0.848004	0.829922	0.846013	0.870705	0.819076	0.78723	0.822738	0.821458	0.829749	0.805214	0.853363	0.812298	0.831525	0.82384	0.833196	0.835909	0.7954	0.823762	0.821859	0.846013	0.855014	0.822291	0.837819	0.81028	0.831908	0.827277	0.859488	0.787112	0.820699	0.79463	0.837819	0.821734	0.82384	0.799115	0.794306	0.823708	0.820699	0.785299	0.852978	0.816163	0.804261	0.860172	0.848785	0.826704	0.837706	0.82179	0.80253	0.823708	0.7954	0.834464	0.818147	0.824993	0.832636	0.831525	0.826297	0.825694	0.841461	0.847606	0.805142	0.818266	0.818477	0.85061	0.835801	0.814848	0.81513	0.841857	0.817878	0.82647	0.873343	0.845235	0.821404	0.779379	0.791758	0.801422	0.821404	0.838971	0.820699	0.830134	0.837377	0.855117	0.836354	0.809309	0.836354	0.803434	0.817468	0.855117	0.829749	0.801422	0.821397	0.810222	0.827277	0.8136	0.817757	0.852297	0.80924	0.7954	0.80924	0.82384	0.859488	0.834773	0.838971	0.82173	0.824344	0.832433	0.873343	0.838971	0.820522	0.845235	0.802396	0.850901	0.825829	0.821062	0.866	0.822129	0.812321	0.788864	0.817012	0.866012	0.821397	0.787151	0.813783	0.814308	0.820459	0.837706	0.830194	0.787151	0.821397	0.837706	0.812981	0.81513	0.812226	0.832433	0.81513	0.801041	0.817878	0.814879	0.833196	0.845786	0.824683	0.806843	0.822291	0.859244	0.836505	0.848081	0.837138	0.815922	0.823708	0.752438	0.826704	0.801422	0.823708	0.805339	0.866	0.845356	0.848114	0.832433	0.823708	0.82384	0.845786	0.803507	0.811773	0.787389	0.857431	0.854492	0.811528	0.845555	0.82647	0.816163	0.829749	0.834135	0.830195	0.827629	0.82384	0.828833	0.816163	0.848785	0.815528	0.821397	0.841461	0.832636	0.813054	0.787151	0.801422	0.7954	0.863118	0.810142	0.803834	0.855014	0.752438	0.82647	0.817878	0.833625	0.8136	0.831525	0.812804	0.785299	0.834773	0.835801	0.82384	0.806843	0.805339	0.808071	0.848785	0.837377	0.832775	0.79288	0.785299	0.855117	0.801263	0.830195	0.819041	0.855117	0.820141	0.830134	0.796306	0.788864	0.820699	0.843332	0.837706	0.806843	0.846013	0.823878	0.867832	0.801422	0.803507	0.7954	0.835772	0.86025	0.79288	0.832636	0.837819	0.848114	0.827106	0.832433	0.852902	0.785299	0.824683	0.847606	0.809586	0.803507	0.814264	0.82104	0.834464	0.823708	0.82507	0.815712	0.801302	0.803414	0.846013	0.82647	0.829075	0.83131	0.858825	0.85632	0.883669	0.798601	0.801422
86000	slope	0.0527443	0.107425	0.110005	0.107536	0.111783	0.0941726	0.00329402	0.079685	0.0986322	0.0341647	0.0875312	0.0619616	0.0928168	0.0214044	0.0774546	0.106176	0.0715826	0.0606027	-0.0144557	0.0746807	0.0625591	0.0596115	0.0719024	0.0812255	0.0721875	0.0817403	0.0687478	0.0784829	0.0540629	0.122115	0.0283558	0.0920555	0.0992969	0.053847	0.0868956	0.0578918	0.0737346	0.0654186	0.0297292	0.0800437	0.0558626	0.123011	0.104998	0.103019	0.0862472	0.0227053	0.0815789	0.0673139	0.061613	0.0800437	0.0675981	0.0633054	0.0473314	0.0416635	0.0765068	0.113794	0.0700323	0.0684104	0.0671344	0.0886304	0.0416635	0.0481887	0.076149	0.038728	0.0704026	0.0510774	0.133104	0.0800437	0.0635995	0.0578918	0.0800437	0.0461026	0.0510774	0.110182	0.114674	0.0792288	0.0669238	0.0550113	0.0924313	0.0824412	0.0676986	0.0630685	0.0475663	0.0868956	0.0702131	0.0969016	0.0509795	0.032058	0.00823292	0.0459835	0.0632987	0.0501694	0.0459835	0.0745189	0.0191179	0.0868284	0.103565	0.0683479	0.110182	0.0220511	0.0191179	0.0763801	0.0507506	0.0410177	0.100769	0.0461026	0.00341454	-0.0144557	0.0898302	0.0800437	0.0800437	0.0800437	0.102684	0.0619901	0.0191179	0.053847	-0.0011785	0.020911	0.090577	0.100746	0.116536	0.0815789	0.0711152	0.0377746	0.104998	0.0921499	0.0547219	0.038728	0.111783	0.0740215	0.0821273	0.0501694	0.0144544	0.0535573	0.0214044	0.0714936	0.0501694	0.0377746	0.0842897	0.0540629	0.0876295	0.0840231	0.0837361	0.0898302	0.0605896	0.0737346	0.0983253	0.0921499	0.0912579	0.117746	0.070737	0.0619616	0.107425	0.0678478	0.0896813	0.0670533	0.079685	0.0868836	0.0815789	0.076097	0.0725313	0.0698567	0.0742655	0.0540629	0.104998	0.0416635	0.055007	0.0859801	0.0913929	0.112789	0.0896813	0.111986	0.0798696	0.0842827	0.0765068	0.0714936	0.0920262	0.0703905	0.0769416	0.0898302	0.0777298	0.0464023	0.0319114	0.116536	0.0313438	0.0679467	0.0481887	0.0501284	0.078184	0.0456465	0.122648	0.104998	0.0501694	0.067197	0.0912579	0.00690469	0.0696481	0.090577	0.0891663	0.0849614	0.131122	0.0319114	0.0714936	0.090577	0.110182	0.0912579	0.101073	0.0243115	0.090577	0.0104453	0.0540629	0.0541006	0.113794	0.0624675	0.0728357	0.0678634	0.0412246	0.0678634	0.0654186	0.0551177	0.0469706	0.121818	0.0103406	0.0800437	0.105596	0.0659053	0.0812255	0.0416635	0.090577	0.0852172	0.0921499	0.112929	0.0416635	0.104998	0.0723101	0.0936298	0.111783	0.0191179	0.020911	0.0860502	0.0191179	0.0737346	0.0737346	0.101073	0.0191179	0.0970409	0.0675981	0.0702131	0.0783069	0.049883	0.0912579	0.0536533	0.0969968	0.0800437	0.0590764	0.08827	0.110182	0.103367	0.104998	0.0619616	0.0886052	0.0377746	0.0765068	0.0991364	0.105596	0.113794	0.0561919	0.0972934	0.122648	0.0552307	0.0632987	0.0891625	0.0578918	0.0191179	0.0891663	0.0540629	0.0878967	0.101073	0.0191179	0.0200179	0.00823292	0.0501694	0.0885358	0.0481887	0.0214044	0.0718322	0.090577	0.0669238	0.111986	0.0723101	0.111762	0.0899041	0.094129	0.0804278	0.0942787	0.0810723	0.0891984	0.0798696	0.0551177	0.0969968	0.0800437	0.00751894	0.105003	0.0558626	0.0810723	0.0363674	0.0920262	0.116536	0.110099	0.0319114	0.0765068	0.0596115	0.0619616	0.127697	0.0678634	0.112929	0.0507506	0.0721224	0.107271	0.0271088	0.0842827	0.020881	0.0878967	0.0844766	0.0442607	0.0675862	0.0737346	0.0683479	0.124358	0.0377746	0.111762	0.0683479	0.107425	0.020881	0.0981193	0.0501694	0.0903472	0.0844766	0.0700323	0.0718322	0.111783	0.0241072	0.0928168	0.0669238	-0.0144557	0.0737346	0.0808047	0.105875	0.0512699	0.0558626	0.076097	0.0744798	0.0501694	0.0371204	0.0851745	0.0963701	0.0700292	0.112929	0.0426693	0.0718091	0.0654186	0.106176	0.0715826	0.110099	0.116536	0.0883668	0.0854897	0.101717	0.0679467	0.0800437	0.0214044	0.090577	0.0765068	0.0501694	0.0683479	0.0738397	0.0981193	0.0551177	0.0144544	0.0540629	0.0596115	0.0800437	0.0512386	0.0800437	0.0862472	0.0812255	0.0703029	0.0751656	0.0141095	0.0659053	0.0469706	0.112929	0.0857589	0.0779798	0.0812255	0.0851745	0.032058	0.0919331	0.0200179	0.0800437
86000	intercept	0.865949	0.784327	0.81018	0.780169	0.817751	0.819912	0.808392	0.807488	0.805053	0.814376	0.84145	0.792704	0.760271	0.857867	0.824705	0.819912	0.831585	0.827863	0.854612	0.836608	0.809942	0.810333	0.824966	0.788967	0.818212	0.830906	0.799481	0.802198	0.812498	0.828742	0.836621	0.795561	0.803979	0.787035	0.815937	0.810527	0.845283	0.812163	0.896486	0.815946	0.82767	0.835171	0.827461	0.831941	0.805268	0.841442	0.791034	0.824593	0.787056	0.815946	0.826649	0.821741	0.820193	0.866742	0.800454	0.817674	0.802674	0.86094	0.810333	0.850442	0.875839	0.802368	0.823494	0.816383	0.833082	0.805665	0.822906	0.815946	0.824999	0.803581	0.815946	0.813756	0.805665	0.758807	0.822031	0.824401	0.85581	0.823706	0.798596	0.823381	0.816834	0.825435	0.844025	0.815937	0.859109	0.799139	0.839205	0.815767	0.847226	0.832246	0.810333	0.830211	0.832246	0.824892	0.849462	0.821531	0.828391	0.819841	0.758807	0.844542	0.861546	0.823286	0.805665	0.830218	0.798062	0.813756	0.855117	0.854612	0.798476	0.815946	0.805554	0.815946	0.803351	0.82767	0.872011	0.794951	0.847226	0.851129	0.846203	0.825021	0.802435	0.805554	0.818337	0.820975	0.827461	0.816207	0.856034	0.816383	0.817751	0.829502	0.785205	0.819865	0.849221	0.820975	0.857867	0.787056	0.824097	0.820975	0.814612	0.812498	0.829758	0.817427	0.84496	0.803979	0.830635	0.864992	0.826926	0.816207	0.798062	0.817674	0.805554	0.792704	0.784327	0.774514	0.824966	0.812899	0.807488	0.832925	0.805554	0.882197	0.830635	0.777601	0.826649	0.808629	0.818007	0.868922	0.810555	0.828155	0.785205	0.817713	0.824966	0.823521	0.805787	0.805554	0.805349	0.784936	0.818337	0.820629	0.833538	0.803979	0.830133	0.800831	0.857123	0.802435	0.866742	0.815946	0.802368	0.823739	0.828606	0.845786	0.809766	0.827461	0.824097	0.817229	0.798062	0.849558	0.808522	0.803422	0.817921	0.842592	0.807183	0.855117	0.787056	0.846203	0.758807	0.798062	0.834943	0.86157	0.824442	0.826902	0.808629	0.823706	0.817253	0.796261	0.796751	0.800339	0.813756	0.800339	0.811835	0.813144	0.800831	0.809574	0.816557	0.804819	0.809038	0.807488	0.782756	0.863098	0.824442	0.842345	0.816207	0.830145	0.851206	0.772197	0.802674	0.815946	0.817751	0.86693	0.851129	0.827503	0.849462	0.85045	0.84145	0.834943	0.861546	0.818393	0.826649	0.857623	0.830657	0.805665	0.798062	0.81508	0.797643	0.815946	0.823706	0.820204	0.758807	0.797643	0.827461	0.792704	0.777456	0.820975	0.800454	0.816956	0.809038	0.817674	0.805316	0.804259	0.81617	0.805665	0.807329	0.803702	0.803581	0.86693	0.817921	0.770498	0.819912	0.834943	0.861546	0.829594	0.857145	0.819865	0.823785	0.802368	0.857867	0.813598	0.846203	0.846987	0.823521	0.802905	0.784297	0.803945	0.797643	0.798476	0.805268	0.802417	0.805554	0.800297	0.813144	0.797643	0.815946	0.801847	0.817751	0.82767	0.790897	0.83961	0.818337	0.802435	0.835137	0.855117	0.805349	0.810333	0.792704	0.836618	0.800339	0.830145	0.805665	0.824966	0.823521	0.87434	0.805554	0.854049	0.828687	0.802974	0.845786	0.815568	0.844098	0.811357	0.817533	0.820975	0.784297	0.819841	0.784327	0.854049	0.842286	0.809534	0.838558	0.830657	0.802674	0.813598	0.817921	0.854049	0.760271	0.85581	0.854612	0.842158	0.811357	0.826556	0.825518	0.82767	0.882197	0.838782	0.824097	0.820975	0.783743	0.845068	0.830446	0.830145	0.847704	0.817229	0.811835	0.819912	0.835605	0.796878	0.802435	0.801727	0.781366	0.836698	0.815946	0.804819	0.857867	0.846203	0.800454	0.831651	0.819841	0.830362	0.830906	0.82767	0.849221	0.808629	0.810333	0.805554	0.810059	0.815946	0.805268	0.788967	0.837984	0.84145	0.849221	0.79639	0.800831	0.830145	0.813279	0.854615	0.788967	0.783743	0.815767	0.811535	0.821995	0.815946
87000	slope	0.093756	0.0804151	0.0581143	0.0425274	0.0951237	0.0359669	0.0486544	0.048492	0.0144173	0.0596056	0.0651052	0.0825806	0.0879089	-0.00810714	0.078063	0.0488247	0.102541	0.0874591	0.0760283	0.0417111	0.0825806	0.0543855	0.0567902	0.043632	0.0571568	0.0874591	0.0711891	0.00681542	0.038079	0.111931	-0.00670455	0.0609514	0.126496	0.106984	0.155446	-0.00271836	0.0788632	0.0180023	0.119496	0.0456249	0.0136264	-0.000940157	0.0931114	0.0596056	0.0402306	-0.00236452	0.107368	0.0981104	0.0527324	0.0742841	0.0471006	0.0968806	0.0737813	0.0581143	0.0429273	0.087475	0.102471	0.054642	0.0627731	0.0876513	0.066669	0.0951237	0.0581143	-0.00271836	0.0705967	0.0818479	0.0161345	0.0163815	0.102541	0.0375869	0.0960624	0.00420927	0.0438589	0.080947	0.030134	0.0494322	0.00251566	0.126496	0.0890352	-0.0235818	-0.00596046	0.0876513	0.0373565	0.105364	0.0864358	0.102471	0.0545809	0.0609514	0.00784116	0.0879799	-0.00654865	-0.0129449	0.0653061	-0.0106713	0.0715099	0.0991541	0.0711891	0.0861882	-0.00670455	0.0609514	0.111581	0.0609514	0.0571568	-0.00810714	0.0322282	0.0960624	0.112808	-0.00236452	0.086625	0.100221	0.0837912	0.0426615	0.0705967	0.0242727	0.078063	0.102541	0.100221	0.0759979	0.0490672	0.0664568	0.0829294	-0.00221465	-0.000160646	0.0457249	0.0825806	0.0302807	0.0829294	-0.0129449	0.0189964	0.0830633	0.0960624	0.074687	0.0520538	-0.00670455	0.0705713	0.0651052	0.0896902	0.00725361	0.116192	0.0490672	0.0288712	0.100221	-0.00386106	0.0130871	0.0837912	0.00928499	0.0651052	0.0346687	0.0161345	0.115714	0.094492	0.0160419	0.0534498	0.0912579	-0.0100066	0.0488377	0.103599	0.0119528	-0.00221465	0.0715099	0.0674595	0.107404	0.117688	0.000736009	0.0917575	0.107666	0.0596056	0.0792815	0.0615397	0.0965732	0.0640261	0.046091	0.012521	0.0863167	0.035184	-0.000312782	0.0609514	0.0986838	0.0896902	0.0596056	0.0311632	0.0705967	0.074635	0.00558833	0.0585659	0.0742841	0.061965	0.0829294	0.00558833	0.0834912	0.0876513	0.0743361	0.0874591	0.0879089	0.0796068	0.0505828	0.0830633	0.0742841	0.0575083	0.0861762	0.0489305	0.147869	0.0311632	0.126496	0.00649144	0.104569	0.0674595	0.0609514	0.122136	-0.0106713	0.0864358	0.111931	0.0592108	0.112808	0.0574243	-0.00670455	0.0364451	0.147869	0.106897	0.0609514	0.0835287	0.0343716	0.0520538	0.00862416	0.0715099	-0.0235818	0.0743361	0.0732968	0.032367	0.0486544	0.0859465	0.147869	0.095304	0.0821652	0.0592108	0.0676572	0.0741608	0.060876	0.148066	0.0929967	0.0951237	-0.00596046	0.109873	0.0631991	0.0876513	0.0872062	0.0715099	0.080755	0.0794473	0.106897	0.0783643	0.0125533	0.06186	0.0876513	0.0830487	0.0780299	0.0890231	0.0609514	0.0951237	0.0125533	0.0581143	-0.00670455	0.0951237	0.0609701	0.0825806	-0.0081519	0.0609514	0.0318685	0.0922388	-0.0129449	0.0771294	0.0343716	0.102471	0.0881075	0.0876513	0.112692	0.0180023	0.0951379	0.0405572	0.0581143	0.0609514	0.00175248	0.0775981	0.0773096	0.0715099	-0.00810714	0.0973666	0.021008	0.0715099	0.0683499	0.041649	0.00558833	0.113576	0.147869	0.0804151	0.095304	0.100221	0.160339	0.0179167	0.00558833	0.114489	0.0609514	0.0538645	0.0981104	0.0969536	0.0878187	0.114489	0.0892715	0.0874591	0.169986	0.0653061	-0.000881772	0.0705967	0.11819	0.00836557	0.0896902	0.0108481	0.043632	0.093561	0.080755	0.073052	0.046091	0.0646702	0.0851773	0.0531904	0.062926	0.0189964	0.00784116	0.0653061	0.069932	0.112692	0.0676572	0.100632	0.0189964	-0.0076503	0.147869	0.0609514	0.0962353	0.102968	0.0835287	0.0783643	0.0338369	0.0596056	0.0683499	0.0536938	0.0797059	0.0834912	0.0581143	0.100221	0.0144708	0.165667	0.0945993	0.0301036	0.0880184	-0.00236452	0.102471	0.0711206	0.00681542	0.080755	0.0977489	0.0288712	-0.00978313	0.00558833	0.0543855	0.0711206	0.0681583	0.112808	0.0318685	0.084291	-0.0130581	0.0814606	-0.0130581	0.114489	-0.00236452	0.114489	0.00836557	0.000736009	0.0545809	0.109227	0.0108481	0.0726007	0.0872062	-0.00810714	0.0301036	0.0343716	0.107059	0.0125533	0.0463736	0.0311632	0.0743361	-0.00221465	0.0975369	0.104842	0.0896902	0.0463736	0.0545809	0.0144708	0.0426615	0.0426615	0.070103
87000	intercept	0.82564	0.82198	0.810002	0.822049	0.78878	0.812863	0.780149	0.785038	0.814867	0.803997	0.810658	0.797389	0.829073	0.860961	0.823279	0.824751	0.781318	0.796485	0.818274	0.80579	0.797389	0.82486	0.813378	0.819171	0.840733	0.796311	0.788092	0.84779	0.813097	0.806891	0.852463	0.804219	0.801794	0.788092	0.795388	0.852478	0.823047	0.865002	0.800579	0.805828	0.877799	0.890207	0.781238	0.828306	0.851559	0.810569	0.790001	0.811573	0.797112	0.809948	0.812863	0.812612	0.817013	0.802628	0.785038	0.832947	0.810614	0.8053	0.836313	0.797442	0.837835	0.787369	0.802628	0.863163	0.809895	0.809346	0.917337	0.856008	0.781318	0.803681	0.833622	0.828325	0.809387	0.799368	0.886585	0.873703	0.852478	0.809633	0.788969	0.841231	0.811492	0.797442	0.806566	0.802974	0.775776	0.819048	0.862432	0.787067	0.834097	0.826377	0.839743	0.862504	0.784087	0.838544	0.837835	0.834745	0.788092	0.797442	0.850087	0.811572	0.779411	0.804219	0.840733	0.846089	0.815844	0.833622	0.797263	0.845913	0.815863	0.775966	0.812167	0.846277	0.805554	0.81127	0.823279	0.781318	0.777167	0.834745	0.794961	0.862628	0.802652	0.901638	0.865002	0.796086	0.794836	0.825734	0.802652	0.862504	0.839294	0.808946	0.833622	0.80745	0.86028	0.850087	0.844981	0.807212	0.805554	0.850943	0.78343	0.782233	0.886585	0.777167	0.810569	0.851958	0.812167	0.877799	0.807212	0.825738	0.917337	0.829486	0.807668	0.854654	0.857703	0.819024	0.850087	0.853925	0.78343	0.854267	0.881056	0.837835	0.745392	0.781571	0.790602	0.860961	0.807819	0.7984	0.828306	0.809346	0.825694	0.781238	0.794996	0.872602	0.862432	0.833622	0.88016	0.851759	0.796536	0.781318	0.815397	0.824128	0.832871	0.805554	0.810317	0.847671	0.807091	0.809948	0.816738	0.802652	0.847671	0.827474	0.796928	0.807091	0.804219	0.829073	0.810065	0.838873	0.80225	0.817013	0.794996	0.811362	0.816199	0.795388	0.832871	0.801794	0.856492	0.82111	0.762188	0.796536	0.829486	0.838544	0.775776	0.806891	0.796477	0.778401	0.790095	0.850087	0.814867	0.795388	0.813178	0.796536	0.815196	0.813378	0.86028	0.854267	0.837835	0.841231	0.807091	0.845491	0.8487	0.780149	0.833622	0.808677	0.83107	0.789666	0.804219	0.796086	0.777736	0.82486	0.800908	0.822319	0.798368	0.809776	0.815245	0.800539	0.802977	0.796537	0.837835	0.809346	0.830485	0.799131	0.795162	0.827674	0.8147	0.797442	0.795162	0.806794	0.806891	0.796536	0.798368	0.833729	0.802628	0.850087	0.782048	0.801289	0.794836	0.852478	0.796536	0.854588	0.840641	0.862504	0.797442	0.813378	0.819048	0.768608	0.797442	0.787889	0.865002	0.833622	0.841695	0.810002	0.789013	0.85787	0.809346	0.796537	0.837835	0.860961	0.833622	0.862432	0.837835	0.829309	0.80922	0.847671	0.799131	0.795388	0.78675	0.83107	0.777167	0.794565	0.845361	0.847671	0.82111	0.796536	0.817013	0.804033	0.791497	0.815139	0.82111	0.807212	0.796485	0.795388	0.794513	0.833983	0.805554	0.781571	0.850087	0.805554	0.838617	0.819171	0.804219	0.809346	0.878392	0.873802	0.782902	0.77918	0.808273	0.805554	0.839294	0.834097	0.794513	0.805086	0.792967	0.796086	0.786717	0.839294	0.836547	0.808677	0.796536	0.788092	0.796993	0.815196	0.795162	0.818632	0.828306	0.824225	0.813459	0.796537	0.829885	0.797364	0.777167	0.840095	0.795388	0.788128	0.847379	0.847027	0.845913	0.810614	0.842307	0.850943	0.809346	0.806891	0.885265	0.854267	0.847671	0.82486	0.842307	0.784007	0.797263	0.863418	0.801181	0.897087	0.790095	0.897087	0.802752	0.83279	0.82111	0.850087	0.860961	0.862432	0.771698	0.845361	0.861566	0.796537	0.846089	0.834607	0.813378	0.827351	0.833729	0.816199	0.832871	0.809297	0.901638	0.796601	0.845265	0.805554	0.816199	0.862432	0.840095	0.846098	0.846098	0.838652
88000	slope	-0.0108853	0.0221058	0.0615684	0.0810265	0.00872562	0.0240942	0.0671213	-0.0136219	0.0989621	0.0904212	0.0546346	0.0766619	0.0262922	0.0330415	0.0647451	0.0683914	0.111488	0.0688141	0.0762609	0.0750206	0.128117	-0.0101906	0.0371855	0.0401568	-0.00700679	0.0592789	0.0152102	0.0810265	0.132639	0.0400736	0.0777255	0.0828206	0.0763819	0.0735327	0.0697773	0.0261805	0.0142343	-0.0418027	0.0859419	0.0697833	-0.0114272	0.0204997	0.0010954	0.0614677	0.0859717	0.126577	0.0615684	0.0049743	0.0623179	0.067603	0.0733177	-0.0148461	0.0227568	0.114246	0.0200417	0.0546346	0.0543712	0.0619551	0.0619551	0.0564639	0.0823638	0.0073082	-0.0158564	0.0499944	-0.0253409	0.107196	0.0818547	0.0619551	0.0147478	0.0801	0.0450791	0.046981	0.101026	0.0417396	0.128117	0.0407695	-0.0203443	0.0276073	0.0858177	0.0756508	0.145681	0.107196	0.0549423	0.0688141	0.108568	-0.0335326	0.0619146	0.107318	0.0921637	0.085423	0.0221058	0.0177229	0.0827945	0.0762198	0.0482937	0.113871	0.0525889	0.0240675	0.00941546	0.00578033	0.11222	0.109671	0.0239704	0.0904212	0.0546346	0.110902	0.0619551	0.0253627	0.0878167	0.0360504	-0.0259694	0.0499944	0.078018	0.0305439	0.0618596	0.0251709	0.0427431	0.0658547	0.0262922	0.06529	0.073571	0.112097	0.0362132	0.0499944	0.0695071	0.0698076	0.0289559	0.0868331	-0.0314924	0.068778	0.0546346	0.0878167	-0.0314924	0.0652317	0.0235527	0.0486585	0.0615684	0.0763819	0.0634004	0.0235776	0.0920732	0.00636358	0.00831775	0.028592	0.0697833	0.0670499	0.0274921	0.0619551	-0.00827587	0.112391	0.02294	0.0688141	0.131393	0.0298726	-0.0314924	0.0177229	0.0174219	0.0810265	0.0261805	0.0288524	0.085423	0.0499944	0.00578033	0.0818547	0.0397128	0.0647451	-0.0314924	-0.0386425	0.0762609	0.0152102	0.0227568	-0.0391486	0.0907293	-0.0386425	0.0400736	0.0786598	-0.00435345	0.0904212	0.0766619	0.0523228	0.0818547	0.06529	0.120158	0.0869684	0.0832528	0.0802968	0.0377195	0.0697833	0.0227568	0.0929492	0.111488	-0.0201012	0.0261805	-0.0103278	0.0262274	0.0766619	0.0929492	0.0644891	0.00367316	0.0868331	0.110902	0.107196	0.0763819	-0.0259694	0.0726314	0.0818547	-0.0386425	0.0371855	0.10907	-0.0314924	0.085423	0.0314801	-0.00385835	0.112391	0.0362132	0.0858177	0.0697833	0.0221058	0.0697833	0.0921637	0.120158	0.0722191	0.0348935	0.0480314	0.0793923	-0.0386425	0.0627682	0.110902	0.06529	0.00281004	0.103289	-0.00273122	0.0818547	0.0647634	0.0546346	-0.0103278	0.0774773	0.0499944	0.0618791	0.0904212	-0.0386425	0.107196	0.0818547	0.0174219	0.054043	-0.0155847	0.0311353	-0.0101906	0.0546346	-0.00487099	0.0818547	-0.00273122	0.104966	0.110902	0.06529	0.124836	0.0828206	0.0685829	0.0382863	0.0956027	0.0904212	0.0615684	0.112391	0.0166207	0.0762198	0.0411256	0.0652317	0.0662578	0.0531528	0.0591339	0.0152102	0.0683914	-0.0258539	0.0919259	0.0763819	0.0756508	0.149952	0.107196	0.0492476	0.0697833	0.0398697	0.0208366	0.0703664	0.148713	0.110315	0.109713	0.0842101	0.0546346	0.0539644	-0.0196169	0.0818342	-0.0133582	0.0688141	0.0174219	0.0591288	0.0683914	0.0953265	0.046283	0.0546346	0.0523228	0.0706627	0.106487	0.0177229	0.0956027	0.085423	0.119422	0.120158	0.107318	0.0128308	0.0904212	0.123357	0.0949862	0.112097	0.0546346	0.0618791	0.0480314	0.0698076	0.0200417	0.0118682	0.0768322	0.0929492	0.0371855	0.0842101	0.0523228	0.06529	0.11262	0.0227568	-0.0114272	0.0371855	0.10907	-0.0046442	0.132639	0.0658599	0.110776	0.0049743	-0.0300447	0.110315	0.0239704	0.115654	0.0828206	0.0239704	0.0615684	0.0371855	0.145917	0.0513287	0.113478	0.0793923	0.0350312	0.106487	0.0671213	0.0261159	0.0564639	0.0810265	0.0623179	-0.0196169	-0.0386425	0.0298726	0.0673308	0.0623179	0.0926145	0.112391	0.0499944	0.0348935	-0.0353937	0.0564639	0.0480444	0.0546346	0.0956027	0.0239704	0.101026	0.0348935	0.0766619	0.0360504	0.0791174	0.107196	0.0762609	-0.0136219	0.0511792	0.108437	0.0105911	-0.0386425	0.0221058	0.0949862	0.0262922	0.0878167	0.0891284	0.0762609	0.0897099	0.0578723	0.11939	0.086745	0.0152102	0.0878167	0.0618596	0.0178398	0.0511792	0.0878167	0.0823638	0.0697833	0.0523228
88000	intercept	0.823627	0.862602	0.847621	0.81458	0.842389	0.873569	0.827384	0.863816	0.797604	0.787265	0.807998	0.807812	0.852297	0.819205	0.817442	0.817502	0.767615	0.797702	0.830479	0.805074	0.776856	0.847946	0.814727	0.835744	0.85617	0.800315	0.81547	0.81458	0.790326	0.850225	0.807812	0.790014	0.801082	0.832949	0.845426	0.83151	0.830972	0.8944	0.832303	0.807719	0.840333	0.840812	0.819604	0.817704	0.830479	0.82911	0.842687	0.840982	0.849466	0.807812	0.81231	0.874624	0.841201	0.763899	0.863565	0.807998	0.802016	0.77619	0.795776	0.777157	0.844554	0.855938	0.842189	0.799983	0.864336	0.811139	0.822089	0.819106	0.830874	0.855197	0.807998	0.808952	0.788832	0.822235	0.770592	0.815564	0.886096	0.824919	0.829159	0.807812	0.79112	0.816432	0.822393	0.801925	0.79799	0.877184	0.82156	0.759613	0.804007	0.766799	0.863565	0.861119	0.812579	0.85376	0.853835	0.786018	0.833147	0.84497	0.839527	0.847946	0.813341	0.797897	0.854586	0.787265	0.807998	0.801857	0.77619	0.822386	0.788832	0.834039	0.840413	0.790338	0.831395	0.872127	0.822164	0.807291	0.843602	0.842687	0.852297	0.819995	0.825568	0.792449	0.790915	0.799983	0.809951	0.818353	0.836596	0.77018	0.868323	0.79477	0.807998	0.788832	0.829991	0.830479	0.854307	0.793089	0.842687	0.797156	0.811523	0.844913	0.802166	0.873778	0.842197	0.863565	0.800703	0.800371	0.848138	0.795776	0.848965	0.811977	0.857515	0.797702	0.787555	0.816558	0.853424	0.861119	0.833992	0.801813	0.83151	0.81554	0.766799	0.805826	0.847946	0.822089	0.847602	0.817442	0.853424	0.873569	0.830479	0.81547	0.841201	0.87782	0.796195	0.873569	0.850225	0.802294	0.875833	0.787265	0.807812	0.815516	0.822089	0.817704	0.763899	0.822089	0.78813	0.855197	0.834287	0.807719	0.841201	0.810823	0.767615	0.903174	0.841201	0.85617	0.842498	0.810758	0.828088	0.794058	0.863691	0.77018	0.838643	0.801266	0.801082	0.84616	0.801082	0.822516	0.881823	0.820694	0.820103	0.868323	0.766799	0.834039	0.873569	0.806851	0.790915	0.829159	0.800703	0.863565	0.791126	0.804007	0.763899	0.817912	0.816761	0.808952	0.807238	0.873569	0.794199	0.813402	0.812849	0.833992	0.800251	0.845001	0.814956	0.829324	0.807998	0.85617	0.814711	0.795287	0.805438	0.787265	0.856226	0.80585	0.822516	0.833992	0.775962	0.877184	0.841201	0.847946	0.807998	0.851602	0.818018	0.845001	0.850719	0.813402	0.821843	0.82911	0.807812	0.803263	0.826476	0.79882	0.787265	0.842687	0.815207	0.8443	0.85376	0.855984	0.830479	0.827771	0.761228	0.800631	0.81547	0.817502	0.877184	0.807812	0.801082	0.807812	0.791236	0.816432	0.820694	0.800703	0.859781	0.838193	0.815408	0.799837	0.818304	0.806851	0.801377	0.82564	0.800703	0.831957	0.768849	0.873569	0.797702	0.833992	0.807812	0.805086	0.81458	0.782262	0.807998	0.812634	0.795287	0.802104	0.861119	0.79882	0.766799	0.799123	0.763899	0.747279	0.810743	0.803959	0.795985	0.816432	0.792449	0.807998	0.805438	0.808952	0.818353	0.863565	0.81547	0.798755	0.816656	0.801563	0.801377	0.815516	0.817704	0.820463	0.841201	0.840333	0.820694	0.819363	0.853469	0.790326	0.830479	0.816515	0.840982	0.8944	0.820714	0.854586	0.783942	0.807812	0.854586	0.852642	0.820694	0.802195	0.808952	0.799123	0.811664	0.838193	0.789512	0.818423	0.838193	0.785552	0.81458	0.849466	0.831957	0.873569	0.829888	0.841561	0.85297	0.80362	0.806851	0.799983	0.819628	0.8944	0.785552	0.820694	0.807998	0.79882	0.854586	0.800587	0.816761	0.807812	0.834039	0.801082	0.811139	0.830479	0.863816	0.81887	0.796208	0.829427	0.873569	0.863565	0.816432	0.855938	0.807658	0.812171	0.830479	0.79882	0.857636	0.772784	0.822089	0.831678	0.788832	0.822164	0.842115	0.81887	0.777257	0.844554	0.807719	0.826108
89000	slope	-0.0150999	-0.00433542	0.0529717	0.0296893	0.0363163	-0.0386425	0.0569912	0.00688815	0.0798259	0.0538238	0.0716856	0.0440432	0.0371726	0.0710015	0.0536589	0.0799051	0.0798259	0.107769	0.062146	0.0204862	0.0536512	0.091668	0.107141	0.0737369	0.0821056	-0.00130978	0.0278888	0.091668	-0.0041411	-0.00354118	0.0634251	0.0248041	0.0416713	0.00242409	0.0282513	0.0780138	-0.051264	0.0806699	0.141816	0.017886	0.00470303	0.0730791	0.0585394	0.054256	0.0850456	0.0105155	0.0922746	0.00643998	0.0325032	0.00375848	-0.0561811	0.00260862	-0.00260977	0.054256	0.0102098	0.0620475	0.00878493	0.0822103	0.0983053	-0.0561811	0.110866	0.0263492	0.0217032	0.0110248	0.0246844	0.00643998	0.0412969	0.10674	0.110866	0.0115047	-0.00130978	0.0522114	0.0325032	0.0233971	0.0238102	0.0926961	0.00331015	0.0716883	0.0587188	-0.0561811	0.00643998	0.0108167	0.00643998	0.0581157	0.0402545	-0.0060214	0.083985	0.0448511	0.0799051	0.0545514	-0.0184828	0.0471359	0.0361613	0.0529717	0.0690435	0.00252906	-0.0184828	0.0620475	0.141704	0.083641	0.00228022	0.0545248	0.0387083	0.0587188	0.0839351	0.0282513	0.0539901	0.0973192	0.0620475	-0.0582831	0.0113647	-0.0191475	0.107769	-0.02041	0.0546148	0.118539	0.110866	0.00643998	0.0266822	0.0229498	0.0799051	0.0538238	-0.0268785	-0.0184828	0.054256	-0.00258932	0.00461557	0.0390952	0.0529717	0.0493296	0.0695447	0.0248568	0.0184117	0.0850456	-0.00978468	0.0719195	-0.00446856	0.0845694	0.0112984	0.0569912	0.141704	0.0157356	0.0217318	0.0799051	0.0620475	0.0797488	0.0710015	0.0953858	0.0780138	0.00205647	0.0168282	0.0569912	0.0826133	0.0392947	0.0799051	0.0827039	0.0845694	0.0810162	0.125251	0.107769	0.0282513	0.091668	0.0611528	0.00643998	0.0668014	-0.0561811	0.0474939	0.0172272	0.0363163	-0.00433542	-0.00306758	0.0363163	0.102627	0.0759445	0.0144055	0.0439948	0.0219375	0.018828	0.0922746	-0.0414784	0.067805	0.150197	0.0568864	0.0421438	-0.00433542	0.150197	0.10674	0.00242409	0.0141314	0.0839351	0.0529305	0.0494329	-0.0561811	-0.0717847	0.0668014	0.129144	0.017886	0.0428153	0.0662223	-0.0561811	0.0266822	0.0538238	0.0719195	0.0944791	0.0678872	0.096711	0.0376972	0.0087479	0.0417193	0.0538238	0.00643998	0.0293222	0.0429186	0.141704	0.0799051	0.000996951	0.0761823	0.0246844	0.107742	-0.0386425	0.0821056	0.0710015	0.0379826	0.0992384	0.0877722	0.0325032	0.0363163	0.0922746	0.107742	0.0715256	0.0973192	-0.0184828	0.0980318	0.0761823	0.0169986	0.0018724	-0.000527682	-0.0184828	0.0730791	0.0730791	0.0540826	0.0325032	0.0569912	0.0168282	0.0300305	0.102928	0.00828122	-0.0489206	-0.0304494	0.0729882	-0.0184828	0.0144541	0.0732729	0.0743637	0.0087479	0.0536512	0.0538238	-0.00130978	0.0992384	0.0230429	0.000996951	0.00461557	0.00613344	0.0185974	0.0538238	0.0799051	0.0806699	0.0821947	0.054998	-0.00433542	0.107141	0.00485983	0.0745942	-0.00433542	-0.00354118	0.0787299	0.0278888	0.0539901	-0.0254558	-0.0304494	0.0230429	0.0903102	0.00643998	0.00331015	0.0799051	0.00195123	0.0296893	0.0303517	0.0709616	-0.0254558	-0.00354118	-0.0254558	0.0587188	0.0379826	0.125251	0.0587188	-0.0561811	-0.00130978	-0.0440024	0.0529717	0.037364	0.0860914	0.0157356	0.0761823	0.0529717	0.0821947	0.0922993	-0.00381953	0.0265364	0.017886	-0.0254558	0.00252906	0.00242409	0.0799051	0.019289	0.00643998	0.0799051	0.0814657	0.0361613	-0.00725595	0.0168282	-0.00368134	0.080033	0.0556479	-0.00595526	0.0545963	0.0115047	0.0101402	0.0799051	0.0325483	0.0946959	0.0787299	0.0157356	0.0529717	0.0540011	0.0740428	0.00613344	0.0282513	0.0117458	0.0910897	0.0273719	0.0821056	0.0363163	0.00643998	0.0761823	0.0825424	0.0737536	0.0683204	0.0217032	0.0741906	0.0325032	0.0664356	0.0839351	-0.0184828	-0.0561811	-0.0534955	0.00643998	0.079828	0.00242409	0.0168282	-0.0747734	0.00765413	0.000277476	0.0529717	0.0632556	-0.0184828	0.064344	-0.0184828	0.0248041	-0.000541652	0.0766045	0.00461557	0.00375848	0.0141314	-0.0173977	0.0850456	0.0761823	0.102928	0.141704	-0.0561811	0.0266822	0.0926961	0.0204499	0.0109545	0.00331015	0.0850456	0.0243832	0.0121243	0.091668	0.0448511	0.0186595	0.0569912	0.0061459	-0.00354118	0.121492	0.0592976	0.0363163	0.0474939	0.00331015	0.0248568
89000	intercept	0.896385	0.836469	0.833875	0.878884	0.845295	0.907057	0.816079	0.838346	0.844423	0.823806	0.801721	0.80075	0.789156	0.792905	0.8191	0.858854	0.844423	0.821063	0.77171	0.852333	0.8084	0.818744	0.834825	0.854318	0.828644	0.875244	0.789156	0.818744	0.868612	0.810845	0.807222	0.785689	0.819981	0.813476	0.821041	0.818744	0.901141	0.855642	0.8036	0.869334	0.847715	0.802447	0.81617	0.828277	0.849187	0.876782	0.84665	0.866782	0.864293	0.880036	0.901141	0.855394	0.861283	0.830471	0.863397	0.799849	0.834845	0.859104	0.812171	0.891683	0.806145	0.840436	0.850807	0.869443	0.849123	0.841624	0.835037	0.783651	0.80725	0.831237	0.868226	0.834361	0.868281	0.82421	0.795704	0.808684	0.867951	0.859247	0.80498	0.901141	0.850896	0.859644	0.850812	0.799584	0.84421	0.884582	0.832004	0.805307	0.857864	0.837743	0.908473	0.863122	0.820752	0.832393	0.812719	0.861241	0.906274	0.799849	0.8036	0.840063	0.83175	0.840078	0.822639	0.82756	0.862057	0.789119	0.853174	0.831422	0.799849	0.90823	0.831237	0.885237	0.818956	0.875244	0.836217	0.789886	0.79444	0.850896	0.794275	0.831237	0.854318	0.823806	0.852579	0.906274	0.830471	0.813476	0.881462	0.792112	0.833875	0.837811	0.851283	0.859577	0.875244	0.849187	0.888457	0.803436	0.860035	0.781474	0.861283	0.810501	0.818768	0.885787	0.820437	0.829452	0.799849	0.805032	0.792905	0.827316	0.818744	0.820097	0.808741	0.810501	0.783446	0.819866	0.824392	0.85485	0.781474	0.832004	0.820097	0.818956	0.792112	0.818744	0.820927	0.866782	0.813535	0.894389	0.787961	0.870589	0.845295	0.852115	0.850896	0.845295	0.828625	0.854318	0.83665	0.835034	0.793235	0.819866	0.84665	0.901394	0.81856	0.800472	0.845543	0.832489	0.852115	0.8036	0.792058	0.818497	0.89074	0.8444	0.842058	0.810105	0.891683	0.914593	0.83342	0.839142	0.869334	0.841546	0.79319	0.891683	0.794275	0.823806	0.803436	0.793104	0.790086	0.812181	0.810159	0.839597	0.833631	0.823806	0.841624	0.798988	0.803818	0.808258	0.829452	0.818497	0.7951	0.859738	0.856462	0.907137	0.828644	0.792905	0.873792	0.85485	0.831009	0.868281	0.845295	0.868451	0.84665	0.819299	0.831422	0.906274	0.803143	0.805314	0.816248	0.818497	0.875244	0.906274	0.802447	0.802447	0.857086	0.864293	0.810501	0.808407	0.869724	0.805826	0.854375	0.901141	0.85325	0.825796	0.906274	0.892318	0.847288	0.801069	0.839597	0.8084	0.823806	0.875244	0.85485	0.856546	0.818497	0.889081	0.855476	0.835037	0.823806	0.834936	0.840104	0.783946	0.866461	0.852115	0.828234	0.849949	0.854318	0.852115	0.810845	0.772468	0.789156	0.857086	0.901141	0.85325	0.856546	0.818744	0.850896	0.867951	0.841087	0.876907	0.878884	0.877572	0.855642	0.901141	0.810845	0.901141	0.793467	0.873792	0.81606	0.82756	0.901141	0.868226	0.901141	0.833875	0.873312	0.836497	0.877572	0.796923	0.833875	0.783946	0.830911	0.869417	0.822125	0.869334	0.901141	0.861241	0.813476	0.832004	0.833327	0.889717	0.854318	0.832004	0.810366	0.861283	0.808407	0.829014	0.818118	0.803131	0.87947	0.830471	0.831237	0.816248	0.797701	0.823473	0.817076	0.772468	0.877572	0.833875	0.82756	0.823909	0.84421	0.821041	0.864805	0.835886	0.810366	0.828644	0.845295	0.841624	0.796923	0.793434	0.8142	0.832004	0.865519	0.855642	0.868281	0.823805	0.840204	0.9082	0.901141	0.891683	0.850896	0.808297	0.818497	0.828836	0.914593	0.829349	0.810845	0.833875	0.813535	0.906274	0.849677	0.906274	0.785689	0.808428	0.824989	0.881462	0.887124	0.89074	0.908473	0.8475	0.796923	0.814845	0.8036	0.900558	0.794275	0.803143	0.862653	0.855394	0.867951	0.849187	0.864293	0.856546	0.818744	0.805307	0.855186	0.810501	0.817982	0.810845	0.805736	0.80075	0.845295	0.787961	0.867951	0.855186
90000	slope	0.0264057	0.0133241	0.0941363	0.0336753	0.0581798	0.0852304	0.0442643	0.125314	0.0777134	-0.00637364	0.00377351	0.0794368	0.0630798	0.0402411	0.0325403	0.0241726	0.0325403	0.0188883	0.0317028	0.0998942	0.094403	0.0777134	0.0819468	0.0445587	0.0794256	0.0306845	0.0367486	-0.0183856	0.119676	0.058194	0.0366347	0.0437954	0.0357301	0.0863799	0.0325403	0.0329985	0.0471779	0.0786543	0.0635942	0.0486424	-0.0183856	0.0194584	0.0348457	0.083384	-0.0060217	0.0248946	0.0332336	0.0302385	0.0802039	0.0485645	0.0445477	0.0644666	0.0526575	0.0619849	0.0936931	0.0396684	0.0786543	0.0126448	0.0863799	0.00910406	0.0564568	0.111317	0.064638	0.0185149	0.0107117	0.0441035	0.0335255	0.0268306	0.00937154	-0.000392326	0.0863799	0.0302385	0.0536139	0.0323678	0.0898527	0.0898527	0.0499293	0.0912103	0.0185149	0.0268306	0.0940766	0.00937154	0.0332336	0.00377351	0.0816316	0.0437954	0.0302385	0.0813308	0.0733875	0.0302385	0.0268306	0.0302385	0.0325403	0.0247243	0.0507233	0.130885	0.0185149	0.0797786	-0.000211656	0.0526575	0.0526116	0.0396684	0.11399	0.0143206	0.035211	0.0402411	0.0185149	0.0803244	0.0575427	0.108804	0.0601477	0.0652315	0.0255561	0.0255287	0.0281807	0.0279544	0.130885	0.0538169	0.0526575	0.0138964	0.0260005	0.0533034	0.0855283	0.0793794	0.0325403	0.0352998	0.0776446	0.0736547	0.0191464	0.00619242	0.0185149	0.0441606	0.0512458	0.065711	0.0685471	0.0758426	0.0935467	0.0993315	0.0207328	0.0536139	0.0776446	0.0765767	0.0354484	0.0268306	0.0935467	0.0405799	0.0397901	0.0185149	0.030754	0.0185149	0.0181157	0.0492567	0.00619242	0.0538169	0.0133241	0.0181157	0.0227206	0.0288109	0.0194584	0.012928	0.0538169	0.0465115	0.0302385	0.0604502	0.0912103	-0.0183856	0.0536139	0.0885768	0.0986789	-0.0228548	0.0492567	0.0297687	0.0620899	0.0834858	0.0336753	0.0222077	0.0936931	0.0348457	0.0185149	0.0619849	0.0425934	0.0339418	0.084115	0.0669277	0.0302385	0.0688938	0.0138964	0.0794256	0.0228692	0.0601477	0.0492567	0.0465613	0.00937154	0.0442643	0.0302385	0.0216389	0.0970102	0.0836752	0.090029	0.0751323	0.101315	0.0318543	0.02989	0.029991	0.0993184	0.0181157	0.083384	0.0247243	0.0302385	0.019288	0.0589917	0.00377351	0.116525	0.0619849	0.108499	0.0816347	0.0252431	0.0657045	0.000921017	0.0252052	0.0935467	0.147226	0.0320583	0.0373966	0.0143206	0.00816084	-0.00373439	0.10208	0.0967417	0.0274487	0.0421794	0.0471283	0.101315	0.0793794	0.0619849	0.0816347	0.0816347	0.0240089	0.0105951	0.0395091	0.0630798	0.0248946	0.0421749	0.0222077	0.0990416	0.0513543	0.0620399	0.0816347	0.0390893	0.00377351	0.0905728	0.0816347	0.0222077	0.035663	0.130885	0.0320583	0.0852304	0.0325403	0.0320034	0.0133241	0.0442643	0.0328781	0.0133241	0.0339418	0.0149885	0.0357301	0.058194	0.0757514	0.0995652	0.0604502	0.0302385	0.0538169	0.0616951	0.0520749	0.0492567	0.0231194	0.0252052	0.0373719	0.0557782	0.0484777	0.0863799	0.0441035	0.0620899	0.0507233	0.0793794	0.0993184	0.0247243	0.0531801	0.0737037	0.0314879	0.0225313	-0.0228548	0.0208436	0.0117953	0.0166325	0.0302385	0.0208436	0.0601477	0.0590726	0.0366347	0.0185149	-0.000392326	0.0357301	0.0241726	0.0425934	0.0777134	0.0750328	0.0816347	0.0471779	0.0241726	0.0241726	0.0441035	0.0350037	0.1099	0.113408	0.0133241	-0.0183856	0.0836752	0.0347425	0.0484956	0.0605431	0.0605431	0.0208436	-0.00169484	0.0506892	0.0526575	0.0823716	0.02086	0.0777134	0.0281807	0.0498356	0.0816347	0.00992012	0.0733854	0.0628004	-0.0228548	0.0105951	0.066616	0.0604502	0.109197	0.0444539	0.0620592	0.02989	0.0444539	0.0970102	0.0431995	0.0757514	0.00619242	0.0377989	0.0836752	0.0194584	0.037752	0.0301496	0.0247243	0.0672095	0.0492567	0.101315	0.123241	0.0268306	0.078537	0.090029	0.0970102	0.0669682	0.0936931	-0.016047	0.0520749	0.0619849	0.0442643	0.0181157	0.0816347	0.044884	0.0798363	0.0320034	0.0339588	0.0794256	0.012928	0.0339588	0.0492567	0.0990416	0.0919152	0.0758426	0.0605337	0.0485645	0.0793794	0.0484956	0.0786543	0.0117953	0.0425934	0.0357293	0.0935467	0.101315	0.0765878	0.0207328	-0.0228548	0.00961361	0.0631587	0.0557115	-0.000953439	0.0351472	0.0635942
90000	intercept	0.82159	0.835893	0.798791	0.834158	0.810742	0.795237	0.813762	0.818744	0.80769	0.801381	0.866626	0.78966	0.859639	0.815125	0.849724	0.813341	0.849724	0.884331	0.80019	0.81114	0.850709	0.801246	0.815727	0.815588	0.847611	0.853755	0.866571	0.844013	0.818744	0.763731	0.872676	0.842157	0.82808	0.797637	0.851922	0.823828	0.826233	0.785648	0.811877	0.834158	0.84256	0.815202	0.8657	0.839027	0.82173	0.828882	0.802974	0.809301	0.852006	0.828882	0.830869	0.805451	0.858944	0.85197	0.798791	0.853681	0.785648	0.828882	0.797637	0.849741	0.837737	0.824701	0.795942	0.866047	0.844535	0.847214	0.836594	0.850524	0.854574	0.824315	0.797637	0.815125	0.858944	0.833496	0.793156	0.793156	0.806145	0.78966	0.877952	0.856836	0.793156	0.850208	0.826233	0.866626	0.793432	0.815647	0.809301	0.809433	0.804695	0.815125	0.863745	0.806769	0.849724	0.81389	0.794265	0.793897	0.870989	0.827779	0.807113	0.854323	0.830729	0.853681	0.810702	0.820618	0.817479	0.815125	0.870989	0.78966	0.817472	0.823271	0.839343	0.790272	0.864773	0.856283	0.851289	0.815507	0.793897	0.807851	0.858944	0.837454	0.841574	0.861994	0.807447	0.829514	0.851922	0.815125	0.83046	0.83056	0.82159	0.867706	0.870989	0.827254	0.810135	0.82609	0.828838	0.798453	0.804465	0.802794	0.823591	0.87667	0.820793	0.831553	0.826233	0.863745	0.810395	0.863315	0.824582	0.884331	0.841415	0.870989	0.823946	0.821838	0.867706	0.807851	0.835893	0.823946	0.866571	0.816467	0.815202	0.84321	0.807851	0.8248	0.815125	0.807409	0.78966	0.84256	0.851741	0.829514	0.823271	0.845507	0.821838	0.837454	0.829138	0.79617	0.834158	0.832985	0.798791	0.864789	0.870989	0.853892	0.828882	0.841574	0.78966	0.833381	0.830092	0.822577	0.837454	0.847611	0.863745	0.839343	0.821838	0.80824	0.846734	0.813762	0.815125	0.848267	0.818746	0.825974	0.7958	0.827621	0.818744	0.812838	0.815125	0.815125	0.821983	0.837398	0.839027	0.81389	0.809301	0.837454	0.804695	0.866626	0.810702	0.863835	0.813865	0.78966	0.813719	0.853892	0.899819	0.823946	0.810395	0.798735	0.850169	0.813478	0.805205	0.875171	0.866047	0.809597	0.821546	0.835988	0.873941	0.859639	0.828281	0.829514	0.85197	0.773508	0.81017	0.828882	0.81389	0.793918	0.859639	0.828882	0.866571	0.819194	0.813758	0.805451	0.796086	0.78966	0.834968	0.866626	0.802794	0.78966	0.819194	0.826984	0.793897	0.850169	0.795237	0.849724	0.795682	0.835893	0.796336	0.819727	0.841887	0.841574	0.884413	0.82808	0.775076	0.776686	0.807228	0.799103	0.809301	0.800617	0.87667	0.861994	0.821838	0.847187	0.823946	0.827254	0.792839	0.817956	0.797637	0.876239	0.829138	0.793726	0.829514	0.821983	0.812838	0.841437	0.814414	0.866571	0.822397	0.845507	0.83682	0.824163	0.819254	0.815125	0.83682	0.839343	0.840002	0.872676	0.877952	0.824315	0.82808	0.813341	0.828882	0.820216	0.810742	0.80252	0.826233	0.807106	0.815158	0.870601	0.875111	0.794223	0.834984	0.835893	0.84256	0.825974	0.809221	0.873941	0.865157	0.865157	0.83682	0.866626	0.80836	0.867731	0.82234	0.823205	0.80769	0.851289	0.792512	0.791339	0.824163	0.793156	0.802794	0.845507	0.81389	0.870601	0.799103	0.807941	0.820363	0.845794	0.815125	0.820363	0.818746	0.814658	0.776686	0.84321	0.87173	0.82511	0.82316	0.815588	0.832372	0.81389	0.816367	0.821838	0.817038	0.810702	0.860634	0.833849	0.7958	0.810539	0.836846	0.798791	0.801381	0.861994	0.844204	0.837301	0.821349	0.80252	0.842509	0.793432	0.795682	0.824009	0.837765	0.84321	0.824009	0.821838	0.80564	0.801917	0.798453	0.799596	0.821373	0.829514	0.873941	0.797637	0.83685	0.828882	0.803252	0.804465	0.818744	0.866779	0.823591	0.840976	0.867706	0.853892	0.811429	0.855791	0.863745	0.803736
91000	slope	0.0731763	0.0735473	0.0609043	0.0568772	-0.00586485	0.055948	0.049953	0.0824976	0.0137539	0.0137539	0.0507663	0.0193863	0.0456183	0.035465	0.0176091	0.0698152	0.0439616	0.0573453	0.0550586	0.0809902	0.056905	0.0781615	0.0222678	0.0113021	0.0781615	0.075732	0.0941909	0.114025	0.042485	0.0533613	0.0731404	0.0585948	0.0265236	0.0265236	0.0922697	0.0473244	0.0491357	0.0586465	0.0804368	0.0456183	0.0995464	0.0586465	0.0581788	0.0669972	0.0785541	0.0799538	0.0259108	0.0244925	0.0204816	0.0536963	0.0780469	0.0752656	0.124568	0.0771804	0.118046	0.0550586	0.00486088	0.120428	0.0735473	0.043558	-0.00724463	0.0421867	0.0411308	0.0703883	0.111319	0.0434317	0.0995464	0.106867	0.0709345	0.046904	0.0617671	0.0227332	0.0557696	0.0719127	0.0550586	0.0781615	0.0421867	0.000985834	0.0283131	0.0781615	0.0905738	0.128821	0.0301636	0.0259793	0.0476727	0.0641803	0.0058407	0.0673412	0.0550185	0.0176091	0.0641803	0.0905738	0.0465405	0.128478	0.078288	0.0338663	0.051773	0.0595309	0.0799538	0.0639049	0.0996976	0.0431738	0.085775	0.0176091	0.0442801	0.0058407	0.0641803	0.0734045	0.118046	0.0791259	0.0473739	0.0731763	0.0668223	0.111319	0.0117077	0.0579983	0.099237	0.0641803	0.06244	0.0933573	0.0614746	0.0191553	0.0272128	0.0491357	0.0301636	0.056905	0.0804948	0.0922697	0.11777	0.00349593	0.114988	0.0632516	0.0591562	0.0550904	0.0522641	0.0301636	0.107148	0.0058407	0.0494512	0.105527	0.0586465	0.0248337	0.0781615	0.0456183	0.111319	0.0360547	0.0614746	0.0058407	0.0606212	0.0799538	0.0410722	0.0454363	0.0248337	0.0434978	0.0861259	0.00349593	0.0613654	0.0259108	0.0411308	0.00674957	0.0176091	0.0586465	0.0752656	0.0460905	-0.0153971	0.0775384	0.00486088	0.0570279	0.0411488	0.0976774	-0.0287363	0.0731763	0.00119944	0.0507253	0.0265797	0.0657939	0.0168589	0.0729332	0.112025	0.0176091	0.0961453	0.0484356	0.0105937	0.0857914	0.00674957	0.0370582	0.118046	0.0816081	0.118046	0.0193863	0.099237	0.0621693	0.0941909	0.0536963	0.0491357	0.0809902	0.0473739	0.0641803	0.06244	0.0992564	0.0275347	0.068583	0.10174	0.115462	0.0702706	0.0799538	0.0791778	0.0579983	0.0458936	0.0187926	0.0614746	0.056905	0.0794615	0.0265236	0.0992564	0.051773	0.0521159	0.0370582	0.0322081	0.0799538	0.115462	-0.00951971	0.091607	0.0941695	0.0514156	0.0570279	0.0781615	0.102101	0.0961453	0.115462	0.0338922	0.0265236	0.0346959	0.0579983	0.0579983	0.0387432	0.0410599	0.068583	0.0485939	0.0137539	0.0781615	0.00349593	0.01392	0.00674957	0.0586465	-0.0129292	0.0490761	0.0646365	0.0411308	-0.00951971	0.0586465	0.0905738	0.0214768	0.0619305	0.124568	0.0751629	0.0781615	0.0176091	0.0641803	0.0432172	0.056905	0.0105937	0.0373411	-0.0245319	0.0550586	-0.00951971	0.0411488	0.049953	0.0107691	0.0560477	0.0534067	0.11439	0.0101527	0.00300904	0.0113021	0.0646365	0.0528455	0.0484739	0.00300904	0.128478	0.0456183	0.0407107	0.0490761	0.024753	0.0885194	0.128478	0.0687199	0.0961453	0.0485939	0.0624554	0.102324	0.0283131	0.0411488	0.0842229	0.043558	0.0176091	0.015597	0.049953	0.0500646	0.0799538	0.068583	0.0731404	-0.0260817	0.0614746	0.0456183	-0.0245319	0.0268947	0.06244	0.0484739	0.028192	0.0456183	0.085775	0.0456183	0.0107691	0.0586465	0.120092	0.0340019	0.0641803	0.120092	0.024753	0.0595309	0.0428749	0.00300904	0.0875817	0.0922697	0.0544001	0.0512531	0.0117077	0.0992564	0.0630064	0.0842229	0.0567067	-0.0261542	0.0719919	0.0340019	0.0413091	0.00840792	0.049953	0.0314231	0.0832224	0.0421867	0.075732	-0.0171627	0.105527	0.0786364	0.00674957	0.0411488	0.0421867	0.0663089	0.049953	0.0629021	0.118046	0.0951225	0.099237	0.0995464	0.102766	0.0507663	0.0641803	0.115462	0.044393	0.099237	0.116145	-0.0106797	0.118046	0.0905738	0.0995464	0.0297884	0.0748309	0.0345365	0.0490761	0.0614746	0.0360641	0.0163083	0.0382527	0.0472595	0.00674957	0.0460905	0.0265236	0.0738536	0.112041	-0.0026034	0.0334858	0.0824976	0.105407	0.00674957	0.0456183	0.0340778	0.00713145	0.0324698	0.00795742	0.00349593	-0.00822189	0.0421867	0.056905	0.01392	0.0550586	0.0536963	0.0416429	0.0643357	0.106867
91000	intercept	0.783175	0.809237	0.813938	0.835718	0.868965	0.831061	0.803652	0.841761	0.850834	0.850834	0.833887	0.847871	0.835206	0.827027	0.854292	0.798745	0.826832	0.820458	0.812227	0.86011	0.849706	0.799885	0.845176	0.883808	0.801417	0.816534	0.788777	0.811463	0.829982	0.810197	0.844066	0.846506	0.858077	0.850899	0.837357	0.837079	0.839061	0.820101	0.875139	0.835206	0.80825	0.832934	0.803351	0.799294	0.821998	0.840407	0.84312	0.817873	0.825942	0.796307	0.815545	0.816534	0.811463	0.807717	0.824248	0.81783	0.820081	0.811463	0.809237	0.826463	0.867206	0.831159	0.814512	0.8138	0.811463	0.856025	0.80825	0.784984	0.82105	0.822157	0.853678	0.839176	0.822222	0.821407	0.810573	0.822662	0.831159	0.819399	0.836336	0.815371	0.819231	0.815123	0.780133	0.839695	0.785987	0.818725	0.850834	0.818462	0.85083	0.854292	0.818725	0.824845	0.834529	0.811463	0.807717	0.857177	0.805999	0.800546	0.846813	0.821445	0.808635	0.797555	0.819792	0.876868	0.846685	0.850834	0.831471	0.796518	0.824248	0.821506	0.846506	0.783175	0.844066	0.811463	0.868804	0.844066	0.794817	0.808424	0.837469	0.79785	0.781282	0.819467	0.845547	0.852226	0.798007	0.849706	0.823501	0.846704	0.817933	0.84388	0.803321	0.816871	0.859688	0.882972	0.799734	0.798007	0.795018	0.850834	0.808533	0.796927	0.823375	0.866859	0.815371	0.835206	0.80779	0.837052	0.789517	0.850834	0.840172	0.855795	0.856553	0.822157	0.866859	0.828765	0.845696	0.85122	0.836919	0.84312	0.814512	0.84563	0.834923	0.82932	0.816534	0.837597	0.842164	0.809237	0.820081	0.820101	0.808533	0.772127	0.845212	0.783175	0.820081	0.852382	0.845176	0.809937	0.868694	0.818725	0.765779	0.854496	0.801767	0.829079	0.868048	0.801438	0.84563	0.864033	0.824248	0.82483	0.824248	0.847871	0.790796	0.835086	0.806711	0.796307	0.830647	0.853485	0.846506	0.808424	0.821506	0.816666	0.841906	0.80758	0.805797	0.811594	0.847831	0.840407	0.830541	0.844066	0.778334	0.876868	0.781282	0.849706	0.819186	0.839676	0.811764	0.805999	0.832394	0.864033	0.829928	0.840407	0.811594	0.832029	0.784465	0.871946	0.808424	0.820101	0.813206	0.760925	0.801767	0.811594	0.837052	0.842892	0.830647	0.844066	0.823234	0.823464	0.910189	0.804565	0.822076	0.850834	0.821563	0.84388	0.832855	0.84563	0.820101	0.843982	0.834883	0.801858	0.814512	0.845615	0.820101	0.819231	0.852012	0.798604	0.811463	0.805791	0.821563	0.847871	0.818725	0.771673	0.849706	0.868048	0.839396	0.875127	0.81783	0.835326	0.808533	0.810197	0.814858	0.828765	0.830107	0.799448	0.861931	0.874384	0.863939	0.801858	0.825407	0.810197	0.872364	0.811463	0.835206	0.7881	0.834883	0.831015	0.825448	0.811463	0.80805	0.817662	0.833064	0.823375	0.805797	0.836336	0.808533	0.835364	0.820179	0.879461	0.858912	0.810197	0.819049	0.81517	0.804565	0.835028	0.845212	0.785987	0.836838	0.875127	0.857417	0.828024	0.810197	0.79308	0.835206	0.819792	0.835206	0.820081	0.820101	0.817933	0.836613	0.808424	0.817933	0.838404	0.813621	0.7881	0.865572	0.790978	0.846704	0.812138	0.836592	0.868414	0.811764	0.805439	0.835364	0.796307	0.876101	0.837506	0.836613	0.831159	0.836336	0.823287	0.863339	0.813189	0.831159	0.812551	0.868965	0.796927	0.801815	0.842164	0.82447	0.831276	0.826465	0.810197	0.78949	0.81203	0.846506	0.794817	0.829243	0.801417	0.833887	0.808424	0.811594	0.840738	0.794817	0.805696	0.858146	0.81203	0.824845	0.80825	0.826857	0.801858	0.771673	0.834883	0.784215	0.842892	0.858169	0.852382	0.80986	0.84563	0.831519	0.842892	0.809237	0.792329	0.817873	0.812487	0.841761	0.768208	0.84563	0.835206	0.834504	0.839233	0.7881	0.850834	0.84388	0.839233	0.831159	0.849706	0.832855	0.80986	0.796307	0.827067	0.799158	0.784984
92000	slope	0.0194037	0.0354636	0.0213005	0.0213005	0.0402963	0.0323413	0.0516752	0.105446	-0.0109703	0.0780611	0.0315305	0.0201708	-0.00436102	0.028366	0.0232914	0.0894896	0.0750167	0.115926	0.0856323	0.0558476	0.0597408	0.0456374	0.0555016	0.0236802	0.111668	0.0839519	0.111585	0.0945966	0.0628159	0.0586891	0.0386995	0.0504763	0.0461555	0.115926	0.015597	0.0605617	0.0846207	0.07836	0.00246389	0.0421105	0.00816469	0.125394	0.00945241	0.0645553	0.0854382	0.0596377	0.0397627	0.0667868	0.0700601	0.0343892	0.112363	0.10722	0.0870975	0.0236876	0.0194762	0.0278465	0.0613155	0.0376205	0.0476244	0.0859856	0.0316014	0.0839568	0.0486062	0.0399212	0.0459395	0.0564789	0.0804916	0.0236876	0.0650913	0.0427706	0.0555601	0.0485808	0.0743804	0.0462152	0.0277967	0.00246389	0.0592795	0.0670632	0.00816469	0.0315305	0.0705889	0.0918694	0.0486062	0.0613155	0.0721875	0.0963677	0.0343968	0.0640958	0.0818363	0.0637037	0.0590908	0.0262384	0.0271789	0.0818363	0.0490089	0.0574077	0.0361643	-0.00638324	0.049953	0.0252188	0.00816469	0.0277376	0.0376205	0.0487791	0.0869641	0.113797	0.0461555	0.0361626	0.0397472	0.0780968	0.0863407	0.0645553	0.028366	0.0384703	0.0277967	0.0586891	0.00612509	0.0395928	0.0780968	0.0882245	0.0462152	0.103247	0.015597	0.102276	0.101743	0.0605557	-0.00933677	0.0257264	0.108837	0.028366	0.0343892	0.110999	0.0393469	0.0368459	0.0521012	0.0456374	0.0635886	0.102276	0.10722	0.0230447	0.0409016	0.0830314	0.00612509	0.0963677	0.0658288	0.0574077	0.0667868	0.102128	0.0347717	0.0696883	0.0168255	0.0304325	0.0459395	0.015597	0.0536187	0.0536416	0.0341561	0.0408164	0.0818363	0.0596377	0.0443547	0.00816469	0.0459395	0.0750521	0.0668738	0.0849416	-0.0218447	0.105872	0.0586891	0.00321468	0.0555016	0.0652876	0.0721862	0.0536416	0.112363	0.0350441	0.0427706	0.0416993	0.0592795	0.0194762	0.122322	0.0263015	0.0847849	0.0267573	0.0188278	0.0461026	0.0490089	0.0109017	0.0555555	0.0623824	0.0308646	0.0832874	0.0613155	0.0963677	0.0501257	0.0323942	0.056905	0.0232211	0.0304325	0.0175092	0.028366	0.0558476	0.0667868	0.00425321	0.0347783	0.0596377	0.0483914	0.0933198	0.00816469	0.0885952	0.0227038	0.10449	0.0194037	0.0645553	0.0315305	0.0832874	0.104267	0.0427706	0.113797	0.0545431	0.0885952	0.0282182	0.0555555	0.148258	0.028366	0.0175092	0.103247	0.115926	0.058401	0.0504935	0.0592795	0.0613432	0.0574077	0.0175092	0.0521012	0.0400845	0.011514	0.00275799	0.100094	0.0470617	0.0555555	0.016157	0.0416642	0.0271789	0.0882245	0.0502777	0.10449	0.113797	0.0610923	-0.00465505	0.0346157	0.0867827	0.0459395	0.10722	0.0774317	0.0555555	0.0376205	0.0213005	0.07554	0.0376205	0.100094	-0.0108836	0.0368459	-0.00638324	0.0700601	0.11996	0.00472532	0.0555016	0.10449	0.0504763	0.0818363	0.0818363	0.00612509	0.0503125	0.103288	0.0521012	0.00612509	0.0596377	0.0853338	0.113797	0.112363	0.0315305	0.0545431	0.0504763	0.0863407	0.106441	0.0504935	0.0487791	0.101507	0.0459395	0.0446855	0.117156	0.0545431	0.0596377	0.0281678	0.0609103	0.0462152	0.0586891	0.0172356	0.10449	0.122162	0.0257264	-0.00547397	0.0592795	0.0206191	0.0474637	0.0596377	0.0432091	0.0596377	0.125394	0.0506853	0.0606183	0.00816469	0.0208642	0.0656958	0.0462152	0.119123	0.0371152	0.0121084	0.0892097	0.0304325	0.0586891	0.0393469	0.00275799	0.0844323	0.0882245	0.105872	0.0673586	0.0555016	0.0335761	0.00612509	0.0899943	0.0574156	0.0846207	0.0765191	0.015597	0.10449	0.0685554	0.0536187	0.0459395	0.0342427	0.0961361	-0.0109703	0.0206191	0.10449	0.0294782	0.11996	0.0667868	0.00612509	0.0368459	0.0537141	0.0667868	0.0301703	0.0221182	0.0721875	0.0640958	0.126608	0.0275774	0.0121084	0.056905	0.0392013	0.0335973	0.110999	0.0592795	0.0232355	0.0371152	0.119123	0.0570408	0.028366	0.0916236	0.0613155	0.0497314	0.0613155	0.0780611	0.125394	-0.0235378	0.0194762	0.0232355	0.100094	0.107277	0.0411465	0.0427706	0.0533201	0.102128	0.015597	0.0933198	0.113734	0.0236876	0.0933198	0.00321468	0.0462152	0.0158187	0.0818363	0.0517087	0.085527	0.0846207	0.0262384	0.0592795	0.0641717	0.0916236
92000	intercept	0.850331	0.788707	0.874099	0.874099	0.83924	0.835723	0.847106	0.804548	0.86376	0.78836	0.840695	0.820304	0.870633	0.851336	0.813055	0.82826	0.817347	0.797329	0.826869	0.844924	0.838776	0.840598	0.826531	0.779324	0.81405	0.828276	0.83907	0.799773	0.804215	0.867696	0.793263	0.843623	0.852465	0.798597	0.879035	0.838001	0.811337	0.813854	0.877084	0.794244	0.865718	0.793278	0.845176	0.847922	0.80703	0.807543	0.818745	0.786498	0.796256	0.835386	0.83907	0.83907	0.804548	0.846852	0.822941	0.874099	0.838001	0.794361	0.845788	0.822833	0.831387	0.839345	0.857724	0.782353	0.831091	0.818014	0.820164	0.846852	0.863218	0.830145	0.790267	0.786638	0.847922	0.830469	0.831387	0.877084	0.821965	0.780821	0.863679	0.840695	0.835766	0.825743	0.856734	0.838001	0.834682	0.82679	0.874367	0.828486	0.798763	0.833664	0.808599	0.790416	0.870082	0.771216	0.867804	0.837144	0.856618	0.874771	0.796116	0.821969	0.858928	0.860035	0.792293	0.831735	0.804713	0.800315	0.852465	0.815476	0.817878	0.813087	0.805846	0.847922	0.850206	0.798111	0.831387	0.867696	0.814505	0.848435	0.811864	0.830855	0.815089	0.824477	0.877084	0.789449	0.856196	0.80342	0.848076	0.829849	0.843623	0.851153	0.835386	0.798159	0.787144	0.821489	0.795718	0.840598	0.819785	0.789449	0.83907	0.818745	0.856156	0.814361	0.804554	0.83369	0.844852	0.837144	0.786498	0.811863	0.819076	0.8174	0.855858	0.835948	0.841888	0.877084	0.826761	0.82469	0.830145	0.859715	0.776473	0.807543	0.848023	0.87946	0.845788	0.803409	0.830528	0.839754	0.854759	0.817521	0.863218	0.820038	0.833624	0.804215	0.846628	0.82469	0.83907	0.873867	0.830145	0.820754	0.828941	0.822941	0.838307	0.889401	0.847106	0.85544	0.8276	0.821883	0.867804	0.814505	0.804215	0.820495	0.848206	0.856196	0.838001	0.825258	0.821504	0.865011	0.858394	0.813055	0.830471	0.867554	0.851336	0.844924	0.786498	0.877084	0.876826	0.807543	0.809954	0.784693	0.858928	0.83369	0.864757	0.808432	0.850331	0.847922	0.840695	0.856196	0.782858	0.830145	0.800315	0.784383	0.83369	0.802443	0.804215	0.816462	0.851336	0.867554	0.824477	0.796718	0.796116	0.798026	0.828941	0.809757	0.8195	0.867554	0.808065	0.847756	0.836458	0.815997	0.819653	0.793579	0.804215	0.775502	0.828941	0.870082	0.83369	0.807947	0.808432	0.804173	0.835545	0.870633	0.882787	0.791148	0.845788	0.83907	0.805846	0.804215	0.794361	0.874099	0.807751	0.794361	0.819653	0.86376	0.822264	0.86376	0.796256	0.827926	0.799489	0.833624	0.808432	0.843623	0.798763	0.798763	0.814505	0.811863	0.81202	0.795718	0.797659	0.807543	0.87011	0.799024	0.83907	0.840695	0.778276	0.843623	0.802465	0.788528	0.798026	0.831735	0.809014	0.841888	0.821489	0.788528	0.78733	0.807543	0.858555	0.783408	0.815089	0.863218	0.845026	0.808432	0.828887	0.827707	0.865589	0.828941	0.818795	0.823885	0.807543	0.845026	0.807543	0.793278	0.826204	0.817368	0.863679	0.91308	0.828486	0.815089	0.828182	0.867813	0.855303	0.799773	0.835948	0.867696	0.787144	0.815997	0.793375	0.83369	0.817521	0.835766	0.804628	0.832169	0.797659	0.843125	0.804215	0.811337	0.835766	0.877084	0.808432	0.794243	0.826761	0.840995	0.819589	0.809014	0.860245	0.818795	0.808432	0.855403	0.83907	0.786498	0.815997	0.833812	0.804215	0.786498	0.858555	0.839579	0.834682	0.828486	0.805846	0.813971	0.855303	0.875358	0.822215	0.855942	0.803388	0.828941	0.846558	0.867813	0.828182	0.883508	0.851153	0.805846	0.838001	0.856734	0.832988	0.78836	0.793278	0.874968	0.822941	0.871264	0.82092	0.839854	0.840695	0.830145	0.838251	0.811863	0.877084	0.771322	0.788528	0.846852	0.784693	0.804668	0.809857	0.80902	0.798763	0.847449	0.81405	0.811337	0.790416	0.828283	0.783731	0.805846
93000	slope	0.0557795	0.0634368	0.10082	0.00513543	0.0625808	0.0827374	0.0568564	0.0702977	0.0766002	0.0267921	0.0626338	0.0099403	0.0248616	0.0449429	0.0634368	0.10381	0.0435347	0.10782	0.0766002	0.0766002	-0.0103389	0.0621642	0.0426686	0.0555011	0.122353	0.122336	0.107734	0.0681946	0.0609075	0.0356225	0.0591613	0.0570788	0.0720888	0.0796626	0.0557795	0.0173543	0.0571592	0.10782	0.0613858	0.0654091	0.0413394	0.0408718	0.0837879	0.0755379	0.0709459	0.0720543	0.0520913	-0.0268233	0.0486123	0.0616396	0.0116135	-0.00726025	0.12381	0.0701167	0.09791	0.0801471	0.0786472	0.0261826	0.0449429	0.0464802	0.0591478	0.0839091	0.0573619	0.118779	0.113339	0.101305	0.0627861	0.0487669	0.0882662	0.0549937	0.00666015	0.0374215	0.0882662	0.0604817	0.0995716	0.0379996	0.020881	0.0766002	0.149875	0.0557795	0.0557795	0.0494254	0.09791	0.0577998	0.0193011	0.12065	0.0452755	0.0431642	0.0370734	0.012293	0.0396359	0.0565816	0.125259	0.0952454	0.0328088	0.0796224	0.106482	-0.0268233	0.0730533	0.0408718	0.0500481	0.0316453	0.0634368	0.0403094	0.101305	0.0500967	0.0160686	0.114308	0.0481089	0.0328088	0.0500481	0.089427	0.0713406	0.137632	0.0275823	0.12237	0.0310918	0.0770087	0.0570788	0.106784	0.0378744	0.0668134	0.0275823	-0.0325611	0.0759169	0.0613858	0.0602302	0.0275823	0.10381	0.111824	0.0503727	0.035273	0.0676749	0.11113	0.0271417	0.0727776	0.0606029	0.0573619	0.0675525	0.102479	0.063266	0.0236081	0.0591613	0.0822034	0.000902114	-0.0122148	0.0727776	0.122336	0.0573619	0.0995716	0.063266	0.0059495	0.0545044	0.0575149	0.0149414	0.111448	0.0606029	0.0625461	-0.00413566	0.0236081	0.0315523	0.0328088	0.10782	0.0449429	-0.0325611	0.0481089	0.0481089	0.0993487	0.0675194	0.0566832	0.0389086	0.0668134	0.0557795	0.0960983	0.0636858	0.063266	0.0636858	0.0766002	0.0704858	0.0273819	0.0393142	0.0256114	0.0774367	0.0176379	0.0505432	0.0389852	0.0561281	0.0553428	0.0838948	0.0591613	0.0206886	0.0583943	0.0229979	0.0481089	0.0882662	0.0535134	0.0364245	-0.0141783	0.0224769	0.0557802	0.0413394	0.0728223	0.0720543	0.0553345	0.0636858	0.108694	0.0629693	0.09791	0.063454	0.0561281	0.0995716	0.0914504	0.0435347	0.0770421	0.0683496	0.0774367	0.047754	-0.00726025	0.11113	0.11113	0.10082	0.0617727	0.0535663	0.0503727	0.0651442	0.056692	0.0259559	0.0557795	0.101305	0.0382509	0.0456364	0.064555	0.0561281	0.0720543	0.0634368	0.0654091	0.0168286	0.0256114	0.0724359	0.0852251	0.0960983	0.0766002	-0.00413566	0.0785895	0.0654091	0.0738517	0.063454	0.0743664	0.0720543	0.0475869	0.101305	0.0509347	0.0654091	0.0950924	0.122221	0.0654091	0.0391945	0.0561281	0.0701167	0.137632	0.0314868	0.130315	0.0733121	0.0553345	0.0839091	0.0561281	0.122336	-0.000968921	0.0834877	0.0766002	0.0513521	0.0502509	0.0370734	0.0636858	-0.0379518	0.0524505	0.0236081	0.0625808	0.0408718	0.11113	0.0486168	0.0561281	0.0710093	0.0245197	0.0634368	0.120193	0.0606029	-0.00726025	0.0275823	0.0710276	0.0626338	0.131981	0.0978611	0.137632	0.00513543	0.0766002	0.0993552	0.00925531	0.11113	0.0561281	0.0978611	0.0561393	0.0366263	0.0445014	0.106784	0.0435894	0.0275823	0.105266	0.0561281	0.0644992	0.0450275	0.0625808	0.0408718	0.0370734	0.121147	0.0995716	0.0914504	-0.0268233	0.101305	0.0215372	0.0445014	0.124397	0.0464743	0.0766002	0.0683496	0.0576505	0.0838948	0.0573619	0.0636858	0.0275823	0.0709941	0.0625808	0.0766002	0.0259559	0.137632	0.0766002	0.047754	0.0494254	0.0605861	0.0738517	0.05862	0.0203694	0.124397	0.083125	0.0636858	0.0738517	0.0442626	-0.0249363	0.0412268	0.0314012	0.0796626	0.0700928	0.0260476	0.003135	0.0208225	0.0766002	0.0328088	0.0413394	0.0802135	0.0353588	0.0884597	0.0777896	0.0625808	0.0507566	0.0994191	0.016275	0.0431226	0.137632	0.0898481	0.0279202	0.11089	0.0449429	0.0396359	0.0636858	0.122204	0.0770421	0.0654091	0.0274914	0.0113508	0.035273	0.120193	0.0413394	0.12065	0.115728	0.0398076	0.0894074	0.0256114	-0.0122148	0.0413394	0.0222038	0.0358122	0.035273	0.0382509	0.0617727	0.0435894	0.056692	0.0353588	0.0374215	0.0796224	0.0720543
93000	intercept	0.858274	0.836975	0.779828	0.805608	0.835961	0.819971	0.860776	0.82277	0.81821	0.805608	0.816699	0.815291	0.839684	0.851801	0.809423	0.815636	0.836651	0.757144	0.837485	0.821418	0.856175	0.829056	0.852969	0.828104	0.78794	0.786178	0.792425	0.82599	0.804074	0.887567	0.840339	0.836614	0.806892	0.819653	0.8326	0.838294	0.809545	0.757144	0.817658	0.826504	0.836614	0.852559	0.813988	0.857932	0.810196	0.857285	0.861942	0.846821	0.84539	0.819117	0.891121	0.859462	0.826641	0.821687	0.817656	0.820641	0.809902	0.852559	0.848866	0.831142	0.82962	0.799099	0.830737	0.799157	0.784114	0.80697	0.805614	0.841075	0.84744	0.825095	0.868044	0.851801	0.84744	0.816699	0.821209	0.841102	0.860341	0.819971	0.77987	0.852663	0.852663	0.830117	0.826641	0.826095	0.887567	0.820114	0.823355	0.830737	0.814854	0.816823	0.891749	0.818881	0.78189	0.806282	0.816615	0.813727	0.794655	0.846821	0.804595	0.852559	0.867695	0.844753	0.807917	0.8569	0.804156	0.828362	0.851341	0.802948	0.873557	0.816615	0.874165	0.799321	0.836443	0.77987	0.887567	0.788945	0.8569	0.801898	0.836614	0.847313	0.838694	0.849694	0.887567	0.884688	0.774125	0.817658	0.852663	0.88501	0.815636	0.779828	0.835427	0.832127	0.816699	0.793839	0.831487	0.797411	0.84955	0.815001	0.847888	0.826146	0.857932	0.874861	0.840339	0.844933	0.844165	0.832678	0.797411	0.786178	0.830737	0.821209	0.857932	0.837437	0.81163	0.821348	0.891749	0.794655	0.83027	0.810857	0.84063	0.874861	0.818772	0.816615	0.757144	0.851801	0.884688	0.873557	0.860341	0.831668	0.824799	0.847137	0.81488	0.849023	0.852663	0.819914	0.816487	0.857932	0.810091	0.819971	0.832076	0.832127	0.827696	0.842507	0.82241	0.888104	0.861154	0.810882	0.83332	0.806948	0.814393	0.840339	0.838877	0.813342	0.87742	0.860077	0.84744	0.815567	0.802544	0.839485	0.827696	0.835433	0.836614	0.824306	0.857285	0.862449	0.816487	0.779828	0.827319	0.826641	0.795408	0.833409	0.821209	0.817071	0.844464	0.810325	0.840241	0.820334	0.820448	0.868044	0.793839	0.793839	0.779828	0.830737	0.851801	0.829448	0.837807	0.829056	0.897809	0.852663	0.80697	0.871065	0.818187	0.826095	0.850824	0.857285	0.807917	0.826504	0.840341	0.846088	0.808244	0.801652	0.805173	0.83173	0.839684	0.844933	0.826504	0.804595	0.795408	0.831668	0.847155	0.830117	0.80697	0.880088	0.814301	0.80697	0.807914	0.826504	0.793581	0.835076	0.821687	0.77987	0.874861	0.784114	0.864574	0.862449	0.799099	0.83332	0.786178	0.852132	0.859614	0.83105	0.82578	0.860776	0.827696	0.816487	0.891466	0.836181	0.874861	0.835961	0.852559	0.798308	0.836651	0.83332	0.797411	0.82585	0.836975	0.810912	0.834821	0.859462	0.892834	0.828871	0.816699	0.771637	0.793346	0.77987	0.805608	0.81821	0.793839	0.847241	0.793839	0.822731	0.793346	0.831473	0.877773	0.85035	0.83173	0.851181	0.887567	0.810912	0.833409	0.835718	0.842235	0.835961	0.852559	0.811592	0.820114	0.821209	0.821209	0.838434	0.800949	0.823251	0.85035	0.835907	0.820389	0.809675	0.840241	0.830117	0.814393	0.830737	0.812416	0.887567	0.816487	0.835961	0.809675	0.897809	0.77987	0.83105	0.814957	0.829036	0.834909	0.810245	0.840241	0.837437	0.830096	0.825604	0.816699	0.804595	0.807219	0.846014	0.82578	0.863682	0.818277	0.841021	0.848314	0.852132	0.845613	0.84744	0.816615	0.836614	0.847155	0.834918	0.826641	0.816699	0.835961	0.82578	0.829914	0.889751	0.863535	0.772826	0.806508	0.860105	0.779828	0.851801	0.891749	0.813958	0.779828	0.810325	0.817751	0.851941	0.892631	0.82449	0.810912	0.836614	0.820114	0.788945	0.836019	0.832592	0.846088	0.861757	0.836614	0.841102	0.860161	0.832127	0.867557	0.830737	0.839579	0.829056	0.834918	0.851801	0.813727	0.837798
94000	slope	0.029713	0.0695726	0.0653125	0.102951	0.0739858	0.0266675	0.0654082	0.0519897	0.0843434	0.0240289	0.024439	0.0597281	0.0303806	0.0757832	0.0643541	0.0420605	0.0738219	0.0519897	0.0475554	0.0882498	0.056061	0.0468836	0.0619903	0.0361777	0.116617	0.0695726	0.0653112	0.0418909	0.0217816	0.0341019	0.0668152	0.0356969	0.0468836	0.0617839	0.0903516	0.0411096	0.0760329	0.0244445	0.0607938	0.0653125	0.0741356	0.0862767	0.0555185	0.0411743	0.0805996	0.0571441	0.0439951	0.0317798	0.0525947	0.0583484	0.0940775	0.0498846	0.0819224	0.0805996	0.0371357	0.0617839	0.0535333	0.0399241	0.0581958	0.0516259	0.0176559	0.0440479	0.0484918	0.0506786	0.0439951	0.038273	0.0178741	0.0443069	0.0256118	0.0554151	0.0498846	0.0757217	0.0704358	0.0521553	0.0166462	0.0251533	0.0521553	0.0432511	0.056061	0.0885317	0.0392644	0.0722414	0.068455	0.0646378	0.042913	0.0186817	0.08848	0.0665662	0.071728	0.115073	0.0242811	0.055706	0.0370896	0.0615077	0.105689	0.0657624	0.0498846	0.0739879	0.067114	0.0651924	0.073425	0.056279	0.0592557	0.0506135	0.0418909	0.0146264	0.0519897	0.0228365	0.0498846	0.106072	0.0686048	0.0462369	0.0580695	0.0199712	0.0240289	0.0563225	0.0592557	0.0673395	0.0735734	0.0948797	0.0771697	0.117633	0.0284195	0.0460773	0.0199463	0.0712148	0.0199712	0.0632752	0.0500241	0.0443069	0.0238761	0.0530201	0.0535333	0.0366805	0.0241179	0.0814384	0.0256118	0.0657624	0.0376614	0.0458838	0.0735696	0.0440837	0.0646606	0.0264774	0.103503	0.0232232	0.0301903	0.0855026	0.0698644	0.0805996	0.0793431	0.064498	0.0657624	0.0643367	0.0500241	0.111411	0.0788792	0.029713	0.0554151	0.0843434	0.0493962	0.103503	0.0652574	0.0553444	0.0805666	0.0823761	0.0442115	0.0983874	0.00730059	0.0538979	0.0259787	0.0361777	0.109269	0.006033	0.0804441	0.0176758	0.0799733	0.0860939	0.0563225	0.0443069	0.0264774	0.0670546	0.0553444	0.0149704	0.047297	0.0498846	0.0640731	0.0554151	0.0922485	0.0735696	0.0498846	0.0484918	0.0356969	0.0434034	0.0857133	0.0446333	0.0251533	0.0610594	0.0443069	0.0398991	0.0381443	0.0791938	0.0271844	0.0513534	0.0538979	0.0895195	0.0248876	0.0458838	0.0666286	0.0498846	0.0712148	0.0264774	0.0646818	0.103503	0.0554151	0.0712148	0.0657624	0.040441	0.0563225	0.0458838	0.0553444	0.0351604	0.0746396	0.0519897	0.0625808	0.0940775	0.0891362	0.0689374	0.0439951	0.0189494	0.0493962	0.0519897	0.086251	0.0493962	0.0508084	0.0747589	0.0302996	0.0519897	0.0680544	0.0604165	0.0535333	0.0525947	0.0440479	0.0819054	0.0553444	0.0641151	0.0181809	0.0730908	0.070304	0.024439	0.0302996	0.0516259	0.0625808	0.0341019	0.0131675	0.0610594	0.0535333	0.0241179	0.0264774	0.0805996	0.0903516	0.0475554	0.0715586	0.0443069	0.0554151	0.0256118	0.0244445	0.0302996	0.0742501	0.0855026	0.0244445	0.0256118	0.0468836	0.105689	0.0836429	0.0266675	0.0560294	0.0458838	0.0610594	0.0471144	0.08848	0.0290259	0.0192474	0.0153786	0.0857133	0.0868676	0.0256118	0.0608355	0.0439951	0.0843434	0.0210622	0.0512193	0.113253	0.0712148	0.0519897	0.0746396	0.0146264	0.0922485	0.0198717	0.0493962	0.0704358	0.0251533	0.0704358	0.0111961	0.0443806	0.0161693	0.0743741	0.066707	0.0805995	0.0574712	0.0812827	0.0651924	0.0678946	0.0841744	0.056279	0.0657624	0.074095	0.113253	0.0458838	0.0519897	0.0251533	0.0704358	0.0996358	0.0458838	0.0717775	0.102482	0.0400567	0.0857133	0.0689374	0.0732766	0.102144	0.0707031	0.0805996	0.0799733	0.0271844	0.029713	0.0538979	0.036827	0.0418909	0.0554151	0.0943222	0.0256118	0.05752	0.0493962	0.0401649	0.0995371	0.0519897	0.0799733	0.0521553	0.0797661	0.0735734	0.0746396	0.006033	0.0516259	0.0553444	0.0406638	0.111411	0.0938265	0.0862767	0.0248876	0.0685637	0.095653	0.0508084	0.0365107	0.0626349	0.0496778	0.0418909	0.0451685	0.0506786	0.0705026	0.0833653	0.0855026	0.0538979	0.0251533	0.0525947	0.0735696	0.0471144	0.0357507	0.0735696	0.0506135	0.072532	0.0533319	0.0793431	0.0493962	0.0738219	0.109269	0.0539217	0.0742218	0.0862767	0.0418909	0.0497507	0.0760329	0.0418909	0.0426949	0.0862767	0.0624055	0.0819054	0.0239972	0.0146264	0.0735734
94000	intercept	0.871083	0.828626	0.795936	0.786723	0.832583	0.826016	0.815807	0.832153	0.831459	0.876936	0.838277	0.837383	0.826016	0.835265	0.835455	0.803446	0.831181	0.832153	0.835673	0.807199	0.820034	0.81534	0.831791	0.812926	0.809657	0.828626	0.835455	0.814476	0.823591	0.816967	0.837758	0.852487	0.820332	0.835014	0.825101	0.870255	0.865469	0.880711	0.810003	0.795936	0.808447	0.824592	0.833867	0.807488	0.846311	0.832153	0.814234	0.803263	0.820029	0.850751	0.799774	0.799047	0.824592	0.835566	0.850272	0.835014	0.829869	0.858567	0.837758	0.793601	0.824926	0.808578	0.839717	0.831444	0.814234	0.828414	0.876936	0.820109	0.818783	0.843005	0.797054	0.825693	0.822153	0.795936	0.866697	0.860385	0.795936	0.838448	0.820034	0.834013	0.798484	0.826446	0.832853	0.820771	0.814905	0.820596	0.83642	0.838402	0.807411	0.791824	0.843005	0.830164	0.797754	0.812038	0.845509	0.826987	0.799047	0.873226	0.817291	0.828069	0.838686	0.828599	0.794371	0.807488	0.814476	0.885827	0.813407	0.85305	0.799047	0.814548	0.863929	0.845291	0.835455	0.839257	0.876936	0.818913	0.81873	0.819978	0.843005	0.828803	0.834678	0.839836	0.8585	0.838231	0.825399	0.828626	0.839257	0.862998	0.866723	0.846444	0.839433	0.827565	0.825232	0.822282	0.867803	0.847132	0.823591	0.835455	0.803446	0.793601	0.816399	0.813166	0.826625	0.829224	0.800283	0.882512	0.796647	0.751324	0.827054	0.845201	0.849177	0.820807	0.831181	0.836119	0.866723	0.799765	0.80767	0.871083	0.843005	0.844495	0.834292	0.800283	0.835455	0.826738	0.834678	0.827115	0.854328	0.808142	0.886912	0.800184	0.821744	0.812926	0.797896	0.861801	0.820815	0.812926	0.853544	0.830204	0.858962	0.830522	0.829224	0.812352	0.826738	0.840899	0.848194	0.810704	0.793611	0.852585	0.823785	0.816399	0.797054	0.839717	0.861414	0.786839	0.824592	0.794528	0.8585	0.837758	0.816272	0.803446	0.84629	0.827261	0.868414	0.843005	0.833867	0.799587	0.822478	0.793601	0.759573	0.804223	0.828626	0.829224	0.836756	0.800283	0.843005	0.828626	0.831181	0.807488	0.850523	0.78969	0.815091	0.86832	0.828626	0.832153	0.807727	0.806719	0.844652	0.843081	0.814234	0.809029	0.833699	0.832153	0.807411	0.834292	0.829869	0.872276	0.840177	0.832153	0.794426	0.843005	0.829869	0.820029	0.808578	0.821047	0.826738	0.812926	0.818163	0.833162	0.802258	0.840899	0.827631	0.793601	0.790522	0.816967	0.864233	0.847453	0.814976	0.867803	0.829224	0.835566	0.825101	0.835673	0.843795	0.831751	0.843005	0.820846	0.873648	0.838661	0.834678	0.764502	0.873648	0.790565	0.829584	0.829448	0.837526	0.826016	0.816606	0.786127	0.837758	0.822153	0.832242	0.845388	0.886912	0.864233	0.824592	0.775795	0.823591	0.844946	0.814234	0.831459	0.82795	0.819716	0.797957	0.828626	0.837897	0.828626	0.877947	0.823785	0.807514	0.834292	0.822153	0.86059	0.822153	0.85592	0.835673	0.854328	0.835566	0.820029	0.821676	0.86832	0.835566	0.843976	0.821474	0.837409	0.818609	0.831181	0.835566	0.797957	0.793601	0.832153	0.8585	0.822153	0.79576	0.793601	0.821676	0.774403	0.803446	0.824592	0.843081	0.827054	0.830799	0.826613	0.83311	0.853544	0.868414	0.866252	0.801785	0.799047	0.819683	0.843005	0.844652	0.82611	0.808636	0.834292	0.844309	0.824592	0.832153	0.863334	0.795936	0.821209	0.843005	0.828626	0.856578	0.793601	0.826738	0.815749	0.799765	0.821867	0.824592	0.822478	0.829549	0.833572	0.829869	0.840899	0.761978	0.826738	0.819683	0.808636	0.831444	0.827261	0.830079	0.764502	0.833867	0.86059	0.820029	0.846196	0.822153	0.85608	0.816399	0.807488	0.827261	0.794371	0.833572	0.834292	0.831181	0.797896	0.866862	0.833572	0.824592	0.819683	0.830356	0.865469	0.835673	0.861221	0.824592	0.863929	0.830204	0.822478	0.877947	0.843005
95000	slope	0.066811	0.0698877	-0.00740396	0.0731543	0.0544429	0.0255159	0.115193	0.0792602	0.0189499	0.041325	0.0930066	0.101829	0.0802047	0.0126559	0.0190935	0.0988866	0.0304887	0.0231611	0.0520478	0.0771947	0.0568955	0.0789708	0.0227366	0.0287751	0.0166181	0.0568687	0.0667926	0.0686641	0.00125985	0.0477391	0.0740055	0.0190935	0.0707282	0.00501335	0.0431823	0.0738836	0.019509	-0.00170652	0.106855	0.0991115	0.0496737	0.0685842	0.0496737	0.0581581	0.0620983	0.0716375	0.0735666	0.0525418	0.0458879	0.0663959	0.0619183	0.0190935	0.00125985	0.0577944	0.0679814	0.112767	0.0342096	0.0482401	0.0496737	0.0311373	0.019509	0.0575157	0.0786571	0.0544478	0.0536055	0.0436634	0.101829	0.0663208	0.0568189	0.0342096	0.0231611	0.070304	0.109977	0.0506786	0.0539746	0.0806653	0.0562288	0.070304	0.0801943	0.0217899	0.0780434	0.0904646	0.103845	0.110525	0.00125985	0.00804883	0.019509	0.103632	0.0075855	0.0474126	0.056956	0.042011	0.0144345	0.066811	0.00125985	0.0739867	0.0719705	0.103655	0.0286239	0.0676526	0.070304	0.0521997	0.09582	-0.00655995	0.0492434	0.0452473	0.0342096	0.056402	0.0733668	0.0540932	0.0326681	0.0136202	0.00125985	0.00146188	0.0515522	0.0579534	0.0771947	0.03431	0.0766254	0.0479253	0.0386841	0.0798983	0.0839775	0.019905	0.0234677	0.0676526	0.0811914	0.000699799	0.0337039	0.0301644	0.0452473	0.0715032	0.0559163	0.020902	-0.00425112	0.11091	0.0342096	0.0428371	0.0190935	0.0509552	0.0461822	0.0562288	0.0113467	0.0458879	0.0458879	0.0435202	0.00178593	0.0441703	0.00501335	0.0506786	0.0676526	0.0458879	0.0396236	0.0192467	0.0771947	0.0369566	0.125594	0.0255541	0.00125985	0.0792602	0.0548973	0.0787053	0.0461822	0.0342096	0.0167364	0.0876704	0.0166181	0.070304	0.105036	0.0645167	0.0461822	0.0512003	0.0190935	-0.0165597	0.0136202	0.0220394	0.0525418	0.0679814	0.0231611	0.00405461	0.0226121	0.0912131	0.101829	0.0262564	0.0458879	0.0458879	0.0252597	0.070304	0.0497719	0.0461822	0.00653737	0.0548973	0.057828	0.0680953	0.0461862	0.00236391	0.0236454	0.0974766	0.0682846	0.0458879	0.0541027	0.0705533	0.0458879	0.0964125	0.0414001	0.0798983	0.0136202	0.0458879	0.019509	0.00236391	0.0226121	0.0320405	0.048995	0.0076366	0.0320405	0.0904646	0.0379466	0.0407778	0.103655	0.0568189	0.0801943	0.112767	0.0600736	0.0609285	0.0972935	0.0128836	0.0167364	0.1033	0.0458879	0.00125985	0.0461822	0.09582	0.0458879	0.048995	0.0190935	0.0075855	0.0447155	0.0780517	0.0978298	0.0251077	0.0396236	0.089774	0.106063	0.0749744	0.0541027	0.0829658	0.0504851	0.0379466	0.0595767	0.0234677	0.0496737	0.0497719	0.103563	0.070304	0.0613752	0.019509	-0.0133243	0.0492434	0.0675554	0.104394	0.09582	0.124825	-0.0093124	0.0949278	0.066811	0.0756862	0.0692468	0.0496737	-0.00332882	0.115193	0.070304	0.0506786	0.0192467	0.106063	0.0839775	0.0113467	0.0320405	0.0262564	0.0228159	0.103011	0.00125985	0.019509	0.0322634	0.0692468	0.0926963	0.0687306	0.0663959	-0.00666752	0.0839775	0.0336086	0.0668644	0.01679	0.00867638	0.0177732	0.0348583	0.0391169	-0.00502924	0.00884803	0.0301644	0.0243069	0.0497719	0.0834163	0.0597829	0.0713606	0.057828	0.062457	0.0933752	0.066108	0.0396236	0.0541027	0.0738836	-0.00710892	0.0733668	0.0839775	0.00125985	0.0726696	0.0461822	0.0835945	0.0798983	0.0835945	0.0075855	0.0568189	0.0336086	0.0591159	0.066108	0.0452473	0.0220819	0.0497719	0.0771947	0.0707282	0.0798983	0.0511931	0.0496737	0.0629956	0.0665414	0.0717314	0.0717314	0.0497719	0.0269428	0.0684941	0.0102702	0.0785134	0.0202287	0.00517217	0.0102702	0.0676526	0.0458879	0.0919624	0.0652564	0.089774	0.0715274	0.0192467	0.0711786	0.0269428	0.0511931	0.0236454	0.0377747	0.0706619	0.0476091	0.0559163	0.0455389	0.0190935	0.119824	0.0379466	0.070304	0.103406	0.0771947	0.0113467	0.00661841	0.106063	0.0447155	0.0629956	-0.0101662	0.0838152	0.0379466	0.0102702	0.0396236	0.0342096	0.108752	0.0780285	0.0247278	0.0354981	0.0278085	0.0696447	0.017386	0.111408	0.0456859	0.1033	0.0665414	0.0336086	0.070304	0.0562288	0.0350809	0.0388402	0.0202204	0.0436634	0.09582	0.0452473	0.062457	0.0441703
95000	intercept	0.856961	0.822454	0.856949	0.80866	0.847489	0.845545	0.796566	0.820327	0.852147	0.839304	0.808862	0.816781	0.823677	0.836061	0.862851	0.8251	0.760103	0.86149	0.851262	0.817461	0.858333	0.828414	0.851499	0.840379	0.851499	0.830854	0.838664	0.827596	0.837451	0.843633	0.832187	0.833383	0.831462	0.890433	0.833402	0.824872	0.832297	0.831557	0.806865	0.830517	0.842418	0.821335	0.822675	0.839446	0.837786	0.829802	0.825594	0.853084	0.840379	0.821905	0.846433	0.868235	0.831436	0.819642	0.85088	0.821893	0.833724	0.848736	0.842418	0.847172	0.832297	0.862888	0.836707	0.79813	0.840565	0.830787	0.816781	0.823929	0.847402	0.833724	0.86149	0.825347	0.807807	0.763987	0.837881	0.838153	0.825226	0.825347	0.824824	0.822711	0.865627	0.825165	0.819221	0.830517	0.841902	0.847599	0.832297	0.8251	0.841027	0.829825	0.7958	0.850287	0.855528	0.838664	0.848308	0.777421	0.846441	0.804893	0.830296	0.779331	0.811738	0.837343	0.82128	0.8607	0.894625	0.855651	0.833724	0.861995	0.800066	0.826345	0.851445	0.820804	0.841902	0.869787	0.831246	0.830466	0.817461	0.796047	0.824274	0.866561	0.8401	0.791201	0.815944	0.867103	0.838122	0.777421	0.823435	0.83661	0.825076	0.862192	0.855651	0.839124	0.820256	0.843647	0.848666	0.798781	0.83396	0.840379	0.862851	0.805905	0.847594	0.825226	0.87258	0.840379	0.825939	0.872198	0.86809	0.817111	0.890433	0.763987	0.777421	0.847489	0.849138	0.825515	0.820327	0.839412	0.822459	0.870345	0.837451	0.820327	0.800275	0.844434	0.847594	0.833724	0.828715	0.813228	0.84108	0.809681	0.824936	0.833291	0.849631	0.847605	0.862851	0.860507	0.820804	0.866711	0.853084	0.85088	0.86149	0.85194	0.821907	0.8251	0.816781	0.858566	0.82887	0.836721	0.820804	0.811738	0.841813	0.849631	0.848152	0.800275	0.833291	0.808318	0.828182	0.854155	0.847619	0.810781	0.840565	0.826056	0.821276	0.817912	0.836721	0.819848	0.845474	0.774338	0.805533	0.826056	0.832297	0.855068	0.821907	0.874387	0.845474	0.890433	0.885133	0.825165	0.828128	0.879715	0.804893	0.847402	0.824824	0.821893	0.763987	0.821905	0.8251	0.813841	0.8463	0.819729	0.847605	0.831436	0.849631	0.809546	0.836721	0.845474	0.862851	0.841027	0.858684	0.846441	0.82128	0.777253	0.849138	0.83781	0.822513	0.840485	0.824833	0.82103	0.847605	0.828128	0.828346	0.838122	0.842418	0.843489	0.807428	0.811738	0.858179	0.832297	0.870115	0.894625	0.842457	0.82324	0.805011	0.803679	0.841902	0.788997	0.838179	0.825232	0.836502	0.842418	0.841902	0.796566	0.809681	0.8102	0.825515	0.816781	0.81917	0.880465	0.874387	0.858566	0.862851	0.831041	0.841902	0.832297	0.863976	0.838819	0.81975	0.830892	0.821905	0.8567	0.820907	0.832297	0.830931	0.867103	0.841902	0.834917	0.838948	0.84118	0.860507	0.816082	0.851487	0.820804	0.841813	0.811405	0.776436	0.791201	0.833291	0.856961	0.816319	0.82324	0.864634	0.821276	0.824872	0.85194	0.801139	0.815944	0.83661	0.840485	0.858652	0.810928	0.812062	0.824922	0.824239	0.847402	0.832297	0.864943	0.82324	0.855651	0.832297	0.841813	0.820327	0.836818	0.791201	0.861102	0.837951	0.801298	0.778785	0.82324	0.82324	0.849187	0.862851	0.839615	0.818683	0.801139	0.844426	0.843731	0.818683	0.777421	0.847605	0.836707	0.820256	0.83781	0.831189	0.834129	0.852314	0.862851	0.861102	0.846018	0.863861	0.827535	0.815219	0.820256	0.876507	0.862851	0.803679	0.828128	0.811738	0.811863	0.820327	0.881004	0.863387	0.822513	0.858684	0.800427	0.83661	0.820327	0.828128	0.818683	0.849138	0.833724	0.844375	0.819376	0.851487	0.757125	0.832297	0.861102	0.85194	0.802728	0.830467	0.819729	0.7958	0.832297	0.812605	0.825226	0.86149	0.851487	0.882533	0.842406	0.805011	0.855651	0.856961	0.817111
96000	slope	0.0975145	0.0102088	0.047695	0.0304773	0.0945338	0.0887026	0.0898758	0.0230564	0.0592305	0.0431663	0.109076	0.103471	0.0762832	0.0330643	0.0435275	0.0658167	0.038268	0.0110762	0.0412851	0.0887026	0.103123	0.0664125	0.0670964	0.0904993	0.0348513	0.0833808	0.115113	0.079889	0.0544809	0.078594	0.0571254	0.105488	0.0701239	0.0685218	0.0892454	0.0531625	0.00615751	0.0353931	0.108578	0.0454113	0.104817	0.0585945	0.0614943	0.0110293	0.0491954	0.0804331	0.0470447	0.0850466	0.0540728	0.0184331	0.131308	0.0829843	0.0609079	0.0703952	0.00723991	0.0695699	0.0230564	0.0655191	0.100817	0.0348513	0.0105218	0.038268	0.105488	0.105491	0.0230564	0.129653	0.0955634	0.103042	0.0454136	0.055926	0.0245414	0.072921	0.0892454	0.122184	0.0670745	0.0717794	0.112973	0.0954971	0.0491983	0.0894689	0.0604413	-0.0139088	0.0184429	0.0894689	0.0137342	0.072457	0.03325	0.0916729	0.0614943	0.137015	0.0970423	0.0651876	0.0652746	0.0999283	0.00596505	0.0781195	0.0746854	0.104593	0.055926	0.0129262	0.0208316	0.101642	0.137015	0.0667071	0.054067	-0.00236218	0.0238871	0.0820986	0.00813952	0.0804331	0.0104387	0.0804331	0.0184331	0.0894689	0.0374476	0.0245626	0.0615973	0.105491	0.0873171	0.038268	0.0238871	0.0104387	0.107282	0.0835191	0.0473411	0.105491	0.085049	0.0614943	0.0813245	0.10618	0.0831884	0.0904993	0.0252901	-0.00778822	0.0614943	0.0703952	0.0458879	0.0282949	0.0626007	0.0463285	0.105491	0.0925728	0.0300922	0.00813952	0.105491	0.0878857	0.115113	0.0422367	0.109076	0.0365619	0.0666921	0.0586739	0.0564232	0.0887026	-0.000565469	0.0616724	0.0807064	0.0498556	0.0717794	0.0220522	0.0415424	0.0582979	0.0105218	0.0883001	0.0878857	0.0667071	0.0878857	0.0703952	0.0651557	0.0550553	0.049902	0.0431663	0.0728524	0.108639	0.0491954	0.0480287	0.00723991	0.0397868	0.0349602	0.0963433	0.109664	0.0101421	0.0150058	0.0458879	0.0813245	0.0148592	0.0819359	0.0472085	0.0586739	0.0282949	0.0130541	0.0748041	0.0817816	0.0992166	0.0550553	0.0516642	-0.00778822	0.0631442	0.0908723	0.127707	0.0992166	0.0588711	-0.00668165	0.0469705	-0.00236218	0.0140595	0.0704418	0.0105274	0.104817	0.0571254	0.114719	0.0878857	0.0113054	0.0579688	0.0223133	0.110552	0.100641	0.0526512	0.0540728	0.0925728	0.0463285	0.038268	0.0916729	0.0142738	0.0374476	0.0809976	0.0526512	0.0878857	0.0616444	0.114719	0.0832661	0.0208316	0.0804331	0.0110293	0.0960412	0.0924634	0.0809976	0.0795329	0.0375234	0.0478043	0.0832661	0.0498556	0.0454113	0.0807064	0.100641	0.0673876	0.0910909	0.0670964	0.0207659	0.0650794	0.0317373	0.0977853	0.109456	-0.0139088	0.0503947	0.0626007	0.112973	0.0666239	0.0113054	0.0422367	0.0761879	0.0511286	0.0225716	0.0655191	0.0317373	0.0463285	0.0878857	0.072921	0.00952469	0.0878857	0.0775318	0.0832661	0.107408	0.0829843	0.0597354	0.0454113	0.0345544	0.0876788	0.104817	0.0992687	0.0895892	0.00818136	0.0142738	0.024205	0.038268	0.0454113	0.0571254	0.054067	0.0511286	0.0645634	0.0571254	0.100817	0.115113	0.0161827	0.0495988	0.0458879	0.0374476	0.105491	0.0970423	-0.00668165	0.0452411	0.0720032	0.038268	0.0655191	0.10618	0.0349602	0.0666921	0.0458879	0.108639	0.0658167	0.0804331	0.0676715	0.0578475	0.0208316	0.103994	0.0894689	0.128319	0.0498556	0.0586739	0.0764189	0.0767133	0.0458879	0.0873171	0.0615973	0.0893664	0.100817	0.0469705	0.0431663	0.0882525	0.100817	0.0431663	0.0252901	0.122976	0.0652746	0.0828976	0.0538266	0.0208316	0.00620043	0.0809976	0.0894689	0.0672987	0.0652746	0.0317373	0.0954971	0.0317373	0.122976	0.0564232	0.0098852	0.049902	0.0880845	0.00813952	0.072457	0.0995099	0.122976	0.0150058	0.112973	0.0670964	0.105491	0.00723991	0.0992166	0.0804331	0.109076	0.0737832	0.0571254	0.0995099	0.0447719	0.0451216	0.102637	0.105491	0.0775918	-0.0139088	0.038268	0.0424196	0.0747759	0.0878857	0.105491	0.122184	0.104817	0.0804331	0.0261809	0.0652746	0.0431663	0.038268	0.0431663	0.0737832	0.105491	0.0609079	0.0802448	0.0640275	0.105491	0.0447981	-0.00809064	0.0878857	0.0447981	0.104817	0.100817	0.0571254	0.0633887	0.0155495	0.137015
96000	intercept	0.821639	0.840855	0.84404	0.850217	0.820895	0.812921	0.808307	0.846341	0.799891	0.872139	0.814485	0.79708	0.806817	0.847616	0.780905	0.849678	0.831773	0.8582	0.835752	0.806597	0.819994	0.820074	0.829474	0.814624	0.872553	0.798657	0.816352	0.819893	0.819568	0.797172	0.852692	0.828499	0.823239	0.847021	0.808307	0.839249	0.853543	0.827417	0.819571	0.809819	0.801125	0.813662	0.835752	0.853543	0.822492	0.789808	0.827774	0.794094	0.841057	0.868188	0.781157	0.823771	0.800275	0.792335	0.853543	0.832301	0.852429	0.835341	0.821979	0.872553	0.847635	0.833683	0.828499	0.799061	0.846341	0.793235	0.817535	0.829346	0.818062	0.833498	0.867373	0.781499	0.808307	0.833751	0.862571	0.803463	0.810973	0.805666	0.82896	0.774661	0.797421	0.884913	0.866434	0.774661	0.838056	0.79236	0.846929	0.807359	0.839689	0.765896	0.825299	0.823629	0.894362	0.816135	0.868188	0.846939	0.821146	0.832972	0.826183	0.857475	0.861566	0.824915	0.765896	0.820767	0.852248	0.894623	0.857354	0.799008	0.860291	0.789808	0.85602	0.789808	0.868188	0.77967	0.847414	0.883588	0.840801	0.799061	0.838028	0.849016	0.857354	0.85602	0.836502	0.797429	0.833974	0.799061	0.846939	0.839689	0.827851	0.770524	0.820074	0.814624	0.866298	0.877377	0.835744	0.780919	0.846929	0.846614	0.827902	0.800671	0.799061	0.80014	0.857182	0.860291	0.799061	0.805915	0.816352	0.855661	0.802212	0.809819	0.824926	0.827891	0.817442	0.806597	0.871248	0.814967	0.853514	0.823529	0.803463	0.867128	0.820465	0.87548	0.847635	0.864147	0.805915	0.820767	0.798891	0.780919	0.83553	0.819261	0.826373	0.872139	0.813152	0.799061	0.815704	0.840801	0.853543	0.847854	0.846341	0.837936	0.841622	0.872142	0.888479	0.846929	0.827851	0.860291	0.815338	0.827417	0.829449	0.846614	0.825989	0.810124	0.856222	0.820895	0.815459	0.823275	0.877377	0.82449	0.819094	0.79699	0.820895	0.837952	0.854643	0.852969	0.894623	0.870596	0.824665	0.839464	0.801125	0.836069	0.833777	0.805915	0.854895	0.829474	0.839464	0.798657	0.807785	0.829474	0.841057	0.80014	0.800671	0.849016	0.807359	0.860291	0.847414	0.846079	0.829474	0.810087	0.82449	0.83737	0.79236	0.861566	0.789808	0.853543	0.794094	0.844961	0.846079	0.862036	0.872142	0.813914	0.79236	0.800601	0.809819	0.861862	0.807785	0.803463	0.817625	0.829474	0.853437	0.84404	0.853465	0.77265	0.766381	0.884913	0.847414	0.827902	0.810973	0.796477	0.865783	0.857847	0.870003	0.826079	0.852881	0.835341	0.853465	0.800671	0.798891	0.781499	0.835246	0.805915	0.822097	0.79236	0.822714	0.823771	0.840801	0.809819	0.809819	0.846079	0.811827	0.827255	0.850637	0.878618	0.860291	0.856078	0.846889	0.809819	0.832667	0.852248	0.826079	0.78623	0.834381	0.821979	0.816352	0.809139	0.827417	0.840801	0.847414	0.799061	0.825299	0.854643	0.787879	0.816286	0.849016	0.835341	0.770524	0.839367	0.824926	0.838056	0.799061	0.829474	0.789808	0.779461	0.836069	0.886869	0.798199	0.774661	0.829346	0.800601	0.827891	0.829474	0.83553	0.846929	0.838028	0.840801	0.843556	0.821979	0.852969	0.872139	0.834248	0.821979	0.872139	0.866298	0.817788	0.894362	0.852988	0.841114	0.886869	0.867373	0.84679	0.774661	0.818019	0.894362	0.853465	0.815807	0.855645	0.817788	0.817442	0.856078	0.840801	0.793448	0.860291	0.79236	0.808307	0.817788	0.888479	0.810973	0.833182	0.799061	0.853543	0.820895	0.789808	0.814485	0.849344	0.836069	0.808307	0.787879	0.860039	0.776641	0.80881	0.808307	0.884913	0.849016	0.849772	0.856905	0.798891	0.804172	0.833751	0.801125	0.789808	0.861566	0.894362	0.872139	0.86023	0.872139	0.849344	0.804882	0.800275	0.798891	0.844322	0.799061	0.845392	0.894623	0.805915	0.850639	0.811259	0.821979	0.836069	0.829084	0.872142	0.765896
97000	slope	0.0544418	0.0475602	-0.00378868	-0.0397418	-0.00413125	0.0120938	0.033807	-0.00348909	0.0306545	0.0376513	0.0302865	0.0124256	0.111248	0.0432949	0.0183659	0.00831362	0.00982424	-0.0226244	-0.0250024	-0.0457122	0.0852423	0.00656649	0.0192686	0.0579931	0.0230215	0.0444538	0.0754608	0.0073574	0.0918375	-0.018749	0.0903952	0.0657295	0.0175556	0.10213	-0.0154394	0.077647	0.096541	0.0305578	0.0516041	0.0747466	0.0238046	0.0548455	0.0544558	0.0421099	-0.00726759	0.0449561	0.0235664	-0.0097018	-0.0510425	0.0328358	0.026667	0.044585	-0.00434605	0.00634333	0.00982424	-0.0263659	0.0282889	0.0589509	-0.00316042	0.0867905	0.039892	0.0486686	0.111248	0.0127861	0.00339891	0.0579931	0.0410203	0.0597842	0.043691	0.0149418	0.023381	0.00540096	0.0810242	0.00739564	0.046928	0.0805226	0.0220936	0.104656	0.0463942	0.0110178	0.0149418	0.0763463	0.00683366	0.0412134	0.0343423	0.0720667	-0.00726759	-0.0181942	0.0727517	0.000155232	0.0555647	0.089421	-0.0157274	0.054718	-0.00494526	-0.0412977	0.104817	0.00633861	0.0450432	0.0316217	0.0435226	0.0862397	0.0696645	0.0151985	-0.00348909	0.111248	0.0376093	0.00982424	-0.00348909	0.0544558	0.0727517	0.0449561	0.0475602	-0.0299108	0.0523809	0.0622306	0.000727173	-0.00372671	0.0120938	-0.0154394	0.0579931	0.0120938	0.028366	0.020516	-0.00494526	0.000906105	0.0516041	-0.0114975	0.032937	0.0657295	-0.00250496	0.0629414	0.0435226	0.096541	0.0745038	0.0468056	0.089046	0.0416082	0.0401972	0.0560003	0.0499628	0.0862397	0.126509	0.0987035	-0.00772749	0.0733642	0.0718438	0.0745038	0.05963	0.0443	0.0271038	0.105662	-0.00316042	0.0763463	-0.0250024	0.0435226	-0.0343486	-0.0273413	0.039892	0.0275405	0.0343423	0.039892	0.0535933	0.125871	0.0622306	0.0676207	0.00738959	0.0406629	-0.0303896	0.0733642	-0.0250024	-0.0212321	0.0183659	0.105256	0.0836355	-0.0141732	0.0435226	0.0149418	0.026322	0.089421	0.036479	0.049761	-0.0299108	0.086948	0.0488929	0.0192686	0.0231377	0.0309625	0.0443673	0.0231377	0.101287	-0.0226244	0.0440227	0.0544558	-0.0273413	0.0837826	0.0167383	0.00831362	0.0376445	0.0343423	0.0183659	0.0318348	0.0204048	0.0166058	0.0491229	0.127463	0.0734164	-0.0140125	-0.0343486	-0.00494526	0.0987035	0.103351	0.084055	0.096541	0.0428913	-0.0412977	0.0212506	0.0527828	0.084055	-0.0226244	0.0443061	0.089421	0.113622	0.028366	0.0110178	0.105662	-0.00494526	-0.0157274	0.0475602	0.05963	0.0152804	0.00677647	0.0875989	0.023966	0.0237054	-0.0397418	0.0015159	-0.0338883	0.0282422	0.0240533	-0.0212321	-0.00372671	0.111248	-0.00348909	0.084055	-0.0187946	0.0733642	0.0238046	0.00540096	-0.018749	0.05963	0.0805226	-0.00348909	0.0183659	-0.0221282	0.0306463	0.00540096	-0.00372671	-0.00883471	0.0987035	-0.00883471	-0.0154394	0.0183659	0.0309625	-0.0457122	-0.0154394	-0.0273413	0.089421	-0.0237899	0.05963	0.100277	0.105256	0.0396389	0.0452603	-0.0115006	-0.00726759	-0.0334994	0.0152804	-0.0097018	0.0167976	0.0284196	0.0435226	0.0543102	-0.0291868	0.0763463	0.0657295	0.0551591	0.0475602	0.00921954	0.0994278	-0.0273413	0.00540096	-0.0291868	0.103351	0.0445632	0.05963	0.00831362	0.119904	0.0231377	0.0655323	0.0285908	-0.00413125	0.0306463	0.0763463	0.0932413	-0.0212321	0.0015159	0.0449561	0.0534077	0.05963	0.0774938	0.0499628	0.0818316	0.0396389	0.0184393	-0.0226244	-0.046685	0.05963	0.0528775	-0.00434605	0.111653	0.0240533	0.122809	-0.0221282	0.0435226	0.111653	0.0745038	0.096541	0.0173806	0.028366	0.0683043	0.0391427	0.132605	0.113622	0.0834526	0.00766097	-0.010263	-0.00654794	0.0994278	0.0658733	0.0745038	0.0343423	0.0285908	0.145746	-0.0181942	0.0544558	0.0862397	0.0880917	0.0343423	0.0449561	0.0462042	0.122809	0.125871	0.0220936	0.0449561	0.113622	-0.0221282	0.00246963	0.0352629	-0.00794727	-0.0343486	0.00683366	0.0137901	0.0541635	0.0852423	-0.0412977	0.0515521	0.0475602	0.0306463	0.0184393	0.0805226	0.0994141	-0.0157274	0.0103701	0.0655323	0.0235664	-0.0457122	0.0124256	0.0475602	0.0475602	-0.0097018	0.0223032	0.0891871	-0.0382989	-0.0273413	-0.0092358	0.0977981	0.077647	0.0490455	0.0903952	0.0212506	0.0110178	0.0525713	0.00982424	0.0184393	-0.0303896	-0.0291868	0.0475602	-0.0250024	-0.0157274
97000	intercept	0.850784	0.804349	0.85794	0.862099	0.858064	0.858308	0.847809	0.889112	0.81967	0.817076	0.855011	0.833103	0.79911	0.850125	0.866794	0.84792	0.866794	0.891293	0.850526	0.874946	0.820352	0.866322	0.844367	0.839717	0.842777	0.855864	0.800059	0.871354	0.829273	0.853577	0.78059	0.844464	0.865752	0.82606	0.84631	0.819741	0.823621	0.839754	0.844151	0.817621	0.861974	0.847333	0.852201	0.850288	0.857128	0.845839	0.874067	0.842391	0.879568	0.838273	0.833413	0.852197	0.858064	0.834913	0.862476	0.884551	0.830062	0.838641	0.848125	0.838515	0.847052	0.82881	0.794235	0.860754	0.848125	0.836255	0.831634	0.842399	0.822538	0.854909	0.874067	0.905853	0.845897	0.896369	0.824968	0.796282	0.874742	0.801482	0.830245	0.840563	0.874906	0.845897	0.822989	0.862206	0.826174	0.82464	0.857128	0.846273	0.817537	0.840855	0.828105	0.833059	0.843585	0.83323	0.860344	0.845671	0.818005	0.887447	0.804852	0.840855	0.844164	0.829267	0.870524	0.823795	0.891618	0.800883	0.859509	0.866794	0.889112	0.852201	0.838276	0.844151	0.813647	0.869187	0.887504	0.831454	0.876576	0.85474	0.858308	0.84631	0.836255	0.858308	0.826109	0.873116	0.866563	0.885552	0.847686	0.853142	0.851622	0.844464	0.854845	0.829411	0.843284	0.823621	0.829411	0.851812	0.853164	0.832777	0.847656	0.823533	0.842218	0.820717	0.825707	0.799073	0.877848	0.844464	0.817486	0.842761	0.836741	0.844164	0.85707	0.828683	0.848125	0.845897	0.838697	0.831963	0.886824	0.874003	0.856138	0.874742	0.834704	0.847052	0.849582	0.793668	0.831454	0.816089	0.825136	0.860666	0.883101	0.844464	0.849936	0.837622	0.866794	0.836516	0.821684	0.84242	0.843284	0.874742	0.850238	0.833059	0.840855	0.849858	0.869187	0.853543	0.849224	0.844367	0.826594	0.853543	0.844164	0.826594	0.828683	0.886824	0.845831	0.852201	0.878429	0.826151	0.876021	0.836566	0.813514	0.832392	0.866794	0.846352	0.834348	0.860754	0.851969	0.816956	0.808416	0.883101	0.886824	0.860344	0.799073	0.799073	0.838641	0.83137	0.836908	0.857613	0.84974	0.85244	0.838641	0.886824	0.843201	0.833059	0.786191	0.826109	0.840563	0.828683	0.860344	0.86292	0.81701	0.836741	0.88295	0.875359	0.85238	0.827664	0.826247	0.865281	0.88951	0.860079	0.837207	0.826594	0.837622	0.84363	0.800883	0.896221	0.838641	0.853577	0.844464	0.861974	0.899435	0.853577	0.843055	0.796282	0.889112	0.866794	0.881659	0.841497	0.905853	0.850072	0.867197	0.789781	0.867197	0.850947	0.866794	0.853543	0.865281	0.84631	0.874003	0.816076	0.81625	0.823885	0.828683	0.836516	0.831454	0.830306	0.852601	0.863129	0.886667	0.88295	0.841902	0.863784	0.846352	0.84355	0.852197	0.865168	0.845897	0.844464	0.843055	0.813647	0.835688	0.807553	0.874003	0.896369	0.865168	0.799073	0.854426	0.836741	0.836566	0.808917	0.826594	0.808772	0.845906	0.857501	0.841497	0.845897	0.798676	0.837622	0.88951	0.845839	0.822057	0.836741	0.816076	0.842218	0.796033	0.831454	0.848404	0.886667	0.881536	0.836741	0.844464	0.858064	0.786257	0.851986	0.808917	0.881659	0.849544	0.786257	0.842761	0.828292	0.877971	0.826109	0.800985	0.830478	0.816652	0.786191	0.837101	0.8417	0.822866	0.852601	0.807553	0.823941	0.829411	0.838273	0.874067	0.835243	0.84147	0.852201	0.820717	0.787448	0.832392	0.845839	0.856138	0.808917	0.792264	0.844971	0.845839	0.786191	0.886667	0.886824	0.846773	0.886401	0.886824	0.833697	0.824222	0.866011	0.820352	0.857613	0.860054	0.804349	0.847024	0.828472	0.804995	0.84131	0.85429	0.862694	0.808772	0.874067	0.865281	0.833103	0.804349	0.804349	0.842391	0.879215	0.829175	0.883101	0.890001	0.831659	0.825888	0.819741	0.841497	0.78059	0.84974	0.847204	0.836741	0.866794	0.848404	0.883101	0.896741	0.804349	0.850526	0.849157
98000	slope	0.0204425	-0.0267127	0.105672	0.00477836	0.0154917	0.0627564	-0.00640435	0.0309913	-0.0149953	-0.0050273	-0.022542	0.0246732	0.0128072	0.0369226	0.0785617	0.0206873	0.0167266	-0.0249719	0.0168257	0.0641502	0.0258436	-0.0108781	-0.00115194	0.00507636	-0.0481273	0.120373	0.0095486	0.0194964	0.0686511	0.0572725	0.0246732	0.0124411	0.0276195	0.0403073	0.0246732	0.0666676	0.0621201	0.0168257	0.0495783	0.067481	0.0246732	0.060929	0.0190776	0.0372352	0.0197688	0.0255811	-0.0481273	0.0128072	0.0462422	0.0872848	-0.0284582	0.0526627	0.0190853	0.0154917	0.0980663	0.00960817	0.0365072	0.0785617	0.0142667	-0.00115194	0.0849819	0.041726	0.0095486	0.0228495	-0.0781336	-0.017123	0.0313683	0.0595303	0.0168257	0.018218	0.0696236	-0.0387601	0.0488628	0.0913903	0.041726	-0.0252638	0.0193172	0.0547798	0.0204092	0.100796	0.0228389	0.0246732	0.0696959	0.00700427	0.0195032	0.0246694	-0.00115194	0.0292526	0.0615371	0.0743154	0.0297275	0.0411965	0.00320564	0.0605652	0.0680168	0.0876022	0.0194964	0.087555	0.0462422	-0.017123	0.0615371	0.0202462	0.0743154	0.0162249	0.0610295	0.0219298	0.0799539	0.036752	-0.00757918	0.0785617	0.078207	0.0256006	0.034184	0.0785617	0.0643746	0.0712862	0.0695485	0.104012	0.0799539	0.0851869	0.0509171	-0.0781336	-0.0421649	-0.0451187	0.0507769	0.0249102	0.0325707	0.06106	0.0649887	0.00333489	0.00320564	0.00496605	0.0495783	0.0194964	-0.0481273	0.0666676	0.0846181	-0.00640435	0.0843436	0.0610671	0.0372352	0.0712862	0.0204425	0.0168257	0.0193527	0.0495783	0.00634787	0.0342481	0.102719	0.010703	0.0285073	0.0748162	0.0325895	0.0381223	0.0220672	0.00371989	-0.0781336	0.0656938	0.0154917	0.0913903	-0.018243	0.0470624	0.0462422	0.0417862	0.0619061	0.0332892	0.0120938	0.0615371	0.00483737	-0.00757918	-0.0451187	0.0785721	0.0304377	0.0120938	-0.0106836	0.0362572	0.0190773	0.0785617	0.0182763	0.0471008	0.0817637	0.0228495	0.0180278	0.041468	0.0405541	0.0171756	0.0696959	0.0223634	0.0496737	0.0401703	0.0095486	0.0297275	0.0260492	0.00973064	0.0485426	0.0389479	0.0190773	0.0314233	0.00968933	0.0314233	0.0843436	0.050301	0.0731288	-0.0284582	0.0915357	0.0095486	0.0352896	0.0785617	0.0313686	0.0301575	0.0279791	-0.00314003	0.0610671	0.0269965	0.0142704	0.0462499	0.0408571	-0.0781336	0.0359946	-0.0781336	0.0511537	0.0462422	-0.00640435	0.0922993	0.0695766	0.0733933	0.0431029	0.0627564	0.0424969	0.0884304	0.0168257	0.0168257	0.0120938	-0.00115194	0.0325096	0.0656938	0.0246732	0.0389479	0.0799539	0.0843436	-0.0781336	-0.0423097	0.0427196	0.0095486	0.0246732	-0.0055897	0.0553353	0.0202462	0.0204425	0.0381223	0.0140626	0.00427359	0.0641788	0.0195032	0.0095486	0.0285675	0.0215373	0.0412964	0.0369226	0.0541204	-0.00314169	-0.0781336	0.0538186	0.0644729	0.0424969	0.0089683	0.0651929	0.0656938	0.0696959	0.0142704	0.0537655	0.0843436	0.0757624	0.0368394	0.0656938	0.00313087	0.0589045	0.0651929	0.0743154	0.0799539	0.0488628	0.0246732	-0.00314169	-0.00847771	0.0343608	0.0401703	0.0269965	0.0198825	0.0352896	0.0285073	0.041726	0.0597303	0.0171756	-0.0781336	0.07067	0.0700862	-0.0451187	-0.0451187	0.0269579	0.0666676	0.0238009	0.0363394	-0.0115073	0.010334	0.0498755	0.0785617	-0.00392047	0.0597303	0.0238009	0.0200707	0.0712664	0.0872848	0.0325096	0.0615371	0.0466606	-0.00847771	0.0328469	0.0190773	0.041549	0.052127	0.0852413	0.0223634	-0.00232875	0.0408571	0.0553353	0.0154917	0.0473871	0.0582784	0.0149987	0.0417862	0.041726	0.0915357	-0.017123	0.0168257	0.0171591	0.0198814	0.0656938	0.0577755	0.00664741	-0.0161276	0.0424969	0.0246732	0.0255811	0.0142704	0.0270132	0.0246732	0.0473871	0.0682378	0.0142704	0.0236015	0.0785617	0.0238009	-0.0267127	0.0208559	-0.0108781	0.0980663	0.0437121	0.0847103	-0.0171216	0.0277206	0.0701351	0.00825385	0.0417862	-0.0484608	0.0696959	0.00483737	0.052127	0.0372352	-0.017123	0.0350641	0.0605652	0.0200805	0.0463313	0.0410693	0.0285675	0.0615371	0.0546078	0.0190773	0.0405541	0.023956	0.0120938	0.0417862	0.025058	0.0473871	0.0281526	0.0547798	0.0495783	0.0605652	0.0754756	0.0495783	0.0473871	0.010334	0.0610671	0.0089252	-0.0451187	0.0812574	0.0495594	0.0652335	0.0232965	0.0246732
98000	intercept	0.82729	0.861335	0.794348	0.868153	0.854125	0.878127	0.861811	0.845801	0.812508	0.866362	0.852496	0.852686	0.851315	0.805475	0.813514	0.899339	0.850329	0.796076	0.848052	0.826966	0.852364	0.822645	0.813344	0.87433	0.891715	0.827384	0.866667	0.86783	0.849544	0.823596	0.880654	0.810677	0.890006	0.826177	0.880654	0.81457	0.839978	0.848052	0.827855	0.81457	0.866204	0.858298	0.832391	0.830095	0.849605	0.851231	0.873076	0.851315	0.805393	0.862264	0.861335	0.837517	0.858072	0.861924	0.804924	0.828564	0.859417	0.813514	0.82366	0.812378	0.84101	0.839214	0.877827	0.855386	0.897889	0.795635	0.82821	0.838866	0.848052	0.85116	0.810682	0.850157	0.801813	0.815741	0.839214	0.838333	0.849646	0.848701	0.860755	0.794348	0.801942	0.880654	0.826808	0.841329	0.848566	0.858574	0.823499	0.809879	0.833192	0.853255	0.818186	0.82977	0.858134	0.81086	0.837428	0.840545	0.86783	0.84101	0.82813	0.796076	0.833192	0.868502	0.853255	0.858574	0.820081	0.857277	0.833842	0.858574	0.868153	0.813514	0.835312	0.855386	0.845724	0.828745	0.878127	0.835821	0.829771	0.805087	0.833287	0.813514	0.841603	0.897889	0.850157	0.879837	0.840906	0.873948	0.812064	0.831792	0.801988	0.866072	0.871382	0.842917	0.833164	0.86783	0.873076	0.81457	0.819724	0.870453	0.826812	0.849544	0.830095	0.835821	0.852086	0.848052	0.848052	0.830014	0.845172	0.861598	0.807588	0.82366	0.797372	0.835635	0.792939	0.856732	0.799553	0.836196	0.911121	0.813348	0.854125	0.815741	0.8607	0.839066	0.81144	0.837953	0.844357	0.795361	0.865707	0.830559	0.864168	0.868153	0.879837	0.84101	0.868502	0.865707	0.826348	0.809879	0.860024	0.808087	0.866627	0.81086	0.833842	0.855386	0.82366	0.836713	0.852887	0.843136	0.822851	0.826348	0.860336	0.817211	0.866667	0.818186	0.823703	0.854125	0.808103	0.840608	0.860024	0.869087	0.855173	0.869087	0.835886	0.823096	0.830559	0.861335	0.834131	0.866667	0.802699	0.813514	0.82563	0.781707	0.837953	0.83815	0.849544	0.827603	0.842397	0.862582	0.814028	0.897889	0.833119	0.911121	0.839214	0.824246	0.867834	0.798673	0.868744	0.814707	0.847281	0.878127	0.812064	0.805087	0.864168	0.848052	0.85116	0.823499	0.844527	0.813348	0.880654	0.840608	0.833842	0.826812	0.911121	0.85835	0.85971	0.866667	0.858277	0.862725	0.843541	0.868502	0.82729	0.852887	0.849563	0.876904	0.849787	0.824556	0.863339	0.874932	0.889349	0.840906	0.805475	0.854969	0.841329	0.897889	0.782216	0.835821	0.812064	0.826348	0.857133	0.82569	0.826808	0.842397	0.842791	0.843083	0.85174	0.844826	0.82569	0.844371	0.853838	0.8465	0.853255	0.833842	0.812064	0.866425	0.841329	0.852496	0.834898	0.815916	0.827603	0.869735	0.802699	0.79561	0.839214	0.859559	0.841603	0.892393	0.844932	0.815741	0.879837	0.879837	0.861825	0.81457	0.868814	0.861053	0.876904	0.855386	0.787149	0.813514	0.826348	0.859559	0.862895	0.862187	0.810682	0.862264	0.844826	0.833192	0.834898	0.852496	0.858072	0.860024	0.792939	0.826095	0.84652	0.826348	0.801404	0.814028	0.836322	0.854125	0.812064	0.850877	0.852539	0.837953	0.839214	0.834131	0.795205	0.848052	0.837183	0.81411	0.82569	0.824529	0.802453	0.858087	0.808684	0.879395	0.851231	0.842397	0.859304	0.880654	0.812064	0.81086	0.83963	0.86559	0.813514	0.862895	0.861335	0.841215	0.822645	0.804924	0.81086	0.834703	0.850547	0.854125	0.868744	0.889349	0.837953	0.8799	0.826808	0.860783	0.826095	0.814769	0.796076	0.848781	0.81086	0.870255	0.829771	0.86485	0.874932	0.828348	0.833291	0.860024	0.852887	0.797372	0.85116	0.837953	0.866151	0.812064	0.76569	0.848701	0.813777	0.81086	0.821264	0.833164	0.812064	0.855386	0.862099	0.848052	0.879837	0.835312	0.843469	0.830347	0.846385	0.852686
99000	slope	0.0551256	0.0614487	0.0497299	0.015426	0.0240448	0.0380406	-0.0207744	0.0889239	-0.00567591	0.10581	0.0678211	-0.0243441	0.00216863	0.01048	0.0290737	0.00576897	0.0348737	-0.00129534	0.074278	0.0909671	0.0344577	0.0159082	0.0306792	0.0134299	0.0462779	0.00475806	0.0631014	0.0776243	0.0437064	0.0124537	0.0178001	0.02762	0.074278	0.011034	0.0130082	-0.0255683	0.0119443	0.0105852	0.016753	0.0679487	0.074278	-0.00101169	0.0596051	0.00550444	0.0392926	0.000807952	0.0360488	0.0772522	0.0909671	0.0608296	-0.0318223	0.0967586	0.0624863	0.0783982	0.0318238	0.0348737	0.0911845	0.0315584	0.00897804	0.0572934	0.0644324	0.0178001	0.0502011	0.0617186	0.00216863	0.074278	0.0386193	0.0458264	-0.0252067	0.00247748	0.0148533	0.00280674	0.0889239	0.0276665	0.0272341	-0.0221626	0.0909671	0.062495	0.10581	0.014942	0.015426	0.0333841	0.0608296	0.0483577	0.0139871	0.0252927	0.0462779	0.0307753	0.0206874	0.0461983	0.0641434	0.0666296	0.0352097	-0.0252067	0.0891434	0.0911845	0.041468	0.00897804	0.0644324	0.0458685	0.0481102	0.0121523	0.0356441	0.110481	0.0673863	0.0458875	0.0619497	0.0612786	0.0926353	0.0708768	0.0665765	0.042893	0.00729743	0.0319456	0.0386193	0.0257374	0.0447513	0.07869	0.0372474	0.0262203	0.0313456	0.057369	-9.21814e-05	0.00897804	-0.0207744	0.016292	0.0678211	0.0223997	0.0341621	0.0108147	0.0483548	0.0300406	0.0108147	0.078166	0.04007	0.0914571	0.0169328	0.00607456	0.0586012	0.00613028	0.018013	-9.21814e-05	0.0670584	0.0414095	0.015426	0.0617186	0.0290737	0.0232608	0.0442613	0.0432068	0.0225023	0.0783982	0.00378262	0.00864045	0.0602275	0.0766085	0.00897804	0.0262203	0.0369293	0.0571904	0.0108147	0.0494648	0.00136801	0.0304097	0.0191759	0.0278719	0.00247748	-0.0137089	0.0315584	0.0913813	0.0926353	0.0552041	0.0322653	0.0223997	0.00897804	0.0360488	0.0518729	0.00247748	0.0658098	0.0679487	0.0526344	0.014942	-0.031374	0.0262203	0.0405238	0.0893794	0.045868	-0.0169804	0.0341392	0.0686301	0.0490626	0.0887845	0.0161233	0.0445054	0.011034	0.0862044	0.0300549	0.0130082	0.00894274	0.0772522	0.0396763	-0.0218275	0.0462779	0.0776243	0.0121523	-9.21814e-05	0.00378262	0.00607456	0.0462779	-0.00101169	0.0315584	0.0783982	0.0552041	0.0679487	-0.0197757	0.0765658	0.0926353	0.00247748	0.0290737	0.0117791	0.0334982	-0.000827424	0.0967586	0.112972	0.0177338	0.0358395	0.0200541	0.015426	0.0458597	0.0640068	0.0360488	0.0589082	0.0286544	0.0239017	0.0232608	0.086213	0.0161424	0.0212087	0.00760064	-0.0104594	0.0134299	-0.00824155	0.0083785	0.0911845	-0.0318223	0.0232608	0.011034	-0.0207744	0.0476563	0.0318592	0.0483577	0.119695	0.0161424	0.100397	0.0834877	0.0290737	0.0421047	0.0160384	0.0497696	0.0313456	0.0442613	0.0388497	0.0135629	0.0889239	0.0834877	0.0189776	0.0463514	0.0926353	0.0318217	0.0909671	0.0223997	0.015426	0.0108147	0.0675491	0.0270407	0.0589082	-0.0252067	0.0124537	0.0799998	0.0321972	0.041468	0.0604858	0.0315584	0.0458597	0.0319456	0.0313456	0.0134299	-9.21814e-05	0.0913813	0.0678211	-0.00884222	0.0645514	0.01048	0.074278	0.086213	0.0887845	0.103721	0.034054	0.0631014	0.0529353	0.103721	0.0344577	0.0383903	0.0360488	0.0696818	0.0509685	-0.0312911	0.00136801	0.0884749	0.0625266	0.0740221	0.011034	0.0921576	0.064643	0.0354277	0.00280674	0.014964	-0.0221626	0.0290737	0.0604858	0.0865494	0.0772522	0.100397	0.0112567	0.0438755	0.10581	0.0338111	0.012583	0.0651233	0.0619497	0.0340519	0.014011	0.0666296	0.0307753	0.00298794	0.0174538	0.000538083	0.0105852	-0.0116457	0.074278	0.0926353	0.0509685	0.0246832	0.0998278	0.0559368	0.069561	0.0645811	0.0246832	0.0354157	0.0189776	0.0321972	0.0770657	0.0276665	0.0909123	0.014942	0.0121523	0.0340519	0.0552041	0.0890099	0.0340519	-0.0219015	0.00607456	0.0234633	-0.0252067	0.0360488	-0.0207744	0.00897804	0.015426	0.0461983	0.0586012	0.00550444	0.023866	0.0415998	0.091971	-0.00884222	0.0130082	0.0975086	0.0348737	0.00948613	0.0341392	0.0356441	0.0306792	0.0776243	0.0339886	-0.00567591	0.00136801	0.02762	0.0738042	0.0617186	0.00897804	0.0528422	0.0776243	-0.0446331	0.000807952	0.0764093	0.0909671	0.0319456	0.00607456	0.0290737	0.0617186
99000	intercept	0.845052	0.846684	0.760131	0.866263	0.846186	0.807237	0.852452	0.790168	0.856367	0.806659	0.830491	0.862458	0.852555	0.869264	0.856156	0.852794	0.797655	0.820591	0.834391	0.833896	0.854574	0.835762	0.84181	0.830618	0.829508	0.841093	0.817386	0.780742	0.815531	0.862701	0.845724	0.810771	0.841429	0.806619	0.802724	0.822798	0.822798	0.822798	0.870461	0.811766	0.854849	0.861826	0.842922	0.848597	0.802981	0.883813	0.841911	0.871222	0.8211	0.819875	0.856122	0.869004	0.801378	0.841429	0.841681	0.806652	0.805719	0.842138	0.822798	0.796057	0.810771	0.845724	0.828438	0.815531	0.852555	0.841429	0.813918	0.84357	0.837398	0.850287	0.876714	0.837862	0.790168	0.848499	0.795413	0.831251	0.84395	0.838367	0.794415	0.850317	0.838695	0.806652	0.819875	0.850862	0.855941	0.8185	0.829508	0.834788	0.868387	0.841177	0.804726	0.827662	0.850238	0.837398	0.829093	0.805719	0.835882	0.822798	0.810771	0.846047	0.854606	0.85875	0.830985	0.847343	0.785061	0.848688	0.842922	0.823927	0.821249	0.809961	0.814303	0.754896	0.884921	0.840417	0.813918	0.832808	0.811019	0.827662	0.823576	0.860765	0.791327	0.807904	0.871505	0.822798	0.862458	0.826031	0.830491	0.823914	0.852009	0.852794	0.828438	0.842345	0.852794	0.826148	0.819725	0.809087	0.847282	0.844175	0.802213	0.849229	0.852794	0.871505	0.810771	0.84181	0.866263	0.815531	0.856156	0.859061	0.797826	0.849658	0.853396	0.853422	0.835204	0.834203	0.850457	0.812446	0.822798	0.852904	0.823858	0.839614	0.852794	0.838367	0.874378	0.827143	0.868387	0.813552	0.850287	0.854031	0.842138	0.844759	0.812527	0.81757	0.842725	0.833642	0.822798	0.802288	0.83789	0.850287	0.813912	0.811766	0.823847	0.850317	0.856367	0.862933	0.863068	0.812019	0.826422	0.864323	0.836462	0.793793	0.81116	0.814121	0.813552	0.824707	0.806619	0.842299	0.842236	0.802724	0.854573	0.871222	0.834788	0.807216	0.829508	0.796057	0.85875	0.871505	0.835204	0.855714	0.829508	0.861826	0.842585	0.841429	0.807904	0.830315	0.864548	0.829093	0.812527	0.850287	0.856156	0.867325	0.879747	0.828267	0.850096	0.793075	0.832895	0.840109	0.832049	0.863328	0.835473	0.829508	0.812919	0.793793	0.802287	0.85432	0.859061	0.839655	0.852794	0.834956	0.873921	0.871845	0.830618	0.816891	0.767999	0.805719	0.847176	0.859061	0.806619	0.862458	0.852009	0.797811	0.850862	0.822939	0.852794	0.812527	0.797289	0.856156	0.823268	0.813552	0.840309	0.791327	0.797826	0.835985	0.831366	0.797713	0.794283	0.877097	0.799456	0.812527	0.805323	0.833896	0.833642	0.861807	0.840117	0.827373	0.832985	0.793793	0.847003	0.862701	0.861589	0.832895	0.848161	0.838172	0.842585	0.841016	0.840417	0.791327	0.830618	0.871505	0.844759	0.830491	0.81634	0.850443	0.869264	0.849989	0.842263	0.814121	0.806659	0.860393	0.817386	0.852048	0.806659	0.854574	0.806652	0.830939	0.849018	0.826422	0.835115	0.874378	0.80054	0.807675	0.836223	0.806619	0.812019	0.826626	0.892128	0.837862	0.810771	0.833642	0.876559	0.829093	0.812019	0.871222	0.812527	0.80957	0.856653	0.806659	0.841681	0.844503	0.837689	0.842922	0.823858	0.838311	0.827662	0.834788	0.858887	0.868387	0.859388	0.822798	0.837862	0.841429	0.821249	0.826422	0.833486	0.812019	0.802213	0.803731	0.813912	0.833486	0.807654	0.877097	0.832895	0.830315	0.836799	0.824062	0.842345	0.876337	0.823858	0.804726	0.805112	0.823858	0.846449	0.854953	0.846451	0.837398	0.807237	0.847682	0.822798	0.871858	0.841177	0.802213	0.857738	0.872246	0.81757	0.806659	0.829273	0.802724	0.814773	0.806652	0.802287	0.836462	0.829508	0.84181	0.797739	0.815941	0.856367	0.874378	0.810771	0.798496	0.806725	0.822728	0.833295	0.790659	0.862458	0.853866	0.81275	0.833896	0.837574	0.844175	0.876559	0.815531
100000	slope	0.0576621	0.0283371	0.0455051	0.0549133	0.0534006	0.032351	0.0503659	0.00527937	-0.0284137	-0.00673602	0.0539568	0.0216768	0.013806	-0.0110766	0.0373193	0.0856319	0.0305062	0.066499	0.0626249	0.0184135	0.0281076	0.0710289	0.0575651	0.010121	0.0576621	-0.00465625	0.0692179	0.0249423	0.0355441	0.0576621	0.0348207	0.0526031	-0.0184487	0.0776296	0.0241247	0.0232306	0.0790435	0.0224924	0.0337851	0.032093	0.0490171	0.0632736	-0.00318961	0.0216768	0.0348207	-0.00673602	0.0394479	0.055933	0.0380595	0.0226313	0.00753987	0.060811	0.0169722	-0.0114504	-0.00673602	0.0394677	-0.000435198	0.0572409	0.0396114	0.0513083	0.0224924	0.0576621	0.063655	0.0549402	0.043073	0.0582644	0.0769741	0.0450323	0.00147911	0.0283312	0.0774661	0.0572422	0.0310305	0.0572409	0.0341602	0.0216526	0.0364811	0.0549402	-0.0284137	0.0549402	0.0790435	0.0706366	0.0139719	0.049025	-0.0110766	0.0193743	0.00131115	0.0647294	0.0478008	0.0513405	0.0265861	0.0170514	-0.00465625	0.0512423	-0.0107793	0.060811	0.0604889	0.0241863	0.0309078	0.0321542	0.0290341	0.053877	0.00527937	0.0393478	0.0505307	0.026599	0.0436722	-0.0184487	0.00097015	0.0310305	-0.015198	0.0154103	0.0351105	0.00575291	-0.0114504	0.0216768	0.0549718	0.00527937	0.0675711	0.032351	0.00912877	0.0376439	0.0436722	0.0523031	0.048015	-0.0093836	0.0644822	0.0415345	0.048015	0.0549402	0.0360948	0.0751081	0.0305735	0.0260387	0.0630029	0.0224924	0.0436722	0.049025	-0.00673602	0.032351	0.0222292	0.0265861	0.0259993	0.0706366	0.0551777	0.0539759	0.0346028	0.0442637	0.0156119	0.0393478	0.0529475	0.0718496	0.0450323	0.0502919	0.0387272	0.0751081	0.0161109	0.0222292	0.0627422	0.018314	0.0572409	0.0319575	-0.0272726	0.0216868	0.0436722	0.0830384	0.0505493	0.038234	0.0856319	0.0418798	0.0123955	0.0154103	0.0432633	0.0353995	0.0438339	0.0152322	0.0376439	-0.00803801	0.0436722	0.0471432	0.00366668	0.0417828	0.0178015	0.0358223	0.00912877	0.0319575	0.0300111	0.0350012	0.0360309	0.0691385	-0.0112015	0.0576579	0.0304913	-0.0202528	0.046209	0.0513072	0.0534943	0.0691385	0.0213666	0.0324361	-0.00628583	0.0287683	0.00071771	0.0426336	0.0309078	0.00563521	0.0722589	0.0512499	0.0241786	0.0285357	0.032093	0.0140064	0.0576621	0.0856319	0.0691385	0.03538	0.0216868	0.0200051	0.0184135	0.0133482	0.0429493	0.0230958	0.0436677	0.0704112	0.0360948	0.0765859	0.0691385	0.0529475	0.0660151	0.0529475	0.0381087	0.0437467	0.0438339	0.0756085	0.0178015	0.00697042	0.0324267	0.0625062	0.0436722	0.032351	0.0346028	0.0532374	-0.0143878	0.0869336	-0.00991034	0.0329454	0.0513405	0.0549402	-0.0110766	-0.0110742	-0.0202121	0.0576621	0.0364811	0.0106256	0.0105704	0.00527937	0.0297666	0.0123955	0.0305134	0.0517364	-0.0065524	0.0351105	0.0625062	-0.00673602	0.0381087	0.0349433	0.032351	-0.0107793	0.0713022	0.0790435	0.0393478	0.0215039	0.0324267	0.00527937	0.0360689	0.0305062	0.0534943	0.0513405	0.040591	-0.000643401	0.054511	0.032093	0.060811	0.0346028	0.00527937	0.0630029	0.0898281	-0.0202528	0.00527937	0.00644763	0.053877	0.0589448	-0.0202121	0.0418971	0.0302667	0.0169789	0.0549133	0.0625062	-0.0184487	0.0346028	0.0285357	0.0169962	0.0407663	0.04783	0.0407663	0.048015	0.0541653	-0.00991034	0.0380595	0.0580077	0.0136019	0.025743	0.0396631	0.0429493	0.054718	0.0346028	0.0526031	0.0360948	0.0691385	-0.0110766	-0.00673602	-0.00869121	0.0427783	-0.0202528	-0.0349378	0.0790435	-0.00869121	-0.0152327	0.03691	0.0652949	0.0586069	0.00971808	0.0155996	0.0155996	0.0366985	0.080157	0.0751081	0.0438339	-0.0110742	-0.00673602	0.046209	0.0619223	0.0360948	0.0713022	0.0166162	-0.0284137	0.0376439	0.0575651	-0.00820923	0.0679871	0.0406595	0.0305062	0.0360969	0.00697042	0.00071771	0.0471432	0.060811	0.00366668	0.0756085	0.00366668	0.00527937	-0.0093836	-0.00803801	-0.000435198	0.0513083	-0.0202121	0.0772947	0.0438339	0.0349433	0.0381087	-0.0184487	0.0437467	0.0324693	0.0127275	0.0123955	0.060033	0.0082352	-0.0172571	0.0532374	0.00743378	0.013806	0.0481241	0.00842114	0.032351	-0.00991034	0.0226313	0.0376439	0.0582644	0.0666429	0.0713022	0.00780169	0.0751081	0.0346167	0.0795866	0.00563521	0.00753987	0.0608993	0.0215451	0.0617658	0.0216768
100000	intercept	0.790914	0.852739	0.826538	0.812019	0.82352	0.820408	0.824095	0.836045	0.838975	0.860163	0.828335	0.87313	0.869754	0.851966	0.823343	0.840843	0.821482	0.816192	0.816401	0.824179	0.839239	0.81808	0.837924	0.864856	0.808797	0.849687	0.833992	0.870283	0.835793	0.808797	0.813639	0.839415	0.850456	0.826232	0.87424	0.847084	0.817888	0.861798	0.881995	0.857297	0.834321	0.835915	0.867544	0.88173	0.813639	0.855688	0.850503	0.822564	0.834495	0.846102	0.856638	0.813454	0.846621	0.88049	0.855688	0.832157	0.847443	0.815343	0.856067	0.884226	0.861798	0.819408	0.821638	0.815343	0.823603	0.850514	0.846477	0.826859	0.841527	0.858161	0.83917	0.823697	0.839239	0.815343	0.846809	0.855227	0.857339	0.815343	0.838975	0.815343	0.817888	0.821428	0.821482	0.810044	0.851966	0.846088	0.869955	0.817793	0.82724	0.845709	0.837379	0.821374	0.849687	0.809649	0.878278	0.828049	0.820262	0.848687	0.868436	0.826175	0.882786	0.816401	0.83481	0.815317	0.823603	0.842933	0.853415	0.850456	0.870729	0.839239	0.821482	0.848932	0.819099	0.843431	0.88049	0.87313	0.828163	0.83481	0.856436	0.820408	0.869754	0.828016	0.853415	0.85278	0.822981	0.860163	0.806077	0.825354	0.822981	0.815343	0.832126	0.818773	0.851012	0.863166	0.820262	0.861798	0.853415	0.807104	0.855688	0.819099	0.83761	0.837379	0.820677	0.821428	0.839801	0.821777	0.851842	0.825354	0.851054	0.829098	0.819762	0.819871	0.826859	0.857564	0.819015	0.820344	0.866953	0.83761	0.819545	0.869613	0.815343	0.833251	0.84999	0.848862	0.853415	0.808721	0.82381	0.867369	0.827855	0.842791	0.821482	0.848932	0.849389	0.8221	0.837379	0.848005	0.828016	0.861881	0.855912	0.81944	0.869754	0.821161	0.828771	0.826462	0.869754	0.823307	0.847084	0.839881	0.862416	0.807866	0.849473	0.842347	0.809411	0.850821	0.82381	0.841839	0.826769	0.807866	0.847084	0.830853	0.860163	0.849251	0.869754	0.82439	0.868436	0.823212	0.796655	0.841839	0.828136	0.851751	0.857297	0.839473	0.808797	0.840843	0.807866	0.814348	0.848862	0.851054	0.818994	0.821482	0.834086	0.869754	0.830058	0.845274	0.832126	0.849918	0.807866	0.819762	0.827781	0.819762	0.856067	0.839373	0.837379	0.821407	0.828771	0.860464	0.839239	0.82352	0.853415	0.820408	0.850124	0.820727	0.869754	0.816858	0.853147	0.856591	0.851553	0.815343	0.84552	0.867531	0.858504	0.808797	0.857339	0.863387	0.845526	0.83481	0.844797	0.814946	0.830196	0.823603	0.88049	0.819099	0.82352	0.860163	0.856067	0.85278	0.820408	0.878278	0.846878	0.817888	0.830086	0.882069	0.839239	0.827063	0.853415	0.821482	0.82724	0.851553	0.830086	0.842732	0.82381	0.827734	0.813454	0.851842	0.83481	0.820262	0.836632	0.865238	0.83481	0.869754	0.803358	0.821679	0.858504	0.819099	0.857339	0.839239	0.812019	0.82352	0.850456	0.850124	0.851751	0.878845	0.819201	0.884226	0.828806	0.822981	0.840202	0.853147	0.834495	0.822117	0.867308	0.860257	0.812904	0.834086	0.830715	0.85191	0.83654	0.832126	0.807866	0.84507	0.860163	0.853147	0.82439	0.839424	0.895822	0.807201	0.851543	0.867857	0.809705	0.800124	0.816401	0.83481	0.827118	0.827118	0.790659	0.86178	0.820344	0.837379	0.867531	0.860163	0.82381	0.819762	0.832126	0.83917	0.845314	0.841011	0.828016	0.837924	0.862139	0.824439	0.807104	0.821482	0.819099	0.886471	0.869754	0.849594	0.828049	0.869754	0.821407	0.869754	0.845857	0.860163	0.861881	0.853147	0.884226	0.858504	0.850514	0.855282	0.85278	0.857572	0.850456	0.839373	0.838546	0.837188	0.821482	0.811386	0.8584	0.901657	0.816783	0.888504	0.869754	0.835042	0.888302	0.842192	0.853147	0.863219	0.840411	0.850514	0.816401	0.83917	0.846102	0.820344	0.844797	0.84359	0.823212	0.856638	0.817888	0.871139	0.82724	0.87313
