generation	param	Ind1	Ind2	Ind3	Ind4	Ind5	Ind6	Ind7	Ind8	Ind9	Ind10	Ind11	Ind12	Ind13	Ind14	Ind15	Ind16	Ind17	Ind18	Ind19	Ind20	Ind21	Ind22	Ind23	Ind24	Ind25	Ind26	Ind27	Ind28	Ind29	Ind30	Ind31	Ind32	Ind33	Ind34	Ind35	Ind36	Ind37	Ind38	Ind39	Ind40	Ind41	Ind42	Ind43	Ind44	Ind45	Ind46	Ind47	Ind48	Ind49	Ind50	Ind51	Ind52	Ind53	Ind54	Ind55	Ind56	Ind57	Ind58	Ind59	Ind60	Ind61	Ind62	Ind63	Ind64	Ind65	Ind66	Ind67	Ind68	Ind69	Ind70	Ind71	Ind72	Ind73	Ind74	Ind75	Ind76	Ind77	Ind78	Ind79	Ind80	Ind81	Ind82	Ind83	Ind84	Ind85	Ind86	Ind87	Ind88	Ind89	Ind90	Ind91	Ind92	Ind93	Ind94	Ind95	Ind96	Ind97	Ind98	Ind99	Ind100	Ind101	Ind102	Ind103	Ind104	Ind105	Ind106	Ind107	Ind108	Ind109	Ind110	Ind111	Ind112	Ind113	Ind114	Ind115	Ind116	Ind117	Ind118	Ind119	Ind120	Ind121	Ind122	Ind123	Ind124	Ind125	Ind126	Ind127	Ind128	Ind129	Ind130	Ind131	Ind132	Ind133	Ind134	Ind135	Ind136	Ind137	Ind138	Ind139	Ind140	Ind141	Ind142	Ind143	Ind144	Ind145	Ind146	Ind147	Ind148	Ind149	Ind150	Ind151	Ind152	Ind153	Ind154	Ind155	Ind156	Ind157	Ind158	Ind159	Ind160	Ind161	Ind162	Ind163	Ind164	Ind165	Ind166	Ind167	Ind168	Ind169	Ind170	Ind171	Ind172	Ind173	Ind174	Ind175	Ind176	Ind177	Ind178	Ind179	Ind180	Ind181	Ind182	Ind183	Ind184	Ind185	Ind186	Ind187	Ind188	Ind189	Ind190	Ind191	Ind192	Ind193	Ind194	Ind195	Ind196	Ind197	Ind198	Ind199	Ind200	Hapl1	Hapl2	Hapl3	Hapl4	Hapl5	Hapl6	Hapl7	Hapl8	Hapl9	Hapl10	Hapl11	Hapl12	Hapl13	Hapl14	Hapl15	Hapl16	Hapl17	Hapl18	Hapl19	Hapl20	Hapl21	Hapl22	Hapl23	Hapl24	Hapl25	Hapl26	Hapl27	Hapl28	Hapl29	Hapl30	Hapl31	Hapl32	Hapl33	Hapl34	Hapl35	Hapl36	Hapl37	Hapl38	Hapl39	Hapl40	Hapl41	Hapl42	Hapl43	Hapl44	Hapl45	Hapl46	Hapl47	Hapl48	Hapl49	Hapl50	Hapl51	Hapl52	Hapl53	Hapl54	Hapl55	Hapl56	Hapl57	Hapl58	Hapl59	Hapl60	Hapl61	Hapl62	Hapl63	Hapl64	Hapl65	Hapl66	Hapl67	Hapl68	Hapl69	Hapl70	Hapl71	Hapl72	Hapl73	Hapl74	Hapl75	Hapl76	Hapl77	Hapl78	Hapl79	Hapl80	Hapl81	Hapl82	Hapl83	Hapl84	Hapl85	Hapl86	Hapl87	Hapl88	Hapl89	Hapl90	Hapl91	Hapl92	Hapl93	Hapl94	Hapl95	Hapl96	Hapl97	Hapl98	Hapl99	Hapl100	Hapl101	Hapl102	Hapl103	Hapl104	Hapl105	Hapl106	Hapl107	Hapl108	Hapl109	Hapl110	Hapl111	Hapl112	Hapl113	Hapl114	Hapl115	Hapl116	Hapl117	Hapl118	Hapl119	Hapl120	Hapl121	Hapl122	Hapl123	Hapl124	Hapl125	Hapl126	Hapl127	Hapl128	Hapl129	Hapl130	Hapl131	Hapl132	Hapl133	Hapl134	Hapl135	Hapl136	Hapl137	Hapl138	Hapl139	Hapl140	Hapl141	Hapl142	Hapl143	Hapl144	Hapl145	Hapl146	Hapl147	Hapl148	Hapl149	Hapl150	Hapl151	Hapl152	Hapl153	Hapl154	Hapl155	Hapl156	Hapl157	Hapl158	Hapl159	Hapl160	Hapl161	Hapl162	Hapl163	Hapl164	Hapl165	Hapl166	Hapl167	Hapl168	Hapl169	Hapl170	Hapl171	Hapl172	Hapl173	Hapl174	Hapl175	Hapl176	Hapl177	Hapl178	Hapl179	Hapl180	Hapl181	Hapl182	Hapl183	Hapl184	Hapl185	Hapl186	Hapl187	Hapl188	Hapl189	Hapl190	Hapl191	Hapl192	Hapl193	Hapl194	Hapl195	Hapl196	Hapl197	Hapl198	Hapl199	Hapl200
10	slope	0.0	0.0	0.0	0.0	0.0	0.0	0.0	0.0	0.0	0.0	0.0	0.0	0.0	0.0	0.0	0.0	0.0	0.0	0.0	0.0	0.0	0.0	0.0	0.0	0.0	0.0	0.0	0.0	0.0	0.0	0.0	0.0	0.0	0.0	0.0	0.0	0.0	0.0	0.0	0.0	0.0	0.0	0.0	0.0	0.0	0.0	0.0	0.0	0.0	0.0	0.0	0.0	0.0	0.0	0.0	0.0	0.0	0.0	0.0	0.0	0.0	0.0	0.0	0.0	0.0	0.0	0.0	0.0	0.0	0.0	0.0	0.0	0.0	0.0	0.0	0.0	0.0	0.0	0.0	0.0	0.0	0.0	0.0	0.0	0.0	0.0	0.0	0.0	0.0	0.0	0.0	0.0	0.0	0.0	0.0	0.0	0.0	0.0	0.0	0.0	0.0	0.0	0.0	0.0	0.0	0.0	0.0	0.0	0.0	0.0	0.0	0.0	0.0	-0.0373748	0.0	0.0	0.0	0.0	0.0	0.0	0.0	0.0	0.0	0.0	0.0	0.0	0.0	0.0	0.0	0.0	0.0	0.0	0.0	0.0	0.0	0.0	-0.00955778	0.0	0.0	0.0	0.0	0.0	0.0	0.0	0.0	0.0	0.0	0.0	0.0	0.0	0.0	0.0	0.0	0.0	0.0	0.0	0.0	0.0	0.0	0.0	0.0	0.0	0.0	0.0	0.0	0.0	0.0	0.0	0.0	0.0	0.0	0.0	0.0	0.0	0.0	0.0	0.0	0.0	0.0	0.0180804	0.0	0.0	0.0	0.0	0.0	0.0	0.0	0.0	0.0	0.0	0.0	0.0	0.0	0.0	0.0	0.0	0.0	0.00127215	0.0	0.0	0.0	0.0	0.0	0.0	0.0	0.0	0.0	0.0	0.0	0.0	0.0	0.0	0.0	0.0	0.0	0.0	0.0	0.0	0.0	0.0	0.0	0.0	0.0	0.0	0.0	0.0	0.0	0.0	0.0	0.0	0.0	0.0	0.0	0.0	0.0	0.0	0.0	0.0	0.0	0.0	0.0115377	0.0	0.0	0.0	0.0	0.0	0.0	0.0	0.0	0.0	0.0	0.0	0.0	0.0	0.0207184	0.0	0.0	0.0	-0.000259156	0.0	0.0	0.0	0.0	0.0	0.0	0.0	0.0	0.0	0.0	0.0	0.0	0.0	0.0	0.0	0.0	0.0	0.0	0.0	0.0	0.0	0.0	0.0	0.0	0.0	0.0	0.0	0.0	0.0	0.0	0.0	0.0	0.012681	0.0	0.0	0.0	0.0	0.0	0.0	0.0	0.0	0.0	0.0	0.0	0.0	0.0	0.0	0.0	0.0	0.0	0.0	0.0	0.0	0.0	-0.0030952	0.0	0.0	0.0	0.0	0.0	0.0	0.0	0.0	0.0	0.000371392	-0.0373748	0.0	0.0	0.0	0.0	0.0	0.0	0.0	0.0	0.0	0.0	0.0	0.0	0.0	0.0	0.0	0.0	0.0	0.0	0.0	0.0	0.0	0.0	0.0	0.0	0.0	-0.0108724	0.0	0.0	0.0	0.0	0.0	0.0	0.0	0.0	0.0	0.0	0.0	0.0	0.0	0.0	0.0	0.0	0.0	0.0	0.0	0.0	0.0	0.0	0.0	0.0	0.0	0.0	-0.00727262	0.0	0.0	0.0	0.0	0.0	0.0	0.0	0.0	0.0	0.0	0.0	0.0	0.0	0.0	0.0	0.0	0.0	0.0	0.0	0.0	0.0	0.0
10	intercept	0.5	0.5	0.5	0.5	0.5	0.5	0.5	0.5	0.5	0.5	0.5	0.5	0.5	0.5	0.5	0.5	0.5	0.5	0.5	0.5	0.5	0.5	0.5	0.5	0.5	0.5	0.5	0.5	0.5	0.5	0.5	0.5	0.5	0.5	0.5	0.5	0.5	0.5	0.500163	0.5	0.5	0.5	0.5	0.5	0.5	0.5	0.5	0.5	0.5	0.5	0.5	0.5	0.5	0.5	0.5	0.5	0.5	0.5	0.5	0.5	0.5	0.5	0.5	0.5	0.5	0.49622	0.5	0.5	0.5	0.5	0.5	0.495648	0.5	0.5	0.5	0.5	0.5	0.5	0.5	0.5	0.5	0.5	0.5	0.5	0.5	0.5	0.5	0.5	0.5	0.5	0.5	0.5	0.5	0.5	0.5	0.5	0.5	0.5	0.5	0.5	0.5	0.5	0.5	0.5	0.5	0.5	0.5	0.5	0.5	0.511542	0.494448	0.5	0.5	0.5	0.5	0.5	0.5	0.5	0.5	0.5	0.496046	0.5	0.5	0.5	0.5	0.5	0.5	0.5	0.5	0.5	0.5	0.5	0.5	0.5	0.5	0.5	0.5	0.5	0.5	0.5	0.5	0.5	0.5	0.5	0.5	0.5	0.5	0.5	0.5	0.5	0.5	0.5	0.5	0.5	0.497306	0.5	0.501053	0.5	0.5	0.494423	0.5	0.5	0.5	0.5	0.5	0.5	0.5	0.5	0.5	0.5	0.5	0.489159	0.5	0.5	0.5	0.5	0.5	0.5	0.5	0.5	0.5	0.5	0.5	0.5	0.5	0.5	0.5	0.48304	0.5	0.5	0.5	0.5	0.5	0.5	0.5	0.5	0.5	0.5	0.5	0.5	0.5	0.5	0.5	0.5	0.5	0.5	0.5	0.5	0.5	0.5	0.5	0.5	0.5	0.5	0.495004	0.5	0.5	0.5	0.5	0.5	0.5	0.5	0.5	0.5	0.5	0.5	0.5	0.5	0.500672	0.5	0.5	0.5	0.5	0.5	0.5	0.5	0.5	0.5	0.5	0.5	0.5	0.5	0.5	0.5	0.5	0.5	0.5	0.504566	0.5	0.5	0.5	0.5	0.5	0.5	0.5	0.5	0.5	0.5	0.495272	0.49692	0.5	0.5	0.5	0.5	0.5	0.5	0.5	0.5	0.5	0.5	0.5	0.5	0.5	0.5	0.5	0.5	0.5	0.5	0.5	0.5	0.5	0.5	0.5	0.5	0.5	0.5	0.5	0.5	0.519367	0.5	0.5	0.5	0.5	0.5	0.5	0.5	0.5	0.5	0.5	0.5	0.5	0.5	0.5	0.496236	0.5	0.5	0.5	0.5	0.5	0.5	0.5	0.507639	0.5	0.5	0.5	0.5	0.5	0.5	0.5	0.5	0.5	0.5	0.5	0.5	0.5	0.5	0.5	0.5	0.5	0.5	0.5	0.5	0.5	0.5	0.5	0.5	0.5	0.5	0.5	0.5	0.5	0.5	0.5	0.5	0.5	0.5	0.5	0.5	0.5	0.5	0.5	0.5	0.5	0.5	0.5	0.493988	0.5	0.5	0.5	0.5	0.5	0.5	0.5	0.5	0.5	0.5	0.5	0.5	0.5	0.5	0.5	0.5	0.5	0.5	0.5	0.5	0.5	0.5	0.5	0.5	0.5	0.5	0.5	0.5	0.5	0.5	0.5	0.5	0.5	0.5	0.5	0.5	0.5	0.5	0.5	0.5	0.5	0.5	0.5	0.5
1000	slope	0.0851624	0.111988	0.0900282	0.0850262	0.0537738	0.100464	0.0613117	0.106501	0.112469	0.0594355	0.104808	0.0743657	0.0686848	0.0518311	0.060597	0.0851624	0.104808	0.125972	0.0267177	0.0973021	0.0685005	0.100011	0.0613438	0.087494	0.087178	0.0942919	0.104808	0.0741622	0.0414346	0.0520472	0.0497582	0.0601414	0.0906314	0.0644657	0.0446132	0.0961509	0.0805042	0.106501	0.107777	0.0497582	0.0685005	0.0802636	0.0601414	0.112469	0.0497582	0.119685	0.093187	0.089756	0.0644131	0.0437386	0.0685005	0.048539	0.0921903	0.104808	0.122035	0.0858165	0.0900282	0.112469	0.0906314	0.094893	0.117445	0.0864628	0.0951146	0.0702405	0.076952	0.0399894	0.125972	0.091092	0.104808	0.124383	0.089756	0.094893	0.102891	0.091415	0.0646437	0.110545	0.112498	0.089756	0.104808	0.0497582	0.0870323	0.102891	0.0953635	0.0691129	0.104808	0.0747973	0.0462906	0.136296	0.112469	0.107777	0.11091	0.0685005	0.0880364	0.0326388	0.0801267	0.0685005	0.094893	0.114369	0.115564	0.076007	0.0937824	0.089756	0.104808	0.089756	0.0497582	0.077283	0.0396647	0.0522781	0.0872553	0.048539	0.0811139	0.116716	0.112469	0.0685005	0.0851911	0.117445	0.0520472	0.111988	0.113308	0.0497582	0.136296	0.120207	0.0988406	0.117445	0.0789938	0.104808	0.112469	0.0525481	0.104808	0.0796474	0.0822073	0.0601414	0.115679	0.0686848	0.0601414	0.0754025	0.0985736	0.0399894	0.0470073	0.130754	0.125972	0.109716	0.112469	0.0601414	0.107695	0.0766734	0.0639088	0.0483174	0.112469	0.0822073	0.0497582	0.111492	0.130754	0.08791	0.0836017	0.104808	0.089756	0.114369	0.0936815	0.0468005	0.0685005	0.0822073	0.112835	0.0760753	0.0601414	0.0836494	0.0560246	0.0497582	0.0714403	0.0802309	0.0437386	0.141137	0.125972	0.112469	0.0897244	0.0778437	0.0960803	0.111452	0.11027	0.0555279	0.052557	0.112469	0.0497582	0.0523417	0.101824	0.0518311	0.111492	0.0497582	0.112469	0.116716	0.0497582	0.104808	0.104808	0.0591073	0.0848819	0.0802309	0.0897244	0.115564	0.0497582	0.0822073	0.0509527	0.081094	0.0685005	0.0518311	0.0483174	0.048539	0.071492	0.0685005	0.112469	0.048539	0.111988	0.112469	0.0686848	0.0973021	0.104808	0.0492366	0.081094	0.12354	0.104808	0.0497582	0.105632	0.112469	0.113294	0.112469	0.0848819	0.0992949	0.0584048	0.115679	0.111988	0.0985736	0.107777	0.0522781	0.0798961	0.0679782	0.094893	0.0685005	0.112469	0.0992949	0.104808	0.0715352	0.0749296	0.114161	0.0582962	0.0715352	0.0527067	0.0519328	0.136296	0.0937337	0.0497582	0.0801267	0.112469	0.0658511	0.0906314	0.080728	0.0988406	0.0508907	0.112469	0.104808	0.112469	0.0555068	0.114369	0.112469	0.0382898	0.0582892	0.0782253	0.0973021	0.0851624	0.0497582	0.115564	0.112469	0.0697212	0.112469	0.0613438	0.112469	0.136296	0.0437386	0.112469	0.122981	0.117445	0.112469	0.0851624	0.0973021	0.118419	0.0601414	0.0508907	0.094893	0.0685005	0.111492	0.0430964	0.121355	0.122011	0.0802309	0.0901512	0.103275	0.104808	0.0568831	0.0851624	0.0900282	0.0520472	0.0686848	0.123284	0.141137	0.106501	0.048539	0.0497582	0.0601414	0.117445	0.104808	0.0686848	0.0497582	0.103275	0.112469	0.113294	0.0470073	0.0973021	0.104808	0.0985736	0.048539	0.093587	0.121341	0.0320249	0.112469	0.0470073	0.0437386	0.0601414	0.0560246	0.0900282	0.0973021	0.0518311	0.0685005	0.0720055	0.0936815	0.0897244	0.089756	0.0691129	0.116716	0.112469	0.123284	0.0497582	0.0518311	0.0900282	0.111492	0.087178	0.056462	0.103275	0.104808	0.104808	0.0439793	0.112469	0.114161	0.0540204	0.0396647	0.094893	0.0601414	0.0680673	0.141137	0.0987904	0.150304	0.0715352	0.0636034	0.104808	0.0685005	0.089756	0.113294	0.104808	0.104808	0.104808	0.0601414	0.0900282	0.048539	0.112469	0.0497582	0.118419	0.122011	0.106501	0.118055	0.0399894	0.104808	0.115564	0.0414346	0.089756	0.0685005	0.0497582	0.0497582	0.114161	0.119467	0.048539	0.087178	0.0326388	0.0685005	0.089756	0.0518311	0.0449725	0.117445	0.104808	0.0988406	0.104808	0.103275	0.0604656	0.060597
1000	intercept	0.628328	0.622131	0.63804	0.671538	0.688082	0.670219	0.678125	0.66649	0.660643	0.678419	0.643247	0.680656	0.678543	0.652417	0.655001	0.627351	0.638506	0.664558	0.685728	0.653653	0.670366	0.644585	0.655001	0.668085	0.65069	0.645426	0.641786	0.647048	0.709948	0.661467	0.709948	0.671353	0.65069	0.685728	0.69685	0.654935	0.659449	0.66649	0.651966	0.709948	0.689281	0.65004	0.670366	0.646939	0.701188	0.63965	0.6274	0.65296	0.659011	0.665674	0.670366	0.685728	0.678417	0.641786	0.641786	0.643831	0.650746	0.659637	0.647398	0.668767	0.662217	0.663526	0.633994	0.670366	0.680957	0.709948	0.641786	0.660869	0.670384	0.6483	0.634913	0.659247	0.626587	0.655291	0.644142	0.643247	0.641786	0.65069	0.641786	0.696621	0.639576	0.626587	0.652235	0.64689	0.643673	0.661627	0.672384	0.661533	0.659637	0.651966	0.674217	0.668322	0.663032	0.628266	0.625322	0.670366	0.659247	0.612436	0.641892	0.669344	0.651801	0.663958	0.641786	0.65296	0.709948	0.685798	0.69056	0.62364	0.659206	0.677949	0.668352	0.636531	0.646939	0.670896	0.642209	0.662217	0.665674	0.63914	0.629576	0.709948	0.655371	0.628791	0.659637	0.662217	0.627351	0.6382	0.670219	0.685728	0.643673	0.689505	0.689505	0.670366	0.670219	0.678543	0.670366	0.65393	0.659637	0.709948	0.709948	0.641786	0.641786	0.65753	0.640084	0.670366	0.640851	0.660811	0.680767	0.687445	0.659637	0.664156	0.709948	0.655785	0.641786	0.621011	0.676104	0.641786	0.65296	0.637198	0.635407	0.709948	0.670366	0.688162	0.648216	0.668085	0.640859	0.627351	0.685728	0.703676	0.668267	0.656779	0.665674	0.641786	0.641786	0.670219	0.615776	0.6716	0.655719	0.651966	0.636531	0.621503	0.671375	0.645416	0.685728	0.651019	0.650712	0.645989	0.652639	0.681902	0.6693	0.636531	0.69056	0.641786	0.641786	0.673017	0.668085	0.666015	0.615776	0.641892	0.709948	0.689505	0.677949	0.663593	0.664168	0.652417	0.688082	0.677949	0.676296	0.670366	0.659637	0.677949	0.636531	0.659637	0.677164	0.63965	0.643673	0.665674	0.663593	0.641786	0.641786	0.685728	0.636531	0.670219	0.653835	0.659637	0.680459	0.634913	0.670303	0.670219	0.636531	0.659637	0.651966	0.681839	0.659131	0.655001	0.659247	0.683645	0.659637	0.634913	0.643247	0.668085	0.651019	0.636531	0.643351	0.675349	0.685728	0.671555	0.655371	0.633913	0.709948	0.625322	0.640084	0.670366	0.655315	0.65296	0.659637	0.685728	0.659637	0.661707	0.659637	0.685728	0.601326	0.650965	0.69056	0.670303	0.646303	0.63965	0.627351	0.696621	0.641892	0.64199	0.645989	0.651966	0.655001	0.634754	0.655371	0.665674	0.643943	0.642298	0.662217	0.634754	0.627351	0.63965	0.641786	0.666866	0.685728	0.668767	0.676087	0.655785	0.670366	0.641786	0.619923	0.65569	0.627351	0.662217	0.641786	0.628845	0.627351	0.63804	0.665674	0.678543	0.659637	0.645143	0.66649	0.677949	0.709948	0.670366	0.662217	0.641786	0.677164	0.685728	0.662217	0.659637	0.647515	0.709948	0.63965	0.662217	0.659637	0.677949	0.651801	0.662217	0.643351	0.659637	0.709948	0.665674	0.666908	0.685728	0.63804	0.63965	0.640527	0.670366	0.642363	0.644996	0.615776	0.65069	0.64689	0.636531	0.672592	0.659637	0.684702	0.645989	0.650746	0.655785	0.65069	0.628485	0.662217	0.637144	0.641786	0.655001	0.646939	0.636531	0.685728	0.69056	0.668767	0.670366	0.655291	0.641786	0.641786	0.659637	0.668085	0.685728	0.641786	0.670366	0.663958	0.647515	0.622077	0.637144	0.669358	0.670366	0.650746	0.677949	0.636531	0.685728	0.641786	0.619923	0.66649	0.648216	0.709948	0.6382	0.641892	0.709948	0.65069	0.670366	0.701211	0.709948	0.636531	0.641786	0.677949	0.652923	0.637391	0.670366	0.65296	0.645989	0.672384	0.662217	0.669358	0.659637	0.633523	0.662217	0.6615	0.655001
2000	slope	0.154046	0.155325	0.147993	0.158072	0.155325	0.147032	0.159628	0.147304	0.14569	0.18842	0.146831	0.16792	0.157859	0.151669	0.161587	0.151513	0.163996	0.146252	0.175085	0.160636	0.188526	0.138614	0.137366	0.156251	0.114097	0.181477	0.170399	0.133529	0.157219	0.19114	0.147783	0.185454	0.175675	0.158514	0.154764	0.150499	0.166895	0.169393	0.155325	0.176065	0.178253	0.163865	0.161587	0.178327	0.163996	0.129614	0.161491	0.136483	0.194015	0.139291	0.14695	0.139291	0.189508	0.151881	0.19114	0.134191	0.155044	0.166833	0.133265	0.144568	0.153126	0.139177	0.129647	0.133078	0.168782	0.138949	0.186058	0.151513	0.160636	0.139291	0.160636	0.203897	0.158072	0.158514	0.129103	0.19114	0.159646	0.161871	0.188526	0.114423	0.14569	0.142644	0.149059	0.165044	0.136483	0.159522	0.160636	0.144077	0.151854	0.162441	0.139291	0.151513	0.151513	0.125735	0.159315	0.178005	0.186058	0.163865	0.139863	0.157902	0.136076	0.157859	0.144774	0.164444	0.172016	0.155533	0.151513	0.136875	0.155325	0.14569	0.155325	0.178154	0.178154	0.165426	0.163865	0.162657	0.121646	0.137366	0.153751	0.166833	0.165687	0.136076	0.168995	0.166833	0.194015	0.158072	0.153634	0.168782	0.139863	0.141779	0.177576	0.136076	0.16229	0.173299	0.19114	0.194015	0.172243	0.157859	0.161937	0.121428	0.154046	0.154046	0.161587	0.161587	0.160636	0.136703	0.121646	0.170193	0.18029	0.157886	0.154046	0.141779	0.142644	0.155325	0.175085	0.146849	0.14692	0.161491	0.163865	0.136841	0.158874	0.157281	0.203229	0.151212	0.167786	0.164771	0.159274	0.177576	0.151513	0.134175	0.202192	0.142327	0.164771	0.161587	0.154764	0.141779	0.159522	0.121646	0.188261	0.181477	0.214475	0.129614	0.178154	0.182238	0.157189	0.139863	0.158514	0.177884	0.155325	0.136076	0.197963	0.161587	0.188526	0.151513	0.169274	0.140082	0.156225	0.156649	0.148223	0.158514	0.188261	0.158514	0.163996	0.163865	0.139705	0.161491	0.14175	0.139177	0.172016	0.165426	0.155844	0.142644	0.161587	0.151957	0.124164	0.152598	0.136483	0.188526	0.154046	0.197963	0.188526	0.163996	0.116687	0.15164	0.186058	0.139291	0.159522	0.162314	0.151513	0.163865	0.155325	0.163996	0.154046	0.136076	0.167086	0.133529	0.163239	0.178253	0.135125	0.151513	0.185701	0.154046	0.137366	0.131871	0.163865	0.129103	0.172016	0.135301	0.172227	0.161587	0.129103	0.188526	0.162268	0.12755	0.160636	0.213926	0.129614	0.121646	0.186058	0.138949	0.163996	0.179043	0.161491	0.139291	0.159522	0.163865	0.154689	0.158514	0.150635	0.147476	0.141779	0.158719	0.163865	0.126384	0.13205	0.136841	0.163865	0.135301	0.13205	0.148075	0.16792	0.154615	0.19114	0.155325	0.158072	0.134175	0.157886	0.161587	0.134175	0.142327	0.154615	0.168862	0.158874	0.142932	0.161587	0.170779	0.117234	0.139863	0.197963	0.12682	0.159205	0.160636	0.163865	0.147783	0.181117	0.136076	0.181477	0.158514	0.178154	0.160636	0.161587	0.13205	0.14175	0.181117	0.163996	0.166833	0.188526	0.151513	0.162018	0.131036	0.129103	0.171032	0.19927	0.172082	0.175085	0.158072	0.18336	0.139291	0.150635	0.15499	0.156065	0.142229	0.154738	0.147193	0.184662	0.157588	0.163579	0.178253	0.142932	0.14569	0.188261	0.160636	0.138486	0.154615	0.163996	0.133223	0.152992	0.136076	0.163996	0.159646	0.157886	0.155325	0.163996	0.151024	0.181117	0.144774	0.178154	0.155325	0.145916	0.141779	0.163996	0.172016	0.137366	0.136076	0.158719	0.136076	0.14569	0.129647	0.167301	0.154499	0.129614	0.133078	0.151513	0.175085	0.160636	0.188526	0.13205	0.142327	0.127056	0.144774	0.163579	0.155325	0.155188	0.155325	0.117234	0.19114	0.141779	0.19927	0.125218	0.154738	0.136076	0.167086	0.19927	0.18029	0.172647	0.191249	0.134175	0.158874	0.139291	0.19114
2000	intercept	0.765164	0.766172	0.751195	0.747121	0.782703	0.762629	0.751195	0.758348	0.750109	0.754078	0.754205	0.739447	0.771656	0.763732	0.752806	0.762629	0.756565	0.7533	0.747601	0.756727	0.762699	0.762853	0.767912	0.758206	0.767535	0.730987	0.749127	0.767127	0.758348	0.757818	0.752806	0.755971	0.758108	0.749904	0.754536	0.758348	0.758795	0.756565	0.749681	0.759482	0.717312	0.758795	0.752806	0.750338	0.743983	0.767535	0.769043	0.758123	0.756278	0.753562	0.777523	0.774628	0.749991	0.751345	0.757818	0.767912	0.760585	0.755075	0.777259	0.749303	0.762956	0.775133	0.767535	0.760585	0.756993	0.759785	0.751716	0.762629	0.756727	0.77706	0.76634	0.755971	0.747121	0.782389	0.776302	0.751062	0.759211	0.738762	0.762699	0.774729	0.756854	0.754503	0.782803	0.760233	0.758123	0.731071	0.76634	0.736683	0.750451	0.748266	0.77706	0.762629	0.762629	0.767535	0.760972	0.749904	0.751716	0.758795	0.766828	0.756358	0.793572	0.771656	0.760585	0.754509	0.756723	0.751195	0.762629	0.750564	0.766172	0.756854	0.767514	0.719145	0.723021	0.771656	0.758795	0.759211	0.751688	0.767912	0.751195	0.750338	0.751195	0.788126	0.755839	0.752594	0.756278	0.759925	0.761952	0.753689	0.757794	0.767911	0.76163	0.788126	0.761878	0.763059	0.755971	0.756278	0.756837	0.771656	0.752142	0.760585	0.774537	0.765164	0.747978	0.752806	0.762321	0.778767	0.751688	0.733021	0.756565	0.751195	0.765164	0.756727	0.754503	0.766172	0.762172	0.750209	0.742166	0.769043	0.758795	0.757794	0.750902	0.751195	0.740425	0.751735	0.752806	0.751195	0.756565	0.76163	0.75343	0.781415	0.73457	0.750982	0.751195	0.757048	0.754536	0.756727	0.734407	0.751688	0.767018	0.736394	0.765652	0.765912	0.714882	0.742029	0.755584	0.757794	0.782389	0.737836	0.766172	0.793572	0.752753	0.752806	0.755828	0.762629	0.723021	0.750982	0.757757	0.763897	0.758125	0.758348	0.777147	0.758348	0.756565	0.758795	0.765217	0.769043	0.767912	0.775133	0.756723	0.771656	0.756565	0.754503	0.757425	0.754803	0.774729	0.759211	0.770223	0.76777	0.765164	0.749554	0.76777	0.756565	0.767535	0.758348	0.751716	0.77706	0.731071	0.782389	0.75343	0.774151	0.766172	0.756565	0.765164	0.788126	0.756565	0.767127	0.747557	0.717312	0.742956	0.762629	0.750338	0.765164	0.767912	0.788126	0.774151	0.776302	0.763957	0.770223	0.754536	0.75017	0.762923	0.78692	0.769274	0.767535	0.76634	0.748912	0.765912	0.751688	0.751716	0.759785	0.752484	0.723021	0.769043	0.774628	0.731071	0.758795	0.758795	0.730504	0.756567	0.772355	0.756727	0.756727	0.758795	0.767425	0.729474	0.757794	0.774151	0.770223	0.729474	0.748526	0.751195	0.765217	0.757818	0.749681	0.739399	0.779762	0.751195	0.752806	0.779762	0.750982	0.765217	0.744026	0.758177	0.739524	0.752806	0.770041	0.774729	0.757794	0.749554	0.776302	0.753689	0.756727	0.774151	0.752806	0.750338	0.788126	0.730504	0.758348	0.723021	0.76634	0.752806	0.729474	0.767912	0.750338	0.756565	0.761615	0.76367	0.774839	0.765217	0.762603	0.776302	0.756565	0.755971	0.7533	0.762172	0.758348	0.759482	0.753562	0.756567	0.750684	0.764134	0.755569	0.752989	0.766172	0.762699	0.762629	0.769043	0.717312	0.739524	0.755569	0.767018	0.756727	0.753842	0.765217	0.759423	0.775672	0.766599	0.788126	0.756565	0.759211	0.751195	0.749681	0.743983	0.750109	0.750338	0.760585	0.723021	0.766172	0.762629	0.756727	0.743983	0.763957	0.767912	0.759865	0.756727	0.793572	0.748551	0.767535	0.745096	0.734899	0.762603	0.760585	0.75343	0.762172	0.756727	0.762699	0.729474	0.750982	0.744179	0.760585	0.769043	0.766172	0.767192	0.766172	0.774729	0.757818	0.756727	0.75303	0.767535	0.766599	0.788126	0.756565	0.764128	0.756565	0.733021	0.749307	0.784116	0.758177	0.77706	0.751062
3000	slope	0.152775	0.148274	0.138954	0.12683	0.162221	0.131721	0.145431	0.192523	0.180937	0.150082	0.138954	0.143944	0.145431	0.117487	0.155569	0.186238	0.148624	0.146575	0.161398	0.112417	0.152775	0.142394	0.145431	0.164256	0.134377	0.147451	0.125976	0.143739	0.157726	0.149136	0.13308	0.142021	0.135666	0.134839	0.118529	0.130263	0.18589	0.125886	0.156501	0.183541	0.147729	0.134312	0.178285	0.143739	0.147729	0.139911	0.141436	0.158215	0.126066	0.164071	0.129744	0.13768	0.118612	0.108784	0.18312	0.146065	0.179515	0.134377	0.14486	0.131363	0.130657	0.134377	0.141162	0.186829	0.141324	0.180937	0.13964	0.129824	0.117487	0.130192	0.156023	0.125498	0.146938	0.145431	0.180159	0.156812	0.201113	0.180937	0.154325	0.130039	0.183541	0.145431	0.135416	0.183541	0.138954	0.128267	0.123442	0.13963	0.119215	0.148824	0.126171	0.130263	0.146938	0.162422	0.14633	0.18312	0.150438	0.16327	0.18312	0.152979	0.138954	0.147093	0.164256	0.179515	0.151694	0.13964	0.138938	0.147729	0.117595	0.135416	0.151715	0.134377	0.136476	0.155569	0.144463	0.154382	0.12795	0.139418	0.121688	0.186238	0.126171	0.144961	0.152142	0.14691	0.132608	0.142171	0.147871	0.13022	0.118529	0.170743	0.144954	0.130039	0.18312	0.164931	0.147299	0.162615	0.117595	0.129744	0.120628	0.120628	0.164112	0.144888	0.142394	0.179515	0.145431	0.147729	0.142171	0.147282	0.152142	0.155569	0.18312	0.150438	0.158995	0.160595	0.118529	0.139798	0.116426	0.143739	0.147729	0.145431	0.146543	0.123442	0.139798	0.189377	0.117487	0.162695	0.159646	0.186238	0.128254	0.168506	0.143624	0.147226	0.148587	0.130283	0.137441	0.145431	0.18312	0.134312	0.159162	0.145917	0.148817	0.159447	0.143624	0.130192	0.150438	0.120628	0.153286	0.134312	0.128254	0.170743	0.133721	0.179515	0.118616	0.176865	0.130192	0.145431	0.147282	0.150438	0.164256	0.143624	0.152019	0.158488	0.150438	0.156023	0.1479	0.145431	0.180937	0.186238	0.13308	0.18312	0.140115	0.130192	0.145431	0.130039	0.15032	0.117487	0.142171	0.117065	0.141204	0.124386	0.120506	0.125955	0.136377	0.12795	0.119899	0.132908	0.190952	0.117595	0.152142	0.180937	0.180937	0.186829	0.134377	0.11804	0.142394	0.147924	0.18312	0.14025	0.157726	0.201113	0.229168	0.12795	0.147694	0.124923	0.168506	0.126854	0.148817	0.145431	0.145431	0.146575	0.130192	0.12683	0.141204	0.186238	0.145305	0.157157	0.14269	0.148624	0.152123	0.143739	0.130263	0.145431	0.144888	0.18312	0.201113	0.140323	0.183541	0.18312	0.131363	0.148624	0.136688	0.16269	0.130263	0.130039	0.135416	0.136476	0.18312	0.138938	0.117487	0.158571	0.149742	0.118529	0.130039	0.179515	0.155569	0.18589	0.130192	0.163256	0.134377	0.161424	0.155569	0.146575	0.155569	0.134377	0.154333	0.13964	0.190952	0.145431	0.186829	0.135416	0.154333	0.128112	0.148624	0.179515	0.13964	0.148135	0.150438	0.156812	0.126066	0.18312	0.147729	0.117595	0.144995	0.148587	0.130039	0.136636	0.162422	0.11804	0.124143	0.145431	0.141204	0.11321	0.124923	0.116426	0.120628	0.147729	0.147093	0.135416	0.159722	0.179515	0.130263	0.131841	0.126066	0.141191	0.124923	0.130039	0.13022	0.13964	0.133721	0.140323	0.159967	0.117207	0.134377	0.147299	0.123442	0.179515	0.159967	0.147729	0.147924	0.136636	0.14482	0.201113	0.179515	0.145431	0.13964	0.201113	0.167877	0.13964	0.147469	0.152142	0.118529	0.179515	0.134197	0.13022	0.11804	0.133721	0.117487	0.140323	0.117487	0.130192	0.126066	0.156023	0.149997	0.18312	0.143429	0.156501	0.14486	0.145431	0.130263	0.140323	0.148624	0.135754	0.18312	0.123442	0.161347	0.18312	0.164256	0.154325	0.156023	0.145431	0.134377	0.131363	0.163256	0.148624	0.118616	0.179515	0.140044	0.13308	0.17946	0.160049
3000	intercept	0.780034	0.806405	0.816463	0.785963	0.795569	0.807312	0.775438	0.768769	0.793867	0.790603	0.786813	0.7662	0.80928	0.800418	0.766494	0.718263	0.799526	0.796988	0.809453	0.816509	0.780034	0.798566	0.800694	0.796565	0.791391	0.782036	0.793812	0.763969	0.771975	0.809505	0.806363	0.807206	0.81989	0.758701	0.807237	0.801544	0.768478	0.847347	0.810805	0.75581	0.807645	0.789535	0.768478	0.763969	0.800201	0.791358	0.810848	0.758172	0.76928	0.788823	0.803144	0.781358	0.823416	0.785127	0.744092	0.821572	0.777444	0.788552	0.806793	0.776628	0.791331	0.795129	0.810962	0.779699	0.807373	0.793867	0.755923	0.795129	0.776648	0.776369	0.766494	0.802399	0.795234	0.792527	0.770684	0.788552	0.777601	0.793867	0.781892	0.78035	0.742354	0.790011	0.804014	0.745117	0.796685	0.799048	0.770258	0.803339	0.812921	0.798534	0.806774	0.780513	0.795234	0.783619	0.770815	0.748019	0.768904	0.781989	0.749076	0.782455	0.816463	0.802863	0.796565	0.770015	0.79277	0.755923	0.804284	0.800201	0.793812	0.805599	0.787849	0.788552	0.779243	0.766494	0.807573	0.75581	0.774348	0.783488	0.802863	0.720532	0.806774	0.777149	0.763969	0.752269	0.800309	0.803793	0.776904	0.800798	0.833798	0.777757	0.776775	0.78035	0.749076	0.759966	0.769732	0.787586	0.793812	0.803144	0.762536	0.732341	0.769732	0.7662	0.798566	0.777298	0.790011	0.800201	0.803793	0.769732	0.763969	0.775981	0.765917	0.768904	0.763157	0.783619	0.807237	0.801591	0.816463	0.763969	0.800201	0.824891	0.809453	0.770258	0.801591	0.733881	0.776648	0.769454	0.774348	0.720532	0.802863	0.759821	0.802837	0.77916	0.786508	0.793812	0.769995	0.814915	0.733881	0.789535	0.788965	0.792527	0.809086	0.820314	0.802837	0.793812	0.770337	0.775943	0.77916	0.789535	0.802863	0.793867	0.802837	0.774753	0.825131	0.783619	0.776369	0.790083	0.769732	0.768904	0.796565	0.802837	0.793812	0.809453	0.768904	0.762357	0.77318	0.806363	0.793867	0.720532	0.809989	0.733881	0.795129	0.793812	0.80102	0.78035	0.766494	0.800418	0.803793	0.802863	0.786813	0.787516	0.793812	0.802863	0.786313	0.774348	0.780641	0.812921	0.766808	0.793812	0.763969	0.793867	0.793867	0.779699	0.784376	0.847347	0.798566	0.809086	0.749076	0.788461	0.773953	0.775397	0.774976	0.774348	0.780538	0.793812	0.759821	0.801159	0.809086	0.819252	0.806363	0.796988	0.793812	0.785963	0.786813	0.720532	0.78905	0.779243	0.772233	0.799526	0.758977	0.763969	0.801544	0.809453	0.764689	0.739964	0.775397	0.795219	0.745117	0.748019	0.776628	0.799526	0.758906	0.771833	0.789262	0.78035	0.804014	0.779243	0.749076	0.804284	0.800418	0.768904	0.77437	0.812921	0.78035	0.770015	0.765957	0.768478	0.793812	0.766494	0.788552	0.77916	0.775981	0.796988	0.762834	0.788552	0.806535	0.768487	0.766808	0.841906	0.779699	0.781445	0.796556	0.797927	0.799526	0.770015	0.755923	0.759966	0.768904	0.788552	0.76928	0.749076	0.800201	0.793812	0.830223	0.786508	0.78035	0.775137	0.783619	0.847347	0.800798	0.79997	0.786813	0.793812	0.793812	0.816463	0.761729	0.800201	0.802863	0.781445	0.763969	0.777444	0.777407	0.759225	0.76928	0.806363	0.793812	0.78035	0.800798	0.755923	0.803354	0.805687	0.782059	0.793731	0.795234	0.769732	0.770258	0.768769	0.782059	0.800201	0.809086	0.775137	0.798566	0.777601	0.774753	0.810805	0.768487	0.777601	0.768862	0.755923	0.755458	0.761859	0.812921	0.770015	0.796988	0.800798	0.847347	0.802837	0.800418	0.788461	0.800418	0.776369	0.76928	0.762357	0.769454	0.757817	0.800201	0.810805	0.806793	0.79997	0.801544	0.788461	0.799526	0.802863	0.748019	0.770258	0.768862	0.749076	0.796565	0.781892	0.762357	0.828525	0.808421	0.776628	0.766494	0.808333	0.825131	0.774753	0.788552	0.809989	0.743311	0.774348
4000	slope	0.159591	0.130263	0.124097	0.111644	0.149256	0.147075	0.104761	0.115882	0.140561	0.165953	0.120262	0.14032	0.0698732	0.141726	0.135395	0.139058	0.161051	0.127372	0.144853	0.146344	0.165154	0.135301	0.151666	0.128586	0.159591	0.122188	0.148271	0.130263	0.091586	0.104761	0.142783	0.134377	0.122519	0.130263	0.114255	0.157931	0.135395	0.0903564	0.118254	0.130857	0.113507	0.116112	0.1339	0.10272	0.11097	0.134149	0.131753	0.130857	0.132757	0.106756	0.104974	0.140168	0.114893	0.101391	0.148271	0.149956	0.113783	0.113061	0.102748	0.118533	0.144258	0.1339	0.115011	0.104761	0.165372	0.142618	0.140168	0.130857	0.143447	0.12952	0.120993	0.142668	0.100023	0.147671	0.127372	0.102748	0.123726	0.10015	0.146404	0.122403	0.143654	0.141512	0.104761	0.137134	0.11403	0.130263	0.101212	0.1023	0.16059	0.149956	0.1339	0.0849576	0.118584	0.128778	0.144258	0.147671	0.140168	0.0943241	0.123878	0.143654	0.124921	0.122188	0.148571	0.127372	0.118533	0.138426	0.15841	0.166834	0.0698732	0.113061	0.125061	0.145412	0.145998	0.123177	0.127372	0.166834	0.120993	0.130829	0.115882	0.143325	0.11267	0.147801	0.127372	0.130263	0.114255	0.133029	0.145476	0.114261	0.142256	0.102309	0.130263	0.126754	0.165953	0.127372	0.104761	0.136002	0.0646865	0.08475	0.122403	0.142044	0.134344	0.166005	0.117065	0.114255	0.126333	0.130263	0.119443	0.10015	0.143715	0.149956	0.130857	0.13008	0.128778	0.102748	0.140168	0.126333	0.11422	0.140168	0.124921	0.118631	0.122403	0.138478	0.124921	0.130263	0.138907	0.130263	0.127372	0.114261	0.118803	0.114255	0.0953162	0.122188	0.14719	0.128778	0.122188	0.0698732	0.13885	0.0698732	0.144339	0.119588	0.128586	0.147023	0.100662	0.0849576	0.0743372	0.157055	0.0903564	0.118533	0.16001	0.149956	0.139221	0.133605	0.139758	0.147671	0.127372	0.104761	0.148271	0.148271	0.0680992	0.134129	0.165953	0.118533	0.144258	0.165154	0.165154	0.165372	0.0796859	0.134129	0.16001	0.140168	0.120262	0.108289	0.128778	0.165953	0.128586	0.124921	0.101391	0.0938196	0.163452	0.130263	0.122188	0.151666	0.128778	0.145476	0.10101	0.141512	0.130263	0.122403	0.153368	0.130857	0.122188	0.143654	0.149956	0.122188	0.113061	0.0977785	0.142613	0.118803	0.138907	0.0970309	0.165372	0.107137	0.151522	0.124921	0.166715	0.130263	0.0743372	0.107685	0.162508	0.120262	0.130263	0.142717	0.104761	0.143654	0.139827	0.152523	0.149307	0.128778	0.134129	0.168174	0.107237	0.113783	0.0995363	0.165372	0.106756	0.165372	0.120262	0.0743372	0.114261	0.127372	0.130263	0.136379	0.163341	0.15375	0.100023	0.110478	0.127372	0.127372	0.144889	0.144339	0.165953	0.146382	0.10101	0.114261	0.134129	0.148271	0.128606	0.107685	0.165154	0.118533	0.130857	0.142668	0.123878	0.127372	0.104761	0.125371	0.149307	0.1339	0.127372	0.122188	0.149307	0.130263	0.118533	0.118254	0.0953162	0.157055	0.127613	0.115624	0.149956	0.139348	0.125371	0.125291	0.130263	0.133482	0.143965	0.130857	0.176967	0.124921	0.119097	0.117207	0.104761	0.101391	0.160184	0.122499	0.157055	0.130857	0.115311	0.130857	0.117065	0.148271	0.143654	0.118254	0.113199	0.122188	0.0947654	0.149256	0.115311	0.124921	0.1339	0.141072	0.114255	0.12161	0.105266	0.145476	0.144258	0.0943783	0.118533	0.149307	0.105384	0.128778	0.11267	0.128778	0.127613	0.143654	0.122714	0.100023	0.101391	0.104158	0.117207	0.128586	0.130333	0.151666	0.11403	0.117065	0.153368	0.149256	0.128778	0.122403	0.127613	0.165953	0.127133	0.142668	0.134129	0.128778	0.123952	0.115882	0.120993	0.166185	0.148271	0.107137	0.123878	0.165154	0.106756	0.11041	0.144258	0.118803	0.110478	0.138992	0.104761	0.149956	0.152523	0.14032	0.152735	0.12161	0.124921	0.130263	0.165154	0.13885	0.145476	0.15375
4000	intercept	0.783393	0.801155	0.795921	0.790804	0.790299	0.815589	0.810514	0.790804	0.804873	0.771228	0.790016	0.772258	0.819627	0.794146	0.779996	0.786514	0.769522	0.815747	0.77968	0.816634	0.767722	0.798153	0.792037	0.802028	0.785616	0.790087	0.788826	0.797546	0.830891	0.805506	0.785439	0.822625	0.821721	0.800313	0.787324	0.792399	0.779996	0.80366	0.813371	0.791021	0.786736	0.823749	0.778841	0.785557	0.826573	0.785932	0.790016	0.791021	0.789831	0.844285	0.806943	0.792778	0.793345	0.827417	0.788826	0.770924	0.776584	0.800707	0.841338	0.817467	0.774526	0.778841	0.805541	0.810514	0.802257	0.788924	0.778457	0.813759	0.793235	0.816307	0.827314	0.799333	0.785557	0.80426	0.808442	0.824567	0.794688	0.818008	0.793889	0.828353	0.794146	0.781483	0.810514	0.808442	0.82789	0.798897	0.828593	0.821704	0.78604	0.770924	0.778841	0.828809	0.817467	0.826896	0.774526	0.80426	0.778457	0.841035	0.783886	0.794146	0.80809	0.826086	0.780723	0.808442	0.808861	0.788291	0.77988	0.763264	0.811975	0.800707	0.811465	0.80786	0.793122	0.827298	0.808442	0.758268	0.827314	0.838295	0.790804	0.791676	0.825776	0.788291	0.815747	0.801155	0.787324	0.810347	0.76941	0.826243	0.796853	0.814951	0.800313	0.803784	0.771228	0.830741	0.810514	0.803685	0.819627	0.785557	0.833136	0.793409	0.793594	0.790287	0.796725	0.787324	0.817813	0.807214	0.791021	0.818008	0.794523	0.770924	0.791021	0.77972	0.816986	0.824567	0.792778	0.817345	0.844285	0.789316	0.778515	0.801155	0.828353	0.805511	0.80809	0.800313	0.811465	0.801155	0.816046	0.826243	0.81741	0.787324	0.82235	0.826086	0.770924	0.826896	0.826086	0.811975	0.793006	0.811975	0.801155	0.787904	0.811375	0.794146	0.785557	0.828809	0.811873	0.791676	0.80366	0.808861	0.752272	0.770924	0.784008	0.799725	0.792778	0.80426	0.815747	0.810514	0.788826	0.788826	0.808168	0.811865	0.771228	0.800402	0.774526	0.767722	0.767722	0.786182	0.808168	0.811865	0.763264	0.792778	0.790016	0.810484	0.82796	0.75613	0.811375	0.80809	0.820996	0.830325	0.807278	0.801155	0.826086	0.792037	0.826896	0.76941	0.810514	0.781483	0.800313	0.827417	0.792037	0.791021	0.826086	0.794146	0.770924	0.807213	0.800707	0.786836	0.788019	0.807764	0.811465	0.811963	0.802257	0.825718	0.803424	0.80809	0.766714	0.801155	0.828809	0.818937	0.763264	0.790016	0.801155	0.807214	0.810514	0.794146	0.803424	0.766604	0.803424	0.826896	0.811865	0.792778	0.810514	0.776584	0.824704	0.802257	0.844285	0.802257	0.790016	0.828809	0.826243	0.830741	0.805718	0.795086	0.801155	0.788414	0.785557	0.832229	0.799016	0.808442	0.792239	0.801155	0.771228	0.792778	0.810514	0.826243	0.802342	0.804848	0.791676	0.815897	0.767722	0.805934	0.791021	0.799333	0.783886	0.808442	0.810514	0.807214	0.803424	0.778841	0.808442	0.804512	0.803424	0.798897	0.817467	0.813371	0.82235	0.791676	0.791021	0.805439	0.770924	0.792778	0.807214	0.81194	0.801155	0.77218	0.780878	0.791021	0.786725	0.778515	0.827417	0.805172	0.810514	0.827417	0.791676	0.796498	0.791676	0.791021	0.803506	0.791021	0.803506	0.788826	0.794146	0.813371	0.824567	0.807213	0.810609	0.790299	0.803506	0.778515	0.778841	0.770924	0.787324	0.810692	0.821227	0.780878	0.774526	0.843952	0.817467	0.803424	0.821524	0.826896	0.825776	0.82796	0.791021	0.794146	0.821721	0.785557	0.826326	0.782392	0.805172	0.802028	0.826896	0.792037	0.82789	0.808854	0.792835	0.790299	0.816986	0.828353	0.791021	0.771228	0.826086	0.799333	0.811865	0.816986	0.826243	0.790804	0.827314	0.792778	0.788826	0.825718	0.783886	0.767722	0.839237	0.826326	0.774526	0.807764	0.837047	0.811978	0.810514	0.770924	0.766604	0.772258	0.764724	0.810692	0.806015	0.807273	0.750157	0.793006	0.773417	0.793999
5000	slope	0.106193	0.101179	0.124892	0.125973	0.103411	0.103354	0.140692	0.124892	0.132735	0.0980407	0.106118	0.140729	0.0977457	0.0987136	0.105675	0.107356	0.0614854	0.104189	0.102645	0.123379	0.114096	0.114239	0.125244	0.115866	0.115051	0.0846054	0.136177	0.137745	0.118957	0.140692	0.137083	0.123608	0.10046	0.0835379	0.124892	0.105545	0.158279	0.121334	0.133799	0.103354	0.132598	0.0932939	0.13533	0.11446	0.105545	0.132598	0.125587	0.0980407	0.0995131	0.0918305	0.102283	0.123379	0.119597	0.133001	0.0863731	0.0980252	0.0904641	0.11515	0.108706	0.0917647	0.139316	0.110577	0.114259	0.115051	0.0754915	0.118442	0.141274	0.132735	0.140692	0.096643	0.103354	0.115866	0.11553	0.0918305	0.11748	0.139316	0.131575	0.115866	0.133799	0.138786	0.105545	0.091111	0.124892	0.0980252	0.114631	0.121775	0.132598	0.116582	0.118738	0.146808	0.124892	0.114096	0.107548	0.152779	0.0918246	0.102283	0.0917647	0.1122	0.121775	0.120779	0.101197	0.140692	0.126302	0.103411	0.110577	0.103111	0.124591	0.132598	0.110839	0.093188	0.10102	0.115832	0.110577	0.132598	0.101435	0.121094	0.137588	0.145827	0.0917647	0.121775	0.0918305	0.097618	0.119617	0.133799	0.142869	0.166227	0.0980252	0.0826181	0.135472	0.102283	0.0925686	0.107548	0.107954	0.125244	0.112998	0.111121	0.114239	0.0974471	0.11446	0.0984624	0.139665	0.137006	0.134123	0.0895683	0.138204	0.0918305	0.133353	0.0941062	0.0807394	0.11441	0.115051	0.0807394	0.133799	0.103411	0.107548	0.110178	0.10239	0.140729	0.115051	0.141274	0.160726	0.104189	0.112998	0.0867605	0.119401	0.115051	0.107356	0.123379	0.129714	0.159921	0.123608	0.103411	0.133799	0.119081	0.110378	0.111208	0.102283	0.103354	0.125587	0.112998	0.106829	0.115051	0.124041	0.110844	0.125876	0.124892	0.0952917	0.115051	0.0918305	0.145827	0.110577	0.101179	0.0846054	0.140692	0.138204	0.103111	0.147282	0.103712	0.139289	0.111397	0.118957	0.140729	0.125244	0.123379	0.115051	0.0996441	0.0995131	0.133799	0.0918305	0.110577	0.136177	0.125587	0.111298	0.139316	0.101435	0.132842	0.102645	0.145827	0.119597	0.103329	0.152779	0.12021	0.133799	0.0766765	0.1383	0.145827	0.115866	0.109106	0.0985399	0.112822	0.0991323	0.093188	0.137083	0.093188	0.133001	0.0807394	0.108482	0.110577	0.0936334	0.106118	0.125244	0.125587	0.148291	0.0797986	0.124242	0.107043	0.0957674	0.110378	0.145827	0.166227	0.123379	0.138786	0.0960836	0.107548	0.163295	0.146808	0.0957674	0.0941062	0.098563	0.11553	0.093188	0.109889	0.137892	0.139876	0.108634	0.0867605	0.110577	0.0974612	0.115051	0.114096	0.0824273	0.136177	0.0980252	0.166227	0.0952917	0.0963215	0.110577	0.107548	0.0909047	0.11553	0.093188	0.10046	0.104735	0.102645	0.117204	0.10102	0.103354	0.125244	0.166227	0.141274	0.104735	0.12021	0.0861993	0.117057	0.108681	0.141274	0.11086	0.0974612	0.117303	0.129961	0.102283	0.140692	0.103354	0.105545	0.093188	0.138204	0.102283	0.140692	0.12021	0.124242	0.112998	0.114096	0.138204	0.141274	0.0807394	0.0807394	0.0932939	0.117753	0.0918246	0.125587	0.117204	0.0918246	0.145827	0.141274	0.140692	0.138204	0.159921	0.136692	0.082674	0.0957674	0.0980252	0.103354	0.093188	0.118957	0.124242	0.103354	0.0917647	0.115866	0.102283	0.0980252	0.10822	0.124892	0.114858	0.141274	0.142869	0.0894671	0.121775	0.125271	0.0918305	0.115051	0.0846054	0.106896	0.124242	0.123379	0.102283	0.0918246	0.0944724	0.126005	0.10214	0.158279	0.0991323	0.129959	0.124041	0.107356	0.104735	0.0918305	0.132735	0.0918305	0.10102	0.103354	0.140692	0.098563	0.12779	0.124264	0.163295	0.0887438	0.102588	0.077868	0.103411	0.115051	0.121775	0.0918246	0.10046	0.103354	0.0980407	0.0991323	0.145827	0.101435	0.0826181	0.101179	0.138204	0.0980252	0.154232	0.084488	0.104189	0.114096	0.0952917	0.137437	0.145827	0.100776
5000	intercept	0.791649	0.807831	0.796928	0.773926	0.809182	0.839504	0.791906	0.807309	0.789832	0.834948	0.809721	0.773926	0.838087	0.813391	0.794444	0.845986	0.837007	0.836927	0.81943	0.799299	0.814791	0.765463	0.83777	0.844231	0.812849	0.824996	0.791466	0.790679	0.834948	0.785709	0.815587	0.813593	0.835049	0.797537	0.793606	0.817335	0.788218	0.779862	0.773353	0.832904	0.784052	0.811222	0.784432	0.802939	0.817335	0.784052	0.773926	0.834948	0.832074	0.839508	0.841214	0.798541	0.793846	0.801083	0.797537	0.812889	0.844098	0.79632	0.80159	0.797537	0.785239	0.822481	0.798541	0.820349	0.83576	0.812219	0.792131	0.789832	0.784744	0.846683	0.839504	0.84484	0.79026	0.835939	0.79806	0.785239	0.80948	0.846367	0.779783	0.812843	0.817335	0.816095	0.807309	0.812889	0.80027	0.851837	0.784052	0.820967	0.806666	0.792131	0.801083	0.814791	0.829169	0.781355	0.816488	0.828247	0.797537	0.799182	0.851837	0.778727	0.80358	0.785709	0.801735	0.791647	0.822481	0.810722	0.816064	0.784052	0.818361	0.844098	0.79806	0.835972	0.822481	0.784052	0.814791	0.78974	0.802586	0.772681	0.797537	0.851837	0.839508	0.81226	0.83777	0.773353	0.791906	0.774137	0.812889	0.842005	0.790679	0.832074	0.816488	0.829169	0.814866	0.83777	0.819416	0.815386	0.782036	0.816347	0.802939	0.797537	0.76677	0.781419	0.803847	0.812889	0.784815	0.839508	0.795269	0.814791	0.837007	0.772273	0.815456	0.837007	0.773353	0.809182	0.829169	0.845802	0.832268	0.773926	0.820349	0.792131	0.788218	0.829682	0.817335	0.825922	0.832412	0.812849	0.845802	0.799299	0.760972	0.786243	0.798373	0.809182	0.773353	0.829451	0.797537	0.811435	0.832074	0.839504	0.786692	0.817335	0.819955	0.815456	0.817979	0.820754	0.817971	0.804631	0.812345	0.815456	0.842536	0.781355	0.822481	0.807831	0.825922	0.785709	0.784815	0.817379	0.781355	0.82592	0.818654	0.826083	0.834948	0.773926	0.83777	0.79684	0.815456	0.839504	0.832074	0.782414	0.842536	0.829697	0.791557	0.773926	0.773353	0.785239	0.814791	0.812843	0.836927	0.781355	0.793846	0.80358	0.781355	0.795946	0.773353	0.814854	0.781835	0.781355	0.844231	0.814791	0.812889	0.809182	0.861637	0.844098	0.819352	0.844098	0.801083	0.837007	0.799869	0.822481	0.797537	0.790566	0.83777	0.782037	0.801745	0.827492	0.798541	0.790679	0.840225	0.797537	0.791291	0.774137	0.798541	0.812843	0.800559	0.829169	0.781355	0.792131	0.840225	0.814791	0.804038	0.792144	0.844179	0.820106	0.808032	0.781355	0.827492	0.825922	0.822481	0.835076	0.812849	0.814791	0.861637	0.791557	0.794444	0.774137	0.812345	0.812889	0.822481	0.838568	0.825922	0.79026	0.844098	0.835049	0.797537	0.836927	0.801844	0.79806	0.839504	0.83777	0.774137	0.792131	0.797537	0.795946	0.832116	0.805577	0.819388	0.792131	0.83359	0.835076	0.815456	0.807309	0.832074	0.791906	0.839504	0.799836	0.862096	0.784815	0.832074	0.799843	0.786692	0.798541	0.815406	0.814791	0.784815	0.79619	0.837007	0.837007	0.811222	0.821411	0.816488	0.773926	0.801844	0.804773	0.771929	0.792131	0.785709	0.784815	0.800003	0.773353	0.814854	0.830791	0.812889	0.842927	0.844098	0.834948	0.798541	0.839504	0.797537	0.84484	0.832074	0.812889	0.846367	0.810636	0.781437	0.792131	0.791906	0.825922	0.851837	0.774137	0.839508	0.812849	0.85657	0.834948	0.798541	0.799299	0.832074	0.816488	0.837007	0.781437	0.83839	0.788218	0.861637	0.773353	0.827272	0.845802	0.797537	0.839508	0.789832	0.842536	0.79806	0.839504	0.791906	0.804038	0.773926	0.756784	0.781355	0.837049	0.838087	0.85209	0.799545	0.820349	0.851837	0.816488	0.835049	0.839504	0.834948	0.861637	0.781355	0.814791	0.839504	0.807831	0.784815	0.812889	0.785796	0.837007	0.829682	0.814791	0.812345	0.784052	0.771929	0.804038
6000	slope	0.103597	0.0996289	0.108183	0.115051	0.0984159	0.11757	0.115512	0.0435493	0.0990827	0.0906913	0.10985	0.069145	0.111324	0.105947	0.0929968	0.153479	0.104371	0.0964273	0.12448	0.0634589	0.111324	0.129034	0.0778584	0.118482	0.0983726	0.106192	0.127721	0.116554	0.108237	0.125071	0.115358	0.0882485	0.115155	0.108067	0.101101	0.107322	0.0963076	0.110806	0.0825201	0.0996868	0.108394	0.121466	0.101794	0.109044	0.140609	0.093417	0.0986127	0.093417	0.0773453	0.110789	0.0698812	0.11375	0.0996868	0.132813	0.109044	0.0958514	0.102187	0.12485	0.0948185	0.148278	0.0958514	0.0970033	0.126897	0.0850329	0.124915	0.12208	0.122132	0.110124	0.110426	0.0825201	0.11375	0.118187	0.118646	0.122163	0.0773453	0.093417	0.089919	0.11782	0.0990827	0.0907494	0.14268	0.102085	0.0923152	0.108237	0.140609	0.102617	0.111324	0.0762628	0.0896567	0.0634589	0.0948185	0.1397	0.12369	0.0996868	0.100672	0.108972	0.081408	0.103261	0.0893023	0.123969	0.0970033	0.136563	0.0853905	0.0981348	0.110869	0.0991493	0.0948185	0.115155	0.110869	0.0990827	0.11375	0.1047	0.110806	0.0864847	0.0923152	0.132506	0.115358	0.0893023	0.0986127	0.112686	0.0821848	0.110347	0.0749235	0.110441	0.0828459	0.115155	0.107322	0.112686	0.0998285	0.14007	0.0996289	0.11375	0.114888	0.118049	0.0850329	0.119949	0.0648465	0.0758497	0.097621	0.110866	0.115358	0.0737709	0.132506	0.111815	0.0990827	0.111858	0.104131	0.118296	0.101794	0.119684	0.0963553	0.14007	0.0886526	0.0948185	0.107322	0.0998285	0.128636	0.0698812	0.108394	0.107287	0.120813	0.112686	0.0850329	0.119442	0.0758497	0.0948185	0.0996289	0.0972047	0.0850329	0.153666	0.117331	0.0996289	0.0996868	0.124615	0.0749235	0.0825201	0.10567	0.0435493	0.129034	0.0934555	0.0963076	0.0823498	0.107334	0.0953349	0.114888	0.103321	0.0829253	0.0634589	0.0634589	0.1397	0.0758497	0.139307	0.113916	0.107554	0.121466	0.122094	0.09975	0.15306	0.0825201	0.118002	0.105547	0.121466	0.115358	0.0825201	0.108972	0.123607	0.124592	0.115826	0.0920832	0.0830058	0.109609	0.120804	0.111324	0.0948185	0.111324	0.093417	0.0830058	0.103597	0.14007	0.0995986	0.103597	0.110536	0.087313	0.117331	0.0998285	0.093417	0.139307	0.080443	0.0995986	0.110869	0.121466	0.108972	0.124592	0.0758497	0.0773453	0.112209	0.0787844	0.112598	0.0910007	0.124615	0.144217	0.114477	0.15306	0.115051	0.111324	0.109044	0.0779114	0.133607	0.0758497	0.110536	0.0773453	0.0948185	0.0920924	0.0946251	0.0779114	0.108699	0.132506	0.100651	0.0968506	0.080443	0.0773453	0.0998285	0.10704	0.10704	0.132813	0.108067	0.0816945	0.108067	0.115491	0.0778584	0.100668	0.0998285	0.108394	0.103597	0.161146	0.0837209	0.113826	0.0779114	0.126673	0.0893267	0.081408	0.0797648	0.0850329	0.14007	0.0893267	0.0435493	0.087313	0.0996289	0.0435493	0.113432	0.0829253	0.118187	0.101794	0.12485	0.0996289	0.0787844	0.0996868	0.0998285	0.13028	0.0918013	0.1397	0.0800844	0.0948185	0.131361	0.10704	0.158263	0.0948185	0.102661	0.110869	0.108972	0.11375	0.108384	0.140609	0.0970033	0.120413	0.0829253	0.107322	0.126491	0.121466	0.0837209	0.12485	0.122101	0.0970033	0.106759	0.0648465	0.125291	0.0803667	0.103597	0.080443	0.121466	0.112209	0.0996868	0.132506	0.0698812	0.0825201	0.0970033	0.110866	0.114582	0.140609	0.107334	0.0773453	0.111324	0.106192	0.0864847	0.114888	0.0850329	0.136563	0.105654	0.110866	0.0998285	0.138408	0.140609	0.114477	0.14007	0.112945	0.115358	0.107322	0.0825201	0.0948185	0.104637	0.139307	0.0850329	0.0982488	0.10704	0.122132	0.115155	0.0787844	0.112945	0.121466	0.0882485	0.121466	0.115358	0.1303	0.128968	0.0948185	0.115155	0.120413	0.100672	0.112598	0.093417	0.107334	0.0775443	0.108237	0.0996868	0.0995986	0.105481	0.0982488	0.0929968	0.140609	0.121466	0.123607	0.111664	0.122132	0.105547	0.0946251	0.0758497	0.10237	0.111007	0.107998	0.0954452
6000	intercept	0.840603	0.795144	0.824905	0.812685	0.817629	0.786884	0.835993	0.843701	0.795506	0.812795	0.826543	0.764434	0.786884	0.810205	0.81386	0.798535	0.830715	0.806188	0.83023	0.841659	0.786884	0.777784	0.824199	0.785129	0.835223	0.826906	0.817372	0.786884	0.816384	0.810073	0.807074	0.802761	0.79434	0.785489	0.821205	0.838095	0.835297	0.775755	0.838992	0.786744	0.841033	0.790052	0.796467	0.819581	0.78547	0.833286	0.783394	0.833286	0.827999	0.8221	0.827999	0.83827	0.800764	0.777402	0.819581	0.792863	0.810393	0.794171	0.833068	0.78547	0.792863	0.82788	0.814941	0.814614	0.797022	0.792158	0.799072	0.827969	0.813614	0.848554	0.860029	0.826543	0.781957	0.815325	0.827999	0.833286	0.797389	0.790905	0.810114	0.822281	0.780729	0.824031	0.794191	0.811226	0.78942	0.814367	0.786884	0.839071	0.838446	0.841659	0.846245	0.799445	0.827969	0.812605	0.815912	0.827161	0.84301	0.773718	0.832806	0.799219	0.813264	0.795885	0.829485	0.843131	0.836563	0.831629	0.833068	0.781277	0.804904	0.810114	0.848964	0.834127	0.795012	0.846996	0.794191	0.788582	0.807074	0.832806	0.783394	0.792863	0.843341	0.80421	0.838992	0.786934	0.828893	0.799626	0.817311	0.792863	0.826431	0.823611	0.795144	0.848964	0.826543	0.807007	0.814614	0.825021	0.826174	0.835131	0.794726	0.840666	0.807074	0.842392	0.788582	0.844306	0.810114	0.844641	0.80542	0.80705	0.796467	0.828386	0.799336	0.823611	0.81386	0.833068	0.83023	0.821997	0.820703	0.827999	0.841033	0.819574	0.771608	0.792863	0.812827	0.802163	0.844819	0.846245	0.795144	0.824629	0.822195	0.786884	0.801709	0.795144	0.800764	0.835439	0.838992	0.838992	0.821205	0.843701	0.777784	0.835043	0.835297	0.830533	0.843341	0.819554	0.826543	0.825619	0.827215	0.841659	0.841659	0.798523	0.831874	0.779871	0.778802	0.810061	0.786884	0.788705	0.830954	0.802209	0.838992	0.829259	0.82081	0.786884	0.807238	0.838992	0.824031	0.836707	0.797022	0.77703	0.839152	0.846996	0.803051	0.824095	0.786884	0.833068	0.786884	0.833286	0.841877	0.853903	0.823611	0.830954	0.853903	0.826543	0.841659	0.801709	0.826431	0.833286	0.779871	0.806176	0.830954	0.824095	0.786884	0.827161	0.797022	0.844819	0.823415	0.834649	0.814614	0.829259	0.839827	0.835439	0.804362	0.823891	0.802209	0.812685	0.786884	0.819581	0.786641	0.792863	0.840649	0.826543	0.827999	0.833068	0.827969	0.828893	0.766915	0.829738	0.796235	0.833286	0.829954	0.796467	0.827999	0.822281	0.834633	0.834633	0.777402	0.785489	0.827383	0.785489	0.792863	0.804639	0.798172	0.826431	0.841033	0.823747	0.798535	0.847838	0.808073	0.764434	0.768143	0.833286	0.84301	0.838684	0.814614	0.823611	0.833286	0.84301	0.841659	0.776109	0.84301	0.796467	0.827215	0.826543	0.796467	0.794171	0.776109	0.814614	0.800764	0.822281	0.781857	0.810114	0.794612	0.837499	0.833068	0.768143	0.834633	0.79993	0.846245	0.807664	0.836563	0.824031	0.848964	0.841033	0.78942	0.805044	0.797022	0.827215	0.822341	0.833082	0.786884	0.847838	0.774588	0.830744	0.819512	0.79993	0.826174	0.82081	0.827215	0.853903	0.806176	0.786884	0.834649	0.800764	0.788582	0.827999	0.854253	0.813264	0.840666	0.850553	0.795885	0.843341	0.823415	0.786884	0.826906	0.846996	0.826543	0.812827	0.795885	0.812685	0.848097	0.826431	0.80304	0.78942	0.823891	0.823611	0.840828	0.807074	0.817311	0.838992	0.846245	0.841274	0.771845	0.814614	0.810205	0.834633	0.809409	0.79434	0.814614	0.840828	0.770629	0.796932	0.786884	0.810403	0.799336	0.823576	0.842118	0.78175	0.797022	0.815912	0.829259	0.833286	0.843341	0.847921	0.816384	0.800764	0.830954	0.827969	0.810205	0.81386	0.78942	0.786884	0.836707	0.833759	0.809409	0.827969	0.828893	0.844819	0.799336	0.837926	0.815312	0.840666
7000	slope	0.0953643	0.0733932	0.110194	0.0942742	0.107485	0.049151	0.087487	0.0779639	0.0800417	0.092281	0.0620465	0.0988807	0.0894963	0.0915289	0.110194	0.0979751	0.0525122	0.120336	0.108007	0.0946777	0.0787615	0.0956266	0.0863061	0.0569579	0.12191	0.0800417	0.0525122	0.0993562	0.102691	0.0750264	0.0694381	0.116525	0.0973648	0.102885	0.111378	0.0379826	0.0712364	0.0922299	0.107485	0.111996	0.0863061	0.0712364	0.0622953	0.141871	0.09495	0.107485	0.0800794	0.107485	0.0942467	0.0937027	0.133894	0.0988807	0.087487	0.125067	0.0903531	0.11562	0.110763	0.0728294	0.0638961	0.0955558	0.111564	0.0532826	0.0603604	0.0915289	0.0909112	0.0729551	0.0988807	0.0762267	0.0832321	0.0947496	0.0893376	0.0766122	0.11562	0.129641	0.0622953	0.11562	0.049151	0.0774679	0.0787615	0.0832321	0.11562	0.111417	0.111757	0.0845752	0.114311	0.0572836	0.0774679	0.0860822	0.110616	0.129641	0.116506	0.103765	0.083869	0.0627237	0.0509092	0.0774679	0.0820628	0.0794924	0.0843752	0.0762267	0.111564	0.0893376	0.0941891	0.0727246	0.09495	0.0883789	0.107496	0.0712364	0.0548396	0.0942742	0.112359	0.110763	0.103308	0.110194	0.0621282	0.0915289	0.123551	0.0942742	0.0687334	0.072518	0.0917677	0.0909112	0.0940387	0.0835391	0.11562	0.107485	0.0978228	0.0884208	0.0860822	0.0800417	0.049151	0.0800794	0.0956859	0.112359	0.133431	0.0746973	0.111038	0.0577487	0.0972347	0.109186	0.0591903	0.0800417	0.0891412	0.0532826	0.0774679	0.0708468	0.124911	0.0901856	0.112355	0.0946627	0.0852752	0.0603604	0.0712695	0.0794913	0.101354	0.0766047	0.0972347	0.0509092	0.0835391	0.0724399	0.104953	0.112355	0.0926813	0.0863061	0.083869	0.0972347	0.116506	0.0860822	0.092333	0.107243	0.0563147	0.0970775	0.0860822	0.0860822	0.0947496	0.0942742	0.0724453	0.103765	0.111378	0.112355	0.0917677	0.075785	0.0525122	0.111564	0.0678676	0.11135	0.0981239	0.0806636	0.085677	0.0832179	0.102885	0.0942742	0.111564	0.0866203	0.0563147	0.0806636	0.0800417	0.0917677	0.0860822	0.0820047	0.0525122	0.0835391	0.0488735	0.114259	0.083869	0.087487	0.0807613	0.0678676	0.11562	0.132104	0.0501801	0.100951	0.127819	0.0774679	0.0942742	0.111378	0.0548396	0.123817	0.0509092	0.0845752	0.100951	0.0942742	0.0933539	0.0832321	0.115632	0.0762267	0.114266	0.133894	0.087487	0.124976	0.0915289	0.0887139	0.102885	0.11562	0.0603604	0.121672	0.101467	0.0746973	0.0712695	0.0932881	0.0805051	0.0774679	0.105346	0.0646597	0.0297104	0.129921	0.107485	0.0860822	0.11562	0.0724399	0.0835391	0.107485	0.0864848	0.0887139	0.0972347	0.0762267	0.125067	0.0603604	0.0776416	0.0716329	0.087487	0.0787349	0.0915289	0.0832321	0.0642061	0.0516546	0.112355	0.0776416	0.111038	0.0796148	0.115632	0.0646597	0.0642061	0.0886563	0.0525122	0.063701	0.101277	0.0933539	0.111378	0.0894963	0.0915289	0.10503	0.112808	0.0855864	0.046245	0.111378	0.0622953	0.127871	0.0866203	0.0736387	0.0946777	0.0942742	0.100951	0.0603604	0.0840518	0.111757	0.0603604	0.0835391	0.0613715	0.108007	0.105487	0.083869	0.102055	0.0569579	0.0627237	0.111378	0.0832321	0.119618	0.072518	0.0806636	0.0658684	0.101916	0.0577487	0.0728222	0.0626129	0.0933539	0.0603604	0.103765	0.0891412	0.111038	0.124976	0.0891854	0.0947496	0.0638961	0.0628713	0.0866203	0.0737411	0.0946777	0.111378	0.0931933	0.0883789	0.0925081	0.0903531	0.0909112	0.0516546	0.129641	0.0832321	0.0961599	0.0787349	0.0942742	0.0893376	0.0613715	0.0603604	0.0578257	0.0787349	0.0915289	0.0915289	0.0868398	0.0638961	0.110194	0.0646597	0.083869	0.0931904	0.0525122	0.111378	0.0915289	0.111378	0.0626129	0.0917677	0.0915289	0.0988807	0.0627237	0.110194	0.0835391	0.0796148	0.0832321	0.096281	0.0904428	0.100951	0.0845752	0.116506	0.11562	0.102055	0.083869	0.0750264	0.0603604	0.115632	0.108893	0.0887139	0.129921	0.0946777	0.0577487	0.123551	0.0887139	0.0646597	0.111757	0.0895925	0.0865639	0.0925257	0.111564	0.0738153	0.0933371	0.0577487	0.0915289	0.0948684	0.0918551	0.131598	0.121672	0.0860822	0.119618
7000	intercept	0.805216	0.847856	0.808341	0.8237	0.82605	0.86976	0.826512	0.833466	0.833315	0.802771	0.830968	0.824853	0.809847	0.838057	0.799163	0.845609	0.875113	0.79744	0.802186	0.80388	0.833656	0.818098	0.815079	0.820482	0.827281	0.825736	0.8756	0.794099	0.830789	0.808954	0.833315	0.829033	0.821026	0.806313	0.827317	0.878666	0.843733	0.805947	0.821457	0.813408	0.815079	0.843733	0.869525	0.812113	0.8069	0.821457	0.819754	0.821457	0.824588	0.815537	0.811094	0.824853	0.821695	0.808125	0.824242	0.81577	0.816358	0.839013	0.824028	0.815384	0.815079	0.88617	0.846461	0.828482	0.828076	0.833297	0.819684	0.840546	0.807877	0.824965	0.827942	0.814614	0.813843	0.830748	0.855981	0.813463	0.86976	0.833315	0.833656	0.807877	0.81577	0.826456	0.81577	0.82883	0.800233	0.84938	0.833315	0.824513	0.811257	0.830748	0.805024	0.802186	0.815079	0.855981	0.85306	0.833315	0.824323	0.814614	0.82136	0.840546	0.82655	0.827942	0.83344	0.833315	0.805742	0.783141	0.830748	0.843733	0.871755	0.801722	0.822691	0.816358	0.853415	0.808341	0.837251	0.838057	0.803876	0.801722	0.825842	0.843733	0.817601	0.831885	0.826552	0.802935	0.81577	0.814731	0.802319	0.854644	0.81828	0.827602	0.86976	0.815079	0.814614	0.822691	0.805024	0.802812	0.809176	0.86976	0.818093	0.80809	0.857053	0.833315	0.799911	0.88617	0.833315	0.815906	0.8095	0.810172	0.809749	0.806052	0.804625	0.846461	0.811173	0.80388	0.815203	0.838992	0.818093	0.85306	0.813562	0.86976	0.824657	0.806164	0.809847	0.815079	0.815079	0.818093	0.805024	0.81828	0.813288	0.836235	0.838992	0.813767	0.81828	0.81828	0.824965	0.801722	0.827489	0.802186	0.827317	0.813494	0.817601	0.812739	0.875113	0.82655	0.848059	0.812113	0.812854	0.786006	0.825614	0.819908	0.816335	0.822734	0.82655	0.840389	0.838992	0.786006	0.846172	0.817601	0.81828	0.830557	0.875113	0.814614	0.868053	0.836639	0.815079	0.821695	0.834389	0.845578	0.818473	0.806712	0.878666	0.814614	0.816945	0.833315	0.822734	0.827317	0.871755	0.818473	0.85306	0.84264	0.816358	0.800547	0.822225	0.807877	0.825614	0.840546	0.81577	0.811094	0.821695	0.830748	0.828482	0.822225	0.806313	0.809214	0.846461	0.826357	0.821357	0.814614	0.811173	0.80218	0.827017	0.833315	0.853415	0.823798	0.852085	0.805024	0.821457	0.81828	0.809214	0.86976	0.814614	0.821457	0.841736	0.822225	0.79744	0.832307	0.806313	0.846461	0.810172	0.839248	0.821695	0.826192	0.828482	0.807877	0.834389	0.85306	0.813494	0.810172	0.809176	0.827017	0.825614	0.823798	0.834389	0.86976	0.878666	0.878666	0.808954	0.833112	0.827317	0.819423	0.837	0.825614	0.824853	0.799911	0.815476	0.827317	0.869525	0.826442	0.840389	0.822361	0.807598	0.8237	0.845153	0.864672	0.828076	0.81577	0.846461	0.814614	0.86976	0.802186	0.815079	0.815079	0.812473	0.820482	0.855981	0.827317	0.807877	0.812113	0.843733	0.786006	0.838992	0.806895	0.883555	0.823798	0.815476	0.822225	0.846461	0.802186	0.799911	0.813592	0.830748	0.813094	0.824965	0.836418	0.82316	0.837007	0.826192	0.80388	0.827317	0.81506	0.783141	0.801722	0.824588	0.828076	0.85306	0.830748	0.814916	0.8069	0.806573	0.807564	0.827942	0.86976	0.846461	0.845578	0.826192	0.832903	0.838057	0.801217	0.820712	0.808341	0.823798	0.815079	0.86976	0.878666	0.827317	0.838057	0.827317	0.815476	0.817601	0.838057	0.824853	0.855981	0.808341	0.814614	0.827017	0.799732	0.803808	0.833315	0.845153	0.833605	0.805024	0.812411	0.812473	0.815079	0.808954	0.846461	0.825614	0.822953	0.822225	0.805024	0.807598	0.86976	0.803876	0.822225	0.823798	0.81577	0.826577	0.86976	0.809847	0.82655	0.786006	0.82655	0.86976	0.838057	0.814614	0.821359	0.825614	0.826357	0.81828	0.812113
8000	slope	0.0930384	0.0897336	0.0972946	0.0908456	0.0424264	0.124087	0.0718324	0.106444	0.0801875	0.0858411	0.0858411	0.126485	0.0890506	0.0906549	0.07012	0.0851319	0.0897336	0.0858411	0.0742885	0.115375	0.124087	0.0956808	0.114335	0.0783606	0.0731632	0.116592	0.0882221	0.1085	0.0639539	0.0897336	0.0883842	0.0908456	0.0858411	0.0742365	0.0789878	0.124087	0.114335	0.0908456	0.101605	0.0984314	0.0915109	0.0591292	0.0657295	0.089552	0.118901	0.0610365	0.108154	0.10259	0.0938203	0.105406	0.108154	0.0424264	0.0930384	0.0963168	0.0904448	0.0940052	0.101301	0.089552	0.114335	0.0911786	0.086153	0.0969762	0.114335	0.0904448	0.0956808	0.0861337	0.0706862	0.0785495	0.118196	0.109734	0.0972946	0.0664489	0.0963757	0.112373	0.0652603	0.0868327	0.0751358	0.10601	0.0904448	0.0358046	0.0890448	0.112328	0.0652603	0.0746102	0.129185	0.118196	0.0962565	0.0904448	0.0454268	0.0901646	0.0947222	0.124087	0.106912	0.0919238	0.103653	0.114335	0.0857218	0.0454074	0.114294	0.109059	0.107098	0.0983438	0.103163	0.0698605	0.0936606	0.0914608	0.108961	0.0765322	0.104246	0.0807586	0.0339437	0.0966416	0.0876355	0.0424264	0.107703	0.0806939	0.0580927	0.0930775	0.101301	0.0424264	0.0575374	0.0751358	0.0681581	0.032315	0.0652603	0.0840398	0.0339437	0.127659	0.0462764	0.0914435	0.0356247	0.0659869	0.108154	0.0646769	0.0985802	0.0444792	0.0462764	0.106444	0.0971648	0.0930384	0.0911786	0.0933804	0.0897336	0.0978825	0.0974032	0.0877118	0.0883842	0.0916804	0.0854925	0.114335	0.0372654	0.0930775	0.122543	0.119603	0.06608	0.105406	0.0904448	0.111079	0.0904448	0.106943	0.102724	0.0860137	0.0768727	0.0652603	0.127659	0.110813	0.0644812	0.097716	0.105406	0.0932468	0.0857218	0.0712451	0.0815996	0.0888008	0.0954776	0.0911443	0.0740278	0.0384532	0.0906549	0.0931183	0.0896133	0.11039	0.108154	0.105406	0.0936606	0.102414	0.087573	0.0862389	0.0971844	0.0904448	0.0949724	0.0817032	0.087254	0.0904448	0.0909949	0.0930384	0.0906549	0.0586499	0.0339437	0.0857218	0.0946777	0.0998658	0.0431804	0.0931183	0.108154	0.0424264	0.0971648	0.0888008	0.0882221	0.0904448	0.0652603	0.114335	0.114335	0.110813	0.0949839	0.114335	0.0742365	0.0706862	0.108154	0.101678	0.0975932	0.0931183	0.0378066	0.0899851	0.0914608	0.0930384	0.0523859	0.0904448	0.0972946	0.0462764	0.0860137	0.114335	0.0972946	0.0966416	0.0820648	0.106912	0.0930384	0.0829079	0.127594	0.0978825	0.0860137	0.118196	0.0858411	0.0803567	0.0600661	0.0312281	0.108154	0.0890701	0.0718324	0.110564	0.0671806	0.0882945	0.105406	0.0706862	0.0917778	0.0883842	0.0312281	0.0378066	0.0706862	0.0956808	0.119064	0.0718324	0.106912	0.0908456	0.0454268	0.0871737	0.0871359	0.0998658	0.0972946	0.1085	0.097716	0.0424264	0.0972946	0.0946777	0.0657295	0.0533779	0.101605	0.0872109	0.101301	0.0450046	0.0946777	0.129787	0.0671806	0.0820648	0.10707	0.0372654	0.0914608	0.0522215	0.108154	0.0659869	0.0827443	0.0644812	0.101301	0.0857218	0.0971648	0.0906549	0.0424264	0.124087	0.0854925	0.06108	0.103315	0.0319292	0.112976	0.0914608	0.0762572	0.110416	0.0906549	0.0975932	0.0956808	0.0657295	0.114294	0.0681581	0.0966416	0.100713	0.0956808	0.0671806	0.0916804	0.0904517	0.124087	0.0966416	0.089552	0.0969762	0.0339437	0.0983438	0.103315	0.0681581	0.133807	0.108154	0.0969762	0.0681581	0.102779	0.0751358	0.0494555	0.105406	0.110687	0.0957838	0.125781	0.105406	0.0911786	0.0904517	0.0706862	0.114294	0.116592	0.091401	0.0978825	0.0718324	0.0896133	0.0930384	0.0424264	0.0972946	0.0860137	0.1085	0.0983438	0.0969762	0.0904448	0.0946777	0.0820648	0.118196	0.105406	0.0820648	0.0644812	0.110813	0.101846	0.124087	0.0671806	0.0956808	0.0450046	0.0972946	0.077313	0.0906549	0.0971648	0.0644812	0.0911786	0.0918443	0.0671806	0.119603	0.0424264	0.0930384	0.110416	0.0644812	0.110564	0.0956808	0.0424264	0.078736	0.108154	0.0998658	0.0829079	0.0630073	0.0972946	0.0746102	0.0899851	0.111079	0.108154	0.0904448	0.0908456	0.108154	0.0931892	0.106368	0.0706862	0.0904448
8000	intercept	0.841744	0.811302	0.83386	0.835083	0.852357	0.806505	0.806047	0.809376	0.831045	0.870863	0.858694	0.809289	0.811484	0.783454	0.847959	0.798428	0.811302	0.870863	0.847396	0.810462	0.806505	0.833964	0.806114	0.818878	0.856591	0.813651	0.834317	0.820123	0.846826	0.814256	0.836443	0.835083	0.858694	0.865477	0.814826	0.809808	0.806114	0.835083	0.811943	0.790809	0.825183	0.824929	0.775259	0.809478	0.8211	0.832966	0.838067	0.820598	0.843009	0.822691	0.834317	0.852357	0.841744	0.813173	0.803869	0.825779	0.806114	0.809478	0.806114	0.789993	0.81929	0.833703	0.813365	0.804464	0.840663	0.788999	0.863408	0.855972	0.810827	0.830547	0.83386	0.837141	0.851355	0.823984	0.803896	0.816819	0.830378	0.813528	0.828346	0.852357	0.827775	0.820123	0.803896	0.824445	0.774547	0.810827	0.801986	0.821925	0.853308	0.792763	0.811467	0.800471	0.785265	0.816701	0.792805	0.806114	0.841082	0.836845	0.813651	0.805392	0.822691	0.805957	0.822449	0.843109	0.834802	0.83386	0.782809	0.777915	0.834998	0.829235	0.822637	0.805472	0.810391	0.852357	0.80058	0.812314	0.863408	0.825937	0.806114	0.852357	0.852357	0.830378	0.841152	0.847974	0.803896	0.837698	0.822637	0.809808	0.852357	0.81733	0.847974	0.813782	0.854239	0.846754	0.834167	0.839753	0.852357	0.816551	0.813651	0.841744	0.796372	0.819629	0.817874	0.825012	0.816434	0.81935	0.836443	0.815213	0.815728	0.818622	0.845893	0.831438	0.803094	0.826621	0.831829	0.822691	0.824463	0.824828	0.824463	0.826704	0.835058	0.825012	0.815981	0.803896	0.809808	0.779051	0.858694	0.811484	0.822691	0.812384	0.82221	0.819366	0.815728	0.790809	0.834331	0.806807	0.817546	0.852357	0.774329	0.795578	0.803966	0.815864	0.834317	0.822691	0.834802	0.790809	0.810827	0.808674	0.825012	0.821925	0.837403	0.808665	0.858694	0.833065	0.833378	0.841744	0.783454	0.853947	0.822637	0.82221	0.818812	0.834473	0.878865	0.805957	0.838067	0.852357	0.813651	0.790809	0.834317	0.824463	0.803896	0.806114	0.823998	0.779051	0.805957	0.806114	0.865477	0.863408	0.838067	0.863408	0.788999	0.81039	0.828424	0.827775	0.822489	0.841744	0.870555	0.833469	0.83386	0.852357	0.825012	0.818622	0.83386	0.805957	0.86885	0.785265	0.841744	0.815728	0.774547	0.825012	0.814338	0.810827	0.858694	0.825012	0.821136	0.852357	0.838067	0.818004	0.806047	0.8114	0.865477	0.847007	0.822691	0.863408	0.784115	0.832471	0.852357	0.840788	0.863408	0.827775	0.806714	0.812666	0.785265	0.835083	0.853308	0.870863	0.858694	0.838069	0.839756	0.820123	0.811484	0.852357	0.83386	0.824828	0.775259	0.830378	0.811943	0.804714	0.806114	0.878865	0.804714	0.829342	0.865477	0.845598	0.833014	0.845893	0.83386	0.827772	0.834317	0.8225	0.806047	0.858694	0.806114	0.841082	0.813651	0.783454	0.852357	0.809808	0.815728	0.863408	0.821925	0.847278	0.807209	0.83386	0.830625	0.834799	0.792055	0.788999	0.827775	0.775259	0.813651	0.841152	0.805472	0.844866	0.827775	0.8572	0.811196	0.785839	0.809808	0.804972	0.809478	0.831991	0.822637	0.805957	0.821925	0.841152	0.81712	0.823731	0.833703	0.841152	0.815906	0.830378	0.839753	0.819084	0.83386	0.803966	0.838067	0.822691	0.789993	0.785839	0.863408	0.813651	0.813651	0.810827	0.825012	0.806047	0.803966	0.841744	0.852357	0.83386	0.814338	0.820123	0.805957	0.833703	0.804464	0.804714	0.86885	0.810827	0.822541	0.86885	0.858694	0.779051	0.838067	0.809808	0.865477	0.827775	0.882848	0.83386	0.835083	0.804528	0.805237	0.858694	0.796372	0.844297	0.865477	0.826621	0.852357	0.841744	0.834799	0.858694	0.799974	0.827775	0.852357	0.831355	0.838067	0.834473	0.815728	0.86126	0.841597	0.824445	0.827775	0.824828	0.838067	0.821925	0.835083	0.836255	0.785265	0.808456	0.863408	0.803364
9000	slope	0.0485305	0.0352315	0.0684602	0.114191	0.116066	0.0593509	0.0857237	0.104031	0.0834702	0.0905945	0.110396	0.0987182	0.113632	0.0834702	0.0740012	0.129604	0.0972083	0.109235	0.0875416	0.0635193	0.104138	0.0275091	0.0802003	0.0899944	0.0834702	0.11707	0.111905	0.0995273	0.0567842	0.0889772	0.0298421	0.0536148	0.127476	0.0648767	0.0549879	0.103823	0.0683227	0.112317	0.116066	0.136402	0.106709	0.136402	0.035852	0.0593107	0.0625226	0.089762	0.0972418	0.100108	0.0593107	0.129604	0.0987182	0.0549879	0.1189	0.10934	0.0946551	0.0753783	0.0667295	0.100495	0.0373124	0.0987182	0.100495	0.125492	0.0567842	0.0667295	0.100495	0.114191	0.0747547	0.082866	0.101744	0.0706542	0.0930311	0.124145	0.0657983	0.0617698	0.100495	0.0792124	0.107463	0.024462	0.072375	0.0352315	0.116066	0.0707867	0.10728	0.130893	0.0721401	0.100406	0.118932	0.142608	0.107463	0.0423233	0.0905856	0.0953289	0.0857237	0.0985761	0.0444232	0.0713548	0.137837	0.0858352	0.0711277	0.0578464	0.114941	0.112317	0.0792124	0.0423233	0.0747937	0.0942635	0.136402	0.0747547	0.0834702	0.102716	0.0707867	0.0834748	0.0689521	0.0882498	0.0442523	0.114191	0.0820739	0.082866	0.10046	0.0921575	0.136402	0.0352315	0.084597	0.0667295	0.0935361	0.0740012	0.0718425	0.0867396	0.0648713	0.0618037	0.111403	0.0423233	0.0779248	0.0508655	0.112888	0.0599259	0.0855941	0.124145	0.0718402	0.0791657	0.0944921	0.0987182	0.0837208	0.0875416	0.0485305	0.0707888	0.137837	0.0909928	0.132493	0.0747547	0.100671	0.136402	0.100108	0.024462	0.0651136	0.113673	0.0834702	0.0895526	0.114191	0.0966175	0.0892457	0.116066	0.101126	0.0245719	0.140194	0.0779503	0.11707	0.137837	0.10934	0.11285	0.0856445	0.0667295	0.1189	0.0857237	0.0485305	0.089762	0.106389	0.1199	0.0593107	0.0632588	0.114941	0.0889772	0.0987182	0.0352315	0.0726397	0.10217	0.105578	0.112317	0.0431194	0.0931363	0.0352315	0.0807764	0.0453135	0.112317	0.106285	0.0882498	0.0352315	0.0640758	0.0594621	0.0792124	0.0834702	0.089485	0.114941	0.112317	0.091306	0.0834702	0.0423233	0.0667295	0.0651136	0.082866	0.0670943	0.0582863	0.0942635	0.0889772	0.106285	0.104138	0.109012	0.0905856	0.113632	0.091306	0.0765867	0.103342	0.0298421	0.0373124	0.0909928	0.0423233	0.0830547	0.101744	0.089485	0.0920223	0.106389	0.0465598	0.112317	0.0549879	0.024462	0.114941	0.125492	0.0791657	0.0539108	0.0938646	0.0599259	0.138095	0.0664995	0.0352315	0.101439	0.109012	0.0599259	0.0599259	0.0765867	0.142608	0.109774	0.0691463	0.024462	0.0977219	0.0599259	0.0859805	0.1189	0.0863175	0.0653642	0.114191	0.0549879	0.0718937	0.0872496	0.0387878	0.11285	0.0593107	0.024462	0.0820739	0.0747547	0.0634145	0.0634145	0.0667295	0.0834702	0.0512982	0.0834702	0.124145	0.130893	0.0942635	0.0419527	0.100495	0.0918497	0.0792124	0.0599259	0.0684602	0.107135	0.0931363	0.100495	0.0373124	0.089762	0.116066	0.0666447	0.0465598	0.101902	0.0775694	0.0467328	0.0657169	0.0918497	0.112317	0.089485	0.112317	0.0214617	0.0511488	0.0716605	0.0747547	0.136402	0.024462	0.102516	0.114941	0.024462	0.0942635	0.0987182	0.114191	0.112317	0.0885483	0.0834969	0.106389	0.104138	0.024462	0.0930311	0.0740012	0.0751885	0.0436141	0.100495	0.0423233	0.0593107	0.114941	0.0436141	0.0671782	0.104138	0.100108	0.0834702	0.133537	0.0536148	0.0779248	0.0567842	0.0423233	0.129604	0.0634145	0.0747547	0.0895526	0.0802003	0.0931363	0.0511488	0.0857237	0.0352315	0.082866	0.106285	0.0716605	0.0909928	0.0442523	0.0711277	0.0409381	0.0690677	0.0593107	0.0352315	0.0593107	0.0664995	0.0981028	0.0485305	0.119276	0.0352315	0.0834702	0.0747547	0.0875416	0.0834702	0.108445	0.0946551	0.0707867	0.024462	0.0690677	0.0447563	0.111143	0.116066	0.082866	0.0747547	0.106034	0.118932	0.0942635	0.0834702	0.10279	0.11893	0.113632	0.0834702	0.109012	0.082866	0.082866	0.107162	0.116704	0.125492	0.125492	0.112317	0.129604	0.0704647	0.137837	0.112317	0.0857237	0.0834702	0.0802003	0.0419527	0.107162
9000	intercept	0.85647	0.887067	0.820722	0.822978	0.820035	0.845645	0.808586	0.839013	0.826915	0.813589	0.818688	0.810356	0.812188	0.843525	0.838092	0.823402	0.835658	0.813031	0.84502	0.839447	0.844895	0.879534	0.832832	0.836341	0.843525	0.831071	0.821932	0.831162	0.839933	0.83424	0.90326	0.862949	0.80733	0.823816	0.860892	0.816377	0.885686	0.816396	0.815688	0.824641	0.792894	0.824641	0.862949	0.860892	0.860892	0.825811	0.81517	0.769157	0.860578	0.807513	0.810356	0.860892	0.834567	0.848666	0.779412	0.858912	0.837823	0.835572	0.834627	0.810356	0.835572	0.820035	0.839933	0.854817	0.835572	0.819602	0.836289	0.818688	0.83569	0.850942	0.828011	0.801776	0.824477	0.860892	0.835572	0.835096	0.786362	0.862277	0.843352	0.879534	0.820035	0.850546	0.835572	0.790303	0.847352	0.824581	0.827362	0.806145	0.786362	0.858846	0.819787	0.817584	0.781612	0.83671	0.875008	0.860892	0.795963	0.808586	0.826915	0.857912	0.816923	0.816396	0.835096	0.858846	0.836289	0.817584	0.824641	0.837823	0.826915	0.814451	0.850942	0.839441	0.836289	0.813031	0.825092	0.829618	0.838033	0.818688	0.815998	0.820722	0.824641	0.879534	0.817751	0.832851	0.826496	0.838092	0.850942	0.821414	0.847484	0.879857	0.831811	0.858846	0.848041	0.858931	0.859615	0.8124	0.826915	0.801776	0.85429	0.838611	0.829633	0.810356	0.813589	0.84502	0.85647	0.846168	0.795963	0.828607	0.824641	0.837823	0.826233	0.824641	0.766082	0.862277	0.876793	0.847691	0.82796	0.836289	0.822978	0.832122	0.826915	0.820035	0.828479	0.862949	0.791629	0.824939	0.831071	0.797967	0.848666	0.793842	0.81776	0.832851	0.824641	0.808586	0.85647	0.831713	0.818688	0.824325	0.860892	0.839899	0.827854	0.832674	0.810356	0.864374	0.814158	0.823954	0.827811	0.81517	0.872873	0.813589	0.879534	0.864285	0.840962	0.81517	0.826233	0.813031	0.886172	0.844564	0.849512	0.835096	0.826915	0.826915	0.827854	0.81517	0.834638	0.826915	0.862872	0.837823	0.887395	0.818688	0.834114	0.823816	0.817584	0.83424	0.826233	0.859811	0.818638	0.819787	0.812188	0.834638	0.812763	0.81517	0.879534	0.834627	0.828607	0.858846	0.839899	0.83569	0.826915	0.829199	0.818688	0.879534	0.81517	0.860892	0.836969	0.816923	0.820035	0.859657	0.828645	0.818001	0.8124	0.795963	0.832055	0.879534	0.818638	0.818638	0.81727	0.8124	0.812763	0.806145	0.815998	0.838571	0.862277	0.813589	0.8124	0.808586	0.824641	0.838092	0.86126	0.829618	0.860892	0.859657	0.853782	0.879534	0.793842	0.860892	0.862277	0.838033	0.837823	0.86126	0.86126	0.837823	0.826915	0.860892	0.826915	0.801776	0.790303	0.817584	0.844564	0.835572	0.831948	0.835096	0.8124	0.820722	0.799297	0.813589	0.835572	0.834627	0.831713	0.820419	0.829259	0.879534	0.830688	0.808586	0.860892	0.837823	0.831948	0.816396	0.82702	0.81517	0.864374	0.858846	0.853384	0.837823	0.824641	0.862277	0.786362	0.827854	0.869103	0.817584	0.820273	0.829618	0.81517	0.818688	0.818688	0.818688	0.834161	0.862277	0.820722	0.838092	0.837823	0.837792	0.836864	0.858846	0.860892	0.827854	0.847557	0.839899	0.836219	0.769157	0.826915	0.80733	0.862949	0.848041	0.839933	0.858846	0.811335	0.86126	0.842286	0.836289	0.832832	0.813589	0.858846	0.808586	0.879534	0.818688	0.826233	0.859657	0.828607	0.851794	0.826915	0.879534	0.828645	0.860892	0.879534	0.856632	0.838327	0.786362	0.85647	0.81517	0.879534	0.826915	0.83098	0.84502	0.816704	0.814909	0.786362	0.850942	0.862277	0.828645	0.860892	0.819094	0.820035	0.799923	0.837823	0.786362	0.809763	0.827922	0.826915	0.812801	0.829618	0.812188	0.826915	0.818638	0.810747	0.818688	0.829551	0.834616	0.820035	0.820035	0.81517	0.835122	0.845801	0.795963	0.81517	0.808586	0.843576	0.832832	0.84461	0.829551
10000	slope	0.0812449	0.0760213	0.117014	0.0582898	0.05634	0.120678	0.0230613	0.118732	0.0213792	0.0609558	0.121633	0.105177	0.118409	0.121633	0.105177	0.0642344	0.110283	0.0676668	0.0961493	0.138683	0.0831006	0.0503334	0.121633	0.110945	0.0812449	0.0769523	0.0575951	0.0563595	0.0857529	0.0666478	0.0560073	0.0617232	0.110283	0.122975	0.108176	0.0887527	0.110283	0.125356	0.0452313	0.129822	0.107965	0.0879507	0.00329807	0.0680431	0.0642344	0.0707401	0.0855167	0.0760213	0.144941	0.0350728	0.0665103	0.0230613	0.071851	0.0560073	0.133342	0.0795965	0.105177	0.0911745	0.137019	0.119676	0.0116468	0.11095	0.0591041	0.0996778	0.0477652	0.112529	0.0828899	0.0855167	0.0568944	0.0857529	0.0599134	0.125356	0.0955222	0.0855167	0.0672227	0.125356	0.0705177	0.138683	0.11449	0.0473684	0.0790374	0.116781	0.110283	0.104865	0.0435973	0.0845683	0.0676953	0.0790374	0.11449	0.110283	0.0612675	0.0772958	0.0682561	0.0452313	0.117014	0.0996778	0.110283	0.0544843	0.015736	0.0790374	0.0666478	0.0857529	0.071314	0.0618721	0.0452313	0.106324	0.0820727	0.0660964	0.128699	0.0106894	0.0675931	0.116436	0.0973217	0.107111	0.102049	0.0790374	0.0996778	0.11449	0.106085	0.00944572	0.0721387	0.116781	0.0863678	0.0464878	0.0682561	0.0880882	0.102945	0.0857529	0.0452313	0.0996778	0.133342	0.0439108	0.0508733	0.0562962	0.12605	0.0740547	0.0230613	0.0848464	0.09988	0.0523933	0.015736	0.125356	0.0213792	0.0582898	0.0795965	0.0360021	0.125356	0.106931	0.0855488	0.0828899	0.0508733	0.104425	0.0230613	0.0678599	0.125356	0.117014	0.0367355	0.0503334	0.0106894	0.0367355	0.117205	0.0675931	0.0962946	0.106085	0.088067	0.0934734	0.0684348	0.0239815	0.0911745	0.118817	0.0845333	0.044705	0.0659208	0.0955379	0.0824309	0.0575951	0.0624726	0.111984	0.116593	0.0790374	0.110283	0.0841834	0.0911745	0.0790374	0.125356	0.0615667	0.0814143	0.121633	0.0523933	0.0686471	0.0562962	0.107111	0.140072	0.0858982	0.0723997	0.0795965	0.0696368	0.101584	0.104761	0.0659208	0.0229068	0.0996778	0.0771923	0.0285912	0.106651	0.0692221	0.119676	0.0514703	0.107111	0.0624726	0.125356	0.105177	0.0591041	0.0665103	0.11737	0.0760213	0.0503334	0.0904224	0.0862168	0.0828899	0.111984	0.0503334	0.119676	0.0814143	0.117164	0.0839124	0.0814143	0.061691	0.105177	0.071851	0.105177	0.110283	0.015736	0.114671	0.122975	0.0603744	0.134465	0.110283	0.132237	0.107965	0.0807142	0.0229068	0.0771923	0.0420664	0.110283	0.103062	0.0511435	0.0435973	0.0575951	0.0776161	0.110283	0.0230613	0.10025	0.0996778	0.071851	0.0996778	0.0523933	0.0599134	0.0795965	0.121633	0.0339895	0.110283	0.125356	0.138683	0.0814143	0.0435973	0.0827798	0.116593	0.105177	0.114233	0.071851	0.0661915	0.0582898	0.0503334	0.0760213	0.0523933	0.0575951	0.119676	0.110283	0.106931	0.121633	0.0562962	0.105177	0.0828899	0.0893347	0.118732	0.0857529	0.129376	0.0682777	0.0996778	0.0171208	0.0464878	0.118569	0.119676	0.111984	0.0841543	0.127147	0.0857529	0.00944572	0.061691	0.105779	0.0569491	0.0857529	0.0641778	0.0790374	0.101584	0.116436	0.0776161	0.0972172	0.071314	0.0563595	0.110283	0.0960413	0.0582898	0.0828899	0.119676	0.122374	0.106931	0.0284904	0.0503334	0.0857529	0.0936737	0.0563595	0.0675931	0.0624726	0.0229068	0.100543	0.124126	0.138683	0.105177	0.0805727	0.0505835	0.0790374	0.0795965	0.0795965	0.0795965	0.0666478	0.0563595	0.0542033	0.064425	0.110283	0.138683	0.111984	0.0659208	0.113965	0.126499	0.0795965	0.015736	0.0582898	0.0911745	0.024461	0.0503334	0.0239815	0.126621	0.0795965	0.0523933	0.107111	0.119676	0.0952358	0.111984	0.0523933	0.071851	0.0562962	0.113965	0.110283	0.118569	0.071851	0.0582898	0.0972172	0.106931	0.0855167	0.133389	0.106085	0.0562962	0.0676953	0.0960413	0.132237	0.0814143	0.0857529	0.0339895	0.0575814	0.102367	0.00452973	0.0857529	0.0993815	0.0952358	0.137044	0.111984	0.071851	0.0828899	0.0575951	0.0911745	0.0740547	0.0696368	0.129822	0.0552566	0.0935332	0.071851	0.0508733	0.113021
10000	intercept	0.825705	0.833049	0.804194	0.861993	0.833504	0.823212	0.86915	0.773916	0.890153	0.836899	0.832134	0.821483	0.802089	0.818296	0.833884	0.861222	0.809009	0.846587	0.818272	0.793086	0.824779	0.880999	0.818296	0.828518	0.825705	0.857661	0.892326	0.826932	0.827371	0.812367	0.874611	0.848339	0.809009	0.803556	0.825504	0.822491	0.809009	0.818267	0.877598	0.81963	0.812058	0.825294	0.871153	0.854189	0.861222	0.872628	0.863167	0.833049	0.81963	0.859648	0.841499	0.86915	0.831851	0.874611	0.779976	0.833529	0.821483	0.834103	0.779976	0.809584	0.871153	0.818409	0.861993	0.841461	0.861222	0.823558	0.814725	0.869515	0.861993	0.827505	0.829599	0.82579	0.818409	0.869515	0.835972	0.82579	0.827379	0.793086	0.774415	0.84481	0.864529	0.821179	0.809009	0.807447	0.893609	0.835365	0.844309	0.864529	0.774415	0.813113	0.845323	0.858074	0.848963	0.877598	0.797711	0.841461	0.804221	0.842706	0.871153	0.864529	0.821447	0.827379	0.826034	0.838737	0.877598	0.843314	0.834573	0.831851	0.810626	0.876326	0.8438	0.803252	0.808999	0.811693	0.810626	0.864529	0.841461	0.774415	0.773486	0.888968	0.841006	0.821179	0.821179	0.86754	0.848963	0.835365	0.82733	0.827379	0.877598	0.841461	0.779976	0.845357	0.861222	0.84021	0.818296	0.842452	0.86915	0.815649	0.817539	0.864045	0.89345	0.82579	0.890153	0.875236	0.833529	0.856498	0.803556	0.811693	0.828922	0.814725	0.871009	0.833884	0.86915	0.838435	0.82579	0.797711	0.870884	0.880999	0.873902	0.869162	0.835365	0.8438	0.819268	0.773486	0.826844	0.827779	0.82887	0.871153	0.834103	0.814616	0.834476	0.866547	0.846326	0.820465	0.827537	0.892326	0.815795	0.817539	0.793079	0.864529	0.809009	0.84867	0.834103	0.864529	0.818267	0.868337	0.853086	0.818296	0.864045	0.84798	0.833414	0.801675	0.79042	0.847316	0.830817	0.837924	0.844128	0.818409	0.788264	0.846326	0.892829	0.841461	0.841461	0.871153	0.81108	0.864183	0.803556	0.868614	0.811693	0.823729	0.803556	0.833884	0.861993	0.844128	0.811693	0.833049	0.880999	0.824913	0.834103	0.814725	0.817539	0.880999	0.809584	0.853086	0.809009	0.833529	0.84293	0.861222	0.821483	0.831851	0.833884	0.809009	0.871153	0.811693	0.803556	0.824851	0.800777	0.809009	0.773486	0.826811	0.827379	0.871153	0.841461	0.873607	0.794542	0.809009	0.880999	0.895006	0.895006	0.798574	0.809009	0.86915	0.809865	0.841461	0.831851	0.829453	0.864045	0.829599	0.833529	0.832134	0.845846	0.809009	0.82579	0.792628	0.84293	0.895006	0.846232	0.816164	0.821483	0.826811	0.831851	0.824851	0.861993	0.880999	0.833049	0.867086	0.895006	0.803556	0.809009	0.820436	0.818296	0.828645	0.833884	0.814725	0.811693	0.773916	0.827379	0.832404	0.833884	0.829453	0.889066	0.86754	0.81108	0.809584	0.817539	0.827379	0.81963	0.827371	0.903183	0.861222	0.811693	0.861993	0.827379	0.824785	0.864529	0.816075	0.803252	0.798574	0.807233	0.826034	0.826932	0.809009	0.827379	0.861993	0.814725	0.803556	0.81963	0.811693	0.860612	0.880999	0.827379	0.833529	0.826932	0.8438	0.823729	0.892829	0.821595	0.805784	0.793086	0.821483	0.818683	0.893554	0.864529	0.833529	0.82084	0.833529	0.824851	0.826932	0.864045	0.826932	0.809009	0.793086	0.817539	0.839435	0.811693	0.779976	0.843362	0.871153	0.875236	0.834103	0.844237	0.880999	0.877315	0.821179	0.833529	0.847844	0.811693	0.803556	0.821179	0.817539	0.852493	0.82077	0.828645	0.811693	0.809009	0.81108	0.831851	0.861993	0.807233	0.820436	0.869515	0.787547	0.773486	0.828645	0.844309	0.827379	0.773486	0.853086	0.833452	0.847479	0.863167	0.829453	0.888968	0.827379	0.834103	0.821179	0.805784	0.817539	0.838144	0.814725	0.895006	0.843069	0.842452	0.844128	0.828016	0.848618	0.817539	0.831851	0.861222	0.773486
11000	slope	0.0196098	0.083204	0.0660343	0.100253	0.0994474	0.123933	0.123933	0.0759074	0.067406	0.0444471	0.0777809	0.0693625	0.0804075	0.0715219	0.0780587	0.0915278	0.120746	0.0488207	0.0583746	0.115552	0.0397127	0.0825255	0.0533059	0.0940772	0.0883424	0.0934025	0.0203535	0.049152	0.122287	0.0630504	0.0758514	0.0444471	0.0970316	0.0703013	0.0587632	0.0660343	0.0689286	0.0523434	0.0195503	0.0630504	0.0794076	0.0877166	0.0915278	0.0605175	0.03772	0.0574555	0.0254103	0.0497507	0.0715219	0.0983378	0.0770622	0.0860965	0.066363	0.114438	0.122717	0.0508	0.123933	0.0877866	0.0718797	0.0858893	0.0693625	0.0539603	0.0694153	0.08436	0.0169496	0.116853	0.0398608	0.11315	0.0866517	0.0965177	0.0625966	0.0937199	0.0796408	0.0779262	0.07523	0.127315	0.0877166	0.03772	0.0877166	0.0794904	0.0830351	0.0444471	0.055176	0.0799141	0.0915278	0.0628357	0.0642795	0.0605346	0.075064	0.0397127	0.0947788	0.0965472	0.08066	0.0587082	0.12362	0.0715219	0.0584066	0.123004	0.0790554	0.0539603	0.0804075	0.071085	0.0830351	0.0782848	0.0715219	0.0545721	0.0694153	0.0605228	0.0604955	0.0779884	0.122287	0.0873665	0.0490596	0.0780587	0.0605228	0.08436	0.0605175	0.0643573	0.057173	0.0605228	0.0630504	0.0693625	0.0860965	0.123933	0.0712018	0.0694191	0.0544025	0.0680702	0.123933	0.0605175	0.0203535	0.12675	0.110702	0.0444471	0.0844258	0.123532	0.0712018	0.0715219	0.0902868	0.0372216	0.044086	0.0642192	0.0628357	0.131243	0.0560267	0.0444471	0.0497507	0.0733097	0.0528735	0.0446357	0.063331	0.0780587	0.0659706	0.0740418	0.0740273	0.0673475	0.0636786	0.0860965	0.0911906	0.104955	0.0659714	0.076779	0.0902868	0.0983378	0.0605175	0.0758514	0.0552573	0.146466	0.0856688	0.0625966	0.0983378	0.0619376	0.0782554	0.123933	0.114346	0.096078	0.123933	0.079672	0.0751567	0.123933	0.08283	0.0779262	0.102737	0.0169496	0.071085	0.0860965	0.0779262	0.0523649	0.106387	0.130175	0.0444471	0.0823506	0.108768	0.0442237	0.0444471	0.0625966	0.0712018	0.0642529	0.0806735	0.0202336	0.056521	0.129559	0.0169496	0.106329	0.0790554	0.079672	0.0414968	0.0660932	0.114346	0.123933	0.087494	0.0628357	0.123933	0.0539603	0.0203535	-0.00157671	0.0940772	0.0965177	0.0444471	0.0444471	0.0780587	0.03772	0.0911906	0.0539603	0.0871344	0.0758514	0.08436	0.0520475	0.079672	0.0804075	0.0605346	0.123933	0.03772	0.0203535	0.0830351	0.071085	0.12379	0.0630504	0.0539603	0.0769587	0.0025176	0.0934025	0.104446	0.114346	0.106329	0.0689793	0.0934025	0.0625966	0.0944601	0.0276487	0.0844258	0.071085	0.066363	0.0587632	0.0780587	0.0693618	0.0703013	0.045575	0.0790554	0.08436	0.096096	0.0915278	0.103572	0.0712018	0.0794076	0.0980557	0.0515704	0.0780587	0.0693625	0.0539603	0.0508	0.055176	0.12362	0.0718903	0.0520475	0.0693625	0.0860173	0.0911906	0.044086	0.0902868	0.0701783	0.0605228	0.0682761	0.0770747	0.0605228	0.0541246	0.0983378	0.0621646	0.131243	0.0169496	0.075064	0.0780587	0.0605228	0.12362	0.0724419	0.127315	0.03772	0.0719161	0.0758514	0.0539603	0.0584066	0.0581123	0.131243	0.0869126	0.0642795	0.0673475	0.0414968	0.120746	0.0488207	0.0860965	0.0855097	0.0488207	0.0804075	0.0508	0.103435	0.0773344	0.075064	0.0444471	0.0866425	0.0558014	0.0655944	0.0969527	0.0751567	0.161846	0.123933	0.0740418	0.0607351	0.0978966	0.0860173	0.03772	0.0715391	0.0398608	0.0844258	0.123933	0.0581123	0.0770747	0.0779262	0.0488207	0.0902868	0.0940772	0.0587632	0.0444471	0.0860965	0.114097	0.0797506	0.0664976	0.0940704	0.0877166	0.103572	0.055176	0.0444471	0.0779262	0.106329	0.0414968	0.155586	0.0444471	0.0780587	0.116853	0.0804075	0.0660932	0.0769587	0.0983378	0.112473	0.0780587	0.071085	0.0830351	0.0860965	0.0444471	0.0470129	0.0844258	0.0173655	0.126669	0.0891412	0.0370633	0.0944415	0.079672	0.103435	0.123933	0.0169496	0.056988	0.0782848	0.067406	0.0909812	0.0605228	0.0655944	0.0719161	0.0444471	0.0965177	0.0605346	0.0877166	0.056988	0.0780587	0.0560267	0.0680702	0.08436	0.0759074	0.0940772	0.0902868	0.0508	0.0605346
11000	intercept	0.888267	0.832385	0.846412	0.808649	0.839481	0.814847	0.814847	0.871512	0.841492	0.851578	0.841319	0.837141	0.833663	0.833473	0.841783	0.85385	0.788471	0.87817	0.837346	0.837362	0.851578	0.843361	0.837244	0.828572	0.839792	0.83553	0.888267	0.864441	0.83088	0.862617	0.823097	0.851578	0.829775	0.819485	0.800048	0.846412	0.850436	0.848538	0.867816	0.862617	0.839792	0.817738	0.841586	0.81876	0.851578	0.852614	0.893489	0.851578	0.833473	0.827629	0.814269	0.849206	0.86171	0.831725	0.85367	0.853759	0.814847	0.814977	0.844041	0.836979	0.837141	0.86179	0.835751	0.839792	0.890945	0.776552	0.851578	0.788471	0.849176	0.828662	0.774689	0.83671	0.834673	0.864441	0.830838	0.828652	0.817738	0.851578	0.817738	0.848728	0.861423	0.851578	0.854406	0.837141	0.841586	0.84892	0.845847	0.854748	0.841989	0.851578	0.858893	0.792703	0.853833	0.851578	0.786603	0.833473	0.843795	0.818499	0.798229	0.86179	0.833663	0.855028	0.861423	0.840342	0.833473	0.864018	0.835751	0.85897	0.854406	0.858893	0.829706	0.83403	0.853872	0.837248	0.841018	0.848933	0.81876	0.856469	0.858893	0.81342	0.862617	0.837141	0.849206	0.814847	0.815309	0.841313	0.84436	0.848189	0.814847	0.81876	0.887103	0.813341	0.79219	0.849217	0.819273	0.79219	0.821329	0.833473	0.833677	0.84981	0.876988	0.836602	0.84892	0.816911	0.831473	0.851578	0.851578	0.846511	0.848995	0.836377	0.837141	0.854228	0.835136	0.789949	0.82734	0.839297	0.833412	0.849206	0.788777	0.843329	0.858893	0.81876	0.839755	0.844297	0.81876	0.823097	0.847635	0.804681	0.831784	0.774689	0.851379	0.798229	0.840289	0.816911	0.823377	0.816986	0.816911	0.81876	0.817183	0.814847	0.821329	0.862559	0.788471	0.883644	0.837141	0.852005	0.862559	0.852381	0.852537	0.80879	0.853309	0.837723	0.858893	0.853213	0.849217	0.774689	0.815309	0.798229	0.821884	0.868503	0.81876	0.79219	0.883644	0.824527	0.798229	0.81876	0.848036	0.874197	0.832917	0.814847	0.834217	0.84892	0.816911	0.86179	0.888267	0.883644	0.828572	0.831725	0.851578	0.853309	0.837248	0.851578	0.807372	0.86179	0.81634	0.823097	0.823649	0.851578	0.81876	0.833663	0.854748	0.823738	0.851578	0.888267	0.861423	0.824744	0.804762	0.862617	0.86179	0.83553	0.883644	0.83553	0.827493	0.832917	0.831725	0.837141	0.83553	0.81876	0.826868	0.842419	0.796718	0.824744	0.871079	0.820678	0.841783	0.858893	0.817183	0.851578	0.798229	0.839792	0.838475	0.841586	0.81433	0.815309	0.839792	0.836333	0.837141	0.841783	0.837141	0.86179	0.853213	0.854406	0.794839	0.833473	0.851578	0.836365	0.845087	0.80351	0.876988	0.833677	0.882897	0.841018	0.857353	0.868449	0.841018	0.871079	0.844297	0.837141	0.816911	0.883644	0.839053	0.828822	0.841018	0.791265	0.832735	0.814579	0.851578	0.798229	0.823097	0.86179	0.843795	0.853185	0.816911	0.833816	0.845847	0.847897	0.84311	0.788471	0.87817	0.849206	0.837141	0.879036	0.833663	0.853213	0.816698	0.859854	0.839053	0.851578	0.833663	0.858893	0.855341	0.842364	0.817183	0.788432	0.810275	0.789949	0.854748	0.857778	0.845087	0.851578	0.837141	0.855108	0.810384	0.814847	0.853185	0.868449	0.862559	0.87817	0.835622	0.828572	0.832112	0.849217	0.849206	0.79219	0.813082	0.844271	0.847104	0.817738	0.81433	0.854406	0.837346	0.864441	0.831725	0.84311	0.789107	0.876988	0.841783	0.776552	0.833663	0.867989	0.83553	0.852678	0.788679	0.837248	0.837141	0.861423	0.852005	0.876988	0.787811	0.819273	0.862356	0.79219	0.822138	0.87182	0.842466	0.81876	0.816698	0.816911	0.883644	0.82704	0.840342	0.841492	0.818025	0.841018	0.855341	0.798229	0.851578	0.828662	0.854748	0.817738	0.82704	0.841783	0.832448	0.848189	0.839792	0.871512	0.828572	0.841461	0.855341	0.854748
12000	slope	0.0993908	0.0623383	0.0198471	0.048923	0.0376965	0.0405686	0.0253699	0.0568484	0.0143482	0.0537972	0.0739558	0.0536481	0.0782005	0.0732385	0.0111792	0.0537972	0.0846967	0.0469075	0.0856353	0.0920701	0.0425765	0.0448304	0.0512657	0.0739558	0.0361747	0.0266118	0.0161721	0.0533174	0.0537972	0.0425765	0.077879	0.0537972	0.0590217	0.077209	0.0467049	0.0737666	0.0381193	0.064333	0.0264358	0.0533174	0.0933247	0.0615105	0.106826	0.0267072	0.0723043	0.0500112	0.0702508	0.064333	0.0533174	0.10017	0.0882471	0.0611431	0.0465797	0.0377436	0.0507262	0.0639427	0.0739558	0.0376965	0.0361747	0.0702508	0.0732385	0.0360045	0.0388507	0.036337	0.0330656	0.0264358	0.0264358	0.0573473	0.0730354	0.118271	0.053486	0.0901971	0.0505788	0.0611776	0.112346	0.0611387	0.064333	0.0465797	0.0621698	0.0781774	0.0702508	0.0533174	0.0304571	0.0856353	0.0661249	0.0437936	0.107238	0.0993908	0.0723043	0.0901971	0.0280264	0.0408673	0.0619087	0.0581095	0.0244616	0.0381193	0.0304571	0.0300125	0.0659596	0.0437936	0.053486	0.0562216	0.0687857	0.0491487	0.0683186	0.102579	0.0739558	0.0661249	0.0600109	0.0362696	0.0413038	0.0467049	0.0786902	0.0902501	0.0413038	0.114947	0.0668616	0.0731156	0.0533174	0.0361747	0.0693291	0.0806064	0.0381193	0.0545803	0.0610037	0.064333	0.0302023	0.0348444	0.0680524	0.0533174	0.0304571	0.0174143	0.0381193	0.0425765	0.0755775	0.0644474	0.0702508	-0.00678365	0.0264358	0.0467049	0.0244616	0.056208	0.0359288	0.114947	0.056208	0.100291	0.0732385	0.0460123	0.101271	0.0640594	0.0413038	0.064333	0.053486	0.0979948	0.0612132	0.0359887	0.0244616	0.0448159	0.112346	0.0504787	0.0377436	0.0304571	0.00455979	0.113132	0.0574404	0.0369892	0.0465797	0.0381193	0.0510046	0.064333	0.048923	0.0381193	0.0901971	0.0408553	0.0508279	0.0557209	0.0781774	0.048923	0.0448159	0.0901971	0.0417324	0.0702976	0.0732385	0.0645317	0.108673	0.0533174	0.112346	0.0679113	0.0129066	0.0300125	0.07073	0.0302023	0.0737666	0.0264358	0.0634103	0.0730685	0.0815103	0.0381193	0.0901971	0.0359288	0.0901971	-0.00678365	0.0600109	0.0517322	0.0425765	0.064333	0.0143482	0.0679113	0.0228685	0.0302023	0.0361747	0.0679113	0.0533174	0.0505788	0.0856353	0.0758862	0.0381193	0.0440971	0.121534	0.0623383	0.0537972	0.0606098	0.040757	0.0253699	0.0581469	0.0669561	0.0354456	0.064333	0.0604354	0.0732385	-0.00678365	0.0508977	0.0993908	0.0448159	0.114947	0.0454591	0.0507262	0.0579921	0.0558709	0.0239129	0.0497488	0.056208	0.0359887	0.131592	-0.00678365	0.0507262	0.0425765	0.053486	0.0244616	0.064333	0.0768912	0.0359288	0.108673	0.0529484	0.040757	0.0993908	0.0537972	0.064333	0.0253699	0.064333	0.0437936	0.0381193	0.0172312	0.0979948	0.112346	0.0507262	0.0360045	0.0505788	0.0467049	0.0437936	0.0769116	0.0505788	0.0611776	0.0732385	0.11888	0.0441969	0.0204506	0.0276695	0.0533174	0.0248254	0.0304571	0.0329241	0.0933247	0.0737666	0.053678	0.0702508	0.0901971	0.112346	0.0361747	0.0612132	0.0376965	0.0508977	0.0390668	0.0569764	0.0430094	0.0174143	0.0723043	0.0693291	0.0723043	0.0537972	0.0425765	0.064333	0.0732385	0.0304571	0.112346	0.0413038	0.112346	0.0359288	0.0545803	0.0381193	0.0302023	0.0669561	0.0732385	0.0304571	0.0679113	0.0533174	0.0702976	0.102579	0.0360045	0.0450233	0.0533174	0.0304571	0.0533174	0.048923	0.0360045	0.0803799	0.0533174	0.0901971	0.0450233	0.114947	0.0755775	0.0505788	0.0719663	-0.00678365	0.0993908	0.0359288	0.0376965	0.0253699	0.0440971	0.0851537	0.0377436	0.0264358	0.0464493	0.0193369	0.114947	0.0264358	0.0508977	0.0779613	0.0467049	0.073506	0.0525601	0.0896403	0.0389012	0.0448159	0.0693291	0.0571796	0.0781774	0.0732385	0.0464493	0.0361747	0.0596005	0.0695403	0.0995292	0.0537972	0.0914344	0.0529484	0.0702508	0.0440971	0.0775805	0.0596095	0.0537972	0.0635833	0.0425765	0.0448159	0.0768912	0.0468727	0.114947	0.048183	0.064333	0.0413038	0.0752976	0.0348444	0.0610037	0.0354456	0.00455979	0.0732385	0.0603991	0.073506	0.0732385	0.0345434	0.131592	0.0487897	0.0372285	0.0256499	0.064333	0.0693291	0.0450233	0.0933247	0.112346	0.105531
12000	intercept	0.828149	0.89039	0.87319	0.864713	0.855187	0.862427	0.878121	0.86104	0.879016	0.822344	0.833257	0.836555	0.84001	0.868678	0.859483	0.822344	0.841213	0.835218	0.83018	0.833835	0.841264	0.858405	0.849383	0.833257	0.86886	0.866737	0.891757	0.871609	0.837133	0.836259	0.845244	0.822344	0.849916	0.830916	0.85306	0.829122	0.875511	0.854754	0.87319	0.871609	0.842849	0.845432	0.853738	0.855516	0.845842	0.86363	0.82572	0.860633	0.854504	0.85756	0.843995	0.828719	0.86886	0.843298	0.848506	0.86449	0.824314	0.877724	0.870678	0.828719	0.868678	0.878199	0.861286	0.887897	0.860454	0.87319	0.87319	0.858344	0.840002	0.797148	0.84795	0.85756	0.847218	0.884044	0.843941	0.857788	0.854754	0.86886	0.861959	0.850479	0.828719	0.854504	0.875587	0.805521	0.887092	0.848247	0.821765	0.809949	0.84001	0.85823	0.85874	0.863329	0.855997	0.851106	0.868455	0.8829	0.875587	0.854504	0.854754	0.847881	0.84795	0.85903	0.86632	0.856303	0.850298	0.828149	0.833257	0.887092	0.855175	0.854504	0.859528	0.859823	0.83849	0.855586	0.859528	0.801741	0.837121	0.819792	0.854504	0.870678	0.876243	0.826012	0.8829	0.851578	0.859823	0.854754	0.870451	0.86718	0.8698	0.854504	0.849941	0.857732	0.875511	0.85335	0.83018	0.852694	0.828719	0.883292	0.87319	0.85306	0.868455	0.847218	0.855677	0.808084	0.847218	0.813643	0.864777	0.876279	0.845893	0.882779	0.859528	0.854754	0.84795	0.863253	0.876243	0.860054	0.868455	0.857698	0.82618	0.871952	0.843298	0.872629	0.890039	0.83568	0.836708	0.875217	0.86886	0.8829	0.853835	0.855918	0.864713	0.8829	0.859002	0.826808	0.838884	0.863018	0.850479	0.864713	0.857698	0.85756	0.851578	0.84204	0.868678	0.84726	0.798063	0.854504	0.833556	0.868678	0.859483	0.854504	0.847359	0.855942	0.850479	0.87319	0.852211	0.842575	0.853661	0.875511	0.85756	0.855677	0.85756	0.885536	0.855175	0.857908	0.852169	0.854754	0.879016	0.868678	0.860054	0.870451	0.86886	0.843172	0.854504	0.847218	0.805521	0.846089	0.874512	0.857908	0.839042	0.889121	0.822344	0.863124	0.864684	0.902819	0.882779	0.854262	0.86502	0.863961	0.821337	0.868678	0.885536	0.838884	0.809949	0.857698	0.821765	0.853754	0.848506	0.85112	0.847218	0.86502	0.857152	0.847218	0.860054	0.826406	0.885536	0.848506	0.841264	0.84795	0.898549	0.854754	0.83018	0.855677	0.798063	0.854262	0.861623	0.826624	0.822344	0.852211	0.878121	0.859755	0.848247	0.8829	0.883938	0.863253	0.833556	0.848506	0.878199	0.847218	0.859823	0.848247	0.83018	0.847218	0.868678	0.868678	0.809949	0.855942	0.852169	0.878199	0.854504	0.907812	0.872629	0.852169	0.842849	0.829122	0.875332	0.828719	0.85756	0.82618	0.86886	0.876243	0.865829	0.838884	0.855984	0.859823	0.865829	0.857732	0.84001	0.853185	0.845842	0.813409	0.836259	0.854754	0.868678	0.875587	0.833556	0.859528	0.833556	0.855677	0.851578	0.875511	0.885585	0.854262	0.868678	0.875587	0.868678	0.854504	0.84204	0.828149	0.878199	0.857908	0.854504	0.849941	0.871609	0.869197	0.878199	0.852264	0.854504	0.85823	0.859891	0.819083	0.841994	0.847218	0.888039	0.885536	0.809949	0.855677	0.865829	0.903492	0.857908	0.828149	0.843298	0.88966	0.853872	0.870314	0.801741	0.87319	0.838884	0.820222	0.859823	0.868678	0.863018	0.853738	0.852478	0.857698	0.876243	0.868455	0.850479	0.868678	0.853872	0.870678	0.857908	0.828754	0.821765	0.822344	0.853738	0.855275	0.828719	0.857908	0.84001	0.858358	0.822344	0.84204	0.841264	0.857698	0.83018	0.878152	0.800651	0.848247	0.863961	0.859528	0.808966	0.86718	0.859823	0.86502	0.890039	0.861822	0.871072	0.868678	0.868678	0.885426	0.826406	0.836146	0.910773	0.859483	0.858879	0.876243	0.857908	0.842849	0.833556	0.839042
13000	slope	0.0890732	0.0690515	0.0805509	0.057016	0.0531119	0.0518895	0.0364409	0.0400336	0.0251445	0.0533657	0.0797023	0.0359866	0.0400336	0.031784	0.00695047	0.0540534	0.0706903	0.0602701	0.0456625	0.0542271	0.0531119	0.0717636	0.0533657	0.111043	0.0531756	0.0632527	0.0423476	0.0745877	0.0494832	0.038343	0.0494938	0.0728865	0.0387644	0.0373731	0.0461871	0.0827059	0.0602701	0.0210125	0.0502981	0.0266153	0.0222044	0.0868696	0.0347768	0.0465572	0.0423476	0.0716232	0.0634258	0.0456076	0.0445752	0.0602701	0.0791467	0.0851801	0.0456625	0.0418711	0.102334	0.0661747	0.00197229	0.0464838	0.0498018	0.0529112	0.031784	0.0523842	0.0129758	0.0324428	-0.0184798	0.0507372	0.0410054	0.032752	0.057961	0.0347768	0.0947215	0.0645881	0.0522063	0.031784	0.0690515	0.0628383	0.0430017	0.0251445	0.0602701	0.0456625	0.0322373	0.0845509	0.060114	0.0462089	0.0464838	0.057016	0.0947215	0.0476603	0.0350434	0.0947215	0.0265171	0.0661747	0.0661747	0.0947215	0.0322373	0.0661984	0.0706903	0.0602701	0.0947215	0.0606255	0.0400336	0.0166744	0.0347768	0.0782867	0.0602701	0.0344111	0.062106	0.0737026	0.0540534	0.07815	0.0690515	0.0432176	0.0648848	0.0531119	0.027273	0.0496603	0.0822366	0.0512933	0.0201527	0.0465572	0.0737313	0.0602701	0.057934	0.0563326	0.0728865	0.0468288	0.0565343	0.0464838	0.0513164	0.0464838	0.031784	0.057016	0.0667042	0.0947215	0.0602701	0.0492694	0.0717636	0.0840032	0.0851801	0.0319998	0.0636701	0.0465572	0.0429703	0.0347768	0.0501519	0.032752	0.0495843	0.0533657	0.0774639	0.0523842	0.0540534	0.0690515	0.0518895	0.0797023	0.0540534	0.0690515	0.0410054	0.0890732	0.0395546	0.0681669	0.089007	0.0563326	0.0858195	0.04043	0.0327879	0.0370507	0.0533657	0.0604478	0.0468288	0.0376752	0.0370507	0.0471816	0.0648848	0.0865051	0.0851801	0.0342586	0.0563326	0.0602701	0.0446798	0.0565343	0.0602701	0.057016	0.0308099	0.0512538	0.0622063	0.0395345	0.0531119	0.0694683	0.0540534	0.02516	0.0312432	0.0735067	0.0529112	0.0465572	0.10092	0.0686807	0.0473576	0.0532468	0.0457616	0.100869	0.000713047	0.00197229	0.0464838	0.0717636	0.0797023	0.0821966	0.0532468	0.0281886	0.0540534	0.00197229	0.00197229	0.0745877	0.0395546	0.0464838	0.0648848	0.0465572	0.0533657	0.0540534	0.0533657	0.0518895	0.0540534	0.0425099	0.0281886	0.0283317	0.00197229	0.0745877	0.0266917	0.0395546	0.0327879	0.0602701	0.00625253	0.0774639	0.0851801	0.071992	0.025247	0.0752024	0.0540534	0.0706903	0.0947215	0.0612607	0.0400336	0.0616018	0.0464838	0.0418711	0.0395546	0.0450773	0.0522288	0.00197229	0.0634258	0.0602701	0.0661602	0.0717636	0.0419182	0.025247	0.0645881	0.0947215	0.091635	0.0612607	0.0507372	0.0612607	0.0330294	0.0614612	0.0634258	0.0851801	0.0563326	0.000713047	0.057016	0.0791467	0.0947215	0.0347768	0.031784	0.0574167	0.0517721	0.0465572	0.0509026	0.0251445	0.0532468	0.0544855	0.0661747	0.0899239	0.0574167	0.0694683	0.0686631	0.00391147	0.00197229	0.0706903	-0.00278522	0.0799273	0.0708025	0.0637005	0.0540534	0.0533657	0.0496603	0.0400336	0.0612607	-0.0184798	0.0693686	0.115048	0.0546294	0.0745877	0.025247	0.0266153	0.0496603	0.0359866	0.0948677	0.0540534	0.0797023	0.0717636	0.0799273	0.0523842	0.0265171	0.0504182	0.0640431	0.0533657	0.0266153	0.0602701	0.0456625	0.0795806	0.0531119	0.0456625	0.0540534	0.0465572	0.0570372	0.0400336	0.0544855	0.0706903	0.0211596	0.061002	0.0331517	0.0376752	0.0464838	0.0640431	0.0970154	0.0708025	0.0211596	0.0795806	0.0606255	0.0602701	0.0858195	0.0347768	0.0602701	0.0347768	0.0602701	0.0484565	0.0745877	0.057016	0.0523842	0.0606255	0.00197229	0.0647618	0.0542271	0.0456625	0.0465572	0.0546294	0.0532468	0.0376752	0.0851801	0.0522063	0.0717636	0.0648848	0.0797023	0.032752	0.0717636	0.00197229	0.0928371	0.0400336	0.0706903	0.057016	0.0690515	0.0602701	0.0211596	0.0648848	0.0725293	0.0914195	0.0595874	0.0532468	0.057016	0.115048	0.0483221	0.031784	0.0661747	0.0251445	0.0851801	0.0661747	0.0487706	0.0513164	0.0851801	0.0797023	0.0344424	0.0947215	0.0531119	0.0400336	0.0840032	0.0799273	0.0563326	0.0690515	0.031784	0.0400336	0.0540534	0.0799273
13000	intercept	0.826331	0.863437	0.845579	0.869987	0.855152	0.873093	0.882335	0.839418	0.853816	0.834737	0.81404	0.847089	0.839418	0.882335	0.88177	0.847541	0.848367	0.862319	0.837653	0.863602	0.877276	0.828192	0.854567	0.800131	0.854246	0.860729	0.868902	0.843792	0.827498	0.86568	0.845772	0.831675	0.867479	0.871265	0.881047	0.843745	0.859457	0.851294	0.844205	0.882335	0.877843	0.849277	0.883439	0.862486	0.889958	0.839727	0.842055	0.861104	0.874474	0.863314	0.831399	0.821362	0.834093	0.829925	0.822021	0.869387	0.865288	0.890211	0.859512	0.828281	0.882335	0.850296	0.871191	0.880701	0.88177	0.871883	0.847089	0.862155	0.818339	0.883439	0.839122	0.859234	0.872268	0.882335	0.863437	0.849314	0.885674	0.853816	0.874291	0.820835	0.902864	0.862693	0.859258	0.850454	0.879983	0.872502	0.839122	0.869984	0.902864	0.885022	0.889527	0.871883	0.871883	0.827822	0.902864	0.849909	0.848367	0.858464	0.839122	0.866025	0.845992	0.860594	0.883439	0.824142	0.865852	0.890165	0.843641	0.843792	0.84526	0.821362	0.863437	0.865253	0.858575	0.873462	0.885904	0.824598	0.842991	0.868291	0.850734	0.861891	0.846574	0.863314	0.82578	0.854246	0.834928	0.844071	0.86868	0.890211	0.871747	0.890425	0.876207	0.869987	0.850055	0.827822	0.85777	0.867802	0.824142	0.839833	0.843855	0.890211	0.871329	0.87401	0.86358	0.883439	0.85845	0.870805	0.871329	0.860152	0.863437	0.861489	0.845579	0.863437	0.873093	0.81404	0.845579	0.856531	0.847089	0.826331	0.872784	0.845579	0.821362	0.854246	0.79199	0.876829	0.872441	0.852318	0.852318	0.864806	0.844071	0.854163	0.852318	0.871537	0.858575	0.830597	0.821362	0.867192	0.847089	0.863314	0.874147	0.870107	0.870909	0.872502	0.890211	0.864966	0.801829	0.839836	0.883187	0.845002	0.845579	0.874115	0.85914	0.85007	0.842753	0.862486	0.854907	0.821362	0.864962	0.854246	0.834093	0.821362	0.88177	0.865288	0.890211	0.824142	0.81404	0.826331	0.854246	0.88403	0.84526	0.865288	0.865288	0.843792	0.872784	0.890211	0.858575	0.862486	0.852318	0.847541	0.847018	0.873093	0.861613	0.85412	0.871191	0.853416	0.865288	0.858933	0.862589	0.868075	0.872441	0.870909	0.853816	0.863437	0.843855	0.840659	0.867354	0.833542	0.845579	0.848367	0.839122	0.853017	0.839418	0.864796	0.879983	0.829925	0.872784	0.851808	0.875388	0.865127	0.842055	0.865852	0.852318	0.824142	0.826814	0.863896	0.859234	0.839122	0.820553	0.853345	0.871883	0.853345	0.890211	0.842991	0.842055	0.821362	0.847089	0.88177	0.865783	0.865852	0.840295	0.872191	0.876207	0.882335	0.873228	0.862486	0.847018	0.853816	0.854246	0.847089	0.869387	0.839122	0.882335	0.85352	0.858464	0.840432	0.865288	0.848367	0.840432	0.855455	0.85763	0.840659	0.856265	0.840581	0.824598	0.839418	0.853345	0.88177	0.865852	0.866485	0.852318	0.843792	0.862252	0.882335	0.824598	0.847089	0.820743	0.842754	0.81404	0.824142	0.855455	0.881142	0.88396	0.845579	0.835081	0.836204	0.882335	0.863314	0.834093	0.865852	0.877276	0.834093	0.847541	0.862486	0.864796	0.839418	0.849898	0.848367	0.862155	0.863437	0.864918	0.848366	0.870804	0.836345	0.826256	0.85763	0.862155	0.865852	0.866266	0.865852	0.79199	0.883439	0.865852	0.883439	0.858141	0.851156	0.843792	0.872502	0.861489	0.866266	0.8712	0.895517	0.863602	0.834093	0.861891	0.852318	0.854246	0.848366	0.821362	0.874634	0.824142	0.858575	0.81404	0.870805	0.824142	0.865288	0.821362	0.829475	0.848367	0.872502	0.863437	0.869088	0.862155	0.85586	0.853345	0.826256	0.851391	0.854246	0.881452	0.866485	0.867208	0.877746	0.869387	0.851322	0.821362	0.871883	0.882335	0.871747	0.821362	0.81404	0.874147	0.839122	0.877276	0.839418	0.839833	0.855455	0.857189	0.863437	0.8811	0.829475	0.845579	0.855455
14000	slope	0.0693828	0.084115	0.0361917	0.0689671	0.0217979	0.0815277	0.070635	0.0757297	0.0959349	0.0689671	0.025957	0.0752172	0.0458003	0.110127	0.0615424	0.0401215	0.078984	0.111154	0.0532935	0.0617782	0.0370202	0.0667228	0.0736595	0.0786318	0.0541773	0.029324	0.0630168	0.0909055	0.0462577	0.089785	0.0736595	0.0269673	0.0308235	0.025957	0.0693828	0.033696	0.0465533	0.0304274	0.0562873	0.053632	0.0648815	0.0736595	0.0580534	0.0625639	0.0738712	0.0693828	0.038693	0.0284593	0.0738712	0.0612284	0.084115	0.0612284	0.0959349	0.0359944	0.0450975	0.0442637	0.00553959	0.0231002	0.0427236	0.070635	0.025957	0.0341823	0.0369872	0.070635	0.0759268	0.067443	0.0940655	0.0263373	0.0195695	0.0736595	0.110127	0.084115	0.0376108	0.0565499	0.0890574	0.0689671	-0.000438531	0.0810413	0.00848186	0.070635	0.0565499	0.0263373	0.0255758	0.0511774	0.058794	0.0511774	0.0339071	0.0630168	0.0564778	0.0703468	0.0759268	0.0450975	0.0350205	0.0346025	0.0617782	0.0344082	0.0239819	0.0231002	0.0458003	0.0267383	0.0698192	0.084115	0.0439538	0.0565499	0.0617782	0.0759268	0.0550854	0.111154	0.025957	0.0705465	0.0617782	0.0617782	0.0669177	0.038693	0.0269673	0.114406	0.0255758	0.0253814	0.0284593	0.0853913	0.0143072	0.0802156	0.078984	0.0336044	0.0266391	0.0283836	0.0810413	0.0945539	0.0309237	0.0617782	0.0283513	0.0625639	0.038693	0.0825539	0.0832504	0.0725169	0.0835802	0.0738712	0.084115	0.070742	0.0253814	0.0392271	0.0611763	0.038693	0.0269673	0.0853913	0.0693828	0.0462577	0.0630168	0.0647793	0.0453426	0.0669111	0.0242004	0.0364712	0.105927	0.0853913	0.0511774	0.0835802	0.0757297	0.0475545	0.0904775	0.0154717	0.0909055	0.0698192	0.0752172	0.0780808	0.067443	0.0607553	0.0702012	0.0693828	0.110127	0.0231002	-0.00370489	0.0313615	0.0923046	0.0827836	0.0054568	0.0339071	0.084115	0.0427236	0.0853913	0.0195695	0.0857794	0.0892995	0.0617782	0.084115	0.0284593	0.0756462	0.048637	0.0463618	0.0689671	0.0617782	0.0328015	0.0703656	0.0763609	0.0594286	0.0328015	0.0255758	0.0901378	0.110127	0.0643026	0.0693828	0.0580534	0.0321506	0.0432481	0.0693828	0.0815277	0.0853913	0.0909055	0.0736595	0.0787914	0.0424405	0.0595571	0.111154	0.0780793	0.00421053	0.0693828	-0.000438531	0.0830933	0.0757297	0.0462577	0.107763	0.0388186	0.070635	0.0689671	0.0585124	0.0502304	0.0959349	0.0752172	0.0940655	0.0392271	0.0314084	0.0620442	0.0263373	0.0708561	0.0709319	0.033327	0.033696	0.0595571	0.0195695	0.0615424	0.00421053	0.0689671	0.0228799	0.0336044	0.0366696	0.0545445	0.038693	0.0263373	0.0413973	0.0595571	0.0462577	0.0585124	0.0511774	0.0308235	0.0693828	0.0233184	0.0437414	0.0561347	0.0460729	0.0344082	0.0899251	0.0899251	0.0694332	0.0630168	0.0316666	0.0630168	0.0344082	0.0617782	0.0693828	0.038693	0.0752172	0.0308235	0.084115	0.0752172	0.0853913	0.0738712	0.084115	0.0253814	0.0689671	0.0630168	0.013841	0.0736595	0.0887504	0.0835802	0.0263373	0.0255758	0.0738712	0.0195695	0.0308235	0.0253814	0.0366696	0.0763609	0.0759268	0.0339071	0.0756462	0.00848186	0.0462577	0.0195695	0.070635	0.04037	0.0615424	0.0615424	0.0493574	0.0752172	0.0892995	0.0437414	0.0617782	0.0195695	0.0693828	0.0423158	0.0736595	0.0129433	0.0458003	0.0253814	0.0738712	0.0253814	0.070635	0.0305386	0.0689671	0.0392463	0.0873837	0.0545445	0.0314084	0.0585124	0.0617782	0.0314084	0.0361917	0.0693828	0.0231002	0.0801452	0.0284993	0.0736595	0.0247758	0.0275502	0.0664448	0.0664448	-0.0107761	0.00848186	0.0630168	0.038693	0.0901378	0.047937	0.0305386	0.047937	0.0899251	0.084115	0.0601759	0.0689671	0.0625639	0.0815277	0.0736595	0.0580534	0.0738712	0.0617782	0.0830933	0.0791172	0.013841	0.0959349	0.0959349	0.0615424	0.0129433	0.00848186	0.0314084	0.102396	0.0763609	0.0488777	0.0308235	0.0815277	0.0892995	0.084115	0.0664448	0.0524921	0.0552787	0.0752172	0.0835802	0.0222405	-0.0171906	0.0509935	0.0736595	0.0488777	0.0752172	0.0314084	0.00848186	0.070635	0.0873837	0.0366696	0.0195695	0.0336044	0.0462577	0.084115	0.0617782	0.0611763	0.0738712	0.0129433	0.070635	0.0195695	0.0392271	0.0566976	0.0763609
14000	intercept	0.834943	0.83288	0.882309	0.827964	0.880176	0.82487	0.838993	0.857663	0.83887	0.823026	0.872582	0.856274	0.830063	0.829632	0.822211	0.857641	0.829487	0.860848	0.885173	0.849386	0.848526	0.858273	0.82962	0.848911	0.864615	0.883363	0.82962	0.85006	0.815853	0.847862	0.834855	0.872464	0.873502	0.872582	0.834943	0.856318	0.887569	0.888088	0.840547	0.836476	0.841082	0.82962	0.836578	0.855574	0.828106	0.834943	0.888088	0.885917	0.828993	0.857381	0.83288	0.858394	0.83887	0.858944	0.840734	0.848526	0.866854	0.875964	0.832597	0.838993	0.872582	0.87337	0.84194	0.838993	0.8489	0.840867	0.858852	0.841357	0.859523	0.834855	0.829632	0.834943	0.867747	0.824462	0.846634	0.827964	0.866854	0.853315	0.828691	0.838993	0.824462	0.846053	0.874946	0.858575	0.831911	0.858575	0.850545	0.82962	0.861747	0.840952	0.8489	0.841988	0.856534	0.873356	0.860635	0.856318	0.850571	0.875964	0.830063	0.868789	0.828993	0.83288	0.834943	0.850545	0.858575	0.8489	0.858575	0.859715	0.872582	0.827964	0.88489	0.874957	0.868407	0.889813	0.872464	0.810101	0.889911	0.891579	0.885917	0.853315	0.828691	0.865293	0.829487	0.843332	0.867734	0.815853	0.853315	0.853315	0.85033	0.849386	0.848526	0.855574	0.897739	0.839092	0.852177	0.853315	0.853315	0.828993	0.83288	0.831286	0.880176	0.882324	0.838993	0.901619	0.872464	0.849471	0.834943	0.828691	0.82962	0.868451	0.878341	0.849165	0.892037	0.867576	0.80466	0.853315	0.858575	0.853315	0.853564	0.830236	0.825064	0.844147	0.85006	0.828993	0.856274	0.845578	0.840867	0.856908	0.836714	0.834943	0.829632	0.855432	0.861334	0.850053	0.802849	0.847862	0.881485	0.850545	0.83288	0.832597	0.853315	0.873356	0.849415	0.827964	0.862976	0.83288	0.885917	0.84177	0.858332	0.879108	0.823026	0.874957	0.845741	0.861892	0.821191	0.875989	0.848526	0.874946	0.861489	0.820078	0.822211	0.834943	0.821864	0.848526	0.879108	0.834943	0.844537	0.839998	0.85006	0.82962	0.871414	0.815853	0.84177	0.859715	0.856313	0.875122	0.834943	0.866854	0.860731	0.853564	0.840675	0.85006	0.879108	0.838993	0.827964	0.824985	0.87165	0.83887	0.845292	0.858852	0.875346	0.890268	0.879108	0.85504	0.86809	0.853315	0.843332	0.84777	0.84177	0.873356	0.822211	0.875122	0.823026	0.856338	0.843332	0.867097	0.858853	0.888088	0.846053	0.87865	0.84177	0.815853	0.824985	0.858575	0.873502	0.834943	0.886914	0.79805	0.888088	0.826027	0.856318	0.855931	0.855931	0.840867	0.840642	0.866695	0.82962	0.856318	0.858575	0.82418	0.901619	0.86954	0.873502	0.83288	0.860731	0.843004	0.828993	0.83288	0.880176	0.82496	0.82962	0.881124	0.834855	0.830052	0.853315	0.841357	0.889911	0.828106	0.859523	0.874216	0.880952	0.867097	0.831977	0.8489	0.850545	0.827214	0.830962	0.813751	0.873356	0.838993	0.840547	0.816141	0.822211	0.840642	0.872008	0.827964	0.79805	0.860635	0.873356	0.836286	0.856534	0.834855	0.844608	0.830063	0.880176	0.828106	0.880176	0.838993	0.84641	0.823026	0.878835	0.850656	0.858853	0.881902	0.824985	0.874957	0.890268	0.882309	0.82418	0.875964	0.871449	0.855879	0.834855	0.873327	0.854774	0.822521	0.82962	0.894926	0.830953	0.82962	0.885039	0.861489	0.868115	0.84641	0.868115	0.855931	0.83288	0.90196	0.809257	0.855574	0.844537	0.834855	0.836578	0.828106	0.861892	0.860731	0.858575	0.881124	0.83887	0.83887	0.822211	0.844608	0.828691	0.880571	0.794096	0.821191	0.896009	0.867388	0.82487	0.827964	0.83288	0.822521	0.839613	0.869029	0.860731	0.853315	0.880855	0.886914	0.885173	0.834855	0.896009	0.860731	0.880571	0.808661	0.838993	0.845779	0.867097	0.859523	0.850256	0.815853	0.83288	0.858575	0.838993	0.828106	0.844608	0.838993	0.873356	0.869422	0.842761	0.821191
15000	slope	0.0691722	0.119808	0.0188275	0.0733465	0.0452491	0.0494412	0.0124076	0.0649322	0.0452491	0.0690474	0.0494232	0.0654564	0.0622465	0.0786737	0.0628725	0.0649322	0.0673835	0.0648078	0.0219085	0.0500994	0.0501148	0.0520577	0.0694837	0.0622465	0.00782336	0.0265531	0.0416976	0.075316	0.0834224	0.0540559	0.139266	0.0234415	0.10056	0.0242257	0.0377813	-0.00799469	0.0456202	0.0794057	0.0834224	0.0309301	0.0377813	0.053596	0.0834224	0.0020305	0.147567	0.0586891	0.0322084	0.0109881	0.067125	0.0663539	0.075298	0.130288	0.0663539	0.0551709	0.0416976	0.0265531	0.0506788	0.0767923	0.0217621	0.00702438	0.068341	-0.0247404	0.0265531	0.0216702	0.0486645	0.0781157	0.0452491	0.0156355	0.071588	0.0592545	0.0514291	-0.00799469	0.0251422	0.0561146	0.05373	0.0377813	0.0741412	0.0499558	0.0617253	0.0525954	0.0747049	0.0164645	0.0499718	0.0442524	0.0499558	0.13495	0.0622465	0.0663539	0.133322	0.0956443	0.074075	0.11808	-0.0118888	0.0747049	0.122206	0.025957	0.068341	0.0406307	0.0140752	0.0124076	0.0928959	0.0794057	0.0663539	0.139266	0.0741069	0.087822	0.0134133	0.12389	0.0617901	0.0377813	0.086317	0.12389	0.0617253	0.0663539	0.0530705	0.0262891	0.0822298	0.0556079	0.0663539	0.0495274	-0.0084016	0.0524175	0.087822	0.133322	0.139266	0.12389	0.042177	0.0140752	0.0649322	0.0985824	0.0720219	0.0873866	0.00774393	0.0957788	0.0377813	0.0663539	0.0617253	0.0416976	0.0111155	-0.00799469	0.0134133	0.0617253	0.104448	0.0020305	0.0673835	0.139266	0.0794057	0.121248	0.0617253	0.0928959	0.0203935	0.0741412	0.00552737	0.0140752	0.0684375	0.0794057	0.0723287	0.0649322	0.0586891	-0.00799469	-0.00757435	0.0124076	0.123977	0.139266	0.0416976	0.0654526	0.00702438	0.0834224	0.0649322	0.00552737	0.0617901	0.0786737	0.0529747	0.0471856	0.0429403	0.0834224	0.080097	-0.00757435	0.0720436	0.0850967	0.0775976	0.0140752	0.0629195	0.0223915	-0.00757435	0.042177	0.0136652	0.0452491	0.0164773	0.0629195	0.0886911	0.0140752	0.0283058	0.0741412	0.068341	0.0124076	0.0649322	0.0134133	0.0251422	0.0081174	0.0858622	0.0377813	0.0766067	0.0622465	0.0936354	0.0234415	0.0234415	0.0673835	0.0592177	0.0124076	0.0124076	0.0494412	0.0500994	0.0500382	0.0429403	-0.0247404	0.126404	0.0879725	0.0634035	0.0886138	0.0673182	0.0691634	0.0124076	0.147567	-0.0247404	0.0305054	0.0654526	0.0622465	0.0140752	0.0605716	0.044576	0.0377813	0.0242257	0.068341	0.0794057	0.0529747	0.0134133	0.068341	0.0377813	-0.0179165	0.0649322	0.0159721	0.080246	0.12688	0.068341	0.0152442	0.0684375	0.042177	0.0124076	-0.0118888	-0.0084016	0.0648078	0.0273122	0.00774393	0.0840124	0.0549163	0.00834782	0.0663539	0.0670147	0.0283058	0.0592177	0.0747049	0.0592177	0.0124076	0.0629195	0.0140752	0.142542	0.087822	0.0124076	0.0816087	0.0149519	-0.0183595	0.0809924	0.0708135	0.0617253	0.0649322	0.0252294	-0.0247404	0.0592177	-0.0247404	0.0331461	0.0440776	0.0479334	-0.000828768	0.075298	0.069022	-0.0213528	0.0172244	0.0181013	0.0192033	0.0592177	0.0207269	0.0506788	0.12389	0.00552737	0.0786737	0.075316	0.0784325	0.0020305	0.00834782	0.121248	0.015445	0.0234415	-0.0249669	0.110189	0.0794057	0.0673835	0.0149519	0.121248	0.0794057	0.0694837	0.0794057	0.075298	0.0265531	0.0649322	0.0663539	0.0140752	0.0020305	0.080246	0.0207269	0.0134133	0.0816087	0.0322084	0.0985824	0.130288	0.0622465	0.00171273	-0.00799469	0.0251422	0.0649322	0.0191593	0.068341	0.0265531	0.0605716	0.085959	0.00552737	0.087822	0.043442	0.068341	0.0299276	0.009972	0.0505194	0.0124076	0.0708135	0.015445	0.0622465	0.042177	-0.0308862	0.0181013	0.0556079	0.0500994	0.0164773	0.0416976	0.069022	0.053596	0.0655343	0.0663539	0.0786737	0.0500994	0.0265531	0.0305054	0.0663539	-0.0247404	0.121248	0.069022	0.087822	0.0816087	-0.0084016	0.0655343	0.0691634	0.059222	-0.0249669	0.0124076	0.0648078	0.0452491	0.0265531	0.0325061	0.068478	0.0629195	0.0794057	0.0663539	0.0081174	0.10056	0.0540559	0.0020305	0.0265531	0.0582356	0.0500994	0.0782991	0.0549163	-0.00757435	0.0672132	0.0164773	0.0416976	0.0344514	0.121248	0.0283058	0.0617253	0.068341	0.0649322
15000	intercept	0.872596	0.801285	0.890368	0.865311	0.86679	0.823663	0.897074	0.846987	0.858824	0.846273	0.871129	0.862347	0.864629	0.852225	0.820387	0.845935	0.820387	0.879575	0.897452	0.865311	0.869125	0.857494	0.844317	0.863007	0.887027	0.882225	0.860139	0.840364	0.878738	0.832766	0.801285	0.885999	0.780667	0.841614	0.864629	0.882412	0.83886	0.863467	0.880742	0.882225	0.865679	0.854236	0.857915	0.885865	0.790205	0.829079	0.889628	0.887619	0.83447	0.862979	0.847002	0.804774	0.865795	0.84045	0.860139	0.882225	0.837711	0.830966	0.930522	0.876427	0.853396	0.869201	0.882225	0.896769	0.850477	0.853383	0.854236	0.892968	0.873499	0.839934	0.874733	0.882412	0.895257	0.877084	0.872201	0.847749	0.846987	0.869699	0.846987	0.825996	0.865311	0.873918	0.885475	0.885246	0.869699	0.790205	0.856625	0.862979	0.780789	0.878738	0.849624	0.797716	0.859902	0.865311	0.79852	0.894391	0.853396	0.856883	0.882683	0.897452	0.845873	0.850953	0.862979	0.80266	0.844317	0.832681	0.861831	0.81833	0.843124	0.864629	0.855524	0.81833	0.842516	0.862979	0.826192	0.884705	0.847141	0.862214	0.868706	0.872332	0.854633	0.83137	0.834399	0.790205	0.80266	0.81833	0.866039	0.882683	0.846987	0.858494	0.8377	0.847002	0.877253	0.82305	0.842257	0.862979	0.846987	0.860139	0.880465	0.866791	0.861831	0.846987	0.83354	0.874225	0.820387	0.801285	0.863467	0.810227	0.846987	0.845873	0.852921	0.846987	0.895001	0.882683	0.842163	0.863467	0.83288	0.853601	0.829079	0.866791	0.875657	0.901565	0.81833	0.801285	0.861397	0.865311	0.876427	0.881618	0.841871	0.895001	0.843124	0.835781	0.851696	0.846987	0.881389	0.888	0.839989	0.873918	0.8597	0.845873	0.861587	0.882683	0.820387	0.873918	0.873918	0.866039	0.860908	0.854236	0.882412	0.820387	0.881618	0.882683	0.882225	0.846987	0.848719	0.897074	0.847616	0.860908	0.888013	0.884698	0.863007	0.864629	0.863467	0.84825	0.812706	0.885999	0.885999	0.820387	0.830936	0.897002	0.90385	0.823663	0.865311	0.847002	0.879108	0.869201	0.790205	0.842317	0.849442	0.834243	0.8641	0.85831	0.896769	0.790205	0.869201	0.895257	0.865311	0.883166	0.882683	0.844317	0.864054	0.864629	0.843477	0.847002	0.863467	0.846987	0.861831	0.847002	0.842257	0.873269	0.846987	0.885999	0.84069	0.790205	0.847002	0.858669	0.842163	0.866039	0.90385	0.855313	0.854633	0.873499	0.89881	0.877253	0.845492	0.865311	0.861831	0.862979	0.834243	0.882225	0.830936	0.865311	0.830936	0.90385	0.820387	0.882683	0.801285	0.834399	0.897452	0.807769	0.89881	0.872021	0.823498	0.844169	0.846987	0.846987	0.878974	0.869201	0.820689	0.869577	0.89881	0.865311	0.854236	0.911768	0.847002	0.825928	0.872021	0.89881	0.89881	0.89692	0.830221	0.909156	0.837711	0.803364	0.895001	0.835781	0.846839	0.877764	0.882412	0.861831	0.810227	0.882683	0.885999	0.864041	0.780667	0.863467	0.820387	0.89881	0.810227	0.879227	0.844317	0.879227	0.847002	0.870538	0.846987	0.865795	0.882683	0.882412	0.84069	0.909156	0.861831	0.807769	0.885092	0.858494	0.804774	0.864629	0.882412	0.866791	0.895815	0.841871	0.90815	0.847002	0.874322	0.844317	0.864626	0.895001	0.832681	0.858639	0.848719	0.864624	0.896769	0.860752	0.896769	0.838832	0.882683	0.84825	0.866039	0.851099	0.89881	0.862214	0.865311	0.901336	0.860139	0.840006	0.854236	0.83288	0.878505	0.835781	0.865311	0.86861	0.895257	0.867169	0.869577	0.810227	0.840006	0.834399	0.83288	0.854633	0.844443	0.85831	0.860752	0.864041	0.884698	0.873499	0.86913	0.882225	0.900025	0.842163	0.820387	0.863467	0.862979	0.884698	0.780667	0.832766	0.882412	0.874322	0.865311	0.865311	0.83137	0.865311	0.873918	0.862979	0.882412	0.860139	0.858305	0.810227	0.882225	0.846987	0.838425	0.847616
16000	slope	0.064579	0.0473795	0.000775625	0.08577	0.0353874	0.033485	0.0520805	0.0688312	0.00560694	0.0379967	0.00746348	0.0469075	0.015633	0.00371359	0.0976541	0.0894649	0.0112813	0.0840934	0.0894649	0.0458433	0.0367289	0.0419955	0.0235858	0.043834	0.0244255	0.0681042	0.0328099	0.0386678	0.0894649	0.0244255	0.0409491	0.0381324	0.0561441	0.0595825	0.0136619	0.043834	0.0812406	0.0894649	0.052785	0.0670947	0.0605768	0.0442061	0.032211	0.0140316	0.0517122	0.0235858	0.0442061	0.0171216	0.0493075	0.0700731	0.0582825	0.0606138	0.0097652	0.0655406	0.0479318	0.0894649	0.0314117	0.050635	0.0372808	0.0322103	0.0628723	0.0894649	0.0255137	0.0313324	0.0537351	0.0379967	0.050898	0.101245	0.0381324	0.0788272	0.0379967	0.0243466	0.0109827	0.0665505	0.043834	0.0140316	0.050898	-0.00360143	0.0841404	0.0221732	0.0582825	0.0479176	0.043834	-0.0197039	0.000775625	0.0267236	0.00439062	0.0392747	0.0497993	0.0258204	0.0550149	0.0550149	0.050898	-0.0242036	0.101245	0.0243892	0.0479176	0.00679827	0.015633	0.0545871	0.0509896	-0.0242036	0.0561441	0.0619868	0.0174502	0.08577	-0.00367717	0.0372289	0.00677844	0.0343979	0.0330212	0.0372808	0.0473795	0.050898	-0.00302099	0.0347861	0.050898	0.0568458	0.0568458	0.0112813	0.0685548	0.0182804	0.0572133	0.0876227	0.050898	0.0681042	0.0706439	0.0574727	0.0730102	-0.00145153	0.0267236	0.0595825	0.0112813	0.0267236	0.043834	0.050898	0.0500982	0.00288984	-0.0242036	0.0408687	0.0372808	0.0766762	-0.0242036	0.0425983	0.0791197	0.052592	0.00439062	0.0698145	0.0379967	0.0507903	0.0695543	0.0522189	0.0595992	0.0564242	0.0665505	0.0274373	0.0163785	0.0918947	0.0318068	-0.00582838	0.0156819	0.0171132	0.0168609	0.0504291	0.0529432	-0.0242036	0.0595825	0.048273	0.0702779	0.0468972	0.0235858	0.0763438	0.051661	0.0550334	0.0745621	0.0841404	0.0567744	0.00612291	0.0615415	0.0522189	0.0616301	0.0761199	0.0140316	0.0331307	0.0300064	0.052623	0.0550149	0.0475347	0.0563941	0.0114319	0.0343979	0.0112813	0.0537586	0.0430781	0.0622114	0.0488326	0.0606714	0.0894649	0.043834	0.0939453	0.0372808	0.0707363	0.0894649	0.0210788	0.000469472	0.00371359	0.0435052	0.0976541	0.0140316	0.0372808	-0.0197039	0.0392747	0.0519383	0.0665505	0.0112813	0.0260959	0.0379967	-0.00369804	0.0918947	0.0304199	0.0559945	0.0469075	0.0667983	0.0777207	0.00439062	0.0372808	0.08577	0.00288984	0.0244255	0.050898	0.0386678	0.0670947	0.08577	0.0812406	0.0555554	0.0668976	0.0372086	0.0788272	0.0253529	0.043834	0.0343979	0.0812406	0.0372808	0.0382321	0.0267236	0.0165186	0.0595825	0.0763528	0.0561441	0.0918947	0.00288984	0.0873149	0.0670947	0.0931588	0.0894649	0.0367289	0.0762921	0.0267236	0.0327577	-0.00145153	0.0436005	0.0419955	0.0595825	0.0613501	0.0408677	0.00439062	0.0324509	0.0683654	0.0745621	0.0628723	-0.00768049	0.00288984	0.000220114	0.0244255	0.043834	0.0372808	0.0619868	0.0582825	0.0976541	-0.0011709	0.0226998	0.0545871	0.0495069	0.0568458	0.034872	-0.00360143	0.0931588	0.000775625	0.0436583	0.0379967	0.0168609	0.0622114	0.0100282	0.043834	0.0730102	0.0545871	0.0424181	0.0221732	0.0168609	0.0741115	0.0406321	0.0243892	0.0386678	0.0766762	0.0386678	0.050898	0.0698145	0.00439062	0.0665505	0.0387962	0.050898	0.0406321	0.0670947	0.0605768	0.000775625	0.0792869	0.00260324	0.0267236	0.0655406	0.0372086	0.0568458	0.08577	-0.00367717	0.00288984	0.015633	0.0151398	0.0568458	0.043834	0.0168609	0.0168609	-0.00369804	0.0436583	0.043834	0.00679827	0.0469075	0.0595825	0.0774638	0.0109827	0.043834	0.0379967	0.0300064	0.0559983	0.0520805	0.0707363	0.0267236	0.0582825	0.0812406	0.0567744	0.00439062	0.0774638	0.0621331	0.0976541	0.0394658	0.0522812	0.0330212	0.0812406	0.0613501	0.0209455	0.0419809	0.0631969	0.0140316	0.0529432	0.0642392	0.0900248	0.0730102	0.0507903	0.0168609	0.0343979	0.0586659	-0.0242036	0.0382321	0.0774638	0.0330212	0.0425083	0.0766762	0.0112813	0.0670947	0.0327577	0.0372289	0.0372808	-0.00768049	0.0467699	0.0382321	0.0550149	0.0168609	0.0386678	0.00172822	0.0136619	0.0372808	0.0622114	0.0894649	0.00439062	-0.00367717	0.0011304	0.032211	0.00288984	0.091456	0.00288984	0.0386678	0.0894649
16000	intercept	0.823657	0.834794	0.899625	0.82589	0.82788	0.851972	0.873286	0.871954	0.870107	0.836437	0.848887	0.840948	0.899055	0.913942	0.843074	0.819196	0.914931	0.837813	0.832993	0.863011	0.856486	0.852479	0.857589	0.862126	0.874868	0.821324	0.848715	0.851972	0.832993	0.874868	0.859842	0.835035	0.845135	0.832852	0.921199	0.873793	0.849889	0.832993	0.871464	0.84215	0.857398	0.858197	0.853213	0.884325	0.862827	0.857589	0.858197	0.888443	0.851972	0.853726	0.853092	0.836709	0.876063	0.863025	0.87802	0.832993	0.879012	0.850652	0.808766	0.855417	0.84779	0.819196	0.851415	0.859122	0.845825	0.836437	0.865073	0.832993	0.835035	0.836538	0.836437	0.866491	0.852664	0.834023	0.856165	0.884325	0.865073	0.918133	0.845384	0.851415	0.853092	0.836709	0.862126	0.880086	0.899625	0.861814	0.875853	0.851186	0.8548	0.852066	0.883127	0.881765	0.865073	0.898566	0.832993	0.843849	0.828427	0.89201	0.899055	0.847493	0.828177	0.898566	0.839764	0.827649	0.83845	0.82589	0.898566	0.8327	0.877043	0.862727	0.844509	0.85395	0.834794	0.865073	0.88932	0.866823	0.854901	0.87526	0.862324	0.909901	0.844815	0.843849	0.849264	0.82589	0.865073	0.807785	0.852929	0.83972	0.835493	0.859997	0.862727	0.832852	0.89365	0.861814	0.873793	0.861514	0.833882	0.887127	0.910285	0.836907	0.83677	0.832116	0.898566	0.865641	0.832116	0.85044	0.870064	0.84586	0.836437	0.872317	0.862827	0.85653	0.862827	0.864455	0.834023	0.839147	0.852943	0.849736	0.884708	0.859997	0.871495	0.875258	0.877568	0.868197	0.838123	0.902995	0.832852	0.865073	0.834023	0.839764	0.857589	0.841806	0.839764	0.839764	0.836709	0.853726	0.832116	0.859997	0.87334	0.85653	0.838221	0.836538	0.884325	0.84644	0.839794	0.857659	0.873383	0.857771	0.869188	0.875269	0.858956	0.909901	0.838123	0.841365	0.875966	0.835232	0.875966	0.832993	0.862126	0.828153	0.808766	0.852929	0.832993	0.841365	0.899625	0.912311	0.862827	0.848528	0.884325	0.814124	0.880086	0.851186	0.856053	0.834023	0.909901	0.843849	0.836437	0.895772	0.849736	0.843849	0.857941	0.838638	0.849144	0.868715	0.870064	0.808766	0.82589	0.887127	0.869864	0.865073	0.863056	0.84215	0.82589	0.849889	0.862066	0.835493	0.851972	0.836538	0.873544	0.86766	0.862727	0.841021	0.85395	0.835836	0.840471	0.851972	0.832852	0.835493	0.839764	0.849736	0.887127	0.860199	0.84215	0.860199	0.832993	0.856486	0.82589	0.862727	0.861547	0.859997	0.868725	0.852479	0.832852	0.851377	0.826282	0.870064	0.851972	0.857725	0.836709	0.84779	0.889983	0.887127	0.900738	0.869864	0.862827	0.862066	0.827649	0.853092	0.848528	0.877568	0.899055	0.828177	0.862324	0.862324	0.82788	0.918133	0.860199	0.915676	0.845418	0.836437	0.887231	0.875966	0.85491	0.862126	0.831519	0.856709	0.865073	0.851415	0.877568	0.860199	0.8398	0.843849	0.851972	0.833916	0.850468	0.865073	0.84586	0.870064	0.834023	0.839929	0.861514	0.8398	0.84215	0.833597	0.915676	0.832993	0.85285	0.862727	0.878366	0.849117	0.862324	0.82589	0.898566	0.887127	0.899055	0.873284	0.862324	0.873793	0.882165	0.877568	0.895772	0.831789	0.845157	0.89201	0.840948	0.838322	0.835493	0.852664	0.862827	0.836437	0.842221	0.858282	0.873286	0.839576	0.862727	0.853092	0.840173	0.832116	0.870064	0.835493	0.828743	0.848528	0.825063	0.857725	0.844509	0.849889	0.851377	0.839147	0.85395	0.851274	0.884325	0.838123	0.821324	0.82691	0.835493	0.872317	0.877568	0.839147	0.853489	0.900242	0.835836	0.835493	0.844509	0.845857	0.832116	0.909901	0.849322	0.861547	0.8327	0.846151	0.895772	0.878141	0.835836	0.881765	0.877568	0.850468	0.884325	0.898553	0.862066	0.875966	0.832993	0.875853	0.90774	0.895772	0.854959	0.887127	0.832993	0.887127	0.839929	0.832993
17000	slope	0.0400437	0.0752969	0.0200393	0.0659687	-0.0162007	0.105528	0.0658058	0.0394957	0.061932	0.0526473	0.0483165	0.0695341	0.0284048	0.0405415	0.0611833	0.0658058	-0.00653425	0.0637712	0.080823	0.084662	0.068726	0.0171232	0.0575213	0.0569257	0.0829849	0.0591681	0.0357917	0.028246	-0.0193986	-0.00683883	0.0897075	-0.00262863	0.0689983	-0.0102021	0.0508393	0.0789114	0.0504009	0.0255912	0.0603629	0.0424419	0.0599641	0.0808451	-0.000547225	0.0829849	0.0587766	0.0211711	-0.0169629	0.0338345	0.0689983	0.0327803	0.0585819	-0.0102021	0.0273425	0.0184824	-0.00151891	0.0609271	0.0829849	0.0829849	0.0881133	0.0417691	0.0587766	0.0218033	0.0529805	0.0394957	0.0690164	0.0299246	0.0125407	0.073783	0.0464861	0.114711	0.00608178	0.0356073	0.0526473	0.0637712	0.0569257	0.0184824	0.0592917	0.0671317	0.052534	0.0253589	0.052534	0.00284646	0.0602071	-0.00683883	0.0568129	0.0542507	0.00731531	0.0591681	0.0386162	0.0542507	0.052534	0.0690164	0.0368304	0.0587766	-0.0102021	0.0526473	0.0571678	0.0701689	0.0562661	0.0292932	0.105528	0.0504009	0.052534	0.0658058	0.0184824	0.0653344	0.0708183	0.0637712	0.00723117	0.0658058	0.105528	0.0334069	0.0417691	0.0765452	0.075422	0.0585819	0.0504009	0.0765452	0.103804	0.0512744	-0.00752272	0.0690164	-0.00262863	0.0255191	0.0690164	0.061932	0.0394102	0.0425032	0.0598263	0.0690694	0.0783732	0.0670591	0.0956568	0.0592556	0.0184824	0.0592556	0.0562913	0.0724524	0.105528	0.0562661	0.0630485	0.019689	0.052534	0.0761183	0.0607225	0.0689983	0.0768095	0.00104579	0.0682709	0.0436006	-0.00151891	0.0504009	0.0630485	0.000106543	0.0690164	0.0752969	0.0856701	0.0752969	0.0856701	-0.00844001	-0.0155357	0.0690694	0.0829849	0.0655171	0.0751906	0.0505744	0.0450737	0.0327803	0.0276561	0.0603952	0.0603411	-0.00692583	0.0255191	0.0585819	0.0637712	0.0682407	-0.00752272	0.0184824	0.0273425	0.06755	0.0637712	0.0682407	0.114123	-0.00692583	0.066603	0.0623979	0.0512744	-0.00262863	0.0456164	0.0757565	0.0692517	0.050394	0.0242872	-0.00813743	0.040733	0.0557598	0.0491362	0.066175	0.0526945	0.0756128	0.068726	-0.0102021	0.0209662	0.0464861	0.00214089	0.0829849	0.066603	0.114711	0.0542507	0.077303	0.0829849	0.0877917	-0.00241149	-0.0040877	0.0937449	0.0600838	0.0504009	0.0390322	0.0762871	0.0277496	0.00214089	0.0694425	0.0735658	-0.0169629	-0.0040877	0.0653344	-0.0155357	0.00774765	0.114123	0.0747691	-0.00653425	0.077303	0.0600838	-0.00692583	0.108818	0.114123	0.0273425	0.00396058	0.0512744	0.050394	0.0600838	-0.00752272	0.105528	0.0576653	-0.0193986	0.0505744	0.0757565	0.0526473	0.0526473	0.00214089	0.00104579	0.0255912	0.0724524	0.0856701	0.0431236	0.0562661	0.0919756	-0.00752272	0.0526473	0.0745826	0.0569257	0.0377662	0.0349768	0.0690164	0.0683199	0.00284646	0.0359198	0.0542507	0.0494787	0.0627015	0.0505744	0.0829849	0.0210355	0.0617122	0.00799212	-0.00752272	0.00104579	0.0582721	0.0701689	0.0683199	0.0747691	0.114123	0.0221824	0.114123	0.050394	0.0542507	0.0856701	0.037955	0.10015	0.0690164	0.0573532	0.0566164	0.000106543	0.0592639	0.0757565	0.0694425	0.0592639	0.0448421	0.00852095	0.0585819	0.0210355	0.052534	0.0585819	0.0682407	-0.00653425	0.0708183	0.0653344	0.0562661	0.0701689	0.00214089	0.0692517	0.0390322	0.077303	0.0603952	0.0653344	0.0337938	-0.00262863	0.0636728	-0.00692583	0.0714437	0.0568129	0.0690694	0.0200393	0.0255191	0.00723117	0.0289146	0.0747691	0.0692517	0.114711	0.0332677	0.00310335	0.0542507	0.0628646	-0.000547225	0.0273425	-0.0193986	0.0112325	-0.0102021	-0.00752272	0.0653344	0.0113755	0.0425032	0.0754225	-0.0193986	0.0829849	0.0592917	0.00104579	0.0937302	0.0585819	0.0562661	0.0573532	-0.00529178	0.021854	-0.0193986	0.0562661	0.0218033	0.0609323	0.0585819	0.0757565	0.0255191	0.0542507	0.0417691	-0.00752272	0.0273425	0.0735658	0.0585819	-0.0225573	0.102062	-0.0102021	-0.00653425	0.0724524	0.0562661	0.0779157	0.0585819	0.114711	0.0587766	0.0779157	-0.00752272	0.0592556	0.00214089	0.0200393	0.0417691	0.0637712	0.0714437	0.0653344	0.0379071	0.105528	0.0562661	0.0637712	0.0526945	0.00104579	0.072628	0.066603	0.0218033	-0.0134206	0.0380916	0.0302429	0.0477873	0.0587766	0.105528
17000	intercept	0.896764	0.835994	0.833248	0.838951	0.905677	0.816807	0.836682	0.838034	0.845511	0.835902	0.848529	0.836684	0.891414	0.846828	0.842034	0.836682	0.862153	0.837373	0.87909	0.844701	0.848267	0.836595	0.839225	0.844912	0.834943	0.878174	0.885891	0.888446	0.904335	0.862153	0.825644	0.86658	0.856919	0.899069	0.854062	0.819684	0.861101	0.87309	0.86753	0.870199	0.854407	0.85459	0.869541	0.834943	0.853757	0.855299	0.893223	0.845443	0.856919	0.838034	0.842476	0.903011	0.890501	0.862153	0.872523	0.838728	0.834943	0.834943	0.836633	0.833248	0.858602	0.874614	0.834681	0.838034	0.841034	0.864194	0.863251	0.831361	0.847795	0.836935	0.862153	0.866899	0.835902	0.837373	0.85459	0.862153	0.88426	0.842034	0.834681	0.86454	0.830559	0.872565	0.83756	0.862153	0.842476	0.875058	0.893707	0.881026	0.874105	0.88426	0.834681	0.836682	0.864562	0.853757	0.899069	0.835902	0.843316	0.85217	0.824692	0.851052	0.820555	0.867493	0.834681	0.836682	0.862153	0.840876	0.86251	0.845897	0.87047	0.836682	0.825295	0.867459	0.833248	0.844709	0.831582	0.842476	0.867493	0.844709	0.814606	0.852243	0.84027	0.841034	0.877378	0.861101	0.841034	0.845511	0.857945	0.84972	0.85049	0.839758	0.83899	0.852576	0.829255	0.83988	0.862153	0.83988	0.853228	0.86684	0.806825	0.824692	0.83899	0.879046	0.834681	0.835945	0.846374	0.856919	0.82632	0.867714	0.864448	0.859231	0.872523	0.867493	0.83899	0.870507	0.841034	0.835994	0.836682	0.835994	0.836682	0.89479	0.896604	0.839758	0.834943	0.839755	0.804512	0.827443	0.854913	0.838034	0.842034	0.821986	0.836391	0.865209	0.861101	0.842476	0.837373	0.851003	0.862153	0.862153	0.890501	0.835994	0.837373	0.851942	0.821324	0.868068	0.837027	0.831172	0.854062	0.87047	0.852795	0.848267	0.830398	0.845511	0.878835	0.883613	0.853733	0.85161	0.848318	0.841534	0.845511	0.843443	0.848267	0.899069	0.883613	0.847795	0.8995	0.834943	0.837027	0.835623	0.88426	0.821758	0.845127	0.831185	0.862153	0.87047	0.814606	0.870741	0.883062	0.845511	0.858602	0.874614	0.885548	0.864448	0.860458	0.893223	0.87047	0.840876	0.896604	0.868105	0.806887	0.834943	0.862153	0.843615	0.868021	0.868068	0.823284	0.821324	0.880104	0.860684	0.854062	0.845511	0.870741	0.892294	0.821972	0.867493	0.891825	0.827443	0.848267	0.835902	0.835902	0.867375	0.867714	0.87309	0.86684	0.836682	0.858602	0.826468	0.843615	0.862153	0.835902	0.831065	0.844912	0.814112	0.849427	0.841034	0.86251	0.868951	0.85069	0.875058	0.849641	0.822907	0.827443	0.834943	0.883613	0.83899	0.91099	0.862153	0.883613	0.861101	0.85217	0.86251	0.834943	0.814606	0.871453	0.810935	0.845511	0.875058	0.836682	0.840389	0.823284	0.841034	0.851705	0.823786	0.879287	0.84607	0.848267	0.864448	0.84607	0.891414	0.88368	0.842476	0.883613	0.830559	0.842476	0.851942	0.862153	0.86251	0.840876	0.824692	0.850185	0.885548	0.83988	0.845511	0.835994	0.822907	0.854937	0.874614	0.87047	0.83988	0.868068	0.808453	0.842476	0.839758	0.833248	0.861101	0.87047	0.839741	0.834943	0.830398	0.82161	0.898121	0.87047	0.88426	0.848342	0.858872	0.890501	0.891825	0.874614	0.899069	0.862153	0.840876	0.862153	0.862187	0.818739	0.904335	0.834943	0.88426	0.867714	0.843615	0.842476	0.824692	0.851705	0.876633	0.888446	0.891825	0.864598	0.874614	0.861101	0.842476	0.848267	0.86604	0.88426	0.833248	0.84027	0.890501	0.860458	0.842476	0.883613	0.823284	0.899069	0.859783	0.86684	0.824692	0.839758	0.831185	0.835623	0.865118	0.839758	0.866886	0.83988	0.8995	0.833248	0.833248	0.837373	0.808453	0.840876	0.895786	0.816807	0.843316	0.845897	0.845511	0.867714	0.830398	0.837027	0.874614	0.885548	0.894825	0.838034	0.838034	0.853757	0.825295
18000	slope	0.0652373	0.0302694	-0.00616783	0.0557016	0.0137735	0.0378218	0.0652346	0.0394011	0.0950427	0.0546374	0.0619578	0.057636	0.0766774	0.0307483	-0.00616783	0.0353659	0.0518149	0.06654	-0.0122502	0.06654	0.0775753	0.0692309	0.0518149	0.0521013	0.061033	0.0648824	0.0651329	0.0612079	0.0652346	0.00980804	0.0592174	0.0651329	-0.0200263	0.0669696	0.119406	0.062828	0.0604324	0.0240127	0.0676644	0.00962479	0.0118747	0.0617044	0.0632611	0.0775958	0.0367482	0.05086	0.0496257	0.0325128	0.0676644	0.0676644	0.037827	0.0724845	0.0248289	0.0635161	0.0536996	0.00439059	0.0366345	0.05366	0.0403219	0.0688132	0.0525386	0.06654	0.0376625	0.0809669	0.0550873	0.03428	0.05086	0.0682768	0.0233451	0.0525386	0.00404757	0.0171864	0.0408496	0.0635113	0.0665497	0.0676644	-0.00967919	-0.0480412	0.0403219	0.047651	0.0652373	0.0950427	0.0592174	0.0403556	0.0676644	0.0544529	0.0899638	0.0692309	0.056377	0.0573451	0.00517831	0.0632206	0.0378218	0.0747076	0.0528854	0.0173443	0.0714699	0.0814903	0.047651	0.0747405	0.0605339	0.0514012	0.00736679	0.00980804	0.0664069	0.0635161	0.0702512	0.0674629	0.0491526	0.0498658	0.0605339	0.0604324	0.0732566	-0.0134859	0.0635113	-0.00616783	0.0632206	0.0589827	0.0515213	0.0569313	0.0823872	0.0531269	-0.014488	-0.00616783	-0.0122502	0.0809669	0.0342637	0.079857	0.111757	0.0329101	-0.00616783	0.011086	0.068826	0.0581703	0.079857	0.0658329	0.0676644	0.0151637	0.0394011	0.0609781	0.0613123	0.079857	0.0688132	0.0574073	0.0789675	0.05086	0.0520396	0.0569313	0.0408496	0.0665198	0.0666062	0.010759	0.0304278	0.0487537	0.0518149	0.072495	-0.0122502	0.0662504	0.0592174	0.0532835	0.0613123	0.0464968	0.0367482	0.0625145	0.0463285	0.0601015	0.0525386	-0.0122502	0.0589827	0.0245648	0.0580314	0.06654	0.0747405	0.0612079	0.0809669	0.00865309	0.0369576	0.0633406	0.0809669	0.0692309	0.0743157	0.0299498	0.0633946	0.0376625	0.0612079	0.0118747	0.005502	0.012384	0.0527119	0.0264074	0.0760083	0.00404757	0.0933578	0.0612079	0.0390409	0.0384488	0.0701043	0.0611793	0.0547614	0.065548	-0.014488	0.0724845	-0.0200263	0.0652373	0.0575088	0.06654	0.0604324	0.065548	0.0715736	0.0652346	0.111757	-0.00752272	0.0366345	0.06654	0.111757	0.0669696	0.00980804	0.0669696	0.0909838	0.0934137	0.062324	0.0466917	0.00980804	0.0536996	0.0589827	0.0756801	0.0592174	0.0809669	0.0115448	0.0171222	0.00404757	0.0950427	0.0589827	0.0546374	0.0899638	0.0350767	-0.00752272	0.0664069	0.0248289	0.0357549	0.0870379	0.0304278	0.0403556	0.0651329	0.0934137	0.0766774	0.0659231	0.0575088	0.065548	0.0304278	0.00995994	-0.00616783	0.0702512	0.0296975	0.00404757	0.0323035	0.057636	0.079857	0.0669696	0.0669696	0.0330678	0.0614254	0.0665198	0.0809669	0.0450865	0.00962479	0.0818868	0.0652373	0.0087963	0.0546374	0.05086	0.00995994	-0.00872732	0.0663488	0.00980804	0.0515213	0.0598649	0.0330678	0.065548	-0.00474916	0.0651329	0.0525386	0.0563673	0.0350767	0.00517831	0.0384488	0.0676644	0.0652346	0.0525386	0.0605339	0.0373435	0.0809669	0.0592174	0.0710918	0.0766774	0.0366345	0.0652373	0.010759	0.0809669	0.0367482	0.0604324	0.0369576	0.0692309	-0.00729881	0.0546374	0.0651329	0.0589827	0.0296975	0.020831	0.0546374	0.00962479	0.0613123	0.00517831	0.0651329	0.0747076	0.00517831	0.018918	0.0753023	0.0692309	0.111757	0.111757	0.0346083	-0.00616783	-0.00872732	0.0378218	0.0669696	0.0366345	0.0386207	0.0292908	0.045968	0.0663488	0.0632206	0.0515213	0.0525386	0.0651329	0.056377	0.00980804	0.0604324	0.0950427	0.06654	0.0532835	0.0466813	0.0823872	0.00404757	-0.0122502	0.0646697	0.0550752	0.05086	-0.00967919	0.0346083	0.0692309	0.0632206	0.0632206	0.0669696	0.0664069	0.00404757	0.0518149	-0.0122502	0.0546374	0.00439059	0.0118747	0.0248289	0.0592174	0.00995994	0.0599275	0.065548	0.034084	0.0525386	-0.00616783	0.0618525	0.0679125	-0.00616783	0.0109298	0.0330678	0.0515213	0.0399119	0.0861757	0.0567595	0.111757	0.0525386	-0.0322029	0.0676644	0.0550752	0.0604324	0.0688132	0.0651329	-0.0122502	0.06654	0.045968	0.0525386	0.0861757	0.0614659	0.00404757	0.064171	0.0749028	0.10018	0.0682694	0.0137735	-0.00967919	0.0652373
18000	intercept	0.869791	0.879651	0.874655	0.839614	0.874195	0.855745	0.881083	0.880191	0.814606	0.862519	0.85566	0.857845	0.811059	0.856496	0.874655	0.8676	0.852799	0.855446	0.88331	0.838061	0.844789	0.844288	0.852799	0.852932	0.83927	0.845361	0.840844	0.867329	0.881083	0.858526	0.837107	0.840844	0.914362	0.838061	0.828232	0.838886	0.848201	0.865136	0.839614	0.878639	0.865136	0.839614	0.836925	0.86688	0.850697	0.839277	0.835413	0.860737	0.839614	0.839614	0.866055	0.844288	0.824065	0.836475	0.852663	0.845776	0.866151	0.839423	0.876098	0.842959	0.835601	0.839712	0.881504	0.852479	0.847953	0.873149	0.839277	0.854061	0.89471	0.839258	0.871386	0.870501	0.863634	0.854828	0.840798	0.839614	0.88467	0.888522	0.870031	0.852464	0.857041	0.814606	0.856446	0.879359	0.839614	0.839258	0.83597	0.84406	0.849617	0.848875	0.858526	0.844868	0.866055	0.861114	0.842486	0.878639	0.840844	0.841148	0.878276	0.838061	0.830277	0.860801	0.87034	0.858526	0.852479	0.836475	0.844288	0.844599	0.863584	0.840637	0.830277	0.848201	0.846434	0.874763	0.854828	0.873367	0.855523	0.825485	0.845193	0.847911	0.855084	0.843504	0.853995	0.865136	0.88331	0.846619	0.839277	0.863292	0.828232	0.854009	0.865136	0.879359	0.838864	0.855559	0.857041	0.842113	0.839614	0.88202	0.880191	0.849064	0.856153	0.863292	0.844288	0.853217	0.834668	0.839277	0.846074	0.847911	0.873017	0.847911	0.842259	0.883739	0.891013	0.843042	0.82299	0.850677	0.88331	0.851293	0.83106	0.854828	0.838061	0.844655	0.845193	0.834819	0.843042	0.838837	0.835601	0.88331	0.825485	0.882477	0.863163	0.852605	0.838061	0.867329	0.849284	0.844097	0.840684	0.835541	0.852479	0.844288	0.842769	0.872426	0.861114	0.881504	0.867329	0.865136	0.865136	0.886776	0.855523	0.845894	0.853864	0.871386	0.818189	0.867329	0.842005	0.849413	0.843947	0.853859	0.837724	0.842649	0.853995	0.844288	0.914362	0.850004	0.843792	0.833499	0.848201	0.844904	0.847911	0.881083	0.828232	0.878639	0.866151	0.855446	0.828232	0.838061	0.858526	0.838061	0.814606	0.832257	0.855523	0.847911	0.858526	0.868326	0.825485	0.838061	0.856446	0.849284	0.865136	0.911471	0.872409	0.814606	0.825485	0.849617	0.83597	0.876792	0.878639	0.852479	0.837882	0.866055	0.857041	0.911471	0.879359	0.840844	0.832257	0.811059	0.83514	0.858842	0.844904	0.911471	0.865136	0.865136	0.844288	0.906629	0.871386	0.854009	0.857845	0.863292	0.838061	0.838061	0.866055	0.856446	0.847911	0.852347	0.858692	0.871626	0.843996	0.861114	0.883739	0.849617	0.839277	0.865136	0.88202	0.837724	0.847433	0.842131	0.838061	0.866055	0.844904	0.883165	0.840844	0.839258	0.839258	0.876792	0.858526	0.849413	0.839614	0.881083	0.835601	0.846434	0.872545	0.852347	0.856446	0.83598	0.811059	0.866151	0.857041	0.883739	0.852347	0.845193	0.84493	0.840684	0.844288	0.880913	0.862519	0.838061	0.827754	0.906629	0.911471	0.849617	0.878639	0.838061	0.858526	0.838061	0.861114	0.858526	0.87509	0.855446	0.851905	0.828232	0.828232	0.87509	0.874655	0.88202	0.866055	0.838061	0.866151	0.849617	0.876098	0.830236	0.837724	0.855523	0.845193	0.839258	0.838061	0.849617	0.858526	0.848201	0.814606	0.855446	0.854828	0.839614	0.851137	0.871386	0.872415	0.834236	0.850004	0.839277	0.88467	0.87509	0.844288	0.855523	0.855523	0.838061	0.852479	0.873316	0.852799	0.872415	0.849617	0.845776	0.865136	0.837882	0.834949	0.865136	0.849617	0.855566	0.854666	0.835601	0.874655	0.839614	0.834949	0.874655	0.872914	0.866055	0.845193	0.856917	0.839312	0.839614	0.828232	0.838061	0.888522	0.85263	0.850004	0.828855	0.844288	0.840844	0.872415	0.852605	0.830236	0.835601	0.839312	0.830277	0.869862	0.847311	0.843391	0.838061	0.830024	0.874195	0.88467	0.861114
19000	slope	0.049692	0.0634999	0.0668457	0.0238689	0.0683699	0.0960456	0.0218748	0.0414412	0.0252117	0.025922	0.0644659	0.0462654	0.0933468	0.0938778	0.0420057	0.0539499	0.0420057	0.0792775	-0.0303576	0.0253383	0.0674511	0.0797944	0.00737318	0.0461415	0.022825	0.0131917	0.0539605	0.0414412	0.104963	0.043117	0.049692	0.0616885	0.0334426	0.037468	0.0738461	0.0852294	0.049692	0.0420057	0.00718099	0.0683699	0.104477	0.0891738	0.0564706	0.049692	0.111364	0.0251361	0.0525909	0.0597203	0.0353424	0.072348	0.0461262	0.0701089	0.0238689	0.048381	0.0445713	0.0402401	0.0554366	0.0471288	0.0331783	0.0683699	0.0392476	0.0420057	0.0532835	0.0597182	0.0129924	0.0252117	0.0632829	0.065869	0.069058	0.0574701	0.0159748	0.0545241	0.0331783	0.0482142	0.0420057	0.0353327	0.0614406	0.0420057	0.0632829	0.0421973	0.0797944	0.069058	0.0465479	-0.00945607	0.0577162	0.0661702	0.0420057	0.098292	0.0507409	0.0683699	0.00825258	0.0717076	0.019673	0.0445713	0.0678124	-0.0162009	0.019673	0.0668457	0.0548544	0.0442117	0.049692	0.0499788	0.0381548	0.0129924	0.0253224	0.0518667	0.0353424	0.0163706	0.0420057	0.0743467	0.0661702	0.0317308	0.0881619	0.0475903	0.0974282	0.051142	0.0538916	0.044618	0.0317308	0.0317308	0.0353327	0.0617159	0.0388828	0.0241435	0.0683699	0.0977055	0.0445713	0.048381	-0.000652106	0.0337517	0.00825258	0.0363621	0.0420057	0.0122343	-0.00264203	0.0210325	0.0445713	0.0938778	-0.00945607	0.0239681	-0.00945607	0.0562908	0.0333481	0.0534804	0.0425555	0.0238689	0.0445429	0.0686365	0.0540607	0.0660394	0.0420057	0.0268512	0.0852294	-0.0021468	0.0397565	0.0420057	0.0475903	0.0363621	0.041356	0.00737318	0.0239681	0.0462995	0.0576503	0.0858237	0.069058	0.0322333	0.0381548	0.0473695	0.0740821	0.0353424	0.03478	0.0475903	0.0320721	0.0352272	0.0960456	0.0324464	-0.00945607	0.0537485	0.0532835	0.0414412	0.0386698	0.0488193	0.0830534	0.0317308	0.0545409	0.0659154	0.0420057	0.0402401	0.0252117	0.069058	0.0797944	0.0475903	0.0524988	0.0473695	0.0421973	0.0683699	0.0445713	0.0683699	0.0714255	0.0420057	0.0129924	0.0317308	0.0388828	0.069058	0.00282194	0.06602	0.0576503	0.0388828	0.0683699	0.0532835	-0.000638501	0.0402244	0.0420057	0.0392537	0.0544228	0.0272338	0.0317308	0.048381	0.0420057	0.0399865	0.017977	0.0421973	0.0353327	0.098292	0.0145853	0.019673	0.0421973	0.0461262	0.0187482	0.0420057	0.0545584	0.0751627	0.0959171	0.0306656	0.0257636	0.0473695	0.104963	0.0668457	0.0475903	0.077343	0.0122343	0.0117982	0.0399865	0.0599417	0.0445713	0.0388828	0.0402401	0.03478	0.0651049	-0.00945607	-0.0149342	0.0445626	0.0294705	-0.0120636	0.0218748	0.0683699	-0.00450735	0.062763	0.0420057	0.0532835	-0.0164044	0.0532835	0.0881619	-0.00450735	-0.00945607	-0.00450735	0.0668457	0.0159748	-0.000638501	0.0597182	0.0499788	0.11997	0.0129924	0.0129924	0.0128047	0.0469555	0.077343	0.0538916	0.0412865	0.0322333	0.0548994	0.00282194	-0.000638501	0.104963	0.0402401	-0.0162009	0.00737318	0.0668457	0.0392275	0.069058	0.0445429	0.119074	0.0934673	0.0335371	0.048381	0.0790329	0.066301	0.077343	0.0668457	0.0792775	0.0499788	0.0613939	0.0597182	0.00697814	0.048381	0.0218748	0.0445713	0.0145853	0.0218748	0.019673	0.0122343	0.0425271	0.0487491	-0.00450735	0.0889845	0.0632829	0.0270872	0.0858237	0.0473695	0.0420057	0.0399865	0.048381	0.0363621	0.0445626	0.0792775	0.0641438	0.0644659	0.0118132	-0.00450735	0.0353424	-0.00945607	-0.00945607	-0.0164044	0.0414412	0.069058	-0.0149342	0.0751627	0.066301	0.0560845	0.0388828	0.0399798	0.0683699	0.0586712	0.0532835	0.0545584	0.0371139	0.0499788	0.0145853	0.072348	0.0445657	0.0420057	0.0668457	0.00282194	0.0537485	0.0681966	0.0668457	0.0853245	0.0778568	-0.0162009	0.0420057	0.0420057	0.0538916	-0.0164044	0.0683699	0.0597182	0.0503095	0.0538916	0.0602807	0.0632829	-0.0021468	0.0353327	0.0420057	0.0421973	-0.00450735	0.0487491	0.098292	0.0388828	0.0437312	0.0889845	0.0632829	0.00282194	0.0700444	0.0934673	-0.0162009	0.0669711	0.0889845	0.0388828	0.0402401	0.0683699	0.0145853	0.0686365	0.0576503	0.0145853	0.0353327	0.0576503	0.0420057	0.0502451	0.019673	0.0668457	0.0320721
19000	intercept	0.880823	0.882637	0.829372	0.866451	0.864974	0.846433	0.870091	0.831596	0.866451	0.882602	0.828024	0.873204	0.846944	0.833229	0.83444	0.836459	0.841462	0.832275	0.87905	0.879397	0.83425	0.856211	0.862449	0.858141	0.852802	0.878666	0.857842	0.833017	0.846944	0.83444	0.880244	0.852645	0.887759	0.883854	0.862256	0.825974	0.880244	0.849217	0.902706	0.850415	0.834552	0.854676	0.86844	0.880244	0.833229	0.871667	0.835599	0.855024	0.872075	0.832275	0.883854	0.842374	0.866451	0.861502	0.890806	0.819583	0.848293	0.852862	0.84137	0.864974	0.854336	0.833603	0.842221	0.86605	0.866451	0.866451	0.86109	0.886781	0.829268	0.841017	0.876425	0.844631	0.84137	0.846298	0.841462	0.860564	0.853027	0.83444	0.856739	0.881018	0.856211	0.827018	0.83412	0.902471	0.849802	0.859717	0.846245	0.840447	0.87192	0.854507	0.860874	0.838914	0.877898	0.890806	0.868239	0.900989	0.860108	0.829372	0.856739	0.876717	0.880244	0.856651	0.839669	0.866451	0.86518	0.825223	0.872075	0.891745	0.839912	0.841666	0.856188	0.887759	0.847448	0.839846	0.840447	0.841922	0.868188	0.861489	0.887759	0.887759	0.839846	0.866958	0.849802	0.896264	0.853027	0.840447	0.886288	0.861502	0.904497	0.83444	0.860874	0.84342	0.83444	0.891941	0.900989	0.867519	0.883854	0.833229	0.87905	0.866451	0.87905	0.873122	0.86423	0.819485	0.875807	0.866451	0.84342	0.854771	0.823545	0.854642	0.841462	0.860443	0.825974	0.858321	0.896782	0.841462	0.839846	0.84342	0.849874	0.862449	0.866451	0.861331	0.840552	0.837382	0.837382	0.860935	0.839669	0.837787	0.860593	0.862365	0.839266	0.839846	0.844631	0.872911	0.840447	0.822335	0.909336	0.890663	0.836459	0.839846	0.845546	0.867405	0.857967	0.887759	0.829426	0.881245	0.83444	0.844669	0.866451	0.837382	0.856211	0.839846	0.862486	0.837787	0.86535	0.854507	0.883854	0.846135	0.861083	0.836511	0.866451	0.887759	0.839072	0.837382	0.884601	0.846901	0.840552	0.849802	0.859463	0.836459	0.849479	0.841462	0.841462	0.83444	0.85105	0.86448	0.887759	0.861502	0.83444	0.852569	0.869465	0.881018	0.839846	0.840447	0.871165	0.882753	0.881018	0.883854	0.849802	0.841462	0.892209	0.865296	0.881245	0.835826	0.903929	0.837382	0.846944	0.829372	0.820573	0.829794	0.891941	0.886168	0.852569	0.829426	0.890806	0.849802	0.822335	0.839266	0.842887	0.902471	0.871733	0.834049	0.84304	0.901731	0.870091	0.864974	0.904497	0.828024	0.841462	0.842221	0.890149	0.836459	0.863676	0.904497	0.902471	0.904497	0.829372	0.876425	0.8569	0.86605	0.856651	0.842581	0.866451	0.866451	0.866451	0.880244	0.829794	0.868188	0.892333	0.860935	0.86605	0.884601	0.8569	0.850004	0.822335	0.900989	0.842166	0.829372	0.870352	0.837382	0.84342	0.854143	0.840447	0.836426	0.861502	0.853441	0.857734	0.82903	0.829372	0.832275	0.856651	0.848337	0.86605	0.877898	0.837382	0.870091	0.890806	0.888738	0.865718	0.882753	0.891941	0.83444	0.862656	0.904497	0.837781	0.856739	0.896264	0.837382	0.837787	0.841462	0.852569	0.837382	0.839614	0.834049	0.832275	0.829372	0.836634	0.866451	0.904497	0.862365	0.902471	0.897417	0.890149	0.831097	0.837382	0.871733	0.865296	0.888025	0.843996	0.849802	0.836521	0.853027	0.853027	0.842221	0.892209	0.852798	0.856651	0.871165	0.832275	0.829836	0.841462	0.834645	0.869451	0.86776	0.861083	0.829372	0.850004	0.843996	0.900989	0.836511	0.835826	0.868188	0.890149	0.864974	0.846237	0.883854	0.868188	0.876777	0.856739	0.858321	0.860564	0.819485	0.881018	0.904497	0.862656	0.840447	0.849802	0.846746	0.826523	0.856739	0.884601	0.86605	0.840447	0.900989	0.846161	0.837781	0.849802	0.824579	0.854507	0.871165	0.854771	0.84706	0.892289	0.839846	0.84706	0.841462	0.869299	0.877898	0.829372	0.852291
20000	slope	0.0083253	-0.00193307	0.0458114	0.0704213	0.0510341	0.0427623	0.0620079	-0.000117929	0.0519684	0.00776165	0.0529014	0.056243	0.021215	0.0704213	0.0376809	0.0645059	0.055	0.0785562	0.043762	0.0497952	0.0389639	0.0328966	0.0236867	0.0438153	0.0580691	0.0646205	0.0356781	0.00368426	0.0519684	0.0377424	0.0541073	-0.00608572	0.00198139	0.0762345	0.061966	0.0681504	0.0438153	0.0519684	-0.0196796	0.0540084	0.0798417	0.0728302	0.0436559	0.0380822	0.0722021	0.0829905	0.0541073	0.0507868	0.0722021	0.0438153	0.0513892	0.0682356	0.0327789	0.0598624	0.0328966	0.0798881	0.0250138	0.0498791	0.0317719	0.0785562	-0.00260575	0.0647669	0.0681504	0.0383908	0.043762	0.0476599	-0.00637515	0.0436571	0.085127	0.0571731	0.00275361	0.0519684	0.00776165	0.0480628	-0.00608572	0.0665122	0.0530725	0.0296389	0.0562279	0.00776165	0.0567083	0.0574104	0.0438153	0.0525105	0.0436758	0.0572324	0.0677875	0.0477909	0.057888	0.0814475	0.0640923	0.0603626	0.057766	0.057888	0.0255733	0.056243	0.0866609	0.0272372	-0.00193307	0.0377424	0.0328966	0.0579414	0.0818977	0.0656214	0.0784186	0.0606009	0.0328966	0.0638159	0.0525105	0.00408071	0.0270558	0.0843148	0.0730148	0.0873225	0.0789124	0.0425677	0.0798417	0.064939	-0.0152156	0.0677875	0.0477909	0.0519684	0.0517642	-0.0111002	0.0493802	0.021215	0.0208411	0.0683699	0.073034	0.0228535	0.0885627	-0.00260575	0.0657208	0.0728302	0.0562847	0.00454627	-0.00608572	0.0236867	-0.000117929	0.00753237	0.0404596	-0.0111002	0.057888	0.0438153	0.0423716	0.0525105	0.0177152	0.00979246	0.0642226	0.0541073	0.00776165	-0.00106879	0.0789124	0.0395234	0.0333149	0.0569015	0.0762345	0.0519684	0.0982083	0.0659633	0.0515536	0.0463695	0.0328966	0.0785057	0.0598624	0.0741965	0.0460073	0.056243	0.0427623	0.0510341	0.0480832	0.0555432	0.021215	0.055	0.0283928	-0.00106879	0.0593269	0.0317719	-0.0101172	0.0525105	0.017212	0.0514483	0.0609298	0.0379396	0.0326347	0.0514021	0.0789171	0.0704213	0.0785057	0.056811	0.0728302	0.055	-0.00608572	0.00979246	0.0395234	0.0541073	0.0873225	0.00979246	0.0722021	0.0809952	0.0525105	0.0425677	0.0683699	0.021215	0.0682356	0.0296389	0.0102872	0.0580691	0.0751632	0.0519684	0.0250138	0.0728302	0.0730148	0.0489158	-0.00608572	0.0676842	0.0730148	0.0384274	0.0541073	0.0541073	-0.00608572	0.0102872	-0.000117929	0.0730148	-0.00209288	0.0750859	0.0829905	0.0275077	0.057888	0.021215	0.0730148	0.0580691	0.0741965	0.0333149	0.0316726	0.055	0.0681504	0.0317719	0.043762	0.0519684	0.0541073	0.0429953	0.0436559	0.00368426	0.0572324	0.0525105	0.0722021	0.0601743	0.0645059	0.0523243	0.0477909	-0.00608572	0.0803341	0.0208411	0.0236867	0.0235401	0.0789171	0.0677875	0.0525105	0.0730148	0.05514	0.0730148	0.0692997	0.073363	0.0789124	0.021215	0.0730148	0.0519684	0.0851512	0.0592619	0.056811	0.0515536	0.0532464	0.0525105	-0.00193307	0.0231104	0.0208411	0.0579414	0.0395234	0.0328966	-0.000117929	0.0391976	0.057888	-0.00193307	0.0236867	0.0855168	0.0475804	0.101644	0.0798417	0.0785057	0.0275077	0.0235401	0.0704213	0.0549098	0.0236867	0.0792314	0.0638785	0.0798417	0.0800438	0.0236867	-0.00608572	0.0851512	0.0395234	0.0354372	0.0363513	0.0358039	0.0273082	0.0572324	0.0525105	0.056243	0.0383908	0.0128921	0.0681504	0.0785562	0.0676842	0.055	0.0587173	0.0598624	0.0275077	0.0650393	0.0250138	0.0476599	0.0227337	0.021215	0.0683699	0.0333149	0.0595588	-0.00260575	0.0317719	0.0647669	0.0741965	0.055669	0.0510341	0.0475804	0.0678146	0.0541073	0.0277557	0.0541073	0.0529014	0.057888	0.0271258	0.0425677	0.0328966	0.0588913	0.0235401	0.0676842	0.00275361	0.0681504	0.021215	0.0328966	0.0529014	0.0601743	0.0809952	0.0677875	0.0236867	0.0606009	0.00217268	0.057888	0.0083253	0.0236867	0.021215	0.0515536	0.085127	0.0789171	0.0792314	0.0226671	-0.00260575	0.0477909	0.0208411	0.0541073	0.0803341	0.0134334	0.0236867	0.0236867	0.0377424	0.0677875	0.0803341	0.0681504	0.00776165	0.0814475	0.0730148	0.043762	0.056811	0.0814475	0.0606009	0.0208411	0.0317719	0.0438153	0.0379396	0.0429953	-0.0101172	0.0316726	-0.0170135	0.0702466	-0.00106879	0.0656945	0.0532464	0.094663	0.0477909	0.0497952
20000	intercept	0.866864	0.872752	0.877103	0.858179	0.863757	0.860556	0.852173	0.88694	0.854608	0.865596	0.808146	0.855302	0.879594	0.852873	0.860715	0.822467	0.86937	0.841415	0.877103	0.853176	0.848338	0.86176	0.864827	0.859154	0.86139	0.856112	0.874709	0.866545	0.835154	0.841553	0.864035	0.904533	0.876902	0.839083	0.862694	0.826258	0.859154	0.843816	0.896836	0.861392	0.858479	0.821185	0.849334	0.865569	0.835572	0.860857	0.856744	0.863757	0.825048	0.858681	0.863299	0.822391	0.857857	0.835572	0.871514	0.795637	0.873532	0.856126	0.890476	0.841415	0.891122	0.844471	0.836135	0.882073	0.877103	0.843139	0.891999	0.858417	0.835475	0.854033	0.920364	0.835154	0.866545	0.861096	0.904533	0.85714	0.841285	0.883861	0.869873	0.866545	0.858454	0.840715	0.859154	0.864236	0.856744	0.84885	0.86367	0.864236	0.861392	0.86054	0.864035	0.858104	0.886306	0.84443	0.876691	0.855302	0.860376	0.86176	0.871698	0.841553	0.86176	0.847649	0.821905	0.845571	0.842659	0.854033	0.86176	0.864262	0.864236	0.866864	0.873156	0.813235	0.852411	0.801825	0.820517	0.859137	0.858479	0.861392	0.891228	0.86367	0.864236	0.844919	0.856881	0.896836	0.864035	0.897215	0.851395	0.877951	0.846127	0.86738	0.822277	0.86383	0.845134	0.822467	0.849476	0.88694	0.883466	0.855283	0.88694	0.869885	0.858022	0.896836	0.861392	0.842085	0.853416	0.864236	0.854364	0.879665	0.843159	0.864035	0.866545	0.883597	0.818314	0.86176	0.864035	0.882302	0.845632	0.854774	0.774035	0.84448	0.857334	0.873874	0.86176	0.826384	0.835572	0.852173	0.847744	0.850745	0.860556	0.863757	0.857043	0.87099	0.898292	0.86937	0.883268	0.883597	0.855292	0.890476	0.891668	0.864236	0.86176	0.85227	0.829836	0.859137	0.852814	0.854833	0.860857	0.852873	0.826384	0.835961	0.822467	0.86937	0.904533	0.878188	0.8572	0.864035	0.801825	0.879665	0.822391	0.866617	0.875241	0.858681	0.85652	0.884552	0.822391	0.883861	0.854364	0.86139	0.845632	0.835154	0.873532	0.818534	0.841415	0.844046	0.896836	0.861392	0.852411	0.864236	0.857178	0.864035	0.889041	0.854364	0.88694	0.841415	0.904958	0.826358	0.860857	0.86176	0.861392	0.898292	0.841415	0.86139	0.852173	0.864035	0.86176	0.86937	0.833417	0.890476	0.847883	0.843816	0.864035	0.864035	0.849334	0.866545	0.84885	0.860941	0.822391	0.854404	0.822467	0.840715	0.864236	0.896836	0.8845	0.851395	0.855283	0.891484	0.860857	0.86367	0.864236	0.841415	0.875675	0.852411	0.874589	0.810106	0.820517	0.898292	0.841415	0.843816	0.8845	0.872005	0.835961	0.857334	0.857002	0.864236	0.871698	0.860638	0.842251	0.847649	0.848607	0.863795	0.88694	0.870858	0.861392	0.871698	0.855283	0.852173	0.873943	0.856739	0.858479	0.835457	0.86176	0.891484	0.852873	0.866465	0.864827	0.838188	0.856514	0.858479	0.864204	0.855283	0.904533	0.8845	0.86176	0.876633	0.890476	0.86176	0.883712	0.84885	0.864236	0.855302	0.882073	0.869885	0.833417	0.841415	0.861392	0.86937	0.864035	0.835572	0.86176	0.855302	0.87606	0.843139	0.86486	0.898292	0.83244	0.864035	0.834055	0.891122	0.890476	0.844471	0.852173	0.864236	0.863757	0.873943	0.864035	0.866435	0.872017	0.858192	0.808146	0.861392	0.886244	0.858681	0.863795	0.831224	0.891484	0.861392	0.920364	0.836698	0.884552	0.86176	0.811683	0.855302	0.866617	0.86367	0.855283	0.846584	0.869885	0.861392	0.866864	0.855283	0.872515	0.857334	0.835475	0.860857	0.853423	0.862148	0.891122	0.864236	0.851395	0.864035	0.8845	0.907677	0.864827	0.864827	0.841553	0.86367	0.8845	0.833417	0.864646	0.86054	0.839557	0.877103	0.812295	0.837965	0.846584	0.851395	0.890476	0.858681	0.859137	0.864035	0.891668	0.86176	0.869885	0.841415	0.891999	0.864316	0.857002	0.864133	0.864236	0.853176
21000	slope	0.0412318	0.0353268	0.0500256	0.0359413	0.0978981	0.0353526	0.0448496	0.0168863	0.0713847	0.0585768	0.0489459	0.0462038	0.101365	0.0592527	0.0339211	0.0488181	0.0665267	0.0726591	0.0687956	0.101826	0.101365	0.0883606	0.0313656	0.0287866	0.0497518	0.0626489	0.0558274	0.0289023	0.0726591	0.0546125	0.0637402	0.0789978	0.09292	0.101365	0.045818	0.0613321	0.0412318	0.0200815	0.0261197	0.0750103	0.0663413	0.00845797	0.0175831	0.0437439	0.0489459	0.0673573	0.0431654	0.0713847	0.0613321	0.080745	0.035541	0.039995	0.0287866	0.0292662	0.0558274	0.0497214	0.00881161	0.0546435	0.00845797	0.021678	0.0488181	0.054523	0.021678	0.0502616	0.09292	0.0497518	0.045818	0.0373046	0.0789978	0.0499349	0.025006	0.0668051	0.0324328	0.0557168	0.0330065	0.0497518	0.0348793	0.0112493	0.0441701	0.0499349	0.0789978	0.0583385	0.0647165	0.0251017	0.0713847	0.0275147	0.0441701	0.0206617	0.0196544	0.0222034	0.0479279	0.0412318	-0.0173168	0.0795843	0.0441701	0.0237451	0.0546826	0.0339009	0.0315591	0.0249674	0.0601148	0.0819526	-0.007987	0.0391572	0.0450259	0.0502804	0.0237451	0.0149948	0.0309471	0.0713847	0.0789978	0.026877	0.0304995	0.0412318	0.101365	0.0396966	0.0188924	0.0767536	0.0242315	0.0497518	0.0401413	0.0508392	0.0348793	0.0292662	0.0206617	0.0789978	0.0412318	0.0268645	0.0489678	0.0351074	0.0795843	0.045818	0.0268645	0.0412318	0.0188924	0.0254086	0.0206617	0.0547145	0.101365	0.0323514	0.0336581	0.046372	0.0149948	0.0149948	-0.00866774	0.0684223	0.054523	0.0277225	0.0268645	0.0244161	0.0489459	0.0330065	0.045818	0.0499349	0.0348793	0.0351074	0.0613321	0.0546615	-0.00113983	0.0558274	0.0489678	0.0489678	0.0887863	0.0496624	0.0263162	0.0499907	0.00555797	0.0469525	0.080745	0.0446489	0.0448922	-0.00866774	0.0819526	0.0437439	0.0497518	0.0876497	0.0397309	0.0499349	0.0489459	0.0437439	0.101826	0.054523	0.0287866	0.0789978	0.0323861	0.0353268	0.080745	0.0780978	0.0497518	0.0412318	0.0263162	0.0489459	0.0923681	0.117109	0.0450229	0.0489459	0.0773039	0.0412318	0.0499349	0.0348793	0.0289023	0.00959999	0.0789978	0.0315591	0.106465	0.025006	0.0587482	0.0546615	0.0789978	0.014643	0.0415928	0.0497518	0.0315591	0.0206617	-0.00113983	0.054523	0.0461249	0.0412318	0.0517212	0.0309471	0.0548302	0.0687956	0.0206617	0.101826	0.0441701	0.0489459	0.105489	0.00555797	0.0375737	0.0392014	0.0789978	-0.00279736	-0.007987	0.00555797	0.0412318	0.054523	0.0445695	0.0412318	0.0548302	0.0431654	0.0726591	0.0206617	0.0502804	0.0348793	0.0789978	0.101826	0.0392014	0.0437439	0.0952969	0.0437439	0.105489	0.0333078	0.038476	0.025006	0.0206617	0.0315591	0.0646178	0.0940865	0.021678	0.0497518	0.0488155	0.0952969	0.0374801	0.0810266	0.0502804	0.0480338	0.0690738	0.0348793	0.0249674	0.0175831	0.0952969	0.0489678	0.0901361	0.0496624	0.0819526	0.0458474	0.0323861	0.00845797	0.0499349	0.042114	0.0412318	0.0254086	0.0412318	0.0401413	0.0795843	0.0692756	0.0557168	0.0789978	0.0626489	0.0149948	0.0687956	0.0613321	0.106465	0.101365	0.0692756	0.0489459	0.0489678	0.0437439	0.0488155	0.00845797	0.101365	-0.00113983	0.0295187	0.0789978	0.0295187	0.0499349	0.101365	0.0289023	-0.00113983	0.106465	0.0789978	0.0261197	0.0188924	0.0488155	0.0557168	0.0497518	0.0441701	0.0901361	0.0287866	0.0323861	0.101365	0.0613321	0.0412318	0.0261197	0.0261197	0.0713847	0.0952969	0.0613321	0.0277225	0.0517212	0.0261197	0.070256	0.047771	0.054523	0.0499349	0.080745	0.0462038	0.0546615	0.0287866	0.0466881	0.0514964	0.0339009	0.0237451	0.0901361	0.0558274	0.0295187	0.0188924	0.0415928	0.0564098	0.0489678	0.0206617	0.0317339	0.0237451	0.0206617	0.0448922	0.0713847	0.101365	0.0713847	0.0412318	0.0415349	0.0613321	0.0412318	0.0546125	0.0489678	0.0489678	0.0497214	0.0488155	0.0351074	0.0795843	0.0237451	0.0458474	0.101826	0.0289023	0.0489459	0.0952969	0.0412318	0.0412318	0.0324906	0.0489678	0.080745	0.0557168	0.0415928	0.054523	0.0268645	0.0819526	0.0494146	0.101365	0.0702784	0.0149948	0.0200815	0.101365	0.0803912	0.0476796	0.055674	0.045818	-0.00113983	0.0613321	0.101365	0.080745	0.101826
21000	intercept	0.862778	0.862035	0.856952	0.890502	0.8404	0.877607	0.868774	0.839789	0.839655	0.850382	0.869897	0.887842	0.79325	0.870898	0.863748	0.89381	0.857297	0.842612	0.870604	0.8404	0.79325	0.826491	0.889311	0.880571	0.853572	0.823554	0.873778	0.850732	0.842612	0.847475	0.857297	0.820676	0.835083	0.805461	0.877607	0.878674	0.866109	0.881911	0.855453	0.805642	0.872326	0.887646	0.839789	0.841096	0.870354	0.854321	0.841447	0.839655	0.852772	0.819587	0.889624	0.84771	0.878146	0.877103	0.873778	0.864722	0.890733	0.867635	0.887646	0.870773	0.871206	0.841667	0.870773	0.895862	0.835083	0.865016	0.88511	0.88616	0.820676	0.872901	0.872153	0.821263	0.87819	0.879389	0.886184	0.867635	0.856107	0.886184	0.854594	0.873491	0.826491	0.861296	0.818102	0.847377	0.839655	0.878146	0.854594	0.844022	0.891941	0.855511	0.869897	0.85215	0.86847	0.826491	0.887855	0.843953	0.874077	0.884978	0.901968	0.865888	0.843589	0.830136	0.895399	0.850732	0.86701	0.874077	0.843953	0.887646	0.856952	0.842093	0.829253	0.872017	0.850777	0.852401	0.796499	0.869897	0.882744	0.828014	0.886184	0.845177	0.84442	0.861882	0.856107	0.877103	0.853487	0.826491	0.852401	0.868629	0.842346	0.845903	0.826491	0.88511	0.871306	0.850732	0.899711	0.892112	0.853487	0.850406	0.79325	0.880571	0.869897	0.841924	0.887646	0.889348	0.895399	0.871206	0.856553	0.889463	0.871306	0.892112	0.869897	0.886184	0.877607	0.875915	0.87043	0.847386	0.878674	0.895862	0.894292	0.873778	0.849408	0.842346	0.800869	0.859031	0.853487	0.880334	0.890779	0.840444	0.823786	0.841096	0.850732	0.895399	0.830136	0.841096	0.852249	0.8404	0.878289	0.868082	0.869897	0.841096	0.8404	0.850382	0.880571	0.820676	0.877103	0.862035	0.823786	0.83185	0.852249	0.856952	0.853487	0.869897	0.822705	0.79325	0.885276	0.869897	0.835083	0.852401	0.86847	0.87043	0.847618	0.84771	0.829253	0.901968	0.809825	0.872153	0.829495	0.895862	0.829253	0.859871	0.827779	0.852249	0.889463	0.844022	0.894292	0.855195	0.888444	0.852401	0.895862	0.856952	0.858029	0.870604	0.844022	0.8404	0.87589	0.869897	0.810722	0.890779	0.869441	0.874976	0.826491	0.886184	0.895399	0.890779	0.862778	0.850382	0.88167	0.852401	0.858029	0.841447	0.852248	0.836017	0.874077	0.87043	0.829253	0.8404	0.874976	0.841096	0.854065	0.841096	0.810722	0.869537	0.880571	0.880385	0.844022	0.889463	0.844379	0.815746	0.870773	0.867635	0.880849	0.854065	0.874906	0.820676	0.874077	0.876436	0.867686	0.856107	0.869929	0.839789	0.854065	0.849408	0.835083	0.859031	0.830136	0.846115	0.863646	0.887646	0.86847	0.869486	0.85215	0.892112	0.856952	0.84442	0.826491	0.790973	0.879389	0.812473	0.826713	0.889348	0.870604	0.878674	0.809825	0.79325	0.815562	0.869897	0.842346	0.841096	0.880849	0.887646	0.79325	0.906613	0.869537	0.820676	0.869537	0.873491	0.79325	0.850732	0.894292	0.809825	0.820676	0.845447	0.847555	0.868686	0.887227	0.867635	0.854594	0.8404	0.880571	0.863646	0.805461	0.86659	0.856952	0.884332	0.884332	0.839655	0.854065	0.852772	0.875531	0.895862	0.886184	0.859745	0.862035	0.850382	0.86847	0.840287	0.888393	0.895862	0.874548	0.847555	0.849025	0.895558	0.843953	0.8404	0.873778	0.869537	0.847555	0.847365	0.841578	0.842346	0.859871	0.877103	0.843953	0.853487	0.850732	0.839655	0.800869	0.839655	0.856952	0.877607	0.852772	0.852401	0.838658	0.842346	0.842346	0.864722	0.880849	0.84442	0.827685	0.843953	0.846115	0.8404	0.850732	0.869884	0.854065	0.856952	0.850732	0.839789	0.838733	0.823786	0.879389	0.847365	0.850382	0.871306	0.830136	0.875248	0.79325	0.841924	0.889348	0.896101	0.79325	0.827332	0.844745	0.862778	0.877607	0.902499	0.852772	0.810545	0.823786	0.83912
22000	slope	0.0402294	0.0446485	0.0473369	0.0145928	0.125065	0.0562689	0.0733811	0.0953783	0.0645765	0.0152372	0.0640764	0.038622	0.0231029	0.0515821	0.0231029	0.054844	0.0446485	0.027728	0.0570432	0.0946763	0.0134405	0.0259376	-0.000216838	0.0532128	0.0205466	0.031709	0.031709	0.0523316	0.0790394	0.0134405	0.0691147	0.0307148	0.00285049	0.0257216	0.0775298	0.038622	0.0205466	0.0461924	0.0537431	0.00628902	0.0688645	0.134264	0.00628902	0.0527524	0.131579	0.0461924	0.0977822	0.0587827	0.0298155	0.0260094	0.0551284	0.0717587	0.11013	0.0989641	0.0451268	0.0205466	0.049434	0.0222634	0.0451268	0.0457994	0.0977822	0.0641471	0.0433009	0.0978653	0.0222634	0.0977822	0.0469827	0.0220348	0.0471385	0.0247261	0.0130651	0.0479997	0.0358179	0.0479997	0.0152372	0.068669	0.073878	0.0572805	0.0354905	0.0314723	0.038622	0.0584541	0.0679586	0.0645765	0.131579	0.0702735	0.0916406	0.0499082	0.0728636	0.0776711	0.0934086	0.0424577	0.122672	0.0451584	0.0233672	0.0465507	0.0610445	0.0473369	0.0679586	0.0569545	0.0516576	0.0977822	0.0284522	0.0574391	0.0575114	0.0145928	0.0471385	0.0977822	0.0433099	0.0442357	0.106598	0.0358179	0.0314723	0.0408275	0.0590821	0.0431006	0.0807112	0.101589	0.0645765	0.051594	0.054844	0.111302	0.0499385	0.073878	0.0953783	0.0415112	0.0473369	0.0551308	0.04275	0.0529269	0.0259376	0.0408275	0.0718893	0.0747565	0.0268409	0.0717587	0.038852	0.0608191	0.0229981	0.0847558	0.0593315	-0.00427793	0.0473369	0.0642598	0.0314723	0.0496311	0.00628902	0.0515821	-0.00339644	0.0865071	0.0358962	0.073878	0.0479997	0.0324555	0.0255847	0.0346718	0.0145928	0.0471385	0.0411469	0.0408275	0.0658977	0.054844	0.0546107	0.123172	0.0932	0.0145934	0.0686353	0.0725595	0.058766	0.0366107	0.0679586	0.0977822	0.0235231	0.00285049	0.0893879	0.0590821	0.0471385	0.0642598	0.0499385	0.073878	0.0757204	0.0858563	0.0473369	0.0259376	0.0257917	0.0147939	0.12385	0.0396276	0.00628902	0.125065	0.0796827	0.018714	0.0119252	0.0386832	0.0583658	0.0231029	0.0744346	0.0556975	0.0930638	0.0871649	0.0446485	0.058766	0.0154895	0.068669	0.073878	0.0711682	0.073878	0.0252353	0.0466484	0.105176	0.0454766	0.0610445	0.125065	0.0446485	0.0601658	0.0408275	0.0473369	0.0458781	0.0610445	0.0953783	0.0772718	0.0294138	0.0314723	0.0978653	0.0222634	0.0471385	0.0222634	0.0230784	0.0314723	0.0398794	0.0415112	0.0257216	0.068669	0.0498144	0.0934086	0.0775298	0.0977822	0.000354084	0.0473369	0.0977822	0.125065	0.0385522	0.0346718	0.00628902	0.0977822	0.0532128	0.0590821	0.031709	0.111567	0.111302	0.0358179	0.0523316	0.105176	0.0608191	0.0858563	0.0145928	0.054844	0.0642598	0.031709	0.0473369	0.0889303	0.0513763	0.104906	0.0582155	0.0134405	0.0469827	0.0257216	0.0402186	0.0532128	0.0268409	0.0239185	0.0341906	0.073878	0.0679586	0.0532128	0.00536039	0.0938522	0.0951233	0.0317819	0.0411469	0.0239185	0.0418127	0.073878	0.0545316	0.0977822	0.0498144	0.0471385	0.0529269	0.0393638	0.122672	0.0393638	0.068669	0.0473369	0.073878	0.0386202	0.0314723	0.0582155	0.0642829	0.111302	0.0717587	0.00628902	0.0465128	0.0934086	0.0147939	0.00573779	0.0934086	0.0756591	0.0159608	0.0760647	0.0059403	0.009414	-0.000216838	0.0617683	0.0858563	0.0205466	0.105176	-0.00427793	0.051594	-0.0168202	0.0469827	0.0239185	0.0977822	0.0239185	0.0473369	0.054844	0.031709	0.0934086	0.0978653	0.0493352	0.0610445	0.0897887	0.122672	0.0977822	0.0479997	0.122672	0.0314723	0.0433009	0.0934086	0.0446485	0.0198507	0.0934086	0.0582155	0.0977822	0.0134405	0.0451268	0.0775298	0.0858135	0.058766	0.134264	0.0590821	0.0471385	0.000354084	0.0411469	0.0473369	0.086311	0.0493352	0.0154895	0.0816309	0.0934086	0.0477004	0.0562689	0.0523316	0.026013	0.0446485	0.0934086	0.0977822	0.0934086	0.073878	0.0608191	0.114248	0.0934086	0.0590821	0.0953783	0.125065	0.073878	0.134264	0.0446485	0.073878	0.0453311	0.0648183	0.0458781	0.0608191	0.0608191	0.0259376	0.0471385	0.0431006	0.0259376	0.0147939	0.0758983	0.0207374	0.0452282	0.068669	0.135438	0.0977822	0.0934086	0.0452282	0.0393638	0.0498144	0.0616245	0.0499082
22000	intercept	0.854828	0.888766	0.882935	0.830305	0.797657	0.86191	0.854828	0.833298	0.85836	0.906923	0.856735	0.884509	0.862179	0.86434	0.862396	0.857051	0.888766	0.86821	0.854063	0.799448	0.897992	0.864523	0.872462	0.850532	0.86821	0.890767	0.886741	0.858456	0.816798	0.895978	0.853322	0.878118	0.876402	0.882935	0.844967	0.873374	0.86821	0.852454	0.854881	0.850906	0.83062	0.819794	0.850906	0.810713	0.797657	0.852454	0.833621	0.856682	0.890767	0.868944	0.849728	0.836372	0.833621	0.795752	0.848143	0.869576	0.898853	0.887111	0.848143	0.845338	0.833621	0.85433	0.850497	0.838969	0.887111	0.833621	0.917494	0.892003	0.857051	0.858818	0.864523	0.857051	0.880423	0.857051	0.906923	0.84629	0.829713	0.854881	0.870741	0.871409	0.884509	0.858408	0.854131	0.85836	0.797657	0.833882	0.822597	0.85836	0.801617	0.807327	0.798275	0.881218	0.798537	0.874644	0.834712	0.869978	0.865547	0.889599	0.854131	0.858283	0.85131	0.833621	0.868945	0.869884	0.844967	0.834637	0.858936	0.833621	0.857051	0.833284	0.810101	0.880423	0.871409	0.850056	0.827085	0.857051	0.833669	0.81776	0.85836	0.875903	0.857051	0.810101	0.850056	0.835136	0.835151	0.879953	0.890381	0.854376	0.848143	0.856834	0.864523	0.850056	0.837752	0.832068	0.848173	0.8319	0.868502	0.857933	0.850964	0.849674	0.828222	0.884642	0.855097	0.859532	0.869678	0.884509	0.850906	0.86434	0.858852	0.823498	0.859532	0.835136	0.857051	0.879953	0.879953	0.891653	0.834637	0.855564	0.872581	0.850056	0.839105	0.857051	0.835648	0.797657	0.828595	0.836855	0.865078	0.844359	0.863275	0.887111	0.854131	0.833621	0.88933	0.876402	0.807911	0.854828	0.856065	0.859532	0.853629	0.829713	0.85479	0.836492	0.855097	0.860093	0.886741	0.840524	0.796196	0.854936	0.850906	0.795551	0.828173	0.879953	0.864893	0.847783	0.859578	0.862396	0.839029	0.857407	0.810713	0.833637	0.888766	0.859532	0.836708	0.862084	0.836721	0.792383	0.866681	0.880639	0.839105	0.824358	0.837043	0.865547	0.788416	0.888766	0.861739	0.850056	0.889599	0.859786	0.865547	0.835151	0.858855	0.890767	0.871409	0.838969	0.887111	0.857051	0.887111	0.871309	0.871409	0.854828	0.879953	0.882935	0.862084	0.867335	0.808221	0.844778	0.833621	0.836855	0.855097	0.833621	0.797657	0.850532	0.88933	0.850906	0.833621	0.850532	0.854828	0.890767	0.810101	0.810101	0.880423	0.858456	0.824358	0.857933	0.822597	0.830305	0.857051	0.859532	0.890767	0.855097	0.848057	0.855097	0.806428	0.862226	0.897992	0.908638	0.882935	0.84952	0.850532	0.848173	0.856512	0.864434	0.854404	0.854131	0.858738	0.848173	0.829713	0.824358	0.860075	0.872581	0.856512	0.857051	0.835136	0.854828	0.833621	0.856512	0.856065	0.861739	0.860604	0.805559	0.848143	0.847734	0.863576	0.835136	0.857051	0.850964	0.862226	0.841173	0.810101	0.8319	0.850906	0.849728	0.808221	0.840524	0.856512	0.810713	0.8319	0.887111	0.84629	0.897078	0.847761	0.872462	0.859532	0.850946	0.86821	0.824358	0.884642	0.875903	0.864246	0.914192	0.856512	0.833621	0.856512	0.855097	0.857051	0.886741	0.769126	0.838969	0.85836	0.865547	0.850946	0.815964	0.833621	0.857051	0.805559	0.871409	0.850497	0.828691	0.888766	0.847138	0.819199	0.862226	0.845218	0.891803	0.848143	0.844778	0.836492	0.859532	0.819794	0.853416	0.857051	0.836855	0.872581	0.894645	0.841173	0.85836	0.836708	0.828173	0.819199	0.850995	0.857051	0.858456	0.890767	0.888766	0.81928	0.833621	0.810713	0.835136	0.857933	0.787463	0.810713	0.854828	0.833298	0.797657	0.829713	0.819794	0.888766	0.835136	0.856643	0.850532	0.859786	0.857933	0.857933	0.864523	0.856065	0.857051	0.864523	0.840524	0.818181	0.861261	0.851958	0.847734	0.800125	0.833621	0.810713	0.851958	0.848143	0.856512	0.839599	0.85836
23000	slope	0.0404567	0.0581398	0.0434935	0.0338554	0.0404567	0.0777327	0.0315697	0.0497936	0.0925613	0.0250201	0.0803748	0.0398529	0.077804	0.0214067	0.0250201	0.0789471	0.0426906	-0.0102472	0.0803748	0.0604464	0.0570949	0.0553789	0.0301507	-3.84748e-05	0.0475274	-0.0180939	0.055913	0.0764147	0.036231	0.0569103	0.0455128	-0.0102472	0.0438497	0.0420949	0.0606537	0.0713646	0.0555591	0.0635839	0.0767133	0.0406544	0.00471117	0.077804	0.0250201	0.0531789	0.0803748	0.0366631	0.0246863	0.0535924	0.0211578	0.0603167	0.0501495	0.0235185	0.0497936	0.0789471	0.0604464	0.0436245	0.0235185	0.0156927	0.0239481	0.0519584	0.0501495	0.0349556	0.0808351	0.0749194	0.0443897	0.0604464	-0.0180939	0.0712785	0.0461376	0.0662867	0.0777327	0.0700378	0.0885309	0.00476388	0.0404567	0.0736351	0.0334443	0.0445585	0.0497936	0.0235185	0.0475274	0.0514483	0.0258095	0.055913	0.06663	0.096929	0.0625037	0.0732914	0.0426906	0.0718113	0.0278895	0.00780538	0.0896435	0.0540278	0.0617881	0.0318237	0.0157389	0.0342738	0.0426906	0.0235185	0.0752495	0.0601473	0.0639849	0.0282368	0.0247113	0.0904328	0.0427668	0.0411878	0.0501996	0.046789	0.064848	0.0394624	0.0414025	0.021883	0.0803748	0.0456166	0.0803748	0.0554751	0.0704571	0.0531789	0.0394624	0.0613397	0.0471317	0.0764147	0.0749194	0.0414025	-0.0180939	0.0803748	0.0736351	0.0535924	0.0394694	0.0665605	0.0250201	0.0258095	0.0585729	0.0401722	0.0796403	0.0247113	0.0250201	0.107595	0.0682753	0.0577466	0.030096	0.0533372	0.0301507	0.035915	0.0235185	0.0752495	0.0301507	0.0445585	-0.0102472	0.0636559	-0.0300986	0.0445585	0.0404567	0.0519584	0.096929	-0.0107023	0.0063773	0.0325254	0.0499445	0.0475274	0.00778651	0.0438497	0.0718113	0.0621159	0.0876936	0.065775	0.0513764	0.0752495	0.0823791	0.0214963	0.0803748	0.0302332	0.0340877	0.0222971	0.0472171	0.0796403	0.0628187	0.0239481	0.0258095	0.0856336	0.05102	0.0662867	0.0239481	0.0744551	0.0279301	0.0789471	0.0803748	0.0604464	0.0214963	0.0752495	0.0301507	0.0823791	0.0477807	0.0570949	-0.0215441	0.0591064	0.0445585	0.0403181	0.0398529	0.074426	0.0443897	0.0744551	0.0446327	0.0477807	0.0336097	0.0394694	0.0803748	0.0789471	0.031977	0.0318237	0.0445585	0.0684361	0.0366631	0.00251938	0.0438497	0.0827924	0.0531789	0.0394624	0.0744551	0.0744551	0.0744551	0.0445585	0.0404567	0.0703218	0.0803748	0.0803748	0.0535924	0.0366631	0.0703218	0.0744551	0.0394624	-0.00452638	0.077804	0.0744551	0.0247113	0.0877298	0.0789471	0.0239481	0.0531789	0.0712785	0.00498292	0.0445585	0.0659536	0.0438497	0.00476388	0.0398529	0.033248	0.0712785	0.0235185	0.0345248	0.0744551	0.0744551	0.0519584	0.055913	0.0796403	0.0604464	0.0861731	0.0621159	0.0247113	0.0767133	0.0744551	0.0438497	0.0531789	0.0744551	0.0682527	0.0581398	0.0803748	-0.0351361	0.0789471	0.0746376	0.0247113	0.0355845	0.0712785	0.0434525	0.100965	0.0581398	0.0752495	-3.84748e-05	0.0581398	-3.84748e-05	0.0336864	0.0604464	0.0573933	0.0796403	0.0398529	0.0443897	0.0531789	0.0885004	0.0752495	0.0581398	0.05102	-0.0351361	-0.0351361	0.0885309	0.0359995	-0.0215441	0.0535924	0.0604464	0.0772165	0.0591064	0.0301507	0.0604464	0.0695563	0.0239481	0.0434525	0.0581398	0.0710385	0.036231	-0.0180939	0.0401722	0.0744551	0.0531789	0.0398529	0.0362254	0.0394694	0.0856336	0.0303775	-0.0300986	0.00476388	0.0703218	0.00498292	0.0744551	0.0803748	0.0573933	0.0397552	0.0570949	0.0752495	0.0826133	0.041814	0.0325254	0.0475274	0.0770328	0.0736351	0.0581232	0.0263956	0.0443897	0.0446327	0.0553789	0.0414025	-0.0102472	0.0258095	0.0443897	0.0577466	-0.0300986	0.0789471	0.0445585	0.0891306	0.0664813	0.0581398	0.0475274	0.0358195	0.0604464	0.0396709	0.0258095	0.0764772	0.0885004	0.0796403	0.0398529	0.0410125	0.0531789	0.0235185	0.0604464	0.055913	0.0347043	0.0796403	0.0497936	0.0531789	0.0155953	0.0235185	0.0590486	0.0250201	0.0581398	0.0627069	0.0410125	0.0598825	0.0606537	0.0522442	0.0604464	0.0713988	0.0398529	0.0744551	0.0796403	0.0342738	-0.0102472	-0.0117403	0.0298969	0.0443897	0.00780538	0.0803748	0.0156927	0.0744551	0.0445585	0.0443897	0.0662867	0.0808351	0.0718113	0.033248	0.0398529
23000	intercept	0.835999	0.873575	0.867146	0.877509	0.835999	0.857998	0.849609	0.87603	0.84814	0.871986	0.861028	0.839913	0.852203	0.858161	0.878737	0.846443	0.867011	0.885464	0.860296	0.852802	0.836531	0.858678	0.871986	0.894213	0.852802	0.894809	0.884776	0.853514	0.868058	0.848683	0.88589	0.885464	0.856723	0.881349	0.867355	0.855082	0.851409	0.855214	0.867364	0.860298	0.874127	0.852203	0.876141	0.852493	0.862725	0.867355	0.866534	0.871146	0.872071	0.860558	0.873706	0.868117	0.87603	0.84602	0.852802	0.877784	0.868117	0.867616	0.859883	0.852493	0.865831	0.857407	0.856668	0.800079	0.881594	0.852802	0.894809	0.874985	0.877955	0.852164	0.857998	0.860296	0.856344	0.87603	0.835999	0.853739	0.873072	0.88655	0.87603	0.887534	0.852802	0.868791	0.902435	0.879169	0.875762	0.833621	0.869125	0.855082	0.867011	0.856708	0.87415	0.853683	0.854836	0.857167	0.859936	0.868746	0.86657	0.868982	0.869018	0.868117	0.865209	0.846694	0.865903	0.863619	0.871028	0.860296	0.87603	0.872483	0.852493	0.830349	0.851496	0.855572	0.858057	0.841479	0.860296	0.858608	0.860296	0.866243	0.851302	0.852493	0.859118	0.87603	0.853634	0.853514	0.800079	0.858057	0.894809	0.860296	0.850819	0.871146	0.872054	0.854532	0.876141	0.895229	0.856929	0.845795	0.84814	0.871028	0.876141	0.833621	0.848411	0.877199	0.8733	0.860846	0.871986	0.854252	0.868117	0.865209	0.871986	0.88655	0.885464	0.867905	0.897479	0.88655	0.835999	0.852493	0.833621	0.894213	0.87679	0.890553	0.852493	0.852802	0.87603	0.856723	0.856708	0.852164	0.849422	0.864611	0.863543	0.865209	0.847866	0.857986	0.860296	0.86423	0.880301	0.886084	0.863051	0.84814	0.844126	0.859883	0.902435	0.850611	0.868303	0.852164	0.859883	0.84484	0.887478	0.846443	0.860296	0.832193	0.857986	0.865209	0.871986	0.847866	0.839261	0.836531	0.87144	0.829348	0.88655	0.862426	0.839913	0.845951	0.862107	0.84484	0.877955	0.839261	0.839913	0.872054	0.860296	0.84602	0.887534	0.868746	0.88655	0.869193	0.870615	0.86124	0.856723	0.833621	0.852493	0.86423	0.84484	0.84484	0.84484	0.88655	0.835999	0.867355	0.860296	0.860296	0.871146	0.870615	0.85626	0.84484	0.86423	0.909975	0.860558	0.84541	0.87134	0.862945	0.846443	0.859883	0.852493	0.862416	0.855112	0.88655	0.870488	0.856723	0.87603	0.842327	0.844198	0.874985	0.887534	0.866363	0.862235	0.862235	0.852493	0.884776	0.84814	0.852802	0.857998	0.852164	0.871028	0.867364	0.84484	0.856723	0.852493	0.84484	0.866511	0.873575	0.869791	0.879953	0.84602	0.865209	0.871028	0.867331	0.894279	0.877955	0.833621	0.873575	0.865209	0.894213	0.873575	0.884518	0.866363	0.852802	0.85497	0.851056	0.843644	0.868058	0.852493	0.8561	0.860296	0.873575	0.874492	0.870469	0.870469	0.859752	0.872054	0.87603	0.871146	0.852802	0.841187	0.845951	0.871986	0.852802	0.854532	0.859883	0.877955	0.873575	0.868352	0.868058	0.894809	0.858161	0.853549	0.854537	0.842327	0.839913	0.872054	0.850611	0.867355	0.897479	0.87603	0.85626	0.855112	0.84484	0.860296	0.85497	0.843489	0.836531	0.865209	0.853514	0.872054	0.890553	0.862289	0.866511	0.845374	0.846825	0.857986	0.877955	0.877955	0.858678	0.858057	0.885464	0.895229	0.868058	0.864364	0.897479	0.84871	0.88655	0.850916	0.854087	0.877617	0.852802	0.860543	0.832193	0.858161	0.902435	0.833621	0.859752	0.84814	0.833183	0.858057	0.852493	0.868117	0.859039	0.884776	0.868982	0.84814	0.87603	0.852493	0.87603	0.868117	0.87603	0.871986	0.871146	0.858542	0.857656	0.848683	0.867355	0.852493	0.852802	0.851034	0.831154	0.84484	0.84814	0.868982	0.885464	0.87039	0.87603	0.877955	0.853683	0.869791	0.867616	0.853549	0.88655	0.868058	0.852164	0.856668	0.842441	0.844198	0.83292
24000	slope	0.0494378	0.0479184	0.0582664	0.0229124	0.0223448	0.00441585	0.0530318	0.0625158	0.0639657	0.122967	0.045715	0.058429	0.0784627	0.0352343	0.0376282	0.00441585	0.0832522	0.0495004	0.0344305	0.0676518	0.0582664	0.117283	0.0461302	-0.0357794	0.0807185	0.0832522	0.0802482	0.040957	0.0494378	0.0859302	0.0781847	0.00441585	0.0685434	0.0722694	-0.00518825	-0.00518825	0.0639657	0.0902203	0.101025	0.0909117	0.0685434	0.0336291	0.0540465	0.046781	0.0908021	-0.0277405	0.00441585	0.117528	-0.0226147	0.0634862	0.0784627	0.0459478	0.0586974	0.0713354	0.058429	0.122967	0.0855258	0.0607387	0.0769454	0.0223448	0.0826333	-0.0155424	0.0607387	0.0620285	-0.000216316	0.0590934	0.0761837	0.0627577	0.127014	0.101167	0.0769454	0.086748	-0.00192563	0.0625158	0.0274261	0.0768972	0.0744352	0.0954911	0.0760803	0.0157486	0.0826333	0.043363	0.0685434	0.0622083	0.00441585	0.0611428	0.00615464	0.0758252	0.0686466	0.117527	0.0494378	0.036137	0.0703568	0.0314251	0.0511141	0.036201	0.0791205	-0.0113308	0.0512344	0.0713354	-0.00345749	0.0662162	0.069796	0.0138254	0.0344305	0.0615829	0.0408971	0.0221596	0.0784627	0.0564963	0.00724311	0.0107412	0.102887	0.097835	0.0574227	0.00441585	0.0590934	0.0837656	0.0523482	0.102887	-0.0102695	0.0560016	0.0550789	0.0892985	-0.0113308	0.0832522	0.0639657	0.0490361	0.0909117	0.0871165	0.0479528	0.0826333	0.036093	0.0685434	0.0909117	0.0719249	0.0949535	0.0767808	0.104049	0.0875782	0.0407832	0.0725463	0.036093	0.0685434	0.0494378	0.0543633	0.127014	0.0615829	0.0449907	0.00434706	0.117283	0.0640854	0.0902203	0.0104584	0.0639657	0.0650264	0.0582664	0.0802482	0.0781847	0.036201	0.0115352	0.000507052	0.0376954	0.0138254	0.127014	0.00916533	-0.0115949	0.0703568	0.0512344	0.141	0.0835181	0.0651052	0.0837656	0.00910649	0.0352347	-0.015554	0.0749163	0.0463485	0.0873148	0.043363	0.0909117	0.0639657	0.0662162	0.068142	0.0223448	0.0853584	0.060804	-0.0145092	0.0100698	0.0363931	0.0640854	0.0837656	0.0997801	0.040957	0.127014	0.0376954	0.0856458	0.0458187	0.0832522	-0.015554	0.0115352	0.0781847	0.0494378	-0.0276057	0.127014	0.0582664	0.0954911	0.036201	0.043363	0.0842793	0.0781847	0.0826333	0.0946174	0.0250094	0.127014	0.0627577	0.0769454	0.0223448	0.036201	0.0607387	0.127014	0.0954911	0.0352347	0.0837656	0.0523482	0.097835	0.0260357	0.0391113	0.0777179	0.058429	0.0550789	0.0582664	0.0617876	0.0640854	0.0487762	0.0332947	0.0540465	0.036201	0.0627577	0.00441585	0.047795	0.00446091	0.0769454	0.0574227	0.0115352	0.0741381	0.0837656	0.00724311	0.0832522	0.0781847	0.0639657	0.127014	0.0572947	0.0954911	0.0950372	0.0511141	0.0670125	0.0662162	0.0620285	0.040957	0.0832522	0.0826333	0.113997	0.0625158	-0.0456029	-0.0226147	0.036201	0.0769454	0.0902203	0.121183	0.0902203	0.123449	0.0104584	-0.0102695	0.0408266	0.0639657	0.117528	0.036201	0.0223448	0.0352347	0.0662626	0.0732986	0.0826333	0.0713354	0.0381231	0.0781847	0.0821402	0.0709375	0.0892985	0.031777	0.0582003	0.0352347	0.00361458	0.0826554	0.0791205	0.0635882	0.0564963	0.0237526	0.058429	0.0832522	0.0590934	0.0530318	0.00160499	0.0494378	0.0635882	0.0582003	0.127014	0.117283	0.0104584	0.0909117	0.0732986	0.0954911	0.0139099	0.127014	0.058429	-0.000216316	0.0391113	0.0575796	0.0639657	0.0253022	0.036201	-0.0113308	0.0892985	0.058429	0.0512344	0.0673576	0.0777179	0.0685434	0.0892985	0.0494378	0.036201	0.0440513	0.097835	0.0855258	0.0607387	0.127014	0.0639657	0.0949535	0.0490361	0.0908021	0.0639657	-0.015554	0.0625158	0.0791205	0.0909117	-0.0155424	0.0399082	0.040957	0.0781847	0.0223448	0.123449	0.0909117	0.0494378	0.0582664	0.093638	0.046781	0.036093	0.0512344	0.0530318	0.117528	0.0458187	-0.0157429	0.0681156	0.0590934	0.0784627	0.0842793	0.0856485	0.0530318	0.127014	0.127014	0.0550789	0.0487762	-0.0276057	0.00101573	0.0837656	0.0887506	0.0855258	0.0308649	0.0791205	0.0662626	0.0832522	0.105939	0.0673576	0.117283	0.0582664	0.0784627	0.0832522	0.0734306	0.0273255	0.0826554	0.0851407	0.0842793	0.0627577	0.0703568	0.0946174	0.0550789	0.0802261	0.0837656	0.036201	0.0607387
24000	intercept	0.833955	0.845515	0.856313	0.865256	0.85086	0.84041	0.856376	0.862971	0.863985	0.833621	0.876743	0.86924	0.837414	0.862079	0.86934	0.856441	0.83159	0.846834	0.867654	0.843151	0.856313	0.822522	0.846633	0.889877	0.849551	0.856835	0.831746	0.892338	0.833955	0.845228	0.840263	0.84041	0.852747	0.857242	0.895376	0.895376	0.871812	0.833621	0.846067	0.856855	0.854506	0.877105	0.843982	0.882965	0.831746	0.892	0.84041	0.836239	0.886227	0.861873	0.855509	0.866709	0.861586	0.849106	0.871953	0.826887	0.831746	0.842361	0.838517	0.85086	0.819593	0.901466	0.842361	0.868354	0.890331	0.858804	0.850477	0.849061	0.83618	0.848059	0.826732	0.856855	0.891645	0.854163	0.853615	0.852747	0.844046	0.833621	0.87068	0.862079	0.798542	0.878671	0.852747	0.848196	0.84041	0.851335	0.852882	0.837991	0.839022	0.841542	0.833955	0.854506	0.86387	0.884177	0.877105	0.868379	0.822931	0.885079	0.875229	0.853259	0.867732	0.842266	0.852894	0.88706	0.867654	0.86924	0.87752	0.856062	0.849073	0.848139	0.849628	0.864504	0.856835	0.841542	0.837229	0.856441	0.858804	0.846067	0.844343	0.856835	0.901515	0.879393	0.857061	0.846622	0.885079	0.864222	0.871812	0.844343	0.856855	0.831201	0.863438	0.819593	0.847787	0.852747	0.822525	0.85674	0.871088	0.848399	0.851064	0.837644	0.8602	0.830582	0.835008	0.852747	0.833955	0.830582	0.833185	0.877965	0.909908	0.892909	0.825881	0.826134	0.833621	0.892909	0.863985	0.851222	0.856313	0.831746	0.842266	0.862079	0.866652	0.870951	0.877105	0.88706	0.827634	0.892909	0.870131	0.851537	0.865739	0.83618	0.856835	0.843252	0.846067	0.837943	0.868589	0.901515	0.850515	0.861983	0.833621	0.877105	0.833621	0.871812	0.842266	0.856606	0.85086	0.835601	0.836886	0.909323	0.869871	0.868589	0.827967	0.841911	0.829832	0.905216	0.83618	0.877171	0.841933	0.839535	0.856835	0.901515	0.866652	0.842266	0.833955	0.868965	0.83618	0.856313	0.833621	0.862079	0.878671	0.835601	0.842266	0.819593	0.844086	0.866535	0.83618	0.849061	0.838517	0.85086	0.862079	0.842361	0.83618	0.833621	0.868589	0.843903	0.844343	0.841542	0.862079	0.86924	0.852747	0.872694	0.857061	0.856313	0.879361	0.827967	0.819774	0.853615	0.843982	0.862079	0.847699	0.850385	0.883691	0.892909	0.826732	0.837229	0.831878	0.836714	0.846067	0.852882	0.856835	0.842266	0.863985	0.83618	0.843244	0.833621	0.844812	0.877105	0.844195	0.842266	0.868354	0.898591	0.856835	0.819593	0.841542	0.854163	0.913269	0.885715	0.862079	0.838517	0.833621	0.844621	0.833621	0.816806	0.892909	0.901515	0.869815	0.871812	0.815885	0.862079	0.85086	0.879724	0.830582	0.843784	0.798542	0.853259	0.87663	0.842266	0.852328	0.856835	0.846622	0.882236	0.846079	0.879724	0.888774	0.844184	0.822931	0.862609	0.845948	0.874488	0.86924	0.856835	0.858804	0.845718	0.829526	0.833955	0.862609	0.846079	0.83618	0.825881	0.892909	0.846646	0.843784	0.833621	0.850834	0.83618	0.871953	0.890331	0.86924	0.848197	0.871812	0.877105	0.862079	0.885079	0.846622	0.86924	0.865739	0.856835	0.852747	0.852747	0.860166	0.833955	0.862079	0.866535	0.841542	0.842753	0.842361	0.83618	0.863985	0.871088	0.854485	0.831746	0.871812	0.901515	0.854163	0.822931	0.833621	0.901466	0.86601	0.893645	0.842266	0.85086	0.816806	0.833621	0.833955	0.856313	0.846067	0.894565	0.847787	0.865739	0.854088	0.836239	0.813057	0.901515	0.835551	0.858804	0.849073	0.835601	0.854163	0.861027	0.83618	0.83618	0.857061	0.819774	0.880714	0.875615	0.846067	0.846067	0.831746	0.904745	0.842266	0.830582	0.856835	0.836239	0.856835	0.825881	0.856313	0.849073	0.856835	0.86127	0.863382	0.831435	0.833621	0.842866	0.849061	0.852595	0.844086	0.857061	0.827037	0.846067	0.862079	0.842361
25000	slope	-0.000546371	0.0476623	0.0596975	0.089379	0.0874085	0.0645666	0.036976	0.0654206	0.0897864	0.0134686	0.0837345	0.0554368	0.0439167	0.1022	0.0715033	0.0782988	0.0976045	0.0810282	0.0240098	0.0548639	0.0581825	0.0420271	0.0475229	0.0993419	0.0240098	0.059449	0.0439167	0.0597967	0.0716292	0.0474993	0.090535	0.00387457	0.0338292	0.0965287	0.0595542	0.0387029	0.0797385	0.0402303	0.0274549	0.0971017	0.0240098	0.0402303	0.0574216	0.023426	0.0422292	0.0797385	0.0690225	0.0593193	0.0532021	0.0526406	0.0737084	0.0605268	0.0330088	0.0715033	0.00900464	0.0976045	0.0965287	0.0767269	0.0877869	0.0478195	0.0454669	0.04462	0.0855983	0.0592076	0.059365	0.0166936	0.0526406	0.0965287	0.0971017	0.0261822	0.0286276	0.0976045	0.0711621	0.0691645	0.0965287	0.0976045	0.0166936	0.0612211	0.0309603	0.110634	0.0166936	0.0548639	-0.000546371	0.0309603	0.0439569	0.0343091	0.0447078	0.0166936	0.0259135	0.0240098	0.0873177	0.0669239	0.0716292	0.0543489	0.0240098	0.0777745	0.0492858	0.0327913	0.0314553	0.0828897	0.0514551	0.0371083	0.0340354	0.036976	0.0734409	0.0162913	0.0993419	0.062719	0.0685249	0.0686124	0.0328242	0.077451	0.059365	0.0498908	0.0685037	-0.000546371	0.036976	0.059782	0.0595813	0.0487428	0.0829907	0.0577965	0.0819506	0.0325885	0.059782	0.0548639	0.0993419	0.0799224	0.0621412	0.0420271	0.0819506	0.0592076	0.0819506	0.0798727	0.0472585	0.0591012	0.0777745	0.0581825	0.0895456	0.0569356	0.0690225	0.059365	0.0455991	0.0727177	0.0463809	0.0691645	0.0639177	0.0636973	0.0422292	0.0508564	0.0828908	0.0691645	0.0558058	0.0217821	0.0777745	0.0685037	0.0559901	0.0897864	0.090535	0.0463828	0.0656301	0.0568522	0.0507779	-0.0209627	0.0574216	0.0156799	0.0240098	0.0554368	0.0965287	-0.000231328	0.0490952	0.100757	0.0839228	0.0465871	0.0831252	0.059365	0.0371341	0.0715558	0.0965287	0.0826159	0.0528125	0.0792706	0.0422292	0.0498254	0.0498908	0.0573996	0.0716292	0.0597967	0.0422292	0.0422292	0.0422292	0.0230783	-0.000546371	0.03087	0.0252005	0.0574216	0.0711621	0.0593046	0.010631	0.0686124	0.0737084	0.0819506	0.0976045	0.0569356	0.0976045	0.0348531	0.0588129	0.0965287	0.0819506	0.0965287	0.0937377	0.0775379	0.0524589	0.0831252	0.0991361	0.0716292	0.0461627	0.0338292	0.090535	0.0897864	0.0976045	0.0573996	0.00900464	0.0624856	0.0593944	0.01693	0.0274549	0.036976	0.0921708	0.1022	0.0413268	0.0490952	0.0569356	0.093391	0.0816077	0.0261822	0.059782	0.117704	0.0240098	0.037212	0.0624856	0.110634	0.0711621	0.1022	0.0422292	0.0455991	0.0371341	0.0447078	0.0252005	0.0837345	0.0654206	0.0655737	0.0701118	0.0691645	0.0391792	0.10878	0.0740643	0.116243	0.0624856	0.0569356	0.0715484	0.0514898	0.0898454	0.0574216	0.0632375	0.062719	0.0514898	0.0965287	0.110634	0.0798727	0.0831252	0.059782	0.0716292	0.0166936	0.0596975	0.033765	0.0574216	0.0475229	0.0715484	0.0965287	0.037212	0.0530981	0.0685037	0.0614406	0.0166936	0.0363196	0.0797385	0.0597967	0.0751179	-0.000546371	0.0828908	0.0430236	0.059782	0.0593193	0.0680295	0.0532021	0.0685037	0.0768793	0.059782	0.0831252	0.0937377	0.0736496	0.0393149	0.0800424	0.0517591	0.100944	0.0166936	0.0937377	0.0800424	0.0991361	0.0965287	0.0768793	0.0514898	0.0490952	0.059782	-0.000546371	0.0937377	0.0475229	0.059782	0.0393254	0.0777745	0.0597967	0.0514551	0.0691645	0.0391792	0.0240098	0.0597967	0.0831252	0.104867	0.0463828	0.0530981	0.059365	0.00625522	0.0497317	0.0487428	0.0548639	0.0893725	0.0588129	0.0240098	0.0898454	0.043363	0.0777745	0.0581825	-0.000546371	0.0252005	0.0422292	0.0716292	0.105659	0.0588129	0.122009	0.0359595	0.0490952	0.053201	0.0685037	0.105771	0.0573996	0.0685037	0.0797385	0.089379	0.0716292	0.0655558	0.0588129	0.0577965	0.0574216	0.0422292	0.0701118	0.0574216	0.0716292	0.0819506	0.0831252	0.0385426	0.110634	0.090535	0.0897864	0.0230783	0.0777745	0.0716292	0.0597967	0.0526406	0.0252005	0.0775379	0.0645666	0.0716292	0.0993419	0.107111	0.1022	0.0574216	0.0574216	0.0288002	0.0309603	0.0691645	0.0716292	0.0213874	0.0685037	0.0645666	0.0259135	0.03087	0.0249747	0.0965287	0.0991361
25000	intercept	0.859921	0.853542	0.848992	0.850393	0.857946	0.844243	0.867743	0.84607	0.824484	0.856773	0.831221	0.865862	0.86046	0.832638	0.843467	0.841487	0.832212	0.84999	0.849315	0.863911	0.875756	0.897986	0.853556	0.794696	0.849315	0.871742	0.86046	0.84828	0.839795	0.84828	0.817654	0.885695	0.887538	0.829919	0.865353	0.839602	0.817654	0.862546	0.850958	0.832284	0.856773	0.862546	0.856985	0.893985	0.873416	0.817654	0.857132	0.826293	0.860005	0.857524	0.83675	0.867122	0.875046	0.850546	0.847661	0.832212	0.801935	0.842001	0.850235	0.844555	0.851384	0.849926	0.841101	0.833455	0.856306	0.917938	0.857524	0.824822	0.818722	0.866294	0.890761	0.839194	0.84607	0.84049	0.822737	0.845086	0.89866	0.827673	0.896453	0.844535	0.89866	0.863911	0.875369	0.896453	0.864565	0.843608	0.867122	0.89866	0.839795	0.852981	0.83149	0.853453	0.839795	0.85851	0.856773	0.855932	0.850108	0.860955	0.860005	0.824484	0.862546	0.847661	0.876022	0.867743	0.859461	0.852946	0.794696	0.855932	0.842932	0.849056	0.849315	0.839795	0.856306	0.879284	0.848266	0.866289	0.862054	0.875756	0.835839	0.867026	0.815548	0.843147	0.833455	0.841568	0.875756	0.848783	0.794696	0.826922	0.848299	0.897986	0.833455	0.833455	0.833455	0.856713	0.853556	0.886351	0.855932	0.875756	0.831221	0.851141	0.857132	0.856306	0.873416	0.847309	0.869723	0.84049	0.862715	0.845664	0.873416	0.848001	0.847571	0.84049	0.871699	0.854974	0.855932	0.851909	0.866037	0.824484	0.817654	0.848699	0.858246	0.861992	0.857995	0.881829	0.853556	0.87973	0.856773	0.865862	0.801935	0.890245	0.860462	0.823455	0.822343	0.833147	0.823672	0.856306	0.853556	0.84465	0.801935	0.851648	0.861312	0.83618	0.873416	0.863486	0.884388	0.857995	0.839795	0.857132	0.868505	0.873416	0.88078	0.893985	0.875369	0.838223	0.869723	0.853556	0.84607	0.849552	0.856773	0.849056	0.83675	0.833455	0.831863	0.851141	0.832212	0.841568	0.861992	0.793225	0.833455	0.797445	0.817654	0.836823	0.840487	0.823672	0.794696	0.834242	0.88078	0.887538	0.817775	0.824484	0.832212	0.857995	0.847661	0.844765	0.844243	0.893985	0.850958	0.867743	0.85153	0.831096	0.860005	0.860462	0.851141	0.848058	0.859461	0.866294	0.870484	0.840107	0.849315	0.838223	0.844243	0.844535	0.84607	0.832139	0.881703	0.873416	0.853556	0.867122	0.885089	0.833455	0.84607	0.860015	0.857132	0.876377	0.852188	0.82243	0.831221	0.823455	0.844243	0.851141	0.86811	0.849056	0.79708	0.853556	0.853556	0.855932	0.849056	0.801935	0.844535	0.856713	0.823672	0.875756	0.839795	0.89866	0.84041	0.873775	0.853556	0.853556	0.86811	0.801935	0.838223	0.857259	0.84999	0.824484	0.89866	0.849056	0.817654	0.857132	0.856713	0.866289	0.847571	0.848699	0.882297	0.826293	0.852933	0.860005	0.84999	0.857291	0.875756	0.823672	0.817654	0.857995	0.845056	0.846297	0.85597	0.831096	0.89866	0.817654	0.846297	0.804681	0.801935	0.857291	0.847519	0.858131	0.875756	0.875369	0.817654	0.853556	0.882297	0.847661	0.85315	0.857824	0.862546	0.867601	0.852188	0.856773	0.857824	0.823672	0.832212	0.836109	0.857259	0.856306	0.848239	0.864802	0.867026	0.863911	0.844544	0.868298	0.849315	0.813483	0.850777	0.855932	0.875756	0.866289	0.885089	0.88078	0.839795	0.847717	0.861992	0.806674	0.850777	0.872135	0.871699	0.848266	0.82243	0.857995	0.84999	0.817654	0.850393	0.839795	0.853453	0.868298	0.842252	0.853556	0.873416	0.857132	0.853556	0.846452	0.833455	0.824484	0.863289	0.844535	0.817654	0.824484	0.893985	0.855932	0.839795	0.857132	0.840758	0.885089	0.836823	0.844243	0.839795	0.794696	0.794696	0.834047	0.861068	0.856985	0.841568	0.896453	0.820926	0.839795	0.833516	0.84999	0.844243	0.839795	0.838223	0.893985	0.824822	0.794696
26000	slope	0.0829396	0.0925235	0.0689311	0.0600735	0.0371341	0.046756	0.0604579	0.0371341	0.0167452	0.0612577	0.0684966	0.0510859	0.0756444	0.0223936	0.0409937	0.0482994	0.0390114	0.081951	0.0575752	0.0510878	0.0383186	0.0559518	0.0243185	0.0695865	0.0286761	0.0317775	0.071374	0.0705224	0.0376512	0.0913579	0.0693171	0.0464313	0.0264801	0.0526761	0.0627512	0.0774273	0.0499018	0.0790994	0.0855491	0.0388609	0.00447453	0.017057	0.0463504	0.0600735	0.0570129	0.0252091	0.0693171	0.0553629	0.0429465	0.0577134	0.0374924	0.0463795	0.017057	0.0510878	0.0606457	0.057025	0.0277534	0.0291315	0.0327588	0.048155	0.0377009	0.0611127	0.0545439	0.048155	0.048155	-0.00204763	0.0445996	0.0141046	0.0685122	0.0660004	0.0577134	0.0693171	0.048155	0.017057	0.0570129	0.0833184	0.125376	0.0456836	0.048155	0.0615444	0.0518358	0.0777842	0.0925235	0.0541827	0.0545439	0.0942181	0.0362658	0.017057	0.0567295	-0.0142646	0.048155	0.0589652	0.0655159	0.0600735	0.0676944	0.0685122	0.0398341	0.017057	0.0504887	0.0697821	0.0169278	0.0570129	0.0499018	0.0510859	0.0362658	0.0646127	0.0615444	0.0697821	0.0327588	0.0371341	0.0756474	0.0577134	0.0624984	0.017057	0.0857801	0.0463504	0.0377009	0.0561394	0.0655159	0.0570129	0.0414561	0.0181847	0.0630795	0.0693171	0.0777842	0.017057	0.0685122	0.0545439	0.0291315	0.0509588	0.00874344	0.0877213	0.0833184	0.018978	0.0379177	0.0685122	0.0685122	0.0695342	0.017057	0.0291315	0.0497187	0.0242914	0.0185224	-0.00860708	0.0790994	0.0877213	0.0773896	0.0850479	0.0338325	0.0413081	0.0510859	0.0484121	0.0362658	0.0548522	0.0413171	0.0570825	0.0545439	0.0596188	0.0685122	0.0545439	0.0600735	0.0413171	0.0382895	0.0596188	0.0091972	0.111487	0.0369704	0.0158543	0.0711518	0.0666188	0.0661468	0.0605142	0.0329751	0.0371341	0.0660134	0.048155	0.0291315	0.0286345	0.071374	0.0594094	0.0522678	0.0615444	0.0676944	0.0545439	0.0615444	0.0916202	0.0570129	0.0583645	0.0913579	0.0693171	0.0850479	0.0843926	0.074762	0.0777842	0.0510859	0.0410609	0.0625621	0.00111953	0.0414561	0.0242914	0.0950599	0.0463504	0.0060721	0.0661732	0.0577134	0.0570514	0.0861896	0.0545439	0.0925235	0.0790994	0.0777842	0.0971508	0.0850479	0.0833225	0.0252091	0.048155	0.048155	0.00111953	0.059268	0.064305	0.0833184	0.0463504	0.0773896	0.0913579	0.0850479	0.0964252	0.0705224	0.0413171	0.0612694	0.071374	0.0756944	0.0128087	0.0685122	0.071374	0.0799055	0.0510859	0.0465247	0.0605189	0.017057	0.0693171	0.0311072	0.0243185	0.0545439	0.048155	0.0676766	0.0463795	0.0413171	0.0141046	0.0925235	0.064305	0.0371341	0.0371341	0.0414561	0.0338325	0.0414561	0.081951	0.0685122	0.0242914	0.0742428	0.064305	0.0514813	0.048155	0.0693171	-0.00274089	0.0362658	0.0463504	0.0279961	0.0242914	0.0704475	0.0510859	0.0452729	0.048155	0.048155	0.0338325	0.0950599	0.0575752	0.0833184	0.0169278	0.0413171	0.0291315	0.0913579	0.0877213	0.0748922	0.048155	0.0547972	0.0615444	0.0685122	0.0414561	0.0683479	0.0693171	0.048155	0.0510859	0.0510859	0.0829396	0.0291315	0.0870934	0.081951	0.0242914	0.074762	-0.0142646	0.017057	0.00111953	0.0570129	0.048155	0.0685122	0.0518358	0.0539634	0.0771415	0.0287189	0.0539634	0.0371341	0.0685122	0.017057	0.0414561	0.0693171	0.0436668	0.0833184	0.017057	0.0413171	0.0279961	0.00874344	0.0545439	0.0414561	0.060469	-0.00274089	0.0861896	0.0169278	0.0645952	0.0222355	0.0965073	0.0545439	0.018978	0.0855491	0.0060721	0.0311072	0.0685122	0.0463795	0.048155	0.0542039	0.061966	0.0242914	0.0463795	0.0705224	0.0925235	0.00111953	0.0600735	0.0228551	0.0414561	0.0589652	0.0829396	0.0510859	0.0773896	0.0497187	0.0756444	0.0575752	0.0605142	0.0429465	0.0414561	0.0685122	0.0544666	0.0291193	0.0414561	0.0570514	0.0362658	0.00111953	0.0510859	0.0685122	0.0422507	0.0964252	0.0279961	0.074762	0.0570129	0.0542039	0.0518358	0.048155	0.00917854	0.0668212	0.0463795	0.0243026	0.0433739	0.0777842	0.0286345	0.0329751	0.0498358	0.045107	0.00874344	0.0419596	0.0181847	0.0242914	0.0655159	0.0414561	0.0685122	0.0668212	0.0169278	0.0626742	0.00447453	0.0833184	0.081951	0.071374	0.0925235
26000	intercept	0.856988	0.855786	0.827452	0.829886	0.898541	0.845387	0.871654	0.874529	0.85006	0.825093	0.824071	0.85564	0.85013	0.848422	0.836486	0.852093	0.81405	0.840619	0.850027	0.855919	0.876606	0.853756	0.883404	0.834992	0.874827	0.835807	0.835448	0.839925	0.831642	0.852172	0.842137	0.866516	0.869019	0.848763	0.86985	0.831416	0.830387	0.840097	0.852989	0.867132	0.85006	0.856283	0.878345	0.850027	0.865589	0.848422	0.855921	0.864515	0.869358	0.825106	0.870788	0.873767	0.856283	0.855919	0.842234	0.863357	0.886545	0.865884	0.878345	0.836497	0.873767	0.839382	0.817405	0.850027	0.838448	0.870516	0.869358	0.866054	0.853226	0.852371	0.826422	0.855921	0.840204	0.856283	0.865589	0.839339	0.853426	0.852748	0.850541	0.865589	0.855838	0.848086	0.855786	0.842531	0.823488	0.825641	0.878345	0.856283	0.853213	0.863588	0.840204	0.83946	0.825106	0.829886	0.803938	0.836815	0.871011	0.856283	0.832034	0.849703	0.864234	0.865589	0.830387	0.85564	0.878345	0.845635	0.873343	0.849703	0.878345	0.898541	0.841939	0.826422	0.833061	0.856283	0.841656	0.878345	0.873767	0.851726	0.825106	0.865589	0.855919	0.886545	0.85993	0.855921	0.848086	0.843451	0.853226	0.823488	0.865884	0.871536	0.869096	0.836676	0.839339	0.888265	0.853859	0.853226	0.853226	0.819335	0.856283	0.865884	0.857006	0.874113	0.830441	0.86868	0.840097	0.836676	0.843463	0.822713	0.849009	0.878345	0.85564	0.862598	0.878345	0.863582	0.838337	0.84472	0.823488	0.841921	0.853226	0.823488	0.844451	0.838337	0.860902	0.841921	0.874216	0.847564	0.867134	0.877171	0.85883	0.839931	0.828422	0.850027	0.847542	0.874529	0.82559	0.850027	0.865884	0.86323	0.84472	0.83677	0.846469	0.865589	0.803221	0.823488	0.865842	0.832256	0.865589	0.866443	0.861341	0.842137	0.822713	0.856988	0.854857	0.848086	0.85564	0.878345	0.829886	0.86868	0.855919	0.874113	0.827691	0.878345	0.86868	0.819747	0.826422	0.844419	0.85013	0.817405	0.855786	0.840097	0.848086	0.828351	0.822713	0.813913	0.848422	0.850027	0.850027	0.847702	0.841667	0.795517	0.831416	0.878345	0.843463	0.861341	0.822713	0.825118	0.836292	0.838993	0.835448	0.835448	0.790299	0.86868	0.853226	0.835448	0.856988	0.85564	0.840204	0.828422	0.856283	0.855921	0.833635	0.883404	0.823488	0.880974	0.825118	0.873767	0.838337	0.866054	0.854698	0.795517	0.874529	0.874529	0.855919	0.849009	0.855919	0.840619	0.853226	0.871713	0.839925	0.795517	0.825496	0.850027	0.86985	0.899966	0.878345	0.878345	0.860851	0.874113	0.865589	0.85564	0.850027	0.838448	0.850027	0.841901	0.827691	0.850027	0.839339	0.86868	0.838337	0.865884	0.852172	0.836676	0.848086	0.880974	0.845371	0.865589	0.853226	0.845251	0.827691	0.855921	0.880974	0.85564	0.85564	0.856988	0.865884	0.836292	0.840619	0.874113	0.854857	0.863588	0.856283	0.858272	0.865589	0.830387	0.821876	0.855838	0.816178	0.836328	0.855919	0.798513	0.898541	0.848776	0.856283	0.855919	0.842137	0.855919	0.831416	0.856283	0.838337	0.87001	0.86868	0.823488	0.845251	0.856495	0.899966	0.85013	0.86868	0.85993	0.848422	0.831416	0.823488	0.878345	0.856988	0.86868	0.833635	0.853226	0.88126	0.850027	0.850027	0.837798	0.874113	0.873767	0.852337	0.855786	0.86868	0.850027	0.86868	0.855919	0.83946	0.856988	0.85564	0.843463	0.857006	0.85013	0.850027	0.850027	0.869358	0.855919	0.853703	0.859232	0.874113	0.85229	0.844419	0.878345	0.847702	0.85564	0.836815	0.855919	0.825118	0.860851	0.854857	0.865589	0.850027	0.860102	0.838448	0.876098	0.837018	0.873767	0.85506	0.82124	0.848086	0.86323	0.847542	0.85013	0.825605	0.865751	0.865884	0.886545	0.874113	0.833546	0.845251	0.853703	0.837018	0.865867	0.845842	0.85006	0.820467	0.840619	0.835448	0.854698
27000	slope	0.0551432	0.075839	0.0352502	0.0879824	0.0601024	0.045146	0.0406663	0.0230937	0.0601024	0.0849492	0.0557535	0.0737353	0.0648283	0.0526612	0.0842113	0.0570527	0.0813228	0.0937232	0.0923678	0.0734912	0.0777058	0.0327078	0.0732777	0.0682091	0.0951191	0.03857	0.0549881	0.0725816	0.0871319	0.0576102	0.0834164	0.0672746	0.0551432	-0.00963397	0.100416	0.0580438	0.0851714	0.100416	0.0763929	0.10597	0.0680713	0.0404962	0.0582586	0.0940407	0.0847223	0.0610328	0.12117	0.0451679	0.0648569	0.100416	0.06719	0.100416	0.0585437	0.067261	0.034018	0.0851002	0.0672746	0.103597	0.0615047	0.0842113	0.12117	0.0645229	0.0843973	0.0106665	0.07748	0.0261865	0.0734912	0.0352502	0.114649	0.0629238	0.0672746	0.0639471	0.0617712	0.0960239	0.0774855	0.100416	0.0474824	0.0540603	0.0601024	0.0754365	-0.00557711	0.101689	0.0656755	0.0680713	0.0520854	0.0640765	0.0680713	0.0520854	0.0478801	0.0680713	0.0363735	0.0729912	0.0306073	0.0680713	0.0774855	0.111107	0.0721305	0.0551432	0.0447175	0.0640765	0.0934001	0.100416	0.100416	0.0640765	0.0352502	0.0601024	0.00734842	0.0680713	0.0352502	0.0680713	0.0702577	0.0873385	0.0551294	0.0742851	0.0557535	0.0548388	0.0461446	0.052757	0.0704668	0.0720881	0.082093	0.0555711	0.0682107	0.0597157	0.0515976	0.0230937	0.0643138	0.0404962	0.0842113	0.0933942	0.0795103	0.082093	0.0610328	0.0372151	0.0842113	0.0610328	0.0576975	0.0269229	0.0795103	0.0461446	0.0648516	-0.00557711	0.0977125	0.0878966	0.0780463	0.0718659	0.0753588	0.0816612	0.0580493	0.0672746	0.0577666	0.0868365	0.0672746	0.0723274	0.0615047	0.0949544	0.0590374	0.0680229	0.0940407	0.0648283	0.0400392	0.0742851	0.033181	0.0842113	0.0570527	0.0451679	0.0682091	0.0011122	0.0451624	0.0500234	0.0640765	0.0680713	0.0977125	0.0754365	0.0504232	0.0662643	0.0327078	0.0551294	0.0680713	0.0680713	0.0587007	0.0377591	0.0842113	0.0144938	0.0882365	0.0643929	-0.0122654	0.0451679	0.0610328	0.0900584	0.0680713	0.0824044	0.0842113	0.0639471	0.0502993	0.0610328	0.0796678	0.0842113	0.0615772	0.0310961	0.0774855	-0.00557711	0.100416	0.0648516	0.067261	0.0934001	0.0777058	0.0590374	0.0601024	0.0551432	0.0451679	0.055368	0.00734842	0.0352502	0.0842113	0.0585437	0.0617712	0.0406812	0.0520854	0.0327078	-0.00963397	0.063517	0.0670955	0.0404962	0.100416	-0.0076629	0.0585437	0.0461446	0.0796678	0.0936669	0.0555711	0.0590374	0.100879	0.0474197	0.054215	0.0795103	0.0680229	0.06719	0.0960239	-0.0076629	0.100416	0.0327078	0.0615047	0.0557535	0.0873385	0.0734912	0.0451679	0.0754365	0.0842113	0.0768686	0.103016	0.0680713	0.0849916	0.0405893	0.0670955	0.0404962	0.0551432	0.0842113	0.107758	0.0680713	0.0500234	0.0567223	0.0555711	0.0451679	0.0682091	0.0640765	0.0937232	0.0725816	-0.00963397	0.0617712	0.0780463	0.0616307	0.0672746	0.0601024	0.0474824	0.0672746	0.0639471	0.0615772	0.0960239	0.091529	0.0754365	0.0640765	0.0451679	0.101689	0.100416	0.0847223	0.0960239	0.0474824	0.107758	0.0977125	0.0640765	0.0570527	0.0859136	0.0617712	0.00734842	0.0567223	0.0461446	0.0583937	0.0780463	0.0940407	0.0617712	0.0764997	0.0842113	0.00734842	0.0847223	0.0734912	0.0680713	0.07748	0.0799942	0.0721305	-0.0180132	0.0106665	0.10455	0.107243	0.0742851	0.0842113	0.0847223	-0.0129367	0.0977125	0.0615772	0.0615772	0.0648516	0.0672746	0.0842113	0.0551294	-0.0228684	0.0451679	0.0601024	0.0796678	0.0327078	0.0570527	0.12117	0.0590374	0.0718659	0.0672746	-0.00557711	0.0763929	0.0648516	0.0451679	0.114649	0.0615047	0.0691506	0.0310961	0.0672746	0.07748	0.0940407	0.0400392	0.101689	0.0617712	-0.0076629	-0.0076629	0.082093	0.0530401	0.100416	0.0601024	-0.00557711	0.0567223	0.0646945	0.0934001	0.0923678	0.0106665	0.0261865	0.0400392	0.0977125	0.0555711	0.0404962	0.0352502	0.0601024	0.0615047	0.034018	0.0672746	0.0608476	0.0769406	0.0977125	0.100416	0.0513463	0.0734912	0.104983	0.0847223	0.0615772	0.101689	0.0567223	0.0452585	0.0851002	0.0549881	0.0530401	0.0555711	0.064635	0.0622084	0.0764997	0.0399983	0.0590374	-0.0122654	0.0530401	0.0977125	0.0940407	0.0597157	0.034018	0.0643138	0.114649
27000	intercept	0.860511	0.821944	0.869923	0.856644	0.834832	0.860684	0.860511	0.890696	0.822155	0.816623	0.850741	0.821216	0.816921	0.877651	0.856644	0.845913	0.852449	0.853436	0.840056	0.855507	0.827218	0.880217	0.840056	0.839028	0.849903	0.866559	0.85654	0.844839	0.822139	0.831037	0.840826	0.854538	0.868158	0.904293	0.795402	0.863777	0.847983	0.795402	0.83629	0.813916	0.842391	0.850978	0.848741	0.830318	0.834446	0.832106	0.841354	0.835156	0.827974	0.812564	0.861644	0.771999	0.84947	0.850749	0.873371	0.808043	0.857165	0.78809	0.816921	0.856644	0.841354	0.852926	0.822045	0.88636	0.841476	0.850372	0.855507	0.852718	0.801748	0.831708	0.864317	0.830361	0.848687	0.858616	0.855038	0.795402	0.855653	0.874008	0.838351	0.855038	0.898541	0.805198	0.834773	0.845884	0.859977	0.828402	0.842391	0.858716	0.858444	0.842391	0.8678	0.852666	0.863224	0.828092	0.855038	0.813165	0.821384	0.854215	0.856403	0.828402	0.821975	0.795402	0.812564	0.828402	0.852718	0.822155	0.88636	0.842391	0.873467	0.828092	0.854521	0.856644	0.850978	0.857165	0.850741	0.869923	0.869923	0.83459	0.85247	0.841603	0.824939	0.831691	0.842202	0.82209	0.844632	0.873486	0.848297	0.869263	0.844264	0.805473	0.816623	0.815543	0.832106	0.840186	0.866682	0.853716	0.880329	0.869725	0.816623	0.869923	0.850978	0.898541	0.813165	0.818924	0.849873	0.857975	0.851307	0.828845	0.82858	0.857165	0.850978	0.833425	0.857165	0.844839	0.816921	0.840056	0.856701	0.840861	0.840056	0.816921	0.835156	0.857165	0.877651	0.856644	0.845913	0.82531	0.839028	0.904293	0.840298	0.831691	0.8386	0.845884	0.813165	0.855038	0.886371	0.860017	0.880217	0.84773	0.842391	0.841717	0.831691	0.865199	0.843354	0.88636	0.846407	0.838872	0.881315	0.831512	0.832106	0.832875	0.840702	0.816623	0.856644	0.83702	0.842905	0.832106	0.852788	0.856644	0.849713	0.877651	0.855038	0.898541	0.795402	0.850978	0.850749	0.833425	0.827218	0.856701	0.834832	0.868158	0.815856	0.863877	0.88636	0.869923	0.856644	0.84947	0.848687	0.870967	0.869166	0.894317	0.915216	0.861644	0.851688	0.869263	0.795402	0.896599	0.84947	0.869923	0.850978	0.866999	0.833944	0.866805	0.805198	0.837661	0.841726	0.816623	0.840861	0.861644	0.858616	0.896599	0.795402	0.894317	0.816921	0.850741	0.856644	0.855507	0.835156	0.848642	0.856644	0.848297	0.821975	0.842391	0.849903	0.850978	0.851688	0.850978	0.864788	0.856644	0.845988	0.828092	0.830971	0.848297	0.847207	0.835156	0.839028	0.852108	0.859182	0.844839	0.909189	0.848687	0.849873	0.826841	0.857165	0.822155	0.855653	0.857165	0.83702	0.837501	0.858616	0.801748	0.848642	0.814729	0.835156	0.805198	0.795402	0.845988	0.858616	0.855653	0.845988	0.813165	0.828402	0.845913	0.854152	0.848687	0.88636	0.848297	0.869923	0.870517	0.849873	0.840056	0.848687	0.864317	0.843354	0.88636	0.845988	0.855507	0.842391	0.841476	0.842897	0.821384	0.896599	0.88636	0.795402	0.795402	0.857165	0.856644	0.845988	0.885701	0.813165	0.849713	0.849713	0.850978	0.854538	0.856644	0.850978	0.881315	0.827326	0.817816	0.852788	0.894317	0.845913	0.841354	0.866805	0.841476	0.857165	0.898623	0.83629	0.850978	0.835156	0.801748	0.816921	0.826569	0.877651	0.839028	0.841476	0.840056	0.835156	0.805198	0.848687	0.903414	0.896599	0.815543	0.841428	0.795402	0.834832	0.898623	0.848297	0.853716	0.821975	0.840056	0.88636	0.850372	0.850176	0.813165	0.831691	0.850978	0.873676	0.822155	0.816921	0.873371	0.858129	0.85135	0.826082	0.820893	0.795402	0.856701	0.854344	0.823304	0.827265	0.837501	0.805198	0.868662	0.834532	0.808043	0.850316	0.831601	0.831691	0.829967	0.863877	0.864317	0.823495	0.856701	0.881315	0.831601	0.813165	0.840056	0.82858	0.876417	0.848297	0.801748
28000	slope	0.0327764	0.0744733	0.0671172	0.0510581	0.0732949	0.0600077	0.0458031	0.0814812	0.0418784	0.0671172	-0.00603867	0.0388745	0.105871	0.0915055	-0.0361116	0.0671552	0.0401913	0.0404084	0.0538187	0.0671172	0.043775	0.0530362	0.108514	0.04137	0.0636651	0.0473657	0.0347127	0.0641483	0.0697338	0.116236	0.043775	0.0481191	0.0388887	0.100721	0.0858047	0.131731	-0.00603867	0.0496632	0.0703563	0.0347565	0.0892747	0.0605174	-0.00674031	0.0528294	0.115508	0.0697338	0.0488157	0.045022	0.0753878	0.0496632	0.0833174	0.0833174	0.0489302	0.0421582	0.0724928	0.0670955	0.0814812	0.0750862	0.0562082	0.0481191	0.0443665	0.0514662	0.0508494	0.012618	0.0388365	0.0648569	0.0671552	0.114935	0.0884959	0.0865457	0.0722709	0.10855	0.0387479	0.0561831	0.0635098	0.0466523	0.0401913	-0.0557279	0.0499658	0.0283307	0.0698829	-0.0557279	0.0656862	0.0330352	0.0821778	0.054443	0.0481191	0.0597142	0.0427669	0.0422473	0.0427669	0.0421582	0.116236	0.0428482	0.0531056	0.098372	0.0428482	0.0586708	0.0530362	0.0377423	0.0384585	0.115927	0.0428482	0.0305889	0.0466523	0.0671172	0.0584849	0.0447848	0.092323	0.0183499	0.0497274	0.0428482	0.0484056	0.0593305	0.0593305	0.0769195	0.0839245	0.0959337	0.0421582	0.046442	0.0547252	0.0479655	0.043775	0.104635	0.0568075	0.056315	0.0593305	0.0483363	0.0497274	0.0283282	0.0282397	0.0599128	0.132516	-0.0304799	0.0473657	0.0656683	0.114935	0.0892747	0.0643054	0.11289	0.0627182	0.0883053	0.047075	0.0675312	0.0530362	0.0183499	0.0531056	0.0496632	0.0547252	0.0403234	0.0606715	0.0422473	0.0671172	0.0831296	0.012618	0.0676341	0.0383067	0.0327764	0.100721	-0.00603867	0.0481191	0.0557027	0.0612432	0.0658308	0.0768067	0.089064	0.0183499	0.0575228	0.046269	0.054443	0.0641483	0.0388745	0.0793301	0.0773465	0.0584849	0.0585766	0.0283282	0.0650291	-0.0527282	0.0538807	0.0667409	0.0784516	0.0593305	0.0561831	0.111745	0.0858047	0.0483363	0.054443	0.0534536	0.0338415	0.0670955	0.0911477	0.0671172	0.0438975	0.0403234	0.0403234	0.0531056	0.114935	0.0403234	0.0557027	0.0605625	-7.95648e-05	0.0496632	0.0577111	0.0542257	0.0374522	0.0671172	0.098372	0.046269	0.0481191	0.0814812	0.122484	0.0671552	0.0481191	0.0391364	0.0416804	0.0476551	0.0697338	0.0496632	0.012618	0.0611997	0.0705881	0.0393028	0.0183499	-0.0527282	0.0283307	0.0483363	0.0671172	0.098372	-0.00603867	0.0530362	0.0278326	0.0621976	0.0388745	0.0496632	0.0814812	0.0814812	0.0666126	0.0497274	0.0697338	0.0256149	0.0671172	0.0416804	0.0545629	0.0768067	0.0474092	0.0476551	0.0557027	0.0416804	0.0833174	0.054443	0.0761759	0.0496632	0.0534536	0.0717212	0.0497274	0.0761759	0.0305889	0.0422473	0.10855	0.0428482	0.054443	0.0666126	0.0183499	0.0530362	0.0670955	0.0423268	0.0663039	0.04622	0.0672871	0.0392667	0.0215486	0.0327764	0.043775	0.0839245	0.0283205	-0.00603867	0.0764579	0.0428948	0.0761759	0.0403234	0.0584849	0.0263276	0.043775	0.0530362	0.0671172	0.0496632	0.0481191	0.103225	0.0608378	0.0768067	0.0473088	0.0666126	0.0833174	0.0585766	0.0573474	0.0403234	0.0717212	0.0670955	0.0278326	-0.00603867	0.0514662	0.0519144	0.114443	0.0697338	0.0732949	0.0496632	0.116236	0.043775	0.0401913	0.0425067	0.0833174	0.0388745	0.104504	0.101955	0.105871	0.0826923	0.0671552	0.0407245	0.043775	0.0466523	0.0483363	0.103225	0.064347	0.0422473	0.012618	0.0356097	0.0827078	0.0768067	0.0542257	0.0391364	-0.0361116	0.0477371	0.0531056	0.0514662	0.0600874	0.0577111	0.0545629	0.0575228	0.0388887	0.0496632	0.0671172	0.0473088	0.0433496	0.0666308	0.043775	0.0530362	0.0570786	0.0514662	-0.0330655	0.060611	0.0403234	0.0497274	0.101955	0.0449709	0.0833174	0.0670955	0.0416804	0.046269	0.0183499	-0.0557279	0.103225	0.0707951	0.0403234	0.0714363	0.102546	0.0384585	0.0347127	0.0608378	0.0768067	0.0641483	-0.00603867	0.0278326	0.0347127	0.0534536	0.0483363	0.043775	0.0811281	0.0530362	0.103225	0.0593305	0.0672871	0.0774232	0.0635237	-0.00603867	0.0671172	0.0383067	0.0388887	0.0419801	0.043775	0.0547296	-0.0304799	0.0356097	-0.0527282	0.0531056	0.0557027	0.0403234	0.116236	0.0477371	0.0183499
28000	intercept	0.862719	0.83586	0.857669	0.856759	0.825818	0.832867	0.851279	0.833824	0.844746	0.857035	0.876058	0.882036	0.819073	0.817007	0.897796	0.845867	0.859285	0.846009	0.857035	0.846147	0.856521	0.854085	0.786705	0.832014	0.836759	0.857035	0.856808	0.848442	0.858374	0.815297	0.874883	0.86704	0.842672	0.815297	0.819109	0.817286	0.876058	0.837416	0.854835	0.865352	0.802661	0.855793	0.876292	0.838653	0.819073	0.868313	0.830671	0.855119	0.858374	0.826498	0.827149	0.839012	0.846147	0.88449	0.850982	0.854556	0.830755	0.852345	0.867144	0.842063	0.862476	0.851279	0.832276	0.874267	0.876023	0.850982	0.845867	0.802661	0.802661	0.832527	0.828688	0.805496	0.844411	0.856871	0.836759	0.860005	0.859285	0.891086	0.857917	0.871124	0.865815	0.891086	0.852954	0.861987	0.839411	0.851336	0.86704	0.857035	0.832891	0.861498	0.844725	0.855271	0.830428	0.876023	0.853457	0.803074	0.870437	0.830367	0.863967	0.861498	0.847767	0.824628	0.876023	0.84754	0.860005	0.845722	0.860723	0.846968	0.822464	0.870544	0.874948	0.882536	0.855529	0.869345	0.869345	0.808926	0.812102	0.826926	0.855271	0.870509	0.84011	0.85886	0.852851	0.808877	0.832014	0.863524	0.869345	0.848292	0.874948	0.862476	0.866845	0.861916	0.815297	0.886125	0.857035	0.854835	0.802661	0.802661	0.841994	0.818257	0.848269	0.835385	0.851885	0.838054	0.863967	0.868404	0.87265	0.837416	0.850511	0.881441	0.860519	0.861498	0.857035	0.837615	0.874267	0.820656	0.870738	0.862719	0.815297	0.876058	0.86704	0.828225	0.856049	0.831322	0.853443	0.847865	0.868404	0.840389	0.853717	0.878945	0.852307	0.882036	0.85165	0.837068	0.860723	0.851336	0.862476	0.840379	0.897796	0.857239	0.877351	0.84515	0.869345	0.856871	0.828774	0.819109	0.839303	0.851336	0.869345	0.860005	0.842202	0.850309	0.839078	0.854085	0.876023	0.861678	0.877351	0.802661	0.876023	0.858437	0.830247	0.84754	0.837807	0.851227	0.866422	0.857035	0.853958	0.803074	0.851126	0.842063	0.830755	0.818257	0.845867	0.842063	0.832014	0.860005	0.869345	0.858374	0.837416	0.874267	0.847767	0.851336	0.842672	0.862579	0.897796	0.869839	0.848292	0.857669	0.803074	0.876058	0.8606	0.859308	0.857035	0.882036	0.837416	0.831768	0.830755	0.857407	0.874948	0.868313	0.870544	0.85165	0.869523	0.832014	0.853443	0.852303	0.869345	0.833981	0.853937	0.827149	0.851336	0.818133	0.832014	0.869345	0.854835	0.860005	0.836759	0.84754	0.861498	0.805496	0.876023	0.851336	0.853259	0.868404	0.851336	0.842202	0.877351	0.84037	0.856521	0.857035	0.856521	0.868404	0.862719	0.856972	0.812102	0.879558	0.876058	0.861029	0.883787	0.836759	0.870188	0.860723	0.859308	0.856521	0.863967	0.857035	0.832014	0.863524	0.817007	0.852954	0.853443	0.873525	0.86421	0.831126	0.827566	0.843138	0.876023	0.854835	0.854556	0.856808	0.876058	0.851279	0.877351	0.807903	0.858374	0.825818	0.826498	0.805606	0.856972	0.859285	0.877351	0.827149	0.882036	0.822584	0.796785	0.819073	0.860067	0.847314	0.869345	0.856521	0.860005	0.839303	0.817007	0.853717	0.861498	0.874267	0.880845	0.842202	0.853443	0.866422	0.832014	0.897796	0.853717	0.877351	0.851279	0.853706	0.851227	0.832014	0.843995	0.842672	0.832014	0.857035	0.873525	0.837416	0.856049	0.856521	0.851336	0.861498	0.851279	0.896275	0.853443	0.876023	0.874948	0.796785	0.841915	0.827149	0.854556	0.871396	0.853717	0.868404	0.891086	0.817007	0.833067	0.876023	0.823059	0.828774	0.847767	0.856808	0.856172	0.853443	0.848442	0.876058	0.857035	0.856808	0.869345	0.848292	0.850369	0.834612	0.84037	0.817007	0.869345	0.857035	0.817875	0.857407	0.885923	0.85165	0.870738	0.842672	0.856808	0.856972	0.853024	0.888661	0.880845	0.897796	0.87265	0.870328	0.876023	0.830428	0.853717	0.868404
29000	slope	0.14381	0.0583968	0.108023	0.0994554	0.0606345	0.109217	0.056103	0.0735632	0.0746672	0.0481709	0.0746672	0.0640521	0.0724094	0.0476064	0.0601171	0.0537042	0.0300304	0.110855	0.0406792	0.0548193	0.038278	0.0512547	0.0656885	0.0583968	0.066156	0.0735994	0.0570964	0.0810255	0.0561115	0.0501059	0.068129	0.0720258	0.0601171	0.123168	0.0456059	0.0769503	0.0675579	0.026931	0.0483885	0.0543471	0.0551682	0.0769503	0.073246	0.0736778	0.0822882	0.0456026	0.0735632	0.0654512	0.0709498	0.0466111	0.0406792	0.0735632	0.0481709	0.0377442	0.0301953	0.0349781	0.0746672	0.0739865	0.127873	0.0749449	0.0300852	0.0578879	0.0411086	0.0471295	0.0570712	0.0707531	0.0385415	0.0385399	0.0483885	0.0543471	0.0581701	0.0974847	0.0735632	0.0621474	0.0357382	0.0597372	0.0529978	0.0640521	0.0867192	0.137957	0.0751102	0.0341614	0.066532	0.0709255	0.0326028	0.0543222	0.0632854	0.0432225	0.0872346	0.0483885	0.0543471	0.0592106	0.0739865	0.0583968	0.0385399	0.0466111	0.0385432	0.075277	0.0685396	0.0454779	0.0640521	0.0419109	0.069177	0.0369586	0.0483885	0.0870026	0.0448319	0.0320714	0.108023	0.0746672	0.0501059	0.0369586	0.0385399	0.0746672	0.0616667	0.0368418	0.0411536	0.0384234	0.0654512	0.0724094	0.0735632	0.0344732	0.0465643	0.0341614	0.0466111	0.0691135	0.0432225	0.0385399	0.0335775	0.0592968	0.0385399	0.0385432	0.0790949	0.0385399	0.0663618	0.0681085	0.123168	0.0471295	0.0472151	0.115873	0.0610585	0.0735632	0.0385399	0.0306201	0.0625014	0.0601171	0.0640521	0.108023	0.048093	0.0581701	0.0161428	0.045011	0.0416097	0.048887	0.0355295	0.0477234	0.0746672	0.0385432	0.0377442	0.0675579	0.0505661	0.0481709	0.0601733	0.115347	0.0596299	0.0419109	0.045011	0.0411086	0.0349781	0.0481709	0.132127	0.0702003	0.0373656	0.0571212	0.0561115	0.0484131	0.0640521	0.0531326	0.130185	0.0385399	0.0543471	0.066156	0.0675579	0.0481709	0.0454779	0.0472151	0.0468765	0.0385399	0.0466111	0.045011	0.0468765	0.0867192	0.0481709	0.0272164	0.0385432	0.0592968	0.0529692	0.0434642	0.0465841	0.0425693	0.0974847	0.119723	0.035192	0.0468765	0.0724094	-0.00210733	0.066156	0.0483885	0.0601171	0.0406695	0.0654512	0.0974847	0.0607974	0.0583968	0.0466111	0.0468765	0.0746672	0.0600332	0.0483885	0.0481709	0.0543498	0.0368418	0.0479211	0.0385432	0.0702003	0.0466111	0.0466111	0.044039	0.060219	0.048093	0.0385399	0.0912581	0.0481709	0.0810255	0.0551855	0.0548193	0.056103	0.146228	0.0681528	0.0755935	0.095724	-0.0285117	0.108023	0.0385399	0.0466111	0.0543498	0.109217	0.0385399	0.0994554	0.0640521	0.0369586	0.073246	0.0654512	0.0625171	0.0675313	0.0357382	0.0495907	0.0769503	0.0576439	0.103943	0.0501059	0.0385399	0.146228	0.0611634	0.0501059	0.0385432	0.0749449	0.045011	0.0417703	0.11468	0.0525092	0.045011	0.0637102	0.0466111	0.0429544	0.0452933	0.0385399	0.0466111	0.0471295	0.0925338	0.0357382	0.0419109	0.0864968	0.0406792	0.048093	0.0974847	0.0481709	0.0483885	0.0663618	0.0870026	0.0406792	0.146228	0.0525092	0.132127	0.0537727	0.0432843	0.0600351	0.0974847	0.0481709	0.0720258	0.0481709	0.0529877	0.0870026	-0.00908249	0.0945165	0.0640521	0.0592968	0.0419109	0.0454779	0.146228	0.0481709	0.0739865	0.0454779	0.0417703	0.0879894	0.13187	0.0380161	0.0406792	0.0168405	0.0403066	0.0419817	0.0769503	0.0746672	0.045011	0.0411536	0.0501059	0.0724094	0.0300304	0.0385399	0.0385324	0.0810255	0.0368418	0.0481709	0.100965	0.0527469	0.0448072	0.0870026	0.0501059	0.0870026	0.031803	0.0739865	0.0543498	0.0481709	0.0870026	0.0613596	0.103943	0.0385399	0.063622	0.0406792	0.0914448	0.0870026	0.0601171	0.119723	0.0810255	0.0850031	0.0702003	0.0548193	0.056103	0.102188	0.0749449	0.0596299	0.0810255	0.0870026	0.056103	0.0440541	0.0406792	0.0385432	0.102188	0.0189671	0.060506	0.102188	0.056103	0.0546666	0.045011	0.0385399	0.145579	0.0746672	0.0472151	0.041701	0.0625171	0.0193111	0.0810071	0.0746672	0.0870026	0.0974847	0.0662778	0.0596299	0.0357382	0.0724094	0.066156	0.0483885	0.0419109	0.0853611	0.0385399	0.0492288	0.0403066	0.0300246	0.0376897	0.0755473	0.0454779
29000	intercept	0.820873	0.843576	0.827864	0.839634	0.842576	0.823063	0.847296	0.862295	0.848935	0.83676	0.854296	0.844815	0.883618	0.84211	0.825197	0.84271	0.868979	0.826117	0.83418	0.840911	0.855171	0.835664	0.847707	0.847515	0.860723	0.847219	0.854296	0.832084	0.871071	0.864644	0.853346	0.874072	0.835152	0.836386	0.834687	0.836535	0.832585	0.854901	0.838696	0.854901	0.847296	0.836535	0.836535	0.849132	0.838317	0.859455	0.877794	0.860723	0.856878	0.838988	0.83418	0.86737	0.848804	0.859007	0.87058	0.83449	0.848935	0.838042	0.832396	0.870643	0.865402	0.863638	0.861234	0.848804	0.827591	0.862295	0.864276	0.868798	0.85865	0.854901	0.855835	0.808445	0.86737	0.844329	0.824044	0.87513	0.842587	0.84104	0.825042	0.812931	0.857184	0.838988	0.84828	0.854182	0.842573	0.864644	0.88908	0.861296	0.817968	0.855883	0.854901	0.831043	0.838042	0.847515	0.850947	0.838988	0.844469	0.835033	0.860723	0.877002	0.844815	0.839363	0.847296	0.877002	0.855883	0.817826	0.84578	0.850947	0.827864	0.83569	0.855224	0.877002	0.879704	0.875138	0.863263	0.864644	0.87275	0.842639	0.878218	0.883618	0.86737	0.842301	0.868605	0.838988	0.838988	0.838042	0.855865	0.879704	0.85609	0.840974	0.864525	0.836044	0.852769	0.880527	0.825197	0.831596	0.836386	0.848804	0.864644	0.814132	0.876861	0.86737	0.886973	0.851757	0.853671	0.835152	0.849132	0.827864	0.855835	0.855835	0.856223	0.840654	0.876975	0.854382	0.84578	0.801502	0.848935	0.836044	0.853279	0.832585	0.851054	0.88278	0.877002	0.827864	0.880308	0.839363	0.868979	0.861234	0.863898	0.848804	0.799924	0.840991	0.86442	0.855987	0.847171	0.877002	0.844815	0.864644	0.819939	0.864525	0.861202	0.860723	0.832585	0.850558	0.883639	0.864644	0.855835	0.864525	0.847752	0.868979	0.851757	0.825042	0.881055	0.824044	0.856787	0.840974	0.845298	0.866475	0.894322	0.86521	0.819924	0.805048	0.823699	0.851757	0.883618	0.903109	0.860723	0.855883	0.835152	0.861234	0.860723	0.819924	0.848119	0.852968	0.842403	0.855835	0.848935	0.881055	0.88501	0.835037	0.849182	0.864644	0.856657	0.839298	0.840991	0.843489	0.843489	0.840091	0.836879	0.855835	0.864525	0.830059	0.881055	0.834347	0.850819	0.840911	0.847296	0.795629	0.862029	0.831268	0.832334	0.864327	0.827864	0.868798	0.847752	0.840911	0.815674	0.864982	0.846575	0.84104	0.877002	0.836535	0.87288	0.830783	0.824269	0.824044	0.855835	0.836535	0.847624	0.840263	0.864644	0.879704	0.785982	0.831268	0.864644	0.839298	0.870643	0.868979	0.876487	0.827864	0.852599	0.868979	0.830209	0.847752	0.860133	0.876487	0.872244	0.847752	0.848804	0.815606	0.84578	0.860232	0.862295	0.83418	0.855835	0.808445	0.836632	0.838696	0.825197	0.811163	0.842573	0.795629	0.852599	0.799924	0.850756	0.851156	0.855835	0.819924	0.835037	0.874072	0.848804	0.842573	0.830059	0.866395	0.817968	0.84104	0.840974	0.860936	0.870454	0.785982	0.846067	0.838042	0.877002	0.881067	0.860723	0.799924	0.845818	0.83418	0.845818	0.85154	0.839363	0.836535	0.848935	0.840654	0.87275	0.855224	0.882528	0.868979	0.879704	0.83418	0.829821	0.864644	0.867648	0.827864	0.841557	0.875121	0.811163	0.864644	0.811163	0.866818	0.838042	0.849182	0.881055	0.830059	0.833024	0.840263	0.868798	0.854901	0.83418	0.810836	0.817826	0.825197	0.805048	0.834347	0.840974	0.844815	0.840911	0.847296	0.853785	0.870643	0.880308	0.834347	0.820054	0.847296	0.878769	0.83418	0.848847	0.853785	0.85609	0.86071	0.853785	0.847296	0.840991	0.868979	0.868798	0.842584	0.848935	0.864644	0.860232	0.839269	0.869605	0.830059	0.848935	0.830059	0.819924	0.877794	0.864788	0.84578	0.879005	0.860723	0.855883	0.850819	0.817826	0.864982	0.848804	0.85154	0.896893	0.864849	0.828721	0.877002
30000	slope	0.028091	0.0209599	0.0648482	0.0959946	0.0606636	0.0877066	0.0697129	0.0466111	0.0670239	0.0866403	0.0820041	0.0487638	0.0352093	0.0549986	0.0659533	0.0104522	0.0659064	0.141432	0.0706463	0.0624176	0.0507485	0.0712405	0.0561692	0.0660234	0.0479098	0.0530761	0.0838797	0.0646017	0.0630729	0.0820023	0.0875355	0.0621228	0.0104522	0.0622459	0.029836	0.0712258	0.0704125	0.126007	0.0959946	0.0531671	0.0561406	0.0455841	0.0608152	0.0727053	0.0524882	0.0451335	0.0424894	0.0530218	0.0645326	0.0695577	0.0291788	0.0444343	0.0661214	0.0866403	0.0875355	0.0824405	0.0576744	0.0581855	0.020298	0.0550249	0.0951197	0.0959946	0.0866403	0.0594085	0.084117	0.0133467	0.083461	0.0373323	0.0659064	0.0763688	0.133533	0.0727053	0.0644282	0.0601095	0.0637539	0.0202053	0.041728	0.0628605	0.0496045	0.0424894	0.0613095	0.0451187	0.0929112	0.0959946	0.0104522	0.0915755	0.0424894	0.138101	0.102361	0.0712258	0.0531671	0.0491298	0.048862	0.0704956	0.0959946	0.0855553	0.141432	0.0530218	0.0261994	0.0408513	0.080721	0.0365343	0.0621228	0.0734694	0.0877066	0.0732897	0.0427822	0.0877066	0.014548	0.0531671	0.0528321	0.0606636	0.142949	0.0550249	0.0701963	0.0419986	0.0209599	0.0594686	0.0608152	0.0497803	0.0630729	0.0513996	0.0911399	0.0344721	0.0530218	0.0442583	0.0712258	0.0453004	0.0428218	0.0552654	0.0658941	0.0332092	0.0774425	0.0481362	0.055464	0.0920488	0.0484551	0.0866403	0.0628605	0.0534588	0.042047	0.0951197	0.0413834	0.0612028	0.100021	0.000214327	0.0889614	0.0480766	0.0686637	0.0328947	0.0380985	0.0664075	0.100269	0.0630729	0.049381	0.0609428	0.0412372	0.0722046	0.028091	0.0664075	0.0455841	0.080721	0.0427822	0.0604393	0.0719655	0.0586316	0.0727053	0.065545	0.0452035	0.0360285	0.0550249	0.0875355	0.0610758	0.0954803	0.0604963	0.0473404	0.0276993	0.0434367	0.0550249	0.0778262	0.0604393	0.0535537	0.0493636	0.0606636	0.0172152	0.0390545	0.028091	0.0452035	0.0693564	0.0437179	0.0629667	0.0455841	0.0951197	0.0612028	0.0628605	0.0628605	0.0104522	0.0496045	0.0412372	0.0625913	0.0493636	0.0487638	0.0820023	0.0628605	0.0732897	0.0624176	0.0628605	0.0524202	0.0863495	0.0104522	0.0712405	0.028091	0.0524882	0.0866403	0.0451187	0.0487638	0.0530218	0.028091	0.100021	0.0195898	0.0496045	0.0465735	0.0361155	0.0446306	0.0658941	0.0530218	0.0380185	0.0904354	0.0487638	0.0670239	0.0744187	0.065545	0.0455984	0.0727053	0.0524882	0.0661214	0.0866403	0.0394396	0.0380985	0.0519018	0.0875941	0.0427822	0.0487638	0.0606636	0.029836	0.0455841	0.0644282	0.0332092	0.0866403	0.141432	0.0390545	0.0493636	0.0897507	0.0820023	0.0606636	0.0344721	0.0549986	0.0455984	0.0104522	0.0104522	0.0531671	0.0648482	0.080721	0.0891083	0.0644282	0.049232	0.0606636	0.102361	0.0531671	0.065545	0.0621228	0.0866403	0.043828	0.0484551	0.124096	0.0493636	0.0394396	0.0951197	0.0443902	0.0685426	0.0487638	0.0507485	0.0594085	0.0712405	0.0496045	0.0276993	0.0606636	0.103313	0.0608152	0.0621228	0.0531671	0.0630729	0.0428218	0.0604963	0.0424894	0.0664075	0.0455984	0.0977886	0.000239724	0.0608152	0.028091	0.0531671	0.0578306	0.0361155	0.0357733	0.0625913	0.0691864	0.0455841	0.0605636	0.0594686	0.0628605	0.0820023	0.0452035	0.135152	0.0951197	0.0424894	0.0630729	0.0550249	0.0877066	0.0915755	0.0599061	0.124096	0.0621228	0.0465735	0.0630729	0.0437179	0.0428218	0.0428218	0.0451187	0.0493636	0.0443711	0.0823674	0.0594686	0.0866403	0.0801193	0.0648482	0.0686637	0.089465	0.0426396	0.0587048	0.0866403	0.0674602	0.0633059	0.089465	0.0361155	0.0661214	0.0951197	0.0866403	0.0589862	0.0534248	0.0695577	0.0670239	0.0531671	0.0409499	0.0608152	0.0897507	0.0487638	0.0877066	0.0451187	0.0503197	0.0104522	0.00297078	0.0621228	0.0412372	0.0390545	0.0604393	0.0604393	0.0172152	0.0604393	0.0212914	0.0424894	0.0427822	0.0487638	0.0587048	0.0630729	0.0646017	0.0634478	0.100021	0.0524882	0.0443902	0.020298	0.0449524	0.0104522	0.0604963	0.0904354	0.0891083	0.0621228	0.109888	0.0401101	0.0104522	0.0455841	0.0534248	0.0630729	0.0891083	0.0524882	0.020298	0.0904354	0.000214327	0.0712258	0.0524882
30000	intercept	0.861021	0.85086	0.867502	0.829149	0.859381	0.832237	0.840107	0.84107	0.835945	0.840857	0.845593	0.855752	0.842563	0.84899	0.83832	0.863379	0.844614	0.8015	0.847902	0.844394	0.853136	0.859893	0.876153	0.832377	0.850241	0.846248	0.824793	0.838479	0.83832	0.8564	0.822686	0.852238	0.885855	0.848444	0.871361	0.856848	0.855752	0.803475	0.829149	0.835945	0.860127	0.861021	0.844171	0.844802	0.837071	0.849785	0.837674	0.855752	0.876473	0.805512	0.841259	0.847904	0.855752	0.840857	0.822686	0.836879	0.833074	0.88004	0.861951	0.859474	0.829149	0.829149	0.840857	0.850702	0.859381	0.880002	0.822686	0.86224	0.851038	0.869442	0.796352	0.845341	0.834873	0.859474	0.852238	0.876194	0.848838	0.822982	0.842904	0.840488	0.849644	0.824668	0.828897	0.829149	0.881547	0.858704	0.837674	0.8015	0.819048	0.863903	0.846731	0.822543	0.851266	0.852544	0.829149	0.857365	0.8015	0.855752	0.863557	0.85903	0.845341	0.868579	0.852238	0.850617	0.841773	0.859488	0.858471	0.841773	0.876194	0.835945	0.845769	0.842612	0.808779	0.859474	0.8564	0.873763	0.85086	0.857803	0.835945	0.865204	0.83832	0.893058	0.850065	0.83556	0.855752	0.852507	0.863903	0.850402	0.85346	0.859431	0.859	0.871736	0.840613	0.846731	0.838601	0.822032	0.866887	0.843384	0.834873	0.836274	0.85317	0.829149	0.865407	0.872419	0.829149	0.881547	0.829884	0.855349	0.868091	0.868608	0.868579	0.864842	0.853802	0.83832	0.854286	0.83832	0.866678	0.83482	0.844678	0.876473	0.849966	0.845341	0.852269	0.868091	0.851836	0.847616	0.845341	0.852238	0.841358	0.871044	0.865407	0.822686	0.868091	0.824793	0.847051	0.849785	0.846077	0.851856	0.859474	0.841773	0.868091	0.843313	0.847321	0.859381	0.841259	0.871736	0.861021	0.839574	0.850617	0.844407	0.837957	0.861021	0.829149	0.865979	0.834873	0.822982	0.881547	0.824203	0.866678	0.845374	0.847321	0.855752	0.868821	0.822982	0.859488	0.838505	0.822982	0.835578	0.845341	0.885855	0.859893	0.861021	0.844394	0.840857	0.824668	0.855752	0.855752	0.844678	0.829149	0.863078	0.842904	0.849972	0.858447	0.84907	0.859	0.855752	0.865709	0.816172	0.855752	0.835945	0.865092	0.852238	0.847907	0.844802	0.810626	0.855752	0.840857	0.855752	0.868579	0.850241	0.83972	0.852269	0.855752	0.859381	0.871736	0.861021	0.834873	0.871736	0.842961	0.8015	0.871736	0.847321	0.820861	0.8564	0.859381	0.846933	0.84899	0.847907	0.871302	0.871302	0.835945	0.867502	0.839945	0.858331	0.834873	0.871044	0.84512	0.819048	0.846731	0.852238	0.852238	0.841576	0.838494	0.882108	0.803475	0.842563	0.855752	0.829149	0.856294	0.846731	0.855752	0.853136	0.850702	0.859893	0.842904	0.846077	0.859381	0.819048	0.835945	0.852238	0.846731	0.828543	0.85346	0.847051	0.840488	0.866286	0.847907	0.843372	0.881547	0.844171	0.861021	0.83279	0.842904	0.857382	0.842563	0.845374	0.841773	0.861021	0.854695	0.857803	0.834873	0.8564	0.839574	0.784979	0.829149	0.837674	0.837682	0.859474	0.835954	0.858704	0.876473	0.803475	0.852238	0.849972	0.83759	0.844407	0.85346	0.855635	0.824668	0.842563	0.839215	0.853298	0.857803	0.840857	0.845341	0.867502	0.868091	0.833093	0.848584	0.834873	0.840857	0.852544	0.844802	0.833093	0.858447	0.855752	0.830953	0.843411	0.837071	0.870981	0.805512	0.835945	0.83279	0.871736	0.835945	0.83972	0.839411	0.832237	0.824668	0.856294	0.876194	0.876194	0.852238	0.866678	0.865709	0.858406	0.868091	0.841259	0.886244	0.871302	0.840488	0.858471	0.855247	0.834873	0.83832	0.838479	0.855752	0.829149	0.844394	0.830936	0.861951	0.855349	0.881547	0.847051	0.814097	0.863373	0.852238	0.858704	0.849198	0.891199	0.861021	0.870981	0.837682	0.858331	0.837071	0.861951	0.816172	0.881547	0.863903	0.851666
31000	slope	0.0623754	0.0524736	0.0555717	0.0177048	0.00486706	0.0511987	0.0544913	0.0820754	0.11175	0.100211	0.075803	0.0324047	0.0446686	0.0421676	0.0560452	0.0520037	0.0645611	0.0429709	0.091433	0.0423406	0.0444347	0.0520669	0.0536092	0.0639798	0.0500245	0.0437172	0.00987714	0.0614527	0.0748906	0.0445599	0.0481779	0.0609051	0.0858245	0.0977775	0.0567823	0.0741526	0.111994	0.111899	0.0792216	0.0583459	0.0508543	0.0986216	0.0976383	0.0624981	0.100211	0.0502949	0.0541682	0.0754473	0.0359112	0.0879749	0.0810705	0.0765792	0.0639798	0.0500245	0.0936575	0.0810705	0.0576473	0.0621205	0.0828849	0.0858245	0.0570621	0.110423	0.0446686	0.0187415	0.0262341	0.0576509	0.0803729	0.0567284	0.0560452	0.0392955	0.0382401	0.110423	0.0639798	0.0714694	0.0649816	0.0855368	0.0621205	0.0567284	0.0187415	0.0438382	0.0746186	0.110596	0.0489133	0.0613653	0.0720116	0.0915863	0.0541386	0.0446686	0.0649816	0.0313211	0.0489758	0.0702575	0.045228	0.0977775	0.0534498	0.0858245	0.0855368	0.0581273	0.0972117	0.0444347	0.0659004	0.0535464	0.0712738	0.00987714	0.0522346	0.0621205	0.0723399	0.0632309	0.0450976	-0.0104369	0.0347631	0.0478403	0.0500245	0.0566785	0.0392955	0.0602841	0.058828	0.0488182	0.0823959	0.0438382	0.0557872	0.0803729	-0.00877042	0.0423406	0.0115908	0.0269258	0.0443264	0.087394	0.0228719	0.0438382	0.0823959	0.087803	0.0624981	0.0536092	0.0536092	0.0500245	0.0861977	0.0542937	0.0539905	-0.00784353	0.0567823	0.0675618	0.0540768	0.0444347	0.0885313	0.0423938	0.0478368	0.0446686	0.0581273	0.0433679	0.0345617	0.0740256	0.0500245	0.0639798	0.0823959	0.0500245	0.0658678	0.0331122	0.10316	0.087803	0.0313211	0.0596196	0.0621593	0.0785073	0.0212722	0.0631013	0.0740256	0.0858245	0.0581273	0.077588	0.0828849	0.0740256	-0.00784353	0.091433	0.0421676	0.0611188	0.0723399	0.0823959	0.0608284	0.0384465	0.0740256	0.0879128	0.0445599	0.0546741	0.0576509	0.0320873	0.0714694	0.100211	0.0740256	0.0370808	0.0566785	0.0861977	0.0459146	0.0476445	0.0500245	0.110423	0.0949736	0.101609	0.0861977	0.0567823	0.0536092	0.0500245	0.0611133	0.0446686	0.0647719	0.120387	0.0370808	0.0485936	0.0596683	0.110596	0.0809918	0.0262341	0.0511987	0.0504026	0.0511987	0.0742117	0.101609	0.111078	0.131319	0.0444347	0.0651071	0.0458636	0.0564557	0.0742117	0.0536092	0.0620107	0.0445599	0.0576509	0.0508209	0.0709301	0.0508543	0.0741526	0.0262341	0.0324047	0.0740256	0.0392955	0.055283	0.0927814	0.0433679	-0.00581636	0.100211	0.047953	0.0444347	0.0262341	0.0656724	0.0609051	0.0443316	0.0508543	0.123246	0.027629	0.0257991	0.079763	-0.016277	0.111078	0.0823959	0.0347631	0.0438382	0.0504026	0.0740256	0.00486706	0.0686627	0.0262341	0.123246	-0.00784353	0.0445599	0.0784494	0.0638047	0.0444347	0.107296	0.0560452	0.100211	0.111035	0.00987714	0.0621205	0.0511987	0.0609051	0.0927814	0.0458636	0.0458636	0.0949736	0.0879128	0.131338	0.0500245	0.0567284	0.00987714	0.0484241	0.0972117	0.0828849	0.0747264	0.0937853	0.075803	0.0639798	0.0187415	0.111035	0.0244692	0.107152	0.0611188	0.0581273	0.0262341	0.0567823	0.0458663	0.100211	0.111035	0.112763	0.107152	0.0639798	0.0823959	0.0809918	0.0709301	0.0345617	0.0937853	0.106601	0.0937853	0.0567823	-0.00703243	0.0458636	0.0445599	0.0803729	0.0382401	0.0520037	0.0443316	0.0560452	0.0765792	0.0977775	0.0611188	0.055283	0.0741526	0.0639798	0.0639798	0.0929154	0.0177048	0.0609051	0.0485936	0.0740256	0.0500245	0.0788939	0.0446686	0.0513148	0.0765792	0.0500245	0.0500245	0.0823959	0.0915863	0.0115908	0.0508543	0.0709301	0.0807926	0.0313211	0.111078	0.0740256	0.0581273	0.0262341	0.057849	0.0702575	0.0588981	0.0444347	0.0353558	-0.0104369	0.0313211	0.0613653	0.0966911	0.0950375	0.0458663	0.101609	0.101609	0.0347631	0.0915863	0.0929154	0.0244692	0.00903139	0.0313211	0.0904324	0.0444347	0.0520037	0.0714694	0.0977775	0.0433679	0.0511987	0.0459146	0.0442803	0.055283	0.0228719	0.0345617	0.0370808	0.0227551	0.0520037	0.0508543	0.0636087	0.0740256	0.0703309	0.0638047	0.0341008	0.10316	0.0459146	0.0596196	0.0500245	0.0608284	0.0765792	0.0421676	0.0227551
31000	intercept	0.833562	0.825588	0.848591	0.87742	0.87742	0.849257	0.865779	0.803679	0.834904	0.850878	0.89191	0.864374	0.870794	0.860959	0.866153	0.865779	0.859539	0.843346	0.808408	0.86243	0.855213	0.833842	0.852507	0.812143	0.850891	0.839131	0.901112	0.83437	0.823941	0.891802	0.86274	0.85966	0.829502	0.797112	0.865779	0.868909	0.820392	0.817366	0.876967	0.850958	0.861766	0.816936	0.821859	0.814738	0.853363	0.854382	0.870335	0.847042	0.868585	0.841867	0.844551	0.878086	0.814738	0.857264	0.816936	0.844551	0.80859	0.863866	0.831343	0.829502	0.857318	0.814649	0.858851	0.856477	0.858528	0.845902	0.840064	0.825588	0.85124	0.840916	0.858879	0.820879	0.816305	0.81641	0.812951	0.831343	0.863866	0.825588	0.856477	0.86198	0.833392	0.820994	0.890066	0.822158	0.85396	0.820883	0.843861	0.870794	0.812951	0.844984	0.886522	0.827381	0.850163	0.812442	0.863959	0.829502	0.883002	0.856489	0.812191	0.855213	0.848561	0.837621	0.852284	0.895076	0.848254	0.851282	0.853298	0.840847	0.84861	0.895076	0.908299	0.854581	0.845186	0.865779	0.840641	0.87384	0.871316	0.865779	0.813186	0.86198	0.889537	0.840064	0.912088	0.86243	0.908299	0.895076	0.831271	0.846682	0.855213	0.85569	0.828074	0.829502	0.814738	0.863982	0.86274	0.857264	0.843767	0.854659	0.855327	0.891169	0.865779	0.835174	0.84305	0.855213	0.84854	0.881978	0.828871	0.858851	0.856489	0.868945	0.883574	0.840064	0.857264	0.814738	0.829502	0.858866	0.853771	0.87864	0.860819	0.829502	0.844984	0.852567	0.86996	0.831343	0.854103	0.854773	0.840064	0.835368	0.856489	0.843767	0.831343	0.840064	0.891169	0.808408	0.860959	0.841778	0.853298	0.829502	0.861532	0.860171	0.825743	0.835515	0.880629	0.875145	0.845902	0.874705	0.81641	0.846035	0.840064	0.839238	0.865779	0.843767	0.878266	0.858489	0.837621	0.820879	0.830264	0.831343	0.843767	0.865779	0.852507	0.850891	0.866117	0.860959	0.885874	0.820879	0.831271	0.864943	0.862444	0.820994	0.822482	0.856477	0.849257	0.876992	0.849257	0.829502	0.831343	0.83701	0.82373	0.852355	0.82275	0.844984	0.881184	0.829502	0.86274	0.863866	0.891802	0.845902	0.879246	0.831343	0.861766	0.855752	0.856477	0.864374	0.825743	0.840641	0.894158	0.864744	0.868945	0.908299	0.846035	0.857851	0.855213	0.858528	0.824046	0.85966	0.882728	0.844545	0.813853	0.890256	0.908299	0.827381	0.88018	0.836477	0.829502	0.908299	0.86198	0.87143	0.827673	0.87742	0.825743	0.861207	0.813853	0.891169	0.880629	0.866297	0.85396	0.862065	0.831343	0.866153	0.846035	0.813853	0.893247	0.854552	0.849257	0.85966	0.864744	0.842894	0.824288	0.830264	0.832584	0.82373	0.828996	0.825588	0.895076	0.852413	0.812191	0.831343	0.829502	0.795523	0.89191	0.814738	0.856477	0.806992	0.869715	0.822325	0.841778	0.856489	0.858528	0.873994	0.87864	0.853363	0.813853	0.820879	0.819075	0.812143	0.813186	0.822953	0.831343	0.883574	0.795523	0.843767	0.795523	0.865779	0.905765	0.824288	0.880629	0.839799	0.858879	0.865779	0.882728	0.864943	0.878086	0.812442	0.825588	0.880631	0.868909	0.812143	0.812143	0.813358	0.87742	0.85966	0.864943	0.840064	0.857264	0.835288	0.858851	0.802441	0.878086	0.857264	0.837621	0.829502	0.833545	0.908299	0.861766	0.831343	0.824288	0.844984	0.842981	0.840064	0.85985	0.851635	0.841973	0.827381	0.850383	0.855213	0.878266	0.895076	0.844984	0.822158	0.837752	0.813358	0.87864	0.831343	0.831343	0.908299	0.820883	0.801525	0.869715	0.895076	0.844984	0.830264	0.855213	0.85077	0.81641	0.797112	0.868945	0.843739	0.878266	0.856652	0.880631	0.848407	0.883574	0.831271	0.869715	0.85077	0.861766	0.828871	0.825743	0.892114	0.85396	0.870794	0.860819	0.878266	0.852567	0.857264	0.869204	0.878086	0.873674	0.869715
32000	slope	0.0616181	-0.00958834	0.0217929	0.0359442	0.0301174	0.0592427	0.0648132	0.11722	0.0782543	0.0658436	0.0485906	0.0217929	0.083886	0.0390183	0.0925602	0.0291172	-0.0209584	0.00385186	0.0660348	0.0312689	0.0359442	0.0311842	0.0848412	0.0474797	0.0855217	0.0474797	0.0474797	0.0220759	-0.00958834	0.106888	0.0904918	0.0449463	0.0649353	0.022599	0.0311226	0.0735788	0.054849	0.0240055	0.0713524	0.0399687	0.0272383	0.0872238	0.0220759	0.108683	0.04496	0.116141	0.0872144	0.0406968	0.101706	0.0302115	0.0220759	0.0442947	0.0941189	-0.0123332	0.0896634	0.0437803	0.0289018	0.0390183	0.0959673	-0.0318282	0.088768	0.0896318	0.0867145	-0.00570062	0.0279225	0.0326164	0.0660606	0.101706	0.068774	0.0615208	0.101706	0.0392124	0.0872238	0.0941189	0.0941189	0.0260969	0.0508356	-0.0318282	-0.0209584	0.0661007	-0.00958834	0.0589738	0.0646538	0.0747795	0.0309852	0.047158	0.00373723	0.0404495	0.0467895	0.0821123	0.0474797	0.0208473	0.00373723	0.00385186	0.0272383	0.0618555	0.0245924	0.0245924	0.0220759	0.0508704	0.0586311	0.103529	0.0221899	0.0611241	0.0495058	0.0260969	0.0318472	0.0392124	0.0326164	0.0967702	0.047158	0.025527	0.0309133	-0.0209584	0.114066	0.00141791	0.058621	0.0791925	0.00526206	0.106888	0.0385025	0.0691112	0.012756	0.054849	0.083886	0.00373723	0.0944117	0.0311226	0.018569	0.0922833	0.0365933	0.0593814	0.0279225	0.0276102	0.00385186	0.0660348	0.0661007	0.0279225	0.0778362	0.0244616	0.0967702	0.0467895	0.0182238	0.0543466	0.071276	0.0260969	0.0649418	0.0774343	-0.00433382	0.0218939	0.0661007	0.0872238	0.0140845	0.0395288	0.0392124	0.0464634	0.0692247	-0.00958834	0.049956	0.0941189	0.0944651	0.0997242	0.047158	0.0156628	0.0896318	0.106498	0.0467895	0.0421121	0.0220759	0.017414	0.0619209	0.088768	0.0350254	0.0191794	0.0464634	0.0399687	0.0856518	0.054849	0.060974	0.0646538	0.0940469	0.101849	0.0827343	0.0260969	0.0474797	0.0404495	0.0489854	0.0872238	0.108683	3.47188e-05	0.0649418	0.0667441	0.069353	0.0872144	0.0404495	-0.0060264	0.0552611	0.0571293	0.0383743	0.0474797	0.108683	0.0359442	0.0649418	0.0922833	0.0156628	0.0686807	0.113222	0.0661007	0.0769897	0.0359442	0.0896318	0.00343613	0.0335333	0.0660348	0.0390183	0.0876662	0.0586311	0.0872144	0.068774	0.0319509	0.059384	0.0474797	0.0392124	0.054849	0.0220759	0.0339042	0.0371495	0.059384	0.022599	0.103563	0.025641	0.101706	0.0872238	0.0872144	0.00373723	0.060974	0.0896318	0.0661007	0.00141791	0.0309852	0.0217929	-0.00958834	0.101706	0.0156628	0.00373723	0.0967702	0.0678441	0.0896318	0.0461934	0.0220759	0.113222	0.0660348	0.0165384	0.0260969	0.0540838	-0.00433382	0.0483728	0.103563	0.0796008	0.083886	0.0189359	0.0474797	0.110143	0.0996724	0.0872238	0.0778362	0.0220541	0.0678441	0.0834958	0.0782543	0.0335333	0.0543466	0.0220759	0.0678441	0.0528163	0.0821123	0.0467895	0.0552611	0.108683	-0.0318282	0.0390183	0.0661007	0.0359442	0.0922833	-0.00871409	0.0967702	0.00385186	0.0941189	0.0483728	0.0350254	0.00385186	0.0140845	0.0260969	0.11722	0.0896318	0.0649418	0.0896318	0.0834958	0.0390183	0.0483728	0.0245924	0.0217929	-0.00958834	0.0896318	0.110143	0.0896318	0.0796008	0.0778362	0.0404495	0.0887201	0.0872144	0.0700954	0.0220759	0.0471384	0.0140845	0.0855217	0.0442947	0.0220759	0.0695939	0.072746	0.0586311	-0.0318282	0.0872238	0.0220759	0.0694494	0.0359442	0.0686807	0.083886	0.100696	0.0245924	0.0474797	0.0156628	0.0189359	0.0586311	0.0661007	0.101706	0.0392124	0.0350254	0.00373723	-0.0121123	0.0552611	0.0660532	0.0312615	0.0350254	0.0660606	0.0985579	0.0646264	0.0872144	0.0896634	0.0404495	0.0660348	0.0537102	0.0523514	0.101706	0.102069	0.0392124	0.0326164	-0.0116542	0.00373723	0.0661007	0.0834958	0.0896318	0.00122144	0.0778362	0.0661007	0.0232882	0.0220759	0.0782543	0.0569008	0.0748458	0.0487499	0.0421121	0.0941189	0.0312615	0.0661007	0.00373723	0.0540838	0.0678441	0.0474797	0.0597015	0.0260969	0.0474797	0.02078	0.0311226	0.0618555	0.0293121	0.0347685	0.0594882	0.054849	0.0678441	0.101706	0.0586311	0.0404495	0.0421742	0.0312689	0.0887201	0.00385186	0.0896634	0.0678441	0.072746
32000	intercept	0.817277	0.878285	0.89966	0.863939	0.847948	0.853427	0.859347	0.835766	0.822947	0.817277	0.856767	0.90385	0.821672	0.869633	0.782945	0.877515	0.878285	0.898217	0.857014	0.857253	0.869622	0.874817	0.85894	0.833445	0.803085	0.821748	0.844485	0.89209	0.878285	0.811726	0.837953	0.878788	0.854579	0.871497	0.871216	0.853427	0.826162	0.875559	0.834848	0.860719	0.880847	0.83442	0.882641	0.83442	0.858746	0.855324	0.812955	0.852116	0.820446	0.854568	0.882641	0.833445	0.851685	0.896617	0.83442	0.863939	0.849994	0.870975	0.831895	0.863254	0.83442	0.830459	0.830459	0.887047	0.872299	0.863939	0.803911	0.820446	0.85936	0.827426	0.820446	0.856721	0.83442	0.851685	0.847323	0.861315	0.853409	0.889757	0.896617	0.853923	0.878285	0.815994	0.853427	0.812752	0.87037	0.862852	0.890275	0.866301	0.871216	0.84533	0.815994	0.857018	0.886371	0.90416	0.875677	0.827426	0.904786	0.904786	0.882641	0.858969	0.85936	0.851685	0.873064	0.842806	0.870975	0.867009	0.867009	0.856721	0.863939	0.83804	0.862852	0.900967	0.876334	0.881472	0.850758	0.879902	0.850717	0.850873	0.875223	0.811726	0.866076	0.846513	0.891317	0.84821	0.821672	0.890275	0.82296	0.871216	0.848345	0.837005	0.854534	0.877162	0.881692	0.870975	0.898217	0.857014	0.827168	0.881692	0.856767	0.87371	0.840107	0.871216	0.889109	0.864033	0.850873	0.861315	0.838016	0.844172	0.884293	0.83875	0.832694	0.830516	0.843061	0.868334	0.867009	0.863839	0.857812	0.873348	0.862299	0.851685	0.827433	0.797336	0.862852	0.884913	0.821672	0.851685	0.871216	0.870975	0.882641	0.882641	0.859415	0.83442	0.853951	0.867009	0.863839	0.866313	0.85172	0.818617	0.854944	0.84471	0.851685	0.836215	0.830377	0.867009	0.824493	0.866301	0.87128	0.837953	0.83442	0.888838	0.838016	0.867877	0.850873	0.837807	0.870049	0.888838	0.867877	0.844978	0.870975	0.84085	0.83442	0.870118	0.842591	0.822947	0.884913	0.864033	0.840979	0.84951	0.868118	0.88877	0.830459	0.899993	0.864024	0.871067	0.870975	0.83442	0.85936	0.837807	0.85936	0.863939	0.864033	0.821748	0.856721	0.833212	0.865219	0.870975	0.854389	0.864033	0.871497	0.855588	0.864855	0.817961	0.83442	0.812955	0.886371	0.854944	0.837912	0.84951	0.889502	0.87037	0.91355	0.878285	0.820446	0.884913	0.886371	0.849137	0.850873	0.836259	0.833445	0.89209	0.840979	0.857014	0.845244	0.867009	0.867673	0.884293	0.839758	0.853754	0.855686	0.825316	0.904982	0.833445	0.841784	0.83442	0.849805	0.841958	0.895185	0.850873	0.83442	0.828665	0.864024	0.854389	0.882641	0.850873	0.867963	0.84533	0.871216	0.867877	0.83442	0.878285	0.870975	0.84951	0.870118	0.822947	0.890782	0.840107	0.898217	0.85894	0.839758	0.86267	0.898217	0.843061	0.867009	0.835766	0.830459	0.838016	0.830459	0.825158	0.870975	0.839758	0.904786	0.89966	0.878285	0.830459	0.841784	0.830459	0.851685	0.841958	0.866301	0.782945	0.835024	0.865849	0.882641	0.858969	0.843061	0.803085	0.833445	0.873873	0.84951	0.84951	0.866963	0.878285	0.83442	0.882641	0.817277	0.88518	0.864033	0.821672	0.80259	0.904786	0.821748	0.884913	0.89966	0.852487	0.84951	0.817961	0.867009	0.86267	0.886371	0.878285	0.867877	0.876133	0.898217	0.86267	0.803911	0.83442	0.867088	0.812955	0.83442	0.866301	0.857014	0.826298	0.826298	0.817961	0.848929	0.856721	0.863939	0.886371	0.877253	0.845368	0.825158	0.821672	0.89004	0.856767	0.853923	0.859069	0.873873	0.822947	0.862852	0.850873	0.893382	0.870975	0.851685	0.898217	0.832694	0.888825	0.867673	0.850873	0.824493	0.862101	0.867009	0.815994	0.884913	0.871216	0.827426	0.855831	0.824493	0.872571	0.846956	0.850873	0.817961	0.865051	0.866301	0.8719	0.857253	0.782945	0.898217	0.83442	0.850873	0.84951
33000	slope	0.0932208	0.0815056	0.124713	0.000592344	0.0932208	0.0926136	0.0769172	0.0902491	0.0683951	0.0699218	0.0486146	0.0822084	0.00293235	0.0770041	0.0987488	0.0699553	0.0573015	0.0894985	0.0714297	0.0952833	0.0312344	0.115099	0.0863057	0.0907945	0.0327422	0.115889	0.0593034	0.0771543	0.0699553	0.081891	0.0760027	0.0778054	0.0733804	0.0789469	0.0331418	0.092049	0.0834238	0.066042	0.0142798	0.0954387	0.0973882	0.0264655	0.0564111	0.0634742	0.00293235	0.0357074	0.0952833	0.083097	0.0715851	0.0707335	0.0656621	0.068718	-0.046513	0.0433981	0.081891	0.0585421	0.0327422	0.0778317	0.050684	0.012399	0.0478716	0.0550698	0.115889	0.0421869	-0.046513	0.0987488	0.0643859	0.0072796	0.0550698	0.0072796	0.0552235	0.00373367	0.0987488	0.0550698	0.092049	0.0753923	0.0264655	0.0593034	0.0760027	0.013523	0.100192	0.0586047	0.0101602	-0.0104168	0.0452836	0.00379569	0.081891	0.0057833	0.0803597	0.076243	-0.00305888	0.106094	0.0770936	0.0778317	0.136421	0.0327422	0.115099	0.0381505	-0.0170099	0.100312	0.0687399	0.0871326	0.0770936	0.0457336	0.0699218	0.0760027	0.0806467	0.0771543	0.0672905	0.0664011	0.0688694	0.0770936	0.0907477	0.0687399	0.0197233	0.0804038	0.102998	0.0746629	0.0772232	0.092049	0.092049	0.0760027	0.0915555	0.00373367	0.102163	0.0072796	0.0601753	0.0818737	0.081891	0.0803597	0.100312	0.0664011	0.0327422	0.081891	0.091887	0.0209956	0.0421869	0.0641353	0.0926136	0.0691727	0.0685665	0.0770936	0.0803597	0.0327422	0.0688694	0.029191	0.0585421	0.0770041	0.100312	0.100312	0.00789234	-0.0128995	0.0931963	0.0606433	0.0929165	0.0593034	0.0778317	0.0483652	0.112459	-8.34651e-06	0.0270681	0.0484772	0.100312	0.0952833	0.0822084	0.0845498	0.0760027	0.0428433	0.0794786	0.0606433	0.0688694	0.100312	0.0428433	0.0669358	0.0605004	0.102079	0.0324624	0.092049	0.0586047	-0.0322441	0.0072796	0.0744901	0.0959767	0.08556	0.102163	0.0938059	0.0849996	0.0550698	0.0915555	0.06137	0.0811441	0.0290653	0.000592344	0.123719	0.0804948	0.0829379	0.0467423	0.0987488	0.0550698	0.00373367	0.0652483	0.0910021	0.0605004	0.0858609	0.0926136	-0.00305888	0.0942621	0.091887	-0.00305888	0.0688694	0.076243	0.0634742	0.0762657	0.0804038	0.0641353	0.0974864	0.0457336	0.0746338	-0.000177249	0.0778317	0.0433981	0.081891	0.0340327	0.0932208	0.0888474	0.0583904	0.0637383	0.0869164	0.0658019	0.0457316	0.106249	0.0931584	0.0863057	0.0738774	0.091887	0.0688694	0.0862691	0.115099	0.081891	0.076243	0.0072796	0.092049	0.0803597	0.0605004	0.0641353	0.10081	0.0550698	0.0778317	0.0833454	0.0926136	0.0770936	0.0662341	-8.34651e-06	0.0264655	0.0659999	0.0888474	0.0944927	0.0668429	0.0770936	0.0381505	0.081891	0.012399	0.0760027	0.0381505	0.0688694	0.0804038	0.0884836	0.081891	0.081891	-0.0170099	0.0597057	-0.00684192	0.0590491	0.00379569	0.0072796	0.0708228	0.0406993	0.106094	0.0270681	0.0778054	0.076243	0.0688694	0.100312	-0.00979086	0.00373367	0.091887	0.081891	0.0586047	0.012399	0.0829379	0.0987488	0.100312	0.0822084	0.100312	0.00789234	-0.00305888	-8.34651e-06	0.0926136	0.0778054	0.0632174	0.105328	0.0755273	0.0632174	0.0594701	-0.00540748	0.0131347	0.0738872	0.0829379	0.0452836	0.0327422	0.00293235	0.0760027	0.0641353	0.0620594	0.0632174	0.081891	0.0550698	0.0632174	0.0845498	0.0240552	0.100192	-0.00305888	0.0714297	-0.0505737	0.081891	0.00373367	0.145439	0.081891	0.0585421	0.0754719	0.081891	0.0846356	0.0708228	0.081891	0.0824222	0.0915555	0.0664539	-0.0160218	0.0699553	0.0845498	0.124713	0.0700856	0.0746629	0.00487569	0.0605004	0.0952833	0.0765112	-8.34651e-06	0.100312	0.0641353	0.0981349	0.0683951	0.0688694	0.0863057	0.0974955	0.0857519	0.0122027	0.102163	0.0664011	0.0641353	0.0279736	0.0849996	0.100312	0.0452836	0.0987488	0.091887	0.081891	0.0327422	0.0816096	0.100312	0.0786847	0.102163	0.00245769	0.00379569	0.100312	0.100312	0.0926136	0.0687399	0.0632174	0.0605004	-0.000167517	0.0457336	0.0072796	0.0688694	0.0327422	0.0806467	0.101404	0.0594701	0.082456	-0.00305888	0.0987488	0.0665324	0.081891	0.0682964	0.0431531	0.0959767	0.0552235	0.0846356	0.0605004	0.0743199
33000	intercept	0.843652	0.848357	0.810568	0.892573	0.843652	0.81404	0.850969	0.81404	0.837993	0.872231	0.823921	0.851037	0.892923	0.809217	0.814442	0.879409	0.859628	0.826249	0.822074	0.835694	0.879582	0.844092	0.834599	0.839042	0.863267	0.806076	0.862932	0.840696	0.879409	0.833494	0.857468	0.855539	0.856908	0.84066	0.895723	0.844117	0.823112	0.850903	0.861241	0.82172	0.824616	0.861604	0.879847	0.846551	0.892923	0.845519	0.831719	0.828551	0.842345	0.830188	0.857573	0.845719	0.908539	0.801414	0.832994	0.851509	0.863267	0.850903	0.861131	0.882867	0.861144	0.864557	0.791595	0.827174	0.908539	0.814442	0.845458	0.873391	0.870878	0.888445	0.82503	0.890664	0.814442	0.864557	0.844117	0.836735	0.86468	0.858177	0.840302	0.882867	0.835219	0.870898	0.882867	0.909417	0.850841	0.860523	0.832994	0.913288	0.851037	0.845233	0.83363	0.803143	0.85306	0.850903	0.794854	0.863267	0.840735	0.854855	0.900413	0.819076	0.832994	0.814442	0.841509	0.875152	0.880175	0.851036	0.862401	0.826253	0.850803	0.852885	0.846101	0.841509	0.836017	0.832994	0.872572	0.830743	0.807028	0.850716	0.845419	0.850936	0.844117	0.857468	0.858752	0.890664	0.850612	0.888445	0.855687	0.843055	0.835208	0.856977	0.809898	0.852885	0.863267	0.840475	0.814442	0.874511	0.827174	0.834924	0.827078	0.861144	0.874149	0.849295	0.86093	0.863267	0.846101	0.862195	0.851509	0.809217	0.809898	0.808757	0.884124	0.899777	0.814442	0.82503	0.835462	0.858177	0.850903	0.841331	0.869875	0.866922	0.854855	0.870857	0.809898	0.835694	0.851037	0.814968	0.857468	0.845404	0.858752	0.82503	0.846101	0.819076	0.849633	0.840742	0.857864	0.835219	0.898764	0.850936	0.870898	0.900413	0.888445	0.840569	0.804164	0.823217	0.850612	0.82699	0.844649	0.864557	0.858752	0.85582	0.846483	0.883319	0.892573	0.840735	0.823217	0.845868	0.849876	0.814442	0.864557	0.890664	0.870898	0.850936	0.878158	0.850622	0.81404	0.845961	0.835694	0.814442	0.849701	0.846101	0.851711	0.846551	0.858752	0.830743	0.840742	0.82699	0.870898	0.835208	0.900268	0.850903	0.801414	0.831998	0.863569	0.851049	0.830709	0.857468	0.851509	0.830052	0.855952	0.893748	0.819076	0.855971	0.834599	0.828405	0.814442	0.848357	0.850936	0.838711	0.840475	0.850936	0.873391	0.850936	0.86093	0.857864	0.8524	0.814442	0.864557	0.850903	0.818571	0.81404	0.841509	0.843081	0.866922	0.861902	0.868228	0.830709	0.812347	0.843081	0.85306	0.854855	0.832994	0.882867	0.873053	0.854855	0.848357	0.830743	0.851037	0.840674	0.832994	0.907809	0.896207	0.892573	0.821056	0.864058	0.873391	0.835096	0.857804	0.803143	0.854855	0.824185	0.851711	0.846101	0.819076	0.900413	0.890664	0.814442	0.830284	0.870898	0.882867	0.845868	0.813919	0.790587	0.842054	0.819076	0.884124	0.845961	0.866922	0.819284	0.845202	0.852416	0.808757	0.836734	0.867408	0.852885	0.892573	0.91256	0.807777	0.845868	0.850841	0.863267	0.892923	0.851036	0.864023	0.861488	0.867408	0.840475	0.864557	0.867408	0.814968	0.876521	0.835219	0.845961	0.822074	0.90639	0.82511	0.890664	0.786715	0.830284	0.851509	0.832994	0.832994	0.832994	0.835096	0.831998	0.818571	0.858752	0.843081	0.892573	0.879409	0.814968	0.810568	0.845233	0.852885	0.873906	0.878158	0.831719	0.86269	0.866922	0.809898	0.840742	0.835694	0.837993	0.846101	0.834599	0.823801	0.807777	0.872572	0.850612	0.852885	0.84656	0.855163	0.844649	0.819076	0.850841	0.813919	0.814442	0.832994	0.861186	0.835208	0.819076	0.833423	0.850612	0.873391	0.864058	0.819076	0.809898	0.827078	0.832994	0.867408	0.878158	0.886109	0.870898	0.873391	0.846101	0.863267	0.858024	0.822452	0.852885	0.852885	0.845961	0.814442	0.86269	0.832994	0.852852	0.860332	0.804164	0.82503	0.832994	0.857864	0.798122
34000	slope	0.0670737	0.041626	0.0594631	0.0845874	0.0550016	0.0365245	0.113727	0.0594631	0.115912	0.0764966	0.00594174	0.103796	0.0301398	0.0845874	0.0644396	0.0291099	0.0680874	0.0729362	0.110201	0.064306	0.09796	0.0605297	0.0729362	0.0639766	0.0909721	-0.0436821	0.0863925	0.0433537	0.0349615	0.0645109	0.00436508	0.106185	0.0535951	0.0826223	0.0501085	0.0914191	0.0706255	0.0568295	0.0680874	0.0303876	-0.0300717	0.0978245	0.0729362	0.0354133	-0.037953	-0.0319208	0.0729362	0.0594631	0.0324679	0.114263	0.0550016	0.108895	-0.0391939	0.0363448	0.0299357	0.0729362	0.0423021	0.0902914	0.105934	0.0374179	0.0400435	0.109931	0.0764966	0.103796	-0.00166868	0.0572811	0.0659875	-0.0300717	0.0573016	0.0455133	0.0729362	0.0680874	0.0263333	-0.0070081	-0.0220106	0.0729362	0.0235446	-0.0319208	0.0670737	0.108895	0.0536149	0.109931	0.0533601	0.084889	0.0301398	0.0744907	-0.00629664	0.115912	0.108895	0.0269475	0.0729362	0.0630811	0.0729362	0.0767251	0.0168086	0.0746101	0.115912	0.0827747	0.0886839	-0.0070081	0.0807658	0.0476113	0.10255	0.0354133	0.0550171	0.0269475	0.0237762	0.084889	0.0900114	0.0993933	0.0244302	0.0545271	0.0746101	-0.00389323	0.0287462	0.0659332	0.0670737	0.112901	0.0841375	-0.00594196	0.0902661	0.0927018	0.0703646	0.084889	0.0452126	0.0632101	0.0589271	0.0659332	-0.00631035	0.0914191	0.0730488	0.0988092	0.0352773	0.0830186	0.115912	0.0978245	0.0680874	0.0349615	0.0476113	0.0664072	0.0729362	0.0378919	-0.0186881	0.0476113	-0.0300717	0.109931	0.0845874	0.115912	0.00165113	0.0374179	0.0542393	0.0680874	0.0423021	0.0729362	0.0988092	0.0744907	0.0630573	0.0729362	0.0518223	-0.0319208	0.0948799	0.097058	0.00967208	0.0712574	0.0564708	0.112901	0.0789532	0.08223	0.0349615	0.0729362	0.0794732	0.118217	0.0729362	0.00618174	0.0799557	0.0712559	0.0941841	0.0618395	0.0658774	0.0455133	0.0747705	0.109796	0.0680874	0.044813	0.0481877	0.0395175	0.0374179	0.0303876	0.0618395	0.0972592	0.0607853	0.0729362	0.108895	0.0659332	0.0136201	0.0794003	0.0630811	-0.0300717	0.0909721	-0.0300717	0.064306	0.0434882	0.0845874	0.110201	0.0455133	0.0688437	0.0645109	0.0817709	-0.00882177	-0.00882177	0.0729362	0.0244302	0.0717483	0.096101	0.0424389	0.0729362	0.0629652	0.041626	-0.0070081	0.114263	0.115912	0.086285	0.109931	0.084889	0.0918623	-0.00631035	0.113727	0.108895	0.0953389	0.0693323	0.115912	0.103796	0.0518223	0.10255	0.0579245	0.0788449	0.0670737	0.108895	-0.037953	0.0476113	-0.0319208	0.0741453	0.0374179	0.0424389	0.0579245	0.00618174	0.042787	0.0909721	0.0349615	0.0988319	0.0764966	0.0836333	0.0962557	0.0765973	-0.0319208	0.0729362	0.0579245	0.0291099	0.0794732	0.0670737	0.0909966	0.0357336	0.0670737	-0.0300717	0.0746101	0.0659332	0.0594631	0.0744907	-0.0300717	0.0518223	0.0729362	0.0729362	0.0962557	0.042787	0.0594631	0.0659332	0.115912	0.0845874	0.0567671	0.0830186	-0.0319208	0.0761758	0.0594631	0.0269475	0.0828026	0.0729362	0.0724228	0.0518223	0.0817709	0.113727	0.0729362	0.113727	0.0742103	0.10255	0.0452126	-0.0186881	0.0837125	0.0102475	0.0605407	0.0630811	-0.037953	0.0988319	0.112901	0.0931317	0.084889	-0.0427048	0.0988092	0.0269475	0.0817709	0.0594631	0.103796	0.0395175	0.0632101	0.0433537	0.00436508	0.0952064	0.0470308	0.0764966	0.0354133	0.112008	0.0729362	0.0988319	0.0568295	0.0432958	0.0455133	0.0845874	0.0729362	0.0568295	0.0978245	0.0594631	-0.0300717	0.0851454	-0.0300717	0.0476113	-0.0298723	0.0261578	0.0417797	0.00618174	0.0699764	0.0693323	-0.0319208	0.0746101	0.0472641	0.0703646	0.115912	0.103796	0.113727	0.0455133	0.0354133	-0.0214123	-0.00594196	0.0594631	0.0914191	0.113727	0.0845874	-0.0300717	0.041626	0.109931	0.0365245	0.0395175	0.10255	0.0594631	0.0729362	0.0684674	0.052423	0.0424389	0.0791575	0.0518223	0.0914191	0.0476113	-0.0300717	0.0836333	-0.037953	0.0932712	0.042787	0.0914191	-0.0319208	0.0568295	0.0222328	0.0862601	0.0729362	0.114263	0.0433537	0.0365245	0.0744907	0.059161	0.0729362	0.103796	0.0349615	0.0678351	0.0830186	0.0830186	0.042787	0.115912	0.0623021	0.0433537	0.0898514	0.0365245	0.114263	0.097058
34000	intercept	0.851293	0.858953	0.827152	0.863499	0.872902	0.849045	0.804718	0.839519	0.797182	0.850951	0.869094	0.82734	0.854901	0.847806	0.827035	0.83348	0.825519	0.84478	0.828586	0.858341	0.835328	0.84368	0.84478	0.844734	0.821328	0.887735	0.854752	0.898458	0.851588	0.85924	0.870033	0.825207	0.846795	0.853477	0.860032	0.851779	0.855076	0.816699	0.827035	0.845017	0.88578	0.841244	0.84478	0.859357	0.887735	0.9034	0.84494	0.839519	0.84853	0.833974	0.863414	0.813597	0.894235	0.850209	0.8582	0.84478	0.8554	0.84478	0.8258	0.859357	0.859442	0.849869	0.850951	0.827259	0.870033	0.851947	0.836977	0.894235	0.858341	0.841235	0.84478	0.827035	0.872785	0.871581	0.894235	0.84478	0.828515	0.887731	0.827735	0.813597	0.846655	0.834551	0.841235	0.841808	0.854901	0.847762	0.909336	0.780595	0.813597	0.859357	0.84478	0.823675	0.84494	0.879019	0.870502	0.83164	0.804988	0.838977	0.826865	0.876306	0.839945	0.8527	0.853065	0.855229	0.85924	0.859357	0.869966	0.83349	0.823897	0.827259	0.883194	0.859762	0.83164	0.883137	0.86546	0.875908	0.851293	0.835996	0.843899	0.862188	0.856427	0.819617	0.83164	0.841808	0.867609	0.837029	0.83627	0.875908	0.909336	0.851779	0.84137	0.82734	0.852926	0.83466	0.804988	0.841244	0.827035	0.85121	0.8527	0.838178	0.84478	0.840527	0.876649	0.8527	0.892564	0.849869	0.860166	0.804988	0.872472	0.859357	0.846644	0.808537	0.8554	0.858656	0.82734	0.847762	0.847703	0.84478	0.864356	0.894024	0.824852	0.822447	0.884223	0.860667	0.855736	0.853976	0.83349	0.856628	0.851588	0.841503	0.836531	0.806859	0.84478	0.854901	0.839652	0.856427	0.825064	0.838235	0.836794	0.841235	0.845498	0.832827	0.808537	0.84741	0.827035	0.834788	0.859357	0.845017	0.838235	0.848838	0.875908	0.833913	0.813597	0.875908	0.882144	0.841525	0.83164	0.88578	0.821328	0.902417	0.858341	0.847191	0.844116	0.828586	0.841235	0.839519	0.85924	0.851293	0.876649	0.876649	0.838827	0.883194	0.833094	0.824007	0.873841	0.84494	0.852053	0.858953	0.871581	0.833974	0.780595	0.833315	0.824007	0.835096	0.83842	0.899926	0.826011	0.813597	0.843018	0.837303	0.804988	0.829784	0.850851	0.853065	0.852053	0.837029	0.851293	0.813597	0.887735	0.8527	0.9034	0.852053	0.85384	0.837583	0.845606	0.854901	0.864356	0.821328	0.851588	0.829621	0.858743	0.849897	0.830964	0.879019	0.9034	0.84478	0.852232	0.83348	0.839945	0.84478	0.839945	0.831974	0.827735	0.894235	0.83164	0.861073	0.857683	0.845962	0.879732	0.864356	0.84494	0.84478	0.839945	0.864356	0.860032	0.875908	0.80908	0.860166	0.883976	0.83466	0.894024	0.858953	0.857107	0.859357	0.844289	0.84478	0.852409	0.86588	0.851293	0.813597	0.84478	0.804172	0.853477	0.853065	0.867609	0.876649	0.846374	0.883194	0.854567	0.823675	0.887735	0.821328	0.835996	0.823897	0.841808	0.887735	0.82734	0.859357	0.833999	0.827152	0.827259	0.834788	0.829734	0.898458	0.857853	0.861507	0.850776	0.850951	0.859357	0.824861	0.84478	0.821328	0.813121	0.859872	0.829989	0.849721	0.84478	0.816699	0.841244	0.860032	0.894235	0.843018	0.894235	0.8527	0.9034	0.858107	0.841235	0.854901	0.852053	0.837303	0.9034	0.83164	0.834258	0.83164	0.804988	0.82734	0.804172	0.841235	0.859357	0.890219	0.862188	0.827152	0.846834	0.798389	0.847806	0.894235	0.858953	0.824007	0.84702	0.834788	0.853065	0.860032	0.860694	0.852409	0.838861	0.864356	0.845498	0.864356	0.858843	0.8527	0.902417	0.858476	0.887735	0.836531	0.86191	0.868298	0.9034	0.813121	0.843169	0.802285	0.84478	0.833974	0.903544	0.849045	0.855076	0.860888	0.84478	0.827259	0.851588	0.839945	0.83466	0.83466	0.864356	0.804988	0.852409	0.898458	0.858843	0.849045	0.834631	0.822447
35000	slope	0.0877757	0.0301222	0.0272349	0.0484602	0.0529402	0.0669605	0.0556633	0.0874509	0.0721015	0.0535852	0.116142	0.0662428	0.0428689	0.137084	0.0358073	0.0662428	0.0573642	0.0619679	0.0662428	0.0628961	0.0569045	0.0963332	0.0514043	0.0575124	0.0535852	0.0578253	0.0350458	0.0658581	0.0484013	0.0455577	0.0474456	0.0558903	0.0471426	0.0613338	0.0675375	0.0301222	0.0649819	0.0784636	0.0890909	0.0705048	0.0529696	0.0436803	0.0556633	0.0809736	0.0472762	0.0695348	0.106681	0.0484013	0.0726006	0.0695348	0.0636047	0.0528913	0.0883078	0.0744721	0.0529402	0.0719521	0.0391419	0.0662428	0.0484013	0.0455869	0.0535852	0.0350458	0.103972	0.0535852	0.0535427	0.0303544	0.0711488	0.0535071	0.0726931	0.0534356	0.0675375	0.0686856	0.0604696	0.0675375	0.0445452	0.0474456	0.102892	0.116142	0.0705462	0.0550049	0.0514043	0.0663153	0.0662428	0.0726931	0.0587978	0.0514043	0.0763178	0.116142	0.0563984	0.103683	0.0594089	0.0385687	0.0245039	0.0484602	0.0534356	0.0642712	0.0636047	0.0272349	0.0376356	0.0923297	0.0448732	0.0722296	0.0535852	0.0572623	0.0271122	0.0970678	0.0578253	0.0434985	0.0642712	0.0846596	0.0964073	0.0514043	0.0563105	0.0499446	0.109551	0.0567705	0.080729	0.0721385	0.0686856	0.0980829	0.0503017	0.0594089	0.0883078	0.0750037	0.0535852	0.051291	0.0675375	0.0264235	0.0695348	0.0642186	0.0525142	0.055896	0.0391769	0.0954092	0.0675375	0.0272349	0.0530069	0.0436803	0.116142	0.0605736	0.0557161	0.089874	0.0420399	0.0528913	0.0729575	0.0630323	0.108274	0.0456702	0.0980829	0.0726105	0.0300406	0.0525142	0.0273091	0.0634082	0.0663153	0.0718903	0.0580103	0.0650698	0.0436803	0.0455869	0.0870672	0.0493348	0.0635056	0.036575	0.04565	0.0908317	0.0653393	0.0605736	0.0557797	0.0436803	0.0702719	0.0605736	0.0272349	0.0639412	0.0691848	0.0352222	0.0489188	0.089874	0.0514043	0.0662428	0.0976896	0.0427142	0.0546813	0.0563984	0.0883078	0.0505876	0.0491464	0.0547913	0.0842181	0.0672069	0.0635396	0.0556633	0.0595408	0.0449401	0.0662428	0.0535852	0.080729	0.0635396	0.0436803	0.0605736	0.0488252	0.0325449	0.0974359	0.0663153	0.0605736	0.0493348	0.0535852	0.0427142	0.0650698	0.0383264	0.0982309	0.0695355	0.116142	0.0662428	0.0385687	0.0695348	0.0248786	0.0491464	0.0591301	0.0529402	0.0719521	0.0974359	0.0605736	0.0923297	0.089874	0.0578253	0.0575124	0.035865	0.0734043	0.0502581	0.0535852	0.0474456	0.0534356	0.0434521	0.0514043	0.115755	0.049582	0.0534356	0.0535852	0.022208	0.0338555	0.0974359	0.0160737	0.0272349	0.0695348	0.0722296	0.0487921	0.038971	0.0499446	0.116142	0.0499446	0.0719521	0.0892048	0.0635224	0.0569045	0.0493348	0.0722296	0.0465308	0.0347845	0.0650698	0.0484602	0.0365954	0.0592046	0.0722296	0.0525142	0.0535852	0.0257491	0.0675375	0.0277463	0.0488252	0.0658581	0.0358544	0.0556633	0.0551324	0.0369755	0.0455542	0.058164	0.055896	0.0726006	0.0535852	0.055896	0.0686734	0.0474456	0.0272349	0.0270419	0.0575124	0.0563984	0.0493348	0.0436803	0.0658581	0.0923297	0.0555224	0.0268028	0.063601	0.0719521	0.0711488	0.0264235	0.0677476	0.0139195	0.0605736	0.0305415	0.0268028	0.0570754	0.080729	0.0519682	0.0605736	0.0538024	0.0723098	0.0814495	0.0579665	0.0534356	0.089874	0.063601	0.0271122	0.035865	0.0556633	0.0605736	0.0695348	0.035865	0.0529402	0.0514043	0.0472762	0.0669605	0.0605736	0.0565718	0.0662036	0.0383264	0.0594089	0.0248786	0.055896	0.0525142	0.089874	0.0662428	0.0636047	0.089874	0.0731592	0.0556633	0.0609694	0.0761982	0.0514043	0.0668249	0.0753973	0.0591216	0.0675375	0.0514043	0.0272349	0.0974359	0.0338555	0.0675375	0.0669605	0.108274	0.0662036	0.0534356	0.0669347	0.103683	0.0253849	0.0603764	0.0570754	0.108274	0.089874	0.0330659	0.0556633	0.0300406	0.0635396	0.0980829	0.0434521	0.0271122	0.0792158	0.119384	0.0793719	0.0639412	0.115755	0.0761982	0.0662428	0.0695348	0.0555224	0.0506856	0.103683	0.0358544	0.0513434	0.0219082	0.0923297	0.0722296	0.0434521	0.0603764	0.0653393	0.0264235	0.10759	0.0662428	0.072345	0.0603764	0.103683	0.0923297	0.0867441	0.0722296	0.0178758	0.0829925	0.0436803	0.0761982	0.0383264
35000	intercept	0.811538	0.868724	0.856832	0.846831	0.85223	0.856095	0.85223	0.852512	0.843072	0.852923	0.792385	0.825695	0.860647	0.815227	0.849374	0.82792	0.867433	0.844448	0.838178	0.840799	0.855979	0.830894	0.863161	0.862825	0.852923	0.885111	0.865637	0.832366	0.850825	0.859848	0.881923	0.843506	0.872979	0.855979	0.834973	0.868724	0.861299	0.840997	0.843381	0.855979	0.853958	0.855139	0.85223	0.843867	0.869626	0.855374	0.844614	0.855139	0.841545	0.85337	0.851422	0.861916	0.849983	0.866808	0.859103	0.838747	0.848234	0.838178	0.855139	0.833778	0.842056	0.865637	0.849726	0.842056	0.838178	0.873465	0.860911	0.860669	0.860854	0.85337	0.838178	0.844595	0.858711	0.838178	0.813681	0.881923	0.844089	0.792385	0.841928	0.851401	0.847394	0.855139	0.838178	0.860854	0.854592	0.855139	0.84776	0.792385	0.87116	0.848485	0.830691	0.855139	0.87154	0.846831	0.85337	0.848903	0.851422	0.856832	0.856806	0.862211	0.854075	0.840799	0.852923	0.844142	0.84493	0.846328	0.885111	0.852876	0.848903	0.839409	0.85473	0.855139	0.855139	0.883955	0.839786	0.823098	0.837159	0.837487	0.844446	0.852831	0.85083	0.830691	0.849983	0.867181	0.842056	0.853737	0.838178	0.878184	0.855374	0.863148	0.86635	0.841038	0.855139	0.851266	0.838178	0.854959	0.843418	0.855139	0.792385	0.843915	0.855139	0.837159	0.856805	0.848903	0.845872	0.869922	0.840382	0.848873	0.852831	0.855122	0.889088	0.869626	0.868724	0.825705	0.852174	0.834765	0.839568	0.85337	0.848873	0.833778	0.800879	0.855139	0.831548	0.860747	0.855139	0.846369	0.853871	0.843915	0.846634	0.855139	0.866808	0.841038	0.854959	0.869922	0.852923	0.855139	0.855139	0.833916	0.863161	0.850475	0.840411	0.861866	0.866808	0.853923	0.849983	0.859466	0.854104	0.854784	0.849603	0.857362	0.867433	0.85223	0.851422	0.849431	0.82792	0.842056	0.837159	0.879104	0.85079	0.827567	0.873465	0.874387	0.829529	0.833517	0.841038	0.855139	0.858022	0.864557	0.85337	0.862391	0.852831	0.840799	0.792385	0.838178	0.855139	0.855374	0.840224	0.854104	0.837487	0.85223	0.838747	0.831796	0.841038	0.862211	0.837159	0.885111	0.866808	0.863006	0.877199	0.842056	0.857542	0.880387	0.85337	0.873572	0.855139	0.848254	0.855374	0.85337	0.862037	0.855139	0.84854	0.829529	0.839387	0.856832	0.855374	0.840799	0.855139	0.869626	0.878922	0.792385	0.895732	0.838747	0.848021	0.848903	0.831452	0.855139	0.840799	0.849431	0.855139	0.85337	0.846831	0.877856	0.827567	0.840799	0.86635	0.852923	0.867188	0.838999	0.838513	0.873465	0.832366	0.867433	0.825722	0.859691	0.873465	0.885123	0.855979	0.841038	0.841361	0.843418	0.841038	0.841545	0.881923	0.856832	0.867968	0.866808	0.853923	0.861281	0.855139	0.832366	0.862211	0.854635	0.887982	0.871317	0.838747	0.860911	0.878184	0.82792	0.862794	0.827567	0.868724	0.887982	0.855139	0.837159	0.842572	0.841038	0.885888	0.849729	0.833517	0.833778	0.85337	0.837159	0.871317	0.847167	0.863006	0.825722	0.843915	0.85337	0.870831	0.879191	0.855139	0.869626	0.856095	0.843915	0.855139	0.826301	0.862391	0.826314	0.84854	0.841038	0.86635	0.826801	0.838178	0.851422	0.837159	0.850788	0.85223	0.878922	0.852894	0.863161	0.894382	0.877199	0.857878	0.838178	0.855139	0.856832	0.829529	0.84854	0.834973	0.856095	0.840382	0.848686	0.85337	0.877199	0.837022	0.84161	0.831872	0.855139	0.840382	0.837159	0.873465	0.825722	0.889088	0.867433	0.852831	0.867433	0.84493	0.85337	0.792385	0.87349	0.869922	0.84286	0.832144	0.825695	0.855374	0.854635	0.839568	0.846328	0.867433	0.835866	0.853127	0.848327	0.840799	0.854767	0.837487	0.853871	0.878184	0.784997	0.82792	0.853678	0.837487	0.846328	0.862211	0.851558	0.840799	0.84493	0.833517	0.855139	0.852894	0.862391
36000	slope	0.0315379	0.0426923	0.0153493	0.0493353	0.0956319	0.0338432	0.067672	0.083773	-0.0135862	0.0388621	0.0870664	0.0559899	0.0645779	0.05792	0.033899	0.00782996	0.0480775	0.0542338	0.0781657	0.0235084	0.039826	0.0781436	0.0696212	-0.0176396	0.0285302	0.0324066	0.0803488	0.0315379	0.0817842	0.0817842	0.0648533	0.0285302	0.0479979	0.0537284	0.0696212	-0.0128743	0.0846548	0.00770767	0.0595651	0.0590664	0.0795442	0.0387926	0.0827918	0.0817066	0.0827918	0.0373991	0.033899	0.0159996	0.0315379	0.0825179	0.0297069	0.0330545	0.0846548	0.0382565	0.0397034	0.0833175	0.0335565	0.0315379	0.0469147	0.036235	0.0978005	0.0633692	0.0973638	-0.0176396	0.0439025	0.00199543	0.0713262	0.0400429	0.0594689	0.0285302	0.108169	-0.0184796	0.0294138	0.0200465	0.0285302	0.0213098	0.0312655	0.0710312	0.0919084	0.0595585	0.107534	0.0315379	0.0368781	0.0794435	0.0153493	0.0542338	0.042117	0.054068	0.0278926	0.0537284	0.00490835	7.22893e-05	0.0315379	0.081983	0.0332626	0.0794435	0.0548202	0.025967	0.102181	0.0659624	0.0491464	0.0426426	0.07851	0.0107744	-0.0135862	0.057852	0.103685	0.0452885	0.00782996	0.0363252	0.00490835	0.033899	0.0552975	0.0338432	0.0890895	0.0102627	0.0383969	0.0434381	0.0542338	0.0570954	0.0479979	0.0460573	0.0382565	0.0696212	0.0373991	0.0396985	0.0458014	0.0311598	0.0467168	0.0421516	0.0323176	0.0285302	0.0197911	0.0467256	0.0285302	0.00954597	0.0048678	0.0117805	0.0429433	0.0973638	0.0285302	0.0285302	0.0571083	0.028725	0.000133097	0.0905042	0.0352214	0.033899	0.0375386	0.0726066	0.034841	0.0335565	0.0294138	0.057852	0.033899	0.0467487	0.0506053	0.033852	0.0545759	0.0334908	0.0647207	0.0571083	0.0111469	0.0382565	0.0159996	0.0355889	0.0347835	-0.0176396	0.0363252	0.0452885	0.00490835	0.0317417	0.0312167	0.0462617	0.0493353	0.057852	0.0537284	0.0563007	0.0696212	0.00727382	0.0452885	0.0387509	0.0571083	0.0693338	0.0285302	0.0726066	0.0397034	0.017019	0.0172333	0.0366797	0.0102306	0.00782996	0.0467256	0.0537284	0.0426426	0.0389873	0.0537284	0.0315379	0.0335201	0.0380803	0.045353	0.00782996	0.0817842	0.0347835	0.0995425	0.00508136	0.0335201	0.0624007	-0.0135862	0.0457179	0.0102627	0.0387926	0.00782996	0.0285302	0.0434381	0.0324066	0.00782996	0.0172333	0.0781436	0.0382565	0.093383	0.103685	0.0973638	0.0335565	0.0294138	0.0352214	0.0503761	0.0919084	0.0397034	0.0470724	0.0294138	0.0335565	0.0241576	0.00782996	0.0330545	0.0599036	0.060492	0.0429433	0.103685	0.0625015	0.103685	0.0493353	0.0426426	0.0559899	0.0467256	-0.0128743	0.0294138	0.0336801	0.0382565	0.0352214	0.0625015	0.0179098	0.0567733	0.0141375	0.0401997	0.057852	0.0479979	0.033852	0.102181	0.0620284	0.0645779	0.0352214	0.00199543	0.0519567	0.0434381	0.108169	0.0388621	0.108169	0.0350949	0.0320634	0.045353	0.0200465	0.000274929	0.067672	0.0571083	0.0277476	-0.0103218	0.0545759	0.0714209	0.0434381	-0.00205701	0.0285302	0.0775888	0.0159996	0.0410443	0.0315379	0.0382745	0.0411091	0.0640039	0.0973638	0.0355135	0.0429433	0.0387926	0.0355889	0.040982	0.0227037	0.00782996	0.07851	0.0355889	0.0373982	0.0696212	0.0338432	0.0277476	0.0114974	0.0453061	0.057852	0.105853	0.0247098	0.0285302	0.0294138	0.0392635	0.0542338	0.0048678	0.0330545	0.00864477	0.0277476	0.0942116	0.0412931	0.0426426	0.0335565	-0.0176396	0.0434381	0.0335565	0.0833175	0.0624007	0.0817842	0.0382565	0.0906488	0.0294138	0.0726066	0.0952859	0.0324066	0.0565049	0.057852	-0.0146912	0.0426923	0.060492	-0.0176396	0.0854226	0.0479979	0.0352214	0.0426426	0.0285302	0.025967	0.0803488	0.0581088	0.0907245	0.0396985	0.00490835	0.0347835	0.0571083	0.0973638	0.0285302	0.0386566	0.0247098	0.0567733	0.057852	0.0803488	0.0318706	0.0956319	0.0347835	0.0625015	0.0285302	0.0469147	0.0397034	0.0456249	0.0624007	0.0524507	0.0363252	0.0992241	0.0568284	0.045353	0.0479979	0.0352214	0.0324066	0.0548202	0.0294138	0.0434381	0.0117805	0.0726066	0.0822695	0.028725	-0.0119578	0.0294138	0.103685	0.0479979	0.0391571	0.0387509	0.0565049	0.0973638	0.0973638	0.0277476	0.0350949	0.0607819	0.0545759	0.067672	0.00782996	0.0415188	0.0330545	0.0846548
36000	intercept	0.828949	0.857559	0.829748	0.838181	0.819024	0.875782	0.841102	0.838205	0.874107	0.849832	0.819441	0.888865	0.859364	0.857164	0.87288	0.862959	0.828507	0.832589	0.859377	0.868438	0.857559	0.833545	0.818709	0.87288	0.847443	0.858165	0.819441	0.828949	0.858897	0.853003	0.862548	0.850495	0.858374	0.840972	0.818709	0.865685	0.845031	0.836512	0.838426	0.854422	0.861685	0.821471	0.867863	0.850456	0.850567	0.865109	0.87288	0.862959	0.828949	0.840471	0.866124	0.885446	0.845031	0.873916	0.881673	0.842385	0.841994	0.828949	0.869254	0.866361	0.812221	0.847762	0.839841	0.87288	0.863911	0.858123	0.864353	0.843551	0.863953	0.849307	0.839841	0.865685	0.878985	0.876346	0.830011	0.847497	0.885508	0.835876	0.859146	0.835781	0.839841	0.828949	0.850184	0.813342	0.829748	0.828507	0.862602	0.86297	0.847443	0.854422	0.869489	0.877734	0.840905	0.84213	0.859366	0.813342	0.846219	0.847443	0.82816	0.841102	0.85923	0.861007	0.84213	0.864047	0.874107	0.867198	0.844838	0.888865	0.862959	0.831721	0.869489	0.87288	0.872286	0.868647	0.835965	0.854033	0.878985	0.864694	0.835116	0.858531	0.858374	0.873916	0.892171	0.811982	0.865109	0.88106	0.849307	0.861992	0.842334	0.873387	0.876186	0.847443	0.871785	0.87288	0.847443	0.885933	0.869489	0.877215	0.853017	0.839841	0.874728	0.853806	0.841994	0.829748	0.836512	0.84704	0.873387	0.87288	0.859278	0.82459	0.828949	0.841994	0.877215	0.867198	0.87288	0.886088	0.841023	0.83822	0.858147	0.860959	0.835696	0.841994	0.870401	0.892363	0.862959	0.873387	0.891015	0.87288	0.831721	0.888865	0.869489	0.835873	0.873387	0.849832	0.838181	0.867198	0.845201	0.863898	0.818709	0.842294	0.888865	0.850749	0.841994	0.811982	0.847443	0.82459	0.881673	0.87288	0.902014	0.847443	0.875152	0.869489	0.871776	0.845201	0.870603	0.871469	0.840972	0.828949	0.853286	0.857559	0.883596	0.862959	0.858897	0.882858	0.851036	0.9106	0.85786	0.837081	0.902381	0.873387	0.854033	0.838953	0.869489	0.847443	0.839611	0.858165	0.87365	0.902014	0.833545	0.873916	0.828744	0.844838	0.839841	0.841994	0.890141	0.892398	0.866333	0.859146	0.881673	0.873387	0.890141	0.841994	0.848546	0.862959	0.885446	0.831811	0.847867	0.853017	0.844838	0.878536	0.844838	0.838181	0.877374	0.888865	0.87288	0.878716	0.878985	0.894615	0.892171	0.866439	0.878536	0.849866	0.886581	0.883026	0.858374	0.867198	0.855381	0.83822	0.838205	0.835876	0.859364	0.873387	0.858123	0.871103	0.864694	0.839841	0.849832	0.839841	0.848546	0.820211	0.885446	0.876346	0.854033	0.841102	0.841994	0.888158	0.880651	0.862548	0.837081	0.854369	0.858123	0.874728	0.813342	0.862959	0.873387	0.828949	0.873387	0.854395	0.869254	0.839841	0.830986	0.853017	0.821471	0.873387	0.873387	0.866124	0.869489	0.84213	0.873387	0.852152	0.818709	0.875782	0.888158	0.885438	0.882824	0.867198	0.839841	0.849866	0.847443	0.890141	0.882858	0.832589	0.869489	0.885446	0.873387	0.888158	0.851412	0.858123	0.870603	0.841994	0.87288	0.838053	0.841994	0.842385	0.837081	0.858897	0.892171	0.850915	0.877215	0.82459	0.84097	0.858165	0.86509	0.867198	0.858123	0.857559	0.854783	0.87288	0.839841	0.858374	0.887502	0.870603	0.854033	0.847443	0.817389	0.873916	0.855632	0.892398	0.869489	0.882858	0.841994	0.839841	0.851687	0.881673	0.849866	0.886581	0.867198	0.819441	0.847443	0.854177	0.882858	0.878536	0.847443	0.869254	0.881673	0.873916	0.835728	0.873916	0.831721	0.835183	0.845201	0.883596	0.858374	0.87252	0.858165	0.846219	0.877215	0.838053	0.877215	0.82459	0.850456	0.829748	0.858123	0.877215	0.844838	0.855381	0.873387	0.850749	0.86509	0.839841	0.839841	0.888158	0.848546	0.885446	0.858147	0.841102	0.854098	0.831721	0.885446	0.845031
37000	slope	0.00517123	0.104821	0.00918745	0.0175174	0.056635	-0.00300604	0.0510062	0.0465208	0.0465208	0.0479342	0.102539	0.0566319	0.056635	0.0503106	0.0712777	0.00843404	0.0726116	0.0531692	0.00643053	0.0741599	0.0715662	0.0245888	0.0606975	0.108436	0.0606975	0.0547655	0.0357907	0.0138531	0.0767508	0.0736846	0.0606975	0.0510062	0.066012	0.0374139	0.115665	0.0465208	0.0553028	0.0741599	0.0311114	0.0374139	0.0384788	0.0606975	0.0611199	0.0115319	0.0391039	0.067575	0.0216892	0.0288994	0.0173498	0.0782642	-0.00572873	0.0115912	0.0397394	0.0967877	0.00918745	0.0248077	0.0332833	0.0443897	0.0641205	0.090178	0.0828004	0.102539	0.0944405	0.0350864	0.0744636	0.0463069	0.0969268	0.0606975	0.0553028	0.0805455	0.0357442	0.0329112	0.0211559	0.0744636	0.0726417	0.0510062	0.056635	0.0674538	0.0457891	0.0616456	0.0744885	0.0271559	0.0561285	0.0168076	0.124989	0.0956053	0.0115912	0.0846222	0.0272467	0.0211389	0.0288994	0.102539	0.00558262	0.0415099	0.0741599	0.102539	0.0736846	0.0248077	0.0377001	0.0359684	-0.0041707	0.118715	0.0843129	0.0741599	0.0834216	0.0343959	0.0529892	0.0656347	0.0377001	0.116865	0.0748172	0.0956137	0.0377001	0.0606975	0.0334114	0.042065	0.0726116	0.0435287	0.0457891	0.0470245	0.0741599	0.107428	0.0311114	0.0609901	0.0576581	0.0956137	0.0735856	0.0609901	0.0606975	0.0129835	0.0398033	0.0609901	0.0784201	0.0734982	0.0465208	0.0634287	0.0956137	0.0457891	0.062583	0.0211559	0.0465208	0.0208343	0.0465208	0.0775264	0.0115912	0.0741599	0.0823786	0.102539	0.0129835	0.115665	0.0418837	0.0297521	0.0204471	0.0510062	0.119594	0.106669	0.0268386	0.104625	0.0463069	0.0448613	0.00981475	0.0887427	0.0650163	0.102539	0.0629299	0.0710979	0.0915384	-0.0041707	0.0230632	0.00708353	0.0204843	0.0735856	0.0396325	0.0751627	0.0564363	0.0374139	0.0736846	0.0419682	0.0834216	0.105487	0.0666562	0.090178	0.0465208	0.10253	0.0510062	0.057065	0.0129835	0.0562134	0.0635745	0.0470046	0.056635	0.115665	0.066012	0.0398547	0.0245888	0.0170536	0.0767725	0.0612907	0.100278	0.0363336	0.00558262	0.103685	0.102539	0.0956137	0.0465208	0.0333019	0.0129835	0.0889189	0.0248077	0.0465208	0.00918745	0.0391039	0.056635	0.0741599	0.105459	0.108339	0.056635	0.124989	0.124989	0.0444866	0.00643053	0.0465208	0.0682511	0.0391039	0.0834216	0.0510062	0.0736846	0.0894799	0.090178	0.0204843	0.0576354	0.102444	0.0398913	0.0204843	0.0430996	0.0609901	0.0969399	0.0606975	0.0374139	0.0173895	0.0726116	0.103685	0.066012	0.0923106	0.0834216	0.103685	0.0129835	0.103685	0.0214227	0.0834216	0.0956053	0.0248077	0.0268386	0.0175174	0.0969399	0.0967877	0.0510062	0.0500653	0.0515385	0.102539	0.0770577	0.0735856	0.0741599	0.0204843	0.00643053	0.0503106	0.0140277	0.00918745	0.115665	0.0314174	0.00918745	0.0866102	0.0515939	0.0415099	0.115665	0.016991	0.0374139	0.0248077	0.0634287	0.0398547	0.0465208	0.0290502	0.0736846	0.0377001	0.0666562	0.0634287	0.0406724	0.10333	0.0179129	0.0640382	0.0755868	0.104625	0.0682511	0.0864996	0.0430996	0.0374139	0.0969268	0.0444866	0.0609901	0.102539	0.0327798	0.108339	0.0660964	0.0969399	0.0666562	0.102539	0.102539	0.104046	0.0363336	0.0270411	0.0641205	0.0129835	0.0666562	0.0741599	0.0204843	0.0327798	0.0115912	0.0666562	0.00643053	0.0609901	0.105459	0.00918745	0.0609901	0.114791	0.0176733	0.0640382	0.0371856	0.0535067	0.0501878	0.0371856	0.0606975	0.0214227	-0.0041707	0.115665	0.0374139	0.0415099	0.0647492	0.0377001	0.0969268	0.0969268	0.0553028	0.0485501	0.0457891	0.0956137	0.0140277	0.0700363	0.0237681	0.0510062	0.0343959	0.0495184	0.0377001	0.10333	0.066012	0.0248077	0.0969399	0.0444907	0.0709821	0.0834216	0.0834216	0.0629535	0.0339512	0.0664795	0.0427573	0.0606975	0.0736846	0.0510062	0.0969268	0.0374139	0.00918745	0.105459	0.00643053	0.0374139	0.0377001	0.0956137	0.0744636	0.0528409	0.00864739	0.0744636	0.0465208	0.108436	0.100278	0.029481	0.0204843	-0.00572873	0.0245888	0.0586326	0.0175174	0.0510062	0.115665	0.0666562	0.00147502	0.0465208	0.0685931	0.0956137	0.0115912	0.104046	0.0551053	0.0398547	0.0363336	0.0129835
37000	intercept	0.901683	0.837656	0.831652	0.862239	0.88064	0.890264	0.860306	0.850824	0.839698	0.873349	0.776625	0.845134	0.864325	0.867066	0.825869	0.830796	0.825869	0.842477	0.863272	0.837064	0.824209	0.871623	0.869378	0.79851	0.86434	0.860592	0.878397	0.901683	0.862176	0.838872	0.876935	0.857002	0.84803	0.856407	0.833588	0.850824	0.874792	0.870257	0.855716	0.867066	0.867625	0.871438	0.856563	0.822377	0.838299	0.854765	0.874771	0.822377	0.867066	0.825709	0.867066	0.866855	0.862287	0.843264	0.890264	0.887341	0.86453	0.869423	0.848422	0.812954	0.838445	0.776625	0.818844	0.87146	0.875099	0.855716	0.813258	0.869378	0.874792	0.846619	0.868416	0.856146	0.860108	0.883741	0.869378	0.866154	0.864325	0.830833	0.852485	0.863284	0.845089	0.87398	0.858879	0.864766	0.824009	0.837656	0.873819	0.848504	0.854845	0.858294	0.822377	0.776625	0.889989	0.873974	0.854118	0.776625	0.838872	0.887341	0.865039	0.855716	0.905014	0.798609	0.854118	0.819267	0.83606	0.865039	0.878498	0.846619	0.865039	0.813258	0.83606	0.83606	0.865039	0.869378	0.835122	0.860311	0.825869	0.864315	0.852485	0.873853	0.867226	0.851304	0.855716	0.855716	0.888402	0.83606	0.837656	0.855716	0.869378	0.852489	0.874887	0.855716	0.838877	0.870984	0.841748	0.864325	0.847552	0.852485	0.842737	0.860108	0.855716	0.888021	0.850824	0.846882	0.864347	0.839278	0.845337	0.776625	0.84746	0.833588	0.865325	0.854382	0.882914	0.866154	0.776625	0.804931	0.865594	0.799295	0.855716	0.862227	0.868984	0.837656	0.838714	0.776625	0.854118	0.858879	0.792602	0.899781	0.856459	0.854412	0.867066	0.837656	0.864638	0.842993	0.830491	0.867066	0.838872	0.838299	0.83606	0.782325	0.837656	0.812954	0.850824	0.843002	0.866154	0.825222	0.853393	0.855716	0.85123	0.88118	0.861529	0.833588	0.84803	0.869339	0.871623	0.889878	0.82574	0.859803	0.812954	0.840067	0.889989	0.813258	0.776625	0.833948	0.850824	0.876514	0.84746	0.83606	0.887341	0.851956	0.890264	0.838299	0.861529	0.819267	0.813258	0.83017	0.861529	0.824009	0.824009	0.832948	0.863272	0.850824	0.874792	0.839072	0.83606	0.866154	0.838872	0.846619	0.812954	0.867066	0.834118	0.813258	0.840067	0.886292	0.855816	0.862176	0.826217	0.869378	0.867066	0.859815	0.825869	0.81597	0.84803	0.81597	0.83606	0.813258	0.852151	0.81597	0.874887	0.83606	0.837656	0.887341	0.865594	0.859815	0.826217	0.843264	0.866154	0.853949	0.83478	0.776625	0.840243	0.837656	0.819267	0.868909	0.856137	0.867066	0.868984	0.890264	0.833588	0.874887	0.890264	0.83606	0.855816	0.856594	0.833588	0.884169	0.809206	0.887341	0.864325	0.869339	0.85311	0.874854	0.838872	0.865039	0.845927	0.864325	0.884841	0.837656	0.867066	0.86717	0.848728	0.799295	0.874792	0.83606	0.8562	0.867066	0.813258	0.832948	0.862176	0.776625	0.838795	0.83017	0.837656	0.826217	0.827586	0.776625	0.776625	0.785912	0.867418	0.864146	0.869896	0.852151	0.837656	0.854118	0.867066	0.838795	0.873819	0.845927	0.863272	0.858333	0.813258	0.890264	0.851781	0.804931	0.865039	0.869378	0.898325	0.864325	0.866154	0.883029	0.869378	0.874887	0.899781	0.833588	0.856459	0.857539	0.847077	0.865039	0.813258	0.813258	0.877791	0.861929	0.852485	0.83606	0.860796	0.864356	0.867066	0.857002	0.873076	0.88118	0.865039	0.837656	0.84803	0.887341	0.826217	0.874885	0.869896	0.83606	0.83606	0.830004	0.855716	0.83606	0.840067	0.869378	0.838872	0.866154	0.813258	0.856459	0.890264	0.813258	0.863272	0.867066	0.869631	0.83606	0.883741	0.857507	0.889989	0.8756	0.858015	0.788025	0.812954	0.874346	0.886292	0.867066	0.871623	0.837656	0.862239	0.838874	0.833588	0.837656	0.885104	0.847724	0.837656	0.846611	0.864347	0.785912	0.866154	0.869339	0.840067	0.852151
38000	slope	0.0577581	0.031278	0.0675844	0.0787681	0.0090693	0.0908157	0.0090693	0.0771357	0.0309937	0.00674209	0.0051716	0.0455308	0.0163227	0.0560169	0.0475422	0.0856911	0.0496795	0.0675844	0.0240402	0.0570089	0.00674209	0.0346993	0.0349575	0.0621574	0.00261443	0.0641617	0.0577235	0.00467826	0.015134	0.0675844	0.0505129	0.0505129	0.0496795	0.0675844	0.0577581	0.101615	0.107941	0.103426	0.0335939	0.0108296	0.0678355	0.0245962	0.061464	0.0548138	-0.00531439	0.0615027	0.0849807	0.00480128	0.0425282	0.0342854	0.0330085	0.013275	0.0675844	0.0696057	0.0686715	0.0455308	0.0683642	0.0405557	0.0650381	0.0675844	0.0675844	0.00583536	0.0577634	0.097505	0.0924055	0.042068	0.0482121	0.116308	0.0675844	-0.0067495	0.0537994	0.0908157	0.0898497	0.0618483	0.0760266	0.0855297	0.015134	0.0738362	0.0225713	0.0454327	0.0186049	0.0415163	0.0628753	0.070995	0.0337857	0.0630906	0.0342854	0.0675844	0.0924055	0.00261443	0.00935236	0.113953	0.0924055	0.0615027	0.0675844	0.0226722	0.0163227	0.0383054	0.00261443	0.0675844	0.013275	0.0454936	0.0909538	0.0475118	0.0104636	0.0675844	0.00261443	0.0788212	0.0167053	0.0675844	0.0924055	0.0190448	0.0571839	0.0755314	0.0181066	0.0090693	0.0425282	0.0836703	0.0815857	0.0284395	0.00289678	0.0557403	0.0436874	0.0843847	0.0384589	0.0163227	0.0190448	0.0815857	0.0907639	0.0675844	0.0454936	0.0505679	0.112413	0.0591012	0.0675844	0.0325601	0.0919461	0.0318697	0.0486563	0.0342854	0.0908157	0.00261443	0.040197	0.0698831	0.0579417	0.0442369	0.0675844	0.0849807	0.0788212	0.013275	0.0628753	0.0554637	0.0645435	0.0307286	0.0454327	0.0270156	0.0181066	0.0496795	0.0496795	0.0419563	0.0219609	0.101615	0.0405557	0.0972685	0.0181066	0.0245962	0.0799949	0.0472668	0.0393208	0.0698831	0.0047273	0.036328	0.0556457	0.114346	0.0505129	0.0518675	0.101615	0.0424779	0.0458429	0.0644219	0.0454327	0.0678074	0.0412642	0.0675844	0.0313783	0.0812594	0.0863717	0.0799588	0.073991	0.0317022	0.0433933	0.0722174	0.0274317	0.0315077	0.00355865	0.0167053	0.0492877	0.0163227	0.0404168	0.038893	0.02425	0.0466687	0.0696057	0.0815857	0.0924055	0.0455308	0.0856911	0.0464501	0.015938	0.00261443	0.0494077	0.0424779	0.0436874	0.0090693	0.00674209	0.0788212	0.0468889	0.0165572	0.0090693	0.00261443	0.0181066	0.0698831	0.0331227	0.0405557	0.0270156	0.0675844	0.0554637	0.0537593	0.00674209	0.0482121	0.00276096	0.115232	0.0270156	0.0675844	0.0090693	-0.0067495	0.0675844	0.0909538	0.0594888	0.0903419	0.0270156	0.015134	0.103426	0.0167053	0.0435045	0.0424779	0.0090693	0.0908157	0.042068	0.0331227	0.056051	0.0749818	0.0554637	0.0332758	0.0675844	0.0482121	0.0302627	0.0190448	0.0245962	0.0318697	0.0496795	0.073991	-0.0159878	0.0804234	0.0884682	0.0458429	0.0454327	0.0425282	0.0381833	0.0270156	0.0266521	0.0051716	0.0459969	0.0844689	0.0274317	0.0458429	0.042068	0.0219609	0.103426	0.101615	0.0903419	0.0849807	0.0571839	0.0561713	0.0270156	0.0815857	0.0675844	0.0589867	0.0735107	0.116308	0.0601572	0.0815857	0.02425	0.0051716	0.0554637	0.00208345	0.0383054	0.080927	0.0245962	0.0245962	0.0115018	0.0323199	0.0455308	0.0698831	0.0454936	0.0536231	0.0842749	0.0167053	0.113953	0.0809688	0.0458429	0.107941	0.0809688	0.0675844	0.070995	0.0458429	0.0855297	0.073991	0.0331227	0.0357505	0.0346993	0.0307286	0.0675844	0.0331227	0.0344063	0.0675844	0.0787276	0.0025048	0.0675844	0.0425282	0.0675844	0.0163227	0.0443397	0.0496795	0.00261443	0.0471483	0.0615027	0.0809688	0.00261443	0.0131707	0.0454936	-0.0159878	0.0090693	0.0542256	0.0458596	0.073991	0.0300803	0.0234382	0.0436874	0.0442369	0.0163227	-0.00552935	0.0554637	0.103307	0.116308	0.0454936	0.0090693	0.0924055	0.0508643	0.0454327	0.0342854	0.0675844	0.0560169	0.031278	0.0561122	0.0924055	0.0787276	0.0496795	0.0284998	0.0454936	0.00261443	0.0458596	0.0815857	0.101615	0.0305044	0.0181066	0.0675844	0.0698831	0.0749818	0.0743057	0.080927	0.0331227	0.0909538	0.0675844	-0.00387702	0.0313684	0.0402173	0.0675844	0.101615	0.103426	0.070995	0.0809688	0.0163227	0.00551487	0.0563153	0.0458429	0.0924055	0.0383054	0.0131708	0.0051716
38000	intercept	0.839502	0.875798	0.844408	0.835055	0.889312	0.834248	0.88298	0.835055	0.871795	0.883517	0.869904	0.873221	0.871979	0.882446	0.842618	0.844163	0.833233	0.849917	0.86351	0.836775	0.883517	0.855347	0.851168	0.825891	0.891565	0.840925	0.815789	0.885907	0.884202	0.835055	0.84301	0.84301	0.833233	0.849917	0.862472	0.84928	0.830734	0.799295	0.845757	0.876434	0.870558	0.869904	0.877842	0.84301	0.89118	0.833888	0.823921	0.84295	0.890954	0.861605	0.863363	0.859842	0.835055	0.882446	0.832535	0.877842	0.845339	0.852896	0.817728	0.826959	0.825668	0.891836	0.867494	0.823359	0.844696	0.855735	0.835055	0.828465	0.849917	0.872868	0.877842	0.834248	0.818473	0.841991	0.834762	0.864502	0.890698	0.844629	0.879145	0.86479	0.867984	0.873679	0.877531	0.834804	0.862771	0.844728	0.861605	0.835055	0.824282	0.888296	0.872942	0.786226	0.854375	0.847255	0.835055	0.84295	0.864571	0.832573	0.90104	0.835055	0.859842	0.851142	0.843728	0.866537	0.872868	0.849917	0.888296	0.800639	0.891836	0.835055	0.844696	0.864571	0.853074	0.84301	0.891836	0.872868	0.867111	0.86536	0.843728	0.872646	0.89118	0.880102	0.853867	0.820862	0.853867	0.864571	0.864571	0.843728	0.879048	0.835055	0.869465	0.835055	0.811482	0.859855	0.849917	0.873381	0.83176	0.844184	0.827091	0.851617	0.834248	0.888296	0.848308	0.837383	0.86705	0.849503	0.835055	0.823921	0.800639	0.859842	0.871319	0.877758	0.848586	0.878808	0.86479	0.863363	0.891836	0.833233	0.833233	0.888378	0.861059	0.84928	0.852896	0.797839	0.891836	0.869904	0.847307	0.86478	0.864112	0.816788	0.840689	0.858823	0.87026	0.828465	0.84301	0.835055	0.84928	0.841856	0.884006	0.834804	0.86479	0.853193	0.87181	0.842175	0.854949	0.834468	0.882446	0.845432	0.870197	0.868168	0.867195	0.834468	0.840689	0.837487	0.870985	0.891836	0.853668	0.864571	0.849842	0.850602	0.873916	0.862507	0.864748	0.843728	0.824282	0.877842	0.844163	0.851617	0.869904	0.89118	0.862838	0.850137	0.853867	0.875934	0.883517	0.800639	0.851321	0.84295	0.872942	0.89118	0.891836	0.840074	0.864571	0.852896	0.864912	0.835055	0.877758	0.866329	0.883517	0.835055	0.891098	0.824715	0.864912	0.849917	0.872868	0.872868	0.835055	0.843728	0.886704	0.837033	0.872646	0.870148	0.80375	0.891836	0.842401	0.862803	0.889312	0.834248	0.855735	0.867038	0.873893	0.849917	0.877758	0.867133	0.849917	0.835055	0.871795	0.864571	0.867135	0.857906	0.833233	0.870197	0.877054	0.866673	0.824282	0.86478	0.86479	0.867111	0.877758	0.872646	0.889312	0.873662	0.858528	0.834468	0.840689	0.883582	0.855735	0.861059	0.794156	0.855255	0.837033	0.823921	0.853074	0.873893	0.858553	0.843728	0.826959	0.849917	0.840813	0.828465	0.825487	0.843728	0.873916	0.873662	0.877758	0.872868	0.832573	0.857063	0.869904	0.869904	0.89118	0.863363	0.873221	0.837383	0.851142	0.838647	0.820862	0.891836	0.786226	0.850971	0.86478	0.830734	0.820862	0.849917	0.834804	0.884006	0.864502	0.870197	0.864571	0.855182	0.855347	0.870177	0.835055	0.864571	0.855182	0.840813	0.870197	0.86693	0.849917	0.867111	0.849917	0.864571	0.852896	0.833233	0.891565	0.858842	0.847255	0.834468	0.891565	0.884248	0.851142	0.877054	0.889312	0.89138	0.888378	0.870197	0.855735	0.890699	0.853867	0.85737	0.864571	0.872868	0.877758	0.805871	0.828465	0.851142	0.872868	0.854375	0.867133	0.86479	0.861605	0.849917	0.882446	0.879382	0.848927	0.824282	0.870197	0.833233	0.848308	0.869465	0.89118	0.888378	0.843728	0.84928	0.867133	0.891836	0.835055	0.831164	0.849917	0.863882	0.829457	0.857767	0.843728	0.842175	0.907871	0.864392	0.867133	0.849917	0.84928	0.80375	0.834804	0.805303	0.864571	0.864571	0.84246	0.884006	0.824282	0.832573	0.864571	0.869904
39000	slope	0.00075972	0.023034	0.00134903	0.032662	0.00497087	0.0266257	0.0300704	0.0604224	0.0585259	0.0203574	0.045539	0.0410294	0.00553222	0.039252	0.0720522	0.0845164	0.0656322	0.00134903	-0.001133	0.0273029	0.0162764	0.0299181	0.032662	0.0393926	0.0196499	0.0182756	0.0777698	0.0464697	0.0355301	0.0720522	0.0937243	0.0555636	0.0117881	0.0845164	0.0555636	0.0215864	0.00075972	0.0459093	0.00767445	0.0330607	0.045539	0.00515454	0.0490389	0.0182756	0.0400668	0.0180332	0.00707782	0.0215864	0.00958788	0.0559349	0.0161789	0.0273029	0.0547363	0.0347174	0.0282851	0.049137	0.0300704	0.0215864	0.0315896	0.0486247	0.0105274	0.0281134	0.0401597	0.0539672	0.0300704	0.0119267	0.023445	0.00075972	0.0391925	0.0625223	0.0937243	-0.00686484	0.0555636	0.0182756	0.0497321	0.0282514	0.0315037	-0.0253199	0.0181496	0.0154148	0.0281134	0.0357974	0.0315037	0.00386861	0.0425131	0.0403439	0.0547363	0.0585259	0.0559349	0.0161789	0.0330607	0.0720522	0.0215864	0.0156191	0.0451427	0.00553222	0.0034998	0.0350984	0.0378504	0.00075972	0.0298891	0.0298891	0.0188787	0.0773899	0.045364	0.045539	0.00553222	0.0453409	0.0400911	0.0292964	0.0086356	0.0625223	0.0222151	0.046249	0.0411274	0.0402893	0.0555636	0.0347174	-0.0253199	0.0138085	0.0740133	0.0124064	0.0410683	-0.020114	0.0350599	0.102627	0.0937243	0.00553222	0.0230353	0.0555636	0.0218339	0.0154967	0.0176125	0.0498728	0.0636619	0.0696264	-3.82569e-05	0.0592122	0.0182756	0.0161789	0.0811796	0.015838	0.0937243	0.0499671	0.0616826	0.00767445	0.00767445	0.0209644	0.0937243	0.0430452	0.0298891	0.0388484	0.045539	0.0347174	0.0937243	0.0777698	0.00421708	0.0300704	0.102627	0.0351798	0.00075972	0.00700745	0.0389998	0.0625223	0.0245112	0.0215864	0.0547363	0.0340725	0.0517095	0.00867655	0.0234787	0.0391925	0.102627	0.0648393	0.0250883	0.0483159	0.0369196	0.0115021	0.0636619	0.0591892	0.0330607	0.00767445	0.0351644	0.0636619	0.0547363	0.0604224	0.00767445	0.0559349	0.0182756	0.032662	0.0777698	0.0230774	0.0282514	0.0161789	0.0563334	0.0182756	0.0175646	0.01085	0.00515454	0.0389686	0.0206072	0.0592122	0.0161789	0.0350599	0.0555636	0.00867655	0.0182756	0.045539	0.0350599	0.0208482	0.102627	0.00767445	0.0209644	0.0547363	0.0175646	0.0209644	0.00515454	0.0547363	0.0251188	0.0591892	0.0347174	0.0298891	0.00075972	0.00553222	0.0245109	0.0161789	0.045539	0.0347174	0.022491	0.00767445	0.0555636	0.0215864	0.0451427	0.0298891	0.0138085	0.044214	0.0656861	0.00515454	0.0636619	0.00884547	0.00867655	0.0182756	0.0350599	-0.0253199	0.0559349	0.0347174	0.045539	0.0547363	0.0208482	0.0215864	0.0175646	0.0215864	0.0547363	0.0257077	0.0182756	0.0555636	0.0117881	0.00134903	0.0636619	0.0245112	0.0292964	0.0288857	0.00134903	0.0625074	0.0300704	0.0175646	0.0315037	0.0604224	0.0154148	0.0245112	0.0547363	0.00867655	0.0259049	0.0154148	0.0175646	0.00553222	0.0300704	0.00134903	0.0154148	-0.020114	0.0526157	0.03523	0.00187945	0.0267066	0.0175646	0.0592122	0.0345399	0.0161008	0.0281134	0.0226045	0.0300704	0.0388484	0.00933108	0.0315896	0.00493163	0.0274849	0.0245112	0.0188787	0.00767445	0.00075972	-0.000674837	0.0347174	0.0231674	0.0547363	0.0592122	0.0604224	0.0555636	0.0300704	0.0138085	0.0267066	0.0208482	-0.0253199	0.102627	0.0117881	0.00075972	0.0727785	0.0400911	0.0194682	0.00767445	0.0340885	0.0410683	0.0281134	0.0555636	0.00867655	0.00767445	-0.00187297	0.0161789	0.0547363	0.03523	0.0422403	0.0625223	0.0154148	0.0208482	0.0547363	0.0175646	0.0585259	0.0196499	-0.00187297	0.00767445	0.0168764	0.0378879	0.0298891	0.0086356	0.0777698	0.0245112	0.0547363	0.0298891	0.0215864	0.0203574	0.0292964	0.0273069	0.0347174	0.00867655	0.0604224	0.00767445	0.00515454	0.045539	0.0281134	0.0208482	0.0585259	0.0267066	0.0298891	0.00767445	0.0547363	0.0937243	0.0416939	0.0555636	-3.82569e-05	0.0300704	0.0184701	0.00767445	0.0298891	0.0410683	0.0777698	0.0499531	0.0350599	0.0281134	0.0215864	0.0402893	0.011073	0.0300704	0.0298891	0.0298891	0.0203574	0.045539	0.069828	-0.0253199	0.03523	0.0315896	0.0161789	0.0937243	-0.0128911	0.00134903	0.00134903	0.0350599	0.0416939	0.0161789	0.0271026	0.00767445	0.0422503
39000	intercept	0.888629	0.865879	0.861038	0.875121	0.886832	0.863974	0.864884	0.847487	0.839602	0.863974	0.859897	0.865116	0.839379	0.869299	0.880004	0.861172	0.87256	0.861038	0.863068	0.874217	0.886783	0.889274	0.875121	0.857198	0.843376	0.849898	0.870197	0.853442	0.880054	0.880004	0.825407	0.867075	0.886832	0.861172	0.856268	0.868454	0.90787	0.86118	0.882146	0.885871	0.859897	0.901013	0.882915	0.875876	0.868314	0.887159	0.885871	0.868963	0.868454	0.868069	0.858105	0.874217	0.861507	0.893687	0.866619	0.848613	0.859284	0.860739	0.877891	0.859155	0.857106	0.892723	0.887151	0.864571	0.841611	0.861795	0.89008	0.902233	0.88808	0.870197	0.825407	0.861035	0.867075	0.849898	0.868069	0.863974	0.88009	0.87886	0.878983	0.885046	0.892723	0.866772	0.88009	0.873058	0.856803	0.876673	0.861507	0.839602	0.83981	0.854477	0.885871	0.880004	0.860739	0.858332	0.862121	0.841718	0.892053	0.869654	0.861273	0.905466	0.855625	0.853455	0.849604	0.861172	0.85231	0.859897	0.839379	0.861009	0.853455	0.852164	0.873058	0.870197	0.875876	0.855625	0.882399	0.892723	0.867075	0.885825	0.892678	0.84601	0.887866	0.893651	0.90705	0.901959	0.858037	0.840943	0.825407	0.839379	0.861392	0.852387	0.883985	0.893033	0.871312	0.866392	0.864571	0.86134	0.832119	0.865116	0.875876	0.860898	0.866067	0.887026	0.825407	0.882309	0.863426	0.882146	0.882146	0.864439	0.825407	0.864571	0.856513	0.861283	0.859897	0.885825	0.825407	0.870197	0.895008	0.870628	0.838786	0.881676	0.905466	0.88625	0.859045	0.870197	0.866598	0.857851	0.861507	0.893033	0.877713	0.873058	0.881629	0.88808	0.838786	0.868332	0.863126	0.887063	0.860616	0.882286	0.872503	0.884989	0.885871	0.882146	0.85135	0.864571	0.852221	0.846522	0.885797	0.83981	0.875876	0.875121	0.870197	0.901121	0.863974	0.850642	0.88808	0.849898	0.852983	0.857934	0.901013	0.86259	0.857851	0.865116	0.86545	0.876581	0.851505	0.873058	0.875876	0.859897	0.876581	0.885046	0.834418	0.887342	0.864439	0.861507	0.864266	0.861038	0.901013	0.861507	0.892723	0.884989	0.885825	0.870859	0.90863	0.828763	0.901013	0.835317	0.859897	0.885825	0.857851	0.882146	0.851505	0.868454	0.858589	0.870859	0.838309	0.880901	0.862553	0.901013	0.864571	0.877891	0.873058	0.849898	0.876581	0.87886	0.868069	0.885825	0.859897	0.861507	0.885046	0.860739	0.83444	0.857851	0.861507	0.832119	0.875876	0.867075	0.891367	0.861038	0.864571	0.866598	0.852164	0.897895	0.861038	0.839602	0.841611	0.852983	0.88009	0.847487	0.885046	0.866598	0.861507	0.873058	0.892723	0.885046	0.838544	0.849288	0.861211	0.861038	0.885046	0.901959	0.872603	0.856384	0.882246	0.861283	0.852983	0.880901	0.851605	0.852983	0.897895	0.906502	0.841611	0.861283	0.851785	0.877891	0.875876	0.849376	0.866598	0.849604	0.878744	0.905466	0.901959	0.885825	0.854217	0.861507	0.865116	0.847487	0.867075	0.864741	0.838309	0.861283	0.885046	0.892678	0.838786	0.88009	0.908306	0.874161	0.853455	0.876328	0.882146	0.865253	0.90705	0.892723	0.867075	0.873058	0.882146	0.901959	0.857234	0.857486	0.8467	0.899994	0.870197	0.885046	0.885046	0.861507	0.838544	0.839602	0.843376	0.901959	0.869112	0.837865	0.905054	0.853455	0.873058	0.870197	0.866598	0.861507	0.838443	0.857851	0.863974	0.852164	0.884989	0.885825	0.873058	0.847487	0.887809	0.901013	0.859897	0.892723	0.885046	0.834721	0.861283	0.853455	0.877213	0.861507	0.825407	0.865253	0.867075	0.833192	0.880322	0.863974	0.882146	0.855625	0.90705	0.870197	0.869038	0.876581	0.892723	0.868454	0.892723	0.890706	0.864968	0.853455	0.869451	0.863974	0.859897	0.825407	0.892678	0.859045	0.877891	0.860962	0.825407	0.90787	0.861227	0.870593	0.876581	0.857614	0.857234	0.892723	0.887809	0.892723
40000	slope	0.0604224	0.00967372	0.0500008	0.0422391	0.0216822	0.0588044	0.0478734	-0.00498448	0.0269945	0.0939166	-0.0372874	0.0102582	0.0940453	0.064466	0.02719	0.113866	0.0557112	0.0556668	0.0635292	0.0055943	0.023828	0.0390124	0.060984	0.0274351	0.00448251	0.0548247	0.0557112	0.060984	0.0534547	0.0610619	0.0205859	-0.0159991	0.0556668	0.0330307	0.0665219	-0.00898129	0.0213527	2.00577e-05	-0.00183902	0.0361317	0.0225116	-0.00947967	0.0534028	0.14837	0.057279	0.0616561	0.0692254	0.0213527	0.0705979	0.0677111	-0.0196451	0.0170232	0.0555706	0.0552539	0.0211189	0.113866	0.0549319	0.0613553	-0.0182279	0.060984	-0.00888551	0.0184108	0.0088227	0.0596671	0.0805909	0.0108303	0.0564523	0.057439	-0.00898129	0.0361317	0.0539199	0.0454782	0.007866	0.0697442	0.0250176	0.0556668	0.0599202	0.0636551	0.0705964	0.0942919	0.060984	0.059628	0.0599202	0.0184108	0.0583501	0.0088227	0.0556668	0.0361317	0.057279	0.0548247	0.0868341	0.000489889	0.0616561	0.06561	0.00375465	0.0088227	0.102358	0.0510884	0.0673314	0.0583501	0.0504294	0.0620708	0.0728409	0.0556668	0.000489889	0.06561	0.0500008	0.0749989	0.0523227	0.05667	0.0361317	0.0422391	0.0562597	0.00911249	-0.00888551	0.0298269	0.0673314	0.0693977	0.0398664	0.0707533	0.0530133	0.064466	0.0564199	0.0393158	0.0562597	0.113866	0.0533101	0.0225116	0.000489889	0.0751298	0.0369566	0.0514881	0.0509009	-0.000956686	0.0213527	0.14837	0.0508378	0.126577	0.057279	0.0205859	0.0361317	0.0024862	0.0687928	0.06561	0.0599202	0.00733438	0.0583501	-0.0235155	0.0568663	0.0131922	0.0247063	0.0513957	0.0273525	0.060984	0.00946082	0.0361317	0.00593653	-0.00183902	0.00793965	0.00375465	-0.00612223	0.0616561	0.00720517	0.0636551	0.0400829	0.113866	0.06561	0.0616561	0.0361317	0.0539199	0.0102582	0.0649769	0.0564199	0.0775336	0.0088227	0.0203892	-0.0110075	0.0599202	0.0411684	0.0599202	0.0687928	0.060984	0.0548247	0.0829632	-0.00156476	0.06561	0.0927291	0.0608049	0.0497932	-0.00156476	0.0509009	0.06561	0.0489241	0.00793965	0.0687928	0.0636258	0.00375465	0.0564523	0.0141229	0.0157453	0.0604224	0.0202726	0.0859331	0.0199236	0.0250176	0.0361317	0.0652881	0.0556668	0.0549319	0.0549319	0.0361317	0.129543	0.0361317	0.0534028	0.057279	-0.00183902	0.040208	0.0457681	0.0205859	0.0153696	0.0436902	0.057279	0.0583501	0.0599202	0.0549319	0.0616561	0.121106	-0.0159991	0.00479408	0.0531392	0.06561	0.0131922	0.0599202	0.0616561	0.0491734	0.0324725	-0.00156476	0.0199236	0.0691446	0.0673314	0.00533802	0.0153696	0.0534028	0.0599202	0.0088227	0.0927581	0.0656483	0.0940453	0.0216822	-0.00888551	0.00194995	0.0216822	0.0687928	0.0361317	0.0554915	0.0643135	0.0402955	0.06561	0.0687928	0.0525883	0.0539959	0.0216822	0.00375465	0.026595	0.0533101	0.0249293	0.113866	0.0616561	-0.00183902	0.06561	0.0599202	0.0225116	0.0184108	0.0202726	0.0144682	0.0689222	0.0478734	0.0265848	-0.00156476	0.0530133	0.0657422	0.0616561	0.0653134	0.0604677	-0.0159991	0.0585147	0.064466	0.0649769	0.113866	0.0599202	0.0599202	0.000489889	0.0213527	0.0411208	0.0868518	0.0599202	0.123543	0.0141229	0.0616561	0.06561	0.0131922	0.0373934	0.0361317	0.060984	0.0677111	0.0102755	0.0687928	0.0184108	0.0599202	0.0562597	0.0131922	0.0649769	0.119791	0.0247135	-0.00888551	0.0249293	0.0534028	0.000489889	0.0829632	0.0184108	0.0422391	0.0673314	0.0213527	0.000489889	0.0534028	-0.0161271	0.0534028	0.0616561	0.0673314	2.00577e-05	0.060984	0.064466	0.0216822	0.0361317	0.0599202	0.0687928	0.0506254	0.0599202	0.0616561	0.00375465	0.119791	0.0152195	-0.00156476	-0.00947967	0.0636551	0.0468629	0.06561	0.0677111	0.0508378	0.0216822	0.0409702	0.0616561	0.0728409	0.0118446	0.0184108	0.0562597	0.113866	0.064466	0.0611901	0.0652881	0.0577667	0.0611901	0.0533101	-0.000956686	0.0216822	0.057279	0.00715587	0.0583501	-0.00888551	0.0456341	0.0498654	0.0591295	0.0213527	0.0402955	0.0116614	0.059628	0.0649769	0.0213527	0.0625535	0.064466	0.0665219	0.0184627	0.0500008	0.0199236	0.0212066	0.0354557	0.00817825	-0.00898129	0.0549319	0.0139888	0.0537092	0.0216822	0.0599202	0.0530133	0.0556797	0.0439081	0.00375465	0.113866	0.0118446	0.0539959
40000	intercept	0.823289	0.872301	0.873139	0.884536	0.896896	0.866244	0.872268	0.873876	0.89767	0.826776	0.903307	0.871995	0.848949	0.843733	0.868333	0.804963	0.837274	0.86452	0.846384	0.871475	0.860124	0.823376	0.822187	0.879308	0.855877	0.838376	0.837274	0.822187	0.851266	0.83632	0.854509	0.865467	0.860838	0.88949	0.856422	0.908109	0.873876	0.872714	0.8903	0.88005	0.866046	0.884844	0.866882	0.804963	0.84407	0.846987	0.847349	0.876755	0.873139	0.869854	0.917636	0.886649	0.841915	0.855527	0.873876	0.814843	0.867791	0.831554	0.90654	0.822187	0.90654	0.892921	0.897595	0.829584	0.832696	0.883417	0.875622	0.8456	0.908109	0.863655	0.880927	0.853651	0.8886	0.85478	0.866046	0.869854	0.847758	0.85478	0.843733	0.840822	0.822187	0.842243	0.849306	0.892921	0.821885	0.918757	0.86452	0.863655	0.846103	0.838376	0.832434	0.87595	0.846987	0.837274	0.882574	0.918757	0.83358	0.884536	0.825633	0.821885	0.838572	0.835194	0.857425	0.86452	0.855049	0.854844	0.873139	0.851947	0.878328	0.869854	0.863655	0.887114	0.846987	0.876755	0.898672	0.889211	0.825633	0.844294	0.857425	0.829643	0.854093	0.843733	0.865111	0.859825	0.846987	0.821342	0.825653	0.866046	0.867757	0.847758	0.865067	0.844254	0.85486	0.866166	0.861957	0.804963	0.869854	0.819186	0.84407	0.860636	0.884259	0.861817	0.840277	0.830766	0.861535	0.896757	0.820108	0.904046	0.831076	0.887805	0.885217	0.832696	0.888098	0.822187	0.911891	0.863655	0.877149	0.8903	0.878749	0.899987	0.87402	0.846987	0.918757	0.862431	0.860064	0.819635	0.837274	0.84348	0.867024	0.880927	0.86559	0.839093	0.865111	0.825633	0.919279	0.882389	0.916392	0.847758	0.848032	0.852422	0.832696	0.822187	0.838376	0.862356	0.885018	0.837274	0.813575	0.85478	0.841903	0.902762	0.85486	0.837274	0.833933	0.878749	0.832696	0.825773	0.882574	0.875622	0.891085	0.868468	0.823289	0.881683	0.845513	0.872724	0.866046	0.863655	0.847497	0.86452	0.867791	0.867791	0.884259	0.821342	0.863655	0.868714	0.846103	0.8903	0.84407	0.884731	0.860636	0.885018	0.834835	0.874118	0.822959	0.847758	0.867791	0.846987	0.804963	0.865467	0.907466	0.832696	0.838629	0.887805	0.847758	0.838547	0.832696	0.853207	0.885018	0.882224	0.848834	0.825633	0.892305	0.897936	0.873432	0.847758	0.918757	0.826776	0.841663	0.848949	0.885217	0.893562	0.895324	0.865348	0.832696	0.88005	0.820108	0.844033	0.832696	0.837274	0.832696	0.841423	0.801522	0.894301	0.882574	0.842408	0.825653	0.868952	0.819635	0.846987	0.894754	0.837274	0.847758	0.866046	0.892921	0.898852	0.860636	0.854844	0.872268	0.863655	0.885018	0.854093	0.848834	0.843831	0.840967	0.825653	0.865467	0.861873	0.843733	0.839093	0.819635	0.847758	0.847758	0.87595	0.861957	0.809745	0.87244	0.861535	0.813826	0.892305	0.827497	0.838629	0.887805	0.822707	0.863655	0.822187	0.869854	0.86296	0.840277	0.889605	0.852422	0.846987	0.887805	0.839093	0.848949	0.879959	0.898672	0.866378	0.866882	0.868392	0.862356	0.892921	0.884536	0.825633	0.876755	0.867757	0.868714	0.90654	0.870167	0.846987	0.825633	0.873205	0.817615	0.843733	0.885217	0.863655	0.857425	0.840277	0.854093	0.847758	0.843831	0.882574	0.848949	0.87449	0.885018	0.892341	0.85478	0.875622	0.837274	0.869854	0.869854	0.885217	0.844596	0.84348	0.857425	0.882634	0.892921	0.846987	0.821342	0.843733	0.847404	0.847497	0.830448	0.847404	0.825653	0.858046	0.894301	0.833653	0.872301	0.828218	0.90654	0.884731	0.8456	0.847404	0.876755	0.832696	0.87221	0.850638	0.839093	0.850845	0.820189	0.843733	0.856422	0.887739	0.873139	0.872724	0.868952	0.858582	0.878954	0.908109	0.867791	0.867757	0.822187	0.896896	0.847758	0.854093	0.870995	0.847404	0.882574	0.821342	0.882303	0.801522
41000	slope	0.00666747	0.063633	0.0537527	0.0338549	-0.00397616	0.083349	0.00208713	0.00398194	0.0707078	0.0614205	0.0689689	0.0328897	0.0757853	0.0336971	0.073298	0.00946771	0.0563025	0.0624965	-0.00749178	0.0687023	0.0630836	0.063591	0.0369961	0.0867169	0.00517142	-0.00714221	0.0400976	0.0717596	0.0624965	-0.00397616	0.0394341	0.073298	-0.00210582	0.0310382	0.0352048	0.07692	0.00398194	0.0832982	0.0624965	0.0320391	-0.00397616	0.0470507	0.038214	0.0457139	0.0677695	0.0729069	0.0328897	0.0707078	0.0633182	0.0436553	0.0630321	0.016641	0.00946771	0.0414727	0.00666747	0.0681767	0.0738236	0.08431	0.0624965	0.0681767	0.0280445	0.0711641	0.0563025	0.0706209	0.0717368	0.0624965	0.0421285	0.0641666	-0.00397616	0.0175617	0.00128212	0.101143	0.0165283	0.00398194	0.0669666	0.0707078	0.0624965	0.0414727	0.0868692	0.0469095	0.0882595	0.0563025	0.0638564	0.0157204	0.0437269	0.022052	0.00517142	0.0979122	0.00609564	0.0519046	-0.0104633	0.0563025	0.0182649	0.0229116	0.0534098	0.0547823	0.00421381	0.0703336	0.0649077	0.0691626	0.058937	0.0624965	0.0839145	0.0677695	0.0165283	0.0711641	-0.00714221	0.0290673	0.0578572	0.0165283	0.0789405	0.0707078	0.0808221	0.0393966	0.0400976	0.037167	0.00227904	0.0346026	0.0212755	0.0691626	0.0702012	0.063633	0.0707078	0.0284617	0.0765522	0.0691626	0.030565	0.0494663	0.0707078	0.0867169	0.0310382	0.0542166	0.0213549	0.0711641	0.0585438	0.0707078	0.0624965	0.00398194	-0.00508433	0.0506877	0.0781004	-0.00397616	0.0328897	0.0633182	0.0269223	0.0398309	0.0502303	0.058937	-0.00491528	0.0689689	0.0361157	0.0611736	0.043663	0.0192021	-0.00397616	0.000209478	-0.00714221	0.025077	0.07692	0.111449	0.0280445	0.0376487	0.0707078	-0.00714221	0.0426548	0.0354005	0.0352818	0.00208713	0.0192021	0.0689689	0.0733749	0.0711641	0.043663	0.0709379	0.0443633	0.0707078	0.083349	0.0630442	0.023349	0.0317828	0.0909893	0.0165283	0.0979122	0.081583	0.0624965	0.083349	0.0729069	0.0414727	0.05351	0.0707078	0.0944344	0.0599169	0.109172	-0.00508433	0.0689689	0.0838147	0.0691626	-0.00397616	0.0192021	0.0765522	0.0632759	0.063633	0.0707078	0.046845	0.0400976	0.0310382	0.0632759	0.00666747	0.0470507	0.0979122	0.00517142	0.0979122	0.00814967	0.034546	0.0376487	0.023349	-0.00397616	0.0867169	0.0328897	0.0213549	0.0394341	-0.00397616	0.0711641	0.00517142	0.07692	0.0867169	0.07607	0.0841565	0.0661762	0.0157204	0.101143	0.0965714	0.0196506	0.0707078	0.058937	0.0414727	0.0944344	0.0677695	-0.0283443	0.0633182	0.063633	0.0677695	0.0310382	0.0318329	0.083349	0.0269223	0.0852816	0.00227904	0.0729069	0.0318329	0.0729069	0.00898247	0.0677695	0.0606935	0.0261979	0.0494923	0.07566	0.0394341	0.0707078	0.0470507	0.0691626	0.0310382	0.0624965	0.0979122	0.00388924	0.0469805	0.0502303	0.0229116	0.0691626	-0.00148033	-0.00210582	0.0677695	0.0624965	0.0624965	0.0711641	0.0707078	-0.00397616	0.0624965	0.0868692	0.0165283	0.00216228	0.0632759	0.0711641	0.063633	0.0663599	0.0660448	0.0394341	0.0681767	0.07692	0.0638015	0.043663	0.0707078	0.0707078	-0.00244204	0.0213549	0.0707078	-0.00148033	0.0729069	0.0310382	0.00227904	0.0706209	0.0702012	0.0868692	0.0633182	0.063633	0.104851	-0.00397616	0.07692	0.0808221	0.0692036	0.0691626	0.0649077	0.0909893	0.0633182	-0.00397616	-0.00397616	0.0445419	0.00517142	0.0624965	0.0689689	-0.00714221	0.0558689	0.0979122	0.0213549	0.0563025	0.0867169	0.0707078	0.0554383	0.0649077	0.0445796	0.0646322	0.07692	0.00418999	0.0578572	0.0776209	0.0416756	0.0707078	0.0707078	0.0511745	0.0660448	0.0310382	0.0511745	0.0630442	0.0633182	0.0641666	-0.00784134	0.0707078	0.0924791	0.0711641	0.0229116	-0.00397616	0.0615248	0.0414727	0.0711641	0.043663	0.0691626	0.0632759	0.0400976	0.0677695	0.0439635	0.0328897	0.0691626	0.00517142	0.00227904	0.0520381	0.0494923	0.073298	0.0886603	0.0558689	-0.00397616	0.0443633	0.0417515	0.0681767	-0.00397616	0.0808221	0.0157204	0.000209478	0.023349	0.0898021	0.0707078	0.0841565	0.0707078	-0.00397616	0.030565	0.101143	0.0624965	0.0765522	0.034245	0.0624965	0.0128913	0.0808221	0.0229116	0.0630836	-0.00397616	0.0318329	0.046845	0.0426548	0.083349	0.00398194	0.0414727
41000	intercept	0.873876	0.843976	0.862428	0.869594	0.909582	0.863017	0.859266	0.860717	0.824088	0.82905	0.843976	0.865467	0.857774	0.869594	0.853451	0.885271	0.892735	0.843267	0.863201	0.848085	0.836725	0.864441	0.834635	0.851107	0.869256	0.87345	0.85964	0.837274	0.843267	0.901991	0.863887	0.873483	0.924047	0.848234	0.885472	0.864441	0.864883	0.848779	0.843267	0.850387	0.909463	0.864441	0.849876	0.870962	0.865383	0.867338	0.866659	0.819899	0.84866	0.850172	0.844615	0.869109	0.902325	0.843459	0.873876	0.856202	0.853649	0.840746	0.843267	0.856202	0.857081	0.864441	0.892735	0.859192	0.867019	0.843267	0.807805	0.861859	0.894161	0.854815	0.87345	0.859107	0.873876	0.864883	0.819289	0.824088	0.8425	0.861901	0.830547	0.842909	0.83734	0.892735	0.84039	0.873335	0.873806	0.863221	0.869256	0.857405	0.874503	0.842206	0.87345	0.896214	0.882679	0.90004	0.849381	0.837056	0.862267	0.845098	0.859254	0.829371	0.844416	0.8425	0.810299	0.852102	0.873876	0.868419	0.87345	0.887423	0.845058	0.873876	0.860935	0.824088	0.825012	0.885681	0.87227	0.849314	0.906117	0.865237	0.869694	0.821105	0.863366	0.843976	0.824088	0.848769	0.849495	0.832214	0.892091	0.850144	0.824088	0.851107	0.842552	0.815621	0.895186	0.868419	0.852102	0.824088	0.8425	0.864883	0.880551	0.845062	0.81619	0.894161	0.865467	0.84866	0.873335	0.85672	0.867019	0.862664	0.894161	0.843976	0.877199	0.861579	0.815621	0.87061	0.894161	0.870867	0.87345	0.815621	0.864441	0.806494	0.877965	0.885681	0.824088	0.87345	0.854237	0.883434	0.863887	0.859266	0.87061	0.843976	0.829108	0.859192	0.815621	0.85069	0.850456	0.824088	0.850473	0.841115	0.868778	0.848769	0.85654	0.877439	0.874813	0.834929	0.845352	0.850473	0.857405	0.850144	0.839512	0.824088	0.85654	0.829258	0.83642	0.880551	0.843976	0.867338	0.821105	0.894161	0.87061	0.849495	0.834428	0.843976	0.824088	0.848234	0.85964	0.845328	0.834428	0.873876	0.864441	0.874813	0.873335	0.874813	0.87121	0.834679	0.850787	0.868778	0.917341	0.851107	0.866659	0.895186	0.863887	0.894161	0.868419	0.869256	0.864441	0.851107	0.853451	0.856078	0.834765	0.873335	0.859107	0.824088	0.883205	0.824088	0.852291	0.881903	0.85654	0.865383	0.873876	0.857636	0.843976	0.865383	0.848234	0.873335	0.850473	0.873335	0.824088	0.906117	0.854664	0.873335	0.854664	0.894161	0.865383	0.816515	0.854012	0.859696	0.857405	0.863887	0.824088	0.864441	0.821105	0.864038	0.843267	0.874813	0.915104	0.831523	0.867019	0.895186	0.821105	0.877124	0.924047	0.865383	0.843267	0.8425	0.864441	0.824088	0.909463	0.847254	0.822753	0.873876	0.869256	0.834428	0.859192	0.837077	0.848779	0.830422	0.863887	0.856202	0.864441	0.857126	0.815621	0.824088	0.824088	0.873876	0.895186	0.824088	0.877124	0.867338	0.864038	0.906117	0.859192	0.853451	0.830547	0.857126	0.866803	0.819311	0.911139	0.864441	0.825012	0.831397	0.821105	0.859254	0.85654	0.857636	0.909463	0.894161	0.853997	0.873335	0.842363	0.843976	0.87345	0.850309	0.857405	0.895186	0.892735	0.851107	0.824088	0.859192	0.855909	0.864467	0.831088	0.864441	0.877124	0.845058	0.835432	0.871758	0.824088	0.824088	0.819094	0.832327	0.864038	0.819094	0.841115	0.84866	0.861859	0.852952	0.824088	0.857254	0.864441	0.90004	0.894161	0.82191	0.879261	0.864441	0.815621	0.834765	0.834428	0.85964	0.852102	0.85422	0.864312	0.832214	0.869256	0.906117	0.859696	0.860587	0.853451	0.830706	0.850309	0.909463	0.871758	0.872781	0.856202	0.882055	0.825012	0.873335	0.870867	0.862641	0.817635	0.824088	0.856078	0.824088	0.894161	0.892091	0.859107	0.843267	0.849495	0.856401	0.8425	0.874792	0.825012	0.895186	0.832918	0.894161	0.873335	0.848234	0.854237	0.850473	0.864883	0.850144
42000	slope	0.07194	0.0174797	0.0562996	0.0587611	0.0744711	0.0644738	0.0895057	0.0473191	0.106731	0.0425371	0.00614185	0.0249453	0.0642961	0.0596758	0.0642961	0.0644738	0.0746694	0.0860746	0.0631241	0.0745103	0.0668435	0.0480705	0.0258712	0.0418886	0.0788657	0.0682694	0.0564591	0.0879031	0.0751443	0.0524352	0.0714951	0.0751823	0.0524352	0.0408879	0.0534416	0.0174797	0.0789905	0.0602412	0.00894204	0.0473191	0.106731	0.0467897	0.040647	0.109532	0.0648721	0.0575748	0.0788657	0.0473191	0.0473191	0.0910287	0.0812256	0.0511197	0.0174797	0.0381973	0.0480705	0.0676656	0.0788657	0.0680556	0.0826513	0.0102826	0.0425371	0.0480705	0.0473191	0.0632624	0.0805123	0.0842291	0.109532	0.0845139	0.0485533	0.0226287	0.0425349	0.0425496	0.0566341	0.0989418	0.0467897	0.0125409	0.0587611	0.0489076	0.106731	0.0907269	0.109532	0.08142	0.0561129	0.0268975	0.0742844	0.0978031	0.0714817	0.0473191	0.0521683	0.0860746	0.0521683	0.0587611	0.0629268	0.0177939	0.0529196	0.0564591	0.0542542	0.064897	0.0644738	0.0623054	0.059864	0.0595641	0.0521533	0.080237	0.0473191	0.0734183	0.0820489	0.0668435	0.0845139	0.0763373	0.106731	0.0845139	0.0902595	0.0557391	0.106731	0.0529196	0.0639022	0.106731	0.0573733	0.0902595	0.051181	0.0654164	0.0418886	0.060266	0.0174797	0.051181	0.0642961	0.0670211	0.075296	0.0644738	0.0417168	0.0938719	0.0587611	0.0233437	0.0561129	0.0473191	0.0644738	0.106731	0.0561129	0.0694646	0.0668435	0.0910287	0.0892449	0.0893673	0.0758512	0.056236	0.0749714	0.0658065	0.0631335	0.08142	0.106731	0.0127902	0.0381973	0.106731	0.0928076	0.0174797	0.0439839	0.0567126	0.0174797	0.0740523	0.0409308	0.0467897	0.0524352	0.0860746	0.0740642	0.0779872	0.0673487	0.0644738	0.0670211	0.056236	0.0644738	0.0893673	0.0586069	0.0174797	0.0521683	0.0311905	0.106731	0.0434628	0.0915408	0.0827459	0.0820489	0.0644738	0.0425349	0.0644738	0.0624557	0.0220854	0.0425413	0.0679975	0.0174797	0.0538152	0.0650499	0.0258712	0.0147964	0.0587611	0.0258712	0.07194	0.0893673	0.0734183	0.0720486	0.0557622	0.0177939	0.0516015	-0.000537409	0.0788657	0.0734183	0.0587611	0.0582059	0.0317376	0.0668435	0.0779872	0.0473191	0.0529196	0.056236	0.0524352	0.0524352	0.0579536	0.0425371	0.056236	0.0842291	0.0650499	0.0783715	0.110749	0.0249453	0.109532	0.0467897	0.0381973	0.0516015	0.0434628	0.0512179	0.0381973	0.0332236	0.0457311	0.0842291	0.0524352	0.0544919	0.0282201	0.0893673	0.0788657	0.0473191	0.0174797	0.0575984	0.0710771	0.0642961	0.0485533	0.0845139	0.0473191	0.0282201	0.0436105	0.0587611	0.0566341	0.0630994	0.0860746	-0.00885192	0.0668435	0.0425496	0.0716574	0.128494	0.0258712	0.0425496	0.0893673	0.0473191	0.0845139	0.0492162	0.0242379	0.106731	0.0480705	0.0938719	0.0910287	0.0644738	0.0233437	0.0334593	0.0480705	0.0710771	0.0467897	0.0425349	0.0650499	0.100007	0.0102826	0.0820489	0.051181	0.080975	0.064935	0.0516015	0.0755313	0.0334593	0.0756149	0.0174797	0.0587611	0.0434628	0.0524352	0.0473191	-0.00885192	0.0740642	0.0623054	0.0677424	0.0840131	0.0544919	0.101085	0.0524352	0.0557622	0.0649316	0.0788657	0.075296	0.0710771	0.0893673	0.104018	0.0268975	-0.00885192	0.0471442	0.0416435	0.0473191	0.0258712	0.0418886	0.0480705	0.0587611	0.0473191	0.0359733	0.08142	0.0910287	0.0587611	0.0516015	0.0354349	0.0480705	0.0642961	0.0125409	0.0516015	0.00933756	-0.00885192	0.0486615	0.0710771	0.0789905	0.0845139	0.0258712	0.0860746	0.0845139	0.0174797	0.0174797	0.0915408	0.0473191	0.0817973	0.109532	0.0544919	0.0893673	0.0716574	0.0840131	0.0677424	0.0524352	0.00614185	0.0928076	0.0478668	0.109532	0.0623054	0.0268975	0.0457311	0.0681261	-0.00885192	0.0862354	0.106731	0.0473191	0.0524352	0.0928076	0.0716082	0.0529196	0.0529196	0.0473238	0.0893673	0.0258712	0.0524352	0.0763373	0.0734183	0.0174797	0.106731	0.0566341	0.0473191	0.100007	0.0642961	0.0910287	0.0587611	0.0545926	0.0566341	0.0706915	0.0385256	-0.00885192	0.110103	0.101085	-0.0190206	0.0740523	0.0425371	0.0779872	0.0268975	0.0629587	0.0174797	0.0473191	0.0174797	0.055444	0.0632717	0.0860746	0.0642961	0.0893673	0.0788657
42000	intercept	0.828337	0.884476	0.842334	0.853106	0.850611	0.837208	0.84034	0.845978	0.827392	0.8474	0.894796	0.86636	0.830878	0.880465	0.830878	0.847484	0.806869	0.833404	0.817381	0.83709	0.84554	0.866235	0.855184	0.871916	0.844968	0.828071	0.837208	0.814694	0.819984	0.826623	0.823603	0.809777	0.826623	0.857677	0.842304	0.893746	0.849665	0.841163	0.918079	0.848517	0.827392	0.817945	0.867293	0.80974	0.844858	0.850023	0.818629	0.85555	0.8474	0.847696	0.821145	0.852271	0.893746	0.855164	0.880465	0.846515	0.818629	0.862288	0.846323	0.884374	0.8474	0.880465	0.855129	0.833897	0.842236	0.811472	0.813252	0.833404	0.865917	0.884476	0.8474	0.859234	0.821478	0.849973	0.832308	0.850374	0.871213	0.869053	0.827392	0.836767	0.80974	0.847839	0.88576	0.868351	0.814112	0.823328	0.839346	0.8474	0.8474	0.833404	0.834401	0.853106	0.834224	0.865652	0.832549	0.837208	0.866086	0.830014	0.837208	0.857471	0.854735	0.837208	0.862194	0.848056	0.85555	0.841826	0.820753	0.84554	0.833404	0.84056	0.832728	0.829168	0.821073	0.856179	0.819269	0.834689	0.804782	0.832728	0.84682	0.821073	0.857694	0.829046	0.880465	0.844515	0.884476	0.857694	0.85202	0.832812	0.841658	0.837208	0.84682	0.841741	0.841232	0.865507	0.884127	0.860345	0.837208	0.830681	0.88576	0.84554	0.84554	0.847696	0.836178	0.836178	0.856619	0.858153	0.85555	0.837208	0.849884	0.847839	0.827392	0.86991	0.835604	0.832728	0.809682	0.893746	0.880465	0.849005	0.884476	0.866523	0.880465	0.832308	0.826623	0.833404	0.8474	0.831206	0.865917	0.837208	0.832812	0.858153	0.836699	0.857099	0.830878	0.884476	0.8474	0.857817	0.837867	0.85929	0.850626	0.835509	0.820753	0.837208	0.8474	0.837208	0.825231	0.861256	0.88022	0.840395	0.884476	0.859191	0.834366	0.855184	0.884476	0.841232	0.855184	0.828337	0.841236	0.841826	0.848159	0.887239	0.86217	0.837208	0.879169	0.844968	0.856948	0.840338	0.829046	0.86991	0.84554	0.843236	0.85555	0.832549	0.858153	0.826623	0.826623	0.843236	0.8474	0.858153	0.811472	0.837904	0.814112	0.814147	0.844287	0.823371	0.826154	0.835604	0.837208	0.85929	0.865917	0.835604	0.868351	0.856122	0.806869	0.826623	0.833665	0.857355	0.841236	0.836178	0.85555	0.884476	0.857709	0.855553	0.828337	0.857694	0.833404	0.8412	0.859297	0.845978	0.853106	0.833665	0.84179	0.833404	0.861687	0.84554	0.859234	0.843236	0.849648	0.855184	0.859234	0.836178	0.852938	0.833404	0.88022	0.862109	0.830681	0.866235	0.835285	0.847696	0.847484	0.865507	0.878992	0.880465	0.855553	0.832308	0.8474	0.824486	0.818769	0.884374	0.820753	0.857694	0.816599	0.83175	0.837208	0.812565	0.887239	0.843236	0.884476	0.85419	0.85929	0.819942	0.859093	0.861687	0.8474	0.857471	0.83175	0.844627	0.833665	0.824557	0.826623	0.887239	0.866523	0.822097	0.833359	0.853207	0.842656	0.824187	0.863048	0.861687	0.83368	0.859093	0.858142	0.855184	0.880465	0.866235	0.856179	0.845978	0.886565	0.847839	0.847696	0.853106	0.837208	0.855197	0.880465	0.841083	0.858718	0.837208	0.884476	0.861687	0.851875	0.855553	0.849665	0.833404	0.855184	0.833404	0.833404	0.884476	0.884476	0.858778	0.8474	0.828714	0.80974	0.833665	0.831796	0.843236	0.844627	0.83175	0.826623	0.894796	0.829175	0.86303	0.80974	0.857471	0.856613	0.856122	0.888943	0.861687	0.835091	0.831726	0.862191	0.826623	0.800789	0.842486	0.834689	0.834689	0.84124	0.836524	0.855184	0.826623	0.84554	0.841826	0.893746	0.813252	0.833665	0.860345	0.818769	0.828337	0.847696	0.856179	0.839228	0.833665	0.833404	0.84682	0.861687	0.83218	0.824557	0.917865	0.866523	0.8474	0.831206	0.856613	0.860112	0.893746	0.862191	0.884476	0.837208	0.809777	0.833404	0.841083	0.841236	0.844968
43000	slope	0.0879868	0.0545199	0.035015	0.0419038	0.0585117	0.0590747	0.040831	0.035015	0.091999	0.0353612	0.00194501	0.028211	0.0585117	0.0802774	0.0394551	0.035335	0.0662663	0.0808639	0.0373997	0.0662663	0.00194501	0.0437978	0.0662663	0.0164901	0.0773794	0.0491774	0.0635469	0.05755	0.0652302	0.0891104	0.0494375	0.0662663	0.0983082	0.0271318	0.0662663	0.0267206	0.0472283	0.0311592	0.0901007	0.0545199	0.0891104	0.0891104	0.0551401	0.0545199	0.0662663	0.0844585	0.0183425	0.0587389	0.0396525	0.0267206	0.035015	0.0632051	0.0381917	0.0421745	0.0780199	0.0182474	0.0802774	0.0182474	0.035015	0.0187691	0.0881807	0.0187691	0.041167	0.0587389	0.0625026	0.00194501	0.0314856	0.0336803	0.0582685	0.035015	0.0582685	0.0935289	0.0639266	0.0804685	0.0542766	0.0229901	0.00194501	0.0291466	0.0530447	0.0824447	0.00527612	0.0542766	0.0365996	0.0273046	0.0353612	0.0524667	0.0831853	0.068775	0.0743505	0.0385292	0.0361048	0.0802774	0.042346	0.0512176	0.0118872	0.066795	0.031613	0.0519164	0.042346	0.0544979	0.00194501	0.0831853	0.0515522	0.0472387	0.0510728	0.0229901	0.0160606	0.0877071	0.0468769	0.0534558	0.0551673	0.0979056	0.0632051	0.0339256	0.0531515	0.0838799	0.0352621	0.0692127	0.0634019	0.0810347	0.0668428	0.0110817	0.0646257	0.035015	0.00428009	0.0503369	0.0561099	0.0421819	0.0830916	0.0396525	0.068775	0.0881807	0.0662663	0.0542766	0.0816918	0.00527612	0.0408375	0.068775	0.115357	0.0492464	0.0688178	0.0546996	0.0743505	0.0534558	0.0153316	0.0308618	0.0662663	0.0448232	0.0605806	0.0802774	0.0808639	0.0984813	0.0576462	0.0879868	0.0164901	0.0567654	0.0710745	0.0589555	0.0660205	0.0442354	0.0935289	0.0518964	0.035015	0.0559433	0.0891104	0.0705138	0.0182474	0.0545199	0.083614	0.0907837	0.0350018	0.0907837	0.0267206	0.0153316	0.0347496	0.0545479	0.0718481	0.0543029	0.0901007	0.0562386	0.0229901	0.0313803	0.0863185	0.035015	0.00428009	0.070369	0.0153282	0.0300873	0.0407685	0.0418278	0.0545199	0.0646967	0.0404313	0.00428009	0.0658276	0.0773794	0.0721936	0.0221226	0.0824447	0.0520117	0.0350018	0.0559074	0.0534558	0.0273046	0.0710745	0.0824447	0.0634019	0.0531099	0.041167	0.00194501	0.00194501	0.0653862	0.0396525	0.035015	0.0582685	0.0802774	0.0743505	0.00194501	0.083614	0.0803152	0.00194501	0.0808639	0.0844585	0.035015	0.0935289	0.066168	0.0802774	0.0365996	0.0802774	0.0407061	0.0935289	0.064916	0.0984813	0.0534558	0.035015	0.0634019	0.0594025	0.0585117	0.0587389	0.0594025	0.0891104	0.0824447	0.0153316	0.0413684	0.00527612	0.041167	0.0421745	0.0824447	0.035015	0.0413528	0.0710745	0.0582685	0.0467937	0.035015	0.0743505	0.00527612	0.0901007	0.0804685	0.0819376	0.0561099	0.0814768	0.0154792	0.0831768	0.0347496	0.0534558	0.00194501	0.0503369	0.0385292	0.00194501	0.0396525	0.0804685	0.0545199	0.0662663	0.0628609	0.0467937	0.0605494	0.0605806	0.0182474	0.0587389	0.0197256	0.0611076	0.0532596	0.0544979	0.0662663	0.035015	0.073323	0.0421745	0.0587389	0.00194501	0.0545199	0.0339256	0.0561099	0.0863185	0.0545199	0.0349552	0.0984813	0.0602596	0.0506679	0.0549651	0.0710745	0.0304504	0.0561099	0.0802774	0.040657	0.0118872	0.0554905	0.0725736	0.0534558	0.0160606	0.00194501	0.040657	0.115357	0.0979056	0.0562386	0.0743505	0.066795	0.0891104	0.0725736	0.0710745	0.0545199	0.0907837	0.0354885	0.035015	0.0336803	0.0187691	0.0385292	0.0160606	0.0582685	0.0173421	0.0611076	0.0394551	0.0251367	0.0463733	0.0520117	0.0641928	0.0394551	0.0350018	0.0407061	0.0221226	0.0935289	0.0549258	0.0725736	0.114172	0.0901007	0.049274	0.0559074	0.073323	0.049274	0.0605806	0.00428009	0.0561099	0.0870438	0.0721936	0.00194501	0.0838799	0.068775	0.0545479	0.0466601	0.064916	0.041167	0.0561099	0.0385292	0.0585117	0.0824447	0.0274315	0.0559433	0.0761717	0.0567654	0.0336803	0.0545199	0.0542766	0.0561099	0.035015	0.0710745	0.0365996	0.0824447	0.0568921	0.0589555	0.0407061	0.0396525	0.0624399	0.064916	0.0752737	0.0154792	0.0611076	0.0255061	0.0710745	0.0385292	0.035015	0.0662663	0.0500608	0.0956639	0.0605806	0.0385292	0.0187691	0.0304504	0.0464471	0.0210922	0.0611076	0.0590747
43000	intercept	0.867218	0.861819	0.869258	0.853682	0.861819	0.835103	0.830208	0.869258	0.827388	0.853682	0.879318	0.855709	0.861819	0.8362	0.853718	0.844197	0.842759	0.860229	0.870249	0.842759	0.879318	0.84713	0.851029	0.879318	0.838299	0.849868	0.839936	0.888246	0.845576	0.846414	0.861068	0.851029	0.843265	0.855308	0.842759	0.869258	0.843915	0.869258	0.827388	0.861819	0.846414	0.846414	0.839101	0.861819	0.851029	0.8362	0.891347	0.847277	0.828587	0.869258	0.860748	0.830208	0.869367	0.867191	0.838299	0.90246	0.8362	0.90246	0.860748	0.855371	0.832743	0.855371	0.854275	0.838631	0.85059	0.835975	0.851385	0.871757	0.854226	0.865919	0.869002	0.854054	0.83833	0.852702	0.844197	0.878954	0.879318	0.859112	0.859933	0.834028	0.857128	0.844197	0.865281	0.869258	0.853682	0.861301	0.833671	0.834904	0.842968	0.853682	0.860435	0.827434	0.844197	0.861819	0.868628	0.858964	0.862484	0.857656	0.844197	0.853735	0.879318	0.833671	0.870812	0.849234	0.844197	0.878954	0.860644	0.830208	0.858267	0.85866	0.864971	0.827643	0.830208	0.854199	0.83762	0.850591	0.90778	0.816695	0.84589	0.830807	0.856345	0.876501	0.858421	0.866534	0.895614	0.869258	0.843	0.848965	0.840267	0.840812	0.834904	0.832743	0.842759	0.844197	0.829063	0.876501	0.845842	0.834904	0.833717	0.856459	0.846054	0.842179	0.842968	0.846225	0.843331	0.847169	0.842759	0.841433	0.875679	0.827434	0.860229	0.830208	0.848346	0.85013	0.879318	0.874098	0.846157	0.846054	0.842968	0.854552	0.844774	0.854552	0.860748	0.875756	0.846414	0.851561	0.90246	0.861819	0.860684	0.827388	0.855371	0.827388	0.867863	0.847169	0.857731	0.847277	0.844197	0.869258	0.808285	0.834349	0.878954	0.855371	0.842968	0.860748	0.899752	0.846157	0.862	0.853734	0.826317	0.873083	0.861819	0.851208	0.849644	0.899752	0.858156	0.837438	0.829137	0.869258	0.834028	0.828034	0.855371	0.842759	0.839846	0.869258	0.846157	0.834028	0.84589	0.863602	0.861795	0.885253	0.879318	0.877066	0.846945	0.871884	0.854226	0.8362	0.843568	0.879318	0.860684	0.834028	0.835975	0.857068	0.8362	0.860748	0.844774	0.855192	0.8362	0.869512	0.827434	0.838202	0.844774	0.83833	0.830208	0.839846	0.860748	0.84725	0.84109	0.861819	0.858421	0.84109	0.846414	0.834028	0.843331	0.869476	0.876501	0.881559	0.867191	0.834028	0.863447	0.860332	0.846157	0.854226	0.848664	0.860748	0.843568	0.876501	0.808285	0.84589	0.834028	0.843	0.842968	0.881759	0.850591	0.857731	0.844928	0.879318	0.869258	0.853682	0.879318	0.846945	0.854097	0.861819	0.842759	0.861301	0.848664	0.839846	0.875679	0.90246	0.858421	0.855371	0.866885	0.863602	0.853735	0.842759	0.869258	0.834028	0.867191	0.858421	0.879318	0.867954	0.854199	0.843	0.842968	0.861819	0.861819	0.830208	0.848664	0.846054	0.83272	0.846157	0.886741	0.862081	0.795539	0.847642	0.868628	0.844928	0.849407	0.839846	0.886139	0.835975	0.853682	0.833717	0.827643	0.820503	0.842968	0.833696	0.846414	0.849407	0.846157	0.861068	0.827388	0.865911	0.85739	0.871757	0.855371	0.853682	0.860644	0.854226	0.869258	0.866885	0.854199	0.869258	0.863602	0.828034	0.828414	0.854199	0.855371	0.822426	0.869258	0.844774	0.896984	0.837398	0.852501	0.827388	0.838657	0.842759	0.834028	0.834028	0.876978	0.899752	0.843636	0.850604	0.829137	0.879318	0.850591	0.834904	0.847277	0.822426	0.83833	0.861795	0.83272	0.853682	0.861819	0.834028	0.871055	0.843636	0.880837	0.861976	0.852794	0.861819	0.844197	0.843636	0.860748	0.850608	0.849694	0.827552	0.847277	0.846054	0.838202	0.828587	0.836505	0.83833	0.861819	0.881759	0.866712	0.871055	0.850608	0.853682	0.860748	0.842759	0.844197	0.818019	0.875679	0.853682	0.855371	0.886741	0.847277	0.886695	0.866885	0.835103
44000	slope	0.119504	0.0788997	0.0987476	0.0496397	0.0710097	0.0646002	0.0667421	0.0538575	0.0640826	0.0575198	0.0795084	0.0554673	0.106649	0.0588453	0.0515292	0.0481025	0.0740821	0.0568165	0.0687699	0.0657098	0.0396627	0.0645368	0.0378223	0.104076	0.038444	0.056363	0.0599206	0.0794862	0.0274315	0.0693296	0.0946662	0.0432258	0.0795084	0.0326368	0.0739135	0.0532636	0.125407	0.0648371	0.030666	0.0264025	0.0754182	0.0775757	0.0137171	0.0645368	0.0422093	0.0834131	0.0388588	0.0609394	0.0754397	0.0684332	0.0649747	0.0225206	0.0604499	0.0681513	0.0574727	0.0674163	0.0645368	0.0834453	0.107349	0.0712064	0.104076	0.0775757	0.0717713	0.116001	0.0739135	0.0731227	0.0688833	0.0650553	0.0650553	0.0548235	0.0409266	0.0417379	0.119504	0.0225078	0.0739135	-0.00846526	0.0538575	0.0438646	0.0502861	0.0739135	0.0795346	0.0795084	0.0645368	0.0588453	0.0157594	0.00776762	0.0409266	0.0433859	0.0561209	0.104076	0.0366015	0.0588453	0.053783	0.0645368	0.0443305	0.0345859	0.0784469	0.0225078	0.0825463	0.0256904	0.0818862	0.0706	0.0345859	0.0471663	0.0537864	0.0600926	0.0847378	0.0693296	0.100612	0.048031	0.0646002	0.0591276	0.089303	0.0648371	0.0914767	0.0645368	0.0686705	0.0714525	0.0647978	0.0588453	0.0775757	0.0599206	0.0502861	0.0697587	0.0688833	0.0502861	0.0710097	0.103941	0.0742733	0.0580314	0.0591276	0.0934742	0.0569872	0.0574114	0.0568165	0.103208	0.0240991	0.107794	0.0753307	0.042502	0.0720943	0.0736654	0.0496397	0.0435588	0.0507143	-0.00846526	0.0495563	0.0433859	0.112066	0.106653	0.0826105	0.0588453	0.103208	0.0274247	0.0640826	0.0561209	0.0648371	0.0645368	0.0396544	0.0225206	0.0908574	0.0795084	0.0648371	0.0775757	0.0635981	0.0625349	0.074727	0.0591276	0.067067	0.0662932	0.0916107	0.0751065	0.101428	0.0553534	0.00776762	0.043831	0.0669011	0.0137171	0.0527409	0.0775757	0.0463456	0.0881084	0.0502861	0.0535793	0.0705885	0.0678277	0.0553199	0.0575198	0.0693296	0.109879	0.0619936	0.0775757	0.0502861	0.0225078	0.0686705	0.0961749	0.0645368	0.0710097	0.0753556	0.0754182	0.0696919	0.0208922	0.0714525	0.0538575	0.0754182	0.0494631	0.0425914	0.0881084	0.0795346	0.0822103	0.0669011	0.0739135	0.0795084	0.0566769	0.0580314	0.0527385	0.104076	0.0616148	0.0795084	0.0817757	0.0280855	0.0349568	0.0274315	0.0593608	0.0502861	0.0739135	0.0519804	0.0435588	0.0225078	0.0795084	0.0502861	-0.00846526	0.0739135	0.113486	0.103208	0.0648371	0.0494631	0.0752166	0.126536	0.0739135	0.0225078	0.0502861	0.0494631	0.0754397	0.0345859	0.0822103	0.109879	0.0137171	0.126536	0.04146	0.0946662	0.0645368	0.0345859	0.0274315	0.0710097	0.0561209	0.0553199	0.0580314	0.056363	0.0157594	0.0775757	0.0866043	0.0274315	0.0225078	0.106649	0.0962569	0.0736524	0.076557	0.0705885	0.0675269	0.107794	0.0739135	0.0662316	0.0705885	0.0274315	0.0647978	0.0593608	0.0795084	0.0599206	0.0553199	0.0777403	0.0987476	0.059558	0.113486	0.0409266	0.0561209	0.126536	0.0836146	0.0753556	0.106653	0.0914767	0.0494631	0.0607778	0.0775757	0.07466	0.101428	0.042474	0.0561209	0.0645368	0.0795346	0.0591276	0.0494631	0.0795341	0.0225078	0.0934742	0.0574727	0.00776762	0.0275354	0.0137171	0.0795084	0.0477344	0.0647978	0.0274315	0.0494631	0.0799153	0.0888252	0.00807569	0.0775757	0.0916107	0.0739135	0.0645368	0.0822103	0.0795346	0.0648371	0.0601769	0.0835916	0.104076	0.056363	0.0317142	0.0645368	0.0834453	0.0483095	0.0887955	0.0600926	0.0438646	0.0357289	0.0450106	0.0754182	0.0753556	0.0723111	0.0804297	0.0515292	0.0710097	0.0799153	0.0650553	0.0645368	0.0483095	0.0645368	0.0650553	0.0650553	0.0682842	0.0537864	0.0797735	0.109879	0.0650553	0.0553534	0.0620754	0.0645368	0.0697587	0.0349568	0.0645368	0.0894095	0.0450106	0.0645368	0.0739135	0.0703557	0.0645368	0.0682842	0.0648371	0.0647978	0.0754182	0.038444	0.0240713	0.0754182	0.0452693	0.0494631	0.0584111	0.0588453	0.0987476	0.0225078	0.0537864	0.0866043	0.0580314	0.0753556	0.0739135	0.067463	0.0225078	0.0795346	0.0494631	0.0357289	0.0648371	0.0645368	0.0777403	0.0775757	0.0777403	0.0795346	0.107794	0.0512399	-0.00846526	0.0760014
44000	intercept	0.794479	0.846331	0.807671	0.857785	0.890264	0.855851	0.875019	0.839215	0.841015	0.864249	0.842203	0.840449	0.856277	0.834699	0.862637	0.863825	0.849233	0.868349	0.835534	0.835413	0.852246	0.845848	0.853226	0.815786	0.878631	0.841015	0.83737	0.85877	0.841967	0.876772	0.848809	0.850338	0.842203	0.822096	0.837688	0.859741	0.816401	0.835108	0.837158	0.894287	0.850154	0.839697	0.865071	0.845848	0.838337	0.842868	0.840022	0.855726	0.845814	0.862861	0.849892	0.846525	0.840738	0.863559	0.865316	0.845388	0.841456	0.853767	0.83558	0.846086	0.815786	0.839697	0.843074	0.802057	0.837688	0.833884	0.852194	0.86549	0.86549	0.842063	0.850532	0.877049	0.804085	0.865324	0.850276	0.865965	0.839215	0.846414	0.843347	0.837688	0.835163	0.847767	0.868984	0.832615	0.836696	0.864076	0.850532	0.854185	0.873162	0.815786	0.851032	0.838357	0.863631	0.834571	0.853295	0.865272	0.835413	0.865324	0.837982	0.829919	0.822702	0.865541	0.865272	0.852666	0.836922	0.863631	0.858468	0.876772	0.83558	0.88547	0.855851	0.855851	0.833379	0.835108	0.850709	0.845848	0.834708	0.838422	0.843788	0.834699	0.839697	0.83737	0.847995	0.881094	0.852194	0.860168	0.890484	0.848809	0.878524	0.823301	0.855851	0.826672	0.842017	0.854906	0.868349	0.789581	0.847622	0.804567	0.885637	0.857211	0.836325	0.862923	0.857785	0.843347	0.845978	0.865965	0.860881	0.852456	0.815786	0.807154	0.864371	0.834699	0.789581	0.850456	0.841015	0.873162	0.835108	0.845106	0.84609	0.846525	0.815318	0.842203	0.835108	0.839697	0.842735	0.865541	0.81557	0.856672	0.857785	0.873855	0.8461	0.83394	0.848809	0.842048	0.864076	0.851121	0.868635	0.865071	0.860291	0.839697	0.840449	0.821407	0.860168	0.868457	0.85877	0.854288	0.836151	0.865429	0.876772	0.803044	0.857785	0.852264	0.843347	0.865324	0.834708	0.809504	0.845848	0.89239	0.794447	0.850154	0.863551	0.878631	0.838422	0.839215	0.844274	0.857785	0.840449	0.821407	0.830596	0.834677	0.868635	0.837688	0.847024	0.857211	0.823301	0.86549	0.815786	0.845848	0.842203	0.873167	0.85529	0.855851	0.834444	0.841015	0.843347	0.837688	0.832263	0.843347	0.865324	0.842203	0.860168	0.865965	0.837688	0.802057	0.789581	0.835413	0.869537	0.850154	0.794479	0.837688	0.865324	0.85317	0.85574	0.845814	0.865272	0.834677	0.815786	0.865071	0.794479	0.818039	0.848809	0.845211	0.865272	0.834444	0.873855	0.863825	0.836151	0.823301	0.841015	0.836696	0.836692	0.850648	0.836696	0.865324	0.856627	0.804567	0.837688	0.836432	0.85877	0.835108	0.798291	0.837688	0.870942	0.85877	0.841967	0.843788	0.841015	0.847024	0.83737	0.836151	0.843074	0.807671	0.862637	0.802057	0.836151	0.873162	0.794479	0.884173	0.794447	0.807154	0.850709	0.869537	0.840813	0.839697	0.863551	0.848809	0.836306	0.873162	0.845848	0.835163	0.856672	0.857785	0.873167	0.865324	0.826672	0.865316	0.864076	0.853666	0.865071	0.842203	0.863825	0.843788	0.841967	0.857785	0.82764	0.85647	0.865071	0.839697	0.8461	0.837688	0.845848	0.834677	0.835163	0.835413	0.857785	0.8461	0.815786	0.841015	0.865324	0.835896	0.855574	0.828226	0.826672	0.863631	0.846414	0.862637	0.836151	0.850154	0.794447	0.894864	0.857211	0.862637	0.873855	0.82764	0.877374	0.845211	0.818706	0.840751	0.86549	0.867263	0.89103	0.836922	0.834677	0.815786	0.86549	0.834734	0.837238	0.840751	0.873162	0.855851	0.868984	0.830939	0.836151	0.845211	0.837688	0.867273	0.841677	0.865316	0.835108	0.843788	0.854211	0.878631	0.865071	0.854211	0.830226	0.851884	0.835108	0.834699	0.815786	0.865324	0.836922	0.850648	0.823301	0.795087	0.850276	0.863551	0.865324	0.835163	0.868403	0.862637	0.833397	0.841677	0.843074	0.852264	0.843074	0.830596	0.804567	0.849202	0.865965	0.890264
45000	slope	0.0387283	0.105792	0.0645764	0.120643	0.0598641	0.127976	0.0610941	0.0741864	0.132171	0.0920516	0.127976	0.0322561	0.0289875	0.0725123	0.0789725	0.0541006	0.0501998	0.0708085	0.0622624	0.0648647	0.0712126	0.03516	0.105858	0.0296546	0.0532006	0.0235827	0.10339	0.0282798	0.0861273	0.0786449	0.0752274	0.0432476	0.0768674	0.0896799	0.0482004	0.0741864	0.0493324	0.0768674	0.0883271	0.0348654	0.108647	0.0686622	0.075862	0.0595932	0.0622624	0.058668	0.0795972	0.0860506	0.0770723	0.0692828	0.062035	0.0741864	0.0718902	0.0807351	0.0789725	0.0768674	0.092959	0.0541006	0.0532006	0.0789725	0.0878292	0.073666	0.0861273	0.0609005	0.0465176	0.051014	0.0652145	0.0795556	0.0798116	0.032871	0.0622624	0.0392808	0.084223	0.0632249	0.0106364	0.0637348	0.0648647	0.0448884	0.0541006	0.0579584	0.0669736	0.0432476	0.0789725	0.0786449	0.0625915	0.0525394	0.0486336	0.0929813	0.084223	0.0861273	0.074333	0.0635551	0.0765041	0.0289875	0.0728654	0.0833355	0.0752274	0.0242165	0.0395197	0.123253	0.044664	0.131166	0.0203824	0.0989709	0.121162	0.032871	0.0788085	0.0165251	0.0861273	0.0912767	0.0843397	0.0445325	0.0611465	0.032871	0.105792	0.0648647	0.0527264	0.0432476	0.0686622	0.0712126	0.0798116	0.0484306	0.0432476	0.103346	0.0577656	0.0949493	0.0631365	0.074333	0.0655369	0.105792	0.0647001	0.0395937	0.0765795	0.0487678	0.092959	0.0731654	0.0768674	0.115705	0.108647	0.0561917	0.066491	0.0541006	0.0798116	0.032871	0.0661503	0.0622624	0.0395937	0.127976	0.0527658	0.108647	0.0622624	0.0432476	0.0456086	0.0541006	0.0677916	0.0669057	0.03516	0.0622624	0.0836919	0.0768674	0.084223	0.0448055	0.0596561	0.0165251	0.0681031	0.032871	0.0611465	0.0740592	0.130504	0.0773947	0.0584243	0.0173367	0.0795972	0.0625915	0.0282798	0.0622624	0.0448884	0.092959	0.0573853	0.0702514	0.0751235	0.0532006	0.103083	0.0977844	0.0432476	0.126397	0.0329827	0.0798116	0.0785704	0.0795972	0.0768674	0.0668489	0.110619	0.0532006	0.0798116	0.131166	0.062035	0.0913298	0.0885538	0.0672852	0.0353001	0.0647001	0.0532006	0.0647001	0.0644298	0.0703148	0.0564794	0.0596676	0.0692714	0.117737	0.0384965	0.0725123	0.0728654	0.0534992	0.0927764	0.0205403	0.0795972	0.0798116	0.108647	0.0908522	0.0537055	0.0073135	0.0173367	0.0240989	0.032871	0.0949493	0.074333	0.0786372	0.0686622	0.127976	0.0874843	0.0686622	0.10339	0.0789725	0.0768674	0.0795972	0.0692714	0.0714122	0.0432476	0.0686622	0.11259	0.0741864	0.0643331	0.0768674	0.0174211	0.108647	0.0648647	0.0798116	0.105792	0.0631365	0.0608604	0.0235827	0.0365587	0.0798116	0.0880776	0.0789725	0.0534992	0.0432476	0.0896799	0.0768674	0.0532006	0.132171	0.0584243	0.0631365	0.0598641	0.0475582	0.0795972	0.0728654	0.0786449	0.0625915	0.0861273	0.0541006	0.0564794	0.066661	0.0786449	0.0728654	0.0768674	0.0541006	0.0419894	0.0712126	0.0478442	0.0896799	0.0532006	0.0714122	0.0432476	0.0789725	0.0289875	0.0545881	0.0789725	0.066661	0.108647	0.062035	0.0647001	0.0669736	0.0768674	0.0955039	0.0741905	0.0370499	0.0686622	0.0475582	0.0644298	0.0686622	0.0786372	0.0545881	0.0789725	0.0843162	0.0808251	0.0686622	0.0241037	0.0289875	0.0648647	0.0532006	0.0604366	0.0778861	0.0648647	0.0979927	0.0728657	0.101187	0.0748429	0.0319574	0.0541006	0.0587804	0.032871	0.0493324	0.0479564	0.0622414	0.043923	0.0537055	0.120643	0.0786372	0.0165251	0.0961111	0.065853	0.0795972	0.0353001	0.0963088	0.0719539	0.0289875	0.0861273	0.0432476	0.015515	0.0896799	0.065853	0.0564794	0.0789725	0.0365587	0.0789725	0.0235827	0.0653956	0.0892485	0.0779679	0.0795972	0.0940178	0.0541006	0.0789725	0.10339	0.0667443	0.074333	0.0604366	0.0786449	0.0752274	0.084223	0.0493324	0.0686622	0.0566107	0.0789725	0.0608604	0.0768674	0.0537591	0.0625915	0.0669057	0.0789725	0.0604366	0.0692714	0.0595932	0.0789725	0.0878292	0.0624839	0.0365587	0.130504	0.0896799	0.0955039	0.0644298	0.087221	0.0353001	0.0598641	0.0564794	0.0714122	0.0652145	0.0789725	0.0595932	0.0798116	0.084223	0.071875	0.0962975	0.0198702	0.0752274	0.0886986	0.103083	0.0686622
45000	intercept	0.864409	0.836727	0.835377	0.809049	0.842062	0.806696	0.828968	0.832634	0.851062	0.847394	0.830713	0.863517	0.875891	0.830775	0.82897	0.84535	0.840566	0.855398	0.829935	0.837113	0.85744	0.851488	0.790934	0.849678	0.851991	0.875891	0.786393	0.869989	0.837993	0.832634	0.804048	0.860771	0.830336	0.82867	0.852862	0.832634	0.830778	0.817474	0.83164	0.875891	0.81186	0.835377	0.829105	0.866015	0.832923	0.829935	0.840205	0.863635	0.829961	0.847492	0.873177	0.832634	0.828892	0.812617	0.82897	0.82113	0.82867	0.84535	0.851991	0.843608	0.855234	0.821572	0.836976	0.834591	0.852919	0.835364	0.827194	0.86364	0.827597	0.839109	0.826806	0.85226	0.805849	0.853201	0.860771	0.83507	0.824862	0.886797	0.833424	0.829803	0.858946	0.868701	0.82897	0.832634	0.86364	0.836613	0.84535	0.827176	0.802963	0.836976	0.82117	0.832957	0.84618	0.875891	0.836976	0.894449	0.823249	0.830778	0.854115	0.810841	0.827124	0.795793	0.841636	0.823401	0.810378	0.830778	0.835553	0.895637	0.840751	0.830775	0.832396	0.830778	0.829935	0.845822	0.824425	0.832326	0.850523	0.849829	0.845653	0.85744	0.829699	0.865181	0.863517	0.857907	0.852284	0.803515	0.829935	0.82117	0.821572	0.824425	0.856786	0.806458	0.832956	0.84535	0.829192	0.839266	0.82113	0.830638	0.810841	0.819814	0.817953	0.84535	0.829699	0.8367	0.851991	0.829935	0.806458	0.806696	0.85998	0.810841	0.832923	0.863517	0.841384	0.84535	0.835366	0.83884	0.851488	0.826806	0.843608	0.825011	0.810515	0.846804	0.856477	0.895637	0.834671	0.839109	0.829935	0.831818	0.810841	0.836176	0.82113	0.895637	0.855747	0.86364	0.869989	0.829935	0.886797	0.82867	0.851991	0.829935	0.836424	0.851991	0.820031	0.820031	0.849829	0.810378	0.885796	0.825154	0.82584	0.840205	0.82113	0.835595	0.810841	0.851991	0.826376	0.795793	0.873177	0.816363	0.832386	0.85407	0.898725	0.856786	0.851991	0.856786	0.851632	0.856131	0.851763	0.894449	0.852187	0.834179	0.851991	0.830775	0.836976	0.84535	0.803515	0.875891	0.840205	0.827597	0.810841	0.833544	0.810515	0.890159	0.895637	0.874637	0.839109	0.801093	0.82117	0.829935	0.835377	0.806696	0.810515	0.835377	0.790934	0.843608	0.830336	0.840205	0.852187	0.80524	0.847236	0.836183	0.810841	0.832634	0.831857	0.82113	0.886764	0.819947	0.832326	0.827597	0.853255	0.83516	0.830336	0.875891	0.849678	0.827597	0.801836	0.833277	0.84535	0.860214	0.847439	0.810771	0.851991	0.851062	0.82113	0.83516	0.842062	0.880158	0.840205	0.836976	0.832634	0.86364	0.837993	0.84535	0.851763	0.832326	0.832634	0.836976	0.82113	0.846485	0.85624	0.85744	0.844305	0.82867	0.851991	0.824735	0.856322	0.847992	0.875891	0.829935	0.833277	0.832326	0.810841	0.873177	0.856786	0.858348	0.830336	0.798834	0.86364	0.851991	0.845653	0.880158	0.851632	0.845653	0.829935	0.829935	0.847992	0.829833	0.835553	0.835289	0.875891	0.875891	0.832326	0.851991	0.824043	0.817899	0.832326	0.82867	0.823249	0.803515	0.815652	0.864409	0.84535	0.810515	0.830778	0.830778	0.82867	0.851991	0.825679	0.810515	0.809049	0.829935	0.908762	0.841694	0.829935	0.831262	0.898725	0.803515	0.824448	0.875891	0.840751	0.856322	0.890159	0.82867	0.829935	0.851763	0.843608	0.849678	0.833277	0.875891	0.839062	0.798834	0.825151	0.840205	0.833345	0.84535	0.847992	0.790934	0.827124	0.82117	0.824043	0.832634	0.804048	0.817899	0.823726	0.835377	0.82867	0.834035	0.830336	0.82113	0.829935	0.86364	0.83884	0.843608	0.824043	0.852187	0.883802	0.834795	0.858946	0.850793	0.856576	0.810841	0.82867	0.810515	0.851632	0.805849	0.898725	0.842062	0.851763	0.80524	0.827194	0.847992	0.883802	0.829699	0.817899	0.843812	0.820031	0.875891	0.834653	0.827597	0.797978	0.836183
46000	slope	0.0697489	0.077412	0.124569	0.0115605	0.112732	0.0700835	0.0403131	0.016693	-0.00731959	0.0873254	0.012264	0.0645936	0.0115605	0.066885	0.0809078	0.0613389	0.0882908	0.0780245	0.0827845	0.0544405	0.0210468	0.0115605	0.0115605	0.0209305	0.101574	0.0818385	-0.00731959	0.0235209	0.0325511	0.0873254	0.0769115	0.104232	0.127825	0.0595573	0.0777025	0.012264	0.0790282	0.0235209	0.0161145	0.0283487	0.0389415	0.0171124	0.0596717	0.0997161	0.0827845	0.0431095	0.0662408	0.0827845	0.0358036	0.0454812	0.100072	0.0295969	0.0836901	0.0840596	0.0191134	0.0805655	0.111983	0.00438054	0.059166	0.0814738	0.012264	0.093018	0.0295969	0.0947593	0.095701	0.0957747	0.0496249	0.0986587	0.0495944	0.0892732	0.0535163	0.066885	0.0797408	0.081892	0.0818385	0.0541042	0.0454812	0.0115605	0.0681795	-0.00731959	0.0590691	0.0755567	0.091202	0.104232	0.0467686	0.0818385	0.0708568	0.091202	0.0984036	0.0782054	0.0161145	0.0272329	0.0830157	0.107086	0.0527687	0.0325511	0.0578962	0.104232	0.059166	0.103416	0.0370198	0.0450123	0.0191134	0.0823955	0.0844624	0.0814738	0.102327	0.0755331	0.000567978	0.0454812	0.0467686	0.0527687	0.0864504	0.0161145	0.045977	0.031599	0.0413594	0.107699	0.00438054	0.0986587	0.0697489	0.0871701	0.112732	0.0595573	0.104232	0.102327	-0.00731959	0.0818946	0.0830157	0.045853	0.0312376	0.132653	0.0317364	0.0944624	-0.0102791	0.0745301	-0.0102791	0.113344	0.076159	0.0710972	0.0827845	-0.0102791	0.0493237	0.0441609	0.00441716	0.107086	0.10734	0.0745301	0.101574	0.0969123	0.0151647	0.0325511	0.0639427	0.112732	0.081892	0.0991274	0.132653	0.0595573	0.093018	0.0991098	0.0830157	0.0871701	0.0763367	0.0606721	0.107086	0.104446	0.0827845	0.0115605	0.0495944	0.0614877	0.0871701	0.102055	0.0957747	0.0614877	0.0605225	0.0593161	0.107086	0.110803	0.104232	0.0454812	0.0324088	0.112732	0.0871701	-0.00731959	0.105279	0.0502606	0.0495944	0.00438054	0.0328399	0.0637072	0.0246799	0.0886955	0.066885	0.0582527	0.0246799	-0.00254385	0.0907737	0.0739579	0.0601279	0.0234543	0.0871701	0.0697489	-0.0102791	0.104232	0.071837	0.0959426	0.096434	0.109977	0.0997161	0.0829524	0.119634	0.00615307	0.0260221	0.0593161	0.0715542	0.0595573	0.0666043	0.0503376	0.0697489	0.0306644	0.0495944	0.0842597	-0.0102791	0.0613389	0.0830157	0.132653	0.0224432	0.088486	0.00615307	0.00438054	0.0873254	0.0830157	0.00119025	0.0769115	0.0697489	0.0958614	0.0760539	0.0697489	0.0535163	0.0840596	0.00119025	0.012264	0.0710583	0.119634	0.0871701	0.0348759	0.0590691	0.0710972	0.0755567	0.101574	0.0527687	0.0809078	0.0312376	0.048535	0.00615307	0.0836901	0.0830157	0.0793111	0.00438054	0.0930569	0.0208231	0.0283487	0.0249553	0.0730504	0.0249553	0.0871701	0.0312376	0.0781775	0.0760539	0.0295969	0.0493237	0.101574	0.00813254	0.0532402	0.0283487	0.117366	0.0827396	0.0617756	0.031599	0.0827845	0.0940228	0.066885	0.0115605	0.0590691	0.066885	0.0353064	0.012264	0.0532402	0.0208231	0.00615307	0.104446	0.0930569	0.071837	0.0246799	0.0527687	0.00902604	0.0827845	0.100815	0.102055	0.0115605	0.0697489	0.0317364	0.0210762	0.0208231	0.0302847	0.00930695	0.0809078	0.0175055	0.0971264	0.0115605	0.100372	0.0536755	0.0700835	0.0115605	0.0730504	0.068042	0.0936179	0.0613389	0.119634	0.0495944	0.0755567	0.119634	0.0567089	0.0495944	0.0745301	0.00438054	0.0567089	0.104446	0.0894383	0.00930695	0.0443512	0.0353064	0.0830157	0.0495944	0.0997161	0.081892	0.017344	0.0567882	0.0208231	0.093018	0.0818385	0.0153824	0.112513	0.0871701	0.0191134	0.0793111	0.0295969	0.0495944	0.0536755	0.0871701	0.109977	0.0871701	0.0818385	0.0613305	0.0871701	0.0780245	0.0493237	0.068042	0.012264	0.101574	0.0871701	0.066885	0.10734	0.109977	0.0870745	0.00438054	0.0702009	0.0755567	0.0814738	0.112474	0.0873254	0.0295969	0.0814738	0.0971264	0.108695	-0.00731959	0.00438054	0.112732	0.109977	0.00615307	0.0997161	0.066885	0.0295969	0.107863	0.0777025	-0.0129622	0.101574	0.10734	0.110187	0.111983	0.066885	0.107086	0.0495944	-0.00236912	0.0836901	0.0495944	0.0697489	0.0250638	0.0595268	0.0784693
46000	intercept	0.843602	0.849275	0.7986	0.884903	0.821192	0.847607	0.869359	0.861669	0.870142	0.847427	0.869456	0.828867	0.884903	0.876738	0.840039	0.826082	0.851891	0.840954	0.816045	0.849685	0.850981	0.872229	0.884903	0.862288	0.811249	0.842315	0.870142	0.853268	0.869359	0.838169	0.821757	0.812435	0.80061	0.873602	0.842441	0.869456	0.813028	0.853268	0.880507	0.855599	0.866358	0.859115	0.849293	0.799976	0.816045	0.850958	0.827324	0.816045	0.855599	0.882724	0.840487	0.859115	0.844491	0.840954	0.863777	0.842425	0.844684	0.8596	0.820187	0.819423	0.869456	0.863517	0.859115	0.80061	0.826844	0.832811	0.872216	0.792224	0.854984	0.839158	0.833131	0.876738	0.841495	0.858332	0.842315	0.848996	0.882724	0.898891	0.853211	0.872909	0.847607	0.858332	0.825162	0.812435	0.825767	0.842315	0.851869	0.829822	0.806753	0.86334	0.880507	0.842695	0.816045	0.855574	0.878865	0.871529	0.845828	0.807982	0.824455	0.850751	0.855761	0.863817	0.863777	0.838169	0.849901	0.819423	0.837401	0.847863	0.861697	0.882724	0.825767	0.878865	0.861271	0.886856	0.866342	0.843521	0.845265	0.811249	0.8596	0.784459	0.843602	0.847427	0.813209	0.860447	0.806753	0.827069	0.870142	0.843019	0.816045	0.853513	0.844026	0.792224	0.843521	0.8435	0.862698	0.832425	0.862698	0.848941	0.85334	0.844255	0.816045	0.862698	0.825767	0.8659	0.863238	0.844684	0.807348	0.832425	0.820369	0.832253	0.86959	0.869359	0.843929	0.808854	0.858332	0.815269	0.792224	0.873602	0.863517	0.839158	0.85165	0.847427	0.819457	0.832934	0.842375	0.840991	0.816045	0.898891	0.872693	0.833131	0.847427	0.819686	0.832811	0.833131	0.853367	0.826824	0.844684	0.846092	0.806753	0.882724	0.869359	0.811304	0.847427	0.870142	0.847025	0.842753	0.853657	0.861368	0.860799	0.878694	0.823434	0.8386	0.879923	0.83916	0.823434	0.835619	0.845356	0.847427	0.842756	0.884903	0.847427	0.843602	0.862698	0.806753	0.858849	0.844708	0.847427	0.848683	0.794602	0.849663	0.83731	0.887104	0.869359	0.826824	0.847427	0.873602	0.838938	0.854165	0.843602	0.857106	0.854984	0.839158	0.862698	0.826082	0.816045	0.792224	0.835619	0.840954	0.880644	0.8596	0.847427	0.816045	0.852332	0.821757	0.843602	0.799378	0.843135	0.843602	0.833131	0.840954	0.852332	0.869456	0.89364	0.838251	0.847427	0.857652	0.847607	0.844255	0.872052	0.811249	0.878865	0.840954	0.838816	0.843602	0.878306	0.844491	0.816045	0.821757	0.8596	0.839281	0.892483	0.855599	0.838683	0.840954	0.838683	0.847427	0.838816	0.843602	0.831088	0.859115	0.80838	0.811249	0.869301	0.829657	0.855599	0.829427	0.83324	0.823557	0.855361	0.816045	0.823785	0.878694	0.884903	0.847607	0.879923	0.892712	0.86546	0.825132	0.900451	0.880644	0.83324	0.839281	0.858849	0.823434	0.878865	0.889409	0.816045	0.826824	0.819686	0.884903	0.843602	0.843521	0.869359	0.892483	0.871529	0.872229	0.840954	0.869456	0.823785	0.884903	0.830561	0.873449	0.847607	0.884903	0.840954	0.8481	0.811249	0.826082	0.838251	0.854984	0.858332	0.838251	0.825767	0.854984	0.832425	0.8596	0.825767	0.844708	0.85651	0.872229	0.843521	0.892712	0.816045	0.854984	0.799976	0.858332	0.854165	0.843602	0.900451	0.863517	0.820927	0.885258	0.846092	0.847427	0.863777	0.835213	0.859115	0.854984	0.873449	0.847427	0.846092	0.847427	0.842315	0.879923	0.856055	0.840954	0.825767	0.8481	0.86546	0.820369	0.856055	0.879923	0.806034	0.860013	0.84507	0.8596	0.835905	0.858332	0.819423	0.845415	0.847427	0.859115	0.819423	0.823785	0.80061	0.870142	0.852276	0.822483	0.853053	0.878306	0.80061	0.879923	0.859115	0.809505	0.842441	0.8596	0.811249	0.806034	0.81058	0.844684	0.884151	0.827382	0.857106	0.878306	0.870542	0.854984	0.843602	0.884112	0.840954	0.858543
47000	slope	0.0783009	0.0498137	0.0845229	0.0775623	0.0774318	0.00967042	0.0617627	0.0539083	0.0777538	0.0518767	0.0837976	0.076202	0.0740077	0.0797932	0.101786	0.0840943	0.0611269	0.047371	0.027459	0.0791576	0.0708073	0.0740077	0.075616	0.0286222	0.0432264	0.0812552	0.0325511	0.0559451	0.0837976	0.0728061	0.0950186	0.0738045	0.027459	0.0621421	0.0528096	0.0685238	0.0257169	0.0631942	0.00814745	0.0857819	0.0380768	0.081501	0.076202	0.0498137	0.0552541	0.0973948	0.0611565	0.0425076	0.0286222	0.081501	0.0845229	0.081501	0.0488364	0.0556555	0.0950186	0.0809865	0.0740077	0.0894005	0.0748911	0.0845131	0.0629964	0.0565339	0.0482972	0.0733156	0.0731699	0.0809796	0.0313516	0.0679993	0.078476	0.0518767	0.0724773	0.108131	0.04127	0.0384119	0.0751009	0.0552541	0.0380768	0.00967042	0.0621421	0.0751009	0.0482972	0.0576942	0.0694315	0.0804327	0.0838194	0.0966307	0.0552541	0.0685238	0.0681743	0.0726235	0.0681743	0.0454488	0.096235	0.04127	0.0841112	0.0818483	0.073117	0.0740077	0.0221381	0.0726235	0.00685053	0.0740077	0.0912627	0.081501	0.0772206	0.0731699	0.0950186	0.0857819	0.0380768	0.0950186	0.0912627	0.0714767	0.027459	0.082155	0.081501	0.0951081	0.0740077	0.0726235	0.106566	0.0731699	0.0724773	0.0966307	0.0766797	0.0773084	0.0621421	0.0804327	0.0631942	0.0751009	0.0751009	0.0751009	0.081501	0.0831368	0.075616	0.0740077	0.027459	0.0556555	0.0825158	0.0731699	0.069058	0.0598889	0.0775457	0.0556555	0.0835782	0.0635666	0.0645223	0.0559451	0.058134	0.0787835	0.0484352	0.0826027	0.0540381	0.0740077	0.078206	0.0556555	0.0552541	0.0845229	0.0740077	0.0277364	0.0837976	0.0877397	0.0719893	0.0774318	0.0685238	0.0714997	0.0822823	0.081501	0.0652733	0.0740077	0.075616	0.0918617	0.0812552	0.0488364	0.0962766	0.081501	0.0700633	0.0714767	0.0380768	0.0847935	0.0714767	0.0681743	0.0956281	0.0351148	0.0286222	0.0751009	0.0787346	0.0665328	0.0731699	0.0751009	0.0831337	0.0325511	0.081501	0.0726235	0.0760382	0.00967042	0.0713439	0.0822823	0.0919683	0.0286222	0.0956281	0.0863937	0.0847935	0.0679993	0.082155	0.0509115	0.0845229	0.027459	0.04127	0.0576942	0.0731699	0.0387448	0.0679993	0.0832417	0.0804327	0.096846	0.0611565	0.0731699	0.0709792	0.0857819	0.0822823	0.0450198	0.0286222	0.0977095	0.081501	0.0789803	0.0810487	0.0956281	0.058499	0.0820874	0.034289	0.0787457	0.0746261	0.0548942	0.0482972	0.0839351	0.0826027	0.034289	0.0918617	0.0681743	0.0889736	0.075616	0.0839919	0.04127	0.0681743	0.0740077	0.0380768	0.0325511	0.0592398	0.0892731	0.0624633	0.0438075	0.0467167	0.105138	0.0387448	0.0498137	0.0469737	0.0774318	0.0989061	0.0892731	0.0556555	0.0713884	0.0681743	0.0822823	0.0488364	0.0518767	0.0286222	0.0956281	0.0392211	0.0810487	0.0773846	0.034289	0.0681743	0.0770227	0.0911039	0.0807473	0.0847935	0.0966307	0.0338511	0.0714997	0.0681743	0.0731699	0.0498137	0.0629964	0.106566	0.073117	0.0853846	0.0726057	0.0826027	0.081501	0.0565339	0.0956281	0.0738045	0.105138	0.0718062	0.081501	0.0956281	0.0611565	0.0726057	0.0818483	0.0552541	0.0586101	0.0351148	0.0751009	0.0380768	0.0826027	0.0792193	0.0818399	0.0234378	0.0691403	0.0773084	0.0488461	0.0542537	0.0488364	0.0912627	0.0542537	0.0654373	0.0854278	0.0556746	0.0779174	0.0681743	0.0286222	0.051491	0.0748911	0.10512	0.058702	0.0423203	0.042184	0.0854901	0.0509115	0.0739454	0.0962766	0.0791576	0.0681743	0.0845229	0.081501	0.0249775	0.0844227	0.0566486	0.0488364	0.0477071	0.0832417	0.0956281	0.0699708	0.0325511	0.081501	0.081501	0.0847935	0.0832417	0.0552541	0.081501	0.0857819	0.0557572	0.0912627	0.00967042	0.0512069	0.0488364	0.075616	0.0682681	0.0552541	0.081501	0.0845229	0.0912627	0.0845229	0.0380768	0.0313516	0.0364359	0.058134	0.0726926	0.0629964	0.0820874	0.0740077	0.0726926	0.0951081	0.0488364	0.0779561	0.0714767	0.0812378	0.08659	0.0654373	0.0556555	0.0325511	0.0488364	0.0286222	0.0914379	0.081501	0.0597681	0.0854901	0.0791576	0.0387448	0.0724773	0.081501	0.0364359	0.0542537	0.0579026	0.0576942	0.0669686	0.0780664	0.0775999	0.081501	0.0740077	0.081501
47000	intercept	0.833626	0.842877	0.807978	0.808785	0.824497	0.870253	0.827843	0.851997	0.870374	0.832092	0.833839	0.839872	0.857383	0.827181	0.838234	0.837731	0.818223	0.862976	0.859862	0.85024	0.845635	0.857383	0.854205	0.86374	0.858376	0.844497	0.864662	0.862835	0.821485	0.843607	0.809388	0.833549	0.882584	0.873198	0.839492	0.831611	0.858233	0.825732	0.89009	0.820814	0.857476	0.845635	0.839872	0.842877	0.855992	0.849828	0.837732	0.865507	0.834439	0.845635	0.807978	0.845635	0.845652	0.84083	0.809815	0.84656	0.857383	0.850096	0.836023	0.831782	0.865209	0.837082	0.854604	0.84403	0.866075	0.866075	0.861233	0.845644	0.837393	0.832092	0.847564	0.828724	0.860097	0.857476	0.850887	0.847992	0.878423	0.870253	0.873198	0.8476	0.813381	0.854901	0.845635	0.827536	0.844127	0.827937	0.855992	0.831611	0.845644	0.830677	0.857887	0.840221	0.836023	0.860097	0.831222	0.82935	0.868773	0.857383	0.848226	0.830677	0.89009	0.857383	0.869842	0.845635	0.862677	0.866075	0.802274	0.820814	0.857476	0.809388	0.856032	0.879147	0.882584	0.843653	0.845635	0.813614	0.857383	0.824181	0.854549	0.866075	0.847564	0.827937	0.857383	0.834114	0.873198	0.827536	0.825732	0.847372	0.849223	0.847372	0.847494	0.827473	0.853527	0.838682	0.882584	0.838832	0.851812	0.866075	0.861202	0.845252	0.876085	0.84083	0.836235	0.84918	0.822855	0.862835	0.827536	0.821493	0.868965	0.833549	0.827339	0.857383	0.84094	0.843529	0.855992	0.807978	0.857383	0.867082	0.833839	0.827736	0.849646	0.824497	0.831611	0.849828	0.820887	0.834352	0.838427	0.857383	0.853527	0.837549	0.844497	0.845652	0.84307	0.845635	0.84387	0.858105	0.857476	0.830872	0.879147	0.845644	0.827937	0.863858	0.86374	0.847372	0.845635	0.854205	0.866075	0.8476	0.834826	0.85621	0.847494	0.824181	0.844991	0.870253	0.833839	0.820887	0.832262	0.861233	0.827937	0.847379	0.830872	0.826642	0.843653	0.875593	0.807978	0.882584	0.865398	0.854901	0.866075	0.864315	0.845644	0.836549	0.827536	0.850803	0.837732	0.866075	0.847564	0.820814	0.843932	0.862969	0.85294	0.851944	0.845635	0.857383	0.840729	0.827937	0.849857	0.838017	0.863858	0.855992	0.857383	0.861597	0.837732	0.84656	0.833549	0.863858	0.837549	0.845644	0.855974	0.846138	0.853282	0.860097	0.845644	0.854177	0.857476	0.85621	0.809026	0.820814	0.808785	0.855992	0.848333	0.837392	0.867528	0.841423	0.864662	0.824497	0.815729	0.820814	0.84083	0.845644	0.845644	0.843932	0.845652	0.832092	0.861233	0.828724	0.825175	0.828904	0.837251	0.863858	0.845644	0.81487	0.838698	0.807978	0.830872	0.827937	0.886652	0.849828	0.845644	0.866075	0.842877	0.865209	0.86755	0.851046	0.802274	0.836779	0.833549	0.840162	0.833549	0.830317	0.833549	0.837392	0.847372	0.845635	0.827937	0.837732	0.825925	0.826443	0.847992	0.845652	0.863858	0.847372	0.878423	0.833549	0.847372	0.876798	0.870253	0.845644	0.838017	0.836779	0.858153	0.849753	0.869842	0.858153	0.837732	0.867016	0.862969	0.845644	0.845644	0.861233	0.867707	0.836023	0.807978	0.84079	0.855084	0.867707	0.802274	0.875593	0.854205	0.84307	0.824933	0.845644	0.807978	0.845635	0.864662	0.833839	0.85621	0.845652	0.82447	0.852157	0.827937	0.841909	0.864662	0.845635	0.845635	0.830872	0.852157	0.847992	0.845635	0.820814	0.855992	0.869842	0.870253	0.8476	0.836681	0.853527	0.845644	0.847992	0.845635	0.807978	0.856032	0.807978	0.857476	0.861233	0.861233	0.827536	0.844533	0.864171	0.838017	0.857383	0.844533	0.813614	0.840221	0.827926	0.858105	0.83323	0.847703	0.847851	0.84083	0.848226	0.836681	0.861233	0.845644	0.845635	0.857383	0.802274	0.838982	0.867082	0.847564	0.845635	0.861233	0.858153	0.818223	0.865175	0.845644	0.852506	0.807978	0.840162	0.857383	0.845635
48000	slope	0.0441691	0.0376842	0.0615646	0.0367485	0.0804087	0.020781	0.0467082	0.0306083	0.111062	0.0680576	0.0900911	0.0160411	0.096773	0.0856034	0.017414	0.0842632	0.0445913	0.0329893	0.0515559	0.0470211	0.0329893	0.0515559	0.0800115	0.0743006	0.0217476	0.0475237	0.0256792	0.0940323	0.0720837	0.0940323	0.101804	0.0865268	0.0698183	0.0267477	0.0406853	0.000620771	0.0334465	0.0371023	0.0892709	0.032936	0.0834366	0.0147036	0.0412009	0.102303	0.0914501	0.089043	0.0463189	0.0848901	0.0373863	0.0845229	0.088857	0.0343525	0.0228411	0.0426376	0.0962723	0.0413436	0.096773	0.0386103	0.0350875	0.0377791	0.020781	0.0417848	0.0800115	0.0540274	0.0646039	0.0940323	0.027011	0.0779693	0.0844952	0.0688178	-0.0186987	0.0759819	0.0401605	0.0744545	0.0109214	0.0545392	-0.0108829	0.0165727	0.0214688	0.0327595	0.0615599	0.0941387	0.0942451	0.0900911	-0.00619166	0.0260337	0.000620771	0.0376912	0.0389869	0.0455965	0.0900911	0.0853348	0.0900911	0.0619328	0.0962723	0.0564042	0.0853881	0.023588	0.0899228	0.0744545	0.014047	0.089043	0.096773	0.00943346	0.0900911	0.0378573	0.0343525	0.0515559	0.032936	0.0386103	0.0412056	0.0410962	0.0663268	0.088857	0.0800115	0.0406986	0.0421393	0.089043	0.0429022	0.0475237	0.0423305	0.0103603	0.0940323	0.0541483	0.0467082	0.0289702	0.0739069	0.0686074	0.096773	0.0296529	0.0306083	0.0845229	0.0342722	0.0845229	0.046145	0.083973	0.0828196	0.0585522	0.0800115	0.0386103	0.0324958	0.096773	0.0658115	0.0343525	0.027011	0.0342722	0.0743006	0.0664335	0.0743006	0.0619062	0.032936	0.0856034	0.0619328	0.0619062	0.0177015	0.0494285	0.0674543	0.0853348	0.0386103	0.0515559	0.0406986	0.0744545	0.0170336	0.0256183	0.023588	0.0550052	0.0427861	0.0445913	0.0865266	0.0426376	0.00731143	0.046145	0.0900911	0.0342722	0.0619062	0.0382161	0.0619328	0.0720255	0.103288	0.0277545	0.0406986	0.0228411	0.0256792	0.0486298	0.0707339	0.0637638	0.0240189	0.00759508	0.100417	0.022998	0.0410962	0.0825117	0.0851223	0.0325185	0.0546475	0.0389869	0.0451602	0.0649897	0.0296529	0.0953228	0.0865266	0.0342722	0.0619062	0.0658115	0.0744669	0.0712973	0.0371023	0.0664776	0.0887117	0.0445873	0.0350875	0.0663998	0.034718	0.0342722	0.0160411	0.0515559	0.0848901	0.0930972	0.0445913	0.0344704	0.020781	0.0141321	0.0406986	0.0619328	0.0831952	0.0853348	0.0845095	0.0427861	0.0366153	0.0515559	0.0686074	0.0343525	0.0940323	0.0177015	0.0410962	0.0688815	0.0697128	0.0560481	0.0470211	0.040932	0.0410962	0.0406986	0.0865266	0.0988062	-0.00861304	0.0848901	0.0343525	0.0410962	0.0426376	0.0686074	0.0865266	0.0379809	0.0228411	0.0406986	0.0103603	0.096773	0.0853881	0.0662607	0.0683609	-0.00861304	0.0940323	0.0882063	0.0367485	0.0342722	0.0666766	0.0342722	0.0103603	0.0619062	0.0841968	0.0785707	0.0688815	0.0618251	0.0467082	0.0229161	0.0845229	0.0785707	0.0410962	0.0550052	0.0737171	0.070332	0.0940323	0.0619328	0.0845095	0.0845229	0.0378573	0.0342722	0.0124508	0.0887117	0.0475237	0.0727944	0.0942451	0.0470211	0.0183906	0.0619328	0.0816446	0.0744545	0.0147036	0.0744545	0.014334	0.0470211	0.0953228	0.0619062	0.020781	0.0262778	0.0623291	0.0743006	0.0787241	0.0383473	0.0441691	0.0900911	0.0845229	0.0744545	0.096773	0.0415137	0.0167986	0.0825117	0.0260337	0.0410962	0.0845095	0.0743006	0.0940323	0.0427861	-0.0142925	0.0854451	0.0865266	0.0412056	0.0940323	0.088857	0.0845095	0.0427861	0.0177015	0.0306083	0.0481067	0.0445873	0.0422572	0.0988062	0.0229161	0.0306083	0.0334465	0.0688815	0.0619062	0.0697128	0.0865266	0.0666766	0.0445873	0.0940323	0.0825117	0.0683609	-0.0186987	0.0438682	0.0845229	0.0378573	-0.00861304	0.0762669	0.0541601	0.0160411	0.0406986	0.0306083	0.0619062	0.0962723	0.0401605	0.0342883	0.0362947	0.0569381	0.0535878	0.0515709	0.0771344	0.0422572	0.0307733	0.0470211	0.0332117	0.0160411	0.0484947	0.0386943	0.0342722	0.0367485	0.0663998	0.0177015	0.0744545	0.0366153	0.0366153	0.0762669	0.0177015	0.0109214	0.0484947	0.0481307	0.0149798	0.0445913	0.034718	0.0329893	0.00731143	0.0842632	0.0401605	0.00731143	0.0350875	0.0228411	0.0141321	0.0940323	0.0306083	0.0383473
48000	intercept	0.860232	0.845413	0.843791	0.86873	0.835737	0.894635	0.844516	0.855239	0.846299	0.848436	0.818924	0.880413	0.836126	0.829278	0.874189	0.829325	0.873124	0.86954	0.881309	0.881131	0.86954	0.881309	0.838152	0.818415	0.885875	0.881131	0.843139	0.835737	0.825199	0.835737	0.832169	0.824592	0.841595	0.867389	0.847886	0.869404	0.86476	0.87593	0.829214	0.871151	0.845054	0.869404	0.847454	0.818926	0.791501	0.84494	0.860384	0.830021	0.881968	0.832169	0.843676	0.86954	0.869404	0.866428	0.83507	0.874713	0.836126	0.870521	0.872299	0.859902	0.888759	0.84729	0.841659	0.850247	0.844929	0.835737	0.889092	0.841261	0.847832	0.816718	0.860955	0.857804	0.85784	0.842589	0.879489	0.85787	0.858723	0.856981	0.874976	0.87005	0.849923	0.833706	0.842285	0.818924	0.869404	0.86873	0.869404	0.845233	0.858752	0.860232	0.818924	0.837475	0.818924	0.847454	0.83507	0.843911	0.837475	0.881479	0.847778	0.842589	0.859618	0.84494	0.836126	0.861233	0.818924	0.887999	0.86954	0.881309	0.866329	0.870521	0.836638	0.849082	0.846045	0.842348	0.841659	0.863695	0.845233	0.84494	0.875261	0.881131	0.842704	0.863362	0.835737	0.849581	0.844516	0.879316	0.805897	0.844007	0.836126	0.854052	0.855239	0.832169	0.845233	0.832169	0.863695	0.83719	0.837853	0.852872	0.841659	0.870521	0.873124	0.836126	0.856879	0.86954	0.889092	0.845233	0.818415	0.858107	0.818415	0.85453	0.86954	0.829278	0.86663	0.85453	0.881285	0.849581	0.886283	0.837475	0.870521	0.881309	0.863695	0.842589	0.867082	0.845233	0.889092	0.869258	0.86954	0.873124	0.793957	0.814412	0.866103	0.863695	0.818924	0.845233	0.861013	0.842518	0.847454	0.85792	0.829325	0.852796	0.863695	0.869404	0.843139	0.852392	0.836638	0.820559	0.877579	0.865997	0.824592	0.859226	0.845592	0.84086	0.850318	0.864818	0.863542	0.863933	0.810396	0.8553	0.867794	0.850318	0.795719	0.845233	0.854792	0.856879	0.843196	0.834668	0.87593	0.829887	0.791501	0.851673	0.872299	0.869532	0.860317	0.845233	0.880413	0.881309	0.826706	0.833549	0.873124	0.845233	0.888759	0.869938	0.842204	0.847454	0.830407	0.837475	0.829325	0.86954	0.878523	0.881309	0.844007	0.86954	0.829103	0.874226	0.845592	0.823325	0.807809	0.872135	0.881131	0.851442	0.849082	0.863695	0.793957	0.823041	0.853898	0.826706	0.86954	0.858984	0.843139	0.844007	0.793957	0.85784	0.869404	0.863695	0.866993	0.836126	0.837475	0.864501	0.842546	0.870722	0.835737	0.870883	0.86873	0.845233	0.863542	0.837529	0.863362	0.861013	0.847806	0.850671	0.839629	0.857607	0.844516	0.856739	0.832169	0.850671	0.849082	0.867519	0.837475	0.847612	0.835737	0.86663	0.834668	0.832169	0.862632	0.845233	0.849333	0.791501	0.881131	0.808561	0.831676	0.866401	0.861233	0.86663	0.842589	0.842589	0.869404	0.842589	0.866993	0.881131	0.850318	0.864581	0.894635	0.872376	0.861814	0.818564	0.828592	0.864339	0.860232	0.818924	0.832169	0.842589	0.836126	0.877512	0.86954	0.84086	0.86873	0.845592	0.824463	0.829425	0.835737	0.86954	0.860955	0.847649	0.793957	0.836638	0.835737	0.842348	0.824463	0.86954	0.881285	0.855239	0.867784	0.851673	0.822801	0.823041	0.861233	0.855239	0.86476	0.823325	0.861013	0.807809	0.793957	0.876402	0.851673	0.835737	0.84086	0.842546	0.860955	0.854701	0.847649	0.887999	0.853898	0.842589	0.84727	0.880413	0.863695	0.855239	0.854792	0.824592	0.85784	0.883885	0.868593	0.863542	0.870679	0.854792	0.848946	0.822801	0.86954	0.866401	0.896983	0.87005	0.884314	0.870679	0.845233	0.86873	0.869532	0.874226	0.842589	0.86954	0.878523	0.842589	0.874226	0.879489	0.884314	0.844442	0.878052	0.873124	0.860317	0.86954	0.861233	0.829325	0.85784	0.861233	0.872299	0.869404	0.869938	0.829103	0.855239	0.864339
49000	slope	0.0253934	0.0467929	0.0407685	0.0658375	0.049085	0.0421886	0.015948	0.101706	0.0382305	0.0897979	0.0461356	0.0063934	0.0517718	0.0323505	-0.0156167	0.00573823	0.0499919	0.113481	0.072044	0.0968973	0.0863257	-0.0156167	0.00362585	0.0369468	0.0761483	0.0429784	0.0937448	0.0910356	0.0480286	0.00913694	0.0499745	0.0327822	0.0725323	0.0538699	0.042536	0.0895447	0.0399891	0.0937448	0.0661491	0.0467929	0.0842696	0.0323505	0.0499919	0.0253934	0.0718798	0.0571443	0.0753281	0.0619116	0.0597356	0.0516145	0.0519438	0.0015168	0.0253934	0.034079	0.0399891	0.0209632	0.0538699	0.0554614	0.062814	0.0395071	0.0937448	0.0535928	0.049085	0.0567067	0.0389256	0.0538699	0.0840165	0.0313406	0.105788	0.0480286	0.0704688	0.0499919	0.0524152	0.0298149	0.0313406	0.0626523	0.0496959	0.0880503	0.0914466	0.0998321	0.049085	0.0399891	0.0836216	0.0253934	0.0221997	0.0494818	0.0836216	0.0560157	0.0433656	0.0592838	0.0836216	0.0842696	0.0747106	0.0536836	0.105788	0.0316122	0.0937448	0.0506203	0.0248851	0.0704688	0.0308771	0.0560157	0.0312201	0.0842696	0.0387378	0.0063934	0.0513198	0.0480286	0.00913694	0.0238067	0.037393	0.0287613	0.00948421	0.0480286	-0.00606328	0.033579	0.0658375	0.0658375	0.0296731	0.010342	0.0570481	0.0937448	0.0237015	0.0557038	0.073665	0.06869	0.00913694	0.0496959	0.0421886	0.0971949	0.0339174	0.0832342	0.0450484	0.0909356	0.0937448	0.0509298	0.0704688	0.0221997	0.0312201	0.0407685	0.0346172	0.018902	0.0511912	0.0253934	0.07524	0.0761483	0.0588557	0.02299	0.0704688	0.0293828	0.0205437	0.0221997	0.0642677	0.0299969	0.0433656	0.0402088	0.066337	0.0480286	0.0829476	0.0221997	0.0859243	0.0328101	0.0374286	0.0997241	0.0966443	0.0360387	0.0909356	0.0634888	0.0938435	0.113481	0.0909356	0.0294239	0.0509298	0.0842696	0.0323505	0.0421886	0.0132394	0.0567597	0.0339174	0.0968973	0.0596847	0.0649286	0.0944947	0.101706	0.0530538	0.0859243	0.0930352	0.0937448	0.0519438	0.0728552	0.0937448	0.0591763	0.0536434	0.0293828	0.0801223	0.0525088	0.0499745	0.0357935	0.0658375	0.10253	0.0516634	0.0467929	0.10253	0.0499745	0.0382305	0.0323505	0.0909356	0.0481697	0.0429784	-0.00533979	0.00831069	0.0499745	0.049085	0.075482	0.065353	0.0658375	0.0560157	0.0519438	0.0374286	0.015948	0.0201252	0.042536	0.0704688	0.0670281	0.0496959	0.0516634	0.0389256	0.0500874	0.0944947	0.0316812	0.00831069	0.0421886	0.0488354	0.0339174	0.0944947	0.0538699	0.0274407	0.0316943	0.0897979	0.0718798	0.0968973	0.0897979	0.033579	0.0910356	0.0480286	0.0560157	0.0727705	0.0438161	0.04782	0.0407546	0.0968973	0.0225572	0.0499745	0.0968973	0.0937448	0.0946186	0.0467929	0.0259895	0.0433656	0.033579	0.0302546	0.0661656	0.0232354	0.018902	0.0374286	0.0385798	0.0536434	0.0222826	0.000745681	0.0500874	0.0395505	0.0909356	0.0525088	0.0323505	0.0909356	0.101706	0.0370986	0.0063934	0.0909356	0.0525088	0.0658375	0.0273171	0.00211085	0.049085	0.0767862	0.0938435	0.0500874	0.0626523	0.0805089	0.0480286	0.0399891	0.0480286	0.0441484	0.0909356	0.0339174	0.049085	0.0909356	0.0704688	0.0531989	0.0840165	0.0500874	0.0525088	0.0302546	0.0592264	0.0509582	0.0350351	0.0496959	0.0323505	0.0938435	0.0601214	0.0897979	0.0658375	0.0829476	0.101706	0.00913694	0.0221997	0.0560157	0.0519438	0.105104	0.0323505	0.0525088	0.0293828	0.0216028	0.0311306	0.0598378	0.0192458	0.0519438	0.0525088	0.0399891	0.101706	0.0499919	0.0516559	0.0205437	0.0718798	0.0297814	0.0884477	0.0334802	0.0334802	0.0481697	0.033579	0.0836216	0.033579	0.0634888	0.0525088	0.070552	0.0567792	0.0346172	0.0370986	0.0225428	0.0312201	0.0913028	0.0382305	0.0499919	0.0273171	0.106676	0.0433656	0.0293828	0.0525088	0.0499919	0.0944947	0.04782	0.0937448	0.000262663	0.0323505	0.0937448	0.0433656	-0.0156167	0.0480286	0.0567067	0.0225572	0.0634888	0.0440864	0.0132394	0.0761483	0.0496959	0.0901764	0.0560157	0.0399891	0.0480286	0.0407546	0.0389256	0.0341799	0.0805089	0.0862099	0.0132394	0.033579	0.0496959	0.10253	0.0108299	0.0519438	0.0560157	0.0714465	0.066337	0.015948	0.075361	0.0560157	0.073665	0.0480286	0.0446429	0.0509582
49000	intercept	0.812663	0.878286	0.864779	0.872735	0.888394	0.864051	0.886348	0.82714	0.843248	0.854815	0.869727	0.867305	0.844261	0.84777	0.881555	0.894939	0.856263	0.868862	0.849836	0.838089	0.872418	0.881555	0.868337	0.824847	0.834232	0.850731	0.845717	0.832205	0.84782	0.856353	0.84782	0.830504	0.869652	0.871272	0.862464	0.846672	0.887451	0.845717	0.858403	0.874108	0.84305	0.835823	0.856263	0.812663	0.852703	0.854322	0.854143	0.86826	0.843808	0.852237	0.846117	0.886348	0.812663	0.866775	0.887451	0.869655	0.871272	0.890887	0.876084	0.843458	0.831091	0.893429	0.864949	0.83898	0.86656	0.871272	0.85256	0.870856	0.834232	0.848486	0.837637	0.856263	0.843248	0.867821	0.870856	0.872735	0.8415	0.825139	0.817961	0.824102	0.864949	0.887451	0.855039	0.812663	0.860168	0.841211	0.855039	0.871272	0.835823	0.861003	0.855039	0.851452	0.8415	0.889588	0.834232	0.866704	0.849172	0.863575	0.85784	0.837637	0.867294	0.871272	0.859698	0.851452	0.864825	0.868337	0.887451	0.846233	0.856353	0.860378	0.835823	0.88042	0.861643	0.865355	0.881555	0.849752	0.872735	0.872735	0.871753	0.855503	0.867496	0.840801	0.903975	0.851824	0.819586	0.819346	0.856353	0.843506	0.864051	0.85184	0.84782	0.845559	0.862069	0.819827	0.840801	0.84782	0.829823	0.860168	0.864099	0.860048	0.840066	0.886072	0.859925	0.812663	0.833346	0.834232	0.878286	0.886313	0.837637	0.85643	0.867843	0.886348	0.861348	0.859352	0.835823	0.884492	0.827054	0.854396	0.765743	0.860168	0.832907	0.862464	0.834524	0.849172	0.852549	0.86656	0.834663	0.881778	0.834232	0.868862	0.834663	0.870856	0.84782	0.84305	0.837489	0.864051	0.881555	0.871272	0.84782	0.838089	0.880576	0.846117	0.838089	0.832205	0.834	0.832907	0.841049	0.851852	0.846117	0.849485	0.83755	0.857582	0.83239	0.85643	0.856434	0.878286	0.84782	0.855231	0.872735	0.831091	0.863495	0.878286	0.831091	0.84782	0.843248	0.820215	0.834663	0.83703	0.850731	0.885175	0.886348	0.84782	0.864949	0.845163	0.830971	0.872735	0.871272	0.846117	0.823436	0.886348	0.855231	0.862464	0.820538	0.861678	0.835651	0.863495	0.86248	0.862252	0.844429	0.887451	0.885704	0.864051	0.881545	0.84782	0.838089	0.871272	0.881545	0.889009	0.854815	0.852703	0.838089	0.854815	0.849752	0.823071	0.867496	0.883113	0.861678	0.853739	0.871272	0.83703	0.838089	0.888711	0.84782	0.838089	0.831091	0.872418	0.881595	0.881545	0.835823	0.849752	0.871621	0.863806	0.854792	0.886072	0.834524	0.862694	0.83703	0.883019	0.858757	0.878286	0.848389	0.837292	0.878286	0.835823	0.834663	0.82714	0.862694	0.868337	0.834663	0.878286	0.872735	0.88296	0.859353	0.864949	0.842765	0.817877	0.881587	0.872735	0.854143	0.865355	0.887451	0.84782	0.837881	0.834663	0.84782	0.872493	0.826969	0.829823	0.861003	0.85256	0.878286	0.878286	0.871621	0.878286	0.85716	0.841708	0.846117	0.835823	0.830368	0.8415	0.854815	0.880948	0.765743	0.832205	0.856353	0.886348	0.871272	0.846117	0.834232	0.824269	0.884492	0.85643	0.860233	0.881555	0.869913	0.812663	0.846117	0.878286	0.878616	0.849863	0.856263	0.856263	0.867843	0.852703	0.854792	0.865097	0.881545	0.881545	0.83703	0.849752	0.855039	0.849752	0.881778	0.888023	0.878286	0.839308	0.813825	0.862694	0.855967	0.859698	0.855536	0.858585	0.856263	0.889019	0.850385	0.844465	0.85643	0.878286	0.856263	0.838089	0.871272	0.831091	0.856353	0.84777	0.83755	0.835823	0.881555	0.865355	0.83898	0.881555	0.881778	0.879359	0.864962	0.834232	0.876193	0.823954	0.871272	0.887451	0.865355	0.83703	0.86248	0.886072	0.854143	0.860826	0.881555	0.849752	0.846117	0.831091	0.887016	0.846117	0.871272	0.852002	0.827054	0.886348	0.841578	0.875728	0.822062	0.854396	0.85838	0.85716
50000	slope	-0.00493079	0.0532415	-0.00943194	0.0301172	0.029916	-0.00615377	0.0323366	0.0669771	0.0340909	0.0310867	0.0713409	0.0986955	0.032667	0.016732	0.0898146	0.0486865	0.0335334	0.0323366	0.0447546	0.12308	0.0761707	0.0166972	0.0187758	0.0630749	0.0196103	0.0574304	0.0319559	0.0574304	0.0898146	0.0345402	0.0111669	0.0191145	0.00873101	0.0111669	-0.00493079	0.0158331	0.0712059	0.0345082	-0.00269415	0.00372522	0.0269721	0.0139687	0.0541373	0.0333856	0.0398472	0.0429226	0.0935622	0.110794	0.0630749	0.0713409	0.0208942	0.0898146	0.0500786	0.10097	0.0158331	0.0922397	0.0196912	0.132383	0.0407946	0.0477057	0.0238945	0.0683455	0.0574304	0.0275269	0.0460977	0.0158331	0.0351868	0.0256562	0.116676	0.0139687	0.0257389	0.0375158	0.0447546	0.0170888	0.0898146	0.0862082	0.039642	0.0412792	0.0792056	0.0354942	0.12308	0.0624487	0.0246293	0.0574304	0.0345402	0.122695	0.0815058	0.132739	0.0400818	0.00357703	0.0111669	0.0498866	0.0502533	0.0500786	0.10097	0.00567046	0.100575	0.0333856	0.0898146	0.00704579	0.0660415	0.0158331	0.0340723	0.0898146	0.0724089	-0.00493079	0.0366145	0.0898146	0.0597398	0.0619435	0.00357703	0.0630749	0.117263	0.0650868	0.0943685	0.060895	0.0263469	0.0436263	0.0683455	0.0323287	0.0712059	0.0427609	0.0170888	0.0333856	0.0323366	0.0158331	0.0898146	0.0527056	0.0489059	0.0515783	0.0323366	0.0447546	0.0669771	0.0660415	0.0486865	0.0274374	0.0898146	0.0783959	0.102748	0.0574304	0.12308	0.0471231	0.0359122	0.0453534	0.00357703	0.0301172	0.0447546	0.0321975	0.00813842	0.0460977	0.0344144	0.0323366	0.0686431	0.0305984	0.102748	0.0528239	0.0898146	0.040161	0.05662	0.0208942	0.0898146	0.0630749	0.0495638	0.0531761	0.049927	0.016732	0.0233425	0.0759534	0.0500786	0.0759593	0.117461	0.0208942	0.0111669	0.031042	0.0713409	0.109631	0.0779946	0.0923707	0.0222195	0.113539	0.0871087	0.0630749	0.0399662	0.0792056	0.12308	0.0898146	0.0541373	0.00828539	0.0498888	0.0630749	0.0208942	0.0523874	0.0205685	0.0588926	0.0630749	0.0596139	0.0407946	0.0500786	0.0812786	0.0158331	0.0661914	0.0898146	0.0208942	0.0452863	0.0776353	0.0799829	0.0158331	0.102748	0.12308	0.0170888	0.102748	0.0158331	0.0190382	0.0208942	0.016732	0.0630749	0.0898146	0.0500786	0.00758116	0.12884	0.0898146	0.0363359	0.0139687	0.0669771	0.0191145	0.135792	0.0453534	0.0448338	0.050054	0.102748	0.0441147	0.0139687	0.0427609	0.0627141	0.0500786	0.0359122	0.12308	0.0898146	0.0630749	0.0898146	0.0427609	0.0407946	0.00813842	0.0486865	0.0354942	0.0812786	0.0770462	-0.00927985	0.0669771	0.0333856	0.0541373	0.0170888	0.12308	0.0333856	0.00860457	0.0541373	0.0335334	0.0139687	0.0812786	0.10097	0.0323366	0.0712059	0.0067125	0.0668769	0.0986955	0.00836487	0.0208942	0.0229188	0.102748	0.00372522	0.0323287	0.0208942	0.00704579	0.132383	0.0354942	0.0776353	0.12308	0.0764901	0.0427609	0.0429226	0.0208942	0.0158331	0.0158331	0.049927	0.0116942	0.0294132	0.0297154	0.132383	0.0333856	0.0498866	0.0447546	0.102748	0.0952017	0.0340723	0.0629611	0.0532415	0.0039421	0.0486865	0.0500786	0.00860457	0.0574304	0.0285369	0.0558831	0.0898146	0.0574304	0.0436263	0.0471231	0.0486865	0.10097	0.132383	0.0238601	0.0500786	0.10097	0.0038051	0.0158331	0.0798365	0.0158331	0.0193071	0.0486865	0.0308567	0.0333856	0.10368	0.0233425	0.0812786	0.0257389	0.0483083	0.0630749	0.0038051	0.079755	0.0294132	0.12308	0.0206849	0.0500786	0.135792	0.049927	0.0359122	0.00372522	0.109631	0.0541373	0.0323366	0.0193071	0.0436263	0.0208942	0.0111669	-0.00615377	0.0257389	-0.00269415	0.0922397	0.0898146	0.0323366	0.0217398	0.0158331	0.0770462	0.132383	0.0744436	-0.00943194	0.0498866	0.0732308	0.0669771	0.0158331	0.0943685	0.12308	0.0398896	0.0208942	0.0580021	0.0898146	0.0208942	0.0289959	0.0834378	0.0500786	0.0812786	0.0167043	0.0208942	0.10097	0.0468829	0.0412792	0.00372522	0.0468829	0.0139687	0.0447546	0.0483083	0.117378	0.0311863	0.0294132	0.0486865	0.0500786	0.0208942	0.102748	0.102748	0.10097	0.0429226	0.0345402	-0.00493079	0.0500786	0.0898146	0.0238601	0.102748	0.0158331	0.0486865	0.0158331
50000	intercept	0.84106	0.859604	0.837273	0.850107	0.861167	0.840726	0.841896	0.886002	0.88256	0.858916	0.867592	0.839159	0.86247	0.901974	0.842297	0.8187	0.89233	0.849913	0.835137	0.775246	0.836613	0.879973	0.889072	0.855565	0.876319	0.838103	0.896209	0.838103	0.842297	0.860826	0.880106	0.849913	0.858734	0.880106	0.84106	0.893151	0.833408	0.848414	0.873618	0.881555	0.861547	0.84782	0.855552	0.865131	0.849426	0.839368	0.842291	0.839899	0.855565	0.864979	0.857042	0.837647	0.842238	0.820485	0.893151	0.842297	0.861487	0.78449	0.874144	0.852739	0.887775	0.868121	0.838103	0.86247	0.833327	0.876517	0.890071	0.89233	0.792141	0.84782	0.89233	0.862503	0.835137	0.858734	0.842297	0.816775	0.864213	0.860789	0.835529	0.861761	0.790802	0.866479	0.889399	0.84866	0.844495	0.790802	0.856818	0.790802	0.85715	0.840853	0.880106	0.84054	0.838181	0.842238	0.827468	0.880991	0.827243	0.865131	0.831357	0.873062	0.840204	0.87934	0.871689	0.842297	0.840691	0.84106	0.852021	0.842297	0.871662	0.848913	0.840853	0.855565	0.790802	0.84866	0.842297	0.855456	0.865003	0.856582	0.851821	0.850621	0.833408	0.883509	0.858734	0.865131	0.849913	0.897113	0.839019	0.881944	0.839413	0.833327	0.849913	0.835137	0.886002	0.840204	0.842104	0.879855	0.842297	0.864149	0.846621	0.838103	0.790802	0.828153	0.856582	0.851082	0.840853	0.850107	0.835137	0.884503	0.889892	0.833327	0.89257	0.849913	0.87134	0.843195	0.850763	0.863511	0.841661	0.872434	0.8316	0.857042	0.842297	0.855565	0.835817	0.867548	0.862933	0.903425	0.863502	0.843249	0.842238	0.825814	0.790802	0.857042	0.880106	0.885719	0.867592	0.79018	0.853113	0.829462	0.857042	0.820485	0.831357	0.855565	0.856872	0.850837	0.790802	0.842297	0.855552	0.857444	0.842104	0.855565	0.856274	0.85102	0.909464	0.849426	0.855565	0.859805	0.877735	0.838103	0.814592	0.904893	0.849488	0.832068	0.856274	0.877602	0.846383	0.842297	0.879163	0.849518	0.790802	0.858734	0.834523	0.897113	0.817365	0.858717	0.903425	0.855565	0.837647	0.842238	0.881555	0.790802	0.842297	0.850107	0.84782	0.886002	0.85904	0.790802	0.849913	0.838103	0.860789	0.852352	0.835531	0.84782	0.879532	0.840469	0.838103	0.856582	0.790802	0.832068	0.855565	0.831357	0.874024	0.877735	0.889892	0.842104	0.872146	0.814592	0.86556	0.890439	0.886002	0.865131	0.867965	0.858734	0.790802	0.865131	0.881555	0.855552	0.89233	0.84782	0.814592	0.820485	0.849913	0.833408	0.856274	0.855456	0.839159	0.881555	0.857042	0.863502	0.834523	0.881555	0.850621	0.856274	0.873062	0.78449	0.862221	0.846383	0.78462	0.837132	0.883509	0.839368	0.856274	0.880106	0.897113	0.879609	0.893532	0.888252	0.865131	0.78449	0.865131	0.84054	0.835137	0.846621	0.840378	0.86161	0.842104	0.859604	0.872708	0.842104	0.838103	0.881555	0.84866	0.849426	0.856582	0.842297	0.84866	0.858074	0.828153	0.842104	0.820485	0.78449	0.893223	0.842238	0.820485	0.881555	0.880106	0.861926	0.878146	0.921098	0.842104	0.848521	0.865131	0.832959	0.863502	0.814592	0.89233	0.825417	0.855565	0.881555	0.843304	0.888252	0.78462	0.863502	0.838103	0.790802	0.879609	0.856582	0.881555	0.782042	0.867965	0.849913	0.89559	0.856582	0.857042	0.880106	0.84106	0.89233	0.873618	0.842297	0.889997	0.849913	0.881555	0.897113	0.86556	0.78449	0.855565	0.837273	0.84054	0.840745	0.907629	0.881561	0.842297	0.790802	0.85758	0.857042	0.840204	0.842297	0.857042	0.851245	0.8481	0.828651	0.814592	0.858734	0.857042	0.820485	0.860225	0.860789	0.881555	0.856414	0.84782	0.835137	0.825417	0.790802	0.848521	0.888252	0.842104	0.842238	0.857042	0.846621	0.846621	0.820485	0.839368	0.844495	0.84106	0.842238	0.842297	0.893223	0.846621	0.896106	0.842104	0.893151
51000	slope	0.0471454	0.0708893	0.026752	0.0387272	0.051649	0.0554262	0.0364092	0.0488975	0.0387272	0.0759691	0.011259	0.0585446	0.0909633	0.0126767	0.0651213	0.0660903	0.0452793	0.0765087	0.0481353	0.0467249	0.0364092	0.0396639	0.0452917	0.0619017	0.0685856	0.0328649	0.0453534	0.0387272	0.124257	0.0745708	0.0467137	0.0467137	0.0254652	0.138343	0.0660898	0.0685856	0.0481353	0.0303479	0.124257	0.0234537	0.0330119	0.0349854	0.0333321	0.0759691	0.0554314	0.0450651	0.0391337	0.0308648	0.0381339	0.124903	0.051649	0.0303479	0.0358387	0.0303479	0.0395978	0.0512075	0.0303479	0.11383	0.0303479	0.0732417	0.0530995	0.0412884	0.0532048	0.0303479	0.0474321	0.0537379	0.0157708	0.0649238	0.0344206	0.0541024	0.0367118	0.0410039	0.0463084	0.0157716	0.051649	0.0157708	0.0554957	0.0512329	0.0554262	0.0441478	0.0126767	0.0476119	0.0303479	0.018747	0.0476119	0.0835462	0.0227223	0.124903	0.0303479	0.0585446	0.0500511	0.124903	0.0322286	0.0345956	0.034362	0.0330085	0.0753811	0.0366614	0.0423092	0.0126767	0.0535467	0.028503	0.0615971	0.0383282	0.0291137	0.120665	0.0655621	0.0554262	0.0430348	0.00419189	0.0920322	0.067382	0.0342494	0.0704304	0.0453501	0.0423689	0.0157708	0.0363653	0.0453534	0.0468292	0.0497282	0.0357855	0.101299	0.0429611	0.0193191	0.018747	0.0398662	0.000457405	0.0496887	0.0387272	0.0551394	0.0322286	0.0457835	0.0508857	0.0436331	0.0559879	0.0427975	0.0918166	0.0731269	0.0460878	0.0377275	0.0521614	0.0345956	0.0429611	0.0655621	0.0367867	0.0512329	0.0826271	0.0704264	0.0585446	0.0235261	0.048022	0.13726	0.0564191	0.0481353	0.0350328	0.0648696	0.0261898	0.0238028	0.0453534	0.0659246	0.0485632	0.0731269	0.051649	0.00229705	0.0416873	0.0512329	0.124903	0.051649	0.0481353	0.0410039	0.0381053	0.0920322	0.124903	0.0157708	0.0476119	0.0303479	0.0979197	0.0489536	0.0592808	0.0453534	0.0485632	0.0920322	0.124903	0.122739	0.0979197	0.0880457	0.0409659	0.0420049	0.0521082	0.0562354	0.0127681	0.0920322	0.0630581	0.0467258	0.0649238	0.0539514	0.0732417	0.0330119	0.0947546	0.0311135	0.0235261	0.0704264	0.0387272	0.0685856	0.0481353	0.0567016	0.0630581	0.0175315	0.0499025	0.0364092	0.0674234	0.0826271	0.067382	0.0376909	0.0463084	0.0664758	0.0322286	0.0634395	0.0193191	0.0126767	0.0590118	0.0452626	0.0920322	0.020353	0.0303479	0.0453534	0.020353	0.0387272	0.0264547	0.13649	0.0554262	0.0440397	0.0283764	0.0254652	0.0216584	0.0481841	0.0469649	0.0453534	0.0722642	0.0479225	0.0719707	0.0237429	0.0453534	0.0438243	0.0157716	0.0394634	0.0453534	0.0364092	0.0291137	0.0453534	0.0450651	0.0512329	0.0920322	0.00828454	0.0826271	0.0876559	0.0303479	0.0459812	0.0982109	0.049238	0.0585446	0.0439807	0.0254652	0.136126	0.0306957	0.0721964	0.0262311	0.0649238	0.0624962	0.0387272	0.138343	0.0765087	0.124903	0.0634743	0.0464873	0.0481353	0.0732417	0.0355973	0.0254652	0.0558693	0.0697463	0.0367867	0.0453534	0.124903	0.0367867	0.0554262	0.039086	0.0274587	0.0455442	0.0554262	0.0685856	0.0329856	0.0395978	0.0920322	0.0381053	0.0139829	0.124903	0.0512329	0.0398937	0.11383	0.020353	0.0649238	0.0303479	0.0453534	0.120665	0.0759691	0.0412884	0.0592648	0.0547657	0.0481353	0.0387292	0.103824	0.0564191	0.0256746	0.0481353	0.0725159	0.00229705	0.0157716	0.0460552	0.0193191	0.0521614	0.124903	0.0440397	0.0530995	0.0697463	0.0412884	0.0874602	0.020353	0.0344206	0.0471251	0.0110751	0.0585446	0.120665	0.0722642	0.0488568	0.0530995	0.0704304	0.0554262	0.0630581	0.0264547	0.0377553	0.0512329	0.0920322	0.00267378	0.038649	0.0387272	0.113433	0.0518679	0.127768	0.0440397	0.0398937	0.0554262	0.0308648	0.0387272	0.0216584	0.0559751	0.0429611	0.0655621	0.0554314	0.0559879	0.0479225	0.0982109	0.0387272	0.134097	0.0826271	0.0381339	0.0585446	0.0889236	0.0453534	0.114059	0.0387272	0.0412884	0.0559751	0.0427364	0.0389882	0.0274587	0.0457835	0.0780746	0.0530995	0.0447711	0.039113	0.0719707	0.0254652	0.0544669	0.11383	0.0920322	0.127768	0.0345956	0.0544669	0.0410039	0.0364092	0.0559879	0.0464873	0.103557	0.0216584	0.011259	0.0429611	0.113433	0.0429611
51000	intercept	0.848569	0.871003	0.885515	0.893435	0.861508	0.863494	0.866914	0.859443	0.874706	0.842781	0.859952	0.868676	0.846773	0.858127	0.858146	0.846773	0.847171	0.835804	0.851316	0.858751	0.866914	0.885282	0.864482	0.868129	0.860257	0.825798	0.853557	0.893435	0.786206	0.861534	0.848019	0.848019	0.869216	0.763912	0.821812	0.868129	0.866638	0.871425	0.786206	0.868103	0.875672	0.867843	0.884294	0.845553	0.856228	0.855698	0.881911	0.826718	0.847171	0.786526	0.84657	0.871425	0.850542	0.871425	0.87122	0.847006	0.873733	0.786206	0.871425	0.826394	0.889233	0.84979	0.853968	0.871425	0.837306	0.845274	0.883619	0.860722	0.84642	0.853162	0.83927	0.867222	0.876979	0.862019	0.861508	0.883619	0.877376	0.869526	0.857648	0.830994	0.860239	0.830994	0.871425	0.826718	0.84811	0.85145	0.869216	0.789494	0.871425	0.847813	0.874305	0.786206	0.846659	0.842134	0.83927	0.861551	0.854828	0.878539	0.854524	0.869216	0.866255	0.831497	0.87656	0.874202	0.853549	0.785178	0.858146	0.858119	0.853964	0.866286	0.835804	0.867921	0.866914	0.839857	0.869668	0.875588	0.883619	0.873733	0.855578	0.844658	0.847949	0.892827	0.844621	0.889479	0.857591	0.826718	0.859913	0.859607	0.849508	0.875588	0.866784	0.846659	0.868414	0.876487	0.85192	0.889233	0.852694	0.831201	0.837209	0.873412	0.811575	0.871353	0.842134	0.889479	0.868129	0.866914	0.867911	0.837209	0.82566	0.868676	0.846453	0.836253	0.78855	0.868082	0.853521	0.849623	0.869081	0.865152	0.875525	0.883619	0.84322	0.875314	0.837209	0.841899	0.855436	0.883089	0.867911	0.786206	0.841899	0.865636	0.867222	0.848768	0.833546	0.78855	0.883619	0.830994	0.871145	0.855273	0.869801	0.838488	0.883619	0.869801	0.835804	0.799894	0.78855	0.844621	0.826521	0.867222	0.868946	0.885352	0.864224	0.866638	0.835804	0.812764	0.866914	0.850086	0.872914	0.826394	0.875672	0.825835	0.889479	0.846453	0.82566	0.875588	0.859604	0.851316	0.861317	0.812764	0.863475	0.868082	0.866914	0.873852	0.837209	0.867921	0.825798	0.876979	0.868414	0.846659	0.857385	0.857591	0.869216	0.866914	0.875588	0.833546	0.863475	0.871425	0.866914	0.863475	0.875588	0.871425	0.792353	0.857648	0.85629	0.876192	0.869216	0.859952	0.84979	0.864993	0.865269	0.861317	0.85181	0.846773	0.893343	0.866914	0.877964	0.862019	0.866914	0.870105	0.866914	0.846453	0.847949	0.855698	0.867911	0.835804	0.885856	0.837209	0.844621	0.871425	0.861491	0.793811	0.889479	0.868676	0.869801	0.869216	0.786206	0.883619	0.868414	0.848585	0.845567	0.849607	0.875588	0.763912	0.835804	0.786206	0.881964	0.847171	0.845612	0.826394	0.86752	0.869216	0.869081	0.871003	0.879796	0.839693	0.786206	0.879796	0.857648	0.856341	0.866914	0.854564	0.857648	0.873473	0.893605	0.87122	0.835804	0.848768	0.865705	0.786206	0.867911	0.865152	0.786206	0.863475	0.853193	0.871425	0.865269	0.785178	0.842781	0.84979	0.867921	0.867911	0.845612	0.813523	0.865068	0.860577	0.855698	0.852342	0.869081	0.855436	0.862019	0.856986	0.857467	0.866914	0.786206	0.854564	0.889233	0.871003	0.84979	0.868129	0.863475	0.84642	0.879934	0.878701	0.868676	0.785178	0.861317	0.869801	0.889233	0.839857	0.857648	0.812764	0.871425	0.857591	0.867911	0.825835	0.862019	0.866982	0.875588	0.825215	0.851799	0.787542	0.854564	0.865152	0.866242	0.826718	0.875588	0.859952	0.845612	0.885158	0.858146	0.861534	0.889233	0.85181	0.793811	0.874706	0.773484	0.837209	0.847171	0.868676	0.820598	0.853557	0.786206	0.875588	0.850588	0.845612	0.861491	0.885105	0.866914	0.868414	0.868129	0.889233	0.854564	0.855698	0.846773	0.869216	0.838403	0.786206	0.825835	0.786206	0.842134	0.838403	0.867222	0.866914	0.889233	0.847171	0.768926	0.859952	0.859952	0.901163	0.825215	0.889479
52000	slope	0.00848893	0.0157296	0.0547886	0.0620412	0.0477979	0.0405453	-0.00117109	0.0505331	0.0547886	0.0704406	0.0767186	0.0360075	0.0342726	0.033408	0.0269571	0.0273016	0.0278778	0.0277978	0.0277978	0.0194157	0.0134451	0.0378522	0.0342726	0.0370044	0.0292611	-0.0161985	0.0547886	0.0131792	0.0334607	0.0277978	0.037421	0.0342726	0.0442374	0.126324	0.0060427	0.0289924	0.0273157	0.0200804	0.0353417	-0.0157124	0.0282312	0.0256734	0.0560751	0.0588519	0.0632433	0.0440039	0.00874211	0.0256734	0.0432186	0.0300401	0.0377783	0.0547886	0.00878852	0.0704406	0.0275257	0.0358294	0.0117955	0.077047	0.0465702	0.0200804	0.0197162	0.0547489	0.0277978	0.0588519	0.00878852	0.0182215	0.0588519	0.0774105	0.0405453	0.0200804	0.0588519	0.0275959	0.0165286	0.0547886	0.014275	0.0492296	0.0390635	0.126324	0.0245137	0.0136825	0.0539961	0.0278778	0.0342726	0.0277978	0.0515046	0.036122	0.0225791	-0.016651	0.00878852	0.014275	0.031859	0.00237275	0.0308727	0.0458214	0.037421	0.0515046	0.0275959	0.0303479	0.037421	0.0336504	0.0303716	0.00878852	0.00273839	0.0397266	0.024544	0.0512968	0.0298799	0.0444636	0.0608176	0.0905618	0.0390635	0.0374036	0.0282312	0.0460159	0.0515046	0.0355368	0.00878852	0.0277978	0.037421	0.0194363	0.0331966	0.0515046	0.0126767	-0.00708845	0.0125892	0.0360075	0.0292611	-0.0157124	0.0339151	0.0276177	0.0240726	0.0277978	0.0217793	0.0354779	0.0331966	0.0334197	0.00878852	0.030302	0.0273157	0.0504697	0.0767186	0.012281	0.0342114	-0.0107927	0.0681094	0.051907	0.0554114	0.036122	0.0270282	0.031859	0.0173494	0.0276791	-0.0157124	0.0344032	0.0131792	0.0114962	0.021293	0.0547886	0.014275	0.0510358	0.0460159	0.00445441	0.0381578	0.0251087	0.0658527	0.0360075	0.0179626	0.0149216	0.0510358	0.0157127	0.0168119	-0.0232666	0.00387234	0.0310756	0.0219312	0.0298799	0.024544	0.0405453	-0.0157124	0.0429666	0.0276177	-0.0157124	-0.000718702	0.036122	0.0254809	0.0298799	0.0277978	0.036122	0.0732318	0.0251087	0.0331966	0.0404576	-0.0157124	0.0126767	0.0331966	0.126324	0.0331966	0.014275	0.00114526	0.051907	0.0277978	-0.000557838	0.0314749	0.0155236	0.0420415	0.0568193	0.0389826	0.0524153	0.0575907	0.0594505	-0.00862869	0.06156	0.0588519	0.0338256	0.0155236	0.0547886	0.024544	0.0485157	0.014275	0.0329076	0.0451124	0.0219312	-0.0316812	0.0155236	0.00455598	0.0774105	0.0280196	0.0194363	0.0895905	0.0300146	-0.0172248	0.0125114	0.0460159	0.0314749	0.0342726	0.0289924	0.0389826	0.0256734	0.0155236	0.0403811	0.0442182	0.00848893	0.014275	0.0282455	0.0521895	0.0167944	0.014667	0.0694749	0.0292611	0.0584312	0.0277978	0.0273016	0.0632433	0.0596831	0.0458214	0.0590024	0.0047885	0.0256734	0.0135365	0.0277978	0.0767186	0.0194363	0.0547886	0.0586381	0.053548	0.0575907	0.0276177	0.00387234	0.0452033	0.0509047	0.131118	0.0254809	0.0510358	-0.0160459	0.0331966	0.126324	0.00878852	0.0547886	0.0194157	0.014275	0.0510358	0.0200804	0.129678	0.0334607	0.0414017	0.0584312	0.0457744	0.0349306	0.0510358	0.014275	0.0694749	0.0194157	0.0277645	0.0547886	0.0509047	0.0394885	0.0548614	0.00878852	0.0349306	-0.016651	0.0354779	0.0375616	0.137589	-0.011209	-0.0157124	0.0292611	0.0515046	0.0510358	-0.0157124	0.0273016	0.00878852	0.0136825	0.0277978	-0.000557838	0.137589	0.0369419	0.0510358	0.131118	0.0454709	0.0219312	0.0460159	0.056326	0.0276177	0.0217083	0.0440039	0.0515046	0.00237275	0.0560751	0.0541394	0.00848893	-0.0157124	0.0238326	0.126324	0.0200804	0.0468981	0.00387234	-0.0157124	0.0632433	0.0298799	0.0465702	0.0314749	0.0515046	0.0148092	0.0515046	0.0342726	0.0394885	0.056326	0.0289924	0.126324	0.0276791	0.0276791	0.0608176	-0.0157124	0.0591166	0.0194363	-0.0157124	0.0278778	0.0440039	0.0200804	0.0219312	0.0608676	0.073914	0.0510358	0.0126767	0.0232094	0.0510358	0.0545725	0.0655143	0.0289924	0.0289924	0.0277978	0.0405453	0.056326	0.0379474	-0.00117109	0.0282455	0.0149216	0.014667	0.0329076	0.0256734	-0.0157124	0.0047885	0.031859	0.0458139	0.0164781	0.0342726	-0.0157124	0.00321388	0.0131792	0.0298799	0.131118	0.0699375	0.0126767	-0.0157124	0.0167944	0.0510358	0.0277978	-0.0157124	0.0594505	0.00114526
52000	intercept	0.863613	0.890218	0.842258	0.85131	0.851181	0.86848	0.892686	0.86848	0.842258	0.857421	0.841062	0.884657	0.875298	0.849929	0.867035	0.8806	0.892283	0.878556	0.878556	0.880053	0.870173	0.864306	0.875298	0.883862	0.868616	0.89563	0.848224	0.872442	0.874214	0.865295	0.858567	0.875298	0.866567	0.792035	0.876851	0.889351	0.850854	0.876139	0.868878	0.888408	0.872442	0.904686	0.849244	0.860469	0.856642	0.868878	0.87977	0.904686	0.894481	0.889396	0.852355	0.857559	0.896528	0.857421	0.878556	0.874278	0.886475	0.854374	0.865193	0.859533	0.884688	0.878943	0.858543	0.865714	0.896528	0.875598	0.865714	0.811904	0.86848	0.886475	0.865714	0.873517	0.894969	0.842258	0.896528	0.859763	0.871132	0.794507	0.890218	0.8806	0.862668	0.892283	0.861744	0.878556	0.875298	0.852887	0.889454	0.894828	0.896528	0.910886	0.864926	0.890948	0.870511	0.871132	0.858567	0.875298	0.873517	0.87558	0.849441	0.850863	0.875298	0.896528	0.884679	0.853444	0.859779	0.88597	0.852284	0.873895	0.862306	0.849244	0.857006	0.870405	0.872442	0.850803	0.875298	0.875298	0.896528	0.865295	0.849441	0.868196	0.863076	0.875298	0.848569	0.902255	0.862732	0.889351	0.868616	0.888408	0.879417	0.904689	0.884228	0.878556	0.890893	0.898939	0.871132	0.873215	0.901678	0.890684	0.850854	0.851785	0.841062	0.883528	0.887645	0.903527	0.866694	0.866337	0.842591	0.868878	0.885187	0.864926	0.883528	0.896227	0.888408	0.858862	0.872442	0.889351	0.886605	0.843774	0.910886	0.862306	0.856996	0.887034	0.887265	0.879608	0.854374	0.884657	0.889511	0.896528	0.862306	0.86848	0.878506	0.905482	0.903527	0.896528	0.874588	0.849381	0.866487	0.870195	0.888408	0.869367	0.881605	0.898117	0.87742	0.852887	0.881015	0.852284	0.876444	0.868878	0.837104	0.889454	0.871132	0.856996	0.888408	0.848569	0.863076	0.794507	0.871132	0.896528	0.905482	0.86674	0.879834	0.899668	0.887402	0.895602	0.86674	0.88597	0.856996	0.845714	0.891548	0.825952	0.910905	0.846345	0.865714	0.898939	0.892686	0.842258	0.859779	0.880015	0.884688	0.858901	0.852887	0.874588	0.905482	0.895602	0.884361	0.811904	0.856996	0.833297	0.835766	0.889454	0.905482	0.848569	0.856996	0.873146	0.875298	0.889351	0.856996	0.904686	0.892686	0.878197	0.880015	0.863613	0.896528	0.896528	0.856996	0.896528	0.86848	0.849244	0.868616	0.856996	0.878556	0.8806	0.856642	0.86848	0.859526	0.833469	0.852284	0.904686	0.889351	0.878556	0.841062	0.853536	0.842591	0.882977	0.842591	0.891548	0.881605	0.903527	0.857243	0.854546	0.806751	0.881015	0.862306	0.890813	0.871132	0.78514	0.896528	0.848224	0.880053	0.896528	0.862306	0.876139	0.808454	0.867634	0.894307	0.856996	0.88597	0.876682	0.862306	0.896528	0.849244	0.882234	0.871132	0.857559	0.854546	0.849441	0.846717	0.896528	0.876682	0.894828	0.898939	0.889351	0.809276	0.890948	0.888408	0.868616	0.869508	0.862306	0.888408	0.8806	0.896528	0.8806	0.878556	0.899668	0.774201	0.910281	0.862306	0.806751	0.853444	0.884688	0.850803	0.86848	0.889454	0.858543	0.868878	0.875298	0.890948	0.849244	0.849244	0.862492	0.911172	0.839118	0.792035	0.884361	0.853289	0.903527	0.905482	0.856642	0.852284	0.865193	0.887402	0.875298	0.873888	0.875298	0.875298	0.849441	0.86848	0.889351	0.792035	0.896227	0.896227	0.862306	0.858311	0.86848	0.840012	0.888408	0.892283	0.868878	0.884361	0.876133	0.851017	0.857559	0.862306	0.848569	0.874588	0.862306	0.894481	0.862298	0.889351	0.889351	0.886084	0.86848	0.86848	0.869661	0.892686	0.896528	0.896528	0.86848	0.858901	0.904686	0.888408	0.852284	0.868878	0.869661	0.865193	0.875298	0.858311	0.890813	0.872442	0.849381	0.806751	0.862298	0.848569	0.888408	0.896528	0.842305	0.879834	0.911172	0.825952	0.905482
53000	slope	0.0111139	0.0255729	0.0415183	0.0225643	0.0451187	0.0549433	0.0292611	0.0302401	0.0158656	0.0661589	0.0335061	0.0394926	0.0392182	0.0412933	0.0451187	0.0272476	0.0526201	0.0346716	0.0625379	0.0401768	0.0300587	0.0411682	0.0501373	0.0771835	0.0724157	0.0286735	0.0438528	0.0286735	0.0760199	0.0337826	0.0163259	0.0847601	0.0466008	0.0438334	0.0558697	0.0771835	0.0672167	0.0320072	0.0606311	0.0553773	0.0592587	0.0540505	0.0650714	0.0442825	0.0340368	0.0442825	0.0255729	0.0516581	0.0442825	0.0416262	0.0286735	0.0277978	0.0543206	0.0158656	0.0684516	0.0284867	0.0708796	0.0311213	0.0489865	0.0604105	0.0575141	0.0582388	0.0826479	0.0510727	0.0258281	0.0311213	0.036078	0.0501373	0.0227382	0.0448882	0.0207193	0.0478932	0.007276	0.0301912	0.0411682	-0.0158526	0.0687648	0.0478932	0.0292611	0.0477698	-0.00562797	0.0292611	0.00457123	0.0349788	0.0416262	0.0795678	0.0747264	0.0771835	0.022995	0.0192407	0.0795678	0.0438334	0.0510727	0.0311213	0.0582388	0.0749738	0.0382066	0.0943545	0.0771835	0.0356905	0.0255729	0.0452491	0.0277978	0.0300587	0.0255729	0.0771835	0.0577515	0.0382252	0.0643485	0.0771835	0.0242686	0.0772988	0.0383924	0.0320072	0.0443017	0.0455919	0.00775487	0.0462088	0.0643485	0.0565105	0.0137975	0.0438334	0.0604105	0.0315814	0.0216442	0.0284951	-0.0463225	0.0634948	0.0438334	0.0609907	0.0501373	0.0490978	0.0558697	0.0277978	0.0604105	0.0621866	0.00531322	0.0158222	0.0795678	0.0588045	0.0415529	0.029037	0.0378464	0.0450502	0.0528244	0.00511181	0.000759871	0.0747264	0.0320072	0.0401621	0.0272476	0.0530769	0.0558697	0.0565512	0.0438528	0.0478932	0.0382497	0.0320072	0.0221762	0.0110126	-0.00562797	0.0230312	0.0374925	0.0604105	0.0495891	0.0188542	0.0490978	0.047327	0.0513829	0.0292611	0.0552499	0.0567975	0.0416262	-0.00562797	0.0759549	0.0450502	0.0188542	0.0255729	0.0282246	0.0255729	0.0404645	0.0926496	0.0708796	0.0511112	-0.00649017	0.0836503	0.0272476	0.0401621	0.0320072	0.0413488	0.050483	0.0283664	0.0240576	0.0697574	0.0242686	0.0460842	0.0138932	-0.0158526	0.0250022	0.0621866	0.0501373	0.0565105	0.0284867	0.044749	0.0144308	0.0416262	0.0292611	0.0450502	0.0845637	-0.00282946	0.0604105	-0.00649017	0.0501373	0.0359996	0.0747264	0.0661589	0.0798279	0.00432984	0.0582388	0.0547376	0.0543206	0.0943545	0.0292611	0.0151905	0.0188542	-0.0149268	0.0450856	0.0295573	0.0292611	0.0311213	0.0608064	0.00511181	0.0634948	0.0451187	0.0466008	0.0153119	0.0320072	0.0231695	-0.00282946	0.0438334	0.0294341	0.0312183	0.0292611	0.0451187	0.0546507	0.0438334	0.0452491	0.0638202	0.0311213	0.00511181	0.0231695	0.0771835	0.0158656	0.0438334	0.0558697	0.0401946	0.050483	0.0282991	0.0359996	0.0771835	0.0255729	0.0307672	0.0472577	0.0620393	-0.0158526	0.0151905	0.0277978	0.0231695	0.0470075	0.0501373	0.0311213	0.0682551	0.0451187	0.0634948	-0.0158526	0.0749738	0.0451187	0.0255729	0.0845637	0.04033	0.0231695	-0.0229678	0.0415529	0.0307877	0.0582388	0.0451187	0.0724157	0.0188542	0.0385379	0.0451187	0.0311213	0.0795678	0.0749738	0.0530769	0.0506019	0.0634948	0.0235774	0.0575141	0.0137975	0.0530769	0.0451187	0.050483	0.0337826	0.0472577	0.0247875	0.0798279	0.0472577	0.0295573	0.0320072	0.0661589	0.0547376	0.0643485	0.0311213	0.0726437	0.0228205	0.0255729	0.0501373	-0.00805514	0.0311213	0.0188542	0.0292611	0.0771835	0.0292611	0.0565105	0.0411682	0.0418195	0.0558697	0.0413488	0.0558697	0.0286735	0.0451187	0.0558697	0.0294271	0.0320072	0.0749738	0.00511181	0.0277978	0.0621866	0.0677201	0.0292611	0.0292611	0.00275225	0.026442	0.0771835	0.0320072	0.0286735	0.0438334	0.0356853	0.0620393	0.0188542	0.0190689	0.0565512	0.0450856	0.0320072	0.0582388	0.0188542	0.0413488	0.0798279	0.0438334	0.0661589	0.0466008	0.0798279	0.0426293	0.0438334	0.00275225	0.0450502	0.0174572	0.0313923	0.0188542	0.0438334	0.044749	0.0286735	0.0311213	0.0311213	0.0359996	0.0451187	0.0438334	0.0188542	0.0510727	0.0320072	0.0292611	0.0378464	0.0337826	0.0292611	0.0724157	0.0643485	0.0847601	0.0653793	0.0206117	0.0568237	0.0292611	0.0126871	0.043585	0.0255729	0.00511181	0.0501373	0.0510727	0.0165584	0.0795678	0.0799929
53000	intercept	0.868457	0.86549	0.850884	0.873614	0.869267	0.853925	0.865201	0.888934	0.845969	0.855508	0.866647	0.847895	0.853552	0.860027	0.869267	0.84759	0.848837	0.87231	0.891469	0.851724	0.853594	0.890281	0.844848	0.851122	0.854255	0.862983	0.88395	0.862983	0.8641	0.853121	0.872357	0.88881	0.856855	0.860027	0.839999	0.845969	0.844859	0.871461	0.869353	0.895044	0.860759	0.848837	0.856552	0.874047	0.867407	0.874047	0.839473	0.88395	0.874047	0.86693	0.862983	0.853045	0.848837	0.845969	0.865579	0.872953	0.875136	0.846706	0.859221	0.851161	0.869281	0.869267	0.848579	0.853856	0.877244	0.846706	0.870377	0.848837	0.840828	0.8802	0.853865	0.868594	0.878103	0.864614	0.894713	0.886118	0.870167	0.868594	0.865201	0.870289	0.894948	0.863562	0.914367	0.868457	0.86693	0.860759	0.840881	0.851122	0.8769	0.877745	0.849805	0.895044	0.84177	0.846706	0.869267	0.841566	0.870526	0.846878	0.845969	0.846366	0.868286	0.862851	0.853045	0.853594	0.864506	0.845969	0.875861	0.865921	0.807133	0.845969	0.854845	0.855156	0.864336	0.871461	0.847801	0.84759	0.896722	0.863794	0.807133	0.811929	0.86661	0.895044	0.856128	0.865714	0.856889	0.884806	0.865627	0.826328	0.853449	0.853046	0.863795	0.861242	0.839999	0.853045	0.856128	0.832902	0.846706	0.873296	0.860759	0.876796	0.859245	0.854878	0.842466	0.88395	0.862062	0.893034	0.886373	0.833078	0.865032	0.864506	0.84759	0.859306	0.839999	0.829017	0.88395	0.868594	0.886912	0.871461	0.859461	0.875663	0.894948	0.893053	0.859508	0.856128	0.843156	0.8956	0.861242	0.872782	0.868187	0.865201	0.875861	0.854106	0.86693	0.894948	0.843425	0.88395	0.880006	0.874861	0.870526	0.838136	0.867403	0.846878	0.875136	0.855959	0.886373	0.854255	0.84759	0.864506	0.871461	0.868649	0.846408	0.854195	0.88194	0.845214	0.854845	0.844655	0.875967	0.887419	0.839473	0.832902	0.859221	0.811929	0.872953	0.859152	0.845969	0.86693	0.865201	0.88395	0.850845	0.886118	0.856128	0.886373	0.8602	0.870338	0.833078	0.860759	0.854255	0.861533	0.869267	0.853885	0.848837	0.846878	0.865201	0.870526	0.880006	0.886373	0.843924	0.865946	0.865201	0.846706	0.859221	0.897637	0.826328	0.859152	0.856855	0.883225	0.871461	0.872265	0.892043	0.895044	0.878023	0.846706	0.883813	0.866729	0.875414	0.895044	0.868835	0.866791	0.859398	0.889035	0.87102	0.845969	0.845969	0.89162	0.839999	0.868457	0.854106	0.847884	0.870338	0.845969	0.868286	0.864484	0.860759	0.864097	0.886118	0.866324	0.853045	0.872265	0.865201	0.86157	0.846706	0.866647	0.860025	0.826328	0.887419	0.841566	0.866023	0.86176	0.850845	0.858034	0.872265	0.886118	0.859245	0.831198	0.869267	0.870653	0.854255	0.880006	0.842496	0.8802	0.846706	0.860759	0.849692	0.859306	0.875861	0.826328	0.854878	0.869281	0.835515	0.859306	0.866729	0.853885	0.853121	0.860759	0.868045	0.857402	0.860759	0.866552	0.871461	0.860759	0.853885	0.807133	0.846706	0.883874	0.872265	0.864506	0.844848	0.88721	0.846706	0.8956	0.883813	0.845969	0.865201	0.811929	0.875414	0.863179	0.839999	0.861946	0.839999	0.862983	0.869267	0.839999	0.859398	0.871461	0.841566	0.897287	0.853045	0.832902	0.832136	0.865201	0.883813	0.875301	0.859152	0.845969	0.865032	0.862983	0.895044	0.870338	0.864097	0.880006	0.857455	0.829017	0.843924	0.876921	0.869267	0.883905	0.868649	0.854255	0.853449	0.860759	0.856855	0.854255	0.848485	0.855789	0.875301	0.88395	0.868045	0.854195	0.880006	0.883225	0.857632	0.862983	0.846706	0.846706	0.870338	0.859152	0.895044	0.880006	0.855052	0.865032	0.865201	0.842466	0.86693	0.865201	0.854255	0.807133	0.88881	0.839795	0.853936	0.860759	0.865201	0.84759	0.862364	0.86549	0.886904	0.8602	0.84177	0.869869	0.849805	0.833078
54000	slope	0.0521693	0.0920514	0.0200262	0.0481139	0.0173125	0.0435115	0.0338725	0.069259	0.0499362	0.0702996	0.05283	0.0895292	0.0340199	0.0277451	0.0176648	0.0443767	0.014527	0.0743965	0.0335662	0.0587796	0.0378614	0.000261243	0.0475943	0.0407256	0.0173952	0.0895292	0.0290449	0.0330447	0.0521693	0.0277451	0.05847	0.00913802	0.0203107	0.0298738	0.0352442	0.000261243	0.0263668	0.0308775	0.0377453	0.0320341	0.0429825	0.0362866	0.0324523	0.0057117	0.0743965	0.0421364	0.082057	0.010014	0.0320341	0.0399554	0.0409583	0.0224829	0.010014	0.0443767	0.0381455	0.0459571	0.0482858	0.020418	0.0561548	0.0339854	0.0509885	0.0154592	0.0305791	0.0330447	0.0895292	0.0435115	0.0409583	0.0184019	0.0376596	0.020418	0.048612	0.0435115	0.0605436	0.0895292	0.0381455	0.0320341	0.0261463	0.048612	0.0252098	0.0611055	0.0481139	0.0431934	0.0239561	0.0330447	0.0920514	0.0598545	0.0643962	0.0521693	0.0555005	0.0468868	0.0541345	0.004277	0.068044	0.042074	0.0481139	0.0239561	0.0521693	0.0743965	0.0324523	0.020418	0.0443767	0.0313565	0.0814552	0.059222	0.0743965	0.0303194	0.0362866	0.0469847	0.00829137	0.0376194	0.0920514	0.0479555	0.0434566	0.0263114	0.0319636	0.0320341	0.0152223	0.0521693	0.0385369	0.0482858	0.0532153	0.0577305	0.0814552	0.0433551	0.0502433	0.0333804	0.0233089	0.0482858	0.0537061	0.0281228	0.0320271	0.045338	0.0277055	0.0756934	0.0551091	0.016528	0.0728317	0.076025	0.0680195	0.0789822	0.0532153	0.0111639	0.0281346	0.0399554	0.0409583	0.0521693	0.0219632	0.0179982	0.029193	0.0233089	0.0173125	0.0422269	0.0320341	0.0378614	0.0399554	0.036424	0.0394873	0.0522778	0.0376596	0.0508789	0.0481139	0.0480778	0.0920514	0.0634014	0.0338725	0.020418	0.0562109	0.048612	0.0324523	0.0320341	0.0521693	0.0468868	0.0474235	0.0536121	0.0481139	0.045338	0.0261463	0.0634014	0.0425921	0.0320341	0.0338725	0.0712009	0.0412754	0.0358464	0.0261463	0.0221365	0.0376596	0.0789822	0.00920467	0.0213544	0.020418	0.0481139	0.0634014	0.0447729	0.0411962	0.0239561	0.0521297	0.0303194	0.0527832	0.0799907	0.0432575	0.0057117	0.0665774	0.069259	0.0482858	0.0261666	0.0324523	0.0634014	0.049156	0.0335229	0.0920514	0.0320341	0.0303194	0.0577305	0.0261463	0.0481139	0.0338725	0.0691149	0.0789822	0.020418	0.0261463	0.000261243	0.082057	0.0335229	0.020418	0.0318567	0.0743965	0.0645101	0.0537061	0.0399554	0.0303194	0.0186839	0.0577305	0.0481139	0.0266363	0.0468868	0.0743965	0.0109512	0.0447729	0.050677	0.0320341	0.0338725	0.0289065	0.0851069	0.0920514	0.0330666	0.0341589	0.0376194	0.0266363	0.0482858	0.0233089	0.0696211	0.0508789	0.0235356	0.0333804	0.0384529	0.0702996	0.02428	0.0320341	0.0305791	0.0756934	0.0341589	0.0475943	0.0634014	0.0298738	0.00935609	0.0521693	0.0665774	0.0412754	0.0399554	0.0435115	0.0335229	0.0376596	0.0643962	0.0173125	0.0341589	0.0521693	0.0337915	0.0213544	0.0391873	0.0333866	0.0470458	0.0536121	0.0213544	0.0609304	0.0521693	0.0743965	0.0716577	0.024679	0.0431934	0.0482858	0.0233089	0.0570806	0.02428	0.0690178	0.0341589	0.0173125	0.020418	0.0643962	0.020418	0.0598545	-0.0070367	0.0409583	0.0682245	0.0598545	0.0341589	0.0680195	0.0296027	0.049942	0.0277451	0.0213544	0.0376194	0.0577433	0.0493635	0.0582854	0.0239561	0.0157447	0.0412754	0.0743965	0.0481139	0.0324523	0.0482858	0.0308775	0.0453884	0.0702996	0.0493635	0.0643962	0.0305791	0.0194539	0.0378614	0.0376596	0.0339854	0.0385369	0.0236999	0.0524243	0.010014	0.016528	0.0376194	0.010014	0.0356751	0.0800328	0.0358435	0.0261463	0.0616633	0.0233089	0.048254	0.0645101	0.0459903	0.0643962	0.0194539	0.0320341	0.020418	0.0895292	0.0743965	0.0920514	0.0338725	0.010014	0.0432575	0.0324523	0.0482858	0.0339777	0.0895292	0.0521693	0.0152125	0.0289065	0.0233089	0.05283	0.0233089	0.0277451	0.0320124	0.0233089	0.0565235	0.022788	0.0338725	0.0409583	0.0434566	0.0296027	0.0318567	0.0851069	0.0233089	0.0696211	0.0743965	0.0361271	0.0577305	0.0161479	0.0831961	0.0480778	0.0481139	0.0333866	0.0306975	0.0361271	0.0895292	0.0605436	0.0338725	0.0261666	0.0536959	0.0920514	0.0611055	0.0482858	0.0324523
54000	intercept	0.884348	0.839515	0.864553	0.845613	0.848577	0.871342	0.873097	0.845107	0.855657	0.832225	0.852236	0.861268	0.868423	0.868265	0.876078	0.852255	0.854242	0.848626	0.862198	0.866724	0.856233	0.870444	0.858106	0.862026	0.852866	0.861268	0.883529	0.897567	0.868334	0.868265	0.871623	0.860695	0.864003	0.860695	0.861938	0.865838	0.872285	0.845368	0.878006	0.862081	0.843933	0.847939	0.878092	0.843165	0.849438	0.852944	0.814903	0.85518	0.859334	0.85022	0.880261	0.857334	0.85518	0.852255	0.871538	0.861041	0.868301	0.843165	0.85325	0.866098	0.852023	0.871907	0.859381	0.897567	0.859511	0.868423	0.879444	0.854486	0.853074	0.843165	0.855018	0.868423	0.853179	0.867779	0.871538	0.864005	0.864553	0.857369	0.86353	0.875076	0.845613	0.855958	0.876445	0.897567	0.839515	0.857714	0.857714	0.868334	0.868423	0.862077	0.84405	0.85518	0.8543	0.862178	0.845613	0.876445	0.868334	0.849438	0.878092	0.857334	0.852255	0.862753	0.862472	0.864358	0.827205	0.857724	0.847939	0.856233	0.83703	0.874247	0.829522	0.85022	0.869119	0.852249	0.858193	0.864005	0.894731	0.868334	0.859666	0.836858	0.845605	0.846483	0.862472	0.871583	0.861423	0.850833	0.868089	0.862261	0.849438	0.858317	0.871465	0.87103	0.857311	0.852951	0.853114	0.867659	0.845876	0.841337	0.843416	0.839515	0.852033	0.8502	0.864371	0.85022	0.881085	0.844381	0.825096	0.861335	0.857334	0.871157	0.859916	0.851276	0.852538	0.856233	0.85022	0.875076	0.873168	0.849803	0.853228	0.868423	0.845613	0.867816	0.839515	0.869734	0.873097	0.843165	0.857294	0.855018	0.876934	0.8492	0.874698	0.862077	0.845613	0.834214	0.845613	0.8457	0.862753	0.875076	0.869892	0.857051	0.860894	0.8543	0.83838	0.85727	0.862753	0.867962	0.853228	0.839515	0.849502	0.864005	0.857334	0.844258	0.875076	0.864799	0.866444	0.876445	0.855113	0.857724	0.863388	0.830633	0.857724	0.843165	0.863353	0.845107	0.868301	0.89995	0.889086	0.877509	0.846308	0.864371	0.839515	0.859334	0.857724	0.846483	0.862753	0.838326	0.873097	0.857714	0.839515	0.857334	0.862753	0.870444	0.814903	0.864371	0.857334	0.873911	0.827205	0.873468	0.849438	0.85022	0.849502	0.862753	0.846483	0.84472	0.888985	0.862077	0.827205	0.875222	0.864799	0.875958	0.87686	0.873097	0.875222	0.849438	0.842269	0.864005	0.868423	0.868089	0.896218	0.860201	0.868089	0.8543	0.868423	0.862753	0.850833	0.868837	0.832225	0.856261	0.864005	0.859381	0.852951	0.868423	0.857342	0.877509	0.860695	0.89995	0.859177	0.863353	0.83838	0.85022	0.868423	0.852445	0.853228	0.866613	0.859916	0.868423	0.862753	0.859916	0.864005	0.858317	0.864005	0.829234	0.852236	0.864005	0.845107	0.862753	0.849438	0.854543	0.873182	0.855958	0.868301	0.868089	0.872591	0.851276	0.8543	0.868423	0.859916	0.857334	0.857714	0.857334	0.857714	0.884794	0.880261	0.869076	0.857714	0.868423	0.843416	0.868089	0.843416	0.868265	0.864005	0.868089	0.863353	0.838326	0.867686	0.876445	0.843165	0.853992	0.827205	0.848966	0.878092	0.868301	0.845368	0.864005	0.832225	0.838326	0.857714	0.864371	0.868237	0.856233	0.853228	0.866098	0.859666	0.871738	0.853992	0.860695	0.855723	0.851185	0.85518	0.849502	0.829758	0.857724	0.862753	0.872591	0.868089	0.851276	0.871336	0.872763	0.857714	0.867561	0.864005	0.843165	0.867779	0.827205	0.839515	0.857107	0.860695	0.857724	0.878092	0.853746	0.873911	0.84866	0.868334	0.862753	0.875222	0.868089	0.858317	0.868089	0.868265	0.900617	0.865702	0.88331	0.858825	0.873097	0.880261	0.892008	0.868089	0.888362	0.849438	0.868089	0.847734	0.827205	0.88563	0.846483	0.867468	0.832184	0.867816	0.838326	0.864005	0.864371	0.900139	0.856408	0.853179	0.860894	0.89995	0.853228	0.839515	0.875076	0.862261	0.871176
55000	slope	0.0249258	0.0285928	-0.00412851	0.0531012	0.0761	0.06566	0.0303603	0.0550571	0.0281343	0.0303965	0.0385359	0.0781358	0.060158	0.0024521	0.0366383	0.0396446	0.03495	0.0511784	0.0393083	0.0481399	0.0640729	0.0553256	0.0561105	0.0485742	0.0369846	0.0914783	0.0917412	0.0407309	0.0327747	0.0398016	0.03495	0.0264468	0.0302747	0.0273918	0.0402922	0.0358135	0.0556929	0.0462137	0.0422328	0.0788875	0.0883626	0.0704487	0.0770356	0.055129	0.0850061	0.0790345	0.015002	0.0599781	0.0326807	0.0307164	0.0567314	0.0484644	0.0553256	0.0330241	0.0414479	0.066815	0.0790345	0.0350991	0.0506771	0.090365	0.0484644	0.0805531	0.0606477	0.0402922	0.0281343	0.057155	0.0475586	0.0789822	0.101824	0.0385359	0.0281343	0.071518	0.0640729	0.0507528	0.0218966	0.00978862	0.0863903	0.0554149	0.0729281	0.0553256	0.0680915	0.0301851	0.0790345	0.0218966	0.0484644	0.0660302	0.0264468	0.0789822	0.0478154	0.0609284	0.0640963	0.0789822	0.0903603	0.0327747	0.0522602	0.081673	0.0183745	0.0475586	0.0383435	0.0562557	0.0552573	0.0783203	0.0458866	0.0310797	0.0617334	0.0801254	0.0484376	0.0484644	0.0556929	0.0500106	0.0710796	0.0281343	0.0809883	0.0629031	0.0850061	0.0264468	0.050348	0.0680915	0.0617334	0.0788875	0.0350991	0.0475586	0.0781358	0.0326807	0.0682829	0.0256222	0.0348045	0.0218966	0.0781358	0.0024521	0.0585033	0.0627098	0.0275265	0.0452656	0.0543961	0.0440577	0.00410037	0.0553256	0.0777274	0.0640729	0.0484644	0.0285158	0.063739	0.0761	0.0781358	0.0302747	0.0338154	0.0503402	0.0765862	0.0484644	0.0385359	0.0484644	0.093033	0.03495	0.0301851	-0.000408046	0.0790345	0.0474039	0.0761	0.0723964	0.0697562	0.0393083	0.021311	0.0429432	0.0479341	0.0330241	0.0718434	0.0385359	0.101824	0.0556929	0.0553256	0.0489983	0.0385359	0.0233266	0.0233266	0.0487255	0.0817613	0.0781209	0.0761	0.0697562	0.0850061	0.0903603	0.0326807	0.0326807	0.0530399	0.0688583	0.0614357	0.0214324	0.0405412	0.0852381	0.0373628	-0.000408046	0.0365849	0.0385359	0.093033	0.0484376	0.0601404	0.0556929	0.0330241	0.0338154	0.0122493	0.0556929	0.0122493	0.0640729	0.00554493	0.0474039	0.03495	0.00518142	0.0402922	0.00554493	-0.000408046	0.0249258	0.0850061	0.0790345	0.0761	0.0520494	0.0609284	0.0122493	0.0484644	0.0850061	0.0680915	0.0822185	0.0218966	0.0478297	0.0279305	0.0887197	0.0393083	0.0402922	0.0470312	0.0475586	0.0553256	0.0669647	0.0761	0.0766858	0.0556929	0.0343628	0.0484644	0.0218966	0.0914783	0.00585959	0.0697562	0.0704487	0.0377625	0.0393083	0.0761	0.0233266	0.0769848	0.0462137	0.0781358	0.0789822	0.0377625	0.0302747	0.0540914	0.0869996	0.0275265	0.0373597	0.0484376	0.0393083	0.030674	0.0710796	0.0218966	0.0198972	-0.00412851	0.0167887	0.0354012	0.0326807	0.0373628	0.0281343	0.0383435	0.0810216	0.0346246	0.0252468	0.0117915	0.0790345	0.0614955	0.0640729	0.0264468	0.101567	0.0365849	0.0396446	0.0503402	0.0484644	0.0850061	0.0806735	0.0484644	0.0850061	-0.0227953	0.0474039	0.0850061	0.0531012	0.0663017	0.0850061	0.0289234	0.0373628	0.0383435	0.00278001	0.0769848	0.090365	0.0412463	0.0024521	0.0373628	0.063739	0.0462137	0.0373628	0.0528623	0.0470312	0.0289234	0.00629614	0.0761	0.0272042	0.0254057	0.101567	0.0490376	0.00807891	-0.0227953	0.0850061	0.0272042	-0.00412851	0.0275265	0.0914783	0.021311	-0.00855701	0.0393083	0.0484376	0.0402922	0.0761	0.0024521	0.0419592	0.0281343	0.0716255	0.0475586	0.0737912	0.0739879	0.0275265	0.0890542	0.0613505	0.008542	0.0761	0.0530399	0.050348	0.090365	0.0704487	0.0383435	0.0701412	0.0761	0.0501103	0.0697562	0.0697562	0.0648272	0.0528623	0.0281343	0.0789822	0.0704487	0.063739	0.00714079	0.0330241	0.0640729	0.0852381	0.0696597	0.0779765	0.0275265	0.0812685	0.0914783	0.0518595	0.0737912	0.0117915	0.0285928	0.0713296	0.0850061	0.0850061	0.0484644	0.0761	0.0470312	0.0817613	0.0171114	0.00416099	0.0562557	0.0024521	0.0682829	0.0217954	0.0697562	0.071518	0.0218966	-0.000408046	0.0350991	0.0784734	0.0297995	0.063739	0.0248348	0.0530399	0.0218966	0.0617334	0.0484644	0.0907938	0.0769848	0.0451361	0.0218966	-0.00170864	0.0553256	0.0302747
55000	intercept	0.847896	0.862259	0.862577	0.890457	0.850039	0.832649	0.843309	0.866545	0.8573	0.874098	0.883236	0.842022	0.828229	0.869919	0.843309	0.845778	0.845955	0.886154	0.843309	0.8576	0.832727	0.887688	0.845778	0.867932	0.867662	0.817362	0.830726	0.849954	0.867195	0.850737	0.845955	0.869743	0.839985	0.877782	0.867195	0.853226	0.874791	0.858502	0.867662	0.844313	0.830431	0.821426	0.846504	0.890985	0.825684	0.861849	0.848033	0.83582	0.852939	0.843309	0.850018	0.864982	0.887688	0.834438	0.86496	0.837539	0.861849	0.877651	0.850823	0.849833	0.872795	0.835085	0.851102	0.867195	0.852993	0.850768	0.836156	0.83102	0.840181	0.883236	0.8573	0.867863	0.832727	0.858885	0.879122	0.837706	0.838009	0.893951	0.850247	0.86577	0.822264	0.863983	0.861849	0.879122	0.872795	0.855067	0.869743	0.83102	0.864982	0.874791	0.8746	0.838772	0.853428	0.867195	0.884621	0.858172	0.829001	0.836156	0.860199	0.890985	0.876047	0.845233	0.870002	0.871241	0.856206	0.843619	0.86547	0.861741	0.874791	0.853044	0.863675	0.8573	0.856681	0.852571	0.815656	0.869743	0.871649	0.828282	0.864091	0.837539	0.877651	0.836156	0.842723	0.853044	0.817792	0.851542	0.866899	0.879122	0.842022	0.869919	0.874791	0.840783	0.870113	0.858713	0.844572	0.868864	0.862128	0.887688	0.823555	0.832727	0.850217	0.879386	0.854797	0.849299	0.842561	0.839985	0.8495	0.82941	0.836941	0.864982	0.883236	0.864982	0.850648	0.845955	0.879386	0.873804	0.861849	0.857779	0.858172	0.838196	0.845233	0.84857	0.865447	0.861063	0.866521	0.845955	0.842651	0.883236	0.857499	0.874791	0.887688	0.864211	0.883236	0.860478	0.860478	0.851645	0.850648	0.861403	0.867034	0.845233	0.825684	0.853129	0.853044	0.853044	0.875139	0.84103	0.854037	0.837904	0.843309	0.841073	0.850737	0.892291	0.887842	0.883236	0.850648	0.86197	0.865471	0.874791	0.834438	0.846272	0.860478	0.874791	0.860478	0.832727	0.82718	0.857779	0.845955	0.836057	0.867195	0.843624	0.870568	0.865939	0.825684	0.861849	0.849299	0.871157	0.874791	0.860478	0.8271	0.825684	0.828282	0.842157	0.898321	0.883718	0.860478	0.812136	0.843309	0.867195	0.887298	0.836156	0.86577	0.849833	0.849299	0.82941	0.874791	0.837971	0.864982	0.879122	0.817362	0.891114	0.845233	0.827715	0.850217	0.843309	0.84444	0.860478	0.838073	0.858502	0.842022	0.838009	0.850217	0.837971	0.883236	0.843735	0.855541	0.883236	0.86547	0.843309	0.837683	0.863675	0.879122	0.862128	0.862577	0.856415	0.860952	0.853044	0.850737	0.8573	0.860199	0.83192	0.883236	0.841226	0.879122	0.861849	0.820488	0.832727	0.869743	0.857587	0.887842	0.845778	0.82941	0.8271	0.825684	0.846713	0.864982	0.813729	0.880655	0.857779	0.825684	0.890457	0.845233	0.825684	0.869847	0.850737	0.860199	0.830288	0.838073	0.838115	0.869093	0.86235	0.850737	0.864623	0.858502	0.850737	0.887688	0.884621	0.869847	0.870113	0.849223	0.8573	0.848005	0.857587	0.875139	0.894327	0.880655	0.825684	0.8573	0.862577	0.862479	0.817362	0.865447	0.818113	0.843309	0.86547	0.867195	0.841781	0.877439	0.873442	0.877329	0.855067	0.836156	0.857587	0.838073	0.862479	0.849833	0.890985	0.875888	0.849299	0.875139	0.871649	0.839946	0.826594	0.860199	0.850217	0.852712	0.857683	0.845233	0.845233	0.893939	0.887688	0.849633	0.838009	0.827715	0.864623	0.891114	0.862865	0.832727	0.841073	0.857587	0.845233	0.870113	0.848465	0.817362	0.864982	0.857587	0.879122	0.851812	0.842723	0.825684	0.815656	0.864982	0.849223	0.884621	0.850648	0.870113	0.894909	0.890985	0.869919	0.817792	0.867195	0.845233	0.867863	0.879122	0.87669	0.8449	0.836216	0.879122	0.864623	0.871422	0.875139	0.879122	0.872415	0.872795	0.825684	0.838073	0.867195	0.879122	0.875888	0.887688	0.837971
56000	slope	0.0426198	0.0451679	0.0457197	0.052418	0.06646	0.0275394	0.0491206	0.0451679	0.0567154	0.0373595	0.0598548	0.0820127	0.0356369	0.0281912	0.06646	0.0376089	0.0161277	0.0658036	0.0390954	0.045537	0.060907	0.0344105	0.0820127	0.0255446	0.0460289	0.062865	0.0463832	0.0315321	0.0376395	0.0496927	0.0318955	0.0492008	0.0679861	0.0548816	0.0626151	0.0265849	0.0463832	0.048628	0.052434	0.0680845	0.0586608	0.0306231	0.045537	0.0502148	0.030672	0.0417131	0.0484598	0.0281912	0.062333	0.0625091	0.0282127	0.0517235	0.0324265	0.0763547	0.0133066	0.0344105	0.069167	0.063629	0.0143942	0.0453856	0.0463832	0.06646	0.0525903	0.0417131	0.0394395	0.0829788	0.0606078	0.0395415	0.0403357	0.067785	0.0318641	0.020234	0.020234	0.0411499	0.0767585	0.0441278	0.0820127	0.0369939	0.0659889	0.0574779	-0.0266686	0.0658036	0.0625091	0.0714619	0.067785	0.0431003	0.042113	0.0230294	0.0340301	0.0859552	0.067785	0.0675829	0.067785	0.0318955	0.0364921	0.0568574	0.0256752	0.0708073	0.067785	0.0411499	-0.000288289	0.0394395	0.0690848	0.0501715	0.052434	0.0471326	0.0318955	0.045537	0.0487929	0.0675829	0.0457197	0.0180638	0.0489047	0.0306231	0.0631585	0.0649951	0.075387	0.0457892	0.0394395	0.0632664	-0.0266686	0.0593469	0.0364921	0.069586	0.0666933	0.0436358	0.0993496	0.0431873	0.067785	0.0020161	0.00973641	0.0131489	0.0178777	0.0752279	0.0568574	0.0728749	0.0230294	0.0318955	0.0907863	0.0421009	0.0369939	0.0523681	0.0631951	0.0534059	0.0523681	0.0612406	0.0556698	0.0658988	0.0650032	0.0645031	0.0816445	0.067785	0.0344105	0.0173726	0.0491206	0.0292502	0.0360223	0.0414727	0.0568574	0.063045	0.0318955	0.0232668	0.0347778	0.0344105	-0.00687221	0.0671093	0.065787	0.0484766	0.0457197	0.05474	0.0839531	0.0453856	0.0501715	0.067785	0.0248205	0.02867	0.0327414	0.0631951	0.0690848	0.0431003	0.0281912	0.073103	0.047602	0.0340301	0.0424657	0.0625091	0.0324599	0.0403357	0.0341965	-0.00687221	0.0318641	0.0394395	0.094193	0.0394395	0.0598548	0.0318955	0.075768	0.0344105	0.0557232	0.0344105	0.0523681	0.06646	0.0631951	0.0460289	0.0248693	0.0344105	0.0411499	0.0274181	0.067785	0.0390699	0.0457197	0.0563812	0.030672	0.0775044	0.0489299	0.0417131	0.0622034	0.067785	0.0949173	0.0402213	0.0625091	0.0394548	0.0178777	0.0394395	0.0332366	0.0281912	0.0394395	0.00793654	0.045537	0.0417131	0.0274181	0.0460289	0.0347818	0.0344105	0.06646	0.0324599	0.0364921	0.0324599	0.0668209	0.0379475	0.06646	0.0580476	0.0306231	0.0457197	0.0534059	0.067785	0.073103	0.0680845	0.0394548	0.025032	0.0394395	0.0462653	0.0230294	0.0230294	0.0463832	0.0417131	0.0460289	0.0411499	0.0484766	0.073103	0.105096	0.0131147	0.045537	0.0230294	0.0460289	0.0523681	0.0417131	0.067785	0.06646	0.0451679	0.0306231	0.0557232	0.042113	0.0451679	0.0340301	0.0379176	0.0344105	0.0230294	0.0414727	0.0394395	0.0414727	0.0719024	0.0304363	0.067785	0.048628	0.0392813	0.042113	0.0364921	0.0839531	0.0277502	0.048628	0.0274181	0.063045	0.0248693	0.0234003	0.0230294	0.0219623	0.00857348	0.0601413	0.0394395	0.065536	0.030672	0.0347818	0.067785	0.0491206	0.0589923	0.0523681	0.0568574	0.00857348	0.067785	0.0501715	0.0375422	0.0533204	0.0424657	0.0285901	0.0858705	0.0368277	0.0568574	0.0133066	0.0414727	0.0417131	0.0557232	0.0239272	0.0277502	0.0403357	0.0281912	0.06646	0.0447622	0.0675829	0.0301547	0.063045	0.0417131	0.0659889	0.0451679	0.0020161	0.069167	0.0281912	0.0364921	0.0594812	0.048628	0.0386049	0.0457197	0.0165968	0.0304363	0.0340301	0.0453856	0.0368277	0.0451679	0.0341965	0.0299808	0.0248693	0.0301547	0.0666933	0.020234	0.0403357	0.0403357	0.0343404	0.048628	0.0675829	0.0631585	0.0414727	0.067785	0.0735359	0.0344105	0.029979	0.0339882	0.0373595	0.0568574	0.105096	0.0451679	0.0431003	0.0223721	0.0417131	0.0792059	0.0351451	0.0299808	0.0394395	0.0560182	0.0631585	0.0344105	0.0622343	0.0318641	0.0344105	0.0340301	0.0568574	0.0347818	0.0581775	0.0586608	0.0230675	0.0820127	0.00354536	0.0859552	0.0306231	0.05474	0.0457197	0.0417131	0.0491206	0.0394548	0.048628	0.0344105
56000	intercept	0.864651	0.842717	0.887685	0.855767	0.855028	0.86579	0.888935	0.842717	0.839572	0.871489	0.823557	0.839572	0.86514	0.861233	0.855028	0.85687	0.879335	0.830459	0.871157	0.835054	0.8326	0.858978	0.839572	0.887767	0.848989	0.845678	0.873729	0.871033	0.86115	0.858831	0.86315	0.834744	0.802512	0.838535	0.813772	0.874495	0.873729	0.861233	0.850166	0.84301	0.840526	0.863329	0.819033	0.863635	0.863167	0.864223	0.85209	0.8628	0.854954	0.836358	0.868982	0.868982	0.844152	0.835019	0.882458	0.873265	0.837051	0.860766	0.883691	0.864612	0.873729	0.855028	0.848989	0.858675	0.886235	0.809773	0.833216	0.865461	0.842717	0.839572	0.819389	0.85379	0.826903	0.850365	0.811254	0.866227	0.839572	0.877917	0.881019	0.84301	0.890053	0.814106	0.836358	0.838464	0.839572	0.868872	0.850995	0.879335	0.846516	0.799661	0.839572	0.853195	0.839572	0.86315	0.86315	0.839708	0.867822	0.867013	0.846057	0.876275	0.861421	0.861248	0.851803	0.847699	0.852642	0.84569	0.86315	0.835054	0.867554	0.853195	0.887685	0.85861	0.858978	0.863329	0.83776	0.849995	0.855079	0.88831	0.861248	0.851985	0.890053	0.840796	0.86315	0.856464	0.870405	0.864223	0.845678	0.851645	0.839572	0.861421	0.886905	0.897084	0.867061	0.844816	0.839708	0.858272	0.879335	0.86315	0.805996	0.861242	0.877917	0.871157	0.86315	0.854954	0.874515	0.836358	0.861528	0.851803	0.840526	0.867878	0.845678	0.839572	0.861233	0.878089	0.888935	0.875893	0.852272	0.887685	0.839708	0.863534	0.867402	0.865276	0.858906	0.867822	0.890053	0.811254	0.852426	0.867822	0.887685	0.84301	0.87041	0.864612	0.859631	0.839572	0.880117	0.855578	0.872281	0.867986	0.851803	0.868872	0.872505	0.829525	0.853195	0.875295	0.851803	0.836358	0.893023	0.842717	0.871489	0.886552	0.819389	0.861248	0.815214	0.871489	0.823557	0.86315	0.861803	0.858978	0.856468	0.864948	0.874515	0.855028	0.86315	0.848989	0.823829	0.867822	0.876275	0.843064	0.847275	0.856107	0.887685	0.830121	0.863167	0.849629	0.837062	0.858675	0.83776	0.825873	0.794697	0.857992	0.836358	0.86315	0.867061	0.858268	0.846624	0.872505	0.861248	0.890053	0.817683	0.853033	0.843064	0.828963	0.86713	0.861233	0.855028	0.893023	0.86315	0.893023	0.83621	0.866228	0.855028	0.840526	0.863329	0.887685	0.840498	0.839943	0.829525	0.84301	0.86315	0.859396	0.861248	0.867761	0.879335	0.879335	0.873729	0.858675	0.848989	0.876275	0.867822	0.829525	0.817168	0.873405	0.817683	0.879335	0.828963	0.871157	0.858675	0.839572	0.855028	0.842717	0.857057	0.856468	0.850995	0.842717	0.875295	0.879335	0.858978	0.887535	0.887685	0.871489	0.887685	0.853195	0.836714	0.839572	0.861233	0.882026	0.850995	0.843254	0.87041	0.861248	0.861233	0.843064	0.845678	0.823829	0.864223	0.890693	0.867986	0.858978	0.872604	0.861248	0.835054	0.863167	0.86713	0.839572	0.888935	0.870405	0.847579	0.852175	0.872932	0.839572	0.859631	0.837398	0.852436	0.851803	0.86315	0.845678	0.85379	0.850995	0.882458	0.887685	0.858675	0.853195	0.871489	0.861248	0.842717	0.861233	0.855028	0.850995	0.853195	0.842717	0.863534	0.864223	0.881927	0.849435	0.861421	0.841946	0.861233	0.86315	0.845678	0.861233	0.866459	0.887685	0.883691	0.836714	0.875295	0.864612	0.85379	0.842717	0.871489	0.867822	0.823829	0.842717	0.864727	0.85379	0.842717	0.842717	0.890082	0.84951	0.853195	0.83776	0.887685	0.839572	0.860509	0.858978	0.832376	0.830193	0.871489	0.839708	0.831659	0.842717	0.868872	0.843064	0.858675	0.820925	0.858834	0.867822	0.886235	0.854954	0.83776	0.867822	0.829525	0.806106	0.867822	0.875295	0.850995	0.86713	0.83776	0.828087	0.890082	0.839572	0.861268	0.799661	0.863329	0.84301	0.887685	0.858675	0.888935	0.86315	0.84951	0.866196
57000	slope	0.0320801	0.0626268	0.0634251	0.0472725	0.0562861	0.0373766	0.0488241	-0.000580259	0.0419179	0.0320801	0.0365733	0.0238772	0.0320801	0.0392036	0.0555554	0.0464594	0.0178521	0.0454733	0.0373766	0.0184366	-0.0221695	0.0419179	0.0879263	0.072141	0.015557	0.0581993	0.0511134	0.0375615	0.072141	0.0507106	0.0420311	0.0406809	0.0358516	0.0454733	0.0217651	0.0795002	0.0512941	0.015557	0.0406033	-0.0140827	0.0392036	0.00927702	0.0311158	0.0831137	0.0488012	0.0307467	0.072141	0.051536	0.0667219	0.0359989	0.0157544	0.0392036	0.0337655	-0.00959804	0.0434223	-0.00103702	0.04631	0.0435079	0.0223763	0.0742043	0.0356032	0.0923087	0.0164412	0.0494307	0.0513555	0.0251352	0.0175389	0.0157544	0.0115055	0.0161091	-0.000889838	0.0213901	0.0488241	0.0300822	0.0477565	0.0488241	0.0307467	0.0662589	0.0742091	0.0331521	0.0902372	0.0634251	0.0364519	0.0457712	0.0186364	0.0339658	0.025531	0.0513466	0.0505014	0.020524	0.0437392	0.0516981	0.0373766	0.0184366	-0.000889838	0.0454733	0.0488012	0.0478798	0.0155609	0.0777976	0.0609782	0.0581993	0.0562861	0.0488241	0.0880943	0.0978214	0.116978	0.0423108	0.0434223	0.0356032	0.0169955	0.0464594	0.0651535	0.0307558	0.0488241	0.0464594	0.0947828	0.0122782	0.072141	-0.0170428	0.0803456	0.0240329	0.0801787	0.0488012	0.0428583	0.0317184	0.0505014	0.015557	0.0795002	0.100129	0.054668	0.0375676	0.00927702	0.0122169	0.0424103	0.0416453	0.0692177	0.0513673	0.0639133	0.0296014	0.0434223	0.054668	0.0416453	-0.00959804	0.0534024	0.056112	0.0392036	0.0918031	0.0494202	0.011241	0.0540645	0.0392036	0.0978214	0.0820629	0.0478798	0.000621086	0.0576759	0.039493	0.10481	0.0477565	0.0320801	0.0267041	0.0806854	0.04912	-0.0124167	0.0614783	0.0353738	0.0114904	0.0358516	0.0476615	0.0534024	-0.00734652	0.0392036	0.0182434	0.0290343	0.0373766	0.0478798	0.0315108	0.0775647	0.100129	0.0372679	0.0764541	0.0879628	0.0619771	0.0251352	0.0343643	0.0505014	0.0114904	0.0634251	0.0645709	0.0683881	0.0488241	0.0114904	0.0393694	0.0745057	0.0356032	0.0565296	0.0565296	0.0636448	0.0555962	0.015557	0.0392036	0.072141	-0.0178713	0.0492774	0.0457712	0.0325378	0.100046	0.0355697	0.040499	0.0213901	0.0507106	0.0634251	0.0577878	-0.0233723	0.0961448	0.0437532	0.0803456	0.0636448	0.0392592	0.0409959	0.0227265	0.0488241	0.0469828	0.0155609	0.0314336	-0.0233723	-0.00959804	0.03828	0.0555554	0.0795002	0.0675303	0.0373766	0.0122782	0.0373766	0.0879263	0.000621086	0.015557	0.0251352	0.0174578	0.066882	0.0795002	0.0320801	0.0505014	0.031349	0.0392592	0.0978214	0.0488241	0.0795002	0.0469828	0.0645709	-0.0170428	0.0742091	-0.0124167	0.0374775	0.0488012	0.0526405	0.0619771	-0.00211319	0.0612907	0.0416453	0.0359989	0.015557	0.0373766	0.0157544	-0.000889838	0.0742043	0.0230904	0.0375615	0.049138	0.0309464	0.0428583	0.0465686	0.0200823	0.0587442	0.0478798	0.0978214	-0.000889838	0.0454733	0.0175388	0.0485724	0.0373766	0.0873771	0.0320801	0.0806854	0.0464594	0.0392592	0.0478798	0.0634251	0.0667219	0.0505014	0.0373766	0.0488241	0.0820629	0.0312826	0.0860833	-0.00959804	0.0509683	0.0320801	0.015557	0.0764541	0.0483518	0.10481	0.0237402	-0.0170428	0.0849375	0.0612907	0.0978214	0.0488012	0.0747025	0.0634251	0.0279917	0.015557	0.030734	0.0488241	0.0251352	0.0488241	0.015557	0.0978214	0.0873771	0.0464594	0.0565296	0.0392036	0.0614783	0.072141	0.0565296	0.0290343	0.0416453	0.0587442	0.0358516	0.0488241	0.0320801	-0.0124167	0.072141	0.015557	0.0577878	0.0488241	0.0690825	0.0534024	0.0457712	0.0164412	0.066265	0.0565296	0.0488241	0.0636448	-0.00287138	0.056112	0.0516087	0.0373766	0.0472725	0.0734531	0.0488241	0.102205	0.020524	0.0978214	0.0122782	0.066882	0.03828	0.0245148	0.0636448	0.0114904	0.0626268	0.0820629	0.0803456	0.00186412	0.0373766	0.0164412	0.0634251	0.0518073	0.0442018	0.020524	0.0373766	0.0476615	0.0478798	0.0331971	-0.00941641	0.0358516	0.0122782	0.0175388	0.0662255	0.0166413	0.00949758	0.0806854	0.0150686	0.0978214	0.0505014	0.0651438	0.0174578	0.0373766	0.015557	0.049883	0.025531	0.0978214	0.0114904	0.072141	0.0477565	0.0619771	0.0164412	0.0488241	0.0978214
57000	intercept	0.883637	0.860907	0.866762	0.8541	0.861281	0.854503	0.873615	0.873665	0.870163	0.883637	0.871831	0.876272	0.883637	0.846604	0.866762	0.880383	0.863051	0.848766	0.836854	0.836609	0.88008	0.872698	0.806707	0.843771	0.864099	0.873158	0.850415	0.860949	0.843771	0.840195	0.850056	0.893339	0.868264	0.848766	0.870359	0.831361	0.859627	0.862891	0.862966	0.88008	0.832195	0.863051	0.865161	0.862807	0.863517	0.883397	0.8541	0.852619	0.824882	0.879383	0.876976	0.850306	0.857969	0.870763	0.852755	0.846604	0.848533	0.858126	0.881351	0.835768	0.867487	0.81826	0.849396	0.873615	0.836267	0.843633	0.85916	0.876976	0.852865	0.836609	0.879335	0.883397	0.873615	0.849283	0.880567	0.891219	0.883397	0.848057	0.822412	0.868264	0.828635	0.866762	0.862427	0.842245	0.858834	0.880307	0.879809	0.845188	0.848766	0.869328	0.866762	0.838986	0.843972	0.836609	0.879335	0.848766	0.863517	0.865051	0.87485	0.837707	0.854412	0.873158	0.861281	0.873615	0.862062	0.843771	0.843878	0.869305	0.852755	0.867487	0.862891	0.880383	0.863739	0.854513	0.873615	0.880383	0.81826	0.894347	0.855481	0.872566	0.836235	0.876272	0.851007	0.863517	0.873615	0.869053	0.848766	0.860385	0.831361	0.826881	0.817515	0.863253	0.863051	0.870359	0.862801	0.846727	0.859503	0.852798	0.869615	0.87149	0.838994	0.817515	0.846727	0.866698	0.862461	0.865772	0.846604	0.854825	0.836099	0.873367	0.860327	0.832195	0.843771	0.842894	0.864321	0.879335	0.854168	0.870806	0.796157	0.888285	0.883637	0.864498	0.878501	0.846986	0.872566	0.846732	0.853266	0.895375	0.889521	0.884299	0.866762	0.872566	0.846604	0.861654	0.879809	0.846871	0.864321	0.883397	0.879912	0.826881	0.863137	0.837667	0.843204	0.830655	0.835784	0.858874	0.848766	0.858834	0.866762	0.826494	0.835103	0.873615	0.872219	0.865194	0.862807	0.867487	0.857546	0.857546	0.862107	0.852798	0.862891	0.832195	0.843771	0.879335	0.882104	0.862953	0.876976	0.843771	0.879809	0.873615	0.883397	0.840195	0.866762	0.854348	0.87758	0.843771	0.841015	0.835768	0.866762	0.849489	0.828615	0.86947	0.873615	0.86561	0.87485	0.869328	0.87758	0.870763	0.85944	0.866762	0.839435	0.866762	0.843972	0.894347	0.854503	0.806707	0.879335	0.860385	0.843633	0.894347	0.860717	0.831361	0.875972	0.848766	0.863051	0.869256	0.843771	0.873615	0.831361	0.86561	0.843972	0.872566	0.822412	0.872566	0.856944	0.863517	0.880383	0.837949	0.876272	0.853714	0.860604	0.9129	0.862891	0.843972	0.876976	0.891601	0.835768	0.877419	0.860949	0.843204	0.89505	0.873615	0.869121	0.854891	0.866575	0.859627	0.843771	0.879335	0.848766	0.846604	0.873615	0.843972	0.862062	0.875972	0.878501	0.880383	0.849489	0.872279	0.866762	0.824882	0.848766	0.854503	0.873615	0.843204	0.869188	0.862062	0.870763	0.856944	0.87155	0.862891	0.837667	0.871831	0.832083	0.883397	0.872566	0.848308	0.851299	0.843771	0.863517	0.863866	0.866762	0.876272	0.862891	0.850306	0.873615	0.843633	0.873615	0.862891	0.843771	0.862062	0.880383	0.857546	0.850306	0.838616	0.855481	0.857546	0.879809	0.860604	0.866575	0.889521	0.879749	0.883637	0.872566	0.843771	0.886231	0.854348	0.873615	0.863866	0.866762	0.842245	0.849396	0.862062	0.857546	0.873615	0.866762	0.879335	0.878937	0.832638	0.843972	0.8541	0.835103	0.847414	0.831361	0.869328	0.843771	0.88369	0.860717	0.85944	0.863051	0.866762	0.858834	0.860907	0.843204	0.835768	0.847653	0.843972	0.827395	0.866762	0.856055	0.846727	0.869328	0.843972	0.884299	0.864321	0.862953	0.87732	0.894047	0.894347	0.846604	0.8541	0.881711	0.894347	0.860717	0.852865	0.843771	0.848766	0.843771	0.894347	0.843972	0.862891	0.866742	0.879809	0.843771	0.858834	0.843771	0.870783	0.837949	0.854922	0.873615	0.843771
58000	slope	0.0299545	0.00967581	0.0471194	0.0478798	0.0145558	0.047086	0.0355315	0.036793	0.0221804	0.0458142	0.067977	0.0115147	0.0193026	0.0677865	0.0575209	0.0197073	0.0468783	0.048946	0.0219354	0.043761	0.0633787	0.0453156	0.0182019	0.0595476	0.0478798	0.0677865	0.0145558	0.0506176	0.040058	0.0631637	0.0681651	0.0587411	0.0692755	0.0528883	0.0266446	0.0657432	0.0683988	0.0397204	0.0329464	0.0509152	0.0992194	0.0317845	0.0529985	0.047101	0.0219354	0.0271503	0.0333142	0.0959249	0.0766838	0.0542834	0.052086	0.0959249	0.0565133	0.0193026	0.0397978	0.0145956	0.0608002	0.0506176	0.0766838	0.0329305	0.0458142	0.0535002	0.0566434	0.041687	0.0320465	0.0145558	0.0959249	0.0506729	0.0578377	0.0503411	0.0423947	0.0959249	0.0404257	0.0478798	0.0374738	0.0145956	0.00956821	0.0372639	0.0392511	0.0357595	0.0568249	0.0527187	0.0398967	0.0480141	0.11037	0.0201429	0.04784	0.0172225	0.0182019	0.0616442	0.0439679	0.0383011	0.0457079	0.0422981	0.0455458	0.0643491	0.0503411	0.0397978	0.0333142	0.0497186	0.0766838	0.0464119	0.048946	0.0552949	0.046715	0.0458142	0.0404376	0.0528883	0.00956821	0.0189769	0.0537137	0.0182019	0.0387391	0.0458142	0.0394882	0.0394882	0.11037	0.0333142	0.0334163	0.0392139	0.0766838	0.0695104	0.00693754	0.0354942	0.0452885	0.052086	0.0164953	0.052086	0.0726837	0.0347725	0.0523763	0.064166	0.067031	0.0959249	0.0458142	0.0335518	0.016525	0.0772426	0.052086	0.0411455	0.0550341	0.0329464	0.0651932	0.0899403	0.0446095	0.0128025	0.0483188	0.0308799	0.0285632	0.0664114	0.0285632	0.0587411	0.0182019	0.0506729	0.0354942	0.0218097	0.0182019	0.0372639	0.0108489	0.0145558	0.0568249	0.0587411	0.043761	0.0466896	0.0651932	0.0432625	0.0458142	0.0403831	0.0681651	0.0356343	0.0372639	0.0267971	0.053583	0.0571263	0.0197073	0.0410366	0.0108489	0.0322966	0.054956	0.0333142	0.0145558	0.0201429	0.0533105	0.0454375	0.0518871	0.0568249	0.0182019	0.0377728	0.0394882	0.0476064	0.0719024	0.052086	0.0333142	0.0542849	0.0608878	0.0648165	0.0470595	0.0285632	0.0616442	0.0509152	0.0394372	0.0349188	0.0667858	0.046715	0.0271503	0.0677865	0.0333142	0.0568249	0.0396595	0.0392139	0.0766838	0.0677865	0.0218097	0.0485513	0.00693754	0.0397978	0.0455458	0.0509152	0.0372639	0.062976	0.0959249	0.0999985	0.0394372	0.067977	0.0373127	0.0179255	0.0692755	0.0318127	0.0766838	0.0221804	0.0692755	0.0299545	0.0575209	0.0396595	0.0341183	0.0172225	0.0271503	0.00693754	0.0527187	0.0397978	0.0476906	0.0542834	0.0227213	0.0527187	0.0333142	0.00894024	0.0571263	0.0478798	0.0847826	0.0566881	0.0847826	0.0366633	0.04205	-0.0107927	0.00964549	0.0172225	0.0328757	0.0478798	0.0623129	0.0182019	0.0182019	0.0394432	0.0677865	0.0394432	0.0219354	0.0394372	0.0464241	0.0631637	0.0164953	0.0503411	0.0677865	0.0182019	0.0528883	0.00693754	0.0333335	0.0478798	0.0959249	0.0428874	0.0528883	0.0608878	0.040058	0.0688216	0.0568249	0.0307696	0.0528883	0.0115147	0.0631637	0.0509152	0.0603381	0.0227213	0.0258793	0.0481267	0.04205	0.00956821	0.0550341	0.0458142	0.0952723	0.0317845	0.11037	0.0394432	0.0568249	0.0683988	0.0207939	0.0481267	0.0193026	0.0451672	0.0566881	0.0271503	0.0647755	0.0608878	0.040058	0.0193026	0.0299545	0.0643491	0.0145558	0.0285632	0.0948417	0.0563934	0.0333142	0.0485513	0.021807	0.0527187	0.0193026	0.0847826	0.0196334	0.0608878	0.0145558	0.0568249	0.0647755	0.0948417	0.0266446	0.0308799	0.040058	0.0478798	-0.00896278	0.0266446	-0.0213547	0.0683988	0.0455458	0.0528883	0.050451	0.043761	0.0677865	0.0333335	0.0478798	0.0568249	0.0551552	0.0757726	0.052086	0.0595476	0.0164953	0.0394432	0.0396595	0.0568249	0.0196334	0.0410366	0.0308799	0.0172225	-0.00804433	0.0436511	0.0994483	0.0405367	0.0724306	0.0502167	0.0553353	0.0145558	0.0608878	0.0633787	0.0633787	0.0587411	0.0667858	0.021807	0.0643491	0.0182019	0.0275093	0.0960313	0.0503411	0.0372639	0.0372639	0.0221804	0.043761	0.0221804	0.0275901	0.0459615	0.0478798	0.0196334	0.0575209	0.0571263	-0.0107927	0.032484	0.0687118	0.052086	0.0948417	0.0396595	0.0182019	0.050839	0.0221804	0.054728	0.0565133	0.0469821
58000	intercept	0.86212	0.861162	0.874146	0.846184	0.862029	0.839133	0.862763	0.878257	0.870989	0.85322	0.85422	0.873708	0.884364	0.835754	0.886094	0.868055	0.857152	0.824273	0.860065	0.885368	0.857806	0.846372	0.855453	0.886094	0.842437	0.835754	0.858844	0.860984	0.890648	0.874868	0.886094	0.853017	0.871227	0.843636	0.855883	0.84875	0.835754	0.862834	0.885659	0.843899	0.823107	0.871903	0.859269	0.850362	0.860065	0.87485	0.885896	0.808235	0.823655	0.856963	0.867459	0.808235	0.855323	0.884364	0.861162	0.89535	0.862184	0.858145	0.825742	0.858366	0.85322	0.835547	0.866595	0.84877	0.864401	0.858844	0.837113	0.843899	0.838815	0.856417	0.849226	0.808235	0.865415	0.854901	0.835341	0.89535	0.864335	0.854816	0.816658	0.850773	0.85422	0.862433	0.850803	0.851608	0.853534	0.866724	0.87185	0.872548	0.872548	0.879894	0.845183	0.843121	0.886321	0.884445	0.864631	0.826051	0.85747	0.861162	0.879474	0.867225	0.825742	0.885368	0.824273	0.86338	0.854816	0.85322	0.884757	0.843636	0.84025	0.858067	0.866139	0.872548	0.85124	0.85322	0.857917	0.841934	0.842283	0.879474	0.871503	0.835341	0.835975	0.870764	0.858067	0.862157	0.876241	0.867459	0.877297	0.867459	0.844519	0.839133	0.857687	0.866871	0.866571	0.837113	0.85322	0.855335	0.861783	0.858935	0.867459	0.864631	0.839133	0.885659	0.857751	0.855913	0.887596	0.873947	0.848753	0.872262	0.882188	0.87354	0.882188	0.855495	0.855453	0.844285	0.851357	0.846642	0.855453	0.854816	0.876945	0.858844	0.845436	0.853017	0.885447	0.880997	0.857751	0.861701	0.85322	0.852897	0.886094	0.859446	0.854816	0.864219	0.855319	0.852889	0.868055	0.8481	0.876945	0.863713	0.865049	0.879474	0.858844	0.866724	0.846075	0.873326	0.846677	0.85422	0.872548	0.88292	0.841934	0.860585	0.840021	0.863768	0.879474	0.838266	0.826526	0.846654	0.833659	0.882188	0.879894	0.843899	0.884757	0.861783	0.864253	0.854816	0.87485	0.835754	0.885896	0.85422	0.881098	0.835341	0.825742	0.835754	0.846642	0.811183	0.867762	0.861162	0.841067	0.843899	0.854816	0.860875	0.808235	0.808235	0.884757	0.85422	0.864335	0.914141	0.854862	0.845183	0.838706	0.869639	0.871227	0.86212	0.886094	0.881098	0.868425	0.872548	0.87485	0.867762	0.862433	0.861162	0.837931	0.856963	0.856632	0.862433	0.879474	0.867762	0.834215	0.821738	0.858546	0.85422	0.84529	0.87725	0.864335	0.902056	0.884364	0.872548	0.852238	0.839133	0.882169	0.872548	0.872548	0.852238	0.835754	0.852238	0.860065	0.882615	0.854816	0.874868	0.877297	0.856417	0.835754	0.855453	0.843636	0.862884	0.864631	0.854901	0.837113	0.871903	0.830691	0.826526	0.890648	0.846103	0.845436	0.853869	0.843636	0.862838	0.874868	0.843899	0.82699	0.867889	0.864631	0.864335	0.864335	0.864335	0.839133	0.85322	0.808235	0.871903	0.832519	0.852238	0.826901	0.835754	0.846642	0.864335	0.884364	0.876241	0.85422	0.87485	0.87354	0.826526	0.890648	0.894075	0.86212	0.826526	0.857635	0.882188	0.8517	0.839133	0.880775	0.811183	0.869507	0.862433	0.884364	0.84529	0.860693	0.826526	0.858844	0.85422	0.87354	0.8517	0.855883	0.872262	0.890648	0.846184	0.873896	0.867959	0.890648	0.846529	0.864631	0.843636	0.867459	0.885447	0.836945	0.864631	0.842437	0.86495	0.835341	0.848142	0.867459	0.886094	0.877297	0.871105	0.881098	0.86495	0.860693	0.858114	0.872262	0.872548	0.902056	0.839133	0.848546	0.85322	0.861934	0.849328	0.862809	0.858844	0.826526	0.857806	0.857806	0.853017	0.860875	0.869507	0.826526	0.855453	0.871903	0.829222	0.857179	0.854816	0.866724	0.869639	0.885368	0.870989	0.851357	0.867459	0.821738	0.860693	0.886094	0.860639	0.902056	0.860007	0.885368	0.861032	0.8517	0.881098	0.872548	0.87354	0.869639	0.871256	0.855323	0.857598
59000	slope	0.0437298	0.0365207	0.0591952	0.0332499	0.025876	0.0777107	0.0651497	0.0437298	0.0166727	-0.00249407	0.0493581	0.0566101	-0.00249407	0.0162809	0.015644	0.0400025	0.0185789	0.0232648	0.0321273	0.0529386	0.0383308	0.0336957	0.0324962	0.0362205	0.0651497	0.0336957	0.073373	0.0537012	0.0313078	0.0327823	0.0592737	0.0316695	0.0206179	0.0591952	0.0651497	0.061926	0.0827049	-0.00739399	0.0399681	0.0591952	0.0336957	0.0321034	0.015644	0.0566101	0.0233699	0.0651497	0.0591952	0.0827049	0.0638188	0.0324962	0.0711879	0.0317966	0.0437298	0.0437298	0.0651497	0.0519626	0.0408706	0.0448958	0.0342538	0.0610578	0.0437298	0.0664773	0.0468997	0.0352265	0.061926	0.0264897	0.101524	0.0838193	0.0316695	0.0107027	0.0566101	0.0832405	0.07855	0.0737785	0.0827049	0.0437298	0.015644	0.0383308	0.0324962	0.0100645	0.0597623	0.093772	0.0262676	0.0605339	0.0162725	0.0162947	0.0437298	0.0498305	0.0651497	0.0562619	0.0313078	0.0305739	0.0316781	0.0864287	0.0185789	0.0359203	0.0711879	0.0262676	0.0664773	-0.00249407	0.0591952	0.0801794	0.061926	0.0383308	0.0698459	0.0437298	0.0796643	0.0612208	0.025876	0.061926	0.0255197	0.0437298	0.0166727	0.0392336	0.0537012	0.0785138	0.0588394	0.048768	0.0429282	0.0366552	0.0162947	-0.00249407	0.0435351	0.0806321	0.101144	0.0566101	0.0310126	0.0313078	0.0380645	0.0437298	0.0204775	0.0617147	0.0777107	0.0651497	0.0365207	0.0591952	0.0418643	0.0312738	0.0437298	0.0767367	0.065965	0.0284634	0.086206	0.0327823	0.0166727	0.0448958	0.0327823	0.0391104	0.0399681	0.0593996	-0.00249407	0.0454871	0.0185789	0.0785138	-0.00249407	0.0448958	0.0185789	0.044998	0.0185789	0.0355128	0.0162947	0.0133014	0.0716878	0.0711879	0.0185789	0.0580957	0.0124728	0.0332499	-0.00534371	0.0369113	0.034991	0.0664773	0.0341675	0.0327823	0.0324962	0.0232648	0.0429282	0.0651497	0.0263063	0.0348071	0.061926	0.0429446	0.0930368	0.0327823	0.0324962	0.0324962	0.0162947	0.0169987	0.0572893	0.0255197	0.0305739	0.0664773	0.0448958	0.0493843	0.0699886	0.0838193	0.0359203	0.0796246	0.0796246	0.0429446	0.0437298	0.0304673	0.0162725	0.0324962	0.0664773	0.0448958	0.0185789	0.0796246	0.0885979	0.025876	0.0707532	0.0566101	0.0264897	0.0785138	0.0100227	0.0591952	0.061926	0.0316695	-0.00931332	0.0255197	0.0234579	0.0651497	0.00593756	0.0538062	0.0262676	0.0437298	0.0512473	0.0867993	0.0379006	0.0255197	0.0429446	0.0185789	0.0664773	0.0597623	-0.00249407	-0.00249407	0.0591952	-0.00249407	0.0212467	0.0062224	0.0437298	0.0408706	0.0379006	0.0262676	0.0232648	0.0234579	0.0113264	0.00593756	0.0437298	0.0651497	0.0431201	0.0707532	0.0538062	0.0162947	0.0664773	0.0785138	0.0498648	0.0131993	0.0313078	0.0244331	0.0437298	0.0162947	0.0383308	0.0185789	0.0383308	0.0383308	0.0107027	0.0448958	0.0166727	0.0431201	0.0567233	0.0332499	0.0716878	0.0420571	0.0324962	0.0324962	0.0120325	0.0838193	0.0707532	0.0342538	0.0431201	0.0815292	0.0591952	0.0699544	0.0429446	0.0262676	0.0133014	0.0666647	0.0838193	0.0529386	0.0333313	0.0840186	0.0708156	0.0785138	0.073373	0.0420571	0.0597623	0.0795923	0.0162947	0.0815292	0.0437298	0.0538062	0.0327823	0.0313078	0.0429446	0.0267231	0.0279318	0.0383308	0.0365207	0.0437298	0.0232648	0.0166727	0.0332499	0.0498648	-0.00249407	0.0379006	0.0448958	0.0232648	0.0324565	-0.0104327	0.0316695	0.0760559	0.0208839	0.0316695	-0.00249407	0.0305739	0.061926	0.0321273	0.0591952	0.0379006	0.061926	0.0316695	0.0708156	0.0324565	0.0468334	0.0383308	0.0605339	0.0529386	0.0591952	0.0736008	0.0365207	0.0785138	0.0537012	0.0305739	0.0232648	0.0305739	0.0777107	0.0166727	0.0348677	0.0867993	0.07855	0.0324962	0.0389497	0.0379006	0.0133014	0.0494917	0.0324962	0.0316695	0.0566101	0.0146517	0.0651497	0.0162725	0.0779099	0.0591952	0.0651497	0.0305739	0.0690432	0.015644	0.0867993	0.0806321	0.0581003	0.0785138	0.0173247	0.0431201	0.0448958	0.0591952	0.0316695	0.0815292	0.0491239	0.0162725	0.0591952	0.0321273	0.061926	0.0162725	0.0806321	0.0699886	0.00277968	0.0491239	0.0606191	0.0529386	0.050471	0.0498648	0.11234	0.0785138	0.0433467	0.0365207	0.0498648	0.028367	0.0432038	0.0785138
59000	intercept	0.865793	0.867933	0.86115	0.8232	0.854373	0.837219	0.821242	0.859545	0.899924	0.876506	0.872246	0.849348	0.876506	0.862641	0.834877	0.868306	0.867872	0.860967	0.865793	0.835245	0.872654	0.865793	0.880797	0.867129	0.823554	0.865793	0.827078	0.847088	0.856845	0.865793	0.843779	0.878171	0.871149	0.859116	0.824354	0.853229	0.816553	0.886044	0.901403	0.859116	0.865793	0.870261	0.834877	0.849348	0.858535	0.823554	0.86191	0.821006	0.84623	0.880797	0.859664	0.85579	0.858852	0.856067	0.824354	0.872246	0.882292	0.833233	0.872246	0.821242	0.865793	0.810471	0.840954	0.852875	0.853229	0.85219	0.821006	0.848244	0.878171	0.869611	0.849348	0.844636	0.826841	0.854194	0.821006	0.865793	0.834877	0.898062	0.880797	0.881148	0.881314	0.821006	0.874433	0.849348	0.862641	0.874913	0.858852	0.84085	0.819445	0.827946	0.856845	0.865601	0.865697	0.821006	0.85618	0.866286	0.859116	0.875078	0.810471	0.876506	0.855845	0.809199	0.853229	0.87327	0.820792	0.855246	0.847213	0.867048	0.867867	0.853229	0.867933	0.860007	0.889375	0.883973	0.847088	0.852771	0.849171	0.848836	0.858395	0.849128	0.874913	0.876506	0.860207	0.825743	0.837219	0.849348	0.849634	0.856845	0.8796	0.864411	0.867867	0.883789	0.824859	0.821242	0.867973	0.86191	0.852087	0.875447	0.864411	0.854194	0.864681	0.849128	0.820777	0.865793	0.889375	0.833233	0.865793	0.864071	0.899724	0.872246	0.876506	0.855732	0.85618	0.854194	0.876506	0.833233	0.87982	0.869064	0.844866	0.876809	0.874913	0.860967	0.872246	0.859116	0.855458	0.875192	0.874029	0.8232	0.876506	0.842734	0.868745	0.810471	0.882647	0.866312	0.880797	0.863439	0.858395	0.839998	0.869636	0.855458	0.853229	0.892229	0.826765	0.865793	0.885967	0.886883	0.874913	0.891283	0.86256	0.867933	0.865601	0.810471	0.84085	0.851664	0.827228	0.848244	0.866286	0.834667	0.834667	0.876138	0.855246	0.854429	0.862641	0.886883	0.810471	0.84085	0.860137	0.834667	0.844636	0.85431	0.858892	0.849348	0.854233	0.854194	0.866286	0.86191	0.853229	0.878171	0.883402	0.867933	0.861438	0.824354	0.877666	0.838127	0.874433	0.87335	0.846462	0.851929	0.870029	0.867933	0.892229	0.860137	0.810471	0.881314	0.876506	0.868773	0.859116	0.876506	0.836481	0.886044	0.858852	0.882292	0.857907	0.874433	0.860967	0.861438	0.851469	0.877666	0.865793	0.824354	0.866729	0.858892	0.82835	0.874913	0.810471	0.865256	0.860249	0.889375	0.856845	0.878171	0.865793	0.874913	0.898062	0.860137	0.872654	0.872654	0.869611	0.84085	0.889375	0.866729	0.838127	0.8232	0.872246	0.859821	0.880797	0.880797	0.862641	0.848244	0.857387	0.872246	0.866729	0.840442	0.843248	0.821242	0.883973	0.879304	0.869611	0.817169	0.848244	0.835245	0.873671	0.82591	0.858307	0.854194	0.827078	0.859821	0.890172	0.858892	0.874913	0.840442	0.865793	0.82835	0.870119	0.856845	0.876138	0.839957	0.872654	0.872654	0.867933	0.87335	0.860967	0.889375	0.8232	0.860249	0.876506	0.870029	0.84085	0.860967	0.872654	0.861972	0.878171	0.823554	0.850222	0.878171	0.876506	0.866286	0.853229	0.865793	0.86191	0.870029	0.853229	0.878171	0.858307	0.872654	0.876812	0.872654	0.849348	0.835245	0.86191	0.818617	0.867933	0.854194	0.847088	0.866286	0.873323	0.848244	0.837219	0.889375	0.86017	0.851929	0.826841	0.880797	0.872654	0.870029	0.860967	0.834098	0.875217	0.878171	0.849348	0.865387	0.821242	0.868543	0.86436	0.859116	0.831848	0.865601	0.854194	0.834877	0.851929	0.825743	0.885054	0.852771	0.904205	0.866729	0.833233	0.86191	0.878171	0.840442	0.838266	0.862641	0.86191	0.865793	0.853229	0.862641	0.8271	0.836862	0.836481	0.838266	0.836862	0.835245	0.834098	0.860249	0.795858	0.86354	0.871679	0.871933	0.860249	0.86557	0.836869	0.86354
60000	slope	0.0601284	0.0691003	0.00489655	0.0676999	0.0676999	0.0560388	0.0658767	0.0212517	0.0806277	0.0163152	0.0421791	0.0547043	0.043559	0.0584357	0.0768132	0.0456753	0.0251673	0.0596688	0.0227047	0.0465738	0.0297888	0.00944731	0.0631433	0.0646203	0.0379751	0.0664233	0.0475164	0.0297412	0.0563528	0.0475164	0.0475164	0.0310342	0.00489655	0.0478977	0.00489655	0.0554971	0.0392945	0.0705382	0.0598977	0.0829793	0.0625171	0.0137414	0.0554971	0.0330324	0.0048373	0.0198197	0.0269293	0.0285344	0.0201573	0.0598977	0.0359352	0.0475164	0.0513054	-0.00153491	0.0510678	0.0455565	0.0785002	0.056119	0.05657	0.0461246	0.0236069	0.0176309	0.0581728	0.0212517	0.0339741	0.0466773	0.0115649	0.0664233	0.065397	0.0848035	0.0584357	0.0531697	0.0471572	0.0542518	0.0154325	0.0336858	0.0404677	0.00884597	0.0305539	0.0554971	0.0554971	0.0316073	0.0041137	0.0316665	0.0192831	0.106949	0.0713421	0.0676999	0.0625667	0.0652924	0.0219589	0.0570877	0.0631433	0.0264649	0.00489655	0.0631433	0.0473431	0.0232026	0.0646203	0.0625171	0.0646203	0.0532224	0.0390457	0.0631433	0.0135402	0.0668936	0.0547043	0.0631433	0.00884597	0.0591793	0.0570554	0.0863147	0.0304526	0.0525536	0.0217986	0.0257352	0.00944731	0.0378781	0.0350702	0.0397544	0.0419611	0.0698395	0.0848035	0.0308931	0.0601707	0.0490386	0.0232026	0.0584357	0.0387492	0.116233	0.0239177	0.0564899	0.065397	0.0450054	0.042987	0.0612802	0.0224096	0.0439148	0.0304526	0.0505429	0.0782363	0.065397	0.00477805	0.0224096	0.113441	0.0601969	0.0354648	0.0590071	0.0612802	0.0513556	0.0438572	0.0238611	0.0497561	0.062699	0.00489655	0.066455	0.0646203	0.0507974	0.0600305	0.0561618	-0.00670179	0.0592802	0.133999	0.0390457	0.0701774	0.0584357	0.133999	0.0631433	0.0547043	0.0657556	0.0219589	0.0286658	0.0458669	0.0316665	0.116233	0.0389447	0.0570554	0.0631433	0.0316665	0.0234563	0.0154325	0.0872238	0.0680317	0.0597743	0.0691003	0.0646203	0.0129727	0.0612019	0.0533568	-0.00153491	0.0265814	0.0554971	0.0421791	0.0232026	0.00489655	0.0532786	0.00477805	0.0450054	0.0848035	0.0456753	0.056119	0.0709654	0.0662161	0.0350702	0.0513556	0.0531697	0.0238611	0.0304526	0.110923	0.0238611	0.0232026	0.0591402	0.0542518	0.0201573	0.0458669	0.056119	0.0449997	0.113441	0.0465738	0.00477805	0.0601969	0.0676999	0.0217986	0.061526	0.0475164	0.0532224	0.0163152	0.061526	0.0646203	0.0631433	0.00489655	-0.0382157	0.0561618	0.0177337	0.0602449	0.0456753	0.0456753	0.113441	0.0817126	0.0872238	0.0450054	0.0591402	0.0419407	0.0454848	0.0297888	0.0525536	0.0227047	0.065397	0.0163152	0.0592802	0.0673541	0.0513054	0.0041137	0.0386951	0.0525536	0.0505429	0.0676999	0.061526	0.038199	0.0232026	0.0111254	0.0392945	0.0454848	0.0505429	0.065397	0.0625171	0.0419407	0.0862327	0.0154325	0.0625171	0.0392945	0.106949	0.0566252	0.116233	0.0532217	0.00489655	0.0265814	0.0673131	0.0648442	0.0581728	0.0455565	0.138321	0.065397	0.106949	0.0806277	0.113441	0.0532224	0.0547043	0.0392945	0.0316665	0.063378	0.0525536	0.0256448	0.0513054	0.00489655	0.0383391	0.0592393	0.0183527	0.00489655	0.0581728	0.053642	0.0625171	0.0720391	0.0355013	0.0368454	0.0392945	0.0421791	0.065397	0.0666091	0.065397	0.00477805	0.0631433	0.0304526	0.0525536	0.043559	0.0570554	0.0450054	0.0454848	0.00477805	0.112377	0.0601969	0.0456753	0.050555	0.0450054	0.0806277	0.106949	0.0171983	0.0634033	0.0584357	0.106949	0.0212517	0.0379751	0.0154325	0.0456753	0.0601969	0.0471572	0.0171983	0.0513556	0.0180874	0.0646605	0.0584357	0.133999	0.0392945	0.0456753	0.0720391	0.0513054	0.065397	0.0584357	0.0631433	0.0392945	0.0646203	0.0419228	0.0666091	0.0532224	0.106949	0.0206305	0.0691045	0.0625171	0.0201573	0.0389447	0.056119	0.0713421	0.0339741	0.0625171	0.0631433	0.0244578	0.0547043	0.0154325	0.0580686	0.065397	0.0368454	0.0232026	0.00176191	0.0297888	0.0171983	0.0475164	0.0592802	0.0456753	0.0601284	0.0584357	0.0227047	0.0513054	0.0115649	0.065397	0.0676999	0.0456753	0.0171983	0.043559	0.065397	0.0183527	0.0297888	0.0560399	0.0510564	0.0392945	0.0806277	0.0466773	0.061526	0.0163152	0.0378694	0.0713421
60000	intercept	0.833552	0.83862	0.868951	0.848176	0.848176	0.86998	0.83862	0.872993	0.851899	0.860597	0.866692	0.854129	0.852228	0.841105	0.828408	0.86217	0.876869	0.855591	0.854633	0.858307	0.862999	0.896182	0.833552	0.848366	0.856671	0.86217	0.843501	0.852249	0.853337	0.8562	0.868953	0.868588	0.854871	0.856423	0.878129	0.858307	0.842877	0.884479	0.851346	0.823169	0.836783	0.853892	0.858307	0.871733	0.858205	0.872993	0.861379	0.857778	0.86973	0.851346	0.853728	0.8562	0.8425	0.869811	0.848365	0.900586	0.846638	0.872152	0.846226	0.860239	0.873214	0.873214	0.878254	0.87306	0.853632	0.848366	0.869549	0.86217	0.838834	0.862854	0.841105	0.836369	0.867209	0.889497	0.861379	0.860556	0.848215	0.887493	0.861775	0.858307	0.858307	0.854633	0.871396	0.865409	0.892798	0.815983	0.838834	0.848176	0.853587	0.85284	0.87729	0.840856	0.838083	0.872993	0.85804	0.833552	0.853501	0.872993	0.848366	0.84223	0.848366	0.849682	0.867209	0.857122	0.865456	0.843978	0.844207	0.831809	0.887493	0.840954	0.855826	0.839604	0.855973	0.856276	0.8911	0.86228	0.896182	0.865041	0.853728	0.83249	0.85291	0.835952	0.862854	0.886815	0.86325	0.849682	0.872993	0.841105	0.872993	0.840555	0.900586	0.882905	0.838834	0.853592	0.858649	0.839497	0.874702	0.867672	0.855973	0.842877	0.853409	0.840615	0.838281	0.867543	0.846038	0.849682	0.856028	0.84456	0.839497	0.858307	0.859198	0.887493	0.852088	0.854099	0.866253	0.837883	0.848366	0.872078	0.858307	0.851787	0.869811	0.845278	0.783392	0.867209	0.842994	0.820369	0.778969	0.833552	0.851346	0.841105	0.87729	0.853617	0.845095	0.868456	0.855424	0.856671	0.855826	0.857122	0.865409	0.892576	0.861379	0.815743	0.846851	0.852467	0.827737	0.848366	0.900608	0.848176	0.8617	0.869811	0.884415	0.858307	0.866692	0.872993	0.878129	0.854404	0.838281	0.853592	0.862854	0.86217	0.868788	0.862854	0.858307	0.853728	0.858307	0.836369	0.887493	0.855973	0.810022	0.887493	0.872993	0.841717	0.889497	0.871559	0.845665	0.868788	0.867209	0.846038	0.858307	0.853151	0.849682	0.848176	0.896518	0.848365	0.8562	0.849682	0.848064	0.848365	0.848366	0.833552	0.87605	0.861379	0.851787	0.873214	0.868788	0.86217	0.86217	0.846038	0.822353	0.815743	0.865911	0.841717	0.887061	0.846535	0.861088	0.867321	0.854633	0.838834	0.85509	0.845278	0.882105	0.849252	0.868951	0.889497	0.868953	0.812081	0.848176	0.848365	0.842877	0.872993	0.870233	0.842877	0.846535	0.812081	0.83307	0.84223	0.889497	0.82413	0.853749	0.84223	0.842877	0.810022	0.842877	0.840555	0.842877	0.85804	0.871274	0.849341	0.856423	0.882105	0.900586	0.789195	0.838834	0.815743	0.851899	0.846038	0.849682	0.854099	0.842877	0.865409	0.8307	0.868953	0.875409	0.8425	0.854044	0.892798	0.85355	0.86973	0.878129	0.878254	0.884479	0.84223	0.827737	0.867988	0.852228	0.842877	0.866692	0.838834	0.822353	0.838834	0.853151	0.833552	0.855973	0.867321	0.852228	0.855826	0.865911	0.846535	0.853151	0.845966	0.849682	0.86217	0.837061	0.853592	0.852718	0.815983	0.900608	0.83862	0.841105	0.82863	0.873647	0.856671	0.861379	0.868293	0.849682	0.867209	0.900608	0.858307	0.867543	0.854404	0.841105	0.778969	0.842877	0.86217	0.827737	0.849252	0.838834	0.833766	0.833552	0.842877	0.848366	0.889497	0.822353	0.849682	0.815983	0.87729	0.856707	0.84223	0.871559	0.856671	0.868788	0.838834	0.853632	0.84223	0.833552	0.8911	0.858307	0.861379	0.856276	0.838834	0.852228	0.872993	0.875385	0.861088	0.900608	0.868953	0.845278	0.86217	0.833552	0.841105	0.854633	0.849252	0.869549	0.83307	0.848176	0.868293	0.900608	0.852228	0.838834	0.86973	0.862999	0.865911	0.874772	0.837564	0.851899	0.848366	0.848365	0.848064	0.889497	0.838834
61000	slope	0.0509003	0.061296	0.0149785	0.0715552	0.00757984	0.0471942	0.0583272	0.0068424	0.0219099	0.0149785	0.0177478	0.0277442	0.0687056	0.038595	0.055748	0.0270936	0.0273679	0.0574299	0.0510486	0.055748	0.0863191	0.0372374	0.0451136	0.0427202	0.0278909	0.0177478	0.0353762	0.0665218	0.0193939	0.00940569	0.0266967	0.0668268	0.055748	0.0409623	0.0215843	0.0509003	0.0142133	0.0385562	0.061963	0.023511	0.0668268	0.0273679	0.0630708	0.0630708	0.0068424	0.0583272	0.00640302	0.0182785	0.0519177	0.0687056	0.0836668	0.0433783	0.0519114	0.0721546	0.0583272	0.0215843	0.05147	0.0510486	0.0358073	0.048089	0.0687056	0.0193939	0.0350761	0.0711809	0.0705161	0.0632297	0.0776223	0.0451588	0.0180997	0.0180997	0.0606772	0.055748	0.0735546	0.0583272	0.0632297	0.055748	0.0324927	0.049168	0.0687056	0.0214519	0.04636	0.0337472	0.0273679	-0.00152066	0.0485166	0.0210087	0.0715552	0.0445824	0.055748	0.0581525	0.0199384	0.0279263	0.0109487	0.02838	0.0068424	0.0215843	0.0219367	0.00894202	0.0334169	0.0400523	0.00649588	0.0348292	0.0765056	0.0581525	0.0715552	0.0490918	0.0451136	0.0568379	0.0068424	0.024729	0.0325914	0.0519177	0.064385	0.0083077	0.0715552	0.0234319	0.0286198	0.0485166	0.0311241	0.00951858	0.00302959	0.0283167	0.0399788	0.0318647	0.0735546	0.0286198	0.0182785	0.0351653	0.0254665	0.0583272	0.0519177	0.0273679	0.0068424	-0.00140583	0.0727179	0.0068424	0.0149785	0.0668268	0.0202948	0.0348292	0.00940569	0.0237625	0.0376258	0.0385562	0.0490362	0.0256433	0.0427202	0.0485166	0.0705161	0.0218038	0.0478836	0.0726301	0.055748	0.026048	0.026371	0.055748	0.0670968	0.0935159	0.0425544	0.0270936	0.0668268	0.00355219	0.0631075	0.0315775	0.0425716	0.0254665	0.0412404	0.0513848	0.0403469	0.0488509	0.0243033	0.0935159	0.0385562	0.0687056	0.049168	0.0758719	0.0583272	0.0579279	0.0412404	0.055748	0.0270936	0.0177478	0.00628082	0.0113305	0.0083077	0.0257436	0.0586366	0.026048	0.0723573	0.0215843	0.0372374	0.0502702	0.0270936	0.0488509	0.0149785	0.0270936	-0.00315826	0.0450963	0.0506968	0.0324927	0.0215843	0.100757	0.0360613	0.0210087	0.0747163	0.0296967	0.0254665	0.0348292	0.05147	0.0068424	0.0513998	0.0507104	0.0140825	0.055748	0.0215843	0.0698827	0.0580553	0.100296	0.112484	0.00894202	0.0254665	0.0296967	0.0254665	0.0478836	0.0765056	0.0180997	0.0451588	-0.00121139	0.0284046	0.0109487	0.0277442	0.0318148	0.0409623	0.0256068	0.0215843	0.0068424	0.0583443	-0.00794186	0.0384425	0.00640302	0.0412504	0.0466679	0.0217771	0.0583272	0.0689711	0.0543143	0.0266967	0.0581525	0.0406777	0.0451136	0.0427202	0.055748	0.00940569	0.0256433	0.0609286	0.0372374	0.007691	0.0083077	0.0254665	0.0273679	0.0254665	0.049168	0.0509003	0.0480748	0.0370091	0.0149785	0.0183045	0.0372374	0.0701059	0.0691794	0.0836668	0.0068424	0.0059462	0.00951858	0.0273679	0.0451588	-0.00315826	0.0403469	0.0180997	0.0723573	-0.00556199	0.0630708	0.0068424	0.0083077	0.0550846	0.05147	0.049168	0.0266967	0.0360613	0.0270936	0.0447993	0.112484	0.0513848	0.0384425	0.0193939	0.0820612	0.0286198	0.0400523	0.0553522	0.0177478	0.0543143	-0.00140583	0.0360613	0.0437369	0.0723573	0.049168	0.0483025	0.0433783	0.0350761	0.0507104	0.0384425	0.0403469	0.0385562	0.0286198	0.0583272	0.0210087	0.0437369	0.0735546	0.0068424	0.00666819	0.0149785	0.00951858	0.0205281	0.0425716	0.049168	0.080791	0.0789163	0.0412404	0.0726301	0.0270936	0.0277442	0.0721546	0.0780768	0.0368069	0.0336466	0.0668268	0.0273679	-0.00859254	0.0182785	0.0715552	0.0662006	0.0466679	0.0068424	0.0715552	0.0668268	0.0237625	0.0324927	0.00951858	0.0510486	0.0711809	0.0265768	0.0715552	0.0569162	0.0631075	0.0215843	0.0631075	0.0289851	0.0451588	0.0154962	0.0177812	0.0068424	0.0776223	0.0776223	0.0109487	0.0257436	0.0372374	0.0350761	-0.00238951	0.0715552	0.0437369	0.0149785	0.0278909	0.0068424	0.00628082	0.0177478	0.0735546	0.0270936	0.0687056	0.0059462	0.0191097	0.049168	0.0776223	0.0478836	0.0289851	0.055748	0.0735546	-0.0076776	0.00628082	0.0270936	0.0478836	0.106172	0.0336466	0.0254665	0.0488509	0.00713999	0.0581525	0.0068424	0.0715552	0.0270936	-0.00794186
61000	intercept	0.891093	0.795754	0.877667	0.845836	0.890836	0.846655	0.834353	0.876312	0.881854	0.877667	0.839954	0.863641	0.844998	0.857446	0.871274	0.883885	0.877877	0.862635	0.883309	0.871274	0.818155	0.876253	0.844998	0.871274	0.852319	0.852319	0.864359	0.867219	0.878023	0.900802	0.877097	0.872482	0.871274	0.875194	0.861689	0.880609	0.867182	0.861701	0.871274	0.86148	0.872482	0.877877	0.861701	0.861701	0.88208	0.834353	0.846158	0.861885	0.864914	0.844998	0.860352	0.861267	0.874765	0.844998	0.834353	0.857443	0.869153	0.883309	0.831465	0.854816	0.829554	0.878023	0.870449	0.851178	0.838979	0.854816	0.856728	0.838654	0.873609	0.873609	0.868629	0.871274	0.86498	0.834353	0.854816	0.871274	0.85797	0.884047	0.844998	0.867635	0.85947	0.872548	0.867007	0.853988	0.870848	0.888337	0.845836	0.86349	0.871274	0.842228	0.875743	0.892301	0.885476	0.866295	0.87692	0.856967	0.872441	0.867009	0.843165	0.854365	0.864391	0.875474	0.828925	0.842228	0.845836	0.878065	0.844998	0.847745	0.87692	0.864525	0.884544	0.864914	0.859908	0.876079	0.842918	0.867655	0.881854	0.870848	0.875791	0.87692	0.872412	0.875194	0.869908	0.858958	0.859908	0.899364	0.861885	0.867751	0.868542	0.829933	0.864914	0.867007	0.874121	0.872281	0.844998	0.876259	0.877667	0.872482	0.877314	0.876064	0.874948	0.881854	0.861437	0.861701	0.871878	0.878204	0.871274	0.870848	0.838979	0.857443	0.844998	0.858828	0.871274	0.878023	0.860075	0.871274	0.855009	0.837561	0.872482	0.858298	0.872482	0.874948	0.885682	0.878506	0.850219	0.868542	0.870407	0.845254	0.844998	0.845882	0.879475	0.837561	0.861701	0.844998	0.871274	0.838634	0.834353	0.834353	0.870407	0.871274	0.883885	0.852319	0.88208	0.865932	0.876079	0.870407	0.867076	0.878023	0.834353	0.857443	0.868542	0.856268	0.866295	0.844455	0.877667	0.856135	0.867009	0.847173	0.868523	0.863641	0.857443	0.815043	0.858958	0.888337	0.859797	0.844998	0.868542	0.875474	0.858828	0.875512	0.854816	0.854816	0.835337	0.867476	0.857443	0.854775	0.873567	0.858828	0.827165	0.867009	0.868542	0.844998	0.868542	0.844998	0.828925	0.873609	0.853164	0.885476	0.875132	0.885476	0.863641	0.850219	0.875194	0.876378	0.857443	0.876312	0.829164	0.87692	0.843165	0.836757	0.870407	0.830564	0.877877	0.834353	0.871274	0.87861	0.871252	0.842228	0.875194	0.844998	0.871274	0.871274	0.892696	0.878204	0.875194	0.868542	0.846158	0.886965	0.868542	0.867007	0.868542	0.871274	0.880609	0.880609	0.872548	0.867009	0.892301	0.868542	0.862878	0.824215	0.856728	0.876312	0.888021	0.87692	0.867007	0.838654	0.867009	0.844998	0.873609	0.834353	0.852319	0.861701	0.87692	0.873609	0.868146	0.858828	0.871274	0.871252	0.858958	0.866295	0.86349	0.827165	0.845254	0.855481	0.868574	0.847712	0.881854	0.854365	0.872482	0.852319	0.87861	0.866618	0.858958	0.861434	0.834353	0.871274	0.86349	0.861267	0.870449	0.854816	0.855481	0.844998	0.861701	0.899364	0.834353	0.888337	0.861434	0.86498	0.890154	0.867845	0.877667	0.87692	0.863641	0.850219	0.871274	0.847712	0.854816	0.870407	0.858828	0.866295	0.863641	0.844998	0.859908	0.878204	0.86349	0.872482	0.867007	0.871338	0.861885	0.845836	0.873325	0.848074	0.88208	0.852661	0.872482	0.881854	0.863641	0.87692	0.883309	0.851178	0.858958	0.845836	0.878802	0.885682	0.857443	0.885682	0.852319	0.853164	0.857443	0.881854	0.87692	0.856728	0.856728	0.885476	0.870407	0.868542	0.870449	0.86539	0.845836	0.861434	0.846684	0.852319	0.88208	0.88208	0.852319	0.86498	0.870654	0.829554	0.888021	0.878204	0.871274	0.856728	0.844998	0.852319	0.871274	0.86498	0.867009	0.88208	0.874399	0.844998	0.837561	0.86349	0.868542	0.844455	0.883163	0.842228	0.876312	0.845836	0.887372	0.87692
62000	slope	0.0258871	0.0105861	0.0305916	0.0165425	0.0645871	0.0664968	0.0302247	0.0697531	-0.00964065	0.0328877	0.0709321	0.0360877	0.0489885	0.0452929	0.0347427	0.0635875	0.0255888	-0.00695743	0.0315892	0.00636241	0.0450646	-0.0230405	0.0365269	0.0584305	0.0105861	0.0647916	0.0361082	-0.00964065	0.000570624	-0.0014481	0.0328877	0.0701652	0.0187487	0.0641989	0.043003	0.000342094	0.0764092	0.0641989	0.00740478	0.0977303	0.0349678	-0.005943	-0.0024107	0.0674	0.0484518	0.0641989	0.0641989	0.0151072	0.028618	0.0764092	0.0337943	0.0764092	0.0745717	0.00110549	0.0105861	0.071256	0.0105861	0.0127812	0.0380051	0.0596887	0.0461482	0.020586	0.0121333	0.0484518	0.0407591	0.0664968	0.073285	-0.00146408	0.0689597	-0.0118376	0.0669873	0.016046	0.00483536	0.0201543	-0.0104899	0.0105861	0.0249801	0.0635875	0.0506244	0.0105861	0.0500965	-0.00695743	0.0380051	-0.0255268	0.0376543	0.0709321	0.0676372	0.05259	0.0450646	0.0255003	0.0338001	0.020586	0.0709321	-0.0070689	0.0520363	0.0335465	0.0284382	0.000570624	0.0239552	0.0641989	0.0584305	0.0349678	0.0453756	0.0305916	0.057456	0.071667	0.0669873	0.0479472	0.0134159	0.0389762	-0.0255268	-0.0104899	0.0271737	0.00483124	0.057456	0.0664968	-0.0142166	0.020586	0.0588225	0.0398638	0.0254788	0.0535772	0.020586	0.0617611	0.00804094	0.020586	0.0305916	0.0547554	0.0239399	0.0409989	0.0470433	0.0641989	0.0454901	-0.00695743	0.0100739	0.0641989	0.0149764	0.0193218	0.0664968	0.0669873	0.0291201	0.0196286	0.0352265	-0.000446806	0.00541954	0.0241919	0.0563253	0.0381517	0.0266289	0.0659711	0.0105861	0.087303	0.0584055	0.0664968	0.0302621	0.0302621	0.0641989	0.0709321	0.0669873	0.0334526	0.0239399	0.0373925	0.0664968	0.020586	0.0584305	0.0484518	0.0641989	0.020586	0.0757949	0.0641989	0.0506244	0.057456	0.0664968	0.0540418	0.0595434	0.0764092	0.0664968	0.0445895	-0.0104219	0.0683702	0.0227364	0.0641989	0.0185013	0.0302621	0.037953	0.0415778	0.0547554	0.0740412	-0.0230405	-0.0104899	0.0660406	0.0834657	0.0190424	0.0697531	0.00541954	0.0535772	0.0105861	0.0501433	0.0664968	0.00541954	0.061151	0.0305916	0.0128358	0.0105861	0.0302621	-0.0230405	0.0484518	0.020586	0.0812983	0.0641989	0.0239399	0.0664968	0.0239552	-0.0070689	-0.0255268	0.0617478	0.0669873	0.0505353	0.0176178	0.0484518	0.0617478	0.0641989	-0.0222384	0.0764092	-0.0222384	0.0710756	-0.0255268	0.0641989	0.0151072	0.0484518	0.0719352	0.0641989	0.0616135	0.00541954	0.0664968	0.0669873	-0.0104899	0.020586	0.0105861	-0.0070689	-0.0104899	0.0228289	0.0337943	0.0641989	0.0334526	0.0190424	0.071783	0.0369121	0.0155845	0.0176178	0.0721908	0.0226018	0.057456	0.0149764	0.0641989	-0.0017713	0.0134159	0.0518394	0.0709321	0.0721908	0.0380051	0.0664968	0.0641989	0.0641989	0.0664968	0.0834657	0.0709321	0.00110549	0.0587231	0.0305916	0.0105861	0.0149764	0.0196841	0.0547554	0.0239399	0.0580774	0.00250183	0.0201543	0.0547554	0.0404429	0.0334526	0.0839329	0.0342205	0.0302621	-0.0100675	0.0506244	0.0149764	0.0474971	-0.00373967	-0.0230405	0.0502679	0.0315892	0.0721908	0.037953	0.0664968	-0.0104219	0.066062	0.0786669	0.037953	0.00425931	0.0658543	0.0547554	0.0697531	0.0721908	0.060161	0.0535772	0.05259	0.0268812	0.076987	-0.0142166	0.000570624	0.0547554	0.0484518	0.00110549	0.028782	0.00372217	0.0721908	0.0105861	0.0322049	0.0547554	0.0647916	0.0134159	0.0664968	0.0406288	0.0239552	0.0322049	-0.00232442	0.061151	0.073285	0.0381517	0.0484518	0.0633312	0.0669873	0.0305916	0.0347427	0.0334526	0.0406288	0.0641989	0.0709321	-0.0185459	0.0584305	0.0334526	-0.0070689	0.0547554	0.0664968	0.0664968	0.0380051	0.0721908	0.0709321	0.0310965	0.0535772	0.0239727	0.0165425	-0.00695743	0.0213079	0.087303	0.0641989	-0.00322168	0.0741606	0.0149764	0.087303	0.0669873	0.0533892	0.0305916	-0.0142166	0.0151072	0.0334526	0.0421288	0.00649039	0.0773169	0.0701652	0.0197078	0.05259	0.0511723	0.0404429	0.0484518	0.0484518	0.0834657	0.0134159	0.0669873	0.0252991	0.05259	0.0315892	0.05259	0.0380051	0.0376543	0.0761172	0.0334526	0.0491985	0.0464386	0.0151072	0.0535772	0.0376543	0.0709321	0.0658543	0.0641989	0.0697531	0.0641989	-0.0113909	0.020586
62000	intercept	0.860114	0.878403	0.869278	0.879811	0.848034	0.845515	0.870029	0.850646	0.892136	0.856355	0.837817	0.861652	0.855094	0.851758	0.870161	0.853719	0.858285	0.876044	0.859979	0.872922	0.876585	0.853157	0.876699	0.837817	0.885798	0.815042	0.878671	0.892136	0.879311	0.892278	0.856355	0.853434	0.908328	0.886952	0.862582	0.876738	0.843021	0.857101	0.871936	0.845515	0.886123	0.866321	0.879311	0.859062	0.882049	0.861358	0.850458	0.900877	0.894643	0.843021	0.851997	0.843021	0.857101	0.913807	0.899591	0.852642	0.885798	0.895406	0.835469	0.865316	0.857595	0.860966	0.863635	0.871057	0.87308	0.845515	0.830813	0.869013	0.842763	0.892136	0.856091	0.874895	0.887332	0.905015	0.869025	0.888412	0.857595	0.853719	0.869061	0.908344	0.871057	0.876044	0.835469	0.877057	0.877987	0.838013	0.850458	0.860119	0.876585	0.845253	0.880221	0.860966	0.837817	0.892136	0.862466	0.859979	0.874687	0.879311	0.894254	0.862335	0.837817	0.886123	0.859956	0.871057	0.868732	0.86159	0.852041	0.863317	0.906377	0.86647	0.862336	0.869025	0.87479	0.885265	0.868732	0.844291	0.863628	0.860966	0.846184	0.860966	0.905015	0.842901	0.847719	0.850598	0.908925	0.859602	0.871057	0.886006	0.857595	0.870518	0.84612	0.853128	0.869061	0.876044	0.88457	0.850458	0.912328	0.871984	0.845515	0.873904	0.869225	0.885133	0.880221	0.899591	0.86818	0.892182	0.856981	0.872311	0.871451	0.852404	0.899591	0.868921	0.827865	0.858079	0.875321	0.875321	0.886952	0.837817	0.856091	0.854549	0.865242	0.86568	0.858079	0.88777	0.837817	0.871057	0.853128	0.847719	0.843021	0.850458	0.869061	0.868732	0.844291	0.85923	0.842748	0.843021	0.844291	0.854026	0.863628	0.857237	0.865005	0.861358	0.871013	0.875321	0.904346	0.876112	0.867121	0.856091	0.853157	0.869025	0.85472	0.83246	0.854653	0.839065	0.86818	0.842901	0.899591	0.861994	0.858079	0.86818	0.86159	0.865779	0.871789	0.90949	0.875321	0.862009	0.871057	0.860966	0.857101	0.869234	0.857595	0.844291	0.900454	0.892136	0.859129	0.857101	0.852154	0.850458	0.843155	0.871057	0.857101	0.886952	0.892136	0.843021	0.892136	0.850458	0.859129	0.862335	0.900877	0.871057	0.838421	0.869234	0.822539	0.86818	0.844291	0.856091	0.869025	0.872206	0.899747	0.890315	0.869025	0.858325	0.851997	0.857647	0.853033	0.861339	0.815251	0.864754	0.896919	0.843155	0.841268	0.864754	0.868732	0.907367	0.857678	0.87317	0.906377	0.856091	0.837817	0.841268	0.835469	0.844291	0.857101	0.886952	0.845515	0.846844	0.837817	0.9078	0.881726	0.865779	0.888412	0.905015	0.899747	0.867121	0.857595	0.840682	0.879402	0.905015	0.886006	0.865796	0.853033	0.861895	0.876585	0.875321	0.885677	0.869061	0.91005	0.835469	0.905015	0.855469	0.895869	0.859979	0.841268	0.876818	0.845515	0.863628	0.822539	0.841268	0.904346	0.892136	0.875444	0.867121	0.839065	0.841268	0.837306	0.842901	0.860119	0.899591	0.843021	0.863628	0.89119	0.867121	0.871057	0.913807	0.866792	0.841668	0.841268	0.899792	0.85809	0.869971	0.815042	0.906377	0.858079	0.877932	0.894254	0.85809	0.882385	0.86159	0.823759	0.862466	0.871057	0.857678	0.856091	0.865779	0.870161	0.853033	0.877932	0.842948	0.837817	0.87317	0.837817	0.851955	0.890315	0.867121	0.850699	0.845515	0.825786	0.841268	0.837817	0.875439	0.842901	0.903052	0.879811	0.876044	0.824784	0.868921	0.861358	0.905015	0.868921	0.905015	0.868921	0.856091	0.843021	0.871057	0.864096	0.900877	0.861938	0.888409	0.887332	0.856091	0.853434	0.860966	0.860119	0.846184	0.865796	0.871057	0.871057	0.83246	0.919814	0.856091	0.898934	0.860119	0.859979	0.860119	0.825786	0.877987	0.857647	0.859968	0.854657	0.886006	0.900877	0.842901	0.877987	0.845365	0.875444	0.861358	0.839065	0.864962	0.90183	0.860392
63000	slope	0.0374866	0.0662364	0.0539534	0.0640679	0.0801542	0.0685488	0.0679089	0.0662364	0.0641989	0.0525467	0.0709321	0.0641989	0.0484191	0.0455723	0.0970914	0.0525279	0.0771768	0.0676978	0.0771651	0.0591519	0.0610741	0.0827092	0.0786849	0.0927897	0.0742747	0.111245	0.0489855	0.051419	0.0641989	0.104817	0.0620798	0.0397778	0.0707338	0.0636345	0.057367	0.0795538	0.0397216	0.06904	0.0859124	0.0694128	0.0588915	0.0629433	0.0621378	0.0736339	0.070268	0.0591143	0.0505351	0.0518785	0.0629433	0.0749475	0.0815624	0.0622246	0.111245	0.0603472	0.0694128	0.0970914	0.0714638	0.0512029	0.104195	0.0642814	0.0610741	0.0530738	0.0518785	0.0726597	0.0744694	0.0518785	0.0805046	0.0489855	0.0260732	0.0611274	0.082706	0.0726597	0.0685488	0.063465	0.0629433	0.0374866	0.0647271	0.119655	0.0530738	0.0827092	0.0538773	0.104195	0.0641989	0.0704681	0.0610741	0.0744694	0.0784002	0.0800647	0.0289529	0.0518785	0.06086	0.0525467	0.0683801	0.0694128	0.0716129	0.0767373	0.0641989	0.0888002	0.0893322	0.0641989	0.0644981	0.0801542	0.0685488	0.0610741	0.0763772	0.0841563	0.0614057	0.0256732	0.0931961	0.0838809	0.0778602	0.0481887	0.0867727	0.0374866	0.0610741	0.0641989	0.0614057	0.0683801	0.0732148	0.0712733	0.0675571	0.0795538	0.0837175	0.0397778	0.0518935	0.0827092	0.0859124	0.0638767	0.0486011	0.064845	0.0525279	0.033102	0.0927897	0.0888002	0.0525467	0.0927897	0.0841563	0.0677753	0.0525467	0.0518785	0.0622246	0.0771768	0.0539534	0.065539	0.0719411	0.0641989	0.0709321	0.0751636	0.0697582	0.0490604	0.0750711	0.0487171	0.104195	0.0909174	0.0689829	0.0575355	0.054681	0.040857	0.0397216	0.0780495	0.0639994	0.0657205	0.0848755	0.051419	0.0709321	0.0545953	0.0758686	0.0397778	0.0780495	0.0674083	0.104195	0.0795538	0.0690847	0.0577257	0.0367651	0.0639994	0.0626337	0.0390441	0.0888002	0.0667061	0.0610741	0.0619771	0.0660843	0.0736094	0.0750702	0.0556131	0.0694128	0.0509578	0.0849617	0.0712733	0.0752429	0.0459309	0.0610741	0.0397778	0.0676978	0.0931961	0.0622246	0.0931961	0.0731454	0.0807419	0.0734726	0.0842327	0.0351655	0.0905922	0.0867727	0.0480336	0.065977	0.0451339	0.0927897	0.0641735	0.0888002	0.0648565	0.0769305	0.0842327	0.0427129	0.0667218	0.0539534	0.0734726	0.0867727	0.0842327	0.0488151	0.0683801	0.0827092	0.0726597	0.0648565	0.0614057	0.0841563	0.0530997	0.0660843	0.064927	0.0662364	0.08348	0.0702889	0.0490604	0.0726597	0.033102	0.0488179	0.0662364	0.0575355	0.0676803	0.0289529	0.0795538	0.0697582	0.0374866	0.0637023	0.0726597	0.0683801	0.0827092	0.0462001	0.0540484	0.0530738	0.0581692	0.0539534	0.0726597	0.0397778	0.0374866	0.10333	0.0758686	0.0709321	0.0525467	0.0480336	0.0623048	0.0397778	0.0752034	0.0641989	0.0987231	0.0728562	0.0397778	0.0453841	0.0629433	0.0543015	0.0744694	0.0648565	0.0393074	0.0478156	0.0374775	0.0572205	0.0839749	0.0427129	0.0480336	0.0726597	0.0487171	0.065977	0.0555072	0.0587283	0.0614057	0.0588138	0.0888002	0.0692756	0.0623048	0.0667218	0.0505351	0.0583088	0.104695	0.0622246	0.0797735	0.0683801	0.0610741	0.033102	0.0260732	0.0641989	0.0610741	0.0639994	0.0909174	0.0614057	0.0709321	0.0685717	0.0734726	0.0289529	0.0623048	0.065977	0.0487171	0.0709321	0.0726597	0.0669494	0.0488179	0.0778602	0.0767373	0.0603472	0.0827092	0.051419	0.0645348	0.0712733	0.0760703	0.0751636	0.0260732	0.0614057	0.0610741	0.0709321	0.0539534	0.0987231	0.0807419	0.0752034	0.0679089	0.0533395	0.051419	0.119655	0.0618528	0.0565949	0.0367651	0.0466786	0.0614057	0.0667218	0.0752034	0.0662364	0.0538598	0.0659409	0.040857	0.0280102	0.0610741	0.0795538	0.0603472	0.0484191	0.0527006	0.0610741	0.0671427	0.0637023	0.0648565	0.0614057	0.0614057	0.104695	0.0767373	0.0752034	0.0587283	0.0487171	0.0539534	0.075926	0.0525084	0.056056	0.0746599	0.0635497	0.0767373	0.0636345	0.0622246	0.033102	0.0610741	0.0539534	0.0640679	0.0767373	0.0397216	0.0787844	0.0867727	0.104695	0.0842327	0.0888002	0.0610741	0.0640318	0.0867727	0.0709321	0.0575355	0.0840887	0.0621378	0.0445168	0.0628851	0.082873	0.0397778	0.0734726	0.0641989	0.0751636	0.0726597
63000	intercept	0.869965	0.847128	0.837276	0.866132	0.842793	0.859657	0.849024	0.847128	0.854984	0.835312	0.866741	0.852867	0.874153	0.854902	0.81843	0.853071	0.822611	0.846043	0.848115	0.859296	0.837276	0.849572	0.867902	0.825191	0.832203	0.848606	0.8493	0.858627	0.854984	0.842591	0.852663	0.866257	0.854919	0.859633	0.850026	0.832203	0.835118	0.838923	0.872319	0.881212	0.867005	0.85665	0.835049	0.851658	0.852867	0.85006	0.837341	0.877038	0.85665	0.872652	0.826872	0.875715	0.848606	0.851658	0.86639	0.839763	0.866435	0.839953	0.842591	0.862247	0.846043	0.854368	0.875278	0.855228	0.864666	0.875278	0.838246	0.8493	0.854835	0.835882	0.847404	0.847238	0.859657	0.857884	0.85665	0.868049	0.859151	0.841466	0.837251	0.849572	0.856146	0.842591	0.852867	0.842314	0.85973	0.854919	0.862914	0.834635	0.847663	0.875278	0.844979	0.851355	0.872319	0.85887	0.853971	0.819611	0.852867	0.826728	0.863319	0.852867	0.853809	0.842793	0.860951	0.846043	0.862776	0.851385	0.838923	0.869142	0.823833	0.858396	0.826728	0.896964	0.830048	0.868049	0.845983	0.852867	0.836018	0.872319	0.861632	0.821392	0.859342	0.832203	0.832277	0.866257	0.86712	0.849572	0.872319	0.852867	0.855539	0.84278	0.853071	0.834264	0.845408	0.818991	0.835312	0.83093	0.851385	0.855143	0.851355	0.887033	0.862914	0.820409	0.837276	0.849455	0.865528	0.852867	0.866741	0.832203	0.852867	0.842719	0.850651	0.855342	0.842591	0.869414	0.858744	0.85718	0.837276	0.853275	0.842816	0.850946	0.829652	0.871292	0.832834	0.858627	0.871215	0.866323	0.871442	0.855539	0.850946	0.85049	0.842591	0.832203	0.845568	0.854238	0.847556	0.843751	0.847663	0.869142	0.843536	0.849293	0.85973	0.83985	0.854384	0.846043	0.854537	0.852867	0.86639	0.850706	0.85949	0.821392	0.844944	0.85786	0.837276	0.855539	0.846043	0.812784	0.862914	0.823833	0.859128	0.828553	0.846177	0.851541	0.869142	0.849572	0.830048	0.85936	0.847404	0.863417	0.83093	0.851777	0.826728	0.858627	0.809668	0.832277	0.896964	0.861934	0.837276	0.846177	0.830048	0.826013	0.852867	0.872319	0.849572	0.855228	0.858627	0.838923	0.851385	0.859296	0.854384	0.859128	0.847128	0.833701	0.813685	0.842719	0.855228	0.841878	0.838923	0.847128	0.85718	0.819611	0.845026	0.820603	0.852867	0.868049	0.861368	0.847238	0.872319	0.849572	0.851248	0.845236	0.854368	0.849323	0.837276	0.86229	0.855539	0.868049	0.845632	0.871442	0.866741	0.851355	0.85936	0.837276	0.855539	0.858627	0.852867	0.841466	0.861934	0.855539	0.840812	0.85665	0.846043	0.864666	0.859939	0.861485	0.860886	0.855539	0.867587	0.847047	0.896964	0.85936	0.855228	0.847663	0.86639	0.832203	0.846043	0.838923	0.871872	0.826728	0.851916	0.837276	0.854384	0.837341	0.838923	0.841466	0.862914	0.846043	0.872319	0.837276	0.834264	0.854835	0.852867	0.834374	0.829652	0.869414	0.841982	0.866741	0.862914	0.846177	0.847663	0.837276	0.864448	0.837483	0.871552	0.847238	0.86639	0.838923	0.826728	0.819611	0.851658	0.849572	0.858627	0.846043	0.821392	0.852105	0.832203	0.850152	0.841982	0.85973	0.871215	0.837276	0.841466	0.828553	0.858627	0.858627	0.897212	0.858627	0.841466	0.85665	0.872319	0.847556	0.869142	0.838923	0.861934	0.858627	0.840287	0.83218	0.85949	0.853275	0.875543	0.846043	0.832203	0.848006	0.853183	0.837276	0.84181	0.846043	0.861368	0.856606	0.820651	0.820651	0.841466	0.819611	0.86558	0.846043	0.847663	0.837276	0.850168	0.846043	0.833902	0.844103	0.880521	0.819611	0.855277	0.862914	0.841878	0.85973	0.837276	0.862941	0.819611	0.829853	0.85949	0.830048	0.841466	0.832277	0.826728	0.84181	0.890459	0.82291	0.866741	0.85718	0.831762	0.837276	0.851248	0.846177	0.832277	0.855539	0.851658	0.852867	0.832203	0.847238
64000	slope	0.0615404	0.046412	0.0465676	0.0552543	0.0769259	0.0548339	0.0507844	0.0402369	0.0376775	0.0770916	0.0581209	0.0548339	0.050964	0.0541474	0.0615404	0.0455774	0.0745034	0.0413101	0.100904	0.0548339	0.073549	0.0861157	0.0224392	0.0405293	0.0833037	0.0327784	0.0562463	0.0474828	0.0349985	0.0410842	0.0496828	0.0791554	0.0504581	0.0235012	0.027099	0.0930103	0.0769259	0.0815208	0.0876901	0.0496828	0.0482504	0.0623559	0.0405293	0.0759665	0.0998717	0.031689	0.0769259	0.0653734	0.0293114	0.0657411	0.08053	0.0745034	0.0954766	0.08053	0.0293114	0.0819877	0.031689	0.0349985	0.0314672	0.0810253	0.114406	0.0718634	0.0386505	0.111028	0.0575082	0.087634	0.100904	0.100904	0.0457378	0.0570882	0.0677032	0.0541474	0.0395052	0.0500007	0.0834201	0.08053	0.0911236	0.0408449	0.0473277	0.0224392	0.0745034	0.0588233	0.0405293	0.0413101	0.0751367	0.113545	0.0620931	0.102826	0.0385378	0.0499506	0.0851866	0.0402369	0.0759665	0.0892095	0.0788196	0.0376235	0.091519	0.0508518	0.0357961	0.0612746	0.0511424	0.0468992	0.0280132	0.0298058	0.0504911	0.0770606	0.0405293	0.0810253	0.0757026	0.0315275	0.0474828	0.0770916	0.0499506	0.0319801	0.114406	0.0528095	0.0203385	0.0597626	0.0395854	0.100101	0.0639635	0.0349366	0.0327784	0.0839355	0.0622024	0.0431651	0.0596753	0.0376775	0.0676747	0.0488641	0.0357961	0.0647063	0.0722004	0.0649836	0.0472846	0.0883282	0.0265439	0.0438796	0.0224392	0.0490002	0.0376775	0.0076765	0.0324317	0.058307	0.102196	0.0699258	0.0770606	0.110685	0.0541474	0.100904	0.0768931	0.0745034	0.0699258	0.0876901	0.0648951	0.0810253	0.0759665	0.0679036	0.0649836	0.0437511	0.0638284	0.0770606	0.0670103	0.0638284	0.0768931	0.0876901	0.0558629	0.031689	0.0324317	0.0463399	0.0280132	0.0293114	0.0683302	0.0524014	0.0076765	0.0588233	0.0829979	0.080424	0.0314672	0.0784972	0.0588233	0.0594324	0.0632014	0.0745034	0.0376863	0.0803635	0.0422399	0.0726886	0.0528559	0.0650682	0.0768931	0.073549	0.0892095	0.0861157	0.0468992	0.031689	0.08053	0.0496828	0.0376505	0.100101	0.0649291	0.0490002	0.0781443	0.114354	0.031689	0.0682305	0.0369604	0.0615404	0.114406	0.0490002	0.0472846	0.0575082	0.100101	0.080424	0.0314672	0.0715802	0.0638284	0.080424	0.0314672	0.0402369	0.0642879	0.100101	0.0405293	0.073549	0.0160579	0.0629066	0.0718166	0.102196	0.0500007	0.0737502	0.0430677	0.0319801	0.091519	0.0677032	0.113545	0.0283906	0.114406	0.0544559	0.0748286	0.0541474	0.0292394	0.0954223	0.0954223	0.0657411	0.0490002	0.100101	0.111028	0.0745034	0.0810253	0.0349985	0.0405293	0.114406	0.031689	0.0745034	0.0679422	0.0437511	0.08053	0.0770327	0.0413101	0.111028	0.0438796	0.0810253	0.091519	0.0496828	0.0726886	0.0349986	0.0376863	0.0759665	0.113545	0.0679622	0.0554488	0.0314672	0.0962971	0.0575082	0.0726886	0.031689	0.0405293	0.0833037	0.0486528	0.0280132	0.0544559	0.0541474	0.0376775	0.0739755	0.0718634	0.0632084	0.0378753	0.110685	0.0892095	0.0690082	0.0715802	0.104551	0.0718634	0.0468992	0.0588233	0.114354	0.0235012	0.0781443	0.0499506	0.0500007	0.0482651	0.104551	0.0473277	0.0507844	0.0718634	0.0507844	0.0750432	0.068455	0.109423	0.0385069	0.0748748	0.0810253	0.0670103	0.100101	0.0349986	0.0615404	0.0764434	0.0792945	0.0299537	0.0437511	0.0280132	0.0576071	0.0810253	0.0405293	0.114406	0.0350038	0.0430677	0.0810253	0.0834407	0.0483541	0.0659752	0.0302879	0.0506308	0.0557972	0.0854418	0.0231449	0.100904	0.0670103	0.0544559	0.0918331	0.0810253	0.0683302	0.0588233	0.0588233	0.0581946	0.110685	0.0499506	0.106759	0.0468992	0.0548339	0.0927651	0.0718634	0.031689	0.0588233	0.0595521	0.0544559	0.0834049	0.0237774	0.0718634	0.031689	0.0357961	0.0616349	0.0833037	0.0348517	0.0745034	0.031689	0.0544559	0.0349986	0.0650682	0.0319801	0.0349986	0.0575082	0.0810253	0.0437511	0.0745034	0.0378753	0.104551	0.0588233	0.0405293	0.114406	0.0769259	0.08053	0.0385069	0.0632084	0.110685	0.073549	0.12671	0.0638284	0.114354	0.0715802	0.0718634	0.08053	0.12671	0.0745034	0.0500427	0.0500007	0.0315275	0.0627385	0.0810253	0.0745034
64000	intercept	0.852607	0.867974	0.893249	0.845794	0.842234	0.854201	0.87361	0.856543	0.83702	0.797404	0.860139	0.854201	0.864191	0.842205	0.847243	0.853388	0.862011	0.865341	0.832563	0.854201	0.830191	0.835997	0.844151	0.893249	0.822494	0.852149	0.850567	0.869233	0.862011	0.85253	0.853388	0.820163	0.869549	0.855957	0.855957	0.842069	0.842234	0.840763	0.864933	0.853388	0.850096	0.860343	0.866288	0.855461	0.842548	0.866115	0.842234	0.854201	0.862451	0.842281	0.84786	0.862011	0.834718	0.856615	0.862451	0.830191	0.852149	0.862011	0.853275	0.84786	0.839806	0.835775	0.859322	0.833888	0.84095	0.842665	0.831704	0.832563	0.884879	0.844507	0.848232	0.842205	0.861266	0.839597	0.848672	0.84786	0.809695	0.845873	0.837583	0.85585	0.869742	0.854837	0.893249	0.865341	0.84115	0.839806	0.861565	0.832563	0.856543	0.877298	0.821242	0.856543	0.855461	0.827364	0.841569	0.85735	0.829221	0.845528	0.879103	0.839282	0.824024	0.87061	0.842987	0.852131	0.874129	0.841351	0.867716	0.84786	0.862611	0.853298	0.869233	0.797404	0.877298	0.852149	0.839806	0.863007	0.844151	0.857657	0.830946	0.837827	0.862373	0.852797	0.852149	0.828588	0.844134	0.825901	0.849392	0.83702	0.849278	0.837251	0.879103	0.832151	0.823626	0.860139	0.869549	0.848419	0.869477	0.869549	0.85585	0.830664	0.83702	0.85711	0.845412	0.861877	0.84441	0.833359	0.841351	0.837827	0.842205	0.832563	0.858093	0.862011	0.833359	0.864933	0.846779	0.84786	0.855461	0.847114	0.860139	0.873006	0.854201	0.841351	0.860139	0.853904	0.858093	0.864933	0.855749	0.852149	0.855957	0.857137	0.852131	0.849111	0.833359	0.85711	0.85711	0.87618	0.85543	0.797404	0.853275	0.84786	0.87618	0.858318	0.866084	0.862011	0.862154	0.858093	0.837567	0.849278	0.839209	0.828303	0.847094	0.830191	0.827364	0.834682	0.874647	0.852149	0.84786	0.853388	0.847185	0.837827	0.857445	0.855749	0.827437	0.826847	0.852149	0.854834	0.839344	0.847243	0.826847	0.855749	0.869549	0.84095	0.837827	0.797404	0.853275	0.834872	0.854201	0.797404	0.853275	0.856543	0.865949	0.837827	0.893249	0.843074	0.862011	0.830695	0.854201	0.827437	0.839597	0.848672	0.872484	0.852149	0.829221	0.859748	0.839806	0.861821	0.826847	0.867956	0.834682	0.842205	0.879103	0.860067	0.860067	0.842281	0.837976	0.837827	0.833888	0.862011	0.84786	0.862011	0.866288	0.826847	0.852149	0.862011	0.847778	0.860472	0.84786	0.848672	0.865341	0.833888	0.869549	0.84786	0.829221	0.857746	0.849278	0.879103	0.855749	0.855461	0.839806	0.848672	0.842281	0.865714	0.839806	0.856417	0.849278	0.853933	0.893249	0.822494	0.814781	0.852131	0.867956	0.842205	0.83702	0.838388	0.835775	0.861278	0.852149	0.837827	0.823583	0.844283	0.847086	0.820163	0.83947	0.87061	0.87618	0.826847	0.855957	0.827437	0.894032	0.839597	0.842912	0.820163	0.837583	0.861821	0.848998	0.86683	0.84786	0.853527	0.837827	0.869911	0.853797	0.84786	0.860139	0.837827	0.879103	0.852607	0.852171	0.833359	0.853388	0.864302	0.833843	0.855749	0.84786	0.856535	0.839806	0.870722	0.872484	0.84786	0.839438	0.879712	0.849278	0.874647	0.874181	0.853639	0.849614	0.85711	0.832563	0.860139	0.867956	0.834718	0.842984	0.833359	0.874181	0.874181	0.851054	0.837827	0.877298	0.794934	0.874647	0.854201	0.841351	0.835775	0.853933	0.874181	0.828303	0.867956	0.820163	0.866359	0.835775	0.858649	0.879103	0.859748	0.822494	0.874647	0.856318	0.852149	0.867956	0.879103	0.828303	0.852149	0.879103	0.84095	0.84786	0.873006	0.862011	0.852149	0.820163	0.874181	0.893249	0.823745	0.846844	0.84786	0.869911	0.861278	0.837827	0.832151	0.837827	0.850194	0.826847	0.846273	0.83947	0.84786	0.837827	0.862119	0.880117	0.839954	0.853298	0.855448	0.840562	0.862011
65000	slope	0.0114926	0.0384719	0.0498011	0.0498011	0.0435128	0.05146	0.00711926	0.0461771	0.0423488	0.00711926	0.0509097	0.041663	0.0475317	0.0601818	0.0590598	0.0597805	0.0274117	0.0203598	0.040562	0.0699337	0.0431508	0.0609585	0.0505084	0.0476261	0.00711926	0.0498011	0.0498011	0.040562	0.0371924	0.029181	0.0182415	0.0460816	0.0498011	0.0609585	0.0965182	0.0590161	0.061626	0.00229086	0.0752358	0.0333017	0.0294443	0.0505084	0.0601818	0.0384719	0.0294443	0.0514202	0.0969045	0.0498011	0.0294443	0.0596927	0.00515275	0.0548123	0.0730766	0.0423488	0.01601	0.0406601	0.0174945	0.0217984	0.0504424	0.0552387	0.0440836	0.0384278	0.0397193	0.0460749	0.0589415	0.0192648	0.0506848	0.0219352	0.0682979	0.0504424	0.0303883	0.0513259	0.0544025	0.061626	0.0653325	0.0498011	0.0505084	0.0563289	0.0286698	0.0460816	0.0333946	0.0930103	0.0730766	0.0730766	0.0513259	0.0513259	0.0692856	0.0652966	0.0601818	0.0513259	0.0505084	0.0626845	0.05427	0.0580709	0.0170939	0.00865028	0.0371924	-4.22038e-05	0.040562	0.0448255	0.0169566	0.0573181	0.0277262	0.0730766	0.0691239	0.0506422	0.0498011	0.0506422	0.0589776	0.012439	0.0274117	0.0304558	0.0366874	0.0192648	0.0601818	0.0526603	0.0821972	0.0580709	0.0384719	0.0682979	0.0548123	0.0930103	0.0969045	0.0710481	0.0601675	0.0409387	0.0636589	0.0274933	0.0506848	0.0842745	0.0444577	0.0367639	0.053794	0.0452624	0.0498011	0.0584043	0.0513259	0.054893	0.0498011	0.0298635	0.0192648	0.0498011	0.0397193	0.0580709	0.0739613	0.0275317	-4.22038e-05	0.0333017	0.069626	0.0505084	0.0505084	0.0539032	0.0969045	0.0730766	0.0619327	0.0498011	0.0539032	0.0621181	0.0627463	0.0479268	0.0682979	0.0423488	0.0325519	0.0294443	0.0479268	0.0490807	0.0741126	0.0931103	0.104301	0.061626	0.0293306	0.0294443	0.0601818	0.0460816	0.0730766	0.0498011	0.0601818	0.0324823	0.0374611	0.0730766	0.0552689	0.0539032	0.0114926	0.0392486	0.0311454	0.0560398	0.0580709	0.0272863	0.0698581	0.033525	0.0203598	0.0498011	0.0615808	0.103027	0.0493575	0.0473263	0.0374611	0.05146	0.0616029	0.0498011	0.0682979	0.0548123	0.0315245	0.0570084	0.0179536	0.0356595	0.0548123	0.0498011	0.0317076	0.0645264	0.0274117	0.0601818	0.0902986	0.0740923	0.0585351	0.0539032	0.0513259	0.00842329	0.0498011	0.0655166	0.0514202	0.0231857	0.0340779	0.057181	0.063536	0.05146	0.0496346	0.0752358	0.0902986	0.0179536	0.0379653	0.0548123	0.0406601	0.0294443	0.0498011	0.0601818	0.0655166	0.0506848	0.0786902	0.0460816	0.0682979	0.0182415	0.0947845	0.0601818	0.0552387	0.0272894	0.0560398	0.0513259	0.074809	0.0126594	0.0548123	0.00842329	0.0245065	0.0184215	0.0621181	0.0385269	0.050766	0.0409387	0.0231857	0.0539032	0.0324823	0.0504586	0.0699337	0.0504424	0.0601675	0.0704279	0.0691386	0.066823	0.0169402	0.0552387	0.00515275	-4.22038e-05	0.0423488	0.0127297	0.0196804	0.05146	0.0496346	0.0682979	0.0505084	0.0730766	0.0119152	0.0498011	0.040562	0.0578495	0.0580709	0.0498011	0.0498011	0.00842329	0.0119152	0.074809	0.0282386	0.0682979	0.0167827	0.0931103	0.0506422	0.0548123	0.0601818	0.0282386	0.0126594	0.0505084	0.0621181	0.0167827	0.061626	0.0406601	0.0423488	0.0307664	0.0682979	0.0621181	0.0381652	0.0294443	0.0452624	0.0539032	0.074809	0.0230266	0.0616029	0.05146	0.0203598	0.0344506	0.0272138	0.0266251	0.0544025	0.0296184	0.0203598	0.0930103	0.0548123	0.0601818	0.0182415	0.0505084	0.0392486	0.0114926	0.0374611	0.0459854	0.0513259	0.0384719	0.0526169	0.0192648	0.0381652	0.0498011	0.0294443	0.0635093	-4.22038e-05	0.0189445	0.0931103	0.0786902	0.0350704	0.0504424	0.0563289	0.0585351	0.0324823	0.0440836	0.0564701	0.0786902	0.0596927	0.0371924	0.061626	0.0601818	0.0560398	0.104283	0.0298108	0.0504586	0.0294443	0.0744809	0.020601	0.0752358	0.0498011	0.0548123	0.0531098	0.0596927	0.0601818	0.0460816	0.05146	0.104301	0.0498011	0.0560723	0.0539032	0.0473392	0.0616029	0.0786902	0.0667775	0.0304558	0.0539032	0.109316	0.0571074	0.0498011	0.0601818	0.0521503	0.0531182	0.0298635	0.0730766	0.0274117	0.125126	0.0902986	0.0324823	0.0324823	0.0947845	0.0930103	0.053794	0.0183084	0.0460816	0.0580709
65000	intercept	0.885973	0.882763	0.877475	0.833584	0.828362	0.875646	0.850848	0.859548	0.84636	0.850848	0.881113	0.856113	0.846374	0.837976	0.842111	0.857878	0.870342	0.870342	0.858741	0.822183	0.857886	0.859444	0.847351	0.860846	0.877067	0.833584	0.828071	0.858741	0.823331	0.861045	0.885634	0.864777	0.864096	0.859444	0.853028	0.857224	0.838759	0.845665	0.858844	0.823139	0.880302	0.838759	0.837976	0.880302	0.880302	0.874279	0.869899	0.85553	0.880302	0.864096	0.893526	0.840215	0.837285	0.849986	0.845481	0.834067	0.885634	0.885973	0.850482	0.8473	0.848548	0.845614	0.865856	0.855228	0.827195	0.883548	0.837976	0.885634	0.867192	0.850482	0.847841	0.864251	0.820748	0.838759	0.857224	0.848938	0.835106	0.8473	0.849842	0.864777	0.86327	0.83413	0.847886	0.847886	0.876171	0.864251	0.847398	0.850025	0.832257	0.864251	0.846589	0.871376	0.871943	0.866812	0.839854	0.89229	0.827195	0.868613	0.867262	0.861537	0.885973	0.889921	0.876432	0.847886	0.843931	0.861583	0.856197	0.861583	0.846061	0.881716	0.870342	0.898064	0.887082	0.883548	0.837976	0.838244	0.84289	0.861093	0.880302	0.867192	0.832973	0.832739	0.869899	0.864336	0.832604	0.83078	0.841473	0.880302	0.837976	0.84509	0.846345	0.854002	0.826663	0.859163	0.833584	0.832043	0.876171	0.829794	0.833584	0.83528	0.883548	0.864096	0.878311	0.866812	0.837014	0.872462	0.860406	0.823139	0.866699	0.848509	0.835106	0.85932	0.869899	0.871365	0.874344	0.833584	0.85932	0.804817	0.849233	0.838596	0.864309	0.84636	0.864841	0.862543	0.838596	0.849794	0.851385	0.841498	0.843963	0.833054	0.878178	0.880302	0.833971	0.864777	0.847886	0.832464	0.837976	0.883134	0.889302	0.847886	0.867832	0.861131	0.885973	0.879849	0.878533	0.880624	0.864336	0.829794	0.858707	0.848131	0.870342	0.861537	0.873507	0.843963	0.850253	0.87999	0.889302	0.875646	0.80891	0.864096	0.864309	0.83651	0.871422	0.828698	0.845665	0.867139	0.840215	0.856197	0.862815	0.869899	0.859831	0.837976	0.846714	0.843019	0.856197	0.85932	0.864251	0.881716	0.833584	0.820748	0.874279	0.889013	0.880302	0.847886	0.837976	0.871231	0.843548	0.858844	0.846714	0.845665	0.885025	0.827195	0.858903	0.880302	0.877475	0.837976	0.820748	0.837976	0.858844	0.864777	0.864309	0.885634	0.848289	0.837976	0.8473	0.895858	0.880624	0.876171	0.822183	0.907809	0.827195	0.881716	0.898823	0.870342	0.854292	0.831122	0.823453	0.83078	0.889013	0.863212	0.881716	0.827195	0.822183	0.850482	0.832604	0.846714	0.864096	0.850025	0.870342	0.8473	0.893526	0.862684	0.849986	0.887277	0.871985	0.8812	0.843548	0.867192	0.836274	0.847886	0.852023	0.856197	0.858741	0.834751	0.864336	0.833584	0.877475	0.881716	0.863349	0.822183	0.885634	0.864309	0.847841	0.841498	0.861583	0.827195	0.837976	0.875944	0.907809	0.847351	0.854292	0.847841	0.838759	0.834067	0.849986	0.894203	0.864309	0.854292	0.889435	0.880302	0.859163	0.85932	0.822183	0.870342	0.80891	0.871231	0.870342	0.838759	0.861246	0.851695	0.820748	0.880302	0.870342	0.830552	0.810451	0.832257	0.877981	0.841635	0.879849	0.885973	0.889302	0.889435	0.876171	0.882763	0.864096	0.883548	0.889435	0.864096	0.880302	0.833228	0.862684	0.887721	0.841498	0.858844	0.889435	0.850482	0.8473	0.856197	0.883134	0.848548	0.854551	0.858844	0.864096	0.827195	0.833054	0.837976	0.899401	0.856267	0.880302	0.827195	0.862543	0.844596	0.850848	0.858844	0.828071	0.830489	0.864096	0.860771	0.837976	0.864777	0.875646	0.843963	0.864096	0.835536	0.85932	0.850482	0.80891	0.862349	0.822183	0.898064	0.85932	0.83413	0.822565	0.856197	0.837976	0.843548	0.847682	0.83528	0.847886	0.870342	0.836041	0.846714	0.883134	0.883134	0.848289	0.83413	0.826663	0.907809	0.864777	0.854076
66000	slope	0.0155006	0.0272398	0.0231462	0.0400195	0.0330361	-0.00877312	0.0391423	0.0338826	0.00288836	0.0154377	0.0893864	0.0421697	0.00288836	0.091034	0.056409	0.026735	0.0574468	0.0545706	0.056731	0.0506422	0.0586514	0.0656141	0.0274697	0.0620666	0.0634675	0.0599644	-0.0168352	0.0321476	0.026735	0.0742377	0.0231462	0.064331	0.0712513	0.0586514	0.102333	0.0114869	0.034377	0.0154377	0.0207866	0.0106868	0.0274697	0.0516985	0.0624786	-0.00515185	0.0637095	0.0659773	0.0468259	0.0114869	0.0716341	0.056277	0.0932615	0.064544	0.0396091	0.0446358	0.0194783	0.0551668	0.0590761	0.0742377	0.0438816	0.0799486	0.026735	0.064331	0.0353269	0.0694644	0.00141913	0.0703226	0.0394257	0.103952	0.0231462	-0.00160017	0.0516985	0.0295958	0.00514715	0.00196831	0.0114869	0.0274697	0.0620244	0.0854563	0.062313	0.0347472	-0.00515185	0.0133742	0.0226788	0.035706	0.031072	0.0620244	0.0656141	0.0155472	0.0543941	0.0462613	0.0642416	0.0648694	0.0526056	0.0574468	0.0971562	0.0899525	0.0615693	0.0578396	0.0484107	0.0353269	-0.00160017	-0.00515185	0.11381	0.0637095	0.0643945	0.045533	0.0438816	0.0182657	0.064331	-0.00515185	0.0871183	0.0681455	0.0398236	0.0732061	0.0375427	0.0648694	0.0517759	0.0573027	0.0894858	0.0453227	0.0799486	0.0971562	0.0620674	0.0526056	0.11381	0.0455529	0.0484107	0.0755152	0.0468259	0.0634675	0.0416267	0.0337487	0.0251968	0.0677527	0.0712513	0.065764	0.0353269	0.0426809	0.0765614	0.0778857	0.053174	0.0637095	0.0154377	0.0481975	0.0524258	0.0642895	-0.00645857	0.0353269	0.0484107	0.0341709	0.0714895	0.0899525	0.0573662	0.0574029	0.0694458	0.0599644	0.00191396	0.0637095	0.0774219	0.0871183	0.0888277	0.103952	0.0466594	0.0482924	0.0457851	0.0438816	0.0396091	0.0251968	0.0498644	0.0748203	0.0408856	0.0504016	0.0657046	0.0353269	-0.00515185	0.0650742	0.0615092	0.0773675	0.0498083	0.0364348	0.00489134	0.0718147	0.0648694	0.0659504	0.0274697	0.0599644	0.0353269	0.0332793	0.0383457	0.0294512	0.0664318	0.0574468	0.0274697	0.0305218	0.0773675	0.026645	0.0274697	0.0637095	0.0353269	0.0102923	0.0114869	0.0932615	0.0502501	0.0778563	0.0484107	0.103952	0.056277	0.0182657	-0.0168352	0.0637095	0.0724795	0.0615693	0.0175999	0.0406034	0.0293558	0.0195438	0.0526056	0.0664856	0.0586514	0.0353269	0.057941	-0.00160017	0.00288836	0.062313	0.000503567	0.0114869	0.026735	0.0637095	0.0607972	0.0451862	0.0648694	0.0748203	0.0971562	0.062313	0.0574029	0.0718147	0.0871183	0.0773675	0.0346959	0.062313	0.0899525	0.0773675	0.091034	0.0623305	0.0561483	0.0732848	0.0648694	0.0438816	0.026735	0.103952	0.0526056	0.0552448	0.0325597	0.0738715	0.0858396	0.0634675	0.0842892	0.0169877	0.0548609	0.0341709	0.0552448	0.0573662	0.00191396	0.0712508	0.0485432	0.064331	0.0748203	0.11381	0.0406034	0.0599644	0.0468259	0.0658491	0.0871183	0.0438816	0.00288836	-0.00415595	0.0643945	0.026735	0.0858647	0.0265237	0.0648694	0.0557051	0.0749227	0.0496764	0.0773675	0.0628565	0.0888277	0.0438816	0.091034	0.11381	0.062313	0.0586514	0.0526056	0.0773675	0.11381	0.026735	0.0408856	0.0525846	0.0820437	0.0274697	0.00514715	-0.0168352	0.0871183	0.0438816	0.0114869	0.0561498	0.0637095	0.0912048	-0.00515185	0.103952	0.0871183	0.0182657	0.0899525	0.0274697	0.0552448	0.0455529	-0.00978255	0.0398236	0.062313	0.0457851	0.0774219	0.0899525	0.026645	-0.0018256	0.0753856	0.0353809	0.0552448	0.0749227	0.0971548	0.00196831	0.0932615	0.0615693	0.0683412	0.0703226	0.0928565	0.0742562	0.0634874	0.0586514	0.0274697	0.0714895	0.0748867	0.0538122	0.0346959	0.0277576	0.0574029	0.0484107	0.0773675	0.0656141	0.0209741	0.0621335	-0.0018256	0.0198648	0.0251968	0.056277	0.00914174	0.0773675	0.0648694	0.0175999	0.0182657	0.0733711	0.0195438	0.0749227	0.0971548	0.0683412	0.0364404	0.0656876	0.0359315	0.00514715	0.0888277	0.064331	0.0353269	-0.00515185	0.0790202	0.0375427	0.062313	0.0442801	0.0305218	0.064331	0.091034	0.0182657	0.064331	-0.00245254	0.0110055	0.0468259	0.0971562	0.0648694	0.0971562	0.0291259	0.0526056	-0.00170942	0.0599644	0.0683412	0.0421697	0.0971562	0.0794517	0.0748867	0.0916843	0.0375427	0.091034	0.062313
66000	intercept	0.878069	0.872368	0.890315	0.83243	0.868375	0.902911	0.888265	0.851599	0.892791	0.900899	0.818349	0.853074	0.892791	0.834062	0.865828	0.872368	0.837868	0.842393	0.862178	0.870075	0.865828	0.862833	0.842412	0.854346	0.880586	0.854346	0.877509	0.861723	0.872368	0.848588	0.890315	0.872429	0.842767	0.858843	0.843507	0.895261	0.879096	0.895933	0.887946	0.875507	0.852972	0.854346	0.859004	0.875561	0.816459	0.841227	0.841488	0.881834	0.859803	0.867598	0.824955	0.837868	0.842649	0.873178	0.865751	0.840182	0.874296	0.848588	0.896322	0.821339	0.872368	0.872429	0.865723	0.806759	0.91919	0.848235	0.813524	0.809571	0.890315	0.89628	0.854346	0.865723	0.885578	0.893251	0.895261	0.852972	0.854367	0.842862	0.855734	0.875507	0.884806	0.895933	0.891561	0.866997	0.887818	0.854367	0.862833	0.869289	0.872429	0.878507	0.843735	0.841875	0.852327	0.837868	0.848071	0.837735	0.840182	0.83867	0.885759	0.865723	0.89628	0.869431	0.824955	0.821339	0.837868	0.872398	0.896322	0.869379	0.872429	0.884806	0.859512	0.852201	0.890282	0.836399	0.848289	0.841875	0.818562	0.841239	0.823147	0.853074	0.821339	0.837735	0.858526	0.852028	0.824955	0.831909	0.871297	0.845563	0.841488	0.880586	0.847961	0.870277	0.859167	0.834822	0.842767	0.859004	0.865723	0.879096	0.84687	0.834101	0.890783	0.821339	0.895933	0.853074	0.847694	0.831607	0.869983	0.865723	0.885759	0.872368	0.822347	0.837735	0.826762	0.843827	0.861719	0.847218	0.869983	0.821339	0.844825	0.855873	0.872206	0.809571	0.855988	0.865605	0.880859	0.896322	0.842649	0.859167	0.876159	0.799071	0.866634	0.852701	0.837868	0.865723	0.884806	0.851872	0.842767	0.865315	0.845471	0.857006	0.869983	0.834622	0.841875	0.85147	0.839456	0.854346	0.865723	0.886707	0.856687	0.875566	0.836795	0.837868	0.854373	0.847392	0.834622	0.854373	0.839456	0.821339	0.865723	0.830513	0.895261	0.801568	0.821339	0.841875	0.885759	0.79825	0.874248	0.870714	0.877509	0.821339	0.836441	0.840182	0.886695	0.80554	0.848274	0.874582	0.852327	0.841875	0.865828	0.865723	0.830417	0.89628	0.892791	0.835122	0.855995	0.895261	0.872368	0.821339	0.868817	0.858843	0.841035	0.830359	0.837735	0.854346	0.843827	0.834622	0.855873	0.843664	0.884662	0.854346	0.836063	0.865315	0.85045	0.821339	0.904633	0.872093	0.841875	0.896322	0.872368	0.809479	0.852327	0.822147	0.848289	0.836146	0.837735	0.880586	0.844825	0.848585	0.83023	0.872368	0.822147	0.828216	0.869983	0.848588	0.810513	0.872429	0.818537	0.824955	0.80554	0.847218	0.841488	0.859004	0.855873	0.893216	0.894511	0.918567	0.837868	0.879895	0.848588	0.888054	0.85046	0.843496	0.85045	0.821339	0.834622	0.813524	0.872206	0.896322	0.834062	0.824955	0.855734	0.865828	0.852327	0.834622	0.824955	0.879895	0.866634	0.841787	0.844825	0.865462	0.885578	0.877509	0.855873	0.893216	0.895261	0.863732	0.821339	0.848588	0.884806	0.809571	0.859512	0.870714	0.837735	0.842412	0.823819	0.828216	0.86864	0.914033	0.855734	0.880859	0.844825	0.837735	0.854373	0.896663	0.837868	0.806025	0.822147	0.85045	0.853242	0.890413	0.824955	0.840182	0.852208	0.848235	0.872206	0.837868	0.853194	0.858843	0.852972	0.822347	0.837488	0.868817	0.870166	0.887189	0.843827	0.885759	0.865315	0.862833	0.895933	0.837571	0.892747	0.878591	0.859167	0.867598	0.86875	0.865315	0.85046	0.887256	0.870714	0.85757	0.874582	0.85045	0.837735	0.839881	0.873928	0.843219	0.868877	0.885578	0.872206	0.872429	0.859331	0.884806	0.848588	0.848289	0.854346	0.821339	0.856792	0.872429	0.834062	0.869379	0.872429	0.896663	0.876031	0.833823	0.837735	0.851173	0.837735	0.893008	0.852327	0.885578	0.854346	0.832682	0.853074	0.837735	0.84982	0.837488	0.842988	0.848289	0.834062	0.854346
67000	slope	0.0126117	0.0650528	0.0044483	0.0295882	0.120382	0.0336963	0.00869277	0.0546027	0.0282239	0.0514645	0.0412317	0.0419888	0.0323409	0.0411669	0.0136946	0.0514186	0.0323409	0.0542718	0.0383803	0.0498127	0.052054	0.00656122	0.0446279	0.0275526	0.0489987	0.0411669	0.0650528	0.0044483	-0.00546344	0.0676164	0.103414	0.0645161	0.000490289	-0.00696866	0.0360016	0.0633418	0.0209094	0.0126117	0.0557607	0.0248233	0.0550782	0.00427297	0.0291049	-0.0154546	0.0044483	0.0044483	0.0619322	0.0546027	0.0588465	0.0506268	0.0323409	0.0253664	0.0278945	-0.0101768	0.0283823	0.047537	0.070628	0.0596488	0.00427297	0.0319482	0.0360016	0.00508141	0.0633418	0.103414	0.0411669	0.0733065	0.0123274	0.0397353	0.0519519	-0.0131633	0.0274665	-0.00731126	0.0323073	0.0377418	-0.00422354	-0.0183391	0.0619322	0.0527142	0.0542718	0.085335	0.0013799	0.0212117	-0.0143263	0.0098887	-0.00312408	0.0475873	0.0506268	0.0657707	0.0263989	0.0120865	0.0619322	0.085405	0.0650528	0.0498362	-0.00312408	0.0460758	0.0127688	0.027129	0.047537	0.119223	0.0619322	0.0263989	0.0136946	0.0632361	0.0609295	-0.00312408	0.0164156	-0.0210414	0.0498362	-0.0251617	0.0212117	-0.0294166	-0.0179136	0.0237439	-0.00124587	0.070628	0.0619322	-0.00422354	0.00427297	0.0191763	0.0263989	0.0176167	0.00372955	0.00427297	0.0709267	0.00744834	0.0126117	0.0733065	0.0237439	0.0263989	0.00674666	0.0126117	0.0263989	0.0493274	-0.0179136	-0.00516753	0.0579403	0.0602192	0.0126117	0.0493274	0.0798739	0.047537	0.0143247	0.085335	0.0263989	0.00283937	0.0044483	0.0703656	0.0271266	0.0098887	0.0411669	0.0098887	0.0414662	0.00779406	0.0114059	0.00283937	0.0609295	0.0609295	0.0557607	0.0581922	0.085405	0.0120865	0.0609295	0.0160303	0.0284017	0.0263989	0.0633418	0.0263989	0.119223	0.053964	0.0357936	0.0157614	0.0514186	-0.00437214	0.0275979	0.00674666	0.0603853	0.0399054	0.0044483	0.055204	-0.0109108	0.0253664	0.0802091	0.0681028	0.029684	0.0129708	0.053964	0.0136946	0.0126117	0.00462721	0.053964	0.00773509	0.0432501	-0.000142353	0.00919319	0.119777	0.047537	-0.00546344	0.0528431	0.055204	0.0506268	0.086367	0.0120865	0.0060774	0.0546027	0.0120865	0.0206184	0.0609295	-0.00869528	-0.0154546	-0.00551884	-0.0131633	0.0237439	-0.0147964	0.0514645	-0.0105487	0.0126117	0.103414	-0.0131633	0.059226	0.051516	0.0411669	0.0307088	0.0397353	0.024709	0.00131889	0.00283937	0.0238012	0.085405	0.0619322	0.0399054	-0.0127114	0.0514186	0.0498362	0.0553855	0.0641969	0.0542718	0.0388135	0.0123271	0.053964	0.0238012	0.0274665	-0.00312408	0.0044483	-0.0154546	0.0323073	0.00283937	0.0444808	0.0858419	0.086367	0.0546027	0.0383803	-0.0314149	0.0147058	0.0733065	0.0514186	0.0632361	0.0514186	0.0136946	0.0596488	0.00744834	-0.0154546	0.0619322	0.119777	0.0136946	0.0271266	0.0212117	0.0506268	0.0498362	0.0412317	-0.00124587	0.00283937	0.0663724	0.0609295	-0.0100598	0.0237439	0.0261653	0.0546027	-0.0190708	0.0676164	-0.00312408	0.000490289	0.00427297	0.0098887	0.0819919	0.053964	0.00674666	0.0098887	0.0044483	0.085405	0.0397353	0.0514645	0.0419888	-0.0294166	0.0408412	0.0230549	0.0114059	0.00427297	0.0493274	0.00498035	-0.000558104	0.0650528	0.0411669	0.0408412	0.0514186	-0.00301426	0.0098887	0.0323073	0.0323409	0.051516	0.0229054	0.0044483	0.047537	0.0323409	0.0336963	0.0540077	0.0230368	0.0619322	0.047537	0.0212117	-0.0131633	0.0117745	0.0540077	0.059108	0.034975	-0.0193256	-0.00790035	-0.000558104	0.00528642	0.0212117	0.00498035	-0.00312408	0.070628	-0.00712555	0.0372931	0.0263989	0.00283937	0.0372931	0.016614	-0.00312408	-0.00712555	-0.034391	0.085405	0.00527723	0.100503	-0.0151861	0.0524484	0.0546027	-0.0127114	0.0446279	-0.0100598	0.0323409	0.0237439	0.085405	0.0446279	0.0633418	0.0650528	0.0514186	0.0237439	0.0263989	0.0546027	0.119223	0.047537	0.0212117	0.0237439	0.0243721	0.0372931	-0.00312408	0.0098887	0.0858419	-0.00790035	0.0446337	0.085335	0.0237439	0.0157614	-0.0193256	0.0237439	0.0360016	-0.0131633	-0.00312408	-0.00348118	-0.00312408	0.00427297	0.0147058	0.0648496	0.0453015	0.047537	0.0098887	0.0619322	0.0506815	0.0676164	0.101128	0.0206184	0.0528707	0.00458424	0.0542718	0.0609295	0.0514186	0.0542718	-0.0220816
67000	intercept	0.888519	0.839114	0.858267	0.881333	0.844543	0.881588	0.874848	0.812516	0.865882	0.861634	0.841349	0.865748	0.878929	0.871268	0.898149	0.841349	0.877917	0.854519	0.861634	0.856839	0.835383	0.902864	0.876017	0.900131	0.876017	0.871268	0.839114	0.858267	0.886935	0.826805	0.807673	0.853491	0.92185	0.876584	0.871044	0.841601	0.891239	0.888519	0.865849	0.860087	0.844065	0.873545	0.864911	0.885404	0.858267	0.858267	0.84954	0.812516	0.854095	0.841996	0.895138	0.852549	0.87733	0.90304	0.880356	0.824097	0.868571	0.849732	0.880053	0.85681	0.871044	0.874848	0.841601	0.807673	0.871044	0.884568	0.883708	0.858196	0.85769	0.917392	0.895138	0.876642	0.884104	0.86981	0.873741	0.907117	0.84954	0.863706	0.853784	0.811506	0.874455	0.88492	0.886935	0.917274	0.862589	0.864628	0.841996	0.83958	0.859308	0.903807	0.84954	0.848077	0.839114	0.84214	0.862589	0.866348	0.879439	0.879373	0.824097	0.807673	0.84954	0.855197	0.894004	0.841996	0.847718	0.85241	0.899883	0.903112	0.84214	0.906621	0.88492	0.909189	0.895017	0.871696	0.892813	0.84127	0.853491	0.907982	0.877733	0.89387	0.855002	0.867795	0.917397	0.881197	0.899342	0.919812	0.897896	0.881055	0.871696	0.851451	0.87585	0.888519	0.855002	0.885971	0.895017	0.918602	0.827314	0.866882	0.888519	0.885971	0.833343	0.824097	0.873401	0.811506	0.859308	0.886338	0.858267	0.84214	0.895017	0.874669	0.866208	0.864436	0.846894	0.916734	0.882454	0.884053	0.84763	0.862129	0.8547	0.856458	0.848077	0.902896	0.862129	0.888208	0.88312	0.855002	0.841601	0.855002	0.807673	0.865778	0.885971	0.861143	0.850051	0.858267	0.879258	0.896473	0.875951	0.840093	0.858267	0.8547	0.903704	0.852549	0.843895	0.837842	0.895017	0.905242	0.865778	0.894004	0.902864	0.86766	0.865778	0.894004	0.885971	0.889993	0.886887	0.844543	0.824097	0.886935	0.865462	0.8547	0.841996	0.850051	0.902896	0.917397	0.812516	0.902896	0.879439	0.862129	0.909189	0.885404	0.899378	0.914564	0.871696	0.917397	0.861634	0.917397	0.888519	0.802183	0.914564	0.85115	0.878368	0.871268	0.824097	0.872569	0.849916	0.929661	0.917397	0.852854	0.829648	0.853491	0.84847	0.925715	0.841349	0.84214	0.877229	0.865849	0.8547	0.916304	0.899561	0.865778	0.852854	0.895138	0.862589	0.852155	0.885404	0.884104	0.917397	0.868817	0.82014	0.838587	0.812516	0.861634	0.903112	0.881992	0.881055	0.833981	0.849732	0.841349	0.898149	0.849732	0.919812	0.885404	0.853491	0.83267	0.898149	0.895017	0.88492	0.841996	0.84214	0.841349	0.892813	0.917397	0.84127	0.862129	0.918378	0.871696	0.891239	0.812516	0.895017	0.826805	0.862589	0.92185	0.893189	0.868016	0.83444	0.865778	0.871454	0.864436	0.858267	0.848077	0.865748	0.867091	0.865748	0.909189	0.85115	0.881333	0.882454	0.873545	0.885971	0.862589	0.920287	0.829157	0.871268	0.85115	0.841349	0.895017	0.921177	0.884104	0.877917	0.878368	0.881333	0.858267	0.824097	0.878929	0.889144	0.857988	0.881141	0.84954	0.824097	0.88492	0.914564	0.919812	0.839045	0.868188	0.881333	0.905241	0.862589	0.903807	0.907031	0.88492	0.862589	0.862589	0.851995	0.895017	0.865748	0.863455	0.886338	0.865748	0.863971	0.862589	0.895017	0.896231	0.814512	0.852854	0.810921	0.905825	0.8547	0.812516	0.92185	0.879225	0.918378	0.878929	0.871696	0.830603	0.876017	0.841601	0.839114	0.841349	0.871696	0.863455	0.812516	0.825128	0.824097	0.890739	0.871696	0.855002	0.865748	0.862589	0.878075	0.82014	0.862589	0.898267	0.796492	0.871696	0.861143	0.906897	0.871696	0.871044	0.914564	0.862589	0.874848	0.862589	0.881197	0.881992	0.857678	0.885971	0.826744	0.886887	0.844173	0.877326	0.826805	0.807673	0.879439	0.819223	0.882923	0.8547	0.885617	0.850051	0.8547	0.886935
68000	slope	0.0443373	0.0608715	0.0450677	0.0522534	0.0358541	0.0484198	0.0388264	0.0522445	0.0134429	0.0483644	-0.0166256	0.0517769	0.0723349	0.0534117	0.0564058	0.0526106	0.052814	0.0355092	0.0199319	-0.0147312	0.0511812	0.0126407	0.0522534	0.0336222	0.0467039	0.0564058	0.0167489	-0.00396379	0.0476956	0.0439478	0.038012	0.0333738	0.0499111	0.0265914	0.048276	0.0713393	0.0439478	0.0398219	0.0376238	0.0458325	0.0534117	0.046374	0.0557713	0.0725516	0.0567228	0.0458325	0.0631103	0.0644439	0.0401583	-0.000179324	0.0427711	0.0511812	0.0444932	0.0496719	0.0333738	0.0462929	0.0561077	0.0401583	-0.00341692	0.0511812	0.048276	0.0536006	0.0605989	0.0224295	0.0134429	0.0375011	0.0326734	0.0517769	0.0447483	0.0560117	0.0172945	0.0607877	0.0232544	0.0418926	0.0651697	-0.0102278	0.0482108	0.0561077	0.0333738	0.0484107	0.0529876	0.0608715	0.0134429	0.089327	0.0587906	0.0440007	0.0545082	0.0167489	0.00893027	0.0716492	0.0350561	-0.00341692	0.0561077	0.0232686	0.0227066	0.0304584	0.0651697	0.0716492	0.0193311	0.0495211	0.0385867	-0.025904	0.0714054	0.0432362	0.0566194	0.0738114	0.0214332	0.0401583	0.0334598	0.0437419	0.0716492	0.0230268	0.0604677	0.0263454	0.0716492	0.0230268	0.027427	0.0259923	0.0407835	0.0522534	0.0451549	0.0308545	0.00893027	0.0651697	0.0651697	0.0413687	0.00751288	0.0436672	0.0594683	0.0227066	0.0147837	0.015892	0.0496516	0.0439478	0.0813405	0.0547987	0.0289841	0.0527258	0.0489451	0.0651697	0.0432362	0.0430285	0.0476956	0.0522592	0.0432362	0.029347	0.0342198	0.0511812	0.0484107	0.0562695	0.0450677	0.0421331	0.0566194	0.0608283	-0.0166256	0.0450932	0.0174471	0.0308545	0.0311049	0.0667789	0.00953182	0.0127576	0.0191619	-0.0166256	0.0541805	0.0587906	0.0526106	0.0336222	0.0558342	0.0726059	0.00652102	0.0147837	0.0651697	0.0666291	-0.0241078	0.0472954	0.0484107	0.0418278	0.0608715	0.0461079	0.0468994	0.0333738	0.0564058	0.0608283	0.0369592	0.0771533	0.0265914	0.0950726	0.0714054	0.0545852	0.0494141	0.0458325	0.0302654	0.0344204	0.0346635	0.0212078	-0.00167935	0.0566194	0.0230268	0.0529254	0.0496437	0.0260908	0.0535741	-0.0166256	0.0370301	0.0458325	0.0522534	0.0360274	0.0484107	0.0558342	0.0522534	0.0448995	0.0608715	0.0564058	0.0587906	0.0410958	0.0527551	0.0508616	0.0441679	-0.00341692	0.0566779	0.0260908	0.00751288	0.0199319	0.0725516	0.0355092	0.0565981	0.0315242	0.00751288	0.0587906	0.0355092	0.0750557	0.0221141	0.0587906	0.0560117	0.0440007	0.0594683	0.0561077	0.0680621	0.0750557	0.0326734	0.0651697	0.0852819	0.0540908	0.0227066	0.0350561	0.0522534	0.0498728	0.0561077	0.0450677	0.0558342	0.0199319	0.0526106	0.0558342	0.0420977	0.0833603	-0.0177678	0.0526106	0.0564058	0.00953182	0.0558342	0.00751288	0.0371491	0.048276	0.0326202	0.00751288	0.0522534	0.0723349	0.0522534	0.0336222	0.0266943	0.020609	0.0522534	0.0526106	0.0431016	0.0534117	0.0651697	0.00751288	0.0526106	0.0230268	0.0526106	0.0955184	0.00893027	-0.00364493	0.0483644	0.0561077	0.0587906	0.00665829	0.0484107	0.00953182	0.0522534	0.0484107	0.0167489	0.048276	0.0460212	-0.0143334	0.0738114	0.0172945	0.0410958	0.0174927	0.0552439	0.0360274	0.0341558	0.0594683	0.0624471	0.00351023	0.0534117	0.0522534	0.0561077	0.00351023	0.0511812	-0.0166256	0.0665854	0.0484107	0.0260908	0.0955184	0.0170897	0.0153376	0.0333738	0.0522534	0.0238784	0.0651697	0.0511812	0.0682079	0.0476956	0.00751288	0.0407835	0.0517769	0.0458325	0.0587906	0.0484107	-0.00341692	0.0214332	0.0401583	0.048276	0.0448995	0.0134429	0.0300919	0.0170737	0.0191619	0.0458325	0.0522534	-0.0143334	0.00993104	0.00219139	-0.000179324	0.0561077	0.0441679	0.0836803	0.0260908	0.0472954	0.00751288	0.0651697	0.0651697	0.0560117	0.048276	0.0355092	0.0168891	0.0167489	0.0632741	0.00751288	0.0511812	0.089327	0.0326734	0.0557959	0.0586375	0.0265914	0.089327	0.0564311	0.0651697	0.0462386	0.0557959	0.0526106	0.0511812	0.0608283	-0.0157051	0.020609	0.0462017	0.0260908	0.0235104	0.00751288	-0.0241078	0.0534117	0.0468994	0.0561077	0.00665829	0.0561077	0.0450677	0.0836803	0.0471199	0.0442586	0.0167489	0.0246758	0.0147837	0.0147837	0.0134429	0.0462386	0.0587906	0.0124832	0.0439478
68000	intercept	0.885266	0.853647	0.892313	0.835305	0.899438	0.875684	0.871844	0.869872	0.876167	0.886118	0.875334	0.829398	0.858315	0.832143	0.864547	0.865409	0.886118	0.83193	0.876167	0.872351	0.865543	0.851659	0.835305	0.841147	0.854684	0.864547	0.870707	0.884628	0.864307	0.878127	0.87424	0.842875	0.85382	0.893101	0.87822	0.864547	0.878127	0.876167	0.876167	0.860149	0.821501	0.869311	0.843093	0.86099	0.863415	0.841003	0.862343	0.864786	0.853647	0.877991	0.835305	0.865543	0.865409	0.854331	0.835305	0.861262	0.834454	0.853647	0.888904	0.865543	0.864547	0.860464	0.908785	0.876922	0.884987	0.880232	0.88991	0.829398	0.865955	0.865409	0.877766	0.865431	0.885494	0.850515	0.859142	0.872351	0.872275	0.834454	0.835305	0.867363	0.854318	0.853647	0.884987	0.837453	0.866044	0.830966	0.873591	0.870707	0.888852	0.826366	0.876167	0.8837	0.834454	0.875727	0.881539	0.853006	0.86099	0.826366	0.868526	0.863336	0.875338	0.857334	0.864547	0.874208	0.860216	0.859142	0.885543	0.853647	0.870707	0.865543	0.826366	0.880746	0.853647	0.859077	0.826366	0.880746	0.891685	0.885133	0.876167	0.835305	0.867363	0.876167	0.880588	0.865376	0.865376	0.835305	0.899438	0.862492	0.825736	0.864328	0.869111	0.887802	0.854684	0.878127	0.865543	0.860557	0.882134	0.869971	0.891521	0.865376	0.874208	0.894019	0.864307	0.843802	0.874208	0.88249	0.893101	0.862031	0.866735	0.864547	0.894738	0.854155	0.860216	0.823768	0.905185	0.886073	0.888532	0.876167	0.894019	0.855718	0.861182	0.884987	0.824476	0.875334	0.84106	0.866044	0.865409	0.836737	0.872491	0.834588	0.87828	0.851415	0.865376	0.866099	0.871539	0.841652	0.853356	0.891521	0.853647	0.875764	0.865943	0.828563	0.869872	0.823768	0.866669	0.833872	0.893101	0.838476	0.864547	0.846624	0.847325	0.841003	0.879088	0.86043	0.873914	0.864954	0.875997	0.860216	0.880746	0.86277	0.82674	0.87362	0.816511	0.905185	0.876167	0.841003	0.835305	0.879637	0.867363	0.872491	0.835305	0.887852	0.853647	0.869872	0.860216	0.830966	0.878425	0.865543	0.835305	0.8837	0.826366	0.87362	0.883225	0.876167	0.848661	0.830966	0.884431	0.899497	0.887227	0.853566	0.83193	0.843093	0.864831	0.860216	0.865409	0.830966	0.841888	0.834249	0.859142	0.843093	0.88991	0.865376	0.828653	0.834454	0.864328	0.876167	0.835305	0.866044	0.834454	0.894738	0.872491	0.876167	0.865409	0.872491	0.832624	0.837272	0.857334	0.865409	0.864547	0.861182	0.872491	0.892984	0.87424	0.870804	0.824476	0.899438	0.835305	0.858315	0.835305	0.836737	0.889347	0.924245	0.862522	0.865409	0.854323	0.832143	0.862283	0.899438	0.865409	0.880746	0.865409	0.827963	0.880588	0.906596	0.895601	0.834454	0.860216	0.899438	0.867363	0.861182	0.835305	0.867363	0.870707	0.870063	0.872491	0.857334	0.859142	0.877766	0.830966	0.864328	0.865376	0.883269	0.865409	0.841888	0.859841	0.895378	0.832143	0.835305	0.834454	0.895378	0.857706	0.875334	0.864547	0.853356	0.87362	0.827963	0.839342	0.855703	0.828563	0.835305	0.893101	0.865376	0.861736	0.894039	0.864307	0.899438	0.876167	0.830966	0.841003	0.860216	0.867363	0.8837	0.885543	0.853647	0.870063	0.911356	0.884987	0.895601	0.911791	0.824476	0.854496	0.835305	0.857334	0.860937	0.895378	0.877991	0.834454	0.835305	0.901415	0.87362	0.841652	0.899438	0.865376	0.859142	0.865409	0.864547	0.832624	0.911198	0.888632	0.882454	0.899438	0.871897	0.837453	0.88991	0.82674	0.865409	0.893101	0.837453	0.864547	0.862283	0.894019	0.82674	0.865409	0.865543	0.823768	0.90247	0.897466	0.855028	0.87362	0.870707	0.899438	0.871539	0.832143	0.865943	0.834454	0.899438	0.834454	0.894738	0.901415	0.865543	0.841652	0.870707	0.873115	0.869111	0.851415	0.888298	0.884431	0.866044	0.882724	0.878127
69000	slope	0.0641912	-0.0303157	0.0731763	-0.00425553	0.0928328	0.064567	0.0404392	0.0266449	0.0011659	0.0418972	-0.0128916	0.0101357	-0.0337348	0.084602	0.0408885	0.0403338	0.00819597	0.0368099	0.0641912	0.0578219	0.0403338	-0.0169686	-0.00412002	0.0403338	0.0783474	0.0641688	0.0297538	0.0578219	0.0718782	0.0670688	0.0568238	0.0587141	-0.0296485	0.0551702	-0.00769184	0.0683809	-0.00189242	-0.00412002	0.0128517	0.0258905	0.0253608	0.0381881	0.025944	0.0390304	0.0381881	0.0194632	0.0407055	0.032983	-0.00739269	0.0456135	0.0400044	0.029421	0.022631	0.0642544	-0.000796456	0.0456135	0.0403338	0.0403338	-0.0258314	0.0408885	0.0151662	0.0572563	0.0449297	0.0231482	-0.00412002	0.0414234	0.057373	0.0572563	0.0244154	0.0226258	-0.0323998	-0.0274036	0.029421	0.0670688	0.071474	0.0165059	0.0740725	0.0258905	-0.00341692	0.0403338	0.0670688	0.0306006	0.0308349	0.00433295	0.0636133	-0.017956	0.0516938	0.024316	0.0225072	0.0519735	-0.0159248	-0.00392217	0.0761169	0.0621143	0.0403338	0.010144	0.0403338	-0.0141246	0.0301951	0.0184864	0.046013	0.0318121	0.0414234	0.0621143	0.0474838	0.0333606	-0.0203911	0.0283884	0.0461455	0.0213755	-0.0128916	0.0163066	0.0579034	0.037424	0.0476766	0.0621143	0.0449297	0.0403338	0.0522025	0.0370161	-0.0222231	0.0403338	0.0344607	-0.0233559	0.0578219	0.0654753	0.0388648	0.00799308	-0.00984238	0.0283884	0.0444519	0.0748206	0.0600347	0.0283884	-0.0128916	0.0333676	0.00799308	0.0351073	0.0578219	0.0783474	0.0414234	0.0583104	0.0295462	0.0602409	0.0560818	0.0560818	0.023355	0.0128517	0.0483455	0.0414234	-0.00714059	0.0824085	0.025944	0.00799308	0.0312158	0.0297538	0.0319331	0.03621	0.0572563	0.0256485	0.0403338	-0.0141246	0.0607719	0.00668591	0.0469725	-0.00600324	0.0731763	-0.0203346	0.0333606	0.0431991	0.0403338	0.0731851	0.0414234	0.0295462	0.0258905	0.0621143	0.109888	-0.00412002	0.0748206	0.0403338	0.0319331	-0.0337348	0.0624368	-0.000796456	0.0128517	-0.00350971	0.025944	-0.0130354	0.0258905	0.018362	0.0572563	-0.0169686	0.0257292	0.0572563	0.0426433	0.0390304	0.0283202	-0.00412002	0.057373	0.0275939	-0.00461522	0.0163066	0.058566	0.0275939	0.0301951	0.0928328	0.0414234	0.0795089	0.0151662	0.0388007	0.0283884	0.0568238	-0.00144014	0.0480304	0.0332814	0.0381881	-0.00100481	0.0258905	0.0795136	0.0403338	0.0928328	0.0403338	-0.00600324	0.0654753	-0.0128916	0.0368099	0.039757	0.084602	0.0403338	0.00729578	-0.0337348	0.0480304	0.0388007	0.0292909	-0.0125187	0.0403338	0.0654753	0.0151662	0.0456135	0.00910678	0.00298118	0.0791927	-0.00461522	0.00729578	0.0636133	0.0106427	0.0500722	0.0560818	0.0583104	0.0295462	0.0403338	0.0516938	-0.0100313	0.0258905	0.0761169	0.0128517	0.0403338	-0.0337348	0.0634735	0.00481519	0.0344694	0.0400281	0.030093	0.0763986	0.0645747	0.0767036	0.0318121	0.039464	0.0300279	0.0368099	-0.0128916	0.065398	0.0645747	0.0282092	0.0333606	0.0403338	-0.0203346	0.0256485	-0.0309724	0.0879628	0.0624368	0.0725558	0.0226258	0.0579034	0.0333606	0.0256485	0.0621143	0.0258905	0.0426433	-0.0125187	0.0578219	0.0312158	0.0476766	0.0194854	-0.00600324	0.0403338	0.0705483	0.0551702	0.0318121	0.0143038	0.0643735	-0.0274036	0.0403338	0.0634648	0.0381881	0.0400787	0.0407055	0.0592054	0.0151662	0.071474	0.0258905	0.0163059	0.0300177	0.0311514	0.0318121	0.0403338	0.0128517	0.0414234	0.0266449	0.0490078	0.0212783	0.0346818	0.0295462	0.0403338	0.0426433	0.0059991	0.029421	-0.0159248	0.0232594	-0.048146	0.0642544	0.0761169	0.0226258	0.0645747	0.0868489	0.00799308	0.0351073	-0.0464391	0.0414234	0.0403338	-0.00189242	0.0258905	0.0731851	-0.00600324	0.0641688	-0.0169686	-0.0169686	-0.048146	0.0381881	0.0829542	0.0587141	0.0400787	0.0403338	-0.0135554	0.0600347	-0.00189242	-0.0203346	0.0381881	-0.048146	0.0928328	0.0821678	0.0226258	0.0885512	-0.0337348	0.0173057	0.0295462	0.0032909	0.0579034	0.0403338	0.0879628	0.0151662	0.0583104	-0.000796456	0.0301951	0.0163066	0.00799308	-0.0128916	0.0332814	0.0266449	0.0403338	0.0456135	0.0502769	0.0928328	0.0429443	0.0414234	0.0568238	0.0407055	0.0641912	0.0403338	0.0403338	-0.0303157	0.0260376	0.0621143	0.0403338	0.0283884	-0.0125548	0.0163066	0.0400281	0.0705483	-0.00714059
69000	intercept	0.857803	0.911725	0.822507	0.853246	0.839522	0.851625	0.88658	0.880967	0.903543	0.870955	0.901607	0.873994	0.887558	0.839076	0.900996	0.854766	0.891079	0.870873	0.855289	0.832761	0.844601	0.909197	0.881421	0.84285	0.861267	0.839076	0.863018	0.832761	0.841969	0.841914	0.827496	0.879454	0.887226	0.866422	0.877385	0.851946	0.900866	0.888099	0.89239	0.847591	0.875924	0.844601	0.825737	0.849021	0.841719	0.881506	0.889755	0.847683	0.880279	0.854766	0.870342	0.851574	0.904194	0.864407	0.877385	0.854766	0.854766	0.854766	0.886941	0.900996	0.850401	0.85416	0.884764	0.860749	0.88811	0.854766	0.881203	0.832137	0.849435	0.850246	0.911725	0.886941	0.851574	0.841914	0.833198	0.901768	0.845636	0.857479	0.894121	0.854766	0.841914	0.849073	0.879756	0.886941	0.82786	0.87691	0.82786	0.879339	0.881981	0.841313	0.893543	0.878956	0.849885	0.834044	0.854925	0.901768	0.84285	0.909197	0.858568	0.863018	0.857479	0.853174	0.854766	0.834044	0.855901	0.870873	0.888099	0.858568	0.843214	0.844133	0.903543	0.864159	0.835464	0.854766	0.850151	0.834044	0.873382	0.822801	0.854766	0.860652	0.884455	0.86963	0.825737	0.887226	0.832761	0.839076	0.854766	0.889199	0.900866	0.858568	0.868846	0.847969	0.830563	0.851458	0.909042	0.85382	0.893806	0.849073	0.832761	0.861267	0.847705	0.812702	0.834528	0.846588	0.854766	0.854766	0.876098	0.89239	0.842252	0.855901	0.873051	0.849885	0.825737	0.879498	0.845429	0.863018	0.876936	0.828331	0.824009	0.851675	0.849112	0.909197	0.843629	0.845512	0.862965	0.875605	0.822507	0.878831	0.870873	0.838039	0.854766	0.826462	0.855901	0.834528	0.857479	0.834044	0.839746	0.88811	0.847969	0.854766	0.876936	0.900432	0.852263	0.883408	0.889888	0.878309	0.825737	0.878831	0.847676	0.878479	0.85416	0.909197	0.857479	0.832137	0.845473	0.849021	0.859462	0.881421	0.881203	0.894421	0.845778	0.864159	0.838229	0.894421	0.858568	0.839522	0.855901	0.82786	0.850401	0.854766	0.858568	0.827496	0.889888	0.845688	0.900943	0.844601	0.860749	0.880967	0.827496	0.84285	0.839522	0.854766	0.877385	0.839076	0.925644	0.870873	0.825737	0.839076	0.84285	0.853702	0.900432	0.845688	0.864115	0.869238	0.877385	0.854766	0.839076	0.850401	0.871939	0.881421	0.889199	0.849126	0.856029	0.853702	0.82786	0.853702	0.868791	0.854766	0.822015	0.834528	0.84285	0.82786	0.887139	0.835803	0.849885	0.889888	0.844601	0.900432	0.856091	0.888099	0.871519	0.849073	0.862074	0.859856	0.855289	0.835464	0.853174	0.853706	0.852884	0.870873	0.903543	0.87537	0.861253	0.85589	0.870873	0.855991	0.878831	0.851675	0.898148	0.882219	0.852263	0.842614	0.850246	0.835464	0.870873	0.844112	0.834044	0.835803	0.845473	0.877385	0.832761	0.845429	0.854766	0.825737	0.879431	0.86963	0.868897	0.843629	0.853174	0.858568	0.862261	0.886941	0.861352	0.825532	0.841719	0.875102	0.887617	0.86963	0.850401	0.839076	0.864146	0.91132	0.894421	0.86963	0.853174	0.84285	0.889888	0.855901	0.880967	0.877825	0.854766	0.889888	0.834528	0.844601	0.827043	0.813823	0.851574	0.893543	0.882927	0.889685	0.860798	0.858837	0.850246	0.855289	0.839522	0.89564	0.849073	0.900432	0.854766	0.854766	0.900866	0.880967	0.826462	0.878249	0.839076	0.921131	0.911285	0.889685	0.844601	0.849126	0.879454	0.875102	0.854766	0.921757	0.830563	0.900866	0.878831	0.844601	0.880693	0.839522	0.834903	0.852349	0.861267	0.887226	0.89564	0.834528	0.886941	0.835464	0.854766	0.882219	0.850401	0.812702	0.877385	0.858568	0.864159	0.889199	0.903543	0.900943	0.880967	0.838254	0.85589	0.847199	0.839522	0.866422	0.854766	0.827496	0.873408	0.854092	0.844601	0.844601	0.911725	0.849419	0.834044	0.84285	0.858568	0.909197	0.864159	0.849073	0.868897	0.886941
70000	slope	0.0398953	0.0353944	0.0282247	0.013481	0.0813054	0.0222894	0.0758515	0.106123	0.0344653	0.0764619	0.0263832	0.00385018	0.0222628	0.0103651	0.0345161	0.0262724	-0.00531836	0.0542279	0.0252786	0.0580418	-0.00531836	0.0129835	0.0201678	0.0553282	0.0558127	0.0371491	0.0066267	0.0326599	0.00896149	0.0194783	0.0861185	0.0764619	0.0274183	0.0406468	0.0145944	0.052289	0.052289	0.0306185	0.0941597	0.0206285	0.0336228	0.0384287	0.0585818	0.00385018	0.0443405	0.0383628	0.0753794	0.0290853	0.0229261	0.0714359	0.0714359	0.0539955	0.0406523	0.0294927	0.0275898	0.0419536	0.0389541	0.0310607	0.0477077	0.0389541	0.0560459	0.0394863	0.0481869	0.0435437	0.0236392	0.0222894	0.0582613	0.0394863	0.0229261	0.0769371	0.0631876	0.0211283	0.0542279	0.0348963	0.0334769	0.0764619	0.0218968	0.0758515	0.0370877	0.0262724	0.0813054	0.052289	0.0066267	0.00609391	0.0542279	0.0230061	0.0311939	0.0698055	0.0669685	0.0578124	0.0066267	0.0662859	0.0772993	0.0348963	0.0635273	0.021144	0.0519045	0.0891881	0.0131721	0.0396838	0.0334726	0.0556656	0.052289	0.0420079	0.0383628	0.0895368	0.0714359	0.0861185	0.0222894	0.0587285	-3.43439e-05	0.0230878	0.052289	0.0569841	0.0222894	0.0107422	0.0524514	0.0176212	0.00896149	0.0941597	0.0066267	0.0769371	0.0197599	0.0455207	0.0753794	0.0345161	0.0662859	0.0145944	0.0593892	0.0667972	0.0257436	0.0229261	0.0455207	0.0436045	0.0201029	0.0436021	0.0342522	0.0826524	0.0421651	0.0403338	0.0107422	0.0582613	0.0748937	0.0572334	0.0222628	0.0222628	0.0472436	0.0383506	-0.00405549	0.0635273	0.0196489	0.0788793	0.0328382	0.052289	0.0813054	0.019827	0.0748937	0.0230061	0.0582613	0.0764619	0.052289	0.096023	0.0240124	0.0222894	0.013481	0.0266176	0.0233523	0.0369861	0.0230878	0.0580467	0.0444969	0.0714359	0.0117081	0.0813054	0.0316493	0.0345161	0.0066267	0.0504371	0.031959	0.0103651	-0.00405549	0.013481	0.0580926	0.0542279	0.0388669	0.0642709	0.0383628	0.0635273	0.0384287	0.0226055	0.0983631	0.0213731	0.0758515	0.0140381	0.0586272	0.0918601	0.0229261	0.0758515	0.0183781	0.00896149	0.0222894	0.0452333	0.0066267	0.0167874	0.0714359	0.052289	0.0104702	0.0584514	0.0274183	0.0256786	0.0211283	0.0229261	0.0197282	0.0839429	0.013481	0.00520484	0.0233523	0.019827	0.0389541	0.00954157	0.0331116	0.0176212	0.0396838	0.0758515	0.0100884	0.0582613	0.0758515	0.0117081	0.0582613	0.04945	0.0109121	0.10631	0.0290853	0.0606181	0.103222	0.013481	0.0778946	0.00896149	0.0294148	0.0382469	0.0331116	0.0235359	0.0107422	0.0753794	0.0145944	0.0145944	0.0140381	0.0233523	0.0452333	0.0748937	0.0584514	0.0509738	0.0395642	0.0222894	0.0569841	0.0323059	0.00896149	0.0764619	0.052289	0.0176212	0.0236392	0.059175	0.050351	0.0450241	0.0983631	0.052289	0.0368975	0.0275898	0.013481	0.0398953	0.0662859	0.00389773	0.0197599	0.0582613	0.0455207	-0.00621128	0.052289	0.111302	0.0396838	0.0891881	0.103222	0.059175	0.0122486	0.0983631	0.00609391	0.0345161	0.052289	0.0748937	0.0714359	0.0590766	0.00389773	0.07498	0.0197599	0.013481	0.00763996	0.052289	-0.00405549	0.0679679	0.0552971	0.0294148	0.056919	0.0714359	0.0778946	0.0758515	0.0398953	0.0398953	0.0941597	0.0294148	0.0813054	0.0753794	0.00389773	0.0884876	0.0449173	0.0206285	0.00385018	0.051536	0.098333	0.0222894	0.0394863	0.0813054	0.0647161	0.0891881	0.0229261	0.0769371	0.0584514	0.0406523	0.052289	0.0861185	0.0117081	0.0504071	0.0113265	-0.000551977	0.0866717	0.0256786	0.0222894	0.0584514	0.00609391	0.0274183	0.0435126	0.0653711	0.0582613	0.0294927	0.0941597	0.0275898	0.0861185	0.0145944	0.00896149	0.0383628	0.0714359	0.0275898	0.052289	0.0290853	0.0662859	0.0197282	0.0455207	0.0642861	0.0419978	0.0861185	0.0145944	0.0257436	0.0941597	0.00385018	0.098333	0.0403338	0.081021	0.0382469	0.0230061	0.0748937	0.0510351	0.0748937	0.103222	0.00609391	0.0403338	0.0305824	0.0542279	-0.000551977	0.103222	0.0587622	0.0389541	0.0487498	0.0510351	0.0519904	0.0176212	0.0748937	0.0273828	0.050351	0.0274183	0.0197282	0.0286059	0.0406523	0.0117081	0.0647161	0.0894361	0.0349741	0.0778946	0.0184253	0.0489161	0.0441758	0.00609391	0.0647161
70000	intercept	0.865808	0.879721	0.844452	0.858333	0.846069	0.865496	0.841449	0.830771	0.879064	0.866736	0.87978	0.893639	0.858986	0.888448	0.890984	0.88205	0.863932	0.872609	0.893895	0.869052	0.863932	0.891041	0.869114	0.869548	0.846729	0.868765	0.881963	0.863363	0.879874	0.885966	0.832725	0.854761	0.854728	0.876363	0.871199	0.874542	0.874542	0.880529	0.826812	0.861212	0.875507	0.870274	0.873867	0.893639	0.875507	0.89887	0.885945	0.868765	0.862618	0.854761	0.849528	0.862088	0.869477	0.844638	0.869477	0.865212	0.865701	0.86434	0.858849	0.865701	0.886105	0.879721	0.845805	0.876445	0.864155	0.855997	0.865436	0.879721	0.862618	0.847996	0.874158	0.869477	0.872609	0.863363	0.881148	0.854761	0.86434	0.841449	0.864322	0.88205	0.849871	0.874542	0.888448	0.880447	0.872609	0.885569	0.884251	0.845006	0.873735	0.876025	0.888448	0.861612	0.856191	0.863363	0.84538	0.843616	0.868788	0.82955	0.879233	0.866667	0.845805	0.857721	0.874542	0.863808	0.89887	0.854761	0.854761	0.845082	0.865496	0.856278	0.861583	0.849322	0.875414	0.863808	0.865496	0.891041	0.869052	0.88205	0.897959	0.824269	0.881205	0.848105	0.880426	0.861451	0.885945	0.890984	0.861612	0.871199	0.849555	0.860306	0.883343	0.862618	0.861451	0.840012	0.866944	0.867684	0.883937	0.83547	0.860174	0.875507	0.891041	0.865436	0.828368	0.85422	0.858986	0.868765	0.874358	0.861569	0.886383	0.84538	0.86323	0.83547	0.855618	0.874542	0.846069	0.867094	0.854761	0.873786	0.865436	0.853852	0.874542	0.856562	0.874807	0.855997	0.858874	0.851294	0.86581	0.874239	0.849322	0.872609	0.879721	0.854761	0.866944	0.846069	0.884753	0.890984	0.881963	0.863363	0.861119	0.888448	0.886383	0.858333	0.858478	0.872609	0.860082	0.851433	0.883937	0.84538	0.870274	0.87274	0.835747	0.862618	0.846069	0.844369	0.871448	0.846328	0.862618	0.846069	0.885569	0.897431	0.865515	0.863018	0.881963	0.873613	0.861328	0.874542	0.863932	0.879442	0.854728	0.858433	0.869477	0.847202	0.840721	0.858258	0.858874	0.839264	0.86581	0.867094	0.851294	0.891041	0.879064	0.88205	0.866667	0.846069	0.844126	0.865436	0.841449	0.866944	0.865436	0.883343	0.891807	0.827252	0.868765	0.857292	0.827252	0.858333	0.851671	0.885966	0.876001	0.874403	0.879064	0.846579	0.868632	0.885945	0.871199	0.871199	0.841974	0.875436	0.863018	0.828368	0.879442	0.863808	0.875507	0.865496	0.863808	0.835023	0.885966	0.866736	0.874542	0.88558	0.864155	0.853712	0.85995	0.855869	0.835747	0.874542	0.890946	0.869477	0.858333	0.863306	0.861612	0.904307	0.880426	0.865436	0.862692	0.881963	0.875414	0.842705	0.866667	0.835747	0.827252	0.853712	0.84752	0.835747	0.880447	0.890984	0.874542	0.867039	0.831324	0.875507	0.904307	0.82955	0.880426	0.858874	0.839264	0.875414	0.886383	0.848326	0.882804	0.876001	0.809564	0.854761	0.851671	0.846069	0.865808	0.863306	0.824269	0.876001	0.846069	0.885945	0.914133	0.840693	0.862318	0.861212	0.893639	0.86881	0.858424	0.874295	0.879721	0.846069	0.829134	0.82955	0.862618	0.848105	0.874173	0.869477	0.874542	0.835747	0.866944	0.872378	0.871052	0.888448	0.861612	0.858433	0.855997	0.874173	0.863932	0.854728	0.874542	0.820954	0.865436	0.844638	0.824269	0.869477	0.835747	0.855975	0.885966	0.883937	0.854761	0.859516	0.874542	0.85965	0.861612	0.869272	0.862692	0.858849	0.855108	0.815282	0.871199	0.883343	0.811405	0.893639	0.858424	0.875507	0.865608	0.873058	0.885569	0.828368	0.874542	0.828368	0.827252	0.863932	0.875507	0.861212	0.872609	0.888448	0.827252	0.846729	0.851294	0.856278	0.874542	0.86592	0.88558	0.828368	0.861212	0.880939	0.854728	0.834455	0.848385	0.869477	0.853022	0.829134	0.828508	0.859234	0.851671	0.895143	0.86592	0.862692	0.852902	0.829134
71000	slope	0.0236051	0.0477077	0.020444	0.0214134	0.0485209	0.0134804	0.0586118	0.0550762	0.0667244	0.0651129	0.00626825	0.0389205	0.0277148	0.0269589	0.0581213	0.00156055	0.0389205	0.00574886	0.058831	-0.00158393	0.0196846	0.0454783	0.0475095	0.030726	0.0375924	0.0475935	0.0586118	0.071631	0.0677136	0.0495812	0.0651783	0.0482303	0.0832269	0.0550954	0.0389205	0.0236051	0.0208817	0.0363037	0.00655086	0.0636165	0.0454783	0.0587335	0.0426966	0.0269589	0.0636377	0.0382996	0.0134804	0.0572486	0.0556139	0.0708285	0.0521489	0.0484768	0.0389205	0.0531605	0.0477077	0.0511907	0.0225554	0.0454783	0.135758	0.0326851	0.0421859	0.0277148	0.0520555	0.0512343	-0.000424543	0.0473977	0.0636377	0.044913	0.044913	0.0271436	0.071631	0.0436139	0.0424792	0.0318577	0.064017	0.049068	0.0148889	0.0467868	0.044266	0.132538	0.13435	0.0376762	0.0526161	0.00769172	0.0511306	0.0375955	0.0533104	0.0348652	-0.000424543	0.113239	0.0243209	0.0429426	0.0452152	0.03477	0.0227068	0.0586118	0.0362304	0.0401964	0.0302105	-0.00701899	0.0521489	0.0271436	0.0436091	0.0693246	0.0454783	0.0228644	0.0832269	0.0477077	0.0423517	-0.0181964	0.0177395	0.0556727	0.0533104	0.0630462	0.057436	0.0272734	0.0433619	0.0832269	0.104266	0.0636165	0.0252935	0.0420174	0.0636377	0.00156055	0.0269765	0.0600998	0.044913	0.0873264	0.104266	0.0440629	0.047969	0.0252935	0.0326851	0.0128887	0.0262835	0.0326851	0.0101244	0.0424792	-0.000424543	0.0253923	0.0394635	0.0436091	0.0394748	0.0236051	0.0506183	0.0558319	0.00184205	-0.000424543	0.0145577	0.0550762	0.058589	0.00954321	0.0521547	0.0299573	0.0389205	0.0586118	0.0143334	0.0503208	0.0271734	0.0468625	0.0477077	0.030726	0.0164254	0.0339002	0.0269589	0.0477077	0.0526952	0.0392169	0.056052	0.0873264	0.0101244	0.0299573	0.0511306	0.0592625	0.071329	0.0556727	0.0638651	0.0492241	0.0484659	0.0494586	0.0346308	0.0319415	0.0514376	0.0368919	-0.0181964	0.0227068	0.0282495	0.0636377	0.0592625	0.000959035	0.0490484	0.104266	0.038975	0.0636165	0.0434649	0.0431782	0.000959035	0.0529632	0.030726	0.00880542	0.0533104	0.0389205	0.00156055	0.0580103	0.0313233	0.0914776	0.0143334	0.044913	0.104266	-0.0181964	0.0313233	0.0348652	0.0492241	0.0556727	0.0424792	0.0533104	0.0555481	0.0389205	0.0376677	-0.000424543	0.0491617	0.0645093	0.0389205	0.0227068	0.0214134	0.0389205	0.00156055	0.00184205	0.00111886	0.0454783	0.071329	0.00184205	0.00954321	0.044913	0.0733289	0.0352925	0.0658701	0.0112669	0.0572486	0.0454783	0.0484768	0.0636377	0.0636165	0.0278472	0.0586118	0.0550762	0.0272734	0.0636377	0.0556727	0.0631022	0.0583535	0.0484768	0.05175	0.0482303	0.00184205	0.0609627	0.0228644	0.0270962	0.0511306	0.0419639	0.0526952	0.0468625	0.0455901	0.0143334	0.0375955	0.0606849	0.0656219	0.0348652	0.056691	0.0299878	0.00184205	0.0227068	0.030726	0.0484768	0.0112669	0.0492241	0.0468625	0.0227068	0.0454783	0.0356807	0.030726	0.0506183	0.0477077	0.030726	0.0468625	0.0484413	0.007275	0.0550762	0.0421859	0.0482303	0.0457834	0.0473977	0.0389205	-0.000424543	0.0128887	0.0454783	0.0455901	0.0572486	0.0520446	0.0112669	0.128155	0.0610743	0.0832269	0.0526161	0.0389205	0.0382615	0.0348652	0.0511306	0.0389205	0.009256	0.071329	0.0482303	0.0454783	0.0498766	-0.0181964	0.0526161	0.00104894	0.0636377	0.00428108	0.0586118	0.0586118	0.0586118	0.0454783	0.0492241	0.057291	0.0272734	0.0533104	0.00769172	0.0423517	0.0143334	0.057291	0.0556727	0.113239	0.0581213	0.0636377	0.044913	0.030726	0.0730342	0.0439688	-0.0189522	0.0645093	0.0468625	0.0526161	0.0477077	0.0484768	0.071329	0.0492241	0.0452152	0.0526161	0.044913	0.0586118	0.00156055	0.0580103	0.0436139	-0.0181964	0.0389205	0.0484768	0.0454783	0.0914776	0.0468625	0.0511306	0.023385	0.0484768	0.0377628	0.0256869	0.00954321	0.0273434	0.0586118	0.0123024	0.0511306	0.0348652	0.0526952	0.0389205	0.135758	0.0302105	0.0278472	0.0556727	0.0318577	0.0134804	-0.00554764	0.00104894	0.0454783	0.00104894	0.0477077	0.0586118	0.0389205	0.0600998	0.0326851	0.0101244	0.104266	0.0368919	0.0873264	0.0477077	0.0636377	0.0143334	0.0651783	0.0358692	-0.000424543	0.0129611	0.0514376
71000	intercept	0.851981	0.888995	0.882973	0.858692	0.859055	0.854281	0.842508	0.855574	0.85547	0.83628	0.879501	0.860535	0.849399	0.886245	0.857574	0.899815	0.879286	0.899815	0.83628	0.899815	0.880848	0.856657	0.844502	0.887006	0.852635	0.848574	0.857574	0.866219	0.861301	0.847918	0.87948	0.851786	0.849528	0.849708	0.860535	0.853518	0.886245	0.848322	0.845764	0.844502	0.865342	0.86817	0.845204	0.886245	0.847675	0.874309	0.854281	0.849969	0.849546	0.854699	0.856071	0.86343	0.859519	0.866529	0.888995	0.849041	0.880592	0.865342	0.788217	0.881689	0.850509	0.841736	0.84476	0.861088	0.899801	0.845652	0.861301	0.86822	0.86822	0.859865	0.866219	0.877405	0.855177	0.845812	0.861301	0.871195	0.886295	0.86343	0.860059	0.808173	0.808173	0.854447	0.841518	0.861955	0.831532	0.850007	0.839515	0.865717	0.888005	0.824911	0.859047	0.851813	0.853923	0.860158	0.88795	0.842508	0.865456	0.885342	0.861759	0.871751	0.856071	0.867563	0.841518	0.857574	0.865342	0.854909	0.849528	0.888995	0.898287	0.866028	0.87272	0.86242	0.839515	0.86135	0.861195	0.86513	0.874626	0.849528	0.808173	0.844502	0.857103	0.885587	0.861301	0.886143	0.86526	0.856205	0.86822	0.820417	0.808173	0.839515	0.868287	0.834203	0.881689	0.853815	0.854097	0.881689	0.839002	0.855177	0.888005	0.877336	0.855574	0.841518	0.874838	0.853518	0.869254	0.830646	0.868172	0.888005	0.865923	0.855574	0.869783	0.904264	0.850811	0.862563	0.860535	0.860426	0.843973	0.888995	0.862145	0.839552	0.884787	0.849208	0.888416	0.873609	0.886245	0.884787	0.857574	0.869153	0.856435	0.844508	0.839002	0.862563	0.831532	0.855574	0.86702	0.871642	0.849652	0.86817	0.879943	0.857574	0.863771	0.853	0.86817	0.859671	0.866028	0.898287	0.869682	0.861301	0.856782	0.910654	0.85032	0.819066	0.845717	0.844502	0.839532	0.879745	0.910654	0.840516	0.853518	0.868368	0.839515	0.860535	0.90304	0.863824	0.859741	0.823854	0.843973	0.86822	0.808173	0.866028	0.86365	0.865717	0.86817	0.86242	0.855177	0.840936	0.884787	0.866269	0.86513	0.888005	0.86343	0.836773	0.860535	0.88795	0.858692	0.860535	0.899815	0.868172	0.866717	0.844502	0.860933	0.866717	0.904264	0.86822	0.806831	0.887785	0.860933	0.87614	0.857532	0.822795	0.86343	0.861301	0.844502	0.854381	0.854796	0.855574	0.86513	0.861301	0.86242	0.839515	0.816068	0.86343	0.843847	0.851786	0.866717	0.885587	0.854909	0.845478	0.831532	0.839552	0.862903	0.839552	0.86343	0.846933	0.850007	0.865736	0.857574	0.867111	0.846723	0.879264	0.868172	0.88795	0.887006	0.872576	0.898624	0.86817	0.839552	0.88795	0.865342	0.862548	0.853518	0.869254	0.888995	0.853518	0.839552	0.850509	0.871195	0.855574	0.850509	0.851786	0.886305	0.845652	0.860535	0.888005	0.853815	0.844502	0.86343	0.82256	0.858915	0.87614	0.824591	0.858676	0.849528	0.841518	0.860535	0.887325	0.865717	0.816646	0.860535	0.888416	0.860933	0.851786	0.865342	0.849528	0.866028	0.841518	0.839002	0.857409	0.881242	0.854796	0.844576	0.842508	0.844502	0.86817	0.857574	0.86513	0.839515	0.861955	0.898287	0.843973	0.857574	0.86242	0.824911	0.857574	0.861301	0.86822	0.887006	0.861301	0.839532	0.866028	0.836773	0.839552	0.841518	0.888995	0.86343	0.860933	0.86817	0.853923	0.841518	0.86822	0.857574	0.893985	0.863824	0.877405	0.866028	0.866269	0.86343	0.865342	0.823854	0.839552	0.831532	0.854447	0.86343	0.866003	0.832559	0.904264	0.832559	0.864971	0.87614	0.831532	0.867611	0.862903	0.860535	0.818522	0.859047	0.854381	0.86242	0.845812	0.854281	0.895172	0.839002	0.865342	0.839002	0.888995	0.840667	0.860535	0.852573	0.891457	0.837665	0.808173	0.859671	0.820417	0.888995	0.861301	0.843973	0.87948	0.852387	0.874712	0.870996	0.86817
72000	slope	0.0346956	-0.0145199	0.0419038	0.0911963	0.0179842	0.0696863	0.0756887	0.0014249	0.0687097	0.00467368	0.0890163	0.0687097	0.0433518	0.0671348	0.0494252	0.0439533	0.0651003	0.00151601	0.075846	0.0664349	0.0526781	0.0801566	0.0477179	0.0235009	0.0704439	0.0161389	0.0532112	-0.00463794	0.0450316	0.0437716	0.0159054	0.0315632	0.00108417	0.0433518	0.0651003	0.0717268	0.00218492	0.0660755	0.00368239	0.0225133	0.0651716	0.045406	0.0361949	0.0315632	0.05297	0.0330516	-0.0247091	0.0687097	0.0687097	0.0331859	0.014319	0.0582501	0.0447928	0.0167179	0.0477179	0.0453696	0.0447928	0.035466	0.0403695	0.0315632	0.0546689	0.0361949	0.0901126	0.02373	0.0749818	0.0880853	0.0666884	0.020849	0.0365421	0.0339771	0.0651003	0.0225133	0.0671348	0.0330516	0.0582501	0.0493616	0.0507576	0.0330516	0.0755161	0.075886	0.0638032	0.0650987	-0.0188986	-0.00621843	0.0582501	0.0865553	0.0554911	0.0435971	0.0179842	0.0696863	0.0605292	0.0453696	0.0108689	0.0357072	0.0315632	0.0161389	-0.00317757	0.0365421	0.0281222	0.00368239	0.0221058	0.076014	0.0890458	0.0281443	0.0447928	0.0430975	0.0582501	-0.0057365	0.0397939	0.0687097	0.0687097	0.014615	0.0755161	0.00368239	0.0412226	0.0860919	0.0545077	0.0794948	0.05297	0.05297	0.0617364	0.0629364	0.0687097	0.0447928	0.0313504	0.0232836	0.0605292	0.0365421	0.075886	0.0650987	0.0537971	0.0167179	0.0592489	0.0687097	0.033204	0.035711	0.0599957	0.05297	0.0320391	-0.00909701	0.0291513	0.0922445	0.0419038	0.03829	0.0433518	0.0792714	0.0343784	-0.00317757	0.0225133	0.0525762	0.020077	0.0738689	0.0280254	0.0281214	0.0711674	0.0440543	0.0801361	0.0141016	0.0537971	0.0480589	0.00915301	0.0717268	0.051186	0.0302847	0.0592489	0.0592489	0.0546689	0.0302847	0.079298	0.0284299	0.0403695	0.0433518	0.0354039	0.03272	0.0447928	0.0433518	0.0801361	0.0260897	0.00915301	0.0179842	0.0582501	0.0541808	0.069366	0.0376341	0.0433518	0.0380384	0.0161389	0.0763314	0.0510472	0.0445825	0.0706359	0.0537971	0.0711801	0.0696863	0.0346956	0.0898331	0.02373	0.0635352	0.0528943	0.0629364	0.0365237	0.035466	0.0403695	0.05297	0.051624	0.0108689	0.00915301	0.0447928	0.0331859	0.0361949	0.00368239	0.0582501	0.0616036	0.035711	0.0801361	0.0722835	0.0315632	0.0704439	0.0519492	0.0660755	0.0461493	0.05297	0.0554408	0.0544233	0.05297	0.0865553	0.02373	-0.00909701	0.0472157	0.0865553	0.0537971	0.0717268	0.0546689	0.00368239	0.00368239	0.0161389	0.00368239	0.0346956	0.0755161	-0.00909701	0.0339771	0.03272	0.0330516	0.0447928	0.0447928	0.0517208	0.0167179	0.0490124	0.0419038	0.0814953	0.00368239	0.0516743	0.0769452	0.0582501	0.0461945	-0.00317757	0.0676445	0.0439533	0.0545183	0.0406082	0.0412226	0.0801566	0.0365421	0.0159054	0.0123923	0.0307279	0.0790449	0.0315632	0.0442366	0.0365237	0.00915301	0.0755161	0.035466	-0.0247091	0.0330516	0.075886	0.0880853	0.0141016	0.0433518	0.0302847	0.035466	0.0687097	-0.00909701	0.0595885	0.0711801	0.0440937	0.03272	0.0687097	0.0635352	0.0419038	0.0159054	-0.0135526	0.0447928	0.0477179	-0.0135526	0.0546689	0.0225133	0.0635352	0.0376032	0.0199498	0.0546689	0.0263424	0.0687097	0.044636	0.0430975	0.0265058	0.02373	0.0343784	-0.00909701	0.0463487	0.05297	0.035711	0.0330516	0.0717268	0.035466	0.044636	-0.00317757	0.0537971	0.0651003	0.0672556	0.0801566	0.0205076	0.0755161	0.0517208	0.0687097	0.0442619	0.0622507	0.0108689	0.0161389	0.0494252	0.0687097	0.0463487	0.0351044	0.0476423	0.03272	0.0554408	-0.0135526	0.0457113	0.0315632	0.0412454	0.0461493	0.0339771	0.0357072	0.0447928	-0.00909701	0.0651003	0.00108417	0.0304068	0.0617364	-0.00909701	0.0769452	0.075846	0.0599957	0.0215364	0.0179842	-0.00909701	0.0510472	0.0650987	0.05297	0.0331859	0.0440543	0.0159054	0.0108689	0.0159054	0.0680427	0.0430975	0.00915301	0.0430975	0.0159054	0.0803602	0.0330516	0.0592489	0.0361949	0.0801566	0.0651003	0.0650987	0.0447928	0.0592489	0.0430975	0.0578518	-0.00909701	0.0832671	0.0671348	0.0874159	-0.00210173	0.03829	0.0651003	0.0687097	0.03272	0.035466	0.0687097	0.0691005	0.0613045	0.05297	0.0447928	0.076014	0.0617364	0.0480589	0.00915301	0.0564831
72000	intercept	0.883983	0.865872	0.878858	0.890276	0.874018	0.86218	0.835639	0.861673	0.835639	0.902851	0.859177	0.840323	0.863087	0.865928	0.859762	0.857587	0.865928	0.878722	0.853515	0.847852	0.852772	0.846607	0.86667	0.892832	0.859202	0.874018	0.859811	0.86539	0.857467	0.871557	0.86294	0.874018	0.862875	0.829933	0.865928	0.835639	0.874018	0.86218	0.892832	0.875634	0.867258	0.862778	0.880072	0.84437	0.865173	0.855567	0.914161	0.851035	0.842569	0.88119	0.87689	0.887631	0.87638	0.871705	0.86667	0.868042	0.854104	0.867938	0.866548	0.851282	0.84934	0.880072	0.840916	0.892506	0.865928	0.877914	0.852088	0.856277	0.868178	0.868702	0.865928	0.875634	0.859699	0.837769	0.870698	0.855433	0.860664	0.837769	0.847634	0.833895	0.865928	0.835639	0.896008	0.896008	0.882186	0.828373	0.857786	0.84934	0.874018	0.86218	0.873778	0.868042	0.856277	0.868546	0.84437	0.874018	0.894806	0.854104	0.869701	0.892832	0.862875	0.846607	0.870723	0.853572	0.851574	0.901441	0.884361	0.896008	0.869708	0.842569	0.840323	0.867405	0.867867	0.892832	0.892833	0.861526	0.84088	0.859177	0.873778	0.872408	0.842458	0.848907	0.840323	0.858693	0.870015	0.892506	0.873778	0.868178	0.84326	0.835639	0.851035	0.885135	0.850369	0.835639	0.854104	0.885665	0.814766	0.873778	0.866844	0.881955	0.867294	0.848188	0.878858	0.860133	0.829933	0.840619	0.869537	0.894806	0.875634	0.865059	0.874018	0.865928	0.85882	0.844526	0.835639	0.861526	0.868221	0.860792	0.851035	0.83474	0.860792	0.835639	0.87638	0.833005	0.864533	0.850369	0.84934	0.832736	0.836923	0.854575	0.863685	0.863087	0.856121	0.885946	0.877656	0.853257	0.86218	0.837769	0.860792	0.874018	0.870698	0.865928	0.836306	0.873715	0.845853	0.875432	0.874018	0.848909	0.854659	0.867594	0.865928	0.851035	0.829895	0.86218	0.883983	0.875401	0.892506	0.84326	0.889706	0.861526	0.874018	0.867938	0.863685	0.865173	0.852709	0.856277	0.860792	0.87638	0.88119	0.880072	0.892832	0.884361	0.865398	0.885665	0.86218	0.86218	0.874018	0.865928	0.872314	0.86218	0.854104	0.854659	0.858464	0.861526	0.854659	0.827095	0.892506	0.885215	0.861051	0.828373	0.851035	0.835639	0.84934	0.892832	0.892832	0.873676	0.892414	0.883983	0.867867	0.885215	0.852709	0.891268	0.855567	0.861207	0.854104	0.848158	0.888814	0.872301	0.878858	0.86218	0.892832	0.852709	0.859177	0.870698	0.868546	0.894806	0.846993	0.857587	0.852709	0.852709	0.892833	0.846607	0.862416	0.86294	0.860792	0.865132	0.86218	0.850993	0.877352	0.874018	0.860792	0.867867	0.867938	0.892832	0.837769	0.84326	0.877914	0.860792	0.845853	0.832736	0.867938	0.840323	0.885215	0.889196	0.829895	0.847512	0.885946	0.835639	0.862904	0.878858	0.86294	0.837188	0.852104	0.86667	0.837188	0.84934	0.875634	0.84326	0.892833	0.874018	0.8509	0.863685	0.851035	0.852709	0.901441	0.870015	0.892506	0.869537	0.885215	0.855375	0.8595	0.885665	0.841199	0.835639	0.867938	0.852709	0.898177	0.851035	0.865928	0.849533	0.846607	0.864716	0.847634	0.848158	0.855103	0.868042	0.861839	0.864444	0.873676	0.859762	0.840592	0.855375	0.892833	0.881568	0.891268	0.858464	0.837188	0.868042	0.851282	0.81526	0.854104	0.852896	0.868546	0.861207	0.881955	0.865928	0.862875	0.864716	0.842458	0.881955	0.859177	0.853515	0.814766	0.860792	0.874018	0.885215	0.854659	0.835639	0.873778	0.88119	0.861526	0.86294	0.856277	0.86294	0.870699	0.901441	0.860792	0.881866	0.86294	0.852709	0.855567	0.864533	0.880072	0.829552	0.865928	0.835639	0.870986	0.864533	0.881866	0.878795	0.885215	0.835404	0.865928	0.838539	0.882785	0.86659	0.865928	0.851035	0.87883	0.86945	0.840323	0.859177	0.868859	0.872408	0.881231	0.846607	0.842458	0.83474	0.860792	0.865928
73000	slope	0.0401828	0.0243822	0.0401023	0.0940916	0.0579819	0.0742077	-0.0138798	1.22436e-05	0.0715364	0.0805747	0.0905953	0.00784274	0.054934	0.100347	0.0664466	0.0659747	0.045048	0.0213112	-0.00480225	0.0389131	0.039619	0.0505622	0.0280055	0.0405278	0.0831724	0.0291583	0.0143156	0.0424826	-0.00137735	0.0783465	0.0715364	0.0715364	0.0270345	0.0371079	0.0163629	0.0206574	0.058028	0.0879738	0.0494405	0.0161002	0.0742077	0.0274166	0.0810872	0.072144	0.0715364	0.0420515	0.0146465	0.0257935	0.0742077	0.0351544	0.0664466	0.0512609	0.0728147	0.058028	0.0306603	0.0372486	0.0450887	0.0639537	0.0435555	0.0761914	0.03112	0.0170614	0.0593745	0.0659747	0.013463	0.025575	0.0715277	0.0292536	0.037923	0.0609838	0.033404	0.0799807	0.0908892	0.0046373	0.0477598	0.063104	0.0533258	0.0351544	0.0372186	0.0398621	0.00871114	0.0169444	0.0353381	0.0850374	0.0879738	0.0429569	0.0715364	0.0705109	0.015546	0.0170614	0.0349978	0.0799317	-0.0236574	0.0122057	0.0243822	0.0792551	-0.0214692	0.0800239	0.0615585	0.072144	0.0477598	-0.000371641	0.0175192	0.0809882	0.0715277	0.0733356	0.0484985	-0.0214692	0.0306979	0.0390611	-0.00480225	0.0554319	0.0217126	0.0560998	0.0448277	0.109427	0.0690631	-0.00480225	0.0742077	0.0783465	0.0602184	0.0810872	0.0567235	0.0553421	0.0410105	0.0705584	0.0805747	0.0728012	0.0361159	0.0805747	0.0365916	0.0715364	0.0724625	0.0398621	0.0309014	0.0125883	0.0367806	0.0847649	0.0574691	0.0306603	0.0498964	0.0118652	-0.00140483	0.0163629	0.016796	-0.0131955	0.0514417	0.0046373	0.0355121	0.0298432	0.0544444	0.033404	0.034492	0.0925856	0.0757802	0.0306979	0.0658983	0.0556042	0.0783465	0.0619684	0.0454832	0.0715277	0.0905953	0.0715364	-0.0224559	0.0567235	0.0046373	0.0879738	0.063104	0.0602335	0.0742077	-0.0446551	0.0858707	-0.00140483	0.0158032	0.0192826	0.0715364	0.0169444	0.025575	0.033404	0.0819133	0.0705109	0.0713275	0.0664466	0.0285943	0.0188271	0.0744287	0.0705109	0.0477598	0.0119621	0.013463	0.0715364	0.0481934	0.0274166	0.0476189	0.0184776	0.0351544	0.054185	0.0361159	0.0533258	0.0192826	0.013463	0.0940916	0.0221668	0.0379467	0.0715364	0.0254501	0.0410105	0.0588686	0.0715364	0.0285943	0.0738365	0.0275416	-0.0114763	0.0737916	0.100526	0.0163629	0.0514417	-0.00531186	0.0316394	0.0770452	0.039619	0.0160689	0.000446264	0.0192826	0.0401828	0.0699272	-0.0134063	0.0316394	0.0410105	0.0800239	0.0923488	0.00890055	0.0377331	0.0715277	-0.00480225	0.0306603	0.0189978	-0.0155877	0.00611038	0.100526	0.0170614	0.058995	0.0188271	0.0403744	0.0810872	0.0306979	0.0995655	-0.0224559	0.10403	0.0810872	0.0692376	0.0306979	0.10403	0.0192826	0.0274166	0.039619	0.0238296	0.078629	0.0393966	0.0805747	0.000446264	0.0783465	0.0328765	0.109427	0.0671117	-0.00140483	0.0940916	0.0805747	0.013463	0.0345738	-0.0214692	0.0715364	0.013463	0.0805747	0.0512239	0.0869989	0.0448482	0.0944434	0.0871095	0.0401828	0.0262824	0.0850374	0.0429569	0.037923	0.0401828	-0.00137735	0.0567235	0.0783465	0.0377331	0.063104	0.0170614	0.0248024	0.0574296	0.0361159	0.0771736	0.0871095	0.0783465	0.03112	0.103819	0.0814216	-0.0259707	0.0046373	0.0351544	0.0274166	0.0188271	0.0512239	0.0595591	-0.00140483	0.0398621	0.0185671	0.0192826	0.0974888	0.0715364	0.0125883	0.0715277	0.013463	0.058028	0.0306979	0.013463	0.0716842	0.0905953	0.0306979	0.0595591	0.0345738	0.013463	0.0206574	0.0238296	0.0243822	0.0783465	0.0715277	0.0783465	0.0450221	0.0294509	0.033404	-0.00480225	0.0309014	0.0206574	0.0351544	0.027331	0.0046373	0.0306603	0.0742077	0.0810872	0.0690032	0.0800239	0.0810872	0.0206574	0.0393966	0.0903472	0.058028	0.0192826	0.0436281	0.0243822	0.0401828	-7.60212e-05	0.0266612	0.0805747	0.0046373	0.0158032	0.0188271	-0.00137735	0.0143156	0.037923	-0.0224559	-0.0134063	0.0704641	-0.0224559	0.0699272	0.0715277	0.00293174	0.0749399	0.100754	0.0509582	-0.0155877	0.0309014	0.0602335	0.0783465	0.0169444	0.0871095	0.0477598	0.07262	0.0206574	0.0274166	-0.0214692	0.0345738	0.0810872	0.0986536	0.0287149	0.063104	0.0158032	0.100526	-0.00140483	0.0574296	0.0410105	0.0592097	0.0365916	0.063104	-0.00140483	0.0783465
73000	intercept	0.861845	0.85081	0.869563	0.829068	0.83659	0.868442	0.889163	0.869877	0.839449	0.837444	0.81578	0.847842	0.839766	0.801343	0.833844	0.858553	0.894753	0.861689	0.90098	0.855848	0.867341	0.860913	0.870197	0.869563	0.830643	0.843768	0.832196	0.884411	0.865018	0.831207	0.839449	0.843601	0.834058	0.861473	0.875989	0.88372	0.837966	0.869651	0.832415	0.853383	0.885809	0.871481	0.831641	0.833129	0.839449	0.831547	0.878619	0.870391	0.868442	0.858334	0.833844	0.879134	0.852511	0.837966	0.853383	0.851512	0.821852	0.86433	0.869563	0.839449	0.855565	0.865018	0.859529	0.858553	0.885603	0.88237	0.847385	0.88051	0.865767	0.871536	0.909241	0.85711	0.852511	0.894246	0.885943	0.842538	0.890575	0.853478	0.857595	0.859592	0.883126	0.845197	0.909241	0.835126	0.846427	0.845627	0.839449	0.816745	0.865018	0.865018	0.88274	0.837444	0.913572	0.885603	0.85081	0.842988	0.884961	0.852131	0.847583	0.833129	0.885943	0.849546	0.815236	0.846427	0.833844	0.868667	0.862107	0.885488	0.868076	0.889726	0.90098	0.861441	0.845197	0.852908	0.834272	0.83433	0.816918	0.904895	0.857129	0.831207	0.848518	0.831207	0.861491	0.855159	0.824143	0.846091	0.837444	0.839449	0.895225	0.837444	0.85624	0.839449	0.856894	0.859592	0.8595	0.877088	0.862927	0.82643	0.843723	0.853383	0.836702	0.890735	0.889163	0.866318	0.869253	0.889163	0.831547	0.903369	0.85624	0.886862	0.865622	0.909241	0.864252	0.852131	0.842955	0.871644	0.869325	0.873653	0.831207	0.832518	0.881628	0.833844	0.807604	0.839449	0.853896	0.861491	0.903369	0.836349	0.836939	0.868442	0.868442	0.922028	0.830643	0.889163	0.875791	0.880185	0.839449	0.845197	0.88237	0.868586	0.834986	0.840323	0.835947	0.833844	0.871338	0.876263	0.84449	0.837966	0.885943	0.885123	0.885603	0.839449	0.853175	0.871481	0.86199	0.888811	0.855848	0.872591	0.891962	0.890575	0.869817	0.885603	0.829068	0.865767	0.857828	0.836466	0.85624	0.824143	0.837966	0.836566	0.866465	0.861514	0.889803	0.890728	0.840833	0.849607	0.875989	0.831547	0.885123	0.867825	0.840128	0.867341	0.896215	0.869877	0.869817	0.873234	0.851491	0.876792	0.878248	0.824143	0.852131	0.864297	0.903369	0.893618	0.833844	0.90098	0.853383	0.834058	0.889163	0.84449	0.849607	0.865018	0.844714	0.876263	0.886329	0.831207	0.871644	0.811815	0.853896	0.846427	0.831207	0.825789	0.855565	0.846427	0.869817	0.871481	0.867341	0.88051	0.837966	0.823116	0.837444	0.869877	0.823303	0.832196	0.83433	0.836466	0.889163	0.829068	0.826304	0.865755	0.852714	0.885488	0.839449	0.885603	0.843508	0.855321	0.846427	0.856894	0.81578	0.834986	0.861845	0.865687	0.837444	0.845627	0.865767	0.861143	0.865018	0.861491	0.831207	0.889803	0.842538	0.865018	0.886329	0.825789	0.891962	0.868442	0.867027	0.831207	0.855565	0.801343	0.824276	0.889163	0.903369	0.857475	0.871481	0.876263	0.855321	0.833884	0.889163	0.859592	0.879487	0.869817	0.841165	0.839449	0.877088	0.830469	0.885603	0.837966	0.868076	0.885603	0.82643	0.81578	0.86737	0.833884	0.852714	0.885603	0.892472	0.88051	0.85081	0.831207	0.833844	0.845093	0.800353	0.87224	0.909241	0.90098	0.8595	0.88372	0.858334	0.824331	0.903369	0.853383	0.868442	0.831207	0.852734	0.852131	0.831207	0.88372	0.823116	0.829068	0.837966	0.869817	0.885943	0.85081	0.873234	0.865018	0.869563	0.837444	0.903369	0.875791	0.877088	0.859052	0.832196	0.865767	0.853896	0.876792	0.868442	0.859585	0.851491	0.833844	0.885123	0.860453	0.831207	0.845627	0.889163	0.8595	0.868442	0.831207	0.845197	0.834986	0.885943	0.841165	0.885123	0.871481	0.864704	0.865767	0.831207	0.801343	0.886409	0.842538	0.875791	0.849607	0.889163	0.825789	0.824143	0.857827	0.85624	0.836939	0.889163	0.831207
74000	slope	0.064566	0.0561826	0.0563516	0.025578	0.00689988	0.0563516	0.0103233	-0.00448657	-0.00558619	0.0403491	-0.00726758	0.0681401	-0.010649	0.0235464	0.0219847	0.0523343	0.00796269	0.108195	0.0137964	0.0331321	0.0868315	0.0371565	0.0893289	0.0322927	-0.00140434	0.0877359	0.0249607	0.0346932	0.0257963	0.0642531	0.0868315	0.0187752	0.0331011	-0.00420676	0.0972152	0.0109129	0.0644712	-0.0259544	0.0167388	0.0588112	0.0168258	0.043183	0.0868315	0.0352998	0.0145555	0.064566	0.0868315	0.104429	0.00652424	0.0228517	0.0588112	0.047284	-0.014768	0.00250762	0.0715364	0.0681401	0.0362895	0.0702271	0.0666366	0.025578	0.0742143	0.0740662	0.00181917	0.0521989	0.0927787	0.0188117	0.0113155	0.0972845	0.061936	0.0243389	0.0249607	0.0599049	0.0877359	0.0624131	0.0680439	0.0972152	0.0611517	0.0755911	0.0145555	-0.0395012	0.0574691	0.0593479	-0.00921516	0.052868	0.00665555	0.0346932	0.00665555	0.064566	0.0680439	-0.0205108	0.00330685	0.0145555	0.0868315	0.00453056	0.064566	0.00453056	0.0868315	0.00665555	0.0242112	0.00453056	0.0164423	0.0256968	0.0587629	0.0627778	0.0447381	0.035066	0.0551715	0.0346211	0.0864653	0.0633935	0.064566	0.0286492	0.0452307	0.0168258	0.0789778	0.0972152	0.00329147	0.0972845	0.123257	-0.00726758	0.100419	0.022526	0.0412277	0.00453056	0.00665555	-0.00448657	-0.00297267	0.0378134	0.0319695	0.085194	0.064566	0.0412277	0.0868315	-0.0116834	0.0585866	0.0249607	0.0433231	0.0644712	0.0563302	0.0654783	0.0593479	-0.0231796	0.0360318	0.0164953	0.0644712	0.0141338	0.0666366	0.0624379	0.0644712	0.0323902	-0.010649	0.064566	0.0972845	0.022039	0.0586897	0.0249607	0.0314115	0.0433231	0.0463638	0.0868315	0.00453056	0.0789778	0.0593479	0.064566	0.0593479	0.00250762	0.0141338	0.0348227	0.0164953	0.0220933	0.043183	0.0563516	0.00453056	0.00453056	0.00571522	0.10724	0.064566	0.0433231	0.0164953	0.0433231	0.0333392	-0.00157487	-0.00215344	0.0878908	-0.00289095	0.064566	-0.0206008	0.0868315	0.0220933	0.038785	0.0715364	-0.0015543	0.0847094	0.0868315	0.064566	0.0219847	0.100857	0.00181917	0.0841903	0.0584901	0.0864653	-0.0226732	0.0999777	0.0869902	0.0563516	0.00966708	0.0383964	0.108195	0.0972845	0.0145555	0.0249607	-0.0109624	0.00689988	0.00781885	-0.0259544	0.0381199	0.0348425	0.0869902	-0.014768	0.0274166	0.0346932	0.017	0.00337704	0.064566	-0.010649	0.0145555	0.0433231	0.0103537	-0.00448657	0.0565081	0.0868315	0.00799681	0.00665555	-0.0259544	-0.014768	0.0588112	0.00453056	0.0228517	0.0972845	0.00770948	-0.00737352	0.0586897	0.0169715	-0.00448657	0.0220933	0.0929372	0.0585866	0.0864653	-0.0116834	0.00453056	0.0452534	0.0289167	0.0242686	0.0742143	0.104429	0.0034083	0.0620777	0.064566	0.0323902	0.0168258	0.00250762	0.0219847	0.0588112	-0.0128519	0.0563516	0.0864653	0.0191385	0.0169715	0.0570823	0.0999777	0.0275211	0.00316901	0.064566	0.025578	0.0137964	0.0168258	0.0275211	0.0715364	0.0314115	0.0275211	0.0103233	0.0563516	0.0868315	0.0610747	0.0235464	0.0351762	0.00786715	0.00665555	0.0384747	0.0588644	0.043183	0.00453056	0.0570823	0.0721093	0.0425324	0.0219847	0.0170052	0.0972845	0.00453056	0.0610747	-0.010649	0.0681401	0.10724	0.0164953	0.0384747	0.0585866	-0.014768	0.0175281	0.00453056	0.0314115	0.0570823	0.0588112	0.0644712	0.069345	0.0470457	0.0588112	0.104429	0.0968442	0.043183	0.0680439	0.0588644	0.0929372	0.0746051	0.0859986	0.0348425	0.00799681	-0.0256037	0.0588112	0.0681401	0.0725274	0.0570823	0.0585866	0.0593479	0.064484	0.0619099	0.0593479	0.0191449	0.00453056	0.0624379	0.0585866	0.064566	0.0371565	0.0045633	0.0384747	0.0966056	0.00316901	0.0170052	0.0584044	0.0452534	0.0748851	-0.00140434	0.0972845	0.0715364	-0.0231796	0.0972152	0.064566	0.00795604	0.0929372	0.0859986	0.0452534	0.00859696	0.0877129	0.0249607	0.00453056	0.00453056	0.0351762	0.0403491	0.064484	-0.000851322	0.0644712	0.077351	0.0452534	0.00453056	0.0588112	0.0274166	-0.010649	0.0323902	0.0563516	0.0824292	0.00330685	0.0705304	-0.00726758	0.0524014	0.043183	0.0929372	0.0713809	0.0193249	0.0249607	0.0220933	0.0203382	0.0357694	0.00542241	0.0235464	0.00665555	0.0275211	0.0715364	-0.00448657	0.0145555	0.00453056	0.0593479
74000	intercept	0.859505	0.865895	0.841717	0.844044	0.875039	0.841717	0.875039	0.919882	0.903368	0.883985	0.899627	0.856135	0.894874	0.869536	0.891629	0.831477	0.877399	0.844584	0.869012	0.809484	0.809535	0.866474	0.809535	0.87243	0.897981	0.839545	0.889457	0.857032	0.845604	0.856929	0.809535	0.897177	0.856172	0.888876	0.841692	0.867457	0.854686	0.867235	0.853829	0.844282	0.881565	0.839128	0.809535	0.849705	0.88771	0.860825	0.809535	0.835414	0.865725	0.87427	0.844282	0.849575	0.864177	0.887379	0.839545	0.856753	0.91151	0.803159	0.826797	0.844044	0.818058	0.844603	0.888867	0.828675	0.844743	0.859793	0.861699	0.839739	0.851094	0.859334	0.889457	0.828377	0.839545	0.856929	0.809535	0.836578	0.847484	0.85356	0.88771	0.860356	0.844775	0.831359	0.878135	0.879089	0.877399	0.872956	0.901031	0.860825	0.809535	0.873701	0.885912	0.88771	0.809535	0.896424	0.85781	0.896424	0.809535	0.901031	0.848096	0.896424	0.879741	0.858483	0.85311	0.839729	0.815934	0.868291	0.859505	0.832867	0.812954	0.847197	0.860825	0.882096	0.852397	0.875039	0.856753	0.840616	0.899408	0.842478	0.848195	0.903368	0.839144	0.860606	0.824157	0.896424	0.901031	0.920591	0.901819	0.854713	0.872956	0.847729	0.85852	0.824448	0.81201	0.903368	0.843422	0.873196	0.832065	0.854686	0.87728	0.845806	0.839128	0.883685	0.843044	0.901152	0.854686	0.865955	0.826797	0.846129	0.854686	0.883247	0.891874	0.860388	0.843371	0.88295	0.818058	0.889457	0.833137	0.832065	0.865043	0.809535	0.877399	0.861023	0.83163	0.860825	0.839128	0.887379	0.865955	0.86648	0.901152	0.87427	0.839128	0.846129	0.894732	0.857724	0.876219	0.822851	0.860825	0.832065	0.91151	0.832065	0.861603	0.878135	0.878211	0.818058	0.887315	0.860825	0.899638	0.809535	0.87427	0.868159	0.85347	0.899408	0.815673	0.81201	0.860825	0.881727	0.836437	0.888867	0.845927	0.845078	0.812954	0.903368	0.835414	0.844603	0.846129	0.910833	0.843812	0.844584	0.843371	0.884635	0.893954	0.874078	0.875039	0.854713	0.867235	0.903109	0.876524	0.844603	0.874078	0.873084	0.872956	0.88771	0.8659	0.860825	0.894874	0.88771	0.832065	0.897177	0.916246	0.840071	0.809535	0.878135	0.877399	0.867235	0.874078	0.857481	0.877399	0.87427	0.843371	0.881866	0.874078	0.818058	0.862751	0.916246	0.87427	0.818058	0.843422	0.812954	0.903368	0.879798	0.818058	0.861666	0.863528	0.818058	0.835414	0.832809	0.857481	0.860825	0.883247	0.881565	0.887379	0.881727	0.844282	0.904815	0.846129	0.812954	0.864358	0.858341	0.816502	0.835414	0.839128	0.878135	0.860825	0.844044	0.869012	0.881565	0.845106	0.85347	0.833137	0.845996	0.875039	0.841717	0.809535	0.86119	0.869536	0.886333	0.865725	0.877399	0.836938	0.872956	0.839128	0.877399	0.828377	0.856753	0.852649	0.881727	0.843797	0.839739	0.901819	0.86119	0.894874	0.856753	0.832561	0.891646	0.836938	0.843422	0.874078	0.878135	0.857724	0.824971	0.816502	0.857481	0.859043	0.847197	0.829198	0.844282	0.835414	0.838384	0.84168	0.809535	0.872956	0.809184	0.849894	0.857005	0.872956	0.895538	0.873175	0.844282	0.856753	0.846129	0.828377	0.860475	0.839128	0.839545	0.843833	0.83163	0.875039	0.877399	0.846129	0.843422	0.860825	0.866474	0.875039	0.831761	0.842478	0.881024	0.843797	0.847549	0.818058	0.871889	0.897981	0.842478	0.859782	0.867235	0.841692	0.860825	0.838757	0.809184	0.857005	0.818058	0.909848	0.835855	0.889457	0.857724	0.857724	0.886333	0.883985	0.839545	0.882648	0.863154	0.825234	0.818058	0.910833	0.844282	0.867341	0.894874	0.883247	0.843339	0.846829	0.885912	0.844603	0.903368	0.852649	0.839128	0.81232	0.846262	0.901152	0.889457	0.876705	0.859074	0.839128	0.886428	0.869536	0.877399	0.851434	0.839545	0.916246	0.884635	0.896424	0.83163
75000	slope	0.0762049	0.043017	0.0680853	0.0526485	0.0269959	0.0696733	0.0485618	0.0490772	0.0448346	0.0873779	0.0602943	0.0929116	0.075491	0.0484696	0.0316972	0.0749742	0.055451	0.0596096	0.0696733	0.0168355	0.0736124	0.0500205	0.0261867	0.0333713	0.0686587	0.0958252	0.0543102	0.0534664	0.0173333	0.0231645	0.0574013	0.0405966	0.0669274	0.0419642	0.0485046	0.0696733	0.00701059	0.00878863	0.069345	0.101234	0.0757216	0.0653823	0.0449492	0.0560574	0.0474158	0.0622769	0.0637098	-0.0110996	0.0442681	0.0700207	0.0929116	0.0757216	0.0733292	0.0361533	0.0541649	0.0749742	0.063564	0.0222197	0.0757216	0.0381778	0.039252	0.0566407	0.0306157	0.0419642	0.0544179	0.0346932	0.0580745	0.056925	0.0180337	0.0694521	0.0575051	0.0353259	0.101234	0.0419642	0.0706819	0.0485618	0.0734616	0.055993	0.0180337	0.0231645	0.0133094	0.0180337	0.0696733	0.0797762	0.0535599	0.0285669	0.0723237	0.0749742	0.0038115	0.0614541	0.069345	0.0231645	0.0682572	0.0485618	0.0567467	0.0844366	0.0534664	0.0298137	-0.00391379	0.0511301	0.0719029	0.0293075	0.0599898	0.0600731	0.0523721	0.0873779	0.0749742	0.0336869	0.069345	0.0231645	0.0479341	0.0339178	0.0362359	0.0256925	0.0306157	0.0285669	-0.0115827	0.0425821	0.036716	0.0599898	0.0757216	-0.00728883	0.100428	0.0563452	0.0369236	0.028645	0.0106768	0.0485618	0.0318657	0.0749742	-0.00136232	0.0749742	0.0696733	0.0485618	0.00624263	0.042757	0.0479341	-0.016475	0.0133094	0.0757216	0.0511047	0.0448346	0.0537094	0.0757216	0.0255066	0.0757216	-0.00361009	0.0231645	0.00793145	0.0749742	0.0460016	0.085954	0.0492238	0.0757216	0.0475973	0.0298137	0.0682894	0.0578885	0.0929116	0.054082	0.0136982	0.0038115	0.0600731	0.0231645	0.0696733	0.0209386	0.0353259	0.0209386	0.0580745	-0.0144822	0.0273739	-0.0144822	0.0356256	0.0580529	0.0288946	0.0680356	0.0438823	0.0136982	0.0397248	0.0448346	0.0281817	-0.0144822	0.0136982	0.0122489	0.0400699	0.0696733	0.0255066	0.0526696	0.0534664	0.0479341	0.0306157	0.0133094	0.0645107	0.0560893	0.0365674	0.0479341	0.0449997	0.0419288	0.0475973	0.0470827	0.0468338	0.0460016	0.015642	0.0485618	0.00624263	0.0485618	0.0733202	0.0749742	0.039196	0.0560893	0.0329692	0.0479341	0.0425821	0.0686587	0.0460016	0.0580745	0.0511047	0.0696733	0.0231645	0.069345	-0.00692113	0.0448346	0.054186	0.0801658	0.0566407	0.0600731	0.0694521	0.0209386	0.0645107	0.060274	0.0405966	0.0749742	-0.01073	-0.016475	0.0159266	0.0594902	0.0575051	0.0719029	0.0602943	0.0566407	0.0669055	0.0448346	0.0873779	0.0762049	0.0609737	0.0209386	0.0265549	0.0757216	0.0241463	0.0484349	0.0479341	0.069345	0.0133094	0.0690532	0.069345	0.0563846	0.0838307	0.0535599	-0.0110996	0.0580745	0.0929116	0.0255066	0.0542602	0.0600731	0.0617185	0.0511047	0.060274	0.0279098	0.0236027	0.0511301	0.0732793	0.0236027	0.0929116	0.0653823	0.0265549	0.0038115	0.0560893	-0.00391379	0.0231645	0.0231645	0.0328123	0.0497639	0.0136595	0.00701059	0.00701059	0.0273739	0.069345	0.0286423	0.0448346	0.0414375	0.0414375	0.0465746	0.0448346	0.0534664	0.0560893	0.0757216	0.0136982	0.069345	0.0694521	0.0534664	0.069345	0.0762689	0.0231645	0.0419642	-0.0115827	0.0599898	0.0696733	0.0106768	0.0460016	0.0463091	0.0231645	0.0534664	0.0863955	0.015642	0.080142	0.047513	0.0164741	0.0466229	0.0442681	0.0479341	0.0263815	-0.016475	0.0716905	0.0419642	0.0696733	0.0038115	0.099586	0.0578885	0.0298137	0.0749742	0.0617185	0.0686587	0.0757216	0.0762689	0.0566407	0.099586	0.080142	0.0285669	0.0660383	0.0448346	0.0653823	0.0316972	0.0304566	0.0749742	0.0255066	0.0689333	0.0749742	0.0448346	0.0578885	0.0578885	0.0309676	0.0485618	-0.0110996	0.0757216	0.0578885	0.0419642	0.0534664	0.0749742	0.0544639	0.0485618	0.0534664	0.0719029	0.0733534	0.0737393	0.0448346	0.0425821	0.0231645	0.0033806	0.0547078	0.0686587	0.0485618	0.0636441	0.0696733	0.0863955	0.0749742	0.0485618	0.0475973	0.0419642	0.0523721	0.0749742	0.0749742	0.0696733	0.0560893	0.0746273	0.0823224	0.0757216	0.0795282	0.0653823	0.0580745	-0.00013352	0.0419642	0.0690532	0.0580529	0.0038115	0.0265549	0.0222197	0.0890006	0.0719029	0.0479341	0.0831534
75000	intercept	0.877632	0.818984	0.83824	0.830423	0.848482	0.863317	0.845497	0.838682	0.812183	0.827816	0.809228	0.84242	0.829396	0.877399	0.886633	0.845102	0.853999	0.835794	0.863317	0.876185	0.852113	0.864119	0.847136	0.885358	0.845424	0.849221	0.849783	0.855606	0.895259	0.838682	0.837412	0.883446	0.882241	0.877399	0.862858	0.863317	0.891011	0.87936	0.837177	0.84242	0.852104	0.864248	0.879312	0.877399	0.879615	0.869226	0.843889	0.878404	0.874595	0.853666	0.84242	0.84856	0.852176	0.895435	0.842391	0.843017	0.853204	0.857986	0.840844	0.873438	0.892442	0.877399	0.895259	0.877399	0.874124	0.863226	0.850602	0.855606	0.891743	0.844282	0.862426	0.884781	0.84242	0.877399	0.86106	0.847605	0.85971	0.829647	0.890691	0.840641	0.909709	0.890691	0.863317	0.846367	0.85415	0.89957	0.855077	0.844523	0.846668	0.857825	0.837177	0.838682	0.837971	0.862289	0.827326	0.848764	0.855606	0.89817	0.886101	0.886255	0.872226	0.879216	0.818984	0.845665	0.877399	0.827816	0.843017	0.875051	0.837177	0.838682	0.866955	0.882274	0.843143	0.876797	0.895259	0.89957	0.900592	0.891465	0.862858	0.818984	0.84731	0.914476	0.836616	0.84306	0.867571	0.853082	0.838682	0.845497	0.886329	0.819613	0.900928	0.843017	0.867137	0.847605	0.884854	0.871674	0.865948	0.912556	0.909709	0.852864	0.838682	0.812183	0.866186	0.852864	0.876185	0.84731	0.894273	0.838682	0.884781	0.843017	0.862858	0.843017	0.86523	0.848764	0.869052	0.895259	0.854811	0.849113	0.84242	0.841191	0.884781	0.877488	0.845665	0.840641	0.876805	0.877596	0.884781	0.877596	0.850602	0.902772	0.886206	0.909772	0.875319	0.84856	0.870194	0.860615	0.878509	0.884781	0.834387	0.813951	0.878813	0.909276	0.884781	0.905973	0.860516	0.863317	0.876185	0.878408	0.855606	0.870201	0.895259	0.909709	0.845424	0.877399	0.868811	0.881226	0.847875	0.857772	0.861872	0.860804	0.845665	0.868409	0.900102	0.847605	0.884854	0.845497	0.850602	0.843017	0.877399	0.877399	0.831997	0.870201	0.891465	0.845424	0.862858	0.850602	0.838682	0.867137	0.838682	0.837177	0.902772	0.812183	0.838682	0.843017	0.877399	0.845665	0.844282	0.877596	0.845424	0.907819	0.87666	0.843017	0.921255	0.903127	0.886633	0.855606	0.862426	0.872226	0.809228	0.877399	0.853999	0.809079	0.827816	0.877632	0.855606	0.877596	0.861784	0.84731	0.86785	0.824871	0.870201	0.837177	0.909709	0.868712	0.837177	0.869052	0.845424	0.837647	0.878404	0.850602	0.84242	0.876185	0.869052	0.845665	0.845424	0.838682	0.870183	0.809228	0.891016	0.8682	0.845424	0.904541	0.84242	0.864248	0.861784	0.846668	0.877399	0.886101	0.838682	0.838682	0.909709	0.809228	0.872583	0.910577	0.891011	0.886633	0.837177	0.829044	0.809228	0.85538	0.85589	0.877399	0.809228	0.855606	0.877399	0.84731	0.863201	0.837177	0.844282	0.858547	0.837177	0.870183	0.838682	0.877399	0.900592	0.818984	0.863317	0.838682	0.862858	0.883446	0.838682	0.855606	0.848764	0.900102	0.82533	0.855606	0.890691	0.838682	0.863997	0.864246	0.838682	0.908304	0.858803	0.877399	0.863317	0.850836	0.822033	0.849113	0.895259	0.843017	0.845424	0.845424	0.852864	0.870183	0.877399	0.836616	0.82533	0.89957	0.834611	0.809228	0.864248	0.880268	0.925261	0.843017	0.876185	0.845424	0.837274	0.812183	0.849113	0.847634	0.887852	0.845497	0.878404	0.852864	0.847634	0.879969	0.855606	0.843017	0.847605	0.847605	0.855606	0.833463	0.835648	0.882241	0.809228	0.880123	0.838682	0.884781	0.843992	0.845424	0.847605	0.843051	0.867999	0.848764	0.843017	0.862289	0.869052	0.877399	0.877399	0.843017	0.843017	0.863317	0.877399	0.843017	0.844282	0.848764	0.834126	0.864248	0.850602	0.878287	0.877399	0.868712	0.84856	0.846668	0.861784	0.857986	0.851014	0.84555	0.866955	0.859293
76000	slope	0.0739541	0.0357462	-0.0137728	0.0821759	0.0102381	0.0560364	0.0257043	-0.00336034	0.0357247	0.0633772	0.063132	0.0389281	0.0597658	0.0350985	0.0559555	0.039046	-0.0336152	0.0224452	0.0632614	0.0693962	0.0868326	0.0703436	0.0559555	0.0310814	0.0898444	0.104689	0.0612109	0.0656501	0.0494551	-0.0336152	0.0320015	0.0739541	0.0200597	0.0634025	0.0360118	0.0369165	0.0167537	0.0410685	-0.0340723	0.108964	0.0868326	0.0366752	0.0762243	0.042183	0.0400588	0.0310209	-0.0274426	0.0460816	0.0827346	0.0617753	0.0481288	0.0488778	0.0293748	0.05511	0.0400588	0.0400588	0.0548229	0.070154	0.0641651	0.0745837	0.0293748	0.0510762	0.0283692	0.0239515	0.0559555	0.05333	0.0280441	-0.016199	0.0683801	0.0943296	0.0572027	0.0364585	0.0663013	0.0598656	0.0329434	0.039046	0.0692331	0.0545727	0.0706654	0.00766797	-0.0340723	-0.016199	0.0663013	0.0613203	0.037803	0.0366752	0.0728871	0.0615143	0.0780956	0.0520632	0.0310209	0.00766797	0.108964	0.00390389	0.0796857	0.0405726	0.108964	0.0363435	0.02371	0.0400588	0.0548229	-0.000342001	-0.0336152	0.0320015	0.0559555	0.102436	0.0320015	0.0405726	0.0641651	0.0663013	0.0703436	0.0366752	0.0762243	0.0426612	0.0330598	0.101007	-0.00336034	0.060865	0.0562085	0.0690269	0.0669127	0.0545727	0.0494551	0.0257043	0.0548229	0.0481288	0.0342358	0.0693586	0.0675564	0.0669127	0.0716295	0.0548229	0.0409572	0.056505	0.0250254	0.057229	0.0664967	0.00766797	0.0844615	0.0182694	0.0792541	0.0413784	-0.0336152	0.0489407	0.0409572	0.0310209	0.0548229	0.00260602	0.056505	0.0652642	0.0868326	0.0366752	0.0550273	0.0449496	0.044897	0.0501438	0.0545727	0.0328688	0.0873233	0.0429822	0.0360118	-0.0473014	0.0628113	0.0844615	0.0359031	0.074919	0.0692331	0.0364585	0.0706654	0.0746698	0.00875141	0.00676724	-0.0336152	0.0739541	0.0346938	0.0707246	0.0907236	0.0405726	0.00543821	0.0762243	0.0358948	0.0656449	0.00840541	0.031899	0.0346938	0.0678549	0.0310209	0.0871439	0.0400588	0.0439854	0.0179563	0.0578374	0.031739	0.037803	0.0430585	0.03372	0.0523812	0.0641651	0.0702185	0.0409572	0.0559555	0.0350791	0.0159661	0.0257043	0.104689	0.0554673	0.0692331	0.0257043	-0.0340723	0.0692331	0.0400588	0.0503971	0.0762243	0.0405726	0.0692877	0.070154	0.0329434	0.044897	0.0293748	0.104689	0.0321091	-0.016199	0.0377888	0.0425964	0.0559555	0.0644057	0.0692331	0.0652642	0.0289495	0.0293748	0.0548229	0.0762243	0.0409572	0.0644057	0.0357247	0.071832	0.0806043	0.0224452	0.0559555	0.0369327	0.0762243	0.0360118	0.056505	0.0257043	0.104689	0.0310209	0.0512368	0.0366752	0.0693586	0.0370185	-0.0336152	0.0762243	0.0612109	0.0611653	0.0346938	0.0545727	0.057229	0.0376764	0.0545727	0.0310209	0.0600325	0.0350985	0.0576301	0.0972571	0.0882818	-0.0336152	0.0358886	0.0350791	0.0328986	0.0762243	0.0525503	0.0376764	0.0425964	0.0360118	0.0868326	0.060865	0.0487691	0.0559555	0.0320015	0.0670732	-0.0274426	0.0491443	0.0644057	0.070154	0.0972571	0.0719821	0.0387849	0.0683801	0.00766797	0.037803	0.0329434	0.076206	0.0270483	0.0426612	0.108964	0.0454261	0.0582483	0.0600325	0.0320015	-0.00543309	0.0494551	0.102436	0.108964	0.0584603	0.0888568	0.0329873	0.0331999	0.0311033	0.0652642	0.0868326	0.0707246	0.0357247	0.0310209	0.0670732	0.03372	0.037803	0.0310209	0.0310209	0.0475597	0.0474598	0.0320015	0.0559555	0.0366752	0.0328986	0.0346938	0.0320015	0.0699849	0.0548229	0.0525503	0.070154	0.0525503	0.0409572	0.070154	0.00766797	0.0350985	0.075007	0.0827314	0.0613203	0.0310209	0.0366752	0.0663817	0.056505	0.108964	0.0293748	0.0559555	0.0106265	0.0409572	0.0703436	0.0706654	0.0293748	0.0874751	0.0116864	0.0329873	0.0482656	0.0705275	0.0499547	0.0683801	0.0400588	0.0550273	0.0257043	0.044897	0.0545727	0.0494551	0.0844615	0.0706654	0.0293748	0.0511181	0.0310209	0.0943296	0.0126959	0.0669127	0.0387849	0.0425964	0.0550273	0.0545727	0.0664967	0.0400588	0.0248705	0.0460816	0.0346938	0.0663013	0.0280441	0.0298191	0.00763114	-0.016199	0.0330598	0.0664967	0.0559555	0.0692331	0.0548229	0.0168934	0.0822664	0.0293748	0.0706654	0.0762243	0.057229	0.0525503	0.0387849	0.0762243	0.0559555
76000	intercept	0.849784	0.85443	0.903127	0.846101	0.877664	0.852201	0.880131	0.845987	0.81341	0.849784	0.849469	0.871199	0.848745	0.872663	0.8691	0.852201	0.916192	0.859767	0.847167	0.827031	0.812454	0.877435	0.870589	0.871498	0.849353	0.797373	0.891002	0.869542	0.892136	0.909006	0.862595	0.849784	0.832019	0.88025	0.893752	0.877803	0.875147	0.856553	0.908678	0.802549	0.812454	0.852201	0.844147	0.874607	0.845859	0.878637	0.904645	0.821431	0.832857	0.861132	0.876188	0.877425	0.908234	0.862369	0.845859	0.857989	0.868062	0.898289	0.844439	0.860184	0.884707	0.859794	0.836885	0.878637	0.863761	0.848695	0.878637	0.903127	0.889538	0.851475	0.890848	0.863558	0.849784	0.846209	0.880627	0.824298	0.836399	0.871057	0.876338	0.867658	0.903127	0.903127	0.849784	0.889538	0.862886	0.852201	0.833594	0.862892	0.842265	0.871984	0.878637	0.869153	0.802549	0.879138	0.846934	0.85912	0.802549	0.870485	0.889785	0.845859	0.878342	0.865375	0.909006	0.862595	0.863815	0.802549	0.847404	0.85912	0.844439	0.849784	0.886837	0.852201	0.844439	0.86075	0.880495	0.826043	0.845987	0.862867	0.86037	0.888053	0.820315	0.872592	0.892136	0.880495	0.878342	0.876188	0.84646	0.865566	0.83403	0.833594	0.847167	0.878342	0.844215	0.856548	0.878637	0.847236	0.849784	0.869153	0.838269	0.894039	0.882513	0.837233	0.898461	0.854233	0.84309	0.869581	0.875485	0.865375	0.855763	0.818617	0.812454	0.852201	0.888053	0.868003	0.863761	0.847954	0.872592	0.878637	0.862172	0.866362	0.88877	0.901463	0.863761	0.838269	0.875973	0.865566	0.836694	0.863558	0.882513	0.845803	0.870935	0.865239	0.909006	0.851536	0.884211	0.889538	0.851958	0.867225	0.869665	0.839698	0.878637	0.846055	0.89673	0.89282	0.884211	0.838005	0.869581	0.888053	0.87582	0.874884	0.874157	0.854312	0.833749	0.862886	0.848672	0.8589	0.883215	0.844439	0.873166	0.844215	0.863761	0.872421	0.900718	0.879438	0.784546	0.888053	0.844439	0.879417	0.908678	0.844439	0.857989	0.852201	0.861292	0.85912	0.847236	0.894956	0.870334	0.863761	0.902961	0.784546	0.838179	0.903127	0.836159	0.872868	0.863761	0.839472	0.836694	0.818617	0.879438	0.89087	0.868062	0.863273	0.844215	0.839472	0.81341	0.846934	0.812454	0.859767	0.863761	0.89551	0.827012	0.88877	0.856717	0.879438	0.784546	0.885983	0.862867	0.852201	0.872075	0.856684	0.901463	0.861292	0.891002	0.888053	0.884211	0.8765	0.866243	0.863558	0.871057	0.869581	0.843574	0.905712	0.869128	0.838269	0.846908	0.908704	0.855606	0.863944	0.879963	0.844439	0.85103	0.863558	0.872868	0.88877	0.812454	0.862867	0.863761	0.859682	0.847404	0.856684	0.904645	0.885465	0.839472	0.894956	0.838269	0.882158	0.855606	0.889538	0.869153	0.872584	0.861715	0.844147	0.875971	0.86075	0.802549	0.836073	0.857058	0.843574	0.847404	0.873667	0.892136	0.802549	0.802549	0.905647	0.847324	0.89673	0.858881	0.81341	0.818617	0.812454	0.889538	0.81341	0.885983	0.86325	0.8589	0.862886	0.855677	0.878637	0.875582	0.847236	0.862595	0.863761	0.852201	0.879963	0.884211	0.862595	0.845188	0.875485	0.85103	0.879375	0.85103	0.844215	0.898289	0.869153	0.905712	0.846649	0.846908	0.889538	0.878637	0.849198	0.849784	0.855763	0.802549	0.89721	0.863761	0.832097	0.844215	0.877435	0.882513	0.89721	0.824649	0.904619	0.89673	0.872663	0.85103	0.806858	0.889538	0.857989	0.888053	0.879438	0.863761	0.871057	0.892136	0.838269	0.876338	0.89721	0.85538	0.878637	0.851475	0.890089	0.830902	0.855606	0.872868	0.888053	0.872592	0.849784	0.857989	0.861715	0.822265	0.893468	0.849784	0.878637	0.875973	0.869153	0.903127	0.880495	0.849784	0.863761	0.836399	0.879724	0.856588	0.844439	0.891917	0.882513	0.861292	0.847236	0.85103	0.844103	0.844439	0.858522
77000	slope	0.0785758	0.0365385	0.0399352	0.0142106	-0.023803	0.156192	0.0310934	0.0512231	0.0678023	0.129879	0.0728068	0.0827271	0.0600588	0.0785758	0.0445702	0.0470688	0.0707488	0.108759	0.044731	0.0160814	0.0638341	0.0827271	0.0340399	0.0305714	0.0701002	0.129879	0.0980639	0.0600588	0.0457353	0.0713528	0.156192	0.043687	0.0623607	0.0671037	0.043687	0.0549285	0.0600588	0.0655084	0.0716451	0.0607529	0.0671037	0.0827271	0.0269548	0.078632	0.0862173	0.0827271	0.0693173	0.0281331	0.0728584	0.0646916	0.059465	0.0729438	0.127119	0.0646916	0.0160814	0.0408471	0.0357863	0.0341309	0.0769956	0.0827271	0.0356243	0.0684394	0.0142106	0.0450805	0.0705371	0.0767876	0.0470688	0.0157168	0.043687	0.0678023	0.0727875	0.0457353	0.0150472	0.0433134	0.0364223	0.0678023	0.044731	0.0295634	0.118019	0.043687	0.0779487	0.0769956	0.101898	0.0728068	0.0494544	0.129879	0.0678023	0.055859	0.0281331	0.0571186	0.0620968	0.0751319	0.0701002	0.0607529	0.0150472	0.044731	0.085389	0.0910374	0.0516704	0.0735515	0.0536029	0.0281331	0.0539148	0.0556185	0.0554033	0.0372219	0.0827271	0.0611314	0.0733204	0.0281331	0.0600588	0.0678023	0.0571186	0.0328904	0.0707488	0.056806	0.0554033	0.0310934	0.0678404	0.0664207	0.0600588	0.0295708	0.0678404	-0.0113672	0.0716451	0.0459174	0.131202	0.0305714	0.0457353	0.0619151	0.0457353	0.0678023	0.103063	0.0584786	0.00509755	0.0785758	0.0785758	0.0150472	0.0305714	0.0620968	0.0926378	0.0806515	0.0414786	0.0440692	0.0457353	0.0805861	0.0864644	0.0471702	0.0665613	0.0305714	0.0195754	0.078632	0.0769956	0.0160814	0.0972316	0.0167488	0.0305714	0.0922388	-0.0113672	0.0767876	0.0310934	0.0431748	0.0519076	0.0600588	0.0160814	0.118019	0.0782879	0.0357863	0.0638341	0.0342953	0.0713528	0.0372206	0.0769956	0.0360213	0.0450805	0.0257757	0.0368301	0.0357863	0.0157168	0.0142106	0.0682845	0.0161599	0.0570002	0.0505532	0.0523045	0.0600588	0.0440692	0.0401443	0.0457353	0.0281331	0.0573176	0.0610948	0.0729438	0.0372206	0.0370004	0.131202	0.10851	0.0661601	0.0827271	0.0716451	0.044731	0.043687	0.0822642	0.0738839	0.0751713	0.0360213	0.0257757	0.0713528	0.121613	0.0225179	0.0938017	0.0281331	0.0332752	0.0635112	0.0827271	0.0357863	0.131202	0.0257757	0.0440692	0.0769956	0.043687	0.0751713	0.0716451	0.0329326	0.0440692	0.0340399	0.0204771	0.0570002	0.0827271	0.0638341	0.0581711	0.056806	0.0701002	0.0150472	0.0728584	0.0190432	0.130625	0.0204771	0.0554033	0.0505207	0.0457353	0.061496	0.0281331	0.0401443	0.0728584	0.0571186	0.0729438	0.0638341	0.0827271	0.0337667	0.0813589	0.05145	0.0536668	0.0581711	0.0244163	0.0684394	0.135617	0.0450446	0.0281331	0.129879	0.0682845	0.0751713	0.121613	0.0281331	0.0357863	0.0150472	0.0827271	0.0620968	0.0623607	0.0444697	0.0767876	0.0341136	0.110506	0.0150472	0.0728584	0.0785758	0.131202	0.0678023	0.0101666	0.0281331	0.0600588	0.0982542	0.0713528	0.0507155	0.0827271	0.0728584	0.0281331	0.0305714	0.0328547	0.0571186	0.0716451	0.0904649	0.0623607	0.0150472	0.0457353	0.0678023	0.0408987	0.0620968	0.0571186	0.069701	0.0827271	0.156192	0.0713528	0.0600588	0.0101666	0.0682845	0.10851	0.0661601	0.0444697	0.0247129	0.0793494	0.043687	0.0359781	0.0773897	0.0938017	-0.0200156	0.0638341	0.0281331	0.156192	0.0401443	0.0713528	0.0701002	0.0701002	0.0875224	0.0713528	0.060551	0.0353153	0.0517044	0.0305714	0.0675836	0.0692272	0.0283105	0.0507155	0.0372206	0.0661601	0.059465	0.0990464	0.0281331	0.0728068	0.0305225	0.0305714	0.0827271	0.0956328	-0.0200156	0.0684394	0.0785758	0.0150472	0.048607	0.0440692	0.0661601	0.05145	0.0638341	0.0257757	0.0305714	0.0403535	0.0751713	0.0540104	0.0713528	0.0357863	0.0661601	0.0675836	0.0353153	0.0305714	0.037865	0.0401443	0.0444697	0.041593	-0.0113672	-0.0113672	0.0361326	0.0635112	0.156192	0.0893019	0.0505207	0.0444324	0.118019	0.05145	0.0505207	0.0773897	0.078632	0.043687	0.0607529	0.0748999	0.0440692	0.0716451	0.0357863	0.0257757	0.0315756	0.0460654	0.0221221	0.0769956	0.0751319	0.0275992	0.0150472	0.041593	0.0470688	0.156192	0.0357863	0.131202	0.0281331
77000	intercept	0.822296	0.857344	0.857392	0.844023	0.911482	0.800255	0.859785	0.855429	0.864261	0.810329	0.866203	0.841899	0.866186	0.820569	0.87707	0.862256	0.856955	0.826489	0.862256	0.846969	0.852363	0.855823	0.862256	0.889952	0.819666	0.810329	0.855018	0.866186	0.872108	0.847962	0.800255	0.833888	0.879266	0.846818	0.838424	0.85646	0.872874	0.864261	0.855621	0.845167	0.85706	0.841899	0.878252	0.852459	0.83719	0.841899	0.844241	0.870094	0.860026	0.868995	0.86232	0.879622	0.787642	0.868995	0.846321	0.843788	0.843083	0.884977	0.842833	0.855823	0.879233	0.855865	0.844023	0.859318	0.850519	0.846434	0.862256	0.913639	0.858903	0.864261	0.852292	0.872108	0.891067	0.855599	0.866089	0.864261	0.862256	0.858435	0.812201	0.833888	0.842773	0.842773	0.852399	0.866203	0.880806	0.810329	0.860552	0.845642	0.863022	0.845167	0.866886	0.839747	0.817511	0.845167	0.905625	0.862256	0.839414	0.832463	0.8497	0.879622	0.872108	0.876954	0.862962	0.869476	0.865661	0.838424	0.841899	0.83036	0.843041	0.893082	0.873239	0.864261	0.853845	0.838424	0.850753	0.853845	0.865661	0.856229	0.846064	0.862766	0.866186	0.894573	0.846064	0.907138	0.845396	0.87821	0.833006	0.87707	0.872108	0.840598	0.872108	0.864261	0.841068	0.861152	0.849247	0.820569	0.835248	0.913353	0.872482	0.866886	0.829875	0.839059	0.855266	0.853297	0.872108	0.824686	0.846434	0.850117	0.845396	0.881215	0.880916	0.852459	0.842773	0.846321	0.832098	0.866453	0.86561	0.826914	0.911108	0.846434	0.856229	0.869476	0.882359	0.872874	0.846321	0.812201	0.848882	0.843083	0.861918	0.871904	0.847962	0.846536	0.842773	0.894573	0.859318	0.869922	0.856883	0.853999	0.913639	0.844023	0.854632	0.874953	0.83211	0.845504	0.866289	0.872874	0.853297	0.823622	0.872108	0.893082	0.840863	0.853517	0.878904	0.846536	0.849533	0.833006	0.81108	0.867363	0.841899	0.845396	0.862256	0.833888	0.842236	0.843041	0.830525	0.894573	0.869922	0.847962	0.787642	0.846321	0.820569	0.893082	0.853999	0.849819	0.841899	0.865597	0.833006	0.869922	0.853297	0.842833	0.856097	0.849042	0.840863	0.891067	0.853297	0.862256	0.888435	0.83211	0.841899	0.865865	0.870756	0.853845	0.817511	0.909987	0.877989	0.861374	0.81108	0.888435	0.865661	0.859067	0.872108	0.864261	0.870405	0.823622	0.860026	0.853845	0.880421	0.849819	0.841899	0.872108	0.849819	0.858732	0.826925	0.870756	0.896239	0.868995	0.794021	0.877102	0.877055	0.810329	0.854632	0.833052	0.787642	0.871636	0.843083	0.913095	0.841899	0.866886	0.879266	0.845167	0.846434	0.836634	0.846805	0.909987	0.84943	0.822296	0.807521	0.860552	0.849247	0.877055	0.872874	0.852399	0.847962	0.84594	0.841899	0.877989	0.869351	0.872482	0.838424	0.845167	0.840863	0.837221	0.879266	0.909987	0.872108	0.860552	0.862256	0.866886	0.845167	0.879266	0.841899	0.802871	0.852845	0.866186	0.849247	0.854632	0.816571	0.849437	0.845167	0.881215	0.886112	0.838424	0.853845	0.828013	0.820569	0.889101	0.852363	0.877055	0.800255	0.823622	0.847962	0.819666	0.819666	0.842773	0.847962	0.860026	0.889809	0.86901	0.872482	0.864878	0.817507	0.879227	0.84594	0.846536	0.864261	0.868356	0.846434	0.877055	0.866203	0.877055	0.872482	0.841899	0.802091	0.889101	0.868995	0.820569	0.909987	0.823622	0.853297	0.859886	0.853845	0.849819	0.869922	0.86561	0.845841	0.834563	0.880806	0.847962	0.853999	0.859886	0.864878	0.87707	0.881539	0.875177	0.823622	0.845167	0.87707	0.920926	0.911108	0.871601	0.849819	0.799335	0.868995	0.859067	0.853999	0.812201	0.852935	0.859067	0.828013	0.852459	0.833888	0.845167	0.872207	0.853297	0.845396	0.853999	0.869922	0.867577	0.857213	0.87696	0.847245	0.847152	0.894573	0.909987	0.87707	0.862256	0.800255	0.849391	0.811353	0.87696
78000	slope	0.0680318	0.0670467	0.0132435	0.0433576	0.046459	0.0464724	0.0398854	0.0464724	0.0477039	0.0342555	0.0972745	0.0360285	0.065215	0.0464724	0.0214768	0.057169	0.0342555	0.0788993	0.070092	0.0665574	0.074973	0.0541821	0.0497469	0.0213583	0.00581161	0.0250807	0.0213583	0.0112015	0.0682864	0.062103	0.0366622	0.013422	0.0472911	0.0292857	0.0402927	0.080193	0.0498298	0.055859	0.0708182	0.0513974	0.0363328	0.0802176	0.0653891	0.0601851	0.070208	0.0519324	0.0756125	0.0254348	0.0649169	0.00581161	0.0603545	0.0202181	0.0342555	0.0519324	0.00364486	0.0620719	0.0519789	0.0341708	0.0644088	0.0342555	0.00778	0.054467	0.0484497	0.0589911	0.0348357	0.0567839	0.0802176	0.055859	0.063279	0.0258767	0.080193	0.024127	0.0484497	0.0581145	0.09628	0.0517447	0.0519324	0.0283084	0.0356928	0.0497469	0.0209845	0.0589911	0.122619	0.0245004	0.039977	0.0645099	0.0630371	0.00808341	0.04707	0.0366536	0.074973	0.0360285	0.0210186	0.0691731	0.0761666	0.0464724	0.070208	0.0621029	0.011447	0.081536	0.0468815	0.0725549	0.0564278	0.0749025	0.0564278	0.13929	0.122619	0.09628	0.113959	0.0497398	0.035771	0.0421801	0.0463728	0.0614435	0.0132435	0.0621029	0.0541524	0.0477039	0.0748064	0.0596209	0.0387719	0.0519324	0.063279	0.0972745	0.0618624	0.0723638	0.0581145	0.0670467	0.0519324	0.0421658	0.0589911	0.0303347	0.0620113	0.0620719	0.0691731	0.081536	0.0484497	0.080193	0.0713528	0.063618	0.0541821	0.0670467	0.0816753	0.0621029	0.0655905	0.09628	0.0522318	0.0477039	0.0342125	0.0507614	0.0519324	0.113959	0.0688777	0.0520805	0.00581161	0.046459	0.0214768	0.0236598	0.075228	0.0541821	0.109602	0.0725628	0.136557	0.0305777	0.0649858	0.0484497	0.0620113	0.0582815	0.0360285	0.0484497	0.0802176	0.0478766	0.0844287	0.0480959	0.0606724	0.0601851	0.0484497	0.0803697	0.0342555	0.0096168	0.00881896	0.0790256	0.0153033	0.0621065	0.0831507	0.0134986	0.0250807	0.0541821	0.023533	0.0540845	0.0581145	0.0649169	0.024127	0.0761666	0.0481068	0.0228166	0.0383425	0.0497398	0.0564278	0.0429242	0.0649169	0.125486	0.0492865	0.0620719	0.109602	0.0310153	0.109602	0.105367	0.0672462	0.0387719	0.063618	0.0497469	0.0119312	0.109602	0.0484497	0.0649169	0.0684287	0.0213583	0.0544587	0.0544587	0.00778	0.109602	-0.000855458	-0.000855458	0.0477039	0.0114957	0.0342555	0.0196092	0.048607	0.0484497	0.0478762	0.0647526	0.0321827	0.109602	0.052566	0.023533	0.080193	0.0341708	0.0844287	0.0196092	0.0519324	0.03074	0.0681612	0.03074	0.09747	0.081536	0.0655905	0.0305219	-0.000855458	0.0341708	0.0519324	0.0310153	0.0540577	0.074973	0.0342125	0.0589911	0.0533703	0.074973	0.0421436	0.0484497	0.125486	0.0581145	0.0653891	0.115764	0.0342125	0.0342125	0.0492865	0.0602451	0.122619	0.111688	0.113959	0.0342555	0.0681612	0.109602	0.0383425	0.0213583	0.0310153	0.063618	0.0250807	0.070092	0.0519324	0.0054314	0.0803697	0.0421436	0.0356928	0.0587748	0.0351081	0.025225	0.0497469	0.060018	0.0114957	0.0972745	0.0802176	0.069724	0.0484497	0.0972745	0.080193	0.0653891	0.0258767	0.0481622	0.0816753	0.0541821	0.0564278	0.0462935	0.0601851	0.0816753	0.054467	0.0327667	0.113347	0.075228	0.0643882	0.00778	0.0681612	0.0484497	0.0356928	0.0228166	0.0236598	0.0342125	0.0541821	0.0691731	0.0564278	0.0670467	0.0728516	0.013182	0.063618	0.0327667	0.0535197	0.0559797	0.0601851	0.0698265	0.0613354	0.0895122	0.03074	0.0684287	0.063279	0.0342555	0.0213583	0.0541821	0.0228166	0.0387719	0.075228	0.0477039	0.0202181	0.0880934	0.0614435	0.0757442	0.0310153	0.0541821	0.0564278	0.0553099	0.0453421	0.0645099	0.0541821	0.0442709	0.081536	0.0383692	0.129367	0.0529069	0.0544587	0.0614435	0.0672462	0.0250807	0.0114957	0.063279	0.080193	0.0342555	0.024127	0.0477039	0.0342555	0.0653891	0.0196092	0.109602	0.0342555	0.0196092	0.0541821	0.0364579	0.0895122	0.0305219	0.0465123	0.0421436	0.00581161	0.0342125	0.080193	0.0464724	0.0497469	0.0364669	0.0305219	0.0529069	0.0691731	0.0653891	0.0310153	0.0670467	0.0464724	0.125486	0.0601851	0.0553099	0.122619	0.0559797	0.011447	0.0681612
78000	intercept	0.886243	0.859821	0.874861	0.863862	0.865613	0.878811	0.858795	0.878811	0.85117	0.862223	0.847393	0.842609	0.870357	0.878811	0.854131	0.872972	0.862223	0.851137	0.847006	0.860304	0.824593	0.855344	0.845576	0.855268	0.860792	0.874245	0.855268	0.86744	0.843012	0.864623	0.862778	0.862897	0.841694	0.853773	0.846479	0.828614	0.867597	0.849785	0.855832	0.849785	0.863885	0.829401	0.886243	0.872972	0.868869	0.858795	0.820826	0.863474	0.82744	0.860792	0.861331	0.871982	0.862223	0.869786	0.845666	0.858947	0.848562	0.862223	0.864305	0.862223	0.878432	0.864583	0.861302	0.866341	0.855442	0.870132	0.833941	0.849785	0.843012	0.862223	0.8411	0.866202	0.873232	0.847823	0.85879	0.841393	0.863891	0.864054	0.860261	0.849009	0.867253	0.85889	0.798753	0.860483	0.847823	0.873989	0.843223	0.862223	0.846544	0.862579	0.824593	0.865392	0.86012	0.843012	0.821372	0.862223	0.868869	0.855151	0.878432	0.856448	0.862864	0.836745	0.833002	0.829436	0.833002	0.810951	0.805874	0.85879	0.79823	0.836944	0.862849	0.845965	0.847006	0.870132	0.874861	0.855151	0.858169	0.85117	0.830825	0.809423	0.862223	0.858795	0.843012	0.844746	0.83823	0.850245	0.847823	0.849145	0.869786	0.854608	0.85889	0.853404	0.846553	0.858947	0.843012	0.856448	0.861302	0.841532	0.86803	0.834573	0.855344	0.846403	0.847393	0.855151	0.867833	0.85879	0.865546	0.85117	0.845952	0.853796	0.869786	0.79823	0.820897	0.869861	0.860792	0.865613	0.854131	0.862223	0.85889	0.838017	0.790724	0.865376	0.79185	0.85117	0.855383	0.861302	0.855588	0.855996	0.842609	0.865347	0.830494	0.85889	0.848055	0.847823	0.834595	0.872972	0.869334	0.847006	0.846763	0.861844	0.854474	0.836619	0.874245	0.83989	0.85675	0.86214	0.874245	0.855344	0.862223	0.857965	0.843566	0.831957	0.862897	0.816798	0.860018	0.867562	0.846553	0.836944	0.836356	0.859112	0.836188	0.798753	0.866116	0.84858	0.797807	0.871982	0.790724	0.846597	0.870132	0.862223	0.837015	0.849009	0.859461	0.790724	0.861302	0.836188	0.860304	0.855268	0.85889	0.85889	0.878432	0.801358	0.845666	0.845666	0.85117	0.873664	0.862223	0.858795	0.858795	0.869334	0.847006	0.848417	0.874127	0.790724	0.846222	0.862223	0.841532	0.842609	0.848055	0.858795	0.863891	0.861684	0.855721	0.865885	0.846597	0.856448	0.867833	0.866325	0.845666	0.862223	0.858795	0.871982	0.85889	0.824593	0.845952	0.85889	0.842539	0.824593	0.853888	0.873232	0.798753	0.847823	0.865115	0.802821	0.845952	0.845952	0.866116	0.883831	0.803487	0.798753	0.79823	0.862223	0.855721	0.801358	0.860319	0.855268	0.871982	0.854911	0.874245	0.847006	0.858795	0.862897	0.847006	0.861446	0.860261	0.856017	0.860319	0.85703	0.829296	0.847006	0.845408	0.844746	0.826752	0.850773	0.861302	0.84417	0.828614	0.877653	0.862223	0.846222	0.847393	0.838017	0.833002	0.869786	0.872972	0.847393	0.864583	0.86012	0.798753	0.861612	0.858795	0.870628	0.855721	0.873232	0.860261	0.86744	0.862223	0.845952	0.855344	0.843012	0.836356	0.849145	0.855327	0.84361	0.837015	0.86012	0.810586	0.855425	0.872972	0.862269	0.851662	0.859261	0.865885	0.860304	0.843012	0.850927	0.855268	0.855344	0.867562	0.854434	0.85889	0.85117	0.860048	0.801793	0.870132	0.855883	0.873623	0.842979	0.833002	0.849877	0.842961	0.873989	0.847006	0.862223	0.856448	0.846222	0.778427	0.858795	0.85889	0.870132	0.870132	0.874245	0.85539	0.843012	0.8411	0.867437	0.862897	0.85117	0.862223	0.886243	0.858795	0.811847	0.867437	0.858795	0.855344	0.86012	0.859261	0.866325	0.845965	0.861446	0.860792	0.845952	0.841532	0.862223	0.849009	0.850927	0.870503	0.858795	0.843012	0.877498	0.873623	0.859821	0.878811	0.798753	0.872972	0.849877	0.798753	0.862697	0.878432	0.855721
79000	slope	-0.016184	0.00155166	0.0697551	-0.0204927	0.0594142	0.0204726	0.00887435	0.0708074	0.0539224	0.0442667	0.0711039	0.00160686	0.0505619	0.04959	0.0485953	0.0206081	0.00155166	0.0282132	0.0485953	0.042632	0.0505619	0.0262696	0.0637938	-0.0204927	0.068005	0.0871703	0.0358748	0.0572325	0.0254416	0.0485953	0.0588897	0.00459315	0.102737	0.0133943	0.0416218	0.0334405	0.0337516	0.0473457	0.0572416	0.0143859	0.0572325	-0.0518584	0.0473457	0.042418	0.0339043	0.0901487	0.0235302	0.0472217	0.0686109	0.106195	0.0376322	0.0490427	0.0437163	0.0515279	0.049637	0.0534539	0.0166344	0.0339043	0.0552945	0.0095558	0.0446396	0.102737	0.00648948	0.055851	0.049637	0.0759191	0.0095558	0.0756794	0.0101621	0.0708296	0.0164028	0.0572325	0.0469938	0.0127052	0.00155166	0.0095558	0.0576788	0.0615159	0.0572325	0.0547625	0.112641	0.0882218	0.0741705	0.0805671	0.0262696	0.00155166	0.0284781	0.0514303	0.101417	0.0572416	0.0485953	0.0561992	0.0572253	0.05899	0.0575325	0.0634576	0.0561992	0.0715053	0.0262696	0.101318	0.0416218	0.0509495	0.0575325	0.065782	0.105579	0.0572325	0.0485953	0.0118677	0.0095558	0.0572325	0.0349175	0.00155166	0.0758716	0.0355306	0.0203734	0.0572416	0.0485953	0.052689	0.101318	0.056339	0.0686109	0.058169	0.0406999	0.0235302	0.0594142	0.0610272	0.0561992	0.0734603	0.0399865	0.0361095	0.0572325	0.0507048	0.0576744	0.0466781	0.00592253	0.0505619	0.0537286	0.0797371	0.0545514	0.0494407	0.00717521	0.0416218	0.0664106	0.0118677	0.0262696	0.0588897	0.0526458	0.101318	0.068005	0.0554784	0.042632	0.065782	0.00155166	0.0561992	0.0321951	0.0692531	0.0455434	0.0264389	0.0556305	0.105446	0.0494407	0.0575325	0.0485953	0.0339043	0.0500182	0.0664106	0.0708074	-0.0204927	0.0155828	0.0594142	0.0708074	0.0339043	0.0375171	0.0415194	0.0137016	0.101318	0.102737	0.0473457	0.044633	0.0350138	0.00887435	0.0505619	0.070237	0.0794257	0.0137016	0.0455434	-0.00377993	0.0572325	0.0350138	0.0361095	-0.0091684	0.00155166	0.0369288	-0.00398046	0.05243	0.102118	0.0658553	0.0137016	0.0455434	0.0410127	0.0626432	0.0240121	0.0572325	0.0759191	0.0561992	0.0708074	0.0485953	0.102737	0.0270815	0.105446	-0.0204927	0.00887435	0.101318	0.129947	0.0826087	0.0922815	0.0515279	0.00155166	0.0466781	0.0765707	0.0460928	0.0127052	0.0788434	0.0686109	0.0658553	0.00453531	0.0095558	0.0835519	0.0724695	0.0095558	0.066223	0.0155828	0.102737	0.00155166	0.106195	0.0282132	0.0428388	0.129947	0.0095558	0.0155828	0.066223	0.0575325	0.00155166	0.0561992	0.04959	0.065782	0.0604696	0.0976806	0.0155828	0.0469938	0.0758716	0.04959	0.118468	0.055851	0.04704	0.00155166	0.042632	0.0416218	0.0095558	0.0369288	0.119574	0.0597673	0.102118	0.0575325	0.0575325	0.0349438	0.105579	0.0715053	0.0095558	0.0522855	-0.0339196	0.0505619	0.0692531	0.0626432	0.0437607	0.0708074	0.129947	0.00155166	0.0399865	-0.0204927	0.102737	0.0262696	0.0155828	0.0416347	0.118468	0.0572325	0.0133943	0.0518823	0.04959	0.036134	0.0270815	0.00155166	0.0485953	0.049637	0.0666808	0.0428388	0.0155828	0.00719672	0.101318	0.05243	-0.0339196	0.0260279	0.00719672	0.0455434	0.0485953	0.101318	0.0415194	0.0095558	0.0469938	0.102737	0.0118677	0.0155828	0.0560729	0.129947	0.0155828	0.04959	0.0376322	0.0485953	0.0485953	0.0735094	0.0399865	0.0493838	0.0593003	0.0575325	0.058169	0.0575325	0.04959	0.0361095	0.00887435	0.0434331	0.0118677	0.066223	0.0259584	0.0278041	0.0604474	0.0505619	0.00155166	-0.0204927	0.00887435	0.0155828	0.0594281	0.0469938	0.0572325	0.0643319	0.0473457	0.0634576	0.00887435	0.102737	0.0262696	0.066223	0.0507048	0.0715053	-0.0339196	0.00953569	0.0572325	0.0254416	0.0692531	0.065782	0.114974	0.118468	0.123621	0.0554258	0.0558979	0.0735094	0.0626432	0.0494407	0.0686109	0.0984779	0.0365211	0.0662989	0.0485953	0.0515279	0.0871703	0.0137016	0.0485953	0.0406999	0.0984779	0.0737062	0.088995	0.00887435	0.0692531	0.0339043	0.0505619	0.105579	0.123621	0.0815739	0.0871703	0.0653838	0.0561992	0.0262696	0.0095558	0.0155828	0.0333164	0.105579	0.0349438	0.0743979	-0.0303939	0.052689	0.00719672	0.0133943
79000	intercept	0.893084	0.866222	0.845636	0.921589	0.8283	0.878544	0.871253	0.842114	0.849473	0.866119	0.86188	0.883513	0.833653	0.834852	0.867166	0.87868	0.867878	0.883513	0.867166	0.867166	0.833653	0.839044	0.833371	0.921589	0.859299	0.848557	0.846425	0.855159	0.868714	0.845899	0.848557	0.87868	0.800541	0.893882	0.847153	0.91428	0.846458	0.85284	0.863306	0.88323	0.851073	0.909739	0.851392	0.845171	0.847588	0.810274	0.830256	0.859587	0.83422	0.853567	0.838455	0.833653	0.839044	0.829845	0.865178	0.85074	0.863886	0.828595	0.846869	0.867878	0.858535	0.792392	0.864453	0.827991	0.865178	0.868093	0.857439	0.852454	0.890533	0.833866	0.86992	0.855159	0.85448	0.848838	0.885346	0.857439	0.866299	0.883873	0.855159	0.859539	0.853228	0.83342	0.852454	0.856369	0.839044	0.866222	0.853086	0.834391	0.819349	0.863306	0.845899	0.843668	0.847228	0.85384	0.840242	0.867438	0.843668	0.849787	0.846425	0.820317	0.838858	0.86189	0.840242	0.841377	0.817591	0.855159	0.859587	0.899213	0.857439	0.851073	0.867551	0.875703	0.853228	0.837241	0.862466	0.863306	0.859587	0.819104	0.816457	0.855541	0.83422	0.863862	0.85846	0.830932	0.798848	0.847855	0.847153	0.812529	0.82343	0.849414	0.855159	0.827502	0.837872	0.869258	0.90162	0.833653	0.859367	0.840242	0.849411	0.871303	0.877388	0.847153	0.854152	0.899213	0.839044	0.859296	0.849981	0.820317	0.859299	0.829845	0.867166	0.841377	0.885346	0.843668	0.866056	0.829663	0.851392	0.868714	0.849804	0.808152	0.861865	0.840242	0.845899	0.838455	0.862467	0.854152	0.842114	0.907082	0.848576	0.840619	0.842114	0.838455	0.86794	0.834852	0.883513	0.819349	0.806238	0.851392	0.879548	0.857721	0.871253	0.858535	0.851392	0.841377	0.900301	0.851392	0.877967	0.855159	0.860184	0.849414	0.877189	0.867878	0.895773	0.84823	0.830782	0.813369	0.864734	0.883513	0.851392	0.855875	0.855541	0.829945	0.851073	0.868093	0.85973	0.853419	0.867166	0.810274	0.838858	0.800541	0.921589	0.871253	0.820317	0.827958	0.853567	0.856369	0.829845	0.867878	0.869258	0.883837	0.846543	0.848838	0.85456	0.830351	0.864734	0.883513	0.867878	0.858058	0.854311	0.867878	0.846592	0.844638	0.810274	0.867878	0.853567	0.883513	0.849411	0.826057	0.867878	0.864453	0.843563	0.840242	0.868806	0.843668	0.848224	0.841377	0.840242	0.820317	0.860679	0.852521	0.847537	0.848224	0.839317	0.828659	0.819998	0.885346	0.867166	0.847153	0.867878	0.895773	0.817591	0.848557	0.813369	0.840242	0.840242	0.862084	0.817591	0.849787	0.857439	0.826276	0.918291	0.834852	0.829663	0.84654	0.851392	0.842114	0.827958	0.867878	0.819998	0.921589	0.800541	0.839044	0.860679	0.881089	0.830461	0.855159	0.905869	0.833593	0.848224	0.848224	0.838858	0.867878	0.867166	0.863683	0.863306	0.836058	0.848663	0.890722	0.819349	0.830782	0.909739	0.839044	0.890722	0.851392	0.845899	0.819349	0.834852	0.867878	0.852521	0.800541	0.899213	0.860679	0.826544	0.830461	0.864582	0.834852	0.838455	0.859587	0.867166	0.851392	0.82343	0.867166	0.847128	0.840986	0.863862	0.848319	0.848224	0.849414	0.871253	0.851073	0.899213	0.846592	0.843675	0.847874	0.854174	0.834852	0.875075	0.907082	0.877374	0.83967	0.831972	0.852521	0.855159	0.847932	0.851392	0.867438	0.877374	0.818483	0.809852	0.843563	0.827502	0.831972	0.918291	0.877437	0.855159	0.868714	0.829663	0.841377	0.810274	0.839317	0.818189	0.829845	0.838455	0.851392	0.855541	0.871303	0.83422	0.850222	0.873603	0.85548	0.845899	0.829845	0.856412	0.883513	0.859587	0.85846	0.850222	0.866299	0.853228	0.877374	0.840245	0.828595	0.833653	0.817591	0.818189	0.852454	0.848557	0.867438	0.847153	0.846425	0.857439	0.844638	0.847874	0.817591	0.862084	0.819104	0.918291	0.819104	0.87868	0.905869
80000	slope	-0.0338133	0.0318403	0.045336	0.0582817	0.0514257	0.0673992	0.0678624	0.0668165	-0.0338133	0.0941174	0.0347323	0.0285284	0.0546656	0.0312746	0.0663799	0.0628825	-0.048115	0.0994719	0.0407092	0.0443776	0.0451481	0.0376154	0.0550319	0.0352341	0.0123209	0.0447311	0.0531384	0.0675513	-0.048115	0.086108	0.0531384	0.0541431	0.0654476	0.0236475	0.0511926	0.0347323	0.0577899	0.045176	-0.048115	0.0485082	0.068205	-0.0338133	0.0565622	0.0668165	0.0236026	0.0653591	-0.0131486	0.0531384	0.0763052	-0.048115	0.055907	0.0577899	0.0662335	0.0994719	0.103923	-0.0156326	0.053343	0.0994719	0.0347323	0.0811303	0.0677422	0.0554604	0.0628825	-0.048115	0.0456066	0.045232	0.097932	0.0312746	0.0625495	0.0094265	0.0285284	0.0549351	0.0701122	0.0723338	0.0666145	0.0880655	0.071567	0.0443304	0.103923	0.0378296	0.0541431	0.0531384	0.0688699	0.0837504	0.0541431	0.0329375	0.05199	0.0662335	0.0485082	0.0514741	0.0941174	0.0492989	0.0236026	-0.0338133	0.0347323	0.0482887	0.0766112	0.00852184	0.0387382	0.0598849	0.00877291	0.0811026	0.0678624	-0.012262	0.0531384	0.0663799	0.0941174	0.0678624	0.0664379	0.0994719	0.0229108	-0.048115	0.0832543	0.0633327	0.0699557	0.0865576	0.0663799	0.0678624	-0.0218716	0.00437493	0.0994719	-0.0156326	0.0572264	0.0523317	0.0492799	0.103923	-0.048115	0.103923	0.0244536	0.0477842	0.0941174	0.0531054	0.0426091	0.0662335	0.0152512	0.0678624	0.0751431	0.0531384	0.0668165	0.0633327	0.0495526	0.0628825	0.0402072	0.0531054	0.071567	0.0123209	0.0312746	0.0347323	0.0641675	0.0372585	0.0688699	0.0492989	0.0576577	0.0467021	0.055907	0.0668165	0.0576577	0.00911325	0.00852184	0.0146868	0.0642076	0.0492799	0.0512973	0.0221524	0.049014	0.00740383	0.0837504	0.0094265	0.0689366	0.0372585	0.0621137	0.0592235	0.0236026	0.0449052	0.103923	0.0568649	0.00935074	0.0236026	0.067444	0.103923	0.0187578	0.0533003	0.083695	0.000816118	0.0751431	0.0478807	0.0689366	0.0455474	0.0666145	0.0285284	0.06147	0.0663799	0.0492799	-0.048115	0.0269412	0.0994719	0.0696357	0.0193904	0.0701787	0.0850785	0.0588677	-0.048115	0.0123209	0.0662335	0.0668165	0.0492799	0.072092	0.0523317	-0.0517651	0.065968	0.088523	0.00291099	0.0550319	0.0456066	0.0494206	0.00311892	0.0662335	0.0628825	0.0221524	0.0811303	0.0261849	0.0837504	0.0751431	0.0668165	0.0548427	0.0559889	0.0451481	0.0531384	0.0641675	0.0662335	0.0531054	0.0735314	0.0094265	0.0688699	0.0654476	-0.048115	0.0634426	0.0550319	0.0693273	0.0994719	0.099454	0.0619944	-0.0100966	0.0478807	0.0495526	0.0920637	0.0193904	0.0531384	0.0285284	0.06281	0.0236026	0.0236026	0.0255229	0.0492989	0.0640486	0.0347323	0.0737839	0.0447311	0.0548427	0.0633327	0.0688699	0.0269412	0.0477842	0.0548427	0.0678624	0.0246381	0.0577899	0.0492799	-0.0338133	0.0538228	0.0708493	-0.0338133	0.099096	0.111051	0.103923	0.05199	0.00620339	0.0688699	0.0443776	0.0568649	-0.0424103	0.0541431	-0.0517651	0.0559889	0.0457192	0.0994719	0.0492989	0.0633327	-0.0338133	0.0811303	0.061051	0.0649105	0.0285284	0.0495526	0.0693273	0.0168701	0.0531384	-0.0145962	0.0310751	0.0422013	0.024194	0.0653591	0.0658338	0.0688699	0.0678624	-0.047616	0.0492799	0.00740383	0.0689366	0.0193904	-0.048115	0.0662335	0.0144342	0.0508983	0.0559889	0.0197399	0.0865576	0.0523317	0.06281	0.0628825	-0.0562756	-0.0074993	0.0387382	0.00624096	0.0443776	0.0530435	0.12124	0.0955503	0.0641675	0.0580805	0.0641675	0.0994719	0.103923	-0.048115	0.0550319	-0.0461923	0.0379439	0.0227319	0.00852184	0.0094265	0.067444	0.0619944	0.0550319	0.0628825	0.00740383	0.0598849	0.0550319	0.06281	0.0246381	0.083695	0.0548427	0.0478807	0.0549351	-0.0156326	0.0678624	0.0662335	0.0672135	0.0701787	0.0628825	0.0655328	0.00620339	0.0312746	0.0701122	0.0688699	0.0689366	0.103923	0.0678624	0.100301	0.103923	0.061929	0.0678624	0.0550319	-0.0497927	0.0689366	-0.048115	0.05199	0.0523317	0.0503835	0.0347323	0.023403	0.045648	0.0482887	0.0673992	0.0412664	0.0678624	0.0503835	0.114527	0.0347323	0.0613584	0.0492989	0.0774169	0.0261849	-0.048115	0.0203789	-0.0338133	0.0941174	0.0218179	0.0737839	0.000252081	0.088523
80000	intercept	0.887139	0.844588	0.865737	0.845185	0.832717	0.850118	0.843806	0.833717	0.887139	0.807058	0.849239	0.86191	0.839715	0.870064	0.844594	0.837191	0.897295	0.783681	0.859587	0.846396	0.860735	0.846683	0.831656	0.841752	0.868473	0.850118	0.854978	0.837864	0.896713	0.845943	0.854978	0.848207	0.844898	0.884626	0.853619	0.849813	0.844898	0.84126	0.901527	0.833284	0.861575	0.887139	0.849706	0.869094	0.82896	0.853167	0.879847	0.854978	0.831018	0.903454	0.853981	0.844898	0.850094	0.807058	0.839026	0.887139	0.834477	0.807058	0.856045	0.851669	0.851494	0.82625	0.850118	0.889899	0.846683	0.860775	0.8358	0.870064	0.828998	0.847657	0.86191	0.848068	0.843806	0.855026	0.852894	0.837112	0.846508	0.829104	0.839026	0.839883	0.848207	0.84869	0.850094	0.842619	0.847011	0.870064	0.821717	0.850094	0.833284	0.859392	0.807058	0.836745	0.82896	0.887139	0.849239	0.843001	0.837885	0.846934	0.825966	0.864847	0.884806	0.842105	0.843806	0.868513	0.855578	0.847503	0.807058	0.834726	0.854088	0.807058	0.874968	0.896713	0.881982	0.850118	0.836436	0.840895	0.847503	0.834726	0.887461	0.867622	0.807058	0.887139	0.842018	0.846115	0.868028	0.84808	0.901527	0.84808	0.867704	0.886483	0.807058	0.83921	0.859018	0.850094	0.850814	0.843806	0.853552	0.854978	0.837112	0.850118	0.858142	0.839742	0.860735	0.83921	0.846508	0.886971	0.870064	0.874111	0.837429	0.829753	0.850094	0.836745	0.844898	0.856192	0.848059	0.837112	0.844898	0.875929	0.861969	0.860784	0.84689	0.868028	0.846809	0.847504	0.854598	0.888221	0.836187	0.86053	0.854155	0.860396	0.850476	0.851469	0.83185	0.834156	0.853631	0.833717	0.876199	0.82896	0.844898	0.839026	0.871781	0.833534	0.844594	0.894489	0.853552	0.856287	0.854155	0.83921	0.852894	0.850751	0.863082	0.844594	0.868028	0.901527	0.887833	0.807058	0.854908	0.86495	0.847347	0.849087	0.834156	0.897295	0.886971	0.850094	0.865761	0.868028	0.82537	0.864149	0.889381	0.846115	0.846577	0.904563	0.821717	0.846683	0.836011	0.87928	0.850094	0.850118	0.840551	0.851669	0.836745	0.842619	0.853552	0.869094	0.844868	0.811537	0.846242	0.85688	0.83855	0.850094	0.837972	0.82537	0.861481	0.850094	0.844898	0.901527	0.829104	0.821717	0.848755	0.783681	0.839026	0.86441	0.892484	0.832717	0.865218	0.838678	0.86495	0.84869	0.850751	0.863082	0.83185	0.82896	0.848207	0.836745	0.847347	0.874111	0.839138	0.850118	0.842245	0.853872	0.850094	0.887833	0.886483	0.864606	0.843806	0.82896	0.844898	0.878045	0.887139	0.858142	0.854088	0.887139	0.849386	0.793896	0.834175	0.821717	0.884806	0.850094	0.846396	0.833717	0.891538	0.848207	0.889381	0.811537	0.841752	0.807058	0.836745	0.850118	0.887139	0.851669	0.825197	0.845457	0.86191	0.858142	0.844594	0.872993	0.84869	0.853653	0.86983	0.82164	0.877982	0.836011	0.847347	0.850094	0.843806	0.901288	0.878045	0.888221	0.836011	0.86495	0.901527	0.849639	0.850814	0.836446	0.83436	0.83185	0.854573	0.864149	0.863082	0.839742	0.912253	0.887833	0.825966	0.873499	0.846396	0.852102	0.84808	0.850094	0.837429	0.843031	0.83855	0.807058	0.84699	0.901527	0.821717	0.887139	0.847153	0.870064	0.861969	0.853653	0.844898	0.841381	0.821717	0.829339	0.888221	0.864847	0.831656	0.866047	0.82896	0.844594	0.842245	0.832717	0.848068	0.887139	0.843806	0.850094	0.82537	0.847347	0.829339	0.843661	0.884806	0.870064	0.843806	0.850094	0.836011	0.839026	0.834726	0.815793	0.84808	0.827788	0.844007	0.831656	0.912253	0.852057	0.891538	0.821717	0.864149	0.83436	0.874111	0.86191	0.882687	0.837916	0.850118	0.833284	0.843806	0.834146	0.794688	0.856045	0.85064	0.836745	0.852102	0.836745	0.896713	0.873499	0.887139	0.807058	0.847589	0.839138	0.852558	0.846577
81000	slope	0.05673	0.0420964	0.0121626	0.0640147	0.104591	0.0753675	0.0784507	0.0728407	0.076476	0.0359764	0.0350754	0.0685929	0.0640147	0.10409	0.06676	0.0684193	0.0545756	0.0685929	0.0682378	0.0570786	0.0700977	0.0846885	0.0736647	0.0823964	0.0421611	0.0617285	0.0421839	0.0747955	0.0751665	0.0762204	0.0284659	0.0846885	0.0479719	0.0784118	0.0825018	0.0649667	0.0685929	0.0724698	0.0728407	0.0858474	0.0740557	0.0962835	0.0940607	0.0516109	0.0819062	0.0584514	0.0270183	0.0584514	0.048999	0.0715329	0.10409	0.0534976	0.076476	0.0731823	0.0534976	0.0644355	0.0885032	0.087118	0.0617903	0.0678827	0.0328929	0.0471173	0.0545756	0.0910448	0.05673	0.0674614	0.0479719	0.0747955	0.0858474	0.0846885	0.0633817	0.0850474	0.0671141	0.0715996	0.0689107	0.0623075	0.0685929	0.0584514	0.0778255	0.0837206	0.0803648	0.0749798	0.0640147	0.0751963	0.0403622	0.0534976	0.0541944	0.0797664	0.0823964	0.0882912	0.0627963	0.0121626	0.0730582	0.0918084	0.0584514	0.0271733	0.0772792	0.0718304	0.0574806	0.0678827	0.0918084	0.0994248	0.0554354	0.0379312	0.077922	0.0693141	0.0206188	0.0578381	0.0421839	0.0685929	0.0527526	0.0728407	0.0420964	0.0359764	0.0786934	0.0842567	0.077922	0.0918084	0.0693409	0.0751963	0.0722715	0.0774289	0.0560059	0.0534976	0.070834	0.0359764	0.0359764	0.0663683	0.0674614	0.0359764	0.0728407	0.0556833	0.0730582	0.076476	0.0426235	0.0850474	0.0751963	0.0780964	0.0747955	0.0848485	0.0685929	0.00222671	0.0528935	0.0663683	0.0874864	0.0790883	0.0685929	0.0605878	0.0220407	0.0778255	0.0827332	0.0966498	0.0663683	0.0715293	0.0413009	0.0784507	0.0471173	0.0206188	0.080429	0.0840144	0.0520217	0.0909004	0.0895598	0.076476	0.0728407	0.0870856	0.0762204	0.0640147	0.0631478	0.06116	0.0456666	0.0471173	0.0640147	0.0674614	0.0631815	0.0728407	0.0420964	0.0359764	0.0850474	0.0966209	0.0685929	0.0728407	0.0578381	0.0846501	0.0757042	0.0570786	0.0751963	0.0707984	0.0507098	0.0762204	0.0451604	0.0574806	0.088539	0.0454167	0.0846885	0.0751963	0.0359764	0.0606892	0.0586469	0.0382549	0.0778255	0.0671141	0.0751963	0.0421839	0.0718485	0.0751963	0.0420964	0.0918084	0.0534976	0.0846885	0.0674614	0.0570786	0.0623075	0.0617903	0.0270183	0.0685929	0.0966498	0.0938854	0.0621824	0.0350754	0.0751008	0.0797664	0.0640147	0.076476	0.0778255	0.0586113	0.0570786	0.0121626	0.0570786	0.0623075	0.0537456	0.0530635	0.0640147	0.0994248	0.0780964	0.076476	0.0421839	0.0671141	0.0655219	0.0430074	0.0439265	0.0895598	0.0598132	0.0689107	0.0566636	0.0682378	0.0350754	0.0909004	0.0689107	0.0758957	0.0534976	0.0534976	0.0674614	0.0885032	0.0623075	0.0640147	0.088539	0.0598132	0.0359764	0.0570786	0.0640147	0.0762204	0.06116	0.0767323	0.0818468	0.0350754	0.0903879	0.0578381	0.00438585	0.0507652	0.0740557	0.0530635	0.0803648	0.0728407	0.0359764	0.0401577	0.0379312	0.0966498	0.0454167	0.052653	0.00222671	0.0836131	0.0818468	0.0697342	0.0803648	0.0574806	0.0850474	0.0918084	0.0850474	0.0780186	0.0889143	0.0578381	0.0777978	0.0918084	0.0674614	0.0907869	0.0570786	0.0774289	0.0737859	0.0284659	0.0421839	0.0685929	0.0846501	0.0680269	0.0655219	0.00222671	0.0421839	0.0350754	0.0401577	0.0740557	0.0350754	0.06116	0.0919752	0.0578381	0.0813499	0.0403878	0.076476	0.0421839	0.0534976	0.0246068	0.0749798	0.0802169	0.0685929	0.0728407	0.0751963	0.0995361	0.0556833	0.080429	0.0456921	0.0762204	0.0689107	0.0451604	0.0640147	0.0640147	0.0823964	0.0846885	0.10409	0.0413009	0.088539	0.0794398	0.0121626	0.048999	0.0730582	0.080429	0.0698295	0.0685929	0.0359764	0.0570786	0.0900266	0.0623075	0.0879393	0.0730774	0.087388	0.087118	0.0826102	0.10409	0.0674614	0.0846885	0.0784507	0.0605509	0.0730582	0.0663683	0.0751963	0.0825018	0.0669093	0.0121626	0.0526655	0.0846501	0.0413009	0.087118	0.0574806	0.046844	0.0784507	0.0707627	0.0570786	0.0846885	0.10409	0.0664643	0.0730231	0.0778255	0.06116	0.0544328	0.0751008	0.048999	0.0737859	0.0121626	0.0758957	0.0640147	0.0907869	0.076476	0.0678827	0.0797585	0.082474	0.0685929	0.0129225	0.0421839	0.0544014	0.076476	0.0940607	0.0762204
81000	intercept	0.840961	0.84753	0.867019	0.843811	0.834278	0.867325	0.843625	0.834393	0.853499	0.837655	0.845618	0.859461	0.83593	0.812264	0.826288	0.847763	0.815572	0.859461	0.851371	0.847944	0.819567	0.844099	0.852323	0.84512	0.86494	0.868609	0.831975	0.823593	0.858827	0.858278	0.830256	0.84715	0.846086	0.833901	0.827794	0.827809	0.868675	0.837544	0.834393	0.844504	0.84469	0.811472	0.83772	0.844875	0.847774	0.816393	0.858864	0.816393	0.840747	0.83593	0.8104	0.853415	0.820289	0.857657	0.869651	0.856998	0.828995	0.844504	0.838948	0.83425	0.817779	0.872041	0.827497	0.8236	0.833499	0.836481	0.846086	0.8214	0.844504	0.823346	0.827812	0.830475	0.84784	0.85497	0.816621	0.857196	0.856296	0.815574	0.852856	0.83593	0.835172	0.848746	0.817649	0.85627	0.867614	0.868177	0.83359	0.818051	0.84512	0.860927	0.862587	0.867019	0.870797	0.84354	0.815574	0.853363	0.84912	0.858922	0.847711	0.84442	0.84354	0.822563	0.854265	0.824361	0.830173	0.835531	0.816401	0.844862	0.837956	0.865352	0.859604	0.827794	0.842492	0.82229	0.843519	0.844178	0.830173	0.84354	0.856296	0.838621	0.862073	0.876306	0.856296	0.853415	0.816393	0.82229	0.82229	0.874641	0.836481	0.853176	0.834393	0.857443	0.860927	0.820289	0.853564	0.830475	0.8452	0.824956	0.8214	0.856912	0.864489	0.867019	0.833499	0.874641	0.859794	0.859091	0.856296	0.844862	0.867019	0.852856	0.799154	0.840436	0.874641	0.82331	0.860341	0.843625	0.872041	0.82229	0.846159	0.845657	0.809191	0.812728	0.829467	0.823253	0.83518	0.848746	0.847774	0.84096	0.895361	0.842565	0.826714	0.872041	0.822538	0.836481	0.84512	0.834393	0.842492	0.82229	0.830475	0.832031	0.865352	0.834393	0.844862	0.868177	0.841261	0.868609	0.8452	0.828816	0.847837	0.847774	0.849951	0.86265	0.828995	0.847944	0.823346	0.8452	0.837655	0.844738	0.840911	0.833499	0.837614	0.821865	0.8452	0.839708	0.837769	0.838621	0.842492	0.831183	0.844891	0.823346	0.842766	0.848722	0.857196	0.86265	0.863949	0.859461	0.840436	0.846464	0.864327	0.84593	0.824073	0.818051	0.837805	0.820289	0.855435	0.841423	0.847944	0.867019	0.847944	0.857196	0.852646	0.884335	0.837805	0.822563	0.824956	0.820289	0.839708	0.818675	0.857196	0.84753	0.86265	0.83967	0.823365	0.816621	0.874641	0.851371	0.845618	0.812728	0.816621	0.850321	0.889052	0.853415	0.836481	0.828995	0.857196	0.83593	0.844373	0.823365	0.82229	0.878641	0.83593	0.847774	0.842565	0.834393	0.799154	0.84593	0.846159	0.844862	0.867019	0.872041	0.84469	0.860341	0.835172	0.834393	0.82229	0.868177	0.824361	0.840436	0.847944	0.860341	0.867019	0.825696	0.799154	0.860927	0.841238	0.847711	0.830475	0.84354	0.830475	0.870621	0.820289	0.856792	0.870621	0.84354	0.836481	0.833335	0.878641	0.876306	0.844092	0.830256	0.844521	0.864489	0.868177	0.85093	0.857196	0.867019	0.844521	0.845618	0.868177	0.84469	0.845618	0.842565	0.84354	0.844862	0.876306	0.817792	0.829933	0.839708	0.889052	0.813106	0.848746	0.854215	0.868675	0.827794	0.8452	0.84354	0.857443	0.846159	0.874641	0.847774	0.816621	0.849951	0.837805	0.822538	0.84512	0.83097	0.8104	0.860341	0.828995	0.862854	0.867019	0.840747	0.860927	0.846159	0.833499	0.864489	0.853176	0.881172	0.862854	0.857196	0.848115	0.844862	0.845986	0.844504	0.84475	0.832034	0.836481	0.83097	0.843625	0.844817	0.860927	0.874641	0.837379	0.827794	0.814877	0.867019	0.849957	0.868177	0.860341	0.844504	0.86494	0.885471	0.843625	0.838401	0.847944	0.832807	0.819558	0.857196	0.824956	0.852856	0.838637	0.872041	0.824073	0.840747	0.844092	0.867019	0.850321	0.83593	0.824956	0.820289	0.83425	0.844817	0.818051	0.875013	0.887658	0.84753	0.801421	0.820289	0.83772	0.847774
82000	slope	0.0942232	0.0495695	0.0109111	0.0631227	0.0612703	0.0397864	0.0370018	0.0432847	0.0176974	0.074654	0.050796	0.0575916	0.05901	0.0762351	0.0635319	0.0871786	0.0774622	0.0685883	0.0569447	0.0774622	0.0597137	0.0422772	0.0513002	0.0936197	0.0573678	0.0333316	0.0758774	0.0676984	0.0685796	0.0651057	0.0685796	0.0784728	0.0573723	0.102538	0.0397864	0.0693881	0.0397864	0.0590601	0.0443867	0.0868534	0.0553917	0.0536938	0.0832466	0.0631227	0.0868534	0.0631227	0.0540659	0.0625314	0.0560271	0.116053	0.0281006	0.116053	0.0612703	0.0507432	0.0774622	0.017541	0.0397864	0.0615758	0.0868534	0.0495695	0.0758774	0.0677717	0.0612703	0.0844983	0.0774622	0.0397864	0.0414772	0.107158	0.075241	0.0516316	0.0585068	0.0611516	0.102538	0.0544877	0.073675	0.0373339	0.064119	0.0593191	0.0611141	0.0814743	0.0507432	0.0580015	0.0774622	0.0593901	0.0648548	0.064428	0.0854648	0.0828219	0.0932304	0.0815257	0.0462477	0.0854648	0.0773297	0.0989357	0.0611141	0.0422772	0.0596291	0.0655219	0.0544877	0.0774622	0.0495695	0.0397864	0.0656239	0.0832971	0.073943	0.107158	0.0736697	0.0547954	0.0528604	0.0650559	0.0470862	0.0673773	0.0688054	0.0495695	0.050796	0.0612703	0.071011	0.0569447	0.0507432	0.0611141	0.0611141	0.0576846	0.0573678	0.0537191	0.0865146	0.050796	0.050796	0.0397864	0.0781765	0.0936197	0.0832971	0.0774622	0.062323	0.0612703	0.0861312	0.0928668	0.0476005	0.0612703	0.0736697	0.0469867	0.0437352	0.0422772	0.07294	0.0429156	0.075241	0.075241	0.0585068	0.0731704	0.0567257	0.064428	0.0707442	0.0397864	0.0699997	0.0559238	0.0612703	0.0526155	0.0631227	0.056288	0.0612703	0.0774622	0.0656239	0.0370018	0.0637488	0.0774622	0.0688786	0.0640613	0.0109111	0.0650559	0.073185	0.036559	0.0611922	0.0574258	0.0536938	0.0397864	0.0861312	0.0815257	0.0707442	0.0560803	0.0893863	0.0611141	0.0437117	0.0709621	0.0612703	0.0844983	0.0844983	0.0767694	0.073675	0.0687811	0.0536938	0.0352574	0.0579778	0.0597137	0.0928668	0.0495695	0.0746982	0.0688786	0.0554199	0.0814038	0.0738428	0.0573678	0.0612703	0.0746982	0.0495695	0.0723389	0.0631227	0.0726837	0.0832971	0.0579778	0.0573678	0.0656239	0.0631227	0.050796	0.0859782	0.0814038	0.0677717	0.0799056	0.0333316	0.0366387	0.083784	0.064428	0.0650559	0.0265525	0.0688786	0.050796	0.0495695	0.0631227	0.0397864	0.0688786	0.0559238	0.075241	0.0397864	0.0475699	0.0397864	0.0711565	0.0650559	0.0593901	0.102538	0.0598383	0.0858167	0.0397864	0.0176974	0.0574258	0.0766843	0.050796	0.0495695	0.0152679	0.0631227	0.0540659	0.0560271	0.0536938	0.0677757	0.0685796	0.107158	0.0573723	0.0746982	0.0645315	0.0676984	0.0437352	0.0128394	0.071011	0.116053	0.0544877	0.107158	0.0462477	0.0736928	0.0650559	0.0382834	0.0815257	0.050796	0.0612703	0.0715437	0.0788848	0.075241	0.0703117	0.110347	0.0774622	0.0746982	0.050796	0.0597137	0.0495695	0.050796	0.0730792	0.0704875	0.0635545	0.0495695	0.0655075	0.0597137	0.0828219	0.050796	0.0868534	-0.00971201	0.0612703	0.0868534	0.0560271	0.050796	0.0295534	0.0590612	0.0439847	0.0573723	0.0585068	0.0507432	0.0814038	0.0679953	0.0612703	0.0397864	0.0788848	0.0612703	0.0688786	0.064119	0.0536938	0.0818137	0.0631227	0.0612703	0.0618014	0.057715	0.0612703	0.0540659	0.0176974	0.064119	0.047602	0.0768051	0.0612703	0.0504575	0.0690841	0.0746982	0.102538	0.0574258	0.0573723	0.0567257	0.0815257	0.0524885	0.0688786	0.0814903	0.0646016	0.0366387	0.0746982	0.0462477	0.0540659	0.0854648	0.0574258	0.0443867	0.0657257	0.0707442	0.0524885	0.076111	0.0560247	0.0736697	0.0651057	0.125422	0.0814743	0.0651057	0.0590601	0.073675	0.0782257	0.0808545	0.0128394	0.064119	0.0652186	0.075241	0.0611141	0.0789137	0.0540659	0.0662439	0.102538	0.0524885	0.0476005	0.075241	0.0593901	0.0868534	0.0665864	0.0590612	0.0521828	0.0437117	0.0844983	0.064119	0.0721653	0.0713473	0.0631227	0.0422772	0.0567257	0.0832971	0.0711565	0.050796	0.0893863	0.0652186	0.0573678	0.050796	0.0524885	0.0612703	0.0631227	0.0567257	0.0746982	0.0758774	0.0832466	0.0587221	0.0805975	0.0789137	0.0746982	-0.00477309	0.0109111
82000	intercept	0.82691	0.843886	0.899424	0.829151	0.844817	0.888049	0.841849	0.871655	0.838191	0.84903	0.846999	0.85741	0.85635	0.850227	0.828795	0.8612	0.85741	0.851904	0.870342	0.85741	0.834302	0.899332	0.864629	0.8389	0.881255	0.883064	0.848006	0.849693	0.844817	0.834302	0.844817	0.829818	0.839517	0.823427	0.88096	0.840408	0.89227	0.826154	0.854722	0.839772	0.844143	0.80993	0.818231	0.844343	0.834302	0.844136	0.845423	0.843868	0.849497	0.849326	0.85198	0.849326	0.844817	0.840438	0.85741	0.894421	0.888049	0.844644	0.834302	0.830117	0.843951	0.870995	0.844817	0.821766	0.85741	0.88096	0.843886	0.834507	0.858606	0.825541	0.834302	0.835561	0.823427	0.823907	0.839753	0.890306	0.826298	0.865474	0.834413	0.850385	0.840438	0.826298	0.85741	0.871723	0.842304	0.850198	0.83659	0.870734	0.8389	0.848356	0.843886	0.83659	0.852267	0.823427	0.834413	0.899332	0.84927	0.827583	0.851058	0.85741	0.830117	0.88096	0.860945	0.833858	0.848795	0.834507	0.84903	0.837562	0.851856	0.835887	0.88182	0.847739	0.84853	0.833692	0.846999	0.844817	0.830101	0.870342	0.840438	0.827882	0.834413	0.86194	0.897582	0.83647	0.838346	0.841289	0.846999	0.88096	0.846062	0.845411	0.833858	0.846949	0.825173	0.825727	0.855259	0.853046	0.821618	0.849693	0.84903	0.858606	0.845423	0.899332	0.861972	0.85198	0.858606	0.858606	0.834302	0.85322	0.83647	0.848247	0.843925	0.888049	0.846673	0.843886	0.84767	0.844827	0.853224	0.83046	0.849693	0.85741	0.839452	0.841849	0.835214	0.85741	0.84903	0.834413	0.899424	0.835887	0.855259	0.883678	0.842053	0.839809	0.820965	0.871381	0.855259	0.848356	0.843925	0.84927	0.833858	0.834413	0.883297	0.832804	0.841849	0.83477	0.821157	0.842494	0.841643	0.834929	0.80993	0.887838	0.83445	0.834302	0.853046	0.833692	0.843546	0.84903	0.837467	0.841299	0.844278	0.881255	0.849693	0.84037	0.829636	0.828733	0.830101	0.850728	0.833858	0.83445	0.897582	0.849898	0.836911	0.841289	0.830658	0.841299	0.870995	0.897582	0.883064	0.820965	0.848247	0.843958	0.835887	0.900068	0.84903	0.839791	0.843886	0.853224	0.88096	0.84903	0.843886	0.858606	0.888049	0.839151	0.88096	0.841714	0.835887	0.871723	0.823427	0.830325	0.847164	0.88096	0.838191	0.835216	0.848605	0.841289	0.825106	0.894421	0.836911	0.849657	0.849497	0.820965	0.858606	0.844817	0.834507	0.839517	0.84037	0.856519	0.849693	0.845423	0.894421	0.830101	0.849326	0.851058	0.834507	0.843886	0.848057	0.835887	0.882197	0.848356	0.824442	0.844817	0.834413	0.835957	0.868429	0.850385	0.834507	0.85741	0.84037	0.839791	0.8365	0.829636	0.834529	0.841798	0.851904	0.834302	0.825106	0.853973	0.834302	0.866893	0.846999	0.839772	0.893053	0.844817	0.834302	0.849497	0.846999	0.883064	0.826298	0.829903	0.838328	0.834302	0.840438	0.841299	0.829818	0.825727	0.88096	0.835957	0.844817	0.84903	0.826298	0.820965	0.84037	0.853224	0.849693	0.850728	0.848865	0.849693	0.845423	0.839556	0.817646	0.83647	0.860066	0.844817	0.827574	0.843668	0.84037	0.823427	0.835479	0.831201	0.83647	0.848356	0.83647	0.84903	0.869353	0.847366	0.820965	0.844434	0.843886	0.845423	0.83659	0.839809	0.854722	0.854071	0.843925	0.83647	0.853652	0.826298	0.85706	0.834302	0.833223	0.850385	0.834302	0.826154	0.841643	0.828795	0.851904	0.894421	0.810672	0.844817	0.858606	0.830858	0.844817	0.849657	0.84903	0.823427	0.83647	0.821618	0.858606	0.851084	0.834302	0.844817	0.826298	0.830325	0.870342	0.830393	0.826298	0.845543	0.84903	0.842716	0.885042	0.851582	0.833858	0.841714	0.846999	0.833858	0.844817	0.881255	0.846999	0.83647	0.844817	0.835957	0.83647	0.84037	0.837018	0.818231	0.854071	0.863362	0.843725	0.827928	0.887329	0.899424
83000	slope	0.0516306	0.0491955	0.0408549	0.0173076	0.0961926	0.0850349	0.0802929	0.0961926	0.0787312	0.0737428	0.0944286	0.0572032	0.0944286	0.0574555	0.0968579	0.0543962	0.0461633	0.065295	0.0932123	0.0731699	0.0461633	0.108079	0.0599284	0.0543436	0.0461633	0.0912733	0.0479305	0.065295	0.0336591	0.0575912	0.0724676	0.0189884	0.0287032	0.0651309	0.0731699	0.0944286	0.096242	0.0487946	0.0711796	0.0767626	0.0858513	0.0697372	0.0672434	0.0844533	0.0599284	0.02783	0.0587259	0.0287854	0.00109706	0.0401832	0.065295	0.0453174	0.0712945	0.0944209	0.0879448	0.101337	0.036857	0.033783	0.0676875	0.0584517	0.0760367	0.0985439	0.036314	0.0920748	0.0404004	0.0734395	0.0844533	0.0502929	0.0863409	0.0855806	0.0495961	0.0825727	0.0300735	0.0709309	0.118443	0.0622947	0.0791117	0.0672935	0.0820776	0.067262	0.0467651	0.0881181	0.0977337	0.0828687	0.0599284	0.0606955	0.0676875	0.0900141	0.0495796	0.065295	0.0868376	0.0944286	0.0944286	0.0881599	0.0656292	0.069409	0.0800614	0.0825727	0.0961926	0.0475896	0.0313843	0.101207	0.0257703	0.0501528	0.107139	0.0332319	0.0429598	0.0521309	0.0950459	0.0944286	0.0737428	0.0620884	0.0858513	0.0696031	0.0944286	0.0461633	0.0737428	0.0601906	0.0868376	0.084964	0.0436351	0.0587259	0.0889411	0.0679273	0.0900141	0.0643239	0.0676875	0.0554109	0.0510056	0.0385424	0.0836241	0.0618313	0.0873611	0.0760367	0.0944286	0.103825	0.0428505	0.0287854	0.0622947	0.0671379	0.0850349	0.0836241	0.0257703	0.0256938	0.0724676	0.0881181	0.0539784	0.071156	0.0610487	0.00413299	0.108232	0.0638568	0.0502929	0.0495666	0.101207	0.0353723	0.033783	0.0881181	0.0821062	0.0606955	0.0664656	0.0729022	0.0731699	0.0696031	0.0787899	0.0873611	0.0701076	0.075497	0.0532553	0.0985439	0.0897624	0.0599284	0.108079	0.0502929	0.113957	0.0976736	0.0257703	0.0858513	0.0858513	0.0502929	0.0791688	0.0676875	0.0734395	0.0944286	0.0599284	0.0944286	0.0428505	0.0917839	0.0646246	0.0898436	0.08647	0.00109706	0.0464394	0.0862058	0.0876451	0.0794482	0.0752234	0.0644287	0.0606955	0.0513961	0.0122065	0.0803742	0.0257703	0.0881599	0.0668365	0.0287854	0.0863665	0.0479305	0.0881181	0.0944286	0.0651309	0.0510446	0.0195808	0.0731699	0.101451	0.0457867	0.0599284	0.0836241	0.0256938	0.0881181	0.0981122	0.0643239	0.0257703	0.101451	0.0676875	0.113957	0.0510446	0.0382835	0.0858513	0.094258	0.033783	0.0881181	0.0479305	0.0143782	0.036857	0.0382835	0.0501528	0.0850349	0.0898436	0.0572032	0.0563438	0.0974651	0.065295	0.0868004	0.0502929	0.0752234	0.0944286	0.0836241	0.0507604	0.113957	0.0944209	0.0961926	0.0676875	0.0420846	0.0731699	0.0521309	0.0737428	0.069409	0.0742928	0.0679273	0.0572032	0.0257703	0.0961926	0.0731699	0.051918	0.108232	0.0300735	0.0574555	0.0428505	0.0601906	0.0332319	0.0858513	0.0944286	0.0429598	0.0961926	0.0676875	0.0594096	0.0507604	0.0852257	0.0836241	0.113957	0.0836241	0.065295	0.065295	0.0858513	0.094258	0.0944209	0.101451	0.124733	0.0572032	0.0920748	0.0477723	0.0479305	0.084964	0.0575912	0.104498	0.036865	0.0868004	0.0676875	0.0790712	0.0978609	0.0852257	0.0858513	0.0881181	0.0601906	0.0308411	0.0973232	0.0572032	0.0727233	0.0546164	0.0929353	0.036857	0.0725047	0.0572032	0.0645273	0.0881181	0.0944286	0.0396374	0.071219	0.0572032	0.0881181	0.0898436	0.0787312	0.0418553	0.0855327	0.0881599	0.0798362	0.0961926	0.0501528	0.0516306	0.0606955	0.0287854	0.0382835	0.0473693	0.0790712	0.108079	0.08647	0.0825727	0.0731699	0.0479305	0.0961926	0.101451	0.0510056	0.0825727	0.0825727	0.0736011	0.0855327	0.0268204	0.0897624	0.0574555	0.0961926	0.0696031	0.0332319	0.0122065	0.0737144	0.0754311	0.0627084	0.00413299	0.0697372	0.0723271	0.0679273	0.0151004	0.0985439	0.0881181	0.0944286	0.0195808	0.0737124	0.0671379	0.0881181	0.0777555	0.0627152	0.0651309	0.0624782	0.0944286	0.0314871	0.0844533	0.104498	0.065295	0.0881181	0.0809225	0.0257703	0.00413299	0.0900141	0.0457867	0.0574555	0.0624782	0.0737428	0.0825727	0.0533544	0.0820776	0.0477234	0.0798362	0.0450402	0.0742928	0.0441222	0.0332319	0.070822	0.0858513	0.0418553	0.0726756
83000	intercept	0.84059	0.854196	0.86542	0.883667	0.853657	0.855531	0.838711	0.853657	0.818272	0.830058	0.831789	0.857281	0.83132	0.877887	0.832474	0.893393	0.85109	0.823422	0.840424	0.861969	0.844549	0.834679	0.824009	0.843961	0.844549	0.830076	0.853791	0.823422	0.835862	0.852235	0.84906	0.889252	0.829511	0.868646	0.841098	0.83132	0.83132	0.845133	0.84279	0.876717	0.850407	0.824314	0.814385	0.834837	0.824009	0.828854	0.864527	0.885122	0.884819	0.867178	0.823422	0.844805	0.845451	0.83007	0.848172	0.823622	0.835862	0.893684	0.849308	0.856743	0.856608	0.827556	0.890065	0.864817	0.853898	0.814385	0.834837	0.843961	0.850407	0.848172	0.853834	0.85411	0.890065	0.864182	0.848496	0.83103	0.833255	0.837602	0.840332	0.839683	0.856887	0.840053	0.831068	0.816435	0.824009	0.834662	0.86561	0.838147	0.857632	0.823422	0.837979	0.831789	0.814737	0.841326	0.845731	0.838178	0.864802	0.85411	0.853657	0.865931	0.893684	0.83692	0.893684	0.83103	0.829559	0.855664	0.825734	0.847164	0.836323	0.831789	0.830058	0.834662	0.860537	0.86334	0.83132	0.844549	0.830058	0.876042	0.837979	0.851203	0.870497	0.864527	0.837803	0.831798	0.828949	0.83723	0.849308	0.877599	0.85446	0.835862	0.850106	0.833224	0.816203	0.856608	0.831789	0.847673	0.867823	0.885122	0.83103	0.848549	0.855531	0.846592	0.893684	0.87119	0.84906	0.828363	0.873038	0.846592	0.822977	0.880539	0.840176	0.822151	0.843961	0.842788	0.83692	0.865959	0.893684	0.833627	0.842912	0.834662	0.848587	0.852143	0.844173	0.86334	0.836791	0.816203	0.846124	0.847981	0.858092	0.827556	0.843083	0.824009	0.834679	0.843961	0.831789	0.838779	0.893684	0.850407	0.860966	0.843961	0.84869	0.849308	0.814385	0.831789	0.824009	0.831789	0.867823	0.841326	0.864132	0.800038	0.848172	0.884819	0.843437	0.835947	0.815426	0.860537	0.831798	0.816307	0.834662	0.857632	0.884819	0.817326	0.893684	0.841326	0.830058	0.885122	0.826373	0.853791	0.828363	0.814737	0.868646	0.816121	0.884819	0.868622	0.83007	0.86046	0.824009	0.850106	0.87119	0.828363	0.831789	0.83723	0.893684	0.83007	0.849308	0.831789	0.816121	0.890065	0.860537	0.827852	0.893684	0.828363	0.853791	0.877738	0.82419	0.890065	0.83103	0.855531	0.808576	0.861428	0.83343	0.809027	0.823422	0.853213	0.843961	0.831798	0.846699	0.853212	0.821599	0.831789	0.83007	0.831068	0.849308	0.82419	0.846421	0.847164	0.840084	0.838178	0.84906	0.831798	0.857632	0.893684	0.822818	0.841098	0.857632	0.840176	0.885561	0.877887	0.867823	0.876276	0.865959	0.860537	0.831789	0.825734	0.831068	0.849308	0.816121	0.821599	0.843911	0.850106	0.831789	0.847068	0.828946	0.823422	0.860537	0.8217	0.83007	0.83007	0.833311	0.857632	0.864817	0.893684	0.853791	0.871549	0.852235	0.83692	0.825734	0.853213	0.849308	0.834507	0.845278	0.843911	0.860537	0.833627	0.876276	0.835395	0.831789	0.874048	0.839422	0.848109	0.825355	0.835862	0.84906	0.86542	0.844173	0.833627	0.831789	0.889597	0.850628	0.868252	0.828363	0.800038	0.835114	0.835395	0.827303	0.841326	0.860537	0.831068	0.83103	0.825734	0.834662	0.889597	0.890065	0.845463	0.834507	0.834679	0.842381	0.85411	0.844173	0.847535	0.831068	0.83007	0.85446	0.85411	0.85411	0.872132	0.827303	0.829511	0.826373	0.877887	0.831068	0.86334	0.867934	0.884819	0.83982	0.849308	0.84322	0.880539	0.824314	0.876276	0.831798	0.889597	0.827556	0.840053	0.831789	0.884819	0.838178	0.848549	0.855036	0.8337	0.816307	0.859271	0.825734	0.831789	0.8832	0.834837	0.83692	0.823422	0.828363	0.827556	0.893684	0.880539	0.838147	0.857194	0.877887	0.825734	0.830058	0.85411	0.825734	0.836473	0.867376	0.860537	0.86046	0.84906	0.858728	0.867934	0.828363	0.850407	0.835395	0.813466
84000	slope	0.0895249	0.0900132	0.0786593	0.077492	0.0313681	0.0267993	0.0447848	0.0325983	0.074318	0.0489722	0.0515969	0.0572032	0.0985439	0.0985439	0.0488167	0.0715596	0.0706767	0.0594695	0.0723326	0.0315569	0.056447	0.0741454	0.0887285	0.0257213	0.0572032	0.0845327	0.0262196	0.095153	0.0325983	0.0595958	0.0784291	0.0723326	0.0572032	0.0572032	0.061754	0.0705369	0.0467427	0.0471937	0.0668687	0.079118	0.0819284	0.0825114	0.0617328	0.0606858	0.0325983	0.0138608	0.0627325	0.0655699	0.0908836	0.0946721	0.0436279	0.071935	0.0816898	0.0384888	0.0655987	0.0666265	0.0845327	0.0436279	0.0985439	0.0660793	0.0504542	0.0325983	0.0488167	0.0325983	0.0717455	0.0325983	0.0882716	0.0908492	0.0874719	0.0684523	0.065705	0.10074	0.0256822	0.0505283	0.0325983	0.0819284	0.0281239	0.0324132	0.0524655	0.035002	0.0841387	0.0695658	0.0772251	0.0488167	0.0748041	0.0291783	0.0908492	0.0528495	0.056573	0.0504542	0.099647	0.119967	0.0572032	0.061153	0.0750388	0.0531172	0.0900132	0.0405993	0.0325983	0.0406162	0.0705369	0.065717	0.0665108	0.0790229	0.0908492	0.05754	0.0687072	0.0486002	0.0486002	0.0357272	0.0261368	0.0621131	0.0900132	0.0216204	0.0511755	0.0676547	0.0471937	0.0884765	0.075207	0.035002	0.07561	0.0313854	0.0711366	0.0773076	0.0259798	0.0488167	0.0723326	0.0472721	0.0723326	0.071935	0.0488167	0.0624713	0.096125	0.0325983	0.0845327	0.0605842	0.0985439	0.0985439	0.0572032	0.0559162	0.0622158	0.0786593	0.0886523	0.0384888	0.0690175	0.0895249	0.0325983	0.0723326	0.035002	0.0673493	0.0874951	0.10074	0.0572032	0.10074	0.0940661	0.107136	0.0577469	0.0414417	0.100952	0.0384888	0.0256822	0.07561	0.0642831	0.0257213	0.0985439	0.0750388	0.096125	0.104302	0.0438516	0.0504542	0.099647	0.0786593	0.0705369	0.0216204	0.056335	4.34266e-05	0.0790229	0.0302552	0.0550261	0.0660793	0.0504542	0.0705369	0.0891181	0.0572032	0.0630444	0.0414417	0.0378499	0.0511934	0.0486002	0.0447848	0.0887285	0.0415262	0.0697545	0.048034	0.0940661	0.0281239	0.10074	0.106924	0.0617328	0.0499611	0.0786593	0.0655987	0.0845327	0.0274239	0.096125	0.0405107	0.0300873	0.10182	0.0690175	0.0705369	0.100543	0.0720087	0.0740907	0.0511755	0.0325983	0.0739029	0.0378499	0.0692883	0.0845327	0.0435018	0.054238	0.0888159	0.0378499	0.0245847	0.0245847	0.0442336	0.031843	0.075207	0.0845327	0.0989444	0.0405107	0.035002	0.0488167	0.0845327	0.0900132	0.063926	0.0565425	0.0499611	0.0248031	0.0705369	0.07561	0.035002	0.0531172	0.0414417	0.0486002	0.0384888	0.0572032	0.122235	0.0779093	0.0723326	0.035002	0.0723326	0.0874951	0.0739029	0.0329525	0.0486002	0.104116	0.0895249	0.0841387	0.0499611	0.0405107	0.099647	0.0282904	0.0511934	0.0325983	0.0592932	0.0908492	0.0766036	0.0572032	0.0291783	0.0281239	0.0281239	0.0736402	0.0649105	0.0819284	0.0504542	0.0572032	0.0673493	0.0833137	4.34266e-05	0.0313854	0.0895249	0.0511934	0.0325983	0.0847985	0.0884886	0.0281239	0.0572032	0.0325983	0.0888159	0.0723326	0.0790229	0.075207	0.0940661	0.0701239	0.0329525	0.0904414	0.0370539	0.0790229	0.0723326	0.099647	0.0887285	0.0845327	0.0908492	0.0908492	0.0884765	0.0370539	0.0338898	0.122235	0.0587184	0.0845327	0.0558606	0.0673493	0.0684523	0.0457283	0.0325983	0.122235	0.0923522	0.0486002	0.0572032	0.07561	0.0325983	0.0723326	0.075207	0.07561	0.0791897	0.0676547	0.050518	0.106924	0.0445805	0.0565425	0.0904414	0.0315053	0.0281239	0.079118	0.0281239	0.0854412	0.100543	0.0720087	0.0291783	0.0711366	0.0653547	0.0940661	0.0504542	0.0471937	0.0690175	0.07561	0.0750388	0.0845327	0.0868162	0.0499611	0.0723326	4.34266e-05	0.0673493	0.0819284	0.0684523	0.0978223	0.07561	0.0723326	0.0572032	0.035002	0.071935	0.071935	0.0985439	0.0711366	0.0908492	0.0895249	0.0660117	0.0592031	0.0745488	0.077492	0.0670768	0.0895249	0.0245847	0.0908836	0.0723326	0.0726218	0.0887285	0.0572032	0.0845327	0.0149136	0.099647	0.0790229	0.0877186	0.0291783	0.0874951	0.0580294	0.0833137	0.0989444	0.0572032	0.0531172	0.0110584	0.0985439	0.0486002	0.0887285	0.0509313	0.0673493	0.0887285	0.074144	0.0634697
84000	intercept	0.830569	0.849691	0.82076	0.839037	0.875428	0.877904	0.841055	0.879234	0.852172	0.865498	0.870817	0.857796	0.8442	0.838659	0.851077	0.806496	0.852172	0.86879	0.83251	0.86225	0.866228	0.840931	0.865718	0.877904	0.854147	0.834345	0.865023	0.852181	0.867949	0.853924	0.851103	0.83251	0.857796	0.857458	0.840175	0.837049	0.854625	0.880864	0.834311	0.863035	0.867759	0.857729	0.873568	0.848215	0.861038	0.837643	0.852412	0.808854	0.852515	0.865718	0.869314	0.808853	0.865064	0.814423	0.832804	0.842008	0.843372	0.869314	0.8442	0.871812	0.844773	0.861038	0.851077	0.869314	0.841745	0.867949	0.807906	0.808853	0.857584	0.839547	0.85268	0.832625	0.858158	0.857458	0.861038	0.867759	0.871975	0.859793	0.851926	0.861038	0.840632	0.862516	0.862613	0.844862	0.84245	0.858158	0.808853	0.844773	0.869227	0.854625	0.861339	0.845656	0.857796	0.854769	0.859718	0.846893	0.849691	0.861296	0.872637	0.844473	0.849092	0.864195	0.834754	0.829225	0.808853	0.863634	0.860908	0.862194	0.862194	0.880864	0.853337	0.853311	0.850637	0.865602	0.845596	0.862688	0.880864	0.844322	0.826403	0.861038	0.841405	0.869928	0.853415	0.832625	0.854127	0.852412	0.83251	0.844273	0.83251	0.808853	0.851077	0.851306	0.832625	0.865071	0.834961	0.871949	0.872752	0.856115	0.849478	0.844642	0.873145	0.816823	0.83165	0.814423	0.825308	0.841591	0.879234	0.835904	0.8777	0.867244	0.858682	0.828266	0.857796	0.832625	0.844732	0.844133	0.861611	0.852412	0.84599	0.814423	0.858158	0.841405	0.846867	0.877904	0.848464	0.859718	0.823176	0.849835	0.859389	0.844773	0.852597	0.816823	0.837049	0.867949	0.858959	0.858328	0.852515	0.862622	0.873765	0.871812	0.857326	0.855399	0.844732	0.857796	0.86879	0.852412	0.846466	0.869752	0.873251	0.841055	0.865718	0.86089	0.853803	0.860376	0.828422	0.871975	0.832625	0.845816	0.869227	0.832303	0.81129	0.833099	0.834345	0.873337	0.832625	0.865023	0.864221	0.830209	0.825308	0.839037	0.821135	0.877566	0.839037	0.845596	0.882393	0.828422	0.846466	0.855551	0.843372	0.8518	0.852515	0.811113	0.846466	0.851515	0.851515	0.866228	0.836647	0.826403	0.834345	0.850833	0.865023	0.861038	0.852412	0.856522	0.849691	0.854147	0.852412	0.832303	0.810655	0.837049	0.841405	0.861038	0.846893	0.852412	0.865622	0.81072	0.872846	0.828422	0.861171	0.83251	0.851282	0.824215	0.877343	0.828422	0.837063	0.862194	0.832625	0.830569	0.840632	0.832303	0.865023	0.852597	0.869314	0.877708	0.861038	0.866975	0.808853	0.816823	0.857796	0.858158	0.871975	0.866872	0.857458	0.852515	0.867759	0.844773	0.857458	0.863446	0.871812	0.858328	0.869928	0.832763	0.869752	0.879234	0.860908	0.848464	0.871975	0.857458	0.865071	0.811113	0.83251	0.852515	0.826403	0.828422	0.868093	0.828104	0.860529	0.892698	0.847029	0.83251	0.830209	0.865718	0.843372	0.808853	0.808853	0.844322	0.892698	0.877904	0.803469	0.854222	0.834345	0.865394	0.859814	0.839547	0.865622	0.879234	0.803469	0.845844	0.857522	0.849478	0.841405	0.879711	0.83251	0.823157	0.841405	0.856914	0.866521	0.844773	0.853812	0.863634	0.852412	0.852515	0.826984	0.871975	0.863035	0.866872	0.863035	0.821135	0.877566	0.858158	0.853415	0.856578	0.819574	0.842399	0.880864	0.825308	0.841405	0.843942	0.843372	0.8316	0.844161	0.83251	0.858328	0.859814	0.867759	0.839547	0.828422	0.841405	0.83251	0.857796	0.861038	0.808853	0.815592	0.848464	0.853415	0.808853	0.833355	0.861171	0.851559	0.875814	0.839037	0.83251	0.841591	0.86469	0.852515	0.83251	0.863446	0.865718	0.857458	0.834961	0.846466	0.852597	0.829225	0.852181	0.858158	0.858682	0.845596	0.871812	0.850833	0.857796	0.846893	0.865023	0.848464	0.857522	0.865718	0.866975	0.863446	0.865718	0.854222	0.861643
85000	slope	0.0348315	0.0423294	0.0325773	0.100336	0.0303941	0.0638029	0.0608963	0.0545935	0.0672534	0.0670752	0.0328276	0.032114	0.0424935	0.0724154	0.0825883	0.0316651	0.0650286	0.0423294	0.0423294	0.0277277	0.0645488	0.0478374	0.0451804	0.0285575	0.0299471	0.0333832	0.0455241	0.0792335	0.0669547	0.0472937	0.0480675	0.0686885	0.0273437	0.0328276	0.035778	0.0243876	0.0667267	0.0814071	0.0639429	0.0505151	0.0564469	0.068044	0.0724154	0.0340914	0.0436545	0.073054	0.0562979	0.044457	0.0608963	0.0639429	0.0299471	0.0733724	0.0667632	0.0360888	0.0333832	0.0602342	0.056301	0.0766757	0.023813	0.0572293	0.0407287	0.0874612	0.0632411	0.0731016	0.0505151	0.0226591	0.0748911	0.0410491	0.0508146	0.0606778	0.0484079	0.0478374	0.0323285	0.0277206	0.0381551	0.0451962	0.0389717	0.0874612	0.0275088	0.032114	0.0548306	0.0464595	0.0303941	0.03858	0.0413355	0.0480675	0.0277206	0.0703497	0.027914	0.0724154	0.0672534	0.0506055	0.0465121	0.0669913	0.0828898	0.0379591	0.0217181	0.0686367	0.0333688	0.0353994	0.0669547	0.0719866	0.0808589	0.0748911	0.047366	0.0612926	0.0562979	0.0724154	0.0311647	0.048365	0.0337838	0.0686367	0.0733724	0.0406162	0.0599374	0.0745157	0.0703497	0.0491227	0.0861404	0.0672534	0.0303941	0.0724154	0.052496	0.0825883	0.0437769	0.0602028	0.0243876	0.0326929	0.0593129	0.0334428	0.0740676	0.0799646	0.027914	0.0243876	0.0451804	0.0579857	0.0676487	0.0797651	0.0478374	0.0753037	0.0505151	0.0411267	0.0667267	0.0311647	0.0608963	0.044457	0.0672534	0.0755427	0.0372406	0.0638297	0.0563253	0.0672534	0.0318541	0.0323285	0.0495049	0.0303941	0.035778	0.0825883	0.0505151	0.0611087	0.044677	0.032114	0.038733	0.0243876	0.0669547	0.0672534	0.02371	0.0740676	0.050068	0.0578331	0.0638549	0.0228853	0.0912611	0.0373592	0.0410491	0.0463747	0.0501618	0.0303941	0.0686367	0.0772417	0.0311003	0.0703497	0.067242	0.0277206	0.0627787	0.0228853	0.0670539	0.0606778	0.0464595	0.0464595	0.0194385	0.0899721	0.0455241	0.0243876	0.0877989	0.0672086	0.0481189	0.0740676	0.0464595	0.0421786	0.027914	0.0825883	0.104017	0.027914	0.0437769	0.0243876	0.0243876	0.0429494	0.0323285	0.0338743	0.044457	0.0808589	0.0693789	0.0243876	0.0464595	0.0645541	0.0638029	0.044457	0.0333832	0.0714397	0.0736928	0.0550814	0.0638029	0.0647475	0.0285575	0.0667632	0.0455241	0.0606778	0.0672534	0.0303941	0.0372406	0.035778	0.00357459	0.0669547	0.0277206	0.0669547	0.071823	0.027914	0.0303941	0.0303941	0.073054	0.038733	0.0586021	0.0302873	0.0666602	0.0592731	0.031183	0.0400338	0.0667632	0.0217181	0.0606778	0.0578331	0.057649	0.0669547	0.0560432	0.0444856	0.0353994	0.0575919	0.0406162	0.027914	0.0423294	0.039214	0.0672534	0.0611601	0.0851876	0.0426359	0.0503363	0.031183	0.0323285	0.0592731	0.0899721	0.0456587	0.0349908	0.0730746	0.0480029	0.0639429	0.0489671	0.0478374	0.0480029	0.0608963	0.0745219	0.0476912	0.0512175	0.0669547	0.0426359	0.0545935	0.056301	0.0719866	0.038733	0.0672534	0.0299471	0.0510887	0.0565638	0.0724154	0.0596688	0.0503363	0.0505151	0.037408	0.0705394	0.0667632	0.032114	0.0590102	0.0683531	0.0323285	0.0423294	0.0337024	0.0669547	0.0725782	0.0337024	0.0705394	0.047366	0.0725782	0.0303941	0.0665649	0.044457	0.056301	0.0639429	0.044457	0.0669547	0.0592731	0.0464595	0.0510887	0.044457	0.104017	0.0311647	0.0303941	0.0633333	0.0639429	0.0563253	0.0326929	0.047366	0.044457	0.0243876	0.0763353	0.0748911	0.0351533	0.0468234	0.044457	0.0333832	0.0303941	0.035778	0.070178	0.0313946	0.0406162	0.0683531	0.0448743	0.0545935	0.0510887	0.0372406	0.056301	0.0372406	0.0828898	0.0633333	0.0243876	0.0558425	0.0464595	0.0437769	0.0510887	0.0797651	0.0503363	0.0797651	0.0373592	0.0480029	0.0922701	0.0510887	0.0645541	0.104017	0.0703497	0.0437782	0.0510887	0.04312	0.0361922	0.0299471	0.0785473	0.0724154	0.056301	0.0424935	0.035778	0.0680195	0.0592731	0.0299471	0.0797651	0.0748911	0.072512	0.0480029	0.038733	0.0410491	0.056301	0.027914	0.0437769	0.0375676	0.0745219	0.0661621	0.0684417	0.0669913	0.044457	0.0423294	0.0672534	0.0703497	0.0372406
85000	intercept	0.888134	0.849735	0.86058	0.869041	0.84132	0.828406	0.819326	0.871309	0.86724	0.827361	0.86074	0.868997	0.8864	0.850163	0.821148	0.87763	0.841731	0.835572	0.848741	0.861797	0.854239	0.86923	0.838412	0.857306	0.8651	0.873856	0.841731	0.850163	0.873694	0.859094	0.855378	0.858671	0.858313	0.86074	0.885311	0.879988	0.838141	0.842856	0.874758	0.860663	0.807173	0.819998	0.850163	0.888562	0.843838	0.819245	0.811638	0.870263	0.826237	0.874758	0.869956	0.852143	0.827361	0.875238	0.853854	0.868997	0.821667	0.842157	0.87763	0.856474	0.860468	0.867069	0.845859	0.858123	0.855378	0.857306	0.84579	0.848712	0.874236	0.813096	0.864543	0.868717	0.830225	0.880213	0.840877	0.848933	0.876198	0.867069	0.866848	0.868997	0.853542	0.838509	0.84132	0.851826	0.853029	0.855378	0.880213	0.835408	0.871876	0.850163	0.842659	0.844534	0.864572	0.86074	0.848022	0.841525	0.850995	0.842744	0.857306	0.835238	0.873694	0.840537	0.819998	0.84579	0.844737	0.87193	0.811638	0.850163	0.88613	0.852016	0.880636	0.842744	0.852143	0.834478	0.868997	0.841075	0.853191	0.840477	0.823758	0.842659	0.84132	0.850163	0.861735	0.841075	0.829795	0.853191	0.8864	0.854604	0.878467	0.867974	0.841731	0.877308	0.864543	0.879988	0.838412	0.851765	0.83672	0.841075	0.868717	0.850163	0.860663	0.864938	0.838141	0.88613	0.8242	0.869663	0.853442	0.858671	0.855017	0.824732	0.853029	0.853442	0.864543	0.840877	0.858039	0.84132	0.880547	0.841075	0.868158	0.823447	0.834363	0.858173	0.88462	0.883051	0.873694	0.859014	0.878978	0.866891	0.865188	0.876885	0.864147	0.874694	0.847873	0.826248	0.848712	0.854528	0.8655	0.84132	0.842744	0.847401	0.880547	0.853191	0.823981	0.880213	0.851769	0.874694	0.842026	0.807507	0.828379	0.838509	0.8676	0.85109	0.841731	0.90826	0.841986	0.84413	0.857274	0.86539	0.838509	0.853029	0.864543	0.841798	0.853567	0.864543	0.829795	0.8864	0.8864	0.846011	0.840877	0.868997	0.870263	0.819998	0.823981	0.88613	0.838509	0.844333	0.821529	0.869663	0.873856	0.870263	0.835092	0.836013	0.828406	0.833875	0.857306	0.852801	0.841731	0.813096	0.853442	0.84132	0.861797	0.885311	0.876198	0.873694	0.880213	0.873694	0.841075	0.866144	0.84132	0.84132	0.816583	0.876714	0.836931	0.84132	0.861797	0.823981	0.841299	0.873856	0.827361	0.850995	0.808906	0.883121	0.808906	0.873694	0.835238	0.871512	0.835238	0.864543	0.834478	0.871876	0.835572	0.859171	0.853442	0.851084	0.852143	0.844262	0.836013	0.841299	0.830225	0.823981	0.85109	0.841731	0.880547	0.844428	0.837964	0.862345	0.863309	0.868717	0.837964	0.825816	0.850096	0.870263	0.853442	0.873694	0.844262	0.871309	0.821667	0.840537	0.876714	0.853442	0.8651	0.853029	0.852487	0.855942	0.843495	0.836013	0.837787	0.863309	0.857274	0.827361	0.868997	0.829795	0.858123	0.830225	0.849735	0.861797	0.873694	0.811638	0.861797	0.857274	0.844737	0.811638	0.84132	0.81841	0.870263	0.815604	0.874758	0.87733	0.873694	0.823981	0.838509	0.853029	0.870263	0.847362	0.88613	0.84132	0.843945	0.874954	0.853029	0.854604	0.844737	0.870263	0.8864	0.823758	0.859677	0.832932	0.850032	0.881793	0.873856	0.84132	0.883918	0.827361	0.854449	0.846428	0.858123	0.84132	0.871309	0.845734	0.855017	0.821667	0.855017	0.848022	0.843945	0.875975	0.862736	0.828379	0.834363	0.853029	0.842856	0.836013	0.842856	0.833966	0.837964	0.869041	0.853029	0.844333	0.853567	0.853191	0.858155	0.853029	0.845074	0.861275	0.869956	0.832932	0.850163	0.821667	0.8864	0.885311	0.823981	0.823981	0.881404	0.842856	0.850096	0.856188	0.837964	0.878179	0.838412	0.821667	0.871876	0.829795	0.872049	0.850096	0.870335	0.857083	0.86074	0.870263	0.857306	0.853442	0.835408	0.861797
86000	slope	0.0721254	0.0621085	0.0530658	0.0605772	0.058618	0.0674606	0.0865075	0.0350209	0.06332	0.0580794	0.053261	0.0297646	0.0807925	0.0872161	0.0798686	0.053651	0.120247	0.0872161	0.0768054	0.0692275	0.0560577	0.0385272	0.0812929	0.0639182	0.052874	0.0660133	0.0437103	0.0619073	0.0430816	0.0289427	0.0516232	0.07319	0.108765	0.0560577	0.0581915	0.0564695	0.068964	0.0918161	0.0421134	0.0817737	0.0807925	0.058618	0.0660133	0.0489547	0.0807925	0.0835465	0.0807925	0.0513203	0.0817737	0.0560577	0.0795236	0.0610749	0.0437469	0.0608563	0.058618	0.0581915	0.0715474	0.0692275	0.0519941	0.0587571	0.0721254	0.0421134	0.0768054	0.0872161	0.0864721	0.07319	0.0518932	0.0748062	0.0368379	0.0530658	0.0883638	0.0421289	0.0692275	0.0560577	0.0471156	0.07319	0.0289427	0.07319	0.0721254	0.0560577	0.0328125	0.0802751	0.0704098	0.0817737	0.0782198	0.0700604	0.0807925	0.0712334	0.0693316	0.0795236	0.058618	0.0724505	0.0516232	0.0795165	0.0581915	0.0872161	0.064993	0.0567988	0.0782198	0.0255248	0.0497895	0.0531584	0.0289427	0.0712235	0.056694	0.0643907	0.0393453	0.107036	0.0714991	0.0560577	0.0454549	0.0597144	0.0403195	0.0838003	0.105826	0.0606628	0.0397229	0.0560577	0.0657151	0.0679049	0.0234908	0.0421134	0.0657151	0.0798631	0.068964	0.0678779	0.049029	0.0619073	0.07319	0.0721254	0.056581	0.0865075	0.0733328	0.0872161	0.043959	0.0748062	0.0531065	0.1048	0.0721254	0.0721254	0.0683078	0.0768054	0.0350209	0.0652153	0.0700604	0.0269128	0.0721254	0.063791	0.0718743	0.075951	0.0807925	0.0760197	0.0510474	0.068964	0.0662859	0.0787132	0.0819707	0.0408221	0.0255248	0.0619813	0.0721254	0.053261	0.0541673	0.0632256	0.0641989	0.0516232	0.036474	0.049029	0.0707646	0.098616	0.0617188	0.036474	0.0730649	0.0742026	0.1048	0.0299241	0.0289427	0.0660133	0.0726016	0.0768054	0.0692275	0.0706266	0.0721254	0.0664601	0.060681	0.0437103	0.0299241	0.0587551	0.0865075	0.0597144	0.0804303	0.06332	0.0693565	0.0567041	0.0807342	0.0807342	0.0679049	0.0491104	0.0447214	0.0872161	0.0289427	0.0644636	0.0408221	0.0908397	0.0502591	0.0715474	0.0705981	0.0721254	0.0786599	0.0972237	0.0715474	0.0584667	0.0642134	0.0884295	0.0721254	0.078026	0.0454549	0.0651679	0.0778852	0.0583277	0.0706266	0.0712828	0.0712828	0.0705981	0.0581915	0.053261	0.0632256	0.068964	0.0768054	0.116063	0.0479408	0.0584667	0.0560758	0.0113522	0.0490169	0.06332	0.0721254	0.0906554	0.0113522	0.0349683	0.0730211	0.0745135	0.043959	0.0778852	0.0437103	0.0456605	0.0660133	0.0581915	0.036474	0.0617188	0.0546087	0.0675756	0.0778852	0.07319	0.056581	0.0740858	0.075951	0.0700604	0.036474	0.056581	0.0437103	0.0660133	0.0835465	0.0715474	0.0807925	0.0845324	0.056581	0.0918161	0.0507465	0.0417862	0.0560758	0.07319	0.0638668	0.0679049	0.0610749	0.0583277	0.0490169	0.0768054	0.053261	0.0741768	0.0615573	0.0617188	0.0721254	0.0583277	0.0560758	0.0603524	0.0721254	0.0421134	0.0491104	0.0712828	0.058618	0.0515496	0.056581	0.0679049	0.0787132	0.0915189	0.049029	0.0817634	0.0721254	0.0530658	0.06332	0.0644636	0.0308092	0.0517216	0.0349683	0.0748062	0.0581915	0.043959	0.0497895	0.0804114	0.036474	0.0786599	0.0617188	0.036474	0.07319	0.0730211	0.0787132	0.0674606	0.0560758	0.068964	0.0626145	0.049029	0.0421134	0.0421134	0.07319	0.0768054	0.0560577	0.0785617	0.0350209	0.0676112	0.0289427	0.068964	0.0456605	0.036474	0.0289427	0.0583052	0.120247	0.0861122	0.0830523	0.0721254	0.0449694	0.0882227	0.0918161	0.0701971	0.0673153	0.0714991	0.07319	0.0660133	0.0660133	0.0659773	0.0421134	0.0497895	0.0545035	0.0664601	0.0560577	0.058618	0.0721254	0.0276948	0.0865845	0.0807925	0.0289427	0.0712828	0.0692275	0.0289427	0.0621211	0.0721254	0.0721254	0.0481543	0.0775899	0.0638668	0.0587551	0.0349683	0.0443291	0.0409702	0.049029	0.0113522	0.0903073	0.0712828	0.0712828	0.0409702	0.0700604	0.0643907	0.0560577	0.0560577	0.0660133	0.0560577	0.0417862	0.0546087	0.0436162	0.053261	0.0721254	0.0439396	0.0502591	0.0679049	0.0560577	0.0279442	0.053261	0.0707178	0.084931	0.056581
86000	intercept	0.834226	0.832589	0.845335	0.862702	0.865633	0.833102	0.823771	0.865209	0.865515	0.828864	0.832606	0.8532	0.834269	0.828261	0.854625	0.860677	0.826676	0.828261	0.846053	0.850096	0.846327	0.835727	0.847531	0.862185	0.840513	0.862004	0.881758	0.815206	0.872681	0.835439	0.821493	0.825596	0.823771	0.84381	0.864784	0.851615	0.837319	0.846671	0.872606	0.839823	0.834269	0.865633	0.859444	0.829955	0.846884	0.818272	0.836789	0.88002	0.83041	0.846327	0.849834	0.850492	0.853213	0.830419	0.853587	0.864784	0.827423	0.850096	0.857452	0.854857	0.850119	0.873443	0.851007	0.828261	0.862059	0.825596	0.86232	0.824463	0.875348	0.849789	0.808844	0.872406	0.850096	0.850119	0.840374	0.825596	0.835439	0.825596	0.850119	0.850119	0.846086	0.848001	0.850555	0.83041	0.834667	0.842377	0.834269	0.83521	0.841666	0.849834	0.853587	0.840468	0.813028	0.850119	0.864784	0.828261	0.841376	0.860774	0.834667	0.844885	0.85929	0.837339	0.835439	0.840234	0.862289	0.842423	0.855634	0.84348	0.850096	0.850119	0.865209	0.861888	0.85929	0.842377	0.811607	0.860774	0.864599	0.850119	0.820272	0.836753	0.844885	0.872606	0.820272	0.830642	0.837319	0.853723	0.867336	0.815206	0.84119	0.850119	0.839037	0.823771	0.858878	0.828261	0.872606	0.840391	0.841543	0.83286	0.850119	0.858069	0.825596	0.840139	0.865209	0.85869	0.842377	0.854578	0.850119	0.845453	0.823811	0.872197	0.834269	0.856702	0.854274	0.837319	0.84328	0.806575	0.848395	0.852686	0.844885	0.844352	0.834226	0.832606	0.853347	0.793917	0.84395	0.813028	0.837121	0.867336	0.827544	0.862059	0.793917	0.837121	0.840639	0.865407	0.83286	0.875348	0.848148	0.859444	0.861178	0.845586	0.845736	0.827083	0.850119	0.835007	0.793917	0.869553	0.875348	0.835007	0.823771	0.861888	0.842377	0.843438	0.85929	0.89242	0.821905	0.821905	0.842377	0.874119	0.829062	0.828261	0.828443	0.841666	0.856564	0.850119	0.829955	0.827423	0.852257	0.873547	0.828261	0.854472	0.827423	0.881284	0.851254	0.864784	0.850119	0.845586	0.875924	0.816968	0.835176	0.844758	0.827083	0.847328	0.853137	0.880445	0.864784	0.831116	0.793917	0.837319	0.826679	0.836749	0.835993	0.881284	0.867336	0.836014	0.872606	0.85929	0.849263	0.832489	0.836014	0.842859	0.844781	0.838969	0.872606	0.847914	0.869553	0.874205	0.862004	0.864784	0.844943	0.805241	0.832606	0.811651	0.835176	0.825596	0.845651	0.846053	0.872197	0.842377	0.837121	0.845651	0.869553	0.859444	0.818272	0.827423	0.834269	0.860682	0.862746	0.846671	0.875253	0.833889	0.860583	0.825596	0.872197	0.860715	0.850492	0.844758	0.872606	0.851007	0.832606	0.823948	0.815206	0.805241	0.850119	0.844758	0.867336	0.889494	0.858069	0.868871	0.860142	0.853137	0.865633	0.859444	0.845651	0.842377	0.807658	0.832695	0.863541	0.837319	0.834226	0.841211	0.85929	0.841666	0.828437	0.832606	0.836014	0.824463	0.864784	0.872606	0.85929	0.858878	0.798741	0.828261	0.813767	0.844943	0.825596	0.844781	0.807658	0.833102	0.864157	0.837319	0.835629	0.867336	0.868871	0.868871	0.825596	0.826679	0.84381	0.835227	0.865209	0.864784	0.835439	0.836015	0.882597	0.801302	0.835439	0.867262	0.826676	0.856187	0.834269	0.873547	0.86202	0.837319	0.846671	0.845651	0.825596	0.844211	0.825596	0.859444	0.859444	0.842377	0.868871	0.85929	0.865492	0.835007	0.846327	0.853587	0.851407	0.836014	0.827423	0.830642	0.835439	0.853137	0.850096	0.835439	0.860774	0.865688	0.850119	0.878157	0.793917	0.867739	0.835007	0.837531	0.839887	0.86474	0.871219	0.836014	0.818272	0.853137	0.853137	0.86474	0.8506	0.840468	0.846327	0.84381	0.846443	0.846327	0.841048	0.832606	0.825218	0.831116	0.851407	0.860774	0.829955	0.842377	0.846327	0.836014	0.832606	0.841297	0.85798	0.845651
87000	slope	0.0816367	0.0192358	0.0629697	0.0484264	0.0567118	0.0571764	0.0596825	0.0718709	0.0735303	0.0592666	0.0489857	0.069483	0.0361066	0.0720502	0.0792144	0.059768	0.0516757	0.0654031	0.0457121	0.0375993	0.0860362	0.071644	0.06332	0.0631963	0.0529774	0.0592666	0.0865654	0.0440268	0.040239	0.076736	0.0571788	0.0602863	0.064333	0.0571764	0.0738213	0.0773863	0.0625856	0.0340869	0.03732	0.0529774	0.0588322	0.0192358	0.0690743	0.0652897	0.0853382	0.071644	0.0292427	0.0657205	0.0489302	0.0421296	0.0359156	0.0407319	0.0529774	0.0422501	0.0662272	0.0627098	0.0514369	0.0634677	0.0329772	0.0627098	0.0742643	0.0619692	0.0192358	0.0531477	0.0529774	0.0571764	0.0533181	0.0631412	0.0725436	0.03732	0.0559928	0.0632276	0.0647787	0.052465	0.0325019	0.0773863	0.0741192	0.0567118	0.0627098	0.071644	0.0591236	0.0422501	0.06332	0.0657205	0.0611453	0.0742643	0.0800977	0.040239	0.0541466	0.0489302	0.0593247	0.0529774	0.0453338	0.0552245	0.0726514	0.0450422	0.0427374	0.0712694	0.0533291	0.0571764	0.0571764	0.0489302	0.0825862	0.0192358	0.0657205	0.0773931	0.0765922	0.0192358	0.040239	0.0748548	0.0802885	0.0606222	0.0490172	0.0843273	0.0508396	0.0653823	0.0197969	0.0567118	0.0440268	0.071644	0.0517901	0.070303	0.0623244	0.0647787	0.0727662	0.0705013	0.0773931	0.0387297	0.0788163	0.0524401	0.0622048	0.0325616	0.0456727	0.064493	0.0355518	0.0653823	0.0728728	0.0602863	0.0835242	0.0541466	0.0411101	0.0596825	0.0747541	0.0387297	0.0593247	0.0192358	0.0607193	0.0292427	0.0455424	0.0489302	0.049887	0.0881381	0.0447581	0.0519806	0.0664007	0.0507027	0.0524401	0.0606222	0.0395019	0.0455424	0.0349109	0.0559928	0.0720502	0.0742643	0.042931	0.0440268	0.070815	0.059768	0.0531621	0.0596825	0.0795363	0.0529774	0.06332	0.0533291	0.03732	0.0455424	0.0885854	0.0447581	0.0777394	0.0592666	0.0825888	0.0592666	0.0192358	0.0578064	0.0521267	0.0407319	0.0557293	0.0794877	0.0592666	0.076736	0.0513058	0.0956381	0.0700645	0.0489302	0.0518988	0.0885854	0.0571764	0.0192358	0.0773863	0.0596825	0.052465	0.071171	0.0773931	0.071644	0.0596825	0.0653823	0.0559928	0.03732	0.0789256	0.0720502	0.0519806	0.071171	0.0484264	0.0937006	0.0529774	0.0375993	0.0192358	0.048428	0.0325616	0.0615949	0.0596825	0.0664007	0.0652897	0.0627098	0.0484264	0.0773863	0.0547382	0.0547382	0.0627098	0.0602863	0.0653823	0.0654031	0.0529774	0.0811763	0.0860362	0.077408	0.0835242	0.040239	0.0567118	0.0653823	0.0592666	0.06332	0.0596825	0.0631963	0.0461576	0.0447581	0.0407319	0.0531229	0.0658858	0.06332	0.0519806	0.042931	0.0489302	0.0541466	0.0513058	0.0720502	0.0578047	0.0860362	0.0636421	0.0592666	0.06332	0.0771203	0.0647787	0.0489857	0.0547382	0.0387297	0.0720502	0.0440268	0.0742643	0.0647787	0.0465474	0.0571764	0.0881381	0.0175832	0.0835242	0.0593247	0.0484264	0.0292427	0.0742643	0.0654031	0.0179484	0.0835242	0.0773863	0.0720502	0.0325616	0.0647787	0.0570855	0.0461576	0.0519806	0.0559928	0.0592666	0.0325019	0.0778518	0.0835242	0.0592666	0.0592666	0.059768	0.0443265	0.0778518	0.0794877	0.0557844	0.106933	0.0285035	0.0910258	0.0461576	0.0592666	0.0764477	0.0420573	0.0483739	0.0484264	0.0552245	0.0529774	0.0461576	0.0654031	0.0794877	0.059768	0.0600398	0.042793	0.0592666	0.0738266	0.0557844	0.0489302	0.0619692	0.0843273	0.0593247	0.0742643	0.0571764	0.0179484	0.0594779	0.0592666	0.0653823	0.0529774	0.0529774	0.0447581	0.0647787	0.0780178	0.059768	0.0435153	0.0531627	0.0211784	0.0325019	0.0652897	0.045049	0.0363868	0.0192358	0.0773931	0.0365425	0.0773931	0.0593247	0.0742643	0.0885854	0.046274	0.0592666	0.0567118	0.0489302	0.0780385	0.0547382	0.0578047	0.0862119	0.0192358	0.0593247	0.0617474	0.0742643	0.0835242	0.0342266	0.0471686	0.0592666	0.0619692	0.0592666	0.03732	0.0571764	0.071644	0.0635921	0.0552245	0.0529774	0.0549726	0.0519806	0.0720572	0.0355518	0.0571764	0.0720502	0.0591763	0.0541466	0.0387297	0.0654031	0.0865654	0.0447581	0.0325616	0.03732	0.0795363	0.0592666	0.0571764	0.0547382	0.0826082	0.0716338	0.0592666	0.0567118	0.038732	0.060055	0.0422501
87000	intercept	0.837762	0.869387	0.833963	0.877772	0.851459	0.862368	0.884246	0.85403	0.856212	0.842949	0.858365	0.846485	0.872308	0.832918	0.838303	0.858038	0.848031	0.857073	0.857625	0.858169	0.830717	0.823057	0.834121	0.851459	0.868827	0.853587	0.829626	0.857625	0.880761	0.832151	0.879634	0.85698	0.850573	0.85514	0.846576	0.840136	0.856462	0.862991	0.847099	0.860986	0.853263	0.869387	0.837179	0.830436	0.832376	0.823057	0.875888	0.817474	0.855632	0.887252	0.857625	0.848866	0.860986	0.85514	0.854542	0.850573	0.834415	0.817939	0.865931	0.860679	0.82712	0.846485	0.869387	0.869267	0.868089	0.862368	0.872597	0.853587	0.831299	0.844509	0.847811	0.848096	0.818189	0.849735	0.856159	0.840136	0.85514	0.851459	0.850573	0.823057	0.852804	0.85514	0.834121	0.817474	0.846972	0.830436	0.839222	0.880761	0.84395	0.855632	0.838438	0.868089	0.832822	0.846863	0.844415	0.856424	0.853587	0.823057	0.850573	0.865136	0.85514	0.855632	0.827268	0.869387	0.826104	0.834121	0.848592	0.869387	0.880761	0.843344	0.84324	0.849735	0.854363	0.843952	0.836584	0.85995	0.866571	0.851459	0.85041	0.823057	0.828261	0.853143	0.848161	0.826449	0.831623	0.837649	0.834121	0.870926	0.863087	0.855391	0.856469	0.819996	0.856424	0.855167	0.853868	0.855552	0.83846	0.839798	0.853451	0.84395	0.870913	0.884246	0.869701	0.869791	0.838438	0.869387	0.830544	0.875888	0.850549	0.855632	0.844678	0.8253	0.857625	0.884246	0.8554	0.873244	0.855391	0.859549	0.866963	0.850549	0.851629	0.847811	0.82144	0.827313	0.835608	0.857625	0.872253	0.858038	0.875181	0.884246	0.865017	0.868089	0.834121	0.850573	0.835953	0.850549	0.833255	0.857625	0.869701	0.853587	0.840923	0.869161	0.875888	0.851743	0.851459	0.848866	0.869724	0.82144	0.853587	0.832151	0.877874	0.832931	0.828921	0.855632	0.855632	0.833255	0.846651	0.869387	0.840136	0.884246	0.850175	0.84395	0.834121	0.823057	0.884246	0.842736	0.847811	0.847099	0.84801	0.818353	0.881823	0.84395	0.8657	0.835243	0.869452	0.858169	0.869387	0.871261	0.819996	0.879725	0.884246	0.851002	0.830436	0.850573	0.877772	0.840136	0.836651	0.833435	0.878283	0.858159	0.842736	0.855167	0.860344	0.821402	0.835243	0.836651	0.853451	0.880761	0.851459	0.837033	0.853587	0.834121	0.884246	0.851459	0.865292	0.857625	0.848866	0.850573	0.861887	0.834121	0.881823	0.852105	0.855632	0.84395	0.877874	0.82144	0.868089	0.830717	0.840524	0.853587	0.834121	0.828921	0.818189	0.841895	0.837074	0.865111	0.82144	0.857625	0.830436	0.826449	0.846485	0.85514	0.8253	0.865111	0.833202	0.838438	0.877772	0.875888	0.827313	0.856212	0.869387	0.84587	0.840136	0.82144	0.819996	0.849652	0.830544	0.857625	0.881823	0.847811	0.853587	0.856159	0.863862	0.853451	0.8431	0.880631	0.858038	0.857625	0.863862	0.82144	0.846433	0.824232	0.884822	0.831623	0.865292	0.853587	0.826571	0.8657	0.851459	0.8657	0.846863	0.860986	0.857625	0.856212	0.82144	0.858038	0.876386	0.857625	0.869161	0.830436	0.846433	0.852078	0.846485	0.843952	0.838438	0.827313	0.865136	0.869387	0.857625	0.853587	0.845713	0.879634	0.875228	0.857625	0.849652	0.830544	0.858038	0.855167	0.867333	0.856159	0.856159	0.827516	0.874086	0.875888	0.869387	0.834121	0.857625	0.834121	0.838438	0.827313	0.833255	0.858169	0.880631	0.851459	0.855632	0.848265	0.837074	0.868089	0.821724	0.869387	0.838438	0.867333	0.822929	0.853451	0.900506	0.868269	0.853587	0.846485	0.869161	0.835953	0.85514	0.823057	0.869161	0.846863	0.868089	0.830544	0.881823	0.847795	0.853868	0.85514	0.82144	0.831623	0.84395	0.869581	0.856212	0.829626	0.857625	0.819996	0.835953	0.865017	0.853587	0.85514	0.836651	0.816091	0.846753	0.853587	0.851459	0.875181	0.823988	0.85514
88000	slope	0.0606522	0.0672383	0.0470369	0.0461717	0.0620801	0.0583419	0.026698	0.0658401	0.0477251	0.0477588	0.0475253	0.0600854	0.0695709	0.0583262	0.0465876	0.0447807	0.0489097	0.0426276	0.0540153	0.0428927	0.0539559	0.0404455	0.0401405	0.0794867	0.0498113	0.0763229	0.0469337	0.0143576	0.0659825	0.0583419	0.0559592	0.0569325	0.0489221	0.0588505	0.0255803	0.0465876	0.0442388	0.0265411	0.0422232	0.0548677	0.0516546	0.0349644	0.0406392	0.0449871	0.026698	0.0524647	0.063774	0.0490302	0.058331	0.0788888	0.065237	0.026698	0.0417774	0.0424533	0.0800144	0.0659825	0.115622	0.0661309	0.0541786	0.0465876	0.0403468	0.0583419	0.0654031	0.0588505	0.0419111	0.083222	0.0574064	0.0815792	0.0915958	0.0417129	0.0897885	0.0579458	0.0498216	0.0465876	0.0365584	0.0465876	0.0897885	0.0426276	0.0424533	0.0606522	0.0406392	0.0891352	0.0504514	0.0575184	0.0393735	0.058331	0.0498113	0.0627382	0.0788888	0.0613203	0.0659825	0.0859136	0.0469337	0.0312195	0.0546649	0.0387164	0.0583419	0.0832533	0.0255803	0.058331	0.0623746	0.0332441	0.0630146	0.0490302	0.0585248	0.0528114	0.0465876	0.0583419	0.0461904	0.081644	0.0294699	0.0660579	0.0559592	0.0499479	0.0575109	0.0800144	0.0244921	0.0654031	0.0680672	0.026698	0.0422232	0.0424533	0.0881353	0.0422232	0.0792025	0.0849766	0.0421001	0.0127125	0.0891352	0.0652139	0.0406392	0.03356	0.0654031	0.0403526	0.0655539	0.026698	0.0443549	0.0447065	0.0809233	0.0210033	0.0656207	0.0294699	0.083222	0.0461717	0.0474209	0.065237	0.041285	0.0509334	0.0766954	0.0332441	0.0255803	0.026698	0.0859136	0.0499479	0.0528531	0.0426276	0.0405848	0.0680672	0.047732	0.0465876	0.0419111	0.0550065	0.0422232	0.0659825	0.0897885	0.026698	0.0630146	0.115622	0.0470369	0.0529647	0.0659825	0.0406392	0.0426791	0.0654031	0.0493525	0.0403468	0.0646321	0.0498113	0.0507466	0.0404455	0.0230477	0.0992004	0.0406392	0.0485607	0.0449027	0.0613643	0.0588505	0.115622	0.0849766	0.076806	0.0859136	0.0567389	0.0352732	0.081644	0.0461717	0.0491264	0.0684256	0.0291685	0.0575109	0.0470369	0.0470369	0.0891352	0.0504514	0.0276871	0.0191303	0.0583419	0.0498216	0.0539559	0.0720226	0.0569325	0.0403468	0.0318076	0.0265411	0.0512318	0.0569325	0.026698	0.058331	0.0387164	0.0788888	0.0643625	0.0557582	0.047226	0.0788888	0.0758284	0.0490302	0.0428927	0.0550047	0.0470369	0.0723247	0.051484	0.0393735	0.0493525	0.0852713	0.0459448	0.0291685	0.0470369	0.0484022	0.0763229	0.0569325	0.058331	0.0866017	0.0676769	0.0470369	0.0714495	0.0470369	0.0398133	0.0575109	0.0788888	0.0859136	0.0849766	0.0557582	0.0469337	0.0531252	0.0723247	0.0569325	0.046914	0.0680672	0.0206092	0.026698	0.0363865	0.0255803	0.03356	0.0766954	0.0725984	0.0229615	0.0148745	0.0539559	0.0676769	0.0387164	0.0470369	0.0800144	0.0606522	0.0294699	0.0891352	0.0461717	0.042142	0.0659825	0.0530021	0.058331	0.0191303	0.058331	0.0659825	0.0406392	0.026698	0.0575109	0.0569325	0.0393735	0.0143576	0.0406392	0.0891352	0.0469337	0.0741549	0.0531252	0.0465876	0.0676769	0.0539559	0.0604163	0.058331	0.029487	0.0424533	0.0251121	0.0760462	0.0255803	0.0158602	0.0583419	0.0552073	0.058331	0.0604721	0.0610567	0.0365584	0.0419111	0.00484063	0.0488547	0.035646	0.058331	0.0490302	0.0465876	0.099767	0.046914	0.0491264	0.0265411	0.0607922	0.0404455	0.0792563	0.0461717	0.0474209	0.0891352	0.0800144	0.0891352	0.0613421	0.0823658	0.0424533	0.0465876	0.0677354	0.0454179	0.061696	0.0680672	0.0788888	0.0583419	0.100385	0.0512318	0.0403468	0.0387164	0.0753058	0.0613203	0.0244921	0.083222	0.0474209	0.0439324	0.0490302	0.0569325	0.0801613	0.0613203	0.0550065	0.0627098	0.0920435	0.0794867	0.0788888	0.0350637	0.0294699	0.0849766	0.0583419	0.0575184	0.0148745	0.0221435	0.0583419	0.0488547	0.0367565	0.058331	0.0470369	0.0676769	0.0548677	0.0676769	0.058331	0.0398801	0.0143576	0.0205414	0.0928791	0.0725984	0.0539559	0.0630146	0.0891352	0.0406392	0.0754004	0.0465876	0.0255803	0.0498216	0.0539559	0.026698	0.0891352	0.0788888	0.0504514	0.0763229	0.0891352	0.0465876	0.041502	0.0760408	0.0251659	0.0329154	0.0398801
88000	intercept	0.863458	0.857275	0.880518	0.867428	0.824181	0.846608	0.863439	0.844172	0.848636	0.802694	0.848097	0.852928	0.828266	0.824181	0.829335	0.856351	0.836371	0.843327	0.849755	0.852447	0.859503	0.847242	0.85488	0.868551	0.854053	0.868551	0.814435	0.867388	0.824181	0.846608	0.848803	0.837491	0.84047	0.859094	0.878311	0.829335	0.856044	0.878083	0.828266	0.865303	0.847106	0.873566	0.870031	0.8593	0.863439	0.844051	0.855923	0.837491	0.879441	0.853434	0.804035	0.863439	0.867969	0.851816	0.858639	0.828364	0.853546	0.854616	0.840777	0.842885	0.866094	0.846608	0.847093	0.881614	0.846672	0.838414	0.824148	0.846709	0.802499	0.870435	0.825872	0.850573	0.855216	0.841493	0.8768	0.85932	0.824181	0.843327	0.851816	0.854231	0.870031	0.846455	0.868551	0.884703	0.841958	0.879441	0.854053	0.845785	0.854248	0.824181	0.824181	0.836227	0.814435	0.866094	0.859562	0.876255	0.846608	0.84353	0.878311	0.868551	0.864164	0.835591	0.836173	0.837491	0.855468	0.857325	0.842885	0.846608	0.847989	0.848854	0.876999	0.869889	0.845734	0.866008	0.871054	0.851744	0.833081	0.843891	0.830989	0.863439	0.828266	0.851816	0.815038	0.828266	0.826605	0.795481	0.837322	0.86018	0.845971	0.847952	0.870031	0.8768	0.847093	0.873606	0.866195	0.863439	0.847605	0.844405	0.791473	0.869079	0.854053	0.877106	0.838414	0.867428	0.884108	0.804035	0.84748	0.837491	0.869889	0.835591	0.878311	0.863439	0.839688	0.864283	0.851716	0.843327	0.864499	0.830989	0.841493	0.844361	0.846672	0.828742	0.828266	0.824181	0.824181	0.863439	0.836173	0.845821	0.87417	0.853499	0.824181	0.870031	0.858919	0.847093	0.847242	0.852823	0.851816	0.854053	0.846459	0.847242	0.85225	0.849449	0.877401	0.867838	0.859601	0.850997	0.881553	0.853546	0.802499	0.836966	0.836227	0.824181	0.870031	0.848854	0.879862	0.8366	0.851735	0.833081	0.871054	0.880518	0.880518	0.845971	0.868551	0.854616	0.878311	0.846608	0.855216	0.863764	0.855681	0.837106	0.866094	0.876297	0.878083	0.835421	0.837106	0.863439	0.86187	0.876297	0.853434	0.868703	0.837424	0.854616	0.838405	0.824181	0.837491	0.852447	0.850031	0.880518	0.867838	0.870031	0.841958	0.847242	0.839953	0.855453	0.833081	0.87417	0.854616	0.868551	0.845614	0.881239	0.77961	0.824233	0.87417	0.841493	0.87417	0.883134	0.871054	0.846924	0.839688	0.802499	0.84047	0.814435	0.837491	0.856371	0.837106	0.87417	0.826862	0.842885	0.863439	0.870031	0.878311	0.8768	0.869956	0.847931	0.863695	0.860591	0.859424	0.824233	0.877182	0.880518	0.861367	0.863458	0.877106	0.845971	0.867428	0.838889	0.824181	0.824181	0.881239	0.878311	0.868551	0.824181	0.870031	0.863439	0.871054	0.837106	0.848877	0.867388	0.870031	0.845971	0.814435	0.863458	0.837491	0.841493	0.85069	0.863764	0.833192	0.868551	0.865361	0.851816	0.863439	0.824181	0.867765	0.890331	0.846608	0.854616	0.879772	0.841493	0.828266	0.8768	0.846672	0.870724	0.863458	0.867655	0.868551	0.837491	0.838846	0.815038	0.87417	0.8366	0.87588	0.840824	0.845699	0.831525	0.879862	0.9044	0.845971	0.851744	0.845971	0.837491	0.84384	0.851816	0.841493	0.84384	0.877182	0.854616	0.831787	0.798187	0.846608	0.837509	0.841238	0.866094	0.877182	0.81587	0.824181	0.833081	0.838414	0.901349	0.828266	0.837491	0.837491	0.800773	0.824181	0.828742	0.850573	0.824287	0.868551	0.836537	0.866588	0.877106	0.802499	0.846608	0.884703	0.860591	0.865361	0.846608	0.863458	0.870031	0.868551	0.880518	0.824233	0.873746	0.85069	0.881239	0.843655	0.867388	0.84812	0.837485	0.847931	0.863764	0.836173	0.845971	0.870031	0.81034	0.844361	0.878311	0.855216	0.863764	0.863439	0.845971	0.836537	0.868551	0.868551	0.846455	0.842885	0.871897	0.854434	0.87011	0.87011	0.83239
89000	slope	0.0813944	0.00264356	0.0654295	0.0749653	0.0388311	0.0563561	0.0472177	0.0458704	0.0630797	0.0854486	0.0660144	0.0519294	0.0566915	0.0115763	0.0727838	0.0572597	0.0563561	0.0483196	0.063942	0.0563561	0.069722	0.0531863	0.0498621	0.0698044	0.0582282	0.0492113	0.0498621	0.0539148	0.0296831	0.0330452	0.0473087	0.0498621	0.0572597	0.00264356	0.0336725	0.0573347	0.0519015	0.00994615	0.0453851	0.0564451	0.0749653	0.052463	0.0583379	0.0896754	0.068486	0.0526045	0.0388311	0.0828129	0.0828129	0.102853	0.0411771	0.0503413	0.0633469	0.0674475	0.0948891	0.0411771	0.0952514	0.0434073	0.0498621	0.0764352	0.0611509	0.0571859	0.0654295	0.0603926	0.0629451	0.041587	0.0290054	0.0680213	0.0316249	0.0691725	0.0388311	0.0572597	0.0115763	0.0301485	0.0805656	0.0455791	0.0546463	0.0633469	0.0428798	0.0660602	0.131245	0.0546463	0.0617395	0.0566915	0.0498621	0.0560845	0.0576534	0.0272978	0.0933289	0.0566915	0.0532583	0.0222221	0.0566915	0.0660144	0.0532583	0.0764352	0.0587712	0.0662807	0.0136888	0.0330452	0.0569873	0.0406352	0.0744978	0.0543514	0.0896754	0.0792549	0.054651	0.0740261	0.0457791	0.0579143	0.0325913	0.074219	0.0564451	0.0289084	0.0488949	0.0563561	0.0566915	0.0305486	0.0567226	0.0408314	0.0469558	0.0072156	0.0889768	0.0630797	0.0762037	0.0792549	0.0633469	0.0569873	0.0660144	0.0563561	0.0597693	0.0581296	0.0576534	0.0587712	0.0636143	0.0710363	0.0342722	0.0364732	0.0792358	0.0766716	0.0520112	0.0792549	0.0469558	0.0537915	0.0714897	0.0588753	0.072461	0.0710363	0.0353984	0.0828129	0.0544275	0.0743151	0.0420927	0.0402326	0.0632122	0.0897601	0.0492184	0.0153414	0.073676	0.0569873	0.0621966	0.0798726	0.0661891	0.0428798	0.0654816	0.0411771	0.0402533	0.0685559	0.0896754	0.0469558	0.0828129	0.0619087	0.052463	0.0312929	0.0290054	0.0492372	0.0515691	0.0411771	0.0687366	0.0751989	0.0388311	0.0889768	0.0484114	0.050923	0.0633469	0.0761365	0.0583379	0.0460585	0.0625659	0.0661891	0.0520112	0.0118529	0.0610738	0.0272978	0.0687366	0.0566915	0.0889768	0.0563561	0.0492372	0.0465259	0.0879137	0.0402533	0.0316249	0.090328	0.0743151	0.0479612	0.0353984	0.074121	0.0115763	0.0388311	0.0889768	0.0353984	0.074121	0.0828006	0.074219	0.0659312	0.090328	0.0498621	0.0483521	0.0355577	0.0397752	0.0621966	0.0793865	0.0879137	0.0200072	0.0611509	0.0537064	0.0507133	0.0290054	0.0272978	0.0532192	0.1016	0.0678694	0.0677762	0.0304782	0.0654295	0.0583379	0.0567226	0.0575299	0.0382802	0.0485295	0.0563561	0.044442	0.0325913	0.0654295	0.0324234	0.0552876	0.0406352	0.0519177	0.0792549	0.0576534	0.0406352	0.0442669	0.0520112	0.0469558	0.0569873	0.1016	0.0678694	0.0519177	0.0428798	0.0428798	0.0402533	0.0420927	0.050923	0.0383583	0.0272978	0.0729921	0.0792549	0.0619087	0.069722	0.0428798	0.0230462	0.0483196	0.0603926	0.052463	0.0710363	0.0355577	0.0489439	0.0633469	0.0611509	0.0564451	0.0762037	0.0411771	0.0893188	0.0399746	0.101042	0.0706783	0.0710363	0.102853	0.0615076	0.0325913	0.0498621	0.0654295	0.0532583	0.0290054	0.0659312	0.0388311	0.0519177	0.0662807	0.102853	0.0503353	0.0569873	0.0375052	0.0904315	0.0710363	0.0830357	0.0355577	0.0559601	0.0420927	0.0566915	0.0492372	0.0566915	0.0824872	0.0462054	0.0286265	0.0792549	0.0731947	0.0428798	0.0624241	0.053893	0.0483196	0.0453851	0.0420927	0.0830357	0.0325913	0.041587	0.0388311	0.0659312	0.0611509	0.0153414	0.0674475	0.0411771	0.0710363	0.071188	0.0223326	0.0889768	0.0539148	0.0563561	0.0503353	0.0904315	0.0762037	0.0251463	0.0575299	0.0223326	0.0879137	0.0576534	0.0072156	0.0402533	0.0563561	0.048254	0.0751989	0.0494375	0.072461	0.0879137	0.0336725	0.0451898	0.0573347	0.0399703	0.0610368	0.0458704	0.0896495	0.0563561	0.0498621	0.0458704	0.0245467	0.0506769	0.0483521	0.0828006	0.0792549	0.0441143	0.0411771	0.0743151	0.0948891	0.0760513	0.0483196	0.090328	0.0325913	0.0737858	0.0561923	0.0411771	0.0896495	0.0531863	0.0388311	0.00264356	0.050923	0.0629501	0.0567226	0.0290054	0.064134	0.0290054	0.0589251	0.0462054	0.0325913	0.0779318	0.0828006	0.0388311	0.0576534	0.0563561	0.072461	0.0828006
89000	intercept	0.831778	0.853055	0.834503	0.840043	0.879532	0.862532	0.867036	0.864048	0.849566	0.832233	0.822736	0.854253	0.846966	0.900727	0.851315	0.860148	0.847365	0.884227	0.85503	0.844344	0.848121	0.844879	0.866251	0.848583	0.851887	0.836047	0.866251	0.880779	0.84988	0.864048	0.865022	0.866251	0.860148	0.853055	0.852941	0.84136	0.842866	0.837026	0.890236	0.835861	0.840043	0.836047	0.861838	0.850514	0.848668	0.8475	0.856384	0.83617	0.850417	0.848583	0.87393	0.802251	0.860658	0.833908	0.856673	0.860658	0.855347	0.831455	0.866251	0.847298	0.829833	0.846336	0.83558	0.841677	0.845842	0.859198	0.834342	0.847471	0.852941	0.832013	0.856384	0.860148	0.883832	0.850451	0.849401	0.849525	0.866251	0.860658	0.860191	0.863458	0.793782	0.884698	0.854185	0.833908	0.866251	0.852046	0.847848	0.834342	0.855347	0.836316	0.873414	0.867447	0.833908	0.822736	0.873414	0.842144	0.860933	0.833908	0.86178	0.861281	0.860148	0.858252	0.84705	0.849168	0.850514	0.833908	0.834503	0.818644	0.862286	0.840043	0.86178	0.825501	0.835861	0.87015	0.860627	0.862532	0.836316	0.860933	0.846706	0.855165	0.860627	0.853466	0.83787	0.849566	0.860658	0.833908	0.860658	0.860148	0.827292	0.852216	0.851891	0.848583	0.851341	0.860933	0.839067	0.845145	0.843481	0.860658	0.850864	0.841952	0.862019	0.833908	0.860627	0.865051	0.865812	0.856926	0.848121	0.845145	0.85663	0.844052	0.834503	0.848121	0.861258	0.85663	0.850956	0.864434	0.85989	0.893258	0.840978	0.860148	0.844466	0.832013	0.848583	0.860191	0.859455	0.859633	0.869471	0.830173	0.850514	0.860627	0.83617	0.854185	0.845058	0.86566	0.834342	0.858329	0.848123	0.860658	0.849997	0.834503	0.865502	0.83787	0.864048	0.86632	0.860658	0.848583	0.85113	0.85926	0.863262	0.848583	0.856256	0.853055	0.86935	0.834342	0.849997	0.836316	0.850514	0.853119	0.858329	0.852239	0.849401	0.869471	0.851419	0.860658	0.848121	0.830856	0.864048	0.860919	0.883832	0.865502	0.83787	0.85663	0.860919	0.828235	0.825501	0.846595	0.860658	0.866251	0.852941	0.839415	0.846821	0.844466	0.871587	0.849401	0.853466	0.820177	0.850332	0.856565	0.834342	0.834342	0.856046	0.860658	0.853858	0.844355	0.854283	0.834503	0.861838	0.833908	0.849786	0.847641	0.839663	0.833654	0.844624	0.86178	0.834503	0.834342	0.866251	0.858252	0.834168	0.833908	0.847848	0.858252	0.854977	0.862019	0.860627	0.857011	0.860658	0.844355	0.855061	0.860191	0.867461	0.869471	0.847855	0.86632	0.878547	0.834342	0.851315	0.834061	0.854185	0.848121	0.860191	0.862765	0.884227	0.841677	0.854867	0.845145	0.839415	0.831194	0.860658	0.829833	0.835861	0.860658	0.860658	0.850514	0.873657	0.860914	0.849566	0.828235	0.848583	0.866251	0.86178	0.866251	0.814939	0.873414	0.834342	0.878332	0.856384	0.850332	0.833908	0.848583	0.838268	0.860148	0.846152	0.849242	0.845145	0.822129	0.839415	0.833908	0.861258	0.833908	0.858329	0.836316	0.856472	0.860658	0.86178	0.833908	0.832013	0.860191	0.852987	0.853119	0.884227	0.890236	0.861258	0.822129	0.86178	0.85167	0.865502	0.878332	0.829833	0.906606	0.833908	0.860658	0.845145	0.850417	0.849235	0.850514	0.880779	0.853119	0.838268	0.860771	0.860658	0.834342	0.847848	0.849235	0.844261	0.862638	0.853466	0.869471	0.853119	0.853552	0.834503	0.842656	0.848121	0.844261	0.856256	0.846821	0.84136	0.860658	0.850514	0.864048	0.861436	0.862532	0.866251	0.864048	0.841004	0.856384	0.844624	0.828235	0.834061	0.838908	0.87393	0.848121	0.856673	0.850864	0.884227	0.860658	0.849757	0.858329	0.860658	0.87393	0.861436	0.844879	0.879532	0.850969	0.867644	0.839573	0.833908	0.834342	0.841724	0.834342	0.854283	0.860658	0.854436	0.850514	0.828235	0.865502	0.847848	0.862532	0.848121	0.828235
90000	slope	0.0261481	0.0188153	0.0460114	0.0887038	0.0697875	0.0589582	0.0781173	0.0681693	0.0119864	0.0525373	0.0561398	0.0683324	0.0119864	0.0327892	0.034493	0.0491143	0.0692483	0.0835162	0.034493	0.034493	0.0283124	0.0573613	0.0624505	0.0243927	0.0344821	0.0309847	0.0787509	0.0490488	0.0327892	0.0719897	0.067441	0.0664194	0.0450213	0.0445885	0.034493	0.033481	0.0699924	0.0327892	0.0401975	0.0808893	0.0644956	0.0612797	0.0668229	0.0450489	0.0628341	0.0545618	0.0351007	0.0348572	0.0383321	0.09142	0.0491143	0.0535308	0.0988908	0.0437549	0.034493	0.0909536	0.0575299	0.0339759	0.080466	0.0243927	0.0565753	0.0381264	0.0486381	0.0491143	0.0456919	0.0790938	0.0344996	0.0491143	0.0591563	0.0491143	0.0188153	0.0845003	0.0710151	0.0668229	0.0664194	0.0731291	0.0692483	0.0795151	0.0584123	0.05969	0.0882536	0.0747999	0.0887038	0.0438866	0.0722993	0.0345608	0.0286799	0.0443506	0.0491143	0.0845003	0.0692483	0.0418143	0.0323426	0.0344821	0.0921871	0.034493	0.09142	0.0589271	0.0458342	0.0263926	0.0313514	0.0324688	0.0383321	0.043158	0.0663927	0.0486381	0.0572597	0.0332223	0.061099	0.0427842	0.0591563	0.0424329	0.0692483	0.0650957	0.028872	0.0189935	0.0697875	0.0380677	0.0692483	0.0575299	0.033481	0.0885167	0.0545618	0.0921871	0.0838522	0.0624053	0.0575299	0.0845003	0.0401975	0.0383321	0.0491143	0.0251228	0.0790938	0.0245991	0.033481	0.058366	0.0887038	0.0323426	0.0327892	0.0634814	0.0692483	0.0380058	0.0843604	0.0845003	0.0243927	0.0639216	0.0455055	0.0313514	0.034493	0.0726428	0.0607656	0.0351007	0.081332	0.0339759	0.0219182	0.0638633	0.0840427	0.09142	0.0401975	0.0921871	0.0323426	0.0840427	0.0731291	0.0323354	0.0569563	0.0822432	0.0663927	0.0423146	0.0368279	0.0341691	0.0572597	0.0380677	0.0188153	0.034493	0.033481	0.0333756	0.0692483	0.0323426	0.0692483	0.0333756	0.0882536	0.0790938	0.0466077	0.0489296	0.0529859	0.0323547	0.0552835	0.0642023	0.0491143	0.0323426	0.0333271	0.0663927	0.0509117	0.0843604	0.0323547	0.0648113	0.0921871	0.0908673	0.0589942	0.0619778	0.0575299	0.0491143	0.0368279	0.0845003	0.0323547	0.0692483	0.0783037	0.0671061	0.0219182	0.0508842	0.034493	0.0661087	0.0486381	0.0437787	0.0380677	0.0263926	0.0692483	0.0344821	0.0843604	0.0853184	0.0471029	0.0323426	0.0988908	0.0823976	0.0908957	0.0891603	0.034493	0.033481	0.0263926	0.0565753	0.0790938	0.0565753	0.0291641	0.0383321	0.0740211	0.0711621	0.0468952	0.0661087	0.0486381	0.0823976	0.0695156	0.0327892	0.0151449	0.0908957	0.0783037	0.0756506	0.073439	0.0151449	0.0491143	0.0664194	0.0843604	0.0506204	0.0430204	0.0650444	0.033481	0.0692483	0.0845003	0.0323426	0.0697803	0.0283124	0.0575299	0.0537223	0.0323547	0.0471029	0.0886257	0.0163281	0.0323547	0.0323547	0.0134732	0.0845003	0.0323426	0.0908673	0.0456919	0.0634814	0.0351007	0.0339759	0.0458342	0.106017	0.0668229	0.0424329	0.0783037	0.0552835	0.0535308	0.0790938	0.0491143	0.0783037	0.0449689	0.106201	0.0858861	0.0283124	0.0351007	0.100661	0.0782362	0.0323547	0.0575299	0.0583896	0.0323426	0.0427842	0.107434	0.0437787	0.0794029	0.0531984	0.0819449	0.0638796	0.0323426	0.08496	0.0887038	0.0263926	0.0692483	0.0348572	0.0628735	0.0339084	0.0491143	0.0491143	0.0468952	0.0554164	0.0908957	0.0339759	0.0887038	0.0309847	0.034493	0.0747999	0.0790938	0.033481	0.0323547	0.0843604	0.107434	0.0491143	0.0246344	0.0362921	0.0744174	0.0151449	0.0323426	0.0711621	0.034493	0.0380677	0.0333756	0.0656351	0.034493	0.0323547	0.08157	0.0843604	0.0283124	0.0327892	0.0509937	0.0638796	0.0634814	0.0491143	0.08157	0.0323426	0.0344821	0.0584123	0.0991442	0.033481	0.0460114	0.0119864	0.0401975	0.0552835	0.026334	0.0658646	0.0977658	0.0119864	0.0845003	0.0723521	0.0383321	0.074735	0.0491143	0.034493	0.033481	0.0458342	0.0589942	0.0697875	0.0663927	0.0260107	0.0908957	0.0342547	0.0491143	0.0697875	0.0243927	0.0894355	0.0348572	0.0339759	0.09142	0.0843604	0.0263926	0.0589271	0.0283124	0.0468952	0.0163281	0.0246344	0.0336907	0.0701109	0.0323426	0.033481	0.067441	0.0991442	0.0783037	0.0172628	0.0119864	0.073439
90000	intercept	0.867554	0.862746	0.854143	0.856499	0.845359	0.861334	0.851617	0.848019	0.828215	0.837375	0.865394	0.8646	0.825233	0.853758	0.876485	0.837529	0.822205	0.852132	0.876485	0.876485	0.869483	0.868392	0.853856	0.882831	0.87911	0.878095	0.835003	0.877584	0.867843	0.848527	0.877559	0.832068	0.864287	0.840568	0.886247	0.872361	0.856398	0.846821	0.884281	0.839453	0.861508	0.872463	0.84442	0.878095	0.868466	0.837375	0.876677	0.841546	0.905151	0.835351	0.837529	0.860328	0.814502	0.876187	0.876485	0.856463	0.867016	0.894763	0.848726	0.884934	0.851057	0.851796	0.87126	0.866392	0.868015	0.825918	0.845368	0.837529	0.80591	0.848115	0.842839	0.851617	0.869409	0.84442	0.832068	0.818389	0.818389	0.872314	0.859087	0.843353	0.851617	0.851965	0.856499	0.853109	0.84442	0.850664	0.866554	0.860559	0.837529	0.851617	0.818389	0.874748	0.879862	0.87911	0.868654	0.876485	0.835351	0.858314	0.837375	0.865497	0.847198	0.879999	0.885376	0.895578	0.854143	0.880849	0.837689	0.881546	0.848747	0.886757	0.806229	0.853109	0.815322	0.848441	0.856347	0.859346	0.84137	0.861354	0.818389	0.867016	0.872361	0.835351	0.837375	0.868654	0.825918	0.820291	0.866644	0.855803	0.884281	0.885376	0.848115	0.876006	0.825612	0.871919	0.872361	0.856478	0.856499	0.877584	0.867843	0.832068	0.822205	0.888146	0.840329	0.851617	0.866001	0.842017	0.869689	0.847198	0.876485	0.848858	0.842699	0.876926	0.846244	0.873941	0.883025	0.846857	0.84024	0.835351	0.885779	0.864571	0.879829	0.836024	0.818389	0.88649	0.847987	0.850067	0.854143	0.838536	0.853758	0.857414	0.848198	0.892304	0.8633	0.876485	0.872361	0.868275	0.822205	0.877584	0.821715	0.885476	0.851617	0.825612	0.847657	0.852275	0.86507	0.868192	0.860559	0.810776	0.837529	0.878316	0.888	0.854143	0.855907	0.840329	0.868192	0.870737	0.863247	0.848527	0.844146	0.84442	0.867016	0.82787	0.853758	0.851617	0.868192	0.818389	0.836024	0.860559	0.883025	0.872566	0.876485	0.861016	0.872852	0.877584	0.876485	0.865497	0.818389	0.87911	0.848527	0.846172	0.858552	0.877584	0.814502	0.849186	0.847155	0.838172	0.876485	0.872361	0.865497	0.851057	0.825612	0.851057	0.867016	0.885376	0.856269	0.861073	0.833643	0.861016	0.87126	0.849186	0.851617	0.853758	0.86937	0.852146	0.832036	0.832068	0.839708	0.868396	0.837529	0.832068	0.856463	0.872361	0.854139	0.861073	0.872361	0.818389	0.851617	0.877584	0.821008	0.869483	0.867016	0.837529	0.868192	0.858552	0.841738	0.842466	0.861528	0.864702	0.879999	0.851617	0.877584	0.848527	0.868015	0.832068	0.876677	0.881978	0.837375	0.809611	0.829817	0.853109	0.836024	0.860559	0.852077	0.825918	0.837529	0.836024	0.873771	0.810904	0.851617	0.869483	0.876677	0.846394	0.855803	0.861528	0.867016	0.829817	0.892951	0.886757	0.846394	0.877584	0.848858	0.854143	0.822219	0.85562	0.886421	0.85093	0.846394	0.865497	0.815322	0.841546	0.819529	0.841546	0.837529	0.837529	0.837375	0.818389	0.844504	0.894763	0.844867	0.878095	0.876485	0.851965	0.825612	0.872361	0.861528	0.848527	0.846394	0.83528	0.888163	0.898417	0.851617	0.868396	0.877584	0.861073	0.876485	0.876485	0.878225	0.868015	0.876485	0.864702	0.814712	0.859201	0.869483	0.846821	0.872566	0.85562	0.832068	0.848115	0.838484	0.877584	0.87911	0.87584	0.839453	0.872361	0.854143	0.828215	0.885779	0.860559	0.855955	0.868015	0.853176	0.828215	0.855803	0.845359	0.885376	0.851617	0.837529	0.876485	0.872361	0.837375	0.869	0.845359	0.854143	0.876485	0.852146	0.892317	0.837529	0.827029	0.884934	0.871098	0.843554	0.890364	0.835351	0.856463	0.865497	0.895718	0.869483	0.833643	0.842466	0.876622	0.870986	0.815322	0.878608	0.872361	0.840126	0.839453	0.836024	0.877584	0.828215	0.845461
91000	slope	0.0731484	0.0411261	0.0387383	0.0160976	0.0411261	0.0483637	0.0711359	0.0399413	0.0423882	0.0570276	0.0587202	0.012844	0.0861354	0.0710713	0.0270185	0.0690674	0.0300355	0.0229236	0.0160402	0.0229236	0.0278619	0.0160976	0.0229236	0.0160976	0.0484897	0.028178	0.0300745	0.00568783	0.0280497	0.0157042	0.0399413	0.0745164	0.019453	0.0508031	0.0160976	0.0399756	0.0160976	0.0275025	0.0123691	0.0704053	0.0573873	0.0279945	0.0350844	0.0776185	-0.000705102	0.0383172	0.0484897	0.0301098	0.0228138	0.0325992	0.0336177	0.0390954	0.0596268	0.0778427	0.0390954	0.00568783	0.0358502	0.0793453	0.00917579	0.0562596	0.00857783	0.0399413	0.0587202	0.019453	0.0240875	0.0306652	0.038033	0.0747148	0.0712733	0.0336931	0.0587202	0.0386284	0.0587202	0.0438415	0.0408748	0.0308385	0.00568783	0.046469	0.0424784	0.00334539	0.0513613	0.0460795	0.0229236	0.0160976	0.038033	0.0612391	0.0184669	0.0460795	0.0587202	0.00917579	0.0188253	0.0288215	0.078594	0.0399756	0.0108927	0.058894	0.0747148	0.0355902	0.029794	0.0300355	0.0919544	0.0308385	0.0259443	0.0390676	0.0411261	0.00568783	0.0459256	0.0587202	0.0745164	0.0151859	0.0275025	0.0574899	0.085526	0.0508031	0.0434789	0.0263009	0.0573873	0.0308385	0.0160976	0.0411261	0.0279384	0.0676292	0.056131	0.0411261	0.0272815	0.0711359	0.0562596	0.0240875	0.0355902	0.0275025	0.0612391	0.0484897	0.0676292	0.0390676	0.0288215	0.0308385	0.028178	0.0747148	0.038033	0.00649702	0.0525141	0.0306927	0.052576	0.0340186	0.0400022	0.0536459	0.0279384	0.0498293	0.0612391	0.0663172	0.0793453	0.035819	0.0226591	0.0355902	0.0266223	0.0426908	0.00568783	0.0298848	0.113551	0.0305119	0.0307006	0.0573873	0.0690674	0.0710713	0.0390676	0.0257404	0.0721121	0.0690674	0.00857783	0.0676292	0.0776185	0.00849353	0.0403619	0.0545212	0.0160976	0.0658837	0.118217	0.0399413	0.0207643	0.0747148	0.0063432	0.0399413	0.0317205	0.0229236	0.0390954	0.0362263	0.0390954	0.0443708	0.0101481	0.0676292	0.0308385	0.0167039	0.0207881	0.0684688	0.0121676	0.0471838	0.0168398	0.0466339	0.0498485	0.0793453	0.024486	0.0612391	0.0460795	0.00568783	0.0288215	0.00568783	0.0484897	0.0365164	0.0408748	0.0254324	0.0656643	0.00334539	0.038033	0.0390954	0.00857783	0.0376223	0.0250478	0.0508031	0.0484897	0.0408748	0.0263009	0.0221657	0.00568783	0.0229236	0.0176086	0.0173126	0.0690674	0.0308385	0.0347725	0.0408748	0.0309803	0.0337	0.0350844	0.038033	0.0305119	0.0278619	0.0281112	0.0288653	0.0332589	0.0587202	0.0160976	0.0498293	0.0302182	0.0263009	0.0279384	0.0914945	0.019453	0.0308385	0.0390676	0.0516507	0.0207643	0.0173126	0.0636445	0.0340174	0.0374068	0.0160976	0.0293702	0.0776185	0.0221565	0.0390954	0.024331	0.044387	0.0279384	0.0570276	0.0587202	0.0793453	0.0484897	0.0460795	0.0676292	0.0288653	0.0587202	0.0411261	0.0390954	0.0570276	0.0816182	0.0309803	0.0747148	0.0390676	0.0325992	0.0333625	0.0676292	0.0325992	0.0275025	0.0408748	0.0279945	0.013404	0.0513613	0.0710713	0.0399413	0.0173126	0.0168398	0.0637893	0.0355902	0.00857783	0.0792763	0.0914255	0.0780905	0.00857783	0.0188049	0.113551	0.0390676	0.000251155	0.0390676	0.0378036	0.0278619	0.00568783	0.0711359	0.0176086	0.0390954	0.0411261	0.0411261	0.0160976	0.0279384	0.0160976	0.0493275	0.0257404	0.0307006	0.0483637	0.0278619	0.0207643	0.0484897	0.00934101	0.0447271	0.0793453	0.0513613	0.0201315	0.0355902	0.0623905	0.0459256	0.0263009	0.0459256	0.0562596	0.0772806	0.0690674	0.0262366	0.0309803	0.0493275	0.00568783	0.0308385	0.0229236	0.0362574	0.00917579	0.0508031	0.0293702	0.0411261	0.0263009	0.0663172	0.0160976	0.0263926	0.0250478	-0.00199868	0.0411261	0.0279384	0.0587202	0.0721121	0.0690674	0.070707	0.0631667	0.0612391	0.0263009	0.0587202	0.0914945	0.0690275	0.0399413	0.0390954	0.0432201	0.0587202	0.0300355	0.00934101	0.0602035	0.0731207	0.0676292	0.0229236	0.0390676	0.0690674	0.0440515	0.0411261	0.0747148	0.00649702	0.0263009	0.0440515	0.0275025	0.048072	0.0390676	0.0332932	0.0273068	0.0424952	-0.000705102	0.0358667	0.0690674	0.0498293	0.00673279	0.118217	0.0399413	0.0745164	0.0704053	0.0658837	0.0540871	0.0411261	0.0390954
91000	intercept	0.808282	0.852869	0.852594	0.859832	0.852869	0.867527	0.832071	0.890408	0.883311	0.832071	0.828227	0.866661	0.841943	0.851385	0.877036	0.855956	0.861506	0.890437	0.871051	0.87742	0.879863	0.852592	0.879076	0.867506	0.861427	0.862143	0.860187	0.885279	0.875036	0.835575	0.890408	0.84377	0.887078	0.852084	0.867506	0.858994	0.852592	0.872	0.864502	0.852	0.862964	0.881665	0.859372	0.819392	0.877702	0.876783	0.861427	0.881678	0.881778	0.869938	0.877702	0.875031	0.856295	0.880257	0.875031	0.885279	0.869938	0.86837	0.856118	0.880257	0.888117	0.904189	0.838723	0.877702	0.871145	0.877702	0.879939	0.832358	0.832071	0.855196	0.830281	0.88158	0.838723	0.867527	0.88158	0.852833	0.885279	0.881397	0.847003	0.874111	0.880257	0.862398	0.896191	0.852592	0.879939	0.812385	0.848603	0.867527	0.830281	0.856118	0.872545	0.88158	0.874314	0.858994	0.876392	0.861427	0.832358	0.848059	0.89605	0.873153	0.853031	0.852833	0.883064	0.852084	0.852869	0.885279	0.869938	0.830281	0.824795	0.865906	0.872	0.854242	0.821392	0.852084	0.877036	0.865258	0.86837	0.852249	0.884342	0.852869	0.84789	0.852233	0.843215	0.852869	0.910248	0.832071	0.880257	0.871145	0.852801	0.872	0.790612	0.861427	0.852233	0.852084	0.884732	0.852833	0.862143	0.832358	0.887101	0.877036	0.862717	0.865527	0.850429	0.857926	0.86915	0.881386	0.84789	0.852869	0.790612	0.848198	0.86837	0.868325	0.869023	0.852801	0.860964	0.84789	0.885279	0.881502	0.853605	0.883782	0.910248	0.86837	0.848198	0.851385	0.838951	0.8773	0.880257	0.848198	0.888117	0.852233	0.819392	0.882028	0.863915	0.892231	0.869203	0.818536	0.853605	0.890408	0.861928	0.832358	0.870128	0.890408	0.878797	0.877036	0.873829	0.870401	0.875031	0.840627	0.873091	0.852233	0.853465	0.869374	0.869203	0.847487	0.877702	0.861145	0.877702	0.861427	0.855546	0.86837	0.87399	0.809253	0.867527	0.885279	0.884732	0.885279	0.861427	0.845256	0.88158	0.879863	0.862903	0.866524	0.879939	0.875031	0.888117	0.862903	0.870401	0.852084	0.861427	0.88158	0.883057	0.912716	0.892233	0.879076	0.877036	0.861928	0.834205	0.852833	0.882891	0.88158	0.854685	0.880861	0.859372	0.879939	0.883782	0.879863	0.886498	0.88201	0.831786	0.854806	0.854869	0.852869	0.835575	0.865258	0.84789	0.817514	0.877702	0.852833	0.852084	0.875958	0.861928	0.861928	0.830281	0.905994	0.882082	0.852592	0.849141	0.819392	0.873309	0.875031	0.877036	0.842702	0.84789	0.832071	0.838723	0.86837	0.861427	0.867527	0.852233	0.864455	0.838723	0.852869	0.875031	0.832071	0.812287	0.854685	0.853031	0.852084	0.883444	0.863968	0.852233	0.869938	0.872	0.88158	0.880153	0.87399	0.880257	0.851385	0.890408	0.861928	0.877702	0.832071	0.852801	0.888117	0.817514	0.8409	0.826602	0.888117	0.84789	0.853605	0.838951	0.855179	0.852084	0.855623	0.879863	0.885279	0.832071	0.877036	0.875031	0.852869	0.869284	0.859832	0.84789	0.873739	0.87653	0.8773	0.910248	0.867527	0.879863	0.861928	0.861427	0.873732	0.849141	0.86837	0.880257	0.867527	0.852801	0.854136	0.868745	0.876826	0.868745	0.880257	0.837743	0.848198	0.863726	0.854685	0.87653	0.872713	0.852833	0.860401	0.878669	0.856118	0.852084	0.849141	0.852869	0.865258	0.848198	0.867475	0.881466	0.870401	0.912758	0.852869	0.856164	0.825796	0.880257	0.844705	0.838723	0.862473	0.812385	0.87085	0.838723	0.819336	0.852233	0.890408	0.875031	0.825796	0.830281	0.868991	0.873732	0.880257	0.844422	0.852233	0.877036	0.838951	0.844705	0.852869	0.852869	0.853031	0.877036	0.871681	0.852869	0.872	0.862903	0.838951	0.862639	0.877036	0.877702	0.877702	0.867527	0.848198	0.852869	0.854845	0.853605	0.890408	0.827463	0.852	0.818536	0.852233	0.852869	0.875031
92000	slope	0.0608245	0.0494004	0.0229672	0.0410846	0.0434985	0.0416398	0.0242432	0.0516597	0.0363462	0.0562839	0.0435866	0.0406774	0.0230923	0.0230923	0.0494004	0.0164444	0.0801256	0.0378912	0.0446332	0.0759845	0.0234503	0.0608245	0.0666047	0.0315153	0.0416398	-0.00163355	0.0509617	0.0446332	0.0040428	0.0344982	0.00170176	0.0583052	0.0236718	0.037165	0.0126981	0.0119522	0.0377352	0.00213179	0.0564064	0.0255168	0.0523469	0.0317843	0.0398065	0.00786676	0.0455334	0.0165872	0.0403509	0.0623372	0.0389898	0.0801256	0.0171262	0.0232983	0.0430686	0.0234575	0.0233821	0.047596	0.0264965	0.0242432	0.0280779	0.0118904	0.0584982	0.0509941	0.00170176	0.0558007	0.0411261	0.0503362	0.0164444	0.0216567	0.0263735	-0.0207424	0.0311868	0.0378912	0.078838	0.0127975	0.0389839	0.0416398	0.039664	0.0257481	0.0623372	0.00247019	0.0127975	0.046665	0.0317843	0.061065	0.0297744	0.0211253	0.0257481	0.0395177	0.0230923	0.0419584	0.0562839	0.0494004	0.061065	0.00170176	0.0297744	0.0813216	0.0119522	0.0413266	0.0309476	0.0571168	0.061065	0.0127187	0.0510282	0.0332566	0.0230923	0.0422827	0.0347862	0.0230923	0.0119522	0.0256575	0.0505189	0.061065	0.0373957	0.0389449	0.0911529	0.0516597	0.00786676	0.0516597	0.0274995	-0.0197908	0.0562839	0.00786676	0.0857773	0.0602922	0.00786676	0.0330159	0.021615	0.00247019	0.0418959	0.0320812	0.0390835	0.0820692	0.0418959	0.0391831	0.0487587	0.0470607	-0.00163355	0.00247019	0.0409843	0.039044	0.00558852	0.0230923	0.0171262	0.0509617	0.0319201	0.0394488	0.00786676	0.0406774	0.00247019	0.0789276	0.0667198	0.0319201	0.0374944	0.00226232	0.046665	0.0525153	0.046665	0.0103674	0.0540524	0.0281003	0.040616	0.0124643	0.0118904	0.0413266	0.0327693	0.0406774	0.0374874	0.0509617	0.0316474	0.0230923	0.00177652	0.0608245	0.0243249	0.0441432	0.00247019	-0.00163355	0.0426655	0.0523469	0.0205528	0.0411261	0.0359099	0.0236718	0.0206889	0.00873679	0.0161066	0.00170176	0.00839203	0.0408668	0.0416398	0.0494004	0.00247019	0.0391512	0.0180681	0.0531685	0.0391512	0.0562132	0.0317843	0.0171262	0.0541001	0.0232983	0.0808798	0.0558007	0.0770347	0.061065	0.0570968	0.0341634	0.0282378	0.0770347	0.0406774	0.0111763	0.0312038	0.0230923	0.0103674	0.0577501	0.0313003	0.0236718	0.0562839	0.00170176	0.0234575	0.0327693	0.0230923	0.0801256	0.0319201	0.0491563	0.00226232	0.0683314	0.046665	0.0523469	0.0416398	0.0579815	0.0430686	0.0259193	0.0131726	0.046665	0.0485496	0.0623372	0.0330159	0.0683838	0.037165	0.0248476	0.0630887	0.0236718	0.0312038	0.00226232	0.0378912	0.0248476	0.0516597	0.046665	0.0281003	0.0281003	0.00786676	0.0562839	0.0229672	0.0161066	0.0161066	0.0317843	0.0431179	0.0413266	0.078838	0.021615	0.0455334	0.0257481	0.0291653	0.00839203	0.021615	-0.000112122	0.0233808	0.0515047	-0.00163355	0.0455334	0.0319201	0.0312038	0.0494004	0.00839203	0.040931	0.00226232	0.0387351	0.0425897	0.0489988	0.0391512	0.0230923	0.0746087	0.0230923	0.0911529	0.0562132	0.0171262	0.00786676	0.0623372	0.0442735	0.0383898	0.0494004	0.0543806	0.0441432	0.018793	0.0119522	0.0608245	0.00170176	0.0509617	0.0131726	0.0411261	0.0379332	0.0393929	0.0801256	0.0319201	0.0257481	0.0608245	0.0285055	0.0570968	0.0430686	0.0131726	0.0264965	0.0230923	0.0216567	0.00170176	0.0216567	0.00939374	0.00170176	0.0441432	0.0319201	0.0770347	0.0564064	0.00170176	0.0279998	0.0411261	0.0562132	0.0583052	0.0416398	0.0148651	0.0516597	0.0291653	0.0534037	0.0230923	0.0416398	0.00839203	0.00472355	0.021877	0.0823415	0.039256	0.0259193	0.0369536	0.0330159	0.0250372	0.0324393	0.0236718	0.0446332	0.0623372	0.0236718	0.043526	0.0316504	-0.00431373	0.0131726	0.00170176	0.0378933	0.0623372	0.0124643	0.0625669	0.0584982	0.0509941	0.054642	-0.00431373	0.0623372	0.053972	0.037717	0.00226232	0.0666047	0.0602922	0.0455334	0.0510282	0.0230923	0.017307	0.0119522	0.00939374	0.0444642	0.053972	0.0396995	0.0516597	0.0205759	0.046665	0.0523469	0.0491563	0.040616	0.0562839	0.0562132	0.0152445	0.0391831	-0.00431373	0.00786676	0.0250372	0.0444642	0.0297744	0.0377352	-0.00431373	0.00786676	0.0288529	0.0297744	0.0494004	0.00786676	0.00226232	0.00873679	0.0230923
92000	intercept	0.825401	0.841064	0.900571	0.875935	0.857231	0.857231	0.867667	0.849389	0.893032	0.825401	0.843756	0.842179	0.848513	0.855843	0.841064	0.849701	0.841535	0.849299	0.8597	0.840947	0.88125	0.825401	0.841064	0.878739	0.857231	0.875595	0.855992	0.8597	0.848192	0.809809	0.865464	0.881815	0.88643	0.855992	0.892689	0.854546	0.87678	0.853885	0.876404	0.861751	0.823703	0.859585	0.830281	0.862514	0.830281	0.883431	0.859755	0.845177	0.859372	0.841535	0.887567	0.843578	0.902052	0.884586	0.87288	0.868156	0.863894	0.851576	0.85353	0.889917	0.807157	0.864494	0.864553	0.841064	0.857658	0.871856	0.849701	0.862594	0.860386	0.849956	0.868156	0.849299	0.848345	0.8881	0.888882	0.866743	0.842179	0.877313	0.845177	0.903635	0.8881	0.877287	0.874826	0.849601	0.874933	0.884166	0.881461	0.862897	0.844686	0.83442	0.825401	0.841064	0.840306	0.864553	0.874933	0.845924	0.855843	0.84385	0.886064	0.870854	0.849601	0.900636	0.872035	0.870605	0.870711	0.888145	0.876492	0.855843	0.855843	0.867172	0.884399	0.849601	0.868562	0.865152	0.856261	0.838383	0.862514	0.849389	0.862432	0.856758	0.825401	0.862514	0.787565	0.900971	0.862514	0.896699	0.854486	0.903635	0.861519	0.854486	0.872678	0.841535	0.877259	0.87602	0.870512	0.852381	0.875595	0.908593	0.834697	0.888958	0.865464	0.855843	0.887567	0.855992	0.863894	0.848069	0.862514	0.849389	0.908593	0.869497	0.84626	0.864494	0.887027	0.878555	0.877287	0.867492	0.877287	0.857231	0.849389	0.885713	0.893514	0.883431	0.889917	0.838437	0.839658	0.849389	0.870287	0.855992	0.872318	0.844686	0.856889	0.825401	0.858606	0.85416	0.908593	0.875595	0.862656	0.823703	0.809809	0.857658	0.875312	0.88643	0.875997	0.8597	0.855111	0.865464	0.853885	0.881461	0.857231	0.841064	0.903635	0.879226	0.888155	0.886078	0.889998	0.873703	0.859585	0.887567	0.832556	0.831187	0.842817	0.841064	0.872698	0.849601	0.841064	0.889129	0.859585	0.869497	0.849389	0.833814	0.874692	0.844686	0.857231	0.829325	0.871393	0.88643	0.824259	0.864553	0.899915	0.839658	0.855843	0.838713	0.875894	0.830281	0.880264	0.878316	0.877287	0.823703	0.857231	0.825401	0.900971	0.886703	0.883431	0.877287	0.816898	0.845177	0.888958	0.845177	0.855992	0.874766	0.849389	0.88643	0.874692	0.878555	0.849299	0.874766	0.838383	0.877287	0.885713	0.888145	0.862514	0.825622	0.89539	0.855111	0.855111	0.859585	0.842899	0.838437	0.848345	0.854486	0.830281	0.881461	0.887205	0.853885	0.854486	0.865464	0.862897	0.867492	0.875595	0.834164	0.863894	0.866098	0.841064	0.853885	0.865192	0.878555	0.874692	0.881815	0.856686	0.889998	0.855843	0.854243	0.855843	0.856261	0.873703	0.887567	0.862514	0.851316	0.854233	0.862594	0.841064	0.845177	0.853944	0.868417	0.87159	0.825401	0.864553	0.855992	0.883431	0.857658	0.849573	0.846416	0.841535	0.863894	0.881461	0.825401	0.860455	0.841064	0.900971	0.883431	0.863894	0.844686	0.862594	0.865464	0.862594	0.857557	0.865464	0.853944	0.863894	0.872698	0.876404	0.865464	0.869485	0.857658	0.873703	0.881815	0.857231	0.837382	0.849389	0.887205	0.841064	0.844686	0.866743	0.865326	0.908593	0.880832	0.825401	0.860455	0.886703	0.855713	0.888958	0.880751	0.859731	0.89288	0.8597	0.845177	0.88643	0.881461	0.891388	0.851264	0.883431	0.865464	0.887567	0.845177	0.883431	0.819389	0.807157	0.865655	0.862787	0.851264	0.851316	0.866062	0.86328	0.878555	0.841064	0.900971	0.830281	0.873325	0.848513	0.8597	0.855843	0.856758	0.84385	0.877473	0.833645	0.849389	0.88643	0.877287	0.823703	0.830281	0.87602	0.81993	0.873703	0.85941	0.87602	0.851264	0.862514	0.880751	0.84385	0.874933	0.87678	0.851264	0.872561	0.861568	0.874933	0.841064	0.872561	0.878555	0.8597	0.855843
93000	slope	0.0604608	0.0193829	0.0250901	0.0163337	0.0358716	0.0499028	0.0445365	0.0146756	0.0222252	0.0164692	0.013818	-0.0094128	0.0270758	0.0238569	0.0149266	0.0627108	0.0665819	0.0320171	0.0316822	0.0210942	0.039731	0.0244956	0.0329426	0.0238569	0.0500771	0.0263309	0.0711696	0.0210942	0.0101815	0.0378702	-0.00599485	0.0558812	0.0741699	0.0618296	0.0618369	0.0391197	0.0220172	0.0152609	0.0350442	5.74715e-05	0.00922423	0.0373928	0.0695447	0.0350442	0.0487196	0.00775394	0.0589943	0.0454089	0.0513616	0.00909073	0.0711696	0.0238569	0.0126944	-0.00279459	0.0198418	0.0246659	0.0184581	0.00871129	0.0402689	-0.00158668	0.0414121	0.0104493	0.055996	0.0455368	0.0162008	0.0350442	0.0619829	0.0110003	0.018391	0.0162008	0.0180463	0.0357	0.0711696	-0.0144	0.0182576	0.0551933	0.0264793	0.0493439	0.0270204	0.035267	0.026149	0.0228668	0.013818	0.0517022	0.018391	-0.0144	0.0449461	0.0482186	0.00323987	0.0210942	0.0220172	0.0628157	-0.00842243	0.0198924	0.0298803	5.74715e-05	0.0228668	0.0349781	0.0128479	0.0246739	0.00892637	0.0430306	0.0320171	0.0364426	0.0103292	0.0775199	0.0397025	0.0220172	0.043868	0.0592381	0.0474622	0.0657511	0.00488023	0.0382692	0.0228668	0.039731	0.0347922	0.0397025	0.0657511	0.0372251	-0.00856925	0.0244956	0.045209	0.0135913	0.0382089	0.0238569	0.0244534	0.055996	0.0486621	-0.00842243	0.0436786	-0.0149036	0.0423166	-0.0149036	0.0401083	0.0110003	0.0127933	0.0432681	0.073091	0.0551933	0.0210942	0.0485507	0.0436865	5.74715e-05	0.0627108	0.0222252	0.0157717	0.0244956	0.0741699	-0.0149036	0.0397025	0.0423166	0.0627108	0.0415981	0.0397025	0.0659992	0.0361	0.0465998	0.0350442	0.0182576	0.0195393	0.0195886	0.0162008	0.0126944	0.030021	0.00909073	0.0440531	-0.00856925	0.00434468	0.0127933	0.0210942	0.0486621	0.0367163	0.0287887	0.0711696	0.0599446	0.00909073	0.0228668	0.0592381	-0.0160772	0.0559397	-0.0144	0.00909073	0.0440531	0.0551933	0.0423166	0.0262127	0.0490516	0.0163651	0.0483715	0.0215228	0.039731	0.0415981	0.0414121	0.045209	0.0210942	0.0787673	0.0227193	0.013818	0.00909073	0.0441228	5.74715e-05	0.0490516	0.0803669	0.0140345	0.00775394	0.0320171	0.0127933	0.0372351	0.0657511	0.00168201	0.0449052	0.0193085	0.0741699	0.0110003	0.0238569	0.0680048	0.0414121	0.034359	0.0527991	0.0416443	0.035267	0.0127933	0.0246659	0.0298803	0.0445365	0.0589943	0.0138864	0.0353305	0.0382918	0.032839	0.069354	0.0210942	0.0228668	0.00434468	0.0553474	0.0326235	0.0803669	0.0330046	-0.00673228	0.0320171	0.0551933	0.0720971	0.0741699	0.0568567	0.00568173	0.0298803	0.0210942	0.0456872	0.0163651	0.0176509	-0.0227344	0.0237554	0.0220172	0.0222252	0.00909073	0.0445365	0.0238569	0.0350442	0.0662789	0.0803669	0.035267	0.0711696	0.0449052	0.0108206	0.0163651	0.0320747	5.74715e-05	0.0193829	0.0140415	0.00185248	0.0195393	-0.0144	0.0104493	0.0775199	0.0449052	0.0711696	0.0134687	0.064897	0.0108206	0.0151619	0.0353305	0.043868	0.039731	0.0210942	0.0126944	0.0152609	-0.0144	0.0238569	0.0210942	0.0141857	0.0255817	0.0112745	0.0320171	0.0210942	0.043868	0.00909073	0.0238569	0.0350442	0.0210942	0.0414121	0.0182576	0.0350442	0.0195393	0.0310814	0.0182576	-0.00618914	0.0347922	0.0228668	0.0220172	0.043868	0.013818	0.0803669	0.064897	0.043868	0.0228668	0.0551933	0.0465998	0.0449052	0.0445365	0.0228668	0.00185248	0.045209	0.0565857	0.0222252	0.0228668	0.0350442	0.035267	0.0803669	0.00466467	0.0440846	0.039731	0.0144926	0.00381076	0.0163651	0.0465259	0.0163651	0.0104493	0.0711696	0.0503444	0.0292359	0.0146756	0.0152115	0.0257852	0.0582107	0.039731	0.0432681	0.0182576	0.0710152	0.045209	0.018391	0.0269222	0.0565857	0.0104493	-0.00987462	0.0119243	-0.0158248	0.0320171	0.00699991	0.0320645	0.0228668	0.0449052	0.0238569	0.0483715	-0.00987462	0.074089	0.034359	0.0151619	0.0128479	0.0110003	0.0551933	0.0627108	0.0261595	0.0565857	0.0551933	0.0349781	0.0364426	0.0197334	0.0511327	0.0386512	0.0353305	0.0803669	-0.00856925	0.0272192	0.0487196	0.0210942	5.74715e-05	0.0803669	0.0364426	0.0423166	0.0195393	0.0353305	0.0210942	0.0391197	0.0163651	-0.0149036	0.0457595	0.0222252	0.074089	0.0551933
93000	intercept	0.860788	0.845136	0.868708	0.855088	0.864921	0.861307	0.842486	0.842486	0.884033	0.854773	0.888062	0.882639	0.864126	0.883355	0.879022	0.830593	0.839505	0.846469	0.858532	0.877888	0.851873	0.864261	0.875267	0.860601	0.857112	0.845728	0.856192	0.877741	0.893498	0.858532	0.874303	0.850176	0.870688	0.859367	0.849176	0.850446	0.883645	0.83215	0.850168	0.889717	0.892241	0.878514	0.851873	0.825871	0.851873	0.863888	0.857524	0.851842	0.85407	0.889638	0.845191	0.860601	0.892782	0.852814	0.902648	0.834544	0.873187	0.867965	0.850446	0.893498	0.865464	0.900931	0.834544	0.860898	0.874504	0.825871	0.84851	0.87859	0.894104	0.874504	0.851873	0.859107	0.852672	0.870667	0.858532	0.826191	0.881347	0.888161	0.865129	0.859107	0.880614	0.89274	0.888062	0.827863	0.894104	0.872698	0.865744	0.836024	0.890548	0.877888	0.883645	0.849491	0.875632	0.84404	0.876447	0.889717	0.89274	0.877741	0.847266	0.864126	0.856665	0.850287	0.846469	0.83426	0.86824	0.852672	0.851281	0.883645	0.866889	0.857524	0.850524	0.839505	0.868264	0.866546	0.877847	0.8558	0.84354	0.874547	0.839505	0.869304	0.892189	0.864261	0.850446	0.89274	0.860381	0.864126	0.912276	0.834544	0.865552	0.875632	0.868911	0.875632	0.862913	0.875632	0.84972	0.87859	0.863685	0.835959	0.843728	0.826191	0.877888	0.869734	0.858623	0.859324	0.842058	0.884033	0.884218	0.864261	0.870688	0.875632	0.851281	0.862913	0.855831	0.834544	0.874547	0.854639	0.862358	0.888161	0.825871	0.858532	0.877712	0.862359	0.874504	0.892782	0.830207	0.89302	0.880581	0.892189	0.867084	0.872494	0.883641	0.865552	0.879096	0.854754	0.841964	0.849171	0.878195	0.89274	0.857524	0.882639	0.850696	0.872698	0.878195	0.880581	0.849176	0.862913	0.874263	0.867793	0.874504	0.889107	0.849625	0.851873	0.834544	0.865464	0.88069	0.854975	0.851873	0.875715	0.888062	0.883808	0.865464	0.889717	0.858981	0.869158	0.914114	0.864261	0.85017	0.865014	0.839729	0.839505	0.868716	0.887667	0.873513	0.861198	0.87859	0.864126	0.852672	0.865464	0.856665	0.880581	0.822114	0.866403	0.863685	0.834544	0.872896	0.842486	0.857524	0.879946	0.888161	0.825871	0.883758	0.851873	0.877888	0.89274	0.867084	0.837505	0.887412	0.869158	0.887412	0.861425	0.846469	0.839342	0.869158	0.870688	0.881791	0.902872	0.876447	0.850247	0.850917	0.874504	0.842486	0.877361	0.858532	0.882209	0.884033	0.89302	0.842486	0.883355	0.842486	0.822515	0.869158	0.859107	0.845191	0.880581	0.896749	0.874504	0.860381	0.889717	0.837718	0.83215	0.87859	0.86179	0.872698	0.890548	0.852672	0.880581	0.841964	0.889638	0.857541	0.886675	0.867084	0.888161	0.878887	0.857324	0.877888	0.892782	0.852814	0.870142	0.883355	0.854975	0.861853	0.883355	0.877712	0.85017	0.885209	0.866889	0.884336	0.864126	0.825871	0.877741	0.865464	0.858532	0.825871	0.86179	0.89274	0.858532	0.898868	0.84354	0.89274	0.883645	0.878887	0.888062	0.851873	0.857541	0.866889	0.89274	0.849176	0.888161	0.880581	0.842486	0.89274	0.87859	0.849706	0.89577	0.910447	0.89274	0.825871	0.859107	0.88113	0.877741	0.888161	0.851873	0.867084	0.883192	0.874504	0.882088	0.874504	0.88167	0.845191	0.846469	0.883355	0.842486	0.872158	0.858532	0.865744	0.851873	0.832381	0.858532	0.845141	0.857022	0.907911	0.859477	0.89577	0.900931	0.859339	0.884336	0.890548	0.846469	0.828569	0.834544	0.883922	0.880581	0.889575	0.898894	0.859339	0.843304	0.856665	0.867084	0.847266	0.87859	0.849176	0.849497	0.825871	0.89577	0.849176	0.877741	0.83426	0.889181	0.850446	0.850446	0.888161	0.881166	0.892189	0.879946	0.851873	0.877888	0.859324	0.881166	0.83426	0.862913	0.877712	0.888161	0.877888	0.844372	0.874504	0.875632	0.865464	0.889181	0.843304	0.849176
94000	slope	0.0690869	0.04763	0.0296486	0.076352	0.0351613	0.025552	0.0449775	0.0723785	0.0365666	0.0493467	0.0606777	0.0316798	0.0253979	0.0343671	0.0220587	-0.0188352	0.045314	0.0738268	0.034458	0.0520664	0.0401265	0.0638311	0.0487969	-0.00345658	0.0232731	0.04415	0.0487969	0.0246366	0.062744	0.0161364	0.0158519	0.0392676	0.0453503	-0.0329822	0.0151047	0.103442	-0.0329822	0.0244085	-0.0188352	0.0690869	0.044341	0.00293861	0.025407	0.0578082	0.0392676	0.0441167	0.0301146	0.0541172	0.0516261	0.0453503	0.0319303	-0.0317878	0.0253979	0.045314	-0.00495977	0.0578754	-0.0188352	0.0401265	0.0304692	0.0416748	0.0633702	0.0407626	0.0544994	0.0182612	0.0582269	0.00166247	0.0690869	0.0392545	0.0484249	0.0393903	0.0511593	0.044341	0.0365666	0.0499596	0.0578754	0.0606777	0.0151047	0.0304692	0.025552	0.0471874	0.0773109	0.103442	0.0161364	0.0124777	0.0161364	-0.000399938	0.044542	0.0633702	-0.0317878	0.0412248	0.0205108	0.0578082	0.0601638	0.0421764	0.040236	0.044341	0.0505512	0.0239225	0.034458	0.0417097	0.0156422	0.0427456	0.0686229	0.0633702	-0.0329822	0.0244085	0.0399976	0.0422972	0.0200077	0.0556124	0.0773928	0.0212203	0.0690869	0.103442	0.0550171	0.0519366	0.0318827	0.0604209	0.0787565	0.036711	-0.00282035	0.0578754	0.0491764	0.0535132	0.0187481	0.0227985	0.0582269	0.00856765	0.038018	0.0549085	0.04763	0.0644565	0.0319303	0.0473283	0.0746266	-0.0317878	0.00293861	0.0544994	0.037787	0.0905985	0.025552	0.0184529	0.038018	0.0690869	0.0773928	0.0441167	0.0392676	0.045314	0.0516261	0.0733567	0.0500262	0.0441167	0.0438584	0.0578082	0.0449775	0.0136482	0.0556124	0.0238553	-0.00174133	0.0539739	0.0464503	0.0472399	0.0605892	0.025552	0.0441167	0.0401265	0.0306484	0.0451296	0.0633702	0.0604209	0.0239225	0.0690869	0.0407626	0.0381364	0.0715855	0.0738268	0.0638311	0.0161364	0.0449775	0.0594913	0.005874	-0.0188352	-0.0109508	0.0578754	0.045314	0.0124777	0.039714	0.0361554	0.0511267	-0.0131197	0.0495895	0.0615948	0.045314	0.0505512	0.0631058	0.0686229	0.0319303	0.0390981	0.0604209	0.0401265	0.025552	0.0238799	0.0124777	0.0401265	0.025552	0.0144622	0.0049485	0.025552	0.0633702	0.0176979	0.0390162	0.0449775	0.025552	0.0416748	0.0136482	0.0320789	0.049542	0.025407	0.038018	0.0318827	0.0686229	0.044341	0.0824941	-0.0284408	0.00293861	0.0511593	0.0690869	-0.0317878	0.0578082	0.0392676	0.0176979	0.065048	0.0151047	0.0544768	-0.0325999	0.0161364	0.0401265	0.0283317	0.0512115	0.065048	0.0464503	0.054618	-0.0329822	-0.0188352	0.0653814	0.0606777	0.0733567	0.0124777	0.0516261	0.0341141	0.0407626	0.0487969	-0.0188352	0.0793485	0.0582269	0.00624163	0.043845	0.0905985	0.0516261	0.0407626	-0.0329822	0.0519242	0.0549085	0.025407	0.0544862	0.0301146	0.0158519	0.103442	0.0605434	0.0516261	0.025552	0.0686229	0.0578592	0.0690869	0.009012	0.0244085	0.0609532	0.0239225	0.0582269	0.0301146	0.0362608	0.025552	0.065048	0.0427652	-0.0317878	0.0690869	-0.0329822	0.0484249	0.00293861	0.0455929	0.0690869	-0.0131197	0.0484249	0.0579368	0.0593311	0.0136482	-0.00495977	0.0124777	0.0238553	0.063856	0.0738268	0.0605434	0.0407626	0.0690869	0.0377464	-0.0380131	0.049542	0.0431881	-0.035641	0.0505512	-0.0187388	0.0604209	0.045314	0.0449775	0.00433023	0.0430816	-0.0162889	0.073118	0.0690869	-0.0162889	0.0626523	0.0365666	0.0441167	0.044542	-0.00495977	0.025552	0.0578082	0.0464503	0.0738268	0.0614374	0.0484249	-0.0188352	0.0246366	0.0601267	0.0627642	0.0422972	0.0905985	0.0464503	-0.0188352	0.044295	0.0686229	0.0144622	-0.0188352	0.0401265	0.0246366	0.025552	0.103442	0.0508146	0.0578754	0.025552	0.0690869	0.025552	0.0549085	0.0686229	0.0441167	0.0604209	0.0556124	0.0284358	0.044341	0.00269194	0.0379089	0.00856765	-0.0317878	0.0447706	0.0352648	0.0319303	0.0549085	0.0225873	0.0495293	0.0676798	0.0301146	0.0252671	0.0578082	-0.000399938	0.0493467	0.0318765	0.09098	0.0722376	0.0578082	0.0541172	0.0549085	0.0484249	0.0541172	0.0401265	0.0638311	0.0238799	0.0516261	0.0421764	0.0516261	0.034458	0.04763	-0.0109508	0.0205108	0.0421764	-0.00274568	0.0427652	0.0455929	0.0773109	0.0392676	0.0331852
94000	intercept	0.834414	0.833922	0.880642	0.867256	0.85458	0.867383	0.863192	0.861346	0.86348	0.834196	0.785019	0.882829	0.846951	0.911181	0.885409	0.876159	0.87279	0.795784	0.840057	0.872327	0.863712	0.8573	0.837407	0.900415	0.906204	0.846396	0.837407	0.868027	0.861352	0.876707	0.865638	0.872126	0.844825	0.888512	0.878717	0.846815	0.888512	0.893283	0.905336	0.844516	0.900809	0.90658	0.861224	0.8488	0.882132	0.816318	0.882132	0.794904	0.86633	0.862126	0.878692	0.917423	0.846951	0.87279	0.896464	0.859212	0.905336	0.863712	0.870729	0.827829	0.884401	0.860253	0.841282	0.892339	0.843343	0.911526	0.845841	0.860253	0.861302	0.845752	0.853485	0.900809	0.841643	0.862126	0.886232	0.81748	0.878717	0.870729	0.876707	0.861522	0.849211	0.846815	0.876707	0.897435	0.876707	0.900415	0.798837	0.884401	0.917423	0.849601	0.900658	0.859564	0.869448	0.873713	0.83125	0.900809	0.848001	0.911526	0.840057	0.85521	0.827829	0.84833	0.849207	0.884401	0.888512	0.900658	0.823508	0.867256	0.8488	0.846857	0.85682	0.869974	0.844516	0.846815	0.853944	0.828025	0.864521	0.874459	0.83253	0.83762	0.879542	0.886232	0.861302	0.870211	0.828152	0.859823	0.863377	0.908929	0.822632	0.874498	0.853485	0.859016	0.878692	0.875354	0.859016	0.917423	0.8912	0.841282	0.851041	0.840705	0.867383	0.884325	0.83125	0.854857	0.85682	0.816318	0.882132	0.872083	0.86633	0.846679	0.848052	0.816318	0.875737	0.8488	0.870211	0.896442	0.846857	0.883169	0.877075	0.836039	0.87279	0.874792	0.8666	0.870867	0.816318	0.863712	0.812819	0.839481	0.897974	0.874459	0.911526	0.844516	0.860253	0.870049	0.844516	0.800815	0.853398	0.876707	0.870211	0.857462	0.900415	0.914619	0.88555	0.859212	0.87279	0.896093	0.87279	0.859322	0.832066	0.898794	0.82738	0.858028	0.87279	0.848001	0.867738	0.848022	0.878692	0.848052	0.874459	0.855453	0.870867	0.881786	0.896093	0.873	0.882995	0.845906	0.84977	0.876707	0.897974	0.876707	0.876387	0.870211	0.882995	0.827829	0.896442	0.861224	0.866643	0.861224	0.83125	0.864521	0.849207	0.900809	0.844614	0.914178	0.90658	0.853485	0.845841	0.917423	0.8488	0.882132	0.876707	0.873904	0.878717	0.869448	0.888512	0.876707	0.873	0.876707	0.882132	0.873904	0.87279	0.840705	0.888512	0.876159	0.867256	0.813812	0.834475	0.897435	0.86633	0.87279	0.860253	0.837407	0.905336	0.873904	0.843343	0.875171	0.827829	0.840705	0.86633	0.860253	0.888512	0.864755	0.874498	0.861224	0.816318	0.882132	0.865638	0.846815	0.8488	0.86633	0.868118	0.848022	0.873904	0.845841	0.80469	0.893283	0.862033	0.911526	0.863377	0.882132	0.896644	0.882995	0.873904	0.863557	0.917423	0.844516	0.888512	0.84941	0.8912	0.870534	0.83653	0.898794	0.861302	0.845629	0.882184	0.906163	0.896464	0.900415	0.851841	0.86626	0.800815	0.8488	0.860253	0.844516	0.860253	0.888512	0.866643	0.87279	0.892672	0.852433	0.900415	0.874459	0.872083	0.870211	0.878533	0.857501	0.892672	0.867484	0.854857	0.888913	0.843343	0.86348	0.816318	0.816397	0.896464	0.870867	0.852641	0.87279	0.800815	0.867256	0.861302	0.881453	0.868027	0.844516	0.861755	0.867256	0.840705	0.87279	0.914619	0.855761	0.848022	0.845906	0.905336	0.873	0.868027	0.878917	0.846815	0.866481	0.86626	0.895665	0.844516	0.867383	0.874498	0.862391	0.816318	0.874459	0.846857	0.864521	0.888626	0.876707	0.861302	0.908929	0.917423	0.852876	0.870867	0.878692	0.874498	0.905453	0.873904	0.873904	0.882132	0.900415	0.8488	0.900415	0.834196	0.821504	0.822245	0.841282	0.8488	0.794904	0.874498	0.861302	0.794904	0.863712	0.855761	0.864521	0.86633	0.873713	0.86633	0.840057	0.861071	0.88555	0.900658	0.873713	0.855667	0.863557	0.870534	0.849211	0.887425	0.87279
95000	slope	0.0324697	0.0385706	0.0205384	0.0367847	0.05425	0.0435489	0.0366256	0.0701565	0.0420284	0.0847117	0.00639292	0.0242046	0.00967112	0.0729865	0.056193	0.0477712	0.0730257	0.0367847	0.0522651	0.0742481	0.0477712	0.0266105	0.0445011	0.0448117	0.0129205	0.0136169	0.0205384	0.0342743	0.000822098	0.0765175	0.0902339	0.0367847	0.0765175	-0.016675	0.0847117	0.0136169	0.0105965	0.0346623	0.0567923	0.0491639	0.0765175	0.0517481	0.094678	0.0513991	0.0299655	0.0420284	0.0445011	0.0267485	0.0407239	0.00531067	0.0460679	0.0236587	0.0640175	-0.00177378	0.0906133	0.0460679	0.0515652	0.0847117	0.094678	0.0615534	0.0384295	0.0535257	0.0447149	0.0567923	0.0535257	0.0461791	0.0136294	0.0108187	0.0136294	0.0292557	0.0803679	0.069229	0.0472967	0.0305815	0.0553215	0.0394002	0.0394835	0.056193	0.0629748	0.0823277	0.071349	0.0445011	0.0308547	0.00531067	0.0847117	0.0371909	0.00888303	0.0659213	0.0413802	0.0394835	0.0431876	0.0325285	0.0351231	0.0382687	0.0513991	0.0612033	0.0384722	0.0566392	0.0367847	0.0477712	-0.0118311	0.0528459	0.0292557	0.0108187	0.0513991	0.0906133	0.0491088	0.0765175	0.0267485	0.026542	0.077293	-0.00177378	0.00124954	0.0240594	0.0305815	0.0413124	0.0621924	0.0462775	0.0200372	-0.000134686	0.0571913	0.0571913	0.0292557	0.0427258	0.0394835	0.0902339	0.0453087	0.0147098	0.0460679	0.00893645	0.0540948	0.0906869	0.082894	0.0515011	0.0342181	0.0726781	0.0823277	0.0520106	0.0539783	0.0731489	0.0832815	0.088896	0.052718	0.0713973	0.088896	0.0528459	0.0487832	0.0567923	0.0282865	0.0468228	0.0737441	-0.000134686	0.0342743	0.00553748	0.0230219	0.0847117	0.0301411	0.0810111	0.0267485	0.053176	0.0265564	0.0407239	0.0832845	0.042934	0.0810111	0.0534491	0.062874	-0.000134686	0.0446625	0.0371451	0.0139432	0.0308547	0.0795391	0.0607295	0.0388117	0.0462775	0.0227062	0.0695857	0.0463381	0.0445011	0.0580829	0.0470244	0.0420284	0.0513991	0.0810111	0.0574138	-0.00177378	0.0393272	0.0227062	0.0267485	0.0366256	0.0453087	0.0847117	0.0266105	0.0603932	0.0567923	0.0166303	0.0409321	0.0213277	0.0503328	0.0802944	0.0227062	0.028415	0.0394002	0.0802944	0.0774904	0.0535257	-0.016675	0.0367847	0.0535257	0.0420284	-0.000134686	0.0513991	0.0136169	0.0472967	0.0213277	0.0460679	0.0346623	0.0394835	0.0299655	0.0803679	0.0371451	0.0620135	0.01663	-0.00292965	0.0628193	0.0491088	0.0281247	0.0136169	-0.000134686	0.0407239	-0.00177378	0.013858	0.01663	0.0693411	0.0535257	0.0810111	0.0765175	0.028415	0.0521028	0.00893645	0.0352251	0.0388117	0.0308547	0.0868512	0.0659213	0.00613729	-0.000134686	0.0651107	0.0726781	0.0108187	0.0520106	0.0765175	-0.00177378	0.0624788	0.00638091	-0.00454636	0.0346623	0.0481707	0.0367847	0.0367847	0.0129205	0.0932773	0.0472967	0.0694436	0.0350886	0.0227062	0.0394835	0.0675416	0.0453087	0.0367847	0.042934	0.0571913	0.0367847	-0.0118311	0.0810111	0.0823277	0.0394835	0.0823277	0.0308547	0.0190159	0.00531067	0.0326074	0.0726781	0.0902339	0.0394835	0.0342743	0.0571913	0.0270773	-0.000134686	0.088896	0.0520106	0.0513991	0.0420284	0.0768148	-0.0145727	0.0477712	0.0484545	0.0267485	0.0172921	0.0537113	0.0797084	0.0628193	0.0580829	0.0129205	0.0911251	0.0640175	0.0366256	0.0701565	0.0405449	0.0672869	0.00124954	0.0463381	0.00531067	0.0932015	0.0513991	0.094678	0.0352251	0.0493984	0.0730257	0.0753632	0.094678	0.0730257	0.0889826	0.0571913	0.0810111	0.0266105	0.0394835	0.0346623	0.000160896	0.0868512	0.082894	-0.00177378	0.0695857	0.0693411	0.0129205	0.0453087	0.0730257	0.0612033	0.00531067	0.0428638	0.0847117	0.0744527	0.0491088	0.0528459	0.0462775	0.0821009	0.0367847	0.0481707	0.0768148	0.0577862	0.0513991	0.0513991	0.0528459	0.0672869	0.0822154	0.042934	0.0425757	-0.00292965	0.0388117	0.0448117	0.0802944	-0.016675	0.0136169	0.0136169	0.0460679	0.0477712	0.0580553	0.0312498	0.0507892	0.00531067	0.0834657	0.0528459	0.0902339	0.0528459	0.0472967	0.0428638	0.0535257	0.0730257	0.0227062	-0.00376742	0.0553215	0.0535257	0.0823277	0.034329	0.0580829	0.0834657	0.0902339	0.0742481	0.0657188	0.0266105	0.0491088	0.0821009	0.0640175	-0.00061842	0.0267485	0.052718	0.0823277	0.0823277	0.0394835
95000	intercept	0.864669	0.866519	0.907158	0.857371	0.873445	0.888033	0.842617	0.828447	0.871199	0.842039	0.857894	0.877054	0.870657	0.828447	0.883874	0.850687	0.831615	0.853486	0.864788	0.832545	0.828447	0.854732	0.882541	0.905343	0.876264	0.852872	0.908639	0.856885	0.881398	0.832159	0.823623	0.853486	0.832159	0.870295	0.855802	0.841741	0.868615	0.881706	0.8388	0.868598	0.832159	0.866993	0.855853	0.83626	0.856361	0.870173	0.882541	0.86558	0.846574	0.870657	0.8388	0.874487	0.8388	0.882971	0.857371	0.8388	0.857211	0.855802	0.855853	0.8388	0.868176	0.868598	0.864942	0.8388	0.868598	0.882541	0.84387	0.88803	0.84387	0.873198	0.864847	0.853124	0.864847	0.877831	0.858218	0.844881	0.882394	0.868598	0.857938	0.84769	0.846396	0.882541	0.877831	0.871068	0.842039	0.8616	0.870657	0.857659	0.833289	0.882394	0.871199	0.880548	0.882394	0.865028	0.83626	0.882043	0.842851	0.829913	0.857371	0.850687	0.871643	0.825396	0.873198	0.88803	0.850252	0.857371	0.844857	0.832159	0.865227	0.848488	0.817398	0.880055	0.910174	0.872042	0.877831	0.842851	0.834873	0.85852	0.876747	0.847093	0.834828	0.838928	0.858598	0.876589	0.882394	0.823623	0.842617	0.886413	0.8388	0.881398	0.837443	0.859226	0.856155	0.849555	0.871199	0.864225	0.84769	0.831116	0.85852	0.847098	0.804617	0.847572	0.857371	0.857192	0.847572	0.825396	0.870488	0.8388	0.838958	0.864847	0.838767	0.847093	0.856885	0.894425	0.863415	0.842039	0.853458	0.851021	0.865227	0.883776	0.863132	0.854284	0.837044	0.87495	0.851021	0.870906	0.876252	0.847093	0.855898	0.877831	0.882961	0.877831	0.847098	0.834924	0.857371	0.850549	0.875093	0.817398	0.875621	0.882541	0.839236	0.859566	0.84695	0.83626	0.851021	0.843892	0.886301	0.875621	0.890138	0.865227	0.842617	0.842617	0.855802	0.872513	0.839271	0.8388	0.842179	0.873295	0.890138	0.864612	0.863196	0.869562	0.846574	0.844881	0.863196	0.864847	0.869393	0.870295	0.856867	0.841663	0.871199	0.847093	0.83626	0.847054	0.864847	0.890138	0.8388	0.881938	0.882394	0.830675	0.864847	0.877831	0.854157	0.857371	0.886858	0.857371	0.845759	0.847638	0.841741	0.847093	0.846574	0.880055	0.895711	0.857371	0.804779	0.868598	0.851021	0.832159	0.846574	0.868598	0.881398	0.8388	0.850405	0.86349	0.855562	0.877918	0.87383	0.847093	0.860257	0.864225	0.88803	0.831116	0.832159	0.886301	0.863957	0.907158	0.870657	0.881938	0.874314	0.853486	0.852234	0.876264	0.834127	0.864847	0.869529	0.838769	0.873857	0.882394	0.857371	0.842617	0.853486	0.881288	0.841037	0.857371	0.861663	0.843947	0.839834	0.882394	0.84769	0.877831	0.907158	0.871068	0.86812	0.864225	0.823623	0.882394	0.856885	0.841037	0.875621	0.847093	0.847572	0.831116	0.83626	0.871199	0.856962	0.867484	0.850687	0.882394	0.865227	0.847638	0.848488	0.847035	0.857371	0.858583	0.876264	0.85439	0.8388	0.842617	0.815576	0.842851	0.857938	0.910174	0.875621	0.870657	0.863196	0.850252	0.855853	0.8388	0.842488	0.842295	0.857938	0.855853	0.842295	0.828365	0.841037	0.851021	0.872513	0.882394	0.881706	0.871643	0.855562	0.856155	0.886301	0.817398	0.820732	0.876264	0.842617	0.831615	0.882043	0.860848	0.837574	0.842039	0.869529	0.845759	0.831055	0.857509	0.856155	0.857371	0.874314	0.856962	0.880094	0.850252	0.83626	0.825396	0.857938	0.843111	0.881288	0.855748	0.886858	0.869708	0.905343	0.863196	0.870295	0.841741	0.841741	0.8388	0.850687	0.885344	0.862343	0.871241	0.871068	0.853406	0.825396	0.816044	0.842886	0.864847	0.839201	0.868598	0.842295	0.873857	0.885805	0.874241	0.868598	0.84769	0.871334	0.858583	0.843947	0.823623	0.832545	0.842025	0.872513	0.845759	0.856155	0.8388	0.839116	0.872044	0.857371	0.84769	0.839834	0.882394
96000	slope	0.0402351	0.0536422	-0.0162193	0.0562883	0.0562883	0.0425855	-0.00685462	0.0782874	0.0208951	0.0157563	0.0614484	0.0384237	0.0364155	0.0139986	0.0382431	0.00288701	0.0535755	0.0270649	0.0350439	0.00252313	0.034139	0.0411624	0.034759	0.015432	0.0367905	0.0506969	0.0272737	0.0379892	0.0441422	0.0365464	0.0461059	0.0387549	0.034139	0.0316043	0.0333373	0.0314938	0.0436516	0.00288701	0.0583847	0.0199468	0.0280045	0.00410081	0.0436516	0.0621732	0.0314938	0.0816527	0.0403789	0.0506969	0.0318846	0.0146325	0.0270649	0.0377151	0.0701755	0.0368186	0.0672762	0.0347899	0.0407824	0.0318029	0.0280663	0.040393	0.0277924	0.01627	0.027461	0.0219107	0.0433128	0.0797872	0.044792	0.0562883	0.0270649	0.0129751	-0.0162193	0.0314938	0.0769105	0.085936	0.0314938	0.0557753	0.079093	0.0391749	0.048567	0.0377239	0.0314938	0.0470681	0.0363281	0.0670602	0.0363781	0.0559452	0.0591043	0.0387549	-0.00267727	0.0706156	0.0436516	0.0361131	0.0621194	0.0367905	0.0289517	0.0222456	0.0367905	0.0797872	-0.0162193	0.00288701	0.0545383	0.0670602	0.00906426	0.0306227	0.0706156	0.0436516	0.0555666	0.0769105	0.0403789	0.0403789	0.0436516	0.0270649	0.0280663	0.0555443	0.0377151	0.00724454	0.0573328	0.0621194	0.00288701	0.0592711	0.0359364	0.0913946	0.0733096	0.0367905	0.0769105	0.0651863	0.0222456	0.0405362	0.0391749	0.0375877	0.0797872	0.0577039	0.0782874	0.0735057	0.0444597	0.0157563	0.0396958	0.0444597	0.0701755	0.0774957	0.0384237	0.0506969	0.0536422	0.0871786	0.01627	0.0401144	0.0548597	0.0405362	0.0299963	0.0797872	0.0157563	0.0270693	0.0387549	0.048567	0.0513483	0.0701755	0.0466458	0.0436516	0.0782874	0.0825546	0.0314938	0.0401144	0.0277924	-0.0162193	0.0280045	0.0349717	0.0376819	0.0811785	0.046196	0.0797872	0.036447	0.0578127	0.0314833	0.0367905	0.0358547	0.0411624	0.0163811	0.0742242	0.0205014	0.0362561	0.0274648	0.0676658	0.0289517	-0.0162193	0.0314938	0.0218955	0.0367905	0.0540648	0.0797872	0.0964043	0.0506969	0.0364155	0.0825546	0.0510254	0.0797872	0.0488846	0.0825546	0.0428404	0.0309725	0.0284107	0.0367905	0.0396958	0.0222456	0.0377151	0.01627	0.0411624	0.0314938	0.0185363	0.034139	0.0280663	0.0270649	0.0735057	0.0481908	0.0257224	0.0672762	0.0405362	0.0264682	0.015432	0.0387549	0.0815653	0.0555443	0.0330097	0.0441422	0.0261524	0.0370374	0.0481908	0.0913946	0.0411624	0.0361131	0.0280663	0.0672762	0.0367905	0.0318029	0.0367905	0.0314938	0.0545383	0.0246917	0.0367905	0.0536422	0.0246917	0.0436516	0.0488846	0.0793308	0.0660725	0.00288701	0.0387549	0.000930536	0.0436516	0.0314938	0.0365464	0.0540648	0.0403789	0.0522704	0.0367905	0.0280045	0.034139	0.0769105	0.0163811	0.00288701	0.0540648	0.0403789	0.0956392	0.0264682	0.0361131	0.0965967	0.0316005	0.00906426	0.0769105	0.0510254	0.0964043	0.0411624	0.0270649	0.0411624	0.0534706	0.0163811	0.0246917	0.0461059	0.0545383	0.0411624	0.0797872	0.106229	0.0825546	0.0219118	0.034139	-0.0259254	0.0163811	0.0520342	0.0461059	0.0520419	0.0208951	0.0403789	0.0508406	0.00724454	0.0318029	0.0572507	0.0368186	0.106229	0.0391749	0.0670602	0.0318029	0.00288701	0.0562883	0.0797872	0.0277924	0.0362561	0.0382554	0.0365464	0.0672762	0.0515417	0.0784707	0.0367043	0.0157563	0.0670602	0.0797872	0.0365464	-0.00729591	0.0782874	0.0769105	0.0782874	0.0411624	0.0277924	0.0280663	0.0367905	0.0441422	0.0368186	0.0829921	0.0679529	0.0495328	0.048567	0.0510254	0.0621194	0.0522704	0.0436516	0.0163811	0.048567	0.0432009	0.0403789	0.00724454	0.0290948	0.0621194	0.0391749	0.0365464	0.0405362	0.0825546	0.015432	0.0670602	0.0383076	0.0506969	0.0604488	0.0534706	0.0510254	0.00914692	0.0349428	0.0522704	0.0436516	0.0294716	0.01627	0.0396958	0.0486378	0.0506969	0.0670602	0.0769105	0.0436516	0.0240819	0.0384237	0.0618027	0.0436516	0.0759277	0.0436516	0.0503778	0.034139	0.0245986	0.0485263	0.0280045	0.0495328	0.0436516	0.0632761	0.0285237	0.00288701	0.0280045	0.0197176	0.0266087	0.0411624	0.0769105	0.0163811	0.034139	0.0545383	0.0314938	0.0797872	0.0965967	-0.0162193	0.0614484	0.0384237	0.0769105	0.0782874	0.0403789	0.0156378	0.0742789	0.00288701	0.0506969
96000	intercept	0.856965	0.863661	0.871171	0.838441	0.838441	0.872479	0.874151	0.790658	0.878331	0.871783	0.859463	0.846236	0.859602	0.889302	0.868111	0.875451	0.860919	0.857523	0.854056	0.875451	0.846349	0.876017	0.861922	0.876471	0.86031	0.855809	0.863697	0.859602	0.845797	0.879296	0.822065	0.880247	0.846349	0.854056	0.860229	0.868692	0.853701	0.858236	0.850141	0.864848	0.881639	0.888919	0.853701	0.869567	0.864848	0.838264	0.859602	0.87174	0.861673	0.875451	0.871783	0.845602	0.815071	0.860229	0.845452	0.853814	0.845797	0.873917	0.872347	0.855699	0.869427	0.868597	0.878039	0.884291	0.864526	0.826052	0.877014	0.860667	0.871783	0.872347	0.876509	0.864848	0.815071	0.834651	0.870097	0.882975	0.824698	0.852777	0.841483	0.860236	0.870097	0.844706	0.876536	0.86123	0.865816	0.844765	0.850152	0.889059	0.894107	0.860986	0.853701	0.865233	0.859463	0.848264	0.88006	0.897917	0.860765	0.860123	0.875242	0.875451	0.824908	0.86123	0.889302	0.87163	0.86092	0.853701	0.836515	0.832581	0.859602	0.859602	0.860875	0.871783	0.86654	0.860875	0.849926	0.878422	0.828237	0.859463	0.858236	0.863238	0.86485	0.843947	0.86123	0.86031	0.815071	0.833962	0.88006	0.870906	0.852777	0.862114	0.826052	0.815071	0.790658	0.873647	0.824445	0.871783	0.870816	0.824445	0.817746	0.852588	0.846343	0.854659	0.863661	0.833184	0.868597	0.867943	0.839283	0.870906	0.838442	0.826052	0.871783	0.874002	0.87922	0.841483	0.846757	0.817746	0.832058	0.849167	0.79551	0.819994	0.866813	0.867943	0.877922	0.875242	0.881639	0.88006	0.865816	0.82837	0.845019	0.826052	0.859661	0.831905	0.870906	0.86031	0.856175	0.879096	0.849045	0.834273	0.864848	0.850025	0.859916	0.843463	0.88006	0.874633	0.869024	0.873161	0.865816	0.851728	0.850929	0.819994	0.854659	0.859602	0.819994	0.85858	0.826052	0.8413	0.819994	0.840615	0.879852	0.853701	0.86031	0.870816	0.88006	0.841277	0.868597	0.876017	0.864848	0.867069	0.842994	0.86654	0.86203	0.873647	0.808468	0.86292	0.845452	0.870906	0.817327	0.876471	0.880247	0.86123	0.860875	0.865816	0.845797	0.871783	0.855809	0.808468	0.843947	0.884925	0.867684	0.86654	0.845452	0.860765	0.873917	0.865816	0.864848	0.824908	0.85136	0.848264	0.863661	0.849509	0.860875	0.8413	0.86123	0.828542	0.875451	0.87922	0.88295	0.843981	0.870097	0.879296	0.845071	0.867943	0.865428	0.865816	0.876735	0.846533	0.832581	0.849045	0.875451	0.845071	0.859602	0.830421	0.817327	0.865233	0.830421	0.873917	0.889302	0.820053	0.859463	0.819994	0.882176	0.857523	0.876241	0.867943	0.849045	0.85136	0.822065	0.824908	0.876241	0.826052	0.843947	0.831282	0.879662	0.839075	0.881498	0.849045	0.842495	0.822065	0.819994	0.878331	0.859602	0.869598	0.874151	0.873917	0.828104	0.854056	0.843947	0.852777	0.86123	0.873917	0.87127	0.865816	0.826052	0.869427	0.857968	0.839215	0.87217	0.844459	0.836515	0.821399	0.865824	0.871783	0.863481	0.826052	0.877088	0.874797	0.790658	0.815071	0.79551	0.882176	0.842202	0.872347	0.865816	0.845797	0.860229	0.831695	0.86123	0.839997	0.841483	0.859463	0.859463	0.865428	0.860875	0.849045	0.832966	0.822065	0.867943	0.874151	0.874935	0.859463	0.852777	0.873771	0.870906	0.831282	0.876471	0.86123	0.842495	0.862949	0.860875	0.867943	0.859463	0.877892	0.867069	0.865428	0.849167	0.858114	0.868597	0.870816	0.853701	0.87174	0.86123	0.820053	0.853701	0.853335	0.846236	0.845077	0.849167	0.873647	0.87419	0.846236	0.846533	0.86031	0.86094	0.87077	0.839997	0.849167	0.86123	0.86292	0.875451	0.87077	0.847038	0.868597	0.876017	0.815071	0.841207	0.844715	0.842495	0.869024	0.826052	0.830421	0.875242	0.859463	0.846236	0.815071	0.79551	0.867943	0.88006	0.843947	0.864722	0.862949
97000	slope	0.0379051	0.0457813	0.058623	0.0495497	0.0411321	0.0692625	0.0565354	0.0692625	0.0115974	0.0138444	0.0400903	0.019389	0.0434687	0.0964623	0.0778508	0.0461949	0.034303	0.0121694	0.0478007	0.0118384	0.0542591	0.0168137	0.0157563	0.0253644	0.0464095	0.0166711	0.0465011	0.0692625	0.0244636	0.0465246	0.0404281	0.080493	0.0196364	0.0517006	0.0157563	0.00477125	0.0461949	0.0394851	0.0121694	0.037374	0.0514054	0.0217727	0.0121694	0.0752406	0.0326869	0.10759	0.0323663	0.0464095	0.0517006	0.0549529	0.0552925	0.0252522	0.0346354	0.0778508	0.080493	0.0144426	0.00156222	0.0692625	0.10759	0.0856988	0.025597	0.0125789	0.0310447	0.0157563	0.0269231	0.0378953	0.0125789	0.0433033	0.0553843	0.0537006	0.0692625	0.0138444	0.0303505	-0.0189145	0.0461949	0.0266919	0.0441493	0.080493	0.0433033	0.0618623	0.104028	0.0385776	0.0428977	0.00908737	0.0478007	0.0461949	-0.00151573	0.0964623	0.078443	0.0796954	0.0692625	0.0266919	0.0759275	0.0692625	0.00480647	0.0387021	0.080493	0.0429042	0.0464095	0.0148196	0.0157563	0.0672202	0.0266919	-0.0189145	0.00252879	0.067432	0.0692625	0.00431455	0.0667419	0.0411321	0.0487878	0.0643557	0.0326641	0.0121694	-0.0240552	-0.0131671	0.0286966	0.0244636	0.0862146	0.0667419	0.0121694	0.0691579	0.0517006	0.050308	0.00431455	0.080493	-0.0164727	0.0629634	0.0329964	0.0461949	0.0316535	0.0157563	0.0428977	0.080493	0.0515181	0.0286966	0.067432	0.0550392	0.0692625	0.00252879	0.0937596	0.0329964	0.0464095	0.0281957	0.0346354	0.0818107	0.0266919	0.0629634	0.078443	0.0138444	0.0856988	0.10759	0.0642159	0.0417722	-0.0189145	0.0450795	0.0183868	0.0700914	0.0663197	0.0492801	0.0386206	0.058623	0.0966383	0.0125561	0.0238952	0.080493	0.0505794	0.0157563	0.0531675	0.0272753	-0.0189145	0.0557079	0.0340388	0.0557079	0.058623	0.0490725	0.0266919	0.0115974	0.0692625	0.0326641	0.0121694	0.0495497	0.0796954	0.0125263	0.0507353	0.0964623	0.0618623	0.058543	0.0538598	0.060465	0.0672202	0.0286966	0.00413867	0.10759	0.0116116	0.0286966	0.10759	-0.0189145	0.0495497	0.0557172	0.0542888	0.080493	0.10759	0.0692625	0.00931828	-0.0189145	0.10759	0.0428977	0.0557079	0.050308	0.0281957	0.0566247	0.00252879	0.0281957	0.0505293	0.0266919	0.0467301	0.0395825	0.078443	0.0281957	0.0495497	0.0148196	0.0278526	0.0305929	0.0665044	0.0428977	0.0557079	0.0286966	0.0966383	0.0227978	0.0505293	0.0326869	0.0138444	0.0266919	0.0964623	0.0711367	0.0266919	0.0117692	0.050308	0.0196364	0.037198	0.0252522	0.0464095	0.058623	0.0618623	0.0502647	0.0618623	0.0490405	0.034303	0.0869622	0.0774686	0.0491184	0.0264207	0.060465	0.0253644	0.0266919	0.0266919	0.0266919	0.0964623	0.0552925	0.10759	0.0778508	0.0692625	0.0115974	0.0266919	0.0233264	0.0316535	0.014283	0.0121694	0.0796954	0.0378953	0.0796954	0.0286966	0.0590516	0.0183657	0.0629634	0.0266919	0.0923701	0.0376111	0.0404281	0.073465	0.0692625	0.0407239	0.0281957	0.0470352	0.0378953	0.0665044	0.0934564	0.0239981	0.0505081	0.060465	0.0335836	0.0590516	0.0461949	0.037198	0.0157563	0.060465	0.037198	0.0311963	0.0882988	0.0404281	-0.000704043	0.0286966	0.0100314	0.080493	0.0395825	0.00549421	0.0525783	0.0796954	0.0266919	0.0211572	0.050308	0.10759	0.0237877	0.0367158	0.037198	0.0491184	0.0326869	0.0487878	0.080493	0.0121694	0.0237877	0.0239981	-0.0025176	0.00156222	0.0692625	0.0417722	0.0350694	0.0550392	0.0266919	0.0208735	0.0266919	0.00357064	0.0469834	0.0459391	0.0130028	0.0281957	0.0433033	0.0931814	0.0237877	0.0157563	0.0404281	0.0358017	0.080493	0.0266919	0.0121694	0.0796954	0.034303	0.0678141	-0.0164895	0.0444223	0.0253644	0.0335836	0.0692625	0.0504156	0.0244636	0.0692625	0.0464095	0.0409498	0.0732697	0.0692625	0.0461949	0.10759	0.0796954	0.0572344	0.0306309	0.0692625	0.050308	0.0326869	0.0138444	0.0404281	0.0457548	0.0618623	0.0138647	0.0590516	0.025597	-0.000437193	0.0672202	0.0428977	-0.000437193	0.0818107	0.0290749	0.0467301	0.00639672	0.0692625	0.0692625	0.0264207	0.0281957	0.0461949	0.0286966	0.0287114	0.080493	0.0524824	0.080493	0.0517006	0.0502647	0.0190812	0.0433033	0.0121694	0.0550392
97000	intercept	0.857963	0.86924	0.830151	0.859782	0.845796	0.840234	0.86453	0.853701	0.889242	0.851055	0.868527	0.902572	0.845796	0.842859	0.820535	0.870833	0.846615	0.89223	0.835545	0.855772	0.83989	0.850344	0.886791	0.839623	0.865584	0.834206	0.856311	0.853701	0.861392	0.860363	0.855043	0.82761	0.882309	0.865584	0.873232	0.850252	0.86943	0.859812	0.894356	0.84215	0.864445	0.853898	0.90157	0.850491	0.868114	0.849829	0.862167	0.865584	0.865584	0.861629	0.84946	0.873232	0.869848	0.820535	0.84688	0.850252	0.894356	0.840234	0.843582	0.853179	0.874225	0.89223	0.876451	0.873232	0.847724	0.869848	0.89223	0.869848	0.899024	0.842623	0.840234	0.847758	0.86754	0.906538	0.870833	0.850079	0.859782	0.82761	0.869848	0.868566	0.846476	0.878186	0.85325	0.86754	0.835545	0.870833	0.894356	0.842859	0.853179	0.799432	0.8576	0.851481	0.853701	0.853701	0.875064	0.870833	0.84688	0.859081	0.865584	0.859565	0.873232	0.861629	0.83724	0.906538	0.830497	0.853701	0.853701	0.877273	0.81998	0.845796	0.845796	0.840234	0.871842	0.894356	0.877273	0.906538	0.882309	0.861392	0.84516	0.81912	0.89223	0.820258	0.86453	0.886507	0.877273	0.82761	0.870833	0.842623	0.850252	0.870833	0.860184	0.873232	0.85325	0.826801	0.83651	0.882309	0.853701	0.861629	0.853701	0.829771	0.827662	0.850252	0.865584	0.867044	0.869848	0.84516	0.850252	0.842623	0.853179	0.851055	0.853179	0.855729	0.840234	0.855766	0.906538	0.871478	0.857247	0.868566	0.850491	0.857604	0.880338	0.830151	0.810907	0.892746	0.877983	0.84688	0.855043	0.871424	0.851707	0.873521	0.906538	0.868566	0.889242	0.868566	0.830151	0.880992	0.83724	0.887369	0.853701	0.871842	0.894356	0.852596	0.799432	0.856659	0.849991	0.842859	0.868566	0.850437	0.850348	0.818757	0.861629	0.882309	0.851055	0.846476	0.86125	0.882309	0.860345	0.906538	0.861995	0.842532	0.86453	0.84688	0.849429	0.840234	0.8604	0.906538	0.855752	0.85325	0.868566	0.865208	0.867044	0.8293	0.830497	0.865408	0.870157	0.850252	0.856645	0.85325	0.853179	0.867167	0.859782	0.865816	0.855772	0.86089	0.876824	0.85325	0.868566	0.882309	0.808249	0.871231	0.870157	0.866074	0.851055	0.850252	0.842859	0.803454	0.851481	0.89223	0.886507	0.882309	0.873877	0.873232	0.865584	0.830151	0.868566	0.855043	0.868566	0.876017	0.826386	0.82761	0.853179	0.864445	0.854797	0.818757	0.839623	0.851481	0.850252	0.869856	0.842859	0.84946	0.844563	0.820535	0.852511	0.889242	0.850252	0.873213	0.874872	0.865543	0.894356	0.799432	0.869848	0.781349	0.882309	0.844581	0.857035	0.842623	0.851481	0.84516	0.831838	0.858134	0.850491	0.840234	0.861629	0.865408	0.83456	0.869848	0.876824	0.806211	0.869848	0.8293	0.818757	0.86453	0.844581	0.870833	0.858287	0.863682	0.818757	0.873877	0.855043	0.842859	0.863105	0.894356	0.882309	0.850252	0.82761	0.85325	0.853898	0.864445	0.775253	0.850252	0.837343	0.865208	0.846476	0.870833	0.86453	0.858287	0.866073	0.86089	0.845796	0.826801	0.894356	0.870833	0.869848	0.881519	0.894356	0.840234	0.855766	0.867167	0.861629	0.85925	0.861813	0.85925	0.863042	0.858652	0.854297	0.851055	0.867167	0.869848	0.82761	0.870833	0.873232	0.855043	0.835009	0.82761	0.850252	0.89223	0.790643	0.846615	0.835857	0.906538	0.855043	0.839623	0.86453	0.845715	0.856645	0.861392	0.853701	0.865584	0.874225	0.8476	0.853701	0.86943	0.846476	0.799432	0.868566	0.877273	0.845715	0.865208	0.868114	0.851055	0.855043	0.859782	0.868566	0.839677	0.854241	0.874225	0.848418	0.861629	0.85325	0.848418	0.84516	0.857926	0.856645	0.851055	0.853701	0.853701	0.854558	0.867167	0.870833	0.882309	0.895301	0.82761	0.867373	0.827727	0.865584	0.855043	0.865543	0.857235	0.89223	0.861629
98000	slope	0.0282261	0.0370951	0.0596428	0.0611568	0.0579879	0.0144522	0.03216	0.0445254	0.0180213	0.0218398	0.0345273	0.0224946	0.00914452	0.0421407	0.0124078	0.0353825	0.00987222	0.0577231	0.0623868	0.0445909	0.0196072	0.0372946	0.00682934	0.030381	0.0347407	0.0421407	0.0275727	0.0247372	0.038078	0.0297428	0.0403783	0.00404849	0.00711033	0.0313536	0.00952549	0.054617	0.0298524	0.0177576	0.0450953	0.0347358	-0.0132192	0.0156202	0.0204225	0.0432623	0.0552838	0.0353825	0.0247968	0.053407	0.0303287	0.0156202	0.0374213	0.0623868	0.0347622	0.00931999	0.0357323	0.0450347	0.0236956	0.0353825	0.0275727	0.0170509	0.0209	0.0408087	0.0432623	0.0095457	0.0494725	0.0166449	0.0408087	0.0499375	0.0178377	0.0182213	0.011088	0.00724638	0.0193187	0.0375753	0.0345273	0.0155181	0.0155181	0.0348801	0.0196072	0.0196072	0.0751585	0.0793313	0.0400488	0.0275727	0.0345858	0.0599116	0.0732754	-0.00134844	0.0400488	0.0156202	0.0385172	0.0233204	0.0179895	0.0275727	0.0147653	-0.00302884	0.0196401	0.0604721	0.0772182	0.0428209	0.0324562	0.0282261	0.0577231	0.0501452	0.0322517	0.0347358	0.0432623	0.0248753	0.0494977	0.0363753	0.0432623	0.0345273	0.014701	0.0445909	0.0162797	0.0155181	0.0156202	0.0247372	0.0596428	0.0793313	0.0599116	0.0238865	0.0617324	0.0011494	0.0793313	0.0314194	0.0265657	0.0596428	0.0111398	0.030381	0.0623868	0.0347358	0.0593005	0.0432623	0.0384407	0.00439306	0.0415022	0.0324228	0.093266	0.0314194	0.0275727	0.011088	0.0191697	0.0579879	0.0773213	0.0303287	0.0327266	0.00404849	-0.00175775	0.0427015	0.0247169	0.0204225	-0.00302884	0.0275727	0.0563008	0.0393968	0.0238558	0.0318605	0.0196072	0.0370951	0.0358733	0.0247169	0.052298	0.0436617	0.0445909	0.0421407	0.00423102	0.030381	0.0275727	0.0282261	0.0527979	0.0191556	0.0445909	0.0142169	0.00682934	0.0793313	0.0126554	0.0623868	0.0387408	0.0224946	0.0435463	0.0436617	0.0196072	0.01507	0.0270327	0.0156202	0.00784965	0.0541027	0.0435166	0.0275727	0.0400488	0.00682934	0.0432623	-0.00302884	0.0344041	0.0144522	0.0196072	0.0604721	0.0793313	0.0552607	0.0599116	0.0224946	0.0116269	0.011088	0.0666472	0.0494977	0.0773213	0.0772182	0.0224946	0.0275727	0.0495644	0.0432623	0.0275727	0.0494977	0.0102021	0.0421407	0.0617324	0.0637575	0.0204225	0.0129256	0.0584521	0.0449291	0.0037492	0.0126554	0.0370951	-0.00302884	0.0374213	0.0432623	0.0336496	0.0561057	0.0177576	0.0324562	0.0321845	0.0037492	0.0344368	0.0196072	0.0195918	0.0177576	-0.00986106	0.0345273	0.0489955	0.0166449	0.053407	0.0414289	0.054617	0.0196072	0.0773213	0.0731889	0.0370951	0.0400488	0.0305184	0.0667031	0.0126554	0.00682934	0.0303287	0.0196072	0.0224946	0.00682934	0.0335242	0.0402126	0.0353825	0.0196072	0.0432623	0.0495644	0.0400488	0.0357323	0.0425017	0.0751585	0.00724638	0.0351939	0.0275727	0.0509039	0.0247169	0.023515	-0.0132192	0.0425017	0.0617324	0.0126554	0.0191802	0.0745757	0.0336496	0.0289677	0.0408087	0.0347358	0.0335242	0.0402126	0.0578415	0.0408087	0.0596428	0.011088	0.030381	0.0156202	0.0274476	0.054617	0.00439306	0.0321845	0.0345273	0.0494977	0.0199192	0.0196072	0.0126554	0.053407	0.0432623	0.0095457	0.030381	0.0495644	0.0292537	0.0623868	0.0292489	0.0793313	0.0793313	0.0126554	0.0196072	0.0335242	0.0347358	0.0336496	0.0751585	0.0445909	0.0187491	0.0751585	0.00423102	0.0144522	0.0623868	0.011088	0.0623868	0.0552838	0.0346684	0.0275727	0.0300123	0.0182213	0.0432623	0.014701	0.0129256	0.0247968	0.0637555	0.0348801	0.0553397	0.0196072	0.093266	0.0623868	0.0535018	0.0432623	0.0325198	0.0335242	-0.012508	0.0223175	0.0282261	0.0623868	0.0579879	-0.00175775	0.0385172	0.0773213	0.0128402	0.0432623	0.0584521	0.0347407	0.0159588	0.0793313	0.0822205	0.0527979	0.0596428	0.00339917	0.0421407	0.0126554	0.0552838	0.0155181	0.0692295	0.0596428	0.00391518	0.00439306	0.0623868	0.0155181	0.00377304	0.0238495	0.0527979	0.00711033	0.054617	0.0619033	0.0347358	0.0162797	0.0462369	0.0425017	0.0159588	0.0347358	0.0745757	0.036131	0.0238865	0.00444528	0.0187491	0.027629	0.0432623	0.061631	-0.00186182	0.0204225	0.0596428	0.0449291	0.0204225	0.030381	0.0247169	0.0436617
98000	intercept	0.862936	0.836236	0.8387	0.847553	0.846369	0.875374	0.864921	0.862487	0.877151	0.886791	0.870856	0.846496	0.880969	0.855043	0.862446	0.849757	0.898096	0.848027	0.845797	0.884958	0.863292	0.891857	0.891857	0.892433	0.888599	0.828529	0.86124	0.854409	0.869088	0.857264	0.887869	0.845116	0.852497	0.845438	0.878218	0.853714	0.846496	0.863292	0.855043	0.86124	0.86118	0.885665	0.862446	0.872144	0.838206	0.849757	0.909377	0.85661	0.866032	0.891857	0.849405	0.822154	0.869839	0.863778	0.893059	0.868583	0.862895	0.84775	0.852055	0.883103	0.902422	0.876184	0.872144	0.891187	0.822154	0.859005	0.881673	0.847553	0.873016	0.864226	0.865898	0.878675	0.891857	0.831891	0.870856	0.879352	0.879352	0.844381	0.863292	0.863292	0.835176	0.83114	0.872901	0.859528	0.86589	0.85661	0.861931	0.891857	0.876737	0.893402	0.838752	0.863712	0.87101	0.86124	0.899892	0.884377	0.859479	0.849757	0.840063	0.871199	0.863292	0.862936	0.848027	0.853478	0.879248	0.86124	0.872144	0.850394	0.878219	0.864166	0.872144	0.870856	0.891187	0.876216	0.862936	0.879352	0.891857	0.866032	0.8387	0.83114	0.85661	0.891187	0.83847	0.870266	0.818039	0.874618	0.853724	0.82739	0.862446	0.871199	0.845797	0.86124	0.833528	0.872144	0.871821	0.862446	0.875126	0.872678	0.823777	0.866869	0.856674	0.865898	0.862518	0.846369	0.846983	0.861144	0.846048	0.845116	0.872386	0.863593	0.902742	0.862446	0.884377	0.843785	0.85117	0.836236	0.886122	0.866656	0.863292	0.836236	0.862446	0.880969	0.831433	0.871199	0.895906	0.855043	0.857038	0.871199	0.862557	0.869972	0.827546	0.850366	0.884958	0.880785	0.890488	0.83114	0.864551	0.845797	0.87933	0.839187	0.87179	0.871199	0.863292	0.891187	0.876823	0.867301	0.853668	0.865136	0.838206	0.862557	0.872901	0.912157	0.872144	0.884377	0.849443	0.879688	0.858944	0.849757	0.83114	0.879865	0.850342	0.865496	0.85542	0.865898	0.83114	0.878219	0.852663	0.840063	0.846496	0.86124	0.868487	0.860717	0.862487	0.881844	0.863554	0.855043	0.83847	0.854571	0.8789	0.89569	0.846257	0.855043	0.872597	0.864551	0.836236	0.884377	0.849405	0.872144	0.84367	0.862594	0.863292	0.863292	0.858539	0.872597	0.866032	0.858944	0.863778	0.863292	0.879352	0.870856	0.85661	0.863292	0.85661	0.861184	0.853714	0.863292	0.852663	0.882054	0.839211	0.872901	0.879352	0.850724	0.864551	0.912157	0.866032	0.852064	0.846496	0.891857	0.844157	0.834454	0.849757	0.841999	0.860717	0.868487	0.872901	0.893059	0.867363	0.835176	0.874212	0.861151	0.862487	0.85661	0.867366	0.891187	0.86118	0.861184	0.83847	0.864551	0.850076	0.83114	0.847669	0.86124	0.884353	0.86124	0.844157	0.844707	0.853714	0.884353	0.836332	0.865898	0.871199	0.891857	0.862487	0.853714	0.862446	0.858539	0.870856	0.889046	0.874212	0.863292	0.864551	0.85661	0.864376	0.891187	0.871199	0.868487	0.861048	0.845797	0.834212	0.823103	0.831731	0.882218	0.863292	0.831235	0.86124	0.847669	0.835176	0.884958	0.861048	0.835176	0.857038	0.874951	0.845797	0.865898	0.822154	0.838206	0.857264	0.862557	0.887869	0.864226	0.872144	0.891187	0.89569	0.909377	0.85661	0.844381	0.838206	0.873394	0.823777	0.822154	0.846369	0.872144	0.855043	0.844157	0.872386	0.875191	0.862936	0.822154	0.846369	0.872386	0.838752	0.852663	0.872597	0.872144	0.846257	0.87933	0.863778	0.83114	0.83114	0.838206	0.8387	0.863292	0.855043	0.864551	0.838206	0.879352	0.871199	0.82739	0.864551	0.862446	0.815854	0.879352	0.893527	0.868461	0.838206	0.852497	0.853714	0.870674	0.86124	0.862936	0.85661	0.861184	0.863778	0.86124	0.83114	0.875126	0.891187	0.872597	0.861048	0.885579	0.872144	0.84852	0.89569	0.862446	0.842498	0.855043	0.858767	0.871199	0.902742	0.871199
99000	slope	0.035722	0.0611027	0.0492077	0.0371734	0.00125035	0.073764	0.0941176	0.0355114	0.0249736	0.0334254	0.0626794	0.0595168	0.0646581	0.0434766	0.0552788	0.0503853	0.0434766	0.0561183	0.0429012	0.0144098	0.071024	0.0723515	0.0327734	0.0185487	0.104729	0.0685641	0.0132082	0.0150108	0.0426972	0.0426972	0.0172662	0.0577187	0.0438856	0.0599078	0.0457529	0.0626794	0.085446	0.0501246	0.0412206	0.0634665	0.043606	0.0124075	0.0412206	0.0385763	0.0257612	0.0362741	0.0494879	0.0690533	0.0725309	0.0417309	0.0637871	0.0308366	0.085446	0.00125035	0.0929036	0.0708715	0.0462655	0.053448	0.059806	0.067081	0.0415241	0.0941176	0.0434766	0.0120051	0.0633421	0.0676691	0.0626794	0.0632902	0.0210071	0.0169628	0.0172662	0.0849705	0.0630116	0.0447239	0.0693131	0.061548	0.0431424	0.0572015	0.0175165	0.0492077	0.100938	0.0434766	0.0686713	0.0492077	0.0412302	0.0434766	0.0412302	0.0503853	0.0611027	0.00314133	0.0664848	0.0298895	-0.00885396	0.0332586	-0.00885396	0.0348748	0.0259573	0.0207248	0.0426972	0.0150258	-0.0110522	0.0175165	0.00125035	0.073764	0.0303091	0.0391371	0.0604933	0.0640716	0.0303091	0.0638916	0.0630116	0.0412302	0.0506629	0.043606	0.0435068	0.0760846	0.020735	0.0412206	0.0627144	-0.00885396	0.0233224	0.0172662	-0.00606487	0.0483129	0.0736286	0.0561183	0.0124075	0.0492077	0.0356805	0.0132082	0.0434766	0.0366997	0.0114424	0.0492077	0.0686713	0.0501731	0.0349235	0.0280649	0.0552902	0.0191429	-0.00885396	0.0359231	-0.0110522	0.0210803	0.0494879	0.073764	0.0434766	0.0686713	0.0552902	0.0578718	0.0914885	0.0725309	0.0430032	0.0506629	0.0495499	0.0412206	0.0465029	0.0401284	0.0114424	0.0114424	0.0132082	0.0386886	0.0518979	0.012843	-0.00885396	0.0434766	0.0185481	0.0443153	-0.0158468	0.0356276	0.0434766	0.0502979	0.0820941	0.0507807	0.0143162	0.0185487	0.0842357	0.0185487	0.0604933	0.0303891	0.0820941	0.0561183	0.073764	0.0506629	0.0506629	0.0276761	0.030776	0.0561183	0.0379381	0.0604933	0.0426972	0.061685	0.0391371	0.0914885	0.0434766	0.0561183	0.0741825	0.067081	0.0443153	0.0161833	0.0506629	0.0723515	0.0412206	-0.00885396	0.0124075	0.0914885	0.073764	-0.0110522	0.073764	0.0604933	0.0536443	0.0941176	0.0394206	0.0412206	0.085446	0.0391371	0.052417	0.00388599	0.0499808	0.0235958	0.0330108	0.0379381	0.0830053	0.0610796	0.0485434	0.0591188	0.0391371	0.0823458	0.0426972	0.0426972	0.0708278	0.052417	0.041507	0.0251765	0.0426972	0.0580854	0.0156202	0.0172662	0.071024	0.0426972	0.0443153	0.0430056	0.0574197	0.0421011	0.0349235	0.0412206	0.020735	0.0506629	0.0831408	-0.0126896	0.0113685	0.0421011	0.0313291	0.0845789	0.0595168	0.0693131	0.0483129	0.0591188	0.0471477	0.0567574	0.0914885	0.0552902	0.0492077	0.0604933	0.0434766	0.0210071	0.0630116	0.0482599	0.0375596	0.0692806	0.0383458	0.0151366	0.0441747	0.0426972	0.0434766	0.0401862	0.0308366	0.0561183	0.085446	0.0401862	0.0426972	0.0308366	0.044032	0.0168498	0.0567574	0.0746695	0.0564978	0.073764	-0.00885396	0.0595168	0.0412302	0.0686713	0.0280649	0.067081	-0.00885396	0.044032	0.0417988	0.0914885	0.0385718	0.0226674	0.0914885	0.0412302	0.0742168	0.0820941	0.0434766	0.0409731	0.0426972	0.00125035	0.0704621	0.0394206	0.0132082	0.0143162	0.0434766	0.073764	-0.00323929	0.083189	0.0823458	0.0156202	0.0113685	0.032634	0.0156202	0.0412206	0.00168742	0.0595168	0.0686713	0.035722	0.0499808	0.0720541	0.0536443	0.0610796	-0.00885396	0.0740431	0.0483129	0.0412206	0.0742168	0.0506629	-0.00885396	0.0426972	0.0521646	0.071024	0.0610796	0.0426972	0.0272563	0.0421011	0.0251155	0.0434766	0.0430032	0.0434766	0.000203862	0.0426972	0.0330108	-0.0283625	0.089326	0.061548	0.052417	0.0114424	0.0817316	0.089326	0.0400335	0.073764	0.0132082	0.0441747	0.0381789	0.0686713	-0.00885396	0.0440976	0.0447996	0.0503036	0.0172662	0.0412206	0.0421011	0.0421011	0.0188606	0.0412302	0.0561183	0.0210071	0.085446	0.0815634	0.0401862	0.0708278	0.0419813	0.0368514	0.0412206	0.0434766	0.0286421	0.0474081	0.0275337	0.067081	0.0567574	0.0421011	0.0689957	0.0492077	0.0412206	0.0577519	0.0511913	0.0114424	0.0742168	0.0412302	0.0914885	0.0210071
99000	intercept	0.877417	0.859299	0.833995	0.846321	0.882885	0.835936	0.817136	0.863975	0.865368	0.861688	0.85158	0.861298	0.84455	0.867017	0.859566	0.879142	0.867319	0.83549	0.842389	0.887575	0.885625	0.817829	0.901506	0.899992	0.816927	0.854779	0.887575	0.882441	0.841676	0.841676	0.894957	0.864817	0.835507	0.897819	0.857032	0.85158	0.856482	0.853281	0.873817	0.835047	0.848765	0.859539	0.867605	0.889206	0.867017	0.868006	0.84978	0.820569	0.841001	0.898769	0.843811	0.878222	0.863465	0.882885	0.847076	0.856026	0.867633	0.891668	0.843103	0.84453	0.87632	0.817136	0.862862	0.879521	0.831772	0.839217	0.85158	0.849083	0.869942	0.899707	0.875616	0.831243	0.841676	0.880987	0.861808	0.860054	0.865279	0.855878	0.859539	0.833518	0.847076	0.867017	0.817223	0.833995	0.846321	0.867017	0.871092	0.905416	0.859299	0.88472	0.878105	0.867139	0.892024	0.859797	0.892311	0.842052	0.876194	0.879521	0.836084	0.858877	0.879342	0.864669	0.889157	0.835936	0.876194	0.870865	0.843093	0.852571	0.876194	0.817829	0.841676	0.846321	0.838085	0.848765	0.84087	0.853526	0.887214	0.861298	0.829047	0.892024	0.887214	0.894957	0.879386	0.861476	0.817223	0.83549	0.859539	0.833518	0.841372	0.89884	0.867017	0.867017	0.890117	0.833995	0.817223	0.848129	0.875343	0.888381	0.861287	0.846321	0.892024	0.809057	0.879342	0.852327	0.84978	0.835936	0.880441	0.817223	0.861287	0.88089	0.852376	0.847086	0.81878	0.838085	0.849396	0.867605	0.828948	0.837085	0.882441	0.882441	0.887575	0.899172	0.836084	0.879952	0.892311	0.867017	0.879994	0.885203	0.879386	0.845893	0.864353	0.86883	0.82793	0.86154	0.878222	0.894815	0.821394	0.892044	0.835625	0.841855	0.85434	0.83549	0.851933	0.845893	0.838085	0.858713	0.856798	0.83549	0.809057	0.843093	0.841304	0.841676	0.89007	0.852376	0.867017	0.83549	0.822202	0.84453	0.885203	0.879814	0.838085	0.817829	0.878105	0.892311	0.859539	0.852376	0.835936	0.889786	0.850596	0.835584	0.849513	0.817136	0.844802	0.861298	0.863465	0.867092	0.855159	0.892024	0.853281	0.883795	0.877417	0.809057	0.82879	0.825037	0.886744	0.837863	0.89007	0.840561	0.842848	0.857026	0.817829	0.854914	0.894678	0.859539	0.841676	0.834136	0.891895	0.894957	0.885625	0.841676	0.873637	0.837863	0.847424	0.841855	0.884333	0.861298	0.887214	0.838085	0.861808	0.892024	0.884292	0.841855	0.883795	0.847086	0.861298	0.861808	0.861476	0.837863	0.863467	0.84087	0.846035	0.861287	0.833518	0.835584	0.844839	0.878524	0.841676	0.841676	0.838085	0.8547	0.900757	0.877417	0.834537	0.840421	0.867017	0.849727	0.896897	0.83549	0.863465	0.849727	0.841676	0.896897	0.833518	0.902677	0.84087	0.856381	0.855494	0.835936	0.892024	0.861298	0.846321	0.817223	0.888381	0.834788	0.892024	0.833518	0.855366	0.852376	0.857982	0.882885	0.852376	0.871092	0.88438	0.82793	0.844839	0.839139	0.841676	0.882885	0.847086	0.844802	0.89884	0.867394	0.844839	0.835936	0.892024	0.835936	0.85103	0.891895	0.884292	0.844802	0.892242	0.867605	0.890117	0.861298	0.817223	0.882924	0.853281	0.85158	0.849513	0.825037	0.892024	0.861808	0.861476	0.867605	0.847086	0.838085	0.892024	0.841676	0.900757	0.885625	0.825037	0.850795	0.894957	0.841855	0.867412	0.873949	0.82348	0.867017	0.892024	0.841676	0.877417	0.873895	0.857138	0.860054	0.818803	0.882441	0.82879	0.857138	0.894815	0.835936	0.891857	0.834537	0.894678	0.798133	0.892311	0.853281	0.848765	0.867017	0.896986	0.873817	0.841855	0.826391	0.883795	0.846321	0.83549	0.869942	0.863465	0.775455	0.849727	0.817829	0.855934	0.894957	0.866924	0.880441	0.867633	0.848361	0.846321	0.850685	0.826347	0.841855	0.841676	0.828976	0.873817	0.837857	0.833466	0.890117	0.86203	0.871092	0.852376	0.869942
100000	slope	-0.00435895	0.0496486	0.0526885	0.0378667	0.063503	0.0612784	0.0169875	0.0150533	0.062905	0.0662506	-0.00435895	0.0203213	0.0612784	0.0496486	0.0867858	0.0677203	0.0513841	-0.0085511	0.0398606	0.0230426	-0.00435895	0.0387419	0.0323663	0.0023764	0.00960412	0.0499451	-0.00435895	0.0395097	0.0612784	0.0222025	0.04307	0.0595434	0.068668	0.0677369	0.00134516	-0.00435895	0.0507142	0.027856	0.0763401	0.0303914	0.0529937	0.0513841	0.0491961	0.0397497	0.0160307	0.0816299	-0.0085511	0.055096	0.0178827	0.068668	0.0303914	0.0424381	-0.0085511	0.0159931	0.0234901	0.0745588	0.0594866	0.0626737	0.0677203	-0.00788319	0.0408808	0.0816299	-0.00435895	0.072361	0.0260998	0.0432344	0.0173048	0.0645736	0.0529937	0.0513841	0.0513841	0.0691109	0.0277183	0.0206926	0.0327336	0.0263561	-0.00435895	0.0612784	0.0445586	0.0562077	0.00476246	-0.00435895	0.0429006	0.0691109	0.0839954	0.0677203	0.0624825	-0.00435895	0.0749266	0.0529937	-0.00674669	0.0550798	0.0341407	0.0529937	-0.00435895	0.0439425	0.0384718	0.0482165	0.0211017	0.0173956	0.0207466	0.0536251	0.0562077	-0.0116999	0.0591448	0.0268405	0.0625262	0.0763401	0.0867858	0.0700121	0.0518477	0.065914	0.0252061	0.0204913	0.0526885	0.0576152	0.0576725	0.0668058	-0.00429719	0.0520495	0.0383895	0.0567508	-0.00429719	0.065914	0.0520343	0.091203	0.0387308	0.0636002	0.0734083	0.0632682	0.0222025	0.0260998	0.0427187	-0.0050693	0.0391361	0.0526885	0.0526885	-0.00725569	0.0634136	0.0132595	0.0243001	0.00873414	0.0844	0.0643387	0.0614788	0.0370251	0.0326635	0.0178827	0.0550798	0.0587361	0.0719713	0.0493084	0.0348775	0.065914	0.0363156	0.0619711	0.0387308	0.0222025	0.0550798	0.0612784	0.02603	0.0222025	0.0252061	0.0567508	0.0513841	0.0529937	0.068668	0.0612784	0.0222025	0.0222025	0.0763401	0.0530855	0.0382031	0.0742305	0.0355485	0.0222025	0.0535486	0.04078	0.067081	0.0111277	0.0477358	0.025185	0.0793846	0.0252152	0.0408808	0.0550798	0.0403602	0.0560978	-0.0164185	0.068668	0.0360874	0.0408808	-0.00435895	0.070694	0.0318817	0.0375756	0.0518477	0.00944589	0.0222025	0.070694	0.0185487	0.0520591	0.091203	0.065914	0.0867858	0.0224614	0.0411024	0.0668058	0.0645736	0.0521948	-0.0050693	-0.0050693	0.0562077	0.0587016	0.0595434	0.0537749	-0.00725569	-0.0050693	0.0441418	-0.00725569	0.00960412	0.0625262	0.0252061	0.0513841	0.0252061	0.0441418	0.0303914	0.0604955	0.065914	0.0408659	0.0550798	0.0636002	0.0268405	0.058592	0.0567508	0.0719713	-0.00242388	0.0545395	0.0749266	0.0587016	0.0529937	0.0303914	-0.00475779	0.0526716	0.0574628	0.0604955	0.073859	0.0252061	0.0838106	0.0387308	0.072361	-0.00435895	0.0567508	0.0536251	0.0749266	0.0243001	0.0132595	0.0526885	0.068668	-0.00435895	0.0513841	0.0442265	0.0608185	0.0231539	0.0854555	0.0408808	0.0757523	0.0526885	0.0839954	0.0382031	0.070694	0.0231539	0.0222025	0.065914	0.0520343	0.0408808	0.0441418	0.00476246	0.0191278	0.065914	0.0178827	0.0303914	0.0303914	0.0222025	0.0653471	0.065914	0.065914	0.0550798	-0.00435895	0.0550798	0.0645736	0.0243001	0.0207155	-0.00223551	0.0126212	-0.00435895	-0.00435895	0.0191278	0.0763401	0.0634136	0.0612784	0.0513841	0.0587016	0.0209425	0.0243001	0.0518477	0.00476246	0.0560978	0.0587016	0.0612784	0.0520591	-0.00435895	0.0626737	-0.0297246	0.0583203	0.0217784	0.0360874	0.065914	0.0191278	0.0222025	0.0854555	-0.0050693	0.0550798	-0.00607091	0.0610503	0.0499451	0.0465624	-0.0164185	0.0587016	-0.0164185	0.0243001	0.0268405	0.0567508	0.0550798	0.0303914	0.0634136	0.0583695	0.072361	0.0520495	0.0023764	0.0408808	0.0604955	0.0650938	0.0387308	0.0178827	0.0023764	-0.00435895	0.0163452	0.0178827	0.0513841	0.0449347	0.0550798	0.00476246	0.0398606	0.0606388	0.0338851	0.0839954	0.0231539	0.0222025	0.0526857	0.0560978	0.0600709	0.0303914	0.0459861	0.0442781	0.0719713	-0.0164185	0.0562077	0.0548504	0.0700121	0.065914	0.0578798	0.0550798	0.0840673	0.0562077	0.091203	-0.00429719	0.0441418	0.0720945	0.0612784	0.0323663	0.0323663	0.0529937	0.0323663	0.0178827	-0.0050693	-0.00435895	-0.00435895	0.0608185	0.0387041	0.091203	-0.00725569	0.0520591	0.0612784	0.0529937	0.0252061	0.0567061	0.0298638	0.0700121	0.0408808
100000	intercept	0.891691	0.864156	0.84196	0.870093	0.839392	0.860056	0.870393	0.882661	0.860056	0.860056	0.86988	0.869359	0.87088	0.864156	0.864949	0.860427	0.861723	0.843023	0.859263	0.857281	0.86988	0.873663	0.880345	0.860458	0.874168	0.861564	0.885162	0.853242	0.860279	0.883509	0.83975	0.841712	0.850221	0.851844	0.866874	0.891691	0.830291	0.85913	0.846902	0.871084	0.861564	0.861723	0.841299	0.860414	0.8568	0.878123	0.843527	0.842534	0.866619	0.83602	0.871084	0.856258	0.843527	0.897482	0.854806	0.829006	0.860056	0.828468	0.857245	0.906396	0.849693	0.878123	0.86988	0.847358	0.873776	0.862329	0.88547	0.860056	0.861564	0.873879	0.861723	0.837843	0.869368	0.884076	0.847608	0.883644	0.866874	0.860056	0.87498	0.859263	0.891691	0.866874	0.861564	0.837843	0.848782	0.857245	0.860414	0.86988	0.827187	0.861564	0.891691	0.833548	0.86171	0.864391	0.86988	0.836267	0.830291	0.86183	0.858145	0.867892	0.864152	0.856061	0.859263	0.888426	0.838829	0.862162	0.856405	0.846902	0.864949	0.84364	0.82115	0.829006	0.880508	0.834352	0.847085	0.841215	0.865468	0.856061	0.877014	0.833091	0.860109	0.870777	0.877014	0.825829	0.833154	0.850489	0.856998	0.860056	0.859263	0.859263	0.883644	0.875081	0.868608	0.887453	0.85423	0.847085	0.84196	0.893477	0.821778	0.874168	0.866619	0.878838	0.860783	0.857662	0.845757	0.84833	0.849495	0.866619	0.833548	0.833548	0.859263	0.867454	0.847221	0.829006	0.874614	0.825078	0.860572	0.87551	0.833548	0.860056	0.866619	0.883644	0.880508	0.870777	0.873879	0.861564	0.839212	0.860056	0.883644	0.887502	0.846902	0.864885	0.864706	0.840016	0.868671	0.890882	0.876831	0.866955	0.830193	0.886242	0.860448	0.875689	0.842817	0.873012	0.851909	0.833548	0.864106	0.849811	0.885162	0.850221	0.860572	0.849693	0.86988	0.849693	0.879006	0.871036	0.82115	0.885162	0.87551	0.849693	0.858966	0.82115	0.850489	0.829006	0.864949	0.883644	0.873878	0.856061	0.860056	0.829006	0.90157	0.881895	0.859263	0.865732	0.841712	0.846856	0.88147	0.887453	0.859263	0.893477	0.874168	0.856405	0.880508	0.861723	0.880508	0.840868	0.881204	0.860056	0.825829	0.860056	0.833548	0.860056	0.862162	0.846409	0.875215	0.858933	0.906396	0.846856	0.833154	0.865732	0.861564	0.871084	0.843527	0.833091	0.832924	0.860056	0.85504	0.880508	0.850221	0.860572	0.847358	0.86988	0.870777	0.856061	0.833154	0.866619	0.874168	0.849481	0.83901	0.884609	0.873879	0.89766	0.846409	0.864157	0.863151	0.850358	0.822913	0.84196	0.848782	0.864706	0.849693	0.862325	0.883644	0.829006	0.813531	0.849693	0.859263	0.910686	0.855054	0.829006	0.866619	0.871084	0.871084	0.883509	0.833091	0.829006	0.825829	0.833548	0.875795	0.835043	0.860056	0.866619	0.866619	0.896013	0.891691	0.867499	0.885162	0.855761	0.846902	0.813829	0.860056	0.861723	0.865732	0.880345	0.866619	0.857862	0.891977	0.849811	0.863952	0.87088	0.82115	0.891691	0.828468	0.870532	0.849125	0.858966	0.860572	0.829006	0.855761	0.887502	0.863151	0.887453	0.833548	0.891691	0.841426	0.861564	0.846409	0.885162	0.865732	0.885162	0.866619	0.862162	0.870777	0.833548	0.853568	0.821778	0.829006	0.847358	0.80754	0.86988	0.849693	0.860056	0.84364	0.856998	0.866564	0.86988	0.866874	0.883644	0.866619	0.873879	0.860056	0.833548	0.891691	0.859263	0.870594	0.866619	0.848782	0.866619	0.873589	0.831071	0.849811	0.84838	0.871084	0.833091	0.856061	0.859263	0.885162	0.8676	0.849689	0.84364	0.829006	0.829006	0.835043	0.856061	0.859263	0.850489	0.877014	0.859263	0.829006	0.860056	0.880345	0.880345	0.861564	0.880345	0.861163	0.887453	0.86988	0.885162	0.846409	0.849693	0.850489	0.88147	0.82115	0.860056	0.864391	0.880508	0.856061	0.883509	0.84364	0.849693
