generation	param	Ind1	Ind2	Ind3	Ind4	Ind5	Ind6	Ind7	Ind8	Ind9	Ind10	Ind11	Ind12	Ind13	Ind14	Ind15	Ind16	Ind17	Ind18	Ind19	Ind20	Ind21	Ind22	Ind23	Ind24	Ind25	Ind26	Ind27	Ind28	Ind29	Ind30	Ind31	Ind32	Ind33	Ind34	Ind35	Ind36	Ind37	Ind38	Ind39	Ind40	Ind41	Ind42	Ind43	Ind44	Ind45	Ind46	Ind47	Ind48	Ind49	Ind50	Ind51	Ind52	Ind53	Ind54	Ind55	Ind56	Ind57	Ind58	Ind59	Ind60	Ind61	Ind62	Ind63	Ind64	Ind65	Ind66	Ind67	Ind68	Ind69	Ind70	Ind71	Ind72	Ind73	Ind74	Ind75	Ind76	Ind77	Ind78	Ind79	Ind80	Ind81	Ind82	Ind83	Ind84	Ind85	Ind86	Ind87	Ind88	Ind89	Ind90	Ind91	Ind92	Ind93	Ind94	Ind95	Ind96	Ind97	Ind98	Ind99	Ind100	Ind101	Ind102	Ind103	Ind104	Ind105	Ind106	Ind107	Ind108	Ind109	Ind110	Ind111	Ind112	Ind113	Ind114	Ind115	Ind116	Ind117	Ind118	Ind119	Ind120	Ind121	Ind122	Ind123	Ind124	Ind125	Ind126	Ind127	Ind128	Ind129	Ind130	Ind131	Ind132	Ind133	Ind134	Ind135	Ind136	Ind137	Ind138	Ind139	Ind140	Ind141	Ind142	Ind143	Ind144	Ind145	Ind146	Ind147	Ind148	Ind149	Ind150	Ind151	Ind152	Ind153	Ind154	Ind155	Ind156	Ind157	Ind158	Ind159	Ind160	Ind161	Ind162	Ind163	Ind164	Ind165	Ind166	Ind167	Ind168	Ind169	Ind170	Ind171	Ind172	Ind173	Ind174	Ind175	Ind176	Ind177	Ind178	Ind179	Ind180	Ind181	Ind182	Ind183	Ind184	Ind185	Ind186	Ind187	Ind188	Ind189	Ind190	Ind191	Ind192	Ind193	Ind194	Ind195	Ind196	Ind197	Ind198	Ind199	Ind200	Hapl1	Hapl2	Hapl3	Hapl4	Hapl5	Hapl6	Hapl7	Hapl8	Hapl9	Hapl10	Hapl11	Hapl12	Hapl13	Hapl14	Hapl15	Hapl16	Hapl17	Hapl18	Hapl19	Hapl20	Hapl21	Hapl22	Hapl23	Hapl24	Hapl25	Hapl26	Hapl27	Hapl28	Hapl29	Hapl30	Hapl31	Hapl32	Hapl33	Hapl34	Hapl35	Hapl36	Hapl37	Hapl38	Hapl39	Hapl40	Hapl41	Hapl42	Hapl43	Hapl44	Hapl45	Hapl46	Hapl47	Hapl48	Hapl49	Hapl50	Hapl51	Hapl52	Hapl53	Hapl54	Hapl55	Hapl56	Hapl57	Hapl58	Hapl59	Hapl60	Hapl61	Hapl62	Hapl63	Hapl64	Hapl65	Hapl66	Hapl67	Hapl68	Hapl69	Hapl70	Hapl71	Hapl72	Hapl73	Hapl74	Hapl75	Hapl76	Hapl77	Hapl78	Hapl79	Hapl80	Hapl81	Hapl82	Hapl83	Hapl84	Hapl85	Hapl86	Hapl87	Hapl88	Hapl89	Hapl90	Hapl91	Hapl92	Hapl93	Hapl94	Hapl95	Hapl96	Hapl97	Hapl98	Hapl99	Hapl100	Hapl101	Hapl102	Hapl103	Hapl104	Hapl105	Hapl106	Hapl107	Hapl108	Hapl109	Hapl110	Hapl111	Hapl112	Hapl113	Hapl114	Hapl115	Hapl116	Hapl117	Hapl118	Hapl119	Hapl120	Hapl121	Hapl122	Hapl123	Hapl124	Hapl125	Hapl126	Hapl127	Hapl128	Hapl129	Hapl130	Hapl131	Hapl132	Hapl133	Hapl134	Hapl135	Hapl136	Hapl137	Hapl138	Hapl139	Hapl140	Hapl141	Hapl142	Hapl143	Hapl144	Hapl145	Hapl146	Hapl147	Hapl148	Hapl149	Hapl150	Hapl151	Hapl152	Hapl153	Hapl154	Hapl155	Hapl156	Hapl157	Hapl158	Hapl159	Hapl160	Hapl161	Hapl162	Hapl163	Hapl164	Hapl165	Hapl166	Hapl167	Hapl168	Hapl169	Hapl170	Hapl171	Hapl172	Hapl173	Hapl174	Hapl175	Hapl176	Hapl177	Hapl178	Hapl179	Hapl180	Hapl181	Hapl182	Hapl183	Hapl184	Hapl185	Hapl186	Hapl187	Hapl188	Hapl189	Hapl190	Hapl191	Hapl192	Hapl193	Hapl194	Hapl195	Hapl196	Hapl197	Hapl198	Hapl199	Hapl200
10	slope	0.0	0.00581802	0.0	0.0	0.0	0.0	0.0	0.0	0.0	0.00171218	0.0	0.0	0.0	0.0	0.0	0.0	0.0	0.0	0.0	0.0	0.0	0.0	0.0	0.0	0.0	0.0	0.0	0.00343368	0.0	0.0	0.0	0.0	0.0	0.0	0.0	0.0	0.0	0.0	0.0	0.0	0.0	0.0	0.00680248	0.0	0.0	0.000964552	0.0	0.0	0.0	0.0	0.0	0.0	0.0	0.0	0.0	0.0	-0.0024422	0.0	0.0	0.0	0.0	0.0	0.0	0.0	0.0	0.0062518	0.0	0.0	0.0	0.0	0.0	0.0	0.0049598	0.0	0.0	0.0	0.00107132	0.0	0.0	0.0	0.0	0.0	0.0	0.0	0.0	0.0	0.0	0.0	0.0	0.0	0.0	0.00581802	0.0	0.0	0.0	0.0	0.0	0.0	0.0	0.0	0.0	0.0	0.0	0.0	0.0	0.0	0.0	0.0	0.0	0.0	0.0	0.0	0.0	-0.00136765	0.0	0.0	0.0	0.0	0.0	0.0	0.0	0.0	0.0	0.0	0.0	0.0	0.0	0.0	0.0	0.0	0.0	0.0	0.0	0.0	0.0	0.0	0.0	0.0	0.0	0.0	0.0	0.00210078	0.0	0.0	0.0	0.0	0.0	-0.010422	0.0	0.0	0.00641506	0.0	-0.00452255	0.0	0.0	0.0	0.0	0.0	0.0	0.0	0.0	0.0	0.0	0.0	-0.00325236	0.0	0.0	0.0	0.00273621	0.00395356	0.0	0.0	0.0	0.0	0.0	0.0	0.0	0.0	0.0	0.0	0.0	0.0	0.0	0.0	0.0	0.0	0.0	0.0	0.0	0.0	0.0	0.0	0.0	0.0	0.0	0.0	0.0	0.0	0.0	0.0	0.0	0.0	0.0	0.0	0.0	0.0	0.0	0.0	0.0	0.0	0.0	0.0	-0.00991648	0.0	0.0	0.0	0.0	0.0	0.0	0.0	0.0	0.0	-0.0066414	0.0	0.0	0.0	0.0	0.00250431	0.0	0.0	0.0	0.0	0.0	0.0	0.0	0.0	0.0	0.0	0.0	0.0	0.00366685	0.0	0.0	0.0	0.0	0.0	0.0	0.0	0.0	0.0	0.0	0.000478733	0.0	0.0122383	0.0	0.0	0.0	0.0	0.0	0.0	0.0	0.0	0.0	0.0	0.0	-0.0011051	0.0	0.0	0.0	0.0	0.0	0.0	0.0	0.0	0.0	0.0	0.0	0.0	0.0	0.0	0.0	0.0	0.0	0.0	0.0	0.0	0.0	0.0	0.0	0.0	0.0	0.0	0.0	0.0	0.0	0.0	0.0	0.0	0.0	0.0	0.0	0.0	0.0	0.0	0.0	0.0	0.0	0.0	0.0	0.0	0.0	0.0	0.0	0.0	0.0	0.0	0.0	-0.0049601	0.0	0.0	0.0	0.0	0.0	0.0	0.0	0.0	0.0	0.0	0.0	0.0	0.0	0.0	0.0119842	0.0	0.0	0.0	0.0	0.0	-0.00934574	0.0	0.0	0.0	0.0	0.0	0.0	0.0	0.0	0.0	0.0	0.0	0.0	0.0	0.0	0.0	0.0	0.0	0.0	0.0	0.0	0.0	0.0	0.0	0.0	0.0	0.0	0.0	0.0	0.0	0.0	0.0	0.0	0.0	0.0	0.0	0.0	0.0	0.0	0.0	0.0	0.0	0.0	0.0	0.0	0.0	0.0	0.0	0.0	0.0	0.0	0.0	0.0	0.0	0.0	0.0	0.0	0.0	0.0	0.0	0.0	0.0
10	intercept	0.5	0.5	0.5	0.5	0.5	0.5	0.5	0.5	0.499479	0.5	0.5	0.5	0.5	0.5	0.5	0.5	0.5	0.5	0.5	0.5	0.5	0.5	0.5	0.5	0.5	0.5	0.5	0.5	0.5	0.5	0.5	0.5	0.5	0.5	0.5	0.506496	0.5	0.5	0.5	0.5	0.5	0.5	0.5	0.5	0.5	0.5	0.496739	0.5	0.5	0.5	0.5	0.5	0.5	0.5	0.5	0.5	0.5	0.5	0.5	0.5	0.5	0.5	0.5	0.5	0.5	0.5	0.5	0.5	0.5	0.5	0.5	0.5	0.5	0.5	0.5	0.5	0.5	0.5	0.5	0.5	0.5	0.5	0.5	0.5	0.5	0.5	0.5	0.5	0.5	0.5	0.5	0.5	0.5	0.5	0.5	0.5	0.5	0.5	0.5	0.5	0.5	0.5	0.5	0.5	0.5	0.5	0.5	0.5	0.5	0.5	0.5	0.5	0.5	0.5	0.5	0.5	0.5	0.5	0.5	0.5	0.5	0.494745	0.5	0.5	0.5	0.5	0.5	0.5	0.5	0.5	0.5	0.5	0.5	0.5	0.5	0.5	0.5	0.5	0.5	0.5	0.5	0.5	0.5	0.5	0.5	0.5	0.5	0.5	0.5	0.5	0.5	0.5	0.5	0.5	0.494809	0.5	0.5	0.5	0.5	0.5	0.5	0.5	0.501238	0.5	0.5	0.5	0.5	0.5	0.5	0.5	0.5	0.5	0.500575	0.5	0.5	0.5	0.5	0.5	0.5	0.5	0.5	0.5	0.5	0.5	0.5	0.5	0.5	0.5	0.5	0.5	0.5	0.5	0.5	0.5	0.5	0.5	0.5	0.5	0.5	0.506216	0.5	0.5	0.5	0.5	0.5	0.5	0.5	0.5	0.5	0.5	0.5	0.5	0.503823	0.5	0.5	0.5	0.5	0.5	0.5	0.5	0.5	0.5	0.5	0.5	0.5	0.5	0.5	0.5	0.5	0.5	0.5	0.5	0.5	0.5	0.5	0.5	0.5	0.5	0.5	0.5	0.5	0.5	0.5	0.5	0.5	0.5	0.5	0.5	0.5	0.5	0.51135	0.5	0.5	0.5	0.5	0.5	0.5	0.5	0.5	0.5	0.5	0.5	0.5	0.5	0.5	0.5	0.5	0.5	0.5	0.5	0.5	0.5	0.5	0.5	0.5	0.5	0.5	0.5	0.5	0.5	0.5	0.5	0.5	0.5	0.5	0.5	0.5	0.5	0.5	0.5	0.5	0.5	0.5	0.5	0.5	0.5	0.5	0.503887	0.5	0.5	0.5	0.5	0.5	0.5	0.5	0.5	0.5	0.5	0.5	0.5	0.5	0.5	0.5	0.5	0.5	0.5	0.5	0.5	0.5	0.476591	0.5	0.5	0.5	0.5	0.5	0.5	0.5	0.504984	0.5	0.5	0.5	0.5	0.5	0.5	0.50267	0.5	0.5	0.5	0.5	0.500972	0.5	0.5	0.5	0.5	0.5	0.5	0.5	0.5	0.5	0.5	0.5	0.5	0.5	0.5	0.5	0.5	0.5	0.5	0.481188	0.5	0.5	0.5	0.5	0.5	0.5	0.5	0.5	0.5	0.5	0.488567	0.5	0.5	0.5	0.5	0.5	0.5	0.493758	0.5	0.5	0.5	0.5	0.5	0.5	0.5	0.5	0.5	0.5	0.5	0.5	0.5	0.5	0.5	0.5	0.5	0.5	0.5	0.5	0.5	0.5	0.5
1000	slope	-0.0568382	-0.0376059	-0.0786904	-0.0922135	-0.0766926	-0.0855308	-0.0509908	-0.0890712	-0.0575707	-0.0660462	-0.0440868	-0.0287467	-0.0610588	-0.11691	-0.0606573	-0.0731531	-0.0750919	-0.0564174	-0.0590759	-0.0607003	-0.0749133	-0.0570899	-0.0364416	-0.0806715	-0.0568382	-0.0188929	-0.0612073	-0.0594716	-0.0763151	-0.021777	-0.0718629	-0.0654867	-0.077806	-0.067488	-0.0680313	-0.0311262	-0.0135181	-0.0665872	-0.0695809	-0.0388798	-0.0519871	-0.0833104	-0.0906469	-0.05446	-0.0740073	-0.0855308	-0.058744	-0.0657192	-0.0780003	-0.0360082	-0.0654747	-0.0517729	-0.0728757	-0.0614188	-0.0751247	-0.069324	-0.0556669	-0.0412374	-0.0996747	-0.0521592	-0.0344455	-0.0633713	-0.0387085	-0.0436957	-0.0703352	-0.0902916	-0.046778	-0.0620308	-0.0657135	-0.079709	-0.0642009	-0.0647898	-0.0733411	-0.093311	-0.0708769	-0.0696949	-0.0606568	-0.0652828	-0.0769646	-0.017596	-0.0561812	-0.0691199	-0.0580045	-0.0296675	-0.0746325	-0.0620953	-0.0476484	-0.0452216	-0.0948169	-0.0591949	-0.0914646	-0.0956455	-0.0433473	-0.0530801	-0.038409	-0.0557227	-0.0461182	-0.0601419	-0.101438	-0.0887601	-0.0735088	-0.051674	-0.0266824	-0.0549272	-0.060456	-0.0664955	-0.0777393	-0.0857251	-0.0456041	-0.0704479	-0.0568572	-0.059678	-0.055743	-0.0289269	-0.0261849	-0.0395738	-0.0478099	-0.0448141	-0.0467559	-0.0663022	-0.0846816	-0.0379237	-0.089329	-0.0242743	-0.098792	-0.0848895	-0.0693118	-0.0515862	-0.0506995	-0.0545224	-0.0648184	-0.0844044	-0.0335247	-0.051536	-0.0309364	-0.068078	-0.0826451	-0.0728953	-0.0582924	-0.0446259	-0.0789457	-0.0813664	-0.0605422	-0.0295074	-0.0469082	-0.0337437	-0.0612223	-0.0641656	-0.0629696	-0.0765617	-0.0695252	-0.0898963	-0.078801	-0.0793222	-0.098311	-0.0814626	-0.0585013	-0.0404422	-0.0460728	-0.0754985	-0.0863812	-0.0494045	-0.0682097	-0.0702415	-0.0348148	-0.0758465	-0.0556669	-0.0464915	-0.036312	-0.0559187	-0.0423025	-0.0447411	-0.0733801	-0.0816043	-0.0388134	-0.0957249	-0.0996099	-0.0588192	-0.0447006	-0.0555891	-0.0645432	-0.0464217	-0.102874	-0.0744202	-0.0660865	-0.0355254	-0.0800321	-0.0628007	-0.0642276	-0.0673355	-0.0568382	-0.0685832	-0.0292338	-0.091676	-0.0506995	-0.0912854	-0.0387454	-0.0654452	-0.0514872	-0.0415524	-0.082249	-0.0816402	-0.082249	-0.0391517	-0.0780344	-0.0489132	-0.0868196	-0.0970626	-0.0519991	-0.0531212	-0.0828575	-0.0729029	-0.118663	-0.0578358	-0.0847753	-0.0816402	-0.0308189	-0.0510139	-0.029925	-0.0791461	-0.0744557	-0.0349023	-0.0232366	-0.118663	-0.0700758	-0.0457191	-0.0630824	-0.0297936	-0.10451	-0.0268895	-0.100072	-0.133082	-0.0700758	-0.019394	-0.0391517	-0.0308189	-0.0457191	-0.0805149	-0.0233796	-0.0183417	-0.037909	-0.0537862	-0.063137	-0.065157	-0.031793	-0.100072	-0.0604959	-0.11731	-0.0772656	-0.118663	-0.0795782	-0.0299805	-0.065157	-0.0445888	-0.0864831	-0.0662151	-0.0805009	-0.0537862	-0.0308189	-0.0300755	-0.0805149	-0.0151049	-0.0868196	-0.0816402	-0.0264564	-0.0440698	-0.0461869	-0.0953871	-0.0905121	-0.0242599	-0.0522321	-0.0501854	-0.0446502	-0.0628381	-0.11731	-0.0238266	-0.029237	-0.0687372	-0.0425561	-0.0805149	-0.0510139	-0.112835	-0.0976215	-0.0737479	-0.0828575	-0.0584215	-0.0436543	-0.0847717	-0.0961821	-0.0975123	-0.0975123	-0.0295531	-0.03627	-0.100072	-0.0805149	-0.0884382	-0.100072	-0.0208841	-0.0292186	-0.11731	-0.118663	-0.056985	-0.0970626	-0.0288859	-0.0217253	-0.0793117	-0.0308189	-0.0336899	-0.0868196	-0.0873385	-0.0510139	-0.0374763	-0.0745234	-0.0204398	-0.100072	-0.0805149	-0.0278839	-0.0349023	-0.0497795	-0.103395	-0.0205768	-0.0565725	-0.0510139	-0.037909	-0.0767307	-0.0425561	-0.0533137	-0.0259717	-0.0531212	-0.0537862	-0.0208841	-0.0387968	-0.059125	-0.0308189	-0.0284295	-0.0805149	-0.0208841	-0.0255291	-0.0293087	-0.0828575	-0.0300755	-0.0641282	-0.0805009	-0.0315722	-0.0574863	-0.03627	-0.0700758	-0.0381683	-0.082249	-0.0700758	-0.0522056	-0.0767307	-0.069551	-0.0457191	-0.0521581	-0.0805149	-0.0510139	-0.0805115	-0.0537862	-0.0459316	-0.0884382	-0.0510139	-0.031899	-0.031899	-0.0391517	-0.0586469	-0.056985	-0.0884382	-0.0586469	-0.0501854	-0.0253703	-0.0607201	-0.0830861	-0.0464324	-0.0922525	-0.0522321	-0.0899408	-0.0745234	-0.0526595	-0.100072	-0.0505922	-0.0531212	-0.0309712	-0.11731	-0.0468374	-0.0828575	-0.0474825	-0.0583243	-0.100657	-0.100072	-0.015697	-0.031899	-0.0440163	-0.0828575	-0.037909	-0.0710717	-0.0634714	-0.0258676	-0.0520386	-0.0381683
1000	intercept	0.375429	0.387154	0.359933	0.384442	0.377139	0.379827	0.387731	0.369637	0.373895	0.409202	0.381745	0.383212	0.389106	0.367786	0.372322	0.403066	0.378505	0.367538	0.377458	0.380939	0.379354	0.381814	0.380701	0.362895	0.369584	0.395203	0.375449	0.371729	0.374853	0.38294	0.39282	0.375449	0.394898	0.363057	0.400183	0.385124	0.389511	0.384783	0.393144	0.391021	0.382116	0.373993	0.373334	0.38333	0.368228	0.37685	0.362422	0.389134	0.35969	0.377337	0.38738	0.390943	0.403398	0.391592	0.377527	0.382412	0.37617	0.376489	0.369177	0.392273	0.367716	0.379257	0.373549	0.367892	0.38945	0.376418	0.37617	0.397733	0.368918	0.375762	0.384487	0.361419	0.38933	0.354081	0.367538	0.39037	0.375429	0.390222	0.367088	0.387001	0.376292	0.400301	0.376356	0.389382	0.38071	0.380003	0.370188	0.381234	0.371265	0.377177	0.36511	0.3833	0.397048	0.387448	0.378787	0.386846	0.38689	0.377977	0.369637	0.360682	0.387137	0.395089	0.366382	0.380542	0.39037	0.387476	0.390919	0.383035	0.376892	0.386362	0.375925	0.382056	0.406566	0.406965	0.395977	0.406022	0.385066	0.367716	0.378335	0.374048	0.359256	0.402789	0.375929	0.373992	0.37227	0.375721	0.395555	0.400386	0.379377	0.402083	0.386587	0.379922	0.376403	0.364863	0.371256	0.377515	0.418723	0.383243	0.371872	0.38377	0.367088	0.377519	0.38174	0.376751	0.367923	0.398303	0.379719	0.366841	0.386511	0.370879	0.375561	0.375511	0.377517	0.393861	0.367786	0.381516	0.380365	0.369216	0.36325	0.381824	0.374162	0.394316	0.373802	0.393023	0.386246	0.379088	0.390677	0.371391	0.391583	0.374162	0.371932	0.362219	0.37611	0.37901	0.386758	0.376524	0.375956	0.375429	0.38575	0.381719	0.392726	0.384212	0.376418	0.363592	0.389618	0.362501	0.39023	0.363206	0.414113	0.394814	0.375429	0.381391	0.412535	0.373651	0.378646	0.372829	0.381532	0.362962	0.379592	0.398915	0.382217	0.363793	0.371487	0.390391	0.386108	0.359137	0.377448	0.367786	0.389312	0.389224	0.366391	0.410815	0.37442	0.401935	0.411793	0.363793	0.381291	0.393458	0.379312	0.367786	0.352287	0.375081	0.380065	0.37442	0.400131	0.398699	0.354156	0.376034	0.38505	0.396373	0.367786	0.367786	0.400131	0.397343	0.372092	0.362073	0.401618	0.386664	0.390046	0.376034	0.388035	0.359398	0.390234	0.385466	0.398699	0.367786	0.406959	0.367786	0.385262	0.37442	0.359398	0.390951	0.380327	0.38426	0.38505	0.368163	0.373563	0.359398	0.397047	0.388097	0.384867	0.376034	0.366391	0.35868	0.439318	0.380618	0.37209	0.367002	0.364342	0.402561	0.385961	0.389224	0.374717	0.350467	0.367786	0.396373	0.405254	0.39603	0.388966	0.388078	0.393458	0.38505	0.367786	0.392804	0.365045	0.385466	0.411901	0.352509	0.370588	0.366391	0.366391	0.370999	0.376034	0.367786	0.38505	0.38505	0.367786	0.35641	0.394139	0.367786	0.37442	0.397872	0.367786	0.407166	0.396045	0.367786	0.384467	0.401425	0.366391	0.363815	0.393458	0.389312	0.359398	0.38666	0.367786	0.38505	0.372667	0.363642	0.388097	0.377178	0.393347	0.352785	0.384467	0.388035	0.395068	0.390848	0.380539	0.384467	0.389224	0.354156	0.356422	0.410968	0.388029	0.377958	0.426885	0.38505	0.372242	0.3869	0.392082	0.36532	0.388097	0.386674	0.373563	0.41939	0.385466	0.376034	0.400131	0.414052	0.371487	0.385512	0.384366	0.395068	0.383453	0.398828	0.388966	0.38505	0.384467	0.38505	0.359398	0.388035	0.406503	0.393458	0.344463	0.344463	0.390391	0.401237	0.388596	0.38505	0.397684	0.389224	0.350517	0.40607	0.388078	0.374628	0.428898	0.385961	0.366731	0.353475	0.372804	0.365569	0.392945	0.389224	0.410968	0.367786	0.402579	0.375872	0.388966	0.384467	0.367786	0.367786	0.38666	0.344463	0.354156	0.366391	0.348967	0.367473	0.385466	0.405237	0.386674	0.39734
2000	slope	-0.112121	-0.122695	-0.149822	-0.0947236	-0.130615	-0.12186	-0.0715519	-0.122171	-0.127401	-0.12163	-0.14066	-0.102398	-0.133955	-0.116778	-0.129111	-0.0908369	-0.135354	-0.126646	-0.0994148	-0.147315	-0.152953	-0.129812	-0.126417	-0.128217	-0.13171	-0.118293	-0.122982	-0.114239	-0.113947	-0.120978	-0.0638977	-0.11959	-0.13297	-0.138751	-0.145535	-0.144759	-0.12865	-0.129266	-0.106018	-0.121647	-0.126763	-0.101815	-0.117298	-0.127814	-0.0740005	-0.13173	-0.130111	-0.131933	-0.137704	-0.120297	-0.133467	-0.12501	-0.0416888	-0.134737	-0.1175	-0.154098	-0.0918753	-0.133019	-0.0943933	-0.0822813	-0.110915	-0.0874691	-0.100788	-0.126002	-0.13274	-0.158057	-0.133359	-0.147248	-0.146576	-0.136187	-0.125578	-0.0823862	-0.113545	-0.113755	-0.107451	-0.12473	-0.148527	-0.107301	-0.115584	-0.144452	-0.109126	-0.119925	-0.126421	-0.123724	-0.147751	-0.124728	-0.126552	-0.0985736	-0.139007	-0.117688	-0.0552543	-0.100914	-0.0885387	-0.119923	-0.131943	-0.0738304	-0.108522	-0.129728	-0.138915	-0.120218	-0.14216	-0.133004	-0.132733	-0.140936	-0.119863	-0.112765	-0.113461	-0.0771716	-0.115968	-0.127409	-0.0888692	-0.139878	-0.123809	-0.115854	-0.144267	-0.107378	-0.0981492	-0.117771	-0.118652	-0.108974	-0.112562	-0.139693	-0.132954	-0.0793674	-0.14806	-0.0962121	-0.115926	-0.115622	-0.0845761	-0.114386	-0.0817518	-0.0967621	-0.137648	-0.147103	-0.109521	-0.126922	-0.124716	-0.13614	-0.131599	-0.129873	-0.123025	-0.115836	-0.13645	-0.132149	-0.113336	-0.11805	-0.133006	-0.11118	-0.0860331	-0.0884023	-0.0756077	-0.11672	-0.142675	-0.128737	-0.0970958	-0.129055	-0.150015	-0.121032	-0.150609	-0.0898482	-0.0779357	-0.122462	-0.101888	-0.139134	-0.116164	-0.137437	-0.105227	-0.141857	-0.105157	-0.13264	-0.0964822	-0.138218	-0.135888	-0.13645	-0.126993	-0.103011	-0.129199	-0.12447	-0.118494	-0.134983	-0.0953662	-0.145066	-0.117962	-0.0605085	-0.127886	-0.128166	-0.134461	-0.10903	-0.127131	-0.121275	-0.143615	-0.140145	-0.10252	-0.128998	-0.127992	-0.120244	-0.103273	-0.100864	-0.127294	-0.0683778	-0.0939658	-0.0896353	-0.0830456	-0.128557	-0.100896	-0.167187	-0.095718	-0.151022	-0.116477	-0.033889	-0.119794	-0.108706	-0.134735	-0.126394	-0.0671774	-0.0997982	-0.0984906	-0.0672719	-0.121851	-0.126756	-0.12501	-0.0710643	-0.134735	-0.104794	-0.0780955	-0.151434	-0.151022	-0.124147	-0.107088	-0.146438	-0.127239	-0.12489	-0.115934	-0.160754	-0.167187	-0.105785	-0.132279	-0.10692	-0.104161	-0.154926	-0.118717	-0.10312	-0.115934	-0.115652	-0.105357	-0.114212	-0.118436	-0.0928035	-0.0997982	-0.161541	-0.121286	-0.124586	-0.107088	-0.0512753	-0.132983	-0.0755408	-0.107088	-0.129821	-0.126367	-0.126898	-0.171675	-0.105972	-0.0361132	-0.0818215	-0.171675	-0.0915574	-0.0714859	-0.143079	-0.118436	-0.12501	-0.116058	-0.123555	-0.144189	-0.11815	-0.130398	-0.066755	-0.146438	-0.10208	-0.108574	-0.115934	-0.110197	-0.0671774	-0.12273	-0.124586	-0.114685	-0.168262	-0.129821	-0.114685	-0.147484	-0.134735	-0.131273	-0.115453	-0.104434	-0.112429	-0.118148	-0.142345	-0.0915574	-0.153075	-0.139111	-0.0172071	-0.150592	-0.0928035	-0.115217	-0.118472	-0.121636	-0.12501	-0.118176	-0.101508	-0.135621	-0.0763487	-0.155029	-0.0361132	-0.124166	-0.141366	-0.107769	-0.134735	-0.10692	-0.141107	-0.13512	-0.10312	-0.125637	-0.0512753	-0.0726795	-0.108403	-0.118436	-0.113125	-0.115102	-0.110197	-0.0871017	-0.0672719	-0.126394	-0.131632	-0.132983	-0.119794	-0.100657	-0.0918934	-0.118917	-0.0425088	-0.107088	-0.11637	-0.117979	-0.113125	-0.119794	-0.115573	-0.066755	-0.116477	-0.121778	-0.0997982	-0.066755	-0.143079	-0.0671774	-0.154926	-0.0947671	-0.124709	-0.114132	-0.107088	-0.110442	-0.11387	-0.140529	-0.0891042	-0.110562	-0.107769	-0.129821	-0.127239	-0.116917	-0.0866037	-0.152272	-0.110562	-0.122932	-0.0960401	-0.14058	-0.0763487	-0.118917	-0.11815	-0.151383	-0.125964	-0.0770389	-0.162848	-0.129042	-0.143079	-0.162706	-0.129821	-0.124767	-0.110562	-0.136302	-0.0763487	-0.0984906	-0.11815	-0.129821	-0.0984906	-0.0967927	-0.148252	-0.155029	-0.126394	-0.14053	-0.135621	-0.107088	-0.142897	-0.167187	-0.0918262
2000	intercept	0.363575	0.325813	0.335567	0.343825	0.290503	0.314612	0.318889	0.314762	0.315995	0.33319	0.335362	0.348373	0.33202	0.281836	0.310166	0.315526	0.307639	0.271028	0.339633	0.359365	0.322823	0.330163	0.341949	0.341456	0.351928	0.27517	0.30927	0.276733	0.321251	0.339856	0.288266	0.361472	0.34261	0.380434	0.357338	0.353113	0.325746	0.337351	0.333369	0.340877	0.3093	0.326135	0.322193	0.33078	0.282426	0.390442	0.344241	0.353608	0.329912	0.344383	0.358674	0.336625	0.267486	0.311123	0.337739	0.366743	0.288893	0.344812	0.326145	0.270627	0.262411	0.286022	0.307707	0.357304	0.335463	0.351168	0.328701	0.318203	0.315886	0.345711	0.342365	0.321868	0.345279	0.321985	0.303321	0.281629	0.373372	0.31436	0.305321	0.288247	0.3048	0.338076	0.307037	0.332046	0.358258	0.300583	0.34257	0.250618	0.350112	0.312529	0.293991	0.330816	0.317354	0.315255	0.355999	0.316515	0.309018	0.337656	0.373079	0.311283	0.319747	0.330258	0.359321	0.341916	0.297623	0.300182	0.328628	0.333308	0.338202	0.355766	0.314116	0.341506	0.29228	0.324945	0.345364	0.318832	0.335947	0.354938	0.32717	0.264241	0.34723	0.36003	0.337604	0.303396	0.369098	0.31462	0.360314	0.322987	0.353456	0.365944	0.334226	0.312692	0.3517	0.351764	0.31447	0.361649	0.304127	0.332136	0.310494	0.327573	0.336723	0.351611	0.321892	0.36462	0.308826	0.316409	0.361141	0.319411	0.304808	0.274693	0.319101	0.360013	0.356853	0.365277	0.305102	0.318819	0.316544	0.297903	0.362819	0.325652	0.308892	0.309349	0.300543	0.328133	0.351945	0.300259	0.294758	0.335478	0.309619	0.347476	0.361352	0.367584	0.312402	0.319043	0.286151	0.359367	0.30542	0.356484	0.307634	0.322626	0.28953	0.360687	0.326089	0.315849	0.253516	0.314293	0.314196	0.32643	0.317832	0.30382	0.359343	0.355431	0.283929	0.298368	0.313307	0.358599	0.314297	0.351181	0.323242	0.302415	0.272489	0.346554	0.367109	0.253579	0.289493	0.332778	0.367109	0.369994	0.267644	0.273411	0.378851	0.358368	0.314482	0.291325	0.303397	0.304583	0.272489	0.287685	0.351887	0.344032	0.353913	0.289531	0.314482	0.321931	0.351287	0.354048	0.369994	0.326772	0.26891	0.36201	0.383737	0.343428	0.295614	0.353042	0.357775	0.280398	0.358033	0.346994	0.243715	0.329186	0.34948	0.267644	0.295614	0.34948	0.316817	0.347496	0.296737	0.355595	0.304583	0.361753	0.316717	0.296283	0.267644	0.306254	0.295614	0.360966	0.245416	0.280978	0.385951	0.258159	0.332778	0.381873	0.275467	0.300689	0.332778	0.303395	0.275091	0.357108	0.304193	0.338355	0.314606	0.275663	0.350369	0.223898	0.350734	0.28646	0.347896	0.352203	0.311733	0.295614	0.351053	0.303397	0.305319	0.296283	0.295614	0.332778	0.280978	0.310101	0.345578	0.314482	0.334759	0.302453	0.312469	0.32757	0.294573	0.242917	0.303395	0.352077	0.35138	0.26236	0.357035	0.364319	0.296283	0.327654	0.349496	0.334895	0.295614	0.343613	0.360799	0.351317	0.377608	0.275467	0.291325	0.342815	0.349014	0.314482	0.346994	0.360357	0.357641	0.267644	0.328656	0.28646	0.286481	0.286959	0.304193	0.32757	0.253579	0.351053	0.270658	0.278468	0.283897	0.340665	0.303052	0.378851	0.361308	0.298307	0.293748	0.279834	0.270918	0.370892	0.265535	0.32757	0.378851	0.367149	0.28646	0.267644	0.346994	0.304583	0.28646	0.338348	0.274936	0.340048	0.360966	0.268877	0.334567	0.267644	0.329705	0.295614	0.376424	0.360966	0.337309	0.349014	0.265535	0.383737	0.363734	0.278391	0.330905	0.337309	0.365174	0.35799	0.350687	0.351317	0.293748	0.260873	0.349756	0.295614	0.359357	0.353042	0.328152	0.338348	0.359656	0.265535	0.365506	0.337309	0.314482	0.351317	0.272489	0.260873	0.280978	0.272489	0.361642	0.373945	0.377608	0.283897	0.324162	0.360799	0.252584	0.345806	0.336157	0.346554
3000	slope	-0.131068	-0.155345	-0.149295	-0.155011	-0.161815	-0.146657	-0.146394	-0.140774	-0.11432	-0.112192	-0.160995	-0.13033	-0.157949	-0.168634	-0.153432	-0.163888	-0.190774	-0.133372	-0.135923	-0.132611	-0.132215	-0.157355	-0.177174	-0.119507	-0.154814	-0.15524	-0.124747	-0.110992	-0.171604	-0.14634	-0.128136	-0.136155	-0.107721	-0.114042	-0.159901	-0.166748	-0.124416	-0.141547	-0.136032	-0.158224	-0.176749	-0.106784	-0.150574	-0.0909378	-0.107872	-0.16978	-0.184492	-0.159769	-0.159736	-0.0819513	-0.15301	-0.170379	-0.162886	-0.119421	-0.132486	-0.164195	-0.111244	-0.146036	-0.135335	-0.151433	-0.141604	-0.138991	-0.149522	-0.161481	-0.134486	-0.137202	-0.160414	-0.148939	-0.136416	-0.114676	-0.139359	-0.146208	-0.123716	-0.141468	-0.117548	-0.133537	-0.160834	-0.146827	-0.149138	-0.155598	-0.11454	-0.138962	-0.163603	-0.137363	-0.139723	-0.131861	-0.114649	-0.115595	-0.141627	-0.137611	-0.147463	-0.107059	-0.124446	-0.109224	-0.155565	-0.14337	-0.170879	-0.15915	-0.139295	-0.140501	-0.161665	-0.141027	-0.123462	-0.15663	-0.111081	-0.127457	-0.102698	-0.150586	-0.13357	-0.123598	-0.149825	-0.159023	-0.125479	-0.131609	-0.1329	-0.137077	-0.14584	-0.116424	-0.142832	-0.200226	-0.117038	-0.130922	-0.138407	-0.147409	-0.14512	-0.0931338	-0.121565	-0.145998	-0.129992	-0.142261	-0.158214	-0.143279	-0.0955955	-0.130628	-0.116422	-0.117998	-0.140088	-0.137666	-0.139768	-0.121071	-0.136674	-0.12108	-0.135237	-0.136209	-0.145785	-0.130372	-0.137431	-0.12173	-0.153087	-0.137897	-0.168074	-0.158698	-0.127009	-0.148825	-0.149714	-0.160969	-0.115832	-0.169426	-0.147959	-0.149617	-0.150753	-0.149334	-0.130559	-0.121337	-0.114731	-0.120943	-0.140673	-0.118182	-0.1428	-0.142821	-0.11207	-0.159944	-0.126062	-0.178885	-0.131382	-0.160418	-0.166245	-0.131853	-0.0942061	-0.131326	-0.120505	-0.146738	-0.157565	-0.144338	-0.115779	-0.101447	-0.147222	-0.135289	-0.135601	-0.125039	-0.13864	-0.14555	-0.106821	-0.113803	-0.100189	-0.142533	-0.176388	-0.15956	-0.131805	-0.12366	-0.136667	-0.154708	-0.180785	-0.138259	-0.122517	-0.181282	-0.137502	-0.156267	-0.112341	-0.17954	-0.160125	-0.155873	-0.160666	-0.152904	-0.152838	-0.170668	-0.0687319	-0.102054	-0.15944	-0.130941	-0.145138	-0.136743	-0.13269	-0.151936	-0.101315	-0.159752	-0.146817	-0.17212	-0.16546	-0.1231	-0.118723	-0.129398	-0.181282	-0.125079	-0.184637	-0.170616	-0.166275	-0.155178	-0.0995211	-0.13813	-0.177159	-0.130941	-0.124737	-0.156817	-0.125079	-0.137502	-0.0840277	-0.130291	-0.158969	-0.153005	-0.123919	-0.156929	-0.101912	-0.150212	-0.153993	-0.159423	-0.12072	-0.129752	-0.186549	-0.162077	-0.156929	-0.187701	-0.11815	-0.177628	-0.183378	-0.142584	-0.118162	-0.155178	-0.106792	-0.156273	-0.150461	-0.159135	-0.127929	-0.14073	-0.155873	-0.105567	-0.110174	-0.175729	-0.11815	-0.08183	-0.170616	-0.151404	-0.106792	-0.173067	-0.141656	-0.152838	-0.181282	-0.120576	-0.150221	-0.15266	-0.156929	-0.161985	-0.155314	-0.171319	-0.142237	-0.135367	-0.174432	-0.1215	-0.155178	-0.12507	-0.141379	-0.0839686	-0.108611	-0.126377	-0.105567	-0.117348	-0.172019	-0.126932	-0.158815	-0.115573	-0.176775	-0.0826269	-0.187463	-0.11546	-0.145335	-0.1215	-0.152336	-0.162077	-0.13786	-0.117348	-0.111341	-0.13786	-0.13786	-0.152905	-0.142003	-0.11546	-0.13786	-0.181282	-0.153005	-0.145335	-0.141656	-0.123754	-0.159423	-0.17212	-0.179651	-0.161076	-0.163845	-0.10808	-0.117348	-0.112381	-0.140801	-0.124205	-0.170616	-0.103	-0.134155	-0.112675	-0.126649	-0.159126	-0.170616	-0.13786	-0.135367	-0.176775	-0.122517	-0.143974	-0.137621	-0.111341	-0.126649	-0.174432	-0.164813	-0.0949307	-0.147438	-0.1215	-0.118333	-0.12072	-0.101912	-0.11966	-0.118162	-0.13786	-0.158815	-0.110174	-0.130941	-0.187701	-0.123754	-0.142659	-0.155323	-0.225086	-0.153044	-0.118926	-0.158353	-0.130941	-0.102054	-0.173067	-0.162168	-0.153044	-0.17285	-0.151358	-0.148424	-0.0948865	-0.105567	-0.130941	-0.108221	-0.129335	-0.177628	-0.175729	-0.134547	-0.155178	-0.118104	-0.163359	-0.159126	-0.130941
3000	intercept	0.230277	0.273908	0.25336	0.270789	0.289552	0.310692	0.34162	0.358364	0.266708	0.282427	0.280115	0.326524	0.270781	0.329627	0.299922	0.276093	0.27071	0.351248	0.34191	0.261294	0.286002	0.25468	0.300431	0.308164	0.301125	0.284862	0.296595	0.242161	0.324606	0.270151	0.327821	0.309245	0.319559	0.288466	0.256463	0.280347	0.303017	0.295148	0.308363	0.255645	0.296243	0.305854	0.278906	0.249002	0.268522	0.298463	0.322112	0.282163	0.24082	0.283746	0.31399	0.321273	0.322225	0.258609	0.285475	0.283775	0.291591	0.287336	0.257054	0.284838	0.272506	0.278049	0.275491	0.255922	0.244581	0.276582	0.276736	0.294631	0.233749	0.366293	0.3321	0.343706	0.29135	0.297791	0.293145	0.2311	0.300206	0.316607	0.269907	0.285721	0.286906	0.295867	0.280506	0.246493	0.269981	0.290849	0.258609	0.290277	0.260349	0.278431	0.242837	0.307196	0.264205	0.285106	0.283859	0.286873	0.315957	0.256742	0.295108	0.310158	0.34552	0.248577	0.25334	0.318132	0.286308	0.328853	0.299295	0.297616	0.335831	0.30306	0.22241	0.29007	0.303054	0.308655	0.235459	0.315048	0.274129	0.331374	0.31632	0.336587	0.298755	0.269053	0.263613	0.270807	0.328959	0.283729	0.306749	0.286979	0.295711	0.280762	0.299555	0.256133	0.295732	0.278652	0.252859	0.278181	0.316131	0.260757	0.248398	0.329939	0.259378	0.307294	0.221158	0.295068	0.291452	0.264165	0.260779	0.285659	0.256651	0.284269	0.308538	0.262426	0.284945	0.236329	0.283756	0.340291	0.241295	0.275953	0.309405	0.271082	0.319736	0.309437	0.286965	0.293369	0.288952	0.284372	0.268638	0.303542	0.342728	0.27135	0.291743	0.223622	0.248881	0.312247	0.242894	0.319267	0.258082	0.285497	0.317577	0.24544	0.289224	0.311863	0.263022	0.284792	0.311582	0.295752	0.283844	0.2787	0.284498	0.306945	0.2745	0.260328	0.258647	0.346034	0.300257	0.246074	0.299665	0.342155	0.297231	0.263589	0.224562	0.279356	0.359474	0.305545	0.319575	0.335698	0.272271	0.212193	0.245924	0.246716	0.239003	0.295614	0.333263	0.263269	0.265522	0.239003	0.249002	0.276772	0.201509	0.284543	0.287164	0.250597	0.241744	0.260757	0.232122	0.238759	0.295941	0.313164	0.313193	0.263603	0.279204	0.290597	0.316527	0.314513	0.310587	0.306756	0.297055	0.270328	0.26924	0.273149	0.280198	0.294654	0.254767	0.274257	0.311952	0.260757	0.327166	0.307959	0.262025	0.295645	0.321234	0.259631	0.251046	0.25265	0.241744	0.200529	0.272953	0.230123	0.29042	0.312902	0.260757	0.327698	0.252746	0.253149	0.316527	0.202136	0.261958	0.270328	0.321234	0.309085	0.295374	0.278546	0.294073	0.260757	0.295614	0.249002	0.310273	0.320021	0.218166	0.276772	0.306756	0.335582	0.321234	0.284335	0.267357	0.265522	0.316527	0.312541	0.335582	0.270409	0.261195	0.397226	0.262222	0.226083	0.260757	0.236177	0.30644	0.300811	0.270328	0.275257	0.397226	0.302872	0.265391	0.254572	0.245924	0.262252	0.275773	0.360861	0.212885	0.360861	0.239003	0.327166	0.316527	0.37105	0.290558	0.300811	0.27537	0.312902	0.223321	0.262252	0.31871	0.260757	0.260757	0.348127	0.309393	0.37105	0.257686	0.316527	0.295645	0.290558	0.267357	0.291341	0.200529	0.313164	0.307967	0.271426	0.316527	0.197415	0.262252	0.31053	0.216025	0.279527	0.302952	0.231575	0.23753	0.321234	0.365804	0.295645	0.302952	0.260757	0.236177	0.239003	0.302426	0.214187	0.363262	0.31871	0.365804	0.316527	0.280679	0.27894	0.260757	0.289894	0.234189	0.267239	0.251046	0.365804	0.261958	0.265656	0.212885	0.310273	0.293165	0.33458	0.291341	0.207175	0.275828	0.339911	0.307037	0.288632	0.263296	0.284543	0.260514	0.284335	0.301915	0.307037	0.317652	0.276364	0.354501	0.325981	0.249002	0.297136	0.236843	0.264403	0.253149	0.320021	0.293628	0.277372	0.294073	0.350221	0.295645	0.294654
4000	slope	-0.235465	-0.219285	-0.201354	-0.160152	-0.223278	-0.145167	-0.191684	-0.216204	-0.211299	-0.197905	-0.158044	-0.174961	-0.194213	-0.16491	-0.189471	-0.209331	-0.175905	-0.213948	-0.166249	-0.16024	-0.159427	-0.230062	-0.193627	-0.179973	-0.179008	-0.149543	-0.165664	-0.198493	-0.237269	-0.141929	-0.176703	-0.197851	-0.218022	-0.170001	-0.199067	-0.148321	-0.219022	-0.205374	-0.180939	-0.189585	-0.204447	-0.160283	-0.212104	-0.216262	-0.22169	-0.2249	-0.160068	-0.223408	-0.169209	-0.188935	-0.254155	-0.222786	-0.160753	-0.188913	-0.217522	-0.21249	-0.207281	-0.182469	-0.177948	-0.172579	-0.157364	-0.244629	-0.256378	-0.214269	-0.168801	-0.194363	-0.203761	-0.237342	-0.232014	-0.198366	-0.146001	-0.155734	-0.214892	-0.170873	-0.182056	-0.135209	-0.199936	-0.220808	-0.236338	-0.173318	-0.232707	-0.188461	-0.218299	-0.264133	-0.216196	-0.213748	-0.199392	-0.22255	-0.20003	-0.224536	-0.153296	-0.229279	-0.189695	-0.203433	-0.174994	-0.20025	-0.179456	-0.208436	-0.203834	-0.197763	-0.1933	-0.228113	-0.191863	-0.15454	-0.149865	-0.241247	-0.155071	-0.184528	-0.203558	-0.198115	-0.239366	-0.261061	-0.204805	-0.216934	-0.205198	-0.220512	-0.22692	-0.164456	-0.191402	-0.187422	-0.221756	-0.203239	-0.168033	-0.164517	-0.242216	-0.211344	-0.257679	-0.241961	-0.188568	-0.126603	-0.135345	-0.223325	-0.207406	-0.22606	-0.181095	-0.191163	-0.16565	-0.185532	-0.223917	-0.188873	-0.214263	-0.196438	-0.201667	-0.222511	-0.184215	-0.141986	-0.170125	-0.219677	-0.183084	-0.210553	-0.153341	-0.153926	-0.192962	-0.150086	-0.155091	-0.205878	-0.153612	-0.171848	-0.262056	-0.159992	-0.222685	-0.190717	-0.210061	-0.230189	-0.180222	-0.18397	-0.260174	-0.210015	-0.20709	-0.174871	-0.160079	-0.151775	-0.202516	-0.235614	-0.183511	-0.233265	-0.187129	-0.265415	-0.161876	-0.187032	-0.176681	-0.232801	-0.176359	-0.209375	-0.20738	-0.221533	-0.223845	-0.182108	-0.18839	-0.185791	-0.143604	-0.165183	-0.150918	-0.254878	-0.161708	-0.163978	-0.197516	-0.193611	-0.186185	-0.186814	-0.168444	-0.178112	-0.188154	-0.177705	-0.137309	-0.13865	-0.163796	-0.204948	-0.259843	-0.223218	-0.146847	-0.211332	-0.189912	-0.252588	-0.238161	-0.25854	-0.222223	-0.157047	-0.226671	-0.219658	-0.170275	-0.184169	-0.196001	-0.14562	-0.236897	-0.1908	-0.226586	-0.194337	-0.152919	-0.188572	-0.269246	-0.190842	-0.181044	-0.174131	-0.169028	-0.160277	-0.144775	-0.208225	-0.242626	-0.161996	-0.155603	-0.187	-0.248706	-0.178614	-0.14277	-0.144775	-0.258503	-0.166454	-0.197009	-0.188154	-0.145134	-0.188154	-0.235688	-0.142862	-0.248054	-0.232447	-0.120647	-0.223881	-0.245615	-0.217026	-0.225273	-0.145282	-0.190579	-0.240466	-0.226834	-0.10062	-0.241786	-0.270138	-0.247106	-0.25854	-0.177796	-0.137309	-0.219658	-0.241786	-0.194337	-0.166454	-0.261889	-0.177551	-0.261889	-0.186378	-0.259843	-0.226692	-0.155907	-0.226586	-0.186378	-0.247106	-0.166454	-0.173348	-0.231529	-0.152919	-0.155326	-0.217805	-0.195063	-0.142059	-0.152099	-0.203353	-0.144775	-0.258918	-0.259208	-0.235688	-0.200458	-0.160392	-0.160983	-0.198799	-0.179699	-0.178386	-0.185935	-0.196359	-0.266332	-0.25619	-0.203353	-0.147485	-0.136509	-0.188154	-0.261889	-0.252588	-0.199711	-0.236629	-0.246417	-0.236897	-0.155603	-0.248054	-0.252588	-0.165555	-0.1495	-0.170128	-0.188154	-0.178112	-0.231529	-0.181747	-0.133909	-0.176937	-0.163828	-0.164143	-0.156087	-0.158862	-0.269382	-0.261889	-0.160863	-0.221921	-0.139817	-0.262692	-0.241919	-0.162083	-0.263656	-0.226471	-0.269382	-0.155326	-0.25619	-0.159344	-0.19109	-0.147676	-0.195063	-0.216764	-0.160863	-0.252588	-0.226834	-0.180808	-0.157992	-0.228632	-0.160737	-0.185814	-0.166655	-0.235688	-0.181514	-0.160737	-0.166999	-0.225979	-0.200286	-0.19109	-0.178589	-0.171347	-0.142826	-0.143073	-0.16425	-0.236662	-0.157047	-0.164143	-0.170275	-0.208969	-0.15857	-0.181747	-0.223613	-0.15286	-0.269382	-0.226992	-0.222223	-0.261889	-0.18804	-0.170128	-0.223881	-0.247106	-0.240466	-0.145282	-0.178336	-0.231437	-0.250971	-0.155603	-0.182156	-0.203938
4000	intercept	0.309305	0.320869	0.310302	0.265498	0.307159	0.297259	0.293756	0.337347	0.298147	0.342981	0.284343	0.314714	0.323329	0.299978	0.296835	0.294901	0.326213	0.297923	0.319473	0.268955	0.298947	0.325116	0.300062	0.316204	0.30428	0.300731	0.301188	0.294491	0.309305	0.264761	0.311545	0.3141	0.333968	0.306833	0.284547	0.293824	0.30746	0.342202	0.34046	0.28306	0.317593	0.298392	0.305891	0.308525	0.320753	0.325327	0.319959	0.308364	0.342604	0.339402	0.348613	0.33206	0.312001	0.320838	0.299236	0.309989	0.299144	0.31078	0.283845	0.277814	0.305013	0.321671	0.327754	0.290538	0.311947	0.333279	0.318243	0.321288	0.323277	0.322028	0.306811	0.288182	0.296829	0.289824	0.310639	0.298028	0.332986	0.308172	0.323228	0.308522	0.307638	0.305692	0.303981	0.311915	0.314555	0.310955	0.31988	0.331376	0.301315	0.327417	0.29362	0.301425	0.329664	0.324304	0.297968	0.321509	0.348527	0.309806	0.298875	0.312675	0.303999	0.287755	0.314813	0.30205	0.257286	0.296057	0.279069	0.266938	0.302773	0.320824	0.32055	0.320582	0.287101	0.308748	0.321048	0.317788	0.303574	0.312506	0.31888	0.301284	0.32157	0.293514	0.305281	0.308236	0.297912	0.329643	0.340602	0.312072	0.305803	0.278149	0.301639	0.324101	0.3157	0.337006	0.258643	0.32147	0.306705	0.31324	0.329788	0.325579	0.319926	0.332775	0.307839	0.318214	0.25817	0.309835	0.3068	0.295474	0.283407	0.287037	0.297286	0.306531	0.306662	0.28057	0.298841	0.317223	0.339344	0.302656	0.324714	0.313755	0.301992	0.323532	0.303315	0.295389	0.269047	0.298483	0.325094	0.328309	0.318845	0.305826	0.297827	0.298073	0.316218	0.301132	0.311646	0.322653	0.31375	0.317038	0.311469	0.294071	0.323926	0.313832	0.331229	0.350016	0.319523	0.308679	0.314638	0.293377	0.337468	0.3042	0.299745	0.333811	0.294761	0.330009	0.306326	0.290898	0.302499	0.315586	0.297032	0.29727	0.295917	0.308214	0.311881	0.332259	0.281211	0.304766	0.295966	0.295265	0.310057	0.316305	0.310935	0.299292	0.346546	0.319484	0.336024	0.293245	0.331059	0.282882	0.336024	0.312066	0.324926	0.266043	0.303774	0.229039	0.305262	0.346546	0.324612	0.256026	0.327045	0.346546	0.320098	0.334754	0.34733	0.354654	0.328713	0.268501	0.300758	0.290234	0.31369	0.324926	0.313429	0.332162	0.323224	0.309361	0.300758	0.300758	0.322526	0.304085	0.336353	0.300822	0.300668	0.300822	0.314128	0.318911	0.339741	0.331736	0.335377	0.336024	0.30697	0.284189	0.264441	0.286601	0.346546	0.339029	0.337081	0.286476	0.320112	0.329945	0.324908	0.302554	0.291305	0.281211	0.321548	0.320112	0.256026	0.304085	0.311915	0.317195	0.293961	0.346546	0.310057	0.324229	0.277873	0.341471	0.346546	0.324908	0.304085	0.353351	0.323678	0.318911	0.282882	0.321604	0.279031	0.324035	0.343356	0.306696	0.300758	0.342852	0.319484	0.314128	0.299359	0.325166	0.276105	0.322401	0.302825	0.299359	0.285521	0.313069	0.329945	0.333284	0.306696	0.282882	0.291042	0.300822	0.319484	0.319484	0.29182	0.327747	0.342587	0.305262	0.310616	0.342852	0.319484	0.310286	0.316681	0.309545	0.311881	0.308214	0.323678	0.286927	0.300758	0.301689	0.355833	0.32935	0.336612	0.318911	0.331165	0.311915	0.280058	0.35547	0.277595	0.3147	0.325069	0.324926	0.320784	0.332282	0.331165	0.282882	0.333284	0.282882	0.362856	0.283988	0.279031	0.328958	0.280058	0.319484	0.329185	0.346546	0.288707	0.327747	0.336704	0.269336	0.260314	0.320451	0.307051	0.324194	0.32635	0.335101	0.285908	0.362856	0.319899	0.305057	0.28213	0.280058	0.295839	0.319782	0.282882	0.320021	0.324926	0.316016	0.304301	0.299926	0.336024	0.297456	0.331165	0.326654	0.340043	0.310213	0.325929	0.309545	0.336024	0.309988	0.339029	0.286601	0.294222	0.33861	0.329915	0.310616	0.330836	0.303065
5000	slope	-0.225084	-0.23382	-0.262556	-0.260748	-0.197727	-0.246976	-0.203655	-0.255059	-0.268685	-0.209644	-0.254621	-0.220641	-0.205791	-0.188423	-0.242119	-0.212587	-0.254005	-0.246275	-0.245445	-0.22682	-0.24183	-0.273586	-0.271253	-0.282553	-0.265112	-0.228329	-0.240782	-0.220262	-0.195247	-0.26841	-0.252702	-0.262711	-0.234275	-0.230038	-0.217167	-0.232763	-0.190381	-0.23225	-0.216979	-0.242065	-0.231181	-0.263979	-0.212304	-0.288642	-0.254874	-0.224237	-0.166707	-0.251079	-0.18579	-0.261564	-0.233568	-0.189377	-0.2236	-0.209013	-0.251026	-0.24296	-0.265977	-0.21583	-0.22802	-0.20656	-0.246338	-0.213821	-0.200243	-0.238038	-0.201538	-0.237199	-0.235124	-0.203724	-0.241107	-0.231796	-0.206476	-0.234815	-0.217927	-0.261091	-0.239208	-0.207923	-0.263	-0.220003	-0.222542	-0.260332	-0.229295	-0.210891	-0.255401	-0.242927	-0.255593	-0.245395	-0.254573	-0.232238	-0.248061	-0.265551	-0.223431	-0.235766	-0.255559	-0.187738	-0.239846	-0.238987	-0.248941	-0.210539	-0.154971	-0.261595	-0.228989	-0.260364	-0.240285	-0.257779	-0.146638	-0.189863	-0.182939	-0.269433	-0.207496	-0.25871	-0.227817	-0.231701	-0.246084	-0.16521	-0.253936	-0.250851	-0.259454	-0.194692	-0.199628	-0.222793	-0.258337	-0.183017	-0.199937	-0.165696	-0.214026	-0.226835	-0.21878	-0.246116	-0.226569	-0.180811	-0.197821	-0.270935	-0.160944	-0.239574	-0.170643	-0.208153	-0.252185	-0.283966	-0.212587	-0.231258	-0.22095	-0.228343	-0.219839	-0.200614	-0.187761	-0.223091	-0.245451	-0.24222	-0.210326	-0.228135	-0.201646	-0.215974	-0.256767	-0.238216	-0.237334	-0.271622	-0.204213	-0.223048	-0.24775	-0.201239	-0.241744	-0.226511	-0.219057	-0.257088	-0.220478	-0.189293	-0.220535	-0.251699	-0.237581	-0.25151	-0.250008	-0.233492	-0.213846	-0.249914	-0.250494	-0.25646	-0.240967	-0.249622	-0.249448	-0.237273	-0.236077	-0.217396	-0.236383	-0.252863	-0.220864	-0.269597	-0.237717	-0.242547	-0.22505	-0.137734	-0.203805	-0.2326	-0.228116	-0.181687	-0.219963	-0.241229	-0.181557	-0.22784	-0.28009	-0.194681	-0.240898	-0.26605	-0.213706	-0.225612	-0.222166	-0.240876	-0.206933	-0.196144	-0.240601	-0.247434	-0.230636	-0.26605	-0.231108	-0.200073	-0.128334	-0.210478	-0.246447	-0.202053	-0.241826	-0.217014	-0.182679	-0.241826	-0.201313	-0.281206	-0.268446	-0.223542	-0.201313	-0.212967	-0.165665	-0.246447	-0.148908	-0.259699	-0.249483	-0.218437	-0.206933	-0.197942	-0.236338	-0.237295	-0.20083	-0.150736	-0.271846	-0.292136	-0.27814	-0.223196	-0.233708	-0.187339	-0.257197	-0.177924	-0.188353	-0.182679	-0.226161	-0.258931	-0.239829	-0.247693	-0.266275	-0.233511	-0.244831	-0.224554	-0.268224	-0.163764	-0.19352	-0.233708	-0.132479	-0.216148	-0.187339	-0.182328	-0.124731	-0.196144	-0.201313	-0.204437	-0.264905	-0.224554	-0.264905	-0.235403	-0.225612	-0.239829	-0.246415	-0.258931	-0.241074	-0.237721	-0.233708	-0.266275	-0.232804	-0.239745	-0.235403	-0.194328	-0.194328	-0.242895	-0.251775	-0.211311	-0.209123	-0.239745	-0.259699	-0.253397	-0.206933	-0.231397	-0.23165	-0.132479	-0.233708	-0.222088	-0.177872	-0.31214	-0.241826	-0.258241	-0.197942	-0.281206	-0.257297	-0.201313	-0.220862	-0.247644	-0.266376	-0.177875	-0.242563	-0.253222	-0.239498	-0.211183	-0.23952	-0.221685	-0.217134	-0.236384	-0.229029	-0.168544	-0.243638	-0.256878	-0.233898	-0.273083	-0.26605	-0.202003	-0.211311	-0.254503	-0.190303	-0.26605	-0.250001	-0.199821	-0.168544	-0.177872	-0.182679	-0.254503	-0.26353	-0.198247	-0.211311	-0.290634	-0.174951	-0.246447	-0.19352	-0.285127	-0.246881	-0.25019	-0.20083	-0.266376	-0.187848	-0.290634	-0.26826	-0.230636	-0.246447	-0.229029	-0.247238	-0.249483	-0.222166	-0.248941	-0.285127	-0.254458	-0.231108	-0.254022	-0.196144	-0.181194	-0.189781	-0.258652	-0.291549	-0.268224	-0.259479	-0.259479	-0.132479	-0.245012	-0.268224	-0.246415	-0.259699	-0.237911	-0.241735	-0.25176	-0.212967	-0.227321	-0.26826	-0.222347	-0.185906	-0.241735	-0.222166	-0.222166	-0.17181	-0.246415	-0.242939	-0.239485	-0.224778	-0.276988	-0.276988	-0.257994	-0.204047	-0.200073	-0.224726	-0.217134
5000	intercept	0.342596	0.335018	0.323719	0.36055	0.319842	0.319499	0.351464	0.319755	0.330095	0.307891	0.326815	0.365695	0.303141	0.343255	0.357731	0.307357	0.346097	0.313514	0.328117	0.310272	0.376587	0.338357	0.337875	0.359437	0.367367	0.375777	0.329597	0.332084	0.331088	0.319741	0.319348	0.339369	0.315339	0.336914	0.319054	0.344937	0.307265	0.292424	0.339719	0.294421	0.353891	0.338153	0.323732	0.328547	0.331659	0.359751	0.303547	0.324389	0.347574	0.344909	0.303479	0.31896	0.353933	0.308494	0.322459	0.297278	0.339705	0.377598	0.311791	0.335263	0.318594	0.359509	0.295258	0.333637	0.305179	0.337056	0.355407	0.326	0.349188	0.333353	0.328019	0.313263	0.342489	0.328953	0.359463	0.285341	0.319102	0.347847	0.342451	0.327617	0.342299	0.32787	0.331247	0.315669	0.324012	0.31605	0.281543	0.313761	0.304685	0.335878	0.328394	0.351004	0.339369	0.315102	0.314488	0.326589	0.334528	0.324102	0.310771	0.345102	0.341743	0.329458	0.323491	0.342883	0.295741	0.347986	0.302779	0.330144	0.339893	0.340233	0.314831	0.338787	0.354199	0.316554	0.310574	0.324163	0.318814	0.311117	0.326774	0.344517	0.319824	0.329915	0.335876	0.333809	0.356218	0.329157	0.343703	0.349833	0.313616	0.283212	0.343639	0.337095	0.293119	0.343066	0.356904	0.324579	0.349163	0.356606	0.335713	0.357648	0.344034	0.320748	0.341655	0.327319	0.301234	0.357729	0.31526	0.303461	0.29776	0.319098	0.309832	0.335569	0.341264	0.341475	0.339802	0.332753	0.306419	0.328198	0.305511	0.318614	0.359448	0.324441	0.336452	0.351206	0.371394	0.305735	0.362872	0.336611	0.326892	0.33669	0.342574	0.336237	0.332707	0.339016	0.318703	0.344088	0.342385	0.346605	0.333267	0.321128	0.31373	0.3473	0.320718	0.320578	0.337148	0.350173	0.382703	0.353882	0.318937	0.289236	0.317516	0.331943	0.325747	0.304177	0.323809	0.325737	0.304052	0.354102	0.34009	0.341162	0.351192	0.319874	0.331768	0.311365	0.343126	0.335021	0.289098	0.301927	0.289231	0.298533	0.331531	0.319874	0.341829	0.365685	0.334214	0.286219	0.353109	0.315768	0.322221	0.366312	0.309301	0.322221	0.306058	0.331856	0.333114	0.349807	0.309301	0.308604	0.282004	0.353109	0.273145	0.342795	0.317104	0.307893	0.289098	0.354275	0.295126	0.344897	0.377325	0.297573	0.326835	0.33722	0.330816	0.310557	0.318953	0.290884	0.360984	0.262257	0.368056	0.309301	0.364748	0.319874	0.363456	0.343444	0.363159	0.326024	0.296268	0.379173	0.317755	0.31265	0.287329	0.318953	0.278833	0.274441	0.290884	0.347439	0.278833	0.293858	0.309301	0.332773	0.335021	0.374971	0.335021	0.333727	0.311365	0.360984	0.301878	0.319874	0.335021	0.354867	0.327622	0.372063	0.312639	0.367374	0.333727	0.377978	0.377978	0.360984	0.33748	0.328494	0.329188	0.370761	0.326097	0.361788	0.289098	0.31482	0.262169	0.278833	0.299707	0.33623	0.322921	0.35413	0.322383	0.360814	0.354275	0.331856	0.337538	0.309301	0.330579	0.342687	0.325267	0.287329	0.311364	0.357688	0.325077	0.354867	0.348717	0.336145	0.308604	0.328319	0.298533	0.333046	0.360984	0.333114	0.311515	0.328463	0.319874	0.309301	0.326085	0.321894	0.364744	0.319874	0.309368	0.311223	0.333046	0.327744	0.309301	0.321894	0.33748	0.318454	0.326085	0.364586	0.295955	0.353109	0.287329	0.325267	0.325912	0.34287	0.377325	0.336124	0.368056	0.364586	0.337263	0.329271	0.356929	0.333097	0.336981	0.321324	0.343126	0.301273	0.325267	0.378493	0.341829	0.298629	0.315768	0.36209	0.334711	0.320425	0.360557	0.32476	0.343203	0.341426	0.278833	0.319217	0.317755	0.301878	0.343012	0.330703	0.329035	0.335021	0.308604	0.330703	0.337263	0.325182	0.28627	0.329035	0.343126	0.343126	0.336865	0.292303	0.329461	0.343444	0.361783	0.348251	0.348251	0.319874	0.31008	0.365685	0.329271	0.308604
6000	slope	-0.245368	-0.23698	-0.220886	-0.269114	-0.267651	-0.251352	-0.237181	-0.230284	-0.235029	-0.21229	-0.240454	-0.259142	-0.22607	-0.233079	-0.258113	-0.26968	-0.23755	-0.236184	-0.264286	-0.232847	-0.219283	-0.238675	-0.246987	-0.259882	-0.241425	-0.264441	-0.218088	-0.257055	-0.237616	-0.190048	-0.266428	-0.245371	-0.253778	-0.276598	-0.228538	-0.251315	-0.228363	-0.253029	-0.239687	-0.262472	-0.208357	-0.233878	-0.265395	-0.256045	-0.216376	-0.265167	-0.24866	-0.280397	-0.222898	-0.260162	-0.239396	-0.244172	-0.232844	-0.235271	-0.236624	-0.263342	-0.21604	-0.22738	-0.218849	-0.250132	-0.236777	-0.237289	-0.241955	-0.275132	-0.202945	-0.236511	-0.258193	-0.200824	-0.239915	-0.243067	-0.230028	-0.281678	-0.224785	-0.229999	-0.178021	-0.234248	-0.235458	-0.269474	-0.257174	-0.245142	-0.209354	-0.214123	-0.25422	-0.261868	-0.236619	-0.22576	-0.216161	-0.252242	-0.212999	-0.234135	-0.242661	-0.253339	-0.253247	-0.211039	-0.196909	-0.231401	-0.260132	-0.237856	-0.232964	-0.246213	-0.273182	-0.27079	-0.205432	-0.200197	-0.241191	-0.252686	-0.256607	-0.189608	-0.286951	-0.219251	-0.270142	-0.236985	-0.194199	-0.238126	-0.177013	-0.258197	-0.236337	-0.230975	-0.217397	-0.203027	-0.274226	-0.211393	-0.222348	-0.248477	-0.247475	-0.230903	-0.250146	-0.174128	-0.260046	-0.252893	-0.204906	-0.227048	-0.242144	-0.217373	-0.284405	-0.229343	-0.27181	-0.225002	-0.269467	-0.279249	-0.24531	-0.260499	-0.268763	-0.221394	-0.233968	-0.275253	-0.255496	-0.280502	-0.214628	-0.251238	-0.213499	-0.245142	-0.224391	-0.265467	-0.259946	-0.242638	-0.264071	-0.260006	-0.274482	-0.279466	-0.242831	-0.25485	-0.226226	-0.225806	-0.237801	-0.213354	-0.229276	-0.248942	-0.233597	-0.233801	-0.256969	-0.226646	-0.24408	-0.254478	-0.223884	-0.236678	-0.224221	-0.25482	-0.258751	-0.239944	-0.246847	-0.234773	-0.22607	-0.236139	-0.211605	-0.260672	-0.265626	-0.199113	-0.234987	-0.290467	-0.275091	-0.241209	-0.273292	-0.203213	-0.241201	-0.234443	-0.256481	-0.276297	-0.236022	-0.163678	-0.208868	-0.270288	-0.208868	-0.255192	-0.173987	-0.209453	-0.267373	-0.252839	-0.254803	-0.174614	-0.264767	-0.174614	-0.223455	-0.27838	-0.225716	-0.208868	-0.309486	-0.261569	-0.269468	-0.23917	-0.218406	-0.295521	-0.21927	-0.217418	-0.263995	-0.222684	-0.27973	-0.213836	-0.233621	-0.27464	-0.272359	-0.246634	-0.202442	-0.278169	-0.203448	-0.267249	-0.240786	-0.258196	-0.215062	-0.246935	-0.251917	-0.24666	-0.249148	-0.241247	-0.263995	-0.209157	-0.274424	-0.222963	-0.221017	-0.266597	-0.246182	-0.273465	-0.209157	-0.234925	-0.130756	-0.237654	-0.26876	-0.294556	-0.207672	-0.265482	-0.274247	-0.234735	-0.226491	-0.267249	-0.239271	-0.256826	-0.255192	-0.208868	-0.208868	-0.235479	-0.245229	-0.239149	-0.260942	-0.209057	-0.265482	-0.261981	-0.248837	-0.213836	-0.269291	-0.230304	-0.256983	-0.273465	-0.238781	-0.252578	-0.27181	-0.285654	-0.233921	-0.240786	-0.264241	-0.252575	-0.264509	-0.216585	-0.272345	-0.248399	-0.265172	-0.252839	-0.220784	-0.241901	-0.252312	-0.222394	-0.247871	-0.220049	-0.252764	-0.224856	-0.161813	-0.267249	-0.233243	-0.234925	-0.285714	-0.251467	-0.246423	-0.248837	-0.237654	-0.243719	-0.271226	-0.247821	-0.242656	-0.256336	-0.235931	-0.224843	-0.259261	-0.255028	-0.216898	-0.205158	-0.202442	-0.262303	-0.269291	-0.17696	-0.252608	-0.27216	-0.267373	-0.253949	-0.278464	-0.237888	-0.276549	-0.255192	-0.209374	-0.26533	-0.151291	-0.263411	-0.269291	-0.224665	-0.209057	-0.208868	-0.255028	-0.235931	-0.235157	-0.21927	-0.203792	-0.188177	-0.274424	-0.208868	-0.233585	-0.241247	-0.259839	-0.243711	-0.269291	-0.272333	-0.283448	-0.278169	-0.220432	-0.213266	-0.269291	-0.209453	-0.264241	-0.27181	-0.204532	-0.241247	-0.225376	-0.282929	-0.222394	-0.211108	-0.203792	-0.260942	-0.191454	-0.252839	-0.166359	-0.208892	-0.20984	-0.288667	-0.248837	-0.28242	-0.212689	-0.24507	-0.241425	-0.225822	-0.265273	-0.208868	-0.2617	-0.259839	-0.227403	-0.220049	-0.243916	-0.252839	-0.295521	-0.309661	-0.18681	-0.278464	-0.263411	-0.239331
6000	intercept	0.361632	0.33742	0.309429	0.335331	0.355379	0.341842	0.317889	0.338684	0.370613	0.350613	0.338684	0.355484	0.295842	0.313101	0.362629	0.38213	0.348185	0.298851	0.38742	0.352865	0.324204	0.302453	0.306064	0.354814	0.338916	0.350939	0.351972	0.34242	0.367469	0.338534	0.372587	0.344931	0.316027	0.37379	0.345207	0.32585	0.323871	0.327265	0.354618	0.310866	0.303155	0.312366	0.386384	0.366534	0.298056	0.338324	0.37962	0.318492	0.358278	0.362873	0.348789	0.340767	0.320295	0.307885	0.301465	0.362902	0.314951	0.34959	0.316452	0.347341	0.308222	0.319333	0.359167	0.360662	0.247743	0.299735	0.381628	0.324403	0.321236	0.352443	0.341556	0.340034	0.334744	0.359269	0.279701	0.29595	0.346153	0.383096	0.313613	0.351719	0.307309	0.32259	0.3192	0.320321	0.346395	0.345563	0.350589	0.342714	0.326356	0.383342	0.329341	0.36686	0.387666	0.294575	0.331612	0.331521	0.341635	0.330637	0.336841	0.390194	0.355338	0.371342	0.293561	0.331559	0.300225	0.389671	0.333414	0.335286	0.353851	0.323943	0.359538	0.351884	0.302479	0.376574	0.293379	0.322122	0.35286	0.334515	0.365079	0.317965	0.323019	0.326724	0.280209	0.363021	0.337796	0.314412	0.319427	0.343361	0.351845	0.36095	0.329869	0.334676	0.352893	0.330839	0.3556	0.342648	0.386112	0.332916	0.348472	0.350105	0.360858	0.316387	0.3957	0.358139	0.318341	0.348429	0.348874	0.353842	0.311888	0.397425	0.304839	0.351719	0.327131	0.387471	0.34993	0.342503	0.374951	0.363604	0.356698	0.337113	0.349641	0.305348	0.321899	0.332464	0.366716	0.338795	0.359768	0.355476	0.352865	0.328938	0.340258	0.362802	0.32007	0.33536	0.343988	0.30671	0.353161	0.342521	0.328141	0.336114	0.340545	0.324054	0.293351	0.351898	0.336505	0.30552	0.393851	0.352523	0.316656	0.319187	0.324211	0.332255	0.353239	0.354439	0.360847	0.355613	0.325525	0.362957	0.304036	0.288508	0.351171	0.313544	0.351303	0.392974	0.335189	0.328409	0.336607	0.346245	0.297595	0.314372	0.382779	0.307812	0.350006	0.386821	0.285523	0.351303	0.32531	0.363025	0.323818	0.314532	0.336108	0.333047	0.323138	0.320595	0.386983	0.315875	0.367381	0.351171	0.340408	0.308369	0.38213	0.327513	0.285497	0.367962	0.277264	0.294612	0.367778	0.346603	0.267755	0.376098	0.320306	0.305931	0.382779	0.285206	0.386983	0.328694	0.360309	0.318898	0.321818	0.317409	0.337616	0.389313	0.327899	0.29524	0.269931	0.368313	0.382779	0.367962	0.313612	0.386821	0.367427	0.302276	0.342337	0.313544	0.376098	0.373016	0.391846	0.34308	0.363834	0.30312	0.324108	0.32024	0.424067	0.363834	0.386821	0.39383	0.359899	0.351171	0.337171	0.282062	0.343016	0.3802	0.287844	0.363025	0.377694	0.333047	0.365106	0.367778	0.385515	0.337616	0.33541	0.273505	0.332347	0.297009	0.367962	0.346245	0.302276	0.366041	0.321275	0.388693	0.375422	0.334756	0.413664	0.367381	0.336511	0.313544	0.346557	0.29524	0.357952	0.391846	0.394989	0.357391	0.353961	0.344842	0.382779	0.315421	0.346346	0.320659	0.371754	0.334692	0.426285	0.383485	0.354404	0.324534	0.274015	0.3197	0.337171	0.312669	0.364037	0.272876	0.336607	0.333643	0.338078	0.35147	0.322789	0.391846	0.326236	0.290068	0.328948	0.360716	0.337171	0.344073	0.363834	0.351171	0.383485	0.371754	0.371754	0.323138	0.349507	0.313235	0.379998	0.363834	0.282062	0.308477	0.337473	0.305931	0.34916	0.390826	0.308214	0.367962	0.350224	0.329171	0.34916	0.322938	0.375658	0.383926	0.366471	0.312197	0.295072	0.367962	0.388693	0.29561	0.349507	0.424067	0.328409	0.346245	0.329019	0.302276	0.275517	0.366665	0.359899	0.332117	0.3494	0.320659	0.343163	0.365411	0.319002	0.332223	0.400398	0.337473	0.343625	0.334756	0.335159	0.346245	0.333047	0.332117	0.312669	0.334818	0.341179	0.344842
7000	slope	-0.235015	-0.250056	-0.279484	-0.228805	-0.243694	-0.264954	-0.226333	-0.235414	-0.235694	-0.242295	-0.243117	-0.269167	-0.263934	-0.242542	-0.224525	-0.264652	-0.253501	-0.244885	-0.256546	-0.257806	-0.235427	-0.253917	-0.234741	-0.245381	-0.25548	-0.239962	-0.266854	-0.209269	-0.229257	-0.221515	-0.271388	-0.276855	-0.270401	-0.253178	-0.261808	-0.272784	-0.26578	-0.235544	-0.244711	-0.273333	-0.237374	-0.277158	-0.258917	-0.258697	-0.25394	-0.245728	-0.23991	-0.232628	-0.203197	-0.253572	-0.215413	-0.253501	-0.275745	-0.25685	-0.246218	-0.226434	-0.226941	-0.248166	-0.250706	-0.241953	-0.294575	-0.232831	-0.241821	-0.290602	-0.260659	-0.234961	-0.263762	-0.25284	-0.241906	-0.257728	-0.280523	-0.250643	-0.235099	-0.236874	-0.245672	-0.243477	-0.223584	-0.260753	-0.235087	-0.248699	-0.272621	-0.244655	-0.257418	-0.20839	-0.263188	-0.217403	-0.237666	-0.246689	-0.235374	-0.262836	-0.239615	-0.277939	-0.211666	-0.265155	-0.245082	-0.231591	-0.251353	-0.289519	-0.232614	-0.28392	-0.247117	-0.271715	-0.257087	-0.261033	-0.247222	-0.231639	-0.254752	-0.293352	-0.253676	-0.214867	-0.245602	-0.223058	-0.238675	-0.256433	-0.26028	-0.27835	-0.211514	-0.213416	-0.255601	-0.251834	-0.254509	-0.274003	-0.272543	-0.270376	-0.253591	-0.276888	-0.257222	-0.244696	-0.240628	-0.251739	-0.269768	-0.23999	-0.263372	-0.246795	-0.248752	-0.269408	-0.253049	-0.249326	-0.27361	-0.230331	-0.242324	-0.274663	-0.259066	-0.287882	-0.233382	-0.27569	-0.255128	-0.276927	-0.253621	-0.262836	-0.267097	-0.271472	-0.252207	-0.286206	-0.261692	-0.260664	-0.263532	-0.235528	-0.231082	-0.279558	-0.248153	-0.269393	-0.260471	-0.243729	-0.265473	-0.220322	-0.242708	-0.279511	-0.227014	-0.249081	-0.203197	-0.211893	-0.240623	-0.20549	-0.238574	-0.240343	-0.209301	-0.262929	-0.269168	-0.240623	-0.234253	-0.262091	-0.271615	-0.255612	-0.233143	-0.240032	-0.213171	-0.268916	-0.235094	-0.246579	-0.253025	-0.232001	-0.250308	-0.27561	-0.220666	-0.251115	-0.208027	-0.263513	-0.241867	-0.236678	-0.25855	-0.24562	-0.243955	-0.25503	-0.271364	-0.235875	-0.255521	-0.254552	-0.234579	-0.21683	-0.255521	-0.184031	-0.247328	-0.261679	-0.254552	-0.237672	-0.257725	-0.261079	-0.243722	-0.293129	-0.259892	-0.223113	-0.310045	-0.238821	-0.247252	-0.247799	-0.269278	-0.271123	-0.232421	-0.223527	-0.268795	-0.248135	-0.204047	-0.297286	-0.259573	-0.245586	-0.26352	-0.248823	-0.194296	-0.259573	-0.250762	-0.264021	-0.255521	-0.214582	-0.234882	-0.259161	-0.229173	-0.288012	-0.249399	-0.259161	-0.255521	-0.237366	-0.255521	-0.237003	-0.184031	-0.250762	-0.259414	-0.205453	-0.303135	-0.249399	-0.258255	-0.264705	-0.235265	-0.217403	-0.234201	-0.279076	-0.22514	-0.225495	-0.23387	-0.211666	-0.260983	-0.189213	-0.296114	-0.277698	-0.26352	-0.243515	-0.277148	-0.263627	-0.272344	-0.254412	-0.237003	-0.251323	-0.281985	-0.247799	-0.214525	-0.245586	-0.220965	-0.249625	-0.278083	-0.226774	-0.251986	-0.277148	-0.299653	-0.239988	-0.259474	-0.207281	-0.263268	-0.255521	-0.234579	-0.290033	-0.257725	-0.265984	-0.211666	-0.25879	-0.26352	-0.246658	-0.262376	-0.246309	-0.24503	-0.237672	-0.237366	-0.21599	-0.202277	-0.296342	-0.263268	-0.317748	-0.245586	-0.25072	-0.187114	-0.246394	-0.259892	-0.24907	-0.266901	-0.272513	-0.266506	-0.277833	-0.250762	-0.259573	-0.217403	-0.21599	-0.250721	-0.217034	-0.271887	-0.250762	-0.25072	-0.245809	-0.248135	-0.297286	-0.206962	-0.242387	-0.217403	-0.302713	-0.277148	-0.256724	-0.263627	-0.24562	-0.171583	-0.260784	-0.264023	-0.246658	-0.180063	-0.24052	-0.244405	-0.292735	-0.214593	-0.247069	-0.24562	-0.205068	-0.24562	-0.218475	-0.213507	-0.198196	-0.277148	-0.196304	-0.237003	-0.271364	-0.264023	-0.257798	-0.248823	-0.277148	-0.264705	-0.266498	-0.25072	-0.226774	-0.297286	-0.204253	-0.219483	-0.230527	-0.211666	-0.291157	-0.291615	-0.247799	-0.279893	-0.271364	-0.254393	-0.25855	-0.258255	-0.247252	-0.262819	-0.240819	-0.206528	-0.291768	-0.255521	-0.294886	-0.246658	-0.218475	-0.212118	-0.276758	-0.297286	-0.22995
7000	intercept	0.35143	0.354602	0.331822	0.33972	0.348485	0.318906	0.304959	0.350137	0.309353	0.382759	0.341621	0.370118	0.365785	0.369955	0.317249	0.331903	0.337961	0.375989	0.365942	0.386765	0.341615	0.339254	0.334115	0.356644	0.384314	0.324443	0.340076	0.364916	0.361232	0.331853	0.394293	0.384791	0.38765	0.371202	0.342363	0.334747	0.339059	0.360022	0.360299	0.370131	0.325598	0.374784	0.355154	0.336291	0.319585	0.363123	0.369789	0.352432	0.316727	0.360263	0.34913	0.336903	0.370684	0.349225	0.322388	0.323784	0.340409	0.389185	0.34929	0.400926	0.372248	0.315003	0.360907	0.383238	0.325019	0.330665	0.362521	0.386634	0.31624	0.354139	0.386933	0.401528	0.366377	0.359587	0.325772	0.42384	0.328058	0.36626	0.31895	0.347429	0.347126	0.359814	0.365672	0.321137	0.346852	0.379633	0.37659	0.329016	0.349468	0.378013	0.353777	0.327208	0.317673	0.309952	0.348987	0.347671	0.418728	0.353419	0.388212	0.369225	0.392289	0.351739	0.360885	0.375465	0.34437	0.33823	0.346766	0.350089	0.36303	0.318328	0.368777	0.266147	0.352046	0.301255	0.315195	0.363913	0.318053	0.316613	0.359809	0.383901	0.335573	0.375435	0.397949	0.344641	0.373639	0.384751	0.352614	0.393758	0.355932	0.328963	0.364717	0.294348	0.360228	0.337527	0.312262	0.394145	0.325776	0.368846	0.325879	0.335086	0.320912	0.381191	0.335009	0.363655	0.321379	0.370003	0.35784	0.351939	0.345722	0.372018	0.3332	0.393161	0.307571	0.33455	0.334303	0.408861	0.385937	0.309425	0.3276	0.373396	0.378714	0.387036	0.327559	0.300278	0.34085	0.324883	0.377491	0.361186	0.370657	0.366175	0.32311	0.327969	0.366458	0.299089	0.31574	0.346538	0.344601	0.339526	0.380648	0.327988	0.317993	0.345269	0.406607	0.309879	0.289316	0.407035	0.308381	0.354506	0.335821	0.341374	0.376695	0.327214	0.357751	0.339286	0.325295	0.41051	0.306921	0.361089	0.339292	0.340626	0.424951	0.349466	0.385076	0.374144	0.436475	0.287752	0.431917	0.395683	0.344588	0.317673	0.432204	0.327281	0.309521	0.372422	0.395683	0.335489	0.461847	0.389152	0.305488	0.363612	0.334396	0.345284	0.348728	0.367224	0.414521	0.419087	0.363809	0.392771	0.301567	0.338913	0.401624	0.328043	0.346729	0.365787	0.417699	0.388173	0.385956	0.370306	0.328425	0.417699	0.351147	0.354114	0.435365	0.317673	0.334642	0.37803	0.319437	0.41635	0.295911	0.37803	0.432204	0.349489	0.434629	0.314994	0.327281	0.389599	0.351014	0.367224	0.325644	0.295911	0.346134	0.377008	0.339578	0.379633	0.384529	0.337069	0.312169	0.313595	0.374144	0.317673	0.373427	0.293494	0.298468	0.328625	0.385956	0.398488	0.346487	0.329724	0.290881	0.33904	0.314994	0.344727	0.344712	0.419087	0.303203	0.388173	0.356751	0.314656	0.385956	0.312169	0.468843	0.338986	0.331278	0.428745	0.361685	0.286278	0.387882	0.432204	0.344588	0.304199	0.445973	0.356131	0.317673	0.273136	0.385956	0.356768	0.364949	0.340592	0.317441	0.335489	0.349263	0.334642	0.286278	0.330889	0.386089	0.331754	0.388173	0.385084	0.327281	0.362244	0.334396	0.329724	0.278878	0.317373	0.348276	0.41635	0.391364	0.409088	0.379633	0.334642	0.327754	0.441876	0.363809	0.370978	0.396139	0.332657	0.317756	0.376812	0.311903	0.36994	0.379633	0.387598	0.342699	0.374144	0.329724	0.344727	0.342465	0.401624	0.392771	0.356768	0.327281	0.315613	0.329724	0.280403	0.339578	0.329141	0.351229	0.326304	0.352646	0.302898	0.324339	0.328425	0.344842	0.307035	0.332565	0.424309	0.392771	0.296974	0.354424	0.338986	0.43316	0.375669	0.386089	0.303266	0.365787	0.328242	0.362309	0.315142	0.317673	0.376812	0.330944	0.419087	0.298957	0.432204	0.364775	0.424951	0.355209	0.414521	0.348035	0.415751	0.303203	0.344708	0.413371	0.402107	0.356768	0.330611	0.345284	0.36449	0.365787	0.260499
8000	slope	-0.250243	-0.254477	-0.307294	-0.273966	-0.265279	-0.283151	-0.273458	-0.23013	-0.29618	-0.266307	-0.242612	-0.277653	-0.296711	-0.287639	-0.287146	-0.280105	-0.258431	-0.29899	-0.24622	-0.310946	-0.244949	-0.244774	-0.25338	-0.24536	-0.304951	-0.266281	-0.287833	-0.263859	-0.283333	-0.283764	-0.235904	-0.292367	-0.237059	-0.243668	-0.292262	-0.2699	-0.253112	-0.242292	-0.23567	-0.322498	-0.269613	-0.302392	-0.276783	-0.232063	-0.242251	-0.252567	-0.287857	-0.255787	-0.28122	-0.246443	-0.260312	-0.278678	-0.244859	-0.223008	-0.286942	-0.237178	-0.266759	-0.249762	-0.261901	-0.239903	-0.300816	-0.260944	-0.264171	-0.26624	-0.271214	-0.267563	-0.245146	-0.270428	-0.292953	-0.282802	-0.23473	-0.256903	-0.280927	-0.249502	-0.251984	-0.292539	-0.308189	-0.277205	-0.254661	-0.280709	-0.305179	-0.286132	-0.277452	-0.281656	-0.292577	-0.269081	-0.26067	-0.220584	-0.249023	-0.317891	-0.233259	-0.259577	-0.239089	-0.259607	-0.280435	-0.249973	-0.261019	-0.291938	-0.269076	-0.309199	-0.261788	-0.266295	-0.235938	-0.288887	-0.266863	-0.258846	-0.307009	-0.280614	-0.245299	-0.260626	-0.273573	-0.264701	-0.264238	-0.269027	-0.251538	-0.276788	-0.282852	-0.251429	-0.258643	-0.259208	-0.293238	-0.26313	-0.247998	-0.286826	-0.259496	-0.231273	-0.260823	-0.300163	-0.303595	-0.297411	-0.253245	-0.287763	-0.317706	-0.299663	-0.246752	-0.23377	-0.28735	-0.247402	-0.271641	-0.27788	-0.285811	-0.258792	-0.301389	-0.262421	-0.287027	-0.274272	-0.28058	-0.284805	-0.265279	-0.260953	-0.282252	-0.285933	-0.255283	-0.25217	-0.240893	-0.247477	-0.268766	-0.298499	-0.264853	-0.284343	-0.26759	-0.229539	-0.244191	-0.27562	-0.249755	-0.276935	-0.293092	-0.254409	-0.250685	-0.298888	-0.261949	-0.290243	-0.26569	-0.209358	-0.23812	-0.286611	-0.274329	-0.245018	-0.283792	-0.286686	-0.264693	-0.269076	-0.256674	-0.263434	-0.303089	-0.263944	-0.281317	-0.280219	-0.301477	-0.250428	-0.239141	-0.287919	-0.237612	-0.264273	-0.251145	-0.247396	-0.204962	-0.280415	-0.264701	-0.260334	-0.254721	-0.268742	-0.300962	-0.262152	-0.270037	-0.25854	-0.289226	-0.30025	-0.229167	-0.277791	-0.31475	-0.289226	-0.289226	-0.242246	-0.259397	-0.258566	-0.282046	-0.223901	-0.247072	-0.25854	-0.324852	-0.258603	-0.250413	-0.234769	-0.28992	-0.26998	-0.304415	-0.246407	-0.309337	-0.23703	-0.234584	-0.253913	-0.242038	-0.286161	-0.247072	-0.245527	-0.247072	-0.274161	-0.268742	-0.286161	-0.29246	-0.247072	-0.249495	-0.253009	-0.247072	-0.264106	-0.247072	-0.239709	-0.270971	-0.240449	-0.317749	-0.263618	-0.266733	-0.254298	-0.274714	-0.289302	-0.257514	-0.266365	-0.2753	-0.247072	-0.272245	-0.287508	-0.228066	-0.232195	-0.276355	-0.220057	-0.281452	-0.274513	-0.245527	-0.246407	-0.248937	-0.282232	-0.286161	-0.29246	-0.277476	-0.222019	-0.245084	-0.268742	-0.268701	-0.247072	-0.239822	-0.260218	-0.268089	-0.291019	-0.256267	-0.29246	-0.251751	-0.296502	-0.247072	-0.324388	-0.324866	-0.270971	-0.239822	-0.266733	-0.281949	-0.234769	-0.247072	-0.229167	-0.259028	-0.255517	-0.325869	-0.254721	-0.323917	-0.256267	-0.258603	-0.288653	-0.266733	-0.29246	-0.298339	-0.216848	-0.245084	-0.241038	-0.266733	-0.261411	-0.306531	-0.277151	-0.275601	-0.262054	-0.229094	-0.330039	-0.266733	-0.222701	-0.277727	-0.277151	-0.29246	-0.253296	-0.286161	-0.258603	-0.29246	-0.249495	-0.31475	-0.281949	-0.233062	-0.303627	-0.256902	-0.243503	-0.240402	-0.243657	-0.318085	-0.266448	-0.288648	-0.277476	-0.289151	-0.251818	-0.329534	-0.309403	-0.263618	-0.32553	-0.229091	-0.296502	-0.301584	-0.281464	-0.243503	-0.279482	-0.26841	-0.256004	-0.228066	-0.246357	-0.253047	-0.276355	-0.324388	-0.290378	-0.275556	-0.237612	-0.21613	-0.323907	-0.280411	-0.309337	-0.251818	-0.235243	-0.261411	-0.254209	-0.242063	-0.229167	-0.286161	-0.263618	-0.28992	-0.21613	-0.289508	-0.229167	-0.220361	-0.291812	-0.237612	-0.286161	-0.304962	-0.29246	-0.296502	-0.261553	-0.220057	-0.229167	-0.262075	-0.232515	-0.228644	-0.277476	-0.283546	-0.247072	-0.254298	-0.286161	-0.268742	-0.241693
8000	intercept	0.350701	0.4017	0.382065	0.378919	0.376389	0.384326	0.363089	0.372324	0.370117	0.374905	0.332488	0.360213	0.360843	0.388119	0.374817	0.369035	0.351256	0.391393	0.343607	0.359463	0.343378	0.367591	0.384346	0.376075	0.390084	0.386887	0.361565	0.38882	0.384034	0.381193	0.364	0.377543	0.350282	0.370328	0.359767	0.39107	0.323061	0.348552	0.374488	0.395122	0.379356	0.392095	0.37253	0.383582	0.340603	0.383525	0.388369	0.365984	0.375129	0.307337	0.389297	0.368755	0.376978	0.326793	0.373324	0.36578	0.349098	0.332779	0.367651	0.394383	0.413616	0.382373	0.349477	0.322547	0.375539	0.378638	0.363838	0.37401	0.384778	0.337398	0.314902	0.374422	0.374633	0.363412	0.397352	0.384873	0.375737	0.364421	0.365022	0.365101	0.361842	0.361217	0.392537	0.395555	0.376626	0.34923	0.39125	0.306747	0.317755	0.379886	0.361812	0.393154	0.361186	0.381641	0.387247	0.346953	0.380941	0.388657	0.385272	0.361443	0.364285	0.317551	0.363808	0.365574	0.365316	0.388588	0.379828	0.380406	0.330554	0.375115	0.374414	0.342025	0.373048	0.358321	0.389098	0.367211	0.350753	0.373458	0.334959	0.379137	0.373483	0.392393	0.386063	0.38526	0.37593	0.367166	0.388774	0.378445	0.38382	0.395436	0.398299	0.379915	0.359088	0.388166	0.352968	0.36883	0.345159	0.369926	0.395363	0.351911	0.377769	0.361974	0.358068	0.366231	0.385642	0.36784	0.391861	0.388414	0.369021	0.318021	0.376927	0.385202	0.340158	0.370555	0.360675	0.362925	0.387413	0.360843	0.372828	0.377505	0.379745	0.343496	0.346865	0.379322	0.36456	0.355759	0.383549	0.369745	0.377649	0.390834	0.337605	0.378249	0.333696	0.370199	0.373112	0.367655	0.406663	0.360981	0.382059	0.373453	0.353947	0.395903	0.397759	0.308611	0.347459	0.388469	0.392974	0.364286	0.40644	0.39108	0.341658	0.349799	0.333493	0.387968	0.36401	0.371958	0.349813	0.345932	0.334891	0.337498	0.373087	0.392345	0.339864	0.378016	0.406947	0.391254	0.367799	0.371203	0.341839	0.391271	0.371048	0.367799	0.367799	0.367799	0.367443	0.388855	0.356727	0.33416	0.390235	0.401184	0.379322	0.373087	0.396136	0.366765	0.36529	0.353391	0.374753	0.397805	0.395094	0.356845	0.349121	0.399141	0.352954	0.384678	0.38176	0.347737	0.390235	0.390169	0.392345	0.3816	0.385557	0.390235	0.321131	0.344219	0.399456	0.378016	0.381079	0.278476	0.399687	0.280086	0.385049	0.349564	0.358609	0.373087	0.377628	0.349308	0.333714	0.371632	0.348536	0.399456	0.364945	0.381521	0.288421	0.380128	0.370199	0.368571	0.394994	0.343964	0.347737	0.397805	0.330662	0.391433	0.384678	0.381822	0.401399	0.339991	0.388054	0.392345	0.405241	0.390235	0.376838	0.343307	0.390235	0.353489	0.30723	0.376396	0.380111	0.364557	0.393864	0.363071	0.382275	0.399687	0.376838	0.363628	0.371651	0.388002	0.390235	0.346767	0.390856	0.36917	0.398276	0.373087	0.37629	0.30723	0.373087	0.284719	0.358609	0.376396	0.367799	0.3037	0.393963	0.370376	0.358609	0.335122	0.356727	0.406431	0.360054	0.400589	0.373446	0.375857	0.348838	0.344023	0.400589	0.405963	0.376396	0.369536	0.3816	0.373087	0.392162	0.333714	0.37707	0.380407	0.394865	0.374753	0.375053	0.380211	0.356693	0.374531	0.425977	0.356469	0.413869	0.406701	0.377381	0.382214	0.395158	0.337017	0.349564	0.382275	0.33102	0.364557	0.348591	0.325334	0.380211	0.38283	0.377628	0.394995	0.299826	0.388625	0.37518	0.370199	0.363071	0.371115	0.388635	0.335452	0.299826	0.425977	0.38283	0.385709	0.379095	0.359169	0.335122	0.375053	0.374497	0.346767	0.3816	0.349564	0.36529	0.299826	0.390418	0.349886	0.380128	0.345174	0.335452	0.376565	0.369279	0.381822	0.364557	0.407128	0.368571	0.341839	0.352281	0.394865	0.38485	0.394994	0.401255	0.382014	0.343215	0.384678	0.392345	0.368571
9000	slope	-0.26521	-0.277217	-0.27526	-0.272597	-0.25365	-0.232643	-0.262524	-0.2654	-0.30769	-0.249719	-0.272066	-0.318781	-0.315685	-0.221796	-0.294039	-0.265694	-0.251704	-0.297274	-0.292782	-0.27682	-0.292984	-0.266797	-0.284305	-0.259481	-0.273855	-0.285623	-0.304374	-0.282405	-0.304977	-0.256358	-0.242352	-0.270281	-0.257384	-0.212134	-0.26761	-0.282574	-0.276954	-0.268023	-0.267098	-0.312193	-0.203598	-0.279704	-0.310753	-0.289576	-0.266886	-0.319252	-0.294156	-0.250292	-0.248011	-0.27323	-0.261491	-0.311862	-0.241418	-0.239966	-0.296772	-0.29455	-0.301536	-0.317403	-0.296082	-0.205765	-0.280216	-0.287646	-0.288633	-0.272679	-0.271011	-0.279528	-0.296068	-0.265323	-0.283398	-0.246981	-0.270023	-0.293338	-0.235887	-0.299211	-0.23096	-0.271962	-0.221796	-0.276714	-0.294027	-0.253116	-0.283531	-0.30346	-0.30429	-0.235699	-0.258907	-0.281118	-0.289515	-0.26147	-0.284939	-0.266231	-0.286144	-0.246051	-0.298321	-0.244706	-0.270289	-0.312789	-0.224666	-0.311448	-0.27005	-0.285775	-0.249386	-0.315147	-0.286067	-0.284617	-0.291581	-0.233982	-0.245986	-0.282665	-0.223549	-0.280093	-0.312857	-0.267143	-0.20353	-0.321723	-0.280364	-0.259685	-0.273633	-0.307086	-0.254537	-0.288997	-0.27584	-0.241653	-0.263752	-0.262191	-0.243703	-0.273594	-0.299206	-0.260838	-0.282221	-0.282887	-0.255818	-0.292356	-0.262818	-0.282154	-0.25886	-0.254876	-0.254223	-0.279856	-0.24079	-0.27047	-0.295009	-0.231862	-0.275445	-0.256377	-0.222781	-0.303659	-0.276652	-0.277807	-0.258781	-0.271225	-0.298421	-0.298407	-0.32676	-0.278337	-0.326839	-0.248789	-0.316596	-0.253259	-0.280268	-0.319423	-0.228721	-0.242144	-0.249433	-0.30661	-0.317674	-0.27169	-0.319416	-0.221841	-0.257803	-0.298109	-0.279153	-0.295818	-0.286241	-0.278389	-0.313161	-0.271524	-0.258686	-0.254876	-0.287626	-0.280487	-0.267116	-0.316888	-0.326703	-0.232042	-0.244674	-0.250788	-0.26238	-0.237701	-0.321787	-0.312038	-0.314441	-0.277656	-0.255525	-0.28318	-0.259593	-0.229139	-0.23374	-0.308295	-0.25343	-0.265577	-0.308212	-0.26498	-0.259712	-0.306962	-0.204593	-0.308212	-0.217612	-0.221021	-0.239643	-0.240447	-0.242969	-0.301163	-0.208703	-0.217612	-0.24379	-0.264353	-0.290834	-0.213561	-0.32897	-0.312913	-0.24875	-0.300841	-0.262598	-0.220896	-0.301163	-0.332935	-0.276167	-0.240827	-0.338463	-0.239643	-0.257327	-0.253275	-0.288351	-0.242626	-0.222892	-0.218289	-0.290387	-0.21924	-0.278557	-0.272631	-0.256282	-0.292833	-0.223147	-0.284369	-0.311341	-0.236166	-0.301163	-0.306591	-0.321124	-0.24875	-0.300368	-0.24097	-0.246147	-0.331552	-0.242969	-0.246789	-0.267316	-0.311341	-0.260634	-0.305618	-0.305766	-0.217612	-0.284189	-0.269356	-0.248133	-0.236982	-0.266955	-0.326562	-0.300368	-0.27749	-0.23946	-0.253469	-0.278557	-0.313295	-0.319633	-0.275583	-0.301163	-0.278557	-0.217612	-0.278557	-0.230344	-0.316621	-0.308212	-0.295479	-0.214904	-0.257327	-0.277423	-0.30694	-0.246113	-0.256282	-0.290356	-0.240049	-0.307993	-0.257615	-0.251349	-0.238096	-0.288396	-0.291103	-0.305618	-0.180976	-0.310391	-0.236982	-0.286062	-0.292415	-0.341498	-0.266645	-0.24875	-0.258205	-0.302908	-0.264353	-0.284755	-0.296612	-0.200051	-0.173766	-0.217612	-0.24875	-0.308033	-0.305618	-0.254609	-0.198694	-0.24366	-0.306553	-0.256282	-0.311673	-0.287158	-0.31721	-0.299189	-0.332935	-0.331552	-0.218589	-0.258205	-0.254609	-0.253469	-0.295903	-0.272108	-0.236605	-0.301163	-0.306553	-0.223188	-0.321124	-0.204593	-0.27749	-0.290834	-0.292388	-0.301163	-0.259712	-0.275307	-0.30545	-0.331552	-0.315992	-0.297051	-0.24765	-0.273213	-0.304972	-0.32897	-0.230173	-0.332935	-0.307374	-0.217612	-0.318212	-0.306962	-0.253275	-0.246113	-0.278557	-0.277972	-0.209644	-0.301375	-0.269356	-0.343246	-0.301163	-0.279691	-0.186176	-0.284325	-0.261522	-0.327782	-0.296897	-0.23174	-0.246065	-0.24765	-0.213561	-0.276004	-0.238263	-0.27754	-0.169858	-0.232311	-0.310391	-0.226125	-0.266955	-0.306591	-0.300368	-0.201376	-0.300368	-0.309674	-0.301163	-0.311673	-0.3362	-0.306553	-0.263855	-0.240345	-0.246965
9000	intercept	0.402171	0.372654	0.406771	0.348094	0.354978	0.340415	0.369114	0.319989	0.408361	0.347351	0.356365	0.393457	0.376822	0.366015	0.357049	0.359358	0.328076	0.381272	0.378525	0.328452	0.401767	0.309437	0.382544	0.328386	0.360957	0.383588	0.361388	0.409365	0.368722	0.389207	0.342891	0.35352	0.356612	0.35716	0.371617	0.352833	0.351946	0.342241	0.363394	0.393944	0.31235	0.38606	0.357737	0.352098	0.381007	0.376122	0.359733	0.357378	0.352269	0.33389	0.317507	0.364874	0.340607	0.363432	0.355445	0.393453	0.394595	0.421567	0.355176	0.31455	0.370003	0.346225	0.342984	0.355134	0.369421	0.343898	0.375638	0.365823	0.388609	0.358397	0.402808	0.344969	0.307079	0.373681	0.353621	0.346445	0.366015	0.357895	0.367574	0.364834	0.336643	0.366274	0.357707	0.367675	0.380103	0.352364	0.37151	0.339057	0.383947	0.365173	0.382977	0.321955	0.387941	0.36782	0.346978	0.360879	0.34548	0.39075	0.338137	0.353033	0.346249	0.372257	0.357122	0.369775	0.363574	0.363987	0.313603	0.374418	0.342567	0.350089	0.376503	0.366815	0.315299	0.401224	0.393152	0.362394	0.372672	0.368653	0.327672	0.366091	0.367927	0.326162	0.368874	0.345076	0.358532	0.358375	0.367696	0.324075	0.343147	0.36937	0.309297	0.401728	0.376483	0.36678	0.366794	0.396	0.319995	0.352551	0.323495	0.343882	0.381158	0.34609	0.360725	0.328764	0.346017	0.368019	0.345945	0.36557	0.326185	0.362978	0.356115	0.389701	0.373391	0.336616	0.385225	0.321433	0.394962	0.343042	0.364484	0.372195	0.349013	0.340121	0.36645	0.37717	0.380663	0.367344	0.354398	0.33722	0.340612	0.375788	0.388098	0.360726	0.361562	0.333587	0.392535	0.32967	0.33835	0.366467	0.349211	0.362289	0.34191	0.385457	0.377086	0.354952	0.355747	0.330503	0.342886	0.350502	0.373183	0.356484	0.395526	0.360352	0.37928	0.365314	0.345147	0.342976	0.335407	0.375704	0.347618	0.385576	0.369804	0.355442	0.33375	0.396492	0.373957	0.364682	0.292562	0.311391	0.337037	0.335213	0.35169	0.359875	0.292562	0.292562	0.335213	0.365596	0.361032	0.344413	0.39921	0.320372	0.363102	0.364808	0.375323	0.362102	0.37192	0.406106	0.357225	0.379279	0.366778	0.326917	0.321595	0.328147	0.395103	0.359405	0.3837	0.344413	0.380739	0.323761	0.370877	0.364447	0.36034	0.366532	0.305611	0.313208	0.415719	0.318076	0.37192	0.361266	0.396647	0.363102	0.364808	0.318076	0.335213	0.379707	0.35169	0.364327	0.373247	0.420926	0.406323	0.415087	0.401224	0.292562	0.375323	0.350507	0.357331	0.326384	0.330612	0.401224	0.36036	0.403086	0.350687	0.40301	0.379498	0.372503	0.381085	0.371125	0.362629	0.380078	0.292562	0.389035	0.268057	0.396492	0.369804	0.403961	0.346786	0.321595	0.387966	0.422548	0.399618	0.368779	0.349721	0.346459	0.347829	0.339788	0.321724	0.342249	0.361611	0.317128	0.415087	0.32385	0.37192	0.329337	0.393865	0.379262	0.366778	0.357434	0.363102	0.376616	0.379775	0.369846	0.366484	0.363217	0.303398	0.34685	0.292562	0.363102	0.374319	0.415087	0.291177	0.336246	0.334347	0.374815	0.36034	0.355219	0.364098	0.374025	0.37659	0.406106	0.379707	0.310217	0.376616	0.291177	0.391428	0.339907	0.393865	0.335213	0.384825	0.374815	0.325738	0.396647	0.369927	0.403086	0.357365	0.364808	0.37192	0.33375	0.367174	0.396492	0.379707	0.381623	0.426803	0.306021	0.367622	0.392706	0.383487	0.375412	0.406106	0.366659	0.292854	0.378634	0.396492	0.328147	0.399618	0.380078	0.3576	0.305611	0.364119	0.344054	0.401188	0.362629	0.310197	0.311514	0.334121	0.373247	0.385679	0.364119	0.307956	0.383163	0.322871	0.342972	0.346771	0.335452	0.33375	0.356499	0.322871	0.37192	0.332449	0.330612	0.361266	0.331367	0.357489	0.342018	0.381727	0.384825	0.355219	0.378701	0.364447	0.393457	0.291177	0.349261
10000	slope	-0.273595	-0.346349	-0.287856	-0.273808	-0.295236	-0.332584	-0.260112	-0.319301	-0.300769	-0.317676	-0.289183	-0.322372	-0.280987	-0.344567	-0.296909	-0.274718	-0.255429	-0.231199	-0.322748	-0.32049	-0.297286	-0.287418	-0.267776	-0.251124	-0.290543	-0.268996	-0.262245	-0.312599	-0.229189	-0.315614	-0.293957	-0.242726	-0.266614	-0.32772	-0.290877	-0.238117	-0.279898	-0.24154	-0.306101	-0.281517	-0.301841	-0.262124	-0.275638	-0.285013	-0.288549	-0.289626	-0.311516	-0.334189	-0.270821	-0.258863	-0.328062	-0.309699	-0.323453	-0.258303	-0.316347	-0.31599	-0.307554	-0.260565	-0.321337	-0.278235	-0.334045	-0.237485	-0.287912	-0.245176	-0.295735	-0.244242	-0.323241	-0.274152	-0.294891	-0.240575	-0.312354	-0.220714	-0.299963	-0.27757	-0.309723	-0.291456	-0.254996	-0.314393	-0.248418	-0.301902	-0.224899	-0.307882	-0.292685	-0.236246	-0.285133	-0.264693	-0.330129	-0.244205	-0.275536	-0.20681	-0.28127	-0.252387	-0.292984	-0.316593	-0.324181	-0.288681	-0.285346	-0.278572	-0.317431	-0.267412	-0.257263	-0.271473	-0.289596	-0.277396	-0.241445	-0.310767	-0.292499	-0.278277	-0.294645	-0.295755	-0.303193	-0.316104	-0.320936	-0.261734	-0.258732	-0.309013	-0.317926	-0.301438	-0.269524	-0.26798	-0.288873	-0.291294	-0.31098	-0.293443	-0.316987	-0.242925	-0.335961	-0.270496	-0.302044	-0.320845	-0.280905	-0.275856	-0.217421	-0.242824	-0.249825	-0.284828	-0.321281	-0.30246	-0.293485	-0.222383	-0.278621	-0.281562	-0.312619	-0.235582	-0.291303	-0.338492	-0.218121	-0.303036	-0.305295	-0.223933	-0.324755	-0.281161	-0.252302	-0.282472	-0.319058	-0.292879	-0.233687	-0.25604	-0.305128	-0.295295	-0.279583	-0.320663	-0.301244	-0.284884	-0.258629	-0.282921	-0.249968	-0.272561	-0.320966	-0.253691	-0.279879	-0.29856	-0.290533	-0.278668	-0.313698	-0.274778	-0.259986	-0.337186	-0.262241	-0.260653	-0.269627	-0.284006	-0.329717	-0.305217	-0.330606	-0.31059	-0.332109	-0.24856	-0.304668	-0.304955	-0.285247	-0.314069	-0.294878	-0.311969	-0.341384	-0.268145	-0.320663	-0.297242	-0.270908	-0.317912	-0.318446	-0.209491	-0.325357	-0.232625	-0.259556	-0.339809	-0.3097	-0.256456	-0.329516	-0.243887	-0.207318	-0.325357	-0.339809	-0.315764	-0.231382	-0.332201	-0.288892	-0.318446	-0.326792	-0.318446	-0.25737	-0.225699	-0.226494	-0.341519	-0.318446	-0.250178	-0.211446	-0.31474	-0.233975	-0.29748	-0.232625	-0.231935	-0.214255	-0.300953	-0.237288	-0.306451	-0.271445	-0.236675	-0.334105	-0.301345	-0.22571	-0.228417	-0.329516	-0.2552	-0.305508	-0.339418	-0.232625	-0.318446	-0.318446	-0.237288	-0.272306	-0.268658	-0.234673	-0.285049	-0.238709	-0.294917	-0.29748	-0.310984	-0.288892	-0.31474	-0.329915	-0.234673	-0.334937	-0.281831	-0.22571	-0.329915	-0.267583	-0.199567	-0.322784	-0.336499	-0.252147	-0.311309	-0.267026	-0.331305	-0.236249	-0.318446	-0.349931	-0.294647	-0.260321	-0.190546	-0.251171	-0.294027	-0.302905	-0.331741	-0.315581	-0.21213	-0.24544	-0.243887	-0.339418	-0.231936	-0.311387	-0.329915	-0.300959	-0.252113	-0.230579	-0.271445	-0.243887	-0.29748	-0.313869	-0.329915	-0.25737	-0.285389	-0.266711	-0.25737	-0.283094	-0.247492	-0.312968	-0.239462	-0.313533	-0.342766	-0.30311	-0.331741	-0.345425	-0.301345	-0.329915	-0.344521	-0.329915	-0.232334	-0.226494	-0.234673	-0.349931	-0.322687	-0.329164	-0.31474	-0.245023	-0.252113	-0.224335	-0.331741	-0.222905	-0.318446	-0.246528	-0.329915	-0.337482	-0.282486	-0.295283	-0.24614	-0.255111	-0.267026	-0.311387	-0.272613	-0.279593	-0.349931	-0.338822	-0.298581	-0.272785	-0.345425	-0.29748	-0.243609	-0.306451	-0.340455	-0.332643	-0.21213	-0.207318	-0.252752	-0.321184	-0.282486	-0.272405	-0.261742	-0.339809	-0.296554	-0.209491	-0.305863	-0.199859	-0.250178	-0.328672	-0.318446	-0.261954	-0.341384	-0.312968	-0.311969	-0.232625	-0.318446	-0.243887	-0.32421	-0.349931	-0.339809	-0.300953	-0.318446	-0.311969	-0.30637	-0.2552	-0.3576	-0.355019	-0.272785	-0.306451	-0.33677	-0.21033	-0.226494	-0.199567	-0.256376	-0.274884	-0.294647	-0.243887	-0.216506	-0.300368	-0.300844	-0.199567	-0.228964	-0.240297	-0.272306
10000	intercept	0.372317	0.389548	0.377642	0.372821	0.398879	0.414553	0.350478	0.359435	0.352999	0.365837	0.371537	0.40893	0.360585	0.380232	0.37192	0.389885	0.360423	0.359941	0.390584	0.353797	0.390309	0.375284	0.372879	0.390386	0.379537	0.387965	0.395949	0.38986	0.33807	0.412846	0.364713	0.33556	0.36039	0.388384	0.361354	0.391191	0.355578	0.345658	0.373583	0.375914	0.366285	0.377433	0.403967	0.379403	0.386961	0.387458	0.381166	0.409598	0.388823	0.382603	0.375408	0.383769	0.391947	0.348412	0.400747	0.370474	0.342235	0.380325	0.403743	0.337097	0.399476	0.362202	0.388729	0.339294	0.381448	0.348092	0.359435	0.374169	0.395692	0.341197	0.365713	0.351621	0.376835	0.38456	0.370109	0.394904	0.352624	0.410625	0.379533	0.368917	0.327892	0.393961	0.341004	0.349509	0.367199	0.369676	0.400711	0.360244	0.395515	0.321231	0.386414	0.342556	0.376908	0.369404	0.399564	0.361571	0.369945	0.38366	0.41068	0.375351	0.371336	0.388692	0.362055	0.377394	0.362316	0.364833	0.39531	0.356539	0.365736	0.406114	0.383056	0.388119	0.384047	0.357933	0.373993	0.377577	0.383995	0.348294	0.346412	0.366768	0.381342	0.388948	0.403157	0.383469	0.407603	0.337259	0.37109	0.390356	0.390932	0.361125	0.375057	0.387161	0.338025	0.361282	0.389511	0.385565	0.403172	0.346884	0.380875	0.328326	0.397744	0.363984	0.359176	0.360453	0.371629	0.387134	0.322421	0.385353	0.36889	0.341568	0.396342	0.36827	0.349651	0.371039	0.375568	0.367294	0.328193	0.379791	0.368537	0.394404	0.372206	0.406192	0.361753	0.356115	0.375352	0.375637	0.348658	0.371526	0.372149	0.378086	0.371702	0.365715	0.38685	0.365386	0.377355	0.366833	0.389808	0.355177	0.387063	0.371523	0.361356	0.379312	0.370821	0.374916	0.410716	0.395115	0.38428	0.364657	0.385405	0.372579	0.390735	0.413497	0.383836	0.37522	0.4249	0.395344	0.395717	0.392096	0.350853	0.360493	0.4249	0.307746	0.413471	0.382017	0.366365	0.424813	0.379666	0.378943	0.396531	0.339023	0.35345	0.413471	0.403686	0.408782	0.323006	0.398823	0.377366	0.4249	0.4249	0.4249	0.370407	0.36169	0.370789	0.40057	0.4249	0.338169	0.383033	0.313908	0.323006	0.394188	0.368828	0.320908	0.332951	0.396531	0.365154	0.376998	0.385404	0.317701	0.374229	0.402095	0.309455	0.308619	0.396531	0.387799	0.377198	0.406669	0.382017	0.412013	0.4249	0.365154	0.375507	0.389391	0.338169	0.339501	0.335517	0.370175	0.395367	0.401883	0.386657	0.325917	0.368155	0.348878	0.413471	0.383256	0.320908	0.374229	0.403493	0.360726	0.375789	0.399964	0.325039	0.418463	0.397704	0.4249	0.334901	0.4249	0.386766	0.38926	0.33559	0.278966	0.384846	0.400055	0.386451	0.404962	0.406939	0.317568	0.386138	0.355335	0.406669	0.338169	0.319383	0.374229	0.313138	0.359746	0.349674	0.385404	0.355335	0.395367	0.350177	0.374229	0.370407	0.376034	0.355127	0.355366	0.361957	0.370582	0.394288	0.320908	0.368273	0.396531	0.396451	0.404962	0.384974	0.406945	0.353781	0.402908	0.359343	0.332951	0.39644	0.348878	0.386766	0.368993	0.368273	0.313908	0.338169	0.359746	0.374186	0.404962	0.36169	0.420543	0.361506	0.356059	0.379919	0.383317	0.377366	0.332951	0.332951	0.393243	0.319383	0.366365	0.351606	0.386766	0.381605	0.376998	0.355127	0.378575	0.400055	0.400366	0.376998	0.406895	0.39646	0.317568	0.35345	0.329816	0.4249	0.383317	0.298632	0.38742	0.427877	0.396451	0.307746	0.376998	0.356118	0.338169	0.392283	0.439502	0.366365	0.4249	0.404861	0.37522	0.379683	0.4249	0.355335	0.396531	0.388505	0.413829	0.396531	0.4249	0.37522	0.37522	0.392812	0.406895	0.418979	0.35754	0.374287	0.34904	0.314554	0.370582	0.327142	0.359635	0.370175	0.38926	0.355335	0.375951	0.370175	0.379504	0.360726	0.36217	0.391217	0.371471
11000	slope	-0.319464	-0.2821	-0.315313	-0.314224	-0.303682	-0.334729	-0.242208	-0.317545	-0.335236	-0.320952	-0.334451	-0.288612	-0.293981	-0.232094	-0.300027	-0.307403	-0.318509	-0.317895	-0.312327	-0.291296	-0.307733	-0.306857	-0.336971	-0.293787	-0.320187	-0.308991	-0.246066	-0.374044	-0.329834	-0.269571	-0.342603	-0.251509	-0.278821	-0.277092	-0.333124	-0.293154	-0.339791	-0.22436	-0.320077	-0.302712	-0.271105	-0.299954	-0.286043	-0.309668	-0.216883	-0.319595	-0.324951	-0.276572	-0.325958	-0.298778	-0.293294	-0.269979	-0.280123	-0.29419	-0.274459	-0.228508	-0.345672	-0.32089	-0.309722	-0.339379	-0.297752	-0.263989	-0.314321	-0.229139	-0.275336	-0.335162	-0.235118	-0.297593	-0.366014	-0.331107	-0.302469	-0.306547	-0.280362	-0.258927	-0.321952	-0.285649	-0.221156	-0.264523	-0.308062	-0.323069	-0.236276	-0.292179	-0.333523	-0.281729	-0.301494	-0.291413	-0.326367	-0.327763	-0.321959	-0.338019	-0.242882	-0.322933	-0.351563	-0.297529	-0.336555	-0.298672	-0.325023	-0.316355	-0.328031	-0.270579	-0.292926	-0.306537	-0.31727	-0.248589	-0.294542	-0.33686	-0.283944	-0.277739	-0.288841	-0.320209	-0.306547	-0.254662	-0.237618	-0.314128	-0.316874	-0.294642	-0.293029	-0.281677	-0.364319	-0.274861	-0.197072	-0.311408	-0.254599	-0.313528	-0.31383	-0.288177	-0.295225	-0.328906	-0.282436	-0.292961	-0.302619	-0.27061	-0.325462	-0.298712	-0.303816	-0.305334	-0.291968	-0.332605	-0.277678	-0.292353	-0.331445	-0.323052	-0.287337	-0.305743	-0.313819	-0.304852	-0.281231	-0.291658	-0.329537	-0.303919	-0.326584	-0.306803	-0.330503	-0.294449	-0.28673	-0.313124	-0.298425	-0.302001	-0.314494	-0.250624	-0.244788	-0.302698	-0.304128	-0.288495	-0.297721	-0.345114	-0.24962	-0.321959	-0.286109	-0.277378	-0.289128	-0.278044	-0.288622	-0.289606	-0.267311	-0.294157	-0.342219	-0.329507	-0.346091	-0.259925	-0.266523	-0.280507	-0.332045	-0.311384	-0.305711	-0.258741	-0.325685	-0.255139	-0.315179	-0.30963	-0.323652	-0.287808	-0.289961	-0.324366	-0.318886	-0.321686	-0.312184	-0.293837	-0.328264	-0.316414	-0.316227	-0.314885	-0.25455	-0.346965	-0.346965	-0.294176	-0.244413	-0.22761	-0.246917	-0.344693	-0.308223	-0.303263	-0.320629	-0.311544	-0.327389	-0.344693	-0.333764	-0.287912	-0.252825	-0.333764	-0.327478	-0.231418	-0.224737	-0.32045	-0.334327	-0.289141	-0.291872	-0.337581	-0.325241	-0.336613	-0.23354	-0.23354	-0.312219	-0.299408	-0.278076	-0.29204	-0.344693	-0.312374	-0.360978	-0.330749	-0.309887	-0.314882	-0.298006	-0.356708	-0.298515	-0.344907	-0.288821	-0.342191	-0.344693	-0.253387	-0.282315	-0.317668	-0.248706	-0.27883	-0.278076	-0.344693	-0.325211	-0.17179	-0.331677	-0.306183	-0.225983	-0.253028	-0.29924	-0.356056	-0.278076	-0.32301	-0.369398	-0.344693	-0.236568	-0.223972	-0.330355	-0.325655	-0.28393	-0.303414	-0.33132	-0.337095	-0.33132	-0.25455	-0.33132	-0.32045	-0.33132	-0.25797	-0.325415	-0.320629	-0.22761	-0.313504	-0.253387	-0.283278	-0.32045	-0.32301	-0.275567	-0.278076	-0.27755	-0.320629	-0.31863	-0.294176	-0.287912	-0.323032	-0.329807	-0.369398	-0.325415	-0.283278	-0.344693	-0.301548	-0.252825	-0.324158	-0.335695	-0.302398	-0.317902	-0.330749	-0.334781	-0.275876	-0.309652	-0.2968	-0.373175	-0.246661	-0.314381	-0.240944	-0.224737	-0.248876	-0.25455	-0.29578	-0.23977	-0.259067	-0.327389	-0.283278	-0.308223	-0.312374	-0.271966	-0.224007	-0.328338	-0.341795	-0.27755	-0.324158	-0.286851	-0.282154	-0.318582	-0.335695	-0.334417	-0.267741	-0.315599	-0.287912	-0.223078	-0.341642	-0.302731	-0.29924	-0.235566	-0.342748	-0.27883	-0.318299	-0.33508	-0.286855	-0.298515	-0.23294	-0.259518	-0.291872	-0.342977	-0.28393	-0.240674	-0.318299	-0.308223	-0.299743	-0.287912	-0.224737	-0.237607	-0.319915	-0.331529	-0.331677	-0.223078	-0.364762	-0.344693	-0.223078	-0.231418	-0.33132	-0.260743	-0.27883	-0.346279	-0.23354	-0.341795	-0.320714	-0.24899	-0.224007	-0.22571	-0.334278	-0.318582	-0.303263	-0.252157	-0.31122	-0.224737	-0.344832	-0.33508	-0.308223	-0.23354	-0.297185	-0.344269	-0.225983	-0.289141	-0.344269	-0.33583	-0.330415
11000	intercept	0.366654	0.408334	0.405005	0.396986	0.373746	0.385541	0.381749	0.367538	0.420505	0.400656	0.383029	0.36779	0.386055	0.37501	0.391396	0.390586	0.41239	0.368433	0.397494	0.385993	0.384117	0.396506	0.384109	0.380313	0.411171	0.402493	0.3612	0.408106	0.412262	0.385568	0.393559	0.353763	0.394318	0.367467	0.389744	0.349796	0.384277	0.365799	0.378028	0.40363	0.341054	0.40423	0.387687	0.390582	0.340872	0.419505	0.409714	0.34998	0.379144	0.391283	0.379449	0.39605	0.384593	0.41185	0.353029	0.369719	0.361752	0.380221	0.395665	0.398474	0.431565	0.386971	0.380891	0.315995	0.374421	0.38766	0.349627	0.36709	0.400289	0.414365	0.384123	0.343921	0.401332	0.322783	0.406842	0.356736	0.377903	0.354923	0.378195	0.401929	0.363747	0.376936	0.397242	0.383981	0.389557	0.398284	0.381357	0.402203	0.405303	0.389497	0.376737	0.421706	0.404074	0.390246	0.421281	0.381029	0.395969	0.395252	0.402493	0.395802	0.393035	0.410514	0.37352	0.3728	0.397164	0.408144	0.379672	0.368627	0.37575	0.42149	0.343921	0.362921	0.374931	0.4023	0.416421	0.405144	0.375416	0.362666	0.412013	0.361413	0.339444	0.393595	0.371754	0.372864	0.3882	0.388123	0.375463	0.388635	0.393604	0.38761	0.396239	0.396674	0.393199	0.405893	0.417091	0.400632	0.361833	0.409485	0.368965	0.412178	0.419404	0.395528	0.393641	0.406907	0.366533	0.358759	0.419135	0.406793	0.418693	0.370493	0.406088	0.39304	0.390699	0.381661	0.368963	0.37969	0.395767	0.397285	0.415443	0.385915	0.359664	0.396904	0.400182	0.365526	0.397905	0.407942	0.349	0.407991	0.38265	0.327505	0.370992	0.382382	0.326234	0.408232	0.373515	0.385186	0.38298	0.405436	0.400492	0.384825	0.385638	0.368433	0.389334	0.382877	0.372856	0.355585	0.389839	0.352771	0.408404	0.380562	0.388859	0.414481	0.386693	0.376835	0.373634	0.378916	0.378683	0.389092	0.387218	0.406311	0.390169	0.394752	0.382708	0.40032	0.399788	0.389754	0.364819	0.324681	0.369905	0.416499	0.428089	0.394094	0.345643	0.378562	0.394741	0.416499	0.387664	0.365232	0.422077	0.387664	0.384517	0.294389	0.351852	0.417989	0.399788	0.423832	0.352243	0.372515	0.347472	0.398694	0.298536	0.298536	0.393308	0.417989	0.352169	0.327009	0.412869	0.416194	0.400811	0.3718	0.431304	0.369712	0.377614	0.411077	0.377614	0.428219	0.378881	0.416499	0.416499	0.407614	0.333327	0.38536	0.387556	0.390323	0.358063	0.416499	0.311798	0.317657	0.387664	0.364867	0.282708	0.331227	0.399868	0.426819	0.352169	0.369424	0.405134	0.416499	0.3658	0.360388	0.399724	0.387256	0.39364	0.428089	0.416742	0.40295	0.438445	0.372991	0.388637	0.406234	0.393543	0.319186	0.417069	0.345643	0.324681	0.417989	0.407614	0.357557	0.426343	0.370349	0.406868	0.352169	0.379855	0.362546	0.388791	0.389754	0.365232	0.381392	0.377882	0.405134	0.417069	0.358912	0.417856	0.395395	0.422077	0.387336	0.40425	0.403121	0.410377	0.372302	0.414686	0.394094	0.380588	0.417989	0.412013	0.364083	0.411989	0.357851	0.324666	0.347718	0.369905	0.390616	0.392578	0.414418	0.387664	0.358195	0.408654	0.416194	0.394326	0.282708	0.38948	0.426819	0.379855	0.388791	0.36286	0.378931	0.429229	0.399788	0.379799	0.352169	0.388136	0.36846	0.362306	0.375035	0.372302	0.393499	0.333453	0.426819	0.390323	0.387664	0.402775	0.360483	0.377614	0.382241	0.367955	0.362859	0.435345	0.395137	0.353872	0.387664	0.430113	0.375551	0.361178	0.324666	0.283412	0.378291	0.384727	0.387664	0.365719	0.411077	0.416499	0.360388	0.283412	0.393543	0.351971	0.390323	0.428576	0.298536	0.426819	0.398969	0.3658	0.282708	0.362681	0.407301	0.425885	0.396955	0.387556	0.416194	0.324666	0.372275	0.428738	0.405416	0.298536	0.320428	0.393902	0.265835	0.423832	0.393902	0.399069	0.372275
12000	slope	-0.346264	-0.292416	-0.230577	-0.301854	-0.276654	-0.367812	-0.31034	-0.291801	-0.291893	-0.33012	-0.272305	-0.220436	-0.359191	-0.308664	-0.292967	-0.319686	-0.321212	-0.321601	-0.253981	-0.354694	-0.255582	-0.290601	-0.284211	-0.284455	-0.293975	-0.291034	-0.297392	-0.340275	-0.314016	-0.267925	-0.325428	-0.26782	-0.33269	-0.34736	-0.291801	-0.297058	-0.320235	-0.314581	-0.352809	-0.338073	-0.325867	-0.289116	-0.323432	-0.36169	-0.338075	-0.320586	-0.344605	-0.305073	-0.338429	-0.325732	-0.282236	-0.297717	-0.298406	-0.326669	-0.300698	-0.337697	-0.283519	-0.293386	-0.32606	-0.319418	-0.307239	-0.272155	-0.307374	-0.312772	-0.331978	-0.320366	-0.256858	-0.323648	-0.302773	-0.315174	-0.284175	-0.319597	-0.292454	-0.350877	-0.329115	-0.347522	-0.246091	-0.295331	-0.295069	-0.332549	-0.31979	-0.317867	-0.329684	-0.319939	-0.319522	-0.307523	-0.33759	-0.337073	-0.286455	-0.298862	-0.326006	-0.328406	-0.32458	-0.301874	-0.348615	-0.281804	-0.344565	-0.28653	-0.352676	-0.297697	-0.31089	-0.344354	-0.334445	-0.297692	-0.337329	-0.33849	-0.283519	-0.295355	-0.323388	-0.293773	-0.26531	-0.323823	-0.282627	-0.284693	-0.331337	-0.299524	-0.261179	-0.329591	-0.330311	-0.327215	-0.316098	-0.32065	-0.212242	-0.303471	-0.329305	-0.292779	-0.332942	-0.284428	-0.270137	-0.308888	-0.29418	-0.341016	-0.276451	-0.30057	-0.228041	-0.241401	-0.259905	-0.289375	-0.366042	-0.281143	-0.336478	-0.325882	-0.324668	-0.285486	-0.340252	-0.291687	-0.301816	-0.273519	-0.333478	-0.329569	-0.349472	-0.284937	-0.336702	-0.264538	-0.254286	-0.338844	-0.27299	-0.332455	-0.321331	-0.211635	-0.327667	-0.323451	-0.330868	-0.34157	-0.236621	-0.337424	-0.305513	-0.310545	-0.31908	-0.339721	-0.332715	-0.289644	-0.277193	-0.328708	-0.33327	-0.325705	-0.379939	-0.332437	-0.326693	-0.285253	-0.324556	-0.311347	-0.349986	-0.287258	-0.250228	-0.299801	-0.297925	-0.254178	-0.258776	-0.329135	-0.327401	-0.247432	-0.328405	-0.294733	-0.328755	-0.266071	-0.2597	-0.300505	-0.302177	-0.305581	-0.32603	-0.201989	-0.340014	-0.353714	-0.328802	-0.231273	-0.334424	-0.330794	-0.299532	-0.288164	-0.332119	-0.19847	-0.240947	-0.288164	-0.340014	-0.3626	-0.327821	-0.331419	-0.285304	-0.318281	-0.240947	-0.34717	-0.340998	-0.268008	-0.248487	-0.267308	-0.312141	-0.288164	-0.177732	-0.333307	-0.240947	-0.320445	-0.252432	-0.201842	-0.240947	-0.355942	-0.352635	-0.36266	-0.179467	-0.248487	-0.350059	-0.177348	-0.311281	-0.268066	-0.240947	-0.326091	-0.34437	-0.350768	-0.314565	-0.34717	-0.312547	-0.336158	-0.267308	-0.194178	-0.327476	-0.320625	-0.353714	-0.328052	-0.342839	-0.268066	-0.326091	-0.34437	-0.334643	-0.353817	-0.187282	-0.248487	-0.291642	-0.340998	-0.318714	-0.31774	-0.226015	-0.302173	-0.32583	-0.340129	-0.342839	-0.322591	-0.327863	-0.201842	-0.306391	-0.353549	-0.312743	-0.320788	-0.348989	-0.342915	-0.255607	-0.263478	-0.230108	-0.224756	-0.187282	-0.363301	-0.32603	-0.353714	-0.331458	-0.359776	-0.260084	-0.326091	-0.251809	-0.311281	-0.239159	-0.350768	-0.311281	-0.366437	-0.347591	-0.355942	-0.300709	-0.335495	-0.326091	-0.320625	-0.331095	-0.370959	-0.26101	-0.348989	-0.365327	-0.283157	-0.340014	-0.327821	-0.263478	-0.307871	-0.298544	-0.316938	-0.224756	-0.239159	-0.340014	-0.363301	-0.322189	-0.31106	-0.249863	-0.252355	-0.315193	-0.329735	-0.320625	-0.299532	-0.329735	-0.187282	-0.327491	-0.32603	-0.311281	-0.327953	-0.322189	-0.327476	-0.356096	-0.342839	-0.347772	-0.322189	-0.340129	-0.363625	-0.316511	-0.243016	-0.240947	-0.326263	-0.272224	-0.332605	-0.314778	-0.316938	-0.31714	-0.338474	-0.325588	-0.368162	-0.367613	-0.314187	-0.370959	-0.302173	-0.26101	-0.200144	-0.312743	-0.222515	-0.32603	-0.346259	-0.319379	-0.243805	-0.311281	-0.271088	-0.243184	-0.309845	-0.32134	-0.347689	-0.248487	-0.370959	-0.248487	-0.266146	-0.322189	-0.346679	-0.347772	-0.33525	-0.336141	-0.330794	-0.306391	-0.304794	-0.322591	-0.348982	-0.243098	-0.360054	-0.326199	-0.326091	-0.311281	-0.26101	-0.274277	-0.367002	-0.340046	-0.336141
12000	intercept	0.379321	0.373918	0.374811	0.420175	0.405899	0.401451	0.381903	0.399092	0.333965	0.419556	0.389198	0.333312	0.377093	0.419253	0.394664	0.386905	0.383058	0.384972	0.335508	0.382051	0.343378	0.400908	0.340464	0.390493	0.437836	0.372975	0.383345	0.374907	0.374907	0.403281	0.41114	0.364566	0.372512	0.420508	0.358485	0.382863	0.380057	0.368332	0.418191	0.362038	0.408185	0.339139	0.426477	0.406208	0.38385	0.411618	0.38265	0.379746	0.374066	0.389681	0.36459	0.395965	0.377849	0.367225	0.358504	0.43775	0.332325	0.399858	0.378307	0.379235	0.383941	0.381219	0.428285	0.401595	0.394645	0.389461	0.389127	0.393556	0.398229	0.394043	0.422772	0.389876	0.408114	0.428179	0.406334	0.372632	0.407831	0.37516	0.35026	0.396551	0.392182	0.373278	0.373826	0.398072	0.374533	0.375598	0.395438	0.371907	0.37462	0.372679	0.364516	0.380868	0.386923	0.428288	0.378884	0.383298	0.429014	0.369255	0.433423	0.394321	0.358983	0.407532	0.400999	0.440896	0.402358	0.38428	0.337827	0.389455	0.3678	0.399967	0.363728	0.40286	0.339495	0.377942	0.38349	0.392507	0.377849	0.379639	0.383127	0.388793	0.405199	0.396103	0.324249	0.368778	0.381942	0.397363	0.392982	0.340464	0.387583	0.35966	0.34923	0.382376	0.41791	0.408789	0.397542	0.369548	0.371638	0.380638	0.408852	0.338124	0.422344	0.376217	0.387015	0.38268	0.376492	0.328015	0.360259	0.374681	0.388689	0.366285	0.419231	0.357003	0.425573	0.356565	0.382187	0.361892	0.39155	0.366627	0.382206	0.387341	0.379757	0.384356	0.397199	0.384545	0.387194	0.402729	0.371368	0.369169	0.374109	0.429434	0.375808	0.391119	0.412511	0.401282	0.38053	0.406512	0.422319	0.370269	0.409309	0.391878	0.373286	0.373909	0.389025	0.377959	0.389801	0.3461	0.403915	0.373308	0.395081	0.399471	0.395833	0.326122	0.376144	0.372947	0.404142	0.362931	0.409206	0.401304	0.387679	0.365321	0.374051	0.397778	0.442795	0.372539	0.396889	0.387989	0.396889	0.402403	0.380768	0.35261	0.342524	0.37047	0.296758	0.365672	0.442795	0.397735	0.39397	0.43329	0.342502	0.399528	0.300377	0.375467	0.370992	0.43148	0.378414	0.396003	0.368874	0.365672	0.381022	0.360586	0.296758	0.368454	0.316734	0.39964	0.304441	0.384275	0.394582	0.431126	0.374179	0.381868	0.39075	0.349979	0.36105	0.329057	0.303442	0.380476	0.410994	0.368778	0.42738	0.375467	0.397217	0.403719	0.396003	0.365015	0.376486	0.400934	0.39075	0.423712	0.36349	0.324774	0.385329	0.403302	0.361921	0.389022	0.370155	0.362747	0.400286	0.370992	0.418945	0.366235	0.283339	0.36914	0.36933	0.404835	0.36349	0.403293	0.386462	0.397778	0.382254	0.379777	0.360586	0.382786	0.424785	0.37782	0.318375	0.441782	0.413491	0.406329	0.37558	0.407726	0.374051	0.39075	0.394923	0.423054	0.381868	0.380476	0.43148	0.391324	0.359539	0.385409	0.382123	0.39075	0.36349	0.384275	0.364763	0.37455	0.376951	0.400934	0.406555	0.437413	0.39504	0.424785	0.394278	0.359758	0.439222	0.39397	0.441782	0.419165	0.434353	0.378523	0.39252	0.36513	0.458073	0.407726	0.350456	0.445649	0.304441	0.359539	0.412132	0.385329	0.400934	0.38269	0.385329	0.37558	0.366235	0.374051	0.38992	0.385329	0.36665	0.376486	0.397735	0.36349	0.386068	0.360586	0.422538	0.464087	0.391113	0.378461	0.295177	0.399528	0.346915	0.362475	0.356427	0.386178	0.385329	0.407558	0.394582	0.464087	0.368778	0.436779	0.437413	0.36914	0.39504	0.36974	0.360586	0.408086	0.374051	0.387301	0.370992	0.376903	0.382123	0.366574	0.351531	0.399035	0.389822	0.39075	0.381868	0.437413	0.381868	0.398783	0.378404	0.422538	0.386068	0.360295	0.444192	0.399528	0.368325	0.3806	0.388126	0.418495	0.359539	0.446439	0.369641	0.380476	0.396616	0.39504	0.399947	0.431126	0.395177	0.444192
13000	slope	-0.33086	-0.311197	-0.349365	-0.30208	-0.344971	-0.32836	-0.213756	-0.322354	-0.324533	-0.314624	-0.318409	-0.33393	-0.333998	-0.345826	-0.311777	-0.322521	-0.304261	-0.322222	-0.342142	-0.328652	-0.296659	-0.331787	-0.332815	-0.3184	-0.311206	-0.318753	-0.285209	-0.314162	-0.33638	-0.290311	-0.313903	-0.317218	-0.329025	-0.336168	-0.301705	-0.252887	-0.312315	-0.300856	-0.32501	-0.311631	-0.33973	-0.314056	-0.281797	-0.252172	-0.327662	-0.324908	-0.328378	-0.346915	-0.26754	-0.308516	-0.282276	-0.322347	-0.321705	-0.297276	-0.320908	-0.322809	-0.290966	-0.338934	-0.316723	-0.318254	-0.30764	-0.293469	-0.273497	-0.323638	-0.356156	-0.330198	-0.330534	-0.337441	-0.31416	-0.264642	-0.318127	-0.362268	-0.342274	-0.327408	-0.314986	-0.305944	-0.325322	-0.315314	-0.309983	-0.296242	-0.328035	-0.3057	-0.329735	-0.27629	-0.338227	-0.289769	-0.346941	-0.29816	-0.327662	-0.318884	-0.332712	-0.331646	-0.315579	-0.273018	-0.334915	-0.32367	-0.347739	-0.339601	-0.269844	-0.318747	-0.311486	-0.277675	-0.304942	-0.324846	-0.337347	-0.311724	-0.30531	-0.317392	-0.330776	-0.329995	-0.333979	-0.323045	-0.276879	-0.363639	-0.33087	-0.345152	-0.335823	-0.343727	-0.316812	-0.304644	-0.262226	-0.292092	-0.370897	-0.328145	-0.305716	-0.309024	-0.308598	-0.281256	-0.263604	-0.329831	-0.349375	-0.343898	-0.334665	-0.341256	-0.284377	-0.268553	-0.226512	-0.313483	-0.342689	-0.277059	-0.312986	-0.323193	-0.316694	-0.325491	-0.278908	-0.334889	-0.342101	-0.380251	-0.320842	-0.335631	-0.260998	-0.321229	-0.26349	-0.288209	-0.331091	-0.340374	-0.334847	-0.301662	-0.329815	-0.334906	-0.326532	-0.253728	-0.347573	-0.324725	-0.331761	-0.324432	-0.343154	-0.315013	-0.322231	-0.270842	-0.331541	-0.301928	-0.252756	-0.349439	-0.288549	-0.297067	-0.322283	-0.349322	-0.326147	-0.3298	-0.310971	-0.289271	-0.265077	-0.313816	-0.315543	-0.338991	-0.315145	-0.286781	-0.3161	-0.311217	-0.309644	-0.330619	-0.346885	-0.324256	-0.278599	-0.331444	-0.288897	-0.316761	-0.341185	-0.228452	-0.323397	-0.332932	-0.309525	-0.290973	-0.292436	-0.323081	-0.330438	-0.327698	-0.310573	-0.309463	-0.361086	-0.23119	-0.301389	-0.338925	-0.342902	-0.371464	-0.301389	-0.341849	-0.33674	-0.336303	-0.310365	-0.332633	-0.323073	-0.354797	-0.332608	-0.339321	-0.350533	-0.330583	-0.354378	-0.336141	-0.322038	-0.336224	-0.276223	-0.299527	-0.37979	-0.345769	-0.285425	-0.374008	-0.315568	-0.340733	-0.328327	-0.319568	-0.326991	-0.299527	-0.301307	-0.304442	-0.305051	-0.331831	-0.347429	-0.354917	-0.347429	-0.357467	-0.302976	-0.317269	-0.314108	-0.203941	-0.355163	-0.250839	-0.347536	-0.293884	-0.297875	-0.373387	-0.357467	-0.320123	-0.341849	-0.310365	-0.355846	-0.323081	-0.200257	-0.311863	-0.323303	-0.319568	-0.286019	-0.240641	-0.319593	-0.314108	-0.250839	-0.285966	-0.327205	-0.347429	-0.332608	-0.37979	-0.316409	-0.279967	-0.309525	-0.341469	-0.34428	-0.332608	-0.270856	-0.223571	-0.337948	-0.292436	-0.341469	-0.343827	-0.315422	-0.311863	-0.346601	-0.343304	-0.322399	-0.320969	-0.255503	-0.341746	-0.297875	-0.319099	-0.348508	-0.326425	-0.280264	-0.305009	-0.315422	-0.360631	-0.345676	-0.303428	-0.335784	-0.301307	-0.313084	-0.350533	-0.30469	-0.373387	-0.371083	-0.277616	-0.291642	-0.247337	-0.354003	-0.318829	-0.203941	-0.203941	-0.292436	-0.338925	-0.368793	-0.30469	-0.354378	-0.341066	-0.326856	-0.356378	-0.325344	-0.337948	-0.302976	-0.345535	-0.314706	-0.337948	-0.341746	-0.265813	-0.343827	-0.308457	-0.336224	-0.282143	-0.223571	-0.343292	-0.304112	-0.294959	-0.319568	-0.332633	-0.315568	-0.23432	-0.338667	-0.302976	-0.380843	-0.311863	-0.30469	-0.365071	-0.332608	-0.298413	-0.351542	-0.313388	-0.353393	-0.23432	-0.332608	-0.355997	-0.319597	-0.302227	-0.323462	-0.332608	-0.285966	-0.368303	-0.332057	-0.242476	-0.294912	-0.266625	-0.30337	-0.331059	-0.350533	-0.279967	-0.291997	-0.292487	-0.320123	-0.343804	-0.302227	-0.333211	-0.323081	-0.341746	-0.308457	-0.285966	-0.325792	-0.315691	-0.285966	-0.23432	-0.281941	-0.355997	-0.336224	-0.298868
13000	intercept	0.390432	0.382291	0.406736	0.395264	0.393831	0.411706	0.3471	0.390851	0.39246	0.448735	0.40051	0.403624	0.396538	0.374796	0.405804	0.418663	0.361131	0.394613	0.435974	0.436584	0.391203	0.423413	0.415157	0.419872	0.422629	0.387292	0.407533	0.416903	0.397199	0.387664	0.362817	0.395467	0.374648	0.386111	0.409548	0.339103	0.405787	0.406225	0.408889	0.389402	0.450912	0.395581	0.333	0.386904	0.383282	0.395607	0.392451	0.434958	0.362429	0.376534	0.4047	0.41087	0.411848	0.408894	0.396028	0.383725	0.400408	0.409226	0.414889	0.390934	0.370031	0.384307	0.389274	0.398087	0.406594	0.43017	0.45102	0.436383	0.412609	0.393847	0.395405	0.388241	0.378364	0.394791	0.405017	0.419105	0.378016	0.399085	0.397003	0.390448	0.406969	0.371091	0.400994	0.386878	0.408014	0.388493	0.384565	0.401229	0.383883	0.421988	0.384603	0.381543	0.389134	0.326843	0.387641	0.397199	0.423714	0.419106	0.329759	0.401913	0.394455	0.370575	0.390351	0.398648	0.405126	0.381548	0.39784	0.346325	0.427507	0.387254	0.358758	0.393947	0.381577	0.446456	0.383446	0.389795	0.416993	0.397092	0.390073	0.395259	0.371994	0.367663	0.382401	0.378495	0.440403	0.401393	0.363544	0.37593	0.359174	0.350786	0.449679	0.385143	0.394865	0.402775	0.384184	0.385942	0.36927	0.377968	0.412844	0.377748	0.390713	0.391586	0.439766	0.428189	0.381817	0.379412	0.386044	0.414274	0.422791	0.415737	0.356327	0.41812	0.363048	0.3625	0.38286	0.435257	0.397209	0.426832	0.401461	0.440023	0.414498	0.380894	0.413239	0.378194	0.379189	0.406529	0.40599	0.402784	0.393647	0.373111	0.421017	0.378447	0.313774	0.399717	0.375617	0.414359	0.38638	0.40974	0.39872	0.408239	0.379463	0.341932	0.377881	0.426435	0.415853	0.423306	0.392768	0.36595	0.399908	0.386906	0.412108	0.41372	0.451142	0.405602	0.34683	0.40913	0.380741	0.406803	0.407108	0.360778	0.401403	0.394717	0.390432	0.394556	0.352772	0.433328	0.346558	0.392676	0.455231	0.436741	0.378097	0.30428	0.37328	0.40547	0.379248	0.386867	0.37328	0.42719	0.375622	0.455716	0.397536	0.388322	0.396454	0.37218	0.443364	0.388292	0.460984	0.38505	0.437184	0.425033	0.387425	0.395578	0.362639	0.354608	0.42753	0.388322	0.378228	0.42753	0.43316	0.460984	0.392676	0.376272	0.406076	0.354608	0.40908	0.376967	0.387072	0.408038	0.471895	0.37218	0.440059	0.444313	0.41781	0.402143	0.382166	0.370439	0.381965	0.373202	0.432775	0.407984	0.407337	0.378326	0.446569	0.420127	0.42719	0.39645	0.40067	0.433328	0.315246	0.340601	0.375855	0.376272	0.35864	0.356631	0.404146	0.382166	0.373202	0.399355	0.342813	0.471895	0.422665	0.42753	0.413743	0.370793	0.411112	0.388292	0.392046	0.428852	0.35864	0.323761	0.353918	0.388528	0.388292	0.368203	0.403886	0.344135	0.379584	0.45478	0.453162	0.441406	0.373202	0.493266	0.407337	0.383148	0.382134	0.4123	0.35864	0.429019	0.403886	0.446718	0.479576	0.398322	0.422928	0.40908	0.36986	0.464404	0.430302	0.419878	0.374239	0.399355	0.399955	0.379387	0.41836	0.410436	0.370439	0.370439	0.352772	0.40547	0.382134	0.430302	0.437184	0.409248	0.401403	0.46768	0.417255	0.350786	0.41781	0.393393	0.40267	0.350786	0.479576	0.422077	0.383515	0.455231	0.395578	0.425575	0.309325	0.455716	0.410527	0.354608	0.355239	0.388322	0.43316	0.309414	0.378695	0.41781	0.419878	0.340601	0.430302	0.459932	0.424861	0.378228	0.471895	0.377742	0.471895	0.306448	0.424861	0.484031	0.431259	0.347893	0.385086	0.424861	0.388038	0.389824	0.436967	0.403539	0.399355	0.371899	0.367581	0.361838	0.460984	0.370793	0.3753	0.352511	0.420127	0.388292	0.347893	0.401403	0.433328	0.479576	0.455231	0.413099	0.424861	0.396255	0.399355	0.304708	0.324095	0.468556	0.390639	0.37073
14000	slope	-0.367594	-0.311054	-0.350828	-0.338497	-0.315779	-0.34244	-0.338849	-0.328887	-0.35328	-0.346581	-0.321823	-0.318039	-0.371679	-0.312233	-0.33094	-0.333742	-0.306828	-0.324468	-0.325596	-0.338965	-0.321666	-0.337078	-0.319068	-0.328385	-0.320796	-0.365438	-0.323902	-0.341233	-0.329459	-0.240325	-0.298432	-0.354835	-0.344401	-0.359884	-0.329077	-0.303944	-0.378282	-0.327666	-0.374685	-0.362988	-0.322508	-0.306762	-0.329294	-0.283056	-0.366941	-0.25893	-0.292242	-0.306185	-0.332135	-0.349516	-0.314236	-0.332908	-0.303221	-0.33017	-0.302094	-0.325806	-0.33456	-0.355058	-0.304481	-0.367005	-0.294063	-0.30886	-0.36978	-0.351224	-0.39261	-0.309407	-0.356104	-0.288088	-0.303336	-0.356113	-0.360597	-0.259423	-0.351727	-0.340457	-0.346382	-0.352267	-0.327567	-0.310823	-0.37233	-0.376023	-0.387516	-0.320326	-0.351035	-0.311585	-0.31452	-0.334177	-0.325207	-0.32282	-0.347578	-0.317911	-0.173005	-0.383227	-0.368024	-0.318203	-0.314621	-0.350922	-0.315181	-0.327315	-0.323396	-0.332154	-0.331334	-0.299171	-0.356692	-0.307954	-0.356593	-0.324577	-0.313692	-0.339229	-0.365451	-0.326885	-0.331736	-0.280641	-0.307797	-0.352494	-0.323441	-0.356907	-0.273228	-0.319008	-0.314279	-0.345053	-0.333949	-0.310473	-0.3606	-0.325076	-0.324236	-0.35362	-0.337892	-0.228089	-0.311284	-0.367441	-0.333102	-0.360703	-0.347663	-0.364696	-0.223276	-0.347336	-0.333981	-0.311012	-0.343755	-0.365489	-0.332905	-0.35061	-0.328074	-0.35653	-0.336285	-0.254535	-0.336105	-0.361285	-0.319008	-0.323353	-0.252789	-0.326299	-0.351575	-0.35349	-0.327894	-0.318241	-0.210045	-0.33969	-0.340271	-0.365571	-0.360007	-0.273016	-0.339725	-0.331083	-0.227152	-0.301418	-0.281719	-0.323298	-0.351386	-0.319787	-0.333253	-0.323718	-0.373044	-0.333811	-0.320652	-0.313399	-0.309934	-0.362557	-0.329644	-0.326714	-0.347464	-0.379682	-0.311465	-0.33757	-0.299075	-0.374923	-0.347838	-0.291046	-0.326277	-0.319706	-0.316225	-0.327213	-0.360661	-0.356655	-0.342374	-0.330639	-0.357873	-0.383359	-0.324631	-0.342898	-0.297263	-0.385658	-0.404511	-0.376075	-0.353103	-0.302689	-0.32883	-0.321134	-0.318039	-0.355048	-0.337108	-0.319719	-0.24446	-0.289217	-0.307136	-0.325479	-0.276928	-0.355048	-0.360838	-0.324193	-0.302689	-0.322252	-0.325759	-0.398698	-0.404628	-0.353261	-0.321056	-0.346978	-0.32883	-0.363735	-0.315168	-0.324193	-0.320962	-0.355048	-0.37127	-0.337095	-0.337108	-0.321263	-0.31088	-0.322695	-0.318933	-0.229147	-0.372425	-0.387906	-0.346978	-0.304324	-0.210989	-0.318944	-0.318039	-0.314764	-0.335669	-0.32816	-0.355048	-0.35181	-0.370055	-0.332786	-0.31461	-0.353015	-0.318944	-0.318155	-0.336222	-0.32816	-0.229147	-0.381927	-0.393762	-0.315647	-0.325759	-0.327526	-0.380801	-0.328581	-0.346978	-0.309948	-0.323081	-0.31088	-0.392143	-0.328827	-0.300898	-0.343478	-0.335487	-0.332509	-0.318155	-0.325607	-0.321776	-0.325759	-0.379443	-0.392143	-0.328827	-0.318117	-0.356626	-0.341575	-0.318869	-0.297719	-0.301845	-0.340719	-0.327666	-0.380801	-0.372119	-0.327027	-0.322695	-0.297719	-0.322575	-0.33053	-0.321336	-0.404628	-0.362523	-0.314725	-0.384525	-0.384087	-0.34005	-0.325759	-0.315793	-0.300458	-0.404628	-0.331707	-0.298081	-0.307403	-0.276171	-0.324193	-0.340893	-0.309808	-0.409965	-0.362523	-0.34817	-0.332472	-0.380801	-0.304755	-0.210989	-0.393743	-0.328827	-0.299819	-0.315647	-0.327244	-0.335669	-0.384087	-0.304315	-0.387982	-0.340893	-0.320207	-0.383395	-0.318155	-0.409998	-0.322575	-0.329948	-0.331285	-0.29149	-0.341575	-0.318155	-0.372873	-0.33053	-0.383395	-0.321776	-0.333582	-0.318485	-0.382836	-0.387906	-0.388076	-0.325759	-0.294943	-0.387982	-0.329904	-0.32048	-0.30471	-0.387982	-0.384087	-0.385654	-0.350351	-0.335487	-0.297719	-0.365819	-0.372008	-0.210989	-0.3459	-0.325759	-0.385654	-0.337095	-0.326179	-0.306833	-0.329948	-0.302689	-0.380633	-0.369249	-0.321328	-0.314075	-0.358106	-0.289217	-0.315168	-0.37127	-0.33053	-0.300458	-0.335487	-0.380722	-0.327519	-0.382733	-0.298081	-0.322575	-0.376075	-0.326839	-0.37371	-0.327736	-0.325759
14000	intercept	0.43066	0.394777	0.399801	0.438388	0.381138	0.417747	0.431194	0.3823	0.42334	0.409374	0.420858	0.382079	0.432188	0.379992	0.449926	0.405133	0.383488	0.409343	0.422946	0.409537	0.385704	0.42581	0.373514	0.401155	0.400319	0.407574	0.383182	0.379662	0.445794	0.344938	0.41786	0.420645	0.41703	0.399935	0.414664	0.422816	0.452646	0.414329	0.405849	0.428593	0.401361	0.422144	0.428762	0.379178	0.447706	0.376617	0.384079	0.364632	0.384012	0.456281	0.433361	0.414668	0.390833	0.361292	0.388647	0.442628	0.433821	0.396626	0.396625	0.483834	0.427278	0.44924	0.444885	0.4499	0.468475	0.409762	0.418303	0.365749	0.409145	0.413929	0.431045	0.344914	0.433841	0.379181	0.436361	0.427995	0.391237	0.360116	0.437115	0.450256	0.448795	0.390011	0.470899	0.370426	0.414884	0.373071	0.366265	0.364131	0.423307	0.373981	0.347054	0.466469	0.452591	0.405001	0.374691	0.40795	0.411491	0.37812	0.402476	0.411257	0.423115	0.375452	0.406636	0.40187	0.41479	0.37121	0.382844	0.433022	0.428354	0.38558	0.388526	0.410664	0.403102	0.396121	0.379443	0.442813	0.398087	0.381647	0.411794	0.461001	0.392623	0.400569	0.43389	0.403726	0.42868	0.410382	0.414597	0.32043	0.378984	0.427443	0.371524	0.448975	0.414792	0.425727	0.366034	0.394273	0.395575	0.376285	0.418133	0.443309	0.366841	0.431333	0.379146	0.436542	0.39142	0.361978	0.415798	0.415435	0.381647	0.400953	0.377941	0.453504	0.416696	0.454941	0.381674	0.39653	0.37955	0.442812	0.452153	0.414677	0.450844	0.410664	0.382182	0.413028	0.307889	0.417493	0.398106	0.363644	0.433957	0.39286	0.430598	0.410537	0.423768	0.440167	0.378038	0.366071	0.385524	0.384883	0.425483	0.436905	0.452956	0.485779	0.374877	0.425904	0.376847	0.468047	0.435991	0.419278	0.381238	0.38697	0.413951	0.408905	0.420708	0.429727	0.400671	0.393402	0.411192	0.43686	0.378318	0.410619	0.406935	0.434749	0.478754	0.44645	0.414838	0.364728	0.368706	0.371165	0.387176	0.472481	0.388944	0.384997	0.396175	0.389413	0.373654	0.365576	0.387774	0.489745	0.472562	0.387425	0.364728	0.380892	0.378879	0.452556	0.435403	0.414838	0.410221	0.396157	0.375329	0.485288	0.387201	0.3727	0.39575	0.472481	0.38711	0.395299	0.388944	0.384997	0.380892	0.377024	0.384997	0.328212	0.466636	0.438478	0.411659	0.377422	0.314276	0.364335	0.387176	0.435764	0.353505	0.394953	0.489745	0.476541	0.452432	0.380892	0.426995	0.382656	0.364335	0.391093	0.455923	0.394953	0.324926	0.438764	0.459159	0.457574	0.375483	0.346671	0.458661	0.394913	0.411659	0.412511	0.387665	0.391158	0.467892	0.394042	0.385445	0.420402	0.372713	0.398896	0.390557	0.374305	0.395255	0.387665	0.449457	0.467892	0.376143	0.363394	0.459151	0.381796	0.440787	0.373001	0.394095	0.375817	0.376566	0.454696	0.482432	0.401436	0.377024	0.373001	0.400379	0.428332	0.395524	0.404736	0.400135	0.435294	0.459151	0.466259	0.346018	0.351321	0.430076	0.435318	0.404736	0.372713	0.412357	0.380892	0.382343	0.387425	0.450975	0.426606	0.470546	0.397545	0.420402	0.353344	0.455652	0.415959	0.311599	0.436829	0.394042	0.405603	0.457574	0.415333	0.362889	0.489695	0.363394	0.449565	0.450975	0.401436	0.459151	0.391093	0.452126	0.39669	0.411498	0.366978	0.405603	0.386868	0.391093	0.430631	0.428332	0.459151	0.403515	0.395376	0.401436	0.436829	0.438478	0.448238	0.351321	0.397814	0.436829	0.387665	0.365904	0.412357	0.436829	0.480481	0.478754	0.457817	0.372713	0.373001	0.385165	0.38827	0.326307	0.387425	0.36218	0.478754	0.395299	0.453901	0.411503	0.411498	0.395661	0.462432	0.410098	0.352257	0.36218	0.410708	0.389413	0.387201	0.38711	0.428332	0.435318	0.372713	0.395549	0.378104	0.473048	0.412357	0.375673	0.44645	0.394074	0.492804	0.453901	0.387665
15000	slope	-0.321967	-0.322382	-0.362689	-0.384797	-0.31191	-0.365049	-0.309478	-0.34154	-0.333763	-0.329454	-0.301769	-0.356265	-0.304954	-0.344205	-0.334632	-0.322218	-0.346998	-0.3504	-0.276459	-0.334592	-0.348624	-0.323712	-0.284767	-0.324221	-0.368433	-0.326295	-0.29018	-0.336129	-0.318156	-0.328453	-0.338066	-0.334434	-0.266129	-0.305296	-0.376896	-0.346132	-0.344916	-0.365758	-0.292663	-0.303627	-0.331603	-0.365943	-0.344454	-0.358144	-0.332882	-0.311288	-0.285667	-0.304534	-0.353026	-0.324983	-0.343804	-0.334743	-0.37237	-0.283697	-0.291294	-0.366528	-0.365947	-0.31432	-0.300825	-0.333323	-0.332422	-0.361863	-0.367612	-0.298308	-0.323127	-0.308701	-0.334599	-0.318008	-0.341868	-0.28576	-0.292164	-0.318547	-0.332958	-0.323413	-0.38037	-0.359923	-0.349733	-0.319428	-0.319149	-0.330069	-0.322159	-0.303446	-0.340824	-0.310734	-0.313956	-0.312266	-0.334436	-0.345176	-0.342721	-0.336653	-0.319314	-0.35839	-0.310193	-0.310139	-0.30869	-0.329679	-0.31753	-0.263772	-0.303083	-0.297115	-0.330865	-0.332663	-0.343826	-0.299125	-0.360747	-0.338845	-0.295775	-0.355681	-0.353296	-0.333697	-0.308809	-0.296471	-0.334948	-0.282365	-0.327498	-0.337315	-0.298671	-0.309848	-0.329545	-0.330364	-0.328745	-0.331206	-0.315488	-0.292665	-0.338464	-0.371966	-0.340446	-0.361625	-0.324322	-0.310355	-0.308751	-0.370233	-0.35305	-0.331628	-0.338177	-0.329372	-0.332621	-0.330069	-0.342423	-0.336756	-0.303847	-0.305267	-0.327666	-0.32404	-0.372609	-0.39255	-0.297233	-0.313962	-0.358753	-0.341187	-0.324821	-0.343775	-0.303561	-0.332273	-0.333991	-0.301472	-0.355001	-0.344204	-0.302797	-0.334507	-0.353348	-0.355675	-0.31958	-0.334678	-0.29251	-0.30937	-0.303169	-0.345967	-0.35605	-0.378003	-0.359567	-0.327315	-0.328314	-0.32832	-0.366686	-0.313598	-0.297641	-0.309586	-0.349091	-0.298688	-0.324235	-0.302094	-0.35198	-0.288976	-0.328919	-0.32915	-0.28333	-0.307876	-0.350408	-0.269267	-0.355288	-0.346512	-0.358668	-0.324966	-0.277257	-0.363879	-0.31959	-0.328144	-0.321681	-0.355069	-0.241353	-0.366517	-0.391157	-0.337089	-0.332617	-0.30953	-0.311552	-0.391589	-0.357317	-0.228746	-0.328472	-0.341322	-0.335582	-0.311552	-0.348282	-0.36752	-0.361728	-0.289431	-0.347784	-0.266504	-0.314781	-0.330887	-0.255631	-0.282594	-0.33496	-0.366588	-0.368603	-0.294767	-0.333799	-0.383953	-0.34186	-0.308293	-0.286756	-0.331347	-0.32266	-0.301048	-0.321793	-0.287576	-0.307787	-0.414175	-0.255903	-0.315661	-0.347596	-0.336067	-0.315038	-0.317675	-0.407913	-0.344744	-0.317691	-0.314523	-0.38311	-0.369831	-0.347562	-0.38311	-0.333281	-0.327817	-0.350564	-0.368603	-0.325003	-0.286855	-0.332112	-0.31464	-0.30953	-0.329203	-0.361773	-0.316844	-0.350518	-0.308293	-0.325003	-0.38283	-0.307925	-0.301048	-0.342971	-0.329435	-0.292217	-0.329694	-0.308293	-0.345374	-0.317576	-0.331347	-0.317576	-0.330871	-0.314381	-0.372613	-0.399257	-0.307925	-0.301434	-0.357317	-0.293765	-0.326785	-0.367629	-0.307925	-0.245491	-0.357687	-0.294579	-0.346068	-0.339753	-0.350518	-0.303511	-0.336904	-0.321213	-0.322269	-0.327587	-0.319429	-0.354277	-0.346068	-0.319057	-0.304732	-0.34186	-0.307925	-0.241413	-0.255215	-0.313373	-0.359223	-0.317992	-0.314523	-0.306189	-0.333382	-0.316195	-0.357317	-0.256753	-0.326219	-0.375268	-0.235243	-0.361773	-0.317221	-0.354968	-0.264006	-0.266345	-0.369179	-0.316983	-0.311028	-0.36752	-0.32857	-0.36752	-0.344969	-0.328472	-0.236462	-0.307787	-0.296634	-0.307605	-0.347562	-0.340626	-0.317675	-0.325003	-0.334687	-0.342508	-0.368603	-0.286855	-0.314904	-0.24113	-0.272527	-0.255215	-0.38311	-0.335582	-0.383953	-0.356398	-0.338542	-0.303985	-0.312826	-0.317221	-0.369179	-0.337228	-0.308293	-0.317576	-0.308293	-0.302203	-0.325003	-0.336531	-0.300965	-0.366517	-0.230123	-0.330454	-0.357317	-0.30953	-0.342438	-0.347562	-0.330571	-0.367966	-0.308365	-0.38311	-0.301517	-0.357317	-0.357317	-0.309917	-0.315661	-0.341974	-0.30495	-0.307605	-0.308293	-0.287576	-0.333778	-0.323482	-0.31875	-0.313004	-0.339217	-0.294579	-0.312884	-0.317221	-0.339753
15000	intercept	0.382236	0.376784	0.385729	0.437955	0.405297	0.386652	0.385091	0.414682	0.450148	0.401476	0.375435	0.368038	0.390827	0.414482	0.372	0.386579	0.410861	0.447831	0.395056	0.396018	0.373323	0.383425	0.403794	0.386292	0.414042	0.380766	0.381673	0.398108	0.370817	0.391955	0.418529	0.434504	0.392904	0.381665	0.444189	0.381145	0.399525	0.449496	0.393708	0.376835	0.369651	0.444425	0.370806	0.37437	0.414229	0.384735	0.406998	0.354275	0.427671	0.374544	0.413056	0.346774	0.458916	0.402336	0.372566	0.415174	0.458597	0.426065	0.440471	0.381152	0.380557	0.413842	0.399709	0.371816	0.418371	0.390131	0.414101	0.374142	0.385715	0.392736	0.390949	0.385086	0.416059	0.382486	0.43625	0.450211	0.422888	0.402066	0.413649	0.379622	0.379968	0.406478	0.369916	0.392922	0.395829	0.396832	0.427004	0.414965	0.405276	0.374284	0.41086	0.428997	0.392224	0.377969	0.385359	0.396295	0.38435	0.402057	0.373761	0.369215	0.366817	0.411544	0.398354	0.386374	0.431542	0.425509	0.403603	0.43565	0.421027	0.391071	0.39356	0.398342	0.411757	0.390708	0.422331	0.426651	0.369951	0.365837	0.388713	0.40656	0.37506	0.404917	0.409922	0.380312	0.437453	0.458597	0.4155	0.412054	0.389847	0.378959	0.392393	0.420022	0.45598	0.41016	0.407375	0.415556	0.441589	0.372018	0.364954	0.350416	0.429894	0.378437	0.396826	0.381043	0.413871	0.425372	0.423694	0.379017	0.408492	0.411219	0.424145	0.402462	0.396105	0.38922	0.425468	0.402168	0.390836	0.346917	0.399061	0.423097	0.422682	0.379652	0.384607	0.411426	0.38918	0.405894	0.375557	0.416513	0.401309	0.442291	0.451653	0.374007	0.393116	0.398443	0.44624	0.406141	0.392362	0.378186	0.363314	0.403372	0.376191	0.394813	0.422786	0.350908	0.345073	0.394015	0.384504	0.429522	0.370531	0.39404	0.417651	0.382927	0.440385	0.360615	0.403191	0.437163	0.3635	0.377955	0.391443	0.420934	0.403647	0.42948	0.452578	0.374712	0.386548	0.36139	0.402796	0.404465	0.472299	0.408927	0.378646	0.371934	0.390506	0.402796	0.352979	0.441257	0.369203	0.37358	0.444077	0.403647	0.400577	0.370498	0.416249	0.375356	0.335434	0.371934	0.43929	0.356363	0.38424	0.450852	0.410458	0.371777	0.371386	0.401026	0.374611	0.368178	0.374712	0.363403	0.366965	0.434617	0.379628	0.357621	0.398699	0.407552	0.369806	0.381186	0.404465	0.361471	0.407616	0.416053	0.471446	0.43929	0.44814	0.471446	0.387577	0.406237	0.398699	0.45109	0.400061	0.377289	0.37209	0.366321	0.36139	0.400061	0.374027	0.373379	0.451399	0.371777	0.400061	0.453099	0.426765	0.380995	0.373391	0.37563	0.37358	0.371167	0.371777	0.369409	0.376499	0.401026	0.376499	0.403096	0.369214	0.445747	0.446108	0.422765	0.36139	0.472299	0.380995	0.409496	0.447294	0.422765	0.425439	0.388804	0.379086	0.388505	0.388011	0.460939	0.398751	0.378361	0.378148	0.378921	0.361471	0.367488	0.371934	0.388505	0.372989	0.386132	0.39631	0.426765	0.394127	0.408507	0.391711	0.438461	0.373674	0.416053	0.379573	0.438352	0.409198	0.466212	0.362532	0.37209	0.471446	0.408927	0.374027	0.398087	0.437981	0.421918	0.39942	0.363443	0.384268	0.3749	0.441257	0.388919	0.444077	0.35045	0.371903	0.396857	0.366965	0.371777	0.35386	0.44814	0.384887	0.381186	0.400061	0.417352	0.381591	0.45109	0.377289	0.376527	0.394127	0.372079	0.408507	0.471446	0.388318	0.452438	0.397432	0.388011	0.418712	0.430868	0.398087	0.369203	0.386132	0.371777	0.376499	0.371777	0.430554	0.400061	0.39631	0.4009	0.434599	0.408927	0.380197	0.466212	0.36139	0.374712	0.44814	0.409496	0.440649	0.400577	0.459403	0.398647	0.472299	0.472299	0.380995	0.345128	0.384942	0.398647	0.35386	0.371777	0.378779	0.343183	0.370608	0.366965	0.397693	0.437014	0.425735	0.383046	0.401026	0.376546
16000	slope	-0.361956	-0.32553	-0.318618	-0.28404	-0.343747	-0.302619	-0.324681	-0.331286	-0.343576	-0.363972	-0.317595	-0.34002	-0.391066	-0.324581	-0.349325	-0.404527	-0.336726	-0.365516	-0.311253	-0.332584	-0.336718	-0.330457	-0.344245	-0.32137	-0.346679	-0.331128	-0.339115	-0.366078	-0.320266	-0.340354	-0.36616	-0.319258	-0.380214	-0.342538	-0.298627	-0.359381	-0.35584	-0.339366	-0.32746	-0.380767	-0.369211	-0.308836	-0.408348	-0.327095	-0.321831	-0.371219	-0.359081	-0.34623	-0.383868	-0.302912	-0.310661	-0.38469	-0.398262	-0.333586	-0.297059	-0.360222	-0.386418	-0.355074	-0.315344	-0.363993	-0.351025	-0.321498	-0.333583	-0.347225	-0.409709	-0.318785	-0.404959	-0.324174	-0.334673	-0.324271	-0.311264	-0.312341	-0.425077	-0.34703	-0.344685	-0.358589	-0.363794	-0.310212	-0.344785	-0.318992	-0.378263	-0.336161	-0.333846	-0.362818	-0.376626	-0.370216	-0.334793	-0.299337	-0.33877	-0.390773	-0.361683	-0.35178	-0.328038	-0.322301	-0.332664	-0.347648	-0.342085	-0.353423	-0.352179	-0.377012	-0.359795	-0.327042	-0.31184	-0.357983	-0.33506	-0.339042	-0.289225	-0.29527	-0.303115	-0.363153	-0.331884	-0.33582	-0.344479	-0.329285	-0.323208	-0.330341	-0.330339	-0.353627	-0.334594	-0.319285	-0.328549	-0.320876	-0.289278	-0.307908	-0.380564	-0.317949	-0.330699	-0.337752	-0.347234	-0.334806	-0.331638	-0.31441	-0.350279	-0.308412	-0.308698	-0.347535	-0.299669	-0.343693	-0.334948	-0.327878	-0.382896	-0.356801	-0.338292	-0.346408	-0.360748	-0.312229	-0.372893	-0.364544	-0.314979	-0.390177	-0.364911	-0.352875	-0.328888	-0.323457	-0.320098	-0.350398	-0.317579	-0.358986	-0.40156	-0.298809	-0.35599	-0.375739	-0.347923	-0.353654	-0.387803	-0.343054	-0.308722	-0.359523	-0.315007	-0.381771	-0.387414	-0.304634	-0.347259	-0.353855	-0.308342	-0.356555	-0.378633	-0.316003	-0.321361	-0.393309	-0.347702	-0.335225	-0.35731	-0.298105	-0.349954	-0.352196	-0.362867	-0.347292	-0.324853	-0.312419	-0.341939	-0.329942	-0.316606	-0.318794	-0.287638	-0.347261	-0.37215	-0.405289	-0.33734	-0.368166	-0.391954	-0.314135	-0.39654	-0.317376	-0.296417	-0.40354	-0.329797	-0.364058	-0.383061	-0.31363	-0.363822	-0.320205	-0.347432	-0.342447	-0.336098	-0.350139	-0.323572	-0.316244	-0.382845	-0.325318	-0.347315	-0.344513	-0.388586	-0.3342	-0.323554	-0.422618	-0.308636	-0.36159	-0.33795	-0.41074	-0.354574	-0.321345	-0.338817	-0.275527	-0.350139	-0.295277	-0.333323	-0.409298	-0.446128	-0.32254	-0.296785	-0.311716	-0.304043	-0.382331	-0.436253	-0.312965	-0.273226	-0.274689	-0.406642	-0.370914	-0.377151	-0.287807	-0.393217	-0.430845	-0.28777	-0.325318	-0.31363	-0.362522	-0.29339	-0.346608	-0.319519	-0.37404	-0.304147	-0.323554	-0.296417	-0.266014	-0.31523	-0.347432	-0.307953	-0.326273	-0.287807	-0.326589	-0.338817	-0.381149	-0.358158	-0.436876	-0.315327	-0.308636	-0.388586	-0.31363	-0.350681	-0.363542	-0.418467	-0.351619	-0.322615	-0.308636	-0.3728	-0.323179	-0.336688	-0.320205	-0.37404	-0.308636	-0.316244	-0.294583	-0.449037	-0.347388	-0.297083	-0.319519	-0.322372	-0.296417	-0.350139	-0.390433	-0.295552	-0.305284	-0.359312	-0.424319	-0.359	-0.331798	-0.319519	-0.361998	-0.341069	-0.330301	-0.390177	-0.383061	-0.304043	-0.335206	-0.335053	-0.338817	-0.370914	-0.304406	-0.379203	-0.347432	-0.32461	-0.347388	-0.295552	-0.40354	-0.338817	-0.380178	-0.31282	-0.336688	-0.350139	-0.327124	-0.384683	-0.353002	-0.308636	-0.383323	-0.323554	-0.311716	-0.304406	-0.335053	-0.358839	-0.304406	-0.31402	-0.335206	-0.351113	-0.344578	-0.354068	-0.352362	-0.313715	-0.300863	-0.312965	-0.323572	-0.348461	-0.338817	-0.344578	-0.344578	-0.321345	-0.307948	-0.39654	-0.353291	-0.367666	-0.341035	-0.350139	-0.300863	-0.336688	-0.354285	-0.344513	-0.35348	-0.304406	-0.381149	-0.353291	-0.290498	-0.373589	-0.385613	-0.326273	-0.312569	-0.31439	-0.319981	-0.331798	-0.315872	-0.322372	-0.32461	-0.340514	-0.442239	-0.299577	-0.321521	-0.304043	-0.304406	-0.353002	-0.376035	-0.376035	-0.321162	-0.296574	-0.348461	-0.358416	-0.393217	-0.329978	-0.321345	-0.304406	-0.385613
16000	intercept	0.422456	0.424543	0.34826	0.368705	0.405455	0.385945	0.383009	0.420217	0.417061	0.414928	0.393426	0.412489	0.441143	0.414268	0.403479	0.450253	0.438036	0.442998	0.414627	0.381411	0.395101	0.409044	0.389438	0.394102	0.373009	0.385932	0.417822	0.415202	0.437902	0.413405	0.433335	0.377766	0.413826	0.401667	0.394666	0.417226	0.429347	0.42995	0.421825	0.459074	0.422047	0.399027	0.460802	0.453539	0.36936	0.408561	0.417856	0.380349	0.45525	0.385512	0.36034	0.446116	0.466623	0.394155	0.344897	0.442843	0.458391	0.410059	0.376847	0.414635	0.423852	0.422579	0.43138	0.431969	0.458926	0.395878	0.465552	0.377426	0.383715	0.352012	0.390218	0.376924	0.454563	0.390096	0.391562	0.424059	0.385476	0.387498	0.386793	0.371705	0.42261	0.405984	0.383141	0.428716	0.456685	0.418262	0.428913	0.375004	0.385099	0.452632	0.446218	0.364616	0.378951	0.38868	0.376814	0.42985	0.443247	0.416437	0.428925	0.43097	0.452963	0.409383	0.365131	0.411173	0.403499	0.414118	0.415869	0.351214	0.408513	0.414948	0.390816	0.382048	0.411321	0.393496	0.396612	0.432823	0.381329	0.429827	0.392257	0.394188	0.37315	0.373033	0.385077	0.393574	0.450588	0.431006	0.388962	0.414739	0.394717	0.394685	0.426239	0.375244	0.418657	0.353061	0.389736	0.425512	0.387571	0.412508	0.397589	0.408782	0.417647	0.431371	0.415198	0.432658	0.396915	0.386385	0.45919	0.420738	0.406862	0.445936	0.415663	0.380421	0.380047	0.413069	0.434062	0.441781	0.367634	0.419634	0.467341	0.405014	0.434308	0.408184	0.387413	0.429302	0.442426	0.389395	0.373774	0.424329	0.4097	0.445353	0.45629	0.409872	0.437808	0.423862	0.362319	0.408381	0.417832	0.38432	0.393685	0.444883	0.419221	0.440518	0.431957	0.394715	0.407514	0.423857	0.427491	0.399521	0.395779	0.400182	0.41123	0.372983	0.39837	0.367442	0.378213	0.419271	0.439884	0.438155	0.42619	0.414106	0.444239	0.411713	0.450023	0.369967	0.381069	0.451545	0.379248	0.450456	0.433585	0.396697	0.435403	0.395784	0.433349	0.435301	0.44285	0.384935	0.373613	0.408349	0.428401	0.408541	0.430658	0.369321	0.467924	0.402099	0.370026	0.472282	0.378607	0.431839	0.353234	0.450023	0.406398	0.378234	0.390779	0.384099	0.384935	0.407828	0.380949	0.450023	0.465268	0.379602	0.415731	0.344761	0.399397	0.471853	0.465268	0.387847	0.392399	0.384099	0.475177	0.412714	0.455421	0.388762	0.446991	0.465536	0.346057	0.408541	0.396697	0.477891	0.353311	0.415886	0.409198	0.425198	0.422884	0.370026	0.381069	0.384099	0.382792	0.433349	0.370789	0.421776	0.388762	0.397009	0.402277	0.468405	0.398285	0.470822	0.409359	0.378607	0.467924	0.419941	0.406398	0.431839	0.425536	0.448461	0.430658	0.373848	0.442095	0.396404	0.441793	0.395784	0.425198	0.378607	0.358665	0.370397	0.470822	0.387422	0.345654	0.409198	0.409198	0.381069	0.384935	0.450023	0.407828	0.402468	0.481547	0.460272	0.376432	0.406398	0.409198	0.424126	0.417709	0.409445	0.438048	0.435567	0.399397	0.380046	0.427261	0.390779	0.419408	0.380461	0.453034	0.433349	0.381761	0.395025	0.407828	0.451545	0.390779	0.470797	0.402368	0.427935	0.384935	0.409198	0.440928	0.416094	0.370397	0.454481	0.370026	0.354705	0.378065	0.427261	0.415817	0.391676	0.404931	0.390672	0.394796	0.402752	0.427261	0.365782	0.422691	0.421078	0.387847	0.379248	0.367693	0.390779	0.386638	0.39573	0.378234	0.368109	0.44088	0.39629	0.416984	0.430658	0.384935	0.421078	0.443379	0.464495	0.369321	0.45765	0.374249	0.468405	0.406398	0.374073	0.410537	0.401436	0.421776	0.438068	0.394214	0.409198	0.406398	0.418696	0.409198	0.381761	0.406398	0.465268	0.347846	0.40533	0.41041	0.380461	0.416372	0.448367	0.448367	0.370026	0.373051	0.367693	0.431839	0.446991	0.384071	0.380105	0.379094	0.401436
17000	slope	-0.374182	-0.331896	-0.325885	-0.302892	-0.382491	-0.392582	-0.338966	-0.390108	-0.406352	-0.314523	-0.333868	-0.426332	-0.384726	-0.342783	-0.357807	-0.387091	-0.349235	-0.37927	-0.357359	-0.341939	-0.343243	-0.379854	-0.410707	-0.366609	-0.35105	-0.407304	-0.390126	-0.340598	-0.33198	-0.353702	-0.382997	-0.339328	-0.347209	-0.356833	-0.338622	-0.373597	-0.312586	-0.341451	-0.368013	-0.382898	-0.326214	-0.368711	-0.373946	-0.38326	-0.363418	-0.374505	-0.329108	-0.350268	-0.347296	-0.351343	-0.365442	-0.346336	-0.324232	-0.326961	-0.367731	-0.384136	-0.41844	-0.375937	-0.424312	-0.386921	-0.275648	-0.355953	-0.373921	-0.388773	-0.34191	-0.39644	-0.35959	-0.401042	-0.412942	-0.328502	-0.360064	-0.371031	-0.416071	-0.378993	-0.334469	-0.329215	-0.385239	-0.342196	-0.346942	-0.369659	-0.357661	-0.330374	-0.37622	-0.334329	-0.401909	-0.335112	-0.379293	-0.393281	-0.412707	-0.345694	-0.393709	-0.354772	-0.407835	-0.374239	-0.415472	-0.36261	-0.3458	-0.332161	-0.395295	-0.324139	-0.371155	-0.359086	-0.303581	-0.40473	-0.351681	-0.373106	-0.331273	-0.345697	-0.344047	-0.401361	-0.400684	-0.349317	-0.338332	-0.354467	-0.305067	-0.373745	-0.344672	-0.313462	-0.409558	-0.352423	-0.363654	-0.368279	-0.390076	-0.407343	-0.315094	-0.403344	-0.36783	-0.422327	-0.361145	-0.362228	-0.324441	-0.328348	-0.397014	-0.343935	-0.325237	-0.371387	-0.362775	-0.342725	-0.436287	-0.337905	-0.342705	-0.383287	-0.37952	-0.411004	-0.336393	-0.355144	-0.363726	-0.388529	-0.332322	-0.376258	-0.359582	-0.403048	-0.370138	-0.389468	-0.338456	-0.342939	-0.365798	-0.390756	-0.317759	-0.332242	-0.360189	-0.366891	-0.382687	-0.388449	-0.330332	-0.334251	-0.313207	-0.348785	-0.374259	-0.380322	-0.364003	-0.352624	-0.377086	-0.375331	-0.378434	-0.364185	-0.381386	-0.32934	-0.356408	-0.333571	-0.314967	-0.396966	-0.393042	-0.335575	-0.349829	-0.370869	-0.358543	-0.387791	-0.325316	-0.391717	-0.347993	-0.40438	-0.385859	-0.350847	-0.379313	-0.324339	-0.380214	-0.317262	-0.375567	-0.342866	-0.481261	-0.355816	-0.310765	-0.338918	-0.355682	-0.373292	-0.362591	-0.412064	-0.324753	-0.39161	-0.319065	-0.373292	-0.364531	-0.446012	-0.329613	-0.287287	-0.297767	-0.429667	-0.285873	-0.446012	-0.360435	-0.398896	-0.353722	-0.402142	-0.350594	-0.429667	-0.361753	-0.353913	-0.330431	-0.443229	-0.330431	-0.306171	-0.316341	-0.327379	-0.323115	-0.285873	-0.287547	-0.360811	-0.311421	-0.28884	-0.33202	-0.331472	-0.399236	-0.296494	-0.40713	-0.358775	-0.347276	-0.338605	-0.422433	-0.304929	-0.28884	-0.313581	-0.361753	-0.366403	-0.334108	-0.39161	-0.378303	-0.354726	-0.348853	-0.404475	-0.400763	-0.40775	-0.353226	-0.353444	-0.357305	-0.345699	-0.413268	-0.422327	-0.336578	-0.386584	-0.246391	-0.346589	-0.33202	-0.34739	-0.287547	-0.412064	-0.351428	-0.417544	-0.313581	-0.448535	-0.359035	-0.360052	-0.393587	-0.361753	-0.335014	-0.359975	-0.34845	-0.360906	-0.287547	-0.40775	-0.39193	-0.321214	-0.302892	-0.287547	-0.334108	-0.362591	-0.346589	-0.366383	-0.357283	-0.345146	-0.282831	-0.362591	-0.33202	-0.287547	-0.336415	-0.378241	-0.40775	-0.345146	-0.414553	-0.329613	-0.289698	-0.412064	-0.362591	-0.404475	-0.39161	-0.442908	-0.316341	-0.355816	-0.352159	-0.36355	-0.412064	-0.304905	-0.34739	-0.414553	-0.40686	-0.395462	-0.358465	-0.364531	-0.299843	-0.422014	-0.360906	-0.357212	-0.373402	-0.298652	-0.386584	-0.330431	-0.304905	-0.28884	-0.345146	-0.406295	-0.366982	-0.328854	-0.34935	-0.33202	-0.377684	-0.373055	-0.310765	-0.328689	-0.325705	-0.359271	-0.359975	-0.302892	-0.317411	-0.33732	-0.345699	-0.350298	-0.414553	-0.40686	-0.380273	-0.380558	-0.358444	-0.412286	-0.348863	-0.373402	-0.431893	-0.3717	-0.340491	-0.343353	-0.362591	-0.360906	-0.418542	-0.331472	-0.40686	-0.331472	-0.345387	-0.357305	-0.302892	-0.38508	-0.287547	-0.442908	-0.333043	-0.346557	-0.381645	-0.299843	-0.386419	-0.316851	-0.414553	-0.357305	-0.312368	-0.370038	-0.329613	-0.396893	-0.373402	-0.328854	-0.3717	-0.297767	-0.40686	-0.336578	-0.413899	-0.352159
17000	intercept	0.453716	0.451522	0.431452	0.377796	0.459232	0.4796	0.395251	0.432633	0.451775	0.365062	0.403665	0.479044	0.437444	0.444704	0.414247	0.414654	0.401308	0.443434	0.386757	0.414454	0.394907	0.444109	0.456428	0.441619	0.425764	0.445914	0.43867	0.425909	0.452319	0.447061	0.447591	0.369819	0.395042	0.443824	0.419792	0.440124	0.385796	0.441776	0.469607	0.432207	0.397276	0.426952	0.401296	0.439858	0.464818	0.417665	0.386339	0.400257	0.367627	0.39616	0.400098	0.384341	0.392203	0.40955	0.425924	0.423651	0.465677	0.42987	0.445546	0.465911	0.369345	0.442807	0.472603	0.407703	0.396901	0.458757	0.446048	0.486995	0.463396	0.386425	0.395937	0.421974	0.45279	0.460641	0.458926	0.433984	0.417077	0.452849	0.446474	0.454285	0.394206	0.403156	0.474292	0.382131	0.445125	0.390291	0.45474	0.401716	0.438577	0.462319	0.453855	0.466018	0.441472	0.445908	0.456705	0.412609	0.418927	0.369112	0.467521	0.387219	0.45541	0.433768	0.399306	0.448288	0.416641	0.445903	0.365201	0.390272	0.423241	0.426231	0.442709	0.42659	0.42331	0.43374	0.373011	0.418185	0.415665	0.404452	0.440517	0.41996	0.417856	0.43487	0.441363	0.470284	0.453529	0.477171	0.431551	0.473276	0.453493	0.407552	0.409626	0.392035	0.46791	0.396059	0.399564	0.424289	0.409473	0.391188	0.438815	0.39523	0.437777	0.459288	0.453024	0.450769	0.426492	0.410639	0.382887	0.405849	0.365505	0.431271	0.398035	0.45905	0.458784	0.452085	0.427154	0.444668	0.440375	0.424766	0.415969	0.379024	0.42452	0.460928	0.442026	0.411166	0.356003	0.398783	0.403999	0.403301	0.469471	0.464317	0.393489	0.399357	0.432878	0.430518	0.425967	0.419172	0.423152	0.389066	0.414261	0.433612	0.400128	0.454661	0.463989	0.403665	0.409329	0.394759	0.448347	0.452716	0.413863	0.453053	0.424072	0.459295	0.39584	0.427044	0.434388	0.400392	0.421201	0.402326	0.432022	0.423726	0.447106	0.45257	0.377885	0.422762	0.407197	0.442764	0.422566	0.488168	0.441099	0.457042	0.441781	0.442764	0.478454	0.433918	0.368002	0.352663	0.385276	0.4377	0.36184	0.433918	0.479042	0.496633	0.411203	0.494095	0.379111	0.4377	0.359541	0.473649	0.435413	0.440058	0.435413	0.390902	0.404405	0.391698	0.385054	0.36184	0.406156	0.415684	0.381682	0.388181	0.354593	0.369914	0.471174	0.376547	0.484604	0.404399	0.434252	0.409603	0.498787	0.353222	0.388181	0.357348	0.368217	0.423839	0.415502	0.457042	0.483392	0.407453	0.368057	0.460772	0.475499	0.456341	0.478454	0.413208	0.471581	0.465282	0.488224	0.477738	0.424276	0.419081	0.359378	0.421806	0.354593	0.379111	0.397371	0.488168	0.441092	0.479894	0.357348	0.444678	0.459829	0.389538	0.44836	0.382548	0.355057	0.407197	0.415289	0.4055	0.388252	0.456341	0.455077	0.372837	0.372776	0.397371	0.416962	0.425306	0.421806	0.451368	0.441092	0.415559	0.352663	0.422566	0.354593	0.406156	0.440066	0.45257	0.456341	0.43323	0.461465	0.36643	0.415911	0.488168	0.422566	0.461096	0.449035	0.43993	0.404405	0.45257	0.413208	0.419802	0.488168	0.384754	0.379111	0.463275	0.449581	0.461973	0.465952	0.478454	0.397447	0.454634	0.408865	0.379685	0.430896	0.379311	0.419081	0.432357	0.379311	0.406156	0.43323	0.473115	0.439476	0.380038	0.406157	0.354593	0.495002	0.414762	0.378937	0.375809	0.36957	0.468128	0.407197	0.372776	0.384706	0.449797	0.465282	0.468661	0.463275	0.449581	0.473645	0.467747	0.441092	0.455999	0.414318	0.430896	0.42858	0.451898	0.463274	0.444515	0.422566	0.4055	0.436295	0.36796	0.449581	0.36796	0.413871	0.471581	0.372776	0.457432	0.388252	0.43993	0.394046	0.379111	0.459053	0.397447	0.412763	0.355057	0.463275	0.468671	0.346186	0.372751	0.36643	0.444738	0.430896	0.380038	0.480587	0.385276	0.449581	0.424276	0.451707	0.413208
18000	slope	-0.408426	-0.383762	-0.408491	-0.33924	-0.371305	-0.365342	-0.385253	-0.361773	-0.394783	-0.322215	-0.374686	-0.347636	-0.385477	-0.354137	-0.343622	-0.375041	-0.361441	-0.385697	-0.387376	-0.37356	-0.41227	-0.34125	-0.366938	-0.355494	-0.341758	-0.378476	-0.328359	-0.42523	-0.408148	-0.38809	-0.402714	-0.364462	-0.409906	-0.377762	-0.317275	-0.351319	-0.31767	-0.392861	-0.355096	-0.346426	-0.377051	-0.336721	-0.340862	-0.377581	-0.415387	-0.336538	-0.413112	-0.349954	-0.416173	-0.320522	-0.391879	-0.331278	-0.336042	-0.405286	-0.37342	-0.328973	-0.418812	-0.36161	-0.3982	-0.402719	-0.355463	-0.352563	-0.345164	-0.411016	-0.354037	-0.37844	-0.382001	-0.397408	-0.402231	-0.343941	-0.3887	-0.404519	-0.402548	-0.380399	-0.412004	-0.405455	-0.364029	-0.393821	-0.377749	-0.405788	-0.363354	-0.341467	-0.375438	-0.407274	-0.380755	-0.329323	-0.403536	-0.418243	-0.368706	-0.395681	-0.392754	-0.359313	-0.363319	-0.341649	-0.380269	-0.416101	-0.357457	-0.39794	-0.320322	-0.347908	-0.40528	-0.342197	-0.40746	-0.39334	-0.37101	-0.402729	-0.345124	-0.351899	-0.356224	-0.358513	-0.410908	-0.385854	-0.404536	-0.336383	-0.402579	-0.404931	-0.380413	-0.386456	-0.391122	-0.351903	-0.365295	-0.369597	-0.406243	-0.387485	-0.390728	-0.379148	-0.384281	-0.309515	-0.401089	-0.323526	-0.428118	-0.367116	-0.359591	-0.377336	-0.276748	-0.366038	-0.417431	-0.376391	-0.381641	-0.340049	-0.389087	-0.39018	-0.398213	-0.382117	-0.344357	-0.399526	-0.37963	-0.394196	-0.397254	-0.34864	-0.346278	-0.392291	-0.364074	-0.396029	-0.355305	-0.363619	-0.378976	-0.407461	-0.394332	-0.366702	-0.367968	-0.372739	-0.415214	-0.351882	-0.347869	-0.305205	-0.295309	-0.37596	-0.300738	-0.300303	-0.390862	-0.409182	-0.359792	-0.310417	-0.353268	-0.301652	-0.389762	-0.377766	-0.392583	-0.386507	-0.305296	-0.390448	-0.35572	-0.412126	-0.356168	-0.388131	-0.349317	-0.382506	-0.296665	-0.291591	-0.418055	-0.325609	-0.350911	-0.313784	-0.363196	-0.409695	-0.396295	-0.319697	-0.37273	-0.372301	-0.368306	-0.392211	-0.312047	-0.339185	-0.357765	-0.400257	-0.408669	-0.345598	-0.436967	-0.388689	-0.390167	-0.305685	-0.363922	-0.447905	-0.401669	-0.313748	-0.406162	-0.408669	-0.369413	-0.390338	-0.430372	-0.397804	-0.385492	-0.316957	-0.295196	-0.351227	-0.43804	-0.430372	-0.442237	-0.407436	-0.410631	-0.386299	-0.385492	-0.358887	-0.424745	-0.332882	-0.392964	-0.298024	-0.42495	-0.380434	-0.421886	-0.390338	-0.413364	-0.401684	-0.407775	-0.302228	-0.420359	-0.318318	-0.287819	-0.406189	-0.430372	-0.401378	-0.447873	-0.359229	-0.447873	-0.430372	-0.357765	-0.430372	-0.287819	-0.377749	-0.296873	-0.29107	-0.411276	-0.33915	-0.38821	-0.390655	-0.405388	-0.316957	-0.302228	-0.398586	-0.350127	-0.382675	-0.414612	-0.255107	-0.443713	-0.296873	-0.40036	-0.414071	-0.409724	-0.38821	-0.313536	-0.444043	-0.406189	-0.320505	-0.420359	-0.291106	-0.299547	-0.294156	-0.400257	-0.302228	-0.386479	-0.407775	-0.399686	-0.33915	-0.339185	-0.421738	-0.39807	-0.407436	-0.294156	-0.336165	-0.399748	-0.421738	-0.395385	-0.363525	-0.420694	-0.334615	-0.285282	-0.422765	-0.460141	-0.411201	-0.373707	-0.320505	-0.301446	-0.407436	-0.407401	-0.424454	-0.389454	-0.426426	-0.379499	-0.383832	-0.312019	-0.380434	-0.406832	-0.413914	-0.43892	-0.443327	-0.313718	-0.380104	-0.374872	-0.415711	-0.400257	-0.380434	-0.287819	-0.303281	-0.413914	-0.414311	-0.40036	-0.415338	-0.368884	-0.388861	-0.43804	-0.298272	-0.298377	-0.322093	-0.440319	-0.390655	-0.295196	-0.329694	-0.407504	-0.411166	-0.393528	-0.414606	-0.416383	-0.339185	-0.298024	-0.340448	-0.413079	-0.298377	-0.388915	-0.420896	-0.302228	-0.406162	-0.430372	-0.345598	-0.298024	-0.357765	-0.400324	-0.390237	-0.406189	-0.255107	-0.400257	-0.359229	-0.302228	-0.396037	-0.298377	-0.368306	-0.299547	-0.400257	-0.392304	-0.368032	-0.388689	-0.30166	-0.40036	-0.378814	-0.287819	-0.323372	-0.385601	-0.305935	-0.416383	-0.333113	-0.399686	-0.385492	-0.298377	-0.400257	-0.333176	-0.296456	-0.443713	-0.391034	-0.402619	-0.388915
18000	intercept	0.476648	0.431169	0.432358	0.448515	0.439937	0.435562	0.458123	0.431701	0.434958	0.379203	0.441363	0.436363	0.431039	0.420823	0.430985	0.427942	0.406591	0.420497	0.461962	0.427508	0.481726	0.425298	0.42208	0.447418	0.429861	0.434543	0.386253	0.453055	0.476001	0.457885	0.467428	0.434072	0.461181	0.445185	0.399574	0.395464	0.423733	0.462663	0.431739	0.42834	0.457784	0.419558	0.414577	0.450493	0.450906	0.413307	0.475376	0.423937	0.456662	0.449748	0.42935	0.386153	0.426835	0.466658	0.464005	0.421555	0.449503	0.418793	0.465117	0.451582	0.41004	0.435078	0.401217	0.452551	0.458021	0.441188	0.43381	0.473097	0.425137	0.414247	0.434526	0.477536	0.46026	0.415098	0.461073	0.473656	0.394728	0.451411	0.424418	0.461827	0.403236	0.417539	0.42213	0.463478	0.432023	0.413133	0.455265	0.449101	0.412647	0.408411	0.448847	0.443435	0.419783	0.405319	0.450315	0.466013	0.408182	0.406285	0.409811	0.418669	0.469535	0.435809	0.441182	0.434339	0.45203	0.474154	0.416127	0.410548	0.433229	0.442312	0.440064	0.428338	0.443267	0.407876	0.443252	0.466909	0.442382	0.434351	0.444246	0.392241	0.426511	0.446471	0.449801	0.442647	0.443084	0.464207	0.447306	0.383501	0.447765	0.405729	0.471835	0.423284	0.399447	0.440005	0.351094	0.439683	0.456354	0.446441	0.442424	0.431313	0.469687	0.479685	0.461804	0.436605	0.414577	0.467592	0.440753	0.450451	0.42001	0.362087	0.393239	0.495827	0.447027	0.458146	0.412561	0.441176	0.40082	0.470916	0.424361	0.424349	0.416385	0.415293	0.432176	0.431624	0.459779	0.416115	0.397381	0.407171	0.369177	0.408087	0.461806	0.461329	0.409847	0.372009	0.409253	0.364894	0.423298	0.44209	0.444087	0.433824	0.426641	0.449967	0.454825	0.483476	0.391964	0.424268	0.426972	0.468152	0.426641	0.358609	0.456954	0.405978	0.397191	0.364924	0.431435	0.435268	0.449157	0.410735	0.443084	0.433471	0.43398	0.436356	0.405994	0.443017	0.402295	0.457337	0.445004	0.380134	0.46946	0.433359	0.444888	0.402586	0.405965	0.48379	0.444888	0.357467	0.474499	0.435947	0.436857	0.439538	0.462985	0.461431	0.468446	0.365965	0.391509	0.40881	0.470702	0.463974	0.464651	0.413881	0.476661	0.429521	0.480049	0.424545	0.474179	0.38495	0.455653	0.369304	0.487164	0.402535	0.428928	0.452635	0.455136	0.469171	0.450869	0.417237	0.430217	0.398936	0.333696	0.47672	0.434613	0.498703	0.431414	0.416816	0.431414	0.462985	0.402295	0.462985	0.34115	0.414856	0.426641	0.388767	0.49943	0.424769	0.467522	0.44018	0.455136	0.392171	0.423483	0.447812	0.379565	0.42796	0.49356	0.361038	0.478477	0.4388	0.431115	0.467522	0.462146	0.467522	0.400495	0.472033	0.47672	0.380286	0.423799	0.385033	0.423987	0.408443	0.455007	0.398009	0.49031	0.450869	0.485123	0.40946	0.417653	0.431414	0.441279	0.437424	0.39711	0.433436	0.435721	0.431414	0.435721	0.444888	0.453101	0.378327	0.450888	0.46946	0.470702	0.454024	0.463034	0.380286	0.310407	0.437424	0.458442	0.462985	0.44481	0.469304	0.444584	0.43098	0.419779	0.402535	0.455136	0.455136	0.431414	0.478477	0.426641	0.497052	0.467522	0.462774	0.461277	0.402535	0.357256	0.351965	0.455136	0.411713	0.431115	0.452127	0.398359	0.443627	0.474035	0.342992	0.398936	0.41128	0.472033	0.44018	0.391509	0.351965	0.496123	0.438246	0.455046	0.469544	0.462774	0.423081	0.391276	0.402828	0.483614	0.402586	0.424964	0.446967	0.422162	0.474499	0.460684	0.392317	0.391276	0.390497	0.464571	0.453689	0.456274	0.361038	0.455007	0.421522	0.423483	0.446288	0.398936	0.418505	0.401505	0.457337	0.444146	0.468554	0.433359	0.381947	0.431115	0.433302	0.34115	0.381947	0.384231	0.398936	0.462774	0.417923	0.485123	0.468446	0.398936	0.461277	0.405224	0.425151	0.478477	0.468594	0.464913	0.417409
19000	slope	-0.313117	-0.378667	-0.369095	-0.393745	-0.337161	-0.410531	-0.383158	-0.340459	-0.379305	-0.385287	-0.37211	-0.406826	-0.326844	-0.373463	-0.382478	-0.372223	-0.43124	-0.400726	-0.430914	-0.367167	-0.397233	-0.368107	-0.375179	-0.353805	-0.382865	-0.38447	-0.398946	-0.365882	-0.383671	-0.387034	-0.339804	-0.3599	-0.400972	-0.343992	-0.358119	-0.372527	-0.387215	-0.347873	-0.390203	-0.326557	-0.315263	-0.370314	-0.324883	-0.362965	-0.367202	-0.33996	-0.389082	-0.334947	-0.342256	-0.372926	-0.410473	-0.29874	-0.416962	-0.370197	-0.399415	-0.321733	-0.332312	-0.33626	-0.393715	-0.428083	-0.390124	-0.393328	-0.406513	-0.384718	-0.340846	-0.380368	-0.361226	-0.380553	-0.331284	-0.379353	-0.387683	-0.345481	-0.371091	-0.380281	-0.388017	-0.389733	-0.407578	-0.391653	-0.391518	-0.367318	-0.395664	-0.315632	-0.395166	-0.402525	-0.383712	-0.316206	-0.365374	-0.317235	-0.330272	-0.377183	-0.414839	-0.329507	-0.368046	-0.410914	-0.382215	-0.380419	-0.36909	-0.341499	-0.364587	-0.39399	-0.358477	-0.315761	-0.405039	-0.391819	-0.32023	-0.372295	-0.396327	-0.331829	-0.403598	-0.372865	-0.334088	-0.359154	-0.430661	-0.366363	-0.400504	-0.372067	-0.349656	-0.335918	-0.345687	-0.376749	-0.366889	-0.369614	-0.394878	-0.414144	-0.349806	-0.345707	-0.325013	-0.398733	-0.41371	-0.350237	-0.334893	-0.345281	-0.303788	-0.329568	-0.406148	-0.396287	-0.342496	-0.380871	-0.382463	-0.371528	-0.384945	-0.368534	-0.352725	-0.392616	-0.38334	-0.354104	-0.413402	-0.400979	-0.337702	-0.413045	-0.341212	-0.352819	-0.289856	-0.368174	-0.34339	-0.351704	-0.416637	-0.377342	-0.340593	-0.41417	-0.395127	-0.384485	-0.442222	-0.394798	-0.375812	-0.371215	-0.393062	-0.334311	-0.373757	-0.382367	-0.364745	-0.403833	-0.330886	-0.379101	-0.302498	-0.376936	-0.323928	-0.415508	-0.3674	-0.392647	-0.40469	-0.385864	-0.414108	-0.353354	-0.304384	-0.345687	-0.37987	-0.411624	-0.3412	-0.348936	-0.380119	-0.32387	-0.294917	-0.296345	-0.388826	-0.351525	-0.3737	-0.417364	-0.341271	-0.417716	-0.295821	-0.381723	-0.416058	-0.439045	-0.376036	-0.415628	-0.419503	-0.395746	-0.433286	-0.373768	-0.291027	-0.448922	-0.346942	-0.351336	-0.294345	-0.298024	-0.391972	-0.278338	-0.383433	-0.381494	-0.306584	-0.308691	-0.343991	-0.376159	-0.333514	-0.369346	-0.371294	-0.441272	-0.326513	-0.350921	-0.381494	-0.364358	-0.336857	-0.375075	-0.365325	-0.371574	-0.26864	-0.402325	-0.395881	-0.365325	-0.286209	-0.333081	-0.35473	-0.434867	-0.381494	-0.336857	-0.291027	-0.447543	-0.312831	-0.364358	-0.402737	-0.348838	-0.37438	-0.381494	-0.381397	-0.385706	-0.373471	-0.291027	-0.303	-0.433587	-0.318973	-0.402325	-0.306584	-0.321034	-0.373297	-0.385706	-0.357402	-0.436345	-0.3519	-0.404721	-0.393682	-0.383242	-0.305705	-0.366491	-0.333081	-0.367437	-0.412419	-0.375075	-0.373297	-0.321002	-0.385007	-0.363977	-0.302197	-0.416818	-0.371859	-0.370279	-0.381494	-0.364765	-0.357083	-0.302197	-0.390997	-0.330977	-0.344778	-0.380786	-0.365325	-0.390997	-0.344778	-0.306453	-0.367987	-0.37438	-0.423912	-0.357663	-0.392362	-0.38672	-0.38672	-0.449865	-0.363977	-0.369114	-0.385706	-0.350919	-0.404108	-0.384107	-0.281456	-0.373297	-0.381494	-0.369715	-0.402145	-0.385007	-0.437942	-0.364358	-0.289604	-0.361818	-0.305441	-0.384597	-0.344778	-0.377774	-0.407169	-0.362225	-0.286209	-0.306453	-0.402737	-0.305705	-0.378006	-0.378006	-0.370279	-0.434867	-0.352438	-0.387444	-0.362225	-0.38672	-0.298004	-0.321034	-0.370279	-0.381494	-0.358426	-0.287731	-0.289394	-0.340125	-0.378006	-0.426941	-0.381494	-0.336857	-0.364358	-0.383168	-0.365325	-0.381424	-0.346113	-0.291025	-0.385969	-0.385007	-0.311411	-0.394447	-0.340125	-0.348484	-0.295821	-0.350919	-0.367987	-0.37791	-0.321034	-0.408303	-0.383059	-0.381494	-0.267164	-0.371859	-0.381494	-0.281456	-0.336435	-0.393218	-0.390997	-0.412419	-0.375075	-0.365018	-0.385969	-0.443346	-0.447546	-0.381136	-0.35473	-0.441168	-0.441168	-0.38672	-0.394867	-0.439045	-0.395881	-0.402689	-0.379408	-0.36811	-0.438847	-0.438847	-0.368193	-0.385706
19000	intercept	0.422979	0.417162	0.439858	0.450605	0.434552	0.435529	0.452258	0.419669	0.440438	0.455944	0.406845	0.434681	0.402565	0.416204	0.411924	0.440036	0.407979	0.43905	0.468167	0.464406	0.481225	0.43047	0.418445	0.448658	0.440807	0.444289	0.437968	0.459519	0.443968	0.396658	0.426832	0.420906	0.469093	0.411411	0.458097	0.457404	0.46803	0.428935	0.47402	0.405411	0.368538	0.441832	0.407691	0.441579	0.422081	0.417494	0.45332	0.398377	0.449553	0.442233	0.458139	0.370731	0.474708	0.411188	0.438145	0.417264	0.404531	0.388757	0.434071	0.439802	0.438585	0.432978	0.452316	0.422977	0.411118	0.449952	0.406193	0.450044	0.412663	0.445786	0.429856	0.45834	0.438836	0.432939	0.428039	0.443748	0.441786	0.430102	0.433161	0.436062	0.445467	0.407897	0.442294	0.454664	0.43507	0.386328	0.459503	0.402158	0.415435	0.426629	0.423263	0.408065	0.449586	0.461304	0.412689	0.422027	0.438331	0.406386	0.445102	0.45963	0.430144	0.419537	0.459428	0.426578	0.415195	0.437981	0.425141	0.409516	0.453144	0.448348	0.407232	0.415578	0.481722	0.452368	0.481943	0.401238	0.401462	0.435388	0.401219	0.404729	0.413875	0.411167	0.455971	0.44657	0.401134	0.437854	0.391477	0.451607	0.457279	0.422335	0.395108	0.381667	0.384256	0.410901	0.483477	0.447688	0.419597	0.439899	0.448709	0.420892	0.439525	0.46341	0.418448	0.437787	0.478447	0.448918	0.447272	0.426507	0.403861	0.456221	0.436204	0.418334	0.408855	0.419155	0.40528	0.435475	0.481254	0.420819	0.411581	0.464225	0.46484	0.456566	0.479896	0.413202	0.451323	0.433044	0.457048	0.416766	0.441626	0.452119	0.429841	0.448091	0.421716	0.45244	0.361089	0.467012	0.377515	0.462951	0.424055	0.443401	0.46388	0.454138	0.447595	0.40295	0.410061	0.404703	0.450949	0.498974	0.420387	0.452729	0.453647	0.432532	0.365007	0.397308	0.460228	0.419655	0.459379	0.44362	0.413354	0.451242	0.37612	0.428592	0.457645	0.485315	0.438488	0.492314	0.439213	0.430922	0.473524	0.45312	0.369373	0.470072	0.440643	0.430511	0.359558	0.362642	0.469434	0.41091	0.49708	0.426748	0.383086	0.353522	0.433848	0.47476	0.441264	0.360632	0.41741	0.470126	0.463305	0.428748	0.415112	0.43101	0.418732	0.451796	0.467685	0.431645	0.351187	0.429664	0.437004	0.444985	0.419066	0.373533	0.419296	0.407107	0.416037	0.418732	0.354299	0.469626	0.446311	0.467689	0.397528	0.430956	0.395577	0.408142	0.433588	0.448928	0.397069	0.369373	0.37209	0.452403	0.369395	0.429664	0.383086	0.399735	0.458551	0.448827	0.419532	0.452497	0.429182	0.432684	0.487234	0.389862	0.405463	0.463109	0.387584	0.408142	0.486043	0.451796	0.458551	0.357073	0.457689	0.411325	0.360477	0.426181	0.459519	0.440468	0.422132	0.433848	0.360632	0.359558	0.448827	0.451796	0.473763	0.395577	0.451796	0.448827	0.485723	0.38824	0.452566	0.397169	0.466263	0.425514	0.432684	0.458911	0.450587	0.445119	0.411325	0.360632	0.448827	0.449047	0.445014	0.448079	0.360236	0.439097	0.392819	0.458551	0.445014	0.457689	0.538372	0.464195	0.377753	0.387855	0.400261	0.448827	0.485723	0.449808	0.442446	0.427114	0.41091	0.37209	0.397528	0.405463	0.429664	0.429664	0.440468	0.407107	0.466289	0.426748	0.440991	0.450587	0.386395	0.399735	0.440468	0.392819	0.415604	0.434623	0.360236	0.414665	0.429664	0.448999	0.392819	0.414768	0.464195	0.448827	0.451796	0.453324	0.373533	0.376253	0.449777	0.457689	0.415582	0.493227	0.444757	0.441816	0.37612	0.449047	0.461997	0.492938	0.399735	0.409512	0.430363	0.415112	0.381581	0.459519	0.400873	0.360236	0.404063	0.430807	0.448827	0.486043	0.451796	0.458272	0.433283	0.538372	0.472943	0.493371	0.419296	0.445119	0.445119	0.454228	0.438488	0.4692	0.437004	0.510271	0.442236	0.426898	0.450236	0.450236	0.451796	0.448827
20000	slope	-0.35634	-0.363175	-0.393388	-0.378527	-0.342941	-0.417148	-0.339028	-0.391009	-0.390291	-0.377621	-0.387687	-0.409328	-0.377405	-0.377728	-0.396716	-0.369685	-0.370141	-0.411896	-0.387552	-0.387612	-0.39053	-0.411874	-0.355032	-0.40376	-0.414008	-0.425602	-0.422558	-0.389668	-0.366296	-0.40315	-0.440465	-0.360043	-0.384302	-0.308918	-0.388274	-0.417594	-0.381876	-0.31035	-0.357955	-0.285732	-0.384168	-0.397492	-0.372053	-0.362152	-0.402218	-0.364047	-0.349654	-0.317426	-0.331882	-0.3546	-0.40227	-0.393195	-0.344149	-0.410238	-0.417262	-0.38401	-0.365222	-0.356667	-0.356629	-0.362061	-0.398414	-0.417089	-0.379789	-0.428114	-0.373809	-0.321599	-0.41455	-0.373764	-0.376618	-0.373984	-0.284186	-0.408425	-0.372949	-0.387431	-0.425037	-0.363865	-0.405003	-0.368763	-0.313859	-0.397655	-0.409225	-0.384504	-0.381259	-0.378429	-0.385298	-0.404791	-0.40707	-0.36449	-0.358471	-0.361205	-0.413476	-0.377763	-0.434727	-0.362693	-0.386634	-0.389655	-0.360516	-0.408525	-0.354646	-0.372818	-0.376665	-0.338943	-0.360971	-0.389246	-0.376848	-0.394767	-0.341519	-0.344979	-0.356293	-0.389908	-0.378619	-0.401427	-0.43483	-0.385152	-0.388777	-0.34974	-0.388167	-0.398812	-0.424688	-0.342088	-0.370482	-0.361184	-0.36973	-0.401976	-0.354478	-0.40754	-0.404333	-0.396716	-0.373824	-0.384513	-0.405518	-0.365944	-0.391047	-0.324711	-0.373972	-0.39384	-0.383256	-0.409957	-0.369043	-0.377224	-0.381876	-0.416723	-0.397159	-0.365382	-0.414095	-0.397811	-0.394717	-0.394774	-0.372366	-0.374404	-0.396463	-0.313546	-0.396597	-0.428976	-0.384206	-0.38997	-0.349666	-0.372957	-0.412727	-0.377521	-0.347103	-0.377638	-0.368727	-0.368929	-0.418719	-0.342941	-0.391576	-0.384883	-0.319801	-0.381768	-0.351122	-0.404292	-0.365842	-0.401229	-0.40841	-0.362003	-0.330764	-0.363928	-0.349915	-0.402385	-0.416407	-0.380763	-0.417116	-0.3774	-0.3869	-0.383999	-0.266088	-0.426433	-0.395979	-0.406988	-0.361259	-0.341503	-0.378793	-0.380458	-0.398048	-0.418275	-0.369488	-0.415315	-0.298736	-0.371427	-0.371118	-0.369717	-0.357964	-0.387027	-0.399452	-0.297815	-0.422458	-0.406332	-0.356106	-0.390534	-0.383312	-0.364678	-0.363797	-0.384478	-0.444621	-0.386732	-0.293123	-0.376972	-0.36286	-0.345212	-0.389097	-0.434604	-0.433362	-0.364678	-0.444621	-0.374785	-0.368251	-0.326861	-0.414333	-0.386467	-0.376395	-0.422155	-0.332845	-0.430884	-0.340125	-0.324684	-0.411519	-0.414333	-0.354839	-0.43753	-0.444621	-0.365582	-0.35422	-0.34444	-0.397921	-0.387027	-0.376395	-0.425042	-0.444621	-0.380668	-0.422458	-0.350841	-0.379839	-0.425042	-0.365645	-0.434604	-0.390569	-0.356872	-0.365645	-0.372276	-0.348226	-0.330382	-0.422217	-0.330483	-0.385967	-0.455381	-0.370122	-0.399746	-0.374552	-0.367023	-0.38516	-0.365645	-0.430189	-0.385967	-0.368825	-0.330483	-0.397868	-0.434604	-0.429264	-0.369034	-0.364678	-0.326508	-0.368825	-0.318637	-0.34622	-0.341277	-0.362001	-0.340649	-0.354268	-0.366085	-0.316211	-0.396524	-0.381705	-0.377416	-0.352227	-0.373427	-0.365002	-0.374785	-0.383569	-0.371118	-0.340975	-0.373572	-0.432275	-0.248842	-0.323321	-0.385967	-0.363336	-0.450046	-0.414333	-0.369034	-0.365002	-0.374054	-0.362001	-0.434604	-0.354268	-0.430884	-0.365317	-0.385967	-0.34444	-0.340975	-0.345822	-0.3602	-0.391157	-0.382333	-0.354773	-0.378587	-0.31666	-0.425042	-0.373572	-0.291237	-0.419695	-0.373572	-0.415518	-0.379194	-0.355217	-0.354773	-0.455381	-0.370276	-0.361602	-0.422458	-0.395856	-0.359471	-0.36824	-0.415518	-0.303322	-0.397868	-0.361602	-0.377416	-0.402626	-0.362151	-0.422458	-0.430884	-0.293123	-0.451458	-0.425384	-0.311748	-0.409069	-0.355009	-0.399063	-0.33457	-0.397868	-0.440524	-0.336698	-0.30244	-0.425042	-0.340975	-0.377416	-0.444619	-0.417232	-0.424098	-0.377416	-0.291237	-0.372951	-0.354344	-0.37891	-0.374785	-0.348786	-0.330483	-0.374785	-0.374785	-0.408187	-0.396317	-0.330382	-0.389178	-0.430884	-0.39382	-0.408615	-0.377416	-0.438231	-0.368843	-0.318637	-0.450046	-0.443964	-0.381705	-0.374785	-0.390569	-0.373572	-0.434563	-0.424594	-0.460381
20000	intercept	0.417263	0.442385	0.457178	0.441801	0.391028	0.466505	0.413522	0.434814	0.430733	0.480427	0.473927	0.471285	0.449894	0.474094	0.46414	0.474575	0.43872	0.452038	0.432149	0.452098	0.467772	0.472898	0.441243	0.476541	0.469534	0.443546	0.457749	0.428886	0.432998	0.465395	0.463898	0.406512	0.437212	0.382603	0.441174	0.476547	0.46042	0.396958	0.453567	0.384614	0.464194	0.445163	0.421267	0.412641	0.438367	0.454054	0.425168	0.39173	0.435866	0.420497	0.460391	0.450914	0.430306	0.464379	0.467739	0.459688	0.411956	0.437687	0.394603	0.459985	0.453215	0.45416	0.46621	0.47736	0.438438	0.410517	0.451543	0.420254	0.445067	0.422833	0.360916	0.444464	0.440856	0.441074	0.454347	0.438327	0.437669	0.422347	0.402251	0.447817	0.450748	0.445856	0.418762	0.431792	0.404029	0.447229	0.460298	0.419994	0.396962	0.432667	0.469141	0.43126	0.447791	0.447161	0.457311	0.466642	0.439975	0.446705	0.430527	0.416261	0.453334	0.39339	0.410922	0.455876	0.450346	0.460391	0.408581	0.450043	0.407569	0.462186	0.457595	0.47484	0.47698	0.442467	0.463354	0.462774	0.445072	0.448585	0.48767	0.437792	0.431495	0.423227	0.4352	0.467065	0.418692	0.474504	0.449473	0.469683	0.438077	0.434178	0.468911	0.432463	0.44364	0.407719	0.444661	0.454744	0.441968	0.444484	0.433994	0.43302	0.43027	0.455616	0.442286	0.423981	0.440236	0.461013	0.442191	0.456025	0.459913	0.447833	0.469774	0.400224	0.439372	0.476013	0.430276	0.444224	0.393368	0.430983	0.466544	0.443392	0.41797	0.422854	0.457029	0.442991	0.4518	0.391028	0.463313	0.478113	0.420587	0.458189	0.448086	0.459065	0.442673	0.453626	0.491092	0.41956	0.417924	0.477513	0.441602	0.456314	0.434741	0.426214	0.43007	0.455711	0.447717	0.458354	0.37041	0.454009	0.46414	0.455607	0.473861	0.420902	0.436349	0.431745	0.444569	0.471865	0.441805	0.444136	0.402758	0.45215	0.465931	0.496541	0.456354	0.445096	0.417001	0.395063	0.471927	0.465622	0.452535	0.434815	0.44911	0.432117	0.437509	0.442205	0.460881	0.430546	0.421993	0.441474	0.452886	0.457327	0.436917	0.483078	0.45248	0.439405	0.460881	0.437485	0.474908	0.482103	0.470271	0.450511	0.413499	0.428884	0.417398	0.430064	0.396208	0.477842	0.480775	0.469637	0.434942	0.446018	0.460881	0.42933	0.440962	0.404782	0.465806	0.438762	0.413499	0.471486	0.460881	0.458756	0.465934	0.426482	0.399569	0.469473	0.427579	0.470271	0.450511	0.404383	0.414663	0.462643	0.445028	0.422857	0.472832	0.403417	0.441645	0.470271	0.410904	0.458208	0.410904	0.433502	0.431424	0.414663	0.494746	0.458512	0.459303	0.391033	0.436557	0.483078	0.521861	0.426678	0.432117	0.417306	0.459303	0.412208	0.429233	0.445028	0.40402	0.39515	0.46744	0.423516	0.356991	0.458208	0.451754	0.435766	0.393425	0.472229	0.39422	0.438049	0.423932	0.465931	0.417306	0.414219	0.465622	0.351625	0.477842	0.441645	0.438049	0.502129	0.476409	0.426678	0.386278	0.44255	0.40402	0.470271	0.46744	0.423925	0.412366	0.441645	0.404782	0.417306	0.414663	0.408142	0.43316	0.436557	0.452886	0.455214	0.379011	0.471486	0.410597	0.427879	0.470271	0.413953	0.478545	0.370578	0.469399	0.452886	0.470271	0.449339	0.432117	0.473388	0.467014	0.414663	0.429743	0.478545	0.39683	0.436557	0.432117	0.435766	0.428232	0.429743	0.465934	0.430064	0.421993	0.428884	0.470231	0.419311	0.486111	0.373018	0.440519	0.414663	0.436557	0.45326	0.356991	0.426362	0.451377	0.404782	0.435766	0.502584	0.470271	0.478773	0.44702	0.427879	0.407513	0.439945	0.462643	0.438049	0.456354	0.391033	0.438049	0.438049	0.465622	0.470271	0.422857	0.453703	0.430064	0.43425	0.457048	0.435766	0.470271	0.458142	0.42195	0.502584	0.470271	0.451754	0.438049	0.450511	0.410597	0.431415	0.470271	0.470271
21000	slope	-0.408172	-0.393814	-0.39494	-0.374879	-0.366489	-0.37172	-0.367821	-0.354038	-0.383608	-0.310455	-0.306306	-0.389771	-0.40511	-0.395027	-0.310583	-0.322566	-0.335775	-0.403794	-0.4008	-0.429929	-0.380536	-0.315692	-0.386988	-0.37801	-0.368359	-0.381292	-0.398222	-0.311295	-0.400685	-0.306317	-0.399892	-0.375826	-0.289611	-0.341418	-0.374924	-0.388015	-0.323448	-0.41404	-0.4062	-0.393159	-0.403256	-0.394363	-0.371005	-0.301588	-0.399106	-0.399971	-0.399231	-0.404852	-0.426978	-0.390691	-0.376306	-0.376433	-0.360699	-0.395956	-0.286951	-0.325372	-0.405073	-0.387452	-0.384849	-0.376922	-0.382331	-0.309495	-0.381017	-0.438268	-0.386735	-0.381791	-0.384299	-0.399118	-0.401167	-0.393749	-0.378069	-0.390595	-0.385237	-0.370408	-0.39946	-0.369926	-0.385876	-0.38278	-0.398052	-0.373546	-0.399914	-0.389356	-0.37541	-0.369942	-0.357886	-0.359177	-0.399094	-0.412082	-0.359896	-0.412217	-0.348698	-0.419016	-0.29359	-0.396913	-0.367316	-0.398865	-0.397439	-0.408655	-0.378832	-0.309021	-0.393083	-0.387061	-0.410279	-0.39883	-0.374816	-0.361796	-0.297811	-0.395438	-0.388616	-0.373152	-0.3042	-0.387865	-0.388388	-0.287597	-0.393493	-0.372022	-0.3846	-0.388202	-0.37086	-0.256142	-0.31557	-0.361029	-0.394902	-0.363338	-0.418588	-0.298376	-0.347564	-0.299068	-0.370328	-0.392408	-0.359704	-0.374574	-0.38884	-0.36858	-0.349861	-0.359638	-0.406577	-0.401494	-0.345805	-0.395263	-0.346717	-0.367315	-0.391218	-0.383561	-0.397459	-0.396806	-0.374623	-0.384649	-0.298665	-0.406755	-0.395864	-0.361848	-0.383863	-0.389175	-0.28285	-0.362036	-0.367643	-0.290533	-0.370135	-0.392265	-0.370561	-0.412277	-0.404772	-0.362189	-0.371426	-0.392802	-0.393534	-0.366016	-0.353638	-0.370809	-0.416855	-0.398612	-0.363527	-0.413306	-0.364953	-0.426366	-0.346397	-0.399989	-0.316165	-0.355857	-0.381662	-0.366105	-0.399066	-0.302972	-0.370674	-0.380309	-0.367694	-0.286302	-0.382642	-0.361157	-0.418973	-0.359247	-0.373489	-0.393719	-0.375658	-0.36891	-0.399139	-0.363694	-0.412399	-0.388499	-0.407151	-0.345938	-0.246824	-0.368891	-0.338331	-0.377258	-0.341373	-0.367694	-0.364799	-0.389116	-0.395844	-0.238413	-0.343939	-0.371842	-0.414924	-0.381375	-0.379837	-0.401239	-0.355182	-0.394439	-0.368774	-0.403455	-0.391221	-0.371073	-0.42703	-0.370217	-0.341389	-0.388711	-0.370844	-0.39953	-0.36633	-0.374257	-0.367752	-0.373489	-0.332274	-0.376325	-0.423658	-0.357154	-0.392165	-0.374243	-0.416824	-0.406356	-0.407556	-0.262459	-0.402217	-0.399353	-0.382696	-0.407556	-0.39953	-0.413885	-0.413842	-0.40948	-0.386283	-0.367934	-0.368031	-0.368891	-0.345938	-0.417317	-0.355182	-0.418528	-0.409993	-0.394237	-0.392667	-0.256134	-0.382696	-0.374243	-0.357157	-0.414441	-0.374257	-0.341373	-0.348072	-0.414924	-0.371859	-0.373438	-0.370217	-0.370217	-0.373561	-0.417799	-0.390067	-0.417582	-0.262459	-0.256134	-0.407151	-0.408546	-0.368141	-0.373489	-0.368031	-0.368619	-0.374257	-0.374257	-0.352133	-0.350574	-0.379376	-0.385637	-0.366244	-0.408789	-0.409022	-0.371977	-0.403198	-0.417591	-0.39395	-0.374257	-0.416873	-0.379376	-0.370844	-0.412352	-0.381046	-0.407556	-0.404749	-0.39395	-0.357592	-0.338868	-0.37464	-0.414441	-0.397021	-0.368891	-0.39335	-0.373218	-0.366558	-0.413885	-0.379615	-0.418057	-0.348611	-0.232455	-0.383674	-0.406509	-0.279549	-0.366421	-0.353955	-0.37698	-0.342545	-0.394439	-0.396022	-0.416507	-0.350889	-0.383674	-0.394908	-0.388884	-0.382179	-0.374257	-0.374257	-0.38803	-0.406176	-0.409993	-0.384355	-0.41375	-0.406509	-0.369741	-0.341096	-0.386094	-0.405503	-0.401239	-0.414441	-0.399353	-0.412309	-0.373928	-0.375366	-0.418624	-0.41363	-0.415294	-0.380527	-0.376107	-0.256134	-0.407732	-0.403061	-0.374257	-0.42703	-0.416507	-0.379788	-0.377747	-0.382696	-0.403961	-0.377829	-0.407732	-0.407732	-0.317607	-0.412352	-0.34402	-0.341389	-0.370144	-0.373489	-0.381375	-0.403979	-0.367934	-0.405503	-0.414441	-0.432753	-0.401239	-0.388614	-0.416955	-0.368735	-0.341096	-0.410669	-0.387219	-0.345469	-0.386094	-0.367793	-0.408789	-0.279549	-0.419269
21000	intercept	0.463537	0.467208	0.439495	0.429749	0.4433	0.466061	0.442813	0.3947	0.429126	0.39979	0.395713	0.454288	0.435562	0.467096	0.405415	0.407004	0.401759	0.408778	0.444588	0.453649	0.425647	0.38404	0.453711	0.440511	0.431221	0.426369	0.448347	0.402706	0.449336	0.36352	0.458952	0.438832	0.371307	0.404451	0.446656	0.43191	0.392073	0.445032	0.443605	0.476938	0.435077	0.461378	0.443044	0.418303	0.447791	0.465884	0.439784	0.428837	0.462076	0.437722	0.419272	0.440783	0.427717	0.44387	0.380348	0.41236	0.453672	0.435039	0.407009	0.441375	0.456189	0.38945	0.453621	0.466661	0.431364	0.44165	0.456222	0.453913	0.416417	0.448536	0.401705	0.436226	0.45011	0.444104	0.427071	0.408995	0.453866	0.418006	0.462886	0.438932	0.464145	0.417318	0.461483	0.425889	0.426697	0.435711	0.453499	0.47269	0.402263	0.451895	0.415506	0.450238	0.414872	0.444278	0.436271	0.447335	0.440325	0.43797	0.411405	0.374913	0.440505	0.420479	0.45156	0.417162	0.435637	0.435905	0.37885	0.42869	0.447227	0.408342	0.397912	0.438398	0.440383	0.379009	0.451437	0.445876	0.44682	0.418892	0.435001	0.340804	0.408613	0.43564	0.435529	0.419962	0.444307	0.382661	0.416853	0.372428	0.430988	0.429291	0.439478	0.409962	0.454466	0.421484	0.428203	0.438442	0.444108	0.452116	0.41256	0.408148	0.392129	0.437887	0.448466	0.442763	0.45839	0.436694	0.43354	0.438525	0.369583	0.439286	0.440629	0.442742	0.433012	0.451482	0.376731	0.425099	0.405325	0.386053	0.444046	0.444291	0.450295	0.467636	0.461786	0.387199	0.434101	0.434295	0.441927	0.428359	0.433758	0.464219	0.433505	0.443736	0.436808	0.445167	0.434268	0.463065	0.42895	0.442705	0.375172	0.412565	0.424319	0.381153	0.443237	0.381421	0.427771	0.41954	0.441483	0.376455	0.438155	0.407445	0.445743	0.40797	0.425986	0.442474	0.443027	0.409298	0.445542	0.406612	0.451644	0.411689	0.458761	0.425257	0.355477	0.47012	0.446044	0.451168	0.41707	0.441483	0.445536	0.493553	0.460696	0.355477	0.421319	0.40675	0.457039	0.473295	0.427828	0.432369	0.380078	0.469427	0.483897	0.489154	0.434079	0.40675	0.448955	0.393404	0.412881	0.440449	0.415147	0.455529	0.432714	0.447399	0.453305	0.398642	0.421443	0.42848	0.456177	0.475601	0.383363	0.42558	0.435759	0.48689	0.488261	0.321822	0.460696	0.455536	0.451895	0.488261	0.428065	0.462436	0.456245	0.456245	0.457028	0.433029	0.472404	0.47012	0.425257	0.448955	0.380078	0.430849	0.456177	0.447386	0.427253	0.342195	0.451895	0.42558	0.405928	0.424224	0.447399	0.41707	0.425177	0.457039	0.405992	0.453379	0.393404	0.403162	0.384176	0.4979	0.435478	0.448955	0.321822	0.342195	0.458761	0.427828	0.383027	0.434901	0.472404	0.378617	0.447399	0.44323	0.412881	0.425177	0.432581	0.437231	0.428009	0.438812	0.420193	0.444542	0.448955	0.470142	0.440489	0.44788	0.444492	0.44981	0.406992	0.427481	0.439581	0.486619	0.378147	0.432938	0.383688	0.390744	0.475892	0.434641	0.458667	0.47012	0.452526	0.422564	0.450538	0.462436	0.46064	0.457039	0.416628	0.377569	0.438519	0.451628	0.321822	0.419162	0.403747	0.47012	0.420445	0.458675	0.519695	0.429302	0.368737	0.438519	0.462375	0.443573	0.453379	0.422546	0.44788	0.427828	0.447386	0.456177	0.435975	0.476903	0.451628	0.434518	0.419618	0.429702	0.483173	0.432369	0.421493	0.455536	0.481769	0.383688	0.399954	0.442352	0.438749	0.460733	0.447606	0.438112	0.323874	0.44965	0.440781	0.447399	0.448955	0.434483	0.413614	0.416185	0.448655	0.495287	0.453446	0.459179	0.459313	0.417399	0.450206	0.366823	0.412881	0.439397	0.408462	0.472315	0.440486	0.424297	0.462341	0.423526	0.445409	0.432369	0.424883	0.435478	0.38293	0.419618	0.472835	0.45748	0.405928	0.427828	0.416185	0.428393	0.321822	0.432369
22000	slope	-0.377164	-0.332552	-0.304247	-0.384028	-0.413178	-0.384617	-0.372343	-0.404623	-0.403538	-0.319578	-0.369581	-0.360255	-0.368028	-0.410237	-0.378026	-0.366686	-0.378683	-0.367287	-0.401956	-0.36479	-0.35385	-0.355362	-0.377829	-0.359357	-0.389851	-0.358986	-0.389875	-0.360647	-0.401411	-0.393556	-0.373809	-0.366425	-0.387991	-0.36287	-0.366128	-0.35484	-0.369781	-0.352098	-0.368244	-0.349607	-0.381134	-0.376209	-0.260603	-0.360831	-0.36399	-0.374417	-0.372963	-0.374114	-0.398512	-0.386012	-0.36891	-0.381665	-0.33465	-0.359895	-0.401607	-0.42102	-0.35285	-0.362217	-0.367783	-0.394957	-0.407928	-0.354621	-0.414204	-0.388817	-0.409042	-0.299856	-0.355331	-0.358606	-0.354234	-0.426103	-0.387208	-0.396673	-0.345729	-0.403029	-0.357107	-0.313944	-0.364489	-0.351391	-0.35469	-0.354889	-0.340685	-0.354449	-0.392126	-0.376136	-0.388237	-0.372836	-0.338618	-0.368751	-0.391301	-0.380234	-0.390056	-0.373546	-0.367812	-0.420921	-0.406319	-0.399135	-0.405119	-0.357386	-0.354222	-0.374544	-0.260072	-0.384378	-0.397073	-0.332715	-0.36667	-0.313448	-0.374219	-0.331612	-0.381438	-0.356934	-0.358252	-0.397786	-0.354555	-0.3325	-0.3401	-0.352931	-0.346696	-0.399074	-0.356873	-0.36346	-0.282454	-0.385109	-0.332235	-0.344792	-0.405523	-0.378979	-0.390428	-0.320616	-0.394547	-0.390969	-0.329907	-0.394922	-0.407345	-0.346775	-0.354863	-0.404831	-0.344466	-0.381656	-0.357513	-0.33564	-0.348395	-0.354635	-0.269566	-0.352513	-0.375507	-0.369619	-0.364324	-0.384091	-0.374922	-0.414198	-0.38415	-0.356264	-0.398227	-0.298918	-0.365831	-0.345803	-0.368089	-0.376314	-0.403534	-0.382038	-0.352599	-0.363126	-0.365812	-0.398764	-0.414516	-0.361156	-0.343682	-0.403284	-0.381803	-0.336499	-0.381721	-0.372869	-0.30562	-0.390613	-0.382986	-0.335918	-0.377625	-0.344448	-0.371634	-0.369922	-0.341825	-0.375895	-0.35035	-0.365608	-0.350971	-0.352716	-0.361984	-0.379899	-0.410161	-0.383352	-0.341241	-0.372661	-0.383128	-0.30976	-0.380275	-0.36252	-0.364099	-0.387655	-0.357886	-0.357512	-0.347166	-0.362826	-0.424995	-0.318638	-0.406477	-0.429255	-0.325959	-0.357736	-0.354329	-0.401812	-0.379708	-0.393033	-0.17662	-0.37837	-0.392559	-0.393758	-0.411474	-0.370028	-0.388474	-0.354329	-0.367659	-0.389611	-0.329337	-0.370317	-0.403675	-0.23446	-0.411474	-0.416007	-0.335451	-0.409723	-0.361929	-0.266363	-0.432961	-0.339064	-0.387335	-0.391741	-0.370616	-0.394342	-0.420465	-0.387081	-0.379586	-0.266363	-0.375622	-0.387432	-0.37147	-0.357736	-0.427211	-0.30391	-0.344794	-0.380741	-0.369059	-0.360899	-0.344586	-0.181253	-0.356156	-0.387732	-0.332818	-0.36691	-0.392103	-0.335577	-0.303983	-0.3658	-0.37147	-0.360884	-0.339064	-0.187138	-0.372006	-0.370317	-0.35735	-0.369953	-0.36082	-0.246055	-0.348374	-0.379708	-0.399142	-0.405474	-0.416007	-0.339064	-0.370317	-0.352763	-0.344999	-0.397113	-0.417179	-0.427759	-0.387081	-0.366645	-0.389449	-0.355879	-0.333021	-0.366964	-0.382032	-0.367691	-0.424088	-0.367652	-0.388474	-0.382909	-0.362826	-0.379228	-0.362512	-0.392559	-0.37115	-0.344999	-0.335451	-0.388666	-0.369246	-0.383026	-0.332729	-0.225976	-0.380562	-0.403829	-0.351622	-0.388666	-0.314885	-0.417179	-0.298693	-0.369981	-0.392108	-0.352763	-0.412074	-0.295074	-0.361641	-0.380576	-0.332729	-0.393033	-0.43508	-0.339064	-0.379228	-0.37297	-0.344623	-0.354329	-0.388474	-0.342526	-0.351267	-0.370028	-0.388666	-0.321537	-0.238072	-0.339064	-0.398439	-0.415487	-0.325959	-0.332818	-0.427211	-0.410922	-0.387243	-0.378395	-0.321537	-0.393033	-0.398439	-0.369246	-0.344623	-0.339064	-0.377176	-0.397072	-0.331784	-0.24939	-0.420923	-0.375212	-0.415666	-0.374277	-0.359464	-0.368232	-0.428797	-0.36082	-0.35294	-0.416013	-0.34877	-0.403773	-0.339064	-0.373132	-0.367844	-0.370028	-0.398439	-0.349311	-0.393758	-0.43508	-0.427211	-0.398439	-0.370317	-0.366725	-0.314885	-0.427211	-0.412074	-0.427211	-0.295074	-0.341377	-0.4022	-0.384029	-0.374365	-0.39713	-0.38184	-0.428745	-0.403675	-0.375622	-0.378395	-0.388188	-0.424995	-0.373448	-0.370317	-0.405298
22000	intercept	0.433262	0.377496	0.379753	0.427301	0.463078	0.432642	0.42026	0.448553	0.430566	0.403459	0.464627	0.456019	0.432214	0.453659	0.434035	0.404756	0.422877	0.430264	0.435579	0.43375	0.408499	0.465838	0.409629	0.419495	0.43102	0.448338	0.424082	0.466854	0.431263	0.438654	0.414014	0.42552	0.47748	0.426803	0.431285	0.375217	0.427268	0.414096	0.436166	0.415305	0.437098	0.421575	0.39557	0.422369	0.40254	0.461531	0.445023	0.471899	0.429528	0.411129	0.423072	0.415243	0.395591	0.413546	0.402953	0.460793	0.429988	0.422852	0.408214	0.432861	0.430639	0.436087	0.452528	0.407009	0.428239	0.384592	0.445709	0.413434	0.409859	0.502407	0.432198	0.424907	0.40966	0.405116	0.419903	0.387761	0.480381	0.409859	0.38956	0.409548	0.409987	0.418373	0.398871	0.462961	0.381244	0.449481	0.39355	0.424537	0.434767	0.398815	0.443713	0.438096	0.416197	0.449931	0.493616	0.425316	0.467388	0.40395	0.456631	0.419636	0.381977	0.424472	0.420404	0.412366	0.422988	0.429379	0.444334	0.415282	0.430228	0.376649	0.456611	0.425363	0.407695	0.408988	0.40227	0.433512	0.44198	0.419009	0.405719	0.401777	0.376879	0.477843	0.398838	0.42548	0.43367	0.466243	0.434972	0.375774	0.429068	0.45107	0.383567	0.448558	0.408476	0.403542	0.411424	0.43643	0.419839	0.436254	0.412899	0.39736	0.400102	0.395382	0.38939	0.423484	0.424436	0.433196	0.399934	0.464512	0.435695	0.433099	0.418056	0.440717	0.421955	0.385359	0.408951	0.412577	0.424493	0.408531	0.461695	0.448387	0.374303	0.454099	0.424986	0.436194	0.439803	0.43571	0.410436	0.446072	0.442149	0.406605	0.432419	0.425846	0.395591	0.453519	0.426222	0.390815	0.415438	0.426257	0.397914	0.383816	0.407736	0.442267	0.395091	0.39666	0.444741	0.428749	0.421858	0.424792	0.442936	0.440577	0.412309	0.419576	0.431332	0.366974	0.390336	0.428806	0.40184	0.453865	0.425929	0.410273	0.428276	0.421663	0.535958	0.393339	0.462842	0.448435	0.384182	0.412063	0.492107	0.405829	0.463196	0.434102	0.353915	0.412056	0.465921	0.463387	0.41339	0.412063	0.466452	0.492107	0.400874	0.439233	0.396573	0.400874	0.471344	0.326077	0.41339	0.472063	0.410126	0.4361	0.413734	0.426245	0.44414	0.370658	0.430464	0.372694	0.376961	0.42891	0.46005	0.376333	0.452532	0.426245	0.440982	0.471217	0.433837	0.402123	0.473857	0.412416	0.437897	0.456368	0.402634	0.412063	0.442648	0.342875	0.412063	0.399815	0.402361	0.441601	0.408706	0.421326	0.420457	0.438483	0.433837	0.412063	0.373795	0.342875	0.435753	0.378117	0.410056	0.424344	0.387324	0.427208	0.342202	0.463196	0.417763	0.4032	0.472063	0.378247	0.394534	0.38103	0.422255	0.470867	0.534331	0.427075	0.386601	0.44989	0.415161	0.422747	0.392406	0.448223	0.44989	0.494043	0.448435	0.436421	0.466452	0.429707	0.421663	0.438976	0.424865	0.471725	0.452629	0.405768	0.418924	0.435313	0.484782	0.465921	0.430628	0.297746	0.438448	0.445651	0.401975	0.435313	0.393339	0.534331	0.428868	0.444583	0.459327	0.38103	0.46005	0.428868	0.427089	0.437272	0.436001	0.434102	0.46277	0.373795	0.438976	0.427089	0.386213	0.486028	0.457209	0.421369	0.412063	0.416726	0.435313	0.390156	0.342094	0.378118	0.470826	0.437224	0.384182	0.402361	0.451243	0.468007	0.45145	0.437853	0.390156	0.434102	0.470826	0.425278	0.39923	0.371986	0.428157	0.404861	0.396573	0.351734	0.446632	0.45413	0.437458	0.452629	0.515566	0.406514	0.546491	0.387324	0.448398	0.41339	0.492094	0.441864	0.378247	0.431023	0.484782	0.416726	0.470826	0.402361	0.463387	0.46277	0.448435	0.470826	0.400874	0.444754	0.393339	0.448435	0.46005	0.448435	0.428868	0.428805	0.444817	0.431023	0.424344	0.411269	0.435284	0.465032	0.478082	0.440982	0.437853	0.427208	0.535958	0.416547	0.408421	0.454325
23000	slope	-0.408325	-0.360763	-0.380992	-0.361066	-0.373481	-0.379115	-0.350195	-0.37509	-0.390652	-0.382522	-0.387543	-0.37648	-0.39116	-0.392841	-0.369877	-0.351089	-0.389374	-0.359918	-0.345077	-0.345992	-0.369346	-0.371589	-0.362106	-0.384941	-0.375522	-0.415664	-0.409202	-0.38959	-0.366171	-0.378644	-0.357595	-0.383896	-0.393574	-0.362111	-0.37855	-0.352816	-0.360968	-0.373012	-0.394608	-0.420649	-0.403333	-0.384184	-0.376616	-0.370812	-0.391345	-0.371492	-0.359665	-0.339574	-0.381992	-0.377534	-0.411491	-0.420588	-0.365982	-0.405739	-0.394032	-0.352746	-0.395152	-0.403228	-0.346142	-0.383769	-0.34818	-0.381567	-0.391752	-0.376682	-0.372497	-0.383225	-0.394108	-0.384737	-0.387393	-0.338407	-0.354301	-0.421616	-0.380439	-0.33584	-0.374583	-0.340992	-0.360871	-0.419947	-0.39358	-0.336631	-0.343751	-0.358445	-0.417478	-0.349889	-0.375754	-0.392248	-0.354393	-0.384447	-0.389031	-0.369503	-0.355192	-0.375741	-0.35824	-0.391504	-0.394349	-0.364223	-0.342869	-0.398389	-0.373681	-0.348572	-0.380903	-0.375479	-0.358362	-0.436905	-0.393055	-0.407055	-0.412516	-0.349844	-0.406821	-0.389861	-0.346095	-0.353665	-0.428533	-0.351521	-0.375271	-0.450781	-0.379013	-0.36922	-0.349656	-0.360536	-0.358064	-0.374084	-0.357538	-0.413167	-0.369098	-0.386021	-0.374507	-0.346975	-0.35635	-0.3781	-0.337732	-0.404759	-0.359017	-0.383899	-0.344536	-0.354125	-0.34549	-0.39619	-0.352616	-0.406963	-0.384049	-0.349193	-0.372987	-0.371468	-0.418406	-0.341519	-0.395155	-0.38326	-0.403941	-0.403111	-0.372826	-0.378114	-0.388848	-0.377074	-0.373446	-0.325135	-0.38592	-0.365433	-0.370428	-0.347726	-0.387049	-0.360486	-0.378413	-0.341662	-0.362275	-0.367349	-0.40348	-0.382092	-0.397193	-0.379998	-0.363797	-0.366619	-0.378191	-0.401622	-0.382243	-0.379604	-0.396472	-0.387155	-0.430822	-0.330786	-0.390019	-0.40204	-0.38302	-0.374558	-0.411523	-0.33223	-0.401979	-0.349123	-0.415339	-0.346212	-0.336159	-0.417496	-0.328201	-0.387628	-0.359172	-0.362855	-0.344966	-0.400201	-0.363985	-0.330606	-0.384736	-0.334592	-0.3783	-0.403076	-0.386364	-0.368045	-0.391827	-0.456035	-0.364019	-0.342942	-0.359966	-0.345187	-0.391473	-0.369085	-0.343661	-0.40529	-0.303739	-0.36465	-0.341444	-0.46334	-0.353968	-0.369185	-0.393743	-0.42593	-0.340716	-0.342015	-0.338688	-0.388111	-0.433809	-0.398306	-0.34169	-0.353548	-0.40423	-0.426677	-0.343661	-0.405348	-0.33961	-0.368045	-0.389476	-0.36855	-0.357024	-0.387325	-0.351191	-0.382709	-0.399169	-0.321135	-0.387978	-0.374379	-0.384039	-0.396053	-0.376554	-0.407476	-0.413166	-0.418072	-0.328842	-0.35342	-0.353097	-0.399169	-0.340429	-0.383614	-0.408403	-0.379932	-0.376964	-0.32826	-0.38815	-0.396053	-0.360997	-0.374379	-0.410977	-0.426677	-0.36855	-0.322555	-0.322555	-0.36193	-0.355962	-0.406622	-0.411378	-0.402376	-0.395795	-0.33128	-0.407849	-0.337778	-0.35059	-0.362907	-0.386364	-0.34057	-0.399169	-0.399169	-0.398607	-0.390477	-0.304614	-0.343247	-0.390477	-0.364019	-0.343247	-0.415833	-0.367723	-0.444108	-0.40423	-0.342015	-0.390477	-0.379932	-0.348523	-0.342992	-0.367343	-0.321135	-0.350328	-0.36088	-0.343247	-0.283348	-0.366396	-0.391473	-0.341745	-0.350844	-0.367723	-0.311215	-0.396053	-0.352489	-0.338388	-0.367179	-0.362907	-0.391473	-0.411443	-0.376554	-0.389476	-0.312493	-0.394355	-0.415833	-0.333181	-0.408018	-0.352489	-0.379254	-0.422702	-0.342015	-0.307197	-0.405245	-0.335595	-0.364019	-0.337778	-0.335608	-0.338347	-0.338347	-0.35342	-0.427882	-0.393155	-0.399169	-0.401736	-0.354942	-0.330456	-0.417215	-0.347465	-0.358953	-0.366538	-0.372449	-0.38815	-0.368066	-0.389476	-0.394282	-0.418868	-0.40696	-0.391473	-0.357024	-0.387978	-0.40696	-0.349358	-0.349056	-0.38815	-0.39142	-0.33457	-0.40696	-0.341444	-0.353702	-0.352823	-0.368891	-0.451774	-0.340429	-0.407476	-0.312493	-0.311215	-0.374249	-0.379254	-0.427882	-0.34674	-0.362409	-0.361442	-0.303039	-0.379254	-0.353097	-0.369085	-0.36855	-0.337839	-0.389539	-0.4117	-0.312493	-0.368066	-0.365062	-0.378061	-0.431509	-0.391473	-0.36465
23000	intercept	0.489285	0.442912	0.434916	0.421246	0.436609	0.42936	0.408693	0.440259	0.450359	0.468334	0.420768	0.437505	0.436439	0.461509	0.4304	0.425392	0.502993	0.400431	0.420524	0.405891	0.434137	0.406858	0.434147	0.454455	0.406136	0.455623	0.485204	0.411592	0.436929	0.451195	0.455708	0.437043	0.476467	0.41106	0.422065	0.400764	0.394354	0.442841	0.462161	0.473385	0.457318	0.4257	0.414671	0.464957	0.452174	0.461103	0.407217	0.413472	0.45518	0.442169	0.485506	0.479567	0.453904	0.457385	0.474225	0.412224	0.435863	0.486216	0.423795	0.431267	0.405485	0.453238	0.434031	0.441863	0.431842	0.45199	0.479528	0.444326	0.453206	0.420259	0.421145	0.473137	0.469543	0.401092	0.459622	0.407374	0.410028	0.466323	0.471172	0.425893	0.40239	0.440061	0.475575	0.432255	0.476067	0.461802	0.443409	0.460005	0.453605	0.420216	0.4415	0.458934	0.458883	0.473962	0.447573	0.44138	0.405296	0.455328	0.425379	0.437198	0.448675	0.430659	0.450492	0.475877	0.445899	0.477766	0.442694	0.40417	0.463954	0.469399	0.441579	0.414336	0.472127	0.41762	0.452104	0.478228	0.433228	0.438093	0.412401	0.422841	0.429726	0.42684	0.443844	0.475423	0.425819	0.449672	0.419577	0.409678	0.419926	0.459488	0.449284	0.455789	0.449481	0.47869	0.369261	0.443167	0.403746	0.480891	0.407545	0.44179	0.439848	0.459724	0.438159	0.446731	0.497027	0.430386	0.468511	0.455333	0.476542	0.476218	0.475514	0.418366	0.442167	0.442735	0.456925	0.397531	0.466182	0.440444	0.404597	0.416856	0.442291	0.403078	0.44223	0.404476	0.442518	0.469519	0.474526	0.479374	0.457711	0.434897	0.397693	0.484618	0.434193	0.481303	0.453859	0.437258	0.422642	0.442536	0.478243	0.39596	0.464728	0.465281	0.464422	0.426297	0.459718	0.373101	0.427735	0.368631	0.491663	0.439487	0.380232	0.453107	0.395864	0.446363	0.417701	0.44435	0.456398	0.422383	0.439623	0.39653	0.406565	0.364662	0.435897	0.503917	0.449086	0.381583	0.415932	0.479919	0.391337	0.387621	0.436347	0.386459	0.461278	0.408436	0.403316	0.486301	0.409889	0.421653	0.406996	0.489515	0.386975	0.395601	0.43512	0.442993	0.396845	0.391163	0.399574	0.498282	0.475935	0.442296	0.379012	0.417158	0.490093	0.482402	0.375239	0.456758	0.384836	0.381583	0.398952	0.432295	0.425502	0.468578	0.445291	0.438368	0.484851	0.388553	0.468771	0.468083	0.458958	0.450201	0.438392	0.493573	0.477377	0.494599	0.438356	0.445766	0.461479	0.483969	0.412245	0.470104	0.460274	0.468083	0.433595	0.345171	0.460993	0.450201	0.396845	0.468083	0.455636	0.482402	0.450775	0.408087	0.408087	0.470955	0.412679	0.43512	0.489616	0.500789	0.467006	0.396845	0.477343	0.386011	0.442299	0.450893	0.428729	0.405927	0.491764	0.484851	0.49509	0.409455	0.345171	0.43527	0.421237	0.391337	0.43527	0.460274	0.449786	0.502997	0.490093	0.387621	0.409455	0.468083	0.412679	0.414785	0.42334	0.38855	0.373085	0.419399	0.43527	0.392574	0.41486	0.471656	0.386224	0.359734	0.473126	0.423004	0.450201	0.413617	0.408087	0.390972	0.450893	0.471656	0.494524	0.438392	0.401773	0.410891	0.463933	0.460274	0.364109	0.484851	0.413617	0.426276	0.450201	0.386224	0.351245	0.476126	0.379012	0.391337	0.386011	0.406996	0.379012	0.363275	0.441402	0.477157	0.4893	0.483969	0.462842	0.445892	0.408087	0.535997	0.456112	0.456742	0.395601	0.439534	0.460993	0.439534	0.401773	0.444906	0.450201	0.484859	0.471656	0.425502	0.468083	0.484859	0.405927	0.406168	0.459787	0.435272	0.396845	0.484859	0.406996	0.409224	0.412679	0.470955	0.479919	0.409873	0.493573	0.410891	0.41955	0.46976	0.435591	0.481339	0.41823	0.449786	0.428253	0.43286	0.414766	0.461479	0.408436	0.450775	0.43527	0.435272	0.500789	0.414599	0.439534	0.378382	0.460761	0.499356	0.471656	0.421653
24000	slope	-0.382035	-0.408569	-0.437192	-0.371083	-0.391915	-0.349112	-0.384357	-0.436457	-0.389205	-0.380252	-0.387612	-0.388918	-0.40319	-0.324646	-0.365975	-0.371107	-0.348763	-0.370994	-0.376525	-0.355609	-0.375967	-0.417175	-0.34837	-0.394745	-0.372844	-0.369589	-0.387995	-0.358989	-0.373729	-0.35551	-0.318675	-0.327576	-0.41381	-0.375447	-0.351374	-0.383742	-0.377136	-0.344134	-0.380986	-0.354306	-0.378141	-0.356683	-0.361957	-0.424264	-0.39525	-0.380892	-0.349078	-0.389675	-0.363735	-0.348409	-0.357185	-0.346012	-0.387751	-0.404614	-0.395624	-0.386713	-0.352539	-0.335734	-0.341548	-0.42731	-0.3551	-0.374127	-0.378454	-0.383401	-0.366228	-0.321271	-0.376952	-0.399367	-0.333426	-0.392904	-0.351225	-0.358315	-0.34538	-0.372688	-0.369399	-0.371761	-0.377289	-0.339634	-0.381621	-0.379142	-0.394913	-0.375037	-0.371446	-0.390324	-0.359252	-0.317785	-0.40152	-0.374741	-0.405374	-0.328629	-0.352032	-0.442089	-0.38346	-0.403267	-0.341955	-0.372553	-0.417839	-0.378123	-0.316658	-0.357477	-0.378072	-0.398689	-0.405273	-0.353384	-0.403705	-0.347513	-0.367785	-0.343443	-0.345813	-0.35682	-0.393181	-0.333919	-0.395463	-0.366043	-0.385803	-0.402273	-0.368022	-0.343516	-0.385341	-0.397382	-0.383755	-0.315738	-0.369197	-0.357188	-0.381016	-0.336104	-0.326275	-0.342253	-0.339677	-0.357456	-0.36068	-0.381786	-0.351181	-0.388648	-0.345545	-0.379503	-0.389588	-0.371449	-0.335421	-0.386059	-0.39145	-0.390591	-0.399313	-0.438772	-0.378945	-0.388401	-0.389745	-0.339918	-0.350362	-0.357703	-0.391183	-0.351372	-0.35822	-0.385123	-0.397129	-0.417181	-0.370276	-0.361055	-0.363498	-0.358193	-0.377549	-0.364343	-0.330207	-0.454861	-0.359595	-0.403962	-0.367025	-0.37771	-0.380539	-0.36898	-0.390235	-0.386072	-0.350531	-0.329439	-0.359776	-0.38116	-0.373027	-0.361461	-0.385626	-0.352704	-0.40687	-0.402239	-0.357988	-0.396686	-0.3375	-0.36432	-0.389931	-0.388032	-0.402977	-0.370233	-0.398387	-0.361518	-0.401951	-0.399743	-0.379839	-0.346776	-0.405144	-0.438183	-0.372853	-0.363672	-0.347499	-0.320071	-0.354675	-0.420737	-0.371291	-0.38056	-0.314914	-0.311405	-0.402634	-0.464551	-0.431326	-0.368025	-0.352905	-0.464551	-0.428058	-0.365447	-0.407084	-0.352776	-0.347499	-0.349301	-0.363469	-0.314077	-0.31924	-0.417281	-0.38135	-0.380949	-0.417277	-0.423288	-0.362208	-0.39472	-0.455939	-0.384856	-0.390271	-0.429591	-0.330171	-0.358823	-0.395334	-0.431938	-0.311405	-0.373468	-0.391522	-0.414309	-0.413025	-0.437001	-0.37407	-0.391522	-0.377986	-0.356716	-0.369354	-0.413025	-0.415165	-0.407452	-0.452343	-0.422128	-0.306635	-0.359783	-0.389788	-0.402607	-0.404275	-0.374416	-0.361771	-0.43562	-0.359976	-0.377688	-0.388242	-0.373783	-0.391522	-0.368867	-0.314077	-0.378206	-0.306635	-0.305436	-0.365434	-0.403267	-0.403267	-0.431326	-0.285824	-0.359671	-0.346491	-0.410359	-0.39403	-0.378669	-0.278738	-0.31924	-0.360172	-0.420737	-0.355906	-0.355891	-0.369354	-0.428058	-0.375844	-0.358823	-0.347499	-0.38135	-0.37911	-0.413025	-0.339394	-0.361766	-0.361811	-0.434626	-0.402634	-0.278738	-0.382266	-0.445917	-0.385351	-0.442997	-0.36069	-0.34836	-0.32045	-0.422128	-0.369969	-0.351321	-0.347499	-0.358614	-0.367813	-0.384335	-0.37241	-0.333809	-0.40832	-0.301632	-0.376339	-0.369969	-0.40288	-0.385389	-0.368849	-0.353844	-0.371869	-0.352412	-0.360288	-0.314914	-0.428058	-0.403267	-0.391774	-0.390167	-0.429917	-0.372526	-0.366474	-0.390105	-0.368025	-0.333809	-0.369354	-0.357734	-0.362845	-0.33576	-0.39472	-0.350571	-0.442997	-0.417277	-0.360507	-0.431326	-0.359165	-0.360821	-0.444429	-0.357734	-0.31636	-0.288358	-0.308191	-0.29624	-0.355891	-0.420737	-0.359881	-0.39403	-0.38135	-0.396219	-0.377688	-0.413025	-0.380949	-0.310732	-0.370771	-0.393122	-0.359881	-0.349808	-0.348151	-0.347499	-0.352412	-0.377688	-0.329158	-0.415737	-0.422128	-0.278738	-0.285824	-0.437658	-0.413025	-0.377207	-0.437001	-0.397803	-0.33951	-0.330171	-0.358614	-0.380949	-0.37069	-0.442447	-0.464551	-0.392994	-0.384363	-0.398825	-0.351321	-0.469419	-0.358823	-0.388491
24000	intercept	0.402021	0.464004	0.456708	0.437698	0.441762	0.432939	0.443431	0.499181	0.40841	0.432087	0.427004	0.480822	0.471995	0.401775	0.44442	0.412546	0.421314	0.469242	0.390918	0.460895	0.441092	0.467893	0.400457	0.469372	0.405623	0.441761	0.406792	0.394806	0.41879	0.416327	0.408245	0.424623	0.454687	0.469567	0.435041	0.460501	0.474481	0.401501	0.394212	0.445209	0.424058	0.454428	0.430311	0.496934	0.486694	0.447044	0.423867	0.447982	0.400516	0.396021	0.428504	0.426174	0.473325	0.49204	0.475776	0.435068	0.42902	0.41338	0.412633	0.427315	0.415503	0.420676	0.477271	0.472944	0.408082	0.398771	0.416807	0.4578	0.391064	0.476488	0.420143	0.42611	0.39418	0.448503	0.454654	0.426518	0.447446	0.437301	0.446347	0.46516	0.467217	0.425006	0.428701	0.45757	0.425813	0.455643	0.482086	0.436253	0.436437	0.430587	0.41879	0.466134	0.461833	0.468465	0.439457	0.397823	0.433117	0.466651	0.414768	0.385592	0.415025	0.462696	0.469162	0.427635	0.469927	0.39713	0.468494	0.39723	0.435615	0.455404	0.470763	0.420899	0.45367	0.428584	0.424037	0.479229	0.441857	0.442021	0.414248	0.453015	0.466695	0.407218	0.446258	0.423083	0.432919	0.393201	0.387016	0.386039	0.464959	0.470469	0.447177	0.459499	0.427789	0.40518	0.392408	0.422135	0.43831	0.454263	0.423895	0.452431	0.45047	0.456153	0.429936	0.485474	0.443424	0.450251	0.474258	0.433102	0.38194	0.400444	0.444103	0.461289	0.417011	0.483406	0.461144	0.431473	0.429132	0.428748	0.453702	0.440524	0.421725	0.42536	0.419122	0.468811	0.435355	0.45375	0.411138	0.444845	0.435161	0.433816	0.458562	0.446857	0.411609	0.406423	0.424953	0.41486	0.469097	0.413043	0.4703	0.407718	0.449125	0.464251	0.412107	0.483256	0.417715	0.427868	0.414076	0.444103	0.498705	0.435116	0.473376	0.418742	0.479209	0.472642	0.475844	0.461503	0.493289	0.492073	0.422677	0.422504	0.410199	0.442803	0.416464	0.496446	0.455449	0.408771	0.407843	0.371634	0.48794	0.506359	0.488552	0.427492	0.377234	0.506359	0.495464	0.443553	0.48173	0.387086	0.402478	0.40924	0.462616	0.405096	0.423551	0.475778	0.424767	0.480755	0.441157	0.50112	0.464923	0.512269	0.429898	0.453472	0.414468	0.495158	0.407411	0.455582	0.388436	0.483718	0.371138	0.416251	0.469866	0.450543	0.496309	0.495464	0.464923	0.469866	0.521984	0.38705	0.424189	0.50747	0.507071	0.49239	0.446467	0.425909	0.377868	0.44312	0.414873	0.47414	0.46329	0.389905	0.433655	0.441171	0.424229	0.414663	0.512269	0.410623	0.469866	0.423828	0.395043	0.43508	0.377868	0.403605	0.416317	0.468465	0.468465	0.503199	0.340934	0.433655	0.477474	0.512269	0.447858	0.445216	0.359804	0.42444	0.4106	0.493131	0.377808	0.460973	0.424189	0.495464	0.388521	0.455582	0.402478	0.416209	0.429966	0.50747	0.42166	0.415603	0.387086	0.494259	0.460356	0.359804	0.397426	0.438977	0.412899	0.506359	0.452036	0.455984	0.423981	0.436621	0.451138	0.453031	0.402478	0.448314	0.423056	0.497309	0.454243	0.437576	0.393316	0.409026	0.41879	0.451138	0.420455	0.423896	0.448806	0.376203	0.47163	0.42166	0.412721	0.407843	0.510249	0.465987	0.465987	0.486799	0.492003	0.444747	0.416317	0.423046	0.441898	0.437576	0.424189	0.423655	0.454457	0.419571	0.512269	0.376203	0.506359	0.441157	0.418789	0.488552	0.441898	0.412721	0.504159	0.423655	0.377868	0.359804	0.394409	0.403605	0.460973	0.496446	0.416251	0.463471	0.424767	0.476819	0.411862	0.496309	0.480755	0.435912	0.42166	0.508649	0.416251	0.418357	0.474173	0.402478	0.42166	0.414663	0.418177	0.507071	0.418596	0.359804	0.340934	0.460402	0.503081	0.398321	0.4889	0.444971	0.433487	0.407411	0.450348	0.480755	0.40271	0.429898	0.506359	0.416634	0.386012	0.420978	0.453031	0.539626	0.457486	0.47163
25000	slope	-0.389738	-0.411283	-0.3774	-0.379163	-0.371008	-0.352747	-0.33995	-0.409223	-0.390618	-0.39943	-0.390828	-0.329729	-0.31467	-0.376782	-0.366973	-0.372404	-0.366144	-0.360224	-0.379419	-0.398365	-0.386716	-0.455495	-0.399813	-0.36534	-0.379678	-0.393244	-0.440474	-0.365001	-0.418837	-0.394803	-0.379516	-0.420689	-0.406199	-0.359957	-0.408483	-0.343995	-0.357697	-0.397897	-0.388036	-0.413688	-0.358677	-0.448541	-0.433867	-0.360947	-0.31343	-0.372327	-0.33961	-0.378478	-0.34652	-0.385971	-0.372711	-0.321303	-0.396261	-0.359955	-0.370701	-0.373718	-0.345758	-0.383311	-0.426572	-0.371366	-0.409082	-0.324071	-0.388022	-0.335214	-0.369946	-0.319041	-0.365853	-0.376501	-0.343688	-0.399752	-0.371227	-0.356537	-0.379393	-0.381232	-0.308307	-0.415904	-0.364746	-0.362288	-0.351848	-0.405275	-0.387372	-0.368344	-0.312747	-0.391738	-0.401647	-0.385648	-0.378183	-0.336365	-0.402349	-0.393112	-0.435879	-0.355307	-0.41972	-0.377163	-0.382864	-0.383174	-0.413346	-0.391259	-0.42398	-0.35453	-0.433028	-0.351906	-0.386527	-0.369868	-0.353099	-0.409507	-0.370216	-0.446093	-0.382875	-0.399847	-0.362476	-0.420517	-0.41015	-0.388176	-0.388498	-0.371136	-0.374777	-0.330953	-0.401817	-0.398924	-0.381	-0.289934	-0.363377	-0.38509	-0.373275	-0.405673	-0.355907	-0.36792	-0.394925	-0.409415	-0.321108	-0.390912	-0.394145	-0.430578	-0.412602	-0.357425	-0.377554	-0.378872	-0.399785	-0.355745	-0.356872	-0.451554	-0.421561	-0.357665	-0.321491	-0.368274	-0.365372	-0.409795	-0.347575	-0.404679	-0.317299	-0.407088	-0.410888	-0.399923	-0.353734	-0.363105	-0.413361	-0.392632	-0.424507	-0.337266	-0.404568	-0.391383	-0.357023	-0.410851	-0.379293	-0.384971	-0.363973	-0.363539	-0.393793	-0.38501	-0.362793	-0.368046	-0.317536	-0.33097	-0.355798	-0.391738	-0.384306	-0.276133	-0.384107	-0.445985	-0.392787	-0.404226	-0.40728	-0.342873	-0.327662	-0.345452	-0.358295	-0.376175	-0.402204	-0.355783	-0.36052	-0.325101	-0.362461	-0.434379	-0.416459	-0.393245	-0.363294	-0.381289	-0.378423	-0.37768	-0.400746	-0.444736	-0.444736	-0.414007	-0.396906	-0.376678	-0.392368	-0.410923	-0.416364	-0.364989	-0.40472	-0.339241	-0.307775	-0.359046	-0.385975	-0.436235	-0.429273	-0.391246	-0.398049	-0.350088	-0.421827	-0.447449	-0.420115	-0.363101	-0.320216	-0.371787	-0.320556	-0.371699	-0.371699	-0.400746	-0.341183	-0.35469	-0.360251	-0.45278	-0.323608	-0.375201	-0.38614	-0.444736	-0.375921	-0.305013	-0.364793	-0.305013	-0.408311	-0.290119	-0.375921	-0.358174	-0.394517	-0.26637	-0.35729	-0.410923	-0.374366	-0.358618	-0.420115	-0.413129	-0.377349	-0.374366	-0.45431	-0.407503	-0.347663	-0.371787	-0.361648	-0.421482	-0.451258	-0.441357	-0.331255	-0.371783	-0.274507	-0.470143	-0.369276	-0.421827	-0.360737	-0.352849	-0.421827	-0.374366	-0.384598	-0.376389	-0.438768	-0.369276	-0.413369	-0.385067	-0.346697	-0.328071	-0.363554	-0.390163	-0.316768	-0.303835	-0.410979	-0.360857	-0.289702	-0.394924	-0.280958	-0.365289	-0.386669	-0.35469	-0.446508	-0.344537	-0.398049	-0.344537	-0.325515	-0.370656	-0.29137	-0.413369	-0.432966	-0.321832	-0.410979	-0.405027	-0.449922	-0.276014	-0.416364	-0.336215	-0.389933	-0.345655	-0.367635	-0.442094	-0.307775	-0.271395	-0.390163	-0.449922	-0.336215	-0.427546	-0.381161	-0.358831	-0.360737	-0.350211	-0.44971	-0.412008	-0.356892	-0.384598	-0.290119	-0.329645	-0.370313	-0.35729	-0.402096	-0.328604	-0.351815	-0.455774	-0.385668	-0.369855	-0.341416	-0.391246	-0.280958	-0.315411	-0.347031	-0.434137	-0.354082	-0.391903	-0.421827	-0.410923	-0.38614	-0.350859	-0.383469	-0.432966	-0.346697	-0.446982	-0.403223	-0.440903	-0.463498	-0.426052	-0.335656	-0.328084	-0.291135	-0.369276	-0.364989	-0.301203	-0.389601	-0.394924	-0.406619	-0.354832	-0.455774	-0.375921	-0.432966	-0.359376	-0.369276	-0.368645	-0.394517	-0.425709	-0.399598	-0.396542	-0.412008	-0.385067	-0.394552	-0.321869	-0.377349	-0.305013	-0.470143	-0.35729	-0.366008	-0.420115	-0.441788	-0.410923	-0.389933	-0.348922	-0.465534	-0.428874	-0.432966	-0.306497	-0.461615	-0.470143	-0.360251	-0.379149
25000	intercept	0.446187	0.462141	0.460246	0.429021	0.412717	0.41939	0.455334	0.472689	0.431543	0.469766	0.419009	0.417953	0.361108	0.435668	0.456775	0.414007	0.423978	0.452947	0.453948	0.469533	0.435736	0.486649	0.45319	0.436196	0.50909	0.443865	0.485305	0.397775	0.476592	0.480041	0.412146	0.450836	0.459602	0.407856	0.461204	0.393458	0.43128	0.432988	0.458657	0.473578	0.444506	0.481153	0.486083	0.453458	0.437231	0.41247	0.407772	0.442476	0.422341	0.432802	0.446898	0.424522	0.450799	0.407459	0.457279	0.45539	0.434764	0.458203	0.467917	0.45347	0.499671	0.41347	0.459584	0.405393	0.392714	0.426089	0.426987	0.412132	0.411449	0.451023	0.414505	0.446307	0.451243	0.457195	0.42775	0.459193	0.46066	0.434756	0.452155	0.456616	0.461489	0.444767	0.391137	0.474041	0.420846	0.439634	0.440584	0.392761	0.472232	0.473306	0.488028	0.428798	0.453775	0.416718	0.465572	0.46978	0.478476	0.471185	0.455129	0.409768	0.47686	0.432304	0.457449	0.443612	0.443411	0.507858	0.400348	0.468471	0.437721	0.442576	0.440295	0.479015	0.457324	0.429408	0.405946	0.456227	0.400105	0.375624	0.484704	0.479482	0.436512	0.396742	0.448723	0.456592	0.45766	0.422108	0.419602	0.474375	0.444866	0.478548	0.379517	0.435415	0.464084	0.449172	0.478141	0.414525	0.409882	0.479183	0.51206	0.404952	0.450572	0.48517	0.49031	0.399011	0.380086	0.433202	0.454866	0.448415	0.435117	0.463765	0.389527	0.4606	0.48736	0.440546	0.44641	0.430087	0.453133	0.452625	0.473099	0.385589	0.507045	0.4339	0.451505	0.463736	0.463649	0.432942	0.400413	0.434188	0.466728	0.42957	0.41199	0.43233	0.431983	0.448707	0.401337	0.466854	0.473837	0.365279	0.439625	0.486412	0.445611	0.450193	0.439495	0.387272	0.426187	0.372692	0.495369	0.410869	0.500721	0.453931	0.412246	0.392049	0.416437	0.459628	0.450768	0.441872	0.443316	0.474167	0.416276	0.443457	0.441901	0.470562	0.463436	0.488699	0.502819	0.490659	0.433142	0.496992	0.441254	0.474614	0.496331	0.469437	0.408902	0.40758	0.454121	0.452673	0.439398	0.442453	0.450599	0.390421	0.502034	0.462876	0.544924	0.40758	0.368936	0.390202	0.448851	0.41492	0.41492	0.441901	0.461677	0.42551	0.376905	0.462551	0.378038	0.40758	0.451657	0.466222	0.417512	0.403415	0.420554	0.403415	0.434572	0.392897	0.417512	0.460297	0.487132	0.325781	0.381762	0.496992	0.448958	0.379786	0.543645	0.543484	0.521302	0.448958	0.502084	0.498624	0.390421	0.362746	0.436879	0.493947	0.484805	0.480799	0.39583	0.440968	0.345312	0.478876	0.376448	0.502819	0.4297	0.473665	0.502819	0.448958	0.464947	0.453931	0.466107	0.376448	0.445765	0.442453	0.470443	0.459967	0.474278	0.456174	0.463869	0.376095	0.481108	0.450521	0.392897	0.501487	0.403415	0.376905	0.432078	0.42551	0.466107	0.385066	0.450599	0.37886	0.368936	0.418568	0.40765	0.445765	0.500895	0.460051	0.481108	0.462525	0.455077	0.327559	0.441254	0.37716	0.470453	0.442257	0.419591	0.492005	0.387004	0.332147	0.453514	0.455077	0.380628	0.462525	0.449906	0.387079	0.434279	0.441849	0.480159	0.474369	0.366145	0.459392	0.392897	0.38998	0.474614	0.378008	0.4458	0.43289	0.433247	0.449044	0.460806	0.498002	0.450236	0.442453	0.407783	0.415129	0.390421	0.518766	0.378038	0.453934	0.493947	0.496992	0.453931	0.372974	0.418118	0.490709	0.470443	0.477175	0.444035	0.463516	0.460521	0.485804	0.378316	0.43289	0.396042	0.376448	0.474614	0.422983	0.422211	0.501487	0.501171	0.376905	0.449044	0.417512	0.500895	0.408153	0.376448	0.442347	0.487674	0.509773	0.44473	0.496339	0.490659	0.442453	0.474927	0.383011	0.521302	0.410672	0.478876	0.382258	0.382258	0.548743	0.483216	0.496992	0.465658	0.419417	0.457867	0.485804	0.502071	0.417939	0.460521	0.478876	0.374117	0.433142
26000	slope	-0.424736	-0.35405	-0.380869	-0.413842	-0.406332	-0.383356	-0.340299	-0.36925	-0.306538	-0.364738	-0.380152	-0.382806	-0.430177	-0.360781	-0.394732	-0.350311	-0.394088	-0.396071	-0.354209	-0.376527	-0.406775	-0.349932	-0.32238	-0.310537	-0.351439	-0.383346	-0.361714	-0.409114	-0.43612	-0.414483	-0.342827	-0.406682	-0.408798	-0.311648	-0.307831	-0.379153	-0.422983	-0.373421	-0.317684	-0.399864	-0.376465	-0.372876	-0.357949	-0.409836	-0.30526	-0.417462	-0.400478	-0.407893	-0.319618	-0.330347	-0.355315	-0.400786	-0.373491	-0.396601	-0.37396	-0.358406	-0.35595	-0.373752	-0.36084	-0.3806	-0.356413	-0.315827	-0.346628	-0.408256	-0.303357	-0.30795	-0.36608	-0.359284	-0.329676	-0.362285	-0.31014	-0.37575	-0.389586	-0.313569	-0.393159	-0.348779	-0.409935	-0.324397	-0.341431	-0.298116	-0.382784	-0.426256	-0.354295	-0.420141	-0.373782	-0.285823	-0.385922	-0.407217	-0.36711	-0.377075	-0.425941	-0.366144	-0.40287	-0.385789	-0.358978	-0.337859	-0.307139	-0.389563	-0.409696	-0.403223	-0.393381	-0.382844	-0.365687	-0.403507	-0.35342	-0.394122	-0.35797	-0.352651	-0.297804	-0.342413	-0.405886	-0.345161	-0.350645	-0.346063	-0.341127	-0.417096	-0.416529	-0.405873	-0.363598	-0.368058	-0.401417	-0.367807	-0.411728	-0.400455	-0.363987	-0.332305	-0.408378	-0.350951	-0.367148	-0.403105	-0.335263	-0.385327	-0.309545	-0.358236	-0.347015	-0.412535	-0.410728	-0.396943	-0.371588	-0.294594	-0.361977	-0.369332	-0.304564	-0.373793	-0.369327	-0.370944	-0.337508	-0.364993	-0.318382	-0.404757	-0.373644	-0.355085	-0.409257	-0.338527	-0.392035	-0.388172	-0.386818	-0.404016	-0.358182	-0.379349	-0.368481	-0.404002	-0.407831	-0.344278	-0.371203	-0.363446	-0.308788	-0.364807	-0.423268	-0.375988	-0.39109	-0.370016	-0.350582	-0.307195	-0.36091	-0.333598	-0.34469	-0.379135	-0.390875	-0.375268	-0.360715	-0.391784	-0.383228	-0.443341	-0.348032	-0.418807	-0.307708	-0.300195	-0.366106	-0.319056	-0.373575	-0.383134	-0.393739	-0.374201	-0.365237	-0.408619	-0.327687	-0.421237	-0.41093	-0.329058	-0.435104	-0.286638	-0.389038	-0.356773	-0.345022	-0.417153	-0.344537	-0.4019	-0.438439	-0.327692	-0.395166	-0.332392	-0.412535	-0.430984	-0.395398	-0.246499	-0.323331	-0.42119	-0.312298	-0.33664	-0.40108	-0.448603	-0.405074	-0.33666	-0.405444	-0.479002	-0.293411	-0.410101	-0.371198	-0.397917	-0.408829	-0.398902	-0.286699	-0.430984	-0.33744	-0.422155	-0.40108	-0.398349	-0.39367	-0.403865	-0.42119	-0.340321	-0.398902	-0.424961	-0.360617	-0.374742	-0.296065	-0.408097	-0.323331	-0.349923	-0.37623	-0.412535	-0.378003	-0.397917	-0.278305	-0.417445	-0.323331	-0.381979	-0.415517	-0.347635	-0.39183	-0.472813	-0.294316	-0.373107	-0.36509	-0.420315	-0.414315	-0.420376	-0.424771	-0.403865	-0.412535	-0.299318	-0.367512	-0.345022	-0.293966	-0.445374	-0.323331	-0.28802	-0.439452	-0.374742	-0.407137	-0.357496	-0.391168	-0.37623	-0.333003	-0.423995	-0.398902	-0.350445	-0.36554	-0.439452	-0.438439	-0.455407	-0.357496	-0.395153	-0.324983	-0.360617	-0.378322	-0.346164	-0.324983	-0.408347	-0.384889	-0.323331	-0.39676	-0.386489	-0.415564	-0.410125	-0.44123	-0.432866	-0.336058	-0.288262	-0.386489	-0.473477	-0.283383	-0.435104	-0.352229	-0.412008	-0.406493	-0.284343	-0.323331	-0.473477	-0.323331	-0.379824	-0.443692	-0.410984	-0.323331	-0.350445	-0.412008	-0.373969	-0.397635	-0.361571	-0.332392	-0.349923	-0.337819	-0.374742	-0.387715	-0.349923	-0.410101	-0.323331	-0.374742	-0.397635	-0.333885	-0.347635	-0.343334	-0.435104	-0.439452	-0.371719	-0.409745	-0.360553	-0.360617	-0.38793	-0.293411	-0.407137	-0.461964	-0.392174	-0.364394	-0.352229	-0.370556	-0.290477	-0.340874	-0.283383	-0.424771	-0.40108	-0.323331	-0.305288	-0.36554	-0.294316	-0.286699	-0.286294	-0.334918	-0.406696	-0.374742	-0.422155	-0.322982	-0.411192	-0.398085	-0.371198	-0.415564	-0.398349	-0.371376	-0.422049	-0.344537	-0.357496	-0.401981	-0.283383	-0.406515	-0.285631	-0.445374	-0.410101	-0.40108	-0.333885	-0.364112	-0.410947	-0.374742	-0.39676	-0.407137	-0.401671	-0.332392	-0.422155	-0.286699	-0.379824
26000	intercept	0.474608	0.424982	0.43323	0.437385	0.45686	0.442505	0.437589	0.458999	0.36901	0.451788	0.397962	0.438492	0.468316	0.452515	0.468463	0.394119	0.427179	0.434005	0.409425	0.445242	0.475512	0.455762	0.431579	0.357302	0.403877	0.436625	0.428636	0.467619	0.465745	0.419907	0.417353	0.438669	0.444638	0.396825	0.439342	0.403408	0.470422	0.441373	0.399839	0.448312	0.406548	0.425014	0.435128	0.436955	0.378797	0.445628	0.454159	0.461998	0.416019	0.428202	0.456956	0.433425	0.425351	0.486759	0.396951	0.42897	0.427548	0.431928	0.437146	0.43022	0.411953	0.419702	0.448824	0.431856	0.373152	0.365097	0.462642	0.412137	0.389088	0.448265	0.451005	0.45448	0.425794	0.449895	0.451762	0.426965	0.480947	0.419888	0.390872	0.393339	0.411797	0.449011	0.43716	0.47378	0.429437	0.365614	0.470244	0.434169	0.413778	0.426886	0.445307	0.403587	0.442118	0.400745	0.429454	0.454261	0.378251	0.4521	0.464902	0.490687	0.438886	0.447151	0.454528	0.445491	0.457609	0.435842	0.404724	0.410162	0.402629	0.400563	0.440125	0.41795	0.431817	0.434047	0.44915	0.450643	0.446164	0.435156	0.439458	0.388629	0.466148	0.475372	0.437532	0.422663	0.439858	0.416684	0.438981	0.429096	0.456023	0.458458	0.366061	0.429101	0.398309	0.406405	0.472731	0.443087	0.410359	0.448379	0.451797	0.365614	0.379455	0.407174	0.414343	0.444553	0.414374	0.44673	0.438096	0.454067	0.375209	0.460175	0.443012	0.410025	0.453804	0.392503	0.421174	0.465539	0.443777	0.471738	0.458633	0.423376	0.397929	0.427294	0.485784	0.38488	0.401667	0.452923	0.41243	0.438079	0.483997	0.426993	0.452967	0.443261	0.429204	0.409033	0.449614	0.395629	0.435918	0.456595	0.45495	0.436068	0.423918	0.454243	0.428497	0.50038	0.439767	0.47378	0.400292	0.367008	0.438502	0.410836	0.423794	0.447277	0.456835	0.441017	0.467437	0.412987	0.449662	0.451408	0.486475	0.42747	0.469399	0.400381	0.423764	0.407735	0.47239	0.44235	0.405344	0.422464	0.472829	0.49414	0.432025	0.424072	0.443087	0.459143	0.432876	0.325198	0.402225	0.455	0.433403	0.389671	0.400152	0.467197	0.508684	0.463218	0.452922	0.508349	0.4011	0.428803	0.436098	0.464171	0.46073	0.42314	0.359072	0.459143	0.405344	0.47436	0.400152	0.470634	0.442527	0.47669	0.455	0.48024	0.410498	0.508684	0.442629	0.448354	0.407966	0.491171	0.402225	0.433034	0.457773	0.443087	0.399217	0.458198	0.410051	0.443087	0.402225	0.449662	0.453883	0.406375	0.491171	0.443125	0.41138	0.382777	0.425377	0.497735	0.443087	0.419907	0.45126	0.47669	0.443087	0.407966	0.417202	0.464226	0.417315	0.467197	0.402225	0.407966	0.507967	0.442267	0.430824	0.4607	0.421227	0.457773	0.373529	0.442095	0.42314	0.451778	0.396383	0.501323	0.472829	0.511459	0.4607	0.455792	0.389927	0.442629	0.455084	0.408768	0.389927	0.482641	0.480155	0.402225	0.445756	0.416146	0.441674	0.453529	0.44644	0.49857	0.413886	0.391404	0.416146	0.505732	0.344079	0.469399	0.478934	0.474778	0.430824	0.400788	0.402225	0.505732	0.402225	0.460435	0.464169	0.436913	0.402225	0.451778	0.474778	0.413546	0.445756	0.436218	0.424072	0.433034	0.365099	0.442267	0.455369	0.40019	0.41216	0.402225	0.451315	0.445756	0.354501	0.420896	0.464614	0.469399	0.507967	0.462025	0.407741	0.429399	0.442629	0.494989	0.38858	0.430824	0.497263	0.422338	0.438127	0.471327	0.394333	0.417663	0.402225	0.344079	0.45126	0.400152	0.402225	0.417663	0.396383	0.41138	0.372547	0.418028	0.402736	0.491171	0.448354	0.47436	0.474911	0.497735	0.434931	0.438427	0.441674	0.439516	0.441248	0.505886	0.39889	0.4607	0.476403	0.344079	0.432876	0.424102	0.467197	0.41216	0.400152	0.342452	0.47037	0.437291	0.448354	0.445756	0.430824	0.46809	0.424072	0.47436	0.369965	0.4727
27000	slope	-0.383744	-0.451803	-0.412457	-0.381178	-0.325836	-0.337391	-0.338766	-0.352151	-0.345977	-0.390544	-0.341621	-0.29285	-0.379065	-0.442927	-0.384748	-0.287949	-0.347808	-0.41499	-0.382402	-0.385672	-0.34407	-0.366393	-0.4146	-0.327142	-0.338635	-0.341364	-0.369981	-0.384007	-0.376175	-0.414758	-0.410287	-0.407137	-0.400304	-0.304122	-0.335862	-0.352539	-0.281713	-0.338092	-0.296672	-0.355012	-0.350909	-0.388423	-0.401608	-0.361075	-0.341233	-0.349401	-0.29208	-0.408916	-0.408013	-0.360064	-0.337242	-0.407718	-0.412647	-0.421193	-0.350605	-0.3741	-0.420443	-0.421478	-0.357586	-0.30943	-0.40858	-0.399927	-0.311953	-0.424616	-0.378467	-0.382219	-0.282985	-0.375802	-0.363597	-0.413714	-0.294385	-0.32556	-0.363149	-0.421598	-0.376844	-0.278948	-0.337231	-0.383653	-0.443861	-0.278295	-0.392686	-0.407922	-0.322237	-0.33524	-0.369169	-0.418929	-0.341952	-0.33671	-0.333645	-0.332816	-0.421018	-0.388834	-0.389189	-0.400061	-0.386166	-0.355019	-0.351511	-0.334521	-0.392107	-0.424878	-0.454145	-0.381564	-0.288413	-0.339839	-0.352872	-0.446209	-0.319913	-0.397547	-0.364162	-0.418268	-0.439161	-0.297832	-0.394844	-0.405613	-0.374617	-0.298367	-0.346535	-0.347275	-0.313038	-0.432578	-0.361388	-0.449789	-0.420868	-0.326008	-0.350043	-0.288619	-0.41705	-0.28247	-0.354675	-0.404542	-0.382269	-0.405861	-0.319836	-0.391116	-0.381602	-0.376862	-0.326516	-0.401537	-0.331965	-0.398561	-0.370592	-0.383074	-0.38004	-0.405319	-0.361075	-0.320083	-0.449257	-0.27986	-0.388691	-0.41689	-0.329923	-0.392147	-0.365907	-0.412131	-0.340782	-0.418904	-0.396459	-0.413228	-0.402647	-0.381262	-0.35324	-0.4042	-0.341926	-0.381245	-0.282639	-0.330417	-0.374916	-0.289005	-0.393789	-0.395178	-0.281151	-0.381059	-0.357913	-0.307152	-0.439825	-0.283032	-0.279053	-0.360898	-0.336498	-0.37325	-0.372737	-0.426336	-0.325952	-0.362856	-0.33999	-0.431588	-0.428368	-0.351976	-0.34433	-0.40798	-0.44875	-0.332979	-0.348743	-0.286689	-0.330092	-0.351009	-0.363802	-0.394203	-0.393398	-0.347422	-0.299909	-0.436229	-0.280187	-0.395968	-0.439402	-0.269528	-0.328449	-0.438621	-0.264101	-0.344085	-0.293192	-0.344085	-0.4074	-0.371812	-0.258313	-0.326754	-0.480427	-0.409638	-0.368753	-0.472589	-0.289528	-0.293192	-0.301537	-0.281792	-0.399667	-0.369757	-0.41534	-0.355974	-0.374263	-0.280187	-0.280187	-0.288597	-0.344085	-0.442742	-0.452415	-0.434864	-0.449563	-0.333013	-0.283634	-0.436768	-0.355974	-0.269651	-0.299909	-0.41534	-0.380425	-0.345045	-0.28324	-0.315898	-0.398144	-0.278668	-0.43545	-0.41534	-0.443971	-0.271748	-0.295749	-0.28324	-0.456835	-0.480427	-0.43545	-0.420767	-0.370192	-0.466835	-0.301406	-0.344085	-0.4607	-0.439402	-0.39037	-0.317981	-0.428759	-0.280605	-0.480427	-0.315898	-0.359171	-0.44253	-0.380416	-0.41534	-0.320462	-0.380425	-0.372625	-0.380301	-0.320462	-0.359171	-0.301406	-0.425076	-0.324318	-0.419282	-0.430887	-0.4074	-0.332521	-0.291949	-0.391626	-0.280178	-0.27632	-0.332619	-0.264979	-0.355185	-0.39628	-0.291949	-0.369844	-0.358234	-0.339728	-0.369415	-0.362779	-0.449563	-0.305136	-0.307925	-0.410761	-0.380836	-0.380425	-0.434397	-0.251579	-0.349534	-0.370192	-0.359171	-0.379319	-0.277781	-0.442742	-0.349923	-0.40267	-0.295749	-0.400036	-0.401742	-0.336946	-0.295263	-0.427561	-0.369858	-0.40832	-0.41534	-0.437553	-0.434468	-0.33973	-0.269528	-0.410202	-0.424456	-0.380425	-0.362779	-0.283697	-0.380836	-0.380836	-0.41534	-0.449063	-0.320891	-0.380425	-0.392222	-0.380425	-0.326754	-0.434159	-0.459784	-0.369415	-0.328819	-0.280187	-0.445622	-0.443971	-0.354022	-0.472589	-0.384185	-0.283634	-0.387267	-0.395968	-0.450731	-0.469756	-0.317795	-0.279654	-0.299909	-0.251579	-0.400439	-0.305136	-0.276911	-0.438535	-0.438535	-0.342367	-0.408903	-0.251579	-0.442742	-0.399284	-0.411522	-0.330809	-0.452415	-0.353081	-0.243831	-0.436768	-0.382999	-0.390594	-0.373897	-0.385682	-0.419019	-0.355974	-0.360718	-0.368753	-0.408903	-0.359171	-0.324318	-0.413019	-0.329451	-0.277781	-0.442742	-0.305698	-0.326754	-0.399284	-0.328819
27000	intercept	0.439953	0.460601	0.486638	0.462381	0.403147	0.443958	0.407219	0.420591	0.403787	0.479186	0.441545	0.407058	0.39971	0.506957	0.423733	0.342921	0.408049	0.453439	0.451092	0.450288	0.395981	0.412412	0.445381	0.419957	0.44577	0.415985	0.422536	0.415639	0.44946	0.472564	0.47207	0.455905	0.466685	0.379358	0.415731	0.379456	0.366585	0.428903	0.38561	0.454915	0.379081	0.422214	0.458739	0.455812	0.407857	0.451905	0.371733	0.440687	0.438438	0.448554	0.407842	0.414462	0.481312	0.431927	0.422087	0.448364	0.431052	0.463303	0.389214	0.375735	0.490386	0.434626	0.361647	0.440007	0.44289	0.522326	0.351682	0.413485	0.42355	0.443628	0.391121	0.388181	0.430903	0.48129	0.434173	0.365593	0.388614	0.43807	0.501605	0.345903	0.502121	0.41942	0.428594	0.41354	0.421004	0.444996	0.466876	0.408505	0.390524	0.439058	0.446607	0.460042	0.458739	0.435496	0.41965	0.397741	0.431381	0.378353	0.442579	0.447952	0.48582	0.468445	0.395517	0.441052	0.471125	0.467498	0.386141	0.449096	0.435389	0.458781	0.453842	0.351772	0.49311	0.405378	0.42186	0.417029	0.390319	0.431373	0.46169	0.458164	0.405998	0.462711	0.434555	0.419498	0.397139	0.362802	0.488113	0.362855	0.401253	0.443943	0.434122	0.448987	0.409305	0.451932	0.437237	0.478074	0.409673	0.471796	0.392284	0.435227	0.433422	0.460142	0.467041	0.483724	0.460287	0.41195	0.457147	0.36922	0.440677	0.488312	0.42716	0.444322	0.415772	0.452308	0.389175	0.465121	0.44725	0.438628	0.518893	0.464922	0.450467	0.486509	0.367584	0.443597	0.381039	0.417696	0.402968	0.397262	0.465535	0.484605	0.379612	0.448534	0.413632	0.406255	0.501342	0.392493	0.376182	0.423311	0.401622	0.429568	0.416714	0.461192	0.370019	0.433189	0.372812	0.494586	0.489878	0.43588	0.402193	0.44624	0.508209	0.392265	0.417378	0.372065	0.396424	0.421824	0.450437	0.44914	0.424476	0.426285	0.343851	0.459248	0.35135	0.461158	0.52136	0.349984	0.412703	0.406897	0.312336	0.397533	0.390485	0.402689	0.434545	0.485332	0.342734	0.409527	0.510118	0.4661	0.406092	0.48961	0.424531	0.390597	0.424531	0.390946	0.433923	0.427691	0.459667	0.416195	0.460927	0.349189	0.343889	0.391411	0.406137	0.445476	0.5175	0.552453	0.500786	0.398449	0.382679	0.423005	0.422166	0.381774	0.343851	0.462128	0.403524	0.451235	0.389281	0.412731	0.416628	0.368279	0.552453	0.462128	0.520177	0.335114	0.39576	0.389281	0.481305	0.505405	0.552453	0.47275	0.485332	0.490519	0.395706	0.375366	0.499831	0.534578	0.406092	0.492199	0.406897	0.350233	0.498326	0.412731	0.376413	0.507891	0.406147	0.445476	0.428998	0.426678	0.397156	0.397533	0.428998	0.384704	0.395706	0.489453	0.3577	0.433923	0.506791	0.444855	0.389346	0.381849	0.376832	0.389186	0.352014	0.422037	0.342222	0.498168	0.428521	0.395706	0.479494	0.4631	0.412731	0.432066	0.448306	0.496525	0.391297	0.409527	0.471672	0.409787	0.430168	0.433923	0.300855	0.451235	0.485332	0.384704	0.40047	0.370763	0.442695	0.440424	0.434545	0.39576	0.47946	0.503378	0.40623	0.365002	0.503378	0.481113	0.416628	0.462128	0.519706	0.525729	0.422006	0.366318	0.421305	0.48739	0.403524	0.465644	0.391411	0.418736	0.421411	0.462128	0.52036	0.366042	0.410056	0.40413	0.403524	0.404772	0.500846	0.455887	0.434875	0.394342	0.343889	0.507373	0.520177	0.384781	0.476008	0.426678	0.390946	0.469979	0.461158	0.446247	0.507397	0.359369	0.358831	0.343851	0.300855	0.433439	0.389249	0.341358	0.464243	0.476833	0.402689	0.442636	0.312336	0.445476	0.434545	0.445476	0.412703	0.5175	0.501837	0.300855	0.423005	0.421305	0.464251	0.44193	0.426678	0.523395	0.416195	0.398141	0.406092	0.442636	0.392953	0.3577	0.458556	0.492199	0.373517	0.442695	0.38776	0.414991	0.434545	0.394342
28000	slope	-0.395518	-0.370807	-0.294667	-0.349583	-0.309264	-0.367782	-0.359427	-0.288775	-0.432419	-0.379336	-0.402003	-0.283637	-0.432837	-0.377136	-0.378995	-0.341733	-0.392182	-0.319228	-0.48078	-0.364065	-0.425966	-0.448002	-0.414545	-0.404226	-0.402547	-0.388938	-0.407968	-0.371991	-0.384824	-0.386818	-0.437355	-0.338481	-0.339503	-0.343394	-0.297245	-0.335	-0.369852	-0.365751	-0.329713	-0.379415	-0.304564	-0.308874	-0.352222	-0.308116	-0.365307	-0.412478	-0.291937	-0.287819	-0.429873	-0.406488	-0.283933	-0.387821	-0.391825	-0.366241	-0.338679	-0.372065	-0.328906	-0.323491	-0.327155	-0.422936	-0.404377	-0.356145	-0.375095	-0.369207	-0.430763	-0.329433	-0.37125	-0.32147	-0.381238	-0.36317	-0.392703	-0.31207	-0.350492	-0.394447	-0.368025	-0.37595	-0.41127	-0.380603	-0.277169	-0.303752	-0.302559	-0.335928	-0.343931	-0.439698	-0.336531	-0.258977	-0.303494	-0.472616	-0.385624	-0.473872	-0.373806	-0.321448	-0.384264	-0.262851	-0.325994	-0.336331	-0.274632	-0.335982	-0.297249	-0.336842	-0.324437	-0.404402	-0.406265	-0.383178	-0.332642	-0.359776	-0.258139	-0.443824	-0.336772	-0.312802	-0.362376	-0.371336	-0.413373	-0.388103	-0.428839	-0.41341	-0.319426	-0.352787	-0.360988	-0.400132	-0.33603	-0.378567	-0.422553	-0.399354	-0.353875	-0.466759	-0.36112	-0.430177	-0.404081	-0.386431	-0.37131	-0.366191	-0.394367	-0.372002	-0.376132	-0.309766	-0.361817	-0.365228	-0.335733	-0.330576	-0.284283	-0.439318	-0.27988	-0.409877	-0.352374	-0.384072	-0.433992	-0.394402	-0.326096	-0.286218	-0.323411	-0.402462	-0.417274	-0.320221	-0.444056	-0.35814	-0.279629	-0.433199	-0.390537	-0.403422	-0.342995	-0.461336	-0.367387	-0.294809	-0.391148	-0.436105	-0.303825	-0.373885	-0.3904	-0.380661	-0.390664	-0.423778	-0.35962	-0.247141	-0.38712	-0.428141	-0.310511	-0.308716	-0.332412	-0.428576	-0.319985	-0.372795	-0.362008	-0.33528	-0.36402	-0.354884	-0.440591	-0.333523	-0.393247	-0.390668	-0.345987	-0.365847	-0.443257	-0.334872	-0.289112	-0.317223	-0.4737	-0.385613	-0.376643	-0.302809	-0.256053	-0.323117	-0.448183	-0.428935	-0.418681	-0.387141	-0.321105	-0.375478	-0.418681	-0.352983	-0.439231	-0.264991	-0.426484	-0.285112	-0.291168	-0.246169	-0.461452	-0.426806	-0.328987	-0.452495	-0.44027	-0.376133	-0.379548	-0.292287	-0.324609	-0.32382	-0.282754	-0.268089	-0.436647	-0.480979	-0.44783	-0.365449	-0.430919	-0.448002	-0.359934	-0.435479	-0.34332	-0.297625	-0.463649	-0.46332	-0.286249	-0.486754	-0.375341	-0.410674	-0.310529	-0.452738	-0.384275	-0.387865	-0.423012	-0.342599	-0.271354	-0.29103	-0.322201	-0.428843	-0.310529	-0.453992	-0.282754	-0.403842	-0.457325	-0.291594	-0.357978	-0.416232	-0.441694	-0.418621	-0.325715	-0.454151	-0.246169	-0.453992	-0.340492	-0.324333	-0.338831	-0.339559	-0.27954	-0.265741	-0.457325	-0.518507	-0.436647	-0.31674	-0.436647	-0.404401	-0.321105	-0.441988	-0.336544	-0.355577	-0.319608	-0.32382	-0.480979	-0.436647	-0.361132	-0.360252	-0.340477	-0.379338	-0.423645	-0.282202	-0.369605	-0.384275	-0.256007	-0.251169	-0.401282	-0.394282	-0.310529	-0.32382	-0.403842	-0.256007	-0.364906	-0.441269	-0.415277	-0.312292	-0.360819	-0.457683	-0.424698	-0.418681	-0.44247	-0.286249	-0.457683	-0.271482	-0.360058	-0.384275	-0.480979	-0.448002	-0.431274	-0.421713	-0.418621	-0.423012	-0.331497	-0.443566	-0.344105	-0.336544	-0.418681	-0.268089	-0.411743	-0.306952	-0.360819	-0.480979	-0.426023	-0.361132	-0.341674	-0.41336	-0.297105	-0.439231	-0.318607	-0.340492	-0.360058	-0.321344	-0.45205	-0.435479	-0.30327	-0.421713	-0.249864	-0.306952	-0.436647	-0.448002	-0.310868	-0.318607	-0.441988	-0.423012	-0.428935	-0.406979	-0.334343	-0.368373	-0.4195	-0.315743	-0.360521	-0.401282	-0.448002	-0.409222	-0.480979	-0.41709	-0.360521	-0.470754	-0.448002	-0.288085	-0.259882	-0.454151	-0.268089	-0.249864	-0.387141	-0.44027	-0.357978	-0.321905	-0.277142	-0.308716	-0.357978	-0.406975	-0.379338	-0.268089	-0.401282	-0.454151	-0.374724	-0.32382	-0.324036	-0.256053	-0.469547	-0.315837	-0.360058	-0.401282	-0.359934	-0.438332	-0.370366	-0.379338
28000	intercept	0.456528	0.435323	0.377953	0.422398	0.370241	0.43342	0.440012	0.39299	0.477864	0.435395	0.48894	0.370018	0.470173	0.470554	0.474867	0.377324	0.511824	0.425211	0.495009	0.428296	0.462057	0.516218	0.452407	0.44255	0.424048	0.460182	0.468409	0.50899	0.478382	0.427458	0.487881	0.373201	0.393599	0.422579	0.349965	0.377314	0.444292	0.422794	0.401397	0.512755	0.389956	0.368769	0.404313	0.334306	0.462954	0.452818	0.327997	0.38241	0.481067	0.46959	0.330301	0.493578	0.501047	0.456572	0.411178	0.458567	0.378746	0.386065	0.405986	0.542495	0.463996	0.415607	0.430392	0.420582	0.489668	0.357537	0.478895	0.390836	0.467074	0.398902	0.434889	0.346393	0.444904	0.442887	0.477402	0.419388	0.466133	0.393799	0.338534	0.347769	0.378278	0.463598	0.421062	0.526644	0.396269	0.348228	0.362759	0.491362	0.4658	0.530994	0.44195	0.371309	0.402338	0.350573	0.367294	0.407734	0.370161	0.381895	0.378994	0.404451	0.381052	0.459293	0.448079	0.462231	0.354577	0.421905	0.338175	0.484082	0.392088	0.375229	0.434711	0.432751	0.461354	0.469694	0.557084	0.430078	0.376026	0.424281	0.398902	0.479482	0.400646	0.423066	0.459323	0.451552	0.405525	0.486347	0.407422	0.451236	0.414009	0.472815	0.485214	0.408444	0.468051	0.461846	0.466131	0.38972	0.397089	0.445393	0.376822	0.381021	0.34354	0.512295	0.395494	0.472502	0.4114	0.449311	0.543515	0.492863	0.348975	0.388948	0.357856	0.433516	0.493145	0.375301	0.495102	0.39391	0.352811	0.49649	0.455095	0.473635	0.390348	0.4911	0.454874	0.363814	0.499787	0.469255	0.369203	0.452786	0.44388	0.430257	0.447495	0.459357	0.45525	0.338527	0.449482	0.528554	0.399714	0.369108	0.375385	0.501763	0.383592	0.507593	0.376713	0.405658	0.41824	0.385809	0.491752	0.430349	0.448957	0.443101	0.412243	0.411154	0.490902	0.370433	0.385846	0.412834	0.502551	0.434308	0.423261	0.382241	0.346052	0.430417	0.473952	0.475882	0.571278	0.413543	0.392787	0.419522	0.551916	0.373506	0.451931	0.411156	0.454632	0.339824	0.361082	0.352012	0.489958	0.479845	0.383642	0.50169	0.477697	0.452371	0.424088	0.419843	0.408817	0.386909	0.320777	0.343889	0.523864	0.489449	0.467726	0.385348	0.477116	0.503564	0.462285	0.515863	0.37983	0.312551	0.532591	0.492322	0.346413	0.486517	0.413342	0.445838	0.370993	0.462649	0.429141	0.424402	0.569127	0.449353	0.343741	0.351863	0.399846	0.515863	0.387961	0.49758	0.320777	0.504193	0.493975	0.387961	0.434584	0.576156	0.490111	0.464014	0.369646	0.470955	0.352012	0.497622	0.407448	0.341276	0.36131	0.410634	0.351863	0.34	0.475702	0.511093	0.516833	0.392787	0.527159	0.432868	0.392787	0.500727	0.367453	0.473801	0.389645	0.392371	0.489449	0.527159	0.448593	0.401813	0.440281	0.433851	0.582783	0.355906	0.493776	0.429141	0.371625	0.3201	0.429915	0.503573	0.370993	0.403351	0.504193	0.371625	0.3761	0.451931	0.504193	0.405741	0.373506	0.493975	0.515863	0.554438	0.493567	0.346413	0.475143	0.360557	0.502898	0.429141	0.489449	0.503564	0.470884	0.570484	0.468658	0.580783	0.384843	0.497412	0.388458	0.371807	0.554438	0.344539	0.444844	0.396241	0.373506	0.489449	0.502346	0.454081	0.420264	0.569127	0.323805	0.451931	0.372076	0.409493	0.502898	0.42587	0.497671	0.515863	0.376458	0.578146	0.350086	0.396241	0.523864	0.503564	0.438167	0.392476	0.500727	0.580783	0.491811	0.551773	0.449353	0.487843	0.572935	0.381142	0.455353	0.429915	0.511428	0.551773	0.476034	0.436796	0.455353	0.492693	0.503564	0.376458	0.320401	0.456865	0.343889	0.350086	0.437892	0.477697	0.443725	0.387961	0.389844	0.378088	0.434584	0.405016	0.433851	0.32963	0.428856	0.467454	0.446649	0.386909	0.39459	0.346052	0.512553	0.375822	0.502898	0.432868	0.440346	0.48645	0.502432	0.433851
29000	slope	-0.401864	-0.429704	-0.369008	-0.349629	-0.385587	-0.305828	-0.375395	-0.362054	-0.380885	-0.385647	-0.278674	-0.349405	-0.284116	-0.350731	-0.386992	-0.286912	-0.439462	-0.358081	-0.377369	-0.293713	-0.343621	-0.305362	-0.334839	-0.374605	-0.325919	-0.375984	-0.373193	-0.326542	-0.299804	-0.270144	-0.306879	-0.433819	-0.320194	-0.348356	-0.376543	-0.288089	-0.409912	-0.350043	-0.281757	-0.398059	-0.376081	-0.431646	-0.250228	-0.310027	-0.439586	-0.285391	-0.334345	-0.305412	-0.310632	-0.389715	-0.300374	-0.364385	-0.374655	-0.360831	-0.442667	-0.298916	-0.405441	-0.316726	-0.3004	-0.269079	-0.414877	-0.365855	-0.40166	-0.446427	-0.366165	-0.360663	-0.326376	-0.45381	-0.346288	-0.350967	-0.357919	-0.344039	-0.378053	-0.351	-0.350783	-0.350934	-0.4043	-0.360906	-0.278925	-0.284609	-0.428584	-0.332945	-0.30067	-0.363687	-0.359302	-0.376258	-0.398375	-0.303175	-0.377064	-0.340044	-0.38187	-0.353948	-0.301104	-0.374772	-0.292842	-0.268877	-0.332598	-0.368899	-0.429536	-0.309624	-0.344759	-0.286803	-0.380168	-0.441004	-0.387108	-0.418735	-0.406733	-0.443263	-0.30078	-0.325415	-0.303688	-0.338499	-0.422675	-0.369298	-0.30429	-0.300283	-0.37761	-0.333859	-0.365729	-0.350143	-0.272622	-0.317271	-0.360507	-0.332322	-0.389494	-0.377289	-0.299926	-0.432163	-0.297568	-0.429649	-0.41004	-0.368015	-0.296043	-0.300998	-0.303895	-0.302175	-0.287823	-0.326728	-0.293823	-0.332289	-0.380015	-0.353903	-0.353083	-0.279637	-0.423752	-0.445291	-0.386958	-0.341521	-0.419478	-0.288397	-0.371965	-0.411913	-0.275228	-0.337081	-0.289164	-0.419416	-0.430845	-0.351604	-0.267434	-0.389639	-0.283422	-0.42165	-0.293797	-0.437238	-0.295706	-0.37246	-0.332068	-0.397227	-0.324312	-0.328652	-0.403136	-0.298065	-0.312859	-0.319207	-0.280007	-0.354038	-0.467488	-0.418296	-0.325745	-0.312089	-0.390312	-0.28065	-0.371267	-0.388589	-0.352495	-0.370174	-0.31398	-0.383741	-0.307479	-0.391017	-0.358728	-0.366907	-0.281761	-0.329062	-0.387574	-0.326001	-0.288018	-0.292092	-0.281737	-0.385054	-0.272532	-0.303851	-0.308483	-0.362752	-0.464355	-0.299857	-0.295715	-0.354582	-0.308483	-0.321357	-0.470912	-0.303669	-0.45358	-0.436008	-0.295927	-0.400998	-0.393834	-0.269685	-0.406367	-0.346369	-0.33368	-0.339	-0.448002	-0.317741	-0.286942	-0.447226	-0.348123	-0.285671	-0.255906	-0.300107	-0.448002	-0.31346	-0.350742	-0.296515	-0.406538	-0.253304	-0.411775	-0.456238	-0.432179	-0.40346	-0.242014	-0.449338	-0.331454	-0.337424	-0.367877	-0.337948	-0.456238	-0.419633	-0.444696	-0.472481	-0.406987	-0.319734	-0.270301	-0.318021	-0.44842	-0.269685	-0.261274	-0.334459	-0.333896	-0.317554	-0.422766	-0.304332	-0.400998	-0.449338	-0.329983	-0.312173	-0.297839	-0.268753	-0.28263	-0.321357	-0.330231	-0.427056	-0.420922	-0.406252	-0.291378	-0.272787	-0.367877	-0.292645	-0.308483	-0.446349	-0.308483	-0.470912	-0.39488	-0.339	-0.3925	-0.427056	-0.332425	-0.309028	-0.292328	-0.431335	-0.255906	-0.306919	-0.328904	-0.308073	-0.346716	-0.359546	-0.269685	-0.333755	-0.308483	-0.450463	-0.290354	-0.291841	-0.270301	-0.306297	-0.308483	-0.411775	-0.303851	-0.300107	-0.333755	-0.443659	-0.331454	-0.346369	-0.358018	-0.411775	-0.427056	-0.440493	-0.290536	-0.267311	-0.399105	-0.286844	-0.434023	-0.305203	-0.366333	-0.284788	-0.472955	-0.339	-0.435305	-0.3785	-0.295715	-0.31652	-0.348123	-0.399862	-0.295927	-0.388363	-0.321357	-0.430193	-0.303851	-0.346716	-0.250362	-0.41439	-0.449338	-0.424848	-0.307447	-0.329983	-0.432486	-0.284855	-0.306493	-0.358018	-0.269513	-0.313372	-0.277212	-0.446349	-0.379338	-0.303851	-0.26019	-0.269885	-0.261296	-0.276918	-0.411775	-0.255906	-0.419796	-0.43984	-0.431335	-0.420922	-0.292328	-0.339	-0.430193	-0.379338	-0.302629	-0.449338	-0.255906	-0.331454	-0.306422	-0.379338	-0.257706	-0.432179	-0.41338	-0.295715	-0.290536	-0.411775	-0.380512	-0.269885	-0.379338	-0.295927	-0.411775	-0.448002	-0.292393	-0.420922	-0.436202	-0.353642	-0.393834	-0.31346	-0.29966	-0.43984	-0.41439	-0.337424	-0.384515	-0.304157	-0.243497	-0.244298
29000	intercept	0.481596	0.502637	0.451409	0.427029	0.422401	0.367353	0.437622	0.413207	0.454624	0.442761	0.379815	0.406979	0.397452	0.401817	0.470676	0.342211	0.493632	0.413841	0.480393	0.392417	0.416872	0.362598	0.443365	0.427573	0.39979	0.441818	0.447911	0.444395	0.359193	0.377237	0.386959	0.50214	0.412347	0.409554	0.425549	0.39381	0.463331	0.410067	0.366259	0.469441	0.430436	0.469866	0.353693	0.411134	0.473848	0.371955	0.388347	0.334325	0.366213	0.419421	0.391854	0.416126	0.444448	0.425087	0.483234	0.387428	0.458617	0.367566	0.374631	0.368253	0.440707	0.416755	0.438254	0.507608	0.42399	0.400984	0.424544	0.48982	0.449318	0.421535	0.431013	0.391299	0.430643	0.412774	0.395907	0.396155	0.461227	0.412548	0.422989	0.374109	0.434743	0.388716	0.362538	0.461583	0.420035	0.425164	0.438709	0.371328	0.469317	0.419614	0.436301	0.415785	0.377936	0.401727	0.403639	0.37619	0.414731	0.424251	0.464238	0.407251	0.398939	0.417281	0.461055	0.489783	0.447778	0.458415	0.473352	0.490468	0.416294	0.390196	0.365583	0.421901	0.474338	0.456847	0.37104	0.35816	0.442286	0.387097	0.427916	0.421013	0.393033	0.387389	0.413502	0.401572	0.460126	0.441015	0.338813	0.498439	0.343944	0.488114	0.456659	0.45312	0.356753	0.378089	0.409322	0.344941	0.360019	0.371553	0.393364	0.422315	0.468061	0.424541	0.414897	0.383676	0.505459	0.50808	0.442494	0.430107	0.424536	0.366101	0.464029	0.465901	0.378072	0.429656	0.359949	0.480142	0.498186	0.472079	0.413349	0.439051	0.396872	0.486743	0.367005	0.471761	0.389345	0.439915	0.4065	0.441632	0.366229	0.402209	0.439642	0.377821	0.387291	0.381261	0.354627	0.419776	0.504234	0.499714	0.394519	0.401384	0.463642	0.391969	0.442671	0.451712	0.423681	0.450151	0.382415	0.457058	0.3948	0.426628	0.439658	0.409374	0.383302	0.408892	0.453872	0.403558	0.392391	0.3691	0.342791	0.434373	0.375807	0.402108	0.383269	0.483275	0.496996	0.359191	0.366648	0.449373	0.375166	0.388653	0.556324	0.351069	0.504843	0.509688	0.388499	0.453011	0.422196	0.381465	0.439444	0.406329	0.435685	0.351184	0.534389	0.403369	0.365651	0.455129	0.42022	0.366648	0.374337	0.380008	0.530424	0.359191	0.440435	0.338896	0.490561	0.377992	0.469145	0.468709	0.504131	0.463396	0.366842	0.499605	0.386467	0.440435	0.453384	0.349245	0.468709	0.438122	0.502073	0.486796	0.436303	0.428816	0.33845	0.391313	0.509688	0.381465	0.380964	0.436404	0.431911	0.401255	0.456636	0.314684	0.464028	0.503699	0.412372	0.405018	0.383269	0.342795	0.381833	0.388653	0.382611	0.505878	0.511581	0.446525	0.448356	0.380964	0.453384	0.378758	0.383269	0.503397	0.393155	0.555613	0.455906	0.349245	0.437174	0.505878	0.388986	0.388499	0.386107	0.459406	0.374337	0.388499	0.404201	0.369555	0.447024	0.440435	0.381465	0.430315	0.393155	0.530424	0.363885	0.357743	0.311785	0.359191	0.37691	0.465547	0.402108	0.380008	0.406329	0.504843	0.375592	0.406329	0.434573	0.449697	0.520358	0.51685	0.346632	0.388954	0.488344	0.367362	0.455129	0.359	0.407545	0.347853	0.46066	0.349189	0.476348	0.437174	0.366648	0.383465	0.42022	0.456636	0.388499	0.440561	0.390728	0.572418	0.402108	0.450958	0.391868	0.450479	0.503699	0.457512	0.462054	0.367022	0.459406	0.357743	0.386028	0.434573	0.357729	0.389027	0.351339	0.503397	0.395135	0.402108	0.442463	0.349485	0.349978	0.357485	0.465547	0.35736	0.507485	0.507201	0.459406	0.493179	0.366994	0.349245	0.555011	0.401698	0.389027	0.503699	0.374337	0.376422	0.38612	0.401698	0.372641	0.512405	0.449966	0.366648	0.346632	0.465547	0.401583	0.355079	0.395135	0.388499	0.465547	0.539559	0.446711	0.493179	0.48528	0.405067	0.422196	0.359191	0.408655	0.510227	0.450479	0.440435	0.430378	0.372109	0.374337	0.368317
30000	slope	-0.340042	-0.35155	-0.362551	-0.325678	-0.316086	-0.389262	-0.389812	-0.346291	-0.294738	-0.339557	-0.419532	-0.377764	-0.414031	-0.290756	-0.342366	-0.344446	-0.466117	-0.378157	-0.364523	-0.363757	-0.409484	-0.343039	-0.370477	-0.319074	-0.303823	-0.324264	-0.36938	-0.359335	-0.36614	-0.314374	-0.424358	-0.424606	-0.420648	-0.343532	-0.376124	-0.319746	-0.331883	-0.360847	-0.320948	-0.366227	-0.340558	-0.326772	-0.298493	-0.328528	-0.371815	-0.315988	-0.355226	-0.400456	-0.374014	-0.311319	-0.32983	-0.370289	-0.371281	-0.431669	-0.295751	-0.323973	-0.353165	-0.350269	-0.3459	-0.302012	-0.331198	-0.279054	-0.348645	-0.353486	-0.382927	-0.367583	-0.345049	-0.402051	-0.346632	-0.37271	-0.354947	-0.379251	-0.371416	-0.347704	-0.347447	-0.340126	-0.389425	-0.301404	-0.365009	-0.430107	-0.376427	-0.346434	-0.376889	-0.295073	-0.411642	-0.311994	-0.363131	-0.359174	-0.290302	-0.349273	-0.327919	-0.383396	-0.373006	-0.382273	-0.35329	-0.349946	-0.295338	-0.371878	-0.404283	-0.318556	-0.401949	-0.384976	-0.300867	-0.386531	-0.372873	-0.383547	-0.353209	-0.367173	-0.376455	-0.432632	-0.320356	-0.303781	-0.349941	-0.336588	-0.334915	-0.370239	-0.348713	-0.394014	-0.382578	-0.426549	-0.392907	-0.338283	-0.353575	-0.319107	-0.348912	-0.439427	-0.341354	-0.422731	-0.372243	-0.360356	-0.310841	-0.438394	-0.458016	-0.378454	-0.374207	-0.383985	-0.372779	-0.383015	-0.375075	-0.321633	-0.343468	-0.361647	-0.458674	-0.390005	-0.289577	-0.352745	-0.348145	-0.309522	-0.369002	-0.37166	-0.279201	-0.434451	-0.44575	-0.403794	-0.369202	-0.409147	-0.3907	-0.287959	-0.389083	-0.347315	-0.340768	-0.356341	-0.351283	-0.341846	-0.346176	-0.330065	-0.374974	-0.456636	-0.376838	-0.334854	-0.349611	-0.460803	-0.395991	-0.33973	-0.323423	-0.421902	-0.331953	-0.384012	-0.456711	-0.380279	-0.355729	-0.304364	-0.342782	-0.388699	-0.345024	-0.384305	-0.339093	-0.427887	-0.341961	-0.322475	-0.419273	-0.371813	-0.384266	-0.359516	-0.297342	-0.37175	-0.340398	-0.273971	-0.298365	-0.297594	-0.406087	-0.397367	-0.316852	-0.299064	-0.408854	-0.470299	-0.401229	-0.349349	-0.293918	-0.400009	-0.386946	-0.425331	-0.288102	-0.29478	-0.444724	-0.385919	-0.31941	-0.463842	-0.317523	-0.267604	-0.431071	-0.360017	-0.267978	-0.326366	-0.298256	-0.419646	-0.281667	-0.332017	-0.282301	-0.310745	-0.298256	-0.296503	-0.294251	-0.355353	-0.361367	-0.419646	-0.389	-0.425654	-0.375377	-0.38758	-0.405407	-0.341334	-0.32362	-0.401773	-0.29478	-0.462317	-0.402695	-0.323839	-0.296073	-0.261605	-0.297788	-0.308463	-0.354321	-0.452261	-0.412782	-0.432574	-0.293696	-0.428714	-0.417652	-0.449987	-0.3481	-0.287895	-0.297788	-0.470208	-0.292889	-0.361367	-0.452365	-0.455882	-0.453715	-0.325731	-0.291641	-0.446561	-0.459207	-0.425331	-0.309874	-0.301528	-0.45612	-0.31941	-0.313649	-0.297788	-0.395829	-0.465783	-0.309402	-0.299385	-0.337625	-0.444724	-0.299892	-0.390005	-0.380551	-0.383337	-0.378051	-0.279372	-0.288751	-0.395829	-0.291023	-0.308463	-0.455882	-0.295366	-0.272073	-0.293454	-0.297788	-0.400712	-0.328746	-0.283057	-0.395626	-0.328317	-0.293696	-0.385919	-0.457743	-0.270658	-0.309402	-0.349717	-0.306572	-0.457743	-0.298495	-0.3361	-0.314622	-0.281388	-0.373073	-0.395829	-0.400712	-0.411637	-0.295643	-0.28818	-0.310745	-0.296503	-0.328746	-0.3361	-0.434685	-0.305352	-0.313086	-0.283429	-0.461689	-0.361367	-0.389833	-0.362329	-0.448178	-0.390005	-0.467563	-0.297788	-0.386381	-0.29478	-0.446561	-0.326366	-0.463842	-0.351144	-0.293918	-0.318567	-0.318661	-0.361367	-0.380551	-0.452365	-0.317441	-0.307118	-0.310745	-0.370978	-0.315929	-0.395626	-0.317523	-0.334189	-0.45018	-0.349464	-0.395626	-0.297788	-0.400712	-0.367356	-0.29478	-0.291641	-0.310802	-0.395626	-0.297788	-0.362149	-0.297788	-0.45739	-0.295165	-0.389047	-0.470208	-0.310745	-0.261605	-0.413593	-0.459207	-0.386149	-0.419646	-0.456692	-0.434685	-0.316111	-0.412964	-0.273936	-0.452365	-0.455882	-0.315929	-0.401229	-0.395626	-0.41856	-0.281744	-0.37721	-0.307457	-0.318999	-0.349007	-0.397367
30000	intercept	0.429458	0.413413	0.426667	0.404001	0.428875	0.442191	0.425048	0.37013	0.363285	0.387995	0.472574	0.459694	0.466074	0.374138	0.386579	0.428577	0.542854	0.434177	0.424699	0.417541	0.474857	0.434096	0.414849	0.384216	0.371713	0.411411	0.45048	0.390093	0.456291	0.364026	0.488541	0.475344	0.503541	0.389399	0.449372	0.42195	0.401786	0.433351	0.405186	0.419746	0.410445	0.412675	0.373045	0.439175	0.426632	0.392339	0.39764	0.48725	0.463321	0.325686	0.376773	0.413399	0.436603	0.480841	0.39371	0.394879	0.438383	0.433313	0.378792	0.390023	0.45021	0.36167	0.444775	0.419641	0.443705	0.439764	0.421035	0.441296	0.404118	0.421474	0.419496	0.452075	0.471868	0.436523	0.394358	0.401495	0.452474	0.406217	0.462753	0.486767	0.456715	0.428159	0.434301	0.36657	0.475091	0.382313	0.432033	0.439093	0.354648	0.429214	0.393312	0.456771	0.432695	0.420225	0.436663	0.422398	0.406479	0.402098	0.441829	0.385606	0.435977	0.447522	0.407866	0.436337	0.432066	0.472406	0.424703	0.448629	0.438948	0.482061	0.371881	0.37898	0.441741	0.401316	0.415793	0.479845	0.402496	0.43366	0.4565	0.537137	0.467712	0.414966	0.386469	0.393881	0.427151	0.488192	0.440678	0.44208	0.460172	0.418691	0.357992	0.488192	0.517888	0.44022	0.449279	0.425089	0.408922	0.457256	0.442833	0.399349	0.427438	0.409185	0.506777	0.447989	0.389372	0.417828	0.395417	0.346592	0.428485	0.438077	0.368887	0.475293	0.504518	0.462009	0.457412	0.469048	0.444457	0.387042	0.435707	0.435805	0.425543	0.429707	0.440428	0.402176	0.433045	0.400179	0.422255	0.512857	0.417546	0.406264	0.446944	0.510509	0.477602	0.432424	0.401661	0.460341	0.377909	0.426524	0.495337	0.450979	0.42196	0.377199	0.413743	0.438547	0.446359	0.434838	0.424195	0.476789	0.428766	0.417159	0.464168	0.432953	0.426181	0.41754	0.395315	0.458822	0.41195	0.367714	0.366396	0.401708	0.457355	0.451763	0.405045	0.333788	0.442217	0.499392	0.451763	0.409856	0.414062	0.449161	0.454851	0.521344	0.40545	0.383207	0.553179	0.42789	0.396701	0.483587	0.366843	0.389544	0.474857	0.449161	0.394378	0.390533	0.372793	0.474857	0.345377	0.38273	0.404242	0.38068	0.372793	0.414201	0.358184	0.41768	0.462368	0.478279	0.464033	0.429734	0.454851	0.472824	0.447224	0.421444	0.349317	0.420337	0.383207	0.491994	0.466198	0.413524	0.41903	0.327035	0.402419	0.369218	0.430738	0.51791	0.451095	0.476871	0.369218	0.429734	0.453079	0.50756	0.38273	0.370935	0.402419	0.530269	0.41054	0.462368	0.500132	0.515501	0.544846	0.377649	0.395386	0.543781	0.501527	0.524744	0.410015	0.369209	0.515387	0.401146	0.342474	0.418211	0.454927	0.525041	0.341	0.387832	0.433337	0.543781	0.343293	0.449161	0.428444	0.392352	0.416529	0.390407	0.370369	0.4146	0.389327	0.37288	0.501963	0.349714	0.395386	0.411141	0.402419	0.466747	0.425958	0.381725	0.413771	0.425958	0.369218	0.452743	0.506653	0.333532	0.342474	0.451017	0.420477	0.487431	0.402757	0.438532	0.397474	0.369209	0.42789	0.415286	0.466747	0.466198	0.36721	0.390407	0.38068	0.414201	0.4222	0.422643	0.463798	0.372793	0.410965	0.372138	0.50923	0.462368	0.459589	0.472544	0.50691	0.449161	0.542854	0.402419	0.494709	0.383207	0.543781	0.390533	0.483587	0.462368	0.408572	0.380058	0.38068	0.462368	0.421421	0.499784	0.396701	0.389544	0.38068	0.437031	0.396701	0.413771	0.35549	0.425958	0.50756	0.410043	0.413771	0.402419	0.466747	0.388757	0.383207	0.395386	0.410012	0.413771	0.402419	0.439493	0.418211	0.49996	0.374541	0.418157	0.530269	0.387414	0.327035	0.442217	0.514365	0.42789	0.474857	0.543781	0.463798	0.410291	0.490425	0.327035	0.499784	0.501963	0.396701	0.452394	0.413771	0.434496	0.368612	0.371444	0.289426	0.38226	0.431849	0.451763
31000	slope	-0.347499	-0.3823	-0.367867	-0.382321	-0.405292	-0.39202	-0.415869	-0.366626	-0.319631	-0.322701	-0.418546	-0.345648	-0.440762	-0.325869	-0.37938	-0.317737	-0.415414	-0.30488	-0.378125	-0.341769	-0.356616	-0.435616	-0.378828	-0.416257	-0.390649	-0.337281	-0.372847	-0.388836	-0.339901	-0.439078	-0.348764	-0.394563	-0.318438	-0.417789	-0.390683	-0.335564	-0.381795	-0.421769	-0.359452	-0.429664	-0.357025	-0.37237	-0.372779	-0.42911	-0.424182	-0.307272	-0.353193	-0.441541	-0.303197	-0.400115	-0.36123	-0.374337	-0.413213	-0.335084	-0.339871	-0.345781	-0.349858	-0.375007	-0.43988	-0.410779	-0.326895	-0.377699	-0.366479	-0.320189	-0.391861	-0.432113	-0.379927	-0.297517	-0.371534	-0.384565	-0.315972	-0.357527	-0.336376	-0.329645	-0.404832	-0.306273	-0.39251	-0.334028	-0.388257	-0.358601	-0.376981	-0.320069	-0.361944	-0.403551	-0.446636	-0.312801	-0.349452	-0.350775	-0.441048	-0.351104	-0.394486	-0.412145	-0.360688	-0.339585	-0.451253	-0.433903	-0.333509	-0.351033	-0.388113	-0.352549	-0.347131	-0.354728	-0.405644	-0.326193	-0.353828	-0.372305	-0.389952	-0.39829	-0.369881	-0.454826	-0.383611	-0.374643	-0.366698	-0.422171	-0.345477	-0.421499	-0.41915	-0.368807	-0.360667	-0.334751	-0.35381	-0.379992	-0.379788	-0.351912	-0.316208	-0.375896	-0.371032	-0.339574	-0.358822	-0.381607	-0.352877	-0.352344	-0.447555	-0.356352	-0.338518	-0.330688	-0.396268	-0.398931	-0.349364	-0.375106	-0.362609	-0.454663	-0.411295	-0.295201	-0.368371	-0.4149	-0.413333	-0.420594	-0.389322	-0.411613	-0.437116	-0.296631	-0.338465	-0.357616	-0.351407	-0.33747	-0.418828	-0.400852	-0.387763	-0.391944	-0.293238	-0.322167	-0.337383	-0.399659	-0.290587	-0.342561	-0.356503	-0.418726	-0.423543	-0.468286	-0.350077	-0.370763	-0.391084	-0.365567	-0.388653	-0.342633	-0.347231	-0.436357	-0.352039	-0.434672	-0.347186	-0.348444	-0.401255	-0.337625	-0.33197	-0.41718	-0.314436	-0.423864	-0.357251	-0.411337	-0.401856	-0.37962	-0.360164	-0.395165	-0.399008	-0.387133	-0.389913	-0.431725	-0.352004	-0.357969	-0.310111	-0.450123	-0.274673	-0.417661	-0.313167	-0.352711	-0.328174	-0.333355	-0.40467	-0.337738	-0.465074	-0.383511	-0.319539	-0.448648	-0.37367	-0.338571	-0.415117	-0.481447	-0.330313	-0.384859	-0.366583	-0.396988	-0.329969	-0.421675	-0.328174	-0.351391	-0.38004	-0.319418	-0.370406	-0.326835	-0.415117	-0.297098	-0.282889	-0.387818	-0.412295	-0.402256	-0.412295	-0.315106	-0.364202	-0.422855	-0.381483	-0.349727	-0.31368	-0.341995	-0.407801	-0.3399	-0.422855	-0.330396	-0.41866	-0.379356	-0.363456	-0.362761	-0.415606	-0.442268	-0.353041	-0.483617	-0.3399	-0.402607	-0.343043	-0.329969	-0.461033	-0.475538	-0.307836	-0.458332	-0.304976	-0.313167	-0.381703	-0.442551	-0.465074	-0.41163	-0.383511	-0.363314	-0.399888	-0.400761	-0.420418	-0.399888	-0.320622	-0.399937	-0.475538	-0.415606	-0.399937	-0.31368	-0.370296	-0.368648	-0.421301	-0.48454	-0.337738	-0.315914	-0.436729	-0.379356	-0.325816	-0.411985	-0.352711	-0.319539	-0.396988	-0.465074	-0.364202	-0.265105	-0.462678	-0.318696	-0.320214	-0.395075	-0.31368	-0.29814	-0.376585	-0.3399	-0.362194	-0.41189	-0.396988	-0.383353	-0.275819	-0.319539	-0.331067	-0.349447	-0.413688	-0.41163	-0.467946	-0.3399	-0.410448	-0.410512	-0.432239	-0.462678	-0.282889	-0.300218	-0.465861	-0.368648	-0.475538	-0.317268	-0.363456	-0.48454	-0.280664	-0.33172	-0.320622	-0.353142	-0.415589	-0.4104	-0.324532	-0.391786	-0.333557	-0.420418	-0.379356	-0.352711	-0.400125	-0.384817	-0.349214	-0.31041	-0.462678	-0.393188	-0.287943	-0.404039	-0.26593	-0.322744	-0.320622	-0.398362	-0.364202	-0.461033	-0.380927	-0.328822	-0.401073	-0.442551	-0.419285	-0.446072	-0.306123	-0.405766	-0.370406	-0.380927	-0.411224	-0.405223	-0.413579	-0.30003	-0.405766	-0.266307	-0.333357	-0.352711	-0.337193	-0.393708	-0.381703	-0.459097	-0.41163	-0.405223	-0.362761	-0.31368	-0.353414	-0.371794	-0.301674	-0.353142	-0.396988	-0.320622	-0.396988	-0.387689	-0.442551	-0.387689	-0.383511	-0.414079	-0.352711	-0.420418	-0.313835	-0.349447	-0.467545	-0.339457
31000	intercept	0.395645	0.47976	0.40509	0.460771	0.462201	0.458409	0.435608	0.411259	0.407749	0.398913	0.46853	0.435037	0.483107	0.420209	0.413785	0.41952	0.46844	0.409991	0.454949	0.40121	0.448094	0.474202	0.433238	0.454233	0.429344	0.420131	0.430722	0.441973	0.425812	0.483013	0.415858	0.440517	0.396232	0.474455	0.484493	0.441533	0.488357	0.444294	0.424637	0.493246	0.431028	0.450822	0.429145	0.486274	0.446554	0.398957	0.395946	0.50175	0.383746	0.476893	0.405374	0.409754	0.46292	0.374528	0.424062	0.41757	0.436322	0.463319	0.455227	0.418149	0.387414	0.467906	0.420446	0.391308	0.450705	0.459209	0.464222	0.404588	0.433329	0.45336	0.392501	0.394196	0.412839	0.404522	0.444524	0.426435	0.454459	0.420373	0.455273	0.405805	0.464548	0.399748	0.428798	0.456633	0.469753	0.416075	0.445143	0.422306	0.470174	0.392797	0.447563	0.497387	0.425572	0.433753	0.441722	0.452446	0.424227	0.388082	0.463365	0.43297	0.422188	0.430908	0.442026	0.428097	0.413439	0.413224	0.453481	0.455114	0.449957	0.458005	0.450863	0.462853	0.413228	0.491517	0.419313	0.422893	0.455483	0.410464	0.397888	0.432195	0.433985	0.468995	0.449032	0.41849	0.385459	0.461375	0.423989	0.422183	0.458001	0.453519	0.401043	0.454778	0.4693	0.416951	0.416147	0.369718	0.45487	0.460023	0.400378	0.451535	0.392277	0.482053	0.483285	0.392245	0.441623	0.486195	0.424804	0.470513	0.449816	0.445962	0.488252	0.394843	0.398699	0.441227	0.430611	0.427415	0.425461	0.445918	0.441355	0.454213	0.384499	0.412369	0.396591	0.447691	0.365786	0.436	0.440894	0.475987	0.451722	0.503016	0.413249	0.436049	0.447385	0.416916	0.431817	0.430837	0.418927	0.471017	0.4038	0.487016	0.410688	0.402323	0.465635	0.42924	0.368121	0.475259	0.402372	0.490235	0.429679	0.461129	0.445285	0.456865	0.440894	0.442413	0.454723	0.436715	0.448632	0.440449	0.398638	0.432501	0.378058	0.457795	0.390049	0.420567	0.422824	0.460111	0.393763	0.366319	0.413368	0.373148	0.513021	0.418744	0.435747	0.449513	0.383471	0.407582	0.416628	0.476044	0.348132	0.479542	0.490351	0.450312	0.359983	0.465759	0.377443	0.455269	0.466305	0.437359	0.454287	0.405838	0.416628	0.377643	0.391504	0.483305	0.4628	0.470794	0.463897	0.413816	0.467973	0.441667	0.473471	0.377127	0.380725	0.363238	0.476871	0.406233	0.450462	0.327393	0.481822	0.424039	0.409385	0.425768	0.433189	0.464386	0.458432	0.485527	0.406233	0.450312	0.405838	0.367128	0.509224	0.496808	0.415158	0.506715	0.350694	0.422824	0.45896	0.452659	0.509803	0.441667	0.418744	0.45547	0.450212	0.479542	0.465759	0.450212	0.413816	0.398372	0.513021	0.430802	0.393914	0.380725	0.383471	0.418744	0.453318	0.491524	0.373148	0.36266	0.452659	0.424039	0.453823	0.451615	0.45547	0.429264	0.450312	0.516125	0.467973	0.374219	0.518525	0.366849	0.354793	0.450312	0.388046	0.394017	0.383471	0.406233	0.455063	0.504051	0.450312	0.447865	0.35593	0.442419	0.4539	0.421604	0.454079	0.438138	0.513021	0.406233	0.464842	0.45412	0.442548	0.518525	0.398732	0.419316	0.502129	0.418744	0.516066	0.389489	0.420084	0.502644	0.35593	0.377443	0.413816	0.454287	0.476871	0.413368	0.416529	0.420962	0.367128	0.456441	0.424039	0.460111	0.450212	0.466305	0.476248	0.396325	0.518525	0.477806	0.402648	0.444009	0.400616	0.366849	0.426494	0.407182	0.467973	0.506655	0.430796	0.387476	0.425244	0.452659	0.467973	0.515955	0.366849	0.443051	0.454287	0.430796	0.441667	0.471186	0.499868	0.349714	0.443051	0.388465	0.377443	0.45547	0.442615	0.488962	0.45896	0.526333	0.446906	0.467973	0.426144	0.380725	0.460475	0.463384	0.347357	0.454287	0.450312	0.425632	0.450312	0.448476	0.455477	0.448476	0.41962	0.44744	0.460111	0.456441	0.374735	0.422147	0.511446	0.397666
32000	slope	-0.394114	-0.38608	-0.368894	-0.380933	-0.35547	-0.395725	-0.320556	-0.392713	-0.420701	-0.366042	-0.354634	-0.353988	-0.356854	-0.363646	-0.416499	-0.343748	-0.407785	-0.414131	-0.417147	-0.339263	-0.377142	-0.402136	-0.414622	-0.329978	-0.384007	-0.355552	-0.359105	-0.385524	-0.402275	-0.367021	-0.340375	-0.410924	-0.420061	-0.380601	-0.318551	-0.325511	-0.380746	-0.377392	-0.328312	-0.363169	-0.33834	-0.402257	-0.439944	-0.367212	-0.334776	-0.364651	-0.393024	-0.415236	-0.390044	-0.41749	-0.360753	-0.377392	-0.294638	-0.384638	-0.388651	-0.344109	-0.279879	-0.348883	-0.310675	-0.419358	-0.346701	-0.360401	-0.381509	-0.432543	-0.404192	-0.387139	-0.36491	-0.451238	-0.379083	-0.323043	-0.381134	-0.315119	-0.359072	-0.384036	-0.381646	-0.3553	-0.313998	-0.418445	-0.350489	-0.316541	-0.35843	-0.383147	-0.301627	-0.36771	-0.390066	-0.416419	-0.415638	-0.373274	-0.437386	-0.362547	-0.35286	-0.353854	-0.434053	-0.383931	-0.386061	-0.343858	-0.378486	-0.361987	-0.373438	-0.422907	-0.328175	-0.331504	-0.414588	-0.369424	-0.41691	-0.345577	-0.399916	-0.420061	-0.330819	-0.348403	-0.301197	-0.397801	-0.356379	-0.340285	-0.422803	-0.285775	-0.384053	-0.375058	-0.351164	-0.402106	-0.43979	-0.401559	-0.354896	-0.33746	-0.405564	-0.354057	-0.393177	-0.438008	-0.415787	-0.378522	-0.299524	-0.369166	-0.466082	-0.328312	-0.420595	-0.436498	-0.382906	-0.367212	-0.373564	-0.43774	-0.361449	-0.359985	-0.38933	-0.377202	-0.382189	-0.411779	-0.399325	-0.346129	-0.388935	-0.368163	-0.354472	-0.37545	-0.329676	-0.427457	-0.416694	-0.409583	-0.394315	-0.367094	-0.410387	-0.376848	-0.394646	-0.429722	-0.434011	-0.462875	-0.391481	-0.39766	-0.363893	-0.417972	-0.404735	-0.332379	-0.412412	-0.413766	-0.404111	-0.321077	-0.423375	-0.333275	-0.415989	-0.391041	-0.402146	-0.354515	-0.341053	-0.377535	-0.312507	-0.429472	-0.455604	-0.38431	-0.408384	-0.392415	-0.42088	-0.420833	-0.332704	-0.416487	-0.357959	-0.405766	-0.412313	-0.365393	-0.33608	-0.402613	-0.309507	-0.376829	-0.410469	-0.330871	-0.411701	-0.398651	-0.310802	-0.329425	-0.389138	-0.393537	-0.270343	-0.316212	-0.32959	-0.427402	-0.310972	-0.380982	-0.295469	-0.461719	-0.422727	-0.312402	-0.433904	-0.287143	-0.420418	-0.363106	-0.313676	-0.316212	-0.376306	-0.316212	-0.433904	-0.339685	-0.380982	-0.386916	-0.300849	-0.433904	-0.317709	-0.280656	-0.343262	-0.300849	-0.313676	-0.409319	-0.414239	-0.434767	-0.420418	-0.339685	-0.426273	-0.439205	-0.379565	-0.406331	-0.40388	-0.300355	-0.362341	-0.335234	-0.395231	-0.285329	-0.370548	-0.405365	-0.431466	-0.414851	-0.484536	-0.404415	-0.40388	-0.368243	-0.423207	-0.363982	-0.332082	-0.297242	-0.377391	-0.424178	-0.32838	-0.433904	-0.436578	-0.40625	-0.285329	-0.365848	-0.316878	-0.341804	-0.448992	-0.427941	-0.439205	-0.380982	-0.312643	-0.29436	-0.306769	-0.311768	-0.424178	-0.340375	-0.319265	-0.399916	-0.319265	-0.378147	-0.383795	-0.45778	-0.305867	-0.348488	-0.318794	-0.357601	-0.427024	-0.348488	-0.403508	-0.436578	-0.460165	-0.395231	-0.410768	-0.335234	-0.290468	-0.363982	-0.399131	-0.422727	-0.394588	-0.330522	-0.329905	-0.383795	-0.430576	-0.391856	-0.438199	-0.292341	-0.337308	-0.466913	-0.327801	-0.292341	-0.320501	-0.346902	-0.406331	-0.406331	-0.427941	-0.409319	-0.331919	-0.424692	-0.440036	-0.373834	-0.363982	-0.399916	-0.466991	-0.461719	-0.444592	-0.393736	-0.437483	-0.432347	-0.40388	-0.325041	-0.341804	-0.40955	-0.433904	-0.414239	-0.32959	-0.383795	-0.424692	-0.368243	-0.419089	-0.453429	-0.402553	-0.390373	-0.340375	-0.422727	-0.329905	-0.358127	-0.328174	-0.334953	-0.338841	-0.40625	-0.332232	-0.332082	-0.424692	-0.284339	-0.389838	-0.341804	-0.424692	-0.484536	-0.373834	-0.451484	-0.341804	-0.353876	-0.461719	-0.32838	-0.368601	-0.331559	-0.292341	-0.424883	-0.310802	-0.292341	-0.424692	-0.414239	-0.424692	-0.327936	-0.338841	-0.422727	-0.320501	-0.40955	-0.387736	-0.297373	-0.409319	-0.359677	-0.340375	-0.399916	-0.343687	-0.420995	-0.423238	-0.320501	-0.339685	-0.383795	-0.398332	-0.358127
32000	intercept	0.447471	0.434939	0.449273	0.412004	0.427835	0.458611	0.379032	0.440435	0.4625	0.429872	0.416366	0.429393	0.420011	0.415541	0.48009	0.401246	0.464041	0.47879	0.487532	0.390337	0.487945	0.472265	0.462576	0.391082	0.421311	0.403588	0.446131	0.446003	0.443793	0.42954	0.459926	0.511725	0.465373	0.422181	0.363933	0.39027	0.475427	0.426317	0.423957	0.400063	0.361011	0.460284	0.480474	0.421264	0.397702	0.458165	0.447154	0.467336	0.425777	0.494884	0.431637	0.434812	0.36301	0.439092	0.447143	0.427502	0.353313	0.39595	0.36301	0.455718	0.410465	0.417276	0.432858	0.455272	0.470799	0.420951	0.415391	0.468635	0.408679	0.365862	0.43313	0.409342	0.436427	0.473435	0.425517	0.405198	0.377502	0.481914	0.410986	0.396963	0.396949	0.408675	0.364969	0.417667	0.440186	0.477112	0.461346	0.436606	0.486406	0.433167	0.397297	0.451948	0.49123	0.466573	0.45672	0.399202	0.392037	0.432579	0.407627	0.486243	0.418926	0.367906	0.467713	0.437882	0.469472	0.391489	0.445632	0.471853	0.405471	0.408956	0.383552	0.472435	0.417447	0.40653	0.48575	0.383011	0.429824	0.43906	0.407572	0.439958	0.4768	0.451213	0.417815	0.416962	0.432218	0.425717	0.462594	0.522479	0.464859	0.429618	0.38322	0.422297	0.519497	0.42448	0.494093	0.491036	0.457525	0.421573	0.442078	0.495067	0.3997	0.445359	0.444201	0.439962	0.428494	0.437946	0.500069	0.398255	0.439678	0.444332	0.433678	0.436456	0.395423	0.495467	0.445906	0.506065	0.4463	0.39136	0.432598	0.44362	0.474508	0.498948	0.506547	0.499544	0.487757	0.47357	0.422689	0.478035	0.423796	0.37456	0.476778	0.454311	0.459316	0.407169	0.478882	0.40108	0.470463	0.437526	0.495013	0.427389	0.389835	0.414803	0.370191	0.483428	0.509355	0.45512	0.498768	0.440165	0.446613	0.486685	0.378432	0.512823	0.438036	0.483046	0.465291	0.418423	0.404505	0.444783	0.3923	0.443409	0.437505	0.391215	0.474653	0.477302	0.372286	0.439706	0.448888	0.48001	0.357462	0.350731	0.34077	0.481694	0.369534	0.459904	0.386571	0.506165	0.489255	0.402523	0.511366	0.349228	0.462021	0.435587	0.376634	0.366755	0.449354	0.366755	0.511366	0.39842	0.459904	0.417488	0.357462	0.511366	0.366849	0.351038	0.439706	0.357462	0.38602	0.462223	0.41764	0.497048	0.455621	0.395052	0.418382	0.503924	0.459904	0.489405	0.502461	0.411982	0.411168	0.441346	0.429952	0.357462	0.511482	0.458695	0.466609	0.454166	0.547523	0.468484	0.507181	0.41098	0.488397	0.417973	0.377651	0.392702	0.428632	0.436261	0.423389	0.515678	0.490171	0.480725	0.357462	0.435587	0.382103	0.377955	0.522687	0.483239	0.503924	0.459904	0.366849	0.357462	0.410777	0.353769	0.436261	0.448598	0.461222	0.442097	0.461222	0.419489	0.419371	0.557783	0.363231	0.433884	0.423389	0.435587	0.522271	0.435409	0.415998	0.483453	0.460928	0.429952	0.448252	0.438276	0.38602	0.407032	0.47682	0.478499	0.469651	0.411982	0.377955	0.419371	0.497402	0.433683	0.467138	0.360677	0.374496	0.517509	0.411982	0.354413	0.368559	0.366849	0.489405	0.491578	0.493243	0.457634	0.356498	0.464106	0.511948	0.433383	0.407032	0.445632	0.522687	0.496724	0.460928	0.452977	0.497402	0.511148	0.502461	0.366849	0.377955	0.446107	0.511366	0.430962	0.34077	0.419371	0.456219	0.41098	0.441142	0.460928	0.449706	0.459904	0.459926	0.489255	0.377955	0.457634	0.383657	0.453391	0.377095	0.466942	0.439706	0.377651	0.464106	0.357462	0.481534	0.377955	0.460188	0.547523	0.433383	0.518787	0.377955	0.437357	0.5371	0.423389	0.431003	0.453891	0.354413	0.415429	0.39416	0.364116	0.460188	0.41764	0.456219	0.411982	0.377095	0.490412	0.368559	0.446107	0.438773	0.380751	0.462223	0.398364	0.448598	0.445632	0.436499	0.49195	0.472428	0.368559	0.391498	0.428844	0.469651	0.457634
33000	slope	-0.402649	-0.369746	-0.401619	-0.323482	-0.379708	-0.334167	-0.343484	-0.283361	-0.383097	-0.316726	-0.365271	-0.371598	-0.276415	-0.457881	-0.369211	-0.272937	-0.395826	-0.368296	-0.430073	-0.408207	-0.338501	-0.370397	-0.4007	-0.354029	-0.384214	-0.30357	-0.302036	-0.36379	-0.32463	-0.365337	-0.322109	-0.402705	-0.321464	-0.333811	-0.428407	-0.372875	-0.397951	-0.417614	-0.319508	-0.365854	-0.340234	-0.340921	-0.326717	-0.35938	-0.420083	-0.390291	-0.357428	-0.383282	-0.411052	-0.312306	-0.310121	-0.400281	-0.313545	-0.293885	-0.331055	-0.337963	-0.361663	-0.391589	-0.402243	-0.399366	-0.337174	-0.400149	-0.398867	-0.342817	-0.380286	-0.323005	-0.37285	-0.364234	-0.362859	-0.39092	-0.363188	-0.400526	-0.395627	-0.358504	-0.290956	-0.438192	-0.361783	-0.393987	-0.352872	-0.39396	-0.338968	-0.311022	-0.378418	-0.336234	-0.363216	-0.337178	-0.364355	-0.397931	-0.413227	-0.34254	-0.364819	-0.365379	-0.380214	-0.325162	-0.336032	-0.391997	-0.337359	-0.409696	-0.442934	-0.339596	-0.345574	-0.335179	-0.368603	-0.326983	-0.374202	-0.396244	-0.371776	-0.390874	-0.443999	-0.357326	-0.40212	-0.410444	-0.38826	-0.431744	-0.322461	-0.407423	-0.345416	-0.408236	-0.352336	-0.289219	-0.326957	-0.329371	-0.427518	-0.384383	-0.306182	-0.414517	-0.42749	-0.329174	-0.361836	-0.327796	-0.371516	-0.300765	-0.390676	-0.344997	-0.320035	-0.314023	-0.323841	-0.298665	-0.396854	-0.373294	-0.357769	-0.422873	-0.326909	-0.349105	-0.308549	-0.312145	-0.408394	-0.425553	-0.362847	-0.403853	-0.359611	-0.349486	-0.357194	-0.359363	-0.339344	-0.415553	-0.283254	-0.379046	-0.387839	-0.3453	-0.450039	-0.338285	-0.407554	-0.427883	-0.449824	-0.350184	-0.410803	-0.410413	-0.407899	-0.343144	-0.377052	-0.416951	-0.327557	-0.308667	-0.405392	-0.380468	-0.407336	-0.357436	-0.323418	-0.361914	-0.372209	-0.367854	-0.411551	-0.349658	-0.34224	-0.355618	-0.364688	-0.393128	-0.355511	-0.420818	-0.389154	-0.344334	-0.363671	-0.349536	-0.426529	-0.34638	-0.322317	-0.386183	-0.358065	-0.356194	-0.440342	-0.263162	-0.351673	-0.407109	-0.292307	-0.428128	-0.448285	-0.406049	-0.36979	-0.346489	-0.380475	-0.311611	-0.350503	-0.43978	-0.327556	-0.251924	-0.346489	-0.398874	-0.350503	-0.340129	-0.355459	-0.304973	-0.386127	-0.353902	-0.361255	-0.390291	-0.257828	-0.338368	-0.432076	-0.346059	-0.264047	-0.375724	-0.307747	-0.369913	-0.344268	-0.361255	-0.274553	-0.38082	-0.329153	-0.258061	-0.403428	-0.433449	-0.332112	-0.361983	-0.329153	-0.442632	-0.357571	-0.251924	-0.334215	-0.33682	-0.354982	-0.354466	-0.388052	-0.263162	-0.437555	-0.361128	-0.345335	-0.289219	-0.376865	-0.396792	-0.265534	-0.275767	-0.406816	-0.407141	-0.37402	-0.34569	-0.43004	-0.382103	-0.263162	-0.364543	-0.327556	-0.344268	-0.346489	-0.329153	-0.386124	-0.387439	-0.307326	-0.347511	-0.419644	-0.333197	-0.328434	-0.370295	-0.247151	-0.380222	-0.380475	-0.382039	-0.407109	-0.362364	-0.421916	-0.373883	-0.373496	-0.37402	-0.22636	-0.357077	-0.461334	-0.448285	-0.406049	-0.306661	-0.380222	-0.336062	-0.273142	-0.362364	-0.394571	-0.273142	-0.362364	-0.433449	-0.38082	-0.380222	-0.440342	-0.373822	-0.311114	-0.433449	-0.264883	-0.354466	-0.381211	-0.443901	-0.259679	-0.263204	-0.442745	-0.304888	-0.324762	-0.333197	-0.293522	-0.417982	-0.462801	-0.286106	-0.369387	-0.290417	-0.390291	-0.344268	-0.28556	-0.357571	-0.273142	-0.439095	-0.443849	-0.434292	-0.319052	-0.353752	-0.376865	-0.380222	-0.326257	-0.418391	-0.22636	-0.443052	-0.282712	-0.341521	-0.467885	-0.263162	-0.355552	-0.373883	-0.278844	-0.43004	-0.43004	-0.344268	-0.26505	-0.343121	-0.38166	-0.337762	-0.326257	-0.257828	-0.475074	-0.37402	-0.300368	-0.382679	-0.373496	-0.445982	-0.442632	-0.382103	-0.431914	-0.318039	-0.361128	-0.390291	-0.37402	-0.448976	-0.354982	-0.260559	-0.354818	-0.340129	-0.319431	-0.341521	-0.467595	-0.43978	-0.369387	-0.369387	-0.347511	-0.314114	-0.263162	-0.274314	-0.329153	-0.292285	-0.373822	-0.318039	-0.354982	-0.298308	-0.354466	-0.333197	-0.263162	-0.368008	-0.333197	-0.272568
33000	intercept	0.451637	0.439555	0.481671	0.407564	0.451551	0.40898	0.412033	0.381155	0.441906	0.422128	0.452108	0.425372	0.359801	0.506561	0.422719	0.388747	0.471537	0.43941	0.50628	0.484021	0.42372	0.420104	0.454331	0.41894	0.408361	0.378709	0.399166	0.44589	0.385943	0.438544	0.377571	0.429478	0.409147	0.381588	0.492809	0.440501	0.503965	0.464782	0.372535	0.421903	0.391118	0.415175	0.396273	0.4041	0.460944	0.42624	0.400303	0.411991	0.449121	0.389776	0.417311	0.4717	0.374152	0.404819	0.398824	0.408936	0.42969	0.447788	0.462543	0.424624	0.412835	0.458821	0.464236	0.404527	0.447173	0.411508	0.425548	0.40194	0.377319	0.457732	0.423159	0.442421	0.446815	0.423439	0.401846	0.496237	0.403761	0.437324	0.415323	0.440334	0.372458	0.3805	0.40569	0.414737	0.39635	0.448802	0.402388	0.438362	0.457214	0.424948	0.452875	0.432517	0.45903	0.36518	0.390672	0.459177	0.406835	0.440988	0.48663	0.416529	0.417772	0.396917	0.437625	0.39184	0.447893	0.458562	0.451976	0.449527	0.452252	0.426311	0.46225	0.475067	0.426016	0.48035	0.430355	0.457247	0.388112	0.444932	0.388333	0.362042	0.443541	0.420628	0.452308	0.434099	0.385879	0.471862	0.488871	0.379048	0.420514	0.394457	0.463168	0.392924	0.407158	0.394462	0.41419	0.380085	0.433087	0.433127	0.484831	0.40918	0.448885	0.439664	0.420628	0.446766	0.377866	0.419795	0.442338	0.455884	0.44366	0.43065	0.433158	0.411274	0.453577	0.427963	0.4181	0.467922	0.362063	0.476747	0.425468	0.42243	0.473629	0.390718	0.460735	0.446637	0.452959	0.430474	0.418963	0.442588	0.472316	0.413657	0.435518	0.500882	0.411656	0.405501	0.477101	0.437613	0.476628	0.41155	0.39917	0.390404	0.448369	0.404458	0.469689	0.423771	0.40353	0.438993	0.425297	0.450852	0.443091	0.485393	0.46873	0.43886	0.443487	0.447055	0.462264	0.429066	0.407676	0.448967	0.387511	0.424076	0.47958	0.425545	0.436992	0.440679	0.345552	0.48713	0.458289	0.486964	0.473642	0.377444	0.471438	0.394862	0.412028	0.464959	0.429834	0.392595	0.377444	0.456553	0.412028	0.364794	0.452822	0.358309	0.463004	0.41404	0.458396	0.428181	0.343704	0.387972	0.535728	0.373345	0.343704	0.470116	0.390289	0.428987	0.462491	0.458396	0.351578	0.438235	0.44872	0.375238	0.437956	0.48914	0.44426	0.417847	0.435285	0.461181	0.394171	0.392595	0.461246	0.444544	0.458396	0.377444	0.424074	0.425545	0.509963	0.446995	0.369424	0.362042	0.453142	0.451595	0.321286	0.337327	0.424833	0.481602	0.46018	0.463362	0.473569	0.425983	0.392595	0.411872	0.417593	0.462491	0.394834	0.44872	0.437956	0.463004	0.40274	0.438757	0.447338	0.433571	0.431851	0.408361	0.385302	0.46032	0.471438	0.435983	0.440679	0.408361	0.461462	0.37919	0.412222	0.45201	0.362939	0.406435	0.54836	0.458289	0.496711	0.390289	0.46032	0.36599	0.34348	0.410204	0.513997	0.34348	0.396761	0.48914	0.43349	0.46032	0.46451	0.471648	0.37325	0.48713	0.330513	0.380539	0.411925	0.518239	0.356069	0.375238	0.517272	0.380172	0.451798	0.430427	0.376218	0.446562	0.515502	0.316181	0.421214	0.376621	0.428181	0.462491	0.340741	0.408548	0.34348	0.518239	0.456625	0.439732	0.384295	0.437956	0.453142	0.46032	0.466299	0.408541	0.362939	0.476977	0.371755	0.379275	0.459294	0.392595	0.440754	0.397044	0.321286	0.473569	0.485499	0.462491	0.375238	0.39067	0.416115	0.427898	0.455576	0.343704	0.476977	0.46018	0.373737	0.43349	0.412222	0.485369	0.461181	0.437956	0.456625	0.39017	0.446995	0.428181	0.45386	0.528948	0.454627	0.392595	0.435285	0.364794	0.455576	0.379275	0.461358	0.464959	0.408864	0.439703	0.437956	0.378506	0.392595	0.390218	0.435778	0.371755	0.471648	0.377827	0.458396	0.382479	0.384402	0.434394	0.405739	0.410642	0.43365	0.414456
34000	slope	-0.310191	-0.387464	-0.29455	-0.366624	-0.382831	-0.378649	-0.38822	-0.352433	-0.293368	-0.300657	-0.402606	-0.394351	-0.301593	-0.35113	-0.367599	-0.371025	-0.300627	-0.352601	-0.352776	-0.38135	-0.36715	-0.39405	-0.404049	-0.331728	-0.337987	-0.350373	-0.32624	-0.323464	-0.311731	-0.350571	-0.357659	-0.355966	-0.402153	-0.329661	-0.380547	-0.335619	-0.38685	-0.327513	-0.352459	-0.355466	-0.412717	-0.355358	-0.348226	-0.4006	-0.328036	-0.327067	-0.365725	-0.327425	-0.337266	-0.313338	-0.388247	-0.34312	-0.385986	-0.335032	-0.31743	-0.337806	-0.397308	-0.387831	-0.32684	-0.352939	-0.392574	-0.359589	-0.338492	-0.355407	-0.400246	-0.370457	-0.367627	-0.401667	-0.349196	-0.33295	-0.298186	-0.382546	-0.317731	-0.345583	-0.326385	-0.301612	-0.412541	-0.347529	-0.337338	-0.40865	-0.348803	-0.378185	-0.333834	-0.348726	-0.377679	-0.358107	-0.32196	-0.383269	-0.383883	-0.356688	-0.344199	-0.342516	-0.342216	-0.356903	-0.339153	-0.309601	-0.373959	-0.361047	-0.355753	-0.303137	-0.414335	-0.39427	-0.386123	-0.347622	-0.358576	-0.390528	-0.367829	-0.382404	-0.357779	-0.391994	-0.381955	-0.345775	-0.401495	-0.412673	-0.386514	-0.36982	-0.322795	-0.360547	-0.332311	-0.31907	-0.367963	-0.420965	-0.374297	-0.34008	-0.3305	-0.291608	-0.319433	-0.349116	-0.268686	-0.321909	-0.376918	-0.333476	-0.340783	-0.353711	-0.408689	-0.322638	-0.347231	-0.394049	-0.423174	-0.388623	-0.366871	-0.368266	-0.410802	-0.382662	-0.39808	-0.349293	-0.38831	-0.368315	-0.316285	-0.360397	-0.368786	-0.335855	-0.357651	-0.298829	-0.290243	-0.333457	-0.325765	-0.350737	-0.372731	-0.357129	-0.318508	-0.376783	-0.398345	-0.346857	-0.374348	-0.365878	-0.334427	-0.415165	-0.323781	-0.397039	-0.338034	-0.331402	-0.320216	-0.368534	-0.332397	-0.335615	-0.392941	-0.354438	-0.2708	-0.379154	-0.38509	-0.380753	-0.364075	-0.356886	-0.33212	-0.332713	-0.349696	-0.300973	-0.356332	-0.321945	-0.332885	-0.333737	-0.292346	-0.399411	-0.306317	-0.368862	-0.379679	-0.396549	-0.373421	-0.326823	-0.341027	-0.334561	-0.304771	-0.344691	-0.421413	-0.415165	-0.318203	-0.268555	-0.317516	-0.357051	-0.391183	-0.406046	-0.408671	-0.348816	-0.314706	-0.363124	-0.410268	-0.318688	-0.387013	-0.263175	-0.40076	-0.385526	-0.354546	-0.447988	-0.257439	-0.340202	-0.37263	-0.275692	-0.357537	-0.392292	-0.366554	-0.365288	-0.326886	-0.326793	-0.393894	-0.340028	-0.43326	-0.324072	-0.374487	-0.413222	-0.337556	-0.324723	-0.387013	-0.348726	-0.394006	-0.380628	-0.401132	-0.344323	-0.323478	-0.37263	-0.321517	-0.327518	-0.366522	-0.33518	-0.355044	-0.406362	-0.347286	-0.338367	-0.361538	-0.401931	-0.427002	-0.33713	-0.394006	-0.395751	-0.334899	-0.333831	-0.344496	-0.337058	-0.297418	-0.326759	-0.448478	-0.420933	-0.326759	-0.308362	-0.37263	-0.354546	-0.370212	-0.335496	-0.354213	-0.376256	-0.295756	-0.356099	-0.378573	-0.344158	-0.40498	-0.401328	-0.340028	-0.347286	-0.38457	-0.359204	-0.268555	-0.387013	-0.387013	-0.368442	-0.372369	-0.38018	-0.343885	-0.36826	-0.401667	-0.305937	-0.361266	-0.384279	-0.352723	-0.453537	-0.313392	-0.336824	-0.463131	-0.326886	-0.361538	-0.318797	-0.329297	-0.334899	-0.406639	-0.353103	-0.364417	-0.342383	-0.243784	-0.405304	-0.347038	-0.408461	-0.409282	-0.408461	-0.314706	-0.430959	-0.35663	-0.388323	-0.311588	-0.344539	-0.366554	-0.400864	-0.322003	-0.374487	-0.32303	-0.260594	-0.388524	-0.392292	-0.341628	-0.342662	-0.427002	-0.337556	-0.371721	-0.392292	-0.326793	-0.376256	-0.268555	-0.263175	-0.388908	-0.329297	-0.27428	-0.327518	-0.268555	-0.337058	-0.39887	-0.364417	-0.402641	-0.408461	-0.430959	-0.32215	-0.356523	-0.34126	-0.374487	-0.380421	-0.366554	-0.349182	-0.361456	-0.37263	-0.338677	-0.342902	-0.388524	-0.348726	-0.326825	-0.341027	-0.326759	-0.407599	-0.366554	-0.37263	-0.361538	-0.344691	-0.372369	-0.320226	-0.388524	-0.427002	-0.344691	-0.344691	-0.326886	-0.388908	-0.372064	-0.240324	-0.407723	-0.412815	-0.387013	-0.306725	-0.414748	-0.251755	-0.34126	-0.334503	-0.327518	-0.321517	-0.447435	-0.399425
34000	intercept	0.334477	0.428233	0.372126	0.441006	0.458203	0.434783	0.448062	0.430989	0.375107	0.390535	0.446238	0.436089	0.361769	0.401724	0.4275	0.436976	0.356011	0.395339	0.421156	0.407544	0.423739	0.433474	0.438138	0.409576	0.419835	0.385942	0.38284	0.353495	0.38663	0.457901	0.411993	0.432966	0.44718	0.391972	0.437586	0.427008	0.428484	0.385552	0.436433	0.420705	0.451291	0.405813	0.456235	0.413652	0.373695	0.371104	0.438894	0.422881	0.42892	0.400335	0.433321	0.43308	0.419675	0.389326	0.393795	0.428878	0.439335	0.415868	0.42892	0.412277	0.459422	0.422978	0.423458	0.426524	0.420492	0.456848	0.435876	0.42186	0.380627	0.40161	0.397601	0.429595	0.374257	0.422997	0.426396	0.389031	0.463985	0.408333	0.421062	0.474684	0.408929	0.425841	0.386223	0.440903	0.405043	0.412314	0.410993	0.453811	0.468573	0.440888	0.397009	0.409064	0.3968	0.390636	0.425481	0.374473	0.436717	0.431655	0.422952	0.354744	0.428461	0.456241	0.438276	0.429559	0.43579	0.427599	0.435914	0.417126	0.399281	0.423416	0.416946	0.423199	0.411689	0.466352	0.440824	0.449593	0.388551	0.423008	0.39061	0.378816	0.413925	0.465734	0.436598	0.431456	0.444864	0.342524	0.36246	0.409117	0.340457	0.42324	0.412537	0.424911	0.436272	0.414857	0.449734	0.399066	0.402671	0.447465	0.447438	0.466454	0.44267	0.464785	0.443412	0.398463	0.446962	0.403928	0.436124	0.444793	0.385998	0.429582	0.43854	0.388499	0.397617	0.388507	0.368989	0.431497	0.386483	0.417276	0.428022	0.420331	0.374283	0.402872	0.453668	0.417456	0.431186	0.449447	0.424435	0.454713	0.372495	0.456153	0.433985	0.380078	0.385576	0.434387	0.439248	0.418276	0.420305	0.418893	0.331519	0.434857	0.417068	0.439556	0.450458	0.395406	0.416764	0.399098	0.398082	0.375533	0.413935	0.408129	0.429033	0.416991	0.354536	0.464243	0.355115	0.418854	0.433265	0.401627	0.393212	0.40385	0.435368	0.444453	0.419239	0.404893	0.407258	0.454713	0.382614	0.364668	0.382614	0.419555	0.421562	0.438202	0.476155	0.414027	0.380232	0.438518	0.447868	0.381803	0.385776	0.346345	0.386672	0.381204	0.478452	0.486333	0.3268	0.371791	0.415715	0.364668	0.439616	0.421562	0.423469	0.476744	0.428926	0.400067	0.445629	0.4386	0.455314	0.424394	0.400335	0.448568	0.437685	0.39813	0.381204	0.443289	0.4617	0.417488	0.466112	0.4308	0.407383	0.462889	0.384475	0.404722	0.447464	0.382614	0.399556	0.448413	0.429942	0.355914	0.445583	0.469104	0.449432	0.47131	0.4617	0.421562	0.427499	0.397964	0.403325	0.436016	0.362278	0.394728	0.458856	0.4799	0.394728	0.426919	0.432126	0.478452	0.455531	0.416541	0.421802	0.420704	0.358899	0.426813	0.496329	0.37929	0.470301	0.412035	0.442167	0.429942	0.388634	0.436106	0.364668	0.38836	0.394022	0.474161	0.479485	0.421562	0.443289	0.414083	0.39705	0.371477	0.444531	0.412576	0.475877	0.450476	0.419239	0.388491	0.479805	0.419239	0.445583	0.362915	0.423414	0.438548	0.414633	0.438518	0.383464	0.402698	0.316646	0.469966	0.4308	0.462277	0.458432	0.458375	0.384475	0.470022	0.442807	0.415999	0.405476	0.417718	0.419968	0.406279	0.370271	0.400335	0.424278	0.329511	0.423919	0.418535	0.426605	0.444531	0.466899	0.429942	0.48647	0.429844	0.400067	0.417051	0.364668	0.32811	0.423682	0.423414	0.336238	0.404722	0.364668	0.44755	0.446587	0.383464	0.405742	0.458375	0.470022	0.430533	0.476744	0.389667	0.400335	0.49654	0.440906	0.437021	0.359513	0.446737	0.425345	0.421576	0.423919	0.443289	0.362186	0.435368	0.388461	0.455111	0.419968	0.432126	0.461274	0.392739	0.479485	0.400176	0.423919	0.459873	0.410894	0.408996	0.43095	0.423682	0.446737	0.336561	0.465506	0.448413	0.38836	0.340119	0.457946	0.318302	0.389667	0.419239	0.404722	0.386063	0.455406	0.446587
35000	slope	-0.392983	-0.345733	-0.367365	-0.336385	-0.38133	-0.39298	-0.295052	-0.311922	-0.385842	-0.375359	-0.384862	-0.357651	-0.373857	-0.410526	-0.387571	-0.428661	-0.393362	-0.400304	-0.290473	-0.324967	-0.373443	-0.271745	-0.287485	-0.421185	-0.4026	-0.369238	-0.420674	-0.25792	-0.330393	-0.336169	-0.333197	-0.370682	-0.373082	-0.40526	-0.36031	-0.299014	-0.358041	-0.374235	-0.394671	-0.341538	-0.37532	-0.287925	-0.321788	-0.307439	-0.365425	-0.385904	-0.364357	-0.406679	-0.421814	-0.400363	-0.384992	-0.322862	-0.31988	-0.41203	-0.394022	-0.314132	-0.355781	-0.397431	-0.376026	-0.387268	-0.374507	-0.292251	-0.325565	-0.372166	-0.410307	-0.387824	-0.379344	-0.372912	-0.375641	-0.366602	-0.390141	-0.410128	-0.3335	-0.353541	-0.341516	-0.388952	-0.380588	-0.41147	-0.320403	-0.383227	-0.379685	-0.381184	-0.363955	-0.376111	-0.417961	-0.306576	-0.423842	-0.432357	-0.375502	-0.350823	-0.395827	-0.367169	-0.390421	-0.359865	-0.405532	-0.358674	-0.339052	-0.426095	-0.377825	-0.316666	-0.366522	-0.374344	-0.360252	-0.377832	-0.389897	-0.335629	-0.375514	-0.38353	-0.335154	-0.401498	-0.412831	-0.353317	-0.344554	-0.383038	-0.371582	-0.377296	-0.328291	-0.334269	-0.427083	-0.335175	-0.375387	-0.377117	-0.275086	-0.327062	-0.3695	-0.411398	-0.243406	-0.38479	-0.335743	-0.378299	-0.344687	-0.312858	-0.323646	-0.393615	-0.322909	-0.368111	-0.386683	-0.373404	-0.374883	-0.417314	-0.356292	-0.36853	-0.253986	-0.324861	-0.313284	-0.39014	-0.410372	-0.386714	-0.333272	-0.376546	-0.440287	-0.391124	-0.364917	-0.396884	-0.392313	-0.363825	-0.383978	-0.363481	-0.411552	-0.407518	-0.357224	-0.336473	-0.411711	-0.384202	-0.289587	-0.382186	-0.312672	-0.323168	-0.370397	-0.424478	-0.35901	-0.334826	-0.314592	-0.401125	-0.313228	-0.34837	-0.363464	-0.398265	-0.383892	-0.304526	-0.394376	-0.429911	-0.383743	-0.356206	-0.39941	-0.348954	-0.407204	-0.422386	-0.39701	-0.3925	-0.340648	-0.368878	-0.385236	-0.350094	-0.354381	-0.396989	-0.383833	-0.414952	-0.309922	-0.340727	-0.387515	-0.392909	-0.414748	-0.386221	-0.427898	-0.357646	-0.448604	-0.339909	-0.351609	-0.304186	-0.395463	-0.284164	-0.222904	-0.407649	-0.373918	-0.347452	-0.362193	-0.282473	-0.354712	-0.356408	-0.256982	-0.416925	-0.363125	-0.408522	-0.354062	-0.396282	-0.316589	-0.35677	-0.360368	-0.393883	-0.407251	-0.398248	-0.338659	-0.365117	-0.318653	-0.412827	-0.373045	-0.339622	-0.368168	-0.376373	-0.361048	-0.345129	-0.328947	-0.235888	-0.445471	-0.402094	-0.376635	-0.373018	-0.290907	-0.397692	-0.25866	-0.315426	-0.408522	-0.39399	-0.373894	-0.260875	-0.408124	-0.44172	-0.372073	-0.260875	-0.386221	-0.357702	-0.372132	-0.439356	-0.358823	-0.391148	-0.361298	-0.240226	-0.347221	-0.44172	-0.372073	-0.368372	-0.412827	-0.35127	-0.285994	-0.360187	-0.415701	-0.277755	-0.362552	-0.410971	-0.37452	-0.355056	-0.34069	-0.391658	-0.386221	-0.350846	-0.362586	-0.355476	-0.433906	-0.335915	-0.315426	-0.373894	-0.352286	-0.361505	-0.37886	-0.364455	-0.305167	-0.25897	-0.309235	-0.360035	-0.352316	-0.297101	-0.453077	-0.391588	-0.408367	-0.342761	-0.438686	-0.342761	-0.368372	-0.355658	-0.323272	-0.352286	-0.415333	-0.282473	-0.446531	-0.416944	-0.408369	-0.246208	-0.290907	-0.372073	-0.390548	-0.374403	-0.361298	-0.400617	-0.412827	-0.357646	-0.250259	-0.41031	-0.379664	-0.235888	-0.237356	-0.357646	-0.386221	-0.32981	-0.357646	-0.233255	-0.376457	-0.360227	-0.369532	-0.305167	-0.330337	-0.44172	-0.412887	-0.403053	-0.361505	-0.339291	-0.458171	-0.394003	-0.402171	-0.362552	-0.462917	-0.364423	-0.376457	-0.391274	-0.386013	-0.393883	-0.374083	-0.362552	-0.358127	-0.400617	-0.446531	-0.282473	-0.326434	-0.376457	-0.336128	-0.396282	-0.303538	-0.448902	-0.414748	-0.348507	-0.235888	-0.373243	-0.439303	-0.297484	-0.350247	-0.388495	-0.418183	-0.350846	-0.405352	-0.40303	-0.357646	-0.395413	-0.233255	-0.381712	-0.278484	-0.332098	-0.289297	-0.297484	-0.372113	-0.389062	-0.360187	-0.352316	-0.323272	-0.395413	-0.360368	-0.407251	-0.335131	-0.393883	-0.340111	-0.249721
35000	intercept	0.435327	0.361643	0.431565	0.38495	0.461369	0.455868	0.368492	0.39783	0.448279	0.432306	0.431696	0.392732	0.451609	0.444776	0.441674	0.479784	0.45871	0.466255	0.379018	0.387476	0.428362	0.369786	0.376601	0.467096	0.448811	0.398327	0.502755	0.341953	0.434899	0.405178	0.432734	0.393834	0.452324	0.438561	0.411246	0.369394	0.431364	0.433084	0.419667	0.419748	0.432613	0.37019	0.43305	0.407443	0.400677	0.471465	0.44254	0.477205	0.461138	0.459046	0.408671	0.382606	0.414115	0.448973	0.446105	0.379221	0.456003	0.460963	0.409894	0.454214	0.436001	0.355522	0.434502	0.441003	0.47729	0.441077	0.447866	0.428864	0.411742	0.449386	0.459399	0.448745	0.384579	0.432676	0.394544	0.404129	0.475265	0.453469	0.395627	0.454258	0.443408	0.419531	0.406859	0.421197	0.467529	0.363555	0.486741	0.477728	0.493258	0.418894	0.422646	0.380372	0.420184	0.445713	0.448765	0.452714	0.390749	0.46363	0.405831	0.35225	0.374353	0.427939	0.428092	0.457467	0.414836	0.450573	0.457967	0.396817	0.405815	0.490712	0.45266	0.446585	0.43052	0.465774	0.411113	0.443786	0.385881	0.425317	0.468219	0.394324	0.422653	0.43002	0.381724	0.38713	0.434788	0.4837	0.322367	0.484059	0.409856	0.44712	0.41582	0.41771	0.406895	0.432908	0.398807	0.419827	0.431678	0.455004	0.422707	0.478052	0.413142	0.405701	0.343	0.394277	0.380197	0.450288	0.444776	0.480982	0.413643	0.412104	0.484592	0.43208	0.437503	0.484925	0.415235	0.408425	0.452381	0.432712	0.488766	0.46489	0.397213	0.418414	0.446852	0.403048	0.391524	0.447416	0.370695	0.391126	0.426139	0.490715	0.40626	0.377347	0.368223	0.456692	0.388547	0.415943	0.412672	0.442766	0.417112	0.407947	0.436741	0.498006	0.462506	0.444184	0.476106	0.394924	0.463453	0.474332	0.455432	0.440972	0.43496	0.453631	0.451375	0.413784	0.415929	0.450049	0.434448	0.478647	0.410966	0.422153	0.413691	0.463004	0.445352	0.423733	0.450975	0.451535	0.501481	0.424223	0.452006	0.365327	0.414633	0.410677	0.338781	0.425215	0.423975	0.401611	0.448146	0.34348	0.430606	0.370002	0.323318	0.441997	0.456676	0.449628	0.424092	0.462451	0.468444	0.393343	0.416931	0.412472	0.479282	0.400683	0.41109	0.448394	0.449001	0.460084	0.46281	0.440366	0.390496	0.393985	0.457114	0.459592	0.411272	0.322507	0.489316	0.456513	0.378704	0.3896	0.406231	0.414633	0.359627	0.414054	0.449628	0.464631	0.452515	0.374533	0.408313	0.495927	0.458654	0.374533	0.423733	0.457114	0.420419	0.51261	0.41896	0.463381	0.451837	0.315895	0.414112	0.499916	0.458654	0.463839	0.460084	0.442115	0.405165	0.465687	0.439443	0.359627	0.451914	0.483615	0.381858	0.424092	0.428792	0.437961	0.423733	0.400099	0.463839	0.390496	0.541057	0.380924	0.425155	0.455554	0.470059	0.398546	0.425708	0.36996	0.360797	0.359627	0.361689	0.454801	0.447065	0.367008	0.541057	0.482705	0.464631	0.391884	0.495927	0.391884	0.463839	0.467372	0.360045	0.470059	0.469695	0.367426	0.495927	0.486353	0.463355	0.321183	0.396859	0.450832	0.444683	0.420897	0.459357	0.456513	0.460084	0.440261	0.366769	0.483232	0.45962	0.328838	0.315895	0.429572	0.423733	0.359418	0.440261	0.33736	0.447904	0.396883	0.384636	0.360797	0.362143	0.493099	0.48219	0.452737	0.372342	0.408254	0.495509	0.466468	0.396947	0.451914	0.511845	0.378581	0.454263	0.415325	0.458654	0.412472	0.458654	0.457114	0.465687	0.456513	0.495927	0.34348	0.384178	0.454263	0.365085	0.462451	0.396671	0.511845	0.425215	0.425289	0.330963	0.457114	0.433205	0.36775	0.389979	0.416341	0.459528	0.412195	0.437699	0.387686	0.429572	0.466358	0.33736	0.445434	0.367008	0.389979	0.404018	0.36775	0.411711	0.410594	0.465687	0.447065	0.360045	0.466358	0.416931	0.470854	0.410561	0.412472	0.389979	0.354209
36000	slope	-0.365013	-0.387044	-0.375879	-0.378029	-0.298006	-0.380491	-0.383901	-0.277096	-0.39236	-0.368233	-0.409113	-0.392204	-0.310663	-0.39469	-0.368837	-0.381307	-0.381034	-0.407553	-0.371959	-0.381396	-0.402413	-0.434324	-0.393233	-0.381865	-0.321819	-0.359149	-0.40918	-0.353065	-0.336302	-0.344203	-0.388778	-0.342917	-0.427352	-0.383524	-0.426795	-0.424664	-0.379352	-0.402432	-0.390849	-0.387232	-0.35489	-0.407069	-0.3871	-0.414171	-0.44166	-0.437556	-0.395398	-0.378882	-0.392334	-0.346326	-0.379241	-0.453915	-0.416222	-0.32697	-0.373716	-0.361258	-0.39656	-0.361374	-0.37342	-0.40356	-0.424773	-0.411186	-0.382659	-0.395487	-0.341116	-0.348457	-0.355718	-0.418814	-0.421751	-0.393351	-0.349162	-0.415501	-0.395601	-0.374904	-0.38284	-0.377084	-0.366889	-0.401	-0.40137	-0.371409	-0.360175	-0.38168	-0.368661	-0.382269	-0.394919	-0.31365	-0.401917	-0.39285	-0.40778	-0.385931	-0.392192	-0.342236	-0.376336	-0.377814	-0.349617	-0.382781	-0.424746	-0.410327	-0.415332	-0.378419	-0.397949	-0.422955	-0.379513	-0.366124	-0.424824	-0.401239	-0.32037	-0.28073	-0.375134	-0.390194	-0.404916	-0.409935	-0.341915	-0.404501	-0.43042	-0.356184	-0.35633	-0.331295	-0.35776	-0.423908	-0.391322	-0.360192	-0.406684	-0.415537	-0.386506	-0.38726	-0.413456	-0.375852	-0.378125	-0.409415	-0.416143	-0.415818	-0.4199	-0.452515	-0.353325	-0.404368	-0.385172	-0.303235	-0.401429	-0.394711	-0.423002	-0.389301	-0.397625	-0.365775	-0.385575	-0.349493	-0.324114	-0.421905	-0.33813	-0.365139	-0.422369	-0.382326	-0.387661	-0.389775	-0.326306	-0.387681	-0.428523	-0.453787	-0.441045	-0.38219	-0.357041	-0.353118	-0.426614	-0.366308	-0.390316	-0.360294	-0.398896	-0.334258	-0.426739	-0.385015	-0.381254	-0.339131	-0.417301	-0.409081	-0.398976	-0.415116	-0.362082	-0.381858	-0.336107	-0.398708	-0.346015	-0.370789	-0.405823	-0.331676	-0.408759	-0.410892	-0.34314	-0.376897	-0.366506	-0.367331	-0.425107	-0.348173	-0.394232	-0.376433	-0.402818	-0.423472	-0.340916	-0.400747	-0.372317	-0.407663	-0.310812	-0.359963	-0.366105	-0.368487	-0.313499	-0.307675	-0.400159	-0.42666	-0.391442	-0.356081	-0.345031	-0.412131	-0.401329	-0.370851	-0.421763	-0.349565	-0.371615	-0.418473	-0.352878	-0.410467	-0.410467	-0.421689	-0.35447	-0.418076	-0.339594	-0.39448	-0.339456	-0.400609	-0.456461	-0.388005	-0.400609	-0.455858	-0.318917	-0.443764	-0.382976	-0.277096	-0.382976	-0.420226	-0.363036	-0.360473	-0.443568	-0.361792	-0.339776	-0.441004	-0.424551	-0.443997	-0.382976	-0.388229	-0.343899	-0.400609	-0.456461	-0.313499	-0.411698	-0.405495	-0.443764	-0.366542	-0.415842	-0.403225	-0.438523	-0.313499	-0.356081	-0.329869	-0.400247	-0.400203	-0.382976	-0.345031	-0.352878	-0.307675	-0.353966	-0.425799	-0.313723	-0.373365	-0.400609	-0.423785	-0.277096	-0.278847	-0.370836	-0.391322	-0.310812	-0.392003	-0.401717	-0.400609	-0.362161	-0.391322	-0.409863	-0.425097	-0.359933	-0.400609	-0.413659	-0.242542	-0.310812	-0.366515	-0.423736	-0.356081	-0.313499	-0.390188	-0.371615	-0.398904	-0.423736	-0.353966	-0.339776	-0.381798	-0.438523	-0.391322	-0.445472	-0.37033	-0.361792	-0.407369	-0.425097	-0.362365	-0.380287	-0.398305	-0.456461	-0.400511	-0.40141	-0.404961	-0.25371	-0.401246	-0.30698	-0.395046	-0.405135	-0.372005	-0.407369	-0.409863	-0.439409	-0.435209	-0.444993	-0.393833	-0.303645	-0.372559	-0.400511	-0.431051	-0.379281	-0.430119	-0.390188	-0.42323	-0.400609	-0.374186	-0.408004	-0.37625	-0.316391	-0.372005	-0.303268	-0.318917	-0.392878	-0.444479	-0.423736	-0.371132	-0.349565	-0.339802	-0.455858	-0.378116	-0.393469	-0.339802	-0.354201	-0.352878	-0.443764	-0.391322	-0.310812	-0.297927	-0.366515	-0.40141	-0.398305	-0.417832	-0.443764	-0.318996	-0.356434	-0.408421	-0.339802	-0.361204	-0.379281	-0.482393	-0.361735	-0.352727	-0.277096	-0.445472	-0.429808	-0.391442	-0.31936	-0.339018	-0.3891	-0.444806	-0.391322	-0.407656	-0.361792	-0.388667	-0.313499	-0.369854	-0.371777	-0.433026	-0.367287	-0.403225	-0.391322	-0.356081	-0.39448	-0.416527	-0.419258	-0.33272	-0.40654	-0.408421
36000	intercept	0.364047	0.417536	0.434369	0.450851	0.362686	0.442495	0.490661	0.349303	0.386877	0.451389	0.467498	0.40447	0.382706	0.447636	0.416373	0.405309	0.469157	0.466214	0.463316	0.435031	0.424511	0.455561	0.452579	0.420924	0.367416	0.373505	0.447045	0.41446	0.428268	0.400251	0.432019	0.409372	0.484639	0.451437	0.452464	0.470378	0.457106	0.465527	0.419529	0.436374	0.431633	0.445594	0.473782	0.44662	0.488204	0.470832	0.459296	0.46187	0.445739	0.424051	0.461224	0.504198	0.478927	0.396524	0.439633	0.417453	0.423401	0.39814	0.413833	0.449775	0.456998	0.460005	0.412556	0.409518	0.416074	0.399307	0.410803	0.448051	0.480491	0.455054	0.427651	0.48511	0.440127	0.438255	0.48201	0.468664	0.494837	0.452245	0.443614	0.448035	0.43907	0.436666	0.439015	0.408683	0.448687	0.376657	0.465711	0.443451	0.430153	0.393501	0.474298	0.385503	0.439633	0.424642	0.439007	0.404185	0.451247	0.489489	0.461829	0.439138	0.457024	0.468609	0.472733	0.403346	0.474882	0.477828	0.390413	0.384437	0.41276	0.440022	0.447016	0.484056	0.39836	0.461605	0.446809	0.396423	0.399267	0.410903	0.450236	0.485054	0.44529	0.422198	0.486811	0.443756	0.443104	0.444814	0.451904	0.439181	0.411065	0.461493	0.45692	0.468155	0.464272	0.482827	0.409894	0.452703	0.44388	0.382102	0.437089	0.407047	0.478514	0.443206	0.443863	0.428935	0.417356	0.384009	0.39826	0.462031	0.390774	0.408282	0.474256	0.410058	0.41964	0.410385	0.410342	0.467064	0.487829	0.480378	0.473616	0.424233	0.410036	0.396365	0.474334	0.425682	0.48885	0.424575	0.463417	0.419463	0.483062	0.450014	0.437918	0.40914	0.442558	0.45285	0.44584	0.466764	0.43996	0.442801	0.374134	0.417463	0.41089	0.424776	0.462129	0.438146	0.500551	0.488155	0.390853	0.440654	0.420521	0.445297	0.436792	0.414949	0.414655	0.409948	0.456139	0.47467	0.416215	0.423237	0.424923	0.49378	0.420683	0.434119	0.406553	0.380711	0.387439	0.385949	0.453125	0.488823	0.448612	0.498339	0.42043	0.495248	0.449481	0.405214	0.441713	0.39442	0.350857	0.45682	0.415135	0.432359	0.432359	0.441713	0.424936	0.47936	0.435853	0.44234	0.424936	0.469454	0.483812	0.382798	0.478297	0.488885	0.395227	0.500894	0.403522	0.33794	0.405214	0.474924	0.400788	0.424879	0.485058	0.443545	0.421265	0.457801	0.478088	0.451904	0.403522	0.401484	0.478503	0.469454	0.480595	0.373251	0.444756	0.450591	0.51567	0.396892	0.477899	0.453125	0.49098	0.385949	0.498339	0.374195	0.449481	0.410166	0.403522	0.40692	0.415135	0.398231	0.473109	0.449704	0.369153	0.405214	0.474585	0.488819	0.360667	0.35979	0.433243	0.443608	0.420683	0.44234	0.488819	0.478785	0.435828	0.442273	0.517937	0.473701	0.424936	0.478297	0.499533	0.375041	0.420683	0.42984	0.481497	0.504095	0.383345	0.449138	0.350857	0.464322	0.481497	0.473109	0.421265	0.486596	0.49098	0.443608	0.500963	0.435853	0.443545	0.451377	0.473701	0.429062	0.491334	0.471134	0.488224	0.426236	0.422898	0.431466	0.338919	0.410328	0.360317	0.434168	0.448081	0.406553	0.453125	0.498914	0.468637	0.501697	0.49098	0.429968	0.385635	0.390991	0.426236	0.417295	0.442441	0.452261	0.449138	0.455125	0.46751	0.379802	0.471134	0.419325	0.394886	0.406553	0.385949	0.39458	0.410328	0.475723	0.481497	0.435853	0.39442	0.392998	0.488885	0.419964	0.434914	0.392998	0.393773	0.415135	0.49098	0.443608	0.420683	0.39505	0.455563	0.422898	0.474359	0.472163	0.511362	0.352467	0.485504	0.471134	0.392998	0.404938	0.442441	0.443636	0.429427	0.39442	0.33794	0.500963	0.438345	0.443608	0.420683	0.406896	0.438555	0.467491	0.443608	0.477757	0.427631	0.477757	0.407758	0.468247	0.425895	0.488224	0.405214	0.453125	0.443608	0.49652	0.44234	0.477899	0.448	0.435636	0.462608	0.471134
37000	slope	-0.333859	-0.382464	-0.368417	-0.34079	-0.364328	-0.28385	-0.380935	-0.388438	-0.373189	-0.374193	-0.351148	-0.359064	-0.367558	-0.36324	-0.367763	-0.335581	-0.367479	-0.383771	-0.403057	-0.367567	-0.364285	-0.323069	-0.354486	-0.356425	-0.329826	-0.371035	-0.351363	-0.325503	-0.347945	-0.375209	-0.354637	-0.365114	-0.383316	-0.395954	-0.337693	-0.383975	-0.377596	-0.365055	-0.392235	-0.404	-0.438703	-0.415556	-0.387917	-0.316559	-0.37586	-0.394629	-0.347375	-0.4121	-0.324526	-0.379216	-0.373612	-0.389826	-0.357294	-0.407253	-0.353188	-0.374124	-0.32588	-0.355072	-0.361762	-0.386617	-0.363229	-0.347407	-0.366396	-0.322116	-0.401686	-0.377741	-0.390935	-0.328756	-0.396689	-0.379775	-0.344701	-0.395369	-0.372127	-0.364375	-0.382795	-0.323481	-0.358979	-0.372354	-0.352788	-0.407722	-0.331066	-0.3343	-0.415223	-0.405828	-0.368069	-0.337469	-0.359784	-0.339806	-0.379977	-0.349049	-0.3163	-0.411723	-0.388111	-0.366376	-0.370002	-0.352822	-0.387765	-0.328493	-0.398595	-0.362904	-0.317963	-0.383207	-0.345055	-0.377023	-0.365885	-0.386932	-0.398445	-0.402088	-0.410636	-0.403575	-0.334706	-0.367877	-0.337296	-0.374208	-0.328976	-0.367222	-0.291047	-0.330732	-0.336652	-0.429114	-0.347717	-0.320038	-0.344268	-0.367732	-0.378274	-0.413158	-0.32544	-0.373819	-0.333351	-0.398261	-0.351472	-0.368609	-0.344044	-0.291369	-0.407371	-0.346237	-0.398133	-0.372532	-0.380075	-0.398298	-0.400036	-0.3242	-0.37539	-0.387769	-0.38608	-0.361045	-0.404896	-0.365485	-0.361165	-0.396388	-0.333114	-0.369224	-0.339374	-0.40561	-0.38297	-0.332164	-0.371995	-0.379853	-0.39822	-0.392514	-0.407048	-0.377278	-0.410586	-0.331785	-0.361133	-0.369285	-0.379343	-0.379289	-0.384567	-0.365243	-0.335665	-0.350756	-0.36364	-0.372309	-0.346971	-0.39409	-0.293783	-0.396999	-0.337582	-0.4048	-0.416439	-0.365492	-0.419464	-0.374451	-0.35623	-0.407811	-0.323829	-0.356849	-0.36067	-0.329841	-0.355718	-0.369083	-0.407094	-0.395885	-0.41709	-0.388004	-0.375184	-0.370694	-0.338084	-0.41321	-0.387066	-0.36709	-0.36709	-0.39003	-0.397957	-0.403559	-0.381517	-0.377822	-0.304686	-0.356714	-0.428629	-0.381517	-0.305587	-0.403559	-0.398171	-0.369554	-0.315988	-0.356714	-0.375228	-0.403559	-0.356714	-0.356714	-0.403559	-0.415554	-0.379305	-0.284888	-0.377565	-0.327392	-0.385925	-0.37253	-0.286505	-0.358439	-0.38232	-0.443976	-0.387548	-0.381517	-0.291188	-0.461901	-0.362506	-0.364015	-0.419377	-0.369281	-0.387548	-0.321646	-0.38232	-0.42698	-0.358588	-0.365646	-0.350171	-0.362181	-0.370877	-0.365289	-0.319192	-0.378906	-0.403665	-0.365289	-0.343282	-0.391529	-0.289011	-0.415912	-0.368898	-0.282404	-0.364267	-0.403665	-0.339181	-0.377822	-0.422764	-0.365289	-0.370211	-0.415554	-0.370877	-0.356931	-0.350919	-0.382992	-0.417261	-0.367411	-0.401594	-0.428629	-0.365797	-0.309571	-0.352505	-0.411213	-0.311509	-0.365289	-0.384578	-0.370211	-0.35425	-0.363053	-0.428629	-0.353648	-0.381791	-0.310965	-0.385954	-0.426187	-0.350919	-0.371998	-0.369272	-0.340306	-0.389584	-0.409368	-0.365289	-0.354663	-0.364513	-0.291188	-0.37253	-0.42698	-0.384381	-0.431248	-0.303192	-0.395364	-0.393482	-0.382992	-0.32941	-0.400042	-0.291188	-0.417032	-0.381517	-0.350919	-0.356714	-0.377822	-0.372084	-0.347346	-0.354663	-0.342656	-0.384478	-0.381992	-0.32941	-0.365898	-0.308141	-0.385925	-0.481913	-0.361467	-0.411213	-0.372852	-0.379305	-0.431777	-0.405043	-0.35662	-0.312758	-0.357709	-0.381517	-0.388169	-0.425542	-0.354896	-0.356931	-0.438453	-0.373175	-0.401347	-0.370252	-0.42698	-0.369403	-0.443976	-0.408086	-0.423719	-0.365646	-0.409368	-0.38232	-0.42698	-0.369554	-0.418251	-0.342718	-0.389584	-0.35662	-0.385362	-0.358171	-0.341963	-0.431777	-0.391529	-0.428629	-0.366269	-0.372492	-0.392967	-0.395227	-0.277793	-0.443976	-0.417032	-0.311088	-0.450957	-0.291188	-0.323127	-0.374079	-0.356931	-0.358835	-0.378906	-0.374079	-0.278606	-0.42785	-0.38932	-0.379134	-0.417032	-0.405043	-0.356931	-0.353876	-0.400584	-0.305587	-0.371809	-0.370211	-0.421704	-0.356714	-0.365898
37000	intercept	0.370913	0.484444	0.428177	0.404627	0.45363	0.427426	0.481107	0.416471	0.456767	0.437704	0.403595	0.41755	0.450433	0.419322	0.445099	0.434503	0.409655	0.466317	0.462407	0.463136	0.424766	0.429377	0.409159	0.449543	0.429131	0.434207	0.432216	0.352222	0.421541	0.45158	0.416343	0.441147	0.48353	0.464929	0.432194	0.475319	0.408385	0.425895	0.438651	0.453475	0.47489	0.471822	0.440805	0.396672	0.440007	0.460038	0.452018	0.472877	0.435826	0.448811	0.446436	0.480102	0.442735	0.46326	0.41934	0.441834	0.378897	0.432942	0.407884	0.415166	0.445364	0.440832	0.434199	0.440621	0.458964	0.427347	0.436773	0.42666	0.447748	0.458679	0.399422	0.480694	0.452562	0.451078	0.459318	0.446801	0.432446	0.403686	0.376852	0.47248	0.419246	0.420379	0.444861	0.46888	0.437239	0.423573	0.450293	0.44811	0.467612	0.448614	0.423158	0.450376	0.439811	0.428571	0.451182	0.408402	0.461035	0.471501	0.477645	0.428335	0.413489	0.457115	0.410749	0.450522	0.431322	0.427421	0.448677	0.453336	0.472448	0.477329	0.432367	0.417715	0.366788	0.447678	0.372903	0.448196	0.384659	0.381213	0.433968	0.476874	0.398773	0.407673	0.4105	0.404886	0.44383	0.506058	0.445786	0.428727	0.389728	0.456135	0.402062	0.414124	0.445843	0.396839	0.492695	0.433896	0.389037	0.452379	0.449844	0.458057	0.460676	0.409245	0.463519	0.480102	0.497111	0.443481	0.474388	0.420241	0.446883	0.490028	0.397649	0.410463	0.382535	0.441316	0.447478	0.383381	0.405105	0.450162	0.431764	0.433163	0.461722	0.438854	0.471655	0.423625	0.405188	0.444265	0.409974	0.45014	0.469845	0.411838	0.407328	0.399511	0.446989	0.388977	0.404831	0.414928	0.419746	0.41383	0.447282	0.460803	0.465398	0.454307	0.463247	0.438234	0.406462	0.465413	0.444007	0.400282	0.414945	0.411071	0.458347	0.474732	0.455219	0.476009	0.46503	0.409391	0.417352	0.432667	0.395395	0.472577	0.453623	0.378632	0.378632	0.485458	0.42677	0.463275	0.460774	0.438909	0.371436	0.452839	0.432096	0.453891	0.379783	0.463275	0.450638	0.493421	0.362684	0.452839	0.429416	0.456387	0.452839	0.452839	0.463275	0.468779	0.458076	0.422144	0.514577	0.396191	0.439418	0.433767	0.415877	0.485947	0.44259	0.452211	0.437285	0.4427	0.399582	0.502793	0.450877	0.392445	0.470812	0.452904	0.44259	0.447919	0.44259	0.49597	0.483325	0.400055	0.390257	0.439133	0.452904	0.423166	0.37292	0.438909	0.449332	0.423166	0.423166	0.414066	0.372067	0.474016	0.400055	0.413423	0.391255	0.449332	0.376363	0.443974	0.464728	0.405116	0.458226	0.462566	0.452904	0.364321	0.436061	0.43295	0.453892	0.446727	0.453164	0.417416	0.495524	0.443046	0.452904	0.514577	0.367403	0.423166	0.44259	0.458226	0.452839	0.460774	0.417416	0.452904	0.407758	0.387847	0.473895	0.459096	0.436061	0.410623	0.432935	0.396191	0.44259	0.504089	0.423166	0.455512	0.503248	0.440124	0.433767	0.477177	0.443773	0.442849	0.419155	0.514577	0.550532	0.43295	0.37721	0.448739	0.440124	0.514577	0.453964	0.420638	0.452839	0.438909	0.471205	0.396191	0.451649	0.427826	0.404717	0.471205	0.36477	0.445612	0.364515	0.42765	0.475389	0.441172	0.514577	0.44432	0.458076	0.480854	0.384042	0.410321	0.447919	0.438909	0.474557	0.471534	0.474227	0.437611	0.387007	0.494314	0.479277	0.485458	0.489626	0.497064	0.460774	0.452211	0.478917	0.443454	0.400055	0.494448	0.435693	0.477177	0.493421	0.467254	0.383122	0.44259	0.410321	0.413241	0.416689	0.383122	0.482698	0.414066	0.417416	0.503248	0.44259	0.482346	0.448145	0.410778	0.452211	0.514577	0.365637	0.491378	0.440124	0.367892	0.401235	0.364321	0.457399	0.438909	0.401235	0.41335	0.450222	0.435888	0.447638	0.514577	0.384042	0.387007	0.423166	0.493632	0.379783	0.416391	0.458226	0.504089	0.452839	0.445612
38000	slope	-0.324499	-0.379939	-0.421569	-0.36944	-0.325522	-0.380287	-0.406279	-0.380374	-0.319368	-0.428229	-0.380527	-0.38194	-0.317956	-0.354106	-0.348114	-0.391217	-0.340129	-0.388132	-0.337719	-0.367082	-0.417947	-0.386253	-0.321335	-0.399835	-0.353889	-0.415679	-0.397923	-0.406735	-0.424879	-0.39802	-0.33019	-0.376913	-0.381059	-0.416506	-0.396399	-0.416118	-0.360787	-0.391499	-0.406284	-0.36582	-0.365696	-0.362235	-0.408248	-0.355489	-0.379175	-0.429712	-0.403303	-0.381405	-0.367419	-0.395061	-0.415621	-0.410007	-0.358448	-0.352048	-0.391721	-0.383718	-0.381378	-0.365412	-0.397453	-0.345774	-0.419435	-0.371833	-0.424857	-0.398886	-0.376478	-0.451102	-0.405776	-0.362922	-0.355842	-0.330617	-0.342102	-0.418769	-0.382899	-0.395235	-0.395235	-0.354929	-0.37439	-0.394691	-0.363304	-0.397191	-0.378688	-0.417122	-0.405039	-0.418362	-0.339954	-0.35559	-0.377312	-0.399559	-0.314539	-0.401015	-0.413946	-0.390975	-0.397737	-0.429631	-0.377814	-0.386716	-0.343084	-0.355563	-0.383558	-0.351333	-0.399496	-0.382255	-0.356299	-0.392849	-0.397602	-0.423479	-0.346628	-0.400388	-0.376638	-0.416874	-0.356309	-0.384889	-0.413565	-0.36258	-0.36425	-0.327674	-0.367414	-0.329657	-0.398441	-0.372695	-0.44173	-0.366578	-0.38281	-0.385815	-0.372733	-0.410545	-0.340704	-0.366157	-0.335874	-0.374018	-0.350878	-0.363719	-0.407112	-0.339591	-0.394321	-0.370804	-0.316473	-0.365436	-0.41419	-0.33575	-0.321116	-0.324535	-0.414629	-0.362061	-0.392411	-0.34322	-0.336842	-0.406694	-0.352782	-0.365543	-0.400572	-0.39212	-0.379516	-0.378082	-0.395606	-0.377262	-0.380721	-0.37949	-0.402824	-0.392245	-0.345774	-0.389809	-0.370111	-0.360872	-0.323914	-0.30557	-0.373492	-0.347906	-0.357273	-0.400173	-0.357167	-0.326375	-0.383047	-0.385838	-0.438191	-0.351368	-0.377537	-0.416741	-0.372991	-0.401785	-0.371665	-0.369685	-0.369796	-0.299159	-0.390704	-0.339433	-0.377922	-0.386463	-0.37425	-0.446269	-0.403877	-0.362086	-0.337128	-0.406808	-0.377033	-0.352984	-0.361255	-0.372508	-0.311033	-0.343756	-0.40831	-0.37981	-0.369052	-0.338038	-0.36283	-0.363192	-0.401402	-0.471672	-0.382371	-0.381367	-0.281733	-0.420989	-0.45048	-0.305297	-0.419385	-0.359571	-0.433892	-0.366598	-0.332983	-0.369052	-0.380374	-0.369894	-0.430282	-0.401689	-0.409552	-0.433892	-0.402174	-0.333615	-0.359729	-0.382371	-0.35611	-0.350672	-0.29613	-0.368139	-0.421448	-0.359729	-0.380075	-0.376905	-0.377224	-0.314806	-0.407945	-0.371651	-0.438212	-0.423919	-0.372917	-0.329634	-0.407617	-0.329634	-0.379278	-0.387482	-0.369052	-0.281461	-0.393472	-0.377227	-0.381191	-0.43383	-0.293022	-0.356518	-0.376477	-0.384973	-0.39973	-0.389916	-0.445804	-0.404379	-0.37109	-0.428057	-0.356471	-0.407896	-0.379755	-0.423871	-0.285545	-0.435745	-0.350672	-0.359729	-0.305119	-0.420162	-0.314272	-0.353393	-0.351213	-0.305297	-0.397302	-0.376112	-0.384516	-0.262998	-0.372917	-0.373447	-0.372917	-0.433892	-0.378984	-0.377227	-0.382371	-0.39844	-0.377224	-0.262998	-0.305297	-0.423871	-0.404415	-0.354768	-0.404979	-0.395014	-0.26395	-0.4262	-0.387389	-0.420989	-0.348227	-0.387798	-0.33376	-0.423871	-0.393472	-0.377224	-0.402174	-0.305119	-0.330546	-0.45048	-0.272565	-0.358515	-0.411325	-0.376112	-0.394373	-0.404979	-0.367995	-0.371357	-0.351213	-0.266633	-0.369052	-0.353663	-0.450795	-0.356157	-0.445804	-0.399332	-0.386723	-0.268888	-0.352102	-0.376112	-0.445804	-0.467609	-0.395117	-0.3677	-0.36865	-0.366598	-0.356858	-0.378253	-0.380361	-0.367751	-0.253179	-0.40831	-0.3774	-0.378253	-0.351213	-0.428057	-0.395117	-0.305297	-0.364793	-0.45048	-0.359729	-0.395117	-0.369052	-0.378958	-0.420989	-0.399743	-0.366598	-0.335968	-0.411325	-0.378984	-0.281461	-0.4262	-0.386832	-0.369052	-0.395117	-0.450304	-0.351213	-0.432979	-0.394753	-0.330546	-0.330546	-0.354768	-0.378648	-0.350672	-0.433892	-0.382103	-0.421448	-0.389517	-0.268888	-0.34654	-0.409552	-0.377224	-0.40831	-0.381422	-0.233284	-0.387798	-0.40907	-0.393029	-0.407126	-0.40907	-0.350672	-0.381306	-0.380361	-0.397602	-0.3774	-0.293022
38000	intercept	0.433049	0.45286	0.473167	0.407814	0.400544	0.437148	0.463664	0.444504	0.406102	0.441913	0.416872	0.442922	0.426519	0.408367	0.412206	0.440372	0.394349	0.440275	0.429491	0.426786	0.440662	0.440666	0.395844	0.439764	0.428509	0.43486	0.464122	0.478041	0.453801	0.446562	0.406987	0.437404	0.443398	0.487927	0.453108	0.449288	0.410215	0.456261	0.465123	0.435854	0.407814	0.41565	0.44491	0.422538	0.436049	0.435978	0.399489	0.455603	0.444118	0.451208	0.461414	0.447127	0.414897	0.41336	0.448782	0.469774	0.449451	0.430629	0.430553	0.438095	0.432177	0.458491	0.466277	0.446293	0.419562	0.470267	0.461281	0.404726	0.407243	0.417976	0.424888	0.450192	0.448835	0.460298	0.442843	0.418381	0.433482	0.410001	0.439895	0.44104	0.463739	0.464508	0.473331	0.426193	0.426524	0.449265	0.452989	0.439482	0.387953	0.460903	0.471556	0.416109	0.434465	0.451728	0.43045	0.437882	0.442737	0.411677	0.452067	0.417589	0.432237	0.46394	0.43016	0.406926	0.447047	0.454899	0.413398	0.442198	0.420699	0.481012	0.428584	0.422094	0.427387	0.42092	0.42201	0.406987	0.429019	0.394222	0.452608	0.434252	0.482563	0.395298	0.442024	0.448317	0.425072	0.481533	0.422806	0.415331	0.411127	0.434918	0.41322	0.410746	0.471379	0.433444	0.453509	0.465677	0.405103	0.455042	0.505671	0.426615	0.4277	0.435577	0.476129	0.447382	0.426335	0.430717	0.438212	0.434451	0.44297	0.420275	0.448087	0.448616	0.410843	0.412108	0.441637	0.436463	0.430396	0.438451	0.464073	0.433031	0.41386	0.464721	0.428934	0.426769	0.421232	0.383409	0.438158	0.433588	0.454827	0.454777	0.399512	0.385158	0.421225	0.472191	0.457503	0.408348	0.410655	0.468643	0.452122	0.471344	0.431719	0.424235	0.43213	0.377301	0.443329	0.442886	0.442687	0.418066	0.452378	0.473398	0.434279	0.419815	0.392134	0.457014	0.484311	0.379845	0.40751	0.41823	0.382455	0.437395	0.405696	0.446409	0.425326	0.445073	0.431664	0.461679	0.432233	0.49899	0.450181	0.455244	0.392587	0.464012	0.468645	0.382287	0.492115	0.400694	0.411544	0.424115	0.402817	0.43128	0.440887	0.409064	0.460967	0.448977	0.468798	0.409271	0.432233	0.41581	0.391513	0.450181	0.366478	0.366478	0.382287	0.453761	0.489913	0.391513	0.440755	0.387916	0.444592	0.397978	0.437349	0.473289	0.460967	0.464248	0.414716	0.401236	0.443866	0.401236	0.423621	0.423072	0.425326	0.406491	0.45903	0.462276	0.440755	0.464012	0.383524	0.42432	0.436785	0.453956	0.441389	0.456527	0.478903	0.418525	0.455244	0.484895	0.453031	0.467216	0.454182	0.505043	0.383524	0.479118	0.370235	0.391513	0.402471	0.492115	0.377929	0.431687	0.417619	0.382287	0.417677	0.447187	0.446409	0.410067	0.45284	0.445656	0.445119	0.411544	0.443436	0.450862	0.450181	0.432233	0.444592	0.410067	0.371078	0.505043	0.432233	0.402248	0.454944	0.473657	0.391391	0.477244	0.400033	0.464012	0.384851	0.450446	0.428586	0.49648	0.473657	0.431927	0.442231	0.401505	0.396283	0.468645	0.420172	0.453217	0.437785	0.456592	0.4722	0.454944	0.429593	0.472043	0.417619	0.392587	0.431687	0.445853	0.49648	0.423036	0.478903	0.447372	0.456749	0.415463	0.450256	0.447187	0.47812	0.444054	0.433122	0.412899	0.463278	0.424115	0.389454	0.479124	0.452121	0.413519	0.415655	0.405696	0.453956	0.479124	0.417619	0.484895	0.433122	0.383165	0.391513	0.468645	0.391513	0.433122	0.431687	0.476031	0.464012	0.461861	0.424115	0.439099	0.440202	0.443436	0.406491	0.464248	0.440887	0.45198	0.433122	0.479118	0.415799	0.49648	0.467216	0.396283	0.396283	0.402248	0.473289	0.366478	0.411544	0.43603	0.489913	0.445092	0.415463	0.408291	0.468798	0.444592	0.405696	0.450181	0.401652	0.450446	0.432233	0.461861	0.456128	0.432233	0.366478	0.431687	0.445926	0.473657	0.453956	0.383524
39000	slope	-0.315009	-0.4081	-0.406258	-0.399937	-0.354011	-0.383506	-0.373361	-0.326561	-0.396123	-0.377809	-0.365576	-0.356959	-0.379813	-0.317549	-0.387688	-0.380045	-0.38716	-0.382162	-0.3964	-0.435351	-0.377021	-0.324819	-0.411083	-0.315304	-0.369425	-0.383924	-0.377408	-0.388966	-0.405392	-0.297018	-0.358204	-0.402934	-0.384961	-0.386475	-0.381953	-0.288272	-0.373062	-0.353802	-0.388229	-0.391307	-0.385069	-0.403119	-0.348461	-0.43482	-0.402546	-0.396987	-0.320071	-0.365145	-0.352573	-0.391281	-0.384007	-0.402119	-0.373022	-0.401011	-0.381732	-0.419942	-0.408845	-0.39372	-0.381421	-0.358475	-0.413439	-0.393747	-0.372412	-0.4192	-0.383199	-0.290995	-0.329299	-0.369415	-0.342271	-0.386785	-0.383204	-0.356589	-0.370803	-0.42297	-0.358253	-0.399965	-0.368059	-0.397828	-0.315974	-0.399459	-0.403457	-0.3347	-0.368749	-0.319745	-0.3648	-0.318027	-0.359825	-0.429224	-0.357143	-0.365277	-0.355672	-0.365008	-0.369375	-0.34775	-0.409961	-0.385852	-0.421721	-0.367474	-0.363911	-0.354159	-0.389723	-0.382906	-0.391172	-0.352635	-0.384724	-0.368268	-0.370037	-0.351941	-0.376742	-0.395653	-0.408592	-0.394218	-0.375405	-0.368486	-0.36644	-0.408559	-0.341567	-0.407044	-0.379666	-0.410499	-0.392695	-0.357526	-0.322452	-0.350406	-0.40529	-0.375672	-0.393356	-0.346138	-0.330819	-0.395629	-0.383824	-0.381675	-0.40052	-0.34298	-0.422	-0.360751	-0.351764	-0.392124	-0.38773	-0.328604	-0.360751	-0.357615	-0.397904	-0.447384	-0.401649	-0.357306	-0.394828	-0.382182	-0.442021	-0.376127	-0.397813	-0.409914	-0.357609	-0.396782	-0.35361	-0.390142	-0.378459	-0.339524	-0.364671	-0.367042	-0.379247	-0.385975	-0.391969	-0.371697	-0.373444	-0.387004	-0.383794	-0.358313	-0.314707	-0.396355	-0.312343	-0.402755	-0.383956	-0.369611	-0.334312	-0.329032	-0.384898	-0.369375	-0.381986	-0.392695	-0.375211	-0.443639	-0.374871	-0.313954	-0.395222	-0.343686	-0.366842	-0.345221	-0.410882	-0.419309	-0.444253	-0.349881	-0.388679	-0.3413	-0.407744	-0.386112	-0.430358	-0.388268	-0.382821	-0.382593	-0.424821	-0.36829	-0.356003	-0.401318	-0.381562	-0.398473	-0.401526	-0.400601	-0.424281	-0.386205	-0.338429	-0.385044	-0.35889	-0.338429	-0.385329	-0.433169	-0.436611	-0.385044	-0.443465	-0.339474	-0.369504	-0.379703	-0.288921	-0.388675	-0.338384	-0.388771	-0.464558	-0.335391	-0.369121	-0.380003	-0.363246	-0.381534	-0.4245	-0.455229	-0.397494	-0.430534	-0.409221	-0.360121	-0.381562	-0.347407	-0.332709	-0.377791	-0.365498	-0.355406	-0.34192	-0.272574	-0.385573	-0.456464	-0.297222	-0.451877	-0.406214	-0.386081	-0.355569	-0.354085	-0.370089	-0.338429	-0.430585	-0.388675	-0.441175	-0.339243	-0.356003	-0.456464	-0.439244	-0.391548	-0.441394	-0.382313	-0.380003	-0.332709	-0.376039	-0.3859	-0.375067	-0.409009	-0.37124	-0.342186	-0.42065	-0.34184	-0.388771	-0.3416	-0.32855	-0.421396	-0.428527	-0.367363	-0.363691	-0.288921	-0.372869	-0.377548	-0.364483	-0.359649	-0.356685	-0.349839	-0.37124	-0.349717	-0.324756	-0.448901	-0.451306	-0.385044	-0.402076	-0.466329	-0.332709	-0.451877	-0.349717	-0.367587	-0.370089	-0.338384	-0.349717	-0.375992	-0.396678	-0.427578	-0.436611	-0.360266	-0.27424	-0.381562	-0.400245	-0.347443	-0.428759	-0.376219	-0.34184	-0.338384	-0.42823	-0.356003	-0.356188	-0.435378	-0.400031	-0.288344	-0.366165	-0.376391	-0.355406	-0.451306	-0.384119	-0.331397	-0.419478	-0.359833	-0.388285	-0.259628	-0.364483	-0.387642	-0.374098	-0.368963	-0.387948	-0.287624	-0.380003	-0.35057	-0.389529	-0.428759	-0.356003	-0.327845	-0.427578	-0.37003	-0.365681	-0.383137	-0.466329	-0.449014	-0.35057	-0.377977	-0.360121	-0.382463	-0.346663	-0.331896	-0.392705	-0.35706	-0.385331	-0.341316	-0.35057	-0.335391	-0.420664	-0.385884	-0.422338	-0.456464	-0.381562	-0.418527	-0.377548	-0.42065	-0.374087	-0.396947	-0.413344	-0.381562	-0.366693	-0.389193	-0.382313	-0.388675	-0.368062	-0.445374	-0.3416	-0.396918	-0.436466	-0.455892	-0.288921	-0.369043	-0.416655	-0.385044	-0.349839	-0.3859	-0.358195	-0.288344	-0.441394	-0.281382	-0.417952	-0.377548	-0.344558	-0.388771
39000	intercept	0.421409	0.471282	0.469452	0.440199	0.421467	0.405888	0.418284	0.405503	0.451853	0.429396	0.45229	0.442238	0.436187	0.422318	0.390597	0.44751	0.454449	0.421603	0.480391	0.483065	0.431744	0.429954	0.440652	0.375564	0.429883	0.415626	0.456211	0.437038	0.42794	0.392191	0.412154	0.448183	0.444087	0.435194	0.424094	0.419161	0.419787	0.399168	0.456271	0.432019	0.41521	0.416257	0.410133	0.471579	0.437446	0.456552	0.418132	0.440869	0.429724	0.406437	0.419594	0.44797	0.410596	0.450894	0.422748	0.468141	0.468089	0.444234	0.420391	0.430231	0.436325	0.472661	0.416937	0.443646	0.433233	0.39333	0.440904	0.410983	0.412885	0.42507	0.468874	0.437726	0.437357	0.431071	0.432095	0.471649	0.460124	0.454535	0.402385	0.442577	0.484193	0.425712	0.452677	0.447416	0.426185	0.408398	0.437499	0.456635	0.431621	0.436224	0.438296	0.418676	0.447915	0.41467	0.436318	0.414949	0.467305	0.435641	0.421049	0.426901	0.459127	0.446807	0.418436	0.426148	0.464183	0.387594	0.394503	0.39758	0.410254	0.443362	0.436664	0.449762	0.439947	0.444375	0.451735	0.45584	0.446735	0.479026	0.444351	0.452914	0.477837	0.445115	0.40399	0.383955	0.45774	0.412551	0.455309	0.425596	0.412576	0.467739	0.430605	0.435787	0.420246	0.415921	0.47609	0.41164	0.431436	0.418151	0.449016	0.424624	0.414204	0.428385	0.443741	0.471538	0.428445	0.411592	0.435108	0.428533	0.473606	0.457899	0.439038	0.463679	0.423595	0.411063	0.412101	0.438794	0.443956	0.431219	0.434031	0.478543	0.440759	0.460343	0.459413	0.41697	0.412712	0.461452	0.406531	0.427844	0.375564	0.446299	0.392422	0.462336	0.433401	0.424114	0.445189	0.412698	0.436132	0.427448	0.431314	0.462744	0.420348	0.470947	0.439345	0.399088	0.43763	0.419756	0.405339	0.442436	0.435741	0.449935	0.483862	0.444818	0.423816	0.414499	0.460065	0.435044	0.45741	0.404289	0.435129	0.421863	0.455956	0.40489	0.407474	0.453087	0.413277	0.446822	0.437208	0.437208	0.467259	0.486608	0.33573	0.486608	0.400791	0.33573	0.462748	0.484509	0.47213	0.486608	0.42569	0.442003	0.433139	0.434881	0.454678	0.466356	0.376827	0.459523	0.520153	0.424613	0.404728	0.426362	0.404997	0.422763	0.511607	0.492657	0.461315	0.506906	0.448871	0.397487	0.413277	0.433621	0.404702	0.434702	0.400555	0.425664	0.404702	0.390701	0.406165	0.475129	0.382983	0.5139	0.448871	0.414245	0.430053	0.417322	0.41845	0.353263	0.472083	0.461091	0.472083	0.43558	0.407474	0.475129	0.484509	0.440226	0.491845	0.479906	0.426362	0.404702	0.409057	0.447139	0.422545	0.432341	0.405598	0.40717	0.500262	0.449019	0.459523	0.353812	0.418206	0.472083	0.496736	0.407319	0.429952	0.454678	0.486608	0.39443	0.423857	0.417136	0.446183	0.38854	0.405598	0.42934	0.406507	0.474334	0.457446	0.486608	0.429114	0.490325	0.389289	0.51424	0.42934	0.440048	0.41845	0.376827	0.42934	0.454089	0.420752	0.472083	0.47213	0.453516	0.380707	0.413277	0.407101	0.442936	0.496736	0.353462	0.440851	0.385524	0.511607	0.407535	0.464872	0.499607	0.464492	0.424613	0.42003	0.488147	0.425664	0.457446	0.46705	0.423089	0.427215	0.425657	0.428952	0.443715	0.403572	0.445155	0.428979	0.401305	0.430568	0.38406	0.440724	0.440155	0.433536	0.496736	0.407474	0.441393	0.472083	0.393657	0.454089	0.447069	0.46862	0.471744	0.447242	0.477691	0.397487	0.450321	0.459157	0.402066	0.435054	0.454089	0.416367	0.452248	0.440155	0.424613	0.423779	0.40489	0.423779	0.475129	0.417574	0.429069	0.431604	0.494812	0.394912	0.486608	0.43716	0.417574	0.43057	0.443035	0.479906	0.461091	0.401305	0.457446	0.353812	0.43057	0.496736	0.469393	0.454678	0.442936	0.439118	0.486608	0.38854	0.47154	0.438465	0.424613	0.496824	0.3952	0.401281	0.42876	0.399957	0.459523
40000	slope	-0.478327	-0.46698	-0.371473	-0.342715	-0.354511	-0.440557	-0.367996	-0.360675	-0.386815	-0.379384	-0.408044	-0.409164	-0.366155	-0.428018	-0.366675	-0.409717	-0.399701	-0.390554	-0.377313	-0.353701	-0.416642	-0.366364	-0.344123	-0.376655	-0.387613	-0.383355	-0.406918	-0.33331	-0.385158	-0.355334	-0.389895	-0.40419	-0.424263	-0.364161	-0.38723	-0.430301	-0.350815	-0.358757	-0.426957	-0.398852	-0.394612	-0.367607	-0.423653	-0.342532	-0.406537	-0.357151	-0.383378	-0.362459	-0.458361	-0.35602	-0.450186	-0.369388	-0.361478	-0.368953	-0.427475	-0.361258	-0.390573	-0.41364	-0.385481	-0.311951	-0.434212	-0.369475	-0.330784	-0.3835	-0.406284	-0.389279	-0.356228	-0.362387	-0.371584	-0.400816	-0.410893	-0.407407	-0.422202	-0.430989	-0.454044	-0.401141	-0.391876	-0.387461	-0.356292	-0.445766	-0.446737	-0.420062	-0.44667	-0.342892	-0.332201	-0.393423	-0.359276	-0.341094	-0.411342	-0.350576	-0.396685	-0.379836	-0.408143	-0.357153	-0.446847	-0.38576	-0.432462	-0.326661	-0.369896	-0.339594	-0.38641	-0.424461	-0.372351	-0.379285	-0.387776	-0.456981	-0.381704	-0.448544	-0.43025	-0.396356	-0.394306	-0.321221	-0.4416	-0.3261	-0.401935	-0.419549	-0.403998	-0.363527	-0.397076	-0.388843	-0.397404	-0.372562	-0.415424	-0.414536	-0.393573	-0.417484	-0.377836	-0.372714	-0.353273	-0.429377	-0.37897	-0.360898	-0.407947	-0.320315	-0.383761	-0.451135	-0.383067	-0.415085	-0.352968	-0.406429	-0.423286	-0.416155	-0.398984	-0.387773	-0.395979	-0.415049	-0.348052	-0.443389	-0.331282	-0.403976	-0.393748	-0.413369	-0.377109	-0.357786	-0.367709	-0.412149	-0.398462	-0.368974	-0.370684	-0.349314	-0.392524	-0.444988	-0.388419	-0.406153	-0.416758	-0.354883	-0.387231	-0.401592	-0.371473	-0.437511	-0.391444	-0.40954	-0.365472	-0.370866	-0.32727	-0.37413	-0.371709	-0.384514	-0.401838	-0.469706	-0.350617	-0.375399	-0.415791	-0.358287	-0.364876	-0.401302	-0.397001	-0.395842	-0.390573	-0.383672	-0.378798	-0.371408	-0.422475	-0.420886	-0.341527	-0.371977	-0.40483	-0.426174	-0.403233	-0.383469	-0.3964	-0.439932	-0.315838	-0.40631	-0.41858	-0.35466	-0.435768	-0.425675	-0.360268	-0.443581	-0.443581	-0.369729	-0.303993	-0.390551	-0.343633	-0.321304	-0.349752	-0.414738	-0.381572	-0.329315	-0.370037	-0.49939	-0.411039	-0.395863	-0.49939	-0.362114	-0.447951	-0.366003	-0.339364	-0.331859	-0.375296	-0.307154	-0.395863	-0.307154	-0.303993	-0.375404	-0.447951	-0.387073	-0.414027	-0.370037	-0.39741	-0.393537	-0.409477	-0.408025	-0.373691	-0.454143	-0.440792	-0.360185	-0.390586	-0.443581	-0.360268	-0.390586	-0.496624	-0.439417	-0.366929	-0.385226	-0.395863	-0.40631	-0.391703	-0.325162	-0.496624	-0.380735	-0.389355	-0.382278	-0.439619	-0.400246	-0.3252	-0.395863	-0.408023	-0.370418	-0.342617	-0.390404	-0.311357	-0.409477	-0.407691	-0.400606	-0.387204	-0.435768	-0.375275	-0.460999	-0.444585	-0.405734	-0.450786	-0.3252	-0.409419	-0.395863	-0.390586	-0.454143	-0.463193	-0.49939	-0.366937	-0.340884	-0.384884	-0.367827	-0.370943	-0.40631	-0.303993	-0.443581	-0.400457	-0.40461	-0.385667	-0.490697	-0.352729	-0.324167	-0.352401	-0.407566	-0.448184	-0.334126	-0.34078	-0.3252	-0.424844	-0.477273	-0.349011	-0.3252	-0.405734	-0.323267	-0.41162	-0.394353	-0.477359	-0.39756	-0.371863	-0.408025	-0.390784	-0.364889	-0.441967	-0.360268	-0.450786	-0.370943	-0.496624	-0.366929	-0.390586	-0.408587	-0.477359	-0.332149	-0.49939	-0.362016	-0.382278	-0.369727	-0.404591	-0.447951	-0.390586	-0.388492	-0.416111	-0.414027	-0.403386	-0.303993	-0.380221	-0.324225	-0.390589	-0.408188	-0.389509	-0.315838	-0.446469	-0.360185	-0.428067	-0.487409	-0.360185	-0.336636	-0.339849	-0.391146	-0.369871	-0.443581	-0.390841	-0.448184	-0.318443	-0.477359	-0.422552	-0.323267	-0.409419	-0.387204	-0.318443	-0.391703	-0.39756	-0.334954	-0.330374	-0.366929	-0.303993	-0.316188	-0.408188	-0.409419	-0.375373	-0.336636	-0.330374	-0.400246	-0.395863	-0.423061	-0.409419	-0.396521	-0.341615	-0.414027	-0.390112	-0.365629	-0.353663	-0.389481	-0.40631	-0.398464	-0.369871	-0.411696	-0.408343	-0.360268
40000	intercept	0.49989	0.520492	0.436246	0.40133	0.422524	0.455796	0.421745	0.410781	0.437954	0.415124	0.442491	0.471761	0.460321	0.478481	0.40358	0.449655	0.469416	0.460098	0.426548	0.413316	0.465694	0.395464	0.458819	0.419895	0.448367	0.421291	0.47495	0.424755	0.412336	0.401614	0.439417	0.422711	0.463023	0.428698	0.43164	0.475371	0.438412	0.380132	0.451047	0.491991	0.456469	0.40014	0.488898	0.40426	0.438081	0.432103	0.447352	0.422943	0.441837	0.420097	0.487794	0.43299	0.413197	0.407293	0.48639	0.412858	0.4318	0.493372	0.439211	0.387171	0.473186	0.403	0.412167	0.453405	0.491211	0.416817	0.424955	0.398019	0.429949	0.417961	0.43086	0.426288	0.445192	0.473137	0.474838	0.447364	0.42843	0.482736	0.39777	0.489054	0.493794	0.466448	0.506346	0.404621	0.391903	0.441923	0.442278	0.388599	0.431367	0.421368	0.474672	0.443249	0.441448	0.4327	0.503104	0.430029	0.411207	0.386465	0.430691	0.416973	0.394444	0.466492	0.415497	0.450709	0.460174	0.496649	0.430225	0.508371	0.490014	0.415336	0.427425	0.400412	0.506478	0.411254	0.475528	0.450284	0.448885	0.41932	0.427897	0.440859	0.48032	0.427814	0.457409	0.44973	0.431501	0.450889	0.42079	0.474157	0.405548	0.475523	0.415261	0.420832	0.446449	0.373792	0.427833	0.488622	0.475988	0.466376	0.440918	0.435658	0.484573	0.44735	0.435963	0.420148	0.442463	0.436403	0.414769	0.495548	0.413664	0.449861	0.445185	0.443945	0.442153	0.418777	0.461975	0.441634	0.455111	0.462953	0.424807	0.392245	0.413345	0.496965	0.421525	0.45258	0.470111	0.401469	0.431007	0.457444	0.441333	0.477647	0.44589	0.496713	0.370852	0.463833	0.379638	0.398065	0.44424	0.437383	0.480251	0.503679	0.434427	0.446924	0.459581	0.45025	0.404973	0.468872	0.429289	0.447879	0.434244	0.420521	0.465453	0.472576	0.436873	0.5109	0.410183	0.404589	0.475796	0.489287	0.46147	0.429012	0.442994	0.519857	0.409077	0.500687	0.426174	0.471969	0.473405	0.466309	0.419576	0.473966	0.473966	0.41562	0.363761	0.400448	0.39559	0.408749	0.388001	0.495343	0.430101	0.35645	0.389378	0.543988	0.467567	0.438925	0.543988	0.44337	0.504141	0.423548	0.427705	0.378436	0.457935	0.435234	0.414173	0.435234	0.363923	0.438033	0.504141	0.455697	0.4363	0.389378	0.455697	0.439742	0.442521	0.445234	0.430457	0.508646	0.447699	0.42883	0.4363	0.473966	0.419576	0.449943	0.494295	0.507302	0.417537	0.411879	0.414173	0.48883	0.437564	0.367425	0.495337	0.445583	0.463533	0.377726	0.549061	0.45559	0.434358	0.409582	0.472739	0.408162	0.371992	0.399045	0.372414	0.442521	0.502114	0.414173	0.434178	0.460026	0.445583	0.518404	0.454279	0.473405	0.526726	0.434358	0.467567	0.414173	0.449943	0.508646	0.519704	0.543988	0.490857	0.352532	0.458963	0.42279	0.462112	0.499004	0.363761	0.463894	0.433856	0.43492	0.390477	0.541829	0.444352	0.386276	0.455697	0.413461	0.526726	0.396235	0.491723	0.434284	0.502114	0.48791	0.419007	0.434358	0.473405	0.372414	0.4363	0.449569	0.513233	0.462226	0.41371	0.449569	0.389135	0.426207	0.457631	0.419576	0.526726	0.454837	0.494295	0.422214	0.4363	0.414276	0.521776	0.425774	0.543988	0.41562	0.373801	0.44337	0.442521	0.504141	0.448391	0.441957	0.459192	0.4363	0.459192	0.363923	0.423172	0.402198	0.389378	0.424076	0.396998	0.412488	0.549061	0.462807	0.41562	0.521776	0.430653	0.383661	0.404784	0.396426	0.419493	0.473966	0.417017	0.526726	0.426475	0.513233	0.444025	0.372414	0.460496	0.433856	0.426475	0.448013	0.475473	0.381923	0.382305	0.422214	0.360436	0.416054	0.4419	0.467567	0.440405	0.383661	0.393816	0.45559	0.438925	0.549061	0.461392	0.451069	0.382566	0.4363	0.42476	0.519406	0.412973	0.367229	0.48883	0.446969	0.419493	0.444786	0.45559	0.419007
41000	slope	-0.323897	-0.375899	-0.379277	-0.405027	-0.383151	-0.316234	-0.308546	-0.366669	-0.337201	-0.368433	-0.408504	-0.361858	-0.347042	-0.413717	-0.322212	-0.360931	-0.410558	-0.303748	-0.370652	-0.378658	-0.385199	-0.363421	-0.339788	-0.341129	-0.302768	-0.40098	-0.433314	-0.38044	-0.346534	-0.383917	-0.411653	-0.405751	-0.354076	-0.407223	-0.354513	-0.409656	-0.411858	-0.361189	-0.373223	-0.346283	-0.3917	-0.336037	-0.395542	-0.391447	-0.429851	-0.422695	-0.278029	-0.403428	-0.40931	-0.359555	-0.376866	-0.396716	-0.323688	-0.357623	-0.380921	-0.323	-0.384631	-0.350309	-0.37313	-0.388695	-0.325241	-0.366312	-0.320032	-0.327985	-0.390609	-0.309392	-0.427939	-0.363386	-0.398036	-0.38082	-0.33467	-0.395379	-0.431706	-0.393175	-0.363656	-0.375739	-0.385251	-0.356915	-0.353456	-0.415281	-0.376092	-0.394519	-0.335077	-0.402298	-0.30019	-0.387648	-0.426228	-0.340321	-0.379578	-0.346634	-0.39823	-0.363127	-0.369241	-0.384734	-0.36286	-0.324495	-0.389227	-0.465885	-0.384383	-0.409485	-0.333897	-0.404851	-0.391864	-0.404466	-0.370853	-0.357955	-0.393534	-0.36813	-0.440036	-0.409309	-0.407387	-0.378028	-0.388716	-0.367638	-0.410568	-0.398475	-0.41271	-0.396581	-0.377809	-0.389191	-0.366025	-0.39417	-0.376259	-0.345339	-0.382532	-0.410761	-0.409896	-0.418697	-0.389082	-0.390952	-0.426047	-0.34854	-0.397334	-0.396041	-0.368385	-0.412817	-0.383945	-0.387345	-0.348525	-0.332595	-0.315066	-0.368694	-0.383048	-0.347616	-0.406939	-0.40856	-0.36244	-0.437029	-0.304579	-0.392983	-0.43216	-0.351982	-0.3457	-0.35945	-0.368268	-0.426186	-0.387948	-0.38006	-0.408886	-0.376739	-0.407966	-0.400034	-0.406778	-0.441744	-0.357082	-0.362624	-0.41595	-0.444085	-0.364516	-0.396046	-0.369612	-0.346889	-0.332168	-0.401662	-0.345366	-0.322478	-0.398702	-0.376051	-0.30302	-0.381062	-0.415105	-0.399628	-0.316371	-0.450174	-0.365825	-0.367444	-0.379485	-0.441652	-0.391204	-0.351993	-0.334142	-0.371235	-0.360871	-0.382453	-0.358997	-0.478451	-0.398684	-0.414663	-0.377095	-0.361389	-0.389981	-0.384756	-0.42407	-0.324497	-0.412968	-0.376427	-0.414501	-0.433288	-0.328162	-0.385761	-0.379964	-0.457223	-0.354417	-0.418319	-0.415818	-0.353183	-0.376333	-0.402754	-0.412412	-0.409242	-0.276677	-0.410356	-0.234758	-0.260163	-0.428746	-0.401817	-0.378989	-0.384756	-0.320388	-0.379964	-0.377664	-0.308434	-0.358621	-0.40585	-0.395459	-0.454782	-0.377664	-0.391779	-0.388638	-0.378116	-0.419299	-0.262676	-0.404185	-0.317568	-0.414032	-0.383937	-0.320388	-0.40122	-0.384027	-0.393293	-0.414501	-0.375636	-0.34658	-0.426385	-0.398334	-0.458782	-0.375694	-0.418095	-0.384537	-0.414869	-0.358238	-0.37817	-0.421167	-0.361658	-0.427268	-0.390798	-0.403198	-0.379964	-0.353684	-0.334674	-0.471139	-0.34125	-0.404185	-0.394434	-0.414032	-0.234758	-0.320388	-0.457223	-0.395552	-0.403722	-0.427268	-0.234115	-0.384027	-0.354417	-0.486407	-0.409405	-0.375636	-0.262561	-0.384756	-0.37584	-0.396034	-0.341498	-0.333166	-0.376333	-0.376725	-0.391353	-0.282523	-0.317568	-0.262676	-0.447241	-0.353684	-0.400311	-0.405855	-0.391366	-0.430247	-0.380805	-0.427069	-0.262676	-0.414032	-0.258663	-0.39018	-0.257619	-0.457223	-0.343135	-0.428746	-0.417253	-0.429535	-0.432962	-0.46747	-0.409405	-0.331449	-0.262676	-0.320388	-0.42387	-0.395552	-0.317568	-0.420161	-0.339493	-0.419299	-0.402241	-0.383937	-0.403177	-0.361658	-0.358238	-0.384756	-0.388638	-0.378989	-0.428746	-0.327993	-0.411726	-0.401077	-0.389391	-0.282523	-0.317568	-0.396185	-0.457223	-0.380171	-0.383542	-0.376725	-0.414032	-0.376092	-0.418095	-0.419792	-0.334674	-0.414032	-0.379964	-0.402026	-0.402754	-0.427268	-0.412412	-0.416413	-0.358238	-0.474851	-0.383542	-0.42898	-0.282523	-0.356869	-0.349742	-0.407457	-0.359059	-0.375636	-0.353183	-0.348673	-0.412412	-0.411726	-0.347118	-0.442101	-0.332179	-0.264352	-0.449867	-0.337183	-0.354417	-0.423534	-0.409405	-0.384027	-0.388755	-0.341846	-0.339597	-0.376395	-0.320388	-0.287318	-0.454782	-0.463116	-0.416371	-0.410507	-0.404719	-0.331816	-0.343953	-0.376333	-0.322269
41000	intercept	0.388425	0.383071	0.412279	0.430981	0.443669	0.400933	0.355095	0.390309	0.424668	0.426281	0.429244	0.409041	0.422292	0.468221	0.399444	0.433017	0.428186	0.396151	0.425563	0.412896	0.446249	0.40494	0.410441	0.37118	0.389333	0.46047	0.452357	0.477793	0.409142	0.447213	0.457841	0.491342	0.417755	0.46655	0.429591	0.462387	0.463056	0.413797	0.414964	0.411478	0.42889	0.426015	0.43189	0.477725	0.461693	0.48765	0.36524	0.493282	0.48996	0.415077	0.43499	0.427374	0.412518	0.414609	0.41817	0.362858	0.442451	0.432337	0.413336	0.474513	0.449315	0.468671	0.420541	0.391795	0.455628	0.398451	0.460787	0.414103	0.442837	0.416499	0.425692	0.459198	0.465575	0.429336	0.427077	0.424555	0.44528	0.389948	0.378318	0.44058	0.458741	0.419708	0.406635	0.472873	0.409673	0.437926	0.498173	0.391378	0.459147	0.390732	0.430792	0.401586	0.437271	0.448613	0.438007	0.402694	0.419375	0.498905	0.421179	0.424696	0.385857	0.44613	0.4385	0.462504	0.399214	0.43184	0.432946	0.41202	0.498909	0.458108	0.456177	0.470196	0.442843	0.445362	0.445728	0.465141	0.485338	0.435643	0.376495	0.427588	0.389542	0.455378	0.457205	0.442513	0.453931	0.449722	0.466283	0.460131	0.415418	0.458212	0.458372	0.40656	0.446068	0.456957	0.419788	0.446737	0.438396	0.45672	0.433687	0.387134	0.403099	0.43672	0.408227	0.413828	0.438929	0.428902	0.427517	0.453742	0.374411	0.466898	0.464444	0.406699	0.409523	0.431365	0.405366	0.467555	0.446809	0.447362	0.455384	0.433301	0.428547	0.49522	0.469373	0.488863	0.447243	0.427538	0.460305	0.498168	0.429928	0.452007	0.424274	0.387806	0.372853	0.456693	0.401625	0.430291	0.44329	0.424971	0.358525	0.400034	0.432161	0.443649	0.446147	0.4641	0.380635	0.409334	0.449739	0.501594	0.431158	0.424475	0.416263	0.439436	0.414317	0.43222	0.465434	0.519686	0.413637	0.461873	0.431141	0.449812	0.435983	0.469604	0.435108	0.408703	0.475546	0.455669	0.424185	0.459763	0.347708	0.445254	0.498017	0.481039	0.363012	0.398833	0.481586	0.406561	0.421082	0.405823	0.467312	0.480539	0.404479	0.508755	0.390763	0.347178	0.517275	0.416072	0.441021	0.447439	0.390873	0.481651	0.422639	0.380781	0.405882	0.458672	0.485783	0.440703	0.422639	0.480992	0.464699	0.436474	0.443859	0.334767	0.443957	0.417046	0.469439	0.436474	0.357451	0.477265	0.409697	0.432887	0.424185	0.471573	0.396133	0.474649	0.450962	0.451554	0.417607	0.476404	0.485783	0.432189	0.395255	0.465217	0.486565	0.371284	0.50879	0.404253	0.443368	0.481651	0.421393	0.411428	0.523824	0.401607	0.457669	0.447515	0.47436	0.393114	0.394484	0.481039	0.464433	0.473176	0.50879	0.379385	0.429981	0.355828	0.490455	0.44232	0.468468	0.357998	0.469604	0.473601	0.406386	0.333568	0.337003	0.41628	0.448956	0.460753	0.392287	0.402338	0.346197	0.505977	0.421393	0.485783	0.446476	0.466776	0.432189	0.429863	0.475546	0.357998	0.469439	0.353635	0.406386	0.382771	0.471749	0.408703	0.483161	0.492962	0.4311	0.42729	0.522602	0.446476	0.389489	0.347178	0.398139	0.435142	0.465195	0.408703	0.464728	0.371514	0.443859	0.496306	0.436474	0.464159	0.371284	0.395255	0.469604	0.464699	0.441021	0.481586	0.380979	0.496306	0.443368	0.480992	0.392287	0.416439	0.398833	0.471749	0.458741	0.394859	0.474637	0.469439	0.458741	0.476404	0.465195	0.411428	0.47436	0.481651	0.440137	0.405823	0.50879	0.467312	0.476404	0.395255	0.523876	0.394859	0.447448	0.376002	0.373846	0.368839	0.431008	0.405882	0.478251	0.406561	0.361381	0.467312	0.492072	0.380979	0.486608	0.40525	0.379542	0.440703	0.392487	0.350674	0.507327	0.45733	0.409697	0.464884	0.333568	0.406008	0.439085	0.357451	0.378163	0.440703	0.517937	0.497177	0.465788	0.424921	0.395954	0.363012	0.424193	0.41539
42000	slope	-0.41287	-0.385452	-0.392074	-0.342635	-0.346603	-0.396103	-0.404958	-0.385164	-0.401093	-0.421525	-0.41756	-0.409869	-0.408561	-0.435698	-0.384605	-0.473476	-0.34597	-0.379402	-0.389113	-0.38654	-0.344685	-0.398446	-0.420171	-0.359259	-0.424324	-0.400584	-0.36354	-0.401572	-0.344967	-0.397792	-0.386639	-0.42897	-0.383403	-0.405216	-0.40701	-0.388816	-0.412498	-0.394579	-0.42877	-0.431405	-0.434647	-0.419331	-0.475885	-0.410459	-0.363613	-0.410992	-0.404656	-0.410057	-0.379934	-0.431415	-0.303455	-0.381311	-0.370691	-0.401759	-0.434939	-0.411232	-0.419833	-0.415352	-0.368531	-0.345756	-0.365227	-0.440193	-0.417273	-0.349218	-0.381706	-0.40442	-0.390373	-0.360848	-0.40252	-0.412087	-0.386897	-0.384694	-0.401314	-0.429686	-0.437686	-0.404988	-0.433834	-0.389305	-0.399934	-0.407218	-0.428586	-0.357054	-0.372976	-0.448799	-0.332477	-0.462786	-0.354366	-0.339852	-0.345033	-0.350872	-0.363553	-0.389003	-0.385111	-0.396881	-0.43602	-0.330019	-0.470128	-0.406686	-0.392301	-0.402856	-0.394151	-0.364303	-0.319158	-0.358146	-0.447398	-0.396546	-0.412056	-0.442261	-0.406261	-0.410096	-0.431136	-0.405398	-0.382513	-0.40875	-0.379791	-0.38067	-0.414426	-0.444301	-0.39272	-0.449243	-0.463965	-0.383749	-0.384942	-0.393078	-0.339335	-0.454141	-0.365969	-0.381478	-0.389724	-0.34107	-0.384009	-0.367419	-0.440101	-0.390491	-0.40549	-0.436865	-0.379661	-0.411251	-0.358454	-0.346021	-0.334397	-0.428675	-0.395422	-0.395266	-0.369445	-0.420945	-0.393749	-0.384807	-0.362645	-0.382805	-0.416564	-0.434414	-0.347883	-0.428695	-0.390263	-0.387365	-0.384164	-0.357209	-0.369523	-0.392397	-0.327855	-0.401345	-0.385387	-0.391941	-0.37522	-0.454048	-0.418014	-0.420631	-0.38994	-0.353805	-0.35784	-0.428654	-0.374481	-0.47282	-0.353183	-0.4024	-0.360925	-0.405607	-0.361298	-0.388777	-0.372976	-0.337161	-0.430294	-0.429998	-0.352663	-0.388661	-0.426191	-0.397317	-0.444865	-0.432827	-0.442036	-0.386183	-0.365436	-0.400772	-0.407443	-0.445722	-0.358851	-0.387788	-0.369902	-0.386538	-0.391534	-0.378422	-0.340597	-0.408524	-0.275315	-0.373946	-0.46808	-0.379734	-0.450236	-0.432374	-0.394098	-0.314751	-0.391534	-0.380651	-0.390483	-0.373485	-0.381835	-0.382401	-0.386112	-0.254883	-0.424103	-0.385395	-0.470358	-0.362227	-0.394902	-0.43081	-0.392382	-0.385395	-0.395245	-0.361706	-0.431574	-0.395285	-0.339151	-0.395724	-0.376597	-0.476525	-0.393836	-0.407292	-0.416564	-0.333121	-0.375388	-0.346495	-0.47495	-0.468297	-0.423895	-0.44376	-0.452719	-0.40042	-0.450236	-0.373946	-0.372808	-0.324166	-0.393836	-0.388415	-0.382401	-0.373272	-0.459252	-0.409531	-0.420125	-0.412475	-0.254883	-0.416564	-0.390964	-0.391512	-0.390639	-0.370217	-0.421019	-0.352707	-0.393958	-0.433003	-0.340095	-0.416564	-0.387289	-0.374415	-0.389982	-0.430624	-0.369782	-0.409566	-0.399928	-0.374415	-0.390483	-0.384342	-0.46808	-0.404162	-0.408524	-0.392382	-0.412475	-0.374415	-0.455638	-0.477561	-0.385395	-0.403284	-0.471257	-0.432374	-0.33182	-0.354494	-0.381714	-0.39241	-0.46808	-0.463848	-0.391534	-0.349523	-0.363849	-0.420125	-0.272725	-0.395806	-0.409531	-0.425803	-0.393027	-0.473013	-0.434342	-0.346237	-0.357798	-0.466028	-0.3655	-0.394479	-0.323079	-0.368659	-0.383418	-0.356095	-0.360964	-0.390483	-0.46808	-0.380932	-0.458384	-0.391852	-0.385138	-0.441231	-0.476525	-0.395011	-0.435705	-0.440101	-0.393372	-0.369576	-0.259866	-0.463084	-0.391846	-0.44376	-0.400809	-0.378422	-0.384027	-0.439689	-0.438824	-0.470358	-0.416564	-0.384027	-0.432187	-0.433003	-0.371257	-0.392103	-0.39494	-0.277959	-0.383756	-0.434342	-0.467785	-0.466974	-0.44737	-0.463084	-0.460479	-0.221545	-0.381883	-0.3655	-0.394479	-0.38605	-0.385596	-0.44376	-0.405492	-0.394311	-0.362578	-0.335502	-0.412485	-0.323079	-0.359482	-0.385848	-0.34243	-0.354633	-0.394902	-0.385366	-0.377853	-0.405845	-0.389205	-0.270182	-0.394311	-0.418122	-0.269612	-0.409531	-0.474992	-0.383756	-0.473551	-0.43081	-0.400809	-0.386241	-0.398448	-0.448749	-0.362249	-0.477472	-0.44376	-0.380462	-0.407547	-0.369451
42000	intercept	0.451134	0.457381	0.472117	0.426785	0.431765	0.447694	0.48786	0.443217	0.43993	0.483501	0.499139	0.464278	0.423147	0.467353	0.456184	0.518918	0.404345	0.453587	0.464934	0.426892	0.414767	0.444019	0.446639	0.39795	0.481148	0.490627	0.404694	0.481063	0.370246	0.432193	0.400676	0.483981	0.447134	0.454001	0.446261	0.454412	0.477568	0.474309	0.477359	0.467315	0.47805	0.470019	0.531102	0.477436	0.405637	0.497896	0.485746	0.434744	0.489883	0.465639	0.377309	0.462995	0.410448	0.42816	0.485799	0.48442	0.48446	0.447651	0.416311	0.394838	0.444308	0.45294	0.481776	0.383447	0.420334	0.438817	0.430592	0.376934	0.440687	0.443338	0.441694	0.415257	0.455356	0.48429	0.49774	0.46693	0.463857	0.431046	0.42985	0.444199	0.467857	0.373285	0.478572	0.487984	0.408314	0.519292	0.423376	0.388423	0.42132	0.398334	0.444833	0.4155	0.459313	0.474952	0.466992	0.388212	0.491716	0.485914	0.408141	0.443356	0.434419	0.410588	0.378021	0.456545	0.48454	0.481058	0.470654	0.483299	0.443698	0.454674	0.486094	0.453631	0.474941	0.464161	0.477249	0.442947	0.459765	0.482819	0.444278	0.530013	0.530938	0.418663	0.447844	0.444068	0.377287	0.468983	0.441388	0.443263	0.41611	0.391987	0.41427	0.448423	0.514042	0.423076	0.482074	0.459142	0.430416	0.446317	0.406459	0.394253	0.367617	0.480293	0.426858	0.457795	0.385164	0.473212	0.455421	0.411559	0.423704	0.43337	0.4766	0.472891	0.401886	0.482771	0.411863	0.446247	0.441929	0.464258	0.445514	0.43219	0.417869	0.427139	0.472438	0.440394	0.424017	0.486136	0.47043	0.457026	0.430604	0.419958	0.420235	0.485614	0.476205	0.518349	0.412137	0.437624	0.433911	0.494146	0.432403	0.450839	0.47772	0.405886	0.466245	0.4897	0.424324	0.47653	0.49344	0.443356	0.497466	0.475766	0.472008	0.429591	0.395946	0.480105	0.495735	0.52683	0.40616	0.454215	0.419463	0.438825	0.42974	0.429264	0.368153	0.425566	0.324221	0.453747	0.502784	0.405678	0.499991	0.477998	0.458246	0.368847	0.44248	0.457957	0.427739	0.425168	0.486889	0.501371	0.410705	0.390928	0.472293	0.460725	0.525457	0.379432	0.416785	0.435032	0.422319	0.460725	0.554154	0.421512	0.422818	0.458798	0.409976	0.423134	0.504783	0.47814	0.435762	0.492695	0.506068	0.375316	0.395727	0.409521	0.531901	0.502784	0.522153	0.51957	0.499342	0.492963	0.497235	0.453747	0.429264	0.345299	0.4155	0.422413	0.501371	0.449332	0.516913	0.458246	0.48757	0.442427	0.390928	0.480908	0.427552	0.476579	0.430283	0.434516	0.468022	0.379259	0.433791	0.512037	0.389783	0.492526	0.434236	0.425168	0.427471	0.46783	0.395727	0.43196	0.482581	0.425168	0.427739	0.405678	0.502784	0.405712	0.425566	0.422319	0.442427	0.425168	0.476771	0.533914	0.460725	0.416383	0.509574	0.477998	0.42122	0.415996	0.42634	0.4155	0.502784	0.539032	0.439394	0.426862	0.435684	0.48757	0.386023	0.453805	0.458246	0.465452	0.501371	0.536396	0.46783	0.393962	0.419963	0.47814	0.373166	0.414778	0.372264	0.3903	0.439394	0.368153	0.429665	0.427739	0.502784	0.465441	0.534371	0.424306	0.416594	0.493847	0.47814	0.438939	0.485793	0.522153	0.442858	0.425168	0.390928	0.492695	0.476579	0.51957	0.449582	0.429264	0.424669	0.529407	0.471645	0.516913	0.464775	0.421446	0.475933	0.512037	0.425168	0.481248	0.492963	0.375348	0.449716	0.48055	0.532931	0.508137	0.471791	0.492695	0.532433	0.340021	0.479433	0.373166	0.414778	0.411501	0.4155	0.51957	0.461002	0.400828	0.433591	0.415046	0.480364	0.372264	0.414652	0.399496	0.409521	0.460725	0.416785	0.411013	0.471211	0.462014	0.46317	0.386023	0.421541	0.458156	0.324221	0.473927	0.502925	0.449716	0.524836	0.435032	0.449582	0.409357	0.410705	0.47033	0.429988	0.499991	0.51957	0.425168	0.465875	0.410393
43000	slope	-0.405209	-0.427875	-0.386973	-0.403876	-0.354223	-0.427812	-0.448242	-0.318659	-0.373469	-0.404564	-0.367802	-0.329751	-0.442241	-0.422919	-0.368377	-0.35901	-0.383918	-0.366101	-0.381785	-0.34222	-0.372835	-0.375742	-0.411443	-0.408448	-0.448068	-0.448184	-0.467921	-0.4349	-0.352534	-0.405414	-0.382798	-0.364544	-0.412798	-0.427351	-0.448566	-0.385458	-0.401746	-0.457046	-0.413093	-0.456674	-0.39983	-0.375323	-0.387371	-0.419284	-0.347699	-0.426828	-0.3889	-0.38464	-0.368722	-0.407051	-0.426145	-0.375164	-0.395053	-0.363281	-0.326251	-0.328445	-0.350724	-0.353723	-0.432184	-0.476595	-0.371051	-0.369078	-0.359086	-0.333286	-0.346851	-0.399721	-0.394396	-0.360521	-0.404337	-0.352559	-0.342015	-0.442438	-0.404322	-0.440526	-0.397071	-0.378334	-0.390789	-0.426904	-0.458884	-0.383583	-0.404549	-0.358926	-0.416872	-0.328859	-0.347176	-0.386789	-0.346275	-0.411804	-0.392926	-0.336563	-0.367394	-0.382228	-0.386799	-0.380608	-0.408062	-0.388729	-0.424588	-0.394576	-0.374639	-0.389082	-0.401783	-0.359681	-0.389382	-0.393136	-0.399327	-0.29435	-0.447287	-0.370745	-0.415785	-0.464779	-0.386136	-0.414278	-0.472337	-0.32908	-0.347797	-0.366817	-0.356683	-0.381211	-0.358959	-0.341442	-0.386876	-0.428689	-0.363908	-0.355253	-0.366048	-0.401816	-0.387938	-0.355153	-0.393278	-0.343848	-0.404066	-0.343856	-0.438164	-0.291823	-0.374297	-0.424304	-0.390663	-0.366099	-0.385265	-0.485972	-0.41594	-0.368093	-0.417069	-0.391292	-0.406136	-0.384482	-0.397828	-0.359254	-0.386618	-0.363511	-0.326695	-0.417069	-0.437641	-0.369435	-0.378814	-0.384056	-0.389935	-0.385565	-0.41134	-0.395394	-0.475871	-0.366216	-0.368675	-0.370481	-0.445595	-0.371865	-0.337183	-0.377546	-0.385131	-0.445888	-0.400502	-0.406327	-0.398897	-0.354835	-0.409543	-0.420563	-0.389745	-0.462863	-0.367721	-0.378414	-0.442811	-0.430082	-0.32811	-0.360949	-0.384757	-0.382083	-0.360917	-0.371644	-0.377747	-0.417796	-0.340701	-0.455392	-0.363691	-0.385565	-0.359007	-0.375058	-0.37213	-0.341081	-0.369852	-0.346791	-0.367599	-0.395135	-0.344499	-0.380332	-0.495582	-0.341442	-0.308873	-0.400722	-0.475315	-0.383669	-0.354077	-0.503108	-0.406042	-0.391477	-0.492163	-0.440192	-0.409123	-0.380332	-0.359466	-0.318782	-0.423613	-0.374465	-0.344499	-0.456412	-0.429626	-0.320647	-0.451425	-0.391649	-0.437217	-0.412456	-0.462307	-0.423839	-0.355319	-0.421998	-0.374465	-0.358549	-0.484154	-0.338054	-0.462802	-0.514117	-0.332231	-0.423613	-0.41528	-0.399089	-0.328046	-0.432082	-0.462307	-0.451544	-0.404438	-0.350392	-0.457828	-0.406629	-0.347516	-0.434221	-0.359466	-0.341442	-0.452734	-0.390158	-0.387826	-0.377056	-0.45802	-0.305657	-0.453371	-0.370668	-0.419401	-0.438335	-0.409045	-0.359443	-0.367556	-0.423613	-0.295311	-0.349227	-0.377056	-0.478182	-0.453371	-0.369655	-0.460707	-0.44688	-0.374181	-0.354885	-0.453371	-0.377441	-0.375493	-0.421726	-0.308873	-0.458032	-0.431062	-0.411609	-0.365063	-0.384985	-0.31241	-0.358549	-0.298897	-0.373489	-0.278088	-0.273691	-0.415909	-0.310273	-0.359443	-0.377056	-0.462802	-0.471044	-0.471044	-0.423613	-0.441721	-0.447518	-0.36029	-0.393553	-0.423613	-0.354077	-0.421692	-0.300523	-0.367556	-0.341442	-0.423839	-0.359824	-0.352423	-0.483682	-0.279585	-0.366458	-0.402184	-0.376311	-0.382503	-0.38711	-0.376311	-0.415204	-0.265179	-0.466742	-0.380573	-0.461583	-0.341442	-0.379481	-0.41466	-0.421725	-0.347516	-0.393553	-0.336632	-0.423613	-0.393553	-0.370364	-0.392968	-0.514117	-0.393553	-0.423613	-0.41376	-0.367556	-0.423613	-0.42642	-0.355272	-0.42067	-0.328445	-0.421692	-0.392255	-0.445404	-0.433803	-0.421998	-0.324466	-0.386783	-0.338054	-0.48039	-0.328627	-0.367556	-0.43193	-0.394181	-0.412456	-0.374181	-0.464015	-0.393553	-0.34208	-0.414022	-0.379233	-0.343649	-0.390568	-0.333401	-0.343766	-0.478182	-0.394827	-0.451425	-0.484154	-0.477647	-0.382503	-0.452854	-0.377056	-0.399257	-0.328046	-0.354077	-0.367155	-0.461583	-0.387205	-0.391649	-0.392968	-0.421998	-0.374181	-0.454763	-0.392255	-0.384777	-0.523863	-0.355252	-0.369759	-0.414897
43000	intercept	0.441568	0.476718	0.428302	0.442294	0.399853	0.478129	0.474443	0.389413	0.462264	0.475136	0.414843	0.422856	0.46793	0.482605	0.456875	0.434451	0.442232	0.447029	0.48663	0.450748	0.456613	0.472788	0.435918	0.452039	0.499664	0.486836	0.51622	0.485011	0.439634	0.466534	0.443992	0.415532	0.450744	0.458808	0.462306	0.447847	0.468116	0.463668	0.473647	0.506633	0.44367	0.462223	0.465413	0.453805	0.419112	0.462537	0.438085	0.485505	0.426071	0.469514	0.465513	0.418769	0.488753	0.443997	0.384768	0.387454	0.419823	0.419445	0.489048	0.493538	0.445114	0.401342	0.427333	0.421759	0.43024	0.42363	0.414092	0.401742	0.456824	0.424595	0.384842	0.483718	0.471513	0.469093	0.433641	0.448695	0.48796	0.444965	0.494155	0.477462	0.424146	0.443565	0.433486	0.391071	0.435487	0.465037	0.429091	0.476403	0.427232	0.427924	0.424842	0.424973	0.438172	0.464977	0.454605	0.443644	0.432924	0.4402	0.466569	0.443352	0.426294	0.448727	0.422602	0.460392	0.469293	0.374987	0.464348	0.467447	0.473109	0.490209	0.462737	0.426676	0.50593	0.379664	0.427354	0.43474	0.430305	0.441579	0.399864	0.428538	0.451936	0.493161	0.420124	0.463237	0.397013	0.466819	0.454639	0.428018	0.430861	0.426147	0.481387	0.405338	0.517766	0.374223	0.466002	0.427306	0.448474	0.409328	0.455041	0.513413	0.420928	0.408672	0.47913	0.440362	0.463436	0.421726	0.467083	0.425016	0.497443	0.43198	0.414297	0.473466	0.49587	0.398487	0.399207	0.456621	0.418215	0.435428	0.479406	0.439507	0.509668	0.452871	0.405389	0.427771	0.488378	0.46427	0.422954	0.408084	0.478832	0.471471	0.472627	0.416447	0.454497	0.469544	0.434583	0.454004	0.464494	0.46517	0.408055	0.47102	0.437514	0.458223	0.390013	0.423503	0.4292	0.424973	0.417042	0.438657	0.452591	0.447813	0.432817	0.519897	0.431506	0.436125	0.4278	0.414842	0.429509	0.416116	0.420007	0.391918	0.43751	0.393459	0.433016	0.451933	0.530807	0.429878	0.378793	0.480566	0.545677	0.402999	0.489335	0.52389	0.444503	0.470587	0.526857	0.456311	0.473645	0.460386	0.429296	0.434364	0.486761	0.505699	0.441183	0.47581	0.491859	0.378793	0.458321	0.447393	0.487702	0.504629	0.516721	0.498835	0.407758	0.466376	0.50581	0.426304	0.502647	0.377661	0.493446	0.546122	0.445648	0.486761	0.420936	0.500831	0.413834	0.433556	0.516721	0.521703	0.414501	0.407758	0.52075	0.511844	0.395527	0.480226	0.429296	0.418277	0.501354	0.40969	0.395032	0.403381	0.510369	0.37594	0.515697	0.478689	0.420936	0.486959	0.418044	0.435552	0.446008	0.480226	0.373773	0.386514	0.403381	0.528126	0.52131	0.387284	0.496122	0.485699	0.426226	0.443538	0.513639	0.433789	0.467067	0.493208	0.378793	0.493446	0.469834	0.445085	0.440667	0.428218	0.3745	0.420705	0.368963	0.433042	0.378486	0.368963	0.486963	0.352312	0.435552	0.403381	0.493446	0.465306	0.456269	0.471441	0.432166	0.529535	0.428793	0.410661	0.480226	0.489335	0.447393	0.423554	0.43766	0.418277	0.498835	0.45611	0.4143	0.474104	0.3816	0.439551	0.39475	0.43751	0.391234	0.446565	0.43751	0.481676	0.383022	0.491393	0.395032	0.456269	0.440204	0.40969	0.464421	0.495034	0.395867	0.410661	0.399774	0.480226	0.410661	0.395032	0.493853	0.531633	0.410661	0.480226	0.553554	0.43766	0.471441	0.480226	0.426304	0.523377	0.400034	0.447393	0.466376	0.46586	0.480226	0.466376	0.440989	0.43751	0.377661	0.526506	0.412892	0.440667	0.437861	0.404046	0.498039	0.426226	0.508559	0.410661	0.431939	0.518811	0.433042	0.429296	0.481903	0.377661	0.445218	0.525797	0.43968	0.458321	0.492715	0.514235	0.395032	0.49903	0.403381	0.453222	0.413834	0.489335	0.440785	0.456269	0.467067	0.447393	0.483034	0.466376	0.428768	0.516721	0.466376	0.426982	0.526959	0.430093	0.438317	0.471645
44000	slope	-0.334285	-0.473702	-0.371407	-0.388351	-0.366674	-0.397063	-0.420716	-0.39205	-0.442859	-0.396752	-0.414204	-0.476663	-0.387354	-0.451591	-0.363704	-0.418503	-0.34667	-0.338479	-0.386147	-0.343811	-0.371476	-0.385943	-0.451283	-0.410386	-0.358108	-0.385476	-0.407382	-0.391604	-0.341238	-0.410627	-0.3986	-0.404084	-0.409942	-0.414394	-0.443866	-0.353437	-0.391946	-0.381691	-0.397234	-0.442067	-0.371987	-0.39676	-0.388953	-0.371497	-0.456766	-0.451225	-0.451704	-0.363776	-0.414207	-0.348936	-0.366386	-0.338026	-0.348236	-0.378258	-0.408596	-0.453778	-0.420175	-0.377957	-0.402968	-0.455648	-0.436003	-0.404958	-0.502914	-0.35238	-0.439672	-0.430635	-0.422806	-0.435813	-0.379654	-0.344908	-0.352732	-0.416485	-0.445813	-0.39624	-0.382021	-0.426999	-0.382336	-0.392031	-0.444297	-0.425412	-0.410315	-0.386981	-0.408124	-0.39608	-0.442972	-0.445611	-0.35075	-0.357785	-0.37029	-0.344351	-0.431557	-0.4485	-0.392673	-0.432667	-0.387965	-0.402248	-0.43741	-0.48296	-0.340549	-0.425611	-0.34674	-0.42848	-0.408164	-0.381042	-0.347364	-0.448851	-0.453754	-0.40502	-0.356053	-0.400062	-0.426279	-0.379254	-0.399713	-0.398245	-0.439423	-0.372737	-0.445325	-0.42087	-0.382003	-0.424924	-0.325102	-0.4165	-0.446725	-0.423249	-0.34096	-0.387885	-0.392577	-0.424761	-0.397978	-0.334938	-0.355382	-0.456119	-0.414059	-0.38608	-0.416738	-0.430784	-0.413504	-0.432217	-0.349162	-0.402367	-0.428723	-0.411638	-0.40302	-0.392042	-0.337308	-0.469627	-0.357295	-0.389161	-0.419687	-0.397503	-0.393324	-0.444495	-0.399376	-0.436251	-0.398784	-0.439571	-0.343362	-0.393351	-0.416899	-0.372161	-0.371499	-0.420858	-0.405209	-0.364595	-0.410418	-0.382228	-0.386298	-0.388609	-0.430813	-0.417595	-0.359817	-0.370527	-0.405674	-0.354655	-0.447235	-0.367107	-0.47549	-0.364539	-0.4088	-0.412648	-0.384459	-0.419923	-0.422933	-0.388238	-0.418242	-0.405941	-0.356562	-0.328115	-0.402486	-0.370824	-0.405471	-0.363975	-0.393741	-0.446751	-0.432231	-0.426812	-0.39121	-0.459262	-0.407484	-0.429837	-0.41416	-0.407205	-0.418383	-0.464615	-0.291404	-0.419694	-0.331665	-0.395972	-0.417983	-0.435435	-0.378523	-0.418383	-0.416351	-0.429898	-0.416232	-0.432416	-0.418613	-0.420306	-0.488229	-0.300944	-0.362374	-0.440546	-0.325313	-0.359543	-0.504141	-0.458842	-0.462226	-0.423642	-0.432824	-0.343347	-0.35659	-0.444848	-0.479962	-0.36186	-0.360193	-0.348173	-0.356516	-0.452814	-0.440546	-0.432651	-0.377735	-0.413985	-0.432651	-0.35837	-0.363064	-0.34972	-0.359543	-0.480771	-0.457096	-0.409016	-0.480938	-0.438513	-0.365104	-0.406471	-0.459255	-0.4718	-0.426119	-0.448788	-0.363424	-0.379254	-0.413956	-0.365693	-0.30444	-0.496196	-0.405369	-0.378906	-0.514766	-0.383669	-0.4367	-0.448788	-0.407641	-0.381371	-0.391028	-0.369299	-0.350321	-0.358563	-0.379254	-0.365693	-0.417269	-0.395702	-0.426119	-0.457096	-0.388394	-0.426808	-0.433124	-0.379254	-0.400169	-0.34972	-0.41993	-0.376956	-0.365693	-0.373824	-0.355026	-0.413985	-0.362176	-0.436757	-0.40156	-0.362176	-0.391919	-0.357045	-0.465801	-0.420919	-0.504141	-0.30444	-0.467171	-0.354253	-0.310446	-0.355026	-0.453778	-0.377735	-0.365693	-0.373259	-0.443994	-0.425579	-0.30444	-0.422382	-0.479962	-0.30444	-0.345015	-0.42612	-0.38755	-0.496196	-0.427731	-0.343347	-0.31165	-0.34685	-0.504141	-0.358757	-0.418383	-0.413985	-0.39971	-0.448406	-0.374042	-0.348173	-0.365693	-0.41993	-0.423642	-0.504141	-0.464799	-0.419963	-0.453778	-0.353304	-0.392727	-0.325313	-0.421994	-0.418958	-0.432416	-0.355026	-0.357847	-0.413366	-0.473827	-0.341918	-0.41906	-0.361498	-0.407933	-0.465024	-0.413958	-0.358757	-0.355035	-0.367867	-0.34218	-0.297895	-0.415964	-0.4893	-0.476613	-0.457096	-0.30444	-0.4367	-0.421676	-0.438513	-0.353304	-0.465024	-0.418383	-0.34972	-0.457096	-0.496196	-0.332596	-0.428671	-0.441265	-0.395702	-0.42612	-0.348153	-0.447753	-0.414628	-0.34972	-0.477785	-0.420919	-0.36774	-0.382154	-0.406471	-0.387313	-0.463174	-0.408754	-0.466611	-0.429289	-0.36774	-0.406471	-0.291404	-0.413668	-0.405816
44000	intercept	0.411835	0.489985	0.423925	0.432002	0.422388	0.468206	0.474072	0.415239	0.500726	0.445367	0.438066	0.517407	0.428691	0.514238	0.425627	0.490426	0.451943	0.401222	0.446053	0.407874	0.456309	0.459194	0.528127	0.451834	0.422939	0.455198	0.473859	0.472718	0.403746	0.482033	0.466619	0.446893	0.451626	0.507005	0.488245	0.435122	0.468546	0.437068	0.453703	0.501805	0.466842	0.459221	0.438657	0.459013	0.50665	0.499233	0.554759	0.432762	0.503229	0.4028	0.422149	0.394672	0.396287	0.438	0.485489	0.501253	0.482157	0.458457	0.455777	0.51698	0.469915	0.454278	0.541797	0.424736	0.482834	0.468212	0.457332	0.459318	0.465756	0.41425	0.460427	0.441016	0.484789	0.482002	0.436182	0.484125	0.437965	0.448088	0.510868	0.497968	0.457948	0.435956	0.470363	0.445473	0.492018	0.479821	0.426582	0.443841	0.398581	0.436132	0.484058	0.503087	0.464072	0.520012	0.418118	0.435741	0.494916	0.522393	0.413169	0.472795	0.426547	0.42791	0.436139	0.445159	0.398844	0.506717	0.48854	0.500176	0.425468	0.459247	0.461671	0.466393	0.46459	0.469374	0.47195	0.435066	0.466204	0.498374	0.425936	0.488258	0.413759	0.46462	0.499859	0.446719	0.43972	0.451681	0.490108	0.483138	0.461119	0.441497	0.447993	0.482642	0.457824	0.442645	0.487517	0.484233	0.502304	0.480068	0.423164	0.460798	0.48582	0.452093	0.446619	0.449683	0.416117	0.492742	0.446591	0.42078	0.496305	0.436242	0.4452	0.515275	0.442467	0.4869	0.428871	0.491546	0.455171	0.5124	0.485104	0.419477	0.44421	0.453247	0.460772	0.443177	0.479258	0.425455	0.435714	0.446732	0.477916	0.434739	0.410593	0.430454	0.462655	0.453946	0.493268	0.412329	0.518049	0.435425	0.449788	0.453537	0.427241	0.436017	0.494204	0.430662	0.452251	0.460672	0.492308	0.378447	0.470486	0.403345	0.483526	0.446183	0.400858	0.496709	0.470579	0.507532	0.419505	0.497273	0.499188	0.468618	0.429987	0.45884	0.4875	0.47918	0.399218	0.485565	0.361334	0.437679	0.485565	0.515035	0.407134	0.4875	0.496873	0.517415	0.420536	0.493148	0.443061	0.515035	0.525205	0.356156	0.408872	0.491862	0.450712	0.473845	0.519658	0.466877	0.521191	0.433343	0.484027	0.424534	0.43597	0.47918	0.529871	0.455253	0.404794	0.424534	0.402973	0.491862	0.483942	0.448443	0.45749	0.436321	0.448443	0.41174	0.420506	0.48431	0.475981	0.510143	0.508556	0.445214	0.513519	0.483236	0.437191	0.447179	0.541567	0.473422	0.48725	0.530477	0.431656	0.476259	0.516194	0.421279	0.402077	0.532762	0.481445	0.431961	0.526499	0.404227	0.486837	0.530477	0.444471	0.420016	0.45749	0.41174	0.400695	0.373981	0.47813	0.414258	0.441153	0.4225	0.48725	0.516439	0.462468	0.482972	0.452153	0.476259	0.426208	0.465182	0.485565	0.419235	0.414258	0.41174	0.392955	0.425511	0.482796	0.45884	0.465251	0.482128	0.476686	0.448562	0.527181	0.442468	0.519658	0.402077	0.535924	0.408872	0.405722	0.392955	0.508058	0.460788	0.454895	0.405687	0.501498	0.52468	0.402077	0.483263	0.531882	0.402077	0.414992	0.471167	0.539961	0.553915	0.452153	0.424534	0.394515	0.432971	0.519658	0.428081	0.4875	0.426507	0.473428	0.504646	0.439514	0.424534	0.408968	0.485565	0.433343	0.519658	0.527619	0.516235	0.507978	0.443139	0.43362	0.450712	0.448871	0.458544	0.493148	0.392955	0.408872	0.445214	0.525934	0.414992	0.501262	0.384465	0.471167	0.541567	0.420536	0.404794	0.431336	0.41633	0.386173	0.401714	0.469794	0.484572	0.559826	0.516439	0.402077	0.486837	0.471004	0.47702	0.445141	0.541567	0.4875	0.48431	0.516439	0.532762	0.42894	0.439296	0.453151	0.4225	0.471167	0.415837	0.528348	0.441761	0.478513	0.529827	0.442468	0.412641	0.441874	0.447179	0.375508	0.537425	0.476604	0.531882	0.433712	0.412641	0.447179	0.399218	0.425729	0.445214
45000	slope	-0.350318	-0.474067	-0.393174	-0.391184	-0.453482	-0.431036	-0.419466	-0.405297	-0.456243	-0.409542	-0.391096	-0.410206	-0.396983	-0.396652	-0.417119	-0.434307	-0.457118	-0.428402	-0.38433	-0.385541	-0.400053	-0.364626	-0.36011	-0.404086	-0.392479	-0.340599	-0.371203	-0.382427	-0.392645	-0.403567	-0.396085	-0.295747	-0.388523	-0.428044	-0.381931	-0.370232	-0.369962	-0.427085	-0.415123	-0.42147	-0.376008	-0.401738	-0.387688	-0.433347	-0.365923	-0.377566	-0.404392	-0.383722	-0.406336	-0.389371	-0.342918	-0.430328	-0.407177	-0.365986	-0.415477	-0.378597	-0.354164	-0.461818	-0.335654	-0.311617	-0.39541	-0.433039	-0.380804	-0.398072	-0.377713	-0.338018	-0.415819	-0.320554	-0.403678	-0.418844	-0.404731	-0.426529	-0.403905	-0.404623	-0.377713	-0.437807	-0.393869	-0.434156	-0.369819	-0.372563	-0.350848	-0.391172	-0.434435	-0.396814	-0.393433	-0.440485	-0.367562	-0.416529	-0.354445	-0.424114	-0.36118	-0.357209	-0.425208	-0.348539	-0.324237	-0.453844	-0.41247	-0.410853	-0.327489	-0.398573	-0.344463	-0.398752	-0.356664	-0.393986	-0.445908	-0.317259	-0.370137	-0.370406	-0.389518	-0.424189	-0.303883	-0.377798	-0.417732	-0.385741	-0.41142	-0.435611	-0.412945	-0.385397	-0.407051	-0.36575	-0.440358	-0.412387	-0.423028	-0.382399	-0.448544	-0.388921	-0.350491	-0.360617	-0.395868	-0.410244	-0.401861	-0.382304	-0.399579	-0.327999	-0.410084	-0.389468	-0.395725	-0.405593	-0.37232	-0.363058	-0.363862	-0.357742	-0.361601	-0.37535	-0.33993	-0.432753	-0.445194	-0.424894	-0.451432	-0.405698	-0.380405	-0.44334	-0.410593	-0.384863	-0.408473	-0.376224	-0.387701	-0.438769	-0.371109	-0.387008	-0.333968	-0.343978	-0.411763	-0.362141	-0.38115	-0.416104	-0.435295	-0.375828	-0.380806	-0.430614	-0.419981	-0.436564	-0.427152	-0.385374	-0.41851	-0.41121	-0.364131	-0.353719	-0.363128	-0.430856	-0.395027	-0.355399	-0.423523	-0.378271	-0.375511	-0.324916	-0.467728	-0.401455	-0.45244	-0.475028	-0.420771	-0.333048	-0.390737	-0.384981	-0.427341	-0.414276	-0.393997	-0.384809	-0.400452	-0.429058	-0.414531	-0.413142	-0.517779	-0.432277	-0.423171	-0.412972	-0.428509	-0.336774	-0.432277	-0.35784	-0.4226	-0.422792	-0.439515	-0.39762	-0.430354	-0.388741	-0.497079	-0.392943	-0.376987	-0.390805	-0.422792	-0.428509	-0.346233	-0.415809	-0.455206	-0.423334	-0.389855	-0.412113	-0.313684	-0.417275	-0.392491	-0.316235	-0.322077	-0.438892	-0.415809	-0.311236	-0.411432	-0.481615	-0.423171	-0.494235	-0.410976	-0.409609	-0.428509	-0.391921	-0.345423	-0.409893	-0.359198	-0.291349	-0.423037	-0.408279	-0.35721	-0.409731	-0.291349	-0.450616	-0.417275	-0.432277	-0.409609	-0.395787	-0.317132	-0.422116	-0.442662	-0.37987	-0.517779	-0.388741	-0.294559	-0.481615	-0.3647	-0.382957	-0.373946	-0.443222	-0.446724	-0.346233	-0.397043	-0.380832	-0.381277	-0.412186	-0.318204	-0.403773	-0.29824	-0.422027	-0.372313	-0.374319	-0.314525	-0.375025	-0.447211	-0.411127	-0.317029	-0.389855	-0.386275	-0.39762	-0.321182	-0.431219	-0.299293	-0.432277	-0.4035	-0.412039	-0.430565	-0.343544	-0.427456	-0.455206	-0.351363	-0.336774	-0.388741	-0.440503	-0.354253	-0.376987	-0.39643	-0.468437	-0.409609	-0.391921	-0.439195	-0.374369	-0.314525	-0.422027	-0.37987	-0.430314	-0.409609	-0.33332	-0.416071	-0.388021	-0.381277	-0.417574	-0.33332	-0.460034	-0.338983	-0.428509	-0.382725	-0.430354	-0.336136	-0.403368	-0.335861	-0.422792	-0.37717	-0.460034	-0.348965	-0.313684	-0.372846	-0.376246	-0.358255	-0.424774	-0.348965	-0.377825	-0.299293	-0.421338	-0.414309	-0.418338	-0.499059	-0.33332	-0.391353	-0.33332	-0.380684	-0.409609	-0.412113	-0.428499	-0.422792	-0.349764	-0.375549	-0.314011	-0.496262	-0.42454	-0.429256	-0.361214	-0.481615	-0.336165	-0.494235	-0.461033	-0.382957	-0.388741	-0.490197	-0.418867	-0.348965	-0.484177	-0.395771	-0.408279	-0.455206	-0.430354	-0.480331	-0.484177	-0.39762	-0.430354	-0.299293	-0.382725	-0.446724	-0.349764	-0.409609	-0.466392	-0.375409	-0.430354	-0.39766	-0.388741	-0.460034	-0.36581	-0.317132	-0.386275	-0.425007	-0.428509	-0.391921	-0.415809	-0.422792	-0.497225
45000	intercept	0.41884	0.50716	0.405134	0.453831	0.500628	0.461799	0.479233	0.440251	0.486036	0.505182	0.445327	0.449201	0.446833	0.463527	0.465138	0.477934	0.512574	0.465724	0.463868	0.417383	0.47349	0.459093	0.446014	0.455016	0.426114	0.413912	0.474696	0.448059	0.454275	0.439457	0.452987	0.431612	0.431724	0.480571	0.450041	0.42193	0.437291	0.444223	0.480619	0.473624	0.41384	0.430609	0.446601	0.474178	0.449295	0.420533	0.444063	0.471937	0.447137	0.460472	0.415102	0.466945	0.430245	0.458383	0.508599	0.479195	0.41206	0.47798	0.454395	0.415908	0.461443	0.50373	0.450143	0.425709	0.446117	0.40943	0.442679	0.408381	0.455494	0.465217	0.433232	0.4968	0.443676	0.438151	0.443777	0.509271	0.461869	0.477909	0.451862	0.440964	0.43774	0.45077	0.436854	0.441729	0.456261	0.466413	0.444133	0.474141	0.422694	0.468505	0.428681	0.421648	0.498124	0.415154	0.409435	0.49618	0.449616	0.443478	0.436213	0.466829	0.424575	0.45172	0.403781	0.437992	0.467033	0.419041	0.427757	0.42848	0.418742	0.452554	0.427107	0.446271	0.485632	0.451017	0.460855	0.486764	0.450824	0.455012	0.450136	0.410531	0.466413	0.447699	0.461866	0.444793	0.507079	0.434231	0.45638	0.410543	0.414279	0.482602	0.470119	0.444173	0.458969	0.443444	0.489375	0.417593	0.475786	0.443478	0.477535	0.46322	0.428029	0.449125	0.405984	0.433161	0.433824	0.500014	0.479136	0.493083	0.465045	0.457254	0.453221	0.500688	0.458738	0.442593	0.505421	0.448382	0.442382	0.473811	0.436616	0.451813	0.405337	0.422022	0.496501	0.482002	0.432378	0.497667	0.461288	0.432599	0.450004	0.514105	0.48087	0.49168	0.502471	0.411017	0.454176	0.455949	0.420793	0.441112	0.405405	0.491277	0.457942	0.440831	0.471088	0.432704	0.444793	0.440685	0.506441	0.488851	0.497882	0.509386	0.469159	0.450927	0.481373	0.436326	0.476364	0.456773	0.474195	0.414607	0.436647	0.5026	0.466429	0.404289	0.529045	0.500699	0.482046	0.446352	0.409083	0.42657	0.489727	0.390319	0.492827	0.448393	0.481566	0.462241	0.468813	0.426611	0.524752	0.418142	0.418892	0.385842	0.448393	0.419949	0.414101	0.426761	0.519775	0.468813	0.479187	0.498183	0.402064	0.48096	0.424336	0.394738	0.405376	0.491246	0.428874	0.422216	0.48096	0.540073	0.482046	0.526948	0.472491	0.500395	0.419949	0.478597	0.401101	0.413464	0.431141	0.424222	0.428874	0.462538	0.406878	0.426867	0.428025	0.464012	0.48096	0.489727	0.525339	0.482951	0.426189	0.406616	0.489727	0.448956	0.529045	0.415015	0.423532	0.540073	0.414962	0.434571	0.412824	0.466765	0.521563	0.406791	0.426611	0.418142	0.416985	0.471965	0.438013	0.510588	0.43122	0.504243	0.425616	0.429056	0.424732	0.429056	0.492664	0.445496	0.402356	0.479187	0.409151	0.450008	0.437726	0.492827	0.42478	0.489727	0.4211	0.463016	0.465828	0.412791	0.485309	0.519775	0.412791	0.42657	0.415015	0.504651	0.413056	0.418892	0.479282	0.522665	0.492952	0.475816	0.482245	0.42829	0.424732	0.504243	0.448956	0.497681	0.502507	0.395742	0.413329	0.426559	0.416985	0.450008	0.402356	0.48946	0.42657	0.419949	0.448956	0.468813	0.415719	0.458386	0.407894	0.448393	0.409151	0.48946	0.475664	0.422216	0.431612	0.439582	0.425616	0.468813	0.475664	0.475476	0.43122	0.455958	0.498461	0.458412	0.455958	0.414669	0.418142	0.402356	0.412824	0.500395	0.498183	0.512473	0.448393	0.416706	0.482953	0.43122	0.516039	0.499032	0.480249	0.455735	0.540073	0.397526	0.526948	0.507113	0.402086	0.429488	0.526081	0.502507	0.475664	0.498027	0.424336	0.466358	0.522807	0.468813	0.533319	0.500981	0.462241	0.464822	0.43122	0.448956	0.521563	0.416706	0.522084	0.514632	0.425616	0.468813	0.402242	0.415015	0.48946	0.455735	0.426189	0.409151	0.47359	0.419949	0.478818	0.428874	0.448393	0.540907
46000	slope	-0.351558	-0.406362	-0.348076	-0.381132	-0.367418	-0.434473	-0.458336	-0.36301	-0.404105	-0.347535	-0.446218	-0.373466	-0.368037	-0.352047	-0.38786	-0.378781	-0.350026	-0.358862	-0.405728	-0.452828	-0.356808	-0.39525	-0.428616	-0.409566	-0.393547	-0.386218	-0.433507	-0.355554	-0.404316	-0.409761	-0.366555	-0.375976	-0.336979	-0.366329	-0.388564	-0.386336	-0.373208	-0.43564	-0.399206	-0.367117	-0.381524	-0.362181	-0.418048	-0.374958	-0.363398	-0.362994	-0.426529	-0.439094	-0.377144	-0.400359	-0.386405	-0.37486	-0.381807	-0.371589	-0.415812	-0.352906	-0.442444	-0.366619	-0.372449	-0.382298	-0.392111	-0.441599	-0.347438	-0.395005	-0.398828	-0.367379	-0.360812	-0.449252	-0.360405	-0.403513	-0.377426	-0.394798	-0.363295	-0.425379	-0.376967	-0.376436	-0.407781	-0.40807	-0.443423	-0.343513	-0.420718	-0.359315	-0.395865	-0.363037	-0.404566	-0.3893	-0.442202	-0.397521	-0.359108	-0.408079	-0.386341	-0.434287	-0.397477	-0.401165	-0.350661	-0.467707	-0.39045	-0.380027	-0.37968	-0.398827	-0.361868	-0.348736	-0.41237	-0.407753	-0.435577	-0.366932	-0.385908	-0.418962	-0.395139	-0.399752	-0.351658	-0.393675	-0.399091	-0.368527	-0.436139	-0.42363	-0.462534	-0.419526	-0.345561	-0.392179	-0.447472	-0.387031	-0.377351	-0.391425	-0.423541	-0.486626	-0.470172	-0.377829	-0.339292	-0.395261	-0.373734	-0.342455	-0.439163	-0.425217	-0.403514	-0.352111	-0.388691	-0.329185	-0.401557	-0.374613	-0.413412	-0.40054	-0.35606	-0.400584	-0.379932	-0.377903	-0.426327	-0.384144	-0.369507	-0.351991	-0.397307	-0.386877	-0.379031	-0.382341	-0.377101	-0.376338	-0.402565	-0.410145	-0.33719	-0.414311	-0.39646	-0.377544	-0.35212	-0.362738	-0.364031	-0.370338	-0.405799	-0.345897	-0.362854	-0.424767	-0.385705	-0.41844	-0.344214	-0.399615	-0.352008	-0.369063	-0.356015	-0.399973	-0.401841	-0.361631	-0.383346	-0.410146	-0.33759	-0.366702	-0.398212	-0.405014	-0.432527	-0.361932	-0.348471	-0.386825	-0.445918	-0.40826	-0.412744	-0.407007	-0.398746	-0.352872	-0.413957	-0.372078	-0.40219	-0.418183	-0.456912	-0.362291	-0.511128	-0.388588	-0.384702	-0.383451	-0.496311	-0.333215	-0.496311	-0.456912	-0.454153	-0.397159	-0.345128	-0.371659	-0.308643	-0.332563	-0.405242	-0.359072	-0.400886	-0.353703	-0.435672	-0.350394	-0.36801	-0.345128	-0.336733	-0.375794	-0.431161	-0.386557	-0.395771	-0.361655	-0.407482	-0.366292	-0.31979	-0.43057	-0.363136	-0.410427	-0.376642	-0.441288	-0.494414	-0.438607	-0.36801	-0.339785	-0.36115	-0.323731	-0.439438	-0.435121	-0.376478	-0.333215	-0.354447	-0.379972	-0.39226	-0.355657	-0.435672	-0.388519	-0.335559	-0.334431	-0.332563	-0.353603	-0.361229	-0.435672	-0.381708	-0.37975	-0.381714	-0.365496	-0.327381	-0.390451	-0.34464	-0.416928	-0.487675	-0.363381	-0.465484	-0.440106	-0.456912	-0.365109	-0.365601	-0.414681	-0.394847	-0.366224	-0.410427	-0.494414	-0.342848	-0.417076	-0.389429	-0.46224	-0.389429	-0.353666	-0.43025	-0.379477	-0.417674	-0.368575	-0.444196	-0.496311	-0.369133	-0.444709	-0.382292	-0.380485	-0.413757	-0.373752	-0.424381	-0.386557	-0.440539	-0.409002	-0.308469	-0.441288	-0.431033	-0.374495	-0.432532	-0.46224	-0.411002	-0.441288	-0.333215	-0.426069	-0.374495	-0.451298	-0.407482	-0.473753	-0.350081	-0.417648	-0.361175	-0.377067	-0.395573	-0.385059	-0.36933	-0.383451	-0.447802	-0.476625	-0.328478	-0.427109	-0.416404	-0.390451	-0.379972	-0.440532	-0.441288	-0.43025	-0.350081	-0.379496	-0.387764	-0.36115	-0.392197	-0.334431	-0.401089	-0.364617	-0.40856	-0.31979	-0.381147	-0.333215	-0.370976	-0.333215	-0.361655	-0.440556	-0.363381	-0.370589	-0.522023	-0.419134	-0.450654	-0.308643	-0.359859	-0.435283	-0.426661	-0.494132	-0.425584	-0.333911	-0.387074	-0.343433	-0.334431	-0.496311	-0.382251	-0.370589	-0.401089	-0.355254	-0.441288	-0.441904	-0.389065	-0.430741	-0.395771	-0.386287	-0.398204	-0.378292	-0.363745	-0.432102	-0.382338	-0.383451	-0.397823	-0.360318	-0.424381	-0.382251	-0.379645	-0.371098	-0.387074	-0.362291	-0.350081	-0.448744	-0.387764	-0.382707	-0.418166	-0.335559	-0.435228	-0.418765	-0.366292	-0.34464
46000	intercept	0.434777	0.440012	0.43129	0.456553	0.436648	0.472036	0.494607	0.428764	0.47797	0.424292	0.485827	0.438256	0.46049	0.434014	0.460656	0.424	0.420305	0.401869	0.448065	0.49116	0.433304	0.473198	0.477589	0.461201	0.393501	0.427103	0.471492	0.437065	0.435829	0.448891	0.449453	0.41321	0.430498	0.435523	0.434006	0.437297	0.411343	0.479626	0.448839	0.436264	0.411598	0.413137	0.473225	0.417631	0.465016	0.442306	0.487991	0.447765	0.407231	0.41954	0.417389	0.468752	0.42572	0.440754	0.459407	0.413454	0.499555	0.430554	0.458655	0.446985	0.412821	0.480268	0.391407	0.460393	0.450054	0.449809	0.432099	0.473054	0.431181	0.442308	0.429853	0.410532	0.438919	0.454035	0.428955	0.414699	0.451518	0.430978	0.489935	0.439852	0.462009	0.442601	0.443957	0.421932	0.450957	0.428226	0.485344	0.444457	0.384649	0.434735	0.404206	0.489685	0.442262	0.461487	0.404361	0.511063	0.468012	0.459838	0.431078	0.452697	0.433341	0.435687	0.479731	0.483378	0.500523	0.431031	0.386825	0.434591	0.396337	0.458609	0.424695	0.434697	0.440834	0.445712	0.501628	0.471007	0.518183	0.456684	0.434493	0.482482	0.501551	0.424842	0.436705	0.423824	0.449939	0.509011	0.495218	0.450388	0.433296	0.410152	0.433071	0.453819	0.45311	0.472653	0.463452	0.424612	0.429302	0.448673	0.460694	0.427612	0.438107	0.455843	0.431828	0.446698	0.407421	0.457327	0.511908	0.448571	0.427954	0.409929	0.471806	0.450118	0.440154	0.444125	0.448748	0.416579	0.432617	0.449978	0.4271	0.463358	0.473517	0.444236	0.425855	0.438353	0.415116	0.449979	0.49823	0.43605	0.419659	0.487793	0.428178	0.45935	0.41273	0.466165	0.415768	0.41867	0.434898	0.486026	0.439921	0.425262	0.425515	0.45772	0.408472	0.405079	0.427585	0.450191	0.496477	0.421863	0.40837	0.433698	0.48909	0.432151	0.453763	0.476533	0.42297	0.409569	0.447576	0.430998	0.464296	0.453633	0.49116	0.418433	0.523691	0.429881	0.455015	0.453309	0.5317	0.404275	0.511295	0.49116	0.49116	0.452508	0.407024	0.44567	0.442231	0.401514	0.463524	0.420162	0.452508	0.435703	0.453012	0.462384	0.426831	0.407024	0.432796	0.448603	0.509976	0.424598	0.433095	0.467706	0.420788	0.405358	0.431102	0.453012	0.427848	0.469621	0.416365	0.49116	0.526258	0.479985	0.426831	0.414547	0.441561	0.396812	0.49116	0.487544	0.501819	0.423635	0.376371	0.433296	0.459795	0.386173	0.453012	0.424336	0.427233	0.430152	0.40673	0.471861	0.402267	0.453012	0.423935	0.425406	0.378955	0.448603	0.434236	0.408376	0.407254	0.458455	0.515102	0.409893	0.486458	0.480664	0.49116	0.413291	0.428085	0.466306	0.433939	0.456548	0.469621	0.526258	0.376371	0.465653	0.410077	0.49116	0.438337	0.393363	0.497852	0.410305	0.481244	0.416365	0.498982	0.511295	0.396715	0.4711	0.420692	0.416459	0.431513	0.418769	0.468034	0.424598	0.48702	0.452508	0.418614	0.49116	0.496375	0.464742	0.458433	0.49116	0.487158	0.49116	0.413923	0.491198	0.468088	0.49116	0.420788	0.471508	0.427212	0.452913	0.429848	0.445697	0.487158	0.44703	0.409893	0.453309	0.533715	0.486458	0.37255	0.469859	0.542524	0.428393	0.459416	0.533715	0.49116	0.497852	0.427212	0.396715	0.439534	0.441561	0.386288	0.430152	0.453971	0.41742	0.494669	0.439168	0.425443	0.41691	0.426293	0.409076	0.428211	0.494404	0.403463	0.454745	0.530689	0.491198	0.49116	0.442231	0.396715	0.487281	0.453012	0.52269	0.484952	0.411323	0.428096	0.441306	0.430152	0.511295	0.410077	0.461084	0.462723	0.388376	0.506154	0.468994	0.397288	0.478017	0.424336	0.44567	0.462723	0.416589	0.437593	0.46445	0.424598	0.4418	0.422207	0.397507	0.468034	0.410077	0.439576	0.416365	0.428096	0.418433	0.427212	0.49116	0.439534	0.424598	0.48009	0.427233	0.505023	0.428137	0.405358	0.407254
47000	slope	-0.365398	-0.377891	-0.392589	-0.394323	-0.423801	-0.386799	-0.395207	-0.403486	-0.411487	-0.387943	-0.31862	-0.377979	-0.396398	-0.369007	-0.479198	-0.404764	-0.452419	-0.475417	-0.345682	-0.367877	-0.364713	-0.392584	-0.373603	-0.416679	-0.383405	-0.394867	-0.442168	-0.38126	-0.424644	-0.368146	-0.41168	-0.376955	-0.390426	-0.425516	-0.354579	-0.386852	-0.431035	-0.393702	-0.351373	-0.417297	-0.386347	-0.385886	-0.398707	-0.373512	-0.388679	-0.358315	-0.453726	-0.442681	-0.422956	-0.423516	-0.401613	-0.348997	-0.396835	-0.392701	-0.358316	-0.393012	-0.396186	-0.365311	-0.358383	-0.403197	-0.370348	-0.358648	-0.381562	-0.381763	-0.409135	-0.346276	-0.358116	-0.396246	-0.390112	-0.357837	-0.409911	-0.409739	-0.364252	-0.419478	-0.404064	-0.384574	-0.398669	-0.42871	-0.368662	-0.403449	-0.400471	-0.404907	-0.375311	-0.38526	-0.444303	-0.396356	-0.399029	-0.399424	-0.398536	-0.399021	-0.453437	-0.463441	-0.411362	-0.504623	-0.494072	-0.440559	-0.393197	-0.40677	-0.384352	-0.393846	-0.412516	-0.423165	-0.356439	-0.386173	-0.420174	-0.429169	-0.420736	-0.377296	-0.418275	-0.387211	-0.360082	-0.442598	-0.369403	-0.383819	-0.394769	-0.318617	-0.354442	-0.403817	-0.397674	-0.366981	-0.421455	-0.395866	-0.376335	-0.409321	-0.397902	-0.378306	-0.356074	-0.369733	-0.381328	-0.408001	-0.393032	-0.413048	-0.373392	-0.417552	-0.418473	-0.386643	-0.308168	-0.402156	-0.342178	-0.440709	-0.394562	-0.400944	-0.425379	-0.394722	-0.409841	-0.413606	-0.388345	-0.386895	-0.412866	-0.358046	-0.379024	-0.407948	-0.431339	-0.415848	-0.403878	-0.411196	-0.369766	-0.382622	-0.372774	-0.483482	-0.405709	-0.417358	-0.453194	-0.431042	-0.399388	-0.364875	-0.335332	-0.348512	-0.353639	-0.349663	-0.451744	-0.373287	-0.409937	-0.380444	-0.478912	-0.39388	-0.411662	-0.416901	-0.347254	-0.403874	-0.463267	-0.412856	-0.363726	-0.440348	-0.392511	-0.438165	-0.461852	-0.441545	-0.421699	-0.358232	-0.385023	-0.397572	-0.358086	-0.411014	-0.395156	-0.443323	-0.357317	-0.393713	-0.36218	-0.403412	-0.435679	-0.386603	-0.366327	-0.386603	-0.374259	-0.384709	-0.420599	-0.388009	-0.38422	-0.392176	-0.453953	-0.458717	-0.361408	-0.421294	-0.449932	-0.346031	-0.532737	-0.270371	-0.399472	-0.464416	-0.360522	-0.370602	-0.377067	-0.370224	-0.543842	-0.433214	-0.38422	-0.387627	-0.44007	-0.35137	-0.417541	-0.371545	-0.464416	-0.342556	-0.435603	-0.42198	-0.339316	-0.382626	-0.453624	-0.364521	-0.400293	-0.389477	-0.410375	-0.355942	-0.377151	-0.540043	-0.270371	-0.362494	-0.42062	-0.438516	-0.360522	-0.456518	-0.479856	-0.442948	-0.367176	-0.356402	-0.361627	-0.435603	-0.42198	-0.364098	-0.426055	-0.397624	-0.409626	-0.366868	-0.356402	-0.389536	-0.375497	-0.505561	-0.350986	-0.48346	-0.370352	-0.384496	-0.445242	-0.399806	-0.353451	-0.447477	-0.382876	-0.416777	-0.400124	-0.342556	-0.389425	-0.435724	-0.447477	-0.366687	-0.366151	-0.376117	-0.389875	-0.367176	-0.397809	-0.537384	-0.44007	-0.462205	-0.362591	-0.447477	-0.442681	-0.341799	-0.392445	-0.372715	-0.462205	-0.377607	-0.391058	-0.381892	-0.529723	-0.400293	-0.355929	-0.464416	-0.447477	-0.420685	-0.376084	-0.354174	-0.386905	-0.467396	-0.392176	-0.480028	-0.385474	-0.448809	-0.464416	-0.359669	-0.387627	-0.464416	-0.392176	-0.341799	-0.443074	-0.364098	-0.537384	-0.365189	-0.435178	-0.439012	-0.505561	-0.424813	-0.373205	-0.439012	-0.423535	-0.447477	-0.353839	-0.456518	-0.409852	-0.366327	-0.399547	-0.394074	-0.412809	-0.443117	-0.48346	-0.48346	-0.464416	-0.376063	-0.447477	-0.433435	-0.401581	-0.442388	-0.396149	-0.439271	-0.451691	-0.362591	-0.349766	-0.433346	-0.437245	-0.397667	-0.389536	-0.464416	-0.412015	-0.361627	-0.433346	-0.360702	-0.311089	-0.385642	-0.46639	-0.346777	-0.375358	-0.435603	-0.371545	-0.378119	-0.362591	-0.366597	-0.464416	-0.4206	-0.442388	-0.27229	-0.447477	-0.390408	-0.442681	-0.375358	-0.40616	-0.437245	-0.365189	-0.533834	-0.537384	-0.303773	-0.379861	-0.352988	-0.433346	-0.415951	-0.392176	-0.379861	-0.374183	-0.418171	-0.438034	-0.352583	-0.399547	-0.400124
47000	intercept	0.44561	0.448843	0.463434	0.425148	0.49916	0.423244	0.454426	0.50917	0.461394	0.450479	0.405234	0.387767	0.444408	0.449195	0.542427	0.431263	0.477444	0.539766	0.428736	0.439326	0.40819	0.459245	0.433858	0.503418	0.412588	0.458982	0.468196	0.424746	0.47763	0.419413	0.477367	0.419797	0.456992	0.497093	0.446597	0.451287	0.51822	0.480791	0.397492	0.47149	0.406434	0.43672	0.490127	0.409727	0.447616	0.461979	0.484109	0.500253	0.474235	0.465787	0.448159	0.416559	0.439889	0.467669	0.386462	0.415929	0.451314	0.441161	0.408925	0.434662	0.452255	0.404887	0.400895	0.474355	0.455138	0.417261	0.433288	0.478582	0.448097	0.411927	0.461428	0.445545	0.418924	0.485113	0.447784	0.428725	0.445773	0.502432	0.428261	0.415353	0.445337	0.485022	0.400368	0.429918	0.504868	0.453339	0.445152	0.487888	0.458731	0.493229	0.478586	0.511698	0.457929	0.53821	0.540962	0.516289	0.48389	0.479045	0.414438	0.449735	0.472301	0.491759	0.412036	0.416145	0.464943	0.48258	0.494194	0.433315	0.47963	0.481282	0.459167	0.468794	0.449086	0.434411	0.455957	0.398525	0.45224	0.491284	0.438621	0.442934	0.528053	0.463018	0.425692	0.460219	0.472492	0.425715	0.408838	0.429069	0.410985	0.488683	0.462538	0.489607	0.430379	0.477943	0.477346	0.419757	0.386028	0.4518	0.430374	0.468936	0.432236	0.481557	0.48639	0.469763	0.471669	0.451787	0.452358	0.453852	0.452378	0.439161	0.434087	0.480613	0.48766	0.49806	0.466035	0.455625	0.431801	0.464172	0.43036	0.539553	0.452776	0.486001	0.480193	0.502197	0.473376	0.397547	0.428164	0.397478	0.417398	0.395048	0.537269	0.394962	0.44526	0.433863	0.522559	0.443758	0.48643	0.481264	0.4092	0.463019	0.505063	0.43274	0.421454	0.48237	0.455614	0.502959	0.50402	0.49699	0.476235	0.407533	0.450391	0.453678	0.432237	0.490406	0.42778	0.487702	0.440331	0.483535	0.462914	0.437612	0.492946	0.464302	0.43695	0.464302	0.452347	0.411673	0.456218	0.40108	0.47609	0.419781	0.54355	0.499571	0.410704	0.490737	0.492564	0.41675	0.561268	0.405692	0.439576	0.558438	0.398486	0.397086	0.41748	0.452347	0.561268	0.501666	0.467624	0.404198	0.449729	0.46009	0.423953	0.415125	0.542244	0.452347	0.52612	0.494012	0.402097	0.412847	0.485153	0.371335	0.437535	0.471804	0.397593	0.438189	0.409584	0.578106	0.405692	0.43701	0.432726	0.464302	0.398486	0.499571	0.497431	0.467221	0.416287	0.429192	0.383768	0.52612	0.494012	0.431677	0.444264	0.417287	0.42894	0.432931	0.429192	0.464302	0.397593	0.552443	0.410197	0.515153	0.416287	0.464302	0.501666	0.444688	0.401588	0.534018	0.449664	0.385164	0.463538	0.449918	0.40237	0.520379	0.515685	0.360106	0.404326	0.453234	0.424641	0.416287	0.402983	0.573665	0.449729	0.504252	0.443318	0.526731	0.483932	0.412182	0.467624	0.472525	0.504252	0.46009	0.413189	0.40472	0.547588	0.450636	0.437581	0.544181	0.534018	0.450299	0.463528	0.381991	0.437289	0.53528	0.416628	0.565993	0.445955	0.499919	0.542244	0.415125	0.404198	0.546926	0.419781	0.412182	0.494972	0.436259	0.573665	0.409398	0.502474	0.522866	0.552443	0.518265	0.443093	0.522866	0.444264	0.528497	0.448968	0.499571	0.46215	0.446236	0.44485	0.436286	0.440984	0.501892	0.515153	0.515153	0.558438	0.489384	0.528497	0.450636	0.426541	0.480631	0.439576	0.530708	0.490263	0.421942	0.432085	0.502474	0.530053	0.445955	0.464302	0.542244	0.498663	0.383768	0.502474	0.447197	0.40101	0.435856	0.504252	0.408378	0.404617	0.52612	0.415125	0.423043	0.425531	0.357767	0.550545	0.483472	0.480631	0.404852	0.534018	0.453838	0.496023	0.403491	0.524152	0.537632	0.409398	0.536231	0.573665	0.364934	0.441186	0.392939	0.502474	0.484528	0.419781	0.441186	0.424427	0.450299	0.496023	0.377684	0.451779	0.464302
48000	slope	-0.417324	-0.411225	-0.369858	-0.362758	-0.429671	-0.3605	-0.422506	-0.418773	-0.384637	-0.410121	-0.397184	-0.336658	-0.406022	-0.37917	-0.403673	-0.419518	-0.382627	-0.361158	-0.394446	-0.367582	-0.405736	-0.408029	-0.360758	-0.402039	-0.423618	-0.395916	-0.436538	-0.367964	-0.386486	-0.401015	-0.361702	-0.392758	-0.391223	-0.412953	-0.39117	-0.372023	-0.413289	-0.400295	-0.383152	-0.42286	-0.371625	-0.402219	-0.372656	-0.368231	-0.423197	-0.401299	-0.392679	-0.36098	-0.399034	-0.379337	-0.388929	-0.351094	-0.371298	-0.44616	-0.390919	-0.389442	-0.389907	-0.378752	-0.438073	-0.388178	-0.43169	-0.367061	-0.422281	-0.402744	-0.381387	-0.372424	-0.351438	-0.38608	-0.359843	-0.416271	-0.443514	-0.346756	-0.408626	-0.372879	-0.384703	-0.41727	-0.431083	-0.386937	-0.406605	-0.375885	-0.408979	-0.347187	-0.337788	-0.349365	-0.391823	-0.394415	-0.400881	-0.369086	-0.356028	-0.369409	-0.408944	-0.392383	-0.407884	-0.389452	-0.336176	-0.33426	-0.364762	-0.353794	-0.348512	-0.400309	-0.369236	-0.406073	-0.387523	-0.375666	-0.365415	-0.413889	-0.363323	-0.421797	-0.339527	-0.421483	-0.366841	-0.358285	-0.388468	-0.372242	-0.375504	-0.404323	-0.361926	-0.402733	-0.388168	-0.401283	-0.380888	-0.438957	-0.4397	-0.39719	-0.387778	-0.393944	-0.357329	-0.385566	-0.379276	-0.439633	-0.393552	-0.362298	-0.363839	-0.389849	-0.35912	-0.37095	-0.400547	-0.355203	-0.383247	-0.35917	-0.374227	-0.352437	-0.395241	-0.408914	-0.345417	-0.453841	-0.382823	-0.411346	-0.365883	-0.366071	-0.368485	-0.371686	-0.403061	-0.378861	-0.398247	-0.385181	-0.362969	-0.389493	-0.347951	-0.345604	-0.427027	-0.375332	-0.406914	-0.38541	-0.400811	-0.382036	-0.386013	-0.380999	-0.400521	-0.34641	-0.390515	-0.377744	-0.381483	-0.366667	-0.402291	-0.352984	-0.34048	-0.402126	-0.395143	-0.423019	-0.395451	-0.375006	-0.3893	-0.35486	-0.394585	-0.35629	-0.417087	-0.375151	-0.368817	-0.352969	-0.402742	-0.365429	-0.370152	-0.349062	-0.386495	-0.350135	-0.376931	-0.390758	-0.425659	-0.387197	-0.408628	-0.3875	-0.400225	-0.342468	-0.432694	-0.427948	-0.421614	-0.42396	-0.342353	-0.345125	-0.388323	-0.364069	-0.392415	-0.405885	-0.433522	-0.411499	-0.371619	-0.484454	-0.480711	-0.412744	-0.338523	-0.376143	-0.434199	-0.420709	-0.389311	-0.321085	-0.449343	-0.424904	-0.344866	-0.389311	-0.397784	-0.401978	-0.352509	-0.358436	-0.409184	-0.352765	-0.394502	-0.391334	-0.344866	-0.381052	-0.365354	-0.430208	-0.36703	-0.454496	-0.373711	-0.322643	-0.352268	-0.347543	-0.356162	-0.355616	-0.361622	-0.388323	-0.375188	-0.454496	-0.396282	-0.389311	-0.454496	-0.367713	-0.344866	-0.351462	-0.430385	-0.39553	-0.384468	-0.405885	-0.438643	-0.361622	-0.345812	-0.367713	-0.383088	-0.396282	-0.375188	-0.454496	-0.365081	-0.391937	-0.416723	-0.382299	-0.434199	-0.358635	-0.362198	-0.356318	-0.423835	-0.365081	-0.356162	-0.439737	-0.39553	-0.439737	-0.37767	-0.341102	-0.415582	-0.381408	-0.307943	-0.366003	-0.373889	-0.367127	-0.362198	-0.462543	-0.43748	-0.404057	-0.347543	-0.361622	-0.387228	-0.400567	-0.341868	-0.368815	-0.396931	-0.434268	-0.387358	-0.378052	-0.356126	-0.422835	-0.382668	-0.328221	-0.365081	-0.420709	-0.356318	-0.367782	-0.355177	-0.372975	-0.375188	-0.439019	-0.391937	-0.35495	-0.351626	-0.356162	-0.434199	-0.362977	-0.319037	-0.344866	-0.409658	-0.383677	-0.420709	-0.446981	-0.469914	-0.360408	-0.391769	-0.400225	-0.384512	-0.385569	-0.391334	-0.351626	-0.342353	-0.347543	-0.414811	-0.372563	-0.356999	-0.419456	-0.344866	-0.439363	-0.462612	-0.362198	-0.396282	-0.307943	-0.434665	-0.355616	-0.371619	-0.35768	-0.410597	-0.432554	-0.383088	-0.467417	-0.383791	-0.43269	-0.364931	-0.379111	-0.344866	-0.392415	-0.387445	-0.371619	-0.422383	-0.341264	-0.34923	-0.342468	-0.477011	-0.38512	-0.362198	-0.328221	-0.32845	-0.433577	-0.415829	-0.381645	-0.454496	-0.348165	-0.380204	-0.36659	-0.353446	-0.42501	-0.466538	-0.344866	-0.361622	-0.358651	-0.417942	-0.307943	-0.409658	-0.377518	-0.356126	-0.344866	-0.389632	-0.391937	-0.394773	-0.365354
48000	intercept	0.474611	0.433109	0.43567	0.422691	0.435711	0.418828	0.460805	0.479698	0.445417	0.439026	0.46019	0.400089	0.469553	0.405508	0.44691	0.467922	0.422986	0.430376	0.45667	0.404644	0.465567	0.454666	0.447755	0.465211	0.487474	0.451364	0.509729	0.421609	0.466357	0.438789	0.434405	0.481212	0.440633	0.456663	0.440096	0.449457	0.461941	0.477691	0.449783	0.471733	0.451133	0.453981	0.450897	0.411656	0.478611	0.438383	0.435868	0.430987	0.4621	0.444548	0.448272	0.424877	0.412893	0.465489	0.459247	0.450347	0.448836	0.438922	0.470624	0.452595	0.473618	0.408308	0.461406	0.425659	0.414185	0.426661	0.413136	0.426089	0.409799	0.476087	0.477498	0.431835	0.44995	0.416356	0.438309	0.476162	0.476991	0.442672	0.468674	0.458598	0.452883	0.428173	0.431099	0.398848	0.450832	0.452052	0.469286	0.432625	0.420493	0.412486	0.4576	0.469001	0.485805	0.455443	0.404673	0.426945	0.39921	0.439045	0.435323	0.461187	0.414846	0.436524	0.456424	0.438462	0.417763	0.444573	0.422894	0.493289	0.406329	0.465683	0.433104	0.423647	0.44917	0.432936	0.417093	0.428838	0.447161	0.436182	0.409355	0.432009	0.444199	0.475608	0.473634	0.463935	0.413533	0.448751	0.386786	0.425107	0.42299	0.504895	0.45695	0.423979	0.436439	0.464116	0.41953	0.420784	0.453466	0.404096	0.454205	0.438127	0.437707	0.409749	0.453015	0.476906	0.420003	0.478027	0.431139	0.463653	0.439285	0.431423	0.414601	0.43055	0.425094	0.432972	0.476654	0.436645	0.443832	0.462536	0.427585	0.409679	0.485225	0.416301	0.446442	0.437289	0.44754	0.486547	0.446655	0.439591	0.490043	0.427464	0.462514	0.46114	0.425897	0.447915	0.466004	0.427791	0.430254	0.487392	0.4754	0.495374	0.453391	0.418734	0.476482	0.442924	0.439154	0.410594	0.445445	0.427122	0.444801	0.427577	0.47597	0.44133	0.442633	0.427014	0.436645	0.4256	0.426356	0.432813	0.433167	0.453627	0.459826	0.478264	0.424145	0.421185	0.512143	0.45282	0.497842	0.459833	0.413741	0.389787	0.438946	0.403749	0.445618	0.466999	0.483723	0.458282	0.439377	0.498188	0.511845	0.4814	0.411623	0.424643	0.456348	0.470958	0.429715	0.412449	0.450651	0.480327	0.392038	0.418219	0.490123	0.460946	0.412636	0.414282	0.462169	0.421185	0.407186	0.457914	0.414282	0.45507	0.468583	0.44921	0.421665	0.464321	0.420367	0.376712	0.421185	0.417971	0.426926	0.432477	0.424948	0.438946	0.442592	0.450651	0.418219	0.418219	0.450651	0.428021	0.378504	0.421185	0.478264	0.459223	0.46607	0.466999	0.485059	0.424948	0.402185	0.435292	0.455849	0.418219	0.424145	0.450651	0.410741	0.418219	0.47248	0.441161	0.460033	0.421428	0.434224	0.411377	0.478264	0.410741	0.426926	0.457704	0.459223	0.457704	0.414902	0.404198	0.470958	0.451568	0.402538	0.463153	0.445845	0.434044	0.447195	0.531507	0.492519	0.49874	0.404198	0.427743	0.497935	0.502726	0.409475	0.420367	0.421032	0.49064	0.455849	0.451693	0.456905	0.454829	0.43282	0.40269	0.410741	0.470958	0.406175	0.427101	0.397569	0.486587	0.442592	0.476672	0.418219	0.405659	0.377377	0.426926	0.460033	0.407265	0.421185	0.415231	0.444555	0.438572	0.470958	0.488655	0.494005	0.418018	0.409288	0.424145	0.482902	0.461133	0.457914	0.387544	0.413741	0.404198	0.472507	0.456905	0.448654	0.462169	0.414282	0.472659	0.485059	0.447195	0.418219	0.402538	0.476672	0.41585	0.439377	0.448293	0.435184	0.460939	0.486587	0.450995	0.386718	0.496801	0.452825	0.414376	0.378504	0.445618	0.451693	0.439377	0.469804	0.404198	0.423284	0.436416	0.4884	0.457914	0.447195	0.389787	0.414282	0.485017	0.456832	0.481904	0.450651	0.459223	0.486587	0.439377	0.44294	0.472507	0.492812	0.414193	0.424948	0.426926	0.506903	0.402538	0.444555	0.424145	0.456905	0.414282	0.410023	0.418219	0.416435	0.478957
49000	slope	-0.353167	-0.3242	-0.35064	-0.42068	-0.395457	-0.36353	-0.34124	-0.343562	-0.366352	-0.38387	-0.349677	-0.393717	-0.393311	-0.393334	-0.356054	-0.425604	-0.389357	-0.379973	-0.344572	-0.402913	-0.386982	-0.351637	-0.411408	-0.360581	-0.360444	-0.43071	-0.411199	-0.368264	-0.405329	-0.378249	-0.363693	-0.39686	-0.418389	-0.345687	-0.375382	-0.374819	-0.407954	-0.427631	-0.32071	-0.363004	-0.388309	-0.379557	-0.360298	-0.407966	-0.391142	-0.375109	-0.344173	-0.426132	-0.343211	-0.424069	-0.400209	-0.384844	-0.390181	-0.356396	-0.401693	-0.382606	-0.395358	-0.364724	-0.401505	-0.415099	-0.37466	-0.379104	-0.327088	-0.43224	-0.327633	-0.365099	-0.377973	-0.4203	-0.378246	-0.387335	-0.366265	-0.342112	-0.376939	-0.356166	-0.427631	-0.433396	-0.390448	-0.419967	-0.36146	-0.346502	-0.373524	-0.302064	-0.341961	-0.38465	-0.361748	-0.403667	-0.391697	-0.392834	-0.342584	-0.430523	-0.362398	-0.34256	-0.428986	-0.398326	-0.371224	-0.404499	-0.341032	-0.366228	-0.395728	-0.398851	-0.389149	-0.413584	-0.391012	-0.341243	-0.37577	-0.367085	-0.374332	-0.3242	-0.392443	-0.342405	-0.381237	-0.371649	-0.404684	-0.388619	-0.415376	-0.393225	-0.375245	-0.353578	-0.370091	-0.337773	-0.311909	-0.393406	-0.365058	-0.385907	-0.382512	-0.374652	-0.407558	-0.39959	-0.394747	-0.395838	-0.396786	-0.344249	-0.357862	-0.384423	-0.364014	-0.373758	-0.400213	-0.361653	-0.362993	-0.331191	-0.331546	-0.384004	-0.431527	-0.397814	-0.432215	-0.401497	-0.344696	-0.335449	-0.358922	-0.365602	-0.378921	-0.361667	-0.342903	-0.412707	-0.368613	-0.351239	-0.342483	-0.366665	-0.380203	-0.375714	-0.403787	-0.338004	-0.405614	-0.363373	-0.383174	-0.355152	-0.366987	-0.387667	-0.401545	-0.426377	-0.324383	-0.349733	-0.374217	-0.360399	-0.338522	-0.393777	-0.368454	-0.383262	-0.365648	-0.389445	-0.384829	-0.413967	-0.413934	-0.351519	-0.368222	-0.368865	-0.330884	-0.392482	-0.408598	-0.345271	-0.388123	-0.332766	-0.381414	-0.428909	-0.393908	-0.433617	-0.371307	-0.348008	-0.406866	-0.429886	-0.419237	-0.440107	-0.395052	-0.36124	-0.447948	-0.395117	-0.416658	-0.342578	-0.388708	-0.395117	-0.362791	-0.313452	-0.372907	-0.448835	-0.447948	-0.353476	-0.335755	-0.372794	-0.413318	-0.428038	-0.370336	-0.424034	-0.386093	-0.439594	-0.352921	-0.4184	-0.4184	-0.334599	-0.417852	-0.435419	-0.325177	-0.326165	-0.344622	-0.423106	-0.329197	-0.33476	-0.433952	-0.4184	-0.426641	-0.352086	-0.379727	-0.337466	-0.385694	-0.365918	-0.419603	-0.350082	-0.334903	-0.385694	-0.36353	-0.3753	-0.374785	-0.321266	-0.385694	-0.397087	-0.36353	-0.378633	-0.406343	-0.406745	-0.430749	-0.423659	-0.448835	-0.363006	-0.474585	-0.326864	-0.369017	-0.412843	-0.34318	-0.365022	-0.342734	-0.406343	-0.395052	-0.457211	-0.356678	-0.362648	-0.422319	-0.399143	-0.350802	-0.362791	-0.352086	-0.448835	-0.387974	-0.465511	-0.329197	-0.329232	-0.365287	-0.391538	-0.344622	-0.360706	-0.410153	-0.416658	-0.325177	-0.416037	-0.325191	-0.36124	-0.341208	-0.416658	-0.334903	-0.356529	-0.391866	-0.321183	-0.395052	-0.413964	-0.43315	-0.334599	-0.408775	-0.386546	-0.37108	-0.339301	-0.372907	-0.445865	-0.440107	-0.443451	-0.379727	-0.374785	-0.432213	-0.428038	-0.339301	-0.378633	-0.366183	-0.416771	-0.452218	-0.350082	-0.444827	-0.363006	-0.415261	-0.424439	-0.352921	-0.386546	-0.329197	-0.363006	-0.393143	-0.329232	-0.436905	-0.319203	-0.325177	-0.395052	-0.402837	-0.312477	-0.395052	-0.366221	-0.342734	-0.431501	-0.344622	-0.374785	-0.413517	-0.416037	-0.389395	-0.405769	-0.431372	-0.365918	-0.342578	-0.372907	-0.413813	-0.406343	-0.417852	-0.411667	-0.427223	-0.45383	-0.446454	-0.404371	-0.442763	-0.321266	-0.371956	-0.363586	-0.427223	-0.334765	-0.322602	-0.407163	-0.372794	-0.371956	-0.443989	-0.352354	-0.430878	-0.342734	-0.394222	-0.395599	-0.407336	-0.436442	-0.316514	-0.444827	-0.356	-0.341799	-0.424439	-0.456472	-0.439594	-0.404371	-0.326199	-0.356678	-0.408819	-0.381904	-0.366221	-0.326165	-0.447948	-0.43315	-0.33476	-0.395756	-0.339301	-0.378633	-0.404209	-0.342734
49000	intercept	0.406254	0.40164	0.407044	0.463428	0.45371	0.388334	0.422461	0.440542	0.459337	0.433088	0.424187	0.438369	0.443458	0.477354	0.440422	0.451001	0.423508	0.436382	0.397278	0.433231	0.464039	0.410042	0.442535	0.434622	0.449225	0.469912	0.458635	0.438728	0.454742	0.445822	0.420727	0.44993	0.464191	0.401874	0.439405	0.444798	0.453898	0.456954	0.405316	0.430993	0.402826	0.433968	0.411286	0.461184	0.462288	0.41955	0.425275	0.483515	0.415534	0.471155	0.462007	0.45884	0.420924	0.413622	0.446838	0.433519	0.463476	0.42792	0.445921	0.466083	0.439422	0.461527	0.402272	0.463971	0.432484	0.429202	0.446869	0.472232	0.416664	0.439711	0.41878	0.399449	0.46943	0.428095	0.456954	0.453426	0.482048	0.478033	0.441958	0.409424	0.438645	0.421828	0.418306	0.439962	0.410091	0.463245	0.468071	0.448335	0.459776	0.480518	0.424694	0.42883	0.460977	0.455624	0.426612	0.483539	0.414524	0.423294	0.43532	0.444575	0.438032	0.458966	0.455991	0.427224	0.447028	0.416526	0.423864	0.406175	0.458284	0.45815	0.440605	0.441404	0.464561	0.45616	0.448671	0.441623	0.443037	0.439343	0.434744	0.403009	0.423436	0.431341	0.443127	0.435243	0.475463	0.425695	0.468743	0.45516	0.442592	0.445077	0.431322	0.427668	0.450392	0.443265	0.44935	0.420487	0.475666	0.442233	0.45272	0.404041	0.41599	0.461544	0.483125	0.421845	0.466937	0.473132	0.431001	0.416655	0.448339	0.441489	0.440269	0.412811	0.398276	0.453987	0.437291	0.439121	0.402169	0.438881	0.435528	0.417434	0.459892	0.409935	0.446346	0.412435	0.451633	0.440281	0.436185	0.485933	0.464931	0.491082	0.390416	0.411861	0.413243	0.438426	0.415375	0.420646	0.446534	0.445645	0.432754	0.444967	0.465126	0.456768	0.465774	0.429327	0.436686	0.43369	0.404327	0.472105	0.450278	0.440459	0.433206	0.413152	0.423035	0.471633	0.453925	0.489984	0.448069	0.419671	0.4283	0.45894	0.423058	0.475536	0.482191	0.410741	0.508744	0.48723	0.426258	0.420698	0.461897	0.487263	0.406684	0.40037	0.475063	0.494521	0.486339	0.489696	0.446661	0.422737	0.474401	0.453437	0.412863	0.52441	0.494036	0.436083	0.409005	0.4715	0.484717	0.418119	0.465345	0.492456	0.391355	0.405316	0.415595	0.43456	0.411282	0.418306	0.444904	0.470663	0.458267	0.401074	0.40462	0.426846	0.409005	0.456682	0.503452	0.489696	0.413566	0.409005	0.399157	0.419597	0.418188	0.397952	0.409005	0.451972	0.411191	0.41213	0.405996	0.424818	0.456068	0.476561	0.494521	0.489696	0.442483	0.395088	0.473424	0.429582	0.418546	0.403173	0.441767	0.40207	0.477885	0.484838	0.430316	0.486444	0.476561	0.465876	0.427712	0.409005	0.418546	0.494521	0.401118	0.484838	0.411282	0.405316	0.426296	0.484313	0.418306	0.414571	0.436769	0.423058	0.370863	0.446536	0.441616	0.410741	0.410741	0.423058	0.413566	0.418546	0.466898	0.411939	0.482191	0.436823	0.482092	0.422569	0.468739	0.46384	0.473994	0.405711	0.449547	0.472659	0.479284	0.462797	0.41552	0.418188	0.456068	0.453437	0.418306	0.41213	0.423164	0.50092	0.485388	0.489696	0.433803	0.489696	0.476932	0.460472	0.409005	0.468739	0.411282	0.48495	0.415281	0.405316	0.476322	0.391335	0.370863	0.482191	0.470983	0.432841	0.482191	0.405218	0.440634	0.460925	0.415595	0.418188	0.493434	0.446536	0.467008	0.423058	0.523354	0.456682	0.420698	0.454029	0.509822	0.40207	0.437442	0.455073	0.472983	0.446529	0.436483	0.500036	0.483619	0.394818	0.473994	0.429155	0.460472	0.445985	0.37452	0.455073	0.431311	0.473994	0.520629	0.429155	0.482092	0.436055	0.434856	0.437442	0.487134	0.474504	0.397952	0.433803	0.44289	0.375055	0.460472	0.485388	0.436483	0.503957	0.440652	0.426748	0.473978	0.499232	0.409168	0.415915	0.486339	0.482092	0.41777	0.459002	0.418306	0.41213	0.457494	0.440634
50000	slope	-0.324188	-0.395745	-0.402689	-0.388193	-0.37617	-0.349728	-0.408923	-0.359913	-0.346554	-0.429923	-0.335529	-0.436934	-0.401455	-0.411588	-0.341329	-0.412535	-0.403122	-0.377089	-0.410983	-0.324529	-0.376791	-0.367739	-0.367777	-0.337135	-0.390676	-0.343979	-0.373943	-0.410507	-0.380433	-0.335132	-0.412884	-0.390816	-0.381868	-0.410512	-0.387641	-0.388063	-0.371306	-0.42006	-0.402155	-0.434294	-0.362648	-0.331995	-0.369364	-0.38565	-0.339687	-0.414749	-0.385399	-0.410475	-0.434323	-0.382846	-0.360124	-0.374778	-0.408928	-0.441031	-0.358486	-0.358559	-0.377789	-0.417648	-0.365335	-0.392544	-0.410061	-0.348452	-0.373253	-0.371358	-0.418953	-0.383852	-0.403317	-0.388607	-0.380698	-0.434214	-0.409683	-0.382601	-0.37945	-0.378378	-0.336893	-0.376472	-0.415893	-0.412794	-0.392565	-0.381185	-0.413206	-0.348338	-0.361285	-0.415434	-0.357387	-0.422678	-0.355486	-0.42619	-0.381982	-0.38441	-0.424375	-0.335249	-0.342364	-0.326379	-0.353326	-0.366688	-0.325142	-0.384907	-0.347242	-0.370049	-0.366817	-0.41518	-0.372406	-0.385423	-0.338179	-0.376493	-0.399002	-0.393232	-0.395517	-0.378612	-0.409347	-0.398757	-0.404946	-0.412992	-0.378435	-0.429228	-0.372465	-0.369913	-0.383678	-0.380208	-0.404471	-0.373262	-0.435139	-0.354428	-0.335504	-0.370227	-0.402879	-0.412302	-0.419674	-0.359972	-0.396209	-0.409821	-0.440088	-0.369859	-0.357303	-0.345555	-0.375426	-0.410312	-0.374876	-0.426606	-0.36898	-0.343467	-0.399403	-0.349754	-0.404968	-0.362508	-0.394194	-0.358027	-0.369429	-0.350305	-0.384602	-0.384719	-0.402486	-0.390968	-0.344358	-0.364461	-0.438738	-0.429923	-0.343364	-0.347934	-0.375422	-0.391286	-0.332069	-0.423771	-0.407868	-0.369429	-0.398477	-0.420966	-0.44677	-0.37477	-0.383699	-0.40294	-0.424189	-0.39224	-0.319586	-0.384417	-0.358906	-0.386129	-0.447265	-0.420044	-0.420907	-0.34497	-0.389795	-0.369872	-0.365551	-0.342227	-0.37719	-0.419384	-0.346477	-0.380327	-0.432266	-0.407739	-0.332617	-0.421217	-0.319676	-0.356771	-0.344895	-0.362947	-0.398438	-0.393095	-0.33344	-0.371612	-0.383794	-0.389664	-0.387289	-0.339715	-0.391536	-0.375308	-0.472083	-0.377144	-0.393334	-0.44216	-0.413854	-0.41532	-0.362814	-0.33379	-0.42858	-0.332537	-0.333617	-0.393334	-0.472083	-0.412992	-0.338787	-0.462056	-0.283621	-0.306786	-0.322521	-0.427826	-0.329197	-0.400961	-0.352062	-0.366971	-0.43578	-0.414419	-0.386165	-0.330954	-0.306786	-0.366971	-0.329844	-0.347466	-0.345564	-0.306786	-0.345981	-0.427339	-0.320328	-0.395478	-0.305554	-0.409989	-0.360005	-0.366971	-0.377667	-0.417801	-0.421356	-0.39595	-0.330785	-0.371045	-0.354245	-0.39595	-0.371301	-0.39716	-0.451361	-0.387289	-0.418088	-0.352062	-0.425195	-0.385487	-0.448623	-0.349255	-0.377667	-0.405372	-0.436116	-0.37527	-0.396218	-0.333617	-0.424406	-0.376752	-0.342623	-0.341644	-0.342446	-0.410185	-0.348664	-0.365725	-0.425195	-0.309075	-0.329834	-0.40692	-0.365725	-0.409989	-0.424644	-0.418838	-0.329834	-0.386031	-0.414	-0.409989	-0.376348	-0.412992	-0.419731	-0.414419	-0.343363	-0.429436	-0.32409	-0.377144	-0.331697	-0.407035	-0.414	-0.376671	-0.475801	-0.413993	-0.452646	-0.310493	-0.33379	-0.366971	-0.309075	-0.330954	-0.339393	-0.329844	-0.422286	-0.333617	-0.366761	-0.384468	-0.414419	-0.39595	-0.301291	-0.352062	-0.467457	-0.405958	-0.44733	-0.333617	-0.377144	-0.336465	-0.412992	-0.331697	-0.406532	-0.3654	-0.343363	-0.358967	-0.384193	-0.330954	-0.417791	-0.319861	-0.360361	-0.33344	-0.358118	-0.366971	-0.47268	-0.389902	-0.42472	-0.414419	-0.341211	-0.398598	-0.336353	-0.377144	-0.425609	-0.387535	-0.475801	-0.348019	-0.412992	-0.357328	-0.406532	-0.416695	-0.374898	-0.413854	-0.358555	-0.400462	-0.376671	-0.405264	-0.442956	-0.377144	-0.414007	-0.345981	-0.333566	-0.414	-0.358118	-0.405418	-0.472083	-0.411355	-0.314382	-0.467457	-0.366971	-0.329844	-0.380846	-0.41532	-0.37527	-0.329834	-0.316816	-0.371301	-0.410185	-0.438725	-0.405372	-0.434386	-0.377667	-0.446853	-0.416238	-0.414	-0.360881	-0.377144	-0.289112	-0.366761	-0.345981	-0.367441
50000	intercept	0.427715	0.415929	0.462605	0.443828	0.445236	0.440434	0.473023	0.420325	0.414361	0.48949	0.456483	0.453249	0.439411	0.476617	0.403925	0.462104	0.442036	0.471933	0.453833	0.418462	0.410571	0.472667	0.454453	0.415283	0.440691	0.435162	0.45683	0.468864	0.461028	0.415038	0.48349	0.442897	0.444072	0.472754	0.446892	0.463263	0.441943	0.458091	0.44288	0.489769	0.402796	0.382078	0.469453	0.438812	0.418461	0.442197	0.428896	0.469073	0.461484	0.406652	0.431077	0.439926	0.467641	0.480411	0.416613	0.438907	0.422819	0.448913	0.439519	0.443502	0.443082	0.419244	0.439095	0.413818	0.503682	0.425491	0.453628	0.447824	0.47471	0.464584	0.45888	0.442297	0.419527	0.413372	0.417577	0.451493	0.453633	0.43027	0.429812	0.4238	0.445464	0.404065	0.429543	0.492812	0.428111	0.465744	0.432065	0.49501	0.435829	0.464012	0.484886	0.389435	0.385451	0.410663	0.43821	0.436581	0.417552	0.436135	0.429091	0.429745	0.434166	0.451648	0.452943	0.43909	0.391148	0.425593	0.456186	0.477344	0.466633	0.427984	0.466589	0.444932	0.504058	0.455112	0.447772	0.457126	0.428768	0.443165	0.444133	0.43648	0.455183	0.407828	0.476659	0.42051	0.395114	0.458921	0.430137	0.469867	0.468517	0.426144	0.47252	0.436288	0.488252	0.414464	0.432215	0.423325	0.451222	0.461304	0.443285	0.461484	0.439803	0.410325	0.443176	0.407377	0.462719	0.453448	0.480163	0.398514	0.3981	0.437944	0.438473	0.44199	0.473046	0.442479	0.410312	0.427394	0.477441	0.48949	0.400669	0.424731	0.455056	0.466768	0.410401	0.475694	0.461385	0.397801	0.46308	0.460705	0.506597	0.423125	0.412408	0.442805	0.463145	0.435582	0.388005	0.446529	0.412305	0.473284	0.513917	0.473747	0.427024	0.407875	0.474168	0.440654	0.410627	0.416963	0.438847	0.457244	0.409085	0.427025	0.508746	0.451889	0.399896	0.454297	0.399684	0.417818	0.420441	0.451462	0.439806	0.474332	0.357108	0.41405	0.468289	0.404141	0.458109	0.396637	0.457139	0.470378	0.45281	0.443486	0.472599	0.477519	0.444602	0.480036	0.437382	0.410367	0.436076	0.394718	0.43019	0.46845	0.461184	0.455089	0.423798	0.474044	0.428097	0.398439	0.409504	0.454918	0.39225	0.486017	0.472585	0.420037	0.490682	0.464787	0.458631	0.418635	0.387197	0.420037	0.406583	0.397763	0.414547	0.398439	0.408471	0.459972	0.422887	0.456935	0.40829	0.44054	0.411263	0.420037	0.394707	0.436227	0.434495	0.458151	0.413058	0.436671	0.443032	0.458151	0.403852	0.481387	0.469324	0.452729	0.457272	0.448754	0.450484	0.477344	0.534712	0.439032	0.419807	0.490682	0.529737	0.440538	0.464676	0.394718	0.530772	0.439675	0.447902	0.427352	0.420473	0.470672	0.442969	0.455886	0.450484	0.41875	0.416245	0.46037	0.455886	0.44054	0.448487	0.448487	0.416245	0.47734	0.466431	0.44054	0.446245	0.448487	0.436125	0.464787	0.427352	0.444602	0.358256	0.448771	0.413123	0.490682	0.470007	0.420037	0.465716	0.448771	0.415731	0.395211	0.410367	0.420037	0.41875	0.407715	0.439921	0.418849	0.447161	0.381583	0.429206	0.401088	0.464787	0.458151	0.391999	0.448754	0.461184	0.448487	0.55851	0.394718	0.459672	0.43917	0.458078	0.413123	0.503135	0.4235	0.427352	0.42368	0.477065	0.407715	0.460106	0.433119	0.421398	0.382273	0.4156	0.420037	0.528859	0.420037	0.464787	0.451163	0.40419	0.431352	0.420752	0.459672	0.457741	0.464788	0.465716	0.440974	0.448487	0.423485	0.490682	0.457114	0.457982	0.457382	0.406602	0.447161	0.420037	0.465758	0.470705	0.459672	0.454503	0.408471	0.348372	0.466431	0.4156	0.460998	0.45281	0.448487	0.407715	0.461184	0.420037	0.406583	0.448841	0.480036	0.440538	0.416245	0.433361	0.410558	0.470672	0.490812	0.490682	0.477519	0.419807	0.530493	0.452215	0.474043	0.442935	0.459672	0.380297	0.41353	0.397763	0.436671
51000	slope	-0.342237	-0.3742	-0.379898	-0.408717	-0.36157	-0.375153	-0.317223	-0.372269	-0.358598	-0.399193	-0.4002	-0.390436	-0.398703	-0.38265	-0.349939	-0.400386	-0.385221	-0.400572	-0.425651	-0.347604	-0.373437	-0.349543	-0.374703	-0.402261	-0.376612	-0.33139	-0.389725	-0.390954	-0.400058	-0.394327	-0.398424	-0.365923	-0.415604	-0.409184	-0.335893	-0.381047	-0.370681	-0.397976	-0.331958	-0.360999	-0.381915	-0.37063	-0.36908	-0.389914	-0.40314	-0.359324	-0.321059	-0.377872	-0.333964	-0.437115	-0.327316	-0.40556	-0.38182	-0.389934	-0.40284	-0.378026	-0.370425	-0.399772	-0.326088	-0.349494	-0.379222	-0.367409	-0.315494	-0.397285	-0.374234	-0.359603	-0.351547	-0.383488	-0.409295	-0.370013	-0.378135	-0.366004	-0.369363	-0.376845	-0.366439	-0.357598	-0.330375	-0.371845	-0.413943	-0.412901	-0.383662	-0.34888	-0.35305	-0.383774	-0.340972	-0.355272	-0.393467	-0.358039	-0.380116	-0.387651	-0.440456	-0.397215	-0.373152	-0.355371	-0.37538	-0.39632	-0.408105	-0.399126	-0.365806	-0.360649	-0.384186	-0.335253	-0.403979	-0.378072	-0.431899	-0.339178	-0.37534	-0.405653	-0.398816	-0.367041	-0.372599	-0.373732	-0.348774	-0.400312	-0.428595	-0.395931	-0.390319	-0.381638	-0.380952	-0.378582	-0.374852	-0.387691	-0.376132	-0.332275	-0.378913	-0.392959	-0.384914	-0.411406	-0.366232	-0.303808	-0.419557	-0.411218	-0.359402	-0.360666	-0.335915	-0.403072	-0.409184	-0.380367	-0.349457	-0.376094	-0.360383	-0.374575	-0.376083	-0.416229	-0.40297	-0.349849	-0.370092	-0.357395	-0.371925	-0.370572	-0.422207	-0.414626	-0.391993	-0.371535	-0.375612	-0.374522	-0.42124	-0.375337	-0.377924	-0.372732	-0.398671	-0.363535	-0.348404	-0.372111	-0.363171	-0.41425	-0.381172	-0.345936	-0.388692	-0.369485	-0.362469	-0.361945	-0.400494	-0.391252	-0.311716	-0.38407	-0.376366	-0.363389	-0.376268	-0.391038	-0.380197	-0.369539	-0.367698	-0.322572	-0.378709	-0.41475	-0.385289	-0.379345	-0.369385	-0.37827	-0.353105	-0.382952	-0.422525	-0.362562	-0.390982	-0.353669	-0.342958	-0.346253	-0.362999	-0.352589	-0.354553	-0.323545	-0.324041	-0.394608	-0.373761	-0.41497	-0.347181	-0.354478	-0.359711	-0.370638	-0.40469	-0.354553	-0.374886	-0.403885	-0.345903	-0.388093	-0.366344	-0.477262	-0.303121	-0.385652	-0.39399	-0.283271	-0.413893	-0.351783	-0.347957	-0.274054	-0.385652	-0.417141	-0.357756	-0.329507	-0.312667	-0.372661	-0.349144	-0.354478	-0.373761	-0.333295	-0.407433	-0.375072	-0.318633	-0.369335	-0.39919	-0.394129	-0.352354	-0.375072	-0.392978	-0.333229	-0.391241	-0.45092	-0.404213	-0.387545	-0.435895	-0.347957	-0.344947	-0.372661	-0.337393	-0.340189	-0.356326	-0.397703	-0.358681	-0.400989	-0.359711	-0.30529	-0.357328	-0.451906	-0.365855	-0.328701	-0.392978	-0.395218	-0.391309	-0.312667	-0.369496	-0.349987	-0.326174	-0.377401	-0.348811	-0.423656	-0.340392	-0.277372	-0.475019	-0.345987	-0.341855	-0.320264	-0.345987	-0.32694	-0.356966	-0.354478	-0.365828	-0.340851	-0.402224	-0.38689	-0.397703	-0.407439	-0.400989	-0.325788	-0.353417	-0.431387	-0.375072	-0.387388	-0.328701	-0.395218	-0.432214	-0.353216	-0.385509	-0.33047	-0.47759	-0.352354	-0.390738	-0.344528	-0.365385	-0.417141	-0.324609	-0.372661	-0.399756	-0.365719	-0.357328	-0.365719	-0.299105	-0.386447	-0.353133	-0.442491	-0.299105	-0.39399	-0.313249	-0.353207	-0.400989	-0.372661	-0.390051	-0.297258	-0.365719	-0.314559	-0.413893	-0.283271	-0.38717	-0.358973	-0.349209	-0.324609	-0.374011	-0.294441	-0.385652	-0.38717	-0.344659	-0.38689	-0.36131	-0.391422	-0.408919	-0.38469	-0.349209	-0.324609	-0.318633	-0.354426	-0.385509	-0.394608	-0.40213	-0.465651	-0.38469	-0.403352	-0.429725	-0.400989	-0.42571	-0.352928	-0.358681	-0.349209	-0.393155	-0.323545	-0.33751	-0.359711	-0.329507	-0.406842	-0.420882	-0.434492	-0.39399	-0.388093	-0.354154	-0.404906	-0.38689	-0.353963	-0.390391	-0.358017	-0.424904	-0.385652	-0.374484	-0.356038	-0.324616	-0.375072	-0.394608	-0.391848	-0.34652	-0.354371	-0.398032	-0.372661	-0.349788	-0.293144	-0.375072	-0.378446	-0.385509	-0.369789	-0.396699	-0.393155	-0.38689	-0.342864
51000	intercept	0.454758	0.463595	0.424456	0.453016	0.408328	0.422417	0.424598	0.438324	0.441879	0.416645	0.456471	0.446739	0.470054	0.441636	0.423237	0.45884	0.449152	0.475677	0.496525	0.416643	0.435954	0.417766	0.427496	0.456279	0.411014	0.385593	0.439069	0.465433	0.468811	0.452791	0.46675	0.395772	0.488575	0.449695	0.412582	0.429497	0.429001	0.456857	0.440571	0.414655	0.416378	0.455805	0.449563	0.472624	0.4569	0.431726	0.390222	0.443634	0.412746	0.470975	0.424053	0.463527	0.459796	0.456495	0.456909	0.415076	0.438834	0.492723	0.411112	0.424219	0.43712	0.398353	0.410447	0.461641	0.430177	0.436855	0.406401	0.412178	0.456903	0.430679	0.455572	0.439468	0.417057	0.441994	0.474531	0.402733	0.408983	0.458424	0.432924	0.445798	0.443755	0.409604	0.460272	0.426944	0.424289	0.460276	0.430519	0.404948	0.437468	0.466628	0.476062	0.444608	0.402649	0.408533	0.402499	0.46164	0.493091	0.478817	0.396862	0.408928	0.441786	0.417446	0.431962	0.426986	0.490083	0.422463	0.423967	0.447277	0.423864	0.43491	0.452964	0.446207	0.413995	0.473821	0.445246	0.444413	0.456901	0.433956	0.440792	0.446593	0.428891	0.409895	0.433613	0.414084	0.442546	0.457655	0.426218	0.482844	0.409194	0.39251	0.459001	0.494817	0.434935	0.426799	0.431035	0.465188	0.448573	0.415602	0.422869	0.451214	0.417101	0.441786	0.459021	0.458784	0.486071	0.42349	0.437215	0.425136	0.410671	0.414532	0.460378	0.461286	0.437174	0.444523	0.430928	0.43215	0.444687	0.441629	0.435143	0.419424	0.446465	0.461328	0.430825	0.43138	0.408625	0.457827	0.430068	0.447961	0.453627	0.447253	0.471134	0.436914	0.415253	0.440472	0.393145	0.466511	0.433889	0.427453	0.453167	0.460481	0.466185	0.42936	0.44679	0.386336	0.450137	0.498491	0.438542	0.451446	0.464488	0.449289	0.434663	0.438595	0.406271	0.419762	0.430168	0.437247	0.429113	0.429263	0.421424	0.429685	0.422531	0.422035	0.414894	0.47874	0.397346	0.477828	0.420167	0.434502	0.39013	0.38321	0.434816	0.422531	0.460407	0.433401	0.434022	0.403648	0.459386	0.46617	0.423107	0.468564	0.428372	0.374217	0.52594	0.39473	0.402881	0.348554	0.468564	0.435972	0.399222	0.374196	0.389268	0.412882	0.405508	0.423632	0.408818	0.403701	0.45907	0.429841	0.427924	0.428499	0.492621	0.365557	0.41542	0.428231	0.421629	0.452794	0.473244	0.446985	0.421629	0.474476	0.463848	0.402881	0.360712	0.412882	0.461419	0.418951	0.415321	0.454565	0.419787	0.47389	0.39013	0.406328	0.408119	0.455623	0.451502	0.428768	0.413958	0.429841	0.435972	0.389268	0.390515	0.406173	0.408285	0.466368	0.423205	0.446201	0.419236	0.374217	0.48446	0.456442	0.436174	0.435744	0.456173	0.389268	0.387055	0.444863	0.414977	0.400463	0.434816	0.485862	0.456962	0.464178	0.47389	0.381908	0.419283	0.511736	0.429841	0.435972	0.428768	0.42666	0.480525	0.390076	0.471964	0.403227	0.46617	0.409682	0.466654	0.409379	0.417434	0.435972	0.414589	0.412024	0.46204	0.432495	0.449094	0.435646	0.401243	0.38973	0.397119	0.511736	0.401243	0.416807	0.435744	0.390076	0.479002	0.412882	0.418737	0.378005	0.432495	0.411662	0.51097	0.374217	0.44832	0.449395	0.390076	0.414589	0.415321	0.416805	0.474476	0.44832	0.426927	0.492621	0.402109	0.429841	0.454718	0.432496	0.390076	0.414589	0.427924	0.444212	0.471964	0.473244	0.466356	0.506713	0.425552	0.464557	0.43901	0.47389	0.458837	0.389296	0.419787	0.394034	0.468864	0.422035	0.449094	0.39013	0.374196	0.464557	0.469141	0.455623	0.428372	0.403648	0.36335	0.4384	0.484661	0.400879	0.459253	0.409676	0.52594	0.468564	0.430964	0.396721	0.418454	0.429841	0.473244	0.435972	0.402354	0.414977	0.450036	0.412882	0.459705	0.357632	0.421873	0.403918	0.473145	0.467009	0.43333	0.468864	0.492621	0.41542
52000	slope	-0.348986	-0.347977	-0.367182	-0.370568	-0.400831	-0.391336	-0.353816	-0.357314	-0.392627	-0.346017	-0.370688	-0.375632	-0.352865	-0.386529	-0.342343	-0.41478	-0.371648	-0.346755	-0.418982	-0.343252	-0.342078	-0.34421	-0.328318	-0.374352	-0.382603	-0.366881	-0.43698	-0.391574	-0.37438	-0.387898	-0.385238	-0.347611	-0.372935	-0.380206	-0.372062	-0.369522	-0.400441	-0.372117	-0.387425	-0.36904	-0.370688	-0.391235	-0.362382	-0.404097	-0.401393	-0.379131	-0.389487	-0.360455	-0.354574	-0.392093	-0.373308	-0.35583	-0.376913	-0.409735	-0.345668	-0.352792	-0.397297	-0.350555	-0.38276	-0.373224	-0.362023	-0.352356	-0.38482	-0.367421	-0.381416	-0.429202	-0.375365	-0.38682	-0.378893	-0.40474	-0.345097	-0.348677	-0.361505	-0.388618	-0.325552	-0.345323	-0.382665	-0.387036	-0.380354	-0.366162	-0.359535	-0.376957	-0.405431	-0.372628	-0.3838	-0.408964	-0.427549	-0.42036	-0.350512	-0.382864	-0.364224	-0.381318	-0.393474	-0.429345	-0.378356	-0.408515	-0.354112	-0.362958	-0.369906	-0.37133	-0.373384	-0.41712	-0.383813	-0.417209	-0.367449	-0.362405	-0.387621	-0.38837	-0.3758	-0.375962	-0.362925	-0.341442	-0.346315	-0.35469	-0.353705	-0.385819	-0.426144	-0.378663	-0.353574	-0.35461	-0.34036	-0.404643	-0.385549	-0.368507	-0.399075	-0.374841	-0.361079	-0.386572	-0.327958	-0.373004	-0.3347	-0.381398	-0.370934	-0.405505	-0.435565	-0.388749	-0.308508	-0.416045	-0.385259	-0.374398	-0.407283	-0.405972	-0.392687	-0.394021	-0.442284	-0.391033	-0.315464	-0.36057	-0.374998	-0.362878	-0.361405	-0.366406	-0.346196	-0.362236	-0.374288	-0.402518	-0.347805	-0.379742	-0.34881	-0.380907	-0.346987	-0.407525	-0.360259	-0.377898	-0.322141	-0.417327	-0.372642	-0.418626	-0.396444	-0.314824	-0.37612	-0.38395	-0.34645	-0.349361	-0.376579	-0.383451	-0.367993	-0.432331	-0.382554	-0.388329	-0.403983	-0.304813	-0.345384	-0.401794	-0.39285	-0.398851	-0.390799	-0.366358	-0.369327	-0.355878	-0.354041	-0.376864	-0.335645	-0.358732	-0.379968	-0.370708	-0.412547	-0.412203	-0.354734	-0.366931	-0.294741	-0.398692	-0.337838	-0.363763	-0.43764	-0.313647	-0.340851	-0.401559	-0.416707	-0.387398	-0.461862	-0.451071	-0.360173	-0.34667	-0.397855	-0.451071	-0.34227	-0.391037	-0.364083	-0.355102	-0.383006	-0.446728	-0.376726	-0.31148	-0.355102	-0.360173	-0.425863	-0.384998	-0.403157	-0.414156	-0.386765	-0.335702	-0.392042	-0.442276	-0.340851	-0.397855	-0.392847	-0.318698	-0.386703	-0.412809	-0.397855	-0.360173	-0.384998	-0.340851	-0.355671	-0.360259	-0.401809	-0.360259	-0.425743	-0.364083	-0.419725	-0.389321	-0.384998	-0.353133	-0.390547	-0.444825	-0.40403	-0.389925	-0.353133	-0.35437	-0.386937	-0.361008	-0.380707	-0.389321	-0.345384	-0.360173	-0.360259	-0.394796	-0.397855	-0.442276	-0.333776	-0.290927	-0.403251	-0.446728	-0.341852	-0.414977	-0.350015	-0.375793	-0.351959	-0.306066	-0.390472	-0.356661	-0.405348	-0.353992	-0.358775	-0.353992	-0.353502	-0.386703	-0.341852	-0.451071	-0.333945	-0.368465	-0.394858	-0.402369	-0.460247	-0.356869	-0.399559	-0.388651	-0.397067	-0.357735	-0.362552	-0.405348	-0.360173	-0.389912	-0.333776	-0.356759	-0.363577	-0.421347	-0.326335	-0.409381	-0.362552	-0.384297	-0.397589	-0.356869	-0.374352	-0.386703	-0.356759	-0.333776	-0.391037	-0.406884	-0.390472	-0.342476	-0.380302	-0.362021	-0.301034	-0.362552	-0.390472	-0.407282	-0.301688	-0.306066	-0.435695	-0.340851	-0.403721	-0.419725	-0.337838	-0.404346	-0.360259	-0.355102	-0.392756	-0.306346	-0.384276	-0.345038	-0.390547	-0.391496	-0.35437	-0.356869	-0.432384	-0.353502	-0.340851	-0.379601	-0.368272	-0.402369	-0.407282	-0.391116	-0.355754	-0.384998	-0.404838	-0.4255	-0.384276	-0.397067	-0.340851	-0.345766	-0.416419	-0.446927	-0.405348	-0.390472	-0.414711	-0.376318	-0.425863	-0.392756	-0.340611	-0.378402	-0.368465	-0.392756	-0.326916	-0.398073	-0.353329	-0.395274	-0.299879	-0.396723	-0.356869	-0.33788	-0.353133	-0.385347	-0.376077	-0.391037	-0.465436	-0.395709	-0.400921	-0.401974	-0.37932	-0.407282	-0.397067	-0.360174	-0.37927	-0.332876	-0.396477	-0.368297	-0.399135	-0.43764
52000	intercept	0.401355	0.402337	0.405868	0.431041	0.442607	0.448589	0.448268	0.396577	0.476117	0.413053	0.407471	0.439996	0.386687	0.432462	0.410263	0.460929	0.449434	0.393895	0.505276	0.417127	0.453501	0.418934	0.422118	0.420432	0.419481	0.441886	0.471705	0.449431	0.447485	0.4478	0.436458	0.401355	0.450102	0.436822	0.436505	0.425336	0.444313	0.423702	0.415515	0.412371	0.410574	0.444113	0.42296	0.460258	0.478267	0.426681	0.444211	0.40464	0.401345	0.407023	0.431561	0.40464	0.420525	0.466779	0.395966	0.41724	0.460584	0.386409	0.416413	0.400643	0.412028	0.422525	0.394488	0.439388	0.446634	0.495984	0.465032	0.443423	0.456328	0.469865	0.421596	0.42217	0.427147	0.474008	0.431652	0.434024	0.420467	0.432534	0.447404	0.431545	0.443049	0.433185	0.446704	0.400194	0.445543	0.423391	0.466141	0.454309	0.406655	0.42909	0.417088	0.46156	0.489626	0.52208	0.437769	0.443726	0.436128	0.403027	0.403085	0.434354	0.428291	0.473623	0.409038	0.454205	0.425956	0.403126	0.412626	0.450343	0.427746	0.43884	0.403997	0.429335	0.427847	0.431665	0.43463	0.434002	0.471437	0.45507	0.440545	0.424899	0.407288	0.457835	0.436243	0.424647	0.443374	0.415007	0.396758	0.412757	0.425932	0.422766	0.420105	0.431723	0.433118	0.475144	0.466653	0.447652	0.440502	0.445896	0.442191	0.436179	0.485448	0.440084	0.457094	0.458382	0.519122	0.437294	0.442278	0.427368	0.428947	0.421458	0.413665	0.424048	0.392731	0.44731	0.438484	0.424309	0.424083	0.428366	0.404628	0.449209	0.424592	0.432446	0.39544	0.42627	0.407348	0.495458	0.442311	0.490004	0.462922	0.392287	0.424267	0.410905	0.412023	0.397845	0.410341	0.431185	0.431482	0.471679	0.409228	0.40678	0.475783	0.406406	0.381266	0.462293	0.402294	0.447799	0.449233	0.406519	0.415187	0.406074	0.424501	0.438363	0.383198	0.40817	0.415486	0.433756	0.493993	0.477355	0.404537	0.400185	0.400861	0.465112	0.389438	0.411108	0.508223	0.427807	0.398595	0.485104	0.439064	0.440976	0.48211	0.506639	0.41849	0.419709	0.500051	0.502482	0.424057	0.49662	0.416429	0.41426	0.421463	0.46023	0.405399	0.38905	0.415623	0.420721	0.474465	0.418943	0.419329	0.43764	0.448422	0.389659	0.436011	0.501236	0.382898	0.509703	0.485027	0.407497	0.423283	0.436011	0.509703	0.41849	0.418943	0.38905	0.404804	0.373253	0.479658	0.417627	0.464795	0.416429	0.465868	0.47517	0.418943	0.403105	0.472596	0.490675	0.481697	0.485104	0.403105	0.413659	0.463563	0.411167	0.459492	0.47517	0.381266	0.446542	0.428443	0.465112	0.502656	0.501236	0.420987	0.400861	0.420548	0.46023	0.363496	0.443219	0.411264	0.423206	0.426869	0.428854	0.499594	0.408045	0.412105	0.404804	0.434494	0.411045	0.415944	0.423283	0.363496	0.506639	0.412923	0.431393	0.440959	0.458601	0.506863	0.443522	0.40409	0.437109	0.481697	0.406389	0.409704	0.412105	0.420721	0.398806	0.420987	0.380853	0.428436	0.410087	0.392223	0.40409	0.409704	0.453074	0.447227	0.443522	0.424387	0.423283	0.380853	0.420987	0.49662	0.483128	0.512437	0.396971	0.406372	0.402626	0.428854	0.409704	0.519699	0.444015	0.428854	0.428854	0.506639	0.38905	0.470865	0.476125	0.382985	0.439064	0.428443	0.415623	0.426347	0.462429	0.416621	0.43445	0.443455	0.502656	0.413659	0.447293	0.467684	0.426606	0.398595	0.48452	0.409471	0.469395	0.443219	0.443492	0.415927	0.418943	0.405399	0.437629	0.416621	0.481697	0.38905	0.415528	0.467681	0.513933	0.412105	0.512437	0.460893	0.400499	0.471605	0.426347	0.437981	0.469759	0.423633	0.426347	0.382985	0.40409	0.434706	0.447877	0.427807	0.413368	0.447293	0.415901	0.403105	0.413543	0.405404	0.49662	0.50904	0.405399	0.408485	0.423185	0.420987	0.443219	0.481697	0.386189	0.445072	0.410995	0.479658	0.423808	0.436069	0.506288
53000	slope	-0.360509	-0.353688	-0.380038	-0.380761	-0.368686	-0.357318	-0.349306	-0.337998	-0.339151	-0.368689	-0.38119	-0.400614	-0.343081	-0.364306	-0.353639	-0.357647	-0.347727	-0.377538	-0.34543	-0.377509	-0.325156	-0.398508	-0.358646	-0.350619	-0.340828	-0.366031	-0.376971	-0.365538	-0.369678	-0.362816	-0.340749	-0.359969	-0.390655	-0.3649	-0.416603	-0.373256	-0.354069	-0.367096	-0.382908	-0.38826	-0.395126	-0.351599	-0.348844	-0.344405	-0.36449	-0.339419	-0.390683	-0.383895	-0.345028	-0.336669	-0.347048	-0.351411	-0.397218	-0.371358	-0.393356	-0.362807	-0.372856	-0.373348	-0.382091	-0.339305	-0.377232	-0.347126	-0.40889	-0.350463	-0.375197	-0.453044	-0.350512	-0.347727	-0.358582	-0.396572	-0.367687	-0.393953	-0.337237	-0.369452	-0.384112	-0.35031	-0.423929	-0.342583	-0.399628	-0.401708	-0.343436	-0.396714	-0.363619	-0.341489	-0.358954	-0.424075	-0.387796	-0.387805	-0.383126	-0.370466	-0.341687	-0.420923	-0.409354	-0.364879	-0.395179	-0.375608	-0.345763	-0.335542	-0.386474	-0.362718	-0.361953	-0.351512	-0.37144	-0.381042	-0.345772	-0.334111	-0.34581	-0.379642	-0.391674	-0.422293	-0.381255	-0.389139	-0.36353	-0.346677	-0.331637	-0.388631	-0.352911	-0.384519	-0.341258	-0.34644	-0.349445	-0.389532	-0.371413	-0.360165	-0.367274	-0.332479	-0.37718	-0.347564	-0.381106	-0.358171	-0.350457	-0.365223	-0.351939	-0.398187	-0.36577	-0.36202	-0.353178	-0.363402	-0.341777	-0.381886	-0.378354	-0.354197	-0.411586	-0.361968	-0.336392	-0.390365	-0.385525	-0.386912	-0.347738	-0.327816	-0.340238	-0.355591	-0.345465	-0.380161	-0.341389	-0.356667	-0.392061	-0.393309	-0.375805	-0.341827	-0.34628	-0.385785	-0.339201	-0.432608	-0.386023	-0.345761	-0.335498	-0.355014	-0.345383	-0.364796	-0.376912	-0.329892	-0.349896	-0.389173	-0.352736	-0.361939	-0.401489	-0.362812	-0.332586	-0.351369	-0.339756	-0.354201	-0.339532	-0.354147	-0.355568	-0.378904	-0.388637	-0.36682	-0.445562	-0.321187	-0.344092	-0.379161	-0.336299	-0.351752	-0.361783	-0.416189	-0.406613	-0.373063	-0.369671	-0.406078	-0.416459	-0.345649	-0.360184	-0.327304	-0.352374	-0.389701	-0.392615	-0.395692	-0.395692	-0.341862	-0.39866	-0.374218	-0.348708	-0.438263	-0.425913	-0.436685	-0.322572	-0.359585	-0.354105	-0.34655	-0.401686	-0.341409	-0.339793	-0.346774	-0.426953	-0.438263	-0.349476	-0.419052	-0.342908	-0.348064	-0.358954	-0.438263	-0.343044	-0.343044	-0.35444	-0.332488	-0.427262	-0.401699	-0.432389	-0.346516	-0.405541	-0.395693	-0.336736	-0.339793	-0.372884	-0.32976	-0.354105	-0.435975	-0.364884	-0.32976	-0.402664	-0.336436	-0.36069	-0.341862	-0.346516	-0.371026	-0.346774	-0.32976	-0.413768	-0.374218	-0.401323	-0.34961	-0.360513	-0.432235	-0.339988	-0.352374	-0.327442	-0.362151	-0.422028	-0.332581	-0.359576	-0.349476	-0.327534	-0.355758	-0.325582	-0.44015	-0.39807	-0.337656	-0.333599	-0.444312	-0.341862	-0.335198	-0.343044	-0.343377	-0.436685	-0.341862	-0.3689	-0.34501	-0.330901	-0.433328	-0.371314	-0.379094	-0.337656	-0.41482	-0.402059	-0.358815	-0.352166	-0.372884	-0.32976	-0.406473	-0.37256	-0.34743	-0.338152	-0.436055	-0.408521	-0.33608	-0.463678	-0.432235	-0.332377	-0.344291	-0.338416	-0.374218	-0.379192	-0.34501	-0.447472	-0.367879	-0.333599	-0.419052	-0.473867	-0.427478	-0.33306	-0.315585	-0.337637	-0.374218	-0.379099	-0.374218	-0.322572	-0.418442	-0.341123	-0.347869	-0.405698	-0.349476	-0.335905	-0.416459	-0.34966	-0.341295	-0.448179	-0.359585	-0.386691	-0.403756	-0.359266	-0.378556	-0.340758	-0.338324	-0.341742	-0.432221	-0.41666	-0.371773	-0.435975	-0.347764	-0.391066	-0.399853	-0.377311	-0.325727	-0.374218	-0.346689	-0.345063	-0.352374	-0.325582	-0.345063	-0.416459	-0.35501	-0.338416	-0.339207	-0.362671	-0.427262	-0.333599	-0.367	-0.341862	-0.325582	-0.418442	-0.339411	-0.329218	-0.450055	-0.359585	-0.354105	-0.31503	-0.347869	-0.33306	-0.320765	-0.325582	-0.35444	-0.427277	-0.438263	-0.378556	-0.377546	-0.354105	-0.367	-0.325582	-0.338416	-0.436685	-0.33392	-0.443077	-0.330926	-0.330804	-0.362671	-0.332581	-0.332765	-0.399455	-0.316649
53000	intercept	0.452126	0.394907	0.43468	0.45898	0.404362	0.42175	0.408308	0.394022	0.392632	0.418516	0.414305	0.459253	0.412924	0.424994	0.428714	0.398911	0.419025	0.444316	0.395771	0.456594	0.378926	0.390219	0.44193	0.38905	0.392432	0.411023	0.421779	0.421579	0.408284	0.447647	0.41781	0.401484	0.407191	0.401776	0.455341	0.430283	0.434908	0.393391	0.432026	0.433549	0.478324	0.442176	0.408244	0.415592	0.406365	0.397993	0.433392	0.40589	0.44209	0.39628	0.395865	0.411456	0.437301	0.41233	0.443159	0.42425	0.422082	0.439293	0.436295	0.408054	0.434553	0.419346	0.445377	0.398161	0.446245	0.466915	0.415	0.422352	0.429374	0.461473	0.395731	0.441584	0.404019	0.429111	0.390222	0.407696	0.439105	0.409904	0.481269	0.445731	0.402673	0.430034	0.423563	0.389378	0.457655	0.450578	0.447205	0.447547	0.437362	0.401484	0.40242	0.449717	0.463802	0.41145	0.430883	0.42591	0.409226	0.421105	0.448265	0.456008	0.369336	0.398639	0.431422	0.475818	0.436005	0.394073	0.386318	0.448361	0.447937	0.428654	0.435705	0.416025	0.463901	0.432596	0.383099	0.467566	0.403851	0.398869	0.405019	0.40177	0.441763	0.433342	0.465468	0.43863	0.37908	0.364329	0.414356	0.407049	0.42798	0.423529	0.427275	0.4276	0.411274	0.468636	0.412632	0.383666	0.405905	0.43827	0.395289	0.423785	0.402994	0.45041	0.44326	0.416668	0.428992	0.433268	0.425657	0.459194	0.413721	0.392556	0.40381	0.408338	0.433011	0.433574	0.415876	0.39974	0.424107	0.432336	0.430105	0.426164	0.4183	0.434306	0.417558	0.475103	0.429844	0.418302	0.386907	0.422258	0.403147	0.434658	0.446465	0.393333	0.415446	0.419484	0.407984	0.431852	0.445377	0.447725	0.421632	0.402734	0.393613	0.413969	0.375608	0.429603	0.393096	0.445544	0.468123	0.422807	0.477864	0.39915	0.424004	0.43901	0.419995	0.416052	0.418373	0.440092	0.441406	0.445759	0.419532	0.449801	0.491733	0.410192	0.459227	0.391721	0.463931	0.397799	0.427939	0.390219	0.390219	0.399677	0.482152	0.438502	0.422661	0.483142	0.491548	0.446939	0.37668	0.363617	0.405685	0.397428	0.483708	0.411627	0.370655	0.41552	0.455035	0.483142	0.393719	0.443214	0.414558	0.419596	0.435673	0.483142	0.41552	0.41552	0.434204	0.423475	0.44681	0.453792	0.49465	0.421594	0.519468	0.432864	0.424953	0.370655	0.387292	0.404745	0.395796	0.491733	0.466439	0.404745	0.423131	0.409392	0.414319	0.413865	0.419596	0.396812	0.41552	0.422049	0.519468	0.435647	0.390219	0.461111	0.402167	0.495679	0.395885	0.458591	0.425694	0.407098	0.491733	0.346842	0.428904	0.393719	0.407396	0.39708	0.425904	0.53475	0.44716	0.362775	0.41381	0.506565	0.382345	0.40887	0.41552	0.411627	0.446939	0.399677	0.405685	0.402297	0.373737	0.456252	0.466439	0.415281	0.362775	0.471351	0.461919	0.398839	0.399677	0.387292	0.419409	0.416828	0.407326	0.401267	0.404549	0.480265	0.491733	0.400654	0.466924	0.495679	0.377372	0.362775	0.428962	0.450199	0.447338	0.402297	0.482705	0.430197	0.41381	0.443214	0.466716	0.445826	0.407229	0.423475	0.435867	0.436153	0.428904	0.443903	0.37668	0.442414	0.423831	0.401244	0.422601	0.386646	0.397236	0.491733	0.435101	0.36794	0.480265	0.361294	0.387292	0.432864	0.427012	0.456793	0.438634	0.425832	0.420308	0.467114	0.456252	0.438136	0.493801	0.361856	0.456878	0.488138	0.48134	0.413753	0.463346	0.401971	0.426227	0.463931	0.423878	0.426227	0.491733	0.445038	0.426972	0.411627	0.36794	0.461099	0.429844	0.445485	0.399677	0.423878	0.448334	0.377372	0.396253	0.53475	0.363617	0.405685	0.423475	0.41731	0.422049	0.430299	0.425694	0.448316	0.434996	0.483142	0.434232	0.390219	0.423085	0.443056	0.423878	0.412749	0.446939	0.419618	0.479575	0.388442	0.373737	0.381129	0.351285	0.401427	0.456719	0.40297
54000	slope	-0.343273	-0.369539	-0.392995	-0.355864	-0.393916	-0.422356	-0.386246	-0.400033	-0.341625	-0.36173	-0.349878	-0.373648	-0.380245	-0.399449	-0.382568	-0.36184	-0.338962	-0.365204	-0.363983	-0.320929	-0.353162	-0.378016	-0.356421	-0.366837	-0.345959	-0.375353	-0.420425	-0.412841	-0.344419	-0.434133	-0.334404	-0.340405	-0.382077	-0.347953	-0.387883	-0.362468	-0.350593	-0.344269	-0.345383	-0.354735	-0.365046	-0.298784	-0.348992	-0.354559	-0.394976	-0.413732	-0.326559	-0.346167	-0.351464	-0.316469	-0.346287	-0.383067	-0.329237	-0.420983	-0.390144	-0.343894	-0.347995	-0.361959	-0.356406	-0.371842	-0.349471	-0.340735	-0.333247	-0.342359	-0.328051	-0.418767	-0.339506	-0.339395	-0.351872	-0.358871	-0.349235	-0.397125	-0.38245	-0.341507	-0.356179	-0.367958	-0.329461	-0.404616	-0.358624	-0.376808	-0.340043	-0.351696	-0.328162	-0.316671	-0.346352	-0.346329	-0.361447	-0.326904	-0.389945	-0.393178	-0.322599	-0.368897	-0.374552	-0.344952	-0.344383	-0.357779	-0.325471	-0.35772	-0.331145	-0.330176	-0.331786	-0.382783	-0.30284	-0.357983	-0.41096	-0.354234	-0.338795	-0.393704	-0.367766	-0.352464	-0.341242	-0.326448	-0.343172	-0.360613	-0.359678	-0.409166	-0.335781	-0.347224	-0.350884	-0.354617	-0.334225	-0.329884	-0.440159	-0.347292	-0.374586	-0.320023	-0.382345	-0.347413	-0.404361	-0.348323	-0.330198	-0.340053	-0.340436	-0.34146	-0.384492	-0.335109	-0.421181	-0.434841	-0.30637	-0.306783	-0.333138	-0.340671	-0.391654	-0.342974	-0.395571	-0.338613	-0.382225	-0.390696	-0.348627	-0.365782	-0.397397	-0.349156	-0.416504	-0.480584	-0.36913	-0.343187	-0.396167	-0.383874	-0.367336	-0.326518	-0.343039	-0.318538	-0.344272	-0.374867	-0.342292	-0.394962	-0.393387	-0.36876	-0.338461	-0.40326	-0.324567	-0.398791	-0.416561	-0.353863	-0.398001	-0.349751	-0.404075	-0.372108	-0.351627	-0.366164	-0.375779	-0.383296	-0.353781	-0.396921	-0.350077	-0.375947	-0.327842	-0.366899	-0.378628	-0.339816	-0.375615	-0.373828	-0.388594	-0.400902	-0.361163	-0.349634	-0.371658	-0.34619	-0.323867	-0.367613	-0.318097	-0.39431	-0.432484	-0.366832	-0.332686	-0.319392	-0.347564	-0.3459	-0.448373	-0.447974	-0.342719	-0.355592	-0.377558	-0.324821	-0.298661	-0.365576	-0.363107	-0.444254	-0.449374	-0.342856	-0.354081	-0.39472	-0.366792	-0.357384	-0.37518	-0.35061	-0.345395	-0.342877	-0.340229	-0.35446	-0.323419	-0.392402	-0.427605	-0.354432	-0.28226	-0.345388	-0.444254	-0.366792	-0.323637	-0.367301	-0.417901	-0.373801	-0.301521	-0.374822	-0.346324	-0.299372	-0.354619	-0.359938	-0.350114	-0.444254	-0.331975	-0.403834	-0.363165	-0.393178	-0.39472	-0.386827	-0.461172	-0.367301	-0.311651	-0.316258	-0.28226	-0.444254	-0.371882	-0.365274	-0.303426	-0.350425	-0.342856	-0.366741	-0.354861	-0.354861	-0.355592	-0.334838	-0.417901	-0.444554	-0.342856	-0.318097	-0.370848	-0.368922	-0.362579	-0.357908	-0.391692	-0.370859	-0.33203	-0.416721	-0.372931	-0.356877	-0.354432	-0.473354	-0.325149	-0.417611	-0.343155	-0.28226	-0.370691	-0.345388	-0.342856	-0.345364	-0.371361	-0.335813	-0.365576	-0.367045	-0.342856	-0.403834	-0.352804	-0.333334	-0.391764	-0.34807	-0.417901	-0.386137	-0.36308	-0.355592	-0.351083	-0.339338	-0.35638	-0.277419	-0.444254	-0.322059	-0.367301	-0.317026	-0.39106	-0.332654	-0.354432	-0.330716	-0.365396	-0.316252	-0.321287	-0.378137	-0.342856	-0.323986	-0.316258	-0.325149	-0.3727	-0.329399	-0.353678	-0.443896	-0.378833	-0.458752	-0.356667	-0.39431	-0.349174	-0.28226	-0.473354	-0.403834	-0.366792	-0.391692	-0.373801	-0.357786	-0.357908	-0.354911	-0.363466	-0.366792	-0.308237	-0.332535	-0.485361	-0.449374	-0.38098	-0.362728	-0.444254	-0.341753	-0.342719	-0.327283	-0.336982	-0.472988	-0.28226	-0.367301	-0.395331	-0.329399	-0.403834	-0.342877	-0.366741	-0.404085	-0.356877	-0.373801	-0.345388	-0.35015	-0.440726	-0.280769	-0.346324	-0.392755	-0.327283	-0.347573	-0.477411	-0.366792	-0.38098	-0.330716	-0.357908	-0.386137	-0.3773	-0.349791	-0.319754	-0.457813	-0.368897	-0.318097	-0.348807	-0.357786	-0.458752	-0.355592	-0.298661	-0.335545	-0.368872	-0.42522
54000	intercept	0.410475	0.419253	0.44389	0.381993	0.457969	0.455786	0.45468	0.423822	0.435679	0.410399	0.409028	0.46275	0.435145	0.452185	0.434948	0.388074	0.378914	0.40806	0.42789	0.408378	0.450012	0.458462	0.3924	0.415065	0.420741	0.423808	0.440365	0.478684	0.408753	0.48723	0.389046	0.409227	0.447401	0.42499	0.42766	0.425211	0.402032	0.4101	0.405689	0.395296	0.461588	0.398173	0.419901	0.428761	0.438191	0.455486	0.411468	0.392982	0.407101	0.399053	0.408753	0.473526	0.407302	0.484977	0.439477	0.414264	0.424558	0.407513	0.440096	0.445957	0.443579	0.422003	0.407305	0.419107	0.442498	0.46746	0.428849	0.417524	0.407934	0.424298	0.424508	0.461403	0.426227	0.397553	0.440393	0.400047	0.360638	0.48128	0.39481	0.465706	0.413948	0.422566	0.419285	0.380654	0.385477	0.404016	0.402344	0.391907	0.456897	0.465913	0.396376	0.425169	0.422731	0.403096	0.430115	0.45478	0.418751	0.433603	0.402804	0.404665	0.422134	0.439824	0.401986	0.450773	0.43207	0.406174	0.399669	0.426761	0.437251	0.399324	0.377463	0.399007	0.386608	0.382208	0.477471	0.460806	0.439563	0.405183	0.371909	0.394674	0.428905	0.444908	0.457995	0.398832	0.440805	0.380387	0.438218	0.391626	0.444961	0.407784	0.412528	0.420951	0.410126	0.408505	0.431262	0.430325	0.431521	0.503713	0.396315	0.403895	0.400711	0.399604	0.432982	0.432483	0.425898	0.420292	0.433093	0.441154	0.396326	0.451525	0.470503	0.39803	0.484103	0.503478	0.476468	0.406778	0.451727	0.459518	0.422613	0.418956	0.421023	0.429276	0.394709	0.456823	0.412374	0.479018	0.47606	0.396279	0.416841	0.427332	0.444235	0.438604	0.444922	0.412444	0.443008	0.39359	0.468228	0.434051	0.38851	0.432917	0.407931	0.435602	0.441949	0.481018	0.412361	0.463613	0.409775	0.465056	0.391677	0.405922	0.441624	0.442066	0.453413	0.437518	0.381452	0.386243	0.460645	0.382904	0.408561	0.424	0.429633	0.504768	0.465963	0.436616	0.391568	0.423613	0.414264	0.407808	0.425589	0.465963	0.375347	0.403241	0.376471	0.427154	0.356917	0.449424	0.40806	0.443754	0.517561	0.375726	0.41197	0.498308	0.411	0.395139	0.51632	0.375726	0.409039	0.440222	0.425474	0.371478	0.438091	0.448242	0.507044	0.381558	0.367093	0.363095	0.439836	0.411	0.438878	0.430855	0.460093	0.398424	0.456605	0.436616	0.423613	0.456605	0.437434	0.37832	0.411893	0.439836	0.408307	0.505837	0.40806	0.424201	0.513289	0.407678	0.485848	0.40806	0.39518	0.443426	0.367093	0.443754	0.435402	0.426504	0.456605	0.37815	0.375726	0.386384	0.381223	0.38045	0.408795	0.375726	0.427781	0.507139	0.375726	0.456349	0.438546	0.45006	0.464823	0.426504	0.505837	0.455844	0.423613	0.440137	0.367044	0.40806	0.381558	0.501589	0.422591	0.501445	0.413687	0.367093	0.466441	0.387372	0.375726	0.38911	0.455844	0.44445	0.449424	0.411893	0.392094	0.505837	0.382498	0.375361	0.501408	0.409826	0.427781	0.446547	0.438029	0.403241	0.396881	0.382748	0.361719	0.365029	0.439836	0.420654	0.401447	0.405287	0.47287	0.452364	0.381558	0.422612	0.38628	0.424482	0.402927	0.457962	0.376784	0.455347	0.443426	0.431601	0.45006	0.408307	0.421122	0.495361	0.457962	0.521291	0.399852	0.504768	0.395842	0.367093	0.501589	0.505837	0.414639	0.505837	0.392287	0.376471	0.426504	0.414732	0.469857	0.395575	0.398446	0.394336	0.501589	0.514288	0.436257	0.411	0.439836	0.414264	0.396139	0.407325	0.414264	0.503513	0.367093	0.40806	0.501408	0.408307	0.505837	0.445467	0.386384	0.483425	0.40806	0.398424	0.363095	0.414264	0.425589	0.37806	0.402802	0.427643	0.414655	0.443775	0.503513	0.411	0.430837	0.422612	0.426504	0.446547	0.411	0.414264	0.425556	0.490004	0.436616	0.456349	0.403241	0.376471	0.521291	0.403241	0.356917	0.420915	0.388256	0.491658
55000	slope	-0.428886	-0.32941	-0.374141	-0.324726	-0.311764	-0.374663	-0.352307	-0.395718	-0.310161	-0.353716	-0.380063	-0.428638	-0.348053	-0.440594	-0.396497	-0.363052	-0.359782	-0.400806	-0.351554	-0.376143	-0.327793	-0.40075	-0.365341	-0.374699	-0.361733	-0.369485	-0.432663	-0.392601	-0.332224	-0.354432	-0.37181	-0.368884	-0.37798	-0.351869	-0.376002	-0.352375	-0.359319	-0.362294	-0.367953	-0.393349	-0.338595	-0.386046	-0.390831	-0.351378	-0.360912	-0.312941	-0.458423	-0.337125	-0.389057	-0.352631	-0.347439	-0.346248	-0.359128	-0.36605	-0.386792	-0.387306	-0.423861	-0.379838	-0.3802	-0.410762	-0.371884	-0.347318	-0.315363	-0.339741	-0.338793	-0.411182	-0.369666	-0.363611	-0.352801	-0.372764	-0.335761	-0.380053	-0.38017	-0.36525	-0.334185	-0.391196	-0.361282	-0.425634	-0.299943	-0.403611	-0.403002	-0.366457	-0.391191	-0.375839	-0.396232	-0.362845	-0.342336	-0.389582	-0.36349	-0.361986	-0.339592	-0.396098	-0.397162	-0.36539	-0.373245	-0.376387	-0.437678	-0.380723	-0.378879	-0.413309	-0.404136	-0.384995	-0.389483	-0.440026	-0.396974	-0.324678	-0.377567	-0.48216	-0.422031	-0.368912	-0.378978	-0.33895	-0.383345	-0.387677	-0.38099	-0.335061	-0.361481	-0.432953	-0.341582	-0.395555	-0.390456	-0.363705	-0.396857	-0.42334	-0.43169	-0.359423	-0.337002	-0.387544	-0.314701	-0.451927	-0.382567	-0.441779	-0.349206	-0.371314	-0.330164	-0.364923	-0.395114	-0.412616	-0.341909	-0.366583	-0.366772	-0.375999	-0.424088	-0.370181	-0.405216	-0.382827	-0.3558	-0.354217	-0.390424	-0.421723	-0.422159	-0.335041	-0.345839	-0.420649	-0.432438	-0.347743	-0.407111	-0.350971	-0.411251	-0.410108	-0.337991	-0.366085	-0.38017	-0.445925	-0.361563	-0.376203	-0.373831	-0.326815	-0.352227	-0.404543	-0.369148	-0.390424	-0.388731	-0.345773	-0.378933	-0.417886	-0.393066	-0.391524	-0.439303	-0.345662	-0.362346	-0.387056	-0.354928	-0.340013	-0.385772	-0.378815	-0.352806	-0.351209	-0.375878	-0.346475	-0.361769	-0.380722	-0.402326	-0.338187	-0.29874	-0.406795	-0.36997	-0.43645	-0.395186	-0.407335	-0.345449	-0.35554	-0.348864	-0.36019	-0.361321	-0.351102	-0.306844	-0.368307	-0.455351	-0.375842	-0.358263	-0.383944	-0.33185	-0.353187	-0.355727	-0.342036	-0.373189	-0.507804	-0.390458	-0.414095	-0.341097	-0.298776	-0.319568	-0.414638	-0.323286	-0.389526	-0.380591	-0.516036	-0.387743	-0.341542	-0.318974	-0.434455	-0.301894	-0.402424	-0.473051	-0.402537	-0.321547	-0.333201	-0.392197	-0.337767	-0.338841	-0.354683	-0.350232	-0.331446	-0.335232	-0.357201	-0.331276	-0.408203	-0.402537	-0.446032	-0.36307	-0.388636	-0.352596	-0.298255	-0.331276	-0.445019	-0.440353	-0.379889	-0.363097	-0.335833	-0.402537	-0.402424	-0.308958	-0.394682	-0.351102	-0.397497	-0.397497	-0.380783	-0.339601	-0.397841	-0.297631	-0.348053	-0.496307	-0.345449	-0.338412	-0.340957	-0.378847	-0.362378	-0.510823	-0.349988	-0.375842	-0.380558	-0.293801	-0.303096	-0.473051	-0.348032	-0.319568	-0.394905	-0.362151	-0.349418	-0.430331	-0.379601	-0.348053	-0.407289	-0.314111	-0.429679	-0.362151	-0.410348	-0.337364	-0.329695	-0.394005	-0.336603	-0.308958	-0.411802	-0.373589	-0.318705	-0.370366	-0.308958	-0.336642	-0.373589	-0.345766	-0.394005	-0.339079	-0.320966	-0.302756	-0.298776	-0.370366	-0.354683	-0.389526	-0.395335	-0.361321	-0.352371	-0.480452	-0.348134	-0.346014	-0.362151	-0.292251	-0.376227	-0.446032	-0.390605	-0.337364	-0.373357	-0.385748	-0.349418	-0.378311	-0.429525	-0.318797	-0.375842	-0.362182	-0.380591	-0.358263	-0.318705	-0.388636	-0.391641	-0.304789	-0.378311	-0.35554	-0.365658	-0.360196	-0.408203	-0.336006	-0.306797	-0.308958	-0.36307	-0.408203	-0.402537	-0.382149	-0.335535	-0.354683	-0.35554	-0.346014	-0.402457	-0.361271	-0.365658	-0.36307	-0.414033	-0.425144	-0.348053	-0.369759	-0.378311	-0.378311	-0.362599	-0.383992	-0.516036	-0.382149	-0.331446	-0.403926	-0.402537	-0.331205	-0.401318	-0.351387	-0.352596	-0.351856	-0.406549	-0.385893	-0.341737	-0.436204	-0.331276	-0.544147	-0.373589	-0.339587	-0.332463	-0.480452	-0.365658	-0.422248	-0.423129	-0.349474	-0.354156	-0.336642	-0.380591
55000	intercept	0.497236	0.36012	0.448062	0.354839	0.385257	0.46424	0.403111	0.450103	0.402324	0.395903	0.415793	0.458272	0.396224	0.455189	0.492872	0.426933	0.438632	0.487807	0.406637	0.429211	0.420111	0.500817	0.423456	0.418663	0.398904	0.425479	0.482109	0.433335	0.411571	0.400356	0.464697	0.453341	0.470397	0.393795	0.439157	0.407896	0.391341	0.454117	0.439418	0.448116	0.422531	0.440164	0.431037	0.378538	0.417343	0.360274	0.482476	0.391217	0.454235	0.396961	0.425964	0.415181	0.431185	0.424451	0.438062	0.431835	0.502543	0.488236	0.419204	0.475569	0.471315	0.39545	0.354002	0.431777	0.349909	0.471985	0.437925	0.428574	0.399308	0.447542	0.36865	0.474298	0.403164	0.429083	0.400544	0.475213	0.455054	0.474556	0.354791	0.472599	0.429581	0.444954	0.437804	0.429371	0.422198	0.449554	0.428797	0.450248	0.431958	0.48214	0.421284	0.460229	0.46871	0.409466	0.448483	0.471006	0.484448	0.42641	0.434341	0.490862	0.463354	0.448964	0.459274	0.460374	0.449339	0.39647	0.446177	0.508521	0.43038	0.462567	0.447982	0.40355	0.444212	0.477308	0.426887	0.397719	0.402829	0.447956	0.44159	0.432904	0.45728	0.436684	0.486084	0.447741	0.438199	0.383494	0.40378	0.428015	0.390673	0.519772	0.448285	0.494265	0.392498	0.392438	0.378532	0.423719	0.483554	0.481733	0.398729	0.455262	0.441023	0.422526	0.433667	0.455252	0.477601	0.416302	0.433364	0.430588	0.465529	0.489346	0.482065	0.425402	0.442831	0.50439	0.496966	0.410336	0.468086	0.392869	0.478403	0.497867	0.41072	0.429778	0.406707	0.480067	0.425569	0.452821	0.418178	0.416431	0.397062	0.494053	0.444522	0.455408	0.469351	0.415419	0.431305	0.478586	0.43607	0.473184	0.521573	0.398162	0.439619	0.456342	0.40747	0.421635	0.443803	0.423833	0.397042	0.408284	0.416115	0.391538	0.385103	0.452085	0.48705	0.42003	0.344009	0.473527	0.407124	0.523772	0.442019	0.467055	0.359451	0.414097	0.374919	0.438239	0.457089	0.414327	0.371876	0.39491	0.486084	0.464825	0.371749	0.422922	0.384966	0.402234	0.392541	0.456545	0.440756	0.499687	0.505765	0.486913	0.412601	0.330982	0.386979	0.489021	0.386121	0.439902	0.382682	0.507545	0.52537	0.437789	0.429281	0.484789	0.329875	0.515549	0.528467	0.496595	0.456545	0.442424	0.434335	0.383993	0.373857	0.413888	0.438239	0.390801	0.434975	0.366711	0.439533	0.494419	0.489316	0.513578	0.415965	0.418451	0.402823	0.376648	0.439533	0.483674	0.514472	0.415255	0.424828	0.401727	0.48953	0.515549	0.387786	0.421166	0.413384	0.439922	0.439922	0.432996	0.37745	0.423861	0.384799	0.396224	0.549116	0.359451	0.369771	0.394554	0.421166	0.393902	0.507545	0.402543	0.464825	0.464549	0.323713	0.376648	0.528467	0.403686	0.386979	0.439922	0.41872	0.403752	0.486084	0.472818	0.396224	0.489009	0.456545	0.47511	0.41872	0.495415	0.391934	0.436773	0.475481	0.374255	0.371081	0.502882	0.465853	0.397917	0.402834	0.371081	0.382436	0.465853	0.414327	0.475481	0.376067	0.416217	0.456545	0.348104	0.402834	0.41403	0.43768	0.486084	0.457089	0.39123	0.514702	0.448377	0.432815	0.421061	0.330982	0.469601	0.510899	0.426039	0.391934	0.39646	0.407212	0.403752	0.428217	0.47304	0.373785	0.469309	0.407503	0.382682	0.373664	0.397917	0.414298	0.442334	0.348104	0.434335	0.424873	0.364754	0.426039	0.494419	0.405965	0.361043	0.371271	0.415965	0.494419	0.496595	0.442334	0.334119	0.41403	0.414097	0.432815	0.429843	0.385475	0.364754	0.415965	0.480277	0.529413	0.396224	0.426039	0.446411	0.434335	0.358772	0.426039	0.507545	0.442334	0.390801	0.50361	0.496722	0.393079	0.414202	0.433516	0.402823	0.401342	0.485601	0.434373	0.395307	0.50744	0.434411	0.477799	0.469601	0.361647	0.36381	0.514702	0.364754	0.524095	0.483674	0.436773	0.36381	0.382436	0.410045
56000	slope	-0.353152	-0.374567	-0.412566	-0.393423	-0.326676	-0.384747	-0.311385	-0.382733	-0.360435	-0.362347	-0.387045	-0.403656	-0.381883	-0.33837	-0.396297	-0.368273	-0.369175	-0.349102	-0.428333	-0.349987	-0.39091	-0.344148	-0.385269	-0.326609	-0.372328	-0.370157	-0.369128	-0.352984	-0.358252	-0.360204	-0.375825	-0.41842	-0.340121	-0.377112	-0.338686	-0.422469	-0.429158	-0.431569	-0.363945	-0.312622	-0.368579	-0.364279	-0.358516	-0.39265	-0.374846	-0.350627	-0.392569	-0.357648	-0.395222	-0.380542	-0.399589	-0.357221	-0.368782	-0.356595	-0.34848	-0.398176	-0.383993	-0.394265	-0.419765	-0.42794	-0.405007	-0.357386	-0.447493	-0.370975	-0.410969	-0.45981	-0.395343	-0.407218	-0.380717	-0.436038	-0.350057	-0.34356	-0.364847	-0.399107	-0.426422	-0.380029	-0.38174	-0.341805	-0.371865	-0.378037	-0.38237	-0.438242	-0.41522	-0.354266	-0.375844	-0.387774	-0.421975	-0.341576	-0.377551	-0.353305	-0.398485	-0.404836	-0.423814	-0.363872	-0.413144	-0.354507	-0.401228	-0.337625	-0.388142	-0.373142	-0.445792	-0.405874	-0.427132	-0.426739	-0.382567	-0.383207	-0.406808	-0.388337	-0.411492	-0.352517	-0.378008	-0.395019	-0.361947	-0.3621	-0.386421	-0.361465	-0.41676	-0.408707	-0.333412	-0.399997	-0.403378	-0.365595	-0.369128	-0.380862	-0.38643	-0.363802	-0.368496	-0.36377	-0.343471	-0.42841	-0.343126	-0.38934	-0.405264	-0.34771	-0.39213	-0.351768	-0.410022	-0.404914	-0.396118	-0.374185	-0.365348	-0.380069	-0.416023	-0.384139	-0.45402	-0.37974	-0.395232	-0.335315	-0.362503	-0.335369	-0.370068	-0.355975	-0.417487	-0.408661	-0.374046	-0.400685	-0.368038	-0.375116	-0.438208	-0.355202	-0.397997	-0.413028	-0.37692	-0.380838	-0.341756	-0.362716	-0.36341	-0.414284	-0.374157	-0.360239	-0.461748	-0.354479	-0.419629	-0.376645	-0.377999	-0.339919	-0.371338	-0.373808	-0.364233	-0.40676	-0.334558	-0.358226	-0.385247	-0.359625	-0.412573	-0.388475	-0.419609	-0.363915	-0.388167	-0.407001	-0.373857	-0.367216	-0.38129	-0.356092	-0.422581	-0.339784	-0.340981	-0.429339	-0.386577	-0.367242	-0.468551	-0.405559	-0.370105	-0.344973	-0.38892	-0.420997	-0.389628	-0.420997	-0.357103	-0.373388	-0.324322	-0.38027	-0.360961	-0.377007	-0.439379	-0.364233	-0.368474	-0.424048	-0.323264	-0.411724	-0.433992	-0.37025	-0.361488	-0.34527	-0.359483	-0.370955	-0.324322	-0.368474	-0.397011	-0.358092	-0.309865	-0.357641	-0.298979	-0.376153	-0.366002	-0.305853	-0.391869	-0.384172	-0.378866	-0.410612	-0.392418	-0.38892	-0.323393	-0.339259	-0.4009	-0.43946	-0.370105	-0.459498	-0.449768	-0.366647	-0.371707	-0.370426	-0.366002	-0.357103	-0.319721	-0.322407	-0.353259	-0.308402	-0.373548	-0.452734	-0.307296	-0.328569	-0.309465	-0.321375	-0.358092	-0.329465	-0.375789	-0.372504	-0.462613	-0.380788	-0.384172	-0.38892	-0.328247	-0.328569	-0.360456	-0.374564	-0.334091	-0.371108	-0.433992	-0.39086	-0.404661	-0.406257	-0.38512	-0.354022	-0.371268	-0.377621	-0.326881	-0.319721	-0.371651	-0.326855	-0.358476	-0.36393	-0.35666	-0.447612	-0.342383	-0.353764	-0.341572	-0.454215	-0.378221	-0.304157	-0.331864	-0.470076	-0.322924	-0.447612	-0.369945	-0.449768	-0.461168	-0.328247	-0.38892	-0.378221	-0.366586	-0.41522	-0.368165	-0.424048	-0.359506	-0.364141	-0.309465	-0.37025	-0.364935	-0.411717	-0.444779	-0.368617	-0.43946	-0.314616	-0.386745	-0.32592	-0.452734	-0.397011	-0.390072	-0.364141	-0.376153	-0.355246	-0.325798	-0.377515	-0.470076	-0.394491	-0.371502	-0.355246	-0.409435	-0.31403	-0.360533	-0.322194	-0.460884	-0.389119	-0.38027	-0.460424	-0.392943	-0.37025	-0.319355	-0.355246	-0.335698	-0.351842	-0.4009	-0.371254	-0.355588	-0.366022	-0.392959	-0.467354	-0.319279	-0.447973	-0.319721	-0.468648	-0.459498	-0.446819	-0.365787	-0.357596	-0.384172	-0.357641	-0.384172	-0.351306	-0.382516	-0.371651	-0.37025	-0.436549	-0.391667	-0.383198	-0.371707	-0.400687	-0.369945	-0.413032	-0.414807	-0.310194	-0.447612	-0.456268	-0.322431	-0.366909	-0.325798	-0.360533	-0.395953	-0.322194	-0.354022	-0.319721	-0.447973	-0.426649	-0.358476	-0.390072	-0.447612	-0.421369	-0.384335	-0.357641
56000	intercept	0.436851	0.415819	0.46775	0.428575	0.405582	0.456776	0.384472	0.474159	0.40306	0.38918	0.467186	0.477365	0.417749	0.377442	0.4574	0.435224	0.441946	0.369661	0.500754	0.464146	0.445643	0.438153	0.426977	0.400372	0.447048	0.438008	0.39783	0.419402	0.428299	0.435692	0.441107	0.496068	0.376396	0.437344	0.40165	0.498708	0.509197	0.483216	0.448253	0.382013	0.431954	0.407741	0.384644	0.405636	0.442479	0.395652	0.442305	0.381443	0.435399	0.442626	0.469699	0.476443	0.428547	0.408334	0.371273	0.44701	0.475051	0.458114	0.496572	0.483001	0.426498	0.427944	0.521457	0.412635	0.457275	0.517944	0.472734	0.460294	0.454973	0.506735	0.399322	0.400467	0.414179	0.447547	0.466561	0.452523	0.450425	0.38986	0.432644	0.446042	0.45842	0.497322	0.503361	0.393951	0.428398	0.449712	0.520475	0.418305	0.398192	0.384729	0.462314	0.505645	0.476252	0.464942	0.479075	0.423268	0.472659	0.400227	0.454973	0.410636	0.507826	0.466496	0.480107	0.514239	0.443654	0.425871	0.515763	0.484524	0.493794	0.387957	0.448835	0.417996	0.401973	0.393669	0.459293	0.409566	0.486429	0.476722	0.399245	0.43155	0.464925	0.42791	0.39783	0.434518	0.474871	0.450076	0.40637	0.439263	0.42407	0.462448	0.417982	0.435463	0.459125	0.425746	0.431075	0.369729	0.4863	0.443226	0.455235	0.435876	0.403575	0.438733	0.495024	0.434023	0.517889	0.409253	0.449202	0.383505	0.449763	0.388819	0.41025	0.400241	0.46741	0.449726	0.427481	0.501448	0.430492	0.431111	0.508258	0.42712	0.452944	0.48341	0.430925	0.431754	0.405722	0.414363	0.438959	0.480976	0.422625	0.452763	0.524645	0.41394	0.510427	0.400601	0.436284	0.438402	0.410389	0.435183	0.42362	0.448634	0.443985	0.448755	0.429652	0.428398	0.499597	0.456399	0.495773	0.429164	0.422573	0.482972	0.446042	0.422238	0.488426	0.419613	0.473948	0.377832	0.424301	0.513149	0.427406	0.441835	0.520467	0.462078	0.351374	0.468901	0.501218	0.459245	0.445751	0.487279	0.390111	0.497023	0.403262	0.463641	0.369057	0.455368	0.525325	0.42362	0.401009	0.456577	0.420015	0.497368	0.456814	0.448837	0.386009	0.322854	0.432642	0.377609	0.403262	0.393334	0.404902	0.384424	0.403328	0.438075	0.376876	0.470888	0.42825	0.407125	0.435342	0.459734	0.434978	0.502198	0.397226	0.502198	0.407125	0.379178	0.463688	0.458205	0.351374	0.513578	0.532143	0.440928	0.423177	0.444668	0.42825	0.390111	0.386514	0.471626	0.397191	0.369829	0.351374	0.538752	0.419328	0.3567	0.38324	0.387701	0.397035	0.407125	0.446188	0.416792	0.513578	0.472847	0.459734	0.502198	0.431843	0.3567	0.409098	0.444668	0.379347	0.425359	0.456814	0.441747	0.470255	0.502198	0.468898	0.383689	0.42362	0.41234	0.419328	0.382158	0.399153	0.385775	0.38276	0.322372	0.484642	0.513364	0.375023	0.388137	0.409607	0.508104	0.38478	0.407125	0.382158	0.508104	0.444591	0.513364	0.413177	0.53111	0.528833	0.431843	0.501218	0.38478	0.415833	0.48654	0.406139	0.467039	0.475909	0.397332	0.38324	0.451168	0.397226	0.467983	0.53111	0.409178	0.458205	0.407125	0.416792	0.41423	0.525272	0.404902	0.451296	0.397332	0.470888	0.367205	0.407125	0.468847	0.508104	0.445751	0.466816	0.367205	0.520499	0.422896	0.457051	0.381597	0.535712	0.510557	0.472847	0.504668	0.456404	0.450503	0.387701	0.358806	0.490218	0.411082	0.463688	0.397226	0.40077	0.42362	0.470255	0.510304	0.38324	0.506625	0.382872	0.51281	0.513578	0.492192	0.401988	0.388376	0.459734	0.438075	0.447919	0.379178	0.465126	0.399153	0.435555	0.467983	0.446188	0.413821	0.423177	0.489743	0.402587	0.498494	0.510289	0.38324	0.513364	0.486354	0.357937	0.420014	0.407125	0.500332	0.431192	0.381597	0.383689	0.382158	0.504668	0.513578	0.381134	0.446745	0.509884	0.484592	0.438044	0.438075
57000	slope	-0.356411	-0.392879	-0.427451	-0.379516	-0.4347	-0.462267	-0.370624	-0.344271	-0.355979	-0.462519	-0.414514	-0.465426	-0.416244	-0.377311	-0.429512	-0.458092	-0.422836	-0.394142	-0.38312	-0.352797	-0.388662	-0.3563	-0.368776	-0.374371	-0.386643	-0.380887	-0.384521	-0.401089	-0.344169	-0.412147	-0.396968	-0.470529	-0.397595	-0.404601	-0.376887	-0.386764	-0.369515	-0.364816	-0.433445	-0.372941	-0.346433	-0.409648	-0.356672	-0.402064	-0.356128	-0.393662	-0.352435	-0.415336	-0.378306	-0.371861	-0.35968	-0.405603	-0.406557	-0.353852	-0.460376	-0.457586	-0.407767	-0.420797	-0.357676	-0.375427	-0.384659	-0.341019	-0.432097	-0.33022	-0.348248	-0.43835	-0.391599	-0.450006	-0.436155	-0.381778	-0.436881	-0.44019	-0.363146	-0.416151	-0.427108	-0.39326	-0.378989	-0.355214	-0.339301	-0.334775	-0.396503	-0.395268	-0.358958	-0.470399	-0.359486	-0.362215	-0.33737	-0.368998	-0.445151	-0.400689	-0.383462	-0.369476	-0.393548	-0.353832	-0.424798	-0.429347	-0.357762	-0.456926	-0.417006	-0.40617	-0.467244	-0.356944	-0.396758	-0.39156	-0.379602	-0.370193	-0.337558	-0.417933	-0.410267	-0.470671	-0.442924	-0.415404	-0.413813	-0.429483	-0.34324	-0.369907	-0.353806	-0.346424	-0.436799	-0.429512	-0.369403	-0.429793	-0.378747	-0.43835	-0.42309	-0.362304	-0.348559	-0.394049	-0.434786	-0.346028	-0.414143	-0.346236	-0.374494	-0.384222	-0.45098	-0.340363	-0.411098	-0.418314	-0.401841	-0.39699	-0.48265	-0.445424	-0.418249	-0.367078	-0.409196	-0.34638	-0.391172	-0.433238	-0.408368	-0.426233	-0.420415	-0.417327	-0.423987	-0.414202	-0.443049	-0.344823	-0.382312	-0.377895	-0.352123	-0.368918	-0.442882	-0.341101	-0.405107	-0.377005	-0.421959	-0.437888	-0.351484	-0.40636	-0.394672	-0.379611	-0.413453	-0.432606	-0.346841	-0.321902	-0.462654	-0.383606	-0.376565	-0.482979	-0.41224	-0.45096	-0.403801	-0.377829	-0.419892	-0.340919	-0.442684	-0.444164	-0.352208	-0.427661	-0.437304	-0.366899	-0.41385	-0.382758	-0.41455	-0.377766	-0.424543	-0.420047	-0.391546	-0.365541	-0.435139	-0.361018	-0.476745	-0.495003	-0.36104	-0.479947	-0.378931	-0.378244	-0.390416	-0.39792	-0.467737	-0.353263	-0.469802	-0.331875	-0.446043	-0.38103	-0.370978	-0.321417	-0.474959	-0.487781	-0.39155	-0.487781	-0.331875	-0.366689	-0.488199	-0.36929	-0.371622	-0.38612	-0.384362	-0.452032	-0.476018	-0.477014	-0.47262	-0.31819	-0.39155	-0.474959	-0.486663	-0.409352	-0.357898	-0.50582	-0.409352	-0.358158	-0.367242	-0.376485	-0.33094	-0.350692	-0.351553	-0.479118	-0.355273	-0.356004	-0.350692	-0.357284	-0.323781	-0.35854	-0.341973	-0.385021	-0.369516	-0.376474	-0.370209	-0.381606	-0.317153	-0.378931	-0.476745	-0.366971	-0.481885	-0.405808	-0.444611	-0.409352	-0.395833	-0.374362	-0.373084	-0.404589	-0.374114	-0.353263	-0.392726	-0.358158	-0.326962	-0.309539	-0.370209	-0.333167	-0.353834	-0.335931	-0.328835	-0.376485	-0.356888	-0.478975	-0.353539	-0.448115	-0.496678	-0.337174	-0.371787	-0.509898	-0.50582	-0.314778	-0.40787	-0.476745	-0.323203	-0.409352	-0.355004	-0.486663	-0.358695	-0.354166	-0.476475	-0.347538	-0.365327	-0.333167	-0.378931	-0.339655	-0.478975	-0.510519	-0.357995	-0.40787	-0.479947	-0.409352	-0.509898	-0.443264	-0.508882	-0.411184	-0.411813	-0.38612	-0.38653	-0.385646	-0.469802	-0.443264	-0.39155	-0.371787	-0.45657	-0.368943	-0.339964	-0.323203	-0.374114	-0.366826	-0.39155	-0.346007	-0.443264	-0.335835	-0.40787	-0.441475	-0.371622	-0.343501	-0.31819	-0.323781	-0.397447	-0.326356	-0.353834	-0.479118	-0.359436	-0.486663	-0.439956	-0.411184	-0.488698	-0.476475	-0.359207	-0.409352	-0.393201	-0.399845	-0.368943	-0.337174	-0.343194	-0.509898	-0.331875	-0.486663	-0.350579	-0.347663	-0.481885	-0.393201	-0.386234	-0.481663	-0.332028	-0.481663	-0.374378	-0.489559	-0.469802	-0.388912	-0.368312	-0.3426	-0.504195	-0.443264	-0.347663	-0.370209	-0.470205	-0.342817	-0.377744	-0.328835	-0.47597	-0.316634	-0.374114	-0.388443	-0.434734	-0.381108	-0.39155	-0.385646	-0.366689	-0.50582	-0.31819	-0.347663	-0.398667	-0.321417	-0.443264	-0.383524	-0.357995	-0.367284
57000	intercept	0.445215	0.445552	0.482605	0.415952	0.490966	0.50743	0.417821	0.422287	0.435227	0.509405	0.449836	0.526585	0.463273	0.426648	0.45354	0.474573	0.469998	0.434677	0.392152	0.432122	0.424181	0.427686	0.404158	0.394297	0.435251	0.447128	0.456806	0.460455	0.405645	0.46001	0.448192	0.508207	0.470629	0.412816	0.42811	0.469071	0.421787	0.428856	0.501359	0.420566	0.404995	0.466312	0.393877	0.458379	0.396909	0.462894	0.390806	0.472327	0.407595	0.425022	0.42108	0.45844	0.512837	0.442486	0.514293	0.488198	0.442647	0.472368	0.413198	0.419235	0.447822	0.460397	0.465507	0.450826	0.407696	0.495006	0.489905	0.471672	0.469512	0.399287	0.461254	0.478437	0.427424	0.465042	0.477629	0.437699	0.466291	0.439848	0.419844	0.386576	0.492647	0.429559	0.416657	0.497245	0.412784	0.432624	0.418536	0.419233	0.47926	0.476233	0.394772	0.437518	0.444321	0.439849	0.471271	0.467109	0.377616	0.525665	0.498273	0.468671	0.547709	0.469975	0.414113	0.457262	0.428555	0.439051	0.386079	0.496108	0.478618	0.541555	0.493305	0.453865	0.483541	0.496127	0.391552	0.458685	0.485195	0.408134	0.489595	0.454235	0.425313	0.505159	0.438556	0.480192	0.488269	0.392495	0.409304	0.468268	0.449914	0.423481	0.482544	0.419127	0.429833	0.462943	0.490425	0.423533	0.491347	0.468982	0.465582	0.455766	0.519076	0.479865	0.471051	0.411277	0.509487	0.397021	0.428578	0.456166	0.454862	0.539333	0.469682	0.448868	0.480929	0.465786	0.485474	0.387702	0.402407	0.449643	0.404292	0.426867	0.477276	0.400491	0.492842	0.419695	0.457107	0.513595	0.387153	0.474226	0.477493	0.413044	0.465312	0.471232	0.407486	0.418063	0.504242	0.440871	0.447581	0.528702	0.461027	0.485144	0.475121	0.459174	0.498699	0.400811	0.496152	0.48534	0.391112	0.464538	0.472123	0.413386	0.501153	0.449156	0.488288	0.421653	0.50628	0.477801	0.426298	0.447133	0.475816	0.417543	0.528749	0.513664	0.394031	0.525818	0.460379	0.410198	0.448979	0.449288	0.525381	0.412075	0.553212	0.396806	0.501289	0.399287	0.400833	0.393626	0.525766	0.532641	0.458162	0.532641	0.397517	0.440219	0.528923	0.437902	0.440346	0.442772	0.448979	0.528749	0.531514	0.545667	0.531514	0.397138	0.458162	0.525766	0.534025	0.4422	0.463373	0.532806	0.437487	0.389451	0.400192	0.463373	0.423281	0.409533	0.428187	0.525766	0.388615	0.37979	0.409533	0.416344	0.396001	0.381463	0.379383	0.443278	0.412724	0.42773	0.436091	0.449288	0.397138	0.460379	0.528749	0.405559	0.534025	0.506708	0.490126	0.444484	0.424981	0.43817	0.390189	0.440342	0.495144	0.412075	0.463194	0.389451	0.412473	0.440419	0.436091	0.516028	0.390684	0.386079	0.378829	0.463373	0.380558	0.519115	0.494886	0.540391	0.53006	0.382032	0.443382	0.513894	0.554571	0.38631	0.423226	0.528749	0.401796	0.408975	0.389211	0.534025	0.42318	0.389478	0.528923	0.463373	0.424032	0.504465	0.460379	0.428187	0.519115	0.514018	0.444873	0.423226	0.525818	0.4422	0.513894	0.522657	0.528931	0.421077	0.414422	0.448221	0.397175	0.404999	0.545667	0.522035	0.458162	0.443382	0.542206	0.464396	0.394031	0.426949	0.495144	0.387864	0.458162	0.42485	0.520028	0.394031	0.423226	0.479735	0.440346	0.369868	0.397138	0.39037	0.447598	0.382469	0.390684	0.525766	0.388601	0.534025	0.490126	0.421077	0.511764	0.528923	0.389211	0.408975	0.442772	0.451905	0.448432	0.382032	0.390684	0.513894	0.396806	0.520966	0.409508	0.420079	0.534025	0.449676	0.452992	0.480318	0.374674	0.480318	0.462171	0.511764	0.545667	0.465884	0.430566	0.424032	0.519341	0.522315	0.402544	0.436091	0.528923	0.448219	0.462171	0.385409	0.535125	0.393549	0.495144	0.452326	0.51361	0.415122	0.458162	0.404999	0.436766	0.526111	0.397138	0.420079	0.418139	0.393626	0.522315	0.418139	0.451209	0.412473
58000	slope	-0.380307	-0.358569	-0.359012	-0.347355	-0.380553	-0.341058	-0.455082	-0.436037	-0.451033	-0.365209	-0.409006	-0.352334	-0.437912	-0.480071	-0.364708	-0.469	-0.360302	-0.386415	-0.393238	-0.379887	-0.404864	-0.440092	-0.436237	-0.385198	-0.364893	-0.354748	-0.448738	-0.423751	-0.43148	-0.345406	-0.42492	-0.319322	-0.332231	-0.357513	-0.354412	-0.358162	-0.359603	-0.423521	-0.401656	-0.448738	-0.344864	-0.387339	-0.374734	-0.424925	-0.366808	-0.375227	-0.403728	-0.368925	-0.415253	-0.407106	-0.408096	-0.383794	-0.34067	-0.365706	-0.457023	-0.411333	-0.442126	-0.444795	-0.432621	-0.346244	-0.354943	-0.397621	-0.38353	-0.359263	-0.428762	-0.33856	-0.389318	-0.355635	-0.346863	-0.368525	-0.35226	-0.336191	-0.347245	-0.346338	-0.458739	-0.38196	-0.341769	-0.415552	-0.414145	-0.42473	-0.367854	-0.398623	-0.374102	-0.47729	-0.371227	-0.420897	-0.333767	-0.390281	-0.412769	-0.427554	-0.433137	-0.423378	-0.440981	-0.371853	-0.375045	-0.363667	-0.392937	-0.403593	-0.370322	-0.344336	-0.377198	-0.427333	-0.367064	-0.459232	-0.352235	-0.337392	-0.344192	-0.428498	-0.390595	-0.426809	-0.366459	-0.425424	-0.359451	-0.371521	-0.337278	-0.375525	-0.396227	-0.347628	-0.399217	-0.377	-0.4744	-0.423519	-0.318521	-0.448179	-0.377941	-0.360396	-0.420222	-0.362217	-0.400119	-0.369763	-0.351252	-0.365748	-0.361224	-0.371202	-0.371254	-0.386587	-0.377794	-0.412992	-0.344493	-0.374348	-0.385209	-0.382056	-0.365664	-0.347257	-0.354999	-0.354525	-0.374703	-0.358925	-0.335211	-0.358028	-0.379656	-0.403258	-0.357998	-0.370602	-0.487627	-0.41723	-0.359811	-0.401571	-0.356302	-0.358277	-0.321734	-0.386681	-0.425567	-0.343577	-0.43022	-0.424572	-0.391697	-0.365761	-0.414666	-0.443394	-0.357545	-0.361949	-0.443413	-0.395149	-0.398347	-0.327735	-0.391983	-0.429075	-0.379873	-0.340907	-0.397512	-0.409599	-0.370587	-0.434034	-0.359485	-0.355862	-0.409234	-0.38077	-0.427592	-0.435023	-0.370776	-0.425615	-0.357072	-0.347182	-0.340828	-0.344848	-0.352581	-0.312744	-0.416823	-0.362162	-0.340471	-0.375323	-0.395612	-0.354633	-0.41496	-0.344332	-0.371448	-0.490512	-0.369708	-0.368356	-0.406195	-0.348382	-0.451359	-0.344742	-0.414805	-0.46146	-0.324698	-0.406195	-0.340797	-0.351217	-0.329709	-0.388575	-0.407502	-0.490512	-0.46963	-0.371915	-0.400657	-0.375323	-0.339436	-0.388575	-0.347255	-0.446484	-0.359625	-0.361279	-0.312827	-0.491161	-0.324698	-0.354592	-0.328835	-0.324698	-0.359419	-0.360832	-0.43473	-0.465146	-0.395612	-0.446484	-0.316154	-0.419413	-0.328835	-0.405159	-0.392527	-0.320508	-0.320491	-0.400657	-0.369442	-0.352324	-0.423928	-0.451359	-0.337462	-0.362888	-0.324698	-0.406195	-0.359262	-0.366083	-0.3283	-0.337462	-0.337704	-0.319277	-0.46146	-0.436042	-0.395295	-0.369107	-0.441662	-0.363934	-0.388575	-0.371448	-0.34377	-0.394994	-0.365186	-0.369442	-0.357427	-0.359625	-0.324698	-0.365186	-0.376047	-0.387732	-0.37249	-0.383849	-0.382396	-0.400657	-0.367731	-0.392527	-0.369944	-0.320506	-0.486169	-0.307916	-0.383849	-0.328835	-0.486169	-0.352324	-0.367496	-0.332947	-0.460729	-0.349914	-0.350892	-0.33848	-0.337121	-0.350209	-0.42377	-0.369708	-0.483739	-0.405376	-0.312849	-0.356081	-0.342412	-0.289939	-0.357427	-0.465146	-0.394994	-0.490512	-0.465239	-0.356081	-0.465146	-0.337121	-0.348211	-0.361544	-0.391702	-0.464068	-0.312827	-0.374901	-0.355858	-0.465239	-0.370939	-0.352324	-0.369708	-0.388064	-0.320621	-0.386561	-0.356008	-0.384449	-0.490512	-0.361503	-0.426799	-0.339318	-0.410662	-0.414903	-0.333754	-0.451359	-0.337462	-0.453691	-0.364187	-0.446484	-0.422986	-0.371448	-0.382203	-0.365505	-0.361503	-0.324698	-0.374231	-0.366898	-0.361544	-0.371009	-0.459573	-0.319277	-0.359761	-0.345334	-0.487882	-0.462715	-0.336317	-0.385312	-0.324698	-0.414805	-0.468949	-0.383139	-0.320621	-0.316344	-0.356008	-0.348352	-0.366113	-0.370005	-0.453691	-0.402831	-0.371915	-0.451359	-0.337121	-0.354592	-0.422986	-0.369552	-0.372449	-0.382203	-0.341343	-0.337121	-0.490512	-0.342412	-0.373922	-0.350735	-0.465239	-0.374625	-0.350735	-0.419413
58000	intercept	0.401411	0.419867	0.436072	0.424063	0.43418	0.390808	0.518976	0.476096	0.505489	0.373762	0.476579	0.396188	0.483778	0.538214	0.397767	0.482065	0.406305	0.445469	0.433553	0.407822	0.475617	0.471034	0.496895	0.422993	0.406048	0.392043	0.503274	0.483697	0.492339	0.424704	0.490375	0.405045	0.430741	0.414479	0.408552	0.391925	0.427731	0.48937	0.442235	0.490195	0.446948	0.437038	0.428181	0.4666	0.453843	0.432909	0.476802	0.428766	0.488165	0.478773	0.433072	0.411931	0.426193	0.450403	0.493739	0.48481	0.516321	0.505342	0.471939	0.437768	0.418869	0.464579	0.452708	0.394992	0.474221	0.426039	0.42619	0.419261	0.421784	0.415165	0.408961	0.429694	0.428779	0.434661	0.52814	0.434131	0.414852	0.457741	0.493256	0.499729	0.425486	0.481837	0.44366	0.543676	0.437838	0.482843	0.407676	0.451502	0.473172	0.478561	0.510681	0.448115	0.479386	0.428182	0.397317	0.398398	0.447552	0.490498	0.443549	0.4323	0.435843	0.499446	0.428837	0.49073	0.443462	0.37892	0.398913	0.495438	0.452143	0.498077	0.413291	0.53264	0.420998	0.402874	0.431844	0.415539	0.476975	0.401103	0.446104	0.431081	0.532071	0.411832	0.403114	0.512104	0.434339	0.453551	0.488021	0.417618	0.456599	0.445028	0.421197	0.428978	0.440723	0.431271	0.42088	0.388507	0.426988	0.503067	0.41818	0.423614	0.440435	0.424362	0.396234	0.42511	0.426936	0.427397	0.416694	0.414306	0.434743	0.401158	0.445718	0.474859	0.416819	0.39333	0.53761	0.477569	0.43089	0.491121	0.437999	0.407357	0.423757	0.458274	0.511809	0.41242	0.485817	0.490223	0.420966	0.405345	0.479088	0.477092	0.407781	0.396742	0.499248	0.493146	0.479579	0.457167	0.513527	0.480233	0.479535	0.379962	0.510938	0.484819	0.411572	0.494624	0.445294	0.421518	0.478446	0.448282	0.510077	0.508784	0.429676	0.498304	0.412369	0.426895	0.41016	0.421755	0.397975	0.403114	0.482213	0.418047	0.420043	0.429343	0.483772	0.4367	0.47297	0.437557	0.426459	0.533022	0.422946	0.40169	0.431451	0.393177	0.529803	0.384589	0.458861	0.551265	0.40908	0.431451	0.361006	0.401616	0.385462	0.407707	0.385362	0.521997	0.543405	0.440149	0.424663	0.429343	0.431487	0.407707	0.427814	0.458807	0.417401	0.440149	0.410123	0.530996	0.442245	0.424019	0.39558	0.40908	0.478077	0.421734	0.456319	0.533597	0.483772	0.458807	0.415482	0.48674	0.39558	0.423973	0.499812	0.430652	0.429173	0.424663	0.416661	0.400285	0.429906	0.545766	0.435761	0.445345	0.411604	0.431451	0.437557	0.394803	0.416668	0.441487	0.437557	0.42184	0.536853	0.429906	0.460374	0.375986	0.531269	0.365965	0.411654	0.439257	0.450603	0.454003	0.440149	0.428101	0.427633	0.417401	0.442245	0.440149	0.445345	0.450304	0.375986	0.476331	0.421466	0.424663	0.386434	0.499812	0.437015	0.42853	0.524833	0.437557	0.476331	0.39558	0.538554	0.400285	0.428207	0.4279	0.528038	0.428722	0.426338	0.426338	0.426338	0.409824	0.456479	0.41452	0.55499	0.463394	0.413502	0.41803	0.453856	0.437557	0.427633	0.547834	0.447667	0.533022	0.528038	0.41409	0.547834	0.426338	0.454888	0.423391	0.372229	0.554331	0.410123	0.45541	0.421734	0.519586	0.451656	0.400285	0.439268	0.388507	0.410593	0.380829	0.401616	0.410506	0.533022	0.431106	0.441923	0.401148	0.465815	0.412657	0.374276	0.530663	0.447144	0.525877	0.426239	0.458807	0.465536	0.440149	0.426239	0.417836	0.431106	0.408474	0.434965	0.36675	0.440556	0.407707	0.526175	0.42184	0.417969	0.428181	0.533022	0.528789	0.413243	0.447701	0.40908	0.458861	0.536899	0.417512	0.410593	0.405254	0.401616	0.396017	0.402054	0.424019	0.532651	0.437563	0.440149	0.516744	0.426338	0.409242	0.465536	0.451656	0.451656	0.426239	0.417098	0.426338	0.533022	0.454204	0.45541	0.417215	0.528038	0.476331	0.444676	0.48674
59000	slope	-0.369486	-0.403088	-0.36499	-0.435286	-0.353292	-0.376712	-0.408099	-0.323252	-0.365934	-0.349523	-0.334205	-0.363418	-0.366395	-0.344554	-0.369162	-0.407475	-0.376087	-0.363529	-0.355603	-0.379098	-0.403405	-0.327367	-0.367045	-0.413967	-0.340992	-0.366548	-0.422807	-0.337177	-0.336902	-0.456376	-0.36836	-0.34681	-0.437929	-0.349166	-0.408313	-0.343704	-0.35548	-0.323115	-0.360017	-0.441918	-0.352445	-0.365404	-0.380503	-0.376185	-0.407471	-0.355979	-0.359849	-0.37287	-0.414653	-0.3523	-0.372575	-0.370024	-0.345219	-0.421712	-0.352365	-0.340925	-0.351209	-0.36378	-0.441138	-0.42059	-0.366806	-0.373275	-0.347831	-0.420264	-0.420994	-0.368236	-0.348236	-0.421484	-0.373207	-0.345225	-0.355738	-0.363388	-0.371755	-0.392261	-0.336434	-0.363071	-0.347359	-0.47406	-0.383178	-0.385687	-0.365839	-0.350217	-0.3638	-0.368716	-0.371828	-0.382545	-0.477816	-0.341566	-0.340696	-0.371892	-0.439238	-0.33206	-0.348747	-0.325749	-0.40003	-0.361006	-0.386049	-0.381597	-0.358727	-0.438599	-0.431711	-0.341036	-0.420319	-0.334431	-0.458235	-0.354042	-0.363386	-0.366984	-0.382525	-0.358552	-0.342919	-0.359981	-0.342754	-0.366826	-0.411993	-0.358448	-0.373547	-0.371093	-0.427684	-0.374758	-0.389686	-0.365141	-0.458111	-0.457683	-0.373233	-0.438931	-0.327541	-0.353442	-0.351445	-0.390599	-0.383755	-0.342547	-0.35259	-0.374635	-0.367055	-0.415853	-0.390098	-0.391926	-0.354729	-0.42234	-0.403195	-0.370873	-0.3406	-0.44601	-0.376691	-0.351531	-0.363483	-0.347822	-0.405628	-0.342225	-0.342435	-0.371034	-0.408746	-0.366432	-0.367205	-0.363283	-0.413335	-0.379098	-0.335002	-0.332981	-0.353829	-0.32243	-0.334503	-0.349359	-0.373183	-0.402014	-0.393779	-0.361632	-0.355061	-0.399438	-0.381131	-0.359304	-0.393424	-0.42614	-0.37288	-0.365622	-0.380814	-0.384193	-0.385088	-0.34673	-0.369513	-0.335002	-0.449858	-0.354949	-0.389513	-0.36321	-0.358243	-0.393648	-0.344979	-0.330584	-0.390831	-0.408679	-0.37931	-0.348237	-0.333081	-0.379577	-0.369491	-0.344403	-0.336888	-0.383934	-0.334898	-0.455198	-0.368664	-0.32951	-0.387153	-0.32951	-0.368664	-0.342214	-0.360601	-0.35746	-0.327416	-0.387153	-0.387511	-0.414216	-0.319613	-0.361428	-0.353525	-0.387511	-0.387732	-0.334898	-0.455198	-0.46272	-0.39411	-0.442799	-0.389431	-0.387732	-0.372031	-0.343696	-0.375288	-0.324744	-0.332095	-0.35746	-0.35503	-0.35623	-0.444807	-0.315847	-0.368664	-0.342214	-0.502283	-0.445837	-0.391861	-0.361428	-0.344247	-0.341812	-0.413339	-0.33245	-0.387511	-0.345108	-0.352446	-0.360832	-0.40372	-0.346765	-0.34866	-0.340604	-0.369128	-0.365971	-0.517347	-0.378242	-0.341019	-0.389895	-0.347795	-0.344212	-0.348227	-0.375887	-0.39411	-0.394654	-0.444807	-0.361428	-0.372031	-0.363277	-0.387511	-0.366353	-0.386341	-0.375887	-0.506764	-0.365871	-0.368664	-0.365871	-0.40449	-0.391861	-0.346827	-0.365344	-0.341812	-0.356504	-0.470444	-0.386599	-0.360832	-0.40449	-0.359042	-0.39411	-0.338365	-0.368664	-0.365871	-0.453514	-0.324744	-0.510627	-0.514189	-0.386599	-0.323799	-0.38291	-0.474208	-0.372031	-0.363836	-0.352679	-0.352679	-0.498592	-0.349381	-0.355096	-0.375887	-0.342214	-0.352446	-0.473084	-0.433467	-0.502589	-0.323799	-0.374204	-0.385959	-0.361521	-0.33479	-0.502283	-0.346695	-0.359042	-0.391861	-0.344768	-0.319073	-0.375887	-0.374428	-0.421436	-0.379856	-0.344027	-0.382049	-0.453514	-0.372031	-0.428188	-0.451285	-0.335895	-0.37815	-0.392408	-0.368664	-0.385854	-0.447766	-0.365344	-0.323799	-0.360832	-0.328366	-0.360832	-0.35746	-0.376087	-0.502283	-0.446484	-0.370325	-0.372031	-0.356504	-0.328366	-0.360832	-0.376204	-0.368013	-0.387511	-0.337859	-0.35019	-0.348227	-0.468397	-0.334898	-0.364307	-0.360832	-0.360832	-0.380585	-0.361428	-0.39785	-0.325224	-0.502365	-0.30945	-0.490375	-0.337524	-0.313269	-0.384112	-0.396135	-0.38042	-0.353007	-0.406469	-0.360601	-0.289137	-0.347795	-0.335895	-0.421436	-0.354278	-0.403725	-0.354238	-0.360832	-0.386599	-0.328365	-0.453514	-0.348227	-0.30945	-0.445837	-0.344027	-0.328193	-0.364649	-0.411029	-0.315847
59000	intercept	0.423141	0.439254	0.407818	0.467849	0.384782	0.411707	0.480483	0.416097	0.439152	0.427919	0.392239	0.413924	0.460678	0.415962	0.428974	0.426923	0.41531	0.411026	0.401747	0.44388	0.461746	0.401031	0.402866	0.438122	0.387537	0.414189	0.475613	0.426316	0.402238	0.479687	0.431359	0.422941	0.452029	0.423296	0.502174	0.426728	0.418064	0.384158	0.430355	0.468798	0.410035	0.448785	0.463744	0.439752	0.464228	0.402065	0.440566	0.422136	0.503512	0.448236	0.428491	0.429665	0.371609	0.454572	0.400876	0.399949	0.420342	0.408586	0.491677	0.47603	0.385573	0.41774	0.431348	0.440489	0.489003	0.432475	0.432168	0.479625	0.440669	0.423962	0.398731	0.469046	0.443933	0.439537	0.411369	0.408646	0.398574	0.524774	0.410965	0.443764	0.399155	0.414488	0.447444	0.456931	0.414543	0.438564	0.519663	0.44512	0.445971	0.429916	0.485961	0.364961	0.433157	0.402614	0.458069	0.431281	0.431152	0.437743	0.406901	0.453927	0.474964	0.425963	0.480657	0.398807	0.500164	0.431242	0.423437	0.422641	0.411385	0.445681	0.431988	0.447491	0.409483	0.450114	0.462283	0.442985	0.430715	0.404379	0.481278	0.460363	0.412484	0.436726	0.484527	0.503597	0.41725	0.48533	0.43159	0.418181	0.361979	0.455953	0.444741	0.401569	0.425099	0.415607	0.422872	0.461146	0.440984	0.458471	0.434814	0.482014	0.451133	0.40589	0.408681	0.491455	0.417479	0.404049	0.398347	0.416733	0.4501	0.426103	0.418019	0.427217	0.457989	0.414388	0.441693	0.404164	0.458188	0.430802	0.382468	0.395897	0.424761	0.358306	0.387063	0.418246	0.421286	0.446902	0.429293	0.415476	0.37735	0.456349	0.479627	0.415682	0.464532	0.490234	0.420775	0.444432	0.438718	0.446607	0.418586	0.42235	0.420763	0.387647	0.477392	0.447025	0.443592	0.399734	0.433182	0.420699	0.401432	0.410897	0.458896	0.451119	0.452847	0.366158	0.393142	0.444276	0.443223	0.446191	0.422207	0.474105	0.423024	0.576577	0.390119	0.436751	0.409464	0.436751	0.425467	0.395521	0.444755	0.388499	0.431608	0.397042	0.413706	0.435778	0.401487	0.426375	0.345776	0.413706	0.403667	0.423024	0.576577	0.498585	0.404231	0.478538	0.446472	0.403667	0.407805	0.379757	0.428125	0.420547	0.463398	0.388499	0.407502	0.438793	0.508585	0.358775	0.415492	0.395521	0.563219	0.515919	0.425292	0.426375	0.418565	0.423289	0.427163	0.40006	0.413706	0.42264	0.437248	0.408443	0.477343	0.42264	0.396766	0.406337	0.431249	0.406801	0.504858	0.428127	0.418565	0.45986	0.377358	0.400425	0.380944	0.432738	0.404231	0.446103	0.508585	0.426375	0.422021	0.454394	0.413706	0.401878	0.494926	0.432738	0.536439	0.421252	0.425467	0.395565	0.419314	0.411263	0.433183	0.413127	0.419487	0.446608	0.509434	0.423719	0.422706	0.445651	0.426544	0.404231	0.401884	0.390119	0.395565	0.514772	0.419396	0.537048	0.506888	0.423739	0.431919	0.456389	0.509643	0.422021	0.424197	0.391615	0.391843	0.52161	0.429417	0.427205	0.432738	0.403219	0.437248	0.503684	0.500539	0.536439	0.431919	0.407213	0.418563	0.423774	0.377358	0.554517	0.422061	0.426544	0.425292	0.413489	0.355857	0.421411	0.419169	0.413903	0.487545	0.416402	0.530634	0.508585	0.434532	0.4922	0.4922	0.437248	0.500476	0.402441	0.425467	0.424573	0.515919	0.420499	0.431919	0.424268	0.395269	0.418863	0.388499	0.473648	0.532458	0.477686	0.398558	0.407805	0.440768	0.405982	0.413489	0.413706	0.427257	0.413706	0.4515	0.382521	0.401957	0.507709	0.423024	0.428032	0.415059	0.415059	0.482672	0.426375	0.456299	0.365312	0.565523	0.394857	0.526751	0.429541	0.395725	0.489617	0.530634	0.429979	0.460633	0.436455	0.435418	0.382521	0.377358	0.437248	0.413903	0.401957	0.432704	0.436889	0.421436	0.423739	0.435065	0.508585	0.401957	0.394857	0.515919	0.416402	0.356729	0.424197	0.442821	0.382521
60000	slope	-0.352402	-0.378215	-0.365671	-0.380364	-0.35536	-0.367688	-0.360134	-0.358406	-0.362974	-0.401553	-0.383313	-0.375594	-0.368055	-0.337593	-0.371145	-0.371401	-0.358903	-0.354961	-0.374204	-0.39622	-0.356075	-0.382787	-0.365853	-0.437375	-0.434995	-0.369604	-0.372212	-0.339277	-0.408466	-0.363644	-0.385398	-0.354341	-0.382928	-0.364657	-0.371689	-0.38182	-0.378122	-0.377592	-0.3739	-0.349046	-0.373805	-0.369678	-0.349526	-0.358013	-0.36425	-0.333308	-0.355298	-0.372021	-0.377175	-0.36596	-0.354483	-0.341727	-0.376114	-0.355077	-0.363191	-0.380205	-0.369285	-0.382171	-0.398549	-0.403329	-0.376342	-0.382248	-0.380701	-0.3799	-0.430244	-0.367035	-0.356565	-0.370153	-0.400659	-0.344129	-0.354568	-0.362121	-0.378026	-0.351025	-0.341305	-0.358012	-0.35884	-0.38321	-0.372027	-0.39048	-0.371777	-0.411833	-0.366182	-0.347355	-0.366344	-0.368872	-0.420221	-0.360616	-0.33276	-0.348299	-0.438212	-0.356976	-0.363144	-0.371739	-0.387945	-0.334581	-0.374187	-0.417868	-0.394785	-0.373158	-0.364601	-0.368545	-0.393118	-0.38449	-0.377006	-0.399237	-0.38007	-0.361319	-0.345434	-0.395474	-0.367507	-0.376154	-0.375846	-0.344137	-0.370624	-0.354925	-0.381117	-0.354542	-0.351832	-0.377115	-0.347112	-0.367553	-0.394304	-0.376773	-0.456198	-0.341873	-0.427159	-0.37584	-0.438311	-0.367609	-0.407283	-0.392091	-0.368157	-0.349484	-0.362641	-0.400475	-0.37566	-0.362199	-0.371107	-0.329307	-0.356092	-0.410854	-0.36486	-0.417846	-0.346465	-0.363199	-0.37104	-0.436805	-0.367964	-0.404319	-0.353363	-0.368157	-0.353747	-0.341575	-0.348283	-0.38044	-0.380493	-0.383047	-0.370888	-0.36209	-0.374196	-0.352782	-0.340638	-0.385481	-0.380828	-0.333448	-0.371632	-0.381984	-0.376083	-0.348554	-0.365799	-0.378968	-0.36506	-0.345484	-0.362573	-0.3553	-0.351099	-0.38509	-0.345886	-0.363748	-0.378092	-0.340698	-0.385006	-0.375567	-0.372034	-0.370195	-0.34209	-0.334193	-0.363512	-0.36943	-0.375216	-0.379826	-0.398392	-0.394565	-0.389948	-0.345549	-0.366478	-0.357776	-0.335389	-0.369889	-0.352737	-0.516374	-0.354229	-0.342324	-0.438212	-0.342781	-0.398396	-0.438212	-0.344113	-0.424795	-0.327362	-0.367484	-0.375016	-0.335072	-0.369324	-0.388413	-0.371421	-0.323799	-0.350197	-0.368014	-0.350268	-0.412762	-0.373645	-0.330863	-0.368014	-0.365752	-0.516374	-0.403036	-0.312212	-0.354329	-0.359624	-0.357598	-0.308864	-0.379551	-0.329231	-0.363883	-0.389075	-0.388816	-0.425979	-0.348715	-0.353382	-0.507096	-0.363883	-0.400147	-0.369009	-0.335974	-0.360313	-0.359571	-0.361385	-0.369347	-0.354922	-0.353907	-0.373478	-0.35529	-0.361598	-0.335072	-0.416105	-0.524971	-0.359624	-0.361385	-0.374322	-0.357353	-0.354195	-0.391196	-0.389337	-0.342324	-0.349354	-0.371159	-0.359626	-0.366561	-0.335072	-0.441863	-0.3837	-0.451967	-0.365974	-0.394284	-0.357598	-0.403451	-0.39222	-0.370426	-0.320009	-0.374322	-0.35469	-0.438212	-0.374714	-0.385736	-0.364893	-0.388381	-0.351792	-0.368014	-0.39963	-0.361835	-0.35469	-0.376392	-0.360909	-0.37459	-0.365974	-0.353404	-0.35469	-0.325012	-0.354229	-0.431279	-0.489518	-0.35469	-0.329514	-0.374322	-0.376925	-0.360286	-0.389075	-0.359921	-0.489518	-0.361385	-0.335072	-0.355172	-0.354229	-0.361385	-0.435399	-0.349248	-0.35469	-0.361835	-0.364967	-0.338681	-0.341058	-0.389075	-0.359571	-0.383863	-0.325862	-0.35446	-0.489518	-0.363271	-0.372484	-0.345909	-0.510676	-0.396509	-0.516374	-0.383863	-0.40471	-0.35529	-0.369994	-0.368321	-0.389075	-0.400147	-0.373645	-0.354586	-0.355978	-0.363883	-0.352737	-0.350739	-0.438212	-0.354922	-0.357598	-0.352467	-0.357598	-0.391153	-0.383222	-0.404475	-0.434591	-0.368984	-0.290565	-0.501173	-0.389075	-0.360286	-0.390383	-0.359624	-0.347788	-0.426292	-0.376624	-0.350152	-0.365623	-0.377748	-0.359455	-0.355385	-0.361385	-0.364788	-0.438212	-0.391196	-0.325012	-0.369252	-0.335072	-0.366924	-0.383306	-0.349004	-0.384558	-0.360688	-0.394944	-0.354922	-0.386273	-0.39311	-0.318411	-0.354922	-0.334617	-0.35725	-0.397934	-0.324017	-0.359921	-0.349029	-0.372129	-0.321824	-0.363883	-0.394211
60000	intercept	0.399967	0.435215	0.409847	0.433431	0.43303	0.374947	0.426625	0.415895	0.436866	0.443891	0.46094	0.420498	0.426748	0.42655	0.430774	0.423256	0.419233	0.432556	0.429829	0.457986	0.400106	0.444742	0.414334	0.471328	0.50407	0.392633	0.445245	0.400333	0.469738	0.439277	0.443082	0.460778	0.426299	0.460699	0.430222	0.423452	0.422827	0.461686	0.440578	0.407157	0.451569	0.409712	0.421068	0.433147	0.421984	0.437288	0.418332	0.386255	0.427073	0.430854	0.427885	0.399246	0.422146	0.405083	0.445966	0.476215	0.415086	0.418143	0.439741	0.460536	0.446651	0.457545	0.413966	0.410966	0.467196	0.469423	0.441872	0.395346	0.462919	0.423187	0.427564	0.456679	0.441248	0.4392	0.423681	0.405856	0.416812	0.412692	0.45181	0.457032	0.421751	0.467904	0.405453	0.400325	0.424476	0.424509	0.479802	0.404305	0.440451	0.430495	0.492968	0.433849	0.421377	0.420021	0.43655	0.402832	0.4205	0.46614	0.44509	0.433958	0.431038	0.41972	0.436313	0.450177	0.448652	0.482938	0.442655	0.436248	0.424076	0.450173	0.468844	0.453568	0.413024	0.417058	0.429585	0.415455	0.477126	0.450764	0.411441	0.450278	0.435783	0.415948	0.414432	0.456483	0.452422	0.397424	0.47024	0.439999	0.45575	0.460393	0.455547	0.422618	0.401996	0.443147	0.435947	0.464504	0.421307	0.393593	0.460037	0.413799	0.42707	0.457564	0.425679	0.457424	0.396639	0.444719	0.440149	0.490076	0.449461	0.480382	0.435161	0.391212	0.435997	0.40898	0.462324	0.431926	0.415689	0.437258	0.420729	0.426766	0.417056	0.442889	0.400755	0.447568	0.42311	0.41587	0.424193	0.422225	0.432329	0.438359	0.415332	0.435134	0.410282	0.449596	0.423674	0.406422	0.407767	0.458266	0.44993	0.423925	0.41323	0.398479	0.444508	0.442342	0.433811	0.401623	0.428128	0.453223	0.434735	0.422618	0.437919	0.468157	0.455785	0.467616	0.424032	0.405543	0.445788	0.429578	0.436321	0.452135	0.407378	0.526868	0.423004	0.458787	0.492968	0.413659	0.506457	0.492968	0.407523	0.466403	0.416254	0.426678	0.420122	0.446589	0.423315	0.452413	0.409177	0.414602	0.447642	0.401931	0.424385	0.43606	0.484553	0.413965	0.401931	0.428357	0.526868	0.457409	0.415953	0.475496	0.395524	0.378645	0.405407	0.449392	0.412764	0.458944	0.43831	0.480822	0.492968	0.405345	0.434735	0.513607	0.458944	0.469154	0.418078	0.44716	0.398129	0.387791	0.426737	0.430993	0.389458	0.445314	0.406684	0.385829	0.385829	0.451633	0.447511	0.573238	0.395524	0.412238	0.483062	0.411211	0.378645	0.451097	0.391237	0.458787	0.444774	0.442528	0.448227	0.434735	0.446589	0.492968	0.430246	0.482419	0.452413	0.416543	0.381411	0.506457	0.437728	0.456963	0.434274	0.483062	0.438653	0.492968	0.432071	0.433118	0.411174	0.437521	0.452413	0.408699	0.43831	0.411268	0.425127	0.426853	0.396282	0.401931	0.452413	0.399536	0.438653	0.465952	0.423004	0.492968	0.520413	0.438653	0.412764	0.483062	0.5045	0.426636	0.43831	0.452413	0.520413	0.424385	0.451633	0.442825	0.423004	0.424385	0.487185	0.42793	0.438653	0.411268	0.454901	0.385829	0.438653	0.418767	0.387791	0.414863	0.414941	0.443521	0.509378	0.457822	0.430306	0.419481	0.530983	0.424067	0.526868	0.414863	0.466403	0.385829	0.432071	0.416386	0.43831	0.469154	0.484553	0.475496	0.371249	0.469561	0.407378	0.453235	0.473231	0.383545	0.381411	0.472332	0.381411	0.492981	0.473923	0.506457	0.520955	0.401931	0.370883	0.513607	0.43831	0.4239	0.393267	0.404054	0.426678	0.492968	0.442403	0.46347	0.429437	0.500392	0.442096	0.462353	0.424385	0.471262	0.492968	0.451097	0.465245	0.428745	0.451633	0.400862	0.440684	0.413659	0.487749	0.483068	0.461049	0.383545	0.482721	0.482498	0.410842	0.389458	0.440622	0.439236	0.484136	0.423273	0.445145	0.427318	0.433958	0.409167	0.457606	0.401931
61000	slope	-0.354244	-0.380674	-0.4237	-0.362923	-0.367869	-0.351543	-0.36037	-0.433396	-0.371557	-0.394602	-0.387802	-0.359509	-0.358201	-0.366203	-0.327645	-0.355164	-0.369118	-0.378556	-0.375356	-0.366637	-0.394128	-0.368308	-0.370694	-0.347204	-0.353049	-0.397874	-0.366353	-0.39203	-0.364306	-0.393833	-0.362272	-0.376153	-0.38937	-0.388584	-0.35251	-0.368955	-0.361261	-0.376148	-0.400678	-0.38848	-0.387297	-0.391182	-0.383185	-0.338698	-0.397856	-0.36709	-0.361011	-0.400178	-0.368956	-0.366191	-0.370364	-0.354589	-0.376044	-0.396192	-0.374045	-0.381956	-0.363553	-0.365428	-0.387453	-0.364609	-0.392345	-0.383811	-0.344083	-0.359761	-0.406811	-0.366125	-0.396667	-0.372324	-0.378317	-0.42643	-0.429051	-0.369258	-0.371358	-0.367509	-0.396363	-0.36229	-0.336438	-0.3846	-0.389734	-0.360061	-0.34884	-0.458609	-0.322349	-0.374126	-0.367316	-0.381773	-0.342254	-0.362245	-0.36829	-0.384635	-0.35838	-0.35723	-0.376241	-0.403873	-0.409782	-0.424512	-0.365192	-0.391763	-0.355199	-0.378665	-0.355916	-0.369399	-0.40865	-0.358923	-0.36936	-0.356208	-0.363293	-0.352583	-0.361998	-0.405139	-0.363535	-0.411861	-0.367256	-0.3905	-0.314267	-0.402068	-0.357923	-0.362437	-0.36084	-0.36303	-0.366643	-0.397235	-0.371051	-0.403419	-0.378689	-0.388093	-0.400697	-0.411405	-0.403094	-0.415799	-0.4237	-0.346262	-0.38619	-0.360399	-0.430583	-0.38384	-0.381765	-0.390531	-0.358464	-0.356263	-0.346127	-0.361797	-0.39962	-0.393813	-0.40997	-0.366381	-0.422118	-0.362921	-0.383269	-0.408708	-0.382356	-0.334313	-0.35251	-0.388856	-0.356783	-0.397537	-0.39158	-0.38315	-0.351637	-0.389024	-0.458609	-0.396252	-0.351011	-0.361928	-0.39362	-0.347108	-0.361641	-0.39134	-0.396672	-0.423232	-0.376037	-0.393952	-0.354782	-0.382707	-0.395012	-0.382853	-0.362592	-0.41417	-0.351417	-0.376298	-0.416186	-0.406864	-0.364327	-0.341176	-0.384367	-0.388609	-0.380434	-0.415973	-0.363246	-0.380814	-0.402141	-0.360366	-0.395842	-0.363686	-0.387184	-0.411534	-0.390494	-0.40918	-0.36709	-0.399585	-0.423788	-0.392362	-0.341761	-0.361417	-0.351514	-0.356234	-0.398952	-0.346815	-0.367549	-0.324274	-0.353484	-0.391995	-0.346247	-0.371901	-0.382751	-0.392895	-0.333733	-0.333733	-0.409672	-0.42788	-0.409672	-0.380696	-0.386549	-0.418228	-0.369885	-0.357617	-0.391577	-0.392895	-0.346247	-0.43126	-0.423182	-0.415966	-0.359251	-0.391685	-0.387813	-0.363883	-0.361204	-0.364484	-0.392061	-0.371901	-0.379401	-0.321336	-0.327888	-0.333733	-0.386054	-0.352759	-0.403785	-0.441383	-0.386054	-0.322297	-0.373427	-0.361455	-0.353363	-0.468271	-0.371612	-0.387798	-0.353945	-0.349606	-0.391577	-0.391164	-0.34106	-0.275051	-0.422201	-0.355018	-0.380696	-0.353159	-0.429172	-0.333733	-0.361204	-0.356234	-0.409672	-0.412573	-0.424073	-0.391995	-0.361385	-0.3318	-0.352951	-0.341761	-0.363343	-0.360388	-0.322391	-0.364484	-0.358955	-0.414174	-0.386054	-0.440794	-0.386054	-0.407665	-0.409336	-0.359251	-0.350396	-0.353484	-0.333733	-0.387427	-0.373515	-0.350815	-0.358454	-0.359251	-0.440794	-0.419852	-0.396744	-0.351536	-0.356234	-0.361204	-0.422362	-0.389448	-0.353148	-0.391685	-0.335635	-0.391995	-0.349782	-0.352759	-0.398447	-0.385067	-0.355882	-0.468271	-0.358955	-0.385936	-0.387798	-0.362771	-0.391577	-0.442329	-0.387798	-0.371901	-0.409672	-0.364484	-0.446051	-0.392629	-0.398482	-0.361317	-0.324863	-0.398753	-0.336274	-0.338689	-0.324839	-0.397384	-0.406288	-0.385067	-0.362131	-0.338829	-0.392805	-0.429289	-0.377956	-0.390573	-0.353484	-0.369612	-0.365722	-0.366456	-0.356698	-0.37448	-0.326628	-0.416503	-0.349782	-0.378514	-0.355582	-0.337571	-0.404207	-0.390214	-0.441383	-0.391577	-0.362131	-0.322391	-0.36185	-0.333733	-0.353945	-0.356453	-0.400144	-0.353484	-0.377676	-0.3587	-0.3298	-0.36497	-0.342587	-0.418228	-0.349667	-0.364127	-0.364484	-0.376851	-0.326628	-0.360031	-0.275051	-0.378231	-0.395394	-0.357128	-0.373506	-0.398914	-0.425998	-0.385067	-0.39593	-0.373475	-0.351536	-0.387798	-0.344035	-0.364169	-0.409672	-0.390573	-0.359251	-0.351514	-0.43126	-0.361455
61000	intercept	0.439975	0.429644	0.462649	0.412891	0.40947	0.461056	0.415743	0.480924	0.439319	0.441557	0.443066	0.397882	0.409282	0.393305	0.440813	0.416215	0.39393	0.408579	0.425148	0.44743	0.448752	0.410036	0.467186	0.444052	0.417586	0.464708	0.402481	0.445267	0.42256	0.44471	0.429843	0.439901	0.438877	0.452237	0.433916	0.431544	0.42939	0.415908	0.432864	0.436666	0.451411	0.478432	0.46623	0.442279	0.452943	0.439861	0.404376	0.467722	0.401356	0.396426	0.429986	0.463674	0.412484	0.445322	0.43097	0.424461	0.403378	0.402124	0.409051	0.405206	0.417839	0.439325	0.433376	0.413617	0.424076	0.443462	0.438302	0.437343	0.409506	0.483075	0.455565	0.403812	0.415137	0.416359	0.435241	0.411915	0.401518	0.459319	0.436213	0.39055	0.41337	0.480917	0.449439	0.464481	0.45971	0.453558	0.431264	0.403471	0.42846	0.461043	0.41814	0.44646	0.436418	0.428288	0.46156	0.451917	0.425261	0.431836	0.432155	0.432037	0.440076	0.415738	0.422559	0.409363	0.435164	0.407237	0.414548	0.411043	0.450282	0.432598	0.410468	0.451525	0.450238	0.429615	0.460155	0.440486	0.495606	0.431023	0.442976	0.423383	0.402883	0.430577	0.439585	0.449141	0.424074	0.403444	0.483056	0.484066	0.439212	0.46085	0.47012	0.435751	0.446399	0.4092	0.46767	0.436246	0.42796	0.41618	0.425053	0.402016	0.39889	0.412754	0.433939	0.448851	0.430792	0.437274	0.467721	0.447944	0.454953	0.446508	0.397837	0.418068	0.427994	0.435364	0.409683	0.452802	0.417631	0.446164	0.448708	0.405398	0.480917	0.439144	0.433798	0.423776	0.435874	0.405263	0.419852	0.427936	0.443194	0.445158	0.439997	0.45326	0.413471	0.399249	0.449114	0.427537	0.430511	0.48947	0.406811	0.416057	0.466379	0.476963	0.450944	0.409357	0.466756	0.426048	0.441646	0.446805	0.428174	0.457708	0.431331	0.406554	0.433965	0.403638	0.462787	0.453748	0.431715	0.441002	0.439861	0.443903	0.468482	0.413239	0.458413	0.443983	0.421746	0.385798	0.449995	0.454208	0.478292	0.409638	0.427994	0.39557	0.411663	0.401822	0.384	0.435863	0.40133	0.406036	0.465172	0.456355	0.465172	0.451727	0.417463	0.463786	0.402812	0.412023	0.451142	0.435863	0.411663	0.484584	0.477134	0.480044	0.405238	0.466765	0.419529	0.458011	0.446692	0.412286	0.405228	0.408889	0.370117	0.384702	0.43644	0.40133	0.403222	0.407323	0.42261	0.454543	0.403222	0.43644	0.390426	0.450702	0.406441	0.479846	0.404622	0.43434	0.43374	0.407474	0.458731	0.448738	0.407178	0.478309	0.465172	0.416449	0.451727	0.42971	0.459414	0.40133	0.446692	0.385798	0.465172	0.414396	0.463786	0.388571	0.403944	0.435197	0.412775	0.446324	0.452688	0.436374	0.470386	0.412286	0.402425	0.4292	0.403222	0.509584	0.403222	0.42987	0.447857	0.405995	0.379634	0.427994	0.40133	0.446692	0.400821	0.409863	0.436189	0.402443	0.512904	0.442321	0.408471	0.427994	0.385798	0.446692	0.445158	0.450357	0.379634	0.477287	0.426144	0.395342	0.471895	0.407323	0.447857	0.438276	0.467286	0.479846	0.402425	0.396708	0.424813	0.402757	0.451142	0.489455	0.435858	0.436893	0.465172	0.400922	0.502922	0.417486	0.464708	0.414245	0.401241	0.430697	0.40876	0.411264	0.379634	0.413016	0.449474	0.438678	0.440186	0.406065	0.444227	0.445158	0.385298	0.37841	0.427994	0.476625	0.402812	0.443496	0.476703	0.492231	0.391372	0.471298	0.471895	0.434753	0.457765	0.41594	0.496229	0.397715	0.454543	0.451142	0.440186	0.470386	0.443705	0.406036	0.41685	0.455207	0.466037	0.427994	0.435863	0.387202	0.407645	0.418443	0.395818	0.444209	0.360412	0.432834	0.412286	0.374958	0.391372	0.408246	0.478309	0.421964	0.369424	0.412055	0.423573	0.464708	0.46556	0.438678	0.435863	0.481427	0.427994	0.43434	0.4171	0.442784	0.474639	0.388571	0.405995	0.421746	0.484584	0.450702
62000	slope	-0.329888	-0.338867	-0.332094	-0.357506	-0.332964	-0.389796	-0.383427	-0.349028	-0.335702	-0.397896	-0.365929	-0.367989	-0.353166	-0.324903	-0.371862	-0.345665	-0.396233	-0.352351	-0.359919	-0.369852	-0.363623	-0.419242	-0.380706	-0.341647	-0.352506	-0.374412	-0.377286	-0.351221	-0.403547	-0.337573	-0.399812	-0.367537	-0.367826	-0.380015	-0.371567	-0.374053	-0.373918	-0.369687	-0.416803	-0.336451	-0.385261	-0.340581	-0.34914	-0.367264	-0.385018	-0.413293	-0.348786	-0.335093	-0.392972	-0.35436	-0.377003	-0.39193	-0.395141	-0.35964	-0.393396	-0.386425	-0.398822	-0.370572	-0.338648	-0.339857	-0.342268	-0.40336	-0.363911	-0.364132	-0.357355	-0.367562	-0.405251	-0.373787	-0.384976	-0.355811	-0.381769	-0.38192	-0.330203	-0.39563	-0.349311	-0.386277	-0.333996	-0.360829	-0.384221	-0.358064	-0.349636	-0.342289	-0.429048	-0.390975	-0.399092	-0.364343	-0.390776	-0.376097	-0.376976	-0.322541	-0.352307	-0.350927	-0.387141	-0.396254	-0.348939	-0.37115	-0.380301	-0.329432	-0.32493	-0.435718	-0.344124	-0.366808	-0.388881	-0.409164	-0.432399	-0.361146	-0.349249	-0.372629	-0.387676	-0.370736	-0.372054	-0.355515	-0.334507	-0.38881	-0.338962	-0.353583	-0.347841	-0.360936	-0.349129	-0.402079	-0.365295	-0.346857	-0.324592	-0.327497	-0.399486	-0.377604	-0.393061	-0.351141	-0.35338	-0.396086	-0.354311	-0.370753	-0.359961	-0.334021	-0.344802	-0.350727	-0.388727	-0.411177	-0.336429	-0.327206	-0.424942	-0.402719	-0.338797	-0.354388	-0.349028	-0.350176	-0.35247	-0.383191	-0.424105	-0.350739	-0.353978	-0.380733	-0.32234	-0.322848	-0.334548	-0.396481	-0.359285	-0.322776	-0.366087	-0.381912	-0.345782	-0.346207	-0.385128	-0.397368	-0.386279	-0.31679	-0.407176	-0.361163	-0.388305	-0.462233	-0.356672	-0.460048	-0.382798	-0.361749	-0.372289	-0.323867	-0.367855	-0.364592	-0.36206	-0.325591	-0.38556	-0.382253	-0.341226	-0.365771	-0.34694	-0.352391	-0.346182	-0.332402	-0.391245	-0.339932	-0.346943	-0.345475	-0.429706	-0.312797	-0.333626	-0.387068	-0.334582	-0.405945	-0.397431	-0.41506	-0.331399	-0.394974	-0.312982	-0.317674	-0.351083	-0.37974	-0.318284	-0.319777	-0.409914	-0.296299	-0.349346	-0.419707	-0.378072	-0.437829	-0.343296	-0.373804	-0.46013	-0.349346	-0.399812	-0.392049	-0.339455	-0.41241	-0.316233	-0.384596	-0.388927	-0.342354	-0.392775	-0.366457	-0.40835	-0.388476	-0.328391	-0.389062	-0.452945	-0.395019	-0.330729	-0.366756	-0.351083	-0.41241	-0.376747	-0.40437	-0.348889	-0.401712	-0.399812	-0.33608	-0.424717	-0.330729	-0.374229	-0.331399	-0.402582	-0.389062	-0.351759	-0.344903	-0.376031	-0.413853	-0.398572	-0.41241	-0.366457	-0.411344	-0.349803	-0.331399	-0.459546	-0.316233	-0.395807	-0.343907	-0.364741	-0.389062	-0.32718	-0.399812	-0.421815	-0.352025	-0.350922	-0.382538	-0.360541	-0.439454	-0.327481	-0.46013	-0.332816	-0.409485	-0.382679	-0.354973	-0.406416	-0.293981	-0.370575	-0.402582	-0.330028	-0.392987	-0.395019	-0.382679	-0.457919	-0.299388	-0.398322	-0.373547	-0.335484	-0.379059	-0.389062	-0.341003	-0.324308	-0.351759	-0.379228	-0.325107	-0.402393	-0.450465	-0.346991	-0.347049	-0.365989	-0.414317	-0.394329	-0.32105	-0.34514	-0.378072	-0.392987	-0.365416	-0.399077	-0.380204	-0.321054	-0.415095	-0.46013	-0.335254	-0.364741	-0.371553	-0.323014	-0.370575	-0.359438	-0.398394	-0.389062	-0.437015	-0.364692	-0.46013	-0.373547	-0.411344	-0.395807	-0.334484	-0.360038	-0.321054	-0.343296	-0.388476	-0.369075	-0.419707	-0.305446	-0.413923	-0.387594	-0.40265	-0.370575	-0.420289	-0.347353	-0.38983	-0.343907	-0.31669	-0.392049	-0.373547	-0.376031	-0.44901	-0.46013	-0.31669	-0.44923	-0.397964	-0.357576	-0.318156	-0.387594	-0.365416	-0.365416	-0.30844	-0.37986	-0.395807	-0.32824	-0.338237	-0.389062	-0.329849	-0.376747	-0.357057	-0.390945	-0.409485	-0.375743	-0.377724	-0.351367	-0.422749	-0.351759	-0.35516	-0.387594	-0.372918	-0.381199	-0.330235	-0.333015	-0.42534	-0.332816	-0.397251	-0.344903	-0.331534	-0.439577	-0.342899	-0.353474	-0.383655	-0.402582	-0.305446	-0.410688	-0.409485	-0.32824	-0.41241	-0.370575	-0.406416
62000	intercept	0.427701	0.38272	0.4446	0.390777	0.408794	0.439147	0.433764	0.403204	0.403908	0.415141	0.428995	0.456766	0.473439	0.419954	0.412276	0.458255	0.442859	0.392737	0.426311	0.465313	0.43989	0.456615	0.43545	0.407617	0.382596	0.443387	0.415539	0.415438	0.488894	0.408073	0.451053	0.427907	0.434469	0.45534	0.442711	0.42769	0.456302	0.437808	0.455116	0.41233	0.430059	0.386826	0.370145	0.427862	0.433261	0.475486	0.391483	0.391686	0.448447	0.42497	0.456927	0.451412	0.427899	0.410871	0.442553	0.443658	0.49123	0.406435	0.42595	0.441353	0.447144	0.449402	0.41025	0.431641	0.428522	0.416929	0.430029	0.420439	0.438311	0.431489	0.432728	0.425818	0.382997	0.458725	0.424493	0.43996	0.436273	0.40135	0.428555	0.428982	0.429444	0.408035	0.44692	0.458818	0.462043	0.414414	0.446346	0.414722	0.435688	0.418136	0.413958	0.42379	0.434029	0.464718	0.414135	0.415926	0.454514	0.409331	0.421397	0.4637	0.410671	0.409673	0.445454	0.443535	0.452584	0.431907	0.4123	0.421484	0.437906	0.425837	0.400723	0.40936	0.404267	0.443595	0.43655	0.432666	0.406798	0.445257	0.432607	0.433832	0.426366	0.432571	0.432441	0.424466	0.43823	0.461786	0.470146	0.459574	0.417942	0.420889	0.441812	0.411337	0.450179	0.391967	0.39398	0.457166	0.443764	0.425954	0.412377	0.418704	0.458486	0.457756	0.40364	0.417695	0.408382	0.431512	0.418889	0.426767	0.471575	0.449892	0.439239	0.484043	0.420323	0.384964	0.38499	0.44905	0.429171	0.448776	0.432584	0.46109	0.424055	0.410478	0.437054	0.464945	0.449815	0.457043	0.441021	0.411643	0.432519	0.48729	0.396463	0.500116	0.428622	0.39651	0.456187	0.373033	0.430518	0.427952	0.448616	0.419228	0.419033	0.424162	0.396158	0.451622	0.447332	0.457182	0.400181	0.417863	0.458748	0.362182	0.396453	0.455043	0.475584	0.398168	0.408382	0.468054	0.383325	0.472029	0.464922	0.447504	0.419551	0.452054	0.407253	0.396582	0.388297	0.431044	0.403813	0.429477	0.459145	0.396435	0.485955	0.430417	0.488106	0.411597	0.421167	0.37534	0.500116	0.485955	0.458205	0.399577	0.45625	0.45605	0.442303	0.45276	0.458205	0.464415	0.410575	0.450857	0.429129	0.410575	0.400461	0.457774	0.466782	0.465294	0.432114	0.457001	0.388297	0.45605	0.451145	0.45203	0.4087	0.448094	0.459748	0.428258	0.428604	0.432114	0.437749	0.419551	0.452054	0.457774	0.435513	0.420301	0.437749	0.452217	0.467396	0.459108	0.450857	0.471737	0.387987	0.419551	0.500976	0.442303	0.428774	0.422118	0.37534	0.457774	0.409043	0.451053	0.447913	0.432202	0.418321	0.42585	0.449432	0.495964	0.392005	0.500116	0.408032	0.433441	0.466443	0.452552	0.480322	0.401101	0.384986	0.448094	0.410431	0.437749	0.465294	0.466443	0.461727	0.38819	0.457774	0.423611	0.433205	0.487034	0.457774	0.435513	0.45301	0.435513	0.46942	0.383007	0.437284	0.500116	0.457079	0.37534	0.377799	0.476819	0.423819	0.396435	0.414883	0.488106	0.437749	0.447535	0.465294	0.435509	0.415852	0.441835	0.513814	0.433409	0.37534	0.487034	0.407441	0.42476	0.384874	0.420519	0.468298	0.504708	0.42476	0.513814	0.440774	0.471737	0.428774	0.425972	0.417477	0.41063	0.421167	0.410575	0.416326	0.430417	0.408032	0.448622	0.420519	0.465294	0.410595	0.460905	0.464415	0.459651	0.422118	0.419551	0.399577	0.440774	0.437749	0.454336	0.500116	0.419551	0.500116	0.420519	0.396231	0.437896	0.410575	0.456629	0.449125	0.411597	0.46942	0.438535	0.367864	0.422007	0.457774	0.399589	0.451145	0.425381	0.397901	0.433925	0.440774	0.435951	0.431072	0.421258	0.430243	0.436823	0.420519	0.42476	0.457774	0.441217	0.398129	0.519462	0.408032	0.457774	0.420301	0.38499	0.493067	0.384279	0.429728	0.426085	0.452054	0.408032	0.41632	0.439331	0.367864	0.45605	0.414404	0.480322
63000	slope	-0.396526	-0.392041	-0.347073	-0.365438	-0.377598	-0.378336	-0.387052	-0.353243	-0.346091	-0.321871	-0.444932	-0.353937	-0.341966	-0.383251	-0.322794	-0.362704	-0.350045	-0.391002	-0.346886	-0.428496	-0.392415	-0.375228	-0.362668	-0.368322	-0.343139	-0.449127	-0.417357	-0.330664	-0.40633	-0.417718	-0.340255	-0.37322	-0.355115	-0.385873	-0.330022	-0.364342	-0.328945	-0.363179	-0.357614	-0.353848	-0.325904	-0.358058	-0.376806	-0.370861	-0.394948	-0.343321	-0.328792	-0.397836	-0.420921	-0.374648	-0.3692	-0.344251	-0.318016	-0.350851	-0.355852	-0.423607	-0.383374	-0.362704	-0.402147	-0.340428	-0.378472	-0.425955	-0.419755	-0.353738	-0.370617	-0.373758	-0.334196	-0.377193	-0.349347	-0.333609	-0.377393	-0.371578	-0.376119	-0.34586	-0.393785	-0.356898	-0.349228	-0.333384	-0.375173	-0.426344	-0.420815	-0.333606	-0.373914	-0.431719	-0.352116	-0.348677	-0.364519	-0.414964	-0.401774	-0.342314	-0.402321	-0.371274	-0.339801	-0.417094	-0.368657	-0.375698	-0.344298	-0.36443	-0.343979	-0.358946	-0.346355	-0.324277	-0.39113	-0.361406	-0.374949	-0.435157	-0.3414	-0.342375	-0.366041	-0.326813	-0.334963	-0.36649	-0.373783	-0.365551	-0.387992	-0.366041	-0.334736	-0.37964	-0.394206	-0.39389	-0.372618	-0.369187	-0.434309	-0.368592	-0.378983	-0.333824	-0.341094	-0.437358	-0.372435	-0.333918	-0.335965	-0.321912	-0.355426	-0.356383	-0.40737	-0.379535	-0.339049	-0.367047	-0.328376	-0.328488	-0.376237	-0.409565	-0.326219	-0.355604	-0.3442	-0.352171	-0.337878	-0.344195	-0.384388	-0.351112	-0.347782	-0.372016	-0.393418	-0.371715	-0.319805	-0.374692	-0.351608	-0.360007	-0.329181	-0.398493	-0.330288	-0.349536	-0.343596	-0.370994	-0.331596	-0.381451	-0.379362	-0.348914	-0.408867	-0.372523	-0.346687	-0.371028	-0.384508	-0.359055	-0.394442	-0.357428	-0.356853	-0.370516	-0.316034	-0.315909	-0.371323	-0.347782	-0.319871	-0.377558	-0.32872	-0.367459	-0.366116	-0.37029	-0.336018	-0.39992	-0.366432	-0.381056	-0.397053	-0.374804	-0.394451	-0.382847	-0.321935	-0.342225	-0.39642	-0.328409	-0.334824	-0.359296	-0.333766	-0.333766	-0.410269	-0.421597	-0.389393	-0.343782	-0.314012	-0.360462	-0.309279	-0.409744	-0.45203	-0.374042	-0.363453	-0.331937	-0.380805	-0.432037	-0.423032	-0.351458	-0.3944	-0.376031	-0.347609	-0.344608	-0.341903	-0.347609	-0.381004	-0.314012	-0.430183	-0.418248	-0.312125	-0.375648	-0.475086	-0.323124	-0.374042	-0.331191	-0.409744	-0.365216	-0.323786	-0.312185	-0.34333	-0.328413	-0.322316	-0.436731	-0.402153	-0.339539	-0.33089	-0.335485	-0.354756	-0.360462	-0.387932	-0.36924	-0.304317	-0.32992	-0.330545	-0.331638	-0.364977	-0.337392	-0.359272	-0.311479	-0.326195	-0.415248	-0.381655	-0.410724	-0.410269	-0.429529	-0.435003	-0.33861	-0.358657	-0.409744	-0.346618	-0.36924	-0.323124	-0.335485	-0.320999	-0.432037	-0.316048	-0.441969	-0.430599	-0.365216	-0.394832	-0.436731	-0.425772	-0.328859	-0.347609	-0.333108	-0.319533	-0.331444	-0.300208	-0.306408	-0.354207	-0.319996	-0.375648	-0.32347	-0.316015	-0.365178	-0.456319	-0.364311	-0.328161	-0.320999	-0.410269	-0.403393	-0.334598	-0.433817	-0.311479	-0.409744	-0.345344	-0.390471	-0.309279	-0.39081	-0.365141	-0.351233	-0.441969	-0.346618	-0.328413	-0.301166	-0.322339	-0.323704	-0.413016	-0.312972	-0.317276	-0.389393	-0.363453	-0.431887	-0.321705	-0.375418	-0.385403	-0.346347	-0.410269	-0.334463	-0.331632	-0.348411	-0.355894	-0.326586	-0.410269	-0.32324	-0.32992	-0.442167	-0.335485	-0.344941	-0.347679	-0.351458	-0.385403	-0.431799	-0.360462	-0.380369	-0.43927	-0.412559	-0.380369	-0.337246	-0.380369	-0.320999	-0.436765	-0.417021	-0.387698	-0.453129	-0.352347	-0.309832	-0.409744	-0.418407	-0.335644	-0.349517	-0.387609	-0.3347	-0.309832	-0.344941	-0.430007	-0.319996	-0.447248	-0.363769	-0.444574	-0.327435	-0.431477	-0.435671	-0.390716	-0.357192	-0.331389	-0.32977	-0.325804	-0.382258	-0.308949	-0.325804	-0.332164	-0.382691	-0.36924	-0.394143	-0.430599	-0.346382	-0.384889	-0.331191	-0.354756	-0.309832	-0.389393	-0.290925	-0.302303	-0.311479	-0.328875	-0.330897	-0.409744	-0.442167
63000	intercept	0.459761	0.408204	0.426108	0.416526	0.458106	0.443092	0.442532	0.4129	0.408872	0.3662	0.452451	0.440246	0.426507	0.42769	0.371688	0.431806	0.416312	0.443519	0.427034	0.48878	0.440085	0.433807	0.418993	0.418016	0.41549	0.496425	0.479269	0.386117	0.443772	0.488967	0.404752	0.457318	0.450941	0.422595	0.370968	0.432772	0.381117	0.416985	0.4389	0.405309	0.378587	0.416601	0.420801	0.454418	0.441801	0.369703	0.42896	0.422581	0.443642	0.412667	0.475767	0.442023	0.405387	0.397682	0.438328	0.482516	0.460139	0.430648	0.429159	0.365081	0.438579	0.483316	0.454306	0.427258	0.404371	0.437956	0.399128	0.441095	0.395619	0.421615	0.448057	0.400619	0.456787	0.414189	0.41937	0.397999	0.406208	0.420008	0.430189	0.458731	0.477253	0.438626	0.426927	0.462158	0.395113	0.440934	0.400638	0.4752	0.432012	0.403176	0.492931	0.402132	0.424404	0.4878	0.406422	0.428413	0.389616	0.457593	0.409857	0.421512	0.415342	0.375638	0.438821	0.418359	0.422911	0.481368	0.404434	0.408883	0.436043	0.389002	0.418768	0.440528	0.42198	0.41957	0.436794	0.436034	0.402398	0.425354	0.458232	0.428517	0.455914	0.446119	0.47806	0.417676	0.493614	0.421242	0.426941	0.482378	0.426578	0.427256	0.392988	0.389358	0.384927	0.468431	0.425223	0.449493	0.422576	0.404347	0.407173	0.374631	0.433802	0.479329	0.387431	0.403652	0.411582	0.431546	0.439741	0.428826	0.469275	0.405231	0.426069	0.437613	0.457002	0.404843	0.434359	0.474401	0.400438	0.419098	0.419569	0.46746	0.391558	0.43781	0.446024	0.426705	0.390869	0.439154	0.443349	0.424069	0.46651	0.451476	0.400384	0.403393	0.465974	0.401818	0.455904	0.406879	0.391688	0.425304	0.358959	0.359004	0.453705	0.425782	0.363278	0.449864	0.369942	0.400041	0.415591	0.434953	0.41849	0.458631	0.411037	0.43217	0.463609	0.439346	0.465848	0.401691	0.402039	0.418059	0.456375	0.366726	0.433262	0.455555	0.414519	0.429059	0.456783	0.44909	0.439751	0.448356	0.44818	0.439532	0.383961	0.477292	0.462096	0.475905	0.386852	0.389988	0.482318	0.499939	0.452746	0.431451	0.417342	0.455617	0.392594	0.436088	0.438424	0.392594	0.433203	0.44818	0.429812	0.453705	0.386458	0.438942	0.482429	0.416707	0.475905	0.396418	0.475011	0.404441	0.372232	0.415962	0.383406	0.371393	0.406002	0.492022	0.439532	0.391792	0.385802	0.428234	0.421815	0.439532	0.457429	0.402451	0.381921	0.415355	0.403121	0.450787	0.413397	0.38231	0.456937	0.399658	0.382163	0.461042	0.40808	0.456969	0.456783	0.442323	0.434444	0.436088	0.382709	0.475011	0.402009	0.402451	0.428234	0.443299	0.419597	0.499939	0.34331	0.49162	0.509957	0.404441	0.464137	0.50255	0.465201	0.391792	0.392594	0.448435	0.412607	0.464535	0.451478	0.419597	0.445905	0.381022	0.438942	0.428234	0.41309	0.418279	0.451349	0.44635	0.384266	0.419597	0.456783	0.439152	0.430269	0.50255	0.399658	0.475011	0.39054	0.422078	0.38639	0.414386	0.394306	0.437747	0.49162	0.391593	0.371393	0.41807	0.397076	0.417497	0.465475	0.358959	0.372884	0.43856	0.386852	0.473706	0.428234	0.485959	0.380724	0.383431	0.456783	0.348439	0.370543	0.387414	0.41873	0.383857	0.456783	0.412442	0.415355	0.49162	0.437158	0.428234	0.455532	0.431451	0.392752	0.449306	0.439532	0.47624	0.50255	0.485384	0.47624	0.41913	0.47624	0.419597	0.494731	0.463904	0.419978	0.49117	0.386852	0.372884	0.475011	0.445219	0.416634	0.431451	0.399097	0.421796	0.386499	0.428234	0.491217	0.381022	0.50255	0.44635	0.428994	0.428234	0.509957	0.434444	0.470286	0.44635	0.421104	0.437841	0.42658	0.408006	0.455583	0.42658	0.436662	0.397854	0.410053	0.456783	0.509957	0.437841	0.501553	0.396418	0.421815	0.372884	0.433469	0.393275	0.39508	0.396733	0.428234	0.406002	0.483745	0.49162
64000	slope	-0.360058	-0.324395	-0.320139	-0.36246	-0.317589	-0.350393	-0.331315	-0.410687	-0.345887	-0.336492	-0.376009	-0.33285	-0.356014	-0.379017	-0.308386	-0.338036	-0.397312	-0.312109	-0.345016	-0.346037	-0.375826	-0.388419	-0.341945	-0.362589	-0.411034	-0.382932	-0.352704	-0.399505	-0.325919	-0.359307	-0.354227	-0.444537	-0.334337	-0.314933	-0.318765	-0.35973	-0.370406	-0.335101	-0.349455	-0.342785	-0.410272	-0.336397	-0.373529	-0.356006	-0.365278	-0.300907	-0.367917	-0.409377	-0.355555	-0.390834	-0.374646	-0.35988	-0.415242	-0.431681	-0.338927	-0.364831	-0.36825	-0.36123	-0.344346	-0.371661	-0.321489	-0.359667	-0.393754	-0.318392	-0.327073	-0.339653	-0.3945	-0.448011	-0.386725	-0.368029	-0.288973	-0.39029	-0.384166	-0.369314	-0.328585	-0.35626	-0.396366	-0.357909	-0.363142	-0.34632	-0.35484	-0.333227	-0.332995	-0.362815	-0.35232	-0.353783	-0.369098	-0.347336	-0.318191	-0.435195	-0.367035	-0.338046	-0.319824	-0.32219	-0.396953	-0.340831	-0.350469	-0.37916	-0.370895	-0.344868	-0.336294	-0.444751	-0.429971	-0.361842	-0.369266	-0.351146	-0.341572	-0.337576	-0.334887	-0.294629	-0.394017	-0.389908	-0.330097	-0.342037	-0.403001	-0.315677	-0.3049	-0.351053	-0.332877	-0.318637	-0.322869	-0.347618	-0.439827	-0.34528	-0.423764	-0.370688	-0.316297	-0.307355	-0.378928	-0.296291	-0.375042	-0.388729	-0.431234	-0.330381	-0.341604	-0.391235	-0.366875	-0.397948	-0.393593	-0.339384	-0.421923	-0.311461	-0.407893	-0.35654	-0.32923	-0.40918	-0.382474	-0.399808	-0.344927	-0.402848	-0.293649	-0.432975	-0.418658	-0.385956	-0.328867	-0.320279	-0.356359	-0.341262	-0.346721	-0.32818	-0.398822	-0.308387	-0.359173	-0.401799	-0.387674	-0.410737	-0.364967	-0.343351	-0.40983	-0.389577	-0.353832	-0.34449	-0.310147	-0.348202	-0.328529	-0.369021	-0.419165	-0.36654	-0.356185	-0.347215	-0.341105	-0.356051	-0.343959	-0.370396	-0.319756	-0.398591	-0.359281	-0.339026	-0.336299	-0.376865	-0.360202	-0.350469	-0.326267	-0.354411	-0.376937	-0.351485	-0.295619	-0.347261	-0.411264	-0.406662	-0.369029	-0.386507	-0.348327	-0.424821	-0.345019	-0.314514	-0.316405	-0.417634	-0.334405	-0.336918	-0.327184	-0.293528	-0.355056	-0.447848	-0.444134	-0.36328	-0.333766	-0.324602	-0.364134	-0.341904	-0.3449	-0.290874	-0.363031	-0.408036	-0.407195	-0.386449	-0.3344	-0.401845	-0.373838	-0.334405	-0.378106	-0.405526	-0.432977	-0.382144	-0.366533	-0.364834	-0.363091	-0.431512	-0.314514	-0.322497	-0.334405	-0.386507	-0.451651	-0.386507	-0.362178	-0.422826	-0.335791	-0.41647	-0.434737	-0.278702	-0.371367	-0.3984	-0.426816	-0.30771	-0.364534	-0.356226	-0.318017	-0.355121	-0.306055	-0.444664	-0.331793	-0.323557	-0.350103	-0.315166	-0.336918	-0.334405	-0.315677	-0.405365	-0.355056	-0.444195	-0.323557	-0.433505	-0.385665	-0.34448	-0.386507	-0.326448	-0.358854	-0.369481	-0.434737	-0.315677	-0.317673	-0.303389	-0.342801	-0.363091	-0.294695	-0.418021	-0.324774	-0.323112	-0.358609	-0.262422	-0.278702	-0.434379	-0.3326	-0.334405	-0.371368	-0.365429	-0.376567	-0.458445	-0.35212	-0.320872	-0.363091	-0.357902	-0.439059	-0.40587	-0.303706	-0.441083	-0.372566	-0.441467	-0.39787	-0.349306	-0.453131	-0.338032	-0.318017	-0.386449	-0.35212	-0.418614	-0.308073	-0.428461	-0.358609	-0.403472	-0.429948	-0.437909	-0.363198	-0.393013	-0.357464	-0.371367	-0.395122	-0.362178	-0.384746	-0.30771	-0.317129	-0.380109	-0.33553	-0.42599	-0.429767	-0.420158	-0.459147	-0.327921	-0.432977	-0.354284	-0.355056	-0.331079	-0.362178	-0.406407	-0.329683	-0.363091	-0.356384	-0.414137	-0.309713	-0.375145	-0.370137	-0.394149	-0.324602	-0.315677	-0.352716	-0.297887	-0.403472	-0.315677	-0.348327	-0.290874	-0.353818	-0.335134	-0.308584	-0.262422	-0.441467	-0.294695	-0.429409	-0.294326	-0.378106	-0.293944	-0.429948	-0.328586	-0.441122	-0.329895	-0.314502	-0.329895	-0.323557	-0.292512	-0.348474	-0.329895	-0.311529	-0.371389	-0.365583	-0.351467	-0.420158	-0.392139	-0.333623	-0.346265	-0.323386	-0.42599	-0.323557	-0.420158	-0.445515	-0.331764	-0.43641	-0.348474	-0.371971	-0.335535	-0.375512	-0.384746
64000	intercept	0.424478	0.39064	0.39803	0.416534	0.384175	0.443492	0.39655	0.463891	0.390252	0.391371	0.430642	0.421821	0.425748	0.419976	0.398392	0.416165	0.416898	0.387739	0.406606	0.40563	0.441499	0.435272	0.394409	0.399432	0.449174	0.44324	0.430341	0.426183	0.43266	0.412912	0.435924	0.49264	0.419956	0.397625	0.375911	0.422688	0.451862	0.389566	0.410168	0.406086	0.472714	0.394906	0.407311	0.451708	0.428205	0.426371	0.433896	0.476169	0.429939	0.422878	0.451735	0.419903	0.474679	0.495302	0.413827	0.43276	0.453894	0.441508	0.367364	0.437164	0.398953	0.412478	0.45436	0.38822	0.399878	0.436321	0.456839	0.491767	0.433262	0.471623	0.424069	0.433673	0.485272	0.439	0.40309	0.442412	0.445196	0.410303	0.407477	0.402401	0.41132	0.41114	0.407018	0.447416	0.418352	0.408902	0.402296	0.40757	0.410992	0.450868	0.446714	0.398078	0.407931	0.369468	0.451886	0.440002	0.419794	0.438636	0.452864	0.409854	0.382236	0.46129	0.459782	0.427095	0.418308	0.423118	0.41661	0.4242	0.396569	0.391067	0.46655	0.452296	0.404637	0.409296	0.440084	0.401044	0.393498	0.418781	0.39463	0.397732	0.411014	0.402882	0.477895	0.408717	0.511705	0.419133	0.360366	0.404056	0.423336	0.364093	0.41589	0.438216	0.495564	0.403997	0.400359	0.438869	0.427937	0.501434	0.442974	0.413155	0.486942	0.40372	0.45897	0.436212	0.410625	0.461563	0.450068	0.456661	0.409185	0.440409	0.403175	0.478966	0.465893	0.489016	0.411672	0.41296	0.415558	0.436787	0.44137	0.399872	0.441894	0.387232	0.458247	0.467813	0.458495	0.455071	0.410297	0.429437	0.450475	0.468242	0.392393	0.413732	0.405482	0.401564	0.395007	0.414082	0.454463	0.44257	0.422389	0.403661	0.402112	0.439596	0.408728	0.414582	0.4122	0.488571	0.414485	0.40679	0.436387	0.450511	0.417033	0.416079	0.407552	0.401453	0.45427	0.391043	0.396726	0.411393	0.458969	0.457982	0.417842	0.468088	0.374133	0.472215	0.444445	0.397294	0.423048	0.453262	0.422246	0.390492	0.415947	0.386836	0.421065	0.447378	0.469579	0.451932	0.397334	0.39179	0.434414	0.393223	0.450395	0.373632	0.412437	0.483439	0.472215	0.430073	0.389925	0.481689	0.474218	0.400165	0.382365	0.490227	0.512035	0.444913	0.409912	0.382365	0.452785	0.476685	0.397294	0.379328	0.422246	0.468088	0.483527	0.468088	0.423384	0.455049	0.397745	0.487475	0.499247	0.408476	0.474469	0.439686	0.527572	0.408483	0.416115	0.455333	0.435051	0.423155	0.354561	0.536869	0.401816	0.397334	0.412007	0.382255	0.390492	0.422246	0.394311	0.477277	0.421065	0.516685	0.397334	0.526655	0.451669	0.390492	0.481138	0.399182	0.411096	0.424092	0.492989	0.411983	0.402422	0.397916	0.444445	0.456935	0.371615	0.512623	0.414872	0.444266	0.444815	0.400447	0.408476	0.463949	0.444445	0.422246	0.47677	0.421421	0.47677	0.480507	0.409953	0.415947	0.450486	0.431169	0.453551	0.492038	0.397875	0.489937	0.403791	0.461704	0.463704	0.397334	0.461704	0.410385	0.435051	0.4267	0.399227	0.526099	0.398919	0.457434	0.450486	0.467136	0.457434	0.531285	0.432039	0.443841	0.413509	0.460416	0.519492	0.413514	0.418645	0.392416	0.37379	0.47677	0.370592	0.456685	0.480576	0.463522	0.462876	0.405973	0.512035	0.394392	0.421065	0.389518	0.453382	0.483946	0.425148	0.476744	0.399227	0.463949	0.390395	0.450486	0.428591	0.39867	0.39179	0.40427	0.404188	0.356571	0.467136	0.394311	0.370592	0.361006	0.421361	0.406137	0.379182	0.400447	0.461704	0.371615	0.425511	0.365444	0.382365	0.399286	0.464747	0.415947	0.539464	0.397745	0.38758	0.397745	0.397334	0.386836	0.410833	0.397745	0.380349	0.432561	0.421361	0.419747	0.463522	0.4305	0.405973	0.402422	0.433207	0.483011	0.397334	0.463522	0.489937	0.400359	0.444705	0.410833	0.450486	0.402422	0.445827	0.418645
65000	slope	-0.419766	-0.321725	-0.309137	-0.348087	-0.412086	-0.34179	-0.428237	-0.334137	-0.407061	-0.411305	-0.345454	-0.340858	-0.383131	-0.333802	-0.386767	-0.414477	-0.356917	-0.391432	-0.31699	-0.328498	-0.391749	-0.359482	-0.333147	-0.443781	-0.369317	-0.30393	-0.355727	-0.393715	-0.323006	-0.417937	-0.328448	-0.393216	-0.377952	-0.391405	-0.407955	-0.32745	-0.338306	-0.398322	-0.39279	-0.31745	-0.316446	-0.333219	-0.358631	-0.356046	-0.318029	-0.389241	-0.335428	-0.340266	-0.375527	-0.382658	-0.403842	-0.411156	-0.358613	-0.308607	-0.370259	-0.358838	-0.327312	-0.310658	-0.349401	-0.333071	-0.347159	-0.392568	-0.317428	-0.342558	-0.364643	-0.339755	-0.386747	-0.35649	-0.323223	-0.436669	-0.34663	-0.321278	-0.391901	-0.415039	-0.325625	-0.318584	-0.360065	-0.324052	-0.369269	-0.361815	-0.350855	-0.360863	-0.299395	-0.328679	-0.308807	-0.330082	-0.375084	-0.373446	-0.365293	-0.390643	-0.33147	-0.309007	-0.394981	-0.407281	-0.334354	-0.310494	-0.372953	-0.384351	-0.434142	-0.415051	-0.382532	-0.351303	-0.315889	-0.322136	-0.329271	-0.317595	-0.438902	-0.387463	-0.385854	-0.402254	-0.299725	-0.321465	-0.324151	-0.367942	-0.404467	-0.408205	-0.338478	-0.327862	-0.44799	-0.379293	-0.378893	-0.30199	-0.314336	-0.35365	-0.427035	-0.369452	-0.338882	-0.400367	-0.372627	-0.369269	-0.309934	-0.308795	-0.399281	-0.340176	-0.405224	-0.39424	-0.306213	-0.347839	-0.336174	-0.394793	-0.329914	-0.344212	-0.381736	-0.351193	-0.352012	-0.344126	-0.400367	-0.431538	-0.400993	-0.325228	-0.326679	-0.376127	-0.369128	-0.333776	-0.352399	-0.319001	-0.332877	-0.365633	-0.3159	-0.358512	-0.308969	-0.339593	-0.308676	-0.381975	-0.332999	-0.3269	-0.40267	-0.310503	-0.359524	-0.371276	-0.440369	-0.351021	-0.336143	-0.355743	-0.344904	-0.375193	-0.38606	-0.319849	-0.422967	-0.359779	-0.356188	-0.375111	-0.333052	-0.366297	-0.431845	-0.337354	-0.280831	-0.323195	-0.325418	-0.327981	-0.370734	-0.350922	-0.346479	-0.381293	-0.300695	-0.35883	-0.339632	-0.339285	-0.316181	-0.394107	-0.453208	-0.33916	-0.320123	-0.416743	-0.373076	-0.315067	-0.450471	-0.301835	-0.437326	-0.354294	-0.305	-0.378664	-0.442719	-0.416743	-0.364596	-0.354294	-0.42562	-0.439053	-0.337398	-0.471149	-0.293161	-0.312648	-0.259783	-0.274575	-0.284122	-0.32559	-0.431432	-0.311473	-0.343476	-0.411671	-0.315067	-0.364649	-0.333742	-0.263857	-0.317847	-0.33916	-0.330626	-0.275184	-0.364596	-0.296445	-0.306133	-0.3785	-0.350308	-0.453405	-0.239506	-0.42464	-0.245183	-0.42032	-0.481666	-0.355625	-0.318097	-0.441581	-0.345524	-0.311595	-0.295211	-0.333742	-0.340091	-0.310828	-0.367588	-0.345693	-0.350262	-0.350308	-0.321515	-0.372229	-0.297359	-0.309564	-0.300169	-0.427349	-0.305104	-0.402376	-0.33916	-0.466838	-0.317847	-0.3785	-0.238989	-0.309717	-0.442039	-0.373076	-0.299984	-0.375107	-0.299984	-0.322965	-0.357013	-0.434221	-0.419897	-0.431432	-0.351382	-0.473146	-0.415038	-0.359717	-0.378664	-0.309717	-0.414002	-0.36499	-0.312648	-0.308221	-0.362696	-0.293195	-0.312648	-0.437326	-0.339044	-0.252387	-0.36514	-0.321005	-0.382063	-0.391749	-0.307034	-0.344162	-0.429142	-0.406426	-0.355625	-0.377415	-0.420925	-0.321005	-0.35048	-0.294528	-0.299467	-0.427332	-0.364596	-0.447612	-0.2557	-0.429142	-0.313071	-0.361555	-0.376076	-0.334455	-0.359717	-0.301835	-0.307916	-0.421791	-0.414002	-0.481666	-0.408608	-0.284594	-0.312648	-0.473146	-0.347872	-0.452968	-0.452968	-0.361519	-0.432148	-0.311681	-0.300365	-0.412341	-0.340091	-0.312823	-0.372082	-0.370242	-0.294528	-0.355625	-0.356519	-0.437326	-0.442039	-0.344772	-0.431783	-0.388897	-0.444438	-0.34476	-0.310828	-0.321515	-0.337873	-0.36499	-0.281099	-0.35048	-0.355555	-0.364596	-0.34476	-0.321005	-0.334681	-0.358231	-0.376076	-0.356519	-0.376076	-0.344772	-0.375107	-0.311595	-0.355336	-0.359717	-0.374146	-0.355625	-0.367588	-0.344772	-0.428351	-0.313071	-0.399378	-0.318097	-0.418303	-0.373076	-0.377585	-0.355625	-0.318288	-0.373076	-0.245183	-0.309717	-0.33916	-0.427332	-0.324772	-0.322965	-0.348492	-0.281099
65000	intercept	0.453401	0.396626	0.402925	0.411676	0.458827	0.379885	0.449252	0.406946	0.438958	0.443502	0.399659	0.428807	0.415328	0.422274	0.411683	0.455737	0.41165	0.453414	0.402886	0.39978	0.415163	0.413028	0.397187	0.458481	0.444814	0.395292	0.441701	0.455575	0.40453	0.449267	0.392999	0.467234	0.431298	0.445987	0.453697	0.384981	0.392733	0.454245	0.433243	0.409519	0.382942	0.389875	0.41235	0.413117	0.353302	0.470889	0.413721	0.409068	0.411269	0.415858	0.475485	0.433414	0.414141	0.395658	0.391636	0.455781	0.399987	0.385063	0.412572	0.391153	0.385268	0.43823	0.383643	0.426835	0.454377	0.417235	0.445019	0.422744	0.412791	0.445045	0.39934	0.405531	0.417896	0.45873	0.454415	0.406154	0.407031	0.363825	0.442204	0.420661	0.409485	0.457495	0.40593	0.418173	0.366949	0.412984	0.412639	0.417905	0.42104	0.485652	0.386656	0.368104	0.429909	0.453386	0.358189	0.410976	0.431732	0.475674	0.512703	0.469008	0.45196	0.419776	0.415172	0.425151	0.380061	0.358377	0.479476	0.451977	0.436035	0.448589	0.400579	0.383678	0.375273	0.466664	0.455965	0.440105	0.38384	0.408611	0.465045	0.426237	0.411793	0.403793	0.412877	0.406929	0.488642	0.411233	0.401138	0.456809	0.416962	0.448415	0.399734	0.39253	0.470365	0.413387	0.474574	0.468126	0.388196	0.41258	0.414566	0.447996	0.395271	0.406525	0.426678	0.407829	0.422771	0.420878	0.479323	0.501371	0.458131	0.387793	0.406956	0.427264	0.469787	0.413154	0.423273	0.404806	0.411194	0.411376	0.357714	0.420437	0.413719	0.396443	0.353216	0.471567	0.391659	0.422328	0.427636	0.41682	0.45437	0.396413	0.49402	0.401424	0.440603	0.396673	0.380533	0.441065	0.416701	0.384452	0.486517	0.407108	0.427843	0.445873	0.412749	0.416086	0.511895	0.421842	0.399787	0.415614	0.408851	0.403069	0.416952	0.38071	0.4247	0.436704	0.392185	0.406437	0.404913	0.409263	0.399577	0.431403	0.487205	0.415932	0.3549	0.445799	0.408566	0.353028	0.486847	0.401227	0.527239	0.374856	0.389281	0.410778	0.475421	0.450046	0.388265	0.374856	0.494519	0.512857	0.416553	0.505157	0.35843	0.399373	0.328222	0.357416	0.413823	0.405503	0.489698	0.467196	0.407094	0.497822	0.361853	0.411459	0.431855	0.352059	0.40862	0.415932	0.41649	0.398484	0.388265	0.382674	0.392873	0.409396	0.436217	0.512566	0.379832	0.476196	0.393355	0.419198	0.468046	0.422627	0.422735	0.469064	0.387687	0.362868	0.395074	0.431855	0.416553	0.417119	0.43378	0.418341	0.426413	0.436217	0.363196	0.43378	0.414538	0.343516	0.401227	0.458499	0.392873	0.414245	0.412551	0.515674	0.40862	0.409396	0.382104	0.411989	0.520399	0.406246	0.407415	0.407614	0.381643	0.415329	0.417917	0.519911	0.529952	0.489698	0.411889	0.49594	0.519911	0.420555	0.429236	0.410888	0.43734	0.425482	0.391686	0.359052	0.440423	0.410861	0.399373	0.522987	0.409559	0.382704	0.39843	0.413418	0.427302	0.433212	0.382674	0.341852	0.412736	0.471857	0.414519	0.410778	0.527239	0.404344	0.442357	0.437069	0.389138	0.471747	0.370749	0.526078	0.389936	0.418952	0.397815	0.387658	0.419724	0.372791	0.420555	0.401227	0.376999	0.469579	0.43734	0.468046	0.450046	0.356153	0.39551	0.49594	0.403934	0.47314	0.483759	0.412012	0.475421	0.395328	0.37139	0.444405	0.416553	0.408479	0.396588	0.430949	0.437069	0.425467	0.412449	0.522987	0.520399	0.372791	0.519911	0.428114	0.469579	0.41649	0.417119	0.363196	0.361853	0.425482	0.324709	0.418578	0.41172	0.363674	0.427502	0.413418	0.341852	0.407987	0.419724	0.412608	0.419724	0.372791	0.409396	0.369456	0.430949	0.420555	0.472022	0.414519	0.43378	0.372791	0.526078	0.397815	0.461776	0.422735	0.512857	0.406246	0.495008	0.404347	0.410888	0.407479	0.393355	0.411989	0.424974	0.475473	0.403701	0.386726	0.458492	0.324709
66000	slope	-0.265024	-0.300414	-0.394027	-0.323712	-0.355434	-0.330125	-0.372588	-0.314091	-0.31493	-0.341801	-0.346785	-0.425841	-0.312934	-0.359541	-0.321283	-0.35733	-0.33467	-0.318957	-0.348248	-0.377893	-0.260447	-0.354143	-0.314768	-0.328738	-0.37589	-0.356807	-0.309977	-0.330281	-0.377919	-0.258706	-0.3653	-0.313245	-0.377233	-0.367094	-0.360022	-0.349131	-0.304583	-0.305207	-0.362623	-0.242099	-0.35108	-0.387027	-0.352769	-0.362918	-0.296761	-0.318497	-0.38275	-0.371237	-0.353587	-0.308744	-0.333398	-0.295365	-0.370478	-0.323596	-0.352248	-0.337485	-0.329457	-0.328413	-0.314545	-0.28899	-0.287728	-0.342979	-0.392561	-0.372623	-0.324668	-0.345012	-0.334517	-0.362166	-0.348948	-0.305211	-0.35909	-0.336721	-0.372094	-0.312111	-0.375775	-0.25567	-0.299067	-0.371105	-0.378582	-0.327938	-0.4116	-0.398184	-0.446542	-0.34108	-0.377385	-0.389001	-0.318296	-0.352413	-0.335416	-0.36707	-0.306057	-0.373344	-0.324948	-0.334837	-0.386874	-0.380763	-0.325582	-0.356952	-0.32714	-0.38996	-0.288044	-0.429289	-0.436344	-0.426398	-0.314758	-0.350264	-0.404969	-0.287711	-0.408181	-0.330677	-0.322814	-0.325307	-0.338992	-0.396025	-0.312795	-0.319578	-0.286086	-0.424528	-0.374107	-0.375488	-0.318242	-0.375298	-0.368233	-0.395139	-0.344311	-0.330734	-0.352018	-0.387021	-0.277885	-0.321981	-0.372682	-0.337599	-0.308665	-0.362618	-0.360081	-0.314196	-0.285436	-0.321083	-0.40478	-0.32379	-0.302383	-0.348593	-0.301015	-0.393196	-0.377685	-0.337883	-0.289292	-0.403268	-0.299572	-0.391099	-0.414396	-0.386028	-0.34784	-0.417955	-0.31797	-0.360988	-0.288861	-0.314499	-0.285243	-0.333524	-0.287922	-0.354699	-0.325225	-0.328865	-0.382419	-0.314246	-0.391611	-0.281101	-0.378086	-0.312902	-0.315445	-0.242506	-0.296121	-0.329745	-0.369658	-0.358849	-0.387974	-0.278439	-0.364378	-0.357179	-0.370925	-0.377335	-0.337049	-0.306349	-0.389776	-0.369098	-0.387881	-0.318896	-0.357957	-0.340645	-0.356361	-0.293105	-0.337811	-0.380529	-0.398322	-0.329109	-0.301369	-0.340006	-0.339764	-0.430878	-0.332809	-0.359746	-0.362803	-0.328049	-0.320632	-0.454647	-0.370644	-0.313686	-0.394502	-0.279868	-0.342811	-0.453725	-0.315951	-0.381328	-0.426296	-0.366955	-0.370644	-0.362645	-0.426296	-0.362537	-0.375822	-0.400361	-0.295975	-0.427173	-0.421256	-0.36486	-0.252265	-0.307776	-0.399399	-0.351197	-0.379225	-0.357841	-0.342811	-0.334861	-0.279868	-0.302911	-0.327147	-0.357241	-0.342811	-0.267484	-0.36353	-0.267484	-0.263161	-0.304854	-0.330289	-0.414816	-0.330289	-0.362752	-0.409573	-0.310219	-0.255457	-0.296144	-0.297186	-0.257968	-0.36486	-0.265436	-0.378142	-0.279244	-0.267484	-0.374889	-0.355996	-0.278474	-0.316982	-0.265436	-0.368771	-0.357241	-0.360698	-0.279868	-0.452203	-0.37991	-0.404641	-0.377233	-0.316561	-0.327147	-0.339255	-0.351197	-0.326888	-0.360698	-0.362803	-0.318643	-0.325456	-0.399025	-0.293738	-0.36152	-0.381889	-0.322926	-0.408495	-0.428855	-0.317958	-0.428855	-0.402291	-0.37156	-0.374264	-0.399025	-0.360859	-0.279868	-0.457264	-0.356428	-0.399025	-0.257968	-0.388393	-0.371825	-0.366207	-0.344926	-0.351197	-0.381889	-0.374889	-0.390308	-0.412407	-0.359746	-0.374264	-0.360698	-0.43815	-0.306595	-0.299877	-0.339255	-0.343533	-0.380707	-0.346026	-0.297552	-0.366955	-0.409842	-0.34821	-0.265436	-0.317112	-0.307106	-0.337636	-0.343826	-0.352839	-0.376472	-0.404641	-0.351947	-0.352839	-0.255457	-0.4168	-0.414816	-0.40667	-0.2999	-0.402291	-0.269106	-0.426296	-0.412407	-0.364857	-0.342811	-0.30138	-0.378836	-0.35775	-0.399025	-0.32189	-0.306595	-0.414855	-0.366207	-0.353073	-0.399025	-0.365955	-0.462501	-0.334861	-0.426296	-0.34578	-0.279244	-0.255457	-0.373669	-0.379475	-0.36353	-0.35437	-0.350963	-0.30138	-0.432527	-0.369424	-0.359006	-0.265436	-0.363032	-0.304854	-0.351197	-0.267703	-0.421989	-0.399025	-0.370354	-0.386858	-0.330869	-0.255457	-0.31157	-0.299877	-0.448214	-0.310594	-0.296144	-0.381776	-0.366207	-0.404641	-0.274974	-0.308338	-0.343967	-0.2999	-0.358456	-0.343967	-0.359746	-0.316133	-0.409198	-0.35033	-0.325456
66000	intercept	0.383944	0.361123	0.448194	0.400328	0.384686	0.420463	0.405496	0.330654	0.37754	0.40056	0.392645	0.480081	0.403937	0.409909	0.381085	0.393688	0.382659	0.398402	0.460026	0.458086	0.356237	0.453333	0.423255	0.407677	0.458435	0.42962	0.375542	0.40279	0.42806	0.351165	0.436662	0.429717	0.491003	0.433515	0.418068	0.483774	0.361941	0.392623	0.398385	0.340003	0.414983	0.472727	0.419865	0.406917	0.395333	0.406638	0.474727	0.420098	0.403015	0.410357	0.369343	0.363802	0.448831	0.421571	0.411443	0.405661	0.391605	0.387672	0.413604	0.370807	0.38826	0.413406	0.428493	0.393225	0.409965	0.435944	0.412569	0.435279	0.40881	0.413301	0.403345	0.439135	0.42247	0.415314	0.42654	0.384992	0.397732	0.403539	0.436187	0.394415	0.42973	0.436344	0.470015	0.432883	0.468492	0.440026	0.38514	0.412133	0.396961	0.425622	0.380887	0.407574	0.388966	0.423436	0.438099	0.438778	0.39419	0.406365	0.424192	0.436136	0.416003	0.464271	0.498814	0.466407	0.411365	0.403981	0.460472	0.37924	0.435116	0.383826	0.387965	0.391195	0.412043	0.459788	0.410144	0.423399	0.375316	0.460718	0.454099	0.405976	0.416148	0.385734	0.453379	0.43224	0.472049	0.417111	0.436207	0.443287	0.395189	0.369546	0.419998	0.422607	0.428579	0.413444	0.417546	0.420604	0.383018	0.447969	0.400333	0.373983	0.379129	0.387207	0.416326	0.453996	0.400597	0.423031	0.390406	0.431779	0.379767	0.490204	0.513293	0.463865	0.398576	0.436045	0.397317	0.456952	0.356141	0.362496	0.376093	0.430172	0.375632	0.37742	0.421613	0.361577	0.424392	0.390749	0.417197	0.368833	0.43351	0.407786	0.425926	0.343252	0.363065	0.423626	0.432291	0.418167	0.460612	0.380631	0.427202	0.449882	0.444202	0.423393	0.422607	0.406136	0.406517	0.474563	0.435328	0.400636	0.41835	0.448343	0.418923	0.367369	0.408857	0.414931	0.457275	0.411848	0.379015	0.432628	0.384842	0.514549	0.4119	0.41249	0.379991	0.457698	0.4119	0.548908	0.402141	0.418999	0.448861	0.373146	0.396186	0.487905	0.400042	0.499642	0.466569	0.414318	0.390389	0.443786	0.451959	0.44095	0.431352	0.42115	0.402284	0.455795	0.490283	0.358787	0.356084	0.40672	0.399311	0.382565	0.456712	0.410308	0.394719	0.388999	0.373146	0.432609	0.408535	0.453042	0.39757	0.346904	0.471082	0.357505	0.40416	0.391071	0.40672	0.470548	0.40672	0.373312	0.472209	0.400286	0.343664	0.369538	0.434385	0.379443	0.390613	0.354512	0.373312	0.369749	0.357505	0.451537	0.412336	0.386387	0.422008	0.354512	0.425804	0.456722	0.397789	0.369707	0.55595	0.397287	0.47314	0.491003	0.391657	0.408535	0.46333	0.382979	0.347317	0.388835	0.379991	0.405155	0.358881	0.448861	0.383995	0.418781	0.413918	0.394901	0.42115	0.474156	0.404904	0.474156	0.455242	0.503658	0.391597	0.448861	0.448885	0.399396	0.491462	0.463257	0.448861	0.340902	0.410487	0.391597	0.436401	0.438336	0.363086	0.413918	0.451537	0.407675	0.446316	0.413918	0.391597	0.40484	0.549356	0.388492	0.432609	0.464115	0.438336	0.485911	0.445715	0.402284	0.407657	0.459157	0.44095	0.354512	0.408535	0.428898	0.418952	0.439344	0.453915	0.407675	0.47314	0.422972	0.452456	0.343664	0.439722	0.453791	0.44962	0.380559	0.455242	0.385217	0.479756	0.446316	0.418033	0.412012	0.366969	0.410308	0.437701	0.448861	0.4119	0.388492	0.42115	0.439995	0.429886	0.444397	0.381353	0.547183	0.388999	0.479756	0.469159	0.378321	0.343664	0.423658	0.421716	0.471082	0.413918	0.446986	0.366969	0.427825	0.474484	0.501928	0.354512	0.434664	0.384487	0.382979	0.355834	0.423506	0.444397	0.388835	0.407322	0.452456	0.36422	0.402655	0.432609	0.425998	0.408438	0.369538	0.442407	0.439995	0.469947	0.38689	0.437238	0.437904	0.383468	0.471082	0.437904	0.439907	0.358881	0.423031	0.426892	0.358881
67000	slope	-0.309687	-0.336507	-0.343672	-0.35251	-0.345777	-0.406103	-0.346971	-0.328019	-0.39123	-0.284014	-0.389561	-0.286436	-0.401474	-0.314024	-0.357584	-0.28546	-0.376274	-0.404455	-0.337222	-0.342505	-0.362194	-0.366702	-0.320206	-0.309783	-0.329062	-0.378166	-0.429048	-0.360985	-0.364016	-0.307627	-0.343193	-0.39863	-0.362438	-0.44942	-0.272127	-0.365317	-0.36182	-0.445089	-0.271044	-0.320097	-0.286973	-0.337717	-0.403401	-0.355854	-0.341456	-0.342432	-0.361378	-0.320954	-0.369511	-0.276301	-0.285647	-0.36691	-0.326716	-0.334688	-0.349383	-0.34645	-0.323622	-0.312242	-0.29005	-0.32618	-0.358969	-0.402139	-0.30724	-0.320616	-0.360425	-0.336833	-0.347756	-0.281911	-0.378828	-0.370216	-0.349726	-0.356604	-0.437705	-0.305446	-0.345722	-0.385587	-0.341219	-0.343033	-0.408548	-0.422038	-0.335581	-0.264598	-0.413749	-0.32718	-0.344922	-0.343236	-0.349119	-0.333245	-0.39263	-0.338467	-0.329043	-0.31768	-0.324191	-0.307587	-0.339155	-0.309831	-0.359677	-0.356541	-0.304535	-0.352393	-0.360619	-0.41056	-0.379514	-0.359359	-0.349657	-0.352947	-0.373868	-0.345903	-0.316574	-0.352899	-0.339097	-0.269172	-0.416482	-0.354297	-0.34012	-0.376716	-0.384451	-0.384553	-0.326665	-0.348964	-0.315983	-0.372069	-0.376395	-0.321839	-0.362133	-0.333663	-0.359596	-0.317207	-0.310321	-0.407686	-0.365488	-0.387482	-0.332975	-0.308426	-0.408928	-0.372271	-0.367105	-0.335617	-0.358559	-0.350796	-0.393374	-0.372691	-0.417363	-0.339707	-0.352061	-0.334099	-0.401855	-0.352338	-0.31041	-0.381159	-0.326346	-0.31894	-0.342376	-0.327292	-0.355487	-0.412723	-0.388271	-0.338083	-0.33326	-0.337875	-0.276102	-0.474681	-0.33631	-0.354764	-0.272504	-0.459662	-0.334644	-0.349288	-0.326695	-0.36711	-0.440835	-0.33192	-0.421837	-0.355154	-0.397719	-0.265975	-0.432997	-0.283224	-0.319716	-0.380993	-0.3653	-0.309003	-0.32264	-0.331694	-0.385438	-0.31347	-0.359871	-0.404667	-0.463514	-0.351558	-0.396715	-0.369982	-0.341122	-0.348169	-0.382026	-0.331872	-0.333495	-0.299774	-0.314117	-0.361066	-0.31109	-0.370206	-0.460138	-0.456811	-0.494988	-0.460737	-0.245858	-0.377129	-0.334241	-0.318385	-0.31109	-0.274976	-0.445991	-0.353547	-0.378163	-0.352145	-0.319097	-0.301279	-0.382674	-0.369627	-0.464024	-0.390557	-0.353793	-0.43615	-0.440723	-0.378352	-0.297634	-0.321152	-0.341875	-0.303236	-0.298678	-0.270026	-0.318651	-0.439842	-0.325177	-0.367636	-0.392343	-0.43204	-0.321903	-0.414369	-0.346014	-0.494988	-0.36817	-0.304264	-0.352061	-0.38086	-0.402037	-0.368033	-0.34352	-0.45517	-0.36817	-0.372327	-0.35345	-0.273367	-0.320206	-0.395483	-0.276312	-0.36817	-0.447919	-0.378163	-0.297634	-0.359656	-0.271022	-0.405118	-0.363346	-0.417239	-0.330176	-0.261345	-0.358455	-0.348686	-0.378352	-0.342894	-0.377507	-0.282964	-0.296205	-0.407712	-0.34709	-0.440723	-0.295247	-0.343725	-0.372604	-0.326132	-0.343132	-0.335428	-0.321152	-0.43204	-0.450337	-0.334241	-0.372327	-0.375671	-0.357836	-0.263772	-0.43615	-0.410233	-0.326132	-0.387068	-0.373104	-0.356869	-0.356869	-0.375688	-0.276312	-0.451554	-0.385875	-0.282732	-0.34709	-0.281789	-0.392343	-0.372327	-0.374682	-0.303315	-0.298678	-0.323378	-0.34709	-0.32353	-0.44994	-0.352061	-0.282033	-0.352724	-0.271398	-0.372327	-0.319534	-0.423029	-0.3878	-0.424335	-0.374682	-0.470732	-0.36817	-0.404439	-0.341212	-0.392557	-0.372327	-0.362686	-0.349055	-0.281789	-0.273286	-0.341212	-0.32353	-0.388197	-0.369627	-0.392343	-0.2182	-0.318385	-0.31109	-0.372642	-0.368222	-0.380243	-0.344092	-0.270244	-0.366695	-0.352724	-0.374911	-0.404216	-0.488625	-0.353805	-0.297634	-0.421375	-0.405118	-0.37255	-0.245858	-0.300032	-0.276312	-0.348686	-0.440723	-0.459199	-0.43204	-0.494988	-0.284342	-0.35925	-0.350512	-0.390525	-0.362133	-0.374682	-0.318385	-0.350902	-0.273367	-0.397232	-0.349123	-0.270026	-0.29072	-0.269055	-0.270244	-0.43204	-0.29312	-0.298678	-0.368033	-0.375688	-0.321152	-0.395483	-0.352706	-0.368222	-0.424335	-0.31276	-0.372327	-0.385875	-0.439842	-0.284432	-0.36817	-0.417239	-0.405118	-0.43204
67000	intercept	0.401139	0.416048	0.449651	0.397064	0.411196	0.435659	0.439197	0.427615	0.432559	0.393597	0.472705	0.376179	0.442246	0.406457	0.410577	0.393597	0.413151	0.427087	0.422207	0.401095	0.401544	0.411711	0.388999	0.389924	0.413116	0.422238	0.479467	0.460229	0.426519	0.385453	0.439899	0.432997	0.408019	0.478749	0.343565	0.419015	0.422386	0.468019	0.359881	0.39541	0.377588	0.443091	0.406824	0.411536	0.44126	0.432276	0.424538	0.389329	0.406616	0.378508	0.370474	0.4399	0.374748	0.403135	0.414021	0.434064	0.389021	0.396189	0.407005	0.36665	0.43586	0.435885	0.41464	0.413592	0.439428	0.433948	0.425552	0.380287	0.41278	0.446073	0.400526	0.418263	0.478606	0.424865	0.440276	0.398285	0.40179	0.387936	0.489627	0.44133	0.425594	0.350903	0.449805	0.401606	0.403266	0.393886	0.410737	0.407432	0.460474	0.393538	0.445465	0.420453	0.381913	0.385245	0.39809	0.411734	0.41689	0.444266	0.407504	0.401063	0.402527	0.461581	0.457902	0.432779	0.413589	0.443551	0.434443	0.389058	0.369461	0.379339	0.415019	0.358337	0.473325	0.412681	0.420369	0.422293	0.422942	0.418839	0.416919	0.437024	0.388651	0.413488	0.432194	0.410865	0.398823	0.421169	0.415745	0.419036	0.394483	0.437445	0.442536	0.466969	0.388255	0.415485	0.441113	0.446431	0.42586	0.413146	0.398131	0.437602	0.431657	0.40791	0.474217	0.417498	0.388834	0.399439	0.412968	0.394841	0.402281	0.413672	0.441497	0.354196	0.445598	0.406629	0.431881	0.469903	0.453603	0.420458	0.402648	0.414873	0.38404	0.48882	0.435159	0.41113	0.378518	0.500834	0.393575	0.426635	0.419259	0.440928	0.456246	0.402231	0.47029	0.398086	0.442429	0.34916	0.456164	0.385362	0.398227	0.417479	0.436994	0.388379	0.375401	0.388073	0.45474	0.395122	0.417818	0.460562	0.489052	0.429984	0.43023	0.409305	0.421443	0.430784	0.445	0.43048	0.440213	0.411	0.387005	0.428831	0.383119	0.449441	0.480411	0.528739	0.520143	0.466605	0.366304	0.427737	0.447705	0.387402	0.383119	0.35037	0.462561	0.393235	0.395384	0.431957	0.40254	0.37679	0.380799	0.412379	0.528398	0.464186	0.441367	0.511219	0.482732	0.415212	0.393617	0.438217	0.422693	0.387676	0.372529	0.340033	0.40254	0.455627	0.472944	0.401077	0.437629	0.47026	0.378077	0.504335	0.402922	0.520143	0.384854	0.423394	0.388834	0.420844	0.402852	0.395766	0.436041	0.480411	0.384854	0.410185	0.417533	0.3809	0.388999	0.464526	0.361559	0.384854	0.476606	0.395384	0.401231	0.432319	0.402025	0.419529	0.408912	0.410181	0.443098	0.33676	0.463778	0.420436	0.409054	0.400656	0.422714	0.364379	0.389825	0.427705	0.415485	0.482732	0.412915	0.384805	0.410656	0.437708	0.404229	0.393574	0.44554	0.461239	0.480411	0.447705	0.419198	0.388214	0.420203	0.393577	0.503862	0.503862	0.412127	0.395384	0.439303	0.397573	0.397573	0.433075	0.361559	0.445262	0.423478	0.402113	0.415485	0.383784	0.437629	0.410185	0.455992	0.418797	0.372529	0.372726	0.415485	0.388999	0.445262	0.388834	0.371782	0.413292	0.402025	0.420844	0.445558	0.437262	0.402852	0.490632	0.469955	0.480411	0.384854	0.489921	0.441729	0.404866	0.431429	0.385815	0.396029	0.383784	0.393577	0.441729	0.388999	0.424397	0.390781	0.424053	0.336688	0.387402	0.383119	0.395384	0.395384	0.410119	0.399001	0.3809	0.437335	0.413292	0.422032	0.483496	0.511035	0.404866	0.393617	0.449315	0.419529	0.425072	0.366304	0.448909	0.371649	0.420436	0.489444	0.480411	0.47026	0.520143	0.41898	0.402092	0.443491	0.442207	0.402871	0.455992	0.387402	0.399747	0.3809	0.452494	0.388834	0.340033	0.401945	0.341631	0.397885	0.47026	0.401945	0.372529	0.395766	0.433075	0.438217	0.464526	0.401884	0.395384	0.503862	0.383119	0.417533	0.423478	0.455627	0.389825	0.384854	0.437262	0.437629	0.461239
68000	slope	-0.379988	-0.362976	-0.458359	-0.41976	-0.368369	-0.301455	-0.455668	-0.409794	-0.320392	-0.377551	-0.309934	-0.349032	-0.266614	-0.399631	-0.368012	-0.357334	-0.370428	-0.366542	-0.355959	-0.32602	-0.406616	-0.370654	-0.346584	-0.406113	-0.351731	-0.346802	-0.332081	-0.294668	-0.327985	-0.302462	-0.3762	-0.423492	-0.336264	-0.362833	-0.381689	-0.347832	-0.351413	-0.418665	-0.388265	-0.288758	-0.317681	-0.37067	-0.333752	-0.369837	-0.453452	-0.32598	-0.32414	-0.348103	-0.328306	-0.271675	-0.358443	-0.319407	-0.32175	-0.326751	-0.318921	-0.308697	-0.285333	-0.407586	-0.333987	-0.297095	-0.37103	-0.345749	-0.334175	-0.329137	-0.361035	-0.429169	-0.408724	-0.391666	-0.316902	-0.308345	-0.337433	-0.355688	-0.365936	-0.354399	-0.33873	-0.382317	-0.365415	-0.451922	-0.410904	-0.341972	-0.416022	-0.448562	-0.411417	-0.384444	-0.385396	-0.325255	-0.369732	-0.280776	-0.370668	-0.378252	-0.344967	-0.40419	-0.320568	-0.295899	-0.403042	-0.385326	-0.25526	-0.380089	-0.369901	-0.367406	-0.308307	-0.406876	-0.361764	-0.385629	-0.389418	-0.384181	-0.325297	-0.375041	-0.378856	-0.369208	-0.313998	-0.27409	-0.352257	-0.326132	-0.359473	-0.351137	-0.366193	-0.329298	-0.307851	-0.377022	-0.371207	-0.298826	-0.376856	-0.318334	-0.29365	-0.36683	-0.336752	-0.357532	-0.383815	-0.297935	-0.411398	-0.338279	-0.386767	-0.301522	-0.330349	-0.421206	-0.318104	-0.331707	-0.306439	-0.312733	-0.329223	-0.34482	-0.367226	-0.360593	-0.337616	-0.389621	-0.380028	-0.316049	-0.384558	-0.316942	-0.327469	-0.332955	-0.36702	-0.378305	-0.360565	-0.398225	-0.338926	-0.365566	-0.379949	-0.365063	-0.427138	-0.324807	-0.305229	-0.371925	-0.353695	-0.37828	-0.348125	-0.354116	-0.332653	-0.322315	-0.291239	-0.358355	-0.416888	-0.356923	-0.362225	-0.336165	-0.345875	-0.287886	-0.33522	-0.307543	-0.351119	-0.385155	-0.376638	-0.340149	-0.41379	-0.412951	-0.344636	-0.317748	-0.356289	-0.420643	-0.290515	-0.335437	-0.372511	-0.404942	-0.3779	-0.320236	-0.377913	-0.283435	-0.312746	-0.327667	-0.352848	-0.34435	-0.387267	-0.296645	-0.375555	-0.443804	-0.452079	-0.249259	-0.262858	-0.375555	-0.360074	-0.375746	-0.345194	-0.326757	-0.345194	-0.340492	-0.462737	-0.35343	-0.384254	-0.383997	-0.25234	-0.367659	-0.40318	-0.365566	-0.344921	-0.262576	-0.303603	-0.368429	-0.469998	-0.368429	-0.375555	-0.361959	-0.37083	-0.375555	-0.369606	-0.367659	-0.348272	-0.37565	-0.299677	-0.472858	-0.343302	-0.297653	-0.380948	-0.368684	-0.405085	-0.307114	-0.344025	-0.357337	-0.307114	-0.345685	-0.305448	-0.30852	-0.426645	-0.4395	-0.303144	-0.426393	-0.25526	-0.297921	-0.442199	-0.37565	-0.353149	-0.365566	-0.375555	-0.29274	-0.317164	-0.35317	-0.363137	-0.390803	-0.326757	-0.411818	-0.466107	-0.336992	-0.426389	-0.458571	-0.445396	-0.314902	-0.3188	-0.360099	-0.441087	-0.352848	-0.30852	-0.36098	-0.309518	-0.390803	-0.314902	-0.384087	-0.442199	-0.445274	-0.327378	-0.326757	-0.349977	-0.36904	-0.379541	-0.34889	-0.450866	-0.262858	-0.280305	-0.311117	-0.368684	-0.375746	-0.372752	-0.29274	-0.296222	-0.286351	-0.360074	-0.326757	-0.349126	-0.467524	-0.386192	-0.29274	-0.299045	-0.345685	-0.328182	-0.305751	-0.287295	-0.457238	-0.368684	-0.303482	-0.315735	-0.356321	-0.352812	-0.309518	-0.273965	-0.264917	-0.405085	-0.297847	-0.345194	-0.280167	-0.353149	-0.326757	-0.368684	-0.441087	-0.372414	-0.358222	-0.368429	-0.243909	-0.348396	-0.426393	-0.445068	-0.309255	-0.32229	-0.368684	-0.375746	-0.305448	-0.299442	-0.417855	-0.326757	-0.381298	-0.349977	-0.376228	-0.452317	-0.341191	-0.251439	-0.443804	-0.355567	-0.299442	-0.285288	-0.269718	-0.264603	-0.32229	-0.364048	-0.310694	-0.349919	-0.389522	-0.328228	-0.390574	-0.27707	-0.443804	-0.411818	-0.406212	-0.411818	-0.385206	-0.368429	-0.363453	-0.362101	-0.466889	-0.302056	-0.299045	-0.375746	-0.302486	-0.35346	-0.287437	-0.352647	-0.326757	-0.349977	-0.386053	-0.352848	-0.251439	-0.317164	-0.4048	-0.443804	-0.327378	-0.283529	-0.411818	-0.25526	-0.458571	-0.443804	-0.296645	-0.325312	-0.243909
68000	intercept	0.43058	0.416552	0.52567	0.462362	0.420692	0.417661	0.479727	0.454401	0.389781	0.430485	0.407643	0.406264	0.375371	0.433806	0.431578	0.408692	0.455007	0.427291	0.388938	0.40516	0.466571	0.434616	0.409181	0.448368	0.444787	0.402015	0.403974	0.368994	0.437797	0.402623	0.427088	0.44069	0.406047	0.420796	0.423305	0.40138	0.406927	0.474153	0.430408	0.386497	0.393195	0.431662	0.410994	0.391673	0.452009	0.402153	0.390924	0.41587	0.407019	0.392248	0.418333	0.415067	0.389038	0.406221	0.36429	0.396515	0.413418	0.432491	0.434373	0.412711	0.467677	0.416458	0.399743	0.372757	0.42811	0.429591	0.44239	0.435504	0.409648	0.409106	0.37676	0.414256	0.412061	0.445738	0.410237	0.406054	0.420164	0.474663	0.449207	0.446857	0.46376	0.489823	0.438383	0.425779	0.442574	0.41647	0.452892	0.40418	0.416494	0.449474	0.414248	0.477616	0.387471	0.394509	0.452504	0.419744	0.333136	0.40078	0.423747	0.445386	0.411838	0.471025	0.409139	0.479399	0.427997	0.454008	0.446064	0.409947	0.441091	0.416497	0.431479	0.375234	0.445742	0.469128	0.401848	0.443498	0.43537	0.411802	0.369231	0.439207	0.425363	0.397526	0.41052	0.407308	0.384196	0.436922	0.418608	0.433781	0.44649	0.385552	0.450023	0.405502	0.41277	0.390961	0.399229	0.451504	0.380647	0.372266	0.388557	0.39514	0.405324	0.40007	0.415802	0.452275	0.394761	0.452457	0.417253	0.393975	0.440538	0.412106	0.414477	0.401967	0.393006	0.421832	0.41531	0.44969	0.416512	0.38942	0.418947	0.424072	0.452045	0.394348	0.413087	0.422448	0.413623	0.447771	0.401902	0.409063	0.428903	0.411802	0.365578	0.403127	0.443815	0.407049	0.433128	0.3941	0.383301	0.390906	0.406776	0.406227	0.424588	0.440762	0.420238	0.409449	0.453148	0.458741	0.424917	0.404111	0.411248	0.450647	0.367545	0.408978	0.440762	0.461526	0.434963	0.389038	0.416887	0.380468	0.424774	0.393486	0.422945	0.405661	0.406163	0.403419	0.415815	0.466655	0.439506	0.343417	0.392587	0.42718	0.393046	0.428351	0.391752	0.412465	0.385317	0.414163	0.509906	0.42894	0.439731	0.416761	0.394816	0.39264	0.414725	0.399758	0.393929	0.35493	0.407772	0.430196	0.485858	0.415435	0.415815	0.405326	0.416602	0.415815	0.416526	0.39264	0.365513	0.39264	0.362342	0.485858	0.405533	0.37415	0.418341	0.42894	0.439731	0.42872	0.41541	0.426231	0.42872	0.4043	0.375454	0.452599	0.456504	0.475186	0.351417	0.476661	0.333136	0.403826	0.437828	0.39264	0.44815	0.399758	0.434796	0.397326	0.399367	0.410988	0.405533	0.428351	0.416489	0.455492	0.525651	0.412244	0.462391	0.499107	0.462043	0.402828	0.365591	0.407409	0.462043	0.422945	0.452599	0.365513	0.351417	0.428275	0.398095	0.452613	0.44716	0.459607	0.41175	0.398966	0.378256	0.431425	0.415815	0.357668	0.484995	0.392587	0.403419	0.37415	0.437932	0.428351	0.414349	0.397326	0.386387	0.407188	0.395245	0.414884	0.449371	0.51472	0.42894	0.397326	0.397326	0.4043	0.416489	0.404366	0.344271	0.504004	0.431425	0.391641	0.426828	0.414561	0.482319	0.351417	0.386787	0.34328	0.439731	0.362342	0.365513	0.404264	0.433798	0.415923	0.444583	0.462043	0.39264	0.426231	0.430196	0.410346	0.377617	0.481968	0.502976	0.396148	0.416489	0.431425	0.428351	0.378871	0.37415	0.547157	0.416489	0.438002	0.390909	0.418196	0.459184	0.412244	0.38509	0.475393	0.444369	0.37415	0.375513	0.340049	0.337082	0.428219	0.4434	0.455937	0.406477	0.420108	0.433695	0.43072	0.407605	0.466655	0.439356	0.436047	0.439356	0.434796	0.430196	0.383651	0.438751	0.513511	0.407772	0.397326	0.428351	0.364027	0.425331	0.38678	0.416155	0.416489	0.387162	0.397156	0.422945	0.38509	0.405661	0.413903	0.466655	0.41175	0.36088	0.449769	0.333136	0.485858	0.466655	0.403419	0.398179	0.392457
69000	slope	-0.397913	-0.432978	-0.384576	-0.30458	-0.326329	-0.302245	-0.324598	-0.336689	-0.323819	-0.306385	-0.323856	-0.373945	-0.294728	-0.337867	-0.331662	-0.321558	-0.289198	-0.318648	-0.332045	-0.361454	-0.296375	-0.372556	-0.382515	-0.365881	-0.280972	-0.347301	-0.270401	-0.298343	-0.390684	-0.320712	-0.358188	-0.336334	-0.325638	-0.337902	-0.338219	-0.369634	-0.342605	-0.335484	-0.39086	-0.297244	-0.430566	-0.338411	-0.266648	-0.323889	-0.392661	-0.374418	-0.340829	-0.362552	-0.339066	-0.37946	-0.348271	-0.473782	-0.383654	-0.333452	-0.253418	-0.381441	-0.312993	-0.350692	-0.320642	-0.343194	-0.342534	-0.344378	-0.354075	-0.376715	-0.390435	-0.288464	-0.316881	-0.430921	-0.371008	-0.440985	-0.296169	-0.373426	-0.335284	-0.401953	-0.426499	-0.301638	-0.314925	-0.40139	-0.319368	-0.269807	-0.294337	-0.278205	-0.412288	-0.43298	-0.281854	-0.30927	-0.298355	-0.430124	-0.462485	-0.371835	-0.258318	-0.394963	-0.406842	-0.293941	-0.369149	-0.361208	-0.390232	-0.314463	-0.316888	-0.353602	-0.271788	-0.414803	-0.384002	-0.31296	-0.385253	-0.318338	-0.349091	-0.340532	-0.295918	-0.300331	-0.365955	-0.36963	-0.305503	-0.378821	-0.305588	-0.300937	-0.34537	-0.329789	-0.390485	-0.276315	-0.300937	-0.3006	-0.288979	-0.320412	-0.280515	-0.302851	-0.346391	-0.366367	-0.369276	-0.300444	-0.395918	-0.390178	-0.346021	-0.403618	-0.31497	-0.361498	-0.393401	-0.303495	-0.359638	-0.353023	-0.32583	-0.271558	-0.299029	-0.391743	-0.339212	-0.325884	-0.330784	-0.385792	-0.304319	-0.338576	-0.372729	-0.376032	-0.374714	-0.360173	-0.394632	-0.304123	-0.375918	-0.342327	-0.329194	-0.370387	-0.365298	-0.419413	-0.308327	-0.448193	-0.298541	-0.383878	-0.407988	-0.305935	-0.408576	-0.376329	-0.355389	-0.412976	-0.249071	-0.305537	-0.2658	-0.327482	-0.370437	-0.271452	-0.379982	-0.360898	-0.314859	-0.336782	-0.348357	-0.337545	-0.323349	-0.348569	-0.422449	-0.39336	-0.306451	-0.322759	-0.32227	-0.397085	-0.375915	-0.367608	-0.316561	-0.340376	-0.308504	-0.408624	-0.390117	-0.303459	-0.296137	-0.356827	-0.382202	-0.308811	-0.277116	-0.376338	-0.299594	-0.334223	-0.333601	-0.263999	-0.267711	-0.396862	-0.35372	-0.420288	-0.302375	-0.420288	-0.453642	-0.294284	-0.453642	-0.41717	-0.42611	-0.404624	-0.369632	-0.458571	-0.377357	-0.378162	-0.423795	-0.38554	-0.345682	-0.324144	-0.260853	-0.34717	-0.410907	-0.324491	-0.288295	-0.32686	-0.302375	-0.340961	-0.308888	-0.385541	-0.340391	-0.337081	-0.458571	-0.336248	-0.289312	-0.393903	-0.27995	-0.347835	-0.35039	-0.260853	-0.326453	-0.341243	-0.231246	-0.340751	-0.44465	-0.393513	-0.247861	-0.329211	-0.250794	-0.412766	-0.38822	-0.380783	-0.41353	-0.499025	-0.427971	-0.34857	-0.354912	-0.26724	-0.477545	-0.453642	-0.353582	-0.267732	-0.263999	-0.328989	-0.307259	-0.32826	-0.369688	-0.323229	-0.365882	-0.369066	-0.266245	-0.367697	-0.371979	-0.328989	-0.370348	-0.333564	-0.268202	-0.416054	-0.458491	-0.268541	-0.259154	-0.303822	-0.418271	-0.378338	-0.369688	-0.375908	-0.31456	-0.407856	-0.358745	-0.363986	-0.247455	-0.312701	-0.337081	-0.266245	-0.393513	-0.382202	-0.339104	-0.375607	-0.422408	-0.315588	-0.349939	-0.345923	-0.31456	-0.358367	-0.272189	-0.420751	-0.340961	-0.350716	-0.398475	-0.369688	-0.280428	-0.484191	-0.383015	-0.369688	-0.344448	-0.363986	-0.326453	-0.327867	-0.370337	-0.333564	-0.39968	-0.266245	-0.294284	-0.427971	-0.356827	-0.385085	-0.378162	-0.407748	-0.345758	-0.41717	-0.329211	-0.266245	-0.341243	-0.398597	-0.329211	-0.310668	-0.313774	-0.335857	-0.271339	-0.420751	-0.297272	-0.371466	-0.350808	-0.432664	-0.398684	-0.365528	-0.468306	-0.423795	-0.381166	-0.412766	-0.284622	-0.407724	-0.38822	-0.249731	-0.345646	-0.32492	-0.302375	-0.377295	-0.400542	-0.316283	-0.325057	-0.313995	-0.320712	-0.341243	-0.313995	-0.427971	-0.381166	-0.307259	-0.333952	-0.391805	-0.291	-0.423795	-0.327867	-0.268202	-0.365528	-0.420751	-0.35733	-0.308888	-0.39204	-0.302705	-0.35039	-0.339137	-0.424634	-0.420751	-0.345923	-0.285492	-0.34024	-0.453642	-0.257127	-0.31084
69000	intercept	0.414158	0.49772	0.411371	0.371711	0.391382	0.421193	0.417285	0.409472	0.418507	0.398935	0.435587	0.428827	0.423011	0.412785	0.406226	0.375866	0.402964	0.36627	0.431701	0.374158	0.3722	0.415849	0.419505	0.432056	0.396878	0.414491	0.397277	0.398205	0.439062	0.379163	0.443606	0.406951	0.396465	0.397823	0.377269	0.460743	0.421048	0.376843	0.452085	0.373558	0.485526	0.449819	0.389352	0.389092	0.441012	0.44041	0.390737	0.412905	0.404057	0.425836	0.405766	0.51872	0.425526	0.409266	0.407371	0.424931	0.432484	0.417311	0.352525	0.399328	0.364342	0.399832	0.39054	0.419655	0.450007	0.360491	0.38256	0.455749	0.440813	0.461135	0.389463	0.407085	0.381337	0.454349	0.466018	0.36929	0.400853	0.44811	0.426053	0.406779	0.367725	0.382117	0.43286	0.461168	0.402641	0.411697	0.392268	0.46393	0.500369	0.415119	0.405095	0.414429	0.436235	0.400986	0.387332	0.402907	0.412159	0.407047	0.404065	0.380632	0.398789	0.478129	0.421198	0.419574	0.422641	0.389004	0.413135	0.442848	0.380446	0.378983	0.407216	0.406561	0.388123	0.398699	0.40004	0.402389	0.424226	0.383466	0.436312	0.395328	0.402389	0.378411	0.397153	0.382285	0.38166	0.394788	0.440065	0.441229	0.429938	0.394958	0.413367	0.424219	0.376037	0.419444	0.407802	0.425501	0.429018	0.385664	0.425526	0.411524	0.408935	0.407042	0.38739	0.446187	0.407332	0.416508	0.414866	0.417069	0.394464	0.423864	0.439903	0.410262	0.402398	0.40283	0.410447	0.400054	0.418977	0.426463	0.388545	0.412311	0.358322	0.455189	0.41061	0.482561	0.398751	0.422483	0.450712	0.405737	0.427613	0.398178	0.39281	0.400714	0.41125	0.421923	0.39696	0.370094	0.422513	0.411291	0.434154	0.416043	0.366433	0.400338	0.419761	0.408788	0.36818	0.416801	0.466798	0.445782	0.401648	0.394789	0.440785	0.425161	0.420593	0.42708	0.418327	0.379313	0.394829	0.417291	0.449869	0.376351	0.370321	0.389838	0.404061	0.354258	0.413232	0.459029	0.402259	0.395289	0.383899	0.407943	0.361966	0.455883	0.420423	0.445433	0.357508	0.429034	0.475473	0.397784	0.477964	0.489454	0.407042	0.402678	0.437943	0.488232	0.412239	0.431969	0.430204	0.403057	0.41476	0.428913	0.410185	0.443297	0.437543	0.373426	0.429056	0.359598	0.359126	0.467712	0.391234	0.412536	0.439712	0.375016	0.488232	0.396247	0.421992	0.415773	0.420277	0.395803	0.456122	0.410185	0.446705	0.389955	0.391241	0.440909	0.477964	0.416213	0.410185	0.358882	0.392047	0.396649	0.404207	0.431501	0.489454	0.525837	0.434111	0.452374	0.453348	0.412249	0.518241	0.477964	0.368508	0.440887	0.407943	0.373023	0.368508	0.395289	0.408868	0.341307	0.399478	0.414229	0.40364	0.440664	0.417597	0.373023	0.45028	0.396835	0.420893	0.400914	0.512784	0.381443	0.375525	0.356131	0.44112	0.409692	0.403187	0.394582	0.393278	0.412536	0.452718	0.394934	0.39776	0.388455	0.375016	0.410185	0.416213	0.404061	0.417066	0.427389	0.439695	0.395119	0.391234	0.387318	0.400824	0.414989	0.391497	0.456447	0.467712	0.396835	0.394386	0.405603	0.353629	0.53555	0.409692	0.408868	0.443858	0.404778	0.449307	0.387881	0.405603	0.396835	0.400043	0.410185	0.381223	0.435436	0.389838	0.419593	0.422277	0.449946	0.437256	0.489454	0.358882	0.410185	0.389955	0.43549	0.381937	0.391234	0.374058	0.376265	0.41849	0.461342	0.363676	0.382563	0.396835	0.49214	0.407042	0.458357	0.505842	0.430204	0.428273	0.396649	0.394539	0.424797	0.391996	0.39776	0.436742	0.395877	0.375683	0.42911	0.396515	0.430403	0.377527	0.363703	0.363786	0.389955	0.363703	0.436662	0.44091	0.368508	0.369906	0.424347	0.375891	0.430204	0.387881	0.420893	0.458357	0.461342	0.38942	0.391234	0.398925	0.398309	0.442279	0.407987	0.446291	0.458924	0.39417	0.375891	0.395011	0.477964	0.394322	0.360096
70000	slope	-0.291149	-0.385168	-0.338016	-0.407819	-0.341298	-0.413174	-0.433921	-0.310653	-0.381176	-0.321773	-0.301711	-0.411197	-0.317229	-0.408174	-0.308774	-0.356747	-0.356638	-0.309914	-0.466073	-0.364546	-0.316944	-0.359129	-0.361068	-0.305598	-0.328023	-0.37494	-0.308823	-0.372353	-0.386155	-0.325849	-0.33774	-0.316202	-0.340994	-0.360443	-0.419732	-0.385886	-0.355831	-0.314423	-0.372837	-0.430649	-0.319645	-0.384591	-0.32299	-0.365617	-0.312456	-0.296751	-0.339496	-0.351825	-0.343568	-0.305905	-0.353365	-0.338376	-0.308211	-0.406862	-0.413273	-0.395754	-0.361659	-0.368355	-0.354946	-0.313588	-0.35731	-0.383647	-0.323898	-0.394746	-0.337085	-0.389609	-0.31733	-0.385894	-0.358908	-0.311682	-0.346302	-0.329763	-0.450694	-0.340322	-0.323115	-0.45383	-0.313166	-0.3477	-0.441924	-0.387445	-0.335461	-0.356811	-0.377627	-0.351526	-0.38699	-0.316104	-0.364658	-0.358121	-0.361786	-0.321367	-0.313264	-0.372133	-0.376195	-0.394514	-0.372557	-0.310804	-0.290183	-0.321874	-0.292	-0.426933	-0.381274	-0.286777	-0.312467	-0.397543	-0.32147	-0.337042	-0.320574	-0.33245	-0.359713	-0.332819	-0.422519	-0.331746	-0.307692	-0.327871	-0.406609	-0.336215	-0.318587	-0.41456	-0.322427	-0.323363	-0.400384	-0.397941	-0.353585	-0.465468	-0.320887	-0.286774	-0.313763	-0.334211	-0.380534	-0.326847	-0.399213	-0.342565	-0.32723	-0.306137	-0.319071	-0.399492	-0.328281	-0.339182	-0.328859	-0.30483	-0.344661	-0.277615	-0.334343	-0.330341	-0.323018	-0.408775	-0.329883	-0.299146	-0.329585	-0.323817	-0.396763	-0.393195	-0.365994	-0.377423	-0.342923	-0.324142	-0.325978	-0.38512	-0.276349	-0.470874	-0.377434	-0.330702	-0.385913	-0.436934	-0.321796	-0.324251	-0.316974	-0.417636	-0.394408	-0.313781	-0.360542	-0.301511	-0.354159	-0.36103	-0.346631	-0.344298	-0.35853	-0.333867	-0.357319	-0.449303	-0.356695	-0.359411	-0.329167	-0.389528	-0.303656	-0.351342	-0.352588	-0.343631	-0.393994	-0.297025	-0.363933	-0.326242	-0.311039	-0.447594	-0.367188	-0.359896	-0.367768	-0.39327	-0.371974	-0.313447	-0.490559	-0.398704	-0.291519	-0.2937	-0.303055	-0.35655	-0.327605	-0.313774	-0.291519	-0.402462	-0.412507	-0.468289	-0.364403	-0.376259	-0.399875	-0.369998	-0.276852	-0.461407	-0.324922	-0.297157	-0.439614	-0.460127	-0.326796	-0.398211	-0.479429	-0.381554	-0.371974	-0.32722	-0.365773	-0.408243	-0.384398	-0.427854	-0.326796	-0.404006	-0.264853	-0.321405	-0.43598	-0.294708	-0.365773	-0.286366	-0.33963	-0.486744	-0.322231	-0.304153	-0.333272	-0.32722	-0.342908	-0.332061	-0.360987	-0.442233	-0.303855	-0.333075	-0.322009	-0.414227	-0.316763	-0.481506	-0.394924	-0.317799	-0.332002	-0.32722	-0.266446	-0.414227	-0.444699	-0.325897	-0.2999	-0.327047	-0.337883	-0.46086	-0.359692	-0.338121	-0.308407	-0.317799	-0.321405	-0.365773	-0.338121	-0.382845	-0.470535	-0.347722	-0.307132	-0.307132	-0.360437	-0.43598	-0.291519	-0.329367	-0.333272	-0.462647	-0.316409	-0.3455	-0.352886	-0.335977	-0.364665	-0.333433	-0.442233	-0.315869	-0.387491	-0.346604	-0.325272	-0.408243	-0.343691	-0.375883	-0.349447	-0.321405	-0.307132	-0.347285	-0.332922	-0.371974	-0.350185	-0.298186	-0.411415	-0.333272	-0.34736	-0.361968	-0.371974	-0.316631	-0.369998	-0.321589	-0.305974	-0.313647	-0.309268	-0.433111	-0.357095	-0.354481	-0.450694	-0.43598	-0.490828	-0.319213	-0.347982	-0.403484	-0.327607	-0.333202	-0.479429	-0.348913	-0.392588	-0.360987	-0.320642	-0.467436	-0.296393	-0.326796	-0.324745	-0.2937	-0.335977	-0.31634	-0.299025	-0.490542	-0.261015	-0.371974	-0.305974	-0.324922	-0.337192	-0.333433	-0.337432	-0.332922	-0.338121	-0.297643	-0.333202	-0.384366	-0.291519	-0.324745	-0.321405	-0.377921	-0.402869	-0.266273	-0.382845	-0.393273	-0.338121	-0.360437	-0.43598	-0.389093	-0.483636	-0.337192	-0.373362	-0.490828	-0.470535	-0.324745	-0.414227	-0.31602	-0.41576	-0.365462	-0.468835	-0.481379	-0.308286	-0.30166	-0.328203	-0.352007	-0.483636	-0.462626	-0.339124	-0.421004	-0.43598	-0.305771	-0.396411	-0.411415	-0.387491	-0.398704	-0.389688	-0.462647	-0.392463	-0.449158	-0.382845	-0.299017
70000	intercept	0.387989	0.421451	0.42313	0.437282	0.390439	0.448321	0.483889	0.431853	0.430277	0.41371	0.385916	0.441444	0.35656	0.444651	0.375341	0.403407	0.425391	0.366157	0.500031	0.46877	0.392944	0.404485	0.457416	0.404012	0.358518	0.430118	0.396518	0.441718	0.44352	0.405411	0.402901	0.394557	0.379797	0.383854	0.473209	0.436701	0.439061	0.384089	0.406346	0.489533	0.401257	0.445979	0.421462	0.40971	0.389948	0.39835	0.401817	0.465278	0.370011	0.376971	0.415697	0.392891	0.395957	0.447015	0.447052	0.419525	0.427666	0.39548	0.394502	0.387595	0.408567	0.490037	0.368977	0.446328	0.3789	0.483554	0.405838	0.416272	0.432651	0.389229	0.379507	0.431184	0.52198	0.421917	0.405977	0.496331	0.38601	0.406431	0.469381	0.454437	0.367644	0.431144	0.434555	0.400739	0.495469	0.437661	0.431066	0.401721	0.398392	0.402405	0.378227	0.441094	0.433111	0.437308	0.403389	0.41083	0.398915	0.372	0.397239	0.45374	0.445623	0.423735	0.394855	0.453008	0.384055	0.372379	0.387258	0.399739	0.364615	0.386482	0.444264	0.389096	0.422747	0.416916	0.446312	0.412887	0.420822	0.462016	0.378467	0.363847	0.466888	0.455255	0.398121	0.505324	0.359072	0.392666	0.381016	0.372727	0.414967	0.391437	0.469921	0.374142	0.440374	0.416135	0.376783	0.448431	0.383533	0.418383	0.396356	0.371367	0.395523	0.362468	0.379242	0.379858	0.413588	0.465893	0.372049	0.382255	0.386237	0.384825	0.439305	0.49473	0.40252	0.438223	0.405582	0.371316	0.380897	0.44232	0.429664	0.52893	0.458157	0.418227	0.428146	0.476322	0.409373	0.395665	0.355211	0.465448	0.482707	0.422696	0.393568	0.420994	0.398015	0.410806	0.393554	0.407563	0.407707	0.372559	0.433977	0.506074	0.422631	0.413316	0.38768	0.455529	0.393144	0.395665	0.406054	0.400655	0.476924	0.387995	0.428316	0.416624	0.359892	0.497678	0.45047	0.392069	0.427762	0.453995	0.385687	0.373454	0.508459	0.454644	0.365912	0.451531	0.416459	0.414466	0.397099	0.346757	0.393018	0.417307	0.470615	0.50076	0.371692	0.400824	0.469875	0.379455	0.388606	0.513566	0.41585	0.402726	0.494738	0.50076	0.34678	0.404761	0.508459	0.435803	0.406943	0.41585	0.447666	0.444731	0.426709	0.482774	0.360317	0.47734	0.379978	0.418191	0.482729	0.362388	0.447666	0.353132	0.366058	0.527837	0.442482	0.373963	0.368836	0.41585	0.394858	0.359385	0.363005	0.454341	0.399459	0.379982	0.348876	0.465736	0.404685	0.536262	0.415895	0.370145	0.364724	0.416586	0.422336	0.465736	0.48952	0.36759	0.431423	0.359385	0.348876	0.482774	0.400822	0.443434	0.422145	0.370145	0.412012	0.447666	0.443434	0.409394	0.511901	0.391119	0.34592	0.34592	0.395882	0.482729	0.365912	0.446816	0.368836	0.510448	0.424697	0.475894	0.354654	0.401864	0.457113	0.381072	0.454341	0.412884	0.437657	0.431715	0.437867	0.439224	0.387322	0.47112	0.395737	0.422145	0.34592	0.420917	0.369751	0.402925	0.405583	0.348876	0.466702	0.360757	0.371692	0.408806	0.402925	0.364385	0.379455	0.466683	0.378709	0.348876	0.379578	0.482729	0.428653	0.400661	0.502598	0.482729	0.505119	0.331314	0.396017	0.417307	0.375128	0.409183	0.508459	0.371692	0.415895	0.363005	0.412012	0.51761	0.376941	0.394527	0.416459	0.451531	0.397015	0.445439	0.38683	0.50984	0.380637	0.396017	0.382688	0.41581	0.387322	0.381072	0.348876	0.369751	0.423328	0.351517	0.409183	0.417307	0.365912	0.416459	0.418191	0.429618	0.471474	0.397576	0.429618	0.437755	0.423328	0.395882	0.482729	0.444185	0.50614	0.387322	0.396017	0.508459	0.511901	0.414733	0.465736	0.365407	0.482482	0.39926	0.530023	0.522663	0.399459	0.392673	0.387322	0.369322	0.50614	0.55721	0.429762	0.461053	0.482729	0.368678	0.44711	0.466702	0.426709	0.463825	0.429618	0.510448	0.437755	0.519924	0.429618	0.402726
71000	slope	-0.380141	-0.341982	-0.403889	-0.332082	-0.371164	-0.341279	-0.300388	-0.396384	-0.402737	-0.400387	-0.333885	-0.340221	-0.382748	-0.355766	-0.370717	-0.398768	-0.39731	-0.387261	-0.368114	-0.276244	-0.312731	-0.305836	-0.345831	-0.421307	-0.399489	-0.323878	-0.302576	-0.334739	-0.421886	-0.429609	-0.313279	-0.322716	-0.349389	-0.373892	-0.310005	-0.308725	-0.371536	-0.296474	-0.349794	-0.419899	-0.3623	-0.416817	-0.428846	-0.350866	-0.417576	-0.367624	-0.414441	-0.332248	-0.357294	-0.374514	-0.283972	-0.367273	-0.37356	-0.439409	-0.344956	-0.308595	-0.26998	-0.373547	-0.407673	-0.311425	-0.298345	-0.402924	-0.380305	-0.392363	-0.360346	-0.308914	-0.30724	-0.351528	-0.341846	-0.389578	-0.38217	-0.376186	-0.412284	-0.26018	-0.368328	-0.334106	-0.353911	-0.402979	-0.363273	-0.370752	-0.403755	-0.335382	-0.331319	-0.317681	-0.298924	-0.355369	-0.472369	-0.420832	-0.357585	-0.435429	-0.358689	-0.380109	-0.412313	-0.385561	-0.380909	-0.427662	-0.357373	-0.411065	-0.430849	-0.367401	-0.350352	-0.445299	-0.341058	-0.340785	-0.353926	-0.373689	-0.411421	-0.399243	-0.367095	-0.382649	-0.319075	-0.343023	-0.376503	-0.33842	-0.346079	-0.444516	-0.39	-0.400934	-0.452998	-0.356023	-0.349684	-0.407825	-0.350198	-0.304476	-0.298331	-0.481298	-0.383583	-0.336925	-0.343261	-0.335615	-0.449677	-0.421758	-0.355732	-0.342118	-0.342776	-0.362705	-0.361849	-0.37994	-0.419972	-0.305986	-0.293077	-0.267638	-0.428113	-0.438033	-0.391947	-0.357917	-0.37248	-0.388711	-0.423069	-0.432286	-0.406971	-0.46696	-0.281455	-0.340287	-0.300184	-0.422746	-0.356053	-0.339151	-0.321057	-0.380059	-0.293085	-0.415674	-0.36287	-0.313152	-0.402184	-0.349683	-0.43598	-0.339312	-0.359949	-0.320734	-0.387102	-0.42254	-0.39262	-0.330266	-0.417934	-0.351435	-0.464153	-0.444934	-0.440675	-0.321879	-0.485894	-0.374301	-0.354893	-0.323131	-0.393588	-0.319597	-0.417755	-0.409896	-0.419098	-0.395197	-0.412899	-0.371223	-0.346144	-0.332742	-0.472681	-0.360925	-0.353055	-0.312758	-0.345389	-0.330727	-0.434193	-0.465788	-0.329792	-0.361786	-0.407383	-0.317573	-0.313804	-0.363914	-0.331433	-0.362762	-0.345233	-0.439695	-0.461009	-0.332698	-0.290876	-0.373642	-0.429524	-0.364272	-0.314388	-0.331481	-0.339042	-0.385494	-0.515045	-0.291822	-0.351734	-0.341363	-0.409387	-0.49021	-0.351159	-0.333613	-0.362241	-0.472386	-0.317573	-0.448035	-0.353844	-0.326955	-0.439855	-0.320382	-0.466137	-0.349526	-0.302486	-0.36086	-0.353844	-0.298511	-0.514896	-0.337921	-0.423364	-0.318835	-0.341777	-0.302864	-0.444611	-0.413388	-0.35776	-0.472386	-0.462183	-0.293214	-0.347096	-0.439695	-0.288401	-0.343716	-0.341767	-0.301807	-0.329302	-0.302467	-0.359949	-0.320382	-0.419768	-0.449835	-0.295288	-0.266354	-0.362241	-0.423364	-0.466486	-0.486535	-0.371107	-0.273412	-0.351734	-0.452897	-0.407383	-0.270354	-0.30551	-0.441334	-0.494226	-0.266354	-0.469353	-0.450308	-0.334394	-0.439855	-0.439391	-0.268152	-0.347009	-0.33856	-0.313696	-0.433567	-0.351516	-0.495967	-0.302864	-0.406049	-0.439855	-0.334863	-0.484352	-0.430903	-0.473579	-0.272794	-0.314388	-0.473579	-0.494226	-0.281337	-0.404064	-0.347009	-0.462784	-0.442334	-0.328182	-0.288095	-0.329114	-0.342921	-0.313804	-0.406997	-0.306126	-0.343665	-0.291859	-0.291455	-0.354146	-0.364272	-0.29647	-0.364141	-0.28607	-0.336087	-0.430903	-0.291822	-0.443206	-0.495967	-0.300383	-0.36086	-0.436457	-0.501459	-0.50998	-0.484352	-0.320428	-0.499401	-0.313804	-0.371317	-0.391391	-0.494226	-0.320382	-0.310809	-0.340714	-0.499401	-0.364272	-0.353937	-0.392214	-0.456166	-0.468022	-0.348188	-0.47373	-0.306614	-0.364141	-0.444611	-0.262417	-0.485342	-0.444611	-0.266899	-0.521953	-0.439695	-0.303625	-0.472386	-0.35154	-0.349291	-0.359949	-0.363914	-0.343716	-0.272794	-0.326955	-0.273412	-0.302486	-0.433703	-0.416846	-0.348368	-0.301881	-0.302486	-0.461009	-0.366886	-0.484352	-0.465788	-0.349526	-0.47373	-0.49223	-0.301807	-0.469338	-0.256106	-0.257504	-0.324962	-0.439855	-0.293269	-0.317573	-0.354196	-0.340944	-0.373319	-0.290876	-0.295315
71000	intercept	0.42956	0.424161	0.4893	0.371368	0.436723	0.437764	0.377841	0.459922	0.431494	0.475598	0.405665	0.399211	0.447723	0.373133	0.431135	0.452538	0.441556	0.469965	0.452986	0.401309	0.362049	0.36229	0.350864	0.445782	0.470401	0.379869	0.394231	0.442542	0.471296	0.500854	0.357361	0.446283	0.427514	0.469904	0.393407	0.41911	0.4083	0.342573	0.39373	0.429417	0.431107	0.457957	0.434615	0.439791	0.463147	0.469017	0.485291	0.385296	0.42364	0.414099	0.392136	0.441636	0.431702	0.457653	0.402962	0.392607	0.399386	0.429372	0.448481	0.395165	0.360548	0.475986	0.451427	0.477396	0.454154	0.364272	0.388732	0.424527	0.42422	0.408	0.404294	0.441581	0.456008	0.371691	0.445315	0.392149	0.408163	0.477957	0.445767	0.434315	0.458845	0.388542	0.379574	0.384927	0.394026	0.436904	0.503936	0.47273	0.407553	0.480841	0.440312	0.452858	0.452274	0.459839	0.431552	0.478112	0.410354	0.432086	0.458563	0.427631	0.430612	0.507163	0.395588	0.402425	0.448749	0.464054	0.473347	0.46831	0.439257	0.441834	0.401257	0.44203	0.471087	0.416461	0.429763	0.527471	0.453201	0.455478	0.486345	0.405595	0.417078	0.473096	0.397672	0.373744	0.403904	0.530638	0.443867	0.436538	0.419143	0.382893	0.497354	0.476193	0.414032	0.408295	0.408536	0.407754	0.441861	0.454196	0.461431	0.365608	0.409116	0.368677	0.458403	0.4544	0.463377	0.422926	0.423937	0.470685	0.451832	0.47003	0.458528	0.506231	0.398653	0.404302	0.365434	0.471822	0.387458	0.392356	0.394215	0.466036	0.385394	0.465759	0.402791	0.385385	0.440712	0.390727	0.476316	0.428608	0.377887	0.412141	0.444695	0.449978	0.445826	0.381959	0.477855	0.395556	0.491828	0.449648	0.4734	0.365045	0.5295	0.432448	0.439709	0.419061	0.46107	0.401127	0.485553	0.484	0.453284	0.415465	0.465549	0.446661	0.414363	0.427116	0.52201	0.426452	0.421816	0.370857	0.430989	0.357597	0.467219	0.49509	0.431491	0.392057	0.423891	0.350638	0.366908	0.390403	0.418654	0.39496	0.437264	0.460903	0.529188	0.454358	0.381498	0.416758	0.473531	0.39325	0.394309	0.39117	0.389829	0.496753	0.536539	0.45472	0.455358	0.405693	0.520336	0.538367	0.471039	0.454358	0.355381	0.522908	0.350638	0.469174	0.39496	0.381616	0.494828	0.396095	0.517274	0.410942	0.379955	0.439029	0.388658	0.407522	0.55434	0.390403	0.468891	0.412557	0.443752	0.346197	0.506291	0.477579	0.463424	0.524255	0.529859	0.396659	0.422113	0.453532	0.376839	0.390403	0.37979	0.375168	0.39117	0.374377	0.393962	0.396095	0.48398	0.487013	0.407624	0.378295	0.355381	0.468891	0.513305	0.519705	0.383962	0.335349	0.448947	0.469674	0.423891	0.378842	0.391343	0.487013	0.55156	0.37752	0.523749	0.445339	0.378895	0.482702	0.469674	0.355257	0.418582	0.397522	0.383142	0.492326	0.444103	0.544298	0.358319	0.472781	0.482702	0.348197	0.520599	0.469271	0.519705	0.418923	0.395172	0.519705	0.55156	0.407867	0.479698	0.386885	0.448192	0.485369	0.435933	0.379955	0.377178	0.391043	0.366908	0.525166	0.36292	0.422113	0.376839	0.380805	0.410942	0.39325	0.378842	0.378598	0.378802	0.454358	0.469115	0.45472	0.466188	0.532701	0.379955	0.439029	0.445106	0.547097	0.52909	0.511608	0.379955	0.53172	0.366908	0.433533	0.398895	0.55156	0.396095	0.379955	0.390076	0.535251	0.396541	0.396416	0.477579	0.445763	0.543159	0.415158	0.522142	0.371495	0.38026	0.506291	0.332355	0.516663	0.506291	0.333695	0.522794	0.431103	0.380805	0.523749	0.388686	0.377026	0.383962	0.390403	0.390403	0.418923	0.381616	0.33328	0.378842	0.453532	0.472949	0.39496	0.378528	0.379955	0.529188	0.474644	0.511608	0.482263	0.410942	0.522142	0.535251	0.375168	0.482702	0.332355	0.359835	0.417961	0.482702	0.41062	0.350638	0.440355	0.386577	0.39325	0.385004	0.377223
72000	slope	-0.335048	-0.318473	-0.336006	-0.30056	-0.411201	-0.301589	-0.295196	-0.334183	-0.324737	-0.33722	-0.388229	-0.381411	-0.322466	-0.355793	-0.39525	-0.37463	-0.371219	-0.37747	-0.499687	-0.428204	-0.327234	-0.413728	-0.36155	-0.415368	-0.419237	-0.337979	-0.387271	-0.389778	-0.317414	-0.353561	-0.380151	-0.332298	-0.395552	-0.487734	-0.367162	-0.355398	-0.338039	-0.333743	-0.364623	-0.411075	-0.348068	-0.385199	-0.35942	-0.29975	-0.373606	-0.335507	-0.368551	-0.425289	-0.370226	-0.377801	-0.430046	-0.343273	-0.361108	-0.394864	-0.340418	-0.365942	-0.348106	-0.468229	-0.387082	-0.353221	-0.317634	-0.345277	-0.327318	-0.320565	-0.42544	-0.418512	-0.416269	-0.41174	-0.430494	-0.408587	-0.413204	-0.384686	-0.362822	-0.350603	-0.392364	-0.339873	-0.40955	-0.329621	-0.342634	-0.318723	-0.31126	-0.336682	-0.309618	-0.365927	-0.331241	-0.492249	-0.354149	-0.333038	-0.352444	-0.316774	-0.418594	-0.340695	-0.323759	-0.448159	-0.424614	-0.334453	-0.331727	-0.328993	-0.359581	-0.359192	-0.323643	-0.394347	-0.402348	-0.331258	-0.301258	-0.354591	-0.449661	-0.392889	-0.393242	-0.315628	-0.30926	-0.40847	-0.349536	-0.473379	-0.326663	-0.34498	-0.367414	-0.414599	-0.332783	-0.355561	-0.305765	-0.361903	-0.325872	-0.475435	-0.345746	-0.406325	-0.371149	-0.364586	-0.41333	-0.440169	-0.417342	-0.399853	-0.308161	-0.435008	-0.3676	-0.37797	-0.32281	-0.31686	-0.332906	-0.385915	-0.422144	-0.440003	-0.442423	-0.3333	-0.343089	-0.327367	-0.313647	-0.351308	-0.326278	-0.346318	-0.344714	-0.362892	-0.393329	-0.333274	-0.328833	-0.399907	-0.338445	-0.396555	-0.317138	-0.339618	-0.402499	-0.38613	-0.32171	-0.352935	-0.338285	-0.393573	-0.355483	-0.441006	-0.362861	-0.329284	-0.34514	-0.330413	-0.406653	-0.413578	-0.281544	-0.371951	-0.325827	-0.345802	-0.430049	-0.324847	-0.363305	-0.316056	-0.402773	-0.345498	-0.354087	-0.348196	-0.365435	-0.403197	-0.410125	-0.327345	-0.424993	-0.398181	-0.341448	-0.344811	-0.333663	-0.425071	-0.42305	-0.325975	-0.380585	-0.336901	-0.348209	-0.323071	-0.355926	-0.410698	-0.324827	-0.339134	-0.323071	-0.34574	-0.334208	-0.343124	-0.304725	-0.331392	-0.38695	-0.456996	-0.271929	-0.463334	-0.339248	-0.309654	-0.366785	-0.364714	-0.325117	-0.46053	-0.444493	-0.355926	-0.341649	-0.312266	-0.48991	-0.340984	-0.341649	-0.38695	-0.42291	-0.333424	-0.412264	-0.336104	-0.407954	-0.336856	-0.49288	-0.379772	-0.327212	-0.308269	-0.407056	-0.318562	-0.416302	-0.480144	-0.352486	-0.492112	-0.319279	-0.354552	-0.376761	-0.351606	-0.522115	-0.404207	-0.35798	-0.378551	-0.309654	-0.350924	-0.350924	-0.463334	-0.275369	-0.324159	-0.480919	-0.320146	-0.331392	-0.352808	-0.276003	-0.349795	-0.335083	-0.319279	-0.463334	-0.34574	-0.422796	-0.467824	-0.34935	-0.484499	-0.271478	-0.367385	-0.339016	-0.416302	-0.339134	-0.319279	-0.350877	-0.306773	-0.438119	-0.352486	-0.31201	-0.327212	-0.38695	-0.342035	-0.463893	-0.402611	-0.319279	-0.341306	-0.307796	-0.407056	-0.34935	-0.358793	-0.320146	-0.481699	-0.357292	-0.379498	-0.417942	-0.32069	-0.358793	-0.371362	-0.306773	-0.333204	-0.306773	-0.296919	-0.332746	-0.306353	-0.350021	-0.346542	-0.339016	-0.474386	-0.320146	-0.336311	-0.327909	-0.496433	-0.403584	-0.46053	-0.398867	-0.512372	-0.331918	-0.309654	-0.350379	-0.344144	-0.379772	-0.408984	-0.512372	-0.407056	-0.34579	-0.356799	-0.364714	-0.416603	-0.319279	-0.376761	-0.356947	-0.344144	-0.33014	-0.346542	-0.334208	-0.299754	-0.349095	-0.492112	-0.480919	-0.481616	-0.492112	-0.340681	-0.400926	-0.417942	-0.395815	-0.480144	-0.344144	-0.336737	-0.408984	-0.328527	-0.463334	-0.477175	-0.376761	-0.389845	-0.371362	-0.376761	-0.327175	-0.416302	-0.376231	-0.34935	-0.352808	-0.356799	-0.300516	-0.335083	-0.316857	-0.416302	-0.478034	-0.370665	-0.315388	-0.299193	-0.339248	-0.337964	-0.481386	-0.494092	-0.481616	-0.320146	-0.449819	-0.417942	-0.356632	-0.379179	-0.48991	-0.341519	-0.359669	-0.375514	-0.339335	-0.321174	-0.48991	-0.340681	-0.297983	-0.306283	-0.317305	-0.341519	-0.333204	-0.34173
72000	intercept	0.406892	0.379543	0.400481	0.41531	0.466025	0.396853	0.358546	0.402404	0.441963	0.443663	0.457771	0.448351	0.377547	0.416091	0.481577	0.438305	0.451286	0.394762	0.539248	0.460043	0.396627	0.44918	0.411148	0.453684	0.473698	0.388618	0.45319	0.431854	0.419156	0.427057	0.421566	0.396685	0.468364	0.558059	0.396563	0.421691	0.422011	0.405039	0.417712	0.478128	0.414719	0.446523	0.443257	0.425846	0.436471	0.416622	0.470714	0.469621	0.428297	0.455853	0.453516	0.399474	0.43085	0.428171	0.375012	0.426373	0.435995	0.499584	0.431998	0.384356	0.395435	0.406261	0.375514	0.385711	0.499689	0.481578	0.479226	0.439781	0.485011	0.434045	0.466977	0.419856	0.414817	0.436404	0.442321	0.386723	0.45682	0.407066	0.418445	0.396164	0.367869	0.407197	0.411904	0.401598	0.398854	0.512403	0.37901	0.389209	0.405476	0.3775	0.47117	0.428625	0.387361	0.490584	0.476716	0.398618	0.381113	0.404192	0.42814	0.440095	0.428712	0.455648	0.461028	0.429628	0.374505	0.419844	0.474166	0.437471	0.445486	0.392768	0.356351	0.447529	0.385817	0.507102	0.40822	0.402879	0.399298	0.455728	0.426108	0.458785	0.397444	0.443257	0.402328	0.515706	0.420119	0.484255	0.42154	0.417835	0.482968	0.520348	0.46709	0.458554	0.393839	0.497599	0.388517	0.45724	0.415918	0.365741	0.402912	0.477999	0.473209	0.514691	0.481267	0.387234	0.399602	0.423721	0.38309	0.417619	0.401836	0.366268	0.400347	0.399043	0.443668	0.379888	0.395612	0.429794	0.419024	0.481697	0.383205	0.398965	0.442711	0.444084	0.408646	0.411624	0.406929	0.483259	0.394246	0.470775	0.405945	0.393601	0.446627	0.401892	0.440413	0.48946	0.400513	0.426764	0.405702	0.408007	0.506056	0.409153	0.429781	0.379404	0.465574	0.393173	0.445744	0.381755	0.410208	0.442816	0.47827	0.427102	0.490683	0.45915	0.438668	0.422594	0.392095	0.471311	0.469222	0.393249	0.417405	0.407979	0.384909	0.421818	0.403138	0.475386	0.397325	0.4706	0.417885	0.399134	0.407235	0.413787	0.367682	0.399716	0.44343	0.479315	0.418157	0.527552	0.385382	0.382768	0.397339	0.419402	0.398728	0.479315	0.492245	0.403138	0.393369	0.351994	0.563189	0.408498	0.393369	0.453813	0.500006	0.396095	0.39837	0.408917	0.45542	0.443083	0.522306	0.397339	0.38279	0.391208	0.452658	0.375912	0.483288	0.524486	0.398538	0.500355	0.392787	0.394698	0.46939	0.4008	0.514517	0.502209	0.395435	0.466131	0.37418	0.397424	0.397424	0.528899	0.351969	0.39626	0.566802	0.400252	0.399716	0.415353	0.409357	0.403138	0.3824	0.39626	0.512077	0.399134	0.432863	0.479315	0.388163	0.519636	0.418157	0.408205	0.466216	0.470712	0.4706	0.392787	0.441856	0.401609	0.472404	0.386271	0.368198	0.38279	0.44343	0.392952	0.483021	0.504969	0.392787	0.395435	0.366632	0.45542	0.388163	0.441254	0.394046	0.484632	0.421071	0.416928	0.478749	0.418617	0.441254	0.416928	0.401609	0.378142	0.401609	0.383226	0.403944	0.368198	0.387458	0.378846	0.466216	0.566802	0.400252	0.412175	0.385831	0.503662	0.460749	0.479315	0.421932	0.484886	0.391208	0.379113	0.383514	0.426557	0.413255	0.478749	0.510348	0.462749	0.469002	0.394231	0.47059	0.478287	0.392787	0.487731	0.408562	0.42751	0.427835	0.378846	0.407235	0.379113	0.395435	0.500355	0.566802	0.519636	0.500355	0.422654	0.513249	0.485847	0.477507	0.524486	0.42751	0.391154	0.478749	0.465773	0.524486	0.534889	0.454389	0.418737	0.401884	0.454389	0.387487	0.471487	0.397339	0.388163	0.415353	0.394231	0.354934	0.398728	0.38929	0.470712	0.485636	0.470095	0.381248	0.367682	0.383514	0.394698	0.519636	0.53522	0.519636	0.400252	0.549461	0.487303	0.387434	0.44531	0.563189	0.41859	0.420318	0.445741	0.376985	0.389379	0.563189	0.423702	0.399716	0.403986	0.3619	0.411238	0.378142	0.409748
73000	slope	-0.381301	-0.320951	-0.348434	-0.300558	-0.293037	-0.341564	-0.357946	-0.406104	-0.349079	-0.376215	-0.331142	-0.39546	-0.369842	-0.311989	-0.371949	-0.339426	-0.34939	-0.392666	-0.339855	-0.399239	-0.337837	-0.337926	-0.393663	-0.351924	-0.35789	-0.271657	-0.349712	-0.432233	-0.358959	-0.424369	-0.320245	-0.4696	-0.314815	-0.361858	-0.337075	-0.413242	-0.32556	-0.354205	-0.4611	-0.409539	-0.357065	-0.391323	-0.331973	-0.456365	-0.433533	-0.481373	-0.41236	-0.390993	-0.34865	-0.426064	-0.456311	-0.390107	-0.316252	-0.328365	-0.317157	-0.42934	-0.476622	-0.430511	-0.320312	-0.419907	-0.357676	-0.328658	-0.442464	-0.311088	-0.313715	-0.33477	-0.376039	-0.400652	-0.423895	-0.456962	-0.362731	-0.375932	-0.413971	-0.374084	-0.416354	-0.432661	-0.383992	-0.422285	-0.446219	-0.314408	-0.324973	-0.423667	-0.349699	-0.309972	-0.393614	-0.352395	-0.336938	-0.450609	-0.324433	-0.323873	-0.292377	-0.33057	-0.357312	-0.29819	-0.397447	-0.404277	-0.375729	-0.379348	-0.361805	-0.429482	-0.408903	-0.427192	-0.315392	-0.301985	-0.347726	-0.441612	-0.414798	-0.373825	-0.424002	-0.333433	-0.413346	-0.364996	-0.362037	-0.363421	-0.348251	-0.369878	-0.3463	-0.427008	-0.331039	-0.400603	-0.417289	-0.352909	-0.399374	-0.389068	-0.378171	-0.314651	-0.45879	-0.325393	-0.38199	-0.493659	-0.340465	-0.39795	-0.292082	-0.354223	-0.405118	-0.416077	-0.371735	-0.315508	-0.416118	-0.325177	-0.320261	-0.345792	-0.33436	-0.330638	-0.287431	-0.362261	-0.428613	-0.443462	-0.342094	-0.322862	-0.393884	-0.35012	-0.445288	-0.276415	-0.316801	-0.373472	-0.444307	-0.328749	-0.328391	-0.325789	-0.434131	-0.290841	-0.441662	-0.410066	-0.383698	-0.366077	-0.341182	-0.439686	-0.376949	-0.361805	-0.274417	-0.341649	-0.350262	-0.371406	-0.405968	-0.394828	-0.346867	-0.29979	-0.402803	-0.445014	-0.325637	-0.402454	-0.345658	-0.414832	-0.275852	-0.39149	-0.335499	-0.382578	-0.319134	-0.397224	-0.328798	-0.335179	-0.322863	-0.362053	-0.393339	-0.392873	-0.345892	-0.405349	-0.411552	-0.412685	-0.344091	-0.303732	-0.355236	-0.515066	-0.392864	-0.331396	-0.323016	-0.365309	-0.283126	-0.392864	-0.312218	-0.351623	-0.368591	-0.472621	-0.386811	-0.306106	-0.368158	-0.319856	-0.340252	-0.389628	-0.51148	-0.500809	-0.304609	-0.262185	-0.333381	-0.383992	-0.357048	-0.368158	-0.516481	-0.335347	-0.300816	-0.49848	-0.392864	-0.527899	-0.516481	-0.378362	-0.389085	-0.311998	-0.319856	-0.351623	-0.35588	-0.369512	-0.362113	-0.275121	-0.346821	-0.436713	-0.331237	-0.47387	-0.373303	-0.365739	-0.319856	-0.304978	-0.266134	-0.348928	-0.357567	-0.269419	-0.389085	-0.422682	-0.354787	-0.354787	-0.302349	-0.346821	-0.358979	-0.339801	-0.330537	-0.351623	-0.368158	-0.357048	-0.334627	-0.269766	-0.313359	-0.326614	-0.312398	-0.490744	-0.367644	-0.298318	-0.404935	-0.355146	-0.269766	-0.397076	-0.389628	-0.338388	-0.376439	-0.3368	-0.497524	-0.316654	-0.325064	-0.384851	-0.494905	-0.326614	-0.306106	-0.347986	-0.340252	-0.33374	-0.340252	-0.349132	-0.493201	-0.362788	-0.472621	-0.344383	-0.340252	-0.44011	-0.429356	-0.323068	-0.399237	-0.300816	-0.321826	-0.368158	-0.422682	-0.486509	-0.365739	-0.325064	-0.481073	-0.375629	-0.331574	-0.340252	-0.464062	-0.397076	-0.361121	-0.28676	-0.354787	-0.485191	-0.493201	-0.433075	-0.361121	-0.337166	-0.3893	-0.359091	-0.337166	-0.340718	-0.304917	-0.300269	-0.397076	-0.386305	-0.340252	-0.304978	-0.409804	-0.516481	-0.461153	-0.312218	-0.3893	-0.385809	-0.344619	-0.313359	-0.336844	-0.291572	-0.346821	-0.346821	-0.334627	-0.49848	-0.362788	-0.344061	-0.316654	-0.269419	-0.354787	-0.28908	-0.399237	-0.375198	-0.392864	-0.311998	-0.399237	-0.325131	-0.494352	-0.516481	-0.356334	-0.336905	-0.489125	-0.344251	-0.500486	-0.287395	-0.358165	-0.383992	-0.340209	-0.352523	-0.381348	-0.389085	-0.335646	-0.315654	-0.348928	-0.334627	-0.362113	-0.399237	-0.330537	-0.500809	-0.47387	-0.385229	-0.504409	-0.433075	-0.264309	-0.313359	-0.490744	-0.268962	-0.496574	-0.494486	-0.361602	-0.516481	-0.383389	-0.44011	-0.291572	-0.516481
73000	intercept	0.433229	0.395555	0.367548	0.385309	0.390993	0.418563	0.412858	0.483467	0.445078	0.433063	0.423299	0.448929	0.443559	0.403331	0.438005	0.409326	0.385354	0.437232	0.42347	0.450275	0.429936	0.407633	0.474068	0.414279	0.42346	0.400408	0.418889	0.467104	0.47344	0.51178	0.406359	0.521213	0.387763	0.443041	0.38824	0.448187	0.446793	0.435582	0.531799	0.457512	0.402883	0.465746	0.443245	0.483914	0.49415	0.504059	0.447588	0.481618	0.459513	0.46093	0.517087	0.450996	0.385921	0.432103	0.385489	0.44925	0.539945	0.456388	0.39763	0.464181	0.462983	0.433719	0.505932	0.382141	0.422638	0.414112	0.392897	0.506227	0.458807	0.490444	0.453383	0.43743	0.504149	0.396241	0.452865	0.450551	0.454225	0.470249	0.5129	0.38497	0.401586	0.469772	0.455798	0.396804	0.446016	0.435607	0.420358	0.503448	0.406694	0.423113	0.411715	0.431292	0.447976	0.411771	0.456362	0.463987	0.427652	0.418508	0.411513	0.449683	0.410896	0.514283	0.386582	0.379116	0.409164	0.47093	0.459416	0.430743	0.444145	0.431294	0.485048	0.441254	0.383258	0.454293	0.41304	0.424018	0.433376	0.484409	0.392694	0.470173	0.460225	0.405974	0.490353	0.408761	0.430606	0.401096	0.50507	0.390712	0.429133	0.52504	0.407864	0.449314	0.397431	0.405205	0.446665	0.461475	0.42239	0.390083	0.448529	0.410836	0.421743	0.430546	0.421	0.408127	0.378229	0.419194	0.485966	0.479902	0.442779	0.417615	0.454074	0.399585	0.499613	0.394146	0.39427	0.431805	0.503296	0.410978	0.404622	0.401554	0.459291	0.379492	0.478336	0.496679	0.409405	0.425035	0.406294	0.495879	0.391551	0.445319	0.389625	0.427119	0.451324	0.445009	0.464584	0.432399	0.409668	0.392908	0.484088	0.509075	0.413011	0.409067	0.429294	0.456179	0.390632	0.427607	0.418347	0.427194	0.390027	0.417507	0.384239	0.376609	0.416515	0.414561	0.425455	0.452039	0.45059	0.457512	0.470332	0.470699	0.502073	0.415935	0.385258	0.525551	0.441187	0.40218	0.427302	0.352537	0.368964	0.4588	0.383594	0.40281	0.420136	0.499461	0.506482	0.397149	0.385258	0.384416	0.454856	0.444642	0.554417	0.516822	0.39509	0.425203	0.404855	0.454225	0.464138	0.385258	0.50373	0.451943	0.437285	0.531431	0.457653	0.522343	0.512641	0.419129	0.419744	0.383594	0.383594	0.384942	0.40594	0.438304	0.399294	0.427964	0.422722	0.457558	0.385899	0.516822	0.417452	0.444424	0.361826	0.38604	0.425203	0.387216	0.421418	0.398615	0.400242	0.493317	0.407325	0.406932	0.397927	0.429464	0.492336	0.454936	0.406249	0.40281	0.416308	0.464138	0.396449	0.412906	0.378718	0.436215	0.399716	0.544948	0.468217	0.399716	0.447916	0.453275	0.406787	0.453289	0.444642	0.374521	0.466363	0.463116	0.512641	0.381603	0.385743	0.445197	0.481013	0.410636	0.397149	0.429365	0.449835	0.366824	0.454856	0.425986	0.565808	0.405266	0.499461	0.417908	0.454856	0.468367	0.435922	0.384416	0.444642	0.425507	0.335554	0.416308	0.493317	0.520845	0.444424	0.399716	0.535661	0.465257	0.405958	0.454856	0.492617	0.453289	0.394884	0.398217	0.413197	0.526924	0.565808	0.503477	0.393482	0.449835	0.445693	0.444424	0.449835	0.390321	0.414693	0.4033	0.461059	0.459282	0.454856	0.380925	0.443243	0.512641	0.519661	0.383594	0.436604	0.419744	0.438196	0.35059	0.384884	0.358515	0.422722	0.422722	0.396449	0.531431	0.405266	0.38227	0.381603	0.398615	0.40724	0.373518	0.445255	0.500592	0.457653	0.383594	0.436199	0.410566	0.525057	0.524199	0.405087	0.402967	0.537991	0.463116	0.510678	0.398217	0.387216	0.449238	0.473696	0.454361	0.43258	0.419744	0.40922	0.386021	0.387216	0.376651	0.399294	0.444642	0.406249	0.516822	0.516822	0.419744	0.516822	0.525607	0.411267	0.35059	0.544948	0.356743	0.479476	0.502456	0.421418	0.512641	0.449442	0.468367	0.358515	0.503607
74000	slope	-0.338558	-0.324219	-0.433759	-0.442716	-0.378736	-0.427323	-0.415959	-0.41673	-0.413115	-0.414002	-0.411783	-0.361262	-0.432806	-0.37564	-0.4424	-0.434025	-0.416296	-0.415725	-0.379028	-0.335534	-0.317322	-0.318331	-0.469985	-0.436077	-0.401803	-0.323405	-0.353683	-0.314734	-0.453798	-0.419135	-0.329447	-0.474004	-0.439308	-0.344256	-0.441494	-0.370405	-0.414975	-0.455983	-0.42864	-0.403739	-0.476127	-0.371667	-0.407289	-0.398518	-0.410495	-0.372701	-0.362722	-0.442546	-0.389464	-0.346216	-0.314758	-0.376952	-0.500417	-0.486438	-0.309043	-0.393433	-0.470341	-0.35647	-0.408352	-0.476479	-0.382994	-0.426604	-0.336126	-0.417745	-0.335485	-0.397396	-0.352321	-0.381141	-0.389396	-0.451657	-0.312565	-0.361113	-0.337416	-0.473532	-0.371885	-0.383592	-0.297805	-0.403223	-0.4406	-0.340622	-0.401063	-0.391847	-0.391261	-0.400564	-0.415128	-0.487927	-0.360063	-0.334426	-0.398689	-0.384981	-0.40587	-0.351896	-0.335947	-0.435378	-0.402266	-0.335887	-0.361677	-0.397742	-0.419026	-0.371752	-0.358922	-0.488135	-0.351975	-0.40909	-0.422366	-0.465507	-0.34509	-0.377968	-0.309504	-0.44525	-0.373875	-0.369579	-0.367948	-0.370414	-0.404253	-0.405168	-0.391549	-0.340967	-0.43723	-0.349621	-0.411482	-0.331068	-0.431813	-0.437183	-0.390311	-0.362335	-0.294453	-0.40004	-0.394196	-0.321777	-0.488593	-0.384091	-0.27438	-0.362581	-0.370743	-0.316793	-0.441469	-0.406435	-0.43244	-0.442198	-0.472831	-0.417999	-0.407945	-0.363082	-0.418945	-0.279478	-0.445192	-0.423866	-0.397242	-0.401969	-0.482167	-0.378541	-0.407398	-0.376732	-0.442817	-0.418379	-0.428224	-0.34739	-0.376933	-0.386997	-0.440983	-0.322378	-0.386884	-0.49242	-0.383152	-0.444293	-0.352877	-0.364627	-0.329051	-0.412824	-0.462654	-0.431882	-0.457604	-0.41433	-0.397065	-0.419761	-0.338034	-0.354353	-0.360718	-0.458183	-0.335927	-0.35853	-0.424385	-0.385392	-0.421126	-0.457625	-0.432417	-0.457727	-0.485021	-0.345847	-0.399994	-0.419746	-0.385194	-0.399288	-0.475671	-0.410693	-0.309334	-0.468886	-0.414617	-0.475483	-0.499289	-0.350759	-0.482075	-0.303198	-0.278991	-0.274694	-0.495403	-0.491283	-0.355144	-0.412473	-0.329593	-0.317895	-0.506145	-0.349542	-0.495403	-0.359461	-0.405948	-0.361712	-0.450798	-0.341	-0.478673	-0.406398	-0.345973	-0.3064	-0.506145	-0.361309	-0.322797	-0.482075	-0.478675	-0.465034	-0.409316	-0.414865	-0.376235	-0.411261	-0.385795	-0.321473	-0.450437	-0.38301	-0.315587	-0.415314	-0.530928	-0.328916	-0.347729	-0.348171	-0.491198	-0.494864	-0.392676	-0.368761	-0.385678	-0.483174	-0.438887	-0.459597	-0.278861	-0.350759	-0.329489	-0.365226	-0.365911	-0.388614	-0.317919	-0.39765	-0.388614	-0.483174	-0.491141	-0.431079	-0.48936	-0.341	-0.318272	-0.296893	-0.444561	-0.465941	-0.423746	-0.49865	-0.348889	-0.450798	-0.350759	-0.467908	-0.44687	-0.4863	-0.439243	-0.395669	-0.308107	-0.325181	-0.412473	-0.334097	-0.472325	-0.356899	-0.444665	-0.508932	-0.309668	-0.356195	-0.312408	-0.345237	-0.388614	-0.333255	-0.444561	-0.372089	-0.354521	-0.381422	-0.321164	-0.316904	-0.355144	-0.379056	-0.341228	-0.444926	-0.331833	-0.459022	-0.462574	-0.442216	-0.299004	-0.397705	-0.442216	-0.309137	-0.412473	-0.431079	-0.458415	-0.492986	-0.512344	-0.447745	-0.352546	-0.318272	-0.376235	-0.421238	-0.380573	-0.309668	-0.420782	-0.456235	-0.325181	-0.392592	-0.479506	-0.483174	-0.491198	-0.331833	-0.444665	-0.388614	-0.39121	-0.502064	-0.502849	-0.39121	-0.412473	-0.385031	-0.46766	-0.28912	-0.450798	-0.304477	-0.476917	-0.365332	-0.449264	-0.27223	-0.411512	-0.32528	-0.44687	-0.312791	-0.412473	-0.328658	-0.342795	-0.450798	-0.349935	-0.317919	-0.380418	-0.323919	-0.402453	-0.517151	-0.517151	-0.425032	-0.400871	-0.412473	-0.455703	-0.316619	-0.318272	-0.474047	-0.398801	-0.278709	-0.411261	-0.518862	-0.406398	-0.3495	-0.342937	-0.398792	-0.447716	-0.442216	-0.49403	-0.361712	-0.352036	-0.309137	-0.475315	-0.46766	-0.44731	-0.331833	-0.329627	-0.34788	-0.399715	-0.44687	-0.317895	-0.482075	-0.467908	-0.278861	-0.386103	-0.350759	-0.462574	-0.465941
74000	intercept	0.417972	0.397964	0.471572	0.507489	0.462027	0.502125	0.450248	0.44306	0.487601	0.46198	0.448691	0.408036	0.49636	0.412891	0.512245	0.467974	0.451605	0.429755	0.395848	0.387026	0.406383	0.402783	0.53386	0.488187	0.434922	0.407925	0.445629	0.362621	0.513049	0.46121	0.4039	0.535382	0.519437	0.443282	0.499288	0.416426	0.447566	0.511216	0.479702	0.519785	0.536211	0.483711	0.445231	0.460414	0.449218	0.457984	0.440398	0.480252	0.469629	0.389611	0.416278	0.449604	0.521523	0.504125	0.391921	0.427625	0.49575	0.404344	0.485145	0.510059	0.442885	0.479921	0.405485	0.47472	0.424166	0.454067	0.382951	0.443015	0.430803	0.515938	0.396544	0.414264	0.396496	0.555276	0.449312	0.430292	0.38751	0.452615	0.47759	0.392245	0.449108	0.463459	0.445124	0.42899	0.440429	0.517873	0.431218	0.42841	0.471951	0.433106	0.452604	0.416693	0.395722	0.456838	0.45887	0.415094	0.441737	0.480348	0.472681	0.441129	0.410685	0.520967	0.410657	0.50201	0.476327	0.516124	0.400234	0.443645	0.388599	0.476389	0.415698	0.450574	0.468432	0.434826	0.456433	0.456858	0.491083	0.393784	0.480951	0.39809	0.452165	0.384777	0.482786	0.477314	0.439005	0.412464	0.412987	0.485171	0.453432	0.376294	0.520541	0.462864	0.4065	0.457404	0.403892	0.404416	0.512841	0.453177	0.472867	0.494363	0.505909	0.461986	0.438222	0.400256	0.442154	0.409066	0.49125	0.458162	0.448231	0.478588	0.536404	0.462681	0.451845	0.453083	0.481738	0.434833	0.496974	0.462536	0.458038	0.443185	0.495831	0.368112	0.433643	0.49794	0.428454	0.468459	0.441102	0.476149	0.437571	0.470985	0.537469	0.494941	0.509976	0.477834	0.440598	0.524172	0.409553	0.427132	0.469795	0.507015	0.3952	0.415886	0.457836	0.463888	0.457076	0.52432	0.46761	0.535721	0.519955	0.381381	0.458078	0.49748	0.436143	0.465939	0.527074	0.461294	0.368385	0.518066	0.460509	0.497114	0.494914	0.384728	0.502086	0.365871	0.408072	0.436688	0.507858	0.569846	0.385261	0.519338	0.404921	0.408487	0.523604	0.399415	0.500965	0.385646	0.519488	0.393485	0.499119	0.402499	0.519449	0.444522	0.401922	0.37713	0.523568	0.377083	0.401922	0.497307	0.476738	0.532253	0.495772	0.519584	0.369763	0.519584	0.384736	0.359957	0.533275	0.417703	0.350055	0.519584	0.51414	0.409995	0.425114	0.393485	0.498487	0.528092	0.417694	0.452855	0.436084	0.533978	0.522576	0.538166	0.357277	0.367965	0.408487	0.382809	0.433995	0.448776	0.369954	0.442084	0.448776	0.535375	0.523604	0.520683	0.544559	0.402499	0.370289	0.375275	0.523598	0.520598	0.503068	0.523568	0.44139	0.49237	0.384736	0.502715	0.497007	0.561568	0.465376	0.484061	0.397231	0.434022	0.531021	0.393577	0.509179	0.377083	0.550927	0.523183	0.401922	0.425114	0.371357	0.351653	0.448776	0.389877	0.51338	0.381273	0.421786	0.424144	0.384286	0.401922	0.385261	0.423542	0.409995	0.524054	0.380405	0.496122	0.520528	0.506515	0.350055	0.484061	0.506515	0.377674	0.507911	0.517073	0.522181	0.569846	0.491845	0.51338	0.494829	0.380405	0.39518	0.499162	0.450675	0.401922	0.480731	0.498621	0.434022	0.417694	0.569846	0.533978	0.498487	0.381151	0.549973	0.444079	0.457864	0.519449	0.494914	0.436435	0.519338	0.497403	0.577266	0.34643	0.499119	0.379066	0.51929	0.402499	0.482969	0.368108	0.440287	0.422798	0.497007	0.350055	0.519584	0.406911	0.383576	0.495717	0.378766	0.359957	0.417703	0.406911	0.465279	0.520621	0.520621	0.517073	0.451147	0.519338	0.524197	0.398693	0.384286	0.454204	0.446462	0.357277	0.533786	0.533298	0.444522	0.403465	0.380405	0.470093	0.515481	0.506515	0.515981	0.393485	0.498574	0.380597	0.4888	0.577266	0.519584	0.380405	0.366532	0.501405	0.442084	0.497007	0.394459	0.507858	0.502715	0.357277	0.448776	0.384736	0.520528	0.520598
75000	slope	-0.335908	-0.48533	-0.439967	-0.4887	-0.431538	-0.383254	-0.378601	-0.44053	-0.483061	-0.476034	-0.357442	-0.367858	-0.395997	-0.48061	-0.318401	-0.338092	-0.334285	-0.410984	-0.389933	-0.378605	-0.450771	-0.428974	-0.372978	-0.42593	-0.35676	-0.345156	-0.312874	-0.39595	-0.357263	-0.376184	-0.391832	-0.389482	-0.420987	-0.421034	-0.399578	-0.343761	-0.349146	-0.418601	-0.449889	-0.442507	-0.335548	-0.441305	-0.39079	-0.379157	-0.374587	-0.3571	-0.459374	-0.367871	-0.482784	-0.3839	-0.382456	-0.375938	-0.453709	-0.47749	-0.393456	-0.486405	-0.406232	-0.417465	-0.414857	-0.385435	-0.367484	-0.278167	-0.404534	-0.369807	-0.348664	-0.422381	-0.465	-0.425513	-0.48968	-0.409328	-0.301858	-0.332416	-0.494678	-0.35277	-0.368823	-0.379604	-0.349916	-0.463086	-0.33822	-0.38665	-0.383224	-0.419958	-0.382542	-0.338894	-0.344467	-0.427552	-0.378379	-0.384322	-0.309045	-0.419845	-0.398499	-0.486135	-0.46111	-0.455782	-0.324509	-0.417379	-0.465196	-0.429218	-0.385425	-0.383099	-0.460225	-0.403723	-0.472525	-0.474022	-0.447535	-0.394852	-0.354295	-0.493884	-0.442377	-0.323225	-0.436191	-0.361036	-0.375098	-0.387831	-0.28225	-0.400514	-0.391709	-0.416166	-0.46001	-0.366156	-0.399863	-0.377079	-0.350388	-0.37345	-0.372225	-0.445771	-0.484218	-0.30825	-0.372365	-0.338968	-0.391466	-0.442544	-0.316403	-0.438304	-0.363497	-0.478428	-0.375602	-0.467674	-0.444496	-0.350112	-0.376903	-0.379708	-0.321523	-0.375155	-0.414944	-0.488843	-0.27668	-0.416163	-0.35499	-0.359101	-0.463555	-0.463979	-0.366794	-0.440613	-0.375694	-0.42323	-0.409458	-0.419365	-0.350041	-0.426006	-0.454114	-0.380358	-0.331199	-0.359955	-0.345712	-0.398983	-0.424902	-0.336282	-0.349236	-0.365261	-0.416095	-0.413493	-0.392959	-0.407483	-0.433566	-0.327855	-0.338431	-0.291146	-0.477419	-0.447154	-0.395887	-0.420955	-0.337648	-0.343327	-0.386132	-0.447309	-0.35262	-0.410454	-0.414236	-0.440373	-0.37118	-0.383445	-0.433191	-0.352318	-0.472791	-0.322684	-0.418921	-0.446537	-0.394672	-0.393623	-0.394465	-0.368626	-0.374616	-0.472373	-0.382394	-0.389843	-0.465122	-0.486946	-0.404793	-0.288422	-0.360451	-0.284561	-0.36241	-0.387918	-0.442571	-0.469646	-0.419664	-0.358062	-0.433953	-0.487201	-0.398387	-0.378071	-0.491033	-0.368189	-0.319792	-0.370931	-0.346372	-0.459768	-0.365714	-0.40587	-0.387033	-0.49132	-0.485193	-0.372068	-0.414812	-0.471911	-0.486946	-0.486367	-0.319277	-0.501402	-0.313129	-0.38806	-0.282076	-0.346783	-0.391059	-0.301912	-0.372068	-0.423291	-0.262772	-0.512196	-0.459768	-0.433739	-0.363155	-0.486367	-0.372068	-0.328553	-0.451312	-0.353801	-0.436149	-0.307494	-0.31069	-0.358062	-0.361807	-0.348391	-0.489515	-0.361807	-0.308803	-0.5054	-0.513755	-0.345976	-0.377855	-0.359145	-0.347539	-0.400876	-0.347178	-0.39536	-0.364575	-0.382394	-0.385749	-0.333362	-0.288955	-0.313129	-0.363155	-0.469646	-0.374616	-0.485193	-0.418911	-0.465702	-0.361405	-0.377855	-0.321196	-0.435191	-0.377661	-0.486946	-0.381294	-0.361119	-0.375609	-0.364267	-0.414812	-0.469646	-0.334085	-0.346783	-0.307494	-0.40763	-0.39536	-0.460797	-0.326141	-0.476524	-0.489515	-0.491033	-0.35024	-0.372068	-0.468876	-0.49281	-0.319277	-0.361119	-0.30205	-0.262772	-0.40763	-0.351007	-0.394047	-0.277824	-0.414812	-0.486367	-0.396277	-0.300189	-0.386246	-0.33255	-0.307494	-0.465702	-0.383603	-0.486946	-0.353441	-0.47373	-0.307494	-0.288955	-0.301912	-0.398387	-0.39536	-0.362901	-0.291305	-0.328553	-0.462523	-0.361284	-0.328553	-0.396065	-0.363644	-0.362963	-0.428047	-0.320975	-0.417026	-0.433953	-0.46954	-0.487253	-0.496439	-0.421861	-0.477165	-0.381294	-0.418911	-0.348391	-0.460241	-0.405103	-0.402945	-0.355573	-0.394347	-0.43919	-0.346783	-0.335074	-0.486367	-0.347748	-0.243031	-0.359254	-0.366946	-0.467342	-0.496364	-0.358062	-0.381294	-0.310735	-0.400876	-0.486367	-0.338677	-0.369053	-0.365714	-0.354655	-0.48149	-0.372012	-0.37684	-0.402945	-0.49281	-0.362646	-0.270296	-0.409503	-0.436239	-0.471707	-0.375282	-0.333362	-0.313923	-0.387918	-0.404793	-0.487201
75000	intercept	0.437743	0.53821	0.472086	0.521151	0.457767	0.433495	0.454862	0.493391	0.481237	0.524242	0.378152	0.417693	0.473673	0.549232	0.392053	0.409601	0.410362	0.462011	0.440012	0.443608	0.490588	0.472236	0.471794	0.485768	0.416043	0.453648	0.396929	0.441124	0.432505	0.407567	0.423476	0.415315	0.452737	0.479445	0.446328	0.437959	0.405552	0.485161	0.478261	0.50342	0.393666	0.482905	0.434177	0.440563	0.39937	0.450805	0.498775	0.44328	0.497076	0.438378	0.446408	0.41294	0.484305	0.548904	0.437661	0.531011	0.467218	0.456619	0.496656	0.436915	0.38993	0.417122	0.463606	0.42561	0.4012	0.501705	0.514854	0.471775	0.522677	0.453807	0.37586	0.389372	0.564857	0.380347	0.440472	0.443808	0.411955	0.50189	0.380785	0.439501	0.443825	0.483286	0.460548	0.428337	0.398845	0.454093	0.43562	0.419464	0.393584	0.476446	0.440995	0.508529	0.49025	0.460207	0.416241	0.493983	0.504252	0.496387	0.406849	0.428301	0.488692	0.43793	0.568781	0.515719	0.488226	0.478499	0.411884	0.52439	0.482888	0.412886	0.477131	0.422447	0.432076	0.416305	0.395033	0.443364	0.442011	0.476334	0.490368	0.447787	0.470865	0.419266	0.44453	0.445722	0.430693	0.460484	0.516241	0.389444	0.405578	0.39377	0.445964	0.5034	0.40133	0.519933	0.438682	0.507978	0.422455	0.501258	0.49472	0.396451	0.442927	0.469969	0.379733	0.444163	0.457507	0.565901	0.388821	0.447821	0.396245	0.43722	0.538871	0.463271	0.429237	0.480556	0.427068	0.495181	0.458921	0.470974	0.398123	0.473882	0.498668	0.468984	0.400858	0.427227	0.407853	0.414715	0.470174	0.383558	0.390165	0.434186	0.493448	0.461545	0.437657	0.445207	0.48506	0.385429	0.405285	0.398038	0.511912	0.47598	0.447671	0.481399	0.429106	0.427145	0.459765	0.474465	0.407919	0.446006	0.42926	0.46761	0.420485	0.428278	0.478713	0.417401	0.542128	0.399873	0.448316	0.45454	0.447613	0.445921	0.50288	0.418877	0.417568	0.478017	0.466819	0.402006	0.510172	0.489659	0.444522	0.381276	0.41326	0.402006	0.407769	0.447811	0.507764	0.49297	0.503484	0.429662	0.484415	0.515939	0.418063	0.443933	0.489487	0.404171	0.370425	0.4405	0.39667	0.57007	0.400393	0.465054	0.425868	0.58039	0.511179	0.46913	0.433999	0.49316	0.489659	0.547713	0.370425	0.496321	0.370444	0.492123	0.3983	0.384165	0.461918	0.394805	0.455258	0.484415	0.396141	0.585665	0.559966	0.571651	0.410056	0.558498	0.445031	0.338974	0.496291	0.41326	0.507764	0.402006	0.354814	0.405418	0.429132	0.421254	0.502169	0.429132	0.370425	0.591274	0.583212	0.385419	0.423071	0.393168	0.406973	0.455456	0.394822	0.405652	0.385678	0.466819	0.452283	0.383526	0.348153	0.370444	0.410056	0.493404	0.417568	0.530853	0.503484	0.509545	0.41208	0.423071	0.389439	0.449593	0.401332	0.54108	0.438245	0.441978	0.461918	0.441978	0.433999	0.49297	0.411439	0.384165	0.402006	0.43651	0.442379	0.518115	0.386926	0.478017	0.507437	0.489487	0.427245	0.455258	0.51917	0.500974	0.352479	0.441978	0.395832	0.396367	0.43651	0.404015	0.426621	0.392773	0.450599	0.547743	0.482711	0.454829	0.425868	0.370778	0.402006	0.505026	0.443064	0.54108	0.377059	0.464471	0.410042	0.367418	0.394805	0.418063	0.442379	0.393407	0.352015	0.354814	0.506272	0.430455	0.354814	0.492123	0.43217	0.391741	0.498465	0.402006	0.467273	0.484415	0.499207	0.470074	0.524089	0.449593	0.531683	0.469041	0.503484	0.416118	0.550236	0.45491	0.45455	0.400393	0.458127	0.442398	0.388497	0.409139	0.547743	0.421016	0.379628	0.427245	0.400393	0.513787	0.539942	0.405418	0.438245	0.402006	0.455456	0.547743	0.384165	0.427916	0.400393	0.384165	0.49316	0.423299	0.434966	0.45455	0.487114	0.389583	0.394724	0.433999	0.487475	0.524298	0.456044	0.383526	0.417942	0.447811	0.448808	0.515939
76000	slope	-0.36864	-0.377509	-0.347041	-0.378159	-0.313107	-0.366522	-0.411804	-0.3009	-0.470372	-0.349735	-0.369281	-0.371181	-0.389976	-0.330664	-0.319504	-0.389358	-0.337348	-0.35643	-0.366563	-0.36476	-0.367606	-0.362971	-0.349776	-0.329419	-0.339761	-0.41173	-0.328673	-0.299429	-0.37415	-0.359609	-0.337883	-0.366356	-0.35329	-0.337158	-0.387378	-0.363661	-0.349157	-0.360345	-0.416391	-0.317242	-0.326742	-0.380776	-0.365533	-0.38721	-0.262403	-0.334608	-0.345042	-0.347138	-0.358054	-0.376823	-0.354119	-0.367763	-0.362677	-0.381672	-0.345774	-0.367077	-0.351715	-0.322384	-0.358045	-0.322963	-0.413784	-0.331658	-0.501365	-0.386874	-0.350162	-0.384946	-0.352698	-0.441204	-0.357479	-0.311103	-0.323296	-0.382641	-0.365876	-0.434712	-0.399905	-0.314176	-0.345265	-0.343001	-0.319393	-0.355181	-0.396746	-0.342881	-0.360197	-0.369385	-0.320523	-0.400502	-0.398956	-0.465942	-0.345062	-0.331265	-0.422182	-0.379282	-0.320008	-0.345797	-0.388967	-0.364015	-0.313784	-0.441893	-0.398153	-0.393911	-0.393226	-0.332855	-0.338151	-0.485856	-0.374049	-0.319098	-0.408618	-0.324637	-0.326454	-0.41565	-0.380224	-0.294656	-0.38664	-0.402807	-0.327655	-0.40181	-0.345333	-0.341248	-0.38548	-0.325575	-0.373784	-0.354412	-0.344703	-0.397698	-0.329696	-0.306997	-0.370087	-0.356617	-0.367153	-0.488144	-0.373784	-0.325227	-0.421026	-0.335691	-0.375542	-0.397977	-0.420727	-0.333641	-0.366162	-0.32371	-0.376875	-0.398777	-0.417582	-0.345662	-0.360336	-0.348412	-0.359136	-0.322575	-0.320757	-0.330889	-0.350303	-0.341191	-0.335145	-0.347511	-0.384971	-0.344893	-0.386366	-0.358238	-0.373128	-0.416374	-0.420892	-0.43925	-0.352829	-0.376252	-0.380351	-0.363937	-0.363367	-0.386046	-0.367716	-0.351449	-0.361534	-0.33756	-0.373158	-0.381198	-0.325507	-0.331979	-0.381639	-0.340183	-0.335883	-0.39724	-0.324404	-0.410838	-0.391516	-0.400903	-0.445123	-0.367904	-0.328598	-0.379294	-0.347325	-0.327671	-0.366401	-0.397538	-0.329487	-0.344264	-0.359752	-0.348164	-0.326618	-0.44409	-0.387292	-0.334382	-0.437329	-0.425678	-0.459483	-0.512656	-0.342772	-0.307552	-0.341609	-0.403402	-0.359163	-0.437329	-0.347789	-0.33692	-0.403586	-0.348181	-0.36687	-0.327073	-0.33692	-0.366685	-0.33683	-0.363005	-0.429156	-0.378622	-0.417173	-0.405039	-0.364115	-0.34323	-0.317015	-0.317015	-0.353926	-0.361881	-0.456971	-0.366685	-0.34481	-0.353712	-0.364115	-0.348181	-0.362693	-0.456853	-0.323204	-0.39209	-0.250273	-0.392906	-0.347757	-0.353926	-0.405039	-0.347789	-0.412452	-0.401883	-0.378173	-0.331861	-0.429535	-0.313977	-0.443746	-0.430456	-0.378499	-0.406829	-0.456971	-0.343598	-0.34481	-0.308605	-0.347757	-0.347789	-0.339961	-0.343598	-0.382763	-0.32181	-0.326737	-0.512656	-0.495274	-0.317456	-0.358815	-0.341195	-0.327073	-0.260216	-0.334413	-0.343598	-0.37019	-0.51223	-0.394211	-0.382763	-0.3418	-0.297062	-0.33205	-0.317456	-0.499553	-0.372084	-0.260216	-0.386366	-0.323265	-0.297062	-0.312192	-0.392906	-0.346605	-0.329246	-0.403586	-0.422934	-0.462016	-0.35406	-0.386366	-0.368746	-0.25501	-0.437329	-0.340275	-0.356892	-0.342495	-0.39647	-0.353801	-0.267688	-0.366685	-0.350036	-0.373147	-0.338499	-0.392906	-0.368746	-0.339024	-0.373147	-0.392906	-0.37188	-0.29275	-0.51223	-0.384276	-0.339961	-0.33692	-0.323781	-0.392906	-0.340805	-0.366685	-0.329373	-0.403084	-0.244705	-0.368746	-0.37511	-0.428179	-0.373147	-0.464889	-0.418248	-0.347789	-0.34932	-0.435767	-0.413323	-0.403586	-0.456971	-0.356316	-0.348418	-0.346358	-0.474946	-0.34481	-0.51223	-0.317015	-0.339961	-0.371428	-0.323596	-0.328352	-0.39647	-0.257467	-0.347757	-0.334413	-0.351227	-0.25501	-0.395032	-0.272186	-0.339961	-0.342088	-0.357385	-0.35914	-0.403084	-0.392906	-0.405599	-0.366685	-0.404533	-0.366685	-0.346358	-0.270396	-0.343598	-0.335087	-0.405599	-0.349396	-0.353795	-0.34139	-0.257467	-0.398632	-0.512656	-0.368746	-0.404132	-0.384276	-0.312192	-0.3484	-0.353926	-0.359284	-0.339961	-0.353926	-0.502208	-0.331969	-0.351315	-0.400963	-0.370417	-0.416948	-0.357667	-0.33692	-0.34139
76000	intercept	0.410749	0.466738	0.40544	0.429343	0.4013	0.436276	0.456806	0.402949	0.503583	0.39632	0.430441	0.387371	0.408044	0.392611	0.420769	0.454182	0.39721	0.402083	0.425008	0.439679	0.381802	0.417083	0.428982	0.386515	0.41334	0.455471	0.390168	0.377307	0.404035	0.392541	0.387427	0.435035	0.386063	0.427639	0.472536	0.399339	0.420038	0.38126	0.4873	0.387665	0.405528	0.406269	0.445558	0.41197	0.371979	0.403208	0.386834	0.384843	0.395895	0.418132	0.39027	0.410139	0.419351	0.413087	0.406331	0.419564	0.391122	0.380807	0.433171	0.383434	0.444283	0.416405	0.507343	0.440215	0.411943	0.437722	0.434401	0.51529	0.433152	0.411973	0.410357	0.418448	0.40942	0.488249	0.439478	0.408828	0.415105	0.424633	0.373055	0.442575	0.461699	0.43551	0.403772	0.413099	0.388838	0.437701	0.435618	0.505065	0.394684	0.437856	0.46036	0.429684	0.398465	0.430335	0.444823	0.422017	0.387353	0.491318	0.451357	0.471966	0.44353	0.404731	0.379923	0.509764	0.458012	0.370886	0.440993	0.379686	0.394847	0.445456	0.419828	0.374199	0.479077	0.45629	0.415297	0.467706	0.431472	0.409534	0.469347	0.383889	0.436857	0.439828	0.377459	0.446591	0.414715	0.38156	0.416321	0.41677	0.446313	0.513072	0.436857	0.387398	0.439045	0.429193	0.402831	0.466062	0.43531	0.397416	0.38954	0.408003	0.439999	0.486553	0.487997	0.405603	0.385655	0.376273	0.417112	0.363719	0.419744	0.403446	0.415036	0.396332	0.413752	0.377472	0.424178	0.38667	0.472883	0.422026	0.453962	0.445456	0.480828	0.492949	0.416541	0.451803	0.449958	0.439716	0.420331	0.455126	0.421228	0.384739	0.435106	0.391355	0.435543	0.437012	0.40415	0.404247	0.422265	0.426402	0.444253	0.492253	0.364692	0.472225	0.424503	0.485698	0.485393	0.423606	0.439165	0.439806	0.402153	0.385824	0.471318	0.432364	0.393752	0.385049	0.397817	0.403635	0.405532	0.503645	0.462975	0.392313	0.478079	0.482187	0.474034	0.534478	0.370934	0.376223	0.387327	0.438814	0.387136	0.480385	0.395426	0.388359	0.461011	0.380227	0.434419	0.383604	0.388359	0.430274	0.375609	0.383154	0.486399	0.383154	0.483014	0.487819	0.426616	0.3808	0.444775	0.42534	0.460478	0.41908	0.504685	0.40719	0.384264	0.373063	0.426616	0.380227	0.481475	0.527848	0.409602	0.484837	0.39962	0.481381	0.449613	0.457091	0.461011	0.387573	0.484593	0.487957	0.487957	0.390052	0.483014	0.409342	0.437661	0.478725	0.396816	0.491256	0.485243	0.391556	0.382113	0.412229	0.452083	0.395426	0.370382	0.391556	0.442934	0.433399	0.375475	0.534478	0.525909	0.401294	0.436888	0.366741	0.383604	0.398553	0.420167	0.391556	0.482263	0.512844	0.438405	0.442934	0.387327	0.390508	0.383196	0.401294	0.525909	0.454977	0.398553	0.443702	0.418524	0.390508	0.434656	0.49746	0.380398	0.436428	0.461011	0.472181	0.52437	0.434733	0.443702	0.483165	0.39962	0.478079	0.408299	0.377965	0.424001	0.423211	0.436888	0.371564	0.397239	0.436888	0.443043	0.428641	0.481381	0.432961	0.404235	0.454972	0.481381	0.449613	0.383542	0.512844	0.492155	0.370382	0.386412	0.407799	0.481381	0.352591	0.404884	0.350415	0.462855	0.416937	0.442934	0.430475	0.477772	0.443043	0.493614	0.482702	0.387573	0.404008	0.521023	0.482939	0.461011	0.485243	0.401969	0.374545	0.352591	0.499748	0.384264	0.508177	0.421798	0.364597	0.389656	0.377003	0.431465	0.41076	0.366914	0.463469	0.420167	0.392588	0.398254	0.487957	0.366914	0.364597	0.394594	0.377164	0.377965	0.462855	0.481381	0.421798	0.399202	0.452191	0.399202	0.352591	0.371564	0.391556	0.383196	0.421798	0.383154	0.442934	0.387699	0.371695	0.452385	0.538732	0.442934	0.448606	0.492155	0.420011	0.43601	0.457091	0.403253	0.370382	0.457091	0.534478	0.408971	0.362009	0.493315	0.383154	0.432933	0.353282	0.388359	0.387699
77000	slope	-0.343035	-0.331526	-0.306394	-0.315584	-0.337955	-0.321406	-0.338865	-0.400488	-0.302843	-0.420406	-0.319477	-0.404795	-0.344868	-0.356812	-0.339483	-0.338502	-0.370762	-0.387731	-0.342865	-0.340174	-0.330177	-0.313882	-0.489136	-0.31742	-0.34269	-0.331573	-0.33061	-0.325658	-0.321748	-0.399089	-0.324402	-0.463267	-0.370083	-0.416833	-0.350946	-0.405758	-0.331125	-0.343674	-0.375944	-0.362647	-0.378132	-0.33526	-0.327715	-0.363118	-0.316981	-0.361258	-0.406695	-0.3674	-0.400629	-0.321159	-0.363883	-0.347365	-0.340694	-0.31998	-0.380178	-0.344876	-0.355441	-0.360543	-0.348991	-0.355305	-0.343631	-0.379597	-0.358202	-0.401789	-0.398655	-0.332612	-0.405989	-0.392349	-0.409164	-0.331962	-0.346658	-0.418154	-0.406106	-0.383882	-0.388411	-0.432915	-0.338835	-0.343014	-0.316635	-0.374733	-0.31624	-0.344347	-0.369028	-0.387152	-0.334572	-0.368717	-0.366037	-0.341927	-0.316535	-0.381909	-0.412049	-0.348389	-0.369226	-0.324441	-0.347123	-0.392213	-0.406094	-0.335787	-0.374313	-0.353453	-0.363624	-0.334682	-0.330323	-0.346627	-0.353453	-0.399136	-0.356168	-0.326139	-0.309605	-0.317883	-0.335658	-0.314475	-0.3973	-0.333155	-0.422168	-0.345532	-0.32837	-0.358924	-0.35956	-0.323678	-0.348955	-0.427692	-0.384026	-0.35124	-0.327259	-0.336573	-0.368304	-0.315851	-0.425141	-0.332326	-0.411134	-0.28801	-0.331562	-0.374247	-0.348604	-0.327585	-0.346145	-0.343569	-0.402786	-0.358996	-0.388478	-0.363933	-0.421524	-0.329164	-0.330892	-0.338851	-0.330609	-0.305014	-0.374625	-0.353068	-0.375172	-0.397638	-0.30201	-0.359831	-0.395658	-0.30092	-0.309851	-0.314933	-0.337642	-0.338456	-0.396767	-0.336311	-0.41091	-0.323934	-0.351872	-0.421225	-0.330816	-0.339759	-0.321451	-0.325911	-0.339598	-0.357885	-0.339761	-0.396357	-0.338219	-0.33029	-0.330121	-0.364046	-0.381291	-0.375179	-0.35958	-0.360319	-0.393817	-0.326195	-0.417743	-0.381437	-0.32532	-0.31623	-0.500085	-0.371125	-0.330831	-0.497253	-0.40428	-0.333816	-0.408703	-0.351781	-0.311129	-0.44521	-0.286505	-0.431489	-0.337736	-0.358818	-0.475871	-0.380009	-0.333304	-0.334643	-0.327089	-0.363106	-0.33784	-0.297284	-0.327701	-0.333742	-0.321919	-0.275172	-0.484218	-0.405847	-0.332856	-0.322097	-0.32199	-0.408946	-0.330181	-0.478379	-0.36967	-0.494001	-0.38338	-0.401811	-0.408946	-0.509748	-0.360342	-0.39747	-0.503307	-0.280046	-0.339148	-0.475092	-0.328552	-0.36878	-0.473323	-0.322956	-0.333998	-0.322832	-0.312102	-0.353547	-0.342808	-0.325756	-0.491445	-0.330722	-0.375161	-0.454233	-0.320985	-0.376895	-0.325176	-0.494001	-0.303515	-0.307091	-0.317475	-0.367481	-0.341282	-0.500945	-0.370988	-0.312129	-0.364481	-0.327198	-0.478379	-0.381021	-0.344216	-0.312937	-0.326856	-0.334501	-0.396198	-0.303944	-0.503468	-0.334643	-0.39747	-0.267534	-0.396164	-0.496582	-0.310989	-0.39747	-0.305973	-0.286962	-0.352923	-0.454233	-0.405847	-0.361815	-0.34552	-0.330877	-0.401436	-0.355668	-0.317586	-0.502415	-0.369128	-0.301044	-0.325563	-0.473323	-0.358793	-0.496582	-0.410801	-0.312857	-0.339963	-0.374624	-0.319115	-0.330181	-0.34552	-0.33271	-0.328094	-0.405847	-0.275172	-0.48532	-0.303944	-0.477331	-0.332249	-0.34106	-0.333759	-0.392513	-0.519558	-0.369128	-0.343666	-0.505313	-0.380505	-0.48915	-0.39747	-0.363159	-0.330877	-0.323176	-0.413154	-0.358527	-0.356912	-0.358869	-0.491265	-0.333742	-0.347001	-0.445298	-0.339148	-0.333304	-0.314703	-0.328552	-0.350909	-0.285319	-0.339045	-0.297084	-0.478379	-0.413154	-0.36348	-0.354209	-0.371858	-0.325756	-0.358527	-0.344971	-0.343442	-0.371858	-0.312102	-0.312937	-0.501897	-0.33447	-0.502993	-0.336267	-0.34552	-0.396198	-0.328953	-0.369128	-0.335377	-0.341282	-0.312857	-0.36348	-0.503468	-0.342235	-0.477331	-0.289116	-0.360229	-0.291611	-0.271428	-0.310156	-0.335422	-0.340704	-0.297284	-0.336267	-0.376833	-0.333998	-0.478829	-0.474187	-0.308904	-0.293122	-0.406968	-0.348213	-0.308904	-0.303944	-0.392248	-0.371858	-0.343701	-0.386868	-0.387102	-0.477331	-0.305973	-0.413154	-0.342393	-0.33447	-0.360229	-0.430191	-0.413154	-0.503307
77000	intercept	0.391142	0.423795	0.399735	0.395973	0.415392	0.388267	0.390973	0.469746	0.381734	0.474721	0.374006	0.460171	0.420946	0.427485	0.428616	0.436519	0.410525	0.432509	0.413523	0.384245	0.405154	0.396374	0.50157	0.379934	0.405224	0.391886	0.424767	0.390674	0.393394	0.435282	0.42362	0.461565	0.435718	0.436291	0.443009	0.469926	0.410465	0.413711	0.454149	0.44686	0.438468	0.40429	0.399548	0.428973	0.394638	0.4461	0.464897	0.413888	0.430577	0.417687	0.411918	0.425175	0.402307	0.405714	0.444661	0.418917	0.39439	0.429445	0.436481	0.434776	0.428105	0.442229	0.427637	0.475067	0.436636	0.394297	0.457895	0.420442	0.457751	0.395495	0.41414	0.421736	0.451296	0.47077	0.438939	0.463472	0.40388	0.406804	0.379275	0.429755	0.41835	0.430605	0.408537	0.417373	0.412189	0.43223	0.433954	0.421357	0.393437	0.423292	0.487779	0.421078	0.405433	0.39223	0.397136	0.441865	0.420569	0.377826	0.413785	0.415635	0.408723	0.388074	0.388858	0.386631	0.399851	0.452903	0.402643	0.398898	0.412155	0.389903	0.387017	0.369265	0.447666	0.380828	0.510412	0.39758	0.392723	0.442892	0.411317	0.39138	0.393596	0.476758	0.441441	0.42588	0.369944	0.415545	0.396716	0.399214	0.479515	0.39241	0.455287	0.38124	0.412607	0.441208	0.401099	0.408229	0.382393	0.406942	0.455166	0.382106	0.432989	0.418167	0.455238	0.404133	0.411153	0.428714	0.391468	0.380207	0.438926	0.427435	0.416688	0.448148	0.374584	0.417297	0.437599	0.386624	0.392961	0.386817	0.40571	0.40639	0.465192	0.405572	0.449534	0.397391	0.411051	0.460203	0.36572	0.406375	0.408084	0.403352	0.401297	0.438362	0.404401	0.435256	0.377035	0.402944	0.406326	0.412466	0.446821	0.458395	0.450476	0.413376	0.405112	0.380115	0.485325	0.41936	0.410371	0.384274	0.527482	0.451079	0.399065	0.531804	0.434635	0.41662	0.444051	0.408696	0.371265	0.47297	0.395348	0.472023	0.42375	0.475363	0.469867	0.439505	0.446745	0.371109	0.383457	0.381665	0.356837	0.408241	0.375852	0.407532	0.393092	0.38667	0.523693	0.431006	0.421519	0.414338	0.376081	0.456201	0.368962	0.471921	0.371972	0.547041	0.448737	0.469248	0.457395	0.523905	0.393841	0.44238	0.50588	0.40398	0.424431	0.479234	0.418976	0.41402	0.490917	0.368923	0.412921	0.416388	0.373608	0.39983	0.394501	0.427717	0.51868	0.403191	0.482602	0.513618	0.383059	0.392911	0.37405	0.547041	0.417538	0.388492	0.416854	0.380448	0.42375	0.534689	0.402981	0.431994	0.363372	0.407297	0.469867	0.414464	0.382868	0.394468	0.440223	0.43633	0.471073	0.368923	0.554104	0.405706	0.459456	0.381236	0.42913	0.525949	0.388737	0.443218	0.405259	0.389562	0.412921	0.513618	0.428585	0.41402	0.39983	0.418598	0.469248	0.41402	0.394748	0.51868	0.412984	0.382512	0.395778	0.507421	0.434556	0.525949	0.417859	0.3843	0.421242	0.402981	0.426294	0.383457	0.39983	0.415981	0.375852	0.431006	0.38667	0.525164	0.368923	0.512809	0.414587	0.373158	0.414587	0.45252	0.531933	0.427492	0.43836	0.528919	0.392911	0.536376	0.459456	0.434556	0.418598	0.416388	0.40801	0.40022	0.376081	0.401129	0.534689	0.433264	0.379554	0.512809	0.418169	0.446745	0.395999	0.415997	0.415981	0.383044	0.385214	0.379842	0.467793	0.40801	0.442354	0.388047	0.402981	0.427717	0.40022	0.379785	0.418337	0.402981	0.373608	0.394468	0.555894	0.394468	0.528723	0.412921	0.395867	0.471073	0.391577	0.412984	0.388706	0.42375	0.394639	0.445253	0.554104	0.391307	0.512809	0.377662	0.41402	0.40398	0.363141	0.368923	0.388706	0.394654	0.408241	0.412921	0.392366	0.412921	0.521301	0.519741	0.400175	0.395743	0.418026	0.388047	0.400175	0.368923	0.439505	0.402981	0.426294	0.439505	0.441151	0.512809	0.405259	0.419537	0.369216	0.415955	0.41402	0.495392	0.398999	0.494924
78000	slope	-0.353056	-0.383339	-0.44046	-0.337046	-0.369561	-0.321516	-0.497922	-0.348094	-0.354667	-0.352918	-0.418945	-0.300091	-0.331061	-0.335367	-0.337332	-0.393974	-0.439179	-0.423831	-0.420934	-0.421655	-0.394906	-0.34097	-0.403951	-0.439562	-0.423395	-0.335572	-0.438462	-0.369724	-0.418473	-0.339078	-0.346371	-0.403817	-0.318063	-0.33066	-0.355769	-0.349338	-0.323351	-0.357309	-0.520314	-0.359218	-0.324113	-0.364063	-0.344278	-0.305411	-0.384391	-0.336724	-0.444952	-0.413454	-0.417863	-0.32299	-0.391711	-0.433657	-0.342476	-0.343321	-0.353055	-0.356086	-0.356182	-0.406014	-0.337704	-0.352489	-0.344052	-0.350192	-0.36542	-0.327306	-0.32294	-0.383919	-0.402504	-0.337477	-0.381905	-0.337823	-0.353723	-0.34111	-0.35773	-0.340162	-0.351065	-0.318246	-0.337735	-0.367331	-0.346308	-0.434201	-0.381558	-0.391725	-0.435548	-0.358044	-0.379835	-0.344012	-0.354243	-0.335561	-0.348589	-0.359071	-0.314014	-0.479134	-0.426086	-0.425258	-0.352705	-0.431061	-0.421504	-0.317009	-0.33997	-0.35868	-0.421443	-0.347459	-0.347881	-0.417736	-0.348255	-0.309298	-0.364634	-0.340391	-0.321519	-0.368904	-0.38091	-0.291381	-0.411553	-0.343054	-0.317152	-0.313072	-0.407357	-0.44569	-0.373142	-0.362097	-0.334342	-0.397475	-0.345159	-0.410957	-0.447804	-0.382582	-0.334218	-0.309416	-0.396978	-0.342444	-0.428666	-0.366108	-0.334827	-0.364062	-0.350539	-0.330306	-0.374659	-0.391205	-0.342794	-0.421309	-0.394404	-0.338852	-0.305077	-0.324955	-0.489641	-0.364803	-0.507215	-0.302084	-0.491772	-0.332769	-0.416463	-0.338384	-0.356491	-0.401915	-0.364381	-0.325608	-0.346067	-0.380054	-0.409892	-0.353497	-0.379788	-0.327245	-0.328186	-0.279569	-0.390906	-0.317464	-0.364594	-0.413428	-0.388437	-0.36529	-0.437531	-0.335913	-0.452855	-0.321822	-0.339978	-0.374365	-0.339458	-0.424094	-0.313956	-0.422271	-0.336502	-0.332426	-0.346883	-0.443992	-0.350308	-0.333032	-0.325781	-0.336926	-0.333651	-0.361067	-0.375272	-0.424517	-0.453518	-0.371338	-0.421445	-0.345164	-0.361582	-0.340989	-0.36535	-0.379929	-0.413093	-0.496794	-0.282318	-0.282318	-0.312276	-0.351515	-0.491842	-0.351086	-0.303917	-0.376746	-0.535999	-0.340869	-0.333795	-0.510055	-0.293877	-0.276819	-0.341352	-0.362081	-0.351515	-0.308047	-0.488801	-0.328809	-0.499587	-0.323148	-0.295214	-0.357822	-0.293877	-0.460723	-0.345038	-0.413093	-0.313825	-0.487985	-0.471661	-0.342547	-0.368041	-0.471661	-0.339187	-0.463135	-0.345685	-0.32403	-0.390448	-0.30451	-0.332576	-0.365205	-0.49004	-0.34111	-0.366728	-0.314769	-0.30225	-0.342547	-0.345548	-0.388761	-0.323148	-0.317837	-0.371649	-0.325595	-0.318905	-0.426381	-0.390148	-0.35396	-0.356956	-0.365246	-0.280987	-0.377929	-0.514812	-0.377929	-0.49004	-0.36276	-0.337391	-0.318905	-0.32413	-0.317748	-0.507217	-0.367249	-0.519726	-0.323362	-0.383279	-0.334681	-0.390148	-0.380107	-0.313825	-0.337391	-0.377753	-0.340869	-0.358003	-0.411263	-0.38179	-0.360026	-0.316407	-0.357398	-0.474819	-0.507217	-0.322871	-0.355745	-0.34186	-0.485608	-0.26554	-0.379849	-0.390724	-0.466427	-0.491842	-0.391612	-0.320785	-0.52566	-0.396492	-0.329697	-0.413093	-0.330191	-0.362081	-0.36276	-0.459086	-0.388175	-0.346604	-0.377753	-0.32413	-0.352537	-0.330191	-0.32594	-0.323148	-0.338493	-0.327914	-0.362081	-0.26554	-0.313825	-0.491842	-0.343172	-0.310538	-0.344998	-0.344857	-0.391794	-0.373778	-0.413093	-0.339187	-0.352948	-0.34111	-0.340869	-0.499587	-0.32403	-0.317748	-0.301098	-0.346604	-0.349346	-0.49986	-0.383279	-0.311895	-0.300557	-0.413093	-0.305223	-0.371649	-0.35905	-0.319078	-0.365205	-0.32413	-0.480805	-0.308047	-0.338304	-0.379849	-0.320564	-0.34671	-0.371649	-0.345038	-0.351086	-0.34111	-0.338493	-0.313825	-0.311664	-0.338493	-0.479014	-0.464867	-0.463135	-0.301972	-0.388463	-0.388175	-0.371649	-0.349233	-0.413093	-0.345038	-0.29371	-0.334402	-0.323148	-0.322871	-0.494464	-0.379888	-0.413093	-0.372481	-0.543689	-0.329697	-0.316118	-0.427963	-0.351589	-0.496237	-0.29371	-0.329697	-0.510055	-0.327914	-0.32594	-0.32413	-0.334681	-0.489411	-0.330481
78000	intercept	0.425268	0.463745	0.49867	0.415725	0.412917	0.405501	0.527381	0.435617	0.39493	0.402368	0.442312	0.431141	0.401646	0.396772	0.405686	0.470897	0.508703	0.462131	0.457496	0.446044	0.469167	0.377189	0.487961	0.47568	0.445219	0.425872	0.46216	0.402856	0.463384	0.415588	0.387414	0.453816	0.383903	0.408586	0.415289	0.41561	0.426182	0.40891	0.529832	0.406235	0.377252	0.423646	0.416764	0.414626	0.443464	0.419405	0.444482	0.4705	0.466346	0.43295	0.45417	0.482639	0.405073	0.397247	0.404201	0.393171	0.398503	0.463165	0.41392	0.443518	0.410479	0.402268	0.455829	0.40304	0.415778	0.463912	0.475115	0.440715	0.399877	0.412781	0.40597	0.447362	0.412979	0.403499	0.392001	0.414887	0.40889	0.412089	0.432995	0.462737	0.427435	0.452415	0.52425	0.414197	0.412048	0.365647	0.404895	0.436285	0.418206	0.404493	0.387951	0.529212	0.472564	0.460364	0.387759	0.468931	0.463067	0.40933	0.393827	0.409911	0.473484	0.416256	0.399003	0.452474	0.401374	0.42141	0.42312	0.407564	0.393918	0.45064	0.45424	0.416871	0.449014	0.416894	0.40051	0.426421	0.470427	0.453888	0.456694	0.418242	0.392666	0.437539	0.39538	0.487769	0.47815	0.485254	0.420392	0.411578	0.449287	0.397218	0.509011	0.414614	0.374291	0.427496	0.427132	0.403565	0.411179	0.463604	0.422939	0.453728	0.438666	0.416873	0.366085	0.415563	0.520318	0.408874	0.523039	0.434478	0.528243	0.393777	0.461184	0.404912	0.421355	0.441907	0.43122	0.381154	0.412065	0.406784	0.470704	0.421266	0.474918	0.392706	0.400609	0.438106	0.456537	0.435914	0.40995	0.480629	0.467405	0.403482	0.481051	0.379763	0.444482	0.395799	0.3903	0.428644	0.415906	0.45998	0.407531	0.47005	0.387145	0.423706	0.417571	0.46	0.411472	0.414102	0.442151	0.419698	0.422952	0.410493	0.399207	0.482539	0.464729	0.460247	0.472832	0.379509	0.396055	0.407952	0.423433	0.42656	0.524655	0.521031	0.448578	0.42079	0.371749	0.372823	0.549223	0.430733	0.405762	0.385566	0.529999	0.446377	0.413436	0.509819	0.371749	0.438764	0.367778	0.409474	0.372823	0.417182	0.533356	0.419643	0.49045	0.426469	0.374103	0.43914	0.371749	0.532019	0.40524	0.483486	0.404408	0.515293	0.483581	0.413032	0.397055	0.483581	0.382627	0.49959	0.408139	0.409425	0.482047	0.405762	0.404682	0.442943	0.533356	0.430643	0.44732	0.391497	0.405762	0.392253	0.446963	0.414941	0.429199	0.369539	0.422569	0.424373	0.425089	0.532658	0.431148	0.372823	0.386358	0.406576	0.381975	0.423959	0.529664	0.410181	0.533356	0.426542	0.356545	0.42459	0.43336	0.404026	0.535162	0.384396	0.521287	0.452245	0.42845	0.434605	0.431148	0.437346	0.405762	0.356545	0.454037	0.446377	0.430733	0.506317	0.397962	0.430733	0.405045	0.356657	0.521031	0.535162	0.401016	0.462663	0.404805	0.521031	0.438485	0.385566	0.508661	0.518586	0.539838	0.409792	0.397048	0.489641	0.396619	0.384396	0.532658	0.37273	0.410362	0.426542	0.49503	0.446667	0.422415	0.454037	0.432516	0.406114	0.381411	0.397245	0.429199	0.409774	0.420911	0.426059	0.438485	0.404215	0.539838	0.413388	0.381892	0.386426	0.409036	0.417325	0.450018	0.524405	0.3866	0.427673	0.447362	0.446377	0.49045	0.409425	0.407701	0.389895	0.451023	0.374604	0.515645	0.42845	0.390422	0.405762	0.52443	0.37156	0.419286	0.424297	0.380635	0.442943	0.43336	0.534118	0.417182	0.394174	0.385566	0.341501	0.409621	0.422569	0.40524	0.430733	0.430643	0.409774	0.405762	0.401016	0.409774	0.483581	0.517244	0.49959	0.417817	0.385566	0.444139	0.422569	0.423592	0.532658	0.40524	0.389895	0.346898	0.429199	0.418969	0.531551	0.422569	0.533677	0.388049	0.527503	0.384396	0.411934	0.516423	0.394174	0.520212	0.389895	0.384396	0.503399	0.424373	0.38159	0.43336	0.434605	0.518586	0.361433
79000	slope	-0.404054	-0.483587	-0.461147	-0.372145	-0.395644	-0.402454	-0.399481	-0.383175	-0.440093	-0.418842	-0.413549	-0.35059	-0.349882	-0.448152	-0.330948	-0.353704	-0.413019	-0.326874	-0.326574	-0.410887	-0.437095	-0.385808	-0.426691	-0.350407	-0.324219	-0.39281	-0.493929	-0.413786	-0.387198	-0.305447	-0.400362	-0.38521	-0.370095	-0.496967	-0.415618	-0.467456	-0.398926	-0.413603	-0.440403	-0.433056	-0.426366	-0.432429	-0.429848	-0.49165	-0.481497	-0.388422	-0.451053	-0.334498	-0.411309	-0.366359	-0.495284	-0.425107	-0.505124	-0.323388	-0.419227	-0.42116	-0.353805	-0.429077	-0.427209	-0.415374	-0.454996	-0.480983	-0.498712	-0.367882	-0.494623	-0.390397	-0.310057	-0.359037	-0.388478	-0.300818	-0.439221	-0.316139	-0.40272	-0.385802	-0.428112	-0.378603	-0.500867	-0.4803	-0.377065	-0.495707	-0.412601	-0.363126	-0.378891	-0.312234	-0.365469	-0.441984	-0.448474	-0.384234	-0.322194	-0.422314	-0.441036	-0.359791	-0.350467	-0.420923	-0.374688	-0.406785	-0.410298	-0.352906	-0.417516	-0.389938	-0.473221	-0.383193	-0.385612	-0.501842	-0.479972	-0.492753	-0.389397	-0.445655	-0.366733	-0.399547	-0.484008	-0.411951	-0.442316	-0.345689	-0.369611	-0.352033	-0.405346	-0.393366	-0.442883	-0.363006	-0.428141	-0.439262	-0.427072	-0.399972	-0.334982	-0.391606	-0.424111	-0.424258	-0.339591	-0.342018	-0.455438	-0.500827	-0.364586	-0.35494	-0.306516	-0.421402	-0.361672	-0.379609	-0.349784	-0.281334	-0.489629	-0.336446	-0.383605	-0.400188	-0.364823	-0.358898	-0.442622	-0.27793	-0.339589	-0.398991	-0.314147	-0.42592	-0.416578	-0.397989	-0.360652	-0.389663	-0.373772	-0.496847	-0.408091	-0.385665	-0.426745	-0.378173	-0.421789	-0.392223	-0.38286	-0.431653	-0.442719	-0.323157	-0.354603	-0.307031	-0.363843	-0.423224	-0.307424	-0.424589	-0.411809	-0.39815	-0.34308	-0.380461	-0.33002	-0.472217	-0.404455	-0.42084	-0.348492	-0.482782	-0.421674	-0.419251	-0.360236	-0.443479	-0.490821	-0.49336	-0.492241	-0.436352	-0.321355	-0.363907	-0.399178	-0.37155	-0.408066	-0.414962	-0.411723	-0.333039	-0.48468	-0.479108	-0.494929	-0.281304	-0.395774	-0.494945	-0.479108	-0.327219	-0.427126	-0.493884	-0.30349	-0.448279	-0.326772	-0.493092	-0.414237	-0.333291	-0.493092	-0.387715	-0.492193	-0.455633	-0.478577	-0.483803	-0.400303	-0.355005	-0.492414	-0.474169	-0.359573	-0.506834	-0.310039	-0.384082	-0.355005	-0.316668	-0.461801	-0.434882	-0.375842	-0.496155	-0.280977	-0.488597	-0.360564	-0.510592	-0.42532	-0.501139	-0.379076	-0.329658	-0.318781	-0.435536	-0.309428	-0.283192	-0.281304	-0.344316	-0.492865	-0.512909	-0.404057	-0.372305	-0.376744	-0.490247	-0.481931	-0.345631	-0.496155	-0.395774	-0.34699	-0.331681	-0.381468	-0.344316	-0.35983	-0.37148	-0.483803	-0.381822	-0.379023	-0.501164	-0.341309	-0.368797	-0.355005	-0.493764	-0.305831	-0.331024	-0.37462	-0.303114	-0.287076	-0.506834	-0.477873	-0.50773	-0.299527	-0.299422	-0.283192	-0.477873	-0.436363	-0.495821	-0.352605	-0.301561	-0.493884	-0.369981	-0.367939	-0.333291	-0.281304	-0.493092	-0.378338	-0.490338	-0.463778	-0.509999	-0.341309	-0.427126	-0.327405	-0.329917	-0.279123	-0.335114	-0.480885	-0.492865	-0.482109	-0.268394	-0.325062	-0.347141	-0.480885	-0.50931	-0.300922	-0.287443	-0.287443	-0.329917	-0.303114	-0.492865	-0.345245	-0.48077	-0.48229	-0.5121	-0.275592	-0.39388	-0.283192	-0.3526	-0.496155	-0.558812	-0.35117	-0.480885	-0.394878	-0.379023	-0.387715	-0.510592	-0.505935	-0.285209	-0.486753	-0.498404	-0.500321	-0.438748	-0.501976	-0.359626	-0.482109	-0.492414	-0.435536	-0.377491	-0.387715	-0.397909	-0.347999	-0.369981	-0.482662	-0.305569	-0.50773	-0.494137	-0.343901	-0.395774	-0.438748	-0.394905	-0.391553	-0.372582	-0.501139	-0.466141	-0.35348	-0.490338	-0.332354	-0.299101	-0.490861	-0.395774	-0.48468	-0.354299	-0.506828	-0.483978	-0.303114	-0.431415	-0.352605	-0.370442	-0.481863	-0.478577	-0.493764	-0.474169	-0.371302	-0.439534	-0.496104	-0.328309	-0.458084	-0.379023	-0.364128	-0.332672	-0.495589	-0.434882	-0.352605	-0.537535	-0.507687	-0.50931	-0.326281	-0.302577	-0.419876	-0.384082
79000	intercept	0.471129	0.531905	0.486949	0.439814	0.48382	0.449502	0.437396	0.414455	0.495043	0.432794	0.489531	0.43663	0.395606	0.480274	0.384534	0.424589	0.46473	0.393142	0.399371	0.451204	0.463374	0.428067	0.496321	0.408104	0.396379	0.438329	0.516295	0.482586	0.44645	0.416228	0.463953	0.428522	0.422935	0.52818	0.477479	0.48577	0.470827	0.477165	0.462225	0.487628	0.438939	0.486077	0.465135	0.543415	0.556287	0.467282	0.516709	0.414066	0.46751	0.409434	0.54572	0.484888	0.517894	0.398082	0.443744	0.480766	0.395373	0.460805	0.479001	0.470134	0.485509	0.482931	0.558935	0.405863	0.508328	0.419478	0.372833	0.468277	0.452692	0.393909	0.504904	0.373161	0.449166	0.433729	0.481931	0.434025	0.547059	0.516103	0.460871	0.508221	0.472185	0.44037	0.421007	0.386291	0.438502	0.492177	0.47277	0.435752	0.388126	0.468997	0.479012	0.411287	0.416716	0.463953	0.439516	0.45433	0.490281	0.410639	0.485489	0.483742	0.551449	0.415767	0.440352	0.540048	0.531984	0.500913	0.428553	0.495623	0.433195	0.465332	0.535835	0.481349	0.506912	0.394543	0.428083	0.410994	0.459424	0.457676	0.49816	0.424794	0.476713	0.469754	0.50784	0.423515	0.402472	0.453272	0.462307	0.46352	0.380517	0.383461	0.492489	0.535565	0.417771	0.395987	0.38023	0.460623	0.401705	0.413658	0.441218	0.377047	0.543401	0.396395	0.437576	0.449599	0.412634	0.414134	0.468037	0.396757	0.423022	0.46564	0.422074	0.449729	0.461176	0.463019	0.404041	0.416322	0.421851	0.482414	0.447648	0.465549	0.441249	0.435774	0.468232	0.473989	0.429548	0.469063	0.499838	0.394739	0.399585	0.372609	0.413813	0.487044	0.391291	0.452726	0.446133	0.471508	0.420886	0.437113	0.423133	0.49572	0.481423	0.458691	0.400266	0.54453	0.42508	0.429137	0.402007	0.471596	0.539758	0.561247	0.539622	0.488762	0.380411	0.396151	0.458891	0.454111	0.445807	0.464941	0.465394	0.397677	0.536497	0.559492	0.536858	0.373047	0.433964	0.491361	0.559492	0.387742	0.477589	0.544607	0.39263	0.505536	0.373067	0.524995	0.394304	0.402156	0.516826	0.425433	0.565437	0.445839	0.560539	0.527225	0.414303	0.393	0.52711	0.491195	0.43057	0.560039	0.406497	0.419296	0.399751	0.397933	0.569545	0.51636	0.421344	0.500195	0.407072	0.513241	0.430657	0.56327	0.458782	0.54409	0.440398	0.381277	0.401443	0.510052	0.427906	0.407524	0.383032	0.386754	0.535377	0.509184	0.426411	0.414303	0.426663	0.472325	0.531303	0.393386	0.497338	0.433964	0.431247	0.398871	0.421344	0.391806	0.436722	0.393386	0.527225	0.44285	0.41834	0.548121	0.398871	0.392441	0.409618	0.52711	0.387415	0.392069	0.425082	0.404167	0.367652	0.562299	0.490293	0.49368	0.427905	0.364664	0.378274	0.509039	0.488983	0.45077	0.392441	0.396843	0.544607	0.410019	0.411767	0.367526	0.383032	0.474716	0.411504	0.487692	0.550464	0.536155	0.398871	0.477589	0.392069	0.425384	0.389128	0.379948	0.563299	0.536571	0.560011	0.386976	0.365891	0.465427	0.552564	0.534634	0.369686	0.37814	0.37814	0.425384	0.404089	0.54409	0.393386	0.534634	0.547444	0.491195	0.402268	0.448381	0.396935	0.429582	0.497338	0.562849	0.391806	0.538366	0.446328	0.41834	0.425433	0.564639	0.544607	0.386976	0.502117	0.516771	0.543057	0.502457	0.45077	0.421344	0.560011	0.531534	0.490227	0.41834	0.407623	0.413285	0.431247	0.415336	0.54951	0.404171	0.49368	0.498043	0.401443	0.428406	0.494834	0.457243	0.457243	0.448173	0.54409	0.552564	0.436872	0.487692	0.403975	0.452361	0.551528	0.431621	0.536497	0.416337	0.544607	0.500707	0.38935	0.498325	0.392441	0.413734	0.548121	0.560539	0.52711	0.505779	0.453154	0.470832	0.554943	0.365891	0.52961	0.41834	0.437693	0.367948	0.53741	0.52903	0.392441	0.569783	0.559279	0.557858	0.380308	0.378078	0.490227	0.434589
80000	slope	-0.295855	-0.44408	-0.396359	-0.307076	-0.336552	-0.364016	-0.357425	-0.334834	-0.479986	-0.361243	-0.418948	-0.440638	-0.309644	-0.435032	-0.32014	-0.371086	-0.32819	-0.442366	-0.386682	-0.321004	-0.431118	-0.367674	-0.456838	-0.475657	-0.369625	-0.49054	-0.458255	-0.37202	-0.449672	-0.317848	-0.41219	-0.399938	-0.410898	-0.344356	-0.330411	-0.452944	-0.330773	-0.422493	-0.38898	-0.359995	-0.311897	-0.449324	-0.450238	-0.411267	-0.330338	-0.383878	-0.386766	-0.449787	-0.385319	-0.4039	-0.348973	-0.443464	-0.422589	-0.379689	-0.437732	-0.467399	-0.425181	-0.344749	-0.402388	-0.41488	-0.340059	-0.401219	-0.422289	-0.3753	-0.451996	-0.305107	-0.353436	-0.458159	-0.429068	-0.360997	-0.409674	-0.422125	-0.374186	-0.362833	-0.320754	-0.450271	-0.312517	-0.492066	-0.420406	-0.365235	-0.448317	-0.354835	-0.466741	-0.431031	-0.332122	-0.320324	-0.430938	-0.482473	-0.417524	-0.410333	-0.3523	-0.421647	-0.463998	-0.347585	-0.4482	-0.452579	-0.347489	-0.337309	-0.373503	-0.391001	-0.361668	-0.484062	-0.417076	-0.416225	-0.408742	-0.403566	-0.462798	-0.375286	-0.395921	-0.404507	-0.405739	-0.393515	-0.451391	-0.351005	-0.46768	-0.418023	-0.349597	-0.419488	-0.376512	-0.33895	-0.396228	-0.401561	-0.365164	-0.41729	-0.379786	-0.362921	-0.337848	-0.365179	-0.3895	-0.432006	-0.428667	-0.376318	-0.440981	-0.424708	-0.342681	-0.405333	-0.362033	-0.471228	-0.406635	-0.365658	-0.388317	-0.434721	-0.434185	-0.367056	-0.449763	-0.31451	-0.35714	-0.383821	-0.429645	-0.392048	-0.432306	-0.336464	-0.414539	-0.45128	-0.458568	-0.362227	-0.353888	-0.366771	-0.42589	-0.369269	-0.305893	-0.34002	-0.388807	-0.3538	-0.4205	-0.421038	-0.391255	-0.424276	-0.399875	-0.339941	-0.417424	-0.356935	-0.427371	-0.401386	-0.4614	-0.420497	-0.390958	-0.406822	-0.34571	-0.375915	-0.395397	-0.374241	-0.404634	-0.410596	-0.402145	-0.461867	-0.376332	-0.446166	-0.393043	-0.415125	-0.32605	-0.382485	-0.398692	-0.426794	-0.377885	-0.41535	-0.458374	-0.419944	-0.31608	-0.351422	-0.382507	-0.371549	-0.337309	-0.472733	-0.468425	-0.477273	-0.271527	-0.405216	-0.397911	-0.518295	-0.423461	-0.393398	-0.333019	-0.471	-0.337309	-0.376561	-0.379076	-0.508781	-0.345729	-0.448663	-0.508781	-0.370561	-0.305226	-0.376466	-0.439244	-0.269979	-0.423461	-0.30238	-0.335796	-0.407239	-0.448972	-0.35139	-0.363165	-0.393398	-0.337309	-0.508781	-0.378156	-0.390442	-0.38393	-0.367702	-0.518295	-0.299739	-0.377264	-0.407239	-0.44274	-0.521739	-0.299739	-0.407239	-0.461272	-0.299739	-0.399956	-0.458382	-0.445595	-0.368577	-0.407239	-0.454249	-0.304319	-0.358176	-0.348386	-0.409174	-0.462254	-0.378189	-0.392649	-0.397911	-0.32343	-0.340713	-0.348386	-0.454498	-0.471228	-0.464132	-0.378189	-0.32343	-0.461898	-0.447507	-0.382356	-0.307682	-0.302521	-0.430986	-0.367702	-0.30238	-0.411021	-0.337309	-0.335796	-0.345729	-0.414538	-0.352457	-0.50375	-0.274517	-0.443712	-0.423461	-0.419994	-0.339106	-0.344535	-0.412803	-0.487455	-0.473319	-0.311466	-0.367702	-0.350643	-0.513206	-0.35509	-0.32343	-0.508395	-0.271527	-0.51025	-0.468425	-0.31968	-0.36807	-0.333019	-0.326156	-0.514838	-0.286943	-0.34678	-0.36289	-0.354264	-0.423461	-0.309286	-0.370529	-0.474603	-0.418503	-0.414538	-0.425017	-0.36735	-0.397911	-0.299739	-0.368877	-0.380672	-0.395914	-0.294324	-0.50375	-0.38045	-0.379076	-0.395594	-0.485226	-0.453323	-0.510006	-0.409159	-0.475147	-0.383278	-0.376561	-0.48517	-0.362387	-0.446055	-0.448972	-0.271527	-0.371549	-0.358312	-0.326156	-0.521636	-0.271288	-0.516114	-0.358515	-0.307879	-0.371438	-0.392489	-0.434736	-0.377264	-0.393398	-0.523316	-0.326028	-0.458382	-0.337309	-0.362387	-0.299392	-0.337309	-0.30383	-0.36807	-0.395594	-0.311882	-0.410367	-0.339443	-0.50367	-0.510081	-0.370398	-0.337309	-0.380672	-0.446055	-0.368877	-0.428521	-0.302521	-0.457978	-0.346226	-0.473319	-0.44274	-0.453323	-0.35565	-0.405216	-0.389379	-0.471228	-0.434707	-0.395594	-0.377264	-0.371549	-0.326499	-0.449984	-0.462254	-0.448341	-0.517445	-0.385441	-0.377264
80000	intercept	0.381289	0.468635	0.435291	0.391267	0.393998	0.459645	0.396721	0.422469	0.550359	0.387033	0.490492	0.469662	0.354818	0.476255	0.392911	0.459641	0.414448	0.49185	0.438708	0.393305	0.482786	0.412192	0.52482	0.5064	0.415937	0.52959	0.523209	0.422874	0.507309	0.403129	0.481978	0.464204	0.477488	0.408893	0.379176	0.506682	0.376674	0.442335	0.447651	0.419692	0.433175	0.490074	0.483761	0.480602	0.375702	0.445915	0.427349	0.486707	0.421403	0.468167	0.435474	0.460606	0.473534	0.423495	0.458518	0.523233	0.473187	0.415741	0.494136	0.454698	0.436311	0.445558	0.438146	0.423061	0.509137	0.379071	0.430271	0.531548	0.491458	0.477534	0.484646	0.490425	0.39331	0.395557	0.367337	0.509859	0.397325	0.510392	0.487538	0.410198	0.500719	0.408643	0.520033	0.47855	0.401661	0.372053	0.502999	0.492871	0.453174	0.436004	0.385932	0.494642	0.531314	0.414646	0.485317	0.47432	0.387171	0.407732	0.44818	0.442462	0.412631	0.539889	0.461539	0.427188	0.481798	0.452928	0.517296	0.43607	0.421174	0.482021	0.438131	0.459612	0.484227	0.413837	0.540483	0.479655	0.442658	0.492914	0.439024	0.400916	0.455359	0.466887	0.416594	0.481752	0.42301	0.424487	0.378956	0.414572	0.451289	0.470088	0.467524	0.448879	0.486094	0.473216	0.441027	0.460058	0.451937	0.555004	0.456655	0.438588	0.432711	0.477021	0.511466	0.453229	0.500393	0.395694	0.399246	0.436854	0.449797	0.463898	0.48746	0.377949	0.451298	0.495098	0.49686	0.422412	0.409739	0.413812	0.465348	0.42554	0.349518	0.414197	0.404506	0.391696	0.47786	0.454172	0.464454	0.439227	0.457758	0.409301	0.479942	0.434078	0.474491	0.432959	0.500908	0.472456	0.441277	0.433544	0.431522	0.404961	0.451491	0.426037	0.44562	0.466706	0.460722	0.499066	0.438737	0.527844	0.426256	0.459091	0.350953	0.424647	0.469625	0.482261	0.455008	0.47159	0.508039	0.449408	0.38837	0.449549	0.420798	0.417536	0.410846	0.535478	0.462316	0.495253	0.404575	0.435689	0.460468	0.547661	0.472572	0.442014	0.388172	0.5132	0.434524	0.409137	0.43539	0.514294	0.40482	0.508162	0.522819	0.433461	0.359825	0.444296	0.466465	0.383805	0.472572	0.376402	0.350925	0.470608	0.473423	0.378573	0.412701	0.442014	0.410846	0.522819	0.418803	0.495356	0.460468	0.396074	0.547661	0.376501	0.409959	0.470608	0.497777	0.582289	0.376501	0.470608	0.554523	0.376501	0.422343	0.49583	0.462316	0.430215	0.470608	0.517085	0.360026	0.458479	0.409072	0.445092	0.488514	0.396074	0.45036	0.460468	0.361768	0.404618	0.409072	0.512269	0.551553	0.522654	0.396074	0.361768	0.495739	0.497777	0.43049	0.353802	0.394113	0.500027	0.396074	0.376402	0.406972	0.410846	0.348664	0.40482	0.42456	0.433748	0.521171	0.334709	0.508162	0.472572	0.426244	0.412748	0.389263	0.457805	0.546147	0.534599	0.381676	0.396074	0.407394	0.557805	0.415758	0.361768	0.546027	0.404575	0.505096	0.462316	0.39782	0.396074	0.407781	0.389263	0.547831	0.395991	0.397367	0.419919	0.429935	0.472572	0.372831	0.415534	0.550359	0.472733	0.42456	0.474509	0.455352	0.460468	0.376501	0.425731	0.461134	0.422343	0.339109	0.514995	0.430215	0.44796	0.493448	0.550359	0.495253	0.539761	0.472733	0.542822	0.455639	0.409137	0.536581	0.40343	0.475482	0.473423	0.404575	0.419919	0.415758	0.38828	0.582289	0.339109	0.57041	0.437323	0.372067	0.397022	0.460468	0.505698	0.417682	0.429585	0.521171	0.363394	0.515587	0.410846	0.428027	0.3747	0.434524	0.3747	0.396074	0.505125	0.376402	0.462685	0.387312	0.557805	0.557805	0.404955	0.410846	0.461134	0.464294	0.425731	0.505125	0.394113	0.487605	0.399589	0.534599	0.497777	0.495253	0.417536	0.435689	0.468333	0.547386	0.454999	0.505125	0.401562	0.419375	0.397012	0.517119	0.487605	0.45678	0.582289	0.42425	0.401562
81000	slope	-0.481449	-0.390783	-0.348606	-0.331396	-0.395673	-0.394037	-0.401615	-0.379878	-0.405928	-0.400973	-0.401084	-0.365481	-0.405407	-0.390765	-0.316409	-0.330412	-0.334079	-0.425749	-0.351852	-0.418647	-0.392427	-0.346605	-0.419984	-0.35311	-0.36476	-0.396845	-0.363715	-0.364926	-0.311442	-0.427431	-0.345838	-0.445943	-0.350202	-0.428075	-0.387232	-0.375671	-0.312886	-0.331654	-0.37327	-0.404151	-0.333185	-0.425353	-0.387984	-0.378864	-0.369153	-0.343004	-0.448861	-0.421472	-0.433651	-0.338964	-0.467413	-0.319591	-0.386971	-0.50987	-0.382773	-0.338306	-0.38883	-0.392875	-0.36246	-0.425246	-0.34469	-0.402736	-0.35542	-0.412898	-0.427632	-0.43391	-0.329915	-0.34589	-0.37886	-0.417702	-0.444901	-0.304511	-0.360677	-0.46519	-0.332734	-0.375414	-0.355108	-0.405577	-0.358105	-0.388308	-0.353319	-0.362978	-0.471889	-0.403881	-0.376888	-0.418449	-0.371437	-0.339513	-0.329516	-0.387681	-0.393007	-0.447236	-0.321841	-0.337438	-0.51148	-0.418449	-0.345553	-0.485391	-0.389526	-0.339508	-0.411618	-0.34413	-0.367193	-0.388949	-0.453462	-0.38523	-0.410273	-0.370722	-0.328975	-0.353109	-0.304005	-0.323599	-0.42779	-0.388999	-0.442816	-0.388629	-0.461368	-0.425768	-0.459803	-0.330233	-0.39366	-0.370295	-0.339366	-0.389526	-0.422027	-0.381958	-0.388673	-0.384496	-0.378214	-0.404779	-0.350786	-0.449571	-0.402157	-0.404513	-0.442315	-0.427755	-0.344389	-0.424894	-0.387949	-0.422464	-0.368179	-0.396021	-0.333566	-0.3877	-0.381596	-0.397885	-0.325789	-0.36063	-0.467517	-0.411189	-0.340535	-0.321177	-0.368201	-0.342596	-0.321502	-0.479959	-0.408891	-0.373354	-0.350907	-0.368671	-0.399574	-0.407673	-0.397558	-0.320623	-0.418038	-0.376601	-0.417898	-0.388058	-0.376136	-0.378596	-0.375667	-0.424477	-0.326811	-0.423226	-0.448463	-0.366262	-0.361594	-0.376302	-0.412141	-0.422806	-0.399595	-0.467964	-0.331262	-0.369574	-0.427572	-0.36698	-0.386357	-0.392013	-0.342074	-0.359185	-0.34469	-0.419863	-0.418093	-0.393568	-0.376257	-0.393229	-0.394276	-0.346589	-0.35286	-0.346694	-0.343633	-0.449951	-0.332822	-0.318721	-0.37373	-0.384942	-0.384899	-0.360208	-0.337552	-0.504168	-0.347497	-0.486445	-0.353872	-0.391294	-0.48836	-0.450345	-0.331995	-0.364441	-0.290062	-0.401024	-0.484806	-0.479928	-0.49254	-0.351514	-0.432662	-0.356981	-0.48179	-0.37373	-0.448103	-0.460458	-0.431568	-0.399904	-0.371383	-0.361905	-0.485977	-0.449096	-0.455078	-0.360234	-0.405311	-0.288355	-0.320666	-0.334888	-0.39039	-0.351375	-0.417913	-0.316069	-0.29676	-0.375936	-0.362659	-0.375253	-0.463324	-0.364441	-0.353872	-0.416534	-0.443807	-0.391096	-0.370457	-0.331995	-0.394157	-0.373604	-0.489757	-0.382267	-0.328121	-0.316069	-0.479928	-0.4245	-0.305106	-0.290062	-0.360208	-0.457356	-0.351218	-0.377764	-0.462346	-0.418064	-0.381511	-0.310453	-0.418654	-0.399904	-0.347497	-0.412359	-0.376719	-0.453687	-0.385554	-0.447757	-0.398869	-0.331995	-0.391716	-0.353872	-0.331777	-0.450744	-0.527345	-0.289238	-0.437583	-0.334502	-0.331941	-0.399904	-0.440301	-0.320666	-0.310485	-0.48899	-0.449951	-0.309839	-0.382267	-0.412333	-0.377894	-0.290062	-0.37373	-0.457986	-0.489757	-0.320666	-0.360288	-0.335855	-0.484806	-0.413452	-0.486989	-0.331777	-0.423143	-0.409499	-0.514499	-0.410196	-0.375936	-0.337342	-0.417149	-0.356981	-0.287075	-0.289238	-0.377262	-0.387374	-0.399904	-0.328947	-0.29676	-0.341279	-0.445796	-0.291549	-0.495488	-0.288355	-0.368729	-0.482699	-0.472864	-0.353872	-0.475562	-0.370777	-0.417913	-0.413301	-0.289238	-0.48175	-0.318679	-0.458736	-0.36346	-0.326879	-0.316069	-0.459473	-0.287538	-0.366321	-0.532267	-0.432662	-0.29676	-0.364235	-0.467649	-0.453014	-0.314375	-0.418591	-0.363427	-0.391894	-0.484806	-0.469723	-0.48899	-0.328947	-0.48175	-0.396894	-0.465647	-0.449951	-0.320666	-0.324828	-0.404375	-0.459473	-0.408257	-0.459473	-0.361905	-0.353872	-0.378203	-0.490686	-0.351514	-0.527345	-0.334502	-0.391294	-0.3433	-0.320666	-0.417067	-0.386653	-0.320666	-0.37389	-0.397357	-0.499416	-0.376776	-0.289238	-0.489757	-0.289238	-0.388431	-0.377894
81000	intercept	0.532714	0.426746	0.422382	0.363137	0.464167	0.474752	0.441007	0.421863	0.476185	0.463131	0.484228	0.426941	0.441521	0.453555	0.417822	0.348082	0.397895	0.468788	0.432449	0.480391	0.435942	0.414533	0.469931	0.424331	0.404411	0.488282	0.417564	0.421968	0.371466	0.473071	0.401899	0.483896	0.403789	0.470939	0.454296	0.418481	0.400567	0.387841	0.423457	0.473991	0.417416	0.450739	0.453028	0.469468	0.415469	0.405293	0.462528	0.467542	0.500237	0.404152	0.464191	0.438581	0.441036	0.521899	0.436711	0.410014	0.408426	0.449361	0.383838	0.463809	0.369948	0.452563	0.430794	0.453896	0.473441	0.493559	0.379457	0.454963	0.465084	0.459228	0.494518	0.348073	0.420072	0.550644	0.40139	0.412706	0.410437	0.453686	0.42821	0.476046	0.438246	0.43777	0.497225	0.475557	0.39609	0.48909	0.419025	0.393168	0.405069	0.452461	0.443005	0.478084	0.380259	0.445075	0.522206	0.484178	0.3985	0.49995	0.439858	0.370536	0.44279	0.364125	0.422789	0.45974	0.518574	0.465519	0.455656	0.399403	0.382158	0.422656	0.368364	0.397762	0.48536	0.423514	0.499406	0.43269	0.497875	0.449053	0.511483	0.400269	0.470495	0.41809	0.399397	0.442248	0.456883	0.421007	0.42505	0.419585	0.425914	0.472165	0.414718	0.509305	0.490754	0.452665	0.500235	0.45068	0.408842	0.431088	0.417401	0.496742	0.434136	0.436697	0.386004	0.451392	0.429858	0.445529	0.409465	0.400802	0.515414	0.449863	0.420905	0.396277	0.453262	0.421873	0.362548	0.530533	0.434751	0.447954	0.409663	0.429133	0.443475	0.463954	0.481371	0.374153	0.492872	0.432024	0.495259	0.450271	0.440669	0.481091	0.446801	0.478943	0.429004	0.432924	0.493512	0.41787	0.448388	0.452262	0.419074	0.471417	0.471815	0.490135	0.367287	0.44943	0.46034	0.433391	0.438333	0.480212	0.382219	0.391967	0.369948	0.49596	0.456192	0.462351	0.433059	0.445764	0.426608	0.41058	0.428704	0.432873	0.394506	0.509607	0.401002	0.399275	0.473222	0.404795	0.423963	0.435695	0.447805	0.498405	0.43152	0.497578	0.368868	0.459259	0.521556	0.496216	0.425862	0.473435	0.339109	0.419356	0.529171	0.53721	0.526032	0.442161	0.467814	0.423338	0.487456	0.473222	0.521111	0.466507	0.473703	0.394571	0.410958	0.442763	0.470729	0.496216	0.556271	0.448571	0.425035	0.32054	0.369149	0.429964	0.488113	0.420584	0.449436	0.385178	0.339446	0.418877	0.433001	0.414562	0.521111	0.457321	0.368868	0.450524	0.509607	0.437002	0.4321	0.446066	0.44979	0.507311	0.50631	0.433001	0.400088	0.378287	0.543154	0.462159	0.432829	0.339109	0.435695	0.506386	0.473222	0.447245	0.522522	0.449436	0.41623	0.334499	0.462159	0.40806	0.43152	0.500621	0.46393	0.535167	0.464888	0.466446	0.44531	0.42957	0.441444	0.377502	0.44901	0.504614	0.525433	0.360003	0.477436	0.432829	0.369149	0.402701	0.521111	0.368305	0.417076	0.545388	0.513087	0.387443	0.412403	0.469432	0.420458	0.339109	0.473222	0.50351	0.506758	0.383774	0.375973	0.401242	0.529171	0.42655	0.51708	0.44901	0.48069	0.431045	0.470729	0.471406	0.417303	0.369149	0.451215	0.423338	0.320191	0.337155	0.423594	0.457321	0.40806	0.407397	0.353334	0.388103	0.524348	0.320191	0.547508	0.30952	0.448751	0.534611	0.470729	0.376566	0.55042	0.43745	0.449436	0.469432	0.365919	0.523445	0.369149	0.521681	0.457321	0.397052	0.410203	0.496216	0.320191	0.450512	0.546008	0.467814	0.353334	0.418877	0.500364	0.464111	0.372906	0.48415	0.417303	0.412987	0.529171	0.531638	0.545388	0.407397	0.523445	0.472633	0.496216	0.509607	0.368305	0.383236	0.440878	0.490056	0.450324	0.496216	0.442763	0.365893	0.429016	0.533547	0.442161	0.51039	0.433042	0.472633	0.429414	0.383774	0.469432	0.433237	0.368305	0.414562	0.420882	0.524866	0.433001	0.363846	0.500681	0.337155	0.426201	0.420458
82000	slope	-0.458982	-0.395376	-0.412322	-0.350137	-0.360549	-0.395979	-0.39872	-0.324511	-0.377886	-0.366321	-0.39417	-0.400283	-0.412056	-0.319881	-0.366374	-0.413213	-0.407853	-0.372691	-0.360084	-0.349687	-0.37115	-0.442211	-0.381442	-0.426173	-0.364975	-0.324138	-0.401484	-0.325467	-0.414791	-0.375012	-0.449742	-0.333066	-0.356735	-0.341699	-0.430154	-0.418069	-0.464293	-0.343965	-0.374055	-0.400262	-0.419383	-0.428848	-0.363147	-0.431196	-0.366305	-0.40915	-0.415266	-0.359478	-0.415014	-0.355317	-0.380163	-0.374951	-0.429965	-0.37521	-0.379693	-0.338852	-0.394468	-0.424974	-0.343698	-0.394946	-0.450762	-0.36842	-0.400715	-0.340149	-0.344456	-0.378778	-0.42389	-0.431347	-0.376171	-0.43323	-0.377385	-0.379868	-0.399902	-0.365799	-0.405192	-0.329749	-0.400888	-0.366793	-0.346055	-0.447433	-0.36892	-0.436997	-0.397143	-0.426739	-0.398272	-0.427684	-0.399734	-0.401618	-0.47754	-0.409522	-0.34738	-0.385219	-0.358266	-0.37988	-0.386284	-0.436062	-0.392515	-0.399689	-0.397561	-0.347383	-0.374199	-0.364987	-0.315508	-0.330273	-0.427019	-0.44002	-0.34875	-0.377093	-0.392093	-0.408187	-0.398039	-0.410509	-0.443944	-0.318113	-0.30321	-0.347171	-0.434344	-0.457075	-0.414734	-0.363525	-0.418561	-0.386281	-0.427541	-0.334898	-0.349025	-0.346081	-0.424943	-0.410213	-0.424649	-0.380994	-0.423594	-0.363742	-0.338255	-0.407247	-0.369163	-0.360536	-0.392542	-0.416525	-0.314904	-0.428936	-0.334498	-0.394041	-0.353689	-0.402605	-0.367365	-0.354937	-0.391891	-0.337146	-0.341305	-0.407562	-0.414709	-0.40506	-0.437525	-0.347454	-0.431315	-0.364118	-0.417492	-0.280191	-0.467867	-0.356022	-0.442226	-0.352021	-0.368994	-0.369857	-0.360178	-0.377623	-0.414454	-0.379963	-0.348068	-0.375099	-0.421379	-0.417417	-0.396887	-0.357453	-0.349122	-0.346956	-0.404941	-0.409144	-0.366243	-0.328148	-0.385217	-0.408702	-0.335831	-0.371651	-0.347686	-0.364326	-0.422726	-0.354854	-0.400284	-0.410137	-0.417194	-0.390455	-0.343643	-0.418833	-0.325614	-0.375533	-0.341647	-0.43119	-0.384231	-0.361527	-0.358638	-0.369944	-0.352599	-0.463265	-0.381058	-0.385818	-0.429898	-0.346191	-0.397871	-0.491725	-0.359025	-0.372915	-0.463265	-0.32465	-0.399262	-0.387073	-0.360967	-0.364227	-0.385971	-0.471743	-0.388303	-0.471743	-0.356625	-0.385971	-0.471743	-0.482354	-0.358567	-0.431587	-0.365598	-0.320578	-0.334844	-0.447225	-0.399262	-0.489881	-0.32444	-0.471497	-0.351859	-0.357465	-0.352031	-0.476289	-0.368714	-0.385818	-0.356625	-0.448559	-0.471497	-0.371648	-0.331544	-0.363153	-0.446806	-0.48295	-0.364465	-0.319573	-0.294878	-0.33013	-0.39772	-0.377822	-0.311766	-0.311766	-0.331021	-0.34472	-0.355709	-0.332482	-0.456803	-0.384576	-0.410107	-0.438234	-0.404213	-0.47688	-0.487994	-0.431587	-0.385986	-0.371648	-0.372333	-0.355709	-0.480231	-0.444422	-0.3566	-0.463335	-0.346876	-0.359493	-0.44403	-0.463265	-0.385818	-0.333462	-0.319573	-0.352599	-0.468446	-0.28095	-0.362725	-0.47156	-0.483138	-0.418505	-0.353431	-0.404985	-0.374922	-0.388727	-0.463335	-0.338946	-0.37284	-0.379993	-0.32159	-0.455808	-0.320364	-0.463335	-0.485377	-0.346516	-0.39772	-0.355709	-0.445069	-0.356908	-0.4978	-0.361254	-0.385818	-0.365732	-0.360967	-0.360967	-0.351859	-0.353431	-0.484868	-0.346191	-0.457474	-0.341348	-0.393956	-0.355709	-0.444422	-0.385971	-0.321544	-0.362944	-0.362347	-0.364472	-0.343833	-0.320578	-0.364472	-0.363153	-0.385053	-0.49757	-0.376323	-0.360005	-0.478673	-0.385971	-0.365852	-0.400744	-0.393956	-0.373774	-0.360875	-0.332419	-0.463265	-0.37284	-0.379	-0.399262	-0.374846	-0.400744	-0.471743	-0.463335	-0.463265	-0.320578	-0.332482	-0.375	-0.425993	-0.395456	-0.471497	-0.331021	-0.370427	-0.323648	-0.323648	-0.364733	-0.366598	-0.352599	-0.45118	-0.372891	-0.369706	-0.405222	-0.330438	-0.419231	-0.37284	-0.471497	-0.471743	-0.380343	-0.333462	-0.39149	-0.373805	-0.425795	-0.431587	-0.37598	-0.37156	-0.380635	-0.376888	-0.352067	-0.32465	-0.330699	-0.346051	-0.294878	-0.331647	-0.307103	-0.329069	-0.320462	-0.339361	-0.362944	-0.429898	-0.384123
82000	intercept	0.486555	0.442369	0.477025	0.415088	0.412985	0.461575	0.457252	0.385028	0.445387	0.413217	0.462239	0.490261	0.448283	0.390916	0.447208	0.482629	0.441254	0.442383	0.436762	0.447519	0.440042	0.485528	0.444721	0.495896	0.409901	0.422316	0.474064	0.397212	0.478781	0.410999	0.489507	0.407682	0.385454	0.383136	0.48262	0.498541	0.516994	0.375461	0.440674	0.477364	0.440064	0.505537	0.455057	0.486687	0.427919	0.470655	0.493216	0.440211	0.475425	0.431423	0.403636	0.44387	0.505087	0.435549	0.440703	0.373923	0.454697	0.482696	0.420639	0.484965	0.487577	0.405831	0.448035	0.4075	0.421109	0.46106	0.470691	0.479433	0.43795	0.4846	0.453215	0.423469	0.45762	0.444802	0.480947	0.362201	0.469869	0.425277	0.429287	0.482824	0.398947	0.474195	0.413117	0.455949	0.436228	0.475219	0.413117	0.470552	0.526461	0.453329	0.420821	0.474513	0.394798	0.438296	0.433015	0.4796	0.458117	0.475343	0.423207	0.410707	0.435854	0.440083	0.377031	0.373105	0.460744	0.456835	0.423176	0.421428	0.47324	0.479452	0.451832	0.437073	0.516996	0.356305	0.352646	0.411243	0.484535	0.527714	0.479071	0.439289	0.457593	0.480468	0.474899	0.396179	0.429352	0.418969	0.482872	0.481186	0.484248	0.445368	0.454344	0.402512	0.411861	0.480017	0.441902	0.43379	0.457141	0.453569	0.368754	0.491155	0.421765	0.430285	0.411889	0.44299	0.44388	0.413138	0.453209	0.39542	0.379986	0.467008	0.488255	0.462606	0.486366	0.429832	0.48597	0.434096	0.492549	0.353783	0.534932	0.425863	0.494994	0.443721	0.433483	0.431014	0.409934	0.433462	0.479679	0.442414	0.436673	0.419014	0.470947	0.488385	0.454958	0.414557	0.409687	0.402084	0.488177	0.415171	0.429352	0.396066	0.438391	0.478963	0.409561	0.418496	0.430735	0.451344	0.482299	0.407906	0.47552	0.475392	0.479799	0.447597	0.408907	0.455392	0.389181	0.43841	0.378568	0.477697	0.424336	0.432748	0.44246	0.435784	0.474828	0.493053	0.449086	0.481141	0.44789	0.411857	0.435162	0.509813	0.421695	0.446721	0.491557	0.381261	0.442369	0.429863	0.460849	0.44246	0.442369	0.531056	0.443206	0.526884	0.394623	0.442369	0.524188	0.533783	0.437676	0.47241	0.477504	0.360889	0.418586	0.475185	0.442369	0.518788	0.410871	0.526755	0.44246	0.450092	0.452578	0.538077	0.431442	0.463193	0.394623	0.491557	0.528734	0.464319	0.414661	0.423264	0.491557	0.537815	0.419573	0.349348	0.368783	0.432661	0.42172	0.435162	0.335902	0.335902	0.334678	0.440209	0.394623	0.432343	0.520627	0.485124	0.461296	0.512035	0.42172	0.538633	0.531166	0.476784	0.45024	0.464319	0.45242	0.374795	0.538702	0.512493	0.439384	0.51566	0.334678	0.435784	0.476784	0.491557	0.481141	0.420676	0.329093	0.465609	0.491557	0.368593	0.446721	0.51566	0.493811	0.461296	0.397722	0.446859	0.45242	0.42299	0.51566	0.410871	0.435685	0.423893	0.377407	0.53121	0.387962	0.512035	0.531166	0.426965	0.42172	0.37739	0.507318	0.416243	0.534221	0.437593	0.481141	0.40317	0.417145	0.430098	0.44246	0.402452	0.51248	0.411857	0.504165	0.367762	0.44246	0.374795	0.512493	0.442369	0.394556	0.43261	0.447693	0.431347	0.419044	0.360889	0.418816	0.420637	0.441453	0.531166	0.417313	0.43837	0.543972	0.442369	0.449517	0.411969	0.439041	0.426353	0.418697	0.455264	0.491557	0.435685	0.430567	0.443635	0.442491	0.411969	0.537153	0.51566	0.491557	0.37391	0.432661	0.433039	0.476784	0.485124	0.526755	0.334678	0.446452	0.37391	0.37391	0.441098	0.441962	0.465609	0.507318	0.417944	0.436869	0.513243	0.394256	0.467562	0.435932	0.522701	0.518694	0.435162	0.420676	0.442369	0.4382	0.476784	0.476784	0.441531	0.428923	0.485124	0.436869	0.425169	0.366527	0.432661	0.427554	0.355637	0.410871	0.323029	0.453767	0.394256	0.461508	0.43261	0.45834	0.45242
83000	slope	-0.382216	-0.432581	-0.357166	-0.402032	-0.407291	-0.39188	-0.495201	-0.346321	-0.382809	-0.38932	-0.378123	-0.343545	-0.407223	-0.451545	-0.34639	-0.383267	-0.410358	-0.349548	-0.390826	-0.389424	-0.332035	-0.370391	-0.444073	-0.391293	-0.393189	-0.447505	-0.357298	-0.431832	-0.417433	-0.389692	-0.467642	-0.470233	-0.471752	-0.391695	-0.381993	-0.383326	-0.417907	-0.404737	-0.45711	-0.352832	-0.467787	-0.371502	-0.369054	-0.304769	-0.373109	-0.431888	-0.399599	-0.412435	-0.343069	-0.448345	-0.425947	-0.375576	-0.349605	-0.393472	-0.358743	-0.409686	-0.378283	-0.39724	-0.280669	-0.381229	-0.414268	-0.403971	-0.413933	-0.39047	-0.404849	-0.344471	-0.420951	-0.371131	-0.430295	-0.390434	-0.339734	-0.3633	-0.424832	-0.436003	-0.369072	-0.296044	-0.417611	-0.458932	-0.411529	-0.381703	-0.450819	-0.404876	-0.423501	-0.393378	-0.41751	-0.340174	-0.397722	-0.400943	-0.402097	-0.434847	-0.445428	-0.37805	-0.370258	-0.34397	-0.483288	-0.423113	-0.384272	-0.447616	-0.390884	-0.413719	-0.378061	-0.342853	-0.381017	-0.402095	-0.4252	-0.329997	-0.42767	-0.34364	-0.342768	-0.373152	-0.338219	-0.389364	-0.405092	-0.427104	-0.367613	-0.372456	-0.438416	-0.383252	-0.434028	-0.384934	-0.393625	-0.402133	-0.422867	-0.362983	-0.431309	-0.407222	-0.397516	-0.385	-0.372456	-0.382495	-0.369563	-0.47479	-0.364456	-0.3285	-0.364873	-0.419676	-0.428331	-0.456869	-0.348173	-0.391393	-0.367497	-0.421819	-0.34912	-0.354304	-0.414911	-0.382806	-0.389285	-0.373806	-0.378997	-0.397843	-0.367642	-0.45282	-0.41746	-0.398768	-0.401881	-0.399054	-0.31517	-0.451391	-0.322392	-0.399753	-0.351079	-0.383761	-0.415336	-0.479405	-0.424243	-0.329202	-0.469416	-0.419962	-0.39787	-0.393567	-0.406574	-0.404593	-0.373149	-0.464989	-0.342802	-0.454486	-0.373813	-0.411895	-0.410128	-0.304365	-0.386526	-0.414602	-0.416212	-0.374713	-0.351192	-0.349707	-0.395773	-0.422132	-0.342609	-0.338733	-0.307947	-0.359293	-0.355647	-0.330195	-0.408482	-0.344812	-0.429384	-0.33988	-0.390719	-0.425788	-0.410241	-0.452813	-0.412043	-0.336539	-0.357319	-0.396475	-0.441423	-0.383401	-0.333371	-0.424973	-0.377702	-0.374615	-0.461149	-0.441879	-0.296969	-0.427833	-0.5	-0.391967	-0.457315	-0.410159	-0.328674	-0.372387	-0.318435	-0.478633	-0.48836	-0.457651	-0.377772	-0.427411	-0.286278	-0.36232	-0.385374	-0.326559	-0.472813	-0.326559	-0.388737	-0.362245	-0.38785	-0.323397	-0.377702	-0.336539	-0.362797	-0.311004	-0.468003	-0.410241	-0.38456	-0.441115	-0.472813	-0.4683	-0.363066	-0.314336	-0.460762	-0.385374	-0.396475	-0.492132	-0.466635	-0.468003	-0.472316	-0.319279	-0.415481	-0.375976	-0.313435	-0.314336	-0.289452	-0.302657	-0.439553	-0.296969	-0.412743	-0.321461	-0.400172	-0.447622	-0.329563	-0.351387	-0.373502	-0.321461	-0.369801	-0.463034	-0.381517	-0.38785	-0.385374	-0.313382	-0.295118	-0.388911	-0.466592	-0.410241	-0.382684	-0.362397	-0.444157	-0.364639	-0.424973	-0.41473	-0.364421	-0.38033	-0.362898	-0.384752	-0.487463	-0.442847	-0.357495	-0.37152	-0.362898	-0.345952	-0.378654	-0.32592	-0.32592	-0.462296	-0.307962	-0.376018	-0.373502	-0.362874	-0.362898	-0.408677	-0.418324	-0.295118	-0.469916	-0.326559	-0.338351	-0.383573	-0.457315	-0.440855	-0.357319	-0.412043	-0.411358	-0.367101	-0.286278	-0.441423	-0.410568	-0.387835	-0.438692	-0.373502	-0.425966	-0.418324	-0.457651	-0.455268	-0.290069	-0.335479	-0.301367	-0.383401	-0.381636	-0.357319	-0.362898	-0.387845	-0.369582	-0.425805	-0.400172	-0.372387	-0.371558	-0.425805	-0.350982	-0.367101	-0.462121	-0.362898	-0.359889	-0.437617	-0.489185	-0.469916	-0.424457	-0.476692	-0.410241	-0.328674	-0.452011	-0.408424	-0.344602	-0.307962	-0.345801	-0.38456	-0.469124	-0.335723	-0.409119	-0.457651	-0.446219	-0.434785	-0.445428	-0.412043	-0.314309	-0.457651	-0.452813	-0.456909	-0.321461	-0.376018	-0.362898	-0.530577	-0.410568	-0.363066	-0.336539	-0.313446	-0.444157	-0.301367	-0.307962	-0.349944	-0.360216	-0.38537	-0.37034	-0.339031	-0.369801	-0.391967	-0.362303	-0.286278	-0.357319	-0.414532	-0.439248	-0.402455
83000	intercept	0.43817	0.471891	0.427521	0.428952	0.435115	0.435671	0.515209	0.419661	0.468013	0.436921	0.456883	0.457992	0.436501	0.487352	0.402826	0.431259	0.447988	0.462975	0.459264	0.450324	0.410367	0.390143	0.515874	0.425851	0.448247	0.512578	0.436553	0.445089	0.47674	0.432455	0.511366	0.525834	0.541207	0.448883	0.432484	0.438932	0.478628	0.437234	0.513181	0.433503	0.471796	0.432159	0.466454	0.38704	0.447167	0.485864	0.448233	0.482538	0.383025	0.480291	0.45873	0.4244	0.401184	0.499858	0.459141	0.463322	0.397135	0.449801	0.365586	0.419104	0.456114	0.426566	0.46243	0.4335	0.475663	0.413897	0.443768	0.420758	0.488483	0.438694	0.386462	0.419877	0.479748	0.491371	0.450591	0.359694	0.456092	0.484619	0.454617	0.433279	0.492242	0.455072	0.477803	0.427372	0.46477	0.380998	0.440631	0.483356	0.466566	0.467243	0.461354	0.423607	0.43068	0.383926	0.525002	0.452289	0.448507	0.521175	0.433498	0.477078	0.429209	0.413827	0.434656	0.415414	0.476552	0.398358	0.49832	0.386344	0.455829	0.44645	0.436814	0.458919	0.452143	0.53877	0.430896	0.431145	0.472443	0.433398	0.476111	0.425463	0.432098	0.442623	0.493638	0.41159	0.488575	0.465968	0.455985	0.442952	0.459454	0.434186	0.435357	0.502169	0.383202	0.380315	0.420275	0.462008	0.493977	0.503377	0.411204	0.439486	0.441622	0.46968	0.394933	0.4254	0.461548	0.423307	0.435381	0.461408	0.424525	0.467418	0.444939	0.465124	0.478482	0.444287	0.434165	0.402554	0.394303	0.528615	0.377984	0.434316	0.417976	0.441546	0.439659	0.510648	0.453503	0.372423	0.524084	0.487591	0.450668	0.433232	0.479273	0.44821	0.444431	0.484177	0.399691	0.457531	0.443319	0.479049	0.45584	0.347624	0.442003	0.487982	0.489728	0.443796	0.411701	0.424935	0.449427	0.491167	0.414603	0.366086	0.356344	0.448156	0.377436	0.421122	0.447389	0.395336	0.470868	0.421311	0.472274	0.469483	0.420319	0.49094	0.414887	0.428824	0.434821	0.43494	0.485167	0.449519	0.411189	0.43355	0.447191	0.428662	0.57019	0.461645	0.377417	0.45044	0.47916	0.446531	0.493701	0.52174	0.42879	0.447883	0.461379	0.522423	0.507346	0.474978	0.445807	0.477244	0.346334	0.416307	0.419601	0.393176	0.477105	0.393176	0.450237	0.424668	0.43717	0.412057	0.447191	0.424304	0.470067	0.353209	0.521487	0.420319	0.44525	0.518896	0.477105	0.509948	0.427125	0.3735	0.521487	0.422939	0.429543	0.517861	0.477585	0.519687	0.521586	0.352355	0.449303	0.425921	0.424861	0.393176	0.346334	0.346334	0.498595	0.380732	0.451437	0.412057	0.428829	0.52397	0.413455	0.430894	0.446145	0.412057	0.489631	0.530856	0.441724	0.43717	0.419601	0.469838	0.357747	0.437543	0.524567	0.420319	0.441646	0.474137	0.52397	0.435778	0.43355	0.427635	0.434821	0.419601	0.441996	0.434543	0.567251	0.518896	0.475203	0.434784	0.441996	0.400946	0.429626	0.335271	0.335271	0.52683	0.314113	0.434821	0.446145	0.428878	0.441996	0.449303	0.421828	0.341971	0.487027	0.393176	0.459286	0.438743	0.493701	0.511817	0.409378	0.434208	0.449303	0.464853	0.346334	0.485167	0.503918	0.465932	0.456628	0.446145	0.530972	0.421828	0.510569	0.484517	0.365937	0.447215	0.383639	0.449519	0.424067	0.434821	0.441996	0.404714	0.423875	0.450258	0.428829	0.447883	0.435495	0.450258	0.414296	0.440003	0.471978	0.441996	0.454285	0.456628	0.517861	0.488249	0.530972	0.506096	0.420319	0.42879	0.477585	0.451437	0.427742	0.346334	0.438311	0.459512	0.515482	0.417158	0.426952	0.490512	0.489898	0.528762	0.452596	0.434208	0.365937	0.500403	0.49094	0.504452	0.412057	0.434821	0.441996	0.490995	0.503918	0.427125	0.414806	0.377417	0.52397	0.383639	0.314113	0.430894	0.434618	0.418401	0.462484	0.398351	0.477306	0.446531	0.426353	0.346334	0.434821	0.446302	0.52397	0.426352
84000	slope	-0.435946	-0.346226	-0.424139	-0.39931	-0.408832	-0.43774	-0.390395	-0.406311	-0.395128	-0.385014	-0.447688	-0.353681	-0.450998	-0.410433	-0.349234	-0.417724	-0.401084	-0.408709	-0.414069	-0.36231	-0.439199	-0.460169	-0.390729	-0.400982	-0.432176	-0.381747	-0.405005	-0.398241	-0.419602	-0.355638	-0.392955	-0.413374	-0.437435	-0.474771	-0.444173	-0.470415	-0.443333	-0.403418	-0.408913	-0.465006	-0.474904	-0.428998	-0.413457	-0.396086	-0.401677	-0.405894	-0.408079	-0.373973	-0.400121	-0.44091	-0.461645	-0.44629	-0.424721	-0.402068	-0.390832	-0.455319	-0.404367	-0.398314	-0.452988	-0.417552	-0.381639	-0.343262	-0.40004	-0.427835	-0.457533	-0.330366	-0.371677	-0.504101	-0.434162	-0.379503	-0.344323	-0.443395	-0.343781	-0.448242	-0.330587	-0.354315	-0.367159	-0.435981	-0.373416	-0.471851	-0.401978	-0.491868	-0.452999	-0.429464	-0.383884	-0.423357	-0.447768	-0.371057	-0.453534	-0.375747	-0.445599	-0.441596	-0.365132	-0.407439	-0.44436	-0.409337	-0.38976	-0.373536	-0.423202	-0.398514	-0.433789	-0.377226	-0.409092	-0.328629	-0.368726	-0.309741	-0.384611	-0.403168	-0.398629	-0.384605	-0.40067	-0.423026	-0.387196	-0.34644	-0.309741	-0.420115	-0.450138	-0.420126	-0.365191	-0.376949	-0.375984	-0.412753	-0.401122	-0.398853	-0.374371	-0.461174	-0.390077	-0.404211	-0.384772	-0.430066	-0.370467	-0.355613	-0.409689	-0.431585	-0.352027	-0.405368	-0.415735	-0.442528	-0.461699	-0.402717	-0.396263	-0.436152	-0.465834	-0.354652	-0.361661	-0.445996	-0.332245	-0.450804	-0.449302	-0.411184	-0.444381	-0.459188	-0.391004	-0.45302	-0.38368	-0.407164	-0.43347	-0.384091	-0.421718	-0.399633	-0.446873	-0.480398	-0.397204	-0.46562	-0.399942	-0.419908	-0.463696	-0.359037	-0.388778	-0.365252	-0.413507	-0.394097	-0.365861	-0.393936	-0.390975	-0.388007	-0.450403	-0.465104	-0.431023	-0.376024	-0.411608	-0.490236	-0.41876	-0.393709	-0.413333	-0.445391	-0.385345	-0.390302	-0.401208	-0.401511	-0.469193	-0.381547	-0.40189	-0.394919	-0.42212	-0.399626	-0.436607	-0.359258	-0.389424	-0.436607	-0.360939	-0.457007	-0.386211	-0.439687	-0.457313	-0.365289	-0.396893	-0.492421	-0.43569	-0.469251	-0.318107	-0.388475	-0.441207	-0.430525	-0.409696	-0.286107	-0.36564	-0.429928	-0.436789	-0.422026	-0.365289	-0.356151	-0.389966	-0.340547	-0.469475	-0.368921	-0.417206	-0.35394	-0.406054	-0.42993	-0.471109	-0.378003	-0.342625	-0.42412	-0.361972	-0.439687	-0.461894	-0.417206	-0.450378	-0.342625	-0.411592	-0.363857	-0.369663	-0.433012	-0.492421	-0.459089	-0.492421	-0.459169	-0.503285	-0.378003	-0.505653	-0.368473	-0.388757	-0.505653	-0.416445	-0.444446	-0.427955	-0.33261	-0.485124	-0.368432	-0.406049	-0.441802	-0.367519	-0.31855	-0.360939	-0.434711	-0.480753	-0.493868	-0.429928	-0.357064	-0.360119	-0.459089	-0.350981	-0.344171	-0.355723	-0.361643	-0.364849	-0.436493	-0.348373	-0.373846	-0.422686	-0.362243	-0.411071	-0.444056	-0.35394	-0.491868	-0.400184	-0.353345	-0.46464	-0.489814	-0.468859	-0.461894	-0.444056	-0.531472	-0.271109	-0.489947	-0.4801	-0.449833	-0.448664	-0.341663	-0.389966	-0.461247	-0.461643	-0.455489	-0.38038	-0.473029	-0.33261	-0.43134	-0.472122	-0.343151	-0.422026	-0.37624	-0.436789	-0.327854	-0.394349	-0.560304	-0.472122	-0.396976	-0.442947	-0.391819	-0.360494	-0.36564	-0.468859	-0.411071	-0.430896	-0.435387	-0.350768	-0.360939	-0.488963	-0.339349	-0.41041	-0.471287	-0.462622	-0.389966	-0.318107	-0.41041	-0.430525	-0.434009	-0.448875	-0.405196	-0.505092	-0.394349	-0.33261	-0.389401	-0.378003	-0.362243	-0.38038	-0.330178	-0.449678	-0.496361	-0.397411	-0.359818	-0.456581	-0.459089	-0.439687	-0.396976	-0.492279	-0.374107	-0.403707	-0.357064	-0.37237	-0.502184	-0.35394	-0.491868	-0.404981	-0.346959	-0.345091	-0.405196	-0.449755	-0.36564	-0.367062	-0.457313	-0.355927	-0.425789	-0.458541	-0.417181	-0.361643	-0.451085	-0.378938	-0.426899	-0.493868	-0.360494	-0.364564	-0.391792	-0.45751	-0.342625	-0.492421	-0.462809	-0.480753	-0.363962	-0.480753	-0.444938	-0.502184	-0.364564	-0.373869	-0.370828	-0.430178	-0.430896	-0.438145	-0.341934
84000	intercept	0.485694	0.447376	0.47237	0.465433	0.467595	0.45993	0.430433	0.471446	0.471297	0.45686	0.500404	0.446879	0.504636	0.43938	0.452731	0.449689	0.474644	0.477425	0.471927	0.44225	0.510211	0.526077	0.43962	0.470014	0.481818	0.445815	0.429954	0.484113	0.503831	0.438304	0.445085	0.433626	0.475905	0.532669	0.51419	0.536382	0.462045	0.456901	0.466848	0.497335	0.54191	0.498932	0.461546	0.458521	0.481559	0.465438	0.481952	0.412883	0.441085	0.48318	0.504362	0.486717	0.493488	0.466687	0.477992	0.453354	0.48398	0.48236	0.504242	0.461723	0.442742	0.42719	0.458965	0.476686	0.509807	0.411256	0.460224	0.528218	0.476041	0.434779	0.426911	0.487939	0.408362	0.463212	0.406708	0.453805	0.428073	0.498676	0.423175	0.522504	0.467035	0.542349	0.470677	0.478545	0.437244	0.474152	0.481147	0.446769	0.438222	0.451289	0.507981	0.468886	0.442479	0.482648	0.49977	0.469247	0.466637	0.421662	0.485637	0.455598	0.487324	0.427122	0.466973	0.412784	0.447631	0.396096	0.47139	0.478782	0.431057	0.443908	0.469647	0.470693	0.442352	0.423516	0.398482	0.497829	0.516085	0.496633	0.401477	0.419719	0.441379	0.485853	0.483256	0.456474	0.415554	0.512598	0.419431	0.470315	0.458728	0.468679	0.421928	0.444611	0.469291	0.495331	0.42825	0.457291	0.471758	0.504046	0.495969	0.43593	0.468848	0.440995	0.444485	0.433176	0.4438	0.480469	0.38758	0.511538	0.485915	0.490135	0.513725	0.496259	0.481578	0.526252	0.446947	0.43452	0.481632	0.453392	0.489229	0.473177	0.504977	0.510542	0.483923	0.535694	0.474812	0.483683	0.506833	0.437899	0.421254	0.415299	0.478806	0.460826	0.429043	0.449559	0.471402	0.480223	0.481471	0.486716	0.495551	0.440787	0.466632	0.544101	0.481635	0.461275	0.446469	0.490307	0.466728	0.465053	0.455255	0.449611	0.512519	0.425497	0.459573	0.456823	0.437103	0.464599	0.505829	0.432725	0.446296	0.499367	0.440662	0.5225	0.427473	0.484978	0.501519	0.447967	0.488264	0.531927	0.496021	0.54511	0.389679	0.464144	0.483376	0.502184	0.4721	0.374965	0.470658	0.456403	0.507394	0.475398	0.447967	0.463044	0.444263	0.404834	0.51828	0.420585	0.435314	0.42722	0.47143	0.505273	0.560827	0.420026	0.443187	0.428599	0.423667	0.484978	0.448691	0.447099	0.503288	0.449011	0.494112	0.426002	0.433438	0.459785	0.531927	0.5108	0.539951	0.488494	0.537217	0.420026	0.502661	0.446327	0.435138	0.502661	0.532226	0.431656	0.497365	0.401516	0.519597	0.447967	0.420015	0.498136	0.412638	0.384321	0.44219	0.485616	0.524325	0.509215	0.485244	0.407276	0.464173	0.482429	0.428603	0.398103	0.428603	0.466356	0.430655	0.485979	0.423271	0.412638	0.488264	0.424163	0.447524	0.423793	0.426625	0.539187	0.450414	0.455301	0.448691	0.556135	0.493384	0.448691	0.423793	0.523197	0.367058	0.550229	0.511917	0.513979	0.48994	0.422059	0.440231	0.496815	0.525818	0.474752	0.396973	0.548896	0.401516	0.488264	0.495799	0.432832	0.475398	0.401251	0.507394	0.425553	0.425531	0.545881	0.495799	0.455803	0.510556	0.455803	0.452552	0.467568	0.466645	0.447524	0.510556	0.507394	0.442382	0.440662	0.542912	0.42148	0.433298	0.455738	0.444789	0.445546	0.389679	0.433298	0.502184	0.512277	0.505064	0.488264	0.554073	0.436623	0.401516	0.446786	0.420026	0.442988	0.396973	0.389679	0.484239	0.548142	0.45972	0.442866	0.519858	0.5108	0.484978	0.446651	0.531927	0.428581	0.437144	0.407276	0.442187	0.548142	0.42722	0.539187	0.486497	0.42148	0.425553	0.488264	0.505273	0.467568	0.411151	0.501519	0.442965	0.484342	0.525155	0.488264	0.466356	0.499332	0.435513	0.504672	0.509215	0.452552	0.435432	0.469245	0.483866	0.442078	0.531927	0.422168	0.524325	0.44513	0.524325	0.488494	0.548142	0.440446	0.412638	0.462722	0.488254	0.510556	0.447761	0.432832
85000	slope	-0.375519	-0.391156	-0.413539	-0.39853	-0.392398	-0.438059	-0.405436	-0.397491	-0.390071	-0.422434	-0.377218	-0.427878	-0.386295	-0.367261	-0.381347	-0.416965	-0.381132	-0.355077	-0.395908	-0.367424	-0.403341	-0.390942	-0.393258	-0.402609	-0.329758	-0.368897	-0.389605	-0.39087	-0.375616	-0.398358	-0.433493	-0.394091	-0.422425	-0.393803	-0.412559	-0.411338	-0.392201	-0.376412	-0.394846	-0.38864	-0.379314	-0.409594	-0.446136	-0.373204	-0.370565	-0.404749	-0.384618	-0.351711	-0.421634	-0.410524	-0.413365	-0.41644	-0.454743	-0.401708	-0.377309	-0.40798	-0.398363	-0.391036	-0.425112	-0.427871	-0.40889	-0.405574	-0.451126	-0.37214	-0.404301	-0.429193	-0.422092	-0.428925	-0.425819	-0.318259	-0.342927	-0.391418	-0.443474	-0.398048	-0.381584	-0.445928	-0.367035	-0.324811	-0.360075	-0.427337	-0.395886	-0.448487	-0.424635	-0.412476	-0.37235	-0.359957	-0.401334	-0.430211	-0.377581	-0.395758	-0.399747	-0.416999	-0.351991	-0.406934	-0.318293	-0.398751	-0.424193	-0.428981	-0.378627	-0.386268	-0.43237	-0.354771	-0.413313	-0.333488	-0.364243	-0.42368	-0.426632	-0.36139	-0.414401	-0.385608	-0.399864	-0.375684	-0.37769	-0.364243	-0.347788	-0.423753	-0.445033	-0.418196	-0.42604	-0.47148	-0.352229	-0.4384	-0.404597	-0.430229	-0.412472	-0.420592	-0.414902	-0.442504	-0.358627	-0.412033	-0.440458	-0.375409	-0.397208	-0.405532	-0.403492	-0.473974	-0.429957	-0.454955	-0.4015	-0.450837	-0.448748	-0.410886	-0.386475	-0.383038	-0.419426	-0.427088	-0.396272	-0.373481	-0.342399	-0.44988	-0.33648	-0.405735	-0.371657	-0.372308	-0.413608	-0.390362	-0.340888	-0.38013	-0.410804	-0.375136	-0.473572	-0.384064	-0.365136	-0.431378	-0.398076	-0.441253	-0.408937	-0.421949	-0.336155	-0.417287	-0.440276	-0.374106	-0.384825	-0.396289	-0.344142	-0.413667	-0.384811	-0.382555	-0.430683	-0.43701	-0.418993	-0.403882	-0.378009	-0.324021	-0.370953	-0.393233	-0.409479	-0.393689	-0.435741	-0.406756	-0.384239	-0.386072	-0.382584	-0.341559	-0.390512	-0.403769	-0.401584	-0.42511	-0.367021	-0.426329	-0.428131	-0.430737	-0.361717	-0.475906	-0.354729	-0.400861	-0.417304	-0.430681	-0.419326	-0.444216	-0.382882	-0.406391	-0.406601	-0.44987	-0.45688	-0.415972	-0.475906	-0.442668	-0.471119	-0.440346	-0.384742	-0.410144	-0.460309	-0.373123	-0.407861	-0.373326	-0.350915	-0.444556	-0.380167	-0.418393	-0.421763	-0.400861	-0.368757	-0.325238	-0.430681	-0.382405	-0.374406	-0.442839	-0.373715	-0.436306	-0.419014	-0.368757	-0.368698	-0.471119	-0.332641	-0.368035	-0.465216	-0.388982	-0.410089	-0.475186	-0.399474	-0.430681	-0.390623	-0.482462	-0.320718	-0.390623	-0.460959	-0.362853	-0.371784	-0.375126	-0.419517	-0.452712	-0.400861	-0.42506	-0.410089	-0.371193	-0.427881	-0.419517	-0.436306	-0.475448	-0.373379	-0.373123	-0.336218	-0.469036	-0.43536	-0.333853	-0.413803	-0.431734	-0.436306	-0.444816	-0.29432	-0.384997	-0.352255	-0.457882	-0.399982	-0.362853	-0.386062	-0.429176	-0.469036	-0.354389	-0.510152	-0.467372	-0.43051	-0.361717	-0.369317	-0.440745	-0.373123	-0.388982	-0.42506	-0.29432	-0.361717	-0.442668	-0.436306	-0.382882	-0.444782	-0.436306	-0.460309	-0.357693	-0.474077	-0.350596	-0.452767	-0.409815	-0.399474	-0.467055	-0.436306	-0.377522	-0.441104	-0.477039	-0.467372	-0.44199	-0.29432	-0.44966	-0.466189	-0.350105	-0.430737	-0.460959	-0.402797	-0.323755	-0.350105	-0.469955	-0.389782	-0.332722	-0.46007	-0.379114	-0.320718	-0.350105	-0.429062	-0.374749	-0.469036	-0.430737	-0.471811	-0.400772	-0.475403	-0.346544	-0.419517	-0.44987	-0.412789	-0.371234	-0.400772	-0.452758	-0.430695	-0.385695	-0.45688	-0.381056	-0.47555	-0.374406	-0.332641	-0.436306	-0.397554	-0.388982	-0.335396	-0.374749	-0.42506	-0.436537	-0.399982	-0.410144	-0.399474	-0.357479	-0.426978	-0.358181	-0.371784	-0.373123	-0.421417	-0.419517	-0.380167	-0.44966	-0.379455	-0.460959	-0.460176	-0.444816	-0.44199	-0.380167	-0.374406	-0.460633	-0.444782	-0.444782	-0.423877	-0.303334	-0.382806	-0.368757	-0.364078	-0.464605	-0.38117	-0.384997	-0.446263	-0.323755	-0.380167	-0.44199	-0.341597	-0.378762
85000	intercept	0.430642	0.430647	0.491067	0.459123	0.455132	0.47105	0.451028	0.47	0.459645	0.515809	0.441761	0.47651	0.441368	0.444635	0.435033	0.474557	0.44497	0.426507	0.480898	0.423135	0.46231	0.443464	0.446073	0.446393	0.412245	0.431733	0.458243	0.454628	0.457531	0.456985	0.488934	0.455292	0.482998	0.447904	0.48626	0.457664	0.472386	0.435478	0.430182	0.465222	0.414995	0.458005	0.497793	0.438968	0.426116	0.46651	0.452792	0.396111	0.4802	0.472214	0.458224	0.479627	0.476712	0.43224	0.47157	0.438624	0.445074	0.462337	0.462017	0.472548	0.464176	0.466481	0.488698	0.429799	0.48006	0.482586	0.421368	0.489069	0.452666	0.387508	0.424476	0.452032	0.514748	0.433129	0.471956	0.511189	0.462517	0.402323	0.406651	0.46869	0.417561	0.527172	0.510135	0.469837	0.410315	0.428937	0.451743	0.491345	0.436918	0.423178	0.436698	0.487611	0.413668	0.451779	0.420102	0.466536	0.464312	0.508196	0.437607	0.475843	0.487214	0.408897	0.509295	0.410773	0.419927	0.474896	0.459605	0.426333	0.483	0.461128	0.481201	0.449885	0.409888	0.419927	0.430169	0.45693	0.503364	0.439618	0.488118	0.498234	0.432565	0.487331	0.468575	0.477904	0.464608	0.470436	0.450878	0.49935	0.432382	0.469364	0.488578	0.451916	0.446366	0.446312	0.468765	0.510144	0.529861	0.497496	0.440704	0.470004	0.48987	0.428448	0.477332	0.440139	0.442137	0.482984	0.44892	0.434898	0.435961	0.514567	0.430795	0.484242	0.416379	0.43527	0.461605	0.453883	0.408802	0.444061	0.419278	0.437861	0.50709	0.441051	0.441745	0.463636	0.442796	0.51853	0.507058	0.447362	0.409701	0.445178	0.451382	0.406955	0.460576	0.454019	0.405057	0.479222	0.456753	0.44895	0.467622	0.467193	0.442351	0.477234	0.445341	0.36906	0.411083	0.428417	0.455164	0.460107	0.505676	0.456995	0.449494	0.455594	0.45413	0.403994	0.479263	0.466757	0.464522	0.472329	0.432453	0.459859	0.520429	0.507835	0.420738	0.501054	0.416526	0.468575	0.545541	0.497459	0.493812	0.556122	0.428403	0.413509	0.520531	0.468485	0.502343	0.471893	0.512079	0.499024	0.521721	0.523831	0.437884	0.413509	0.489567	0.444418	0.401939	0.455845	0.438012	0.518856	0.454444	0.423533	0.522035	0.468575	0.380665	0.428195	0.497459	0.440681	0.419873	0.48138	0.447046	0.487607	0.453579	0.380665	0.447527	0.512083	0.42666	0.419784	0.502343	0.4191	0.465383	0.500956	0.437456	0.497459	0.455845	0.477174	0.374984	0.455845	0.484133	0.419784	0.458603	0.441993	0.506106	0.504809	0.473359	0.447637	0.462381	0.400642	0.505384	0.512763	0.487607	0.500956	0.405387	0.444418	0.350324	0.524634	0.477212	0.392709	0.455845	0.505384	0.487607	0.489717	0.422061	0.429454	0.419631	0.470517	0.489252	0.419784	0.408719	0.526368	0.521169	0.422775	0.479462	0.512083	0.47562	0.420738	0.427509	0.485397	0.444418	0.425578	0.459782	0.422061	0.420738	0.496764	0.487607	0.428403	0.501977	0.487607	0.489567	0.421036	0.504006	0.443473	0.482803	0.522035	0.437456	0.495413	0.487607	0.45585	0.512417	0.493839	0.512083	0.521323	0.422061	0.518856	0.501343	0.400743	0.501201	0.484239	0.502373	0.386063	0.408386	0.489625	0.4191	0.440554	0.469443	0.4202	0.374984	0.412326	0.505384	0.444618	0.499687	0.533354	0.465392	0.448055	0.521305	0.422609	0.510278	0.458696	0.426843	0.433004	0.436138	0.489717	0.505384	0.420695	0.502343	0.455845	0.517354	0.419873	0.42666	0.487607	0.4191	0.4191	0.421036	0.444618	0.447637	0.495501	0.489252	0.413509	0.437456	0.452577	0.47562	0.422254	0.449541	0.444418	0.46167	0.511783	0.454444	0.518856	0.426891	0.490866	0.53843	0.489717	0.526791	0.454444	0.419873	0.502343	0.501977	0.501977	0.505384	0.399079	0.434518	0.385676	0.405567	0.475645	0.415288	0.444367	0.512417	0.386063	0.454444	0.526791	0.406657	0.422554
86000	slope	-0.398939	-0.391999	-0.384378	-0.356005	-0.400508	-0.367287	-0.356845	-0.397535	-0.422524	-0.389132	-0.390538	-0.408251	-0.382886	-0.382196	-0.3881	-0.410562	-0.401354	-0.388552	-0.40829	-0.403485	-0.370097	-0.385783	-0.357392	-0.366528	-0.387519	-0.386718	-0.392755	-0.441055	-0.388885	-0.398471	-0.427513	-0.395863	-0.374965	-0.381624	-0.383558	-0.382613	-0.393292	-0.361536	-0.350741	-0.427005	-0.396298	-0.388566	-0.40193	-0.422855	-0.36155	-0.438316	-0.409556	-0.39826	-0.373726	-0.340475	-0.310053	-0.414688	-0.362253	-0.380717	-0.441102	-0.39682	-0.395878	-0.355078	-0.373592	-0.369133	-0.430032	-0.379054	-0.356039	-0.358731	-0.373011	-0.380997	-0.364211	-0.43578	-0.38287	-0.346686	-0.368427	-0.378769	-0.38927	-0.426238	-0.399325	-0.396544	-0.424617	-0.357512	-0.401063	-0.415355	-0.382773	-0.392022	-0.35243	-0.383111	-0.380496	-0.380617	-0.397365	-0.446533	-0.408704	-0.350797	-0.431475	-0.39239	-0.413689	-0.38887	-0.389749	-0.388148	-0.382232	-0.3535	-0.374168	-0.384596	-0.408083	-0.398488	-0.419507	-0.392077	-0.389867	-0.400629	-0.393352	-0.396804	-0.413749	-0.378292	-0.355466	-0.430009	-0.395681	-0.403424	-0.408907	-0.380759	-0.398333	-0.369264	-0.389975	-0.357315	-0.338221	-0.439112	-0.395275	-0.3836	-0.397805	-0.439524	-0.36617	-0.380616	-0.40241	-0.382286	-0.368072	-0.390262	-0.409963	-0.424157	-0.385095	-0.340641	-0.466379	-0.444496	-0.372808	-0.386336	-0.388039	-0.399841	-0.391976	-0.396863	-0.386322	-0.364423	-0.377774	-0.380171	-0.379026	-0.358223	-0.436526	-0.389373	-0.389635	-0.401552	-0.394947	-0.380745	-0.388229	-0.364434	-0.357587	-0.369973	-0.42504	-0.371001	-0.414981	-0.432295	-0.368504	-0.403764	-0.364677	-0.396278	-0.383003	-0.372961	-0.382513	-0.400187	-0.358524	-0.382182	-0.3751	-0.461035	-0.414442	-0.348192	-0.372213	-0.42667	-0.371602	-0.36438	-0.373076	-0.387657	-0.428776	-0.37586	-0.366096	-0.361167	-0.381729	-0.377218	-0.392228	-0.40927	-0.41408	-0.333524	-0.374443	-0.398386	-0.432353	-0.419995	-0.416828	-0.415012	-0.378082	-0.393025	-0.302828	-0.344312	-0.363847	-0.404465	-0.362582	-0.414324	-0.373904	-0.437083	-0.401757	-0.417821	-0.399027	-0.392065	-0.383982	-0.421574	-0.443042	-0.459292	-0.459292	-0.419653	-0.362582	-0.453273	-0.342192	-0.459292	-0.389344	-0.434589	-0.407442	-0.390365	-0.387262	-0.397391	-0.436986	-0.331828	-0.408592	-0.352119	-0.373904	-0.419653	-0.36619	-0.381126	-0.419936	-0.44552	-0.40906	-0.454474	-0.431985	-0.459107	-0.390794	-0.382878	-0.361001	-0.393955	-0.443042	-0.378082	-0.38315	-0.395332	-0.454844	-0.391307	-0.427961	-0.361276	-0.417039	-0.418851	-0.373938	-0.389344	-0.413895	-0.395332	-0.369355	-0.419653	-0.443042	-0.348819	-0.329601	-0.459292	-0.393472	-0.407442	-0.331828	-0.424539	-0.387561	-0.393472	-0.361276	-0.321158	-0.410089	-0.357281	-0.436986	-0.378082	-0.331828	-0.38315	-0.408592	-0.465868	-0.341975	-0.394438	-0.372306	-0.343381	-0.365026	-0.396713	-0.345137	-0.382878	-0.382878	-0.361276	-0.356352	-0.341975	-0.436986	-0.422046	-0.369885	-0.421107	-0.393472	-0.416091	-0.391307	-0.396217	-0.370569	-0.362877	-0.352119	-0.403423	-0.383982	-0.410089	-0.394174	-0.338905	-0.424539	-0.477443	-0.423536	-0.329601	-0.391864	-0.351429	-0.382972	-0.473556	-0.344312	-0.390788	-0.445832	-0.412126	-0.408665	-0.402425	-0.462513	-0.369355	-0.331828	-0.390794	-0.387066	-0.487528	-0.354547	-0.389942	-0.37527	-0.343381	-0.37527	-0.362582	-0.335729	-0.454844	-0.365802	-0.387855	-0.364655	-0.427961	-0.405689	-0.341975	-0.40906	-0.483196	-0.364164	-0.32968	-0.444937	-0.414324	-0.398	-0.387262	-0.373904	-0.348819	-0.331622	-0.434589	-0.369355	-0.351429	-0.427961	-0.373904	-0.413895	-0.443657	-0.387262	-0.420434	-0.404657	-0.389344	-0.459292	-0.477605	-0.329601	-0.445761	-0.382666	-0.381126	-0.362582	-0.380275	-0.389344	-0.39412	-0.373904	-0.329601	-0.32968	-0.395556	-0.42344	-0.408665	-0.390788	-0.377747	-0.420657	-0.405011	-0.382878	-0.344312	-0.361276	-0.363033	-0.436671	-0.390975	-0.409263	-0.370502	-0.341975	-0.362582	-0.392065	-0.339457
86000	intercept	0.427149	0.427939	0.436616	0.431886	0.460213	0.433971	0.458655	0.438648	0.484523	0.423381	0.453072	0.435239	0.456284	0.432915	0.468957	0.443822	0.455018	0.418879	0.46187	0.429795	0.422958	0.43707	0.413796	0.439281	0.435903	0.445134	0.443901	0.467404	0.458228	0.435006	0.469256	0.426546	0.476261	0.410067	0.44352	0.469057	0.436645	0.431955	0.439989	0.470147	0.443474	0.446656	0.471373	0.457626	0.418787	0.479189	0.453227	0.464573	0.431561	0.437686	0.400881	0.480054	0.478666	0.452426	0.513381	0.437206	0.450398	0.408122	0.443848	0.432558	0.465887	0.433465	0.454416	0.47829	0.454383	0.446101	0.440721	0.469329	0.457767	0.45125	0.478349	0.460982	0.461546	0.463349	0.481552	0.456639	0.459765	0.409218	0.447112	0.462925	0.419924	0.469623	0.425472	0.465157	0.460181	0.435146	0.477623	0.458607	0.510305	0.428502	0.470145	0.451337	0.442821	0.435692	0.41917	0.452814	0.457174	0.412418	0.459396	0.434733	0.456181	0.480023	0.498557	0.452094	0.447509	0.507929	0.441324	0.471749	0.420294	0.442297	0.451598	0.473818	0.481208	0.44565	0.442307	0.420199	0.478321	0.43422	0.444017	0.415923	0.392144	0.483896	0.44472	0.438637	0.45312	0.462031	0.412258	0.43922	0.453016	0.46219	0.416799	0.442107	0.473862	0.469868	0.450395	0.44258	0.479531	0.44532	0.405051	0.4441	0.460096	0.453058	0.435427	0.436707	0.430329	0.422368	0.446158	0.423563	0.445038	0.424272	0.487293	0.438365	0.42683	0.469186	0.415173	0.480668	0.441829	0.411939	0.425047	0.445721	0.471993	0.453005	0.464785	0.484822	0.415224	0.501388	0.435485	0.491745	0.447821	0.455538	0.455357	0.459141	0.404217	0.401862	0.434994	0.503221	0.474285	0.411887	0.453061	0.491957	0.427412	0.436839	0.421504	0.449353	0.496944	0.450098	0.4438	0.421683	0.487953	0.455628	0.438871	0.508965	0.495108	0.388091	0.425423	0.441162	0.470337	0.453863	0.488813	0.445155	0.446875	0.444968	0.391182	0.402854	0.447609	0.437884	0.446875	0.461215	0.398669	0.497454	0.471435	0.442279	0.453808	0.460917	0.382863	0.466853	0.457056	0.519604	0.519604	0.498812	0.446875	0.503912	0.455587	0.519604	0.415845	0.457056	0.427445	0.424381	0.415208	0.427675	0.457282	0.381877	0.44661	0.44671	0.398669	0.506387	0.411954	0.467246	0.458196	0.476032	0.417252	0.505554	0.461215	0.496603	0.451001	0.411569	0.479174	0.398964	0.457056	0.430589	0.429657	0.427633	0.520033	0.460495	0.457056	0.504658	0.49305	0.457056	0.439229	0.415845	0.471435	0.411526	0.399647	0.500323	0.457056	0.448096	0.401122	0.519604	0.441187	0.441238	0.381877	0.461856	0.409523	0.459508	0.476465	0.384999	0.440489	0.450346	0.457013	0.446875	0.381877	0.429657	0.430449	0.527626	0.379728	0.446047	0.463296	0.49719	0.445109	0.412564	0.442149	0.410889	0.410889	0.504658	0.482145	0.379728	0.457013	0.469824	0.443165	0.465521	0.44193	0.473624	0.460495	0.472083	0.428164	0.46534	0.44671	0.466853	0.382863	0.440489	0.427445	0.411358	0.461856	0.525465	0.458196	0.396528	0.449649	0.393789	0.410889	0.503254	0.402854	0.424381	0.503793	0.523344	0.463994	0.43207	0.50241	0.414182	0.381877	0.451001	0.472083	0.484947	0.425033	0.428164	0.478851	0.49719	0.488792	0.429506	0.411498	0.522195	0.443692	0.465151	0.398924	0.457056	0.440331	0.379728	0.417252	0.525465	0.485123	0.366398	0.470833	0.466853	0.403965	0.423712	0.398669	0.450715	0.49719	0.457056	0.399647	0.391767	0.457056	0.398669	0.471435	0.522453	0.416952	0.490259	0.450768	0.415845	0.519604	0.50457	0.396528	0.484627	0.435116	0.467246	0.446875	0.449334	0.415845	0.429657	0.398669	0.401122	0.366398	0.444125	0.50902	0.466437	0.424381	0.451001	0.442279	0.448211	0.410889	0.402854	0.504658	0.418781	0.457013	0.424168	0.44661	0.428961	0.379728	0.446875	0.460917	0.431797
87000	slope	-0.386178	-0.405371	-0.369972	-0.371716	-0.364211	-0.343019	-0.359694	-0.430178	-0.390934	-0.379244	-0.365871	-0.40988	-0.419261	-0.412471	-0.397358	-0.435344	-0.384193	-0.427897	-0.354308	-0.402175	-0.37414	-0.40987	-0.395455	-0.37106	-0.363182	-0.417308	-0.390001	-0.394591	-0.37475	-0.415066	-0.448103	-0.398134	-0.403002	-0.400385	-0.390314	-0.408443	-0.36018	-0.359775	-0.387242	-0.400068	-0.402728	-0.422299	-0.430829	-0.376101	-0.426348	-0.407494	-0.395402	-0.391782	-0.365858	-0.382961	-0.390781	-0.401733	-0.412833	-0.384231	-0.40448	-0.378145	-0.370594	-0.39014	-0.37511	-0.408627	-0.409172	-0.39123	-0.341828	-0.419603	-0.417951	-0.386086	-0.433747	-0.403313	-0.424434	-0.389824	-0.343019	-0.39332	-0.377791	-0.388794	-0.438171	-0.401882	-0.38462	-0.415057	-0.372228	-0.376406	-0.377939	-0.357109	-0.395103	-0.422912	-0.370838	-0.389519	-0.39745	-0.381691	-0.424431	-0.386972	-0.411807	-0.421958	-0.412594	-0.376208	-0.397535	-0.377888	-0.354804	-0.410096	-0.348278	-0.398494	-0.407138	-0.343858	-0.406805	-0.363597	-0.394425	-0.381832	-0.398504	-0.452495	-0.420497	-0.398777	-0.39377	-0.426267	-0.379014	-0.399466	-0.415283	-0.370185	-0.397841	-0.402977	-0.400946	-0.402301	-0.402791	-0.442759	-0.39998	-0.409543	-0.390832	-0.388685	-0.413173	-0.358497	-0.374546	-0.418487	-0.400915	-0.372632	-0.412052	-0.406736	-0.411333	-0.395453	-0.37185	-0.394943	-0.376752	-0.365623	-0.357097	-0.392061	-0.429431	-0.392132	-0.426029	-0.395655	-0.400085	-0.402707	-0.402346	-0.398502	-0.426124	-0.347564	-0.40872	-0.354557	-0.367293	-0.411348	-0.386969	-0.402932	-0.376327	-0.350044	-0.405141	-0.414975	-0.39377	-0.340907	-0.395905	-0.376215	-0.408565	-0.407464	-0.407394	-0.364976	-0.357459	-0.403526	-0.417961	-0.404971	-0.387045	-0.399615	-0.393908	-0.41218	-0.371348	-0.388642	-0.416806	-0.385784	-0.389887	-0.391501	-0.398187	-0.345563	-0.412718	-0.422093	-0.392527	-0.412975	-0.402968	-0.395249	-0.382071	-0.381399	-0.354478	-0.399007	-0.36369	-0.394297	-0.357716	-0.366236	-0.424434	-0.389147	-0.386296	-0.421388	-0.372841	-0.324793	-0.3746	-0.385263	-0.396952	-0.386296	-0.406683	-0.372841	-0.432057	-0.430856	-0.348415	-0.339595	-0.431973	-0.388362	-0.424397	-0.364706	-0.423039	-0.420945	-0.383715	-0.420088	-0.399885	-0.367256	-0.421313	-0.367256	-0.44306	-0.402989	-0.390073	-0.420827	-0.381805	-0.356795	-0.411622	-0.398397	-0.368172	-0.431973	-0.387564	-0.362788	-0.389575	-0.414428	-0.373866	-0.406683	-0.427188	-0.378904	-0.446601	-0.37428	-0.391573	-0.413543	-0.402989	-0.379657	-0.392061	-0.377005	-0.402989	-0.397013	-0.445271	-0.365804	-0.347073	-0.385398	-0.402676	-0.401224	-0.427002	-0.408821	-0.320758	-0.387066	-0.398064	-0.387233	-0.404017	-0.424166	-0.379657	-0.414128	-0.347073	-0.378904	-0.374992	-0.352498	-0.344121	-0.379657	-0.385398	-0.431838	-0.402723	-0.378686	-0.4234	-0.468222	-0.421209	-0.411169	-0.424434	-0.359553	-0.375966	-0.416309	-0.388464	-0.408481	-0.380092	-0.36005	-0.386311	-0.360352	-0.362697	-0.442458	-0.367256	-0.378686	-0.377132	-0.355102	-0.413543	-0.424434	-0.394825	-0.37807	-0.44408	-0.376177	-0.377922	-0.349467	-0.336746	-0.368698	-0.40287	-0.365804	-0.45912	-0.338111	-0.331982	-0.353886	-0.432662	-0.386353	-0.437316	-0.409138	-0.389147	-0.427188	-0.408481	-0.426046	-0.408896	-0.331982	-0.355102	-0.416309	-0.397013	-0.436602	-0.402885	-0.403927	-0.347073	-0.389034	-0.338111	-0.401242	-0.367256	-0.398479	-0.36931	-0.404763	-0.340094	-0.405107	-0.307375	-0.347073	-0.402311	-0.422481	-0.402989	-0.410534	-0.405804	-0.339595	-0.449242	-0.324793	-0.406549	-0.432057	-0.425976	-0.425976	-0.3746	-0.443692	-0.360352	-0.430856	-0.319666	-0.423039	-0.3746	-0.320754	-0.405569	-0.419928	-0.405386	-0.375796	-0.445271	-0.433263	-0.347073	-0.412734	-0.320758	-0.426272	-0.413525	-0.326446	-0.319666	-0.403853	-0.360352	-0.401784	-0.424434	-0.389423	-0.379657	-0.383396	-0.406549	-0.352498	-0.444056	-0.386411	-0.402989	-0.411169	-0.374876	-0.422873	-0.372352	-0.365492	-0.420827	-0.44306	-0.355352	-0.402311
87000	intercept	0.403647	0.486865	0.436885	0.44577	0.441983	0.452861	0.438225	0.451746	0.435801	0.415817	0.413784	0.465963	0.464674	0.470648	0.425675	0.48194	0.42903	0.477331	0.454038	0.468182	0.452601	0.452321	0.45145	0.471515	0.480519	0.44265	0.463723	0.453787	0.455968	0.430443	0.45594	0.451919	0.451025	0.45031	0.444127	0.449665	0.44044	0.410524	0.441246	0.453471	0.461229	0.499995	0.481004	0.409522	0.490295	0.429688	0.448248	0.473304	0.436595	0.422014	0.459103	0.434134	0.450918	0.459054	0.434997	0.443787	0.40761	0.462379	0.466871	0.459098	0.432998	0.440272	0.408387	0.448378	0.44996	0.442224	0.442464	0.442351	0.413248	0.435118	0.454358	0.454008	0.432655	0.48939	0.486062	0.464175	0.452099	0.491378	0.437934	0.456718	0.452077	0.425517	0.435307	0.482186	0.394617	0.443298	0.486329	0.450895	0.479394	0.446282	0.450748	0.463054	0.469425	0.415956	0.421037	0.45291	0.421407	0.457304	0.415088	0.426085	0.440964	0.410083	0.44708	0.405344	0.438496	0.476956	0.436304	0.464273	0.476642	0.436726	0.447802	0.439172	0.443482	0.454185	0.431708	0.463058	0.478733	0.440678	0.442855	0.473528	0.439175	0.497503	0.445524	0.47243	0.429794	0.473859	0.471303	0.457536	0.43526	0.450699	0.446488	0.432706	0.443682	0.447412	0.47955	0.449734	0.438829	0.438685	0.436768	0.444308	0.434516	0.449749	0.477867	0.471287	0.508256	0.421862	0.45456	0.486453	0.422988	0.459127	0.459842	0.412455	0.445381	0.470172	0.431385	0.463785	0.439369	0.456382	0.481052	0.408664	0.446588	0.439894	0.450577	0.421584	0.442893	0.448733	0.477489	0.431901	0.45403	0.463526	0.421893	0.471283	0.474065	0.476544	0.473288	0.473786	0.441009	0.450172	0.453811	0.411048	0.474408	0.440608	0.415395	0.48222	0.466597	0.415231	0.443267	0.431562	0.489262	0.465755	0.482384	0.444098	0.460823	0.392943	0.446723	0.436848	0.470679	0.443846	0.43195	0.418546	0.420616	0.461521	0.44157	0.460821	0.40737	0.464221	0.439769	0.422488	0.461859	0.43805	0.401765	0.40737	0.527372	0.482688	0.385865	0.429264	0.491818	0.474841	0.449282	0.460774	0.445686	0.432991	0.474274	0.490478	0.442723	0.460774	0.423203	0.460774	0.456808	0.471668	0.469285	0.465923	0.472335	0.457911	0.431152	0.506795	0.429805	0.491818	0.465929	0.41243	0.429805	0.511385	0.402573	0.417963	0.445189	0.433767	0.438363	0.385865	0.460546	0.429862	0.477137	0.43216	0.451973	0.448106	0.477137	0.458576	0.450704	0.419763	0.434858	0.402234	0.422404	0.464523	0.475376	0.414376	0.392146	0.478164	0.433506	0.487324	0.406238	0.475376	0.43216	0.423994	0.457286	0.433767	0.447568	0.456592	0.423847	0.43216	0.402234	0.511385	0.425151	0.458517	0.466941	0.494368	0.466223	0.4968	0.420833	0.418429	0.418767	0.49074	0.454064	0.414142	0.442677	0.443029	0.409217	0.465276	0.449313	0.488698	0.456592	0.458517	0.450204	0.397369	0.429862	0.423203	0.4452	0.442621	0.47394	0.435787	0.434167	0.395151	0.386561	0.40737	0.473847	0.443119	0.497989	0.407699	0.494224	0.429264	0.438451	0.408251	0.447596	0.41836	0.461521	0.444747	0.415303	0.420833	0.406499	0.49014	0.397369	0.463132	0.458576	0.498859	0.469523	0.440053	0.434858	0.460449	0.407699	0.443855	0.452002	0.41836	0.437106	0.434975	0.472832	0.427518	0.464221	0.457286	0.433767	0.449282	0.45347	0.421505	0.456737	0.426304	0.503454	0.464221	0.423064	0.512858	0.466941	0.466941	0.439769	0.497989	0.450416	0.482688	0.396296	0.445686	0.439769	0.403543	0.397173	0.474342	0.417763	0.442621	0.450704	0.524079	0.434858	0.491818	0.392146	0.452742	0.458339	0.405666	0.396296	0.427615	0.450416	0.44749	0.413248	0.410132	0.43216	0.437504	0.41836	0.456592	0.438451	0.4471	0.477137	0.473924	0.434038	0.439921	0.418429	0.402302	0.465923	0.464404	0.450416	0.433767
88000	slope	-0.389512	-0.393413	-0.371952	-0.41589	-0.385048	-0.369045	-0.385874	-0.418123	-0.387809	-0.390317	-0.365585	-0.398987	-0.397881	-0.401706	-0.368479	-0.40517	-0.363079	-0.392156	-0.394899	-0.39774	-0.373251	-0.394384	-0.386427	-0.407799	-0.37842	-0.384092	-0.36301	-0.427532	-0.42792	-0.36031	-0.378657	-0.371729	-0.421	-0.365839	-0.369933	-0.372656	-0.425055	-0.411953	-0.431912	-0.396828	-0.395646	-0.362692	-0.388679	-0.369126	-0.369572	-0.430047	-0.370048	-0.324944	-0.381605	-0.405784	-0.371079	-0.379217	-0.350025	-0.337858	-0.405488	-0.359906	-0.360607	-0.436802	-0.39252	-0.374709	-0.395023	-0.356285	-0.387387	-0.382694	-0.387813	-0.387472	-0.411425	-0.359541	-0.354119	-0.372221	-0.389104	-0.393006	-0.358693	-0.377284	-0.354892	-0.330927	-0.420151	-0.395028	-0.389704	-0.361635	-0.369291	-0.382708	-0.363268	-0.391976	-0.403045	-0.428256	-0.448403	-0.369372	-0.411226	-0.390403	-0.356429	-0.383442	-0.377977	-0.377284	-0.397117	-0.38822	-0.381083	-0.408153	-0.363349	-0.399681	-0.363174	-0.371251	-0.429033	-0.369768	-0.385668	-0.402255	-0.419241	-0.351518	-0.36116	-0.372719	-0.379912	-0.385947	-0.367997	-0.38535	-0.384173	-0.384674	-0.37773	-0.39049	-0.338232	-0.404149	-0.360868	-0.417073	-0.387401	-0.384547	-0.414629	-0.379197	-0.435519	-0.424326	-0.429266	-0.389502	-0.398233	-0.404542	-0.403287	-0.375916	-0.355306	-0.41242	-0.411943	-0.381273	-0.359914	-0.404851	-0.344128	-0.397327	-0.405273	-0.406992	-0.439206	-0.400375	-0.403448	-0.472112	-0.366004	-0.370998	-0.398169	-0.390585	-0.34662	-0.390453	-0.372101	-0.358914	-0.373721	-0.395399	-0.393268	-0.345019	-0.347369	-0.427683	-0.382526	-0.32805	-0.380972	-0.409979	-0.421558	-0.384371	-0.400709	-0.387579	-0.404432	-0.366686	-0.424164	-0.385151	-0.365558	-0.398123	-0.378758	-0.436815	-0.380705	-0.361169	-0.409841	-0.372679	-0.407543	-0.37645	-0.376341	-0.396907	-0.424209	-0.392768	-0.357911	-0.390766	-0.378573	-0.350157	-0.391064	-0.397088	-0.38338	-0.339073	-0.387892	-0.400613	-0.38137	-0.358947	-0.352804	-0.419396	-0.378839	-0.44406	-0.354263	-0.375994	-0.350407	-0.43641	-0.380079	-0.404442	-0.431911	-0.395966	-0.380762	-0.403752	-0.404442	-0.380781	-0.363188	-0.425465	-0.326701	-0.43284	-0.348325	-0.378829	-0.402048	-0.346792	-0.336591	-0.382163	-0.314661	-0.425233	-0.41028	-0.422434	-0.383014	-0.383142	-0.338301	-0.381412	-0.355575	-0.35082	-0.376231	-0.371697	-0.423155	-0.348525	-0.353433	-0.445348	-0.338656	-0.439955	-0.380099	-0.40327	-0.41028	-0.419905	-0.440961	-0.380099	-0.396975	-0.306335	-0.43641	-0.419905	-0.416934	-0.403752	-0.371021	-0.387845	-0.385445	-0.3728	-0.437383	-0.370801	-0.39985	-0.342463	-0.385632	-0.406475	-0.389684	-0.350407	-0.44406	-0.40257	-0.366724	-0.413735	-0.369422	-0.424836	-0.390953	-0.365937	-0.358766	-0.421078	-0.371021	-0.417984	-0.376346	-0.441269	-0.379752	-0.338656	-0.397866	-0.42605	-0.404442	-0.412263	-0.375994	-0.369151	-0.320216	-0.378263	-0.3601	-0.3632	-0.378829	-0.363188	-0.375271	-0.400165	-0.413735	-0.365195	-0.364789	-0.375994	-0.439955	-0.372183	-0.413601	-0.348325	-0.400625	-0.337085	-0.383142	-0.447793	-0.415576	-0.386923	-0.380079	-0.400625	-0.40319	-0.419388	-0.378263	-0.35082	-0.368771	-0.339163	-0.349579	-0.371021	-0.422734	-0.386335	-0.371021	-0.348525	-0.371214	-0.388648	-0.389684	-0.429206	-0.362725	-0.403752	-0.418786	-0.378839	-0.401546	-0.353276	-0.390953	-0.404673	-0.387845	-0.431627	-0.355642	-0.426909	-0.392233	-0.376292	-0.339578	-0.3974	-0.376406	-0.412742	-0.464937	-0.392633	-0.371021	-0.338656	-0.404771	-0.37461	-0.388163	-0.401265	-0.372183	-0.409218	-0.342006	-0.40327	-0.380618	-0.415259	-0.320638	-0.366581	-0.401265	-0.380618	-0.369422	-0.410324	-0.409988	-0.402821	-0.393794	-0.426909	-0.375271	-0.42765	-0.411756	-0.436697	-0.370742	-0.360541	-0.315432	-0.371021	-0.3974	-0.350562	-0.39563	-0.417982	-0.388995	-0.360585	-0.393794	-0.371021	-0.411601	-0.382163	-0.338576	-0.365195	-0.363188	-0.389684	-0.344787	-0.414471	-0.442041	-0.426909	-0.411756	-0.413735
88000	intercept	0.448435	0.440571	0.449074	0.448625	0.452015	0.431955	0.43748	0.457499	0.440739	0.451541	0.392278	0.442497	0.448684	0.473959	0.451343	0.469239	0.429529	0.423888	0.428485	0.458491	0.441294	0.443152	0.453856	0.452542	0.439857	0.470124	0.462209	0.457	0.463232	0.439718	0.45875	0.411021	0.471986	0.406496	0.485349	0.460528	0.440658	0.442326	0.470595	0.455062	0.459262	0.437972	0.434814	0.433034	0.457294	0.504312	0.448306	0.42612	0.471511	0.438789	0.433961	0.477974	0.473161	0.41793	0.469338	0.434549	0.413293	0.473498	0.432261	0.444092	0.437265	0.39929	0.436403	0.442839	0.44652	0.44934	0.45194	0.443841	0.437125	0.45344	0.468943	0.426889	0.420978	0.465471	0.43062	0.434818	0.449031	0.46582	0.465705	0.406224	0.466094	0.446376	0.402431	0.439228	0.47123	0.48884	0.49162	0.425259	0.467986	0.43148	0.408508	0.426633	0.423721	0.464996	0.463393	0.453728	0.456756	0.464414	0.429306	0.447627	0.464926	0.414531	0.473828	0.450388	0.417852	0.472842	0.441845	0.429072	0.400675	0.443062	0.456691	0.399537	0.463019	0.465337	0.431489	0.410355	0.436291	0.433589	0.463	0.477014	0.464112	0.46606	0.427545	0.434771	0.461117	0.447455	0.449836	0.492433	0.485581	0.470227	0.455763	0.459256	0.450586	0.445471	0.438253	0.435344	0.478384	0.413013	0.427625	0.442247	0.420214	0.445045	0.446453	0.48166	0.496075	0.439981	0.450893	0.50457	0.428547	0.451178	0.481849	0.454843	0.411858	0.451082	0.402262	0.458325	0.435698	0.476111	0.448687	0.463032	0.424314	0.486803	0.429781	0.392895	0.417865	0.474167	0.44556	0.43082	0.441154	0.433532	0.477201	0.440055	0.440012	0.444817	0.469717	0.458592	0.423736	0.481456	0.452949	0.416796	0.428165	0.454769	0.459421	0.409307	0.475284	0.471872	0.457045	0.427126	0.443786	0.424477	0.451443	0.423883	0.458817	0.443262	0.447246	0.414672	0.428333	0.459059	0.45571	0.432291	0.454991	0.484556	0.456001	0.448061	0.428077	0.458817	0.370093	0.488858	0.485636	0.462473	0.448284	0.43373	0.414463	0.422834	0.462473	0.420203	0.454305	0.455209	0.358316	0.446649	0.454991	0.438123	0.439663	0.481779	0.385717	0.401391	0.39241	0.446476	0.462593	0.493714	0.470867	0.447135	0.394323	0.424606	0.45267	0.476046	0.470304	0.432003	0.440081	0.447396	0.444935	0.468024	0.443168	0.5009	0.431724	0.412245	0.449545	0.484564	0.471665	0.431724	0.418669	0.437655	0.488858	0.484564	0.455209	0.427038	0.446443	0.474945	0.470504	0.439278	0.488858	0.442567	0.427733	0.457389	0.437482	0.414247	0.469432	0.370093	0.455738	0.478063	0.435119	0.450765	0.443613	0.425873	0.443457	0.445863	0.429394	0.497952	0.422668	0.484749	0.473035	0.471881	0.473225	0.396136	0.469191	0.440081	0.462473	0.458852	0.474408	0.436628	0.383209	0.442227	0.460945	0.489585	0.432448	0.454305	0.461241	0.491488	0.449605	0.407811	0.470474	0.471666	0.498683	0.439278	0.424349	0.454991	0.454932	0.426984	0.454433	0.473183	0.441689	0.438253	0.485636	0.453276	0.471054	0.47518	0.42332	0.476046	0.429747	0.439791	0.447396	0.457321	0.479965	0.47233	0.422668	0.447396	0.470739	0.443707	0.469432	0.469525	0.436683	0.435629	0.434898	0.463081	0.461055	0.441076	0.443457	0.453276	0.474945	0.444983	0.453886	0.460857	0.448809	0.454433	0.443061	0.433102	0.443613	0.426204	0.438801	0.441689	0.446443	0.443168	0.46423	0.48031	0.429327	0.427044	0.439278	0.443513	0.431789	0.412245	0.420203	0.509807	0.454991	0.478196	0.427044	0.420203	0.451948	0.439006	0.505166	0.468435	0.431998	0.445272	0.465712	0.438081	0.422834	0.474958	0.470739	0.429394	0.455951	0.442667	0.433102	0.382113	0.415949	0.467205	0.448302	0.432448	0.431998	0.439914	0.502611	0.408939	0.44743	0.395182	0.454305	0.469432	0.439791	0.484292	0.508244	0.460857	0.422834	0.449605
89000	slope	-0.400488	-0.396735	-0.390552	-0.378899	-0.372941	-0.366631	-0.366969	-0.351516	-0.390714	-0.399531	-0.369274	-0.404223	-0.380528	-0.331537	-0.37767	-0.350599	-0.399745	-0.394591	-0.360849	-0.380072	-0.366865	-0.367604	-0.38827	-0.365166	-0.362704	-0.361528	-0.365903	-0.351153	-0.429892	-0.375443	-0.373427	-0.356555	-0.395082	-0.389149	-0.373353	-0.377013	-0.389475	-0.401917	-0.38747	-0.383388	-0.368984	-0.375942	-0.374076	-0.372272	-0.409507	-0.375907	-0.40089	-0.337872	-0.364442	-0.37122	-0.376665	-0.368972	-0.396669	-0.361496	-0.40854	-0.368274	-0.372892	-0.418219	-0.349111	-0.314888	-0.351948	-0.396893	-0.351086	-0.393387	-0.374924	-0.376922	-0.414273	-0.367809	-0.382185	-0.352767	-0.361906	-0.378491	-0.393057	-0.386931	-0.377986	-0.343076	-0.385711	-0.41906	-0.385304	-0.389686	-0.474222	-0.378611	-0.37932	-0.382897	-0.381164	-0.383238	-0.351529	-0.369018	-0.369578	-0.339508	-0.345035	-0.375468	-0.384863	-0.363407	-0.370676	-0.371138	-0.405459	-0.394009	-0.390202	-0.387889	-0.414156	-0.380515	-0.390621	-0.361952	-0.396508	-0.35936	-0.354467	-0.403128	-0.422933	-0.399679	-0.369888	-0.357185	-0.387693	-0.384918	-0.358668	-0.386878	-0.378122	-0.355233	-0.412187	-0.414069	-0.3846	-0.381201	-0.360769	-0.417896	-0.396111	-0.375204	-0.371489	-0.385314	-0.37933	-0.440168	-0.37417	-0.367745	-0.34132	-0.396449	-0.363563	-0.371674	-0.369696	-0.391493	-0.36946	-0.35544	-0.384588	-0.401019	-0.363008	-0.372047	-0.360315	-0.385716	-0.364506	-0.352732	-0.390708	-0.369691	-0.376696	-0.388902	-0.385484	-0.398095	-0.347133	-0.372065	-0.364273	-0.398866	-0.391581	-0.378906	-0.417196	-0.394007	-0.40063	-0.351611	-0.383682	-0.360263	-0.385668	-0.414381	-0.373974	-0.409601	-0.424306	-0.436705	-0.388548	-0.374024	-0.349735	-0.359323	-0.363524	-0.435277	-0.345274	-0.388039	-0.366789	-0.368471	-0.359181	-0.404364	-0.382261	-0.374552	-0.402565	-0.40202	-0.404828	-0.366278	-0.398089	-0.393248	-0.409524	-0.386978	-0.418434	-0.377022	-0.370547	-0.389317	-0.372255	-0.357867	-0.372457	-0.383915	-0.369273	-0.434709	-0.376061	-0.391115	-0.449401	-0.429069	-0.39752	-0.36994	-0.404517	-0.336429	-0.369837	-0.398932	-0.355476	-0.384339	-0.355476	-0.351962	-0.403945	-0.355785	-0.36994	-0.36589	-0.363619	-0.386354	-0.36992	-0.36994	-0.358244	-0.384189	-0.37142	-0.394273	-0.396632	-0.386442	-0.386354	-0.378829	-0.318498	-0.352838	-0.390109	-0.369837	-0.388243	-0.38921	-0.332997	-0.388243	-0.342659	-0.379956	-0.382148	-0.338949	-0.386354	-0.34627	-0.3959	-0.32465	-0.389274	-0.336327	-0.362775	-0.345392	-0.350665	-0.389901	-0.412184	-0.376254	-0.358244	-0.383915	-0.450065	-0.360149	-0.35424	-0.384339	-0.415956	-0.323152	-0.384339	-0.319867	-0.349614	-0.407233	-0.431166	-0.346394	-0.416962	-0.434709	-0.420265	-0.369144	-0.384493	-0.406097	-0.335292	-0.373407	-0.340271	-0.373688	-0.349498	-0.407935	-0.411475	-0.415152	-0.409457	-0.411243	-0.401083	-0.332557	-0.363619	-0.383915	-0.365867	-0.354661	-0.421725	-0.395982	-0.38074	-0.34553	-0.336948	-0.482569	-0.388654	-0.336429	-0.358787	-0.360149	-0.332997	-0.410465	-0.360586	-0.482569	-0.364086	-0.338949	-0.368316	-0.388243	-0.373883	-0.41209	-0.4425	-0.388243	-0.365867	-0.34627	-0.43803	-0.406635	-0.415152	-0.365867	-0.391115	-0.371489	-0.36607	-0.332997	-0.346394	-0.384493	-0.387283	-0.3943	-0.365867	-0.376329	-0.367391	-0.382085	-0.370681	-0.393299	-0.386354	-0.323152	-0.35615	-0.404843	-0.367605	-0.342621	-0.406097	-0.359799	-0.387471	-0.33869	-0.387283	-0.360142	-0.351962	-0.409457	-0.383179	-0.337161	-0.371489	-0.404843	-0.369601	-0.36994	-0.342659	-0.360155	-0.364023	-0.413082	-0.368316	-0.380526	-0.403219	-0.37083	-0.382227	-0.407216	-0.36994	-0.36607	-0.373383	-0.369837	-0.369837	-0.384339	-0.384493	-0.415152	-0.446078	-0.378667	-0.399109	-0.410465	-0.336429	-0.354661	-0.372981	-0.376061	-0.334051	-0.393119	-0.427602	-0.382641	-0.5259	-0.367391	-0.391115	-0.403945	-0.372019	-0.398547	-0.407525	-0.376832	-0.372219	-0.369985	-0.384339	-0.343488	-0.352727	-0.353762
89000	intercept	0.435637	0.445837	0.419845	0.488071	0.44626	0.424473	0.431477	0.425298	0.435741	0.460094	0.438375	0.428927	0.441157	0.452764	0.446053	0.451147	0.460413	0.450318	0.433144	0.438889	0.444118	0.4432	0.485767	0.412951	0.452865	0.434729	0.431668	0.41741	0.460985	0.450283	0.436896	0.448249	0.430252	0.458729	0.444006	0.42073	0.446612	0.456024	0.457029	0.437761	0.448751	0.442948	0.434233	0.434555	0.443905	0.477108	0.460748	0.413841	0.416871	0.444075	0.479073	0.445924	0.456258	0.459918	0.478908	0.453602	0.444364	0.447586	0.423542	0.426632	0.436082	0.434721	0.426215	0.459512	0.456521	0.402977	0.496805	0.440029	0.459521	0.422619	0.437527	0.418082	0.468195	0.439975	0.427447	0.438458	0.44917	0.502059	0.444597	0.446474	0.455073	0.468371	0.47859	0.449292	0.447842	0.454854	0.43821	0.430055	0.435199	0.438458	0.434903	0.442076	0.456538	0.435241	0.452887	0.408062	0.466861	0.475519	0.420431	0.466469	0.496789	0.428539	0.47975	0.439844	0.437127	0.440685	0.448823	0.466044	0.453117	0.466881	0.46743	0.444678	0.47142	0.447327	0.429939	0.463504	0.439639	0.423055	0.476042	0.442773	0.453883	0.456001	0.445843	0.461043	0.458465	0.44356	0.413599	0.443998	0.430012	0.489916	0.479495	0.464434	0.454202	0.464164	0.445837	0.488715	0.433369	0.472015	0.424903	0.416931	0.477285	0.448344	0.428838	0.460803	0.436252	0.433679	0.471838	0.448593	0.473917	0.410151	0.445793	0.437239	0.452239	0.486497	0.429183	0.443502	0.442133	0.472596	0.479796	0.456106	0.461586	0.468449	0.42708	0.441564	0.448984	0.451432	0.437232	0.503622	0.452473	0.456075	0.489689	0.482589	0.450135	0.446323	0.426613	0.437795	0.440802	0.484855	0.414061	0.480315	0.426689	0.43655	0.446818	0.452576	0.446484	0.44031	0.460793	0.451234	0.427801	0.433065	0.442286	0.45863	0.442614	0.433967	0.451758	0.428802	0.438885	0.435828	0.459548	0.443539	0.447327	0.464697	0.417738	0.449605	0.433132	0.403105	0.511948	0.448301	0.417738	0.483172	0.464663	0.41428	0.430111	0.492024	0.422825	0.440361	0.417346	0.447269	0.459388	0.478645	0.487569	0.459495	0.470807	0.495438	0.422178	0.487569	0.439957	0.435827	0.443361	0.459589	0.448592	0.459589	0.517629	0.434037	0.457291	0.473835	0.42874	0.458145	0.435574	0.428512	0.403027	0.435574	0.448237	0.462766	0.462546	0.422618	0.495438	0.398848	0.421967	0.430416	0.411707	0.405479	0.429315	0.428802	0.417603	0.449362	0.525371	0.450532	0.439957	0.464697	0.524758	0.424618	0.447092	0.458898	0.457118	0.430675	0.440361	0.415667	0.433058	0.457118	0.417877	0.403596	0.477307	0.449605	0.439215	0.493989	0.478019	0.456225	0.404791	0.489862	0.417603	0.442918	0.417192	0.448999	0.464663	0.451759	0.47509	0.444653	0.472481	0.402482	0.470807	0.460037	0.433058	0.455568	0.437064	0.461227	0.466812	0.459369	0.402482	0.519263	0.464178	0.41428	0.446511	0.409854	0.419659	0.481253	0.410187	0.485956	0.474146	0.422618	0.446043	0.435574	0.452328	0.470408	0.469491	0.435574	0.433058	0.398848	0.469491	0.459589	0.451759	0.433058	0.394746	0.413599	0.420143	0.415656	0.403596	0.469454	0.449173	0.436511	0.433058	0.456634	0.416442	0.475161	0.474146	0.40749	0.495438	0.430675	0.433058	0.429699	0.416442	0.479532	0.456225	0.438238	0.436511	0.412825	0.473944	0.415933	0.436938	0.48325	0.462766	0.420434	0.413599	0.453188	0.469372	0.487569	0.448237	0.45918	0.449135	0.497279	0.446043	0.430347	0.459589	0.445288	0.456851	0.47335	0.487569	0.420143	0.442997	0.453611	0.430111	0.456851	0.462546	0.463975	0.517028	0.435667	0.451271	0.469828	0.40107	0.441931	0.432448	0.430347	0.467187	0.454335	0.458617	0.452577	0.523198	0.42265	0.403105	0.453441	0.417002	0.473092	0.482793	0.417738	0.460759	0.475029	0.440361	0.417419	0.404116	0.419682
90000	slope	-0.413834	-0.366875	-0.357056	-0.354495	-0.361187	-0.41055	-0.325407	-0.380797	-0.342295	-0.368182	-0.39887	-0.381694	-0.325853	-0.364878	-0.350893	-0.38594	-0.366814	-0.382147	-0.393793	-0.344106	-0.387203	-0.371742	-0.359981	-0.39587	-0.384655	-0.396811	-0.38282	-0.401965	-0.366672	-0.387433	-0.338939	-0.384679	-0.362979	-0.348761	-0.387045	-0.359039	-0.352518	-0.356	-0.397067	-0.370878	-0.344009	-0.391779	-0.392838	-0.364754	-0.411337	-0.356042	-0.398402	-0.395017	-0.380858	-0.378732	-0.378119	-0.347649	-0.369417	-0.377651	-0.348359	-0.37268	-0.353115	-0.411246	-0.377158	-0.373498	-0.375617	-0.396397	-0.361932	-0.366967	-0.36647	-0.346961	-0.348647	-0.396852	-0.346372	-0.428224	-0.409851	-0.389662	-0.358468	-0.374403	-0.403728	-0.406464	-0.415219	-0.390377	-0.383557	-0.413084	-0.366502	-0.372624	-0.392573	-0.409954	-0.402606	-0.408845	-0.393785	-0.355108	-0.397618	-0.394001	-0.352179	-0.436431	-0.387795	-0.375976	-0.391242	-0.342253	-0.395235	-0.347235	-0.400784	-0.380906	-0.386052	-0.408097	-0.407494	-0.383582	-0.400055	-0.363525	-0.358061	-0.401613	-0.35136	-0.367453	-0.367036	-0.372936	-0.392123	-0.356608	-0.3756	-0.391174	-0.377039	-0.381489	-0.378259	-0.389849	-0.410266	-0.403509	-0.378494	-0.392023	-0.394666	-0.405075	-0.414716	-0.347094	-0.358458	-0.358824	-0.398215	-0.388058	-0.398151	-0.35937	-0.319341	-0.398539	-0.355073	-0.389784	-0.380499	-0.357071	-0.370435	-0.401693	-0.378745	-0.324059	-0.379551	-0.395957	-0.36124	-0.415359	-0.315482	-0.397971	-0.378775	-0.374922	-0.33604	-0.373732	-0.420238	-0.415073	-0.3406	-0.398492	-0.378745	-0.371368	-0.409553	-0.398731	-0.394607	-0.370348	-0.435349	-0.399768	-0.370128	-0.361567	-0.377493	-0.402119	-0.394757	-0.400971	-0.402822	-0.391384	-0.375862	-0.354403	-0.386951	-0.38155	-0.332396	-0.318691	-0.375125	-0.41582	-0.413643	-0.360051	-0.400015	-0.371489	-0.385668	-0.391908	-0.364452	-0.364902	-0.351075	-0.398382	-0.384488	-0.376259	-0.412034	-0.342978	-0.4247	-0.380939	-0.385436	-0.376905	-0.393823	-0.412876	-0.315532	-0.375587	-0.373932	-0.355375	-0.429187	-0.354851	-0.415649	-0.438111	-0.396696	-0.322039	-0.356801	-0.413967	-0.393553	-0.378657	-0.322039	-0.380651	-0.434691	-0.372896	-0.357132	-0.407698	-0.322128	-0.349627	-0.401005	-0.410901	-0.382205	-0.402113	-0.412192	-0.357132	-0.392277	-0.372464	-0.389479	-0.345307	-0.43212	-0.334224	-0.382019	-0.380518	-0.345307	-0.347772	-0.3647	-0.379719	-0.370353	-0.332997	-0.385105	-0.369745	-0.400493	-0.375779	-0.332997	-0.39334	-0.358528	-0.413967	-0.373832	-0.422711	-0.375599	-0.308297	-0.426275	-0.404397	-0.408802	-0.381814	-0.380438	-0.413967	-0.414	-0.426275	-0.344975	-0.378392	-0.398097	-0.393823	-0.386966	-0.372002	-0.311966	-0.381814	-0.378392	-0.3647	-0.387522	-0.428836	-0.316642	-0.366034	-0.403542	-0.415649	-0.384594	-0.377776	-0.40457	-0.39817	-0.372532	-0.369745	-0.385271	-0.386882	-0.403406	-0.421499	-0.336463	-0.427826	-0.372896	-0.409377	-0.398284	-0.403542	-0.416536	-0.378657	-0.305587	-0.375566	-0.371884	-0.380651	-0.407698	-0.422956	-0.458096	-0.357523	-0.385271	-0.30852	-0.372532	-0.367586	-0.405828	-0.387584	-0.35613	-0.299865	-0.405209	-0.392929	-0.373618	-0.406332	-0.361002	-0.316642	-0.395484	-0.403947	-0.402448	-0.403542	-0.326361	-0.391174	-0.372896	-0.382019	-0.386882	-0.332997	-0.415649	-0.372532	-0.369745	-0.368353	-0.40457	-0.383781	-0.39643	-0.384594	-0.397516	-0.381814	-0.304386	-0.430231	-0.385144	-0.401305	-0.413967	-0.38181	-0.402113	-0.399221	-0.396269	-0.448015	-0.337419	-0.410519	-0.403162	-0.385144	-0.391174	-0.378682	-0.322128	-0.366843	-0.385144	-0.332997	-0.396196	-0.358918	-0.358737	-0.401005	-0.406699	-0.376147	-0.356075	-0.315532	-0.332997	-0.401305	-0.392277	-0.289701	-0.319898	-0.371211	-0.421669	-0.401005	-0.399221	-0.389488	-0.353373	-0.354823	-0.346855	-0.316642	-0.410451	-0.381976	-0.40457	-0.401005	-0.417502	-0.354823	-0.380438	-0.353373	-0.332997	-0.388875	-0.353373	-0.346028	-0.39643	-0.408434	-0.375483	-0.43212	-0.382218	-0.380651
90000	intercept	0.444237	0.466062	0.381719	0.404769	0.437796	0.471028	0.38794	0.460264	0.439981	0.411308	0.484801	0.440408	0.427545	0.392284	0.418151	0.421751	0.444351	0.486522	0.454268	0.443603	0.454699	0.442618	0.381126	0.425916	0.440353	0.422619	0.422154	0.454081	0.420531	0.458411	0.393333	0.428851	0.431069	0.41162	0.450942	0.429144	0.40969	0.416912	0.444084	0.428214	0.419719	0.45637	0.477668	0.424253	0.45751	0.428546	0.479329	0.445902	0.432168	0.440139	0.441522	0.400623	0.452471	0.436467	0.404652	0.424486	0.412073	0.42291	0.445735	0.415415	0.423586	0.461282	0.424604	0.435517	0.424842	0.396056	0.406919	0.456957	0.418282	0.496941	0.447729	0.455873	0.465945	0.396919	0.478933	0.447803	0.475046	0.421976	0.441457	0.448609	0.447706	0.442291	0.404388	0.435192	0.458703	0.441132	0.432557	0.435977	0.441409	0.435902	0.450305	0.43869	0.447402	0.414925	0.444321	0.40275	0.449385	0.433679	0.477601	0.421036	0.431683	0.459507	0.470021	0.463746	0.476952	0.414161	0.42	0.471933	0.41595	0.374558	0.407726	0.388583	0.458338	0.444599	0.452218	0.407147	0.419209	0.42781	0.442905	0.41659	0.461022	0.463009	0.408325	0.453445	0.456403	0.443819	0.458922	0.393978	0.41157	0.429237	0.446734	0.453343	0.450926	0.436428	0.397681	0.472491	0.42683	0.425735	0.431607	0.398906	0.433171	0.454111	0.442585	0.370878	0.459582	0.471279	0.400123	0.468446	0.40121	0.435073	0.450514	0.440118	0.405169	0.439716	0.449588	0.482228	0.441023	0.45136	0.442585	0.458604	0.451166	0.447965	0.409711	0.411832	0.489908	0.4779	0.41655	0.400822	0.409867	0.450276	0.419337	0.45196	0.452072	0.43283	0.406896	0.395744	0.437884	0.398934	0.398908	0.379351	0.433597	0.492797	0.49335	0.425919	0.443016	0.433472	0.432794	0.455318	0.437155	0.404478	0.38783	0.43685	0.455372	0.442171	0.443131	0.425521	0.486435	0.467456	0.41767	0.429084	0.483581	0.442798	0.37711	0.448566	0.474075	0.408534	0.483472	0.430552	0.467081	0.464945	0.476036	0.411209	0.374611	0.419094	0.398472	0.410846	0.385911	0.434479	0.444633	0.450652	0.421999	0.455537	0.443346	0.486865	0.468073	0.463773	0.467362	0.42833	0.483472	0.421999	0.468195	0.42922	0.433355	0.445228	0.43869	0.385911	0.450936	0.475985	0.438701	0.395744	0.420777	0.399942	0.457918	0.355055	0.411935	0.392428	0.450743	0.42634	0.373453	0.452829	0.428637	0.419094	0.450093	0.487404	0.487066	0.378132	0.443857	0.46746	0.442979	0.433689	0.451484	0.419094	0.451437	0.456443	0.419588	0.447913	0.445353	0.47439	0.427884	0.463785	0.404888	0.433689	0.447913	0.420777	0.439731	0.43869	0.3904	0.40317	0.456497	0.466108	0.456339	0.447913	0.474728	0.450936	0.443115	0.392428	0.459517	0.464989	0.430347	0.40002	0.367676	0.43869	0.457821	0.497381	0.457393	0.456497	0.443857	0.420022	0.385512	0.424509	0.4062	0.434479	0.454234	0.443857	0.529598	0.370993	0.459517	0.380462	0.443115	0.426418	0.494681	0.434479	0.39709	0.419597	0.463978	0.429542	0.407592	0.470317	0.429236	0.389681	0.395614	0.399942	0.439133	0.456497	0.395068	0.405348	0.450652	0.450936	0.464989	0.334368	0.462241	0.452763	0.392428	0.40317	0.474728	0.473505	0.460486	0.450752	0.451624	0.433689	0.402858	0.456232	0.454359	0.460486	0.419094	0.425889	0.42833	0.454298	0.427178	0.53596	0.438701	0.430138	0.42833	0.45946	0.407147	0.405348	0.443346	0.450597	0.45946	0.38295	0.425155	0.458194	0.392428	0.446938	0.453406	0.39646	0.4037	0.37711	0.355845	0.460486	0.468195	0.404888	0.416177	0.38897	0.433204	0.446938	0.454298	0.463184	0.422465	0.429499	0.474093	0.3904	0.406218	0.451053	0.474728	0.462448	0.465227	0.429962	0.448646	0.416747	0.38295	0.439731	0.434397	0.438494	0.460486	0.454397	0.450093	0.438959	0.41045	0.434479
91000	slope	-0.408015	-0.38407	-0.412025	-0.335359	-0.395728	-0.383209	-0.357466	-0.315302	-0.387243	-0.408198	-0.350335	-0.384295	-0.384301	-0.398158	-0.379262	-0.390314	-0.405809	-0.352457	-0.355254	-0.37905	-0.342314	-0.402215	-0.383004	-0.379531	-0.374237	-0.366847	-0.383569	-0.339644	-0.37021	-0.438206	-0.333277	-0.385171	-0.351192	-0.391752	-0.375621	-0.354407	-0.3818	-0.345294	-0.38565	-0.396782	-0.329326	-0.342034	-0.354041	-0.348203	-0.373275	-0.391021	-0.372734	-0.340217	-0.364697	-0.368456	-0.348047	-0.344674	-0.320616	-0.382033	-0.356525	-0.361461	-0.411715	-0.404275	-0.374243	-0.402192	-0.378687	-0.370069	-0.387579	-0.347171	-0.398539	-0.416648	-0.3821	-0.389513	-0.348112	-0.339342	-0.405026	-0.397117	-0.368152	-0.382792	-0.402263	-0.356229	-0.341965	-0.388526	-0.399838	-0.333606	-0.350921	-0.379332	-0.322549	-0.355525	-0.388996	-0.37086	-0.379531	-0.343844	-0.388241	-0.410792	-0.426663	-0.40194	-0.391744	-0.357162	-0.312385	-0.377578	-0.353921	-0.389968	-0.398635	-0.394173	-0.356042	-0.394584	-0.374636	-0.373126	-0.354758	-0.420607	-0.37461	-0.354219	-0.403266	-0.36418	-0.405715	-0.336315	-0.409866	-0.381425	-0.315529	-0.402975	-0.384651	-0.408047	-0.391603	-0.345766	-0.394609	-0.372047	-0.380841	-0.350154	-0.362482	-0.34934	-0.392197	-0.379283	-0.334823	-0.37259	-0.385192	-0.352678	-0.43148	-0.369334	-0.409155	-0.337763	-0.403245	-0.417064	-0.399855	-0.398424	-0.373282	-0.342034	-0.38882	-0.306509	-0.404105	-0.37436	-0.360383	-0.363915	-0.346427	-0.405964	-0.378645	-0.33717	-0.433613	-0.342069	-0.361992	-0.411226	-0.348515	-0.379958	-0.369697	-0.400038	-0.351197	-0.284035	-0.390052	-0.342355	-0.347526	-0.411813	-0.384394	-0.360185	-0.376009	-0.383522	-0.39171	-0.366947	-0.346293	-0.383108	-0.359369	-0.360383	-0.381991	-0.383856	-0.418383	-0.397055	-0.360347	-0.403937	-0.411875	-0.390978	-0.399324	-0.361758	-0.363377	-0.368269	-0.379457	-0.335701	-0.404579	-0.352671	-0.375918	-0.439024	-0.328625	-0.389768	-0.329714	-0.35729	-0.393049	-0.38108	-0.326694	-0.329945	-0.384663	-0.376248	-0.384016	-0.365891	-0.435119	-0.421734	-0.272621	-0.304819	-0.372992	-0.371195	-0.429209	-0.329427	-0.360293	-0.377283	-0.384016	-0.423187	-0.429209	-0.379249	-0.376805	-0.436115	-0.395242	-0.357976	-0.324854	-0.379139	-0.378636	-0.391031	-0.395242	-0.293786	-0.242778	-0.401123	-0.396396	-0.379249	-0.346411	-0.326735	-0.366583	-0.330514	-0.403024	-0.270545	-0.366583	-0.321211	-0.379249	-0.39005	-0.324854	-0.414006	-0.379398	-0.331746	-0.330594	-0.369395	-0.405328	-0.293786	-0.367937	-0.326963	-0.371788	-0.432968	-0.383703	-0.399005	-0.366583	-0.403024	-0.387412	-0.431561	-0.437104	-0.334779	-0.412551	-0.343244	-0.406497	-0.432968	-0.303062	-0.377106	-0.360484	-0.28781	-0.304819	-0.37686	-0.404723	-0.388549	-0.403324	-0.332321	-0.370966	-0.383703	-0.380853	-0.329427	-0.392871	-0.333281	-0.365891	-0.379249	-0.436633	-0.391414	-0.377624	-0.374556	-0.379249	-0.384002	-0.343977	-0.358277	-0.321211	-0.293786	-0.365891	-0.384663	-0.288585	-0.335856	-0.381991	-0.242778	-0.359137	-0.380761	-0.401103	-0.303062	-0.38289	-0.371195	-0.371195	-0.359137	-0.233097	-0.360484	-0.411235	-0.379096	-0.339349	-0.403024	-0.380184	-0.389419	-0.379139	-0.376176	-0.40181	-0.403024	-0.413579	-0.376108	-0.372992	-0.376176	-0.346411	-0.379423	-0.357976	-0.242778	-0.397704	-0.366215	-0.395968	-0.387412	-0.427242	-0.379398	-0.363188	-0.39005	-0.319473	-0.413555	-0.358749	-0.383043	-0.370376	-0.39718	-0.304819	-0.303062	-0.327681	-0.379249	-0.432968	-0.410849	-0.34569	-0.28781	-0.420727	-0.369893	-0.418347	-0.42614	-0.417988	-0.411949	-0.339349	-0.369088	-0.357383	-0.399965	-0.395242	-0.380761	-0.336414	-0.292305	-0.356762	-0.403324	-0.331746	-0.369162	-0.387412	-0.295582	-0.336414	-0.335564	-0.420177	-0.377992	-0.376108	-0.375338	-0.396026	-0.338471	-0.437104	-0.36961	-0.376084	-0.274027	-0.396396	-0.410655	-0.37686	-0.384663	-0.357383	-0.377283	-0.44129	-0.288982	-0.366215	-0.326735	-0.365891	-0.395242	-0.357383	-0.338471	-0.242778	-0.357976
91000	intercept	0.441782	0.451728	0.473077	0.391173	0.419882	0.469248	0.403112	0.351561	0.427351	0.458807	0.422468	0.442359	0.45175	0.504268	0.463276	0.461821	0.456685	0.386758	0.376784	0.437436	0.404369	0.476627	0.445999	0.416332	0.413447	0.459685	0.45919	0.375385	0.418681	0.499608	0.373452	0.507383	0.415393	0.446141	0.46671	0.43479	0.444612	0.459728	0.477085	0.462109	0.383476	0.404576	0.46395	0.419977	0.420174	0.468586	0.461139	0.43301	0.419132	0.457585	0.436619	0.408446	0.38012	0.457032	0.443645	0.442955	0.459563	0.489945	0.430147	0.427179	0.443209	0.451581	0.434674	0.470322	0.513394	0.449268	0.460241	0.425584	0.407692	0.402821	0.481642	0.433499	0.436976	0.471421	0.444955	0.414186	0.410731	0.428787	0.523247	0.393374	0.396882	0.447757	0.409659	0.42949	0.496755	0.428666	0.416332	0.401669	0.441081	0.446929	0.481951	0.433457	0.428404	0.422236	0.397814	0.412169	0.446242	0.471957	0.457145	0.439377	0.378744	0.466991	0.448587	0.417332	0.435271	0.422518	0.488701	0.426458	0.407685	0.486168	0.430074	0.393374	0.471055	0.455617	0.434394	0.466413	0.46005	0.458009	0.437336	0.412549	0.41232	0.408104	0.408298	0.408404	0.412609	0.422088	0.477738	0.452158	0.464777	0.459611	0.490593	0.419013	0.436363	0.428902	0.477327	0.384127	0.439806	0.450706	0.49206	0.495651	0.483746	0.388526	0.436841	0.388248	0.446527	0.400007	0.458537	0.425712	0.419977	0.449939	0.434304	0.435089	0.506333	0.428138	0.402074	0.444854	0.407784	0.436674	0.447186	0.486589	0.35869	0.390227	0.431505	0.394646	0.439932	0.468191	0.428874	0.399208	0.427002	0.458907	0.460738	0.413057	0.425829	0.451159	0.421765	0.433799	0.443045	0.462018	0.487739	0.492213	0.44832	0.488426	0.512139	0.452611	0.446866	0.405226	0.393458	0.467224	0.419695	0.418078	0.508379	0.456447	0.446957	0.47012	0.433336	0.433126	0.381134	0.412567	0.448131	0.463581	0.436246	0.343918	0.427643	0.424762	0.435415	0.410331	0.451298	0.427526	0.345849	0.371431	0.473908	0.474076	0.451298	0.35148	0.430492	0.431585	0.435415	0.510648	0.451298	0.430408	0.474405	0.497381	0.420417	0.4079	0.442899	0.423577	0.474076	0.432914	0.420417	0.315243	0.351714	0.464022	0.490143	0.42318	0.384335	0.378201	0.476453	0.429624	0.532781	0.350479	0.476453	0.371431	0.417348	0.438242	0.442899	0.50711	0.422333	0.368976	0.376418	0.480533	0.438417	0.315243	0.422333	0.42941	0.485	0.473611	0.421999	0.424206	0.471296	0.499706	0.403707	0.526743	0.460695	0.434605	0.466835	0.46204	0.391161	0.471673	0.451244	0.499935	0.428916	0.361431	0.359703	0.448804	0.401725	0.414567	0.41941	0.442365	0.445119	0.426511	0.427155	0.35148	0.424762	0.376418	0.410331	0.449448	0.469888	0.431393	0.475604	0.428394	0.421999	0.461359	0.46204	0.435415	0.371431	0.315243	0.415412	0.427643	0.310063	0.434605	0.443045	0.348401	0.427457	0.438557	0.43918	0.453102	0.446868	0.474076	0.474076	0.427457	0.345849	0.428916	0.490733	0.447135	0.410331	0.497535	0.485807	0.44221	0.423577	0.487549	0.403707	0.497535	0.46483	0.412988	0.473908	0.487549	0.390188	0.403274	0.4079	0.348401	0.443706	0.413571	0.427329	0.412892	0.459766	0.422333	0.459885	0.438242	0.401998	0.4548	0.487335	0.422328	0.413571	0.401155	0.371431	0.448505	0.455629	0.42318	0.471673	0.421391	0.416098	0.361431	0.539385	0.430492	0.441996	0.489119	0.474627	0.479317	0.410331	0.442586	0.472974	0.463129	0.431261	0.438557	0.412428	0.455629	0.345347	0.41941	0.368976	0.469814	0.412892	0.333304	0.412428	0.447091	0.46483	0.463828	0.412988	0.439746	0.425738	0.442899	0.460695	0.481056	0.478248	0.345849	0.489391	0.519324	0.448804	0.427643	0.472974	0.431585	0.487064	0.310063	0.413571	0.381393	0.410331	0.437236	0.472974	0.442899	0.345849	0.4079
92000	slope	-0.344135	-0.340565	-0.362281	-0.306239	-0.385886	-0.380781	-0.354655	-0.368145	-0.399074	-0.377475	-0.340928	-0.371817	-0.336277	-0.392831	-0.31644	-0.36048	-0.367644	-0.364804	-0.414153	-0.354535	-0.373587	-0.338624	-0.348835	-0.335652	-0.340379	-0.334454	-0.370244	-0.349077	-0.337992	-0.309171	-0.3438	-0.392822	-0.402986	-0.31577	-0.349528	-0.325993	-0.372326	-0.37592	-0.2949	-0.372808	-0.341285	-0.340632	-0.374263	-0.338232	-0.346947	-0.377243	-0.404115	-0.376072	-0.338729	-0.405684	-0.381289	-0.349628	-0.355408	-0.335814	-0.369907	-0.375884	-0.37048	-0.35889	-0.336011	-0.321334	-0.328585	-0.378507	-0.410258	-0.364396	-0.376842	-0.36982	-0.339356	-0.379982	-0.336864	-0.366729	-0.338379	-0.372328	-0.406455	-0.357498	-0.344804	-0.399848	-0.390208	-0.371087	-0.375383	-0.406354	-0.3752	-0.388225	-0.356583	-0.351002	-0.383689	-0.413001	-0.369626	-0.363582	-0.335835	-0.41785	-0.373962	-0.328107	-0.356501	-0.423723	-0.387983	-0.364707	-0.368197	-0.381126	-0.359236	-0.367399	-0.357702	-0.336711	-0.362592	-0.368428	-0.368719	-0.356456	-0.353105	-0.382073	-0.386313	-0.371753	-0.340781	-0.361154	-0.352964	-0.411204	-0.379735	-0.382814	-0.372833	-0.320297	-0.331025	-0.301555	-0.427877	-0.323703	-0.388329	-0.339838	-0.375259	-0.318018	-0.364427	-0.342029	-0.338386	-0.409815	-0.381603	-0.38164	-0.360503	-0.348348	-0.355827	-0.354804	-0.332395	-0.38261	-0.360254	-0.371805	-0.361118	-0.373363	-0.38428	-0.403476	-0.324681	-0.374681	-0.347461	-0.377332	-0.362783	-0.332809	-0.309171	-0.365132	-0.404366	-0.438381	-0.329647	-0.314986	-0.372781	-0.352075	-0.374019	-0.362722	-0.412008	-0.342115	-0.404743	-0.348601	-0.32144	-0.351384	-0.377277	-0.389801	-0.356226	-0.389722	-0.378243	-0.29362	-0.386891	-0.333141	-0.321677	-0.374536	-0.34753	-0.375014	-0.406714	-0.355635	-0.360207	-0.377448	-0.399903	-0.372517	-0.37177	-0.355501	-0.329845	-0.393733	-0.327565	-0.360555	-0.334472	-0.356583	-0.360303	-0.364804	-0.413921	-0.36899	-0.34176	-0.353114	-0.379244	-0.323979	-0.379471	-0.300038	-0.369012	-0.382041	-0.403352	-0.38369	-0.365132	-0.393671	-0.433151	-0.360141	-0.40199	-0.333963	-0.391741	-0.278757	-0.376006	-0.404159	-0.3821	-0.379471	-0.335224	-0.38369	-0.333043	-0.363656	-0.319613	-0.378095	-0.39199	-0.362399	-0.379096	-0.454262	-0.377318	-0.278757	-0.362399	-0.460424	-0.382191	-0.307677	-0.38867	-0.319613	-0.394623	-0.319613	-0.390012	-0.35042	-0.352054	-0.387874	-0.370384	-0.313883	-0.302933	-0.394623	-0.302933	-0.39199	-0.346796	-0.362533	-0.321764	-0.396826	-0.379257	-0.399118	-0.3821	-0.378095	-0.379471	-0.313883	-0.349865	-0.436143	-0.320585	-0.361358	-0.387874	-0.362533	-0.278757	-0.38736	-0.393974	-0.382041	-0.32493	-0.322363	-0.369227	-0.35042	-0.387394	-0.37484	-0.381101	-0.37769	-0.272609	-0.319613	-0.391185	-0.413608	-0.369829	-0.451731	-0.369012	-0.436143	-0.313883	-0.438885	-0.355208	-0.367588	-0.357418	-0.35042	-0.387394	-0.381298	-0.31541	-0.305152	-0.344182	-0.307677	-0.408879	-0.375553	-0.277397	-0.302933	-0.390549	-0.444934	-0.31541	-0.418405	-0.34176	-0.385735	-0.315416	-0.374319	-0.394623	-0.404234	-0.349547	-0.342021	-0.326436	-0.333963	-0.413608	-0.360355	-0.460424	-0.330152	-0.333657	-0.3821	-0.336758	-0.37126	-0.378623	-0.385735	-0.399118	-0.424762	-0.367588	-0.454085	-0.37704	-0.402294	-0.334704	-0.389865	-0.282012	-0.38369	-0.34176	-0.32493	-0.312944	-0.383944	-0.320585	-0.436143	-0.424334	-0.35072	-0.363376	-0.344182	-0.387394	-0.404234	-0.380971	-0.379139	-0.35088	-0.359931	-0.367588	-0.425032	-0.313883	-0.342021	-0.382419	-0.382041	-0.396826	-0.418818	-0.35042	-0.419436	-0.354648	-0.284679	-0.379139	-0.361132	-0.306459	-0.419723	-0.357319	-0.41179	-0.278757	-0.386719	-0.390266	-0.38369	-0.389791	-0.396826	-0.340189	-0.390549	-0.322769	-0.369829	-0.302933	-0.425032	-0.379139	-0.436143	-0.362068	-0.360592	-0.346023	-0.373305	-0.320585	-0.370125	-0.38369	-0.320585	-0.326436	-0.391185	-0.41273	-0.361358	-0.357893	-0.307677	-0.351324	-0.379257	-0.442364	-0.402294
92000	intercept	0.422368	0.425201	0.447799	0.376886	0.46537	0.42951	0.430917	0.441757	0.449303	0.411292	0.393393	0.435949	0.389711	0.412748	0.414186	0.453393	0.426991	0.438631	0.461024	0.410177	0.434019	0.391955	0.446497	0.394971	0.405434	0.421558	0.426656	0.408562	0.436039	0.38279	0.426014	0.448169	0.458127	0.414736	0.425145	0.384674	0.462273	0.428805	0.418117	0.440762	0.405273	0.419137	0.424984	0.388707	0.422189	0.434477	0.453437	0.449457	0.414796	0.460252	0.434229	0.431142	0.413944	0.426042	0.446594	0.465513	0.430277	0.427767	0.420797	0.418843	0.343786	0.418665	0.450368	0.428193	0.420521	0.432637	0.419845	0.452692	0.436871	0.425949	0.434106	0.420973	0.472729	0.441998	0.42711	0.476763	0.449681	0.392315	0.425968	0.465686	0.424691	0.438697	0.423031	0.411654	0.437782	0.466745	0.451941	0.437347	0.451068	0.466401	0.422085	0.409237	0.423957	0.479602	0.440649	0.447465	0.435717	0.43555	0.42627	0.449133	0.41095	0.422385	0.42704	0.43322	0.413193	0.425407	0.42848	0.444517	0.425867	0.435188	0.374452	0.428891	0.413006	0.441675	0.444549	0.431781	0.436632	0.433966	0.429286	0.410525	0.469905	0.411864	0.435205	0.416021	0.42496	0.398577	0.441187	0.404476	0.393889	0.4713	0.443449	0.446277	0.393748	0.408869	0.443684	0.425343	0.417383	0.448438	0.440469	0.444557	0.427084	0.437186	0.447817	0.454283	0.400451	0.429716	0.398374	0.465191	0.414139	0.395173	0.386018	0.420848	0.452027	0.49674	0.427903	0.408982	0.408622	0.410091	0.419576	0.451404	0.461279	0.437766	0.469411	0.423748	0.392397	0.431443	0.45564	0.441306	0.432779	0.434678	0.414158	0.398253	0.4334	0.415993	0.408759	0.42875	0.405014	0.413223	0.434414	0.385219	0.415604	0.43879	0.469864	0.378182	0.428592	0.441763	0.407506	0.456655	0.462025	0.437836	0.400365	0.416598	0.428504	0.438631	0.464236	0.440263	0.355294	0.395385	0.437393	0.451394	0.426944	0.424128	0.442267	0.423558	0.446484	0.400044	0.444481	0.48104	0.469565	0.430583	0.449001	0.38674	0.430583	0.403102	0.443326	0.478142	0.455173	0.426944	0.409393	0.403786	0.42495	0.476194	0.409393	0.416252	0.415593	0.444481	0.419619	0.511714	0.408087	0.403102	0.444481	0.49283	0.431677	0.394711	0.392283	0.409393	0.467315	0.409393	0.424007	0.386381	0.396384	0.445472	0.431677	0.414053	0.416675	0.467304	0.416675	0.415593	0.424128	0.42947	0.412569	0.439128	0.429943	0.433861	0.455173	0.429531	0.426944	0.415791	0.396725	0.511184	0.404949	0.434163	0.433134	0.431207	0.403102	0.400044	0.428247	0.423558	0.447972	0.409393	0.471657	0.386381	0.433379	0.441422	0.442428	0.430583	0.457982	0.409393	0.439826	0.457516	0.428925	0.516905	0.438308	0.499398	0.414053	0.499398	0.431198	0.432202	0.438182	0.386381	0.417612	0.455224	0.367581	0.410237	0.42947	0.394711	0.418531	0.41714	0.406811	0.416675	0.448549	0.516905	0.355436	0.461733	0.355294	0.442428	0.329562	0.43908	0.471785	0.439826	0.43908	0.42577	0.441457	0.38674	0.459652	0.387908	0.49283	0.38464	0.350106	0.463288	0.387908	0.418798	0.476194	0.430299	0.433861	0.465699	0.434404	0.486008	0.43496	0.418531	0.422121	0.442428	0.416542	0.403786	0.355294	0.447972	0.412569	0.478142	0.3897	0.488343	0.484315	0.400242	0.387908	0.42947	0.433379	0.439826	0.428319	0.413756	0.387956	0.442964	0.428319	0.476575	0.415791	0.42577	0.438182	0.423558	0.44866	0.487903	0.386381	0.487903	0.410838	0.403102	0.430583	0.42947	0.382509	0.476575	0.418798	0.397338	0.403102	0.426143	0.406129	0.403786	0.443533	0.439128	0.420302	0.448549	0.412569	0.427917	0.406363	0.476575	0.430583	0.499398	0.420771	0.419688	0.435374	0.438182	0.3897	0.468062	0.393297	0.3897	0.441457	0.439826	0.457516	0.434163	0.435099	0.396565	0.413912	0.431121	0.499398	0.394802
93000	slope	-0.356631	-0.392942	-0.367312	-0.353228	-0.349815	-0.382944	-0.365886	-0.343937	-0.325734	-0.384598	-0.326638	-0.386914	-0.350239	-0.333271	-0.332962	-0.357819	-0.364745	-0.330643	-0.376965	-0.360876	-0.37964	-0.415334	-0.36145	-0.369975	-0.375117	-0.350925	-0.393102	-0.386723	-0.361096	-0.385068	-0.344241	-0.363693	-0.381877	-0.385519	-0.396827	-0.391881	-0.406575	-0.339699	-0.399658	-0.380295	-0.322552	-0.364748	-0.353496	-0.367444	-0.385497	-0.423108	-0.351575	-0.319334	-0.331878	-0.384954	-0.382382	-0.42131	-0.404348	-0.349044	-0.326801	-0.363996	-0.373053	-0.382752	-0.392069	-0.321546	-0.350641	-0.367593	-0.353872	-0.378004	-0.375698	-0.396151	-0.337813	-0.464	-0.314846	-0.361615	-0.357791	-0.358823	-0.375264	-0.393526	-0.372883	-0.380382	-0.349982	-0.394131	-0.342618	-0.375624	-0.384086	-0.324802	-0.401947	-0.338277	-0.384983	-0.40809	-0.362111	-0.374422	-0.390454	-0.366134	-0.350481	-0.369764	-0.400671	-0.3622	-0.372601	-0.33502	-0.3627	-0.36728	-0.3897	-0.379637	-0.366051	-0.364033	-0.368795	-0.372776	-0.374871	-0.368886	-0.433883	-0.334007	-0.401037	-0.364087	-0.376539	-0.423566	-0.376797	-0.353869	-0.359549	-0.365374	-0.418157	-0.349492	-0.373436	-0.35625	-0.355055	-0.323828	-0.341551	-0.374389	-0.384355	-0.381152	-0.36272	-0.400331	-0.383349	-0.348344	-0.383579	-0.367743	-0.40137	-0.389369	-0.398332	-0.393305	-0.378965	-0.373439	-0.373556	-0.362663	-0.349008	-0.359494	-0.329784	-0.358854	-0.336273	-0.363264	-0.380002	-0.377232	-0.367315	-0.321893	-0.375974	-0.387468	-0.38165	-0.326372	-0.359503	-0.352819	-0.391326	-0.420086	-0.390691	-0.377734	-0.349689	-0.397213	-0.387285	-0.362108	-0.330747	-0.388468	-0.355392	-0.39516	-0.38044	-0.407745	-0.336671	-0.47201	-0.369412	-0.414789	-0.383204	-0.41637	-0.407137	-0.395167	-0.408064	-0.381222	-0.371711	-0.350483	-0.389489	-0.369294	-0.378288	-0.345762	-0.391733	-0.355717	-0.373206	-0.359991	-0.376315	-0.377809	-0.351302	-0.353438	-0.357224	-0.331044	-0.344869	-0.379927	-0.359845	-0.407031	-0.381482	-0.37071	-0.36347	-0.391385	-0.39392	-0.36206	-0.374458	-0.378681	-0.344555	-0.320161	-0.303245	-0.394931	-0.346904	-0.418071	-0.352351	-0.354916	-0.363563	-0.347623	-0.352351	-0.395799	-0.408447	-0.403048	-0.291536	-0.342781	-0.403048	-0.265269	-0.347623	-0.375314	-0.376477	-0.354641	-0.329086	-0.388236	-0.41074	-0.361782	-0.369628	-0.362347	-0.374435	-0.451201	-0.35966	-0.298734	-0.350239	-0.329086	-0.375995	-0.45349	-0.438477	-0.361995	-0.395137	-0.352207	-0.361671	-0.375626	-0.411085	-0.400458	-0.350041	-0.312941	-0.402502	-0.362543	-0.392823	-0.374458	-0.350909	-0.397286	-0.348923	-0.356248	-0.345401	-0.398606	-0.36347	-0.405925	-0.337636	-0.358246	-0.436813	-0.354641	-0.358246	-0.39392	-0.375314	-0.361995	-0.3841	-0.385118	-0.352207	-0.307352	-0.397969	-0.374389	-0.366364	-0.329086	-0.36206	-0.284391	-0.375898	-0.398606	-0.371939	-0.284391	-0.354641	-0.350239	-0.359396	-0.397969	-0.369628	-0.36759	-0.36759	-0.473121	-0.417714	-0.361995	-0.374389	-0.397969	-0.385118	-0.354093	-0.384412	-0.440745	-0.355428	-0.364636	-0.384594	-0.302677	-0.374435	-0.407628	-0.351425	-0.354916	-0.437095	-0.352351	-0.303245	-0.374458	-0.440745	-0.359396	-0.403048	-0.397286	-0.361995	-0.370082	-0.442678	-0.374435	-0.378377	-0.397286	-0.397821	-0.406208	-0.374458	-0.384138	-0.374458	-0.353695	-0.380607	-0.350239	-0.314984	-0.346464	-0.355373	-0.45349	-0.408447	-0.377491	-0.391385	-0.355962	-0.394493	-0.375626	-0.347569	-0.351633	-0.363189	-0.362347	-0.45349	-0.346986	-0.396834	-0.436813	-0.437989	-0.354641	-0.396701	-0.361827	-0.366222	-0.329086	-0.291536	-0.381258	-0.354641	-0.346986	-0.354641	-0.338619	-0.380174	-0.405623	-0.338619	-0.385805	-0.386371	-0.351773	-0.36347	-0.397286	-0.343304	-0.359396	-0.36347	-0.386678	-0.347623	-0.36759	-0.383184	-0.354641	-0.503276	-0.468674	-0.385308	-0.39392	-0.397821	-0.350909	-0.398606	-0.361995	-0.39249	-0.326504	-0.369083	-0.376477	-0.376391	-0.345745	-0.38888	-0.377177	-0.385118	-0.372418	-0.338171	-0.302975
93000	intercept	0.431559	0.416291	0.44027	0.417461	0.412097	0.440708	0.41606	0.417121	0.415591	0.431314	0.429613	0.435139	0.415262	0.422335	0.427913	0.440455	0.429304	0.409238	0.425693	0.419416	0.413387	0.466394	0.431935	0.441223	0.40689	0.418686	0.436948	0.431214	0.438123	0.421564	0.441731	0.413426	0.439431	0.443443	0.458674	0.463234	0.447109	0.411201	0.462296	0.411252	0.436703	0.431897	0.424764	0.428752	0.426193	0.460259	0.43963	0.419089	0.416178	0.443336	0.423972	0.469896	0.457667	0.45351	0.432531	0.473817	0.431084	0.433713	0.419613	0.411768	0.422977	0.431347	0.439213	0.437099	0.452731	0.463331	0.418849	0.477485	0.445593	0.400316	0.429853	0.425921	0.451	0.469358	0.435952	0.449577	0.432989	0.471998	0.442848	0.458526	0.423245	0.41447	0.459031	0.424911	0.444724	0.441279	0.440253	0.426261	0.4604	0.416728	0.447163	0.422489	0.435729	0.42822	0.422489	0.425226	0.435101	0.430097	0.424619	0.448907	0.430844	0.436597	0.422271	0.451879	0.456175	0.423133	0.463482	0.425164	0.468494	0.420163	0.437565	0.45524	0.421891	0.409493	0.417921	0.432919	0.499053	0.423593	0.406949	0.430831	0.460338	0.427586	0.437131	0.421764	0.441381	0.42003	0.444162	0.430942	0.459851	0.442595	0.430728	0.422515	0.468622	0.447754	0.427022	0.456438	0.451632	0.442425	0.436066	0.410487	0.422494	0.432518	0.411312	0.443742	0.434732	0.438454	0.429043	0.421242	0.434083	0.396969	0.419799	0.433768	0.417714	0.431167	0.41554	0.398574	0.413341	0.477984	0.467183	0.415865	0.44658	0.465413	0.437629	0.424441	0.410344	0.435106	0.419159	0.436181	0.423342	0.427439	0.403776	0.485928	0.445845	0.468457	0.449825	0.476834	0.449906	0.451963	0.468357	0.444593	0.434366	0.423422	0.441359	0.424136	0.429914	0.423145	0.438892	0.440832	0.414187	0.424321	0.464841	0.439722	0.416226	0.427962	0.426536	0.432162	0.425444	0.424615	0.431239	0.492886	0.431158	0.452447	0.415347	0.441248	0.442248	0.429497	0.430731	0.442098	0.41333	0.429698	0.431705	0.429027	0.425322	0.424948	0.40306	0.406051	0.412797	0.427484	0.408797	0.441248	0.433967	0.447831	0.394466	0.415859	0.451301	0.417936	0.427484	0.445813	0.413886	0.440506	0.460119	0.415701	0.42244	0.438489	0.428157	0.42749	0.412924	0.49082	0.384554	0.425155	0.415262	0.46072	0.404586	0.509665	0.516015	0.442753	0.419786	0.427484	0.429497	0.432019	0.452966	0.423598	0.432019	0.43936	0.448708	0.447562	0.433848	0.421709	0.385731	0.449437	0.431256	0.434447	0.43164	0.425033	0.415347	0.474988	0.417612	0.424653	0.523454	0.440834	0.424653	0.43401	0.445813	0.440769	0.42664	0.419685	0.444841	0.438013	0.437708	0.46136	0.474955	0.46072	0.429497	0.369082	0.44326	0.425033	0.438395	0.369082	0.438024	0.415262	0.423343	0.448277	0.428157	0.434625	0.42083	0.4785	0.438921	0.414646	0.452424	0.448277	0.443192	0.422974	0.429197	0.501084	0.438765	0.425632	0.433381	0.420922	0.412924	0.433967	0.406315	0.406051	0.445669	0.40306	0.428025	0.430731	0.501084	0.423343	0.454121	0.453649	0.414646	0.436684	0.513645	0.412924	0.446094	0.442541	0.430409	0.433967	0.430731	0.476523	0.424516	0.413353	0.403765	0.415262	0.397071	0.394988	0.429197	0.509665	0.433967	0.417888	0.441248	0.4378	0.43401	0.432019	0.426067	0.445982	0.404586	0.42749	0.509665	0.427381	0.488648	0.523454	0.431436	0.440834	0.48396	0.414239	0.445528	0.46072	0.394466	0.421709	0.440506	0.427381	0.440506	0.419355	0.436362	0.41891	0.419355	0.423471	0.43401	0.497111	0.415347	0.437233	0.429499	0.437894	0.415347	0.407105	0.427484	0.42083	0.43401	0.431036	0.470772	0.484814	0.44194	0.43401	0.430409	0.385731	0.428927	0.414646	0.416719	0.463595	0.415166	0.441121	0.439471	0.497111	0.43401	0.397688	0.419685	0.448251	0.433031	0.431068
94000	slope	-0.327686	-0.374321	-0.355271	-0.362853	-0.332887	-0.395967	-0.365464	-0.336978	-0.413622	-0.366424	-0.369884	-0.347194	-0.37418	-0.384249	-0.385781	-0.367328	-0.353121	-0.345289	-0.407241	-0.35595	-0.345277	-0.381218	-0.350654	-0.367911	-0.365396	-0.330445	-0.353399	-0.34218	-0.352353	-0.364832	-0.34017	-0.363591	-0.346536	-0.380819	-0.464415	-0.40404	-0.369604	-0.340647	-0.416918	-0.375855	-0.38966	-0.388655	-0.390306	-0.361717	-0.399317	-0.407614	-0.34285	-0.381254	-0.416149	-0.405705	-0.341735	-0.380368	-0.375006	-0.328182	-0.347739	-0.353139	-0.34806	-0.380844	-0.429978	-0.404059	-0.420248	-0.335239	-0.329014	-0.379251	-0.359545	-0.394846	-0.386441	-0.377751	-0.383342	-0.371502	-0.355544	-0.357665	-0.344862	-0.376711	-0.413726	-0.36203	-0.336605	-0.362744	-0.413048	-0.356231	-0.362497	-0.369086	-0.361962	-0.356325	-0.34036	-0.353011	-0.395133	-0.349447	-0.338781	-0.395332	-0.373632	-0.40292	-0.457763	-0.357866	-0.343269	-0.3473	-0.34787	-0.353678	-0.324289	-0.35905	-0.421124	-0.344277	-0.339875	-0.360859	-0.399194	-0.419647	-0.380268	-0.377017	-0.347606	-0.354636	-0.365429	-0.364105	-0.373567	-0.415222	-0.362848	-0.364155	-0.332235	-0.373727	-0.352831	-0.39035	-0.386505	-0.357163	-0.398846	-0.358262	-0.382919	-0.385105	-0.369449	-0.353029	-0.346872	-0.375934	-0.342443	-0.359951	-0.412904	-0.369233	-0.361746	-0.418869	-0.428354	-0.339455	-0.348397	-0.354394	-0.348198	-0.35752	-0.396481	-0.36651	-0.41062	-0.35981	-0.342133	-0.390176	-0.365907	-0.377926	-0.373935	-0.353033	-0.369831	-0.36032	-0.345668	-0.349441	-0.358802	-0.374983	-0.381924	-0.378087	-0.39915	-0.349504	-0.361655	-0.343269	-0.337156	-0.36509	-0.353635	-0.342378	-0.358998	-0.411335	-0.380351	-0.366585	-0.388166	-0.397417	-0.329755	-0.356785	-0.366308	-0.354671	-0.346856	-0.361549	-0.39792	-0.365189	-0.344755	-0.346987	-0.353994	-0.361746	-0.360684	-0.386289	-0.347442	-0.369879	-0.339727	-0.380479	-0.345832	-0.347338	-0.365143	-0.347181	-0.362265	-0.404457	-0.347493	-0.363129	-0.33419	-0.37211	-0.433329	-0.345782	-0.391705	-0.33419	-0.342663	-0.364708	-0.442139	-0.360799	-0.354774	-0.355104	-0.364272	-0.438023	-0.372533	-0.405744	-0.437019	-0.465628	-0.345782	-0.358937	-0.420501	-0.367817	-0.352491	-0.348848	-0.347391	-0.35587	-0.374868	-0.355504	-0.367817	-0.454711	-0.347193	-0.347193	-0.365623	-0.333014	-0.347193	-0.341164	-0.343087	-0.397873	-0.369869	-0.354637	-0.463733	-0.343678	-0.354637	-0.340155	-0.338476	-0.393047	-0.387089	-0.421579	-0.331781	-0.378552	-0.372461	-0.349601	-0.384719	-0.309677	-0.357755	-0.369027	-0.367817	-0.375356	-0.40291	-0.360277	-0.357877	-0.42599	-0.323863	-0.439197	-0.326639	-0.390978	-0.340109	-0.47808	-0.340109	-0.331781	-0.358937	-0.341534	-0.33419	-0.360277	-0.329912	-0.347193	-0.340109	-0.395066	-0.360277	-0.343678	-0.331781	-0.40114	-0.360137	-0.365288	-0.379989	-0.405744	-0.304393	-0.377059	-0.3398	-0.373875	-0.394255	-0.403572	-0.352491	-0.351546	-0.37211	-0.342663	-0.391705	-0.372382	-0.474771	-0.399665	-0.360277	-0.339618	-0.429294	-0.454711	-0.363697	-0.340217	-0.349601	-0.392599	-0.341855	-0.351744	-0.370452	-0.462452	-0.361489	-0.35014	-0.334773	-0.349601	-0.382856	-0.345782	-0.357755	-0.350106	-0.392004	-0.377289	-0.340123	-0.447683	-0.349601	-0.394585	-0.327602	-0.317083	-0.35471	-0.367226	-0.362571	-0.465628	-0.362225	-0.351504	-0.358937	-0.389077	-0.35471	-0.364613	-0.379125	-0.327602	-0.376102	-0.325976	-0.357755	-0.350998	-0.376684	-0.462452	-0.340155	-0.364902	-0.349601	-0.364146	-0.356007	-0.341164	-0.421579	-0.348848	-0.324361	-0.318648	-0.355104	-0.354774	-0.357755	-0.389705	-0.37325	-0.366415	-0.414627	-0.351504	-0.352491	-0.308973	-0.389077	-0.373452	-0.329968	-0.345782	-0.351814	-0.333968	-0.382969	-0.376684	-0.436049	-0.345782	-0.364613	-0.357672	-0.427343	-0.389077	-0.362104	-0.433329	-0.350934	-0.394585	-0.474771	-0.338476	-0.362571	-0.372382	-0.378514	-0.356732	-0.345139	-0.326455	-0.304393	-0.364613	-0.360277	-0.437019	-0.33419	-0.352517	-0.389705	-0.323863
94000	intercept	0.42803	0.438356	0.411795	0.436041	0.399947	0.457607	0.44235	0.425247	0.514844	0.428625	0.445001	0.43736	0.429995	0.465427	0.421063	0.415528	0.394703	0.405412	0.47682	0.421555	0.444814	0.444704	0.402893	0.419008	0.431034	0.426707	0.434904	0.393927	0.390494	0.472449	0.438909	0.446271	0.405526	0.449074	0.514196	0.472168	0.464346	0.398142	0.474382	0.443369	0.449221	0.419274	0.424046	0.450429	0.461865	0.490085	0.43466	0.414406	0.464338	0.492254	0.442569	0.426176	0.4541	0.409898	0.415495	0.420209	0.448109	0.423585	0.457653	0.444168	0.47682	0.411797	0.397535	0.430265	0.419145	0.420378	0.440337	0.455886	0.458574	0.428047	0.403234	0.390404	0.43025	0.426463	0.4608	0.400289	0.382842	0.424531	0.443459	0.397177	0.433042	0.430429	0.457965	0.413803	0.398564	0.445615	0.43974	0.4154	0.419878	0.481908	0.441534	0.470572	0.491675	0.400222	0.442081	0.430603	0.391531	0.426977	0.40726	0.439726	0.453547	0.391036	0.425397	0.431373	0.47902	0.457328	0.435457	0.426787	0.407271	0.451001	0.413779	0.404597	0.439274	0.467572	0.413999	0.431215	0.405778	0.451946	0.410661	0.420812	0.438534	0.440341	0.401981	0.43458	0.447168	0.462243	0.454457	0.422178	0.427602	0.439573	0.388411	0.428186	0.459009	0.417159	0.420097	0.51587	0.46475	0.425268	0.44432	0.409183	0.456822	0.390944	0.418677	0.417597	0.485493	0.407148	0.427531	0.40989	0.449619	0.444224	0.414169	0.416046	0.406427	0.420114	0.436038	0.385403	0.46338	0.43267	0.436094	0.435363	0.443339	0.440075	0.425716	0.411559	0.397103	0.435689	0.456419	0.429323	0.439693	0.479247	0.442395	0.422144	0.445711	0.48094	0.414573	0.418025	0.436275	0.408131	0.458791	0.417502	0.46164	0.416686	0.438768	0.430567	0.432697	0.412684	0.40459	0.416086	0.43535	0.462679	0.410166	0.433736	0.40586	0.39458	0.406822	0.414181	0.447847	0.433456	0.385626	0.432694	0.360712	0.490781	0.454077	0.435874	0.467433	0.360273	0.391111	0.393639	0.470599	0.405237	0.435526	0.418335	0.405545	0.468201	0.490757	0.443085	0.46327	0.548634	0.445888	0.466331	0.452894	0.443517	0.393644	0.405388	0.420663	0.420931	0.405007	0.420672	0.443517	0.536727	0.458336	0.45051	0.487938	0.426456	0.45051	0.37371	0.38525	0.456479	0.425094	0.46683	0.491665	0.417831	0.46683	0.447505	0.411205	0.419135	0.445891	0.394629	0.403881	0.434711	0.402283	0.433638	0.444916	0.369019	0.427379	0.49283	0.451331	0.429107	0.422461	0.421131	0.416298	0.479803	0.422887	0.454274	0.416818	0.413225	0.435174	0.526364	0.435174	0.403881	0.468656	0.398295	0.360712	0.432276	0.378153	0.447632	0.435174	0.393919	0.432276	0.417831	0.39408	0.417739	0.463592	0.405545	0.43754	0.443085	0.389341	0.402283	0.442687	0.408177	0.437834	0.466657	0.424451	0.462006	0.490781	0.391111	0.454461	0.462578	0.526364	0.442799	0.408483	0.391111	0.41875	0.544473	0.427108	0.444324	0.433479	0.42299	0.435174	0.449187	0.41301	0.491665	0.466061	0.433638	0.391111	0.433638	0.443517	0.435874	0.420317	0.421219	0.444435	0.436884	0.433495	0.470599	0.433638	0.474712	0.417831	0.405806	0.423695	0.43122	0.417344	0.548634	0.433638	0.408901	0.46683	0.423648	0.423695	0.44235	0.412036	0.417831	0.405877	0.414921	0.427379	0.423268	0.424323	0.491665	0.447505	0.40873	0.433638	0.421015	0.429827	0.37371	0.411765	0.405388	0.371815	0.40299	0.418335	0.435526	0.420317	0.454461	0.420672	0.441657	0.433932	0.408901	0.409521	0.405806	0.423648	0.410393	0.391111	0.446776	0.425149	0.414921	0.424392	0.44655	0.502131	0.435874	0.44235	0.405545	0.454289	0.423648	0.44901	0.454077	0.444044	0.468481	0.526364	0.411205	0.417344	0.462578	0.42299	0.447607	0.391111	0.424704	0.389341	0.44235	0.421131	0.46327	0.360273	0.424642	0.454461	0.422887
95000	slope	-0.343351	-0.386296	-0.37066	-0.349718	-0.380592	-0.329106	-0.432818	-0.407087	-0.437832	-0.376131	-0.421258	-0.407676	-0.423176	-0.377922	-0.348239	-0.396923	-0.378233	-0.373114	-0.37079	-0.365037	-0.406138	-0.362103	-0.355216	-0.372364	-0.375563	-0.363146	-0.384584	-0.380981	-0.367255	-0.428951	-0.37041	-0.379045	-0.359619	-0.328739	-0.373204	-0.360602	-0.411238	-0.397851	-0.298096	-0.368204	-0.32766	-0.359662	-0.382055	-0.345418	-0.341513	-0.386624	-0.377123	-0.363049	-0.347402	-0.402381	-0.387509	-0.362922	-0.412256	-0.381594	-0.382072	-0.420397	-0.373052	-0.412148	-0.369089	-0.360399	-0.345081	-0.383488	-0.390918	-0.368303	-0.378257	-0.361312	-0.393959	-0.428033	-0.406483	-0.371649	-0.385944	-0.375193	-0.404126	-0.360515	-0.416778	-0.393239	-0.354162	-0.379116	-0.358055	-0.341545	-0.377075	-0.350712	-0.393618	-0.359319	-0.4279	-0.42177	-0.384478	-0.372871	-0.35408	-0.368071	-0.389877	-0.336863	-0.344926	-0.408321	-0.364764	-0.420886	-0.350659	-0.406551	-0.381021	-0.402735	-0.431918	-0.447973	-0.377758	-0.367497	-0.325001	-0.339093	-0.386993	-0.357369	-0.389733	-0.341233	-0.359615	-0.400743	-0.385619	-0.355831	-0.405138	-0.365258	-0.376044	-0.383672	-0.368887	-0.367652	-0.394212	-0.365353	-0.392973	-0.412021	-0.391471	-0.349773	-0.427165	-0.369832	-0.357969	-0.385167	-0.390776	-0.396009	-0.376697	-0.357927	-0.383557	-0.41092	-0.359475	-0.371416	-0.386552	-0.359418	-0.364939	-0.386314	-0.412399	-0.346933	-0.368261	-0.381976	-0.394369	-0.366985	-0.390829	-0.396282	-0.359775	-0.33832	-0.365234	-0.420188	-0.38348	-0.402904	-0.384428	-0.358457	-0.372882	-0.35761	-0.411103	-0.347198	-0.355888	-0.378257	-0.371438	-0.340392	-0.383661	-0.375011	-0.388766	-0.368594	-0.352443	-0.366749	-0.381259	-0.391789	-0.385843	-0.371243	-0.374719	-0.367355	-0.359626	-0.349049	-0.404978	-0.393708	-0.344303	-0.387719	-0.370904	-0.354736	-0.357587	-0.352126	-0.35324	-0.370554	-0.385034	-0.351436	-0.371991	-0.369778	-0.409918	-0.408856	-0.313796	-0.396613	-0.39104	-0.398325	-0.373559	-0.364322	-0.386446	-0.375989	-0.33933	-0.36534	-0.419308	-0.311791	-0.326272	-0.3677	-0.426601	-0.372257	-0.375592	-0.367059	-0.417898	-0.355504	-0.361544	-0.375592	-0.395194	-0.358826	-0.326923	-0.335578	-0.300521	-0.371512	-0.288261	-0.386196	-0.385542	-0.366146	-0.313939	-0.347646	-0.386881	-0.366146	-0.370677	-0.361883	-0.389419	-0.383622	-0.389951	-0.386732	-0.344076	-0.329839	-0.365795	-0.349548	-0.366146	-0.317003	-0.383117	-0.429776	-0.352671	-0.384895	-0.307931	-0.378614	-0.413058	-0.358378	-0.431898	-0.34132	-0.407232	-0.370212	-0.470484	-0.33933	-0.383622	-0.386196	-0.330763	-0.407232	-0.36653	-0.364714	-0.326923	-0.443116	-0.386196	-0.390112	-0.458109	-0.288261	-0.386196	-0.356827	-0.383117	-0.385207	-0.404255	-0.358798	-0.330763	-0.339394	-0.417898	-0.415187	-0.362986	-0.440554	-0.386881	-0.36536	-0.351553	-0.382941	-0.437837	-0.369486	-0.340109	-0.392981	-0.373619	-0.298153	-0.379033	-0.389337	-0.406267	-0.386141	-0.319616	-0.3967	-0.342963	-0.358378	-0.366146	-0.344439	-0.335231	-0.379619	-0.40291	-0.35772	-0.408896	-0.333761	-0.391782	-0.3677	-0.349548	-0.373367	-0.370887	-0.396246	-0.415717	-0.390112	-0.345668	-0.374087	-0.328223	-0.378614	-0.3677	-0.395679	-0.391007	-0.395821	-0.389951	-0.426662	-0.36653	-0.356097	-0.330763	-0.376639	-0.340677	-0.373974	-0.393559	-0.346206	-0.378257	-0.355173	-0.415187	-0.360662	-0.401145	-0.385207	-0.404572	-0.360312	-0.380397	-0.351553	-0.33403	-0.385207	-0.326272	-0.377962	-0.359232	-0.390117	-0.340307	-0.379619	-0.398959	-0.345205	-0.385818	-0.355504	-0.395807	-0.395866	-0.385448	-0.405397	-0.395807	-0.355173	-0.367847	-0.356827	-0.386196	-0.367334	-0.336837	-0.429809	-0.415407	-0.47106	-0.370206	-0.340559	-0.389951	-0.396686	-0.356827	-0.392981	-0.33933	-0.397219	-0.395866	-0.401145	-0.364085	-0.328223	-0.340827	-0.364819	-0.398662	-0.336726	-0.370241	-0.414836	-0.415407	-0.317003	-0.335578	-0.366146	-0.344511	-0.378527	-0.391007	-0.47106	-0.415407	-0.33403	-0.392981	-0.367459
95000	intercept	0.401851	0.455223	0.419089	0.407015	0.445742	0.387758	0.450059	0.448108	0.459377	0.427145	0.468632	0.463175	0.431523	0.434601	0.390289	0.474933	0.439684	0.426776	0.430381	0.460017	0.45714	0.426728	0.432584	0.455234	0.424489	0.449758	0.453067	0.452003	0.434732	0.499087	0.423956	0.451256	0.409711	0.416128	0.443535	0.405201	0.476083	0.465179	0.404925	0.432117	0.429099	0.427548	0.484685	0.422904	0.44077	0.49863	0.44827	0.46627	0.419947	0.449849	0.437894	0.403862	0.44171	0.462029	0.461723	0.454285	0.481964	0.481594	0.383183	0.438031	0.390289	0.415663	0.429373	0.427221	0.454367	0.439516	0.452328	0.505022	0.437508	0.412712	0.455905	0.436885	0.442186	0.433491	0.504035	0.459578	0.410144	0.402012	0.454807	0.405479	0.43831	0.409898	0.452278	0.400738	0.472955	0.485919	0.418117	0.443443	0.414628	0.427659	0.44609	0.41441	0.409323	0.494029	0.427296	0.474953	0.409839	0.420849	0.435318	0.44634	0.566484	0.524603	0.439277	0.439675	0.41932	0.412289	0.452183	0.42586	0.459782	0.392017	0.437519	0.479695	0.450275	0.441809	0.459932	0.448067	0.454252	0.455218	0.389351	0.436834	0.446043	0.452722	0.425765	0.455551	0.43143	0.435324	0.451991	0.419596	0.438752	0.438302	0.407707	0.458663	0.39814	0.429358	0.42635	0.481411	0.433139	0.423065	0.439972	0.461998	0.410038	0.430621	0.472955	0.425916	0.427956	0.444669	0.429039	0.43423	0.4509	0.451276	0.468802	0.425866	0.420962	0.444861	0.429043	0.484932	0.467217	0.455198	0.427857	0.418583	0.473754	0.412687	0.433286	0.428613	0.431257	0.440221	0.442895	0.433389	0.455623	0.462469	0.440569	0.374541	0.439934	0.471097	0.457938	0.436869	0.404224	0.384864	0.425224	0.448907	0.433479	0.451602	0.46152	0.434932	0.418117	0.420827	0.426125	0.394618	0.429325	0.418334	0.434103	0.424834	0.468994	0.413704	0.436668	0.459072	0.404657	0.439407	0.446727	0.43757	0.417382	0.435237	0.432428	0.437607	0.427441	0.432268	0.437282	0.427007	0.408832	0.439509	0.560538	0.42752	0.421398	0.474997	0.446415	0.405827	0.378173	0.430172	0.446735	0.424681	0.436008	0.417382	0.395998	0.417577	0.382843	0.449366	0.427164	0.42752	0.375695	0.428232	0.446265	0.414146	0.42548	0.411662	0.46105	0.440737	0.452189	0.436145	0.434638	0.413941	0.391136	0.40525	0.43269	0.410633	0.452602	0.560538	0.405265	0.431417	0.422914	0.37583	0.431938	0.491701	0.460349	0.424372	0.419596	0.42289	0.510078	0.427441	0.440737	0.455964	0.426407	0.419596	0.45547	0.429185	0.436008	0.552022	0.45517	0.395336	0.472339	0.382843	0.445915	0.427506	0.452602	0.431643	0.429368	0.442756	0.426407	0.436378	0.446415	0.461609	0.438748	0.47914	0.446265	0.49085	0.419547	0.49085	0.560538	0.420442	0.43214	0.441617	0.415694	0.435961	0.447945	0.411662	0.462381	0.431153	0.383322	0.421398	0.388496	0.491701	0.426759	0.415779	0.40542	0.438837	0.436394	0.379608	0.447097	0.399027	0.411662	0.431933	0.401783	0.420977	0.390397	0.423964	0.418281	0.392673	0.435523	0.392204	0.408048	0.37583	0.439509	0.446265	0.462291	0.441617	0.46105	0.560538	0.45547	0.393898	0.430286	0.477593	0.446754	0.420257	0.446265	0.420749	0.458934	0.49085	0.461609	0.417398	0.420125	0.420396	0.470835	0.381252	0.441617	0.419547	0.398438	0.431643	0.403514	0.445131	0.430062	0.436506	0.373919	0.428194	0.446265	0.46306	0.414448	0.391136	0.475106	0.462909	0.446265	0.483028	0.440737	0.503282	0.504994	0.427506	0.445915	0.497711	0.444694	0.499186	0.446415	0.543299	0.398132	0.408285	0.471791	0.462381	0.427506	0.439077	0.427441	0.480925	0.447739	0.420125	0.394618	0.399715	0.432544	0.400678	0.520611	0.435523	0.435237	0.462381	0.446415	0.410633	0.417382	0.42752	0.44397	0.451344	0.462291	0.543299	0.446415	0.399027	0.441617	0.435523
96000	slope	-0.400781	-0.379404	-0.365098	-0.356502	-0.369072	-0.360684	-0.325805	-0.383607	-0.373095	-0.367307	-0.351474	-0.370341	-0.370158	-0.34168	-0.370831	-0.365153	-0.374426	-0.380777	-0.37747	-0.364396	-0.404812	-0.420058	-0.371122	-0.347984	-0.4051	-0.375483	-0.340772	-0.377708	-0.350101	-0.430809	-0.351263	-0.359287	-0.358244	-0.361637	-0.383088	-0.35403	-0.334224	-0.359937	-0.37162	-0.397821	-0.385992	-0.423722	-0.373058	-0.380807	-0.376811	-0.402003	-0.338794	-0.410801	-0.366193	-0.356047	-0.363101	-0.352661	-0.382807	-0.382917	-0.383069	-0.398635	-0.375914	-0.376829	-0.342318	-0.383461	-0.362996	-0.37412	-0.365308	-0.357387	-0.362362	-0.388315	-0.370959	-0.373259	-0.369467	-0.372891	-0.328507	-0.369897	-0.36494	-0.335723	-0.391762	-0.407225	-0.371448	-0.378565	-0.331146	-0.460185	-0.401066	-0.388299	-0.369527	-0.397555	-0.387335	-0.38932	-0.427362	-0.382525	-0.399036	-0.377994	-0.425812	-0.358195	-0.39088	-0.388735	-0.416284	-0.404243	-0.369693	-0.361565	-0.394383	-0.438854	-0.393162	-0.35532	-0.41705	-0.3465	-0.362853	-0.340944	-0.342893	-0.378939	-0.388669	-0.388808	-0.355857	-0.408531	-0.364013	-0.406645	-0.362957	-0.377536	-0.370126	-0.37747	-0.370381	-0.334736	-0.383085	-0.375992	-0.342416	-0.371377	-0.400649	-0.36077	-0.37638	-0.393748	-0.356362	-0.427217	-0.360697	-0.341258	-0.376332	-0.441317	-0.408085	-0.380224	-0.317027	-0.391793	-0.363706	-0.370337	-0.372261	-0.413764	-0.34625	-0.356676	-0.351402	-0.388758	-0.363279	-0.372768	-0.373204	-0.378134	-0.380269	-0.351838	-0.402339	-0.382045	-0.353335	-0.4027	-0.378008	-0.37465	-0.367674	-0.370848	-0.365796	-0.392792	-0.370667	-0.349623	-0.404225	-0.392427	-0.381555	-0.391932	-0.380689	-0.399531	-0.365439	-0.360477	-0.369553	-0.383143	-0.400465	-0.366927	-0.371939	-0.432847	-0.382301	-0.390583	-0.382504	-0.406621	-0.422656	-0.394622	-0.385253	-0.324892	-0.392067	-0.372111	-0.360225	-0.397768	-0.410218	-0.369893	-0.366486	-0.346947	-0.336065	-0.424328	-0.379578	-0.396336	-0.401372	-0.38888	-0.355516	-0.355516	-0.359483	-0.376434	-0.392041	-0.348366	-0.389243	-0.341861	-0.392712	-0.351724	-0.423819	-0.374736	-0.358512	-0.31108	-0.418034	-0.357997	-0.389501	-0.310483	-0.349068	-0.411148	-0.389243	-0.350385	-0.308313	-0.394282	-0.408589	-0.387942	-0.372464	-0.390476	-0.364036	-0.318651	-0.366409	-0.374336	-0.410442	-0.347518	-0.365439	-0.357728	-0.355516	-0.373862	-0.372965	-0.38239	-0.359104	-0.350287	-0.386917	-0.352247	-0.363785	-0.365439	-0.354805	-0.402555	-0.343983	-0.36697	-0.333398	-0.378647	-0.356414	-0.358626	-0.390522	-0.310055	-0.377421	-0.299288	-0.380607	-0.363388	-0.352234	-0.410822	-0.442469	-0.373394	-0.352234	-0.411771	-0.3636	-0.355063	-0.380366	-0.358393	-0.346467	-0.389243	-0.341844	-0.402555	-0.358437	-0.385561	-0.400334	-0.38192	-0.374005	-0.398374	-0.364036	-0.358393	-0.444011	-0.377444	-0.412806	-0.352459	-0.404468	-0.347596	-0.348366	-0.374044	-0.402555	-0.381245	-0.436885	-0.336672	-0.320897	-0.332337	-0.299515	-0.430332	-0.355516	-0.314944	-0.357728	-0.352299	-0.351146	-0.357728	-0.423819	-0.371071	-0.371071	-0.401076	-0.368882	-0.390164	-0.349741	-0.456039	-0.37546	-0.389243	-0.456039	-0.363102	-0.398374	-0.346122	-0.372965	-0.392041	-0.368882	-0.335001	-0.328549	-0.357728	-0.383788	-0.358181	-0.365932	-0.416526	-0.3636	-0.381067	-0.411384	-0.36536	-0.372411	-0.357074	-0.381995	-0.337231	-0.420958	-0.371034	-0.373863	-0.395171	-0.351724	-0.375903	-0.379391	-0.352802	-0.410822	-0.396137	-0.390476	-0.355516	-0.388756	-0.38192	-0.361375	-0.377421	-0.354447	-0.408748	-0.419046	-0.412044	-0.389243	-0.351146	-0.374736	-0.373862	-0.29739	-0.430332	-0.372965	-0.308313	-0.354958	-0.352234	-0.395171	-0.348366	-0.430665	-0.381087	-0.394282	-0.375243	-0.371034	-0.324295	-0.364802	-0.376583	-0.355516	-0.335583	-0.365439	-0.408748	-0.387942	-0.325071	-0.398898	-0.38068	-0.396766	-0.369964	-0.415251	-0.365439	-0.376326	-0.433442	-0.392041	-0.411148	-0.41475	-0.421669	-0.307274	-0.372965	-0.421669	-0.336672	-0.400334	-0.412806
96000	intercept	0.423969	0.424504	0.434484	0.447797	0.415023	0.431298	0.422636	0.4531	0.452541	0.419607	0.427964	0.433905	0.414146	0.418716	0.439619	0.418637	0.454325	0.42214	0.433572	0.430355	0.485677	0.481612	0.449045	0.398479	0.463179	0.485119	0.433238	0.436386	0.416943	0.480269	0.417807	0.449649	0.430154	0.450927	0.43558	0.459306	0.435283	0.425606	0.486558	0.434501	0.429356	0.476287	0.463762	0.421364	0.442092	0.41534	0.403364	0.463334	0.413363	0.415017	0.427404	0.42186	0.446555	0.437393	0.410153	0.417497	0.389154	0.441598	0.413863	0.462943	0.430368	0.454397	0.401994	0.434188	0.464767	0.449427	0.475877	0.452673	0.433333	0.434862	0.4372	0.41386	0.440893	0.430923	0.44524	0.452156	0.458019	0.4205	0.377628	0.500541	0.460369	0.453198	0.42977	0.468919	0.456985	0.42132	0.452842	0.486667	0.466534	0.45197	0.483873	0.451237	0.409554	0.435581	0.469113	0.481905	0.42152	0.42395	0.475251	0.509864	0.440736	0.410223	0.478114	0.428829	0.440542	0.38175	0.407629	0.423052	0.444021	0.442133	0.461287	0.456962	0.430095	0.469555	0.425262	0.414435	0.431519	0.441965	0.414721	0.447001	0.448751	0.435991	0.451502	0.420064	0.416203	0.422328	0.449115	0.392541	0.428447	0.450751	0.463129	0.393832	0.464788	0.466553	0.48112	0.436849	0.455272	0.448853	0.439977	0.446119	0.467451	0.454151	0.42965	0.44893	0.408842	0.47346	0.459563	0.455094	0.4159	0.431083	0.439785	0.409286	0.463886	0.460476	0.420955	0.459054	0.428283	0.440604	0.415221	0.434299	0.404334	0.444596	0.447464	0.428735	0.439354	0.431976	0.445025	0.439505	0.411398	0.459753	0.463163	0.419227	0.447371	0.453581	0.454693	0.407096	0.444896	0.464787	0.426542	0.4368	0.462781	0.433791	0.489851	0.489288	0.492376	0.466447	0.465671	0.424134	0.454601	0.469902	0.502004	0.441165	0.450857	0.455626	0.405869	0.476809	0.440364	0.466983	0.474385	0.457205	0.391675	0.407603	0.419828	0.426669	0.454638	0.448762	0.454202	0.404082	0.404791	0.405339	0.466221	0.453271	0.461388	0.420728	0.502875	0.413923	0.451987	0.420169	0.410002	0.451397	0.452296	0.440169	0.457327	0.436278	0.43519	0.43594	0.451954	0.443388	0.43877	0.455103	0.442353	0.442353	0.404775	0.399063	0.40916	0.461388	0.407603	0.416807	0.435233	0.374479	0.441387	0.406624	0.436324	0.380009	0.414339	0.423841	0.397183	0.459365	0.418891	0.418698	0.422475	0.40445	0.479438	0.373434	0.420366	0.391653	0.480005	0.379356	0.480005	0.382573	0.428826	0.392356	0.456356	0.477855	0.428826	0.430439	0.423841	0.400199	0.374479	0.477855	0.479438	0.469406	0.422475	0.470367	0.403208	0.459083	0.459565	0.458089	0.442765	0.430201	0.43877	0.477855	0.547324	0.407808	0.450677	0.411449	0.459565	0.414653	0.442194	0.44703	0.457918	0.454638	0.523179	0.384194	0.392712	0.41454	0.457449	0.527172	0.391675	0.406589	0.463662	0.413186	0.413295	0.421001	0.464593	0.40508	0.41454	0.461714	0.437883	0.471237	0.443814	0.500973	0.424009	0.471237	0.500973	0.413186	0.442787	0.456786	0.435233	0.445194	0.451271	0.421367	0.457005	0.445418	0.46201	0.41454	0.437348	0.526305	0.423841	0.425382	0.534223	0.422671	0.421599	0.425738	0.476397	0.413186	0.452244	0.437348	0.490435	0.45938	0.402697	0.429797	0.397262	0.41454	0.409588	0.414315	0.443388	0.396123	0.397262	0.458089	0.429797	0.468504	0.434022	0.472005	0.446866	0.442694	0.471237	0.414999	0.453271	0.40445	0.388063	0.527172	0.454121	0.457327	0.423389	0.439971	0.45938	0.448762	0.474175	0.437805	0.436278	0.466168	0.437348	0.466501	0.469675	0.413186	0.385908	0.423577	0.447083	0.472005	0.43594	0.392712	0.471889	0.41129	0.397183	0.426611	0.460068	0.423841	0.451817	0.518754	0.445194	0.451397	0.450677	0.519275	0.430587	0.435233	0.518754	0.384194	0.46587	0.449168
97000	slope	-0.340834	-0.335766	-0.358255	-0.327152	-0.370092	-0.397875	-0.387581	-0.40322	-0.383568	-0.382647	-0.363877	-0.36119	-0.410937	-0.37815	-0.390879	-0.374945	-0.372503	-0.377961	-0.401088	-0.383944	-0.371014	-0.367278	-0.385565	-0.323642	-0.356461	-0.389993	-0.403102	-0.377693	-0.412932	-0.400268	-0.402793	-0.374402	-0.375898	-0.378261	-0.38277	-0.390685	-0.360987	-0.32911	-0.360625	-0.367657	-0.353136	-0.385072	-0.358121	-0.347158	-0.345686	-0.34217	-0.355573	-0.397006	-0.338741	-0.332776	-0.382824	-0.409134	-0.418492	-0.321718	-0.316603	-0.365115	-0.369791	-0.410795	-0.395027	-0.404863	-0.360343	-0.364715	-0.360214	-0.375277	-0.358968	-0.361975	-0.340466	-0.377046	-0.371919	-0.365048	-0.384504	-0.394384	-0.365425	-0.346991	-0.3522	-0.341856	-0.401558	-0.343313	-0.336771	-0.394688	-0.364667	-0.375822	-0.360793	-0.380775	-0.343919	-0.361022	-0.327821	-0.370719	-0.344709	-0.418451	-0.384113	-0.37327	-0.330856	-0.382567	-0.344213	-0.364063	-0.367295	-0.384193	-0.361209	-0.420241	-0.37982	-0.371366	-0.355906	-0.365983	-0.383229	-0.368579	-0.413909	-0.349234	-0.382252	-0.385795	-0.372851	-0.341531	-0.364969	-0.367944	-0.357049	-0.377938	-0.40225	-0.413991	-0.386528	-0.352512	-0.386665	-0.363048	-0.350958	-0.389727	-0.322874	-0.378082	-0.344779	-0.380385	-0.378364	-0.361809	-0.335492	-0.395336	-0.376126	-0.382246	-0.352801	-0.397497	-0.376051	-0.369268	-0.365827	-0.368712	-0.348844	-0.306416	-0.346584	-0.376299	-0.424648	-0.334208	-0.370952	-0.369858	-0.387943	-0.342482	-0.354837	-0.351784	-0.351732	-0.399983	-0.363832	-0.395516	-0.391558	-0.336772	-0.372688	-0.366598	-0.391972	-0.324587	-0.3529	-0.358117	-0.374029	-0.36105	-0.411698	-0.402243	-0.366144	-0.366699	-0.366942	-0.394349	-0.381254	-0.371733	-0.371246	-0.363103	-0.306227	-0.42828	-0.37222	-0.379299	-0.368959	-0.340197	-0.354317	-0.363965	-0.383021	-0.367216	-0.374228	-0.374675	-0.353837	-0.363009	-0.400268	-0.387702	-0.353121	-0.355773	-0.345062	-0.388759	-0.374429	-0.362211	-0.378138	-0.387371	-0.379374	-0.380725	-0.357101	-0.369288	-0.356595	-0.367768	-0.402314	-0.398785	-0.349106	-0.308393	-0.37069	-0.34334	-0.391699	-0.385363	-0.318373	-0.372125	-0.442597	-0.297621	-0.366416	-0.385363	-0.36028	-0.301867	-0.391699	-0.359914	-0.353391	-0.413247	-0.386239	-0.356197	-0.314833	-0.392372	-0.376511	-0.353391	-0.384671	-0.325454	-0.386737	-0.365529	-0.356125	-0.286178	-0.37069	-0.400204	-0.356056	-0.379374	-0.415706	-0.350281	-0.382369	-0.433796	-0.328682	-0.297621	-0.407691	-0.394021	-0.363505	-0.350281	-0.345792	-0.345551	-0.300066	-0.386737	-0.357448	-0.400671	-0.356239	-0.415706	-0.363505	-0.38165	-0.344173	-0.385411	-0.442597	-0.366416	-0.403336	-0.344674	-0.394872	-0.324297	-0.37069	-0.385363	-0.34334	-0.369672	-0.386051	-0.421242	-0.323635	-0.365529	-0.366416	-0.422754	-0.377581	-0.334167	-0.365439	-0.343042	-0.391699	-0.381635	-0.409383	-0.35549	-0.364758	-0.333434	-0.339065	-0.392372	-0.433796	-0.324297	-0.403727	-0.316549	-0.391699	-0.387155	-0.357101	-0.362281	-0.369768	-0.369288	-0.366416	-0.389704	-0.386103	-0.402314	-0.363505	-0.344173	-0.405303	-0.368535	-0.348378	-0.438971	-0.39536	-0.415217	-0.386674	-0.405627	-0.356239	-0.402314	-0.343042	-0.431161	-0.387846	-0.290689	-0.348378	-0.385363	-0.429252	-0.379304	-0.361448	-0.385363	-0.36804	-0.35957	-0.36804	-0.348378	-0.332455	-0.305988	-0.316549	-0.369288	-0.386103	-0.366416	-0.3309	-0.350141	-0.318373	-0.287176	-0.363505	-0.339419	-0.376181	-0.365529	-0.415706	-0.366416	-0.384432	-0.332455	-0.338838	-0.415706	-0.349835	-0.384638	-0.407265	-0.345605	-0.360543	-0.366467	-0.343042	-0.363505	-0.418633	-0.385363	-0.415867	-0.35957	-0.412695	-0.383561	-0.290689	-0.344144	-0.38644	-0.401534	-0.384145	-0.389704	-0.366467	-0.388115	-0.365967	-0.341342	-0.381972	-0.370853	-0.391366	-0.370853	-0.407691	-0.316549	-0.324297	-0.392372	-0.364758	-0.348378	-0.384763	-0.343042	-0.365371	-0.366416	-0.386368	-0.314833	-0.402314	-0.349835	-0.390059	-0.385363	-0.384671	-0.405207	-0.409383	-0.394872
97000	intercept	0.403133	0.415966	0.438947	0.398367	0.43054	0.374051	0.436979	0.407822	0.411347	0.409971	0.439398	0.46947	0.486516	0.364464	0.441422	0.42332	0.448279	0.430023	0.448056	0.440719	0.384746	0.455444	0.417779	0.400656	0.447342	0.443976	0.45119	0.447426	0.476011	0.414163	0.439161	0.488779	0.39941	0.447834	0.435833	0.433599	0.422209	0.378689	0.44475	0.415025	0.465129	0.420862	0.401805	0.430828	0.388846	0.395602	0.422088	0.419456	0.41453	0.419355	0.457536	0.465127	0.453613	0.408956	0.3907	0.443159	0.424761	0.469344	0.443391	0.418089	0.402393	0.423645	0.401317	0.414881	0.411282	0.429124	0.415616	0.455204	0.418019	0.448161	0.419682	0.437997	0.423015	0.420008	0.415283	0.40908	0.477009	0.416088	0.44504	0.459208	0.424161	0.439964	0.417795	0.456812	0.4266	0.465612	0.415387	0.428166	0.446264	0.434897	0.480423	0.44874	0.399738	0.434815	0.446887	0.418659	0.423358	0.442815	0.414941	0.421266	0.423941	0.473284	0.415425	0.424247	0.437544	0.445484	0.425039	0.409116	0.44565	0.465581	0.436878	0.427749	0.45128	0.419411	0.423891	0.464676	0.444962	0.424798	0.441392	0.424214	0.405427	0.415473	0.438137	0.451492	0.404133	0.407282	0.421871	0.421117	0.412607	0.421021	0.410282	0.489465	0.426951	0.448019	0.420757	0.439647	0.436218	0.425409	0.440468	0.455444	0.427766	0.42297	0.430032	0.42636	0.460125	0.419257	0.426214	0.443917	0.42579	0.38686	0.434333	0.425917	0.385101	0.446667	0.43708	0.465585	0.419187	0.396619	0.4368	0.474133	0.437403	0.412784	0.406153	0.416483	0.425142	0.413952	0.444296	0.433988	0.419694	0.487	0.45512	0.439177	0.433747	0.426187	0.403917	0.43834	0.397308	0.473657	0.423114	0.436798	0.388709	0.425483	0.413516	0.432063	0.419444	0.419527	0.443803	0.42491	0.400838	0.407034	0.423212	0.446526	0.393792	0.390106	0.422017	0.455821	0.443749	0.453371	0.439811	0.421747	0.435204	0.427719	0.39976	0.443439	0.41679	0.43459	0.412083	0.446714	0.39585	0.401734	0.443657	0.41679	0.440523	0.430199	0.378689	0.427335	0.486022	0.399206	0.446261	0.444127	0.453665	0.479545	0.440523	0.447337	0.446047	0.515318	0.444498	0.446076	0.402711	0.426141	0.406518	0.453665	0.487718	0.382031	0.436278	0.458433	0.428881	0.406278	0.464313	0.442132	0.402133	0.435204	0.442082	0.446076	0.417353	0.424319	0.392704	0.420602	0.446626	0.41508	0.503211	0.446076	0.447311	0.40311	0.401734	0.436278	0.399996	0.439589	0.468192	0.441967	0.503211	0.434691	0.404436	0.433625	0.486022	0.446261	0.434227	0.474533	0.438356	0.39254	0.443657	0.430199	0.41679	0.431072	0.474425	0.508532	0.432283	0.458486	0.446261	0.429681	0.398366	0.391652	0.436784	0.407079	0.440523	0.433414	0.375122	0.40311	0.434691	0.416864	0.41446	0.426141	0.417496	0.353807	0.505758	0.401734	0.426829	0.478477	0.39976	0.443657	0.444435	0.442441	0.446261	0.467072	0.470229	0.412083	0.503211	0.404436	0.445421	0.436784	0.447735	0.431438	0.442929	0.431214	0.394881	0.503961	0.468192	0.412083	0.400556	0.463831	0.474083	0.384521	0.442339	0.441275	0.450632	0.417353	0.402558	0.430199	0.407082	0.401988	0.407082	0.442339	0.391652	0.402711	0.402548	0.443439	0.461644	0.446261	0.410181	0.403907	0.378951	0.41574	0.495279	0.385285	0.397106	0.464814	0.441967	0.446261	0.454338	0.39649	0.411371	0.441967	0.410943	0.449292	0.405409	0.411371	0.44182	0.447311	0.421658	0.503211	0.463792	0.444127	0.439036	0.401988	0.441827	0.453289	0.429356	0.410181	0.483623	0.404916	0.455987	0.441664	0.447311	0.438627	0.3985	0.387359	0.430199	0.433625	0.398366	0.433625	0.453116	0.401734	0.385285	0.426141	0.434691	0.447273	0.408504	0.407079	0.39976	0.446261	0.377497	0.402711	0.412083	0.4297	0.441057	0.441041	0.478539	0.43964	0.375122	0.438356
98000	slope	-0.403828	-0.403489	-0.384339	-0.368587	-0.372035	-0.411462	-0.365111	-0.376781	-0.358149	-0.424762	-0.383478	-0.33802	-0.368999	-0.354608	-0.384948	-0.392353	-0.349397	-0.368111	-0.313371	-0.3514	-0.361259	-0.353787	-0.380484	-0.312081	-0.394361	-0.346037	-0.400485	-0.43029	-0.364441	-0.365474	-0.403039	-0.392243	-0.39832	-0.360712	-0.382767	-0.377126	-0.415103	-0.412353	-0.341015	-0.412119	-0.385934	-0.387673	-0.387068	-0.375514	-0.427322	-0.439161	-0.359971	-0.372176	-0.362299	-0.417866	-0.398939	-0.375896	-0.422506	-0.375115	-0.40171	-0.382767	-0.349492	-0.345928	-0.366977	-0.422511	-0.366348	-0.405118	-0.382654	-0.36323	-0.362121	-0.407679	-0.364617	-0.384607	-0.381689	-0.380857	-0.364719	-0.362407	-0.358275	-0.395387	-0.38146	-0.380804	-0.349083	-0.34669	-0.370874	-0.36543	-0.427118	-0.401924	-0.399151	-0.376521	-0.3488	-0.401354	-0.399018	-0.388706	-0.387631	-0.364324	-0.346459	-0.367111	-0.397482	-0.332928	-0.382067	-0.340954	-0.380039	-0.364175	-0.370148	-0.355408	-0.37944	-0.384325	-0.368829	-0.423486	-0.398728	-0.40211	-0.384286	-0.387139	-0.385399	-0.38153	-0.423102	-0.409666	-0.384072	-0.383492	-0.341722	-0.374722	-0.41355	-0.376206	-0.392296	-0.389203	-0.382004	-0.375223	-0.375516	-0.435415	-0.399652	-0.36977	-0.411491	-0.398228	-0.401622	-0.415343	-0.344229	-0.400239	-0.38308	-0.428465	-0.406817	-0.33833	-0.377448	-0.323761	-0.420514	-0.38997	-0.353359	-0.36554	-0.414014	-0.417293	-0.404338	-0.378124	-0.391717	-0.339866	-0.377414	-0.382188	-0.378668	-0.373848	-0.367542	-0.40758	-0.355376	-0.407401	-0.358149	-0.407001	-0.368952	-0.37884	-0.398924	-0.413362	-0.389782	-0.368612	-0.385862	-0.373779	-0.399093	-0.406935	-0.385626	-0.374988	-0.397871	-0.388936	-0.414857	-0.342191	-0.388668	-0.374319	-0.385818	-0.377124	-0.364806	-0.39845	-0.370637	-0.396664	-0.418814	-0.410464	-0.386709	-0.413261	-0.364756	-0.387602	-0.36752	-0.405085	-0.425076	-0.355013	-0.419104	-0.34689	-0.404537	-0.401074	-0.34866	-0.396673	-0.387764	-0.405407	-0.419484	-0.430273	-0.374568	-0.365832	-0.322097	-0.395668	-0.398694	-0.372543	-0.42553	-0.343036	-0.354897	-0.445839	-0.365698	-0.429631	-0.354897	-0.378763	-0.307462	-0.39938	-0.378094	-0.350762	-0.344766	-0.341425	-0.417833	-0.351521	-0.366997	-0.365698	-0.379802	-0.370233	-0.31607	-0.374568	-0.366361	-0.435892	-0.364451	-0.44504	-0.434406	-0.356677	-0.39984	-0.38404	-0.346079	-0.388321	-0.379585	-0.402169	-0.328969	-0.361795	-0.403561	-0.416123	-0.307462	-0.386931	-0.35737	-0.400191	-0.36061	-0.384019	-0.370187	-0.419748	-0.38678	-0.354562	-0.379862	-0.365913	-0.384791	-0.359959	-0.378094	-0.321324	-0.355197	-0.366997	-0.320908	-0.369705	-0.366932	-0.38404	-0.378094	-0.416559	-0.348147	-0.309776	-0.383805	-0.321324	-0.366361	-0.344766	-0.437728	-0.367739	-0.323433	-0.351521	-0.367739	-0.382276	-0.346079	-0.384974	-0.379802	-0.382276	-0.408436	-0.380846	-0.333103	-0.371964	-0.343036	-0.424742	-0.36329	-0.351521	-0.378895	-0.391186	-0.424666	-0.415572	-0.390114	-0.344391	-0.380143	-0.388321	-0.391186	-0.402169	-0.343368	-0.419748	-0.3942	-0.383425	-0.39938	-0.370187	-0.348147	-0.351354	-0.390114	-0.354897	-0.35737	-0.344902	-0.363527	-0.38404	-0.399173	-0.351521	-0.307462	-0.395246	-0.441611	-0.364587	-0.380846	-0.402553	-0.347359	-0.374568	-0.376863	-0.374568	-0.401444	-0.430273	-0.399672	-0.408381	-0.367941	-0.331246	-0.354897	-0.363041	-0.366361	-0.372476	-0.395246	-0.379862	-0.428927	-0.382271	-0.441611	-0.295194	-0.430456	-0.405863	-0.423287	-0.372914	-0.378895	-0.386402	-0.432309	-0.438817	-0.364587	-0.432799	-0.443282	-0.360787	-0.372983	-0.38404	-0.378923	-0.442959	-0.370187	-0.443282	-0.346079	-0.354562	-0.344391	-0.402211	-0.354577	-0.407533	-0.346079	-0.328548	-0.307462	-0.395668	-0.400191	-0.403561	-0.412059	-0.388321	-0.354577	-0.373502	-0.354912	-0.395668	-0.379862	-0.408689	-0.395246	-0.341484	-0.41973	-0.405863	-0.374568	-0.431734	-0.437067	-0.386402	-0.386086	-0.359911	-0.378042	-0.311828	-0.360787	-0.370187	-0.349786	-0.405362
98000	intercept	0.439313	0.466387	0.43688	0.433174	0.417833	0.437802	0.409981	0.448766	0.423069	0.470924	0.427999	0.437894	0.429963	0.442113	0.441778	0.479293	0.421838	0.48066	0.427589	0.431001	0.405344	0.39384	0.431738	0.42671	0.439781	0.425804	0.462369	0.462141	0.453352	0.444326	0.430585	0.441376	0.443302	0.451763	0.434177	0.410558	0.470584	0.431436	0.385766	0.44368	0.434721	0.419607	0.436905	0.424292	0.475362	0.461789	0.449049	0.414605	0.379555	0.455907	0.427354	0.421411	0.471403	0.427781	0.443545	0.430197	0.434265	0.38739	0.407725	0.455662	0.466795	0.440631	0.450672	0.442861	0.43894	0.443789	0.423371	0.416441	0.434231	0.425116	0.444776	0.437925	0.400241	0.426232	0.423081	0.425176	0.422423	0.378073	0.425036	0.444273	0.472236	0.41372	0.420756	0.446467	0.377684	0.4748	0.431137	0.434384	0.432117	0.400134	0.443407	0.451561	0.445808	0.42548	0.453819	0.44522	0.433027	0.405166	0.443677	0.44707	0.46722	0.439563	0.457225	0.480814	0.43714	0.45003	0.460733	0.457372	0.448647	0.41445	0.436369	0.451152	0.414757	0.445323	0.429748	0.423666	0.457387	0.416291	0.408474	0.481254	0.430564	0.432627	0.443202	0.48599	0.412559	0.455029	0.440771	0.449532	0.44827	0.467031	0.421007	0.451423	0.440499	0.44272	0.450166	0.411818	0.430825	0.444331	0.45671	0.463876	0.409632	0.434874	0.446031	0.485353	0.471432	0.398104	0.450875	0.436249	0.460167	0.404741	0.445605	0.42247	0.446474	0.450651	0.399163	0.486673	0.427352	0.468596	0.438869	0.41247	0.457952	0.464278	0.421595	0.443947	0.463963	0.41623	0.463453	0.46284	0.395864	0.42626	0.427508	0.456956	0.479135	0.418553	0.423057	0.422239	0.418464	0.433141	0.396625	0.428079	0.438948	0.472211	0.446828	0.462588	0.45369	0.481316	0.391686	0.442201	0.414604	0.418668	0.429746	0.41846	0.473446	0.419556	0.473077	0.427508	0.408931	0.448716	0.417309	0.46184	0.480678	0.49081	0.409746	0.386604	0.407969	0.433807	0.491894	0.436044	0.455663	0.432882	0.445338	0.451191	0.468378	0.477288	0.445338	0.475286	0.361787	0.439009	0.436489	0.42816	0.345191	0.442292	0.483843	0.345191	0.468378	0.468378	0.444335	0.422273	0.40695	0.40306	0.463259	0.469824	0.426929	0.488012	0.453168	0.426908	0.440896	0.400155	0.410177	0.459574	0.404439	0.470646	0.444337	0.431361	0.461323	0.453766	0.361787	0.410556	0.404716	0.474675	0.419424	0.390014	0.432161	0.475754	0.439232	0.415667	0.472674	0.421011	0.409957	0.36244	0.432161	0.435938	0.474073	0.468378	0.363033	0.403301	0.421656	0.437996	0.432161	0.422072	0.454881	0.410841	0.439895	0.435938	0.428279	0.345191	0.452176	0.395499	0.44082	0.345191	0.395499	0.421011	0.410177	0.403903	0.444335	0.421011	0.47879	0.466704	0.454091	0.427404	0.436801	0.45368	0.43396	0.335956	0.399676	0.458206	0.491156	0.494893	0.433997	0.363033	0.408319	0.458033	0.46638	0.470646	0.447554	0.475754	0.438409	0.460467	0.439009	0.432161	0.458509	0.394516	0.433997	0.445338	0.404716	0.425412	0.43745	0.416869	0.432115	0.345191	0.361787	0.431112	0.497297	0.421264	0.466704	0.430904	0.417765	0.409746	0.405926	0.409746	0.444497	0.49081	0.455861	0.445133	0.419062	0.355357	0.445338	0.392809	0.474486	0.433013	0.431112	0.471416	0.466559	0.390668	0.497297	0.409083	0.500807	0.421528	0.498119	0.435938	0.399676	0.45275	0.441836	0.47187	0.421264	0.45368	0.463302	0.46951	0.432771	0.437996	0.453319	0.477292	0.417937	0.470605	0.410177	0.415667	0.363033	0.431319	0.413948	0.477163	0.401183	0.414158	0.361787	0.435143	0.474675	0.461323	0.43016	0.459574	0.413948	0.408319	0.435534	0.435143	0.471416	0.47879	0.431112	0.426393	0.454305	0.421528	0.409746	0.470917	0.47216	0.45275	0.447742	0.432161	0.460467	0.471236	0.460151	0.432161	0.392434	0.457793
99000	slope	-0.407786	-0.387119	-0.374005	-0.413591	-0.382016	-0.382699	-0.407471	-0.369168	-0.424519	-0.383533	-0.405078	-0.339035	-0.369656	-0.387758	-0.371896	-0.387558	-0.382698	-0.392652	-0.376632	-0.380883	-0.422116	-0.395563	-0.364769	-0.367777	-0.365329	-0.38017	-0.359754	-0.411405	-0.353538	-0.35273	-0.382753	-0.367786	-0.370234	-0.398283	-0.396197	-0.395428	-0.409116	-0.330706	-0.388217	-0.36537	-0.429415	-0.369412	-0.378711	-0.369812	-0.389764	-0.338074	-0.391688	-0.393568	-0.380364	-0.364777	-0.381335	-0.40303	-0.362268	-0.394896	-0.391608	-0.359418	-0.391029	-0.414043	-0.379883	-0.391383	-0.398292	-0.440754	-0.381972	-0.402095	-0.374941	-0.385494	-0.41609	-0.407579	-0.384008	-0.387316	-0.385988	-0.361176	-0.384393	-0.375373	-0.397505	-0.39065	-0.433122	-0.385743	-0.389347	-0.374311	-0.407119	-0.425655	-0.399068	-0.387223	-0.385088	-0.373898	-0.400767	-0.387576	-0.413069	-0.358805	-0.385239	-0.395142	-0.373537	-0.37347	-0.422097	-0.374732	-0.379435	-0.407168	-0.403783	-0.40652	-0.39412	-0.39768	-0.342782	-0.401789	-0.384453	-0.383572	-0.382742	-0.420066	-0.399777	-0.412198	-0.374967	-0.361345	-0.394959	-0.366433	-0.38048	-0.370222	-0.40945	-0.363141	-0.405474	-0.369191	-0.416707	-0.385757	-0.414363	-0.421925	-0.413697	-0.382748	-0.399175	-0.355539	-0.400232	-0.390862	-0.396259	-0.382468	-0.379622	-0.368951	-0.390333	-0.396702	-0.386171	-0.374515	-0.388888	-0.360734	-0.365096	-0.373896	-0.406508	-0.392937	-0.404804	-0.397479	-0.367324	-0.3806	-0.365379	-0.402148	-0.373312	-0.410076	-0.392204	-0.356446	-0.351009	-0.41262	-0.365055	-0.385642	-0.382683	-0.335738	-0.354769	-0.379052	-0.403384	-0.380297	-0.424197	-0.372771	-0.364624	-0.354206	-0.415048	-0.402829	-0.400147	-0.374595	-0.378607	-0.357219	-0.350285	-0.354899	-0.354519	-0.35264	-0.347626	-0.378102	-0.398722	-0.37993	-0.375751	-0.36895	-0.402219	-0.424891	-0.416471	-0.408221	-0.412851	-0.368672	-0.388755	-0.381827	-0.366025	-0.390834	-0.392885	-0.402814	-0.435977	-0.431919	-0.440083	-0.391052	-0.375293	-0.390534	-0.384274	-0.387345	-0.35639	-0.380958	-0.414006	-0.412511	-0.381572	-0.391212	-0.38518	-0.408206	-0.402821	-0.366377	-0.401477	-0.324841	-0.387141	-0.375344	-0.379636	-0.40305	-0.324841	-0.391661	-0.376387	-0.346916	-0.417102	-0.393057	-0.340708	-0.376279	-0.353168	-0.387141	-0.379211	-0.329715	-0.383571	-0.421656	-0.386089	-0.424874	-0.39924	-0.384697	-0.400221	-0.431807	-0.396121	-0.345109	-0.394474	-0.410903	-0.40721	-0.345109	-0.381888	-0.397033	-0.380709	-0.387339	-0.332851	-0.389698	-0.451087	-0.376032	-0.407338	-0.37956	-0.377227	-0.353168	-0.334911	-0.383265	-0.436612	-0.415465	-0.336083	-0.35324	-0.419193	-0.332547	-0.394278	-0.392735	-0.394572	-0.393798	-0.373277	-0.343313	-0.409463	-0.422494	-0.37542	-0.345677	-0.384274	-0.428565	-0.410178	-0.340708	-0.373164	-0.412511	-0.343313	-0.398655	-0.357956	-0.37372	-0.389323	-0.354	-0.324841	-0.365051	-0.378617	-0.47789	-0.393057	-0.359159	-0.373979	-0.456274	-0.36968	-0.375729	-0.417889	-0.317727	-0.402821	-0.39924	-0.324841	-0.336571	-0.366271	-0.358161	-0.434664	-0.393057	-0.375729	-0.424874	-0.316476	-0.464947	-0.374758	-0.385113	-0.381166	-0.448356	-0.363479	-0.403566	-0.391831	-0.35467	-0.345615	-0.352973	-0.364746	-0.431893	-0.440346	-0.37542	-0.368158	-0.424874	-0.419336	-0.403434	-0.357198	-0.433863	-0.35467	-0.403434	-0.379147	-0.354	-0.417006	-0.369385	-0.368411	-0.359953	-0.387094	-0.383456	-0.348953	-0.373979	-0.386278	-0.394098	-0.33348	-0.362825	-0.407338	-0.362499	-0.381888	-0.439526	-0.385522	-0.417346	-0.354	-0.442565	-0.401726	-0.374758	-0.401606	-0.367463	-0.375076	-0.337376	-0.405837	-0.387213	-0.34117	-0.389557	-0.397468	-0.402821	-0.382529	-0.389684	-0.366377	-0.425833	-0.397585	-0.391108	-0.380313	-0.345109	-0.402821	-0.444895	-0.375261	-0.436584	-0.393057	-0.349611	-0.376165	-0.378185	-0.376038	-0.379636	-0.370616	-0.410903	-0.395959	-0.345109	-0.451535	-0.427422	-0.35467	-0.387422	-0.340708	-0.403018	-0.397449	-0.368481	-0.387141	-0.376038
99000	intercept	0.446124	0.441869	0.468294	0.441971	0.426323	0.44885	0.453757	0.465226	0.456594	0.459425	0.461017	0.401703	0.422164	0.438246	0.460038	0.443605	0.433505	0.435466	0.460993	0.444666	0.446124	0.473344	0.432067	0.418822	0.43658	0.434612	0.39431	0.451518	0.44546	0.409639	0.476459	0.408079	0.444786	0.43985	0.460411	0.454328	0.460764	0.434835	0.462258	0.403625	0.507589	0.407299	0.421615	0.429651	0.449145	0.446484	0.42189	0.443076	0.467009	0.416229	0.433768	0.491728	0.424567	0.458922	0.46355	0.437623	0.424965	0.45004	0.446545	0.434268	0.454824	0.446989	0.436498	0.43403	0.474977	0.44969	0.46184	0.418394	0.455046	0.435548	0.423214	0.446148	0.448852	0.440381	0.447523	0.473786	0.456623	0.43985	0.431813	0.436609	0.421338	0.466753	0.419182	0.409887	0.435269	0.457655	0.467938	0.416882	0.445632	0.42163	0.423683	0.468594	0.441964	0.443822	0.441609	0.407675	0.429824	0.415982	0.454239	0.438749	0.443968	0.462119	0.407666	0.442393	0.441891	0.420903	0.444234	0.468209	0.479924	0.463401	0.451516	0.434446	0.479841	0.433049	0.44871	0.447595	0.452273	0.451492	0.432419	0.427041	0.477489	0.441248	0.473849	0.431398	0.443292	0.425251	0.446455	0.437842	0.439188	0.44408	0.436191	0.42765	0.458126	0.453056	0.444951	0.480844	0.447256	0.451282	0.44658	0.462417	0.428642	0.472413	0.437615	0.453999	0.475866	0.428314	0.457747	0.465545	0.444556	0.424055	0.418706	0.448909	0.440502	0.417687	0.452882	0.482465	0.43463	0.4178	0.415081	0.412288	0.455264	0.426837	0.427317	0.421752	0.495314	0.460294	0.433232	0.44101	0.462566	0.462581	0.431273	0.435801	0.485371	0.431062	0.416433	0.448703	0.428189	0.397803	0.425838	0.423733	0.441953	0.457727	0.431724	0.406373	0.461616	0.447955	0.450393	0.469306	0.459339	0.453176	0.455259	0.470996	0.464243	0.428984	0.438348	0.442586	0.489692	0.451515	0.473171	0.414893	0.445209	0.400234	0.444509	0.428727	0.423202	0.4325	0.480911	0.454615	0.448705	0.403116	0.460902	0.493709	0.425274	0.429509	0.480746	0.430294	0.472202	0.411794	0.411004	0.439565	0.430294	0.438165	0.418811	0.475916	0.434177	0.458964	0.445479	0.467162	0.460902	0.472202	0.493724	0.423936	0.44247	0.466199	0.411794	0.444272	0.459412	0.467162	0.452174	0.460034	0.490969	0.424266	0.425274	0.439565	0.483624	0.424266	0.474668	0.444774	0.410473	0.425879	0.415054	0.449774	0.525436	0.429772	0.490969	0.403899	0.492597	0.460902	0.45221	0.411794	0.467783	0.441938	0.436391	0.414739	0.495566	0.40965	0.446141	0.451726	0.448205	0.444774	0.420641	0.444434	0.4758	0.422133	0.420641	0.414739	0.444509	0.426098	0.505742	0.445479	0.418994	0.447432	0.437146	0.473116	0.46656	0.418994	0.450668	0.432865	0.430294	0.421492	0.423202	0.524209	0.458964	0.424784	0.460902	0.460625	0.472476	0.439737	0.461332	0.40965	0.425274	0.459412	0.430294	0.424807	0.413379	0.461514	0.477268	0.434177	0.43332	0.438717	0.430294	0.47059	0.470171	0.458224	0.425879	0.460625	0.437218	0.455174	0.429815	0.418528	0.423202	0.441036	0.43332	0.434577	0.426196	0.420641	0.461535	0.432081	0.475348	0.440842	0.439606	0.497776	0.418528	0.440842	0.383291	0.432865	0.4758	0.437935	0.423202	0.464672	0.466044	0.483327	0.458691	0.460902	0.4452	0.478405	0.429625	0.45129	0.490969	0.415054	0.469527	0.496543	0.388481	0.465936	0.432865	0.446162	0.466044	0.467108	0.425879	0.429418	0.469245	0.418528	0.490969	0.445209	0.444536	0.446141	0.467162	0.427802	0.396525	0.423919	0.413816	0.397664	0.44507	0.45607	0.408193	0.424266	0.417308	0.426196	0.410484	0.497768	0.457445	0.440892	0.429509	0.432007	0.396214	0.411004	0.45372	0.439565	0.442626	0.424266	0.524209	0.416593	0.418528	0.48553	0.442896	0.427117	0.468936	0.445209	0.472202	0.39697
100000	slope	-0.338528	-0.373269	-0.390128	-0.337937	-0.358194	-0.352099	-0.376282	-0.348837	-0.41338	-0.462877	-0.3761	-0.384392	-0.418383	-0.396687	-0.404165	-0.382134	-0.389227	-0.369424	-0.366377	-0.408047	-0.381402	-0.398782	-0.399008	-0.379077	-0.391866	-0.346252	-0.424856	-0.373226	-0.421601	-0.380132	-0.430358	-0.406689	-0.374597	-0.38011	-0.377614	-0.380155	-0.374184	-0.389951	-0.370181	-0.415729	-0.372796	-0.424388	-0.363479	-0.420926	-0.401455	-0.383257	-0.396907	-0.397602	-0.41851	-0.40423	-0.374184	-0.368718	-0.400301	-0.384385	-0.384007	-0.426109	-0.377469	-0.427419	-0.376765	-0.385142	-0.409239	-0.380808	-0.375496	-0.37542	-0.380608	-0.3882	-0.400729	-0.42474	-0.367441	-0.38957	-0.360946	-0.423809	-0.399178	-0.393678	-0.334182	-0.377894	-0.352984	-0.403935	-0.421191	-0.386702	-0.420798	-0.420434	-0.362774	-0.387769	-0.371376	-0.373372	-0.414438	-0.368666	-0.399557	-0.383122	-0.391198	-0.370443	-0.365903	-0.370324	-0.401618	-0.399913	-0.387723	-0.382364	-0.420825	-0.370203	-0.37047	-0.378719	-0.403381	-0.377527	-0.367222	-0.34765	-0.361253	-0.342201	-0.368227	-0.394901	-0.374713	-0.409988	-0.398958	-0.36364	-0.407264	-0.415427	-0.395349	-0.424166	-0.392383	-0.416019	-0.393503	-0.41344	-0.400786	-0.400244	-0.389154	-0.379139	-0.409086	-0.392293	-0.38133	-0.388128	-0.38871	-0.425746	-0.400009	-0.376777	-0.399733	-0.375316	-0.401054	-0.39671	-0.396968	-0.403349	-0.427281	-0.394489	-0.385922	-0.382901	-0.394202	-0.378693	-0.413287	-0.384639	-0.42594	-0.383792	-0.40178	-0.391852	-0.415789	-0.369004	-0.414084	-0.382167	-0.348723	-0.37102	-0.374676	-0.356177	-0.415872	-0.424313	-0.419679	-0.361986	-0.410134	-0.375908	-0.417502	-0.410747	-0.391631	-0.394257	-0.393177	-0.369693	-0.384036	-0.364486	-0.390921	-0.367421	-0.368678	-0.419747	-0.393887	-0.394901	-0.38788	-0.350706	-0.379337	-0.402273	-0.425418	-0.398625	-0.380626	-0.356768	-0.368713	-0.39519	-0.372877	-0.384861	-0.397844	-0.371545	-0.410367	-0.421136	-0.35638	-0.36497	-0.377505	-0.398607	-0.403789	-0.368778	-0.3808	-0.342114	-0.47049	-0.346618	-0.365791	-0.410673	-0.411391	-0.380994	-0.337189	-0.386623	-0.406011	-0.411391	-0.404054	-0.35416	-0.360111	-0.376872	-0.421379	-0.395011	-0.360904	-0.371641	-0.367484	-0.41866	-0.363011	-0.368878	-0.381647	-0.389469	-0.390226	-0.391785	-0.373176	-0.41005	-0.372469	-0.410941	-0.329809	-0.440139	-0.438981	-0.421564	-0.372132	-0.382952	-0.376544	-0.440139	-0.3937	-0.396854	-0.384841	-0.360377	-0.346679	-0.405884	-0.41866	-0.368567	-0.366671	-0.438869	-0.363284	-0.38201	-0.376311	-0.377318	-0.37014	-0.435641	-0.354643	-0.381741	-0.344076	-0.440139	-0.352446	-0.388705	-0.364514	-0.436815	-0.418234	-0.371901	-0.380216	-0.400115	-0.365791	-0.323286	-0.329809	-0.391111	-0.344147	-0.396452	-0.392906	-0.387444	-0.376857	-0.353973	-0.376702	-0.381647	-0.407849	-0.37886	-0.40984	-0.418234	-0.346679	-0.37636	-0.384841	-0.384767	-0.366275	-0.395011	-0.396452	-0.391634	-0.403672	-0.346389	-0.376452	-0.401863	-0.359623	-0.373102	-0.422635	-0.376452	-0.323286	-0.410673	-0.422222	-0.35244	-0.374389	-0.398903	-0.383524	-0.47049	-0.342114	-0.375882	-0.410804	-0.402243	-0.431332	-0.396854	-0.391785	-0.387066	-0.349124	-0.410904	-0.366275	-0.418394	-0.453341	-0.376452	-0.424858	-0.367896	-0.396854	-0.323286	-0.392704	-0.359623	-0.418007	-0.377293	-0.376452	-0.374389	-0.404054	-0.435226	-0.369349	-0.469763	-0.37014	-0.387149	-0.35416	-0.439294	-0.398903	-0.35416	-0.409467	-0.406683	-0.368567	-0.43879	-0.369349	-0.376544	-0.435641	-0.400183	-0.3942	-0.395011	-0.351159	-0.421644	-0.389877	-0.391111	-0.391319	-0.413184	-0.40743	-0.420272	-0.333168	-0.324959	-0.377293	-0.396854	-0.362337	-0.41005	-0.400115	-0.35416	-0.372132	-0.381647	-0.360899	-0.376857	-0.395011	-0.3808	-0.416169	-0.430228	-0.389783	-0.371641	-0.469763	-0.434229	-0.36954	-0.392906	-0.370169	-0.419023	-0.405884	-0.36954	-0.397253	-0.422469	-0.381647	-0.426799	-0.395011	-0.398069	-0.360609	-0.472414	-0.396854	-0.377293	-0.39828	-0.398701
100000	intercept	0.417196	0.435516	0.439206	0.425121	0.425007	0.421899	0.418011	0.413285	0.479756	0.478312	0.443553	0.444969	0.449197	0.399193	0.450706	0.447292	0.441106	0.428641	0.425304	0.458451	0.450165	0.460453	0.470938	0.414628	0.461017	0.465837	0.450449	0.437579	0.465211	0.401762	0.448875	0.440185	0.433018	0.401264	0.479013	0.423936	0.426665	0.453633	0.44298	0.487067	0.427218	0.438435	0.400172	0.430841	0.458821	0.451146	0.478844	0.424338	0.457929	0.438584	0.429013	0.419357	0.451725	0.429591	0.426446	0.471923	0.403895	0.439685	0.418426	0.417282	0.475111	0.44719	0.420431	0.455197	0.4696	0.436551	0.453187	0.45858	0.426441	0.470119	0.433428	0.463163	0.435889	0.470731	0.414167	0.41273	0.423021	0.455796	0.475149	0.473121	0.449903	0.488401	0.457442	0.41888	0.454644	0.426896	0.447396	0.451751	0.455921	0.430655	0.464826	0.444849	0.406703	0.461969	0.446604	0.449249	0.426032	0.452563	0.444768	0.424936	0.465586	0.426787	0.451398	0.419991	0.456189	0.397181	0.438934	0.438591	0.417004	0.438229	0.415817	0.436841	0.434397	0.440159	0.450488	0.449685	0.433948	0.438435	0.445158	0.471194	0.472936	0.45501	0.437818	0.459141	0.465683	0.419615	0.42669	0.468264	0.474061	0.446578	0.435191	0.465488	0.44449	0.433599	0.434338	0.471367	0.423705	0.405892	0.457167	0.44425	0.462797	0.467741	0.435335	0.44952	0.427121	0.420278	0.453967	0.440126	0.463093	0.47052	0.45023	0.447732	0.444888	0.426239	0.422826	0.421552	0.427509	0.431644	0.417669	0.435503	0.469939	0.441943	0.452957	0.405625	0.439883	0.417159	0.46405	0.423937	0.435994	0.426144	0.405641	0.434474	0.436601	0.455296	0.421112	0.416603	0.450113	0.442328	0.446853	0.444086	0.430076	0.427531	0.431424	0.464217	0.459347	0.426482	0.470059	0.434546	0.423587	0.429415	0.431678	0.414978	0.416946	0.434919	0.468562	0.473118	0.434084	0.471122	0.425486	0.453973	0.44954	0.429947	0.469427	0.417898	0.485409	0.440948	0.447512	0.453661	0.384042	0.432986	0.451717	0.439214	0.456133	0.383804	0.49165	0.418482	0.386246	0.432986	0.427983	0.404429	0.524693	0.373916	0.470392	0.428833	0.402874	0.432603	0.410779	0.418491	0.422379	0.407548	0.412985	0.45945	0.429307	0.481691	0.417177	0.49658	0.440696	0.425124	0.446391	0.454223	0.419843	0.494918	0.456886	0.423095	0.441576	0.4039	0.440948	0.431218	0.428833	0.419481	0.451608	0.453954	0.427569	0.429307	0.423636	0.382261	0.428312	0.46668	0.454537	0.402031	0.411274	0.489649	0.473454	0.456451	0.443066	0.485423	0.424187	0.483774	0.454093	0.419892	0.447512	0.399951	0.419608	0.42757	0.444008	0.451732	0.409628	0.429307	0.428172	0.410159	0.442805	0.410779	0.399206	0.391406	0.44954	0.439069	0.440948	0.402964	0.441576	0.40425	0.413725	0.427648	0.458465	0.429382	0.393484	0.440948	0.484351	0.414642	0.449876	0.417898	0.498996	0.484351	0.380671	0.453661	0.484377	0.421492	0.410135	0.43222	0.469479	0.485409	0.417898	0.450698	0.382261	0.475463	0.515019	0.450393	0.407548	0.468363	0.423636	0.421616	0.414788	0.456263	0.47159	0.484351	0.410236	0.41122	0.423095	0.380671	0.463327	0.449876	0.494303	0.388812	0.484351	0.42662	0.49165	0.440696	0.447307	0.485034	0.428312	0.45884	0.418482	0.42447	0.43222	0.42861	0.444972	0.423095	0.419481	0.526459	0.447307	0.419843	0.46668	0.453054	0.488271	0.414642	0.483307	0.444231	0.487765	0.42757	0.479216	0.481691	0.460203	0.461554	0.451717	0.415016	0.370301	0.450393	0.398256	0.45945	0.419892	0.421492	0.446391	0.410779	0.406585	0.428172	0.414642	0.469427	0.444847	0.461554	0.391896	0.380684	0.485034	0.501544	0.427493	0.423091	0.423539	0.455995	0.418491	0.427493	0.382338	0.451908	0.410779	0.464202	0.414642	0.423095	0.428709	0.50065	0.423095	0.382261	0.417319	0.391896
