generation	param	Ind1	Ind2	Ind3	Ind4	Ind5	Ind6	Ind7	Ind8	Ind9	Ind10	Ind11	Ind12	Ind13	Ind14	Ind15	Ind16	Ind17	Ind18	Ind19	Ind20	Ind21	Ind22	Ind23	Ind24	Ind25	Ind26	Ind27	Ind28	Ind29	Ind30	Ind31	Ind32	Ind33	Ind34	Ind35	Ind36	Ind37	Ind38	Ind39	Ind40	Ind41	Ind42	Ind43	Ind44	Ind45	Ind46	Ind47	Ind48	Ind49	Ind50	Ind51	Ind52	Ind53	Ind54	Ind55	Ind56	Ind57	Ind58	Ind59	Ind60	Ind61	Ind62	Ind63	Ind64	Ind65	Ind66	Ind67	Ind68	Ind69	Ind70	Ind71	Ind72	Ind73	Ind74	Ind75	Ind76	Ind77	Ind78	Ind79	Ind80	Ind81	Ind82	Ind83	Ind84	Ind85	Ind86	Ind87	Ind88	Ind89	Ind90	Ind91	Ind92	Ind93	Ind94	Ind95	Ind96	Ind97	Ind98	Ind99	Ind100	Ind101	Ind102	Ind103	Ind104	Ind105	Ind106	Ind107	Ind108	Ind109	Ind110	Ind111	Ind112	Ind113	Ind114	Ind115	Ind116	Ind117	Ind118	Ind119	Ind120	Ind121	Ind122	Ind123	Ind124	Ind125	Ind126	Ind127	Ind128	Ind129	Ind130	Ind131	Ind132	Ind133	Ind134	Ind135	Ind136	Ind137	Ind138	Ind139	Ind140	Ind141	Ind142	Ind143	Ind144	Ind145	Ind146	Ind147	Ind148	Ind149	Ind150	Ind151	Ind152	Ind153	Ind154	Ind155	Ind156	Ind157	Ind158	Ind159	Ind160	Ind161	Ind162	Ind163	Ind164	Ind165	Ind166	Ind167	Ind168	Ind169	Ind170	Ind171	Ind172	Ind173	Ind174	Ind175	Ind176	Ind177	Ind178	Ind179	Ind180	Ind181	Ind182	Ind183	Ind184	Ind185	Ind186	Ind187	Ind188	Ind189	Ind190	Ind191	Ind192	Ind193	Ind194	Ind195	Ind196	Ind197	Ind198	Ind199	Ind200	Hapl1	Hapl2	Hapl3	Hapl4	Hapl5	Hapl6	Hapl7	Hapl8	Hapl9	Hapl10	Hapl11	Hapl12	Hapl13	Hapl14	Hapl15	Hapl16	Hapl17	Hapl18	Hapl19	Hapl20	Hapl21	Hapl22	Hapl23	Hapl24	Hapl25	Hapl26	Hapl27	Hapl28	Hapl29	Hapl30	Hapl31	Hapl32	Hapl33	Hapl34	Hapl35	Hapl36	Hapl37	Hapl38	Hapl39	Hapl40	Hapl41	Hapl42	Hapl43	Hapl44	Hapl45	Hapl46	Hapl47	Hapl48	Hapl49	Hapl50	Hapl51	Hapl52	Hapl53	Hapl54	Hapl55	Hapl56	Hapl57	Hapl58	Hapl59	Hapl60	Hapl61	Hapl62	Hapl63	Hapl64	Hapl65	Hapl66	Hapl67	Hapl68	Hapl69	Hapl70	Hapl71	Hapl72	Hapl73	Hapl74	Hapl75	Hapl76	Hapl77	Hapl78	Hapl79	Hapl80	Hapl81	Hapl82	Hapl83	Hapl84	Hapl85	Hapl86	Hapl87	Hapl88	Hapl89	Hapl90	Hapl91	Hapl92	Hapl93	Hapl94	Hapl95	Hapl96	Hapl97	Hapl98	Hapl99	Hapl100	Hapl101	Hapl102	Hapl103	Hapl104	Hapl105	Hapl106	Hapl107	Hapl108	Hapl109	Hapl110	Hapl111	Hapl112	Hapl113	Hapl114	Hapl115	Hapl116	Hapl117	Hapl118	Hapl119	Hapl120	Hapl121	Hapl122	Hapl123	Hapl124	Hapl125	Hapl126	Hapl127	Hapl128	Hapl129	Hapl130	Hapl131	Hapl132	Hapl133	Hapl134	Hapl135	Hapl136	Hapl137	Hapl138	Hapl139	Hapl140	Hapl141	Hapl142	Hapl143	Hapl144	Hapl145	Hapl146	Hapl147	Hapl148	Hapl149	Hapl150	Hapl151	Hapl152	Hapl153	Hapl154	Hapl155	Hapl156	Hapl157	Hapl158	Hapl159	Hapl160	Hapl161	Hapl162	Hapl163	Hapl164	Hapl165	Hapl166	Hapl167	Hapl168	Hapl169	Hapl170	Hapl171	Hapl172	Hapl173	Hapl174	Hapl175	Hapl176	Hapl177	Hapl178	Hapl179	Hapl180	Hapl181	Hapl182	Hapl183	Hapl184	Hapl185	Hapl186	Hapl187	Hapl188	Hapl189	Hapl190	Hapl191	Hapl192	Hapl193	Hapl194	Hapl195	Hapl196	Hapl197	Hapl198	Hapl199	Hapl200
10	slope	0.0	0.0	0.0	0.0	-0.00672766	0.0	0.0	-0.00722211	0.0	0.0	0.0	0.0	0.0	0.0	0.0	0.0	0.0	0.0	0.0	0.0	0.0	0.0	0.0	0.0	0.0	0.0	0.0	0.0	0.0	0.0	0.0	0.0	0.0	0.0	0.0	0.0	0.0	0.0	0.0	0.0	0.0	0.0	0.0	0.0	0.0	0.0	0.0	0.0	0.0	0.0	0.0	0.0	0.0	0.0	0.000247523	-0.00959744	0.0	0.0	0.0	0.0	0.0	0.0	-0.0171967	0.0	0.0	0.0	0.0	0.0130146	0.0	0.0	0.0	0.00186393	0.0	0.0	0.0	0.0	0.0	0.0	0.0	0.0	0.0	0.0	0.0	0.0	0.0	0.0	0.0	0.0	0.0	0.0	0.0	0.0	0.0	0.0	0.0	0.0	0.0	0.0	-0.00401489	-0.00476795	0.0	0.0	0.0	0.0	0.0	0.0	0.0	0.0	0.0	0.0	0.0	0.0	0.0	0.0	0.0	0.0	0.0	0.0	0.0	0.0	0.0	0.0	0.0	0.00264691	0.0	0.0	0.0	0.0	0.0	0.0	0.0	0.0	0.0	0.0	0.0	0.0	0.0	0.0	0.0	0.0	0.0	0.0	0.0	0.0	0.0	0.0	0.0	0.0	0.0	0.0	0.0	0.0	0.0	0.0	0.0	0.0	0.0	0.0	0.0	0.0	-0.000688303	0.0	0.0	0.0	0.0	0.0	0.0	0.0	0.0	0.0	0.0	0.0	0.0	0.0	0.0	0.0	0.0	0.0	0.0	0.0	0.0	0.0	0.0	0.0	0.0	0.0	0.0	0.0	0.0	0.0	0.0	0.0	0.0	0.0	0.0	0.0	0.0	0.0	0.0	0.0	0.0	0.0	0.0	0.0	0.0	0.0	0.0	0.0	0.0	0.0	0.0	0.0	0.0	0.0	0.0	0.0	0.0	0.0	0.0	0.0	0.0	0.0	0.0	0.0	0.0	0.0	0.0	0.0	0.0	0.0	0.0	0.0	0.0	0.0	0.0	0.0	0.0	0.0	0.0	0.0	0.0	0.0	0.0	0.0	0.0	0.0	0.0	0.0	0.0	0.0	0.0	0.0	0.0	0.0	0.0	0.0	0.0	0.0	0.0	0.0	0.0	0.0	0.0	0.0	0.0	0.0	0.0	0.0	0.0	0.0	0.0	0.0	0.0	0.0	0.0	0.0	0.0	0.0	0.0	-0.00275977	0.0	0.0	0.0	0.0	0.0	0.0	0.0	0.0	0.0	0.0	0.0	0.0	0.0	0.0	0.0	0.0	0.0	0.0	0.0	0.0	0.0	0.0	0.0	0.0	0.0	0.0	0.0	0.0	0.0	0.0	0.0	0.0	0.0	0.0	0.0	0.0	0.0	0.0	0.0	0.0	0.0	0.0	0.0	0.0	0.0	0.0	0.0	0.0	0.0	0.0	0.0	0.0	0.0	0.0	0.0	0.0	0.0	0.0	0.0	0.0	0.0	0.000970252	0.0	0.0	0.0	0.0	0.0	0.0	0.0	0.0	0.0	0.0	0.0	0.0	0.0	0.0	0.0	0.0	0.0	0.0	0.0	0.0	0.0	0.0	0.0	0.0	0.0	0.0	0.0	0.0	0.00911292	0.0	0.0	0.0	0.0	0.0	0.0	0.0	0.00265448	0.0	0.0	0.0	0.0	0.0	-0.00789169	0.0	0.0	0.0	0.0	0.0	0.0	0.0	0.0	0.0	0.0	0.0	0.0	0.0	0.0	0.0
10	intercept	0.5	0.5	0.5	0.499757	0.5	0.5	0.5	0.5	0.5	0.5	0.5	0.5	0.5	0.5	0.5	0.5	0.5	0.5	0.5	0.5	0.5	0.5	0.5	0.5	0.5	0.5	0.5	0.5	0.5	0.5	0.5	0.503013	0.5	0.5	0.5	0.5	0.5	0.5	0.5	0.5	0.5	0.5	0.5	0.5	0.506232	0.5	0.5	0.5	0.5	0.5	0.5	0.5	0.5	0.5	0.5	0.5	0.5	0.5	0.5	0.5	0.5	0.5	0.5	0.5	0.5	0.5	0.5	0.5	0.5	0.5	0.5	0.5	0.5	0.5	0.5	0.5	0.5	0.5	0.5	0.505191	0.5	0.5	0.5	0.5	0.5	0.5	0.5	0.5	0.5	0.5	0.501733	0.5	0.5	0.5	0.5	0.5	0.5	0.5	0.5	0.5	0.5	0.49809	0.5	0.5	0.5	0.5	0.488507	0.5	0.5	0.5	0.5	0.5	0.5	0.5	0.5	0.5	0.5	0.5	0.5	0.5	0.5	0.5	0.5	0.5	0.5	0.5	0.5	0.5	0.499761	0.5	0.5	0.5	0.5	0.5	0.5	0.5	0.5	0.5	0.5	0.5	0.5	0.5	0.5	0.5	0.5	0.5	0.505396	0.5	0.5	0.5	0.5	0.5	0.5	0.5	0.5	0.5	0.5	0.5	0.5	0.5	0.5	0.5	0.5	0.5	0.499618	0.5	0.5	0.5	0.5	0.5	0.5	0.5	0.5	0.5	0.5	0.5	0.5	0.501295	0.5	0.5	0.5	0.5	0.5	0.5	0.5	0.5	0.5	0.5	0.500654	0.503585	0.5	0.5	0.5	0.5	0.5	0.5	0.5	0.5	0.5	0.5	0.5	0.5	0.5	0.5	0.5	0.5	0.5	0.5	0.5	0.5	0.5	0.5	0.5	0.5	0.5	0.5	0.5	0.5	0.5	0.5	0.5	0.5	0.5	0.5	0.5	0.5	0.5	0.5	0.5	0.5	0.5	0.5	0.497612	0.5	0.5	0.5	0.5	0.5	0.5	0.5	0.5	0.5	0.5	0.5	0.5	0.5	0.5	0.5	0.5	0.5	0.5	0.5	0.5	0.5	0.5	0.5	0.5	0.5	0.5	0.5	0.5	0.5	0.5	0.5	0.5	0.5	0.5	0.5	0.5	0.5	0.5	0.5	0.5	0.5	0.5	0.5	0.5	0.5	0.5	0.5	0.5	0.5	0.5	0.5	0.5	0.5	0.5	0.5	0.5	0.5	0.5	0.5	0.486188	0.5	0.5	0.5	0.5	0.5	0.5	0.5	0.5	0.5	0.5	0.5	0.5	0.5	0.5	0.5	0.5	0.5	0.5	0.5	0.5	0.5	0.5	0.5	0.5	0.5	0.5	0.5	0.5	0.5	0.5	0.5	0.5	0.5	0.5	0.5	0.5	0.5	0.5	0.5	0.5	0.5	0.5	0.5	0.507898	0.5	0.5	0.5	0.5	0.5	0.5	0.5	0.5	0.5	0.5	0.5	0.5	0.5	0.5	0.5	0.5	0.5	0.5	0.5	0.5	0.5	0.5	0.5	0.5	0.5	0.5	0.5	0.5	0.5	0.5	0.5	0.5	0.5	0.5	0.5	0.5	0.5	0.5	0.5	0.5	0.5	0.5	0.5	0.5	0.5	0.5	0.5	0.499213	0.5	0.5	0.5	0.5	0.5	0.5	0.5	0.5	0.5	0.5	0.5	0.5	0.5	0.5	0.5
1000	slope	-0.0238734	-0.0112413	-0.0155614	-0.0213054	-0.0185847	-0.0409434	-0.0651194	-0.0250491	0.0148847	-0.0530645	-0.0443991	-0.0149714	-0.0333108	-0.0405958	0.0381242	0.00305598	-0.0357128	-0.03002	-0.0258711	-0.056053	-0.0356854	-0.0173846	-0.00796377	-0.00896451	-0.0438947	0.00464567	-0.00560666	-0.0314804	0.0113509	-0.0186249	-0.0207208	0.0161102	-0.00718221	-0.000128905	-0.0126557	-0.0251541	-0.0291424	-0.00691822	-0.00361928	-0.0435848	-0.0457108	-0.0320821	-0.0361027	-0.0139188	-0.0125177	-0.012907	-0.00670307	-0.0199889	-0.00714175	-0.0225343	-0.0274012	-0.0276104	-0.026825	-0.0472401	-0.0127154	-0.00521454	-0.0382194	-0.0264261	-0.0354674	0.0105905	-0.00385489	-0.0210648	-0.00342751	-0.0424544	-0.0459143	-0.0036775	-0.0215705	-0.0337882	-0.0321732	-0.0181238	0.00741696	-0.0168878	-0.0085009	-0.0347694	0.000897748	-0.00131141	0.00995403	-0.0097682	-0.0106128	-0.00733059	-0.00570281	0.00347968	-0.0455336	0.00514972	-0.0244458	-0.0232283	-0.0438013	-0.0157224	-0.0675225	-0.0247167	-0.0330141	-0.0461407	-0.0187135	-0.0180778	-0.00292352	-0.0442633	0.00397321	-0.0471542	-0.0273651	-0.0392258	-0.0271151	-0.0384836	-0.0237905	-0.0329274	-0.0369052	-0.0390458	-0.0302474	-0.0041727	-0.0222257	-0.0259708	-0.0270728	-0.0521284	-0.0543443	-0.0284892	-0.0382239	-0.0101611	-0.05649	-0.0458453	-0.0420968	-0.0283613	-0.0431807	-0.0440139	-0.0214382	-0.0254267	-0.00155317	-0.0268579	0.0161102	-0.0411651	-0.010933	-0.012636	-0.0342795	-0.00742863	-0.00596468	-0.00878578	-0.00847326	-0.00736172	0.00841739	-0.0149241	0.00932845	-0.014259	-0.0135101	-0.0528907	-0.0575752	0.00038546	-0.0188624	-0.0180923	0.0116163	-0.0152787	-0.0445686	-0.010871	-0.0327114	0.00140808	-0.0472889	0.0066289	-0.0049638	-0.0215083	-0.0355512	-0.0173807	-0.00150619	-0.0435043	-0.0205604	-0.0148885	-0.0432106	-0.0245686	-0.0143019	-0.00941107	-0.0148969	-0.00431703	-0.0152778	0.00364903	0.00319891	-0.0315641	-0.0163221	-0.0693463	-0.0088309	-0.056053	-0.0168884	-0.0189987	-0.0104649	-0.00503522	-0.0321983	-0.0345059	-0.0414392	-0.00183142	-0.0394789	-0.00975779	-0.0188207	-0.0502938	-0.0368219	-0.0220801	-0.0136405	-0.0104649	-0.0264186	0.00358797	-0.023458	-0.020351	-0.0335364	-0.0335929	-0.00943606	-0.0264924	-0.00541235	-0.00878578	-0.0390594	-0.039114	0.00777547	0.0161102	0.00869155	-0.0257386	0.000828908	-0.0502821	0.000440376	0.00942322	-0.0516176	-0.0196712	-0.0499125	-0.00535363	-0.0237497	-0.0534252	-0.0163871	-0.0428172	-0.0372572	-0.0589692	-0.0130458	-0.031042	0.0119918	-0.0479051	0.00421325	-0.0499125	0.000330544	-0.0372572	-0.0353346	-0.058954	-0.0347543	-0.0390697	-0.0551221	-0.00139349	-0.0372572	-0.0551221	-0.0117191	-0.00498824	-0.0439682	-0.0257386	0.00135512	-0.00421844	-0.0349316	-0.0404288	-0.0244194	-0.0512541	-0.00944492	0.000330544	-0.057005	0.00252989	0.0202507	0.000440376	-0.0112413	-0.0112413	0.0151176	-0.0752155	-0.0199732	0.0100334	-0.0130458	-0.00493936	-0.0172551	-0.00541235	-0.0607531	-0.00878578	-0.031042	-0.0231529	-0.0777729	-0.0377661	-0.00878578	0.00252398	-0.0317753	-0.0534252	0.0120448	0.00862067	-0.0244194	-0.0377661	-0.0507187	-0.05649	-0.0317753	-0.0163166	-0.0166457	-0.00493936	0.00252398	-0.0516176	-0.0344638	-0.0430579	-0.0534252	-0.0121292	-0.026564	0.00774185	-0.0576475	-0.0868108	0.00252398	-0.0169796	-0.0575766	0.000440376	-0.0258711	0.00774185	-0.0516176	-0.0139518	0.00858521	-0.0405496	0.0100334	-0.018097	0.0111084	0.0131969	0.00774185	-0.0419744	0.012313	-0.0286948	0.000440376	-0.00277505	-0.0372572	-0.0354781	0.00796277	-0.0534252	-0.00878578	-0.0452812	-0.0978289	-0.0231529	-0.00535363	-0.0237497	-0.00341811	0.0026172	-0.0506864	0.0100334	-0.0393653	0.00695138	-0.0823272	-0.0477292	0.0081253	-0.034995	0.000330544	-0.0254752	0.000389606	-0.0530645	0.00252398	-0.0108256	-0.0499125	-0.0182413	0.0145473	-0.0018563	-0.0286948	-0.0453425	-0.0162683	-0.00541235	-0.0425996	0.00358797	-0.0104897	0.00421325	0.00270109	-0.0606497	0.0151176	-0.0119797	-0.0461407	-0.038343	-0.0163759	-0.0104404	-0.034995	-0.0502821	-0.0633159	-0.00341811	-0.00303619	-0.0231529	0.00535507	-0.0168082	0.00869155	-0.0534252	0.00616295	-0.0499125	-0.00139349	-0.0863453	-0.00944492	-0.0222928	0.00521949	-0.0347543	0.00607108	-0.0555253	-0.0534252	-0.017101	-0.0402359	-0.0607531	-0.0461407	0.009414	-0.0385197	-0.0407475	-0.0257386	-0.0660618	-0.0607531	-0.0160396	0.0131969	0.0145473	0.00869155	-0.0588398	-0.0575766	-0.0542092	-0.00226106	-0.0423835
1000	intercept	0.38076	0.425669	0.361542	0.404876	0.417136	0.412646	0.430399	0.402622	0.410228	0.423259	0.409182	0.393578	0.390669	0.398385	0.407179	0.414902	0.383428	0.410816	0.377789	0.42749	0.423386	0.397	0.391077	0.410813	0.407952	0.384524	0.390003	0.400843	0.407601	0.39678	0.394127	0.368659	0.383149	0.408357	0.414642	0.396941	0.380704	0.386103	0.381703	0.406622	0.418957	0.406771	0.392885	0.385893	0.425669	0.372524	0.39232	0.38534	0.368198	0.402004	0.400713	0.406132	0.435318	0.411141	0.388409	0.428216	0.413733	0.431444	0.356255	0.39364	0.386696	0.390297	0.387146	0.437278	0.379878	0.401018	0.402192	0.396488	0.390161	0.384418	0.368368	0.380504	0.383284	0.395882	0.381555	0.396682	0.374355	0.402523	0.406567	0.399841	0.351926	0.402583	0.401012	0.384874	0.410746	0.409537	0.4172	0.389607	0.431507	0.395956	0.413956	0.409358	0.415345	0.406427	0.384734	0.39206	0.409721	0.42602	0.409935	0.43417	0.389567	0.419304	0.39603	0.427432	0.425386	0.395487	0.402363	0.379276	0.380779	0.406957	0.393101	0.410196	0.405456	0.385441	0.405913	0.411064	0.424409	0.398069	0.401983	0.408089	0.378261	0.436656	0.392929	0.381638	0.388625	0.441145	0.368659	0.378103	0.388879	0.376453	0.41116	0.396589	0.371171	0.387307	0.387307	0.389171	0.371918	0.404846	0.364849	0.382622	0.395663	0.436451	0.401309	0.368866	0.367824	0.408546	0.38535	0.38361	0.381416	0.398144	0.427209	0.394704	0.42684	0.392083	0.401205	0.414579	0.410313	0.396135	0.396624	0.422722	0.363738	0.403358	0.420453	0.409198	0.414675	0.360193	0.41793	0.374106	0.386266	0.368542	0.394387	0.391617	0.37753	0.416882	0.366301	0.40921	0.381364	0.399033	0.386158	0.391077	0.403481	0.412362	0.385044	0.383531	0.423828	0.398233	0.398546	0.433914	0.407813	0.438638	0.421183	0.368688	0.386708	0.448386	0.390659	0.394332	0.437267	0.39261	0.375939	0.38755	0.363421	0.394666	0.428259	0.388227	0.384874	0.380458	0.399978	0.406761	0.416639	0.435958	0.365672	0.408038	0.409008	0.385131	0.408452	0.424693	0.428259	0.409008	0.397954	0.432844	0.404792	0.405456	0.398582	0.380369	0.376786	0.407846	0.376786	0.432643	0.376355	0.414529	0.396641	0.404375	0.401805	0.412937	0.39529	0.368542	0.416035	0.39529	0.419971	0.387301	0.455365	0.417136	0.377016	0.392204	0.409199	0.437267	0.394666	0.407675	0.407843	0.375071	0.403751	0.404076	0.398211	0.366092	0.425669	0.425669	0.378074	0.445312	0.411946	0.394666	0.398582	0.415109	0.438918	0.392162	0.404375	0.37203	0.380369	0.407466	0.404375	0.366693	0.405771	0.384874	0.401637	0.409008	0.384874	0.385044	0.394666	0.366693	0.435584	0.424409	0.401622	0.396817	0.404356	0.415109	0.375615	0.409008	0.409022	0.393016	0.409008	0.364375	0.348656	0.357211	0.402747	0.419556	0.375615	0.381424	0.427598	0.366092	0.381099	0.370658	0.409008	0.412403	0.374005	0.427598	0.394666	0.412488	0.380517	0.420388	0.370658	0.462605	0.40594	0.359627	0.392959	0.40652	0.416035	0.431271	0.35709	0.402747	0.394666	0.409382	0.427598	0.407466	0.40652	0.428259	0.348656	0.359122	0.422047	0.394666	0.387555	0.399525	0.440903	0.422047	0.376786	0.384097	0.375071	0.375071	0.420824	0.411867	0.384874	0.384874	0.408452	0.382798	0.384874	0.375592	0.394666	0.437267	0.36406	0.392162	0.439492	0.444931	0.356728	0.376786	0.384874	0.387648	0.378074	0.380517	0.419396	0.421916	0.391001	0.385131	0.376133	0.435958	0.438036	0.376786	0.393422	0.404356	0.403956	0.365135	0.382889	0.409008	0.377743	0.408452	0.368542	0.418537	0.407843	0.388227	0.378669	0.415862	0.379927	0.420551	0.411103	0.416665	0.422149	0.404375	0.401482	0.408228	0.40065	0.403489	0.417136	0.392146	0.404375	0.414599	0.420388	0.384874	0.399978	0.429599	0.412472	0.445312	0.392378	0.422229
2000	slope	-0.0541428	-0.056541	-0.0109079	-0.0683438	-0.103601	-0.108264	-0.0618002	-0.0395646	-0.0403557	-0.0722966	-0.0797187	-0.0663514	-0.0715823	-0.104372	-0.109369	-0.0878307	-0.0422126	-0.10116	-0.0716082	-0.0634636	-0.0825221	-0.0712113	-0.0884195	-0.0654099	-0.0767528	-0.0744184	-0.126943	-0.0331477	-0.0667667	-0.12378	-0.0711961	-0.016249	-0.0497089	-0.0566606	-0.0211029	-0.0407485	-0.0984777	-0.0681031	-0.0294282	-0.0587665	-0.0905411	-0.103601	-0.0503744	-0.069819	-0.0842052	-0.0716554	-0.031435	-0.0276092	-0.0346949	-0.0401548	-0.03881	-0.0691829	-0.0805696	-0.0745105	-0.0181624	-0.043563	-0.0543219	-0.0712452	-0.0670581	-0.0695725	-0.0797164	-0.0512466	-0.0313872	-0.038876	-0.0483193	-0.117065	-0.0380737	-0.112181	-0.0529608	-0.0803133	-0.0708113	-0.0646213	-0.0377272	-0.0426327	-0.0656229	-0.100717	-0.0643592	-0.0605147	-0.0385442	-0.103601	-0.00987802	-0.0281237	-0.0792181	-0.0347585	-0.0733504	-0.0830542	-0.0730656	-0.0780802	-0.0370364	-0.047991	-0.0967104	-0.0281109	-0.0168768	-0.0453511	-0.0284926	-0.0884944	-0.0346914	-0.0971955	-0.0678099	-0.0607571	-0.035039	-0.0554094	-0.0286163	-0.0805509	-0.0382003	-0.0612253	-0.0627064	-0.0278424	-0.0989964	-0.0564541	-0.0761175	-0.0616603	-0.0499258	-0.064783	-0.0601531	-0.014644	-0.0946946	-0.0682456	-0.0195602	-0.0331245	-0.0945302	-0.066204	-0.042147	-0.0989629	-0.0355115	-0.0350036	-0.100871	-0.0546522	-0.0886014	-0.117962	-0.102455	-0.0543482	-0.046938	-0.107108	-0.0730091	-0.00828985	-0.106047	-0.0758815	-0.0638926	-0.0879666	-0.0424617	-0.100882	-0.0870953	-0.0556716	-0.0565233	-0.0280259	-0.035033	-0.0685686	-0.0451106	-0.0677909	-0.0723905	-0.0721915	-0.0720314	-0.0548506	-0.100205	-0.0663673	-0.0508125	-0.0454828	-0.0667428	-0.0424606	-0.0434482	-0.0718133	-0.104431	-0.0578479	-0.0354581	-0.0819894	-0.0555784	-0.0701664	-0.0720603	-0.0569001	-0.11336	-0.103644	-0.111966	-0.0919999	-0.107494	-0.0540079	-0.0748591	-0.0581583	-0.0585439	-0.106798	-0.0610976	-0.0427948	-0.0709301	-0.0749111	-0.0497483	-0.111104	-0.0592099	-0.0340594	-0.111123	-0.0315017	-0.0786502	-0.0387627	-0.0443155	-0.100245	-0.0789625	-0.060323	-0.0997062	-0.0366824	-0.0357549	-0.0201409	-0.0883293	-0.00816243	-0.0975756	-0.117962	-0.031435	-0.0992406	-0.09766	-0.0719974	-0.0290657	-0.103601	-0.0341812	-0.0382592	-0.103601	-0.0332013	-0.148324	-0.100205	-0.096619	-0.0906307	-0.0401886	-0.0736017	-0.0624411	-0.0460269	-0.10131	-0.0235415	-0.09319	-0.0780132	-0.0457869	-0.096619	-0.02959	-0.103601	-0.0471773	-0.023159	-0.00214999	-0.0999772	-0.110938	-0.0400255	-0.098719	-0.023159	-0.0382592	-0.0654375	-0.0780324	-0.109036	-0.104781	-0.0382592	-0.00103881	-0.0736017	-0.0348605	-0.0333569	-0.0663721	-0.0707084	-0.0548352	-0.0686709	-0.0786311	-0.0382592	-0.0964283	-0.106259	-0.0382592	-0.117962	-0.035544	-0.0400255	-0.0996088	-0.0382592	-0.0247971	-0.0858468	-0.04306	-0.0944436	-0.0944436	-0.16292	-0.0441051	-0.114777	-0.035544	-0.102506	-0.0573231	-0.0935033	-0.098719	-0.0429329	-0.0158012	-0.116577	-0.163689	-0.0548352	-0.0334119	-0.0319605	-0.112632	-0.0687535	-0.0247442	-0.0388215	-0.0339394	-0.0419415	-0.116277	-0.115607	-0.0382592	-0.0883293	-0.031683	-0.00214999	-0.0388215	-0.0923073	-0.0201409	-0.0326565	-0.0625916	-0.0458866	-0.126459	-0.0235897	-0.108914	-0.111022	-0.0941858	-0.0450298	-0.0308095	-0.104781	-0.0385461	-0.0289744	-0.108914	-0.0529608	-0.0286163	-0.0686709	-0.036375	-0.103601	-0.0693413	-0.0382592	-0.0562639	-0.111022	-0.0931331	-0.098719	-0.0941858	-0.111022	-0.0992406	-0.0708797	-0.106889	-0.130006	-0.0121558	-0.049762	-0.0416152	-0.0736017	-0.0536167	-0.0348605	-0.106126	-0.0458866	-0.106047	-0.114783	-0.100205	-0.0450298	-0.0458891	-0.0367762	-0.0289781	-0.0391037	-0.105872	-0.130006	-0.0307964	-0.0261562	-0.104781	-0.0323931	-0.0121558	-0.0426327	-0.0270446	-0.0956383	-0.0152164	-0.031435	-0.031683	-0.0385288	-0.11119	-0.0235415	-0.111022	-0.106047	-0.103601	-0.0883293	-0.0952123	-0.107232	-0.00103881	-0.103601	-0.0425974	-0.0302861	-0.130006	-0.0416152	0.000426848	-0.0573231	-0.096619	-0.031683	-0.0201409	-0.0282529	-0.0419415	-0.00103881	-0.0458891	-0.0456536	-0.0450298	-0.111022	-0.0400255	-0.0663721	-0.0332013	-0.00103881	-0.103601	-0.106047	-0.0331245	-0.113558	-0.00469545	-0.102557	-0.033185	-0.0708797	-0.0986306	-0.108914	-0.0932403	-0.0956383
2000	intercept	0.310049	0.305264	0.302856	0.337208	0.288679	0.351691	0.313419	0.316201	0.291774	0.331605	0.344182	0.312332	0.310789	0.364792	0.33829	0.291169	0.311537	0.322193	0.280712	0.314799	0.321024	0.261661	0.324166	0.32582	0.321593	0.346185	0.34307	0.304386	0.275628	0.347306	0.316949	0.311994	0.328257	0.348418	0.319711	0.325521	0.333793	0.308592	0.324679	0.340104	0.349743	0.272732	0.320523	0.313251	0.315191	0.353355	0.323475	0.26805	0.318874	0.26255	0.303022	0.31934	0.316872	0.313989	0.297744	0.308928	0.318637	0.331418	0.298759	0.279122	0.343675	0.313884	0.288022	0.299637	0.294926	0.343243	0.316354	0.279462	0.31243	0.331438	0.305528	0.331187	0.299296	0.335871	0.307642	0.268709	0.286006	0.317237	0.325776	0.251076	0.303705	0.281554	0.281912	0.327176	0.320368	0.364136	0.352422	0.306971	0.292253	0.346287	0.311051	0.292434	0.300404	0.307112	0.280883	0.330098	0.291602	0.330669	0.325443	0.322833	0.294628	0.317367	0.291774	0.326048	0.298734	0.32614	0.308939	0.294395	0.34505	0.344311	0.308503	0.316926	0.341486	0.342845	0.324736	0.292274	0.350492	0.310297	0.291661	0.306459	0.341466	0.337388	0.298397	0.338487	0.301257	0.302364	0.308867	0.318868	0.311032	0.353649	0.315967	0.361854	0.338214	0.311056	0.31595	0.308493	0.383222	0.286264	0.320321	0.31774	0.314233	0.33818	0.331736	0.310794	0.32197	0.298272	0.313706	0.310019	0.309651	0.309286	0.322583	0.330151	0.319508	0.315321	0.339478	0.318725	0.314647	0.320234	0.3059	0.31243	0.328712	0.290491	0.318763	0.342097	0.330327	0.332075	0.332298	0.306462	0.327917	0.287725	0.32144	0.351137	0.334436	0.344839	0.342507	0.317546	0.315705	0.318149	0.279397	0.359053	0.322812	0.299335	0.289584	0.327684	0.323077	0.271954	0.316494	0.301822	0.341291	0.301889	0.321357	0.314424	0.296588	0.327189	0.326997	0.3201	0.307464	0.318056	0.315119	0.299254	0.326421	0.293841	0.337121	0.353649	0.297354	0.330818	0.326421	0.376623	0.299239	0.254422	0.353458	0.299011	0.283125	0.288146	0.351443	0.339478	0.333803	0.332062	0.323787	0.313893	0.360179	0.295907	0.359201	0.294268	0.38244	0.323587	0.29037	0.333803	0.308674	0.268563	0.316987	0.269042	0.274767	0.352115	0.343039	0.30825	0.374695	0.269042	0.297239	0.374974	0.360939	0.345843	0.338988	0.297239	0.296763	0.329881	0.298603	0.323671	0.342498	0.263891	0.309402	0.366744	0.353238	0.297239	0.371207	0.366748	0.303114	0.353649	0.289536	0.30825	0.37069	0.288814	0.28244	0.301224	0.332015	0.327616	0.327616	0.340298	0.323623	0.359201	0.299333	0.32976	0.300634	0.343273	0.363161	0.323387	0.294463	0.360952	0.340298	0.309402	0.314221	0.306117	0.344501	0.332015	0.306539	0.277435	0.311418	0.291774	0.35304	0.345994	0.297239	0.326421	0.299428	0.269042	0.277435	0.359201	0.299254	0.297354	0.328149	0.2906	0.350455	0.286019	0.281928	0.340474	0.333443	0.303999	0.295844	0.338988	0.289414	0.284184	0.281928	0.31243	0.291774	0.374974	0.29442	0.272732	0.347931	0.297239	0.333216	0.339478	0.329216	0.361821	0.333443	0.334728	0.330818	0.353207	0.321475	0.350044	0.303111	0.324418	0.312327	0.313893	0.311414	0.311418	0.307919	0.2906	0.338348	0.359201	0.342655	0.321051	0.285309	0.302108	0.301411	0.292422	0.33778	0.350044	0.297354	0.31067	0.329406	0.268389	0.303111	0.335871	0.268425	0.338988	0.316346	0.297354	0.299428	0.286975	0.332204	0.294268	0.339478	0.338348	0.254422	0.326421	0.333443	0.328846	0.301143	0.268709	0.295907	0.339367	0.38007	0.316029	0.30355	0.30344	0.333803	0.299428	0.299254	0.312622	0.291774	0.296763	0.285309	0.313427	0.321051	0.339478	0.311901	0.351689	0.288146	0.296763	0.268709	0.326954	0.321735	0.38244	0.295184	0.366748	0.297239	0.366246	0.285115	0.281928	0.38244	0.338988
3000	slope	-0.129421	-0.124036	-0.12798	-0.119037	-0.117415	-0.0965751	-0.106516	-0.114119	-0.102003	-0.117012	-0.131184	-0.114654	-0.105906	-0.103814	-0.106818	-0.116422	-0.114472	-0.102037	-0.129744	-0.131974	-0.134603	-0.129867	-0.105944	-0.103036	-0.10826	-0.107191	-0.114453	-0.137231	-0.115765	-0.137978	-0.115711	-0.125646	-0.112222	-0.124436	-0.119121	-0.130933	-0.120839	-0.10156	-0.115001	-0.114083	-0.123776	-0.123651	-0.117429	-0.122262	-0.113055	-0.124896	-0.127869	-0.110002	-0.119769	-0.13271	-0.118235	-0.0906682	-0.112086	-0.115944	-0.122171	-0.106113	-0.138477	-0.120644	-0.12163	-0.128599	-0.116263	-0.0945398	-0.104306	-0.109496	-0.0999533	-0.137708	-0.126188	-0.135659	-0.128678	-0.119475	-0.105548	-0.100405	-0.11951	-0.114844	-0.111553	-0.104354	-0.122196	-0.112959	-0.115343	-0.112611	-0.110895	-0.104694	-0.109719	-0.11151	-0.137808	-0.13203	-0.122163	-0.118534	-0.110958	-0.104653	-0.112506	-0.104975	-0.108611	-0.116098	-0.145201	-0.109456	-0.0994277	-0.102292	-0.122787	-0.134507	-0.0815694	-0.148439	-0.130615	-0.112274	-0.142816	-0.11915	-0.112138	-0.11969	-0.12463	-0.11252	-0.121912	-0.121867	-0.0967973	-0.139747	-0.121912	-0.113034	-0.136679	-0.134574	-0.134927	-0.112341	-0.115869	-0.133162	-0.114016	-0.0930421	-0.123941	-0.121934	-0.123371	-0.109619	-0.133661	-0.12252	-0.115767	-0.110923	-0.128632	-0.126575	-0.110315	-0.131135	-0.123237	-0.108818	-0.131284	-0.117861	-0.102288	-0.126535	-0.119484	-0.131974	-0.114781	-0.110766	-0.104975	-0.11234	-0.12305	-0.118168	-0.123163	-0.107305	-0.0962035	-0.120457	-0.143917	-0.121233	-0.121296	-0.123642	-0.12285	-0.114247	-0.134733	-0.127149	-0.146736	-0.132202	-0.132235	-0.114383	-0.0986785	-0.134173	-0.131572	-0.107581	-0.122052	-0.136065	-0.111185	-0.111664	-0.0945256	-0.124905	-0.106271	-0.127901	-0.111921	-0.104412	-0.119532	-0.124036	-0.127334	-0.136833	-0.117514	-0.127999	-0.123946	-0.1148	-0.0998547	-0.113509	-0.105772	-0.101674	-0.135175	-0.0960091	-0.112658	-0.136889	-0.120498	-0.120255	-0.151742	-0.140284	-0.124188	-0.119541	-0.11234	-0.127372	-0.114383	-0.0906682	-0.0930421	-0.109102	-0.103486	-0.0898148	-0.129315	-0.104247	-0.125457	-0.114419	-0.110286	-0.138848	-0.097302	-0.124738	-0.0869769	-0.120154	-0.127334	-0.0896391	-0.144135	-0.100271	-0.12867	-0.109461	-0.134512	-0.145059	-0.134512	-0.130257	-0.0920088	-0.131974	-0.123917	-0.104073	-0.128878	-0.127467	-0.118797	-0.126047	-0.11234	-0.0884075	-0.113747	-0.135175	-0.127372	-0.139878	-0.0926465	-0.0781823	-0.136645	-0.124256	-0.142302	-0.145701	-0.120748	-0.126535	-0.124563	-0.109561	-0.125186	-0.137823	-0.142816	-0.121867	-0.116583	-0.11234	-0.141728	-0.136679	-0.176447	-0.0933115	-0.109714	-0.144135	-0.124563	-0.126535	-0.124744	-0.136645	-0.141329	-0.100271	-0.110063	-0.126535	-0.124698	-0.118472	-0.12736	-0.132651	-0.137231	-0.136679	-0.0915358	-0.110063	-0.125719	-0.12736	-0.11335	-0.137881	-0.103915	-0.106113	-0.1042	-0.131431	-0.124563	-0.103367	-0.104741	-0.109561	-0.120748	-0.132108	-0.105541	-0.0746228	-0.0930421	-0.115359	-0.11234	-0.0864693	-0.115359	-0.12736	-0.130737	-0.0914048	-0.0995768	-0.105966	-0.129464	-0.12134	-0.145701	-0.135175	-0.119506	-0.0630509	-0.123227	-0.0919638	-0.100603	-0.0630509	-0.112759	-0.109698	-0.151915	-0.113994	-0.097302	-0.0819972	-0.133805	-0.124563	-0.12415	-0.125719	-0.168516	-0.1042	-0.112869	-0.145201	-0.083832	-0.11121	-0.118472	-0.097302	-0.125719	-0.125959	-0.126535	-0.135175	-0.127372	-0.150819	-0.102734	-0.085556	-0.0746228	-0.145701	-0.114899	-0.0781823	-0.129464	-0.148267	-0.0994965	-0.145408	-0.127467	-0.104073	-0.133762	-0.106818	-0.128469	-0.115387	-0.107821	-0.103915	-0.133805	-0.0936538	-0.0781823	-0.106271	-0.0960091	-0.102225	-0.102734	-0.127334	-0.136034	-0.126535	-0.085556	-0.106901	-0.125186	-0.127467	-0.121184	-0.127149	-0.120498	-0.123227	-0.104051	-0.155218	-0.152506	-0.115595	-0.126535	-0.109456	-0.0821428	-0.150056	-0.133318	-0.104975	-0.113007	-0.13434	-0.118472	-0.127467	-0.12867	-0.100603	-0.127334	-0.0751949	-0.109456	-0.104073	-0.127334	-0.120778
3000	intercept	0.264358	0.240521	0.271754	0.273939	0.268292	0.234601	0.258145	0.263124	0.262052	0.234981	0.285298	0.225134	0.234963	0.24838	0.268835	0.248068	0.246752	0.264092	0.260714	0.19598	0.234884	0.265383	0.217513	0.268654	0.254468	0.247373	0.223652	0.273788	0.212701	0.284294	0.2482	0.241584	0.277441	0.241986	0.211154	0.260074	0.231351	0.236267	0.235166	0.252115	0.250478	0.244077	0.24127	0.22732	0.26409	0.237106	0.261505	0.228913	0.231587	0.274954	0.239874	0.265371	0.24816	0.266017	0.248765	0.256425	0.248551	0.262777	0.254854	0.233913	0.217878	0.222348	0.266306	0.245222	0.218785	0.277651	0.230037	0.250567	0.255417	0.2537	0.22022	0.236536	0.253935	0.258311	0.214768	0.223588	0.219341	0.254355	0.238048	0.245581	0.236517	0.257509	0.245634	0.228239	0.258645	0.249125	0.263252	0.258056	0.231043	0.275137	0.256066	0.229436	0.230787	0.248862	0.227604	0.231111	0.230477	0.233115	0.253883	0.275728	0.235987	0.256712	0.249861	0.240596	0.223267	0.246945	0.235484	0.269318	0.274359	0.214362	0.248386	0.27175	0.240742	0.256513	0.240812	0.254795	0.25589	0.284316	0.266895	0.250493	0.261143	0.251423	0.226704	0.239318	0.269543	0.268089	0.237193	0.243101	0.252772	0.25233	0.237957	0.219102	0.255306	0.220648	0.244372	0.250495	0.272096	0.273268	0.232173	0.267568	0.237309	0.231524	0.228947	0.19598	0.234537	0.20898	0.222348	0.250064	0.267429	0.245336	0.232761	0.225916	0.226781	0.233592	0.267458	0.252693	0.237289	0.2525	0.262761	0.249782	0.263527	0.282811	0.251902	0.250919	0.274753	0.25303	0.232545	0.271193	0.219647	0.255258	0.272726	0.224868	0.226897	0.223352	0.264572	0.271864	0.250724	0.238736	0.251296	0.245671	0.227812	0.238371	0.245266	0.249084	0.243936	0.236532	0.242052	0.263219	0.22929	0.27297	0.266803	0.243834	0.269129	0.285639	0.261427	0.244956	0.245034	0.273554	0.288322	0.240071	0.292073	0.238083	0.250064	0.257433	0.250381	0.265371	0.244324	0.236446	0.232542	0.284708	0.201924	0.245369	0.288176	0.270622	0.25067	0.269129	0.199045	0.19598	0.197764	0.257433	0.245289	0.269928	0.278038	0.251666	0.24127	0.25684	0.24536	0.282675	0.262626	0.292073	0.231712	0.19598	0.243708	0.285714	0.247185	0.249154	0.250799	0.28814	0.250064	0.213709	0.230229	0.269129	0.257433	0.282194	0.194695	0.221638	0.264158	0.263483	0.247812	0.282675	0.303065	0.218476	0.283871	0.220925	0.247651	0.262967	0.239824	0.27175	0.253922	0.250064	0.225809	0.25589	0.255878	0.231841	0.288742	0.278038	0.307612	0.216824	0.224819	0.264158	0.27702	0.251666	0.204175	0.231539	0.263854	0.232482	0.217101	0.197064	0.273788	0.25589	0.226301	0.251669	0.257433	0.215953	0.236961	0.220487	0.229095	0.250186	0.237309	0.266497	0.295807	0.295859	0.251058	0.220925	0.288176	0.231524	0.236446	0.223005	0.236446	0.222618	0.250064	0.246722	0.222618	0.217101	0.268896	0.217962	0.250724	0.22474	0.225809	0.256887	0.282675	0.264681	0.279042	0.234477	0.277341	0.206171	0.223005	0.218013	0.268896	0.218603	0.231524	0.295859	0.199045	0.277502	0.266054	0.293718	0.295207	0.257433	0.304394	0.236122	0.229095	0.227604	0.277661	0.245369	0.213263	0.189776	0.257433	0.244457	0.216824	0.269129	0.257433	0.256901	0.259694	0.257762	0.223005	0.285756	0.288376	0.221638	0.225809	0.27249	0.223323	0.27739	0.26725	0.279538	0.240812	0.268835	0.231524	0.241041	0.25684	0.229095	0.266054	0.232473	0.221638	0.250724	0.285639	0.257386	0.253571	0.242702	0.230955	0.231524	0.260252	0.190732	0.247651	0.243975	0.193514	0.282811	0.244232	0.27508	0.236961	0.284247	0.247812	0.255389	0.216824	0.217962	0.231712	0.303743	0.266497	0.260715	0.26809	0.230465	0.232482	0.249154	0.253769	0.223005	0.265822	0.22788	0.227124	0.285639	0.206144	0.288176
4000	slope	-0.123383	-0.106051	-0.117151	-0.153628	-0.121189	-0.144529	-0.145733	-0.156954	-0.163774	-0.138195	-0.15899	-0.144679	-0.137088	-0.134181	-0.111313	-0.161836	-0.143973	-0.142911	-0.153127	-0.125592	-0.148696	-0.131252	-0.118307	-0.130796	-0.129511	-0.109146	-0.165001	-0.1308	-0.145962	-0.189267	-0.114764	-0.171882	-0.115432	-0.108769	-0.166424	-0.128091	-0.123223	-0.122085	-0.136343	-0.13391	-0.12621	-0.129963	-0.163016	-0.144183	-0.123882	-0.147818	-0.138161	-0.113969	-0.118328	-0.114535	-0.159183	-0.147703	-0.148415	-0.111635	-0.136067	-0.151636	-0.113263	-0.158205	-0.119778	-0.165336	-0.144913	-0.162906	-0.14586	-0.118997	-0.167604	-0.116303	-0.145691	-0.110161	-0.141039	-0.154169	-0.104844	-0.136671	-0.128069	-0.121375	-0.160447	-0.170987	-0.155179	-0.118436	-0.153241	-0.083733	-0.146425	-0.131844	-0.145723	-0.105877	-0.135361	-0.121662	-0.144906	-0.105999	-0.108288	-0.129672	-0.146292	-0.122887	-0.133396	-0.147888	-0.136358	-0.170409	-0.128838	-0.145441	-0.137795	-0.137417	-0.120346	-0.102565	-0.131273	-0.119496	-0.13446	-0.122464	-0.14415	-0.138343	-0.143113	-0.152906	-0.158117	-0.121733	-0.139353	-0.109832	-0.135798	-0.14289	-0.131683	-0.116185	-0.17147	-0.160893	-0.185184	-0.136337	-0.120145	-0.172829	-0.13015	-0.120807	-0.121944	-0.146988	-0.125398	-0.152708	-0.156175	-0.15208	-0.160768	-0.136668	-0.134562	-0.115224	-0.122698	-0.151983	-0.133926	-0.108783	-0.0701006	-0.134507	-0.119712	-0.173692	-0.132572	-0.111568	-0.144549	-0.104948	-0.139187	-0.132363	-0.150407	-0.113865	-0.150384	-0.113724	-0.141954	-0.0972954	-0.115871	-0.130909	-0.144842	-0.122559	-0.125502	-0.125194	-0.099722	-0.135026	-0.0933273	-0.16535	-0.161312	-0.124504	-0.105675	-0.119476	-0.164871	-0.144955	-0.139513	-0.138758	-0.13155	-0.118789	-0.136987	-0.150417	-0.118516	-0.148697	-0.151135	-0.130948	-0.107212	-0.147895	-0.122767	-0.117021	-0.122851	-0.130079	-0.143188	-0.111898	-0.154156	-0.111608	-0.187655	-0.157873	-0.149565	-0.220075	-0.126643	-0.130084	-0.099316	-0.101123	-0.117355	-0.154156	-0.11017	-0.102565	-0.105877	-0.126015	-0.1718	-0.104787	-0.0701006	-0.130069	-0.142129	-0.18489	-0.172496	-0.113441	-0.111677	-0.13059	-0.153366	-0.149509	-0.13999	-0.129343	-0.12682	-0.125087	-0.11871	-0.137682	-0.115425	-0.113727	-0.161489	-0.150226	-0.119543	-0.11586	-0.160768	-0.134431	-0.147735	-0.11586	-0.114426	-0.102199	-0.105675	-0.122275	-0.126112	-0.152708	-0.143375	-0.123515	-0.149509	-0.103475	-0.145612	-0.122072	-0.144009	-0.115567	-0.0986303	-0.115567	-0.153366	-0.142363	-0.113865	-0.119683	-0.142129	-0.125087	-0.0929209	-0.139328	-0.160768	-0.103933	-0.11398	-0.099316	-0.0929209	-0.120955	-0.10012	-0.132677	-0.103475	-0.105877	-0.0944571	-0.148082	-0.123052	-0.136895	-0.129343	-0.0930666	-0.120867	-0.181709	-0.113441	-0.106538	-0.141333	-0.0929209	-0.123515	-0.135268	-0.123052	-0.121538	-0.210002	-0.150521	-0.123418	-0.179946	-0.105505	-0.149099	-0.148082	-0.0946851	-0.125087	-0.0914077	-0.134822	-0.0930666	-0.107849	-0.104503	-0.0930666	-0.117187	-0.162446	-0.105877	-0.113067	-0.134822	-0.0972954	-0.10793	-0.173873	-0.158239	-0.157942	-0.179835	-0.15328	-0.0890957	-0.124771	-0.121324	-0.1481	-0.124083	-0.158117	-0.120955	-0.125154	-0.139328	-0.132413	-0.0981806	-0.125087	-0.15985	-0.157854	-0.130237	-0.131087	-0.164287	-0.148082	-0.156616	-0.146292	-0.18317	-0.104787	-0.175639	-0.12296	-0.139328	-0.0882093	-0.0936044	-0.140364	-0.217659	-0.146292	-0.0699575	-0.106488	-0.151637	-0.155228	-0.0929209	-0.140684	-0.121045	-0.128837	-0.105675	-0.113067	-0.157942	-0.149939	-0.121324	-0.124196	-0.13715	-0.167159	-0.152006	-0.0964099	-0.11057	-0.140976	-0.123052	-0.159765	-0.177081	-0.0900045	-0.10793	-0.105675	-0.113067	-0.11586	-0.141187	-0.0930666	-0.124083	-0.138923	-0.126854	-0.121538	-0.121326	-0.147735	-0.154156	-0.235024	-0.0699575	-0.155653	-0.132677	-0.154156	-0.0999603	-0.115555	-0.154156	-0.125372	-0.137173	-0.0989294	-0.126853	-0.104561	-0.130091	-0.111	-0.119036	-0.138782	-0.153366	-0.150917	-0.144353	-0.160768	-0.144353
4000	intercept	0.20937	0.196812	0.250975	0.249934	0.205582	0.23376	0.271031	0.238414	0.241774	0.257467	0.234869	0.279813	0.261096	0.221534	0.236137	0.218039	0.207697	0.261322	0.241293	0.211961	0.222541	0.226573	0.233766	0.239703	0.242983	0.240723	0.23628	0.241512	0.242153	0.280476	0.254518	0.258796	0.228588	0.227232	0.258572	0.230697	0.224528	0.239574	0.218449	0.235265	0.246622	0.214592	0.233874	0.251977	0.212013	0.207433	0.252803	0.198445	0.215236	0.214022	0.25083	0.22433	0.224944	0.262264	0.233237	0.266229	0.238484	0.238245	0.252719	0.22725	0.244931	0.259231	0.217707	0.232998	0.254142	0.225622	0.253713	0.186093	0.224544	0.202634	0.251585	0.239155	0.182751	0.244149	0.281563	0.249377	0.214733	0.208141	0.237694	0.202705	0.210153	0.249875	0.239186	0.209556	0.228379	0.218962	0.215822	0.223314	0.191539	0.246581	0.247507	0.194837	0.233594	0.229367	0.250252	0.26007	0.241163	0.214926	0.22964	0.259515	0.226474	0.228489	0.224958	0.22637	0.227794	0.220601	0.259718	0.223847	0.249902	0.222577	0.245375	0.232406	0.238067	0.24284	0.225133	0.239823	0.214861	0.217225	0.246538	0.198516	0.221631	0.236768	0.202354	0.238613	0.27157	0.208203	0.231504	0.214338	0.249246	0.203998	0.223902	0.239279	0.204548	0.251583	0.214654	0.250827	0.209452	0.232167	0.238589	0.210614	0.255109	0.258158	0.210522	0.262925	0.231069	0.231635	0.223578	0.191094	0.195368	0.221271	0.199469	0.17625	0.195643	0.237956	0.249025	0.171397	0.238484	0.260161	0.228668	0.202272	0.221289	0.218469	0.225048	0.275164	0.227156	0.26694	0.287507	0.234407	0.240685	0.221725	0.233122	0.22875	0.215198	0.2297	0.191464	0.246451	0.210474	0.231111	0.223753	0.253789	0.246053	0.240755	0.209403	0.2521	0.238808	0.204329	0.199107	0.256968	0.189699	0.200191	0.232639	0.228425	0.241346	0.248212	0.24382	0.249823	0.222763	0.219186	0.270311	0.202505	0.217807	0.204941	0.207814	0.228489	0.209556	0.180206	0.281684	0.240583	0.255109	0.248708	0.249647	0.260219	0.246546	0.202622	0.227427	0.251825	0.238951	0.271706	0.236491	0.190861	0.199533	0.258831	0.209556	0.248608	0.243117	0.179223	0.281684	0.249647	0.180564	0.224861	0.20846	0.277456	0.236491	0.224861	0.214538	0.257511	0.240685	0.242272	0.252336	0.218278	0.211507	0.209632	0.281684	0.243117	0.231093	0.216613	0.27152	0.230564	0.25118	0.228489	0.232174	0.220928	0.252763	0.18773	0.261707	0.258831	0.20736	0.265103	0.207462	0.257511	0.202138	0.270311	0.20736	0.235931	0.262717	0.233023	0.240322	0.209556	0.243539	0.233818	0.251552	0.223146	0.190861	0.171397	0.226474	0.24054	0.202622	0.228489	0.238414	0.20736	0.209632	0.255568	0.242563	0.218938	0.23462	0.225014	0.228489	0.223917	0.254146	0.225635	0.233277	0.231957	0.258831	0.209556	0.209632	0.171397	0.234967	0.234967	0.171397	0.210791	0.261278	0.209556	0.194911	0.209632	0.171397	0.250397	0.224958	0.237677	0.174522	0.223917	0.261278	0.267719	0.258831	0.247015	0.247507	0.182921	0.239083	0.248033	0.247051	0.265103	0.255907	0.220875	0.258831	0.220928	0.253023	0.205022	0.216238	0.261173	0.233818	0.181103	0.261173	0.261167	0.240583	0.268646	0.23821	0.265103	0.20086	0.231938	0.217147	0.246128	0.261173	0.184607	0.265203	0.221859	0.221859	0.20736	0.23565	0.213391	0.249531	0.240685	0.194911	0.172525	0.26322	0.258831	0.241067	0.249531	0.210375	0.237772	0.20736	0.208535	0.233701	0.245368	0.276824	0.211387	0.203377	0.250397	0.240685	0.194911	0.220884	0.22572	0.171397	0.18773	0.180206	0.183399	0.23315	0.239727	0.236491	0.204941	0.236557	0.189402	0.22617	0.233023	0.204941	0.257511	0.200225	0.204941	0.180319	0.248948	0.265203	0.21985	0.216125	0.197239	0.240453	0.219594	0.185938	0.250091	0.220928	0.179266	0.21924	0.179266
5000	slope	-0.151758	-0.179254	-0.139876	-0.147981	-0.180222	-0.133026	-0.169623	-0.139014	-0.165892	-0.122886	-0.10425	-0.13966	-0.15123	-0.21367	-0.152078	-0.155062	-0.147853	-0.137123	-0.116411	-0.147229	-0.127184	-0.12837	-0.0967913	-0.141194	-0.136837	-0.160023	-0.130377	-0.184328	-0.126106	-0.145645	-0.165426	-0.161104	-0.166289	-0.155841	-0.140206	-0.161963	-0.145039	-0.161723	-0.152605	-0.203784	-0.169734	-0.126106	-0.126359	-0.148541	-0.16238	-0.115162	-0.155953	-0.142213	-0.193491	-0.133619	-0.103109	-0.173121	-0.145457	-0.11982	-0.155841	-0.166415	-0.142676	-0.176742	-0.12573	-0.116599	-0.107675	-0.173645	-0.173517	-0.131932	-0.110607	-0.17043	-0.143005	-0.14387	-0.146908	-0.146662	-0.133752	-0.133609	-0.148286	-0.129446	-0.164177	-0.14968	-0.105903	-0.123815	-0.154723	-0.11018	-0.153781	-0.136674	-0.192236	-0.102176	-0.161563	-0.178875	-0.132931	-0.132296	-0.174386	-0.135604	-0.172361	-0.143515	-0.171243	-0.191759	-0.129565	-0.148088	-0.164678	-0.166792	-0.160002	-0.155277	-0.141546	-0.135081	-0.162706	-0.14211	-0.133025	-0.169369	-0.154988	-0.118245	-0.130284	-0.169255	-0.0995815	-0.183631	-0.115208	-0.164195	-0.162036	-0.163623	-0.100846	-0.133912	-0.134582	-0.13587	-0.129032	-0.125034	-0.171091	-0.113988	-0.107056	-0.115776	-0.158479	-0.156658	-0.135825	-0.135649	-0.15107	-0.156287	-0.12838	-0.200051	-0.171478	-0.139188	-0.151851	-0.13187	-0.154058	-0.140194	-0.136143	-0.177433	-0.14474	-0.127204	-0.17863	-0.203299	-0.128535	-0.158614	-0.191855	-0.131328	-0.181876	-0.157415	-0.12557	-0.155221	-0.147691	-0.151302	-0.144269	-0.119141	-0.131148	-0.157324	-0.186293	-0.21775	-0.139435	-0.136501	-0.145711	-0.163992	-0.11169	-0.141264	-0.1484	-0.159467	-0.198955	-0.155737	-0.140758	-0.163204	-0.164943	-0.156782	-0.165115	-0.124718	-0.12643	-0.187121	-0.115979	-0.103818	-0.125206	-0.125196	-0.156803	-0.125561	-0.153708	-0.159388	-0.141264	-0.121979	-0.152193	-0.159022	-0.144008	-0.132833	-0.102837	-0.13662	-0.161361	-0.128546	-0.173303	-0.129144	-0.15312	-0.126106	-0.128871	-0.138556	-0.0985276	-0.140637	-0.120661	-0.0795942	-0.106371	-0.180411	-0.115162	-0.13804	-0.171391	-0.150885	-0.15312	-0.215685	-0.113988	-0.142559	-0.162596	-0.149848	-0.134737	-0.110639	-0.136901	-0.123492	-0.201229	-0.159851	-0.0795942	-0.118078	-0.121181	-0.139105	-0.130353	-0.167822	-0.164364	-0.18455	-0.152376	-0.140194	-0.215685	-0.177067	-0.141996	-0.118078	-0.116053	-0.0986374	-0.1343	-0.172679	-0.203299	-0.188087	-0.116123	-0.116255	-0.203784	-0.115808	-0.0917647	-0.132027	-0.189685	-0.199275	-0.154782	-0.152744	-0.151121	-0.128549	-0.140637	-0.199275	-0.14903	-0.179469	-0.202433	-0.146685	-0.159851	-0.12166	-0.14309	-0.115808	-0.154782	-0.157415	-0.202433	-0.130353	-0.128193	-0.129699	-0.203299	-0.129251	-0.139014	-0.140194	-0.198823	-0.128772	-0.118078	-0.171243	-0.146286	-0.142912	-0.139216	-0.14204	-0.143515	-0.18965	-0.163159	-0.118882	-0.126106	-0.131011	-0.148486	-0.165921	-0.180687	-0.189692	-0.157216	-0.189035	-0.10469	-0.119141	-0.157216	-0.174979	-0.110136	-0.165203	-0.18965	-0.1343	-0.155754	-0.116123	-0.180687	-0.141546	-0.0958674	-0.159235	-0.130565	-0.125091	-0.130558	-0.139014	-0.159375	-0.18208	-0.159411	-0.121267	-0.125034	-0.203299	-0.151152	-0.180013	-0.105899	-0.175705	-0.126106	-0.130353	-0.143515	-0.118078	-0.130929	-0.127711	-0.0795942	-0.141546	-0.177212	-0.133029	-0.118882	-0.163872	-0.162785	-0.140194	-0.12166	-0.128042	-0.10442	-0.139678	-0.189287	-0.157216	-0.0859034	-0.115208	-0.200708	-0.202433	-0.166878	-0.136901	-0.0790188	-0.171243	-0.130353	-0.130098	-0.149384	-0.199275	-0.115208	-0.0790188	-0.121181	-0.127849	-0.0972729	-0.0917647	-0.164793	-0.146685	-0.116255	-0.158858	-0.138556	-0.172679	-0.180411	-0.173517	-0.135476	-0.199275	-0.138336	-0.15983	-0.117244	-0.0873237	-0.127711	-0.151121	-0.18455	-0.145762	-0.118882	-0.172679	-0.124757	-0.134227	-0.120105	-0.129488	-0.18457	-0.171243	-0.199275	-0.12234	-0.143998	-0.175703	-0.0790188	-0.149848	-0.12166	-0.163962	-0.125091	-0.114697
5000	intercept	0.242648	0.248713	0.225571	0.221465	0.275142	0.226044	0.276473	0.170215	0.220501	0.194772	0.218292	0.231533	0.184598	0.252	0.240069	0.219917	0.229313	0.210441	0.252069	0.253671	0.199154	0.207037	0.214051	0.243553	0.248248	0.24379	0.219212	0.233288	0.197919	0.273683	0.218948	0.24828	0.2294	0.232844	0.211575	0.22545	0.239157	0.253114	0.223846	0.237665	0.246271	0.201267	0.211662	0.214955	0.227678	0.185234	0.201323	0.258157	0.250185	0.194745	0.234537	0.247202	0.224551	0.229872	0.240507	0.255451	0.242015	0.25665	0.211034	0.19195	0.161034	0.260841	0.250828	0.2198	0.262127	0.243115	0.195475	0.216237	0.245973	0.208402	0.225382	0.191357	0.21418	0.218033	0.223351	0.249101	0.224369	0.248997	0.245712	0.258629	0.254042	0.268293	0.243023	0.206921	0.251751	0.237534	0.204054	0.238614	0.294283	0.200971	0.278813	0.229061	0.267806	0.256637	0.237043	0.249087	0.237415	0.234417	0.235366	0.204719	0.232902	0.202274	0.222939	0.244408	0.224593	0.228749	0.232229	0.195906	0.21586	0.268204	0.187273	0.267565	0.198325	0.227381	0.25558	0.213034	0.165451	0.228015	0.232811	0.22676	0.227009	0.200796	0.239988	0.257688	0.185125	0.217557	0.245696	0.188777	0.239318	0.211788	0.242841	0.254362	0.228278	0.240603	0.241116	0.244005	0.26619	0.19891	0.238123	0.240789	0.272007	0.245803	0.232093	0.242006	0.273931	0.21476	0.224637	0.258281	0.205277	0.245951	0.250958	0.307269	0.194508	0.228526	0.253578	0.196001	0.221532	0.247632	0.224682	0.222804	0.248906	0.2688	0.210504	0.200953	0.231018	0.214317	0.176781	0.214431	0.21633	0.257746	0.281684	0.213175	0.201075	0.201731	0.27572	0.241325	0.246135	0.204485	0.212192	0.245593	0.234738	0.222259	0.225492	0.19916	0.228382	0.214869	0.19478	0.223675	0.209606	0.185601	0.221914	0.279933	0.218209	0.229767	0.189871	0.200946	0.239643	0.195242	0.260756	0.23524	0.246025	0.199154	0.239008	0.192414	0.192366	0.202345	0.206131	0.181669	0.254959	0.23891	0.185234	0.257744	0.245838	0.184056	0.246025	0.275685	0.257688	0.22967	0.241202	0.233925	0.229768	0.172621	0.172338	0.237043	0.263691	0.222113	0.185047	0.190643	0.242344	0.200796	0.191163	0.259524	0.249205	0.25008	0.205008	0.251802	0.275685	0.240379	0.295228	0.190643	0.190643	0.245393	0.201267	0.182235	0.207724	0.281323	0.25421	0.192342	0.237665	0.198812	0.217674	0.252738	0.240608	0.24533	0.246539	0.265908	0.202345	0.190208	0.202345	0.24533	0.246128	0.257232	0.250291	0.183358	0.222113	0.20034	0.200068	0.198812	0.246539	0.295228	0.250291	0.20704	0.249979	0.257054	0.21476	0.247632	0.179865	0.248997	0.211761	0.264721	0.189016	0.271437	0.237153	0.247625	0.20743	0.252959	0.245973	0.252322	0.226736	0.200428	0.199154	0.197643	0.268942	0.253942	0.248382	0.28054	0.268681	0.250291	0.197771	0.247632	0.268681	0.237665	0.195589	0.228622	0.252322	0.201267	0.246058	0.25421	0.256692	0.229769	0.219139	0.240379	0.307751	0.245568	0.224314	0.179865	0.263837	0.291193	0.240029	0.200548	0.200796	0.211761	0.178443	0.253191	0.143956	0.25682	0.182735	0.191163	0.248997	0.189016	0.261845	0.249423	0.181669	0.229769	0.224237	0.179865	0.207878	0.198981	0.229061	0.248997	0.185551	0.250956	0.193495	0.248997	0.248892	0.268681	0.217444	0.198325	0.287077	0.250291	0.230081	0.172338	0.188396	0.267806	0.191163	0.178154	0.265908	0.244869	0.198325	0.188396	0.242344	0.210646	0.131426	0.217674	0.246128	0.183358	0.192342	0.247625	0.192414	0.182235	0.23891	0.246672	0.271635	0.232612	0.243102	0.248681	0.247632	0.218365	0.242344	0.202345	0.25008	0.18902	0.207878	0.182235	0.214335	0.216539	0.197771	0.210646	0.265931	0.271437	0.24533	0.242344	0.229769	0.240608	0.188396	0.233925	0.20034	0.253035	0.245568	0.176807
6000	slope	-0.204515	-0.17089	-0.183226	-0.184892	-0.197273	-0.171348	-0.189297	-0.133127	-0.170555	-0.159692	-0.157006	-0.177928	-0.136356	-0.184314	-0.161872	-0.212015	-0.213713	-0.150772	-0.177819	-0.173849	-0.205582	-0.1886	-0.145467	-0.197258	-0.158644	-0.165638	-0.178587	-0.165082	-0.169288	-0.193388	-0.181926	-0.116916	-0.171146	-0.228988	-0.181505	-0.183669	-0.191911	-0.164398	-0.206745	-0.147848	-0.129094	-0.172418	-0.168074	-0.159346	-0.146817	-0.167464	-0.204047	-0.163387	-0.207575	-0.141824	-0.177971	-0.196116	-0.150636	-0.194669	-0.0934375	-0.15911	-0.161212	-0.137215	-0.172304	-0.162885	-0.180798	-0.164037	-0.150721	-0.154375	-0.219128	-0.186779	-0.142441	-0.181843	-0.229525	-0.166065	-0.194084	-0.131708	-0.15947	-0.177133	-0.210445	-0.158497	-0.161856	-0.150838	-0.207927	-0.189627	-0.178802	-0.200997	-0.185252	-0.165066	-0.178261	-0.20413	-0.226989	-0.153439	-0.13927	-0.181505	-0.188433	-0.184582	-0.142308	-0.0993638	-0.158355	-0.135095	-0.178779	-0.172358	-0.200038	-0.156961	-0.177756	-0.20822	-0.145248	-0.177724	-0.197587	-0.17324	-0.168383	-0.147386	-0.142464	-0.186049	-0.175914	-0.18275	-0.14465	-0.188712	-0.164193	-0.190437	-0.152375	-0.150995	-0.197244	-0.156659	-0.193564	-0.200693	-0.210005	-0.177019	-0.174137	-0.166209	-0.211725	-0.161478	-0.176315	-0.212507	-0.156376	-0.14685	-0.156435	-0.158329	-0.202453	-0.18309	-0.169581	-0.181476	-0.18366	-0.166257	-0.189953	-0.197458	-0.176226	-0.127788	-0.156938	-0.170424	-0.17891	-0.221129	-0.169518	-0.162964	-0.187942	-0.126249	-0.196619	-0.181798	-0.185597	-0.0879676	-0.150621	-0.246169	-0.158164	-0.14564	-0.180571	-0.220352	-0.209301	-0.129642	-0.202026	-0.212613	-0.177427	-0.179578	-0.175087	-0.160677	-0.169179	-0.205987	-0.182506	-0.156615	-0.178181	-0.206471	-0.0705304	-0.158589	-0.179095	-0.20576	-0.157771	-0.129094	-0.183623	-0.119321	-0.15337	-0.140094	-0.148848	-0.177255	-0.169459	-0.158322	-0.174538	-0.189771	-0.161478	-0.146138	-0.121291	-0.177066	-0.166324	-0.136348	-0.208681	-0.17118	-0.216061	-0.181233	-0.204425	-0.212684	-0.176981	-0.186662	-0.157656	-0.123023	-0.183294	-0.0705304	-0.234077	-0.171753	-0.202875	-0.155517	-0.163723	-0.192873	-0.19067	-0.162112	-0.150299	-0.20415	-0.178206	-0.227713	-0.106104	-0.220352	-0.169525	-0.137388	-0.151805	-0.16999	-0.176315	-0.114656	-0.106104	-0.216671	-0.204425	-0.164206	-0.204425	-0.179075	-0.136945	-0.140181	-0.185025	-0.0877923	-0.204425	-0.191933	-0.132315	-0.164956	-0.217785	-0.202875	-0.150299	-0.164337	-0.139629	-0.252876	-0.12635	-0.176352	-0.0944062	-0.252876	-0.137388	-0.252876	-0.171663	-0.174543	-0.162885	-0.134207	-0.170138	-0.204425	-0.0944062	-0.179834	-0.164108	-0.118509	-0.127557	-0.184599	-0.150604	-0.141581	-0.162702	-0.122615	-0.155829	-0.174543	-0.202875	-0.0899785	-0.171663	-0.162266	-0.129094	-0.162266	-0.169228	-0.205325	-0.145422	-0.191887	-0.0899785	-0.161478	-0.105221	-0.184599	-0.219583	-0.140285	-0.19696	-0.203255	-0.179419	-0.160898	-0.205325	-0.203677	-0.192873	-0.196272	-0.175062	-0.20502	-0.195823	-0.197641	-0.227428	-0.145422	-0.136396	-0.171753	-0.203538	-0.111349	-0.186124	-0.169439	-0.164108	-0.0725543	-0.129094	-0.164108	-0.184599	-0.222574	-0.216061	-0.16999	-0.13201	-0.173946	-0.166616	-0.1847	-0.184599	-0.216061	-0.161478	-0.192873	-0.160346	-0.173946	-0.179579	-0.162885	-0.156835	-0.162112	-0.125259	-0.220352	-0.158644	-0.154613	-0.198506	-0.14195	-0.172038	-0.147386	-0.155517	-0.113877	-0.193433	-0.179834	-0.20038	-0.16999	-0.195118	-0.161478	-0.17937	-0.221595	-0.184422	-0.159701	-0.142659	-0.19067	-0.141697	-0.170444	-0.189138	-0.203677	-0.129094	-0.186124	-0.116916	-0.216061	-0.163264	-0.171753	-0.171753	-0.0879676	-0.196272	-0.196272	-0.180027	-0.216061	-0.176315	-0.22624	-0.183174	-0.20415	-0.176981	-0.122951	-0.165911	-0.221595	-0.181505	-0.162112	-0.189953	-0.155517	-0.137215	-0.129094	-0.202713	-0.203255	-0.164337	-0.148747	-0.183669	-0.167747	-0.124581	-0.123413	-0.175676	-0.162702	-0.155517	-0.175952	-0.156814	-0.179075	-0.148747	-0.145422
6000	intercept	0.232408	0.250673	0.276218	0.249467	0.252992	0.257081	0.274143	0.213422	0.239273	0.24448	0.250464	0.252208	0.247381	0.24871	0.24404	0.26721	0.24812	0.256871	0.220122	0.228442	0.272902	0.269794	0.266533	0.227565	0.204702	0.296551	0.262652	0.221094	0.246792	0.249479	0.242457	0.187485	0.241366	0.268859	0.246473	0.226317	0.251941	0.238425	0.237072	0.229773	0.233388	0.246154	0.245695	0.243652	0.240754	0.205622	0.252444	0.250176	0.293718	0.239846	0.260066	0.264089	0.256913	0.25259	0.184622	0.233433	0.242315	0.233036	0.235259	0.240334	0.267282	0.255255	0.250737	0.257686	0.273563	0.242404	0.24522	0.272417	0.284083	0.240272	0.259793	0.201334	0.23354	0.284097	0.266865	0.25288	0.248217	0.252088	0.251687	0.25464	0.261132	0.239764	0.24978	0.219161	0.256444	0.284506	0.275907	0.245089	0.221459	0.249012	0.257291	0.259861	0.197587	0.178106	0.241206	0.228758	0.255237	0.2508	0.261142	0.247787	0.236294	0.266315	0.236584	0.239996	0.249312	0.243012	0.268796	0.235728	0.213657	0.245697	0.265748	0.257645	0.258994	0.273793	0.257478	0.260096	0.252448	0.259528	0.275011	0.265272	0.284393	0.27172	0.243267	0.245703	0.242651	0.253048	0.248165	0.239999	0.246231	0.264406	0.223802	0.260154	0.23295	0.253232	0.280972	0.25299	0.271114	0.258892	0.241691	0.246972	0.273828	0.263448	0.248236	0.246055	0.222078	0.255043	0.256531	0.260369	0.252048	0.247001	0.253952	0.21515	0.260979	0.243036	0.227928	0.18051	0.236695	0.282146	0.25423	0.257925	0.257322	0.272902	0.232885	0.263824	0.269804	0.244792	0.271582	0.251801	0.220522	0.243612	0.253346	0.259899	0.230059	0.273024	0.247061	0.282786	0.18051	0.253967	0.236674	0.241058	0.240491	0.233388	0.241743	0.247179	0.243489	0.230737	0.228372	0.289581	0.253884	0.293761	0.262372	0.249675	0.239999	0.272757	0.217126	0.25813	0.239967	0.230859	0.267816	0.253277	0.275705	0.2478	0.286768	0.21785	0.24812	0.258495	0.24812	0.278491	0.299407	0.18051	0.284083	0.255043	0.243959	0.24812	0.289512	0.255727	0.260801	0.225015	0.208991	0.272454	0.269559	0.272421	0.216613	0.259805	0.253942	0.190472	0.286513	0.237318	0.26624	0.233388	0.216613	0.310106	0.286768	0.263937	0.286768	0.261189	0.244311	0.242378	0.249312	0.18051	0.286768	0.289791	0.195442	0.270973	0.26468	0.243959	0.223994	0.261544	0.243336	0.277414	0.250737	0.244586	0.18051	0.273117	0.190472	0.273891	0.19222	0.236793	0.240334	0.237969	0.215474	0.286768	0.18051	0.248662	0.261204	0.18051	0.231341	0.291814	0.242378	0.244189	0.2478	0.235033	0.272849	0.236793	0.243959	0.222229	0.19222	0.251215	0.233388	0.248082	0.255678	0.223155	0.2531	0.256412	0.223534	0.239999	0.235722	0.286748	0.230362	0.244311	0.262274	0.24812	0.247443	0.233424	0.223155	0.261518	0.255727	0.259613	0.24812	0.284888	0.278518	0.269395	0.2795	0.246775	0.244311	0.279755	0.24812	0.190472	0.271586	0.204658	0.253942	0.135984	0.233388	0.244352	0.291814	0.232085	0.276238	0.237318	0.218674	0.294465	0.234932	0.24565	0.291814	0.276238	0.239999	0.255727	0.242174	0.294465	0.282962	0.240334	0.239999	0.225015	0.228731	0.272902	0.204702	0.254783	0.281006	0.238924	0.248082	0.235728	0.244786	0.257528	0.258219	0.241504	0.229361	0.237318	0.253161	0.239999	0.262401	0.277009	0.249312	0.272849	0.247355	0.263414	0.240768	0.248207	0.286768	0.251129	0.233388	0.271586	0.187485	0.275705	0.219024	0.241319	0.243656	0.18051	0.269713	0.263269	0.279755	0.303269	0.26624	0.28162	0.257312	0.272454	0.273158	0.257288	0.274253	0.277009	0.246823	0.225015	0.273828	0.24812	0.233036	0.233388	0.249312	0.24812	0.242506	0.258994	0.236687	0.24812	0.233388	0.244072	0.250154	0.23599	0.24812	0.287934	0.174403	0.261189	0.258994	0.242378
7000	slope	-0.123163	-0.173068	-0.174031	-0.139655	-0.1638	-0.181842	-0.163434	-0.18991	-0.194876	-0.16956	-0.160327	-0.090488	-0.168959	-0.187928	-0.159426	-0.216	-0.148638	-0.228921	-0.177997	-0.195047	-0.16553	-0.193032	-0.18505	-0.103288	-0.172448	-0.17197	-0.212541	-0.155794	-0.204707	-0.171914	-0.19764	-0.187466	-0.189352	-0.168261	-0.203015	-0.121358	-0.150839	-0.207873	-0.145267	-0.232003	-0.170895	-0.152319	-0.124581	-0.201252	-0.159221	-0.185357	-0.190246	-0.183586	-0.187421	-0.179176	-0.172765	-0.143372	-0.157729	-0.137999	-0.181351	-0.215656	-0.178093	-0.173266	-0.184778	-0.189851	-0.180181	-0.187722	-0.213304	-0.171548	-0.207879	-0.154988	-0.160581	-0.217775	-0.174387	-0.151439	-0.148993	-0.151222	-0.14755	-0.172121	-0.162452	-0.2098	-0.199731	-0.114147	-0.167601	-0.153459	-0.166837	-0.179053	-0.180217	-0.174355	-0.162904	-0.157503	-0.196349	-0.15797	-0.165355	-0.133169	-0.150273	-0.15215	-0.173625	-0.106073	-0.174778	-0.205129	-0.148482	-0.125668	-0.192645	-0.141337	-0.148239	-0.165176	-0.174514	-0.155884	-0.128523	-0.166205	-0.171143	-0.20234	-0.166323	-0.168837	-0.154274	-0.172417	-0.161375	-0.157638	-0.175291	-0.166282	-0.194541	-0.158694	-0.140331	-0.177059	-0.19553	-0.154982	-0.124078	-0.187232	-0.159241	-0.191317	-0.164434	-0.178867	-0.173881	-0.16888	-0.185758	-0.195018	-0.106276	-0.152151	-0.155178	-0.164635	-0.184061	-0.149818	-0.163165	-0.205557	-0.203421	-0.191918	-0.18039	-0.153039	-0.157962	-0.158564	-0.11649	-0.16217	-0.173994	-0.139109	-0.137739	-0.104946	-0.166974	-0.193189	-0.141393	-0.198495	-0.226889	-0.190569	-0.154324	-0.181626	-0.176332	-0.167018	-0.148617	-0.152112	-0.167559	-0.158827	-0.159175	-0.148162	-0.162249	-0.127282	-0.160243	-0.186793	-0.166025	-0.191044	-0.172678	-0.179169	-0.124511	-0.159674	-0.135206	-0.15435	-0.160865	-0.178424	-0.172263	-0.14414	-0.175049	-0.230051	-0.193786	-0.186712	-0.142454	-0.122989	-0.126368	-0.199982	-0.168333	-0.178598	-0.156367	-0.165311	-0.182995	-0.171044	-0.157299	-0.172372	-0.153254	-0.179824	-0.172765	-0.163711	-0.13369	-0.225006	-0.164076	-0.147526	-0.134754	-0.166813	-0.138496	-0.166974	-0.163339	-0.153128	-0.19029	-0.177631	-0.149608	-0.124511	-0.131802	-0.204905	-0.16267	-0.146344	-0.225276	-0.134754	-0.16267	-0.142813	-0.220324	-0.147911	-0.148717	-0.192086	-0.172145	-0.16267	-0.138286	-0.211507	-0.178867	-0.150839	-0.185587	-0.199034	-0.201141	-0.212541	-0.15284	-0.0911768	-0.199642	-0.154409	-0.177631	-0.141828	-0.173015	-0.167134	-0.154239	-0.169799	-0.20234	-0.172499	-0.199009	-0.0901412	-0.181891	-0.149776	-0.193745	-0.193745	-0.15284	-0.163339	-0.199063	-0.187808	-0.201534	-0.168307	-0.108801	-0.17509	-0.153818	-0.192086	-0.199009	-0.183129	-0.127991	-0.164383	-0.197292	-0.196036	-0.184138	-0.17509	-0.168156	-0.124511	-0.131802	-0.145074	-0.176313	-0.148241	-0.151556	-0.128522	-0.19862	-0.192086	-0.139644	-0.241518	-0.16195	-0.196036	-0.169799	-0.165385	-0.178867	-0.143183	-0.183362	-0.199063	-0.146606	-0.204905	-0.164383	-0.176036	-0.185182	-0.165009	-0.19029	-0.159982	-0.185839	-0.124511	-0.199988	-0.0897161	-0.199063	-0.1667	-0.124511	-0.172282	-0.154409	-0.124511	-0.116754	-0.163711	-0.0901412	-0.207861	-0.192128	-0.148797	-0.225006	-0.220192	-0.181825	-0.204666	-0.183526	-0.175719	-0.145772	-0.183526	-0.137327	-0.212541	-0.152061	-0.222429	-0.104946	-0.167184	-0.184366	-0.156477	-0.137693	-0.17509	-0.223419	-0.189752	-0.131802	-0.192086	-0.121729	-0.146721	-0.212264	-0.165073	-0.181825	-0.200008	-0.234225	-0.121729	-0.193942	-0.131802	-0.185839	-0.189584	-0.145793	-0.104946	-0.163389	-0.160752	-0.163711	-0.167718	-0.184037	-0.192128	-0.16499	-0.177631	-0.191306	-0.150016	-0.197292	-0.16588	-0.19862	-0.134754	-0.203951	-0.179453	-0.201141	-0.121471	-0.20234	-0.152527	-0.193745	-0.225215	-0.145359	-0.225006	-0.140139	-0.16645	-0.222628	-0.195462	-0.200008	-0.157503	-0.147911	-0.181165	-0.168193	-0.152527	-0.165073	-0.148797	-0.185516	-0.151047	-0.181825	-0.0968904	-0.173323	-0.185818	-0.194032	-0.147388
7000	intercept	0.208912	0.246649	0.279793	0.232618	0.246453	0.270375	0.274992	0.239489	0.262838	0.279709	0.260725	0.188008	0.244095	0.241705	0.258806	0.29486	0.238889	0.252353	0.250759	0.289056	0.236809	0.279235	0.28588	0.254499	0.279788	0.256704	0.301886	0.24983	0.25233	0.23284	0.265091	0.278647	0.274941	0.245296	0.257482	0.22179	0.216636	0.272075	0.239538	0.304818	0.253577	0.242373	0.227502	0.287897	0.2498	0.264295	0.269888	0.24156	0.255141	0.274167	0.249767	0.263151	0.227451	0.211036	0.28902	0.271597	0.253886	0.279339	0.259995	0.262837	0.280775	0.240219	0.284892	0.281152	0.25913	0.256608	0.232924	0.266238	0.256187	0.236705	0.241794	0.266292	0.248963	0.252926	0.239686	0.264498	0.266321	0.216843	0.224164	0.242639	0.260826	0.257391	0.269708	0.274698	0.246581	0.216654	0.288031	0.242057	0.288902	0.236584	0.233676	0.256741	0.234263	0.25666	0.241692	0.261254	0.240262	0.233491	0.244336	0.249365	0.239067	0.239276	0.255241	0.257679	0.218677	0.232926	0.234776	0.28344	0.259512	0.284686	0.215067	0.281617	0.230645	0.238926	0.264753	0.269423	0.231418	0.273363	0.250495	0.271274	0.267733	0.241556	0.227502	0.278312	0.248378	0.274224	0.263869	0.265068	0.271563	0.258168	0.266489	0.259206	0.188095	0.271662	0.259448	0.280727	0.248162	0.235501	0.257401	0.240828	0.283937	0.289961	0.258303	0.2544	0.275613	0.237896	0.217134	0.241182	0.269213	0.253838	0.241182	0.161033	0.239342	0.259841	0.212125	0.276996	0.25322	0.271579	0.217487	0.258977	0.248081	0.239095	0.234791	0.23912	0.242854	0.262238	0.240742	0.2429	0.27457	0.242429	0.209336	0.261411	0.268935	0.276569	0.25718	0.242662	0.235712	0.236716	0.277516	0.252107	0.243393	0.253678	0.248662	0.250672	0.261262	0.238405	0.279809	0.250211	0.240054	0.212809	0.238528	0.259116	0.209772	0.259829	0.252555	0.251402	0.216178	0.236107	0.235048	0.256752	0.241182	0.319299	0.240425	0.223609	0.241519	0.265776	0.19706	0.219995	0.213168	0.242628	0.246066	0.239342	0.277258	0.241439	0.243841	0.270712	0.261066	0.193893	0.257717	0.298299	0.261945	0.224712	0.270507	0.216636	0.251049	0.264262	0.290183	0.286642	0.256187	0.256982	0.26227	0.251049	0.258753	0.225378	0.265068	0.216636	0.298567	0.302538	0.321129	0.301886	0.261066	0.188008	0.289077	0.256187	0.270712	0.245156	0.258361	0.24326	0.254366	0.279054	0.28344	0.274176	0.241505	0.219886	0.243197	0.245936	0.262415	0.262415	0.242478	0.277258	0.266094	0.338341	0.261189	0.280708	0.270372	0.256982	0.290264	0.256982	0.241505	0.296482	0.216636	0.227344	0.291381	0.246885	0.239455	0.256982	0.248615	0.215967	0.26755	0.25981	0.268503	0.246066	0.21729	0.231367	0.288791	0.256982	0.2441	0.290183	0.274749	0.246885	0.270985	0.263955	0.265068	0.258307	0.272956	0.266094	0.266493	0.29492	0.218071	0.239342	0.273981	0.261066	0.243841	0.239342	0.211148	0.193893	0.321129	0.18051	0.266094	0.256762	0.228011	0.274749	0.256187	0.196099	0.233189	0.223609	0.219886	0.28637	0.297618	0.254366	0.274482	0.303815	0.250784	0.289077	0.2615	0.263275	0.236793	0.2615	0.248144	0.301886	0.2654	0.251557	0.18051	0.251802	0.230553	0.245936	0.250545	0.256982	0.304503	0.251971	0.269149	0.256982	0.215568	0.261587	0.321129	0.270985	0.248437	0.240462	0.248771	0.215568	0.329995	0.255408	0.211148	0.279054	0.209054	0.161033	0.296482	0.227715	0.211567	0.274506	0.235369	0.297618	0.238061	0.270712	0.239358	0.213054	0.291381	0.229574	0.290319	0.216636	0.279375	0.226339	0.321129	0.239403	0.28344	0.201629	0.262415	0.266093	0.250545	0.254646	0.25981	0.275007	0.290183	0.246885	0.249723	0.216654	0.286642	0.268429	0.26227	0.201629	0.270985	0.254366	0.298567	0.270532	0.248437	0.229618	0.235217	0.248615	0.234972	0.209336
8000	slope	-0.177378	-0.190553	-0.170734	-0.182545	-0.175918	-0.146552	-0.178167	-0.147284	-0.155527	-0.162438	-0.164446	-0.160185	-0.153691	-0.172757	-0.175315	-0.194868	-0.122778	-0.162455	-0.143028	-0.18302	-0.1668	-0.141987	-0.234061	-0.184016	-0.17574	-0.151306	-0.190748	-0.17294	-0.183127	-0.190749	-0.199463	-0.178098	-0.2104	-0.175483	-0.207876	-0.18893	-0.191526	-0.161685	-0.141393	-0.169832	-0.150577	-0.178352	-0.170508	-0.180992	-0.214219	-0.17372	-0.179282	-0.201906	-0.199632	-0.204649	-0.145865	-0.191161	-0.191673	-0.186299	-0.194512	-0.112734	-0.162633	-0.187047	-0.147207	-0.178872	-0.179245	-0.152764	-0.202093	-0.143408	-0.150958	-0.194079	-0.215878	-0.1562	-0.193106	-0.135703	-0.200432	-0.166338	-0.173311	-0.214903	-0.173016	-0.152146	-0.20076	-0.191611	-0.187497	-0.186577	-0.152174	-0.179627	-0.14401	-0.185391	-0.214146	-0.222969	-0.176641	-0.170426	-0.198001	-0.164586	-0.183599	-0.141746	-0.199701	-0.13702	-0.210445	-0.199067	-0.186375	-0.193832	-0.187856	-0.211452	-0.197836	-0.209546	-0.186502	-0.161507	-0.189636	-0.161089	-0.207465	-0.133835	-0.184733	-0.182082	-0.217857	-0.148466	-0.204319	-0.170631	-0.226567	-0.181783	-0.235094	-0.156178	-0.155705	-0.187707	-0.185773	-0.172894	-0.153617	-0.158857	-0.116307	-0.128297	-0.167259	-0.139486	-0.12518	-0.184903	-0.169432	-0.151114	-0.186226	-0.120929	-0.199717	-0.163361	-0.154987	-0.195699	-0.185913	-0.196974	-0.195856	-0.168933	-0.18517	-0.193858	-0.191858	-0.184586	-0.256053	-0.170533	-0.201028	-0.161644	-0.19743	-0.190536	-0.20733	-0.190678	-0.241371	-0.14148	-0.191161	-0.159903	-0.171193	-0.197837	-0.188125	-0.166213	-0.16109	-0.12946	-0.196624	-0.143738	-0.222493	-0.174738	-0.193218	-0.18778	-0.169147	-0.205608	-0.178778	-0.189831	-0.196665	-0.160424	-0.167878	-0.179635	-0.196668	-0.163204	-0.19011	-0.221618	-0.16413	-0.162993	-0.149356	-0.13971	-0.177431	-0.16454	-0.163142	-0.155743	-0.205366	-0.200295	-0.202494	-0.16337	-0.178551	-0.195274	-0.164931	-0.188401	-0.208403	-0.186382	-0.211505	-0.178609	-0.169419	-0.185925	-0.197182	-0.165028	-0.190204	-0.161209	-0.117939	-0.117939	-0.191728	-0.210342	-0.198841	-0.152515	-0.216436	-0.178609	-0.169419	-0.184313	-0.207936	-0.193402	-0.184971	-0.209439	-0.122279	-0.170552	-0.140628	-0.172782	-0.242257	-0.206388	-0.107006	-0.235084	-0.175148	-0.117403	-0.168128	-0.16424	-0.160555	-0.179846	-0.131183	-0.128704	-0.248463	-0.210403	-0.188999	-0.207936	-0.204451	-0.208215	-0.162361	-0.140628	-0.166533	-0.137721	-0.181004	-0.245489	-0.146874	-0.152429	-0.167028	-0.171441	-0.120079	-0.179179	-0.146133	-0.248463	-0.122064	-0.127817	-0.190912	-0.144393	-0.152263	-0.155112	-0.184494	-0.108754	-0.21936	-0.169419	-0.221337	-0.197938	-0.118192	-0.132573	-0.174409	-0.155933	-0.188064	-0.170297	-0.177288	-0.180521	-0.182651	-0.259515	-0.171634	-0.160424	-0.163313	-0.140628	-0.168117	-0.211232	-0.148335	-0.111967	-0.132625	-0.179505	-0.115435	-0.184494	-0.112798	-0.208872	-0.180521	-0.190645	-0.21136	-0.163721	-0.199526	-0.157246	-0.158014	-0.158613	-0.128704	-0.155799	-0.178609	-0.166789	-0.148252	-0.152263	-0.162361	-0.179938	-0.171167	-0.214139	-0.174797	-0.195396	-0.178903	-0.147002	-0.0811993	-0.183681	-0.210403	-0.192	-0.185401	-0.186991	-0.192856	-0.127817	-0.195672	-0.0980914	-0.158613	-0.113678	-0.231406	-0.183259	-0.155112	-0.167097	-0.183242	-0.164801	-0.183104	-0.15165	-0.150925	-0.211232	-0.198186	-0.145925	-0.195672	-0.171634	-0.125684	-0.162361	-0.166533	-0.146133	-0.211232	-0.196277	-0.150971	-0.155595	-0.184494	-0.20114	-0.169419	-0.164984	-0.184971	-0.184313	-0.152263	-0.17475	-0.173646	-0.161481	-0.21846	-0.109411	-0.184494	-0.188064	-0.161481	-0.140628	-0.158613	-0.188064	-0.191721	-0.188999	-0.104343	-0.145285	-0.178609	-0.193424	-0.19016	-0.18517	-0.204064	-0.149249	-0.189119	-0.21466	-0.188033	-0.169419	-0.187238	-0.142877	-0.170297	-0.178758	-0.184971	-0.17829	-0.133835	-0.158613	-0.131306	-0.18517	-0.140628	-0.19787	-0.163772	-0.170426	-0.17829	-0.104343	-0.151076	-0.196722
8000	intercept	0.276359	0.272778	0.255579	0.287007	0.252581	0.248512	0.240139	0.241634	0.221675	0.264181	0.239058	0.250092	0.204407	0.271515	0.252188	0.257863	0.23563	0.25858	0.21496	0.251109	0.260834	0.23119	0.227235	0.269595	0.261548	0.233957	0.253058	0.237362	0.291577	0.276108	0.300642	0.231629	0.243877	0.23618	0.274942	0.266494	0.251902	0.282129	0.245501	0.284661	0.257147	0.242973	0.27356	0.252356	0.308435	0.246717	0.286619	0.251072	0.276655	0.2541	0.266938	0.266684	0.278992	0.273486	0.277325	0.199687	0.252327	0.270238	0.237646	0.276997	0.248779	0.236888	0.294419	0.232077	0.226339	0.285716	0.253372	0.26256	0.27318	0.224924	0.247157	0.254535	0.267307	0.24061	0.279823	0.24295	0.254673	0.240906	0.251766	0.284823	0.269731	0.250986	0.217423	0.257619	0.297712	0.268158	0.263194	0.258674	0.279506	0.240659	0.286053	0.247022	0.335196	0.245991	0.271319	0.30099	0.26407	0.276619	0.289608	0.246984	0.254484	0.274918	0.260918	0.251558	0.293494	0.188119	0.280784	0.179571	0.24609	0.282473	0.273586	0.23518	0.261119	0.238553	0.264671	0.291376	0.343878	0.272409	0.238561	0.265788	0.237848	0.308409	0.237615	0.21696	0.214261	0.233048	0.237232	0.205819	0.222379	0.266328	0.249556	0.234068	0.285485	0.237431	0.300948	0.270182	0.235874	0.274717	0.255901	0.248701	0.255533	0.26755	0.260371	0.239117	0.261907	0.233586	0.273768	0.240626	0.264925	0.255544	0.249172	0.221783	0.280799	0.273478	0.284381	0.215847	0.260405	0.258639	0.268661	0.259157	0.256234	0.234061	0.236131	0.229315	0.262888	0.233123	0.3315	0.275121	0.287629	0.265451	0.243094	0.250738	0.259291	0.254564	0.303185	0.280304	0.231037	0.293499	0.321966	0.269238	0.289457	0.269874	0.22357	0.261014	0.244953	0.227005	0.253815	0.246963	0.268906	0.218014	0.288718	0.283137	0.282281	0.246941	0.264393	0.267271	0.259675	0.283217	0.306514	0.246336	0.243645	0.26282	0.256686	0.291092	0.226046	0.278053	0.242935	0.207511	0.187732	0.187732	0.267495	0.238435	0.264498	0.244846	0.238803	0.260655	0.254101	0.279878	0.352687	0.331518	0.273472	0.335729	0.214261	0.249622	0.242031	0.266729	0.248256	0.269765	0.192269	0.280699	0.211908	0.209991	0.218708	0.207511	0.252252	0.255756	0.214859	0.237782	0.283766	0.226395	0.272281	0.352687	0.264766	0.264766	0.266278	0.278316	0.258674	0.278316	0.281594	0.273482	0.274378	0.233562	0.299892	0.247603	0.209991	0.261436	0.213969	0.289366	0.214859	0.226218	0.283698	0.221816	0.232577	0.224447	0.226342	0.259605	0.335521	0.254101	0.248992	0.269765	0.221257	0.166394	0.227153	0.217565	0.238884	0.262333	0.254723	0.268649	0.257219	0.280667	0.291246	0.280304	0.278775	0.275262	0.242323	0.3029	0.207912	0.240762	0.210117	0.227153	0.196783	0.226342	0.196783	0.238656	0.268649	0.224572	0.238435	0.261145	0.243727	0.207511	0.224912	0.224707	0.237782	0.224707	0.26282	0.228831	0.236288	0.232577	0.266278	0.291092	0.253827	0.271842	0.27356	0.309182	0.29746	0.251193	0.205863	0.275072	0.239341	0.272711	0.291246	0.257375	0.242935	0.213214	0.268327	0.205863	0.193518	0.206517	0.323038	0.273724	0.236703	0.248992	0.221871	0.302006	0.25401	0.224707	0.168327	0.3029	0.238884	0.207511	0.28376	0.291246	0.250148	0.266278	0.258674	0.213969	0.3029	0.328957	0.218181	0.229858	0.215145	0.264766	0.254101	0.218181	0.273472	0.279878	0.268247	0.281594	0.24794	0.266278	0.247267	0.154787	0.226342	0.230344	0.266278	0.275262	0.193518	0.238884	0.267765	0.280506	0.206517	0.215628	0.262097	0.255215	0.247219	0.260371	0.267495	0.214282	0.259809	0.335521	0.264498	0.254101	0.231629	0.222757	0.247314	0.280849	0.273472	0.291246	0.176376	0.225663	0.253571	0.260371	0.278316	0.279841	0.266278	0.258674	0.291246	0.206517	0.244846	0.288617
9000	slope	-0.183104	-0.216367	-0.186403	-0.182338	-0.182669	-0.174982	-0.190768	-0.196896	-0.190201	-0.16101	-0.181074	-0.176185	-0.188647	-0.14618	-0.217843	-0.206671	-0.201225	-0.213711	-0.227216	-0.186354	-0.18428	-0.206395	-0.184611	-0.195283	-0.185963	-0.133796	-0.203688	-0.146239	-0.230861	-0.208763	-0.198942	-0.211529	-0.17489	-0.172315	-0.206741	-0.186773	-0.192383	-0.196939	-0.199679	-0.156223	-0.183486	-0.196922	-0.151119	-0.208883	-0.201086	-0.199317	-0.213428	-0.203354	-0.170835	-0.184389	-0.154878	-0.185875	-0.183415	-0.161677	-0.205798	-0.144635	-0.194152	-0.159434	-0.173908	-0.210506	-0.182464	-0.254658	-0.214868	-0.209169	-0.217413	-0.205079	-0.177678	-0.193841	-0.216411	-0.178969	-0.205082	-0.1999	-0.176977	-0.196126	-0.184427	-0.130988	-0.189499	-0.188181	-0.222879	-0.185705	-0.181624	-0.157549	-0.21439	-0.217646	-0.247655	-0.190533	-0.184519	-0.163389	-0.180934	-0.180872	-0.217363	-0.202912	-0.210209	-0.236464	-0.152983	-0.190414	-0.176083	-0.190389	-0.158999	-0.214293	-0.158501	-0.176231	-0.185227	-0.137739	-0.194843	-0.180197	-0.20213	-0.147976	-0.215873	-0.163849	-0.1817	-0.187088	-0.173558	-0.172293	-0.183276	-0.206723	-0.213204	-0.18503	-0.205313	-0.158477	-0.208842	-0.168714	-0.155008	-0.218463	-0.127235	-0.197329	-0.209698	-0.186599	-0.179971	-0.174566	-0.186377	-0.283335	-0.187166	-0.158731	-0.182395	-0.184973	-0.196016	-0.125447	-0.190779	-0.19649	-0.17199	-0.167402	-0.21335	-0.197244	-0.197818	-0.132218	-0.183207	-0.168043	-0.188366	-0.215846	-0.193953	-0.17183	-0.204221	-0.201523	-0.162224	-0.19746	-0.147098	-0.185056	-0.208559	-0.154396	-0.178829	-0.19561	-0.184649	-0.143498	-0.190961	-0.18568	-0.171457	-0.219787	-0.213749	-0.189008	-0.198762	-0.138563	-0.174292	-0.200433	-0.195458	-0.182309	-0.168097	-0.170449	-0.199693	-0.164004	-0.199811	-0.17319	-0.20228	-0.20262	-0.198047	-0.15	-0.198341	-0.177406	-0.159999	-0.213471	-0.203128	-0.214259	-0.18757	-0.145637	-0.200969	-0.20249	-0.154024	-0.178717	-0.208074	-0.191931	-0.205798	-0.113117	-0.156217	-0.209469	-0.158997	-0.208763	-0.16401	-0.227045	-0.154385	-0.128571	-0.164306	-0.23159	-0.162962	-0.158245	-0.208559	-0.145841	-0.174002	-0.234129	-0.217973	-0.158915	-0.227837	-0.229029	-0.211703	-0.207752	-0.197019	-0.214201	-0.124556	-0.205313	-0.1178	-0.193769	-0.209469	-0.142079	-0.272438	-0.229029	-0.205245	-0.19885	-0.129799	-0.209698	-0.111529	-0.174117	-0.172489	-0.203759	-0.172489	-0.209698	-0.16851	-0.188522	-0.183511	-0.180899	-0.126512	-0.21956	-0.199693	-0.178032	-0.178032	-0.144781	-0.158514	-0.188744	-0.153067	-0.158477	-0.209698	-0.166151	-0.215846	-0.163726	-0.185412	-0.143032	-0.212946	-0.198609	-0.174002	-0.194774	-0.156217	-0.215846	-0.195283	-0.158477	-0.236252	-0.157549	-0.156217	-0.141444	-0.23159	-0.196522	-0.115849	-0.193767	-0.283335	-0.240751	-0.131923	-0.235215	-0.195633	-0.179746	-0.193769	-0.23159	-0.195283	-0.21956	-0.193767	-0.229009	-0.247694	-0.156217	-0.156084	-0.198609	-0.205445	-0.198609	-0.205776	-0.156217	-0.164306	-0.153067	-0.205313	-0.197244	-0.156217	-0.238674	-0.156217	-0.19885	-0.195774	-0.238674	-0.191072	-0.210743	-0.237732	-0.207167	-0.152776	-0.205445	-0.176185	-0.188744	-0.152776	-0.156217	-0.227412	-0.141444	-0.215846	-0.159294	-0.204962	-0.179062	-0.195283	-0.179746	-0.151474	-0.212942	-0.143032	-0.154878	-0.209031	-0.212946	-0.143498	-0.115849	-0.194774	-0.19475	-0.143498	-0.191538	-0.153067	-0.19475	-0.14947	-0.211703	-0.191931	-0.158915	-0.153316	-0.166151	-0.215846	-0.196522	-0.103738	-0.151474	-0.184199	-0.199432	-0.202031	-0.157092	-0.213692	-0.206371	-0.152776	-0.196896	-0.19721	-0.203759	-0.195633	-0.184199	-0.242837	-0.132388	-0.157719	-0.123803	-0.196896	-0.156217	-0.213692	-0.195264	-0.228969	-0.205313	-0.146021	-0.16711	-0.205798	-0.180435	-0.247108	-0.230671	-0.152852	-0.195283	-0.143498	-0.20421	-0.218223	-0.223501	-0.212946	-0.172055	-0.211309	-0.207684	-0.174722	-0.208559	-0.216907	-0.163726	-0.19475	-0.163134	-0.185169	-0.141358	-0.179108	-0.193767
9000	intercept	0.23783	0.292308	0.239649	0.23689	0.246625	0.248265	0.224186	0.263041	0.271689	0.237684	0.259196	0.2605	0.275577	0.224438	0.275707	0.260312	0.28048	0.29685	0.271812	0.224367	0.311791	0.284466	0.268685	0.273507	0.230059	0.225635	0.229772	0.199	0.259507	0.239549	0.261244	0.276888	0.242555	0.234702	0.298	0.232875	0.276861	0.269857	0.246114	0.245101	0.234908	0.27203	0.200321	0.268768	0.267359	0.24588	0.282615	0.278689	0.19912	0.242128	0.27535	0.260524	0.290112	0.250769	0.291571	0.239806	0.268451	0.221392	0.261801	0.273937	0.228102	0.273211	0.283248	0.225685	0.277481	0.235268	0.228083	0.24052	0.277508	0.236039	0.289815	0.268631	0.265806	0.251234	0.245787	0.231047	0.231091	0.278032	0.27498	0.290432	0.227446	0.20425	0.279618	0.275162	0.289092	0.256816	0.271219	0.22194	0.232528	0.270446	0.236098	0.262119	0.264375	0.288098	0.210748	0.2642	0.250196	0.250978	0.249002	0.277751	0.207887	0.23085	0.262382	0.227344	0.227123	0.295347	0.291044	0.205231	0.281974	0.238196	0.266917	0.278358	0.231163	0.237646	0.240903	0.28833	0.255553	0.236642	0.269897	0.175564	0.282888	0.237571	0.23837	0.273723	0.242952	0.28661	0.261654	0.223542	0.264904	0.237097	0.276007	0.331052	0.228947	0.244966	0.232022	0.278717	0.24908	0.199185	0.249072	0.231091	0.225908	0.227738	0.277924	0.28479	0.263129	0.205386	0.21188	0.234699	0.26251	0.267684	0.237385	0.239859	0.247886	0.291145	0.232042	0.260768	0.236706	0.228331	0.290575	0.229979	0.241822	0.262125	0.304184	0.247241	0.307603	0.239957	0.284317	0.259843	0.27861	0.252409	0.257864	0.215911	0.247405	0.284407	0.277351	0.273165	0.259063	0.247142	0.254228	0.262484	0.276497	0.307128	0.243909	0.27018	0.287384	0.231525	0.256361	0.24601	0.243567	0.282263	0.285921	0.291077	0.243187	0.227169	0.275992	0.261108	0.199269	0.242775	0.246099	0.280945	0.291571	0.178247	0.211799	0.262681	0.223302	0.239549	0.253576	0.301888	0.223735	0.216809	0.223674	0.263392	0.231524	0.21751	0.276335	0.266047	0.232851	0.245262	0.233748	0.183116	0.259592	0.263392	0.231867	0.24824	0.260191	0.214412	0.214542	0.268534	0.255394	0.299459	0.262681	0.273103	0.251113	0.263392	0.255241	0.27635	0.211424	0.257867	0.195095	0.202085	0.228878	0.287736	0.240651	0.257867	0.233538	0.239549	0.237874	0.264202	0.220699	0.283331	0.254228	0.26044	0.27203	0.211799	0.260227	0.252172	0.233489	0.168742	0.257867	0.190849	0.265359	0.266975	0.250315	0.230757	0.332255	0.281858	0.232851	0.287736	0.224796	0.266575	0.250876	0.175564	0.256081	0.211992	0.211799	0.295702	0.263392	0.233581	0.173557	0.281195	0.332868	0.292396	0.197856	0.27805	0.281195	0.260567	0.299459	0.255573	0.273507	0.283331	0.262044	0.256081	0.283331	0.211799	0.199439	0.27203	0.278682	0.251631	0.269269	0.211799	0.223674	0.258418	0.269897	0.28479	0.223674	0.253903	0.224796	0.27635	0.241004	0.253903	0.273954	0.315019	0.309913	0.290158	0.211799	0.258032	0.243303	0.252172	0.220999	0.211799	0.260399	0.27308	0.267684	0.21869	0.287238	0.205784	0.263535	0.260567	0.253686	0.312997	0.213088	0.277388	0.281195	0.328185	0.259412	0.192483	0.287736	0.256384	0.247241	0.239549	0.234931	0.256384	0.218626	0.231867	0.280945	0.183116	0.278967	0.190849	0.265359	0.214987	0.19377	0.253686	0.201354	0.278765	0.231038	0.278988	0.255326	0.331053	0.211799	0.263041	0.251521	0.287736	0.281195	0.201354	0.257001	0.202258	0.263529	0.209741	0.263041	0.211799	0.2498	0.279805	0.276335	0.27682	0.182922	0.223366	0.291571	0.284703	0.276557	0.282818	0.282239	0.26435	0.247241	0.240839	0.264928	0.27258	0.332255	0.292488	0.266684	0.30443	0.199465	0.271303	0.278023	0.272542	0.256384	0.268862	0.242994	0.187026	0.238821	0.281195
10000	slope	-0.137126	-0.215976	-0.196116	-0.175137	-0.274304	-0.200347	-0.192905	-0.21365	-0.176979	-0.132456	-0.159166	-0.216256	-0.157173	-0.159266	-0.213514	-0.200902	-0.195751	-0.226523	-0.193022	-0.21969	-0.182874	-0.190561	-0.180619	-0.199861	-0.163227	-0.175263	-0.208304	-0.203981	-0.218674	-0.245455	-0.180241	-0.2145	-0.156315	-0.18516	-0.171513	-0.200999	-0.171153	-0.210569	-0.213857	-0.153471	-0.187382	-0.180833	-0.161171	-0.173856	-0.209816	-0.177552	-0.198738	-0.184504	-0.208388	-0.202336	-0.144679	-0.200632	-0.182277	-0.219229	-0.137126	-0.136014	-0.159685	-0.227171	-0.237011	-0.180402	-0.17236	-0.157272	-0.226775	-0.157192	-0.198206	-0.189274	-0.218799	-0.132188	-0.214169	-0.159323	-0.228558	-0.152794	-0.214985	-0.128671	-0.207074	-0.210346	-0.203524	-0.221031	-0.206706	-0.21595	-0.201796	-0.192206	-0.204945	-0.176386	-0.249016	-0.205701	-0.21622	-0.190679	-0.224462	-0.192129	-0.197424	-0.176639	-0.236739	-0.209825	-0.168857	-0.206294	-0.208176	-0.149633	-0.190556	-0.187774	-0.195614	-0.207423	-0.214761	-0.157284	-0.195948	-0.245572	-0.209215	-0.125811	-0.190767	-0.186183	-0.201188	-0.233404	-0.169457	-0.214795	-0.178947	-0.230346	-0.200639	-0.215692	-0.13415	-0.194608	-0.184049	-0.187311	-0.214267	-0.224606	-0.142506	-0.220593	-0.192333	-0.207339	-0.211231	-0.182022	-0.188222	-0.233539	-0.212506	-0.193071	-0.143095	-0.229159	-0.187382	-0.194403	-0.224397	-0.207347	-0.192006	-0.180539	-0.198202	-0.261449	-0.221112	-0.18667	-0.232411	-0.184697	-0.175524	-0.244212	-0.22687	-0.182424	-0.183877	-0.188809	-0.183174	-0.170842	-0.19645	-0.183295	-0.202098	-0.167353	-0.200051	-0.209973	-0.200401	-0.220082	-0.193892	-0.192914	-0.222459	-0.204034	-0.212217	-0.209998	-0.145977	-0.184039	-0.158855	-0.202201	-0.18484	-0.178262	-0.179426	-0.1972	-0.161245	-0.179127	-0.136014	-0.176968	-0.153329	-0.181861	-0.193322	-0.195668	-0.184057	-0.15365	-0.183717	-0.177732	-0.194272	-0.17176	-0.234522	-0.242955	-0.208083	-0.196472	-0.18237	-0.208146	-0.197669	-0.223836	-0.158815	-0.210093	-0.127727	-0.158815	-0.173322	-0.187915	-0.196656	-0.19375	-0.245037	-0.124646	-0.17141	-0.232884	-0.218544	-0.205197	-0.200092	-0.195473	-0.177235	-0.261449	-0.204802	-0.192834	-0.193207	-0.2261	-0.217554	-0.178819	-0.165936	-0.205197	-0.163141	-0.159685	-0.132624	-0.147296	-0.248627	-0.164671	-0.137126	-0.195789	-0.217514	-0.141197	-0.190605	-0.212833	-0.2261	-0.132456	-0.22671	-0.136014	-0.128174	-0.187897	-0.20929	-0.214211	-0.167067	-0.223113	-0.204349	-0.159685	-0.127727	-0.208871	-0.21124	-0.205293	-0.170343	-0.243122	-0.204802	-0.216302	-0.198747	-0.217895	-0.203105	-0.220443	-0.188951	-0.216832	-0.235372	-0.214839	-0.217046	-0.132456	-0.210182	-0.211303	-0.19362	-0.175668	-0.205804	-0.201241	-0.145999	-0.168011	-0.204823	-0.206179	-0.201241	-0.207074	-0.193207	-0.149046	-0.200797	-0.188951	-0.214267	-0.205311	-0.242323	-0.209385	-0.215755	-0.19473	-0.158472	-0.157382	-0.112213	-0.173322	-0.261449	-0.223113	-0.188951	-0.144546	-0.190605	-0.158659	-0.193207	-0.202262	-0.140202	-0.214267	-0.219064	-0.248627	-0.213137	-0.126407	-0.214267	-0.215553	-0.157015	-0.153278	-0.19473	-0.213838	-0.144546	-0.233404	-0.158848	-0.215857	-0.243122	-0.214285	-0.196656	-0.175668	-0.228554	-0.204384	-0.207074	-0.216029	-0.151102	-0.205311	-0.164671	-0.169678	-0.144439	-0.214267	-0.170097	-0.153909	-0.17156	-0.178819	-0.21611	-0.182334	-0.216302	-0.188027	-0.204587	-0.15832	-0.159172	-0.192128	-0.20107	-0.124646	-0.243122	-0.213955	-0.123038	-0.242323	-0.137126	-0.221955	-0.214036	-0.144439	-0.228554	-0.137126	-0.210182	-0.214285	-0.198028	-0.168085	-0.235372	-0.249171	-0.141197	-0.136014	-0.109695	-0.198747	-0.207935	-0.159517	-0.201476	-0.230609	-0.144546	-0.261449	-0.214839	-0.202849	-0.188951	-0.194593	-0.203204	-0.204539	-0.214267	-0.169874	-0.157173	-0.224285	-0.206333	-0.216653	-0.161463	-0.126501	-0.216832	-0.19522	-0.198518	-0.233404	-0.161598	-0.213962	-0.228554	-0.20263	-0.106939	-0.169678	-0.209307	-0.212084	-0.19473	-0.136014
10000	intercept	0.236307	0.281863	0.267074	0.236015	0.313388	0.290824	0.300188	0.294327	0.277158	0.207267	0.25119	0.275213	0.279816	0.257524	0.274263	0.288147	0.2719	0.271887	0.310853	0.278899	0.250066	0.278966	0.267626	0.315536	0.221755	0.267321	0.262212	0.286688	0.263933	0.31859	0.289838	0.276199	0.218946	0.227183	0.290532	0.275982	0.256933	0.242085	0.26823	0.258591	0.245092	0.269903	0.275963	0.259122	0.260817	0.254099	0.291725	0.242378	0.278871	0.279951	0.245413	0.259599	0.246727	0.283895	0.272589	0.262354	0.25146	0.279159	0.317724	0.261217	0.261431	0.257973	0.269994	0.247922	0.292821	0.313689	0.268032	0.231705	0.301571	0.197469	0.310444	0.227115	0.293857	0.232169	0.268903	0.280919	0.28398	0.287444	0.267255	0.278047	0.274744	0.279314	0.262267	0.20862	0.310744	0.310385	0.273769	0.311626	0.263302	0.28867	0.313166	0.26683	0.292402	0.302274	0.269512	0.260094	0.271693	0.241911	0.233876	0.23975	0.284982	0.266135	0.315594	0.246761	0.280842	0.307435	0.299038	0.26163	0.239118	0.271519	0.268759	0.285979	0.264258	0.30126	0.263325	0.301007	0.269894	0.3148	0.264722	0.283509	0.254347	0.249315	0.30639	0.276713	0.276405	0.280932	0.283626	0.30282	0.271938	0.265749	0.267143	0.273995	0.279403	0.277901	0.287008	0.297063	0.258953	0.294777	0.264982	0.272236	0.268954	0.237951	0.287099	0.298398	0.255441	0.268815	0.277624	0.259824	0.265398	0.277219	0.291034	0.300155	0.255605	0.306043	0.226862	0.232875	0.263048	0.254543	0.28834	0.265685	0.2723	0.288975	0.240191	0.296804	0.270626	0.277639	0.297037	0.308231	0.274562	0.27597	0.231294	0.25674	0.240184	0.260292	0.25309	0.270712	0.279151	0.268442	0.260891	0.21849	0.262354	0.285563	0.252005	0.248149	0.254798	0.278234	0.22976	0.246374	0.231788	0.286478	0.285434	0.271168	0.269585	0.286228	0.268253	0.267583	0.237168	0.276518	0.262144	0.29086	0.192508	0.284541	0.247201	0.194074	0.304373	0.302064	0.262237	0.283024	0.30086	0.23483	0.250213	0.276193	0.264166	0.290352	0.2975	0.335416	0.241145	0.3066	0.246946	0.270963	0.242975	0.28834	0.280073	0.278966	0.214441	0.290352	0.278669	0.25146	0.251039	0.239819	0.29226	0.239682	0.264843	0.276935	0.291499	0.263912	0.255179	0.315591	0.28834	0.207267	0.298252	0.262354	0.269805	0.227859	0.288649	0.290352	0.309007	0.301571	0.280439	0.236405	0.247201	0.355451	0.293023	0.311362	0.283605	0.325046	0.246946	0.264982	0.293035	0.304934	0.271939	0.290609	0.266369	0.303173	0.308271	0.288674	0.280073	0.207267	0.298648	0.289274	0.313807	0.296121	0.252701	0.329904	0.245527	0.256036	0.322875	0.271809	0.344783	0.268903	0.246946	0.197091	0.254248	0.266369	0.301571	0.329904	0.308609	0.28827	0.308702	0.307391	0.247161	0.209565	0.214253	0.280277	0.298398	0.301571	0.266369	0.214461	0.255179	0.239682	0.246946	0.283393	0.235014	0.301571	0.290583	0.29226	0.267625	0.225592	0.301571	0.287163	0.271928	0.236138	0.307391	0.265617	0.214461	0.280148	0.241145	0.300063	0.325046	0.260726	0.242905	0.296121	0.31282	0.300105	0.268903	0.301571	0.305167	0.329904	0.237625	0.271928	0.241235	0.301571	0.25517	0.239819	0.244842	0.282348	0.331191	0.259549	0.264982	0.261732	0.268903	0.234541	0.239819	0.258332	0.278904	0.238643	0.330434	0.266202	0.235014	0.300672	0.251144	0.28645	0.329904	0.247939	0.29562	0.251144	0.298648	0.260726	0.284541	0.216221	0.308271	0.288793	0.270951	0.262354	0.214253	0.293035	0.307706	0.240184	0.246946	0.301094	0.222744	0.297269	0.288674	0.279336	0.260451	0.302617	0.246946	0.279336	0.301571	0.273595	0.279816	0.273183	0.285544	0.284541	0.240184	0.262707	0.303173	0.279336	0.284541	0.282484	0.194074	0.27617	0.3067	0.350621	0.23394	0.271928	0.274744	0.298252	0.307391	0.262354
11000	slope	-0.193747	-0.207327	-0.226979	-0.207969	-0.195398	-0.219906	-0.208044	-0.203555	-0.228418	-0.226116	-0.201542	-0.188896	-0.209443	-0.220757	-0.198751	-0.24422	-0.189818	-0.189464	-0.161237	-0.20161	-0.192193	-0.137759	-0.17457	-0.228266	-0.201695	-0.201267	-0.226643	-0.21563	-0.230781	-0.204215	-0.188366	-0.199513	-0.201631	-0.179643	-0.199081	-0.220913	-0.211149	-0.204908	-0.242566	-0.189129	-0.223077	-0.21193	-0.204306	-0.183749	-0.189096	-0.189147	-0.175531	-0.20856	-0.214341	-0.188021	-0.201792	-0.164891	-0.196234	-0.196836	-0.235003	-0.203177	-0.223343	-0.219923	-0.219085	-0.183633	-0.213277	-0.232682	-0.169916	-0.202385	-0.212097	-0.214373	-0.193688	-0.179697	-0.17091	-0.176024	-0.214507	-0.194919	-0.217908	-0.242181	-0.202341	-0.219478	-0.182699	-0.156613	-0.183178	-0.218346	-0.204291	-0.201546	-0.192735	-0.198682	-0.192508	-0.220142	-0.198095	-0.224266	-0.211011	-0.204861	-0.223953	-0.20607	-0.213115	-0.258683	-0.174432	-0.181978	-0.228691	-0.220966	-0.162347	-0.199704	-0.181363	-0.187758	-0.166575	-0.199699	-0.200631	-0.212214	-0.212546	-0.203854	-0.185642	-0.197641	-0.217899	-0.175719	-0.203009	-0.212966	-0.220292	-0.20535	-0.202553	-0.196993	-0.199828	-0.155441	-0.201195	-0.206237	-0.220585	-0.212015	-0.223054	-0.211955	-0.197512	-0.22502	-0.199791	-0.202154	-0.208447	-0.166623	-0.211709	-0.2005	-0.192863	-0.226011	-0.232508	-0.212075	-0.23536	-0.207762	-0.208488	-0.189603	-0.189961	-0.207574	-0.183911	-0.225902	-0.202503	-0.185586	-0.223091	-0.211842	-0.215484	-0.214994	-0.189953	-0.198913	-0.182739	-0.256615	-0.200609	-0.216211	-0.203264	-0.195845	-0.209136	-0.189299	-0.216375	-0.222833	-0.211677	-0.220392	-0.211142	-0.20217	-0.183949	-0.182089	-0.222799	-0.205246	-0.203211	-0.211324	-0.190926	-0.206466	-0.201338	-0.202855	-0.236794	-0.183695	-0.220013	-0.214305	-0.214957	-0.21985	-0.189276	-0.227788	-0.230217	-0.212492	-0.211786	-0.188876	-0.240475	-0.202577	-0.1729	-0.27911	-0.189656	-0.21303	-0.210106	-0.226693	-0.215002	-0.196085	-0.139541	-0.146626	-0.177318	-0.211955	-0.201546	-0.200176	-0.200569	-0.231664	-0.201455	-0.216902	-0.231664	-0.207527	-0.239356	-0.214243	-0.221574	-0.139541	-0.203725	-0.216902	-0.238354	-0.249101	-0.196936	-0.220457	-0.139541	-0.20393	-0.205626	-0.210782	-0.170351	-0.202158	-0.23423	-0.157636	-0.20875	-0.207291	-0.22264	-0.224581	-0.200688	-0.146626	-0.195617	-0.217187	-0.161918	-0.229232	-0.146626	-0.194844	-0.213929	-0.202729	-0.205626	-0.252673	-0.233891	-0.203907	-0.213162	-0.216085	-0.210782	-0.208564	-0.200176	-0.218777	-0.237869	-0.2107	-0.21143	-0.194919	-0.21143	-0.187119	-0.194729	-0.183588	-0.224405	-0.210311	-0.176143	-0.208419	-0.224326	-0.150771	-0.221574	-0.216156	-0.192057	-0.211955	-0.193675	-0.187119	-0.212075	-0.209457	-0.146626	-0.211955	-0.240489	-0.187405	-0.214243	-0.224405	-0.248064	-0.117831	-0.216902	-0.199174	-0.209457	-0.186621	-0.216902	-0.167311	-0.275163	-0.155845	-0.173302	-0.209098	-0.213913	-0.20393	-0.213587	-0.17847	-0.155845	-0.210772	-0.196936	-0.241296	-0.236309	-0.234376	-0.200687	-0.192243	-0.249376	-0.183336	-0.22898	-0.213929	-0.224405	-0.237316	-0.18155	-0.166524	-0.234956	-0.223953	-0.231664	-0.199863	-0.17091	-0.181766	-0.19468	-0.23916	-0.228872	-0.22062	-0.203286	-0.201546	-0.252396	-0.231664	-0.226403	-0.205328	-0.218853	-0.196388	-0.195398	-0.194844	-0.178064	-0.205626	-0.216902	-0.19237	-0.210311	-0.190606	-0.22778	-0.239356	-0.213929	-0.221574	-0.235094	-0.118936	-0.247365	-0.17149	-0.183588	-0.231664	-0.177299	-0.216902	-0.227422	-0.23916	-0.200176	-0.187405	-0.205699	-0.23423	-0.192502	-0.200688	-0.218777	-0.252358	-0.241476	-0.21876	-0.193675	-0.211955	-0.199073	-0.187753	-0.241041	-0.170739	-0.161237	-0.242593	-0.21876	-0.236302	-0.243534	-0.210311	-0.212075	-0.132534	-0.247365	-0.241476	-0.207527	-0.22062	-0.210782	-0.182407	-0.238354	-0.194844	-0.117831	-0.188021	-0.21861	-0.235762	-0.231664	-0.211059	-0.237316	-0.213924	-0.204439	-0.193637	-0.161918	-0.237869	-0.23916	-0.236309
11000	intercept	0.245926	0.270177	0.288852	0.292817	0.29696	0.283769	0.303102	0.291293	0.296685	0.310147	0.280992	0.249629	0.297553	0.296535	0.262852	0.300673	0.260511	0.270557	0.258346	0.254422	0.255288	0.239881	0.26175	0.306601	0.288233	0.251237	0.300736	0.297294	0.282514	0.290656	0.297319	0.299323	0.29725	0.243396	0.308862	0.272219	0.287276	0.271682	0.318215	0.295314	0.291844	0.295132	0.259331	0.277315	0.277437	0.279184	0.27952	0.253157	0.283348	0.274798	0.278558	0.259707	0.262657	0.276778	0.310196	0.252322	0.278351	0.293424	0.262001	0.226142	0.292967	0.279122	0.270523	0.282156	0.263545	0.274386	0.253893	0.273938	0.274408	0.29532	0.278185	0.261765	0.295156	0.29291	0.287046	0.281225	0.296135	0.26301	0.258431	0.273816	0.260772	0.268036	0.265821	0.269978	0.281681	0.294938	0.299301	0.289203	0.255407	0.272611	0.232286	0.257801	0.260916	0.280903	0.274787	0.26501	0.309801	0.280563	0.242905	0.271052	0.276622	0.28197	0.273887	0.258588	0.282838	0.295018	0.27373	0.295555	0.24141	0.266119	0.250405	0.272855	0.279014	0.308083	0.290504	0.287794	0.289188	0.274798	0.285939	0.259962	0.291598	0.284016	0.285842	0.251525	0.289718	0.2836	0.310631	0.300765	0.270939	0.273941	0.320471	0.24413	0.2997	0.296607	0.27517	0.26179	0.291856	0.234311	0.289483	0.293582	0.272993	0.281298	0.29532	0.279332	0.248417	0.265672	0.239561	0.283672	0.277232	0.280443	0.285005	0.297118	0.249796	0.301155	0.254263	0.313969	0.288482	0.254091	0.259357	0.302016	0.278811	0.250367	0.270314	0.275054	0.26607	0.292669	0.278959	0.254136	0.280307	0.261414	0.283676	0.23257	0.27397	0.280641	0.26714	0.288435	0.263195	0.296646	0.316503	0.278321	0.298987	0.287362	0.268338	0.290192	0.281471	0.275485	0.280639	0.290914	0.277414	0.280677	0.315881	0.2896	0.230363	0.341174	0.246326	0.284915	0.28317	0.307979	0.304865	0.298217	0.206962	0.218505	0.290563	0.2836	0.268036	0.291445	0.29532	0.318215	0.234311	0.268162	0.314518	0.228841	0.300104	0.293246	0.297065	0.239614	0.278222	0.262868	0.305454	0.264211	0.269755	0.308629	0.222776	0.292876	0.285911	0.311391	0.229253	0.302526	0.241947	0.298689	0.235571	0.256402	0.322962	0.308457	0.260477	0.218505	0.274798	0.260545	0.266423	0.312625	0.214654	0.277618	0.301367	0.285911	0.285911	0.295249	0.351027	0.314583	0.304934	0.293281	0.311391	0.304185	0.310152	0.289203	0.32161	0.29532	0.301367	0.261765	0.295023	0.270742	0.274408	0.270282	0.291109	0.308457	0.256475	0.320016	0.293281	0.25312	0.297065	0.256653	0.288207	0.2836	0.283671	0.270742	0.234311	0.234093	0.208227	0.2836	0.295249	0.284655	0.293246	0.286983	0.280415	0.236874	0.268162	0.242221	0.234093	0.288749	0.269239	0.246434	0.330644	0.265846	0.255204	0.266169	0.28284	0.292876	0.301367	0.27264	0.265846	0.290328	0.269755	0.331965	0.326059	0.311836	0.325225	0.240359	0.280472	0.246326	0.324805	0.301367	0.286983	0.272144	0.287798	0.271829	0.323199	0.232286	0.306806	0.295097	0.274408	0.232011	0.262663	0.329866	0.259943	0.256768	0.274544	0.268036	0.303439	0.318215	0.286839	0.266678	0.290021	0.274751	0.29696	0.274484	0.289914	0.285911	0.268162	0.237298	0.308457	0.251163	0.310455	0.277455	0.301367	0.297065	0.305454	0.233704	0.280903	0.287798	0.270282	0.319457	0.266423	0.269239	0.272831	0.329866	0.291445	0.293281	0.276157	0.241947	0.275228	0.260477	0.289203	0.32805	0.297345	0.274428	0.277008	0.2725	0.308214	0.268162	0.260148	0.257464	0.257464	0.300123	0.284444	0.319753	0.295765	0.308457	0.234311	0.218505	0.280903	0.297345	0.265642	0.256768	0.311391	0.242221	0.305454	0.279944	0.230557	0.293056	0.260731	0.349216	0.318215	0.267309	0.272144	0.304004	0.25044	0.234648	0.266423	0.32161	0.327861	0.326059
12000	slope	-0.161257	-0.195562	-0.222986	-0.19538	-0.196726	-0.236299	-0.180829	-0.242761	-0.231075	-0.184703	-0.241474	-0.217757	-0.236506	-0.213123	-0.169166	-0.211308	-0.20935	-0.203351	-0.235227	-0.246725	-0.211152	-0.189756	-0.2159	-0.212863	-0.203511	-0.230249	-0.181625	-0.240987	-0.24859	-0.208802	-0.233646	-0.212621	-0.193523	-0.191787	-0.207361	-0.220477	-0.190361	-0.212488	-0.235569	-0.221903	-0.247761	-0.243359	-0.229712	-0.207926	-0.211704	-0.205367	-0.220686	-0.235017	-0.212829	-0.170139	-0.235894	-0.207523	-0.205496	-0.211588	-0.242798	-0.250932	-0.246583	-0.216352	-0.259272	-0.191704	-0.229121	-0.239859	-0.209159	-0.184857	-0.23853	-0.240932	-0.139393	-0.200314	-0.242033	-0.203881	-0.237281	-0.210456	-0.199857	-0.249784	-0.226767	-0.177188	-0.175929	-0.160898	-0.247159	-0.241045	-0.216969	-0.205542	-0.194015	-0.223837	-0.230786	-0.253152	-0.232356	-0.252444	-0.245973	-0.227777	-0.240666	-0.215411	-0.15627	-0.238241	-0.218313	-0.219308	-0.23334	-0.215892	-0.235039	-0.236087	-0.194226	-0.267946	-0.251155	-0.230544	-0.21846	-0.219783	-0.230868	-0.213335	-0.222446	-0.216067	-0.207676	-0.195916	-0.21855	-0.251124	-0.252505	-0.218421	-0.216508	-0.201441	-0.230138	-0.234982	-0.2303	-0.224061	-0.138116	-0.236777	-0.230481	-0.229103	-0.199976	-0.194748	-0.16942	-0.242259	-0.226106	-0.207966	-0.209451	-0.221421	-0.184694	-0.209859	-0.204285	-0.220031	-0.236853	-0.212146	-0.154735	-0.215344	-0.230743	-0.205925	-0.240499	-0.236022	-0.205949	-0.183951	-0.233462	-0.195209	-0.236107	-0.253312	-0.211048	-0.229059	-0.227039	-0.240297	-0.234358	-0.151865	-0.233265	-0.230586	-0.222672	-0.205047	-0.267946	-0.181839	-0.228101	-0.227922	-0.206564	-0.247864	-0.176558	-0.22396	-0.180829	-0.190826	-0.174873	-0.210201	-0.186872	-0.173568	-0.222745	-0.193047	-0.221074	-0.212472	-0.21621	-0.209383	-0.204596	-0.241868	-0.175159	-0.227228	-0.223472	-0.171128	-0.214817	-0.180062	-0.200574	-0.248003	-0.217368	-0.223057	-0.218675	-0.247973	-0.228797	-0.204107	-0.205297	-0.243442	-0.180829	-0.21753	-0.205495	-0.171377	-0.226144	-0.276243	-0.234927	-0.276243	-0.139393	-0.113185	-0.204699	-0.219717	-0.170151	-0.155068	-0.254058	-0.195562	-0.157705	-0.231632	-0.180829	-0.147847	-0.276243	-0.222446	-0.226767	-0.267475	-0.24079	-0.155321	-0.244224	-0.204331	-0.141668	-0.205174	-0.234982	-0.213219	-0.235103	-0.234927	-0.137402	-0.180163	-0.259071	-0.206217	-0.23125	-0.235928	-0.212621	-0.194042	-0.2159	-0.212907	-0.137402	-0.180829	-0.273749	-0.123172	-0.180829	-0.208984	-0.19496	-0.231075	-0.201908	-0.23765	-0.187338	-0.139393	-0.245222	-0.180829	-0.151961	-0.19091	-0.17507	-0.151034	-0.232221	-0.199572	-0.203355	-0.212621	-0.255168	-0.241273	-0.160828	-0.219324	-0.25079	-0.26122	-0.146363	-0.26323	-0.232221	-0.133085	-0.210066	-0.261378	-0.180829	-0.221894	-0.123172	-0.180829	-0.252813	-0.217029	-0.2159	-0.224606	-0.240363	-0.185499	-0.264741	-0.147461	-0.195986	-0.248809	-0.148641	-0.231793	-0.232633	-0.251155	-0.239288	-0.276049	-0.248809	-0.26122	-0.189898	-0.239037	-0.237081	-0.198574	-0.180713	-0.257244	-0.2159	-0.222048	-0.163288	-0.265095	-0.226767	-0.170139	-0.276243	-0.232633	-0.28705	-0.207166	-0.176558	-0.202422	-0.249502	-0.235928	-0.182338	-0.276049	-0.229008	-0.180829	-0.235506	-0.2159	-0.212907	-0.258309	-0.251459	-0.231081	-0.253152	-0.248809	-0.2159	-0.245062	-0.253152	-0.223953	-0.200983	-0.218949	-0.216981	-0.221178	-0.219308	-0.209827	-0.246655	-0.239288	-0.233685	-0.25079	-0.163288	-0.237134	-0.214906	-0.277444	-0.232483	-0.273749	-0.248809	-0.26337	-0.231793	-0.230576	-0.176558	-0.251155	-0.206138	-0.219324	-0.151034	-0.163417	-0.170139	-0.179294	-0.2159	-0.251155	-0.202422	-0.195562	-0.203355	-0.223203	-0.210572	-0.230576	-0.220244	-0.245308	-0.235928	-0.189898	-0.241537	-0.215739	-0.219324	-0.173282	-0.151961	-0.228005	-0.198574	-0.161799	-0.203338	-0.238297	-0.233708	-0.147128	-0.236056	-0.249333	-0.202285	-0.235928	-0.215411	-0.248809	-0.226767	-0.253152	-0.245028	-0.180829	-0.236626	-0.230824
12000	intercept	0.258518	0.292327	0.304005	0.238526	0.255037	0.316212	0.252764	0.294138	0.297249	0.275989	0.352188	0.246176	0.296916	0.298806	0.2792	0.244226	0.265542	0.272236	0.285102	0.303345	0.283032	0.280042	0.280753	0.265628	0.297404	0.283165	0.293172	0.319828	0.27756	0.301974	0.265042	0.281937	0.244951	0.294332	0.306817	0.321599	0.252319	0.295714	0.283966	0.296429	0.294252	0.274389	0.288312	0.281462	0.283422	0.30763	0.294887	0.303289	0.308406	0.25001	0.279861	0.27711	0.261973	0.270264	0.287512	0.324556	0.304108	0.2779	0.316019	0.280231	0.336058	0.319227	0.283811	0.259525	0.2592	0.303518	0.198899	0.251605	0.295561	0.313332	0.313961	0.288321	0.276724	0.314815	0.33229	0.278964	0.282246	0.250677	0.301697	0.304749	0.247986	0.28978	0.27461	0.309845	0.291034	0.278447	0.298709	0.289276	0.318688	0.331114	0.327857	0.261315	0.292327	0.303893	0.307128	0.275351	0.303668	0.301613	0.317035	0.290721	0.266389	0.328169	0.320752	0.304589	0.277481	0.25084	0.304512	0.272956	0.270506	0.283011	0.292851	0.242468	0.304769	0.298568	0.288749	0.29247	0.289917	0.27361	0.338025	0.251749	0.266912	0.28938	0.216317	0.285979	0.294479	0.260938	0.263518	0.253982	0.249382	0.286608	0.29666	0.253852	0.303687	0.270082	0.268564	0.261673	0.308919	0.295483	0.306654	0.295667	0.273764	0.284458	0.294802	0.269399	0.275996	0.302396	0.248959	0.267758	0.328675	0.265797	0.28851	0.322632	0.281292	0.282516	0.27646	0.310496	0.284226	0.274818	0.280925	0.296916	0.287383	0.289377	0.330155	0.2625	0.284621	0.281521	0.255836	0.295207	0.301573	0.290344	0.252764	0.262102	0.25847	0.275953	0.272315	0.268228	0.287186	0.252042	0.283643	0.294706	0.284578	0.273633	0.307123	0.285029	0.289603	0.295237	0.301751	0.252092	0.253099	0.250587	0.275554	0.292982	0.282751	0.280898	0.294052	0.279446	0.289349	0.244539	0.268168	0.307722	0.252764	0.332074	0.325126	0.33179	0.31563	0.356714	0.262326	0.325742	0.229603	0.212748	0.269058	0.270506	0.247615	0.229603	0.311174	0.286422	0.225735	0.288403	0.252764	0.225735	0.325742	0.270506	0.33229	0.302691	0.307927	0.225735	0.294231	0.284455	0.271382	0.290145	0.251749	0.271456	0.25494	0.268789	0.225345	0.30151	0.278799	0.236343	0.285556	0.255165	0.296161	0.312033	0.280753	0.274681	0.225345	0.246547	0.315139	0.219433	0.252764	0.263039	0.246406	0.294231	0.269244	0.307444	0.244554	0.229603	0.275672	0.251811	0.225139	0.280303	0.306319	0.256527	0.298008	0.332024	0.271962	0.296161	0.328361	0.283883	0.291	0.288403	0.318596	0.32526	0.246247	0.303275	0.307665	0.250177	0.296786	0.292693	0.25356	0.295712	0.219433	0.252764	0.298699	0.285748	0.280753	0.263726	0.30338	0.307227	0.318288	0.25731	0.289267	0.307732	0.271382	0.369243	0.307927	0.320752	0.301652	0.318288	0.307732	0.340879	0.315232	0.319044	0.282138	0.279145	0.253843	0.337913	0.280757	0.247192	0.232695	0.283379	0.33229	0.25001	0.325742	0.307927	0.320146	0.293466	0.306319	0.314423	0.312805	0.2592	0.268659	0.318288	0.310094	0.252764	0.328956	0.280753	0.274681	0.302691	0.283351	0.303393	0.277476	0.304867	0.280753	0.319044	0.283883	0.293786	0.249885	0.269598	0.25839	0.295712	0.275351	0.247328	0.304464	0.339192	0.284441	0.312805	0.232695	0.284455	0.285905	0.312805	0.273153	0.31068	0.304867	0.32526	0.383623	0.313443	0.306319	0.320752	0.274494	0.304188	0.256527	0.249677	0.25001	0.247615	0.280753	0.31904	0.314423	0.286422	0.271962	0.25494	0.268899	0.313443	0.310251	0.277476	0.270211	0.315232	0.278799	0.292886	0.304188	0.266969	0.225139	0.278882	0.279145	0.232695	0.306434	0.285556	0.276763	0.225735	0.305863	0.307732	0.25963	0.244948	0.261315	0.329286	0.33229	0.283883	0.280577	0.252764	0.270447	0.255837
13000	slope	-0.199429	-0.20652	-0.244506	-0.232204	-0.214237	-0.200554	-0.200089	-0.200973	-0.200554	-0.216587	-0.206406	-0.22202	-0.1976	-0.239103	-0.204934	-0.243759	-0.18604	-0.190981	-0.236934	-0.17807	-0.244358	-0.268438	-0.211255	-0.208563	-0.210606	-0.25443	-0.220918	-0.251154	-0.291321	-0.212778	-0.217082	-0.242154	-0.226273	-0.21973	-0.226343	-0.221937	-0.180791	-0.204184	-0.218909	-0.261102	-0.203032	-0.242632	-0.243473	-0.280382	-0.256373	-0.219736	-0.280382	-0.272682	-0.274984	-0.250418	-0.229685	-0.215279	-0.229642	-0.242592	-0.240364	-0.278811	-0.239683	-0.232914	-0.236846	-0.231063	-0.232795	-0.206494	-0.259531	-0.240743	-0.169445	-0.225272	-0.279094	-0.242482	-0.225108	-0.223646	-0.237843	-0.218613	-0.237876	-0.2118	-0.202023	-0.253744	-0.219487	-0.209169	-0.233721	-0.25318	-0.256228	-0.312269	-0.256963	-0.218057	-0.223903	-0.2102	-0.253253	-0.249732	-0.2497	-0.243352	-0.211861	-0.207121	-0.272431	-0.259582	-0.201222	-0.179098	-0.236576	-0.254838	-0.270025	-0.227812	-0.245013	-0.250071	-0.207008	-0.207948	-0.233151	-0.227205	-0.208892	-0.245583	-0.225805	-0.242428	-0.275152	-0.195046	-0.179672	-0.258051	-0.227233	-0.207601	-0.242833	-0.231683	-0.183596	-0.21385	-0.248848	-0.232258	-0.203386	-0.238255	-0.24651	-0.22539	-0.226341	-0.229725	-0.204691	-0.214447	-0.210707	-0.224189	-0.255069	-0.210475	-0.236151	-0.21575	-0.291103	-0.245525	-0.206025	-0.222168	-0.242213	-0.247282	-0.202089	-0.238099	-0.232875	-0.250403	-0.228705	-0.249666	-0.214547	-0.235931	-0.226568	-0.275914	-0.219207	-0.232715	-0.21902	-0.241086	-0.238279	-0.250556	-0.216247	-0.271265	-0.236055	-0.257209	-0.205567	-0.230461	-0.221186	-0.253253	-0.213922	-0.196395	-0.18283	-0.217356	-0.248257	-0.19609	-0.265155	-0.258726	-0.209326	-0.29238	-0.167597	-0.253947	-0.239108	-0.209371	-0.24618	-0.233055	-0.226072	-0.29853	-0.212592	-0.240166	-0.222277	-0.235182	-0.199945	-0.205773	-0.210512	-0.190798	-0.212102	-0.288398	-0.224259	-0.242276	-0.251322	-0.24334	-0.253166	-0.22325	-0.285772	-0.19078	-0.224882	-0.197102	-0.275152	-0.221028	-0.223855	-0.214069	-0.280382	-0.255964	-0.306213	-0.212178	-0.168981	-0.285247	-0.226072	-0.23823	-0.215159	-0.245045	-0.272083	-0.290857	-0.21638	-0.168531	-0.263198	-0.264989	-0.235678	-0.21753	-0.238499	-0.206565	-0.21789	-0.263198	-0.19631	-0.210815	-0.21265	-0.2107	-0.258802	-0.282499	-0.218025	-0.206565	-0.24451	-0.283737	-0.232364	-0.246802	-0.227974	-0.238798	-0.258736	-0.258736	-0.205268	-0.2107	-0.213859	-0.242389	-0.25675	-0.252617	-0.243352	-0.22381	-0.270213	-0.220315	-0.213549	-0.255069	-0.209956	-0.231712	-0.266105	-0.198656	-0.223512	-0.234091	-0.219477	-0.222594	-0.283737	-0.214648	-0.255069	-0.178931	-0.183963	-0.24451	-0.214648	-0.178931	-0.241425	-0.284865	-0.193153	-0.255106	-0.238499	-0.16258	-0.213002	-0.22303	-0.207658	-0.186704	-0.196387	-0.287577	-0.168531	-0.205798	-0.257731	-0.263715	-0.221467	-0.220447	-0.202089	-0.221536	-0.294969	-0.284883	-0.215159	-0.215491	-0.218158	-0.212649	-0.21429	-0.290701	-0.268906	-0.217951	-0.216916	-0.256065	-0.280954	-0.285247	-0.147549	-0.238499	-0.235096	-0.245125	-0.246802	-0.268129	-0.291103	-0.218924	-0.211114	-0.158421	-0.285247	-0.284865	-0.211114	-0.245974	-0.255069	-0.215159	-0.215159	-0.1976	-0.226889	-0.2107	-0.196387	-0.245045	-0.263198	-0.244141	-0.255069	-0.196125	-0.202677	-0.212474	-0.294969	-0.19677	-0.189153	-0.229193	-0.226416	-0.24451	-0.187765	-0.280382	-0.141959	-0.213341	-0.206565	-0.196719	-0.237572	-0.228015	-0.207866	-0.206025	-0.288026	-0.245045	-0.230969	-0.243352	-0.226343	-0.222483	-0.222291	-0.178931	-0.157401	-0.272081	-0.202089	-0.284865	-0.229267	-0.285444	-0.217951	-0.298886	-0.25675	-0.263198	-0.257731	-0.255069	-0.202089	-0.168531	-0.290715	-0.198656	-0.185411	-0.178931	-0.231849	-0.293987	-0.280382	-0.22353	-0.185703	-0.162137	-0.255069	-0.174533	-0.147549	-0.263198	-0.228015	-0.226973	-0.216916	-0.209005	-0.286037	-0.200554	-0.292048	-0.25675	-0.206565	-0.226343	-0.226299	-0.208137
13000	intercept	0.293309	0.30626	0.319803	0.288936	0.289108	0.30955	0.284553	0.28135	0.30955	0.289305	0.295965	0.283679	0.253913	0.313996	0.288782	0.30351	0.302353	0.270211	0.307681	0.259818	0.305537	0.297948	0.308103	0.299637	0.272389	0.299724	0.269519	0.31112	0.305975	0.278663	0.305103	0.300947	0.332287	0.284617	0.278904	0.298791	0.2538	0.264315	0.291754	0.281926	0.285894	0.279624	0.285148	0.31799	0.299644	0.311195	0.309762	0.303549	0.309896	0.315569	0.250525	0.279999	0.313062	0.302401	0.314389	0.296595	0.312926	0.299784	0.27568	0.288118	0.281882	0.297754	0.322091	0.296307	0.274769	0.294887	0.314295	0.257308	0.280887	0.274195	0.285368	0.289399	0.30879	0.287695	0.278773	0.290704	0.289405	0.294772	0.28325	0.304139	0.311837	0.331561	0.292899	0.274468	0.279	0.264994	0.342869	0.29611	0.30527	0.345782	0.259398	0.294257	0.300899	0.310306	0.298316	0.285506	0.317172	0.301665	0.288009	0.317887	0.335723	0.309742	0.222997	0.309546	0.297369	0.286351	0.269203	0.306705	0.256429	0.301413	0.342842	0.280448	0.280779	0.298497	0.335265	0.282647	0.322921	0.286977	0.285528	0.272979	0.304396	0.290095	0.279553	0.278144	0.281261	0.305165	0.275867	0.307459	0.31006	0.288075	0.268496	0.280146	0.282708	0.296733	0.28467	0.287306	0.307481	0.291602	0.277892	0.270446	0.288161	0.338702	0.277671	0.279915	0.300942	0.299521	0.312191	0.319686	0.28205	0.300076	0.303614	0.305598	0.269101	0.318517	0.298946	0.295936	0.313202	0.361166	0.318123	0.292533	0.314753	0.291625	0.269272	0.302193	0.297022	0.345176	0.288085	0.26569	0.30907	0.32297	0.297959	0.269446	0.322624	0.318243	0.252543	0.309834	0.257767	0.300131	0.302891	0.277927	0.290748	0.288267	0.300307	0.309762	0.29565	0.30236	0.297441	0.306925	0.30825	0.28806	0.306336	0.238227	0.271597	0.314566	0.258941	0.297006	0.284625	0.296538	0.317109	0.287623	0.294599	0.27491	0.266292	0.280954	0.342842	0.359414	0.282706	0.30812	0.309762	0.299814	0.331692	0.294164	0.234616	0.336297	0.300307	0.349005	0.272042	0.261499	0.304255	0.345574	0.280647	0.272984	0.306068	0.347547	0.29162	0.31628	0.286464	0.261689	0.266371	0.297037	0.277944	0.322085	0.276854	0.255478	0.339718	0.291999	0.313379	0.252265	0.327524	0.327772	0.289527	0.327524	0.330313	0.304036	0.281745	0.281745	0.297142	0.255478	0.296764	0.283537	0.306295	0.264931	0.345782	0.318319	0.312053	0.342083	0.259243	0.302406	0.287258	0.309256	0.298732	0.245703	0.363694	0.253636	0.330313	0.29848	0.327772	0.306244	0.302406	0.23235	0.224812	0.336807	0.301983	0.234616	0.270446	0.339462	0.265558	0.335497	0.286464	0.293886	0.291109	0.314259	0.271577	0.280562	0.31391	0.354715	0.272984	0.249235	0.316262	0.299117	0.306244	0.27047	0.2939	0.258095	0.327533	0.335274	0.272042	0.299065	0.307573	0.253636	0.303927	0.309764	0.299117	0.348893	0.294565	0.29162	0.281314	0.336091	0.273785	0.286464	0.27041	0.292871	0.327524	0.318487	0.307481	0.310535	0.324748	0.295498	0.326772	0.334655	0.324748	0.2692	0.282708	0.272042	0.272042	0.253913	0.294606	0.262126	0.31391	0.251169	0.306068	0.292871	0.282708	0.306015	0.297693	0.294788	0.327533	0.292336	0.234616	0.28287	0.290208	0.339536	0.292336	0.309762	0.294202	0.281692	0.267963	0.279984	0.292886	0.255478	0.286121	0.277892	0.299384	0.261499	0.314564	0.345782	0.2683	0.333597	0.293236	0.228966	0.276816	0.328283	0.2939	0.339462	0.267769	0.353643	0.340938	0.326384	0.299441	0.310256	0.316262	0.282708	0.2939	0.272984	0.315892	0.246887	0.314006	0.234616	0.276512	0.376906	0.309762	0.300307	0.296209	0.234616	0.282708	0.277944	0.273785	0.306068	0.255478	0.307044	0.294565	0.279984	0.354715	0.30955	0.354715	0.306295	0.261689	0.278904	0.276659	0.237765
14000	slope	-0.179626	-0.257291	-0.281246	-0.235192	-0.219107	-0.272303	-0.257916	-0.194241	-0.304033	-0.201446	-0.216558	-0.247958	-0.249893	-0.247788	-0.265621	-0.202735	-0.241476	-0.21611	-0.206448	-0.264081	-0.229082	-0.177956	-0.217821	-0.182552	-0.221832	-0.205875	-0.274508	-0.245003	-0.250078	-0.216287	-0.211997	-0.264769	-0.248015	-0.255157	-0.209456	-0.246422	-0.178203	-0.224817	-0.326585	-0.230268	-0.198731	-0.189517	-0.185911	-0.27207	-0.270706	-0.229345	-0.252686	-0.243001	-0.243991	-0.281913	-0.23479	-0.216393	-0.209698	-0.228342	-0.177615	-0.27679	-0.228115	-0.270133	-0.235473	-0.212964	-0.242781	-0.248616	-0.261358	-0.241708	-0.155873	-0.271029	-0.244483	-0.256798	-0.229621	-0.232264	-0.258708	-0.200108	-0.191572	-0.293763	-0.185517	-0.247109	-0.26226	-0.246155	-0.220685	-0.204015	-0.159136	-0.234564	-0.178951	-0.249715	-0.205567	-0.174759	-0.239277	-0.234323	-0.222734	-0.263617	-0.233858	-0.257005	-0.19481	-0.262659	-0.220451	-0.197896	-0.281776	-0.165609	-0.228059	-0.31265	-0.218913	-0.214069	-0.195446	-0.259094	-0.23326	-0.270536	-0.218991	-0.256258	-0.306956	-0.274483	-0.222342	-0.199312	-0.294618	-0.238986	-0.234854	-0.275709	-0.259127	-0.191674	-0.194341	-0.226432	-0.217017	-0.18501	-0.228422	-0.283526	-0.221612	-0.180184	-0.222046	-0.284038	-0.276743	-0.262048	-0.239386	-0.202952	-0.190991	-0.188403	-0.27067	-0.211625	-0.240706	-0.154251	-0.247265	-0.233228	-0.170901	-0.230162	-0.152147	-0.245156	-0.257263	-0.21702	-0.203171	-0.228799	-0.260824	-0.267614	-0.201062	-0.268573	-0.278745	-0.222042	-0.179876	-0.247928	-0.294746	-0.232657	-0.255391	-0.20177	-0.231122	-0.185649	-0.276223	-0.267855	-0.201005	-0.203673	-0.187151	-0.247317	-0.240102	-0.241292	-0.168912	-0.216081	-0.244149	-0.20879	-0.276966	-0.186804	-0.209666	-0.257148	-0.239445	-0.16373	-0.234538	-0.26262	-0.261549	-0.227308	-0.25577	-0.179699	-0.195664	-0.229269	-0.224022	-0.199801	-0.238233	-0.285157	-0.289619	-0.215581	-0.197644	-0.20014	-0.228775	-0.227828	-0.234358	-0.209738	-0.190739	-0.159187	-0.281883	-0.159187	-0.185939	-0.262363	-0.241058	-0.263609	-0.251885	-0.249433	-0.246422	-0.278023	-0.242068	-0.232366	-0.160594	-0.172909	-0.195975	-0.227916	-0.186874	-0.230573	-0.278256	-0.219767	-0.171575	-0.145363	-0.159748	-0.248381	-0.257005	-0.221147	-0.174759	-0.21596	-0.31265	-0.196069	-0.222014	-0.164768	-0.211375	-0.167534	-0.27672	-0.263642	-0.231924	-0.241055	-0.171575	-0.247254	-0.266588	-0.167534	-0.196043	-0.153401	-0.257688	-0.241055	-0.16373	-0.285179	-0.175778	-0.221147	-0.260367	-0.271553	-0.175422	-0.209248	-0.255746	-0.194822	-0.181984	-0.263059	-0.274483	-0.248616	-0.275726	-0.266922	-0.181836	-0.239636	-0.224694	-0.301958	-0.194949	-0.165759	-0.237074	-0.196631	-0.229627	-0.160594	-0.194897	-0.273867	-0.284181	-0.165759	-0.274483	-0.278922	-0.185997	-0.231924	-0.145487	-0.165759	-0.286281	-0.248954	-0.247254	-0.176254	-0.16373	-0.172909	-0.234702	-0.258403	-0.228678	-0.259876	-0.225164	-0.226864	-0.216855	-0.200994	-0.194949	-0.266588	-0.174759	-0.213819	-0.2741	-0.30711	-0.284181	-0.221648	-0.198252	-0.22944	-0.216855	-0.196043	-0.213819	-0.260367	-0.140951	-0.16373	-0.138186	-0.266588	-0.181984	-0.271553	-0.200994	-0.18724	-0.196505	-0.274105	-0.21211	-0.159843	-0.31265	-0.315829	-0.23919	-0.174358	-0.22944	-0.196069	-0.230443	-0.224507	-0.259876	-0.281902	-0.266588	-0.259876	-0.281838	-0.2741	-0.16373	-0.245861	-0.280997	-0.241058	-0.172909	-0.172909	-0.229761	-0.290018	-0.247155	-0.259876	-0.21211	-0.274483	-0.216855	-0.27399	-0.184063	-0.174204	-0.195747	-0.314782	-0.229061	-0.290888	-0.205639	-0.16373	-0.257291	-0.259125	-0.268505	-0.239636	-0.315829	-0.183681	-0.221147	-0.155124	-0.148736	-0.167534	-0.198379	-0.164575	-0.273388	-0.13717	-0.275138	-0.196069	-0.170425	-0.181984	-0.257005	-0.21596	-0.274483	-0.266588	-0.287975	-0.161954	-0.283209	-0.174204	-0.274104	-0.259876	-0.198813	-0.199541	-0.194949	-0.238898	-0.183681	-0.286875	-0.209248	-0.259876	-0.183749	-0.314782	-0.234219	-0.183094
14000	intercept	0.261227	0.33636	0.313713	0.292257	0.271301	0.33786	0.337736	0.265693	0.36374	0.268625	0.289941	0.313868	0.309552	0.27526	0.316383	0.272747	0.318022	0.314087	0.298487	0.333967	0.275241	0.255811	0.276963	0.262046	0.291202	0.267662	0.295516	0.287901	0.321975	0.292151	0.265509	0.289945	0.324462	0.310147	0.267649	0.283855	0.241093	0.271905	0.343495	0.325468	0.247684	0.300653	0.298931	0.34068	0.302455	0.259523	0.310172	0.330438	0.28745	0.32292	0.328426	0.280767	0.279616	0.253151	0.273449	0.349508	0.289606	0.317875	0.321268	0.284079	0.292908	0.327275	0.30076	0.28381	0.263557	0.325928	0.306716	0.283831	0.276213	0.283366	0.330516	0.269078	0.250631	0.326723	0.273356	0.315909	0.357942	0.306644	0.292731	0.280935	0.259633	0.287052	0.276555	0.304004	0.312988	0.249777	0.300493	0.294472	0.282217	0.305903	0.32851	0.306555	0.27947	0.313227	0.288279	0.289458	0.316093	0.247306	0.289396	0.353891	0.277715	0.281153	0.272461	0.301392	0.298554	0.321856	0.27564	0.304104	0.338339	0.306555	0.32107	0.289103	0.34912	0.309526	0.325238	0.286998	0.308936	0.268682	0.27277	0.265084	0.287764	0.26773	0.275919	0.315062	0.304099	0.247167	0.269714	0.32145	0.314349	0.330369	0.344729	0.236394	0.278054	0.253243	0.314606	0.250028	0.292388	0.268703	0.295401	0.288773	0.246086	0.314687	0.242431	0.321565	0.274099	0.241683	0.285203	0.288744	0.310145	0.32309	0.268807	0.330019	0.278778	0.274253	0.276255	0.295098	0.356698	0.280518	0.31278	0.282193	0.266794	0.284967	0.322332	0.323115	0.28506	0.280766	0.244523	0.311991	0.303898	0.272924	0.254982	0.274564	0.32542	0.277453	0.343523	0.275461	0.289944	0.321457	0.285622	0.245094	0.328921	0.305044	0.316388	0.315362	0.291159	0.239685	0.246135	0.308004	0.266358	0.318933	0.304164	0.316977	0.34	0.280773	0.265164	0.287661	0.305589	0.270049	0.30603	0.255229	0.269364	0.279568	0.361467	0.278715	0.289798	0.282205	0.273635	0.310561	0.301806	0.31263	0.301653	0.300609	0.320804	0.284555	0.215651	0.278236	0.261631	0.308626	0.234719	0.271499	0.318487	0.267907	0.244869	0.227864	0.241802	0.31586	0.306555	0.307079	0.249777	0.298904	0.353891	0.314864	0.332027	0.2323	0.266712	0.22958	0.330369	0.305333	0.252352	0.30145	0.244869	0.257056	0.318336	0.229325	0.25906	0.211138	0.323524	0.305007	0.245094	0.306555	0.261572	0.307079	0.29304	0.310815	0.302628	0.339694	0.265668	0.238611	0.27034	0.318487	0.306555	0.327275	0.314296	0.292969	0.311622	0.317212	0.271499	0.360729	0.283808	0.293768	0.279711	0.262878	0.32136	0.215651	0.314448	0.300961	0.315665	0.293768	0.306555	0.309559	0.245094	0.252352	0.248305	0.293768	0.300712	0.317212	0.257056	0.248564	0.232494	0.278236	0.332027	0.296986	0.288645	0.284878	0.346314	0.313797	0.28364	0.23623	0.283808	0.309769	0.249777	0.252352	0.303544	0.338459	0.311535	0.271076	0.27051	0.312013	0.280184	0.270676	0.252352	0.29304	0.229698	0.249775	0.272136	0.309769	0.27034	0.310815	0.23623	0.236394	0.248737	0.318088	0.290365	0.203803	0.353891	0.345745	0.266712	0.260014	0.304449	0.314864	0.275762	0.280725	0.283298	0.305688	0.346844	0.283298	0.334306	0.303544	0.245094	0.273635	0.361208	0.301806	0.278236	0.260305	0.342371	0.356254	0.299911	0.283298	0.31098	0.305501	0.277383	0.300712	0.28439	0.270676	0.263182	0.341751	0.251729	0.307798	0.245002	0.245094	0.33636	0.310254	0.318487	0.337807	0.350656	0.263111	0.307079	0.253757	0.288653	0.238461	0.321388	0.238461	0.333661	0.263819	0.321113	0.314864	0.261572	0.27034	0.306555	0.298904	0.293013	0.346844	0.345826	0.276309	0.318487	0.270676	0.381421	0.314184	0.225911	0.267145	0.283808	0.301665	0.263111	0.324725	0.339694	0.283298	0.288597	0.341751	0.274759	0.234719
15000	slope	-0.18212	-0.247639	-0.279094	-0.19935	-0.235459	-0.2068	-0.255785	-0.271336	-0.242397	-0.229701	-0.203718	-0.227174	-0.128273	-0.162547	-0.188318	-0.23065	-0.212731	-0.219744	-0.20654	-0.193732	-0.252988	-0.167938	-0.17612	-0.272427	-0.263207	-0.226237	-0.272932	-0.231812	-0.165765	-0.238824	-0.251029	-0.253255	-0.214493	-0.255175	-0.239469	-0.263732	-0.22041	-0.182456	-0.233323	-0.231401	-0.0945515	-0.230949	-0.219668	-0.199959	-0.247667	-0.249878	-0.206783	-0.253493	-0.223436	-0.191914	-0.253001	-0.296443	-0.257679	-0.232419	-0.25159	-0.249962	-0.251448	-0.182152	-0.254646	-0.187667	-0.283841	-0.206274	-0.21702	-0.220181	-0.226026	-0.201622	-0.184674	-0.238023	-0.221334	-0.220543	-0.232045	-0.238278	-0.21399	-0.189774	-0.216644	-0.271397	-0.215979	-0.205093	-0.273166	-0.221475	-0.17091	-0.264748	-0.243053	-0.23316	-0.233278	-0.273086	-0.254543	-0.244896	-0.254599	-0.246578	-0.248526	-0.251334	-0.276592	-0.256767	-0.242585	-0.175444	-0.203099	-0.251791	-0.156252	-0.208947	-0.215288	-0.188177	-0.283604	-0.24181	-0.264511	-0.253505	-0.221086	-0.243567	-0.148299	-0.163962	-0.2061	-0.26401	-0.235637	-0.230626	-0.245032	-0.20924	-0.255849	-0.261593	-0.1973	-0.21176	-0.23056	-0.14915	-0.213551	-0.20883	-0.277818	-0.230511	-0.203532	-0.195783	-0.191795	-0.245337	-0.247606	-0.162424	-0.241976	-0.278627	-0.221215	-0.201622	-0.256948	-0.237437	-0.246593	-0.225595	-0.19922	-0.207333	-0.228407	-0.195077	-0.268788	-0.22216	-0.256335	-0.254101	-0.209401	-0.209409	-0.232164	-0.233794	-0.247495	-0.224419	-0.234788	-0.256759	-0.257397	-0.263687	-0.209456	-0.232709	-0.238005	-0.247263	-0.248133	-0.166401	-0.25578	-0.242161	-0.256767	-0.251892	-0.249999	-0.220609	-0.219956	-0.279421	-0.172642	-0.235456	-0.223464	-0.25461	-0.242794	-0.203496	-0.220871	-0.30015	-0.248949	-0.255419	-0.202804	-0.18079	-0.229895	-0.116349	-0.177069	-0.231567	-0.205355	-0.261295	-0.211793	-0.164584	-0.262261	-0.248945	-0.268638	-0.186676	-0.224787	-0.233835	-0.246805	-0.180461	-0.202393	-0.234864	-0.238068	-0.288655	-0.258726	-0.217855	-0.151844	-0.175696	-0.241976	-0.273539	-0.224835	-0.246254	-0.207802	-0.226359	-0.165919	-0.238715	-0.268575	-0.261885	-0.295737	-0.181047	-0.205859	-0.182402	-0.219195	-0.251797	-0.182361	-0.223036	-0.121588	-0.199556	-0.274985	-0.245794	-0.208112	-0.294459	-0.298976	-0.198649	-0.241667	-0.182361	-0.279064	-0.258626	-0.259764	-0.25435	-0.279249	-0.256962	-0.208469	-0.279249	-0.264397	-0.256255	-0.238319	-0.216986	-0.264831	-0.15114	-0.234321	-0.218877	-0.121588	-0.275837	-0.200067	-0.279646	-0.248214	-0.246067	-0.203372	-0.293792	-0.251327	-0.213587	-0.230125	-0.128273	-0.180305	-0.0935851	-0.182361	-0.240172	-0.151943	-0.199798	-0.140654	-0.194654	-0.285181	-0.157758	-0.23592	-0.200776	-0.279646	-0.210279	-0.213383	-0.275198	-0.24392	-0.294459	-0.255171	-0.258508	-0.22041	-0.279909	-0.248375	-0.264929	-0.248214	-0.237447	-0.252255	-0.260626	-0.246254	-0.279064	-0.140654	-0.141133	-0.203372	-0.250576	-0.254451	-0.227653	-0.316713	-0.270928	-0.191103	-0.214484	-0.172642	-0.279064	-0.20228	-0.175473	-0.194168	-0.256833	-0.157758	-0.247556	-0.194168	-0.210279	-0.155834	-0.176713	-0.28724	-0.264748	-0.15204	-0.256759	-0.228323	-0.247277	-0.19162	-0.175473	-0.224484	-0.234321	-0.241976	-0.256522	-0.308957	-0.255171	-0.23838	-0.235967	-0.246254	-0.264929	-0.239312	-0.252265	-0.238732	-0.295737	-0.219334	-0.172466	-0.204041	-0.155834	-0.207264	-0.212731	-0.238319	-0.322556	-0.203045	-0.240823	-0.219774	-0.24328	-0.240553	-0.237447	-0.269513	-0.155834	-0.232575	-0.218432	-0.148868	-0.235456	-0.262869	-0.202275	-0.194323	-0.2806	-0.125188	-0.194654	-0.22694	-0.258726	-0.230669	-0.202961	-0.180415	-0.272932	-0.264748	-0.121588	-0.264929	-0.202275	-0.318577	-0.258726	-0.251327	-0.318655	-0.202275	-0.215526	-0.296443	-0.262627	-0.252255	-0.201283	-0.264748	-0.285181	-0.274985	-0.200608	-0.263594	-0.235967	-0.265063	-0.264929	-0.258726	-0.182402	-0.252336	-0.21028	-0.202961	-0.217855	-0.248375	-0.245453
15000	intercept	0.275813	0.272639	0.325574	0.345052	0.296053	0.258894	0.283025	0.319567	0.321747	0.326202	0.2973	0.24816	0.277521	0.283841	0.253572	0.288479	0.339383	0.290431	0.287085	0.384738	0.34075	0.268638	0.231979	0.299578	0.319567	0.309568	0.342799	0.245755	0.31161	0.294661	0.291318	0.310313	0.28473	0.277322	0.261887	0.305968	0.345525	0.317901	0.294573	0.290207	0.222158	0.290245	0.313977	0.29629	0.343894	0.313361	0.244176	0.312566	0.264325	0.275837	0.337455	0.337448	0.313254	0.3022	0.337419	0.304978	0.291209	0.271628	0.338718	0.271534	0.351046	0.266492	0.344122	0.318007	0.286741	0.260163	0.279685	0.279674	0.300544	0.31865	0.305104	0.30989	0.249429	0.279377	0.27854	0.320702	0.279819	0.270681	0.344798	0.318673	0.272321	0.326877	0.26453	0.301398	0.314781	0.301765	0.324821	0.302201	0.301476	0.312665	0.290626	0.312392	0.338676	0.332213	0.307147	0.279243	0.264687	0.308039	0.277521	0.280426	0.272073	0.23219	0.323059	0.315479	0.289763	0.312602	0.267651	0.321121	0.248998	0.249414	0.30057	0.292473	0.29908	0.275178	0.300072	0.291968	0.277679	0.324931	0.250127	0.283706	0.242248	0.258674	0.302341	0.235753	0.316797	0.292037	0.251462	0.330365	0.248199	0.288191	0.300073	0.309372	0.338631	0.326401	0.300787	0.260163	0.31917	0.288876	0.295954	0.283554	0.280877	0.338944	0.28671	0.27527	0.345004	0.309922	0.303478	0.290727	0.294092	0.278119	0.307641	0.353789	0.28453	0.308098	0.27881	0.326521	0.322127	0.340227	0.277145	0.298922	0.330547	0.316383	0.327752	0.320329	0.339264	0.270337	0.332213	0.317842	0.320084	0.273544	0.290469	0.327453	0.309372	0.274105	0.303166	0.341287	0.278462	0.280745	0.304302	0.352992	0.346522	0.312782	0.261042	0.262471	0.333807	0.269592	0.291757	0.287945	0.268651	0.338638	0.27285	0.237387	0.315758	0.285661	0.312268	0.266414	0.304002	0.29551	0.322328	0.295038	0.277418	0.282428	0.283829	0.340455	0.355533	0.274714	0.261519	0.317035	0.338631	0.334075	0.25299	0.257989	0.286405	0.276744	0.238433	0.28671	0.324287	0.314735	0.350346	0.249113	0.285032	0.262074	0.276275	0.30561	0.286165	0.296869	0.230944	0.281214	0.334075	0.328238	0.24087	0.342264	0.340455	0.382223	0.31621	0.290503	0.291874	0.335088	0.25273	0.332	0.34407	0.279323	0.233885	0.34407	0.305623	0.323523	0.341183	0.260327	0.302712	0.272045	0.270575	0.268621	0.230944	0.339245	0.290503	0.307492	0.296869	0.272639	0.387312	0.305623	0.325556	0.274448	0.28671	0.277521	0.290503	0.210687	0.286165	0.282971	0.238188	0.272894	0.263483	0.335134	0.340738	0.241306	0.282971	0.281214	0.307492	0.240604	0.312941	0.312641	0.31621	0.327941	0.34587	0.332965	0.345525	0.340455	0.279323	0.317502	0.296869	0.323523	0.291768	0.317979	0.257989	0.305623	0.277521	0.277521	0.387312	0.346887	0.310832	0.251224	0.317441	0.301796	0.278347	0.262875	0.309372	0.289206	0.238433	0.247671	0.27215	0.309106	0.21959	0.245487	0.27215	0.256924	0.309372	0.286405	0.318377	0.338621	0.223511	0.326521	0.309658	0.323523	0.247717	0.265996	0.263463	0.268136	0.338631	0.3818	0.353053	0.34587	0.297565	0.274105	0.257989	0.299174	0.296869	0.289485	0.262869	0.350346	0.283445	0.240314	0.241513	0.309372	0.23021	0.339383	0.341183	0.343006	0.25644	0.257989	0.262875	0.297908	0.325176	0.33219	0.296606	0.317398	0.286912	0.28671	0.272268	0.251253	0.291768	0.264616	0.267171	0.340455	0.230944	0.335134	0.338631	0.346481	0.300932	0.276275	0.224681	0.342799	0.338621	0.236251	0.317502	0.264616	0.322761	0.355533	0.324311	0.328812	0.264616	0.290817	0.318377	0.349661	0.291768	0.366453	0.338621	0.340738	0.334075	0.262875	0.298194	0.274105	0.30571	0.306115	0.335088	0.262074	0.341016	0.24087	0.276275	0.304703	0.279323	0.322089
16000	slope	-0.240577	-0.272269	-0.299629	-0.239589	-0.26504	-0.273294	-0.248078	-0.222084	-0.15338	-0.282105	-0.216109	-0.232496	-0.274996	-0.25536	-0.213677	-0.219818	-0.229719	-0.154035	-0.258686	-0.299423	-0.258094	-0.240096	-0.244556	-0.276955	-0.27251	-0.250764	-0.214876	-0.228563	-0.2456	-0.214984	-0.230422	-0.2398	-0.291041	-0.198656	-0.211276	-0.242203	-0.256605	-0.297437	-0.188857	-0.288797	-0.266901	-0.184856	-0.234292	-0.262757	-0.238441	-0.275839	-0.223851	-0.28525	-0.234515	-0.246396	-0.16038	-0.264808	-0.181175	-0.217848	-0.25522	-0.234429	-0.266897	-0.253195	-0.273485	-0.198962	-0.25301	-0.235214	-0.225177	-0.244297	-0.232986	-0.285348	-0.249266	-0.251189	-0.279484	-0.292429	-0.262261	-0.230796	-0.279256	-0.2362	-0.260948	-0.221487	-0.295915	-0.286106	-0.249217	-0.284663	-0.238914	-0.180556	-0.195846	-0.262833	-0.289082	-0.245039	-0.259809	-0.250682	-0.289431	-0.215914	-0.270913	-0.234612	-0.234718	-0.239988	-0.23321	-0.284684	-0.21036	-0.222062	-0.249674	-0.270084	-0.223743	-0.232724	-0.306587	-0.171009	-0.215562	-0.247283	-0.231387	-0.25264	-0.292485	-0.289691	-0.260388	-0.240469	-0.243567	-0.19828	-0.197786	-0.197246	-0.226035	-0.252232	-0.254538	-0.175111	-0.268735	-0.193236	-0.189538	-0.230824	-0.232481	-0.243765	-0.288616	-0.179264	-0.175929	-0.274563	-0.194648	-0.264538	-0.292969	-0.196908	-0.244899	-0.244048	-0.257753	-0.221014	-0.20148	-0.238419	-0.237195	-0.274574	-0.218087	-0.236206	-0.294594	-0.256697	-0.235054	-0.258608	-0.22112	-0.249619	-0.275667	-0.28583	-0.236613	-0.236972	-0.222101	-0.205939	-0.214519	-0.242337	-0.258028	-0.270898	-0.239252	-0.213136	-0.221901	-0.261509	-0.274573	-0.262157	-0.281768	-0.254652	-0.266006	-0.216197	-0.296509	-0.26191	-0.243908	-0.220202	-0.226944	-0.272495	-0.21789	-0.244655	-0.275716	-0.315552	-0.288066	-0.206516	-0.25879	-0.259422	-0.220607	-0.237692	-0.223502	-0.216834	-0.247802	-0.194099	-0.266955	-0.231146	-0.204636	-0.22805	-0.223304	-0.24383	-0.235719	-0.269572	-0.253367	-0.217301	-0.270913	-0.236095	-0.244279	-0.305908	-0.234023	-0.263018	-0.253062	-0.219298	-0.210333	-0.240907	-0.238914	-0.213097	-0.288616	-0.270913	-0.213677	-0.246286	-0.23486	-0.233906	-0.262042	-0.227045	-0.280469	-0.322986	-0.288889	-0.19828	-0.265474	-0.275824	-0.303582	-0.193922	-0.214075	-0.287528	-0.268735	-0.303715	-0.138043	-0.192461	-0.262042	-0.213326	-0.219225	-0.284532	-0.212721	-0.15338	-0.217555	-0.315686	-0.309429	-0.268631	-0.234005	-0.305908	-0.166305	-0.24946	-0.195746	-0.240907	-0.250183	-0.167233	-0.137499	-0.221245	-0.315686	-0.277412	-0.219225	-0.191295	-0.230197	-0.215647	-0.223734	-0.198008	-0.280469	-0.202168	-0.280469	-0.225695	-0.2217	-0.246286	-0.246286	-0.280379	-0.180508	-0.249291	-0.193556	-0.253488	-0.215186	-0.15338	-0.288616	-0.28897	-0.268504	-0.281615	-0.199032	-0.241437	-0.199518	-0.236095	-0.187778	-0.246727	-0.205804	-0.268735	-0.243601	-0.258837	-0.222062	-0.315552	-0.133645	-0.272503	-0.201007	-0.213864	-0.221487	-0.246286	-0.315552	-0.285995	-0.272503	-0.23486	-0.201916	-0.244279	-0.295686	-0.192154	-0.288616	-0.257469	-0.276502	-0.19828	-0.26753	-0.181895	-0.237447	-0.278027	-0.232967	-0.244279	-0.239977	-0.15338	-0.202639	-0.257575	-0.249085	-0.33378	-0.285995	-0.268871	-0.228156	-0.305908	-0.282977	-0.28897	-0.22112	-0.258433	-0.181895	-0.257908	-0.287971	-0.15338	-0.209127	-0.213097	-0.2938	-0.252776	-0.232617	-0.224212	-0.206989	-0.262801	-0.221487	-0.17137	-0.282979	-0.186619	-0.210566	-0.353444	-0.197246	-0.246286	-0.249479	-0.166305	-0.303715	-0.256817	-0.251755	-0.2245	-0.275667	-0.262044	-0.204056	-0.225695	-0.276589	-0.182925	-0.255589	-0.181895	-0.129953	-0.242701	-0.23486	-0.129953	-0.243601	-0.251189	-0.195617	-0.266785	-0.243601	-0.275667	-0.19828	-0.298196	-0.257469	-0.193556	-0.24566	-0.269231	-0.268735	-0.316539	-0.219298	-0.160617	-0.213097	-0.246727	-0.337319	-0.190495	-0.225817	-0.298196	-0.276589	-0.293154	-0.242701	-0.257259	-0.240308	-0.219225	-0.272503	-0.276589	-0.259881	-0.19546
16000	intercept	0.286076	0.354845	0.373448	0.308492	0.308294	0.328584	0.292281	0.255158	0.236153	0.326787	0.270803	0.308222	0.331243	0.343164	0.27755	0.267688	0.302029	0.261855	0.330225	0.322927	0.314227	0.308393	0.287525	0.324663	0.305349	0.288565	0.269455	0.294685	0.316795	0.27774	0.313497	0.313038	0.318467	0.248076	0.265046	0.292736	0.298727	0.329167	0.246425	0.36945	0.320388	0.272178	0.324238	0.315739	0.289301	0.350274	0.301755	0.326896	0.299208	0.285433	0.257413	0.335398	0.240375	0.277007	0.324512	0.286968	0.323557	0.269092	0.340226	0.25892	0.304846	0.278431	0.280115	0.315894	0.302446	0.333709	0.299577	0.307535	0.298387	0.33938	0.320908	0.314033	0.329322	0.293723	0.307218	0.260716	0.341643	0.355593	0.32754	0.355736	0.292768	0.253041	0.256514	0.342731	0.352302	0.30264	0.307852	0.309184	0.346709	0.279271	0.326153	0.305401	0.327434	0.304202	0.301303	0.295801	0.291416	0.296122	0.328027	0.327775	0.260891	0.333443	0.343237	0.25318	0.28594	0.303468	0.301445	0.303356	0.352689	0.322083	0.30604	0.291629	0.326923	0.285722	0.270561	0.272215	0.304863	0.313546	0.320591	0.270626	0.337986	0.259668	0.274617	0.289376	0.315041	0.297651	0.360795	0.279902	0.280293	0.346785	0.257136	0.29172	0.354582	0.249453	0.298245	0.306263	0.34841	0.268449	0.272446	0.269478	0.311375	0.335882	0.273219	0.307214	0.326623	0.324478	0.275436	0.294804	0.269521	0.283624	0.326153	0.32655	0.298198	0.286981	0.306277	0.269452	0.277445	0.323436	0.339586	0.362793	0.306751	0.283107	0.263455	0.329729	0.362009	0.30375	0.372494	0.305689	0.289614	0.276947	0.332358	0.32102	0.294323	0.307451	0.260716	0.327414	0.285773	0.32181	0.328598	0.407369	0.362589	0.27502	0.312424	0.308128	0.277883	0.331224	0.298634	0.280255	0.317695	0.266121	0.37655	0.290334	0.279242	0.289012	0.301295	0.273013	0.289931	0.283414	0.317527	0.284539	0.35451	0.28357	0.288234	0.35342	0.284068	0.300179	0.327604	0.287004	0.294174	0.299955	0.292768	0.26689	0.360795	0.340226	0.27755	0.32845	0.288794	0.299955	0.294482	0.271081	0.320573	0.352912	0.320388	0.305786	0.352306	0.329725	0.336751	0.265931	0.252672	0.374657	0.335247	0.340092	0.206255	0.233962	0.300407	0.274595	0.255578	0.316614	0.273944	0.236153	0.279967	0.338707	0.362585	0.354564	0.274181	0.332491	0.238711	0.318706	0.258761	0.299955	0.328405	0.282937	0.239726	0.264931	0.338707	0.366376	0.255578	0.276867	0.279967	0.26689	0.259293	0.280544	0.320441	0.253555	0.320573	0.3083	0.252462	0.32845	0.32845	0.356426	0.254606	0.266563	0.276867	0.338217	0.251097	0.236153	0.360795	0.285089	0.307384	0.368165	0.274248	0.305958	0.264137	0.28357	0.302365	0.336919	0.291416	0.344637	0.299849	0.327604	0.296122	0.412168	0.239726	0.327849	0.283332	0.279967	0.260716	0.32845	0.412168	0.308438	0.327849	0.288794	0.294174	0.288234	0.329167	0.264931	0.360795	0.331438	0.310547	0.305786	0.332276	0.24356	0.354567	0.341173	0.363653	0.288234	0.276544	0.232414	0.267688	0.278657	0.282127	0.397843	0.308438	0.297208	0.287004	0.332491	0.366376	0.285089	0.269521	0.326153	0.263573	0.327478	0.340589	0.236153	0.273944	0.264473	0.322781	0.307535	0.313082	0.282403	0.274595	0.350579	0.260716	0.281837	0.316614	0.21894	0.284016	0.418306	0.272215	0.326668	0.341745	0.238711	0.335229	0.335247	0.341745	0.281536	0.349115	0.324472	0.26001	0.313082	0.319328	0.242096	0.373943	0.263573	0.225282	0.293299	0.288794	0.225282	0.309469	0.299168	0.278058	0.318563	0.299849	0.326153	0.305786	0.314288	0.331438	0.265931	0.321227	0.294482	0.335247	0.411519	0.287004	0.238711	0.26689	0.322393	0.382026	0.245437	0.306201	0.314288	0.319328	0.358801	0.293299	0.254585	0.288794	0.255578	0.323287	0.319328	0.318706	0.287666
17000	slope	-0.233298	-0.20117	-0.254413	-0.209581	-0.211449	-0.233375	-0.271898	-0.240938	-0.26828	-0.215074	-0.228037	-0.227423	-0.209889	-0.260648	-0.237012	-0.217348	-0.233872	-0.239229	-0.246604	-0.245713	-0.24021	-0.253168	-0.227328	-0.253172	-0.26593	-0.225304	-0.234335	-0.240805	-0.246091	-0.220962	-0.266065	-0.238494	-0.271694	-0.241125	-0.243555	-0.185949	-0.223029	-0.250803	-0.251244	-0.285956	-0.225014	-0.239286	-0.240066	-0.22966	-0.231561	-0.238187	-0.270568	-0.252299	-0.234747	-0.271482	-0.248474	-0.219177	-0.223994	-0.207372	-0.269843	-0.214858	-0.229537	-0.225808	-0.229066	-0.259454	-0.185217	-0.26579	-0.249522	-0.195615	-0.224905	-0.19478	-0.241125	-0.271393	-0.20381	-0.235785	-0.236949	-0.220283	-0.195643	-0.134995	-0.257046	-0.212431	-0.212087	-0.255609	-0.212128	-0.26526	-0.193827	-0.285881	-0.238662	-0.206772	-0.265743	-0.227568	-0.229549	-0.287476	-0.280727	-0.236526	-0.259973	-0.243479	-0.234041	-0.26335	-0.246637	-0.245913	-0.244405	-0.254737	-0.213743	-0.262079	-0.279624	-0.246658	-0.195863	-0.220814	-0.26144	-0.239869	-0.20226	-0.233172	-0.227246	-0.261788	-0.230316	-0.250667	-0.266879	-0.241863	-0.244665	-0.250801	-0.276037	-0.224424	-0.230853	-0.273147	-0.247677	-0.227209	-0.275678	-0.226815	-0.229339	-0.262923	-0.31852	-0.230226	-0.230671	-0.268562	-0.2426	-0.267617	-0.251563	-0.240805	-0.269307	-0.247168	-0.230267	-0.239414	-0.225202	-0.253278	-0.217408	-0.240805	-0.224192	-0.289537	-0.252298	-0.222705	-0.237035	-0.236239	-0.240308	-0.245763	-0.272569	-0.217966	-0.252138	-0.247662	-0.247021	-0.261049	-0.26846	-0.245674	-0.183762	-0.204055	-0.277765	-0.178612	-0.228751	-0.219711	-0.212526	-0.216617	-0.17721	-0.243403	-0.218941	-0.222511	-0.26026	-0.278641	-0.244348	-0.239118	-0.229269	-0.236452	-0.225604	-0.212407	-0.233307	-0.252572	-0.266838	-0.249682	-0.22577	-0.237634	-0.230855	-0.255665	-0.241963	-0.249408	-0.234055	-0.217973	-0.271346	-0.213345	-0.245241	-0.204835	-0.27341	-0.241707	-0.22092	-0.262733	-0.243365	-0.249472	-0.225348	-0.211803	-0.215086	-0.134995	-0.201934	-0.284872	-0.241801	-0.23739	-0.242547	-0.236312	-0.242547	-0.237455	-0.248935	-0.223688	-0.261204	-0.183676	-0.253684	-0.252807	-0.299732	-0.238795	-0.215795	-0.185761	-0.242143	-0.269503	-0.163862	-0.193316	-0.238619	-0.212407	-0.215086	-0.312311	-0.239045	-0.286537	-0.216564	-0.276498	-0.226905	-0.234466	-0.252807	-0.219307	-0.232621	-0.273409	-0.242671	-0.259237	-0.242143	-0.203659	-0.217624	-0.275225	-0.272338	-0.250994	-0.238619	-0.266102	-0.262052	-0.147974	-0.21701	-0.284872	-0.238619	-0.215773	-0.246597	-0.229537	-0.215086	-0.204934	-0.229248	-0.273147	-0.236908	-0.23902	-0.207802	-0.325744	-0.221182	-0.204343	-0.264363	-0.238494	-0.229683	-0.219637	-0.23062	-0.245759	-0.268134	-0.257408	-0.21051	-0.306519	-0.236908	-0.272338	-0.246949	-0.223788	-0.241444	-0.193316	-0.286101	-0.238494	-0.163862	-0.241801	-0.30704	-0.269428	-0.221769	-0.238907	-0.207802	-0.325744	-0.307162	-0.266102	-0.229437	-0.187217	-0.249682	-0.215207	-0.262116	-0.259237	-0.285922	-0.215096	-0.225701	-0.250994	-0.264318	-0.178008	-0.253551	-0.286537	-0.317113	-0.269843	-0.229537	-0.233118	-0.147974	-0.225594	-0.219307	-0.242671	-0.22913	-0.274774	-0.27547	-0.261204	-0.253659	-0.287476	-0.228041	-0.185761	-0.227508	-0.260181	-0.210223	-0.222795	-0.259237	-0.227441	-0.258517	-0.241623	-0.266102	-0.147974	-0.240805	-0.215773	-0.258239	-0.258239	-0.286571	-0.307162	-0.292664	-0.277007	-0.321026	-0.259237	-0.232621	-0.283233	-0.248982	-0.241801	-0.234189	-0.289074	-0.212454	-0.23114	-0.203659	-0.238494	-0.243086	-0.187573	-0.218028	-0.18964	-0.219734	-0.128479	-0.135585	-0.223117	-0.162376	-0.207802	-0.260181	-0.242143	-0.242143	-0.215086	-0.206645	-0.241623	-0.207802	-0.248699	-0.242671	-0.230088	-0.229683	-0.280305	-0.163862	-0.228037	-0.266102	-0.273147	-0.21966	-0.229537	-0.233124	-0.163862	-0.252807	-0.188012	-0.256321	-0.249682	-0.222795	-0.243863	-0.212407	-0.195702	-0.20124	-0.249682	-0.27876	-0.249682	-0.225457	-0.261617
17000	intercept	0.309141	0.293677	0.308262	0.30634	0.274447	0.278161	0.33373	0.314686	0.298596	0.271469	0.302739	0.273064	0.295761	0.311533	0.296506	0.296289	0.293863	0.318629	0.310869	0.306947	0.318256	0.327614	0.305321	0.304067	0.334484	0.272677	0.297202	0.312469	0.296086	0.281071	0.317973	0.270882	0.314328	0.306466	0.309222	0.279792	0.278136	0.317782	0.327672	0.294495	0.298345	0.291763	0.308332	0.278444	0.286979	0.27036	0.303769	0.340148	0.292807	0.341274	0.330094	0.282344	0.283872	0.301827	0.325182	0.284311	0.270286	0.29778	0.272335	0.342536	0.262061	0.315379	0.335021	0.302942	0.311978	0.286712	0.306466	0.30191	0.26612	0.304401	0.269588	0.294423	0.264005	0.24965	0.296808	0.271929	0.281072	0.316395	0.236828	0.346469	0.279535	0.339508	0.312933	0.30343	0.303549	0.310542	0.287629	0.326257	0.34624	0.305654	0.312081	0.341283	0.320455	0.305789	0.31331	0.31309	0.314923	0.310657	0.296751	0.327889	0.331866	0.319411	0.238078	0.280884	0.303226	0.305757	0.301004	0.317969	0.282734	0.345677	0.273707	0.309028	0.314264	0.30764	0.295585	0.323155	0.321137	0.288346	0.330088	0.31229	0.335598	0.315639	0.31677	0.31115	0.320836	0.323881	0.319103	0.284739	0.289291	0.327765	0.287902	0.320799	0.343099	0.312469	0.321978	0.332236	0.30942	0.335287	0.318783	0.296896	0.297001	0.312469	0.302442	0.330708	0.301081	0.248868	0.294072	0.317902	0.30197	0.304379	0.340871	0.274765	0.312854	0.317408	0.324662	0.347815	0.31512	0.328891	0.250133	0.256802	0.315431	0.299801	0.319867	0.279052	0.270506	0.260629	0.268105	0.293788	0.281187	0.310643	0.34356	0.352367	0.286406	0.290703	0.270109	0.301641	0.270768	0.274473	0.302156	0.327538	0.360404	0.332034	0.2723	0.276566	0.278096	0.316509	0.299839	0.29826	0.298908	0.290378	0.313504	0.262135	0.300152	0.268173	0.338541	0.30229	0.29636	0.306452	0.316815	0.288355	0.274473	0.223998	0.265623	0.24965	0.261782	0.337743	0.322404	0.30942	0.36265	0.338207	0.358316	0.290093	0.316798	0.287393	0.290442	0.266191	0.302931	0.32331	0.327914	0.275701	0.274542	0.27578	0.289552	0.323881	0.274825	0.274473	0.302931	0.253136	0.265623	0.340744	0.292797	0.319103	0.264518	0.323881	0.299636	0.273509	0.32331	0.274473	0.330088	0.336565	0.311854	0.314197	0.289552	0.274473	0.284	0.301501	0.309935	0.316893	0.307916	0.33128	0.321981	0.262163	0.289763	0.325794	0.325097	0.313251	0.299467	0.285865	0.271742	0.251295	0.277507	0.31229	0.322143	0.320635	0.287112	0.383674	0.32277	0.287112	0.296414	0.276511	0.25321	0.282003	0.303281	0.321894	0.324044	0.300614	0.274473	0.356644	0.322143	0.315753	0.270882	0.303859	0.322693	0.274473	0.351442	0.276511	0.274825	0.325709	0.390433	0.333084	0.319529	0.276511	0.287112	0.366046	0.353863	0.33128	0.313795	0.300142	0.332031	0.290532	0.336565	0.299189	0.330908	0.261782	0.312605	0.301606	0.284385	0.289506	0.299363	0.319103	0.366526	0.325182	0.293677	0.275431	0.262163	0.319562	0.274473	0.307389	0.323886	0.388781	0.352049	0.290442	0.299467	0.327996	0.309094	0.27578	0.280543	0.304158	0.269662	0.303772	0.298627	0.282323	0.304594	0.282003	0.33128	0.253481	0.312469	0.314481	0.317525	0.317525	0.350514	0.367603	0.296414	0.319443	0.335627	0.299189	0.330088	0.316529	0.323886	0.322404	0.321894	0.304527	0.25611	0.303703	0.274473	0.260138	0.291996	0.274473	0.307132	0.257415	0.303703	0.217942	0.221376	0.272434	0.324988	0.287112	0.299859	0.289552	0.289552	0.271742	0.269662	0.282003	0.287112	0.305736	0.311854	0.322404	0.25321	0.314333	0.274825	0.303065	0.33128	0.31229	0.29415	0.285865	0.27146	0.274825	0.313424	0.290477	0.34771	0.332034	0.307745	0.310067	0.290477	0.230555	0.230543	0.332034	0.375035	0.332031	0.299678	0.334061
18000	slope	-0.222759	-0.274243	-0.25668	-0.264183	-0.26603	-0.282655	-0.246161	-0.281061	-0.255093	-0.204201	-0.319535	-0.172499	-0.209515	-0.17869	-0.268376	-0.184015	-0.186839	-0.289601	-0.228343	-0.28522	-0.217082	-0.274254	-0.27269	-0.266976	-0.248662	-0.241033	-0.161763	-0.183876	-0.239567	-0.244347	-0.225315	-0.300073	-0.225048	-0.237857	-0.152095	-0.265101	-0.281227	-0.188246	-0.339071	-0.173808	-0.252877	-0.30905	-0.282901	-0.260829	-0.23906	-0.214021	-0.17874	-0.23705	-0.242501	-0.242753	-0.168193	-0.228621	-0.201973	-0.239701	-0.207931	-0.297977	-0.278573	-0.127869	-0.280543	-0.268714	-0.236408	-0.319816	-0.2942	-0.29608	-0.282056	-0.20492	-0.275072	-0.273385	-0.185009	-0.199103	-0.24496	-0.236545	-0.227647	-0.207163	-0.148778	-0.246786	-0.215596	-0.216731	-0.305942	-0.315948	-0.319464	-0.284754	-0.292165	-0.234463	-0.309151	-0.24995	-0.253986	-0.249804	-0.29357	-0.262573	-0.241168	-0.311853	-0.23171	-0.275308	-0.280028	-0.290571	-0.195895	-0.279024	-0.220762	-0.288765	-0.237126	-0.264852	-0.270492	-0.199894	-0.245747	-0.232172	-0.249622	-0.223162	-0.288135	-0.165158	-0.167761	-0.26184	-0.244295	-0.234125	-0.236772	-0.260165	-0.278569	-0.202904	-0.210343	-0.239336	-0.314399	-0.275756	-0.270252	-0.307984	-0.254505	-0.278931	-0.128184	-0.242394	-0.243213	-0.275153	-0.336766	-0.301801	-0.283558	-0.198274	-0.318849	-0.269232	-0.230391	-0.159916	-0.248842	-0.272557	-0.223577	-0.227416	-0.258132	-0.178642	-0.215541	-0.148972	-0.28971	-0.264596	-0.24593	-0.265179	-0.253774	-0.25089	-0.231578	-0.218698	-0.271531	-0.284008	-0.313395	-0.267397	-0.231809	-0.31135	-0.21408	-0.216186	-0.245305	-0.246001	-0.2435	-0.265189	-0.185369	-0.228804	-0.239699	-0.245639	-0.214223	-0.267178	-0.231172	-0.206235	-0.306888	-0.272239	-0.204676	-0.259031	-0.219698	-0.174737	-0.268656	-0.298234	-0.280819	-0.199396	-0.249624	-0.264032	-0.221238	-0.139637	-0.241141	-0.205798	-0.261974	-0.275308	-0.30256	-0.229426	-0.2878	-0.249645	-0.226148	-0.252976	-0.230208	-0.275309	-0.313475	-0.301761	-0.316092	-0.260254	-0.253693	-0.165467	-0.174011	-0.163766	-0.324838	-0.318849	-0.289552	-0.158825	-0.306944	-0.175347	-0.284008	-0.168512	-0.219216	-0.275308	-0.17367	-0.281036	-0.275308	-0.336766	-0.220161	-0.203593	-0.227965	-0.17367	-0.253836	-0.172301	-0.267248	-0.244658	-0.332998	-0.216186	-0.331786	-0.311085	-0.184571	-0.152874	-0.334072	-0.180632	-0.275308	-0.340273	-0.167086	-0.241278	-0.299779	-0.163217	-0.251433	-0.188423	-0.260829	-0.274254	-0.244151	-0.241193	-0.225562	-0.242414	-0.242753	-0.25038	-0.201554	-0.279624	-0.247701	-0.242414	-0.347412	-0.277078	-0.242414	-0.237046	-0.295194	-0.262923	-0.240472	-0.175347	-0.27659	-0.347412	-0.321908	-0.181052	-0.267047	-0.165467	-0.320764	-0.241141	-0.237616	-0.170209	-0.140722	-0.29439	-0.304764	-0.221238	-0.294241	-0.240472	-0.281387	-0.317125	-0.254142	-0.258132	-0.275308	-0.170209	-0.313475	-0.275308	-0.267848	-0.201554	-0.229296	-0.215653	-0.121917	-0.201554	-0.242414	-0.312308	-0.242753	-0.185647	-0.258132	-0.24243	-0.261641	-0.299819	-0.250664	-0.181378	-0.24166	-0.218779	-0.175347	-0.110986	-0.219216	-0.281036	-0.223	-0.317125	-0.232773	-0.304764	-0.254142	-0.227965	-0.275308	-0.285594	-0.153492	-0.220224	-0.27659	-0.213806	-0.306525	-0.244658	-0.251966	-0.242753	-0.186529	-0.244151	-0.317733	-0.234125	-0.247701	-0.244151	-0.279385	-0.265724	-0.150768	-0.184051	-0.201554	-0.311085	-0.234125	-0.316092	-0.245333	-0.253212	-0.241634	-0.14919	-0.201554	-0.334001	-0.250215	-0.288942	-0.313475	-0.201796	-0.207615	-0.118428	-0.2183	-0.227926	-0.260829	-0.315005	-0.314555	-0.319535	-0.261641	-0.168297	-0.280316	-0.253342	-0.22159	-0.263027	-0.253588	-0.223	-0.181039	-0.224645	-0.153349	-0.250664	-0.3135	-0.275308	-0.226417	-0.205149	-0.260829	-0.324838	-0.23352	-0.241354	-0.114096	-0.253836	-0.284754	-0.158825	-0.308919	-0.279385	-0.285594	-0.233295	-0.162387	-0.248524	-0.230284	-0.23352	-0.223	-0.162387	-0.194779	-0.201554	-0.174788	-0.267848	-0.277479	-0.301038
18000	intercept	0.270694	0.32612	0.307175	0.335029	0.309137	0.35076	0.310351	0.326739	0.344108	0.262497	0.330889	0.262405	0.28489	0.236861	0.305705	0.310103	0.271083	0.337608	0.27074	0.313449	0.266097	0.323492	0.30633	0.314945	0.317727	0.324418	0.242597	0.269147	0.318034	0.301933	0.263326	0.328279	0.282021	0.278913	0.25089	0.344312	0.331213	0.276179	0.340744	0.308952	0.306064	0.345154	0.333411	0.34094	0.322714	0.283476	0.256414	0.296666	0.296048	0.323562	0.239318	0.276407	0.266463	0.313985	0.287942	0.320741	0.326857	0.20572	0.330686	0.329436	0.307505	0.340287	0.338611	0.331281	0.344094	0.273353	0.327013	0.355383	0.292879	0.264878	0.314656	0.294445	0.286787	0.298656	0.260696	0.298803	0.282954	0.282771	0.348522	0.362186	0.378705	0.318936	0.330434	0.271454	0.344997	0.309047	0.306968	0.324241	0.322226	0.308151	0.287648	0.343908	0.316415	0.300861	0.344695	0.310841	0.270558	0.327472	0.293158	0.368949	0.288335	0.319134	0.355597	0.263469	0.294887	0.313037	0.278294	0.296048	0.349053	0.248312	0.232848	0.331134	0.295367	0.325284	0.308906	0.292087	0.290155	0.277233	0.257762	0.31439	0.336335	0.313368	0.317415	0.357901	0.310218	0.290018	0.205281	0.308901	0.313978	0.333665	0.355703	0.336313	0.324948	0.246443	0.364563	0.298255	0.282181	0.259496	0.293697	0.330326	0.283982	0.311705	0.2835	0.263994	0.293342	0.266927	0.333202	0.316706	0.278986	0.303741	0.337608	0.297304	0.293693	0.291237	0.330657	0.347007	0.32833	0.310418	0.307329	0.341221	0.27711	0.29224	0.289502	0.294874	0.320143	0.274275	0.274273	0.294828	0.327593	0.32844	0.263349	0.318976	0.269599	0.278962	0.326561	0.332018	0.297746	0.310548	0.294442	0.259205	0.334934	0.342769	0.326868	0.292514	0.312342	0.342392	0.31439	0.222937	0.274473	0.291995	0.309702	0.297534	0.34649	0.287957	0.323973	0.288281	0.297522	0.302262	0.31306	0.309587	0.381086	0.356527	0.32833	0.321726	0.333317	0.253481	0.243867	0.253481	0.378705	0.364563	0.301391	0.250673	0.360634	0.257469	0.347007	0.250673	0.273725	0.297534	0.28321	0.322388	0.297534	0.355703	0.239566	0.242984	0.33346	0.287993	0.268453	0.238567	0.293102	0.3108	0.347243	0.29224	0.32833	0.354871	0.250115	0.239243	0.340744	0.300377	0.297534	0.375774	0.257811	0.307547	0.334763	0.264373	0.321726	0.265978	0.34094	0.308682	0.331177	0.305912	0.302511	0.290399	0.322286	0.3108	0.263303	0.352254	0.33156	0.290399	0.340744	0.26443	0.301121	0.280346	0.340805	0.329277	0.318272	0.258036	0.298249	0.340744	0.366557	0.253532	0.301253	0.258353	0.368972	0.274473	0.254883	0.237475	0.249294	0.369616	0.313662	0.31439	0.322233	0.318272	0.313159	0.372787	0.300738	0.2835	0.297534	0.237475	0.378705	0.292631	0.347007	0.263303	0.299171	0.268297	0.20572	0.263303	0.290399	0.345184	0.323562	0.263303	0.2835	0.300738	0.29902	0.353236	0.274275	0.243946	0.270829	0.302511	0.258036	0.159496	0.287548	0.322388	0.296345	0.35547	0.347779	0.313662	0.307547	0.33346	0.297534	0.302369	0.239243	0.302249	0.298249	0.241325	0.354871	0.3108	0.316992	0.323562	0.241657	0.321473	0.33785	0.299425	0.336639	0.331177	0.285849	0.327997	0.250673	0.234852	0.263303	0.354871	0.343526	0.32833	0.282943	0.270829	0.312529	0.253317	0.266886	0.375831	0.293665	0.308064	0.369699	0.295377	0.324866	0.205281	0.269623	0.275546	0.315628	0.378705	0.32833	0.338615	0.29902	0.253481	0.352254	0.315323	0.302511	0.315607	0.309594	0.298537	0.253215	0.283459	0.245248	0.274275	0.339657	0.297534	0.298537	0.291075	0.333317	0.37638	0.331277	0.339528	0.286289	0.268453	0.308064	0.250673	0.363315	0.315419	0.297534	0.325437	0.253481	0.333317	0.296541	0.31439	0.298537	0.253481	0.291357	0.263303	0.270891	0.347007	0.30802	0.396803
19000	slope	-0.227683	-0.174633	-0.261186	-0.197915	-0.306586	-0.23191	-0.279354	-0.274696	-0.247918	-0.214803	-0.228214	-0.277617	-0.20663	-0.260913	-0.233208	-0.274373	-0.21475	-0.259972	-0.191843	-0.225165	-0.272328	-0.229887	-0.223518	-0.249173	-0.241783	-0.234966	-0.263122	-0.215238	-0.256177	-0.222457	-0.193645	-0.253922	-0.182274	-0.214813	-0.210776	-0.214855	-0.225351	-0.275471	-0.278329	-0.25402	-0.168394	-0.227911	-0.282313	-0.223535	-0.192645	-0.273231	-0.24362	-0.210154	-0.290732	-0.319758	-0.227276	-0.223648	-0.269538	-0.252192	-0.221379	-0.15017	-0.212481	-0.222085	-0.266675	-0.211354	-0.310277	-0.201146	-0.271465	-0.159893	-0.296144	-0.2367	-0.221835	-0.22786	-0.196838	-0.229296	-0.291779	-0.227002	-0.227518	-0.239084	-0.196474	-0.243277	-0.304704	-0.273131	-0.247741	-0.238914	-0.263431	-0.27723	-0.198643	-0.247027	-0.253643	-0.177548	-0.306586	-0.254014	-0.207757	-0.250071	-0.241744	-0.252784	-0.177283	-0.235499	-0.275409	-0.266868	-0.240381	-0.254474	-0.272066	-0.261579	-0.280472	-0.246266	-0.23103	-0.225734	-0.275996	-0.219802	-0.264759	-0.206024	-0.208396	-0.246704	-0.283962	-0.185396	-0.243855	-0.169472	-0.279354	-0.288936	-0.237706	-0.241101	-0.246451	-0.269806	-0.249348	-0.204643	-0.271324	-0.240489	-0.288555	-0.211839	-0.291422	-0.266597	-0.240858	-0.287457	-0.244614	-0.252544	-0.300685	-0.237084	-0.179123	-0.243307	-0.281186	-0.224913	-0.236745	-0.249194	-0.284785	-0.274596	-0.263532	-0.233267	-0.241512	-0.206656	-0.234005	-0.29421	-0.252986	-0.220944	-0.254752	-0.249907	-0.203463	-0.253382	-0.229619	-0.223365	-0.237612	-0.228538	-0.23401	-0.257108	-0.167664	-0.205294	-0.277488	-0.292683	-0.25662	-0.295431	-0.2687	-0.226394	-0.219087	-0.291476	-0.262856	-0.275471	-0.244246	-0.27678	-0.257289	-0.283913	-0.288465	-0.280905	-0.237125	-0.198518	-0.299335	-0.253227	-0.254902	-0.226213	-0.268493	-0.29421	-0.252347	-0.246451	-0.24935	-0.21473	-0.21397	-0.18251	-0.193447	-0.207743	-0.219692	-0.229011	-0.247826	-0.209582	-0.176953	-0.274263	-0.174633	-0.198934	-0.254529	-0.198934	-0.255408	-0.255519	-0.230878	-0.290847	-0.212675	-0.299123	-0.258536	-0.174633	-0.308255	-0.136161	-0.249031	-0.237142	-0.171858	-0.258188	-0.296003	-0.237612	-0.255933	-0.171858	-0.230878	-0.2101	-0.15017	-0.185764	-0.2582	-0.159532	-0.2582	-0.275582	-0.297394	-0.25956	-0.179944	-0.30911	-0.292199	-0.208143	-0.220777	-0.308781	-0.224166	-0.26039	-0.159532	-0.179123	-0.241263	-0.270266	-0.194741	-0.28142	-0.191843	-0.191843	-0.323986	-0.179123	-0.240961	-0.251087	-0.276792	-0.249175	-0.230878	-0.276484	-0.276484	-0.307098	-0.303535	-0.277883	-0.280315	-0.271634	-0.314051	-0.167422	-0.167664	-0.276484	-0.29769	-0.237108	-0.306695	-0.186166	-0.295566	-0.154588	-0.314051	-0.237971	-0.181851	-0.25956	-0.287584	-0.229118	-0.167422	-0.154588	-0.314051	-0.181915	-0.280732	-0.191843	-0.292668	-0.191921	-0.237142	-0.314051	-0.232681	-0.272424	-0.184688	-0.267889	-0.275689	-0.268934	-0.296197	-0.235712	-0.252761	-0.169969	-0.191687	-0.25956	-0.246451	-0.274124	-0.164738	-0.295984	-0.284101	-0.191687	-0.246451	-0.250401	-0.268795	-0.261091	-0.280732	-0.27899	-0.148133	-0.191407	-0.202196	-0.25739	-0.304382	-0.288427	-0.292542	-0.179123	-0.306946	-0.302195	-0.154588	-0.307085	-0.269711	-0.242179	-0.308393	-0.276484	-0.246451	-0.31326	-0.178472	-0.145994	-0.225165	-0.248328	-0.21524	-0.191843	-0.280315	-0.191687	-0.228296	-0.240961	-0.15017	-0.285172	-0.193447	-0.264412	-0.284761	-0.246451	-0.26613	-0.148133	-0.191843	-0.167664	-0.159532	-0.191921	-0.207862	-0.142688	-0.292312	-0.2582	-0.279851	-0.305419	-0.17015	-0.291676	-0.28579	-0.286667	-0.153906	-0.152975	-0.246451	-0.24098	-0.255677	-0.21524	-0.159532	-0.304704	-0.304704	-0.252761	-0.191843	-0.167664	-0.252249	-0.233021	-0.298755	-0.193447	-0.200152	-0.15017	-0.238667	-0.188621	-0.189964	-0.292775	-0.269059	-0.241258	-0.251904	-0.24493	-0.263122	-0.217435	-0.269059	-0.171858	-0.295984	-0.243628	-0.202196	-0.225165	-0.198643	-0.282375	-0.272424	-0.35366
19000	intercept	0.334685	0.2907	0.339145	0.287471	0.385277	0.306725	0.341262	0.315176	0.289764	0.285163	0.275414	0.341574	0.253454	0.322214	0.290378	0.325983	0.29427	0.299545	0.285731	0.276284	0.346395	0.288519	0.290829	0.296133	0.292444	0.303426	0.29314	0.267903	0.300494	0.304902	0.288084	0.307486	0.258752	0.261842	0.264737	0.276388	0.292557	0.310791	0.339207	0.307636	0.244226	0.273227	0.325875	0.297213	0.28081	0.346712	0.294857	0.272709	0.355328	0.347787	0.297778	0.275863	0.323135	0.296973	0.280011	0.241309	0.265226	0.297177	0.332469	0.271039	0.325072	0.301899	0.326221	0.250467	0.353844	0.29971	0.276421	0.272035	0.248556	0.269284	0.343384	0.322989	0.310092	0.332665	0.20355	0.322045	0.33994	0.302017	0.293998	0.280006	0.312869	0.327536	0.249175	0.313009	0.289716	0.258702	0.388033	0.310668	0.263812	0.326157	0.291928	0.313762	0.277927	0.318664	0.334744	0.332868	0.313904	0.316794	0.304203	0.304543	0.342641	0.335792	0.26651	0.299067	0.340639	0.273554	0.308823	0.289311	0.277158	0.31351	0.332569	0.275093	0.293998	0.272037	0.342066	0.333136	0.275566	0.325442	0.294857	0.323899	0.313608	0.286988	0.310721	0.323336	0.322924	0.238073	0.336135	0.30179	0.323812	0.310877	0.321434	0.301068	0.355407	0.320226	0.292245	0.30164	0.335199	0.296166	0.293618	0.293632	0.308456	0.340218	0.339894	0.288046	0.327653	0.306876	0.270229	0.368775	0.300636	0.275447	0.298733	0.301739	0.271068	0.285141	0.266456	0.293842	0.30801	0.278998	0.284518	0.295859	0.271168	0.297017	0.344027	0.353629	0.324557	0.309639	0.339437	0.282207	0.287648	0.338241	0.308502	0.310332	0.3178	0.325997	0.331308	0.31654	0.352628	0.363351	0.328223	0.288921	0.34135	0.299625	0.310787	0.319437	0.289331	0.368775	0.284677	0.294857	0.305024	0.283822	0.283625	0.266065	0.275636	0.294846	0.28083	0.273769	0.287856	0.275016	0.239611	0.324302	0.2907	0.260036	0.293165	0.28012	0.341424	0.240456	0.300805	0.351272	0.24835	0.353698	0.289926	0.2907	0.357529	0.271132	0.29314	0.31585	0.266826	0.289658	0.365405	0.308453	0.286345	0.270065	0.300805	0.317409	0.241309	0.238073	0.29314	0.256232	0.29314	0.319104	0.314165	0.265728	0.253057	0.306938	0.34291	0.320495	0.303466	0.346629	0.245793	0.296453	0.256232	0.272037	0.300805	0.337974	0.237076	0.367707	0.285731	0.285731	0.358438	0.272037	0.2914	0.337435	0.332667	0.328898	0.300805	0.308722	0.29777	0.332584	0.36425	0.372012	0.311538	0.311409	0.370687	0.26895	0.271168	0.29777	0.336395	0.290608	0.364322	0.268473	0.354901	0.22748	0.376455	0.263219	0.284246	0.278262	0.367748	0.29314	0.26895	0.22748	0.376455	0.24118	0.378671	0.272199	0.379503	0.238073	0.31585	0.376455	0.28957	0.33798	0.238549	0.284993	0.304392	0.367707	0.326585	0.299181	0.319495	0.253027	0.26177	0.282445	0.276482	0.336988	0.244309	0.324933	0.324933	0.282723	0.294857	0.304355	0.310141	0.323514	0.376437	0.35454	0.264269	0.259151	0.273743	0.282445	0.354896	0.348448	0.346907	0.272037	0.336395	0.343164	0.248407	0.356537	0.317987	0.299181	0.368166	0.330511	0.294857	0.361278	0.263801	0.241309	0.299181	0.322865	0.259151	0.285731	0.311538	0.26177	0.300805	0.2914	0.241309	0.379759	0.275889	0.292407	0.367707	0.294857	0.332667	0.264269	0.285731	0.271168	0.256232	0.238073	0.249175	0.270548	0.347992	0.29314	0.305428	0.350844	0.271621	0.364885	0.365028	0.324933	0.255133	0.270548	0.305961	0.299181	0.302649	0.259151	0.256232	0.33994	0.33994	0.327033	0.285731	0.271168	0.315191	0.294237	0.365405	0.275991	0.295522	0.241309	0.277007	0.27341	0.22299	0.374336	0.318764	0.29314	0.298295	0.302782	0.29314	0.254114	0.318764	0.27359	0.324933	0.322865	0.294665	0.299181	0.254953	0.372814	0.33798	0.375062
20000	slope	-0.33766	-0.299897	-0.293535	-0.327374	-0.276347	-0.280178	-0.19115	-0.239198	-0.302563	-0.278918	-0.242344	-0.304744	-0.264627	-0.305758	-0.265467	-0.214235	-0.286105	-0.229233	-0.254851	-0.330816	-0.289584	-0.275509	-0.293073	-0.274882	-0.2508	-0.298546	-0.318214	-0.30097	-0.209343	-0.220509	-0.229263	-0.293924	-0.235272	-0.223001	-0.230193	-0.191171	-0.275636	-0.215003	-0.25242	-0.219837	-0.297049	-0.229862	-0.278505	-0.282846	-0.227507	-0.263834	-0.313356	-0.180044	-0.310062	-0.256796	-0.313933	-0.336171	-0.271221	-0.219268	-0.311997	-0.225922	-0.182114	-0.193304	-0.203995	-0.202529	-0.246205	-0.286283	-0.246515	-0.224857	-0.320281	-0.289386	-0.223551	-0.238805	-0.238675	-0.184506	-0.19592	-0.311684	-0.226418	-0.272233	-0.266119	-0.295767	-0.320914	-0.27942	-0.231036	-0.199614	-0.245466	-0.254608	-0.173337	-0.32118	-0.299183	-0.266956	-0.260966	-0.325564	-0.24832	-0.260758	-0.212902	-0.258387	-0.272595	-0.288498	-0.251308	-0.285198	-0.302017	-0.183526	-0.298328	-0.209884	-0.344117	-0.228844	-0.221708	-0.218371	-0.226717	-0.316363	-0.210877	-0.289871	-0.18638	-0.296162	-0.30323	-0.260221	-0.267805	-0.182531	-0.167838	-0.253407	-0.241803	-0.282603	-0.217878	-0.268361	-0.26687	-0.260526	-0.282437	-0.25905	-0.31118	-0.241441	-0.288211	-0.242734	-0.299467	-0.20473	-0.292671	-0.249597	-0.297259	-0.316991	-0.301037	-0.234221	-0.239509	-0.268256	-0.285139	-0.232355	-0.251907	-0.241442	-0.280932	-0.271447	-0.217869	-0.281507	-0.282503	-0.306061	-0.300793	-0.324018	-0.308433	-0.290128	-0.2061	-0.24902	-0.280102	-0.225585	-0.267829	-0.232198	-0.265126	-0.330254	-0.247123	-0.302558	-0.212725	-0.31837	-0.279027	-0.297269	-0.330978	-0.24878	-0.243308	-0.339124	-0.290629	-0.213325	-0.236653	-0.251338	-0.278932	-0.285309	-0.323752	-0.233374	-0.247961	-0.233416	-0.225685	-0.288226	-0.23706	-0.279261	-0.266956	-0.270912	-0.225086	-0.24965	-0.293963	-0.225233	-0.180395	-0.275848	-0.28939	-0.225661	-0.226548	-0.291117	-0.255188	-0.221363	-0.312604	-0.270505	-0.260583	-0.316081	-0.371393	-0.192674	-0.281366	-0.359678	-0.30095	-0.326062	-0.20204	-0.16962	-0.210034	-0.184622	-0.228841	-0.267444	-0.173337	-0.278672	-0.318297	-0.188038	-0.32761	-0.221851	-0.371393	-0.297259	-0.184139	-0.276189	-0.281507	-0.337936	-0.365851	-0.183638	-0.199813	-0.274458	-0.256152	-0.256006	-0.273551	-0.176078	-0.327371	-0.292671	-0.274726	-0.287347	-0.28993	-0.171383	-0.339901	-0.213886	-0.302537	-0.350434	-0.292671	-0.263129	-0.30468	-0.260934	-0.163086	-0.156488	-0.191171	-0.195872	-0.325923	-0.134071	-0.327371	-0.201912	-0.341673	-0.327371	-0.299401	-0.268256	-0.191171	-0.228844	-0.313139	-0.209054	-0.309482	-0.257987	-0.191171	-0.16724	-0.179623	-0.238712	-0.255298	-0.361701	-0.290265	-0.221851	-0.191171	-0.277737	-0.268256	-0.171008	-0.309893	-0.316081	-0.179623	-0.282292	-0.321068	-0.307044	-0.327371	-0.263416	-0.304432	-0.297259	-0.242938	-0.315671	-0.250042	-0.293708	-0.315671	-0.238193	-0.297259	-0.313139	-0.187615	-0.278672	-0.366777	-0.231964	-0.268361	-0.201912	-0.173337	-0.258733	-0.27539	-0.236653	-0.313833	-0.269654	-0.258733	-0.295062	-0.252656	-0.235728	-0.260934	-0.32761	-0.32761	-0.295316	-0.171008	-0.274458	-0.268447	-0.263875	-0.174691	-0.337331	-0.294254	-0.337119	-0.252113	-0.361701	-0.185831	-0.366777	-0.332899	-0.199813	-0.313833	-0.325923	-0.359952	-0.32761	-0.267983	-0.291295	-0.275848	-0.27872	-0.302558	-0.247206	-0.257188	-0.29475	-0.274458	-0.371393	-0.275338	-0.238118	-0.366403	-0.247206	-0.313583	-0.20204	-0.179675	-0.361701	-0.238118	-0.210034	-0.263129	-0.309462	-0.242938	-0.228917	-0.273101	-0.134071	-0.274458	-0.282012	-0.273567	-0.297259	-0.332697	-0.274653	-0.19326	-0.17987	-0.27539	-0.272532	-0.242344	-0.302558	-0.242938	-0.385489	-0.267558	-0.185831	-0.366777	-0.325553	-0.263129	-0.215812	-0.30468	-0.144427	-0.179623	-0.257188	-0.328186	-0.173337	-0.320864	-0.313833	-0.296106	-0.187615	-0.289724	-0.187615	-0.341673	-0.221851	-0.281366	-0.267558	-0.289567	-0.281507	-0.29059	-0.239582
20000	intercept	0.375492	0.361247	0.358378	0.364667	0.316258	0.342473	0.287205	0.295926	0.342085	0.341397	0.254255	0.360082	0.350467	0.344457	0.34821	0.281407	0.339282	0.276516	0.318798	0.371392	0.323431	0.320962	0.344784	0.324213	0.336439	0.336928	0.372182	0.361595	0.310902	0.27724	0.319891	0.36133	0.337258	0.29082	0.271528	0.243335	0.329798	0.271242	0.309329	0.316142	0.340253	0.303758	0.371491	0.366739	0.281531	0.324477	0.362034	0.252117	0.344166	0.287763	0.339132	0.400884	0.318875	0.285269	0.357356	0.31183	0.246643	0.311906	0.252599	0.244624	0.284848	0.358899	0.31367	0.28501	0.373967	0.350982	0.311398	0.286149	0.286287	0.290239	0.304251	0.373578	0.291206	0.329105	0.331291	0.340673	0.38735	0.325727	0.296411	0.300681	0.310862	0.321243	0.235848	0.359598	0.351313	0.324903	0.309492	0.377203	0.334733	0.324583	0.28314	0.327274	0.329924	0.348486	0.366998	0.3473	0.339265	0.268209	0.346036	0.268333	0.380212	0.278217	0.280293	0.288509	0.281452	0.361128	0.273669	0.362688	0.264746	0.341589	0.367145	0.304444	0.343628	0.295689	0.248463	0.285511	0.339823	0.307495	0.294419	0.384335	0.311599	0.308846	0.316929	0.336967	0.363574	0.298367	0.364069	0.290535	0.334426	0.279914	0.365356	0.336596	0.366252	0.353192	0.316115	0.305308	0.317887	0.325413	0.355478	0.306214	0.342005	0.307839	0.328491	0.353818	0.267905	0.346103	0.345654	0.389582	0.361471	0.361232	0.374518	0.351234	0.278951	0.303866	0.317763	0.321118	0.346092	0.317542	0.30556	0.364885	0.344449	0.360817	0.312965	0.357749	0.318727	0.310603	0.381361	0.31201	0.311968	0.37088	0.319946	0.270657	0.275065	0.299399	0.340135	0.341397	0.352937	0.301232	0.316349	0.31462	0.302997	0.335822	0.326417	0.354729	0.332153	0.36237	0.317563	0.320726	0.362283	0.31798	0.246384	0.300069	0.337476	0.338077	0.285773	0.328004	0.32432	0.306569	0.35615	0.373971	0.345438	0.34716	0.420814	0.318256	0.359765	0.380789	0.380695	0.347519	0.257902	0.259271	0.233191	0.246603	0.229611	0.348634	0.235848	0.342398	0.349144	0.238633	0.371392	0.282455	0.421073	0.387742	0.233301	0.33862	0.33862	0.339205	0.41369	0.264365	0.270957	0.340621	0.333591	0.365294	0.33862	0.284459	0.365595	0.365356	0.330675	0.359259	0.339059	0.234733	0.351169	0.259656	0.353192	0.373008	0.368129	0.335526	0.35197	0.333783	0.235848	0.228587	0.226245	0.31559	0.327242	0.25251	0.358613	0.283965	0.378837	0.365595	0.314085	0.309805	0.243335	0.283809	0.353173	0.248266	0.36649	0.329687	0.243335	0.265461	0.237342	0.314456	0.379252	0.41369	0.384007	0.278702	0.243335	0.34165	0.325413	0.266996	0.32732	0.360166	0.237342	0.349869	0.369581	0.353668	0.358613	0.341882	0.368961	0.353668	0.3219	0.347861	0.316693	0.353967	0.349423	0.289195	0.369119	0.341478	0.246462	0.342398	0.41867	0.295947	0.384335	0.283965	0.235848	0.336818	0.32572	0.283553	0.382737	0.323422	0.351102	0.387742	0.256602	0.351267	0.333783	0.371392	0.365595	0.362348	0.294731	0.343779	0.347379	0.316693	0.24897	0.358378	0.309593	0.358613	0.30798	0.41369	0.248403	0.433471	0.358378	0.270957	0.358378	0.327242	0.381588	0.371392	0.284356	0.380752	0.300069	0.334792	0.363284	0.288868	0.288499	0.355756	0.346273	0.420814	0.309805	0.309976	0.421388	0.288868	0.355257	0.263333	0.246052	0.416536	0.309976	0.253788	0.335526	0.360817	0.3219	0.353653	0.327563	0.25251	0.343779	0.341212	0.384335	0.387742	0.358378	0.294891	0.251362	0.228587	0.32572	0.314085	0.248763	0.356274	0.3219	0.400792	0.333783	0.245786	0.433471	0.339205	0.335526	0.27076	0.359259	0.268561	0.237342	0.288499	0.378461	0.235848	0.322984	0.366695	0.338485	0.249042	0.341212	0.246462	0.386421	0.278702	0.359765	0.333783	0.311364	0.33862	0.334918	0.271528
21000	slope	-0.24992	-0.219791	-0.311084	-0.26916	-0.259392	-0.18833	-0.191458	-0.238342	-0.270364	-0.31558	-0.280125	-0.172588	-0.269489	-0.277769	-0.235376	-0.238172	-0.238999	-0.328153	-0.278204	-0.266057	-0.240818	-0.258979	-0.296762	-0.262028	-0.237273	-0.202818	-0.198855	-0.259746	-0.149075	-0.235842	-0.292529	-0.265263	-0.234797	-0.291962	-0.233157	-0.275694	-0.298668	-0.254812	-0.339429	-0.254483	-0.220911	-0.297553	-0.280219	-0.192677	-0.276193	-0.266994	-0.290933	-0.17275	-0.270118	-0.334822	-0.302537	-0.236536	-0.279915	-0.177807	-0.286793	-0.262338	-0.292083	-0.268827	-0.246562	-0.302226	-0.232198	-0.234739	-0.28477	-0.185342	-0.289381	-0.291518	-0.225468	-0.323544	-0.25915	-0.262399	-0.238922	-0.241745	-0.26927	-0.290082	-0.234372	-0.282608	-0.304986	-0.326274	-0.24957	-0.217794	-0.233923	-0.290713	-0.260897	-0.259542	-0.306938	-0.221862	-0.230216	-0.241078	-0.250104	-0.280026	-0.273061	-0.237467	-0.269887	-0.305	-0.254394	-0.257802	-0.22892	-0.237498	-0.234089	-0.262997	-0.262434	-0.244657	-0.256204	-0.21607	-0.259782	-0.268393	-0.271049	-0.266139	-0.289256	-0.273548	-0.199783	-0.325662	-0.208204	-0.240804	-0.24121	-0.295974	-0.23361	-0.282529	-0.235341	-0.248333	-0.306751	-0.29544	-0.285693	-0.285495	-0.264949	-0.286152	-0.204615	-0.229481	-0.218288	-0.250155	-0.300826	-0.243937	-0.31388	-0.221458	-0.279958	-0.229767	-0.200947	-0.240483	-0.230507	-0.262155	-0.251392	-0.2755	-0.270002	-0.253804	-0.261114	-0.251015	-0.254366	-0.286144	-0.279213	-0.285379	-0.284667	-0.169494	-0.217298	-0.278611	-0.292245	-0.203894	-0.233693	-0.299694	-0.266116	-0.276627	-0.299619	-0.285641	-0.212979	-0.264273	-0.251373	-0.243288	-0.305521	-0.240188	-0.233774	-0.343373	-0.278805	-0.247649	-0.275777	-0.240081	-0.274817	-0.239082	-0.249564	-0.243156	-0.26275	-0.256915	-0.281283	-0.296703	-0.263048	-0.224809	-0.319828	-0.275606	-0.317708	-0.258828	-0.302868	-0.196056	-0.239764	-0.258024	-0.269334	-0.272289	-0.266934	-0.290064	-0.21806	-0.257145	-0.244254	-0.191666	-0.211626	-0.237467	-0.333013	-0.257802	-0.137852	-0.237439	-0.167349	-0.212979	-0.128531	-0.238707	-0.274443	-0.237467	-0.253527	-0.29214	-0.346746	-0.278714	-0.346746	-0.295974	-0.247547	-0.237467	-0.31558	-0.179928	-0.292083	-0.298544	-0.274443	-0.193944	-0.270664	-0.217603	-0.323495	-0.255489	-0.224809	-0.281077	-0.302537	-0.280103	-0.185485	-0.247503	-0.237306	-0.199508	-0.279878	-0.345498	-0.24417	-0.257802	-0.296562	-0.232198	-0.202818	-0.277279	-0.294612	-0.238342	-0.256439	-0.294478	-0.237467	-0.288968	-0.167896	-0.143824	-0.239345	-0.292025	-0.209264	-0.235376	-0.284309	-0.220911	-0.272787	-0.20818	-0.292083	-0.155147	-0.239144	-0.298798	-0.266142	-0.317701	-0.179928	-0.16328	-0.298544	-0.24678	-0.261443	-0.264463	-0.260595	-0.261186	-0.266994	-0.220575	-0.256569	-0.271472	-0.240167	-0.170997	-0.172239	-0.212974	-0.267322	-0.248789	-0.246695	-0.298975	-0.237467	-0.20818	-0.283507	-0.277802	-0.309628	-0.169494	-0.314348	-0.24417	-0.309628	-0.224809	-0.24417	-0.278408	-0.261186	-0.231869	-0.232835	-0.237439	-0.246033	-0.248646	-0.244775	-0.235673	-0.228893	-0.234714	-0.257802	-0.246226	-0.233319	-0.312932	-0.271034	-0.295974	-0.20708	-0.251544	-0.303268	-0.237467	-0.245214	-0.269489	-0.199508	-0.17283	-0.289325	-0.292025	-0.238547	-0.298798	-0.246033	-0.220911	-0.29607	-0.206133	-0.306646	-0.302537	-0.256145	-0.277279	-0.237549	-0.169494	-0.256145	-0.308605	-0.271034	-0.283965	-0.287491	-0.238342	-0.220911	-0.264463	-0.247503	-0.285828	-0.296612	-0.314052	-0.269181	-0.219873	-0.278408	-0.159204	-0.237467	-0.296209	-0.228354	-0.283474	-0.31558	-0.247503	-0.180988	-0.251267	-0.313154	-0.293498	-0.313883	-0.24678	-0.313883	-0.241033	-0.252643	-0.222634	-0.312002	-0.256439	-0.167896	-0.234083	-0.317708	-0.25522	-0.292083	-0.27161	-0.299064	-0.220911	-0.25067	-0.172239	-0.281644	-0.263091	-0.297159	-0.266994	-0.299619	-0.276225	-0.19775	-0.237467	-0.296845	-0.271034	-0.225468	-0.340054	-0.281135	-0.240711	-0.309628	-0.24417	-0.196427	-0.248789
21000	intercept	0.319957	0.292468	0.34729	0.301536	0.329711	0.2585	0.283989	0.359261	0.317574	0.370064	0.350977	0.238802	0.347014	0.311017	0.290352	0.302755	0.304278	0.344958	0.311945	0.328687	0.29222	0.315724	0.362517	0.311653	0.289276	0.241982	0.296686	0.323692	0.245662	0.280295	0.326381	0.328682	0.266871	0.36404	0.28748	0.33253	0.371481	0.295188	0.356517	0.320862	0.259161	0.33729	0.324813	0.27557	0.319602	0.294157	0.354597	0.27406	0.325992	0.342669	0.336987	0.283777	0.335794	0.242149	0.328831	0.319789	0.327805	0.310059	0.30202	0.323465	0.320586	0.289581	0.306451	0.242094	0.36147	0.364132	0.297704	0.327692	0.299474	0.303627	0.293698	0.272435	0.337354	0.324481	0.302999	0.363679	0.322679	0.341529	0.32119	0.303765	0.29151	0.317992	0.297785	0.300524	0.341538	0.260934	0.283467	0.297428	0.338467	0.318819	0.336955	0.298609	0.332978	0.330334	0.299209	0.277468	0.279361	0.289032	0.303039	0.30963	0.333087	0.323535	0.354717	0.289532	0.307978	0.334112	0.348882	0.324494	0.341789	0.302782	0.293322	0.343804	0.278219	0.297097	0.326817	0.318598	0.274229	0.325211	0.318636	0.310418	0.351476	0.326145	0.339489	0.312873	0.307211	0.32013	0.320424	0.265791	0.246924	0.296241	0.322053	0.311531	0.339555	0.292371	0.313183	0.305104	0.273401	0.3201	0.293178	0.330323	0.311152	0.340896	0.316209	0.292776	0.295695	0.301429	0.317141	0.318449	0.362577	0.336016	0.355273	0.312054	0.277479	0.326073	0.334886	0.24325	0.267347	0.317901	0.340443	0.319852	0.363462	0.319769	0.293239	0.321979	0.33784	0.298845	0.342908	0.277151	0.355042	0.356476	0.377977	0.328802	0.308824	0.300019	0.356876	0.298003	0.318346	0.321102	0.322286	0.297552	0.309565	0.361382	0.342666	0.281346	0.329796	0.31833	0.363462	0.313109	0.296905	0.275576	0.288945	0.32658	0.313301	0.31849	0.328558	0.338925	0.302308	0.318115	0.29972	0.261206	0.300206	0.298609	0.33462	0.26131	0.231553	0.278266	0.257791	0.279946	0.262164	0.344255	0.39552	0.298609	0.277173	0.363462	0.338097	0.323922	0.338097	0.325173	0.272679	0.321143	0.350129	0.25635	0.334133	0.350104	0.377977	0.278261	0.343352	0.287867	0.370364	0.301429	0.296898	0.31387	0.336987	0.314468	0.269063	0.292324	0.301016	0.27323	0.343352	0.355196	0.270775	0.277116	0.339668	0.335698	0.237406	0.377977	0.374464	0.359261	0.31518	0.346327	0.298609	0.330283	0.25549	0.231553	0.301898	0.312207	0.238071	0.290352	0.29983	0.259161	0.347014	0.274509	0.334133	0.261807	0.251132	0.308214	0.338054	0.338607	0.25635	0.289567	0.350104	0.290043	0.313879	0.320087	0.294482	0.356814	0.294157	0.250478	0.328176	0.366295	0.258097	0.247561	0.25501	0.241738	0.320001	0.300299	0.313672	0.339931	0.298609	0.274509	0.338685	0.356434	0.331899	0.305351	0.370595	0.270775	0.331899	0.296898	0.280855	0.314468	0.356814	0.259161	0.285448	0.292765	0.304215	0.301016	0.344255	0.327827	0.279361	0.300299	0.277116	0.291991	0.286749	0.33344	0.324481	0.325173	0.238071	0.301529	0.318598	0.298609	0.280855	0.342273	0.269063	0.242354	0.359036	0.312207	0.290352	0.333743	0.286877	0.26557	0.320855	0.227339	0.35967	0.336987	0.330165	0.377977	0.301429	0.299912	0.304231	0.325173	0.350173	0.3432	0.339096	0.359261	0.259161	0.326348	0.301016	0.339931	0.31753	0.326504	0.352329	0.296143	0.314468	0.25549	0.298609	0.360899	0.297704	0.377977	0.34866	0.283357	0.221035	0.342161	0.339488	0.326962	0.33886	0.291991	0.339489	0.312241	0.297704	0.282315	0.36706	0.309255	0.243722	0.342894	0.363462	0.274714	0.334133	0.304215	0.352609	0.259161	0.311673	0.256349	0.309302	0.356666	0.361948	0.294157	0.363462	0.338431	0.264647	0.298609	0.320678	0.324481	0.300206	0.370364	0.377977	0.307681	0.331899	0.284323	0.241982	0.300299
22000	slope	-0.263377	-0.237746	-0.224261	-0.222321	-0.209674	-0.2127	-0.251118	-0.324731	-0.246009	-0.332374	-0.275987	-0.250184	-0.223293	-0.247331	-0.224478	-0.207668	-0.214615	-0.248903	-0.199785	-0.214382	-0.239002	-0.199197	-0.273438	-0.263497	-0.28614	-0.219278	-0.238681	-0.223714	-0.29036	-0.22148	-0.222638	-0.263847	-0.230572	-0.250928	-0.260876	-0.325932	-0.302757	-0.251064	-0.2239	-0.244359	-0.294238	-0.295017	-0.27381	-0.253611	-0.239622	-0.252188	-0.283652	-0.235643	-0.220987	-0.223403	-0.224227	-0.260164	-0.273673	-0.208908	-0.20725	-0.23924	-0.229062	-0.312996	-0.181092	-0.268833	-0.210138	-0.230194	-0.230236	-0.261631	-0.248774	-0.282385	-0.260074	-0.239121	-0.185168	-0.209442	-0.192159	-0.244518	-0.193093	-0.262553	-0.193426	-0.289818	-0.26981	-0.241675	-0.249145	-0.243897	-0.260903	-0.283176	-0.254776	-0.199086	-0.220302	-0.222067	-0.203627	-0.29523	-0.291802	-0.22559	-0.288238	-0.21053	-0.270382	-0.260638	-0.225528	-0.280958	-0.254116	-0.239322	-0.260488	-0.23159	-0.222517	-0.248191	-0.293875	-0.217741	-0.229759	-0.207895	-0.236517	-0.254273	-0.241324	-0.290068	-0.249831	-0.227442	-0.220917	-0.226315	-0.256419	-0.237617	-0.263799	-0.260476	-0.260944	-0.265713	-0.288086	-0.205602	-0.263688	-0.249589	-0.223865	-0.268904	-0.250329	-0.269241	-0.186591	-0.281419	-0.302174	-0.224925	-0.281781	-0.236851	-0.227273	-0.273001	-0.2271	-0.244461	-0.295066	-0.261255	-0.177679	-0.269509	-0.219838	-0.191713	-0.254313	-0.232705	-0.297045	-0.228349	-0.204487	-0.215304	-0.244818	-0.269241	-0.220964	-0.267753	-0.221021	-0.269475	-0.218385	-0.234382	-0.229861	-0.254506	-0.282069	-0.211956	-0.240443	-0.244702	-0.229595	-0.262571	-0.226385	-0.253563	-0.244709	-0.23844	-0.228935	-0.260095	-0.234201	-0.267444	-0.216638	-0.245822	-0.270442	-0.258882	-0.252221	-0.214639	-0.240616	-0.255258	-0.255211	-0.237746	-0.253484	-0.270155	-0.229524	-0.2565	-0.266977	-0.21815	-0.230063	-0.25123	-0.25591	-0.22559	-0.253742	-0.249066	-0.233902	-0.265866	-0.226664	-0.207407	-0.261302	-0.223413	-0.245202	-0.186591	-0.237103	-0.186591	-0.207988	-0.177679	-0.237746	-0.325932	-0.243181	-0.239172	-0.254283	-0.303303	-0.239172	-0.205855	-0.186591	-0.250568	-0.246794	-0.237091	-0.260773	-0.223323	-0.20061	-0.267968	-0.237313	-0.245202	-0.186591	-0.237286	-0.242754	-0.279583	-0.235333	-0.282269	-0.21795	-0.227032	-0.258512	-0.251673	-0.2239	-0.201407	-0.249062	-0.237746	-0.293032	-0.240459	-0.257692	-0.250103	-0.304029	-0.242414	-0.242872	-0.221436	-0.243423	-0.245202	-0.312328	-0.26767	-0.272834	-0.237286	-0.311667	-0.251086	-0.277571	-0.254283	-0.312003	-0.254283	-0.235542	-0.231905	-0.296428	-0.242928	-0.209683	-0.184069	-0.224698	-0.219124	-0.256272	-0.206761	-0.220584	-0.23265	-0.256272	-0.254283	-0.2239	-0.199291	-0.242928	-0.227032	-0.177679	-0.243181	-0.254283	-0.214639	-0.266221	-0.244102	-0.23265	-0.231905	-0.221689	-0.3007	-0.250568	-0.213276	-0.270238	-0.250103	-0.213124	-0.212617	-0.282746	-0.237746	-0.206895	-0.340644	-0.269849	-0.323911	-0.250103	-0.237746	-0.279282	-0.259838	-0.296428	-0.232441	-0.2239	-0.220302	-0.264039	-0.209683	-0.282746	-0.203583	-0.255883	-0.206761	-0.231709	-0.283843	-0.198545	-0.184405	-0.287474	-0.232441	-0.282655	-0.291802	-0.206174	-0.227708	-0.197416	-0.268543	-0.276447	-0.15993	-0.282269	-0.209375	-0.287775	-0.25735	-0.224698	-0.221436	-0.221436	-0.223057	-0.254283	-0.281419	-0.232515	-0.244342	-0.302442	-0.227708	-0.244009	-0.315045	-0.26449	-0.235333	-0.224698	-0.20026	-0.246147	-0.240748	-0.221772	-0.218586	-0.18837	-0.234776	-0.230745	-0.224698	-0.221045	-0.2239	-0.199545	-0.204444	-0.217412	-0.267968	-0.269745	-0.223323	-0.231709	-0.174129	-0.2239	-0.290314	-0.254009	-0.213124	-0.26391	-0.201501	-0.279583	-0.312328	-0.295636	-0.231472	-0.26391	-0.198545	-0.221689	-0.244937	-0.2239	-0.226276	-0.235892	-0.237746	-0.197626	-0.273563	-0.244008	-0.247157	-0.280107	-0.227032	-0.273915	-0.198578	-0.240459	-0.294751	-0.224698	-0.209375	-0.279327	-0.213276	-0.227032	-0.325932
22000	intercept	0.331161	0.296822	0.283321	0.280217	0.212727	0.285641	0.285641	0.353269	0.319838	0.328749	0.320855	0.298411	0.304138	0.32749	0.280077	0.287084	0.292311	0.295498	0.262774	0.298907	0.319814	0.249014	0.31702	0.294365	0.324406	0.267148	0.287756	0.277353	0.321557	0.267571	0.322415	0.327287	0.30476	0.292394	0.341085	0.336273	0.353071	0.326744	0.302191	0.299208	0.342368	0.29944	0.310386	0.314893	0.325171	0.293159	0.33943	0.305317	0.279561	0.274345	0.287326	0.310499	0.32625	0.277904	0.28916	0.31492	0.291938	0.33823	0.244554	0.306956	0.272627	0.310273	0.275601	0.327492	0.314475	0.314583	0.310214	0.300315	0.285139	0.281358	0.260908	0.316065	0.30753	0.313297	0.262677	0.326433	0.335561	0.299292	0.304142	0.305737	0.329031	0.343925	0.294731	0.268318	0.296822	0.283556	0.250151	0.339172	0.337861	0.30354	0.346941	0.271141	0.31392	0.333423	0.268648	0.327694	0.290948	0.301754	0.302608	0.30111	0.277734	0.299594	0.341722	0.299386	0.29673	0.269015	0.29411	0.302795	0.300345	0.35619	0.30038	0.281941	0.28688	0.325565	0.314437	0.303703	0.315141	0.305027	0.26403	0.331464	0.34867	0.299023	0.323573	0.302106	0.280031	0.329011	0.319583	0.310335	0.228518	0.305033	0.346536	0.294104	0.309287	0.298863	0.279344	0.326966	0.292456	0.311907	0.339039	0.320756	0.208339	0.327287	0.281276	0.267571	0.323889	0.286487	0.31639	0.315901	0.259193	0.257657	0.30202	0.312147	0.256866	0.338307	0.317361	0.319379	0.297352	0.314583	0.284285	0.324815	0.342002	0.255428	0.301427	0.311187	0.269625	0.310692	0.299069	0.303872	0.303593	0.303194	0.30646	0.317214	0.291799	0.331102	0.286155	0.29554	0.297771	0.307247	0.331391	0.295601	0.288003	0.312435	0.314809	0.303205	0.313001	0.326693	0.314899	0.311488	0.305365	0.297217	0.304571	0.327732	0.310641	0.303485	0.313961	0.317347	0.302581	0.300909	0.312592	0.313688	0.318619	0.262916	0.295973	0.239822	0.301648	0.240054	0.267408	0.208339	0.32202	0.336273	0.312433	0.337522	0.321479	0.333854	0.337522	0.277787	0.240054	0.298637	0.312433	0.316713	0.330149	0.281989	0.288576	0.341172	0.326981	0.301066	0.228518	0.295635	0.332663	0.348863	0.289015	0.329772	0.303832	0.303832	0.324461	0.310365	0.307776	0.290473	0.323821	0.296822	0.328882	0.284543	0.301516	0.280926	0.335147	0.340566	0.291611	0.269886	0.313261	0.295973	0.362851	0.326543	0.290156	0.295635	0.326323	0.27059	0.355815	0.321479	0.379954	0.321479	0.289471	0.323871	0.342061	0.304046	0.26791	0.29286	0.278203	0.260896	0.316713	0.320285	0.318314	0.28834	0.316713	0.321479	0.307776	0.250476	0.314181	0.303832	0.208339	0.312433	0.321479	0.308403	0.319292	0.292717	0.287434	0.323871	0.276286	0.338332	0.295306	0.292738	0.34303	0.280926	0.257764	0.257919	0.337861	0.312359	0.277134	0.336273	0.320085	0.358787	0.280926	0.286795	0.357066	0.326981	0.317165	0.315019	0.307541	0.296822	0.331067	0.26791	0.337861	0.295601	0.288969	0.320959	0.303809	0.341986	0.240054	0.230282	0.308022	0.298181	0.361604	0.337861	0.304592	0.311471	0.275388	0.322364	0.373929	0.242447	0.329772	0.270119	0.308443	0.300403	0.278203	0.281202	0.270616	0.280031	0.330674	0.291033	0.285298	0.301516	0.31639	0.311471	0.299012	0.337778	0.320464	0.288802	0.270119	0.285301	0.307624	0.353239	0.32285	0.295615	0.221384	0.326623	0.287434	0.278203	0.280031	0.303832	0.250476	0.282828	0.303598	0.326543	0.322694	0.281989	0.303809	0.311252	0.305674	0.347033	0.311605	0.261416	0.302216	0.270757	0.34303	0.362851	0.323848	0.289605	0.302216	0.240054	0.276286	0.288686	0.307776	0.275817	0.316713	0.288647	0.26791	0.357066	0.332187	0.312078	0.321479	0.307422	0.340578	0.270119	0.292253	0.333815	0.278203	0.270119	0.326543	0.292738	0.303832	0.337778
23000	slope	-0.269311	-0.199874	-0.277238	-0.213782	-0.200738	-0.271863	-0.173281	-0.221872	-0.283796	-0.227201	-0.281117	-0.249245	-0.24049	-0.253195	-0.148733	-0.185903	-0.253727	-0.240769	-0.313365	-0.26445	-0.171099	-0.295103	-0.207346	-0.277572	-0.184107	-0.29652	-0.267464	-0.226397	-0.220401	-0.246653	-0.243519	-0.261165	-0.231783	-0.282621	-0.250997	-0.249368	-0.256671	-0.19931	-0.273128	-0.240322	-0.219585	-0.200363	-0.182239	-0.278093	-0.257661	-0.180851	-0.21666	-0.189428	-0.265661	-0.226687	-0.25571	-0.241858	-0.274229	-0.286025	-0.206345	-0.23395	-0.214727	-0.229235	-0.244782	-0.173232	-0.276392	-0.191626	-0.198812	-0.24752	-0.250042	-0.244667	-0.228831	-0.286192	-0.243064	-0.284035	-0.157925	-0.223269	-0.218793	-0.252547	-0.279521	-0.285722	-0.243902	-0.256307	-0.297077	-0.241523	-0.246719	-0.239709	-0.237396	-0.220859	-0.299727	-0.24789	-0.221218	-0.249063	-0.236369	-0.210529	-0.236243	-0.267802	-0.263996	-0.212426	-0.264321	-0.283519	-0.19394	-0.266428	-0.199018	-0.190793	-0.263317	-0.263405	-0.202268	-0.252358	-0.226454	-0.201652	-0.218746	-0.196917	-0.248968	-0.287457	-0.248161	-0.229642	-0.209282	-0.212752	-0.208465	-0.182325	-0.200967	-0.239006	-0.293798	-0.173606	-0.267034	-0.17155	-0.237642	-0.205892	-0.214155	-0.281386	-0.269063	-0.213593	-0.234717	-0.200424	-0.167543	-0.260924	-0.220147	-0.216727	-0.229787	-0.186823	-0.265665	-0.241736	-0.202191	-0.206583	-0.298807	-0.287789	-0.268821	-0.272325	-0.240013	-0.256905	-0.256784	-0.201388	-0.269621	-0.279175	-0.217897	-0.191947	-0.226587	-0.244996	-0.281122	-0.188905	-0.28976	-0.248596	-0.197026	-0.19604	-0.255296	-0.217033	-0.226002	-0.212065	-0.167465	-0.211329	-0.203621	-0.246698	-0.25956	-0.237968	-0.232642	-0.173247	-0.281486	-0.155967	-0.220212	-0.262854	-0.258095	-0.196146	-0.246958	-0.221947	-0.227931	-0.277797	-0.210585	-0.262478	-0.250567	-0.243918	-0.223949	-0.283606	-0.227791	-0.250535	-0.20043	-0.212703	-0.237215	-0.257687	-0.201956	-0.265067	-0.225128	-0.261301	-0.310204	-0.233076	-0.27169	-0.198096	-0.28185	-0.173232	-0.268952	-0.22677	-0.189921	-0.188312	-0.236089	-0.263487	-0.261858	-0.193038	-0.257679	-0.281122	-0.173232	-0.263996	-0.287963	-0.272074	-0.182517	-0.148899	-0.21393	-0.253787	-0.275688	-0.220542	-0.245754	-0.198096	-0.214226	-0.228306	-0.270837	-0.284072	-0.284072	-0.27571	-0.179689	-0.32342	-0.28185	-0.2835	-0.257572	-0.249378	-0.188568	-0.145375	-0.254215	-0.167355	-0.272074	-0.157925	-0.238874	-0.219484	-0.22931	-0.196718	-0.257021	-0.279553	-0.313365	-0.276335	-0.228003	-0.317016	-0.295103	-0.268952	-0.220278	-0.212611	-0.189921	-0.290507	-0.244362	-0.249378	-0.200417	-0.283519	-0.265661	-0.284072	-0.216231	-0.249013	-0.158171	-0.257679	-0.281122	-0.170619	-0.148298	-0.272325	-0.173232	-0.283519	-0.257572	-0.206583	-0.194933	-0.171298	-0.158986	-0.186498	-0.196971	-0.273469	-0.28185	-0.249378	-0.220212	-0.200363	-0.28185	-0.239403	-0.225929	-0.263236	-0.167355	-0.17112	-0.220456	-0.200417	-0.282257	-0.165679	-0.28185	-0.149177	-0.276335	-0.246168	-0.168287	-0.286192	-0.158171	-0.282257	-0.257572	-0.16434	-0.152822	-0.239702	-0.263236	-0.283519	-0.249119	-0.148298	-0.232167	-0.201386	-0.224509	-0.238329	-0.165679	-0.275557	-0.245754	-0.17112	-0.286192	-0.242849	-0.242641	-0.29103	-0.167355	-0.272074	-0.182219	-0.194933	-0.171955	-0.249378	-0.262246	-0.28185	-0.272543	-0.20641	-0.201785	-0.162542	-0.271617	-0.254729	-0.196718	-0.165679	-0.218633	-0.269621	-0.252256	-0.163731	-0.196718	-0.178743	-0.17336	-0.276335	-0.194898	-0.167355	-0.226353	-0.313365	-0.287485	-0.159946	-0.269108	-0.188312	-0.239633	-0.238874	-0.229555	-0.230701	-0.280011	-0.286256	-0.202256	-0.241638	-0.180456	-0.257679	-0.265661	-0.29511	-0.207671	-0.245719	-0.249013	-0.285239	-0.187724	-0.205543	-0.24774	-0.219012	-0.303102	-0.263996	-0.249013	-0.184187	-0.263236	-0.250877	-0.121842	-0.241208	-0.217454	-0.238874	-0.286025	-0.205106	-0.194933	-0.216722	-0.221835	-0.280383	-0.283519	-0.263236	-0.252958	-0.236089	-0.143037	-0.197761
23000	intercept	0.347595	0.26443	0.326051	0.309547	0.28221	0.315939	0.235582	0.279364	0.315524	0.311678	0.322876	0.313121	0.2707	0.32625	0.218996	0.290439	0.30475	0.281651	0.315336	0.328327	0.259832	0.388501	0.271299	0.322961	0.236564	0.341881	0.319402	0.307353	0.276591	0.308321	0.306689	0.341182	0.292908	0.328736	0.294756	0.286887	0.323278	0.2601	0.309548	0.29243	0.272192	0.248018	0.242159	0.329824	0.313644	0.278647	0.276751	0.236839	0.309237	0.256054	0.310171	0.266045	0.296	0.278132	0.280077	0.331014	0.300826	0.257938	0.302849	0.236299	0.329745	0.293433	0.242238	0.281243	0.287749	0.302658	0.327028	0.334331	0.329558	0.313096	0.214875	0.279732	0.263713	0.299511	0.311905	0.327409	0.290319	0.340744	0.313841	0.3134	0.311378	0.292199	0.303453	0.267331	0.33384	0.270311	0.275649	0.30266	0.299122	0.264796	0.291984	0.353066	0.311501	0.303923	0.315138	0.316724	0.256033	0.334266	0.275744	0.278003	0.322213	0.30535	0.249883	0.273533	0.281888	0.248551	0.264501	0.254249	0.286728	0.333314	0.277194	0.312273	0.258692	0.2607	0.282368	0.246511	0.247764	0.288254	0.331001	0.239948	0.305218	0.225998	0.303874	0.257588	0.247685	0.315813	0.330519	0.283672	0.305629	0.2411	0.219172	0.328003	0.285803	0.292396	0.281618	0.282669	0.287443	0.293093	0.312431	0.213145	0.352187	0.357381	0.308523	0.320382	0.278297	0.295812	0.310043	0.281024	0.33423	0.299997	0.27505	0.303312	0.266565	0.282677	0.35669	0.222522	0.402985	0.31356	0.246546	0.225998	0.289294	0.277039	0.310083	0.272837	0.241339	0.291648	0.250774	0.311765	0.310826	0.28171	0.299634	0.207546	0.335962	0.253142	0.315407	0.336685	0.283518	0.263817	0.319225	0.282345	0.275436	0.324762	0.30275	0.307872	0.282008	0.302052	0.301152	0.321768	0.306557	0.303858	0.271194	0.266343	0.288245	0.312684	0.273881	0.330429	0.284345	0.296789	0.340759	0.282371	0.312361	0.203825	0.307663	0.236299	0.283921	0.276573	0.303876	0.267002	0.280466	0.291892	0.333579	0.267002	0.32045	0.344256	0.245441	0.295033	0.303916	0.330519	0.219172	0.222941	0.232958	0.324315	0.317138	0.28444	0.302509	0.203825	0.240182	0.276573	0.330519	0.327424	0.327424	0.330172	0.218404	0.349532	0.315234	0.293892	0.311984	0.339281	0.217534	0.233543	0.299771	0.283344	0.329807	0.214875	0.300342	0.289952	0.321609	0.251587	0.310054	0.328438	0.320102	0.372687	0.319442	0.299185	0.388501	0.283921	0.303969	0.310603	0.303876	0.306365	0.343176	0.325251	0.22471	0.316724	0.315119	0.32554	0.280035	0.310849	0.280821	0.32045	0.338276	0.222334	0.223283	0.303087	0.245441	0.316724	0.323645	0.213145	0.244015	0.281993	0.276714	0.3009	0.247097	0.303418	0.307663	0.329525	0.315407	0.248018	0.315234	0.269932	0.289103	0.318585	0.283344	0.219172	0.30082	0.22471	0.324449	0.223582	0.315234	0.276714	0.3419	0.300364	0.222199	0.336798	0.280821	0.338692	0.313908	0.236252	0.280821	0.291879	0.336462	0.316724	0.304397	0.215606	0.270467	0.298696	0.263186	0.339281	0.236723	0.328733	0.27887	0.219172	0.336798	0.327028	0.327028	0.32626	0.283344	0.336713	0.225998	0.244015	0.235885	0.339281	0.352639	0.315234	0.310996	0.258054	0.244015	0.313876	0.317941	0.307662	0.24933	0.236723	0.210834	0.341448	0.309237	0.249085	0.232185	0.293107	0.233375	0.3419	0.225998	0.283344	0.306246	0.320102	0.333888	0.223283	0.302814	0.267002	0.306689	0.291561	0.306689	0.279306	0.305945	0.299185	0.235408	0.303969	0.315467	0.32045	0.309237	0.312919	0.263705	0.299771	0.302814	0.306303	0.267002	0.249085	0.319065	0.283619	0.370341	0.294548	0.310849	0.273106	0.34584	0.348813	0.295386	0.338107	0.308736	0.2955	0.294147	0.24933	0.217031	0.303696	0.276921	0.330519	0.300092	0.318585	0.294278	0.280466	0.222982	0.248018
24000	slope	-0.228572	-0.206825	-0.246463	-0.212139	-0.2093	-0.261675	-0.233728	-0.28039	-0.288811	-0.232145	-0.255769	-0.22807	-0.17743	-0.219585	-0.209211	-0.218689	-0.254872	-0.240535	-0.289144	-0.190535	-0.240784	-0.302105	-0.226819	-0.149935	-0.253961	-0.270207	-0.283504	-0.222802	-0.225987	-0.218517	-0.249644	-0.233889	-0.244494	-0.253556	-0.261493	-0.219358	-0.268415	-0.236668	-0.266937	-0.215635	-0.228417	-0.251714	-0.278021	-0.242291	-0.223425	-0.265383	-0.285193	-0.229954	-0.210426	-0.229465	-0.226449	-0.288811	-0.151614	-0.282068	-0.308373	-0.237858	-0.216513	-0.26459	-0.27216	-0.298021	-0.30135	-0.248978	-0.229239	-0.220193	-0.215347	-0.268079	-0.179525	-0.20705	-0.209367	-0.285225	-0.248074	-0.234944	-0.286903	-0.208229	-0.300349	-0.24437	-0.272288	-0.251353	-0.265845	-0.241644	-0.227513	-0.270355	-0.220755	-0.284812	-0.289622	-0.229233	-0.26838	-0.214102	-0.22814	-0.179525	-0.228421	-0.225903	-0.252902	-0.2416	-0.270986	-0.25406	-0.252718	-0.276532	-0.249456	-0.239167	-0.187543	-0.2685	-0.257134	-0.274233	-0.24412	-0.2746	-0.247246	-0.234261	-0.232324	-0.233728	-0.255429	-0.26349	-0.29227	-0.217667	-0.203848	-0.263307	-0.277908	-0.291211	-0.275224	-0.295475	-0.221057	-0.194741	-0.220302	-0.218486	-0.273719	-0.23864	-0.266049	-0.205983	-0.230018	-0.237511	-0.238794	-0.280008	-0.252616	-0.211383	-0.184236	-0.2779	-0.255043	-0.260743	-0.281096	-0.258204	-0.298721	-0.244976	-0.227431	-0.238079	-0.291419	-0.254421	-0.19245	-0.224268	-0.258075	-0.204536	-0.239375	-0.264058	-0.23383	-0.178996	-0.21937	-0.236892	-0.246946	-0.265009	-0.205707	-0.303624	-0.220234	-0.245313	-0.217557	-0.228977	-0.245025	-0.21605	-0.283032	-0.249642	-0.241365	-0.218141	-0.260607	-0.231694	-0.252808	-0.234991	-0.248985	-0.2341	-0.232879	-0.238373	-0.252866	-0.248262	-0.260101	-0.250786	-0.235925	-0.260123	-0.279453	-0.273828	-0.251783	-0.245853	-0.295	-0.226901	-0.223427	-0.225469	-0.248665	-0.221395	-0.206124	-0.268257	-0.222089	-0.240768	-0.229422	-0.246865	-0.299118	-0.23519	-0.298221	-0.297311	-0.293813	-0.232577	-0.204685	-0.235662	-0.255635	-0.217989	-0.30135	-0.275466	-0.211909	-0.196691	-0.288927	-0.226401	-0.299546	-0.234839	-0.260251	-0.280764	-0.223217	-0.235897	-0.224376	-0.277851	-0.289622	-0.191369	-0.255635	-0.30117	-0.288811	-0.226401	-0.298221	-0.194046	-0.299443	-0.226891	-0.279486	-0.224376	-0.17598	-0.124788	-0.198027	-0.196786	-0.288811	-0.195663	-0.199261	-0.282998	-0.273724	-0.241208	-0.221567	-0.318365	-0.225268	-0.116585	-0.240848	-0.309971	-0.222427	-0.286625	-0.203259	-0.215635	-0.311464	-0.277298	-0.187718	-0.27927	-0.235793	-0.251766	-0.215036	-0.20967	-0.263494	-0.270986	-0.292383	-0.327567	-0.249315	-0.240174	-0.251766	-0.251038	-0.230634	-0.230389	-0.247792	-0.280764	-0.331482	-0.221741	-0.166715	-0.198027	-0.296025	-0.191964	-0.214405	-0.260112	-0.181809	-0.314593	-0.220685	-0.286625	-0.289622	-0.218422	-0.17598	-0.288927	-0.249315	-0.27465	-0.299546	-0.271902	-0.206076	-0.300983	-0.211909	-0.286482	-0.30117	-0.207102	-0.277689	-0.289622	-0.260122	-0.200328	-0.221395	-0.230186	-0.219835	-0.243673	-0.299443	-0.23287	-0.289162	-0.173288	-0.275623	-0.194046	-0.301856	-0.226401	-0.23247	-0.279486	-0.230286	-0.307363	-0.233838	-0.249315	-0.239542	-0.281268	-0.262912	-0.202712	-0.273617	-0.199261	-0.252095	-0.247792	-0.309165	-0.230286	-0.176827	-0.331482	-0.234261	-0.249315	-0.330232	-0.247792	-0.282998	-0.272309	-0.191369	-0.277298	-0.270986	-0.212655	-0.257785	-0.206825	-0.240848	-0.251038	-0.229524	-0.279486	-0.275842	-0.244353	-0.227878	-0.255635	-0.280314	-0.199261	-0.224376	-0.196691	-0.124788	-0.316485	-0.221567	-0.203259	-0.205534	-0.208884	-0.254872	-0.219984	-0.230823	-0.243687	-0.280783	-0.260112	-0.265954	-0.221395	-0.196691	-0.279486	-0.32456	-0.240402	-0.306139	-0.214574	-0.216354	-0.288766	-0.251377	-0.220685	-0.296025	-0.173288	-0.254872	-0.282717	-0.293412	-0.212655	-0.251766	-0.241208	-0.212607	-0.299546	-0.261233	-0.227969	-0.300017	-0.235662	-0.192132	-0.230977
24000	intercept	0.294276	0.274415	0.313288	0.323676	0.291611	0.296778	0.324358	0.327894	0.337801	0.276353	0.290199	0.299692	0.237764	0.296965	0.266728	0.310336	0.298173	0.290372	0.315382	0.257462	0.298353	0.355729	0.297126	0.242625	0.309242	0.323116	0.314777	0.270809	0.272493	0.297958	0.304821	0.288172	0.348318	0.312449	0.333471	0.25505	0.320709	0.291452	0.328376	0.235392	0.284252	0.320079	0.331743	0.306305	0.250667	0.313706	0.334323	0.28814	0.299205	0.309164	0.299045	0.337801	0.231564	0.324498	0.372432	0.303182	0.31472	0.323323	0.30228	0.318478	0.299886	0.308813	0.322553	0.252114	0.244157	0.334608	0.26346	0.286939	0.252985	0.326518	0.33646	0.298495	0.330284	0.290225	0.329033	0.339315	0.314948	0.278294	0.309261	0.271746	0.292182	0.314619	0.304231	0.329958	0.330012	0.294766	0.325116	0.286499	0.289897	0.26346	0.29651	0.280363	0.309438	0.295369	0.341563	0.332463	0.28356	0.317774	0.291526	0.302513	0.26994	0.318434	0.326272	0.323245	0.289479	0.328033	0.303137	0.319649	0.275271	0.323575	0.296221	0.299886	0.315001	0.274478	0.281818	0.313104	0.332678	0.308865	0.346211	0.325682	0.316414	0.264637	0.314399	0.293524	0.281714	0.280093	0.316277	0.274385	0.286383	0.319215	0.299692	0.299214	0.300619	0.252343	0.262646	0.365236	0.292037	0.307742	0.318601	0.315732	0.33733	0.292482	0.324399	0.297146	0.317419	0.301147	0.265432	0.320674	0.306523	0.246029	0.298177	0.296188	0.342386	0.243758	0.288194	0.322731	0.281093	0.347946	0.258233	0.348062	0.299965	0.300523	0.274219	0.304508	0.324056	0.297523	0.327204	0.29426	0.27597	0.319861	0.316044	0.276108	0.294839	0.292183	0.289097	0.289366	0.296073	0.321255	0.344674	0.32192	0.309921	0.288728	0.296675	0.333516	0.324299	0.322338	0.291001	0.330165	0.328502	0.322459	0.292309	0.298287	0.285649	0.265162	0.30182	0.326559	0.289647	0.274019	0.283446	0.290309	0.335884	0.319424	0.356355	0.334089	0.367037	0.303779	0.319861	0.325056	0.342606	0.320503	0.299886	0.331405	0.226375	0.242802	0.31979	0.305402	0.372432	0.256099	0.319928	0.344125	0.280773	0.23848	0.271861	0.340498	0.330012	0.267368	0.319285	0.353144	0.337801	0.308936	0.346171	0.272981	0.362042	0.277215	0.30484	0.271861	0.255716	0.216185	0.234665	0.25721	0.337801	0.265162	0.245178	0.34102	0.320474	0.341683	0.255769	0.340127	0.267545	0.205413	0.278057	0.355824	0.257113	0.30687	0.260004	0.235392	0.336502	0.299525	0.271013	0.316818	0.312101	0.298616	0.308936	0.322295	0.28877	0.341563	0.313544	0.378182	0.32295	0.325056	0.298616	0.316329	0.243236	0.283199	0.332965	0.344125	0.372432	0.337999	0.252035	0.241341	0.328516	0.296993	0.280813	0.31468	0.26678	0.389829	0.276727	0.313848	0.324521	0.28796	0.268884	0.321899	0.328855	0.326438	0.374916	0.31441	0.247402	0.357376	0.238785	0.32058	0.345846	0.30865	0.297441	0.324521	0.325063	0.268205	0.265162	0.301735	0.245178	0.300748	0.362042	0.318853	0.305236	0.244149	0.322998	0.258507	0.346171	0.3237	0.326201	0.305236	0.28532	0.359345	0.277215	0.328553	0.359445	0.287852	0.29181	0.276803	0.300401	0.245178	0.346532	0.332965	0.345846	0.289725	0.274244	0.372432	0.312614	0.319285	0.378182	0.333479	0.346434	0.340498	0.267368	0.330109	0.341563	0.265988	0.319928	0.284359	0.278057	0.316329	0.329059	0.305294	0.346388	0.328855	0.261174	0.299149	0.3234	0.245178	0.271861	0.242802	0.214306	0.332372	0.255769	0.260004	0.252688	0.308609	0.299812	0.316105	0.32543	0.325783	0.33002	0.31468	0.282352	0.265162	0.246297	0.30484	0.343377	0.328147	0.310538	0.244345	0.272167	0.324299	0.295122	0.276727	0.313544	0.244149	0.298173	0.294534	0.326714	0.265988	0.298616	0.341683	0.232421	0.372432	0.324299	0.242035	0.30844	0.325056	0.247341	0.337999
25000	slope	-0.234895	-0.185293	-0.217626	-0.202925	-0.306541	-0.139015	-0.269204	-0.286565	-0.303725	-0.241131	-0.279807	-0.238154	-0.253311	-0.289074	-0.219226	-0.272423	-0.278147	-0.226582	-0.235854	-0.277641	-0.225331	-0.190882	-0.169201	-0.222168	-0.270321	-0.224091	-0.2789	-0.271379	-0.26942	-0.271895	-0.211153	-0.257099	-0.291817	-0.335828	-0.253942	-0.298578	-0.320165	-0.258664	-0.287254	-0.239498	-0.200687	-0.214676	-0.20143	-0.258825	-0.205569	-0.220757	-0.276763	-0.257252	-0.214925	-0.241096	-0.289213	-0.233339	-0.255389	-0.281106	-0.202508	-0.264128	-0.278905	-0.28292	-0.234377	-0.277916	-0.246017	-0.282072	-0.245806	-0.231633	-0.288685	-0.198769	-0.203222	-0.22776	-0.237588	-0.261305	-0.277386	-0.247109	-0.230172	-0.224111	-0.224464	-0.210594	-0.223415	-0.257021	-0.239595	-0.228697	-0.295068	-0.305546	-0.144711	-0.224834	-0.284759	-0.303874	-0.198915	-0.220528	-0.246828	-0.305976	-0.289148	-0.254395	-0.273162	-0.248862	-0.254238	-0.251737	-0.15734	-0.191243	-0.24112	-0.266839	-0.252478	-0.250178	-0.314541	-0.243444	-0.276687	-0.233712	-0.28375	-0.278293	-0.182236	-0.261623	-0.24847	-0.236509	-0.242258	-0.247241	-0.265794	-0.175925	-0.205038	-0.287767	-0.233709	-0.205722	-0.232903	-0.245207	-0.287783	-0.286725	-0.190464	-0.188257	-0.222132	-0.278347	-0.298875	-0.237487	-0.266013	-0.307124	-0.250115	-0.241903	-0.180273	-0.216896	-0.2899	-0.293908	-0.23341	-0.182236	-0.251866	-0.251226	-0.291527	-0.259031	-0.22759	-0.21883	-0.297265	-0.247416	-0.201497	-0.239977	-0.249474	-0.264487	-0.277291	-0.278869	-0.238807	-0.210531	-0.305319	-0.243072	-0.253566	-0.221706	-0.244411	-0.297937	-0.27375	-0.237704	-0.207838	-0.317605	-0.27267	-0.244528	-0.211454	-0.273265	-0.283012	-0.306005	-0.256816	-0.180633	-0.205887	-0.224027	-0.221307	-0.276377	-0.227222	-0.245452	-0.238958	-0.288038	-0.282272	-0.255432	-0.257576	-0.23721	-0.235918	-0.275488	-0.285375	-0.276259	-0.281494	-0.286607	-0.269377	-0.268335	-0.249002	-0.281416	-0.296672	-0.223487	-0.259504	-0.216132	-0.315261	-0.182418	-0.18948	-0.280028	-0.260496	-0.230668	-0.159258	-0.251545	-0.242616	-0.267186	-0.227945	-0.219895	-0.267619	-0.18293	-0.259004	-0.20122	-0.298576	-0.264459	-0.289829	-0.202267	-0.264459	-0.298875	-0.145602	-0.169932	-0.290143	-0.332904	-0.169932	-0.202736	-0.269045	-0.276146	-0.314541	-0.271552	-0.298659	-0.200654	-0.251614	-0.197144	-0.297299	-0.220757	-0.178922	-0.263971	-0.279259	-0.215629	-0.145602	-0.31942	-0.234533	-0.200103	-0.320401	-0.347676	-0.204079	-0.224603	-0.145602	-0.268794	-0.241766	-0.31942	-0.163052	-0.145602	-0.285135	-0.243311	-0.224559	-0.253166	-0.145602	-0.220104	-0.321221	-0.296072	-0.210135	-0.282057	-0.294176	-0.269045	-0.205391	-0.321221	-0.180679	-0.20122	-0.193834	-0.18328	-0.170793	-0.269045	-0.25815	-0.220757	-0.248374	-0.202267	-0.269566	-0.274811	-0.292993	-0.276764	-0.210912	-0.31942	-0.270893	-0.210594	-0.285135	-0.253166	-0.324397	-0.333106	-0.298576	-0.266734	-0.231953	-0.256084	-0.288685	-0.297125	-0.248576	-0.187241	-0.21056	-0.191243	-0.235504	-0.256084	-0.298875	-0.324397	-0.178922	-0.255292	-0.32084	-0.232903	-0.258701	-0.198601	-0.313947	-0.29574	-0.242758	-0.291816	-0.298659	-0.294176	-0.279524	-0.286281	-0.276181	-0.170793	-0.297299	-0.320401	-0.150407	-0.270772	-0.23624	-0.301048	-0.290143	-0.248421	-0.139015	-0.224603	-0.218736	-0.191243	-0.270893	-0.234533	-0.283888	-0.20122	-0.290598	-0.265364	-0.218213	-0.310915	-0.185506	-0.182236	-0.290143	-0.260887	-0.256487	-0.27995	-0.271552	-0.296072	-0.261492	-0.186854	-0.261179	-0.256084	-0.241766	-0.295812	-0.241766	-0.317605	-0.228321	-0.290143	-0.220757	-0.241766	-0.242616	-0.191243	-0.30369	-0.232903	-0.279664	-0.320911	-0.252996	-0.289753	-0.262756	-0.260496	-0.234899	-0.206179	-0.216883	-0.25291	-0.294065	-0.297299	-0.145602	-0.236639	-0.210594	-0.139015	-0.182236	-0.286673	-0.146518	-0.30663	-0.184072	-0.2789	-0.269524	-0.296072	-0.255423	-0.269524	-0.294176	-0.150407	-0.145602	-0.319826	-0.191243	-0.197936	-0.30369	-0.347676
25000	intercept	0.28013	0.263219	0.271018	0.315864	0.387049	0.263883	0.331888	0.346325	0.351419	0.326023	0.332096	0.298832	0.32689	0.316481	0.30082	0.315872	0.322476	0.294173	0.30946	0.374648	0.287764	0.291528	0.258667	0.307495	0.341586	0.29754	0.299733	0.327141	0.352903	0.313799	0.29828	0.316325	0.351195	0.414531	0.27197	0.353707	0.39858	0.332156	0.310958	0.287041	0.271309	0.30853	0.238672	0.297344	0.283778	0.314828	0.320319	0.322082	0.297397	0.303223	0.378188	0.304617	0.294872	0.357458	0.23601	0.321786	0.323684	0.375665	0.284181	0.335493	0.350859	0.315915	0.322666	0.302759	0.3397	0.284089	0.250164	0.313345	0.28741	0.294551	0.335173	0.301802	0.279126	0.311189	0.290676	0.315864	0.281327	0.307105	0.305914	0.276781	0.344839	0.352046	0.263998	0.316761	0.339483	0.314782	0.269285	0.259659	0.326056	0.344039	0.357481	0.307709	0.323531	0.330395	0.321308	0.330712	0.252098	0.246302	0.301906	0.340905	0.282218	0.314364	0.44664	0.314992	0.38521	0.268415	0.371058	0.370016	0.270062	0.306411	0.328666	0.293406	0.317612	0.32422	0.323531	0.239839	0.272795	0.361984	0.290258	0.267137	0.31694	0.318372	0.353257	0.346747	0.262985	0.241888	0.299066	0.361678	0.377027	0.312144	0.300479	0.331658	0.299617	0.310369	0.29332	0.308861	0.311745	0.389572	0.318702	0.270062	0.314658	0.312069	0.322716	0.319177	0.297334	0.294337	0.368332	0.332602	0.292445	0.276432	0.310832	0.33472	0.301723	0.336179	0.298999	0.245906	0.323965	0.299214	0.31339	0.287242	0.323604	0.339967	0.313898	0.29129	0.295063	0.330241	0.31489	0.330195	0.290374	0.356271	0.35303	0.376233	0.308525	0.253853	0.302849	0.321027	0.27141	0.351923	0.326394	0.372668	0.290386	0.364223	0.334898	0.334862	0.314725	0.304504	0.309079	0.332205	0.385244	0.336722	0.375816	0.339448	0.318624	0.328633	0.362437	0.375725	0.339852	0.27886	0.333999	0.330078	0.371112	0.24701	0.249773	0.325889	0.31299	0.309843	0.246466	0.336718	0.350859	0.317605	0.331748	0.321255	0.374648	0.246302	0.306414	0.325573	0.326831	0.31299	0.337127	0.244692	0.31299	0.377027	0.264113	0.262026	0.302301	0.369409	0.262026	0.274511	0.291596	0.277634	0.438254	0.345484	0.358718	0.264413	0.306414	0.322613	0.374648	0.314828	0.29507	0.335456	0.295598	0.267137	0.270648	0.420786	0.314782	0.248038	0.3624	0.391289	0.243071	0.303871	0.270648	0.299733	0.326508	0.420786	0.236828	0.261488	0.329198	0.259725	0.306143	0.281059	0.262768	0.274511	0.427878	0.349199	0.250164	0.323308	0.379482	0.298779	0.241864	0.427878	0.249773	0.325573	0.295459	0.227179	0.230254	0.291596	0.28931	0.314828	0.337287	0.244692	0.33002	0.341394	0.334682	0.288898	0.274511	0.420786	0.384735	0.326479	0.319585	0.281059	0.437396	0.434399	0.332102	0.384735	0.329519	0.303092	0.3397	0.343492	0.34514	0.307276	0.279616	0.24185	0.303871	0.303092	0.36256	0.434399	0.29507	0.323754	0.354381	0.31694	0.339239	0.315054	0.336019	0.332926	0.31694	0.335456	0.358718	0.377027	0.374648	0.310093	0.327466	0.240569	0.374648	0.3624	0.264113	0.337287	0.301476	0.364525	0.304047	0.302648	0.263883	0.303871	0.298429	0.25577	0.384735	0.314782	0.343492	0.303871	0.438254	0.317808	0.273793	0.33028	0.249773	0.270062	0.316732	0.337287	0.29859	0.289016	0.351841	0.352501	0.384384	0.249773	0.33238	0.303092	0.326508	0.322357	0.323754	0.325518	0.312261	0.304047	0.330677	0.326508	0.350859	0.24185	0.36256	0.302536	0.384735	0.323048	0.350859	0.329432	0.350859	0.319586	0.323364	0.245906	0.350313	0.34514	0.334739	0.374648	0.262768	0.331748	0.326479	0.263883	0.270062	0.334469	0.24439	0.38135	0.238558	0.299733	0.366143	0.349199	0.356524	0.366143	0.377027	0.264113	0.259539	0.37626	0.24185	0.248505	0.36256	0.385128
26000	slope	-0.248913	-0.303539	-0.261815	-0.126611	-0.217175	-0.258792	-0.270694	-0.273735	-0.251111	-0.225588	-0.246258	-0.252162	-0.278078	-0.225616	-0.238232	-0.201183	-0.255941	-0.240602	-0.262987	-0.219611	-0.266518	-0.262907	-0.233441	-0.228737	-0.2794	-0.254924	-0.248903	-0.25924	-0.222726	-0.197535	-0.257862	-0.246671	-0.224429	-0.207505	-0.229995	-0.278584	-0.299688	-0.26079	-0.278469	-0.253129	-0.268565	-0.239	-0.194493	-0.224249	-0.246441	-0.222002	-0.272818	-0.211925	-0.273401	-0.249284	-0.252817	-0.250846	-0.30151	-0.278063	-0.248749	-0.225335	-0.196942	-0.22069	-0.260603	-0.274531	-0.273584	-0.278812	-0.255875	-0.23771	-0.297844	-0.20934	-0.275353	-0.218546	-0.27678	-0.227521	-0.249744	-0.253358	-0.209524	-0.250657	-0.238829	-0.233425	-0.183232	-0.270991	-0.254677	-0.217434	-0.230465	-0.227228	-0.240256	-0.239858	-0.211805	-0.239265	-0.236821	-0.239	-0.20491	-0.257506	-0.234645	-0.227885	-0.230233	-0.209488	-0.26277	-0.245011	-0.126611	-0.231051	-0.213923	-0.235664	-0.235564	-0.319615	-0.206874	-0.23205	-0.192141	-0.238922	-0.229407	-0.253837	-0.254117	-0.300041	-0.21093	-0.299115	-0.207683	-0.310362	-0.235526	-0.239882	-0.249066	-0.249323	-0.205	-0.245637	-0.236969	-0.213302	-0.190807	-0.209369	-0.249147	-0.228436	-0.24235	-0.298393	-0.240762	-0.267915	-0.274728	-0.253537	-0.299665	-0.291821	-0.244154	-0.192327	-0.287316	-0.240175	-0.257405	-0.283064	-0.230093	-0.231634	-0.178409	-0.24803	-0.312652	-0.250133	-0.258855	-0.268204	-0.199195	-0.230562	-0.276926	-0.303759	-0.283587	-0.279654	-0.281696	-0.295204	-0.188326	-0.231767	-0.205607	-0.237992	-0.246083	-0.300656	-0.171442	-0.243453	-0.264458	-0.28109	-0.260923	-0.253864	-0.249216	-0.22202	-0.260935	-0.230085	-0.244197	-0.240018	-0.268605	-0.279879	-0.253267	-0.258335	-0.263272	-0.262871	-0.21627	-0.209768	-0.233018	-0.227308	-0.171768	-0.178604	-0.296715	-0.276741	-0.256156	-0.226987	-0.25827	-0.264317	-0.257943	-0.210503	-0.241181	-0.229232	-0.194718	-0.298993	-0.281098	-0.261503	-0.22987	-0.307845	-0.217641	-0.179464	-0.222383	-0.184252	-0.247857	-0.246981	-0.219325	-0.26346	-0.188326	-0.240176	-0.251734	-0.26346	-0.246379	-0.225335	-0.225335	-0.242562	-0.184666	-0.197847	-0.258264	-0.246836	-0.181729	-0.277412	-0.30111	-0.254427	-0.224541	-0.280152	-0.213217	-0.282592	-0.276521	-0.253696	-0.221934	-0.251302	-0.230248	-0.315748	-0.234874	-0.240454	-0.253125	-0.303808	-0.31321	-0.221934	-0.241922	-0.26346	-0.197208	-0.26346	-0.251734	-0.274654	-0.305689	-0.303808	-0.270469	-0.244148	-0.304611	-0.248016	-0.144342	-0.239983	-0.251085	-0.303808	-0.196712	-0.243925	-0.180093	-0.253696	-0.144342	-0.173069	-0.262445	-0.278804	-0.246379	-0.195528	-0.235298	-0.186747	-0.249744	-0.201183	-0.30111	-0.265456	-0.209534	-0.236724	-0.229574	-0.242015	-0.161521	-0.282533	-0.197535	-0.258264	-0.179248	-0.192327	-0.264805	-0.30111	-0.254427	-0.295204	-0.243925	-0.276521	-0.265223	-0.246337	-0.243925	-0.287022	-0.276521	-0.294268	-0.261046	-0.262907	-0.24829	-0.283868	-0.28604	-0.264095	-0.244976	-0.230562	-0.174586	-0.176418	-0.264805	-0.303473	-0.253808	-0.144342	-0.302688	-0.237553	-0.242935	-0.207772	-0.287022	-0.244976	-0.246836	-0.249435	-0.207771	-0.319615	-0.287022	-0.185749	-0.309329	-0.196748	-0.262064	-0.293125	-0.178655	-0.231449	-0.207174	-0.276521	-0.258264	-0.264805	-0.300681	-0.271981	-0.294268	-0.144342	-0.254427	-0.231991	-0.240907	-0.295204	-0.27964	-0.214696	-0.310233	-0.277412	-0.257844	-0.179711	-0.300656	-0.200627	-0.252817	-0.26346	-0.223361	-0.181729	-0.189981	-0.22804	-0.227525	-0.209534	-0.244976	-0.205607	-0.200641	-0.30111	-0.253785	-0.239844	-0.223031	-0.197535	-0.207603	-0.251085	-0.212	-0.30111	-0.248298	-0.249847	-0.300681	-0.233425	-0.21093	-0.211157	-0.277412	-0.319615	-0.247748	-0.242015	-0.319615	-0.277412	-0.168094	-0.19277	-0.307945	-0.25322	-0.237409	-0.214696	-0.222616	-0.248016	-0.326426	-0.197889	-0.291998	-0.303808	-0.179464	-0.237104	-0.244746	-0.303808	-0.199195	-0.264805	-0.222411	-0.264631
26000	intercept	0.323728	0.34722	0.313556	0.240945	0.304773	0.303936	0.319576	0.372382	0.343669	0.305006	0.300736	0.289501	0.352419	0.307158	0.286855	0.295374	0.297109	0.310941	0.272529	0.283249	0.32281	0.335932	0.285751	0.292508	0.346626	0.339874	0.327431	0.311938	0.311449	0.272953	0.32086	0.35119	0.291739	0.302131	0.288389	0.313723	0.360358	0.335941	0.30692	0.301111	0.346513	0.296037	0.266539	0.295669	0.305088	0.278599	0.31695	0.275924	0.345863	0.305202	0.315754	0.277309	0.344873	0.354156	0.298885	0.295659	0.259068	0.260174	0.311149	0.343251	0.374393	0.335842	0.338794	0.297455	0.295406	0.26022	0.307853	0.281019	0.344551	0.279316	0.309831	0.326544	0.249212	0.309718	0.286883	0.280688	0.292055	0.321996	0.318726	0.284719	0.294817	0.274758	0.289935	0.319561	0.272303	0.307481	0.274144	0.281863	0.276392	0.272496	0.313295	0.305954	0.304237	0.277829	0.331158	0.312839	0.240945	0.315653	0.274307	0.297101	0.316223	0.314039	0.280921	0.314229	0.26005	0.289697	0.304379	0.356158	0.305241	0.329324	0.248322	0.340658	0.285315	0.351295	0.345274	0.320885	0.337716	0.325319	0.274625	0.27624	0.32609	0.273996	0.259071	0.241551	0.324104	0.286723	0.30488	0.366119	0.291995	0.342763	0.318436	0.301732	0.331041	0.367877	0.29806	0.295374	0.348028	0.310335	0.330023	0.312691	0.299264	0.299419	0.266159	0.303541	0.333803	0.291738	0.337737	0.354577	0.295374	0.304719	0.312287	0.337331	0.31832	0.350968	0.337222	0.363814	0.259999	0.281123	0.275404	0.305859	0.313467	0.374248	0.269128	0.287156	0.308103	0.342694	0.318736	0.290888	0.29157	0.271802	0.314796	0.289918	0.295066	0.326342	0.335712	0.338913	0.322301	0.310267	0.351213	0.34997	0.257834	0.281623	0.303467	0.281265	0.270832	0.233181	0.372785	0.380972	0.327007	0.306726	0.296816	0.330652	0.325154	0.278433	0.301298	0.283283	0.242512	0.347498	0.342428	0.304646	0.295367	0.370014	0.214407	0.221911	0.299125	0.241806	0.301743	0.310075	0.295891	0.370771	0.272049	0.309831	0.292521	0.36026	0.301562	0.295659	0.299125	0.331749	0.250125	0.232608	0.321441	0.297672	0.258534	0.303572	0.37427	0.306817	0.289447	0.337072	0.308544	0.351692	0.352821	0.362675	0.321509	0.323448	0.347212	0.37427	0.2737	0.306817	0.315063	0.379095	0.312472	0.313852	0.304719	0.370771	0.25627	0.370771	0.292521	0.331964	0.339286	0.392327	0.356078	0.290132	0.388574	0.255999	0.241524	0.302321	0.306937	0.386089	0.271707	0.313121	0.249837	0.36142	0.250501	0.238878	0.322785	0.323505	0.304702	0.252715	0.334883	0.247146	0.309831	0.295374	0.359983	0.315847	0.270312	0.319245	0.276436	0.28857	0.247831	0.35809	0.272953	0.299348	0.253306	0.295374	0.301111	0.373907	0.306817	0.366119	0.285996	0.334452	0.284354	0.27929	0.320507	0.303152	0.345882	0.370582	0.296184	0.335932	0.306817	0.308964	0.337072	0.317432	0.308181	0.304719	0.251684	0.252665	0.301111	0.31873	0.322301	0.246291	0.322625	0.299125	0.289447	0.245682	0.310557	0.317599	0.297672	0.287981	0.266452	0.328321	0.303152	0.253306	0.380154	0.283499	0.304702	0.319519	0.267386	0.271203	0.293334	0.351692	0.296511	0.301111	0.356078	0.304958	0.352861	0.246291	0.306817	0.235957	0.301111	0.366119	0.355167	0.26801	0.321945	0.303152	0.282672	0.269378	0.374248	0.258672	0.315754	0.361022	0.280975	0.258534	0.269378	0.303215	0.287034	0.270312	0.300144	0.282974	0.26096	0.37427	0.296184	0.310149	0.275572	0.272953	0.25473	0.306937	0.238647	0.37427	0.288817	0.315847	0.356078	0.280688	0.249314	0.23597	0.303152	0.328321	0.309188	0.28857	0.328321	0.310669	0.272929	0.26695	0.370472	0.304702	0.332396	0.23597	0.281751	0.255999	0.328045	0.275404	0.37427	0.386089	0.218496	0.304702	0.299125	0.386089	0.295374	0.301111	0.331552	0.275588
27000	slope	-0.253011	-0.260022	-0.216688	-0.257778	-0.206121	-0.292206	-0.256268	-0.235972	-0.223167	-0.285251	-0.251733	-0.234066	-0.280948	-0.282347	-0.228465	-0.257765	-0.256838	-0.237682	-0.267436	-0.283434	-0.231772	-0.218258	-0.269934	-0.27751	-0.278372	-0.246282	-0.256549	-0.292548	-0.243579	-0.259695	-0.275475	-0.239035	-0.239268	-0.29354	-0.256579	-0.309113	-0.223598	-0.237046	-0.30842	-0.263928	-0.250185	-0.258603	-0.231628	-0.22593	-0.249995	-0.223414	-0.257201	-0.215677	-0.196048	-0.266979	-0.268172	-0.251974	-0.269942	-0.260187	-0.24989	-0.267694	-0.279022	-0.266663	-0.279139	-0.262894	-0.280015	-0.201519	-0.218002	-0.230686	-0.272602	-0.234616	-0.284934	-0.256778	-0.251556	-0.256434	-0.258966	-0.182183	-0.277967	-0.274788	-0.278939	-0.298019	-0.264524	-0.227206	-0.259359	-0.262727	-0.227042	-0.26046	-0.239668	-0.256549	-0.248358	-0.265307	-0.280058	-0.243033	-0.261546	-0.252816	-0.269786	-0.258061	-0.235564	-0.276221	-0.269733	-0.199637	-0.273036	-0.253709	-0.233286	-0.222731	-0.235031	-0.26745	-0.265851	-0.280776	-0.25917	-0.266056	-0.259635	-0.236646	-0.240384	-0.248703	-0.25296	-0.212392	-0.258988	-0.277313	-0.235968	-0.263755	-0.260484	-0.236366	-0.269258	-0.233076	-0.229635	-0.25103	-0.273186	-0.204156	-0.287441	-0.274819	-0.248049	-0.238301	-0.285974	-0.249625	-0.2176	-0.242683	-0.286986	-0.239471	-0.257181	-0.280025	-0.197364	-0.26194	-0.281515	-0.281566	-0.236245	-0.252532	-0.250966	-0.215411	-0.271617	-0.281554	-0.249222	-0.295369	-0.260741	-0.271045	-0.281253	-0.294607	-0.230148	-0.253998	-0.194088	-0.244723	-0.318855	-0.285251	-0.277395	-0.284686	-0.324647	-0.257034	-0.263405	-0.240342	-0.251499	-0.237671	-0.237322	-0.237615	-0.244832	-0.238966	-0.267609	-0.217779	-0.262202	-0.306848	-0.230391	-0.273534	-0.254416	-0.236926	-0.266538	-0.274996	-0.255532	-0.29383	-0.243409	-0.315984	-0.279618	-0.285925	-0.26185	-0.252357	-0.293408	-0.243748	-0.238671	-0.246335	-0.258773	-0.223414	-0.244832	-0.238995	-0.276121	-0.230075	-0.280966	-0.255716	-0.212316	-0.237989	-0.304053	-0.28899	-0.300257	-0.278763	-0.19438	-0.214181	-0.27558	-0.246692	-0.268079	-0.251637	-0.280995	-0.211556	-0.326401	-0.170417	-0.267609	-0.264159	-0.274275	-0.19438	-0.269817	-0.281818	-0.178035	-0.2173	-0.316375	-0.210486	-0.257066	-0.243085	-0.293795	-0.273045	-0.235679	-0.320215	-0.230639	-0.244758	-0.210486	-0.312167	-0.237541	-0.30575	-0.257745	-0.266992	-0.263603	-0.233653	-0.264378	-0.26185	-0.263601	-0.252976	-0.27558	-0.243097	-0.249701	-0.319175	-0.316363	-0.283434	-0.214181	-0.272892	-0.305342	-0.243579	-0.259553	-0.18364	-0.326401	-0.243579	-0.27007	-0.2176	-0.240949	-0.274654	-0.194471	-0.294288	-0.186044	-0.190161	-0.285251	-0.219758	-0.266992	-0.228038	-0.178481	-0.227648	-0.263623	-0.30769	-0.240127	-0.242008	-0.274275	-0.312167	-0.266169	-0.305342	-0.219975	-0.267609	-0.257766	-0.293367	-0.200349	-0.206883	-0.250398	-0.276576	-0.236231	-0.270231	-0.250398	-0.324647	-0.297907	-0.305342	-0.252521	-0.26185	-0.266992	-0.242466	-0.325544	-0.235124	-0.19235	-0.239127	-0.199785	-0.263623	-0.188554	-0.27571	-0.25659	-0.259553	-0.263623	-0.257295	-0.265828	-0.19438	-0.258277	-0.19438	-0.316375	-0.226616	-0.242466	-0.300257	-0.219758	-0.192553	-0.238308	-0.23238	-0.252521	-0.178306	-0.281515	-0.278518	-0.243065	-0.185555	-0.208478	-0.185555	-0.25535	-0.222169	-0.217003	-0.244947	-0.210486	-0.188554	-0.251733	-0.178969	-0.285395	-0.263623	-0.242866	-0.178657	-0.214376	-0.242466	-0.304182	-0.261546	-0.2176	-0.2173	-0.252521	-0.250474	-0.219535	-0.302221	-0.293872	-0.254944	-0.297186	-0.250398	-0.181674	-0.29038	-0.263056	-0.264159	-0.242664	-0.186044	-0.244577	-0.235124	-0.301795	-0.263623	-0.248495	-0.274275	-0.227899	-0.274654	-0.280995	-0.32204	-0.242466	-0.188554	-0.26185	-0.30801	-0.25535	-0.227899	-0.277977	-0.242664	-0.178969	-0.261546	-0.267609	-0.253757	-0.228038	-0.317295	-0.266992	-0.253757	-0.228038	-0.188164	-0.252918	-0.23238	-0.249693	-0.228038	-0.293791	-0.276821	-0.320215	-0.255777
27000	intercept	0.290339	0.303835	0.283558	0.295759	0.272286	0.354109	0.34304	0.325858	0.290624	0.320227	0.311816	0.297241	0.335889	0.325908	0.290663	0.307467	0.329101	0.334658	0.338263	0.284297	0.304277	0.296302	0.311108	0.309641	0.313664	0.316301	0.330417	0.325825	0.303922	0.293124	0.334693	0.300137	0.299424	0.325431	0.323718	0.374639	0.286092	0.317374	0.32259	0.327365	0.326766	0.324419	0.297732	0.293698	0.299624	0.275839	0.316462	0.314311	0.278357	0.337113	0.318267	0.341581	0.303584	0.318098	0.300436	0.331027	0.319589	0.337425	0.343678	0.316844	0.353655	0.272803	0.294885	0.290704	0.318477	0.30478	0.333533	0.331247	0.307057	0.296022	0.304852	0.276412	0.334583	0.328464	0.345977	0.320139	0.313665	0.30292	0.305645	0.337694	0.28844	0.320896	0.305813	0.315939	0.317199	0.307379	0.336496	0.281048	0.300845	0.311578	0.312964	0.325222	0.302561	0.330718	0.318111	0.300615	0.302277	0.315477	0.317363	0.271743	0.300259	0.32627	0.303515	0.341691	0.306235	0.317971	0.334122	0.28841	0.294566	0.329625	0.287954	0.281413	0.328653	0.33153	0.30467	0.303624	0.323409	0.295931	0.314206	0.30416	0.299176	0.322303	0.311784	0.272282	0.342837	0.334189	0.330779	0.310012	0.327223	0.293551	0.303591	0.324959	0.341608	0.316214	0.321773	0.337691	0.277482	0.304718	0.337691	0.344205	0.305428	0.301941	0.304493	0.310504	0.316453	0.337278	0.303103	0.347091	0.311042	0.316057	0.337774	0.338471	0.286786	0.329007	0.281073	0.288119	0.353558	0.314778	0.349314	0.323609	0.333026	0.31826	0.319358	0.311332	0.346834	0.300952	0.323527	0.315674	0.31647	0.293322	0.320565	0.290624	0.319052	0.362528	0.273958	0.35184	0.305482	0.286308	0.297072	0.321035	0.32708	0.362213	0.305572	0.362465	0.337049	0.350903	0.286453	0.313511	0.353457	0.307863	0.309855	0.317637	0.325484	0.275839	0.31647	0.309157	0.321541	0.273778	0.343157	0.322342	0.29352	0.334589	0.362486	0.333416	0.335713	0.311422	0.260605	0.281358	0.306414	0.300833	0.312861	0.329488	0.328807	0.303591	0.327784	0.284207	0.3	0.337376	0.322615	0.257838	0.32824	0.309575	0.249003	0.298169	0.369105	0.287689	0.341471	0.327804	0.383666	0.318756	0.334589	0.343863	0.275393	0.341692	0.287689	0.345889	0.321256	0.360603	0.306999	0.322411	0.330169	0.299255	0.323409	0.286453	0.344065	0.317444	0.306414	0.329729	0.298124	0.383593	0.345977	0.284297	0.281358	0.2836	0.358238	0.303922	0.337746	0.249003	0.327784	0.303922	0.307807	0.303591	0.299255	0.337691	0.289743	0.371777	0.286155	0.278524	0.319513	0.288339	0.323569	0.299019	0.303962	0.30254	0.299829	0.337091	0.31099	0.28557	0.322615	0.326695	0.311709	0.358238	0.312311	0.3	0.316317	0.300846	0.297125	0.258156	0.358338	0.323409	0.307911	0.322338	0.344645	0.333026	0.369609	0.358238	0.34728	0.287654	0.335414	0.304869	0.383593	0.314878	0.279559	0.345258	0.285991	0.281349	0.255521	0.34839	0.323409	0.337746	0.29119	0.317444	0.286812	0.257838	0.294317	0.257838	0.372999	0.302393	0.304869	0.335713	0.288339	0.257917	0.304979	0.366935	0.335676	0.25923	0.337691	0.330198	0.31067	0.255521	0.294301	0.255521	0.322004	0.300822	0.287447	0.301242	0.287689	0.251553	0.311816	0.257838	0.337691	0.29119	0.317325	0.282188	0.29904	0.304869	0.358238	0.305277	0.303591	0.298169	0.335676	0.322526	0.272507	0.335113	0.369609	0.324055	0.378182	0.344645	0.280344	0.334845	0.276465	0.337376	0.30906	0.291611	0.330695	0.317325	0.382117	0.281349	0.322338	0.322615	0.275393	0.337691	0.328807	0.372721	0.304869	0.255521	0.302119	0.326695	0.307727	0.275393	0.317919	0.305865	0.257838	0.300845	0.3	0.328121	0.315996	0.336907	0.323569	0.301427	0.299019	0.253311	0.300833	0.366935	0.333747	0.299019	0.372999	0.316452	0.343863	0.323409
28000	slope	-0.2855	-0.295858	-0.266042	-0.18992	-0.280848	-0.252176	-0.278193	-0.192242	-0.20989	-0.237736	-0.199701	-0.221291	-0.174116	-0.338264	-0.246205	-0.261509	-0.274378	-0.212785	-0.240556	-0.262926	-0.260482	-0.249788	-0.232485	-0.25035	-0.328773	-0.276322	-0.303712	-0.19606	-0.235215	-0.249767	-0.250929	-0.194843	-0.277986	-0.173366	-0.287171	-0.181977	-0.258126	-0.228141	-0.168112	-0.218286	-0.299009	-0.269549	-0.268965	-0.273716	-0.262007	-0.239035	-0.239893	-0.23642	-0.264305	-0.232953	-0.252693	-0.189776	-0.223774	-0.260283	-0.26047	-0.271599	-0.256979	-0.229832	-0.255368	-0.293445	-0.290635	-0.244643	-0.280711	-0.273163	-0.246458	-0.228484	-0.27032	-0.242098	-0.295056	-0.239392	-0.247435	-0.238696	-0.236735	-0.168112	-0.21718	-0.255133	-0.222308	-0.221216	-0.198818	-0.232201	-0.263603	-0.209998	-0.255805	-0.282169	-0.271195	-0.283243	-0.178674	-0.20167	-0.263504	-0.301714	-0.266147	-0.326186	-0.232752	-0.280252	-0.264839	-0.245838	-0.266518	-0.228593	-0.266192	-0.269138	-0.265397	-0.218947	-0.275226	-0.294846	-0.252402	-0.217231	-0.304687	-0.251793	-0.198812	-0.260409	-0.266414	-0.233606	-0.262798	-0.216173	-0.240414	-0.258226	-0.262065	-0.231692	-0.2312	-0.284289	-0.272146	-0.247216	-0.230626	-0.266264	-0.236056	-0.217746	-0.225025	-0.317713	-0.249706	-0.206662	-0.257748	-0.265403	-0.245629	-0.27725	-0.268101	-0.27277	-0.162432	-0.249983	-0.19317	-0.270825	-0.230632	-0.218731	-0.227424	-0.203244	-0.262648	-0.27132	-0.229641	-0.241717	-0.254233	-0.260938	-0.204504	-0.275773	-0.249573	-0.227484	-0.266796	-0.234547	-0.247883	-0.323371	-0.283382	-0.226061	-0.263397	-0.221155	-0.232752	-0.263887	-0.294138	-0.325838	-0.262448	-0.260681	-0.237565	-0.175521	-0.230891	-0.253994	-0.276758	-0.263121	-0.266505	-0.249821	-0.23396	-0.308097	-0.242762	-0.243803	-0.273796	-0.25973	-0.213153	-0.289729	-0.270344	-0.274515	-0.211533	-0.206865	-0.282177	-0.230449	-0.206272	-0.235869	-0.261039	-0.275613	-0.269821	-0.270637	-0.196566	-0.289998	-0.283967	-0.185906	-0.274843	-0.27905	-0.274221	-0.192313	-0.290637	-0.27525	-0.267877	-0.21578	-0.325956	-0.175786	-0.237577	-0.323371	-0.323371	-0.282168	-0.205358	-0.184046	-0.23743	-0.239513	-0.270573	-0.178674	-0.237133	-0.169655	-0.287532	-0.229832	-0.258513	-0.198645	-0.283243	-0.183794	-0.295292	-0.162432	-0.265559	-0.229832	-0.323371	-0.27057	-0.236056	-0.18444	-0.237335	-0.246432	-0.249302	-0.267571	-0.261195	-0.273919	-0.273365	-0.209316	-0.279518	-0.247533	-0.242454	-0.271929	-0.273716	-0.263177	-0.27843	-0.261195	-0.180315	-0.171277	-0.268283	-0.269138	-0.248037	-0.239513	-0.274221	-0.315636	-0.227089	-0.283132	-0.283132	-0.274998	-0.248982	-0.246272	-0.315636	-0.280883	-0.192242	-0.268064	-0.280711	-0.207434	-0.269171	-0.232752	-0.277406	-0.283243	-0.169842	-0.290637	-0.284663	-0.282174	-0.267546	-0.261195	-0.200975	-0.269881	-0.261598	-0.232752	-0.267571	-0.266972	-0.268038	-0.29637	-0.266405	-0.271155	-0.261195	-0.286129	-0.258336	-0.228114	-0.205358	-0.232752	-0.192242	-0.209316	-0.19606	-0.226925	-0.295292	-0.242454	-0.23538	-0.2139	-0.291977	-0.285403	-0.264025	-0.253641	-0.279084	-0.268283	-0.293955	-0.249952	-0.284088	-0.301714	-0.249956	-0.190003	-0.29637	-0.268538	-0.283243	-0.259235	-0.339673	-0.270358	-0.211112	-0.261093	-0.200408	-0.172314	-0.339135	-0.188147	-0.257199	-0.232752	-0.271249	-0.252003	-0.14217	-0.244014	-0.326186	-0.268075	-0.326186	-0.247533	-0.209998	-0.236056	-0.205889	-0.271188	-0.209351	-0.262674	-0.258248	-0.270449	-0.290029	-0.249767	-0.238839	-0.252	-0.163479	-0.219564	-0.291977	-0.224163	-0.262065	-0.271774	-0.249956	-0.18444	-0.238839	-0.261093	-0.273716	-0.236833	-0.268064	-0.27057	-0.268525	-0.260914	-0.214899	-0.286606	-0.173143	-0.322236	-0.291123	-0.198645	-0.169842	-0.207434	-0.176349	-0.235215	-0.18247	-0.22656	-0.188147	-0.277406	-0.268064	-0.339135	-0.309626	-0.18444	-0.232752	-0.169655	-0.267546	-0.267969	-0.267571	-0.282678	-0.207281	-0.284289	-0.232752	-0.271155	-0.258336	-0.244224	-0.29637	-0.301714
28000	intercept	0.345947	0.356691	0.335348	0.280811	0.335168	0.33763	0.320041	0.261828	0.263644	0.294997	0.282911	0.247871	0.275872	0.379008	0.304175	0.296831	0.328643	0.266683	0.303249	0.29146	0.304924	0.318416	0.325202	0.320583	0.357848	0.335368	0.335513	0.320269	0.256081	0.300932	0.311317	0.258989	0.326244	0.256585	0.342358	0.278708	0.329714	0.278183	0.281736	0.315136	0.31151	0.335885	0.313992	0.317474	0.335981	0.270716	0.300327	0.326724	0.316565	0.319522	0.332718	0.289948	0.330138	0.324434	0.295265	0.339028	0.279037	0.308062	0.292223	0.352142	0.395681	0.307415	0.335655	0.328228	0.303224	0.289888	0.299977	0.294329	0.313384	0.319148	0.308206	0.309643	0.271369	0.281736	0.269252	0.331615	0.297851	0.304368	0.298761	0.271562	0.321517	0.301813	0.319032	0.332736	0.352705	0.324746	0.273933	0.308746	0.336738	0.323288	0.355816	0.385125	0.315329	0.37678	0.364925	0.297442	0.29565	0.301577	0.333932	0.343455	0.284759	0.286829	0.329384	0.377744	0.288246	0.276239	0.332859	0.322785	0.275086	0.337222	0.315389	0.266736	0.316134	0.298428	0.314011	0.321834	0.333826	0.295822	0.304424	0.314039	0.334138	0.329696	0.29732	0.358439	0.283397	0.305762	0.289066	0.429243	0.280943	0.273718	0.308626	0.335921	0.293561	0.353154	0.333506	0.337357	0.280703	0.315113	0.274869	0.331496	0.28597	0.302136	0.271438	0.304532	0.328163	0.337527	0.297399	0.306728	0.285001	0.286993	0.283804	0.316145	0.343042	0.28336	0.324647	0.288369	0.312481	0.417243	0.337988	0.295459	0.32962	0.295289	0.315329	0.320612	0.326363	0.383807	0.308256	0.305013	0.262809	0.26806	0.295663	0.312647	0.295825	0.299278	0.304786	0.302725	0.304859	0.358216	0.298879	0.313174	0.303749	0.334944	0.259743	0.332106	0.32111	0.304449	0.296473	0.276809	0.327493	0.314663	0.262989	0.312083	0.310908	0.319672	0.339841	0.331195	0.27256	0.315075	0.317147	0.285727	0.374119	0.320946	0.33688	0.272295	0.337513	0.329357	0.332585	0.290288	0.42116	0.247059	0.26334	0.397255	0.417243	0.33425	0.272198	0.269935	0.292201	0.299859	0.324025	0.273933	0.336317	0.284241	0.324746	0.328724	0.285705	0.261554	0.324746	0.300902	0.354054	0.268346	0.356226	0.313534	0.417243	0.291113	0.287571	0.260446	0.322664	0.335395	0.329714	0.317525	0.274617	0.289759	0.316905	0.289961	0.310803	0.32326	0.275568	0.301796	0.317474	0.320386	0.326698	0.274617	0.273416	0.27805	0.308053	0.343455	0.299369	0.299859	0.33688	0.32519	0.282723	0.347875	0.355915	0.321517	0.330132	0.302276	0.33682	0.291648	0.251539	0.289564	0.334605	0.243459	0.341574	0.315329	0.336713	0.353436	0.271338	0.337513	0.299369	0.321481	0.324746	0.268621	0.274185	0.326866	0.324618	0.315329	0.317525	0.324746	0.335395	0.332859	0.315151	0.330686	0.274617	0.315851	0.33276	0.325748	0.23539	0.315329	0.261828	0.291528	0.320269	0.274262	0.354054	0.278218	0.315464	0.270918	0.330405	0.325253	0.316531	0.301936	0.345989	0.326866	0.337513	0.286604	0.274373	0.322697	0.343042	0.267774	0.332859	0.295852	0.324746	0.318931	0.372891	0.324309	0.299519	0.286028	0.27722	0.244958	0.385125	0.274185	0.328633	0.328459	0.326866	0.325231	0.250219	0.314733	0.385125	0.294523	0.385125	0.32326	0.301813	0.283397	0.267274	0.312945	0.290788	0.324098	0.278942	0.330406	0.326973	0.300932	0.314733	0.327282	0.280703	0.327655	0.335628	0.291025	0.335552	0.33276	0.330132	0.252875	0.314733	0.286028	0.317474	0.310908	0.321988	0.295733	0.339011	0.332585	0.290788	0.29879	0.267373	0.338469	0.334319	0.246333	0.271338	0.251004	0.294526	0.25575	0.267499	0.245805	0.274185	0.345084	0.292047	0.385125	0.368479	0.257805	0.315329	0.284241	0.326866	0.3099	0.317525	0.284686	0.270172	0.314039	0.315329	0.304269	0.33276	0.286604	0.332859	0.320235
29000	slope	-0.263074	-0.22901	-0.238732	-0.288262	-0.250191	-0.256864	-0.257588	-0.252917	-0.205958	-0.234192	-0.263061	-0.208922	-0.253225	-0.279615	-0.178149	-0.24669	-0.282421	-0.280933	-0.223955	-0.269513	-0.220036	-0.210713	-0.254137	-0.239856	-0.261047	-0.2117	-0.23684	-0.272289	-0.26773	-0.259261	-0.228053	-0.269751	-0.23177	-0.326511	-0.228841	-0.240051	-0.282251	-0.229912	-0.241189	-0.242647	-0.234432	-0.200073	-0.255718	-0.23822	-0.244311	-0.284959	-0.255682	-0.230696	-0.218716	-0.228005	-0.227181	-0.234039	-0.205169	-0.303394	-0.230093	-0.261892	-0.196783	-0.304488	-0.272068	-0.239857	-0.231962	-0.240286	-0.218635	-0.234958	-0.215473	-0.26296	-0.215074	-0.218367	-0.214117	-0.265911	-0.243743	-0.206832	-0.254193	-0.234611	-0.268195	-0.257986	-0.268535	-0.242627	-0.234522	-0.240596	-0.221717	-0.253121	-0.223758	-0.247329	-0.198738	-0.247883	-0.248511	-0.215588	-0.212768	-0.208086	-0.199307	-0.227085	-0.254233	-0.237785	-0.268568	-0.23876	-0.259529	-0.208396	-0.242046	-0.186964	-0.222438	-0.258841	-0.25842	-0.213581	-0.20453	-0.266195	-0.236533	-0.221031	-0.241915	-0.245768	-0.285621	-0.259652	-0.229993	-0.199033	-0.266595	-0.244557	-0.253917	-0.22561	-0.237178	-0.22249	-0.230176	-0.25635	-0.265858	-0.268716	-0.232364	-0.274137	-0.259079	-0.264669	-0.266989	-0.240998	-0.210769	-0.276872	-0.214743	-0.236463	-0.269097	-0.264903	-0.242454	-0.241574	-0.252812	-0.255201	-0.220755	-0.259333	-0.208307	-0.235298	-0.233833	-0.233901	-0.220417	-0.260231	-0.265483	-0.230731	-0.267046	-0.217086	-0.243805	-0.237298	-0.203933	-0.247491	-0.249021	-0.246755	-0.244138	-0.25647	-0.258814	-0.239285	-0.246901	-0.258079	-0.209802	-0.245111	-0.260342	-0.253722	-0.207133	-0.237206	-0.276992	-0.282832	-0.155926	-0.225621	-0.239925	-0.236036	-0.229315	-0.239775	-0.250949	-0.248935	-0.258672	-0.245306	-0.259718	-0.25857	-0.245742	-0.219915	-0.225897	-0.241087	-0.25799	-0.296408	-0.214652	-0.208282	-0.265516	-0.206091	-0.209343	-0.252432	-0.272293	-0.218356	-0.286985	-0.275175	-0.210431	-0.28521	-0.227256	-0.218061	-0.276158	-0.324281	-0.221587	-0.270759	-0.239775	-0.239775	-0.127898	-0.270163	-0.257298	-0.203666	-0.250586	-0.239695	-0.250818	-0.200073	-0.256605	-0.177353	-0.248771	-0.250342	-0.273288	-0.251492	-0.195622	-0.249947	-0.268141	-0.249794	-0.23185	-0.28521	-0.228382	-0.23923	-0.177562	-0.24558	-0.268535	-0.223694	-0.163987	-0.248771	-0.260342	-0.234362	-0.265443	-0.260342	-0.261855	-0.234534	-0.186689	-0.279291	-0.248927	-0.252718	-0.230731	-0.164683	-0.203407	-0.270163	-0.166143	-0.279291	-0.247989	-0.260426	-0.233899	-0.197512	-0.251762	-0.25563	-0.191192	-0.252868	-0.210706	-0.210518	-0.249538	-0.244687	-0.280683	-0.268795	-0.179463	-0.283723	-0.213818	-0.232503	-0.276158	-0.292846	-0.239775	-0.197047	-0.164683	-0.223721	-0.23923	-0.240043	-0.248939	-0.232849	-0.283035	-0.179463	-0.262292	-0.219025	-0.21937	-0.225561	-0.268768	-0.257298	-0.251548	-0.226973	-0.25127	-0.229531	-0.233087	-0.228607	-0.202278	-0.229125	-0.330111	-0.235885	-0.250342	-0.283525	-0.23185	-0.202278	-0.258361	-0.249538	-0.22006	-0.179664	-0.23493	-0.284448	-0.230192	-0.249327	-0.277241	-0.220417	-0.279634	-0.225921	-0.219915	-0.185397	-0.186689	-0.196991	-0.272418	-0.164683	-0.252832	-0.258393	-0.228382	-0.258603	-0.274721	-0.245483	-0.227145	-0.25492	-0.127898	-0.22006	-0.230529	-0.22006	-0.213156	-0.228382	-0.230281	-0.260803	-0.261855	-0.200073	-0.227256	-0.279291	-0.250287	-0.265796	-0.250354	-0.244616	-0.315935	-0.281645	-0.260767	-0.155926	-0.262548	-0.22555	-0.261736	-0.249947	-0.184888	-0.272418	-0.239775	-0.239277	-0.188221	-0.280261	-0.249794	-0.252718	-0.298241	-0.254137	-0.273175	-0.247391	-0.272282	-0.200073	-0.220821	-0.265263	-0.23923	-0.232503	-0.235628	-0.262548	-0.28521	-0.230192	-0.244311	-0.22006	-0.277407	-0.214621	-0.257298	-0.270955	-0.259112	-0.253615	-0.259131	-0.263319	-0.250342	-0.260401	-0.284448	-0.22006	-0.265516	-0.244311	-0.232494	-0.23923	-0.25563	-0.256605	-0.188221	-0.25492	-0.191146	-0.239775
29000	intercept	0.296141	0.303534	0.323702	0.384097	0.316974	0.312722	0.342137	0.296273	0.289595	0.302103	0.334326	0.322129	0.32378	0.330793	0.262734	0.298028	0.301968	0.315824	0.288084	0.332425	0.265896	0.283858	0.302351	0.293694	0.3093	0.299235	0.306843	0.325018	0.338078	0.32652	0.296594	0.307306	0.315567	0.413781	0.283958	0.328487	0.354433	0.305577	0.30447	0.29641	0.303018	0.237205	0.298889	0.307899	0.310859	0.338756	0.326673	0.290112	0.294858	0.257551	0.311227	0.287228	0.289205	0.359821	0.31419	0.307164	0.254974	0.364768	0.314006	0.32021	0.276452	0.32402	0.291949	0.282163	0.290905	0.321205	0.291893	0.28289	0.261657	0.297005	0.283247	0.250268	0.312718	0.321379	0.316694	0.296565	0.338023	0.296815	0.304735	0.307452	0.286577	0.301669	0.274787	0.295559	0.272742	0.337804	0.309951	0.293851	0.264758	0.289568	0.267979	0.315953	0.319011	0.302837	0.319382	0.32668	0.343144	0.273232	0.301179	0.282406	0.326744	0.307857	0.3308	0.282925	0.278643	0.303716	0.295974	0.271893	0.383691	0.295868	0.347391	0.281642	0.290818	0.281102	0.305414	0.32082	0.310395	0.300851	0.313814	0.264629	0.301485	0.280119	0.307622	0.313092	0.306138	0.331897	0.315878	0.308019	0.314501	0.310002	0.282379	0.317368	0.293199	0.306158	0.353068	0.312296	0.299318	0.350998	0.318307	0.317554	0.282334	0.323409	0.268638	0.310002	0.308588	0.31006	0.28808	0.319182	0.321419	0.329275	0.340733	0.28922	0.312899	0.291407	0.291357	0.315845	0.293307	0.294987	0.304275	0.308858	0.300626	0.300172	0.297917	0.307648	0.281078	0.30497	0.307385	0.307963	0.292041	0.278815	0.326981	0.305613	0.247425	0.319988	0.305546	0.280978	0.297359	0.286286	0.286489	0.295202	0.322497	0.301804	0.337008	0.334939	0.309961	0.299391	0.300304	0.298762	0.317631	0.373723	0.298536	0.311115	0.301563	0.281611	0.289091	0.325733	0.312825	0.258597	0.348321	0.326851	0.32802	0.352613	0.300508	0.300508	0.294761	0.409423	0.282749	0.289081	0.288768	0.283803	0.213014	0.308926	0.293963	0.269494	0.317143	0.292474	0.294156	0.253032	0.307391	0.253032	0.295386	0.295973	0.336569	0.258488	0.241194	0.300981	0.313286	0.317481	0.326376	0.352613	0.281981	0.311314	0.249679	0.356852	0.282124	0.300508	0.239318	0.295386	0.307385	0.265818	0.339394	0.305867	0.334774	0.277396	0.287631	0.356254	0.338023	0.315832	0.318628	0.290733	0.310523	0.308926	0.231149	0.379983	0.347899	0.334888	0.31778	0.287919	0.32054	0.305414	0.266148	0.354097	0.274296	0.277644	0.34279	0.295846	0.344043	0.337466	0.255391	0.301968	0.284438	0.308571	0.294761	0.36176	0.283803	0.26403	0.290733	0.297463	0.334989	0.254387	0.292585	0.304613	0.344043	0.227929	0.27576	0.305432	0.275326	0.30949	0.303716	0.339922	0.295846	0.288768	0.283803	0.305462	0.305462	0.301592	0.281639	0.305462	0.397393	0.33963	0.295973	0.29909	0.326376	0.281639	0.298244	0.342147	0.301015	0.281704	0.305706	0.348618	0.277396	0.302052	0.295329	0.295811	0.316514	0.284256	0.299391	0.238648	0.287631	0.305413	0.332942	0.309985	0.312069	0.31486	0.282446	0.295089	0.336569	0.291407	0.25911	0.301082	0.213014	0.314313	0.25911	0.306796	0.274292	0.297083	0.347899	0.306925	0.318942	0.237205	0.300508	0.356254	0.315051	0.348266	0.327327	0.34279	0.396516	0.326271	0.326915	0.247425	0.255338	0.298636	0.281551	0.29872	0.259179	0.332942	0.288768	0.338828	0.278683	0.331009	0.30239	0.32802	0.293094	0.302351	0.295089	0.336073	0.295089	0.237205	0.306191	0.351849	0.31225	0.309435	0.283803	0.255338	0.352613	0.301179	0.310859	0.283828	0.310189	0.25269	0.336888	0.353524	0.308921	0.338023	0.288768	0.287427	0.295973	0.313625	0.355656	0.306796	0.30133	0.310859	0.291049	0.318628	0.305414	0.307391	0.272839	0.301082	0.307961	0.277662
30000	slope	-0.22332	-0.275736	-0.218377	-0.256705	-0.221471	-0.224288	-0.276281	-0.252712	-0.262358	-0.251075	-0.246459	-0.25796	-0.259836	-0.258477	-0.256739	-0.287313	-0.265474	-0.278329	-0.255307	-0.25273	-0.264604	-0.278662	-0.230865	-0.240695	-0.287051	-0.216192	-0.255336	-0.241353	-0.265535	-0.263075	-0.238228	-0.219808	-0.24912	-0.199783	-0.251058	-0.264968	-0.256376	-0.272368	-0.218019	-0.253217	-0.291071	-0.199139	-0.254741	-0.234147	-0.210992	-0.26295	-0.265933	-0.270502	-0.239493	-0.268278	-0.264141	-0.216071	-0.276377	-0.226506	-0.236932	-0.237031	-0.254907	-0.272569	-0.255569	-0.255498	-0.243133	-0.283334	-0.277187	-0.231214	-0.252803	-0.238952	-0.225488	-0.255217	-0.27187	-0.262486	-0.221858	-0.239472	-0.220255	-0.239531	-0.266347	-0.258288	-0.247948	-0.258227	-0.208423	-0.21355	-0.23013	-0.249356	-0.251662	-0.267983	-0.282485	-0.253853	-0.291935	-0.267222	-0.251163	-0.254102	-0.250263	-0.262927	-0.256707	-0.234593	-0.199139	-0.215514	-0.236023	-0.232427	-0.284839	-0.224941	-0.225086	-0.256752	-0.25198	-0.285064	-0.273133	-0.279468	-0.26648	-0.262927	-0.270683	-0.296302	-0.19828	-0.24061	-0.255889	-0.242139	-0.231283	-0.223063	-0.249807	-0.192257	-0.263967	-0.258928	-0.219351	-0.2591	-0.272031	-0.237915	-0.260165	-0.227634	-0.240848	-0.242871	-0.242088	-0.261519	-0.26971	-0.236163	-0.24312	-0.253217	-0.257671	-0.261582	-0.21421	-0.262743	-0.246196	-0.239052	-0.158046	-0.249119	-0.264818	-0.255686	-0.24858	-0.231072	-0.253327	-0.262032	-0.270071	-0.232285	-0.232845	-0.212727	-0.243344	-0.239264	-0.255318	-0.261013	-0.257019	-0.250002	-0.271902	-0.260118	-0.271858	-0.274571	-0.253286	-0.229079	-0.247406	-0.249737	-0.221602	-0.220928	-0.23746	-0.214423	-0.246666	-0.256929	-0.221146	-0.255181	-0.24177	-0.240848	-0.244839	-0.24678	-0.252906	-0.257366	-0.273082	-0.261075	-0.27244	-0.25475	-0.27716	-0.256522	-0.221061	-0.248771	-0.249314	-0.23482	-0.213766	-0.26894	-0.271832	-0.249246	-0.248665	-0.276251	-0.248588	-0.219568	-0.254383	-0.266457	-0.312406	-0.252141	-0.225161	-0.261114	-0.251837	-0.253262	-0.280496	-0.23741	-0.255225	-0.250032	-0.287677	-0.228021	-0.274513	-0.264604	-0.265864	-0.25469	-0.25233	-0.255507	-0.25233	-0.250835	-0.188534	-0.189933	-0.174452	-0.269243	-0.199139	-0.233484	-0.250377	-0.224244	-0.274101	-0.185028	-0.25233	-0.243102	-0.282298	-0.258893	-0.223072	-0.26295	-0.296672	-0.253587	-0.226543	-0.280512	-0.223295	-0.262931	-0.258893	-0.185007	-0.233166	-0.261147	-0.312406	-0.271259	-0.282892	-0.243455	-0.253217	-0.226543	-0.230209	-0.253891	-0.2289	-0.254263	-0.248445	-0.23377	-0.239863	-0.172779	-0.261696	-0.287677	-0.253262	-0.254263	-0.254263	-0.263291	-0.237114	-0.24903	-0.247695	-0.263525	-0.222683	-0.249076	-0.279163	-0.23543	-0.228568	-0.198879	-0.232902	-0.25969	-0.245295	-0.25969	-0.213053	-0.171883	-0.24858	-0.281675	-0.269221	-0.282517	-0.275428	-0.253262	-0.228532	-0.250354	-0.26971	-0.269807	-0.263718	-0.265904	-0.22921	-0.254263	-0.251562	-0.246592	-0.2855	-0.255507	-0.138117	-0.275838	-0.269243	-0.251406	-0.231502	-0.284624	-0.260556	-0.248901	-0.282557	-0.171883	-0.250176	-0.228532	-0.264147	-0.247512	-0.271259	-0.221484	-0.225474	-0.246699	-0.285935	-0.252088	-0.227438	-0.175057	-0.168659	-0.171883	-0.228114	-0.269243	-0.249635	-0.185007	-0.284611	-0.282557	-0.243982	-0.254263	-0.279701	-0.232721	-0.291935	-0.260342	-0.28757	-0.257873	-0.271259	-0.285338	-0.235007	-0.244173	-0.243222	-0.262835	-0.253153	-0.258928	-0.263718	-0.235318	-0.245295	-0.248893	-0.257397	-0.228114	-0.258893	-0.228222	-0.226543	-0.247512	-0.263255	-0.243418	-0.225474	-0.261709	-0.225474	-0.181247	-0.221484	-0.269807	-0.267929	-0.227166	-0.226468	-0.246664	-0.28757	-0.252187	-0.224964	-0.250354	-0.226468	-0.228568	-0.244347	-0.229302	-0.218877	-0.260393	-0.274101	-0.162465	-0.237432	-0.218554	-0.267843	-0.276751	-0.275428	-0.264858	-0.225474	-0.226543	-0.257397	-0.26971	-0.221484	-0.232902	-0.23377	-0.221602	-0.27646	-0.284611	-0.263918	-0.198879	-0.233581	-0.249737
30000	intercept	0.285043	0.345192	0.30683	0.313267	0.291142	0.289855	0.307044	0.338454	0.315435	0.341248	0.288906	0.360703	0.295072	0.293527	0.312939	0.304258	0.330731	0.347554	0.31018	0.317531	0.303306	0.276131	0.283602	0.283447	0.347369	0.287706	0.295978	0.274101	0.292819	0.318226	0.283792	0.271175	0.320116	0.250065	0.307001	0.308848	0.310071	0.319153	0.304461	0.281615	0.3503	0.222013	0.310802	0.29817	0.291122	0.352222	0.311795	0.311134	0.282834	0.321324	0.313678	0.296315	0.281911	0.305256	0.307992	0.288926	0.286116	0.339358	0.316697	0.332985	0.274547	0.352838	0.290496	0.31251	0.30344	0.316086	0.275121	0.316685	0.324368	0.298872	0.318417	0.311378	0.26856	0.314191	0.295826	0.296874	0.282893	0.313296	0.251853	0.266569	0.311687	0.291198	0.325169	0.307325	0.315826	0.303492	0.34869	0.302	0.300595	0.298656	0.307294	0.28841	0.309411	0.295048	0.245394	0.262904	0.301884	0.278929	0.280263	0.293729	0.306067	0.319736	0.288022	0.35025	0.310031	0.277625	0.300485	0.301161	0.320554	0.323074	0.273291	0.280204	0.349762	0.341443	0.280071	0.278532	0.321237	0.267021	0.333842	0.374653	0.273547	0.287367	0.330882	0.289667	0.320143	0.284919	0.290111	0.317469	0.291671	0.310446	0.300418	0.297821	0.32843	0.281615	0.302421	0.315851	0.267106	0.320754	0.314941	0.283716	0.217686	0.326452	0.296402	0.320646	0.274806	0.284416	0.301686	0.315941	0.343352	0.285908	0.294439	0.299669	0.283419	0.328118	0.293662	0.309057	0.329971	0.320534	0.301742	0.284495	0.288485	0.336604	0.311652	0.288088	0.306615	0.298019	0.274879	0.301588	0.286772	0.287191	0.315689	0.287771	0.281172	0.311948	0.318028	0.31349	0.299322	0.322499	0.291241	0.310614	0.331391	0.297257	0.305158	0.305743	0.305362	0.306212	0.282543	0.325362	0.294811	0.30334	0.300329	0.31657	0.316781	0.310657	0.300407	0.340426	0.290079	0.273303	0.297289	0.325879	0.339688	0.317194	0.333632	0.280742	0.309141	0.327232	0.336604	0.303923	0.340995	0.305141	0.310337	0.301297	0.295754	0.303306	0.307665	0.292594	0.300318	0.316853	0.300272	0.29605	0.307945	0.278929	0.252514	0.298748	0.230409	0.264647	0.330742	0.308763	0.349812	0.235618	0.305141	0.327232	0.284216	0.315943	0.293308	0.344602	0.325988	0.350571	0.307582	0.287394	0.277335	0.309292	0.310836	0.264925	0.338861	0.307067	0.358449	0.319048	0.326494	0.322403	0.281615	0.307582	0.291392	0.312207	0.285556	0.28798	0.289151	0.312197	0.314123	0.270253	0.323944	0.308192	0.327232	0.281615	0.28798	0.307428	0.309141	0.318422	0.311461	0.289815	0.317194	0.315262	0.286737	0.318982	0.292014	0.266073	0.285556	0.375633	0.324973	0.385001	0.271233	0.26896	0.274806	0.29514	0.327232	0.326494	0.293992	0.327232	0.282053	0.328834	0.312688	0.289129	0.302222	0.330326	0.274973	0.273367	0.327287	0.304786	0.307345	0.307044	0.26896	0.310859	0.285304	0.325553	0.298014	0.307829	0.340161	0.347993	0.349812	0.26896	0.274655	0.282053	0.336405	0.315649	0.331243	0.269036	0.271306	0.298019	0.302565	0.323593	0.292014	0.217686	0.242426	0.26896	0.268904	0.298748	0.303675	0.264925	0.310982	0.349812	0.279406	0.281615	0.324031	0.310265	0.34869	0.300525	0.375807	0.292777	0.319048	0.304535	0.327232	0.321933	0.311953	0.265306	0.348416	0.372649	0.305808	0.30738	0.324973	0.305141	0.320558	0.275973	0.315943	0.270102	0.307582	0.315649	0.31187	0.292014	0.271306	0.309014	0.271306	0.279293	0.275192	0.28728	0.322098	0.301985	0.294087	0.332248	0.357012	0.309029	0.320886	0.328466	0.30293	0.292014	0.35432	0.270102	0.269036	0.294057	0.349812	0.24765	0.336405	0.301587	0.336289	0.294069	0.293992	0.277425	0.26016	0.307582	0.30738	0.31434	0.269036	0.285556	0.304755	0.274879	0.295551	0.300036	0.302417	0.297177	0.285556	0.293262
31000	slope	-0.237663	-0.269765	-0.205057	-0.223071	-0.258511	-0.233632	-0.210586	-0.262811	-0.241481	-0.255313	-0.233414	-0.246142	-0.242422	-0.244423	-0.205652	-0.213383	-0.23366	-0.212111	-0.196539	-0.235593	-0.22661	-0.20966	-0.216069	-0.22238	-0.311884	-0.208984	-0.241652	-0.269217	-0.259786	-0.251108	-0.228975	-0.212111	-0.225045	-0.145944	-0.239191	-0.241356	-0.240519	-0.18328	-0.219298	-0.28342	-0.194762	-0.199505	-0.207445	-0.27999	-0.20887	-0.233338	-0.234557	-0.265037	-0.260311	-0.2483	-0.276833	-0.154943	-0.206232	-0.248294	-0.244368	-0.210969	-0.237973	-0.21766	-0.252925	-0.208125	-0.280781	-0.224564	-0.216866	-0.256708	-0.191107	-0.212104	-0.243392	-0.242978	-0.203408	-0.232541	-0.181752	-0.226901	-0.255375	-0.280613	-0.22455	-0.253298	-0.16178	-0.235371	-0.233009	-0.247655	-0.247264	-0.233789	-0.22094	-0.258519	-0.251649	-0.258714	-0.205901	-0.216526	-0.216014	-0.215564	-0.268695	-0.238031	-0.224159	-0.278962	-0.199101	-0.224938	-0.186401	-0.269918	-0.223899	-0.164431	-0.18232	-0.269766	-0.260703	-0.247648	-0.200377	-0.216044	-0.267365	-0.251731	-0.228193	-0.216505	-0.186159	-0.219724	-0.209504	-0.265716	-0.239377	-0.265815	-0.266838	-0.244144	-0.270933	-0.254221	-0.259356	-0.242222	-0.202947	-0.23669	-0.201399	-0.235644	-0.214635	-0.259863	-0.230561	-0.216399	-0.279528	-0.267244	-0.226881	-0.195413	-0.233063	-0.252811	-0.225066	-0.187518	-0.277294	-0.257288	-0.249377	-0.211932	-0.249352	-0.201789	-0.269886	-0.210957	-0.211917	-0.199968	-0.201264	-0.225758	-0.283381	-0.257046	-0.29058	-0.254394	-0.217105	-0.217556	-0.229346	-0.268127	-0.250114	-0.257125	-0.199781	-0.206509	-0.23771	-0.244228	-0.19741	-0.145944	-0.259727	-0.264003	-0.260703	-0.209713	-0.201953	-0.229623	-0.221958	-0.247656	-0.291575	-0.204209	-0.233789	-0.176679	-0.191082	-0.214878	-0.190007	-0.211858	-0.254018	-0.266619	-0.200627	-0.238344	-0.23746	-0.223614	-0.24657	-0.189607	-0.224608	-0.20876	-0.230184	-0.203491	-0.187518	-0.207668	-0.224435	-0.273779	-0.254319	-0.255572	-0.255869	-0.156794	-0.25008	-0.236802	-0.154319	-0.272206	-0.223071	-0.24732	-0.176253	-0.190305	-0.1897	-0.211381	-0.233952	-0.18511	-0.194213	-0.221105	-0.257393	-0.309765	-0.16178	-0.176254	-0.24147	-0.213603	-0.223928	-0.242435	-0.20887	-0.272706	-0.275857	-0.196601	-0.231124	-0.265144	-0.198883	-0.160094	-0.181955	-0.238946	-0.222676	-0.183173	-0.228321	-0.187862	-0.242704	-0.253158	-0.24625	-0.267717	-0.218763	-0.187377	-0.265184	-0.186401	-0.298722	-0.196601	-0.182635	-0.287316	-0.239886	-0.232958	-0.259405	-0.254221	-0.24227	-0.199547	-0.186401	-0.225385	-0.264644	-0.265184	-0.292572	-0.236802	-0.147751	-0.263561	-0.296242	-0.253796	-0.243252	-0.194885	-0.316053	-0.160094	-0.245066	-0.226901	-0.186401	-0.226073	-0.250359	-0.217137	-0.250114	-0.232541	-0.201507	-0.160094	-0.241105	-0.244421	-0.199934	-0.261949	-0.238361	-0.25008	-0.145944	-0.25481	-0.247618	-0.232956	-0.199547	-0.160094	-0.16485	-0.207846	-0.248096	-0.197812	-0.261949	-0.253856	-0.264644	-0.243252	-0.269971	-0.29426	-0.186159	-0.304269	-0.160094	-0.166952	-0.236802	-0.297312	-0.228307	-0.250114	-0.234127	-0.283381	-0.209713	-0.195736	-0.25581	-0.25668	-0.230743	-0.142243	-0.292572	-0.291265	-0.223928	-0.207418	-0.166512	-0.24004	-0.253364	-0.263571	-0.197812	-0.243865	-0.281455	-0.250114	-0.201507	-0.228477	-0.243252	-0.198411	-0.195932	-0.230967	-0.199547	-0.244973	-0.25746	-0.225339	-0.261185	-0.217175	-0.228626	-0.292035	-0.269766	-0.200051	-0.250359	-0.198883	-0.267717	-0.250114	-0.289497	-0.267717	-0.263571	-0.239048	-0.242704	-0.236802	-0.199934	-0.186159	-0.232312	-0.225339	-0.231325	-0.224584	-0.264556	-0.261185	-0.26733	-0.243865	-0.261098	-0.255503	-0.238361	-0.156875	-0.160094	-0.251027	-0.219303	-0.255869	-0.275264	-0.239886	-0.252293	-0.247225	-0.199547	-0.210957	-0.261185	-0.250389	-0.235916	-0.166512	-0.233376	-0.238932	-0.226073	-0.291265	-0.20887	-0.223096	-0.210957	-0.263571	-0.263571	-0.156794	-0.291265	-0.223071	-0.265144	-0.226901	-0.25008	-0.264019
31000	intercept	0.263847	0.332276	0.267537	0.261277	0.325566	0.303043	0.26906	0.316332	0.296835	0.313445	0.30327	0.324679	0.304098	0.30273	0.27897	0.273002	0.299624	0.319223	0.295141	0.320876	0.2848	0.291114	0.271931	0.275383	0.374484	0.264345	0.306155	0.283031	0.328355	0.322443	0.291645	0.319223	0.315596	0.235298	0.285724	0.306203	0.289103	0.275367	0.299218	0.324184	0.275663	0.309018	0.285438	0.361715	0.256056	0.306099	0.319336	0.317384	0.311453	0.277903	0.327706	0.231832	0.265678	0.336574	0.32218	0.276168	0.297512	0.279919	0.310396	0.267511	0.307104	0.306112	0.262232	0.307359	0.267221	0.301473	0.293035	0.338593	0.298935	0.317704	0.251672	0.31053	0.332456	0.297703	0.298705	0.312251	0.230205	0.323834	0.287632	0.31201	0.302804	0.286524	0.330958	0.302707	0.313995	0.292417	0.261622	0.269181	0.289296	0.274229	0.298577	0.285503	0.311389	0.306933	0.291291	0.284798	0.254024	0.287926	0.301737	0.24738	0.292008	0.292513	0.325864	0.305444	0.278087	0.298886	0.304508	0.319305	0.320278	0.283405	0.257771	0.300483	0.318543	0.306089	0.302862	0.303168	0.332934	0.316979	0.313345	0.280572	0.322604	0.328167	0.280058	0.327458	0.266636	0.289285	0.26259	0.320663	0.301872	0.273752	0.326466	0.313998	0.328968	0.250444	0.267436	0.300541	0.301359	0.25757	0.332345	0.307759	0.321073	0.277227	0.306008	0.28613	0.313322	0.299368	0.297516	0.274383	0.276275	0.307632	0.354455	0.302047	0.323808	0.295332	0.285226	0.279338	0.286191	0.300367	0.295152	0.287587	0.266457	0.279318	0.328407	0.289585	0.287272	0.239621	0.308707	0.301594	0.319756	0.294483	0.284548	0.282409	0.302498	0.312872	0.34365	0.276486	0.288463	0.288865	0.279291	0.306986	0.273604	0.277233	0.310315	0.320466	0.272102	0.29595	0.315776	0.296855	0.311088	0.264825	0.319062	0.302044	0.294883	0.287037	0.25758	0.252644	0.316542	0.327889	0.300067	0.308749	0.324783	0.231832	0.355691	0.350115	0.252437	0.287764	0.2598	0.290206	0.267412	0.276605	0.261937	0.259999	0.305791	0.293822	0.30184	0.28606	0.294883	0.374484	0.230205	0.274129	0.280545	0.255434	0.283554	0.305791	0.264957	0.287533	0.303264	0.267412	0.311777	0.305339	0.33295	0.235931	0.237234	0.348296	0.326675	0.272095	0.284018	0.296083	0.290206	0.321442	0.32055	0.325496	0.281519	0.305272	0.309391	0.235265	0.373873	0.267412	0.242154	0.337637	0.326675	0.315787	0.340262	0.280572	0.290729	0.288015	0.254024	0.307054	0.301883	0.309391	0.335971	0.350115	0.249912	0.31912	0.314558	0.340885	0.293124	0.301336	0.335971	0.243066	0.340912	0.299278	0.235265	0.263843	0.296191	0.30093	0.294883	0.317704	0.259253	0.219149	0.375668	0.328582	0.272095	0.276458	0.283421	0.355691	0.239621	0.297497	0.298851	0.31272	0.297828	0.243066	0.243066	0.334667	0.348947	0.277082	0.297373	0.292513	0.31912	0.293124	0.313046	0.351869	0.309947	0.335971	0.246759	0.257549	0.350115	0.344059	0.341877	0.294883	0.297043	0.366082	0.288015	0.301503	0.323873	0.292996	0.299239	0.239621	0.335971	0.314834	0.306305	0.244745	0.232666	0.316424	0.329176	0.330013	0.289458	0.324783	0.335117	0.294883	0.259253	0.304506	0.293124	0.272102	0.290429	0.286488	0.288015	0.317077	0.278063	0.305496	0.323261	0.333848	0.284018	0.287926	0.292513	0.261643	0.289278	0.33295	0.318071	0.294883	0.311128	0.318071	0.322616	0.332327	0.290206	0.350115	0.272095	0.309947	0.288556	0.298566	0.324783	0.294271	0.334117	0.323261	0.339381	0.324783	0.284832	0.324184	0.28379	0.228947	0.246759	0.324783	0.297477	0.324783	0.336473	0.326675	0.290289	0.356512	0.288015	0.272102	0.323261	0.326798	0.304258	0.232666	0.325082	0.280545	0.263843	0.314834	0.264957	0.242299	0.272102	0.322616	0.330013	0.231832	0.305773	0.261277	0.297017	0.299278	0.355691	0.327465
32000	slope	-0.225483	-0.243381	-0.210086	-0.272031	-0.282185	-0.214172	-0.261941	-0.183928	-0.222362	-0.237112	-0.240697	-0.227786	-0.221183	-0.212386	-0.190046	-0.234299	-0.246953	-0.180668	-0.260215	-0.226227	-0.246882	-0.235622	-0.222362	-0.259249	-0.233918	-0.222528	-0.236977	-0.196468	-0.227763	-0.287497	-0.214964	-0.19704	-0.195452	-0.257273	-0.231506	-0.257411	-0.21927	-0.234808	-0.243818	-0.254708	-0.250944	-0.260113	-0.246952	-0.236051	-0.222069	-0.243023	-0.234423	-0.236439	-0.260547	-0.234133	-0.273739	-0.235024	-0.265826	-0.218284	-0.245086	-0.22801	-0.217126	-0.241942	-0.215781	-0.243949	-0.23215	-0.238983	-0.242499	-0.239809	-0.2239	-0.21176	-0.260847	-0.180944	-0.237447	-0.304268	-0.225193	-0.228477	-0.174633	-0.259784	-0.266105	-0.231639	-0.24238	-0.136436	-0.208795	-0.272317	-0.234493	-0.231504	-0.283706	-0.202729	-0.237395	-0.210152	-0.228215	-0.209791	-0.220688	-0.300274	-0.233586	-0.124317	-0.210489	-0.248689	-0.253866	-0.226761	-0.172668	-0.269811	-0.248374	-0.223264	-0.173033	-0.188488	-0.221903	-0.274964	-0.214502	-0.24566	-0.245133	-0.210316	-0.20492	-0.205043	-0.241471	-0.260857	-0.252259	-0.175186	-0.130693	-0.273426	-0.20832	-0.267225	-0.255804	-0.268989	-0.211221	-0.190581	-0.221882	-0.255497	-0.200683	-0.261941	-0.251416	-0.231735	-0.256741	-0.241433	-0.231948	-0.291947	-0.203881	-0.233534	-0.192153	-0.168773	-0.205962	-0.197315	-0.248334	-0.248528	-0.257991	-0.225049	-0.182382	-0.219607	-0.198626	-0.237014	-0.223018	-0.20153	-0.266243	-0.219474	-0.234658	-0.245152	-0.25767	-0.26581	-0.249714	-0.202116	-0.221522	-0.211921	-0.235952	-0.272574	-0.228909	-0.220264	-0.273924	-0.216761	-0.228215	-0.222988	-0.248078	-0.247377	-0.238733	-0.227704	-0.211824	-0.182657	-0.259812	-0.234972	-0.268698	-0.200011	-0.239845	-0.201392	-0.237606	-0.230349	-0.232559	-0.251583	-0.251741	-0.239965	-0.238208	-0.257041	-0.267037	-0.241103	-0.220319	-0.196805	-0.168387	-0.287899	-0.24657	-0.0745487	-0.156125	-0.221328	-0.254024	-0.232237	-0.245555	-0.258002	-0.221522	-0.275864	-0.22094	-0.294553	-0.226877	-0.238891	-0.177666	-0.249155	-0.111883	-0.296987	-0.250439	-0.20516	-0.221522	-0.234035	-0.196667	-0.259249	-0.196731	-0.249417	-0.267852	-0.213934	-0.197795	-0.226902	-0.251477	-0.145365	-0.221373	-0.242838	-0.318248	-0.300274	-0.255804	-0.272917	-0.217564	-0.304268	-0.200273	-0.224344	-0.259249	-0.224313	-0.288894	-0.200825	-0.272188	-0.231819	-0.273739	-0.273358	-0.20516	-0.240091	-0.225724	-0.217063	-0.251021	-0.235353	-0.259623	-0.221903	-0.235353	-0.235183	-0.213444	-0.201392	-0.275852	-0.213934	-0.195496	-0.27237	-0.220264	-0.173906	-0.24566	-0.18407	-0.255529	-0.219308	-0.260173	-0.197795	-0.24566	-0.259363	-0.295658	-0.219308	-0.249417	-0.26963	-0.236528	-0.192495	-0.217063	-0.123956	-0.208006	-0.221522	-0.207013	-0.304268	-0.276704	-0.208006	-0.253866	-0.161244	-0.235581	-0.27163	-0.200273	-0.194286	-0.230514	-0.187067	-0.207013	-0.276704	-0.227385	-0.249269	-0.193537	-0.171155	-0.304268	-0.257857	-0.198378	-0.264781	-0.197795	-0.193537	-0.220369	-0.260283	-0.230962	-0.284873	-0.261941	-0.196276	-0.231819	-0.235265	-0.249417	-0.199801	-0.261941	-0.235473	-0.215718	-0.279021	-0.259169	-0.273739	-0.248147	-0.207013	-0.268663	-0.225724	-0.255529	-0.151515	-0.274948	-0.24566	-0.259249	-0.25063	-0.1436	-0.245825	-0.220264	-0.26963	-0.272602	-0.238326	-0.185785	-0.272602	-0.258041	-0.213934	-0.202639	-0.213787	-0.172269	-0.273302	-0.222131	-0.194348	-0.179861	-0.265566	-0.205264	-0.203069	-0.221903	-0.245665	-0.193537	-0.248538	-0.262195	-0.172269	-0.18316	-0.221522	-0.294388	-0.175659	-0.219906	-0.185785	-0.138412	-0.0718784	-0.221373	-0.242838	-0.245352	-0.124317	-0.216299	-0.273358	-0.252852	-0.237563	-0.155444	-0.249603	-0.25945	-0.276704	-0.243731	-0.288894	-0.108573	-0.259284	-0.166765	-0.237693	-0.111883	-0.231819	-0.232148	-0.204798	-0.25568	-0.210086	-0.207013	-0.249405	-0.224313	-0.146888	-0.255804	-0.267852	-0.220213	-0.284873	-0.277597	-0.218163	-0.260981	-0.183418	-0.2113	-0.202639
32000	intercept	0.313322	0.291004	0.254917	0.308528	0.31708	0.310562	0.307282	0.299639	0.292666	0.284345	0.314374	0.330164	0.292931	0.280071	0.295821	0.281964	0.284879	0.245936	0.326879	0.278533	0.278961	0.312478	0.300458	0.312618	0.298968	0.266871	0.320796	0.278355	0.287307	0.30431	0.282713	0.279014	0.246704	0.303308	0.289466	0.272034	0.26358	0.29733	0.310437	0.296066	0.308255	0.321367	0.29853	0.29345	0.300583	0.304059	0.289204	0.306942	0.334249	0.304893	0.291843	0.292997	0.309292	0.264705	0.291014	0.264071	0.280364	0.314163	0.286906	0.293897	0.296896	0.288775	0.314253	0.312469	0.302573	0.289878	0.303639	0.26485	0.288869	0.302727	0.262351	0.280455	0.260584	0.309103	0.308481	0.260884	0.289773	0.250243	0.315658	0.326076	0.306751	0.317656	0.306266	0.281638	0.306884	0.258601	0.300194	0.288011	0.303087	0.328452	0.28528	0.209647	0.284205	0.30907	0.314909	0.328534	0.28888	0.282444	0.344704	0.301829	0.277093	0.275837	0.314156	0.294729	0.269183	0.282176	0.280229	0.297377	0.256651	0.307981	0.313254	0.304123	0.279146	0.253889	0.251932	0.31595	0.266569	0.317471	0.321573	0.310833	0.26693	0.277993	0.283688	0.308115	0.280147	0.307282	0.329293	0.293183	0.327446	0.312147	0.307489	0.331238	0.253919	0.283571	0.268435	0.260699	0.26024	0.27845	0.28131	0.3219	0.298857	0.292379	0.286903	0.292895	0.30097	0.269629	0.287749	0.271371	0.319335	0.261259	0.331028	0.287004	0.28131	0.303899	0.321828	0.288455	0.280544	0.28196	0.296175	0.326872	0.312804	0.282059	0.307067	0.25788	0.304202	0.292872	0.301625	0.311807	0.285108	0.262534	0.305106	0.257675	0.333157	0.31992	0.315191	0.272526	0.295731	0.289018	0.291011	0.311713	0.328131	0.278302	0.293838	0.31321	0.291967	0.304434	0.314354	0.29495	0.287818	0.313497	0.266833	0.301703	0.318942	0.270434	0.284334	0.296193	0.317383	0.293837	0.287186	0.304265	0.285784	0.342721	0.303584	0.347298	0.304136	0.338716	0.279031	0.269646	0.267451	0.302727	0.322966	0.287658	0.272527	0.279408	0.291551	0.312618	0.338453	0.314655	0.344205	0.277376	0.294767	0.279408	0.321575	0.273941	0.223814	0.282176	0.319228	0.328452	0.321573	0.346293	0.297267	0.307282	0.25376	0.266559	0.312618	0.306956	0.347298	0.32441	0.314059	0.29123	0.291843	0.332792	0.287658	0.306337	0.284989	0.286487	0.293061	0.311407	0.310374	0.314156	0.311407	0.307173	0.32441	0.289018	0.324184	0.273735	0.272446	0.310594	0.278892	0.279031	0.282176	0.277375	0.298547	0.306482	0.335845	0.294767	0.282176	0.285306	0.30643	0.324955	0.313254	0.329762	0.314447	0.305905	0.286487	0.235942	0.290439	0.268979	0.287133	0.302727	0.32611	0.290289	0.309202	0.217621	0.315251	0.338589	0.25376	0.27795	0.314269	0.246823	0.303947	0.32611	0.309839	0.29432	0.281798	0.283135	0.307282	0.350691	0.304019	0.329212	0.294767	0.281317	0.312319	0.319725	0.247134	0.323227	0.307282	0.261824	0.290221	0.306956	0.313254	0.287351	0.307282	0.304237	0.278696	0.282124	0.296774	0.291843	0.293061	0.287133	0.293061	0.295038	0.298547	0.273941	0.3268	0.282176	0.312618	0.296774	0.281186	0.301005	0.275223	0.329762	0.312577	0.335845	0.338453	0.312577	0.3221	0.273735	0.272446	0.222913	0.206025	0.32611	0.314156	0.254122	0.262502	0.301149	0.250749	0.272642	0.314156	0.308831	0.281317	0.335845	0.33214	0.206025	0.279031	0.280544	0.316649	0.257197	0.257948	0.338453	0.235942	0.256083	0.26435	0.282176	0.358494	0.209647	0.257948	0.332792	0.32045	0.295851	0.219042	0.295849	0.274739	0.322793	0.29123	0.347298	0.269197	0.326485	0.220214	0.358494	0.219322	0.254948	0.286802	0.300755	0.27834	0.254917	0.289018	0.286682	0.327559	0.256451	0.321573	0.344205	0.324358	0.323227	0.318556	0.324358	0.324184	0.215564	0.275007	0.272446
33000	slope	-0.194858	-0.215188	-0.262849	-0.2617	-0.219862	-0.232862	-0.207728	-0.267867	-0.236209	-0.200692	-0.172134	-0.223304	-0.214056	-0.253946	-0.222602	-0.238647	-0.231554	-0.226808	-0.216314	-0.219365	-0.252783	-0.243013	-0.261862	-0.241341	-0.228193	-0.219818	-0.236483	-0.20323	-0.217012	-0.254383	-0.254945	-0.261494	-0.263998	-0.209832	-0.222067	-0.23061	-0.234638	-0.178505	-0.252789	-0.261458	-0.252173	-0.217508	-0.281746	-0.213462	-0.195043	-0.203938	-0.221271	-0.24181	-0.243489	-0.205768	-0.248933	-0.258961	-0.19422	-0.275529	-0.267858	-0.249081	-0.211673	-0.233149	-0.23054	-0.254625	-0.192152	-0.250147	-0.24897	-0.219072	-0.252185	-0.225954	-0.191381	-0.263306	-0.250474	-0.173819	-0.193679	-0.198324	-0.231441	-0.249104	-0.234514	-0.222178	-0.219549	-0.244365	-0.231772	-0.212341	-0.20029	-0.245842	-0.217875	-0.239097	-0.233096	-0.242336	-0.266706	-0.234083	-0.216429	-0.217788	-0.177845	-0.201104	-0.207132	-0.213186	-0.226202	-0.256462	-0.217477	-0.265271	-0.184333	-0.280476	-0.255261	-0.187011	-0.228877	-0.223277	-0.231863	-0.22564	-0.226577	-0.200569	-0.214426	-0.279902	-0.220727	-0.235474	-0.200444	-0.196095	-0.231287	-0.232758	-0.174973	-0.210201	-0.222358	-0.218784	-0.264698	-0.242914	-0.262766	-0.204425	-0.269752	-0.26187	-0.201211	-0.230388	-0.215126	-0.223539	-0.226761	-0.292502	-0.274031	-0.224523	-0.214426	-0.224035	-0.24101	-0.236998	-0.23536	-0.180076	-0.259437	-0.255169	-0.191897	-0.248316	-0.246868	-0.224683	-0.163051	-0.265062	-0.233421	-0.201624	-0.216187	-0.281363	-0.245191	-0.24375	-0.250869	-0.215109	-0.232916	-0.202681	-0.251606	-0.25895	-0.234014	-0.212234	-0.237114	-0.238057	-0.224521	-0.234268	-0.246437	-0.211334	-0.264297	-0.261149	-0.244439	-0.227913	-0.225933	-0.23775	-0.245562	-0.262849	-0.258795	-0.222357	-0.240612	-0.231642	-0.241147	-0.23371	-0.216993	-0.205975	-0.249617	-0.240909	-0.190348	-0.220371	-0.273398	-0.191198	-0.25288	-0.201809	-0.225535	-0.216805	-0.283709	-0.219215	-0.200527	-0.251306	-0.237053	-0.216085	-0.29465	-0.196388	-0.233061	-0.21673	-0.209614	-0.255422	-0.235474	-0.193016	-0.317146	-0.274328	-0.212568	-0.278986	-0.270011	-0.279902	-0.143814	-0.187457	-0.248393	-0.239916	-0.267858	-0.277499	-0.253319	-0.207494	-0.201809	-0.244959	-0.241857	-0.195119	-0.235848	-0.27234	-0.21673	-0.25461	-0.197372	-0.244572	-0.228893	-0.218468	-0.228717	-0.28154	-0.290908	-0.218314	-0.239097	-0.226549	-0.245381	-0.305819	-0.239097	-0.253319	-0.244959	-0.293227	-0.186409	-0.279555	-0.24658	-0.210494	-0.244959	-0.237194	-0.206132	-0.204342	-0.304208	-0.279902	-0.239097	-0.238611	-0.27367	-0.248065	-0.21673	-0.248042	-0.240495	-0.204345	-0.230208	-0.244978	-0.244655	-0.232009	-0.245901	-0.253281	-0.302302	-0.217928	-0.209532	-0.21881	-0.267149	-0.219977	-0.257632	-0.250474	-0.237952	-0.198927	-0.248042	-0.225478	-0.26289	-0.22869	-0.193012	-0.275274	-0.238892	-0.161942	-0.220624	-0.191974	-0.163284	-0.194425	-0.190348	-0.274141	-0.232391	-0.253281	-0.254058	-0.255457	-0.275931	-0.253281	-0.197372	-0.22638	-0.260916	-0.222068	-0.201211	-0.227293	-0.194661	-0.196037	-0.21673	-0.222319	-0.232009	-0.201529	-0.232986	-0.189274	-0.278854	-0.293227	-0.262642	-0.229225	-0.294119	-0.239434	-0.262642	-0.217928	-0.249617	-0.199736	-0.251667	-0.235474	-0.252687	-0.246999	-0.205905	-0.181209	-0.21673	-0.262642	-0.211999	-0.270092	-0.224358	-0.207494	-0.201439	-0.210474	-0.207494	-0.230559	-0.235102	-0.175558	-0.226669	-0.218468	-0.245901	-0.317146	-0.266706	-0.19777	-0.252261	-0.196037	-0.19777	-0.172003	-0.226815	-0.230208	-0.244959	-0.238892	-0.194661	-0.234453	-0.203752	-0.262642	-0.288971	-0.143814	-0.222231	-0.172003	-0.240685	-0.233425	-0.207013	-0.214426	-0.277499	-0.279902	-0.196037	-0.221864	-0.218468	-0.217398	-0.193012	-0.233661	-0.29465	-0.28526	-0.235102	-0.220821	-0.217928	-0.226549	-0.246999	-0.234596	-0.281746	-0.243148	-0.267858	-0.180383	-0.143814	-0.253281	-0.157289	-0.245401	-0.170383	-0.222358	-0.225683	-0.219291	-0.277787	-0.219977	-0.249617	-0.267721
33000	intercept	0.282941	0.31448	0.298624	0.321013	0.288706	0.327069	0.282547	0.300633	0.288799	0.345974	0.269423	0.309174	0.288059	0.305718	0.277748	0.338145	0.266665	0.286394	0.277914	0.344815	0.312248	0.305538	0.337837	0.309501	0.269156	0.274868	0.329648	0.292211	0.317803	0.302635	0.323379	0.303005	0.328756	0.299904	0.276382	0.258461	0.29096	0.262079	0.304152	0.304924	0.302731	0.277261	0.339287	0.281277	0.26179	0.28349	0.301598	0.278732	0.30114	0.25215	0.314181	0.288583	0.264859	0.322213	0.28421	0.301101	0.2895	0.267635	0.271708	0.288128	0.286061	0.285843	0.330558	0.304301	0.303553	0.290478	0.271492	0.27835	0.314541	0.25057	0.268363	0.290202	0.268067	0.308338	0.31994	0.30033	0.283079	0.319754	0.260443	0.28927	0.278941	0.310725	0.280228	0.289271	0.258219	0.299837	0.339424	0.283893	0.293705	0.27182	0.337768	0.253063	0.233408	0.309947	0.263607	0.329929	0.282953	0.311114	0.263296	0.311749	0.301792	0.264627	0.318729	0.271305	0.286318	0.286138	0.295422	0.240796	0.306804	0.321107	0.319015	0.269783	0.281516	0.263539	0.276078	0.270575	0.261947	0.283892	0.299057	0.282527	0.31028	0.275676	0.301002	0.25941	0.310611	0.325178	0.266625	0.27932	0.299577	0.275978	0.285631	0.30629	0.307904	0.281363	0.270551	0.315802	0.299179	0.296038	0.308815	0.274269	0.292699	0.282753	0.291796	0.293089	0.294273	0.312597	0.254565	0.292739	0.263013	0.267023	0.295111	0.336437	0.311194	0.33059	0.308591	0.255548	0.269654	0.259239	0.338264	0.311523	0.287704	0.307095	0.290478	0.27632	0.287838	0.269897	0.310515	0.272533	0.326848	0.302984	0.285551	0.273758	0.262103	0.286344	0.290541	0.295394	0.318719	0.250664	0.275471	0.321537	0.278732	0.281213	0.254397	0.287715	0.271114	0.270219	0.252977	0.282831	0.344907	0.266637	0.299295	0.21436	0.26568	0.274798	0.31592	0.274501	0.255001	0.288266	0.337735	0.269402	0.319391	0.187511	0.268194	0.26802	0.282362	0.299641	0.27299	0.271062	0.328369	0.328823	0.266625	0.331689	0.307904	0.321107	0.233089	0.263282	0.263519	0.30927	0.28421	0.309233	0.324196	0.24632	0.21436	0.338561	0.246459	0.3291	0.285587	0.337317	0.266625	0.294087	0.243591	0.335235	0.269783	0.320419	0.284838	0.281159	0.324774	0.320315	0.289271	0.332792	0.332792	0.33739	0.289271	0.316494	0.34811	0.326858	0.248452	0.303955	0.289191	0.305237	0.34811	0.342424	0.289779	0.320315	0.312259	0.342986	0.289271	0.270982	0.291357	0.321033	0.2761	0.301598	0.291209	0.260378	0.296165	0.255417	0.32854	0.285073	0.328317	0.348381	0.33739	0.324855	0.319456	0.270609	0.284916	0.280799	0.332792	0.317306	0.269775	0.273886	0.301598	0.288419	0.291095	0.259793	0.275269	0.309233	0.34811	0.248239	0.292417	0.31969	0.221283	0.275269	0.252977	0.3231	0.283623	0.31218	0.282209	0.31218	0.336204	0.31218	0.231404	0.261075	0.284916	0.274216	0.266625	0.2784	0.245131	0.317045	0.266625	0.246459	0.285073	0.258266	0.311186	0.256466	0.296829	0.326858	0.285466	0.348443	0.319172	0.340146	0.307904	0.294363	0.274279	0.243242	0.282885	0.269783	0.299084	0.34811	0.272361	0.247287	0.268335	0.307904	0.289894	0.262269	0.336764	0.246459	0.206437	0.270604	0.246459	0.284838	0.277418	0.248239	0.277717	0.320419	0.332792	0.328369	0.337305	0.266847	0.306303	0.314573	0.266847	0.230559	0.269108	0.296165	0.34811	0.367021	0.243591	0.269775	0.277772	0.296749	0.330244	0.244109	0.333107	0.230559	0.260752	0.276919	0.289779	0.297717	0.309233	0.319553	0.306573	0.270609	0.320419	0.289894	0.275269	0.28216	0.319391	0.341861	0.249605	0.306804	0.298393	0.332792	0.34811	0.282072	0.339287	0.284414	0.28421	0.271062	0.244109	0.31218	0.273268	0.30927	0.243591	0.310103	0.290089	0.31753	0.307904	0.269199	0.274279	0.278235
34000	slope	-0.222212	-0.215191	-0.215749	-0.259114	-0.234797	-0.203996	-0.219915	-0.254684	-0.22263	-0.207047	-0.241368	-0.240567	-0.216018	-0.218569	-0.243911	-0.212598	-0.300097	-0.199178	-0.246961	-0.226716	-0.224291	-0.224263	-0.235544	-0.24779	-0.223446	-0.261077	-0.242892	-0.203923	-0.203865	-0.236003	-0.21935	-0.229723	-0.20266	-0.218594	-0.22913	-0.231908	-0.207113	-0.183274	-0.208631	-0.183548	-0.223106	-0.248402	-0.230913	-0.273208	-0.199132	-0.236435	-0.228578	-0.227863	-0.194942	-0.207087	-0.226179	-0.216778	-0.187708	-0.222843	-0.213333	-0.197023	-0.227327	-0.242098	-0.235246	-0.225244	-0.189072	-0.223206	-0.216267	-0.245395	-0.217633	-0.254192	-0.22214	-0.235295	-0.227226	-0.191672	-0.217224	-0.195314	-0.234925	-0.228358	-0.208254	-0.21912	-0.245704	-0.226723	-0.266533	-0.251384	-0.207331	-0.211189	-0.217987	-0.227959	-0.182724	-0.202914	-0.199128	-0.232706	-0.230562	-0.266209	-0.258514	-0.220859	-0.207728	-0.197984	-0.230525	-0.274253	-0.195052	-0.212954	-0.210408	-0.199443	-0.24125	-0.227336	-0.224995	-0.265263	-0.190111	-0.21924	-0.189872	-0.20271	-0.249814	-0.218119	-0.294747	-0.253834	-0.23771	-0.224862	-0.237919	-0.196537	-0.195625	-0.260455	-0.197038	-0.225783	-0.2156	-0.220251	-0.201536	-0.19741	-0.215001	-0.244305	-0.206591	-0.228079	-0.228428	-0.213273	-0.198719	-0.199398	-0.201824	-0.196908	-0.179972	-0.221608	-0.210532	-0.205379	-0.22574	-0.226836	-0.237587	-0.230856	-0.214954	-0.214821	-0.245693	-0.186774	-0.236154	-0.201831	-0.238272	-0.219356	-0.239789	-0.206458	-0.216923	-0.239512	-0.219408	-0.2433	-0.223323	-0.229586	-0.258558	-0.237556	-0.204581	-0.24423	-0.23275	-0.224752	-0.21274	-0.231452	-0.243117	-0.221788	-0.198043	-0.189106	-0.245262	-0.277457	-0.247852	-0.244602	-0.238478	-0.202522	-0.186745	-0.212461	-0.239147	-0.211617	-0.212924	-0.276837	-0.241033	-0.217841	-0.208296	-0.193371	-0.211712	-0.222078	-0.227732	-0.193454	-0.261308	-0.195283	-0.202875	-0.239522	-0.23079	-0.230844	-0.255129	-0.177823	-0.181025	-0.210015	-0.2467	-0.170909	-0.271383	-0.185413	-0.166238	-0.300097	-0.177641	-0.253668	-0.22389	-0.235717	-0.21859	-0.229139	-0.237486	-0.2467	-0.240793	-0.251181	-0.225083	-0.227774	-0.200348	-0.193919	-0.221958	-0.224563	-0.17969	-0.15024	-0.250129	-0.244869	-0.193519	-0.230621	-0.20776	-0.199128	-0.257204	-0.178851	-0.1839	-0.233345	-0.21204	-0.226654	-0.204552	-0.202043	-0.26059	-0.211189	-0.163349	-0.192655	-0.26059	-0.189853	-0.230727	-0.21825	-0.197228	-0.179252	-0.190337	-0.2049	-0.226654	-0.20862	-0.240225	-0.207165	-0.229758	-0.24938	-0.212755	-0.197228	-0.226654	-0.241406	-0.212761	-0.231687	-0.191698	-0.190337	-0.248861	-0.185332	-0.211189	-0.237353	-0.192655	-0.207165	-0.261938	-0.211377	-0.197338	-0.20333	-0.266727	-0.213877	-0.230064	-0.209221	-0.220171	-0.152354	-0.23079	-0.248037	-0.250129	-0.266235	-0.268685	-0.250129	-0.285302	-0.187004	-0.226196	-0.292699	-0.248471	-0.248748	-0.262214	-0.198562	-0.224862	-0.20288	-0.294119	-0.264286	-0.255024	-0.21825	-0.268685	-0.230064	-0.202963	-0.179252	-0.23079	-0.262214	-0.256981	-0.1839	-0.224862	-0.211935	-0.263755	-0.269543	-0.186587	-0.265126	-0.248748	-0.172089	-0.221826	-0.210201	-0.256722	-0.225632	-0.179252	-0.239773	-0.252031	-0.200228	-0.188402	-0.230648	-0.248075	-0.233811	-0.189346	-0.236183	-0.196323	-0.22344	-0.206344	-0.216923	-0.285302	-0.183288	-0.236183	-0.256701	-0.226179	-0.253716	-0.249452	-0.213674	-0.21825	-0.212761	-0.237486	-0.214366	-0.205709	-0.240725	-0.16593	-0.225632	-0.250135	-0.250135	-0.257123	-0.269543	-0.242089	-0.220099	-0.216022	-0.230727	-0.163349	-0.260306	-0.291286	-0.242089	-0.223654	-0.20862	-0.2794	-0.220774	-0.212761	-0.198961	-0.16593	-0.22389	-0.266359	-0.211935	-0.234765	-0.206812	-0.220088	-0.183288	-0.177829	-0.196704	-0.208497	-0.220774	-0.207592	-0.225632	-0.204919	-0.196704	-0.262352	-0.223895	-0.23072	-0.220774	-0.227774	-0.22389	-0.183288	-0.241538	-0.213674	-0.209517	-0.262352	-0.230865	-0.270039	-0.230865	-0.214366	-0.300097
34000	intercept	0.300416	0.27523	0.31107	0.301463	0.31008	0.304314	0.263373	0.283778	0.27604	0.2488	0.301756	0.286999	0.30026	0.28285	0.287309	0.279952	0.30992	0.288599	0.26923	0.2939	0.298397	0.315853	0.289178	0.320527	0.299123	0.283371	0.293627	0.289152	0.2751	0.332419	0.300303	0.272308	0.27424	0.287091	0.275309	0.281675	0.261	0.289644	0.258402	0.296432	0.29326	0.307661	0.279883	0.325276	0.2848	0.28593	0.275555	0.280002	0.281241	0.268987	0.278301	0.27328	0.27542	0.297336	0.285256	0.275619	0.287923	0.275545	0.285076	0.248762	0.273634	0.280975	0.273393	0.305109	0.256152	0.308109	0.291506	0.29648	0.293031	0.274815	0.278852	0.271119	0.30026	0.287553	0.261504	0.283149	0.304691	0.291223	0.312763	0.296106	0.293413	0.30089	0.27829	0.277378	0.257684	0.272117	0.269403	0.301203	0.282531	0.298588	0.302766	0.279136	0.280622	0.281997	0.309957	0.291145	0.30308	0.305687	0.265048	0.295008	0.298298	0.29373	0.289811	0.302788	0.273709	0.287575	0.277265	0.298307	0.279768	0.269646	0.322509	0.294703	0.337254	0.272585	0.29636	0.265774	0.293414	0.310467	0.276494	0.292579	0.291408	0.274497	0.269311	0.320334	0.264233	0.300625	0.293711	0.27336	0.275167	0.300742	0.282098	0.330479	0.263952	0.262305	0.272507	0.28774	0.28917	0.270172	0.323708	0.296794	0.284857	0.27922	0.280885	0.282158	0.264757	0.26469	0.279968	0.273164	0.281819	0.287036	0.275242	0.292122	0.288003	0.333924	0.314791	0.289461	0.289574	0.304752	0.280183	0.277112	0.257954	0.301282	0.305501	0.293263	0.307479	0.297589	0.306315	0.292424	0.320269	0.290024	0.286823	0.323874	0.322479	0.296586	0.279829	0.270043	0.314827	0.294676	0.323687	0.28961	0.281514	0.301506	0.294124	0.28033	0.291586	0.2702	0.267013	0.270131	0.288219	0.269524	0.31216	0.26422	0.300734	0.310548	0.283318	0.330112	0.307069	0.289365	0.270473	0.2757	0.302956	0.22724	0.323806	0.272337	0.22811	0.30992	0.254114	0.304957	0.255612	0.264261	0.29249	0.289764	0.28082	0.291511	0.291944	0.313803	0.245942	0.371056	0.28247	0.274086	0.292091	0.29531	0.258555	0.246465	0.301732	0.281632	0.289569	0.302628	0.297578	0.269403	0.305642	0.272775	0.272754	0.275167	0.268987	0.297359	0.314184	0.245435	0.313589	0.30089	0.248643	0.287195	0.308289	0.230133	0.304345	0.279952	0.236018	0.259	0.273995	0.287202	0.297359	0.254119	0.27571	0.270683	0.277863	0.287256	0.249528	0.218429	0.297359	0.306619	0.283249	0.289058	0.274639	0.273995	0.303451	0.2513	0.30089	0.344828	0.287195	0.270683	0.274153	0.278139	0.287195	0.326083	0.356977	0.287126	0.265557	0.247895	0.309998	0.272775	0.275167	0.270974	0.301732	0.313702	0.294735	0.288744	0.31919	0.272337	0.288591	0.347101	0.307395	0.320003	0.31538	0.332284	0.272585	0.293952	0.309887	0.327832	0.268902	0.279952	0.294735	0.257669	0.26045	0.259	0.275167	0.327488	0.307395	0.277831	0.272585	0.279889	0.287349	0.321494	0.268753	0.308439	0.320003	0.272604	0.305343	0.323094	0.298831	0.345314	0.259	0.293856	0.300844	0.241087	0.256979	0.324042	0.290302	0.257759	0.269042	0.264152	0.274665	0.281927	0.266951	0.287489	0.30992	0.272337	0.264152	0.308289	0.268744	0.303451	0.305058	0.288591	0.279952	0.283249	0.288488	0.286412	0.270683	0.286412	0.271286	0.345314	0.301719	0.327478	0.305916	0.321494	0.305916	0.312197	0.264005	0.304345	0.260112	0.313589	0.303543	0.305916	0.302792	0.254119	0.311621	0.26213	0.268762	0.32307	0.271286	0.255612	0.296064	0.299961	0.293856	0.275313	0.345314	0.272337	0.342052	0.290145	0.290249	0.26213	0.283249	0.345314	0.268987	0.290145	0.270974	0.366038	0.277572	0.26213	0.371056	0.248005	0.272337	0.295835	0.288591	0.283705	0.270974	0.371056	0.295875	0.371056	0.286412	0.325678
35000	slope	-0.216531	-0.246564	-0.201603	-0.181937	-0.177931	-0.238148	-0.218807	-0.209458	-0.208962	-0.213867	-0.2271	-0.220595	-0.207911	-0.26378	-0.195696	-0.252912	-0.22714	-0.206681	-0.214668	-0.231064	-0.183692	-0.226786	-0.19112	-0.226258	-0.158993	-0.260872	-0.254478	-0.247539	-0.274607	-0.177941	-0.221121	-0.269137	-0.218413	-0.221748	-0.236909	-0.241274	-0.241454	-0.213476	-0.207187	-0.23672	-0.221013	-0.22849	-0.198173	-0.128137	-0.194343	-0.22381	-0.208313	-0.196643	-0.20636	-0.180347	-0.207059	-0.142192	-0.162752	-0.198484	-0.192498	-0.22775	-0.238036	-0.232446	-0.20317	-0.185685	-0.183237	-0.228891	-0.227337	-0.217489	-0.220355	-0.164805	-0.172104	-0.237851	-0.203505	-0.212053	-0.253116	-0.211518	-0.237068	-0.238877	-0.181931	-0.21264	-0.219862	-0.187124	-0.218747	-0.249979	-0.162028	-0.169208	-0.216391	-0.220008	-0.19144	-0.291558	-0.239043	-0.285435	-0.20317	-0.166648	-0.204269	-0.215689	-0.232028	-0.226984	-0.202932	-0.20989	-0.22993	-0.245144	-0.302891	-0.214211	-0.207561	-0.194614	-0.211324	-0.191174	-0.242377	-0.241123	-0.212649	-0.221335	-0.217482	-0.199641	-0.211218	-0.206455	-0.214948	-0.215885	-0.24027	-0.220026	-0.207003	-0.207495	-0.196199	-0.217902	-0.223987	-0.238378	-0.182929	-0.219537	-0.247391	-0.224295	-0.248639	-0.233795	-0.238216	-0.204883	-0.250894	-0.222365	-0.231543	-0.25829	-0.226476	-0.191342	-0.242435	-0.1951	-0.230639	-0.201405	-0.193991	-0.23234	-0.221694	-0.233852	-0.244236	-0.234181	-0.195151	-0.227961	-0.257594	-0.244748	-0.216566	-0.232437	-0.252284	-0.177965	-0.234569	-0.243114	-0.241843	-0.256747	-0.251655	-0.183172	-0.204808	-0.208962	-0.240081	-0.248417	-0.168318	-0.224241	-0.212074	-0.209512	-0.261437	-0.245121	-0.199994	-0.192623	-0.21205	-0.203978	-0.225189	-0.236133	-0.192469	-0.210469	-0.215682	-0.215006	-0.247425	-0.215682	-0.249106	-0.216643	-0.207545	-0.205111	-0.164194	-0.230183	-0.224698	-0.241835	-0.186749	-0.230843	-0.175493	-0.22407	-0.232543	-0.205725	-0.220983	-0.249141	-0.218632	-0.184866	-0.190926	-0.186929	-0.204577	-0.204125	-0.255349	-0.136326	-0.181937	-0.227865	-0.195633	-0.326168	-0.271754	-0.23468	-0.165828	-0.204883	-0.190025	-0.205927	-0.256947	-0.205478	-0.217786	-0.253437	-0.23517	-0.195696	-0.204577	-0.228114	-0.236719	-0.212237	-0.259808	-0.186372	-0.213103	-0.241964	-0.252426	-0.18684	-0.21507	-0.195633	-0.221025	-0.230865	-0.197928	-0.229632	-0.213218	-0.213103	-0.226786	-0.230865	-0.222668	-0.212237	-0.237684	-0.168045	-0.192398	-0.249843	-0.178106	-0.2304	-0.256947	-0.238877	-0.255122	-0.254101	-0.184611	-0.230865	-0.207149	-0.225041	-0.192186	-0.199994	-0.256947	-0.1903	-0.201405	-0.195632	-0.252876	-0.228243	-0.229702	-0.229702	-0.258925	-0.162367	-0.242703	-0.201887	-0.237861	-0.157234	-0.187247	-0.199282	-0.240335	-0.23468	-0.216709	-0.136681	-0.254101	-0.237861	-0.213103	-0.213197	-0.23234	-0.23542	-0.265949	-0.23847	-0.266986	-0.123793	-0.226125	-0.255122	-0.268046	-0.221149	-0.226786	-0.263092	-0.216677	-0.166563	-0.1903	-0.256947	-0.216709	-0.181623	-0.254101	-0.272128	-0.309295	-0.130733	-0.298065	-0.188731	-0.192186	-0.19205	-0.265803	-0.195696	-0.190777	-0.263109	-0.194059	-0.1903	-0.243976	-0.228542	-0.2039	-0.226984	-0.187247	-0.219805	-0.235907	-0.198862	-0.277712	-0.202314	-0.301509	-0.187247	-0.242703	-0.223342	-0.236543	-0.208389	-0.309461	-0.183591	-0.256947	-0.182822	-0.226984	-0.195696	-0.19205	-0.214521	-0.182933	-0.187587	-0.216709	-0.254331	-0.242754	-0.254101	-0.259808	-0.225699	-0.217681	-0.151613	-0.179164	-0.229632	-0.242287	-0.23672	-0.238877	-0.190474	-0.188565	-0.208389	-0.208501	-0.277888	-0.169721	-0.232924	-0.206338	-0.212237	-0.237861	-0.239959	-0.296786	-0.242703	-0.252426	-0.22885	-0.23703	-0.201405	-0.223216	-0.261437	-0.254101	-0.213891	-0.216577	-0.195696	-0.22639	-0.187247	-0.254101	-0.236719	-0.277888	-0.243976	-0.272735	-0.178106	-0.23234	-0.301275	-0.172712	-0.23051	-0.20196	-0.24825	-0.182822	-0.195651	-0.213218	-0.206919	-0.263109	-0.130733	-0.280052	-0.217298
35000	intercept	0.28494	0.285226	0.286697	0.288685	0.277954	0.30258	0.287701	0.279317	0.309881	0.291507	0.293706	0.297429	0.278031	0.30163	0.302937	0.299703	0.287486	0.296487	0.268078	0.289252	0.285198	0.272537	0.288287	0.248368	0.282686	0.316947	0.305459	0.300745	0.316449	0.299507	0.284912	0.294168	0.300095	0.282256	0.270678	0.292034	0.304752	0.28617	0.279738	0.272088	0.285163	0.295682	0.274823	0.250868	0.298298	0.283719	0.277008	0.272086	0.272669	0.294028	0.293444	0.25214	0.251596	0.29665	0.267417	0.312164	0.283601	0.292577	0.265003	0.292933	0.303518	0.296386	0.295554	0.282952	0.25353	0.254981	0.266062	0.292933	0.297295	0.270058	0.331677	0.291318	0.291945	0.313942	0.276462	0.264845	0.264315	0.290371	0.289959	0.310292	0.251186	0.278626	0.286393	0.298408	0.276524	0.341835	0.301451	0.304596	0.276219	0.23901	0.278019	0.297751	0.259731	0.251997	0.276335	0.282635	0.289987	0.3088	0.334386	0.280924	0.263699	0.273844	0.26869	0.282661	0.301604	0.277122	0.251224	0.283346	0.277694	0.301715	0.26644	0.264978	0.304298	0.290224	0.302974	0.300458	0.290266	0.290366	0.24289	0.298651	0.267253	0.279526	0.28679	0.289309	0.306457	0.279043	0.314263	0.278881	0.320544	0.265535	0.300676	0.289914	0.292909	0.323299	0.310737	0.268633	0.311135	0.263685	0.29814	0.254244	0.28313	0.30104	0.296414	0.297277	0.312593	0.290486	0.278942	0.299201	0.292179	0.294789	0.291388	0.296991	0.318947	0.300135	0.298856	0.306576	0.311327	0.294171	0.312552	0.284174	0.302616	0.309881	0.310907	0.304674	0.270156	0.277562	0.27767	0.299226	0.292161	0.313788	0.251854	0.296096	0.26072	0.291556	0.288325	0.233262	0.277591	0.288007	0.268611	0.27425	0.306392	0.267783	0.310937	0.265371	0.279055	0.288598	0.22809	0.309375	0.300489	0.286247	0.285559	0.295339	0.277078	0.309257	0.289803	0.281302	0.269797	0.32017	0.258484	0.299429	0.258805	0.27193	0.281218	0.283776	0.325919	0.206121	0.288685	0.323039	0.29027	0.355429	0.309314	0.281644	0.257484	0.265535	0.276822	0.264736	0.328242	0.313299	0.274384	0.289748	0.305264	0.302937	0.273797	0.295878	0.26097	0.288126	0.304364	0.288287	0.264886	0.2983	0.30104	0.279838	0.306006	0.29027	0.26097	0.288262	0.296625	0.293548	0.278499	0.264886	0.263425	0.288262	0.273635	0.288126	0.308093	0.273474	0.280116	0.292161	0.267621	0.291403	0.300596	0.30657	0.303003	0.284714	0.258805	0.288262	0.275402	0.287907	0.300848	0.251854	0.300596	0.301308	0.254244	0.29027	0.310512	0.289139	0.303812	0.303812	0.309958	0.280406	0.309322	0.281218	0.31656	0.257484	0.250016	0.265027	0.304701	0.281644	0.310165	0.243454	0.291704	0.31656	0.264886	0.291438	0.306062	0.292161	0.304752	0.264657	0.289745	0.243454	0.30104	0.32343	0.28755	0.31656	0.254348	0.289472	0.275079	0.285951	0.302892	0.300596	0.322816	0.280387	0.284714	0.281288	0.333111	0.265017	0.335006	0.275236	0.288287	0.286975	0.306064	0.302937	0.269241	0.323927	0.28059	0.284837	0.309586	0.256566	0.291392	0.251997	0.244421	0.281185	0.2974	0.287907	0.338371	0.288287	0.340591	0.239467	0.309322	0.288126	0.331168	0.301428	0.333989	0.28059	0.317402	0.305608	0.251997	0.302937	0.272786	0.254348	0.303905	0.291602	0.322816	0.30412	0.309991	0.284714	0.304364	0.289139	0.279312	0.266185	0.300356	0.293548	0.299389	0.282684	0.30657	0.267304	0.277591	0.301428	0.254636	0.328557	0.257724	0.27698	0.30024	0.297958	0.31656	0.279312	0.3389	0.309322	0.280893	0.254348	0.299389	0.254244	0.31656	0.288796	0.284714	0.254636	0.258917	0.302937	0.299389	0.242524	0.303455	0.266504	0.328557	0.309586	0.312882	0.257724	0.30104	0.338604	0.290475	0.268593	0.306051	0.2983	0.302554	0.271899	0.278499	0.28907	0.323927	0.265017	0.313968	0.283486
36000	slope	-0.249742	-0.230873	-0.226245	-0.227767	-0.239493	-0.189177	-0.231364	-0.199043	-0.190208	-0.235838	-0.280497	-0.217074	-0.246392	-0.209939	-0.239462	-0.238646	-0.221498	-0.179459	-0.203029	-0.215185	-0.204465	-0.253099	-0.226109	-0.256484	-0.201145	-0.140746	-0.195812	-0.201877	-0.22463	-0.213217	-0.25462	-0.254417	-0.192289	-0.20852	-0.251744	-0.258261	-0.229526	-0.157213	-0.268978	-0.224951	-0.276067	-0.253311	-0.197282	-0.177443	-0.192301	-0.222206	-0.177403	-0.204769	-0.232968	-0.185115	-0.290776	-0.240615	-0.232232	-0.221139	-0.199061	-0.241247	-0.285269	-0.233083	-0.260153	-0.245026	-0.264833	-0.20797	-0.178909	-0.222269	-0.256314	-0.227353	-0.170666	-0.22326	-0.23359	-0.222351	-0.176996	-0.300203	-0.231334	-0.148721	-0.188639	-0.262034	-0.229827	-0.224455	-0.241675	-0.244608	-0.183227	-0.262897	-0.220679	-0.237722	-0.209186	-0.251747	-0.234441	-0.2808	-0.249568	-0.250403	-0.226685	-0.187404	-0.149011	-0.240068	-0.172639	-0.221156	-0.230478	-0.146668	-0.23196	-0.227967	-0.245837	-0.220982	-0.227332	-0.213386	-0.176946	-0.236397	-0.208021	-0.243972	-0.186145	-0.223318	-0.24785	-0.236142	-0.183226	-0.260245	-0.195341	-0.167256	-0.146668	-0.190057	-0.16308	-0.209226	-0.176996	-0.18932	-0.201176	-0.24689	-0.240328	-0.256162	-0.204911	-0.273096	-0.241652	-0.221243	-0.221418	-0.250655	-0.19281	-0.202425	-0.226289	-0.249578	-0.205198	-0.257875	-0.245551	-0.215477	-0.281823	-0.239129	-0.193049	-0.200966	-0.193719	-0.225431	-0.238399	-0.267702	-0.23849	-0.209604	-0.276979	-0.170212	-0.241932	-0.213612	-0.251114	-0.249848	-0.217901	-0.242027	-0.19735	-0.19142	-0.185358	-0.196406	-0.276067	-0.250039	-0.203584	-0.286132	-0.238599	-0.246285	-0.199772	-0.24814	-0.265694	-0.264687	-0.255789	-0.224452	-0.193563	-0.212898	-0.223349	-0.181541	-0.233	-0.226124	-0.214853	-0.227952	-0.242573	-0.183518	-0.226269	-0.237199	-0.255281	-0.224163	-0.315276	-0.250403	-0.236416	-0.285269	-0.247969	-0.211017	-0.216655	-0.198702	-0.214132	-0.189401	-0.188678	-0.248733	-0.232266	-0.231405	-0.204178	-0.188624	-0.216587	-0.250128	-0.269711	-0.265009	-0.201597	-0.240673	-0.20797	-0.170666	-0.277961	-0.207732	-0.20797	-0.19892	-0.206856	-0.326992	-0.14173	-0.237672	-0.168679	-0.190056	-0.238459	-0.193015	-0.219019	-0.216318	-0.194174	-0.185013	-0.239129	-0.270978	-0.214188	-0.254603	-0.241539	-0.264203	-0.204911	-0.246934	-0.13203	-0.226245	-0.206194	-0.196688	-0.254934	-0.188624	-0.193015	-0.24119	-0.310419	-0.250128	-0.277778	-0.218558	-0.248298	-0.254885	-0.142015	-0.183646	-0.21614	-0.209257	-0.274956	-0.180825	-0.219687	-0.261224	-0.189128	-0.197665	-0.251239	-0.13203	-0.300203	-0.169819	-0.215477	-0.188667	-0.214887	-0.170666	-0.204911	-0.252198	-0.274581	-0.24119	-0.270978	-0.308932	-0.257107	-0.176996	-0.200053	-0.257308	-0.204911	-0.187048	-0.187048	-0.215583	-0.176996	-0.242977	-0.24059	-0.272722	-0.238514	-0.257308	-0.250128	-0.254603	-0.248298	-0.201597	-0.167256	-0.250601	-0.255964	-0.24059	-0.179816	-0.277778	-0.308258	-0.20175	-0.226245	-0.201222	-0.230406	-0.178606	-0.145155	-0.25981	-0.263855	-0.218032	-0.223302	-0.173171	-0.23618	-0.187048	-0.26504	-0.146668	-0.254603	-0.269369	-0.201458	-0.230406	-0.169484	-0.17576	-0.244386	-0.18433	-0.235056	-0.258261	-0.315276	-0.218546	-0.0911469	-0.274513	-0.284205	-0.176996	-0.242125	-0.246392	-0.189983	-0.183226	-0.173699	-0.178186	-0.310544	-0.211575	-0.250601	-0.277778	-0.240673	-0.195053	-0.176996	-0.212062	-0.272929	-0.238459	-0.173699	-0.215583	-0.17205	-0.190979	-0.274956	-0.212338	-0.297347	-0.254603	-0.239129	-0.190059	-0.257107	-0.146668	-0.195053	-0.16768	-0.193276	-0.231405	-0.2808	-0.193015	-0.326992	-0.178606	-0.173699	-0.24442	-0.22278	-0.188763	-0.246971	-0.215583	-0.206491	-0.149011	-0.289057	-0.240673	-0.188167	-0.269711	-0.0911469	-0.189401	-0.175383	-0.185013	-0.239129	-0.294244	-0.217074	-0.292941	-0.236483	-0.17576	-0.239129	-0.204911	-0.214514	-0.232944	-0.246392	-0.211575	-0.204267	-0.223344	-0.213901	-0.284205	-0.268042	-0.202458
36000	intercept	0.276982	0.29046	0.247071	0.301148	0.32582	0.280959	0.308035	0.284252	0.280165	0.291379	0.323658	0.256325	0.279834	0.289481	0.292849	0.290951	0.281858	0.242007	0.260177	0.284446	0.282859	0.299412	0.303029	0.290324	0.259407	0.245643	0.305082	0.314849	0.29032	0.275629	0.300356	0.305358	0.273431	0.286446	0.313968	0.330198	0.274014	0.237213	0.324369	0.289088	0.306052	0.314823	0.276208	0.234319	0.274773	0.296656	0.239188	0.276834	0.302063	0.262972	0.35155	0.293727	0.307324	0.251896	0.2846	0.313932	0.348677	0.257012	0.298372	0.295019	0.333829	0.343527	0.254135	0.305718	0.32366	0.320695	0.238166	0.290982	0.309698	0.306186	0.215196	0.335702	0.318207	0.273942	0.275859	0.3427	0.294734	0.293039	0.30328	0.29081	0.270863	0.314091	0.289309	0.289474	0.298332	0.300658	0.294255	0.325538	0.268952	0.306297	0.282428	0.280037	0.239459	0.285687	0.244188	0.288604	0.302108	0.291538	0.310421	0.299005	0.279834	0.322781	0.327214	0.291128	0.247267	0.321001	0.271182	0.309654	0.28435	0.301254	0.309674	0.31595	0.26847	0.277342	0.263161	0.26205	0.291538	0.261311	0.269966	0.305158	0.232627	0.272132	0.249799	0.287426	0.304301	0.316849	0.292744	0.305496	0.324217	0.24804	0.294252	0.316267	0.272158	0.267677	0.276736	0.311046	0.277303	0.29497	0.278909	0.265662	0.309399	0.335705	0.2755	0.256809	0.259634	0.257743	0.293733	0.29611	0.25984	0.267576	0.306117	0.264884	0.284991	0.281058	0.28452	0.332676	0.278335	0.322348	0.274455	0.280904	0.25579	0.273609	0.305988	0.306094	0.307518	0.325538	0.292352	0.317866	0.234032	0.302846	0.307324	0.311271	0.29747	0.267852	0.253842	0.251075	0.284002	0.249093	0.287436	0.287486	0.328255	0.286712	0.305354	0.283608	0.286493	0.261545	0.299922	0.293051	0.331309	0.306297	0.319994	0.348677	0.283075	0.297272	0.282223	0.267487	0.298884	0.273212	0.268359	0.301477	0.283384	0.32087	0.248651	0.244207	0.256325	0.289259	0.325665	0.34224	0.273212	0.259751	0.343527	0.226063	0.358967	0.293736	0.343527	0.267124	0.273212	0.333065	0.280008	0.30363	0.2976	0.273686	0.302864	0.337666	0.293736	0.296002	0.27399	0.251592	0.335705	0.311248	0.292744	0.278865	0.316121	0.3023	0.292744	0.282277	0.257262	0.225337	0.273877	0.335992	0.28452	0.244207	0.306095	0.275068	0.323816	0.300211	0.346185	0.269539	0.314856	0.294288	0.23626	0.247753	0.267124	0.267124	0.35103	0.216717	0.266454	0.314747	0.261744	0.220875	0.308115	0.257262	0.327623	0.238166	0.265662	0.262054	0.287382	0.238166	0.29734	0.280896	0.306308	0.275068	0.311248	0.32998	0.283588	0.284443	0.301522	0.294288	0.292744	0.275606	0.280664	0.299758	0.249101	0.279834	0.279834	0.321509	0.314747	0.294288	0.28542	0.266682	0.314856	0.262769	0.26205	0.289259	0.302896	0.279834	0.270863	0.359675	0.329996	0.289061	0.247071	0.292672	0.307632	0.230771	0.29624	0.305076	0.311248	0.296751	0.320519	0.305914	0.280896	0.275606	0.31351	0.281022	0.266682	0.355202	0.248651	0.278246	0.20396	0.270863	0.302437	0.270863	0.290946	0.351176	0.331309	0.293816	0.245977	0.302896	0.357088	0.234472	0.280896	0.279834	0.252488	0.26847	0.24898	0.243904	0.318168	0.305231	0.289259	0.359675	0.259751	0.289061	0.248085	0.272408	0.346185	0.302864	0.24898	0.299758	0.241633	0.250365	0.35103	0.265914	0.3392	0.266682	0.335705	0.267937	0.283588	0.291538	0.289061	0.280008	0.258435	0.324256	0.325538	0.324686	0.333193	0.234472	0.24898	0.311542	0.30403	0.245653	0.284824	0.299758	0.219273	0.239459	0.350923	0.280192	0.245309	0.325665	0.245977	0.273212	0.234472	0.253474	0.335705	0.313222	0.256325	0.33286	0.256759	0.270863	0.335705	0.292744	0.291768	0.299651	0.296958	0.294781	0.292744	0.301065	0.299758	0.357088	0.285109	0.273923
37000	slope	-0.188388	-0.294188	-0.24695	-0.209676	-0.20898	-0.145212	-0.216837	-0.286284	-0.241326	-0.204006	-0.242765	-0.245389	-0.219872	-0.221738	-0.247099	-0.176801	-0.152242	-0.196558	-0.246464	-0.197682	-0.300718	-0.269391	-0.208659	-0.186676	-0.233759	-0.258596	-0.168548	-0.257434	-0.208219	-0.239355	-0.191827	-0.183542	-0.23301	-0.190729	-0.256393	-0.197818	-0.216596	-0.262825	-0.225863	-0.223928	-0.204393	-0.2749	-0.241809	-0.173473	-0.235062	-0.25813	-0.235866	-0.204593	-0.265415	-0.243247	-0.219696	-0.293271	-0.223678	-0.195317	-0.154399	-0.25139	-0.235206	-0.209052	-0.209931	-0.20987	-0.226949	-0.322101	-0.282166	-0.215522	-0.214223	-0.225032	-0.250943	-0.265132	-0.229891	-0.172756	-0.175336	-0.220807	-0.240973	-0.257087	-0.226998	-0.217846	-0.212213	-0.219349	-0.203575	-0.225614	-0.218221	-0.209753	-0.28119	-0.316236	-0.208506	-0.254893	-0.234174	-0.242872	-0.240369	-0.200681	-0.236186	-0.212561	-0.275734	-0.182757	-0.26344	-0.201018	-0.211356	-0.240572	-0.216222	-0.261693	-0.217227	-0.251192	-0.243964	-0.191101	-0.27798	-0.227245	-0.221215	-0.260968	-0.267793	-0.223726	-0.251571	-0.218508	-0.213081	-0.202511	-0.258258	-0.202622	-0.244238	-0.250022	-0.226313	-0.164357	-0.188138	-0.277427	-0.264203	-0.250139	-0.203241	-0.312724	-0.29584	-0.169536	-0.276535	-0.222641	-0.158251	-0.215534	-0.235144	-0.29599	-0.230121	-0.288846	-0.253685	-0.189598	-0.197858	-0.212103	-0.236447	-0.166417	-0.149498	-0.211409	-0.217265	-0.264738	-0.25978	-0.25351	-0.249084	-0.160939	-0.235334	-0.122396	-0.204015	-0.217484	-0.219469	-0.170224	-0.276535	-0.225077	-0.198051	-0.184769	-0.229206	-0.211818	-0.247521	-0.292262	-0.259354	-0.28007	-0.256685	-0.234956	-0.259283	-0.212216	-0.192472	-0.227959	-0.190165	-0.211861	-0.262272	-0.294117	-0.276535	-0.22399	-0.167412	-0.189585	-0.210409	-0.222843	-0.228356	-0.227245	-0.189802	-0.238316	-0.199652	-0.250274	-0.265218	-0.240479	-0.263902	-0.236202	-0.249404	-0.212769	-0.238782	-0.260937	-0.161453	-0.253117	-0.264993	-0.166027	-0.227303	-0.216345	-0.195221	-0.19263	-0.215447	-0.203384	-0.203877	-0.229793	-0.276535	-0.306333	-0.203734	-0.224968	-0.268526	-0.285043	-0.238827	-0.236777	-0.20057	-0.218508	-0.227303	-0.184443	-0.224797	-0.313564	-0.206371	-0.157327	-0.193581	-0.206371	-0.253047	-0.23072	-0.105532	-0.319534	-0.237216	-0.228411	-0.20391	-0.253193	-0.261994	-0.250022	-0.221983	-0.160296	-0.235334	-0.299577	-0.257087	-0.183566	-0.200122	-0.226403	-0.215717	-0.203734	-0.203877	-0.20057	-0.289593	-0.209654	-0.158872	-0.20057	-0.261994	-0.224968	-0.213982	-0.115147	-0.312584	-0.294931	-0.170945	-0.202172	-0.291238	-0.238687	-0.295584	-0.202808	-0.160296	-0.160296	-0.203877	-0.328698	-0.22416	-0.198247	-0.186435	-0.162403	-0.223678	-0.184358	-0.134339	-0.215401	-0.274419	-0.2359	-0.150684	-0.274419	-0.277833	-0.226794	-0.238827	-0.180447	-0.262248	-0.265652	-0.231618	-0.191368	-0.224797	-0.259916	-0.157327	-0.235368	-0.23058	-0.219545	-0.282684	-0.227442	-0.224968	-0.274631	-0.274419	-0.154977	-0.238553	-0.152234	-0.222142	-0.23947	-0.183162	-0.229793	-0.276535	-0.229321	-0.217846	-0.186027	-0.294931	-0.186435	-0.302047	-0.180447	-0.206088	-0.235334	-0.234911	-0.198247	-0.196423	-0.224933	-0.188388	-0.151483	-0.203384	-0.101803	-0.266703	-0.206371	-0.257622	-0.283497	-0.307221	-0.216345	-0.212438	-0.218508	-0.23072	-0.20057	-0.294931	-0.12004	-0.186027	-0.289932	-0.230027	-0.216779	-0.238687	-0.238146	-0.218508	-0.262248	-0.237306	-0.217846	-0.115466	-0.29985	-0.197093	-0.203877	-0.262024	-0.294636	-0.217691	-0.20224	-0.266199	-0.240425	-0.237991	-0.251822	-0.253193	-0.247077	-0.236082	-0.224797	-0.249717	-0.202622	-0.225863	-0.206078	-0.241809	-0.206187	-0.234115	-0.184443	-0.307221	-0.220404	-0.307412	-0.23072	-0.255579	-0.154977	-0.238827	-0.262248	-0.191025	-0.203877	-0.115466	-0.196506	-0.196506	-0.262248	-0.224882	-0.2359	-0.312584	-0.210042	-0.321314	-0.181816	-0.203384	-0.160789	-0.261994	-0.227115	-0.262248	-0.23072	-0.186435	-0.226628	-0.286395	-0.294931
37000	intercept	0.26374	0.326136	0.318497	0.264077	0.247621	0.301134	0.265042	0.34055	0.292787	0.273001	0.304842	0.272081	0.303445	0.284417	0.279863	0.225228	0.26961	0.270147	0.30309	0.279752	0.361247	0.303557	0.276644	0.245971	0.287937	0.31542	0.238187	0.311421	0.258667	0.307559	0.237586	0.258067	0.296223	0.286386	0.329652	0.281868	0.271639	0.32056	0.277401	0.282316	0.263616	0.28728	0.267564	0.254996	0.319985	0.315198	0.306991	0.293681	0.321592	0.300694	0.279794	0.342729	0.281126	0.271036	0.252618	0.324131	0.287997	0.304403	0.257932	0.30137	0.282565	0.350812	0.315459	0.270999	0.27358	0.293445	0.300463	0.316899	0.29678	0.248441	0.261761	0.262278	0.32325	0.28546	0.286372	0.306648	0.279229	0.273264	0.315913	0.280647	0.273588	0.291245	0.338397	0.341041	0.28037	0.286519	0.280586	0.277234	0.301257	0.288105	0.305528	0.248972	0.313199	0.268238	0.297073	0.271678	0.27154	0.270118	0.286743	0.313001	0.27624	0.333376	0.287231	0.252252	0.318487	0.297265	0.316139	0.305373	0.324402	0.272072	0.303709	0.287186	0.273154	0.2516	0.300742	0.296937	0.309296	0.288873	0.293181	0.249091	0.263308	0.348331	0.30032	0.312908	0.2964	0.395696	0.368998	0.259615	0.316265	0.30016	0.285703	0.278836	0.274741	0.317458	0.296334	0.33379	0.315134	0.282697	0.254313	0.278596	0.298984	0.295206	0.255491	0.272334	0.297866	0.326096	0.323074	0.308191	0.323985	0.28468	0.26376	0.26573	0.288124	0.278736	0.284908	0.225665	0.320994	0.283259	0.28586	0.272843	0.284115	0.275161	0.304278	0.345426	0.302343	0.323631	0.33326	0.297677	0.306641	0.265145	0.270468	0.290874	0.247652	0.26375	0.333981	0.35244	0.318995	0.285716	0.284409	0.268828	0.273338	0.28186	0.27811	0.311214	0.221735	0.291059	0.269507	0.289565	0.307903	0.326263	0.307006	0.301256	0.31968	0.279455	0.272176	0.297968	0.245877	0.299454	0.299717	0.293308	0.300132	0.254211	0.269043	0.269043	0.265191	0.265191	0.277138	0.282555	0.318995	0.395573	0.276997	0.280371	0.362262	0.317043	0.291858	0.281126	0.265191	0.287186	0.300132	0.249343	0.296017	0.41172	0.235112	0.251004	0.31594	0.265185	0.269751	0.271484	0.290279	0.403419	0.285357	0.265085	0.311214	0.25524	0.300255	0.293254	0.268699	0.249091	0.26376	0.375735	0.28546	0.263516	0.265191	0.296017	0.272552	0.276997	0.281015	0.273974	0.321216	0.270132	0.24767	0.258785	0.3028	0.281649	0.311214	0.282346	0.33137	0.369637	0.249091	0.278476	0.364409	0.258631	0.366114	0.291018	0.284774	0.258408	0.276013	0.348676	0.302161	0.292412	0.239312	0.219045	0.281126	0.297857	0.249091	0.294301	0.318995	0.291785	0.255491	0.336485	0.352559	0.278836	0.291858	0.297857	0.300587	0.300239	0.290581	0.281219	0.296017	0.327737	0.269936	0.281067	0.272954	0.296659	0.369637	0.275936	0.281649	0.377714	0.318995	0.252618	0.283121	0.269936	0.277889	0.270132	0.212609	0.282555	0.318995	0.265085	0.305799	0.281219	0.380683	0.239312	0.317872	0.297857	0.295848	0.26376	0.280773	0.288311	0.286386	0.275482	0.26374	0.233019	0.265191	0.298001	0.312606	0.265185	0.310042	0.318995	0.317872	0.256892	0.285117	0.287186	0.284307	0.285873	0.371308	0.289877	0.273167	0.317043	0.265085	0.281214	0.258631	0.312606	0.287186	0.300587	0.283389	0.305799	0.286484	0.398168	0.254711	0.276747	0.271097	0.355742	0.281496	0.281015	0.318995	0.326974	0.277454	0.275152	0.25524	0.318995	0.315073	0.299597	0.293518	0.275247	0.277889	0.256455	0.286581	0.281911	0.272954	0.249343	0.317872	0.272966	0.344369	0.291651	0.310042	0.252618	0.291858	0.290857	0.257746	0.276747	0.286484	0.253418	0.253418	0.311998	0.321798	0.273051	0.33137	0.277454	0.353736	0.2552	0.265191	0.233019	0.300255	0.286486	0.300587	0.291651	0.243201	0.292683	0.362262	0.366126
38000	slope	-0.259465	-0.209976	-0.242546	-0.211916	-0.23574	-0.269509	-0.224394	-0.284184	-0.260688	-0.236398	-0.263857	-0.231804	-0.249305	-0.211529	-0.251225	-0.270442	-0.262393	-0.190237	-0.229544	-0.249005	-0.218893	-0.25406	-0.208182	-0.235428	-0.260775	-0.25606	-0.268141	-0.294923	-0.241569	-0.216551	-0.209385	-0.250003	-0.221679	-0.296382	-0.317596	-0.239779	-0.206131	-0.244401	-0.299516	-0.253884	-0.225407	-0.241831	-0.275877	-0.235459	-0.247298	-0.231684	-0.269935	-0.22746	-0.253794	-0.227476	-0.229871	-0.251871	-0.284902	-0.237981	-0.273631	-0.236673	-0.194921	-0.238757	-0.237339	-0.274939	-0.212125	-0.237206	-0.261703	-0.229905	-0.269182	-0.261078	-0.239601	-0.288869	-0.260226	-0.209697	-0.24805	-0.238915	-0.21938	-0.232371	-0.2854	-0.260159	-0.226584	-0.263208	-0.231353	-0.254588	-0.242005	-0.260508	-0.321579	-0.244319	-0.21171	-0.277418	-0.22533	-0.24897	-0.234179	-0.200167	-0.218328	-0.268514	-0.207685	-0.249805	-0.231165	-0.230893	-0.253843	-0.255484	-0.226278	-0.272044	-0.250776	-0.226042	-0.21637	-0.198363	-0.296505	-0.231952	-0.248853	-0.194921	-0.215175	-0.283202	-0.283958	-0.2726	-0.281176	-0.205528	-0.240875	-0.191058	-0.283196	-0.258334	-0.2049	-0.267036	-0.279234	-0.242036	-0.316211	-0.261516	-0.202566	-0.312889	-0.244826	-0.235941	-0.228865	-0.204289	-0.269087	-0.224457	-0.260385	-0.280564	-0.23839	-0.240437	-0.254271	-0.219116	-0.20117	-0.248353	-0.231611	-0.312706	-0.287585	-0.230662	-0.169969	-0.262116	-0.190565	-0.202599	-0.226774	-0.299578	-0.194281	-0.22913	-0.274289	-0.285841	-0.235816	-0.281915	-0.219575	-0.200715	-0.286169	-0.26582	-0.221417	-0.224928	-0.206084	-0.233984	-0.191083	-0.332709	-0.227163	-0.241971	-0.216785	-0.207409	-0.23423	-0.28463	-0.229779	-0.200058	-0.221329	-0.277724	-0.179329	-0.312889	-0.247129	-0.299877	-0.241175	-0.231662	-0.336255	-0.307485	-0.239832	-0.219467	-0.24757	-0.24938	-0.28878	-0.329163	-0.215114	-0.223131	-0.147908	-0.241465	-0.277228	-0.251492	-0.234999	-0.198454	-0.298515	-0.217672	-0.261516	-0.257918	-0.194281	-0.295758	-0.222829	-0.217193	-0.219722	-0.302278	-0.241465	-0.299426	-0.238608	-0.197464	-0.212146	-0.228141	-0.216506	-0.211686	-0.212146	-0.212902	-0.252627	-0.2143	-0.194281	-0.23839	-0.210983	-0.265439	-0.212146	-0.239073	-0.187903	-0.211686	-0.226227	-0.214108	-0.205896	-0.242546	-0.242225	-0.223395	-0.242449	-0.232371	-0.237206	-0.226227	-0.235936	-0.225176	-0.295758	-0.336255	-0.297373	-0.247518	-0.238563	-0.335721	-0.22067	-0.203623	-0.238644	-0.340893	-0.192152	-0.19168	-0.169969	-0.227529	-0.225641	-0.211686	-0.209296	-0.239832	-0.303333	-0.310124	-0.241262	-0.299426	-0.217193	-0.211686	-0.216105	-0.242546	-0.242546	-0.286268	-0.209296	-0.330311	-0.249478	-0.221018	-0.224003	-0.224014	-0.24695	-0.207647	-0.269182	-0.252621	-0.306783	-0.212146	-0.3173	-0.310584	-0.183441	-0.312889	-0.169969	-0.329163	-0.224457	-0.283371	-0.296949	-0.191083	-0.282572	-0.239073	-0.24276	-0.20058	-0.226843	-0.2143	-0.219121	-0.211897	-0.212146	-0.24757	-0.329509	-0.257918	-0.211686	-0.336942	-0.239366	-0.202701	-0.249452	-0.191845	-0.191845	-0.20793	-0.194281	-0.222829	-0.211307	-0.220015	-0.241262	-0.218082	-0.289303	-0.264377	-0.312889	-0.219196	-0.169969	-0.194921	-0.187261	-0.317488	-0.225089	-0.310118	-0.159362	-0.223254	-0.299606	-0.176442	-0.241637	-0.255479	-0.13798	-0.255479	-0.204997	-0.249895	-0.216381	-0.188541	-0.209251	-0.194991	-0.218946	-0.286268	-0.212146	-0.216506	-0.197573	-0.226843	-0.2458	-0.237138	-0.249321	-0.239832	-0.197464	-0.219744	-0.218946	-0.215704	-0.289303	-0.230222	-0.235936	-0.20806	-0.237138	-0.24695	-0.219121	-0.261173	-0.261516	-0.24805	-0.203787	-0.258043	-0.192072	-0.261008	-0.219121	-0.200902	-0.203073	-0.216105	-0.229399	-0.325865	-0.24276	-0.260296	-0.208395	-0.287487	-0.250947	-0.238643	-0.239832	-0.188541	-0.211161	-0.249895	-0.287487	-0.299426	-0.21029	-0.239961	-0.218041	-0.237339	-0.252621	-0.305396	-0.23839	-0.311253	-0.260296	-0.222829	-0.20058	-0.310574	-0.309005	-0.244691
38000	intercept	0.327551	0.281711	0.298929	0.268536	0.286253	0.331358	0.259941	0.340528	0.314006	0.279993	0.319183	0.28427	0.310221	0.290357	0.296911	0.309453	0.322732	0.271527	0.296029	0.285316	0.292951	0.305875	0.253366	0.290602	0.310936	0.293334	0.299944	0.338133	0.292368	0.277596	0.294267	0.337222	0.272997	0.387998	0.33272	0.300674	0.26322	0.261904	0.372371	0.340577	0.272933	0.29735	0.32819	0.301234	0.278576	0.278685	0.311255	0.28511	0.323229	0.294633	0.27685	0.30011	0.336123	0.319142	0.318459	0.279812	0.255657	0.317081	0.307109	0.322469	0.298602	0.300832	0.316539	0.277817	0.331642	0.3346	0.27285	0.336094	0.309887	0.28236	0.273608	0.291774	0.280342	0.265827	0.319032	0.339792	0.271328	0.304086	0.290213	0.339748	0.280522	0.29557	0.364153	0.289491	0.283353	0.312752	0.275267	0.268738	0.279107	0.254001	0.297358	0.345887	0.28082	0.307982	0.283226	0.31952	0.339852	0.29557	0.284518	0.315423	0.326433	0.287935	0.256035	0.270502	0.36873	0.260606	0.314059	0.255657	0.282632	0.339666	0.339761	0.29406	0.336073	0.285171	0.302934	0.252157	0.330682	0.309073	0.252302	0.337874	0.326322	0.287049	0.340979	0.322095	0.300197	0.345043	0.264972	0.322653	0.29445	0.267781	0.32755	0.253849	0.313969	0.326135	0.352852	0.262891	0.284737	0.28396	0.25824	0.301268	0.276899	0.353623	0.313273	0.289731	0.252715	0.318633	0.27182	0.281776	0.274055	0.338467	0.281067	0.280921	0.320178	0.345891	0.296589	0.298082	0.288047	0.266823	0.317823	0.320834	0.288813	0.286259	0.29201	0.27224	0.261127	0.360397	0.298596	0.308101	0.276687	0.281067	0.317768	0.321642	0.29427	0.274943	0.268962	0.329725	0.260796	0.346836	0.299872	0.325724	0.279376	0.284739	0.364437	0.35327	0.270266	0.319692	0.34503	0.310069	0.33512	0.381766	0.274645	0.282782	0.239441	0.246701	0.309436	0.291445	0.305361	0.305118	0.33873	0.306537	0.308392	0.288274	0.281067	0.394325	0.278653	0.286263	0.267227	0.368005	0.259718	0.403814	0.291445	0.298291	0.260197	0.302471	0.312094	0.259416	0.272157	0.276174	0.309243	0.35932	0.281067	0.352852	0.292883	0.330098	0.269997	0.286898	0.280226	0.259416	0.298929	0.257528	0.27282	0.298929	0.294739	0.286188	0.248409	0.265827	0.305783	0.298929	0.271083	0.282234	0.394325	0.364437	0.355407	0.310182	0.281184	0.332683	0.282833	0.272217	0.281187	0.368688	0.274552	0.275639	0.244118	0.275732	0.250193	0.267074	0.276152	0.25507	0.403814	0.365267	0.306821	0.394325	0.296768	0.256555	0.297728	0.284696	0.294739	0.342571	0.276152	0.37988	0.294739	0.236065	0.286188	0.285171	0.308416	0.279493	0.331642	0.284546	0.394325	0.259297	0.3548	0.335297	0.273426	0.346836	0.244118	0.354685	0.253849	0.3487	0.347863	0.263961	0.331358	0.286898	0.31135	0.280119	0.298665	0.365238	0.285119	0.281191	0.272157	0.34503	0.382281	0.288274	0.268178	0.368968	0.308774	0.281191	0.282749	0.283366	0.295212	0.308505	0.281067	0.278653	0.252517	0.285613	0.306821	0.279293	0.394853	0.291445	0.346836	0.290602	0.244118	0.255657	0.279093	0.32723	0.289908	0.368005	0.292739	0.291981	0.358883	0.27188	0.274183	0.341941	0.29033	0.341941	0.300649	0.324038	0.279493	0.279493	0.244041	0.314106	0.253849	0.330098	0.269997	0.315371	0.266567	0.297537	0.317804	0.304242	0.289505	0.250227	0.281191	0.304421	0.253849	0.285171	0.394853	0.236065	0.27557	0.28236	0.293979	0.308416	0.297455	0.281519	0.308392	0.287959	0.296072	0.318958	0.286017	0.310182	0.285119	0.285072	0.237156	0.297728	0.285171	0.359766	0.31135	0.320213	0.272217	0.334944	0.309782	0.275006	0.260486	0.279493	0.299523	0.304242	0.334944	0.385299	0.290602	0.287645	0.311579	0.312909	0.284546	0.36915	0.352852	0.37923	0.320213	0.278653	0.280119	0.377461	0.36915	0.286615
39000	slope	-0.231659	-0.267468	-0.232029	-0.238396	-0.228951	-0.191199	-0.28455	-0.208868	-0.236442	-0.246919	-0.231442	-0.298939	-0.253117	-0.285555	-0.229068	-0.230944	-0.243859	-0.205774	-0.347325	-0.334526	-0.317438	-0.263696	-0.264532	-0.224021	-0.246719	-0.194487	-0.236398	-0.247382	-0.227193	-0.301398	-0.28631	-0.222945	-0.248494	-0.181687	-0.223294	-0.252661	-0.262754	-0.220873	-0.257511	-0.267491	-0.263905	-0.235943	-0.252421	-0.31876	-0.309707	-0.279627	-0.244626	-0.244432	-0.216092	-0.231905	-0.230409	-0.28778	-0.231825	-0.256095	-0.246287	-0.202432	-0.294335	-0.223904	-0.229202	-0.323828	-0.240865	-0.242455	-0.255538	-0.289728	-0.25989	-0.242758	-0.194363	-0.224257	-0.239566	-0.226588	-0.223987	-0.214308	-0.236491	-0.244572	-0.298947	-0.255888	-0.32396	-0.233657	-0.295342	-0.241783	-0.276777	-0.201142	-0.250284	-0.216354	-0.225237	-0.219363	-0.218419	-0.238321	-0.230127	-0.225592	-0.258079	-0.273831	-0.221551	-0.239417	-0.286756	-0.18483	-0.252289	-0.224868	-0.23898	-0.25255	-0.251515	-0.260739	-0.255093	-0.322543	-0.253417	-0.236328	-0.282088	-0.242707	-0.273928	-0.225794	-0.284299	-0.258913	-0.214761	-0.314658	-0.215731	-0.297721	-0.29383	-0.221372	-0.218803	-0.218682	-0.252902	-0.268303	-0.261621	-0.287753	-0.261822	-0.213606	-0.230927	-0.211693	-0.225861	-0.250599	-0.233831	-0.160319	-0.222411	-0.270646	-0.221939	-0.226209	-0.234738	-0.25844	-0.233339	-0.206265	-0.310847	-0.215773	-0.301074	-0.250779	-0.253643	-0.238839	-0.217783	-0.224939	-0.243472	-0.270487	-0.27796	-0.286429	-0.221898	-0.230785	-0.27795	-0.270727	-0.22707	-0.296732	-0.203104	-0.277901	-0.220827	-0.246061	-0.252413	-0.261365	-0.243551	-0.239519	-0.197433	-0.259409	-0.226045	-0.24141	-0.277864	-0.24025	-0.285124	-0.286879	-0.246146	-0.260441	-0.26937	-0.26548	-0.224119	-0.227238	-0.226358	-0.312914	-0.248228	-0.218168	-0.212582	-0.234868	-0.315017	-0.241016	-0.244892	-0.267041	-0.219034	-0.29141	-0.247833	-0.209631	-0.21896	-0.279186	-0.244371	-0.204343	-0.279819	-0.294479	-0.248337	-0.170564	-0.201717	-0.294976	-0.229041	-0.272358	-0.219771	-0.170564	-0.191379	-0.232912	-0.238816	-0.223718	-0.226129	-0.284798	-0.192186	-0.261422	-0.224089	-0.286242	-0.194019	-0.212945	-0.289743	-0.197433	-0.255589	-0.228663	-0.218383	-0.281206	-0.259286	-0.29631	-0.218569	-0.235135	-0.284977	-0.215971	-0.274219	-0.261348	-0.221246	-0.267468	-0.272358	-0.231667	-0.170564	-0.230204	-0.354764	-0.229041	-0.359017	-0.246089	-0.305626	-0.323828	-0.219019	-0.315017	-0.170564	-0.212945	-0.261425	-0.363099	-0.217437	-0.258053	-0.359017	-0.31516	-0.230773	-0.195589	-0.228663	-0.197795	-0.191379	-0.233884	-0.266265	-0.300307	-0.248337	-0.255369	-0.256113	-0.31434	-0.256031	-0.236568	-0.203657	-0.203851	-0.294641	-0.252679	-0.331773	-0.276516	-0.315017	-0.282719	-0.248337	-0.260869	-0.328541	-0.230898	-0.238033	-0.333646	-0.194512	-0.22881	-0.197795	-0.305626	-0.333646	-0.217437	-0.261621	-0.221027	-0.217002	-0.191066	-0.237378	-0.217213	-0.218766	-0.17407	-0.172914	-0.29631	-0.225217	-0.215843	-0.208265	-0.228663	-0.267541	-0.251	-0.361269	-0.269325	-0.289743	-0.274169	-0.224089	-0.254291	-0.203657	-0.233008	-0.209258	-0.271085	-0.251	-0.197433	-0.178381	-0.315349	-0.229282	-0.286268	-0.323828	-0.229256	-0.266479	-0.31876	-0.209937	-0.168108	-0.281855	-0.244606	-0.211502	-0.275703	-0.170564	-0.282088	-0.239568	-0.211566	-0.233008	-0.315017	-0.343958	-0.305626	-0.230927	-0.255538	-0.227926	-0.158807	-0.289743	-0.263197	-0.248177	-0.297589	-0.234431	-0.288217	-0.252679	-0.297348	-0.163243	-0.22391	-0.229256	-0.212945	-0.211639	-0.254009	-0.197914	-0.239568	-0.210492	-0.23382	-0.239568	-0.209631	-0.228512	-0.218569	-0.255589	-0.255589	-0.224021	-0.203851	-0.260398	-0.198986	-0.182778	-0.333646	-0.197795	-0.203851	-0.221027	-0.216354	-0.224021	-0.264252	-0.249903	-0.192988	-0.315017	-0.269783	-0.210492	-0.300551	-0.203851	-0.182778	-0.209258	-0.195589	-0.22391	-0.247795	-0.197433	-0.30784	-0.255369	-0.211684	-0.194512	-0.196472	-0.219944	-0.342827
39000	intercept	0.273531	0.318221	0.319175	0.314975	0.309132	0.260707	0.324476	0.292296	0.29066	0.290413	0.295764	0.324919	0.287784	0.30671	0.285565	0.282493	0.323409	0.293548	0.373311	0.378639	0.366192	0.29041	0.30142	0.292521	0.302052	0.273628	0.259108	0.326386	0.321578	0.342843	0.335159	0.237266	0.322754	0.321219	0.291689	0.310055	0.306935	0.289504	0.325947	0.330287	0.305279	0.27138	0.288788	0.396641	0.3626	0.315431	0.308698	0.326919	0.278822	0.283614	0.296102	0.33312	0.291035	0.314661	0.335179	0.297547	0.337833	0.327379	0.295837	0.333388	0.27919	0.325237	0.267224	0.325645	0.306372	0.299719	0.312615	0.33464	0.280493	0.273956	0.304558	0.320303	0.293598	0.289651	0.325848	0.313631	0.34001	0.278061	0.325984	0.303683	0.285821	0.288338	0.295314	0.301019	0.289013	0.281528	0.269922	0.287562	0.300346	0.288438	0.329251	0.330515	0.278479	0.292703	0.329516	0.279018	0.312127	0.275115	0.287216	0.310302	0.316623	0.319557	0.300492	0.333469	0.332323	0.265044	0.34262	0.288533	0.336009	0.296504	0.298152	0.332522	0.282209	0.326085	0.30115	0.331091	0.330031	0.285848	0.269634	0.291327	0.31624	0.32405	0.301762	0.32179	0.327003	0.276444	0.28756	0.293777	0.28633	0.328647	0.311234	0.267034	0.294695	0.334339	0.293815	0.30184	0.305007	0.353042	0.266892	0.260454	0.315592	0.305078	0.338608	0.319697	0.320213	0.291236	0.315257	0.309401	0.291628	0.318939	0.324683	0.323565	0.273887	0.302054	0.36531	0.29529	0.292152	0.340844	0.276032	0.313249	0.295383	0.294972	0.305045	0.348592	0.288951	0.319036	0.290883	0.311274	0.276196	0.297012	0.340671	0.318044	0.29937	0.345149	0.312938	0.327215	0.297193	0.305259	0.29914	0.299905	0.297225	0.347217	0.316381	0.269979	0.286053	0.284597	0.342187	0.328791	0.284962	0.335827	0.291215	0.354648	0.3117	0.273464	0.302849	0.329756	0.292031	0.27069	0.331531	0.334547	0.27963	0.267034	0.249024	0.313004	0.344994	0.301705	0.280992	0.267071	0.290511	0.277596	0.309099	0.345962	0.282421	0.333329	0.280749	0.316725	0.311034	0.32775	0.312664	0.275574	0.314726	0.304723	0.335934	0.328132	0.267921	0.314726	0.324726	0.349425	0.294486	0.311407	0.30837	0.274569	0.324641	0.311119	0.29493	0.302749	0.301705	0.27627	0.267034	0.243932	0.376878	0.337417	0.375697	0.308605	0.342187	0.333388	0.298123	0.342187	0.267034	0.272324	0.252966	0.373311	0.286964	0.26435	0.381513	0.337833	0.266892	0.258783	0.328132	0.293548	0.290511	0.286983	0.342438	0.32072	0.27963	0.316068	0.289943	0.377952	0.296969	0.297963	0.287964	0.261861	0.340144	0.280201	0.367386	0.341715	0.342187	0.344242	0.27963	0.313775	0.352277	0.262211	0.288682	0.361126	0.315793	0.308605	0.312664	0.342187	0.361126	0.293275	0.301762	0.282738	0.277116	0.251395	0.303691	0.283643	0.271683	0.310604	0.267034	0.349425	0.285899	0.322344	0.262824	0.328132	0.301762	0.335934	0.390637	0.312797	0.314726	0.324267	0.309289	0.304504	0.287964	0.32652	0.267241	0.314644	0.335934	0.290883	0.316658	0.337833	0.279141	0.35734	0.333388	0.280283	0.301705	0.396641	0.28411	0.291737	0.34052	0.276556	0.29581	0.316126	0.267034	0.335028	0.281552	0.28205	0.32652	0.342187	0.342187	0.342187	0.28756	0.267224	0.280603	0.26709	0.314726	0.337117	0.298762	0.377952	0.335934	0.377952	0.280201	0.337833	0.267034	0.269594	0.280283	0.272324	0.285483	0.305013	0.285659	0.281552	0.271683	0.284159	0.281552	0.273464	0.265931	0.294486	0.335934	0.335934	0.273527	0.251469	0.349502	0.296469	0.230968	0.341551	0.293548	0.255206	0.27088	0.301019	0.298078	0.313472	0.27963	0.269324	0.342187	0.319918	0.246991	0.324641	0.251469	0.256977	0.273181	0.258783	0.269594	0.292371	0.290883	0.351735	0.324726	0.277566	0.289337	0.260765	0.273612	0.381513
40000	slope	-0.252582	-0.302882	-0.239383	-0.244542	-0.248388	-0.231748	-0.230161	-0.243342	-0.299506	-0.279204	-0.303437	-0.283291	-0.239209	-0.264105	-0.256208	-0.25058	-0.303649	-0.235918	-0.223035	-0.211234	-0.216155	-0.287519	-0.216563	-0.211399	-0.219953	-0.227768	-0.238176	-0.230993	-0.293619	-0.301427	-0.234056	-0.284443	-0.269944	-0.227133	-0.217968	-0.216264	-0.255658	-0.283137	-0.252303	-0.265561	-0.247495	-0.275092	-0.255658	-0.261765	-0.243062	-0.173303	-0.207653	-0.259359	-0.241151	-0.265478	-0.251067	-0.280865	-0.247624	-0.207102	-0.16824	-0.302084	-0.323168	-0.256118	-0.200676	-0.228614	-0.195876	-0.236814	-0.230345	-0.202391	-0.230855	-0.257041	-0.26197	-0.237064	-0.217218	-0.224395	-0.228598	-0.265045	-0.234653	-0.225877	-0.236959	-0.265152	-0.182341	-0.242456	-0.280876	-0.242364	-0.202989	-0.24751	-0.209052	-0.245101	-0.257298	-0.277688	-0.194217	-0.274366	-0.240623	-0.191243	-0.237823	-0.221153	-0.270713	-0.217882	-0.224334	-0.240163	-0.3294	-0.207185	-0.228576	-0.193412	-0.276285	-0.26097	-0.236672	-0.220772	-0.263329	-0.257978	-0.183801	-0.231062	-0.299717	-0.22424	-0.238177	-0.279477	-0.20359	-0.243062	-0.241768	-0.230191	-0.261676	-0.301046	-0.253508	-0.250721	-0.204359	-0.195336	-0.287961	-0.276351	-0.215367	-0.317336	-0.232756	-0.262534	-0.255877	-0.223259	-0.227437	-0.220517	-0.22525	-0.228661	-0.275033	-0.239189	-0.295788	-0.232925	-0.232697	-0.263894	-0.280381	-0.246485	-0.217319	-0.221007	-0.261847	-0.237471	-0.256214	-0.269072	-0.233335	-0.231397	-0.230223	-0.262964	-0.215367	-0.299143	-0.215844	-0.316231	-0.218827	-0.228352	-0.245346	-0.235774	-0.24409	-0.246903	-0.274219	-0.225245	-0.235868	-0.323534	-0.222087	-0.241969	-0.220053	-0.287063	-0.258292	-0.219742	-0.284846	-0.231273	-0.228454	-0.261105	-0.275127	-0.2508	-0.183499	-0.23253	-0.243511	-0.259542	-0.233177	-0.320769	-0.225117	-0.24426	-0.307976	-0.261772	-0.252011	-0.285477	-0.278557	-0.218355	-0.21181	-0.222037	-0.256002	-0.192146	-0.243853	-0.216308	-0.217273	-0.226487	-0.227293	-0.218626	-0.215367	-0.246344	-0.301046	-0.24426	-0.307625	-0.355597	-0.256182	-0.292783	-0.225217	-0.229435	-0.290754	-0.251225	-0.244446	-0.245654	-0.243759	-0.198138	-0.289648	-0.228598	-0.225154	-0.186476	-0.284022	-0.199877	-0.206043	-0.269543	-0.217215	-0.252115	-0.251837	-0.251012	-0.238176	-0.282606	-0.24643	-0.288637	-0.201158	-0.242273	-0.292946	-0.237097	-0.221761	-0.212945	-0.309293	-0.242456	-0.216009	-0.24409	-0.234345	-0.216563	-0.19389	-0.152021	-0.169576	-0.223732	-0.238176	-0.297428	-0.233113	-0.225154	-0.232763	-0.233989	-0.228598	-0.300925	-0.282598	-0.217319	-0.260658	-0.19389	-0.187413	-0.282606	-0.233113	-0.224709	-0.22791	-0.247808	-0.332078	-0.187413	-0.242631	-0.243062	-0.237071	-0.289844	-0.263059	-0.169576	-0.247808	-0.236415	-0.280595	-0.215889	-0.257298	-0.175454	-0.228598	-0.231273	-0.282606	-0.231273	-0.183499	-0.257205	-0.253622	-0.282606	-0.233113	-0.260658	-0.233113	-0.186476	-0.323449	-0.245654	-0.271866	-0.257298	-0.240484	-0.30804	-0.233477	-0.311287	-0.292783	-0.234345	-0.216084	-0.255497	-0.273007	-0.265958	-0.205159	-0.270578	-0.346439	-0.271866	-0.183801	-0.259985	-0.245654	-0.187413	-0.323168	-0.219608	-0.215889	-0.250069	-0.277261	-0.23606	-0.245654	-0.323449	-0.270578	-0.192182	-0.198375	-0.201999	-0.211069	-0.30804	-0.332173	-0.257298	-0.212945	-0.233113	-0.19389	-0.213396	-0.199877	-0.192182	-0.225655	-0.240925	-0.247808	-0.231273	-0.301978	-0.227009	-0.257298	-0.255253	-0.27894	-0.188715	-0.301046	-0.282606	-0.283422	-0.21573	-0.233113	-0.300757	-0.250069	-0.262485	-0.282606	-0.247808	-0.263059	-0.286001	-0.234345	-0.206465	-0.238376	-0.323449	-0.193048	-0.228641	-0.321382	-0.237883	-0.2217	-0.271866	-0.221761	-0.3294	-0.261961	-0.206416	-0.175907	-0.270578	-0.194072	-0.292696	-0.311287	-0.19998	-0.236944	-0.257228	-0.184517	-0.191243	-0.22406	-0.328867	-0.233483	-0.257535	-0.177966	-0.253834	-0.212945	-0.263059	-0.301046	-0.328867	-0.244687	-0.292783	-0.245654	-0.213396	-0.226947	-0.202375
40000	intercept	0.3239	0.361021	0.290684	0.290883	0.334316	0.284223	0.338823	0.326274	0.335304	0.307614	0.353967	0.355396	0.303406	0.301821	0.308839	0.334293	0.358668	0.317609	0.259896	0.269126	0.331318	0.343922	0.271957	0.308853	0.277104	0.297355	0.286282	0.303603	0.289354	0.330096	0.281065	0.319107	0.319426	0.266984	0.281974	0.297033	0.330801	0.317355	0.298732	0.313342	0.266586	0.280455	0.330801	0.321177	0.276715	0.27486	0.277364	0.309741	0.312239	0.368781	0.333652	0.313617	0.315515	0.27271	0.282233	0.351962	0.34966	0.314924	0.270253	0.2804	0.275228	0.322484	0.280669	0.284446	0.283036	0.297644	0.319658	0.281624	0.275632	0.300822	0.285513	0.313283	0.272833	0.305419	0.287263	0.308053	0.244096	0.2903	0.324324	0.313544	0.288144	0.303628	0.300039	0.297051	0.300961	0.312654	0.271507	0.312403	0.274698	0.256439	0.313732	0.260875	0.308214	0.284801	0.2906	0.31163	0.421909	0.267421	0.302306	0.284304	0.319367	0.308374	0.319827	0.284232	0.298082	0.310385	0.240972	0.278431	0.354674	0.311201	0.30372	0.310619	0.303502	0.281867	0.282906	0.310955	0.251577	0.341079	0.277524	0.317661	0.248337	0.26465	0.311435	0.299057	0.294819	0.328051	0.292577	0.336869	0.313978	0.279655	0.277281	0.27814	0.27892	0.282477	0.313741	0.311175	0.331208	0.273213	0.283302	0.326509	0.375776	0.278218	0.333957	0.309027	0.310936	0.283031	0.314512	0.30878	0.265525	0.306519	0.280465	0.30759	0.294819	0.310666	0.300793	0.334276	0.296041	0.297259	0.280634	0.308419	0.280548	0.317239	0.322949	0.269169	0.286301	0.384103	0.290612	0.299975	0.313277	0.325972	0.322642	0.266572	0.362686	0.317315	0.28387	0.334066	0.331449	0.313548	0.285945	0.274561	0.310238	0.323973	0.312523	0.346166	0.277697	0.303068	0.343979	0.34142	0.308681	0.312094	0.325972	0.295203	0.28328	0.283473	0.340813	0.27486	0.317517	0.282953	0.263214	0.31091	0.332091	0.299448	0.294819	0.280548	0.351665	0.31805	0.339978	0.394084	0.315764	0.335784	0.301734	0.305851	0.354162	0.354264	0.315764	0.300961	0.311567	0.242239	0.328702	0.285666	0.270862	0.257013	0.335016	0.269814	0.239856	0.3266	0.272807	0.271911	0.300961	0.341532	0.286282	0.358366	0.263043	0.314043	0.290899	0.336788	0.344186	0.262221	0.272024	0.270653	0.298166	0.2903	0.279442	0.280548	0.269357	0.271957	0.257013	0.275524	0.262626	0.292806	0.286282	0.339405	0.282391	0.288074	0.305851	0.333157	0.282527	0.310666	0.3404	0.280193	0.278744	0.257013	0.295964	0.361998	0.266559	0.311209	0.273381	0.318501	0.373687	0.27486	0.313153	0.276715	0.34362	0.351226	0.288682	0.269098	0.319939	0.314118	0.335784	0.286038	0.300961	0.27486	0.285513	0.317315	0.360283	0.311432	0.285945	0.315764	0.287789	0.358366	0.280406	0.278744	0.274262	0.257013	0.358907	0.300961	0.344322	0.300961	0.269357	0.323968	0.283989	0.359601	0.338376	0.269357	0.29055	0.359395	0.288682	0.333518	0.329426	0.281703	0.40438	0.344322	0.240972	0.347794	0.31011	0.295964	0.345266	0.277766	0.286038	0.298196	0.361823	0.279098	0.300961	0.343028	0.281703	0.267304	0.272166	0.248484	0.299098	0.323968	0.350426	0.300961	0.27289	0.282391	0.267295	0.298999	0.263908	0.267304	0.261661	0.279442	0.319939	0.317315	0.341079	0.281998	0.300961	0.271171	0.353445	0.252615	0.339978	0.36777	0.312889	0.262254	0.280406	0.359618	0.315984	0.316943	0.358366	0.319939	0.288682	0.346017	0.269357	0.301734	0.36939	0.343028	0.27486	0.272599	0.336149	0.264851	0.299639	0.344322	0.272024	0.421909	0.333518	0.300541	0.27486	0.281703	0.297999	0.317382	0.359601	0.248484	0.274832	0.325512	0.333181	0.266154	0.327045	0.370183	0.28524	0.287995	0.288611	0.300961	0.28295	0.28437	0.354162	0.370183	0.30206	0.35421	0.300961	0.298999	0.345943	0.27486
41000	slope	-0.204183	-0.214471	-0.237367	-0.203067	-0.317315	-0.293664	-0.165181	-0.278368	-0.144353	-0.277033	-0.192969	-0.273137	-0.209835	-0.293948	-0.265829	-0.281314	-0.268177	-0.193511	-0.225621	-0.278385	-0.211558	-0.29445	-0.251556	-0.276449	-0.207576	-0.209032	-0.235956	-0.246313	-0.289738	-0.258332	-0.226947	-0.268113	-0.259579	-0.241467	-0.177828	-0.228398	-0.244478	-0.194757	-0.233361	-0.24894	-0.200677	-0.209044	-0.222045	-0.265872	-0.252876	-0.184979	-0.197594	-0.22	-0.266648	-0.276658	-0.156741	-0.265932	-0.190759	-0.226388	-0.224823	-0.211535	-0.196976	-0.277603	-0.146973	-0.231673	-0.300253	-0.273202	-0.240534	-0.272717	-0.248002	-0.220368	-0.298448	-0.189599	-0.241159	-0.292995	-0.224973	-0.265408	-0.25123	-0.211535	-0.185861	-0.213966	-0.327209	-0.224214	-0.218759	-0.27853	-0.210026	-0.278368	-0.23612	-0.207958	-0.196861	-0.2598	-0.233907	-0.275785	-0.186756	-0.269687	-0.266453	-0.272568	-0.210612	-0.257961	-0.260356	-0.284261	-0.22433	-0.192263	-0.229315	-0.269826	-0.237858	-0.285405	-0.202332	-0.215054	-0.26795	-0.228071	-0.250837	-0.231519	-0.21115	-0.235568	-0.183281	-0.205414	-0.28651	-0.23071	-0.273553	-0.249664	-0.275416	-0.260905	-0.167589	-0.22956	-0.220619	-0.256877	-0.278427	-0.194197	-0.195338	-0.253229	-0.243326	-0.21199	-0.264065	-0.22931	-0.202518	-0.232175	-0.238202	-0.267156	-0.148435	-0.260469	-0.255283	-0.211061	-0.175876	-0.281409	-0.311167	-0.181134	-0.171943	-0.223142	-0.224666	-0.230349	-0.240177	-0.23982	-0.278349	-0.274554	-0.221518	-0.183782	-0.233399	-0.310243	-0.244822	-0.296606	-0.184604	-0.23198	-0.245619	-0.222941	-0.207823	-0.245102	-0.24703	-0.201861	-0.29307	-0.266277	-0.231848	-0.202349	-0.188967	-0.330608	-0.166013	-0.234439	-0.255131	-0.265486	-0.258506	-0.229598	-0.267486	-0.237044	-0.258818	-0.230308	-0.284588	-0.295731	-0.218417	-0.239227	-0.196911	-0.227457	-0.254265	-0.246833	-0.189052	-0.269002	-0.183306	-0.226648	-0.201102	-0.307907	-0.242343	-0.198701	-0.16946	-0.226708	-0.255985	-0.213702	-0.228885	-0.180325	-0.147149	-0.249664	-0.172613	-0.221338	-0.236561	-0.173632	-0.241262	-0.22956	-0.252037	-0.303289	-0.241083	-0.307907	-0.174594	-0.269857	-0.20685	-0.264065	-0.317854	-0.196974	-0.240298	-0.285349	-0.26727	-0.240298	-0.199631	-0.249639	-0.182561	-0.286679	-0.241419	-0.238832	-0.171446	-0.183306	-0.254134	-0.194516	-0.185861	-0.26371	-0.183306	-0.182841	-0.236848	-0.224855	-0.18215	-0.144353	-0.177247	-0.226648	-0.13745	-0.171446	-0.226648	-0.228169	-0.301931	-0.286345	-0.183306	-0.145576	-0.324372	-0.270826	-0.237709	-0.217294	-0.259229	-0.19689	-0.18215	-0.207958	-0.176954	-0.207089	-0.238799	-0.240993	-0.237709	-0.199637	-0.228169	-0.283358	-0.149594	-0.145576	-0.212756	-0.155768	-0.226648	-0.317854	-0.231673	-0.240585	-0.18215	-0.174559	-0.178005	-0.224855	-0.182049	-0.24187	-0.196831	-0.286345	-0.219801	-0.246749	-0.290989	-0.262032	-0.231673	-0.225749	-0.174594	-0.177247	-0.296702	-0.22956	-0.290989	-0.309231	-0.202757	-0.22931	-0.286679	-0.241083	-0.285349	-0.228391	-0.318529	-0.207576	-0.202349	-0.217294	-0.285349	-0.292729	-0.202349	-0.209392	-0.214969	-0.293659	-0.171446	-0.252298	-0.266648	-0.211555	-0.172505	-0.281442	-0.226023	-0.18215	-0.144353	-0.248464	-0.317854	-0.241828	-0.181358	-0.224855	-0.283358	-0.241586	-0.221338	-0.209715	-0.18569	-0.222987	-0.191563	-0.198456	-0.329813	-0.285309	-0.285349	-0.264065	-0.242156	-0.22434	-0.249664	-0.199076	-0.261886	-0.184545	-0.151373	-0.148477	-0.196831	-0.307907	-0.16974	-0.338668	-0.261886	-0.22434	-0.286679	-0.18215	-0.215007	-0.180996	-0.306509	-0.317854	-0.144353	-0.289445	-0.243727	-0.241772	-0.214969	-0.227247	-0.252298	-0.185414	-0.292729	-0.215706	-0.313329	-0.197445	-0.284817	-0.329813	-0.17161	-0.166013	-0.238799	-0.202349	-0.226388	-0.25785	-0.310243	-0.234804	-0.23651	-0.190146	-0.286345	-0.222987	-0.281442	-0.272852	-0.251041	-0.171446	-0.172505	-0.296702	-0.199631	-0.279252	-0.212764	-0.26006	-0.249664	-0.238799	-0.333958	-0.329813	-0.17161	-0.25839
41000	intercept	0.294757	0.269052	0.279818	0.319673	0.355933	0.343349	0.237867	0.307638	0.224858	0.336965	0.244837	0.30722	0.25314	0.348625	0.311707	0.309804	0.322278	0.262477	0.303534	0.299934	0.283838	0.326195	0.28043	0.359262	0.273537	0.258755	0.285851	0.272022	0.322682	0.305636	0.282969	0.346787	0.293214	0.2915	0.257233	0.280118	0.320783	0.279568	0.305243	0.308286	0.272309	0.289778	0.28318	0.292838	0.322462	0.253332	0.295392	0.275703	0.307638	0.34025	0.222659	0.33405	0.257002	0.328351	0.26361	0.315985	0.245473	0.309455	0.228444	0.344346	0.328321	0.31997	0.281904	0.311124	0.306973	0.282173	0.337491	0.240997	0.309411	0.307035	0.284627	0.310996	0.290573	0.314458	0.229499	0.273644	0.36757	0.304239	0.248803	0.31126	0.273142	0.307638	0.301104	0.274915	0.275056	0.29373	0.282593	0.329012	0.278193	0.329398	0.314578	0.310828	0.279434	0.289061	0.322824	0.314605	0.274634	0.286383	0.293615	0.329846	0.285297	0.32205	0.297558	0.278108	0.296699	0.307157	0.313929	0.290404	0.300111	0.321523	0.25268	0.295313	0.346087	0.291043	0.318049	0.284103	0.336767	0.306065	0.246966	0.269722	0.287479	0.304345	0.348699	0.261238	0.268122	0.301422	0.335149	0.304694	0.280243	0.252956	0.297159	0.284194	0.296977	0.321	0.249982	0.299334	0.305551	0.278655	0.252973	0.304152	0.352308	0.304164	0.28792	0.274941	0.267981	0.285743	0.30699	0.295952	0.312415	0.304005	0.291484	0.267911	0.284695	0.328973	0.282129	0.334329	0.276605	0.329739	0.264815	0.286299	0.281305	0.288697	0.288084	0.306623	0.361753	0.330716	0.269304	0.258424	0.285398	0.363212	0.303261	0.313867	0.285215	0.281421	0.28403	0.289096	0.292258	0.304898	0.303636	0.284528	0.336926	0.306315	0.284111	0.302062	0.270031	0.28501	0.282832	0.327152	0.230137	0.317395	0.21562	0.249854	0.259479	0.333518	0.275331	0.257041	0.253593	0.292077	0.297745	0.307358	0.272368	0.259039	0.230629	0.284103	0.196545	0.289764	0.246039	0.268537	0.29406	0.269722	0.330492	0.325785	0.291021	0.336374	0.238998	0.30046	0.272126	0.280243	0.382968	0.273537	0.333087	0.316803	0.280243	0.333087	0.264568	0.329913	0.307906	0.321054	0.269051	0.293281	0.23385	0.21562	0.328962	0.343812	0.233194	0.284499	0.21562	0.270968	0.288368	0.346549	0.267286	0.232029	0.260964	0.266766	0.28497	0.227631	0.249854	0.271325	0.317587	0.302425	0.21562	0.284846	0.36488	0.305938	0.354438	0.289764	0.336262	0.264306	0.267286	0.274915	0.238524	0.278775	0.327107	0.259757	0.332072	0.263788	0.285451	0.309036	0.232029	0.284846	0.230994	0.224884	0.249854	0.390564	0.352524	0.308033	0.267286	0.285469	0.267974	0.330347	0.274342	0.285204	0.261615	0.303226	0.289764	0.297298	0.318619	0.292303	0.342941	0.289764	0.251493	0.263999	0.341074	0.269722	0.318619	0.321626	0.261674	0.252956	0.315423	0.291021	0.316803	0.271325	0.367344	0.273537	0.255551	0.297323	0.317379	0.336834	0.255551	0.262486	0.273549	0.308624	0.219994	0.29785	0.307638	0.275142	0.220052	0.321054	0.252956	0.267286	0.235792	0.287999	0.382616	0.261211	0.263314	0.346549	0.309036	0.273033	0.294401	0.288513	0.253651	0.327032	0.247421	0.288513	0.360435	0.300414	0.316803	0.278384	0.301965	0.330347	0.284103	0.277415	0.320979	0.260598	0.289128	0.286434	0.275056	0.333518	0.227064	0.361544	0.304939	0.330347	0.315423	0.267286	0.275056	0.24694	0.30845	0.382616	0.222859	0.300414	0.285694	0.289912	0.273549	0.282712	0.301023	0.268537	0.336834	0.261674	0.374482	0.269875	0.315103	0.360435	0.27251	0.307906	0.327107	0.255551	0.328351	0.283922	0.328973	0.321277	0.269051	0.251858	0.314576	0.327032	0.3059	0.360427	0.289545	0.227631	0.231521	0.341074	0.230268	0.314633	0.230994	0.31585	0.284103	0.315656	0.390564	0.360435	0.272501	0.22698
42000	slope	-0.203945	-0.235557	-0.206941	-0.23017	-0.322115	-0.220892	-0.274269	-0.251069	-0.250504	-0.268559	-0.241581	-0.244198	-0.252147	-0.266563	-0.256117	-0.230656	-0.230918	-0.291527	-0.233274	-0.228126	-0.250699	-0.254135	-0.202544	-0.23017	-0.213407	-0.270364	-0.222993	-0.252713	-0.24078	-0.264564	-0.241366	-0.250356	-0.254823	-0.222747	-0.27757	-0.196696	-0.273559	-0.254458	-0.2545	-0.248011	-0.249543	-0.266782	-0.26544	-0.25322	-0.267026	-0.193666	-0.180845	-0.229863	-0.282543	-0.220372	-0.209742	-0.221799	-0.240771	-0.232287	-0.216287	-0.216362	-0.27796	-0.248328	-0.205613	-0.218565	-0.241122	-0.234414	-0.20031	-0.275578	-0.177232	-0.232026	-0.213895	-0.274669	-0.24484	-0.208932	-0.240066	-0.297428	-0.218024	-0.239862	-0.230972	-0.18788	-0.250618	-0.236363	-0.193692	-0.320796	-0.257609	-0.223649	-0.214098	-0.287597	-0.197993	-0.173425	-0.280026	-0.207592	-0.278122	-0.22289	-0.235418	-0.299466	-0.232123	-0.253105	-0.273607	-0.249301	-0.213276	-0.210657	-0.19224	-0.21433	-0.25955	-0.220592	-0.173891	-0.28461	-0.241114	-0.220219	-0.227001	-0.191933	-0.25647	-0.232123	-0.256799	-0.202049	-0.227132	-0.281248	-0.242454	-0.227649	-0.213526	-0.248302	-0.277057	-0.235349	-0.246811	-0.258853	-0.231933	-0.261917	-0.268607	-0.29236	-0.251547	-0.269859	-0.265944	-0.223982	-0.222221	-0.248541	-0.180013	-0.291168	-0.217106	-0.229668	-0.257024	-0.24273	-0.249387	-0.243774	-0.266733	-0.182155	-0.21527	-0.236642	-0.24098	-0.211552	-0.248882	-0.228608	-0.232201	-0.257755	-0.23698	-0.227008	-0.168251	-0.197403	-0.242229	-0.222895	-0.222729	-0.219515	-0.257507	-0.223185	-0.209787	-0.247149	-0.237468	-0.252435	-0.21009	-0.255271	-0.233159	-0.241525	-0.277474	-0.246637	-0.27388	-0.26335	-0.218597	-0.204042	-0.225229	-0.224208	-0.26288	-0.203351	-0.23	-0.257996	-0.192998	-0.207967	-0.211055	-0.246053	-0.262552	-0.214468	-0.246181	-0.187656	-0.22581	-0.229837	-0.20103	-0.277551	-0.225845	-0.246441	-0.221016	-0.235692	-0.22589	-0.197024	-0.226923	-0.232087	-0.210282	-0.25008	-0.24069	-0.188054	-0.2491	-0.29792	-0.294948	-0.184411	-0.246689	-0.256043	-0.259886	-0.259886	-0.312785	-0.243435	-0.216469	-0.175696	-0.203751	-0.206568	-0.206624	-0.254458	-0.221747	-0.188054	-0.226719	-0.259886	-0.181583	-0.262911	-0.155146	-0.175768	-0.289052	-0.160246	-0.203936	-0.226719	-0.265327	-0.22633	-0.221935	-0.237509	-0.2321	-0.165369	-0.273097	-0.237843	-0.273559	-0.25008	-0.226719	-0.322209	-0.277056	-0.244995	-0.22633	-0.208503	-0.272564	-0.261204	-0.192837	-0.247518	-0.22289	-0.299571	-0.201378	-0.182113	-0.218044	-0.175768	-0.218552	-0.25934	-0.216301	-0.245196	-0.221935	-0.177643	-0.225811	-0.225415	-0.216469	-0.199411	-0.218552	-0.223197	-0.217399	-0.201459	-0.218352	-0.226604	-0.21838	-0.240597	-0.258501	-0.273559	-0.283336	-0.238239	-0.188054	-0.240597	-0.209637	-0.254458	-0.203089	-0.240221	-0.175696	-0.280135	-0.213262	-0.3022	-0.267026	-0.200004	-0.286023	-0.203936	-0.21339	-0.245196	-0.267358	-0.203936	-0.288228	-0.259886	-0.240585	-0.173425	-0.226036	-0.259886	-0.177643	-0.173425	-0.223969	-0.237704	-0.181583	-0.2321	-0.28327	-0.143665	-0.254458	-0.201965	-0.194379	-0.279832	-0.282784	-0.201459	-0.221723	-0.201097	-0.239288	-0.192837	-0.229895	-0.270326	-0.215604	-0.256742	-0.206624	-0.22633	-0.123352	-0.242348	-0.312785	-0.211055	-0.282404	-0.15345	-0.259886	-0.258189	-0.254458	-0.223649	-0.203478	-0.216469	-0.294948	-0.239354	-0.173425	-0.277056	-0.209637	-0.212987	-0.203935	-0.206624	-0.259772	-0.226719	-0.218115	-0.240585	-0.306839	-0.160246	-0.223064	-0.286023	-0.223649	-0.21339	-0.273652	-0.259886	-0.255506	-0.225238	-0.237704	-0.218604	-0.29236	-0.274096	-0.170937	-0.233398	-0.236786	-0.221365	-0.242015	-0.246566	-0.182113	-0.254695	-0.177643	-0.237468	-0.259886	-0.342675	-0.22633	-0.200004	-0.237704	-0.253198	-0.198403	-0.181583	-0.257549	-0.210282	-0.302769	-0.208932	-0.265398	-0.238244	-0.240585	-0.240597	-0.258189	-0.188054	-0.25008	-0.141225	-0.229823	-0.280135	-0.238239	-0.199391
42000	intercept	0.262733	0.276851	0.248779	0.294552	0.380236	0.280286	0.341407	0.279691	0.346364	0.346415	0.275563	0.314298	0.299436	0.26752	0.303224	0.266605	0.294346	0.34021	0.280055	0.32882	0.296072	0.285356	0.276288	0.279126	0.271239	0.311647	0.248438	0.304691	0.282166	0.317795	0.277908	0.314623	0.311952	0.263901	0.342414	0.287789	0.312579	0.288058	0.305455	0.322496	0.317303	0.322653	0.315875	0.284532	0.300556	0.286225	0.249682	0.286094	0.326394	0.286415	0.278241	0.266951	0.297278	0.28864	0.274452	0.269749	0.32287	0.291678	0.277993	0.281004	0.291861	0.301158	0.283464	0.349253	0.252303	0.305015	0.288366	0.35308	0.28522	0.284938	0.278662	0.389559	0.27702	0.267937	0.26666	0.278347	0.338795	0.292552	0.240978	0.382735	0.319323	0.224339	0.297725	0.375413	0.288287	0.259072	0.333263	0.253973	0.328352	0.31509	0.280817	0.381172	0.262903	0.296277	0.337576	0.335993	0.287785	0.274273	0.276107	0.273326	0.32028	0.288032	0.279938	0.354168	0.271462	0.272698	0.302127	0.287653	0.343836	0.262183	0.294337	0.272518	0.271895	0.319616	0.289619	0.318016	0.243648	0.315481	0.314827	0.282556	0.298875	0.316816	0.291303	0.284308	0.315316	0.32067	0.308615	0.351792	0.310284	0.277292	0.258789	0.293128	0.236281	0.364808	0.245246	0.266618	0.274802	0.313084	0.298066	0.272986	0.351668	0.224483	0.258635	0.309006	0.274193	0.292269	0.271088	0.277273	0.297872	0.292409	0.303855	0.295138	0.226364	0.258543	0.30072	0.279889	0.261481	0.274847	0.351172	0.318567	0.278097	0.295169	0.279691	0.330534	0.272594	0.323239	0.296292	0.316347	0.353054	0.321232	0.370332	0.320741	0.254069	0.263835	0.274327	0.279884	0.311661	0.25451	0.286408	0.319907	0.275961	0.259191	0.294752	0.293127	0.335519	0.283761	0.280034	0.276688	0.255464	0.314317	0.262104	0.332178	0.286417	0.296802	0.235416	0.312841	0.248208	0.267026	0.293257	0.287276	0.276358	0.286654	0.283604	0.308711	0.34215	0.37938	0.345864	0.265131	0.26951	0.290423	0.290423	0.290423	0.366122	0.281893	0.280403	0.23661	0.309899	0.267796	0.248208	0.288058	0.273474	0.30003	0.284366	0.290423	0.298605	0.333462	0.22452	0.251348	0.342344	0.277993	0.309899	0.273418	0.306101	0.314523	0.301158	0.248208	0.260095	0.259072	0.271202	0.26003	0.312579	0.279707	0.284366	0.378603	0.365897	0.292626	0.283857	0.276358	0.345761	0.38245	0.248445	0.251773	0.282039	0.322652	0.30998	0.266868	0.305584	0.247712	0.28232	0.306101	0.290401	0.306136	0.301158	0.239912	0.294033	0.319988	0.30998	0.28889	0.278862	0.304984	0.313283	0.276219	0.253589	0.286065	0.253367	0.300027	0.280867	0.312579	0.34021	0.261481	0.308711	0.300027	0.284061	0.288058	0.279777	0.268988	0.23661	0.355417	0.295129	0.376263	0.300556	0.245843	0.352119	0.309899	0.252446	0.306136	0.338819	0.309899	0.347284	0.290423	0.286362	0.259072	0.301253	0.279079	0.239912	0.257469	0.235416	0.268824	0.277157	0.273941	0.328487	0.206169	0.266343	0.285351	0.267541	0.293012	0.311168	0.280488	0.28478	0.248445	0.283553	0.248445	0.286065	0.331999	0.295129	0.290423	0.261395	0.284626	0.201262	0.298148	0.366122	0.294752	0.329247	0.212898	0.290423	0.294872	0.288058	0.224339	0.269691	0.30998	0.345864	0.291541	0.257463	0.350129	0.276219	0.240909	0.285405	0.248208	0.294397	0.284366	0.279976	0.311707	0.362645	0.277993	0.300273	0.352119	0.227259	0.252446	0.354883	0.290423	0.251773	0.290555	0.268824	0.284047	0.32067	0.316472	0.246674	0.292268	0.296334	0.274573	0.277089	0.286065	0.266868	0.264783	0.274282	0.279691	0.290423	0.391948	0.314523	0.269329	0.308081	0.304452	0.29079	0.300256	0.281893	0.290555	0.377703	0.293087	0.273855	0.302949	0.314012	0.298548	0.294872	0.308711	0.280378	0.204283	0.290555	0.331881	0.28364	0.289286
43000	slope	-0.250545	-0.225765	-0.208032	-0.320628	-0.295109	-0.229308	-0.193204	-0.221208	-0.214295	-0.190264	-0.204946	-0.217688	-0.256267	-0.253137	-0.260633	-0.259346	-0.272234	-0.277776	-0.289151	-0.184446	-0.240692	-0.246521	-0.234387	-0.202059	-0.241359	-0.252311	-0.274406	-0.269698	-0.291031	-0.221678	-0.196742	-0.291149	-0.226538	-0.185258	-0.217463	-0.243106	-0.274639	-0.237401	-0.208683	-0.270815	-0.280852	-0.171812	-0.235792	-0.255913	-0.198976	-0.274449	-0.239153	-0.26279	-0.201699	-0.274313	-0.26026	-0.183215	-0.195356	-0.301315	-0.257039	-0.260295	-0.215824	-0.275458	-0.185258	-0.232971	-0.235691	-0.282304	-0.241958	-0.216822	-0.26433	-0.232017	-0.255649	-0.240065	-0.233735	-0.230911	-0.256466	-0.232138	-0.268659	-0.207074	-0.222626	-0.291601	-0.250096	-0.27569	-0.268167	-0.251137	-0.199172	-0.168525	-0.263968	-0.235675	-0.212971	-0.170938	-0.263596	-0.213928	-0.254006	-0.309293	-0.195079	-0.243253	-0.241138	-0.277555	-0.309252	-0.210567	-0.24256	-0.254725	-0.213312	-0.297367	-0.266781	-0.19709	-0.225325	-0.284247	-0.225982	-0.242172	-0.244627	-0.245725	-0.227746	-0.307624	-0.23712	-0.289137	-0.263799	-0.206496	-0.317358	-0.217527	-0.237796	-0.226645	-0.265026	-0.31999	-0.259542	-0.208683	-0.331578	-0.261632	-0.203824	-0.268521	-0.25215	-0.202639	-0.253513	-0.259008	-0.220911	-0.203039	-0.198921	-0.271226	-0.218158	-0.23401	-0.243106	-0.23978	-0.263595	-0.275169	-0.258681	-0.242905	-0.243106	-0.256134	-0.322905	-0.245318	-0.255866	-0.239641	-0.276087	-0.169623	-0.250127	-0.279428	-0.274241	-0.229829	-0.256603	-0.268096	-0.212119	-0.225406	-0.230761	-0.242548	-0.235268	-0.243288	-0.260609	-0.263121	-0.265739	-0.259577	-0.284822	-0.286588	-0.28155	-0.212667	-0.313814	-0.254873	-0.242292	-0.285117	-0.248053	-0.282226	-0.236631	-0.212481	-0.264462	-0.243703	-0.267742	-0.296936	-0.258273	-0.263956	-0.247484	-0.229988	-0.262481	-0.204153	-0.215943	-0.243472	-0.249969	-0.308491	-0.220813	-0.271274	-0.267158	-0.248247	-0.200729	-0.260675	-0.2207	-0.245725	-0.269217	-0.208683	-0.214414	-0.205068	-0.210432	-0.321136	-0.226243	-0.324278	-0.260902	-0.29258	-0.254478	-0.19009	-0.206944	-0.203286	-0.308403	-0.200723	-0.321136	-0.257651	-0.231908	-0.305578	-0.279394	-0.324595	-0.168525	-0.224792	-0.257651	-0.208683	-0.253137	-0.313379	-0.256447	-0.232924	-0.334661	-0.26279	-0.293383	-0.203374	-0.210432	-0.254006	-0.151859	-0.262861	-0.205283	-0.331578	-0.237401	-0.240368	-0.245725	-0.225309	-0.24095	-0.243253	-0.200763	-0.2512	-0.245725	-0.197357	-0.245725	-0.205193	-0.237401	-0.321136	-0.167575	-0.294531	-0.276713	-0.26279	-0.259551	-0.290286	-0.223947	-0.300372	-0.226243	-0.206944	-0.229705	-0.235067	-0.189113	-0.254111	-0.224422	-0.232924	-0.211014	-0.246048	-0.197357	-0.231908	-0.218397	-0.225309	-0.20746	-0.264268	-0.218158	-0.237109	-0.151859	-0.251056	-0.269947	-0.237109	-0.279394	-0.219829	-0.24323	-0.180352	-0.220804	-0.183206	-0.224555	-0.285117	-0.231908	-0.321947	-0.249284	-0.245725	-0.223947	-0.210432	-0.308584	-0.212481	-0.246576	-0.197797	-0.210432	-0.139467	-0.247338	-0.170938	-0.287047	-0.25308	-0.203286	-0.151114	-0.218862	-0.226693	-0.250115	-0.26279	-0.244566	-0.323301	-0.283195	-0.225309	-0.239924	-0.208683	-0.289474	-0.280603	-0.323301	-0.264268	-0.308722	-0.220945	-0.185994	-0.215073	-0.303851	-0.180352	-0.246048	-0.263596	-0.205464	-0.262861	-0.226693	-0.245725	-0.329012	-0.24109	-0.305122	-0.238192	-0.226693	-0.171812	-0.274241	-0.243431	-0.220067	-0.226243	-0.200763	-0.293908	-0.218862	-0.243056	-0.205283	-0.2512	-0.337776	-0.236328	-0.217937	-0.289474	-0.232235	-0.178214	-0.242128	-0.223947	-0.309252	-0.26279	-0.237819	-0.225309	-0.245725	-0.210432	-0.211014	-0.266161	-0.245725	-0.284895	-0.26279	-0.281982	-0.214799	-0.210432	-0.263152	-0.165934	-0.208683	-0.210432	-0.246493	-0.229705	-0.210432	-0.321136	-0.245725	-0.197797	-0.234892	-0.272529	-0.26279	-0.29258	-0.237401	-0.258545	-0.269217	-0.231275	-0.258734	-0.232875	-0.178231	-0.210432	-0.256571	-0.208403	-0.265794	-0.342532
43000	intercept	0.308916	0.304338	0.26607	0.317835	0.374529	0.302189	0.273052	0.275822	0.266575	0.273723	0.300472	0.286693	0.314432	0.301301	0.309344	0.301896	0.341998	0.330328	0.304391	0.221606	0.314976	0.314326	0.282007	0.257629	0.30173	0.342568	0.308777	0.358684	0.318404	0.275016	0.242307	0.310942	0.274512	0.230646	0.275479	0.307739	0.321627	0.323515	0.27267	0.356892	0.342813	0.276912	0.316235	0.331164	0.263549	0.269813	0.273623	0.301621	0.270947	0.302824	0.333193	0.26303	0.2375	0.327094	0.296768	0.327695	0.265017	0.318565	0.225609	0.294206	0.334436	0.338243	0.303678	0.280544	0.28616	0.309246	0.319191	0.308427	0.328506	0.323501	0.300431	0.27234	0.322301	0.301025	0.268617	0.325592	0.303712	0.357264	0.332204	0.314671	0.258553	0.260464	0.349124	0.320927	0.292469	0.185041	0.352149	0.286558	0.326997	0.376277	0.285664	0.308646	0.338993	0.304253	0.389067	0.26046	0.320365	0.316232	0.286439	0.349967	0.355662	0.278925	0.291929	0.34141	0.323682	0.286629	0.298742	0.290488	0.285149	0.367251	0.323982	0.321023	0.326807	0.296254	0.337517	0.289535	0.298109	0.284271	0.308404	0.360239	0.302548	0.275437	0.362053	0.329753	0.259725	0.354324	0.316327	0.286693	0.34383	0.341746	0.290705	0.266226	0.229505	0.34672	0.27498	0.288903	0.311847	0.31826	0.336863	0.345109	0.319056	0.314869	0.310133	0.320428	0.341591	0.274251	0.332947	0.316352	0.330381	0.185041	0.328484	0.322974	0.330041	0.28837	0.318713	0.311638	0.302379	0.289541	0.27093	0.307434	0.302081	0.291006	0.312029	0.342043	0.307752	0.289845	0.313847	0.331867	0.373805	0.295905	0.363559	0.303582	0.303358	0.309652	0.300532	0.331454	0.296415	0.245766	0.296928	0.306726	0.32222	0.349525	0.311878	0.320994	0.316348	0.31857	0.313246	0.241226	0.319074	0.287692	0.330617	0.325326	0.275223	0.35967	0.294008	0.316644	0.277231	0.304894	0.286352	0.282152	0.30789	0.265987	0.344936	0.258171	0.258171	0.370952	0.286592	0.368455	0.319635	0.325299	0.293468	0.298254	0.269902	0.278525	0.333951	0.272013	0.367009	0.290257	0.27397	0.313096	0.331607	0.37424	0.273477	0.290488	0.298777	0.265987	0.301301	0.312142	0.290488	0.304266	0.341591	0.307924	0.31858	0.240378	0.258171	0.31161	0.191963	0.380044	0.325581	0.362053	0.308646	0.28269	0.288538	0.287577	0.285465	0.308646	0.332684	0.303609	0.287792	0.312623	0.290488	0.309899	0.308646	0.352272	0.274147	0.334799	0.338481	0.299523	0.298876	0.367536	0.295658	0.389474	0.300874	0.269902	0.361668	0.297937	0.275437	0.313833	0.323487	0.304266	0.268215	0.283382	0.295511	0.27397	0.272878	0.295952	0.240378	0.308674	0.27498	0.318617	0.204782	0.316815	0.369012	0.318617	0.331607	0.284003	0.295952	0.258171	0.279319	0.288166	0.315403	0.314966	0.27397	0.354255	0.318818	0.309108	0.295658	0.258171	0.319993	0.245766	0.302774	0.268365	0.258171	0.234635	0.29795	0.185041	0.348471	0.378905	0.26583	0.224232	0.316123	0.295271	0.28934	0.301621	0.298561	0.319801	0.339255	0.287577	0.317478	0.265987	0.332057	0.338176	0.319801	0.318795	0.315677	0.273847	0.265596	0.283735	0.366044	0.258171	0.303475	0.349508	0.337684	0.380853	0.309201	0.288538	0.349733	0.313886	0.341128	0.318818	0.314134	0.276912	0.330041	0.308646	0.295952	0.286592	0.332684	0.331412	0.316123	0.289163	0.323978	0.303609	0.3689	0.323515	0.273125	0.332057	0.318818	0.282706	0.303644	0.295658	0.389067	0.301621	0.299146	0.295952	0.292942	0.259484	0.268215	0.318818	0.288538	0.317061	0.301621	0.35239	0.26583	0.259719	0.384551	0.185041	0.301838	0.258171	0.27397	0.361668	0.258171	0.367009	0.286614	0.268365	0.288734	0.339255	0.301621	0.320988	0.310742	0.303556	0.30789	0.292201	0.340504	0.29795	0.275437	0.258171	0.313833	0.231517	0.330041	0.3833
44000	slope	-0.269017	-0.235834	-0.288013	-0.280398	-0.288226	-0.207624	-0.295362	-0.254774	-0.256431	-0.297955	-0.315745	-0.244346	-0.295021	-0.235754	-0.251006	-0.237916	-0.214178	-0.246081	-0.247029	-0.28282	-0.258318	-0.236402	-0.256668	-0.326885	-0.239713	-0.251592	-0.285485	-0.283187	-0.271138	-0.24428	-0.227839	-0.20949	-0.351747	-0.243168	-0.262081	-0.267902	-0.292945	-0.28236	-0.254831	-0.231205	-0.227969	-0.23224	-0.280086	-0.267773	-0.287322	-0.263798	-0.276554	-0.243645	-0.219739	-0.3184	-0.306566	-0.273	-0.289998	-0.284534	-0.223032	-0.291467	-0.304994	-0.255253	-0.24837	-0.259122	-0.295215	-0.230772	-0.205972	-0.241823	-0.248228	-0.30953	-0.239251	-0.322022	-0.29924	-0.294553	-0.254762	-0.22958	-0.225527	-0.266236	-0.291568	-0.253997	-0.240243	-0.228204	-0.299033	-0.314385	-0.240435	-0.247029	-0.205597	-0.253549	-0.281723	-0.263646	-0.207825	-0.26511	-0.266757	-0.240536	-0.199571	-0.240394	-0.259741	-0.270718	-0.313723	-0.260879	-0.250366	-0.227384	-0.249601	-0.210538	-0.270958	-0.247029	-0.304804	-0.255493	-0.254565	-0.225852	-0.258657	-0.230494	-0.294444	-0.226254	-0.312324	-0.294346	-0.262226	-0.25215	-0.278588	-0.185462	-0.234373	-0.248081	-0.242673	-0.208657	-0.191996	-0.240586	-0.224051	-0.26008	-0.254081	-0.266549	-0.217965	-0.23592	-0.247148	-0.312234	-0.221663	-0.237752	-0.304157	-0.247051	-0.2804	-0.244899	-0.234342	-0.305364	-0.30343	-0.291765	-0.269675	-0.243024	-0.277575	-0.270861	-0.258212	-0.266763	-0.313902	-0.248838	-0.241549	-0.25457	-0.241029	-0.247425	-0.241684	-0.263452	-0.254381	-0.216599	-0.268998	-0.25829	-0.260419	-0.255869	-0.242908	-0.24294	-0.24641	-0.297008	-0.227996	-0.257786	-0.288145	-0.210387	-0.295021	-0.247592	-0.264804	-0.247878	-0.237586	-0.231078	-0.241455	-0.126463	-0.319602	-0.252676	-0.243058	-0.260429	-0.256112	-0.215721	-0.252573	-0.319909	-0.25693	-0.242924	-0.298584	-0.317316	-0.302633	-0.263421	-0.2858	-0.29405	-0.236413	-0.255427	-0.197389	-0.290864	-0.319572	-0.224224	-0.246593	-0.306031	-0.175379	-0.274301	-0.258323	-0.292833	-0.295021	-0.245896	-0.217811	-0.224843	-0.346538	-0.18276	-0.217811	-0.335879	-0.283916	-0.28295	-0.237229	-0.258323	-0.254277	-0.234495	-0.226881	-0.28295	-0.231205	-0.241939	-0.289575	-0.269207	-0.308121	-0.235895	-0.317316	-0.182356	-0.317316	-0.283546	-0.239502	-0.188209	-0.209468	-0.262632	-0.203099	-0.230494	-0.175379	-0.277307	-0.247029	-0.295021	-0.23297	-0.255892	-0.259087	-0.23008	-0.258967	-0.348267	-0.229672	-0.25382	-0.308121	-0.318205	-0.292579	-0.237478	-0.223735	-0.282751	-0.237368	-0.23008	-0.266385	-0.341071	-0.239493	-0.247425	-0.285471	-0.218361	-0.281533	-0.283916	-0.241939	-0.295021	-0.285114	-0.308377	-0.264767	-0.196969	-0.274301	-0.25382	-0.29372	-0.243994	-0.285114	-0.244963	-0.242684	-0.180531	-0.251288	-0.204289	-0.239493	-0.331681	-0.269207	-0.247029	-0.236759	-0.283546	-0.216525	-0.335879	-0.236711	-0.242035	-0.262602	-0.304804	-0.235337	-0.282082	-0.246657	-0.27533	-0.285114	-0.235046	-0.237917	-0.28295	-0.23607	-0.229473	-0.243939	-0.24388	-0.295021	-0.257626	-0.223274	-0.285197	-0.257626	-0.291747	-0.201258	-0.270651	-0.285954	-0.258323	-0.305953	-0.229473	-0.248738	-0.264099	-0.230494	-0.342332	-0.218441	-0.225883	-0.202173	-0.238786	-0.225182	-0.268437	-0.203099	-0.258323	-0.235046	-0.238786	-0.207921	-0.220756	-0.262524	-0.292833	-0.322039	-0.239493	-0.274556	-0.308121	-0.27956	-0.199624	-0.289498	-0.268599	-0.226462	-0.287485	-0.276018	-0.295969	-0.254366	-0.232392	-0.262602	-0.341273	-0.326591	-0.281861	-0.23916	-0.27056	-0.262126	-0.230494	-0.217521	-0.282751	-0.274556	-0.304804	-0.125973	-0.237229	-0.311898	-0.182356	-0.343275	-0.262602	-0.176962	-0.272783	-0.287681	-0.226348	-0.20717	-0.307608	-0.223711	-0.228093	-0.276018	-0.346736	-0.237778	-0.308377	-0.226373	-0.295969	-0.237229	-0.305953	-0.262632	-0.287485	-0.243968	-0.196711	-0.234835	-0.28295	-0.284117	-0.229166	-0.246657	-0.196969	-0.235501	-0.32718	-0.19173	-0.266763	-0.266763	-0.196711	-0.262099	-0.214486
44000	intercept	0.341453	0.311535	0.33058	0.327834	0.337021	0.272346	0.344297	0.303534	0.326893	0.351202	0.374408	0.316383	0.332906	0.307283	0.316571	0.319844	0.251228	0.31625	0.309138	0.321226	0.272104	0.272133	0.344119	0.3507	0.295821	0.351692	0.310758	0.336118	0.3281	0.306066	0.27752	0.272886	0.371938	0.332268	0.321576	0.329786	0.318975	0.324401	0.322542	0.36457	0.306913	0.289232	0.325866	0.30616	0.330634	0.303784	0.305171	0.312441	0.274427	0.367247	0.353704	0.302938	0.315939	0.318354	0.277476	0.347869	0.362263	0.307038	0.316676	0.291802	0.349681	0.263987	0.262678	0.315936	0.296294	0.33099	0.268448	0.351051	0.366288	0.338847	0.323443	0.28757	0.310012	0.325795	0.329496	0.30183	0.324061	0.293331	0.357309	0.36	0.305063	0.309138	0.251099	0.2903	0.33416	0.327038	0.297942	0.319416	0.290035	0.293132	0.23135	0.312965	0.323803	0.318989	0.347867	0.31314	0.29912	0.311644	0.288553	0.269897	0.334804	0.309138	0.331024	0.329009	0.309715	0.306162	0.341132	0.247953	0.337767	0.278139	0.353602	0.362169	0.346557	0.322914	0.29901	0.264933	0.289182	0.26895	0.295668	0.287769	0.260525	0.290199	0.299264	0.333311	0.316226	0.319826	0.249977	0.311809	0.348109	0.35606	0.310467	0.285268	0.344302	0.296712	0.316141	0.328896	0.267703	0.348693	0.359069	0.321298	0.331952	0.316163	0.322006	0.329446	0.288178	0.335304	0.361057	0.337341	0.311299	0.315697	0.305848	0.317015	0.294244	0.322785	0.314916	0.321715	0.305295	0.309335	0.297001	0.312571	0.301854	0.318432	0.300431	0.335072	0.270592	0.299086	0.344512	0.261001	0.332906	0.307661	0.343574	0.296057	0.311697	0.288773	0.339304	0.183725	0.340326	0.299299	0.28955	0.304272	0.321302	0.24023	0.322754	0.367108	0.330468	0.309916	0.34343	0.351051	0.333864	0.331711	0.325776	0.331267	0.343422	0.32529	0.264571	0.323851	0.352855	0.274309	0.292826	0.363157	0.285725	0.367247	0.28946	0.346281	0.332906	0.314382	0.315342	0.322751	0.371938	0.311988	0.315342	0.390275	0.35329	0.364157	0.302439	0.28946	0.305598	0.292824	0.314382	0.364157	0.36457	0.268307	0.311764	0.388492	0.32973	0.272104	0.35216	0.240778	0.351051	0.353505	0.280339	0.263768	0.241476	0.279731	0.231039	0.243493	0.285725	0.348062	0.309138	0.332906	0.294317	0.288553	0.324947	0.311017	0.30545	0.376001	0.302014	0.296712	0.32973	0.340326	0.369815	0.280339	0.322235	0.365344	0.269926	0.31649	0.336204	0.353397	0.314382	0.317015	0.360512	0.247953	0.318107	0.35329	0.268307	0.332906	0.347453	0.332906	0.345341	0.231039	0.367247	0.300756	0.30691	0.32454	0.328151	0.307232	0.337589	0.238096	0.299136	0.272104	0.314382	0.378414	0.388492	0.307082	0.270016	0.353505	0.322384	0.390275	0.265496	0.317491	0.342302	0.331024	0.379662	0.316677	0.322992	0.316184	0.338348	0.270016	0.3152	0.357569	0.335853	0.27726	0.268307	0.314382	0.332906	0.312857	0.263768	0.341261	0.312857	0.317623	0.241476	0.359603	0.346281	0.28946	0.367727	0.289471	0.356869	0.359409	0.238689	0.361602	0.308637	0.309439	0.240778	0.287577	0.316565	0.314812	0.231039	0.28946	0.286623	0.29457	0.253553	0.264938	0.327351	0.346281	0.327571	0.314382	0.3833	0.32973	0.32973	0.241476	0.3293	0.325617	0.258478	0.327568	0.335503	0.340107	0.310104	0.254939	0.34053	0.351051	0.364144	0.316184	0.303914	0.373983	0.247953	0.247953	0.236304	0.365344	0.369815	0.331024	0.190133	0.304616	0.378056	0.240778	0.390484	0.342302	0.242178	0.332906	0.333771	0.263768	0.305579	0.323646	0.309307	0.33002	0.335503	0.390418	0.26883	0.332906	0.263768	0.341876	0.302439	0.367727	0.311866	0.327568	0.258823	0.240778	0.338152	0.364157	0.358724	0.270251	0.322992	0.231039	0.322992	0.33717	0.257666	0.335304	0.335304	0.240778	0.344483	0.273922
45000	slope	-0.252635	-0.193896	-0.208576	-0.264122	-0.294112	-0.293422	-0.273786	-0.233297	-0.241561	-0.235232	-0.259793	-0.228427	-0.205373	-0.243547	-0.278996	-0.263492	-0.208576	-0.259725	-0.248737	-0.277273	-0.234464	-0.263168	-0.239148	-0.220392	-0.253458	-0.201035	-0.231355	-0.248293	-0.255223	-0.201874	-0.259135	-0.267774	-0.226637	-0.212378	-0.255602	-0.277175	-0.207885	-0.23504	-0.275356	-0.254736	-0.255035	-0.21695	-0.275441	-0.213205	-0.293208	-0.21332	-0.281105	-0.252858	-0.292685	-0.246747	-0.245973	-0.277347	-0.268137	-0.261156	-0.264718	-0.214911	-0.262208	-0.246968	-0.255212	-0.218079	-0.273595	-0.261906	-0.276614	-0.253509	-0.218261	-0.272001	-0.223456	-0.2668	-0.28768	-0.271009	-0.278572	-0.185301	-0.200624	-0.242496	-0.271532	-0.209985	-0.301547	-0.292848	-0.245527	-0.235125	-0.222118	-0.261892	-0.26114	-0.270397	-0.290566	-0.222118	-0.247263	-0.296177	-0.241183	-0.252195	-0.228044	-0.246655	-0.222488	-0.243489	-0.240545	-0.207494	-0.221357	-0.225484	-0.266063	-0.211508	-0.292052	-0.269655	-0.244719	-0.207885	-0.2138	-0.260766	-0.300253	-0.268618	-0.24007	-0.250285	-0.28018	-0.253634	-0.225781	-0.224324	-0.205581	-0.285831	-0.225612	-0.21792	-0.281537	-0.26995	-0.255645	-0.294286	-0.258234	-0.267588	-0.225759	-0.256076	-0.210051	-0.232256	-0.223473	-0.23781	-0.281869	-0.240091	-0.252048	-0.248717	-0.256836	-0.262856	-0.247507	-0.277377	-0.27893	-0.274156	-0.259274	-0.207181	-0.221521	-0.199208	-0.245413	-0.29736	-0.309831	-0.193393	-0.256795	-0.248807	-0.262565	-0.28768	-0.245023	-0.222273	-0.241924	-0.281303	-0.256667	-0.248177	-0.285231	-0.243038	-0.232545	-0.261097	-0.210551	-0.281303	-0.219449	-0.24248	-0.29144	-0.235681	-0.233241	-0.251711	-0.237894	-0.287932	-0.265979	-0.24358	-0.245325	-0.232031	-0.298514	-0.277089	-0.200786	-0.279639	-0.238878	-0.212985	-0.219097	-0.271876	-0.269883	-0.265699	-0.242751	-0.285349	-0.233488	-0.270001	-0.240303	-0.287703	-0.289731	-0.26654	-0.297631	-0.241444	-0.240102	-0.22851	-0.200664	-0.313701	-0.27709	-0.210984	-0.323807	-0.260815	-0.26918	-0.230217	-0.283704	-0.273493	-0.222118	-0.234464	-0.260779	-0.178938	-0.204249	-0.236429	-0.248158	-0.214477	-0.291115	-0.216663	-0.210348	-0.278222	-0.225908	-0.27709	-0.243388	-0.2993	-0.223785	-0.24559	-0.207849	-0.311236	-0.248158	-0.200664	-0.199193	-0.284654	-0.208045	-0.305656	-0.272309	-0.289184	-0.24937	-0.200664	-0.208576	-0.285945	-0.304339	-0.214216	-0.278347	-0.270237	-0.222364	-0.232702	-0.260779	-0.271606	-0.30553	-0.273493	-0.268808	-0.268276	-0.293179	-0.28768	-0.263735	-0.221785	-0.197204	-0.297166	-0.214216	-0.25056	-0.25056	-0.199208	-0.240326	-0.243826	-0.273493	-0.21083	-0.21612	-0.22848	-0.244783	-0.305656	-0.198095	-0.2822	-0.262077	-0.238845	-0.282479	-0.282976	-0.283291	-0.282976	-0.214911	-0.2822	-0.255957	-0.260779	-0.262077	-0.237863	-0.281105	-0.323807	-0.316158	-0.228485	-0.289263	-0.234033	-0.286238	-0.260854	-0.289615	-0.295164	-0.289184	-0.281836	-0.232482	-0.247969	-0.270258	-0.288297	-0.250911	-0.223006	-0.297166	-0.236429	-0.271606	-0.275236	-0.241555	-0.298599	-0.268808	-0.27185	-0.294286	-0.222118	-0.286238	-0.244783	-0.24102	-0.236298	-0.238011	-0.239577	-0.278222	-0.277089	-0.23781	-0.293422	-0.212448	-0.274156	-0.252352	-0.289184	-0.282976	-0.186784	-0.222118	-0.248158	-0.313255	-0.285945	-0.223156	-0.238935	-0.304899	-0.286164	-0.260779	-0.223941	-0.287096	-0.23753	-0.26918	-0.273952	-0.283722	-0.272423	-0.294112	-0.277089	-0.199601	-0.261207	-0.27167	-0.273952	-0.288297	-0.258554	-0.29736	-0.28768	-0.284654	-0.248158	-0.293113	-0.291607	-0.25056	-0.19725	-0.214911	-0.27167	-0.28768	-0.260779	-0.271606	-0.208576	-0.221521	-0.270258	-0.191371	-0.283709	-0.273107	-0.207885	-0.288297	-0.210348	-0.261888	-0.227285	-0.217096	-0.232714	-0.316158	-0.227819	-0.27709	-0.201972	-0.255036	-0.236978	-0.239577	-0.199601	-0.287703	-0.24673	-0.220231	-0.287703	-0.228485	-0.230612	-0.234054	-0.278222	-0.232224	-0.239601	-0.1987	-0.208045	-0.270258	-0.252352
45000	intercept	0.300416	0.28032	0.274665	0.318418	0.341095	0.342709	0.364725	0.289022	0.293034	0.294574	0.319167	0.308345	0.309675	0.302122	0.30794	0.322129	0.274785	0.311556	0.317708	0.310465	0.284148	0.302056	0.321046	0.282372	0.272185	0.278513	0.28178	0.311336	0.284223	0.319082	0.313736	0.309099	0.311785	0.310035	0.297224	0.341112	0.370042	0.350298	0.307944	0.297807	0.322202	0.268108	0.306142	0.303939	0.333804	0.303481	0.302778	0.335784	0.328215	0.296021	0.284339	0.332824	0.344007	0.308742	0.351195	0.314791	0.326736	0.337939	0.310982	0.302117	0.313438	0.359134	0.335401	0.336721	0.30616	0.338692	0.279372	0.344843	0.326046	0.363164	0.355685	0.28415	0.290557	0.291255	0.322454	0.297107	0.346669	0.323303	0.324614	0.295074	0.30131	0.318038	0.339339	0.30536	0.334459	0.286059	0.296962	0.337328	0.350431	0.328212	0.293285	0.318651	0.294082	0.279366	0.326492	0.256879	0.311543	0.295562	0.295557	0.305084	0.337429	0.323894	0.324758	0.348004	0.281608	0.321331	0.332723	0.335377	0.326067	0.305862	0.353397	0.333881	0.269639	0.298246	0.286785	0.321141	0.302008	0.289547	0.326528	0.294583	0.340992	0.320702	0.316581	0.318327	0.303493	0.310838	0.295157	0.334622	0.294301	0.276693	0.332376	0.287607	0.28973	0.31837	0.314314	0.301972	0.30997	0.293048	0.32364	0.306186	0.339163	0.276966	0.308353	0.271076	0.311764	0.35083	0.338334	0.269899	0.303633	0.32025	0.325233	0.35266	0.308948	0.329535	0.302456	0.318715	0.312264	0.337026	0.310356	0.304835	0.292899	0.299281	0.293178	0.343389	0.338335	0.32438	0.311684	0.290529	0.321708	0.314877	0.301271	0.335059	0.323997	0.248236	0.314312	0.322914	0.336257	0.401488	0.26523	0.328137	0.295633	0.281733	0.283168	0.340183	0.305007	0.340577	0.323699	0.29381	0.295779	0.336536	0.307835	0.368306	0.342351	0.323226	0.341351	0.288647	0.318979	0.292736	0.270252	0.336913	0.322323	0.274785	0.334891	0.36544	0.3166	0.2979	0.341095	0.341624	0.30131	0.2904	0.263209	0.2758	0.280238	0.346006	0.337939	0.274785	0.307602	0.304382	0.278417	0.387074	0.342748	0.311604	0.318072	0.340218	0.248236	0.334622	0.290059	0.356462	0.337939	0.280086	0.26325	0.340218	0.307283	0.340218	0.296469	0.309662	0.308536	0.280086	0.274785	0.297556	0.333734	0.304887	0.290774	0.292653	0.358724	0.278056	0.263209	0.292653	0.340351	0.327519	0.297309	0.299991	0.362205	0.35266	0.324247	0.298666	0.303972	0.353667	0.317826	0.323929	0.31246	0.28032	0.287818	0.309956	0.345744	0.262342	0.273198	0.336935	0.291761	0.340218	0.278278	0.366373	0.320836	0.310497	0.377552	0.333474	0.298735	0.333474	0.318824	0.366373	0.313399	0.263209	0.316308	0.334622	0.302778	0.334891	0.344209	0.313445	0.364726	0.273198	0.341624	0.32224	0.356777	0.342351	0.313236	0.334622	0.297307	0.266306	0.334622	0.336496	0.322506	0.310546	0.334566	0.346006	0.292653	0.294776	0.280013	0.332723	0.296778	0.340107	0.313479	0.299807	0.341624	0.309956	0.292651	0.266306	0.261413	0.292651	0.390712	0.386862	0.3027	0.342709	0.268345	0.308536	0.306723	0.313236	0.333474	0.294043	0.286059	0.337939	0.337892	0.292651	0.299843	0.263484	0.338681	0.300119	0.28003	0.291411	0.326046	0.30627	0.3166	0.290968	0.307943	0.324355	0.346054	0.356801	0.279677	0.329933	0.374873	0.290968	0.336496	0.316308	0.35083	0.336261	0.340218	0.337939	0.337497	0.343848	0.323929	0.264341	0.314791	0.374873	0.336261	0.263209	0.292653	0.274785	0.311725	0.334622	0.275081	0.336496	0.30536	0.348004	0.336496	0.281047	0.311715	0.287672	0.326183	0.30627	0.353582	0.289097	0.322323	0.261548	0.304382	0.303229	0.292651	0.279677	0.368306	0.310497	0.311785	0.368306	0.313445	0.304382	0.330627	0.387662	0.309774	0.292031	0.291567	0.307283	0.334622	0.306723
46000	slope	-0.225989	-0.255876	-0.234897	-0.232033	-0.277264	-0.244734	-0.292038	-0.228859	-0.235395	-0.231945	-0.238958	-0.228456	-0.239529	-0.256168	-0.264342	-0.262249	-0.250016	-0.207754	-0.237578	-0.252535	-0.286495	-0.239772	-0.239691	-0.247875	-0.235064	-0.271823	-0.276352	-0.237452	-0.283753	-0.236643	-0.218389	-0.295625	-0.303122	-0.283014	-0.28241	-0.260967	-0.272888	-0.216721	-0.220443	-0.235681	-0.222741	-0.217115	-0.250697	-0.214694	-0.222174	-0.221646	-0.237445	-0.264185	-0.25825	-0.297093	-0.257648	-0.271801	-0.231588	-0.255928	-0.217645	-0.272539	-0.172158	-0.184269	-0.213065	-0.23783	-0.277425	-0.214088	-0.228272	-0.274579	-0.205899	-0.220169	-0.227602	-0.247443	-0.260446	-0.242873	-0.248027	-0.242499	-0.228154	-0.251344	-0.303122	-0.222003	-0.298126	-0.216259	-0.216425	-0.259899	-0.212685	-0.238857	-0.258099	-0.256389	-0.231261	-0.256809	-0.238167	-0.225975	-0.249458	-0.251993	-0.308269	-0.22821	-0.207894	-0.261152	-0.25512	-0.281631	-0.229211	-0.258264	-0.266803	-0.307324	-0.302054	-0.217451	-0.237773	-0.263243	-0.205477	-0.251129	-0.221819	-0.213959	-0.283753	-0.26547	-0.304353	-0.225532	-0.225145	-0.240108	-0.277001	-0.265965	-0.270047	-0.235909	-0.209757	-0.240186	-0.28183	-0.252011	-0.281475	-0.237984	-0.243225	-0.234295	-0.215286	-0.219253	-0.303122	-0.294926	-0.175449	-0.269451	-0.251117	-0.238539	-0.26691	-0.252473	-0.258101	-0.24726	-0.278361	-0.249801	-0.225384	-0.272822	-0.242977	-0.266278	-0.208564	-0.301366	-0.258687	-0.278978	-0.275077	-0.229415	-0.284218	-0.300073	-0.228331	-0.28934	-0.23808	-0.24262	-0.285827	-0.255876	-0.306097	-0.214136	-0.279669	-0.28289	-0.31397	-0.209887	-0.230591	-0.2334	-0.243487	-0.244285	-0.244708	-0.231747	-0.211547	-0.23284	-0.326849	-0.254296	-0.249602	-0.320247	-0.23269	-0.237614	-0.215898	-0.237231	-0.304059	-0.238771	-0.247908	-0.270132	-0.239809	-0.204751	-0.287509	-0.224068	-0.200332	-0.256327	-0.235605	-0.258196	-0.256912	-0.214444	-0.281456	-0.283845	-0.270109	-0.220149	-0.2518	-0.224038	-0.239997	-0.326849	-0.315598	-0.223994	-0.244904	-0.210228	-0.290453	-0.197086	-0.281208	-0.20635	-0.245335	-0.210644	-0.248699	-0.298509	-0.241761	-0.286907	-0.250679	-0.257408	-0.210228	-0.21703	-0.188751	-0.275138	-0.344256	-0.245952	-0.205899	-0.234066	-0.315598	-0.318979	-0.260812	-0.204871	-0.311712	-0.255876	-0.203965	-0.302914	-0.225989	-0.268154	-0.234513	-0.201394	-0.226116	-0.193309	-0.181549	-0.307377	-0.248699	-0.203965	-0.311323	-0.259482	-0.255876	-0.213038	-0.258495	-0.230591	-0.176073	-0.215234	-0.225989	-0.24565	-0.219699	-0.310633	-0.283135	-0.212865	-0.263117	-0.259899	-0.219111	-0.312682	-0.315598	-0.209449	-0.25942	-0.267678	-0.25942	-0.226116	-0.259925	-0.257234	-0.263058	-0.221923	-0.316998	-0.249359	-0.331302	-0.212685	-0.245818	-0.306256	-0.265135	-0.289399	-0.184927	-0.212559	-0.305982	-0.244904	-0.310633	-0.21703	-0.245818	-0.311262	-0.30772	-0.236003	-0.219699	-0.311646	-0.270548	-0.272984	-0.259899	-0.311323	-0.306256	-0.318979	-0.293102	-0.31397	-0.295559	-0.181789	-0.278831	-0.306128	-0.256147	-0.250655	-0.210644	-0.306128	-0.253292	-0.192544	-0.214547	-0.251279	-0.262485	-0.244904	-0.295559	-0.345541	-0.21099	-0.332669	-0.232814	-0.248699	-0.310633	-0.251013	-0.257408	-0.26721	-0.256622	-0.339576	-0.28581	-0.248714	-0.253537	-0.245952	-0.206208	-0.238167	-0.23161	-0.217294	-0.255876	-0.245818	-0.213707	-0.30772	-0.258168	-0.344256	-0.277201	-0.255876	-0.340201	-0.249781	-0.219111	-0.315598	-0.227029	-0.244904	-0.265135	-0.215234	-0.289892	-0.30532	-0.227029	-0.292897	-0.237698	-0.215093	-0.266469	-0.209449	-0.197819	-0.31397	-0.273613	-0.206737	-0.272984	-0.300024	-0.219137	-0.237698	-0.267309	-0.255876	-0.245952	-0.226116	-0.300174	-0.243926	-0.188751	-0.212917	-0.343123	-0.318818	-0.316142	-0.205899	-0.258357	-0.210228	-0.221582	-0.268154	-0.230591	-0.196062	-0.226306	-0.258801	-0.326531	-0.205899	-0.184927	-0.256581	-0.219137	-0.274921	-0.24048	-0.217969	-0.250952	-0.191973	-0.188743	-0.226116	-0.255876	-0.278896
46000	intercept	0.287531	0.287426	0.288329	0.305635	0.328254	0.332001	0.330862	0.271199	0.272153	0.293851	0.274993	0.308374	0.275465	0.318818	0.308128	0.31738	0.291096	0.296773	0.320781	0.349917	0.303142	0.300739	0.305605	0.281901	0.294086	0.333412	0.311905	0.289873	0.342021	0.316941	0.273838	0.34153	0.315119	0.316329	0.300511	0.297393	0.307893	0.287496	0.260983	0.276675	0.28911	0.288226	0.316558	0.29031	0.32017	0.300144	0.310954	0.298138	0.289121	0.341244	0.3068	0.311975	0.291538	0.316689	0.298463	0.351637	0.286046	0.291982	0.309841	0.301706	0.320363	0.322435	0.302166	0.312338	0.292872	0.277782	0.313938	0.311919	0.34913	0.298182	0.335504	0.303485	0.291783	0.301133	0.315818	0.297987	0.358309	0.284792	0.28946	0.305526	0.29867	0.321848	0.286448	0.30666	0.268299	0.285576	0.332972	0.283111	0.292239	0.300553	0.347992	0.306408	0.262397	0.307905	0.282613	0.346541	0.29025	0.332915	0.290787	0.379037	0.341779	0.331027	0.30178	0.300636	0.295614	0.288062	0.283376	0.300727	0.342021	0.317156	0.331555	0.298972	0.293813	0.319314	0.324461	0.325336	0.327516	0.307671	0.272728	0.292292	0.383224	0.302015	0.325535	0.300161	0.329296	0.315683	0.29	0.316165	0.318945	0.369763	0.243412	0.305198	0.335869	0.33454	0.29112	0.297031	0.33281	0.295369	0.312782	0.285197	0.28881	0.31542	0.268505	0.31925	0.289418	0.353915	0.30813	0.321247	0.344164	0.332375	0.328144	0.309125	0.310803	0.328192	0.288069	0.315843	0.333762	0.290614	0.343864	0.295615	0.30761	0.30745	0.314705	0.276867	0.307192	0.305079	0.301838	0.298681	0.301706	0.301817	0.325163	0.29811	0.360116	0.334007	0.313983	0.34854	0.274409	0.322484	0.294354	0.252914	0.367446	0.29892	0.336862	0.32597	0.29859	0.286789	0.335879	0.302646	0.301895	0.323111	0.281734	0.327796	0.302646	0.279344	0.338005	0.329822	0.352823	0.280004	0.31532	0.31647	0.362096	0.360116	0.356255	0.27895	0.310479	0.292564	0.326148	0.298413	0.314045	0.298258	0.292239	0.284792	0.330069	0.344146	0.332375	0.352582	0.313347	0.349231	0.292564	0.335607	0.256398	0.317229	0.382057	0.273588	0.312182	0.307264	0.355298	0.34516	0.346072	0.283779	0.371458	0.290614	0.271672	0.379037	0.287531	0.339776	0.252914	0.256398	0.29181	0.308005	0.264704	0.33427	0.322986	0.269694	0.341454	0.25817	0.287426	0.271672	0.296933	0.307192	0.276156	0.303852	0.303333	0.304064	0.284792	0.380125	0.315904	0.298258	0.314075	0.305524	0.295614	0.355298	0.365538	0.3052	0.322986	0.339362	0.313962	0.29867	0.316031	0.308301	0.294597	0.29867	0.342978	0.299358	0.378798	0.29867	0.287031	0.390061	0.323015	0.308174	0.317355	0.305597	0.331207	0.287695	0.380125	0.335607	0.287031	0.314705	0.326331	0.277306	0.284792	0.347479	0.286978	0.341516	0.306829	0.341454	0.379037	0.34516	0.312312	0.326898	0.351181	0.286047	0.295392	0.316221	0.295094	0.273588	0.284792	0.316221	0.322839	0.273019	0.335607	0.31329	0.332375	0.32066	0.351181	0.326808	0.3041	0.371051	0.276004	0.322986	0.380125	0.329808	0.343843	0.343843	0.301189	0.369365	0.329034	0.284087	0.317406	0.270535	0.293183	0.332972	0.297212	0.322218	0.290614	0.287031	0.300335	0.341454	0.318105	0.382057	0.268505	0.287426	0.353228	0.277391	0.295614	0.355298	0.335607	0.287695	0.323015	0.311605	0.343843	0.357176	0.335607	0.342021	0.34557	0.29867	0.354946	0.286167	0.236874	0.326898	0.294795	0.282062	0.341516	0.333119	0.277782	0.34557	0.343184	0.26732	0.273588	0.29867	0.343106	0.292584	0.255659	0.28676	0.369365	0.393453	0.377288	0.312864	0.306753	0.280122	0.27895	0.339847	0.307192	0.279753	0.248564	0.301206	0.345882	0.30627	0.331171	0.290037	0.25771	0.328395	0.298202	0.27895	0.346973	0.265173	0.279753	0.29867	0.290614	0.342021
47000	slope	-0.313942	-0.267201	-0.235223	-0.187202	-0.255716	-0.275164	-0.246185	-0.272906	-0.321752	-0.274718	-0.206281	-0.227003	-0.288926	-0.294913	-0.32791	-0.241679	-0.271408	-0.246761	-0.227557	-0.194807	-0.233581	-0.254041	-0.235794	-0.304996	-0.268466	-0.251118	-0.294437	-0.254733	-0.217981	-0.273137	-0.215386	-0.215051	-0.2763	-0.217814	-0.281708	-0.268956	-0.280828	-0.257968	-0.255661	-0.273281	-0.282118	-0.279655	-0.313255	-0.308326	-0.290846	-0.2505	-0.267285	-0.286126	-0.279308	-0.251565	-0.218418	-0.207055	-0.255354	-0.220044	-0.278653	-0.254728	-0.235722	-0.338059	-0.286904	-0.292785	-0.27621	-0.269735	-0.256939	-0.226992	-0.295715	-0.242758	-0.31458	-0.250921	-0.236372	-0.290457	-0.246376	-0.287434	-0.20466	-0.247658	-0.331396	-0.202066	-0.203062	-0.259836	-0.203282	-0.222676	-0.314769	-0.252621	-0.20737	-0.219273	-0.244666	-0.29278	-0.32753	-0.19979	-0.278025	-0.294693	-0.259372	-0.309754	-0.170758	-0.259282	-0.277146	-0.286843	-0.242674	-0.302819	-0.309742	-0.269515	-0.349972	-0.229164	-0.227574	-0.229851	-0.258746	-0.23544	-0.301115	-0.23929	-0.272879	-0.218969	-0.250151	-0.286373	-0.247403	-0.291446	-0.227121	-0.250945	-0.278998	-0.230729	-0.253907	-0.240563	-0.270262	-0.204366	-0.286475	-0.300746	-0.248596	-0.225304	-0.229748	-0.231668	-0.253011	-0.329653	-0.262139	-0.227174	-0.272557	-0.234419	-0.256617	-0.312882	-0.318588	-0.212314	-0.266435	-0.283141	-0.264063	-0.267696	-0.263547	-0.332624	-0.296756	-0.262799	-0.28634	-0.25779	-0.252514	-0.271013	-0.216679	-0.247838	-0.329215	-0.232179	-0.261365	-0.199861	-0.247022	-0.223955	-0.302912	-0.194807	-0.262651	-0.230948	-0.2026	-0.225671	-0.257247	-0.29221	-0.272068	-0.286443	-0.300996	-0.25917	-0.196181	-0.306757	-0.228532	-0.228016	-0.220513	-0.220517	-0.274279	-0.259869	-0.311165	-0.294695	-0.195049	-0.213025	-0.189129	-0.256426	-0.279657	-0.245563	-0.18397	-0.253569	-0.201931	-0.218815	-0.218065	-0.234024	-0.194227	-0.208024	-0.316471	-0.316984	-0.256397	-0.264124	-0.197146	-0.270987	-0.353339	-0.308848	-0.315779	-0.242709	-0.220863	-0.309892	-0.257188	-0.302248	-0.204366	-0.22026	-0.259483	-0.170758	-0.313757	-0.338296	-0.170556	-0.299242	-0.271764	-0.250346	-0.201239	-0.201239	-0.304577	-0.273901	-0.202236	-0.204366	-0.187511	-0.256577	-0.240228	-0.237776	-0.330124	-0.247928	-0.19857	-0.257	-0.296434	-0.190312	-0.274082	-0.309892	-0.299242	-0.23544	-0.226992	-0.202336	-0.320241	-0.356497	-0.178202	-0.233839	-0.24229	-0.208266	-0.273901	-0.189874	-0.215492	-0.304577	-0.309075	-0.25085	-0.301372	-0.253561	-0.298652	-0.252514	-0.329215	-0.328012	-0.257936	-0.331736	-0.307316	-0.170758	-0.302442	-0.299242	-0.261077	-0.313757	-0.244032	-0.172282	-0.159454	-0.264051	-0.239796	-0.302925	-0.273901	-0.275734	-0.170758	-0.245908	-0.21181	-0.219094	-0.23544	-0.282382	-0.2026	-0.21934	-0.262258	-0.325758	-0.252514	-0.297756	-0.259659	-0.170758	-0.323051	-0.273821	-0.151273	-0.21723	-0.242709	-0.19857	-0.170758	-0.190072	-0.273901	-0.336684	-0.287434	-0.227563	-0.273828	-0.291446	-0.32791	-0.247928	-0.274545	-0.240902	-0.312804	-0.331396	-0.245751	-0.170758	-0.245908	-0.274545	-0.276359	-0.226992	-0.273828	-0.239796	-0.234389	-0.254237	-0.21934	-0.335276	-0.273901	-0.240228	-0.309789	-0.193163	-0.252667	-0.330198	-0.309789	-0.257	-0.273901	-0.21934	-0.353339	-0.338296	-0.329827	-0.233704	-0.217161	-0.260079	-0.368883	-0.199163	-0.296434	-0.21723	-0.329215	-0.240902	-0.331396	-0.242709	-0.201239	-0.252729	-0.297756	-0.170758	-0.187511	-0.264541	-0.171452	-0.291446	-0.24841	-0.28164	-0.220863	-0.252207	-0.284788	-0.199163	-0.353339	-0.222005	-0.254126	-0.329215	-0.319066	-0.22176	-0.294926	-0.249702	-0.273901	-0.170758	-0.275734	-0.281577	-0.331396	-0.21934	-0.269482	-0.182844	-0.209848	-0.317853	-0.242709	-0.310202	-0.290733	-0.353339	-0.252514	-0.21934	-0.329215	-0.284788	-0.329215	-0.254237	-0.271764	-0.235595	-0.194807	-0.335071	-0.308848	-0.23544	-0.209724	-0.21934	-0.253561	-0.266531	-0.259659	-0.313757	-0.307173	-0.273828
47000	intercept	0.354648	0.30425	0.314258	0.277454	0.311258	0.343989	0.32529	0.334036	0.39986	0.314705	0.26419	0.304613	0.348059	0.338234	0.385272	0.302823	0.333286	0.313982	0.282996	0.269136	0.264766	0.280293	0.312523	0.341062	0.331577	0.28878	0.335588	0.328047	0.282365	0.335332	0.292152	0.281283	0.331804	0.290817	0.333507	0.318336	0.30189	0.340518	0.280332	0.310315	0.34606	0.336448	0.362335	0.376172	0.339897	0.305332	0.304087	0.339584	0.314186	0.346381	0.312764	0.274924	0.315824	0.298426	0.33675	0.312126	0.293526	0.37838	0.355555	0.364037	0.337766	0.313511	0.318774	0.301391	0.333448	0.287332	0.352017	0.304237	0.301443	0.353296	0.343372	0.31282	0.270495	0.315301	0.376881	0.270309	0.26469	0.328464	0.270552	0.284414	0.339241	0.29227	0.246982	0.288418	0.283683	0.374479	0.405299	0.260424	0.351462	0.3029	0.318538	0.346449	0.279377	0.300507	0.336513	0.345444	0.289382	0.355849	0.335923	0.33444	0.373019	0.287972	0.293194	0.300713	0.339067	0.285624	0.368199	0.328	0.30213	0.277721	0.307306	0.331862	0.303194	0.327839	0.331181	0.312126	0.308368	0.300228	0.306363	0.311474	0.33993	0.315279	0.324906	0.354258	0.311533	0.253515	0.322953	0.299973	0.284517	0.385682	0.311336	0.284603	0.307898	0.302663	0.298282	0.330686	0.37222	0.279337	0.325927	0.330724	0.334805	0.322626	0.287584	0.368603	0.327639	0.332284	0.347265	0.312932	0.302066	0.355589	0.286674	0.317148	0.35998	0.273786	0.299901	0.268065	0.315797	0.267008	0.325705	0.258742	0.337591	0.338735	0.28266	0.286881	0.334246	0.353198	0.342515	0.375455	0.366031	0.30094	0.270443	0.378154	0.304909	0.330095	0.296561	0.285136	0.334114	0.300948	0.381229	0.361096	0.308587	0.277488	0.26204	0.302354	0.335192	0.30154	0.248285	0.321993	0.247432	0.283413	0.301153	0.290133	0.255603	0.29957	0.375638	0.371267	0.340055	0.313483	0.277807	0.323487	0.380035	0.396616	0.389609	0.343372	0.220897	0.389609	0.291172	0.356322	0.315279	0.28621	0.305131	0.292804	0.346032	0.345672	0.291163	0.325815	0.311367	0.317778	0.282974	0.279513	0.365141	0.299637	0.289091	0.312181	0.264224	0.329462	0.32113	0.346827	0.318637	0.285624	0.277807	0.302029	0.342111	0.278115	0.34679	0.40089	0.325815	0.285624	0.301391	0.331272	0.346032	0.390052	0.296072	0.304796	0.302901	0.274959	0.309246	0.253798	0.285144	0.365141	0.34817	0.276402	0.341398	0.36078	0.322053	0.302066	0.362406	0.377729	0.308368	0.402451	0.374792	0.292804	0.381397	0.325815	0.31638	0.346032	0.314277	0.264224	0.296072	0.308368	0.290759	0.339057	0.301872	0.334529	0.291163	0.272679	0.289314	0.270749	0.285624	0.375393	0.28266	0.299254	0.340682	0.370022	0.292436	0.340138	0.310724	0.279471	0.351409	0.369028	0.255957	0.275531	0.343372	0.280953	0.296072	0.278115	0.309246	0.368319	0.31282	0.301391	0.288948	0.327839	0.38487	0.285624	0.324201	0.276402	0.377551	0.376881	0.30658	0.286918	0.272679	0.324201	0.329378	0.301391	0.302066	0.282025	0.310885	0.351024	0.320397	0.384097	0.309246	0.32113	0.340993	0.27286	0.293141	0.361273	0.338781	0.302029	0.309246	0.320397	0.380298	0.345672	0.376881	0.274959	0.289208	0.291172	0.3942	0.258016	0.342111	0.275531	0.357555	0.276402	0.376881	0.343372	0.278824	0.292103	0.340138	0.296072	0.264224	0.359171	0.296072	0.327839	0.298332	0.316872	0.246954	0.346508	0.326307	0.258016	0.384037	0.320889	0.281742	0.362406	0.357555	0.274959	0.372849	0.292436	0.309246	0.296072	0.334529	0.329378	0.376881	0.320397	0.308368	0.26469	0.276619	0.322219	0.343372	0.376881	0.322053	0.381366	0.308454	0.314096	0.357555	0.326307	0.362406	0.351024	0.310724	0.308017	0.274696	0.402451	0.398162	0.285624	0.271625	0.298363	0.36078	0.323206	0.313621	0.346032	0.329357	0.302066
48000	slope	-0.194622	-0.219227	-0.277024	-0.25317	-0.252308	-0.245459	-0.23145	-0.199595	-0.303018	-0.247253	-0.258684	-0.280307	-0.253452	-0.22748	-0.209823	-0.239628	-0.276707	-0.296928	-0.225714	-0.293865	-0.233294	-0.194686	-0.230902	-0.287075	-0.231096	-0.291956	-0.267821	-0.246205	-0.231842	-0.253393	-0.275576	-0.304047	-0.275212	-0.179162	-0.213498	-0.244685	-0.267651	-0.267347	-0.314612	-0.269521	-0.241486	-0.262826	-0.308392	-0.304122	-0.26748	-0.228214	-0.303101	-0.199189	-0.254631	-0.248031	-0.242776	-0.243004	-0.275492	-0.259712	-0.217998	-0.262502	-0.282502	-0.276755	-0.269708	-0.261727	-0.291254	-0.280654	-0.184268	-0.229623	-0.232013	-0.214979	-0.284119	-0.290818	-0.197116	-0.384304	-0.254613	-0.239437	-0.269059	-0.283755	-0.227983	-0.18895	-0.225251	-0.213349	-0.286887	-0.276816	-0.237697	-0.24957	-0.232966	-0.204939	-0.267341	-0.3031	-0.240436	-0.224167	-0.233531	-0.285688	-0.226776	-0.23145	-0.30749	-0.286478	-0.232079	-0.290145	-0.266364	-0.237169	-0.281556	-0.296257	-0.302937	-0.223892	-0.275868	-0.278374	-0.220854	-0.218362	-0.245692	-0.206796	-0.25597	-0.295478	-0.249412	-0.217051	-0.236451	-0.204795	-0.285195	-0.274381	-0.236335	-0.26544	-0.286544	-0.312381	-0.255452	-0.260336	-0.203881	-0.304813	-0.223511	-0.226221	-0.245941	-0.24492	-0.244132	-0.248431	-0.247566	-0.257156	-0.226711	-0.224146	-0.22469	-0.24984	-0.209731	-0.208712	-0.266907	-0.238512	-0.1804	-0.242584	-0.274886	-0.28621	-0.236877	-0.266316	-0.210995	-0.318883	-0.220089	-0.216985	-0.235059	-0.266702	-0.248793	-0.238141	-0.288624	-0.26373	-0.246097	-0.247515	-0.248181	-0.24321	-0.216276	-0.331542	-0.318283	-0.226732	-0.242712	-0.250533	-0.254151	-0.222862	-0.228032	-0.249551	-0.244155	-0.241671	-0.217464	-0.220163	-0.225789	-0.268347	-0.312859	-0.261517	-0.255691	-0.278499	-0.270021	-0.228707	-0.261535	-0.246906	-0.295138	-0.282996	-0.27544	-0.25263	-0.236576	-0.219521	-0.291063	-0.26349	-0.26088	-0.262079	-0.247716	-0.278779	-0.241732	-0.161274	-0.273661	-0.250274	-0.234579	-0.289985	-0.289985	-0.300775	-0.220606	-0.283472	-0.217171	-0.208267	-0.3031	-0.300443	-0.246205	-0.296369	-0.312381	-0.213854	-0.209731	-0.206427	-0.203424	-0.28398	-0.217185	-0.220199	-0.268277	-0.209731	-0.251852	-0.227507	-0.271527	-0.194749	-0.232933	-0.23864	-0.290145	-0.268277	-0.273747	-0.297321	-0.289543	-0.324634	-0.255583	-0.289543	-0.232141	-0.200476	-0.244294	-0.234831	-0.194298	-0.251852	-0.206279	-0.216429	-0.27064	-0.341136	-0.237552	-0.209731	-0.202017	-0.231623	-0.213012	-0.255436	-0.268089	-0.322618	-0.289985	-0.241744	-0.223198	-0.216429	-0.289985	-0.23721	-0.201678	-0.203424	-0.244609	-0.236722	-0.297246	-0.225047	-0.217185	-0.253634	-0.318283	-0.200476	-0.282996	-0.284861	-0.232141	-0.278246	-0.233696	-0.282352	-0.274389	-0.23721	-0.215099	-0.232188	-0.298621	-0.312381	-0.335526	-0.224182	-0.268089	-0.207605	-0.274919	-0.301529	-0.208724	-0.224182	-0.217185	-0.217569	-0.22551	-0.246871	-0.22497	-0.270602	-0.238572	-0.292296	-0.289543	-0.202343	-0.172418	-0.224326	-0.318013	-0.247386	-0.297611	-0.247386	-0.221596	-0.289543	-0.233158	-0.28086	-0.283755	-0.214695	-0.216429	-0.273987	-0.26793	-0.289121	-0.317359	-0.32414	-0.29002	-0.21476	-0.20917	-0.276097	-0.319331	-0.312381	-0.29208	-0.312029	-0.224182	-0.197294	-0.253944	-0.21874	-0.261975	-0.300775	-0.261008	-0.267933	-0.318283	-0.282996	-0.296106	-0.268277	-0.268277	-0.205586	-0.280485	-0.238572	-0.295997	-0.230086	-0.212945	-0.250533	-0.300775	-0.222069	-0.298621	-0.267093	-0.268277	-0.295997	-0.249784	-0.251852	-0.262822	-0.286344	-0.269755	-0.301961	-0.29519	-0.194637	-0.339449	-0.274389	-0.270668	-0.247386	-0.216681	-0.247496	-0.21235	-0.283755	-0.23864	-0.235783	-0.26176	-0.311002	-0.228195	-0.26793	-0.232141	-0.31937	-0.211914	-0.200054	-0.268277	-0.282679	-0.317207	-0.322618	-0.27606	-0.282996	-0.273987	-0.206698	-0.341075	-0.28347	-0.287427	-0.238396	-0.217185	-0.22551	-0.231336	-0.246205	-0.290145	-0.302751	-0.22551	-0.296282	-0.189906	-0.263948
48000	intercept	0.334805	0.322138	0.323591	0.321674	0.316755	0.305589	0.321626	0.292706	0.345071	0.311271	0.321724	0.326143	0.317725	0.273206	0.310347	0.299785	0.333961	0.353851	0.294294	0.341219	0.290084	0.308253	0.312301	0.347959	0.307827	0.315627	0.308441	0.291105	0.312526	0.317542	0.310964	0.337823	0.339337	0.243247	0.308572	0.299635	0.314191	0.323844	0.377252	0.312697	0.284845	0.311557	0.377252	0.34116	0.304594	0.310298	0.347461	0.304127	0.300736	0.29627	0.318244	0.282128	0.337421	0.348019	0.269143	0.299134	0.311029	0.343408	0.311058	0.296029	0.335276	0.359796	0.233053	0.278707	0.306209	0.317278	0.309343	0.331121	0.24003	0.413741	0.338664	0.292063	0.314368	0.356214	0.317356	0.256197	0.292327	0.292451	0.330867	0.333455	0.290906	0.299724	0.321949	0.244569	0.313714	0.365071	0.324671	0.288695	0.357136	0.330244	0.249291	0.321626	0.352982	0.345687	0.270117	0.322284	0.332178	0.28763	0.301185	0.337234	0.358995	0.297983	0.341781	0.33067	0.280991	0.285595	0.317634	0.252823	0.294251	0.330499	0.30511	0.277658	0.285697	0.253587	0.322922	0.316977	0.310031	0.319126	0.363329	0.372611	0.288238	0.318977	0.294706	0.356337	0.294086	0.279161	0.293147	0.298388	0.296682	0.31551	0.310372	0.319564	0.271532	0.296094	0.289951	0.330074	0.252823	0.272125	0.297128	0.30147	0.249028	0.342071	0.341722	0.340262	0.303051	0.3066	0.277255	0.372611	0.273583	0.311012	0.309418	0.35459	0.2913	0.300695	0.342907	0.329767	0.298512	0.290913	0.322708	0.280937	0.300599	0.347802	0.372611	0.276858	0.296442	0.317419	0.303794	0.288952	0.302146	0.294684	0.309521	0.351718	0.29195	0.308862	0.291968	0.346347	0.368841	0.334185	0.304054	0.336814	0.359796	0.321442	0.308377	0.335945	0.329176	0.343923	0.334603	0.30488	0.310889	0.264266	0.343368	0.324977	0.298403	0.332524	0.291279	0.284982	0.284872	0.248438	0.331814	0.330698	0.290315	0.320762	0.320762	0.343946	0.281167	0.320892	0.318366	0.330967	0.365071	0.34266	0.291105	0.320762	0.39996	0.252823	0.25645	0.284525	0.236938	0.371215	0.265476	0.282746	0.30552	0.233666	0.265529	0.322445	0.285613	0.278546	0.281889	0.276247	0.322284	0.30552	0.315857	0.336562	0.339435	0.351926	0.34698	0.339435	0.306062	0.25469	0.281997	0.288005	0.279191	0.265529	0.263962	0.25645	0.342334	0.382929	0.27467	0.250456	0.333466	0.296113	0.307689	0.302163	0.332767	0.372611	0.320762	0.288277	0.318366	0.25645	0.320762	0.275894	0.336691	0.236938	0.298342	0.265476	0.31908	0.318366	0.257074	0.342071	0.372611	0.25469	0.317463	0.39451	0.295712	0.312318	0.315715	0.345272	0.346659	0.275894	0.265439	0.278464	0.368687	0.379332	0.3863	0.319872	0.332767	0.28109	0.306724	0.339435	0.263755	0.319872	0.257074	0.330571	0.312673	0.275894	0.28974	0.30552	0.298748	0.363723	0.339435	0.289071	0.241736	0.318366	0.329111	0.29826	0.329209	0.29826	0.292883	0.339435	0.299686	0.312318	0.367544	0.264171	0.25645	0.304973	0.365582	0.35037	0.317373	0.365032	0.30552	0.286088	0.307689	0.291105	0.339759	0.372611	0.281016	0.346034	0.319872	0.300583	0.315175	0.289613	0.330567	0.349924	0.342071	0.333608	0.355187	0.328946	0.368757	0.30552	0.30552	0.287513	0.328435	0.298748	0.313479	0.329638	0.331076	0.321401	0.349924	0.278697	0.368687	0.311934	0.301161	0.313479	0.315164	0.265529	0.316664	0.349924	0.319272	0.356041	0.365071	0.269029	0.376479	0.352868	0.290347	0.29826	0.322445	0.30552	0.320676	0.356214	0.276247	0.330765	0.282821	0.326138	0.28174	0.365582	0.306062	0.356041	0.286088	0.253358	0.30552	0.310798	0.353246	0.372611	0.365032	0.317463	0.320595	0.300583	0.37456	0.296945	0.299552	0.291439	0.265439	0.320493	0.298579	0.291105	0.306724	0.365032	0.320493	0.34267	0.333466	0.282821
49000	slope	-0.230309	-0.371016	-0.260067	-0.233884	-0.283255	-0.229439	-0.279777	-0.298997	-0.264305	-0.244895	-0.302815	-0.270066	-0.221467	-0.277981	-0.252563	-0.266332	-0.259156	-0.224471	-0.241732	-0.265336	-0.269392	-0.247508	-0.315472	-0.298394	-0.257822	-0.290368	-0.263993	-0.251935	-0.29892	-0.314037	-0.305413	-0.305103	-0.229566	-0.272879	-0.267086	-0.221809	-0.255697	-0.231199	-0.27941	-0.256891	-0.244313	-0.243529	-0.284821	-0.271141	-0.213084	-0.272961	-0.270711	-0.262382	-0.268933	-0.256882	-0.291065	-0.294054	-0.25435	-0.26475	-0.242223	-0.289444	-0.265554	-0.250999	-0.264934	-0.253483	-0.25692	-0.26635	-0.267086	-0.254646	-0.278031	-0.269407	-0.305718	-0.299812	-0.263335	-0.243408	-0.21463	-0.287183	-0.299275	-0.265755	-0.278844	-0.266596	-0.315408	-0.289216	-0.271055	-0.244091	-0.25456	-0.279971	-0.244705	-0.260238	-0.314988	-0.26122	-0.276263	-0.253006	-0.255019	-0.259625	-0.259066	-0.289102	-0.256605	-0.269282	-0.263768	-0.288094	-0.294673	-0.233694	-0.289306	-0.224029	-0.304876	-0.251047	-0.267416	-0.279483	-0.246343	-0.270803	-0.273264	-0.304606	-0.209051	-0.215985	-0.226948	-0.29429	-0.249091	-0.249036	-0.313225	-0.2246	-0.297273	-0.277763	-0.242667	-0.300211	-0.327483	-0.256722	-0.275524	-0.25183	-0.22376	-0.266426	-0.294262	-0.255125	-0.253363	-0.276521	-0.280433	-0.253513	-0.291765	-0.25392	-0.267976	-0.288297	-0.309432	-0.228041	-0.273293	-0.269919	-0.267667	-0.240462	-0.234339	-0.248121	-0.231535	-0.275222	-0.255454	-0.299291	-0.289857	-0.202882	-0.208278	-0.264451	-0.264155	-0.211597	-0.249778	-0.300206	-0.257602	-0.268565	-0.291152	-0.287637	-0.259604	-0.26833	-0.222214	-0.279921	-0.276529	-0.23754	-0.215201	-0.294776	-0.304977	-0.217292	-0.240902	-0.309216	-0.247534	-0.27885	-0.247015	-0.265914	-0.264162	-0.304497	-0.29801	-0.280758	-0.266994	-0.296737	-0.260899	-0.265472	-0.248526	-0.283389	-0.31081	-0.286045	-0.30088	-0.261476	-0.25927	-0.235624	-0.340364	-0.301019	-0.255752	-0.263425	-0.311194	-0.290798	-0.220606	-0.24611	-0.249291	-0.3178	-0.227122	-0.282804	-0.317725	-0.334203	-0.289441	-0.233429	-0.236128	-0.280433	-0.227662	-0.255427	-0.286739	-0.324152	-0.281613	-0.319645	-0.299275	-0.247301	-0.268565	-0.226336	-0.286558	-0.230838	-0.317618	-0.236938	-0.269754	-0.213309	-0.279172	-0.317618	-0.289102	-0.306777	-0.22529	-0.209946	-0.23204	-0.239187	-0.328138	-0.24196	-0.233429	-0.233429	-0.271893	-0.294598	-0.217292	-0.237908	-0.317618	-0.270696	-0.237908	-0.23204	-0.306788	-0.267453	-0.326912	-0.288102	-0.295949	-0.220759	-0.260881	-0.326827	-0.253257	-0.208966	-0.290575	-0.319309	-0.197653	-0.282933	-0.247534	-0.220395	-0.289772	-0.244983	-0.307581	-0.296591	-0.3178	-0.256695	-0.243858	-0.299275	-0.236655	-0.305103	-0.2518	-0.30435	-0.338952	-0.296591	-0.233429	-0.236655	-0.355126	-0.315971	-0.282933	-0.2518	-0.250746	-0.20724	-0.28204	-0.322358	-0.196828	-0.233303	-0.226336	-0.269303	-0.236922	-0.193286	-0.209946	-0.236603	-0.263755	-0.269754	-0.262548	-0.237908	-0.218216	-0.314831	-0.273749	-0.208206	-0.270696	-0.286946	-0.283973	-0.25111	-0.30759	-0.221269	-0.208206	-0.247301	-0.222905	-0.299291	-0.306769	-0.214143	-0.294598	-0.317618	-0.290135	-0.283298	-0.3178	-0.246927	-0.207736	-0.238729	-0.220106	-0.2518	-0.296591	-0.239187	-0.31426	-0.233429	-0.273749	-0.236128	-0.26954	-0.25143	-0.213309	-0.278583	-0.209539	-0.228546	-0.297364	-0.217292	-0.22861	-0.315773	-0.3178	-0.254798	-0.314831	-0.253257	-0.277981	-0.241943	-0.230086	-0.228944	-0.251287	-0.236022	-0.291278	-0.218216	-0.309705	-0.311024	-0.213309	-0.247301	-0.283255	-0.285135	-0.294262	-0.234339	-0.322506	-0.317618	-0.213309	-0.250438	-0.309705	-0.222585	-0.241728	-0.225345	-0.292849	-0.197653	-0.283255	-0.296591	-0.276521	-0.235159	-0.24935	-0.228969	-0.282933	-0.291765	-0.217292	-0.223004	-0.315773	-0.233429	-0.230281	-0.235121	-0.218873	-0.306834	-0.271893	-0.273286	-0.285135	-0.287817	-0.230635	-0.290575	-0.304038	-0.317618	-0.277077	-0.257499	-0.311024	-0.228551	-0.319645	-0.282933
49000	intercept	0.289294	0.377462	0.301271	0.331479	0.339413	0.301996	0.34061	0.33353	0.333876	0.29459	0.373822	0.332692	0.287599	0.386251	0.305344	0.33032	0.334007	0.264665	0.312815	0.347588	0.329774	0.304043	0.333588	0.328356	0.286211	0.349208	0.324511	0.297177	0.341275	0.369718	0.361463	0.314636	0.274957	0.320019	0.300756	0.280206	0.325033	0.280439	0.337725	0.284921	0.263318	0.282164	0.338066	0.328024	0.330656	0.310722	0.292006	0.309943	0.371794	0.289334	0.316633	0.345409	0.313063	0.327703	0.313809	0.308501	0.307242	0.288771	0.318448	0.323736	0.307028	0.352362	0.293984	0.322439	0.358586	0.313697	0.344931	0.33239	0.314999	0.341593	0.306222	0.327794	0.392186	0.342034	0.339655	0.34861	0.39693	0.360784	0.325578	0.254851	0.272271	0.312166	0.310264	0.298875	0.347956	0.342034	0.324635	0.29676	0.333664	0.308411	0.288476	0.313729	0.292147	0.328061	0.295737	0.328455	0.365536	0.305188	0.35337	0.268789	0.336727	0.302043	0.330176	0.340642	0.322366	0.318084	0.335473	0.361753	0.273353	0.286984	0.296353	0.335127	0.331077	0.305698	0.343252	0.263782	0.311568	0.312748	0.300238	0.328483	0.357634	0.322312	0.300189	0.314746	0.287216	0.319339	0.365155	0.321106	0.290014	0.316633	0.317606	0.272001	0.328644	0.293383	0.333275	0.352487	0.392186	0.278889	0.290635	0.297287	0.313193	0.315236	0.332662	0.313087	0.278968	0.311323	0.303776	0.319747	0.328723	0.281532	0.279638	0.314879	0.349684	0.294657	0.308116	0.336109	0.304756	0.359458	0.329442	0.342049	0.332536	0.307219	0.306957	0.333105	0.363724	0.279238	0.270095	0.345272	0.353784	0.309653	0.294918	0.352326	0.347476	0.318044	0.328752	0.320224	0.354597	0.360258	0.351408	0.333785	0.324158	0.348492	0.314078	0.329697	0.321913	0.316437	0.357779	0.328757	0.356778	0.320683	0.305029	0.293474	0.390853	0.372079	0.317648	0.301871	0.33616	0.341998	0.274513	0.326859	0.298744	0.33039	0.267494	0.310631	0.353447	0.34992	0.358585	0.292664	0.297955	0.327186	0.282952	0.31311	0.303776	0.356266	0.32968	0.353447	0.385641	0.3051	0.359458	0.285923	0.372352	0.254661	0.333332	0.254851	0.34416	0.284094	0.343047	0.356163	0.313729	0.355514	0.288993	0.252084	0.303783	0.269737	0.356041	0.292576	0.292664	0.325943	0.346774	0.383798	0.309653	0.279021	0.351607	0.348204	0.271786	0.303783	0.352479	0.3302	0.346336	0.351405	0.335881	0.218603	0.315232	0.33039	0.332662	0.314305	0.317865	0.377232	0.270646	0.3302	0.335244	0.273353	0.358585	0.297955	0.378348	0.315211	0.33039	0.35061	0.262322	0.392186	0.259211	0.3109	0.314273	0.372517	0.356266	0.313884	0.325943	0.259211	0.356041	0.359883	0.3302	0.329053	0.3832	0.279155	0.317524	0.353104	0.283663	0.282563	0.287346	0.302375	0.327991	0.253258	0.252084	0.234935	0.365275	0.338822	0.308797	0.279021	0.296943	0.361753	0.308501	0.305652	0.348204	0.349065	0.320641	0.328297	0.34606	0.309653	0.305652	0.3051	0.301675	0.309068	0.368594	0.305652	0.383798	0.340951	0.346138	0.343174	0.33039	0.317116	0.234935	0.303622	0.273947	0.314273	0.313884	0.269737	0.379337	0.325943	0.308501	0.297955	0.323438	0.316157	0.284094	0.320234	0.28084	0.254851	0.344979	0.309653	0.259211	0.378177	0.33039	0.309476	0.361753	0.332662	0.386251	0.330651	0.283977	0.302224	0.247875	0.269458	0.401075	0.270139	0.315187	0.332356	0.301566	0.3051	0.339413	0.315187	0.342608	0.332662	0.314636	0.346336	0.30073	0.328619	0.320392	0.302903	0.363383	0.304229	0.314293	0.263264	0.326695	0.313884	0.316633	0.264433	0.332662	0.217647	0.3302	0.328644	0.309653	0.270157	0.378177	0.292664	0.31519	0.288993	0.246122	0.349118	0.346774	0.3832	0.315187	0.361753	0.324466	0.315187	0.342608	0.333332	0.3302	0.316157	0.334489	0.298889	0.353447	0.3302
50000	slope	-0.246779	-0.25781	-0.269399	-0.299608	-0.279534	-0.242364	-0.308247	-0.237994	-0.301356	-0.250985	-0.311489	-0.313542	-0.28067	-0.301504	-0.270098	-0.293586	-0.237617	-0.229746	-0.250741	-0.263892	-0.292781	-0.259967	-0.285483	-0.242036	-0.288289	-0.225963	-0.228855	-0.263707	-0.228708	-0.239674	-0.308736	-0.311745	-0.272281	-0.269769	-0.258153	-0.245017	-0.264398	-0.270886	-0.262583	-0.25954	-0.269971	-0.297	-0.270856	-0.287622	-0.256804	-0.305439	-0.26013	-0.289497	-0.309782	-0.265726	-0.270754	-0.241243	-0.24761	-0.244239	-0.265184	-0.261178	-0.240622	-0.265033	-0.279252	-0.298913	-0.257585	-0.248869	-0.252288	-0.257474	-0.260259	-0.271623	-0.246636	-0.209372	-0.291377	-0.312644	-0.318968	-0.26486	-0.243163	-0.232129	-0.284051	-0.277616	-0.22507	-0.269981	-0.269089	-0.266738	-0.270999	-0.253583	-0.288429	-0.28125	-0.278824	-0.244977	-0.264404	-0.284967	-0.228225	-0.226708	-0.279615	-0.270235	-0.258193	-0.272052	-0.246607	-0.238962	-0.226322	-0.205947	-0.276649	-0.315872	-0.283893	-0.265401	-0.254682	-0.281558	-0.279197	-0.264476	-0.303133	-0.247924	-0.221062	-0.331609	-0.246942	-0.298428	-0.285362	-0.313918	-0.278825	-0.263679	-0.253392	-0.27394	-0.25196	-0.306678	-0.249439	-0.24413	-0.283223	-0.252619	-0.25556	-0.303979	-0.255796	-0.279152	-0.297664	-0.28539	-0.249062	-0.208181	-0.227587	-0.276097	-0.291434	-0.242482	-0.253055	-0.291954	-0.193547	-0.258716	-0.264565	-0.269445	-0.253976	-0.265486	-0.216105	-0.261736	-0.265255	-0.263025	-0.250035	-0.289093	-0.276538	-0.24681	-0.265633	-0.306605	-0.257056	-0.252106	-0.244617	-0.263852	-0.277367	-0.243391	-0.263876	-0.25205	-0.299964	-0.290915	-0.277159	-0.301711	-0.26963	-0.277753	-0.273663	-0.278696	-0.323522	-0.256755	-0.231492	-0.258442	-0.231483	-0.28164	-0.2585	-0.276434	-0.25331	-0.272302	-0.266323	-0.306963	-0.278454	-0.262274	-0.291569	-0.314312	-0.256036	-0.275896	-0.228785	-0.278952	-0.298408	-0.309041	-0.257671	-0.297363	-0.279092	-0.267478	-0.255796	-0.274531	-0.264878	-0.238518	-0.288429	-0.24047	-0.229221	-0.244812	-0.256165	-0.260234	-0.24293	-0.313742	-0.283997	-0.227896	-0.264565	-0.238729	-0.284067	-0.287742	-0.360174	-0.297455	-0.244877	-0.289253	-0.346043	-0.285495	-0.285988	-0.225965	-0.244806	-0.284215	-0.205703	-0.309531	-0.215974	-0.216618	-0.323108	-0.278772	-0.272892	-0.27603	-0.226322	-0.240693	-0.256829	-0.301021	-0.295138	-0.29333	-0.268146	-0.219386	-0.210182	-0.301487	-0.232957	-0.231409	-0.262821	-0.226322	-0.316785	-0.233924	-0.314312	-0.253665	-0.222518	-0.231063	-0.250752	-0.30726	-0.312477	-0.20557	-0.249439	-0.269534	-0.237429	-0.217924	-0.222532	-0.20557	-0.283768	-0.248387	-0.279328	-0.33528	-0.278772	-0.238729	-0.27603	-0.256165	-0.256165	-0.197476	-0.226322	-0.25886	-0.291479	-0.249062	-0.288146	-0.213553	-0.293267	-0.252289	-0.202806	-0.258679	-0.302675	-0.197476	-0.312278	-0.270285	-0.244496	-0.2901	-0.272065	-0.271701	-0.310195	-0.233919	-0.249118	-0.297455	-0.253665	-0.287775	-0.283641	-0.317694	-0.20318	-0.314312	-0.303133	-0.270886	-0.26463	-0.219386	-0.189804	-0.20557	-0.26463	-0.286159	-0.259412	-0.284007	-0.25991	-0.233924	-0.2901	-0.310195	-0.254327	-0.237539	-0.226322	-0.245344	-0.257558	-0.279987	-0.276177	-0.244167	-0.238729	-0.253939	-0.283353	-0.307215	-0.263119	-0.270025	-0.237539	-0.257447	-0.293267	-0.233767	-0.26463	-0.257447	-0.302675	-0.290209	-0.271053	-0.20557	-0.233911	-0.263058	-0.297966	-0.280034	-0.273749	-0.284067	-0.205966	-0.270237	-0.25932	-0.314312	-0.33528	-0.257137	-0.252106	-0.272065	-0.273749	-0.253939	-0.205703	-0.205703	-0.253939	-0.254584	-0.256037	-0.268682	-0.2804	-0.276177	-0.259179	-0.251397	-0.273098	-0.252802	-0.293111	-0.244167	-0.33528	-0.310684	-0.25886	-0.270008	-0.249062	-0.256165	-0.187933	-0.251452	-0.20318	-0.272388	-0.263641	-0.27536	-0.260605	-0.307111	-0.255698	-0.33528	-0.263058	-0.294544	-0.295149	-0.207193	-0.286564	-0.259179	-0.273749	-0.313742	-0.273749	-0.249374	-0.238401	-0.233911	-0.262438	-0.293111	-0.283768	-0.277193
50000	intercept	0.296473	0.318705	0.309123	0.340399	0.308097	0.323507	0.343246	0.345286	0.327665	0.295378	0.365792	0.363221	0.327732	0.351041	0.369082	0.314766	0.311244	0.30051	0.300199	0.3301	0.352357	0.330058	0.360858	0.320802	0.367003	0.29959	0.303316	0.337057	0.320614	0.288259	0.3681	0.357288	0.31327	0.322015	0.339763	0.337617	0.303292	0.343422	0.293239	0.311148	0.295539	0.343637	0.330587	0.346479	0.308892	0.359317	0.296508	0.356167	0.366543	0.30969	0.352631	0.261262	0.319338	0.300287	0.30649	0.345682	0.295483	0.307657	0.345695	0.343014	0.313409	0.309578	0.289093	0.310863	0.328822	0.316747	0.299353	0.332339	0.324866	0.385099	0.382846	0.305371	0.318558	0.316209	0.332991	0.339007	0.319073	0.313378	0.310904	0.327018	0.308082	0.333396	0.301526	0.328946	0.321438	0.314311	0.328999	0.305123	0.298447	0.282935	0.338641	0.313492	0.322643	0.301203	0.320804	0.305471	0.272399	0.307592	0.322279	0.347282	0.314792	0.359038	0.341155	0.338437	0.320061	0.311282	0.390057	0.287742	0.28347	0.34984	0.313477	0.347738	0.361554	0.362033	0.334583	0.294466	0.31196	0.316166	0.311353	0.372087	0.330058	0.295584	0.325851	0.317207	0.284814	0.324349	0.313885	0.348138	0.313908	0.315556	0.28629	0.283773	0.312651	0.331396	0.344129	0.290601	0.323681	0.337426	0.265516	0.309467	0.327279	0.330788	0.296787	0.326063	0.282959	0.315633	0.352583	0.30398	0.304511	0.319718	0.303458	0.289116	0.331215	0.347351	0.333688	0.320874	0.290741	0.332621	0.322807	0.3083	0.306672	0.292977	0.359121	0.334674	0.330891	0.343218	0.308096	0.301526	0.341335	0.306288	0.360528	0.331299	0.288045	0.308659	0.254479	0.350495	0.329633	0.317459	0.288877	0.338342	0.35009	0.342242	0.342942	0.331029	0.350231	0.336491	0.325466	0.335936	0.307053	0.335444	0.352667	0.341286	0.313623	0.373666	0.326373	0.349467	0.309733	0.322959	0.333835	0.325189	0.301526	0.291878	0.259554	0.308782	0.299351	0.318504	0.311396	0.363368	0.349216	0.293711	0.327279	0.308505	0.357151	0.348287	0.377524	0.342314	0.288976	0.327611	0.360267	0.301526	0.333965	0.313004	0.320306	0.32211	0.318164	0.405673	0.343865	0.300627	0.374261	0.319109	0.317707	0.308058	0.259554	0.276133	0.294484	0.33528	0.349599	0.357511	0.271291	0.303159	0.329108	0.345301	0.313004	0.308782	0.330058	0.259554	0.441191	0.297678	0.348917	0.327599	0.274261	0.309516	0.288177	0.319691	0.357474	0.269988	0.353606	0.330527	0.308505	0.276056	0.290554	0.292802	0.312675	0.277431	0.310074	0.364778	0.319109	0.281009	0.308058	0.299351	0.299351	0.27829	0.272399	0.306842	0.310074	0.28629	0.356198	0.25745	0.345301	0.327279	0.332339	0.354602	0.357511	0.2779	0.405673	0.373679	0.308505	0.297777	0.324646	0.326266	0.414056	0.311353	0.309521	0.342314	0.324646	0.336966	0.301526	0.366211	0.243316	0.348917	0.390057	0.339182	0.284303	0.303159	0.282553	0.282959	0.299552	0.338526	0.385094	0.321029	0.292043	0.304879	0.297777	0.390057	0.321024	0.325714	0.274639	0.329253	0.293489	0.316839	0.336239	0.316974	0.281009	0.300738	0.308472	0.352202	0.293313	0.33198	0.325714	0.298408	0.345301	0.295683	0.299552	0.298408	0.357511	0.323107	0.349467	0.292802	0.258005	0.33397	0.319629	0.318461	0.321648	0.365729	0.28065	0.297361	0.299535	0.348917	0.364778	0.390968	0.320874	0.324646	0.335948	0.279112	0.318164	0.313064	0.300738	0.321024	0.340482	0.31054	0.337676	0.336239	0.276133	0.283971	0.277599	0.287469	0.342569	0.316974	0.364778	0.332223	0.32273	0.358921	0.28629	0.299351	0.27829	0.267223	0.243316	0.323471	0.333683	0.302396	0.34341	0.306611	0.335293	0.364778	0.33397	0.337911	0.329756	0.26034	0.343071	0.28306	0.296842	0.363368	0.349467	0.253834	0.316201	0.258005	0.334177	0.340204	0.312675	0.313259
51000	slope	-0.303294	-0.267016	-0.31261	-0.286182	-0.216177	-0.286801	-0.283795	-0.256707	-0.253924	-0.220344	-0.301693	-0.293357	-0.303242	-0.276335	-0.28554	-0.300993	-0.293797	-0.286333	-0.220839	-0.25528	-0.227688	-0.32253	-0.24814	-0.288528	-0.309475	-0.317265	-0.265102	-0.271363	-0.284627	-0.199892	-0.271566	-0.286473	-0.303097	-0.308101	-0.273513	-0.219502	-0.252362	-0.275828	-0.302141	-0.193448	-0.295716	-0.304448	-0.305624	-0.270422	-0.2828	-0.28289	-0.288409	-0.261145	-0.266916	-0.292761	-0.299359	-0.273383	-0.261929	-0.306689	-0.286834	-0.283508	-0.276805	-0.287737	-0.287449	-0.296527	-0.293714	-0.328822	-0.293606	-0.30384	-0.239842	-0.231443	-0.284232	-0.288343	-0.287156	-0.30307	-0.286987	-0.201825	-0.29324	-0.296087	-0.273483	-0.284547	-0.2586	-0.272748	-0.277083	-0.291985	-0.278441	-0.236382	-0.262634	-0.268286	-0.253306	-0.266317	-0.298548	-0.285433	-0.298445	-0.252729	-0.281879	-0.260452	-0.288696	-0.242756	-0.306948	-0.265351	-0.317675	-0.297224	-0.250334	-0.268492	-0.266882	-0.282144	-0.295021	-0.276214	-0.260272	-0.28252	-0.307874	-0.236287	-0.271301	-0.302945	-0.25913	-0.30431	-0.295864	-0.251663	-0.211947	-0.303148	-0.266747	-0.288848	-0.231046	-0.289477	-0.260227	-0.313715	-0.29619	-0.221435	-0.238075	-0.272421	-0.274564	-0.292863	-0.294138	-0.280955	-0.24937	-0.307475	-0.299518	-0.197669	-0.236268	-0.29994	-0.281511	-0.267105	-0.277358	-0.305696	-0.293968	-0.281642	-0.282016	-0.276421	-0.280903	-0.313997	-0.301573	-0.312238	-0.285604	-0.248061	-0.308521	-0.29611	-0.298364	-0.291429	-0.269002	-0.22329	-0.285121	-0.292342	-0.294108	-0.25809	-0.31686	-0.28168	-0.261347	-0.274348	-0.27434	-0.283505	-0.285201	-0.299128	-0.130781	-0.287778	-0.290295	-0.317419	-0.28494	-0.237514	-0.305395	-0.253108	-0.298534	-0.299362	-0.298248	-0.21348	-0.249107	-0.29006	-0.251842	-0.247524	-0.290376	-0.328748	-0.2466	-0.254879	-0.276635	-0.230167	-0.233538	-0.302128	-0.272027	-0.25362	-0.214864	-0.259393	-0.258507	-0.276328	-0.266178	-0.285612	-0.30996	-0.240098	-0.279058	-0.23893	-0.24937	-0.298118	-0.277204	-0.316545	-0.253233	-0.290859	-0.203083	-0.298118	-0.24572	-0.286372	-0.304491	-0.196761	-0.237492	-0.314856	-0.237492	-0.300601	-0.186402	-0.296064	-0.305625	-0.291409	-0.243676	-0.295127	-0.252082	-0.274733	-0.158419	-0.130781	-0.294657	-0.251017	-0.287256	-0.278192	-0.247838	-0.271141	-0.250021	-0.2682	-0.296234	-0.278475	-0.313122	-0.315788	-0.29922	-0.298548	-0.25681	-0.133622	-0.287752	-0.284295	-0.303097	-0.226134	-0.290613	-0.294469	-0.300601	-0.315276	-0.303306	-0.253306	-0.302743	-0.256173	-0.31528	-0.277022	-0.269002	-0.294369	-0.269988	-0.251017	-0.288161	-0.25681	-0.285613	-0.279058	-0.242809	-0.294657	-0.271911	-0.289073	-0.280183	-0.298934	-0.221892	-0.321324	-0.22289	-0.285009	-0.278035	-0.318577	-0.240059	-0.239564	-0.262144	-0.195033	-0.31986	-0.249106	-0.312772	-0.332139	-0.290613	-0.184273	-0.193832	-0.262221	-0.277022	-0.333922	-0.318808	-0.228958	-0.285801	-0.333427	-0.285387	-0.255587	-0.315276	-0.282572	-0.238231	-0.302743	-0.294657	-0.152633	-0.285387	-0.239564	-0.284329	-0.271911	-0.302743	-0.273542	-0.298118	-0.284797	-0.301184	-0.298688	-0.297663	-0.291585	-0.280458	-0.194817	-0.195033	-0.253767	-0.237993	-0.294661	-0.300573	-0.287773	-0.302412	-0.287256	-0.275504	-0.250246	-0.231917	-0.234937	-0.290832	-0.244124	-0.318808	-0.318496	-0.250265	-0.280004	-0.321492	-0.243304	-0.240098	-0.260905	-0.289216	-0.310614	-0.312772	-0.315276	-0.308133	-0.24572	-0.130781	-0.289194	-0.321492	-0.237492	-0.302412	-0.300252	-0.277022	-0.287615	-0.247512	-0.294657	-0.2623	-0.265566	-0.252082	-0.23333	-0.239564	-0.287504	-0.239632	-0.344246	-0.321644	-0.291126	-0.271911	-0.294657	-0.271632	-0.294695	-0.290376	-0.266801	-0.253306	-0.32485	-0.281329	-0.315276	-0.250021	-0.321492	-0.24572	-0.236774	-0.296109	-0.286372	-0.317429	-0.297086	-0.221595	-0.287773	-0.294786	-0.193382	-0.249106	-0.287504	-0.23893	-0.290613	-0.300252	-0.255587	-0.346797	-0.277022	-0.286964	-0.250159
51000	intercept	0.352125	0.324243	0.332236	0.334584	0.272369	0.354764	0.33636	0.332268	0.288212	0.29502	0.343452	0.371812	0.349655	0.325355	0.356818	0.349815	0.347575	0.355175	0.286645	0.341399	0.2827	0.365757	0.341681	0.307808	0.32866	0.367116	0.333408	0.3324	0.345429	0.245632	0.357204	0.33365	0.353996	0.345215	0.354449	0.289698	0.337484	0.343453	0.345202	0.264369	0.376661	0.358812	0.337775	0.325529	0.345111	0.33618	0.343234	0.330102	0.303283	0.342954	0.348643	0.317909	0.289802	0.342571	0.33645	0.322816	0.330042	0.32902	0.330553	0.351018	0.361451	0.359204	0.354495	0.339763	0.298704	0.34065	0.358366	0.352617	0.369708	0.332773	0.34226	0.260493	0.333908	0.353	0.346769	0.320531	0.308507	0.345495	0.312061	0.321217	0.322342	0.318641	0.328681	0.33304	0.298378	0.305965	0.37026	0.32068	0.343693	0.314767	0.364441	0.314705	0.324406	0.334095	0.355723	0.327442	0.336588	0.358965	0.317892	0.319088	0.320899	0.347169	0.331922	0.34472	0.334959	0.356777	0.358914	0.306951	0.332813	0.360099	0.325429	0.358573	0.350884	0.289689	0.311307	0.359897	0.330329	0.328566	0.281916	0.349411	0.338537	0.358705	0.38202	0.301042	0.331265	0.317695	0.341195	0.367748	0.353349	0.335287	0.276171	0.330286	0.355302	0.278293	0.326391	0.332826	0.336383	0.311845	0.30815	0.353279	0.34793	0.328874	0.348654	0.319093	0.348281	0.347082	0.315808	0.373892	0.328566	0.311635	0.363607	0.332928	0.372309	0.331266	0.262334	0.28728	0.320214	0.358595	0.342642	0.309915	0.364339	0.320917	0.300614	0.336943	0.33039	0.386222	0.302141	0.349351	0.22893	0.345429	0.350042	0.356704	0.313789	0.280137	0.334716	0.342471	0.347781	0.389847	0.334537	0.272369	0.318305	0.352771	0.319525	0.351719	0.347761	0.347735	0.321952	0.278382	0.352356	0.292012	0.300352	0.341469	0.291289	0.336898	0.320228	0.325646	0.326641	0.327394	0.317073	0.337621	0.358417	0.309568	0.35194	0.311508	0.276171	0.331417	0.330531	0.358397	0.309016	0.326737	0.272536	0.334695	0.307803	0.342013	0.327941	0.32367	0.329953	0.332773	0.369738	0.366514	0.252965	0.319015	0.315808	0.349581	0.288169	0.353242	0.2979	0.3622	0.230027	0.22893	0.32573	0.2979	0.341373	0.333331	0.326184	0.317992	0.280593	0.304649	0.327941	0.343421	0.393151	0.346984	0.347312	0.37026	0.306	0.265343	0.374411	0.324968	0.353996	0.315221	0.342291	0.342013	0.366514	0.368258	0.347082	0.298378	0.342314	0.322056	0.343976	0.296765	0.273825	0.353242	0.318873	0.2979	0.348321	0.309801	0.349678	0.35194	0.326559	0.341373	0.366423	0.326737	0.386222	0.364074	0.298128	0.363816	0.346523	0.356877	0.351235	0.36467	0.309568	0.248744	0.32371	0.283649	0.346984	0.343915	0.347037	0.368902	0.364441	0.267916	0.242968	0.348548	0.33872	0.365831	0.347367	0.319035	0.322767	0.3845	0.334842	0.312409	0.368258	0.343619	0.253056	0.364182	0.318478	0.223086	0.334842	0.254636	0.355225	0.375068	0.342314	0.360367	0.331417	0.330252	0.353157	0.312065	0.340621	0.367726	0.343421	0.283649	0.283649	0.313381	0.276171	0.30864	0.331028	0.336264	0.394145	0.341373	0.311762	0.320142	0.309262	0.299422	0.386807	0.311508	0.347367	0.339068	0.328506	0.330252	0.336396	0.318435	0.309568	0.303958	0.322056	0.326759	0.342249	0.368258	0.347312	0.314133	0.22893	0.340621	0.34145	0.369738	0.368802	0.343326	0.292679	0.31877	0.306398	0.327075	0.333672	0.356877	0.2979	0.34065	0.257567	0.351621	0.328157	0.331344	0.329555	0.345985	0.370153	0.326759	0.3442	0.36242	0.347761	0.347442	0.298378	0.361241	0.321412	0.368258	0.283481	0.326792	0.324395	0.305543	0.334695	0.342656	0.346984	0.353242	0.307803	0.336264	0.349581	0.290891	0.343915	0.351621	0.311508	0.35194	0.341609	0.297384	0.407163	0.296765	0.349931	0.27445
52000	slope	-0.24107	-0.272983	-0.321281	-0.307121	-0.190247	-0.25925	-0.300855	-0.319242	-0.234916	-0.323083	-0.255128	-0.245074	-0.277298	-0.24308	-0.235383	-0.24308	-0.241853	-0.188081	-0.271967	-0.249784	-0.313752	-0.208277	-0.296114	-0.278167	-0.197631	-0.134558	-0.284533	-0.251581	-0.242004	-0.284006	-0.296218	-0.286622	-0.260621	-0.284709	-0.289016	-0.287631	-0.297023	-0.229364	-0.273183	-0.284365	-0.237341	-0.249703	-0.247161	-0.309287	-0.275502	-0.191021	-0.345955	-0.264908	-0.244815	-0.265982	-0.276671	-0.304768	-0.31296	-0.178038	-0.279519	-0.292576	-0.250559	-0.238262	-0.301215	-0.327651	-0.224465	-0.297644	-0.31187	-0.217614	-0.181878	-0.267387	-0.189627	-0.261506	-0.284819	-0.27891	-0.279197	-0.315411	-0.139892	-0.2255	-0.239562	-0.269398	-0.295525	-0.275062	-0.300847	-0.269402	-0.248846	-0.30113	-0.282153	-0.326378	-0.24307	-0.155169	-0.297757	-0.240242	-0.230544	-0.255327	-0.223	-0.260508	-0.221384	-0.262036	-0.215657	-0.297304	-0.313724	-0.281207	-0.230456	-0.308332	-0.271063	-0.298746	-0.201543	-0.21947	-0.260447	-0.308324	-0.270273	-0.321436	-0.244222	-0.255018	-0.247693	-0.246326	-0.278592	-0.270141	-0.289104	-0.257793	-0.330241	-0.236076	-0.283109	-0.257506	-0.300209	-0.218529	-0.122493	-0.213575	-0.265565	-0.342931	-0.300677	-0.231496	-0.204377	-0.292854	-0.292605	-0.315464	-0.273798	-0.153835	-0.2711	-0.29441	-0.256036	-0.298856	-0.185582	-0.240168	-0.244475	-0.31237	-0.275434	-0.248682	-0.203013	-0.285455	-0.273054	-0.274713	-0.253891	-0.195002	-0.279028	-0.294661	-0.31506	-0.32051	-0.295343	-0.271854	-0.279106	-0.293934	-0.278633	-0.258752	-0.286979	-0.244465	-0.314757	-0.297308	-0.279966	-0.276025	-0.228889	-0.317696	-0.315951	-0.275797	-0.321132	-0.316027	-0.299534	-0.267627	-0.345955	-0.280407	-0.276497	-0.22503	-0.277809	-0.279003	-0.268007	-0.250143	-0.265884	-0.265649	-0.269302	-0.195005	-0.235455	-0.262335	-0.281608	-0.310794	-0.299564	-0.307813	-0.304195	-0.277277	-0.31814	-0.199811	-0.212521	-0.253931	-0.245826	-0.299918	-0.310429	-0.24308	-0.245756	-0.0775009	-0.170523	-0.287586	-0.246326	-0.279166	-0.316065	-0.282465	-0.320711	-0.229566	-0.201833	-0.323203	-0.293348	-0.237907	-0.252293	-0.262529	-0.269491	-0.234515	-0.28909	-0.298671	-0.148792	-0.268601	-0.311793	-0.297411	-0.152185	-0.277434	-0.093377	-0.246326	-0.334834	-0.284566	-0.274327	-0.302221	-0.289497	-0.298671	-0.299257	-0.308346	-0.216589	-0.286996	-0.297944	-0.282838	-0.303332	-0.253585	-0.331065	-0.320711	-0.308972	-0.199088	-0.317817	-0.212124	-0.297236	-0.342863	-0.314871	-0.294368	-0.31237	-0.28909	-0.308346	-0.298671	-0.272453	-0.272698	-0.287473	-0.30963	-0.298671	-0.315504	-0.338127	-0.286698	-0.321354	-0.317574	-0.295881	-0.251037	-0.233996	-0.277733	-0.329038	-0.317817	-0.3324	-0.287422	-0.338127	-0.322346	-0.33327	-0.233996	-0.246326	-0.281781	-0.310429	-0.317817	-0.151608	-0.340732	-0.184955	-0.266582	-0.215592	-0.273682	-0.328795	-0.250349	-0.328582	-0.253585	-0.0993179	-0.205983	-0.237907	-0.26337	-0.273232	-0.318816	-0.28909	-0.201	-0.297301	-0.244815	-0.161625	-0.273232	-0.16111	-0.311793	-0.258595	-0.199088	-0.265905	-0.231311	-0.258595	-0.19459	-0.28184	-0.29537	-0.156062	-0.15314	-0.240361	-0.233848	-0.216107	-0.225385	-0.246326	-0.228889	-0.299257	-0.289497	-0.248557	-0.348688	-0.289483	-0.212124	-0.287188	-0.266082	-0.278543	-0.253246	-0.267799	-0.31754	-0.269491	-0.246326	-0.298154	-0.321586	-0.317817	-0.262003	-0.289497	-0.216107	-0.232032	-0.317817	-0.278543	-0.28909	-0.342661	-0.275966	-0.289109	-0.282465	-0.286996	-0.160352	-0.282123	-0.215592	-0.279521	-0.24308	-0.342931	-0.281521	-0.246326	-0.310429	-0.278543	-0.308694	-0.28909	-0.233996	-0.28147	-0.24308	-0.237936	-0.310429	-0.329174	-0.342931	-0.24308	-0.298276	-0.293535	-0.313742	-0.268601	-0.199088	-0.287188	-0.243119	-0.262449	-0.315504	-0.233848	-0.251037	-0.324446	-0.30971	-0.266082	-0.289497	-0.0892469	-0.318816	-0.311294	-0.286698	-0.285845	-0.255345	-0.23444	-0.276182	-0.253585	-0.311853	-0.278167	-0.299257
52000	intercept	0.314405	0.330047	0.368742	0.357705	0.264727	0.334519	0.363114	0.378499	0.310316	0.361544	0.329415	0.321789	0.370654	0.283626	0.284405	0.311353	0.265381	0.296634	0.334181	0.280887	0.364769	0.275216	0.372333	0.324651	0.306215	0.224736	0.347848	0.295941	0.284914	0.340576	0.328448	0.354276	0.313597	0.332864	0.356443	0.344099	0.358041	0.29726	0.297387	0.334427	0.327229	0.301934	0.322744	0.342195	0.304026	0.261606	0.390553	0.327553	0.324946	0.344657	0.341555	0.324927	0.355814	0.257996	0.327932	0.327865	0.327551	0.268036	0.358009	0.343728	0.331275	0.333873	0.368577	0.274487	0.295905	0.324859	0.275923	0.326918	0.328132	0.341901	0.351336	0.344507	0.221936	0.277448	0.279943	0.365244	0.355357	0.343143	0.332998	0.350018	0.301549	0.368966	0.328416	0.372522	0.33331	0.214678	0.365042	0.279988	0.293878	0.313102	0.278693	0.308075	0.306903	0.357519	0.256825	0.331279	0.342627	0.327012	0.31148	0.321167	0.340502	0.341617	0.291889	0.271737	0.335044	0.364986	0.351403	0.340424	0.281262	0.324737	0.323429	0.298815	0.32772	0.336328	0.327957	0.314088	0.342835	0.290225	0.345868	0.32705	0.361487	0.278959	0.210516	0.274898	0.286479	0.367413	0.350899	0.295481	0.267334	0.337005	0.326454	0.35621	0.367291	0.208993	0.311143	0.31902	0.322387	0.343263	0.266586	0.314635	0.322812	0.337201	0.32275	0.311751	0.265664	0.344035	0.351879	0.336234	0.299514	0.288056	0.366325	0.347415	0.362566	0.361981	0.354016	0.332696	0.342442	0.337645	0.333911	0.324652	0.335609	0.332971	0.356941	0.351791	0.355668	0.298908	0.291464	0.337507	0.373264	0.323955	0.350801	0.35325	0.339951	0.306695	0.383811	0.339472	0.315867	0.321144	0.338859	0.34443	0.350508	0.2994	0.317164	0.325167	0.333701	0.244476	0.329191	0.313146	0.338446	0.350953	0.364773	0.358385	0.326531	0.321714	0.378762	0.283641	0.27441	0.285567	0.310443	0.359317	0.370091	0.281107	0.341797	0.245789	0.223332	0.31335	0.295844	0.311698	0.336692	0.34817	0.405678	0.320096	0.344719	0.375908	0.375705	0.300773	0.344657	0.362444	0.346244	0.291464	0.317907	0.325954	0.280829	0.325431	0.325954	0.347159	0.250485	0.311921	0.217723	0.298815	0.367413	0.357719	0.36233	0.345757	0.359681	0.325954	0.317592	0.324931	0.348222	0.344651	0.370091	0.383273	0.325954	0.31999	0.3372	0.387352	0.3372	0.247385	0.35363	0.369811	0.37005	0.361005	0.35363	0.327811	0.330494	0.309202	0.324931	0.325954	0.319011	0.31799	0.311979	0.345787	0.325954	0.383017	0.365313	0.334017	0.343092	0.339931	0.352831	0.324686	0.263425	0.32166	0.398061	0.335083	0.366519	0.365211	0.374661	0.351247	0.398061	0.263425	0.298815	0.305322	0.366519	0.339467	0.203309	0.388278	0.260038	0.297557	0.341608	0.368767	0.371725	0.320142	0.390929	0.344657	0.199013	0.247385	0.300773	0.309337	0.317444	0.3372	0.317907	0.280709	0.374432	0.324624	0.257378	0.317444	0.260734	0.325954	0.341869	0.247385	0.330293	0.284482	0.345545	0.31763	0.304742	0.334017	0.214678	0.281507	0.323979	0.324946	0.28845	0.313184	0.298815	0.291464	0.317592	0.310199	0.28319	0.365888	0.338277	0.369811	0.35049	0.317444	0.333064	0.303365	0.318673	0.372197	0.346244	0.295844	0.362161	0.350302	0.35363	0.369742	0.359681	0.293161	0.254549	0.35363	0.333064	0.320029	0.355964	0.329546	0.383273	0.34433	0.344651	0.228224	0.347317	0.369811	0.357719	0.281107	0.355964	0.302873	0.298815	0.366519	0.333064	0.345787	0.316119	0.280807	0.348392	0.281107	0.270851	0.366519	0.377186	0.367413	0.290463	0.37005	0.344035	0.350895	0.325431	0.247385	0.357719	0.313879	0.349785	0.383017	0.324946	0.324686	0.372716	0.370623	0.317444	0.382495	0.22067	0.3372	0.362161	0.344035	0.325867	0.30771	0.279885	0.372383	0.321128	0.354253	0.308492	0.317592
53000	slope	-0.23144	-0.284401	-0.195613	-0.308858	-0.280039	-0.224555	-0.274412	-0.286633	-0.211131	-0.28316	-0.326634	-0.275437	-0.237108	-0.187729	-0.284767	-0.258856	-0.302482	-0.320093	-0.18774	-0.194274	-0.222826	-0.226729	-0.197555	-0.225352	-0.271936	-0.272986	-0.290691	-0.246466	-0.314694	-0.171337	-0.303826	-0.283772	-0.266764	-0.153492	-0.283135	-0.253798	-0.293654	-0.291792	-0.258786	-0.196343	-0.251916	-0.189454	-0.266504	-0.259647	-0.292611	-0.291267	-0.239373	-0.196633	-0.263605	-0.217465	-0.260994	-0.270624	-0.203577	-0.271742	-0.320764	-0.272249	-0.222989	-0.270685	-0.220248	-0.242956	-0.248836	-0.267274	-0.275464	-0.278579	-0.222712	-0.29461	-0.270606	-0.210512	-0.194566	-0.320082	-0.248716	-0.353397	-0.173599	-0.22334	-0.246012	-0.168894	-0.297377	-0.318386	-0.29206	-0.236445	-0.286506	-0.249209	-0.241644	-0.279583	-0.231736	-0.270032	-0.214225	-0.22153	-0.226305	-0.192877	-0.25095	-0.2798	-0.287712	-0.299518	-0.226546	-0.277376	-0.31805	-0.31156	-0.177641	-0.250998	-0.266018	-0.299709	-0.26727	-0.293887	-0.252402	-0.264176	-0.304868	-0.259847	-0.252749	-0.274989	-0.215038	-0.256165	-0.236133	-0.290426	-0.247843	-0.27062	-0.225145	-0.286052	-0.294222	-0.313219	-0.282835	-0.133859	-0.20463	-0.229782	-0.292253	-0.285522	-0.262302	-0.286932	-0.214226	-0.184519	-0.269374	-0.347028	-0.273099	-0.232772	-0.175271	-0.24673	-0.303161	-0.251912	-0.247782	-0.248914	-0.243156	-0.298389	-0.16972	-0.243454	-0.20151	-0.25176	-0.283112	-0.230988	-0.265008	-0.224285	-0.220963	-0.297929	-0.241093	-0.260592	-0.243214	-0.272455	-0.239921	-0.261448	-0.249959	-0.210872	-0.274822	-0.188312	-0.23825	-0.283622	-0.250591	-0.236147	-0.26719	-0.287493	-0.333847	-0.218833	-0.224129	-0.226988	-0.223677	-0.211122	-0.161725	-0.297889	-0.307966	-0.256078	-0.328353	-0.261827	-0.189734	-0.225867	-0.297004	-0.220383	-0.239593	-0.172568	-0.251571	-0.310282	-0.201471	-0.267163	-0.243183	-0.306136	-0.285175	-0.302432	-0.224652	-0.204945	-0.249788	-0.261285	-0.296002	-0.200068	-0.251745	-0.320701	-0.295771	-0.276824	-0.27667	-0.259746	-0.297967	-0.188632	-0.256504	-0.298561	-0.256504	-0.289607	-0.290565	-0.315323	-0.278172	-0.275437	-0.166451	-0.315439	-0.276031	-0.160619	-0.291267	-0.300283	-0.225867	-0.310503	-0.333123	-0.195406	-0.230858	-0.211887	-0.188632	-0.188632	-0.276031	-0.243839	-0.287493	-0.271263	-0.210993	-0.276716	-0.309746	-0.265424	-0.151853	-0.245956	-0.217832	-0.321384	-0.344486	-0.315323	-0.229775	-0.214226	-0.244586	-0.204111	-0.291267	-0.210685	-0.287037	-0.16522	-0.308343	-0.283405	-0.185084	-0.229775	-0.23631	-0.236619	-0.368329	-0.276776	-0.264522	-0.232014	-0.163827	-0.17173	-0.291539	-0.287294	-0.242676	-0.202891	-0.206024	-0.231241	-0.264522	-0.238246	-0.33327	-0.230858	-0.242676	-0.273103	-0.234495	-0.234495	-0.287493	-0.28089	-0.294744	-0.246326	-0.171471	-0.244345	-0.269618	-0.234885	-0.293739	-0.104067	-0.262799	-0.162968	-0.169828	-0.321384	-0.273766	-0.316499	-0.173255	-0.361855	-0.309628	-0.321384	-0.315111	-0.261787	-0.207179	-0.276247	-0.210512	-0.297929	-0.28632	-0.225145	-0.217832	-0.297929	-0.304438	-0.337881	-0.287493	-0.302781	-0.29458	-0.222541	-0.28954	-0.20049	-0.230858	-0.327876	-0.306875	-0.216905	-0.298561	-0.166451	-0.246326	-0.272501	-0.236605	-0.327876	-0.226978	-0.310079	-0.287493	-0.269618	-0.333123	-0.287493	-0.216905	-0.31572	-0.262799	-0.288044	-0.226366	-0.374943	-0.27667	-0.176287	-0.291409	-0.284085	-0.244345	-0.142087	-0.203255	-0.23631	-0.282427	-0.341626	-0.291267	-0.22944	-0.226366	-0.304438	-0.321384	-0.195406	-0.24369	-0.287036	-0.173234	-0.257917	-0.309746	-0.303522	-0.272793	-0.303522	-0.269473	-0.242676	-0.29771	-0.230858	-0.246326	-0.291153	-0.254966	-0.33327	-0.173234	-0.303224	-0.262799	-0.246326	-0.188632	-0.276031	-0.279583	-0.358497	-0.232257	-0.253775	-0.250722	-0.341276	-0.30455	-0.298561	-0.22944	-0.304228	-0.270172	-0.262799	-0.282112	-0.333847	-0.368329	-0.188632	-0.223495	-0.278707	-0.253019	-0.214226	-0.249001	-0.356374	-0.234885	-0.287493
53000	intercept	0.273891	0.356334	0.257499	0.379813	0.329089	0.311482	0.364752	0.338643	0.276003	0.324219	0.390313	0.336787	0.305415	0.260975	0.354747	0.302236	0.360643	0.370342	0.279763	0.276796	0.268339	0.313329	0.287601	0.286322	0.336303	0.328087	0.349773	0.304583	0.340908	0.237847	0.321527	0.374679	0.322184	0.2088	0.328974	0.328483	0.342308	0.368058	0.32312	0.277744	0.305803	0.259096	0.334538	0.329559	0.361646	0.35508	0.305881	0.256861	0.322024	0.27066	0.33884	0.326407	0.268864	0.340072	0.352315	0.334328	0.26326	0.334145	0.294259	0.298692	0.31311	0.303685	0.345659	0.352661	0.318151	0.342049	0.341076	0.292318	0.242278	0.34489	0.316944	0.412061	0.243634	0.260852	0.317656	0.275508	0.343723	0.357103	0.339886	0.303583	0.33616	0.305865	0.299183	0.342488	0.265096	0.308414	0.280825	0.269897	0.314642	0.297477	0.312529	0.350419	0.333978	0.344791	0.29432	0.335722	0.364992	0.399697	0.279133	0.264371	0.306709	0.352576	0.325903	0.331652	0.32013	0.301415	0.357194	0.327567	0.299665	0.304271	0.293698	0.350169	0.3153	0.295902	0.312535	0.322268	0.268961	0.368005	0.316082	0.353436	0.319497	0.244696	0.27124	0.324262	0.325847	0.316601	0.31927	0.365292	0.262143	0.272501	0.35102	0.379448	0.343344	0.294326	0.264868	0.293493	0.344283	0.298674	0.319909	0.303546	0.309847	0.367896	0.277503	0.298655	0.270884	0.32215	0.344613	0.301948	0.302665	0.271627	0.295139	0.337481	0.311261	0.289683	0.334717	0.333203	0.283504	0.346417	0.332307	0.282634	0.331471	0.26375	0.342227	0.334966	0.336894	0.294576	0.346439	0.33245	0.379509	0.288952	0.281999	0.281839	0.303832	0.302838	0.206953	0.326246	0.354221	0.291013	0.330097	0.315574	0.283163	0.32768	0.33924	0.311482	0.304236	0.246308	0.295963	0.379142	0.252583	0.328224	0.270084	0.368531	0.350777	0.335552	0.297838	0.2965	0.323828	0.29383	0.323624	0.252738	0.29551	0.403216	0.336896	0.35094	0.341836	0.324366	0.378049	0.276407	0.332741	0.344269	0.329484	0.338265	0.312319	0.384067	0.309368	0.336787	0.288009	0.352315	0.329671	0.261091	0.359436	0.39495	0.328223	0.328596	0.410268	0.279489	0.280083	0.270647	0.291329	0.276407	0.336757	0.266621	0.33245	0.319236	0.274249	0.317174	0.355236	0.335635	0.247002	0.276743	0.303832	0.375856	0.426299	0.384067	0.25779	0.244546	0.327995	0.259394	0.344867	0.260417	0.334054	0.235274	0.377057	0.334054	0.220331	0.25779	0.269826	0.261378	0.409663	0.327307	0.318997	0.25779	0.219014	0.227177	0.359436	0.385811	0.25779	0.276407	0.316264	0.269811	0.318762	0.316743	0.402524	0.263269	0.25779	0.340167	0.334412	0.334412	0.33245	0.334914	0.342762	0.286962	0.25547	0.254854	0.332879	0.314696	0.337991	0.186983	0.332908	0.225498	0.261273	0.377898	0.366773	0.33615	0.22946	0.395152	0.428907	0.377898	0.343123	0.308414	0.291016	0.309368	0.292318	0.337481	0.304271	0.2449	0.303832	0.337481	0.327308	0.33695	0.33245	0.332616	0.333624	0.328893	0.355443	0.274249	0.280083	0.362603	0.325419	0.252741	0.329104	0.257258	0.286962	0.340167	0.309453	0.364058	0.275506	0.333571	0.342016	0.332879	0.410268	0.336044	0.243155	0.341722	0.332908	0.348802	0.280825	0.409663	0.341836	0.274264	0.335849	0.336116	0.264507	0.152293	0.318435	0.269826	0.327501	0.387376	0.329087	0.294707	0.280825	0.327308	0.377898	0.284856	0.279692	0.341836	0.246308	0.320452	0.338265	0.429609	0.394966	0.415042	0.329619	0.25779	0.39495	0.263269	0.278837	0.326778	0.264371	0.402524	0.246308	0.353042	0.332908	0.282651	0.276407	0.35196	0.342488	0.409663	0.325063	0.293366	0.335684	0.375598	0.327187	0.344269	0.294707	0.365564	0.355443	0.332908	0.385811	0.379032	0.409663	0.276407	0.260417	0.328342	0.329295	0.252088	0.362303	0.371998	0.314696	0.33245
54000	slope	-0.252873	-0.295588	-0.217039	-0.264123	-0.25526	-0.239361	-0.295233	-0.288239	-0.243105	-0.257508	-0.178912	-0.220339	-0.245248	-0.247359	-0.27103	-0.220966	-0.317714	-0.189269	-0.225951	-0.225905	-0.286288	-0.194375	-0.27446	-0.247843	-0.2694	-0.237484	-0.277038	-0.198562	-0.213327	-0.23949	-0.277084	-0.289044	-0.201518	-0.212736	-0.244217	-0.270083	-0.276617	-0.251399	-0.231107	-0.181334	-0.248854	-0.218549	-0.245844	-0.243914	-0.251107	-0.256078	-0.216852	-0.261034	-0.195036	-0.283942	-0.206634	-0.157497	-0.186393	-0.227054	-0.234498	-0.229125	-0.262617	-0.249097	-0.274146	-0.247668	-0.220146	-0.244796	-0.249629	-0.212148	-0.259258	-0.246056	-0.218459	-0.241528	-0.235212	-0.237712	-0.230177	-0.267874	-0.288329	-0.239292	-0.263973	-0.245877	-0.219123	-0.244205	-0.242457	-0.202652	-0.25486	-0.238169	-0.261514	-0.239267	-0.216334	-0.227359	-0.235729	-0.278547	-0.225175	-0.216035	-0.249737	-0.256108	-0.27142	-0.289827	-0.253518	-0.231443	-0.223418	-0.262025	-0.246256	-0.22394	-0.260177	-0.229282	-0.231709	-0.218431	-0.209608	-0.227606	-0.236012	-0.222915	-0.243121	-0.192768	-0.235886	-0.230218	-0.26149	-0.229683	-0.275264	-0.225123	-0.217985	-0.239416	-0.261204	-0.240557	-0.18343	-0.247453	-0.210787	-0.216836	-0.23464	-0.210935	-0.264166	-0.216124	-0.261423	-0.22892	-0.27432	-0.23772	-0.255721	-0.273998	-0.206369	-0.223002	-0.22668	-0.241686	-0.255386	-0.235268	-0.178893	-0.24156	-0.207921	-0.216938	-0.224309	-0.222915	-0.290979	-0.246504	-0.180716	-0.27852	-0.234915	-0.274848	-0.194901	-0.261655	-0.219605	-0.2694	-0.219245	-0.202508	-0.242753	-0.225667	-0.281749	-0.237352	-0.22851	-0.242756	-0.262302	-0.235047	-0.21017	-0.224169	-0.228745	-0.2102	-0.276569	-0.201335	-0.257686	-0.292112	-0.272361	-0.263079	-0.217965	-0.190241	-0.299223	-0.229737	-0.194635	-0.25627	-0.24813	-0.259317	-0.248239	-0.237159	-0.21414	-0.235809	-0.295786	-0.284497	-0.217976	-0.247194	-0.270586	-0.230234	-0.289213	-0.238149	-0.220099	-0.214722	-0.258511	-0.256061	-0.212471	-0.277038	-0.305625	-0.245388	-0.248468	-0.210903	-0.209754	-0.279465	-0.256391	-0.202177	-0.307079	-0.268474	-0.244796	-0.274441	-0.279879	-0.171361	-0.275361	-0.209691	-0.222812	-0.209754	-0.286288	-0.209493	-0.280883	-0.27293	-0.209556	-0.238495	-0.242756	-0.211275	-0.26232	-0.19776	-0.249832	-0.225667	-0.288404	-0.211773	-0.197776	-0.273436	-0.256293	-0.212659	-0.209556	-0.201766	-0.245388	-0.317714	-0.319054	-0.286288	-0.287984	-0.297706	-0.27088	-0.277756	-0.26973	-0.251923	-0.212463	-0.232481	-0.301898	-0.274441	-0.281557	-0.198252	-0.223564	-0.232312	-0.15286	-0.296285	-0.232235	-0.307079	-0.275361	-0.310462	-0.26495	-0.304023	-0.26019	-0.192335	-0.218191	-0.238893	-0.226933	-0.238893	-0.224439	-0.198251	-0.239064	-0.31191	-0.232481	-0.281245	-0.232312	-0.181588	-0.212471	-0.212471	-0.182875	-0.269238	-0.204055	-0.219344	-0.201642	-0.232103	-0.279465	-0.277756	-0.287154	-0.194225	-0.245248	-0.224009	-0.228957	-0.229755	-0.218933	-0.322371	-0.19462	-0.182875	-0.220114	-0.237719	-0.204055	-0.222915	-0.219822	-0.194225	-0.220372	-0.221043	-0.307079	-0.245715	-0.222915	-0.248543	-0.225667	-0.22182	-0.224122	-0.274441	-0.220372	-0.232312	-0.250998	-0.229366	-0.184531	-0.256391	-0.289388	-0.259301	-0.220372	-0.219113	-0.214182	-0.310462	-0.226866	-0.229366	-0.169948	-0.198848	-0.26973	-0.287984	-0.213316	-0.232235	-0.212471	-0.204055	-0.169175	-0.230583	-0.219804	-0.252563	-0.218378	-0.20296	-0.199606	-0.213586	-0.275361	-0.233686	-0.246287	-0.276617	-0.276357	-0.233686	-0.295786	-0.244796	-0.221592	-0.196715	-0.234981	-0.258303	-0.236099	-0.15286	-0.269913	-0.24776	-0.231929	-0.211411	-0.246287	-0.219822	-0.219335	-0.22415	-0.221502	-0.236341	-0.248543	-0.2657	-0.232103	-0.329724	-0.168847	-0.207921	-0.277297	-0.13291	-0.2188	-0.229755	-0.297706	-0.265469	-0.274441	-0.250078	-0.238467	-0.232481	-0.198251	-0.220372	-0.235614	-0.298525	-0.220372	-0.240252	-0.249075	-0.321972	-0.207921	-0.232235	-0.245715	-0.263991	-0.222915	-0.275624
54000	intercept	0.289642	0.353417	0.286471	0.314205	0.311867	0.306804	0.333449	0.344307	0.292154	0.323275	0.276055	0.275765	0.314068	0.279219	0.314519	0.261394	0.357496	0.255012	0.263089	0.290531	0.378941	0.244289	0.373325	0.309545	0.32852	0.291942	0.329148	0.253214	0.280136	0.276042	0.311003	0.341736	0.252883	0.280483	0.309648	0.290118	0.322413	0.353203	0.257215	0.330479	0.311156	0.283669	0.314552	0.285874	0.292684	0.335006	0.266498	0.336223	0.242463	0.344153	0.276375	0.242385	0.235833	0.266259	0.294358	0.277832	0.311191	0.293102	0.320576	0.297451	0.263934	0.283968	0.324075	0.300191	0.298964	0.317039	0.271703	0.32643	0.281599	0.319203	0.273566	0.325869	0.372494	0.294922	0.304861	0.26946	0.285108	0.332257	0.309448	0.242133	0.323284	0.296653	0.318463	0.29132	0.255945	0.270901	0.280248	0.302221	0.273969	0.280286	0.293347	0.310331	0.336223	0.30183	0.296562	0.296411	0.294888	0.328846	0.2922	0.27038	0.290882	0.29425	0.310019	0.23073	0.267469	0.276475	0.289911	0.266788	0.268074	0.252774	0.269773	0.284278	0.349706	0.271013	0.317816	0.305475	0.289681	0.303209	0.302317	0.301697	0.287389	0.285218	0.264421	0.270668	0.264634	0.332464	0.299999	0.279335	0.333056	0.275886	0.316551	0.320844	0.32158	0.32076	0.260987	0.262238	0.284335	0.252423	0.304388	0.286829	0.239495	0.282378	0.30055	0.259981	0.261955	0.267123	0.37236	0.296946	0.26558	0.339281	0.295038	0.334142	0.291189	0.321386	0.26264	0.333145	0.282094	0.244221	0.327756	0.26076	0.313861	0.288403	0.274292	0.330515	0.351375	0.253706	0.302591	0.278978	0.287076	0.278821	0.32069	0.288254	0.305917	0.320196	0.301312	0.331928	0.291409	0.268436	0.372353	0.291085	0.251886	0.289025	0.290071	0.303181	0.281687	0.280764	0.327927	0.297866	0.30779	0.363866	0.252902	0.288997	0.348839	0.300244	0.34541	0.271939	0.296114	0.292984	0.323015	0.31796	0.254633	0.329148	0.317756	0.282094	0.310162	0.260417	0.239776	0.313204	0.353727	0.238857	0.355468	0.320064	0.283968	0.320501	0.349135	0.244836	0.363356	0.272953	0.282094	0.240897	0.369195	0.254866	0.323665	0.31046	0.227586	0.330515	0.330515	0.245644	0.295858	0.274432	0.296406	0.262237	0.324156	0.266788	0.23838	0.373237	0.375746	0.240357	0.227586	0.227586	0.295721	0.357674	0.344643	0.378597	0.367666	0.317756	0.394935	0.295656	0.357821	0.393027	0.265987	0.277709	0.315337	0.320501	0.360259	0.280343	0.282094	0.269332	0.185202	0.381098	0.274432	0.355468	0.363356	0.384417	0.332039	0.327977	0.308885	0.329366	0.260417	0.296442	0.332056	0.296442	0.260417	0.258519	0.31115	0.328888	0.277709	0.304371	0.282189	0.284726	0.259722	0.26029	0.243529	0.313383	0.293412	0.239395	0.301203	0.320844	0.313204	0.295599	0.394935	0.278923	0.314068	0.284239	0.265691	0.260417	0.284239	0.317855	0.325338	0.243529	0.269575	0.319702	0.293412	0.266788	0.277737	0.278923	0.306926	0.263625	0.355468	0.283461	0.267123	0.281581	0.262237	0.284948	0.245845	0.320501	0.300566	0.269332	0.323943	0.30366	0.227586	0.381781	0.317261	0.279825	0.30055	0.259935	0.30055	0.384417	0.277709	0.30366	0.2719	0.258773	0.357821	0.367666	0.274432	0.274432	0.252759	0.293412	0.258697	0.260417	0.27357	0.261821	0.295101	0.265732	0.230838	0.268101	0.35534	0.267398	0.258222	0.318332	0.328989	0.267398	0.296239	0.319702	0.275117	0.284726	0.27357	0.321301	0.293016	0.185202	0.357225	0.279825	0.238543	0.227586	0.250035	0.277737	0.259935	0.269575	0.269575	0.277652	0.281581	0.264899	0.320844	0.357674	0.255854	0.30055	0.37634	0.258697	0.290509	0.260417	0.320505	0.323665	0.320501	0.326403	0.322231	0.277709	0.258519	0.30055	0.330515	0.372494	0.300566	0.272291	0.34197	0.355713	0.30055	0.274432	0.283461	0.363356	0.270923	0.328332
55000	slope	-0.24583	-0.259112	-0.245875	-0.229366	-0.248053	-0.223318	-0.22496	-0.257411	-0.249954	-0.280759	-0.291788	-0.270956	-0.29745	-0.246134	-0.223726	-0.241905	-0.292198	-0.280151	-0.271746	-0.274303	-0.285813	-0.261159	-0.242983	-0.267181	-0.267039	-0.248304	-0.259882	-0.248288	-0.230895	-0.273159	-0.299074	-0.327854	-0.30701	-0.284839	-0.243811	-0.292143	-0.232114	-0.291651	-0.242212	-0.241326	-0.247984	-0.257714	-0.221812	-0.282508	-0.20974	-0.268914	-0.290764	-0.277166	-0.243698	-0.265628	-0.319489	-0.288714	-0.256463	-0.279317	-0.271088	-0.291494	-0.272886	-0.265698	-0.276064	-0.281065	-0.279198	-0.232462	-0.263564	-0.233891	-0.259696	-0.230319	-0.231614	-0.286646	-0.271236	-0.279062	-0.219788	-0.265795	-0.272423	-0.272428	-0.282783	-0.296755	-0.264561	-0.273949	-0.252007	-0.28943	-0.21113	-0.234428	-0.295616	-0.263843	-0.259727	-0.265446	-0.22899	-0.222792	-0.279928	-0.249592	-0.238975	-0.269974	-0.247844	-0.213653	-0.272442	-0.276493	-0.275302	-0.247418	-0.250278	-0.210686	-0.25181	-0.258185	-0.254133	-0.266701	-0.244605	-0.229656	-0.265716	-0.288048	-0.265661	-0.25663	-0.252353	-0.274175	-0.270469	-0.260885	-0.229731	-0.260292	-0.276088	-0.26576	-0.265819	-0.252784	-0.282783	-0.252686	-0.242031	-0.276918	-0.283846	-0.246919	-0.253762	-0.210482	-0.266898	-0.247962	-0.24394	-0.258532	-0.24303	-0.281041	-0.268348	-0.261167	-0.216483	-0.243575	-0.242979	-0.260456	-0.276201	-0.289153	-0.282458	-0.22306	-0.254744	-0.214838	-0.282968	-0.240843	-0.263341	-0.250858	-0.263871	-0.276178	-0.278757	-0.239065	-0.274578	-0.269487	-0.245122	-0.253637	-0.263556	-0.253889	-0.268209	-0.270734	-0.287911	-0.266602	-0.237802	-0.278064	-0.224681	-0.270836	-0.243873	-0.313206	-0.263999	-0.237839	-0.280169	-0.281951	-0.265465	-0.266495	-0.251654	-0.258285	-0.255049	-0.247537	-0.244107	-0.256178	-0.290121	-0.267355	-0.248479	-0.27423	-0.261879	-0.289203	-0.25259	-0.263693	-0.229383	-0.267532	-0.299209	-0.255896	-0.25658	-0.224522	-0.207082	-0.281385	-0.284428	-0.24955	-0.305471	-0.243873	-0.136024	-0.279206	-0.282832	-0.256474	-0.293592	-0.253015	-0.242865	-0.252051	-0.230358	-0.281458	-0.291457	-0.243593	-0.283679	-0.217931	-0.255049	-0.304042	-0.281458	-0.259112	-0.252903	-0.257119	-0.298925	-0.294083	-0.281423	-0.296096	-0.266414	-0.283957	-0.26522	-0.260583	-0.216513	-0.283085	-0.331026	-0.278922	-0.27422	-0.274757	-0.263109	-0.256131	-0.196534	-0.258644	-0.296096	-0.229378	-0.283152	-0.277617	-0.257861	-0.245305	-0.229686	-0.256871	-0.211944	-0.229686	-0.236127	-0.250048	-0.284182	-0.300703	-0.227989	-0.294399	-0.285592	-0.26156	-0.261879	-0.253549	-0.28132	-0.27421	-0.268046	-0.249524	-0.243593	-0.261879	-0.249317	-0.25181	-0.257673	-0.290849	-0.267775	-0.248903	-0.236955	-0.27715	-0.246372	-0.292944	-0.296482	-0.237872	-0.281077	-0.283636	-0.260392	-0.281423	-0.289818	-0.294248	-0.250577	-0.290849	-0.257673	-0.265948	-0.241253	-0.238146	-0.25181	-0.292492	-0.204789	-0.297951	-0.277366	-0.253015	-0.285177	-0.252934	-0.243593	-0.279556	-0.284182	-0.281423	-0.239633	-0.26156	-0.289642	-0.260844	-0.270277	-0.27715	-0.237369	-0.249524	-0.275737	-0.236197	-0.266281	-0.283679	-0.277095	-0.229731	-0.260392	-0.230358	-0.26765	-0.27423	-0.249524	-0.20624	-0.268937	-0.246568	-0.259745	-0.266701	-0.279698	-0.226319	-0.259411	-0.241253	-0.331026	-0.283679	-0.271199	-0.235021	-0.270277	-0.252232	-0.26522	-0.246547	-0.229686	-0.323189	-0.302085	-0.27858	-0.268046	-0.271528	-0.219463	-0.285592	-0.176538	-0.29288	-0.243552	-0.273975	-0.260583	-0.292292	-0.256982	-0.285825	-0.255033	-0.249524	-0.268101	-0.168133	-0.258483	-0.226319	-0.206856	-0.232537	-0.246803	-0.283653	-0.258497	-0.20974	-0.257447	-0.283152	-0.249524	-0.259587	-0.271199	-0.287445	-0.197504	-0.217263	-0.292506	-0.263817	-0.284872	-0.206856	-0.20974	-0.290958	-0.297951	-0.2806	-0.237369	-0.27422	-0.266701	-0.250999	-0.259067	-0.28132	-0.254593	-0.172517	-0.293609	-0.27422	-0.250999	-0.277146	-0.232046	-0.267698	-0.266462	-0.260392	-0.286232	-0.267775
55000	intercept	0.329895	0.304594	0.300182	0.297172	0.331378	0.291612	0.277078	0.312106	0.329281	0.315937	0.343465	0.313591	0.372838	0.312285	0.274178	0.318651	0.35391	0.345557	0.349647	0.326767	0.324812	0.291366	0.328034	0.300964	0.306867	0.330093	0.302534	0.287214	0.335794	0.293561	0.360781	0.360801	0.3571	0.316776	0.333445	0.359437	0.284962	0.38892	0.301795	0.297326	0.340446	0.329836	0.286514	0.348793	0.236677	0.313953	0.343604	0.319282	0.29199	0.342846	0.359433	0.337422	0.320356	0.313154	0.338674	0.327914	0.317376	0.330066	0.321479	0.320904	0.292326	0.293096	0.302275	0.339405	0.314858	0.30259	0.295884	0.338728	0.313591	0.354003	0.306743	0.316409	0.334826	0.347859	0.323045	0.350546	0.320074	0.310599	0.318347	0.32864	0.273169	0.322515	0.371147	0.310828	0.312189	0.308546	0.324195	0.289707	0.328873	0.337301	0.304594	0.325705	0.260026	0.318867	0.300292	0.327082	0.342001	0.288212	0.340929	0.279459	0.297065	0.304224	0.310013	0.33906	0.313306	0.295556	0.318203	0.329492	0.293234	0.30157	0.312248	0.353358	0.302971	0.289096	0.312751	0.308615	0.338905	0.31853	0.331434	0.298349	0.325221	0.324278	0.354054	0.345393	0.327839	0.306756	0.292299	0.290017	0.295201	0.329791	0.313436	0.334046	0.302828	0.336488	0.321637	0.323653	0.26987	0.285739	0.301655	0.297355	0.310622	0.321767	0.330639	0.319172	0.328118	0.286608	0.316087	0.318242	0.311483	0.334407	0.341395	0.32071	0.333094	0.29014	0.292703	0.333235	0.305683	0.31594	0.302234	0.293669	0.294225	0.329581	0.353236	0.314281	0.309555	0.320677	0.280766	0.30289	0.332072	0.338744	0.328549	0.30043	0.329767	0.322459	0.293867	0.318685	0.296888	0.324166	0.31022	0.295259	0.313199	0.311236	0.322386	0.334757	0.303064	0.311931	0.305576	0.374157	0.305352	0.29305	0.302121	0.331756	0.344748	0.288497	0.303049	0.288865	0.264944	0.321277	0.324039	0.316736	0.373375	0.335921	0.291668	0.284243	0.376584	0.324812	0.356948	0.336042	0.366471	0.334045	0.304803	0.301163	0.40148	0.326903	0.312312	0.268852	0.31022	0.351616	0.301163	0.312089	0.300764	0.284243	0.376842	0.35784	0.336329	0.318582	0.312123	0.371213	0.367239	0.320375	0.263275	0.323144	0.386148	0.320161	0.331423	0.300277	0.331642	0.339191	0.299786	0.294876	0.318582	0.333065	0.320209	0.325192	0.310828	0.335921	0.286174	0.272715	0.245292	0.281712	0.267749	0.328173	0.323794	0.312471	0.303064	0.346576	0.311771	0.341001	0.305576	0.331423	0.325172	0.297606	0.356822	0.279917	0.326903	0.299026	0.3093	0.297065	0.305925	0.336919	0.3149	0.273864	0.333178	0.370905	0.284243	0.342065	0.364577	0.278047	0.33394	0.370905	0.300239	0.350939	0.324812	0.335753	0.299692	0.336919	0.311664	0.318337	0.257638	0.324865	0.290403	0.300277	0.319689	0.32324	0.32878	0.340899	0.335766	0.246662	0.326903	0.300277	0.334879	0.34728	0.3244	0.338342	0.33404	0.332089	0.367138	0.370905	0.314712	0.305933	0.351078	0.275946	0.320356	0.302865	0.308142	0.331084	0.300239	0.304803	0.349959	0.29169	0.316029	0.290837	0.339191	0.339184	0.322336	0.339191	0.321277	0.275971	0.300239	0.261828	0.386148	0.32263	0.344978	0.285304	0.367138	0.326834	0.367239	0.292605	0.281712	0.349188	0.292451	0.366163	0.356822	0.324812	0.231099	0.311771	0.285044	0.32324	0.273864	0.306335	0.320375	0.32263	0.245096	0.356948	0.315861	0.31669	0.320904	0.251341	0.290157	0.275971	0.302424	0.278331	0.326903	0.304559	0.303443	0.233004	0.330435	0.320209	0.334419	0.286698	0.356822	0.324812	0.301249	0.315436	0.364577	0.284855	0.311269	0.302424	0.236677	0.32324	0.32324	0.323144	0.312123	0.331423	0.339191	0.312089	0.277294	0.325172	0.31022	0.291995	0.324812	0.324497	0.312089	0.342634	0.311672	0.284243	0.350939	0.300239	0.300239	0.309649
56000	slope	-0.263999	-0.266207	-0.247004	-0.245462	-0.255857	-0.230509	-0.210207	-0.251899	-0.254265	-0.276968	-0.253909	-0.244017	-0.215656	-0.242615	-0.260606	-0.267213	-0.237147	-0.261713	-0.22612	-0.290533	-0.294251	-0.266985	-0.245237	-0.263997	-0.245612	-0.304626	-0.267447	-0.28322	-0.267606	-0.254862	-0.264379	-0.263106	-0.268031	-0.265416	-0.246096	-0.259622	-0.25941	-0.226605	-0.298015	-0.260569	-0.212651	-0.240314	-0.243331	-0.242482	-0.284162	-0.275627	-0.230097	-0.219868	-0.238957	-0.275689	-0.219842	-0.255338	-0.260143	-0.201792	-0.265431	-0.280741	-0.259739	-0.248863	-0.2866	-0.274454	-0.284097	-0.255906	-0.250512	-0.207835	-0.279795	-0.247904	-0.331221	-0.264769	-0.260718	-0.239416	-0.250506	-0.266903	-0.296355	-0.264234	-0.248401	-0.270714	-0.243508	-0.260418	-0.239122	-0.277306	-0.218469	-0.257974	-0.240886	-0.289103	-0.218687	-0.229403	-0.260108	-0.243671	-0.254269	-0.273646	-0.279779	-0.247257	-0.256681	-0.234061	-0.270288	-0.261571	-0.244246	-0.250366	-0.245419	-0.270523	-0.230723	-0.277448	-0.242047	-0.233634	-0.29188	-0.265684	-0.247363	-0.276478	-0.294214	-0.213917	-0.235691	-0.243971	-0.298415	-0.223199	-0.229917	-0.254584	-0.254659	-0.263277	-0.27044	-0.247237	-0.254259	-0.252792	-0.229103	-0.31405	-0.247038	-0.236941	-0.22716	-0.222339	-0.245372	-0.248413	-0.261038	-0.256408	-0.285616	-0.233029	-0.267203	-0.27681	-0.226095	-0.241672	-0.2203	-0.232815	-0.265484	-0.253797	-0.277876	-0.206373	-0.237538	-0.24975	-0.232838	-0.248691	-0.231054	-0.281757	-0.25683	-0.240589	-0.24937	-0.237386	-0.261536	-0.26727	-0.286257	-0.254851	-0.267447	-0.236053	-0.278651	-0.261227	-0.292841	-0.266186	-0.220243	-0.232555	-0.257729	-0.243215	-0.256262	-0.270064	-0.269551	-0.238163	-0.275627	-0.280634	-0.260997	-0.273698	-0.241735	-0.276207	-0.268035	-0.251485	-0.266156	-0.276264	-0.266202	-0.227126	-0.245976	-0.265342	-0.23619	-0.270922	-0.228785	-0.275787	-0.223758	-0.289746	-0.213683	-0.286471	-0.280255	-0.173726	-0.191012	-0.235477	-0.237386	-0.236593	-0.279792	-0.257034	-0.284681	-0.245519	-0.211006	-0.263083	-0.271721	-0.25401	-0.202178	-0.281865	-0.25829	-0.26262	-0.29688	-0.25761	-0.286324	-0.227838	-0.254269	-0.204588	-0.322499	-0.228654	-0.233804	-0.267879	-0.284731	-0.289011	-0.269464	-0.309558	-0.222952	-0.264545	-0.255263	-0.331221	-0.227838	-0.271313	-0.239416	-0.295653	-0.249717	-0.225977	-0.233321	-0.187292	-0.286744	-0.267656	-0.236267	-0.267606	-0.282414	-0.293233	-0.251325	-0.225783	-0.205579	-0.188768	-0.245612	-0.29688	-0.267447	-0.245519	-0.241695	-0.21396	-0.241521	-0.208907	-0.165403	-0.272803	-0.235477	-0.264302	-0.238131	-0.269145	-0.254269	-0.258907	-0.245519	-0.219723	-0.251942	-0.272194	-0.253073	-0.161227	-0.271979	-0.284681	-0.238131	-0.246968	-0.224232	-0.24792	-0.258639	-0.267674	-0.267879	-0.250773	-0.245519	-0.257034	-0.222675	-0.241521	-0.205372	-0.296355	-0.266268	-0.294049	-0.230787	-0.286615	-0.217538	-0.230441	-0.268749	-0.27422	-0.200089	-0.257759	-0.293233	-0.261016	-0.263387	-0.26262	-0.254659	-0.245521	-0.241521	-0.276716	-0.255293	-0.267879	-0.204586	-0.24959	-0.230664	-0.242743	-0.230441	-0.267606	-0.260418	-0.264935	-0.2873	-0.228654	-0.279164	-0.220609	-0.272908	-0.261879	-0.224488	-0.250773	-0.230441	-0.251325	-0.165403	-0.206615	-0.275627	-0.294049	-0.279471	-0.279164	-0.2197	-0.264729	-0.241685	-0.261879	-0.226655	-0.277625	-0.295836	-0.217538	-0.21654	-0.267606	-0.289011	-0.258696	-0.26262	-0.258639	-0.251114	-0.275137	-0.257034	-0.239066	-0.255263	-0.253218	-0.25951	-0.263964	-0.245612	-0.290528	-0.263894	-0.260383	-0.260259	-0.293233	-0.290769	-0.240584	-0.289369	-0.239369	-0.223258	-0.202178	-0.226655	-0.331221	-0.313214	-0.268682	-0.235757	-0.263574	-0.263327	-0.267879	-0.204588	-0.2197	-0.264935	-0.257759	-0.260418	-0.282601	-0.227838	-0.252613	-0.241685	-0.264545	-0.278178	-0.258639	-0.265834	-0.206826	-0.219761	-0.212368	-0.29154	-0.275367	-0.226083	-0.258912	-0.275627	-0.246075	-0.219761	-0.257759	-0.260418	-0.267879	-0.289011	-0.301746
56000	intercept	0.325843	0.302235	0.305958	0.359308	0.296623	0.271592	0.292499	0.338963	0.353982	0.292509	0.285251	0.324042	0.276813	0.320248	0.324654	0.381647	0.295354	0.297733	0.314552	0.333732	0.320433	0.33822	0.262192	0.321349	0.291461	0.338509	0.329824	0.316556	0.360254	0.310898	0.314681	0.317139	0.316136	0.318374	0.305674	0.322632	0.325475	0.294496	0.356238	0.315657	0.299334	0.299587	0.332478	0.281799	0.324126	0.319672	0.303442	0.268001	0.328848	0.334919	0.313907	0.329931	0.318287	0.297265	0.378382	0.337797	0.320722	0.288737	0.334221	0.335547	0.323044	0.318774	0.317082	0.298974	0.312827	0.342725	0.363753	0.333113	0.31458	0.338083	0.308631	0.285821	0.358138	0.278952	0.317158	0.327611	0.31353	0.302814	0.282986	0.328933	0.299127	0.310929	0.291545	0.391454	0.302841	0.310716	0.307827	0.281588	0.292022	0.331558	0.300317	0.307789	0.334564	0.30106	0.318468	0.332519	0.302358	0.31256	0.318907	0.28889	0.300717	0.340814	0.308761	0.308018	0.352487	0.306585	0.328827	0.324701	0.346473	0.293389	0.289511	0.306018	0.330611	0.278053	0.274024	0.302305	0.261503	0.325977	0.340013	0.343918	0.312344	0.304197	0.323612	0.344627	0.304688	0.324338	0.295598	0.309307	0.318667	0.309625	0.325661	0.298778	0.358125	0.29912	0.312341	0.324147	0.298875	0.302029	0.304203	0.330356	0.317611	0.3438	0.3312	0.263958	0.306049	0.323059	0.338738	0.309702	0.303443	0.342808	0.315447	0.298759	0.332876	0.293563	0.346257	0.294533	0.336524	0.301545	0.332529	0.280633	0.332779	0.301335	0.328464	0.34442	0.314455	0.3116	0.33967	0.302466	0.344427	0.334701	0.347102	0.297012	0.319672	0.351654	0.310004	0.326631	0.323044	0.33071	0.324847	0.31497	0.322726	0.3461	0.347749	0.318654	0.317004	0.317563	0.302512	0.334583	0.309895	0.325568	0.297421	0.325559	0.311334	0.357923	0.328112	0.266586	0.334432	0.309989	0.265125	0.345405	0.391454	0.299366	0.330219	0.278708	0.296533	0.348782	0.317811	0.306301	0.256795	0.335669	0.271899	0.327865	0.330557	0.306181	0.291108	0.359886	0.33204	0.309777	0.354476	0.247831	0.313373	0.335524	0.372347	0.391454	0.347278	0.325502	0.297401	0.275181	0.342318	0.363753	0.352072	0.320587	0.356171	0.324573	0.303785	0.328893	0.319478	0.246785	0.350722	0.298058	0.304766	0.360254	0.363295	0.352423	0.326809	0.304587	0.302165	0.296468	0.281123	0.33421	0.332529	0.284467	0.312395	0.328893	0.30038	0.306104	0.276213	0.332529	0.309989	0.280351	0.340322	0.280564	0.334052	0.316855	0.277345	0.277963	0.315827	0.300132	0.274433	0.312679	0.335005	0.330219	0.334979	0.25721	0.301954	0.280528	0.336616	0.332529	0.335524	0.304925	0.284467	0.295859	0.277345	0.30038	0.296382	0.361596	0.325694	0.314024	0.290768	0.349491	0.255828	0.292888	0.293951	0.311552	0.304766	0.30999	0.332476	0.320241	0.304419	0.304117	0.291008	0.369276	0.30038	0.317753	0.301389	0.350881	0.262945	0.310145	0.368071	0.284987	0.292888	0.360254	0.296315	0.327076	0.399343	0.255828	0.314674	0.30672	0.345404	0.303267	0.271344	0.302733	0.292888	0.316392	0.272786	0.292677	0.319672	0.32277	0.352489	0.314674	0.301473	0.332529	0.337475	0.300964	0.303367	0.317769	0.315803	0.275396	0.304766	0.360254	0.38067	0.34808	0.304117	0.336616	0.308786	0.375608	0.296533	0.301041	0.347301	0.296315	0.312922	0.334432	0.291461	0.352551	0.332529	0.302802	0.350546	0.352423	0.312554	0.313373	0.391454	0.284467	0.266433	0.256795	0.303367	0.363753	0.338337	0.304045	0.290109	0.321949	0.334432	0.335524	0.309777	0.301473	0.339149	0.30999	0.302814	0.302575	0.352072	0.304045	0.337475	0.275181	0.30669	0.336616	0.353201	0.290076	0.263958	0.30538	0.354751	0.323698	0.310305	0.269395	0.323715	0.29943	0.263958	0.30999	0.296315	0.335524	0.391454	0.341126
57000	slope	-0.267851	-0.228702	-0.24254	-0.257055	-0.256709	-0.247813	-0.262234	-0.245396	-0.28526	-0.249892	-0.312023	-0.2626	-0.320462	-0.272136	-0.234545	-0.27938	-0.258416	-0.267039	-0.268937	-0.238565	-0.274192	-0.263578	-0.275423	-0.233739	-0.273319	-0.273276	-0.219351	-0.265984	-0.244655	-0.223348	-0.263378	-0.275208	-0.215089	-0.24337	-0.25397	-0.242761	-0.266193	-0.28746	-0.272163	-0.225727	-0.285399	-0.258555	-0.253849	-0.255335	-0.238981	-0.256325	-0.252781	-0.266188	-0.239894	-0.232533	-0.262352	-0.222341	-0.256453	-0.233769	-0.230933	-0.243888	-0.214507	-0.225842	-0.217853	-0.272552	-0.266646	-0.253785	-0.232839	-0.248298	-0.279358	-0.255259	-0.24904	-0.277656	-0.247922	-0.237348	-0.226892	-0.239996	-0.276323	-0.241902	-0.241474	-0.269627	-0.240922	-0.260235	-0.276243	-0.260227	-0.245419	-0.240812	-0.253411	-0.24615	-0.220826	-0.253156	-0.24713	-0.22951	-0.272644	-0.278376	-0.249065	-0.224993	-0.262097	-0.246929	-0.265578	-0.276293	-0.225849	-0.218689	-0.253997	-0.230126	-0.308422	-0.260237	-0.201156	-0.238019	-0.273291	-0.234875	-0.247953	-0.252166	-0.278267	-0.256396	-0.282011	-0.259336	-0.241709	-0.26242	-0.245765	-0.25611	-0.230402	-0.231629	-0.235911	-0.203971	-0.245106	-0.247103	-0.271683	-0.242052	-0.226515	-0.225842	-0.262285	-0.22284	-0.264464	-0.246745	-0.241033	-0.270304	-0.265394	-0.260366	-0.260832	-0.252598	-0.234054	-0.244515	-0.235699	-0.25162	-0.265434	-0.236225	-0.231855	-0.238386	-0.252937	-0.256671	-0.271458	-0.243026	-0.260612	-0.242284	-0.235102	-0.231232	-0.255499	-0.239662	-0.214407	-0.239918	-0.258991	-0.235972	-0.248683	-0.240715	-0.248671	-0.25582	-0.244669	-0.238252	-0.228263	-0.27613	-0.221439	-0.269486	-0.26968	-0.293925	-0.289427	-0.278569	-0.27992	-0.2424	-0.263242	-0.267176	-0.249093	-0.2511	-0.271979	-0.320462	-0.240487	-0.262541	-0.222638	-0.193408	-0.244238	-0.278935	-0.243463	-0.253518	-0.258698	-0.253184	-0.22829	-0.246432	-0.288025	-0.252933	-0.273638	-0.235941	-0.258086	-0.271615	-0.2651	-0.226223	-0.226342	-0.273753	-0.259569	-0.267387	-0.234065	-0.243921	-0.266296	-0.274949	-0.252481	-0.218538	-0.2424	-0.211812	-0.221286	-0.203764	-0.315624	-0.259406	-0.247222	-0.273753	-0.232169	-0.27428	-0.240298	-0.241526	-0.251304	-0.28582	-0.304182	-0.184099	-0.259063	-0.245122	-0.273753	-0.261504	-0.22773	-0.247507	-0.198288	-0.219126	-0.252932	-0.27428	-0.202493	-0.227308	-0.255666	-0.201168	-0.27969	-0.246594	-0.249432	-0.241146	-0.240298	-0.267586	-0.259661	-0.22773	-0.221191	-0.2424	-0.265706	-0.297339	-0.323817	-0.247179	-0.293538	-0.255024	-0.266168	-0.225851	-0.282517	-0.259569	-0.277074	-0.258669	-0.180211	-0.315624	-0.234065	-0.180211	-0.276974	-0.267586	-0.289631	-0.266891	-0.2424	-0.241973	-0.288388	-0.244593	-0.265042	-0.242284	-0.2424	-0.211996	-0.268127	-0.2424	-0.241802	-0.224147	-0.244747	-0.270328	-0.229927	-0.252277	-0.278022	-0.241973	-0.300026	-0.261399	-0.203764	-0.25129	-0.235238	-0.254197	-0.28582	-0.217853	-0.22812	-0.217739	-0.210051	-0.269508	-0.229088	-0.232169	-0.218538	-0.275433	-0.232147	-0.235469	-0.246641	-0.250537	-0.2424	-0.252481	-0.213773	-0.25091	-0.272359	-0.238941	-0.263822	-0.211045	-0.320462	-0.294348	-0.252277	-0.267586	-0.276078	-0.241802	-0.315624	-0.261504	-0.270873	-0.256666	-0.184099	-0.245198	-0.300711	-0.233082	-0.245839	-0.268096	-0.312857	-0.232376	-0.259569	-0.319296	-0.235569	-0.222258	-0.258669	-0.258998	-0.280898	-0.231503	-0.254457	-0.217853	-0.315624	-0.262517	-0.288388	-0.239731	-0.284455	-0.256962	-0.275137	-0.256054	-0.252257	-0.232376	-0.210051	-0.221286	-0.270304	-0.259569	-0.274391	-0.254396	-0.278022	-0.315624	-0.28582	-0.237348	-0.320462	-0.211812	-0.221417	-0.255666	-0.241973	-0.227117	-0.22773	-0.238981	-0.22812	-0.269361	-0.219351	-0.270328	-0.301715	-0.284115	-0.252481	-0.255174	-0.26325	-0.292487	-0.233082	-0.217853	-0.234928	-0.233317	-0.319296	-0.272163	-0.249432	-0.240296	-0.251994	-0.235569	-0.257012	-0.239002	-0.270304	-0.241973	-0.245396	-0.219126	-0.28582	-0.208723
57000	intercept	0.311977	0.306742	0.344871	0.307966	0.323701	0.323709	0.3069	0.347081	0.320859	0.314715	0.353621	0.299869	0.340616	0.328001	0.279915	0.329642	0.277841	0.308688	0.320221	0.299707	0.331784	0.333887	0.33523	0.308814	0.316008	0.310528	0.272353	0.324455	0.299945	0.256261	0.311305	0.309844	0.280267	0.320666	0.294661	0.325124	0.317707	0.341326	0.334526	0.282586	0.336697	0.316262	0.290562	0.30571	0.308627	0.312754	0.290035	0.307502	0.294616	0.323745	0.329523	0.321478	0.30169	0.298848	0.323144	0.297195	0.304392	0.304779	0.293981	0.337266	0.326066	0.300167	0.323234	0.298913	0.317377	0.293911	0.28155	0.319451	0.28703	0.301341	0.292749	0.305095	0.337173	0.291311	0.318187	0.31372	0.273616	0.310985	0.29598	0.286935	0.309663	0.322925	0.295727	0.312248	0.307269	0.305962	0.310509	0.278799	0.316111	0.305462	0.292964	0.310043	0.314991	0.310669	0.333245	0.348204	0.284315	0.277737	0.327995	0.279511	0.380953	0.29221	0.27564	0.294765	0.341372	0.307799	0.322584	0.305995	0.35358	0.326082	0.343858	0.294704	0.307506	0.315704	0.305446	0.302733	0.285074	0.273762	0.28493	0.298268	0.286698	0.311105	0.330551	0.337662	0.306935	0.300667	0.332643	0.297554	0.30048	0.29114	0.285157	0.339816	0.291933	0.311288	0.315121	0.286102	0.293875	0.312016	0.311677	0.281823	0.317603	0.289845	0.276437	0.30463	0.314246	0.343982	0.322804	0.344325	0.314574	0.290192	0.294669	0.292454	0.299232	0.299536	0.256541	0.301097	0.316132	0.307521	0.302753	0.315026	0.309836	0.338262	0.285539	0.289627	0.310384	0.330521	0.301898	0.28546	0.351679	0.334477	0.300061	0.321619	0.337484	0.260163	0.344035	0.320297	0.334826	0.307366	0.28702	0.340616	0.29057	0.319518	0.267872	0.289738	0.306052	0.31636	0.297441	0.306156	0.303494	0.320598	0.27389	0.326797	0.349195	0.29623	0.332425	0.308283	0.309634	0.308295	0.328214	0.299084	0.305147	0.308288	0.329787	0.328339	0.302264	0.302965	0.302598	0.298022	0.32923	0.280311	0.260163	0.2804	0.263366	0.279158	0.336841	0.315051	0.309651	0.308288	0.277463	0.322997	0.277695	0.318002	0.325986	0.329501	0.299952	0.263347	0.37616	0.328482	0.308288	0.305951	0.318404	0.337662	0.263347	0.281106	0.333993	0.322997	0.294553	0.260003	0.323198	0.29629	0.341854	0.281775	0.306495	0.28905	0.277695	0.337987	0.320894	0.309658	0.28047	0.257031	0.317172	0.380953	0.322179	0.308581	0.313232	0.288433	0.309458	0.308627	0.350724	0.329787	0.310924	0.32463	0.283077	0.328704	0.294182	0.278133	0.34196	0.337987	0.348488	0.34089	0.270635	0.309673	0.313232	0.311304	0.346662	0.290192	0.260163	0.281788	0.279597	0.260163	0.29344	0.30925	0.329787	0.321522	0.290238	0.307056	0.321912	0.30214	0.369474	0.285643	0.265713	0.307169	0.278035	0.314998	0.329501	0.295159	0.276803	0.261403	0.255164	0.310903	0.33286	0.277463	0.280311	0.333386	0.261403	0.322036	0.337818	0.306495	0.287237	0.32923	0.327706	0.303379	0.288608	0.292481	0.317729	0.327706	0.337884	0.357852	0.291768	0.333722	0.337662	0.29344	0.336841	0.305951	0.312368	0.280311	0.263347	0.33281	0.373036	0.278035	0.291354	0.320958	0.299952	0.295793	0.328639	0.324298	0.266247	0.292481	0.341862	0.28895	0.350182	0.345938	0.302606	0.293981	0.328704	0.291768	0.313232	0.306493	0.333492	0.340622	0.393336	0.311304	0.29988	0.313395	0.255164	0.263366	0.339816	0.337575	0.337941	0.302434	0.321912	0.324445	0.340538	0.301341	0.345105	0.2804	0.285717	0.32567	0.294953	0.277695	0.318404	0.308627	0.291394	0.309766	0.30323	0.321522	0.299952	0.311626	0.32923	0.280311	0.358078	0.357852	0.278035	0.284788	0.309222	0.255625	0.324298	0.334526	0.306495	0.312042	0.261403	0.265956	0.314927	0.292752	0.339816	0.301868	0.347081	0.281106	0.340538	0.311071
58000	slope	-0.226938	-0.227449	-0.22276	-0.260168	-0.253331	-0.250126	-0.243789	-0.259872	-0.225868	-0.25827	-0.257824	-0.238058	-0.294745	-0.251449	-0.250558	-0.23914	-0.244304	-0.267089	-0.228603	-0.247674	-0.255481	-0.249868	-0.237506	-0.24437	-0.299481	-0.23502	-0.19974	-0.227183	-0.272945	-0.284959	-0.241954	-0.236829	-0.219882	-0.235547	-0.294437	-0.253814	-0.254582	-0.254364	-0.270939	-0.244874	-0.263375	-0.215732	-0.228189	-0.195564	-0.256168	-0.233319	-0.238439	-0.225339	-0.218806	-0.242257	-0.221015	-0.24986	-0.274718	-0.222953	-0.242822	-0.286552	-0.277897	-0.238089	-0.228625	-0.182551	-0.270338	-0.276046	-0.280324	-0.238422	-0.246105	-0.238881	-0.189908	-0.212652	-0.235633	-0.205942	-0.244853	-0.223719	-0.245238	-0.246109	-0.24289	-0.243846	-0.221692	-0.193602	-0.257864	-0.224432	-0.222899	-0.222814	-0.230266	-0.229119	-0.301441	-0.207275	-0.253063	-0.237143	-0.219437	-0.177076	-0.229263	-0.249957	-0.233405	-0.280314	-0.232525	-0.222213	-0.258764	-0.254548	-0.234914	-0.252837	-0.215999	-0.246024	-0.276956	-0.207765	-0.223158	-0.267343	-0.264607	-0.201846	-0.264593	-0.235078	-0.257326	-0.225559	-0.218213	-0.253129	-0.223595	-0.226185	-0.256554	-0.245423	-0.257762	-0.251721	-0.227917	-0.262504	-0.198071	-0.265665	-0.241696	-0.234575	-0.239435	-0.207144	-0.274037	-0.224898	-0.242791	-0.219762	-0.237476	-0.210236	-0.224688	-0.21415	-0.229762	-0.223572	-0.235849	-0.255326	-0.233188	-0.196125	-0.264792	-0.246421	-0.252085	-0.242615	-0.250438	-0.245138	-0.23819	-0.282282	-0.219606	-0.248205	-0.232991	-0.215614	-0.219592	-0.248502	-0.177832	-0.262808	-0.231276	-0.260683	-0.239113	-0.294592	-0.235748	-0.288425	-0.274515	-0.223876	-0.25457	-0.215503	-0.305944	-0.263956	-0.219281	-0.238986	-0.23095	-0.233069	-0.204312	-0.208258	-0.280315	-0.265163	-0.25994	-0.261674	-0.258931	-0.273078	-0.273165	-0.245256	-0.252459	-0.267384	-0.246756	-0.222356	-0.263265	-0.251644	-0.270296	-0.286023	-0.223127	-0.221765	-0.229794	-0.245002	-0.190999	-0.254276	-0.23369	-0.236213	-0.228259	-0.225387	-0.219502	-0.254454	-0.237242	-0.237297	-0.265055	-0.265712	-0.225387	-0.229644	-0.230443	-0.215999	-0.26516	-0.191015	-0.26294	-0.216696	-0.276065	-0.205225	-0.298389	-0.292287	-0.254175	-0.285844	-0.282083	-0.190999	-0.245391	-0.227836	-0.231445	-0.198071	-0.250086	-0.245225	-0.227417	-0.265979	-0.223587	-0.200863	-0.270352	-0.270352	-0.254017	-0.231046	-0.266339	-0.255595	-0.272619	-0.237214	-0.267876	-0.217038	-0.324214	-0.259223	-0.276909	-0.237214	-0.228189	-0.254175	-0.230566	-0.229794	-0.270352	-0.179821	-0.250848	-0.281557	-0.313119	-0.19161	-0.213428	-0.226336	-0.240459	-0.247431	-0.271447	-0.227417	-0.211783	-0.226185	-0.223572	-0.250086	-0.278381	-0.265238	-0.248454	-0.223827	-0.248169	-0.264054	-0.231787	-0.196007	-0.270352	-0.240459	-0.225872	-0.218659	-0.25827	-0.302716	-0.213428	-0.230728	-0.229107	-0.217607	-0.179821	-0.19161	-0.247328	-0.2237	-0.207976	-0.213428	-0.211783	-0.278352	-0.240827	-0.263778	-0.270352	-0.217609	-0.228259	-0.24225	-0.270352	-0.259465	-0.19052	-0.272583	-0.238266	-0.253459	-0.231445	-0.246613	-0.235885	-0.265772	-0.26294	-0.274451	-0.273839	-0.245135	-0.22603	-0.211783	-0.190999	-0.31833	-0.225387	-0.272991	-0.217978	-0.321582	-0.243451	-0.205167	-0.305944	-0.250848	-0.265712	-0.282322	-0.217038	-0.298343	-0.262242	-0.254454	-0.257125	-0.190192	-0.262821	-0.248287	-0.200619	-0.220884	-0.217558	-0.264224	-0.237368	-0.265772	-0.238055	-0.309049	-0.26352	-0.221866	-0.267603	-0.308243	-0.234098	-0.210133	-0.237905	-0.270352	-0.221866	-0.246744	-0.240448	-0.237496	-0.268636	-0.230728	-0.179668	-0.213428	-0.205225	-0.195112	-0.233636	-0.276139	-0.22603	-0.253264	-0.179821	-0.259728	-0.216696	-0.318537	-0.229644	-0.230652	-0.305944	-0.222401	-0.227417	-0.224488	-0.20868	-0.25827	-0.179566	-0.274945	-0.251865	-0.285603	-0.237214	-0.237214	-0.263205	-0.237214	-0.211783	-0.305944	-0.220884	-0.266956	-0.222401	-0.302716	-0.249772	-0.237214	-0.305944	-0.239448	-0.284528	-0.197689	-0.20868	-0.270352
58000	intercept	0.294124	0.309155	0.278515	0.332304	0.356367	0.315598	0.315937	0.311065	0.302474	0.308397	0.30325	0.311435	0.321563	0.310061	0.296286	0.290359	0.263095	0.28125	0.326625	0.310835	0.294748	0.305589	0.286156	0.33731	0.324646	0.283839	0.270898	0.272663	0.331647	0.309899	0.312488	0.319808	0.285614	0.297761	0.32914	0.301191	0.313241	0.298998	0.301454	0.297614	0.324402	0.293572	0.294816	0.293817	0.325273	0.319917	0.337291	0.27052	0.310998	0.304256	0.291139	0.315913	0.305161	0.289353	0.309379	0.308664	0.324369	0.316415	0.285037	0.276338	0.332952	0.318746	0.3341	0.28436	0.302331	0.302954	0.283405	0.312056	0.291384	0.257068	0.306671	0.283411	0.289503	0.303423	0.31444	0.328495	0.280286	0.252935	0.333874	0.287453	0.289353	0.291473	0.313533	0.320898	0.360824	0.260007	0.324388	0.298881	0.301919	0.278572	0.330723	0.327591	0.265635	0.323765	0.307881	0.325605	0.311683	0.316214	0.310069	0.308976	0.303926	0.283277	0.337182	0.270315	0.287568	0.29567	0.300416	0.269105	0.328484	0.302508	0.309835	0.303453	0.31792	0.324287	0.262961	0.287951	0.290221	0.319834	0.279636	0.288348	0.292219	0.286531	0.26477	0.355979	0.306637	0.254822	0.317626	0.279378	0.29708	0.299048	0.312068	0.29172	0.28191	0.260454	0.303644	0.270368	0.312034	0.303926	0.30947	0.332587	0.294954	0.272354	0.291626	0.315361	0.313785	0.322716	0.292641	0.296168	0.277822	0.330258	0.278267	0.306991	0.292554	0.266417	0.272277	0.334289	0.262881	0.302329	0.284173	0.327552	0.286301	0.308295	0.319217	0.357148	0.280972	0.308662	0.309272	0.290713	0.383326	0.275926	0.308724	0.303593	0.306157	0.329496	0.271405	0.264732	0.341291	0.29019	0.331195	0.318366	0.28866	0.337707	0.309374	0.306873	0.334479	0.332621	0.303385	0.296412	0.280943	0.30832	0.304334	0.31125	0.30966	0.287487	0.289319	0.28471	0.26323	0.320293	0.303235	0.308439	0.322762	0.328632	0.289649	0.280996	0.295591	0.248061	0.340028	0.313302	0.328632	0.301894	0.290451	0.303926	0.303695	0.25892	0.280996	0.289836	0.322306	0.25973	0.353899	0.360729	0.308446	0.313966	0.285305	0.257907	0.336856	0.307316	0.27553	0.26477	0.334397	0.303513	0.309801	0.319834	0.293385	0.256726	0.287962	0.285305	0.293224	0.282266	0.316226	0.280996	0.341498	0.296583	0.300863	0.257408	0.370292	0.292333	0.328543	0.300415	0.304729	0.308446	0.319834	0.289319	0.292562	0.262415	0.341498	0.32774	0.314086	0.290262	0.29102	0.27329	0.297198	0.310804	0.29555	0.303961	0.333416	0.287951	0.303926	0.340653	0.377946	0.293935	0.291831	0.340323	0.275813	0.29662	0.301784	0.290641	0.287962	0.311297	0.293595	0.290799	0.316468	0.354064	0.297939	0.302902	0.274303	0.297157	0.262415	0.290262	0.312329	0.302946	0.282804	0.297939	0.333416	0.358205	0.301894	0.319834	0.287962	0.283889	0.296913	0.336213	0.276775	0.31398	0.330325	0.305161	0.307316	0.307803	0.27553	0.304408	0.27553	0.360397	0.280996	0.348786	0.328979	0.294158	0.282218	0.333416	0.262415	0.32348	0.328632	0.333438	0.263472	0.320708	0.316211	0.257269	0.383326	0.341498	0.313302	0.292201	0.259413	0.345239	0.289387	0.280996	0.329703	0.271255	0.280699	0.320784	0.278352	0.251722	0.268484	0.288189	0.284874	0.360397	0.291831	0.320708	0.328701	0.32154	0.341498	0.370292	0.299993	0.270295	0.28838	0.293002	0.32154	0.328029	0.327891	0.280996	0.32327	0.302902	0.279313	0.298494	0.25973	0.329489	0.27329	0.319834	0.282091	0.304408	0.262415	0.302803	0.289836	0.326742	0.302134	0.304408	0.383326	0.283889	0.310167	0.259413	0.286178	0.321001	0.26492	0.305017	0.343689	0.348659	0.297831	0.296583	0.29555	0.297831	0.333416	0.38668	0.251722	0.340028	0.256138	0.343123	0.307587	0.308446	0.383326	0.301212	0.354934	0.278352	0.286178	0.287962
59000	slope	-0.238536	-0.219902	-0.226216	-0.238856	-0.262309	-0.325525	-0.202073	-0.246354	-0.239955	-0.234216	-0.245402	-0.231466	-0.218071	-0.250776	-0.254807	-0.231967	-0.238589	-0.2662	-0.246308	-0.234487	-0.241263	-0.237702	-0.23683	-0.282478	-0.245534	-0.24525	-0.229894	-0.27402	-0.206172	-0.256355	-0.242667	-0.19656	-0.214793	-0.282807	-0.268591	-0.271437	-0.192679	-0.256408	-0.187781	-0.24526	-0.238094	-0.246891	-0.243002	-0.259529	-0.283065	-0.261388	-0.202219	-0.213982	-0.231153	-0.250247	-0.303011	-0.238776	-0.241556	-0.231027	-0.22657	-0.292542	-0.21501	-0.279455	-0.280003	-0.226937	-0.219487	-0.26526	-0.220052	-0.265186	-0.240318	-0.242371	-0.237502	-0.250887	-0.222031	-0.228783	-0.259202	-0.252797	-0.24566	-0.202512	-0.252319	-0.243385	-0.224186	-0.25554	-0.25261	-0.244354	-0.180066	-0.197624	-0.270864	-0.215456	-0.211596	-0.189657	-0.238045	-0.199077	-0.212563	-0.271013	-0.223899	-0.216698	-0.222035	-0.236482	-0.253905	-0.238443	-0.255245	-0.235333	-0.242737	-0.219792	-0.203293	-0.29245	-0.330354	-0.296901	-0.280865	-0.275255	-0.234283	-0.25581	-0.243804	-0.219736	-0.202525	-0.225487	-0.280413	-0.265719	-0.255224	-0.265288	-0.268902	-0.225384	-0.235682	-0.250858	-0.229306	-0.238842	-0.236766	-0.235555	-0.246158	-0.239915	-0.234665	-0.199096	-0.237637	-0.220547	-0.25834	-0.265662	-0.286146	-0.238912	-0.219351	-0.229436	-0.230833	-0.291714	-0.280749	-0.284712	-0.217165	-0.203265	-0.270082	-0.206907	-0.249996	-0.251213	-0.205757	-0.269979	-0.22874	-0.206809	-0.23056	-0.21834	-0.280206	-0.22026	-0.260557	-0.222249	-0.226161	-0.233283	-0.22742	-0.220557	-0.219291	-0.223312	-0.251455	-0.22273	-0.25662	-0.272529	-0.213535	-0.260747	-0.243312	-0.251226	-0.262441	-0.218763	-0.234581	-0.167083	-0.254644	-0.251178	-0.212589	-0.214111	-0.242572	-0.242815	-0.254467	-0.212282	-0.221563	-0.236287	-0.23621	-0.258692	-0.264998	-0.238413	-0.242875	-0.219029	-0.252828	-0.245894	-0.222119	-0.180315	-0.200047	-0.225634	-0.237407	-0.234773	-0.226502	-0.219261	-0.269707	-0.272548	-0.235847	-0.21068	-0.20663	-0.183883	-0.223363	-0.250104	-0.202629	-0.272556	-0.214111	-0.20686	-0.213681	-0.242667	-0.227769	-0.223166	-0.329908	-0.246197	-0.199704	-0.235536	-0.24675	-0.223378	-0.245179	-0.20663	-0.234116	-0.197873	-0.190017	-0.250104	-0.207941	-0.218361	-0.282597	-0.22963	-0.219288	-0.234794	-0.171448	-0.23469	-0.229914	-0.250247	-0.233033	-0.204164	-0.237934	-0.271463	-0.23995	-0.208608	-0.241182	-0.245459	-0.210727	-0.234283	-0.215942	-0.21942	-0.255566	-0.214044	-0.209918	-0.329908	-0.270356	-0.235106	-0.25323	-0.222848	-0.23469	-0.234283	-0.213535	-0.216978	-0.24696	-0.193807	-0.229186	-0.251974	-0.223984	-0.274198	-0.21942	-0.228123	-0.337559	-0.293303	-0.226901	-0.208608	-0.251178	-0.220379	-0.250247	-0.215942	-0.184081	-0.265248	-0.223984	-0.190811	-0.272139	-0.221449	-0.255291	-0.207941	-0.226129	-0.225306	-0.224342	-0.265719	-0.208513	-0.284712	-0.212025	-0.202898	-0.262441	-0.234283	-0.237934	-0.250559	-0.211783	-0.2039	-0.25323	-0.245179	-0.234229	-0.192487	-0.225306	-0.271463	-0.233827	-0.249352	-0.208608	-0.215481	-0.222849	-0.242587	-0.255003	-0.216543	-0.24675	-0.266724	-0.214747	-0.257926	-0.228123	-0.224342	-0.262329	-0.266665	-0.193307	-0.260753	-0.263667	-0.230156	-0.233175	-0.221665	-0.199326	-0.228719	-0.299972	-0.211099	-0.202629	-0.255363	-0.245179	-0.300823	-0.222398	-0.210727	-0.143289	-0.244423	-0.309875	-0.251876	-0.253197	-0.220128	-0.197873	-0.25506	-0.229076	-0.218965	-0.205757	-0.227975	-0.272139	-0.236592	-0.225306	-0.272139	-0.213535	-0.257926	-0.234794	-0.217952	-0.222849	-0.22606	-0.212025	-0.193307	-0.223835	-0.210822	-0.262219	-0.216243	-0.238589	-0.200282	-0.21971	-0.265719	-0.258176	-0.213681	-0.218361	-0.213681	-0.209548	-0.20715	-0.23995	-0.190476	-0.21224	-0.233043	-0.201143	-0.242587	-0.211227	-0.277597	-0.268413	-0.273113	-0.236287	-0.202898	-0.223984	-0.228123	-0.257733	-0.256355	-0.211783	-0.2662	-0.220379	-0.205524	-0.198286	-0.17544	-0.21942	-0.221665
59000	intercept	0.304938	0.301828	0.268265	0.311965	0.318054	0.342109	0.279089	0.33509	0.325326	0.286329	0.320425	0.285941	0.279141	0.2856	0.279154	0.30524	0.260447	0.312817	0.325261	0.280814	0.305014	0.287356	0.271628	0.371173	0.293947	0.290727	0.274415	0.349289	0.297524	0.313135	0.293942	0.266412	0.25068	0.314735	0.331828	0.317777	0.272564	0.303175	0.239162	0.280632	0.322457	0.284657	0.304015	0.306333	0.332738	0.306768	0.259708	0.260079	0.345694	0.302156	0.340358	0.309338	0.276517	0.278671	0.278204	0.316445	0.287482	0.369402	0.307486	0.281582	0.248239	0.345749	0.249256	0.338634	0.294766	0.291817	0.277357	0.295824	0.292772	0.290914	0.306423	0.314328	0.311254	0.256687	0.317758	0.240365	0.277382	0.297385	0.292071	0.332569	0.249334	0.274786	0.303774	0.234806	0.294225	0.293191	0.263121	0.283218	0.330162	0.312043	0.27528	0.296898	0.271008	0.304868	0.334384	0.29635	0.293388	0.287575	0.315451	0.319922	0.278547	0.315026	0.332245	0.341703	0.315535	0.340662	0.255246	0.297205	0.255725	0.276235	0.306932	0.310137	0.371828	0.309902	0.303037	0.292408	0.352443	0.311063	0.306592	0.348429	0.272349	0.282648	0.330509	0.280476	0.277552	0.303789	0.276442	0.255891	0.325128	0.277742	0.335627	0.314674	0.349829	0.275112	0.279624	0.303127	0.273686	0.31407	0.299279	0.358563	0.278807	0.28232	0.334876	0.260073	0.267395	0.340055	0.335536	0.279265	0.272073	0.243324	0.285141	0.276363	0.338958	0.285011	0.29362	0.259177	0.259975	0.277062	0.304238	0.262766	0.290065	0.27715	0.277139	0.309957	0.310391	0.324341	0.305542	0.354726	0.297106	0.297021	0.333749	0.311792	0.29756	0.233891	0.340203	0.257107	0.329841	0.296299	0.308759	0.333654	0.330931	0.296966	0.264557	0.307139	0.316092	0.295606	0.286771	0.300482	0.288327	0.276405	0.329134	0.334997	0.272151	0.223684	0.284751	0.296465	0.267925	0.331407	0.299348	0.269604	0.292915	0.359521	0.284293	0.222694	0.334124	0.22892	0.318118	0.288327	0.31852	0.325922	0.296299	0.306186	0.264466	0.293942	0.319298	0.289706	0.32423	0.293942	0.237085	0.289821	0.312858	0.281762	0.313552	0.334124	0.286797	0.248073	0.306219	0.288327	0.236569	0.264663	0.353754	0.249712	0.338976	0.312941	0.268075	0.281762	0.247614	0.302156	0.293942	0.280195	0.2615	0.353754	0.277814	0.239799	0.298208	0.257352	0.296299	0.255246	0.272073	0.309698	0.331977	0.294895	0.269412	0.32423	0.302156	0.315027	0.321074	0.29902	0.26745	0.255246	0.305542	0.318823	0.296716	0.257923	0.282019	0.307973	0.302156	0.366014	0.309698	0.279725	0.326484	0.320447	0.260079	0.23274	0.267325	0.336416	0.302156	0.272073	0.25563	0.379608	0.302156	0.24536	0.328066	0.30619	0.332735	0.231977	0.295838	0.264663	0.254908	0.311279	0.255958	0.358563	0.248073	0.272799	0.333749	0.260735	0.2615	0.287772	0.325375	0.305921	0.321074	0.291534	0.276424	0.269744	0.324395	0.344408	0.282418	0.305227	0.239799	0.257575	0.302156	0.332579	0.303998	0.279617	0.312858	0.290145	0.256542	0.359521	0.277113	0.254908	0.309902	0.362673	0.26482	0.302156	0.359752	0.301936	0.281762	0.326246	0.297892	0.263704	0.320447	0.260079	0.31852	0.373827	0.292964	0.366014	0.318118	0.296299	0.290957	0.332138	0.327465	0.30524	0.288716	0.250806	0.267921	0.369001	0.243807	0.296299	0.335536	0.26295	0.331017	0.254515	0.264663	0.328066	0.305542	0.365188	0.312941	0.239765	0.302156	0.263763	0.248073	0.264823	0.256122	0.243023	0.373827	0.333907	0.260447	0.332143	0.248603	0.311279	0.294445	0.263763	0.264663	0.263763	0.257199	0.265301	0.277814	0.325375	0.231682	0.288295	0.335536	0.332579	0.294895	0.315328	0.300829	0.29117	0.307139	0.267685	0.302156	0.277113	0.332735	0.313135	0.325375	0.312817	0.336416	0.222694	0.223871	0.331963	0.324146	0.326246
60000	slope	-0.24478	-0.288245	-0.233475	-0.253899	-0.238886	-0.273185	-0.250302	-0.186953	-0.235487	-0.245456	-0.288459	-0.198258	-0.29886	-0.198304	-0.207522	-0.276007	-0.259903	-0.261374	-0.306036	-0.269322	-0.286724	-0.242652	-0.245214	-0.271556	-0.229604	-0.233977	-0.247953	-0.260918	-0.258568	-0.338934	-0.280601	-0.245214	-0.227892	-0.210929	-0.329197	-0.245575	-0.214571	-0.219519	-0.218905	-0.283598	-0.249981	-0.245088	-0.218255	-0.220872	-0.287328	-0.243765	-0.26957	-0.267544	-0.225548	-0.251758	-0.232448	-0.275107	-0.245092	-0.246868	-0.291245	-0.240335	-0.208308	-0.232485	-0.24748	-0.193813	-0.266654	-0.169472	-0.228998	-0.258513	-0.224374	-0.253113	-0.246596	-0.239662	-0.247671	-0.278311	-0.243815	-0.241276	-0.214698	-0.286915	-0.256173	-0.249943	-0.254905	-0.246348	-0.247273	-0.243315	-0.267405	-0.275988	-0.200817	-0.258145	-0.246592	-0.278169	-0.255947	-0.22512	-0.229692	-0.238523	-0.228413	-0.291372	-0.193051	-0.224785	-0.25257	-0.231038	-0.249084	-0.239245	-0.27677	-0.235271	-0.213713	-0.227243	-0.30774	-0.256587	-0.21544	-0.234665	-0.240444	-0.239976	-0.262017	-0.231127	-0.222432	-0.19422	-0.285624	-0.262785	-0.210455	-0.26156	-0.245744	-0.25718	-0.193974	-0.302057	-0.255096	-0.257795	-0.216539	-0.204179	-0.255426	-0.248236	-0.285305	-0.249073	-0.208498	-0.246004	-0.217368	-0.280183	-0.251695	-0.19249	-0.229168	-0.276155	-0.237277	-0.234665	-0.277934	-0.234552	-0.244881	-0.24115	-0.221164	-0.230819	-0.288129	-0.22846	-0.330467	-0.215358	-0.252822	-0.228695	-0.254656	-0.228466	-0.317408	-0.194393	-0.199202	-0.2413	-0.260007	-0.221736	-0.205876	-0.235531	-0.306925	-0.278782	-0.269856	-0.230916	-0.234567	-0.238968	-0.207745	-0.23168	-0.227018	-0.244406	-0.382765	-0.267609	-0.249984	-0.266341	-0.259448	-0.233162	-0.233162	-0.208696	-0.281056	-0.259731	-0.199757	-0.290608	-0.262222	-0.242763	-0.236658	-0.190405	-0.294142	-0.260485	-0.254904	-0.216446	-0.241073	-0.235333	-0.223579	-0.276779	-0.246692	-0.237945	-0.242948	-0.241979	-0.203526	-0.231636	-0.1517	-0.242131	-0.273485	-0.243931	-0.242029	-0.174081	-0.256779	-0.291372	-0.199219	-0.264991	-0.20903	-0.246369	-0.243315	-0.245459	-0.166384	-0.191994	-0.234749	-0.272399	-0.31078	-0.27849	-0.254157	-0.247496	-0.170614	-0.243315	-0.189306	-0.302057	-0.285906	-0.204116	-0.223165	-0.272481	-0.243331	-0.298912	-0.276785	-0.187193	-0.256779	-0.250858	-0.22934	-0.249858	-0.238968	-0.260222	-0.22965	-0.239883	-0.256779	-0.225599	-0.246532	-0.194429	-0.222349	-0.233812	-0.255096	-0.239645	-0.219035	-0.275297	-0.226901	-0.248144	-0.287541	-0.245459	-0.236865	-0.246004	-0.302057	-0.234665	-0.304907	-0.205876	-0.247496	-0.234665	-0.259819	-0.253278	-0.207155	-0.235929	-0.205876	-0.243315	-0.241771	-0.232026	-0.249224	-0.17512	-0.243331	-0.266132	-0.278723	-0.240613	-0.235178	-0.150976	-0.292114	-0.232938	-0.2571	-0.249539	-0.235814	-0.271554	-0.235929	-0.27849	-0.259134	-0.252276	-0.238968	-0.244909	-0.233162	-0.189628	-0.249539	-0.219041	-0.231664	-0.287684	-0.228695	-0.24378	-0.122986	-0.265141	-0.226091	-0.202744	-0.265129	-0.294353	-0.241771	-0.256779	-0.232719	-0.28393	-0.227941	-0.187193	-0.285031	-0.235993	-0.23716	-0.246004	-0.233997	-0.27506	-0.205876	-0.235113	-0.233162	-0.250025	-0.267293	-0.183192	-0.223905	-0.22962	-0.219041	-0.170614	-0.237254	-0.22934	-0.285031	-0.287684	-0.258324	-0.235814	-0.255075	-0.304907	-0.243331	-0.275341	-0.231801	-0.298912	-0.306036	-0.247496	-0.235083	-0.247496	-0.252576	-0.170614	-0.314915	-0.302057	-0.271554	-0.243931	-0.228606	-0.22962	-0.277817	-0.236938	-0.22934	-0.238968	-0.265129	-0.254556	-0.246004	-0.247859	-0.220416	-0.161659	-0.246532	-0.234749	-0.302621	-0.22934	-0.182571	-0.27506	-0.195311	-0.274012	-0.290759	-0.231664	-0.18594	-0.212476	-0.187193	-0.228494	-0.233162	-0.207515	-0.266843	-0.268554	-0.168925	-0.167091	-0.228606	-0.27849	-0.226091	-0.233162	-0.281115	-0.205876	-0.292114	-0.234788	-0.223905	-0.215282	-0.18594	-0.252576	-0.263171	-0.266341	-0.238968	-0.243315	-0.228606	-0.298912
60000	intercept	0.294768	0.310385	0.285179	0.304378	0.276218	0.337334	0.307789	0.282151	0.308038	0.31969	0.312323	0.275966	0.332159	0.28785	0.306725	0.337377	0.341225	0.292244	0.336213	0.316313	0.353467	0.309024	0.290722	0.325409	0.287297	0.313533	0.286661	0.297835	0.297378	0.352507	0.334118	0.304669	0.268761	0.297637	0.349263	0.312004	0.297586	0.275795	0.286497	0.345592	0.323686	0.276389	0.274929	0.299453	0.343694	0.30657	0.359793	0.32975	0.282376	0.307143	0.296265	0.334564	0.298103	0.32505	0.335251	0.299242	0.273661	0.302386	0.299826	0.280333	0.352333	0.251103	0.279885	0.297793	0.281031	0.310397	0.29275	0.289394	0.29505	0.312822	0.270104	0.294781	0.269183	0.333319	0.326503	0.30544	0.319386	0.298415	0.287068	0.28942	0.310764	0.345155	0.278607	0.31479	0.291686	0.337758	0.338625	0.279716	0.300284	0.302597	0.279904	0.329802	0.276056	0.295663	0.319892	0.300062	0.302732	0.271711	0.314848	0.305805	0.276014	0.292664	0.362093	0.294346	0.275705	0.306802	0.302488	0.287255	0.302454	0.296337	0.288629	0.268516	0.345185	0.31663	0.262626	0.328043	0.312496	0.297376	0.269356	0.327602	0.291846	0.335646	0.285089	0.281089	0.332307	0.28597	0.316448	0.318491	0.275772	0.292439	0.300964	0.329664	0.278566	0.269623	0.320506	0.306831	0.268597	0.292529	0.328996	0.273274	0.288003	0.298191	0.272504	0.295	0.347245	0.301303	0.35965	0.273009	0.320827	0.295821	0.311054	0.279921	0.331355	0.287312	0.272051	0.296185	0.335191	0.258452	0.266542	0.270661	0.318487	0.312007	0.291188	0.312242	0.294035	0.323422	0.305562	0.298993	0.262635	0.288649	0.382721	0.31347	0.344405	0.369425	0.296887	0.287882	0.287882	0.286394	0.338376	0.303684	0.272537	0.327742	0.300696	0.31716	0.277165	0.277407	0.335359	0.311527	0.296344	0.302644	0.32251	0.299916	0.28659	0.345918	0.317996	0.30068	0.275745	0.293545	0.259527	0.283024	0.252108	0.266038	0.368806	0.293604	0.27357	0.259535	0.25719	0.329802	0.277954	0.346728	0.286887	0.298933	0.283372	0.292439	0.262269	0.271587	0.268478	0.314848	0.301299	0.319912	0.311416	0.28981	0.259535	0.283372	0.260299	0.324374	0.314848	0.269623	0.28393	0.335148	0.300117	0.330617	0.301068	0.245778	0.289636	0.292439	0.295821	0.277483	0.323422	0.328355	0.275674	0.296265	0.267385	0.32642	0.292439	0.269623	0.279237	0.298158	0.291846	0.261969	0.289866	0.353388	0.302429	0.311416	0.344655	0.304913	0.275005	0.292439	0.327602	0.292529	0.329802	0.265925	0.28981	0.302166	0.307293	0.307293	0.313626	0.292818	0.263708	0.283372	0.292439	0.310756	0.306803	0.255077	0.285184	0.334204	0.334664	0.27886	0.296265	0.242154	0.33398	0.282405	0.34356	0.307212	0.275674	0.347639	0.292818	0.319912	0.307663	0.275674	0.263987	0.302644	0.287882	0.298397	0.304958	0.282376	0.283372	0.339715	0.295821	0.303637	0.243251	0.295882	0.301788	0.277407	0.365387	0.33398	0.292439	0.286661	0.304449	0.321757	0.287882	0.250924	0.353087	0.293604	0.305665	0.292439	0.253669	0.3277	0.255054	0.275674	0.302566	0.34329	0.334204	0.267669	0.307768	0.268258	0.282376	0.259535	0.340917	0.284807	0.353087	0.339715	0.283372	0.275618	0.266093	0.329802	0.300117	0.280058	0.294226	0.330617	0.336213	0.28981	0.298933	0.28981	0.286661	0.259535	0.338596	0.33398	0.334554	0.289065	0.27352	0.268258	0.331057	0.272758	0.295821	0.323422	0.365387	0.296545	0.292439	0.288423	0.325401	0.262269	0.292439	0.275745	0.329802	0.288767	0.251018	0.33888	0.264799	0.3542	0.333929	0.283372	0.27511	0.298397	0.293108	0.313533	0.302566	0.300769	0.278034	0.308522	0.232518	0.265035	0.27352	0.319912	0.312849	0.285387	0.321757	0.261922	0.33398	0.296841	0.30051	0.240816	0.27511	0.286661	0.307806	0.348064	0.331949	0.283372	0.27886	0.338279
61000	slope	-0.251699	-0.248569	-0.225622	-0.232805	-0.298899	-0.221786	-0.256967	-0.251438	-0.226366	-0.265053	-0.230682	-0.22802	-0.250451	-0.180785	-0.253214	-0.262871	-0.220891	-0.219202	-0.206873	-0.230215	-0.222809	-0.249417	-0.195337	-0.193853	-0.257893	-0.229172	-0.284317	-0.239624	-0.229723	-0.28095	-0.225863	-0.254066	-0.247146	-0.205596	-0.254275	-0.248521	-0.206499	-0.232336	-0.220681	-0.299523	-0.212289	-0.245122	-0.25523	-0.304793	-0.249837	-0.23572	-0.264651	-0.218541	-0.256967	-0.241503	-0.204051	-0.250054	-0.211392	-0.249056	-0.289624	-0.240416	-0.249109	-0.297924	-0.279949	-0.251106	-0.24498	-0.237588	-0.209917	-0.218441	-0.24199	-0.254151	-0.230618	-0.31734	-0.230471	-0.220652	-0.226754	-0.209289	-0.206337	-0.277693	-0.226228	-0.234538	-0.229542	-0.206499	-0.263828	-0.221828	-0.331308	-0.235719	-0.232694	-0.227347	-0.256356	-0.282732	-0.230087	-0.223198	-0.206656	-0.234982	-0.254824	-0.278587	-0.26331	-0.220921	-0.209247	-0.259988	-0.237818	-0.22112	-0.211426	-0.21812	-0.205924	-0.207573	-0.218214	-0.205077	-0.230976	-0.386897	-0.228723	-0.261201	-0.254244	-0.335006	-0.209312	-0.291429	-0.265723	-0.238923	-0.219499	-0.277561	-0.240181	-0.258088	-0.261201	-0.224356	-0.229059	-0.240921	-0.205006	-0.230091	-0.245731	-0.227085	-0.231388	-0.294224	-0.266328	-0.283339	-0.229655	-0.237394	-0.228027	-0.235063	-0.277156	-0.235119	-0.251708	-0.222465	-0.228224	-0.237945	-0.231732	-0.231412	-0.24842	-0.311533	-0.214581	-0.236448	-0.250747	-0.26076	-0.206029	-0.256631	-0.229472	-0.212946	-0.209917	-0.214134	-0.229694	-0.286559	-0.237588	-0.265802	-0.236959	-0.276114	-0.197131	-0.222417	-0.234511	-0.258989	-0.23571	-0.240433	-0.24705	-0.231484	-0.207529	-0.25907	-0.209917	-0.251812	-0.232419	-0.238948	-0.270547	-0.257285	-0.238117	-0.251607	-0.206324	-0.348384	-0.310408	-0.242723	-0.266362	-0.241838	-0.259651	-0.230698	-0.220207	-0.230746	-0.225216	-0.265897	-0.254751	-0.291954	-0.300362	-0.25705	-0.256707	-0.220276	-0.24474	-0.248749	-0.227217	-0.244228	-0.191278	-0.213273	-0.225672	-0.179048	-0.255231	-0.179048	-0.246421	-0.24498	-0.254922	-0.168782	-0.205844	-0.249478	-0.233435	-0.245914	-0.258381	-0.252439	-0.306501	-0.209917	-0.252304	-0.185661	-0.225866	-0.263536	-0.364451	-0.267277	-0.265054	-0.209917	-0.209917	-0.258989	-0.231951	-0.26454	-0.213084	-0.255203	-0.220276	-0.234336	-0.209917	-0.205014	-0.209917	-0.279016	-0.193495	-0.238364	-0.2337	-0.275802	-0.364451	-0.263669	-0.2248	-0.226429	-0.24498	-0.217823	-0.24166	-0.269476	-0.20491	-0.248072	-0.265396	-0.232832	-0.179048	-0.247598	-0.234935	-0.258682	-0.254922	-0.234336	-0.209917	-0.234918	-0.251607	-0.204137	-0.197577	-0.348384	-0.261201	-0.24498	-0.285471	-0.211479	-0.295147	-0.216997	-0.229287	-0.173564	-0.287582	-0.215976	-0.231951	-0.209917	-0.370694	-0.209917	-0.256967	-0.209917	-0.213401	-0.264444	-0.254922	-0.252304	-0.261201	-0.2602	-0.222797	-0.27755	-0.252517	-0.209917	-0.248201	-0.229431	-0.242011	-0.261201	-0.212997	-0.276251	-0.287582	-0.2337	-0.224085	-0.288585	-0.209917	-0.212192	-0.241549	-0.209917	-0.21812	-0.256551	-0.205471	-0.244942	-0.2602	-0.238274	-0.231388	-0.225863	-0.258989	-0.209917	-0.234918	-0.279588	-0.374864	-0.209917	-0.285059	-0.221624	-0.245914	-0.221178	-0.217457	-0.209917	-0.209917	-0.265054	-0.201468	-0.234918	-0.229706	-0.252304	-0.213084	-0.234918	-0.276623	-0.209917	-0.204493	-0.309385	-0.252304	-0.309385	-0.258989	-0.268068	-0.298899	-0.227518	-0.383835	-0.209917	-0.226513	-0.253098	-0.21527	-0.285626	-0.293225	-0.234918	-0.247791	-0.209917	-0.271275	-0.233435	-0.209917	-0.225858	-0.249478	-0.256033	-0.254922	-0.234935	-0.263283	-0.289383	-0.207996	-0.212252	-0.241665	-0.321687	-0.173564	-0.226429	-0.310152	-0.235553	-0.253098	-0.247158	-0.241981	-0.222778	-0.221247	-0.226037	-0.247112	-0.233798	-0.234336	-0.188331	-0.21812	-0.225672	-0.364451	-0.225866	-0.208806	-0.209917	-0.195907	-0.219629	-0.209188	-0.225672	-0.215976	-0.256551	-0.216858	-0.309385	-0.282684	-0.207573	-0.215976	-0.229287
61000	intercept	0.34819	0.311399	0.290563	0.297754	0.339925	0.294642	0.283338	0.351858	0.263553	0.317262	0.307402	0.285822	0.299692	0.311836	0.326729	0.302553	0.300697	0.29132	0.262813	0.289331	0.318609	0.29169	0.281147	0.261931	0.302411	0.32897	0.343869	0.310938	0.268769	0.349929	0.313211	0.319138	0.286651	0.280396	0.328983	0.327885	0.315122	0.28187	0.326874	0.332268	0.278728	0.328517	0.297531	0.335781	0.310551	0.28616	0.335615	0.263047	0.283338	0.303001	0.24747	0.28681	0.289615	0.299487	0.291478	0.284161	0.266473	0.339453	0.322768	0.29273	0.304514	0.322897	0.22955	0.313075	0.289849	0.30271	0.314533	0.336548	0.279038	0.264031	0.289876	0.251066	0.2622	0.307106	0.294782	0.321177	0.291061	0.315122	0.294693	0.283617	0.340525	0.29415	0.267226	0.300893	0.288982	0.294289	0.296833	0.311968	0.300892	0.286288	0.303369	0.333414	0.327268	0.31491	0.325064	0.33883	0.280876	0.304093	0.287672	0.280997	0.257216	0.253275	0.296049	0.273885	0.289584	0.400415	0.274521	0.289584	0.295154	0.363132	0.293474	0.31583	0.296713	0.299304	0.272422	0.329675	0.344009	0.313479	0.297486	0.308372	0.276216	0.335362	0.256378	0.299871	0.307242	0.308501	0.272608	0.323833	0.293202	0.310212	0.314555	0.269703	0.28351	0.300734	0.323495	0.292703	0.330924	0.313075	0.296765	0.289241	0.268333	0.308095	0.308942	0.338776	0.259493	0.279338	0.286726	0.300383	0.266757	0.294499	0.291268	0.276813	0.254814	0.264685	0.332186	0.31692	0.322897	0.291142	0.28566	0.329175	0.251786	0.294705	0.259913	0.313957	0.274694	0.283523	0.313132	0.275272	0.257162	0.324307	0.250713	0.292534	0.283974	0.314157	0.306289	0.292615	0.299286	0.297486	0.24974	0.384922	0.343437	0.303043	0.31583	0.309702	0.284606	0.283743	0.256496	0.294699	0.324785	0.322199	0.29785	0.340628	0.340448	0.332479	0.28066	0.260379	0.288248	0.29056	0.285877	0.285391	0.264322	0.321918	0.301131	0.283328	0.304364	0.283328	0.289195	0.310887	0.317839	0.23239	0.288399	0.296681	0.322621	0.313446	0.357218	0.311196	0.351853	0.261303	0.282441	0.24876	0.321377	0.298359	0.390305	0.297147	0.359707	0.24703	0.249667	0.313957	0.294438	0.320949	0.252011	0.291196	0.25087	0.308063	0.250109	0.31222	0.258269	0.26637	0.261314	0.324795	0.300177	0.295523	0.390305	0.282441	0.270403	0.303716	0.304514	0.316825	0.315068	0.297486	0.270534	0.306491	0.295523	0.306591	0.288953	0.297139	0.311087	0.301012	0.327227	0.308063	0.258269	0.286226	0.297486	0.338517	0.321918	0.379538	0.284514	0.304514	0.359707	0.289492	0.326367	0.32695	0.297139	0.275786	0.33323	0.303517	0.294438	0.257525	0.403087	0.261314	0.283338	0.261314	0.286783	0.315068	0.317953	0.282441	0.297486	0.335169	0.286958	0.327662	0.286978	0.250109	0.290274	0.313755	0.319296	0.297486	0.2591	0.327662	0.335564	0.300177	0.267555	0.338592	0.252011	0.316825	0.309335	0.250109	0.280997	0.283519	0.298298	0.272731	0.335169	0.301599	0.291031	0.313211	0.313957	0.25087	0.286226	0.31907	0.39701	0.252011	0.333	0.266873	0.313446	0.276236	0.313533	0.245243	0.255454	0.359707	0.270493	0.286226	0.288348	0.282441	0.252011	0.286226	0.300989	0.261314	0.288784	0.318343	0.283914	0.318343	0.313957	0.347632	0.333	0.293608	0.399896	0.247724	0.313755	0.314224	0.274846	0.300989	0.304377	0.286226	0.318501	0.257143	0.298472	0.322621	0.261314	0.29886	0.294438	0.285415	0.317839	0.320778	0.340069	0.297486	0.2591	0.252011	0.332842	0.346148	0.275786	0.303923	0.351853	0.304286	0.307336	0.261607	0.281613	0.256342	0.297139	0.293608	0.296937	0.334603	0.308063	0.274128	0.280997	0.288494	0.390305	0.326303	0.263242	0.266875	0.290955	0.282874	0.306956	0.288494	0.300348	0.279015	0.313211	0.318343	0.296467	0.253275	0.303517	0.297139
62000	slope	-0.267824	-0.223234	-0.21493	-0.229978	-0.242758	-0.291618	-0.251358	-0.253891	-0.218684	-0.207374	-0.275625	-0.266937	-0.249477	-0.205793	-0.210291	-0.196764	-0.215818	-0.218965	-0.255163	-0.213064	-0.230828	-0.250578	-0.225458	-0.243083	-0.250388	-0.296303	-0.242592	-0.21824	-0.222063	-0.235512	-0.225427	-0.206942	-0.183838	-0.197838	-0.27894	-0.221247	-0.242843	-0.34676	-0.220172	-0.253874	-0.236252	-0.239686	-0.230239	-0.243729	-0.24477	-0.234907	-0.227501	-0.27129	-0.212723	-0.337353	-0.248957	-0.221247	-0.228034	-0.299879	-0.207739	-0.274223	-0.211141	-0.254371	-0.20662	-0.235588	-0.234357	-0.231481	-0.214216	-0.22081	-0.209301	-0.246679	-0.244319	-0.199516	-0.217076	-0.214399	-0.21599	-0.203032	-0.190757	-0.184311	-0.224691	-0.249122	-0.241971	-0.235089	-0.342329	-0.236262	-0.236404	-0.238555	-0.222903	-0.224998	-0.267307	-0.253287	-0.208806	-0.253952	-0.214886	-0.242743	-0.234447	-0.21354	-0.198225	-0.255703	-0.230043	-0.24944	-0.22802	-0.282765	-0.252878	-0.21877	-0.21797	-0.299967	-0.214117	-0.214494	-0.191248	-0.212052	-0.237759	-0.219122	-0.238506	-0.212511	-0.250388	-0.218199	-0.286483	-0.275109	-0.221053	-0.223023	-0.229783	-0.224621	-0.191169	-0.19488	-0.227704	-0.218043	-0.207611	-0.248803	-0.218936	-0.246499	-0.251894	-0.237464	-0.240318	-0.215791	-0.220545	-0.209357	-0.224596	-0.243286	-0.236884	-0.246818	-0.206961	-0.210599	-0.253322	-0.246849	-0.26513	-0.218277	-0.28836	-0.223921	-0.216103	-0.19657	-0.217541	-0.212832	-0.205212	-0.229676	-0.237747	-0.214216	-0.20631	-0.208241	-0.238824	-0.220556	-0.239172	-0.237811	-0.202741	-0.274607	-0.215929	-0.197384	-0.217963	-0.247293	-0.239882	-0.293358	-0.211834	-0.241926	-0.242299	-0.212887	-0.288912	-0.254468	-0.239243	-0.23582	-0.166404	-0.218007	-0.217463	-0.247264	-0.24145	-0.25144	-0.207383	-0.25016	-0.239976	-0.220896	-0.238001	-0.234737	-0.215229	-0.271365	-0.234708	-0.22088	-0.257352	-0.257063	-0.224429	-0.231645	-0.245389	-0.164904	-0.244532	-0.248681	-0.210544	-0.254281	-0.274607	-0.22276	-0.233866	-0.183974	-0.226284	-0.221247	-0.228506	-0.205638	-0.247897	-0.164591	-0.247512	-0.245133	-0.21574	-0.220974	-0.250388	-0.23897	-0.232019	-0.225488	-0.182108	-0.236089	-0.265525	-0.254171	-0.24477	-0.243611	-0.283562	-0.256009	-0.184816	-0.21167	-0.197878	-0.241397	-0.234239	-0.226383	-0.220791	-0.264705	-0.164591	-0.232781	-0.223023	-0.236884	-0.272376	-0.21475	-0.283562	-0.187412	-0.215929	-0.214216	-0.25019	-0.275625	-0.185269	-0.265326	-0.261183	-0.228417	-0.232781	-0.279289	-0.264581	-0.197878	-0.26795	-0.238555	-0.243411	-0.232019	-0.233786	-0.268714	-0.288816	-0.220545	-0.283562	-0.2925	-0.220868	-0.244706	-0.288816	-0.222686	-0.228417	-0.19897	-0.212511	-0.204863	-0.209484	-0.261765	-0.234935	-0.21715	-0.213467	-0.182145	-0.210335	-0.27536	-0.241397	-0.252878	-0.239686	-0.228723	-0.223788	-0.229175	-0.238395	-0.233297	-0.236574	-0.23897	-0.338381	-0.265525	-0.197384	-0.247467	-0.256009	-0.25137	-0.222958	-0.230936	-0.192429	-0.271365	-0.245391	-0.222984	-0.185421	-0.234239	-0.23168	-0.243191	-0.236413	-0.354801	-0.228229	-0.228385	-0.225427	-0.264063	-0.26715	-0.239496	-0.241397	-0.220666	-0.2157	-0.234289	-0.275625	-0.210637	-0.242185	-0.224975	-0.262571	-0.229287	-0.22276	-0.26513	-0.233501	-0.184816	-0.223539	-0.265216	-0.240809	-0.221173	-0.238555	-0.211043	-0.257779	-0.23728	-0.206572	-0.228857	-0.229427	-0.229175	-0.205187	-0.241397	-0.220545	-0.192429	-0.318719	-0.219705	-0.254171	-0.261183	-0.144991	-0.223663	-0.255828	-0.151393	-0.21574	-0.205187	-0.286653	-0.226541	-0.25019	-0.238555	-0.238439	-0.221249	-0.274465	-0.226284	-0.221247	-0.253568	-0.260045	-0.286653	-0.238163	-0.215835	-0.205187	-0.238555	-0.226161	-0.242262	-0.222958	-0.244091	-0.214438	-0.266999	-0.187412	-0.192429	-0.212511	-0.211169	-0.222686	-0.265326	-0.244706	-0.333031	-0.265216	-0.226475	-0.26513	-0.181737	-0.233251	-0.253568	-0.243309	-0.272376	-0.233786	-0.221247	-0.227148	-0.220545	-0.278984	-0.226284	-0.23554	-0.243411
62000	intercept	0.308722	0.305888	0.312081	0.334558	0.269962	0.322016	0.303595	0.306474	0.278797	0.269509	0.29411	0.304437	0.308757	0.247523	0.29166	0.296192	0.278833	0.304277	0.310003	0.31492	0.285059	0.280652	0.287435	0.303641	0.276741	0.331477	0.307132	0.301981	0.308997	0.291967	0.281336	0.254686	0.27987	0.27162	0.328175	0.305661	0.31482	0.370437	0.318248	0.297344	0.316918	0.321351	0.31028	0.274805	0.313667	0.303534	0.306083	0.315256	0.269307	0.390099	0.3128	0.313166	0.312268	0.354483	0.257665	0.319218	0.252752	0.309805	0.330285	0.299401	0.295828	0.309958	0.306446	0.284409	0.30297	0.300878	0.31106	0.2925	0.273982	0.243763	0.30037	0.281015	0.288414	0.262841	0.311069	0.308525	0.287403	0.308535	0.333679	0.323071	0.292891	0.310791	0.292023	0.282829	0.307389	0.304062	0.312183	0.296255	0.260912	0.297883	0.304171	0.302301	0.28303	0.31466	0.296088	0.310328	0.291336	0.340354	0.332755	0.253318	0.274206	0.325596	0.258406	0.278118	0.278915	0.298153	0.322458	0.315668	0.274615	0.223498	0.280859	0.30094	0.344552	0.339351	0.280645	0.308364	0.270313	0.282266	0.266265	0.286139	0.286649	0.304307	0.292328	0.319881	0.293162	0.29684	0.300322	0.297972	0.293955	0.301173	0.281336	0.272974	0.281881	0.293045	0.309758	0.292685	0.275184	0.327776	0.317516	0.308833	0.311598	0.271281	0.317113	0.286975	0.306314	0.327497	0.278809	0.288096	0.265678	0.311393	0.321086	0.315158	0.25872	0.28303	0.307139	0.302539	0.312432	0.273947	0.284323	0.311972	0.303936	0.250291	0.293704	0.323281	0.291158	0.34989	0.28792	0.273027	0.277769	0.260947	0.338904	0.31498	0.276926	0.296102	0.281107	0.265711	0.284802	0.301261	0.281243	0.296827	0.305927	0.319951	0.301669	0.29548	0.290173	0.307676	0.275042	0.262957	0.304887	0.254077	0.313049	0.308516	0.264219	0.303016	0.293784	0.278633	0.284233	0.270926	0.29367	0.3011	0.29494	0.291784	0.278261	0.262534	0.318395	0.309624	0.281094	0.283108	0.316354	0.246541	0.298944	0.281748	0.302646	0.305013	0.276741	0.29138	0.311558	0.305149	0.304573	0.259751	0.341399	0.327114	0.299776	0.315334	0.3452	0.310328	0.284764	0.28256	0.246289	0.308883	0.301112	0.298185	0.299208	0.325091	0.256479	0.248392	0.308364	0.309758	0.353433	0.319184	0.3452	0.329353	0.303936	0.315158	0.322465	0.29411	0.226475	0.27747	0.289591	0.298185	0.248392	0.301584	0.295495	0.286269	0.327303	0.29597	0.288562	0.311837	0.318614	0.29494	0.349591	0.281336	0.3452	0.307427	0.238717	0.256711	0.343204	0.287237	0.298185	0.285342	0.223498	0.28303	0.235182	0.340668	0.313747	0.302862	0.294045	0.270947	0.296349	0.310487	0.308883	0.332755	0.321351	0.306684	0.266112	0.303936	0.273839	0.258995	0.281336	0.291208	0.396644	0.341399	0.250291	0.282033	0.301631	0.289859	0.262021	0.319605	0.23028	0.262957	0.294082	0.287974	0.300998	0.301112	0.329701	0.294674	0.319609	0.369443	0.29138	0.278094	0.281336	0.337256	0.33956	0.314206	0.308883	0.283882	0.244456	0.271281	0.307383	0.269307	0.327303	0.306259	0.328208	0.291662	0.291784	0.304275	0.248392	0.284764	0.227067	0.309587	0.283214	0.290054	0.313254	0.245857	0.310328	0.289952	0.274879	0.311558	0.255141	0.303936	0.283929	0.295359	0.274589	0.23028	0.43514	0.315011	0.327114	0.289591	0.272502	0.28256	0.305632	0.269198	0.310862	0.267727	0.322465	0.301376	0.32657	0.310791	0.256632	0.299069	0.327853	0.302512	0.309624	0.317345	0.332755	0.322465	0.310134	0.308822	0.283929	0.302152	0.278077	0.26013	0.262021	0.304016	0.304847	0.323906	0.300092	0.23028	0.214665	0.318953	0.287237	0.281372	0.256711	0.401253	0.332379	0.320028	0.311598	0.259156	0.287974	0.317345	0.294913	0.32193	0.327386	0.309624	0.303825	0.274589	0.32193	0.308769	0.284285	0.288562
63000	slope	-0.226832	-0.22447	-0.265485	-0.223847	-0.243142	-0.190708	-0.239789	-0.218419	-0.24954	-0.263967	-0.283282	-0.276186	-0.231266	-0.252525	-0.294373	-0.275125	-0.271438	-0.249618	-0.208008	-0.259412	-0.236644	-0.210473	-0.226135	-0.245826	-0.242687	-0.228541	-0.199031	-0.237626	-0.259087	-0.238893	-0.234649	-0.272323	-0.256159	-0.219998	-0.232633	-0.235139	-0.212336	-0.241927	-0.280551	-0.21534	-0.251626	-0.216819	-0.235119	-0.284607	-0.252703	-0.253716	-0.250471	-0.249205	-0.280067	-0.259162	-0.24414	-0.22684	-0.197605	-0.194271	-0.220878	-0.219564	-0.241431	-0.248543	-0.245859	-0.237003	-0.280953	-0.233523	-0.219651	-0.193238	-0.222108	-0.192634	-0.224525	-0.235832	-0.238145	-0.235725	-0.242311	-0.187293	-0.236443	-0.207699	-0.292674	-0.225818	-0.248282	-0.240204	-0.236814	-0.219914	-0.281081	-0.213974	-0.21923	-0.237119	-0.25654	-0.223082	-0.230131	-0.233435	-0.282371	-0.241483	-0.210442	-0.23226	-0.259245	-0.269557	-0.294054	-0.252568	-0.241321	-0.254948	-0.235424	-0.23858	-0.226255	-0.26036	-0.224521	-0.231877	-0.23976	-0.240016	-0.271009	-0.202642	-0.233929	-0.247396	-0.259285	-0.22873	-0.244231	-0.250427	-0.212827	-0.192005	-0.268489	-0.288014	-0.208847	-0.215074	-0.228642	-0.331745	-0.209358	-0.281139	-0.26016	-0.185725	-0.247048	-0.281231	-0.274983	-0.283653	-0.207347	-0.225288	-0.240086	-0.28014	-0.227716	-0.257478	-0.293318	-0.262804	-0.21139	-0.228609	-0.239584	-0.226273	-0.260481	-0.227825	-0.234733	-0.233018	-0.228763	-0.218748	-0.224097	-0.209393	-0.203431	-0.21471	-0.233486	-0.220804	-0.299796	-0.208531	-0.223082	-0.249592	-0.215204	-0.290699	-0.254735	-0.277523	-0.246906	-0.242797	-0.244916	-0.209393	-0.226713	-0.253334	-0.233311	-0.220718	-0.205061	-0.27435	-0.194811	-0.198372	-0.251484	-0.217693	-0.246875	-0.201933	-0.249117	-0.257429	-0.235812	-0.308827	-0.24919	-0.1859	-0.266231	-0.250347	-0.222797	-0.220792	-0.265485	-0.267568	-0.245225	-0.217104	-0.220792	-0.250709	-0.289096	-0.265331	-0.217598	-0.250298	-0.266619	-0.220251	-0.207332	-0.26637	-0.218703	-0.236728	-0.248826	-0.26036	-0.209397	-0.223634	-0.195898	-0.163265	-0.333384	-0.279214	-0.257545	-0.205835	-0.194811	-0.214775	-0.235449	-0.181832	-0.292807	-0.290669	-0.283948	-0.26889	-0.345948	-0.242226	-0.305205	-0.249077	-0.265564	-0.26036	-0.207246	-0.320779	-0.212846	-0.248826	-0.201933	-0.263555	-0.23474	-0.209397	-0.220281	-0.178741	-0.331745	-0.222364	-0.287411	-0.203123	-0.264568	-0.272503	-0.231756	-0.25339	-0.213217	-0.22272	-0.256621	-0.219032	-0.205835	-0.1859	-0.238873	-0.237997	-0.257478	-0.195898	-0.23351	-0.254519	-0.254493	-0.209107	-0.267121	-0.241198	-0.211638	-0.196677	-0.206262	-0.266209	-0.251125	-0.246238	-0.240785	-0.248236	-0.295342	-0.257478	-0.279584	-0.305205	-0.305205	-0.201834	-0.260045	-0.193327	-0.221208	-0.246238	-0.225288	-0.234609	-0.267121	-0.193034	-0.240785	-0.238094	-0.290318	-0.24353	-0.305205	-0.25339	-0.219307	-0.274829	-0.246238	-0.254493	-0.221523	-0.1892	-0.2374	-0.23909	-0.241249	-0.238493	-0.267121	-0.233282	-0.222364	-0.203431	-0.318013	-0.23624	-0.20073	-0.21471	-0.201933	-0.25339	-0.234899	-0.266209	-0.242062	-0.28898	-0.269555	-0.287168	-0.201834	-0.261636	-0.233165	-0.276127	-0.223634	-0.214413	-0.249373	-0.260946	-0.320779	-0.186925	-0.188665	-0.219914	-0.235029	-0.214157	-0.234782	-0.243355	-0.230255	-0.230052	-0.212999	-0.223634	-0.207518	-0.195898	-0.212544	-0.260045	-0.206773	-0.257545	-0.218951	-0.220615	-0.295557	-0.201834	-0.33387	-0.233148	-0.257056	-0.226273	-0.202966	-0.230052	-0.257545	-0.219914	-0.268962	-0.207246	-0.203431	-0.212999	-0.264684	-0.225288	-0.23909	-0.257478	-0.332316	-0.260327	-0.243772	-0.213374	-0.188665	-0.222306	-0.203431	-0.221068	-0.232865	-0.221219	-0.188665	-0.225288	-0.249849	-0.270616	-0.236642	-0.253144	-0.287411	-0.225288	-0.226273	-0.1859	-0.201933	-0.225864	-0.22385	-0.246238	-0.246238	-0.225864	-0.218951	-0.216123	-0.207626	-0.256952	-0.2383	-0.220281	-0.197137	-0.201977	-0.263493	-0.203123	-0.182474	-0.223634
63000	intercept	0.292477	0.320067	0.339772	0.338387	0.298221	0.262237	0.308176	0.29778	0.284153	0.304914	0.359597	0.357179	0.281376	0.32723	0.359889	0.331677	0.377773	0.333906	0.27838	0.29144	0.311043	0.315269	0.304047	0.304376	0.307867	0.296204	0.281258	0.291515	0.342788	0.336341	0.300996	0.313181	0.308635	0.313002	0.292207	0.310733	0.27606	0.303147	0.374143	0.30391	0.320961	0.309787	0.270887	0.341433	0.321578	0.305925	0.273951	0.308329	0.356057	0.330456	0.318648	0.287209	0.268665	0.286149	0.284509	0.29442	0.305926	0.314549	0.314329	0.288932	0.332197	0.314273	0.299342	0.294722	0.290192	0.31442	0.296217	0.294447	0.297946	0.315607	0.329967	0.306514	0.305024	0.2776	0.325629	0.301576	0.282152	0.288595	0.3151	0.325244	0.288319	0.300659	0.281257	0.324979	0.306521	0.289466	0.305531	0.300695	0.322329	0.314621	0.28313	0.318873	0.32233	0.338669	0.357428	0.297525	0.294704	0.297825	0.302952	0.283592	0.31874	0.329927	0.285145	0.303578	0.28647	0.32708	0.319855	0.303182	0.328047	0.312124	0.29821	0.321082	0.281801	0.301705	0.296192	0.289464	0.3561	0.319137	0.298003	0.252383	0.320112	0.407647	0.260731	0.342408	0.337137	0.311366	0.30246	0.347584	0.3495	0.356366	0.311014	0.331332	0.287268	0.374979	0.302253	0.296243	0.339949	0.320157	0.277669	0.285445	0.3148	0.307022	0.310467	0.3161	0.303858	0.294444	0.285749	0.306845	0.295182	0.312752	0.276442	0.250083	0.301088	0.297148	0.371214	0.28925	0.289466	0.322414	0.297685	0.362577	0.314694	0.311485	0.322568	0.297543	0.35015	0.313002	0.319893	0.333496	0.298115	0.306758	0.277029	0.356142	0.306134	0.297131	0.319062	0.299219	0.325046	0.288129	0.295203	0.304055	0.29734	0.348216	0.304344	0.259156	0.311848	0.300753	0.289342	0.33208	0.339772	0.318295	0.310693	0.293497	0.33208	0.316897	0.318608	0.315293	0.295823	0.297956	0.319175	0.306672	0.284948	0.348938	0.310802	0.304278	0.320224	0.326263	0.287989	0.296204	0.332183	0.279747	0.401968	0.31887	0.320104	0.276442	0.287115	0.264182	0.288256	0.267362	0.348938	0.340589	0.329744	0.326197	0.421803	0.294447	0.326265	0.267189	0.310521	0.329927	0.326488	0.324995	0.27057	0.320224	0.288129	0.348938	0.293361	0.2882	0.313962	0.306134	0.407647	0.30335	0.32164	0.279996	0.326263	0.317484	0.294146	0.292286	0.298649	0.337248	0.348993	0.33587	0.276442	0.259156	0.288402	0.301362	0.29207	0.332183	0.280714	0.279563	0.31945	0.307818	0.32164	0.309264	0.337248	0.283771	0.269968	0.295447	0.28186	0.321605	0.303943	0.319529	0.365496	0.296243	0.348537	0.324995	0.324995	0.235358	0.326263	0.304601	0.303213	0.33757	0.331332	0.265906	0.32164	0.251849	0.302922	0.282263	0.317248	0.288256	0.324995	0.303706	0.262914	0.319529	0.330658	0.317703	0.286818	0.294561	0.280714	0.288256	0.288256	0.279003	0.316096	0.278131	0.30335	0.276442	0.334166	0.294837	0.245532	0.250083	0.288129	0.292286	0.264219	0.295447	0.288256	0.329744	0.317484	0.330119	0.235358	0.340811	0.304895	0.351847	0.296204	0.265981	0.276402	0.326263	0.324995	0.299167	0.268101	0.326577	0.286071	0.278131	0.288256	0.271914	0.310517	0.266707	0.318368	0.296204	0.2249	0.332183	0.304798	0.32523	0.299167	0.314209	0.278131	0.311802	0.373099	0.235358	0.417359	0.288256	0.33465	0.307022	0.278299	0.266707	0.305476	0.326577	0.328198	0.337248	0.276442	0.318368	0.337333	0.324063	0.288256	0.296243	0.415672	0.348189	0.297485	0.297462	0.272702	0.28647	0.276442	0.305332	0.315278	0.322702	0.270412	0.331332	0.332878	0.298398	0.294447	0.346789	0.32164	0.331332	0.307022	0.259156	0.289156	0.286818	0.306758	0.321605	0.321605	0.286818	0.278131	0.276442	0.284368	0.28186	0.340811	0.289754	0.293216	0.293216	0.297046	0.279996	0.260713	0.296204
64000	slope	-0.25067	-0.193734	-0.244599	-0.262185	-0.267673	-0.265225	-0.216901	-0.2877	-0.248887	-0.251849	-0.219467	-0.25299	-0.248484	-0.264573	-0.218684	-0.309009	-0.239764	-0.254314	-0.231439	-0.262779	-0.230344	-0.307792	-0.231209	-0.276119	-0.273952	-0.188497	-0.165798	-0.276469	-0.217896	-0.235934	-0.247428	-0.268705	-0.272423	-0.260113	-0.247358	-0.244357	-0.279342	-0.266194	-0.24744	-0.231572	-0.223275	-0.200834	-0.230157	-0.189862	-0.226095	-0.244675	-0.286314	-0.291451	-0.228369	-0.280891	-0.276738	-0.221978	-0.242411	-0.263617	-0.236702	-0.229103	-0.222468	-0.233583	-0.229235	-0.172611	-0.19214	-0.210497	-0.226467	-0.277252	-0.237656	-0.251692	-0.249981	-0.22209	-0.249273	-0.26363	-0.240236	-0.205826	-0.237166	-0.248461	-0.242009	-0.270291	-0.255046	-0.28158	-0.235065	-0.252286	-0.277711	-0.253238	-0.263584	-0.22546	-0.227037	-0.229256	-0.248995	-0.210397	-0.26541	-0.197945	-0.264309	-0.217505	-0.260086	-0.252405	-0.204567	-0.267108	-0.265229	-0.280941	-0.194142	-0.273918	-0.206439	-0.258179	-0.276193	-0.219982	-0.214426	-0.232533	-0.231992	-0.253872	-0.249683	-0.281766	-0.224647	-0.221173	-0.254326	-0.290827	-0.269126	-0.205924	-0.281	-0.230811	-0.281217	-0.279107	-0.238243	-0.254221	-0.209599	-0.27305	-0.242686	-0.214443	-0.238128	-0.266004	-0.237193	-0.277236	-0.280402	-0.261227	-0.199246	-0.237594	-0.245892	-0.200713	-0.267035	-0.275634	-0.156012	-0.252852	-0.227056	-0.260901	-0.24925	-0.250177	-0.276469	-0.259469	-0.21046	-0.228416	-0.219883	-0.263689	-0.255559	-0.257137	-0.277714	-0.250713	-0.214844	-0.266925	-0.238798	-0.25359	-0.234907	-0.236231	-0.253555	-0.262951	-0.219848	-0.260443	-0.215388	-0.290894	-0.265914	-0.231209	-0.198905	-0.263591	-0.233191	-0.224545	-0.254326	-0.286673	-0.194003	-0.222452	-0.25525	-0.184842	-0.24534	-0.253053	-0.253347	-0.25449	-0.253012	-0.285403	-0.250795	-0.238883	-0.277907	-0.22449	-0.222387	-0.240509	-0.245414	-0.205375	-0.264114	-0.293285	-0.239459	-0.240015	-0.141908	-0.252153	-0.238908	-0.249605	-0.285403	-0.204015	-0.229501	-0.165798	-0.290399	-0.219467	-0.281778	-0.286673	-0.219467	-0.279166	-0.294706	-0.278567	-0.265229	-0.201152	-0.246274	-0.279342	-0.234932	-0.283018	-0.225163	-0.290116	-0.285954	-0.286673	-0.209411	-0.230742	-0.240978	-0.225163	-0.235332	-0.225163	-0.211196	-0.240025	-0.216393	-0.152854	-0.227813	-0.203764	-0.223219	-0.277714	-0.211954	-0.165798	-0.272828	-0.210807	-0.250404	-0.269971	-0.220316	-0.165798	-0.229501	-0.285403	-0.173023	-0.214917	-0.284483	-0.190341	-0.239114	-0.265229	-0.283918	-0.235332	-0.25877	-0.310548	-0.25996	-0.260113	-0.223712	-0.188079	-0.210323	-0.256448	-0.280559	-0.290116	-0.230742	-0.228402	-0.214785	-0.228402	-0.265679	-0.165798	-0.2897	-0.229501	-0.285954	-0.209763	-0.283714	-0.25877	-0.273981	-0.29717	-0.148706	-0.281778	-0.209452	-0.244124	-0.283018	-0.257512	-0.216086	-0.20904	-0.303008	-0.279166	-0.216393	-0.265279	-0.165344	-0.217626	-0.225163	-0.216381	-0.31249	-0.12883	-0.211665	-0.28616	-0.254904	-0.171465	-0.209411	-0.283018	-0.190341	-0.216086	-0.253227	-0.235243	-0.285954	-0.217626	-0.209599	-0.253859	-0.256321	-0.201629	-0.211954	-0.231624	-0.212458	-0.26429	-0.272859	-0.259426	-0.167633	-0.208272	-0.25877	-0.305634	-0.265679	-0.261828	-0.21156	-0.173023	-0.202377	-0.260113	-0.295426	-0.266672	-0.174609	-0.286673	-0.220891	-0.253227	-0.303686	-0.295701	-0.209599	-0.230473	-0.229501	-0.278567	-0.20904	-0.203263	-0.213295	-0.18733	-0.173023	-0.245869	-0.270733	-0.216381	-0.279166	-0.284824	-0.240025	-0.229501	-0.256321	-0.195755	-0.210807	-0.230157	-0.232345	-0.279166	-0.259426	-0.231209	-0.223219	-0.236231	-0.230157	-0.257512	-0.237311	-0.160285	-0.22843	-0.214984	-0.248887	-0.265279	-0.274131	-0.262207	-0.289055	-0.269064	-0.2532	-0.173023	-0.214984	-0.304621	-0.228402	-0.281778	-0.248546	-0.254347	-0.239114	-0.291672	-0.286673	-0.261254	-0.279267	-0.281778	-0.229501	-0.227813	-0.244124	-0.237784	-0.205378	-0.183523	-0.30495	-0.272828	-0.240743	-0.213752	-0.295426	-0.274131
64000	intercept	0.304894	0.262257	0.306212	0.316333	0.324124	0.30776	0.275696	0.347374	0.303057	0.302571	0.304688	0.297104	0.291244	0.312986	0.285398	0.342145	0.325568	0.301858	0.266869	0.288932	0.306938	0.332651	0.252371	0.314376	0.312866	0.259581	0.238909	0.313668	0.264827	0.293087	0.294951	0.300961	0.323321	0.334394	0.287894	0.30242	0.308667	0.313691	0.323701	0.294879	0.286253	0.279271	0.306156	0.260208	0.302071	0.320721	0.331304	0.339961	0.297736	0.331092	0.32652	0.30078	0.302396	0.301898	0.297965	0.293696	0.265652	0.319386	0.339485	0.28427	0.28025	0.28665	0.266055	0.328216	0.273871	0.320209	0.299207	0.286766	0.309596	0.307915	0.283713	0.279364	0.29758	0.314323	0.298076	0.323955	0.31972	0.29832	0.327412	0.335649	0.31693	0.302213	0.314018	0.301767	0.292168	0.281966	0.292502	0.293805	0.299675	0.293806	0.298441	0.273177	0.296895	0.32837	0.289967	0.287371	0.31225	0.346965	0.296623	0.324971	0.294075	0.300268	0.342054	0.297361	0.286837	0.296387	0.29861	0.290805	0.316796	0.324088	0.261853	0.274766	0.302489	0.329383	0.311375	0.309655	0.328762	0.286628	0.302252	0.349779	0.289492	0.316253	0.280691	0.310763	0.299405	0.273153	0.295925	0.296877	0.296054	0.328675	0.310367	0.329307	0.261937	0.283214	0.314705	0.264943	0.310486	0.331984	0.220847	0.291389	0.289043	0.307661	0.313792	0.312713	0.314896	0.298629	0.277676	0.271923	0.290786	0.335145	0.297671	0.323059	0.299437	0.280258	0.286089	0.320366	0.280431	0.28732	0.295971	0.271397	0.319077	0.330362	0.247471	0.302877	0.296993	0.360915	0.29913	0.252371	0.263067	0.307235	0.283521	0.302752	0.295342	0.335233	0.259593	0.277676	0.293285	0.276681	0.291769	0.312042	0.297543	0.310651	0.321602	0.314516	0.311747	0.292812	0.335434	0.296873	0.295545	0.279237	0.315478	0.281264	0.306277	0.332329	0.285357	0.290171	0.237255	0.308473	0.272947	0.313689	0.314516	0.285738	0.280446	0.225288	0.336356	0.304688	0.321927	0.335233	0.304688	0.32516	0.32708	0.358792	0.31225	0.277153	0.331378	0.308667	0.275817	0.344642	0.273455	0.351094	0.3301	0.335233	0.273865	0.289631	0.359462	0.265242	0.306034	0.265242	0.293873	0.246604	0.290052	0.277076	0.283724	0.257502	0.280446	0.299437	0.292382	0.220847	0.328832	0.257502	0.314457	0.318885	0.280446	0.238909	0.275623	0.314516	0.269413	0.288262	0.335233	0.268432	0.30638	0.31225	0.341991	0.306034	0.34677	0.353722	0.308958	0.334394	0.263933	0.287457	0.2967	0.32294	0.365098	0.351094	0.289631	0.260472	0.308972	0.259027	0.321481	0.238909	0.336356	0.280446	0.327376	0.310774	0.336799	0.32596	0.324164	0.336785	0.275439	0.332017	0.274101	0.328313	0.344642	0.316591	0.258314	0.282849	0.306435	0.32516	0.293873	0.311038	0.27003	0.27299	0.265242	0.27299	0.310744	0.274667	0.273059	0.33223	0.295811	0.283414	0.273865	0.344642	0.268432	0.258314	0.28512	0.267764	0.331673	0.27299	0.289209	0.322079	0.314805	0.293873	0.291667	0.294846	0.265242	0.324706	0.358056	0.298069	0.269413	0.294398	0.32596	0.355359	0.321481	0.287669	0.310386	0.269413	0.273088	0.334394	0.310744	0.295403	0.273088	0.310912	0.264679	0.28512	0.329799	0.34881	0.289209	0.277659	0.280446	0.338552	0.281632	0.273865	0.278304	0.255953	0.269413	0.292286	0.337513	0.27299	0.32516	0.328505	0.246604	0.280446	0.314805	0.273088	0.257502	0.299969	0.318729	0.32516	0.298069	0.252371	0.280446	0.271208	0.306156	0.318534	0.280446	0.300457	0.278304	0.249773	0.303057	0.311038	0.280744	0.326617	0.365098	0.37207	0.287958	0.269413	0.249773	0.324757	0.254027	0.332017	0.311822	0.32596	0.319774	0.332337	0.335233	0.269824	0.332335	0.350749	0.280446	0.284859	0.328313	0.333429	0.281636	0.250533	0.333132	0.325762	0.30638	0.303549	0.310744	0.285697
65000	slope	-0.291517	-0.254328	-0.277664	-0.276129	-0.235904	-0.200724	-0.251705	-0.302812	-0.213603	-0.257278	-0.251035	-0.26208	-0.207221	-0.295461	-0.266591	-0.25486	-0.28349	-0.25883	-0.267261	-0.243014	-0.225273	-0.275356	-0.207858	-0.233523	-0.28315	-0.261499	-0.266758	-0.295934	-0.279502	-0.244727	-0.219106	-0.232233	-0.287711	-0.208394	-0.27819	-0.279549	-0.251761	-0.251562	-0.294392	-0.283639	-0.298824	-0.22797	-0.244221	-0.184201	-0.241867	-0.214279	-0.253568	-0.219395	-0.229762	-0.278827	-0.29434	-0.294345	-0.260261	-0.274804	-0.283639	-0.241624	-0.255984	-0.271553	-0.205531	-0.272338	-0.255239	-0.196293	-0.272191	-0.235998	-0.203208	-0.273325	-0.253256	-0.253132	-0.26617	-0.163226	-0.197353	-0.255204	-0.263931	-0.194481	-0.277686	-0.254017	-0.220818	-0.264376	-0.276456	-0.261977	-0.286463	-0.136393	-0.231279	-0.268854	-0.269916	-0.241848	-0.279064	-0.247342	-0.230932	-0.293867	-0.236472	-0.294471	-0.235542	-0.257437	-0.195547	-0.265369	-0.242259	-0.189768	-0.263497	-0.262039	-0.258403	-0.238994	-0.219771	-0.260405	-0.155643	-0.237763	-0.2625	-0.244628	-0.260686	-0.277886	-0.264297	-0.258822	-0.22756	-0.235111	-0.262458	-0.201655	-0.201058	-0.203062	-0.259186	-0.268183	-0.245696	-0.250754	-0.278443	-0.259524	-0.271625	-0.22531	-0.229094	-0.268148	-0.280701	-0.256089	-0.246407	-0.209388	-0.291358	-0.213545	-0.156883	-0.230635	-0.247292	-0.223256	-0.231406	-0.184998	-0.272461	-0.217088	-0.227756	-0.263016	-0.275511	-0.196684	-0.226709	-0.221091	-0.236745	-0.242518	-0.217476	-0.272249	-0.240226	-0.24202	-0.272646	-0.23064	-0.268778	-0.255622	-0.214557	-0.188474	-0.282974	-0.288471	-0.265604	-0.263867	-0.225336	-0.20887	-0.278827	-0.245979	-0.270266	-0.26268	-0.252428	-0.243309	-0.211153	-0.255352	-0.187747	-0.214919	-0.235658	-0.271599	-0.257696	-0.230569	-0.298774	-0.250339	-0.280128	-0.280354	-0.205291	-0.260505	-0.262124	-0.2202	-0.263577	-0.257878	-0.241826	-0.2336	-0.225668	-0.256041	-0.267061	-0.275217	-0.141808	-0.190378	-0.232041	-0.247818	-0.280499	-0.2469	-0.283639	-0.258633	-0.136393	-0.24742	-0.295934	-0.315658	-0.285365	-0.286982	-0.221415	-0.262867	-0.182053	-0.299063	-0.15348	-0.160783	-0.277382	-0.246435	-0.297518	-0.283639	-0.223038	-0.295934	-0.263577	-0.160783	-0.265657	-0.211638	-0.285512	-0.264278	-0.224804	-0.231978	-0.152456	-0.224943	-0.297518	-0.223051	-0.261692	-0.182053	-0.24581	-0.205814	-0.263638	-0.246435	-0.279617	-0.26953	-0.221415	-0.239969	-0.29434	-0.26953	-0.263079	-0.219447	-0.178536	-0.242276	-0.263577	-0.220306	-0.216748	-0.250679	-0.282893	-0.246067	-0.160783	-0.160674	-0.228653	-0.235678	-0.251886	-0.238115	-0.228653	-0.265657	-0.21547	-0.26048	-0.26953	-0.211638	-0.2469	-0.298774	-0.299063	-0.216142	-0.30999	-0.195031	-0.233704	-0.248129	-0.296376	-0.302662	-0.261692	-0.247916	-0.242478	-0.19851	-0.238026	-0.253723	-0.295934	-0.263577	-0.260215	-0.276696	-0.253723	-0.19851	-0.275741	-0.2469	-0.257388	-0.285365	-0.268338	-0.264773	-0.243014	-0.266367	-0.242223	-0.264278	-0.290958	-0.23965	-0.155013	-0.266367	-0.256892	-0.30179	-0.2469	-0.246435	-0.251761	-0.244549	-0.305519	-0.225291	-0.26048	-0.278439	-0.246435	-0.285768	-0.32367	-0.249604	-0.221415	-0.251214	-0.2469	-0.255868	-0.235678	-0.238794	-0.302662	-0.248341	-0.259359	-0.247306	-0.205814	-0.29434	-0.263577	-0.260131	-0.295934	-0.216142	-0.255882	-0.288657	-0.2469	-0.314989	-0.155013	-0.268567	-0.247135	-0.248776	-0.266367	-0.268977	-0.240516	-0.216748	-0.166715	-0.228525	-0.224804	-0.29434	-0.30999	-0.281365	-0.247306	-0.243014	-0.278827	-0.244943	-0.233704	-0.225399	-0.154963	-0.155013	-0.21356	-0.32793	-0.2469	-0.248268	-0.298393	-0.283639	-0.251465	-0.228218	-0.313764	-0.216165	-0.274744	-0.258078	-0.147433	-0.224804	-0.304924	-0.302662	-0.239969	-0.272625	-0.280499	-0.262867	-0.263577	-0.205916	-0.21547	-0.283639	-0.246435	-0.225399	-0.260298	-0.248901	-0.305001	-0.256343	-0.299403	-0.27552	-0.283383	-0.238783	-0.307412	-0.281285	-0.213821	-0.26953	-0.270584	-0.265657
65000	intercept	0.332268	0.322395	0.304517	0.359594	0.311976	0.274301	0.270613	0.347386	0.285335	0.334562	0.276942	0.320108	0.2697	0.339961	0.335651	0.336717	0.335976	0.306714	0.309699	0.293943	0.262477	0.307417	0.290531	0.28845	0.345661	0.332796	0.307123	0.341762	0.310096	0.306745	0.280077	0.281955	0.331825	0.251957	0.315662	0.323689	0.315579	0.310729	0.3512	0.343485	0.345869	0.277781	0.300985	0.265023	0.275557	0.241596	0.294782	0.295553	0.295595	0.331232	0.349326	0.354735	0.323068	0.327843	0.323291	0.28428	0.279201	0.306662	0.273431	0.318186	0.313229	0.263521	0.310957	0.3018	0.259283	0.313106	0.301264	0.286645	0.306715	0.22559	0.262805	0.317135	0.305835	0.279046	0.368741	0.28319	0.289724	0.31439	0.32277	0.337679	0.333361	0.238408	0.297507	0.293377	0.299668	0.268566	0.339991	0.294391	0.28671	0.346512	0.304628	0.332862	0.353091	0.323258	0.294241	0.297502	0.320716	0.283653	0.339341	0.309116	0.277835	0.310991	0.286633	0.312499	0.210774	0.29473	0.320045	0.282753	0.310844	0.302166	0.308679	0.327064	0.280535	0.286003	0.310729	0.268456	0.252901	0.278409	0.290835	0.333968	0.286603	0.289537	0.35444	0.288401	0.341118	0.287694	0.292971	0.29674	0.325991	0.295532	0.29546	0.249872	0.340138	0.273414	0.223311	0.294382	0.308659	0.28762	0.328726	0.296558	0.323459	0.281133	0.292148	0.291548	0.334049	0.280716	0.296135	0.280517	0.265412	0.297827	0.275827	0.334927	0.277364	0.31017	0.316712	0.306235	0.305354	0.287485	0.28133	0.241374	0.332478	0.324596	0.317037	0.325235	0.295654	0.258246	0.331232	0.309323	0.320578	0.307744	0.345503	0.289175	0.289087	0.331371	0.229961	0.270522	0.305684	0.298472	0.289735	0.30409	0.338958	0.326081	0.309036	0.300315	0.262898	0.328948	0.315366	0.287653	0.32946	0.285175	0.30317	0.270461	0.305275	0.322576	0.350197	0.311801	0.228737	0.255595	0.278153	0.314316	0.349436	0.301297	0.319009	0.330671	0.246124	0.310553	0.334161	0.355885	0.331991	0.338215	0.242295	0.299615	0.287821	0.306178	0.23608	0.218767	0.316309	0.301086	0.309138	0.323291	0.220415	0.334161	0.349543	0.218767	0.336108	0.292695	0.297571	0.282092	0.240554	0.284391	0.239507	0.268467	0.309138	0.281133	0.337176	0.287821	0.305071	0.290199	0.339206	0.297169	0.297571	0.293188	0.266116	0.28935	0.349326	0.294683	0.323373	0.275116	0.265397	0.268641	0.333691	0.268641	0.298436	0.296948	0.320501	0.272649	0.218767	0.24322	0.308752	0.273594	0.346564	0.308517	0.308705	0.336108	0.292321	0.309198	0.297217	0.292695	0.301297	0.326548	0.306178	0.267603	0.333004	0.259319	0.296865	0.365933	0.351181	0.350103	0.337176	0.285805	0.292842	0.240097	0.363127	0.298492	0.341762	0.322978	0.352641	0.314177	0.298492	0.255009	0.36191	0.301297	0.31123	0.331991	0.289487	0.295369	0.294809	0.289487	0.28935	0.282092	0.310957	0.301297	0.244944	0.289487	0.32516	0.356156	0.302804	0.297169	0.315579	0.363127	0.355885	0.242092	0.304051	0.32566	0.297169	0.307035	0.350103	0.354014	0.260969	0.33128	0.304754	0.312694	0.273594	0.284525	0.329786	0.286776	0.346564	0.362013	0.290199	0.306145	0.322978	0.322329	0.341762	0.258246	0.344117	0.346744	0.301297	0.336096	0.230057	0.346179	0.316434	0.300481	0.289487	0.343123	0.296829	0.278875	0.218767	0.303004	0.262246	0.349326	0.333004	0.336558	0.359016	0.294809	0.343645	0.298492	0.296865	0.327038	0.239365	0.230057	0.30066	0.326157	0.301297	0.258452	0.351181	0.315995	0.324719	0.245967	0.338215	0.26398	0.320501	0.310365	0.174485	0.262246	0.349623	0.350103	0.316544	0.322329	0.349436	0.299615	0.333691	0.277064	0.292321	0.323291	0.30035	0.327038	0.337365	0.268825	0.335327	0.257542	0.355535	0.303249	0.348323	0.318231	0.339306	0.307711	0.300999	0.294683	0.325227	0.336108
66000	slope	-0.198541	-0.16982	-0.144626	-0.245014	-0.264477	-0.222286	-0.306856	-0.249465	-0.247574	-0.23206	-0.202759	-0.213824	-0.13679	-0.131036	-0.262525	-0.171622	-0.224195	-0.247574	-0.226403	-0.264358	-0.253689	-0.216706	-0.204108	-0.208816	-0.212935	-0.268357	-0.184969	-0.247978	-0.279488	-0.255691	-0.271479	-0.231616	-0.218531	-0.222308	-0.213815	-0.199203	-0.186548	-0.358247	-0.264914	-0.204564	-0.187298	-0.229522	-0.29122	-0.300851	-0.290617	-0.212857	-0.292696	-0.201864	-0.298529	-0.203052	-0.238594	-0.271754	-0.262513	-0.277145	-0.286671	-0.211458	-0.331764	-0.154213	-0.28128	-0.269036	-0.284819	-0.221779	-0.204325	-0.207866	-0.215519	-0.123309	-0.267637	-0.316022	-0.31341	-0.219107	-0.200575	-0.258358	-0.232063	-0.154745	-0.304067	-0.358247	-0.17666	-0.228632	-0.186573	-0.215657	-0.281475	-0.254879	-0.223935	-0.238319	-0.262207	-0.240093	-0.272532	-0.291624	-0.235708	-0.290591	-0.290465	-0.280866	-0.264259	-0.22259	-0.208817	-0.285206	-0.148274	-0.250507	-0.205296	-0.230904	-0.266077	-0.202842	-0.159752	-0.294747	-0.257021	-0.309966	-0.227774	-0.26508	-0.21842	-0.289467	-0.285398	-0.264238	-0.231616	-0.205401	-0.294486	-0.222358	-0.277244	-0.241637	-0.206141	-0.275039	-0.26945	-0.210924	-0.292054	-0.263917	-0.193118	-0.322259	-0.177996	-0.232199	-0.255258	-0.207382	-0.252365	-0.200181	-0.148274	-0.210644	-0.296622	-0.185059	-0.248574	-0.247953	-0.270493	-0.246127	-0.2453	-0.211542	-0.210715	-0.240872	-0.288707	-0.189866	-0.26373	-0.250265	-0.246294	-0.258351	-0.189716	-0.272296	-0.198786	-0.317801	-0.214181	-0.233062	-0.269409	-0.285532	-0.21456	-0.176119	-0.201447	-0.125032	-0.229372	-0.317758	-0.203552	-0.164381	-0.257335	-0.206806	-0.218115	-0.323918	-0.261386	-0.22004	-0.273051	-0.229559	-0.280573	-0.187774	-0.246932	-0.198842	-0.240482	-0.141944	-0.247574	-0.180857	-0.20193	-0.239928	-0.251557	-0.18726	-0.197887	-0.273925	-0.282763	-0.256386	-0.206766	-0.285796	-0.205967	-0.301779	-0.266032	-0.234145	-0.339336	-0.23938	-0.215534	-0.154691	-0.212882	-0.206065	-0.196803	-0.300166	-0.220473	-0.254921	-0.277653	-0.280244	-0.266032	-0.357459	-0.308167	-0.272019	-0.212443	-0.268208	-0.138521	-0.277653	-0.140977	-0.285419	-0.276437	-0.204564	-0.322396	-0.122886	-0.247768	-0.318698	-0.286671	-0.220473	-0.193875	-0.301767	-0.313554	-0.273729	-0.250242	-0.160391	-0.122886	-0.231546	-0.239706	-0.274132	-0.282585	-0.154213	-0.212514	-0.258538	-0.205252	-0.171375	-0.272581	-0.204555	-0.204854	-0.185617	-0.284556	-0.188731	-0.250651	-0.227125	-0.241808	-0.264873	-0.358247	-0.297277	-0.159113	-0.211435	-0.308371	-0.205252	-0.334523	-0.26532	-0.173205	-0.294366	-0.250412	-0.205724	-0.256486	-0.306913	-0.318698	-0.306524	-0.188731	-0.256486	-0.127619	-0.244568	-0.113189	-0.211032	-0.300166	-0.159113	-0.251022	-0.283375	-0.265151	-0.198386	-0.203823	-0.271401	-0.198386	-0.194722	-0.254426	-0.251916	-0.294444	-0.125032	-0.259206	-0.250412	-0.286362	-0.136364	-0.159113	-0.211458	-0.133822	-0.279977	-0.358247	-0.240445	-0.159341	-0.125032	-0.292163	-0.245014	-0.300166	-0.294444	-0.255258	-0.159743	-0.26373	-0.204906	-0.148274	-0.322396	-0.345294	-0.300166	-0.245014	-0.220473	-0.357459	-0.153758	-0.220473	-0.27761	-0.294366	-0.126765	-0.148274	-0.358247	-0.133822	-0.280847	-0.236527	-0.220473	-0.20331	-0.30825	-0.272581	-0.250402	-0.263093	-0.293006	-0.26156	-0.263267	-0.376431	-0.26373	-0.305701	-0.265629	-0.234588	-0.185617	-0.159341	-0.282763	-0.255809	-0.276888	-0.235247	-0.212766	-0.259206	-0.345294	-0.269833	-0.203823	-0.196803	-0.294747	-0.249514	-0.306014	-0.242375	-0.262241	-0.327022	-0.334523	-0.138713	-0.242375	-0.23532	-0.222308	-0.240431	-0.282763	-0.206065	-0.300166	-0.274132	-0.254783	-0.309484	-0.295985	-0.123497	-0.284218	-0.280847	-0.160391	-0.217786	-0.284764	-0.23915	-0.272581	-0.293119	-0.180857	-0.10654	-0.282585	-0.148891	-0.250402	-0.119957	-0.127619	-0.217786	-0.123497	-0.180857	-0.262241	-0.280847	-0.273728	-0.133822	-0.156496	-0.244399	-0.272581	-0.334523	-0.215366	-0.159341	-0.293575
66000	intercept	0.250338	0.264097	0.229595	0.288656	0.315905	0.30352	0.346152	0.321942	0.329817	0.307315	0.281567	0.300101	0.213636	0.220908	0.323321	0.217931	0.292607	0.329817	0.320629	0.349031	0.329	0.287555	0.312182	0.284296	0.263097	0.31084	0.225074	0.290041	0.33978	0.340748	0.321321	0.325796	0.289147	0.289032	0.271176	0.251077	0.240498	0.394831	0.337506	0.290199	0.273326	0.311441	0.37001	0.340676	0.341138	0.2811	0.340604	0.280634	0.31998	0.275475	0.329452	0.313799	0.310878	0.340933	0.354533	0.30765	0.365454	0.218258	0.3576	0.361741	0.364678	0.286508	0.302149	0.282105	0.272606	0.225546	0.343439	0.360587	0.32756	0.313442	0.298419	0.333294	0.341786	0.232414	0.332014	0.40946	0.289874	0.326999	0.267666	0.279246	0.354295	0.28798	0.316518	0.282539	0.297175	0.322067	0.360294	0.329829	0.338061	0.355418	0.346627	0.306803	0.294382	0.256752	0.289829	0.334758	0.202209	0.316049	0.289626	0.297943	0.327124	0.258417	0.187019	0.344351	0.314706	0.347943	0.322148	0.341823	0.316723	0.338685	0.317197	0.315368	0.33213	0.292147	0.339911	0.311783	0.336933	0.288207	0.278714	0.333226	0.329312	0.298048	0.341296	0.317007	0.294315	0.364321	0.240376	0.270449	0.294165	0.250159	0.314355	0.291177	0.196385	0.270371	0.341207	0.248657	0.320389	0.333933	0.325089	0.335191	0.295922	0.292441	0.281231	0.311829	0.333053	0.264986	0.303716	0.280969	0.318336	0.340959	0.279631	0.310969	0.298913	0.365831	0.294042	0.313355	0.343962	0.36593	0.282413	0.250276	0.283016	0.234569	0.294796	0.373067	0.288934	0.275249	0.316737	0.32085	0.289309	0.375729	0.326951	0.301402	0.339389	0.319202	0.350895	0.26591	0.289605	0.303959	0.309445	0.210407	0.322216	0.219338	0.270045	0.333469	0.316286	0.251173	0.255694	0.352786	0.33169	0.340974	0.258367	0.35853	0.281516	0.362954	0.298393	0.306497	0.37561	0.309461	0.29632	0.231216	0.339971	0.30765	0.269222	0.33987	0.332508	0.303716	0.37152	0.340598	0.298393	0.382461	0.329619	0.289545	0.220206	0.330544	0.240919	0.37152	0.245669	0.338831	0.338927	0.290199	0.375289	0.227949	0.337817	0.343161	0.354533	0.334493	0.23613	0.354533	0.324549	0.276119	0.317965	0.218612	0.227949	0.277669	0.299371	0.350919	0.353899	0.218258	0.285505	0.306042	0.333979	0.253209	0.372783	0.261944	0.324406	0.311222	0.327974	0.269856	0.298475	0.291574	0.295403	0.310579	0.40946	0.35383	0.181881	0.261658	0.329619	0.333979	0.364168	0.321176	0.220173	0.35383	0.329817	0.316019	0.338926	0.344049	0.343161	0.335456	0.269856	0.338926	0.231774	0.292273	0.231774	0.315071	0.335456	0.181881	0.278018	0.348494	0.350579	0.285187	0.281567	0.331337	0.285187	0.263365	0.335574	0.321176	0.34494	0.234569	0.336696	0.329817	0.331643	0.245669	0.184316	0.30765	0.211753	0.334562	0.401935	0.303716	0.218258	0.234569	0.350228	0.314171	0.335456	0.34494	0.294165	0.222313	0.303848	0.299109	0.213521	0.364168	0.389811	0.35004	0.314171	0.310475	0.382461	0.195132	0.310475	0.35383	0.340772	0.213122	0.196602	0.394831	0.182642	0.343434	0.291574	0.310475	0.306158	0.379813	0.364446	0.329745	0.303716	0.354588	0.343373	0.369285	0.395764	0.303716	0.325701	0.350838	0.337817	0.311222	0.218258	0.33169	0.343373	0.340598	0.268028	0.344647	0.336696	0.389811	0.327974	0.281567	0.269222	0.339372	0.289032	0.33987	0.329005	0.352821	0.364168	0.364168	0.245278	0.329005	0.313294	0.289032	0.321403	0.33169	0.30765	0.35004	0.350919	0.371395	0.328689	0.32756	0.225317	0.34323	0.351304	0.192878	0.26723	0.376561	0.317428	0.371821	0.376561	0.219338	0.234569	0.35383	0.214433	0.329745	0.185286	0.224274	0.26723	0.214327	0.219338	0.352821	0.351304	0.332094	0.211753	0.214433	0.326093	0.364446	0.360952	0.256561	0.218258	0.354533
67000	slope	-0.233311	-0.28849	-0.200478	-0.235818	-0.239057	-0.239415	-0.301774	-0.282235	-0.18536	-0.260554	-0.254449	-0.285952	-0.184903	-0.202699	-0.170486	-0.212262	-0.315555	-0.240332	-0.285354	-0.259845	-0.351076	-0.242282	-0.262639	-0.248114	-0.240201	-0.290954	-0.290954	-0.280168	-0.29598	-0.295842	-0.25796	-0.302603	-0.272169	-0.274082	-0.290679	-0.236372	-0.288329	-0.327033	-0.239021	-0.26075	-0.169854	-0.303383	-0.292697	-0.281131	-0.273853	-0.296397	-0.279408	-0.186086	-0.23733	-0.319809	-0.280202	-0.273896	-0.32945	-0.272127	-0.266089	-0.255298	-0.27797	-0.226406	-0.221343	-0.273438	-0.282703	-0.233035	-0.217292	-0.288818	-0.218555	-0.227004	-0.249331	-0.236584	-0.320647	-0.288066	-0.266388	-0.252439	-0.28849	-0.280052	-0.207472	-0.311725	-0.185149	-0.248063	-0.265014	-0.197525	-0.259805	-0.325813	-0.216034	-0.208643	-0.298924	-0.28162	-0.224933	-0.269019	-0.333694	-0.26208	-0.250178	-0.287085	-0.266368	-0.253496	-0.228034	-0.273513	-0.27086	-0.282235	-0.314961	-0.300936	-0.194269	-0.191093	-0.228611	-0.234866	-0.263313	-0.339279	-0.213252	-0.255614	-0.2296	-0.313414	-0.164374	-0.284678	-0.145663	-0.253882	-0.27898	-0.272117	-0.313424	-0.314253	-0.30912	-0.203297	-0.25627	-0.231107	-0.300037	-0.276885	-0.180958	-0.299101	-0.269933	-0.221693	-0.162065	-0.224056	-0.283392	-0.340501	-0.250469	-0.233223	-0.174661	-0.255968	-0.312177	-0.251419	-0.292317	-0.265924	-0.223345	-0.220958	-0.209624	-0.276747	-0.283073	-0.242496	-0.3323	-0.344573	-0.320454	-0.283266	-0.204217	-0.280188	-0.302021	-0.234321	-0.287603	-0.251651	-0.310933	-0.274478	-0.308409	-0.234114	-0.29075	-0.287059	-0.341273	-0.221997	-0.283419	-0.285582	-0.198861	-0.258419	-0.220795	-0.176801	-0.184849	-0.292227	-0.251848	-0.189067	-0.262336	-0.253939	-0.188676	-0.312641	-0.163881	-0.335041	-0.277107	-0.277779	-0.305854	-0.296685	-0.285566	-0.26442	-0.233878	-0.269522	-0.273755	-0.266753	-0.247991	-0.268964	-0.258657	-0.277162	-0.282398	-0.286436	-0.243943	-0.330671	-0.236868	-0.262482	-0.298159	-0.290954	-0.292877	-0.233421	-0.320454	-0.185114	-0.268373	-0.300386	-0.190436	-0.300648	-0.267803	-0.252439	-0.236839	-0.27601	-0.263796	-0.152708	-0.138912	-0.225408	-0.308278	-0.203136	-0.264158	-0.292776	-0.287758	-0.138912	-0.262997	-0.292416	-0.259999	-0.264158	-0.250368	-0.328839	-0.10137	-0.157558	-0.274278	-0.252439	-0.302271	-0.328836	-0.231611	-0.191951	-0.29987	-0.264158	-0.278498	-0.111752	-0.200234	-0.295789	-0.278498	-0.275504	-0.281201	-0.111752	-0.29035	-0.269795	-0.216489	-0.308654	-0.259789	-0.286436	-0.153056	-0.355869	-0.295052	-0.292598	-0.30912	-0.255912	-0.272169	-0.303232	-0.349644	-0.219338	-0.18534	-0.146082	-0.138912	-0.370013	-0.283073	-0.282144	-0.22639	-0.28849	-0.222206	-0.150961	-0.232946	-0.279848	-0.157558	-0.301813	-0.305854	-0.214813	-0.370225	-0.290193	-0.181231	-0.30556	-0.391565	-0.303232	-0.289948	-0.232946	-0.213051	-0.29987	-0.249703	-0.273542	-0.219338	-0.261453	-0.219338	-0.36945	-0.310035	-0.258956	-0.290954	-0.175266	-0.264934	-0.265342	-0.405017	-0.249703	-0.369497	-0.216489	-0.291155	-0.223279	-0.394514	-0.233421	-0.290954	-0.21659	-0.263712	-0.281874	-0.147743	-0.300648	-0.29123	-0.245746	-0.282144	-0.288512	-0.259999	-0.214813	-0.281201	-0.170963	-0.261593	-0.308851	-0.27601	-0.215611	-0.213051	-0.0931208	-0.283073	-0.230527	-0.29273	-0.264034	-0.290954	-0.191311	-0.320454	-0.225408	-0.298924	-0.290954	-0.228837	-0.195307	-0.30912	-0.292742	-0.197594	-0.316768	-0.256853	-0.254313	-0.291294	-0.385694	-0.29987	-0.23101	-0.314854	-0.197594	-0.157558	-0.29987	-0.299342	-0.202603	-0.272169	-0.123219	-0.264158	-0.176801	-0.256291	-0.284758	-0.236839	-0.267971	-0.256671	-0.0979852	-0.32618	-0.191951	-0.176801	-0.123173	-0.26943	-0.283073	-0.328836	-0.256853	-0.248923	-0.170963	-0.269019	-0.301073	-0.260188	-0.29987	-0.28849	-0.204104	-0.181231	-0.282093	-0.186539	-0.29987	-0.370225	-0.27664	-0.29749	-0.213051	-0.236077	-0.298924	-0.19617	-0.284758	-0.259643	-0.215396	-0.253999	-0.303232
67000	intercept	0.27737	0.342235	0.287255	0.282799	0.335515	0.321285	0.358528	0.362884	0.287696	0.365106	0.314838	0.340827	0.240123	0.274298	0.260362	0.252827	0.369088	0.295715	0.346131	0.31411	0.378887	0.281508	0.337411	0.305421	0.331907	0.338241	0.327235	0.332653	0.373196	0.329639	0.328869	0.350402	0.376594	0.34348	0.361864	0.348452	0.344086	0.369497	0.334055	0.337649	0.283232	0.371911	0.350955	0.313054	0.323198	0.343195	0.343905	0.248512	0.283007	0.353332	0.346407	0.333129	0.377279	0.30885	0.338126	0.32179	0.334093	0.297332	0.288066	0.307971	0.311404	0.329457	0.32243	0.34795	0.291914	0.280114	0.319654	0.287945	0.386656	0.336761	0.311092	0.314574	0.342235	0.341221	0.248839	0.390954	0.25901	0.314425	0.319264	0.246618	0.318515	0.371359	0.292463	0.277988	0.327697	0.332894	0.317132	0.348172	0.390986	0.328834	0.285637	0.348138	0.318611	0.297487	0.321512	0.339223	0.339912	0.362884	0.328055	0.329734	0.300713	0.24888	0.30592	0.267694	0.332229	0.380959	0.274623	0.316166	0.296871	0.361202	0.254768	0.358718	0.228569	0.316917	0.337937	0.335192	0.362884	0.381942	0.347763	0.266665	0.309697	0.288932	0.336268	0.325671	0.281141	0.354874	0.31498	0.249557	0.253314	0.320428	0.329666	0.37284	0.294571	0.279602	0.269746	0.336169	0.371995	0.309402	0.315194	0.32765	0.275586	0.272414	0.273743	0.328909	0.315296	0.296126	0.351045	0.369223	0.352029	0.332965	0.250121	0.313397	0.360312	0.275906	0.357249	0.302525	0.36755	0.308212	0.35207	0.286216	0.332747	0.326592	0.377278	0.270283	0.304387	0.319825	0.260363	0.309894	0.286433	0.264617	0.269769	0.344451	0.33122	0.278543	0.322588	0.320924	0.254485	0.362239	0.22542	0.362939	0.361129	0.323911	0.328121	0.336637	0.34565	0.313686	0.28822	0.318056	0.353396	0.34218	0.311119	0.314256	0.329427	0.340598	0.329694	0.333725	0.314166	0.389501	0.312339	0.314974	0.366229	0.333114	0.315296	0.329609	0.352029	0.297665	0.330153	0.306232	0.224834	0.358126	0.344779	0.314574	0.287783	0.330046	0.35085	0.210137	0.209537	0.346457	0.325543	0.297483	0.312778	0.296203	0.349762	0.209537	0.350274	0.358542	0.325921	0.31132	0.332824	0.355401	0.225875	0.206841	0.31121	0.314574	0.385556	0.347953	0.285515	0.29723	0.314653	0.312778	0.330775	0.221427	0.268401	0.36806	0.330775	0.401314	0.350792	0.221427	0.366633	0.283627	0.33648	0.372759	0.338476	0.333725	0.212244	0.385905	0.328364	0.356813	0.345301	0.336044	0.376594	0.352265	0.414251	0.314761	0.303831	0.209537	0.209537	0.413829	0.315296	0.347513	0.307336	0.342235	0.279621	0.184936	0.307336	0.356894	0.212244	0.314523	0.335351	0.262816	0.410499	0.31872	0.257751	0.345301	0.399316	0.352265	0.333857	0.307336	0.24805	0.314653	0.307996	0.335058	0.31403	0.299096	0.31828	0.426859	0.37141	0.297704	0.330302	0.264617	0.279884	0.303454	0.426859	0.307288	0.412622	0.33648	0.284945	0.282071	0.39862	0.321927	0.365344	0.281924	0.312471	0.320383	0.19631	0.350092	0.285859	0.297704	0.329971	0.324776	0.325921	0.262816	0.350792	0.237492	0.347035	0.353737	0.327355	0.305873	0.249316	0.192458	0.315296	0.317132	0.341484	0.333857	0.328221	0.235862	0.360818	0.346457	0.327697	0.37295	0.307336	0.242945	0.340675	0.336637	0.257505	0.333478	0.365132	0.400519	0.363547	0.398865	0.313947	0.314171	0.359155	0.257505	0.212244	0.314653	0.355012	0.307336	0.376594	0.229985	0.31132	0.249205	0.303454	0.32245	0.290989	0.311033	0.311784	0.19621	0.367344	0.29723	0.264617	0.183782	0.320672	0.304909	0.347953	0.37876	0.279884	0.237492	0.348172	0.358126	0.297704	0.313161	0.342235	0.297665	0.257751	0.35964	0.246949	0.308313	0.413829	0.328364	0.349537	0.24805	0.262916	0.327697	0.251328	0.32385	0.310879	0.24805	0.355048	0.349623
68000	slope	-0.153626	-0.204281	-0.255675	-0.201761	-0.238491	-0.271281	-0.285885	-0.248996	-0.254658	-0.31424	-0.281861	-0.247045	-0.282578	-0.240648	-0.3365	-0.247832	-0.214671	-0.220925	-0.23394	-0.253934	-0.277631	-0.24581	-0.2268	-0.28067	-0.256759	-0.188601	-0.24561	-0.268314	-0.235064	-0.177413	-0.159738	-0.242605	-0.275447	-0.24561	-0.248791	-0.278133	-0.232832	-0.245363	-0.30929	-0.174727	-0.245633	-0.304637	-0.284054	-0.22582	-0.257463	-0.319753	-0.296472	-0.324832	-0.294844	-0.265897	-0.271843	-0.256041	-0.159151	-0.257753	-0.326019	-0.237466	-0.259552	-0.237466	-0.281097	-0.225267	-0.276832	-0.257848	-0.288666	-0.216617	-0.296513	-0.311675	-0.2709	-0.289868	-0.280115	-0.272027	-0.304249	-0.250942	-0.207149	-0.235558	-0.270026	-0.252962	-0.284614	-0.278746	-0.187564	-0.283642	-0.253986	-0.236184	-0.235403	-0.287463	-0.311587	-0.177376	-0.277053	-0.302921	-0.303507	-0.289523	-0.306748	-0.269329	-0.284473	-0.245766	-0.251311	-0.292631	-0.238942	-0.273489	-0.214341	-0.287813	-0.219791	-0.214375	-0.280915	-0.251005	-0.276508	-0.190603	-0.237471	-0.239292	-0.292581	-0.281362	-0.300616	-0.27368	-0.264161	-0.314226	-0.33713	-0.254324	-0.195546	-0.268361	-0.238501	-0.189217	-0.264788	-0.261731	-0.286961	-0.279688	-0.316315	-0.273013	-0.251103	-0.267983	-0.251506	-0.272966	-0.251112	-0.276985	-0.217409	-0.302073	-0.337651	-0.272611	-0.241845	-0.271754	-0.297417	-0.246747	-0.285333	-0.257675	-0.249189	-0.261334	-0.256343	-0.208531	-0.23447	-0.303582	-0.214455	-0.172954	-0.244288	-0.223739	-0.219474	-0.298637	-0.279096	-0.116533	-0.303512	-0.215979	-0.225655	-0.307709	-0.267854	-0.204415	-0.289786	-0.288099	-0.307684	-0.271961	-0.293077	-0.260132	-0.186349	-0.253718	-0.24374	-0.301667	-0.28565	-0.284901	-0.206648	-0.260053	-0.243502	-0.252962	-0.287137	-0.28481	-0.242588	-0.344069	-0.275894	-0.256759	-0.270586	-0.281169	-0.231585	-0.264889	-0.290804	-0.27195	-0.280581	-0.295419	-0.257569	-0.241848	-0.254961	-0.210737	-0.275962	-0.276551	-0.275856	-0.242843	-0.267217	-0.297435	-0.26335	-0.222088	-0.284404	-0.280194	-0.228402	-0.304847	-0.247205	-0.251945	-0.269207	-0.184928	-0.256336	-0.232832	-0.299056	-0.129393	-0.302311	-0.235026	-0.274746	-0.276544	-0.310609	-0.235708	-0.17469	-0.252962	-0.248791	-0.182263	-0.274746	-0.297435	-0.275149	-0.247832	-0.305725	-0.26751	-0.310609	-0.210189	-0.172222	-0.25116	-0.247205	-0.270201	-0.144186	-0.274591	-0.180448	-0.228347	-0.327938	-0.312446	-0.208962	-0.280194	-0.269972	-0.233286	-0.268355	-0.198971	-0.284901	-0.235228	-0.34178	-0.210189	-0.276816	-0.302921	-0.142718	-0.290841	-0.293128	-0.290804	-0.360553	-0.235792	-0.302921	-0.25704	-0.238935	-0.240037	-0.292863	-0.279073	-0.144186	-0.270072	-0.20361	-0.253789	-0.244062	-0.144186	-0.312446	-0.282241	-0.293128	-0.0960213	-0.285018	-0.267217	-0.318055	-0.230951	-0.247205	-0.24184	-0.22188	-0.223262	-0.169899	-0.178321	-0.271843	-0.246719	-0.293701	-0.22188	-0.244605	-0.278268	-0.305039	-0.24184	-0.282914	-0.189217	-0.272546	-0.284724	-0.275971	-0.293043	-0.250248	-0.279435	-0.25704	-0.24561	-0.21342	-0.309415	-0.302921	-0.250705	-0.268355	-0.237466	-0.236319	-0.302921	-0.277153	-0.314214	-0.247205	-0.265151	-0.284724	-0.293128	-0.247205	-0.246246	-0.34178	-0.178699	-0.272776	-0.275035	-0.228402	-0.144186	-0.216515	-0.248791	-0.278195	-0.231361	-0.282768	-0.151867	-0.228402	-0.231361	-0.338319	-0.283784	-0.220885	-0.307756	-0.287274	-0.280929	-0.265893	-0.24184	-0.318055	-0.302921	-0.21342	-0.284724	-0.293128	-0.302921	-0.169642	-0.302921	-0.250275	-0.274591	-0.312446	-0.26751	-0.184092	-0.295133	-0.317927	-0.216472	-0.275035	-0.293128	-0.297435	-0.104165	-0.25932	-0.314675	-0.319009	-0.185156	-0.263191	-0.252962	-0.269207	-0.317523	-0.32219	-0.329176	-0.24184	-0.24561	-0.281217	-0.265893	-0.293653	-0.234491	-0.185156	-0.26335	-0.184092	-0.310609	-0.312446	-0.25704	-0.271843	-0.28728	-0.312446	-0.283858	-0.228347	-0.24561	-0.276816	-0.144186	-0.307756	-0.144186	-0.232832	-0.278531	-0.284724	-0.266992
68000	intercept	0.203656	0.274766	0.315174	0.275541	0.322893	0.334335	0.318261	0.319797	0.330368	0.376227	0.303686	0.341373	0.345365	0.297492	0.341337	0.303497	0.265096	0.296362	0.323907	0.270273	0.312366	0.339621	0.282397	0.291981	0.299565	0.274689	0.321646	0.297794	0.327675	0.302539	0.245685	0.299556	0.318073	0.321646	0.323422	0.33924	0.239127	0.303916	0.36621	0.246342	0.294048	0.365476	0.325244	0.27701	0.287333	0.342054	0.347208	0.337884	0.353291	0.307437	0.289848	0.316101	0.245193	0.327458	0.343128	0.312604	0.291395	0.312604	0.344995	0.303565	0.338531	0.315224	0.33383	0.312389	0.325441	0.334716	0.31621	0.353078	0.327312	0.348097	0.314227	0.305712	0.249228	0.287946	0.32172	0.352845	0.336464	0.340019	0.253075	0.357796	0.312272	0.328814	0.329861	0.339924	0.357468	0.255058	0.302682	0.378503	0.342227	0.333523	0.343134	0.311753	0.330752	0.325822	0.319604	0.333011	0.304929	0.325368	0.257128	0.354085	0.323649	0.298047	0.331712	0.330703	0.32184	0.258709	0.337551	0.30098	0.364039	0.292802	0.329941	0.3165	0.326233	0.363647	0.413834	0.318373	0.25813	0.309033	0.307487	0.298887	0.333811	0.330198	0.330723	0.32421	0.347497	0.333873	0.319465	0.308687	0.308735	0.331847	0.318013	0.329797	0.281646	0.36641	0.376575	0.331778	0.302737	0.330128	0.333445	0.315922	0.332147	0.321742	0.318343	0.341966	0.30805	0.319071	0.340057	0.379023	0.278349	0.255784	0.314598	0.282226	0.290167	0.355455	0.357133	0.199386	0.358591	0.271082	0.284365	0.338115	0.310876	0.274681	0.343482	0.338939	0.343675	0.30309	0.348408	0.328399	0.286453	0.319336	0.297375	0.348302	0.299625	0.342227	0.278781	0.280054	0.319375	0.349709	0.349857	0.327181	0.309728	0.362194	0.334048	0.299565	0.338347	0.337371	0.293414	0.340543	0.328238	0.334012	0.317541	0.349538	0.325647	0.327821	0.32067	0.277292	0.327922	0.362335	0.349525	0.304212	0.341732	0.350951	0.310421	0.30119	0.323369	0.32174	0.278825	0.350951	0.294048	0.30119	0.314326	0.298844	0.284811	0.220464	0.321381	0.224273	0.339763	0.322587	0.331548	0.370471	0.353172	0.29577	0.179471	0.352845	0.323422	0.240535	0.331548	0.350951	0.352039	0.315165	0.384277	0.313701	0.353172	0.303965	0.311282	0.343332	0.289737	0.330822	0.207013	0.329628	0.276386	0.287333	0.334412	0.317552	0.310741	0.32174	0.345265	0.354627	0.342324	0.307657	0.342227	0.324044	0.341355	0.311464	0.315791	0.365038	0.207013	0.291852	0.331838	0.335406	0.365122	0.263177	0.375868	0.321742	0.327949	0.316591	0.375868	0.358051	0.207013	0.325752	0.311282	0.318414	0.294048	0.212631	0.317552	0.349576	0.331838	0.179893	0.291971	0.341732	0.327489	0.298174	0.294048	0.342746	0.315239	0.304418	0.307657	0.298198	0.289848	0.309453	0.376575	0.29538	0.296326	0.352618	0.355796	0.342746	0.345265	0.298887	0.283171	0.350782	0.321532	0.348801	0.304033	0.335798	0.321742	0.321646	0.287262	0.371806	0.380613	0.31401	0.342324	0.302698	0.322587	0.380613	0.358995	0.346505	0.294048	0.318757	0.340157	0.325709	0.296414	0.354627	0.357469	0.32355	0.29429	0.315308	0.278825	0.207013	0.287294	0.318437	0.326432	0.282317	0.278146	0.179471	0.278825	0.282317	0.337884	0.367137	0.23232	0.350951	0.339644	0.355844	0.318757	0.344319	0.327489	0.375868	0.287262	0.347986	0.331838	0.375868	0.225538	0.375868	0.302911	0.332583	0.317552	0.313701	0.226998	0.378503	0.355815	0.263742	0.315308	0.319278	0.350951	0.180079	0.344551	0.339766	0.337884	0.312976	0.323084	0.352845	0.325208	0.405578	0.387555	0.381229	0.342746	0.321646	0.319396	0.313876	0.338755	0.329902	0.312976	0.310421	0.226998	0.353172	0.317552	0.321742	0.276061	0.3442	0.317552	0.325752	0.287333	0.321646	0.327652	0.207013	0.350951	0.207013	0.220464	0.345811	0.352691	0.315791
69000	slope	-0.31567	-0.277436	-0.270793	-0.310462	-0.237261	-0.226104	-0.230561	-0.291286	-0.291345	-0.210522	-0.302562	-0.295666	-0.273656	-0.243319	-0.276481	-0.25452	-0.22353	-0.200124	-0.296529	-0.253501	-0.294281	-0.302564	-0.248891	-0.247517	-0.310963	-0.308889	-0.281998	-0.2585	-0.255653	-0.296106	-0.243865	-0.279175	-0.188295	-0.241522	-0.284757	-0.270248	-0.297487	-0.299515	-0.244344	-0.263461	-0.28272	-0.299808	-0.325517	-0.232697	-0.314711	-0.248518	-0.241152	-0.307164	-0.260566	-0.257055	-0.301439	-0.291283	-0.266015	-0.254297	-0.28474	-0.3148	-0.292271	-0.265757	-0.265416	-0.264685	-0.263398	-0.276364	-0.2826	-0.247979	-0.30556	-0.28071	-0.231866	-0.292364	-0.266189	-0.272542	-0.238769	-0.32816	-0.298293	-0.277974	-0.265719	-0.276689	-0.254303	-0.25754	-0.302654	-0.281433	-0.226254	-0.265662	-0.269704	-0.21873	-0.274006	-0.247259	-0.20113	-0.27877	-0.264863	-0.303481	-0.256774	-0.253993	-0.235981	-0.213524	-0.298269	-0.275558	-0.264268	-0.259798	-0.276487	-0.208162	-0.284378	-0.231672	-0.259558	-0.287579	-0.295725	-0.24551	-0.305512	-0.263719	-0.263555	-0.2563	-0.284757	-0.269425	-0.319073	-0.295471	-0.264851	-0.269175	-0.204261	-0.16522	-0.300718	-0.296727	-0.275345	-0.260233	-0.255952	-0.270171	-0.293155	-0.284965	-0.289664	-0.271778	-0.247427	-0.25786	-0.189232	-0.301083	-0.251919	-0.288765	-0.244631	-0.261376	-0.261143	-0.280322	-0.265397	-0.274647	-0.303699	-0.286955	-0.286923	-0.298932	-0.257256	-0.261722	-0.2514	-0.277085	-0.257458	-0.228594	-0.253765	-0.282702	-0.254864	-0.318754	-0.239986	-0.261275	-0.287034	-0.272213	-0.283072	-0.303927	-0.273875	-0.248176	-0.276532	-0.240881	-0.296806	-0.291465	-0.231112	-0.201913	-0.242097	-0.273245	-0.253173	-0.271385	-0.289889	-0.275904	-0.278044	-0.265992	-0.26375	-0.264767	-0.307136	-0.264995	-0.206279	-0.320265	-0.240824	-0.281436	-0.297123	-0.285449	-0.265916	-0.266437	-0.299806	-0.286231	-0.277413	-0.257965	-0.239371	-0.316324	-0.269318	-0.289403	-0.159129	-0.287819	-0.257443	-0.269385	-0.210294	-0.305897	-0.300767	-0.314209	-0.29326	-0.298164	-0.303737	-0.264528	-0.219587	-0.275575	-0.267077	-0.311673	-0.281806	-0.266359	-0.148172	-0.30313	-0.339948	-0.266359	-0.253766	-0.301544	-0.350859	-0.266359	-0.286332	-0.266359	-0.243535	-0.29326	-0.165394	-0.25963	-0.276584	-0.264386	-0.262925	-0.297123	-0.216203	-0.285148	-0.148172	-0.307855	-0.268619	-0.266359	-0.302245	-0.266154	-0.255756	-0.159129	-0.22461	-0.277335	-0.233567	-0.319419	-0.266511	-0.28317	-0.326351	-0.269827	-0.140802	-0.260277	-0.289828	-0.297694	-0.305794	-0.3399	-0.237444	-0.232011	-0.269104	-0.298914	-0.240222	-0.353294	-0.278267	-0.322531	-0.26624	-0.305231	-0.280473	-0.217246	-0.263903	-0.225846	-0.28474	-0.287367	-0.299941	-0.339948	-0.266	-0.317048	-0.260178	-0.220044	-0.250642	-0.28474	-0.242122	-0.269358	-0.22461	-0.312988	-0.3148	-0.295203	-0.220044	-0.225965	-0.223875	-0.3148	-0.244122	-0.306743	-0.29356	-0.271166	-0.298164	-0.273881	-0.291223	-0.278803	-0.25323	-0.291465	-0.240011	-0.254849	-0.274076	-0.26375	-0.217809	-0.303737	-0.22512	-0.232011	-0.204138	-0.261245	-0.244676	-0.331635	-0.275904	-0.3148	-0.289828	-0.271166	-0.269976	-0.311509	-0.250642	-0.26375	-0.253501	-0.278803	-0.210294	-0.299941	-0.244122	-0.300761	-0.224805	-0.3148	-0.239986	-0.255756	-0.244122	-0.241416	-0.264874	-0.255653	-0.25323	-0.222346	-0.304861	-0.252313	-0.260786	-0.159129	-0.278749	-0.266359	-0.267506	-0.273879	-0.269104	-0.311673	-0.311159	-0.273561	-0.275832	-0.26624	-0.225846	-0.230333	-0.268619	-0.256191	-0.239986	-0.287297	-0.297555	-0.271166	-0.278284	-0.294755	-0.258716	-0.307855	-0.293092	-0.271765	-0.326351	-0.247832	-0.228417	-0.269827	-0.336744	-0.305063	-0.331635	-0.297758	-0.247832	-0.247832	-0.262925	-0.292271	-0.253501	-0.256967	-0.154903	-0.153673	-0.271441	-0.28474	-0.3148	-0.255653	-0.291103	-0.253766	-0.312988	-0.217216	-0.169956	-0.275923	-0.3148	-0.275904	-0.276584	-0.266359	-0.309356	-0.273561	-0.301544	-0.228417	-0.3399	-0.304623
69000	intercept	0.344794	0.316454	0.306037	0.339788	0.290259	0.269628	0.316919	0.327126	0.32244	0.269009	0.357086	0.345308	0.335043	0.307457	0.343642	0.330615	0.267505	0.272546	0.313772	0.335835	0.319828	0.334046	0.326972	0.333701	0.347154	0.359909	0.320429	0.306012	0.33783	0.341362	0.307319	0.344168	0.252813	0.29944	0.301192	0.325481	0.319038	0.332883	0.308715	0.346953	0.341771	0.377684	0.382219	0.339557	0.364716	0.283975	0.338726	0.360075	0.320015	0.328491	0.345869	0.354082	0.334817	0.316297	0.306485	0.335959	0.328557	0.314781	0.308781	0.298599	0.337546	0.298731	0.339988	0.307357	0.351705	0.295057	0.282723	0.340377	0.318923	0.313825	0.31146	0.368956	0.358306	0.339192	0.307062	0.314198	0.323427	0.294021	0.33824	0.330041	0.348523	0.320912	0.304186	0.258383	0.339961	0.3129	0.24793	0.379966	0.305734	0.365404	0.351217	0.344985	0.315393	0.269032	0.333354	0.325284	0.321283	0.341179	0.34785	0.26675	0.38004	0.267002	0.305977	0.329269	0.35097	0.302795	0.338802	0.336068	0.307061	0.317995	0.321197	0.33803	0.363711	0.349852	0.319721	0.315884	0.283334	0.220434	0.323887	0.32005	0.333513	0.303871	0.319933	0.327285	0.327363	0.332498	0.306598	0.334271	0.278829	0.322901	0.262026	0.33987	0.323837	0.356992	0.327869	0.349084	0.313524	0.316589	0.340681	0.354151	0.354234	0.339173	0.367662	0.380808	0.287808	0.3083	0.313158	0.336769	0.311793	0.319087	0.320416	0.344826	0.312612	0.381751	0.360177	0.318493	0.320772	0.332942	0.339676	0.359755	0.319069	0.309848	0.339682	0.283358	0.374851	0.345419	0.318546	0.283417	0.306964	0.327912	0.344168	0.323451	0.33326	0.319572	0.326205	0.332471	0.314157	0.326318	0.368909	0.31975	0.27085	0.350525	0.297699	0.31563	0.344525	0.34064	0.33078	0.320616	0.320485	0.335664	0.311329	0.326278	0.34166	0.339868	0.320411	0.333809	0.237748	0.330127	0.310042	0.33835	0.33281	0.355921	0.348637	0.397636	0.347856	0.319746	0.343454	0.277238	0.308982	0.350302	0.327215	0.333812	0.316539	0.329684	0.218197	0.32089	0.358997	0.314076	0.334681	0.347464	0.382321	0.318661	0.338958	0.318661	0.293178	0.33877	0.214529	0.272635	0.304547	0.323503	0.307404	0.344525	0.301788	0.337717	0.218197	0.315574	0.291595	0.340858	0.33405	0.327856	0.34145	0.237748	0.278839	0.321448	0.290106	0.328105	0.285874	0.319438	0.364365	0.273053	0.17546	0.359607	0.345882	0.36091	0.375852	0.346743	0.30881	0.266339	0.331196	0.357578	0.260276	0.383202	0.330693	0.415603	0.362221	0.386715	0.324719	0.261038	0.312421	0.289536	0.306485	0.343782	0.361604	0.369493	0.335348	0.369996	0.349525	0.316347	0.293363	0.31112	0.324351	0.32106	0.289536	0.335522	0.348128	0.379517	0.316347	0.308982	0.260276	0.335959	0.317373	0.354853	0.344765	0.328974	0.327589	0.310599	0.33255	0.361756	0.303523	0.345419	0.310316	0.322572	0.304886	0.308147	0.293985	0.33405	0.315035	0.266339	0.294875	0.322737	0.293363	0.337839	0.319572	0.331775	0.345882	0.328974	0.339621	0.34472	0.296011	0.308147	0.315485	0.361756	0.33281	0.335325	0.317373	0.36599	0.311019	0.335959	0.360177	0.34145	0.317373	0.334681	0.31854	0.33783	0.301751	0.291723	0.375852	0.292437	0.304597	0.237748	0.355375	0.318661	0.340309	0.339621	0.331196	0.336506	0.347031	0.329793	0.348637	0.362221	0.289536	0.301455	0.291595	0.308335	0.360177	0.322949	0.339334	0.317737	0.335348	0.379517	0.349757	0.319561	0.351572	0.358636	0.373523	0.316227	0.287429	0.29205	0.380582	0.32106	0.350034	0.313607	0.308935	0.293178	0.303619	0.328557	0.312017	0.305395	0.17546	0.216153	0.316539	0.311851	0.351737	0.33783	0.338958	0.334681	0.335522	0.322212	0.239236	0.335242	0.335959	0.319572	0.304547	0.318661	0.331566	0.329793	0.347464	0.287429	0.346743	0.344043
70000	slope	-0.247966	-0.293316	-0.271455	-0.311345	-0.247936	-0.241004	-0.260006	-0.286373	-0.268632	-0.27588	-0.288521	-0.227806	-0.306541	-0.262449	-0.272661	-0.285792	-0.285377	-0.328702	-0.269971	-0.268341	-0.290668	-0.31708	-0.285063	-0.267734	-0.270616	-0.233536	-0.274043	-0.271684	-0.247706	-0.268529	-0.305602	-0.290052	-0.277811	-0.246083	-0.274557	-0.270141	-0.241247	-0.315839	-0.270837	-0.236809	-0.253681	-0.265109	-0.25114	-0.261719	-0.158434	-0.229078	-0.261154	-0.295854	-0.329669	-0.324542	-0.283752	-0.302808	-0.258448	-0.273592	-0.251643	-0.29383	-0.281541	-0.292203	-0.247455	-0.251096	-0.309888	-0.310863	-0.303815	-0.271431	-0.251073	-0.250594	-0.275927	-0.2867	-0.28325	-0.271703	-0.315234	-0.354272	-0.294332	-0.279808	-0.273469	-0.268424	-0.265709	-0.23728	-0.284243	-0.307165	-0.304335	-0.306444	-0.269396	-0.297613	-0.371538	-0.240294	-0.260672	-0.262965	-0.282903	-0.284562	-0.29067	-0.24176	-0.163731	-0.266843	-0.304959	-0.286771	-0.267805	-0.248187	-0.287715	-0.274027	-0.248126	-0.306304	-0.242805	-0.276079	-0.271967	-0.296727	-0.227425	-0.300048	-0.311197	-0.245193	-0.309881	-0.292202	-0.308439	-0.282599	-0.264552	-0.32612	-0.216525	-0.289491	-0.23582	-0.285667	-0.215301	-0.266891	-0.236182	-0.265383	-0.197228	-0.275347	-0.249866	-0.346952	-0.222941	-0.273418	-0.287	-0.330783	-0.254369	-0.28496	-0.300553	-0.2879	-0.278425	-0.255259	-0.273879	-0.261147	-0.309092	-0.280102	-0.212693	-0.315108	-0.282853	-0.299011	-0.282035	-0.294776	-0.293781	-0.299264	-0.207496	-0.285535	-0.250438	-0.322004	-0.306165	-0.233027	-0.247762	-0.257748	-0.259837	-0.292456	-0.275455	-0.265986	-0.2621	-0.276441	-0.277877	-0.31872	-0.260397	-0.255147	-0.262876	-0.281916	-0.26592	-0.288837	-0.248582	-0.283182	-0.261132	-0.258957	-0.293337	-0.285532	-0.281821	-0.25988	-0.282127	-0.271244	-0.281678	-0.266199	-0.324829	-0.285172	-0.213375	-0.193664	-0.263377	-0.218457	-0.231234	-0.291293	-0.272307	-0.276624	-0.257253	-0.205897	-0.234922	-0.2806	-0.226631	-0.253052	-0.29301	-0.323489	-0.155062	-0.223851	-0.28003	-0.226677	-0.371538	-0.273349	-0.298234	-0.238309	-0.282903	-0.303279	-0.311577	-0.296866	-0.265052	-0.298234	-0.276018	-0.264673	-0.289569	-0.249459	-0.285123	-0.314235	-0.261808	-0.250118	-0.300234	-0.31145	-0.271632	-0.219539	-0.308827	-0.24409	-0.269866	-0.260623	-0.173177	-0.32967	-0.156948	-0.277922	-0.197228	-0.225205	-0.291293	-0.227494	-0.151964	-0.266115	-0.324542	-0.24088	-0.241111	-0.261553	-0.27138	-0.282513	-0.277877	-0.298726	-0.291293	-0.242954	-0.268077	-0.281129	-0.354272	-0.286532	-0.197228	-0.324542	-0.314096	-0.2748	-0.236182	-0.321187	-0.290253	-0.267437	-0.221993	-0.234511	-0.220178	-0.300059	-0.285898	-0.293668	-0.289198	-0.28495	-0.275244	-0.296866	-0.253895	-0.314096	-0.284019	-0.351648	-0.234895	-0.264363	-0.267476	-0.277877	-0.304394	-0.246879	-0.236182	-0.250118	-0.287056	-0.181927	-0.246218	-0.278101	-0.285255	-0.281129	-0.2142	-0.263951	-0.303562	-0.292456	-0.275244	-0.173177	-0.275244	-0.244875	-0.18477	-0.246879	-0.253465	-0.225205	-0.2975	-0.243849	-0.151964	-0.285123	-0.281129	-0.307607	-0.351648	-0.286212	-0.249459	-0.312899	-0.290821	-0.249505	-0.26459	-0.250118	-0.27704	-0.322418	-0.309684	-0.312899	-0.249459	-0.250118	-0.325117	-0.250118	-0.152502	-0.270174	-0.272347	-0.304336	-0.224991	-0.154489	-0.27411	-0.290011	-0.285571	-0.303562	-0.282408	-0.29301	-0.249459	-0.300059	-0.243564	-0.321431	-0.234895	-0.197228	-0.241247	-0.295221	-0.197228	-0.216008	-0.219432	-0.282408	-0.220712	-0.238242	-0.334336	-0.287572	-0.173177	-0.295221	-0.322418	-0.261936	-0.280536	-0.303648	-0.261955	-0.241247	-0.270174	-0.275455	-0.270174	-0.285571	-0.228076	-0.256386	-0.28003	-0.305681	-0.24646	-0.263951	-0.280589	-0.270174	-0.222281	-0.173177	-0.249459	-0.284324	-0.351648	-0.324542	-0.289569	-0.261076	-0.286838	-0.298234	-0.236182	-0.255924	-0.274785	-0.267446	-0.23431	-0.246759	-0.24255	-0.308827	-0.281129	-0.289538	-0.262808	-0.270174	-0.234511	-0.307954	-0.303648	-0.290821
70000	intercept	0.309064	0.331263	0.316601	0.34462	0.307479	0.304983	0.319601	0.340146	0.312643	0.3426	0.360099	0.289267	0.350854	0.306381	0.329359	0.325129	0.331596	0.37514	0.3303	0.309241	0.367556	0.382987	0.311207	0.338862	0.336978	0.312066	0.33072	0.324436	0.316088	0.330808	0.326244	0.342007	0.314862	0.314168	0.340993	0.331494	0.396256	0.389096	0.332642	0.291229	0.365731	0.324007	0.29268	0.336805	0.289162	0.322133	0.337313	0.331455	0.375681	0.325527	0.364844	0.355916	0.336696	0.360304	0.313019	0.322346	0.336498	0.317755	0.319232	0.296419	0.359148	0.396852	0.338759	0.325286	0.324783	0.297974	0.316598	0.334469	0.317221	0.342222	0.367491	0.395179	0.340607	0.328417	0.345393	0.324661	0.336824	0.298521	0.326839	0.337784	0.364952	0.379478	0.364016	0.344118	0.41223	0.32234	0.330068	0.316162	0.309094	0.325947	0.345521	0.30917	0.291859	0.330866	0.327612	0.332925	0.315569	0.338352	0.326163	0.324713	0.289334	0.333133	0.316349	0.30365	0.329678	0.355251	0.302778	0.324815	0.308185	0.306301	0.373477	0.341108	0.336302	0.339132	0.312293	0.363195	0.297583	0.335942	0.334847	0.347548	0.314702	0.374636	0.293425	0.32383	0.275749	0.326726	0.315481	0.332017	0.315019	0.324931	0.331285	0.365865	0.309068	0.330783	0.388041	0.333208	0.333081	0.309893	0.313842	0.320365	0.335054	0.335374	0.285886	0.331211	0.333592	0.36739	0.339103	0.346232	0.318467	0.385302	0.326531	0.347098	0.292631	0.335761	0.339846	0.27421	0.305311	0.294128	0.334353	0.321498	0.340103	0.341189	0.331302	0.325432	0.333906	0.374403	0.319797	0.330433	0.308594	0.346237	0.3476	0.308548	0.347215	0.365903	0.32534	0.330779	0.334	0.337294	0.336424	0.361214	0.351761	0.323777	0.345063	0.31854	0.340538	0.328277	0.31464	0.309187	0.342634	0.319153	0.285989	0.337925	0.335751	0.3277	0.292229	0.312828	0.304238	0.337928	0.280369	0.305941	0.323886	0.339745	0.292596	0.275417	0.343798	0.316209	0.41223	0.38364	0.359857	0.347076	0.309094	0.311009	0.334258	0.429351	0.335156	0.350711	0.359583	0.322694	0.323763	0.333215	0.339271	0.341443	0.307595	0.314972	0.324012	0.323053	0.307595	0.278911	0.377334	0.326655	0.336836	0.345007	0.300259	0.341443	0.291859	0.348448	0.265763	0.321344	0.337925	0.255018	0.292921	0.335205	0.34031	0.283103	0.305689	0.31576	0.31991	0.346073	0.333906	0.347328	0.323695	0.304057	0.319117	0.324685	0.395179	0.33382	0.265763	0.346535	0.351556	0.292	0.285016	0.338057	0.331659	0.337443	0.320187	0.298005	0.338413	0.350854	0.325008	0.348337	0.353852	0.338424	0.336041	0.408767	0.347941	0.351556	0.337544	0.430671	0.316939	0.330296	0.31576	0.333906	0.30387	0.34747	0.293425	0.322081	0.346073	0.287036	0.34117	0.337544	0.337544	0.336694	0.270903	0.294831	0.314058	0.321498	0.329044	0.300259	0.329044	0.331162	0.334847	0.34747	0.323309	0.322793	0.335054	0.347076	0.292921	0.326284	0.339132	0.349026	0.425774	0.355826	0.333215	0.408496	0.336374	0.3295	0.331068	0.314972	0.339207	0.358434	0.331211	0.408496	0.340676	0.316007	0.337318	0.3295	0.291859	0.312358	0.319139	0.376396	0.333215	0.285975	0.346073	0.338042	0.383252	0.314058	0.333368	0.323886	0.340676	0.350854	0.314388	0.412344	0.314585	0.265763	0.383063	0.322107	0.275749	0.303105	0.321281	0.338224	0.29574	0.308588	0.358434	0.325008	0.300259	0.322107	0.358434	0.326902	0.330263	0.312517	0.331561	0.383063	0.305158	0.3215	0.312358	0.383252	0.30698	0.383063	0.343798	0.362419	0.264999	0.294831	0.313008	0.305158	0.312823	0.300259	0.333215	0.402968	0.430671	0.34031	0.323763	0.304897	0.338109	0.359857	0.293425	0.320337	0.339238	0.322375	0.352718	0.293425	0.293425	0.377334	0.336694	0.38813	0.3226	0.312358	0.298005	0.336895	0.3195	0.337443
71000	slope	-0.290667	-0.275785	-0.239041	-0.303717	-0.27617	-0.301529	-0.184608	-0.277143	-0.280174	-0.26943	-0.260851	-0.256766	-0.235551	-0.268037	-0.270352	-0.197077	-0.255844	-0.310255	-0.208013	-0.269604	-0.295323	-0.322114	-0.220003	-0.273401	-0.244202	-0.297185	-0.245932	-0.304572	-0.251164	-0.239453	-0.264991	-0.232035	-0.237099	-0.307612	-0.24703	-0.268037	-0.241773	-0.238216	-0.298685	-0.258162	-0.285999	-0.282718	-0.309718	-0.21459	-0.266332	-0.305635	-0.337199	-0.342583	-0.297554	-0.306116	-0.274381	-0.293278	-0.278638	-0.311631	-0.341419	-0.291067	-0.292071	-0.284828	-0.294079	-0.291126	-0.305445	-0.273307	-0.303041	-0.220297	-0.253512	-0.228742	-0.241257	-0.305445	-0.309986	-0.291674	-0.345645	-0.274627	-0.220395	-0.235821	-0.288208	-0.28377	-0.24866	-0.279744	-0.295743	-0.297797	-0.280614	-0.252237	-0.257917	-0.300968	-0.299361	-0.277854	-0.235862	-0.278882	-0.289282	-0.224489	-0.241609	-0.239355	-0.284761	-0.235611	-0.334854	-0.184918	-0.294278	-0.2808	-0.249492	-0.29244	-0.263355	-0.324109	-0.257928	-0.24426	-0.270543	-0.228709	-0.248083	-0.345763	-0.263158	-0.284489	-0.261163	-0.341754	-0.202503	-0.212346	-0.253576	-0.298658	-0.289465	-0.229633	-0.293095	-0.248869	-0.279164	-0.303314	-0.271872	-0.267595	-0.182522	-0.21675	-0.23393	-0.303243	-0.297221	-0.238171	-0.227792	-0.293624	-0.317806	-0.248562	-0.312114	-0.193063	-0.278	-0.296544	-0.271018	-0.291102	-0.310224	-0.305015	-0.285685	-0.225811	-0.300059	-0.283081	-0.30753	-0.271579	-0.292244	-0.244631	-0.251724	-0.288847	-0.291508	-0.233787	-0.306162	-0.282947	-0.2813	-0.248686	-0.280792	-0.277545	-0.341754	-0.278085	-0.247457	-0.261044	-0.203574	-0.307905	-0.288907	-0.320496	-0.286279	-0.237599	-0.231104	-0.296011	-0.236528	-0.221019	-0.231395	-0.259317	-0.277961	-0.26921	-0.304722	-0.291646	-0.254203	-0.279885	-0.289214	-0.301349	-0.24492	-0.289045	-0.274236	-0.258038	-0.292916	-0.326764	-0.287228	-0.263073	-0.279668	-0.336832	-0.274686	-0.276875	-0.221022	-0.291494	-0.297145	-0.268528	-0.343393	-0.273307	-0.272096	-0.31509	-0.314739	-0.307485	-0.314739	-0.318269	-0.255358	-0.284489	-0.28121	-0.303717	-0.288467	-0.297158	-0.214256	-0.259043	-0.314739	-0.231559	-0.30862	-0.273307	-0.252737	-0.206445	-0.240959	-0.304572	-0.277925	-0.214256	-0.285799	-0.208369	-0.231395	-0.297158	-0.293874	-0.276875	-0.291615	-0.325276	-0.267537	-0.305927	-0.293874	-0.277999	-0.264224	-0.270333	-0.295602	-0.257741	-0.279403	-0.306371	-0.172396	-0.191731	-0.248015	-0.285966	-0.290896	-0.270156	-0.300681	-0.293661	-0.320496	-0.292244	-0.232236	-0.26435	-0.191942	-0.303717	-0.283527	-0.26435	-0.304402	-0.274484	-0.300777	-0.232236	-0.232236	-0.283302	-0.197077	-0.276875	-0.251662	-0.301022	-0.263885	-0.295602	-0.291646	-0.232236	-0.169694	-0.314383	-0.300681	-0.32637	-0.191942	-0.289465	-0.332001	-0.302826	-0.242968	-0.257509	-0.187723	-0.31494	-0.252748	-0.289325	-0.25654	-0.281945	-0.248015	-0.273849	-0.275465	-0.214256	-0.297466	-0.25988	-0.219962	-0.272666	-0.2348	-0.234976	-0.182522	-0.294079	-0.207217	-0.281316	-0.252748	-0.231395	-0.301165	-0.278765	-0.303041	-0.197134	-0.205287	-0.378062	-0.257741	-0.305541	-0.281316	-0.213452	-0.31784	-0.312935	-0.262778	-0.25988	-0.266333	-0.209528	-0.392813	-0.266333	-0.179509	-0.378062	-0.30978	-0.241539	-0.284489	-0.314739	-0.26435	-0.221022	-0.25262	-0.206445	-0.165353	-0.246449	-0.231628	-0.211433	-0.298592	-0.185117	-0.300777	-0.28308	-0.289465	-0.26976	-0.25968	-0.191942	-0.300681	-0.286631	-0.257741	-0.237873	-0.320643	-0.378062	-0.274485	-0.205287	-0.303717	-0.259193	-0.250532	-0.304281	-0.299297	-0.292262	-0.221829	-0.266333	-0.281316	-0.29153	-0.261271	-0.303041	-0.31494	-0.30978	-0.329053	-0.250532	-0.307485	-0.270156	-0.285799	-0.252256	-0.297396	-0.288384	-0.214256	-0.274485	-0.269041	-0.273849	-0.26871	-0.23576	-0.215368	-0.307283	-0.203745	-0.274485	-0.305249	-0.32637	-0.263304	-0.182863	-0.250532	-0.307219	-0.261936	-0.270333	-0.164143	-0.203739	-0.268976	-0.164143	-0.318008	-0.221022
71000	intercept	0.333685	0.363151	0.296001	0.370526	0.348469	0.355995	0.262149	0.333459	0.318785	0.359745	0.33856	0.321294	0.305088	0.317847	0.327522	0.249226	0.327192	0.334101	0.301911	0.283908	0.341454	0.361436	0.308375	0.35068	0.325464	0.351286	0.300122	0.341681	0.304731	0.295413	0.316637	0.323528	0.293979	0.365398	0.330967	0.317847	0.308096	0.30343	0.339352	0.328834	0.353007	0.332322	0.325175	0.306616	0.326181	0.371528	0.344566	0.374764	0.369464	0.332651	0.326264	0.332738	0.338252	0.367565	0.389247	0.335347	0.353632	0.349253	0.327589	0.362244	0.362018	0.358432	0.310583	0.287984	0.295374	0.328135	0.328704	0.362018	0.342018	0.38394	0.388075	0.343074	0.27189	0.299361	0.313482	0.354203	0.34859	0.363283	0.335131	0.361906	0.317679	0.319843	0.324913	0.357779	0.366915	0.33321	0.310046	0.29987	0.329257	0.294945	0.280018	0.300195	0.347346	0.290098	0.367726	0.249226	0.360607	0.335175	0.310322	0.323101	0.338833	0.372228	0.327059	0.303579	0.338855	0.273225	0.329331	0.388423	0.320259	0.336076	0.330828	0.385043	0.280382	0.28247	0.306607	0.385542	0.365046	0.271608	0.338237	0.300433	0.328801	0.363619	0.328333	0.324387	0.25653	0.289788	0.319244	0.352145	0.314461	0.341889	0.309123	0.348641	0.389551	0.331348	0.374731	0.25075	0.364452	0.389425	0.337524	0.350765	0.391762	0.381608	0.367037	0.304791	0.357652	0.318785	0.362701	0.350707	0.34195	0.322481	0.293083	0.361518	0.316623	0.317081	0.343417	0.341321	0.36182	0.312333	0.334085	0.343532	0.385043	0.312639	0.313883	0.3085	0.31418	0.371052	0.356703	0.373988	0.347892	0.36206	0.310525	0.365783	0.293951	0.274841	0.256239	0.296655	0.354547	0.314431	0.348218	0.297024	0.31386	0.384146	0.34441	0.335197	0.316226	0.3583	0.338005	0.337576	0.326935	0.37809	0.325966	0.374808	0.312169	0.41257	0.351614	0.349566	0.316827	0.356257	0.344576	0.32318	0.399684	0.36631	0.356155	0.353783	0.355887	0.388181	0.35035	0.379454	0.337885	0.336076	0.29562	0.373988	0.356097	0.313052	0.268151	0.316701	0.35035	0.30826	0.34195	0.358432	0.363795	0.286915	0.342264	0.341681	0.338043	0.268151	0.307248	0.271493	0.245644	0.325754	0.374188	0.349566	0.384452	0.349366	0.354704	0.362018	0.373988	0.327736	0.321613	0.307491	0.383513	0.328596	0.283908	0.389839	0.274918	0.267555	0.294023	0.332738	0.327609	0.343997	0.380726	0.329689	0.373988	0.317919	0.312074	0.349042	0.280683	0.373988	0.34501	0.340774	0.369384	0.346133	0.325754	0.312848	0.312074	0.356155	0.249016	0.333847	0.381944	0.325683	0.339498	0.383513	0.297024	0.312074	0.25083	0.373988	0.384367	0.34444	0.280683	0.365046	0.358157	0.367469	0.336158	0.286503	0.274918	0.368598	0.349711	0.282001	0.35026	0.324603	0.290545	0.374343	0.33484	0.268151	0.320981	0.304445	0.256239	0.36657	0.345547	0.312097	0.25653	0.327589	0.266439	0.345767	0.349711	0.256239	0.361139	0.383513	0.310583	0.270209	0.263898	0.408068	0.328596	0.354559	0.346005	0.276709	0.375111	0.327589	0.327006	0.2935	0.317977	0.253235	0.405325	0.332801	0.27776	0.415806	0.368779	0.327006	0.326178	0.35035	0.349042	0.316827	0.32176	0.286915	0.246845	0.351708	0.256239	0.266124	0.357652	0.291725	0.324499	0.359192	0.365046	0.386068	0.3289	0.280683	0.380726	0.294432	0.322912	0.290545	0.359709	0.408068	0.339188	0.263898	0.38822	0.383639	0.32534	0.373988	0.339738	0.383513	0.334058	0.332801	0.345767	0.318836	0.353154	0.310583	0.354158	0.368779	0.362451	0.32534	0.367469	0.343997	0.307248	0.369695	0.350132	0.357652	0.268151	0.347303	0.339188	0.374343	0.316158	0.334058	0.27452	0.315908	0.274841	0.339188	0.373966	0.343501	0.278376	0.265878	0.32534	0.339887	0.370939	0.289829	0.259437	0.276496	0.316158	0.262844	0.361596	0.316827
72000	slope	-0.219311	-0.283602	-0.32983	-0.254798	-0.249401	-0.261246	-0.28046	-0.215081	-0.302367	-0.280307	-0.25701	-0.251917	-0.302183	-0.242286	-0.192496	-0.19157	-0.225782	-0.280874	-0.247515	-0.238945	-0.244345	-0.276432	-0.287226	-0.287434	-0.238742	-0.300062	-0.305207	-0.225649	-0.220399	-0.246562	-0.27331	-0.343824	-0.243465	-0.304811	-0.291008	-0.291789	-0.225677	-0.250353	-0.293696	-0.286098	-0.23519	-0.280275	-0.286178	-0.259475	-0.31515	-0.263106	-0.269108	-0.22794	-0.172317	-0.31045	-0.218819	-0.282087	-0.193174	-0.243397	-0.285751	-0.285349	-0.195897	-0.283124	-0.283129	-0.243584	-0.346404	-0.267437	-0.295448	-0.244449	-0.231828	-0.278329	-0.246554	-0.244156	-0.281377	-0.181959	-0.245092	-0.276771	-0.21987	-0.300781	-0.240748	-0.224336	-0.253093	-0.280842	-0.266333	-0.271641	-0.322274	-0.231048	-0.32983	-0.277294	-0.279446	-0.321845	-0.287447	-0.193695	-0.288789	-0.234169	-0.289737	-0.231479	-0.316724	-0.30817	-0.294603	-0.333213	-0.302229	-0.28459	-0.19759	-0.295278	-0.244572	-0.270774	-0.282087	-0.288529	-0.281476	-0.151026	-0.20605	-0.256473	-0.200268	-0.228421	-0.320692	-0.200466	-0.259401	-0.233241	-0.291329	-0.323629	-0.287632	-0.240462	-0.248774	-0.244374	-0.23362	-0.315063	-0.258863	-0.30208	-0.28192	-0.293593	-0.293358	-0.219615	-0.205282	-0.208459	-0.281077	-0.270226	-0.229969	-0.210136	-0.250601	-0.256801	-0.223062	-0.208321	-0.246181	-0.287807	-0.256126	-0.270931	-0.206529	-0.274783	-0.313179	-0.207327	-0.264651	-0.243193	-0.258768	-0.300988	-0.286477	-0.291653	-0.298203	-0.309453	-0.203589	-0.256283	-0.312772	-0.241083	-0.28259	-0.29016	-0.276756	-0.194107	-0.246355	-0.242567	-0.234219	-0.304091	-0.304567	-0.259723	-0.219468	-0.269602	-0.227579	-0.206021	-0.175255	-0.27737	-0.305345	-0.225077	-0.232675	-0.260638	-0.224363	-0.317306	-0.200078	-0.284836	-0.258369	-0.232529	-0.298817	-0.205905	-0.302478	-0.210138	-0.294603	-0.247092	-0.240675	-0.27818	-0.316735	-0.283044	-0.245596	-0.310413	-0.281055	-0.332907	-0.195127	-0.245198	-0.20449	-0.300339	-0.215531	-0.317784	-0.28212	-0.26835	-0.206762	-0.346404	-0.216682	-0.183877	-0.252419	-0.293176	-0.302229	-0.291062	-0.183877	-0.276001	-0.227479	-0.271674	-0.26955	-0.24715	-0.288789	-0.271701	-0.282764	-0.194107	-0.196995	-0.173817	-0.249123	-0.267766	-0.343678	-0.254566	-0.314424	-0.19087	-0.278802	-0.163668	-0.309292	-0.252419	-0.219177	-0.324305	-0.250601	-0.243584	-0.336638	-0.230013	-0.20449	-0.195478	-0.223942	-0.313256	-0.306095	-0.318003	-0.266333	-0.252365	-0.333213	-0.313256	-0.192723	-0.205364	-0.162537	-0.27707	-0.202084	-0.193881	-0.298368	-0.205364	-0.254573	-0.291756	-0.336638	-0.275801	-0.266892	-0.201542	-0.239086	-0.240675	-0.250601	-0.227683	-0.285602	-0.334734	-0.281182	-0.243584	-0.138992	-0.333213	-0.219177	-0.252016	-0.300855	-0.289372	-0.250601	-0.292283	-0.266686	-0.199553	-0.336638	-0.216682	-0.237106	-0.194107	-0.146466	-0.20373	-0.189734	-0.216682	-0.181166	-0.21687	-0.194107	-0.265383	-0.287226	-0.337777	-0.185795	-0.247454	-0.294178	-0.357134	-0.295789	-0.284662	-0.310677	-0.323667	-0.248374	-0.2738	-0.293176	-0.202084	-0.185118	-0.206762	-0.274969	-0.149316	-0.300855	-0.365373	-0.300855	-0.162537	-0.301092	-0.304499	-0.239086	-0.28212	-0.291115	-0.252016	-0.300339	-0.276336	-0.2738	-0.26841	-0.291062	-0.282087	-0.309964	-0.290834	-0.183877	-0.238156	-0.193881	-0.337777	-0.313749	-0.23358	-0.285751	-0.235218	-0.270854	-0.19087	-0.182192	-0.216685	-0.294603	-0.242463	-0.264196	-0.185021	-0.274969	-0.290315	-0.20336	-0.183877	-0.313256	-0.28212	-0.239125	-0.325211	-0.333213	-0.270854	-0.238084	-0.213722	-0.265624	-0.293176	-0.28212	-0.267646	-0.253093	-0.300855	-0.294675	-0.279325	-0.246276	-0.340784	-0.136603	-0.19227	-0.344147	-0.295397	-0.287087	-0.313256	-0.242293	-0.290834	-0.13428	-0.286556	-0.324919	-0.322728	-0.293232	-0.136603	-0.265128	-0.241606	-0.314424	-0.199959	-0.30158	-0.281942	-0.335509	-0.278802	-0.183877	-0.271008	-0.199553	-0.319485	-0.318984	-0.333213	-0.291062	-0.265624
72000	intercept	0.312925	0.320028	0.376572	0.348907	0.298155	0.328231	0.347768	0.299824	0.330465	0.333976	0.326448	0.321048	0.345194	0.29053	0.267587	0.276531	0.295691	0.340311	0.297517	0.312588	0.283006	0.307197	0.335024	0.33055	0.305776	0.357241	0.349554	0.284892	0.26784	0.305045	0.347723	0.35129	0.285257	0.337198	0.375814	0.349597	0.346279	0.299676	0.368291	0.344057	0.301969	0.32865	0.321538	0.349717	0.34502	0.336249	0.304775	0.31231	0.271157	0.337716	0.31796	0.388022	0.276141	0.308602	0.320695	0.320244	0.300438	0.344366	0.324263	0.32655	0.384775	0.328166	0.338233	0.292593	0.298744	0.341519	0.29602	0.310272	0.327725	0.259715	0.290609	0.315121	0.289736	0.372727	0.287801	0.304777	0.349779	0.337261	0.292017	0.336669	0.360529	0.283681	0.38322	0.338464	0.329758	0.375702	0.335683	0.26866	0.363145	0.303359	0.335163	0.304786	0.370962	0.341563	0.343642	0.363559	0.323022	0.338904	0.272574	0.347951	0.286854	0.313858	0.389787	0.343116	0.369466	0.236803	0.274841	0.299767	0.288514	0.306885	0.401584	0.265793	0.332889	0.323607	0.348158	0.360738	0.324632	0.301352	0.300868	0.306066	0.298408	0.3574	0.362349	0.342348	0.32985	0.290228	0.332578	0.307353	0.264737	0.299137	0.335564	0.29495	0.301934	0.264036	0.304144	0.331841	0.293286	0.26282	0.30918	0.331054	0.315137	0.32384	0.303573	0.33474	0.373277	0.309773	0.34118	0.298404	0.300675	0.385807	0.32549	0.346883	0.334502	0.38842	0.261038	0.330386	0.341161	0.334279	0.37793	0.340533	0.321157	0.284485	0.327395	0.311961	0.283922	0.341077	0.368541	0.355824	0.309371	0.321165	0.309486	0.272068	0.262748	0.329719	0.328658	0.28096	0.29012	0.30061	0.243979	0.380947	0.270063	0.325513	0.340699	0.299055	0.325667	0.270922	0.337518	0.298448	0.343642	0.31754	0.293051	0.327919	0.366033	0.332843	0.307801	0.371757	0.342016	0.383691	0.255714	0.305383	0.258851	0.340311	0.27145	0.326206	0.329276	0.39529	0.274841	0.380054	0.267034	0.239938	0.355845	0.337791	0.323022	0.335924	0.239938	0.37423	0.338089	0.338132	0.298309	0.31813	0.363145	0.29975	0.350827	0.284485	0.270048	0.265046	0.335637	0.346279	0.38599	0.331155	0.405395	0.274841	0.359844	0.271157	0.3444	0.355845	0.344705	0.323513	0.304144	0.322203	0.338377	0.320338	0.271256	0.274841	0.252521	0.386934	0.340311	0.366709	0.283228	0.355804	0.365071	0.383119	0.249772	0.257799	0.255898	0.364572	0.266983	0.262441	0.37496	0.257799	0.306392	0.363674	0.338377	0.365004	0.391288	0.296089	0.299457	0.287318	0.304144	0.241515	0.359627	0.407519	0.356027	0.32655	0.277434	0.363559	0.344705	0.355804	0.330708	0.344907	0.304144	0.323022	0.302764	0.257777	0.338377	0.282865	0.27406	0.284485	0.266513	0.286824	0.281519	0.270643	0.291513	0.27145	0.259822	0.31729	0.335024	0.344576	0.297849	0.350184	0.351318	0.384263	0.35231	0.346279	0.383119	0.349343	0.297546	0.33839	0.337791	0.242558	0.239738	0.274841	0.318595	0.236803	0.330708	0.413566	0.330708	0.265084	0.348614	0.334512	0.299457	0.328633	0.352607	0.355804	0.340311	0.347803	0.33839	0.339213	0.335924	0.389787	0.361453	0.341272	0.239938	0.330085	0.262441	0.344576	0.327345	0.274841	0.320695	0.293051	0.331893	0.277442	0.247664	0.300565	0.339642	0.338089	0.329481	0.283436	0.318595	0.333635	0.257777	0.239938	0.368369	0.329276	0.335636	0.342159	0.365071	0.325359	0.349777	0.26097	0.303048	0.337791	0.329276	0.365004	0.349779	0.346471	0.337791	0.329662	0.33893	0.362365	0.232156	0.274841	0.362121	0.325393	0.340311	0.368369	0.281018	0.339637	0.260041	0.378004	0.34471	0.374002	0.340723	0.234657	0.330331	0.304631	0.405395	0.253883	0.337009	0.3054	0.394077	0.359844	0.239938	0.32232	0.262461	0.35994	0.348031	0.365071	0.335924	0.303048
73000	slope	-0.210832	-0.200172	-0.258071	-0.248285	-0.190315	-0.284031	-0.268372	-0.316803	-0.308338	-0.222651	-0.212635	-0.331961	-0.269391	-0.224739	-0.202787	-0.282941	-0.238706	-0.237119	-0.196763	-0.323434	-0.239501	-0.246946	-0.216298	-0.310137	-0.348761	-0.253485	-0.289227	-0.31749	-0.269274	-0.273358	-0.219054	-0.237004	-0.200053	-0.271512	-0.284249	-0.210809	-0.248937	-0.260566	-0.257734	-0.254305	-0.27466	-0.119593	-0.259127	-0.209956	-0.218884	-0.228859	-0.253042	-0.272338	-0.235448	-0.210326	-0.249811	-0.230933	-0.187554	-0.256716	-0.254783	-0.218695	-0.317211	-0.287767	-0.323116	-0.252565	-0.243084	-0.303878	-0.25029	-0.247486	-0.237056	-0.256031	-0.256002	-0.222964	-0.252428	-0.252664	-0.245087	-0.334492	-0.292216	-0.266713	-0.246767	-0.204204	-0.195757	-0.266852	-0.265571	-0.223902	-0.182652	-0.203935	-0.232572	-0.259788	-0.310719	-0.348304	-0.286588	-0.336578	-0.272911	-0.191741	-0.249182	-0.235236	-0.303515	-0.275895	-0.233836	-0.204293	-0.264329	-0.266167	-0.22091	-0.227755	-0.225787	-0.286055	-0.236288	-0.278787	-0.276697	-0.288216	-0.242838	-0.281841	-0.192697	-0.276271	-0.30612	-0.206746	-0.204366	-0.257513	-0.171934	-0.183879	-0.252676	-0.270175	-0.213463	-0.251542	-0.227342	-0.203559	-0.270084	-0.246752	-0.295755	-0.231323	-0.227461	-0.28532	-0.333287	-0.311958	-0.265081	-0.213619	-0.200551	-0.253845	-0.249306	-0.254975	-0.246051	-0.148399	-0.362106	-0.237954	-0.307144	-0.200333	-0.265416	-0.252654	-0.268583	-0.237815	-0.283895	-0.319841	-0.226507	-0.276603	-0.250052	-0.292087	-0.247305	-0.220626	-0.228136	-0.24268	-0.196974	-0.278882	-0.258233	-0.250939	-0.245894	-0.256841	-0.240853	-0.204885	-0.316554	-0.260668	-0.194402	-0.187017	-0.238838	-0.315847	-0.332909	-0.190809	-0.286806	-0.24768	-0.198461	-0.347605	-0.280057	-0.271838	-0.240055	-0.280639	-0.282481	-0.26794	-0.300155	-0.216053	-0.267554	-0.259504	-0.298549	-0.324741	-0.202712	-0.258801	-0.199018	-0.242285	-0.232788	-0.25463	-0.27911	-0.250389	-0.213947	-0.311833	-0.217274	-0.24105	-0.210163	-0.362106	-0.263873	-0.256253	-0.348761	-0.260512	-0.218747	-0.171247	-0.228795	-0.246025	-0.194107	-0.25701	-0.304498	-0.290464	-0.336578	-0.303111	-0.348761	-0.316554	-0.351733	-0.290464	-0.189376	-0.318523	-0.267255	-0.310949	-0.260512	-0.26184	-0.206759	-0.312357	-0.272621	-0.316554	-0.237331	-0.320812	-0.193182	-0.257133	-0.274507	-0.272642	-0.271046	-0.266222	-0.260512	-0.330137	-0.178596	-0.189376	-0.239086	-0.194107	-0.217105	-0.317614	-0.253892	-0.330137	-0.15668	-0.318677	-0.243661	-0.242633	-0.272621	-0.24506	-0.331961	-0.254384	-0.276697	-0.348761	-0.309545	-0.253485	-0.258075	-0.231276	-0.332909	-0.332909	-0.312357	-0.186931	-0.309328	-0.218827	-0.22949	-0.24506	-0.337023	-0.218797	-0.235448	-0.321073	-0.222559	-0.185015	-0.235448	-0.258075	-0.164513	-0.249359	-0.22949	-0.279567	-0.245712	-0.15025	-0.231136	-0.322145	-0.215934	-0.248014	-0.148399	-0.171247	-0.208199	-0.312718	-0.260512	-0.15955	-0.320812	-0.348761	-0.315379	-0.246859	-0.246345	-0.221974	-0.260512	-0.133964	-0.256841	-0.119593	-0.15025	-0.228614	-0.168083	-0.171247	-0.194107	-0.269441	-0.248014	-0.262217	-0.205753	-0.331961	-0.332909	-0.214463	-0.202591	-0.228614	-0.245128	-0.332909	-0.268287	-0.228795	-0.404951	-0.263348	-0.362106	-0.336578	-0.265081	-0.239086	-0.206759	-0.301003	-0.259326	-0.236782	-0.231323	-0.200058	-0.336578	-0.247486	-0.148399	-0.260512	-0.269271	-0.176952	-0.278013	-0.26557	-0.232679	-0.262217	-0.255991	-0.276697	-0.258075	-0.272621	-0.214625	-0.336578	-0.184505	-0.253124	-0.228859	-0.275	-0.348761	-0.259326	-0.331961	-0.153865	-0.187868	-0.22949	-0.32051	-0.239086	-0.316554	-0.241252	-0.323927	-0.320812	-0.335115	-0.312718	-0.214839	-0.214463	-0.23839	-0.243661	-0.330137	-0.183142	-0.253485	-0.261902	-0.171247	-0.219236	-0.254417	-0.219254	-0.333177	-0.221232	-0.312718	-0.200595	-0.323927	-0.382879	-0.249962	-0.263348	-0.257904	-0.268627	-0.152449	-0.370582	-0.277477	-0.208199	-0.239086	-0.235448	-0.231323	-0.219236	-0.239086	-0.194107
73000	intercept	0.273155	0.281411	0.312883	0.298415	0.266175	0.34753	0.323625	0.373688	0.344048	0.287536	0.281381	0.378217	0.305991	0.267271	0.277146	0.345579	0.31981	0.348532	0.280418	0.346382	0.31165	0.320579	0.291924	0.357305	0.366449	0.33483	0.349758	0.366586	0.312431	0.302542	0.274567	0.310238	0.283091	0.328288	0.335938	0.298956	0.308677	0.313897	0.320711	0.317001	0.323726	0.241671	0.316922	0.299037	0.286561	0.339416	0.321227	0.332373	0.323068	0.291176	0.318935	0.330441	0.28412	0.315591	0.307526	0.270189	0.335147	0.375646	0.365682	0.280978	0.331209	0.345223	0.30586	0.315315	0.334377	0.31558	0.319001	0.27331	0.320425	0.308215	0.316997	0.363396	0.354093	0.304964	0.297887	0.291933	0.273512	0.316734	0.312784	0.311743	0.246571	0.293897	0.312623	0.318869	0.323549	0.359819	0.310777	0.4117	0.31239	0.258425	0.320646	0.289693	0.338328	0.319722	0.292136	0.267561	0.345561	0.29178	0.301164	0.279482	0.261397	0.307896	0.28264	0.325922	0.305792	0.360188	0.292725	0.375646	0.2739	0.313297	0.354198	0.259976	0.306776	0.315622	0.258468	0.239848	0.312342	0.301238	0.297773	0.3169	0.320862	0.281916	0.324149	0.334826	0.367442	0.294038	0.279601	0.321257	0.355693	0.334642	0.307138	0.261553	0.259756	0.330404	0.322423	0.31695	0.343046	0.268118	0.363084	0.31162	0.339967	0.282906	0.337707	0.346241	0.307689	0.331851	0.355501	0.368768	0.291622	0.324733	0.29414	0.330011	0.283856	0.266976	0.30821	0.290865	0.269289	0.340528	0.317871	0.335697	0.334611	0.338342	0.302605	0.312044	0.354408	0.310339	0.28714	0.257468	0.328856	0.397491	0.375303	0.29014	0.32545	0.316236	0.252831	0.345982	0.339164	0.348375	0.313758	0.364022	0.378067	0.290341	0.331419	0.307855	0.299588	0.317298	0.347771	0.365175	0.279444	0.310244	0.250052	0.282012	0.33862	0.317644	0.313655	0.307245	0.291923	0.347415	0.306224	0.334251	0.295161	0.363084	0.300117	0.291154	0.366449	0.326215	0.258335	0.238391	0.331834	0.310547	0.262138	0.319676	0.354469	0.307966	0.4117	0.360627	0.366449	0.354014	0.401485	0.315229	0.253097	0.431615	0.315324	0.37266	0.32474	0.336812	0.312935	0.341631	0.309703	0.353211	0.33288	0.345306	0.255524	0.305879	0.335751	0.281528	0.336386	0.351377	0.326215	0.402761	0.268124	0.258211	0.335751	0.270375	0.341889	0.442322	0.328285	0.402761	0.274833	0.345306	0.32443	0.3169	0.309703	0.32443	0.378217	0.321927	0.305792	0.374257	0.325035	0.32443	0.281528	0.344481	0.389495	0.371023	0.341631	0.287423	0.427866	0.314885	0.301069	0.32443	0.342761	0.314031	0.32641	0.349531	0.337656	0.262692	0.32641	0.281528	0.238391	0.292582	0.301069	0.327262	0.324423	0.254379	0.323068	0.348409	0.293205	0.315306	0.268118	0.239035	0.291694	0.341631	0.32474	0.272767	0.345306	0.366449	0.351251	0.324423	0.334016	0.270009	0.324087	0.226729	0.338342	0.241671	0.272767	0.35693	0.242174	0.238391	0.248692	0.316922	0.315306	0.319149	0.292472	0.378217	0.389495	0.301069	0.314787	0.341357	0.309986	0.375303	0.308229	0.331834	0.392323	0.367722	0.373089	0.4117	0.307138	0.33288	0.312935	0.355775	0.310904	0.340011	0.294748	0.28546	0.424304	0.315319	0.245667	0.32474	0.292162	0.253145	0.331532	0.296432	0.337275	0.319149	0.310904	0.305792	0.281528	0.288734	0.340011	0.360545	0.257524	0.328285	0.342582	0.301502	0.368233	0.317356	0.378217	0.286749	0.27766	0.317578	0.35291	0.33288	0.360627	0.271304	0.378217	0.345306	0.40705	0.341631	0.28978	0.301069	0.267271	0.334623	0.415364	0.265986	0.32443	0.367722	0.218715	0.312821	0.305879	0.326978	0.345326	0.32412	0.341631	0.277734	0.378217	0.397953	0.351083	0.367722	0.290844	0.309703	0.311519	0.392323	0.336386	0.270331	0.335751	0.323068	0.298934	0.315315	0.335751	0.277007
74000	slope	-0.181656	-0.242879	-0.23957	-0.161796	-0.291116	-0.266454	-0.241827	-0.24867	-0.282441	-0.262382	-0.275498	-0.32434	-0.229743	-0.228143	-0.2894	-0.211923	-0.287423	-0.24626	-0.289777	-0.15869	-0.25483	-0.307932	-0.235019	-0.158654	-0.303292	-0.225755	-0.233918	-0.236603	-0.285901	-0.212051	-0.171198	-0.20535	-0.212715	-0.276169	-0.144166	-0.240859	-0.289034	-0.210629	-0.295078	-0.264252	-0.26405	-0.316648	-0.262343	-0.274321	-0.218613	-0.319907	-0.218613	-0.279016	-0.24734	-0.217177	-0.268225	-0.195638	-0.315527	-0.231014	-0.283975	-0.231136	-0.255588	-0.320845	-0.239152	-0.244467	-0.275654	-0.221756	-0.32006	-0.257523	-0.253041	-0.226166	-0.204578	-0.21369	-0.241916	-0.217353	-0.202294	-0.30083	-0.300372	-0.239888	-0.207161	-0.209047	-0.280042	-0.283466	-0.280852	-0.260835	-0.25664	-0.146483	-0.215332	-0.262611	-0.294408	-0.282616	-0.212169	-0.218613	-0.179019	-0.247703	-0.298261	-0.323223	-0.199312	-0.245708	-0.247575	-0.257749	-0.300634	-0.189514	-0.324325	-0.16158	-0.227016	-0.169864	-0.242953	-0.13901	-0.301889	-0.168518	-0.282683	-0.26328	-0.272382	-0.297667	-0.197752	-0.161796	-0.247237	-0.265451	-0.289046	-0.322147	-0.181918	-0.164468	-0.205365	-0.195861	-0.166401	-0.283287	-0.116881	-0.294014	-0.18437	-0.30395	-0.242378	-0.287724	-0.239462	-0.214904	-0.232717	-0.294432	-0.203179	-0.293141	-0.258144	-0.253625	-0.293348	-0.161796	-0.276148	-0.222399	-0.234611	-0.27003	-0.324024	-0.271641	-0.223682	-0.316291	-0.247378	-0.198468	-0.285093	-0.268194	-0.22487	-0.148121	-0.291882	-0.266024	-0.237806	-0.250062	-0.191221	-0.270774	-0.279848	-0.229463	-0.304381	-0.311477	-0.200205	-0.202944	-0.169728	-0.278077	-0.116881	-0.284468	-0.214193	-0.299306	-0.297115	-0.27628	-0.310654	-0.269495	-0.265851	-0.284958	-0.291228	-0.147203	-0.202558	-0.298928	-0.280192	-0.260308	-0.254568	-0.26105	-0.30566	-0.23924	-0.26816	-0.169749	-0.273187	-0.247237	-0.313628	-0.220932	-0.277347	-0.261975	-0.272127	-0.291769	-0.238272	-0.212782	-0.134244	-0.269446	-0.299837	-0.217611	-0.303184	-0.299738	-0.230483	-0.296942	-0.304381	-0.297242	-0.293965	-0.308927	-0.313628	-0.267145	-0.267145	-0.17241	-0.303141	-0.144166	-0.144028	-0.313905	-0.289754	-0.13457	-0.286564	-0.198092	-0.289754	-0.315527	-0.264053	-0.152406	-0.149059	-0.239515	-0.193308	-0.259331	-0.218613	-0.274664	-0.296942	-0.203084	-0.322405	-0.278545	-0.27023	-0.171198	-0.374016	-0.293965	-0.285415	-0.307281	-0.285152	-0.278077	-0.151719	-0.331875	-0.179019	-0.240471	-0.198092	-0.24844	-0.161796	-0.273187	-0.247575	-0.288251	-0.33162	-0.275549	-0.300469	-0.257579	-0.242172	-0.233918	-0.286948	-0.3162	-0.294984	-0.288251	-0.2856	-0.314779	-0.218613	-0.257752	-0.307932	-0.291655	-0.203084	-0.216585	-0.199458	-0.320467	-0.277833	-0.203084	-0.161796	-0.156192	-0.286748	-0.278545	-0.295668	-0.179019	-0.276136	-0.32076	-0.152406	-0.240252	-0.203084	-0.268278	-0.273187	-0.249138	-0.253146	-0.319443	-0.239515	-0.272127	-0.28432	-0.288251	-0.259921	-0.163411	-0.308927	-0.156684	-0.203084	-0.379285	-0.257752	-0.203762	-0.305014	-0.32076	-0.153199	-0.286841	-0.290679	-0.221642	-0.212051	-0.144028	-0.268947	-0.277354	-0.304381	-0.218096	-0.156684	-0.212051	-0.3054	-0.202304	-0.289754	-0.294984	-0.308092	-0.260835	-0.319907	-0.179328	-0.260835	-0.216084	-0.3185	-0.274483	-0.210175	-0.21981	-0.210707	-0.203084	-0.278557	-0.285152	-0.146111	-0.28316	-0.284602	-0.2903	-0.179019	-0.382655	-0.321663	-0.161796	-0.326645	-0.302505	-0.190508	-0.296942	-0.266923	-0.17241	-0.187647	-0.318013	-0.28316	-0.318013	-0.312589	-0.285152	-0.191023	-0.2903	-0.289577	-0.287007	-0.289754	-0.18949	-0.344142	-0.304381	-0.273187	-0.318013	-0.287007	-0.204849	-0.308927	-0.297691	-0.315527	-0.188957	-0.171198	-0.267383	-0.273187	-0.285152	-0.225977	-0.24849	-0.307427	-0.285623	-0.28316	-0.157165	-0.272291	-0.253625	-0.221642	-0.308927	-0.28316	-0.156684	-0.230442	-0.257579	-0.272291	-0.27023	-0.33162	-0.167944	-0.32751	-0.154277	-0.260835	-0.191022	-0.179019	-0.304642
74000	intercept	0.276615	0.329879	0.322712	0.230403	0.334475	0.32439	0.26453	0.318823	0.357964	0.342723	0.343475	0.355889	0.291534	0.282287	0.328201	0.288875	0.358344	0.285477	0.352689	0.269058	0.348473	0.367416	0.329784	0.231435	0.336876	0.298682	0.329357	0.276461	0.355416	0.245574	0.241466	0.295341	0.318361	0.359312	0.21248	0.334391	0.319226	0.299471	0.336114	0.358694	0.354331	0.321041	0.309644	0.324399	0.341608	0.36278	0.343534	0.334335	0.318995	0.292863	0.299642	0.263592	0.367121	0.309534	0.322095	0.284005	0.303663	0.372001	0.313675	0.327737	0.323244	0.285683	0.361168	0.33982	0.323398	0.293558	0.292222	0.276333	0.299045	0.303717	0.24737	0.355531	0.351608	0.292396	0.291646	0.291681	0.31476	0.3436	0.332644	0.326573	0.317013	0.247288	0.288999	0.356057	0.36245	0.359336	0.296327	0.350993	0.282421	0.31255	0.305135	0.36998	0.284866	0.315636	0.312384	0.342955	0.362622	0.256257	0.347344	0.256881	0.278482	0.250346	0.28018	0.24303	0.372968	0.271192	0.333567	0.312414	0.324874	0.356175	0.26747	0.230403	0.337704	0.353095	0.342951	0.384594	0.233083	0.256881	0.279869	0.274963	0.234049	0.336387	0.257226	0.359533	0.276654	0.354519	0.30906	0.336541	0.313953	0.28132	0.284763	0.353806	0.278938	0.355109	0.308717	0.308919	0.346756	0.228952	0.309627	0.271077	0.286725	0.319595	0.353972	0.344927	0.278943	0.346875	0.317688	0.27367	0.367208	0.325317	0.267224	0.22758	0.301153	0.329166	0.267279	0.301378	0.258646	0.338563	0.339759	0.29175	0.344256	0.361401	0.25973	0.278883	0.251342	0.320665	0.257226	0.344601	0.306983	0.348363	0.344314	0.30779	0.350528	0.338073	0.344404	0.343718	0.332236	0.250121	0.285411	0.334284	0.313911	0.320458	0.309676	0.349828	0.365524	0.309185	0.315945	0.220743	0.384258	0.317497	0.360965	0.281518	0.354281	0.31789	0.362392	0.329895	0.298211	0.292238	0.191543	0.327189	0.293021	0.318708	0.334648	0.337367	0.346918	0.33934	0.349945	0.358707	0.31037	0.366269	0.360965	0.321786	0.321786	0.270945	0.375117	0.21248	0.219609	0.380401	0.34043	0.256881	0.343949	0.230267	0.349481	0.362937	0.344032	0.245331	0.239689	0.350968	0.224296	0.342421	0.341608	0.323799	0.342354	0.258195	0.349401	0.32539	0.342421	0.224775	0.386267	0.321914	0.359041	0.378961	0.319132	0.320665	0.21248	0.367121	0.285606	0.306088	0.239033	0.328164	0.228408	0.384258	0.327563	0.365543	0.363245	0.323799	0.306098	0.304069	0.302883	0.329357	0.305946	0.350357	0.349165	0.384099	0.342354	0.354084	0.341608	0.318875	0.376019	0.317256	0.258195	0.314995	0.2522	0.35589	0.305946	0.271797	0.236023	0.241466	0.349481	0.32539	0.325	0.282421	0.370116	0.366269	0.245331	0.351846	0.271797	0.319189	0.384258	0.327205	0.358269	0.327672	0.354558	0.35756	0.314022	0.384099	0.300773	0.23814	0.366269	0.235329	0.253901	0.395764	0.318875	0.212603	0.343804	0.366649	0.238195	0.335261	0.322558	0.32835	0.245574	0.219609	0.316402	0.343949	0.344256	0.280477	0.235329	0.245574	0.375959	0.26917	0.332396	0.349165	0.335528	0.359199	0.380221	0.220228	0.33398	0.318042	0.368058	0.306098	0.268265	0.313963	0.313831	0.258195	0.342946	0.319132	0.221405	0.318568	0.329622	0.342354	0.282421	0.395764	0.388372	0.230403	0.351444	0.351441	0.302854	0.342354	0.359455	0.270945	0.232261	0.381099	0.318568	0.368457	0.342354	0.313592	0.239689	0.342354	0.3145	0.362103	0.349481	0.239033	0.399451	0.344256	0.384258	0.366269	0.362103	0.205515	0.366269	0.366675	0.367121	0.302854	0.241466	0.321786	0.385739	0.319132	0.314218	0.291219	0.374029	0.359583	0.305135	0.203521	0.289673	0.308919	0.322835	0.366269	0.305135	0.235329	0.249213	0.304069	0.289673	0.342421	0.363245	0.220907	0.398553	0.271455	0.359199	0.260487	0.282421	0.321914
75000	slope	-0.241065	-0.286095	-0.283078	-0.197497	-0.241401	-0.255802	-0.29017	-0.258617	-0.194394	-0.212081	-0.222514	-0.245403	-0.170666	-0.167821	-0.194179	-0.241917	-0.293524	-0.271495	-0.261464	-0.30155	-0.257922	-0.262184	-0.250112	-0.148757	-0.303835	-0.276973	-0.265424	-0.293019	-0.240463	-0.292458	-0.212556	-0.240318	-0.217229	-0.278725	-0.240923	-0.258091	-0.224689	-0.231224	-0.218345	-0.179324	-0.251328	-0.225411	-0.282609	-0.267464	-0.305003	-0.230742	-0.239752	-0.21748	-0.223895	-0.299295	-0.248747	-0.240353	-0.2446	-0.267765	-0.246564	-0.159285	-0.199357	-0.278962	-0.251937	-0.207175	-0.228446	-0.252708	-0.245738	-0.236095	-0.193678	-0.260814	-0.235346	-0.272227	-0.253989	-0.218359	-0.294486	-0.204256	-0.201404	-0.200882	-0.321648	-0.280265	-0.237873	-0.281859	-0.252843	-0.205539	-0.269412	-0.295888	-0.254219	-0.164011	-0.224115	-0.192137	-0.285065	-0.151461	-0.196257	-0.31009	-0.24626	-0.18077	-0.281196	-0.32447	-0.164623	-0.273845	-0.273439	-0.227253	-0.25887	-0.216856	-0.165798	-0.283522	-0.232175	-0.283387	-0.208436	-0.266916	-0.298302	-0.211857	-0.270822	-0.212298	-0.204601	-0.305567	-0.222843	-0.205735	-0.287156	-0.249473	-0.267303	-0.16056	-0.270919	-0.244788	-0.224279	-0.262139	-0.280425	-0.24674	-0.200147	-0.165884	-0.260849	-0.25357	-0.259465	-0.213011	-0.301867	-0.217008	-0.218976	-0.245014	-0.248422	-0.302352	-0.267173	-0.246313	-0.269556	-0.295812	-0.163546	-0.186348	-0.201216	-0.230077	-0.223513	-0.297415	-0.194311	-0.26091	-0.159958	-0.214653	-0.275482	-0.260672	-0.259772	-0.254962	-0.293809	-0.233352	-0.242037	-0.231627	-0.18996	-0.258936	-0.247954	-0.237241	-0.223895	-0.293095	-0.22823	-0.255187	-0.210076	-0.186812	-0.259822	-0.295797	-0.255158	-0.237191	-0.212015	-0.26212	-0.185506	-0.187534	-0.273146	-0.201989	-0.318267	-0.235077	-0.271893	-0.255139	-0.200761	-0.27693	-0.312613	-0.22056	-0.292934	-0.279706	-0.273544	-0.231666	-0.202983	-0.20477	-0.279146	-0.184038	-0.237121	-0.235483	-0.271316	-0.158368	-0.272742	-0.210521	-0.270394	-0.191241	-0.248965	-0.148772	-0.197984	-0.148772	-0.159072	-0.273544	-0.214432	-0.326471	-0.284409	-0.175164	-0.283522	-0.268176	-0.166329	-0.252845	-0.163948	-0.333325	-0.275275	-0.317379	-0.166329	-0.262515	-0.24536	-0.293256	-0.28304	-0.268176	-0.232712	-0.213398	-0.144448	-0.3095	-0.188592	-0.158287	-0.284738	-0.143779	-0.318013	-0.251638	-0.166536	-0.164653	-0.220033	-0.248475	-0.203686	-0.304271	-0.26806	-0.263896	-0.313915	-0.295602	-0.19755	-0.295602	-0.288917	-0.307847	-0.27957	-0.273544	-0.26806	-0.297989	-0.257744	-0.165572	-0.282856	-0.3336	-0.318013	-0.248965	-0.288917	-0.190119	-0.143779	-0.262613	-0.295782	-0.274146	-0.147466	-0.232712	-0.311723	-0.247108	-0.241698	-0.218976	-0.318013	-0.320602	-0.281788	-0.150686	-0.164371	-0.273544	-0.297233	-0.28304	-0.291922	-0.177785	-0.29099	-0.204859	-0.248965	-0.26806	-0.272742	-0.252845	-0.282856	-0.211857	-0.253153	-0.310002	-0.208436	-0.274527	-0.288893	-0.307687	-0.274374	-0.275665	-0.179885	-0.298713	-0.201552	-0.196257	-0.171382	-0.257008	-0.315399	-0.233343	-0.317224	-0.234944	-0.248475	-0.239633	-0.248397	-0.188875	-0.28285	-0.298646	-0.261384	-0.197256	-0.270469	-0.23943	-0.16426	-0.261384	-0.242491	-0.208725	-0.231666	-0.157849	-0.186804	-0.245691	-0.231666	-0.177033	-0.228701	-0.282856	-0.169784	-0.248397	-0.166536	-0.317224	-0.199221	-0.151862	-0.327375	-0.274146	-0.327375	-0.284683	-0.204859	-0.234944	-0.177033	-0.293256	-0.284683	-0.3149	-0.224853	-0.232712	-0.313804	-0.176714	-0.245458	-0.282439	-0.295812	-0.244001	-0.153587	-0.291214	-0.201137	-0.304701	-0.291433	-0.204859	-0.164524	-0.313804	-0.252845	-0.258636	-0.22617	-0.206974	-0.295888	-0.22617	-0.313804	-0.23943	-0.177785	-0.166536	-0.206974	-0.148772	-0.274146	-0.210508	-0.169891	-0.285792	-0.368311	-0.191629	-0.254858	-0.307847	-0.274527	-0.269938	-0.31484	-0.206714	-0.27898	-0.225653	-0.248397	-0.241698	-0.274146	-0.25766	-0.270499	-0.274146	-0.272148	-0.16426	-0.173393	-0.258064	-0.24751	-0.148772
75000	intercept	0.27986	0.324982	0.322423	0.281649	0.300733	0.307801	0.349145	0.333203	0.278445	0.263732	0.325997	0.322822	0.240271	0.242507	0.266061	0.313559	0.31327	0.286855	0.315273	0.332859	0.312594	0.311513	0.279325	0.235851	0.329007	0.342239	0.341152	0.318919	0.294238	0.31549	0.318055	0.276157	0.28328	0.33577	0.269744	0.322688	0.283503	0.289632	0.261494	0.258748	0.335959	0.294069	0.29743	0.33461	0.341469	0.268448	0.308874	0.28301	0.311646	0.370175	0.324484	0.311013	0.26133	0.3298	0.331554	0.253852	0.280911	0.341785	0.313556	0.261763	0.324404	0.301171	0.290958	0.297055	0.238723	0.327105	0.301546	0.340191	0.320245	0.284769	0.298404	0.2607	0.290284	0.295049	0.367475	0.348816	0.299113	0.327675	0.332425	0.26441	0.345418	0.333882	0.332279	0.211099	0.266165	0.268532	0.322233	0.246296	0.291751	0.363455	0.341788	0.245963	0.320637	0.35088	0.243667	0.331632	0.323107	0.291992	0.294214	0.274148	0.258086	0.308489	0.279203	0.324473	0.286839	0.336738	0.336817	0.234883	0.323452	0.24093	0.265545	0.360589	0.303512	0.285078	0.324911	0.271101	0.325715	0.219697	0.3181	0.307508	0.312997	0.321174	0.340074	0.298703	0.258065	0.238086	0.299648	0.310631	0.322516	0.331781	0.365332	0.282208	0.339346	0.313904	0.31408	0.330304	0.311331	0.280119	0.348228	0.315466	0.239504	0.25865	0.25029	0.305359	0.280305	0.32941	0.262072	0.311755	0.22337	0.291386	0.318157	0.320091	0.272055	0.307125	0.330381	0.270364	0.29336	0.312886	0.263644	0.32774	0.344833	0.34434	0.311494	0.306119	0.268619	0.343854	0.300565	0.269662	0.325366	0.312652	0.331242	0.297103	0.265305	0.336195	0.290185	0.271311	0.302442	0.275425	0.340774	0.300017	0.324775	0.344206	0.266684	0.341206	0.375771	0.3021	0.336594	0.30837	0.328654	0.302918	0.254047	0.27585	0.344631	0.250397	0.318676	0.279648	0.342324	0.235506	0.318051	0.321016	0.2953	0.293158	0.327261	0.228013	0.289484	0.228013	0.245449	0.336763	0.262685	0.293466	0.287092	0.196229	0.308489	0.307393	0.245449	0.325721	0.200255	0.362502	0.327179	0.358005	0.245449	0.343997	0.283875	0.340081	0.305947	0.307393	0.280026	0.321303	0.237848	0.353881	0.289484	0.201291	0.345129	0.23669	0.37247	0.305947	0.200669	0.269641	0.306477	0.319608	0.275655	0.310591	0.316112	0.327462	0.362502	0.333072	0.305564	0.332615	0.364408	0.398092	0.303012	0.344231	0.316112	0.337847	0.296679	0.281112	0.267124	0.373834	0.37247	0.327261	0.364408	0.289484	0.225439	0.330473	0.313664	0.334611	0.24838	0.293849	0.32941	0.333775	0.279679	0.339346	0.37247	0.363961	0.317313	0.285737	0.225924	0.336763	0.37063	0.305947	0.316463	0.241039	0.31669	0.266076	0.303956	0.308369	0.318051	0.339111	0.267124	0.234883	0.329411	0.349007	0.282655	0.307503	0.286105	0.309226	0.36427	0.296254	0.247572	0.335234	0.292657	0.291751	0.250722	0.3443	0.309226	0.31549	0.364508	0.274532	0.319608	0.317362	0.366229	0.228482	0.309512	0.313201	0.324989	0.283009	0.324911	0.327313	0.234292	0.324989	0.325036	0.239176	0.302918	0.263702	0.28752	0.275105	0.302918	0.259665	0.283875	0.267124	0.253301	0.366229	0.205651	0.363961	0.293936	0.245787	0.354957	0.34551	0.36667	0.292827	0.282045	0.274532	0.259665	0.340081	0.292827	0.340253	0.270464	0.307267	0.308912	0.269882	0.286262	0.302604	0.315466	0.292654	0.201291	0.345129	0.244537	0.323122	0.33856	0.24519	0.209544	0.308912	0.325721	0.312459	0.337835	0.321303	0.337127	0.337835	0.336775	0.327313	0.241039	0.205651	0.321303	0.228013	0.334169	0.339898	0.259263	0.295965	0.417069	0.316943	0.323438	0.393537	0.312322	0.305311	0.319199	0.284534	0.32222	0.300548	0.366229	0.279679	0.342242	0.31353	0.360219	0.34551	0.330365	0.234292	0.259665	0.331142	0.323438	0.228013
76000	slope	-0.243386	-0.22637	-0.232256	-0.210717	-0.238395	-0.308931	-0.242014	-0.267988	-0.185764	-0.264078	-0.233446	-0.208298	-0.243716	-0.162649	-0.283026	-0.234387	-0.292484	-0.258909	-0.225403	-0.20588	-0.224616	-0.233161	-0.242893	-0.223248	-0.277618	-0.289727	-0.220259	-0.24489	-0.227423	-0.252944	-0.318924	-0.278096	-0.20258	-0.250536	-0.248309	-0.256418	-0.248597	-0.230413	-0.240986	-0.237929	-0.234862	-0.210511	-0.199186	-0.251477	-0.267156	-0.234617	-0.244215	-0.26453	-0.213932	-0.21712	-0.201054	-0.269221	-0.188508	-0.204498	-0.198401	-0.302829	-0.304391	-0.281142	-0.248707	-0.241423	-0.16441	-0.295666	-0.206351	-0.246691	-0.250562	-0.180738	-0.266098	-0.250353	-0.194926	-0.232747	-0.249723	-0.208732	-0.220392	-0.254388	-0.207451	-0.276239	-0.294897	-0.262006	-0.304567	-0.29333	-0.23862	-0.27673	-0.269175	-0.274781	-0.254503	-0.190985	-0.325271	-0.249808	-0.220062	-0.238248	-0.262117	-0.234341	-0.259851	-0.291323	-0.291567	-0.218033	-0.188631	-0.310916	-0.254973	-0.193952	-0.235182	-0.310249	-0.18724	-0.241976	-0.261795	-0.265927	-0.263325	-0.18747	-0.296023	-0.307879	-0.244172	-0.198591	-0.197652	-0.251002	-0.201265	-0.264604	-0.228917	-0.259658	-0.24714	-0.262164	-0.229413	-0.250991	-0.301374	-0.238296	-0.240523	-0.201353	-0.274183	-0.217214	-0.268119	-0.246157	-0.256924	-0.238046	-0.186283	-0.240912	-0.207546	-0.223293	-0.202122	-0.239269	-0.28226	-0.221549	-0.265918	-0.213634	-0.247384	-0.316711	-0.284249	-0.291172	-0.215954	-0.200345	-0.257895	-0.223903	-0.239679	-0.291599	-0.186366	-0.311568	-0.208227	-0.250288	-0.255502	-0.248156	-0.200115	-0.220225	-0.230471	-0.32178	-0.216146	-0.294311	-0.256226	-0.273165	-0.190892	-0.248196	-0.206797	-0.193637	-0.253557	-0.302114	-0.215791	-0.263259	-0.228674	-0.239522	-0.220972	-0.262087	-0.277047	-0.291796	-0.288011	-0.229772	-0.287167	-0.222305	-0.230165	-0.227442	-0.300268	-0.253542	-0.220118	-0.222157	-0.257112	-0.204743	-0.244768	-0.234362	-0.243709	-0.216521	-0.216075	-0.201807	-0.235963	-0.240137	-0.193375	-0.175118	-0.233824	-0.195607	-0.339927	-0.20133	-0.26267	-0.297297	-0.201331	-0.1989	-0.286088	-0.214424	-0.214424	-0.297718	-0.24573	-0.215914	-0.226192	-0.2056	-0.197232	-0.258631	-0.178888	-0.227388	-0.1945	-0.212993	-0.216146	-0.209839	-0.291577	-0.203807	-0.1989	-0.183054	-0.310366	-0.293559	-0.237019	-0.22404	-0.233824	-0.216294	-0.318924	-0.201318	-0.249349	-0.243665	-0.209664	-0.227442	-0.195341	-0.257502	-0.195341	-0.222478	-0.254557	-0.250566	-0.277731	-0.272464	-0.175037	-0.310196	-0.21557	-0.315401	-0.238121	-0.269562	-0.288444	-0.238765	-0.226209	-0.233905	-0.279646	-0.311568	-0.281666	-0.315183	-0.179999	-0.249349	-0.2056	-0.2263	-0.226636	-0.283214	-0.194861	-0.215801	-0.233905	-0.244259	-0.200305	-0.277731	-0.323633	-0.285404	-0.205117	-0.297297	-0.226636	-0.241924	-0.26267	-0.241924	-0.221088	-0.291487	-0.247482	-0.279646	-0.226675	-0.224207	-0.297718	-0.316711	-0.254817	-0.270879	-0.236631	-0.213932	-0.325849	-0.302759	-0.206797	-0.246342	-0.282433	-0.23314	-0.213932	-0.247128	-0.226192	-0.226679	-0.242235	-0.237555	-0.281292	-0.331266	-0.259536	-0.152644	-0.233655	-0.277543	-0.234512	-0.258631	-0.209839	-0.298318	-0.27905	-0.260414	-0.230252	-0.283825	-0.180785	-0.213932	-0.273865	-0.201331	-0.1989	-0.256636	-0.172307	-0.292496	-0.216146	-0.1989	-0.28532	-0.260006	-0.209839	-0.21679	-0.321359	-0.213932	-0.29923	-0.277509	-0.190472	-0.242466	-0.205652	-0.27827	-0.252578	-0.253984	-0.208219	-0.24714	-0.192851	-0.209664	-0.298938	-0.147117	-0.215593	-0.272641	-0.209839	-0.211552	-0.197232	-0.288703	-0.253984	-0.171457	-0.246342	-0.215959	-0.272464	-0.274494	-0.259711	-0.259536	-0.227442	-0.21679	-0.264133	-0.186784	-0.205863	-0.259666	-0.311568	-0.298472	-0.272464	-0.23076	-0.283214	-0.274294	-0.248649	-0.18364	-0.212993	-0.277731	-0.244172	-0.265192	-0.195607	-0.20505	-0.285642	-0.213213	-0.330708	-0.262972	-0.168624	-0.156979	-0.264133	-0.321359	-0.293559	-0.316711	-0.257358	-0.238121	-0.277556	-0.298318
76000	intercept	0.29542	0.315216	0.287111	0.274421	0.279257	0.340517	0.305752	0.312706	0.268197	0.318172	0.291855	0.297615	0.289829	0.231103	0.332288	0.291252	0.349391	0.333991	0.334856	0.271817	0.286178	0.308516	0.303707	0.286505	0.349404	0.334431	0.308983	0.313522	0.291105	0.319748	0.357928	0.340402	0.314554	0.30059	0.304686	0.300799	0.300273	0.296921	0.293569	0.294426	0.312393	0.282282	0.252629	0.318936	0.323981	0.302649	0.328851	0.310099	0.289085	0.267302	0.273422	0.330057	0.268715	0.278405	0.290547	0.350471	0.346332	0.339519	0.289809	0.333555	0.258167	0.311621	0.275915	0.293987	0.312023	0.268624	0.321703	0.314036	0.266563	0.29092	0.302138	0.270944	0.307954	0.320886	0.253095	0.318755	0.354466	0.348947	0.334326	0.337842	0.31966	0.343797	0.347919	0.348585	0.337865	0.280412	0.356734	0.320051	0.292222	0.310643	0.320362	0.291568	0.305679	0.370853	0.308231	0.308714	0.28074	0.31635	0.318179	0.271516	0.324189	0.330128	0.278809	0.346605	0.297768	0.287541	0.309846	0.258248	0.334067	0.346546	0.334477	0.269992	0.280774	0.278837	0.28529	0.332966	0.309514	0.308254	0.332704	0.333876	0.300025	0.278844	0.334378	0.33784	0.323591	0.277101	0.343812	0.280997	0.343643	0.288434	0.330896	0.306134	0.270623	0.2996	0.263181	0.270843	0.272695	0.290986	0.336055	0.283001	0.324483	0.295815	0.274662	0.330401	0.348472	0.350677	0.27894	0.328409	0.302193	0.330712	0.292367	0.322622	0.274535	0.374951	0.282555	0.311609	0.314139	0.347955	0.26895	0.311109	0.279289	0.344166	0.285004	0.333559	0.33279	0.342791	0.264199	0.353119	0.267173	0.269284	0.332881	0.322923	0.327934	0.325629	0.29673	0.287884	0.340918	0.344149	0.326886	0.309865	0.345555	0.330712	0.360418	0.279165	0.285035	0.267302	0.324356	0.293813	0.335409	0.248378	0.333202	0.270295	0.329324	0.309066	0.32947	0.265858	0.27476	0.286572	0.301721	0.307361	0.26682	0.26211	0.305763	0.210804	0.370742	0.267889	0.324401	0.383826	0.256861	0.281039	0.323039	0.305763	0.305763	0.328333	0.328165	0.291667	0.30711	0.277243	0.342653	0.322486	0.218436	0.334994	0.318961	0.299098	0.289808	0.277613	0.345593	0.273164	0.281039	0.268191	0.330401	0.359158	0.28255	0.303635	0.305763	0.345861	0.357928	0.256861	0.291212	0.276361	0.30347	0.267302	0.288055	0.304193	0.288055	0.308461	0.31187	0.277566	0.298234	0.319212	0.218436	0.348687	0.288556	0.374951	0.312412	0.342301	0.362218	0.328711	0.271088	0.314478	0.322666	0.374951	0.304193	0.361075	0.242462	0.273527	0.281039	0.267302	0.324683	0.348913	0.30687	0.300928	0.325572	0.323224	0.27049	0.295744	0.393809	0.346456	0.276212	0.37654	0.324683	0.302428	0.312104	0.291342	0.276029	0.359158	0.304193	0.323596	0.289016	0.32982	0.328333	0.330128	0.31187	0.34854	0.277566	0.289316	0.353824	0.37654	0.26194	0.316481	0.37654	0.269203	0.294977	0.306649	0.313901	0.25817	0.289809	0.340685	0.291154	0.333315	0.310729	0.255355	0.311879	0.323288	0.323851	0.322486	0.277613	0.328619	0.342301	0.25817	0.333831	0.310828	0.270428	0.294977	0.348913	0.256861	0.281039	0.319297	0.26211	0.360522	0.289991	0.281039	0.32089	0.333127	0.277613	0.287908	0.355801	0.289085	0.328619	0.323288	0.25919	0.341052	0.256861	0.319709	0.333127	0.291342	0.26682	0.334655	0.26682	0.298715	0.33711	0.268191	0.294728	0.317915	0.277613	0.287994	0.342653	0.382404	0.291342	0.248976	0.316481	0.272448	0.319212	0.320467	0.310794	0.310729	0.267302	0.287908	0.313902	0.258753	0.271425	0.312104	0.374951	0.340808	0.319212	0.267302	0.348913	0.325269	0.264302	0.270609	0.309472	0.298234	0.333117	0.319212	0.205697	0.281039	0.28875	0.288055	0.37654	0.312819	0.27824	0.271834	0.313902	0.355801	0.36256	0.330401	0.321512	0.312412	0.316888	0.328619
77000	slope	-0.20281	-0.293983	-0.20378	-0.276484	-0.254437	-0.221456	-0.228126	-0.228831	-0.265689	-0.214668	-0.285897	-0.22391	-0.265392	-0.25937	-0.256589	-0.22605	-0.234105	-0.249355	-0.247688	-0.260373	-0.246851	-0.274521	-0.219909	-0.231597	-0.225326	-0.23135	-0.24902	-0.261251	-0.228457	-0.251378	-0.262181	-0.212047	-0.262605	-0.276149	-0.229586	-0.250251	-0.272075	-0.274631	-0.206175	-0.271216	-0.250539	-0.2479	-0.234907	-0.290898	-0.235064	-0.21523	-0.263766	-0.277516	-0.270603	-0.233324	-0.235087	-0.227207	-0.269739	-0.246447	-0.230529	-0.252965	-0.216909	-0.267787	-0.229771	-0.303621	-0.232519	-0.200541	-0.313809	-0.209852	-0.274063	-0.251255	-0.238271	-0.267461	-0.244309	-0.272474	-0.211809	-0.253568	-0.234251	-0.236721	-0.198928	-0.266631	-0.254485	-0.236747	-0.274063	-0.216589	-0.200115	-0.22488	-0.230188	-0.246643	-0.242343	-0.275953	-0.223505	-0.272794	-0.229285	-0.251845	-0.216213	-0.253694	-0.244812	-0.237522	-0.22607	-0.258507	-0.253375	-0.232218	-0.295605	-0.189883	-0.275198	-0.242972	-0.255694	-0.262631	-0.217942	-0.208516	-0.227017	-0.311318	-0.276506	-0.263201	-0.2726	-0.268493	-0.217486	-0.200573	-0.220955	-0.228215	-0.21133	-0.293084	-0.226269	-0.291871	-0.282777	-0.233314	-0.181187	-0.256489	-0.218324	-0.275431	-0.237597	-0.15921	-0.261904	-0.281063	-0.250333	-0.261382	-0.244463	-0.229818	-0.21998	-0.19828	-0.260342	-0.197556	-0.292064	-0.28293	-0.249538	-0.282452	-0.240467	-0.282324	-0.266742	-0.233737	-0.303867	-0.27463	-0.304287	-0.218811	-0.234596	-0.234946	-0.273539	-0.257991	-0.273316	-0.226528	-0.223553	-0.227011	-0.250386	-0.241783	-0.240153	-0.201166	-0.297219	-0.240245	-0.272362	-0.297851	-0.248529	-0.257893	-0.233673	-0.320992	-0.220054	-0.218389	-0.282245	-0.221728	-0.32308	-0.321727	-0.283935	-0.223954	-0.249062	-0.271507	-0.252792	-0.184328	-0.307499	-0.339076	-0.227869	-0.266893	-0.275695	-0.312355	-0.221247	-0.27795	-0.222043	-0.234907	-0.221637	-0.258727	-0.285702	-0.213894	-0.289675	-0.264169	-0.235956	-0.229569	-0.315137	-0.217999	-0.237324	-0.312788	-0.318937	-0.300459	-0.236721	-0.192303	-0.271433	-0.222603	-0.262615	-0.311318	-0.343566	-0.212047	-0.224028	-0.208142	-0.222603	-0.234811	-0.220835	-0.325394	-0.207927	-0.154372	-0.236528	-0.222146	-0.227896	-0.234907	-0.166979	-0.262615	-0.273341	-0.216335	-0.236721	-0.25428	-0.274063	-0.270327	-0.223809	-0.187462	-0.273341	-0.234907	-0.227368	-0.303115	-0.286095	-0.215745	-0.313086	-0.268754	-0.317515	-0.306957	-0.187462	-0.224081	-0.321332	-0.131122	-0.208059	-0.343566	-0.153023	-0.172024	-0.310766	-0.243803	-0.268616	-0.253242	-0.222603	-0.220309	-0.187462	-0.268616	-0.187462	-0.205882	-0.232568	-0.210429	-0.232267	-0.232568	-0.226117	-0.19873	-0.328037	-0.212172	-0.238604	-0.319166	-0.255703	-0.187462	-0.254937	-0.219434	-0.216516	-0.227368	-0.247555	-0.197883	-0.231917	-0.279082	-0.237324	-0.212113	-0.264169	-0.253802	-0.219434	-0.213011	-0.220443	-0.234907	-0.217693	-0.212047	-0.278461	-0.276149	-0.307394	-0.220192	-0.312788	-0.279082	-0.218414	-0.188368	-0.25654	-0.227368	-0.237324	-0.206646	-0.192303	-0.268952	-0.18871	-0.21192	-0.229586	-0.236528	-0.241333	-0.151121	-0.234646	-0.228499	-0.21944	-0.187462	-0.21192	-0.131694	-0.185195	-0.278461	-0.277849	-0.212047	-0.204796	-0.212811	-0.336704	-0.148209	-0.227532	-0.230985	-0.187462	-0.192303	-0.220309	-0.215745	-0.295035	-0.218414	-0.303115	-0.281375	-0.224081	-0.237279	-0.246011	-0.216018	-0.228467	-0.261995	-0.230985	-0.285437	-0.234105	-0.197883	-0.312788	-0.275198	-0.222089	-0.237324	-0.336704	-0.278461	-0.307862	-0.238333	-0.161285	-0.226667	-0.221736	-0.321332	-0.205882	-0.224081	-0.261367	-0.270327	-0.214	-0.274063	-0.22473	-0.187462	-0.227368	-0.215745	-0.219434	-0.277427	-0.14153	-0.220443	-0.295489	-0.303247	-0.230798	-0.215108	-0.227368	-0.274507	-0.266562	-0.284384	-0.20281	-0.279082	-0.210779	-0.230985	-0.263216	-0.285702	-0.206735	-0.273341	-0.336704	-0.226392	-0.262615	-0.222603	-0.218414	-0.20281	-0.232568	-0.268616	-0.243803	-0.319015
77000	intercept	0.248967	0.335306	0.297229	0.339763	0.297657	0.323851	0.28595	0.289681	0.324697	0.324387	0.347094	0.278525	0.312441	0.311263	0.300214	0.282366	0.311024	0.341126	0.274878	0.325628	0.323389	0.318308	0.273811	0.301935	0.288642	0.305406	0.292489	0.31724	0.275945	0.30611	0.303084	0.303725	0.310872	0.337681	0.274765	0.314328	0.303263	0.322977	0.284738	0.300241	0.3362	0.296109	0.289404	0.328985	0.291738	0.306654	0.341418	0.326092	0.341152	0.285273	0.290946	0.334223	0.316883	0.295678	0.314352	0.306081	0.295245	0.348321	0.28276	0.354786	0.287819	0.303017	0.342056	0.30283	0.329283	0.355119	0.317532	0.333657	0.294755	0.307065	0.285154	0.315198	0.291116	0.242015	0.279886	0.330653	0.296166	0.272636	0.328665	0.280026	0.311895	0.298175	0.291097	0.34394	0.307438	0.326393	0.303266	0.320233	0.278331	0.297058	0.28976	0.28136	0.285847	0.297021	0.315653	0.303726	0.291225	0.254983	0.353941	0.291554	0.317592	0.317399	0.301967	0.31954	0.287142	0.292738	0.300977	0.376596	0.335964	0.326933	0.321781	0.335981	0.295056	0.292525	0.303443	0.307842	0.303387	0.366262	0.267491	0.34859	0.340352	0.283418	0.287707	0.326193	0.278102	0.322314	0.311346	0.25043	0.329766	0.326323	0.289816	0.315379	0.339023	0.291611	0.254336	0.28133	0.296776	0.279733	0.341318	0.334826	0.284362	0.336382	0.280016	0.358793	0.316026	0.321672	0.317796	0.358458	0.342487	0.31873	0.308174	0.311447	0.331003	0.312257	0.312768	0.273497	0.277437	0.267196	0.298115	0.305985	0.320201	0.261772	0.346114	0.273329	0.306506	0.351158	0.30104	0.309542	0.279117	0.357235	0.26894	0.284417	0.328207	0.288764	0.376657	0.34525	0.332922	0.269111	0.296778	0.311642	0.316528	0.279309	0.331802	0.374836	0.294452	0.303945	0.315915	0.347195	0.278597	0.326957	0.262286	0.289404	0.280202	0.310002	0.30123	0.297886	0.329922	0.279321	0.255161	0.301938	0.336388	0.272206	0.279321	0.351694	0.381692	0.376596	0.242015	0.299022	0.297887	0.276674	0.296943	0.376596	0.359861	0.31223	0.282225	0.293611	0.272206	0.284669	0.345926	0.383816	0.321585	0.229351	0.296948	0.285004	0.283279	0.289404	0.250979	0.296284	0.347204	0.291761	0.255234	0.253872	0.343007	0.344792	0.263291	0.292154	0.347204	0.289404	0.281546	0.339366	0.344792	0.2685	0.353408	0.323306	0.376596	0.348708	0.292154	0.279812	0.376596	0.268826	0.313274	0.359861	0.252695	0.279642	0.336362	0.285951	0.31348	0.328598	0.257349	0.364566	0.292154	0.31348	0.280904	0.279012	0.343574	0.263291	0.255234	0.343574	0.290501	0.294298	0.363962	0.286713	0.285951	0.386473	0.316798	0.292154	0.298458	0.260015	0.290932	0.281546	0.283452	0.332734	0.306217	0.360556	0.279321	0.263291	0.279321	0.343574	0.263255	0.283723	0.275612	0.289404	0.325325	0.312705	0.339763	0.337681	0.348253	0.309875	0.351694	0.360556	0.280452	0.283235	0.319052	0.281546	0.279321	0.29022	0.302204	0.312891	0.280904	0.272206	0.274765	0.296948	0.297173	0.264242	0.290763	0.279321	0.280062	0.280904	0.272206	0.244384	0.22018	0.349408	0.37152	0.324085	0.31223	0.343441	0.334357	0.261959	0.316359	0.355289	0.292154	0.302204	0.364566	0.273888	0.347074	0.291995	0.339366	0.303125	0.276835	0.274765	0.314186	0.297164	0.238022	0.341866	0.355289	0.330307	0.303881	0.33571	0.361931	0.317081	0.312737	0.279321	0.397543	0.339763	0.359045	0.312423	0.197829	0.297136	0.260379	0.376596	0.279012	0.276835	0.279321	0.344792	0.272206	0.313602	0.283452	0.280904	0.281546	0.3002	0.270457	0.308948	0.260127	0.275612	0.339366	0.359538	0.3002	0.30404	0.281546	0.339763	0.308151	0.335541	0.248967	0.360556	0.275612	0.355289	0.305129	0.30123	0.306015	0.347204	0.334357	0.280358	0.296943	0.272206	0.291995	0.248967	0.343574	0.31348	0.285951	0.390098
78000	slope	-0.264614	-0.278025	-0.274799	-0.202337	-0.177019	-0.275744	-0.163767	-0.28277	-0.184846	-0.271012	-0.213999	-0.290914	-0.259227	-0.226077	-0.264225	-0.263762	-0.217183	-0.308624	-0.197847	-0.251388	-0.252824	-0.265376	-0.307093	-0.237189	-0.238576	-0.220665	-0.197643	-0.212243	-0.239114	-0.221426	-0.208928	-0.22019	-0.264567	-0.220444	-0.263105	-0.22876	-0.221511	-0.301057	-0.260751	-0.20665	-0.213878	-0.261092	-0.232334	-0.25649	-0.182667	-0.215062	-0.252193	-0.194332	-0.25551	-0.303405	-0.32322	-0.249203	-0.186583	-0.235657	-0.280554	-0.227111	-0.220928	-0.259274	-0.262265	-0.288366	-0.193449	-0.292393	-0.224311	-0.195312	-0.233583	-0.274842	-0.311955	-0.245581	-0.261603	-0.241762	-0.318037	-0.247033	-0.186674	-0.256825	-0.24091	-0.305811	-0.266029	-0.190674	-0.24047	-0.27783	-0.248072	-0.308479	-0.284022	-0.256662	-0.215134	-0.233604	-0.185428	-0.263088	-0.255774	-0.272709	-0.226077	-0.223448	-0.222086	-0.272701	-0.254021	-0.230777	-0.245862	-0.250338	-0.212398	-0.311585	-0.232762	-0.275801	-0.228603	-0.243478	-0.194993	-0.217987	-0.28888	-0.174797	-0.311388	-0.210856	-0.242798	-0.292008	-0.205217	-0.228377	-0.227722	-0.220054	-0.198278	-0.26085	-0.224391	-0.227913	-0.193283	-0.25718	-0.279923	-0.269388	-0.234632	-0.218896	-0.193117	-0.204374	-0.248944	-0.275742	-0.237319	-0.171782	-0.303353	-0.220641	-0.203581	-0.24738	-0.251388	-0.226313	-0.268653	-0.272472	-0.209424	-0.318371	-0.214055	-0.189902	-0.310252	-0.297694	-0.21382	-0.202127	-0.263933	-0.242706	-0.198969	-0.27717	-0.228726	-0.215414	-0.299357	-0.261791	-0.231711	-0.204252	-0.241715	-0.262791	-0.25643	-0.247266	-0.261472	-0.215977	-0.270226	-0.23504	-0.286731	-0.26059	-0.313141	-0.325047	-0.181152	-0.276462	-0.186051	-0.265708	-0.209054	-0.211916	-0.217139	-0.198537	-0.232718	-0.237964	-0.263022	-0.305147	-0.267603	-0.222889	-0.266578	-0.224014	-0.240421	-0.213029	-0.233009	-0.289756	-0.276774	-0.205343	-0.295708	-0.314199	-0.259604	-0.238259	-0.211986	-0.252005	-0.314313	-0.24833	-0.235689	-0.330994	-0.270067	-0.297545	-0.293556	-0.244503	-0.320485	-0.168262	-0.258785	-0.234378	-0.340761	-0.197385	-0.203299	-0.226841	-0.17519	-0.219939	-0.288366	-0.209478	-0.250826	-0.17519	-0.253213	-0.25106	-0.168262	-0.18254	-0.213613	-0.196523	-0.232664	-0.27206	-0.193117	-0.308479	-0.17519	-0.27717	-0.277279	-0.252394	-0.18254	-0.208516	-0.321529	-0.174379	-0.214055	-0.249203	-0.185943	-0.284156	-0.25106	-0.197956	-0.204574	-0.218247	-0.227111	-0.248393	-0.310487	-0.302878	-0.201565	-0.230021	-0.288366	-0.194501	-0.233306	-0.198015	-0.308624	-0.259479	-0.29434	-0.177019	-0.303912	-0.22489	-0.278839	-0.196218	-0.241202	-0.208516	-0.212478	-0.226077	-0.318371	-0.217038	-0.27717	-0.187904	-0.280954	-0.331786	-0.311763	-0.212445	-0.22736	-0.194359	-0.226649	-0.293128	-0.203394	-0.202614	-0.198015	-0.251275	-0.202614	-0.252394	-0.227111	-0.253213	-0.240548	-0.226649	-0.194601	-0.28837	-0.280954	-0.221124	-0.219572	-0.280907	-0.27717	-0.197385	-0.298932	-0.196523	-0.202614	-0.226077	-0.29434	-0.251178	-0.27206	-0.307345	-0.226841	-0.30974	-0.227111	-0.240548	-0.249846	-0.192672	-0.325771	-0.21052	-0.307124	-0.241202	-0.205305	-0.194601	-0.21936	-0.226841	-0.193117	-0.235639	-0.22114	-0.193463	-0.177019	-0.297987	-0.208651	-0.222745	-0.198015	-0.295874	-0.27717	-0.253984	-0.286708	-0.298932	-0.186051	-0.22176	-0.281839	-0.212445	-0.254616	-0.300468	-0.168262	-0.318371	-0.253984	-0.22876	-0.205305	-0.193449	-0.281789	-0.303441	-0.202614	-0.221124	-0.249203	-0.269316	-0.314111	-0.295613	-0.223448	-0.236485	-0.301806	-0.262262	-0.310278	-0.263933	-0.168262	-0.202614	-0.303295	-0.27783	-0.250737	-0.233306	-0.308479	-0.302294	-0.307774	-0.250826	-0.17761	-0.224712	-0.190301	-0.177019	-0.217988	-0.193312	-0.215835	-0.16663	-0.302294	-0.204574	-0.218247	-0.177019	-0.233306	-0.322577	-0.202614	-0.211718	-0.266578	-0.273703	-0.238259	-0.251388	-0.305516	-0.318844	-0.226057	-0.221124	-0.330546	-0.204574	-0.311799	-0.298932	-0.205086	-0.303912
78000	intercept	0.31594	0.297563	0.314526	0.282766	0.25922	0.329763	0.286168	0.325542	0.25464	0.297758	0.291446	0.333774	0.308763	0.359273	0.345698	0.321232	0.302546	0.340699	0.257653	0.319236	0.300547	0.308644	0.333066	0.315501	0.317465	0.297231	0.258918	0.295682	0.302483	0.315576	0.251741	0.308515	0.335967	0.291551	0.293321	0.267662	0.292745	0.33292	0.313309	0.28442	0.275472	0.301837	0.298203	0.291081	0.254364	0.317676	0.312844	0.262108	0.31707	0.323837	0.358222	0.327486	0.27337	0.322798	0.319289	0.310124	0.335523	0.279247	0.330475	0.360525	0.309106	0.325718	0.324177	0.270862	0.333292	0.33327	0.372792	0.312134	0.362872	0.313604	0.34565	0.309001	0.305147	0.269493	0.314809	0.364636	0.328825	0.275831	0.317861	0.330982	0.325567	0.348644	0.333748	0.308524	0.268997	0.284472	0.258937	0.349621	0.313303	0.300325	0.359358	0.345861	0.325797	0.330095	0.287732	0.29937	0.290499	0.330686	0.278575	0.338461	0.310707	0.322452	0.335777	0.282434	0.290071	0.270689	0.334699	0.261082	0.332178	0.293069	0.308249	0.35026	0.299342	0.314524	0.303348	0.294204	0.288812	0.345638	0.285651	0.295706	0.270543	0.331477	0.313767	0.321801	0.293203	0.313061	0.278989	0.279481	0.314018	0.311331	0.327602	0.274387	0.346754	0.284238	0.299548	0.299286	0.321404	0.287462	0.335216	0.342158	0.303221	0.363447	0.275869	0.267148	0.331031	0.311981	0.316919	0.290418	0.283507	0.312412	0.279713	0.313787	0.300722	0.277288	0.332614	0.330209	0.301673	0.28668	0.280618	0.321035	0.313701	0.285191	0.325767	0.298564	0.297147	0.276229	0.32815	0.297078	0.337172	0.36332	0.243974	0.332777	0.259229	0.322264	0.29762	0.271533	0.295326	0.268727	0.313689	0.304564	0.308543	0.358748	0.331691	0.311243	0.287043	0.258948	0.279096	0.27181	0.290619	0.342601	0.305003	0.278317	0.370019	0.352812	0.316203	0.319896	0.319944	0.307712	0.368296	0.304788	0.313616	0.370266	0.300541	0.322848	0.357704	0.328166	0.338098	0.252209	0.286686	0.338694	0.369676	0.286192	0.266385	0.279605	0.264506	0.244966	0.360525	0.276657	0.29571	0.261638	0.256342	0.309335	0.252209	0.276657	0.276014	0.278798	0.284672	0.320071	0.278989	0.348644	0.264506	0.313787	0.318819	0.312236	0.276657	0.273606	0.354067	0.245204	0.275869	0.321957	0.24743	0.309665	0.309335	0.275592	0.288087	0.268882	0.310124	0.369703	0.338147	0.338098	0.265588	0.2685	0.366804	0.281753	0.329207	0.25982	0.340699	0.322891	0.316482	0.270918	0.330769	0.28151	0.313608	0.309106	0.294367	0.259818	0.307043	0.359358	0.362877	0.350946	0.303666	0.279258	0.318242	0.366128	0.342433	0.275622	0.276657	0.273606	0.301933	0.315807	0.278989	0.268655	0.25982	0.283507	0.265102	0.312236	0.310124	0.286686	0.316892	0.29854	0.276014	0.337297	0.319123	0.310124	0.266385	0.280455	0.313787	0.27439	0.316806	0.278798	0.277754	0.358084	0.309238	0.342726	0.320071	0.350597	0.281558	0.369676	0.310124	0.316892	0.336755	0.247257	0.377181	0.297018	0.348644	0.294367	0.288364	0.276014	0.310124	0.281558	0.278989	0.331151	0.275681	0.301344	0.264506	0.335749	0.273606	0.291433	0.25982	0.37103	0.308219	0.297014	0.353082	0.335019	0.250023	0.294455	0.287795	0.275622	0.274988	0.361009	0.258484	0.363447	0.289933	0.274721	0.284672	0.309106	0.323963	0.318559	0.277754	0.310124	0.321957	0.32578	0.373583	0.297779	0.345861	0.291471	0.350597	0.32048	0.350597	0.283507	0.26478	0.277754	0.363352	0.330982	0.286437	0.329207	0.347101	0.390375	0.358448	0.295206	0.255223	0.307052	0.274195	0.270918	0.244966	0.266196	0.291433	0.264506	0.390375	0.288087	0.268882	0.270918	0.329207	0.328382	0.268655	0.284173	0.29788	0.360104	0.318688	0.323408	0.334113	0.328382	0.344565	0.310124	0.361457	0.288087	0.307443	0.335019	0.366735	0.33573
79000	slope	-0.274503	-0.27575	-0.22854	-0.324041	-0.197573	-0.329679	-0.27174	-0.276165	-0.180238	-0.244311	-0.29353	-0.265691	-0.229792	-0.215819	-0.213934	-0.263771	-0.325416	-0.214267	-0.298813	-0.243455	-0.26694	-0.293989	-0.25086	-0.224672	-0.315729	-0.254684	-0.235568	-0.261049	-0.236333	-0.251959	-0.263535	-0.227168	-0.284319	-0.237243	-0.211511	-0.2326	-0.176112	-0.215988	-0.198461	-0.266086	-0.291408	-0.306903	-0.257863	-0.263403	-0.276462	-0.254669	-0.260311	-0.245269	-0.231737	-0.239258	-0.211906	-0.251385	-0.249252	-0.209343	-0.232114	-0.234392	-0.259901	-0.252881	-0.313928	-0.238604	-0.225139	-0.279843	-0.181529	-0.240853	-0.248701	-0.197791	-0.281178	-0.298373	-0.28644	-0.227533	-0.250058	-0.325481	-0.285842	-0.248177	-0.260937	-0.285511	-0.271911	-0.319486	-0.357948	-0.255924	-0.228774	-0.272776	-0.251573	-0.174919	-0.239368	-0.235337	-0.236496	-0.262642	-0.31909	-0.227679	-0.262568	-0.254752	-0.276121	-0.24449	-0.230609	-0.225294	-0.240938	-0.202292	-0.213934	-0.302221	-0.253128	-0.240299	-0.241666	-0.311737	-0.235515	-0.318816	-0.244973	-0.228786	-0.264889	-0.252176	-0.267208	-0.245565	-0.26535	-0.257865	-0.237071	-0.252553	-0.294969	-0.191207	-0.210594	-0.289427	-0.217552	-0.273134	-0.262959	-0.291672	-0.192386	-0.239416	-0.214886	-0.237428	-0.21072	-0.29005	-0.198981	-0.252286	-0.261271	-0.241526	-0.212211	-0.297772	-0.258453	-0.211511	-0.263706	-0.287651	-0.236291	-0.28208	-0.240174	-0.270687	-0.300412	-0.26593	-0.282751	-0.263053	-0.235045	-0.288185	-0.269937	-0.233366	-0.224534	-0.277058	-0.257293	-0.181067	-0.234946	-0.200086	-0.270687	-0.25166	-0.259273	-0.269557	-0.313303	-0.247922	-0.260101	-0.234945	-0.273127	-0.323214	-0.215465	-0.221061	-0.233554	-0.25177	-0.224561	-0.192137	-0.242852	-0.332879	-0.229858	-0.243499	-0.283386	-0.226878	-0.245225	-0.230428	-0.253624	-0.261421	-0.324057	-0.26664	-0.266664	-0.260348	-0.242502	-0.268497	-0.186239	-0.237816	-0.267723	-0.249863	-0.25721	-0.284926	-0.281139	-0.209008	-0.22344	-0.263403	-0.3363	-0.232715	-0.313974	-0.293198	-0.243069	-0.260675	-0.248039	-0.232715	-0.177803	-0.311782	-0.183027	-0.183027	-0.261339	-0.271242	-0.291276	-0.235326	-0.321756	-0.235737	-0.283602	-0.253539	-0.203784	-0.358952	-0.253992	-0.2555	-0.206259	-0.329458	-0.204339	-0.321628	-0.207185	-0.222662	-0.181067	-0.229872	-0.257863	-0.265012	-0.346444	-0.203089	-0.198425	-0.259901	-0.186459	-0.159206	-0.231246	-0.253992	-0.280082	-0.244755	-0.274503	-0.248251	-0.195123	-0.2059	-0.216482	-0.214014	-0.233141	-0.29353	-0.258437	-0.302613	-0.311646	-0.247835	-0.215819	-0.311782	-0.291879	-0.311782	-0.219893	-0.211211	-0.325481	-0.311646	-0.346014	-0.198425	-0.204339	-0.181067	-0.225136	-0.302095	-0.211906	-0.254115	-0.204339	-0.248637	-0.212309	-0.283602	-0.178837	-0.197181	-0.2059	-0.349615	-0.22239	-0.249099	-0.238982	-0.199864	-0.334883	-0.180818	-0.321756	-0.228992	-0.199864	-0.196732	-0.18275	-0.226045	-0.295024	-0.188222	-0.207733	-0.253128	-0.222662	-0.262642	-0.226533	-0.18275	-0.220276	-0.208682	-0.368482	-0.227498	-0.274503	-0.249576	-0.268825	-0.22836	-0.2072	-0.297685	-0.302095	-0.26075	-0.197181	-0.262748	-0.224085	-0.274503	-0.226284	-0.301549	-0.247835	-0.232518	-0.357477	-0.218467	-0.250643	-0.257264	-0.225787	-0.274503	-0.27114	-0.249099	-0.311612	-0.283744	-0.361716	-0.257264	-0.264957	-0.29353	-0.302711	-0.283744	-0.313974	-0.186239	-0.191416	-0.252233	-0.278257	-0.196128	-0.229733	-0.254645	-0.186239	-0.186459	-0.204339	-0.214706	-0.249536	-0.258437	-0.300544	-0.357477	-0.338552	-0.262748	-0.259901	-0.223273	-0.298506	-0.212617	-0.3363	-0.186239	-0.192547	-0.276197	-0.231246	-0.2072	-0.235737	-0.191395	-0.313231	-0.215819	-0.209235	-0.254115	-0.235737	-0.171434	-0.213024	-0.192137	-0.234865	-0.312026	-0.311782	-0.203089	-0.274122	-0.189368	-0.319973	-0.191395	-0.336781	-0.186239	-0.319973	-0.23545	-0.207185	-0.178901	-0.258141	-0.266141	-0.207316	-0.200331	-0.183027	-0.171434	-0.186239	-0.298506	-0.17851	-0.186239	-0.253992	-0.244595
79000	intercept	0.39349	0.40864	0.285684	0.367472	0.273142	0.367031	0.302216	0.31463	0.282813	0.284019	0.329594	0.32313	0.296911	0.288664	0.288109	0.354753	0.352357	0.26821	0.346237	0.307865	0.309755	0.349977	0.322476	0.266181	0.345221	0.284008	0.326432	0.321439	0.260189	0.314994	0.358329	0.267104	0.348774	0.327652	0.276459	0.294414	0.27399	0.326168	0.277095	0.295962	0.35195	0.372543	0.335415	0.33178	0.315996	0.29627	0.283469	0.297166	0.281709	0.294038	0.297757	0.311839	0.307555	0.275008	0.307085	0.287505	0.304196	0.308399	0.358935	0.258674	0.281908	0.315625	0.258872	0.322005	0.321219	0.247669	0.306211	0.344045	0.361512	0.3428	0.336958	0.359639	0.336185	0.279667	0.315492	0.306019	0.30143	0.364284	0.394161	0.312381	0.2897	0.322818	0.289279	0.285539	0.262267	0.274549	0.285511	0.323167	0.346797	0.278513	0.319347	0.299436	0.326823	0.295495	0.307875	0.305559	0.314379	0.232553	0.272686	0.331177	0.261017	0.273144	0.286139	0.358164	0.30909	0.370261	0.281718	0.305174	0.360986	0.300801	0.296774	0.280632	0.309346	0.327863	0.314607	0.348658	0.321552	0.286229	0.260021	0.348445	0.266567	0.321227	0.31596	0.348603	0.26972	0.304359	0.292376	0.296318	0.308438	0.346011	0.276512	0.303973	0.313682	0.31146	0.270928	0.322439	0.299935	0.296628	0.286561	0.362402	0.303819	0.363784	0.283368	0.39349	0.329719	0.331819	0.299286	0.284471	0.264593	0.312471	0.306856	0.299082	0.297105	0.344844	0.290956	0.215051	0.323615	0.280138	0.392253	0.274131	0.366479	0.334016	0.329383	0.261552	0.30193	0.29308	0.322466	0.367199	0.244862	0.299388	0.359272	0.288606	0.284666	0.276306	0.318997	0.374561	0.288313	0.329597	0.317239	0.290883	0.317605	0.310296	0.27075	0.291491	0.35412	0.382192	0.335665	0.315233	0.300563	0.323833	0.277969	0.286688	0.321602	0.317757	0.329297	0.346594	0.321877	0.308574	0.271242	0.314735	0.364483	0.275602	0.337	0.351504	0.285239	0.330487	0.307822	0.285527	0.282813	0.368174	0.278779	0.277746	0.280102	0.284728	0.354775	0.303521	0.337727	0.26809	0.33178	0.313055	0.297757	0.371375	0.314815	0.305372	0.277902	0.3626	0.257048	0.36179	0.285148	0.306974	0.233887	0.290262	0.335415	0.304196	0.371375	0.258312	0.252701	0.304196	0.277254	0.256975	0.327238	0.306247	0.325146	0.284008	0.39349	0.260989	0.284471	0.284471	0.327486	0.30319	0.265106	0.333338	0.330487	0.370208	0.323428	0.260989	0.309675	0.368174	0.333338	0.368174	0.299047	0.284471	0.36179	0.323428	0.401558	0.245836	0.257048	0.215667	0.288109	0.34351	0.297757	0.323167	0.257048	0.297331	0.280507	0.33178	0.277746	0.290941	0.284471	0.371375	0.257527	0.279125	0.327026	0.313932	0.380557	0.31822	0.337727	0.250055	0.313932	0.263915	0.259418	0.287476	0.354775	0.264653	0.234049	0.261017	0.306974	0.323167	0.273733	0.259418	0.279125	0.27911	0.371375	0.252527	0.419332	0.33178	0.279083	0.319171	0.312274	0.33602	0.348318	0.3201	0.290941	0.338952	0.284471	0.391223	0.266796	0.395787	0.260989	0.300052	0.402785	0.284471	0.328761	0.297331	0.268135	0.39349	0.334016	0.283461	0.357463	0.40962	0.402507	0.297331	0.337315	0.333338	0.342595	0.40962	0.337	0.271715	0.277254	0.32128	0.327383	0.268135	0.309075	0.327464	0.263915	0.277254	0.257048	0.272462	0.354763	0.330487	0.325143	0.402785	0.36677	0.335415	0.304196	0.281613	0.351504	0.2875	0.364483	0.272167	0.271927	0.33178	0.313935	0.304053	0.261729	0.274996	0.340936	0.309675	0.256588	0.323167	0.286704	0.320555	0.270269	0.261814	0.268849	0.33602	0.368174	0.258312	0.324456	0.264545	0.36677	0.274996	0.337727	0.277254	0.36677	0.319171	0.272462	0.317735	0.298708	0.30288	0.307135	0.319193	0.277746	0.320555	0.277254	0.351504	0.215051	0.263915	0.313055	0.307822
80000	slope	-0.240785	-0.18668	-0.232095	-0.229438	-0.263878	-0.19271	-0.217386	-0.203983	-0.23801	-0.25392	-0.178063	-0.228546	-0.218682	-0.214897	-0.237844	-0.221114	-0.196341	-0.203756	-0.238107	-0.212804	-0.225798	-0.254275	-0.220961	-0.215627	-0.221959	-0.242758	-0.206949	-0.216008	-0.285336	-0.293632	-0.261348	-0.208514	-0.256804	-0.249151	-0.277465	-0.229149	-0.205774	-0.244829	-0.260774	-0.213961	-0.220973	-0.212283	-0.224742	-0.255996	-0.24825	-0.197562	-0.260509	-0.207781	-0.260772	-0.229702	-0.223689	-0.211605	-0.230056	-0.232905	-0.266363	-0.2357	-0.260618	-0.304887	-0.296981	-0.276339	-0.237674	-0.214044	-0.180156	-0.214217	-0.211357	-0.209994	-0.198835	-0.205391	-0.219083	-0.23864	-0.284811	-0.222626	-0.285028	-0.240017	-0.241698	-0.324872	-0.271441	-0.222062	-0.195251	-0.189314	-0.215335	-0.217742	-0.227581	-0.249787	-0.222192	-0.219083	-0.216334	-0.264317	-0.259298	-0.244198	-0.255593	-0.211795	-0.238087	-0.221145	-0.260298	-0.27868	-0.321851	-0.290219	-0.223678	-0.222846	-0.244722	-0.200199	-0.230448	-0.207115	-0.278645	-0.264469	-0.232924	-0.277465	-0.267884	-0.229246	-0.238123	-0.255003	-0.211473	-0.249742	-0.210335	-0.264759	-0.22071	-0.223724	-0.249017	-0.217374	-0.2209	-0.247531	-0.218189	-0.234918	-0.236173	-0.212232	-0.21894	-0.245951	-0.20009	-0.21015	-0.20287	-0.291216	-0.225767	-0.195285	-0.234154	-0.23531	-0.237368	-0.213582	-0.250742	-0.217937	-0.198429	-0.256414	-0.220913	-0.247727	-0.208467	-0.256976	-0.219383	-0.212617	-0.249092	-0.201618	-0.262101	-0.240213	-0.200355	-0.176142	-0.295909	-0.223858	-0.240864	-0.244251	-0.253653	-0.234314	-0.215236	-0.240088	-0.227442	-0.254006	-0.224854	-0.220662	-0.213314	-0.218644	-0.223546	-0.265575	-0.203586	-0.227069	-0.224519	-0.230057	-0.221941	-0.214339	-0.269983	-0.252176	-0.275618	-0.205952	-0.233171	-0.215946	-0.233135	-0.26074	-0.218121	-0.268636	-0.240461	-0.185286	-0.222789	-0.233725	-0.2258	-0.217743	-0.232943	-0.250643	-0.195531	-0.203215	-0.267945	-0.226757	-0.2261	-0.241724	-0.232205	-0.314573	-0.247092	-0.232123	-0.262101	-0.204517	-0.277465	-0.215819	-0.275817	-0.202544	-0.206949	-0.21265	-0.357754	-0.195278	-0.25443	-0.243399	-0.296568	-0.203241	-0.232943	-0.212607	-0.232123	-0.23195	-0.212562	-0.19892	-0.256414	-0.275817	-0.205433	-0.179689	-0.215495	-0.211389	-0.227442	-0.205538	-0.296568	-0.196102	-0.280112	-0.180043	-0.231085	-0.220195	-0.209752	-0.36889	-0.224599	-0.174845	-0.25443	-0.216008	-0.277628	-0.332993	-0.219539	-0.210574	-0.25876	-0.224186	-0.296568	-0.223791	-0.24291	-0.275817	-0.221833	-0.179798	-0.205538	-0.257888	-0.167271	-0.294493	-0.224085	-0.215464	-0.225814	-0.277916	-0.244123	-0.225376	-0.211527	-0.316272	-0.167271	-0.214245	-0.152677	-0.200558	-0.284129	-0.301013	-0.195864	-0.198986	-0.223666	-0.224085	-0.19866	-0.227767	-0.191464	-0.211389	-0.233553	-0.232066	-0.288921	-0.23195	-0.202544	-0.175349	-0.227325	-0.243816	-0.20885	-0.200558	-0.164507	-0.243915	-0.176589	-0.258346	-0.223408	-0.296568	-0.318463	-0.316272	-0.227325	-0.264313	-0.229764	-0.209065	-0.23195	-0.225804	-0.227325	-0.195278	-0.283331	-0.217749	-0.194979	-0.210574	-0.243399	-0.29246	-0.23009	-0.248961	-0.266844	-0.224186	-0.253398	-0.283331	-0.296568	-0.202544	-0.207876	-0.296568	-0.294238	-0.232586	-0.258418	-0.220721	-0.280112	-0.198986	-0.314573	-0.232229	-0.152677	-0.318425	-0.157739	-0.285384	-0.209898	-0.268223	-0.219732	-0.270993	-0.23781	-0.194979	-0.23609	-0.266582	-0.223791	-0.196251	-0.21956	-0.234998	-0.217742	-0.216564	-0.225999	-0.220195	-0.217749	-0.296568	-0.276865	-0.253653	-0.164507	-0.227442	-0.223553	-0.224619	-0.188956	-0.181117	-0.227767	-0.16383	-0.240461	-0.261959	-0.208787	-0.206417	-0.220683	-0.237553	-0.264313	-0.251118	-0.232586	-0.23913	-0.213766	-0.290748	-0.196555	-0.226652	-0.283331	-0.231534	-0.232943	-0.233801	-0.313186	-0.281127	-0.296568	-0.223666	-0.219732	-0.215819	-0.25998	-0.181325	-0.223791	-0.287252	-0.296568	-0.240907	-0.214473	-0.212617	-0.23195	-0.234998	-0.213766	-0.215819
80000	intercept	0.307002	0.275135	0.284563	0.276004	0.340559	0.267797	0.295216	0.288692	0.287941	0.31054	0.255578	0.26559	0.290749	0.25951	0.28833	0.264389	0.277598	0.264681	0.299977	0.249361	0.250862	0.325445	0.250291	0.288939	0.290511	0.30352	0.232373	0.283575	0.336643	0.341671	0.287825	0.238556	0.320607	0.295672	0.35489	0.260845	0.277076	0.312889	0.331884	0.26096	0.250122	0.287949	0.276313	0.293882	0.31583	0.260238	0.305454	0.254441	0.322924	0.294313	0.274841	0.269939	0.294213	0.259179	0.318481	0.284133	0.314535	0.329054	0.329567	0.300867	0.272555	0.274935	0.2664	0.268294	0.283294	0.282061	0.280445	0.251638	0.252485	0.260282	0.35669	0.282588	0.33815	0.290821	0.286766	0.368414	0.327095	0.27555	0.253713	0.275404	0.278031	0.288104	0.288091	0.324573	0.302111	0.252485	0.284474	0.316547	0.283997	0.277684	0.285996	0.302603	0.298307	0.276685	0.308301	0.309011	0.324239	0.337242	0.253361	0.299089	0.329853	0.273861	0.272546	0.261955	0.3194	0.330804	0.253555	0.359548	0.318407	0.280504	0.295917	0.33566	0.276275	0.322123	0.291411	0.298641	0.287822	0.279998	0.317015	0.279045	0.282083	0.28783	0.2931	0.27419	0.305827	0.294885	0.305506	0.305927	0.251839	0.280773	0.229186	0.325396	0.310591	0.266448	0.267092	0.306209	0.313476	0.270394	0.304044	0.299179	0.266237	0.269049	0.301773	0.369355	0.280551	0.312651	0.286993	0.300477	0.29556	0.270797	0.325945	0.263463	0.277245	0.260342	0.341968	0.286915	0.316269	0.290879	0.35409	0.261521	0.252816	0.267934	0.261464	0.320299	0.295499	0.27383	0.292046	0.273565	0.293158	0.315101	0.274016	0.268294	0.286762	0.305654	0.298253	0.263414	0.312919	0.332139	0.308697	0.297601	0.25934	0.278866	0.306094	0.306984	0.261029	0.325801	0.271864	0.259262	0.250646	0.317851	0.321514	0.264905	0.252317	0.306383	0.273421	0.279419	0.29194	0.284349	0.262343	0.303269	0.276211	0.34027	0.335059	0.277751	0.325945	0.258508	0.359548	0.258908	0.358531	0.281879	0.232373	0.291771	0.412903	0.278212	0.315699	0.285568	0.34027	0.27511	0.247931	0.280791	0.267734	0.248633	0.24117	0.268421	0.265122	0.354254	0.251923	0.313361	0.258908	0.253147	0.261464	0.304869	0.342137	0.276537	0.33623	0.25194	0.286644	0.30191	0.265555	0.412903	0.273311	0.27523	0.315699	0.283575	0.325919	0.324439	0.303913	0.271061	0.298043	0.284634	0.34027	0.291951	0.271327	0.354254	0.280749	0.255637	0.304869	0.324159	0.275514	0.319469	0.296538	0.290461	0.273988	0.305277	0.296901	0.273733	0.283738	0.350325	0.275514	0.250348	0.275514	0.289993	0.34143	0.324825	0.289993	0.294103	0.289991	0.302769	0.281879	0.331049	0.2721	0.253147	0.277576	0.292824	0.333204	0.259527	0.281879	0.273988	0.286407	0.275542	0.311424	0.289993	0.242754	0.285568	0.275514	0.3145	0.288148	0.342137	0.350325	0.350325	0.30191	0.321047	0.295685	0.260145	0.248633	0.290461	0.286407	0.25608	0.332009	0.243216	0.273988	0.273733	0.285568	0.326141	0.302212	0.266608	0.355628	0.297301	0.30502	0.345432	0.34027	0.281879	0.256747	0.34027	0.322335	0.265415	0.304257	0.304869	0.33623	0.297694	0.34027	0.308025	0.275514	0.350325	0.275514	0.355628	0.260482	0.358494	0.298307	0.356108	0.286253	0.273988	0.285882	0.336991	0.291951	0.286346	0.283294	0.263814	0.288104	0.284438	0.280602	0.303212	0.243216	0.34027	0.34918	0.302989	0.242754	0.261464	0.267871	0.258908	0.253361	0.271574	0.320553	0.268444	0.271864	0.297662	0.252435	0.301289	0.290461	0.252877	0.321047	0.251976	0.271327	0.262459	0.278655	0.305677	0.316388	0.247931	0.342291	0.263814	0.241367	0.230947	0.316909	0.361094	0.34027	0.289991	0.298307	0.258908	0.309497	0.261406	0.291951	0.310852	0.34027	0.284408	0.255214	0.300477	0.266185	0.263814	0.278655	0.258908
81000	slope	-0.24259	-0.245932	-0.228606	-0.216679	-0.215831	-0.231456	-0.226235	-0.243272	-0.265565	-0.217157	-0.207341	-0.225433	-0.20023	-0.208143	-0.214807	-0.252781	-0.269722	-0.200622	-0.261145	-0.239773	-0.246463	-0.203013	-0.243752	-0.24203	-0.2316	-0.215804	-0.233341	-0.203877	-0.215752	-0.224551	-0.230505	-0.220324	-0.249576	-0.229387	-0.222687	-0.265935	-0.20218	-0.253548	-0.239033	-0.233539	-0.248628	-0.219965	-0.272535	-0.219147	-0.23106	-0.216051	-0.221625	-0.202031	-0.263774	-0.251706	-0.256325	-0.19894	-0.235062	-0.282939	-0.228104	-0.262734	-0.21637	-0.208952	-0.232634	-0.207197	-0.222334	-0.20153	-0.219524	-0.232837	-0.243639	-0.234563	-0.230076	-0.243619	-0.251349	-0.245588	-0.213691	-0.207843	-0.199329	-0.212362	-0.223448	-0.205191	-0.213331	-0.239153	-0.213026	-0.221996	-0.253362	-0.22195	-0.235871	-0.253502	-0.220226	-0.237356	-0.249202	-0.205926	-0.241224	-0.230505	-0.226068	-0.254442	-0.229776	-0.237623	-0.283362	-0.215299	-0.228445	-0.223546	-0.213888	-0.245942	-0.207671	-0.286986	-0.231776	-0.217118	-0.203898	-0.272944	-0.230617	-0.259552	-0.261022	-0.197195	-0.21197	-0.212616	-0.224316	-0.280719	-0.217065	-0.241322	-0.243761	-0.23404	-0.209742	-0.228922	-0.204609	-0.219109	-0.241727	-0.230873	-0.229579	-0.205122	-0.204339	-0.260228	-0.196391	-0.239756	-0.236442	-0.211594	-0.241963	-0.199425	-0.203765	-0.193868	-0.239302	-0.225856	-0.209989	-0.265332	-0.252038	-0.241921	-0.225812	-0.224944	-0.247663	-0.23071	-0.218052	-0.258344	-0.253813	-0.232393	-0.203698	-0.190064	-0.269373	-0.207058	-0.212366	-0.234725	-0.229231	-0.226376	-0.274992	-0.237028	-0.212915	-0.216532	-0.213474	-0.251256	-0.195472	-0.223082	-0.251745	-0.280313	-0.243729	-0.205395	-0.215429	-0.236492	-0.200747	-0.236636	-0.241637	-0.21594	-0.2141	-0.263879	-0.222934	-0.219435	-0.224835	-0.243041	-0.243752	-0.220336	-0.262914	-0.246045	-0.220304	-0.222221	-0.20347	-0.297622	-0.214458	-0.208606	-0.220446	-0.221701	-0.237237	-0.24266	-0.23008	-0.231362	-0.208215	-0.230273	-0.191893	-0.243577	-0.288513	-0.224597	-0.249723	-0.277465	-0.293973	-0.227583	-0.21937	-0.206541	-0.223083	-0.204339	-0.298357	-0.212292	-0.256325	-0.26276	-0.234563	-0.222959	-0.240457	-0.254086	-0.237879	-0.284011	-0.293867	-0.296248	-0.208143	-0.27284	-0.200044	-0.198335	-0.202275	-0.219812	-0.195472	-0.216964	-0.236663	-0.272547	-0.250243	-0.22976	-0.230076	-0.249723	-0.27202	-0.218451	-0.212579	-0.218923	-0.222631	-0.195472	-0.224196	-0.224316	-0.245228	-0.27202	-0.217557	-0.206189	-0.175297	-0.251027	-0.190317	-0.264742	-0.222715	-0.264742	-0.28507	-0.223083	-0.20153	-0.243496	-0.200622	-0.20153	-0.318546	-0.297108	-0.216589	-0.270674	-0.30127	-0.190317	-0.198056	-0.240461	-0.208892	-0.26111	-0.217024	-0.220774	-0.224316	-0.214134	-0.297108	-0.216725	-0.207092	-0.213026	-0.208143	-0.198964	-0.248989	-0.184928	-0.22261	-0.175297	-0.192873	-0.219156	-0.270099	-0.244482	-0.274495	-0.215694	-0.205264	-0.250243	-0.329699	-0.252697	-0.235866	-0.285611	-0.219538	-0.235066	-0.26276	-0.212763	-0.254086	-0.222715	-0.251213	-0.253456	-0.226524	-0.239978	-0.297454	-0.195894	-0.214134	-0.184151	-0.238571	-0.212292	-0.19209	-0.20139	-0.243981	-0.220774	-0.225589	-0.20483	-0.220774	-0.208892	-0.225459	-0.227243	-0.208801	-0.220201	-0.285611	-0.23846	-0.232749	-0.270099	-0.262103	-0.297454	-0.20371	-0.225459	-0.284011	-0.296517	-0.21561	-0.20541	-0.190317	-0.207055	-0.222715	-0.227583	-0.264742	-0.274495	-0.253198	-0.223448	-0.208631	-0.225433	-0.202275	-0.262914	-0.200057	-0.225433	-0.184928	-0.235401	-0.238747	-0.200622	-0.262931	-0.254086	-0.206777	-0.23846	-0.265441	-0.221973	-0.249579	-0.200622	-0.208143	-0.219682	-0.195894	-0.208237	-0.222715	-0.180159	-0.173588	-0.230728	-0.184151	-0.207714	-0.212292	-0.208201	-0.182457	-0.293867	-0.243674	-0.183672	-0.251027	-0.285611	-0.240087	-0.276614	-0.230076	-0.20907	-0.248989	-0.274495	-0.197359	-0.222715	-0.262914	-0.214134	-0.205264	-0.223448	-0.208189	-0.240087	-0.223448	-0.20483	-0.274282	-0.27284
81000	intercept	0.306272	0.336427	0.311204	0.280562	0.287002	0.289979	0.294195	0.277269	0.31873	0.312985	0.30089	0.267975	0.273456	0.241125	0.294373	0.32702	0.317147	0.27646	0.315106	0.304864	0.347329	0.294964	0.313027	0.297913	0.287125	0.293472	0.288143	0.298649	0.30971	0.269262	0.311205	0.240974	0.29139	0.280901	0.312687	0.321036	0.271551	0.287202	0.292179	0.347715	0.322915	0.285567	0.337792	0.266654	0.271187	0.277346	0.295832	0.284347	0.341289	0.305188	0.344208	0.306524	0.319704	0.339161	0.285586	0.326036	0.273675	0.263592	0.295275	0.297572	0.274564	0.28302	0.312082	0.321632	0.340551	0.333936	0.27288	0.317909	0.283167	0.286431	0.29614	0.287959	0.258763	0.24829	0.309575	0.297687	0.288423	0.30529	0.326304	0.287761	0.321518	0.293198	0.328424	0.290093	0.298133	0.303651	0.272199	0.244021	0.312148	0.306775	0.314469	0.307734	0.301778	0.297096	0.335938	0.265543	0.293248	0.291486	0.28773	0.261195	0.264618	0.353192	0.30474	0.290645	0.288292	0.349831	0.292058	0.287257	0.327421	0.273877	0.280755	0.297027	0.305455	0.313316	0.287724	0.307658	0.31889	0.276645	0.28125	0.318458	0.259389	0.256527	0.320391	0.325649	0.289862	0.277045	0.261301	0.31149	0.270601	0.299766	0.295152	0.282513	0.274272	0.313765	0.279349	0.276221	0.302937	0.294877	0.245709	0.300197	0.280582	0.304695	0.302352	0.301864	0.310211	0.289318	0.315861	0.320301	0.282607	0.295731	0.258692	0.275481	0.342118	0.281882	0.24665	0.269648	0.272885	0.290243	0.313977	0.273421	0.294563	0.312509	0.269996	0.306675	0.341336	0.286997	0.30108	0.305009	0.29465	0.270751	0.259548	0.284171	0.250935	0.33018	0.273251	0.265084	0.267463	0.320301	0.2871	0.265565	0.300773	0.325046	0.312361	0.29248	0.358248	0.276124	0.275552	0.279035	0.298457	0.347589	0.266854	0.269775	0.268053	0.288323	0.285035	0.308207	0.280201	0.284949	0.280164	0.274724	0.237177	0.280058	0.324963	0.290682	0.271139	0.343405	0.352142	0.293826	0.293826	0.307482	0.282628	0.273877	0.349467	0.308347	0.344208	0.305879	0.317021	0.267864	0.337848	0.268467	0.311845	0.324963	0.361662	0.353607	0.225374	0.324963	0.265886	0.233491	0.283648	0.271959	0.331952	0.240788	0.306207	0.284232	0.336789	0.368598	0.27288	0.266617	0.312059	0.286934	0.263125	0.261686	0.299931	0.333459	0.317186	0.276207	0.296878	0.304397	0.333936	0.297231	0.279696	0.27548	0.247442	0.337848	0.288461	0.337848	0.276807	0.282628	0.28302	0.296878	0.265641	0.28302	0.35471	0.346384	0.262442	0.330282	0.343037	0.247442	0.271265	0.294101	0.298482	0.283	0.288143	0.304337	0.250248	0.28733	0.346384	0.267975	0.313256	0.311059	0.230634	0.245709	0.304257	0.263697	0.306745	0.279696	0.233411	0.260804	0.326864	0.295628	0.325346	0.254749	0.273484	0.336789	0.364932	0.276578	0.293962	0.347608	0.306094	0.293962	0.305879	0.227609	0.273962	0.290984	0.34839	0.292985	0.307725	0.306416	0.355915	0.2788	0.283155	0.278808	0.290745	0.292711	0.272475	0.253729	0.273962	0.302851	0.277684	0.279129	0.305477	0.298482	0.292059	0.274082	0.245709	0.285568	0.347608	0.358757	0.325067	0.326864	0.304257	0.370125	0.282078	0.292059	0.324963	0.335408	0.271959	0.308892	0.247442	0.294263	0.274084	0.293826	0.337848	0.337967	0.257569	0.294589	0.285568	0.267975	0.283648	0.347166	0.302503	0.267975	0.277352	0.275615	0.344208	0.27646	0.326911	0.273962	0.253729	0.358757	0.33196	0.279236	0.325493	0.27646	0.230858	0.290647	0.2788	0.313775	0.285789	0.302297	0.277352	0.273712	0.276077	0.261686	0.293241	0.282125	0.275359	0.361662	0.305955	0.283648	0.268083	0.347608	0.277486	0.285055	0.27288	0.259023	0.304257	0.326084	0.270974	0.288461	0.381604	0.28733	0.283648	0.309575	0.230634	0.277486	0.317186	0.271265	0.338767	0.324963
82000	slope	-0.246269	-0.202842	-0.266489	-0.215682	-0.280601	-0.275489	-0.243582	-0.319951	-0.246696	-0.282028	-0.26818	-0.238774	-0.232162	-0.26222	-0.209243	-0.29697	-0.281824	-0.184545	-0.247491	-0.290246	-0.271307	-0.208164	-0.172127	-0.229208	-0.298693	-0.244018	-0.28899	-0.239374	-0.305784	-0.191424	-0.189184	-0.2655	-0.196712	-0.205184	-0.27358	-0.277312	-0.230437	-0.269202	-0.231881	-0.308717	-0.242086	-0.268238	-0.236612	-0.20994	-0.200473	-0.218153	-0.223615	-0.288816	-0.219658	-0.253659	-0.263129	-0.270679	-0.282411	-0.269912	-0.257116	-0.213116	-0.207679	-0.273009	-0.275765	-0.21317	-0.251787	-0.200916	-0.211121	-0.23917	-0.261257	-0.252173	-0.179074	-0.251064	-0.232904	-0.276519	-0.198149	-0.218743	-0.168967	-0.257452	-0.241142	-0.235024	-0.206227	-0.177279	-0.257573	-0.250904	-0.243381	-0.28167	-0.270539	-0.275777	-0.282738	-0.189009	-0.217581	-0.249412	-0.236315	-0.230649	-0.237568	-0.237065	-0.256215	-0.219594	-0.229121	-0.19559	-0.270489	-0.293765	-0.232024	-0.191228	-0.212494	-0.18135	-0.190425	-0.179074	-0.223354	-0.246078	-0.187592	-0.269157	-0.277672	-0.260004	-0.229238	-0.212129	-0.261323	-0.246269	-0.271175	-0.280572	-0.265279	-0.25843	-0.22396	-0.233209	-0.20912	-0.277446	-0.236594	-0.310056	-0.195927	-0.273456	-0.202566	-0.31185	-0.221654	-0.23518	-0.264345	-0.251935	-0.308058	-0.228944	-0.269881	-0.237744	-0.227218	-0.229207	-0.249745	-0.252448	-0.212049	-0.280263	-0.252732	-0.246269	-0.207878	-0.234431	-0.18881	-0.250046	-0.197811	-0.231409	-0.268487	-0.238529	-0.193707	-0.198697	-0.269468	-0.237169	-0.241765	-0.257938	-0.199301	-0.27542	-0.330303	-0.262988	-0.266976	-0.226406	-0.286527	-0.293976	-0.247859	-0.230921	-0.269542	-0.229573	-0.251619	-0.234387	-0.283072	-0.293911	-0.262637	-0.272864	-0.194896	-0.264294	-0.241468	-0.254151	-0.248036	-0.276095	-0.284833	-0.266299	-0.242477	-0.271446	-0.287854	-0.252248	-0.196201	-0.200562	-0.207783	-0.227063	-0.249732	-0.227876	-0.193314	-0.276028	-0.223843	-0.233522	-0.282857	-0.224947	-0.249816	-0.249816	-0.225229	-0.304652	-0.330303	-0.195369	-0.297331	-0.254	-0.273528	-0.237568	-0.297454	-0.24733	-0.239374	-0.232641	-0.234948	-0.173167	-0.214775	-0.276069	-0.206866	-0.264982	-0.246696	-0.246696	-0.258402	-0.257616	-0.2225	-0.195369	-0.287792	-0.171564	-0.320806	-0.18135	-0.201424	-0.307071	-0.253663	-0.285192	-0.229109	-0.283133	-0.187287	-0.2884	-0.267614	-0.233127	-0.238327	-0.217867	-0.179074	-0.22813	-0.202268	-0.259091	-0.284421	-0.191644	-0.290315	-0.225229	-0.304301	-0.190425	-0.290315	-0.2623	-0.278171	-0.222141	-0.247879	-0.279464	-0.277311	-0.265302	-0.271446	-0.264982	-0.286483	-0.286774	-0.214008	-0.225821	-0.218521	-0.316997	-0.22192	-0.198375	-0.246046	-0.267702	-0.251468	-0.233127	-0.321993	-0.218672	-0.284421	-0.20361	-0.239129	-0.178719	-0.264982	-0.239129	-0.276315	-0.260131	-0.238709	-0.190769	-0.275732	-0.238288	-0.198149	-0.26448	-0.282227	-0.262377	-0.29295	-0.199728	-0.23917	-0.246161	-0.18555	-0.239129	-0.246269	-0.293228	-0.237345	-0.239191	-0.283912	-0.208992	-0.23917	-0.315816	-0.266635	-0.179074	-0.221289	-0.18135	-0.331309	-0.220084	-0.230851	-0.190142	-0.225229	-0.237444	-0.210521	-0.218696	-0.260736	-0.208633	-0.246696	-0.23917	-0.239129	-0.283178	-0.283178	-0.305741	-0.210521	-0.209806	-0.287246	-0.218554	-0.224361	-0.296154	-0.198149	-0.22192	-0.263331	-0.20012	-0.297285	-0.239191	-0.184431	-0.283072	-0.220331	-0.179074	-0.191644	-0.192474	-0.229549	-0.27045	-0.223575	-0.207066	-0.283072	-0.18135	-0.245887	-0.223134	-0.260844	-0.22642	-0.229109	-0.261289	-0.191228	-0.206784	-0.180966	-0.22134	-0.18135	-0.28183	-0.247235	-0.297454	-0.239931	-0.297285	-0.173701	-0.182435	-0.283072	-0.278571	-0.330213	-0.19448	-0.283133	-0.274691	-0.181242	-0.188849	-0.194944	-0.290315	-0.190425	-0.198197	-0.234576	-0.237345	-0.172241	-0.180966	-0.246696	-0.241665	-0.28183	-0.173002	-0.280237	-0.217322	-0.321993	-0.28183	-0.307071	-0.231815	-0.28183	-0.221362	-0.187592	-0.171167	-0.279677	-0.276376
82000	intercept	0.290664	0.277439	0.32436	0.270759	0.334884	0.311935	0.316581	0.348807	0.270026	0.337292	0.336761	0.270498	0.293688	0.341362	0.294163	0.354879	0.351694	0.260318	0.329594	0.38631	0.30804	0.266641	0.269185	0.290285	0.358607	0.333512	0.332338	0.259874	0.372188	0.25912	0.286476	0.326404	0.28532	0.299521	0.298273	0.319206	0.322767	0.316436	0.293456	0.368293	0.318208	0.30944	0.295677	0.269966	0.282776	0.317209	0.276307	0.338816	0.273108	0.326162	0.312329	0.307654	0.308271	0.333619	0.327505	0.278285	0.273321	0.339523	0.334806	0.268523	0.325544	0.265197	0.275724	0.319956	0.326073	0.340515	0.240734	0.318888	0.279708	0.350658	0.290541	0.283265	0.252275	0.308312	0.276792	0.308674	0.291045	0.248143	0.302587	0.317709	0.298716	0.323803	0.305166	0.343288	0.342184	0.282838	0.275276	0.314172	0.297856	0.283521	0.282702	0.287622	0.326233	0.271941	0.326675	0.25436	0.34268	0.374183	0.27434	0.298116	0.263253	0.250342	0.292047	0.249625	0.301378	0.313714	0.260109	0.345086	0.31409	0.319852	0.280584	0.287178	0.306834	0.290664	0.319604	0.344801	0.290192	0.318666	0.29987	0.295829	0.278203	0.355451	0.307892	0.36871	0.257131	0.318334	0.293507	0.409187	0.291516	0.303221	0.344166	0.324311	0.361492	0.273693	0.351821	0.313974	0.321814	0.309705	0.296944	0.326864	0.290816	0.327563	0.283408	0.280977	0.278353	0.315119	0.261802	0.358464	0.284003	0.304085	0.312492	0.278585	0.284826	0.288451	0.353295	0.303726	0.282819	0.339316	0.290782	0.332149	0.414711	0.329981	0.296635	0.29811	0.340206	0.355279	0.290621	0.301752	0.286591	0.275962	0.333751	0.301841	0.305969	0.372999	0.302749	0.303363	0.290446	0.317534	0.279706	0.324334	0.282395	0.314329	0.336661	0.316137	0.316568	0.303605	0.310911	0.302695	0.296017	0.293911	0.274213	0.285739	0.328555	0.295924	0.295252	0.325089	0.296066	0.289094	0.347969	0.262691	0.269645	0.269645	0.269702	0.372999	0.414711	0.26454	0.360357	0.313179	0.333098	0.282702	0.366937	0.315269	0.259874	0.274944	0.319956	0.248736	0.258573	0.308642	0.265211	0.35109	0.255502	0.255502	0.300166	0.317452	0.276286	0.26454	0.359149	0.243539	0.32051	0.251417	0.277555	0.38018	0.280392	0.384165	0.279195	0.3141	0.310135	0.330738	0.343288	0.295677	0.301073	0.277786	0.257808	0.274581	0.279747	0.372403	0.333098	0.275331	0.336758	0.275988	0.359448	0.263416	0.338228	0.280392	0.384165	0.329953	0.256184	0.371884	0.301795	0.354494	0.31365	0.35109	0.330738	0.342043	0.279053	0.292525	0.260709	0.32051	0.312193	0.298116	0.336764	0.323372	0.313606	0.295677	0.414711	0.284678	0.333098	0.275276	0.298236	0.238131	0.35109	0.298236	0.371474	0.296137	0.284565	0.238736	0.331664	0.316198	0.290541	0.303877	0.330723	0.299944	0.355656	0.26973	0.311496	0.282122	0.297572	0.281786	0.290664	0.34926	0.30336	0.303433	0.340604	0.280847	0.319956	0.364893	0.330738	0.229374	0.230686	0.251417	0.348807	0.32554	0.300694	0.248689	0.275988	0.263696	0.2583	0.291817	0.313179	0.282506	0.254629	0.309351	0.288642	0.342043	0.345081	0.348654	0.265508	0.265211	0.337592	0.281724	0.294798	0.336758	0.290541	0.332762	0.373329	0.290493	0.376158	0.306176	0.289792	0.305969	0.294085	0.238916	0.29035	0.279273	0.296191	0.362742	0.300189	0.273256	0.287621	0.243509	0.336764	0.318939	0.353773	0.277373	0.281934	0.318019	0.298116	0.289894	0.297455	0.275955	0.262215	0.380303	0.303897	0.359072	0.294798	0.376158	0.255813	0.255942	0.305969	0.314184	0.359448	0.292047	0.3141	0.302749	0.285294	0.240177	0.27852	0.330453	0.292047	0.285294	0.301696	0.30336	0.25142	0.297455	0.255502	0.318939	0.390123	0.257369	0.300962	0.314217	0.414711	0.390123	0.38018	0.299181	0.397544	0.284845	0.271899	0.307522	0.39206	0.342043
83000	slope	-0.225075	-0.224763	-0.278267	-0.280793	-0.237531	-0.251388	-0.231079	-0.22213	-0.248779	-0.232854	-0.21498	-0.207434	-0.239234	-0.212564	-0.267592	-0.254357	-0.204741	-0.233284	-0.180243	-0.257033	-0.293257	-0.248826	-0.246609	-0.233987	-0.189948	-0.246675	-0.205709	-0.224444	-0.201038	-0.227213	-0.256509	-0.243305	-0.236492	-0.242854	-0.233041	-0.339215	-0.261515	-0.224606	-0.249477	-0.254008	-0.208483	-0.223331	-0.271338	-0.215563	-0.26427	-0.259843	-0.204928	-0.200666	-0.268678	-0.224873	-0.238824	-0.243944	-0.190715	-0.253172	-0.264953	-0.285559	-0.217694	-0.243477	-0.221403	-0.237036	-0.23393	-0.243275	-0.210344	-0.247801	-0.194884	-0.246438	-0.226756	-0.222143	-0.242163	-0.192378	-0.288651	-0.235962	-0.257628	-0.218499	-0.199267	-0.21653	-0.276681	-0.242624	-0.270459	-0.261327	-0.266962	-0.218077	-0.227523	-0.251527	-0.262608	-0.267118	-0.270605	-0.249324	-0.313865	-0.255754	-0.267781	-0.235259	-0.185497	-0.180243	-0.243235	-0.228076	-0.209659	-0.249437	-0.231189	-0.209389	-0.200613	-0.210498	-0.209061	-0.229215	-0.240309	-0.314438	-0.274415	-0.263034	-0.244915	-0.226943	-0.205968	-0.27392	-0.229559	-0.181324	-0.285649	-0.301739	-0.293257	-0.183205	-0.195289	-0.218301	-0.293042	-0.289985	-0.204741	-0.222773	-0.264784	-0.242832	-0.290737	-0.192534	-0.213017	-0.266415	-0.26041	-0.23901	-0.221664	-0.239165	-0.251034	-0.226102	-0.228153	-0.247829	-0.278314	-0.195779	-0.228048	-0.230513	-0.170939	-0.221547	-0.182019	-0.22387	-0.205059	-0.247548	-0.240234	-0.24495	-0.229041	-0.229559	-0.233053	-0.1999	-0.267394	-0.238105	-0.250638	-0.200073	-0.203522	-0.231403	-0.279603	-0.191015	-0.195013	-0.219556	-0.254044	-0.200475	-0.234176	-0.228583	-0.212289	-0.176016	-0.222402	-0.225265	-0.234034	-0.274819	-0.19669	-0.217423	-0.189072	-0.218193	-0.209627	-0.221829	-0.221403	-0.182376	-0.189601	-0.185801	-0.241481	-0.245093	-0.257317	-0.211225	-0.219177	-0.252522	-0.267169	-0.23869	-0.181215	-0.251011	-0.262678	-0.272983	-0.266074	-0.249367	-0.256062	-0.241741	-0.197557	-0.209164	-0.189072	-0.265301	-0.339215	-0.243775	-0.204741	-0.290646	-0.218174	-0.244383	-0.235453	-0.215648	-0.228317	-0.213971	-0.337085	-0.185799	-0.312689	-0.272049	-0.214585	-0.258719	-0.228153	-0.191721	-0.273053	-0.185497	-0.269574	-0.272529	-0.220297	-0.273408	-0.1681	-0.259991	-0.218174	-0.204358	-0.234895	-0.23872	-0.194615	-0.189238	-0.200977	-0.273053	-0.291425	-0.202942	-0.253449	-0.210373	-0.200977	-0.285228	-0.203318	-0.282245	-0.296527	-0.192378	-0.185949	-0.250255	-0.203318	-0.234034	-0.271088	-0.209164	-0.181318	-0.240441	-0.236694	-0.243671	-0.185683	-0.290646	-0.264781	-0.229215	-0.22892	-0.254304	-0.197915	-0.303813	-0.211225	-0.208596	-0.206677	-0.235474	-0.275967	-0.193006	-0.233571	-0.301968	-0.206248	-0.233041	-0.211375	-0.221403	-0.270355	-0.240441	-0.202486	-0.254304	-0.254683	-0.290497	-0.192788	-0.20618	-0.208114	-0.211225	-0.184848	-0.205631	-0.280477	-0.220297	-0.237558	-0.291425	-0.215648	-0.244383	-0.238415	-0.216887	-0.337085	-0.218174	-0.260507	-0.273649	-0.250095	-0.316301	-0.200977	-0.181341	-0.203866	-0.237584	-0.20618	-0.189601	-0.200977	-0.200666	-0.227039	-0.189948	-0.18763	-0.233521	-0.202927	-0.240705	-0.203281	-0.249655	-0.155829	-0.296527	-0.249228	-0.296651	-0.229559	-0.332349	-0.267592	-0.247903	-0.20372	-0.189348	-0.296527	-0.212664	-0.207327	-0.176345	-0.290497	-0.177675	-0.232188	-0.1999	-0.251969	-0.24495	-0.337085	-0.192378	-0.192572	-0.228153	-0.237033	-0.261061	-0.246138	-0.200666	-0.200977	-0.271088	-0.216108	-0.243807	-0.287463	-0.189948	-0.237558	-0.203866	-0.2282	-0.276681	-0.190456	-0.197557	-0.295479	-0.183794	-0.303813	-0.23185	-0.311065	-0.290646	-0.251505	-0.271277	-0.154	-0.271088	-0.249262	-0.123516	-0.265704	-0.166576	-0.273053	-0.190871	-0.251969	-0.249262	-0.269509	-0.26055	-0.357576	-0.170444	-0.254841	-0.208654	-0.260276	-0.214291	-0.192534	-0.241491	-0.197252	-0.228153	-0.271088	-0.269533	-0.285017	-0.179067	-0.221986	-0.202942	-0.23393	-0.189948	-0.245938	-0.235474
83000	intercept	0.285115	0.330014	0.363426	0.325764	0.288029	0.301756	0.303529	0.287186	0.307136	0.284798	0.261342	0.278586	0.328361	0.276026	0.33098	0.328526	0.293214	0.287855	0.276669	0.321433	0.3807	0.312516	0.314896	0.308052	0.279117	0.278048	0.306382	0.33454	0.279761	0.292065	0.303748	0.304731	0.302055	0.297113	0.278977	0.362032	0.333644	0.295481	0.284909	0.318222	0.274657	0.297416	0.323243	0.288563	0.319962	0.296458	0.296777	0.271148	0.306882	0.269825	0.308181	0.30672	0.253314	0.293398	0.329204	0.319631	0.291724	0.298539	0.264027	0.342297	0.288357	0.293016	0.278905	0.32686	0.26517	0.327138	0.292479	0.288489	0.275159	0.324364	0.363587	0.280621	0.309655	0.276236	0.2897	0.250577	0.388924	0.296982	0.329532	0.303471	0.302476	0.308561	0.28815	0.331704	0.313498	0.334273	0.315179	0.300167	0.357646	0.346386	0.316153	0.300357	0.259911	0.276669	0.293016	0.286867	0.249542	0.336679	0.284384	0.250451	0.284504	0.25318	0.304219	0.295825	0.293513	0.354543	0.314324	0.291075	0.308181	0.287267	0.280393	0.3807	0.316946	0.257108	0.361368	0.316565	0.3807	0.235365	0.284847	0.274572	0.364975	0.342794	0.289351	0.290643	0.309076	0.29872	0.346034	0.274567	0.296661	0.334289	0.326621	0.325796	0.29519	0.286045	0.309109	0.290725	0.29167	0.335149	0.331647	0.266545	0.300289	0.28853	0.267925	0.259911	0.266073	0.264532	0.262583	0.291686	0.298507	0.295872	0.292228	0.316946	0.340327	0.271148	0.377427	0.336757	0.31877	0.251871	0.284729	0.30544	0.333786	0.256002	0.242069	0.280075	0.327159	0.267911	0.257794	0.272129	0.2849	0.255889	0.290233	0.300313	0.284895	0.329029	0.279363	0.293759	0.242069	0.299905	0.266628	0.292244	0.264027	0.255695	0.277386	0.27916	0.312336	0.307768	0.319712	0.293507	0.30423	0.286291	0.327376	0.28643	0.235057	0.351602	0.310076	0.29863	0.291165	0.327275	0.318469	0.291146	0.287092	0.273415	0.242069	0.323573	0.340779	0.293603	0.268154	0.351143	0.266098	0.302323	0.276686	0.290282	0.296157	0.266038	0.364148	0.242162	0.369635	0.293862	0.266038	0.369877	0.294724	0.297707	0.293862	0.259911	0.383554	0.351143	0.262234	0.351143	0.265032	0.323573	0.266098	0.235612	0.297476	0.303411	0.264707	0.239872	0.296546	0.293862	0.351419	0.262452	0.29022	0.302859	0.292307	0.377066	0.271571	0.296187	0.364821	0.313282	0.280883	0.296187	0.271571	0.284895	0.304711	0.289371	0.259911	0.311558	0.303411	0.308072	0.255267	0.358068	0.273888	0.295825	0.291515	0.313939	0.235057	0.354977	0.292459	0.288381	0.296777	0.332064	0.297275	0.285181	0.270958	0.346964	0.243642	0.282702	0.268228	0.264015	0.298477	0.311558	0.29102	0.313939	0.337566	0.335249	0.266098	0.271859	0.262234	0.293507	0.277386	0.292791	0.323573	0.262234	0.298477	0.351419	0.290282	0.302323	0.303838	0.255267	0.364148	0.267996	0.299777	0.28138	0.259479	0.369635	0.292307	0.242069	0.297623	0.310591	0.271859	0.277386	0.293911	0.271148	0.291846	0.282686	0.291789	0.309281	0.269734	0.305568	0.255895	0.296187	0.275939	0.364821	0.289617	0.357624	0.317663	0.360592	0.33098	0.340954	0.271859	0.259911	0.348494	0.269656	0.268228	0.261147	0.335249	0.262234	0.260316	0.261114	0.372935	0.286582	0.364148	0.323518	0.292307	0.29167	0.296187	0.298477	0.323725	0.271148	0.296546	0.304711	0.282702	0.304146	0.351143	0.286302	0.298477	0.297623	0.270082	0.3759	0.29145	0.287092	0.368609	0.255477	0.351454	0.308776	0.351419	0.351143	0.255411	0.349365	0.235057	0.308736	0.305925	0.276617	0.274408	0.228106	0.293862	0.271148	0.372935	0.305925	0.3807	0.375721	0.364148	0.259911	0.303817	0.292307	0.306204	0.288958	0.274567	0.300422	0.242069	0.29167	0.304711	0.354128	0.375092	0.277386	0.263083	0.284929	0.275874	0.282686	0.279807	0.332064
84000	slope	-0.234993	-0.271554	-0.269567	-0.28259	-0.244646	-0.235031	-0.222045	-0.267703	-0.287233	-0.20168	-0.26425	-0.221409	-0.278944	-0.228172	-0.285068	-0.199492	-0.264913	-0.263086	-0.246262	-0.228471	-0.228471	-0.264849	-0.26122	-0.301763	-0.225798	-0.249962	-0.228471	-0.286601	-0.261045	-0.279571	-0.256711	-0.279121	-0.224834	-0.284803	-0.217296	-0.221335	-0.272657	-0.239274	-0.270815	-0.206173	-0.254894	-0.229466	-0.259525	-0.228762	-0.235124	-0.219154	-0.205017	-0.257516	-0.208918	-0.170683	-0.209568	-0.20689	-0.244171	-0.253989	-0.275223	-0.331987	-0.212887	-0.241647	-0.244356	-0.294217	-0.263078	-0.252384	-0.218974	-0.229017	-0.229937	-0.30434	-0.21661	-0.203108	-0.17756	-0.218706	-0.199653	-0.238473	-0.298074	-0.230201	-0.255402	-0.257599	-0.276725	-0.207804	-0.227356	-0.225117	-0.241861	-0.249153	-0.285593	-0.191955	-0.256814	-0.257678	-0.213906	-0.244568	-0.241534	-0.237087	-0.253467	-0.27972	-0.211386	-0.261222	-0.275329	-0.207198	-0.19458	-0.296479	-0.280276	-0.188655	-0.184786	-0.259941	-0.267639	-0.263739	-0.16984	-0.196168	-0.290535	-0.226938	-0.2195	-0.251164	-0.269951	-0.255001	-0.266923	-0.233314	-0.261738	-0.210106	-0.283184	-0.256772	-0.229865	-0.226808	-0.170813	-0.27877	-0.178548	-0.207525	-0.283646	-0.227268	-0.210194	-0.274224	-0.236073	-0.242231	-0.180752	-0.217848	-0.290415	-0.279155	-0.282246	-0.214308	-0.240147	-0.287869	-0.261705	-0.180173	-0.273645	-0.212529	-0.262691	-0.218208	-0.22265	-0.222351	-0.175577	-0.204476	-0.216324	-0.268763	-0.235346	-0.231991	-0.194456	-0.222257	-0.211272	-0.204916	-0.264194	-0.236084	-0.22386	-0.279089	-0.226136	-0.244583	-0.264631	-0.248583	-0.210185	-0.209229	-0.246569	-0.238828	-0.261076	-0.22559	-0.237997	-0.241248	-0.303688	-0.229069	-0.243955	-0.250318	-0.28132	-0.288483	-0.255827	-0.230065	-0.264751	-0.229887	-0.21978	-0.241453	-0.233216	-0.242787	-0.170039	-0.337912	-0.255992	-0.247246	-0.239343	-0.259807	-0.20857	-0.231931	-0.267166	-0.291304	-0.24393	-0.275388	-0.270686	-0.258706	-0.287844	-0.192002	-0.2296	-0.227792	-0.258259	-0.259807	-0.210185	-0.199954	-0.207611	-0.265852	-0.331987	-0.229466	-0.207611	-0.195874	-0.230788	-0.230492	-0.196885	-0.273869	-0.260455	-0.257558	-0.258956	-0.250226	-0.21756	-0.256814	-0.260455	-0.21756	-0.297317	-0.270557	-0.174274	-0.244568	-0.186324	-0.168459	-0.322636	-0.227168	-0.26266	-0.186324	-0.264708	-0.254345	-0.231984	-0.277453	-0.233144	-0.243103	-0.21756	-0.243424	-0.266364	-0.275501	-0.184369	-0.277253	-0.184255	-0.289142	-0.194375	-0.222342	-0.263279	-0.292354	-0.314618	-0.298449	-0.174274	-0.270663	-0.21756	-0.190296	-0.332923	-0.256933	-0.250727	-0.234219	-0.228471	-0.287844	-0.232316	-0.203824	-0.2296	-0.260059	-0.189887	-0.252595	-0.228471	-0.146549	-0.215381	-0.270815	-0.227168	-0.297317	-0.228471	-0.238415	-0.21756	-0.269131	-0.258919	-0.290967	-0.228965	-0.228471	-0.217891	-0.302883	-0.267518	-0.243424	-0.256814	-0.183932	-0.297317	-0.285589	-0.264849	-0.169214	-0.276643	-0.256392	-0.268823	-0.288477	-0.29134	-0.204086	-0.238415	-0.269706	-0.317713	-0.255919	-0.283513	-0.241703	-0.293835	-0.243424	-0.210114	-0.225467	-0.214324	-0.262992	-0.291058	-0.260455	-0.250226	-0.260657	-0.287308	-0.209824	-0.174274	-0.206363	-0.25067	-0.193344	-0.218634	-0.264913	-0.331987	-0.21756	-0.249566	-0.191731	-0.250727	-0.253185	-0.264849	-0.228471	-0.215477	-0.264849	-0.289688	-0.193278	-0.250727	-0.277778	-0.309186	-0.188655	-0.302139	-0.284476	-0.255501	-0.296475	-0.190841	-0.275388	-0.228471	-0.249945	-0.292686	-0.181927	-0.253185	-0.297317	-0.264038	-0.200991	-0.22265	-0.185799	-0.335681	-0.29344	-0.229466	-0.256814	-0.27031	-0.271318	-0.274281	-0.283513	-0.218634	-0.188655	-0.187674	-0.187228	-0.297317	-0.283513	-0.277453	-0.265039	-0.256814	-0.264913	-0.195458	-0.270557	-0.256814	-0.23329	-0.280305	-0.243006	-0.297317	-0.283513	-0.188889	-0.262156	-0.263279	-0.205356	-0.237049	-0.28083	-0.186324	-0.286437	-0.300464	-0.184143	-0.247874	-0.265039	-0.207241	-0.185799	-0.237049	-0.287869
84000	intercept	0.286109	0.321657	0.333621	0.358026	0.296009	0.293384	0.275709	0.31421	0.335614	0.26304	0.33093	0.277866	0.357721	0.334142	0.337695	0.252235	0.290959	0.296513	0.304359	0.258186	0.236335	0.333757	0.308572	0.336906	0.284199	0.294779	0.236335	0.327135	0.308398	0.352065	0.318563	0.314467	0.295476	0.336606	0.317686	0.306623	0.351962	0.305646	0.308222	0.286578	0.300086	0.298598	0.312737	0.299661	0.335208	0.275477	0.28149	0.334105	0.268325	0.235963	0.284457	0.27601	0.313416	0.297173	0.340316	0.360363	0.290716	0.320133	0.301758	0.346495	0.30124	0.319492	0.318167	0.336155	0.309813	0.358414	0.285498	0.259471	0.264551	0.279427	0.254103	0.280328	0.360961	0.280429	0.29523	0.318772	0.357078	0.284402	0.255177	0.278531	0.299559	0.287878	0.332545	0.303196	0.353123	0.338066	0.309757	0.284394	0.32586	0.32074	0.326581	0.334813	0.263405	0.317313	0.340312	0.278371	0.274153	0.326389	0.324546	0.253665	0.274808	0.342383	0.31014	0.33681	0.241506	0.27417	0.339129	0.278967	0.283686	0.307623	0.309925	0.366718	0.352755	0.310517	0.326915	0.281385	0.353504	0.336022	0.329089	0.282691	0.270355	0.328769	0.273707	0.294375	0.323148	0.298863	0.292397	0.313951	0.315212	0.31493	0.297273	0.268563	0.357234	0.338096	0.316421	0.282049	0.277938	0.367833	0.340091	0.241353	0.349666	0.280801	0.333277	0.290858	0.36465	0.291679	0.303392	0.271956	0.294875	0.337034	0.308888	0.28362	0.288054	0.293469	0.257727	0.290129	0.331228	0.284762	0.324544	0.352619	0.308064	0.301764	0.31428	0.273559	0.270783	0.264912	0.298555	0.284816	0.336764	0.294402	0.293473	0.302509	0.355885	0.261783	0.311831	0.286067	0.355477	0.342801	0.292632	0.305163	0.317767	0.282434	0.317686	0.341594	0.28473	0.317042	0.263315	0.364118	0.304824	0.309894	0.297267	0.317633	0.29001	0.302211	0.316134	0.354431	0.312218	0.357831	0.295698	0.317575	0.378478	0.26844	0.298598	0.294496	0.325837	0.317633	0.278181	0.220527	0.270631	0.302375	0.364837	0.292336	0.270631	0.26949	0.258388	0.284099	0.268982	0.298511	0.355997	0.317633	0.286345	0.348883	0.292059	0.353123	0.352023	0.3	0.357994	0.279276	0.257443	0.27465	0.269647	0.312303	0.335576	0.29232	0.352023	0.269647	0.353123	0.289725	0.292738	0.279298	0.287862	0.279005	0.294402	0.292947	0.307225	0.302953	0.292438	0.300381	0.227585	0.329094	0.258301	0.26266	0.33194	0.38727	0.346785	0.329094	0.257443	0.320498	0.294402	0.247963	0.360637	0.316392	0.31245	0.258647	0.258647	0.375971	0.241299	0.236784	0.298598	0.33194	0.249116	0.289725	0.265387	0.304258	0.264918	0.310028	0.29232	0.365847	0.265387	0.273606	0.294402	0.298511	0.264509	0.350329	0.29367	0.258647	0.270548	0.308869	0.31033	0.295879	0.353123	0.260767	0.374752	0.421969	0.333757	0.230573	0.328565	0.306864	0.329835	0.359934	0.388851	0.218894	0.279385	0.337553	0.366498	0.339594	0.351001	0.272612	0.329094	0.292554	0.277866	0.277866	0.256215	0.330495	0.342735	0.352023	0.355406	0.340745	0.330124	0.282677	0.264939	0.281422	0.328991	0.243654	0.298598	0.290959	0.36991	0.294402	0.30492	0.311382	0.31245	0.317379	0.330242	0.258647	0.282677	0.333757	0.32773	0.262924	0.31245	0.361156	0.367332	0.220613	0.367567	0.329027	0.353123	0.367833	0.287909	0.351408	0.258647	0.334105	0.368609	0.28406	0.324107	0.366578	0.34166	0.281422	0.36465	0.220527	0.359815	0.370721	0.30492	0.353123	0.337406	0.311515	0.342773	0.348911	0.298598	0.246272	0.281422	0.31368	0.366578	0.348911	0.279298	0.284257	0.353123	0.290959	0.262924	0.279276	0.353123	0.262682	0.328933	0.328767	0.366578	0.337463	0.277439	0.300766	0.33194	0.295093	0.273606	0.374297	0.269647	0.372848	0.365847	0.263005	0.258365	0.284257	0.270086	0.220527	0.273606	0.367833
85000	slope	-0.221398	-0.255999	-0.213441	-0.226238	-0.272893	-0.248616	-0.258763	-0.212972	-0.178094	-0.267337	-0.226171	-0.284862	-0.27548	-0.177499	-0.233349	-0.22496	-0.291327	-0.230081	-0.219934	-0.277646	-0.191512	-0.287112	-0.250472	-0.277218	-0.20238	-0.276309	-0.300038	-0.27937	-0.293273	-0.204073	-0.250649	-0.301473	-0.218228	-0.292197	-0.276993	-0.240975	-0.203698	-0.216898	-0.232092	-0.220431	-0.288843	-0.229544	-0.202558	-0.243253	-0.224797	-0.250405	-0.270826	-0.289278	-0.260161	-0.180279	-0.233144	-0.242754	-0.246505	-0.272833	-0.245982	-0.23897	-0.295997	-0.245765	-0.248543	-0.248408	-0.242961	-0.312303	-0.280532	-0.238529	-0.208507	-0.205745	-0.275705	-0.198288	-0.263236	-0.287955	-0.244395	-0.224571	-0.236906	-0.251294	-0.272924	-0.174642	-0.275307	-0.230481	-0.308738	-0.164876	-0.22392	-0.236231	-0.226647	-0.260593	-0.233947	-0.26127	-0.271689	-0.220819	-0.238776	-0.310792	-0.249374	-0.302947	-0.238333	-0.226913	-0.236015	-0.177506	-0.26547	-0.251581	-0.222692	-0.246142	-0.23949	-0.290734	-0.20549	-0.254348	-0.291612	-0.257151	-0.274533	-0.201173	-0.196024	-0.248731	-0.282773	-0.233877	-0.221517	-0.271622	-0.189885	-0.234874	-0.296135	-0.213951	-0.218867	-0.266348	-0.191555	-0.287914	-0.245562	-0.247119	-0.256412	-0.241438	-0.226466	-0.27623	-0.226538	-0.223764	-0.283013	-0.228074	-0.194927	-0.273797	-0.244191	-0.201623	-0.270718	-0.305028	-0.223644	-0.298618	-0.251816	-0.231023	-0.294059	-0.280266	-0.245713	-0.248015	-0.240911	-0.267182	-0.280853	-0.272243	-0.238206	-0.204622	-0.227527	-0.259184	-0.271225	-0.220814	-0.245672	-0.279391	-0.250138	-0.247077	-0.166611	-0.23751	-0.286665	-0.262172	-0.191985	-0.25507	-0.248954	-0.265945	-0.214649	-0.211412	-0.186325	-0.267465	-0.240537	-0.239117	-0.212233	-0.300467	-0.222767	-0.1956	-0.215938	-0.267337	-0.198487	-0.242629	-0.265234	-0.225491	-0.224919	-0.238934	-0.203732	-0.258843	-0.281159	-0.279431	-0.193038	-0.290634	-0.267114	-0.271622	-0.265263	-0.265	-0.242349	-0.206994	-0.162865	-0.282772	-0.299803	-0.282854	-0.292197	-0.217656	-0.287488	-0.173488	-0.189119	-0.270754	-0.251153	-0.242543	-0.282303	-0.167981	-0.30295	-0.189119	-0.247576	-0.185686	-0.260535	-0.174921	-0.308738	-0.18906	-0.260483	-0.277145	-0.273313	-0.247077	-0.299058	-0.19014	-0.208127	-0.228729	-0.217664	-0.270981	-0.246609	-0.289993	-0.299803	-0.244887	-0.177506	-0.292197	-0.259641	-0.315328	-0.251064	-0.208602	-0.232131	-0.284933	-0.283572	-0.177648	-0.284933	-0.186325	-0.173488	-0.273257	-0.275546	-0.280853	-0.259848	-0.228095	-0.292197	-0.189119	-0.254755	-0.238468	-0.299058	-0.229331	-0.284933	-0.176609	-0.231755	-0.18291	-0.240283	-0.185686	-0.22934	-0.297113	-0.305723	-0.148083	-0.178222	-0.303996	-0.289669	-0.22934	-0.185881	-0.247077	-0.221398	-0.229472	-0.299492	-0.300107	-0.238187	-0.232782	-0.2086	-0.257151	-0.286303	-0.294797	-0.167355	-0.239944	-0.295332	-0.218651	-0.249873	-0.227681	-0.306122	-0.300467	-0.195975	-0.222311	-0.216755	-0.209107	-0.232131	-0.185686	-0.242543	-0.251665	-0.254842	-0.19014	-0.284933	-0.251048	-0.221398	-0.236254	-0.251153	-0.301226	-0.175893	-0.273837	-0.22934	-0.290768	-0.253122	-0.249873	-0.215938	-0.284933	-0.174921	-0.218417	-0.24791	-0.285158	-0.308738	-0.265781	-0.254062	-0.212049	-0.27189	-0.216336	-0.235286	-0.306236	-0.282509	-0.24974	-0.219802	-0.242611	-0.289953	-0.175852	-0.262936	-0.299058	-0.166611	-0.236522	-0.248561	-0.224672	-0.273346	-0.242288	-0.322594	-0.177648	-0.222692	-0.31488	-0.27031	-0.284933	-0.259292	-0.229361	-0.31562	-0.186067	-0.180353	-0.282254	-0.289175	-0.239424	-0.257151	-0.22934	-0.222623	-0.255419	-0.214399	-0.30274	-0.308738	-0.283377	-0.282854	-0.20849	-0.302391	-0.322594	-0.22934	-0.232309	-0.28668	-0.295997	-0.178683	-0.224797	-0.26592	-0.186325	-0.306122	-0.25006	-0.213022	-0.213695	-0.297601	-0.297601	-0.287914	-0.275546	-0.240035	-0.223518	-0.308783	-0.244887	-0.270028	-0.26498	-0.251048	-0.282854	-0.251048	-0.189119	-0.299058	-0.19914	-0.219802	-0.258934	-0.187754	-0.214595
85000	intercept	0.31951	0.321304	0.284572	0.28095	0.363965	0.30807	0.349829	0.272077	0.285385	0.325416	0.317744	0.321208	0.344658	0.279777	0.272272	0.276604	0.336739	0.318486	0.269935	0.350396	0.282542	0.307274	0.332802	0.329528	0.290969	0.300003	0.344985	0.317405	0.339987	0.302227	0.314086	0.346829	0.281883	0.344061	0.292245	0.291683	0.312172	0.318419	0.300218	0.298863	0.365178	0.299968	0.290134	0.285965	0.311291	0.337655	0.296892	0.350061	0.307579	0.274572	0.272804	0.330268	0.31542	0.320913	0.272613	0.310844	0.306447	0.343649	0.321765	0.289474	0.301473	0.342699	0.372008	0.31464	0.289933	0.28811	0.362273	0.284703	0.321288	0.32747	0.317325	0.292084	0.288642	0.320809	0.315372	0.260478	0.326588	0.300148	0.34464	0.271225	0.300295	0.298797	0.273439	0.344979	0.307207	0.313396	0.333064	0.274516	0.311132	0.349928	0.282606	0.33944	0.336753	0.318641	0.27479	0.293531	0.289368	0.327049	0.294616	0.314538	0.312371	0.355165	0.267173	0.359027	0.352474	0.366763	0.339443	0.30172	0.290604	0.319976	0.338568	0.29272	0.304653	0.330559	0.262275	0.296846	0.349666	0.257937	0.291446	0.330306	0.279651	0.337917	0.316749	0.308974	0.312309	0.302771	0.316348	0.330725	0.301593	0.301764	0.3151	0.29373	0.265015	0.319279	0.304445	0.298615	0.304183	0.36468	0.291991	0.341354	0.331739	0.301435	0.353411	0.319789	0.328149	0.300984	0.324627	0.319413	0.339488	0.337251	0.311851	0.276966	0.279572	0.32573	0.350302	0.330944	0.295029	0.298134	0.328491	0.285086	0.21079	0.277042	0.318698	0.324759	0.265015	0.334882	0.330032	0.335241	0.284606	0.286722	0.270333	0.32014	0.298038	0.314194	0.295784	0.316296	0.279301	0.298015	0.273744	0.322719	0.254826	0.293829	0.324423	0.273505	0.288627	0.299494	0.318599	0.295878	0.32763	0.367736	0.25396	0.318916	0.294319	0.321113	0.348283	0.342753	0.303251	0.273744	0.290803	0.306757	0.320813	0.350302	0.339488	0.311041	0.311204	0.279777	0.261371	0.279138	0.308314	0.313268	0.348877	0.232244	0.351623	0.254695	0.355717	0.25517	0.314571	0.268134	0.352506	0.252693	0.315117	0.352358	0.293862	0.285086	0.367088	0.268734	0.262882	0.332011	0.306933	0.319131	0.296821	0.316296	0.350873	0.267612	0.293531	0.339184	0.271272	0.366736	0.290731	0.309131	0.28781	0.352478	0.346826	0.308743	0.347084	0.262244	0.279777	0.32908	0.293849	0.339488	0.338867	0.305752	0.339488	0.254695	0.279905	0.305284	0.365388	0.312538	0.352478	0.279777	0.293537	0.241247	0.279481	0.25517	0.289795	0.350564	0.337866	0.272863	0.276265	0.35911	0.349784	0.290439	0.276311	0.285086	0.318664	0.298965	0.367088	0.362273	0.297771	0.298279	0.318419	0.365618	0.328335	0.323752	0.293531	0.295531	0.350506	0.301479	0.307662	0.312538	0.324416	0.316296	0.278761	0.298863	0.325814	0.302505	0.28781	0.25517	0.305284	0.28612	0.303323	0.268734	0.347084	0.306099	0.32334	0.317744	0.308314	0.350649	0.293531	0.339488	0.300175	0.346826	0.256708	0.307662	0.268547	0.345567	0.268134	0.287416	0.269101	0.320657	0.34464	0.382695	0.342674	0.308649	0.387051	0.264228	0.317553	0.367088	0.307189	0.294119	0.27001	0.323917	0.333035	0.279777	0.291014	0.362614	0.21079	0.287362	0.289925	0.293537	0.269454	0.26195	0.330907	0.308743	0.294616	0.367088	0.355179	0.372214	0.305284	0.308666	0.330834	0.318534	0.293531	0.344134	0.362273	0.301266	0.366763	0.300175	0.32168	0.30595	0.281883	0.362273	0.352506	0.30436	0.350302	0.302505	0.362273	0.342664	0.289795	0.31217	0.383265	0.306447	0.277238	0.309443	0.352553	0.268207	0.324416	0.318308	0.273744	0.300744	0.316296	0.316296	0.351208	0.30436	0.28781	0.298863	0.35791	0.250149	0.328355	0.311204	0.329101	0.350302	0.306099	0.254695	0.367088	0.268658	0.29373	0.342674	0.259715	0.311041
86000	slope	-0.213808	-0.248125	-0.148991	-0.261813	-0.228634	-0.254536	-0.292575	-0.249983	-0.22427	-0.219692	-0.291343	-0.203333	-0.248064	-0.236251	-0.224575	-0.277363	-0.238454	-0.236164	-0.217959	-0.242101	-0.256492	-0.181343	-0.294259	-0.304553	-0.223679	-0.224288	-0.252641	-0.267429	-0.27195	-0.258249	-0.240755	-0.268555	-0.223334	-0.215091	-0.276498	-0.256977	-0.277317	-0.257147	-0.191491	-0.235784	-0.209563	-0.251314	-0.23645	-0.212479	-0.254758	-0.25261	-0.249891	-0.196342	-0.172047	-0.208045	-0.262696	-0.256287	-0.211018	-0.245853	-0.188959	-0.22417	-0.208503	-0.21514	-0.24954	-0.251137	-0.229645	-0.209866	-0.244462	-0.30495	-0.290628	-0.27559	-0.231274	-0.195453	-0.271888	-0.262347	-0.231323	-0.294101	-0.199237	-0.250457	-0.235149	-0.271338	-0.263995	-0.2728	-0.249108	-0.173148	-0.235194	-0.288534	-0.261168	-0.26663	-0.245727	-0.271636	-0.250087	-0.278683	-0.298031	-0.16141	-0.231821	-0.283454	-0.166285	-0.271393	-0.247224	-0.226581	-0.223714	-0.249328	-0.198432	-0.290343	-0.250665	-0.264784	-0.318048	-0.250818	-0.256758	-0.268339	-0.215298	-0.160314	-0.18106	-0.291545	-0.25525	-0.252121	-0.239683	-0.229593	-0.253226	-0.29131	-0.287679	-0.246387	-0.233821	-0.237972	-0.223537	-0.231383	-0.275493	-0.245293	-0.224268	-0.244909	-0.231181	-0.273966	-0.276707	-0.276977	-0.224543	-0.274552	-0.216101	-0.212473	-0.273762	-0.253047	-0.222117	-0.226825	-0.231705	-0.25042	-0.218994	-0.259243	-0.264096	-0.248012	-0.182652	-0.165247	-0.239856	-0.21706	-0.275127	-0.272998	-0.273471	-0.257578	-0.238544	-0.190194	-0.247235	-0.205741	-0.299321	-0.186144	-0.249381	-0.206932	-0.214179	-0.243208	-0.21147	-0.243678	-0.250983	-0.243639	-0.254827	-0.240363	-0.270873	-0.179597	-0.246447	-0.225745	-0.277363	-0.288866	-0.265227	-0.28631	-0.28295	-0.21492	-0.209077	-0.266103	-0.17808	-0.244453	-0.203831	-0.170845	-0.205799	-0.280757	-0.269916	-0.157898	-0.245993	-0.293443	-0.280416	-0.250837	-0.226907	-0.234693	-0.266398	-0.262721	-0.256553	-0.260654	-0.247185	-0.218902	-0.25647	-0.252983	-0.245714	-0.171184	-0.204213	-0.245473	-0.243467	-0.243304	-0.241965	-0.284867	-0.174858	-0.252207	-0.281133	-0.149909	-0.292088	-0.143806	-0.249168	-0.274552	-0.293852	-0.182639	-0.256843	-0.299452	-0.271636	-0.165888	-0.289601	-0.21464	-0.250778	-0.293852	-0.185329	-0.303627	-0.260255	-0.172761	-0.259697	-0.249055	-0.277473	-0.246335	-0.265168	-0.254856	-0.180408	-0.226954	-0.249752	-0.199226	-0.305467	-0.275448	-0.220043	-0.324421	-0.284888	-0.256758	-0.166285	-0.274596	-0.273493	-0.217386	-0.206932	-0.272114	-0.275448	-0.298877	-0.245714	-0.274552	-0.298059	-0.27192	-0.180581	-0.246654	-0.188984	-0.280752	-0.208135	-0.219625	-0.277363	-0.280752	-0.308838	-0.218405	-0.175925	-0.192393	-0.273096	-0.268634	-0.258128	-0.161961	-0.238212	-0.26426	-0.268634	-0.298877	-0.292092	-0.317144	-0.277363	-0.266836	-0.179394	-0.277363	-0.246468	-0.286029	-0.172761	-0.271169	-0.226888	-0.232149	-0.274598	-0.26426	-0.257748	-0.236688	-0.206932	-0.292092	-0.259697	-0.234283	-0.292092	-0.256758	-0.275448	-0.263489	-0.237335	-0.21952	-0.309794	-0.268247	-0.244877	-0.272033	-0.208594	-0.195836	-0.289601	-0.298393	-0.206196	-0.256758	-0.259697	-0.27157	-0.325265	-0.208081	-0.270501	-0.257681	-0.263489	-0.279358	-0.199395	-0.21492	-0.291581	-0.303627	-0.189163	-0.296657	-0.235273	-0.299886	-0.17716	-0.291545	-0.199395	-0.256758	-0.268247	-0.268247	-0.206932	-0.292088	-0.206932	-0.242869	-0.195836	-0.198159	-0.299912	-0.249168	-0.289601	-0.272114	-0.270126	-0.27572	-0.31841	-0.282384	-0.278599	-0.17177	-0.186265	-0.286233	-0.174264	-0.277473	-0.268247	-0.205799	-0.261839	-0.243851	-0.265039	-0.260804	-0.215262	-0.256758	-0.180237	-0.298393	-0.260421	-0.234028	-0.211787	-0.22054	-0.23834	-0.195453	-0.275564	-0.274443	-0.170885	-0.273573	-0.206932	-0.290091	-0.262075	-0.298877	-0.318322	-0.271303	-0.203203	-0.279358	-0.268756	-0.27157	-0.173353	-0.250778	-0.271303	-0.272265	-0.253594	-0.175925	-0.261839	-0.295248	-0.289198	-0.299886	-0.215262	-0.149735
86000	intercept	0.255404	0.301783	0.256422	0.30738	0.296192	0.315845	0.352268	0.313805	0.30594	0.283256	0.317557	0.28958	0.281297	0.279832	0.306986	0.299872	0.265183	0.287469	0.317046	0.300629	0.353991	0.311487	0.323007	0.335961	0.273105	0.282361	0.321398	0.294986	0.314731	0.307974	0.295188	0.325357	0.306296	0.285248	0.316099	0.308228	0.325455	0.317633	0.290047	0.295189	0.294157	0.299304	0.277052	0.293527	0.317455	0.289196	0.322194	0.288133	0.282534	0.312527	0.311694	0.305794	0.296975	0.346628	0.256561	0.279445	0.299606	0.273019	0.303432	0.307757	0.297313	0.30053	0.292974	0.344562	0.327381	0.341519	0.300834	0.313169	0.306962	0.317338	0.367471	0.313864	0.302133	0.329215	0.304103	0.343429	0.287447	0.332255	0.304477	0.276753	0.334101	0.366138	0.309608	0.299474	0.315407	0.334383	0.334256	0.320908	0.340627	0.250383	0.284218	0.301263	0.250383	0.323996	0.304874	0.314553	0.2859	0.291068	0.259785	0.331809	0.331254	0.307841	0.363653	0.287569	0.328778	0.334121	0.298343	0.253788	0.277534	0.313092	0.282305	0.317662	0.330857	0.296827	0.330349	0.330137	0.335641	0.304874	0.303307	0.313422	0.273227	0.313028	0.331032	0.330254	0.302634	0.311557	0.285325	0.312859	0.313767	0.309735	0.294369	0.375612	0.296346	0.289383	0.303264	0.317417	0.291567	0.296183	0.275706	0.319502	0.256881	0.29614	0.317126	0.314885	0.257482	0.233141	0.29743	0.302851	0.327729	0.305434	0.324562	0.306639	0.330734	0.296402	0.291068	0.279048	0.354911	0.248406	0.306785	0.261032	0.28689	0.320956	0.289994	0.337882	0.340557	0.321948	0.29961	0.305822	0.319026	0.293862	0.31194	0.278694	0.288924	0.320449	0.334074	0.302592	0.329434	0.265979	0.282849	0.323956	0.25869	0.350936	0.273443	0.266103	0.293957	0.357542	0.313006	0.243231	0.285991	0.347695	0.312633	0.292795	0.290956	0.322887	0.3368	0.33203	0.321503	0.321156	0.281755	0.286798	0.31677	0.287815	0.327003	0.282534	0.318801	0.298497	0.292501	0.298497	0.29108	0.319552	0.254636	0.328778	0.31635	0.250383	0.323046	0.230871	0.305089	0.373672	0.34849	0.284238	0.313366	0.338911	0.334383	0.227839	0.332898	0.302427	0.305069	0.34849	0.303124	0.321284	0.313092	0.229319	0.32938	0.279447	0.318325	0.311133	0.31677	0.281488	0.303124	0.28141	0.281488	0.303124	0.34582	0.319134	0.320673	0.378476	0.337508	0.330058	0.250383	0.300449	0.318564	0.274655	0.261032	0.326946	0.319134	0.348243	0.325709	0.373672	0.344231	0.348206	0.260791	0.265979	0.250383	0.316453	0.331793	0.320673	0.306667	0.316453	0.314495	0.320673	0.257397	0.304994	0.286118	0.286676	0.305069	0.237984	0.285579	0.279644	0.286676	0.348243	0.352376	0.36015	0.313092	0.326946	0.223661	0.313092	0.29453	0.312175	0.233141	0.326829	0.316184	0.372203	0.306667	0.288445	0.319067	0.283999	0.263691	0.352376	0.319134	0.271787	0.352376	0.312897	0.319134	0.319134	0.274698	0.272481	0.398772	0.319134	0.31677	0.331705	0.270072	0.285573	0.332898	0.335292	0.28876	0.329668	0.320617	0.305839	0.361056	0.316136	0.395094	0.286118	0.319134	0.382618	0.283731	0.265979	0.332557	0.295875	0.2585	0.311829	0.295167	0.337508	0.27718	0.313092	0.283731	0.312897	0.322883	0.31973	0.261032	0.326985	0.261032	0.29453	0.29453	0.301518	0.326563	0.305089	0.332898	0.326946	0.328946	0.300954	0.377955	0.351647	0.315936	0.238843	0.229319	0.326943	0.27718	0.318325	0.319134	0.28532	0.295475	0.304186	0.297222	0.302778	0.32145	0.328778	0.238843	0.335292	0.313366	0.296381	0.279738	0.256881	0.286766	0.313169	0.329572	0.325268	0.237734	0.313366	0.261032	0.349657	0.329572	0.348243	0.367449	0.348428	0.324416	0.396698	0.319463	0.305839	0.25011	0.305069	0.326946	0.295079	0.305338	0.238843	0.295475	0.344562	0.298716	0.359643	0.32145	0.231511
87000	slope	-0.263159	-0.272988	-0.286824	-0.20742	-0.25755	-0.220644	-0.241859	-0.250648	-0.258571	-0.199995	-0.267554	-0.205345	-0.261	-0.278031	-0.260365	-0.231484	-0.265435	-0.273082	-0.253774	-0.191709	-0.259446	-0.25051	-0.26458	-0.272433	-0.256379	-0.140704	-0.21785	-0.253485	-0.283163	-0.270435	-0.26171	-0.200283	-0.206754	-0.304389	-0.260565	-0.245529	-0.218075	-0.208185	-0.242413	-0.241964	-0.26684	-0.275446	-0.18479	-0.268666	-0.162995	-0.152534	-0.244027	-0.248249	-0.223372	-0.225503	-0.271968	-0.284947	-0.198087	-0.208653	-0.25539	-0.250341	-0.152887	-0.273487	-0.277898	-0.240606	-0.277438	-0.278308	-0.225689	-0.241239	-0.261789	-0.198083	-0.193786	-0.251456	-0.264062	-0.244255	-0.218765	-0.274377	-0.241859	-0.223543	-0.274432	-0.225567	-0.244191	-0.228528	-0.303528	-0.267238	-0.279941	-0.230673	-0.210967	-0.154035	-0.273486	-0.263401	-0.287324	-0.209496	-0.274139	-0.260574	-0.263908	-0.243976	-0.244419	-0.289088	-0.207589	-0.230637	-0.267307	-0.206949	-0.269332	-0.212303	-0.22168	-0.270456	-0.230854	-0.247094	-0.18735	-0.212114	-0.259114	-0.209215	-0.258959	-0.259032	-0.234839	-0.266301	-0.277287	-0.212476	-0.166928	-0.210622	-0.261094	-0.265638	-0.25601	-0.265656	-0.242662	-0.244521	-0.235874	-0.188949	-0.270046	-0.241859	-0.276416	-0.215418	-0.226574	-0.255376	-0.229173	-0.239843	-0.266441	-0.22566	-0.27066	-0.24352	-0.348991	-0.304129	-0.265368	-0.259402	-0.241464	-0.215259	-0.204928	-0.283005	-0.323549	-0.250195	-0.266961	-0.202578	-0.263956	-0.248882	-0.234983	-0.246354	-0.261197	-0.244679	-0.238153	-0.268274	-0.253458	-0.270566	-0.220742	-0.283601	-0.249132	-0.216371	-0.221466	-0.254709	-0.254187	-0.30229	-0.265999	-0.241882	-0.260993	-0.207875	-0.244415	-0.258392	-0.244171	-0.206008	-0.234107	-0.219414	-0.243388	-0.284276	-0.224361	-0.248571	-0.265482	-0.265655	-0.282129	-0.220312	-0.239435	-0.245866	-0.247758	-0.228938	-0.266378	-0.237928	-0.185208	-0.236916	-0.26504	-0.264159	-0.272829	-0.238504	-0.299659	-0.262957	-0.275433	-0.239587	-0.269258	-0.140704	-0.275544	-0.17963	-0.22549	-0.255893	-0.284118	-0.277752	-0.245181	-0.247066	-0.245181	-0.298958	-0.266268	-0.283477	-0.284118	-0.190401	-0.250673	-0.270456	-0.288919	-0.249308	-0.177541	-0.181253	-0.289594	-0.309423	-0.205879	-0.182802	-0.270272	-0.262681	-0.271809	-0.273878	-0.244897	-0.238297	-0.348991	-0.275433	-0.226149	-0.253415	-0.182802	-0.161579	-0.248799	-0.275433	-0.224626	-0.231736	-0.168133	-0.259967	-0.170014	-0.270272	-0.248312	-0.275433	-0.149132	-0.215744	-0.230551	-0.291495	-0.275433	-0.260532	-0.257544	-0.223452	-0.270456	-0.270272	-0.249308	-0.265405	-0.270456	-0.234663	-0.271934	-0.265249	-0.270272	-0.252061	-0.182802	-0.238297	-0.182802	-0.161579	-0.189163	-0.191943	-0.160821	-0.168494	-0.238181	-0.262689	-0.245181	-0.217378	-0.264159	-0.260518	-0.291495	-0.238297	-0.253274	-0.156881	-0.230551	-0.216561	-0.218903	-0.259967	-0.253719	-0.311534	-0.259967	-0.304389	-0.281088	-0.261749	-0.251329	-0.12985	-0.232346	-0.134781	-0.289594	-0.268918	-0.259967	-0.264571	-0.268918	-0.161579	-0.182802	-0.270026	-0.204445	-0.25099	-0.279776	-0.19073	-0.323796	-0.253415	-0.25099	-0.276714	-0.22168	-0.264159	-0.253415	-0.238297	-0.258099	-0.291495	-0.271886	-0.274201	-0.265702	-0.299659	-0.226872	-0.217078	-0.271934	-0.232316	-0.238297	-0.230538	-0.275544	-0.199646	-0.265612	-0.216561	-0.175924	-0.265405	-0.172124	-0.156202	-0.175924	-0.231617	-0.196149	-0.197505	-0.241859	-0.182802	-0.177242	-0.264346	-0.25099	-0.212326	-0.178465	-0.277898	-0.264159	-0.254726	-0.304393	-0.270026	-0.190901	-0.266268	-0.273032	-0.255781	-0.182802	-0.240532	-0.270026	-0.270456	-0.259223	-0.263176	-0.175054	-0.284118	-0.304389	-0.304389	-0.284855	-0.275433	-0.253415	-0.286088	-0.251329	-0.272053	-0.282207	-0.286429	-0.265249	-0.195676	-0.22914	-0.134781	-0.284118	-0.285559	-0.273341	-0.270456	-0.234107	-0.274805	-0.208717	-0.264159	-0.270456	-0.331624	-0.265939	-0.265218	-0.265463	-0.246354	-0.135015	-0.30325	-0.175112	-0.202797	-0.284118	-0.189163
87000	intercept	0.318734	0.315059	0.354353	0.247472	0.317676	0.304869	0.259747	0.308165	0.261137	0.247759	0.316973	0.270117	0.295421	0.327609	0.312652	0.295031	0.313693	0.305859	0.28527	0.248999	0.299557	0.309443	0.312419	0.322043	0.303671	0.237811	0.270998	0.326721	0.307066	0.310081	0.317222	0.252422	0.285354	0.352766	0.308033	0.298254	0.320383	0.316975	0.340829	0.273658	0.309786	0.333931	0.280033	0.333589	0.321503	0.208004	0.298566	0.318429	0.276335	0.306484	0.365374	0.35632	0.295852	0.287154	0.334046	0.33109	0.224804	0.335251	0.313724	0.292718	0.344831	0.308427	0.283553	0.288875	0.30083	0.276205	0.242232	0.31844	0.328213	0.297498	0.306989	0.343858	0.259747	0.301485	0.319114	0.285159	0.289933	0.292637	0.322355	0.32037	0.288673	0.295249	0.264099	0.292856	0.315068	0.319127	0.290574	0.26217	0.304953	0.324236	0.33293	0.322554	0.298105	0.346791	0.266089	0.334353	0.318802	0.280292	0.314456	0.284634	0.277052	0.327079	0.293745	0.32005	0.251663	0.24769	0.305464	0.249688	0.327146	0.310314	0.299091	0.315231	0.319612	0.335229	0.216335	0.267764	0.313009	0.311761	0.293488	0.322714	0.28988	0.281985	0.266063	0.248493	0.304912	0.259747	0.337096	0.263198	0.278656	0.324711	0.315339	0.288323	0.312953	0.302018	0.323511	0.267924	0.351247	0.348422	0.326846	0.292409	0.28731	0.26294	0.260177	0.331025	0.355205	0.287707	0.313905	0.289589	0.312881	0.323015	0.255748	0.255748	0.325758	0.286753	0.285093	0.297809	0.266929	0.34329	0.304428	0.304648	0.294704	0.320959	0.310109	0.333029	0.32279	0.352766	0.345313	0.274907	0.310957	0.286023	0.303529	0.310543	0.323818	0.277657	0.277483	0.277665	0.30305	0.333681	0.296264	0.300394	0.324797	0.318904	0.312082	0.297325	0.282999	0.288712	0.314313	0.317392	0.294298	0.314865	0.278551	0.306066	0.289849	0.313009	0.3168	0.276726	0.352766	0.324237	0.301987	0.29524	0.33068	0.237811	0.355227	0.25368	0.301208	0.327079	0.312145	0.308451	0.276102	0.289624	0.288854	0.354145	0.296665	0.301765	0.312145	0.230016	0.323613	0.327079	0.345925	0.266929	0.279645	0.266724	0.350937	0.376527	0.290993	0.273765	0.338715	0.294517	0.300178	0.281214	0.308657	0.300544	0.351247	0.304186	0.276102	0.332226	0.273765	0.227039	0.274963	0.304186	0.303984	0.298566	0.241479	0.308451	0.314353	0.338715	0.372557	0.304186	0.215191	0.270043	0.303765	0.378706	0.301987	0.349996	0.327146	0.309131	0.310213	0.338715	0.266929	0.302221	0.327526	0.261462	0.316864	0.340948	0.338715	0.289624	0.273765	0.300544	0.275451	0.19523	0.278724	0.319176	0.23959	0.314353	0.308657	0.317689	0.288854	0.25709	0.313009	0.34268	0.378706	0.300544	0.3224	0.303302	0.303765	0.292374	0.260623	0.305374	0.282166	0.314403	0.305374	0.352766	0.312145	0.307733	0.320188	0.232552	0.302636	0.214425	0.350937	0.303646	0.308451	0.328003	0.303646	0.198656	0.275451	0.33282	0.267848	0.321801	0.417738	0.210785	0.345492	0.332226	0.321801	0.300178	0.277052	0.313009	0.332226	0.300544	0.362036	0.377656	0.301987	0.300701	0.300701	0.352766	0.306392	0.290693	0.316864	0.301257	0.300544	0.295806	0.354983	0.274276	0.321341	0.280185	0.230016	0.325537	0.308737	0.231534	0.230016	0.314208	0.315628	0.279645	0.266929	0.273765	0.228691	0.313009	0.315955	0.26817	0.23318	0.313724	0.313009	0.338152	0.354353	0.351995	0.28499	0.296665	0.32865	0.334625	0.273765	0.322343	0.351995	0.327079	0.286388	0.31006	0.30717	0.312145	0.352766	0.347347	0.273465	0.304186	0.332226	0.295708	0.312824	0.367715	0.301987	0.322267	0.312796	0.310007	0.281534	0.214425	0.312145	0.320339	0.328815	0.327079	0.277483	0.300701	0.278756	0.313009	0.327079	0.340524	0.304186	0.300626	0.318334	0.255748	0.210855	0.347347	0.275451	0.26327	0.312145	0.278724
88000	slope	-0.227589	-0.267375	-0.261863	-0.277922	-0.296992	-0.275113	-0.298391	-0.246594	-0.286887	-0.221264	-0.216212	-0.191247	-0.288928	-0.250861	-0.232071	-0.272775	-0.266206	-0.245177	-0.221264	-0.25813	-0.254706	-0.22145	-0.263597	-0.200686	-0.276709	-0.220943	-0.260402	-0.231732	-0.248033	-0.274289	-0.261693	-0.272794	-0.258303	-0.245339	-0.220271	-0.173779	-0.229733	-0.262003	-0.277095	-0.271638	-0.255148	-0.251655	-0.27938	-0.247637	-0.28034	-0.312646	-0.247778	-0.244673	-0.272115	-0.238658	-0.263943	-0.243234	-0.270244	-0.261806	-0.244586	-0.248037	-0.261848	-0.281453	-0.270697	-0.28137	-0.26376	-0.260692	-0.291485	-0.280822	-0.294157	-0.263264	-0.228224	-0.2526	-0.272183	-0.266961	-0.274786	-0.215904	-0.300614	-0.283327	-0.263088	-0.229594	-0.213498	-0.285242	-0.260627	-0.260104	-0.253307	-0.259521	-0.308436	-0.272126	-0.223579	-0.236351	-0.25126	-0.255293	-0.255054	-0.24917	-0.242216	-0.260925	-0.281431	-0.256272	-0.203723	-0.265408	-0.224457	-0.262593	-0.289062	-0.257038	-0.244042	-0.292231	-0.294537	-0.286287	-0.257083	-0.279422	-0.207029	-0.279616	-0.240538	-0.286347	-0.300291	-0.241199	-0.244371	-0.253918	-0.25059	-0.269763	-0.245511	-0.203388	-0.271651	-0.22335	-0.259589	-0.281879	-0.251315	-0.247931	-0.208746	-0.259357	-0.262834	-0.265197	-0.248878	-0.274642	-0.246844	-0.256501	-0.256373	-0.268624	-0.302981	-0.224088	-0.26439	-0.264262	-0.203723	-0.259045	-0.262532	-0.276842	-0.218019	-0.204902	-0.246534	-0.289859	-0.256077	-0.258045	-0.266584	-0.21784	-0.254618	-0.237236	-0.254342	-0.236423	-0.23627	-0.251352	-0.264081	-0.256846	-0.23412	-0.268301	-0.274774	-0.282952	-0.238202	-0.265964	-0.270327	-0.282815	-0.240957	-0.265758	-0.25973	-0.210211	-0.268751	-0.280919	-0.265401	-0.304907	-0.253603	-0.206339	-0.258505	-0.27936	-0.258733	-0.254404	-0.197394	-0.283456	-0.20387	-0.21665	-0.287303	-0.227164	-0.269639	-0.277527	-0.28137	-0.271463	-0.245144	-0.263758	-0.256037	-0.20695	-0.229428	-0.247191	-0.227155	-0.266021	-0.220148	-0.274317	-0.259309	-0.318219	-0.272528	-0.273927	-0.205888	-0.21859	-0.276855	-0.300614	-0.300614	-0.297733	-0.279965	-0.254902	-0.221264	-0.275113	-0.201334	-0.221264	-0.190731	-0.261874	-0.299651	-0.267415	-0.250633	-0.229758	-0.279481	-0.276489	-0.262739	-0.240781	-0.256721	-0.276363	-0.242214	-0.255623	-0.27039	-0.252407	-0.282356	-0.270112	-0.252407	-0.2493	-0.299651	-0.307453	-0.203723	-0.275113	-0.221614	-0.273872	-0.254693	-0.251334	-0.156694	-0.270112	-0.288128	-0.337917	-0.27039	-0.242489	-0.203723	-0.230948	-0.276363	-0.276855	-0.268073	-0.274141	-0.235485	-0.25312	-0.282356	-0.303031	-0.221264	-0.274955	-0.290902	-0.276363	-0.256407	-0.308436	-0.221264	-0.185592	-0.291132	-0.27141	-0.2493	-0.267161	-0.267888	-0.319348	-0.22256	-0.299651	-0.229758	-0.288693	-0.242661	-0.254595	-0.282356	-0.201674	-0.273927	-0.135136	-0.282356	-0.288128	-0.270545	-0.282356	-0.262739	-0.20774	-0.303031	-0.240781	-0.195296	-0.250242	-0.250983	-0.271933	-0.281496	-0.185592	-0.285355	-0.220242	-0.24394	-0.156694	-0.156694	-0.150372	-0.21569	-0.288563	-0.248772	-0.21191	-0.264742	-0.237617	-0.262093	-0.24446	-0.279481	-0.254595	-0.235485	-0.294085	-0.239642	-0.283181	-0.208983	-0.243618	-0.254039	-0.261874	-0.291132	-0.221614	-0.269462	-0.208983	-0.247377	-0.257404	-0.246844	-0.250428	-0.249616	-0.311644	-0.252407	-0.303031	-0.278351	-0.281496	-0.291132	-0.2505	-0.268073	-0.282356	-0.27141	-0.24446	-0.220242	-0.193922	-0.265313	-0.21859	-0.257035	-0.237928	-0.300614	-0.270576	-0.294308	-0.272528	-0.279481	-0.283181	-0.202781	-0.257404	-0.199129	-0.282195	-0.330146	-0.306153	-0.279422	-0.300614	-0.248672	-0.156694	-0.239642	-0.300614	-0.282805	-0.242661	-0.262325	-0.21933	-0.246622	-0.250633	-0.252407	-0.24446	-0.300614	-0.270596	-0.159304	-0.23679	-0.27039	-0.2896	-0.304738	-0.244947	-0.166959	-0.20215	-0.279481	-0.206015	-0.244673	-0.254241	-0.190493	-0.185592	-0.205804	-0.264776	-0.31421	-0.291132	-0.279422	-0.218517	-0.208947	-0.28466	-0.253398	-0.255124
88000	intercept	0.283571	0.294121	0.296991	0.314388	0.343282	0.328179	0.338971	0.265776	0.323204	0.246993	0.287301	0.24619	0.326119	0.34097	0.309762	0.312231	0.301101	0.29913	0.264408	0.306109	0.311034	0.245385	0.299022	0.268293	0.300819	0.29516	0.322986	0.273868	0.298487	0.309349	0.319722	0.290858	0.312262	0.296235	0.269605	0.235816	0.276185	0.296777	0.328302	0.319495	0.305962	0.312796	0.349715	0.313702	0.315553	0.353186	0.299952	0.297263	0.34539	0.328957	0.320954	0.29438	0.319829	0.293884	0.315523	0.30538	0.317062	0.320145	0.310587	0.343413	0.285205	0.306618	0.345985	0.316046	0.365658	0.312732	0.293849	0.29924	0.319615	0.323263	0.31254	0.279753	0.343899	0.320889	0.305967	0.309228	0.29803	0.322392	0.317477	0.317747	0.308485	0.302009	0.340013	0.337493	0.270232	0.310146	0.274177	0.310215	0.305159	0.302245	0.299821	0.305272	0.35804	0.324495	0.2759	0.325896	0.291743	0.313345	0.347316	0.30741	0.303026	0.315376	0.306727	0.335169	0.33624	0.308218	0.265592	0.325409	0.306169	0.32692	0.343561	0.28732	0.304558	0.331581	0.335749	0.334198	0.310037	0.267744	0.321279	0.286772	0.316159	0.354982	0.327188	0.341277	0.309267	0.324304	0.310735	0.317071	0.287196	0.327848	0.302599	0.3285	0.320357	0.319453	0.358648	0.282069	0.287737	0.317364	0.2759	0.312685	0.295872	0.33661	0.280885	0.262118	0.285072	0.363592	0.315714	0.313441	0.305218	0.299157	0.304464	0.322077	0.314074	0.284564	0.302415	0.296422	0.308582	0.330609	0.310897	0.342812	0.312665	0.316142	0.303863	0.316354	0.337038	0.321513	0.295903	0.32902	0.309004	0.271885	0.326997	0.331959	0.337881	0.343457	0.303599	0.281976	0.288649	0.335597	0.300873	0.331913	0.267186	0.319748	0.272159	0.288051	0.330981	0.292405	0.31494	0.311674	0.343091	0.349529	0.304345	0.325953	0.335618	0.280322	0.328343	0.288496	0.299334	0.308372	0.289953	0.315204	0.311797	0.355616	0.309453	0.328824	0.293868	0.295811	0.310843	0.343899	0.343899	0.341212	0.328783	0.301277	0.264408	0.328179	0.279694	0.264408	0.298833	0.311797	0.387904	0.318815	0.318355	0.306127	0.326698	0.328824	0.314044	0.28932	0.303964	0.301773	0.317988	0.315461	0.317622	0.242232	0.369421	0.311496	0.242232	0.305932	0.36019	0.333331	0.2759	0.328179	0.290528	0.312772	0.301998	0.312772	0.231328	0.311496	0.294524	0.353724	0.317622	0.327865	0.2759	0.27826	0.301773	0.310843	0.321459	0.312416	0.293244	0.315228	0.326386	0.358015	0.269297	0.301773	0.311277	0.306415	0.29221	0.329806	0.269297	0.29419	0.358648	0.340506	0.305932	0.303964	0.312665	0.353724	0.30257	0.392742	0.324564	0.358648	0.295091	0.318355	0.328979	0.270173	0.328824	0.26181	0.369421	0.294524	0.317222	0.369421	0.314044	0.268732	0.358015	0.28932	0.318133	0.330754	0.295811	0.32022	0.333095	0.29419	0.369421	0.341725	0.346293	0.231328	0.231328	0.242288	0.293868	0.306453	0.292232	0.318969	0.289949	0.289339	0.296218	0.297131	0.326698	0.318355	0.293244	0.363667	0.28918	0.316462	0.281384	0.330349	0.311797	0.321359	0.358648	0.290528	0.317736	0.281384	0.31963	0.34041	0.302599	0.355827	0.362464	0.405724	0.242232	0.358648	0.309453	0.333095	0.366675	0.281947	0.332468	0.350121	0.330281	0.297131	0.341725	0.2759	0.305486	0.297181	0.34041	0.281047	0.343899	0.321181	0.308218	0.309453	0.326698	0.316462	0.238881	0.34041	0.281384	0.294524	0.344839	0.328676	0.308546	0.343899	0.277833	0.236467	0.28918	0.343899	0.328305	0.307316	0.350339	0.317664	0.30893	0.318355	0.242232	0.297131	0.341593	0.31015	0.242288	0.293868	0.317622	0.350461	0.380093	0.304137	0.254998	0.275617	0.326698	0.284829	0.295362	0.317094	0.223221	0.294355	0.2759	0.311797	0.358648	0.366675	0.308218	0.262189	0.287703	0.332468	0.311923	0.289949
89000	slope	-0.224742	-0.196183	-0.268793	-0.264443	-0.279808	-0.241282	-0.254994	-0.261442	-0.269711	-0.259096	-0.207685	-0.308397	-0.203587	-0.273326	-0.240336	-0.21981	-0.246257	-0.284796	-0.242958	-0.212412	-0.267688	-0.249878	-0.250389	-0.288544	-0.274871	-0.242473	-0.261438	-0.299102	-0.225524	-0.273262	-0.243871	-0.217555	-0.236558	-0.253513	-0.193777	-0.26875	-0.229503	-0.238069	-0.275903	-0.256688	-0.281911	-0.300161	-0.2874	-0.292639	-0.219054	-0.245085	-0.278639	-0.282875	-0.287927	-0.300659	-0.282701	-0.246608	-0.263844	-0.204296	-0.243215	-0.276262	-0.252984	-0.19569	-0.259011	-0.26934	-0.257206	-0.27874	-0.275183	-0.268936	-0.268916	-0.232116	-0.285655	-0.286375	-0.278066	-0.222947	-0.252026	-0.245898	-0.273326	-0.266879	-0.243642	-0.247464	-0.255907	-0.292193	-0.166707	-0.282484	-0.247398	-0.250729	-0.251405	-0.287271	-0.216143	-0.246609	-0.265506	-0.263152	-0.218587	-0.294304	-0.248817	-0.274873	-0.220605	-0.273616	-0.207024	-0.299916	-0.249004	-0.241398	-0.165638	-0.258423	-0.245991	-0.256812	-0.274792	-0.234493	-0.286026	-0.261529	-0.262185	-0.251244	-0.252499	-0.249058	-0.27749	-0.265766	-0.218591	-0.24067	-0.287819	-0.286481	-0.301214	-0.248394	-0.254893	-0.239404	-0.238114	-0.239644	-0.269439	-0.222455	-0.249936	-0.280887	-0.255313	-0.269323	-0.25678	-0.281299	-0.247303	-0.250649	-0.263233	-0.218679	-0.220407	-0.270774	-0.26078	-0.244724	-0.237836	-0.284277	-0.2752	-0.272329	-0.283138	-0.279262	-0.231569	-0.193629	-0.284176	-0.265489	-0.248615	-0.207313	-0.259928	-0.20855	-0.285911	-0.260157	-0.251787	-0.276895	-0.246664	-0.22748	-0.264211	-0.229192	-0.264155	-0.222473	-0.237771	-0.23114	-0.255425	-0.289759	-0.247136	-0.287464	-0.268411	-0.243721	-0.272377	-0.246052	-0.245591	-0.252802	-0.210604	-0.231931	-0.220987	-0.194163	-0.241301	-0.259011	-0.257233	-0.242382	-0.26542	-0.283019	-0.293828	-0.232545	-0.274971	-0.259928	-0.270436	-0.241237	-0.237556	-0.243829	-0.299157	-0.265343	-0.273722	-0.247935	-0.209398	-0.291655	-0.264251	-0.242798	-0.261219	-0.282484	-0.288447	-0.209071	-0.229667	-0.268668	-0.216143	-0.280442	-0.239644	-0.21457	-0.232858	-0.221162	-0.295057	-0.165638	-0.268668	-0.24395	-0.260519	-0.288913	-0.253628	-0.253959	-0.24395	-0.281768	-0.282484	-0.269807	-0.145732	-0.251594	-0.196874	-0.261219	-0.248495	-0.264152	-0.156917	-0.145732	-0.253628	-0.233943	-0.246451	-0.226657	-0.224549	-0.274873	-0.261688	-0.260081	-0.237454	-0.248495	-0.124391	-0.220997	-0.286367	-0.262132	-0.226307	-0.300161	-0.251123	-0.266697	-0.253628	-0.206854	-0.233036	-0.223128	-0.304668	-0.256758	-0.21909	-0.268445	-0.213479	-0.279532	-0.277138	-0.29683	-0.193266	-0.224549	-0.268668	-0.272414	-0.147351	-0.268582	-0.288913	-0.259928	-0.24244	-0.292377	-0.288913	-0.269323	-0.246017	-0.233129	-0.287264	-0.279463	-0.292276	-0.179558	-0.259928	-0.226662	-0.147351	-0.268668	-0.124391	-0.286367	-0.145732	-0.281368	-0.259928	-0.273722	-0.209071	-0.190634	-0.255816	-0.242612	-0.288447	-0.227686	-0.226662	-0.24395	-0.274873	-0.258715	-0.145732	-0.186941	-0.216203	-0.226657	-0.21909	-0.175363	-0.230621	-0.222473	-0.21457	-0.277651	-0.289329	-0.180842	-0.216143	-0.246043	-0.256887	-0.255866	-0.227686	-0.124391	-0.279264	-0.253628	-0.261219	-0.186941	-0.226728	-0.213431	-0.145732	-0.244124	-0.273899	-0.262132	-0.268266	-0.206854	-0.255302	-0.259928	-0.145732	-0.27094	-0.21852	-0.270415	-0.220997	-0.288913	-0.223128	-0.22197	-0.285705	-0.201227	-0.252343	-0.221431	-0.256053	-0.23334	-0.254333	-0.276184	-0.292217	-0.259928	-0.225767	-0.259928	-0.224484	-0.280422	-0.280442	-0.206854	-0.270709	-0.240298	-0.231728	-0.292377	-0.288175	-0.255816	-0.208122	-0.249628	-0.288722	-0.259928	-0.234608	-0.276801	-0.182785	-0.268404	-0.157155	-0.282484	-0.196874	-0.246401	-0.268936	-0.221476	-0.292217	-0.284392	-0.278374	-0.10881	-0.241679	-0.262469	-0.255703	-0.27723	-0.218679	-0.215832	-0.291351	-0.198535	-0.237111	-0.26774	-0.272512	-0.217555	-0.248495	-0.260781	-0.225559	-0.22707	-0.293889	-0.186941	-0.207685	-0.236905
89000	intercept	0.296363	0.279677	0.339199	0.319141	0.300419	0.292314	0.317404	0.275361	0.308372	0.306719	0.238626	0.350591	0.250907	0.342985	0.325473	0.293327	0.321676	0.317323	0.326851	0.289799	0.306899	0.308931	0.294146	0.366085	0.308103	0.343673	0.291561	0.329918	0.297064	0.331576	0.287975	0.266503	0.30943	0.321896	0.264023	0.32379	0.315749	0.327461	0.333663	0.279619	0.318984	0.372728	0.351774	0.310731	0.278879	0.28351	0.353371	0.351934	0.375268	0.318525	0.340159	0.279795	0.311927	0.276115	0.295042	0.298209	0.358518	0.259516	0.293146	0.324604	0.290423	0.346399	0.317493	0.303766	0.315411	0.29173	0.303846	0.355642	0.363384	0.299591	0.333305	0.284864	0.342985	0.356122	0.333509	0.333773	0.29335	0.350199	0.242952	0.312752	0.297039	0.3323	0.317869	0.362776	0.271752	0.313962	0.308837	0.330224	0.291873	0.334939	0.304711	0.31359	0.286188	0.323779	0.275488	0.316956	0.292663	0.277495	0.233498	0.261875	0.306907	0.325952	0.372028	0.275924	0.338392	0.304601	0.306298	0.342347	0.283844	0.338612	0.312494	0.323419	0.277218	0.30752	0.359693	0.294066	0.348638	0.33548	0.322767	0.292264	0.286794	0.314654	0.310812	0.278962	0.337974	0.320068	0.308529	0.338556	0.311952	0.333895	0.283774	0.319456	0.302444	0.244283	0.272746	0.332371	0.323296	0.337141	0.290727	0.308257	0.333154	0.308959	0.316752	0.322779	0.322389	0.309726	0.346984	0.321372	0.304891	0.297746	0.348331	0.273703	0.304404	0.336485	0.299447	0.332018	0.312369	0.304042	0.361833	0.254025	0.3048	0.256415	0.30642	0.312359	0.351045	0.293179	0.313621	0.290316	0.322694	0.326547	0.338473	0.28198	0.31094	0.300673	0.271752	0.29391	0.307153	0.275488	0.304402	0.330838	0.308146	0.316726	0.301823	0.344204	0.335822	0.280826	0.324573	0.358672	0.32858	0.302695	0.287337	0.316777	0.339455	0.335613	0.317097	0.304253	0.286199	0.330019	0.298279	0.296486	0.303211	0.334904	0.298748	0.277223	0.30067	0.324352	0.269167	0.322767	0.314654	0.292612	0.302599	0.277367	0.288914	0.233498	0.308212	0.305595	0.299876	0.317621	0.295795	0.324796	0.305595	0.323557	0.334904	0.349078	0.226453	0.311708	0.320973	0.309467	0.324796	0.328784	0.224893	0.223737	0.295795	0.271752	0.303379	0.275855	0.271752	0.293179	0.355191	0.315503	0.245523	0.317938	0.224774	0.313724	0.353676	0.292263	0.238412	0.389101	0.295795	0.324523	0.295795	0.259585	0.323603	0.266042	0.386186	0.352555	0.268655	0.349202	0.255944	0.302221	0.304198	0.317992	0.295296	0.271752	0.309186	0.352097	0.226453	0.300785	0.317621	0.353357	0.325494	0.347395	0.317621	0.336975	0.295795	0.313228	0.331305	0.334904	0.36129	0.245558	0.353357	0.316168	0.226453	0.308212	0.26158	0.344746	0.223737	0.338556	0.363988	0.317097	0.277367	0.29848	0.319656	0.304399	0.29715	0.307855	0.319558	0.305595	0.293179	0.30209	0.237932	0.287638	0.302599	0.275855	0.268655	0.293084	0.266042	0.257869	0.302599	0.303238	0.311812	0.228062	0.250088	0.32341	0.320267	0.319656	0.307855	0.224774	0.364078	0.295795	0.281401	0.295544	0.323603	0.271752	0.226453	0.313253	0.296826	0.292263	0.349202	0.259585	0.338556	0.353357	0.22807	0.308212	0.30955	0.300006	0.313724	0.337503	0.266042	0.320973	0.370946	0.246107	0.363472	0.315471	0.302221	0.320973	0.324796	0.345863	0.407608	0.347479	0.318593	0.347479	0.245558	0.301714	0.308795	0.259585	0.356088	0.294451	0.232195	0.331305	0.371876	0.317662	0.277367	0.277326	0.294066	0.347479	0.290867	0.305177	0.254438	0.322412	0.21968	0.334904	0.304952	0.303379	0.312845	0.333047	0.407608	0.365985	0.353121	0.237633	0.289899	0.294	0.320211	0.342985	0.244283	0.285251	0.302435	0.297547	0.320973	0.275361	0.371876	0.277856	0.317938	0.355191	0.271752	0.253634	0.346925	0.27705	0.242412	0.290197
90000	slope	-0.125472	-0.233325	-0.27696	-0.263956	-0.282873	-0.248958	-0.196336	-0.280397	-0.175696	-0.216538	-0.261314	-0.138623	-0.216685	-0.164962	-0.23866	-0.250614	-0.226445	-0.233584	-0.249435	-0.229278	-0.213804	-0.249035	-0.138623	-0.209295	-0.287654	-0.244759	-0.260608	-0.252935	-0.200996	-0.25569	-0.198132	-0.234497	-0.238012	-0.24792	-0.24888	-0.231844	-0.24252	-0.122941	-0.15135	-0.229088	-0.210662	-0.223114	-0.239709	-0.234141	-0.22677	-0.231424	-0.216359	-0.251196	-0.260764	-0.246739	-0.255512	-0.252042	-0.211699	-0.246292	-0.231956	-0.289681	-0.245548	-0.228775	-0.27171	-0.23122	-0.283402	-0.249005	-0.280473	-0.239325	-0.232145	-0.271473	-0.221672	-0.22816	-0.239589	-0.272118	-0.217747	-0.285517	-0.213061	-0.282941	-0.272199	-0.216985	-0.272304	-0.255861	-0.257318	-0.255552	-0.264313	-0.241133	-0.246978	-0.245644	-0.204708	-0.220908	-0.22961	-0.225759	-0.24584	-0.24945	-0.23881	-0.272133	-0.183876	-0.233958	-0.216606	-0.283014	-0.255303	-0.193144	-0.269643	-0.240054	-0.283051	-0.184453	-0.24411	-0.255261	-0.252948	-0.21926	-0.245869	-0.233583	-0.241035	-0.27385	-0.264233	-0.219951	-0.252018	-0.239589	-0.25221	-0.266468	-0.232695	-0.263864	-0.232203	-0.202955	-0.245556	-0.27841	-0.295224	-0.220216	-0.231287	-0.225528	-0.282632	-0.239284	-0.264484	-0.238365	-0.271654	-0.223058	-0.188487	-0.194036	-0.271847	-0.181624	-0.224098	-0.194876	-0.202389	-0.238647	-0.292464	-0.254817	-0.270281	-0.26223	-0.266228	-0.260764	-0.172835	-0.251559	-0.238382	-0.22938	-0.20985	-0.299615	-0.224422	-0.217088	-0.238217	-0.237092	-0.236216	-0.215198	-0.274613	-0.242556	-0.233002	-0.204444	-0.241133	-0.281227	-0.209029	-0.175865	-0.191421	-0.185544	-0.258218	-0.195875	-0.232874	-0.291983	-0.164442	-0.17446	-0.263379	-0.264961	-0.130769	-0.22629	-0.243303	-0.251826	-0.250892	-0.265674	-0.255939	-0.273186	-0.273649	-0.252735	-0.260034	-0.254949	-0.298957	-0.242277	-0.269024	-0.215107	-0.254133	-0.274988	-0.18991	-0.243138	-0.233891	-0.272914	-0.243607	-0.24457	-0.312067	-0.260546	-0.260982	-0.224422	-0.27652	-0.164962	-0.228472	-0.242671	-0.275293	-0.29397	-0.298896	-0.254535	-0.244435	-0.272113	-0.260828	-0.195536	-0.283878	-0.267543	-0.217644	-0.260546	-0.193708	-0.268445	-0.18952	-0.264158	-0.236964	-0.233958	-0.266879	-0.249541	-0.282713	-0.290079	-0.234497	-0.233958	-0.28074	-0.29397	-0.189585	-0.171735	-0.245644	-0.244435	-0.237769	-0.228775	-0.156034	-0.285848	-0.229726	-0.297403	-0.252604	-0.262639	-0.240951	-0.287281	-0.203911	-0.312067	-0.251585	-0.260712	-0.235145	-0.264667	-0.272705	-0.287281	-0.224422	-0.249239	-0.193144	-0.20658	-0.275293	-0.268445	-0.208888	-0.202	-0.275143	-0.213804	-0.122575	-0.270793	-0.300513	-0.266853	-0.237884	-0.267034	-0.268445	-0.202093	-0.114423	-0.261836	-0.255594	-0.27758	-0.241133	-0.267543	-0.236964	-0.227477	-0.228472	-0.207939	-0.299615	-0.254133	-0.122941	-0.201347	-0.27758	-0.217644	-0.266752	-0.130033	-0.197559	-0.189585	-0.288833	-0.275644	-0.256877	-0.222435	-0.287281	-0.230913	-0.164765	-0.233958	-0.264421	-0.277065	-0.240587	-0.258765	-0.153948	-0.236041	-0.271804	-0.276854	-0.138623	-0.232203	-0.241103	-0.220842	-0.116308	-0.260982	-0.246352	-0.27758	-0.260982	-0.316855	-0.264667	-0.199279	-0.263225	-0.277065	-0.202582	-0.203938	-0.221073	-0.113604	-0.138623	-0.24603	-0.235823	-0.275843	-0.238365	-0.164923	-0.228472	-0.129583	-0.172603	-0.281227	-0.22088	-0.220842	-0.202705	-0.199409	-0.253905	-0.283878	-0.168973	-0.269409	-0.189585	-0.209349	-0.221814	-0.275293	-0.246959	-0.172603	-0.14758	-0.267034	-0.23195	-0.266879	-0.195536	-0.268445	-0.27652	-0.312067	-0.27758	-0.129583	-0.237884	-0.262784	-0.233958	-0.317612	-0.252604	-0.119503	-0.235145	-0.263225	-0.277903	-0.228775	-0.245644	-0.221277	-0.269409	-0.25793	-0.288196	-0.278554	-0.255594	-0.246891	-0.247277	-0.277065	-0.2742	-0.28804	-0.223056	-0.170592	-0.294668	-0.265002	-0.272113	-0.247712	-0.237769	-0.262217	-0.272573	-0.282604	-0.28804	-0.277065	-0.184891	-0.228472	-0.285501	-0.260828
90000	intercept	0.236019	0.294409	0.317284	0.351501	0.324345	0.312649	0.266946	0.307499	0.231255	0.300463	0.30168	0.236764	0.281628	0.234638	0.304658	0.316606	0.306646	0.26622	0.33598	0.27584	0.302783	0.317545	0.232605	0.265492	0.33391	0.311856	0.31453	0.319841	0.273885	0.319457	0.299562	0.344878	0.324466	0.292134	0.336503	0.27754	0.295663	0.234538	0.21359	0.260461	0.297537	0.310358	0.28971	0.298453	0.292299	0.300196	0.258985	0.354014	0.297563	0.335937	0.293026	0.321172	0.279227	0.389969	0.287003	0.3196	0.306412	0.292133	0.311842	0.275764	0.332721	0.328227	0.3415	0.308709	0.311028	0.331609	0.274529	0.320558	0.330839	0.346492	0.30727	0.320495	0.271445	0.329779	0.346105	0.2723	0.316131	0.301668	0.323579	0.292389	0.293487	0.318234	0.315977	0.34792	0.297855	0.305752	0.314796	0.296823	0.315731	0.330429	0.302375	0.311711	0.278022	0.265069	0.304026	0.331063	0.34437	0.281114	0.310887	0.323889	0.342719	0.236288	0.313619	0.311507	0.347159	0.316693	0.308524	0.310135	0.295263	0.328974	0.320093	0.33796	0.307644	0.330839	0.308727	0.35049	0.29176	0.329537	0.275764	0.302975	0.313872	0.313683	0.29488	0.291862	0.300061	0.316845	0.30727	0.298673	0.300965	0.358174	0.335668	0.338417	0.290753	0.303838	0.317157	0.247364	0.299143	0.267858	0.296967	0.324776	0.35097	0.343835	0.32784	0.314799	0.302401	0.305038	0.248306	0.299939	0.287238	0.327528	0.293696	0.351958	0.285949	0.270128	0.325328	0.34418	0.275764	0.270834	0.308508	0.320863	0.298549	0.286492	0.318234	0.354417	0.297285	0.255533	0.296605	0.244322	0.355512	0.264153	0.302653	0.329416	0.246492	0.294725	0.330747	0.315812	0.218171	0.310658	0.316916	0.288168	0.345833	0.292963	0.331193	0.350274	0.363105	0.282097	0.308124	0.35897	0.372258	0.304204	0.313772	0.31445	0.286425	0.305979	0.288551	0.288498	0.296414	0.309856	0.299439	0.267876	0.371238	0.29994	0.282926	0.271986	0.311752	0.234638	0.336153	0.290348	0.373762	0.304304	0.369985	0.290267	0.329879	0.326785	0.291428	0.239694	0.347115	0.328969	0.340681	0.29994	0.25622	0.334912	0.219949	0.315846	0.326398	0.265069	0.29994	0.331547	0.345509	0.353087	0.344878	0.297794	0.289052	0.309455	0.258416	0.229165	0.34792	0.329879	0.31304	0.283595	0.251018	0.373278	0.262906	0.352446	0.312878	0.283873	0.276856	0.3156	0.305786	0.373085	0.290336	0.304251	0.29774	0.288659	0.347917	0.3156	0.256946	0.358174	0.259617	0.271429	0.373762	0.342667	0.315173	0.275409	0.347115	0.302783	0.234538	0.363105	0.288337	0.295771	0.32012	0.282605	0.342667	0.25622	0.244572	0.302382	0.358174	0.361853	0.324294	0.317803	0.326398	0.274266	0.336153	0.267523	0.351958	0.296401	0.22378	0.29838	0.361853	0.340681	0.335666	0.243474	0.270388	0.258416	0.35011	0.368945	0.336502	0.253117	0.320157	0.30846	0.250324	0.271288	0.296417	0.325448	0.302033	0.285831	0.253262	0.336153	0.325357	0.306739	0.232605	0.275764	0.334118	0.30043	0.243474	0.310135	0.322988	0.361853	0.289116	0.353962	0.289876	0.281114	0.285831	0.331998	0.320973	0.217861	0.288801	0.243474	0.232605	0.338622	0.325952	0.336433	0.358174	0.229165	0.336153	0.243474	0.278176	0.354417	0.340681	0.291467	0.266274	0.231614	0.328114	0.347115	0.336473	0.347917	0.258416	0.258831	0.312878	0.381543	0.287211	0.287741	0.234565	0.289784	0.295531	0.29994	0.243197	0.338219	0.311752	0.367765	0.358298	0.243474	0.344742	0.384342	0.279921	0.371238	0.312878	0.234847	0.29774	0.285831	0.294177	0.29144	0.34792	0.25622	0.347917	0.305261	0.38354	0.368945	0.313575	0.253929	0.314178	0.331998	0.318662	0.351974	0.288801	0.243411	0.321904	0.347917	0.335388	0.277697	0.318904	0.290267	0.354417	0.333881	0.351974	0.331998	0.243411	0.336153	0.309455	0.295795
91000	slope	-0.220008	-0.216738	-0.214359	-0.215048	-0.192875	-0.251047	-0.203183	-0.273161	-0.259534	-0.279005	-0.267663	-0.286253	-0.226767	-0.225748	-0.242516	-0.148827	-0.274137	-0.20087	-0.23674	-0.192363	-0.268187	-0.277232	-0.247836	-0.218943	-0.282384	-0.258239	-0.242273	-0.264223	-0.271509	-0.257232	-0.257822	-0.286588	-0.231431	-0.191104	-0.273971	-0.195941	-0.250425	-0.267457	-0.200268	-0.235401	-0.247077	-0.230453	-0.195784	-0.226542	-0.230754	-0.233316	-0.278618	-0.2595	-0.198379	-0.252761	-0.213839	-0.24508	-0.199452	-0.188186	-0.287126	-0.199573	-0.249041	-0.265655	-0.234704	-0.234243	-0.248201	-0.236359	-0.279005	-0.284144	-0.157176	-0.207221	-0.141594	-0.135356	-0.265011	-0.249908	-0.208237	-0.227581	-0.251658	-0.262934	-0.209747	-0.254278	-0.27325	-0.229012	-0.22984	-0.261668	-0.269748	-0.221196	-0.279132	-0.20421	-0.270527	-0.260153	-0.265056	-0.221252	-0.256641	-0.172535	-0.235004	-0.216683	-0.251415	-0.208755	-0.215102	-0.251392	-0.234268	-0.213924	-0.264716	-0.210743	-0.247316	-0.249157	-0.219277	-0.230324	-0.213784	-0.26127	-0.204466	-0.169969	-0.289295	-0.24911	-0.256018	-0.301841	-0.254163	-0.238766	-0.214901	-0.237186	-0.241223	-0.233545	-0.227391	-0.243359	-0.250095	-0.179636	-0.29844	-0.281005	-0.210449	-0.187103	-0.275799	-0.232382	-0.212362	-0.188184	-0.256351	-0.288233	-0.286592	-0.266449	-0.26088	-0.250085	-0.254017	-0.248127	-0.232199	-0.246871	-0.275909	-0.243825	-0.151533	-0.167544	-0.246399	-0.280814	-0.258918	-0.264953	-0.250509	-0.246117	-0.252785	-0.296821	-0.24934	-0.271348	-0.248678	-0.224071	-0.274669	-0.285491	-0.288267	-0.213955	-0.249195	-0.125516	-0.125516	-0.232505	-0.256108	-0.244372	-0.230417	-0.266228	-0.20067	-0.249912	-0.266128	-0.214896	-0.252807	-0.223463	-0.244138	-0.212533	-0.262982	-0.226278	-0.252332	-0.269284	-0.187344	-0.279116	-0.247467	-0.254134	-0.255577	-0.249533	-0.248557	-0.233991	-0.262876	-0.227968	-0.195023	-0.265411	-0.192081	-0.266233	-0.279323	-0.247657	-0.260206	-0.229345	-0.276875	-0.265818	-0.238892	-0.125516	-0.154239	-0.27859	-0.233401	-0.216219	-0.255127	-0.238892	-0.264392	-0.230438	-0.12764	-0.264392	-0.265465	-0.236894	-0.257088	-0.230258	-0.301852	-0.19514	-0.215905	-0.228241	-0.255741	-0.273014	-0.290357	-0.255741	-0.250931	-0.236894	-0.210449	-0.215665	-0.300052	-0.299181	-0.284507	-0.246315	-0.225161	-0.203666	-0.251177	-0.191141	-0.160455	-0.246315	-0.208002	-0.125516	-0.22637	-0.22433	-0.157176	-0.264316	-0.275137	-0.22433	-0.179636	-0.296269	-0.242364	-0.254134	-0.263641	-0.272073	-0.216194	-0.279209	-0.238892	-0.242264	-0.176179	-0.201465	-0.208002	-0.29844	-0.264316	-0.265184	-0.264198	-0.23864	-0.288233	-0.273546	-0.20538	-0.247836	-0.281811	-0.291755	-0.259498	-0.214115	-0.2433	-0.25957	-0.220973	-0.259442	-0.216219	-0.202706	-0.302764	-0.246117	-0.273131	-0.271404	-0.217802	-0.322518	-0.20155	-0.273971	-0.22804	-0.257916	-0.297708	-0.238824	-0.202358	-0.258918	-0.125516	-0.21338	-0.263244	-0.235147	-0.216219	-0.216219	-0.213248	-0.202409	-0.200268	-0.187103	-0.285245	-0.24508	-0.276826	-0.257088	-0.250931	-0.250931	-0.271509	-0.189168	-0.195044	-0.210449	-0.246117	-0.146822	-0.273131	-0.209812	-0.181953	-0.14112	-0.276906	-0.2628	-0.273546	-0.251765	-0.242264	-0.273014	-0.14112	-0.274893	-0.20538	-0.229085	-0.2147	-0.253317	-0.266795	-0.245078	-0.281924	-0.246117	-0.301841	-0.124947	-0.264392	-0.273971	-0.231375	-0.225049	-0.141594	-0.246117	-0.273551	-0.263244	-0.265184	-0.151188	-0.272198	-0.246117	-0.2433	-0.188107	-0.252052	-0.167553	-0.206333	-0.229283	-0.201465	-0.247838	-0.172535	-0.189168	-0.23864	-0.259442	-0.149323	-0.255416	-0.293371	-0.2147	-0.272877	-0.301841	-0.273855	-0.235334	-0.242364	-0.201358	-0.25898	-0.191141	-0.25957	-0.234282	-0.288493	-0.297708	-0.269896	-0.264078	-0.24598	-0.302764	-0.251765	-0.241522	-0.176179	-0.2055	-0.285736	-0.264198	-0.234493	-0.19514	-0.232424	-0.281924	-0.276906	-0.30574	-0.269347	-0.273131	-0.248315	-0.254264	-0.250761	-0.234498	-0.19327	-0.245078
91000	intercept	0.263212	0.275012	0.284309	0.25654	0.236023	0.3273	0.276908	0.305353	0.304677	0.29159	0.331639	0.370571	0.281481	0.27856	0.276566	0.220522	0.331182	0.269771	0.277121	0.282688	0.300796	0.315514	0.306191	0.247201	0.30806	0.312386	0.291656	0.328821	0.321121	0.341713	0.309801	0.349209	0.272554	0.290472	0.322807	0.281813	0.348877	0.341784	0.264962	0.289321	0.276708	0.278747	0.225554	0.294712	0.304675	0.285471	0.361894	0.293262	0.295438	0.300341	0.270606	0.294859	0.252522	0.24347	0.316016	0.273538	0.298809	0.308474	0.342286	0.291931	0.314379	0.270129	0.29159	0.359672	0.190832	0.2516	0.235102	0.258632	0.297578	0.303412	0.262833	0.264198	0.306828	0.323781	0.259215	0.291115	0.30803	0.289032	0.252238	0.283746	0.307221	0.256873	0.306683	0.309465	0.374452	0.34056	0.316961	0.256703	0.288976	0.247283	0.268916	0.265133	0.323002	0.250521	0.296804	0.327787	0.27768	0.257975	0.284522	0.267038	0.332655	0.304469	0.265459	0.282297	0.268994	0.302366	0.30801	0.241883	0.353104	0.315055	0.28996	0.372919	0.308791	0.296519	0.271703	0.276526	0.267539	0.304033	0.31029	0.30769	0.297042	0.232283	0.287283	0.315456	0.250088	0.277532	0.364936	0.306869	0.299256	0.268719	0.31341	0.356266	0.31875	0.311784	0.30595	0.308866	0.287116	0.34003	0.293872	0.307927	0.320413	0.312768	0.226331	0.213556	0.299922	0.325431	0.307706	0.336029	0.289852	0.298181	0.307106	0.359675	0.347478	0.311758	0.276125	0.283143	0.336825	0.353319	0.343909	0.303741	0.303218	0.213866	0.213866	0.275401	0.2862	0.292443	0.28079	0.337443	0.282171	0.312643	0.349484	0.232875	0.29172	0.270135	0.299069	0.256105	0.311727	0.274756	0.285235	0.318564	0.243206	0.381263	0.293508	0.363687	0.345864	0.294525	0.312343	0.290489	0.323047	0.338713	0.325313	0.325677	0.248331	0.299238	0.325994	0.307335	0.306191	0.26469	0.300633	0.299899	0.305635	0.21185	0.232141	0.317208	0.265312	0.252156	0.285309	0.305635	0.370995	0.270259	0.22877	0.370995	0.284475	0.286742	0.307335	0.288534	0.367522	0.225633	0.252035	0.228436	0.29564	0.363526	0.354489	0.29564	0.33459	0.286742	0.260472	0.273983	0.331598	0.311424	0.366541	0.284813	0.306271	0.255736	0.290699	0.222425	0.234009	0.284813	0.249636	0.213866	0.2634	0.285476	0.188484	0.309741	0.305813	0.287108	0.22266	0.354903	0.300072	0.363687	0.382939	0.343628	0.26847	0.313064	0.305635	0.320382	0.238977	0.246134	0.255736	0.287283	0.298731	0.284413	0.29161	0.287402	0.358537	0.379586	0.257121	0.306191	0.339682	0.349517	0.285131	0.25949	0.309396	0.295897	0.319676	0.307343	0.260472	0.262608	0.366347	0.302048	0.313064	0.299709	0.237148	0.318235	0.302495	0.322807	0.298227	0.348849	0.328954	0.245967	0.26726	0.307706	0.213866	0.281235	0.29569	0.369885	0.252156	0.252156	0.244646	0.262486	0.280456	0.271832	0.34878	0.328987	0.299709	0.307335	0.328618	0.33459	0.321121	0.236023	0.263244	0.260472	0.302048	0.220522	0.314706	0.263244	0.193674	0.267986	0.350448	0.298731	0.371747	0.310578	0.320382	0.363526	0.267986	0.292803	0.25894	0.228436	0.267306	0.319362	0.295934	0.389695	0.300633	0.302048	0.358203	0.222116	0.370995	0.322807	0.252719	0.298181	0.244764	0.313462	0.314448	0.29569	0.284413	0.218206	0.355425	0.298181	0.309396	0.29246	0.30914	0.251053	0.244646	0.266418	0.246134	0.271035	0.246134	0.236023	0.290275	0.307343	0.188484	0.290942	0.284413	0.267306	0.300633	0.358203	0.317467	0.257679	0.300072	0.27026	0.286195	0.237642	0.295897	0.300072	0.30136	0.327137	0.287462	0.356418	0.302332	0.366347	0.310578	0.307343	0.238977	0.243104	0.363665	0.29161	0.298181	0.225633	0.282756	0.300633	0.350448	0.356266	0.328938	0.30644	0.336169	0.375341	0.297601	0.290275	0.255216	0.389695
92000	slope	-0.212447	-0.282649	-0.247629	-0.233155	-0.209141	-0.243204	-0.264458	-0.241038	-0.24818	-0.234412	-0.233097	-0.234766	-0.165269	-0.234858	-0.24327	-0.263493	-0.254179	-0.187875	-0.239825	-0.28349	-0.256214	-0.262469	-0.246076	-0.277909	-0.243405	-0.223432	-0.226044	-0.20792	-0.224129	-0.222104	-0.237668	-0.190255	-0.238573	-0.26401	-0.277913	-0.270237	-0.221857	-0.267226	-0.231925	-0.26937	-0.259953	-0.245826	-0.161243	-0.259243	-0.244081	-0.308122	-0.21853	-0.269255	-0.270445	-0.240935	-0.239167	-0.244097	-0.143915	-0.271135	-0.212668	-0.226996	-0.204955	-0.211602	-0.247032	-0.240835	-0.280649	-0.287965	-0.224467	-0.25412	-0.229134	-0.261403	-0.169928	-0.255849	-0.264424	-0.213534	-0.225841	-0.221326	-0.166753	-0.225051	-0.30407	-0.245933	-0.191646	-0.220311	-0.247906	-0.248745	-0.270816	-0.227182	-0.204138	-0.249443	-0.192028	-0.301684	-0.292017	-0.269405	-0.246251	-0.23748	-0.253261	-0.254689	-0.284071	-0.192028	-0.224151	-0.264829	-0.271779	-0.280167	-0.185247	-0.296273	-0.182299	-0.111058	-0.213369	-0.243458	-0.279622	-0.224613	-0.252286	-0.275072	-0.178354	-0.258177	-0.209406	-0.272776	-0.225942	-0.25944	-0.305459	-0.260803	-0.260378	-0.216985	-0.265247	-0.295402	-0.285956	-0.256295	-0.238121	-0.238464	-0.248053	-0.245109	-0.296162	-0.273188	-0.225939	-0.241443	-0.245533	-0.251858	-0.266676	-0.195915	-0.250215	-0.291785	-0.269815	-0.230457	-0.241847	-0.208879	-0.246379	-0.268474	-0.284764	-0.214624	-0.246173	-0.291307	-0.272617	-0.266518	-0.252299	-0.243163	-0.245271	-0.256948	-0.253261	-0.262277	-0.26391	-0.202282	-0.267647	-0.249159	-0.209879	-0.225208	-0.264003	-0.23792	-0.259101	-0.245699	-0.254801	-0.303334	-0.253123	-0.245445	-0.237738	-0.24294	-0.263719	-0.252689	-0.170548	-0.240713	-0.255313	-0.240886	-0.26522	-0.197292	-0.247172	-0.265458	-0.244742	-0.299049	-0.261343	-0.204506	-0.268825	-0.241833	-0.271176	-0.260999	-0.265113	-0.235347	-0.281959	-0.14191	-0.25543	-0.276815	-0.223732	-0.21773	-0.299075	-0.283949	-0.240397	-0.275951	-0.209141	-0.269423	-0.168035	-0.304623	-0.245047	-0.147545	-0.265287	-0.280649	-0.205878	-0.227485	-0.203941	-0.125804	-0.265287	-0.236854	-0.252741	-0.205878	-0.253853	-0.270173	-0.205878	-0.257088	-0.208393	-0.214063	-0.262885	-0.274793	-0.280649	-0.253116	-0.254562	-0.198749	-0.23868	-0.301684	-0.177909	-0.274003	-0.172761	-0.237798	-0.172761	-0.282602	-0.209314	-0.190001	-0.21403	-0.209365	-0.242558	-0.241511	-0.309568	-0.187103	-0.116457	-0.240397	-0.215678	-0.171898	-0.271599	-0.21896	-0.274003	-0.276317	-0.29963	-0.279342	-0.209141	-0.306335	-0.133245	-0.271081	-0.201762	-0.273233	-0.21896	-0.28854	-0.209358	-0.253853	-0.222346	-0.279058	-0.281322	-0.259848	-0.268702	-0.136295	-0.274003	-0.252386	-0.268564	-0.214847	-0.199019	-0.279821	-0.225797	-0.186449	-0.233057	-0.244288	-0.214083	-0.220284	-0.280489	-0.267788	-0.221946	-0.281632	-0.221965	-0.237798	-0.205878	-0.221924	-0.259507	-0.252386	-0.202766	-0.298049	-0.274003	-0.170548	-0.292605	-0.276546	-0.214083	-0.213289	-0.260999	-0.27572	-0.252741	-0.209141	-0.280649	-0.189091	-0.24327	-0.190024	-0.228003	-0.267536	-0.209899	-0.214847	-0.166753	-0.245047	-0.238464	-0.274003	-0.206104	-0.212081	-0.252741	-0.269423	-0.261964	-0.19796	-0.251672	-0.208641	-0.125773	-0.236854	-0.265246	-0.270254	-0.226527	-0.279342	-0.265638	-0.280649	-0.225797	-0.256979	-0.254355	-0.254355	-0.206605	-0.24327	-0.252386	-0.278572	-0.260054	-0.271626	-0.240511	-0.289742	-0.252503	-0.257661	-0.172761	-0.191646	-0.223414	-0.208531	-0.156655	-0.249563	-0.221246	-0.232787	-0.252503	-0.213507	-0.273747	-0.194779	-0.111058	-0.233057	-0.209899	-0.209358	-0.244288	-0.263225	-0.260573	-0.254292	-0.235116	-0.284753	-0.267591	-0.250153	-0.250153	-0.292975	-0.276317	-0.212081	-0.209358	-0.252386	-0.300471	-0.136295	-0.289742	-0.225797	-0.237798	-0.304623	-0.256979	-0.206605	-0.166753	-0.267494	-0.205957	-0.274493	-0.209141	-0.212081	-0.136222	-0.226527	-0.30648	-0.209358	-0.286728	-0.248379	-0.274003	-0.261523	-0.279626	-0.170371
92000	intercept	0.260188	0.316559	0.295078	0.289131	0.240605	0.314639	0.362734	0.294511	0.295798	0.306964	0.300241	0.279879	0.230936	0.319183	0.284478	0.313306	0.289605	0.282197	0.285163	0.369309	0.308143	0.312707	0.299643	0.329591	0.32058	0.290179	0.287044	0.281119	0.322734	0.30759	0.323326	0.252981	0.278297	0.300659	0.344058	0.323151	0.279462	0.322069	0.299666	0.339516	0.34883	0.29225	0.234475	0.326464	0.324464	0.357641	0.300501	0.300913	0.302846	0.316187	0.315693	0.300716	0.231456	0.342328	0.280521	0.274216	0.297394	0.264538	0.323499	0.308114	0.308031	0.36474	0.28493	0.321265	0.29783	0.316444	0.242706	0.326377	0.345549	0.285478	0.281721	0.291083	0.21878	0.290089	0.339457	0.297838	0.273949	0.290147	0.293699	0.347223	0.325883	0.268381	0.254918	0.290734	0.253128	0.377411	0.359104	0.357708	0.283962	0.331776	0.333135	0.314508	0.371117	0.254755	0.295331	0.317797	0.322772	0.322355	0.27063	0.317329	0.246576	0.24503	0.312477	0.28123	0.333871	0.273507	0.300517	0.34951	0.248958	0.312451	0.281575	0.351589	0.266388	0.351064	0.364434	0.316668	0.322871	0.291749	0.303893	0.319677	0.353309	0.30449	0.302617	0.298497	0.308261	0.324857	0.336495	0.339	0.267619	0.300229	0.318216	0.306671	0.336945	0.262414	0.274227	0.32611	0.336797	0.329848	0.309186	0.270236	0.313035	0.319651	0.358644	0.282786	0.305499	0.317058	0.304367	0.32527	0.279525	0.291243	0.324504	0.326189	0.333174	0.341583	0.286473	0.279787	0.320928	0.300647	0.295115	0.299699	0.330657	0.271051	0.310893	0.283307	0.281738	0.337813	0.340976	0.28569	0.312602	0.324509	0.326159	0.312005	0.228295	0.309095	0.327771	0.336333	0.347452	0.256676	0.310024	0.34089	0.289324	0.34017	0.321623	0.285559	0.291519	0.29951	0.335778	0.328953	0.310771	0.311533	0.33949	0.254404	0.285856	0.320155	0.298891	0.284725	0.361268	0.320404	0.32698	0.327536	0.251501	0.319052	0.243153	0.330471	0.273656	0.205328	0.329504	0.312719	0.312981	0.302603	0.265582	0.224368	0.319017	0.295978	0.281807	0.312981	0.306839	0.365444	0.321098	0.336972	0.250098	0.265604	0.337284	0.331318	0.310871	0.281807	0.264446	0.258361	0.344384	0.377411	0.263423	0.302319	0.24695	0.253162	0.252564	0.295304	0.305586	0.264179	0.290349	0.31931	0.27536	0.361306	0.391292	0.268745	0.201995	0.32698	0.244821	0.282556	0.331318	0.277877	0.302319	0.327794	0.331053	0.358604	0.25343	0.320256	0.228218	0.330706	0.258361	0.344246	0.277877	0.353833	0.253212	0.306839	0.285176	0.360102	0.354124	0.304118	0.337945	0.228218	0.307917	0.330291	0.325273	0.265604	0.322734	0.318772	0.263487	0.270177	0.256953	0.300754	0.282334	0.307012	0.304539	0.295304	0.256953	0.367387	0.291549	0.26889	0.309093	0.278025	0.334663	0.330291	0.264179	0.348232	0.302319	0.228295	0.33967	0.306522	0.282334	0.262602	0.328953	0.321794	0.281807	0.227338	0.310871	0.262602	0.282649	0.256881	0.27536	0.328742	0.298465	0.265604	0.223294	0.273656	0.308507	0.302319	0.319514	0.276155	0.281807	0.319052	0.295304	0.283766	0.296916	0.276944	0.203078	0.295978	0.323404	0.354471	0.283564	0.371405	0.37523	0.321794	0.263487	0.347714	0.329372	0.329372	0.254575	0.296916	0.339437	0.365175	0.327771	0.299588	0.346732	0.36624	0.353688	0.339071	0.252564	0.285478	0.249294	0.244836	0.241726	0.321287	0.283564	0.2595	0.353688	0.252664	0.310447	0.290244	0.244022	0.256953	0.298465	0.247889	0.286988	0.295304	0.291118	0.326817	0.310871	0.307715	0.299672	0.316736	0.316736	0.344535	0.327794	0.27855	0.244836	0.330291	0.357953	0.228218	0.36624	0.263487	0.273401	0.337706	0.347714	0.270591	0.21878	0.321794	0.250098	0.361727	0.251501	0.28633	0.222286	0.283564	0.33787	0.261289	0.344035	0.277045	0.302319	0.350061	0.337992	0.227569
93000	slope	-0.205904	-0.274452	-0.252672	-0.252203	-0.241083	-0.246782	-0.216602	-0.216679	-0.215331	-0.243841	-0.262944	-0.250542	-0.246613	-0.276761	-0.252434	-0.264114	-0.224379	-0.289927	-0.225961	-0.270178	-0.250093	-0.213235	-0.212815	-0.267888	-0.259365	-0.208953	-0.246851	-0.192028	-0.249903	-0.265789	-0.275546	-0.256	-0.287064	-0.193642	-0.27549	-0.223542	-0.277481	-0.248852	-0.247365	-0.254758	-0.25873	-0.270312	-0.226583	-0.273022	-0.240702	-0.198557	-0.245627	-0.252134	-0.224659	-0.274624	-0.270845	-0.258658	-0.269232	-0.257551	-0.277417	-0.285455	-0.277984	-0.296707	-0.276103	-0.26867	-0.217162	-0.260053	-0.273623	-0.279742	-0.239388	-0.215004	-0.271206	-0.278104	-0.223707	-0.251807	-0.315694	-0.210587	-0.26332	-0.240039	-0.267932	-0.269	-0.254379	-0.250884	-0.292518	-0.235418	-0.280473	-0.2579	-0.287733	-0.252211	-0.228095	-0.265582	-0.23344	-0.258513	-0.214564	-0.282136	-0.258311	-0.275287	-0.2506	-0.290172	-0.285214	-0.25913	-0.258422	-0.254112	-0.209527	-0.267222	-0.230502	-0.252777	-0.262596	-0.218885	-0.279654	-0.230304	-0.299734	-0.225661	-0.25279	-0.21855	-0.253595	-0.254624	-0.311217	-0.259338	-0.254286	-0.276034	-0.203379	-0.244844	-0.251146	-0.250398	-0.275465	-0.273234	-0.265518	-0.287287	-0.248114	-0.258775	-0.250162	-0.254553	-0.230914	-0.189484	-0.249903	-0.268887	-0.264077	-0.237405	-0.243896	-0.254379	-0.254383	-0.297163	-0.223539	-0.207132	-0.234443	-0.266336	-0.221037	-0.234472	-0.247037	-0.265083	-0.232405	-0.249131	-0.295337	-0.252559	-0.280149	-0.26389	-0.283254	-0.273718	-0.258134	-0.275697	-0.198557	-0.2506	-0.262923	-0.273532	-0.232196	-0.254934	-0.2808	-0.284128	-0.232037	-0.283917	-0.274209	-0.288085	-0.285218	-0.273092	-0.232941	-0.244248	-0.216755	-0.229769	-0.195323	-0.268006	-0.27685	-0.193183	-0.237175	-0.267266	-0.239427	-0.26099	-0.231328	-0.257498	-0.246292	-0.279612	-0.312672	-0.234378	-0.21778	-0.282165	-0.219763	-0.272373	-0.264609	-0.186074	-0.241302	-0.242373	-0.264553	-0.276696	-0.264199	-0.235849	-0.22859	-0.243865	-0.283796	-0.32397	-0.260039	-0.267222	-0.288277	-0.262523	-0.258113	-0.301952	-0.192028	-0.234443	-0.238673	-0.300134	-0.237405	-0.267324	-0.267324	-0.248885	-0.218373	-0.247081	-0.298486	-0.231111	-0.292463	-0.271892	-0.215537	-0.219622	-0.199934	-0.263617	-0.32397	-0.26096	-0.300134	-0.226398	-0.251597	-0.267158	-0.277909	-0.3032	-0.310203	-0.255885	-0.264815	-0.302438	-0.295337	-0.310943	-0.22467	-0.252251	-0.227573	-0.213259	-0.17587	-0.199625	-0.234087	-0.312803	-0.192156	-0.232519	-0.258113	-0.238377	-0.27126	-0.262944	-0.285477	-0.249903	-0.281701	-0.247887	-0.242975	-0.290596	-0.228095	-0.234585	-0.267932	-0.3032	-0.267324	-0.179405	-0.269727	-0.216602	-0.195226	-0.206607	-0.294659	-0.222895	-0.193642	-0.26096	-0.285477	-0.243127	-0.26096	-0.291807	-0.196834	-0.301369	-0.228095	-0.292872	-0.311175	-0.238255	-0.294144	-0.239866	-0.238255	-0.228095	-0.28136	-0.217766	-0.254857	-0.278785	-0.187539	-0.21789	-0.238255	-0.237405	-0.210568	-0.291807	-0.274684	-0.219042	-0.301952	-0.241584	-0.209527	-0.292872	-0.258756	-0.237476	-0.232519	-0.213259	-0.237476	-0.258205	-0.242465	-0.242465	-0.316757	-0.216602	-0.23831	-0.176284	-0.305427	-0.285477	-0.288277	-0.176284	-0.307598	-0.262034	-0.310943	-0.192028	-0.28905	-0.205777	-0.260829	-0.289938	-0.238255	-0.320797	-0.22389	-0.248885	-0.237405	-0.179405	-0.226273	-0.263772	-0.320797	-0.230993	-0.254379	-0.288277	-0.250162	-0.28905	-0.262034	-0.338469	-0.285204	-0.260039	-0.330517	-0.259091	-0.247887	-0.301952	-0.249903	-0.301952	-0.210568	-0.288671	-0.220163	-0.319167	-0.20102	-0.289977	-0.267324	-0.266189	-0.291157	-0.293786	-0.237476	-0.230911	-0.312506	-0.267324	-0.266288	-0.292463	-0.28905	-0.279584	-0.220336	-0.288186	-0.195865	-0.195865	-0.262944	-0.261137	-0.245127	-0.301952	-0.269789	-0.279584	-0.271187	-0.196834	-0.32308	-0.252497	-0.234443	-0.29302	-0.22842	-0.228095	-0.248885	-0.234443	-0.193642	-0.24186	-0.196834	-0.28905	-0.322778	-0.266598	-0.278484	-0.225535
93000	intercept	0.29627	0.299668	0.31352	0.298443	0.272544	0.317345	0.278348	0.288808	0.296863	0.3179	0.358962	0.298042	0.318059	0.320132	0.274431	0.341278	0.292035	0.343823	0.289553	0.341451	0.302663	0.243216	0.236858	0.290102	0.324031	0.230518	0.281365	0.237188	0.341301	0.355436	0.308865	0.274958	0.32748	0.258707	0.34171	0.286212	0.319022	0.297838	0.298892	0.321489	0.342193	0.310456	0.303735	0.353959	0.289788	0.279281	0.289674	0.272884	0.271756	0.316544	0.294698	0.319899	0.358962	0.344969	0.345232	0.307115	0.3321	0.360024	0.330211	0.308086	0.273768	0.307758	0.344167	0.318657	0.276356	0.279799	0.335996	0.319701	0.285045	0.2917	0.357382	0.273747	0.281391	0.306019	0.307407	0.305438	0.334995	0.30724	0.307845	0.288867	0.325785	0.365949	0.308808	0.324253	0.358323	0.321203	0.309001	0.30986	0.358323	0.366243	0.288811	0.353959	0.321054	0.353266	0.337405	0.283171	0.329744	0.302777	0.28497	0.356629	0.29296	0.293275	0.303793	0.276807	0.340456	0.298042	0.328311	0.261463	0.292742	0.293837	0.352728	0.31497	0.3574	0.34285	0.284753	0.355984	0.315769	0.308171	0.305245	0.31661	0.348356	0.334325	0.361056	0.331513	0.304451	0.287274	0.356645	0.344592	0.2941	0.247359	0.341301	0.338896	0.34623	0.296161	0.320651	0.334995	0.303447	0.33138	0.279655	0.290571	0.261941	0.362834	0.259014	0.346659	0.285526	0.357796	0.282996	0.323972	0.347287	0.311008	0.305016	0.319359	0.323334	0.306477	0.299958	0.314613	0.275103	0.317479	0.301975	0.355141	0.274647	0.350161	0.341597	0.352178	0.319122	0.345882	0.345049	0.354547	0.351505	0.330501	0.290698	0.314255	0.244261	0.31202	0.260077	0.290102	0.321359	0.279714	0.30316	0.301221	0.319492	0.302364	0.290466	0.321165	0.313401	0.319356	0.34078	0.288053	0.300829	0.348861	0.237314	0.340594	0.30383	0.258313	0.279875	0.303238	0.256428	0.333849	0.278116	0.28123	0.26109	0.34065	0.280456	0.364641	0.265164	0.350722	0.353959	0.346159	0.31589	0.378517	0.222301	0.236528	0.319151	0.324233	0.314163	0.302115	0.302115	0.291355	0.323145	0.34065	0.344782	0.302369	0.352218	0.332973	0.285872	0.261448	0.281801	0.321847	0.364641	0.358962	0.324233	0.266897	0.357491	0.323539	0.366705	0.379792	0.334778	0.295394	0.271637	0.341477	0.347287	0.342992	0.282339	0.33986	0.275466	0.309066	0.237188	0.2517	0.277885	0.336708	0.25925	0.288222	0.31589	0.34374	0.358433	0.358962	0.337211	0.341301	0.300916	0.347412	0.283147	0.361497	0.358323	0.358323	0.307407	0.379792	0.302115	0.237188	0.366705	0.278348	0.250403	0.231556	0.324233	0.291523	0.258707	0.358962	0.337211	0.352728	0.358962	0.360601	0.27028	0.32584	0.359131	0.316012	0.352218	0.270977	0.314055	0.35002	0.283146	0.358323	0.330014	0.288222	0.262929	0.370264	0.293517	0.288222	0.245105	0.314163	0.295528	0.360601	0.331764	0.257338	0.358143	0.358323	0.278888	0.316012	0.273267	0.277885	0.288222	0.309066	0.293154	0.306477	0.299581	0.299581	0.345688	0.278348	0.332973	0.258732	0.353959	0.337211	0.365667	0.258732	0.329483	0.33677	0.349274	0.237188	0.340082	0.224703	0.34374	0.353959	0.2841	0.359429	0.282339	0.291355	0.314163	0.237188	0.271344	0.295877	0.359429	0.295848	0.334995	0.353959	0.344763	0.332973	0.33677	0.364641	0.336802	0.265164	0.349928	0.296545	0.344763	0.364872	0.341301	0.364872	0.295528	0.360601	0.282339	0.347623	0.232106	0.361497	0.298697	0.316735	0.288457	0.382439	0.277885	0.295014	0.331797	0.302115	0.326052	0.352218	0.337211	0.338456	0.27981	0.32671	0.251701	0.25925	0.358962	0.365327	0.294865	0.378517	0.358962	0.326263	0.290102	0.264895	0.336708	0.31589	0.249245	0.314584	0.269721	0.358323	0.291355	0.249245	0.258707	0.265164	0.27028	0.332973	0.354563	0.331764	0.348426	0.302369
94000	slope	-0.265622	-0.247773	-0.269364	-0.238232	-0.239368	-0.254823	-0.258215	-0.264835	-0.270181	-0.192396	-0.196118	-0.233972	-0.238262	-0.260443	-0.271653	-0.259551	-0.21011	-0.258605	-0.28326	-0.276806	-0.263833	-0.254639	-0.258156	-0.28532	-0.26742	-0.260229	-0.21652	-0.156985	-0.263922	-0.231378	-0.221689	-0.234439	-0.287081	-0.19485	-0.149038	-0.270686	-0.274919	-0.246308	-0.221015	-0.249285	-0.253699	-0.253457	-0.232806	-0.25424	-0.252387	-0.269533	-0.265221	-0.281768	-0.232199	-0.202715	-0.202712	-0.232646	-0.240321	-0.21011	-0.233061	-0.260544	-0.261024	-0.272808	-0.220921	-0.291012	-0.219324	-0.264882	-0.299351	-0.271523	-0.256768	-0.274472	-0.238362	-0.257958	-0.251667	-0.246026	-0.246842	-0.270428	-0.272646	-0.185483	-0.245478	-0.281499	-0.267088	-0.242987	-0.230648	-0.230719	-0.263836	-0.249252	-0.227618	-0.255781	-0.28992	-0.200156	-0.240926	-0.25988	-0.254041	-0.246803	-0.289682	-0.265058	-0.241389	-0.232659	-0.252356	-0.302535	-0.21943	-0.285808	-0.20122	-0.261707	-0.24873	-0.241768	-0.21773	-0.225301	-0.221822	-0.229321	-0.220892	-0.268553	-0.225088	-0.274917	-0.240764	-0.245049	-0.223758	-0.281244	-0.269768	-0.25575	-0.270928	-0.243938	-0.229408	-0.284132	-0.26742	-0.247639	-0.22019	-0.272649	-0.205143	-0.234768	-0.305872	-0.224711	-0.214492	-0.221443	-0.245875	-0.228449	-0.259124	-0.280612	-0.24433	-0.240148	-0.248636	-0.250531	-0.261091	-0.213453	-0.228286	-0.241714	-0.235252	-0.221862	-0.257499	-0.220502	-0.248978	-0.233172	-0.246405	-0.254358	-0.233407	-0.21371	-0.260821	-0.270986	-0.288418	-0.226767	-0.240654	-0.233061	-0.205235	-0.213449	-0.212509	-0.255402	-0.273327	-0.256541	-0.216557	-0.268576	-0.22822	-0.265701	-0.175256	-0.273458	-0.271842	-0.263509	-0.25056	-0.261408	-0.254516	-0.322207	-0.252306	-0.235706	-0.274045	-0.286501	-0.284449	-0.28705	-0.260846	-0.261565	-0.22134	-0.273575	-0.237362	-0.272965	-0.221841	-0.237249	-0.272007	-0.266947	-0.261408	-0.276748	-0.238553	-0.235449	-0.237425	-0.247541	-0.23192	-0.296224	-0.211206	-0.253143	-0.230867	-0.228524	-0.256103	-0.237583	-0.286076	-0.202007	-0.22389	-0.227765	-0.22389	-0.263385	-0.250056	-0.246183	-0.256457	-0.190412	-0.26742	-0.191066	-0.321863	-0.300615	-0.222072	-0.236797	-0.224353	-0.273504	-0.257499	-0.219609	-0.275906	-0.22234	-0.275811	-0.224353	-0.272237	-0.274483	-0.216045	-0.22835	-0.207433	-0.293845	-0.279696	-0.238687	-0.22598	-0.257499	-0.225499	-0.275885	-0.211698	-0.26742	-0.275811	-0.283358	-0.283358	-0.138663	-0.233366	-0.231893	-0.214025	-0.219609	-0.258416	-0.218219	-0.183506	-0.187048	-0.282296	-0.256345	-0.261699	-0.214364	-0.281501	-0.266048	-0.25282	-0.231709	-0.252417	-0.236047	-0.240253	-0.189479	-0.22485	-0.280257	-0.26408	-0.256457	-0.237583	-0.263644	-0.227715	-0.266668	-0.229281	-0.214205	-0.283358	-0.327255	-0.299351	-0.209246	-0.211206	-0.262524	-0.270241	-0.275384	-0.226467	-0.250531	-0.236797	-0.300615	-0.241768	-0.27961	-0.215256	-0.227715	-0.237749	-0.236625	-0.256457	-0.257499	-0.231893	-0.248916	-0.24336	-0.264818	-0.284408	-0.22485	-0.277459	-0.264818	-0.272963	-0.235894	-0.263644	-0.295094	-0.26742	-0.230648	-0.227765	-0.227625	-0.272237	-0.237583	-0.299351	-0.275885	-0.22485	-0.254921	-0.163408	-0.26742	-0.237894	-0.29038	-0.311944	-0.222746	-0.284682	-0.227765	-0.168517	-0.233607	-0.26742	-0.240253	-0.242974	-0.280551	-0.258215	-0.194984	-0.257499	-0.232642	-0.237894	-0.253435	-0.295094	-0.204279	-0.230244	-0.298898	-0.293845	-0.200129	-0.292528	-0.236047	-0.321863	-0.273945	-0.311944	-0.233791	-0.184663	-0.256457	-0.221471	-0.235894	-0.257499	-0.254358	-0.25282	-0.263606	-0.314603	-0.28554	-0.2627	-0.242974	-0.295094	-0.258664	-0.241768	-0.270686	-0.242006	-0.248116	-0.264165	-0.261611	-0.215256	-0.268408	-0.269732	-0.269454	-0.215256	-0.237894	-0.222619	-0.279188	-0.22835	-0.24336	-0.275885	-0.262853	-0.253452	-0.281523	-0.296444	-0.26742	-0.252387	-0.264818	-0.22208	-0.229513	-0.204279	-0.252205	-0.28461	-0.190047	-0.258215	-0.266048	-0.255021	-0.262853
94000	intercept	0.309859	0.322476	0.352984	0.309656	0.311455	0.302193	0.311435	0.315619	0.346664	0.273454	0.251118	0.308098	0.355895	0.312941	0.331152	0.319386	0.271945	0.320635	0.333363	0.333725	0.323582	0.333262	0.323412	0.352604	0.334405	0.31337	0.310084	0.250359	0.323141	0.320054	0.335828	0.304667	0.365857	0.304215	0.221436	0.323821	0.311624	0.277897	0.319698	0.318982	0.314833	0.309668	0.303628	0.312876	0.329768	0.359442	0.321831	0.360598	0.335712	0.274763	0.28311	0.305207	0.319724	0.271831	0.33154	0.344033	0.321511	0.337323	0.28791	0.336765	0.269586	0.349632	0.319466	0.358562	0.357248	0.306075	0.335554	0.327811	0.33322	0.335723	0.295851	0.343686	0.315675	0.244706	0.332336	0.349922	0.357665	0.340368	0.304008	0.302717	0.352967	0.315535	0.303423	0.312159	0.329182	0.254372	0.341483	0.313788	0.331352	0.343541	0.330249	0.333094	0.307065	0.300916	0.33922	0.374541	0.261645	0.342077	0.335341	0.327064	0.334386	0.303572	0.29792	0.258952	0.325457	0.354095	0.306373	0.305763	0.271898	0.30047	0.322357	0.310947	0.299447	0.3333	0.329102	0.300443	0.316334	0.293795	0.29225	0.345518	0.323819	0.303173	0.269518	0.350436	0.270316	0.302485	0.335823	0.297653	0.327015	0.274337	0.293431	0.302817	0.325714	0.350858	0.311303	0.307381	0.322515	0.326691	0.294462	0.280893	0.317356	0.318933	0.303837	0.273191	0.350866	0.322823	0.321567	0.311362	0.316631	0.313568	0.310568	0.278878	0.310702	0.310849	0.35758	0.293044	0.316612	0.326719	0.257424	0.289639	0.278736	0.336205	0.310611	0.315723	0.309894	0.331081	0.318993	0.334222	0.260023	0.356531	0.307766	0.34089	0.326887	0.326139	0.308294	0.363689	0.309049	0.304892	0.323678	0.327963	0.315157	0.328583	0.321252	0.334957	0.321531	0.335	0.322968	0.316933	0.342048	0.367188	0.330313	0.33092	0.362574	0.338429	0.336913	0.288951	0.319993	0.327563	0.293372	0.345241	0.269518	0.338278	0.280234	0.285143	0.29209	0.320724	0.350858	0.268771	0.270955	0.332001	0.270955	0.319979	0.342269	0.293899	0.339325	0.301501	0.303601	0.231201	0.327702	0.375361	0.292742	0.314447	0.350769	0.331148	0.355164	0.283812	0.346449	0.316687	0.331854	0.333998	0.329314	0.335858	0.298451	0.375781	0.251144	0.357538	0.382655	0.303811	0.326842	0.367935	0.281808	0.329314	0.284002	0.325586	0.331854	0.302791	0.302791	0.21732	0.331924	0.284447	0.217015	0.283812	0.311123	0.270955	0.277711	0.237461	0.380896	0.307824	0.350685	0.296443	0.366838	0.363556	0.318325	0.315931	0.35495	0.317329	0.279995	0.289124	0.293899	0.333297	0.326918	0.339325	0.330319	0.355111	0.293899	0.297923	0.31661	0.319762	0.302791	0.346475	0.330318	0.277543	0.263535	0.304158	0.328773	0.282591	0.291284	0.326691	0.314601	0.375361	0.286137	0.326077	0.289116	0.293899	0.290561	0.303572	0.350552	0.367935	0.284447	0.330551	0.329811	0.378231	0.356057	0.293899	0.370339	0.378231	0.329314	0.28329	0.355111	0.365787	0.326001	0.295425	0.332001	0.328087	0.329823	0.320724	0.325818	0.329314	0.293899	0.330108	0.221436	0.339423	0.3043	0.338485	0.332796	0.285285	0.388507	0.332001	0.237059	0.343854	0.327702	0.290871	0.301933	0.334854	0.308328	0.282988	0.355164	0.301034	0.3043	0.313414	0.365787	0.297296	0.300809	0.327666	0.346064	0.302089	0.334818	0.309249	0.327702	0.318549	0.332796	0.284002	0.282988	0.339325	0.278496	0.28329	0.34512	0.313568	0.318325	0.338485	0.345828	0.333297	0.347237	0.301933	0.365787	0.323819	0.303572	0.320888	0.300177	0.296055	0.34714	0.336703	0.286683	0.313238	0.34714	0.363939	0.289116	0.3043	0.301757	0.323212	0.354095	0.329811	0.344691	0.329337	0.367935	0.284448	0.365787	0.327702	0.339619	0.383933	0.314601	0.296642	0.297296	0.319556	0.284448	0.277004	0.308328	0.363556	0.299676	0.329655
95000	slope	-0.260115	-0.262639	-0.264492	-0.260163	-0.25015	-0.250671	-0.225406	-0.24652	-0.255683	-0.265812	-0.224019	-0.271242	-0.225637	-0.224153	-0.086014	-0.250595	-0.205852	-0.256922	-0.280578	-0.272737	-0.220641	-0.233099	-0.256445	-0.265945	-0.244815	-0.261564	-0.257871	-0.268466	-0.237473	-0.237442	-0.24392	-0.249294	-0.222352	-0.235498	-0.189822	-0.247757	-0.257475	-0.241901	-0.278385	-0.23403	-0.294336	-0.242743	-0.231221	-0.259208	-0.288929	-0.227319	-0.194555	-0.238467	-0.256035	-0.228739	-0.24156	-0.259807	-0.219093	-0.226017	-0.260489	-0.260145	-0.238974	-0.23428	-0.251511	-0.215466	-0.260403	-0.222303	-0.248065	-0.27787	-0.28266	-0.282932	-0.223564	-0.238641	-0.255033	-0.258543	-0.256113	-0.272512	-0.247301	-0.248065	-0.253671	-0.281726	-0.251678	-0.271627	-0.275658	-0.286317	-0.254729	-0.256497	-0.273794	-0.275905	-0.246221	-0.2515	-0.245389	-0.269448	-0.234738	-0.234968	-0.255754	-0.253691	-0.250375	-0.256245	-0.248188	-0.262255	-0.228225	-0.248709	-0.260954	-0.233155	-0.2599	-0.238439	-0.257455	-0.221877	-0.256275	-0.264758	-0.236073	-0.240471	-0.28075	-0.261762	-0.245342	-0.246137	-0.232839	-0.210805	-0.266387	-0.23366	-0.19127	-0.255033	-0.303725	-0.248065	-0.219278	-0.249926	-0.245331	-0.252132	-0.231517	-0.220818	-0.265014	-0.276535	-0.246244	-0.260731	-0.2469	-0.268048	-0.248213	-0.282025	-0.114443	-0.235333	-0.239273	-0.254013	-0.262944	-0.218665	-0.308431	-0.271006	-0.289724	-0.239614	-0.220537	-0.260745	-0.268598	-0.242958	-0.235108	-0.23852	-0.227292	-0.257944	-0.250832	-0.238539	-0.281214	-0.257599	-0.217654	-0.255447	-0.287104	-0.221605	-0.261827	-0.276127	-0.238125	-0.257337	-0.256768	-0.263279	-0.252604	-0.257634	-0.253439	-0.264752	-0.230581	-0.24083	-0.258881	-0.217608	-0.269628	-0.25009	-0.238169	-0.230533	-0.227116	-0.260206	-0.212671	-0.271097	-0.294816	-0.261758	-0.259097	-0.262073	-0.276748	-0.26341	-0.23643	-0.252306	-0.24032	-0.244908	-0.226335	-0.252743	-0.268233	-0.270311	-0.279024	-0.250981	-0.200994	-0.255362	-0.28373	-0.248428	-0.243846	-0.308222	-0.285131	-0.245918	-0.245084	-0.250736	-0.304617	-0.238705	-0.217654	-0.247107	-0.287288	-0.242432	-0.288105	-0.254253	-0.231221	-0.28234	-0.269605	-0.242169	-0.184229	-0.265491	-0.242781	-0.191997	-0.273064	-0.255673	-0.261595	-0.282306	-0.238705	-0.252475	-0.206965	-0.241342	-0.25789	-0.22109	-0.272338	-0.255033	-0.242432	-0.304617	-0.196809	-0.253747	-0.200665	-0.265093	-0.185014	-0.268338	-0.222352	-0.299295	-0.231221	-0.271444	-0.261172	-0.259409	-0.206965	-0.241342	-0.287288	-0.181406	-0.259395	-0.28075	-0.243846	-0.248065	-0.190603	-0.230664	-0.241901	-0.256416	-0.261595	-0.272737	-0.285523	-0.226537	-0.270883	-0.276852	-0.248978	-0.231517	-0.086014	-0.284602	-0.25601	-0.206965	-0.310828	-0.276816	-0.242419	-0.259409	-0.255595	-0.267747	-0.214036	-0.241073	-0.22669	-0.288373	-0.259409	-0.261595	-0.248065	-0.256125	-0.248754	-0.252491	-0.236687	-0.24452	-0.240194	-0.288178	-0.267278	-0.240194	-0.249975	-0.285633	-0.237605	-0.247796	-0.265236	-0.242169	-0.247397	-0.256416	-0.231221	-0.233053	-0.231221	-0.234624	-0.196809	-0.267118	-0.24578	-0.284602	-0.282306	-0.241305	-0.242419	-0.242169	-0.25606	-0.257602	-0.2347	-0.214036	-0.196809	-0.222352	-0.22669	-0.233435	-0.205989	-0.243484	-0.2515	-0.238125	-0.272473	-0.241342	-0.217654	-0.242781	-0.280153	-0.2347	-0.242169	-0.216459	-0.253671	-0.265014	-0.241342	-0.206577	-0.240194	-0.299684	-0.195587	-0.230704	-0.248978	-0.242169	-0.245775	-0.288373	-0.248065	-0.22109	-0.264581	-0.260851	-0.26339	-0.3078	-0.222352	-0.270113	-0.20413	-0.263641	-0.277859	-0.323384	-0.247796	-0.274429	-0.255033	-0.22858	-0.247334	-0.270129	-0.28498	-0.262154	-0.235234	-0.245918	-0.226323	-0.28373	-0.247107	-0.270113	-0.299001	-0.242419	-0.221031	-0.284389	-0.299295	-0.261595	-0.2515	-0.18457	-0.26651	-0.238329	-0.286075	-0.250649	-0.226757	-0.245787	-0.261595	-0.316277	-0.250649	-0.261595	-0.28234	-0.25601	-0.238705	-0.236809	-0.245787	-0.242169	-0.233402	-0.184229
95000	intercept	0.316378	0.329299	0.3001	0.309257	0.299328	0.314728	0.296877	0.336848	0.268445	0.274917	0.288726	0.29045	0.302049	0.313537	0.21549	0.312303	0.28465	0.31451	0.334125	0.333363	0.276073	0.317991	0.308179	0.328026	0.333361	0.318467	0.280729	0.324176	0.311517	0.292396	0.309498	0.335896	0.342172	0.332038	0.281434	0.317595	0.291407	0.335646	0.361412	0.288083	0.310378	0.348381	0.291223	0.29696	0.372116	0.323161	0.313758	0.290014	0.326142	0.28106	0.276722	0.326972	0.286362	0.301691	0.315293	0.33747	0.292679	0.302382	0.34911	0.309008	0.325241	0.306436	0.288409	0.32283	0.326388	0.337752	0.26769	0.301775	0.305524	0.310332	0.327203	0.327519	0.303217	0.279584	0.306403	0.321808	0.316611	0.294363	0.327276	0.330447	0.33271	0.330999	0.310078	0.338659	0.299229	0.289651	0.291113	0.353962	0.276613	0.265345	0.332593	0.299716	0.280511	0.295007	0.332744	0.314891	0.320092	0.352074	0.316596	0.312601	0.337551	0.310713	0.292047	0.287368	0.269585	0.300981	0.275013	0.276722	0.349979	0.308209	0.305745	0.291622	0.325284	0.278714	0.331902	0.320074	0.257831	0.305524	0.355269	0.283385	0.342172	0.306228	0.337313	0.304011	0.317445	0.299424	0.362278	0.351747	0.315632	0.290958	0.306183	0.333556	0.332604	0.352449	0.224359	0.297608	0.292094	0.301527	0.319979	0.336891	0.35462	0.335965	0.341128	0.272352	0.32505	0.309052	0.302198	0.283352	0.284541	0.301801	0.306658	0.333357	0.309043	0.298175	0.351306	0.336669	0.317762	0.339754	0.339374	0.324762	0.315713	0.356643	0.312237	0.288701	0.308237	0.32323	0.311883	0.304497	0.336518	0.31631	0.283917	0.319153	0.314916	0.314838	0.31251	0.271696	0.283734	0.299274	0.320197	0.311171	0.274645	0.315615	0.290308	0.317769	0.301906	0.326101	0.318238	0.342901	0.322811	0.306183	0.318957	0.289966	0.30647	0.324545	0.328583	0.307315	0.3279	0.315018	0.292251	0.295611	0.30189	0.289434	0.29381	0.345285	0.346896	0.312978	0.280358	0.282456	0.362629	0.290378	0.317762	0.266428	0.365887	0.320486	0.312001	0.29381	0.280925	0.35676	0.332909	0.29079	0.268364	0.329362	0.320206	0.30391	0.332909	0.30703	0.319232	0.33511	0.290378	0.285762	0.299944	0.328176	0.262188	0.305982	0.332909	0.297823	0.320486	0.364447	0.302558	0.30703	0.290478	0.307048	0.305038	0.345884	0.344712	0.31423	0.27965	0.342842	0.269763	0.323452	0.263023	0.328176	0.365887	0.275215	0.317221	0.347879	0.300451	0.288409	0.276857	0.305591	0.335646	0.303829	0.319232	0.316791	0.375404	0.301406	0.338528	0.332909	0.277269	0.317445	0.21549	0.352726	0.298232	0.287884	0.335147	0.31423	0.285264	0.327424	0.313135	0.312965	0.308727	0.319253	0.264262	0.282689	0.360232	0.326725	0.288409	0.281129	0.284741	0.31423	0.272024	0.318944	0.298023	0.299599	0.296131	0.298023	0.276325	0.330447	0.280678	0.306228	0.285505	0.309549	0.285562	0.311023	0.280925	0.309463	0.280925	0.266428	0.302558	0.320245	0.294186	0.35621	0.33511	0.318282	0.285264	0.309549	0.345061	0.288409	0.278201	0.308727	0.302558	0.317445	0.264262	0.309739	0.358051	0.254372	0.304204	0.312237	0.309539	0.328176	0.317762	0.320206	0.368026	0.278201	0.309549	0.274986	0.306403	0.362278	0.328176	0.276857	0.298023	0.351224	0.289653	0.329668	0.277269	0.309549	0.345553	0.282689	0.288409	0.301437	0.340363	0.329847	0.283865	0.362381	0.344712	0.30683	0.299944	0.31423	0.375509	0.362629	0.306228	0.366065	0.320778	0.274987	0.307358	0.315404	0.385282	0.323814	0.302983	0.312978	0.278561	0.30843	0.266428	0.326529	0.326529	0.285264	0.289434	0.346896	0.31423	0.325533	0.289651	0.305038	0.340069	0.305524	0.373753	0.306942	0.336256	0.291155	0.320245	0.39501	0.306228	0.320245	0.371035	0.302983	0.291841	0.259526	0.291155	0.299565	0.264522	0.280096
96000	slope	-0.292536	-0.242173	-0.259083	-0.259534	-0.245276	-0.262076	-0.265127	-0.242813	-0.229579	-0.232699	-0.235474	-0.258061	-0.267232	-0.236203	-0.266726	-0.254445	-0.246225	-0.260959	-0.260969	-0.209749	-0.224517	-0.302934	-0.232602	-0.239353	-0.23734	-0.254349	-0.209962	-0.245208	-0.214297	-0.25261	-0.239508	-0.23863	-0.233818	-0.270618	-0.240111	-0.24151	-0.241051	-0.235655	-0.244116	-0.226839	-0.26801	-0.249461	-0.196438	-0.246937	-0.282996	-0.244199	-0.276375	-0.243917	-0.286023	-0.219434	-0.229508	-0.254672	-0.215061	-0.23615	-0.208596	-0.242696	-0.217689	-0.240969	-0.269387	-0.262095	-0.276482	-0.247351	-0.247421	-0.253071	-0.24483	-0.235306	-0.253611	-0.240706	-0.213997	-0.208682	-0.249698	-0.222526	-0.22198	-0.236532	-0.227288	-0.240252	-0.231834	-0.254694	-0.268887	-0.249125	-0.287234	-0.196516	-0.240251	-0.266538	-0.227669	-0.231887	-0.249727	-0.210583	-0.269923	-0.249349	-0.249963	-0.2144	-0.219472	-0.21834	-0.252132	-0.21812	-0.225683	-0.23426	-0.260264	-0.257532	-0.247528	-0.237673	-0.264588	-0.254413	-0.236856	-0.245525	-0.241075	-0.255265	-0.258559	-0.234017	-0.24734	-0.225377	-0.273042	-0.224598	-0.263386	-0.227553	-0.232883	-0.281998	-0.230211	-0.256772	-0.266744	-0.245278	-0.249353	-0.248873	-0.220032	-0.208881	-0.263055	-0.250144	-0.265806	-0.233012	-0.241607	-0.237341	-0.243464	-0.268032	-0.208034	-0.232473	-0.214167	-0.273258	-0.251596	-0.250589	-0.261973	-0.234512	-0.191561	-0.248873	-0.2779	-0.266461	-0.240955	-0.242611	-0.23748	-0.261566	-0.283436	-0.248078	-0.216381	-0.248914	-0.20047	-0.278265	-0.253279	-0.256057	-0.269248	-0.244098	-0.234323	-0.249743	-0.241451	-0.223897	-0.26018	-0.209959	-0.250058	-0.218908	-0.248347	-0.240153	-0.223783	-0.276658	-0.302472	-0.255074	-0.255378	-0.248716	-0.258357	-0.23675	-0.255693	-0.274761	-0.258047	-0.242238	-0.218558	-0.26559	-0.249772	-0.245861	-0.23867	-0.246384	-0.254872	-0.25725	-0.262513	-0.249746	-0.247127	-0.303039	-0.236357	-0.241884	-0.28004	-0.226967	-0.228738	-0.221244	-0.220199	-0.231871	-0.260969	-0.232384	-0.240997	-0.239071	-0.271899	-0.240997	-0.257176	-0.241621	-0.250827	-0.21409	-0.234313	-0.272609	-0.280029	-0.255673	-0.215724	-0.228418	-0.220485	-0.262759	-0.231871	-0.243698	-0.258268	-0.199601	-0.291263	-0.26023	-0.234259	-0.166581	-0.250827	-0.201314	-0.254778	-0.213923	-0.25381	-0.262157	-0.306307	-0.239917	-0.250058	-0.212263	-0.234979	-0.279002	-0.251765	-0.250087	-0.250523	-0.257835	-0.281739	-0.260969	-0.226008	-0.176322	-0.238789	-0.242173	-0.266765	-0.281995	-0.262759	-0.206521	-0.220199	-0.253766	-0.234259	-0.233147	-0.240997	-0.250827	-0.196436	-0.272609	-0.238789	-0.265826	-0.215426	-0.291992	-0.224267	-0.214468	-0.286973	-0.208604	-0.214972	-0.22645	-0.231473	-0.248873	-0.23246	-0.23104	-0.248714	-0.23219	-0.239917	-0.22329	-0.232384	-0.244252	-0.251643	-0.302934	-0.213136	-0.327214	-0.229749	-0.215724	-0.239917	-0.244868	-0.201314	-0.302165	-0.221776	-0.250523	-0.250058	-0.263773	-0.24927	-0.181474	-0.239071	-0.25859	-0.277854	-0.258349	-0.212273	-0.263336	-0.224661	-0.240997	-0.256424	-0.204524	-0.255756	-0.327214	-0.23219	-0.23246	-0.213993	-0.201314	-0.249125	-0.239917	-0.248873	-0.202745	-0.250523	-0.22845	-0.273835	-0.206521	-0.25364	-0.261689	-0.239191	-0.263131	-0.250523	-0.249743	-0.21224	-0.250827	-0.22645	-0.224598	-0.250595	-0.241926	-0.2779	-0.277428	-0.251031	-0.212263	-0.222395	-0.275026	-0.250523	-0.262658	-0.264807	-0.253071	-0.247929	-0.23219	-0.253979	-0.231871	-0.20876	-0.200373	-0.215724	-0.238789	-0.228889	-0.329703	-0.256424	-0.21224	-0.250595	-0.244489	-0.23292	-0.228307	-0.225625	-0.236132	-0.255756	-0.253867	-0.190938	-0.220252	-0.212263	-0.225625	-0.188883	-0.233147	-0.248873	-0.257145	-0.286023	-0.249027	-0.250523	-0.239946	-0.239917	-0.215176	-0.251765	-0.261857	-0.220485	-0.240997	-0.226008	-0.220199	-0.253413	-0.260969	-0.306307	-0.281869	-0.23104	-0.243306	-0.21224	-0.208604	-0.248873	-0.26023	-0.243677	-0.23505	-0.168643	-0.247482	-0.269211	-0.240596
96000	intercept	0.318065	0.290378	0.304214	0.346154	0.317101	0.335357	0.316262	0.291609	0.303526	0.301074	0.315009	0.337341	0.336375	0.297351	0.31868	0.261547	0.322352	0.30587	0.320586	0.296491	0.300015	0.340635	0.282787	0.29555	0.30378	0.344347	0.327505	0.290792	0.280874	0.295766	0.295664	0.322177	0.305365	0.348671	0.287043	0.303527	0.33259	0.334719	0.283576	0.288107	0.32429	0.297202	0.291825	0.306621	0.288063	0.292075	0.314708	0.299205	0.296456	0.304598	0.273368	0.30855	0.305827	0.289841	0.297744	0.308232	0.292453	0.307593	0.299855	0.302032	0.333623	0.29575	0.3035	0.319744	0.274815	0.31846	0.305253	0.300682	0.304885	0.275012	0.321982	0.29277	0.271252	0.297096	0.311259	0.296094	0.280528	0.352579	0.30283	0.280713	0.31646	0.304494	0.304531	0.352665	0.30081	0.281764	0.30633	0.307568	0.301541	0.303859	0.31892	0.267671	0.311278	0.282842	0.321234	0.32139	0.307327	0.322452	0.32115	0.308903	0.303412	0.281645	0.315521	0.325736	0.309733	0.301759	0.299044	0.31047	0.308067	0.291873	0.315683	0.303192	0.306409	0.310055	0.338514	0.307035	0.31112	0.334963	0.301768	0.294113	0.298974	0.329107	0.326826	0.304599	0.30028	0.28808	0.315493	0.29719	0.289692	0.307874	0.303905	0.318441	0.301222	0.334252	0.282126	0.275115	0.286748	0.309525	0.318942	0.317149	0.328047	0.290479	0.273443	0.282356	0.373605	0.313036	0.314785	0.322479	0.315305	0.329996	0.308114	0.309046	0.312778	0.286515	0.288883	0.306004	0.32628	0.332504	0.334988	0.288552	0.298936	0.269297	0.281046	0.295139	0.315412	0.293787	0.320083	0.280673	0.301272	0.332462	0.303833	0.326242	0.32481	0.311967	0.334145	0.329591	0.321597	0.300077	0.316745	0.294019	0.298612	0.276765	0.29043	0.301041	0.327808	0.313978	0.281593	0.301369	0.302957	0.302509	0.312706	0.299741	0.301814	0.371955	0.283054	0.303339	0.338474	0.294445	0.300955	0.291166	0.30955	0.284664	0.320586	0.294355	0.323248	0.296391	0.326613	0.331081	0.319744	0.331081	0.292636	0.288883	0.255517	0.311299	0.311206	0.343472	0.28524	0.30801	0.287423	0.291912	0.284664	0.318704	0.303679	0.274279	0.306004	0.34173	0.302493	0.314634	0.292636	0.279443	0.278283	0.313732	0.381499	0.323765	0.32481	0.280334	0.320083	0.26966	0.290278	0.339136	0.340375	0.30219	0.348692	0.275973	0.339136	0.320586	0.295664	0.299582	0.308048	0.290378	0.307087	0.324079	0.299665	0.274562	0.300616	0.294675	0.302493	0.314466	0.331081	0.292636	0.29191	0.290187	0.303164	0.302404	0.286313	0.306384	0.303959	0.286569	0.359328	0.294033	0.286049	0.294355	0.267987	0.295568	0.277232	0.269118	0.320722	0.33149	0.285327	0.300616	0.305153	0.281765	0.305172	0.356361	0.314393	0.356677	0.320679	0.28524	0.285327	0.331145	0.279443	0.356361	0.311784	0.348692	0.320083	0.309054	0.274237	0.279983	0.296391	0.355395	0.30608	0.314939	0.294355	0.323738	0.298933	0.311271	0.289767	0.287423	0.328802	0.356677	0.33149	0.277232	0.286049	0.279443	0.280713	0.285327	0.295273	0.295877	0.348692	0.292448	0.30805	0.274562	0.311077	0.307087	0.312522	0.292596	0.34185	0.269297	0.262103	0.292636	0.294355	0.304238	0.31236	0.306874	0.347048	0.288063	0.292681	0.262103	0.289647	0.332934	0.328544	0.34173	0.346964	0.319744	0.288153	0.33149	0.306925	0.274402	0.255991	0.330688	0.28524	0.308048	0.333005	0.364122	0.289767	0.262103	0.312461	0.323677	0.286637	0.272304	0.279272	0.303871	0.331729	0.314607	0.317383	0.275557	0.262103	0.281399	0.255009	0.314466	0.293372	0.312696	0.296456	0.34173	0.34185	0.275327	0.271986	0.275407	0.347539	0.283819	0.287423	0.305172	0.299673	0.300616	0.297216	0.320586	0.338486	0.30477	0.269118	0.29575	0.281754	0.294033	0.307877	0.340556	0.301171	0.243931	0.314634	0.248879	0.288063	0.308048
97000	slope	-0.214045	-0.217428	-0.222277	-0.30284	-0.230126	-0.222059	-0.212874	-0.195809	-0.259796	-0.212872	-0.221275	-0.206666	-0.219989	-0.230742	-0.249757	-0.241769	-0.270008	-0.205563	-0.206124	-0.246624	-0.227281	-0.220221	-0.21263	-0.280467	-0.21598	-0.240462	-0.268675	-0.243245	-0.264257	-0.209441	-0.205033	-0.215279	-0.232763	-0.266949	-0.223419	-0.208953	-0.226525	-0.210329	-0.250044	-0.2141	-0.206124	-0.22088	-0.187377	-0.321612	-0.219624	-0.221241	-0.217186	-0.162427	-0.238993	-0.213473	-0.291692	-0.220423	-0.218729	-0.238313	-0.235228	-0.209385	-0.232935	-0.235447	-0.210188	-0.216441	-0.190214	-0.206421	-0.243935	-0.235996	-0.220955	-0.232497	-0.224256	-0.236432	-0.264083	-0.211512	-0.214501	-0.235822	-0.203491	-0.215226	-0.244799	-0.202165	-0.212984	-0.233873	-0.210058	-0.256445	-0.215042	-0.24022	-0.273704	-0.224802	-0.256865	-0.222608	-0.215489	-0.207371	-0.218563	-0.18914	-0.212487	-0.21237	-0.220123	-0.210682	-0.21699	-0.222127	-0.237824	-0.205823	-0.221917	-0.263614	-0.202509	-0.250817	-0.209351	-0.204654	-0.239624	-0.205077	-0.249755	-0.19662	-0.203932	-0.223015	-0.220249	-0.22257	-0.217293	-0.208036	-0.204399	-0.223875	-0.228483	-0.218006	-0.181226	-0.254315	-0.267346	-0.223453	-0.267527	-0.207536	-0.205681	-0.253435	-0.224226	-0.249441	-0.221734	-0.251749	-0.235108	-0.247784	-0.237966	-0.204174	-0.225636	-0.220918	-0.247966	-0.229588	-0.246414	-0.216274	-0.289664	-0.251114	-0.224389	-0.19476	-0.237326	-0.245943	-0.212153	-0.22856	-0.221083	-0.291527	-0.245248	-0.220105	-0.235038	-0.230467	-0.31139	-0.21689	-0.229423	-0.211289	-0.235102	-0.204569	-0.229004	-0.252843	-0.246417	-0.176835	-0.207672	-0.226884	-0.235108	-0.236615	-0.244983	-0.222277	-0.206491	-0.234246	-0.243839	-0.217334	-0.240843	-0.246733	-0.21957	-0.22034	-0.20543	-0.222496	-0.220662	-0.244553	-0.24082	-0.259574	-0.219271	-0.198073	-0.233437	-0.209036	-0.240814	-0.212218	-0.234744	-0.261073	-0.209923	-0.230598	-0.218318	-0.191211	-0.235178	-0.219624	-0.229447	-0.229556	-0.215924	-0.236645	-0.237942	-0.162427	-0.227527	-0.202956	-0.268675	-0.236645	-0.257392	-0.258759	-0.241118	-0.224446	-0.204619	-0.24017	-0.259848	-0.259848	-0.230771	-0.221067	-0.250646	-0.210953	-0.221134	-0.274838	-0.206124	-0.253648	-0.209505	-0.232854	-0.194793	-0.28308	-0.28308	-0.246107	-0.336948	-0.217529	-0.193637	-0.210043	-0.268321	-0.215924	-0.208994	-0.244303	-0.224237	-0.268675	-0.235481	-0.242075	-0.20217	-0.22379	-0.204195	-0.241889	-0.2576	-0.237334	-0.226581	-0.280459	-0.330345	-0.229336	-0.251598	-0.209505	-0.241123	-0.219782	-0.182408	-0.216348	-0.259366	-0.232854	-0.231483	-0.209423	-0.226267	-0.222253	-0.33693	-0.205522	-0.202752	-0.233482	-0.224237	-0.224269	-0.197005	-0.265172	-0.209385	-0.244665	-0.231124	-0.221339	-0.224511	-0.162427	-0.215042	-0.217158	-0.226905	-0.280904	-0.231483	-0.215659	-0.259366	-0.241847	-0.198448	-0.216309	-0.198574	-0.20943	-0.32326	-0.200857	-0.27897	-0.237586	-0.241889	-0.26898	-0.249091	-0.207324	-0.230176	-0.258391	-0.224373	-0.21406	-0.236645	-0.207931	-0.277852	-0.219353	-0.253243	-0.239232	-0.239535	-0.243368	-0.259574	-0.259574	-0.274838	-0.2132	-0.206124	-0.224511	-0.204399	-0.237638	-0.21211	-0.240393	-0.213798	-0.228266	-0.230928	-0.259848	-0.259574	-0.246327	-0.233482	-0.190824	-0.204093	-0.22379	-0.188218	-0.197838	-0.215659	-0.250712	-0.18914	-0.227004	-0.184136	-0.189511	-0.145361	-0.220106	-0.209385	-0.241889	-0.2217	-0.244665	-0.24022	-0.230928	-0.202956	-0.2576	-0.236535	-0.246256	-0.25481	-0.204093	-0.234737	-0.205522	-0.214881	-0.239597	-0.183441	-0.232854	-0.218087	-0.220802	-0.227004	-0.321612	-0.190824	-0.222253	-0.189778	-0.219355	-0.248385	-0.270479	-0.178631	-0.203456	-0.239035	-0.204195	-0.16574	-0.259574	-0.259848	-0.186996	-0.321612	-0.251598	-0.240878	-0.262185	-0.237942	-0.237586	-0.22379	-0.215659	-0.217529	-0.204195	-0.233621	-0.189511	-0.22445	-0.207455	-0.277852	-0.259848	-0.206124	-0.209385	-0.237586	-0.229123	-0.336977	-0.203744	-0.244665	-0.203456
97000	intercept	0.287904	0.279821	0.287913	0.324823	0.303608	0.277394	0.27945	0.283728	0.297135	0.308855	0.292785	0.301784	0.303541	0.283636	0.316867	0.294097	0.340348	0.26578	0.279427	0.274104	0.280801	0.316361	0.29803	0.326012	0.279714	0.304097	0.310646	0.298067	0.313711	0.302696	0.295628	0.296339	0.289047	0.325929	0.304908	0.29207	0.308759	0.284825	0.314536	0.291356	0.270556	0.312068	0.29542	0.371298	0.308257	0.291886	0.277767	0.26175	0.289083	0.312566	0.318773	0.302866	0.269648	0.281448	0.305636	0.309471	0.286474	0.282588	0.318594	0.277482	0.282533	0.287492	0.319884	0.294602	0.319333	0.281452	0.29115	0.327163	0.345283	0.291401	0.306827	0.279088	0.294122	0.309471	0.306389	0.314375	0.302881	0.283145	0.272822	0.288746	0.295099	0.283202	0.322108	0.288271	0.313485	0.277773	0.287694	0.273358	0.273194	0.311198	0.287386	0.278418	0.292778	0.303166	0.290161	0.28575	0.296215	0.270556	0.295991	0.334933	0.276991	0.302812	0.274283	0.280874	0.290552	0.289371	0.318737	0.295333	0.273119	0.311981	0.28479	0.297097	0.268756	0.310333	0.259477	0.279759	0.27838	0.28575	0.289245	0.293957	0.325471	0.292064	0.287702	0.299095	0.298156	0.305348	0.272273	0.282117	0.291888	0.298438	0.289091	0.309524	0.280992	0.309471	0.290541	0.291617	0.302301	0.302356	0.299758	0.294233	0.338375	0.292074	0.290064	0.290636	0.271616	0.319514	0.28422	0.304576	0.279502	0.322056	0.289153	0.304728	0.294033	0.279757	0.345819	0.313166	0.286877	0.282276	0.282091	0.31932	0.29983	0.315627	0.326359	0.297689	0.298794	0.272924	0.297806	0.307624	0.314841	0.273923	0.292013	0.285089	0.271636	0.30843	0.275833	0.273731	0.29406	0.294585	0.293993	0.310185	0.293518	0.30351	0.291686	0.327697	0.292795	0.268344	0.290544	0.267822	0.308472	0.292409	0.271636	0.337312	0.312792	0.258709	0.272396	0.292675	0.289653	0.296291	0.303723	0.295096	0.318369	0.291885	0.279153	0.272188	0.289191	0.312418	0.310646	0.291885	0.300162	0.34545	0.28765	0.326359	0.293339	0.293197	0.282407	0.282407	0.293733	0.31663	0.28448	0.284747	0.280666	0.285705	0.270556	0.283503	0.309471	0.306117	0.324725	0.332499	0.310398	0.298388	0.356866	0.282247	0.3087	0.289839	0.27228	0.326115	0.284035	0.28967	0.315728	0.310646	0.325499	0.297162	0.25974	0.276005	0.290623	0.335636	0.275513	0.305505	0.305211	0.302049	0.356866	0.281764	0.345407	0.309471	0.288106	0.284579	0.270714	0.290745	0.32401	0.289699	0.296093	0.295151	0.27875	0.282292	0.336771	0.270556	0.281644	0.308063	0.315728	0.282292	0.277317	0.280338	0.309471	0.29934	0.283202	0.317834	0.280666	0.272188	0.29847	0.284304	0.329486	0.305524	0.296093	0.292601	0.32401	0.287628	0.25974	0.276436	0.263065	0.278615	0.359088	0.317689	0.332214	0.314666	0.319408	0.308496	0.281764	0.299095	0.26043	0.349983	0.280558	0.280616	0.291885	0.318594	0.328823	0.287534	0.33104	0.28486	0.307309	0.263683	0.322681	0.340525	0.285705	0.276916	0.270556	0.29557	0.2736	0.290745	0.239399	0.291469	0.296905	0.313166	0.326359	0.283801	0.328823	0.282619	0.301186	0.307652	0.292201	0.278196	0.278533	0.349712	0.292601	0.257013	0.320653	0.256509	0.25974	0.297368	0.282959	0.313166	0.293339	0.319884	0.290745	0.29934	0.283202	0.326359	0.312418	0.275513	0.282619	0.314666	0.305592	0.311895	0.306821	0.270556	0.284312	0.297097	0.285386	0.289699	0.290884	0.301521	0.256509	0.371298	0.308138	0.282292	0.27056	0.256525	0.257013	0.28171	0.257707	0.281644	0.291469	0.282705	0.297368	0.340525	0.282407	0.302865	0.371298	0.338272	0.280687	0.27228	0.282619	0.315822	0.304563	0.292601	0.26281	0.290623	0.309845	0.297368	0.31308	0.298395	0.328823	0.27849	0.269921	0.293339	0.314666	0.282103	0.356019	0.297082	0.281444	0.281644
98000	slope	-0.223366	-0.198177	-0.194184	-0.241564	-0.228079	-0.270027	-0.196681	-0.23925	-0.248535	-0.254901	-0.232309	-0.241306	-0.204484	-0.238847	-0.216373	-0.242034	-0.237664	-0.202955	-0.225262	-0.244489	-0.242159	-0.233554	-0.254866	-0.262003	-0.230644	-0.217101	-0.271958	-0.222051	-0.219633	-0.246306	-0.260532	-0.245183	-0.256549	-0.244317	-0.210735	-0.267432	-0.255867	-0.23828	-0.245279	-0.234219	-0.235095	-0.199536	-0.211918	-0.179343	-0.219142	-0.22946	-0.303322	-0.236721	-0.239084	-0.213542	-0.219841	-0.229248	-0.234793	-0.217679	-0.251825	-0.21573	-0.237327	-0.26988	-0.235225	-0.22497	-0.249318	-0.242176	-0.219046	-0.260718	-0.228304	-0.256428	-0.230517	-0.209416	-0.237768	-0.278	-0.247327	-0.171495	-0.212002	-0.239052	-0.246694	-0.258252	-0.233588	-0.227661	-0.255296	-0.250903	-0.270686	-0.245605	-0.237889	-0.247327	-0.242159	-0.222624	-0.258563	-0.251574	-0.258396	-0.235417	-0.261197	-0.227663	-0.224666	-0.23845	-0.200779	-0.213208	-0.23464	-0.270762	-0.232409	-0.23414	-0.224279	-0.213312	-0.219334	-0.208986	-0.232833	-0.210119	-0.216035	-0.224557	-0.254384	-0.257593	-0.259035	-0.240029	-0.220995	-0.23711	-0.216861	-0.212055	-0.228892	-0.228076	-0.235387	-0.205569	-0.209211	-0.192863	-0.24297	-0.250123	-0.201433	-0.261151	-0.239732	-0.252289	-0.239887	-0.206695	-0.216981	-0.29753	-0.213576	-0.229805	-0.215869	-0.209686	-0.274923	-0.22203	-0.233523	-0.22482	-0.189346	-0.253224	-0.235533	-0.21284	-0.229397	-0.251497	-0.249553	-0.214998	-0.232702	-0.278256	-0.297023	-0.242159	-0.277313	-0.23964	-0.220113	-0.263916	-0.195437	-0.205099	-0.181605	-0.243671	-0.217721	-0.256539	-0.244108	-0.25111	-0.236228	-0.289353	-0.215278	-0.255915	-0.227578	-0.22302	-0.247604	-0.280343	-0.210291	-0.247918	-0.179835	-0.220608	-0.236035	-0.213275	-0.202446	-0.205905	-0.2025	-0.254056	-0.230754	-0.189306	-0.251271	-0.229888	-0.236587	-0.238603	-0.237866	-0.221859	-0.224802	-0.222157	-0.232862	-0.251442	-0.226527	-0.289235	-0.233924	-0.283062	-0.247104	-0.235856	-0.303149	-0.202553	-0.245934	-0.272256	-0.241735	-0.22944	-0.249061	-0.209674	-0.194325	-0.24297	-0.236483	-0.238388	-0.206978	-0.209116	-0.289353	-0.192263	-0.206291	-0.210198	-0.224673	-0.221867	-0.293973	-0.207133	-0.280886	-0.202279	-0.174614	-0.244297	-0.207133	-0.229679	-0.20077	-0.24281	-0.20942	-0.274547	-0.277379	-0.197604	-0.226309	-0.221558	-0.239389	-0.23845	-0.256789	-0.267821	-0.224673	-0.222535	-0.202553	-0.221558	-0.256789	-0.210291	-0.174614	-0.190187	-0.202446	-0.225266	-0.257811	-0.202446	-0.24133	-0.278159	-0.23308	-0.252903	-0.24297	-0.278389	-0.213471	-0.245183	-0.222051	-0.226311	-0.220178	-0.256225	-0.200313	-0.209295	-0.214021	-0.317291	-0.240645	-0.218064	-0.207327	-0.289353	-0.207327	-0.205569	-0.221558	-0.185977	-0.225266	-0.18505	-0.221558	-0.20942	-0.273734	-0.21745	-0.241626	-0.252903	-0.245648	-0.203107	-0.292528	-0.23845	-0.197604	-0.221558	-0.214298	-0.221558	-0.242159	-0.206978	-0.267821	-0.221558	-0.246213	-0.222276	-0.241799	-0.221558	-0.247003	-0.24133	-0.206114	-0.216081	-0.292528	-0.212406	-0.234338	-0.216861	-0.215098	-0.227891	-0.251548	-0.248344	-0.202279	-0.206291	-0.282126	-0.293973	-0.301495	-0.227891	-0.24281	-0.23845	-0.216053	-0.22002	-0.201303	-0.208342	-0.231541	-0.171495	-0.231541	-0.288107	-0.226633	-0.23845	-0.292528	-0.244751	-0.241457	-0.273858	-0.280886	-0.205099	-0.218064	-0.288217	-0.198177	-0.289277	-0.222535	-0.235345	-0.247514	-0.277611	-0.201855	-0.202955	-0.230513	-0.220219	-0.221558	-0.20942	-0.174614	-0.213471	-0.191179	-0.153888	-0.235387	-0.18505	-0.24297	-0.232191	-0.242159	-0.267821	-0.24133	-0.216636	-0.22211	-0.280886	-0.231955	-0.241799	-0.241626	-0.22002	-0.171495	-0.197689	-0.231193	-0.216636	-0.288217	-0.247104	-0.200973	-0.276585	-0.241799	-0.245934	-0.273734	-0.23308	-0.221999	-0.221558	-0.21217	-0.248631	-0.245934	-0.244751	-0.171495	-0.217581	-0.277611	-0.239236	-0.293973	-0.217901	-0.202446	-0.243772	-0.232191	-0.264601	-0.239236	-0.247918	-0.257811	-0.202446
98000	intercept	0.307456	0.323545	0.259705	0.31495	0.280732	0.344833	0.287414	0.357825	0.29301	0.311524	0.317342	0.314328	0.26916	0.32358	0.268213	0.319683	0.323364	0.272379	0.301173	0.324192	0.312225	0.276676	0.287257	0.301805	0.278475	0.296009	0.318222	0.303693	0.241046	0.300467	0.304193	0.278659	0.326825	0.284703	0.26967	0.307335	0.305017	0.305248	0.30252	0.283851	0.297611	0.250464	0.289687	0.258751	0.268659	0.267597	0.348733	0.333491	0.264377	0.296919	0.257569	0.312718	0.316078	0.319845	0.285647	0.264747	0.317589	0.329425	0.257698	0.289621	0.266856	0.3081	0.293737	0.308056	0.303456	0.319366	0.288158	0.272805	0.28917	0.302299	0.301105	0.284019	0.280344	0.263176	0.289568	0.298343	0.314999	0.307223	0.308795	0.288204	0.304695	0.327959	0.285293	0.303711	0.294283	0.302208	0.305462	0.291199	0.300617	0.279293	0.2946	0.277214	0.298373	0.33675	0.256786	0.30834	0.281742	0.38443	0.297495	0.307018	0.28531	0.265929	0.304603	0.282172	0.292025	0.265824	0.28032	0.338818	0.365182	0.303138	0.311881	0.315039	0.265687	0.299321	0.261496	0.269146	0.30832	0.298615	0.283215	0.306268	0.273096	0.266829	0.329512	0.299594	0.267305	0.277691	0.264248	0.338017	0.351163	0.271454	0.287071	0.315065	0.265804	0.266804	0.273643	0.298709	0.316861	0.313922	0.294109	0.308144	0.246811	0.30046	0.299509	0.288582	0.289527	0.289971	0.351301	0.25622	0.285928	0.34298	0.346801	0.312225	0.359363	0.327768	0.260459	0.30188	0.255517	0.260108	0.258799	0.295442	0.301037	0.305426	0.304546	0.285239	0.309236	0.350666	0.257261	0.289222	0.284387	0.283147	0.31403	0.311997	0.278992	0.357825	0.308354	0.288944	0.289057	0.259736	0.285314	0.298122	0.272051	0.298913	0.313162	0.25208	0.311449	0.320241	0.297914	0.326292	0.322547	0.317826	0.313678	0.274778	0.288219	0.289389	0.30606	0.32371	0.290992	0.317914	0.303153	0.297152	0.347451	0.259202	0.279504	0.293371	0.329775	0.282784	0.287662	0.277353	0.281863	0.304546	0.286338	0.271769	0.264771	0.259202	0.350666	0.249022	0.276506	0.259202	0.289715	0.29611	0.325021	0.284461	0.313429	0.301605	0.287616	0.281185	0.275769	0.260108	0.267855	0.266162	0.279504	0.339439	0.325536	0.266829	0.287495	0.279504	0.333269	0.33675	0.305659	0.304826	0.297559	0.304302	0.258788	0.279504	0.305659	0.274647	0.287616	0.245745	0.283932	0.236738	0.301282	0.285314	0.32389	0.346598	0.339819	0.284046	0.304546	0.310227	0.371349	0.278659	0.303693	0.318116	0.308368	0.293213	0.275822	0.275769	0.312872	0.346801	0.303472	0.259008	0.275822	0.350666	0.273186	0.306268	0.279504	0.302434	0.236738	0.271279	0.279504	0.279504	0.296067	0.266829	0.314466	0.292016	0.337092	0.327104	0.34582	0.33675	0.266829	0.279504	0.247766	0.275374	0.312225	0.264771	0.306838	0.279504	0.350606	0.261496	0.29695	0.279504	0.259315	0.319764	0.279504	0.264771	0.350666	0.346095	0.357825	0.261496	0.298481	0.280022	0.301456	0.328723	0.29987	0.276506	0.355007	0.336477	0.299029	0.280022	0.266162	0.33675	0.254358	0.233776	0.27797	0.287495	0.301561	0.278719	0.300535	0.355944	0.275822	0.33675	0.34582	0.26949	0.280206	0.320556	0.313429	0.260108	0.259008	0.309462	0.323545	0.355944	0.304302	0.289518	0.264991	0.284461	0.241414	0.275769	0.282439	0.275822	0.279504	0.279504	0.30656	0.348341	0.280336	0.272137	0.276086	0.274992	0.329512	0.294759	0.312225	0.304826	0.32389	0.266829	0.259202	0.31878	0.279504	0.29695	0.315717	0.233776	0.284019	0.249022	0.328131	0.266829	0.317134	0.301456	0.311638	0.355944	0.29695	0.279504	0.296067	0.339819	0.302947	0.279504	0.27344	0.312635	0.279504	0.26949	0.286026	0.27466	0.284461	0.273801	0.336477	0.279504	0.285314	0.313415	0.294759	0.302905	0.273801	0.357825	0.301282	0.285314
99000	slope	-0.2298	-0.242878	-0.245906	-0.272143	-0.140403	-0.264063	-0.241906	-0.194119	-0.219735	-0.176086	-0.20944	-0.202687	-0.187577	-0.191306	-0.195888	-0.266063	-0.168924	-0.256391	-0.245355	-0.215247	-0.315989	-0.215021	-0.257411	-0.24035	-0.232312	-0.260777	-0.210759	-0.257767	-0.243674	-0.225151	-0.251043	-0.190983	-0.218832	-0.254344	-0.150487	-0.266738	-0.26785	-0.238123	-0.252164	-0.236806	-0.265578	-0.224816	-0.243432	-0.244171	-0.262197	-0.261896	-0.205678	-0.25023	-0.215737	-0.244963	-0.242896	-0.162685	-0.266457	-0.192818	-0.240007	-0.208311	-0.226069	-0.259333	-0.261289	-0.215536	-0.227871	-0.248207	-0.172974	-0.229759	-0.251652	-0.227243	-0.250206	-0.235833	-0.27888	-0.245773	-0.309042	-0.242119	-0.277323	-0.275816	-0.23971	-0.258971	-0.217785	-0.243924	-0.283428	-0.242859	-0.250358	-0.302521	-0.242836	-0.194157	-0.201469	-0.302865	-0.229329	-0.236728	-0.134472	-0.199946	-0.193295	-0.274348	-0.218861	-0.270598	-0.250826	-0.285529	-0.183032	-0.212851	-0.179913	-0.298064	-0.249948	-0.23814	-0.240215	-0.279642	-0.223131	-0.280998	-0.291548	-0.261766	-0.195323	-0.21349	-0.263322	-0.272433	-0.271864	-0.170573	-0.203985	-0.169437	-0.28874	-0.262922	-0.274669	-0.237857	-0.24486	-0.281175	-0.234466	-0.215801	-0.250225	-0.257469	-0.258707	-0.243649	-0.2387	-0.286555	-0.209498	-0.18134	-0.260972	-0.17407	-0.271965	-0.26927	-0.247687	-0.271213	-0.190532	-0.155732	-0.245222	-0.234286	-0.243601	-0.225275	-0.223389	-0.251717	-0.260583	-0.276083	-0.264873	-0.197193	-0.273713	-0.23854	-0.207125	-0.187792	-0.203563	-0.237126	-0.220158	-0.186064	-0.276779	-0.233985	-0.249563	-0.170647	-0.24283	-0.235507	-0.213133	-0.273442	-0.214123	-0.280709	-0.256163	-0.254681	-0.235577	-0.255225	-0.211037	-0.243306	-0.258921	-0.250103	-0.265684	-0.268003	-0.235255	-0.270075	-0.256448	-0.227243	-0.231994	-0.272204	-0.241992	-0.232988	-0.21736	-0.2305	-0.261964	-0.209528	-0.276137	-0.214421	-0.282813	-0.239835	-0.287833	-0.279829	-0.185111	-0.185526	-0.197012	-0.21333	-0.271367	-0.207848	-0.303054	-0.285182	-0.309042	-0.264255	-0.190899	-0.252154	-0.218567	-0.266783	-0.227059	-0.257001	-0.299599	-0.237142	-0.206403	-0.259713	-0.241094	-0.260857	-0.193798	-0.249251	-0.259713	-0.215229	-0.222979	-0.294297	-0.266026	-0.295775	-0.291548	-0.250097	-0.231295	-0.259343	-0.248175	-0.230059	-0.295244	-0.248585	-0.254196	-0.238123	-0.222979	-0.172465	-0.302865	-0.221575	-0.25846	-0.218832	-0.256472	-0.256391	-0.221063	-0.257339	-0.203164	-0.294935	-0.235927	-0.247358	-0.215236	-0.257178	-0.263535	-0.255271	-0.274117	-0.22453	-0.257178	-0.301831	-0.309042	-0.194289	-0.278293	-0.226606	-0.247358	-0.235072	-0.190899	-0.220616	-0.273765	-0.258672	-0.237748	-0.277286	-0.220616	-0.28596	-0.213631	-0.219084	-0.241574	-0.276137	-0.288191	-0.227774	-0.246214	-0.260989	-0.289979	-0.200499	-0.32144	-0.287976	-0.190899	-0.220767	-0.283255	-0.266026	-0.172465	-0.226185	-0.150487	-0.261656	-0.196247	-0.296965	-0.254196	-0.202405	-0.294297	-0.22453	-0.222644	-0.301888	-0.207848	-0.264953	-0.276137	-0.285023	-0.290377	-0.249983	-0.204497	-0.15546	-0.306197	-0.23567	-0.26614	-0.190899	-0.285295	-0.224469	-0.215066	-0.218832	-0.233153	-0.24343	-0.258323	-0.2311	-0.171517	-0.229085	-0.310201	-0.27523	-0.183795	-0.237748	-0.285182	-0.299599	-0.294226	-0.257178	-0.210705	-0.172465	-0.162589	-0.283255	-0.190899	-0.210705	-0.302865	-0.209867	-0.151511	-0.220616	-0.247358	-0.221461	-0.294297	-0.242385	-0.158211	-0.160385	-0.276482	-0.247358	-0.297325	-0.27071	-0.218832	-0.339327	-0.26469	-0.252416	-0.209867	-0.247937	-0.262131	-0.215229	-0.281381	-0.290377	-0.202405	-0.270804	-0.248175	-0.23213	-0.220178	-0.213631	-0.299599	-0.267182	-0.264949	-0.243617	-0.209867	-0.255423	-0.298309	-0.249873	-0.209867	-0.144712	-0.172465	-0.166737	-0.22938	-0.263535	-0.213631	-0.252416	-0.190014	-0.205823	-0.307977	-0.250401	-0.289878	-0.266026	-0.271451	-0.227582	-0.165636	-0.294145	-0.276348	-0.248175	-0.249873	-0.23567	-0.244579	-0.252154	-0.266785	-0.302865
99000	intercept	0.317399	0.31054	0.29275	0.322653	0.191416	0.303324	0.283177	0.284044	0.299249	0.271365	0.290664	0.269424	0.292061	0.279461	0.267581	0.319281	0.244732	0.302059	0.308822	0.286781	0.334317	0.311987	0.347883	0.303256	0.306494	0.317145	0.25909	0.291137	0.290009	0.289638	0.32114	0.282552	0.274151	0.292002	0.232924	0.312598	0.373915	0.312241	0.315051	0.275126	0.322534	0.325167	0.276379	0.321067	0.304631	0.313681	0.273663	0.284123	0.271474	0.316164	0.310704	0.267321	0.304172	0.275992	0.314813	0.295883	0.287577	0.28228	0.287021	0.276756	0.266472	0.303952	0.269462	0.292116	0.324381	0.30185	0.317894	0.301743	0.314515	0.289427	0.327729	0.307435	0.309766	0.317145	0.322588	0.298001	0.31532	0.274399	0.345967	0.285948	0.281192	0.326673	0.31544	0.302164	0.280439	0.322164	0.295593	0.325846	0.275954	0.340524	0.281837	0.328817	0.282782	0.312408	0.325921	0.328383	0.274001	0.339946	0.25066	0.340837	0.298164	0.287404	0.313561	0.310624	0.310094	0.335485	0.333695	0.302334	0.281334	0.257007	0.323669	0.302703	0.323701	0.26231	0.329261	0.243994	0.331776	0.280513	0.312573	0.302002	0.271664	0.323098	0.291772	0.248198	0.267226	0.299599	0.325056	0.279837	0.301869	0.324132	0.286952	0.247026	0.285161	0.276303	0.307712	0.325204	0.283319	0.32466	0.287477	0.228665	0.317981	0.289872	0.261145	0.326822	0.297277	0.310668	0.326328	0.328027	0.323372	0.250399	0.304981	0.321067	0.258514	0.267968	0.265197	0.316061	0.286619	0.250103	0.328296	0.311612	0.316885	0.226369	0.297567	0.29858	0.275608	0.330145	0.29466	0.320664	0.319111	0.330449	0.27998	0.344677	0.343576	0.31315	0.310337	0.326569	0.307877	0.356723	0.338511	0.335087	0.297839	0.30185	0.283865	0.319655	0.264057	0.284612	0.273612	0.321243	0.307849	0.26768	0.28198	0.280538	0.351465	0.293824	0.315232	0.322804	0.250098	0.270705	0.236783	0.282551	0.326525	0.261415	0.334605	0.337483	0.331414	0.315437	0.255402	0.291366	0.268049	0.30185	0.315078	0.314548	0.318337	0.298266	0.268559	0.299348	0.313637	0.332671	0.242232	0.309918	0.299348	0.282349	0.250724	0.331973	0.370388	0.338959	0.333695	0.268128	0.298632	0.295282	0.328827	0.246323	0.365664	0.313637	0.311367	0.312241	0.242988	0.242631	0.310301	0.337878	0.303887	0.274151	0.314548	0.313124	0.248823	0.308869	0.32288	0.322164	0.299393	0.288536	0.281065	0.299792	0.322568	0.307809	0.323316	0.333861	0.299792	0.349701	0.331414	0.322509	0.295117	0.281832	0.275846	0.292738	0.258689	0.275349	0.314548	0.316351	0.288133	0.328767	0.275349	0.331669	0.286966	0.271686	0.312925	0.274648	0.337483	0.28741	0.343178	0.274642	0.331669	0.339652	0.304594	0.326522	0.254171	0.312501	0.36813	0.360087	0.228347	0.246323	0.232924	0.318349	0.299882	0.337483	0.311367	0.321603	0.331973	0.334322	0.301796	0.322576	0.261415	0.318038	0.274648	0.345623	0.308709	0.303887	0.261415	0.266867	0.334912	0.249723	0.274642	0.258689	0.328437	0.281745	0.328925	0.274151	0.28028	0.319443	0.347978	0.334065	0.190292	0.285081	0.334912	0.324358	0.254171	0.288133	0.337483	0.327486	0.320653	0.299792	0.257061	0.224761	0.233062	0.347959	0.254171	0.261415	0.322164	0.250798	0.237787	0.275349	0.288536	0.280553	0.331973	0.260926	0.217879	0.211723	0.331973	0.288536	0.322936	0.321853	0.274151	0.333695	0.373345	0.313637	0.250798	0.308243	0.338183	0.286537	0.323316	0.322164	0.255846	0.310637	0.324887	0.288133	0.221562	0.286537	0.325238	0.285628	0.30185	0.269617	0.250798	0.313637	0.304853	0.314548	0.233882	0.255444	0.236665	0.2668	0.295282	0.292819	0.286537	0.302297	0.258553	0.247068	0.33713	0.27948	0.330518	0.370388	0.303887	0.256035	0.209638	0.304853	0.33596	0.328827	0.314548	0.249723	0.313637	0.304653	0.287344	0.322164
100000	slope	-0.22067	-0.253892	-0.316324	-0.237914	-0.233617	-0.26652	-0.223587	-0.261451	-0.269278	-0.279524	-0.212779	-0.170164	-0.306352	-0.222513	-0.282695	-0.25273	-0.200261	-0.226273	-0.222937	-0.280977	-0.201121	-0.294825	-0.266499	-0.264042	-0.251316	-0.273356	-0.20132	-0.214717	-0.259048	-0.231137	-0.211407	-0.252769	-0.286381	-0.250721	-0.277804	-0.253196	-0.265932	-0.28925	-0.208484	-0.236804	-0.205158	-0.20247	-0.268017	-0.201908	-0.199496	-0.278005	-0.248123	-0.247326	-0.277336	-0.253143	-0.271057	-0.283144	-0.270828	-0.19508	-0.235078	-0.25063	-0.255453	-0.200143	-0.251853	-0.228762	-0.274949	-0.242679	-0.239872	-0.239277	-0.246351	-0.25063	-0.249985	-0.237506	-0.242496	-0.229707	-0.260004	-0.235678	-0.226914	-0.264748	-0.265447	-0.228703	-0.230545	-0.234344	-0.280448	-0.232761	-0.224217	-0.212451	-0.272077	-0.235869	-0.246409	-0.199496	-0.235564	-0.259404	-0.221964	-0.275831	-0.247222	-0.259323	-0.245688	-0.283951	-0.223756	-0.272578	-0.255605	-0.234718	-0.270186	-0.22884	-0.252473	-0.219134	-0.283691	-0.220971	-0.218034	-0.25322	-0.223318	-0.263947	-0.24042	-0.239597	-0.290339	-0.231132	-0.293411	-0.226297	-0.216663	-0.210346	-0.283141	-0.163599	-0.249775	-0.212964	-0.273704	-0.273211	-0.268612	-0.248238	-0.286084	-0.23179	-0.225492	-0.280993	-0.244894	-0.247533	-0.200376	-0.258564	-0.302887	-0.255658	-0.20816	-0.264523	-0.251292	-0.223678	-0.24813	-0.258994	-0.235536	-0.272298	-0.224104	-0.226849	-0.272034	-0.23003	-0.251445	-0.252823	-0.255991	-0.232493	-0.293783	-0.229413	-0.231304	-0.252442	-0.217833	-0.220842	-0.187378	-0.232137	-0.289616	-0.225003	-0.205843	-0.252904	-0.224147	-0.278112	-0.266515	-0.228502	-0.224997	-0.257248	-0.21394	-0.261801	-0.265532	-0.229574	-0.156601	-0.270515	-0.234398	-0.256507	-0.20577	-0.215875	-0.270904	-0.154761	-0.214046	-0.223652	-0.192972	-0.226875	-0.264458	-0.190966	-0.230206	-0.259285	-0.216867	-0.206274	-0.21682	-0.246208	-0.262958	-0.289798	-0.193468	-0.188072	-0.222699	-0.287215	-0.282762	-0.279393	-0.264879	-0.147006	-0.285182	-0.303554	-0.21216	-0.222697	-0.24366	-0.271485	-0.228241	-0.272645	-0.236187	-0.239145	-0.130167	-0.205798	-0.162636	-0.242867	-0.229413	-0.201095	-0.230206	-0.29189	-0.209214	-0.269976	-0.282695	-0.27162	-0.259472	-0.268911	-0.259472	-0.170164	-0.253625	-0.215161	-0.21216	-0.256409	-0.207355	-0.290431	-0.201394	-0.212327	-0.265114	-0.229413	-0.178829	-0.223431	-0.286802	-0.136508	-0.291046	-0.224104	-0.22822	-0.216229	-0.175959	-0.266615	-0.284817	-0.25063	-0.216229	-0.231717	-0.178762	-0.213882	-0.22316	-0.218903	-0.281009	-0.219016	-0.216365	-0.30038	-0.258624	-0.186575	-0.33003	-0.224133	-0.232301	-0.216867	-0.286515	-0.152988	-0.255364	-0.258624	-0.185836	-0.260941	-0.25063	-0.281004	-0.279833	-0.26058	-0.253442	-0.294825	-0.24366	-0.23752	-0.289248	-0.186757	-0.299519	-0.192729	-0.30217	-0.220709	-0.185836	-0.278096	-0.284817	-0.216229	-0.272645	-0.138983	-0.296031	-0.256451	-0.27184	-0.262958	-0.199496	-0.247909	-0.282655	-0.231717	-0.259472	-0.205158	-0.219016	-0.219995	-0.219637	-0.298322	-0.208433	-0.228534	-0.162636	-0.193468	-0.198613	-0.281009	-0.272271	-0.144672	-0.205158	-0.227541	-0.22822	-0.276788	-0.305518	-0.285182	-0.144672	-0.221726	-0.142611	-0.222697	-0.213739	-0.222949	-0.29189	-0.276788	-0.296031	-0.162073	-0.222949	-0.229413	-0.193397	-0.26682	-0.144672	-0.185836	-0.272043	-0.219637	-0.299023	-0.232848	-0.259472	-0.25747	-0.224133	-0.282655	-0.232523	-0.284817	-0.289578	-0.224133	-0.247222	-0.272271	-0.297513	-0.242256	-0.21852	-0.228534	-0.245071	-0.214239	-0.242256	-0.185836	-0.23665	-0.142611	-0.256409	-0.236187	-0.313259	-0.290339	-0.263167	-0.27184	-0.276788	-0.242364	-0.258624	-0.163588	-0.299269	-0.267488	-0.19116	-0.247909	-0.26589	-0.290464	-0.288267	-0.273316	-0.219637	-0.249973	-0.219105	-0.238325	-0.199496	-0.26303	-0.268867	-0.242364	-0.182783	-0.30038	-0.244004	-0.25747	-0.153263	-0.21852	-0.298322	-0.273295	-0.259472	-0.256139	-0.215161	-0.247603	-0.273438	-0.144672
100000	intercept	0.286363	0.289313	0.32111	0.311721	0.286029	0.301621	0.263022	0.297271	0.340564	0.319731	0.264172	0.230093	0.327939	0.262183	0.324184	0.327597	0.273541	0.312622	0.332098	0.340421	0.300572	0.356515	0.330896	0.307724	0.301742	0.312001	0.29309	0.285742	0.355134	0.261953	0.264056	0.339449	0.318891	0.304917	0.334891	0.313106	0.287656	0.332582	0.301041	0.290326	0.28788	0.24853	0.32967	0.277826	0.250005	0.336922	0.333292	0.321735	0.32258	0.316043	0.345737	0.348951	0.337595	0.273261	0.291978	0.300837	0.32977	0.283692	0.299556	0.278837	0.332405	0.284754	0.296852	0.269634	0.298588	0.307885	0.299719	0.33101	0.290669	0.273521	0.290745	0.27496	0.291663	0.353524	0.331827	0.293138	0.268248	0.296026	0.343472	0.33909	0.269528	0.25115	0.321311	0.284346	0.285596	0.250005	0.315373	0.334606	0.252173	0.327872	0.300715	0.309004	0.291191	0.33556	0.315991	0.318649	0.295928	0.293105	0.302328	0.306922	0.306152	0.271731	0.36142	0.285733	0.293846	0.341752	0.287294	0.318449	0.275496	0.302149	0.338047	0.34777	0.321563	0.284519	0.271532	0.249917	0.313842	0.261077	0.356499	0.264633	0.310528	0.311036	0.318065	0.340106	0.327256	0.306648	0.301129	0.351463	0.297356	0.315473	0.30184	0.31939	0.320912	0.302258	0.275592	0.30778	0.300326	0.317489	0.341628	0.316865	0.282386	0.335274	0.249545	0.322791	0.324895	0.32836	0.296474	0.282236	0.297884	0.292414	0.321864	0.335056	0.300923	0.30203	0.29416	0.29062	0.216919	0.281802	0.335239	0.283389	0.327708	0.317368	0.272055	0.344886	0.327418	0.296252	0.281885	0.329049	0.302621	0.30445	0.325226	0.292934	0.257848	0.32754	0.336997	0.351224	0.279942	0.272035	0.303589	0.240731	0.280471	0.319891	0.279389	0.298463	0.326271	0.245965	0.295353	0.335977	0.249604	0.30843	0.271175	0.290456	0.352448	0.340203	0.270118	0.272424	0.288503	0.331467	0.314709	0.341156	0.324759	0.2015	0.29521	0.299391	0.325773	0.237016	0.272781	0.311455	0.297612	0.310622	0.246484	0.31304	0.231231	0.255317	0.212751	0.299719	0.330955	0.266237	0.280296	0.29137	0.2862	0.301041	0.324184	0.319894	0.380803	0.362419	0.380803	0.230093	0.295776	0.277022	0.325773	0.313141	0.316288	0.324235	0.24266	0.27517	0.318814	0.335056	0.270258	0.326199	0.412556	0.228988	0.321193	0.249545	0.270659	0.333786	0.268378	0.348859	0.331156	0.300837	0.333786	0.272237	0.26259	0.233638	0.34777	0.315551	0.337712	0.237016	0.27894	0.40648	0.321919	0.268378	0.336756	0.303456	0.31762	0.249604	0.354169	0.250076	0.330896	0.328254	0.250076	0.297757	0.292958	0.299244	0.298038	0.291019	0.307885	0.356515	0.272781	0.33041	0.34475	0.270118	0.299391	0.250076	0.321338	0.270659	0.250076	0.339653	0.325626	0.333786	0.310622	0.251897	0.327901	0.348859	0.304857	0.352448	0.250005	0.284665	0.327915	0.261087	0.380803	0.291501	0.237016	0.316429	0.2862	0.315344	0.288218	0.34777	0.243297	0.270118	0.247118	0.344774	0.323818	0.233409	0.284258	0.255517	0.270659	0.327629	0.351914	0.321338	0.233409	0.277236	0.251897	0.237016	0.281774	0.326827	0.29137	0.327629	0.327901	0.251897	0.326827	0.329735	0.292393	0.330993	0.233409	0.250076	0.325712	0.2862	0.318036	0.38649	0.380803	0.315301	0.303456	0.327915	0.274275	0.319894	0.328266	0.303456	0.300207	0.323818	0.328266	0.302233	0.282532	0.34777	0.326827	0.255517	0.302233	0.250076	0.267281	0.251897	0.324207	0.246484	0.334313	0.335239	0.380803	0.304857	0.320168	0.30688	0.328254	0.241713	0.324505	0.326245	0.263999	0.278632	0.310527	0.32008	0.356515	0.332442	0.2862	0.310527	0.246984	0.338101	0.250005	0.328254	0.331548	0.30688	0.2516	0.404162	0.313643	0.332751	0.219279	0.282532	0.318858	0.348859	0.380803	0.300853	0.277022	0.284665	0.332442	0.233409
