generation	param	Ind1	Ind2	Ind3	Ind4	Ind5	Ind6	Ind7	Ind8	Ind9	Ind10	Ind11	Ind12	Ind13	Ind14	Ind15	Ind16	Ind17	Ind18	Ind19	Ind20	Ind21	Ind22	Ind23	Ind24	Ind25	Ind26	Ind27	Ind28	Ind29	Ind30	Ind31	Ind32	Ind33	Ind34	Ind35	Ind36	Ind37	Ind38	Ind39	Ind40	Ind41	Ind42	Ind43	Ind44	Ind45	Ind46	Ind47	Ind48	Ind49	Ind50	Ind51	Ind52	Ind53	Ind54	Ind55	Ind56	Ind57	Ind58	Ind59	Ind60	Ind61	Ind62	Ind63	Ind64	Ind65	Ind66	Ind67	Ind68	Ind69	Ind70	Ind71	Ind72	Ind73	Ind74	Ind75	Ind76	Ind77	Ind78	Ind79	Ind80	Ind81	Ind82	Ind83	Ind84	Ind85	Ind86	Ind87	Ind88	Ind89	Ind90	Ind91	Ind92	Ind93	Ind94	Ind95	Ind96	Ind97	Ind98	Ind99	Ind100	Ind101	Ind102	Ind103	Ind104	Ind105	Ind106	Ind107	Ind108	Ind109	Ind110	Ind111	Ind112	Ind113	Ind114	Ind115	Ind116	Ind117	Ind118	Ind119	Ind120	Ind121	Ind122	Ind123	Ind124	Ind125	Ind126	Ind127	Ind128	Ind129	Ind130	Ind131	Ind132	Ind133	Ind134	Ind135	Ind136	Ind137	Ind138	Ind139	Ind140	Ind141	Ind142	Ind143	Ind144	Ind145	Ind146	Ind147	Ind148	Ind149	Ind150	Ind151	Ind152	Ind153	Ind154	Ind155	Ind156	Ind157	Ind158	Ind159	Ind160	Ind161	Ind162	Ind163	Ind164	Ind165	Ind166	Ind167	Ind168	Ind169	Ind170	Ind171	Ind172	Ind173	Ind174	Ind175	Ind176	Ind177	Ind178	Ind179	Ind180	Ind181	Ind182	Ind183	Ind184	Ind185	Ind186	Ind187	Ind188	Ind189	Ind190	Ind191	Ind192	Ind193	Ind194	Ind195	Ind196	Ind197	Ind198	Ind199	Ind200	Hapl1	Hapl2	Hapl3	Hapl4	Hapl5	Hapl6	Hapl7	Hapl8	Hapl9	Hapl10	Hapl11	Hapl12	Hapl13	Hapl14	Hapl15	Hapl16	Hapl17	Hapl18	Hapl19	Hapl20	Hapl21	Hapl22	Hapl23	Hapl24	Hapl25	Hapl26	Hapl27	Hapl28	Hapl29	Hapl30	Hapl31	Hapl32	Hapl33	Hapl34	Hapl35	Hapl36	Hapl37	Hapl38	Hapl39	Hapl40	Hapl41	Hapl42	Hapl43	Hapl44	Hapl45	Hapl46	Hapl47	Hapl48	Hapl49	Hapl50	Hapl51	Hapl52	Hapl53	Hapl54	Hapl55	Hapl56	Hapl57	Hapl58	Hapl59	Hapl60	Hapl61	Hapl62	Hapl63	Hapl64	Hapl65	Hapl66	Hapl67	Hapl68	Hapl69	Hapl70	Hapl71	Hapl72	Hapl73	Hapl74	Hapl75	Hapl76	Hapl77	Hapl78	Hapl79	Hapl80	Hapl81	Hapl82	Hapl83	Hapl84	Hapl85	Hapl86	Hapl87	Hapl88	Hapl89	Hapl90	Hapl91	Hapl92	Hapl93	Hapl94	Hapl95	Hapl96	Hapl97	Hapl98	Hapl99	Hapl100	Hapl101	Hapl102	Hapl103	Hapl104	Hapl105	Hapl106	Hapl107	Hapl108	Hapl109	Hapl110	Hapl111	Hapl112	Hapl113	Hapl114	Hapl115	Hapl116	Hapl117	Hapl118	Hapl119	Hapl120	Hapl121	Hapl122	Hapl123	Hapl124	Hapl125	Hapl126	Hapl127	Hapl128	Hapl129	Hapl130	Hapl131	Hapl132	Hapl133	Hapl134	Hapl135	Hapl136	Hapl137	Hapl138	Hapl139	Hapl140	Hapl141	Hapl142	Hapl143	Hapl144	Hapl145	Hapl146	Hapl147	Hapl148	Hapl149	Hapl150	Hapl151	Hapl152	Hapl153	Hapl154	Hapl155	Hapl156	Hapl157	Hapl158	Hapl159	Hapl160	Hapl161	Hapl162	Hapl163	Hapl164	Hapl165	Hapl166	Hapl167	Hapl168	Hapl169	Hapl170	Hapl171	Hapl172	Hapl173	Hapl174	Hapl175	Hapl176	Hapl177	Hapl178	Hapl179	Hapl180	Hapl181	Hapl182	Hapl183	Hapl184	Hapl185	Hapl186	Hapl187	Hapl188	Hapl189	Hapl190	Hapl191	Hapl192	Hapl193	Hapl194	Hapl195	Hapl196	Hapl197	Hapl198	Hapl199	Hapl200
10	slope	0.0	0.0	0.0	0.0	0.0	0.0	0.0	0.0	0.0	0.0	0.0	0.000237815	0.0	0.0	0.0	-0.00675565	0.0	0.0	0.0	0.0	0.0	0.0	0.0	0.00496833	0.0	0.0	0.0	0.0	0.0	0.0	0.0	0.0	0.0	0.0	0.0	0.0	0.0	0.0	-0.00265552	0.0	0.0	0.0	0.0	0.0	0.0	0.0	0.0	0.0	0.0	0.0	0.0	0.0	0.0	0.0	0.0	0.0	-0.00785677	0.0	0.0	0.0	0.0	0.0	0.0	0.0	0.0	0.0	0.0	0.0	0.0	0.0	0.0	0.0	0.0	0.0	0.0	0.0	0.0	0.0	0.0	0.0	0.0	0.0	0.0	0.0	0.0	0.0	0.0	0.0	0.0	0.0	0.0	0.0	0.0	0.0	0.0	0.0	0.0	0.0	0.0	0.0	0.0	0.0	0.0	0.0	0.0	0.0	0.0	0.0	0.0	0.0	0.0	0.0	0.0	0.0	0.000112589	0.0	0.0	0.0	0.0	0.000160137	0.0	0.0	0.0	0.0	0.0	0.0	0.0	0.0	0.0	0.0	0.0	0.0	0.0	0.0	0.0	0.0	0.0	0.0	0.0	0.0	0.0	0.0	0.0	0.0	0.0	0.0	0.0	0.0	0.0	0.0	0.0	0.0	0.0	0.0	0.0	0.0	0.0	0.0	0.0	0.0	0.0	0.0	0.0	0.0	0.0	0.0	0.0	0.0	0.0	0.0	-0.00612475	0.0	0.0	0.00114359	0.0	0.0	0.0	0.0	0.0	0.0	0.0	0.0	0.0	0.0	0.00365067	0.0	0.0	0.0	0.0	0.0	0.0	0.0	0.0	0.0	-0.00685512	0.0	0.0	0.0	0.0	0.0	0.0	0.0	0.0	0.0	0.000474695	0.0	0.0	0.0	0.0	0.0	0.0	0.0	0.0	0.0	0.0	0.0	0.0	0.0	0.0	0.0	0.0	0.0	0.0	0.0	0.0	0.0	0.0	0.0	0.0	0.0	0.0	0.0	0.0	0.0	0.0	0.0	0.0	0.0	0.0	0.0	0.0	0.0	0.0	0.0	0.0	0.0	0.0	0.0	0.0	0.0	0.00451433	0.0	0.0	0.0	0.0	0.0	0.0	0.0	-0.014786	0.0	0.0	0.0	0.0	0.0	0.0	0.0	0.0	0.0	0.0	0.0	0.0	0.0	0.0	0.0	-0.0013538	0.0	0.0	0.0	0.0	0.0	0.0	0.0	0.0	0.0	0.0	0.0	0.0	0.0	0.0	0.0	0.0	0.0	0.0	0.0	0.0	0.0	0.0	0.0	0.0	0.0	0.0	0.0	-0.00567513	0.0	0.0	0.0	0.0	0.0	0.0	0.00649128	0.0	0.0	0.0	0.0	0.0	0.0	0.0	0.0	0.0	0.0	0.0	0.0	0.0	0.0	0.0	0.0	0.0	0.0	0.0	0.0	0.0	0.0	0.0	0.0	0.0	0.0	0.0	-0.00531104	0.0	0.0	0.0	0.0	0.0	0.0	0.0	-0.00643278	0.0	0.0	-0.00643253	0.0	0.0	0.0	0.0	0.0	0.0	0.0	0.0	0.0	0.0	0.0	0.0	0.0	0.0	0.0	0.0	0.0	0.0	0.0	0.0	0.0	0.0	0.0	0.0	0.0	0.0	0.0	0.0	0.0	0.0	0.0	0.0	0.0	0.0	0.0	0.0	0.0	0.0	0.0	0.0	-0.0137448	0.0	0.0	0.0	0.0	0.0	0.0	0.0	0.0	0.0	0.0
10	intercept	0.5	0.5	0.5	0.5	0.5	0.5	0.5	0.5	0.5	0.5	0.5	0.5	0.5	0.5	0.5	0.493539	0.5	0.5	0.5	0.5	0.5	0.5	0.5	0.5	0.5	0.504647	0.5	0.5	0.5	0.5	0.5	0.5	0.502157	0.5	0.5	0.5	0.5	0.5	0.5	0.5	0.50728	0.5	0.5	0.5	0.5	0.5	0.5	0.5	0.5	0.5	0.5	0.5	0.5	0.5	0.5	0.5	0.5	0.5	0.5	0.5	0.5	0.5	0.5	0.5	0.5	0.5	0.5	0.5	0.5	0.5	0.5	0.5	0.5	0.5	0.5	0.5	0.5	0.5	0.5	0.5	0.5	0.5	0.5	0.503327	0.5	0.5	0.5	0.5	0.5	0.5	0.5	0.5	0.5	0.5	0.5	0.5	0.5	0.5	0.5	0.5	0.5	0.5	0.5	0.5	0.5	0.5	0.5	0.497558	0.5	0.5	0.5	0.5	0.5	0.5	0.500575	0.5	0.5	0.5	0.5	0.502157	0.5	0.5	0.503327	0.5	0.5	0.5	0.5	0.5	0.5	0.5	0.5	0.5	0.5	0.5	0.5	0.5	0.5	0.5	0.5	0.5	0.5	0.5	0.5	0.5	0.5	0.5	0.5	0.5	0.5	0.5	0.5	0.5	0.491438	0.5	0.503682	0.5	0.5	0.5	0.5	0.5	0.5	0.5	0.502191	0.5	0.5	0.5	0.5	0.5	0.5	0.5	0.5	0.5	0.5	0.5	0.5	0.5	0.5	0.5	0.503296	0.5	0.5	0.5	0.5	0.5	0.5	0.5	0.5	0.5	0.5	0.5	0.5	0.5	0.503313	0.5	0.5	0.5	0.5	0.5	0.5	0.5	0.5	0.5	0.5	0.5	0.5	0.5	0.5	0.5	0.5	0.5	0.5	0.5	0.484101	0.5	0.492068	0.5	0.5	0.5	0.5	0.5	0.5	0.5	0.5	0.5	0.5	0.5	0.5	0.5	0.5	0.5	0.5	0.5	0.5	0.5	0.5	0.5	0.5	0.5	0.5	0.5	0.5	0.5	0.5	0.5	0.5	0.5	0.5	0.5	0.5	0.5	0.5	0.5	0.5	0.5	0.5	0.5	0.5	0.478188	0.5	0.5	0.5	0.5	0.5	0.5	0.5	0.5	0.5	0.5	0.5	0.5	0.502996	0.5	0.5	0.5	0.5	0.5	0.5	0.5	0.5	0.5	0.5	0.5	0.5	0.5	0.5	0.5	0.5	0.5	0.5	0.5	0.5	0.5	0.494608	0.5	0.480336	0.5	0.5	0.5	0.5	0.5	0.5	0.5	0.5	0.5	0.5	0.5	0.5	0.5	0.5	0.5	0.5	0.5	0.5	0.5	0.5	0.5	0.5	0.5	0.5	0.5	0.5	0.5	0.5	0.5	0.5	0.5	0.5	0.487873	0.5	0.5	0.5	0.5	0.5	0.5	0.5	0.5	0.5	0.5	0.5	0.5	0.5	0.491466	0.5	0.5	0.5	0.5	0.5	0.5	0.5	0.5	0.5	0.5	0.5	0.5	0.5	0.5	0.5	0.5	0.5	0.5	0.5	0.5	0.5	0.5	0.5	0.5	0.5	0.5	0.5	0.5	0.5	0.5	0.5	0.5	0.5	0.5	0.5	0.5	0.5	0.5	0.5	0.5	0.5	0.5	0.5	0.5	0.5	0.5	0.5	0.5	0.5	0.5	0.5	0.5	0.5	0.5	0.5	0.5	0.5	0.5
1000	slope	-0.0347243	-0.0266419	-0.0399753	-0.044011	-0.0498173	-0.0331611	-0.038432	-0.0627395	-0.0332695	-0.0532115	-0.0336098	-0.0248474	-0.0305066	-0.0389149	-0.0320735	-0.0409205	-0.0442757	-0.0562003	-0.0455511	-0.0510377	-0.0519186	-0.0505369	-0.0624963	-0.033492	-0.0390767	-0.0475849	-0.0248159	-0.0188612	-0.0193801	-0.0490199	-0.0415224	-0.0468169	-0.0554176	-0.0355981	-0.0236717	-0.0552648	-0.0313598	-0.0345171	-0.013349	-0.022824	-0.0252029	-0.0546045	-0.0534925	-0.0372502	-0.0569572	-0.0617852	-0.0468792	-0.0578112	-0.0511086	-0.0342773	-0.0480345	-0.0494401	-0.0443307	-0.0495034	-0.0242617	-0.0531885	-0.0217697	-0.0359093	-0.0586431	-0.0586078	-0.0484268	-0.0244097	-0.0644456	-0.0234856	-0.0495712	-0.0494703	-0.00645503	-0.0492813	-0.0550394	-0.0147074	-0.0310911	-0.0346286	-0.0632972	-0.0558891	-0.0488289	-0.0533288	-0.0530259	-0.0626075	-0.057391	-0.0420994	-0.0439664	-0.0574737	-0.0330533	-0.0490437	-0.0468169	-0.020671	-0.0527536	-0.0523873	-0.0282808	-0.0495526	-0.0233794	-0.0269769	-0.00612946	-0.0446199	-0.0605305	-0.0506063	-0.0403982	-0.0448619	-0.0515238	-0.0386514	-0.0548853	-0.0404775	-0.0170754	-0.0515777	-0.0546305	-0.0357001	-0.0408999	-0.0408649	-0.0446199	-0.0219762	-0.0528269	-0.055469	-0.0285132	-0.0308849	-0.0308666	-0.056024	-0.0514977	-0.0532166	-0.0371748	-0.0567724	-0.0613218	-0.033741	-0.0368827	-0.0401454	-0.0434694	-0.0351064	-0.0676562	-0.0502794	-0.0526677	-0.0397467	-0.0518476	-0.0519823	-0.0315509	-0.029986	-0.0371627	-0.0497126	-0.0621675	-0.039757	-0.045555	-0.0465633	-0.0567995	-0.0554292	-0.0536071	-0.0548172	-0.0671056	-0.0512795	-0.0216678	-0.0358127	-0.0503389	-0.0490199	-0.0564079	-0.0225493	-0.0358855	-0.0745912	-0.0560226	-0.0567179	-0.0296208	-0.0330786	-0.0413672	-0.0103792	-0.043824	-0.0382707	-0.0596943	-0.0480824	-0.0285688	-0.0425329	-0.0322562	-0.0488407	-0.0432431	-0.0524773	-0.0552012	-0.0334381	-0.0352185	-0.0160177	-0.0313312	-0.0387197	-0.0245027	-0.0423863	-0.0526076	-0.038926	-0.036314	-0.0490396	-0.0453072	-0.0424343	-0.0452262	-0.0422121	-0.0393034	-0.0184495	-0.0419724	-0.0462489	-0.0502849	-0.0525464	-0.0333018	-0.0392117	-0.0585957	-0.0446556	-0.04466	-0.0500623	-0.048112	-0.0492695	-0.0316345	-0.0445362	-0.0468381	-0.0530002	-0.0540028	-0.0616197	-0.0481442	-0.0616197	-0.0624685	-0.05473	-0.0499619	-0.0485568	-0.0202773	-0.0521581	-0.0326691	-0.0294221	-0.0622037	-0.0624685	-0.0411669	-0.0499619	-0.0411669	-0.0318583	-0.0417959	-0.0522772	-0.0616197	-0.0540028	-0.00750467	-0.0400666	-0.0540028	-0.0363699	-0.0267852	-0.0490448	-0.0445117	-0.0681871	-0.0304215	-0.0556522	-0.0372859	-0.0624685	-0.0163681	-0.0155194	-0.0540028	-0.0250821	-0.0622037	-0.0490448	-0.0540028	-0.0529822	-0.0594363	-0.0616197	-0.0372859	-0.0509051	-0.0584437	-0.0335193	-0.0306041	-0.0484695	-0.0341147	-0.0577755	-0.036855	-0.0289249	-0.0392729	-0.0713738	-0.0767866	-0.0442213	-0.0530002	-0.0540028	-0.0609444	-0.0286451	-0.0577755	-0.0522772	-0.0521581	-0.0372859	-0.0306278	-0.0429228	-0.0306278	-0.0762503	-0.0432647	-0.0306278	-0.0299809	-0.0481442	-0.0187183	-0.0473455	-0.0584672	-0.037963	-0.0617613	-0.000562427	-0.0512508	-0.015353	-0.0568557	-0.0411669	-0.0237578	-0.0512903	-0.0449921	-0.0634912	-0.0304215	-0.0292952	-0.0449921	-0.0411669	-0.0555074	-0.05473	-0.019418	-0.0616197	-0.0616197	-0.0310584	-0.0274421	-0.0308615	-0.0592816	-0.0526872	-0.0304215	-0.077954	-0.0529822	-0.0162101	-0.0294221	-0.0503315	-0.0436678	-0.00668538	-0.0649887	-0.0463303	-0.0300962	-0.0551577	-0.039027	-0.0372859	-0.0372859	-0.0357897	-0.0372859	-0.0192494	-0.0433914	-0.0432924	-0.022948	-0.0339304	-0.0303166	-0.0301961	-0.0499619	-0.0305963	-0.0343132	-0.0540028	-0.0584437	-0.0192494	-0.0445362	-0.0411669	-0.0277003	-0.0352369	-0.0616373	-0.0722836	-0.0573977	-0.0392729	-0.049529	-0.0515942	-0.0681871	-0.0449921	-0.0540028	-0.0238531	-0.0192494	-0.0218075	-0.0401246	-0.0540028	-0.0390148	-0.0436678	-0.0376372	-0.0504255	-0.0301961	-0.039027	-0.0822655	-0.061684	-0.0267852	-0.0624685	-0.0615637	-0.0486541	-0.0622037	-0.0484695	-0.046675	-0.0143882	-0.0163681	-0.0286451	-0.0577689	-0.0237578	-0.0335193	-0.0526548	-0.0343745	-0.0540028	-0.0300962	-0.0294221	-0.0261506	-0.0143427	-0.0235197	-0.0168237	-0.0616197	-0.0540028	-0.0212742	-0.0413297	-0.0540028	-0.0632834	-0.0540028	-0.0339304	-0.0504255	-0.0540028	-0.0725916	-0.0540028	-0.0275314	-0.0499619	-0.0490448	-0.0648852
1000	intercept	0.420114	0.429682	0.423147	0.432702	0.432823	0.406078	0.447359	0.411202	0.425536	0.441969	0.418625	0.404512	0.441689	0.407397	0.402113	0.404773	0.420613	0.444165	0.439239	0.449605	0.423991	0.414879	0.407152	0.410111	0.433921	0.420869	0.427074	0.409969	0.442965	0.448981	0.420518	0.406523	0.441825	0.441106	0.426154	0.423604	0.410352	0.429403	0.42005	0.444484	0.414557	0.426161	0.397996	0.425064	0.446655	0.424564	0.42277	0.390004	0.43881	0.440548	0.4104	0.435089	0.442399	0.433445	0.426771	0.413903	0.433086	0.438452	0.425014	0.395123	0.430609	0.418671	0.393393	0.428208	0.415408	0.456112	0.420034	0.439938	0.431425	0.439067	0.396449	0.443107	0.425828	0.412458	0.38465	0.386081	0.455207	0.396626	0.390004	0.397483	0.406097	0.424365	0.432166	0.423319	0.399032	0.421947	0.416065	0.423547	0.395662	0.417955	0.426944	0.396618	0.415393	0.422678	0.440532	0.441844	0.432872	0.444263	0.415868	0.427088	0.411931	0.442987	0.428029	0.440613	0.421487	0.425126	0.429152	0.434445	0.422906	0.419923	0.42864	0.436203	0.419654	0.427884	0.399032	0.449452	0.434798	0.472558	0.419717	0.425126	0.44279	0.408005	0.441479	0.430817	0.422878	0.414005	0.459107	0.428374	0.4122	0.434263	0.429572	0.413752	0.430633	0.458486	0.449469	0.457109	0.40875	0.418042	0.420248	0.409227	0.447406	0.407152	0.405061	0.412546	0.431835	0.451918	0.419091	0.426655	0.42215	0.447923	0.402862	0.420158	0.443167	0.443365	0.411684	0.436135	0.424154	0.424654	0.412303	0.42043	0.405361	0.402545	0.424596	0.443824	0.448248	0.410804	0.391278	0.438359	0.414393	0.454417	0.440569	0.422239	0.415913	0.427329	0.422061	0.396855	0.443276	0.433433	0.422109	0.43306	0.411359	0.441949	0.462649	0.440623	0.424596	0.403566	0.420894	0.429796	0.420738	0.442688	0.453448	0.441313	0.427902	0.426722	0.457275	0.406797	0.428038	0.444327	0.450442	0.410313	0.41553	0.423543	0.425275	0.396626	0.397083	0.417758	0.373787	0.409098	0.436447	0.446359	0.466221	0.446349	0.41145	0.433212	0.400009	0.423731	0.428174	0.436447	0.446122	0.430878	0.445943	0.448729	0.433663	0.447132	0.383382	0.396626	0.427572	0.396626	0.397083	0.4055	0.440049	0.442484	0.441622	0.399961	0.410049	0.461773	0.417285	0.436447	0.408768	0.412496	0.396626	0.46534	0.428174	0.442484	0.417825	0.395575	0.421552	0.400009	0.422783	0.396626	0.376993	0.40149	0.446528	0.438545	0.44952	0.427833	0.43418	0.41145	0.430932	0.454573	0.403485	0.370452	0.396626	0.397083	0.413671	0.404003	0.441583	0.447132	0.433212	0.422783	0.414097	0.455458	0.414097	0.433663	0.441976	0.414097	0.404003	0.382918	0.446528	0.462452	0.461748	0.426116	0.446133	0.412109	0.450476	0.428365	0.416209	0.439807	0.401677	0.416209	0.450476	0.456499	0.410049	0.423715	0.437908	0.439807	0.439347	0.442857	0.453818	0.417758	0.417758	0.438068	0.432037	0.417014	0.456499	0.433663	0.410325	0.43493	0.395575	0.431411	0.427477	0.420822	0.430792	0.44018	0.39406	0.39406	0.428365	0.417758	0.41016	0.411672	0.422783	0.441589	0.411672	0.437765	0.461013	0.443915	0.447044	0.447898	0.438415	0.393227	0.44237	0.43742	0.434399	0.396626	0.376993	0.437765	0.423543	0.439807	0.446979	0.448729	0.446179	0.469485	0.4948	0.441045	0.428365	0.432996	0.399961	0.450476	0.397083	0.419802	0.437765	0.429173	0.474495	0.396626	0.411931	0.430792	0.433663	0.439987	0.418299	0.41016	0.441488	0.475203	0.440049	0.436447	0.398096	0.440928	0.428174	0.420822	0.462519	0.437765	0.408768	0.404003	0.440094	0.400009	0.394934	0.375536	0.416325	0.397083	0.428365	0.427477	0.402968	0.41553	0.423134	0.429266	0.383382	0.416184	0.445868	0.397906	0.397083	0.439807	0.397083	0.440094	0.440654	0.398096	0.454573	0.396626	0.411672	0.431818	0.442484	0.396626
2000	slope	-0.0742855	-0.114083	-0.127294	-0.11401	-0.0962067	-0.107763	-0.106181	-0.122489	-0.119961	-0.0966183	-0.13584	-0.115938	-0.142536	-0.123704	-0.0735034	-0.109199	-0.104232	-0.123475	-0.131549	-0.119325	-0.112169	-0.110939	-0.127376	-0.13477	-0.092393	-0.125416	-0.118757	-0.130597	-0.106924	-0.108574	-0.156059	-0.0776856	-0.141716	-0.0784831	-0.0706517	-0.115623	-0.115942	-0.103873	-0.120548	-0.109624	-0.112918	-0.106363	-0.104328	-0.0876374	-0.0995982	-0.0993837	-0.101511	-0.0818002	-0.0943468	-0.0918198	-0.0832353	-0.12166	-0.125659	-0.0698618	-0.0985357	-0.118527	-0.152526	-0.116256	-0.107091	-0.132109	-0.0857839	-0.113465	-0.126984	-0.106379	-0.113401	-0.126967	-0.0661642	-0.0753515	-0.126748	-0.100633	-0.0855243	-0.109934	-0.129524	-0.140435	-0.144856	-0.118393	-0.112272	-0.08917	-0.0717076	-0.105469	-0.10898	-0.103736	-0.0796599	-0.103249	-0.117265	-0.0932691	-0.121139	-0.09472	-0.110394	-0.131054	-0.107124	-0.102681	-0.0823836	-0.111696	-0.113125	-0.119879	-0.117413	-0.123794	-0.101142	-0.109773	-0.135535	-0.0851041	-0.120174	-0.0960381	-0.0894567	-0.0672802	-0.123646	-0.107456	-0.0869231	-0.14457	-0.09618	-0.113677	-0.0833511	-0.112708	-0.100518	-0.118216	-0.121715	-0.11774	-0.132513	-0.121657	-0.126837	-0.0986032	-0.119828	-0.119883	-0.0927618	-0.0975007	-0.0937131	-0.0685581	-0.110274	-0.109018	-0.0948885	-0.127063	-0.115599	-0.109048	-0.132139	-0.101376	-0.110487	-0.0922574	-0.104309	-0.0906569	-0.128863	-0.12456	-0.0716766	-0.107452	-0.0872544	-0.10985	-0.106943	-0.111255	-0.118124	-0.124249	-0.0801511	-0.106855	-0.121004	-0.118883	-0.122757	-0.110374	-0.0995981	-0.113038	-0.117108	-0.12709	-0.116959	-0.110045	-0.131886	-0.0895171	-0.0779579	-0.11356	-0.113269	-0.0892693	-0.0902121	-0.0924021	-0.0942154	-0.0827155	-0.0933282	-0.122355	-0.113122	-0.125841	-0.112443	-0.122908	-0.112196	-0.108811	-0.147271	-0.114564	-0.0993774	-0.129977	-0.0979031	-0.0922786	-0.113018	-0.111999	-0.103905	-0.102078	-0.137392	-0.0880917	-0.12144	-0.121401	-0.121331	-0.139368	-0.108125	-0.124173	-0.0839591	-0.117079	-0.112856	-0.096196	-0.120335	-0.0286031	-0.0671836	-0.12804	-0.145423	-0.121103	-0.0775144	-0.110594	-0.130829	-0.119358	-0.105303	-0.122536	-0.136015	-0.0965473	-0.132933	-0.111355	-0.0859996	-0.113037	-0.135075	-0.123371	-0.0773027	-0.14019	-0.120335	-0.0620756	-0.0880145	-0.0620586	-0.113232	-0.124788	-0.100282	-0.112332	-0.0809002	-0.112332	-0.109807	-0.112332	-0.106285	-0.110166	-0.123371	-0.12344	-0.14019	-0.16079	-0.101323	-0.137212	-0.0819912	-0.111282	-0.134287	-0.142514	-0.130968	-0.125551	-0.155365	-0.112098	-0.102465	-0.145423	-0.113546	-0.115209	-0.136605	-0.0454508	-0.124201	-0.112387	-0.126547	-0.121671	-0.125058	-0.0495224	-0.0890735	-0.106799	-0.114359	-0.14019	-0.112047	-0.131508	-0.108554	-0.136188	-0.0715255	-0.117726	-0.155365	-0.0612394	-0.145423	-0.134465	-0.0918784	-0.0495224	-0.12575	-0.106799	-0.113455	-0.0795371	-0.0498535	-0.115245	-0.128603	-0.126984	-0.10636	-0.124893	-0.106834	-0.0946629	-0.101382	-0.112849	-0.132831	-0.119358	-0.126547	-0.117726	-0.104204	-0.0658122	-0.132	-0.131875	-0.0647983	-0.0795371	-0.119581	-0.0553822	-0.137152	-0.054394	-0.0713709	-0.0658122	-0.142514	-0.0909143	-0.136417	-0.0946629	-0.119358	-0.0657454	-0.114762	-0.123371	-0.106573	-0.126021	-0.123371	-0.0572577	-0.09521	-0.0567968	-0.118746	-0.0831276	-0.112332	-0.107758	-0.106761	-0.134465	-0.112332	-0.137991	-0.132271	-0.12259	-0.0597696	-0.125504	-0.123371	-0.12804	-0.116772	-0.119666	-0.109807	-0.139523	-0.125504	-0.069235	-0.115569	-0.0946629	-0.0831276	-0.148528	-0.0683154	-0.102044	-0.109547	-0.131406	-0.0722691	-0.0221005	-0.0795371	-0.0721815	-0.0717142	-0.108415	-0.113455	-0.14019	-0.115245	-0.112856	-0.0859996	-0.135075	-0.122646	-0.117726	-0.134465	-0.0713709	-0.132	-0.0819912	-0.0978847	-0.134465	-0.123371	-0.108554	-0.108631	-0.0713709	-0.113232	-0.112647	-0.136605	-0.108718	-0.0859996	-0.127592	-0.121103	-0.115245	-0.136605	-0.135075	-0.106285	-0.0880145	-0.0623711	-0.0567968	-0.0555378	-0.112348	-0.0717635	-0.0495224	-0.168876	-0.124553	-0.0601048	-0.109975	-0.0713179	-0.0544793
2000	intercept	0.340294	0.360532	0.372173	0.360144	0.358747	0.354732	0.361312	0.378429	0.34732	0.350285	0.359541	0.342089	0.353949	0.359451	0.378965	0.383108	0.352776	0.345941	0.350394	0.367145	0.361603	0.364333	0.363182	0.355334	0.405162	0.356311	0.346239	0.361139	0.398704	0.364914	0.379284	0.35759	0.373759	0.348579	0.335236	0.352351	0.368823	0.399672	0.385595	0.385219	0.370162	0.354618	0.36365	0.347757	0.382112	0.399574	0.356991	0.34453	0.36344	0.364048	0.366677	0.359661	0.337408	0.342875	0.354591	0.350162	0.360644	0.354766	0.382272	0.367382	0.365979	0.365561	0.383674	0.348825	0.368179	0.342106	0.356531	0.363339	0.357196	0.345904	0.36055	0.356382	0.357726	0.336494	0.399295	0.343279	0.361888	0.359778	0.344957	0.368803	0.377223	0.341104	0.356066	0.347901	0.35882	0.3727	0.365764	0.378129	0.374138	0.343809	0.382787	0.361432	0.372681	0.347002	0.362039	0.350807	0.362483	0.365431	0.372032	0.35857	0.355651	0.367054	0.35459	0.38635	0.370627	0.359034	0.376099	0.339394	0.350277	0.368209	0.364615	0.342461	0.361262	0.351731	0.359511	0.363151	0.363881	0.354559	0.346166	0.339279	0.357437	0.344922	0.34218	0.348409	0.399613	0.362602	0.378722	0.356246	0.362539	0.343601	0.358995	0.363281	0.34346	0.364118	0.344807	0.323422	0.350332	0.352089	0.365183	0.367478	0.341588	0.376979	0.366307	0.394771	0.36172	0.346531	0.320299	0.386226	0.365603	0.342655	0.34481	0.344459	0.36106	0.331159	0.346246	0.367389	0.381449	0.358796	0.33511	0.356595	0.349622	0.357347	0.340501	0.367016	0.38218	0.361269	0.361786	0.372175	0.366433	0.360771	0.349928	0.343149	0.363029	0.374359	0.364125	0.354382	0.356585	0.371629	0.346269	0.411389	0.377914	0.370128	0.345578	0.365557	0.366141	0.367831	0.362067	0.350968	0.349319	0.34943	0.379963	0.346822	0.363884	0.358561	0.355694	0.356265	0.372815	0.351625	0.370004	0.371484	0.348713	0.323465	0.359283	0.329701	0.373998	0.363166	0.352324	0.353454	0.340667	0.338583	0.387006	0.362704	0.362387	0.34346	0.340402	0.36685	0.353956	0.361653	0.373307	0.352328	0.351933	0.372202	0.369133	0.393391	0.359283	0.336638	0.358635	0.393003	0.357137	0.352324	0.352865	0.362849	0.389222	0.362849	0.338583	0.366968	0.356255	0.340402	0.362196	0.341997	0.393391	0.393306	0.302483	0.331977	0.373807	0.346109	0.347537	0.379496	0.340402	0.318832	0.340676	0.360541	0.358635	0.352324	0.353956	0.362704	0.367149	0.372753	0.354238	0.363166	0.348423	0.3566	0.343312	0.361775	0.351016	0.360541	0.387334	0.393391	0.357137	0.388982	0.347532	0.408383	0.365248	0.399336	0.340676	0.419147	0.352324	0.368974	0.330176	0.361775	0.381273	0.360541	0.375238	0.387348	0.365305	0.350789	0.372855	0.359491	0.356255	0.361407	0.355119	0.352201	0.355318	0.370917	0.330758	0.379085	0.343182	0.399899	0.348954	0.386908	0.361407	0.35782	0.432651	0.387348	0.364823	0.316755	0.373365	0.373729	0.353778	0.386908	0.371762	0.358713	0.371762	0.364111	0.379085	0.358713	0.353956	0.362196	0.341243	0.3566	0.371853	0.348936	0.326672	0.364925	0.346976	0.331944	0.364226	0.340206	0.346109	0.368974	0.362849	0.330758	0.326841	0.341395	0.381972	0.340449	0.371853	0.37463	0.367695	0.354732	0.338583	0.363166	0.340449	0.362833	0.358709	0.364111	0.353587	0.33424	0.372753	0.386135	0.371891	0.36149	0.357731	0.331794	0.387348	0.373858	0.369867	0.36683	0.375238	0.393391	0.3566	0.348713	0.373307	0.351933	0.378671	0.399336	0.371071	0.353778	0.361407	0.373858	0.360112	0.386132	0.361407	0.347532	0.341373	0.353778	0.359768	0.371853	0.367149	0.340402	0.373307	0.37463	0.353454	0.3566	0.347169	0.351933	0.356255	0.358635	0.356922	0.365248	0.369656	0.36029	0.369656	0.361775	0.404441	0.393875	0.383086	0.371891	0.372753	0.451813
3000	slope	-0.144684	-0.12997	-0.172012	-0.12827	-0.113167	-0.123985	-0.120009	-0.129415	-0.128819	-0.145736	-0.0994878	-0.106889	-0.16479	-0.12555	-0.133577	-0.145276	-0.115834	-0.102681	-0.0966224	-0.177786	-0.113106	-0.145388	-0.132265	-0.139195	-0.126338	-0.163815	-0.125107	-0.114511	-0.138812	-0.143487	-0.130134	-0.110492	-0.137201	-0.159422	-0.148187	-0.127834	-0.132328	-0.142872	-0.134646	-0.131788	-0.109507	-0.132005	-0.142177	-0.150751	-0.160775	-0.127681	-0.139605	-0.112016	-0.145354	-0.132504	-0.163502	-0.0908473	-0.157939	-0.152219	-0.11372	-0.135618	-0.114544	-0.128027	-0.122496	-0.138666	-0.145906	-0.123799	-0.137078	-0.135684	-0.131857	-0.127496	-0.108797	-0.143816	-0.155319	-0.140234	-0.125963	-0.121341	-0.148836	-0.14793	-0.126714	-0.171878	-0.132236	-0.129623	-0.155816	-0.148895	-0.15267	-0.118288	-0.142614	-0.140214	-0.127391	-0.143344	-0.112517	-0.159635	-0.122817	-0.0991961	-0.0982141	-0.129832	-0.136954	-0.138521	-0.14122	-0.110273	-0.12262	-0.1531	-0.129542	-0.132523	-0.147452	-0.107711	-0.128917	-0.134294	-0.126861	-0.143607	-0.158663	-0.130022	-0.143588	-0.133479	-0.147571	-0.117659	-0.139784	-0.130819	-0.121457	-0.155607	-0.145681	-0.143252	-0.128457	-0.145701	-0.113706	-0.162706	-0.114621	-0.125955	-0.12271	-0.130287	-0.118957	-0.146211	-0.148643	-0.146409	-0.136484	-0.128747	-0.109612	-0.13843	-0.141759	-0.145701	-0.147618	-0.13243	-0.118216	-0.136632	-0.135434	-0.134602	-0.147014	-0.18019	-0.154541	-0.158273	-0.116156	-0.141686	-0.13702	-0.128592	-0.119364	-0.135664	-0.154463	-0.120697	-0.144323	-0.129091	-0.125506	-0.141126	-0.12277	-0.132734	-0.12786	-0.13477	-0.156908	-0.144191	-0.105939	-0.160405	-0.134918	-0.14264	-0.145808	-0.13043	-0.136921	-0.126954	-0.123954	-0.134001	-0.132675	-0.146768	-0.143794	-0.124	-0.120117	-0.121128	-0.11364	-0.148812	-0.134029	-0.113067	-0.139914	-0.121612	-0.115605	-0.123776	-0.10823	-0.106215	-0.135365	-0.166237	-0.142777	-0.140883	-0.125389	-0.14513	-0.129617	-0.107985	-0.143607	-0.165633	-0.14096	-0.125481	-0.122754	-0.154903	-0.142382	-0.124581	-0.163435	-0.116438	-0.153327	-0.105729	-0.133005	-0.116439	-0.137174	-0.178297	-0.128455	-0.128607	-0.141884	-0.095157	-0.147171	-0.16198	-0.114936	-0.146389	-0.153677	-0.148719	-0.144622	-0.126299	-0.139625	-0.126434	-0.119331	-0.139815	-0.143098	-0.0990044	-0.124273	-0.0826323	-0.143764	-0.11489	-0.104721	-0.144622	-0.150607	-0.131452	-0.154903	-0.141044	-0.144489	-0.125835	-0.126529	-0.0795864	-0.124581	-0.146437	-0.135205	-0.141255	-0.146689	-0.137041	-0.143973	-0.110348	-0.123973	-0.0853506	-0.136981	-0.13543	-0.140158	-0.0795864	-0.112874	-0.154903	-0.140094	-0.12746	-0.166918	-0.143098	-0.141436	-0.126434	-0.128455	-0.144297	-0.152096	-0.0979368	-0.118553	-0.128426	-0.141755	-0.122777	-0.145862	-0.133828	-0.131452	-0.13128	-0.0889309	-0.155683	-0.126434	-0.138568	-0.12272	-0.193364	-0.146389	-0.131989	-0.116438	-0.110348	-0.151464	-0.154903	-0.140058	-0.143037	-0.110515	-0.126434	-0.108907	-0.16198	-0.119142	-0.117965	-0.108499	-0.150607	-0.123973	-0.125027	-0.112874	-0.13818	-0.116383	-0.150845	-0.11959	-0.133828	-0.0980536	-0.134765	-0.116438	-0.0980536	-0.103618	-0.101763	-0.148671	-0.116254	-0.128455	-0.154292	-0.146389	-0.138568	-0.150607	-0.0939614	-0.146893	-0.144025	-0.142541	-0.131836	-0.110515	-0.105729	-0.0824446	-0.125481	-0.12746	-0.132688	-0.13843	-0.140279	-0.154176	-0.153001	-0.102786	-0.0979368	-0.148244	-0.163435	-0.12746	-0.143255	-0.130673	-0.143098	-0.100074	-0.123973	-0.138925	-0.129728	-0.109804	-0.142541	-0.13016	-0.163101	-0.141351	-0.146479	-0.136526	-0.120996	-0.129101	-0.118553	-0.141255	-0.125835	-0.128711	-0.08871	-0.0723952	-0.12081	-0.109483	-0.0970786	-0.116438	-0.110909	-0.12746	-0.136981	-0.178297	-0.150615	-0.122754	-0.143098	-0.0979444	-0.140279	-0.125481	-0.143973	-0.136896	-0.109483	-0.126434	-0.144489	-0.140279	-0.123973	-0.118961	-0.117965	-0.122715	-0.146389	-0.154292	-0.117618	-0.115993	-0.204763	-0.121066	-0.161233	-0.0853506	-0.145638	-0.158814	-0.150607
3000	intercept	0.323183	0.370411	0.358956	0.367227	0.34577	0.329169	0.359085	0.351073	0.360816	0.346571	0.360657	0.368651	0.356438	0.361655	0.338313	0.339166	0.312371	0.321332	0.32807	0.337381	0.335217	0.322014	0.334872	0.33325	0.340764	0.33577	0.325916	0.340331	0.342541	0.347538	0.342443	0.362086	0.356352	0.331837	0.390901	0.321429	0.332596	0.361675	0.39162	0.337195	0.369785	0.372832	0.339086	0.369068	0.331739	0.384019	0.357825	0.338052	0.362692	0.333311	0.348952	0.364691	0.377775	0.380275	0.328462	0.327064	0.367637	0.368758	0.37346	0.345763	0.371436	0.355367	0.32149	0.346821	0.364364	0.360411	0.331181	0.329992	0.355773	0.338678	0.372187	0.369446	0.342726	0.342329	0.387785	0.314183	0.318559	0.352703	0.379019	0.330934	0.380849	0.333199	0.3673	0.332504	0.341614	0.334486	0.330959	0.32633	0.330761	0.31441	0.353912	0.367253	0.372714	0.34922	0.351155	0.341471	0.34148	0.353429	0.325813	0.326366	0.364044	0.364817	0.391271	0.326845	0.362433	0.332147	0.355114	0.3416	0.344121	0.337753	0.321446	0.336903	0.311719	0.337881	0.36657	0.317837	0.35913	0.337163	0.360955	0.341871	0.325734	0.332864	0.343338	0.358509	0.341487	0.345445	0.332705	0.338216	0.355963	0.349506	0.342719	0.344143	0.348211	0.333612	0.349993	0.333473	0.36286	0.329055	0.354993	0.357975	0.358023	0.347649	0.308203	0.338304	0.355162	0.339359	0.331181	0.339334	0.376218	0.342385	0.327433	0.328347	0.318819	0.344876	0.365382	0.324487	0.365254	0.340764	0.326734	0.361452	0.351009	0.338686	0.35784	0.355671	0.339168	0.357872	0.384438	0.334321	0.351179	0.332083	0.347116	0.341011	0.325432	0.358846	0.358144	0.374578	0.361465	0.343689	0.330849	0.373424	0.339032	0.323129	0.313373	0.321898	0.341996	0.335929	0.340603	0.319201	0.346978	0.358604	0.414341	0.346072	0.319255	0.345428	0.327977	0.364194	0.320197	0.324213	0.335531	0.363229	0.338235	0.313587	0.404055	0.350086	0.34654	0.319876	0.367669	0.436144	0.320363	0.354633	0.349126	0.338391	0.311999	0.380333	0.307342	0.32866	0.305913	0.350549	0.398795	0.351716	0.304195	0.340543	0.329635	0.34577	0.375421	0.351534	0.333612	0.297658	0.34384	0.375421	0.328082	0.331937	0.320052	0.355565	0.334075	0.326139	0.315964	0.375421	0.404748	0.330812	0.350086	0.347097	0.355671	0.362694	0.337131	0.366546	0.314508	0.340304	0.36873	0.341609	0.357481	0.32549	0.30985	0.329412	0.34384	0.346211	0.318182	0.330812	0.347097	0.366546	0.338751	0.366171	0.349248	0.320052	0.347918	0.336564	0.30985	0.297658	0.307955	0.327307	0.390562	0.363667	0.340526	0.368056	0.361379	0.399659	0.359324	0.338391	0.330812	0.331239	0.314003	0.348071	0.307706	0.325647	0.329412	0.324192	0.357481	0.404055	0.436144	0.329412	0.318182	0.351869	0.360245	0.342133	0.370619	0.307706	0.399659	0.351716	0.327307	0.331937	0.309421	0.404748	0.31544	0.336986	0.338751	0.372964	0.388302	0.315894	0.34577	0.371812	0.327092	0.381171	0.436144	0.327092	0.346399	0.344978	0.346399	0.348394	0.307342	0.392539	0.34577	0.325647	0.400782	0.366345	0.367669	0.327034	0.373715	0.34577	0.362637	0.367619	0.366546	0.320336	0.320052	0.32866	0.332167	0.338235	0.311811	0.361199	0.332311	0.363667	0.367588	0.367669	0.320052	0.30985	0.374412	0.329412	0.313587	0.344125	0.334248	0.344125	0.337897	0.373715	0.32419	0.378972	0.307342	0.31672	0.320241	0.352892	0.327307	0.337897	0.341609	0.362694	0.365427	0.331937	0.377474	0.311151	0.317068	0.345302	0.436144	0.314498	0.320052	0.318182	0.373192	0.357481	0.404055	0.329412	0.338391	0.338235	0.344579	0.30985	0.410142	0.317068	0.322425	0.355671	0.338235	0.344125	0.393705	0.33525	0.352892	0.34577	0.392539	0.329412	0.338391	0.36383	0.342173	0.311756	0.346211	0.355252	0.332779	0.404748
4000	slope	-0.157758	-0.140225	-0.12091	-0.145767	-0.164737	-0.121134	-0.148173	-0.133025	-0.142097	-0.143104	-0.171681	-0.171588	-0.177044	-0.150859	-0.190805	-0.135586	-0.144485	-0.142126	-0.120883	-0.139614	-0.126274	-0.127953	-0.134995	-0.121334	-0.115841	-0.16124	-0.123055	-0.176443	-0.157207	-0.124681	-0.131442	-0.153836	-0.168202	-0.140251	-0.122884	-0.154609	-0.127711	-0.164163	-0.15616	-0.118761	-0.149324	-0.148699	-0.145364	-0.188382	-0.172229	-0.157462	-0.154336	-0.171131	-0.137731	-0.158696	-0.141544	-0.138409	-0.144311	-0.161743	-0.137089	-0.139696	-0.143129	-0.135274	-0.137463	-0.137265	-0.149292	-0.149621	-0.130751	-0.158897	-0.161645	-0.150556	-0.19046	-0.155099	-0.137534	-0.123785	-0.165953	-0.146936	-0.14793	-0.149912	-0.132373	-0.137492	-0.13563	-0.155948	-0.186479	-0.151529	-0.127103	-0.154225	-0.105352	-0.157818	-0.121301	-0.168956	-0.140131	-0.128543	-0.134269	-0.14724	-0.196166	-0.184074	-0.169616	-0.159376	-0.146465	-0.139849	-0.129189	-0.145535	-0.159998	-0.140752	-0.143537	-0.155558	-0.157206	-0.153647	-0.141176	-0.186281	-0.13608	-0.0958051	-0.129748	-0.134181	-0.120539	-0.131593	-0.146962	-0.141514	-0.156073	-0.123971	-0.13533	-0.150537	-0.134457	-0.168054	-0.154137	-0.133449	-0.11953	-0.170115	-0.160733	-0.161455	-0.141636	-0.159858	-0.174387	-0.146149	-0.142198	-0.160164	-0.188924	-0.141534	-0.160806	-0.147979	-0.119657	-0.165016	-0.149903	-0.127332	-0.184764	-0.137084	-0.184615	-0.148868	-0.12821	-0.137529	-0.138069	-0.150859	-0.16168	-0.131848	-0.137229	-0.155776	-0.135497	-0.17304	-0.201986	-0.172559	-0.1331	-0.154767	-0.118743	-0.186479	-0.14464	-0.125762	-0.149169	-0.159092	-0.150537	-0.0991409	-0.140621	-0.1447	-0.147903	-0.14598	-0.143938	-0.166619	-0.179832	-0.147456	-0.142931	-0.140791	-0.115223	-0.162577	-0.124176	-0.150761	-0.132963	-0.163865	-0.136965	-0.130306	-0.15108	-0.14914	-0.119542	-0.179584	-0.167194	-0.157808	-0.145892	-0.133815	-0.151015	-0.173864	-0.142477	-0.129099	-0.154176	-0.119084	-0.106631	-0.133761	-0.159573	-0.121957	-0.124824	-0.160922	-0.0983896	-0.105842	-0.124824	-0.126144	-0.166475	-0.14079	-0.141544	-0.159465	-0.237436	-0.163848	-0.13131	-0.201631	-0.117328	-0.138425	-0.108862	-0.109632	-0.144749	-0.104028	-0.142278	-0.167893	-0.132064	-0.18313	-0.153665	-0.148882	-0.216257	-0.148791	-0.149397	-0.101824	-0.128303	-0.143431	-0.140056	-0.124164	-0.177285	-0.216257	-0.216257	-0.104969	-0.140754	-0.134356	-0.111177	-0.157281	-0.144749	-0.135195	-0.14034	-0.141544	-0.14079	-0.0903317	-0.231414	-0.165095	-0.148882	-0.18313	-0.154032	-0.14079	-0.141299	-0.138425	-0.18313	-0.231414	-0.154436	-0.131293	-0.143667	-0.160715	-0.134753	-0.0991243	-0.128303	-0.18313	-0.141544	-0.115973	-0.181293	-0.149397	-0.159536	-0.12355	-0.144749	-0.169983	-0.124809	-0.138115	-0.128303	-0.167371	-0.163848	-0.176123	-0.18313	-0.18313	-0.108862	-0.148882	-0.10677	-0.1571	-0.147168	-0.134753	-0.129815	-0.180213	-0.186099	-0.147168	-0.155825	-0.165653	-0.13162	-0.155825	-0.108406	-0.153794	-0.113409	-0.130902	-0.141337	-0.132234	-0.155872	-0.146537	-0.140754	-0.231414	-0.18313	-0.190449	-0.148882	-0.216257	-0.170957	-0.113409	-0.14088	-0.26113	-0.147168	-0.100559	-0.124824	-0.117964	-0.159465	-0.148882	-0.103485	-0.151394	-0.1571	-0.145197	-0.136352	-0.134753	-0.147442	-0.122897	-0.191739	-0.156377	-0.0714372	-0.101962	-0.11503	-0.141203	-0.132386	-0.117328	-0.136352	-0.191739	-0.116723	-0.173435	-0.129104	-0.14822	-0.140024	-0.227561	-0.137056	-0.15623	-0.138425	-0.134753	-0.149252	-0.152573	-0.173857	-0.16605	-0.128303	-0.204653	-0.186099	-0.160507	-0.14822	-0.160118	-0.132064	-0.173435	-0.131293	-0.163848	-0.144749	-0.140308	-0.177278	-0.16587	-0.140024	-0.135348	-0.113102	-0.170353	-0.160507	-0.113102	-0.152573	-0.124824	-0.231414	-0.138425	-0.18313	-0.151394	-0.212056	-0.170981	-0.12478	-0.15623	-0.146151	-0.128984	-0.13524	-0.121234	-0.18313	-0.123335	-0.124824	-0.148086	-0.155825	-0.0979276	-0.109458	-0.137054	-0.103485	-0.141544	-0.147168	-0.171857
4000	intercept	0.320273	0.377157	0.351295	0.342538	0.368811	0.317304	0.321337	0.353254	0.301545	0.331496	0.348145	0.329132	0.328299	0.334434	0.345106	0.353849	0.325485	0.359667	0.361815	0.312538	0.30141	0.375707	0.332466	0.331431	0.344445	0.327774	0.376173	0.362433	0.343369	0.337529	0.356321	0.337063	0.331559	0.349079	0.337609	0.33134	0.336024	0.302549	0.305543	0.39832	0.346197	0.351056	0.347233	0.359477	0.363382	0.332064	0.396855	0.38025	0.348597	0.368569	0.279075	0.307424	0.350296	0.378231	0.320242	0.339204	0.333981	0.303061	0.346697	0.317147	0.369372	0.306988	0.374008	0.339809	0.367333	0.356028	0.372404	0.338198	0.290213	0.319929	0.330553	0.310643	0.352401	0.326222	0.352645	0.36053	0.318298	0.360283	0.328913	0.310337	0.341182	0.319296	0.319923	0.355503	0.404658	0.332803	0.324146	0.310542	0.366066	0.330182	0.373457	0.353943	0.361203	0.312682	0.375812	0.322962	0.294976	0.381192	0.32305	0.344948	0.344569	0.385719	0.396315	0.324691	0.367574	0.353007	0.358579	0.339361	0.305311	0.329709	0.294639	0.349206	0.319673	0.355364	0.303101	0.372822	0.341611	0.36146	0.332252	0.372789	0.356634	0.367405	0.39887	0.308902	0.339678	0.334379	0.32855	0.3242	0.327965	0.360148	0.336698	0.37215	0.354041	0.371917	0.335737	0.336262	0.324186	0.397091	0.331242	0.311649	0.331085	0.3091	0.350253	0.359536	0.350945	0.313197	0.369544	0.341706	0.340132	0.330651	0.347564	0.329099	0.315766	0.343086	0.377541	0.2956	0.331296	0.357827	0.328764	0.324137	0.332445	0.363972	0.308265	0.373844	0.362153	0.3109	0.32148	0.34277	0.354586	0.318537	0.309686	0.342769	0.328658	0.350509	0.326238	0.365245	0.365452	0.362273	0.33624	0.343493	0.331332	0.383161	0.31161	0.348788	0.330147	0.37158	0.31158	0.381646	0.327799	0.351432	0.304408	0.356646	0.347741	0.289791	0.323463	0.360849	0.35656	0.35368	0.387863	0.380159	0.326634	0.354727	0.362639	0.368499	0.344806	0.315773	0.362639	0.332929	0.346301	0.361558	0.279075	0.317155	0.359354	0.330634	0.316802	0.396502	0.324073	0.320391	0.327363	0.324073	0.344956	0.345128	0.31564	0.368637	0.304769	0.290941	0.392798	0.400941	0.35079	0.294517	0.305165	0.324073	0.300403	0.357783	0.300162	0.358442	0.346349	0.35079	0.35079	0.316362	0.300705	0.301157	0.344144	0.356351	0.344956	0.397359	0.338955	0.279075	0.361558	0.393257	0.361466	0.397731	0.393153	0.290941	0.38901	0.361558	0.325433	0.320391	0.290941	0.373184	0.326634	0.333949	0.357299	0.31092	0.391964	0.315536	0.292738	0.290941	0.288237	0.277721	0.403189	0.301132	0.368637	0.325352	0.344956	0.323518	0.310829	0.300705	0.300403	0.334791	0.330634	0.404031	0.286141	0.301468	0.327186	0.393153	0.350836	0.322641	0.330634	0.391964	0.332624	0.404293	0.403189	0.365563	0.412358	0.402348	0.289602	0.414756	0.350836	0.293714	0.311603	0.373901	0.257023	0.257023	0.368637	0.35716	0.300705	0.367341	0.290941	0.358791	0.393153	0.35079	0.365657	0.311603	0.322638	0.367341	0.334858	0.321623	0.341111	0.317376	0.30709	0.394018	0.324073	0.326921	0.322641	0.314156	0.35331	0.403541	0.292929	0.365563	0.379571	0.367957	0.317829	0.344144	0.294165	0.392037	0.332772	0.324073	0.35331	0.379571	0.321623	0.397664	0.341111	0.412	0.315847	0.380539	0.314156	0.319466	0.320391	0.403541	0.361116	0.295853	0.356979	0.401583	0.292738	0.339483	0.403189	0.368164	0.412	0.277681	0.302078	0.397664	0.333949	0.330634	0.344956	0.302078	0.331334	0.36694	0.320334	0.403872	0.347242	0.341484	0.368164	0.347242	0.295853	0.360692	0.361466	0.320391	0.290941	0.326921	0.333857	0.354137	0.37801	0.319466	0.362831	0.342517	0.337137	0.317874	0.286141	0.350612	0.360692	0.295853	0.414756	0.344686	0.288585	0.342517	0.324073	0.301132	0.330634	0.397684
5000	slope	-0.210205	-0.183038	-0.161149	-0.151814	-0.177621	-0.182721	-0.179528	-0.152883	-0.204722	-0.153189	-0.131503	-0.154485	-0.184639	-0.155539	-0.190193	-0.147948	-0.179049	-0.185765	-0.178051	-0.119269	-0.19919	-0.199892	-0.177565	-0.148459	-0.21737	-0.185825	-0.166507	-0.108986	-0.160204	-0.207912	-0.166873	-0.219025	-0.220976	-0.226945	-0.200373	-0.163752	-0.173365	-0.140101	-0.148091	-0.224679	-0.187366	-0.152665	-0.178331	-0.172218	-0.188651	-0.127453	-0.166594	-0.149636	-0.200298	-0.159133	-0.210511	-0.150329	-0.169544	-0.130883	-0.20213	-0.173065	-0.194235	-0.140741	-0.193482	-0.134467	-0.125672	-0.206068	-0.180304	-0.185008	-0.218842	-0.177351	-0.207041	-0.226198	-0.180223	-0.122382	-0.170442	-0.17972	-0.12585	-0.172815	-0.228998	-0.212855	-0.149653	-0.143233	-0.164837	-0.134474	-0.170648	-0.192181	-0.136402	-0.180759	-0.16541	-0.147151	-0.195792	-0.184696	-0.232046	-0.1625	-0.229365	-0.203405	-0.164763	-0.168057	-0.198994	-0.161915	-0.190919	-0.177839	-0.173701	-0.168838	-0.184583	-0.149531	-0.164683	-0.135006	-0.185997	-0.199522	-0.175244	-0.169325	-0.140169	-0.182175	-0.209054	-0.179432	-0.164611	-0.173738	-0.208148	-0.162424	-0.169673	-0.178625	-0.12479	-0.1907	-0.146534	-0.1929	-0.223663	-0.213922	-0.185092	-0.207696	-0.208237	-0.19763	-0.184537	-0.20346	-0.125421	-0.202218	-0.207007	-0.178726	-0.161216	-0.149582	-0.197688	-0.20548	-0.161945	-0.167613	-0.181658	-0.131765	-0.149992	-0.169556	-0.186159	-0.164405	-0.208652	-0.0912666	-0.0994545	-0.169404	-0.127824	-0.145853	-0.191265	-0.160533	-0.173727	-0.144711	-0.19313	-0.162811	-0.216802	-0.219222	-0.223386	-0.198069	-0.189115	-0.134782	-0.168616	-0.167652	-0.115363	-0.161498	-0.176164	-0.230677	-0.205673	-0.195351	-0.176899	-0.184344	-0.177268	-0.197138	-0.15741	-0.223522	-0.189419	-0.183394	-0.182855	-0.202866	-0.207205	-0.171665	-0.156097	-0.192562	-0.152668	-0.146928	-0.124078	-0.202546	-0.15067	-0.191346	-0.205833	-0.143813	-0.172881	-0.165626	-0.185967	-0.165234	-0.154437	-0.151704	-0.197879	-0.178707	-0.155185	-0.187001	-0.176494	-0.167156	-0.183753	-0.170621	-0.189887	-0.194801	-0.220628	-0.189012	-0.204575	-0.215925	-0.20451	-0.214374	-0.230911	-0.216621	-0.170635	-0.141771	-0.170635	-0.1396	-0.123236	-0.154295	-0.189868	-0.133659	-0.0956263	-0.224525	-0.198123	-0.109429	-0.183803	-0.0852827	-0.142419	-0.172831	-0.138653	-0.198822	-0.0959044	-0.109713	-0.224843	-0.169491	-0.226618	-0.183225	-0.189887	-0.131281	-0.154365	-0.134909	-0.175688	-0.18942	-0.224525	-0.120956	-0.199961	-0.230085	-0.148979	-0.209078	-0.206308	-0.230544	-0.0852827	-0.085415	-0.179399	-0.186118	-0.176835	-0.214678	-0.225398	-0.178707	-0.192268	-0.149786	-0.147764	-0.180332	-0.167363	-0.21502	-0.155185	-0.172346	-0.16017	-0.217242	-0.186902	-0.19031	-0.15843	-0.0912639	-0.198228	-0.179319	-0.220628	-0.189887	-0.189887	-0.15455	-0.24842	-0.187389	-0.189975	-0.21502	-0.162238	-0.189887	-0.18699	-0.085415	-0.216488	-0.221929	-0.187001	-0.138653	-0.204213	-0.149786	-0.188952	-0.0983701	-0.194366	-0.221929	-0.229164	-0.105941	-0.188607	-0.085415	-0.116658	-0.220467	-0.193566	-0.120956	-0.113807	-0.219208	-0.186902	-0.154365	-0.170052	-0.222802	-0.236589	-0.155185	-0.162238	-0.131806	-0.160577	-0.111383	-0.215925	-0.120956	-0.146839	-0.137337	-0.220628	-0.181321	-0.167535	-0.234762	-0.169491	-0.222802	-0.221929	-0.192268	-0.159853	-0.178009	-0.223918	-0.138653	-0.138822	-0.170621	-0.188952	-0.149056	-0.176835	-0.149786	-0.153193	-0.085415	-0.187389	-0.214678	-0.223918	-0.138822	-0.224525	-0.128135	-0.201319	-0.206544	-0.180345	-0.2276	-0.229164	-0.194366	-0.116292	-0.230173	-0.229164	-0.206667	-0.133944	-0.209078	-0.149056	-0.141255	-0.192016	-0.201319	-0.197879	-0.138653	-0.10953	-0.135772	-0.188952	-0.198632	-0.138822	-0.14769	-0.173478	-0.16892	-0.15267	-0.214374	-0.179012	-0.184059	-0.202344	-0.243318	-0.139556	-0.229365	-0.16017	-0.227781	-0.160315	-0.224441	-0.167156	-0.152781	-0.186669	-0.0852827	-0.189975	-0.158808	-0.217206	-0.0983701	-0.202344	-0.120956
5000	intercept	0.397737	0.343649	0.306854	0.34891	0.352696	0.367659	0.329408	0.367454	0.366505	0.292358	0.357144	0.298757	0.383474	0.3525	0.363401	0.389687	0.381592	0.386285	0.331203	0.306899	0.390461	0.366256	0.354104	0.33907	0.367546	0.327224	0.358958	0.321518	0.388794	0.367688	0.355914	0.309577	0.320427	0.362481	0.404762	0.335726	0.41115	0.317973	0.357491	0.344498	0.361807	0.349661	0.370824	0.32766	0.345509	0.319368	0.319557	0.341552	0.354059	0.409171	0.338599	0.336558	0.34235	0.326054	0.354519	0.339161	0.368153	0.319812	0.365966	0.383691	0.336186	0.390852	0.375005	0.353131	0.361385	0.358726	0.353399	0.326857	0.383687	0.318419	0.32349	0.410999	0.361366	0.383237	0.303681	0.404826	0.335391	0.339251	0.391712	0.387992	0.382442	0.394945	0.323783	0.392473	0.402461	0.419558	0.370219	0.326215	0.363502	0.355124	0.356355	0.381173	0.350761	0.361478	0.33063	0.329159	0.37229	0.345407	0.348789	0.375075	0.356325	0.297049	0.356039	0.345927	0.344851	0.381302	0.363354	0.368117	0.35838	0.386893	0.362947	0.326217	0.304534	0.324862	0.31987	0.352488	0.37268	0.335983	0.332549	0.382096	0.308964	0.38555	0.378787	0.330681	0.319884	0.390773	0.393627	0.345583	0.364592	0.348549	0.348274	0.325834	0.416369	0.332406	0.342766	0.337007	0.393227	0.364356	0.357314	0.383607	0.339266	0.367647	0.356217	0.312809	0.380586	0.425682	0.354895	0.343859	0.32311	0.37012	0.302861	0.332977	0.337008	0.348237	0.367987	0.325681	0.35566	0.354818	0.326857	0.322808	0.341679	0.370038	0.405424	0.34937	0.403821	0.370077	0.338211	0.362579	0.434546	0.342149	0.387381	0.368577	0.334796	0.389184	0.355672	0.316292	0.346027	0.376541	0.344564	0.36672	0.372202	0.335393	0.336127	0.397469	0.354166	0.379397	0.360432	0.364774	0.329408	0.393928	0.330982	0.360426	0.379306	0.332495	0.36639	0.390374	0.321605	0.313907	0.32311	0.350233	0.411728	0.425639	0.327688	0.414756	0.404775	0.310473	0.410999	0.42883	0.30873	0.332404	0.338367	0.30165	0.326004	0.342654	0.449052	0.39435	0.359215	0.303681	0.316456	0.304477	0.316456	0.346307	0.363391	0.348074	0.314349	0.350813	0.355173	0.371962	0.312858	0.366982	0.367075	0.309136	0.354334	0.413058	0.327275	0.433012	0.278792	0.355425	0.373099	0.385415	0.371041	0.411216	0.30873	0.350813	0.332977	0.284534	0.410999	0.362749	0.368607	0.310351	0.439122	0.373099	0.347926	0.30165	0.312426	0.345931	0.309136	0.309136	0.39501	0.430504	0.338072	0.37152	0.3666	0.425639	0.402997	0.367326	0.367326	0.370876	0.363237	0.275101	0.333396	0.347008	0.372008	0.384475	0.410999	0.338431	0.347926	0.287901	0.307886	0.366626	0.338367	0.30873	0.30873	0.354741	0.392103	0.329174	0.41377	0.292914	0.370788	0.30465	0.354812	0.309136	0.322436	0.293763	0.414756	0.352989	0.368607	0.369053	0.37874	0.310058	0.354163	0.310259	0.303681	0.370574	0.397246	0.309136	0.286246	0.368698	0.354163	0.341532	0.363488	0.341435	0.410999	0.332977	0.352534	0.353465	0.373099	0.332977	0.370788	0.361984	0.344462	0.322145	0.375394	0.33072	0.413426	0.288959	0.338367	0.355949	0.296587	0.330248	0.374283	0.353465	0.310259	0.402997	0.38096	0.385649	0.384475	0.367287	0.295959	0.42883	0.37874	0.365948	0.338072	0.367326	0.335006	0.30545	0.338431	0.37152	0.369683	0.284951	0.368607	0.428118	0.331634	0.331719	0.435727	0.320083	0.303681	0.337257	0.301609	0.343259	0.303681	0.414756	0.346225	0.285108	0.365948	0.335006	0.278678	0.331634	0.411728	0.352989	0.340955	0.308472	0.371129	0.444445	0.301609	0.316122	0.349888	0.381909	0.417582	0.411728	0.429579	0.308109	0.360101	0.368607	0.347926	0.335065	0.372008	0.332404	0.367322	0.373099	0.310473	0.412496	0.417517	0.309136	0.433404	0.38096	0.279691	0.350147	0.360101	0.33072
6000	slope	-0.216653	-0.247105	-0.215035	-0.180073	-0.217774	-0.236694	-0.224257	-0.246993	-0.177457	-0.200111	-0.233352	-0.116993	-0.210159	-0.233371	-0.209055	-0.203223	-0.179432	-0.202908	-0.222028	-0.199906	-0.226481	-0.201996	-0.208388	-0.179141	-0.152156	-0.205376	-0.204691	-0.171942	-0.202556	-0.165333	-0.174705	-0.210357	-0.214042	-0.238461	-0.153493	-0.183493	-0.193634	-0.201603	-0.147528	-0.126391	-0.234309	-0.177994	-0.220592	-0.234286	-0.173768	-0.2112	-0.146583	-0.197415	-0.168531	-0.203604	-0.210584	-0.150177	-0.195271	-0.184103	-0.194524	-0.168815	-0.174772	-0.194017	-0.200812	-0.198717	-0.166148	-0.217864	-0.186969	-0.225969	-0.212629	-0.195458	-0.184326	-0.198754	-0.168107	-0.165066	-0.18604	-0.242938	-0.199383	-0.227947	-0.156478	-0.205599	-0.186627	-0.210402	-0.225732	-0.20691	-0.208026	-0.196704	-0.162316	-0.151967	-0.176778	-0.2172	-0.188825	-0.188749	-0.22294	-0.194374	-0.183938	-0.239537	-0.194968	-0.198605	-0.186764	-0.191117	-0.164156	-0.169083	-0.200697	-0.136059	-0.191597	-0.21056	-0.176965	-0.159809	-0.235381	-0.194853	-0.190106	-0.224613	-0.183915	-0.167795	-0.176237	-0.159694	-0.190985	-0.186584	-0.159622	-0.147572	-0.187371	-0.225186	-0.181231	-0.178349	-0.15158	-0.200075	-0.19211	-0.158974	-0.214251	-0.211413	-0.193226	-0.222341	-0.150765	-0.211854	-0.136235	-0.239095	-0.185289	-0.185619	-0.173325	-0.195303	-0.180971	-0.18746	-0.181214	-0.152971	-0.143913	-0.158335	-0.230844	-0.236502	-0.186757	-0.17644	-0.202664	-0.133378	-0.213536	-0.186126	-0.209211	-0.234034	-0.240289	-0.188799	-0.183423	-0.23437	-0.226924	-0.221867	-0.143513	-0.190563	-0.160487	-0.194129	-0.203504	-0.181774	-0.218082	-0.188645	-0.198866	-0.213759	-0.17236	-0.182784	-0.165141	-0.240506	-0.191979	-0.184823	-0.144611	-0.213459	-0.197975	-0.19735	-0.229971	-0.196946	-0.235958	-0.204822	-0.170568	-0.23581	-0.180447	-0.175578	-0.237805	-0.174153	-0.179322	-0.193063	-0.240097	-0.227871	-0.187428	-0.143128	-0.239935	-0.184636	-0.148419	-0.232636	-0.187884	-0.122442	-0.0869462	-0.219755	-0.168149	-0.247261	-0.214	-0.185688	-0.235582	-0.190981	-0.211539	-0.229644	-0.158698	-0.162749	-0.147269	-0.20974	-0.257002	-0.181316	-0.20974	-0.211539	-0.123245	-0.153802	-0.224617	-0.22387	-0.217778	-0.216093	-0.217778	-0.153802	-0.173454	-0.228389	-0.123245	-0.196761	-0.211983	-0.160539	-0.197588	-0.216093	-0.161884	-0.19254	-0.219921	-0.136644	-0.161884	-0.162257	-0.240829	-0.127639	-0.143035	-0.167732	-0.119804	-0.218512	-0.21129	-0.207421	-0.20524	-0.231535	-0.245917	-0.217213	-0.179657	-0.210314	-0.221266	-0.210412	-0.217213	-0.22387	-0.199004	-0.220447	-0.22436	-0.126663	-0.206205	-0.207042	-0.26074	-0.203592	-0.18567	-0.189461	-0.182854	-0.160133	-0.135827	-0.200184	-0.20849	-0.144996	-0.147519	-0.251754	-0.153499	-0.164183	-0.160912	-0.239388	-0.196775	-0.204622	-0.143035	-0.227538	-0.151482	-0.196712	-0.127639	-0.211232	-0.18567	-0.210412	-0.200343	-0.217778	-0.145614	-0.090123	-0.239388	-0.255258	-0.21466	-0.0968352	-0.207614	-0.0928642	-0.198262	-0.199634	-0.18413	-0.171514	-0.159682	-0.18567	-0.210552	-0.226314	-0.145884	-0.159333	-0.17595	-0.21129	-0.226844	-0.204622	-0.143035	-0.210412	-0.179008	-0.12508	-0.209178	-0.204622	-0.161479	-0.191582	-0.15153	-0.222733	-0.248434	-0.239388	-0.198355	-0.241988	-0.196981	-0.161884	-0.226904	-0.214399	-0.210412	-0.185944	-0.224299	-0.204622	-0.21466	-0.19767	-0.251349	-0.182348	-0.153802	-0.185709	-0.227635	-0.20524	-0.161884	-0.207042	-0.205579	-0.227532	-0.175901	-0.207681	-0.143467	-0.229521	-0.144851	-0.247261	-0.210335	-0.127694	-0.207118	-0.216403	-0.196981	-0.161884	-0.15153	-0.147519	-0.177315	-0.154787	-0.238266	-0.158698	-0.230209	-0.185709	-0.183725	-0.150419	-0.161884	-0.144042	-0.200562	-0.10017	-0.144996	-0.152315	-0.231541	-0.162749	-0.226633	-0.133388	-0.162257	-0.230968	-0.144996	-0.162749	-0.23135	-0.193751	-0.177315	-0.195013	-0.230488	-0.230631	-0.189461	-0.177395	-0.219923	-0.207042	-0.126663	-0.154838	-0.196761	-0.217612	-0.158344	-0.243859
6000	intercept	0.361109	0.382757	0.350237	0.353208	0.388926	0.360076	0.393623	0.371189	0.386287	0.395235	0.367219	0.3338	0.353236	0.393057	0.342472	0.385929	0.33595	0.361919	0.385013	0.381354	0.390467	0.342228	0.401448	0.372419	0.354897	0.377224	0.372615	0.343049	0.346628	0.354856	0.316076	0.380488	0.373221	0.387584	0.341336	0.369218	0.362543	0.364483	0.367845	0.366068	0.376244	0.361905	0.36565	0.358912	0.389079	0.386831	0.368975	0.379343	0.329026	0.382127	0.307709	0.320103	0.358259	0.405583	0.337028	0.382698	0.389742	0.364338	0.362728	0.367143	0.355563	0.38278	0.346043	0.356363	0.330655	0.379538	0.326963	0.352002	0.379956	0.35045	0.342966	0.369417	0.395245	0.377048	0.351251	0.381155	0.367021	0.372914	0.36449	0.335555	0.365295	0.416164	0.38283	0.394504	0.373887	0.344641	0.371685	0.373816	0.35649	0.402952	0.366353	0.389053	0.357055	0.376984	0.35408	0.369283	0.360448	0.354157	0.362903	0.363875	0.385132	0.398926	0.396974	0.311454	0.368014	0.384407	0.349799	0.338584	0.33342	0.386505	0.415569	0.350817	0.392424	0.349821	0.342112	0.352521	0.385778	0.364313	0.358396	0.310458	0.347315	0.373743	0.378773	0.367345	0.373321	0.383263	0.367601	0.370703	0.360909	0.375053	0.327307	0.390783	0.403971	0.367147	0.404338	0.373076	0.339899	0.372036	0.363509	0.347241	0.372407	0.360538	0.411303	0.371328	0.372022	0.35852	0.348248	0.363818	0.383376	0.397124	0.369009	0.381059	0.353418	0.374791	0.322301	0.389091	0.375809	0.386809	0.397341	0.36617	0.316938	0.351721	0.391605	0.322301	0.364214	0.372201	0.327478	0.392275	0.3667	0.361845	0.368304	0.369299	0.385391	0.379847	0.360601	0.351264	0.363021	0.35869	0.383862	0.378773	0.371157	0.345757	0.352185	0.369866	0.365913	0.383492	0.38382	0.372372	0.384794	0.395789	0.341289	0.343431	0.394889	0.351574	0.35553	0.378144	0.393212	0.358912	0.379495	0.321665	0.327499	0.385715	0.420823	0.376078	0.359233	0.3301	0.374135	0.402999	0.358021	0.360546	0.338569	0.389566	0.36325	0.38508	0.401033	0.365383	0.38508	0.370754	0.335028	0.365187	0.416975	0.374135	0.396581	0.37396	0.378329	0.365187	0.385184	0.352408	0.335028	0.402999	0.38508	0.364646	0.376205	0.37396	0.371306	0.341349	0.374135	0.374024	0.375281	0.353449	0.382692	0.313652	0.421237	0.365948	0.378866	0.38508	0.372507	0.399335	0.376031	0.379025	0.359558	0.374135	0.344798	0.351698	0.401033	0.313763	0.374135	0.374135	0.395352	0.356545	0.359853	0.288695	0.347644	0.371353	0.343192	0.371692	0.373053	0.32641	0.380312	0.365948	0.405973	0.305435	0.374135	0.307379	0.379932	0.382002	0.342932	0.374757	0.429776	0.3327	0.395728	0.372652	0.429946	0.367081	0.369927	0.363445	0.313652	0.383815	0.383214	0.322808	0.376847	0.399662	0.371225	0.293213	0.3327	0.363148	0.353318	0.327499	0.333607	0.319469	0.331135	0.406315	0.410141	0.363793	0.371225	0.383214	0.371534	0.389487	0.385714	0.407996	0.354908	0.375168	0.381271	0.377731	0.424866	0.313763	0.420823	0.264464	0.378434	0.384175	0.359571	0.386186	0.364431	0.350807	0.346498	0.350386	0.306155	0.379025	0.302087	0.370997	0.355154	0.411504	0.336722	0.370848	0.384175	0.384175	0.353318	0.30002	0.364245	0.343258	0.365187	0.354908	0.40056	0.376031	0.371306	0.371353	0.390495	0.385869	0.384207	0.372825	0.385714	0.30913	0.385714	0.374182	0.336111	0.378866	0.370754	0.385953	0.302087	0.376095	0.35699	0.379932	0.401513	0.34977	0.377073	0.338569	0.382002	0.354908	0.325479	0.364431	0.375281	0.374757	0.385869	0.335028	0.308446	0.348885	0.362791	0.389566	0.343913	0.385714	0.341383	0.428599	0.314232	0.389566	0.366283	0.402745	0.402923	0.344798	0.38953	0.347877	0.341349	0.341329	0.382488	0.371353	0.281237	0.369927	0.399776	0.400754	0.304571	0.337095
7000	slope	-0.202505	-0.199976	-0.181204	-0.178119	-0.203345	-0.160517	-0.239605	-0.207414	-0.2119	-0.176885	-0.248089	-0.216627	-0.213604	-0.22441	-0.186772	-0.220721	-0.207605	-0.206079	-0.203996	-0.260929	-0.210602	-0.221438	-0.181921	-0.158356	-0.200044	-0.22694	-0.215875	-0.20148	-0.258905	-0.189561	-0.186633	-0.187061	-0.220759	-0.253988	-0.240003	-0.237534	-0.187608	-0.168676	-0.190446	-0.220942	-0.271004	-0.204967	-0.237947	-0.212835	-0.208246	-0.219002	-0.188365	-0.219455	-0.241327	-0.212319	-0.182445	-0.245264	-0.233783	-0.211305	-0.20908	-0.219527	-0.191041	-0.242547	-0.226928	-0.162135	-0.2036	-0.2333	-0.248649	-0.197992	-0.232207	-0.237099	-0.227247	-0.208475	-0.200863	-0.221441	-0.206407	-0.203597	-0.179602	-0.203407	-0.177455	-0.19055	-0.207732	-0.200186	-0.213375	-0.203345	-0.185267	-0.197035	-0.200576	-0.183746	-0.231541	-0.234336	-0.167942	-0.170227	-0.223578	-0.206704	-0.190069	-0.190251	-0.214157	-0.185998	-0.238904	-0.184219	-0.17132	-0.204895	-0.231323	-0.231666	-0.180111	-0.231475	-0.200375	-0.222858	-0.252104	-0.20514	-0.219212	-0.179094	-0.165487	-0.204646	-0.182943	-0.211415	-0.209685	-0.191619	-0.199705	-0.180061	-0.194784	-0.221553	-0.226487	-0.217782	-0.192811	-0.202913	-0.219113	-0.18177	-0.18268	-0.179087	-0.263811	-0.186432	-0.22221	-0.207486	-0.219645	-0.166639	-0.246528	-0.223576	-0.175894	-0.214793	-0.187473	-0.231343	-0.232568	-0.237116	-0.221015	-0.208105	-0.201766	-0.22314	-0.225946	-0.179525	-0.228513	-0.198237	-0.174664	-0.216766	-0.157502	-0.188688	-0.259459	-0.257905	-0.220276	-0.22348	-0.213549	-0.224865	-0.1869	-0.219984	-0.176018	-0.197945	-0.216973	-0.171621	-0.193357	-0.213103	-0.194167	-0.18808	-0.187325	-0.224084	-0.256518	-0.219458	-0.20885	-0.181468	-0.206794	-0.199778	-0.183946	-0.241593	-0.180738	-0.238039	-0.246385	-0.224282	-0.213011	-0.235282	-0.196418	-0.186187	-0.243907	-0.188611	-0.19602	-0.177111	-0.180187	-0.170059	-0.237964	-0.222244	-0.203164	-0.238129	-0.231754	-0.210375	-0.237385	-0.189167	-0.197741	-0.167784	-0.244033	-0.155399	-0.2462	-0.240443	-0.191464	-0.221278	-0.212254	-0.229728	-0.240443	-0.192873	-0.156799	-0.202433	-0.15152	-0.159641	-0.1809	-0.296717	-0.212319	-0.221278	-0.271843	-0.169534	-0.214935	-0.159522	-0.237365	-0.230125	-0.174641	-0.23363	-0.208208	-0.170919	-0.223729	-0.161392	-0.174491	-0.169534	-0.147101	-0.147101	-0.225848	-0.218406	-0.245455	-0.177558	-0.155984	-0.172514	-0.176042	-0.161392	-0.165764	-0.229453	-0.182652	-0.169534	-0.197741	-0.211358	-0.240443	-0.200919	-0.169348	-0.208208	-0.214495	-0.214935	-0.170919	-0.232559	-0.162442	-0.237365	-0.230125	-0.242079	-0.188661	-0.199244	-0.247689	-0.241572	-0.232559	-0.229453	-0.238733	-0.268902	-0.232559	-0.200517	-0.238244	-0.201678	-0.150047	-0.205837	-0.246031	-0.204829	-0.169629	-0.198935	-0.196134	-0.214495	-0.187931	-0.28926	-0.261945	-0.238548	-0.193416	-0.232801	-0.230125	-0.200517	-0.168125	-0.159522	-0.160828	-0.222244	-0.229075	-0.261945	-0.23363	-0.18041	-0.210461	-0.175724	-0.226443	-0.169324	-0.188593	-0.238548	-0.202433	-0.193416	-0.228681	-0.229453	-0.246104	-0.275407	-0.221278	-0.188654	-0.210461	-0.271843	-0.159641	-0.223729	-0.219209	-0.212319	-0.257321	-0.268131	-0.204829	-0.204493	-0.201678	-0.242067	-0.232559	-0.226415	-0.159641	-0.222078	-0.180649	-0.230073	-0.203379	-0.201333	-0.193596	-0.226415	-0.186208	-0.25681	-0.200947	-0.219465	-0.182253	-0.232141	-0.271843	-0.248627	-0.236536	-0.169496	-0.228765	-0.186208	-0.189795	-0.184613	-0.217031	-0.207848	-0.25198	-0.238114	-0.271843	-0.238372	-0.159641	-0.224603	-0.261945	-0.200517	-0.174491	-0.207826	-0.212254	-0.138902	-0.211418	-0.156799	-0.271843	-0.232801	-0.232799	-0.232378	-0.230531	-0.209806	-0.231507	-0.205837	-0.249617	-0.214526	-0.232559	-0.172514	-0.169581	-0.188593	-0.212157	-0.197722	-0.199365	-0.23112	-0.229199	-0.229091	-0.189723	-0.238244	-0.191833	-0.218912	-0.236616	-0.226637	-0.256172	-0.241695	-0.226415	-0.177427	-0.159641	-0.199365	-0.231507	-0.170919	-0.204493	-0.201333
7000	intercept	0.378885	0.362004	0.352628	0.367434	0.393134	0.37888	0.3748	0.370524	0.376116	0.379937	0.38757	0.379563	0.370551	0.38518	0.388002	0.384195	0.356728	0.381271	0.394887	0.36778	0.364542	0.376203	0.327166	0.376447	0.384594	0.372451	0.351601	0.36546	0.372809	0.344458	0.362251	0.348761	0.349379	0.402208	0.343544	0.40379	0.368035	0.378639	0.376485	0.374055	0.373192	0.373527	0.396517	0.385151	0.391412	0.412228	0.393047	0.407696	0.389606	0.348213	0.405862	0.364266	0.376196	0.361393	0.378884	0.402176	0.348959	0.393647	0.361225	0.330015	0.353873	0.375209	0.381256	0.359893	0.372466	0.39372	0.392205	0.365191	0.380406	0.412291	0.379836	0.355823	0.393247	0.359503	0.359835	0.34544	0.371905	0.341051	0.371968	0.396817	0.34832	0.362764	0.349563	0.412045	0.370618	0.38983	0.392661	0.370074	0.392627	0.372962	0.369293	0.371225	0.358997	0.366631	0.37361	0.387592	0.376523	0.34523	0.355388	0.374517	0.400222	0.381309	0.370127	0.365538	0.377763	0.369504	0.339292	0.350261	0.381434	0.378354	0.356544	0.397028	0.382372	0.355447	0.367904	0.344803	0.388008	0.37931	0.375786	0.378529	0.316638	0.355504	0.404899	0.356241	0.391371	0.35999	0.380899	0.360475	0.344757	0.37607	0.417781	0.379807	0.393832	0.367603	0.35192	0.348017	0.348915	0.391868	0.388432	0.394837	0.342218	0.382167	0.35062	0.391058	0.364385	0.373917	0.37241	0.376555	0.358895	0.358651	0.363654	0.376153	0.387384	0.385739	0.407255	0.360049	0.377335	0.394446	0.365429	0.368724	0.397987	0.397507	0.34777	0.361236	0.38748	0.368039	0.342625	0.361759	0.345342	0.389033	0.357015	0.363464	0.352556	0.350808	0.395403	0.36968	0.33313	0.375493	0.364587	0.355665	0.398597	0.389204	0.368392	0.359338	0.395681	0.39079	0.364943	0.365585	0.371458	0.360846	0.375617	0.375338	0.372293	0.363765	0.373407	0.368862	0.388431	0.394096	0.391376	0.38629	0.391187	0.37343	0.403961	0.367711	0.38966	0.350545	0.369804	0.352335	0.391938	0.354925	0.395223	0.438181	0.357434	0.347821	0.40124	0.374629	0.362474	0.381261	0.34226	0.351448	0.382694	0.375588	0.392703	0.391679	0.351998	0.382552	0.372438	0.379108	0.330278	0.385253	0.404202	0.400949	0.384374	0.362662	0.379849	0.379849	0.372206	0.344082	0.395755	0.409737	0.398187	0.35001	0.359571	0.389938	0.329091	0.340626	0.359571	0.362545	0.391187	0.37163	0.350545	0.419019	0.339915	0.329518	0.351998	0.392703	0.367711	0.353884	0.350327	0.351998	0.382552	0.364585	0.404415	0.380122	0.381724	0.36102	0.353884	0.365253	0.385494	0.375528	0.353884	0.39789	0.379998	0.337423	0.40753	0.391714	0.357769	0.380832	0.355742	0.426817	0.322627	0.351998	0.348204	0.375528	0.384625	0.378487	0.419019	0.357314	0.399185	0.394734	0.361919	0.385533	0.339915	0.388513	0.388281	0.408819	0.385706	0.356328	0.375504	0.341234	0.396155	0.43427	0.350219	0.397108	0.347821	0.419019	0.38338	0.346895	0.385791	0.379727	0.361638	0.337977	0.375504	0.355418	0.369064	0.404202	0.367371	0.32564	0.356255	0.366533	0.380832	0.298576	0.338122	0.354925	0.353884	0.397345	0.349695	0.352946	0.346912	0.365081	0.338501	0.359465	0.375791	0.397345	0.359571	0.350545	0.335654	0.414104	0.339603	0.368705	0.379649	0.397228	0.397108	0.312859	0.390763	0.359571	0.384336	0.376003	0.402701	0.401229	0.375536	0.392253	0.378225	0.40836	0.379868	0.379254	0.398781	0.394734	0.384374	0.394343	0.388659	0.400949	0.319947	0.358974	0.355418	0.357314	0.385706	0.409787	0.401821	0.35525	0.397918	0.391714	0.388871	0.376773	0.353884	0.35001	0.361919	0.365136	0.420984	0.355742	0.325026	0.383528	0.350545	0.408168	0.422009	0.379998	0.394816	0.368694	0.403037	0.379871	0.394091	0.408894	0.412435	0.361919	0.356812	0.325026	0.383357	0.338507	0.353718	0.398868
8000	slope	-0.235246	-0.218404	-0.179425	-0.232205	-0.193204	-0.172529	-0.211982	-0.238285	-0.23293	-0.220123	-0.221513	-0.220485	-0.184237	-0.218156	-0.222811	-0.203481	-0.247484	-0.196757	-0.234865	-0.222511	-0.180774	-0.228114	-0.221383	-0.255819	-0.229349	-0.238695	-0.230874	-0.209622	-0.171677	-0.219934	-0.233738	-0.28102	-0.237138	-0.20883	-0.230686	-0.209005	-0.222244	-0.229483	-0.216073	-0.227138	-0.234284	-0.219224	-0.212799	-0.235745	-0.184995	-0.233151	-0.199129	-0.221124	-0.254311	-0.215105	-0.194881	-0.241224	-0.219252	-0.222544	-0.251577	-0.252245	-0.194685	-0.184167	-0.235019	-0.231528	-0.203219	-0.192043	-0.207464	-0.218167	-0.228964	-0.244875	-0.226769	-0.217569	-0.237201	-0.224775	-0.205545	-0.22335	-0.240683	-0.226428	-0.248984	-0.229855	-0.241386	-0.241796	-0.210538	-0.183778	-0.16549	-0.222906	-0.238775	-0.24741	-0.201643	-0.246421	-0.205929	-0.228914	-0.187345	-0.214904	-0.210124	-0.197957	-0.211839	-0.230786	-0.224672	-0.172655	-0.20279	-0.202089	-0.194881	-0.219071	-0.212976	-0.219182	-0.243799	-0.221872	-0.207868	-0.231955	-0.214892	-0.220551	-0.197213	-0.20151	-0.239079	-0.210192	-0.202795	-0.181496	-0.211838	-0.171461	-0.22634	-0.204263	-0.225058	-0.227163	-0.265183	-0.234782	-0.187981	-0.185812	-0.262433	-0.222969	-0.231347	-0.195237	-0.2288	-0.239718	-0.2159	-0.243555	-0.235674	-0.231593	-0.233569	-0.19798	-0.206279	-0.251703	-0.186543	-0.203791	-0.248065	-0.211681	-0.271642	-0.245269	-0.193474	-0.208028	-0.268356	-0.179275	-0.226669	-0.178195	-0.215023	-0.225674	-0.208489	-0.181138	-0.218656	-0.253256	-0.259107	-0.263516	-0.222511	-0.248523	-0.231457	-0.243905	-0.215051	-0.230658	-0.222737	-0.202226	-0.220648	-0.229153	-0.224742	-0.177744	-0.202338	-0.251282	-0.193986	-0.18607	-0.256392	-0.197623	-0.196872	-0.200024	-0.242074	-0.227289	-0.225464	-0.229634	-0.236989	-0.236471	-0.19543	-0.230467	-0.231709	-0.186784	-0.211694	-0.17988	-0.18843	-0.256309	-0.227632	-0.244995	-0.265627	-0.206504	-0.231448	-0.185442	-0.240328	-0.225081	-0.194896	-0.198218	-0.234404	-0.182045	-0.194111	-0.242884	-0.232635	-0.165791	-0.224989	-0.163948	-0.245294	-0.199062	-0.224559	-0.230874	-0.173922	-0.204893	-0.227491	-0.231326	-0.21737	-0.250409	-0.165789	-0.218544	-0.185053	-0.214118	-0.182469	-0.230217	-0.255963	-0.185215	-0.230217	-0.196864	-0.264268	-0.232635	-0.223621	-0.250023	-0.245294	-0.195259	-0.196042	-0.297395	-0.227684	-0.249526	-0.181038	-0.202614	-0.230688	-0.180148	-0.209476	-0.209931	-0.204317	-0.19104	-0.22511	-0.215116	-0.167805	-0.281738	-0.208898	-0.230688	-0.228244	-0.231275	-0.205372	-0.189696	-0.218544	-0.185048	-0.19848	-0.19104	-0.268334	-0.236921	-0.163494	-0.258886	-0.224559	-0.19321	-0.190625	-0.223621	-0.23565	-0.173922	-0.226057	-0.236568	-0.247928	-0.180148	-0.264268	-0.193141	-0.250023	-0.156811	-0.231275	-0.173922	-0.226931	-0.182396	-0.233627	-0.278419	-0.293719	-0.237444	-0.163494	-0.185215	-0.294612	-0.215716	-0.308943	-0.222021	-0.25263	-0.250023	-0.217357	-0.2388	-0.238626	-0.259209	-0.215116	-0.247077	-0.249526	-0.195259	-0.175757	-0.22427	-0.22427	-0.154018	-0.23247	-0.205276	-0.250606	-0.233859	-0.232323	-0.202749	-0.189696	-0.204893	-0.238626	-0.267265	-0.189696	-0.210892	-0.230874	-0.189696	-0.198218	-0.18595	-0.227964	-0.182469	-0.239724	-0.19104	-0.22109	-0.217917	-0.130668	-0.267265	-0.207675	-0.238855	-0.23565	-0.245294	-0.205276	-0.22427	-0.167885	-0.173988	-0.197095	-0.215716	-0.22427	-0.195238	-0.245294	-0.189696	-0.23922	-0.180584	-0.245294	-0.144904	-0.242239	-0.236921	-0.180314	-0.223397	-0.245294	-0.234097	-0.244358	-0.215716	-0.220818	-0.294612	-0.245294	-0.197604	-0.154018	-0.218182	-0.205276	-0.220818	-0.238626	-0.209931	-0.236568	-0.209316	-0.176674	-0.242884	-0.22109	-0.185053	-0.233441	-0.244355	-0.281745	-0.215716	-0.235671	-0.294612	-0.220818	-0.245294	-0.23247	-0.213655	-0.259908	-0.19104	-0.20259	-0.195259	-0.245294	-0.267265	-0.245294	-0.19104	-0.19104	-0.22109	-0.204707	-0.247928	-0.222021	-0.209931	-0.167885	-0.185215
8000	intercept	0.367692	0.397647	0.369826	0.386271	0.357655	0.379483	0.348074	0.382362	0.354278	0.389248	0.411326	0.390872	0.386277	0.383676	0.380887	0.399452	0.39897	0.352706	0.367004	0.363956	0.406276	0.409544	0.400576	0.371469	0.396356	0.389203	0.364381	0.378988	0.398291	0.374452	0.393148	0.394313	0.39769	0.399026	0.381186	0.384778	0.396187	0.410223	0.4185	0.391592	0.38757	0.36089	0.396156	0.361513	0.386542	0.396698	0.385403	0.37229	0.392598	0.38276	0.377944	0.400281	0.409561	0.419963	0.394954	0.382323	0.409217	0.363161	0.377785	0.37851	0.416824	0.361683	0.371853	0.382765	0.382502	0.416207	0.376098	0.377497	0.387417	0.404555	0.390029	0.378159	0.380501	0.35378	0.407424	0.382653	0.385854	0.382098	0.384968	0.376509	0.404647	0.389894	0.401807	0.38254	0.406968	0.391252	0.414913	0.419027	0.390141	0.351722	0.419883	0.376231	0.369393	0.393209	0.395548	0.346059	0.38123	0.370964	0.377944	0.372866	0.390973	0.373533	0.377902	0.394613	0.39137	0.376118	0.388956	0.384203	0.372263	0.387586	0.386379	0.390514	0.376599	0.379047	0.364297	0.370796	0.377359	0.411931	0.400451	0.375735	0.375308	0.387817	0.376152	0.362889	0.378937	0.401994	0.365639	0.398047	0.35756	0.407937	0.376895	0.392203	0.397752	0.368756	0.386338	0.371444	0.343308	0.387273	0.364522	0.373874	0.385747	0.377559	0.415209	0.373196	0.372032	0.403219	0.423324	0.410153	0.391302	0.363267	0.422447	0.369997	0.383909	0.394343	0.398876	0.388396	0.411596	0.417039	0.366591	0.421668	0.38495	0.384808	0.439704	0.394048	0.391135	0.341743	0.380699	0.391811	0.394251	0.362213	0.352112	0.426298	0.393601	0.361832	0.419492	0.400855	0.360182	0.387396	0.400833	0.40663	0.395894	0.386142	0.38122	0.386758	0.405717	0.377254	0.379592	0.410935	0.393613	0.396486	0.352711	0.392215	0.402733	0.37191	0.410166	0.429153	0.383387	0.368472	0.425701	0.365102	0.385936	0.37917	0.368506	0.339406	0.420897	0.389236	0.338957	0.320598	0.415722	0.372353	0.375892	0.375941	0.369413	0.372327	0.344494	0.372508	0.401949	0.394224	0.37737	0.360666	0.371855	0.424425	0.370667	0.399838	0.380398	0.411627	0.40608	0.375941	0.411627	0.373519	0.409305	0.361922	0.395483	0.402692	0.375892	0.424043	0.397538	0.383004	0.382565	0.389188	0.367261	0.372148	0.383627	0.33614	0.32754	0.379444	0.354649	0.389638	0.379588	0.383788	0.382554	0.415065	0.393817	0.383627	0.363773	0.401949	0.369341	0.397401	0.424425	0.383289	0.374099	0.379811	0.420036	0.375824	0.363653	0.37793	0.369413	0.44323	0.387707	0.395483	0.424026	0.344494	0.378179	0.399106	0.380538	0.33614	0.409305	0.400029	0.402692	0.406944	0.401949	0.344494	0.350258	0.344494	0.411879	0.386739	0.397902	0.382251	0.363653	0.379196	0.412103	0.374292	0.383004	0.380589	0.379998	0.402692	0.380212	0.412004	0.367091	0.410288	0.383788	0.401996	0.389188	0.397538	0.442901	0.397103	0.397103	0.369327	0.393429	0.327136	0.378598	0.388804	0.360964	0.360964	0.403828	0.385395	0.366285	0.37793	0.403828	0.393817	0.372327	0.403828	0.378858	0.366118	0.394224	0.378969	0.383917	0.389638	0.383088	0.411979	0.375325	0.37793	0.383917	0.37274	0.424026	0.375892	0.340746	0.397103	0.323205	0.320598	0.419972	0.374292	0.393509	0.366249	0.400598	0.397401	0.391813	0.33614	0.419014	0.369327	0.375892	0.36262	0.357845	0.409286	0.374421	0.405543	0.418974	0.374292	0.432466	0.412103	0.375892	0.354649	0.369327	0.368118	0.340746	0.441269	0.371355	0.379444	0.383917	0.38532	0.374865	0.379998	0.384492	0.370667	0.401754	0.375892	0.412103	0.374292	0.384232	0.412103	0.459437	0.375892	0.393429	0.464488	0.384961	0.389638	0.376574	0.397538	0.375892	0.37793	0.374421	0.387565	0.389638	0.378456	0.376119	0.378079	0.380589	0.379444	0.319638	0.379196
9000	slope	-0.256258	-0.223087	-0.243851	-0.214776	-0.249793	-0.24514	-0.212082	-0.255847	-0.184996	-0.249541	-0.279562	-0.231751	-0.23254	-0.266701	-0.189474	-0.218301	-0.25929	-0.232859	-0.231973	-0.247175	-0.236477	-0.238561	-0.210017	-0.264862	-0.238315	-0.254497	-0.230208	-0.247382	-0.241559	-0.253538	-0.25386	-0.243416	-0.25889	-0.243698	-0.235295	-0.190986	-0.276748	-0.246626	-0.228155	-0.214961	-0.252418	-0.25888	-0.22967	-0.248371	-0.216338	-0.215482	-0.246	-0.272888	-0.233988	-0.273631	-0.172993	-0.238924	-0.24123	-0.244297	-0.189849	-0.230253	-0.272622	-0.21666	-0.22352	-0.270957	-0.287023	-0.246964	-0.215793	-0.222014	-0.257944	-0.255723	-0.261161	-0.264951	-0.233732	-0.278789	-0.260551	-0.27301	-0.210371	-0.259713	-0.288473	-0.249347	-0.219841	-0.253811	-0.226389	-0.183157	-0.227282	-0.240664	-0.208443	-0.230355	-0.216403	-0.217969	-0.263425	-0.247944	-0.205941	-0.225735	-0.268318	-0.223915	-0.217332	-0.201999	-0.248923	-0.211361	-0.236834	-0.261873	-0.253072	-0.223783	-0.240056	-0.261782	-0.208272	-0.225187	-0.253554	-0.252486	-0.233631	-0.235983	-0.235354	-0.20356	-0.255598	-0.249031	-0.255797	-0.268653	-0.247956	-0.237074	-0.253491	-0.247578	-0.248082	-0.252899	-0.261575	-0.267441	-0.224195	-0.212148	-0.273605	-0.234862	-0.228012	-0.226914	-0.237419	-0.225425	-0.23989	-0.247149	-0.228643	-0.266262	-0.239045	-0.217731	-0.264212	-0.220603	-0.237881	-0.245682	-0.250405	-0.244164	-0.249533	-0.218853	-0.248184	-0.230713	-0.22691	-0.235706	-0.229366	-0.242137	-0.232212	-0.228026	-0.208179	-0.247811	-0.253075	-0.248609	-0.242265	-0.265443	-0.230453	-0.232553	-0.271083	-0.22731	-0.23425	-0.222407	-0.260947	-0.224137	-0.241996	-0.189474	-0.249695	-0.267762	-0.252418	-0.226992	-0.221392	-0.227456	-0.216407	-0.229024	-0.219995	-0.21663	-0.241019	-0.212524	-0.226097	-0.206839	-0.224886	-0.227657	-0.25398	-0.258116	-0.225541	-0.248727	-0.236303	-0.231229	-0.253583	-0.252526	-0.220539	-0.234618	-0.203276	-0.221391	-0.231793	-0.195383	-0.212849	-0.206097	-0.240519	-0.249526	-0.2197	-0.211706	-0.198521	-0.260305	-0.2197	-0.241132	-0.177733	-0.272377	-0.194123	-0.247691	-0.216892	-0.239427	-0.262168	-0.201016	-0.231755	-0.182813	-0.175519	-0.187178	-0.258536	-0.22942	-0.265437	-0.162498	-0.260296	-0.210056	-0.180528	-0.254854	-0.241462	-0.24415	-0.159998	-0.201016	-0.175891	-0.194631	-0.29805	-0.249537	-0.251553	-0.249778	-0.29805	-0.291355	-0.241749	-0.185027	-0.227585	-0.208737	-0.236002	-0.249404	-0.271588	-0.260162	-0.201016	-0.249526	-0.194631	-0.289965	-0.266643	-0.236019	-0.265437	-0.284155	-0.241462	-0.204459	-0.223787	-0.230083	-0.266717	-0.27831	-0.22644	-0.180589	-0.253579	-0.199224	-0.208952	-0.196928	-0.24415	-0.245792	-0.175891	-0.159998	-0.196529	-0.320159	-0.226564	-0.269308	-0.275463	-0.25329	-0.253579	-0.203542	-0.194631	-0.24415	-0.201016	-0.247221	-0.28376	-0.237253	-0.227866	-0.213813	-0.159998	-0.182813	-0.224032	-0.221351	-0.18595	-0.235112	-0.175519	-0.22644	-0.192618	-0.182813	-0.291355	-0.2197	-0.249404	-0.302869	-0.226742	-0.251553	-0.196529	-0.269138	-0.244924	-0.187178	-0.230931	-0.270818	-0.286915	-0.196562	-0.225531	-0.191356	-0.258396	-0.247691	-0.246019	-0.241462	-0.199224	-0.258056	-0.22799	-0.29149	-0.252571	-0.250187	-0.275463	-0.268806	-0.260305	-0.247562	-0.2197	-0.193868	-0.250283	-0.254298	-0.283662	-0.206582	-0.261247	-0.249284	-0.320159	-0.174638	-0.287214	-0.249526	-0.247691	-0.187178	-0.246739	-0.205455	-0.249404	-0.22799	-0.249778	-0.251704	-0.27831	-0.213191	-0.214676	-0.233336	-0.226	-0.252904	-0.202981	-0.308725	-0.245792	-0.211131	-0.247221	-0.268806	-0.261162	-0.246739	-0.213191	-0.238414	-0.261162	-0.254154	-0.259146	-0.330733	-0.258541	-0.266959	-0.216892	-0.196529	-0.260305	-0.24061	-0.241462	-0.254854	-0.225533	-0.214549	-0.249284	-0.254154	-0.243452	-0.252314	-0.254298	-0.286915	-0.245792	-0.24415	-0.198555	-0.259146	-0.269724	-0.198743	-0.252314	-0.260305	-0.226742	-0.262168	-0.235387	-0.247387	-0.205455	-0.250187	-0.233459	-0.196928
9000	intercept	0.387848	0.345889	0.367533	0.369516	0.37443	0.370356	0.379419	0.394224	0.373751	0.406585	0.413665	0.385774	0.384952	0.440221	0.372611	0.34126	0.449465	0.367605	0.41641	0.393238	0.352105	0.431355	0.378697	0.438511	0.446055	0.36884	0.380252	0.394727	0.392086	0.406141	0.372949	0.368295	0.370348	0.391149	0.397221	0.425885	0.383794	0.373373	0.395191	0.403442	0.423621	0.418396	0.357964	0.406007	0.391327	0.387281	0.420002	0.4385	0.432926	0.405698	0.386892	0.396579	0.449073	0.383036	0.378625	0.393444	0.446137	0.397832	0.366027	0.377492	0.410426	0.39676	0.399179	0.352066	0.398972	0.413502	0.374329	0.386309	0.404882	0.415513	0.406885	0.414483	0.357881	0.377984	0.400889	0.402407	0.337257	0.370849	0.41673	0.336635	0.384816	0.374489	0.321318	0.396356	0.397857	0.385799	0.365862	0.382238	0.369422	0.399602	0.421496	0.392579	0.374658	0.390899	0.411887	0.362302	0.348909	0.395598	0.424588	0.389529	0.377818	0.379908	0.390226	0.341139	0.369609	0.408056	0.400079	0.408768	0.376756	0.391033	0.386584	0.406177	0.42968	0.394888	0.394047	0.377996	0.426339	0.371746	0.392726	0.374319	0.450191	0.368939	0.433346	0.378855	0.387078	0.419858	0.375004	0.409975	0.392407	0.342671	0.366202	0.393842	0.344196	0.41761	0.42448	0.392056	0.408812	0.363487	0.346636	0.407856	0.355909	0.388257	0.403085	0.372629	0.385865	0.372166	0.38888	0.435693	0.361701	0.383105	0.380924	0.41757	0.392474	0.437264	0.388455	0.376272	0.373472	0.394821	0.402866	0.410268	0.401491	0.400223	0.356758	0.413517	0.404597	0.421165	0.382298	0.372611	0.370847	0.424667	0.430745	0.423501	0.375827	0.410744	0.395388	0.361013	0.384447	0.377436	0.399826	0.384474	0.405778	0.359872	0.389565	0.397895	0.400268	0.350915	0.374087	0.405695	0.418537	0.359316	0.374001	0.426507	0.417154	0.417287	0.340958	0.331824	0.432455	0.420808	0.388418	0.409216	0.415541	0.378079	0.428795	0.332256	0.453611	0.378799	0.428795	0.396163	0.387988	0.456971	0.379429	0.374465	0.330713	0.356642	0.445919	0.415095	0.361153	0.352461	0.360964	0.370721	0.381886	0.383974	0.373213	0.360964	0.394832	0.363471	0.378336	0.43781	0.379397	0.390797	0.328455	0.415095	0.330127	0.319363	0.391076	0.403193	0.378513	0.386945	0.391076	0.386107	0.392813	0.359878	0.396163	0.332256	0.412084	0.42395	0.45946	0.368252	0.415095	0.379751	0.319363	0.377292	0.457995	0.320952	0.375271	0.379324	0.379397	0.38596	0.364361	0.394327	0.381419	0.455657	0.39768	0.379483	0.367634	0.392231	0.415589	0.391147	0.377432	0.39293	0.330127	0.328455	0.41537	0.412274	0.428795	0.456272	0.455657	0.399016	0.37101	0.380536	0.319363	0.396762	0.415095	0.37422	0.447655	0.40482	0.350263	0.415589	0.328455	0.376781	0.353853	0.352729	0.331576	0.390852	0.360964	0.39768	0.379529	0.376781	0.386107	0.428795	0.42395	0.388829	0.408675	0.378513	0.41537	0.4385	0.399016	0.370721	0.396459	0.375271	0.382102	0.381454	0.320952	0.321685	0.422564	0.380696	0.411486	0.379397	0.392231	0.374465	0.378513	0.402907	0.405901	0.373386	0.455657	0.469788	0.378799	0.385275	0.428795	0.379429	0.4385	0.380696	0.36524	0.39976	0.371954	0.348764	0.412931	0.38076	0.404026	0.394162	0.374465	0.370721	0.352632	0.424793	0.42395	0.378513	0.386945	0.402348	0.455657	0.332836	0.411446	0.381171	0.410787	0.377911	0.345947	0.388829	0.39293	0.416664	0.37422	0.461434	0.388504	0.376314	0.332836	0.389949	0.36969	0.380565	0.388353	0.400222	0.452206	0.402348	0.330713	0.41537	0.378799	0.397248	0.379397	0.453977	0.34341	0.411739	0.348764	0.380565	0.378723	0.384297	0.381621	0.379324	0.39293	0.396762	0.39976	0.396451	0.36524	0.334045	0.382236	0.378799	0.408675	0.410369	0.352829	0.381312	0.43732	0.375271	0.422564	0.391147
10000	slope	-0.280911	-0.282149	-0.240195	-0.232865	-0.267031	-0.235053	-0.328269	-0.22184	-0.242042	-0.274958	-0.280355	-0.235623	-0.251812	-0.232659	-0.247992	-0.235296	-0.244696	-0.286929	-0.317619	-0.231646	-0.235488	-0.224337	-0.234516	-0.262858	-0.339093	-0.259884	-0.242912	-0.253943	-0.250014	-0.263539	-0.245157	-0.27292	-0.241143	-0.22456	-0.267211	-0.250814	-0.24509	-0.239383	-0.299937	-0.234405	-0.347549	-0.267181	-0.238675	-0.275383	-0.210427	-0.268829	-0.25912	-0.251453	-0.210769	-0.278812	-0.205822	-0.231509	-0.203894	-0.230853	-0.285911	-0.253126	-0.243404	-0.280107	-0.257859	-0.196566	-0.264749	-0.309412	-0.272617	-0.283721	-0.263088	-0.224068	-0.211307	-0.21775	-0.279474	-0.288644	-0.251546	-0.226727	-0.284736	-0.254164	-0.254054	-0.292138	-0.218526	-0.296613	-0.257186	-0.240921	-0.235391	-0.223894	-0.222441	-0.233124	-0.204817	-0.27837	-0.239962	-0.193015	-0.281018	-0.221317	-0.244165	-0.260589	-0.241882	-0.246057	-0.263564	-0.210467	-0.25334	-0.27541	-0.234221	-0.2581	-0.277534	-0.28324	-0.284025	-0.201229	-0.225306	-0.20612	-0.296937	-0.222528	-0.28007	-0.256863	-0.25178	-0.234408	-0.263818	-0.180526	-0.221928	-0.28732	-0.245056	-0.287386	-0.288351	-0.211418	-0.216972	-0.25416	-0.261828	-0.227624	-0.267824	-0.28245	-0.224641	-0.232545	-0.239138	-0.257944	-0.195895	-0.288825	-0.290696	-0.251655	-0.225019	-0.248119	-0.259884	-0.223766	-0.233282	-0.239482	-0.218722	-0.21343	-0.245517	-0.246944	-0.269283	-0.285338	-0.22736	-0.27205	-0.246589	-0.200565	-0.267244	-0.254343	-0.270005	-0.262701	-0.2417	-0.250803	-0.234702	-0.236251	-0.215268	-0.279589	-0.214341	-0.194676	-0.259475	-0.29224	-0.245211	-0.266954	-0.249331	-0.232284	-0.263579	-0.274886	-0.280907	-0.212455	-0.294539	-0.24384	-0.300038	-0.266498	-0.260796	-0.290633	-0.271767	-0.240311	-0.261979	-0.300295	-0.314654	-0.288644	-0.252745	-0.228118	-0.232226	-0.215999	-0.206276	-0.237805	-0.271107	-0.266959	-0.242087	-0.284112	-0.268532	-0.294229	-0.221148	-0.225592	-0.231368	-0.26207	-0.256154	-0.292827	-0.274484	-0.231197	-0.218364	-0.380882	-0.287241	-0.302451	-0.208496	-0.225288	-0.251664	-0.235118	-0.246504	-0.259226	-0.317793	-0.271089	-0.259321	-0.314217	-0.23275	-0.254064	-0.228259	-0.348631	-0.251664	-0.350149	-0.213946	-0.259226	-0.265294	-0.32736	-0.334091	-0.276284	-0.230221	-0.197663	-0.26833	-0.261691	-0.315546	-0.304834	-0.182495	-0.263432	-0.24022	-0.198307	-0.275902	-0.213513	-0.300251	-0.228259	-0.231817	-0.166584	-0.242647	-0.275682	-0.274675	-0.307611	-0.240448	-0.259226	-0.228906	-0.266394	-0.238933	-0.232185	-0.310188	-0.264206	-0.248717	-0.299808	-0.234225	-0.348332	-0.218345	-0.197663	-0.305428	-0.232821	-0.28661	-0.271367	-0.232821	-0.240448	-0.218781	-0.213952	-0.198511	-0.256292	-0.25683	-0.20423	-0.275003	-0.265953	-0.281807	-0.227723	-0.234758	-0.228906	-0.208496	-0.281186	-0.193918	-0.235942	-0.271572	-0.234225	-0.255333	-0.25526	-0.240448	-0.32926	-0.271089	-0.259728	-0.256313	-0.271406	-0.314217	-0.310188	-0.165921	-0.267816	-0.15893	-0.198782	-0.195855	-0.234758	-0.199177	-0.260628	-0.258884	-0.215789	-0.251664	-0.208496	-0.275003	-0.25683	-0.251664	-0.260628	-0.240448	-0.248507	-0.240787	-0.228259	-0.314217	-0.240387	-0.319692	-0.211244	-0.189973	-0.164362	-0.195855	-0.25683	-0.213882	-0.271406	-0.271572	-0.310188	-0.275174	-0.246467	-0.282995	-0.216715	-0.165921	-0.261453	-0.20423	-0.251834	-0.226307	-0.240441	-0.259226	-0.276284	-0.246229	-0.23636	-0.195855	-0.239941	-0.263432	-0.276284	-0.245613	-0.242808	-0.227212	-0.232821	-0.219654	-0.275003	-0.216715	-0.348332	-0.310188	-0.239809	-0.242981	-0.222387	-0.206969	-0.195855	-0.235942	-0.247573	-0.240496	-0.315546	-0.248507	-0.213882	-0.218781	-0.182495	-0.331746	-0.251357	-0.243714	-0.15893	-0.15893	-0.234758	-0.32736	-0.268945	-0.348926	-0.261453	-0.239941	-0.283693	-0.274233	-0.275934	-0.20905	-0.302451	-0.336825	-0.354466	-0.221099	-0.334276	-0.231953	-0.21528	-0.251664	-0.280911	-0.234758	-0.240448	-0.283034	-0.243714	-0.212324	-0.166584
10000	intercept	0.413896	0.443326	0.368456	0.413344	0.440303	0.355179	0.439041	0.424838	0.390828	0.36547	0.393252	0.420425	0.375379	0.351331	0.420762	0.398475	0.397773	0.408843	0.402922	0.352084	0.394888	0.416376	0.419069	0.414363	0.405008	0.43612	0.429559	0.386238	0.412793	0.433297	0.415664	0.37374	0.404441	0.441042	0.412729	0.405329	0.399726	0.40053	0.397447	0.388412	0.454627	0.416387	0.408963	0.38548	0.355432	0.37873	0.412124	0.378059	0.344707	0.457397	0.334739	0.389082	0.349481	0.388246	0.398176	0.416175	0.393282	0.385651	0.418975	0.384498	0.378618	0.407979	0.395745	0.42271	0.404904	0.367448	0.38465	0.40446	0.389317	0.457713	0.418367	0.395367	0.409041	0.389077	0.379628	0.424156	0.379419	0.457222	0.402436	0.409232	0.390784	0.423001	0.346098	0.386656	0.37929	0.421233	0.389096	0.398938	0.398241	0.387087	0.364917	0.395313	0.423098	0.396925	0.43673	0.358157	0.413593	0.39115	0.379003	0.409372	0.425069	0.378505	0.426277	0.423142	0.385711	0.3939	0.377384	0.364108	0.406639	0.425495	0.373786	0.424419	0.45407	0.396188	0.388246	0.399887	0.39316	0.385411	0.428139	0.374313	0.35003	0.38387	0.408506	0.406905	0.380915	0.418752	0.401266	0.3486	0.412372	0.370739	0.359969	0.450582	0.421271	0.442062	0.357878	0.419894	0.438725	0.372611	0.435673	0.414317	0.394101	0.403215	0.364011	0.385448	0.419536	0.371521	0.412065	0.426493	0.434318	0.405522	0.463396	0.377169	0.423662	0.412188	0.404293	0.427434	0.399711	0.415615	0.38097	0.433373	0.368531	0.394006	0.378831	0.406067	0.409717	0.406966	0.398079	0.416685	0.427571	0.442039	0.378887	0.398355	0.40221	0.388979	0.410961	0.389359	0.421697	0.402807	0.39262	0.408902	0.432741	0.392849	0.463945	0.457713	0.379583	0.374976	0.371579	0.372321	0.399215	0.394077	0.373139	0.423459	0.352678	0.379577	0.388003	0.405742	0.348123	0.412238	0.384772	0.367054	0.410786	0.460738	0.380058	0.394871	0.421434	0.438616	0.362939	0.457252	0.391693	0.394338	0.371686	0.364145	0.364159	0.369303	0.458647	0.36178	0.395179	0.450799	0.439033	0.383922	0.40823	0.4268	0.371686	0.42448	0.369294	0.369303	0.420104	0.458647	0.389975	0.423874	0.390863	0.388279	0.43699	0.428265	0.415868	0.4741	0.373973	0.459884	0.420209	0.378441	0.39002	0.409718	0.456646	0.410536	0.405993	0.373455	0.441664	0.352837	0.463271	0.457252	0.374304	0.369303	0.417013	0.354881	0.433881	0.367609	0.457252	0.435902	0.386576	0.462771	0.40805	0.405435	0.402822	0.379178	0.441472	0.391236	0.354881	0.395091	0.378973	0.379375	0.429495	0.428564	0.367618	0.350934	0.353265	0.367602	0.36178	0.358659	0.446772	0.386786	0.367494	0.417013	0.395513	0.455054	0.320006	0.431877	0.35951	0.40805	0.361084	0.387367	0.360508	0.389975	0.36178	0.410786	0.441664	0.357057	0.450799	0.457252	0.374657	0.376434	0.418325	0.361041	0.297034	0.371656	0.353406	0.357843	0.428006	0.386058	0.371686	0.365077	0.36178	0.353265	0.371686	0.351635	0.361348	0.428796	0.391038	0.394871	0.470638	0.439033	0.389975	0.40395	0.395261	0.397115	0.297388	0.358659	0.36869	0.357057	0.35951	0.457252	0.394644	0.411968	0.375722	0.425004	0.374657	0.359983	0.367602	0.380533	0.394338	0.367609	0.372184	0.413324	0.433881	0.40183	0.297034	0.378973	0.463271	0.413324	0.377621	0.483847	0.394338	0.374935	0.381134	0.36178	0.425004	0.405435	0.457252	0.35232	0.455849	0.386786	0.361668	0.31374	0.436673	0.377343	0.362686	0.415868	0.427569	0.36869	0.429495	0.383139	0.384932	0.404329	0.383922	0.418325	0.418325	0.371656	0.458647	0.389652	0.409354	0.359983	0.358183	0.3736	0.378102	0.374478	0.391693	0.451917	0.389975	0.42448	0.37033	0.40255	0.37033	0.3441	0.371686	0.448102	0.371656	0.377621	0.475631	0.383922	0.406507	0.373455
11000	slope	-0.31824	-0.292671	-0.19442	-0.313239	-0.27203	-0.247943	-0.277758	-0.232741	-0.286385	-0.305346	-0.212044	-0.269223	-0.27658	-0.243849	-0.226516	-0.294994	-0.305352	-0.252771	-0.249221	-0.275703	-0.214081	-0.31171	-0.294885	-0.237944	-0.273641	-0.347163	-0.277148	-0.231948	-0.348821	-0.302979	-0.270979	-0.263743	-0.293766	-0.290454	-0.278905	-0.252406	-0.257068	-0.263825	-0.242821	-0.293529	-0.258099	-0.283853	-0.271805	-0.288499	-0.265317	-0.286416	-0.274449	-0.298737	-0.313341	-0.284955	-0.279751	-0.312229	-0.264692	-0.291425	-0.315659	-0.283342	-0.289372	-0.333275	-0.264497	-0.25811	-0.227209	-0.205587	-0.197696	-0.276269	-0.311015	-0.309015	-0.255866	-0.279704	-0.321614	-0.224241	-0.263962	-0.288529	-0.342901	-0.230031	-0.288692	-0.307909	-0.296431	-0.274483	-0.253357	-0.205439	-0.313767	-0.267437	-0.213056	-0.239215	-0.287143	-0.291641	-0.257953	-0.279213	-0.313907	-0.207213	-0.233693	-0.304883	-0.276788	-0.298001	-0.255983	-0.224983	-0.305294	-0.305299	-0.280771	-0.213155	-0.308811	-0.249899	-0.272725	-0.273348	-0.244784	-0.300941	-0.234541	-0.348947	-0.291737	-0.290814	-0.298513	-0.240522	-0.309202	-0.265663	-0.267725	-0.308322	-0.301823	-0.244669	-0.224046	-0.270793	-0.295408	-0.298242	-0.235065	-0.342915	-0.266243	-0.235189	-0.270587	-0.303873	-0.304205	-0.278901	-0.259901	-0.314585	-0.256687	-0.285268	-0.324566	-0.294347	-0.239639	-0.249721	-0.297515	-0.300834	-0.223729	-0.28025	-0.267447	-0.289348	-0.251927	-0.269986	-0.301974	-0.287954	-0.319386	-0.303581	-0.197641	-0.297312	-0.26745	-0.309571	-0.24857	-0.295837	-0.285273	-0.264595	-0.294642	-0.303542	-0.271666	-0.263398	-0.289353	-0.325693	-0.265079	-0.253134	-0.346458	-0.259755	-0.278764	-0.329465	-0.274422	-0.235139	-0.265516	-0.267824	-0.228907	-0.283811	-0.19763	-0.317439	-0.330263	-0.301973	-0.283193	-0.279931	-0.233227	-0.257381	-0.265335	-0.313076	-0.305514	-0.225464	-0.234153	-0.261113	-0.317508	-0.26725	-0.258718	-0.290837	-0.262849	-0.338487	-0.290096	-0.338477	-0.325607	-0.260355	-0.311316	-0.225526	-0.282065	-0.263807	-0.201296	-0.244222	-0.285406	-0.295169	-0.292778	-0.22952	-0.295797	-0.198927	-0.224318	-0.286135	-0.184725	-0.259612	-0.265478	-0.222459	-0.264085	-0.275632	-0.220482	-0.294747	-0.286503	-0.217873	-0.229801	-0.210557	-0.304463	-0.285653	-0.247591	-0.285065	-0.284583	-0.332017	-0.289768	-0.306674	-0.222251	-0.306754	-0.236815	-0.362163	-0.365876	-0.290633	-0.29114	-0.312284	-0.271978	-0.198927	-0.240859	-0.284042	-0.184725	-0.189789	-0.184725	-0.285653	-0.311316	-0.240859	-0.184725	-0.243981	-0.28907	-0.302234	-0.208137	-0.319927	-0.331737	-0.304463	-0.22177	-0.169482	-0.271316	-0.239524	-0.286135	-0.304463	-0.293344	-0.215004	-0.325655	-0.319927	-0.23933	-0.229213	-0.238474	-0.210557	-0.272121	-0.256381	-0.285653	-0.258407	-0.299434	-0.332077	-0.284583	-0.297996	-0.198927	-0.302999	-0.284583	-0.365625	-0.229776	-0.328509	-0.302999	-0.225668	-0.302474	-0.216164	-0.275632	-0.197378	-0.240859	-0.259612	-0.220614	-0.323642	-0.275632	-0.306674	-0.275267	-0.297799	-0.260296	-0.272121	-0.24498	-0.238706	-0.260296	-0.287133	-0.332017	-0.324587	-0.331737	-0.169482	-0.368445	-0.285653	-0.184725	-0.295121	-0.372532	-0.253339	-0.230608	-0.37448	-0.24002	-0.238706	-0.285653	-0.295797	-0.231933	-0.223184	-0.255399	-0.414443	-0.285653	-0.283809	-0.25142	-0.255399	-0.247591	-0.172971	-0.379674	-0.294461	-0.333433	-0.243029	-0.296429	-0.229801	-0.198279	-0.244222	-0.32143	-0.325565	-0.292655	-0.279883	-0.28907	-0.283809	-0.299434	-0.29114	-0.296474	-0.184725	-0.356471	-0.323226	-0.285653	-0.306623	-0.410958	-0.295121	-0.253339	-0.277827	-0.24334	-0.285065	-0.3076	-0.286503	-0.33687	-0.163019	-0.184525	-0.28183	-0.255399	-0.318956	-0.275226	-0.319298	-0.197325	-0.30306	-0.260296	-0.332017	-0.339992	-0.331737	-0.172318	-0.251833	-0.256334	-0.347617	-0.277827	-0.365876	-0.291249	-0.362163	-0.332017	-0.288027	-0.289795	-0.210557	-0.328509	-0.306674	-0.302474	-0.222459	-0.287751	-0.208137	-0.290081	-0.286503	-0.315556	-0.324587
11000	intercept	0.455328	0.422531	0.388579	0.459899	0.423973	0.403726	0.429683	0.379438	0.430417	0.392331	0.409476	0.395491	0.417673	0.361846	0.373987	0.394488	0.465747	0.40586	0.429041	0.414679	0.367606	0.462765	0.407669	0.360641	0.40804	0.434365	0.403879	0.383179	0.445469	0.426717	0.446562	0.434221	0.47722	0.472719	0.459784	0.375865	0.405175	0.430375	0.418055	0.443698	0.385096	0.414933	0.426527	0.409449	0.396641	0.445992	0.411834	0.41771	0.464399	0.419388	0.439077	0.439564	0.417604	0.434108	0.446394	0.414969	0.454082	0.467613	0.393227	0.393314	0.370358	0.402637	0.363933	0.438323	0.447378	0.452018	0.405725	0.410155	0.428153	0.461396	0.416131	0.447412	0.460599	0.407565	0.436919	0.429655	0.419198	0.425878	0.401398	0.348837	0.452267	0.407251	0.442889	0.424378	0.44653	0.461777	0.379565	0.450965	0.425925	0.384252	0.391954	0.44047	0.462716	0.38883	0.402763	0.385666	0.427569	0.447662	0.448257	0.391019	0.449387	0.452642	0.432697	0.417883	0.399901	0.434708	0.430335	0.45061	0.364842	0.457595	0.450544	0.4001	0.470263	0.471201	0.441922	0.457428	0.458207	0.387687	0.413117	0.432858	0.383868	0.456291	0.422328	0.444853	0.423906	0.3821	0.444855	0.443737	0.450168	0.440107	0.425502	0.4592	0.405718	0.391295	0.452005	0.473179	0.370957	0.469549	0.435971	0.40297	0.391094	0.470489	0.430993	0.434932	0.392899	0.411402	0.462376	0.434557	0.444527	0.439194	0.367846	0.415285	0.398755	0.426453	0.390163	0.451617	0.406062	0.454885	0.404293	0.443728	0.422614	0.401334	0.384388	0.455685	0.393172	0.426982	0.439391	0.381686	0.444322	0.456666	0.381148	0.385538	0.411843	0.406657	0.377022	0.432797	0.399402	0.417013	0.420394	0.421875	0.426519	0.411763	0.377813	0.446533	0.433949	0.445242	0.428441	0.366869	0.383188	0.432751	0.443944	0.388435	0.406536	0.408321	0.378666	0.451134	0.43002	0.449078	0.451554	0.397665	0.457883	0.331749	0.383988	0.43463	0.367846	0.396306	0.484387	0.41608	0.458513	0.364236	0.436909	0.39249	0.419327	0.378053	0.367846	0.310808	0.408167	0.388258	0.389486	0.449436	0.46645	0.410927	0.450842	0.434063	0.384993	0.367846	0.471181	0.403342	0.340137	0.440463	0.444634	0.441946	0.51098	0.434216	0.352006	0.466875	0.45968	0.458491	0.460694	0.429806	0.434458	0.515361	0.4381	0.39249	0.394386	0.446022	0.367846	0.353784	0.367846	0.396354	0.457883	0.394386	0.367846	0.413522	0.461459	0.440778	0.31798	0.461923	0.481191	0.449275	0.403415	0.413828	0.371686	0.394386	0.378053	0.449275	0.432879	0.412449	0.428952	0.47081	0.36079	0.394386	0.400875	0.367846	0.410329	0.403935	0.38755	0.449436	0.431955	0.499485	0.434	0.409379	0.39249	0.472712	0.434	0.461985	0.401022	0.415091	0.475294	0.352006	0.453397	0.352006	0.467977	0.429201	0.392943	0.289185	0.40843	0.427156	0.449436	0.440463	0.396868	0.461866	0.408167	0.404257	0.4145	0.432665	0.408167	0.434458	0.422179	0.42462	0.47542	0.413828	0.468778	0.38755	0.382498	0.440463	0.460683	0.398511	0.451888	0.44476	0.331749	0.432665	0.38755	0.450179	0.352006	0.331749	0.374251	0.464473	0.403342	0.465705	0.398511	0.374251	0.340137	0.383527	0.460683	0.464209	0.460694	0.394386	0.461866	0.384993	0.367846	0.38237	0.499907	0.422179	0.483178	0.404257	0.461459	0.465705	0.431955	0.434458	0.451591	0.382498	0.466303	0.464387	0.403342	0.452607	0.477663	0.440463	0.398511	0.429474	0.398904	0.440463	0.48929	0.450842	0.441946	0.413828	0.317371	0.365516	0.374251	0.418385	0.426021	0.428952	0.451888	0.416085	0.408167	0.422179	0.441946	0.465201	0.383527	0.386396	0.421829	0.436909	0.449651	0.460694	0.495785	0.458491	0.422179	0.423172	0.391353	0.394131	0.415091	0.434216	0.453397	0.388258	0.471176	0.31798	0.440463	0.450842	0.428803	0.42462
12000	slope	-0.353332	-0.298271	-0.300391	-0.322343	-0.362528	-0.316601	-0.392109	-0.302025	-0.342248	-0.278754	-0.331719	-0.322543	-0.259398	-0.332124	-0.336852	-0.306557	-0.354862	-0.282573	-0.281161	-0.330416	-0.31835	-0.277548	-0.270433	-0.304865	-0.289001	-0.270638	-0.333566	-0.289759	-0.295398	-0.31541	-0.252096	-0.270196	-0.283861	-0.278787	-0.287185	-0.273649	-0.361819	-0.309961	-0.30286	-0.329175	-0.287656	-0.343943	-0.329358	-0.276326	-0.359561	-0.293714	-0.304852	-0.327442	-0.250004	-0.337777	-0.337585	-0.313996	-0.312243	-0.279357	-0.265055	-0.288857	-0.337209	-0.355071	-0.259853	-0.288455	-0.272802	-0.305149	-0.300511	-0.342954	-0.30586	-0.314076	-0.325694	-0.275426	-0.288712	-0.273278	-0.311606	-0.324094	-0.292644	-0.308404	-0.276306	-0.295869	-0.267642	-0.340898	-0.318634	-0.277289	-0.352363	-0.290707	-0.297352	-0.260612	-0.323953	-0.272883	-0.294948	-0.296337	-0.260986	-0.270303	-0.396583	-0.301532	-0.306059	-0.318158	-0.309602	-0.275623	-0.305333	-0.332058	-0.277247	-0.267584	-0.285726	-0.306168	-0.332894	-0.266647	-0.287926	-0.370477	-0.358642	-0.333415	-0.313137	-0.359854	-0.310163	-0.318008	-0.322122	-0.271649	-0.304925	-0.336077	-0.270024	-0.33073	-0.353922	-0.287171	-0.29461	-0.311521	-0.274847	-0.330674	-0.302481	-0.281443	-0.372712	-0.321103	-0.323284	-0.275699	-0.285797	-0.291657	-0.293997	-0.366599	-0.287035	-0.299044	-0.298705	-0.330401	-0.310309	-0.312486	-0.27405	-0.312177	-0.335264	-0.362999	-0.270665	-0.321244	-0.329948	-0.319445	-0.320096	-0.326242	-0.340192	-0.289938	-0.317836	-0.313085	-0.352015	-0.320109	-0.263521	-0.277276	-0.29769	-0.317281	-0.298253	-0.325484	-0.31477	-0.314229	-0.322508	-0.285971	-0.36912	-0.29284	-0.358579	-0.298089	-0.365473	-0.316143	-0.273267	-0.296326	-0.347267	-0.245517	-0.317645	-0.318526	-0.273267	-0.315681	-0.34093	-0.270978	-0.308456	-0.315172	-0.267513	-0.305367	-0.311024	-0.307926	-0.291272	-0.320246	-0.314042	-0.313821	-0.290623	-0.29473	-0.310074	-0.356132	-0.281443	-0.322305	-0.318721	-0.357643	-0.302339	-0.35763	-0.329395	-0.332225	-0.261979	-0.26114	-0.261438	-0.299757	-0.255994	-0.316094	-0.274892	-0.27789	-0.344852	-0.325348	-0.286985	-0.266524	-0.274792	-0.286959	-0.291538	-0.281502	-0.350453	-0.31753	-0.343621	-0.257098	-0.285797	-0.302339	-0.2846	-0.340896	-0.285797	-0.251093	-0.384516	-0.288105	-0.286168	-0.293715	-0.28566	-0.385211	-0.24777	-0.275124	-0.283299	-0.345766	-0.344852	-0.388894	-0.285797	-0.360563	-0.35763	-0.268673	-0.246566	-0.251093	-0.352377	-0.31753	-0.344852	-0.268815	-0.342049	-0.325348	-0.352029	-0.31753	-0.370756	-0.358997	-0.342049	-0.284231	-0.249635	-0.283299	-0.266269	-0.384516	-0.27314	-0.279501	-0.282908	-0.27424	-0.305809	-0.283299	-0.344852	-0.289902	-0.25743	-0.31753	-0.270126	-0.353698	-0.289766	-0.28037	-0.265277	-0.270306	-0.352045	-0.22354	-0.300829	-0.283299	-0.289902	-0.276749	-0.26114	-0.296033	-0.250682	-0.285797	-0.392085	-0.271112	-0.358286	-0.341483	-0.280549	-0.406365	-0.27314	-0.279135	-0.287888	-0.316094	-0.378195	-0.352921	-0.27789	-0.295496	-0.286511	-0.352045	-0.261438	-0.358997	-0.289766	-0.390072	-0.242575	-0.366102	-0.342049	-0.250682	-0.385211	-0.281916	-0.286512	-0.35763	-0.378563	-0.285653	-0.353802	-0.335537	-0.27735	-0.296929	-0.294468	-0.362483	-0.35763	-0.373882	-0.275658	-0.249635	-0.315936	-0.35599	-0.232862	-0.257098	-0.28566	-0.384516	-0.389744	-0.268644	-0.352377	-0.282617	-0.28593	-0.268644	-0.27789	-0.366593	-0.316094	-0.298916	-0.297786	-0.276689	-0.275946	-0.344852	-0.362536	-0.24777	-0.280594	-0.332937	-0.344852	-0.282406	-0.36019	-0.251093	-0.257098	-0.279501	-0.342049	-0.289902	-0.312168	-0.297774	-0.312444	-0.371705	-0.324386	-0.268149	-0.302339	-0.283299	-0.342049	-0.346411	-0.368468	-0.352303	-0.268513	-0.250682	-0.297774	-0.232862	-0.297774	-0.25975	-0.350453	-0.283299	-0.358286	-0.297774	-0.345766	-0.284464	-0.297774	-0.230174	-0.305398	-0.392189	-0.350471	-0.26661	-0.322633	-0.274589	-0.255994	-0.239003	-0.273719	-0.356458	-0.341056	-0.282367
12000	intercept	0.479243	0.422518	0.425829	0.452249	0.441158	0.433912	0.473945	0.468806	0.430397	0.40834	0.462677	0.429134	0.373073	0.475563	0.489085	0.464547	0.459596	0.460542	0.46266	0.446915	0.42846	0.401462	0.394785	0.447837	0.435842	0.421739	0.430068	0.462724	0.413545	0.424262	0.398276	0.439507	0.441892	0.394433	0.434035	0.436747	0.454952	0.443411	0.415571	0.458095	0.413583	0.459658	0.455368	0.449038	0.484477	0.413149	0.446452	0.451589	0.4097	0.464264	0.430161	0.444477	0.437222	0.434238	0.441698	0.431941	0.435178	0.448127	0.372472	0.44948	0.449335	0.440838	0.440123	0.490171	0.435984	0.458999	0.467534	0.453877	0.444599	0.448392	0.441366	0.44312	0.420875	0.467534	0.462627	0.44336	0.457337	0.4613	0.481355	0.416347	0.454688	0.405775	0.429983	0.416356	0.447861	0.383325	0.417002	0.42897	0.422588	0.398859	0.497215	0.404357	0.411197	0.445043	0.408949	0.424644	0.405406	0.456058	0.439699	0.429931	0.418818	0.408323	0.403641	0.401822	0.43598	0.462213	0.46293	0.458788	0.455045	0.468961	0.434718	0.415856	0.423721	0.425183	0.411386	0.465831	0.406803	0.428232	0.454541	0.444429	0.411068	0.441881	0.435061	0.477381	0.39506	0.437355	0.46174	0.448687	0.421778	0.398668	0.384565	0.438194	0.406239	0.478161	0.420947	0.417645	0.451632	0.461207	0.458626	0.456727	0.421033	0.462957	0.464257	0.461819	0.42091	0.452264	0.481955	0.470536	0.43921	0.486341	0.484927	0.432121	0.448133	0.434816	0.477386	0.43609	0.426852	0.443613	0.409032	0.468336	0.430008	0.417913	0.448091	0.482592	0.445474	0.41498	0.446503	0.4273	0.467444	0.443662	0.454426	0.435509	0.462208	0.402933	0.480236	0.385955	0.443801	0.456196	0.451352	0.492627	0.422008	0.401253	0.444382	0.48391	0.415486	0.435865	0.417801	0.453479	0.454977	0.441482	0.441103	0.467293	0.419125	0.373149	0.451594	0.472381	0.425851	0.47634	0.436358	0.472122	0.450793	0.472636	0.470245	0.465867	0.373223	0.468931	0.448651	0.450592	0.392195	0.470151	0.416251	0.451826	0.484477	0.464678	0.438178	0.402382	0.439239	0.403658	0.42606	0.449099	0.481708	0.393747	0.484477	0.400192	0.395827	0.450793	0.43598	0.484477	0.395827	0.406645	0.459708	0.417691	0.455822	0.448983	0.368022	0.446421	0.406139	0.388398	0.442067	0.492399	0.484477	0.466722	0.39291	0.484477	0.476819	0.416137	0.362215	0.42175	0.49048	0.424506	0.491435	0.419776	0.472685	0.455675	0.460286	0.40842	0.446421	0.450268	0.457703	0.370844	0.371919	0.444846	0.43377	0.459708	0.382729	0.451826	0.436278	0.43303	0.452717	0.442067	0.472315	0.410648	0.415727	0.40842	0.393374	0.459737	0.41137	0.374456	0.473037	0.411125	0.484477	0.382034	0.436278	0.442067	0.410648	0.450207	0.468931	0.415181	0.443169	0.39291	0.501593	0.42974	0.474024	0.46393	0.420471	0.481717	0.382729	0.453321	0.440672	0.456636	0.506252	0.465867	0.452497	0.383269	0.481893	0.484477	0.448651	0.46204	0.41137	0.460937	0.386039	0.456699	0.457703	0.443169	0.446421	0.411125	0.450592	0.472636	0.455886	0.399978	0.442211	0.49865	0.451932	0.487979	0.444624	0.439969	0.472636	0.437267	0.37774	0.376976	0.437765	0.450268	0.379405	0.400192	0.35336	0.459708	0.434486	0.459326	0.49048	0.405332	0.42974	0.468931	0.451826	0.445523	0.456636	0.374456	0.431713	0.380867	0.447306	0.495865	0.47427	0.406139	0.444624	0.4619	0.491435	0.403704	0.453535	0.42175	0.400192	0.451826	0.457703	0.410648	0.462768	0.433681	0.428553	0.455886	0.407187	0.469499	0.428553	0.441437	0.457703	0.465867	0.445531	0.464527	0.416293	0.443169	0.445638	0.379405	0.433681	0.433871	0.481708	0.441437	0.474382	0.425613	0.492399	0.432942	0.439469	0.377963	0.469693	0.435302	0.46393	0.469499	0.46266	0.442606	0.392195	0.427549	0.440082	0.456699	0.484477	0.383269
13000	slope	-0.367257	-0.325012	-0.325702	-0.355498	-0.347926	-0.269278	-0.307162	-0.340807	-0.310865	-0.377463	-0.288324	-0.298835	-0.361759	-0.33978	-0.314293	-0.311104	-0.32763	-0.360423	-0.329502	-0.331966	-0.383701	-0.313345	-0.308883	-0.366888	-0.312106	-0.276232	-0.363466	-0.293657	-0.318331	-0.344139	-0.384694	-0.3381	-0.365956	-0.262554	-0.329974	-0.351964	-0.355852	-0.362296	-0.367086	-0.287103	-0.338053	-0.312453	-0.37466	-0.311704	-0.277643	-0.354461	-0.337453	-0.331509	-0.28175	-0.328821	-0.338795	-0.318765	-0.376213	-0.350508	-0.297397	-0.330103	-0.319696	-0.260817	-0.286046	-0.40069	-0.322968	-0.325807	-0.348185	-0.326843	-0.315864	-0.311506	-0.338353	-0.337687	-0.311874	-0.359878	-0.271285	-0.351556	-0.365095	-0.341289	-0.318767	-0.360613	-0.348138	-0.336333	-0.340015	-0.338425	-0.378746	-0.370278	-0.309488	-0.31415	-0.302244	-0.312835	-0.288533	-0.327125	-0.365255	-0.350214	-0.319444	-0.36069	-0.353014	-0.356689	-0.312981	-0.380443	-0.348239	-0.350516	-0.34973	-0.28279	-0.321254	-0.373625	-0.379179	-0.318754	-0.338822	-0.338795	-0.300257	-0.315589	-0.340606	-0.308906	-0.303405	-0.35103	-0.268393	-0.369357	-0.353455	-0.325181	-0.351961	-0.323379	-0.269988	-0.358948	-0.315223	-0.345701	-0.349913	-0.349348	-0.358928	-0.331922	-0.313595	-0.34837	-0.330402	-0.359461	-0.397943	-0.351951	-0.364676	-0.330323	-0.322777	-0.314116	-0.355044	-0.331714	-0.348403	-0.32521	-0.342703	-0.309799	-0.320909	-0.359618	-0.354566	-0.315656	-0.319041	-0.356053	-0.299195	-0.369375	-0.338766	-0.322396	-0.326119	-0.328539	-0.294614	-0.348848	-0.32655	-0.353679	-0.341964	-0.33376	-0.382652	-0.340925	-0.3539	-0.326982	-0.342118	-0.332974	-0.330594	-0.325157	-0.30206	-0.324759	-0.297885	-0.31813	-0.320847	-0.33407	-0.357676	-0.297853	-0.330191	-0.350209	-0.31255	-0.295206	-0.328496	-0.378202	-0.372711	-0.310707	-0.316165	-0.326203	-0.304066	-0.330209	-0.327365	-0.357304	-0.299222	-0.401107	-0.314567	-0.355306	-0.280891	-0.320233	-0.330022	-0.313089	-0.32448	-0.335734	-0.34624	-0.306566	-0.304342	-0.305452	-0.367887	-0.335554	-0.34624	-0.342353	-0.282414	-0.341962	-0.264765	-0.285874	-0.378963	-0.372514	-0.353628	-0.292478	-0.370301	-0.308273	-0.275959	-0.310771	-0.297865	-0.350417	-0.306028	-0.324912	-0.370301	-0.264765	-0.374307	-0.363331	-0.268905	-0.307289	-0.333994	-0.28805	-0.378839	-0.363331	-0.372615	-0.358141	-0.295854	-0.331288	-0.350064	-0.311315	-0.346535	-0.412879	-0.356814	-0.350442	-0.25713	-0.378963	-0.32302	-0.39794	-0.338792	-0.348615	-0.281409	-0.277535	-0.378839	-0.307824	-0.340851	-0.289693	-0.35756	-0.310771	-0.370301	-0.354832	-0.291744	-0.288117	-0.275134	-0.361261	-0.209196	-0.342529	-0.335554	-0.327394	-0.354832	-0.311637	-0.306566	-0.374307	-0.335488	-0.378839	-0.353628	-0.265959	-0.316138	-0.374124	-0.297557	-0.315656	-0.358306	-0.283317	-0.367856	-0.344852	-0.357942	-0.355051	-0.363386	-0.374359	-0.305452	-0.338792	-0.370301	-0.295854	-0.317957	-0.331675	-0.327311	-0.272087	-0.412574	-0.293899	-0.328458	-0.272491	-0.324912	-0.305017	-0.349327	-0.385079	-0.297557	-0.355051	-0.341962	-0.404071	-0.310771	-0.356814	-0.341962	-0.365812	-0.28697	-0.272161	-0.244921	-0.350989	-0.326439	-0.25713	-0.326439	-0.320792	-0.292227	-0.31595	-0.351799	-0.35663	-0.310771	-0.352425	-0.289926	-0.355051	-0.317965	-0.327394	-0.338792	-0.232454	-0.363331	-0.327394	-0.341962	-0.377783	-0.355051	-0.393172	-0.359781	-0.348819	-0.377539	-0.372615	-0.340338	-0.293434	-0.355051	-0.326439	-0.316349	-0.285702	-0.272956	-0.355051	-0.289693	-0.298669	-0.256868	-0.363871	-0.354303	-0.340851	-0.268905	-0.292082	-0.299846	-0.340912	-0.299354	-0.274813	-0.257764	-0.250918	-0.323482	-0.32041	-0.363871	-0.275959	-0.326439	-0.350442	-0.370023	-0.326439	-0.304342	-0.336617	-0.358519	-0.363871	-0.368368	-0.364474	-0.306222	-0.337852	-0.288118	-0.326439	-0.312804	-0.250918	-0.310977	-0.277335	-0.327311	-0.349417	-0.28805	-0.355051	-0.284658	-0.403288	-0.412879	-0.309305	-0.372514	-0.353628	-0.375414	-0.385079	-0.299533	-0.255093
13000	intercept	0.463315	0.452728	0.467929	0.446192	0.475398	0.408834	0.458097	0.473837	0.46186	0.465869	0.435918	0.441524	0.49606	0.493392	0.426279	0.455574	0.442147	0.477955	0.455673	0.473748	0.441172	0.458474	0.470133	0.459923	0.46412	0.415892	0.465952	0.442676	0.468075	0.468672	0.448971	0.486959	0.485346	0.4263	0.454309	0.4824	0.429665	0.458805	0.471358	0.438286	0.437135	0.454499	0.475477	0.458726	0.436594	0.471134	0.47137	0.444702	0.435398	0.469753	0.470886	0.421073	0.469512	0.474192	0.437898	0.455086	0.464368	0.427832	0.446295	0.443136	0.412484	0.458485	0.485005	0.458884	0.485397	0.435199	0.471585	0.47541	0.465218	0.491218	0.444118	0.438199	0.465952	0.462746	0.462461	0.478981	0.473335	0.454856	0.481754	0.46364	0.458161	0.4696	0.437554	0.418221	0.455123	0.44703	0.437458	0.461426	0.431936	0.465644	0.425087	0.472865	0.430321	0.464339	0.442752	0.42849	0.484443	0.455796	0.476248	0.443491	0.45203	0.437344	0.448374	0.467228	0.447682	0.461807	0.453093	0.471804	0.471007	0.449045	0.446445	0.484747	0.433234	0.453817	0.464946	0.476837	0.479131	0.415089	0.431035	0.462381	0.467614	0.45146	0.50758	0.465006	0.446408	0.483347	0.474494	0.452323	0.42233	0.487046	0.463073	0.464872	0.47265	0.424131	0.451551	0.461848	0.467873	0.463302	0.483049	0.440719	0.479495	0.450609	0.448836	0.448682	0.484061	0.501425	0.456453	0.447634	0.47313	0.434498	0.427918	0.47362	0.425692	0.451761	0.426418	0.449253	0.423862	0.471005	0.448603	0.428163	0.465295	0.474323	0.458811	0.443198	0.458358	0.432114	0.467893	0.480116	0.427117	0.465443	0.430979	0.464698	0.419119	0.490442	0.485368	0.433703	0.453737	0.478157	0.464651	0.405404	0.436888	0.478003	0.433454	0.417399	0.43781	0.442524	0.444112	0.426212	0.465122	0.46436	0.435006	0.458744	0.415732	0.419232	0.410865	0.454993	0.430798	0.476262	0.444774	0.468972	0.479953	0.426031	0.391622	0.439031	0.475369	0.456801	0.479953	0.489084	0.443975	0.487181	0.420206	0.431455	0.444092	0.472541	0.424271	0.440403	0.476812	0.449415	0.426512	0.454315	0.41624	0.481471	0.442838	0.46262	0.476812	0.41662	0.491845	0.460977	0.460144	0.446802	0.449221	0.443077	0.519447	0.460977	0.483037	0.416488	0.481215	0.482778	0.488722	0.424971	0.421694	0.472543	0.451866	0.403662	0.396576	0.444092	0.453977	0.477667	0.49055	0.476363	0.420206	0.430864	0.519447	0.448451	0.504005	0.433113	0.401088	0.437926	0.476812	0.470867	0.387221	0.399393	0.417762	0.455668	0.429684	0.502656	0.456801	0.421694	0.470867	0.44581	0.426031	0.491845	0.479953	0.519447	0.424271	0.452584	0.410877	0.452148	0.395589	0.501425	0.489084	0.406245	0.455849	0.482465	0.450573	0.517195	0.469305	0.469305	0.439031	0.49055	0.476812	0.481215	0.48721	0.403542	0.458591	0.392486	0.443198	0.406245	0.467783	0.447055	0.46262	0.477539	0.49055	0.475001	0.395589	0.511475	0.487181	0.415193	0.454315	0.451866	0.487181	0.460977	0.435409	0.416718	0.449225	0.517595	0.453566	0.395028	0.453371	0.456801	0.481975	0.446802	0.403099	0.440896	0.454315	0.454569	0.450328	0.511475	0.468863	0.421694	0.49055	0.400603	0.460977	0.421694	0.487181	0.464178	0.517195	0.465904	0.475369	0.424271	0.460795	0.483037	0.489084	0.393515	0.508187	0.460146	0.45321	0.449192	0.417762	0.511475	0.433113	0.415203	0.439043	0.465904	0.489084	0.488886	0.456859	0.480458	0.449192	0.493519	0.433183	0.398382	0.442675	0.373491	0.504128	0.469867	0.465904	0.417762	0.46286	0.403662	0.458291	0.427834	0.391622	0.446893	0.50209	0.465904	0.50146	0.469606	0.493194	0.489084	0.433486	0.462141	0.416551	0.373491	0.481283	0.414974	0.458591	0.491436	0.443077	0.508187	0.415002	0.455849	0.478744	0.462141	0.469606	0.424271	0.492698	0.464266	0.449192	0.439904
14000	slope	-0.343214	-0.372662	-0.383177	-0.278407	-0.313893	-0.354552	-0.338907	-0.333635	-0.391183	-0.369545	-0.378072	-0.287898	-0.287955	-0.329447	-0.353103	-0.342637	-0.378424	-0.394945	-0.343111	-0.32397	-0.395191	-0.356362	-0.359456	-0.34052	-0.298806	-0.335719	-0.298806	-0.368377	-0.318139	-0.367524	-0.416922	-0.367648	-0.349691	-0.376878	-0.360963	-0.324208	-0.341912	-0.326473	-0.377688	-0.346806	-0.373137	-0.315925	-0.308103	-0.340652	-0.361232	-0.369163	-0.354258	-0.358743	-0.334987	-0.341137	-0.354971	-0.288635	-0.351116	-0.378356	-0.333835	-0.298537	-0.376645	-0.369976	-0.370057	-0.300025	-0.357275	-0.316443	-0.314766	-0.390774	-0.411699	-0.368207	-0.324099	-0.358491	-0.36391	-0.330568	-0.292688	-0.346919	-0.358008	-0.325592	-0.307817	-0.304174	-0.387851	-0.357371	-0.366556	-0.340812	-0.355007	-0.334366	-0.328621	-0.363518	-0.340474	-0.362678	-0.353801	-0.377549	-0.319184	-0.377069	-0.261239	-0.330844	-0.370112	-0.351392	-0.31404	-0.337425	-0.330404	-0.387505	-0.331394	-0.324628	-0.363288	-0.320987	-0.343141	-0.350013	-0.331668	-0.304198	-0.397525	-0.325761	-0.326307	-0.310795	-0.327677	-0.366847	-0.31907	-0.371055	-0.353675	-0.374657	-0.399595	-0.312953	-0.381583	-0.352227	-0.361021	-0.335499	-0.368547	-0.348373	-0.357416	-0.355168	-0.360523	-0.339651	-0.371255	-0.372317	-0.32154	-0.316192	-0.316279	-0.311303	-0.332467	-0.29987	-0.352121	-0.329356	-0.378548	-0.364619	-0.344859	-0.372564	-0.409712	-0.337999	-0.330548	-0.369682	-0.350272	-0.339123	-0.341919	-0.325572	-0.365058	-0.376364	-0.279614	-0.291652	-0.292884	-0.356507	-0.391461	-0.327763	-0.29717	-0.387156	-0.325811	-0.365097	-0.341975	-0.339191	-0.35018	-0.365009	-0.312815	-0.333717	-0.317884	-0.350546	-0.369851	-0.362087	-0.3681	-0.375413	-0.367584	-0.335908	-0.321043	-0.339006	-0.351211	-0.368876	-0.279571	-0.36933	-0.335987	-0.322515	-0.377944	-0.334843	-0.35899	-0.349752	-0.367685	-0.352198	-0.336863	-0.370538	-0.375402	-0.324662	-0.389682	-0.338506	-0.317591	-0.366578	-0.324523	-0.300799	-0.249519	-0.307847	-0.327223	-0.29175	-0.322622	-0.396175	-0.379139	-0.341925	-0.299324	-0.386425	-0.381023	-0.404682	-0.362007	-0.341912	-0.357997	-0.301364	-0.314741	-0.340816	-0.353991	-0.364619	-0.327864	-0.331226	-0.340816	-0.302959	-0.286856	-0.378922	-0.2959	-0.272959	-0.324654	-0.388092	-0.273166	-0.341926	-0.298101	-0.277044	-0.271997	-0.315941	-0.339622	-0.281154	-0.410887	-0.314424	-0.307121	-0.335306	-0.249519	-0.365752	-0.272286	-0.364619	-0.278399	-0.266077	-0.35316	-0.3034	-0.353766	-0.409	-0.416015	-0.327139	-0.287487	-0.336443	-0.324508	-0.314741	-0.359592	-0.326641	-0.379398	-0.38221	-0.35316	-0.386425	-0.39105	-0.356089	-0.40778	-0.341912	-0.299324	-0.375101	-0.30091	-0.397302	-0.359592	-0.349073	-0.39308	-0.365752	-0.362007	-0.38	-0.374055	-0.286407	-0.338515	-0.379935	-0.326553	-0.39105	-0.353612	-0.419396	-0.332413	-0.421104	-0.392575	-0.332125	-0.314741	-0.318361	-0.346949	-0.310422	-0.396175	-0.359592	-0.336443	-0.36348	-0.341925	-0.3552	-0.295259	-0.33839	-0.378922	-0.331226	-0.284279	-0.35316	-0.379139	-0.281347	-0.339738	-0.30091	-0.384591	-0.372071	-0.375101	-0.299625	-0.354255	-0.335306	-0.278399	-0.321661	-0.276882	-0.285435	-0.353991	-0.326306	-0.276763	-0.364619	-0.353612	-0.395599	-0.375101	-0.342676	-0.272286	-0.386425	-0.39105	-0.314424	-0.340816	-0.307393	-0.331593	-0.285435	-0.354274	-0.39308	-0.320795	-0.302072	-0.381043	-0.390498	-0.35316	-0.249519	-0.332413	-0.333645	-0.395137	-0.397302	-0.30091	-0.424845	-0.395238	-0.367963	-0.363613	-0.269899	-0.347244	-0.249519	-0.293812	-0.381043	-0.361084	-0.37483	-0.365487	-0.404001	-0.341925	-0.272959	-0.39308	-0.293624	-0.285005	-0.419396	-0.307393	-0.339738	-0.285435	-0.285435	-0.371361	-0.304417	-0.353612	-0.278399	-0.341094	-0.325108	-0.371515	-0.264844	-0.337488	-0.401521	-0.366864	-0.322622	-0.350464	-0.416015	-0.382229	-0.336443	-0.322622	-0.353991	-0.301873	-0.349073	-0.340494	-0.299625	-0.349073	-0.372071	-0.364619	-0.321104	-0.375101	-0.38221
14000	intercept	0.42806	0.462551	0.466927	0.461794	0.415168	0.474597	0.462689	0.503719	0.462089	0.430778	0.48806	0.438989	0.417205	0.498154	0.497123	0.434294	0.467781	0.459488	0.476966	0.464316	0.499035	0.476959	0.441917	0.465707	0.456824	0.46986	0.459727	0.477959	0.432831	0.472947	0.45756	0.475783	0.448576	0.461572	0.471311	0.457834	0.459581	0.440408	0.496991	0.465299	0.500207	0.482468	0.4701	0.447954	0.509504	0.474955	0.432729	0.493331	0.458189	0.458865	0.407932	0.441542	0.454376	0.479592	0.463283	0.442709	0.484839	0.459983	0.464114	0.476345	0.496692	0.470515	0.461226	0.462593	0.421445	0.426069	0.416232	0.488865	0.485664	0.517773	0.447088	0.496322	0.484854	0.513585	0.465248	0.447254	0.49256	0.481305	0.409664	0.437661	0.500917	0.493156	0.458445	0.450915	0.469156	0.491255	0.463756	0.484759	0.427884	0.479365	0.447209	0.47087	0.484389	0.483963	0.457199	0.482505	0.426442	0.501689	0.451894	0.48073	0.481848	0.473519	0.476363	0.466637	0.446254	0.433375	0.435469	0.44713	0.455336	0.486951	0.429144	0.467394	0.500251	0.479979	0.443702	0.484136	0.486225	0.404867	0.442577	0.489257	0.479087	0.457431	0.481864	0.511452	0.515827	0.478807	0.471354	0.468702	0.500481	0.481083	0.483146	0.443904	0.466285	0.453618	0.438774	0.466223	0.48223	0.442023	0.457246	0.501453	0.408984	0.480073	0.421594	0.405322	0.50624	0.48464	0.486045	0.453007	0.483613	0.468267	0.487903	0.505143	0.484669	0.473188	0.41118	0.451547	0.487089	0.471262	0.478496	0.482086	0.434767	0.423116	0.480809	0.434573	0.492809	0.446299	0.421355	0.463134	0.473421	0.438284	0.496232	0.475709	0.447327	0.477024	0.476775	0.483523	0.422131	0.468156	0.433374	0.455072	0.433653	0.459019	0.441889	0.474393	0.4841	0.437394	0.468285	0.477449	0.446321	0.490411	0.478677	0.48962	0.499858	0.454522	0.446488	0.501566	0.481447	0.501618	0.467003	0.467419	0.481541	0.411342	0.448527	0.358178	0.501591	0.462599	0.48569	0.440937	0.426159	0.446276	0.47903	0.446981	0.475666	0.517379	0.482572	0.408252	0.527124	0.504094	0.441911	0.49428	0.470309	0.425671	0.524378	0.424343	0.423475	0.479855	0.461591	0.42153	0.499949	0.499167	0.399233	0.393431	0.420634	0.408252	0.416834	0.498934	0.455291	0.394582	0.493868	0.520277	0.485479	0.517949	0.473356	0.453998	0.441473	0.49428	0.468518	0.469287	0.429836	0.380159	0.467492	0.424503	0.446981	0.468101	0.448985	0.515808	0.519274	0.495265	0.520682	0.468101	0.470854	0.452743	0.442729	0.454364	0.465402	0.494297	0.490488	0.52387	0.426159	0.488709	0.417699	0.445074	0.505358	0.520147	0.449379	0.453998	0.475666	0.494095	0.502997	0.419767	0.52956	0.48569	0.415232	0.47434	0.487553	0.449081	0.468131	0.479898	0.458776	0.519962	0.527124	0.415387	0.483273	0.491545	0.462599	0.520682	0.527001	0.467746	0.440937	0.528427	0.431354	0.4864	0.471775	0.410759	0.416628	0.452667	0.48569	0.397019	0.412716	0.417699	0.449431	0.507653	0.505266	0.497013	0.452534	0.517949	0.468518	0.448335	0.443893	0.377398	0.467746	0.414501	0.436208	0.49428	0.478657	0.446981	0.487576	0.51487	0.427105	0.45186	0.47434	0.520277	0.522036	0.470943	0.520682	0.376074	0.488709	0.449379	0.45734	0.435561	0.454719	0.446981	0.445656	0.489596	0.468131	0.522748	0.47713	0.435429	0.417699	0.479898	0.471783	0.437327	0.482572	0.443893	0.522036	0.466249	0.450807	0.466891	0.483088	0.470854	0.491687	0.393809	0.440937	0.428169	0.446981	0.426159	0.364746	0.449081	0.470943	0.412716	0.382188	0.382188	0.486947	0.519055	0.488829	0.468518	0.393431	0.435008	0.502223	0.399233	0.509907	0.491135	0.514831	0.505986	0.526754	0.446981	0.460485	0.527001	0.505986	0.447517	0.416541	0.520147	0.452884	0.46281	0.520242	0.518172	0.49428	0.468139	0.493845	0.452743
15000	slope	-0.354716	-0.366105	-0.366113	-0.315042	-0.386179	-0.315677	-0.367561	-0.394807	-0.390279	-0.39812	-0.38897	-0.391189	-0.368693	-0.364368	-0.396957	-0.376287	-0.399621	-0.359203	-0.324908	-0.327011	-0.381041	-0.379021	-0.332528	-0.376459	-0.314221	-0.368555	-0.330944	-0.356185	-0.343857	-0.320809	-0.353554	-0.340322	-0.397049	-0.394313	-0.366125	-0.378648	-0.36661	-0.306737	-0.344493	-0.360312	-0.344736	-0.319186	-0.307441	-0.393843	-0.374186	-0.370656	-0.329373	-0.352754	-0.379574	-0.39626	-0.294171	-0.354933	-0.355964	-0.369196	-0.361748	-0.38461	-0.34659	-0.315542	-0.32663	-0.336306	-0.396821	-0.389079	-0.356899	-0.365473	-0.272466	-0.404955	-0.320717	-0.394805	-0.382618	-0.3603	-0.384784	-0.339757	-0.334455	-0.37715	-0.358019	-0.407425	-0.343816	-0.382079	-0.387422	-0.346344	-0.337683	-0.37248	-0.322629	-0.320047	-0.324584	-0.355208	-0.385601	-0.332796	-0.364992	-0.382773	-0.369804	-0.330389	-0.350091	-0.330228	-0.372267	-0.385725	-0.388187	-0.354862	-0.342817	-0.363379	-0.379293	-0.341869	-0.3256	-0.331146	-0.378115	-0.336078	-0.382007	-0.387461	-0.326944	-0.376153	-0.365589	-0.362715	-0.379345	-0.326995	-0.364222	-0.361449	-0.364374	-0.345194	-0.324913	-0.336827	-0.362835	-0.361802	-0.389529	-0.321922	-0.351495	-0.333437	-0.348393	-0.327655	-0.318784	-0.373679	-0.362281	-0.385235	-0.398575	-0.371679	-0.375059	-0.383256	-0.361138	-0.323665	-0.371317	-0.37778	-0.336594	-0.380487	-0.375233	-0.265057	-0.347183	-0.354462	-0.305576	-0.366136	-0.36713	-0.365975	-0.340249	-0.371141	-0.357838	-0.364341	-0.310732	-0.351901	-0.375416	-0.380368	-0.388116	-0.371328	-0.365798	-0.343223	-0.35362	-0.400402	-0.385592	-0.370721	-0.374883	-0.361809	-0.324672	-0.312034	-0.338897	-0.358864	-0.32764	-0.331516	-0.411534	-0.292104	-0.349837	-0.294147	-0.383934	-0.375644	-0.407425	-0.358663	-0.376535	-0.357757	-0.368801	-0.343757	-0.333017	-0.3155	-0.36454	-0.300327	-0.378668	-0.341094	-0.35678	-0.318269	-0.394639	-0.390183	-0.364592	-0.352526	-0.319318	-0.343863	-0.287133	-0.390129	-0.242828	-0.362261	-0.242828	-0.366008	-0.407141	-0.368699	-0.343732	-0.358567	-0.352918	-0.39157	-0.421867	-0.371626	-0.390698	-0.366248	-0.345634	-0.377488	-0.400668	-0.366807	-0.374043	-0.425981	-0.386121	-0.319623	-0.352918	-0.339376	-0.425981	-0.406199	-0.394561	-0.352918	-0.360599	-0.35003	-0.345634	-0.352518	-0.361902	-0.371626	-0.337926	-0.358909	-0.370582	-0.385671	-0.377488	-0.379846	-0.35003	-0.385117	-0.337926	-0.353165	-0.384222	-0.349002	-0.355201	-0.362542	-0.379765	-0.388205	-0.370781	-0.373844	-0.269532	-0.26502	-0.310901	-0.347266	-0.397527	-0.36682	-0.244776	-0.332168	-0.400094	-0.349002	-0.356144	-0.242828	-0.396085	-0.335681	-0.361902	-0.39157	-0.347823	-0.39157	-0.370813	-0.366248	-0.386293	-0.247486	-0.38618	-0.335681	-0.365051	-0.285455	-0.411533	-0.360624	-0.347886	-0.347886	-0.352918	-0.382253	-0.379216	-0.403792	-0.337926	-0.410603	-0.299516	-0.345634	-0.362785	-0.365051	-0.307065	-0.361902	-0.352918	-0.38937	-0.40219	-0.36682	-0.36682	-0.26363	-0.372053	-0.365051	-0.392792	-0.411533	-0.309463	-0.268622	-0.38618	-0.35003	-0.23196	-0.352353	-0.310901	-0.370018	-0.413122	-0.404247	-0.352918	-0.360624	-0.404247	-0.370781	-0.341492	-0.281162	-0.311279	-0.371626	-0.322381	-0.366168	-0.297134	-0.375809	-0.39157	-0.404247	-0.366168	-0.309127	-0.355201	-0.3689	-0.352918	-0.281645	-0.358567	-0.370781	-0.352935	-0.38618	-0.382013	-0.367913	-0.337926	-0.36232	-0.358129	-0.242828	-0.349002	-0.352935	-0.388639	-0.352918	-0.366591	-0.419781	-0.35003	-0.365051	-0.377488	-0.367913	-0.379487	-0.308188	-0.352518	-0.358176	-0.294834	-0.391365	-0.388561	-0.366248	-0.285455	-0.381517	-0.391271	-0.282304	-0.368046	-0.387427	-0.371764	-0.275753	-0.297144	-0.390129	-0.410603	-0.341492	-0.365836	-0.381708	-0.352918	-0.385671	-0.386121	-0.291556	-0.395323	-0.410603	-0.354442	-0.400124	-0.390129	-0.323935	-0.287393	-0.370408	-0.281162	-0.427404	-0.308146	-0.365051	-0.308146	-0.385671	-0.352918	-0.328894	-0.276175	-0.283267
15000	intercept	0.455412	0.47893	0.487406	0.439545	0.485677	0.459523	0.517017	0.519453	0.514276	0.469163	0.50222	0.478223	0.453281	0.470014	0.468492	0.449811	0.465689	0.469755	0.46311	0.475532	0.481836	0.483128	0.444353	0.45018	0.447564	0.505555	0.470824	0.444045	0.439011	0.455734	0.44382	0.513667	0.493382	0.472306	0.48834	0.474801	0.49244	0.477228	0.492438	0.498346	0.450834	0.450472	0.478914	0.476927	0.489473	0.485506	0.465752	0.462714	0.524551	0.467384	0.402685	0.491604	0.487182	0.479876	0.484829	0.505346	0.482981	0.38725	0.414114	0.464119	0.467266	0.492811	0.436504	0.483652	0.392751	0.484485	0.436169	0.514275	0.482807	0.528723	0.48917	0.426511	0.454013	0.509972	0.523547	0.496786	0.453845	0.490005	0.456681	0.424312	0.450297	0.488017	0.477265	0.440922	0.424949	0.503536	0.489262	0.428871	0.498774	0.509466	0.515518	0.482164	0.460571	0.47289	0.479695	0.484425	0.445236	0.460944	0.508187	0.4675	0.478472	0.415789	0.48303	0.529014	0.480325	0.48185	0.507392	0.448223	0.461831	0.462304	0.49533	0.496115	0.496486	0.406532	0.487459	0.494446	0.453303	0.431141	0.42503	0.476408	0.50703	0.444729	0.506142	0.472925	0.520896	0.436186	0.455808	0.416388	0.426035	0.518307	0.502143	0.484893	0.452621	0.474485	0.486877	0.540056	0.455462	0.476376	0.475817	0.46937	0.451488	0.480978	0.533044	0.400972	0.45562	0.498591	0.449086	0.529473	0.454571	0.451813	0.486446	0.496729	0.486898	0.489698	0.448845	0.489578	0.482197	0.471057	0.516047	0.49682	0.497093	0.487657	0.462911	0.478061	0.488612	0.390758	0.487483	0.519353	0.464792	0.454454	0.423933	0.533497	0.471483	0.461075	0.496974	0.395079	0.393241	0.401782	0.468362	0.521735	0.455841	0.513322	0.472561	0.480691	0.51289	0.488819	0.452248	0.473739	0.528401	0.446746	0.488986	0.494759	0.521065	0.453287	0.488239	0.457332	0.477511	0.413587	0.429576	0.457573	0.439718	0.449114	0.430428	0.546643	0.430428	0.534299	0.456002	0.524029	0.4919	0.487821	0.430573	0.486441	0.505152	0.48161	0.436209	0.499802	0.514792	0.522872	0.457364	0.490817	0.513365	0.446689	0.490817	0.477662	0.450588	0.482857	0.446689	0.461761	0.466522	0.450588	0.486991	0.49376	0.514792	0.44767	0.549944	0.48161	0.455455	0.430352	0.463258	0.478764	0.522872	0.506984	0.49376	0.463258	0.464093	0.542737	0.444314	0.543216	0.469029	0.447894	0.501547	0.522872	0.512194	0.504727	0.439157	0.430428	0.462956	0.382131	0.535407	0.513586	0.430428	0.433245	0.465451	0.543216	0.52535	0.430428	0.438581	0.439497	0.526361	0.505532	0.456343	0.486441	0.509135	0.499802	0.531204	0.480657	0.466934	0.439497	0.518353	0.456237	0.411813	0.504491	0.47993	0.47993	0.439497	0.483083	0.460212	0.537374	0.455455	0.489327	0.395088	0.514792	0.539594	0.518353	0.479271	0.527683	0.439497	0.50458	0.518729	0.513586	0.513586	0.435322	0.527399	0.518353	0.444314	0.411813	0.353015	0.432014	0.460862	0.49376	0.410255	0.439497	0.469258	0.460212	0.455716	0.505152	0.439497	0.504491	0.485412	0.512194	0.457945	0.421854	0.410295	0.472189	0.492635	0.519801	0.353015	0.491911	0.517466	0.505152	0.519801	0.51529	0.469029	0.517142	0.439497	0.425286	0.487821	0.512194	0.467201	0.466934	0.451651	0.517142	0.455455	0.517508	0.538366	0.430428	0.538533	0.467201	0.442051	0.438484	0.494443	0.505152	0.49376	0.522259	0.522872	0.517142	0.430617	0.350284	0.454269	0.471749	0.426051	0.490725	0.465832	0.494443	0.438713	0.487821	0.487821	0.387264	0.406706	0.496526	0.446939	0.432672	0.401207	0.461974	0.489327	0.457945	0.541438	0.522872	0.44767	0.462557	0.490817	0.428639	0.472189	0.491532	0.487821	0.449483	0.457328	0.468206	0.420206	0.504727	0.421854	0.439884	0.493502	0.518353	0.472944	0.480929	0.450588	0.383925	0.435322	0.420619
16000	slope	-0.367269	-0.353626	-0.374964	-0.397508	-0.358826	-0.410724	-0.353208	-0.352481	-0.40822	-0.42505	-0.374664	-0.393931	-0.352615	-0.375354	-0.385897	-0.396925	-0.354895	-0.34861	-0.400146	-0.390826	-0.382938	-0.347639	-0.380537	-0.407576	-0.393583	-0.424854	-0.382304	-0.375149	-0.374258	-0.376387	-0.36092	-0.370652	-0.378926	-0.34846	-0.400813	-0.375887	-0.36327	-0.351626	-0.379443	-0.395996	-0.411037	-0.395758	-0.394553	-0.399494	-0.35048	-0.370342	-0.413661	-0.371228	-0.392906	-0.338131	-0.378393	-0.403884	-0.41138	-0.373682	-0.356315	-0.389101	-0.42813	-0.372862	-0.415206	-0.339476	-0.382356	-0.387564	-0.379212	-0.364661	-0.375212	-0.369632	-0.382325	-0.40335	-0.385297	-0.378303	-0.420527	-0.393142	-0.389448	-0.393853	-0.357701	-0.387362	-0.409429	-0.369533	-0.337609	-0.383495	-0.339601	-0.369458	-0.36968	-0.353076	-0.391287	-0.402291	-0.345576	-0.266485	-0.366735	-0.363912	-0.329052	-0.405521	-0.368487	-0.367642	-0.331576	-0.410996	-0.421113	-0.35277	-0.365618	-0.350968	-0.380839	-0.34585	-0.375092	-0.345572	-0.367747	-0.399911	-0.390112	-0.389213	-0.373793	-0.379447	-0.343604	-0.356291	-0.368311	-0.36419	-0.395988	-0.359975	-0.403118	-0.389283	-0.408249	-0.395596	-0.416965	-0.383924	-0.368785	-0.38214	-0.364166	-0.37498	-0.391947	-0.383192	-0.378842	-0.395885	-0.347809	-0.395911	-0.390995	-0.348947	-0.415455	-0.426702	-0.380088	-0.371333	-0.382405	-0.382098	-0.394032	-0.39071	-0.338936	-0.363306	-0.346974	-0.378007	-0.355099	-0.375412	-0.348576	-0.325259	-0.36594	-0.391203	-0.384997	-0.3768	-0.369297	-0.397487	-0.368311	-0.352924	-0.381021	-0.308955	-0.37234	-0.348526	-0.407727	-0.381242	-0.410964	-0.381163	-0.38487	-0.38529	-0.369984	-0.393636	-0.372151	-0.333716	-0.346239	-0.403617	-0.351033	-0.38044	-0.344836	-0.37409	-0.395078	-0.32097	-0.395416	-0.411174	-0.392231	-0.345782	-0.371648	-0.377555	-0.395452	-0.367947	-0.390918	-0.354797	-0.349132	-0.374115	-0.346875	-0.35345	-0.34023	-0.378965	-0.372669	-0.334527	-0.369334	-0.38377	-0.437768	-0.452193	-0.397227	-0.354378	-0.370528	-0.40917	-0.383362	-0.399537	-0.422456	-0.354151	-0.357661	-0.328495	-0.398039	-0.402615	-0.407689	-0.383362	-0.415976	-0.417734	-0.391282	-0.342534	-0.367996	-0.408564	-0.360164	-0.342534	-0.383331	-0.402343	-0.417235	-0.406728	-0.330978	-0.40789	-0.40789	-0.382704	-0.388021	-0.410107	-0.377743	-0.377184	-0.330978	-0.385967	-0.321394	-0.390032	-0.372991	-0.383012	-0.399164	-0.391297	-0.414652	-0.426472	-0.32282	-0.426472	-0.404925	-0.369983	-0.44102	-0.362257	-0.312288	-0.410107	-0.359648	-0.389752	-0.346212	-0.406728	-0.385967	-0.392673	-0.367583	-0.397709	-0.365585	-0.32792	-0.426759	-0.370528	-0.409534	-0.426472	-0.313317	-0.343001	-0.419749	-0.377736	-0.390431	-0.403606	-0.344164	-0.402343	-0.421238	-0.32792	-0.386844	-0.374414	-0.371182	-0.416508	-0.372683	-0.363178	-0.373976	-0.413679	-0.40917	-0.398039	-0.377184	-0.390646	-0.363225	-0.391297	-0.367996	-0.430212	-0.351246	-0.383331	-0.316054	-0.330771	-0.363225	-0.421238	-0.357986	-0.355854	-0.391571	-0.351071	-0.355854	-0.384284	-0.403652	-0.407474	-0.380734	-0.340343	-0.402877	-0.390892	-0.384074	-0.391297	-0.379972	-0.426472	-0.399071	-0.369286	-0.401895	-0.390065	-0.359648	-0.376781	-0.362909	-0.38553	-0.312288	-0.370528	-0.366087	-0.327663	-0.363178	-0.403606	-0.320407	-0.383331	-0.374414	-0.341061	-0.408994	-0.38357	-0.369983	-0.330771	-0.407474	-0.355854	-0.390582	-0.387281	-0.365848	-0.391002	-0.335809	-0.399537	-0.337694	-0.305927	-0.363225	-0.391022	-0.40789	-0.340343	-0.379941	-0.426759	-0.446069	-0.426759	-0.449752	-0.421238	-0.389817	-0.340343	-0.457464	-0.399537	-0.388904	-0.430212	-0.383331	-0.382704	-0.377743	-0.404632	-0.417104	-0.403083	-0.373824	-0.385649	-0.383331	-0.378042	-0.366132	-0.379941	-0.399537	-0.457464	-0.374011	-0.319224	-0.366638	-0.416638	-0.362257	-0.398616	-0.301832	-0.426472	-0.44102	-0.373872	-0.40305	-0.355854	-0.422417	-0.379757	-0.370937	-0.351071	-0.325567	-0.426759	-0.390892	-0.389446	-0.40917	-0.390198
16000	intercept	0.448062	0.488908	0.505156	0.474559	0.493358	0.487169	0.522292	0.550522	0.504642	0.449316	0.504392	0.518479	0.488142	0.485619	0.480918	0.441472	0.456658	0.46992	0.501988	0.491029	0.496306	0.503445	0.466836	0.465225	0.450737	0.499677	0.491142	0.530802	0.476924	0.431713	0.501548	0.468531	0.530802	0.462955	0.494281	0.492359	0.478593	0.480009	0.456627	0.442818	0.484715	0.475564	0.464342	0.476724	0.453705	0.500313	0.524879	0.504524	0.487453	0.481661	0.500126	0.4933	0.464833	0.508245	0.451903	0.499825	0.443682	0.522805	0.525654	0.503161	0.463131	0.430289	0.494674	0.507832	0.465213	0.524937	0.490393	0.508534	0.47115	0.500729	0.475619	0.466252	0.479511	0.488334	0.506637	0.503702	0.495066	0.472973	0.473182	0.534991	0.504589	0.493203	0.487338	0.458723	0.48448	0.479063	0.491725	0.430863	0.463325	0.49353	0.474918	0.504209	0.464196	0.49146	0.446841	0.552159	0.46645	0.517748	0.483397	0.494143	0.512554	0.489943	0.485136	0.484286	0.488818	0.498419	0.503337	0.516098	0.460693	0.504218	0.50569	0.493692	0.501783	0.491247	0.523005	0.496891	0.50718	0.473512	0.476331	0.504956	0.536012	0.518003	0.508055	0.498536	0.516862	0.514027	0.533896	0.487676	0.482802	0.480841	0.45807	0.456719	0.505465	0.489443	0.490257	0.444369	0.4998	0.473858	0.477643	0.496633	0.451108	0.491568	0.498575	0.46479	0.493209	0.453536	0.492094	0.435125	0.467829	0.467479	0.468682	0.479846	0.457106	0.482928	0.472421	0.500029	0.483672	0.454081	0.510849	0.469129	0.523127	0.561628	0.552383	0.471274	0.478599	0.523344	0.441573	0.49695	0.500913	0.489818	0.447624	0.48801	0.484863	0.468756	0.46355	0.497536	0.51446	0.491059	0.471251	0.432474	0.497034	0.457447	0.525224	0.47329	0.523997	0.481138	0.481054	0.443881	0.520912	0.435919	0.488258	0.482976	0.466645	0.477824	0.456175	0.494157	0.49812	0.460135	0.446148	0.491493	0.514723	0.477604	0.49223	0.515364	0.47031	0.522015	0.47506	0.543378	0.545564	0.531049	0.429733	0.455398	0.512107	0.51256	0.457945	0.47506	0.437361	0.509516	0.502995	0.457771	0.516564	0.482191	0.515021	0.457771	0.440528	0.555959	0.444263	0.485472	0.447208	0.477883	0.471497	0.497816	0.485705	0.520959	0.503116	0.488592	0.43435	0.502995	0.487359	0.507079	0.461121	0.495268	0.49257	0.442268	0.450426	0.564476	0.462427	0.543267	0.511833	0.486255	0.522072	0.517311	0.470885	0.525072	0.504623	0.476709	0.457771	0.485472	0.517898	0.511942	0.506558	0.544446	0.521539	0.443855	0.526701	0.480856	0.523058	0.543267	0.468211	0.400033	0.426064	0.475495	0.499397	0.535419	0.48216	0.555959	0.519157	0.443855	0.499096	0.546092	0.532661	0.509793	0.461462	0.492498	0.489253	0.472654	0.526504	0.512107	0.477441	0.508245	0.532661	0.446425	0.516564	0.522072	0.492291	0.439601	0.472196	0.492064	0.532661	0.517786	0.519958	0.484602	0.45314	0.490332	0.484602	0.492949	0.420867	0.52755	0.521539	0.457771	0.490584	0.509023	0.503543	0.446425	0.559201	0.572442	0.505663	0.47031	0.533962	0.491532	0.510425	0.461438	0.507079	0.506212	0.475612	0.480856	0.4544	0.474631	0.501408	0.535419	0.478719	0.453732	0.532661	0.545849	0.475907	0.4599	0.486255	0.492064	0.52755	0.46339	0.49223	0.513283	0.486778	0.515819	0.475937	0.555959	0.441204	0.462647	0.532661	0.488103	0.472654	0.452939	0.507861	0.523759	0.480031	0.521961	0.46382	0.519157	0.488103	0.457771	0.478426	0.555959	0.49257	0.522072	0.455019	0.495945	0.483102	0.475907	0.4996	0.453813	0.507079	0.513286	0.464571	0.520841	0.496064	0.482668	0.555959	0.471808	0.436738	0.490536	0.517311	0.44171	0.517311	0.445774	0.492064	0.564476	0.522072	0.525537	0.515925	0.484602	0.493202	0.448096	0.502995	0.490332	0.48296	0.533801	0.509023	0.533962	0.522015	0.462077
17000	slope	-0.349102	-0.396997	-0.382351	-0.384997	-0.401476	-0.374097	-0.36906	-0.395568	-0.422607	-0.379811	-0.401524	-0.385713	-0.380535	-0.366496	-0.381832	-0.388402	-0.432867	-0.37743	-0.415902	-0.384007	-0.40482	-0.403495	-0.402597	-0.375503	-0.363677	-0.41721	-0.38112	-0.361247	-0.383806	-0.4048	-0.384829	-0.379523	-0.389986	-0.379528	-0.391492	-0.389051	-0.402102	-0.380384	-0.382347	-0.375635	-0.367467	-0.384022	-0.401258	-0.348639	-0.36659	-0.3705	-0.399725	-0.399169	-0.416614	-0.397839	-0.413038	-0.373402	-0.368053	-0.403365	-0.392448	-0.401665	-0.414546	-0.408037	-0.377926	-0.393776	-0.387854	-0.355083	-0.370002	-0.338683	-0.369664	-0.394599	-0.350521	-0.425085	-0.374366	-0.38635	-0.389616	-0.349102	-0.419416	-0.383669	-0.388166	-0.41448	-0.37096	-0.395824	-0.426672	-0.362876	-0.387061	-0.40547	-0.393189	-0.402163	-0.364539	-0.392483	-0.391859	-0.384452	-0.390971	-0.419763	-0.374025	-0.356002	-0.416229	-0.391279	-0.387244	-0.394135	-0.402056	-0.404035	-0.388583	-0.375416	-0.400841	-0.364426	-0.380784	-0.37736	-0.39949	-0.392873	-0.373925	-0.368148	-0.382692	-0.395383	-0.406627	-0.386887	-0.405359	-0.375307	-0.419835	-0.388947	-0.399003	-0.421957	-0.39828	-0.370994	-0.388279	-0.431834	-0.38279	-0.386697	-0.387172	-0.401843	-0.398397	-0.391341	-0.398754	-0.389192	-0.389236	-0.383806	-0.416378	-0.386802	-0.378321	-0.397375	-0.383071	-0.395353	-0.396467	-0.367272	-0.389421	-0.354388	-0.386129	-0.359142	-0.372508	-0.388977	-0.368199	-0.388838	-0.409302	-0.34409	-0.419403	-0.422044	-0.327014	-0.360948	-0.423858	-0.395174	-0.398575	-0.378408	-0.374134	-0.391811	-0.370957	-0.405915	-0.418721	-0.381871	-0.369025	-0.37073	-0.398696	-0.364287	-0.38442	-0.39303	-0.356199	-0.374616	-0.398851	-0.37979	-0.412553	-0.403694	-0.397216	-0.382124	-0.396894	-0.375445	-0.431562	-0.397601	-0.395824	-0.413344	-0.397251	-0.419994	-0.345581	-0.408664	-0.410597	-0.371597	-0.409513	-0.405677	-0.371868	-0.334364	-0.382	-0.393756	-0.411839	-0.394122	-0.390637	-0.423119	-0.370943	-0.358202	-0.370943	-0.325873	-0.404113	-0.358202	-0.417047	-0.405286	-0.39717	-0.383127	-0.331766	-0.365333	-0.410953	-0.377108	-0.396489	-0.391577	-0.381905	-0.388001	-0.429082	-0.385521	-0.369524	-0.431573	-0.354426	-0.328155	-0.437565	-0.395682	-0.407615	-0.358098	-0.448289	-0.378829	-0.412098	-0.370943	-0.345326	-0.381124	-0.372331	-0.376806	-0.353625	-0.3784	-0.413656	-0.384062	-0.401081	-0.39078	-0.381124	-0.415436	-0.378342	-0.417047	-0.428371	-0.404632	-0.427827	-0.371608	-0.442405	-0.399547	-0.39078	-0.417047	-0.428371	-0.341885	-0.444722	-0.397782	-0.381654	-0.404632	-0.444722	-0.378873	-0.367693	-0.413313	-0.370943	-0.391538	-0.387017	-0.417047	-0.396138	-0.422735	-0.390235	-0.399547	-0.400313	-0.39078	-0.453078	-0.414498	-0.372331	-0.421602	-0.397682	-0.374689	-0.372905	-0.363129	-0.353761	-0.334516	-0.408654	-0.409222	-0.417622	-0.385455	-0.369584	-0.345326	-0.326878	-0.41145	-0.391035	-0.427239	-0.418983	-0.402991	-0.372203	-0.40807	-0.410953	-0.400145	-0.397782	-0.376864	-0.369605	-0.347257	-0.423582	-0.396138	-0.41145	-0.394839	-0.37604	-0.396489	-0.382476	-0.38352	-0.437565	-0.436861	-0.353761	-0.370943	-0.34254	-0.390778	-0.398667	-0.402156	-0.391368	-0.39078	-0.370119	-0.390235	-0.387266	-0.325873	-0.378167	-0.38352	-0.413198	-0.361799	-0.372251	-0.394533	-0.374574	-0.342461	-0.372905	-0.407881	-0.372905	-0.388238	-0.421602	-0.322721	-0.436446	-0.3784	-0.372251	-0.417928	-0.405241	-0.325383	-0.38048	-0.417387	-0.372905	-0.360928	-0.413656	-0.339674	-0.322721	-0.388001	-0.349072	-0.395418	-0.387401	-0.357269	-0.373586	-0.375157	-0.370524	-0.365266	-0.427827	-0.427906	-0.442554	-0.444722	-0.417047	-0.370656	-0.419528	-0.401575	-0.395368	-0.363008	-0.372331	-0.367949	-0.386845	-0.417047	-0.415648	-0.341727	-0.372331	-0.433432	-0.364258	-0.442401	-0.390471	-0.395682	-0.372905	-0.372251	-0.415048	-0.381124	-0.385388	-0.367156	-0.399002	-0.422735	-0.427827	-0.407615	-0.343163	-0.387017	-0.389778	-0.333079	-0.370943	-0.442401
17000	intercept	0.46934	0.524935	0.518562	0.51025	0.515993	0.437414	0.49482	0.511524	0.53006	0.508241	0.504319	0.514442	0.508711	0.483689	0.492892	0.502608	0.490756	0.503495	0.486689	0.514118	0.487289	0.476305	0.475516	0.510788	0.473969	0.507554	0.482652	0.458015	0.486969	0.51731	0.506669	0.434555	0.487543	0.499309	0.477317	0.503133	0.476913	0.491805	0.49935	0.48599	0.530672	0.487917	0.502271	0.509392	0.490717	0.459323	0.516732	0.496081	0.484414	0.480393	0.500353	0.498195	0.495243	0.498219	0.488597	0.497797	0.516163	0.509371	0.502662	0.512129	0.484727	0.506162	0.478889	0.478353	0.480537	0.483624	0.494477	0.500619	0.464202	0.489903	0.488862	0.468417	0.493101	0.48256	0.488537	0.473085	0.50252	0.478829	0.479832	0.45597	0.491927	0.4879	0.507737	0.494762	0.486184	0.506173	0.508177	0.49706	0.510267	0.518331	0.511087	0.498284	0.484638	0.474862	0.512451	0.485554	0.507081	0.49478	0.487543	0.49712	0.516007	0.501619	0.490244	0.454902	0.491246	0.480712	0.506837	0.46171	0.495678	0.495356	0.494882	0.497765	0.502673	0.504273	0.488422	0.509459	0.505401	0.548378	0.499584	0.471299	0.507227	0.491553	0.504487	0.492693	0.490044	0.495011	0.477565	0.485983	0.52293	0.496326	0.503564	0.500495	0.489924	0.490257	0.508897	0.48294	0.497046	0.508753	0.502455	0.499211	0.517474	0.49298	0.491862	0.504931	0.454661	0.522782	0.482091	0.453483	0.489371	0.490573	0.480777	0.474368	0.466226	0.462703	0.49505	0.512713	0.474667	0.526785	0.499911	0.483573	0.496003	0.471767	0.504185	0.505578	0.518281	0.490903	0.519099	0.474447	0.458646	0.49437	0.481265	0.500654	0.474391	0.498229	0.511867	0.492717	0.507965	0.524754	0.486441	0.528176	0.497381	0.527988	0.482068	0.499132	0.477415	0.474655	0.452428	0.492226	0.501311	0.514871	0.487771	0.498673	0.489017	0.450746	0.501986	0.50928	0.487801	0.49768	0.479466	0.504309	0.502842	0.508767	0.49243	0.434177	0.488702	0.508767	0.492525	0.4828	0.492177	0.483223	0.483269	0.492463	0.496582	0.425663	0.528991	0.501494	0.493519	0.5006	0.480117	0.545357	0.504028	0.488748	0.49254	0.49254	0.5017	0.533785	0.539633	0.497731	0.486017	0.510964	0.488947	0.493243	0.507264	0.48959	0.504028	0.474017	0.521761	0.529055	0.504286	0.516047	0.474546	0.483223	0.490732	0.494651	0.536498	0.510427	0.479811	0.484672	0.489352	0.48392	0.483442	0.506655	0.495811	0.492525	0.479811	0.507264	0.534606	0.481857	0.51817	0.480117	0.539031	0.492599	0.499628	0.491791	0.49243	0.503208	0.483223	0.489445	0.537856	0.521416	0.424305	0.524578	0.491159	0.463061	0.491445	0.550705	0.504028	0.494988	0.485929	0.454078	0.516305	0.537604	0.392757	0.507264	0.482083	0.464884	0.483395	0.416736	0.497556	0.507264	0.483795	0.532864	0.486022	0.533997	0.498191	0.47135	0.507947	0.483223	0.496582	0.501494	0.482171	0.494354	0.532535	0.514323	0.48539	0.537856	0.506337	0.516088	0.503818	0.528991	0.509647	0.501762	0.5017	0.48112	0.415687	0.49243	0.507264	0.494256	0.491333	0.514482	0.480117	0.487829	0.504028	0.424305	0.425663	0.428197	0.480426	0.501762	0.546097	0.516684	0.536498	0.494719	0.470586	0.533238	0.521405	0.485184	0.522872	0.48452	0.494574	0.48625	0.492191	0.540716	0.536498	0.521004	0.499379	0.432806	0.532535	0.575634	0.519129	0.449166	0.486772	0.488218	0.469345	0.5006	0.495728	0.521288	0.503055	0.528991	0.502842	0.507689	0.480997	0.532535	0.499774	0.521004	0.467454	0.539031	0.492525	0.503818	0.506877	0.416736	0.509272	0.412316	0.503561	0.504028	0.501494	0.510427	0.548148	0.463488	0.51042	0.472227	0.507264	0.550659	0.499433	0.530359	0.522872	0.536498	0.483395	0.48959	0.495095	0.510652	0.50952	0.521416	0.49828	0.528641	0.479964	0.483223	0.482033	0.500571	0.502842	0.541527
18000	slope	-0.400308	-0.430011	-0.41922	-0.392086	-0.390376	-0.37117	-0.389335	-0.424883	-0.404219	-0.390602	-0.406921	-0.400351	-0.392321	-0.400267	-0.400502	-0.426901	-0.356563	-0.408532	-0.395573	-0.402208	-0.379921	-0.397521	-0.379786	-0.423704	-0.435297	-0.350902	-0.430039	-0.409769	-0.389152	-0.35619	-0.31965	-0.423931	-0.447181	-0.438703	-0.398245	-0.416221	-0.393896	-0.401293	-0.374731	-0.449138	-0.434096	-0.42918	-0.416848	-0.400655	-0.425606	-0.375893	-0.399401	-0.401475	-0.414657	-0.413722	-0.362884	-0.395399	-0.393089	-0.43775	-0.413467	-0.411226	-0.399825	-0.394742	-0.402244	-0.3899	-0.400617	-0.3927	-0.39158	-0.415806	-0.407322	-0.351413	-0.429042	-0.415242	-0.398247	-0.374236	-0.382147	-0.3825	-0.381567	-0.403114	-0.401997	-0.421604	-0.397257	-0.374977	-0.388862	-0.389011	-0.400343	-0.3862	-0.370762	-0.393757	-0.420507	-0.398727	-0.418859	-0.408219	-0.421582	-0.41713	-0.404675	-0.417039	-0.412245	-0.449711	-0.400648	-0.435188	-0.412937	-0.416905	-0.389068	-0.436413	-0.420883	-0.402784	-0.41951	-0.395163	-0.438977	-0.388267	-0.441127	-0.40454	-0.393713	-0.415697	-0.418542	-0.385404	-0.340918	-0.357259	-0.372015	-0.414726	-0.415282	-0.438452	-0.379226	-0.373319	-0.408963	-0.38603	-0.382188	-0.410342	-0.432397	-0.413367	-0.437525	-0.391904	-0.407436	-0.408006	-0.391668	-0.372319	-0.395279	-0.396219	-0.408018	-0.384916	-0.407483	-0.453489	-0.41592	-0.404018	-0.377681	-0.421546	-0.407005	-0.414125	-0.400165	-0.381542	-0.393386	-0.399022	-0.424415	-0.378706	-0.409607	-0.383503	-0.397297	-0.379519	-0.403257	-0.348241	-0.434082	-0.378826	-0.401128	-0.42238	-0.420827	-0.396649	-0.376241	-0.380557	-0.393469	-0.40409	-0.420311	-0.436188	-0.398002	-0.386144	-0.436924	-0.348954	-0.363176	-0.404648	-0.368219	-0.424487	-0.407014	-0.428888	-0.359555	-0.371756	-0.374865	-0.406543	-0.370931	-0.407854	-0.406187	-0.406792	-0.418317	-0.43816	-0.41401	-0.391742	-0.388895	-0.435694	-0.409986	-0.365749	-0.428069	-0.408577	-0.431529	-0.429379	-0.389192	-0.417426	-0.325454	-0.391862	-0.370468	-0.419489	-0.421665	-0.375268	-0.417673	-0.409976	-0.435563	-0.370594	-0.416238	-0.403758	-0.457781	-0.378772	-0.409684	-0.400624	-0.384009	-0.415709	-0.384009	-0.431216	-0.37485	-0.305389	-0.365687	-0.366732	-0.388067	-0.400624	-0.407555	-0.396433	-0.397591	-0.41949	-0.404633	-0.398133	-0.348477	-0.425965	-0.442633	-0.383115	-0.386827	-0.378706	-0.383875	-0.408661	-0.435563	-0.39383	-0.431216	-0.410746	-0.376804	-0.431216	-0.370277	-0.386827	-0.361129	-0.468159	-0.37496	-0.381858	-0.416062	-0.43095	-0.42246	-0.391862	-0.394785	-0.420711	-0.415709	-0.421747	-0.415709	-0.415658	-0.440081	-0.385096	-0.424872	-0.426535	-0.379517	-0.441403	-0.441824	-0.385388	-0.37072	-0.434205	-0.426267	-0.379223	-0.434205	-0.369083	-0.409325	-0.441403	-0.402902	-0.431016	-0.409684	-0.408506	-0.397948	-0.419858	-0.468159	-0.442544	-0.398804	-0.432665	-0.425369	-0.397744	-0.379745	-0.397948	-0.437785	-0.385096	-0.399448	-0.409684	-0.423628	-0.349767	-0.415709	-0.391862	-0.365687	-0.414957	-0.374737	-0.39335	-0.374737	-0.437785	-0.415709	-0.41949	-0.387465	-0.38286	-0.355919	-0.362451	-0.418942	-0.444766	-0.415709	-0.374522	-0.414304	-0.393826	-0.432465	-0.362451	-0.414304	-0.438861	-0.409684	-0.420943	-0.384009	-0.431016	-0.357928	-0.410746	-0.434205	-0.442633	-0.37496	-0.382724	-0.405565	-0.386827	-0.424126	-0.415709	-0.381192	-0.426826	-0.407555	-0.394111	-0.457781	-0.425369	-0.430589	-0.426417	-0.38286	-0.355919	-0.42246	-0.425369	-0.422517	-0.43095	-0.416062	-0.349767	-0.348477	-0.430624	-0.439585	-0.394747	-0.384009	-0.414971	-0.385388	-0.445549	-0.394606	-0.409976	-0.388949	-0.407555	-0.431423	-0.468159	-0.428854	-0.325454	-0.407555	-0.440438	-0.355919	-0.37485	-0.459341	-0.431423	-0.414971	-0.398133	-0.409325	-0.43095	-0.379629	-0.394606	-0.414693	-0.389619	-0.45251	-0.405332	-0.373877	-0.378706	-0.385388	-0.372007	-0.43095	-0.394111	-0.395783	-0.380752	-0.405565	-0.394747	-0.35476	-0.434205	-0.431016	-0.431216	-0.38986	-0.43095
18000	intercept	0.518317	0.501105	0.477922	0.492557	0.510902	0.505213	0.511435	0.491491	0.511181	0.505318	0.500213	0.509875	0.476194	0.508361	0.494545	0.469758	0.512747	0.52836	0.502818	0.495231	0.50038	0.461142	0.500597	0.529685	0.510903	0.503628	0.494504	0.503132	0.489233	0.477032	0.507249	0.494403	0.519757	0.476542	0.504279	0.480865	0.518516	0.511714	0.52272	0.5069	0.49178	0.485127	0.51718	0.469695	0.503962	0.484761	0.494202	0.503854	0.519302	0.516056	0.483069	0.503935	0.499391	0.492759	0.47227	0.508518	0.494852	0.492149	0.498605	0.491559	0.481534	0.449855	0.510812	0.467742	0.536719	0.462059	0.472436	0.521866	0.499147	0.51986	0.477566	0.502001	0.504165	0.470457	0.507564	0.486174	0.518093	0.494492	0.504582	0.484254	0.49163	0.49552	0.470432	0.509125	0.495415	0.528392	0.503424	0.521847	0.477284	0.508004	0.479431	0.520002	0.484185	0.497453	0.526529	0.492343	0.48391	0.50431	0.500406	0.475406	0.491888	0.491531	0.515933	0.527596	0.533066	0.533037	0.522371	0.502662	0.50345	0.510934	0.521804	0.468404	0.482227	0.5097	0.495588	0.499604	0.487205	0.52062	0.508658	0.508387	0.492202	0.48755	0.484795	0.484013	0.510651	0.513376	0.516988	0.524186	0.520974	0.493618	0.490765	0.452039	0.483742	0.516995	0.453515	0.484678	0.488414	0.520556	0.528909	0.500178	0.507267	0.512578	0.496461	0.508058	0.498442	0.516219	0.507053	0.517169	0.46512	0.506257	0.503805	0.553415	0.506206	0.52368	0.505808	0.473988	0.53008	0.523267	0.497388	0.518234	0.488951	0.527989	0.514685	0.486143	0.490728	0.49482	0.493046	0.472701	0.517267	0.504871	0.494323	0.515549	0.489526	0.509911	0.504907	0.522851	0.513454	0.49632	0.480882	0.51751	0.525056	0.503431	0.538207	0.504608	0.48085	0.479329	0.492984	0.514892	0.478817	0.51849	0.491003	0.475335	0.482626	0.504271	0.486612	0.495477	0.504066	0.52887	0.475465	0.50794	0.50928	0.520132	0.500041	0.480287	0.548618	0.538801	0.538363	0.501887	0.483562	0.514888	0.491894	0.481098	0.50499	0.480446	0.524493	0.516847	0.491145	0.501211	0.491145	0.538119	0.466272	0.46769	0.531288	0.522098	0.532451	0.516847	0.469805	0.479701	0.529171	0.497785	0.486093	0.501402	0.507215	0.523525	0.46354	0.470509	0.450571	0.512952	0.528914	0.501211	0.483562	0.4804	0.538119	0.4804	0.516221	0.538119	0.516717	0.438137	0.52047	0.482079	0.524566	0.510049	0.507895	0.501567	0.504958	0.520132	0.514493	0.481526	0.501211	0.531648	0.463462	0.501377	0.45849	0.483249	0.495551	0.500428	0.529396	0.470196	0.517991	0.499144	0.454677	0.53111	0.482362	0.478476	0.53111	0.501129	0.510312	0.470196	0.495609	0.492906	0.524493	0.525952	0.4804	0.512436	0.482079	0.45849	0.492461	0.518661	0.479016	0.469805	0.436711	0.488092	0.501211	0.490112	0.522944	0.524493	0.473839	0.510049	0.501211	0.52431	0.531288	0.48765	0.499975	0.51156	0.499975	0.479055	0.501211	0.497785	0.498432	0.529595	0.509777	0.500273	0.483562	0.473482	0.498044	0.545962	0.510128	0.456429	0.482508	0.500273	0.510847	0.484712	0.521874	0.507171	0.491145	0.492906	0.504347	0.4804	0.53111	0.468508	0.524566	0.510028	0.510645	0.456409	0.468791	0.487798	0.453369	0.487194	0.467389	0.579521	0.50499	0.472743	0.484712	0.503436	0.520132	0.509777	0.504958	0.472743	0.502561	0.483908	0.495551	0.510049	0.507215	0.486108	0.505446	0.521539	0.491145	0.508926	0.499144	0.448608	0.465786	0.501887	0.520733	0.46264	0.488231	0.482079	0.480412	0.514412	0.469805	0.463265	0.509777	0.428453	0.540029	0.4775	0.508926	0.501402	0.502895	0.483908	0.501658	0.465786	0.501211	0.472078	0.448608	0.501887	0.452568	0.512952	0.499144	0.490371	0.483908	0.579521	0.495394	0.490832	0.516301	0.520132	0.52047	0.53111	0.494967	0.531648	0.518351	0.501567
19000	slope	-0.367837	-0.423373	-0.451545	-0.396165	-0.372477	-0.378066	-0.391652	-0.416815	-0.417483	-0.383669	-0.441924	-0.425556	-0.4098	-0.434919	-0.401783	-0.448586	-0.414227	-0.391173	-0.425399	-0.404347	-0.435019	-0.389206	-0.428169	-0.433736	-0.394338	-0.399517	-0.371165	-0.378379	-0.371378	-0.395273	-0.36894	-0.452149	-0.411058	-0.396788	-0.398976	-0.452293	-0.420181	-0.41578	-0.444274	-0.391566	-0.442683	-0.41727	-0.383871	-0.449079	-0.418529	-0.447212	-0.418625	-0.421353	-0.3848	-0.391988	-0.409354	-0.436638	-0.404716	-0.38143	-0.361647	-0.449822	-0.38723	-0.417009	-0.381795	-0.385387	-0.447889	-0.393616	-0.415397	-0.416484	-0.370571	-0.42782	-0.395686	-0.401771	-0.374906	-0.419367	-0.399498	-0.397105	-0.383909	-0.387399	-0.405962	-0.407104	-0.450002	-0.440348	-0.408758	-0.425685	-0.450721	-0.381489	-0.460744	-0.459182	-0.42607	-0.426897	-0.399039	-0.466651	-0.379577	-0.416392	-0.454586	-0.433976	-0.409854	-0.386335	-0.417564	-0.383638	-0.411827	-0.403836	-0.428325	-0.380306	-0.441154	-0.438606	-0.469746	-0.40995	-0.417638	-0.435705	-0.400138	-0.449269	-0.373662	-0.426411	-0.4374	-0.381535	-0.376142	-0.431996	-0.417971	-0.382047	-0.405018	-0.379409	-0.475666	-0.394734	-0.382976	-0.464165	-0.412995	-0.408072	-0.411972	-0.392853	-0.440426	-0.439692	-0.408401	-0.399153	-0.386984	-0.383775	-0.399298	-0.369384	-0.431243	-0.457795	-0.419057	-0.395505	-0.445955	-0.382395	-0.437977	-0.405122	-0.398983	-0.395131	-0.382689	-0.41929	-0.432063	-0.404039	-0.432312	-0.422824	-0.426199	-0.408578	-0.402091	-0.395811	-0.455219	-0.415336	-0.445088	-0.43409	-0.45764	-0.388354	-0.381919	-0.42398	-0.365079	-0.435678	-0.415451	-0.397382	-0.391426	-0.395708	-0.419506	-0.420986	-0.42698	-0.45894	-0.417208	-0.409215	-0.422997	-0.421907	-0.401693	-0.432123	-0.384881	-0.419889	-0.395385	-0.40972	-0.470185	-0.474386	-0.411813	-0.392484	-0.377367	-0.420244	-0.421316	-0.431264	-0.400566	-0.411222	-0.461873	-0.39963	-0.393468	-0.409979	-0.462634	-0.401865	-0.402505	-0.4127	-0.489983	-0.443444	-0.404535	-0.420476	-0.480367	-0.423817	-0.470606	-0.423817	-0.419784	-0.437521	-0.360014	-0.4255	-0.363671	-0.406453	-0.371684	-0.390487	-0.420476	-0.375428	-0.38362	-0.489983	-0.384533	-0.507376	-0.385072	-0.368135	-0.417132	-0.455949	-0.426066	-0.381936	-0.39102	-0.482738	-0.392021	-0.480326	-0.410442	-0.423817	-0.413273	-0.36411	-0.357379	-0.384533	-0.429837	-0.428788	-0.485091	-0.392021	-0.429256	-0.374851	-0.402403	-0.396411	-0.425097	-0.465728	-0.445591	-0.373603	-0.375697	-0.429256	-0.427553	-0.408047	-0.391043	-0.485162	-0.402403	-0.458995	-0.397583	-0.422526	-0.428586	-0.36411	-0.422954	-0.39342	-0.385777	-0.384533	-0.410442	-0.376616	-0.477236	-0.419784	-0.447039	-0.478437	-0.486657	-0.485091	-0.384533	-0.384595	-0.41843	-0.390487	-0.38812	-0.410747	-0.422912	-0.38641	-0.493691	-0.385033	-0.475827	-0.401562	-0.475827	-0.411809	-0.377265	-0.417132	-0.378557	-0.4255	-0.4542	-0.477236	-0.486869	-0.408047	-0.42249	-0.447567	-0.408263	-0.42249	-0.429837	-0.391525	-0.413884	-0.382529	-0.428939	-0.372546	-0.414112	-0.408568	-0.46578	-0.441303	-0.458995	-0.38362	-0.477236	-0.507376	-0.4216	-0.458995	-0.362982	-0.368135	-0.4542	-0.375076	-0.404755	-0.486869	-0.447923	-0.43386	-0.372546	-0.449947	-0.377512	-0.414112	-0.374373	-0.405013	-0.452341	-0.417132	-0.419784	-0.501168	-0.423683	-0.368771	-0.38812	-0.417132	-0.384533	-0.434357	-0.368135	-0.426283	-0.413273	-0.410585	-0.410402	-0.392021	-0.429377	-0.359101	-0.374284	-0.42151	-0.434786	-0.389849	-0.389905	-0.459538	-0.38812	-0.430507	-0.399953	-0.480367	-0.419784	-0.375697	-0.507376	-0.368135	-0.461349	-0.42971	-0.341809	-0.368135	-0.432845	-0.385033	-0.382529	-0.364443	-0.477236	-0.404549	-0.384371	-0.382529	-0.391525	-0.382529	-0.422526	-0.456051	-0.377265	-0.385777	-0.422526	-0.47416	-0.433618	-0.492497	-0.39342	-0.41846	-0.381186	-0.390524	-0.423817	-0.388763	-0.378812	-0.399966	-0.383754	-0.417132	-0.385033	-0.368935	-0.485162	-0.40813	-0.412219	-0.415969
19000	intercept	0.451983	0.508045	0.536865	0.519078	0.506513	0.479249	0.494945	0.52705	0.509768	0.466498	0.53576	0.477325	0.481964	0.533442	0.487515	0.525951	0.516901	0.498892	0.517927	0.506404	0.527375	0.491681	0.530209	0.527539	0.496746	0.524307	0.508483	0.521336	0.455148	0.467238	0.534217	0.537017	0.522056	0.498726	0.523944	0.530048	0.454647	0.537964	0.567155	0.473135	0.514867	0.499698	0.506247	0.535067	0.501017	0.509817	0.504621	0.523857	0.502359	0.516236	0.478962	0.556091	0.536184	0.48437	0.475915	0.513975	0.492219	0.489486	0.473018	0.500422	0.555809	0.462175	0.505016	0.488339	0.519517	0.50698	0.483155	0.509515	0.472894	0.507597	0.514235	0.502709	0.458899	0.511487	0.548105	0.526979	0.549984	0.560702	0.50868	0.515144	0.52243	0.500131	0.531714	0.536622	0.502225	0.521877	0.494023	0.526371	0.497122	0.503921	0.528655	0.556282	0.510952	0.488899	0.532316	0.488862	0.505807	0.494754	0.54434	0.500582	0.549266	0.519469	0.566679	0.50435	0.487668	0.495816	0.496009	0.514069	0.496447	0.506947	0.530667	0.475991	0.527273	0.511987	0.519853	0.496743	0.483789	0.46356	0.524414	0.512114	0.48744	0.516703	0.510594	0.489217	0.496594	0.517745	0.507588	0.530577	0.512882	0.517458	0.521863	0.46684	0.551207	0.487442	0.491156	0.519147	0.499948	0.532431	0.502255	0.545582	0.517416	0.488837	0.496214	0.477226	0.487152	0.515677	0.530839	0.50542	0.518117	0.520337	0.517497	0.541593	0.491152	0.493541	0.519278	0.48874	0.551888	0.505567	0.538607	0.493215	0.507314	0.507565	0.497057	0.535506	0.505317	0.536488	0.487705	0.493019	0.503442	0.500151	0.484174	0.558145	0.534064	0.549273	0.494391	0.476404	0.500317	0.484907	0.476646	0.493673	0.475151	0.507881	0.542285	0.575007	0.476625	0.523485	0.532407	0.521232	0.543828	0.541312	0.488507	0.470082	0.5285	0.484411	0.495017	0.506413	0.546883	0.504425	0.507424	0.494877	0.584338	0.513342	0.525983	0.530028	0.561806	0.480394	0.575007	0.480394	0.548989	0.523595	0.492736	0.543917	0.559389	0.495789	0.528322	0.4908	0.543739	0.47933	0.483533	0.584338	0.484821	0.51969	0.488429	0.454262	0.556901	0.517238	0.519914	0.502626	0.54243	0.531887	0.50436	0.533475	0.505456	0.480598	0.507173	0.522038	0.533928	0.484821	0.496771	0.474174	0.575007	0.50436	0.503975	0.493911	0.505213	0.511362	0.530236	0.505476	0.507474	0.491876	0.47796	0.503975	0.539023	0.484821	0.530065	0.560172	0.505213	0.554865	0.503975	0.479507	0.488977	0.522038	0.472992	0.520693	0.484821	0.477659	0.505456	0.498521	0.546675	0.540197	0.517123	0.57137	0.588957	0.575007	0.485556	0.476132	0.496771	0.492909	0.440567	0.555187	0.529735	0.475292	0.533475	0.441162	0.539693	0.461868	0.539693	0.553333	0.481711	0.543739	0.504875	0.543917	0.541284	0.507056	0.561806	0.484821	0.503975	0.500193	0.475402	0.524681	0.496771	0.458792	0.529735	0.495503	0.496327	0.488037	0.543739	0.50436	0.469716	0.513795	0.554865	0.483533	0.546675	0.51969	0.519111	0.554865	0.572658	0.451814	0.541284	0.529735	0.533952	0.561806	0.544685	0.480741	0.471309	0.517123	0.444141	0.543739	0.442299	0.522516	0.55905	0.543739	0.548989	0.533475	0.52571	0.452153	0.440567	0.543739	0.484821	0.495193	0.451814	0.464106	0.507173	0.47496	0.543739	0.504914	0.528028	0.489969	0.442299	0.457303	0.4607	0.453864	0.55201	0.508057	0.440567	0.484631	0.546396	0.572848	0.548989	0.511622	0.51969	0.454262	0.451317	0.518991	0.493991	0.451814	0.495551	0.442299	0.516872	0.478114	0.516505	0.525147	0.546396	0.484291	0.458792	0.497365	0.474391	0.537085	0.480784	0.475288	0.474391	0.57723	0.503975	0.538052	0.520693	0.499017	0.488429	0.480672	0.480394	0.484893	0.537207	0.572015	0.492909	0.543739	0.441162	0.506761	0.560172	0.507069	0.451301	0.480966
20000	slope	-0.421333	-0.358622	-0.456496	-0.391401	-0.373928	-0.441925	-0.435427	-0.347563	-0.411247	-0.427457	-0.37956	-0.40658	-0.396114	-0.421395	-0.443566	-0.405749	-0.443655	-0.431741	-0.437598	-0.389802	-0.406441	-0.439728	-0.404829	-0.416471	-0.445059	-0.427209	-0.388887	-0.444074	-0.409427	-0.456765	-0.364416	-0.412289	-0.401684	-0.399172	-0.392864	-0.414152	-0.423339	-0.419094	-0.418527	-0.433165	-0.41207	-0.437348	-0.394337	-0.431952	-0.405676	-0.422143	-0.384497	-0.426492	-0.382559	-0.403519	-0.420606	-0.429514	-0.46229	-0.425311	-0.400566	-0.389744	-0.412744	-0.409518	-0.394519	-0.421396	-0.436291	-0.41154	-0.482734	-0.40972	-0.428648	-0.405017	-0.455823	-0.383251	-0.415355	-0.40925	-0.431165	-0.434331	-0.385811	-0.416746	-0.405849	-0.381775	-0.411017	-0.417842	-0.439944	-0.408968	-0.439106	-0.382899	-0.39323	-0.387346	-0.456089	-0.435356	-0.429977	-0.371098	-0.408448	-0.407103	-0.454346	-0.401759	-0.392864	-0.399871	-0.36512	-0.413483	-0.381437	-0.414727	-0.369479	-0.415025	-0.438361	-0.443175	-0.428575	-0.403108	-0.436095	-0.456642	-0.422866	-0.410331	-0.453032	-0.368605	-0.457919	-0.4268	-0.43705	-0.437991	-0.410896	-0.450021	-0.385576	-0.362923	-0.42483	-0.4375	-0.39997	-0.388025	-0.408366	-0.418329	-0.40218	-0.394772	-0.382333	-0.379257	-0.3832	-0.401028	-0.423496	-0.375344	-0.392902	-0.41403	-0.403518	-0.399927	-0.421254	-0.466135	-0.406321	-0.433772	-0.423597	-0.448226	-0.369644	-0.350508	-0.408109	-0.418672	-0.370647	-0.40083	-0.433971	-0.421715	-0.357572	-0.476971	-0.438068	-0.376613	-0.417186	-0.457429	-0.381739	-0.39146	-0.397787	-0.41475	-0.44516	-0.39171	-0.418657	-0.459695	-0.442229	-0.401909	-0.375526	-0.434451	-0.412923	-0.363845	-0.403754	-0.420127	-0.346914	-0.406292	-0.424105	-0.407668	-0.39851	-0.393096	-0.384242	-0.483068	-0.456642	-0.419243	-0.433772	-0.408171	-0.442167	-0.387763	-0.394768	-0.466744	-0.437677	-0.407333	-0.362123	-0.404869	-0.467981	-0.434096	-0.38393	-0.400264	-0.405717	-0.481337	-0.385276	-0.403691	-0.362975	-0.347625	-0.402841	-0.419606	-0.398263	-0.466765	-0.397911	-0.38617	-0.485602	-0.425463	-0.429491	-0.37439	-0.48404	-0.467027	-0.395102	-0.450518	-0.434906	-0.466029	-0.482319	-0.442821	-0.48404	-0.37064	-0.424652	-0.377462	-0.429244	-0.430081	-0.358664	-0.421528	-0.370696	-0.413024	-0.452462	-0.363575	-0.40143	-0.36329	-0.437721	-0.411864	-0.433113	-0.450018	-0.361553	-0.404983	-0.394825	-0.486474	-0.353312	-0.35234	-0.354442	-0.432041	-0.393188	-0.412062	-0.410069	-0.451552	-0.424222	-0.466029	-0.452616	-0.377462	-0.419606	-0.415695	-0.48404	-0.461629	-0.473534	-0.478796	-0.361001	-0.382769	-0.411864	-0.358997	-0.438407	-0.434906	-0.400655	-0.481302	-0.46735	-0.387681	-0.369898	-0.431073	-0.429439	-0.469908	-0.473445	-0.387326	-0.44932	-0.402841	-0.37439	-0.460948	-0.46099	-0.435569	-0.428139	-0.362541	-0.491549	-0.483406	-0.37288	-0.353334	-0.4813	-0.480931	-0.447781	-0.407854	-0.402841	-0.424327	-0.452038	-0.457263	-0.417103	-0.424843	-0.421528	-0.448596	-0.430764	-0.447215	-0.473445	-0.354442	-0.49053	-0.412062	-0.40143	-0.434044	-0.456113	-0.452299	-0.43186	-0.38199	-0.36329	-0.427281	-0.486718	-0.412062	-0.36329	-0.429439	-0.415973	-0.343006	-0.411435	-0.432041	-0.429244	-0.393188	-0.37439	-0.381473	-0.425463	-0.456496	-0.46099	-0.437501	-0.387632	-0.429439	-0.456496	-0.359616	-0.43215	-0.421528	-0.349488	-0.467053	-0.458053	-0.440605	-0.407012	-0.355404	-0.347625	-0.38199	-0.400597	-0.359616	-0.38199	-0.361275	-0.478466	-0.456496	-0.387681	-0.400655	-0.402841	-0.392622	-0.424652	-0.384717	-0.410195	-0.35234	-0.456272	-0.386653	-0.473534	-0.40028	-0.429244	-0.445822	-0.371966	-0.427281	-0.410069	-0.403504	-0.382811	-0.467053	-0.42395	-0.424843	-0.388956	-0.436753	-0.440798	-0.424652	-0.394825	-0.404697	-0.371966	-0.429439	-0.347563	-0.347563	-0.387681	-0.499486	-0.395435	-0.436572	-0.347563	-0.446528	-0.429439	-0.340209	-0.426885	-0.452019	-0.391735	-0.364938	-0.352147	-0.411004	-0.397911	-0.347563	-0.432041	-0.387817
20000	intercept	0.504664	0.469136	0.531556	0.490276	0.469519	0.495342	0.547978	0.490068	0.520167	0.535127	0.498294	0.514149	0.517687	0.519296	0.538382	0.496195	0.580828	0.548838	0.531588	0.518132	0.544695	0.528449	0.527504	0.510558	0.540801	0.525614	0.518183	0.524056	0.484669	0.542801	0.479492	0.517651	0.511424	0.542425	0.487763	0.522943	0.448306	0.512993	0.473722	0.546703	0.507291	0.490412	0.494918	0.469495	0.491924	0.518531	0.507415	0.515194	0.523033	0.504972	0.519652	0.502228	0.565173	0.504807	0.533417	0.443095	0.564103	0.511474	0.512782	0.536388	0.457831	0.520015	0.554271	0.516902	0.498303	0.523428	0.528247	0.530918	0.518179	0.490563	0.511172	0.542514	0.471104	0.458265	0.447006	0.495536	0.532297	0.533367	0.535573	0.504111	0.552405	0.504312	0.489502	0.488909	0.542734	0.515583	0.485781	0.482602	0.514332	0.470217	0.528064	0.529774	0.487763	0.483579	0.459671	0.510854	0.447537	0.509239	0.499546	0.482252	0.47342	0.518695	0.518493	0.521789	0.518788	0.535524	0.50707	0.488721	0.482583	0.473873	0.513808	0.523476	0.532086	0.542104	0.52457	0.519616	0.516764	0.450876	0.500357	0.522062	0.491547	0.515492	0.509701	0.511722	0.527865	0.496436	0.473733	0.470636	0.482325	0.494951	0.534563	0.454529	0.458341	0.501384	0.481926	0.495121	0.50361	0.519878	0.519302	0.52131	0.512647	0.52177	0.456913	0.462998	0.479466	0.526767	0.45635	0.512945	0.565105	0.514966	0.514712	0.544481	0.529316	0.456224	0.538788	0.526815	0.451668	0.51183	0.514483	0.510931	0.512222	0.514737	0.509676	0.545405	0.503326	0.527892	0.472114	0.538649	0.518399	0.48044	0.488321	0.50913	0.478561	0.513883	0.454097	0.512179	0.534518	0.488824	0.454386	0.541883	0.53906	0.526921	0.52131	0.496904	0.476382	0.487105	0.546992	0.534922	0.528082	0.531622	0.503428	0.508751	0.547337	0.524056	0.534626	0.477499	0.496968	0.563709	0.478569	0.514414	0.497517	0.488734	0.507223	0.523648	0.461381	0.542796	0.50398	0.457559	0.561796	0.529064	0.551553	0.460184	0.544467	0.561678	0.552112	0.545545	0.48627	0.55034	0.512844	0.542026	0.544467	0.468389	0.51166	0.460184	0.526582	0.585608	0.471871	0.532295	0.456512	0.503028	0.545401	0.488734	0.496506	0.445511	0.475242	0.520385	0.439744	0.539431	0.561359	0.50398	0.47065	0.538621	0.439418	0.486256	0.498801	0.54932	0.475555	0.439744	0.503028	0.480401	0.475242	0.55034	0.51558	0.460184	0.510714	0.518489	0.544467	0.517062	0.538621	0.441396	0.49645	0.448945	0.520385	0.498174	0.577742	0.48627	0.49865	0.554924	0.559555	0.505084	0.439568	0.532818	0.516457	0.532972	0.566432	0.479188	0.533574	0.507223	0.46659	0.556741	0.501716	0.548772	0.541001	0.489361	0.53709	0.517553	0.552579	0.471367	0.542462	0.547001	0.515379	0.474265	0.507223	0.484964	0.561678	0.542796	0.458049	0.548772	0.526582	0.518425	0.517759	0.515162	0.547944	0.498801	0.568667	0.446982	0.489361	0.5857	0.561214	0.526218	0.545545	0.532967	0.448945	0.530054	0.558751	0.437614	0.448945	0.516457	0.517047	0.465632	0.503398	0.54932	0.526582	0.489361	0.460184	0.489361	0.547718	0.549943	0.501716	0.483315	0.566963	0.50275	0.549943	0.471367	0.530054	0.532295	0.49103	0.560217	0.556483	0.518311	0.510286	0.494685	0.488734	0.532967	0.434676	0.471367	0.532967	0.453188	0.550996	0.533588	0.536922	0.503398	0.507223	0.502669	0.51166	0.489361	0.526582	0.486256	0.510851	0.556691	0.538621	0.511544	0.528475	0.483315	0.566963	0.530054	0.515229	0.545926	0.470586	0.560217	0.477687	0.548772	0.490302	0.52377	0.534997	0.51166	0.47065	0.484513	0.566963	0.516457	0.494694	0.489417	0.533321	0.568667	0.477687	0.48627	0.489417	0.577742	0.516457	0.45849	0.475242	0.569475	0.448565	0.46301	0.494036	0.445448	0.491178	0.494694	0.571072	0.471547
21000	slope	-0.448806	-0.427944	-0.427496	-0.417725	-0.492509	-0.395337	-0.38511	-0.40305	-0.450664	-0.3903	-0.422834	-0.3936	-0.463543	-0.446853	-0.419408	-0.418539	-0.413787	-0.426036	-0.428613	-0.400378	-0.395347	-0.439311	-0.380507	-0.423555	-0.456814	-0.428146	-0.385227	-0.458107	-0.388985	-0.453532	-0.43234	-0.414598	-0.420932	-0.467941	-0.416033	-0.414807	-0.459109	-0.438774	-0.400329	-0.396512	-0.477005	-0.445231	-0.381967	-0.449676	-0.397928	-0.433599	-0.41818	-0.390103	-0.398842	-0.393829	-0.429338	-0.426277	-0.372674	-0.411558	-0.393584	-0.389712	-0.390173	-0.381746	-0.365998	-0.415454	-0.453471	-0.430644	-0.430768	-0.349655	-0.440442	-0.41567	-0.44453	-0.42615	-0.385605	-0.416864	-0.387396	-0.424865	-0.433562	-0.410174	-0.388976	-0.418749	-0.414035	-0.470939	-0.380417	-0.458861	-0.38488	-0.396175	-0.457847	-0.378008	-0.416536	-0.453748	-0.407896	-0.498824	-0.450055	-0.439124	-0.427458	-0.423555	-0.472042	-0.389356	-0.450269	-0.456817	-0.427396	-0.429439	-0.417845	-0.452658	-0.426505	-0.410153	-0.385581	-0.474668	-0.455906	-0.413842	-0.439035	-0.418337	-0.432388	-0.419086	-0.445674	-0.433982	-0.382538	-0.450845	-0.433085	-0.486283	-0.477105	-0.410079	-0.410253	-0.482754	-0.407616	-0.420194	-0.434559	-0.374199	-0.377894	-0.432784	-0.389854	-0.383758	-0.412087	-0.417748	-0.399152	-0.441361	-0.443196	-0.417776	-0.433949	-0.433052	-0.388012	-0.404776	-0.436431	-0.382737	-0.386105	-0.384149	-0.378056	-0.393295	-0.437339	-0.416391	-0.414538	-0.428371	-0.429316	-0.458482	-0.423123	-0.397095	-0.414066	-0.388479	-0.464751	-0.458231	-0.411916	-0.383603	-0.449936	-0.419493	-0.433264	-0.408172	-0.430833	-0.397302	-0.435371	-0.39946	-0.468321	-0.399796	-0.39672	-0.403639	-0.463069	-0.442511	-0.429874	-0.418592	-0.40637	-0.445674	-0.373882	-0.383943	-0.417077	-0.412356	-0.419706	-0.47468	-0.430233	-0.428366	-0.444168	-0.495716	-0.388467	-0.43647	-0.427789	-0.447438	-0.459039	-0.476361	-0.45615	-0.40049	-0.378574	-0.450273	-0.452809	-0.41998	-0.449029	-0.476086	-0.482754	-0.464006	-0.507327	-0.400261	-0.438359	-0.485692	-0.429566	-0.420149	-0.482754	-0.42395	-0.430179	-0.367658	-0.476365	-0.475813	-0.487069	-0.421356	-0.348586	-0.430755	-0.445056	-0.366481	-0.384246	-0.499848	-0.350862	-0.453422	-0.342213	-0.395596	-0.482754	-0.377539	-0.400319	-0.449511	-0.446794	-0.348586	-0.451498	-0.439641	-0.460915	-0.435313	-0.430849	-0.430755	-0.395596	-0.313102	-0.421716	-0.435313	-0.352285	-0.378574	-0.435313	-0.469436	-0.409385	-0.430179	-0.474006	-0.37584	-0.470574	-0.384251	-0.435929	-0.469436	-0.403504	-0.418752	-0.449582	-0.430755	-0.377539	-0.416407	-0.401885	-0.388601	-0.368907	-0.400261	-0.433517	-0.482754	-0.49275	-0.418752	-0.488651	-0.49594	-0.476301	-0.424729	-0.425404	-0.367658	-0.361486	-0.368907	-0.415929	-0.482754	-0.458149	-0.476365	-0.366481	-0.355741	-0.430849	-0.4007	-0.42592	-0.484686	-0.472491	-0.470544	-0.356932	-0.421212	-0.483931	-0.48517	-0.361486	-0.428546	-0.483154	-0.401492	-0.332274	-0.401885	-0.4792	-0.430849	-0.390551	-0.391211	-0.489435	-0.491143	-0.43048	-0.49594	-0.45605	-0.482754	-0.480583	-0.41186	-0.384251	-0.392636	-0.470574	-0.398091	-0.482754	-0.430849	-0.397429	-0.476846	-0.416407	-0.401885	-0.435395	-0.365238	-0.4144	-0.427422	-0.38711	-0.49594	-0.401492	-0.42482	-0.480963	-0.395596	-0.349482	-0.376697	-0.430179	-0.358466	-0.382492	-0.469249	-0.408448	-0.390551	-0.481519	-0.440547	-0.348702	-0.430849	-0.397429	-0.463035	-0.500268	-0.439248	-0.430849	-0.452734	-0.43962	-0.421212	-0.500268	-0.39754	-0.475497	-0.324692	-0.378148	-0.424945	-0.499848	-0.430849	-0.395596	-0.439641	-0.449582	-0.421398	-0.352285	-0.400261	-0.399593	-0.369376	-0.435724	-0.378574	-0.355786	-0.400174	-0.417543	-0.376837	-0.340674	-0.387988	-0.401422	-0.403407	-0.454727	-0.375329	-0.434211	-0.471033	-0.491143	-0.418752	-0.469249	-0.421212	-0.354562	-0.340674	-0.373722	-0.465161	-0.327747	-0.439641	-0.401422	-0.469436	-0.403504	-0.421212	-0.375715	-0.402317	-0.398091	-0.435313	-0.369376	-0.472264
21000	intercept	0.554816	0.519163	0.494557	0.486481	0.521785	0.489457	0.439092	0.495801	0.523022	0.480515	0.562406	0.535819	0.568478	0.512948	0.521493	0.506596	0.530067	0.548869	0.502952	0.48737	0.53503	0.581483	0.493255	0.503328	0.538818	0.524507	0.49278	0.562557	0.473215	0.518707	0.527985	0.520712	0.526342	0.508448	0.49333	0.542473	0.522952	0.56327	0.499133	0.474299	0.554197	0.547471	0.501379	0.513204	0.483116	0.541198	0.491231	0.539575	0.504926	0.471741	0.479616	0.464459	0.492471	0.506599	0.488769	0.525614	0.517331	0.499101	0.475256	0.484723	0.515809	0.502718	0.526015	0.484189	0.510673	0.479363	0.50431	0.510943	0.482796	0.530255	0.485975	0.54242	0.51243	0.530501	0.499296	0.500853	0.516176	0.501971	0.481548	0.511313	0.490552	0.472756	0.548846	0.443193	0.515108	0.554665	0.471211	0.530615	0.546981	0.519452	0.529715	0.561443	0.516306	0.492951	0.520663	0.513896	0.507026	0.512589	0.486982	0.529648	0.491473	0.501655	0.491534	0.540634	0.553527	0.524246	0.468278	0.506469	0.517017	0.483627	0.505616	0.558793	0.48073	0.48177	0.477445	0.534174	0.509745	0.503604	0.535727	0.517331	0.509081	0.506326	0.52531	0.487182	0.48331	0.509159	0.505843	0.4892	0.486563	0.558741	0.491526	0.497409	0.50723	0.547105	0.514879	0.548082	0.509427	0.499926	0.521257	0.487362	0.505789	0.494484	0.50044	0.532337	0.542093	0.505337	0.513756	0.521314	0.519883	0.511924	0.511921	0.539055	0.47838	0.507186	0.529018	0.521949	0.486723	0.475525	0.498804	0.550648	0.463128	0.528105	0.491694	0.46013	0.506747	0.505467	0.539802	0.546796	0.511624	0.487325	0.502254	0.560832	0.523959	0.49386	0.502799	0.50076	0.476237	0.503289	0.530657	0.486285	0.522045	0.533555	0.483511	0.49426	0.515388	0.539356	0.502389	0.548875	0.503099	0.515153	0.531327	0.531192	0.542858	0.506783	0.490773	0.54733	0.574233	0.500307	0.566984	0.529907	0.531167	0.503279	0.534144	0.524937	0.56601	0.502964	0.52732	0.555362	0.519691	0.545111	0.510799	0.44192	0.506392	0.51659	0.537698	0.50341	0.457308	0.556453	0.521048	0.487197	0.49903	0.521543	0.47463	0.495432	0.508532	0.443899	0.534397	0.497034	0.534967	0.504876	0.542068	0.419633	0.535706	0.537905	0.495432	0.518202	0.578955	0.550612	0.454702	0.453769	0.526103	0.516019	0.444825	0.49555	0.516019	0.563245	0.557981	0.528096	0.508966	0.487594	0.488462	0.519213	0.508288	0.563245	0.540428	0.493648	0.553766	0.550612	0.500935	0.479053	0.538325	0.539153	0.52752	0.530901	0.569425	0.525557	0.536725	0.521547	0.515655	0.503117	0.553766	0.556174	0.479053	0.436952	0.48537	0.52752	0.569125	0.514971	0.525721	0.506392	0.451572	0.49555	0.569125	0.46932	0.493648	0.559887	0.513183	0.555345	0.457421	0.581809	0.513961	0.522027	0.493247	0.499515	0.513183	0.521795	0.453444	0.538325	0.549473	0.569125	0.49903	0.517285	0.492303	0.501169	0.543906	0.492303	0.559574	0.513116	0.518473	0.443899	0.519213	0.469293	0.488462	0.509571	0.513116	0.578955	0.489139	0.568085	0.502823	0.538325	0.545111	0.502914	0.557398	0.566861	0.529445	0.492303	0.521795	0.494654	0.524602	0.454702	0.477861	0.493889	0.516194	0.49903	0.409349	0.513133	0.52752	0.49903	0.59521	0.516019	0.506685	0.578955	0.493419	0.509668	0.484094	0.581139	0.578955	0.584011	0.506377	0.58563	0.47812	0.526453	0.518473	0.464676	0.52752	0.521896	0.521543	0.569125	0.454702	0.537905	0.554663	0.555362	0.444825	0.524937	0.493419	0.45489	0.577252	0.49555	0.502213	0.472686	0.479336	0.49555	0.441175	0.498523	0.479446	0.418193	0.539152	0.49555	0.504157	0.491136	0.501169	0.487289	0.513133	0.574081	0.409349	0.441175	0.49244	0.513961	0.470348	0.537905	0.479446	0.563245	0.521795	0.574081	0.47345	0.473763	0.493019	0.518202	0.482886	0.529339
22000	slope	-0.432651	-0.408606	-0.455508	-0.451413	-0.487639	-0.403942	-0.412248	-0.402159	-0.395611	-0.455505	-0.427438	-0.432219	-0.444652	-0.405064	-0.427097	-0.445058	-0.432395	-0.45268	-0.382682	-0.420001	-0.436424	-0.410686	-0.382059	-0.422065	-0.432024	-0.42761	-0.450559	-0.438052	-0.460324	-0.404166	-0.431263	-0.461219	-0.404932	-0.440697	-0.393641	-0.445036	-0.424416	-0.456817	-0.410789	-0.41323	-0.414982	-0.392367	-0.403247	-0.49268	-0.423433	-0.426996	-0.450831	-0.461556	-0.420571	-0.430907	-0.408916	-0.450334	-0.458854	-0.441547	-0.437197	-0.381353	-0.45934	-0.479839	-0.406319	-0.435356	-0.455714	-0.417447	-0.451369	-0.426918	-0.444683	-0.384425	-0.443812	-0.391958	-0.445678	-0.428585	-0.407483	-0.410278	-0.41195	-0.421398	-0.393898	-0.393033	-0.389131	-0.390735	-0.417496	-0.492722	-0.446956	-0.422555	-0.461622	-0.438921	-0.385437	-0.429865	-0.4794	-0.413598	-0.483338	-0.415851	-0.459911	-0.447036	-0.432575	-0.41359	-0.387552	-0.442419	-0.407377	-0.398756	-0.398756	-0.438923	-0.403141	-0.395575	-0.416362	-0.448459	-0.436137	-0.414557	-0.491684	-0.425624	-0.425073	-0.445149	-0.374898	-0.412143	-0.39762	-0.358267	-0.409156	-0.418478	-0.42564	-0.405373	-0.464847	-0.468196	-0.417034	-0.412789	-0.406038	-0.449389	-0.447258	-0.393815	-0.391958	-0.429958	-0.416431	-0.452315	-0.394024	-0.471565	-0.433211	-0.423479	-0.444254	-0.408163	-0.487396	-0.383205	-0.434766	-0.406795	-0.475101	-0.40255	-0.453602	-0.425534	-0.476619	-0.37423	-0.458458	-0.421704	-0.476188	-0.389206	-0.433601	-0.41138	-0.40641	-0.430213	-0.417438	-0.4237	-0.423223	-0.409	-0.451319	-0.463006	-0.441368	-0.424577	-0.366808	-0.437324	-0.411386	-0.411022	-0.423943	-0.418386	-0.413137	-0.372158	-0.403862	-0.389893	-0.404395	-0.463713	-0.449474	-0.454078	-0.470583	-0.433327	-0.377351	-0.449258	-0.451243	-0.408208	-0.440223	-0.38567	-0.449723	-0.428621	-0.411103	-0.450264	-0.381779	-0.405796	-0.422783	-0.433848	-0.4578	-0.426286	-0.427673	-0.451579	-0.418497	-0.426566	-0.419141	-0.421546	-0.413171	-0.406253	-0.47998	-0.39085	-0.460846	-0.495395	-0.460658	-0.399678	-0.351045	-0.391347	-0.43328	-0.43328	-0.433045	-0.381035	-0.430837	-0.406392	-0.376942	-0.396761	-0.386813	-0.407656	-0.426056	-0.435758	-0.460846	-0.432113	-0.410801	-0.386813	-0.43328	-0.432113	-0.432113	-0.405377	-0.447838	-0.481603	-0.428965	-0.451611	-0.396819	-0.504495	-0.513189	-0.392519	-0.455747	-0.440347	-0.464651	-0.421712	-0.423078	-0.416437	-0.391347	-0.429688	-0.447311	-0.357941	-0.438031	-0.396819	-0.495395	-0.377465	-0.43328	-0.35975	-0.391347	-0.357941	-0.437094	-0.432036	-0.435758	-0.473799	-0.485973	-0.423502	-0.476945	-0.383595	-0.415476	-0.392312	-0.392974	-0.440072	-0.383985	-0.432113	-0.4254	-0.393844	-0.404506	-0.40828	-0.423215	-0.41603	-0.493312	-0.428817	-0.393844	-0.383097	-0.458819	-0.417861	-0.394656	-0.490049	-0.418393	-0.448627	-0.4254	-0.419064	-0.458819	-0.474942	-0.412803	-0.396761	-0.391347	-0.392974	-0.416947	-0.432113	-0.459903	-0.497404	-0.481322	-0.435758	-0.415311	-0.383985	-0.412803	-0.432113	-0.4254	-0.420025	-0.474942	-0.441741	-0.435758	-0.468422	-0.372204	-0.373384	-0.407656	-0.365489	-0.513279	-0.404506	-0.431386	-0.377345	-0.399636	-0.396922	-0.419064	-0.399636	-0.462949	-0.44164	-0.357941	-0.4254	-0.405723	-0.389854	-0.460846	-0.465474	-0.372204	-0.399579	-0.426303	-0.421688	-0.38926	-0.355822	-0.372204	-0.488403	-0.358396	-0.502044	-0.358743	-0.462862	-0.435758	-0.429956	-0.432113	-0.442992	-0.385935	-0.386374	-0.385701	-0.427695	-0.418393	-0.391854	-0.384141	-0.421688	-0.431444	-0.399678	-0.481322	-0.417567	-0.442168	-0.448157	-0.416437	-0.469254	-0.421688	-0.407656	-0.440347	-0.474942	-0.465474	-0.459903	-0.451611	-0.382554	-0.502044	-0.366077	-0.390031	-0.428025	-0.428817	-0.460658	-0.458988	-0.447838	-0.458819	-0.423078	-0.481113	-0.428608	-0.392974	-0.458819	-0.399636	-0.388292	-0.482922	-0.455581	-0.388715	-0.411107	-0.370975	-0.35975	-0.383985	-0.435758	-0.432113	-0.438732	-0.371964	-0.391854	-0.428817	-0.462862
22000	intercept	0.557905	0.526447	0.526886	0.573715	0.567782	0.483575	0.545071	0.504864	0.466725	0.517537	0.528075	0.556554	0.566608	0.520569	0.538355	0.531367	0.530071	0.567526	0.449501	0.524402	0.558674	0.536481	0.480201	0.506045	0.559764	0.519517	0.54374	0.575792	0.521142	0.47525	0.514326	0.527792	0.502388	0.527657	0.490773	0.510593	0.502272	0.52306	0.511504	0.501815	0.542774	0.529044	0.545084	0.596118	0.510569	0.537893	0.546582	0.507849	0.526182	0.51723	0.531249	0.552424	0.515593	0.543018	0.554735	0.476961	0.537044	0.553752	0.505934	0.569652	0.510308	0.512943	0.531922	0.533462	0.568902	0.471082	0.59329	0.50765	0.52376	0.534124	0.556176	0.532028	0.521478	0.48732	0.446098	0.497789	0.475309	0.445801	0.545963	0.565719	0.599751	0.531367	0.564414	0.54382	0.48851	0.540048	0.538962	0.501575	0.573573	0.54546	0.526979	0.574187	0.536663	0.48931	0.471892	0.572128	0.534718	0.487335	0.498617	0.514591	0.477094	0.540944	0.566125	0.571482	0.509954	0.503611	0.560177	0.537146	0.543487	0.53143	0.456835	0.530867	0.522638	0.47756	0.537608	0.476954	0.515293	0.494328	0.513191	0.570079	0.509769	0.528443	0.48049	0.526359	0.527338	0.439318	0.464532	0.564465	0.528963	0.527124	0.489526	0.574888	0.545764	0.550992	0.575341	0.516762	0.578135	0.450883	0.532079	0.516435	0.543348	0.496245	0.538231	0.546424	0.552835	0.466217	0.526995	0.531698	0.537226	0.51846	0.56513	0.515139	0.530483	0.555685	0.526001	0.549862	0.553956	0.536034	0.537491	0.543158	0.5332	0.48395	0.45805	0.539888	0.511368	0.538469	0.515293	0.553998	0.540481	0.455742	0.468786	0.472006	0.525711	0.544172	0.571421	0.507422	0.544909	0.537281	0.485915	0.517368	0.581258	0.516	0.528713	0.456426	0.511975	0.56831	0.476478	0.591408	0.514622	0.531525	0.533357	0.507305	0.587968	0.521328	0.560807	0.534633	0.522042	0.566291	0.468174	0.528907	0.499984	0.575183	0.558661	0.492416	0.505105	0.576752	0.570705	0.543746	0.444665	0.459557	0.527854	0.503375	0.524163	0.497688	0.54475	0.488303	0.492889	0.502697	0.488531	0.504215	0.459928	0.578045	0.49714	0.553707	0.472767	0.488531	0.503375	0.535701	0.547647	0.514803	0.509739	0.562751	0.523631	0.561864	0.468615	0.568468	0.588292	0.494642	0.484208	0.575183	0.573606	0.534775	0.468988	0.473884	0.45548	0.460066	0.509739	0.421715	0.484208	0.48221	0.576752	0.498388	0.511734	0.417505	0.45548	0.418569	0.56425	0.484208	0.578045	0.552927	0.587595	0.580793	0.562751	0.52154	0.587503	0.491644	0.4499	0.555857	0.570382	0.543162	0.514803	0.496718	0.487992	0.510279	0.545703	0.475195	0.518489	0.548546	0.496718	0.498556	0.560111	0.564023	0.487227	0.554686	0.472047	0.572422	0.503944	0.539046	0.560111	0.574975	0.472447	0.502697	0.45548	0.4499	0.592128	0.544889	0.544902	0.507298	0.522075	0.578045	0.49739	0.570382	0.472447	0.544889	0.514803	0.563397	0.574975	0.575183	0.578045	0.567126	0.577607	0.413309	0.504215	0.481827	0.602469	0.487992	0.563671	0.457638	0.519624	0.496718	0.542097	0.519624	0.573606	0.567493	0.421715	0.514803	0.498407	0.504977	0.49714	0.573166	0.577607	0.504215	0.500007	0.537052	0.521525	0.422683	0.577607	0.544849	0.444665	0.51758	0.421715	0.533972	0.578045	0.509309	0.543162	0.583312	0.502985	0.508145	0.492889	0.493794	0.459095	0.491955	0.520508	0.555857	0.57286	0.541109	0.540845	0.477207	0.576725	0.569116	0.473884	0.571789	0.537052	0.504215	0.572302	0.574975	0.573166	0.544902	0.544766	0.497171	0.51758	0.418101	0.486822	0.555362	0.548546	0.570705	0.592128	0.509739	0.560111	0.468988	0.543601	0.54475	0.45548	0.560722	0.519624	0.526796	0.516689	0.521292	0.476981	0.501296	0.49342	0.417505	0.570382	0.578045	0.557404	0.565027	0.468648	0.491955	0.551745	0.52988
23000	slope	-0.462499	-0.447123	-0.361966	-0.425929	-0.440257	-0.460135	-0.424483	-0.464485	-0.416685	-0.417081	-0.432756	-0.380702	-0.472686	-0.376892	-0.427478	-0.482012	-0.40689	-0.434433	-0.40775	-0.422188	-0.429075	-0.421895	-0.422601	-0.406061	-0.404302	-0.397446	-0.430752	-0.383466	-0.422497	-0.428896	-0.471117	-0.447948	-0.47782	-0.457755	-0.463749	-0.420375	-0.443833	-0.372089	-0.431499	-0.454199	-0.378705	-0.411559	-0.472664	-0.412517	-0.400202	-0.412667	-0.430155	-0.42361	-0.396687	-0.442492	-0.423147	-0.390331	-0.420462	-0.434782	-0.461082	-0.398769	-0.47364	-0.413322	-0.435236	-0.392116	-0.405404	-0.43223	-0.407031	-0.427729	-0.429	-0.468969	-0.421727	-0.43279	-0.43382	-0.426818	-0.425829	-0.37456	-0.413219	-0.410497	-0.429424	-0.440656	-0.408941	-0.427773	-0.457192	-0.409878	-0.427835	-0.380058	-0.441321	-0.461071	-0.377912	-0.413682	-0.407885	-0.366297	-0.426911	-0.460514	-0.424934	-0.476093	-0.400839	-0.427079	-0.460729	-0.379812	-0.406226	-0.43381	-0.417928	-0.412541	-0.405007	-0.409	-0.476818	-0.455083	-0.433081	-0.424506	-0.403513	-0.385013	-0.433978	-0.439713	-0.472465	-0.4288	-0.432759	-0.450755	-0.423289	-0.461746	-0.483561	-0.470039	-0.420374	-0.437974	-0.47782	-0.427988	-0.423195	-0.459232	-0.458823	-0.465482	-0.441924	-0.415751	-0.402326	-0.419155	-0.394999	-0.452585	-0.442651	-0.433099	-0.427919	-0.456954	-0.471035	-0.424139	-0.461696	-0.44701	-0.463254	-0.400329	-0.421655	-0.469397	-0.405717	-0.406156	-0.393195	-0.449894	-0.415602	-0.43224	-0.430943	-0.399066	-0.402909	-0.427729	-0.438806	-0.471136	-0.421533	-0.413723	-0.455503	-0.467146	-0.412334	-0.487216	-0.459021	-0.399478	-0.393213	-0.404209	-0.442332	-0.467105	-0.407522	-0.408854	-0.436029	-0.423241	-0.443667	-0.399128	-0.404949	-0.395015	-0.409162	-0.456671	-0.46223	-0.439896	-0.422993	-0.455099	-0.424169	-0.463286	-0.478696	-0.459137	-0.389114	-0.434519	-0.378822	-0.424784	-0.370218	-0.382308	-0.396233	-0.437566	-0.456195	-0.383732	-0.413873	-0.405677	-0.436525	-0.396572	-0.403368	-0.389265	-0.480374	-0.412729	-0.490371	-0.456346	-0.387052	-0.398659	-0.455622	-0.480374	-0.427239	-0.452999	-0.41545	-0.408068	-0.435652	-0.375295	-0.375295	-0.444684	-0.389863	-0.4379	-0.459553	-0.428206	-0.431999	-0.424424	-0.475935	-0.38295	-0.476884	-0.42918	-0.452999	-0.459786	-0.420412	-0.411649	-0.383243	-0.387509	-0.447209	-0.444276	-0.41834	-0.411649	-0.483413	-0.458059	-0.42918	-0.408653	-0.382679	-0.376381	-0.474787	-0.377069	-0.430598	-0.448874	-0.427586	-0.424796	-0.435652	-0.452357	-0.447209	-0.362771	-0.446849	-0.444276	-0.386888	-0.460148	-0.373064	-0.400368	-0.452999	-0.474787	-0.375295	-0.444786	-0.382679	-0.460889	-0.480374	-0.452999	-0.387825	-0.349766	-0.377069	-0.378637	-0.375295	-0.472595	-0.413802	-0.472595	-0.424424	-0.380841	-0.38755	-0.473932	-0.480374	-0.413325	-0.390198	-0.426784	-0.472595	-0.408068	-0.480374	-0.447209	-0.480374	-0.39292	-0.456346	-0.377069	-0.461751	-0.443524	-0.476752	-0.427601	-0.39888	-0.470122	-0.424796	-0.350339	-0.476372	-0.384076	-0.478481	-0.452999	-0.467033	-0.371206	-0.47823	-0.438734	-0.408784	-0.448874	-0.410376	-0.398659	-0.437272	-0.444276	-0.382679	-0.480374	-0.444276	-0.362771	-0.449673	-0.412478	-0.387052	-0.395996	-0.480374	-0.480374	-0.467165	-0.443524	-0.435652	-0.434018	-0.480467	-0.443675	-0.443727	-0.414601	-0.441343	-0.402495	-0.390198	-0.484862	-0.476786	-0.458368	-0.404148	-0.427586	-0.426784	-0.448018	-0.466666	-0.472595	-0.462215	-0.476242	-0.473485	-0.39888	-0.382679	-0.381111	-0.411649	-0.402076	-0.416212	-0.424169	-0.43955	-0.480374	-0.402076	-0.412295	-0.336645	-0.399004	-0.402076	-0.37456	-0.475935	-0.447209	-0.425288	-0.480374	-0.449673	-0.479592	-0.476752	-0.49403	-0.480374	-0.44758	-0.472595	-0.455012	-0.433956	-0.408068	-0.442573	-0.472894	-0.417867	-0.395996	-0.437272	-0.42421	-0.438734	-0.419806	-0.469663	-0.394034	-0.376381	-0.431999	-0.450639	-0.441207	-0.343972	-0.419806	-0.485794	-0.39997	-0.395123	-0.427239	-0.452999	-0.437272	-0.428206	-0.430368
23000	intercept	0.541507	0.54085	0.467426	0.55447	0.520877	0.561999	0.520345	0.586332	0.469841	0.547549	0.531928	0.474748	0.59856	0.483508	0.514264	0.578535	0.476182	0.513922	0.499488	0.533803	0.519481	0.545585	0.521143	0.470443	0.528241	0.480151	0.538456	0.475414	0.537672	0.508988	0.571406	0.540076	0.555462	0.562178	0.532027	0.540074	0.527551	0.485995	0.566458	0.539721	0.558071	0.538087	0.565117	0.486295	0.457687	0.523606	0.536294	0.548465	0.474067	0.546057	0.528006	0.519272	0.498691	0.534945	0.561099	0.508157	0.542361	0.5041	0.553582	0.478711	0.519964	0.513948	0.508884	0.524337	0.539643	0.568886	0.5626	0.509994	0.515934	0.516929	0.530653	0.456703	0.515834	0.507533	0.530541	0.503792	0.525387	0.545854	0.526738	0.494878	0.502222	0.495889	0.505058	0.557645	0.467948	0.48445	0.496141	0.493123	0.529767	0.58181	0.523222	0.584284	0.512313	0.513936	0.532336	0.486945	0.497608	0.543537	0.528834	0.541968	0.518553	0.543049	0.570137	0.551056	0.562789	0.549247	0.493844	0.49476	0.535671	0.555629	0.549249	0.570876	0.539118	0.539297	0.533473	0.539332	0.535662	0.562703	0.528846	0.515873	0.561773	0.54229	0.529401	0.565874	0.550665	0.560472	0.520092	0.506233	0.537628	0.528267	0.471744	0.543169	0.551522	0.511439	0.517918	0.53919	0.557968	0.501816	0.55487	0.547041	0.562337	0.527682	0.489018	0.567997	0.554906	0.519634	0.508099	0.562671	0.50167	0.538866	0.490619	0.475926	0.491804	0.518289	0.559639	0.571842	0.503317	0.531759	0.554793	0.569778	0.534381	0.536466	0.540281	0.534485	0.507256	0.526634	0.50204	0.549703	0.504383	0.516192	0.535686	0.521743	0.524641	0.502216	0.494985	0.49663	0.510266	0.52996	0.56808	0.514648	0.541339	0.528683	0.523987	0.572997	0.545584	0.560913	0.495303	0.524922	0.48411	0.513558	0.467269	0.477309	0.523006	0.518126	0.540065	0.466858	0.51241	0.475782	0.513011	0.529616	0.515319	0.490207	0.56041	0.493045	0.523721	0.525693	0.478129	0.48955	0.513234	0.56041	0.520007	0.569498	0.537563	0.519486	0.517301	0.446013	0.446538	0.513234	0.442826	0.562508	0.551288	0.581484	0.537243	0.505901	0.549013	0.510074	0.640211	0.519276	0.571757	0.528801	0.492009	0.470481	0.489861	0.510666	0.553949	0.586053	0.543219	0.470481	0.616593	0.598472	0.519276	0.470481	0.512737	0.484029	0.560617	0.526037	0.58193	0.58193	0.481383	0.527562	0.517301	0.504459	0.554039	0.572228	0.522605	0.581535	0.524607	0.5546	0.446657	0.519742	0.571757	0.560617	0.457326	0.60714	0.512737	0.583274	0.56041	0.557906	0.484029	0.560903	0.526037	0.470481	0.459412	0.581634	0.544888	0.569864	0.505901	0.442826	0.517322	0.540087	0.56041	0.555699	0.479152	0.549492	0.590207	0.519486	0.56041	0.55196	0.56041	0.498029	0.525693	0.518017	0.559842	0.541933	0.559802	0.537924	0.496571	0.559319	0.527562	0.481827	0.540087	0.495214	0.582902	0.569498	0.528159	0.470343	0.590575	0.529158	0.484029	0.58193	0.524736	0.523911	0.539858	0.581535	0.531749	0.56041	0.586053	0.572228	0.557718	0.488092	0.478129	0.519489	0.550987	0.546829	0.598472	0.541933	0.53024	0.60705	0.540829	0.552773	0.553683	0.554726	0.569498	0.519742	0.473002	0.540893	0.5838	0.57611	0.495653	0.481383	0.549492	0.567361	0.525693	0.581634	0.591283	0.582902	0.559319	0.496571	0.514501	0.478129	0.470481	0.465639	0.528724	0.516062	0.507062	0.56041	0.463962	0.487257	0.52691	0.484029	0.463962	0.456703	0.551826	0.553949	0.485741	0.56041	0.575544	0.58388	0.559802	0.528159	0.558776	0.450194	0.569864	0.528801	0.478991	0.519486	0.522605	0.562254	0.504002	0.52475	0.539858	0.52225	0.529158	0.519276	0.540087	0.46851	0.484029	0.512189	0.485573	0.559273	0.515764	0.519276	0.568901	0.495653	0.524029	0.520007	0.571757	0.539858	0.581484	0.492009
24000	slope	-0.405447	-0.38665	-0.402169	-0.38409	-0.509632	-0.431658	-0.455183	-0.418602	-0.386757	-0.449028	-0.415641	-0.471296	-0.403428	-0.389262	-0.417466	-0.460709	-0.391512	-0.427939	-0.415324	-0.43782	-0.387099	-0.476131	-0.362339	-0.404318	-0.479095	-0.377827	-0.421396	-0.419214	-0.398623	-0.424065	-0.418447	-0.440212	-0.431554	-0.461063	-0.406366	-0.398851	-0.404033	-0.417308	-0.403297	-0.393631	-0.43631	-0.420099	-0.358673	-0.461578	-0.378126	-0.443244	-0.426616	-0.408894	-0.400147	-0.44594	-0.458619	-0.398462	-0.447218	-0.407311	-0.419535	-0.429926	-0.452932	-0.410472	-0.427115	-0.480125	-0.467062	-0.423709	-0.451246	-0.418407	-0.426505	-0.443946	-0.407596	-0.412451	-0.440982	-0.380609	-0.388622	-0.422429	-0.416618	-0.403593	-0.416672	-0.378749	-0.410373	-0.459873	-0.418536	-0.419248	-0.446053	-0.405124	-0.470464	-0.408365	-0.431354	-0.415263	-0.412785	-0.414097	-0.39676	-0.393039	-0.461871	-0.416898	-0.384097	-0.389571	-0.413073	-0.460998	-0.413034	-0.419641	-0.403022	-0.378023	-0.408667	-0.430074	-0.418677	-0.409015	-0.413469	-0.430227	-0.36761	-0.419535	-0.442408	-0.428785	-0.461518	-0.424526	-0.43338	-0.450829	-0.382423	-0.473543	-0.426508	-0.421632	-0.418587	-0.404545	-0.395096	-0.417305	-0.436464	-0.431658	-0.384742	-0.420157	-0.497041	-0.428578	-0.408463	-0.454649	-0.368308	-0.401988	-0.434444	-0.491798	-0.454719	-0.414334	-0.408492	-0.38127	-0.392023	-0.421189	-0.424395	-0.423738	-0.420399	-0.418281	-0.430117	-0.446857	-0.473621	-0.365655	-0.404385	-0.388807	-0.418768	-0.470225	-0.400753	-0.393692	-0.458909	-0.474902	-0.461431	-0.443366	-0.504117	-0.372162	-0.462518	-0.440125	-0.476784	-0.457409	-0.399487	-0.412508	-0.407088	-0.428112	-0.35839	-0.426859	-0.384072	-0.475032	-0.459342	-0.418908	-0.453976	-0.485531	-0.425288	-0.360574	-0.388516	-0.3974	-0.445954	-0.376605	-0.40886	-0.414887	-0.349586	-0.397822	-0.401235	-0.419959	-0.431802	-0.427176	-0.412657	-0.379718	-0.440147	-0.433808	-0.37314	-0.404764	-0.385855	-0.363341	-0.466734	-0.437711	-0.417926	-0.440245	-0.415869	-0.383777	-0.454275	-0.420365	-0.418942	-0.417926	-0.37032	-0.504544	-0.506671	-0.391548	-0.500266	-0.402768	-0.409581	-0.392459	-0.392459	-0.392459	-0.402906	-0.331947	-0.405611	-0.506671	-0.393256	-0.425096	-0.410548	-0.415869	-0.440093	-0.392459	-0.420365	-0.37143	-0.386712	-0.368942	-0.399971	-0.430676	-0.4075	-0.415869	-0.393256	-0.527388	-0.418025	-0.408776	-0.418932	-0.360596	-0.388469	-0.37143	-0.435266	-0.414974	-0.506671	-0.409793	-0.372306	-0.425291	-0.515093	-0.451495	-0.354582	-0.461189	-0.402768	-0.506671	-0.409793	-0.501564	-0.417926	-0.461594	-0.368942	-0.443531	-0.422286	-0.357121	-0.506671	-0.338236	-0.409581	-0.395966	-0.348683	-0.448109	-0.4965	-0.446654	-0.498233	-0.488663	-0.451428	-0.381278	-0.33755	-0.37143	-0.368942	-0.378544	-0.393256	-0.352989	-0.368942	-0.384975	-0.419045	-0.439192	-0.448109	-0.409956	-0.430918	-0.501564	-0.394987	-0.44812	-0.443366	-0.506671	-0.405611	-0.406283	-0.413014	-0.434258	-0.342545	-0.338236	-0.363792	-0.506671	-0.45663	-0.461189	-0.36945	-0.403092	-0.365097	-0.392459	-0.461514	-0.413075	-0.450699	-0.49842	-0.423929	-0.338236	-0.426702	-0.386581	-0.364539	-0.403186	-0.416486	-0.393256	-0.515903	-0.396171	-0.386712	-0.461189	-0.418686	-0.360005	-0.409793	-0.455555	-0.506671	-0.402768	-0.406567	-0.44923	-0.434258	-0.360596	-0.368942	-0.372306	-0.393256	-0.406567	-0.393256	-0.462953	-0.338236	-0.425096	-0.451065	-0.455555	-0.448067	-0.441336	-0.409581	-0.488663	-0.426643	-0.452198	-0.452402	-0.424215	-0.515837	-0.361069	-0.437542	-0.419017	-0.417145	-0.440148	-0.414974	-0.448241	-0.388469	-0.393284	-0.434258	-0.43221	-0.392459	-0.438026	-0.40232	-0.353277	-0.411942	-0.392459	-0.389996	-0.506671	-0.509643	-0.450826	-0.386581	-0.431683	-0.386776	-0.409202	-0.44365	-0.39253	-0.476925	-0.414281	-0.400127	-0.37143	-0.348683	-0.400141	-0.501564	-0.501564	-0.448756	-0.4075	-0.428159	-0.506671	-0.420296	-0.503718	-0.491269	-0.441604	-0.422001	-0.434265	-0.444914	-0.399281
24000	intercept	0.520416	0.51196	0.47313	0.477672	0.54828	0.550287	0.521352	0.499616	0.491514	0.522645	0.500123	0.516526	0.466979	0.476983	0.492971	0.506146	0.476968	0.509129	0.519102	0.517843	0.510379	0.530528	0.510024	0.468041	0.526417	0.497158	0.540229	0.520141	0.531886	0.508606	0.532823	0.547298	0.517795	0.519819	0.515264	0.527904	0.554963	0.490358	0.530352	0.530305	0.533027	0.503187	0.516115	0.553901	0.463602	0.538691	0.500542	0.47578	0.491709	0.540495	0.493217	0.527284	0.531115	0.507212	0.520755	0.544095	0.501787	0.546688	0.517957	0.539673	0.544892	0.529384	0.534524	0.507778	0.510383	0.515805	0.464811	0.490767	0.523919	0.478695	0.491103	0.486745	0.500735	0.508615	0.53355	0.515784	0.47697	0.528745	0.50499	0.516727	0.5061	0.508672	0.541261	0.521424	0.479342	0.496489	0.474089	0.519884	0.507758	0.507855	0.493933	0.484362	0.509533	0.490583	0.515833	0.526496	0.514754	0.537119	0.496297	0.484029	0.514129	0.515074	0.49608	0.525557	0.508481	0.573461	0.50182	0.504057	0.549017	0.517601	0.55774	0.476837	0.488881	0.529937	0.483056	0.564482	0.516381	0.539952	0.510682	0.500897	0.512482	0.485571	0.506239	0.550706	0.508891	0.486399	0.546742	0.493832	0.535446	0.550674	0.537735	0.49206	0.51705	0.550993	0.529696	0.507633	0.490799	0.527227	0.499602	0.502748	0.49441	0.482395	0.533762	0.481784	0.519677	0.536721	0.54784	0.509567	0.529532	0.474222	0.568619	0.551544	0.496188	0.493047	0.502813	0.515743	0.53442	0.555972	0.548589	0.541803	0.516278	0.556839	0.519907	0.537569	0.513981	0.475284	0.483008	0.52523	0.500504	0.537745	0.495509	0.551738	0.519924	0.530072	0.537768	0.538115	0.513107	0.484017	0.506887	0.552071	0.497492	0.490781	0.491561	0.481931	0.4611	0.496851	0.532438	0.543258	0.49406	0.51937	0.53526	0.487055	0.514543	0.50688	0.507912	0.513465	0.493024	0.484369	0.544924	0.510345	0.500133	0.501939	0.477555	0.537206	0.559596	0.547761	0.47766	0.503013	0.600626	0.549955	0.560123	0.512459	0.556046	0.512459	0.479723	0.548101	0.548101	0.548101	0.502721	0.484129	0.483311	0.552974	0.464964	0.500144	0.539907	0.477555	0.529806	0.548101	0.547761	0.508298	0.51415	0.473589	0.486031	0.482799	0.504097	0.477555	0.464964	0.511987	0.502374	0.505215	0.512459	0.52129	0.468706	0.508298	0.498483	0.500018	0.549955	0.521744	0.505322	0.549132	0.552974	0.518989	0.490589	0.515648	0.512459	0.556272	0.521744	0.560256	0.500133	0.525136	0.486957	0.541803	0.503013	0.540139	0.552974	0.484129	0.470696	0.495899	0.44649	0.561572	0.560123	0.512043	0.552974	0.54529	0.55228	0.483481	0.484129	0.508298	0.473589	0.516878	0.464964	0.445928	0.473589	0.516878	0.534675	0.500842	0.570016	0.49882	0.498921	0.554846	0.497796	0.559307	0.539058	0.558499	0.483311	0.493155	0.549132	0.49986	0.540139	0.484129	0.552983	0.562632	0.496084	0.531332	0.483114	0.508867	0.490601	0.548101	0.507648	0.49882	0.506211	0.514635	0.531541	0.484129	0.514044	0.539907	0.487937	0.503141	0.549132	0.464964	0.562632	0.550166	0.51415	0.507093	0.521058	0.530051	0.521744	0.502348	0.571874	0.50467	0.468457	0.498829	0.49986	0.52129	0.473589	0.505322	0.476568	0.451719	0.464964	0.509364	0.484129	0.500144	0.561443	0.502348	0.51201	0.566474	0.470696	0.54529	0.502493	0.519415	0.484968	0.500018	0.543587	0.527368	0.495187	0.522613	0.489928	0.529325	0.500018	0.488061	0.468706	0.520868	0.507058	0.49986	0.578283	0.571185	0.493155	0.488525	0.506571	0.532092	0.520043	0.571874	0.549955	0.496084	0.539907	0.566474	0.518109	0.528183	0.530389	0.568398	0.549013	0.521444	0.47625	0.508298	0.464333	0.521058	0.560359	0.554846	0.500226	0.503093	0.521894	0.571033	0.515827	0.552974	0.570627	0.495631	0.522613	0.537508	0.494372	0.504203
25000	slope	-0.44614	-0.406464	-0.401348	-0.484412	-0.444692	-0.421934	-0.431085	-0.371736	-0.436034	-0.461773	-0.426925	-0.467616	-0.372242	-0.422956	-0.498386	-0.379183	-0.405101	-0.399387	-0.458033	-0.450105	-0.459224	-0.443562	-0.380007	-0.477025	-0.408737	-0.480108	-0.406844	-0.397495	-0.391428	-0.414713	-0.408058	-0.418799	-0.424003	-0.473101	-0.427946	-0.483771	-0.450635	-0.438147	-0.37761	-0.459173	-0.454091	-0.434219	-0.398851	-0.419542	-0.36656	-0.345092	-0.446433	-0.421643	-0.43287	-0.43223	-0.452044	-0.460188	-0.435508	-0.407609	-0.437348	-0.46246	-0.439927	-0.457285	-0.401144	-0.464933	-0.484531	-0.472342	-0.430173	-0.455645	-0.435901	-0.469963	-0.465761	-0.4163	-0.441856	-0.399358	-0.399436	-0.424325	-0.416822	-0.429499	-0.402116	-0.388296	-0.426215	-0.457242	-0.411481	-0.449299	-0.424216	-0.445852	-0.43607	-0.390475	-0.463115	-0.471048	-0.468135	-0.467096	-0.463928	-0.43598	-0.396252	-0.452713	-0.475923	-0.442781	-0.42982	-0.443608	-0.429879	-0.405302	-0.462979	-0.437195	-0.401333	-0.445782	-0.456774	-0.504978	-0.448975	-0.42383	-0.498297	-0.405858	-0.437805	-0.409226	-0.395342	-0.396443	-0.456174	-0.396874	-0.435673	-0.455695	-0.471145	-0.388147	-0.443746	-0.448366	-0.427193	-0.389008	-0.405037	-0.411654	-0.444422	-0.419809	-0.471803	-0.446051	-0.419913	-0.39655	-0.427207	-0.424514	-0.410198	-0.421542	-0.478404	-0.437602	-0.425131	-0.425016	-0.443847	-0.470518	-0.482117	-0.421216	-0.450339	-0.44715	-0.464699	-0.440443	-0.422624	-0.452906	-0.425989	-0.447275	-0.461771	-0.418506	-0.45056	-0.394632	-0.433344	-0.448509	-0.447687	-0.400485	-0.373801	-0.38886	-0.410838	-0.466784	-0.477575	-0.473813	-0.447483	-0.414602	-0.44579	-0.427823	-0.465931	-0.463935	-0.401633	-0.416675	-0.437119	-0.453464	-0.422981	-0.482583	-0.471835	-0.443755	-0.474934	-0.489248	-0.392915	-0.451759	-0.417734	-0.370038	-0.428605	-0.460472	-0.453724	-0.455109	-0.427463	-0.434004	-0.455543	-0.405873	-0.493705	-0.45255	-0.444284	-0.414582	-0.417396	-0.466996	-0.389715	-0.451356	-0.449969	-0.397416	-0.499472	-0.4075	-0.434757	-0.489495	-0.464642	-0.444913	-0.410868	-0.351958	-0.360928	-0.378039	-0.399626	-0.452148	-0.50517	-0.455752	-0.445514	-0.443371	-0.435179	-0.415044	-0.490861	-0.441715	-0.505911	-0.480937	-0.441715	-0.424162	-0.439416	-0.406872	-0.443913	-0.429021	-0.451234	-0.455576	-0.483205	-0.405899	-0.494287	-0.360928	-0.431734	-0.451234	-0.447986	-0.44711	-0.406981	-0.392309	-0.448975	-0.381316	-0.465731	-0.403261	-0.412036	-0.387849	-0.429478	-0.460567	-0.478858	-0.502971	-0.427291	-0.435873	-0.443689	-0.479178	-0.457406	-0.36965	-0.443913	-0.451413	-0.383484	-0.451513	-0.453119	-0.351462	-0.447267	-0.424026	-0.351462	-0.36965	-0.449749	-0.543636	-0.431604	-0.48582	-0.46106	-0.424162	-0.473279	-0.489495	-0.324059	-0.424026	-0.478686	-0.407313	-0.407626	-0.388688	-0.46106	-0.435715	-0.382195	-0.472115	-0.472283	-0.429021	-0.432306	-0.448398	-0.338586	-0.484721	-0.451234	-0.392326	-0.419474	-0.383296	-0.45191	-0.443371	-0.338586	-0.523217	-0.406872	-0.409402	-0.454002	-0.441996	-0.459365	-0.478686	-0.451513	-0.429478	-0.451513	-0.44001	-0.47946	-0.485699	-0.45558	-0.436057	-0.411045	-0.380707	-0.415018	-0.445199	-0.433469	-0.46336	-0.443689	-0.402658	-0.490275	-0.414474	-0.383296	-0.440059	-0.460567	-0.453119	-0.45454	-0.455516	-0.456022	-0.336855	-0.427763	-0.443913	-0.453084	-0.456022	-0.38503	-0.335622	-0.513151	-0.448975	-0.359087	-0.370599	-0.478969	-0.460567	-0.451234	-0.485548	-0.376303	-0.443913	-0.478686	-0.403757	-0.455576	-0.472376	-0.412135	-0.4246	-0.448975	-0.453119	-0.397416	-0.371218	-0.424162	-0.413121	-0.385257	-0.435817	-0.361206	-0.361206	-0.436353	-0.426008	-0.458711	-0.398469	-0.413121	-0.446766	-0.451234	-0.547786	-0.453119	-0.483205	-0.483205	-0.455544	-0.428085	-0.499526	-0.378795	-0.444913	-0.353121	-0.45191	-0.419781	-0.443689	-0.461971	-0.402658	-0.385257	-0.451234	-0.451234	-0.387849	-0.448975	-0.419104	-0.472376	-0.547786	-0.397607	-0.383484	-0.385257	-0.499917	-0.383301	-0.378039
25000	intercept	0.519423	0.539831	0.487211	0.556568	0.528611	0.500023	0.508182	0.454777	0.539738	0.505845	0.498827	0.549824	0.486596	0.541927	0.555663	0.504794	0.506307	0.513672	0.542233	0.526209	0.547678	0.530216	0.569654	0.548792	0.533766	0.53181	0.496524	0.495716	0.503599	0.563499	0.499237	0.485415	0.506601	0.525016	0.500225	0.538151	0.502387	0.551666	0.506301	0.524235	0.550041	0.542769	0.509793	0.488659	0.532956	0.518174	0.53421	0.605632	0.489605	0.517484	0.509981	0.551991	0.512501	0.497262	0.54113	0.534378	0.525569	0.536997	0.507967	0.548692	0.558387	0.563297	0.530919	0.542632	0.507719	0.518855	0.532739	0.491214	0.569201	0.478549	0.514248	0.528307	0.541873	0.540278	0.531538	0.490629	0.49978	0.498977	0.512837	0.479081	0.519045	0.529614	0.520344	0.486941	0.547679	0.548168	0.545327	0.542704	0.545143	0.526391	0.504374	0.502954	0.562005	0.544014	0.511743	0.548695	0.525041	0.471832	0.567711	0.513557	0.529675	0.526991	0.560446	0.553328	0.531951	0.523922	0.551969	0.527167	0.533742	0.487186	0.4835	0.518884	0.521371	0.460513	0.578319	0.573654	0.567086	0.525643	0.537372	0.530951	0.508725	0.483056	0.474687	0.515045	0.516555	0.510367	0.538086	0.520019	0.512798	0.499902	0.529586	0.519875	0.527491	0.525673	0.540482	0.530085	0.509742	0.527113	0.516205	0.532044	0.544435	0.54478	0.548818	0.545567	0.543055	0.501355	0.50048	0.536599	0.516672	0.498673	0.527484	0.507931	0.519566	0.488328	0.50763	0.521596	0.522523	0.465556	0.512057	0.494952	0.49535	0.555679	0.54386	0.536022	0.507691	0.481278	0.516369	0.518456	0.525872	0.519679	0.497596	0.494284	0.51358	0.566689	0.503562	0.547651	0.532064	0.568319	0.527744	0.541128	0.538095	0.554532	0.501154	0.496986	0.491309	0.540433	0.525606	0.547539	0.5129	0.53182	0.519356	0.489137	0.545674	0.536344	0.514086	0.499019	0.490401	0.535571	0.510457	0.512538	0.531951	0.522586	0.549849	0.544803	0.48619	0.558778	0.540146	0.522613	0.480918	0.484847	0.48713	0.447316	0.525316	0.501758	0.552094	0.544157	0.527618	0.522194	0.511425	0.517578	0.565917	0.522194	0.549849	0.534875	0.509977	0.537813	0.552224	0.515434	0.495991	0.533314	0.515498	0.492704	0.556212	0.474567	0.557542	0.472603	0.522995	0.519161	0.547915	0.542981	0.522586	0.436786	0.531951	0.616874	0.54087	0.522586	0.499343	0.47618	0.514695	0.540146	0.544773	0.549013	0.507852	0.533231	0.522194	0.527761	0.499902	0.47618	0.49281	0.564543	0.456482	0.540554	0.469233	0.451557	0.496146	0.49907	0.452179	0.47618	0.494649	0.608627	0.504867	0.534801	0.516519	0.537813	0.52918	0.559466	0.542951	0.462506	0.545718	0.517557	0.506512	0.482593	0.516519	0.514	0.547779	0.531009	0.495415	0.533314	0.503123	0.559618	0.503764	0.526326	0.514821	0.452179	0.51659	0.47618	0.528625	0.522194	0.503764	0.536321	0.515434	0.487677	0.513615	0.516059	0.522194	0.542874	0.540554	0.514695	0.540554	0.483732	0.542874	0.551263	0.503395	0.499902	0.469817	0.457888	0.499343	0.54343	0.542506	0.528143	0.522194	0.448851	0.519486	0.526998	0.47618	0.531341	0.54087	0.469233	0.513615	0.568835	0.509665	0.546996	0.517257	0.504145	0.52918	0.509665	0.464742	0.501211	0.556689	0.533136	0.452179	0.454689	0.534875	0.54087	0.510124	0.545997	0.474567	0.504145	0.542874	0.49182	0.492704	0.545997	0.474689	0.521391	0.524632	0.469233	0.541793	0.47618	0.537813	0.490676	0.527865	0.541055	0.525316	0.525316	0.555257	0.604415	0.562796	0.466615	0.472493	0.49321	0.514821	0.547391	0.469233	0.536918	0.560722	0.538467	0.522439	0.54738	0.559215	0.522613	0.452179	0.542398	0.521703	0.545621	0.573106	0.448851	0.527865	0.520468	0.514821	0.47618	0.531951	0.501168	0.532078	0.549457	0.559215	0.47349	0.527865	0.553979	0.471395	0.447316
26000	slope	-0.453757	-0.432623	-0.474372	-0.474153	-0.407296	-0.450439	-0.44968	-0.433721	-0.45999	-0.415683	-0.452157	-0.440957	-0.503945	-0.406111	-0.450191	-0.444341	-0.401516	-0.401263	-0.485706	-0.427459	-0.381162	-0.445939	-0.439593	-0.391374	-0.48161	-0.406006	-0.45127	-0.387754	-0.414522	-0.419404	-0.451585	-0.386869	-0.482388	-0.446674	-0.440409	-0.394349	-0.424016	-0.438461	-0.442504	-0.423737	-0.42715	-0.452033	-0.418766	-0.401297	-0.490501	-0.439651	-0.490185	-0.450344	-0.43257	-0.477233	-0.441389	-0.399687	-0.438094	-0.424976	-0.456779	-0.435641	-0.480953	-0.421231	-0.423011	-0.457332	-0.40792	-0.466795	-0.417678	-0.437692	-0.462886	-0.429868	-0.470119	-0.384938	-0.436805	-0.499137	-0.466267	-0.494363	-0.402319	-0.478753	-0.416968	-0.45545	-0.490264	-0.459193	-0.462957	-0.438984	-0.456458	-0.514236	-0.388395	-0.483644	-0.371018	-0.434486	-0.409578	-0.481358	-0.462467	-0.439437	-0.426004	-0.458029	-0.445439	-0.462284	-0.39186	-0.439082	-0.471444	-0.441518	-0.403037	-0.476992	-0.451542	-0.422524	-0.510399	-0.437927	-0.445909	-0.396634	-0.506453	-0.470316	-0.463458	-0.452416	-0.457992	-0.4514	-0.495874	-0.386544	-0.427269	-0.379397	-0.454884	-0.354038	-0.380832	-0.397822	-0.456492	-0.442858	-0.488349	-0.49102	-0.505549	-0.445325	-0.411118	-0.420915	-0.425956	-0.43775	-0.460689	-0.461879	-0.471254	-0.474373	-0.428332	-0.447009	-0.456928	-0.473461	-0.449212	-0.445623	-0.443251	-0.431548	-0.409852	-0.441819	-0.421157	-0.432284	-0.492536	-0.498243	-0.41088	-0.485792	-0.429476	-0.420555	-0.39781	-0.424774	-0.423657	-0.433076	-0.417504	-0.436068	-0.374487	-0.427377	-0.492541	-0.464798	-0.48732	-0.462095	-0.448806	-0.410677	-0.441521	-0.429622	-0.424089	-0.447037	-0.381477	-0.456693	-0.46379	-0.511544	-0.422166	-0.470034	-0.462309	-0.457522	-0.425918	-0.439178	-0.393423	-0.447772	-0.428368	-0.462005	-0.481784	-0.468857	-0.468656	-0.426851	-0.497644	-0.372644	-0.465848	-0.378232	-0.429859	-0.42775	-0.457321	-0.473864	-0.415806	-0.405625	-0.389455	-0.462302	-0.479474	-0.467719	-0.371372	-0.422401	-0.42494	-0.493156	-0.429799	-0.463917	-0.461175	-0.433119	-0.377169	-0.362037	-0.506787	-0.515592	-0.461067	-0.456918	-0.468539	-0.397151	-0.506073	-0.426414	-0.447531	-0.495813	-0.462937	-0.387155	-0.367587	-0.416417	-0.456407	-0.42494	-0.431844	-0.51465	-0.515592	-0.515386	-0.353507	-0.35724	-0.43327	-0.41175	-0.481282	-0.426414	-0.490273	-0.343124	-0.418689	-0.372282	-0.520865	-0.344943	-0.460294	-0.426185	-0.411983	-0.422401	-0.379105	-0.512104	-0.457171	-0.432889	-0.501865	-0.46927	-0.422113	-0.43327	-0.481011	-0.435867	-0.492769	-0.405713	-0.447342	-0.498945	-0.496462	-0.430712	-0.314365	-0.397151	-0.420967	-0.430712	-0.441141	-0.452518	-0.434645	-0.509975	-0.417973	-0.476146	-0.432889	-0.456935	-0.515592	-0.377169	-0.371372	-0.523197	-0.345603	-0.353463	-0.507482	-0.481912	-0.436249	-0.444857	-0.488708	-0.405713	-0.416417	-0.461175	-0.44793	-0.448568	-0.428145	-0.515592	-0.45505	-0.433269	-0.459862	-0.459862	-0.350355	-0.406842	-0.377169	-0.515592	-0.354996	-0.452899	-0.353604	-0.457839	-0.424328	-0.405376	-0.414048	-0.423332	-0.410541	-0.36422	-0.508946	-0.499738	-0.33448	-0.491926	-0.515592	-0.435641	-0.471336	-0.441846	-0.418689	-0.448568	-0.447342	-0.510097	-0.463029	-0.457171	-0.460264	-0.462492	-0.508946	-0.435988	-0.442454	-0.476224	-0.417689	-0.415792	-0.467275	-0.479779	-0.497896	-0.439801	-0.51163	-0.405713	-0.495166	-0.429799	-0.418689	-0.477829	-0.515386	-0.36422	-0.334525	-0.422113	-0.449141	-0.418897	-0.461175	-0.459815	-0.420967	-0.434528	-0.392983	-0.453061	-0.515592	-0.464772	-0.428518	-0.454784	-0.490273	-0.42494	-0.384935	-0.464255	-0.398724	-0.453149	-0.425533	-0.362543	-0.343462	-0.457839	-0.452317	-0.454784	-0.42494	-0.416417	-0.460264	-0.347254	-0.435724	-0.461246	-0.461175	-0.463029	-0.45228	-0.423332	-0.4402	-0.420653	-0.524809	-0.476103	-0.515592	-0.476103	-0.494096	-0.447342	-0.429001	-0.44212	-0.372282	-0.453061	-0.42494	-0.495166	-0.487238	-0.436453	-0.405713	-0.389406
26000	intercept	0.57833	0.551746	0.547192	0.51658	0.501831	0.52499	0.551756	0.519236	0.548624	0.507537	0.528666	0.528762	0.551971	0.506628	0.555628	0.534599	0.506279	0.471135	0.537263	0.473953	0.475627	0.506653	0.495565	0.492571	0.555154	0.511503	0.538469	0.476099	0.516762	0.484253	0.538917	0.488694	0.518266	0.53793	0.484362	0.48841	0.494435	0.529794	0.538533	0.521811	0.49269	0.543704	0.561394	0.491581	0.524748	0.533659	0.557395	0.535692	0.543078	0.538277	0.544743	0.533291	0.501053	0.496993	0.553089	0.498267	0.571606	0.529455	0.532969	0.505951	0.481878	0.570019	0.534408	0.490506	0.56345	0.540652	0.548419	0.4842	0.532611	0.534824	0.54388	0.559659	0.496321	0.562157	0.501617	0.541888	0.570913	0.565339	0.549188	0.498445	0.55167	0.577918	0.488363	0.542153	0.473398	0.499173	0.500468	0.538907	0.540782	0.521874	0.51543	0.496369	0.55986	0.510093	0.459884	0.523652	0.508017	0.530265	0.511773	0.571773	0.511794	0.523596	0.554097	0.482005	0.506805	0.496802	0.534965	0.531041	0.538936	0.538795	0.537822	0.531422	0.555557	0.497916	0.558546	0.50639	0.518212	0.468213	0.475198	0.509487	0.545931	0.532441	0.526161	0.540306	0.581043	0.511762	0.50484	0.493644	0.514573	0.484392	0.520859	0.542364	0.503216	0.566767	0.534642	0.541609	0.537909	0.538701	0.524881	0.511158	0.536169	0.503385	0.476344	0.551467	0.526932	0.520954	0.538809	0.565617	0.497286	0.519277	0.529363	0.521235	0.477751	0.475065	0.488969	0.529647	0.548226	0.525977	0.468663	0.515161	0.547934	0.531345	0.554148	0.522535	0.532649	0.531468	0.526077	0.526975	0.501843	0.517491	0.4849	0.518727	0.542803	0.563788	0.507044	0.553417	0.556523	0.519397	0.535333	0.526772	0.495415	0.565534	0.53007	0.527081	0.534161	0.544819	0.548853	0.523248	0.525189	0.476036	0.525291	0.483431	0.507612	0.521796	0.541406	0.570058	0.49441	0.511922	0.49787	0.542212	0.550845	0.53756	0.496016	0.514674	0.553501	0.579781	0.507716	0.53242	0.528025	0.581459	0.479679	0.44585	0.547775	0.519906	0.535405	0.515348	0.579578	0.453137	0.556134	0.518328	0.481384	0.558792	0.463469	0.528511	0.475117	0.521488	0.546861	0.550613	0.519848	0.538233	0.519906	0.568744	0.452179	0.457012	0.540445	0.48983	0.500338	0.518328	0.550999	0.465931	0.508001	0.464229	0.562086	0.452179	0.520378	0.56448	0.530676	0.521151	0.475117	0.516088	0.552209	0.481384	0.552814	0.536914	0.494893	0.540445	0.539346	0.48734	0.509746	0.512789	0.47068	0.549219	0.51514	0.551474	0.452179	0.453137	0.47667	0.551474	0.513668	0.546861	0.578811	0.520251	0.539908	0.534562	0.481384	0.504623	0.519906	0.479679	0.474992	0.549013	0.464229	0.457012	0.584246	0.518096	0.486688	0.513722	0.536402	0.512789	0.521488	0.528025	0.48734	0.579632	0.543653	0.519906	0.526598	0.543857	0.562261	0.536894	0.464229	0.478	0.479679	0.513122	0.460885	0.53745	0.457012	0.546861	0.525149	0.523805	0.512789	0.520736	0.521387	0.470171	0.554723	0.558015	0.455083	0.510263	0.519906	0.539583	0.550845	0.568107	0.508001	0.579632	0.490744	0.543867	0.528141	0.552209	0.516327	0.582379	0.554723	0.469451	0.547015	0.534562	0.50164	0.539434	0.500338	0.564595	0.538233	0.578811	0.567711	0.512789	0.545256	0.513722	0.508001	0.551823	0.576635	0.470171	0.468948	0.496779	0.540305	0.577509	0.53756	0.556524	0.469089	0.493502	0.512789	0.536914	0.505002	0.561187	0.525631	0.552001	0.558792	0.556371	0.533099	0.567829	0.507436	0.542449	0.494072	0.484188	0.457644	0.546861	0.495753	0.552001	0.553501	0.521488	0.516327	0.482332	0.537106	0.550845	0.559317	0.501447	0.57167	0.520736	0.532654	0.522876	0.582509	0.577647	0.519906	0.568631	0.566561	0.477409	0.571086	0.557384	0.464229	0.536914	0.553501	0.545256	0.516088	0.513668	0.512789	0.499545
27000	slope	-0.454036	-0.457822	-0.462868	-0.464745	-0.481009	-0.459663	-0.432231	-0.425422	-0.411198	-0.379794	-0.393899	-0.434252	-0.467982	-0.417571	-0.429708	-0.443247	-0.359204	-0.476851	-0.363686	-0.432339	-0.374302	-0.420167	-0.459783	-0.418594	-0.424701	-0.477971	-0.414611	-0.462431	-0.40485	-0.36058	-0.453173	-0.427862	-0.421995	-0.480064	-0.400516	-0.452773	-0.422112	-0.424032	-0.376897	-0.492726	-0.450306	-0.442453	-0.409364	-0.430882	-0.454231	-0.419241	-0.42602	-0.392216	-0.40389	-0.487503	-0.469833	-0.436639	-0.433291	-0.495612	-0.436989	-0.495425	-0.372614	-0.480698	-0.43521	-0.391665	-0.476698	-0.398992	-0.431074	-0.449878	-0.447804	-0.424185	-0.507661	-0.413939	-0.383578	-0.413403	-0.455768	-0.441958	-0.469421	-0.416882	-0.435421	-0.436906	-0.42586	-0.459318	-0.441926	-0.408708	-0.511308	-0.4329	-0.376796	-0.39652	-0.40518	-0.451254	-0.454012	-0.44049	-0.416533	-0.453123	-0.429978	-0.452061	-0.416667	-0.456084	-0.405489	-0.416103	-0.439389	-0.503512	-0.489337	-0.464316	-0.486469	-0.43704	-0.43324	-0.405955	-0.427358	-0.425042	-0.455206	-0.448514	-0.44161	-0.423306	-0.405894	-0.426608	-0.483749	-0.454741	-0.355288	-0.455984	-0.46498	-0.454671	-0.472878	-0.460942	-0.409727	-0.448551	-0.412879	-0.425065	-0.45479	-0.480165	-0.394423	-0.422728	-0.422225	-0.443994	-0.429384	-0.42155	-0.446082	-0.4603	-0.493789	-0.473371	-0.399454	-0.440992	-0.493835	-0.44244	-0.426562	-0.401463	-0.42544	-0.398711	-0.457337	-0.465871	-0.436561	-0.425766	-0.427709	-0.423493	-0.439878	-0.481227	-0.416986	-0.387392	-0.457051	-0.419333	-0.497902	-0.441514	-0.416172	-0.445282	-0.486996	-0.457737	-0.440151	-0.429619	-0.427377	-0.49652	-0.456187	-0.454976	-0.505283	-0.443778	-0.441083	-0.428851	-0.434552	-0.361624	-0.455591	-0.442131	-0.450955	-0.409219	-0.474396	-0.404994	-0.44469	-0.379406	-0.427754	-0.415118	-0.449548	-0.489395	-0.384388	-0.459334	-0.430552	-0.462179	-0.461561	-0.432209	-0.454025	-0.388342	-0.502243	-0.454989	-0.441184	-0.373448	-0.435246	-0.446165	-0.381298	-0.364539	-0.489643	-0.392604	-0.512481	-0.441775	-0.461512	-0.430707	-0.338068	-0.488113	-0.377241	-0.410535	-0.391891	-0.448764	-0.468606	-0.457833	-0.46051	-0.450329	-0.463506	-0.366367	-0.488737	-0.510903	-0.339372	-0.42187	-0.4571	-0.421432	-0.416458	-0.364539	-0.488668	-0.485161	-0.392013	-0.406583	-0.36512	-0.440757	-0.381298	-0.45839	-0.452579	-0.411861	-0.441255	-0.460828	-0.420814	-0.420345	-0.441775	-0.410535	-0.376793	-0.46568	-0.450192	-0.476912	-0.420743	-0.380341	-0.411192	-0.338068	-0.499172	-0.457645	-0.457833	-0.453538	-0.404502	-0.486127	-0.521068	-0.382366	-0.564058	-0.381298	-0.43155	-0.460738	-0.457447	-0.457074	-0.499172	-0.465099	-0.430818	-0.420743	-0.441775	-0.473309	-0.451283	-0.461512	-0.461512	-0.388058	-0.419313	-0.475785	-0.430653	-0.433029	-0.411861	-0.472672	-0.45063	-0.444155	-0.453538	-0.389905	-0.427295	-0.372795	-0.405317	-0.451283	-0.411845	-0.487578	-0.482061	-0.481165	-0.407865	-0.452579	-0.412531	-0.432858	-0.472971	-0.4293	-0.444419	-0.444155	-0.480224	-0.407865	-0.410535	-0.448833	-0.370698	-0.40892	-0.420345	-0.451295	-0.395571	-0.436412	-0.392604	-0.380341	-0.506724	-0.46321	-0.448955	-0.485161	-0.430653	-0.411861	-0.46321	-0.436412	-0.393704	-0.407211	-0.385813	-0.429087	-0.419313	-0.413889	-0.393704	-0.499142	-0.44077	-0.506669	-0.452579	-0.454972	-0.500214	-0.444584	-0.489525	-0.410535	-0.482616	-0.466479	-0.499221	-0.379694	-0.453538	-0.470021	-0.447077	-0.461928	-0.467804	-0.419313	-0.50228	-0.431452	-0.488737	-0.436412	-0.506724	-0.413634	-0.403353	-0.458713	-0.393704	-0.463314	-0.390333	-0.431896	-0.457645	-0.460289	-0.432718	-0.420345	-0.419313	-0.462742	-0.47293	-0.457074	-0.399328	-0.402655	-0.460828	-0.466193	-0.418163	-0.525618	-0.45063	-0.47293	-0.453538	-0.450192	-0.380341	-0.476948	-0.454277	-0.488668	-0.35084	-0.399576	-0.467891	-0.414916	-0.502698	-0.474015	-0.419313	-0.47293	-0.426482	-0.421488	-0.453538	-0.44089	-0.448221	-0.488668	-0.412041	-0.35084	-0.438641	-0.379082
27000	intercept	0.544433	0.535591	0.550061	0.51119	0.551933	0.581155	0.523941	0.558108	0.507858	0.524643	0.511889	0.536186	0.575009	0.554611	0.547947	0.519824	0.482903	0.585916	0.509912	0.486661	0.487298	0.462905	0.501915	0.464151	0.492865	0.551513	0.529374	0.560144	0.496292	0.476599	0.544727	0.513095	0.512219	0.566216	0.483604	0.521397	0.543777	0.502222	0.493429	0.540261	0.515512	0.571045	0.504711	0.512124	0.565345	0.497019	0.512514	0.46368	0.463436	0.537787	0.55344	0.519204	0.561894	0.536185	0.538872	0.622345	0.45936	0.544459	0.48734	0.495765	0.542909	0.509009	0.547833	0.528344	0.521615	0.483546	0.55495	0.518053	0.484724	0.499957	0.570068	0.522881	0.576129	0.512588	0.481488	0.565751	0.518222	0.571982	0.505086	0.521424	0.570226	0.483136	0.482407	0.501903	0.515864	0.560522	0.537546	0.517562	0.533356	0.538748	0.491548	0.528174	0.556787	0.572476	0.510112	0.493105	0.598247	0.536831	0.531465	0.559992	0.585989	0.563365	0.503113	0.529386	0.525076	0.534396	0.555285	0.520181	0.566491	0.497072	0.556934	0.477806	0.561623	0.510538	0.47178	0.586766	0.520667	0.525613	0.542868	0.518554	0.493209	0.575954	0.533301	0.476669	0.568176	0.532548	0.529771	0.537988	0.564893	0.534341	0.531248	0.544705	0.518428	0.562413	0.574131	0.590766	0.546697	0.521479	0.540838	0.564199	0.5006	0.502693	0.508519	0.534023	0.550263	0.5725	0.551381	0.492859	0.500644	0.494176	0.533069	0.564192	0.569299	0.489487	0.509038	0.521632	0.591338	0.548607	0.537664	0.566055	0.547095	0.521208	0.543144	0.503274	0.549138	0.528021	0.555769	0.503192	0.598084	0.519749	0.509484	0.53809	0.568823	0.514957	0.551116	0.574987	0.493979	0.52284	0.524949	0.536132	0.521001	0.492597	0.497511	0.541165	0.498869	0.543654	0.533465	0.51694	0.547379	0.539832	0.511937	0.541169	0.52038	0.490095	0.576248	0.541245	0.58238	0.48505	0.556805	0.51612	0.440039	0.507108	0.526277	0.458378	0.547429	0.550333	0.546912	0.587584	0.473982	0.584915	0.519384	0.495231	0.51217	0.493876	0.510829	0.577478	0.548272	0.568981	0.574258	0.494182	0.528128	0.560626	0.468848	0.476209	0.561325	0.500576	0.565135	0.507108	0.560626	0.590333	0.487468	0.508452	0.417129	0.565502	0.440039	0.571277	0.559746	0.520484	0.540844	0.551765	0.536431	0.465727	0.550333	0.495231	0.464464	0.561325	0.490883	0.550514	0.494212	0.481609	0.460849	0.471651	0.624576	0.565417	0.578539	0.551659	0.476209	0.555221	0.576553	0.530477	0.569672	0.440039	0.580177	0.56822	0.555221	0.549095	0.6314	0.572601	0.480709	0.494212	0.550333	0.548272	0.54717	0.551532	0.551532	0.427156	0.510232	0.548272	0.532155	0.53974	0.520484	0.556326	0.490883	0.55558	0.551659	0.481609	0.533398	0.504307	0.51803	0.53296	0.570818	0.568739	0.539796	0.560581	0.455742	0.559746	0.505511	0.501211	0.533093	0.551583	0.565011	0.55558	0.567071	0.471748	0.495231	0.552505	0.507108	0.521645	0.459659	0.501559	0.440039	0.515959	0.458378	0.491824	0.545341	0.485743	0.492684	0.590333	0.536431	0.520484	0.485743	0.515959	0.499026	0.488937	0.490821	0.497797	0.510232	0.591894	0.497415	0.562643	0.520605	0.585271	0.559746	0.524443	0.544648	0.490487	0.579681	0.487223	0.550514	0.564441	0.538103	0.523887	0.533693	0.557039	0.511065	0.524443	0.56822	0.510232	0.588558	0.505336	0.52871	0.502131	0.545341	0.571882	0.495231	0.522248	0.498979	0.490883	0.571977	0.580177	0.565417	0.55558	0.548177	0.465727	0.510232	0.547404	0.543588	0.549095	0.501251	0.505511	0.551765	0.505435	0.563489	0.576553	0.490883	0.549095	0.551659	0.476991	0.491824	0.539268	0.614712	0.560626	0.476324	0.484406	0.55747	0.561846	0.560626	0.56822	0.510232	0.543588	0.486832	0.510232	0.551659	0.494522	0.550333	0.560626	0.460849	0.476324	0.559849	0.46839
28000	slope	-0.459512	-0.414881	-0.47047	-0.466311	-0.388729	-0.499288	-0.423141	-0.425488	-0.46674	-0.448017	-0.448286	-0.514549	-0.430526	-0.455955	-0.413428	-0.415375	-0.438335	-0.468459	-0.453359	-0.466245	-0.552582	-0.4948	-0.431344	-0.470244	-0.402745	-0.384295	-0.427834	-0.405766	-0.428356	-0.455195	-0.428876	-0.427417	-0.563109	-0.474873	-0.415833	-0.464499	-0.446332	-0.461151	-0.43144	-0.402515	-0.492517	-0.459195	-0.5065	-0.444897	-0.466252	-0.459704	-0.460313	-0.458597	-0.414019	-0.463656	-0.447909	-0.473824	-0.424767	-0.455754	-0.474562	-0.472952	-0.420871	-0.417125	-0.467041	-0.433316	-0.412337	-0.414968	-0.414548	-0.517097	-0.421533	-0.437502	-0.476095	-0.45585	-0.456468	-0.502832	-0.416637	-0.46215	-0.49075	-0.450657	-0.414354	-0.509883	-0.472993	-0.367937	-0.471064	-0.4377	-0.503106	-0.388444	-0.428852	-0.500652	-0.465865	-0.435737	-0.422853	-0.484348	-0.460171	-0.485799	-0.496112	-0.460313	-0.479697	-0.365858	-0.46947	-0.424752	-0.461276	-0.452696	-0.454142	-0.449221	-0.535189	-0.401335	-0.419641	-0.489554	-0.452157	-0.405884	-0.426203	-0.395827	-0.441922	-0.451333	-0.456055	-0.410496	-0.426646	-0.490931	-0.460224	-0.407919	-0.495612	-0.448519	-0.533209	-0.490235	-0.412083	-0.457393	-0.43669	-0.462052	-0.49749	-0.427382	-0.544412	-0.456049	-0.540913	-0.442725	-0.490333	-0.531834	-0.447909	-0.408791	-0.424897	-0.457176	-0.444137	-0.46784	-0.53506	-0.500517	-0.453283	-0.456214	-0.433171	-0.511369	-0.491653	-0.396056	-0.426493	-0.441949	-0.430604	-0.518915	-0.53099	-0.388729	-0.410496	-0.456087	-0.460968	-0.451744	-0.459128	-0.466993	-0.413933	-0.497959	-0.473061	-0.405709	-0.392886	-0.477141	-0.402877	-0.424262	-0.52856	-0.499814	-0.47733	-0.42839	-0.420596	-0.466731	-0.50174	-0.431634	-0.435363	-0.432257	-0.489096	-0.437324	-0.441852	-0.454611	-0.409379	-0.500348	-0.456595	-0.516585	-0.495066	-0.417378	-0.417153	-0.413149	-0.3868	-0.451537	-0.425612	-0.45308	-0.498234	-0.426867	-0.398977	-0.423964	-0.420245	-0.438278	-0.477564	-0.58219	-0.492686	-0.423212	-0.387515	-0.552582	-0.589522	-0.446406	-0.581121	-0.492686	-0.479026	-0.410878	-0.457358	-0.542869	-0.381961	-0.55677	-0.442867	-0.492686	-0.391818	-0.484975	-0.457358	-0.492686	-0.408627	-0.404103	-0.497598	-0.470494	-0.405462	-0.468372	-0.502631	-0.399977	-0.451396	-0.438637	-0.433237	-0.411617	-0.441236	-0.356308	-0.399977	-0.439026	-0.356308	-0.435467	-0.457358	-0.466004	-0.431567	-0.382714	-0.433237	-0.445512	-0.589522	-0.42465	-0.572427	-0.447047	-0.386506	-0.495262	-0.435768	-0.410176	-0.414055	-0.44599	-0.540823	-0.455088	-0.383828	-0.389936	-0.402079	-0.422767	-0.581121	-0.443063	-0.492348	-0.492686	-0.429293	-0.44554	-0.455896	-0.356308	-0.54424	-0.459526	-0.389936	-0.379072	-0.569521	-0.422575	-0.381961	-0.484975	-0.552582	-0.452637	-0.504542	-0.47411	-0.412112	-0.381876	-0.424571	-0.469897	-0.387523	-0.4528	-0.444513	-0.479026	-0.492686	-0.384368	-0.492686	-0.39252	-0.547606	-0.492686	-0.439026	-0.388657	-0.41662	-0.471676	-0.450338	-0.586623	-0.457418	-0.540823	-0.440083	-0.545177	-0.401895	-0.467628	-0.455088	-0.389936	-0.483966	-0.429493	-0.409147	-0.375378	-0.391143	-0.441983	-0.442867	-0.444106	-0.447047	-0.380332	-0.435467	-0.463052	-0.451396	-0.444422	-0.384368	-0.429493	-0.403411	-0.424571	-0.450266	-0.585193	-0.431567	-0.381876	-0.438287	-0.423622	-0.375015	-0.377531	-0.467628	-0.485353	-0.489768	-0.549768	-0.457418	-0.446406	-0.451396	-0.385561	-0.402007	-0.383828	-0.577691	-0.468304	-0.379072	-0.481345	-0.416573	-0.42465	-0.489768	-0.449027	-0.456809	-0.439026	-0.436895	-0.463052	-0.473345	-0.41503	-0.54785	-0.377462	-0.455088	-0.400445	-0.423149	-0.402007	-0.489768	-0.433237	-0.410866	-0.47411	-0.386723	-0.470957	-0.42076	-0.419913	-0.442311	-0.492686	-0.398597	-0.545177	-0.423525	-0.371594	-0.481345	-0.576499	-0.462084	-0.532054	-0.437791	-0.482653	-0.437791	-0.465966	-0.495055	-0.39252	-0.545177	-0.433357	-0.439026	-0.450851	-0.382211	-0.569521	-0.469897	-0.447317	-0.367882	-0.39252	-0.381876	-0.538047
28000	intercept	0.502536	0.487877	0.543443	0.513984	0.561116	0.542701	0.557692	0.517634	0.572366	0.50374	0.530285	0.625788	0.521087	0.550194	0.503992	0.507894	0.567105	0.53934	0.533116	0.575252	0.548665	0.571592	0.559701	0.528739	0.52622	0.458542	0.531683	0.532973	0.591067	0.541307	0.561843	0.519887	0.604382	0.578444	0.524959	0.558394	0.518253	0.5617	0.507502	0.566081	0.538187	0.532804	0.594127	0.510244	0.553782	0.538735	0.545518	0.592257	0.469147	0.53538	0.490589	0.565326	0.560741	0.551737	0.592484	0.543289	0.513645	0.48222	0.555809	0.512689	0.538133	0.528702	0.508705	0.600069	0.565804	0.556952	0.570303	0.543376	0.537357	0.623721	0.58534	0.546414	0.582216	0.548873	0.485017	0.593725	0.568531	0.562881	0.573743	0.499002	0.588488	0.554346	0.538425	0.580527	0.562908	0.55092	0.534772	0.580133	0.598256	0.543241	0.588199	0.540424	0.541771	0.490157	0.538604	0.512254	0.540788	0.55408	0.567392	0.545511	0.614725	0.510449	0.521736	0.613178	0.526768	0.50293	0.524004	0.485798	0.506997	0.552508	0.518339	0.524714	0.553994	0.587804	0.543761	0.487416	0.599982	0.547922	0.613631	0.540858	0.505262	0.53934	0.530944	0.530936	0.589937	0.556055	0.652538	0.53448	0.659634	0.513011	0.591793	0.686385	0.536486	0.511038	0.520212	0.557573	0.522817	0.546829	0.582719	0.588626	0.558595	0.560058	0.537499	0.596008	0.625259	0.478575	0.521303	0.548403	0.592722	0.603115	0.652267	0.561116	0.485382	0.539574	0.535982	0.551342	0.550937	0.538354	0.525788	0.58615	0.541955	0.512094	0.479625	0.542056	0.545439	0.510967	0.604522	0.537219	0.547927	0.533458	0.49814	0.5279	0.594933	0.541115	0.5334	0.549099	0.536648	0.544615	0.529968	0.600201	0.514082	0.606333	0.54541	0.604495	0.593712	0.494067	0.535618	0.510892	0.526544	0.553962	0.531942	0.519169	0.548052	0.517125	0.53055	0.499055	0.576552	0.557769	0.560877	0.663465	0.547367	0.55488	0.490913	0.548665	0.667924	0.525237	0.667907	0.564709	0.575515	0.565541	0.553268	0.548665	0.528412	0.661441	0.525237	0.547367	0.502228	0.516832	0.540502	0.571947	0.533432	0.501624	0.666682	0.56728	0.464431	0.544964	0.544272	0.509038	0.487967	0.526028	0.571516	0.539956	0.576016	0.535876	0.516176	0.570227	0.520762	0.514148	0.541702	0.518531	0.513223	0.433296	0.562466	0.555187	0.667924	0.563644	0.684977	0.534021	0.491402	0.549889	0.495421	0.546555	0.565139	0.525772	0.661441	0.538516	0.445378	0.44768	0.534995	0.548101	0.667687	0.553186	0.529007	0.547367	0.523703	0.536738	0.566598	0.535876	0.644173	0.544082	0.444546	0.482828	0.642392	0.473863	0.528412	0.516832	0.566311	0.545738	0.575515	0.526487	0.497	0.502607	0.564824	0.56728	0.482828	0.531181	0.515806	0.575515	0.547367	0.594663	0.547367	0.51403	0.643636	0.547367	0.570227	0.491402	0.524936	0.526487	0.55577	0.672535	0.536701	0.661441	0.537962	0.650371	0.550987	0.517106	0.538516	0.44768	0.537979	0.514571	0.500997	0.585087	0.515663	0.467605	0.525247	0.539738	0.534021	0.513131	0.514148	0.551773	0.487967	0.51086	0.594663	0.514571	0.517444	0.562466	0.570227	0.6601	0.513223	0.498277	0.544082	0.548101	0.476212	0.487852	0.517106	0.544082	0.544877	0.64785	0.536701	0.525237	0.557001	0.482986	0.531166	0.445378	0.672648	0.525772	0.485301	0.542613	0.56589	0.563644	0.554461	0.562082	0.551773	0.570227	0.544272	0.551773	0.522982	0.542393	0.632459	0.492462	0.538516	0.539026	0.529022	0.539956	0.538739	0.562466	0.524936	0.532636	0.480296	0.556552	0.489421	0.509345	0.525237	0.547367	0.514568	0.647696	0.589767	0.513131	0.542613	0.642392	0.511883	0.643368	0.573154	0.544433	0.568095	0.528079	0.543178	0.517444	0.651252	0.519765	0.570227	0.553186	0.491402	0.642392	0.56728	0.536116	0.458422	0.51403	0.491402	0.65077
29000	slope	-0.402403	-0.418779	-0.460303	-0.429596	-0.43438	-0.381642	-0.421288	-0.412591	-0.428367	-0.417037	-0.49224	-0.493063	-0.425111	-0.394639	-0.428837	-0.454943	-0.42836	-0.389108	-0.425837	-0.448391	-0.447038	-0.384556	-0.466799	-0.467109	-0.432083	-0.422288	-0.452619	-0.459039	-0.443415	-0.375736	-0.417124	-0.425167	-0.437302	-0.458822	-0.396579	-0.446669	-0.433688	-0.42013	-0.475384	-0.419058	-0.445352	-0.412097	-0.490985	-0.443489	-0.456938	-0.440937	-0.490664	-0.395601	-0.417196	-0.406658	-0.457892	-0.387327	-0.411451	-0.374273	-0.376369	-0.456921	-0.393264	-0.468574	-0.405247	-0.436573	-0.436523	-0.396565	-0.409353	-0.434449	-0.433998	-0.391272	-0.454567	-0.455415	-0.441147	-0.479911	-0.395685	-0.424092	-0.459086	-0.443914	-0.404104	-0.468876	-0.456358	-0.422402	-0.415105	-0.43188	-0.42004	-0.390437	-0.436904	-0.395403	-0.384516	-0.438401	-0.463398	-0.419979	-0.399078	-0.426662	-0.449113	-0.432604	-0.455917	-0.455887	-0.437874	-0.48453	-0.458944	-0.395991	-0.469261	-0.429267	-0.435153	-0.446689	-0.422851	-0.456169	-0.522856	-0.403639	-0.415401	-0.503144	-0.426003	-0.429685	-0.381747	-0.429319	-0.426698	-0.398268	-0.4676	-0.489097	-0.418735	-0.397688	-0.469898	-0.445951	-0.412734	-0.405625	-0.451445	-0.393552	-0.46882	-0.444931	-0.402602	-0.432575	-0.413784	-0.379065	-0.43108	-0.473704	-0.43649	-0.406804	-0.381118	-0.468129	-0.426726	-0.436114	-0.446437	-0.445081	-0.486883	-0.422711	-0.448507	-0.469877	-0.457718	-0.422956	-0.472217	-0.425447	-0.44128	-0.48993	-0.441403	-0.455106	-0.366928	-0.460676	-0.394115	-0.435558	-0.407022	-0.445352	-0.428453	-0.445257	-0.457634	-0.423664	-0.379771	-0.478078	-0.414893	-0.452322	-0.451775	-0.438431	-0.485807	-0.416924	-0.477454	-0.449985	-0.421688	-0.433595	-0.44691	-0.408995	-0.396016	-0.387196	-0.419408	-0.438046	-0.448721	-0.440307	-0.463265	-0.390035	-0.443992	-0.418595	-0.388511	-0.405502	-0.423402	-0.419735	-0.412549	-0.43302	-0.407714	-0.437338	-0.449726	-0.420678	-0.42622	-0.464935	-0.446225	-0.436616	-0.423031	-0.366859	-0.499199	-0.350332	-0.486102	-0.472768	-0.492152	-0.436333	-0.448966	-0.401868	-0.404462	-0.451752	-0.434733	-0.454812	-0.379952	-0.491324	-0.440752	-0.433847	-0.419681	-0.401444	-0.499199	-0.445929	-0.442671	-0.464686	-0.476279	-0.442358	-0.441641	-0.444894	-0.392295	-0.431767	-0.365517	-0.481757	-0.453848	-0.50886	-0.483873	-0.401644	-0.450516	-0.387118	-0.419681	-0.442358	-0.45258	-0.495137	-0.440508	-0.419043	-0.482207	-0.405106	-0.423869	-0.483917	-0.492577	-0.505215	-0.398242	-0.424393	-0.480775	-0.451167	-0.445884	-0.49957	-0.469973	-0.392191	-0.384143	-0.395459	-0.401644	-0.411533	-0.444988	-0.385524	-0.419216	-0.480775	-0.482207	-0.388668	-0.477962	-0.365517	-0.442358	-0.422751	-0.369631	-0.392295	-0.347249	-0.484906	-0.375551	-0.423031	-0.488078	-0.493928	-0.48023	-0.492577	-0.477962	-0.387469	-0.445884	-0.504908	-0.387592	-0.4268	-0.38477	-0.353908	-0.432134	-0.436485	-0.469866	-0.384337	-0.488517	-0.445884	-0.490519	-0.505608	-0.438118	-0.496625	-0.423694	-0.458135	-0.434733	-0.436602	-0.499199	-0.409968	-0.438118	-0.368951	-0.419216	-0.492652	-0.492152	-0.392397	-0.450516	-0.395215	-0.453039	-0.453848	-0.492652	-0.488443	-0.419073	-0.387279	-0.445563	-0.440508	-0.471026	-0.423262	-0.497892	-0.403521	-0.439268	-0.495137	-0.489701	-0.423031	-0.488228	-0.495371	-0.443151	-0.381656	-0.396826	-0.444894	-0.496781	-0.397347	-0.44574	-0.424919	-0.454812	-0.495137	-0.398242	-0.47569	-0.49431	-0.488078	-0.482207	-0.472768	-0.38399	-0.401644	-0.492152	-0.381565	-0.454371	-0.433938	-0.469973	-0.354596	-0.504908	-0.410238	-0.432317	-0.469866	-0.492652	-0.381656	-0.377894	-0.400161	-0.422751	-0.381656	-0.424393	-0.425123	-0.386815	-0.477962	-0.392896	-0.429111	-0.491324	-0.372998	-0.492152	-0.414221	-0.435927	-0.419073	-0.471046	-0.359972	-0.433847	-0.471046	-0.423031	-0.428001	-0.428142	-0.384143	-0.474567	-0.455631	-0.467643	-0.369631	-0.414221	-0.444894	-0.419073	-0.492152	-0.499199	-0.387592	-0.412574	-0.431114	-0.444894	-0.379248
29000	intercept	0.522721	0.504609	0.52361	0.506695	0.502079	0.525808	0.591279	0.520138	0.500991	0.517061	0.495951	0.557729	0.511924	0.509646	0.544236	0.515179	0.502705	0.51232	0.526109	0.530138	0.495564	0.531194	0.525147	0.52268	0.534993	0.532113	0.511463	0.525604	0.514684	0.490539	0.48683	0.549211	0.547983	0.519079	0.525826	0.544701	0.516881	0.538768	0.53537	0.560746	0.583452	0.519184	0.572836	0.510724	0.518766	0.547845	0.583248	0.510971	0.545102	0.533151	0.502461	0.549019	0.502657	0.518127	0.520575	0.533764	0.499763	0.54903	0.508806	0.521382	0.50161	0.516985	0.515132	0.531197	0.516618	0.496561	0.546014	0.510934	0.528877	0.508872	0.523295	0.516348	0.503683	0.537905	0.531694	0.543454	0.511527	0.533812	0.51239	0.545238	0.525145	0.487395	0.505637	0.492742	0.538914	0.545162	0.535256	0.522098	0.490823	0.52179	0.520367	0.544519	0.517673	0.502377	0.523487	0.580364	0.509215	0.522323	0.51393	0.524601	0.549536	0.56205	0.542462	0.532077	0.60702	0.510291	0.483096	0.58191	0.492344	0.506751	0.481505	0.482877	0.551531	0.532972	0.513129	0.519051	0.512249	0.529243	0.553247	0.531645	0.587551	0.525698	0.551146	0.514814	0.555499	0.506966	0.49418	0.523239	0.527603	0.502984	0.514478	0.506659	0.546385	0.50008	0.4529	0.544212	0.535316	0.54948	0.574906	0.525817	0.524415	0.550806	0.513211	0.540301	0.538539	0.544469	0.537245	0.515692	0.533533	0.514599	0.543713	0.525508	0.508879	0.531097	0.529406	0.511087	0.452946	0.571569	0.535037	0.53244	0.545656	0.502105	0.493091	0.527721	0.539092	0.519913	0.522963	0.537739	0.543648	0.484825	0.530314	0.520367	0.555772	0.530619	0.529628	0.496962	0.541991	0.536286	0.536158	0.52302	0.527971	0.513444	0.517073	0.500415	0.487525	0.518117	0.479973	0.479981	0.492472	0.512456	0.499676	0.526246	0.502418	0.556765	0.541255	0.547038	0.518651	0.509912	0.583452	0.527158	0.505671	0.468879	0.51396	0.467655	0.538429	0.642127	0.517527	0.47938	0.545777	0.509933	0.492422	0.551845	0.517086	0.532268	0.520611	0.571339	0.529576	0.534441	0.524777	0.522676	0.519955	0.521553	0.551064	0.512803	0.535445	0.59738	0.532668	0.552252	0.50199	0.498158	0.520542	0.482788	0.54339	0.545735	0.526035	0.555748	0.53468	0.531074	0.524777	0.594726	0.489203	0.502739	0.551926	0.554379	0.517254	0.557907	0.50256	0.506005	0.522398	0.521229	0.519587	0.528083	0.537267	0.530834	0.47938	0.521229	0.531281	0.50199	0.516193	0.531017	0.536925	0.573068	0.519849	0.488654	0.522676	0.537387	0.517254	0.517922	0.538584	0.520542	0.594726	0.515692	0.47895	0.50199	0.495568	0.579949	0.459798	0.509324	0.568926	0.526035	0.544471	0.522398	0.538584	0.525197	0.47938	0.536722	0.471754	0.554941	0.496316	0.510006	0.556366	0.539917	0.498003	0.509804	0.489495	0.47938	0.536739	0.500354	0.545134	0.534858	0.586766	0.482202	0.517086	0.525113	0.506947	0.452946	0.545134	0.528955	0.522676	0.566867	0.514959	0.489144	0.53468	0.54018	0.622368	0.54339	0.578455	0.548587	0.570172	0.513445	0.546013	0.551926	0.492309	0.560117	0.516656	0.494131	0.549459	0.502739	0.53913	0.52701	0.513655	0.526035	0.528649	0.526913	0.451383	0.530287	0.622368	0.492422	0.521414	0.54825	0.513366	0.504941	0.543166	0.534742	0.525936	0.568926	0.517254	0.622368	0.503379	0.555748	0.505378	0.502216	0.548007	0.564326	0.531281	0.519457	0.544732	0.535426	0.516149	0.543361	0.566867	0.499405	0.540431	0.533433	0.515692	0.52143	0.524243	0.542846	0.496316	0.538584	0.505748	0.551703	0.571339	0.523948	0.510575	0.530561	0.516263	0.567114	0.493999	0.468879	0.534441	0.493999	0.505671	0.516092	0.515692	0.498646	0.552915	0.568922	0.544562	0.47895	0.530561	0.541017	0.559643	0.505531	0.495915	0.471754	0.49872	0.55851	0.53607	0.48797
30000	slope	-0.442953	-0.421343	-0.467201	-0.446188	-0.448924	-0.463042	-0.3838	-0.399672	-0.480145	-0.500053	-0.433057	-0.457419	-0.414122	-0.426874	-0.458416	-0.424085	-0.418785	-0.407937	-0.40797	-0.424174	-0.379824	-0.416589	-0.423694	-0.455407	-0.430935	-0.434846	-0.41216	-0.417961	-0.38492	-0.4318	-0.453462	-0.481057	-0.458917	-0.459302	-0.411213	-0.529558	-0.469579	-0.455129	-0.413143	-0.383044	-0.484296	-0.428933	-0.425289	-0.416813	-0.449412	-0.470198	-0.469857	-0.423627	-0.503462	-0.479132	-0.4119	-0.491004	-0.480833	-0.433978	-0.407627	-0.421317	-0.409121	-0.510058	-0.46728	-0.444662	-0.428623	-0.45904	-0.450707	-0.428439	-0.487078	-0.420151	-0.389845	-0.428528	-0.448047	-0.47963	-0.436123	-0.427792	-0.445998	-0.513132	-0.5162	-0.392771	-0.417137	-0.409083	-0.442653	-0.402943	-0.519236	-0.421353	-0.491783	-0.461405	-0.443459	-0.402924	-0.430672	-0.492707	-0.407341	-0.496373	-0.43584	-0.463248	-0.420449	-0.525174	-0.369464	-0.43691	-0.424272	-0.391411	-0.4379	-0.489508	-0.470452	-0.457234	-0.466282	-0.43143	-0.464858	-0.525377	-0.414202	-0.456783	-0.412189	-0.446002	-0.401066	-0.450252	-0.457886	-0.475604	-0.539714	-0.533375	-0.47927	-0.455563	-0.499054	-0.425894	-0.455835	-0.392692	-0.44943	-0.443898	-0.469772	-0.495367	-0.480892	-0.4772	-0.442626	-0.431363	-0.469098	-0.40769	-0.438691	-0.412746	-0.474154	-0.454556	-0.439229	-0.452826	-0.410603	-0.470226	-0.430942	-0.46127	-0.448177	-0.420308	-0.446381	-0.483148	-0.411851	-0.445643	-0.44152	-0.414238	-0.421504	-0.466559	-0.496923	-0.436965	-0.463763	-0.457844	-0.4995	-0.488797	-0.485761	-0.434679	-0.445916	-0.416145	-0.456525	-0.454652	-0.484557	-0.441535	-0.475327	-0.411558	-0.417585	-0.437129	-0.473944	-0.452417	-0.417493	-0.417434	-0.460146	-0.393774	-0.45681	-0.502803	-0.550875	-0.427227	-0.360008	-0.484354	-0.571827	-0.428742	-0.482591	-0.461767	-0.476831	-0.544323	-0.43647	-0.442092	-0.387852	-0.481875	-0.505706	-0.495733	-0.434797	-0.465769	-0.455788	-0.435168	-0.464457	-0.424337	-0.423265	-0.394409	-0.604843	-0.382466	-0.480376	-0.445338	-0.505226	-0.454373	-0.483803	-0.365016	-0.344334	-0.431424	-0.448921	-0.428349	-0.458997	-0.488425	-0.345987	-0.384154	-0.452918	-0.38316	-0.409025	-0.464414	-0.596845	-0.483412	-0.481692	-0.483242	-0.490356	-0.476486	-0.485179	-0.36654	-0.484702	-0.587123	-0.414678	-0.344334	-0.52679	-0.346569	-0.421629	-0.423265	-0.454373	-0.490356	-0.445457	-0.38316	-0.386821	-0.344334	-0.471044	-0.467302	-0.467302	-0.393245	-0.453246	-0.488425	-0.386341	-0.340538	-0.382466	-0.476486	-0.450319	-0.43716	-0.410952	-0.428349	-0.457396	-0.451305	-0.498899	-0.390545	-0.468113	-0.461863	-0.434234	-0.393849	-0.510963	-0.45846	-0.484604	-0.401388	-0.401388	-0.514494	-0.45846	-0.480011	-0.422376	-0.464414	-0.477006	-0.422376	-0.468113	-0.449539	-0.452536	-0.510963	-0.424226	-0.442029	-0.586791	-0.462527	-0.476486	-0.4851	-0.431472	-0.427725	-0.459339	-0.462527	-0.402873	-0.486568	-0.521	-0.516415	-0.486662	-0.344334	-0.410952	-0.393108	-0.448921	-0.475151	-0.448921	-0.503843	-0.388141	-0.490356	-0.404179	-0.411213	-0.486743	-0.473888	-0.479595	-0.346516	-0.418667	-0.477577	-0.44591	-0.399284	-0.45846	-0.438764	-0.503843	-0.439444	-0.476486	-0.40686	-0.424776	-0.428349	-0.505226	-0.481692	-0.45846	-0.444692	-0.477144	-0.487705	-0.587123	-0.389144	-0.464414	-0.411213	-0.44591	-0.49621	-0.440427	-0.40393	-0.482466	-0.604843	-0.483803	-0.422363	-0.47818	-0.513817	-0.486189	-0.40393	-0.461863	-0.393271	-0.409025	-0.34322	-0.378438	-0.505226	-0.414678	-0.444698	-0.374028	-0.374936	-0.368509	-0.505479	-0.411213	-0.409025	-0.440292	-0.487882	-0.388216	-0.444698	-0.440427	-0.446872	-0.459681	-0.448297	-0.445053	-0.492481	-0.593496	-0.452536	-0.464017	-0.503762	-0.393849	-0.402873	-0.388425	-0.478475	-0.428349	-0.426522	-0.605031	-0.479931	-0.409218	-0.405221	-0.468113	-0.432715	-0.365016	-0.388141	-0.44174	-0.405221	-0.451034	-0.510963	-0.464414	-0.448383	-0.449436	-0.487547	-0.436549	-0.399078	-0.399078	-0.466019
30000	intercept	0.531746	0.504149	0.549966	0.534489	0.535024	0.543522	0.508251	0.512713	0.524017	0.558683	0.569379	0.559335	0.533181	0.510587	0.544984	0.511353	0.521806	0.52536	0.519016	0.556776	0.523015	0.514849	0.529863	0.513185	0.538222	0.493599	0.539951	0.531136	0.531902	0.515165	0.556329	0.569449	0.561388	0.548186	0.508884	0.588326	0.539135	0.51738	0.48654	0.512195	0.536331	0.53628	0.52064	0.530251	0.536785	0.529887	0.530944	0.525103	0.605531	0.539632	0.526824	0.559927	0.547484	0.501761	0.537813	0.496231	0.515182	0.56947	0.539179	0.571352	0.542193	0.532766	0.528505	0.544351	0.540205	0.549898	0.497098	0.550853	0.55598	0.551518	0.541909	0.531516	0.546041	0.563032	0.578841	0.5108	0.533132	0.516346	0.565101	0.550893	0.56408	0.535264	0.562225	0.509659	0.515937	0.55055	0.526345	0.562754	0.519989	0.530267	0.527745	0.545529	0.563619	0.592855	0.502322	0.522831	0.514078	0.521556	0.525674	0.530197	0.522617	0.549693	0.527133	0.506245	0.523073	0.60003	0.542386	0.529948	0.48327	0.568251	0.525127	0.533965	0.559475	0.553546	0.581185	0.57242	0.517106	0.561989	0.567756	0.541666	0.538712	0.53366	0.507749	0.546806	0.534036	0.550301	0.547452	0.556129	0.516036	0.551314	0.549881	0.492258	0.525396	0.533678	0.534874	0.535888	0.538988	0.520182	0.53439	0.554589	0.525782	0.527321	0.521283	0.544854	0.543641	0.558388	0.537014	0.519295	0.518738	0.506339	0.534898	0.567284	0.52542	0.546769	0.52563	0.539725	0.598482	0.546615	0.567522	0.487133	0.531248	0.532534	0.529839	0.542363	0.557356	0.53736	0.557095	0.523627	0.520875	0.534226	0.530832	0.529468	0.536346	0.534342	0.53637	0.493785	0.555739	0.593239	0.614647	0.525097	0.502001	0.539296	0.606536	0.560177	0.561197	0.542487	0.579891	0.579716	0.51713	0.53167	0.504373	0.567281	0.533255	0.547573	0.541704	0.542062	0.53301	0.534455	0.536133	0.515152	0.556359	0.534284	0.648681	0.464969	0.555492	0.517409	0.598083	0.520429	0.521845	0.488255	0.451739	0.530336	0.559803	0.517075	0.517385	0.553332	0.494251	0.499123	0.587975	0.559581	0.508708	0.570207	0.634794	0.556438	0.573261	0.539468	0.569935	0.533979	0.539935	0.504483	0.533001	0.627264	0.556873	0.460143	0.549672	0.501945	0.499414	0.556918	0.520429	0.569935	0.516294	0.559581	0.542477	0.449199	0.554673	0.554783	0.554783	0.521214	0.567224	0.553332	0.49862	0.502044	0.464969	0.551704	0.537928	0.513771	0.546285	0.521407	0.510645	0.53473	0.536264	0.522881	0.54969	0.511328	0.545347	0.517206	0.574723	0.500896	0.543516	0.529294	0.529294	0.577694	0.495188	0.577575	0.512455	0.566774	0.541371	0.512455	0.537423	0.52339	0.494989	0.549672	0.525832	0.536345	0.634794	0.536128	0.541862	0.552199	0.499414	0.495598	0.490114	0.536128	0.563958	0.532188	0.555301	0.562251	0.517056	0.460143	0.546697	0.541547	0.565195	0.539935	0.559803	0.565404	0.522881	0.569935	0.529294	0.508884	0.603179	0.528489	0.555033	0.502718	0.512455	0.542434	0.551378	0.530727	0.500896	0.539468	0.565404	0.507104	0.533979	0.559581	0.498364	0.517075	0.56538	0.573261	0.495188	0.559803	0.607177	0.564319	0.6553	0.564054	0.570207	0.508884	0.551378	0.535921	0.498364	0.499384	0.509296	0.646397	0.521845	0.546285	0.553891	0.59943	0.555033	0.499384	0.513746	0.520526	0.517155	0.495759	0.480553	0.56538	0.556873	0.490045	0.509751	0.467002	0.542433	0.552456	0.508884	0.508708	0.545506	0.522305	0.542433	0.490045	0.511021	0.570207	0.553636	0.540981	0.539468	0.573261	0.612167	0.494989	0.555355	0.543855	0.517206	0.563935	0.542477	0.531271	0.517075	0.521407	0.637184	0.53363	0.490672	0.499384	0.562153	0.537083	0.488255	0.522995	0.551478	0.499384	0.552758	0.549672	0.570207	0.495705	0.517081	0.547257	0.50157	0.536075	0.536075	0.552758
31000	slope	-0.489004	-0.448551	-0.442218	-0.465485	-0.476525	-0.442779	-0.436529	-0.485204	-0.451522	-0.460224	-0.509937	-0.449181	-0.457491	-0.450541	-0.474421	-0.453813	-0.453947	-0.442307	-0.446016	-0.433572	-0.475772	-0.464593	-0.455601	-0.486991	-0.420791	-0.482647	-0.411889	-0.405954	-0.463534	-0.474003	-0.515947	-0.412322	-0.451115	-0.428186	-0.519296	-0.523217	-0.455754	-0.492313	-0.469662	-0.445797	-0.446081	-0.485858	-0.494832	-0.528771	-0.452598	-0.462143	-0.495382	-0.474317	-0.452825	-0.463139	-0.449216	-0.419892	-0.416835	-0.462906	-0.479933	-0.407842	-0.433408	-0.480551	-0.485963	-0.471517	-0.455706	-0.506953	-0.48892	-0.412582	-0.481081	-0.481579	-0.44464	-0.513014	-0.434871	-0.490786	-0.457798	-0.455036	-0.462911	-0.442658	-0.489252	-0.46259	-0.51292	-0.456393	-0.410038	-0.459928	-0.516832	-0.490041	-0.559682	-0.464203	-0.459239	-0.47509	-0.388299	-0.491339	-0.491908	-0.455553	-0.471142	-0.567377	-0.502575	-0.45361	-0.449279	-0.461272	-0.47664	-0.435184	-0.411141	-0.484483	-0.470608	-0.47358	-0.421852	-0.486275	-0.462978	-0.432898	-0.473286	-0.539373	-0.467541	-0.47037	-0.446314	-0.455838	-0.457032	-0.465951	-0.461062	-0.395178	-0.414517	-0.434798	-0.528763	-0.438684	-0.515558	-0.492751	-0.443954	-0.458329	-0.466373	-0.472489	-0.440822	-0.46835	-0.509602	-0.47725	-0.464169	-0.484954	-0.47504	-0.450615	-0.418802	-0.423569	-0.478638	-0.506037	-0.461559	-0.438547	-0.447252	-0.453377	-0.437402	-0.480747	-0.429404	-0.482592	-0.562805	-0.452585	-0.489179	-0.481307	-0.442741	-0.441654	-0.442178	-0.475968	-0.472096	-0.491633	-0.488057	-0.477893	-0.44066	-0.455366	-0.458066	-0.462478	-0.501039	-0.460756	-0.456039	-0.467029	-0.456817	-0.440399	-0.431822	-0.487205	-0.42906	-0.431898	-0.559682	-0.449399	-0.431742	-0.433942	-0.453691	-0.459255	-0.467695	-0.450495	-0.497985	-0.454839	-0.454398	-0.460986	-0.462911	-0.439209	-0.457111	-0.491459	-0.468589	-0.441666	-0.480771	-0.497985	-0.47678	-0.481335	-0.451863	-0.45106	-0.434052	-0.508789	-0.492613	-0.410535	-0.452498	-0.498399	-0.476183	-0.467159	-0.435462	-0.437114	-0.387829	-0.567377	-0.398733	-0.458652	-0.46805	-0.384271	-0.369641	-0.451886	-0.377247	-0.463013	-0.464603	-0.476183	-0.417724	-0.431205	-0.482594	-0.494074	-0.469	-0.445233	-0.502103	-0.567377	-0.478638	-0.404321	-0.476256	-0.476256	-0.496439	-0.445233	-0.417724	-0.488545	-0.504328	-0.53909	-0.435805	-0.591489	-0.446321	-0.475366	-0.493867	-0.335241	-0.403397	-0.443591	-0.44236	-0.476183	-0.466373	-0.435462	-0.458317	-0.478638	-0.400182	-0.431916	-0.449018	-0.428759	-0.478638	-0.567377	-0.45253	-0.483832	-0.410178	-0.514863	-0.44653	-0.469814	-0.439774	-0.411575	-0.445233	-0.452498	-0.494074	-0.502103	-0.469814	-0.454486	-0.502103	-0.429556	-0.53909	-0.540899	-0.502103	-0.445904	-0.495589	-0.469814	-0.438452	-0.384271	-0.474094	-0.478638	-0.501096	-0.415657	-0.583521	-0.411575	-0.495754	-0.465205	-0.495754	-0.472997	-0.445575	-0.359959	-0.452498	-0.46954	-0.48093	-0.426303	-0.482671	-0.451136	-0.44653	-0.490184	-0.487314	-0.448708	-0.384271	-0.478638	-0.504328	-0.444009	-0.455134	-0.416569	-0.453913	-0.415657	-0.44726	-0.507252	-0.452498	-0.481419	-0.431408	-0.476039	-0.367259	-0.452869	-0.452877	-0.584686	-0.454486	-0.476256	-0.454486	-0.425521	-0.468341	-0.465425	-0.431408	-0.507479	-0.49362	-0.50564	-0.476256	-0.452671	-0.435462	-0.486434	-0.411575	-0.490184	-0.516983	-0.478987	-0.50564	-0.464068	-0.470932	-0.507962	-0.494074	-0.493228	-0.467159	-0.435805	-0.415657	-0.507479	-0.430985	-0.442576	-0.502103	-0.509208	-0.486827	-0.443739	-0.475631	-0.425521	-0.449853	-0.442843	-0.468544	-0.460949	-0.464267	-0.476256	-0.483832	-0.452446	-0.42839	-0.403874	-0.583659	-0.388822	-0.495592	-0.438322	-0.48449	-0.476256	-0.473517	-0.466154	-0.437716	-0.476256	-0.520206	-0.425521	-0.438452	-0.478638	-0.446321	-0.498399	-0.490184	-0.567377	-0.438922	-0.509253	-0.469814	-0.476256	-0.484934	-0.438454	-0.435462	-0.415657	-0.416078	-0.487314	-0.50564	-0.502785	-0.56906	-0.502785	-0.431408	-0.453913
31000	intercept	0.615669	0.510808	0.500573	0.536456	0.580158	0.539788	0.539292	0.582454	0.527546	0.525121	0.574866	0.535041	0.572218	0.549628	0.518434	0.514685	0.556676	0.502526	0.511188	0.48824	0.507391	0.550576	0.504037	0.565232	0.545332	0.57028	0.528917	0.525738	0.536611	0.558326	0.59628	0.513447	0.471504	0.497201	0.575518	0.59687	0.548931	0.550322	0.526374	0.522945	0.522551	0.551406	0.564375	0.57694	0.554106	0.519036	0.577849	0.584531	0.537895	0.542017	0.535745	0.505148	0.513593	0.566363	0.532457	0.498018	0.498267	0.520121	0.519036	0.549149	0.563228	0.603972	0.577849	0.496047	0.573483	0.546129	0.506924	0.578795	0.538284	0.529867	0.565303	0.513934	0.544965	0.505393	0.576855	0.546593	0.634241	0.54838	0.514909	0.54429	0.604073	0.573138	0.654773	0.58388	0.56595	0.543866	0.497463	0.539396	0.545371	0.502974	0.556054	0.66404	0.588951	0.531759	0.547292	0.558155	0.531028	0.542977	0.551421	0.539662	0.526484	0.530281	0.529033	0.566789	0.539705	0.511414	0.538486	0.620049	0.553266	0.523117	0.519211	0.487033	0.513232	0.559957	0.546292	0.500851	0.509932	0.507706	0.624596	0.532601	0.593018	0.557026	0.512114	0.515942	0.522013	0.563554	0.530265	0.576622	0.607747	0.532029	0.531368	0.523422	0.546567	0.504405	0.517432	0.520397	0.56909	0.582041	0.557826	0.529446	0.523278	0.504155	0.552631	0.523023	0.506762	0.546638	0.621909	0.501132	0.597917	0.550507	0.520157	0.5431	0.493689	0.572486	0.544192	0.543159	0.566202	0.523116	0.51856	0.52425	0.507069	0.519343	0.548504	0.57444	0.553949	0.516513	0.515265	0.50753	0.534936	0.595156	0.532457	0.548638	0.653805	0.555971	0.493622	0.526652	0.526983	0.531943	0.537547	0.529198	0.567617	0.50883	0.50567	0.551574	0.578077	0.514924	0.51579	0.579231	0.540941	0.551354	0.559357	0.583853	0.564436	0.562454	0.536309	0.555092	0.512204	0.566464	0.538545	0.544695	0.493119	0.520965	0.522805	0.584107	0.539057	0.563248	0.475358	0.670665	0.475358	0.486924	0.595881	0.523856	0.495871	0.529782	0.517206	0.507917	0.548818	0.510747	0.551528	0.549269	0.571594	0.600423	0.511391	0.476566	0.640321	0.657414	0.564813	0.494982	0.600287	0.600287	0.576231	0.476566	0.551528	0.541279	0.527174	0.597289	0.504632	0.647017	0.551406	0.553199	0.524982	0.493193	0.475358	0.514176	0.544829	0.522805	0.532316	0.515314	0.52555	0.564813	0.50019	0.537437	0.534415	0.52239	0.591218	0.670665	0.480877	0.631416	0.560844	0.552284	0.540628	0.548818	0.487859	0.476935	0.476566	0.498084	0.595102	0.640321	0.548818	0.503452	0.619827	0.534321	0.605158	0.568969	0.629455	0.505357	0.526572	0.548818	0.482022	0.533397	0.557101	0.564813	0.555058	0.539238	0.670665	0.480688	0.57592	0.497165	0.57592	0.584395	0.499457	0.495017	0.503667	0.570037	0.573577	0.527439	0.551406	0.503221	0.537279	0.564481	0.600095	0.546109	0.533397	0.589029	0.527174	0.48517	0.495804	0.530659	0.538342	0.543668	0.551393	0.563495	0.498084	0.539935	0.496682	0.544829	0.555101	0.489084	0.538342	0.637363	0.495473	0.586102	0.518543	0.476566	0.584107	0.504178	0.509579	0.60521	0.559667	0.509426	0.600287	0.51169	0.539057	0.595102	0.4876	0.564481	0.598751	0.591218	0.520778	0.589859	0.563112	0.520778	0.601303	0.564964	0.584107	0.511189	0.543668	0.60521	0.52479	0.489084	0.628434	0.527174	0.559629	0.490158	0.591218	0.485229	0.495473	0.495649	0.560273	0.537734	0.537418	0.582893	0.631416	0.48517	0.49439	0.498814	0.670665	0.49157	0.631416	0.556572	0.561452	0.584395	0.494826	0.550036	0.539057	0.600287	0.568969	0.484673	0.480599	0.573367	0.551406	0.54455	0.564481	0.670665	0.497288	0.551406	0.548818	0.586102	0.580794	0.492939	0.515314	0.543668	0.530654	0.595716	0.497441	0.538095	0.671142	0.538095	0.509579	0.538342
32000	slope	-0.470328	-0.461351	-0.445084	-0.442932	-0.447615	-0.435267	-0.431607	-0.455877	-0.486316	-0.443249	-0.451628	-0.429874	-0.426275	-0.4325	-0.431359	-0.481299	-0.428101	-0.454327	-0.484714	-0.452246	-0.425301	-0.419594	-0.462854	-0.426467	-0.466077	-0.448602	-0.468358	-0.46696	-0.448295	-0.433126	-0.415901	-0.467228	-0.426645	-0.424953	-0.444485	-0.480809	-0.452591	-0.44072	-0.431874	-0.45275	-0.454387	-0.45602	-0.420292	-0.453281	-0.439747	-0.490125	-0.514869	-0.458695	-0.45613	-0.479202	-0.442129	-0.441698	-0.450584	-0.460528	-0.469199	-0.452809	-0.445848	-0.425892	-0.453644	-0.440749	-0.438531	-0.437641	-0.506832	-0.486122	-0.445556	-0.447542	-0.426565	-0.478388	-0.431655	-0.451072	-0.450896	-0.440697	-0.479776	-0.435502	-0.476964	-0.443559	-0.442224	-0.452648	-0.508082	-0.468141	-0.431616	-0.455848	-0.449188	-0.428577	-0.47292	-0.449106	-0.422885	-0.429272	-0.46746	-0.456878	-0.442074	-0.444177	-0.461036	-0.432555	-0.427221	-0.466826	-0.439278	-0.429473	-0.432468	-0.429387	-0.438643	-0.463288	-0.505122	-0.428706	-0.421288	-0.435341	-0.455517	-0.468453	-0.472926	-0.456262	-0.438051	-0.459468	-0.51618	-0.415812	-0.45042	-0.421443	-0.467266	-0.490731	-0.491848	-0.433401	-0.448903	-0.425729	-0.45866	-0.473106	-0.451639	-0.429866	-0.473531	-0.4306	-0.459962	-0.474027	-0.46779	-0.442129	-0.463575	-0.429795	-0.460932	-0.458685	-0.438564	-0.441718	-0.468961	-0.445453	-0.47883	-0.488148	-0.471476	-0.428276	-0.484533	-0.486112	-0.448499	-0.458515	-0.432638	-0.423406	-0.469619	-0.451906	-0.422814	-0.426489	-0.43653	-0.454896	-0.483653	-0.476718	-0.465643	-0.429594	-0.4481	-0.473074	-0.423816	-0.451438	-0.441428	-0.456232	-0.437639	-0.453097	-0.446344	-0.508684	-0.43986	-0.439431	-0.431982	-0.466052	-0.436002	-0.474771	-0.483071	-0.425266	-0.423611	-0.494293	-0.467965	-0.480966	-0.452653	-0.45447	-0.458562	-0.482844	-0.449951	-0.433773	-0.419958	-0.471255	-0.435371	-0.444913	-0.486495	-0.447325	-0.4619	-0.442097	-0.449953	-0.434358	-0.421733	-0.456491	-0.432429	-0.479705	-0.448974	-0.504834	-0.439971	-0.435435	-0.482676	-0.439971	-0.445381	-0.409571	-0.446433	-0.446772	-0.429183	-0.42741	-0.439199	-0.4648	-0.439183	-0.482676	-0.431179	-0.435435	-0.460874	-0.485901	-0.47287	-0.456377	-0.482676	-0.614471	-0.447938	-0.435821	-0.443673	-0.450962	-0.469796	-0.473543	-0.413773	-0.524998	-0.481193	-0.421892	-0.413773	-0.481253	-0.42215	-0.432509	-0.435821	-0.420549	-0.432586	-0.478377	-0.42215	-0.420549	-0.426673	-0.432822	-0.447579	-0.489832	-0.423137	-0.478878	-0.479705	-0.450962	-0.463995	-0.467411	-0.439183	-0.428369	-0.455883	-0.506965	-0.482123	-0.406921	-0.432429	-0.470448	-0.493252	-0.432344	-0.470577	-0.443673	-0.426517	-0.432429	-0.512669	-0.442739	-0.471636	-0.395804	-0.413442	-0.422602	-0.415266	-0.409651	-0.475958	-0.42871	-0.449263	-0.404442	-0.481839	-0.468869	-0.482082	-0.391938	-0.445053	-0.461706	-0.490351	-0.481078	-0.493734	-0.450455	-0.446433	-0.456984	-0.429179	-0.391938	-0.447579	-0.417233	-0.418359	-0.477825	-0.456029	-0.42215	-0.443673	-0.455265	-0.443314	-0.504834	-0.473338	-0.495737	-0.403503	-0.404442	-0.43908	-0.493252	-0.470448	-0.493252	-0.444169	-0.419688	-0.439971	-0.522177	-0.432429	-0.482676	-0.43908	-0.506965	-0.446254	-0.406921	-0.512669	-0.443673	-0.443031	-0.429684	-0.440416	-0.467411	-0.447579	-0.448974	-0.426447	-0.451505	-0.483595	-0.445852	-0.492504	-0.447579	-0.406921	-0.464989	-0.403294	-0.507336	-0.476628	-0.511962	-0.423248	-0.445852	-0.493252	-0.469276	-0.421029	-0.475972	-0.423778	-0.467883	-0.509775	-0.451505	-0.471842	-0.418359	-0.481253	-0.432429	-0.438173	-0.454486	-0.423778	-0.469796	-0.442068	-0.426673	-0.433649	-0.437239	-0.417523	-0.445053	-0.470448	-0.479739	-0.422832	-0.429684	-0.43908	-0.470577	-0.449263	-0.480646	-0.482676	-0.413442	-0.420468	-0.467636	-0.45259	-0.509882	-0.614471	-0.395306	-0.429792	-0.463857	-0.458222	-0.429811	-0.486165	-0.443673	-0.450962	-0.423248	-0.449027	-0.396157	-0.427665	-0.429183	-0.522177	-0.469796	-0.482676	-0.450928
32000	intercept	0.533283	0.51986	0.534358	0.51574	0.59121	0.510334	0.514277	0.554508	0.557848	0.55252	0.538235	0.513016	0.522587	0.504462	0.508918	0.592457	0.499184	0.57482	0.532405	0.516276	0.559599	0.463409	0.53149	0.513582	0.515974	0.503425	0.538926	0.576197	0.516993	0.541152	0.495799	0.559988	0.500975	0.51031	0.492062	0.547511	0.538168	0.532659	0.508474	0.550268	0.538265	0.530738	0.483866	0.537381	0.52057	0.565358	0.5775	0.580473	0.515761	0.549627	0.558379	0.557493	0.517024	0.574237	0.539209	0.516104	0.507203	0.52785	0.561178	0.500898	0.579359	0.543885	0.59677	0.555898	0.540277	0.537766	0.535447	0.531175	0.512335	0.503614	0.561579	0.501786	0.554616	0.498189	0.554704	0.539453	0.559437	0.551817	0.56813	0.528969	0.498225	0.564693	0.493784	0.557389	0.566583	0.515937	0.489345	0.509887	0.556617	0.522654	0.518712	0.533196	0.55419	0.487972	0.480999	0.567307	0.576466	0.492584	0.501535	0.49611	0.505812	0.567406	0.572715	0.486671	0.518663	0.537204	0.521825	0.500766	0.53168	0.54411	0.495417	0.558434	0.598149	0.527386	0.548709	0.531947	0.558459	0.568412	0.539588	0.565132	0.515847	0.529333	0.536987	0.543486	0.576937	0.485989	0.502711	0.544076	0.516127	0.530153	0.529462	0.513893	0.51917	0.518104	0.53098	0.555453	0.513149	0.556063	0.581489	0.552443	0.567244	0.55286	0.553518	0.50121	0.562751	0.525684	0.513916	0.495203	0.505764	0.52459	0.547156	0.515079	0.478094	0.492118	0.507414	0.545106	0.58352	0.566358	0.590882	0.477201	0.486627	0.555992	0.51882	0.538269	0.521442	0.537928	0.513313	0.546732	0.553321	0.558356	0.520059	0.509896	0.523965	0.509753	0.50221	0.551469	0.585195	0.532115	0.498762	0.619514	0.535554	0.530293	0.536562	0.500462	0.530975	0.609954	0.5276	0.523994	0.544964	0.571458	0.503066	0.519887	0.52895	0.544434	0.550138	0.513709	0.557159	0.481066	0.501502	0.53167	0.501984	0.533074	0.50371	0.552489	0.537978	0.519965	0.558762	0.537978	0.528769	0.497818	0.528769	0.531668	0.558826	0.495566	0.534379	0.594534	0.501985	0.586235	0.528945	0.519965	0.542005	0.532911	0.576646	0.486558	0.586235	0.656771	0.546059	0.507603	0.533538	0.555056	0.59261	0.509152	0.498357	0.622938	0.577418	0.564273	0.498357	0.60866	0.500575	0.547356	0.514253	0.493212	0.507344	0.553803	0.500575	0.493212	0.499914	0.502435	0.550549	0.532607	0.497818	0.533074	0.533074	0.556375	0.544281	0.518374	0.501985	0.53234	0.53411	0.61	0.554577	0.539096	0.498196	0.574553	0.53234	0.515932	0.591537	0.509332	0.491024	0.491024	0.552489	0.536706	0.602814	0.505657	0.564229	0.53137	0.495132	0.491024	0.541728	0.469193	0.510348	0.487968	0.563952	0.538035	0.509152	0.451319	0.523434	0.508221	0.520601	0.602814	0.543126	0.526384	0.512598	0.563296	0.506647	0.451319	0.554759	0.491024	0.457841	0.593503	0.530682	0.500575	0.499811	0.554546	0.550355	0.552489	0.556565	0.611248	0.479277	0.49267	0.57662	0.53234	0.576646	0.53234	0.556375	0.545097	0.536706	0.589313	0.484842	0.586235	0.57662	0.61	0.545806	0.550118	0.552489	0.499811	0.526164	0.507344	0.532032	0.537821	0.555984	0.50371	0.504149	0.557603	0.567505	0.569053	0.586235	0.543573	0.556528	0.519965	0.498357	0.603772	0.584334	0.552489	0.523563	0.569053	0.53234	0.541728	0.517602	0.607081	0.458066	0.537851	0.522113	0.549717	0.537851	0.457841	0.60866	0.501984	0.469193	0.503401	0.458066	0.580463	0.514952	0.499914	0.543573	0.500575	0.558253	0.538035	0.576646	0.527399	0.480158	0.507344	0.57662	0.587157	0.508097	0.497325	0.586235	0.564229	0.564229	0.567599	0.566412	0.654264	0.656771	0.499463	0.523208	0.542005	0.547456	0.499914	0.553803	0.499811	0.562873	0.523563	0.519965	0.550118	0.507588	0.558826	0.589313	0.583054	0.558762	0.55149
33000	slope	-0.488076	-0.44378	-0.470251	-0.44746	-0.477772	-0.512436	-0.470132	-0.460548	-0.477906	-0.454408	-0.448684	-0.481288	-0.426636	-0.478803	-0.466388	-0.430954	-0.502348	-0.486052	-0.421103	-0.427348	-0.424292	-0.43193	-0.458595	-0.440616	-0.48442	-0.454176	-0.478294	-0.461292	-0.453515	-0.47934	-0.46312	-0.419945	-0.485708	-0.434969	-0.464857	-0.440461	-0.446148	-0.411174	-0.472707	-0.493717	-0.457806	-0.475688	-0.474898	-0.443389	-0.474096	-0.453201	-0.469327	-0.44522	-0.453831	-0.434577	-0.462319	-0.437483	-0.454549	-0.443645	-0.479597	-0.471313	-0.464225	-0.458462	-0.469328	-0.443591	-0.455173	-0.467924	-0.436653	-0.427739	-0.451699	-0.4584	-0.498573	-0.44236	-0.439653	-0.444624	-0.47618	-0.438494	-0.503959	-0.475361	-0.514691	-0.495566	-0.464706	-0.434761	-0.484662	-0.429454	-0.418191	-0.449635	-0.463823	-0.46459	-0.470658	-0.446971	-0.431105	-0.484395	-0.449124	-0.463687	-0.451744	-0.419558	-0.432092	-0.470327	-0.464051	-0.456469	-0.488627	-0.490424	-0.487229	-0.454826	-0.492139	-0.419586	-0.447566	-0.461785	-0.448714	-0.451091	-0.438177	-0.469505	-0.44773	-0.476008	-0.477613	-0.477001	-0.441403	-0.429877	-0.490112	-0.453102	-0.439103	-0.478503	-0.455236	-0.429088	-0.478441	-0.430939	-0.480654	-0.489466	-0.499737	-0.439756	-0.468844	-0.500587	-0.495019	-0.483169	-0.467246	-0.485977	-0.43401	-0.448784	-0.457822	-0.457771	-0.497969	-0.492577	-0.465405	-0.492525	-0.444844	-0.451053	-0.440623	-0.448326	-0.445487	-0.445474	-0.450208	-0.45944	-0.446281	-0.432457	-0.484138	-0.437933	-0.451435	-0.467428	-0.482902	-0.43181	-0.487374	-0.435648	-0.450143	-0.465639	-0.411914	-0.476643	-0.420328	-0.456632	-0.429057	-0.447414	-0.500091	-0.443195	-0.471951	-0.441291	-0.431106	-0.470682	-0.474224	-0.448122	-0.460737	-0.463883	-0.458591	-0.485771	-0.464273	-0.462474	-0.481723	-0.489476	-0.438854	-0.4753	-0.442028	-0.447189	-0.475446	-0.421786	-0.491526	-0.456922	-0.480708	-0.43501	-0.418051	-0.457216	-0.451557	-0.480152	-0.488366	-0.436291	-0.474149	-0.472332	-0.477744	-0.418592	-0.458269	-0.508718	-0.465148	-0.440503	-0.455486	-0.490121	-0.465774	-0.433083	-0.411657	-0.437878	-0.474272	-0.454935	-0.490677	-0.441621	-0.466814	-0.406461	-0.436065	-0.42174	-0.480387	-0.435219	-0.430969	-0.421994	-0.41694	-0.492492	-0.467055	-0.428824	-0.5053	-0.41694	-0.481537	-0.5053	-0.439364	-0.454851	-0.496255	-0.436106	-0.411781	-0.465148	-0.447869	-0.439341	-0.437878	-0.408385	-0.441621	-0.437878	-0.497005	-0.452969	-0.498453	-0.443183	-0.452969	-0.443877	-0.430011	-0.539568	-0.433197	-0.502419	-0.494071	-0.441882	-0.436585	-0.471955	-0.422284	-0.472469	-0.448711	-0.444713	-0.459017	-0.482575	-0.519088	-0.467055	-0.530175	-0.472232	-0.439593	-0.456563	-0.440503	-0.443183	-0.439302	-0.449345	-0.5053	-0.433083	-0.472469	-0.482575	-0.427822	-0.474272	-0.467055	-0.406461	-0.434113	-0.474272	-0.497535	-0.481537	-0.425888	-0.441621	-0.508718	-0.418781	-0.447979	-0.492957	-0.492457	-0.436065	-0.482575	-0.492457	-0.457584	-0.471955	-0.432288	-0.485305	-0.539568	-0.46454	-0.433083	-0.477609	-0.450675	-0.433197	-0.474668	-0.454851	-0.437878	-0.496255	-0.443877	-0.426515	-0.42174	-0.474181	-0.474272	-0.449345	-0.419357	-0.443877	-0.477744	-0.416346	-0.394719	-0.473598	-0.433197	-0.470374	-0.49073	-0.428478	-0.505822	-0.453209	-0.441882	-0.436473	-0.474272	-0.46281	-0.471955	-0.451288	-0.496971	-0.5053	-0.434894	-0.41225	-0.3891	-0.428399	-0.423664	-0.424394	-0.424394	-0.46233	-0.462759	-0.436473	-0.420539	-0.442989	-0.433554	-0.480387	-0.442313	-0.494937	-0.416386	-0.467055	-0.432073	-0.442989	-0.406808	-0.443902	-0.480387	-0.411498	-0.466399	-0.438406	-0.451161	-0.530175	-0.447268	-0.455486	-0.448804	-0.470374	-0.470478	-0.468725	-0.465148	-0.452969	-0.428135	-0.431645	-0.445673	-0.415415	-0.439593	-0.436065	-0.42532	-0.468701	-0.429755	-0.493072	-0.414702	-0.436065	-0.477609	-0.49073	-0.448711	-0.501952	-0.490452	-0.439593	-0.441882	-0.429429	-0.471955	-0.447516	-0.456563	-0.428824	-0.417951	-0.466814	-0.415474	-0.420593
33000	intercept	0.547743	0.506388	0.559115	0.576812	0.560962	0.601441	0.546358	0.556861	0.597296	0.54471	0.558013	0.543181	0.514395	0.57215	0.564491	0.555332	0.547247	0.588386	0.481672	0.536841	0.570689	0.544587	0.525876	0.540302	0.566609	0.564877	0.519141	0.526975	0.599777	0.519205	0.579405	0.522905	0.551418	0.555563	0.496832	0.548583	0.564575	0.509513	0.523901	0.55492	0.569336	0.561311	0.568828	0.540789	0.59413	0.525837	0.53494	0.490275	0.576179	0.528196	0.53641	0.538646	0.526563	0.545879	0.553355	0.535361	0.568372	0.560476	0.54867	0.520152	0.508055	0.507347	0.507614	0.512878	0.509993	0.539181	0.569242	0.489833	0.505826	0.51572	0.566532	0.499051	0.583506	0.552134	0.565497	0.52499	0.570978	0.528602	0.536071	0.525895	0.477006	0.533899	0.568157	0.554098	0.562731	0.54281	0.51504	0.523137	0.495563	0.56036	0.524865	0.524919	0.516164	0.552924	0.570934	0.501097	0.561593	0.557555	0.565257	0.568649	0.5596	0.552283	0.514107	0.572938	0.562032	0.561082	0.477592	0.57903	0.540296	0.590638	0.569358	0.57846	0.567926	0.544527	0.545937	0.537331	0.518272	0.538905	0.543239	0.539017	0.574258	0.506364	0.582452	0.595045	0.573791	0.586011	0.570022	0.568109	0.567493	0.53424	0.548982	0.522273	0.556502	0.579214	0.515499	0.549602	0.543202	0.529647	0.567922	0.552109	0.554729	0.555044	0.579064	0.501167	0.512136	0.509673	0.502061	0.574005	0.510245	0.503529	0.58587	0.494065	0.524162	0.576238	0.57308	0.539895	0.577648	0.518784	0.526115	0.546167	0.453175	0.543611	0.589926	0.548003	0.510346	0.510123	0.581885	0.538423	0.568446	0.532815	0.526323	0.507775	0.585561	0.55963	0.520718	0.552595	0.576574	0.552838	0.582172	0.562398	0.594341	0.575038	0.538055	0.595735	0.548408	0.577951	0.571427	0.484287	0.55228	0.555559	0.585276	0.547493	0.534432	0.513443	0.540173	0.581493	0.541406	0.537909	0.564851	0.565317	0.590348	0.477192	0.542144	0.620883	0.621768	0.528324	0.534063	0.527448	0.573167	0.543157	0.496414	0.494241	0.583483	0.459937	0.546509	0.524386	0.536741	0.457623	0.464891	0.555921	0.555197	0.464891	0.581108	0.5017	0.578415	0.567903	0.557108	0.566089	0.536473	0.578415	0.569591	0.536473	0.580343	0.562546	0.531301	0.566089	0.5017	0.621768	0.473217	0.485817	0.496198	0.501254	0.535043	0.499561	0.575745	0.555092	0.531301	0.586157	0.547274	0.563715	0.557004	0.608982	0.56075	0.610107	0.599162	0.577786	0.486503	0.61967	0.464891	0.538206	0.569174	0.565579	0.499914	0.54598	0.572194	0.557108	0.576663	0.595148	0.473217	0.546113	0.528324	0.59068	0.572369	0.544799	0.53601	0.545393	0.538206	0.556099	0.545393	0.590927	0.557108	0.457623	0.499914	0.589259	0.589058	0.568916	0.527605	0.546414	0.613685	0.558347	0.580907	0.533483	0.522532	0.463662	0.556099	0.522532	0.515713	0.595544	0.550428	0.566319	0.608982	0.546509	0.545393	0.513034	0.586366	0.56075	0.557108	0.562546	0.495742	0.531301	0.570799	0.557436	0.555921	0.514859	0.583483	0.563552	0.53964	0.564131	0.590348	0.475298	0.55378	0.578829	0.56075	0.563265	0.608049	0.565553	0.568666	0.532054	0.577786	0.487273	0.583483	0.549354	0.605155	0.480882	0.522532	0.536473	0.551784	0.443052	0.517693	0.557826	0.577786	0.56075	0.56075	0.590601	0.534082	0.499914	0.524247	0.471259	0.556158	0.555197	0.565579	0.556612	0.46381	0.557108	0.478713	0.479175	0.502652	0.556269	0.555197	0.492578	0.54598	0.490801	0.572889	0.576663	0.542867	0.545491	0.56216	0.559744	0.545491	0.533901	0.621768	0.547274	0.486503	0.562963	0.564131	0.525975	0.473217	0.463662	0.525975	0.568916	0.505693	0.533483	0.515641	0.463662	0.513034	0.608049	0.556205	0.531301	0.569413	0.473217	0.577786	0.504445	0.606609	0.538493	0.542144	0.566089	0.496666	0.533483	0.53176	0.528381
34000	slope	-0.481423	-0.474417	-0.463896	-0.454345	-0.446818	-0.47934	-0.437337	-0.494989	-0.487667	-0.47082	-0.458793	-0.457399	-0.431127	-0.467122	-0.490236	-0.459252	-0.473006	-0.402943	-0.456228	-0.492888	-0.4682	-0.454185	-0.430207	-0.429529	-0.437543	-0.470515	-0.425159	-0.415216	-0.50808	-0.365214	-0.472659	-0.452479	-0.432817	-0.454859	-0.407254	-0.451755	-0.412834	-0.495915	-0.497	-0.37298	-0.429358	-0.44603	-0.489902	-0.443613	-0.4228	-0.459935	-0.444154	-0.472001	-0.47871	-0.400341	-0.45095	-0.458938	-0.443616	-0.454772	-0.45056	-0.505531	-0.477995	-0.382644	-0.425103	-0.437334	-0.49008	-0.490407	-0.417889	-0.515901	-0.41515	-0.474007	-0.413418	-0.491619	-0.482523	-0.466406	-0.461695	-0.467491	-0.433242	-0.459355	-0.459957	-0.489815	-0.486945	-0.441004	-0.504385	-0.477463	-0.499362	-0.481866	-0.493233	-0.461866	-0.48972	-0.500343	-0.486314	-0.490664	-0.469856	-0.431407	-0.533967	-0.491018	-0.447686	-0.441162	-0.495564	-0.42039	-0.49218	-0.464666	-0.452357	-0.485196	-0.476195	-0.464473	-0.391043	-0.42602	-0.449511	-0.44349	-0.394328	-0.454155	-0.473137	-0.444826	-0.468511	-0.447864	-0.455842	-0.474178	-0.52032	-0.484953	-0.429965	-0.4501	-0.415609	-0.478439	-0.486299	-0.425115	-0.510027	-0.468882	-0.465191	-0.451919	-0.471269	-0.422082	-0.43837	-0.488793	-0.493314	-0.463505	-0.44008	-0.489579	-0.415907	-0.513141	-0.45086	-0.463429	-0.462063	-0.455922	-0.479442	-0.448414	-0.435622	-0.490216	-0.451712	-0.47731	-0.463818	-0.43966	-0.430999	-0.455689	-0.409845	-0.448862	-0.465716	-0.483906	-0.455569	-0.433948	-0.44885	-0.46908	-0.443594	-0.433331	-0.469182	-0.424352	-0.465498	-0.413718	-0.442849	-0.4499	-0.491964	-0.497357	-0.486947	-0.466383	-0.455938	-0.418285	-0.479868	-0.480223	-0.449984	-0.496112	-0.441094	-0.46602	-0.452645	-0.487881	-0.458065	-0.453219	-0.435348	-0.480826	-0.475463	-0.481798	-0.398447	-0.470746	-0.456176	-0.486382	-0.509791	-0.40361	-0.41145	-0.444795	-0.460026	-0.454481	-0.446825	-0.436317	-0.431274	-0.486231	-0.467381	-0.460672	-0.505336	-0.444113	-0.437235	-0.492786	-0.472459	-0.465564	-0.537751	-0.395659	-0.467381	-0.550219	-0.523648	-0.437538	-0.523788	-0.496267	-0.437497	-0.374065	-0.390369	-0.4533	-0.36942	-0.550219	-0.422492	-0.439932	-0.534682	-0.520163	-0.417899	-0.508268	-0.510677	-0.470385	-0.436546	-0.436546	-0.475509	-0.437497	-0.435772	-0.492967	-0.470385	-0.42462	-0.461447	-0.457046	-0.400074	-0.413685	-0.499458	-0.416565	-0.512382	-0.400074	-0.481412	-0.436156	-0.550219	-0.413685	-0.434049	-0.465564	-0.512382	-0.522524	-0.501129	-0.352143	-0.489031	-0.528259	-0.496267	-0.518544	-0.475558	-0.485289	-0.384316	-0.423182	-0.406422	-0.406121	-0.450467	-0.518544	-0.472459	-0.395061	-0.482295	-0.437235	-0.446859	-0.413878	-0.418714	-0.417899	-0.502993	-0.395061	-0.417899	-0.436156	-0.465541	-0.425452	-0.407471	-0.399495	-0.364036	-0.400024	-0.453073	-0.436546	-0.396925	-0.401558	-0.470385	-0.414745	-0.457046	-0.467381	-0.475509	-0.436546	-0.441489	-0.470385	-0.522524	-0.395061	-0.4295	-0.45509	-0.476531	-0.422192	-0.490947	-0.510677	-0.436546	-0.458299	-0.44554	-0.465564	-0.48767	-0.489227	-0.512382	-0.519889	-0.364036	-0.423182	-0.522524	-0.395061	-0.430612	-0.436347	-0.413878	-0.475769	-0.437235	-0.507201	-0.482791	-0.396504	-0.41839	-0.485476	-0.489783	-0.442865	-0.433783	-0.399495	-0.483324	-0.489253	-0.416565	-0.436546	-0.449508	-0.418872	-0.394653	-0.489253	-0.365214	-0.49732	-0.418872	-0.434475	-0.461153	-0.503153	-0.460544	-0.430562	-0.496267	-0.423182	-0.483635	-0.384316	-0.450467	-0.454943	-0.431538	-0.465564	-0.412667	-0.437798	-0.399495	-0.436156	-0.465564	-0.488318	-0.490551	-0.467381	-0.41839	-0.417302	-0.428326	-0.396638	-0.45351	-0.363329	-0.496267	-0.488318	-0.522161	-0.523788	-0.482232	-0.502993	-0.447419	-0.456395	-0.413685	-0.493868	-0.480707	-0.436156	-0.501056	-0.413685	-0.474386	-0.399376	-0.414372	-0.458366	-0.444113	-0.474386	-0.41987	-0.464616	-0.480707	-0.490826	-0.488318	-0.489253	-0.419424	-0.490947	-0.444219	-0.499244
34000	intercept	0.547771	0.509457	0.494438	0.5511	0.577291	0.51167	0.524274	0.563418	0.544761	0.513454	0.543303	0.491657	0.544454	0.562531	0.531946	0.532894	0.544664	0.489854	0.495945	0.556814	0.556749	0.535144	0.551793	0.523408	0.519136	0.510982	0.532686	0.546589	0.575555	0.592708	0.559309	0.498853	0.527101	0.543449	0.493545	0.549343	0.486716	0.570941	0.554727	0.55368	0.499541	0.505975	0.56818	0.581049	0.497256	0.517879	0.478884	0.55495	0.602942	0.54282	0.519775	0.516953	0.571589	0.476189	0.580883	0.58624	0.574781	0.551169	0.507349	0.54482	0.539103	0.565463	0.547221	0.604956	0.494819	0.530501	0.535332	0.522028	0.536741	0.574103	0.514264	0.574907	0.499541	0.540499	0.503105	0.589225	0.535918	0.503742	0.525899	0.551557	0.599693	0.575434	0.597311	0.609882	0.541462	0.533086	0.534785	0.588637	0.494926	0.499771	0.624595	0.538199	0.513811	0.550219	0.54606	0.52308	0.56096	0.544122	0.549608	0.564459	0.544664	0.550051	0.529626	0.549383	0.528919	0.555752	0.51508	0.50913	0.56453	0.522245	0.580974	0.551342	0.556977	0.570546	0.559414	0.535387	0.51445	0.538845	0.485389	0.573126	0.566255	0.508887	0.629318	0.56453	0.601213	0.60129	0.533833	0.491335	0.561036	0.583171	0.596059	0.573442	0.508293	0.540525	0.474401	0.547863	0.516953	0.573188	0.554813	0.571205	0.539053	0.494825	0.540776	0.588516	0.514631	0.570885	0.544854	0.541846	0.518327	0.532953	0.490873	0.513711	0.581205	0.583171	0.543967	0.539505	0.548436	0.572333	0.55977	0.545448	0.532979	0.555954	0.510778	0.5371	0.534376	0.547627	0.600836	0.565599	0.59066	0.568802	0.504423	0.520515	0.558787	0.580815	0.574612	0.540366	0.512016	0.510682	0.518242	0.532513	0.505461	0.507618	0.554037	0.542013	0.53862	0.548249	0.523739	0.513674	0.501894	0.531589	0.589738	0.511614	0.507118	0.493852	0.514587	0.495395	0.50591	0.508997	0.581454	0.590069	0.621177	0.536262	0.564278	0.516445	0.456651	0.566469	0.574228	0.591111	0.584989	0.486265	0.621177	0.600226	0.566871	0.54139	0.623161	0.635475	0.502121	0.486265	0.494126	0.495413	0.509982	0.591271	0.483317	0.587645	0.610619	0.543272	0.587645	0.596156	0.580853	0.510778	0.502003	0.534534	0.561638	0.501761	0.486035	0.571571	0.508801	0.518306	0.501488	0.478903	0.484636	0.482597	0.516707	0.56067	0.539431	0.467979	0.472485	0.456651	0.600226	0.482597	0.478903	0.574781	0.525095	0.592701	0.552287	0.509982	0.574781	0.568174	0.641048	0.57477	0.571571	0.635475	0.486265	0.545186	0.528324	0.480987	0.481872	0.57477	0.574228	0.5074	0.561638	0.456651	0.495727	0.518927	0.515097	0.587645	0.518706	0.5074	0.587645	0.480159	0.510875	0.502121	0.556887	0.557853	0.516757	0.449327	0.495307	0.531995	0.449327	0.484636	0.508801	0.523985	0.478903	0.621177	0.561638	0.535397	0.525821	0.508801	0.583434	0.514127	0.456651	0.509973	0.560929	0.540193	0.564006	0.580853	0.507157	0.517366	0.528046	0.574781	0.566594	0.571571	0.539431	0.60842	0.516757	0.545186	0.583434	0.514127	0.515324	0.565264	0.516379	0.551277	0.456651	0.655564	0.564291	0.528324	0.469622	0.570007	0.573083	0.580265	0.470709	0.557853	0.5286	0.563836	0.559743	0.501171	0.478142	0.470709	0.533845	0.563836	0.592708	0.635475	0.470709	0.50325	0.524263	0.57477	0.561638	0.486581	0.633273	0.545186	0.588237	0.486265	0.465947	0.528981	0.527132	0.574781	0.544929	0.528046	0.557853	0.456651	0.592531	0.54291	0.55971	0.621177	0.47848	0.483056	0.581983	0.547017	0.506472	0.592708	0.635475	0.531729	0.59675	0.623161	0.55034	0.513145	0.486207	0.576107	0.482597	0.571571	0.537465	0.456651	0.570696	0.482597	0.460292	0.520277	0.526482	0.513114	0.516445	0.460292	0.537496	0.574781	0.537465	0.525714	0.531729	0.563836	0.587645	0.556276	0.592905	0.569303
35000	slope	-0.490974	-0.462147	-0.48508	-0.458921	-0.443694	-0.505066	-0.510564	-0.517422	-0.474864	-0.469097	-0.442758	-0.461213	-0.507361	-0.490626	-0.506566	-0.459268	-0.510348	-0.459378	-0.491571	-0.508518	-0.460554	-0.486272	-0.532968	-0.505264	-0.492144	-0.431947	-0.496996	-0.460442	-0.486867	-0.478556	-0.450558	-0.478155	-0.482722	-0.468167	-0.464346	-0.4981	-0.475542	-0.42607	-0.500601	-0.489772	-0.482758	-0.496343	-0.501195	-0.461375	-0.47261	-0.470128	-0.485671	-0.485294	-0.498056	-0.514463	-0.518724	-0.457957	-0.496977	-0.457096	-0.509231	-0.475206	-0.435424	-0.559796	-0.486446	-0.481047	-0.506015	-0.499079	-0.504301	-0.412682	-0.524334	-0.512764	-0.512704	-0.463347	-0.447096	-0.437205	-0.487512	-0.45541	-0.474961	-0.458302	-0.52376	-0.462657	-0.483904	-0.487865	-0.503933	-0.492358	-0.514584	-0.51322	-0.524797	-0.471707	-0.454657	-0.46701	-0.47743	-0.46752	-0.505179	-0.51836	-0.471757	-0.481668	-0.505443	-0.465325	-0.445989	-0.492822	-0.459704	-0.510537	-0.495631	-0.480168	-0.506526	-0.483139	-0.43801	-0.492634	-0.489005	-0.512875	-0.493471	-0.486971	-0.490055	-0.51859	-0.483246	-0.454303	-0.483853	-0.497865	-0.470695	-0.511517	-0.476	-0.485436	-0.480696	-0.483082	-0.571387	-0.468591	-0.48599	-0.480465	-0.531082	-0.462893	-0.4573	-0.521661	-0.476105	-0.480408	-0.413683	-0.471508	-0.482072	-0.466401	-0.499963	-0.47362	-0.452937	-0.492213	-0.457524	-0.418957	-0.438876	-0.462793	-0.458031	-0.42477	-0.486384	-0.48229	-0.441569	-0.48437	-0.481182	-0.520289	-0.458138	-0.443534	-0.453567	-0.479414	-0.487877	-0.514024	-0.480242	-0.454338	-0.477023	-0.487557	-0.509717	-0.450393	-0.512674	-0.517682	-0.502525	-0.522495	-0.496276	-0.509619	-0.495793	-0.458869	-0.486044	-0.495369	-0.534745	-0.489219	-0.469033	-0.515633	-0.507094	-0.537404	-0.502269	-0.459629	-0.461847	-0.50125	-0.508365	-0.450971	-0.48486	-0.457339	-0.525084	-0.496942	-0.476225	-0.43777	-0.503173	-0.469357	-0.417476	-0.447659	-0.484945	-0.491514	-0.532912	-0.458894	-0.453997	-0.504368	-0.503621	-0.453956	-0.434094	-0.506222	-0.452821	-0.460477	-0.462357	-0.533959	-0.45382	-0.400469	-0.45479	-0.52565	-0.456922	-0.494593	-0.543975	-0.516911	-0.476727	-0.502914	-0.454985	-0.540887	-0.370994	-0.439062	-0.482465	-0.497337	-0.377992	-0.491031	-0.414083	-0.494593	-0.518025	-0.454985	-0.465335	-0.506596	-0.508438	-0.530445	-0.478625	-0.451953	-0.434308	-0.429195	-0.429269	-0.486864	-0.501235	-0.469676	-0.492365	-0.483844	-0.488783	-0.518025	-0.485805	-0.513977	-0.395409	-0.492365	-0.510188	-0.500164	-0.525133	-0.484951	-0.540603	-0.485279	-0.466875	-0.44038	-0.453791	-0.524316	-0.534426	-0.475838	-0.46538	-0.487101	-0.487315	-0.461117	-0.53221	-0.483844	-0.533959	-0.473797	-0.441579	-0.490346	-0.485637	-0.487315	-0.411012	-0.411012	-0.484109	-0.502914	-0.468831	-0.480744	-0.477494	-0.469753	-0.468382	-0.45382	-0.482465	-0.435248	-0.481648	-0.532631	-0.487101	-0.499475	-0.51339	-0.524316	-0.435248	-0.441579	-0.497337	-0.475838	-0.492365	-0.538467	-0.485805	-0.503621	-0.5038	-0.494593	-0.525133	-0.461944	-0.556106	-0.480457	-0.476405	-0.429463	-0.481035	-0.45479	-0.462193	-0.475419	-0.462357	-0.543975	-0.509609	-0.522494	-0.478616	-0.473253	-0.423177	-0.492365	-0.443389	-0.409648	-0.50152	-0.48584	-0.444777	-0.508438	-0.431045	-0.527704	-0.473068	-0.463875	-0.50439	-0.509609	-0.541826	-0.550999	-0.487093	-0.555	-0.485805	-0.440047	-0.437681	-0.456922	-0.44454	-0.429463	-0.471548	-0.452231	-0.450985	-0.552767	-0.534426	-0.446589	-0.489179	-0.533959	-0.46538	-0.446589	-0.486599	-0.483844	-0.464746	-0.434094	-0.48766	-0.43798	-0.45479	-0.48942	-0.486599	-0.492733	-0.50152	-0.408751	-0.457885	-0.494593	-0.525133	-0.542147	-0.472358	-0.46538	-0.482465	-0.510729	-0.495329	-0.506477	-0.485637	-0.493448	-0.453791	-0.571387	-0.441579	-0.492365	-0.415764	-0.472358	-0.482465	-0.492365	-0.461952	-0.473632	-0.489551	-0.483844	-0.524316	-0.436412	-0.555	-0.450238	-0.439209	-0.357457	-0.522494	-0.466504	-0.489989	-0.506477	-0.499475	-0.464297
35000	intercept	0.536522	0.568086	0.579721	0.565852	0.565132	0.581525	0.566805	0.552227	0.543261	0.562509	0.510053	0.536775	0.536875	0.547022	0.605726	0.577151	0.572225	0.542181	0.552817	0.561701	0.521045	0.49169	0.554829	0.561487	0.584022	0.551355	0.552154	0.516305	0.570965	0.564791	0.553176	0.568381	0.570609	0.524095	0.554924	0.577382	0.572074	0.546324	0.579815	0.573121	0.542064	0.520495	0.552496	0.528404	0.525021	0.542978	0.525617	0.55002	0.600316	0.5713	0.565529	0.56294	0.541821	0.547741	0.587178	0.554927	0.524767	0.585855	0.566741	0.602114	0.54546	0.558936	0.57616	0.508673	0.581777	0.571866	0.604413	0.537568	0.501216	0.545672	0.551161	0.568192	0.531169	0.566661	0.575784	0.555964	0.558978	0.572926	0.565375	0.567365	0.540787	0.566056	0.580759	0.593357	0.563672	0.518185	0.537755	0.527642	0.556589	0.597877	0.580324	0.544922	0.583638	0.547919	0.578602	0.569213	0.565691	0.534785	0.558246	0.566153	0.594742	0.52587	0.495327	0.571996	0.584267	0.549101	0.555347	0.582271	0.581651	0.569348	0.560917	0.55141	0.561983	0.551068	0.55648	0.593787	0.512789	0.543574	0.57207	0.553808	0.552749	0.571279	0.570526	0.561325	0.566525	0.558899	0.558558	0.608118	0.562551	0.571197	0.505672	0.555126	0.559962	0.557305	0.56794	0.554035	0.518043	0.54797	0.539041	0.48563	0.555494	0.528658	0.572099	0.509148	0.555182	0.527659	0.54205	0.543909	0.55348	0.572267	0.544198	0.52434	0.540393	0.547693	0.548113	0.569946	0.549147	0.568249	0.589011	0.561977	0.564752	0.511161	0.58213	0.592412	0.55683	0.574099	0.559647	0.560143	0.553869	0.515296	0.534856	0.533192	0.595774	0.563736	0.565956	0.598011	0.578273	0.570592	0.537796	0.559805	0.561276	0.549033	0.554725	0.570212	0.571585	0.536992	0.58338	0.590534	0.562747	0.555733	0.572836	0.504982	0.474787	0.573282	0.567308	0.539486	0.575598	0.553854	0.555098	0.543799	0.57626	0.561616	0.565524	0.528164	0.549465	0.552499	0.58831	0.581685	0.533661	0.468769	0.533049	0.569731	0.549465	0.580286	0.586554	0.533268	0.562816	0.553912	0.623106	0.572856	0.494741	0.575081	0.552499	0.517769	0.441702	0.506156	0.549762	0.602685	0.557956	0.623106	0.557741	0.529027	0.623952	0.543819	0.569757	0.569216	0.563564	0.546473	0.549465	0.552676	0.578915	0.564522	0.550494	0.52466	0.562315	0.5676	0.596722	0.569696	0.467898	0.550494	0.557911	0.551686	0.572071	0.558592	0.619728	0.551661	0.550845	0.537108	0.533661	0.575204	0.619728	0.536708	0.528327	0.556046	0.500681	0.565978	0.554882	0.553162	0.568626	0.569757	0.500116	0.552499	0.543994	0.500681	0.485422	0.485422	0.556046	0.565098	0.592425	0.56589	0.489426	0.550543	0.557741	0.533661	0.552499	0.495799	0.579911	0.639942	0.556046	0.539895	0.612504	0.580711	0.495799	0.500069	0.517769	0.536708	0.550494	0.639942	0.589983	0.57626	0.58048	0.601292	0.584463	0.573718	0.586046	0.531008	0.579911	0.564287	0.577035	0.533049	0.623106	0.564952	0.5983	0.586554	0.552676	0.634021	0.489631	0.543459	0.597179	0.568687	0.543184	0.552791	0.616652	0.580286	0.534619	0.623952	0.579039	0.634021	0.535736	0.575109	0.577966	0.552676	0.60027	0.58788	0.580286	0.581685	0.589983	0.562152	0.601264	0.549465	0.554931	0.564287	0.576594	0.586513	0.549465	0.586046	0.619728	0.551196	0.539895	0.581685	0.546609	0.551196	0.579911	0.553162	0.557807	0.565524	0.474472	0.557129	0.533646	0.557744	0.579911	0.526999	0.616652	0.549465	0.590596	0.590653	0.584463	0.584709	0.5711	0.546609	0.547039	0.533268	0.553552	0.56055	0.544144	0.569839	0.533661	0.555682	0.500069	0.550494	0.500897	0.533465	0.552499	0.568687	0.552024	0.608864	0.539895	0.52466	0.575204	0.574444	0.581685	0.57716	0.559247	0.473388	0.634021	0.528327	0.566513	0.56055	0.539895	0.562
36000	slope	-0.454484	-0.460893	-0.481498	-0.453084	-0.512316	-0.494	-0.434898	-0.443351	-0.488517	-0.494922	-0.497119	-0.464931	-0.506066	-0.427772	-0.428881	-0.471843	-0.446084	-0.507927	-0.475076	-0.480086	-0.449806	-0.487982	-0.488462	-0.47759	-0.466728	-0.48839	-0.494417	-0.516975	-0.495543	-0.476468	-0.483856	-0.495719	-0.475076	-0.49002	-0.422371	-0.447462	-0.506066	-0.457125	-0.491343	-0.46489	-0.476058	-0.483562	-0.468642	-0.486433	-0.494009	-0.500596	-0.488094	-0.513712	-0.478372	-0.498849	-0.44513	-0.427739	-0.499434	-0.473586	-0.50364	-0.470731	-0.484807	-0.444535	-0.49394	-0.493417	-0.463276	-0.491771	-0.431094	-0.493868	-0.49425	-0.506885	-0.469221	-0.449677	-0.441581	-0.485119	-0.512896	-0.488568	-0.502499	-0.45472	-0.505898	-0.521711	-0.46537	-0.494368	-0.427406	-0.505114	-0.50199	-0.491975	-0.486773	-0.403473	-0.5135	-0.487416	-0.437876	-0.50653	-0.510676	-0.433577	-0.498928	-0.466488	-0.447699	-0.506321	-0.445051	-0.503282	-0.506723	-0.50881	-0.466529	-0.468415	-0.45728	-0.488662	-0.486631	-0.481631	-0.49598	-0.472922	-0.509095	-0.486038	-0.469114	-0.486811	-0.445907	-0.48748	-0.458725	-0.459221	-0.395006	-0.479629	-0.433697	-0.453495	-0.475062	-0.492655	-0.454121	-0.450542	-0.46338	-0.464786	-0.454611	-0.483364	-0.486988	-0.503796	-0.48473	-0.468283	-0.488789	-0.442203	-0.489746	-0.475811	-0.446364	-0.502551	-0.427491	-0.434482	-0.474594	-0.466529	-0.509496	-0.505028	-0.453007	-0.440373	-0.465007	-0.476403	-0.446966	-0.462053	-0.454638	-0.455065	-0.479446	-0.478502	-0.459221	-0.461325	-0.474429	-0.48632	-0.500845	-0.469142	-0.466603	-0.511648	-0.530885	-0.501046	-0.483594	-0.452123	-0.456476	-0.433223	-0.460201	-0.46997	-0.48663	-0.488806	-0.466623	-0.498517	-0.458858	-0.46591	-0.489859	-0.457046	-0.486681	-0.412348	-0.469939	-0.409045	-0.468379	-0.50044	-0.509041	-0.464636	-0.382063	-0.475457	-0.450767	-0.482658	-0.474608	-0.465481	-0.480504	-0.492145	-0.493933	-0.503351	-0.464785	-0.414903	-0.483003	-0.455102	-0.461458	-0.460391	-0.457197	-0.490138	-0.485044	-0.472326	-0.463114	-0.500754	-0.487698	-0.471629	-0.477546	-0.3845	-0.45357	-0.461181	-0.400721	-0.460681	-0.479364	-0.486643	-0.492079	-0.48418	-0.442745	-0.392198	-0.460681	-0.468171	-0.486096	-0.500516	-0.481659	-0.459966	-0.503093	-0.506368	-0.462509	-0.479858	-0.538603	-0.435978	-0.392569	-0.515286	-0.436531	-0.481213	-0.380644	-0.460924	-0.528342	-0.45357	-0.486885	-0.478457	-0.481213	-0.496001	-0.399143	-0.49788	-0.418833	-0.482669	-0.498483	-0.456697	-0.446137	-0.511718	-0.450853	-0.380644	-0.440963	-0.506576	-0.533999	-0.492801	-0.456409	-0.473653	-0.490138	-0.514249	-0.471484	-0.449982	-0.43256	-0.477479	-0.494943	-0.49832	-0.506066	-0.462461	-0.506066	-0.48502	-0.466106	-0.449982	-0.433545	-0.362454	-0.428838	-0.492801	-0.50088	-0.494943	-0.468257	-0.538603	-0.457864	-0.42591	-0.527369	-0.457197	-0.456697	-0.475195	-0.494429	-0.513682	-0.503093	-0.45357	-0.40953	-0.48326	-0.457864	-0.457197	-0.500933	-0.434972	-0.461618	-0.514758	-0.525292	-0.491681	-0.389679	-0.449262	-0.468257	-0.486878	-0.536016	-0.418833	-0.490138	-0.410138	-0.374447	-0.472379	-0.472379	-0.482517	-0.45357	-0.507537	-0.490138	-0.478457	-0.397611	-0.415565	-0.528342	-0.423832	-0.494265	-0.395068	-0.514456	-0.510576	-0.492833	-0.420252	-0.480017	-0.457197	-0.486096	-0.486643	-0.523101	-0.492801	-0.483225	-0.500142	-0.435978	-0.491681	-0.485607	-0.494097	-0.487355	-0.503093	-0.396781	-0.507452	-0.456697	-0.492833	-0.506576	-0.456697	-0.48058	-0.492891	-0.507851	-0.52152	-0.465628	-0.500754	-0.528046	-0.411668	-0.483845	-0.48058	-0.506066	-0.468896	-0.385993	-0.418833	-0.503899	-0.506066	-0.472379	-0.428838	-0.472379	-0.446795	-0.410138	-0.492079	-0.490921	-0.497707	-0.514249	-0.506576	-0.472379	-0.444224	-0.505861	-0.457473	-0.533999	-0.372999	-0.466106	-0.45357	-0.480017	-0.37797	-0.45357	-0.449982	-0.492833	-0.467333	-0.55496	-0.506576	-0.45357	-0.514249	-0.426259	-0.407804	-0.380644	-0.464787	-0.500142	-0.48326	-0.496001	-0.515177
36000	intercept	0.525799	0.506427	0.57634	0.491819	0.55412	0.543643	0.569718	0.512695	0.558288	0.570682	0.570158	0.547261	0.512776	0.515084	0.526669	0.566751	0.51237	0.548651	0.569645	0.582993	0.479525	0.552559	0.580776	0.553232	0.536091	0.57423	0.57293	0.536759	0.55275	0.552584	0.543348	0.542412	0.521911	0.566702	0.512061	0.545952	0.531784	0.562735	0.543375	0.570969	0.548953	0.559609	0.517194	0.569151	0.564374	0.535222	0.548389	0.563657	0.554726	0.629886	0.564533	0.50439	0.543824	0.579443	0.549594	0.552448	0.619781	0.587065	0.547795	0.572012	0.579602	0.539211	0.510911	0.552578	0.57691	0.545022	0.543955	0.554859	0.499565	0.548025	0.56254	0.562811	0.543273	0.564599	0.557308	0.556947	0.518523	0.531437	0.531058	0.581153	0.616226	0.570533	0.550294	0.491272	0.543772	0.545931	0.513036	0.566824	0.536493	0.51187	0.578616	0.563219	0.559439	0.541413	0.540465	0.574254	0.544348	0.561098	0.543074	0.567822	0.56572	0.560567	0.573965	0.532862	0.582319	0.584349	0.560001	0.557484	0.567665	0.552254	0.54312	0.610143	0.525836	0.545886	0.457558	0.557782	0.519787	0.586832	0.57987	0.603804	0.562737	0.554175	0.572749	0.559074	0.536351	0.535155	0.541081	0.545583	0.568984	0.521714	0.575216	0.538179	0.566508	0.540004	0.573623	0.608759	0.529727	0.548052	0.587828	0.544704	0.614069	0.61575	0.530801	0.54877	0.566641	0.577352	0.504943	0.600587	0.573716	0.495141	0.550333	0.554209	0.557858	0.517012	0.585938	0.561391	0.551581	0.526395	0.572166	0.595945	0.563192	0.558907	0.570252	0.582289	0.568039	0.514518	0.577001	0.552294	0.566935	0.572637	0.507735	0.548065	0.52989	0.585593	0.55818	0.526746	0.569607	0.496168	0.533779	0.521216	0.562932	0.543902	0.559334	0.569453	0.470008	0.559347	0.541916	0.550294	0.56996	0.580387	0.550725	0.569125	0.55812	0.626228	0.53331	0.509494	0.565484	0.537844	0.535412	0.537643	0.54776	0.567938	0.580472	0.576345	0.552941	0.531429	0.542798	0.558435	0.551077	0.477285	0.559171	0.555682	0.446193	0.572529	0.545678	0.562271	0.558345	0.512122	0.540686	0.448701	0.572529	0.555542	0.583738	0.525038	0.567938	0.513306	0.562271	0.509178	0.565937	0.55715	0.547948	0.525428	0.457188	0.547948	0.546628	0.553898	0.452986	0.587969	0.547948	0.555682	0.551077	0.571877	0.558403	0.583738	0.471147	0.542558	0.548056	0.506223	0.539205	0.56726	0.570918	0.550452	0.536156	0.452986	0.491167	0.557788	0.574491	0.562611	0.495826	0.526598	0.591902	0.567645	0.522128	0.587969	0.505985	0.558403	0.614358	0.542558	0.525038	0.569958	0.525038	0.580461	0.555542	0.593918	0.558933	0.452986	0.469754	0.562611	0.525038	0.626642	0.532289	0.547948	0.557519	0.572529	0.647164	0.540686	0.566716	0.533772	0.525656	0.649174	0.562271	0.559171	0.481034	0.592084	0.552375	0.540686	0.557525	0.484054	0.542129	0.550369	0.574491	0.534753	0.478766	0.557519	0.536156	0.565307	0.537638	0.545011	0.591902	0.477414	0.46125	0.578243	0.592343	0.55397	0.560671	0.530908	0.591902	0.571877	0.484377	0.497169	0.547948	0.532148	0.517321	0.446193	0.564578	0.614358	0.552091	0.450212	0.607998	0.540686	0.583738	0.562271	0.545415	0.562611	0.556362	0.562205	0.514061	0.540454	0.58619	0.578111	0.571877	0.562271	0.444266	0.561227	0.56726	0.550899	0.557788	0.56726	0.580405	0.616043	0.532396	0.568037	0.552594	0.54704	0.553478	0.483559	0.548657	0.580405	0.525038	0.605791	0.493567	0.542878	0.542129	0.525038	0.578243	0.469754	0.57266	0.565937	0.48605	0.564202	0.548657	0.566595	0.567645	0.557788	0.589669	0.584195	0.504181	0.547239	0.553478	0.494598	0.555542	0.552941	0.607998	0.447302	0.552941	0.593918	0.563087	0.544621	0.595328	0.557788	0.560671	0.567208	0.538733	0.494182	0.452986	0.495826	0.562205	0.592084	0.563177	0.540387
37000	slope	-0.448589	-0.446731	-0.422125	-0.491138	-0.446386	-0.494289	-0.486431	-0.499894	-0.50291	-0.499972	-0.432422	-0.476907	-0.469133	-0.491077	-0.470595	-0.507146	-0.46567	-0.487798	-0.506091	-0.462418	-0.461791	-0.471043	-0.464496	-0.441132	-0.484219	-0.477844	-0.45191	-0.457353	-0.478405	-0.463669	-0.438843	-0.504106	-0.445895	-0.492108	-0.444973	-0.439616	-0.469409	-0.458384	-0.492297	-0.465509	-0.495537	-0.470926	-0.471125	-0.507261	-0.502696	-0.487156	-0.450519	-0.453822	-0.484906	-0.413621	-0.464887	-0.458366	-0.466133	-0.482374	-0.485621	-0.430557	-0.42782	-0.435676	-0.466338	-0.476253	-0.473813	-0.481686	-0.502128	-0.458957	-0.496953	-0.445269	-0.433747	-0.404603	-0.455843	-0.481846	-0.480282	-0.458442	-0.474268	-0.481306	-0.455711	-0.514854	-0.472322	-0.465904	-0.45311	-0.464494	-0.522165	-0.471891	-0.512768	-0.47042	-0.443474	-0.443653	-0.46443	-0.493962	-0.460666	-0.477644	-0.443168	-0.486611	-0.488491	-0.492262	-0.472365	-0.507992	-0.495026	-0.472464	-0.410726	-0.474914	-0.448504	-0.502925	-0.442282	-0.442101	-0.483642	-0.458075	-0.480555	-0.444758	-0.497714	-0.456607	-0.4625	-0.521425	-0.478929	-0.522809	-0.442734	-0.416409	-0.453406	-0.478154	-0.424482	-0.4473	-0.465979	-0.465148	-0.446696	-0.521998	-0.427001	-0.477044	-0.468391	-0.475855	-0.462424	-0.432695	-0.482641	-0.473695	-0.475215	-0.484609	-0.460255	-0.444538	-0.486156	-0.48368	-0.488867	-0.427101	-0.474823	-0.536247	-0.503989	-0.477232	-0.455389	-0.500494	-0.436684	-0.491589	-0.453776	-0.475341	-0.505718	-0.468283	-0.497724	-0.460053	-0.490414	-0.456788	-0.472538	-0.488663	-0.488412	-0.475145	-0.437702	-0.485061	-0.503335	-0.495787	-0.52485	-0.49961	-0.470217	-0.482173	-0.467243	-0.540731	-0.504076	-0.396077	-0.493796	-0.498669	-0.467051	-0.50526	-0.461302	-0.45005	-0.457972	-0.512884	-0.463936	-0.475386	-0.419708	-0.481304	-0.468164	-0.489278	-0.465573	-0.455288	-0.507102	-0.43305	-0.489868	-0.478946	-0.464672	-0.47214	-0.470978	-0.448594	-0.489982	-0.43549	-0.477498	-0.494066	-0.356021	-0.479011	-0.513758	-0.456718	-0.467492	-0.454982	-0.422557	-0.492644	-0.419009	-0.450283	-0.445209	-0.5013	-0.447223	-0.42682	-0.501103	-0.452976	-0.417168	-0.493458	-0.454195	-0.500324	-0.442834	-0.450283	-0.454457	-0.504182	-0.454418	-0.465232	-0.456596	-0.414658	-0.454418	-0.514673	-0.478481	-0.450283	-0.502221	-0.500908	-0.441162	-0.499088	-0.454636	-0.402039	-0.479467	-0.422557	-0.495375	-0.466783	-0.516808	-0.50272	-0.414617	-0.445209	-0.493458	-0.416696	-0.402039	-0.511545	-0.422805	-0.51561	-0.465232	-0.454283	-0.450592	-0.549058	-0.402039	-0.422557	-0.501103	-0.51535	-0.522579	-0.466145	-0.479843	-0.465232	-0.482355	-0.508538	-0.489175	-0.47193	-0.493313	-0.495872	-0.48358	-0.549058	-0.46248	-0.418386	-0.477281	-0.51229	-0.470431	-0.501534	-0.475483	-0.479068	-0.489535	-0.487345	-0.546274	-0.478481	-0.51561	-0.453898	-0.419009	-0.4851	-0.445209	-0.459545	-0.466264	-0.45788	-0.477281	-0.357755	-0.457318	-0.447865	-0.472931	-0.416845	-0.512075	-0.476221	-0.495941	-0.511545	-0.453676	-0.495872	-0.492644	-0.549058	-0.445464	-0.452134	-0.454418	-0.424775	-0.445877	-0.454457	-0.541982	-0.478795	-0.417168	-0.480992	-0.50184	-0.496762	-0.501103	-0.488071	-0.420489	-0.495872	-0.454283	-0.519403	-0.478481	-0.456596	-0.50184	-0.483066	-0.466226	-0.506678	-0.45788	-0.487345	-0.491266	-0.501534	-0.480883	-0.451788	-0.474641	-0.419009	-0.486764	-0.504182	-0.456404	-0.474641	-0.447807	-0.497855	-0.48289	-0.501103	-0.512075	-0.477023	-0.438116	-0.45788	-0.473345	-0.447865	-0.501103	-0.499619	-0.436179	-0.402039	-0.493458	-0.5013	-0.483066	-0.490601	-0.506931	-0.479467	-0.516808	-0.549058	-0.487082	-0.418386	-0.4847	-0.444035	-0.491902	-0.379038	-0.422805	-0.410024	-0.449327	-0.495872	-0.411323	-0.472114	-0.516808	-0.504182	-0.402467	-0.481014	-0.497478	-0.434399	-0.487462	-0.476951	-0.499619	-0.45788	-0.463549	-0.442834	-0.470431	-0.426529	-0.442731	-0.487462	-0.454457	-0.388347	-0.418014	-0.503181	-0.478936	-0.500908	-0.450804	-0.549058
37000	intercept	0.548567	0.510861	0.52925	0.551616	0.558184	0.593625	0.596452	0.570106	0.57476	0.568985	0.558891	0.575839	0.578059	0.606481	0.575967	0.568745	0.574957	0.54543	0.553569	0.572538	0.553714	0.568879	0.582855	0.542735	0.581534	0.580106	0.559595	0.527701	0.537951	0.600548	0.556156	0.567704	0.610102	0.575491	0.537932	0.546946	0.556261	0.549989	0.593464	0.572787	0.548817	0.578917	0.583483	0.559277	0.596185	0.579518	0.566335	0.544848	0.566514	0.510896	0.552189	0.553997	0.571904	0.595885	0.574059	0.52039	0.54078	0.524148	0.560523	0.532791	0.513159	0.560996	0.557225	0.564973	0.552471	0.590915	0.538924	0.500806	0.527432	0.555061	0.578539	0.535596	0.585037	0.578212	0.581978	0.573846	0.590078	0.556659	0.496498	0.541032	0.555504	0.553135	0.556246	0.53605	0.520204	0.481012	0.586106	0.55949	0.556993	0.559383	0.541121	0.558395	0.568197	0.615644	0.582066	0.555573	0.566236	0.556799	0.508247	0.549694	0.568561	0.5868	0.493292	0.546679	0.576272	0.513189	0.564952	0.549565	0.570324	0.558991	0.5499	0.564111	0.530104	0.585022	0.534947	0.503549	0.542566	0.542048	0.551783	0.534192	0.542484	0.561801	0.563596	0.573485	0.519471	0.590921	0.540436	0.575274	0.592882	0.521712	0.533148	0.559176	0.551965	0.570739	0.558473	0.521064	0.57404	0.553281	0.578334	0.549408	0.512571	0.584537	0.575814	0.522664	0.521634	0.547443	0.539703	0.573026	0.533253	0.564344	0.582515	0.537963	0.52266	0.544882	0.583425	0.614049	0.584633	0.578528	0.578202	0.5869	0.5755	0.575796	0.554288	0.539678	0.600758	0.540894	0.572348	0.617049	0.544571	0.57185	0.585919	0.509106	0.586337	0.564971	0.545698	0.578931	0.560488	0.525376	0.543286	0.581196	0.589519	0.551524	0.448348	0.570715	0.559323	0.608616	0.529204	0.569089	0.573794	0.543355	0.567269	0.571811	0.548078	0.58627	0.569706	0.564886	0.531734	0.522006	0.573026	0.557221	0.477743	0.555195	0.572721	0.570793	0.513724	0.545873	0.534978	0.605152	0.49682	0.559461	0.514762	0.631055	0.558417	0.535566	0.540894	0.56806	0.543243	0.559856	0.567409	0.553779	0.551733	0.535502	0.553565	0.51934	0.603221	0.582544	0.546763	0.511163	0.603221	0.609249	0.59035	0.530992	0.559331	0.594004	0.55038	0.632712	0.557322	0.473656	0.604442	0.534978	0.557221	0.535706	0.557229	0.544627	0.473748	0.495601	0.559856	0.451533	0.473656	0.522099	0.472945	0.632708	0.573865	0.602806	0.603221	0.607389	0.473656	0.534978	0.540894	0.60241	0.633444	0.604049	0.582972	0.574098	0.568779	0.561803	0.553869	0.570269	0.605455	0.570579	0.557221	0.607389	0.556461	0.533533	0.576951	0.561685	0.582544	0.628093	0.557221	0.575237	0.569807	0.569807	0.58957	0.597693	0.632708	0.604859	0.495087	0.562904	0.495601	0.568779	0.58403	0.585367	0.576951	0.477743	0.498237	0.543342	0.547545	0.423751	0.657371	0.571912	0.552272	0.545362	0.545873	0.570579	0.568294	0.607389	0.52531	0.547157	0.603221	0.52925	0.423751	0.553565	0.549584	0.592497	0.543243	0.562128	0.615059	0.584118	0.540894	0.562449	0.529564	0.570579	0.602806	0.589686	0.597693	0.546763	0.608909	0.580251	0.55757	0.514335	0.585367	0.569807	0.519115	0.621074	0.584641	0.624877	0.584903	0.498246	0.594788	0.514335	0.532822	0.601322	0.58425	0.559856	0.568262	0.540894	0.64325	0.576281	0.544039	0.585367	0.584423	0.543342	0.540894	0.556419	0.58425	0.473656	0.559856	0.615059	0.580251	0.559331	0.556852	0.604442	0.557229	0.607389	0.571686	0.533533	0.512929	0.542943	0.582456	0.473774	0.45675	0.535942	0.573973	0.570579	0.456529	0.607158	0.557229	0.51934	0.473656	0.540454	0.540894	0.547157	0.571869	0.574973	0.542676	0.585367	0.547545	0.551733	0.580776	0.535847	0.574001	0.571869	0.553565	0.512197	0.519472	0.560446	0.555195	0.594004	0.58425	0.607389
38000	slope	-0.465992	-0.450382	-0.495153	-0.470542	-0.483523	-0.438489	-0.470641	-0.47072	-0.476303	-0.476879	-0.504131	-0.488404	-0.499235	-0.501345	-0.472687	-0.513253	-0.473001	-0.483914	-0.495635	-0.448194	-0.462664	-0.44169	-0.468653	-0.427508	-0.467794	-0.486677	-0.469154	-0.476581	-0.449142	-0.482034	-0.484771	-0.503987	-0.451832	-0.483268	-0.43748	-0.474751	-0.510035	-0.516668	-0.481829	-0.502401	-0.472081	-0.463003	-0.487087	-0.44733	-0.491012	-0.481548	-0.570198	-0.462928	-0.464119	-0.505327	-0.483055	-0.491866	-0.490687	-0.504569	-0.424651	-0.510063	-0.498479	-0.481179	-0.491662	-0.443878	-0.476331	-0.492992	-0.465904	-0.532435	-0.506284	-0.501082	-0.500431	-0.483017	-0.490467	-0.475211	-0.448723	-0.494661	-0.493377	-0.507353	-0.449961	-0.451962	-0.486854	-0.495926	-0.460424	-0.464954	-0.482846	-0.489989	-0.488265	-0.484941	-0.465202	-0.450279	-0.456323	-0.475668	-0.453965	-0.443765	-0.498167	-0.444002	-0.498082	-0.44978	-0.474898	-0.475569	-0.473814	-0.478249	-0.512709	-0.448503	-0.489089	-0.449751	-0.477032	-0.491402	-0.472026	-0.482911	-0.435605	-0.491219	-0.457132	-0.444002	-0.522078	-0.459212	-0.490913	-0.442322	-0.492714	-0.465804	-0.477501	-0.452336	-0.477042	-0.479794	-0.543416	-0.450328	-0.442765	-0.457713	-0.482698	-0.470919	-0.489157	-0.465494	-0.454186	-0.481938	-0.494977	-0.460318	-0.471168	-0.481062	-0.477755	-0.469343	-0.472344	-0.484455	-0.46023	-0.441674	-0.502459	-0.44735	-0.445196	-0.449159	-0.534122	-0.495439	-0.460437	-0.44706	-0.489123	-0.462285	-0.483091	-0.469677	-0.460881	-0.470756	-0.463891	-0.44677	-0.503807	-0.445689	-0.436645	-0.508277	-0.47798	-0.457462	-0.516538	-0.47844	-0.493639	-0.488579	-0.463457	-0.482271	-0.487666	-0.446346	-0.478427	-0.442207	-0.496405	-0.441264	-0.475633	-0.479384	-0.494311	-0.478157	-0.447723	-0.439453	-0.458398	-0.476909	-0.47532	-0.473685	-0.514332	-0.502564	-0.440453	-0.470729	-0.517324	-0.482288	-0.510038	-0.493555	-0.517754	-0.506181	-0.465067	-0.456449	-0.422135	-0.477955	-0.476819	-0.45896	-0.527162	-0.50043	-0.41037	-0.433926	-0.415563	-0.482309	-0.496489	-0.53171	-0.474429	-0.45231	-0.473452	-0.520572	-0.451631	-0.503315	-0.461762	-0.529172	-0.442092	-0.478259	-0.49642	-0.506921	-0.430141	-0.427296	-0.49336	-0.456185	-0.480353	-0.490839	-0.496083	-0.552536	-0.51114	-0.506112	-0.473747	-0.491368	-0.441453	-0.485876	-0.464216	-0.39339	-0.473298	-0.449149	-0.497355	-0.538053	-0.472411	-0.509546	-0.47605	-0.456212	-0.430141	-0.51312	-0.549058	-0.492357	-0.530106	-0.47605	-0.48312	-0.450233	-0.439453	-0.529949	-0.473452	-0.473458	-0.463495	-0.433709	-0.502937	-0.47605	-0.42892	-0.421392	-0.463495	-0.436036	-0.444664	-0.47605	-0.529144	-0.473747	-0.47727	-0.51312	-0.48586	-0.491023	-0.473747	-0.435249	-0.500533	-0.433709	-0.549058	-0.430141	-0.49565	-0.468596	-0.500025	-0.463495	-0.530431	-0.495264	-0.502937	-0.463495	-0.421392	-0.505864	-0.50043	-0.538631	-0.466965	-0.46539	-0.448252	-0.466965	-0.47727	-0.522903	-0.47304	-0.480353	-0.439453	-0.516251	-0.492308	-0.47605	-0.482322	-0.527581	-0.449149	-0.5221	-0.452522	-0.517427	-0.427296	-0.47605	-0.501287	-0.490858	-0.446155	-0.450233	-0.520138	-0.496695	-0.510357	-0.502948	-0.48655	-0.523156	-0.476562	-0.439453	-0.51114	-0.47605	-0.439453	-0.465797	-0.449149	-0.457347	-0.456212	-0.418223	-0.463769	-0.429516	-0.473452	-0.415563	-0.464635	-0.433547	-0.560199	-0.498886	-0.49642	-0.512402	-0.523156	-0.47605	-0.48655	-0.454129	-0.463769	-0.417958	-0.430141	-0.506921	-0.520572	-0.439453	-0.49715	-0.42223	-0.49642	-0.506112	-0.469682	-0.433709	-0.490858	-0.466965	-0.452522	-0.468113	-0.418236	-0.446155	-0.490094	-0.452643	-0.468113	-0.435249	-0.497997	-0.472411	-0.468113	-0.47909	-0.497216	-0.452522	-0.491368	-0.49336	-0.468113	-0.446155	-0.449465	-0.432306	-0.549058	-0.456628	-0.48527	-0.48655	-0.569405	-0.48655	-0.51114	-0.496588	-0.473452	-0.446155	-0.468424	-0.509045	-0.488016	-0.495982	-0.491023	-0.453519	-0.474429	-0.493464	-0.463495	-0.496083	-0.487475	-0.520572
38000	intercept	0.564936	0.539887	0.567021	0.527067	0.575498	0.538617	0.558132	0.526855	0.524162	0.533083	0.548328	0.5758	0.561406	0.581738	0.564949	0.548907	0.538656	0.546709	0.552439	0.567662	0.525563	0.531507	0.529773	0.524874	0.551654	0.557706	0.564211	0.573211	0.540694	0.534727	0.556601	0.590227	0.554651	0.554496	0.517023	0.547295	0.592858	0.564567	0.590463	0.539685	0.563881	0.564175	0.587273	0.517316	0.548074	0.570287	0.60277	0.556433	0.550097	0.559618	0.579757	0.540695	0.547962	0.557035	0.522004	0.553064	0.54191	0.532954	0.570543	0.561824	0.548962	0.571481	0.527828	0.583058	0.559247	0.554422	0.565516	0.583176	0.547654	0.571188	0.557406	0.560119	0.550833	0.618283	0.561823	0.530966	0.59838	0.556729	0.559713	0.562687	0.531949	0.566761	0.53403	0.531655	0.52839	0.552177	0.530295	0.538401	0.543723	0.502957	0.532513	0.561824	0.549577	0.529233	0.543136	0.548362	0.55031	0.580037	0.554034	0.571916	0.580768	0.560183	0.564323	0.551672	0.530547	0.56241	0.534914	0.560186	0.600955	0.556881	0.576439	0.538651	0.54187	0.490753	0.540833	0.566631	0.548309	0.585632	0.580531	0.536316	0.576875	0.546782	0.504092	0.523937	0.587584	0.570399	0.543374	0.522838	0.572947	0.5659	0.565207	0.55969	0.559681	0.55777	0.537282	0.548472	0.526971	0.523419	0.541378	0.547496	0.576422	0.538609	0.511789	0.522256	0.613174	0.56759	0.514581	0.540973	0.546007	0.528985	0.54252	0.550092	0.544393	0.530217	0.561528	0.513154	0.565573	0.515518	0.573339	0.570443	0.579901	0.542778	0.577104	0.531217	0.532325	0.578075	0.595374	0.560887	0.554127	0.550223	0.525537	0.556844	0.531225	0.537862	0.53944	0.529589	0.561831	0.557824	0.504231	0.499582	0.526723	0.583082	0.539787	0.542767	0.566965	0.571621	0.499789	0.579148	0.577714	0.547238	0.580052	0.549062	0.552257	0.51075	0.520206	0.544923	0.545897	0.553002	0.532482	0.581193	0.52803	0.511433	0.561185	0.542408	0.545426	0.584465	0.531845	0.618478	0.539641	0.604342	0.56759	0.575547	0.504735	0.543381	0.538398	0.570173	0.525675	0.558251	0.517908	0.607197	0.565094	0.478548	0.517782	0.530416	0.556203	0.54184	0.552481	0.594052	0.55117	0.557956	0.555958	0.604803	0.504735	0.573252	0.51214	0.555865	0.53068	0.562461	0.524493	0.5719	0.559029	0.557962	0.566643	0.577522	0.565094	0.584465	0.603947	0.564855	0.539341	0.566643	0.568441	0.579876	0.504321	0.589392	0.56759	0.569483	0.533292	0.609753	0.538478	0.513906	0.494348	0.578306	0.533292	0.504321	0.521098	0.53068	0.5633	0.56286	0.575719	0.584465	0.51689	0.557674	0.552577	0.50342	0.548041	0.607788	0.603947	0.565094	0.543056	0.538398	0.552396	0.533292	0.586238	0.577376	0.539341	0.555697	0.56059	0.557674	0.511433	0.558122	0.52906	0.51689	0.549758	0.52906	0.575719	0.53188	0.529302	0.556203	0.504321	0.547597	0.58646	0.527	0.539261	0.538027	0.548408	0.528059	0.549166	0.575225	0.477967	0.539408	0.557674	0.551675	0.573917	0.564659	0.586238	0.552481	0.538322	0.557674	0.535081	0.624749	0.510499	0.504321	0.546111	0.527	0.50342	0.526013	0.548408	0.50342	0.577522	0.511478	0.513217	0.504708	0.56759	0.545426	0.535081	0.507972	0.606743	0.573483	0.517908	0.580314	0.614475	0.505718	0.535081	0.535081	0.521697	0.591365	0.565094	0.605262	0.575547	0.504321	0.571422	0.503552	0.517908	0.557956	0.601535	0.607788	0.551675	0.535081	0.549166	0.5851	0.571135	0.573917	0.553468	0.531993	0.591957	0.488171	0.547582	0.559029	0.591957	0.533844	0.581626	0.549166	0.609512	0.506191	0.5851	0.573917	0.504735	0.547545	0.603947	0.50342	0.529913	0.535081	0.598107	0.535081	0.566488	0.540116	0.56759	0.598581	0.54533	0.57105	0.56335	0.573893	0.557674	0.567478	0.539641	0.566499	0.533292	0.537137	0.544907	0.568365
39000	slope	-0.483146	-0.50899	-0.486349	-0.46564	-0.470336	-0.51796	-0.517683	-0.44764	-0.474372	-0.490599	-0.534874	-0.524769	-0.526661	-0.465286	-0.484861	-0.484764	-0.501784	-0.490636	-0.482102	-0.46133	-0.456347	-0.510493	-0.466615	-0.551203	-0.482694	-0.464751	-0.456823	-0.545586	-0.519035	-0.453513	-0.506415	-0.505338	-0.457138	-0.501035	-0.467037	-0.46177	-0.50343	-0.496532	-0.452824	-0.502149	-0.509551	-0.450491	-0.480688	-0.457536	-0.49094	-0.525205	-0.489277	-0.479326	-0.54983	-0.489988	-0.482678	-0.443513	-0.456801	-0.519426	-0.560699	-0.485455	-0.483755	-0.494589	-0.478545	-0.486024	-0.533791	-0.470599	-0.465391	-0.429686	-0.488987	-0.513739	-0.509175	-0.538996	-0.504949	-0.463591	-0.464009	-0.479176	-0.459953	-0.478207	-0.420828	-0.511581	-0.432171	-0.518198	-0.46334	-0.508092	-0.465647	-0.527596	-0.499393	-0.488846	-0.534483	-0.516124	-0.472142	-0.458967	-0.550171	-0.465958	-0.479567	-0.506543	-0.468697	-0.522952	-0.483867	-0.457224	-0.466161	-0.523994	-0.493592	-0.568851	-0.524413	-0.57104	-0.493751	-0.455895	-0.480383	-0.484699	-0.491052	-0.532416	-0.495285	-0.456644	-0.528313	-0.448556	-0.534086	-0.525837	-0.478966	-0.508382	-0.456285	-0.499613	-0.520209	-0.475983	-0.465904	-0.499398	-0.445169	-0.480456	-0.457368	-0.467622	-0.462787	-0.493132	-0.444069	-0.523894	-0.459028	-0.440917	-0.50089	-0.460361	-0.492336	-0.509744	-0.434721	-0.489116	-0.496174	-0.55591	-0.478806	-0.45828	-0.446805	-0.442275	-0.481585	-0.491222	-0.482251	-0.533453	-0.470876	-0.560784	-0.458232	-0.496776	-0.456142	-0.492235	-0.503119	-0.459264	-0.508281	-0.48941	-0.46772	-0.474018	-0.474951	-0.476954	-0.458237	-0.448068	-0.483417	-0.471351	-0.503488	-0.572566	-0.506376	-0.480641	-0.46388	-0.464786	-0.50903	-0.48317	-0.511581	-0.4672	-0.518177	-0.527965	-0.522375	-0.453557	-0.499297	-0.477145	-0.534735	-0.419095	-0.534405	-0.48591	-0.479283	-0.510773	-0.499632	-0.463683	-0.486989	-0.49591	-0.456535	-0.490257	-0.492172	-0.507469	-0.502259	-0.542436	-0.453501	-0.477117	-0.490905	-0.488297	-0.435	-0.525415	-0.590109	-0.571287	-0.554412	-0.529953	-0.446112	-0.461152	-0.496554	-0.485233	-0.459469	-0.449377	-0.579888	-0.435	-0.479059	-0.444263	-0.456131	-0.527763	-0.451049	-0.508151	-0.484238	-0.536183	-0.610559	-0.424037	-0.474609	-0.396472	-0.531289	-0.583902	-0.456898	-0.44123	-0.467752	-0.462427	-0.507702	-0.544019	-0.47117	-0.534423	-0.456745	-0.436657	-0.567819	-0.478206	-0.456745	-0.477204	-0.42224	-0.467425	-0.459664	-0.433852	-0.532994	-0.532213	-0.469146	-0.476074	-0.387152	-0.53008	-0.575505	-0.459469	-0.48427	-0.456745	-0.476904	-0.476904	-0.490905	-0.495228	-0.459034	-0.49265	-0.476074	-0.426749	-0.521725	-0.464064	-0.433029	-0.446112	-0.534325	-0.559187	-0.422643	-0.44651	-0.534325	-0.532994	-0.579939	-0.507995	-0.522019	-0.519771	-0.436865	-0.52661	-0.463396	-0.452154	-0.491173	-0.591957	-0.53078	-0.456745	-0.466694	-0.510629	-0.425257	-0.450816	-0.544019	-0.47017	-0.446112	-0.424348	-0.478206	-0.590109	-0.456816	-0.433841	-0.576796	-0.441417	-0.590109	-0.480009	-0.488297	-0.455795	-0.396472	-0.435	-0.567819	-0.519771	-0.42854	-0.554412	-0.450429	-0.455795	-0.449544	-0.464614	-0.449196	-0.430537	-0.508772	-0.478236	-0.537691	-0.45071	-0.456185	-0.42854	-0.468411	-0.464785	-0.424287	-0.437829	-0.507702	-0.419967	-0.42854	-0.478077	-0.441185	-0.507702	-0.596485	-0.4232	-0.512914	-0.457926	-0.424348	-0.534325	-0.434154	-0.532994	-0.462637	-0.585336	-0.450816	-0.432204	-0.464899	-0.501601	-0.537048	-0.4232	-0.545049	-0.432204	-0.444283	-0.623845	-0.456185	-0.437165	-0.439262	-0.445118	-0.467425	-0.464146	-0.446772	-0.49241	-0.447205	-0.506928	-0.418626	-0.425361	-0.522019	-0.422643	-0.534325	-0.561732	-0.450816	-0.483542	-0.491846	-0.443767	-0.532994	-0.455469	-0.507702	-0.466965	-0.586897	-0.480161	-0.487062	-0.510629	-0.55838	-0.447692	-0.460602	-0.510629	-0.499075	-0.503407	-0.449716	-0.494784	-0.470095	-0.47017	-0.47017	-0.517126	-0.456396	-0.450816	-0.449544	-0.507702	-0.446353	-0.48427
39000	intercept	0.548319	0.610772	0.531145	0.560877	0.561856	0.548341	0.582482	0.492865	0.569153	0.576918	0.593434	0.606528	0.575991	0.524887	0.525167	0.579088	0.587674	0.552127	0.511794	0.549437	0.536745	0.579004	0.562822	0.614102	0.548801	0.538889	0.571257	0.627741	0.603301	0.593211	0.569694	0.579109	0.536253	0.572513	0.575198	0.537854	0.604503	0.576294	0.538467	0.611263	0.607092	0.579395	0.572606	0.525911	0.544834	0.562106	0.575361	0.518561	0.608484	0.558377	0.597397	0.53966	0.551358	0.577843	0.606465	0.550774	0.565835	0.569058	0.545807	0.605918	0.577491	0.550888	0.520792	0.550506	0.588513	0.612233	0.582952	0.596166	0.600704	0.577909	0.53709	0.594791	0.564847	0.562883	0.582298	0.568347	0.531305	0.613825	0.582572	0.556578	0.594086	0.564128	0.579476	0.567062	0.563887	0.579393	0.555204	0.54148	0.587331	0.57948	0.555043	0.610151	0.561101	0.588859	0.568133	0.555951	0.540729	0.568469	0.537859	0.629779	0.565766	0.635477	0.582321	0.559498	0.573084	0.57206	0.566515	0.606324	0.568134	0.515296	0.563507	0.556808	0.605486	0.603134	0.556311	0.538756	0.528293	0.584169	0.606495	0.573415	0.538467	0.600855	0.549003	0.575308	0.513832	0.548187	0.573535	0.554651	0.569447	0.578988	0.549758	0.566357	0.545482	0.575671	0.551834	0.572075	0.552662	0.548157	0.526528	0.616499	0.536334	0.577909	0.539952	0.55075	0.550411	0.555709	0.585887	0.577369	0.561805	0.623413	0.514843	0.580672	0.575613	0.574153	0.584663	0.509956	0.55752	0.554257	0.591602	0.565439	0.512497	0.53724	0.571747	0.563981	0.591765	0.592954	0.574535	0.62047	0.566172	0.574967	0.603253	0.552911	0.5917	0.547039	0.565562	0.528024	0.575569	0.594054	0.621199	0.56113	0.54219	0.555208	0.585989	0.577725	0.615493	0.550866	0.568347	0.572802	0.567098	0.547805	0.535383	0.527399	0.583731	0.54557	0.555115	0.544378	0.588368	0.622399	0.516402	0.567326	0.549166	0.577785	0.580353	0.636712	0.612895	0.623391	0.631254	0.605124	0.592371	0.508134	0.545608	0.558972	0.571133	0.569454	0.639653	0.583299	0.5394	0.539781	0.491514	0.608841	0.533164	0.591097	0.531988	0.565528	0.621443	0.50455	0.558972	0.600901	0.605604	0.635957	0.522829	0.571166	0.576987	0.538211	0.600361	0.626933	0.557337	0.616866	0.540122	0.555463	0.63648	0.499709	0.540122	0.570226	0.53027	0.54754	0.571133	0.508904	0.625382	0.553301	0.569104	0.54993	0.592783	0.608841	0.635957	0.571133	0.575014	0.540122	0.576026	0.576026	0.549166	0.558972	0.570226	0.58223	0.562116	0.558031	0.529795	0.612929	0.589969	0.592371	0.562727	0.622667	0.519448	0.519187	0.562727	0.6102	0.62461	0.57603	0.581867	0.566437	0.539781	0.641603	0.508242	0.552708	0.535717	0.614232	0.562727	0.540122	0.504768	0.568806	0.543759	0.529987	0.607045	0.55831	0.592371	0.538516	0.499709	0.620829	0.491514	0.558148	0.629322	0.531323	0.610424	0.516026	0.576987	0.552216	0.587174	0.580353	0.639622	0.550778	0.547091	0.631254	0.527426	0.562185	0.577013	0.491514	0.564804	0.528454	0.546844	0.493745	0.562727	0.539221	0.509506	0.543323	0.520516	0.499648	0.550514	0.514515	0.602564	0.488479	0.547091	0.525002	0.596506	0.602564	0.620829	0.581131	0.568661	0.490053	0.538516	0.562727	0.571166	0.625382	0.509144	0.624383	0.527426	0.57453	0.59068	0.514952	0.631483	0.581131	0.60473	0.56848	0.491514	0.612728	0.500462	0.539781	0.541736	0.540399	0.539974	0.533619	0.564061	0.561169	0.493884	0.545608	0.577898	0.580933	0.581867	0.519448	0.561485	0.620716	0.527426	0.610916	0.615477	0.558622	0.6102	0.500462	0.602564	0.536812	0.639653	0.576694	0.559964	0.568806	0.622667	0.491514	0.529858	0.568806	0.530199	0.547465	0.549946	0.610493	0.525002	0.55831	0.560155	0.570635	0.575883	0.527426	0.577013	0.602564	0.571133	0.592252
40000	slope	-0.464292	-0.466316	-0.502742	-0.474992	-0.469127	-0.446917	-0.453305	-0.498509	-0.498236	-0.459457	-0.431064	-0.503563	-0.442059	-0.463217	-0.493676	-0.47878	-0.466515	-0.446706	-0.44334	-0.510496	-0.465911	-0.459447	-0.455019	-0.423289	-0.472773	-0.434653	-0.439896	-0.479615	-0.521533	-0.470709	-0.488965	-0.452827	-0.465792	-0.478159	-0.477195	-0.498114	-0.493997	-0.443569	-0.480723	-0.489713	-0.47904	-0.49802	-0.482664	-0.485346	-0.437749	-0.436457	-0.469777	-0.478872	-0.464623	-0.48947	-0.457101	-0.471595	-0.44249	-0.475691	-0.456488	-0.493065	-0.503496	-0.502371	-0.426629	-0.431902	-0.496877	-0.472275	-0.465626	-0.462303	-0.549278	-0.441	-0.448876	-0.437952	-0.509403	-0.451475	-0.447467	-0.448426	-0.465935	-0.471301	-0.492124	-0.473216	-0.547602	-0.452651	-0.502668	-0.453869	-0.53685	-0.433434	-0.48836	-0.455158	-0.45188	-0.459046	-0.480597	-0.450188	-0.460159	-0.448777	-0.44813	-0.473277	-0.525889	-0.469369	-0.514374	-0.452028	-0.448038	-0.45974	-0.473439	-0.465486	-0.457252	-0.467381	-0.468539	-0.513274	-0.494732	-0.445317	-0.455153	-0.432115	-0.454346	-0.474496	-0.459864	-0.471424	-0.507055	-0.554869	-0.470163	-0.432162	-0.469233	-0.507536	-0.460706	-0.436517	-0.502956	-0.452417	-0.477932	-0.439158	-0.474056	-0.45292	-0.486607	-0.524854	-0.453963	-0.493728	-0.50117	-0.517846	-0.459447	-0.452603	-0.454642	-0.418427	-0.476962	-0.462236	-0.483338	-0.447209	-0.452969	-0.452319	-0.525557	-0.481239	-0.461577	-0.504945	-0.487424	-0.453319	-0.499935	-0.476927	-0.446319	-0.447445	-0.463716	-0.448068	-0.480947	-0.448323	-0.468037	-0.45624	-0.496109	-0.495186	-0.475874	-0.439443	-0.454128	-0.489713	-0.469412	-0.445868	-0.456669	-0.470497	-0.467843	-0.462437	-0.513361	-0.468271	-0.481675	-0.411713	-0.451069	-0.493903	-0.445844	-0.469215	-0.444012	-0.471427	-0.460878	-0.473953	-0.50443	-0.441267	-0.456598	-0.501485	-0.439439	-0.430528	-0.474419	-0.445727	-0.542812	-0.520267	-0.470759	-0.447463	-0.44989	-0.453156	-0.426955	-0.454449	-0.449457	-0.496584	-0.444475	-0.428354	-0.448004	-0.456488	-0.431978	-0.478977	-0.546482	-0.496188	-0.471588	-0.42983	-0.456488	-0.547162	-0.459864	-0.457617	-0.434967	-0.498154	-0.452665	-0.456591	-0.488657	-0.398946	-0.471695	-0.4597	-0.450643	-0.504351	-0.440635	-0.451718	-0.489651	-0.522753	-0.447939	-0.547427	-0.445024	-0.403689	-0.459864	-0.509352	-0.458985	-0.476943	-0.525999	-0.394407	-0.451767	-0.461229	-0.528659	-0.464138	-0.447065	-0.456488	-0.522753	-0.449469	-0.484308	-0.428043	-0.490979	-0.444968	-0.60763	-0.462838	-0.464474	-0.547427	-0.451767	-0.408878	-0.410612	-0.469018	-0.455666	-0.471695	-0.486689	-0.546482	-0.522753	-0.41886	-0.438441	-0.444137	-0.509352	-0.429019	-0.522402	-0.410612	-0.509352	-0.456488	-0.460339	-0.431358	-0.488411	-0.47012	-0.450871	-0.438347	-0.429273	-0.451458	-0.456591	-0.49631	-0.466917	-0.433933	-0.41581	-0.450871	-0.482752	-0.459864	-0.496188	-0.444475	-0.465115	-0.433933	-0.550505	-0.482752	-0.496188	-0.426034	-0.486689	-0.426469	-0.431358	-0.459864	-0.444502	-0.46096	-0.456575	-0.496188	-0.480058	-0.460666	-0.473111	-0.449457	-0.482752	-0.523974	-0.576135	-0.410276	-0.428441	-0.492257	-0.456411	-0.465115	-0.439114	-0.466913	-0.456488	-0.439883	-0.451909	-0.457538	-0.462303	-0.449594	-0.443889	-0.488411	-0.462303	-0.43681	-0.571448	-0.455265	-0.443889	-0.410612	-0.511198	-0.452632	-0.43511	-0.466054	-0.469148	-0.477727	-0.482752	-0.469527	-0.489651	-0.439544	-0.444502	-0.543407	-0.436358	-0.503585	-0.550505	-0.487582	-0.458427	-0.540038	-0.439114	-0.440083	-0.42983	-0.439828	-0.458993	-0.523192	-0.486689	-0.430655	-0.459059	-0.440886	-0.427512	-0.436402	-0.509352	-0.525999	-0.465258	-0.476519	-0.394881	-0.540455	-0.469018	-0.455265	-0.46549	-0.432674	-0.475279	-0.456488	-0.442471	-0.447233	-0.44053	-0.450617	-0.427512	-0.41082	-0.469102	-0.471914	-0.547427	-0.555166	-0.434967	-0.452171	-0.547427	-0.42983	-0.444475	-0.489651	-0.436358	-0.555166	-0.466054	-0.42983	-0.459864	-0.455265	-0.426757	-0.558479	-0.454862	-0.489651
40000	intercept	0.583341	0.552342	0.610559	0.527229	0.56081	0.551784	0.570674	0.536558	0.592357	0.535993	0.527889	0.562893	0.553852	0.554947	0.57787	0.540159	0.533138	0.552354	0.539311	0.538357	0.604172	0.531483	0.573762	0.543686	0.571922	0.525502	0.528753	0.618619	0.580335	0.528865	0.561174	0.547319	0.518782	0.584027	0.591016	0.615176	0.578994	0.529774	0.518279	0.590539	0.565975	0.570974	0.566178	0.541322	0.553385	0.558557	0.561191	0.553916	0.564724	0.545855	0.560079	0.581872	0.565116	0.542371	0.571158	0.561044	0.570775	0.561035	0.51482	0.487206	0.533942	0.533769	0.538018	0.540237	0.619659	0.525027	0.554706	0.58381	0.570108	0.574556	0.51164	0.531833	0.51054	0.546462	0.574908	0.50137	0.601166	0.554923	0.605841	0.52279	0.606493	0.513014	0.485646	0.526409	0.575867	0.551933	0.608033	0.536003	0.596082	0.580908	0.539666	0.538502	0.590055	0.536646	0.584835	0.547729	0.59068	0.53727	0.533765	0.529584	0.539231	0.529212	0.525961	0.605627	0.593406	0.515202	0.5589	0.563369	0.547631	0.548915	0.53291	0.543708	0.595701	0.561515	0.533891	0.514967	0.540889	0.584737	0.549251	0.575482	0.550128	0.539374	0.589606	0.520669	0.499684	0.504292	0.527566	0.570858	0.541677	0.57156	0.590368	0.582318	0.532387	0.569988	0.535592	0.543186	0.539748	0.568494	0.525723	0.507296	0.502489	0.563042	0.567719	0.538073	0.562189	0.583599	0.513798	0.50811	0.60147	0.562099	0.533415	0.565007	0.520085	0.533931	0.556133	0.523441	0.535153	0.512663	0.55067	0.610319	0.576599	0.527142	0.529944	0.587782	0.510326	0.573921	0.530138	0.536623	0.564986	0.54178	0.589868	0.543307	0.550813	0.556993	0.555545	0.536813	0.556164	0.54523	0.529495	0.562535	0.580495	0.530785	0.591434	0.600729	0.571208	0.601222	0.547098	0.600413	0.561387	0.557938	0.597624	0.585655	0.555715	0.557963	0.56203	0.565644	0.513237	0.551897	0.557297	0.572462	0.532051	0.624806	0.583198	0.571756	0.579989	0.526373	0.631286	0.519403	0.575466	0.529703	0.502673	0.591916	0.532751	0.543861	0.544718	0.527831	0.53291	0.535719	0.45929	0.500728	0.549339	0.467509	0.544618	0.548954	0.504939	0.520025	0.520874	0.611268	0.478685	0.65235	0.545484	0.486572	0.53291	0.580854	0.525602	0.574392	0.593644	0.576907	0.532051	0.528679	0.595538	0.618197	0.526979	0.571158	0.60396	0.497952	0.538256	0.616321	0.59559	0.520486	0.641259	0.524893	0.534601	0.65235	0.532051	0.493213	0.589565	0.541146	0.53291	0.549339	0.550141	0.631286	0.611268	0.585829	0.612106	0.526238	0.580854	0.547723	0.593644	0.58377	0.580854	0.502673	0.575177	0.530859	0.519403	0.545636	0.543861	0.532144	0.487579	0.575038	0.552994	0.591211	0.522267	0.607966	0.537079	0.543861	0.550167	0.527529	0.519403	0.536227	0.560899	0.607966	0.566811	0.550167	0.541544	0.606369	0.54635	0.534578	0.530859	0.53291	0.548835	0.553575	0.569502	0.541544	0.526211	0.589482	0.629045	0.557297	0.550167	0.576359	0.605947	0.472632	0.569266	0.506377	0.561994	0.541442	0.534578	0.540798	0.557752	0.480004	0.564762	0.563899	0.52325	0.589351	0.589351	0.515025	0.534601	0.49298	0.628947	0.531188	0.589351	0.589565	0.566738	0.586625	0.564457	0.526373	0.569972	0.529777	0.550167	0.561627	0.520874	0.532144	0.543343	0.595538	0.471377	0.560627	0.566811	0.547918	0.525602	0.63552	0.530859	0.564716	0.530065	0.592009	0.536299	0.612529	0.559293	0.504939	0.586425	0.536998	0.612106	0.551122	0.580854	0.593644	0.521876	0.526373	0.481854	0.577467	0.541146	0.531188	0.581414	0.545895	0.485362	0.571158	0.524218	0.580393	0.562052	0.586625	0.612106	0.480004	0.572251	0.561994	0.645822	0.566811	0.544718	0.514831	0.645822	0.529703	0.536227	0.534601	0.471377	0.566811	0.526373	0.529703	0.532751	0.542123	0.518363	0.645625	0.581414	0.520874
41000	slope	-0.51689	-0.466382	-0.502584	-0.488451	-0.54605	-0.539491	-0.479384	-0.461863	-0.469498	-0.433742	-0.570293	-0.500995	-0.487204	-0.511271	-0.477257	-0.510176	-0.473947	-0.524386	-0.478088	-0.544751	-0.539494	-0.565909	-0.446939	-0.494688	-0.532325	-0.543531	-0.466898	-0.472988	-0.430565	-0.546397	-0.478576	-0.495018	-0.49942	-0.464837	-0.463116	-0.488319	-0.459587	-0.512613	-0.466713	-0.459535	-0.452247	-0.441383	-0.501678	-0.499266	-0.448979	-0.451005	-0.562375	-0.493609	-0.52443	-0.455808	-0.513286	-0.483187	-0.483349	-0.485149	-0.509607	-0.48882	-0.517339	-0.47111	-0.472807	-0.519487	-0.515811	-0.478981	-0.506273	-0.496694	-0.463481	-0.534041	-0.442379	-0.489018	-0.453325	-0.51734	-0.49604	-0.497794	-0.50684	-0.424524	-0.51245	-0.555788	-0.483822	-0.468552	-0.548038	-0.509491	-0.509517	-0.472897	-0.530988	-0.469043	-0.466413	-0.507554	-0.490682	-0.47196	-0.504206	-0.450365	-0.505361	-0.563162	-0.433969	-0.520428	-0.469906	-0.510366	-0.484189	-0.509379	-0.510196	-0.457713	-0.453246	-0.481334	-0.545544	-0.507928	-0.475681	-0.542735	-0.50619	-0.472183	-0.496205	-0.454657	-0.496735	-0.506301	-0.486096	-0.481548	-0.544633	-0.44401	-0.451414	-0.478332	-0.528071	-0.462911	-0.481026	-0.491509	-0.456221	-0.484074	-0.56428	-0.488364	-0.463216	-0.489816	-0.5044	-0.468401	-0.540934	-0.505377	-0.45508	-0.447827	-0.53758	-0.448248	-0.46805	-0.503539	-0.516277	-0.468857	-0.516497	-0.501219	-0.500658	-0.543908	-0.465173	-0.482842	-0.460846	-0.542826	-0.500146	-0.502203	-0.426247	-0.508954	-0.459426	-0.468496	-0.487166	-0.495443	-0.489192	-0.525389	-0.490929	-0.477619	-0.526931	-0.469612	-0.542735	-0.500583	-0.517903	-0.479532	-0.509936	-0.531474	-0.511701	-0.53146	-0.485126	-0.498843	-0.510254	-0.494934	-0.491235	-0.47599	-0.499604	-0.464009	-0.507604	-0.511981	-0.449375	-0.492116	-0.474926	-0.479533	-0.529922	-0.511697	-0.562534	-0.482553	-0.538679	-0.492109	-0.485502	-0.495553	-0.516624	-0.531925	-0.487304	-0.488864	-0.486502	-0.491897	-0.462701	-0.520793	-0.524056	-0.540218	-0.5448	-0.442237	-0.529843	-0.538764	-0.506138	-0.475938	-0.551839	-0.570143	-0.471177	-0.502373	-0.548649	-0.471455	-0.566078	-0.485356	-0.538764	-0.41642	-0.474106	-0.546089	-0.453791	-0.5448	-0.434914	-0.485111	-0.485356	-0.524056	-0.526272	-0.441205	-0.440201	-0.535397	-0.517673	-0.48431	-0.554384	-0.470293	-0.507353	-0.510894	-0.533361	-0.561414	-0.499029	-0.538764	-0.414021	-0.472019	-0.462863	-0.408209	-0.526272	-0.526983	-0.535086	-0.469819	-0.570143	-0.507353	-0.452213	-0.538764	-0.518564	-0.469819	-0.568353	-0.41862	-0.422736	-0.430843	-0.570143	-0.555293	-0.456315	-0.451712	-0.56184	-0.568353	-0.43082	-0.412953	-0.540545	-0.478934	-0.524056	-0.499029	-0.438268	-0.455666	-0.554925	-0.538764	-0.568742	-0.475938	-0.5448	-0.508039	-0.516405	-0.554384	-0.498817	-0.463604	-0.452644	-0.475181	-0.570143	-0.460945	-0.521924	-0.529843	-0.455538	-0.518564	-0.460945	-0.515385	-0.444284	-0.533194	-0.460945	-0.510444	-0.529843	-0.471177	-0.469819	-0.526983	-0.469819	-0.56184	-0.516393	-0.48156	-0.442671	-0.508039	-0.51395	-0.4829	-0.535397	-0.58655	-0.469401	-0.464978	-0.533194	-0.428389	-0.436185	-0.465622	-0.528719	-0.452644	-0.518727	-0.441205	-0.548465	-0.498817	-0.463227	-0.519123	-0.463875	-0.463875	-0.452213	-0.463227	-0.458694	-0.539027	-0.516393	-0.561414	-0.517034	-0.368114	-0.57991	-0.559222	-0.436185	-0.469819	-0.451712	-0.469819	-0.47452	-0.524064	-0.524056	-0.553113	-0.475938	-0.451595	-0.522011	-0.390551	-0.541142	-0.519321	-0.443275	-0.442237	-0.430997	-0.479711	-0.553748	-0.544529	-0.47452	-0.468738	-0.463587	-0.526272	-0.54484	-0.563851	-0.530919	-0.442237	-0.524489	-0.526272	-0.577375	-0.554925	-0.469479	-0.475938	-0.446577	-0.533361	-0.428389	-0.451712	-0.481177	-0.434907	-0.45192	-0.463587	-0.561414	-0.526272	-0.507353	-0.463604	-0.41862	-0.413747	-0.530526	-0.518327	-0.46907	-0.469819	-0.444905	-0.548465	-0.463813	-0.588715	-0.458002	-0.529843	-0.524064	-0.432129	-0.479711	-0.460945	-0.451712	-0.524056
41000	intercept	0.599786	0.572708	0.54836	0.594022	0.600427	0.641739	0.559592	0.533175	0.585849	0.513346	0.59234	0.527604	0.572007	0.603306	0.579753	0.569362	0.616227	0.586564	0.563685	0.608763	0.606363	0.621669	0.545	0.577553	0.580975	0.622024	0.557077	0.542367	0.508344	0.623752	0.547727	0.560211	0.609329	0.554055	0.553682	0.571841	0.523676	0.576057	0.538134	0.543946	0.535355	0.580604	0.595769	0.57002	0.555642	0.575384	0.624174	0.575379	0.582481	0.567666	0.651344	0.587997	0.563664	0.570365	0.582972	0.611694	0.56865	0.550517	0.592116	0.595009	0.594949	0.587788	0.525198	0.583675	0.515378	0.582941	0.565808	0.562251	0.525871	0.602129	0.576798	0.588477	0.608878	0.512645	0.570319	0.602431	0.557584	0.559107	0.596031	0.557049	0.607779	0.540308	0.595016	0.520257	0.563716	0.583085	0.56697	0.545202	0.555943	0.552273	0.620022	0.601226	0.532419	0.599247	0.55433	0.58767	0.580544	0.55958	0.560064	0.55289	0.580237	0.542153	0.638433	0.537877	0.543167	0.632152	0.537009	0.576147	0.550596	0.516638	0.571815	0.579218	0.591732	0.571049	0.591785	0.529646	0.518449	0.566809	0.622662	0.567205	0.560569	0.598983	0.534261	0.586729	0.632712	0.5983	0.550986	0.600516	0.591528	0.548399	0.620213	0.611437	0.503158	0.527904	0.618811	0.565862	0.594183	0.595211	0.58894	0.561802	0.600603	0.555402	0.547951	0.619596	0.557125	0.58403	0.553325	0.576941	0.589999	0.599247	0.541519	0.5799	0.57322	0.57641	0.575966	0.572465	0.587628	0.607821	0.592006	0.542013	0.557999	0.563071	0.630964	0.587437	0.599099	0.557553	0.584007	0.558313	0.562841	0.591547	0.581106	0.576982	0.600615	0.559258	0.552555	0.553776	0.600242	0.551704	0.596571	0.557476	0.552918	0.567138	0.545917	0.571138	0.596607	0.595487	0.598427	0.574235	0.585614	0.575632	0.571037	0.576634	0.604012	0.583061	0.556604	0.572252	0.566037	0.593055	0.574415	0.580461	0.662355	0.604674	0.569931	0.491219	0.612022	0.578833	0.640333	0.557523	0.645579	0.59292	0.572615	0.644786	0.636834	0.538677	0.612731	0.588194	0.602168	0.513732	0.542569	0.614949	0.476822	0.569931	0.577104	0.589454	0.588194	0.662355	0.586089	0.539738	0.520574	0.5951	0.646272	0.543658	0.631642	0.543132	0.551217	0.662355	0.592608	0.601949	0.572388	0.578833	0.498024	0.498018	0.528192	0.500432	0.586089	0.611198	0.585604	0.529475	0.59292	0.551217	0.538423	0.610223	0.578795	0.513662	0.575731	0.486759	0.513732	0.594284	0.59292	0.619768	0.539202	0.56389	0.615861	0.575731	0.505686	0.511597	0.61869	0.538677	0.662355	0.572388	0.594083	0.519374	0.624732	0.592979	0.613517	0.557523	0.569931	0.627615	0.599142	0.620955	0.558375	0.578317	0.540678	0.479085	0.59292	0.569904	0.566684	0.612022	0.587654	0.590299	0.556914	0.60054	0.582605	0.592979	0.581112	0.553794	0.601669	0.572615	0.529475	0.616499	0.538677	0.604789	0.574347	0.545608	0.510041	0.627615	0.620496	0.538677	0.5951	0.620705	0.544347	0.5887	0.592979	0.548255	0.505686	0.583626	0.604674	0.529265	0.623016	0.539738	0.588487	0.558375	0.476375	0.590879	0.560275	0.560275	0.538423	0.476375	0.574934	0.606516	0.591188	0.616849	0.536372	0.500576	0.62859	0.613831	0.505686	0.556545	0.56389	0.535526	0.546056	0.594848	0.662355	0.634341	0.558286	0.506127	0.64022	0.496024	0.619758	0.611057	0.582605	0.504463	0.499244	0.589454	0.592979	0.589379	0.546056	0.538677	0.595569	0.586089	0.619758	0.590165	0.596403	0.481098	0.576188	0.586089	0.605719	0.614521	0.568227	0.547653	0.56389	0.58945	0.559492	0.561308	0.538677	0.539546	0.578609	0.581586	0.601949	0.588027	0.551217	0.549274	0.514945	0.547601	0.634574	0.612022	0.542479	0.538677	0.49164	0.564275	0.535265	0.635484	0.552535	0.612022	0.594848	0.505686	0.594658	0.58179	0.56389	0.672238
42000	slope	-0.427163	-0.568173	-0.510607	-0.510964	-0.449606	-0.429883	-0.433098	-0.468403	-0.444696	-0.521341	-0.50053	-0.513676	-0.47457	-0.397053	-0.435513	-0.528143	-0.509095	-0.44371	-0.49192	-0.5116	-0.485196	-0.524809	-0.571542	-0.485072	-0.416011	-0.41849	-0.503362	-0.515494	-0.53135	-0.479503	-0.494284	-0.551929	-0.410772	-0.438573	-0.515532	-0.471386	-0.506574	-0.39657	-0.501138	-0.478325	-0.512425	-0.433347	-0.49482	-0.510637	-0.450068	-0.440238	-0.477211	-0.559719	-0.527873	-0.504362	-0.425358	-0.539158	-0.501953	-0.475585	-0.519958	-0.504168	-0.466486	-0.433145	-0.417057	-0.454688	-0.4491	-0.526657	-0.507761	-0.543203	-0.480935	-0.496252	-0.503977	-0.493211	-0.478647	-0.462174	-0.49339	-0.497135	-0.498434	-0.45748	-0.516333	-0.448651	-0.489477	-0.468845	-0.480038	-0.486759	-0.47195	-0.461886	-0.464855	-0.544163	-0.454773	-0.528496	-0.46359	-0.500069	-0.415626	-0.535921	-0.456398	-0.427996	-0.496588	-0.445188	-0.450535	-0.564089	-0.525439	-0.484866	-0.540803	-0.427187	-0.485414	-0.527922	-0.48454	-0.5558	-0.391548	-0.556655	-0.520565	-0.428056	-0.479466	-0.511627	-0.510623	-0.512109	-0.493338	-0.476828	-0.440486	-0.472517	-0.457128	-0.490431	-0.527942	-0.556536	-0.422339	-0.574819	-0.541662	-0.500026	-0.46343	-0.51381	-0.423761	-0.536856	-0.415546	-0.549673	-0.416686	-0.472722	-0.456495	-0.485978	-0.539565	-0.55303	-0.460111	-0.48987	-0.508069	-0.470653	-0.545959	-0.482222	-0.463605	-0.474902	-0.519713	-0.544103	-0.516884	-0.498436	-0.407495	-0.489052	-0.517101	-0.547543	-0.555538	-0.463004	-0.44684	-0.469018	-0.489052	-0.412001	-0.482656	-0.512684	-0.507476	-0.528342	-0.452951	-0.511655	-0.535581	-0.446107	-0.484513	-0.437152	-0.541013	-0.472428	-0.494864	-0.465835	-0.52857	-0.478422	-0.516161	-0.474674	-0.475257	-0.494636	-0.522313	-0.459377	-0.538429	-0.517767	-0.472139	-0.532409	-0.51181	-0.482567	-0.476901	-0.487222	-0.572824	-0.563243	-0.462174	-0.45933	-0.500502	-0.480542	-0.459377	-0.500419	-0.465987	-0.454219	-0.471184	-0.522789	-0.472046	-0.394703	-0.497511	-0.41923	-0.588217	-0.552075	-0.472491	-0.42684	-0.428319	-0.432981	-0.458626	-0.527094	-0.451015	-0.398401	-0.499714	-0.43275	-0.521244	-0.543822	-0.565488	-0.464827	-0.535566	-0.490163	-0.537637	-0.459035	-0.556404	-0.45644	-0.514112	-0.376929	-0.543381	-0.395005	-0.440064	-0.438376	-0.45644	-0.580056	-0.558585	-0.426496	-0.444127	-0.611356	-0.43704	-0.469339	-0.523596	-0.619329	-0.534129	-0.43275	-0.455786	-0.475594	-0.49716	-0.45846	-0.424127	-0.544164	-0.567798	-0.490814	-0.540691	-0.432918	-0.565488	-0.532779	-0.543294	-0.532315	-0.380539	-0.534736	-0.383319	-0.459623	-0.459623	-0.553015	-0.512284	-0.451015	-0.543381	-0.43275	-0.537689	-0.49533	-0.512405	-0.422897	-0.486284	-0.470074	-0.546312	-0.584441	-0.543967	-0.42684	-0.426154	-0.581571	-0.552075	-0.543801	-0.553015	-0.552075	-0.43275	-0.433991	-0.517781	-0.55428	-0.543381	-0.486284	-0.459623	-0.412386	-0.479011	-0.538446	-0.42684	-0.387436	-0.565488	-0.625847	-0.438376	-0.543801	-0.455786	-0.536601	-0.479834	-0.428203	-0.519503	-0.543822	-0.458635	-0.47141	-0.43459	-0.532315	-0.449307	-0.416011	-0.42684	-0.5877	-0.465713	-0.388812	-0.52541	-0.426496	-0.522449	-0.481619	-0.517781	-0.517781	-0.475712	-0.51085	-0.44708	-0.591573	-0.597838	-0.552171	-0.558585	-0.425566	-0.488908	-0.458626	-0.45644	-0.563215	-0.541102	-0.394703	-0.384633	-0.465064	-0.412933	-0.400656	-0.420254	-0.416011	-0.565488	-0.402345	-0.446371	-0.475594	-0.543381	-0.611356	-0.556404	-0.459623	-0.485144	-0.536204	-0.619329	-0.43704	-0.543294	-0.47141	-0.43459	-0.575555	-0.465713	-0.50001	-0.47141	-0.558585	-0.537727	-0.413356	-0.565488	-0.422443	-0.543381	-0.43275	-0.525105	-0.416011	-0.475594	-0.543822	-0.623134	-0.455786	-0.482696	-0.559082	-0.436172	-0.446956	-0.468895	-0.4106	-0.383506	-0.513941	-0.558585	-0.469036	-0.399844	-0.43275	-0.479011	-0.45644	-0.459623	-0.535658	-0.535141	-0.540428	-0.588186	-0.467723	-0.529842	-0.588186	-0.549381	-0.412386	-0.413356	-0.396923
42000	intercept	0.526678	0.652052	0.5756	0.560649	0.488848	0.529695	0.502792	0.582562	0.546199	0.570813	0.544923	0.555979	0.586173	0.4933	0.504676	0.578758	0.590631	0.50698	0.544992	0.611343	0.539016	0.611237	0.615574	0.544164	0.507048	0.518202	0.549912	0.569787	0.597735	0.550299	0.606512	0.608774	0.481686	0.506063	0.544438	0.573127	0.560374	0.52681	0.558384	0.553859	0.618326	0.542933	0.613493	0.576364	0.529905	0.474757	0.537505	0.608371	0.592087	0.556435	0.515396	0.593141	0.55709	0.588971	0.619029	0.581227	0.545942	0.524017	0.534792	0.539081	0.517417	0.571534	0.573158	0.615099	0.556699	0.617228	0.570132	0.55689	0.572205	0.565709	0.522894	0.56304	0.555907	0.550682	0.579856	0.523839	0.570815	0.534136	0.535686	0.603189	0.543535	0.547063	0.576078	0.588352	0.540058	0.596343	0.509247	0.587665	0.505643	0.615099	0.564409	0.552471	0.568063	0.520227	0.517517	0.647893	0.590389	0.576868	0.593374	0.523572	0.577976	0.593064	0.567649	0.635378	0.493473	0.569493	0.587234	0.543352	0.568657	0.54696	0.56158	0.564633	0.570121	0.54524	0.52714	0.549577	0.549174	0.564781	0.566811	0.59468	0.510973	0.641383	0.628003	0.569797	0.554003	0.558384	0.505643	0.619924	0.520795	0.60127	0.534647	0.533364	0.515509	0.564973	0.597094	0.600029	0.570103	0.550379	0.601984	0.535708	0.603864	0.508407	0.519783	0.566125	0.585208	0.595374	0.591348	0.55371	0.478997	0.565261	0.600092	0.630312	0.587764	0.556582	0.493846	0.532773	0.5716	0.522212	0.595234	0.581211	0.570385	0.59665	0.512707	0.605661	0.583625	0.523546	0.568662	0.528535	0.612897	0.579666	0.549811	0.54839	0.567857	0.51484	0.53776	0.560943	0.540692	0.55307	0.578643	0.539377	0.554738	0.562389	0.549453	0.604111	0.604239	0.515556	0.571546	0.572081	0.606081	0.640374	0.574829	0.515654	0.56427	0.510944	0.539112	0.576154	0.548084	0.586353	0.562012	0.568515	0.544798	0.517431	0.547605	0.528657	0.637693	0.624205	0.540239	0.459381	0.518805	0.502374	0.549325	0.529926	0.593275	0.511648	0.552739	0.501845	0.577065	0.593163	0.622395	0.50686	0.597566	0.540424	0.579513	0.544973	0.660135	0.519617	0.628897	0.503855	0.601539	0.533144	0.588579	0.570426	0.519617	0.652262	0.639929	0.529427	0.491961	0.614577	0.529427	0.583428	0.592358	0.623012	0.582521	0.502374	0.534812	0.510075	0.553693	0.53419	0.566527	0.619511	0.60719	0.580289	0.58513	0.502374	0.617917	0.59565	0.636351	0.63786	0.513456	0.599372	0.507798	0.551868	0.558603	0.640273	0.594537	0.565701	0.601539	0.501845	0.597585	0.587141	0.594465	0.507485	0.56303	0.491961	0.592131	0.659434	0.597585	0.468092	0.505643	0.623012	0.608614	0.595077	0.6495	0.608614	0.498795	0.491961	0.569478	0.640476	0.597585	0.56303	0.593969	0.526422	0.581207	0.597151	0.448699	0.503991	0.599721	0.631776	0.557276	0.595077	0.539056	0.592382	0.570764	0.505643	0.552517	0.600135	0.588579	0.531535	0.499563	0.652514	0.519617	0.506533	0.472876	0.623012	0.56108	0.533144	0.526222	0.529427	0.599372	0.501594	0.548295	0.548295	0.540239	0.596149	0.55317	0.623012	0.623012	0.584354	0.630482	0.536044	0.6251	0.549325	0.529074	0.606252	0.58513	0.496771	0.453455	0.557703	0.505643	0.51261	0.502374	0.51261	0.605301	0.525252	0.544973	0.510075	0.597585	0.614577	0.618324	0.551868	0.495309	0.619511	0.623012	0.529427	0.636351	0.538507	0.499563	0.63405	0.56108	0.533817	0.538507	0.630482	0.642288	0.595264	0.617917	0.505254	0.584085	0.488822	0.598229	0.51261	0.507358	0.594213	0.631776	0.538091	0.536657	0.628463	0.518805	0.540793	0.570764	0.480796	0.502632	0.564354	0.639929	0.489583	0.453455	0.498795	0.597991	0.519617	0.551868	0.599372	0.648092	0.587725	0.625786	0.561319	0.564354	0.634339	0.594931	0.526422	0.595264	0.454279
43000	slope	-0.473257	-0.496723	-0.439289	-0.48325	-0.542911	-0.459106	-0.499525	-0.41511	-0.431988	-0.472104	-0.513678	-0.513013	-0.515878	-0.511628	-0.485775	-0.479075	-0.411819	-0.471519	-0.444574	-0.470003	-0.547462	-0.462083	-0.500808	-0.448249	-0.478892	-0.454775	-0.439114	-0.446088	-0.446172	-0.512951	-0.45168	-0.467333	-0.454607	-0.429868	-0.46421	-0.453341	-0.455001	-0.406887	-0.42695	-0.46874	-0.481578	-0.472437	-0.495351	-0.434833	-0.493929	-0.467311	-0.484021	-0.475453	-0.458799	-0.471126	-0.430573	-0.443671	-0.434248	-0.467575	-0.480719	-0.446613	-0.442745	-0.498864	-0.442789	-0.435883	-0.41817	-0.44805	-0.467515	-0.49523	-0.476833	-0.429821	-0.42716	-0.462939	-0.464808	-0.51134	-0.409889	-0.422344	-0.419857	-0.469498	-0.448369	-0.435145	-0.468829	-0.445525	-0.472743	-0.477702	-0.483646	-0.450458	-0.436856	-0.488805	-0.45403	-0.477816	-0.445241	-0.501538	-0.43691	-0.446555	-0.484529	-0.435603	-0.433508	-0.437671	-0.432491	-0.485785	-0.413315	-0.416543	-0.462663	-0.49396	-0.463677	-0.483926	-0.465206	-0.452013	-0.425638	-0.436696	-0.473211	-0.420837	-0.422791	-0.459434	-0.45758	-0.47176	-0.44606	-0.556866	-0.458179	-0.426341	-0.45944	-0.458237	-0.461318	-0.457467	-0.449526	-0.482033	-0.463669	-0.428	-0.445831	-0.412779	-0.439351	-0.444212	-0.439582	-0.445615	-0.441491	-0.425174	-0.436847	-0.443203	-0.454576	-0.456721	-0.485555	-0.432067	-0.486227	-0.404561	-0.502314	-0.436063	-0.433	-0.454632	-0.451491	-0.427178	-0.474805	-0.452933	-0.466642	-0.44194	-0.489089	-0.424983	-0.499272	-0.485619	-0.452789	-0.47432	-0.421434	-0.453266	-0.424526	-0.452561	-0.494245	-0.432517	-0.429366	-0.471842	-0.465492	-0.432009	-0.487461	-0.487445	-0.488067	-0.48455	-0.460207	-0.439298	-0.526789	-0.44392	-0.493287	-0.449576	-0.499909	-0.471622	-0.529044	-0.458242	-0.42666	-0.478078	-0.447518	-0.479332	-0.418097	-0.502392	-0.482301	-0.441037	-0.46217	-0.496516	-0.440677	-0.432716	-0.441964	-0.418742	-0.413197	-0.479429	-0.438769	-0.434543	-0.435002	-0.435363	-0.412173	-0.465091	-0.482726	-0.493893	-0.389796	-0.442924	-0.400929	-0.453063	-0.486527	-0.420804	-0.468815	-0.432515	-0.508455	-0.445127	-0.451624	-0.468815	-0.422319	-0.462144	-0.481597	-0.485063	-0.444074	-0.476525	-0.470148	-0.411733	-0.445093	-0.449774	-0.517136	-0.462684	-0.468815	-0.499172	-0.406183	-0.543763	-0.474792	-0.420168	-0.448758	-0.508455	-0.466229	-0.453063	-0.433846	-0.468815	-0.500935	-0.468815	-0.449889	-0.416787	-0.498342	-0.422122	-0.438642	-0.422122	-0.447016	-0.508455	-0.505147	-0.423215	-0.516403	-0.400929	-0.43817	-0.459474	-0.406183	-0.431641	-0.484492	-0.492068	-0.480203	-0.429864	-0.465091	-0.450962	-0.497835	-0.416718	-0.474929	-0.459474	-0.491812	-0.46613	-0.429864	-0.517364	-0.444074	-0.467168	-0.442924	-0.432515	-0.453063	-0.447559	-0.42786	-0.492955	-0.508455	-0.463264	-0.52229	-0.410934	-0.433846	-0.450847	-0.480035	-0.387455	-0.406183	-0.472927	-0.446574	-0.460767	-0.514965	-0.518655	-0.415044	-0.465194	-0.512668	-0.438704	-0.406232	-0.434419	-0.527004	-0.445127	-0.450476	-0.442924	-0.520227	-0.372893	-0.417733	-0.447258	-0.52701	-0.444074	-0.450983	-0.422122	-0.432101	-0.52918	-0.406183	-0.435086	-0.396079	-0.492836	-0.470317	-0.444184	-0.433846	-0.50672	-0.487684	-0.429864	-0.398656	-0.406641	-0.436701	-0.454102	-0.422318	-0.453063	-0.554474	-0.449163	-0.434769	-0.398969	-0.474929	-0.412173	-0.42423	-0.480035	-0.430528	-0.517364	-0.518655	-0.519508	-0.450403	-0.519092	-0.416045	-0.469128	-0.465433	-0.528984	-0.450962	-0.532838	-0.46299	-0.366648	-0.439769	-0.514965	-0.514965	-0.423529	-0.537681	-0.450476	-0.491016	-0.407903	-0.418849	-0.460588	-0.432515	-0.396079	-0.559258	-0.556782	-0.483579	-0.436841	-0.407903	-0.436701	-0.450896	-0.552605	-0.45965	-0.518655	-0.470504	-0.400929	-0.489167	-0.481191	-0.543763	-0.450896	-0.420372	-0.432515	-0.450896	-0.412173	-0.472213	-0.435204	-0.430528	-0.469751	-0.467932	-0.451824	-0.487684	-0.481389	-0.404969	-0.504735	-0.430528	-0.444653	-0.420517	-0.519508	-0.45384	-0.460813
43000	intercept	0.565922	0.547983	0.552086	0.59318	0.599079	0.550744	0.577364	0.529166	0.507956	0.547866	0.559543	0.570077	0.549598	0.565538	0.56141	0.554761	0.492815	0.525867	0.590199	0.55585	0.599385	0.565459	0.565875	0.53533	0.52779	0.491225	0.556512	0.551791	0.537419	0.569072	0.530086	0.558474	0.525958	0.488999	0.529396	0.50177	0.517055	0.534821	0.54284	0.543516	0.545462	0.543014	0.581682	0.531018	0.556976	0.548836	0.587391	0.545604	0.521568	0.542472	0.585474	0.495952	0.527661	0.529863	0.574249	0.514954	0.529953	0.57114	0.568816	0.571932	0.510643	0.568387	0.510513	0.544834	0.50521	0.502829	0.539218	0.589642	0.560758	0.589629	0.521338	0.528648	0.486846	0.529779	0.561035	0.563658	0.554369	0.564599	0.568603	0.540508	0.584884	0.558538	0.585616	0.623881	0.597475	0.585615	0.511463	0.587656	0.550951	0.532566	0.553955	0.531007	0.549219	0.574596	0.570259	0.559696	0.49994	0.521111	0.521584	0.564965	0.551211	0.531529	0.561296	0.525751	0.546026	0.538562	0.49608	0.514714	0.523688	0.537368	0.527651	0.561957	0.520235	0.605558	0.567066	0.530611	0.541498	0.560804	0.55665	0.503204	0.535798	0.569521	0.538427	0.539293	0.526838	0.487404	0.554571	0.544844	0.536468	0.561919	0.528847	0.483399	0.555879	0.51772	0.543254	0.548781	0.580725	0.531475	0.554213	0.487402	0.561556	0.555361	0.531761	0.503125	0.532972	0.527173	0.594339	0.548875	0.527512	0.59301	0.582757	0.518783	0.558512	0.574299	0.549913	0.585429	0.48844	0.559202	0.580209	0.546381	0.584853	0.470611	0.542052	0.570402	0.502785	0.512578	0.566627	0.56519	0.554767	0.578095	0.561802	0.487533	0.582428	0.548856	0.580195	0.561856	0.574	0.556884	0.520872	0.533792	0.546555	0.554081	0.589452	0.517543	0.505377	0.591636	0.544755	0.574762	0.534625	0.579366	0.570494	0.526364	0.564027	0.546837	0.540604	0.548842	0.525389	0.536719	0.5466	0.502817	0.493649	0.479932	0.572126	0.486288	0.544564	0.521947	0.510326	0.596431	0.541359	0.523142	0.562246	0.56418	0.58785	0.462876	0.557285	0.562246	0.4578	0.557646	0.576522	0.56861	0.56418	0.54977	0.538919	0.479327	0.546358	0.532053	0.503803	0.49608	0.54993	0.49608	0.540604	0.658107	0.49992	0.540604	0.522042	0.607488	0.577956	0.594695	0.591148	0.562246	0.585821	0.562246	0.536222	0.504739	0.58842	0.484906	0.56418	0.484906	0.580227	0.585821	0.543609	0.486684	0.536249	0.475457	0.63918	0.583647	0.545695	0.536312	0.539221	0.493816	0.563038	0.54497	0.463614	0.614724	0.503411	0.474263	0.499072	0.585037	0.623725	0.560692	0.543728	0.584319	0.56418	0.541082	0.521947	0.563928	0.591549	0.589251	0.54863	0.526752	0.585821	0.511951	0.595785	0.523145	0.591148	0.565055	0.58029	0.475457	0.540604	0.547916	0.486448	0.506588	0.565502	0.596046	0.523946	0.5737	0.536544	0.614724	0.48865	0.532007	0.602217	0.462876	0.590611	0.521947	0.583012	0.54578	0.532066	0.578693	0.595158	0.56418	0.574238	0.486139	0.554831	0.589789	0.540604	0.553763	0.53144	0.539106	0.486288	0.527071	0.591148	0.585821	0.570396	0.54497	0.556361	0.514385	0.63918	0.564995	0.526416	0.591549	0.617479	0.570671	0.570671	0.454933	0.499072	0.492702	0.571295	0.587538	0.531092	0.571636	0.596046	0.545343	0.525015	0.576999	0.548032	0.562784	0.560493	0.589789	0.614724	0.593794	0.532633	0.525862	0.518758	0.558292	0.565502	0.506392	0.588355	0.590611	0.498616	0.53144	0.542095	0.532053	0.563928	0.53144	0.605558	0.602724	0.546111	0.543253	0.526644	0.585011	0.574978	0.606837	0.614724	0.596046	0.51921	0.510326	0.585821	0.503411	0.652897	0.570904	0.54944	0.56418	0.570904	0.489262	0.560352	0.577713	0.522042	0.564552	0.538919	0.55949	0.57631	0.546	0.523946	0.607488	0.522042	0.54652	0.531633	0.545343	0.502342	0.575597
44000	slope	-0.495294	-0.400257	-0.473617	-0.485954	-0.390631	-0.42529	-0.41775	-0.457879	-0.472915	-0.403292	-0.433472	-0.481999	-0.47796	-0.481632	-0.456769	-0.445082	-0.498797	-0.519342	-0.49301	-0.5017	-0.468691	-0.431781	-0.485609	-0.497679	-0.452963	-0.462388	-0.473379	-0.38861	-0.473843	-0.418559	-0.434378	-0.388441	-0.509376	-0.441875	-0.516284	-0.467123	-0.520866	-0.467766	-0.407642	-0.501965	-0.461861	-0.478612	-0.407005	-0.458114	-0.473664	-0.514371	-0.480896	-0.400592	-0.446647	-0.485382	-0.428152	-0.444901	-0.460311	-0.442201	-0.432108	-0.449283	-0.473419	-0.404738	-0.475009	-0.415575	-0.487472	-0.456477	-0.475094	-0.424222	-0.378905	-0.500783	-0.528715	-0.421285	-0.467765	-0.46025	-0.407451	-0.462577	-0.423388	-0.4344	-0.458895	-0.407728	-0.474467	-0.459739	-0.414884	-0.424513	-0.420625	-0.482613	-0.487143	-0.420747	-0.432556	-0.437226	-0.519321	-0.466215	-0.473577	-0.512839	-0.504738	-0.443183	-0.404754	-0.39201	-0.424886	-0.487072	-0.449376	-0.470902	-0.457523	-0.481576	-0.435016	-0.455151	-0.39165	-0.458834	-0.451481	-0.473512	-0.40927	-0.446215	-0.421601	-0.505302	-0.434511	-0.399517	-0.478798	-0.432933	-0.441622	-0.471278	-0.474268	-0.422582	-0.446596	-0.457357	-0.472006	-0.463515	-0.480652	-0.453232	-0.458157	-0.467364	-0.472688	-0.489448	-0.456744	-0.461473	-0.45836	-0.424347	-0.44048	-0.474984	-0.447339	-0.460919	-0.434149	-0.520089	-0.477004	-0.402179	-0.452527	-0.417177	-0.492728	-0.459144	-0.473755	-0.458995	-0.414469	-0.47942	-0.435316	-0.46098	-0.504148	-0.508125	-0.437738	-0.425704	-0.400222	-0.420423	-0.50008	-0.389294	-0.473955	-0.428264	-0.453642	-0.462862	-0.461324	-0.509557	-0.521502	-0.460537	-0.438291	-0.481312	-0.407206	-0.482144	-0.456487	-0.464829	-0.458118	-0.492187	-0.477293	-0.483669	-0.465196	-0.457404	-0.419104	-0.473812	-0.44034	-0.401125	-0.409399	-0.511116	-0.483517	-0.449767	-0.413819	-0.472368	-0.374795	-0.429499	-0.444394	-0.481188	-0.462394	-0.445342	-0.433854	-0.548014	-0.466613	-0.41775	-0.425637	-0.434045	-0.460145	-0.474257	-0.394644	-0.482336	-0.454985	-0.479668	-0.459208	-0.45144	-0.394644	-0.416787	-0.42622	-0.401723	-0.486768	-0.447354	-0.457121	-0.423561	-0.35978	-0.380025	-0.401092	-0.381542	-0.481714	-0.354946	-0.390716	-0.492533	-0.443155	-0.441247	-0.488142	-0.488114	-0.441247	-0.470442	-0.495651	-0.474193	-0.481528	-0.440381	-0.479668	-0.371862	-0.35978	-0.479159	-0.457572	-0.372968	-0.463388	-0.404664	-0.48346	-0.493791	-0.526581	-0.500943	-0.376686	-0.416416	-0.492533	-0.465766	-0.495998	-0.442193	-0.445895	-0.477021	-0.445895	-0.483631	-0.371862	-0.504584	-0.454985	-0.450635	-0.434524	-0.472255	-0.392934	-0.49583	-0.43537	-0.509373	-0.408295	-0.526581	-0.481528	-0.466619	-0.479493	-0.371862	-0.417569	-0.491444	-0.481528	-0.401723	-0.422969	-0.430177	-0.371862	-0.492533	-0.488826	-0.463388	-0.465091	-0.401723	-0.491014	-0.40377	-0.442193	-0.405468	-0.411181	-0.435557	-0.457344	-0.437456	-0.43522	-0.483193	-0.448441	-0.37269	-0.451461	-0.453596	-0.473679	-0.35978	-0.526581	-0.478062	-0.526581	-0.463219	-0.463388	-0.441907	-0.457572	-0.446191	-0.512103	-0.486768	-0.467722	-0.462834	-0.411223	-0.463145	-0.465766	-0.492533	-0.471322	-0.488114	-0.463388	-0.432552	-0.479493	-0.510852	-0.433466	-0.457572	-0.35978	-0.491444	-0.429428	-0.43522	-0.474212	-0.49583	-0.463038	-0.401723	-0.445895	-0.452296	-0.572562	-0.400348	-0.408295	-0.480328	-0.3516	-0.498117	-0.436743	-0.459771	-0.361689	-0.463388	-0.454329	-0.482596	-0.481528	-0.474209	-0.42733	-0.401809	-0.450478	-0.491444	-0.380025	-0.497225	-0.509373	-0.510852	-0.422855	-0.376686	-0.366588	-0.401723	-0.483631	-0.411132	-0.401723	-0.442193	-0.43537	-0.464412	-0.482596	-0.42622	-0.502042	-0.557582	-0.491014	-0.493791	-0.408295	-0.504584	-0.441247	-0.478283	-0.482895	-0.474212	-0.482734	-0.50033	-0.384476	-0.504584	-0.456596	-0.509373	-0.471322	-0.463145	-0.471124	-0.463038	-0.477021	-0.488826	-0.463038	-0.525322	-0.442193	-0.498117	-0.467593	-0.434851	-0.404664	-0.409811	-0.453596	-0.35978
44000	intercept	0.554995	0.519853	0.546647	0.53813	0.504984	0.51814	0.565874	0.544522	0.561487	0.506947	0.512047	0.507014	0.524235	0.532501	0.554562	0.55592	0.582606	0.569602	0.539601	0.582473	0.565921	0.543984	0.535154	0.568561	0.566417	0.561682	0.550997	0.535816	0.534367	0.522516	0.554081	0.538345	0.556453	0.516715	0.54058	0.579572	0.578525	0.540881	0.523825	0.55961	0.567913	0.556873	0.498444	0.510787	0.518277	0.553775	0.576747	0.561413	0.547122	0.54431	0.539699	0.53401	0.529256	0.551796	0.559952	0.549986	0.500578	0.527583	0.543839	0.472505	0.554716	0.556299	0.571975	0.544786	0.541743	0.562566	0.565378	0.529841	0.522169	0.535789	0.528268	0.515828	0.515399	0.589717	0.564415	0.535593	0.589207	0.552338	0.529689	0.543017	0.539224	0.564358	0.54741	0.567163	0.549104	0.511667	0.582954	0.56767	0.518393	0.582108	0.564047	0.517792	0.52224	0.520843	0.528504	0.554402	0.544071	0.547478	0.514535	0.571096	0.561877	0.52014	0.508774	0.519654	0.506834	0.56529	0.551239	0.538385	0.561148	0.575232	0.521574	0.557588	0.555978	0.519114	0.517357	0.539859	0.541736	0.549046	0.524985	0.555494	0.528888	0.525861	0.545156	0.512003	0.553691	0.573307	0.583797	0.580382	0.530466	0.538845	0.56623	0.552194	0.542647	0.571248	0.526861	0.555179	0.541574	0.587946	0.55367	0.546109	0.560131	0.543978	0.580908	0.496138	0.586682	0.549447	0.503853	0.557953	0.554894	0.542066	0.620209	0.528337	0.540964	0.533973	0.552624	0.501459	0.560852	0.513269	0.574527	0.55965	0.551235	0.530463	0.550857	0.564574	0.553788	0.519591	0.559187	0.544327	0.544285	0.560734	0.569994	0.540408	0.558155	0.553263	0.5871	0.574677	0.552004	0.563034	0.524805	0.568418	0.560131	0.502763	0.562645	0.575282	0.565183	0.550159	0.551229	0.56406	0.529616	0.507755	0.524725	0.537049	0.567224	0.558118	0.509832	0.590271	0.520675	0.542664	0.544695	0.528641	0.546122	0.562427	0.537156	0.57631	0.485418	0.52102	0.583369	0.550758	0.537156	0.550787	0.504303	0.515205	0.596428	0.534209	0.50882	0.478103	0.539535	0.505408	0.514229	0.551562	0.597544	0.522076	0.500702	0.529295	0.537087	0.569588	0.553804	0.57631	0.578133	0.527962	0.534882	0.555193	0.578072	0.54562	0.51927	0.545648	0.539535	0.57631	0.562757	0.523648	0.522739	0.489083	0.551319	0.623773	0.593211	0.525527	0.555593	0.511833	0.534882	0.547456	0.578428	0.556376	0.485493	0.581995	0.485493	0.572162	0.545648	0.544867	0.474359	0.511368	0.597341	0.581249	0.515205	0.542939	0.451241	0.563838	0.482297	0.593119	0.578072	0.551319	0.552182	0.545648	0.496345	0.578483	0.578072	0.563762	0.54177	0.570934	0.54754	0.537581	0.530129	0.534446	0.491895	0.54227	0.534576	0.529283	0.556376	0.52007	0.482297	0.464497	0.596533	0.557125	0.54568	0.604245	0.480684	0.505408	0.597405	0.539384	0.515621	0.539535	0.593211	0.558104	0.57154	0.549133	0.534446	0.578133	0.562757	0.533292	0.521448	0.596428	0.557686	0.50882	0.511833	0.549598	0.547456	0.535938	0.558104	0.57631	0.528149	0.52062	0.561063	0.582997	0.5449	0.562757	0.539535	0.582255	0.529589	0.548011	0.532529	0.542939	0.534682	0.515205	0.485493	0.514996	0.579615	0.515205	0.482297	0.532529	0.539535	0.572284	0.559329	0.572	0.508267	0.540012	0.582548	0.598721	0.578072	0.596526	0.548011	0.52645	0.480035	0.582255	0.518811	0.55749	0.563838	0.582997	0.462712	0.555593	0.555593	0.515205	0.568844	0.519381	0.516448	0.556376	0.451241	0.584794	0.564647	0.504303	0.549421	0.585664	0.534576	0.623773	0.483348	0.537202	0.578133	0.554402	0.517699	0.538148	0.545346	0.540978	0.522801	0.544867	0.541752	0.563838	0.558104	0.54562	0.591009	0.529498	0.578072	0.530129	0.529498	0.584814	0.556376	0.572284	0.546171	0.502773	0.489083	0.525707	0.539384	0.539535
45000	slope	-0.46775	-0.4487	-0.44464	-0.431116	-0.455548	-0.47531	-0.442359	-0.440421	-0.450442	-0.444921	-0.473098	-0.449457	-0.452634	-0.429007	-0.483612	-0.440047	-0.458579	-0.481765	-0.509758	-0.47373	-0.44046	-0.481769	-0.437119	-0.438573	-0.446694	-0.468457	-0.436781	-0.473899	-0.501591	-0.49598	-0.494278	-0.463547	-0.445005	-0.440001	-0.467636	-0.459726	-0.500049	-0.465845	-0.436513	-0.450206	-0.448194	-0.45782	-0.472519	-0.461038	-0.468414	-0.447368	-0.475568	-0.418515	-0.456476	-0.474332	-0.458259	-0.492058	-0.484799	-0.466316	-0.432201	-0.459522	-0.456511	-0.459254	-0.411796	-0.48104	-0.478613	-0.454837	-0.424027	-0.477786	-0.460143	-0.440831	-0.448363	-0.459589	-0.490973	-0.442637	-0.455006	-0.472991	-0.423439	-0.481097	-0.453673	-0.441194	-0.505143	-0.460851	-0.452835	-0.444893	-0.516033	-0.461361	-0.44343	-0.470958	-0.441563	-0.468409	-0.466301	-0.501282	-0.467074	-0.444883	-0.444272	-0.471431	-0.426111	-0.521908	-0.447686	-0.491652	-0.468906	-0.461526	-0.481765	-0.498949	-0.455241	-0.476275	-0.453811	-0.476449	-0.484926	-0.467524	-0.472593	-0.439715	-0.487943	-0.516543	-0.465106	-0.486225	-0.479199	-0.463157	-0.470263	-0.455718	-0.436948	-0.446756	-0.470141	-0.447001	-0.47565	-0.47379	-0.487146	-0.458393	-0.462091	-0.513614	-0.495656	-0.443277	-0.448775	-0.463979	-0.460492	-0.454282	-0.447883	-0.415312	-0.453098	-0.51242	-0.418322	-0.47523	-0.446632	-0.474661	-0.457077	-0.518589	-0.49308	-0.458825	-0.451912	-0.486286	-0.456126	-0.48091	-0.488999	-0.487063	-0.432663	-0.450531	-0.472119	-0.483853	-0.438555	-0.482476	-0.424104	-0.437768	-0.416835	-0.491292	-0.462146	-0.452304	-0.44238	-0.425903	-0.474229	-0.452808	-0.442468	-0.509481	-0.436807	-0.502631	-0.455044	-0.513614	-0.464312	-0.48719	-0.484401	-0.505827	-0.478192	-0.474742	-0.439	-0.443487	-0.430265	-0.452634	-0.450609	-0.462027	-0.476451	-0.42331	-0.435452	-0.45173	-0.435065	-0.4606	-0.42152	-0.486441	-0.442867	-0.442366	-0.460428	-0.427921	-0.462842	-0.411044	-0.486206	-0.433399	-0.43465	-0.445523	-0.367102	-0.467865	-0.464958	-0.495695	-0.458724	-0.372055	-0.459778	-0.459177	-0.461036	-0.475562	-0.448947	-0.460876	-0.463678	-0.493422	-0.488974	-0.461036	-0.470058	-0.415643	-0.489608	-0.465487	-0.466732	-0.415236	-0.509406	-0.444232	-0.480619	-0.451873	-0.453638	-0.466128	-0.442457	-0.474294	-0.454556	-0.462617	-0.491106	-0.419899	-0.414385	-0.467734	-0.466606	-0.474276	-0.477641	-0.523603	-0.467589	-0.493422	-0.456037	-0.467865	-0.466732	-0.447081	-0.486576	-0.461036	-0.474276	-0.453512	-0.507264	-0.467865	-0.504547	-0.435407	-0.468265	-0.468075	-0.499843	-0.530801	-0.52268	-0.478926	-0.493347	-0.423142	-0.540996	-0.42458	-0.439589	-0.441537	-0.466962	-0.461591	-0.480619	-0.474276	-0.442512	-0.435407	-0.439589	-0.440414	-0.471191	-0.455061	-0.474276	-0.441537	-0.479086	-0.454556	-0.463678	-0.42259	-0.463307	-0.437003	-0.474276	-0.442512	-0.461325	-0.469455	-0.463678	-0.453512	-0.462617	-0.467865	-0.447253	-0.454556	-0.469417	-0.473729	-0.440614	-0.477963	-0.459531	-0.480619	-0.459177	-0.52268	-0.461651	-0.446921	-0.423142	-0.52268	-0.52268	-0.430478	-0.499843	-0.466128	-0.504547	-0.476845	-0.431919	-0.467893	-0.48305	-0.466385	-0.466462	-0.530801	-0.470422	-0.507975	-0.448002	-0.474276	-0.509769	-0.445523	-0.407595	-0.470892	-0.42975	-0.465979	-0.466462	-0.470371	-0.478062	-0.442512	-0.474276	-0.491106	-0.467017	-0.403191	-0.461036	-0.453638	-0.455036	-0.468265	-0.384003	-0.504395	-0.456986	-0.467836	-0.466962	-0.483733	-0.43116	-0.463678	-0.486576	-0.466152	-0.508565	-0.439589	-0.509223	-0.457089	-0.461036	-0.439834	-0.44898	-0.474276	-0.463888	-0.466152	-0.52268	-0.468265	-0.485773	-0.467017	-0.504547	-0.448622	-0.47051	-0.478062	-0.524044	-0.438003	-0.518294	-0.504547	-0.448935	-0.519823	-0.447081	-0.537669	-0.474333	-0.388896	-0.459177	-0.46459	-0.515395	-0.438677	-0.478062	-0.453887	-0.430478	-0.425201	-0.532952	-0.453638	-0.524844	-0.442512	-0.524044	-0.44898	-0.400296	-0.466462	-0.445691	-0.519823	-0.47798	-0.525822
45000	intercept	0.531017	0.52881	0.532728	0.527627	0.533135	0.554006	0.556501	0.530151	0.509078	0.576143	0.546748	0.542463	0.526841	0.536583	0.549043	0.510806	0.566667	0.542542	0.541285	0.587575	0.546362	0.570372	0.531504	0.527108	0.513794	0.545084	0.537528	0.593431	0.575822	0.53573	0.580646	0.556736	0.536431	0.552785	0.52892	0.548207	0.561891	0.545406	0.54646	0.525234	0.509173	0.524383	0.546359	0.52091	0.539162	0.496159	0.535254	0.530691	0.54168	0.520334	0.535877	0.548846	0.563142	0.571521	0.524577	0.521374	0.556022	0.525203	0.560198	0.524543	0.563601	0.569715	0.544872	0.552875	0.522349	0.53559	0.546677	0.532016	0.527611	0.525052	0.554743	0.55329	0.522924	0.553335	0.538893	0.560407	0.550362	0.571537	0.521419	0.522752	0.526641	0.551679	0.555142	0.538492	0.542906	0.553024	0.508411	0.581159	0.532782	0.575561	0.511763	0.548514	0.537239	0.568271	0.521148	0.534295	0.54111	0.558191	0.549449	0.533178	0.583031	0.555541	0.538339	0.544829	0.540459	0.530427	0.572668	0.540001	0.56777	0.558938	0.576322	0.538344	0.53408	0.554101	0.581807	0.541638	0.521876	0.534166	0.561973	0.525804	0.565153	0.537068	0.55143	0.509019	0.539144	0.553666	0.549967	0.543803	0.555891	0.540104	0.543451	0.522476	0.538447	0.54848	0.568449	0.546913	0.5506	0.557078	0.512856	0.563397	0.540224	0.53976	0.551728	0.543231	0.551571	0.568373	0.531365	0.518909	0.552076	0.555531	0.548442	0.556301	0.555776	0.546317	0.520942	0.521411	0.533491	0.549835	0.549346	0.522631	0.57264	0.551734	0.541211	0.537144	0.555293	0.572518	0.544972	0.568639	0.563761	0.57489	0.514137	0.55644	0.524386	0.536117	0.560966	0.557333	0.536656	0.559203	0.565229	0.549835	0.525633	0.533592	0.523413	0.56752	0.54429	0.548388	0.542245	0.554383	0.535555	0.551766	0.522868	0.538043	0.547582	0.553224	0.528725	0.543293	0.543144	0.560899	0.558066	0.537613	0.511377	0.512956	0.459592	0.549117	0.552499	0.532204	0.550576	0.457029	0.515074	0.524205	0.550315	0.547638	0.568437	0.558761	0.531978	0.544748	0.574348	0.550315	0.570675	0.555004	0.53484	0.53484	0.538314	0.527623	0.532844	0.516626	0.532204	0.522315	0.523193	0.535545	0.534711	0.537174	0.501213	0.55215	0.591444	0.538382	0.550851	0.530405	0.547164	0.536271	0.581842	0.529182	0.538314	0.544748	0.582899	0.549117	0.53068	0.531365	0.581358	0.550315	0.548225	0.497787	0.541054	0.549117	0.567014	0.548245	0.541151	0.531251	0.533449	0.594484	0.540318	0.548225	0.583419	0.512531	0.591622	0.557884	0.55163	0.568406	0.547638	0.516882	0.532204	0.547423	0.549035	0.552182	0.575769	0.529801	0.570801	0.549741	0.543741	0.559036	0.547164	0.506311	0.536414	0.531995	0.542854	0.512531	0.531089	0.549035	0.530405	0.539265	0.536414	0.497787	0.55215	0.549117	0.511723	0.509374	0.533669	0.604188	0.53474	0.52206	0.536528	0.532204	0.524205	0.546934	0.496765	0.531252	0.489947	0.540318	0.540318	0.528928	0.533449	0.54508	0.567014	0.511552	0.518934	0.524413	0.551504	0.534699	0.550336	0.594484	0.525675	0.567014	0.557266	0.531089	0.549433	0.5215	0.532242	0.581952	0.528928	0.54003	0.550336	0.562078	0.534832	0.549035	0.525269	0.591444	0.531694	0.569764	0.550315	0.514905	0.566893	0.541151	0.544626	0.589159	0.529959	0.556356	0.547638	0.538183	0.534409	0.540941	0.581358	0.5844	0.567014	0.555133	0.567014	0.520103	0.550315	0.519	0.568885	0.538251	0.544036	0.547164	0.540318	0.541151	0.580654	0.547227	0.553817	0.517073	0.536061	0.534832	0.567014	0.556305	0.554338	0.567014	0.51308	0.547832	0.531365	0.594484	0.536528	0.524726	0.524205	0.517791	0.53484	0.562514	0.534832	0.519	0.528928	0.562514	0.558483	0.523193	0.553102	0.549035	0.567014	0.574101	0.555004	0.550336	0.539461	0.547832	0.547638	0.576823
46000	slope	-0.442344	-0.461008	-0.468666	-0.445592	-0.442837	-0.466866	-0.457125	-0.448438	-0.457397	-0.521002	-0.478312	-0.433433	-0.447383	-0.504214	-0.43816	-0.444182	-0.49346	-0.452924	-0.440718	-0.482809	-0.450404	-0.501958	-0.476076	-0.423536	-0.425317	-0.477893	-0.445336	-0.459779	-0.447481	-0.5349	-0.457984	-0.452536	-0.465401	-0.470274	-0.469741	-0.468751	-0.462117	-0.451739	-0.466028	-0.447993	-0.486629	-0.439803	-0.475077	-0.431588	-0.448671	-0.464563	-0.424226	-0.47122	-0.44855	-0.448144	-0.480178	-0.464956	-0.449539	-0.460714	-0.471012	-0.480505	-0.464671	-0.449461	-0.502993	-0.483866	-0.477795	-0.445291	-0.445634	-0.434716	-0.464458	-0.441423	-0.493208	-0.464723	-0.454571	-0.423364	-0.432433	-0.43026	-0.434714	-0.449154	-0.454976	-0.480758	-0.445321	-0.497899	-0.501891	-0.457765	-0.451655	-0.447706	-0.463075	-0.503584	-0.499075	-0.474274	-0.447107	-0.491875	-0.454742	-0.49384	-0.463351	-0.495643	-0.438353	-0.450623	-0.4451	-0.451052	-0.452289	-0.488354	-0.454802	-0.459778	-0.451692	-0.437365	-0.456355	-0.453091	-0.502472	-0.453853	-0.461223	-0.463215	-0.459175	-0.47066	-0.465643	-0.454325	-0.441779	-0.455067	-0.448184	-0.462945	-0.440422	-0.455382	-0.420021	-0.470851	-0.442734	-0.477246	-0.488672	-0.459262	-0.441128	-0.455024	-0.449606	-0.434109	-0.447971	-0.50299	-0.454779	-0.417686	-0.472717	-0.449676	-0.444691	-0.428263	-0.446548	-0.429606	-0.456697	-0.446982	-0.423536	-0.439319	-0.446624	-0.460412	-0.398659	-0.433684	-0.424651	-0.473797	-0.5422	-0.438031	-0.47699	-0.457473	-0.450326	-0.465001	-0.483305	-0.482402	-0.451262	-0.44979	-0.460471	-0.487118	-0.453026	-0.432529	-0.446056	-0.424375	-0.479492	-0.48192	-0.460921	-0.486776	-0.439652	-0.450593	-0.454235	-0.463567	-0.437471	-0.457925	-0.461452	-0.46257	-0.45077	-0.409664	-0.486023	-0.436579	-0.449836	-0.460017	-0.42449	-0.43125	-0.449161	-0.432792	-0.458197	-0.474789	-0.418407	-0.456931	-0.448026	-0.450526	-0.4949	-0.481023	-0.461371	-0.468941	-0.480423	-0.492317	-0.443706	-0.468874	-0.495875	-0.429846	-0.455234	-0.500339	-0.465204	-0.469934	-0.42557	-0.460833	-0.52576	-0.539203	-0.48239	-0.424204	-0.454207	-0.545196	-0.465938	-0.415888	-0.445353	-0.43355	-0.47117	-0.398891	-0.448477	-0.438997	-0.475325	-0.445244	-0.461381	-0.424426	-0.518886	-0.515599	-0.495875	-0.517443	-0.539203	-0.417771	-0.517472	-0.530261	-0.457633	-0.491145	-0.432159	-0.47117	-0.503161	-0.472429	-0.448477	-0.463685	-0.491145	-0.449045	-0.451656	-0.458161	-0.436987	-0.458961	-0.465072	-0.444366	-0.438997	-0.489323	-0.465204	-0.413209	-0.459626	-0.445353	-0.464676	-0.447288	-0.445244	-0.457633	-0.555708	-0.452116	-0.465204	-0.473405	-0.448477	-0.484995	-0.461097	-0.446351	-0.473066	-0.495033	-0.488039	-0.436716	-0.475482	-0.420501	-0.452954	-0.454434	-0.429402	-0.458161	-0.454207	-0.444366	-0.398891	-0.478128	-0.454434	-0.43978	-0.444366	-0.439144	-0.420501	-0.452116	-0.420098	-0.439222	-0.478049	-0.48281	-0.446351	-0.493403	-0.421299	-0.439366	-0.47117	-0.500339	-0.407112	-0.426806	-0.436987	-0.464708	-0.458899	-0.434752	-0.484995	-0.454688	-0.430788	-0.448487	-0.449596	-0.48281	-0.457633	-0.475252	-0.4915	-0.479525	-0.489744	-0.489361	-0.447605	-0.449045	-0.470607	-0.465938	-0.466615	-0.476172	-0.475352	-0.424204	-0.485578	-0.476172	-0.52129	-0.412579	-0.447605	-0.417771	-0.454688	-0.496157	-0.479936	-0.487483	-0.465204	-0.435357	-0.448477	-0.416295	-0.48239	-0.455681	-0.476295	-0.417771	-0.454359	-0.515599	-0.473066	-0.543223	-0.466108	-0.476295	-0.433414	-0.506847	-0.454207	-0.452954	-0.445361	-0.445244	-0.45488	-0.417771	-0.449596	-0.452116	-0.42557	-0.461756	-0.461381	-0.472429	-0.469496	-0.476172	-0.438997	-0.454434	-0.454688	-0.451008	-0.48281	-0.495875	-0.446351	-0.421299	-0.422271	-0.483386	-0.491145	-0.496157	-0.421743	-0.452954	-0.472429	-0.458887	-0.465742	-0.428263	-0.428513	-0.419916	-0.445365	-0.435357	-0.454434	-0.465938	-0.459054	-0.52395	-0.433152	-0.515599	-0.43597	-0.458887	-0.447605	-0.456976	-0.518886	-0.447354	-0.442746	-0.409461
46000	intercept	0.523937	0.544605	0.555822	0.552268	0.529311	0.519494	0.542154	0.513957	0.551348	0.547429	0.521657	0.56968	0.531399	0.544769	0.550281	0.551958	0.523803	0.510848	0.5341	0.528662	0.543427	0.602217	0.527868	0.551519	0.563037	0.519704	0.5381	0.552123	0.511198	0.562421	0.548406	0.556812	0.527723	0.537785	0.548352	0.540621	0.557639	0.533321	0.5471	0.543091	0.5443	0.526172	0.556451	0.510738	0.531117	0.515755	0.532906	0.534547	0.520242	0.534566	0.545964	0.540765	0.515074	0.534578	0.512012	0.522603	0.54447	0.552814	0.537606	0.505792	0.543461	0.525921	0.532028	0.553568	0.531154	0.544094	0.51061	0.538947	0.53356	0.544035	0.539421	0.529694	0.522747	0.54282	0.551546	0.539877	0.530482	0.580629	0.522448	0.547776	0.543332	0.502518	0.51029	0.538468	0.534517	0.537112	0.549038	0.552939	0.566019	0.561907	0.508694	0.555639	0.554703	0.538729	0.562478	0.546839	0.564106	0.536866	0.535542	0.505345	0.507086	0.533443	0.519814	0.547703	0.547155	0.551076	0.55497	0.567886	0.53331	0.542249	0.533279	0.540325	0.52694	0.544745	0.538959	0.51758	0.516805	0.565407	0.561943	0.537055	0.537552	0.525303	0.536666	0.530404	0.519125	0.534811	0.535884	0.542352	0.563981	0.548242	0.542593	0.532312	0.521523	0.539601	0.542583	0.543828	0.551361	0.518594	0.545351	0.52566	0.557158	0.549426	0.56695	0.532603	0.547929	0.526894	0.531395	0.564691	0.589777	0.546312	0.530242	0.522045	0.513052	0.572607	0.529061	0.527545	0.560052	0.542009	0.552546	0.574148	0.525162	0.542203	0.517488	0.555896	0.551683	0.540554	0.522896	0.569645	0.5343	0.524846	0.544753	0.532663	0.555377	0.541342	0.521287	0.533667	0.543865	0.542303	0.540014	0.543491	0.516385	0.549953	0.546178	0.543866	0.546449	0.55533	0.533636	0.576105	0.503948	0.53767	0.544696	0.53747	0.571975	0.5428	0.56572	0.543321	0.513624	0.551444	0.55134	0.523271	0.532125	0.499317	0.515072	0.547809	0.560606	0.541983	0.576731	0.507934	0.613142	0.586502	0.559385	0.559553	0.519881	0.594733	0.520426	0.504013	0.525109	0.582487	0.525269	0.51155	0.528308	0.561145	0.546465	0.564959	0.56192	0.552056	0.565941	0.531467	0.532125	0.53834	0.604651	0.563835	0.563391	0.588661	0.520321	0.529931	0.54187	0.525269	0.563817	0.570901	0.535154	0.537792	0.528332	0.522449	0.499317	0.57563	0.538674	0.565777	0.509572	0.526787	0.561145	0.529102	0.560606	0.535045	0.533726	0.525109	0.52563	0.515281	0.564959	0.52314	0.608515	0.535315	0.569997	0.579767	0.535154	0.502054	0.537401	0.528205	0.562382	0.515099	0.559385	0.537258	0.511841	0.538313	0.474075	0.5393	0.542352	0.559028	0.517488	0.526787	0.51155	0.509203	0.5393	0.558777	0.526787	0.526554	0.552056	0.535315	0.538788	0.530533	0.570426	0.535215	0.528205	0.539009	0.538788	0.530651	0.528531	0.547809	0.53255	0.544527	0.538674	0.552565	0.558016	0.507934	0.502054	0.530025	0.504013	0.526554	0.50761	0.534609	0.511988	0.507934	0.552565	0.502609	0.527082	0.543278	0.529004	0.522449	0.507934	0.520426	0.555099	0.55415	0.553788	0.559553	0.536621	0.550682	0.563391	0.564601	0.529004	0.546178	0.530025	0.54061	0.562382	0.575927	0.569997	0.526236	0.533726	0.558777	0.559385	0.570901	0.530242	0.546178	0.563109	0.531467	0.562382	0.533577	0.511988	0.521501	0.558777	0.61239	0.517488	0.48139	0.544489	0.563109	0.549506	0.546178	0.494856	0.535315	0.567224	0.526863	0.56192	0.570901	0.548553	0.585465	0.561145	0.5393	0.530025	0.563109	0.534609	0.551249	0.528469	0.538788	0.577708	0.500007	0.531527	0.54061	0.538674	0.474075	0.570901	0.526863	0.50565	0.559277	0.55686	0.562655	0.523484	0.526236	0.5393	0.520426	0.569087	0.61239	0.516122	0.536442	0.552919	0.526863	0.518987	0.491134	0.563516	0.512532	0.506072	0.546178
47000	slope	-0.462107	-0.448631	-0.491246	-0.453215	-0.459505	-0.470882	-0.441494	-0.429151	-0.496696	-0.483154	-0.442379	-0.421604	-0.479133	-0.465191	-0.462034	-0.446356	-0.441324	-0.435073	-0.468918	-0.46428	-0.444554	-0.474466	-0.458427	-0.465252	-0.43936	-0.453205	-0.505629	-0.43545	-0.453324	-0.434765	-0.487416	-0.511774	-0.46918	-0.44084	-0.446558	-0.439219	-0.456652	-0.439926	-0.463582	-0.434517	-0.431399	-0.439237	-0.436184	-0.472707	-0.446603	-0.44212	-0.407641	-0.466647	-0.471445	-0.478494	-0.445443	-0.434275	-0.460053	-0.446558	-0.440426	-0.453355	-0.480949	-0.423904	-0.470177	-0.430067	-0.439976	-0.464603	-0.488613	-0.454157	-0.452224	-0.450296	-0.485447	-0.450359	-0.442256	-0.424127	-0.446114	-0.452198	-0.46075	-0.450629	-0.492442	-0.430652	-0.491637	-0.491919	-0.468008	-0.453882	-0.450445	-0.440611	-0.4397	-0.475269	-0.461453	-0.442954	-0.524332	-0.476726	-0.46193	-0.433114	-0.497026	-0.445153	-0.450348	-0.458522	-0.498684	-0.460544	-0.437813	-0.465653	-0.47352	-0.431149	-0.467177	-0.455963	-0.441742	-0.440336	-0.454144	-0.458859	-0.456631	-0.419228	-0.424855	-0.527777	-0.430368	-0.45016	-0.469991	-0.423468	-0.47824	-0.456595	-0.432472	-0.455575	-0.44784	-0.482751	-0.446548	-0.427961	-0.447922	-0.465419	-0.436982	-0.438963	-0.48367	-0.477952	-0.464729	-0.527904	-0.43783	-0.440339	-0.445752	-0.472706	-0.454027	-0.433707	-0.417123	-0.418092	-0.481335	-0.465191	-0.485933	-0.440991	-0.473768	-0.450821	-0.446277	-0.430299	-0.449641	-0.444383	-0.399425	-0.5019	-0.445507	-0.45559	-0.448835	-0.474742	-0.429433	-0.456923	-0.442011	-0.468956	-0.474677	-0.441346	-0.461197	-0.4379	-0.480553	-0.457643	-0.426325	-0.435663	-0.403884	-0.461234	-0.445195	-0.404744	-0.442171	-0.497829	-0.459734	-0.530619	-0.413356	-0.408152	-0.474465	-0.448167	-0.479169	-0.430265	-0.463188	-0.447786	-0.455417	-0.415124	-0.468751	-0.435447	-0.427706	-0.447593	-0.43474	-0.457464	-0.424892	-0.429166	-0.407927	-0.434978	-0.465609	-0.442888	-0.464364	-0.425237	-0.475807	-0.468333	-0.491241	-0.402594	-0.468221	-0.392156	-0.414126	-0.431002	-0.424895	-0.527928	-0.54463	-0.444456	-0.416709	-0.480328	-0.480508	-0.408698	-0.433471	-0.415572	-0.499924	-0.468221	-0.493068	-0.439706	-0.459868	-0.407641	-0.500853	-0.446084	-0.424895	-0.450499	-0.418513	-0.525501	-0.406339	-0.414126	-0.493089	-0.493442	-0.477919	-0.385268	-0.493089	-0.444079	-0.451686	-0.454173	-0.483458	-0.496098	-0.449822	-0.436869	-0.484122	-0.468346	-0.451686	-0.572791	-0.479156	-0.452359	-0.457194	-0.445719	-0.46646	-0.467881	-0.469226	-0.470156	-0.422841	-0.486509	-0.496503	-0.416224	-0.431002	-0.409483	-0.488562	-0.437422	-0.454433	-0.444508	-0.527928	-0.45077	-0.501352	-0.479865	-0.467526	-0.483458	-0.425696	-0.454173	-0.424306	-0.470561	-0.48466	-0.423757	-0.418347	-0.440048	-0.433471	-0.414569	-0.469226	-0.422716	-0.451062	-0.435624	-0.467351	-0.489023	-0.454433	-0.481007	-0.560925	-0.483017	-0.440505	-0.444456	-0.427812	-0.401013	-0.483987	-0.522696	-0.407671	-0.470697	-0.438042	-0.488408	-0.451839	-0.419741	-0.441451	-0.460982	-0.421142	-0.447549	-0.437269	-0.445058	-0.454433	-0.446084	-0.46642	-0.494286	-0.475872	-0.496295	-0.454571	-0.400137	-0.538745	-0.483458	-0.454173	-0.469776	-0.436869	-0.420562	-0.465418	-0.463599	-0.459203	-0.441486	-0.493442	-0.440048	-0.45077	-0.453569	-0.454173	-0.458896	-0.419049	-0.412191	-0.491241	-0.460442	-0.406339	-0.409272	-0.407671	-0.475872	-0.461818	-0.453705	-0.444652	-0.414445	-0.479865	-0.452169	-0.436333	-0.444456	-0.518964	-0.480919	-0.408698	-0.468655	-0.451607	-0.503493	-0.431474	-0.483987	-0.462107	-0.485777	-0.495355	-0.446084	-0.444456	-0.427812	-0.508585	-0.402178	-0.454433	-0.452386	-0.45077	-0.468221	-0.44642	-0.437269	-0.468221	-0.453255	-0.458483	-0.402605	-0.543754	-0.475872	-0.470156	-0.44642	-0.470156	-0.451226	-0.467351	-0.437596	-0.422451	-0.447521	-0.479156	-0.452386	-0.41827	-0.455869	-0.442983	-0.414445	-0.470561	-0.426019	-0.493318	-0.468521	-0.454173	-0.437596	-0.428694	-0.431648	-0.483854	-0.424785
47000	intercept	0.525224	0.501324	0.57676	0.527537	0.558795	0.548639	0.552752	0.539065	0.553961	0.548478	0.551465	0.563176	0.545305	0.52334	0.542049	0.545996	0.53525	0.5223	0.562807	0.541515	0.55166	0.55768	0.520872	0.48804	0.529936	0.558148	0.546377	0.516748	0.566695	0.557615	0.566077	0.543052	0.553757	0.580752	0.545841	0.536503	0.559382	0.550469	0.573622	0.516514	0.504827	0.529203	0.524037	0.559655	0.491849	0.58848	0.53389	0.500264	0.567439	0.563123	0.53981	0.532748	0.562615	0.545062	0.523609	0.581382	0.542996	0.531642	0.528769	0.534418	0.551096	0.52159	0.558718	0.544024	0.537397	0.521502	0.555788	0.553467	0.533748	0.48809	0.576779	0.554366	0.549832	0.566306	0.527549	0.542158	0.540784	0.549366	0.553045	0.535882	0.520308	0.529937	0.52871	0.525097	0.554379	0.486534	0.555067	0.54072	0.530683	0.563767	0.537535	0.523112	0.558354	0.546671	0.544253	0.527818	0.567233	0.536858	0.520275	0.514739	0.532813	0.482982	0.552078	0.51202	0.55493	0.549544	0.508722	0.532331	0.54817	0.562022	0.542503	0.534924	0.572561	0.55781	0.558851	0.58563	0.532646	0.544835	0.523378	0.536273	0.562073	0.552743	0.57085	0.500963	0.482471	0.561539	0.502783	0.575793	0.590427	0.546883	0.530632	0.514606	0.508465	0.551118	0.499361	0.563824	0.565175	0.526404	0.568405	0.504959	0.53883	0.573482	0.515953	0.551158	0.54768	0.538028	0.549366	0.568979	0.540166	0.527309	0.564122	0.600952	0.552021	0.54058	0.548627	0.519055	0.555956	0.574079	0.563244	0.588456	0.546313	0.538793	0.57535	0.552554	0.508549	0.532451	0.531054	0.529671	0.505483	0.513931	0.572441	0.540262	0.558143	0.542435	0.568734	0.538326	0.51118	0.540745	0.535869	0.515553	0.555445	0.561197	0.535287	0.556272	0.548054	0.545034	0.522853	0.555292	0.568755	0.528874	0.509735	0.552829	0.550287	0.561588	0.540256	0.572969	0.561639	0.512659	0.489278	0.566404	0.569915	0.519568	0.528543	0.567191	0.556141	0.498654	0.57858	0.553923	0.553761	0.447134	0.546442	0.517613	0.549554	0.587152	0.5457	0.534388	0.527999	0.508377	0.529096	0.557343	0.529096	0.526142	0.501622	0.514922	0.56314	0.541104	0.54135	0.553923	0.582535	0.556141	0.563076	0.553923	0.570265	0.509953	0.563076	0.558952	0.562383	0.564084	0.548564	0.569089	0.494387	0.542825	0.548992	0.518524	0.53674	0.563221	0.551092	0.563466	0.596403	0.577006	0.501781	0.544839	0.559813	0.526601	0.547892	0.518717	0.580391	0.524345	0.498654	0.524935	0.508271	0.562687	0.566007	0.562182	0.553923	0.534632	0.531657	0.543413	0.517768	0.548564	0.573569	0.549395	0.528029	0.553438	0.543704	0.549058	0.582535	0.510356	0.550569	0.550335	0.559813	0.517752	0.501063	0.534388	0.563099	0.548055	0.566007	0.59315	0.549143	0.530546	0.613309	0.452566	0.5457	0.522681	0.570265	0.584483	0.506998	0.521303	0.564875	0.529096	0.52344	0.475307	0.519804	0.484778	0.545846	0.557465	0.540067	0.536118	0.566007	0.514922	0.511669	0.59315	0.517156	0.570655	0.501063	0.522681	0.553923	0.548564	0.564084	0.563466	0.542825	0.523003	0.549554	0.546156	0.538473	0.596403	0.553923	0.525109	0.534632	0.525281	0.549395	0.613309	0.524345	0.54024	0.569915	0.587786	0.582535	0.53389	0.506998	0.517156	0.607242	0.544262	0.505407	0.510664	0.543413	0.557465	0.595975	0.452566	0.550964	0.521195	0.587152	0.565313	0.574395	0.544675	0.550523	0.577903	0.573611	0.546989	0.561231	0.514922	0.452566	0.5457	0.538676	0.520511	0.565101	0.515665	0.503118	0.528543	0.47892	0.540067	0.528543	0.495588	0.558952	0.476124	0.553923	0.494851	0.526601	0.462101	0.526601	0.495588	0.594719	0.501778	0.565512	0.503134	0.559026	0.509986	0.564223	0.570131	0.567985	0.517752	0.553438	0.514854	0.535403	0.515665	0.549395	0.501778	0.524796	0.511746	0.537772	0.551644
48000	slope	-0.489106	-0.422632	-0.478848	-0.42246	-0.442723	-0.485726	-0.486736	-0.477223	-0.444683	-0.5089	-0.439303	-0.498636	-0.451678	-0.471127	-0.504979	-0.471379	-0.455041	-0.488297	-0.432499	-0.484025	-0.470197	-0.45036	-0.464066	-0.440239	-0.469928	-0.499287	-0.476854	-0.451942	-0.452938	-0.410114	-0.47802	-0.460371	-0.461439	-0.48539	-0.433813	-0.448945	-0.477853	-0.45241	-0.488359	-0.47358	-0.488908	-0.457309	-0.438322	-0.445136	-0.472531	-0.479818	-0.453898	-0.448221	-0.450347	-0.469987	-0.406994	-0.476004	-0.463842	-0.448828	-0.466461	-0.43173	-0.444827	-0.424875	-0.479349	-0.509339	-0.468062	-0.446683	-0.441653	-0.455245	-0.433192	-0.449391	-0.473988	-0.487348	-0.467087	-0.434907	-0.447297	-0.424072	-0.429634	-0.460533	-0.461552	-0.433324	-0.487577	-0.478587	-0.470276	-0.468709	-0.477927	-0.486353	-0.403376	-0.4419	-0.474566	-0.444008	-0.46065	-0.445441	-0.473468	-0.446139	-0.456164	-0.512992	-0.409159	-0.458902	-0.462997	-0.478199	-0.463662	-0.447898	-0.471743	-0.46373	-0.494125	-0.45116	-0.45418	-0.441783	-0.497836	-0.467333	-0.449583	-0.496102	-0.48849	-0.445982	-0.442657	-0.471512	-0.472863	-0.429076	-0.465224	-0.443162	-0.475653	-0.438265	-0.462542	-0.456797	-0.441479	-0.463041	-0.476567	-0.465634	-0.422613	-0.417025	-0.449766	-0.472657	-0.454442	-0.454178	-0.454606	-0.430942	-0.480371	-0.446955	-0.449894	-0.480304	-0.460437	-0.418242	-0.49236	-0.500552	-0.410146	-0.436676	-0.464422	-0.505971	-0.433131	-0.484958	-0.49686	-0.476701	-0.454069	-0.498105	-0.460199	-0.450627	-0.453002	-0.502109	-0.440816	-0.478853	-0.509355	-0.473955	-0.455499	-0.451036	-0.471512	-0.459196	-0.46272	-0.475964	-0.485725	-0.475977	-0.460619	-0.453439	-0.474873	-0.470889	-0.483816	-0.461469	-0.452248	-0.476069	-0.448577	-0.441747	-0.462453	-0.427978	-0.495907	-0.494491	-0.474572	-0.497664	-0.479512	-0.48934	-0.450407	-0.462305	-0.472809	-0.455531	-0.458483	-0.447878	-0.474527	-0.500245	-0.452867	-0.444141	-0.493456	-0.476575	-0.462974	-0.429085	-0.450507	-0.495231	-0.518866	-0.460019	-0.479512	-0.478083	-0.494524	-0.495445	-0.472566	-0.479387	-0.479708	-0.45673	-0.461456	-0.468628	-0.414425	-0.470051	-0.505332	-0.460019	-0.461456	-0.483821	-0.465263	-0.500804	-0.435124	-0.448033	-0.403127	-0.501706	-0.486551	-0.453575	-0.403625	-0.501922	-0.445617	-0.489696	-0.452748	-0.432549	-0.430391	-0.538427	-0.417687	-0.488214	-0.396735	-0.439409	-0.462124	-0.411336	-0.431171	-0.427998	-0.483493	-0.484069	-0.45669	-0.455355	-0.448676	-0.494623	-0.499687	-0.47769	-0.455293	-0.431171	-0.467584	-0.485026	-0.498917	-0.460019	-0.3903	-0.453455	-0.434979	-0.445617	-0.403026	-0.455721	-0.412969	-0.403127	-0.430154	-0.460019	-0.461635	-0.435124	-0.460124	-0.487504	-0.468383	-0.502342	-0.408879	-0.465448	-0.499687	-0.486551	-0.499687	-0.462496	-0.456807	-0.437713	-0.483821	-0.436857	-0.473162	-0.476691	-0.462312	-0.396358	-0.403127	-0.437806	-0.50239	-0.454824	-0.460659	-0.460019	-0.446409	-0.454599	-0.461314	-0.441338	-0.472147	-0.44643	-0.441016	-0.464537	-0.45619	-0.453455	-0.441338	-0.460467	-0.434979	-0.558074	-0.408879	-0.480776	-0.412969	-0.44643	-0.470051	-0.449548	-0.403127	-0.472758	-0.430154	-0.467579	-0.486551	-0.477046	-0.509487	-0.486551	-0.420423	-0.472147	-0.453575	-0.403625	-0.449193	-0.403127	-0.408879	-0.453455	-0.454599	-0.444945	-0.472758	-0.398701	-0.526691	-0.49548	-0.494524	-0.434746	-0.511075	-0.467542	-0.496648	-0.499687	-0.472147	-0.42675	-0.427107	-0.447248	-0.500292	-0.449193	-0.43634	-0.497792	-0.441016	-0.442155	-0.476374	-0.45673	-0.461982	-0.461635	-0.430154	-0.452926	-0.479387	-0.477967	-0.434004	-0.395726	-0.396358	-0.481535	-0.484069	-0.49505	-0.428685	-0.470744	-0.440906	-0.500804	-0.45888	-0.403026	-0.441338	-0.455293	-0.472323	-0.434979	-0.447248	-0.461982	-0.460935	-0.479512	-0.484102	-0.442099	-0.443337	-0.470051	-0.484069	-0.42319	-0.481535	-0.479043	-0.39893	-0.396735	-0.500804	-0.463043	-0.487645	-0.440499	-0.480571	-0.455319	-0.505652	-0.499687	-0.399476	-0.499054	-0.434979	-0.455293
48000	intercept	0.517833	0.512444	0.563203	0.537693	0.545119	0.568329	0.527654	0.55395	0.555605	0.55376	0.521782	0.559982	0.550793	0.527044	0.540046	0.556741	0.553323	0.552958	0.563755	0.56139	0.54924	0.55742	0.540228	0.544311	0.536487	0.523417	0.549004	0.545701	0.55882	0.535139	0.554337	0.582879	0.558256	0.578842	0.500832	0.555606	0.547981	0.517913	0.543509	0.543598	0.540823	0.552943	0.532781	0.577949	0.563058	0.558333	0.520074	0.571349	0.535523	0.501311	0.565237	0.567109	0.539337	0.55591	0.536256	0.544333	0.54681	0.52591	0.560058	0.567868	0.532121	0.560644	0.536465	0.518035	0.557861	0.514316	0.567974	0.529094	0.563849	0.531241	0.553025	0.568277	0.531696	0.555426	0.542693	0.556184	0.553304	0.566332	0.540787	0.535523	0.548177	0.533989	0.536217	0.532248	0.5744	0.545469	0.537214	0.514864	0.57351	0.531834	0.564044	0.563711	0.529581	0.563128	0.528254	0.528344	0.517854	0.514152	0.533607	0.543442	0.540926	0.555192	0.54422	0.516446	0.570664	0.574059	0.510168	0.567294	0.571014	0.517079	0.547971	0.544662	0.572311	0.513599	0.568847	0.546535	0.539491	0.526706	0.568867	0.558952	0.545457	0.51775	0.572811	0.549225	0.538885	0.54754	0.562127	0.564946	0.572921	0.569628	0.587287	0.566934	0.530426	0.575274	0.567628	0.550892	0.599074	0.535676	0.558682	0.556015	0.533116	0.549392	0.535825	0.558269	0.530959	0.567126	0.543239	0.568896	0.526112	0.551806	0.534399	0.527646	0.578371	0.554065	0.549628	0.523323	0.546263	0.52144	0.53363	0.557477	0.548606	0.55341	0.570891	0.560296	0.559594	0.536565	0.531466	0.541628	0.542348	0.568548	0.553176	0.540605	0.556808	0.529911	0.521936	0.547121	0.534183	0.535524	0.55283	0.56407	0.522503	0.561994	0.549008	0.567021	0.534243	0.532582	0.559568	0.547178	0.547585	0.543669	0.56588	0.596871	0.51975	0.541999	0.578835	0.559069	0.537259	0.552878	0.555846	0.524474	0.547956	0.604722	0.540637	0.558206	0.522727	0.578325	0.546498	0.528537	0.49385	0.530123	0.494216	0.522727	0.516292	0.553481	0.564833	0.604722	0.494216	0.540496	0.537527	0.601262	0.5357	0.521629	0.556141	0.505835	0.578325	0.512049	0.516292	0.519015	0.546408	0.559725	0.532153	0.542145	0.537195	0.553063	0.587752	0.558206	0.524672	0.564914	0.555101	0.530472	0.5357	0.510979	0.530825	0.560066	0.566089	0.59029	0.53422	0.507946	0.57567	0.558382	0.590983	0.5357	0.52315	0.527966	0.52828	0.604722	0.553842	0.511155	0.572447	0.542397	0.517765	0.571349	0.543104	0.55486	0.513702	0.604722	0.574493	0.5357	0.551783	0.544546	0.583509	0.601262	0.511869	0.574775	0.567694	0.578325	0.57567	0.551699	0.568587	0.556454	0.551081	0.537835	0.565376	0.562838	0.574493	0.507001	0.556141	0.541875	0.622993	0.52573	0.530123	0.604722	0.537891	0.501164	0.557804	0.557016	0.565408	0.478106	0.557016	0.575168	0.530245	0.530245	0.557016	0.55867	0.572447	0.544422	0.492172	0.58175	0.543104	0.478106	0.551081	0.583718	0.556141	0.550119	0.516219	0.56535	0.578325	0.518506	0.575583	0.578325	0.548374	0.541791	0.512049	0.516292	0.570931	0.556141	0.51788	0.530245	0.494681	0.548604	0.550119	0.506439	0.55225	0.51851	0.522727	0.572447	0.525688	0.539644	0.557818	0.57567	0.565408	0.531936	0.572447	0.571349	0.555991	0.571349	0.534978	0.519015	0.557016	0.537226	0.570116	0.513959	0.546425	0.574493	0.52928	0.579958	0.528537	0.570116	0.5357	0.504454	0.507001	0.565467	0.560066	0.555991	0.536691	0.561929	0.537835	0.592194	0.565467	0.517765	0.557016	0.575058	0.530245	0.572447	0.571349	0.546425	0.556601	0.54165	0.578325	0.521629	0.521629	0.558382	0.560066	0.540841	0.565467	0.531796	0.517055	0.511356	0.601262	0.532897	0.568025	0.530894	0.553115	0.537136	0.578416	0.57567	0.532667	0.57567	0.581896	0.576537
49000	slope	-0.488248	-0.493458	-0.477911	-0.492794	-0.441275	-0.468224	-0.482514	-0.456695	-0.479445	-0.469632	-0.509445	-0.499562	-0.474827	-0.484566	-0.444963	-0.452013	-0.463385	-0.482272	-0.459495	-0.458334	-0.480327	-0.484354	-0.445828	-0.490697	-0.477898	-0.456684	-0.459725	-0.489763	-0.394987	-0.521093	-0.482734	-0.440456	-0.4548	-0.442621	-0.482734	-0.469506	-0.462183	-0.496725	-0.473652	-0.403405	-0.495614	-0.478479	-0.488632	-0.45339	-0.464142	-0.482076	-0.47786	-0.492133	-0.433916	-0.485348	-0.525631	-0.51154	-0.481222	-0.480454	-0.478159	-0.518884	-0.45408	-0.49338	-0.512464	-0.488893	-0.470203	-0.434191	-0.465214	-0.509842	-0.449972	-0.476334	-0.484198	-0.517546	-0.481677	-0.475228	-0.447698	-0.497695	-0.427388	-0.441915	-0.446271	-0.460315	-0.485694	-0.452096	-0.491815	-0.498951	-0.468426	-0.443881	-0.479724	-0.440246	-0.528292	-0.468118	-0.448158	-0.495571	-0.48991	-0.453602	-0.444035	-0.492318	-0.469444	-0.463435	-0.484427	-0.468269	-0.498524	-0.448948	-0.458922	-0.469158	-0.489878	-0.484142	-0.468407	-0.502697	-0.428534	-0.459805	-0.456752	-0.457541	-0.442163	-0.460555	-0.457224	-0.506487	-0.460114	-0.411148	-0.48205	-0.510595	-0.482848	-0.465858	-0.43213	-0.432468	-0.486102	-0.501485	-0.423891	-0.477774	-0.471372	-0.46823	-0.416461	-0.430198	-0.476697	-0.505795	-0.472578	-0.446958	-0.484526	-0.473218	-0.448722	-0.495604	-0.444923	-0.459704	-0.469789	-0.413552	-0.484176	-0.474516	-0.448637	-0.456897	-0.4745	-0.52833	-0.45605	-0.435952	-0.492315	-0.505219	-0.480594	-0.487725	-0.509645	-0.470876	-0.480771	-0.431754	-0.475484	-0.482434	-0.475779	-0.489914	-0.470235	-0.491622	-0.475021	-0.470765	-0.481768	-0.471395	-0.474435	-0.4605	-0.454453	-0.457112	-0.478707	-0.501129	-0.43014	-0.47569	-0.524901	-0.435413	-0.481914	-0.455094	-0.501084	-0.472908	-0.447656	-0.493161	-0.430575	-0.452347	-0.487928	-0.458693	-0.505904	-0.516317	-0.502171	-0.429321	-0.503396	-0.486748	-0.519588	-0.491289	-0.49841	-0.460409	-0.469596	-0.480375	-0.477419	-0.484949	-0.503196	-0.450267	-0.433305	-0.497424	-0.444982	-0.457044	-0.492371	-0.546042	-0.51454	-0.471406	-0.404451	-0.443276	-0.50631	-0.51454	-0.428458	-0.49607	-0.486682	-0.467941	-0.410629	-0.403453	-0.482281	-0.498417	-0.46914	-0.436252	-0.511707	-0.466756	-0.451165	-0.428458	-0.416	-0.483701	-0.463927	-0.470074	-0.506324	-0.522396	-0.450146	-0.477981	-0.447107	-0.482508	-0.509878	-0.453379	-0.51454	-0.503882	-0.478846	-0.511707	-0.477376	-0.536862	-0.473202	-0.50221	-0.522396	-0.503647	-0.551687	-0.4601	-0.518217	-0.453426	-0.410629	-0.465422	-0.455385	-0.50631	-0.456789	-0.463346	-0.522396	-0.50631	-0.532296	-0.463346	-0.518217	-0.442368	-0.44197	-0.460338	-0.386684	-0.46682	-0.492141	-0.490138	-0.510094	-0.466151	-0.442263	-0.461259	-0.486682	-0.439597	-0.517123	-0.518229	-0.50631	-0.46914	-0.425041	-0.482004	-0.46914	-0.518217	-0.461691	-0.484975	-0.463233	-0.497424	-0.510094	-0.434696	-0.470074	-0.493811	-0.45597	-0.442368	-0.47315	-0.483363	-0.459374	-0.46082	-0.473202	-0.466149	-0.486549	-0.490138	-0.53125	-0.528815	-0.50631	-0.521945	-0.470283	-0.510094	-0.503882	-0.497424	-0.457349	-0.446934	-0.483188	-0.503552	-0.449428	-0.466151	-0.458686	-0.386684	-0.442368	-0.478295	-0.435883	-0.445606	-0.483363	-0.535324	-0.385194	-0.482281	-0.446515	-0.457469	-0.46914	-0.459374	-0.427213	-0.446934	-0.490977	-0.473202	-0.410629	-0.520786	-0.51454	-0.438032	-0.492266	-0.447777	-0.482508	-0.445448	-0.489238	-0.490675	-0.467895	-0.46914	-0.444989	-0.532091	-0.40349	-0.406169	-0.483188	-0.503552	-0.522418	-0.487198	-0.440144	-0.395754	-0.48749	-0.497424	-0.483188	-0.518366	-0.410629	-0.503882	-0.44282	-0.48749	-0.459245	-0.437101	-0.473002	-0.437101	-0.477118	-0.436252	-0.436547	-0.49607	-0.503647	-0.449428	-0.498417	-0.427213	-0.465641	-0.442368	-0.404451	-0.483363	-0.483188	-0.436252	-0.467104	-0.428458	-0.46902	-0.536862	-0.467895	-0.450146	-0.470074	-0.473202	-0.483363	-0.519324	-0.492266	-0.410629	-0.410629	-0.503552	-0.512733	-0.500232
49000	intercept	0.555624	0.541888	0.538277	0.610109	0.536837	0.593492	0.587293	0.546683	0.531846	0.548872	0.574356	0.566917	0.600914	0.566945	0.543048	0.525865	0.55914	0.58297	0.564456	0.560486	0.56004	0.556316	0.54588	0.568518	0.567048	0.539887	0.581157	0.535296	0.509866	0.528601	0.562746	0.568665	0.569503	0.56532	0.556185	0.536074	0.515301	0.566228	0.532319	0.513077	0.630118	0.539107	0.555635	0.535493	0.579625	0.53903	0.574124	0.54859	0.530365	0.584075	0.580548	0.577808	0.553687	0.548762	0.621106	0.62052	0.540086	0.501118	0.589161	0.579989	0.570663	0.495768	0.550643	0.559998	0.565212	0.604622	0.553964	0.565131	0.561114	0.570726	0.512492	0.532469	0.55189	0.564218	0.545804	0.520761	0.607018	0.55613	0.529638	0.568045	0.55899	0.558694	0.568413	0.52768	0.609266	0.553265	0.579349	0.575383	0.617022	0.542377	0.479297	0.53382	0.56647	0.539379	0.563145	0.537702	0.548493	0.543838	0.540666	0.587292	0.551777	0.603625	0.554899	0.529022	0.504023	0.541166	0.55885	0.557828	0.528726	0.556841	0.613724	0.557342	0.51814	0.496103	0.527358	0.621392	0.551697	0.520709	0.541645	0.526824	0.563865	0.571119	0.525448	0.555075	0.549278	0.568269	0.511178	0.564249	0.587402	0.543825	0.575855	0.558212	0.564747	0.559195	0.52245	0.590529	0.574185	0.548613	0.57067	0.556389	0.543594	0.564619	0.540959	0.589356	0.567812	0.58709	0.563646	0.530301	0.572473	0.617418	0.574285	0.544987	0.550394	0.563632	0.580793	0.5064	0.568184	0.589104	0.60134	0.537423	0.535136	0.559308	0.578628	0.558391	0.544751	0.53012	0.568694	0.554624	0.553344	0.606114	0.55726	0.53803	0.570858	0.571805	0.605966	0.561499	0.625386	0.552271	0.62708	0.584562	0.58679	0.608189	0.532981	0.560196	0.576336	0.541298	0.573029	0.62676	0.525857	0.527303	0.591837	0.510897	0.533606	0.577965	0.542548	0.554189	0.570019	0.559864	0.560929	0.571722	0.601703	0.5166	0.53963	0.61469	0.643593	0.562104	0.510909	0.564832	0.540996	0.573471	0.58481	0.522353	0.564707	0.540996	0.603896	0.547318	0.531066	0.554161	0.549182	0.519945	0.531066	0.504082	0.569563	0.5581	0.576986	0.565004	0.525988	0.592268	0.537416	0.5596	0.5624	0.588663	0.475362	0.653978	0.537401	0.580967	0.552509	0.559754	0.572896	0.576427	0.533393	0.601703	0.54364	0.576986	0.587967	0.641482	0.581852	0.56064	0.653978	0.515367	0.507298	0.552509	0.576045	0.508806	0.549182	0.532076	0.620284	0.563366	0.564646	0.491772	0.653978	0.564707	0.57301	0.491772	0.570927	0.531441	0.545494	0.551959	0.515581	0.53055	0.609453	0.547664	0.53265	0.560811	0.566364	0.552509	0.531066	0.572618	0.574976	0.520809	0.560124	0.545488	0.566364	0.553651	0.554432	0.559392	0.62926	0.504527	0.564843	0.607599	0.53265	0.53963	0.588663	0.48874	0.556183	0.531441	0.549257	0.579222	0.541336	0.554432	0.581852	0.558419	0.503546	0.547664	0.566689	0.539015	0.567827	0.576986	0.588147	0.53265	0.601703	0.607599	0.566948	0.50416	0.521548	0.596419	0.536478	0.560811	0.56791	0.499471	0.531441	0.543312	0.573445	0.527411	0.579222	0.65549	0.461295	0.531066	0.49831	0.539406	0.569563	0.552509	0.601335	0.519326	0.57201	0.581852	0.549182	0.663246	0.540996	0.5925	0.54364	0.626436	0.559754	0.539206	0.61906	0.531066	0.641252	0.545488	0.507118	0.520809	0.508096	0.563732	0.54364	0.601703	0.539412	0.579978	0.585271	0.555575	0.559914	0.609453	0.54364	0.520071	0.555575	0.601703	0.531441	0.559914	0.581186	0.534688	0.541687	0.534688	0.5596	0.5581	0.572271	0.533529	0.515367	0.56165	0.504082	0.601335	0.545576	0.521455	0.586322	0.586059	0.54364	0.5581	0.554795	0.608546	0.57851	0.635165	0.641252	0.537401	0.588663	0.581852	0.579222	0.544009	0.54364	0.549182	0.555575	0.601703	0.543787	0.605761
50000	slope	-0.48281	-0.424444	-0.502061	-0.449817	-0.484628	-0.510039	-0.497939	-0.51078	-0.498497	-0.506529	-0.444984	-0.499161	-0.460435	-0.503303	-0.451677	-0.451606	-0.48323	-0.503625	-0.483341	-0.478872	-0.466098	-0.508355	-0.446321	-0.482843	-0.473053	-0.518931	-0.430234	-0.460427	-0.427249	-0.476084	-0.465439	-0.477941	-0.447295	-0.44961	-0.482288	-0.520084	-0.435079	-0.46306	-0.488482	-0.491097	-0.463636	-0.564326	-0.464872	-0.455193	-0.422201	-0.459197	-0.500323	-0.405887	-0.458932	-0.463045	-0.504781	-0.462139	-0.495998	-0.470867	-0.479525	-0.42156	-0.461182	-0.517224	-0.438775	-0.473407	-0.496306	-0.487222	-0.475763	-0.482605	-0.523551	-0.457996	-0.498473	-0.449576	-0.502894	-0.523869	-0.503613	-0.493808	-0.467676	-0.487341	-0.483492	-0.453274	-0.46941	-0.514913	-0.433143	-0.450395	-0.46051	-0.45299	-0.471294	-0.493411	-0.510029	-0.44417	-0.486115	-0.45518	-0.417879	-0.466425	-0.447938	-0.476025	-0.489934	-0.496523	-0.524393	-0.493879	-0.493385	-0.480212	-0.484028	-0.501785	-0.442016	-0.487598	-0.465303	-0.49568	-0.441389	-0.452745	-0.488102	-0.479042	-0.447433	-0.494221	-0.459396	-0.457447	-0.452855	-0.515309	-0.490024	-0.481163	-0.459136	-0.475953	-0.470892	-0.473736	-0.512703	-0.507314	-0.483553	-0.465164	-0.465827	-0.446135	-0.49651	-0.491065	-0.440476	-0.46928	-0.491495	-0.513713	-0.46466	-0.491808	-0.432791	-0.499144	-0.515272	-0.478275	-0.497104	-0.453246	-0.474482	-0.499037	-0.493963	-0.478811	-0.449052	-0.45852	-0.490574	-0.444407	-0.45994	-0.441345	-0.510609	-0.459882	-0.471021	-0.497536	-0.448842	-0.502548	-0.461745	-0.471994	-0.475286	-0.452127	-0.493521	-0.443647	-0.475154	-0.496687	-0.464912	-0.484594	-0.5124	-0.463729	-0.462107	-0.487717	-0.466039	-0.427406	-0.474503	-0.51866	-0.456776	-0.486405	-0.480733	-0.458726	-0.479754	-0.476599	-0.490203	-0.471303	-0.454734	-0.469023	-0.526362	-0.44557	-0.501157	-0.47967	-0.450844	-0.48057	-0.488331	-0.447817	-0.46869	-0.487443	-0.502572	-0.485869	-0.494279	-0.480483	-0.452457	-0.462877	-0.467188	-0.449035	-0.511546	-0.457891	-0.389675	-0.457618	-0.507911	-0.46672	-0.46672	-0.454934	-0.451937	-0.529	-0.460436	-0.420198	-0.406526	-0.435027	-0.511002	-0.444487	-0.519072	-0.472345	-0.462962	-0.494029	-0.454474	-0.489351	-0.446284	-0.544146	-0.617342	-0.442289	-0.46171	-0.441892	-0.486495	-0.5284	-0.422464	-0.360929	-0.498776	-0.495481	-0.420198	-0.451993	-0.46672	-0.586534	-0.435352	-0.480634	-0.469697	-0.466031	-0.483805	-0.514182	-0.478593	-0.489121	-0.446284	-0.463583	-0.470397	-0.447308	-0.456284	-0.468421	-0.529802	-0.485375	-0.494936	-0.484594	-0.457618	-0.455325	-0.469708	-0.494526	-0.501601	-0.413563	-0.431992	-0.47468	-0.540795	-0.514182	-0.511974	-0.469256	-0.397481	-0.498072	-0.420649	-0.456968	-0.396648	-0.479221	-0.464658	-0.51573	-0.49034	-0.462713	-0.519072	-0.500175	-0.472345	-0.460673	-0.494029	-0.453743	-0.46672	-0.485448	-0.443155	-0.51573	-0.440579	-0.51573	-0.51573	-0.540538	-0.483805	-0.431195	-0.451059	-0.513984	-0.494029	-0.517155	-0.412245	-0.46672	-0.499859	-0.447231	-0.457891	-0.420649	-0.455267	-0.547454	-0.461228	-0.463127	-0.405793	-0.530938	-0.465074	-0.46672	-0.53047	-0.469443	-0.456562	-0.514206	-0.435291	-0.464955	-0.45556	-0.434614	-0.510026	-0.473851	-0.434602	-0.443257	-0.461228	-0.456918	-0.375559	-0.46994	-0.466689	-0.450929	-0.499228	-0.449472	-0.501609	-0.395395	-0.49071	-0.469708	-0.43112	-0.517155	-0.468421	-0.452746	-0.443155	-0.445158	-0.408755	-0.510026	-0.510425	-0.446957	-0.477317	-0.499228	-0.420198	-0.474418	-0.462962	-0.575278	-0.456968	-0.471953	-0.472345	-0.48461	-0.429753	-0.425209	-0.482866	-0.445158	-0.46409	-0.507711	-0.420198	-0.485323	-0.454474	-0.469368	-0.51573	-0.470397	-0.46672	-0.443155	-0.451057	-0.463583	-0.514182	-0.512717	-0.389675	-0.51573	-0.511267	-0.461868	-0.439252	-0.469697	-0.473471	-0.484459	-0.462713	-0.472345	-0.470397	-0.617342	-0.474418	-0.501609	-0.49624	-0.435291	-0.586534	-0.494936	-0.533694	-0.514182	-0.427235	-0.457891	-0.461228	-0.484594
50000	intercept	0.590982	0.499983	0.548609	0.497712	0.585463	0.575801	0.560366	0.590163	0.55207	0.593633	0.581234	0.546476	0.54121	0.57717	0.535322	0.517968	0.607872	0.575709	0.5561	0.558238	0.56585	0.5347	0.573139	0.546177	0.565781	0.575647	0.539744	0.554219	0.550515	0.533664	0.521125	0.578074	0.534937	0.506113	0.59107	0.587646	0.553197	0.555593	0.554578	0.562206	0.529652	0.623001	0.538451	0.570548	0.510617	0.541604	0.534156	0.49934	0.504228	0.539402	0.55962	0.576638	0.564003	0.568063	0.541532	0.521049	0.551473	0.564735	0.524851	0.535207	0.512093	0.592201	0.544971	0.551282	0.579221	0.508468	0.598499	0.490509	0.537955	0.621849	0.581959	0.542161	0.543418	0.544176	0.576946	0.514099	0.528008	0.594945	0.560784	0.510081	0.53941	0.520208	0.594991	0.516935	0.582556	0.601803	0.574764	0.508223	0.51535	0.56474	0.542758	0.577655	0.52887	0.555866	0.552331	0.581673	0.558467	0.558642	0.584333	0.515497	0.480299	0.57666	0.535158	0.596324	0.537013	0.546222	0.575614	0.522989	0.531753	0.58497	0.537193	0.500918	0.593358	0.564142	0.57852	0.580446	0.556998	0.520209	0.553587	0.568783	0.563802	0.553769	0.537414	0.53057	0.597073	0.521146	0.560279	0.544896	0.558509	0.565173	0.562598	0.547779	0.518594	0.585277	0.549066	0.563125	0.5979	0.536471	0.576097	0.57008	0.538514	0.564322	0.59366	0.589388	0.5604	0.545597	0.57806	0.528541	0.548917	0.539094	0.568387	0.562625	0.565976	0.592341	0.551946	0.566225	0.532155	0.555885	0.565866	0.550456	0.555979	0.511151	0.549075	0.599803	0.565432	0.533584	0.549154	0.548526	0.525783	0.541741	0.546726	0.494594	0.576745	0.582713	0.568566	0.549134	0.58193	0.520755	0.568024	0.601955	0.579689	0.553476	0.55492	0.589859	0.56367	0.524166	0.587554	0.511928	0.551354	0.586462	0.574281	0.567257	0.540837	0.559707	0.563813	0.580684	0.584078	0.569567	0.551355	0.568815	0.564681	0.551982	0.567067	0.547939	0.545895	0.507995	0.599178	0.549555	0.551982	0.564827	0.606688	0.608128	0.570606	0.487248	0.568101	0.537009	0.586611	0.498611	0.567259	0.564681	0.57409	0.577063	0.593966	0.616212	0.508666	0.628167	0.646754	0.605984	0.571292	0.588004	0.518818	0.557269	0.50896	0.519563	0.628673	0.603834	0.475339	0.582066	0.551982	0.659133	0.507221	0.560037	0.552942	0.514761	0.592532	0.529359	0.572042	0.599178	0.490598	0.550777	0.521729	0.582066	0.567803	0.571484	0.544965	0.588141	0.5588	0.533584	0.517483	0.54185	0.532995	0.567741	0.569163	0.568101	0.533571	0.571484	0.556251	0.529359	0.567178	0.571292	0.513317	0.568906	0.528688	0.571969	0.513317	0.531735	0.594943	0.590771	0.523594	0.514761	0.569707	0.587994	0.564681	0.547939	0.563064	0.596546	0.551982	0.548958	0.512889	0.590771	0.542469	0.590771	0.590771	0.542698	0.604863	0.549087	0.499966	0.575575	0.577063	0.542978	0.514513	0.549555	0.560915	0.485452	0.547939	0.512802	0.535108	0.556251	0.56971	0.514792	0.515451	0.566041	0.523821	0.551982	0.541013	0.569305	0.542704	0.547205	0.460126	0.551712	0.60813	0.501939	0.597707	0.526546	0.460126	0.472398	0.558399	0.528748	0.513884	0.526546	0.585775	0.577033	0.577063	0.578004	0.588417	0.543502	0.564038	0.526337	0.533571	0.563031	0.571484	0.499838	0.498611	0.467936	0.560763	0.584494	0.587635	0.492662	0.520962	0.577063	0.475339	0.513341	0.560499	0.646754	0.581384	0.522665	0.564681	0.57223	0.592335	0.593487	0.583913	0.483372	0.556131	0.546666	0.475339	0.585223	0.582837	0.616939	0.558117	0.528031	0.549555	0.498611	0.485452	0.554521	0.529359	0.599178	0.545895	0.590771	0.579819	0.556131	0.533571	0.553467	0.60815	0.529623	0.514761	0.564681	0.523821	0.646754	0.513341	0.588417	0.520855	0.460126	0.642574	0.561486	0.558783	0.529359	0.529963	0.547939	0.56971	0.533584
51000	slope	-0.466335	-0.414542	-0.466624	-0.445048	-0.494837	-0.438291	-0.452328	-0.414938	-0.511637	-0.459654	-0.455424	-0.464504	-0.44429	-0.495087	-0.454774	-0.466737	-0.452413	-0.484096	-0.477109	-0.472422	-0.465111	-0.430103	-0.505063	-0.451392	-0.43733	-0.459946	-0.479719	-0.454689	-0.453866	-0.49134	-0.477773	-0.45302	-0.483123	-0.47328	-0.45646	-0.49712	-0.449968	-0.452943	-0.495097	-0.453131	-0.456292	-0.458485	-0.435597	-0.462397	-0.459731	-0.430868	-0.478042	-0.507334	-0.479063	-0.484927	-0.483295	-0.45506	-0.496889	-0.462889	-0.444311	-0.469828	-0.468738	-0.403705	-0.471494	-0.481131	-0.458768	-0.482712	-0.502445	-0.45539	-0.464502	-0.49318	-0.423039	-0.463637	-0.448446	-0.448873	-0.447629	-0.477737	-0.468832	-0.437358	-0.511016	-0.462162	-0.428083	-0.477147	-0.46074	-0.435671	-0.478477	-0.448019	-0.432458	-0.479649	-0.474263	-0.446049	-0.442208	-0.4924	-0.493397	-0.456939	-0.477651	-0.479948	-0.463096	-0.429364	-0.417754	-0.483165	-0.457628	-0.446319	-0.462526	-0.475597	-0.439446	-0.481492	-0.461514	-0.481533	-0.504355	-0.446844	-0.437489	-0.46378	-0.481707	-0.473992	-0.447449	-0.423396	-0.461704	-0.473421	-0.466764	-0.473028	-0.47527	-0.471334	-0.479568	-0.4803	-0.46445	-0.497242	-0.476918	-0.502657	-0.423759	-0.480865	-0.414727	-0.427291	-0.447095	-0.453962	-0.448082	-0.445541	-0.437057	-0.399481	-0.447663	-0.516834	-0.444631	-0.422611	-0.418775	-0.421933	-0.436486	-0.434983	-0.431452	-0.435608	-0.451579	-0.485418	-0.454122	-0.472615	-0.465334	-0.456394	-0.455712	-0.440062	-0.472912	-0.471377	-0.481763	-0.502651	-0.464163	-0.444944	-0.493483	-0.510115	-0.519649	-0.48484	-0.438058	-0.510867	-0.41379	-0.471508	-0.489219	-0.439126	-0.424317	-0.446145	-0.441718	-0.490425	-0.459435	-0.464977	-0.463191	-0.457378	-0.422431	-0.500591	-0.498784	-0.495584	-0.427152	-0.46269	-0.492717	-0.429131	-0.484815	-0.454242	-0.44973	-0.497079	-0.47795	-0.464475	-0.453444	-0.454229	-0.45293	-0.507404	-0.463657	-0.426532	-0.432156	-0.433874	-0.507003	-0.440116	-0.531237	-0.475834	-0.443087	-0.503062	-0.436781	-0.523729	-0.439642	-0.470607	-0.482768	-0.501967	-0.49061	-0.437835	-0.501033	-0.49061	-0.481011	-0.481499	-0.436645	-0.444791	-0.458278	-0.44137	-0.486367	-0.423493	-0.449529	-0.428459	-0.491572	-0.511662	-0.458278	-0.477806	-0.491264	-0.482768	-0.482018	-0.492888	-0.510596	-0.53078	-0.419389	-0.445897	-0.489337	-0.428055	-0.498038	-0.451419	-0.488414	-0.499138	-0.466663	-0.493416	-0.435049	-0.517895	-0.438393	-0.509264	-0.454277	-0.431573	-0.441829	-0.480874	-0.497457	-0.479179	-0.489602	-0.407591	-0.520725	-0.471451	-0.544839	-0.511659	-0.511793	-0.505457	-0.477806	-0.426688	-0.491572	-0.403283	-0.431573	-0.501033	-0.457933	-0.461999	-0.431573	-0.495717	-0.519489	-0.484513	-0.501967	-0.509024	-0.531237	-0.449529	-0.477893	-0.477806	-0.388021	-0.48713	-0.43264	-0.506696	-0.458278	-0.438442	-0.438393	-0.515154	-0.470091	-0.465043	-0.509635	-0.496356	-0.498036	-0.531237	-0.407137	-0.489826	-0.419973	-0.438393	-0.509024	-0.458756	-0.426059	-0.50885	-0.514794	-0.475799	-0.422213	-0.400721	-0.421947	-0.511793	-0.425571	-0.444791	-0.495717	-0.477806	-0.421056	-0.508486	-0.476481	-0.501619	-0.490643	-0.440536	-0.457063	-0.497457	-0.426059	-0.434019	-0.453856	-0.44176	-0.435049	-0.449023	-0.412113	-0.403613	-0.414216	-0.428055	-0.445897	-0.487925	-0.43825	-0.515705	-0.498079	-0.477806	-0.433762	-0.417448	-0.457273	-0.521727	-0.433311	-0.407137	-0.503684	-0.507735	-0.458278	-0.433311	-0.499848	-0.436781	-0.477806	-0.477709	-0.480571	-0.44176	-0.454277	-0.4448	-0.421813	-0.482768	-0.419389	-0.423493	-0.431566	-0.451912	-0.444505	-0.390011	-0.485485	-0.483541	-0.443959	-0.531237	-0.438442	-0.401425	-0.412113	-0.419389	-0.446548	-0.45617	-0.430995	-0.425797	-0.465043	-0.407137	-0.452647	-0.421206	-0.486867	-0.42617	-0.438393	-0.438393	-0.421947	-0.436781	-0.536976	-0.477806	-0.437776	-0.482768	-0.49103	-0.438112	-0.443451	-0.421373	-0.465491	-0.441829	-0.482768	-0.470091	-0.465129	-0.477806	-0.547529	-0.480571
51000	intercept	0.558291	0.539569	0.587041	0.538076	0.61571	0.517831	0.542422	0.516137	0.579683	0.56154	0.528167	0.536002	0.564075	0.56873	0.547499	0.561682	0.529084	0.541367	0.581779	0.510659	0.541465	0.529785	0.602424	0.517467	0.509475	0.562793	0.54234	0.510186	0.528351	0.580298	0.503158	0.532921	0.55663	0.576597	0.541155	0.579471	0.534105	0.538553	0.580226	0.565966	0.512713	0.546001	0.497419	0.575512	0.524135	0.508179	0.556705	0.558837	0.595236	0.574472	0.539035	0.533485	0.549788	0.55302	0.564822	0.52291	0.60722	0.507627	0.546386	0.595134	0.544055	0.551471	0.589086	0.526127	0.574924	0.565091	0.545318	0.539776	0.513592	0.549941	0.523991	0.565136	0.542544	0.537036	0.589652	0.511296	0.567761	0.579501	0.576172	0.52987	0.564017	0.545519	0.487101	0.535553	0.590452	0.534833	0.571135	0.578567	0.562961	0.588321	0.542275	0.583598	0.563599	0.527576	0.526539	0.54164	0.548222	0.524698	0.546904	0.576994	0.507966	0.59211	0.524952	0.599916	0.554996	0.53011	0.531457	0.533583	0.580442	0.554899	0.500942	0.52709	0.557216	0.55133	0.533533	0.576804	0.575236	0.5391	0.577634	0.542441	0.525944	0.563541	0.577943	0.572054	0.493058	0.584132	0.510734	0.50808	0.544558	0.512753	0.515164	0.519944	0.545332	0.536563	0.556301	0.591469	0.495823	0.521541	0.504051	0.524987	0.497357	0.493355	0.514172	0.491655	0.539877	0.583636	0.551801	0.570691	0.569419	0.497168	0.554955	0.51068	0.566415	0.572761	0.583826	0.574958	0.5193	0.537129	0.588915	0.561202	0.580614	0.541714	0.505787	0.554013	0.52832	0.562496	0.563992	0.529802	0.504437	0.566434	0.545704	0.517372	0.575231	0.559176	0.560521	0.521341	0.545087	0.568206	0.568205	0.541117	0.501193	0.534422	0.541464	0.472979	0.555499	0.533465	0.553144	0.541734	0.54043	0.547132	0.530477	0.512879	0.527278	0.601341	0.540763	0.551401	0.497048	0.516897	0.548125	0.501139	0.539712	0.575175	0.542088	0.5379	0.510326	0.596771	0.516701	0.547112	0.575811	0.584436	0.570805	0.606716	0.610087	0.578562	0.545568	0.618734	0.529095	0.522831	0.540741	0.51496	0.544335	0.562194	0.506113	0.548485	0.563298	0.565752	0.579789	0.539225	0.526202	0.56745	0.568803	0.533372	0.5379	0.533361	0.513265	0.485321	0.5379	0.505943	0.583342	0.531871	0.585704	0.557202	0.589786	0.594688	0.524777	0.599735	0.571287	0.538523	0.521626	0.491953	0.569827	0.572633	0.580515	0.585704	0.596836	0.504501	0.5379	0.619223	0.574517	0.613165	0.607347	0.623453	0.551125	0.495314	0.552187	0.554901	0.491953	0.607347	0.533578	0.549481	0.476862	0.562732	0.59543	0.566366	0.584436	0.574867	0.539712	0.506113	0.57141	0.54351	0.501988	0.591348	0.490476	0.613165	0.584067	0.543715	0.505553	0.610999	0.525686	0.60971	0.584505	0.604508	0.604508	0.539712	0.554901	0.628157	0.514222	0.486861	0.574867	0.542038	0.547141	0.613165	0.582602	0.542112	0.518875	0.508639	0.524236	0.607347	0.46188	0.522831	0.581046	0.54351	0.4544	0.603161	0.550728	0.610999	0.56745	0.508561	0.548024	0.588023	0.547141	0.548024	0.509281	0.58786	0.542088	0.548024	0.526136	0.532433	0.520549	0.506773	0.485321	0.606406	0.509113	0.579385	0.575114	0.54351	0.487201	0.566525	0.570329	0.613165	0.544547	0.554901	0.54351	0.605623	0.564555	0.544547	0.606406	0.510326	0.54351	0.540222	0.544335	0.58786	0.521626	0.584067	0.553626	0.583342	0.513265	0.562194	0.532764	0.49621	0.49621	0.540694	0.61432	0.544335	0.468111	0.539712	0.543715	0.532433	0.532433	0.513265	0.517428	0.545381	0.49621	0.481827	0.594828	0.554901	0.549481	0.505943	0.571106	0.466567	0.506852	0.571287	0.524236	0.510326	0.583129	0.526202	0.534637	0.56745	0.571201	0.491953	0.491953	0.51074	0.558195	0.566204	0.56745	0.540925	0.56745	0.526202	0.632144	0.548088
52000	slope	-0.429935	-0.471991	-0.485112	-0.501914	-0.479318	-0.468754	-0.482076	-0.458806	-0.482157	-0.475857	-0.45425	-0.494166	-0.439993	-0.462195	-0.450848	-0.451166	-0.502331	-0.462902	-0.470847	-0.464921	-0.506914	-0.489876	-0.459673	-0.445769	-0.456367	-0.50848	-0.485951	-0.467006	-0.49727	-0.440887	-0.451769	-0.501117	-0.478262	-0.467926	-0.46225	-0.428345	-0.451026	-0.555012	-0.464511	-0.469538	-0.460098	-0.502355	-0.462816	-0.497777	-0.476526	-0.476716	-0.471678	-0.456285	-0.442054	-0.433576	-0.442173	-0.503539	-0.48083	-0.428343	-0.462829	-0.438677	-0.474421	-0.478154	-0.467132	-0.456389	-0.516745	-0.491238	-0.472954	-0.418897	-0.438631	-0.450746	-0.48066	-0.44584	-0.46995	-0.45619	-0.454011	-0.46492	-0.49074	-0.462705	-0.484263	-0.496105	-0.472358	-0.501705	-0.514092	-0.450919	-0.468365	-0.444066	-0.476365	-0.475998	-0.467764	-0.509482	-0.455557	-0.476996	-0.471713	-0.515496	-0.45332	-0.476893	-0.463069	-0.480644	-0.49841	-0.445056	-0.47689	-0.46343	-0.43361	-0.426415	-0.459702	-0.492903	-0.44945	-0.47859	-0.490304	-0.472992	-0.461262	-0.511036	-0.463958	-0.478566	-0.451903	-0.49972	-0.530006	-0.481852	-0.502543	-0.5159	-0.452361	-0.492234	-0.480609	-0.484606	-0.459725	-0.484031	-0.474121	-0.467958	-0.464223	-0.523191	-0.480913	-0.499138	-0.477526	-0.460246	-0.50255	-0.473663	-0.488229	-0.500557	-0.441787	-0.505571	-0.471391	-0.466574	-0.472651	-0.461661	-0.474719	-0.462924	-0.462113	-0.481113	-0.447364	-0.458646	-0.43595	-0.452875	-0.428415	-0.469939	-0.492545	-0.486688	-0.451132	-0.480743	-0.472663	-0.443378	-0.450205	-0.464292	-0.467036	-0.449201	-0.447022	-0.451699	-0.479257	-0.496019	-0.435604	-0.46723	-0.474102	-0.498417	-0.456022	-0.456243	-0.479037	-0.468322	-0.471469	-0.493792	-0.486316	-0.48165	-0.486347	-0.473975	-0.507185	-0.489258	-0.459136	-0.444026	-0.44799	-0.483345	-0.471639	-0.463664	-0.443413	-0.495142	-0.484771	-0.491906	-0.448581	-0.486148	-0.491807	-0.492036	-0.447718	-0.445191	-0.478739	-0.471035	-0.475351	-0.47413	-0.473534	-0.450181	-0.489422	-0.477141	-0.477497	-0.509728	-0.502627	-0.490607	-0.485254	-0.499557	-0.455531	-0.448632	-0.463282	-0.488481	-0.461299	-0.453989	-0.437221	-0.463282	-0.473752	-0.450181	-0.466192	-0.480099	-0.487008	-0.40041	-0.40041	-0.461299	-0.446655	-0.517173	-0.467279	-0.467279	-0.476197	-0.47185	-0.48266	-0.46629	-0.451294	-0.473333	-0.482696	-0.460085	-0.494145	-0.5216	-0.514442	-0.443497	-0.49521	-0.498116	-0.484454	-0.463282	-0.462717	-0.468431	-0.473401	-0.466741	-0.486708	-0.470218	-0.488481	-0.45624	-0.469626	-0.424296	-0.402274	-0.472738	-0.437221	-0.44254	-0.440448	-0.423046	-0.44989	-0.40041	-0.472149	-0.508715	-0.514592	-0.539255	-0.486567	-0.508622	-0.48954	-0.530793	-0.493674	-0.485649	-0.455427	-0.4611	-0.464336	-0.530793	-0.525795	-0.433784	-0.464619	-0.485671	-0.507672	-0.525795	-0.47526	-0.48266	-0.460041	-0.507672	-0.464619	-0.468105	-0.441026	-0.490523	-0.475812	-0.458187	-0.509835	-0.499557	-0.48978	-0.472738	-0.478747	-0.439761	-0.423046	-0.464233	-0.491918	-0.476197	-0.453989	-0.472695	-0.423046	-0.460085	-0.530793	-0.501006	-0.516446	-0.475854	-0.44254	-0.493674	-0.504047	-0.473752	-0.490607	-0.434157	-0.463282	-0.440448	-0.51333	-0.512393	-0.439688	-0.47526	-0.46014	-0.468633	-0.467279	-0.469626	-0.5216	-0.469626	-0.497382	-0.451236	-0.471964	-0.466741	-0.459283	-0.484685	-0.429142	-0.492531	-0.528482	-0.554215	-0.460085	-0.421853	-0.44254	-0.488481	-0.489421	-0.509768	-0.479624	-0.505037	-0.496771	-0.414399	-0.50912	-0.492208	-0.45142	-0.484217	-0.490302	-0.45748	-0.479717	-0.482696	-0.459879	-0.454942	-0.45142	-0.504047	-0.406947	-0.482228	-0.466192	-0.47823	-0.475348	-0.466741	-0.427544	-0.495831	-0.453989	-0.517959	-0.453989	-0.509869	-0.475666	-0.482228	-0.467279	-0.466741	-0.492931	-0.440586	-0.486708	-0.501006	-0.458498	-0.433784	-0.478559	-0.473491	-0.479717	-0.526456	-0.480194	-0.439448	-0.480099	-0.464732	-0.498423	-0.472738	-0.463098	-0.44609	-0.466741	-0.490269	-0.485254	-0.473752
52000	intercept	0.538104	0.541757	0.593343	0.58108	0.554191	0.573792	0.56805	0.537204	0.559118	0.579533	0.53525	0.569602	0.557352	0.546546	0.583096	0.555308	0.560754	0.552254	0.581449	0.552978	0.540511	0.590938	0.548378	0.51838	0.534093	0.592289	0.604292	0.559701	0.543675	0.528506	0.554303	0.514419	0.56448	0.550213	0.573653	0.523497	0.537278	0.55689	0.542584	0.549446	0.515591	0.60142	0.567118	0.550478	0.550948	0.563519	0.573283	0.523631	0.536446	0.566471	0.551268	0.546883	0.545567	0.52219	0.557983	0.57322	0.578327	0.572476	0.546874	0.538799	0.542251	0.578338	0.560615	0.536152	0.546679	0.55796	0.560315	0.539894	0.540059	0.559741	0.534624	0.576149	0.586016	0.540309	0.556608	0.580006	0.569466	0.55407	0.591826	0.530424	0.575621	0.54056	0.598055	0.54393	0.532789	0.537948	0.571708	0.545223	0.539784	0.566786	0.511684	0.57601	0.568317	0.52904	0.573308	0.56042	0.533592	0.520011	0.519994	0.53535	0.560523	0.587581	0.553737	0.582331	0.552582	0.532106	0.547218	0.556457	0.583129	0.539407	0.557885	0.531905	0.5527	0.546709	0.560079	0.537665	0.55701	0.583404	0.526198	0.559203	0.553368	0.553743	0.552988	0.559081	0.550539	0.552104	0.536635	0.556608	0.592167	0.549934	0.572537	0.553513	0.538319	0.556101	0.553313	0.568289	0.531288	0.552611	0.614301	0.559748	0.588196	0.566327	0.544841	0.541075	0.527593	0.560671	0.523684	0.551281	0.548541	0.562609	0.523809	0.585359	0.542743	0.537443	0.576655	0.54532	0.534047	0.545085	0.524353	0.528938	0.534004	0.512698	0.565405	0.591117	0.536805	0.534481	0.554943	0.548309	0.523775	0.558212	0.547002	0.581627	0.583433	0.558831	0.571607	0.551703	0.567476	0.550735	0.547762	0.549167	0.571045	0.56378	0.549583	0.604237	0.582357	0.552827	0.521955	0.538305	0.585523	0.511425	0.55462	0.55044	0.573441	0.583958	0.528498	0.537076	0.546084	0.539589	0.574326	0.524546	0.522534	0.515358	0.570473	0.542443	0.561881	0.531687	0.558014	0.553341	0.559591	0.572003	0.549212	0.501034	0.573283	0.525059	0.545878	0.566913	0.500369	0.575525	0.48618	0.512391	0.572301	0.551093	0.545922	0.521881	0.516028	0.553341	0.574347	0.605056	0.536424	0.536424	0.552921	0.542443	0.606146	0.569989	0.520294	0.558014	0.565179	0.573283	0.610007	0.565537	0.546304	0.563468	0.556679	0.60667	0.542443	0.573283	0.605638	0.579773	0.526679	0.598774	0.553554	0.541917	0.53832	0.562514	0.559371	0.549195	0.487997	0.54366	0.500369	0.522908	0.496959	0.549195	0.566278	0.528227	0.524665	0.578422	0.542282	0.548453	0.573436	0.599134	0.56868	0.527425	0.554052	0.567715	0.566059	0.570133	0.557555	0.527425	0.605056	0.55265	0.50981	0.567868	0.536698	0.605056	0.566389	0.606146	0.545137	0.529177	0.51347	0.548004	0.564975	0.587631	0.554438	0.568807	0.493947	0.572003	0.592537	0.52474	0.626122	0.512904	0.549195	0.559371	0.599488	0.552921	0.566913	0.579773	0.549195	0.561813	0.527425	0.547904	0.546875	0.524665	0.536532	0.554052	0.593499	0.48618	0.553341	0.554707	0.566259	0.505729	0.527991	0.597597	0.550158	0.566389	0.558385	0.530593	0.536424	0.559371	0.565537	0.559371	0.534147	0.595128	0.568416	0.606146	0.573283	0.530944	0.564489	0.561958	0.527079	0.553081	0.573283	0.533355	0.536532	0.546605	0.572972	0.529177	0.563076	0.567715	0.567868	0.487997	0.614635	0.594788	0.526508	0.584869	0.584869	0.539459	0.583851	0.567671	0.579195	0.545137	0.526508	0.592486	0.518019	0.602751	0.543564	0.542443	0.537611	0.606146	0.491975	0.540991	0.566913	0.527991	0.566913	0.563076	0.567715	0.604333	0.536424	0.606146	0.567715	0.512904	0.547749	0.552076	0.549512	0.55265	0.560392	0.534647	0.566173	0.597597	0.550286	0.500369	0.561881	0.556474	0.617376	0.54366	0.546153	0.547716	0.598774	0.561889	0.556442	0.473563
53000	slope	-0.500051	-0.478216	-0.478148	-0.472443	-0.469093	-0.476608	-0.42609	-0.462027	-0.437409	-0.49452	-0.515701	-0.485145	-0.449176	-0.454188	-0.45828	-0.480415	-0.477307	-0.48379	-0.478193	-0.45935	-0.459029	-0.454892	-0.477174	-0.472564	-0.460786	-0.486315	-0.458346	-0.477683	-0.450703	-0.429816	-0.469537	-0.468974	-0.474172	-0.493746	-0.432806	-0.443428	-0.442443	-0.490195	-0.475911	-0.47141	-0.503427	-0.462409	-0.467262	-0.490489	-0.506144	-0.516299	-0.466915	-0.472846	-0.484569	-0.490574	-0.475198	-0.426733	-0.475141	-0.473252	-0.485632	-0.468727	-0.466907	-0.489939	-0.482666	-0.472292	-0.470183	-0.482658	-0.47022	-0.469592	-0.485464	-0.483456	-0.479862	-0.484824	-0.498151	-0.471061	-0.481858	-0.476252	-0.450634	-0.481189	-0.462508	-0.465439	-0.473686	-0.434787	-0.444492	-0.44277	-0.479733	-0.473307	-0.492668	-0.495465	-0.497198	-0.445856	-0.434455	-0.428939	-0.475425	-0.482576	-0.434232	-0.465603	-0.431898	-0.503569	-0.451984	-0.489118	-0.440565	-0.432164	-0.483087	-0.458525	-0.489767	-0.465317	-0.436404	-0.493297	-0.472349	-0.454783	-0.473457	-0.48635	-0.444048	-0.446662	-0.471063	-0.503277	-0.485424	-0.427179	-0.502173	-0.449892	-0.434937	-0.485017	-0.489127	-0.466226	-0.477077	-0.472742	-0.47674	-0.499912	-0.469927	-0.508173	-0.487003	-0.464928	-0.498008	-0.458335	-0.448418	-0.459791	-0.459764	-0.481301	-0.471644	-0.455809	-0.482039	-0.47914	-0.436316	-0.481645	-0.457567	-0.479862	-0.470972	-0.454732	-0.475	-0.491841	-0.43538	-0.493805	-0.441057	-0.483673	-0.448457	-0.454868	-0.498363	-0.475956	-0.484994	-0.426075	-0.487603	-0.516806	-0.498924	-0.458212	-0.50962	-0.494261	-0.435339	-0.501288	-0.475224	-0.518645	-0.503663	-0.479163	-0.482945	-0.39592	-0.47102	-0.457013	-0.480913	-0.460675	-0.498008	-0.448114	-0.493639	-0.47181	-0.451616	-0.479145	-0.474038	-0.445113	-0.493241	-0.489294	-0.483292	-0.470631	-0.440885	-0.462004	-0.496068	-0.480376	-0.491665	-0.508923	-0.475247	-0.464063	-0.486963	-0.481061	-0.46692	-0.490717	-0.495661	-0.514528	-0.494441	-0.457762	-0.56362	-0.51607	-0.501049	-0.472495	-0.488672	-0.487728	-0.443839	-0.487722	-0.485221	-0.455947	-0.435613	-0.4125	-0.476862	-0.471848	-0.465901	-0.468347	-0.477893	-0.453979	-0.508423	-0.437241	-0.515641	-0.522095	-0.471589	-0.496287	-0.481719	-0.493482	-0.456245	-0.477229	-0.429215	-0.501261	-0.477118	-0.472495	-0.448263	-0.477118	-0.477118	-0.493376	-0.479444	-0.503152	-0.489671	-0.47566	-0.487722	-0.472209	-0.443963	-0.477229	-0.456245	-0.487722	-0.376068	-0.486141	-0.472684	-0.467376	-0.457902	-0.477118	-0.474212	-0.477229	-0.510137	-0.496816	-0.492485	-0.458908	-0.477893	-0.468189	-0.49156	-0.477118	-0.468968	-0.410978	-0.485888	-0.46419	-0.505384	-0.477118	-0.514068	-0.478451	-0.443954	-0.51483	-0.480452	-0.493691	-0.467702	-0.472216	-0.47566	-0.442904	-0.484708	-0.469615	-0.462753	-0.456245	-0.478672	-0.49445	-0.478582	-0.473601	-0.455243	-0.477846	-0.500079	-0.498202	-0.492485	-0.468978	-0.493543	-0.461928	-0.479763	-0.464784	-0.456245	-0.487722	-0.477229	-0.443503	-0.452642	-0.509753	-0.497041	-0.477846	-0.493419	-0.530124	-0.46419	-0.493691	-0.492485	-0.452642	-0.47566	-0.415771	-0.474113	-0.477893	-0.48361	-0.48577	-0.477118	-0.460095	-0.503152	-0.485684	-0.46419	-0.495667	-0.530124	-0.476862	-0.443503	-0.498737	-0.459456	-0.468674	-0.40954	-0.506133	-0.479658	-0.480759	-0.487722	-0.46195	-0.427541	-0.448683	-0.466961	-0.471593	-0.470495	-0.492485	-0.469672	-0.456721	-0.567105	-0.466508	-0.464172	-0.40954	-0.498202	-0.470586	-0.477814	-0.418305	-0.485437	-0.432755	-0.456245	-0.409628	-0.507653	-0.480714	-0.478582	-0.417435	-0.464172	-0.46195	-0.467777	-0.484521	-0.482718	-0.493482	-0.472495	-0.489671	-0.48655	-0.470105	-0.470008	-0.504981	-0.478582	-0.493376	-0.469672	-0.514873	-0.442904	-0.468572	-0.48236	-0.488328	-0.487287	-0.452642	-0.511288	-0.457902	-0.408861	-0.452642	-0.493376	-0.503152	-0.471593	-0.460087	-0.445078	-0.498202	-0.467702	-0.471482	-0.524759	-0.471593	-0.47566	-0.462753	-0.455984	-0.464172
53000	intercept	0.546719	0.525318	0.541353	0.525426	0.54085	0.578368	0.542444	0.545645	0.547215	0.574634	0.53548	0.567876	0.540294	0.501842	0.545364	0.549026	0.544589	0.51632	0.558144	0.552189	0.556786	0.536011	0.538306	0.540388	0.55871	0.567302	0.526532	0.556695	0.534809	0.541861	0.540228	0.546674	0.542787	0.579063	0.544658	0.552283	0.530633	0.555809	0.539282	0.542456	0.592353	0.533936	0.546834	0.549887	0.577574	0.59671	0.541637	0.558669	0.545775	0.557544	0.568742	0.560953	0.579714	0.547012	0.552525	0.566294	0.550222	0.579607	0.54851	0.546633	0.545516	0.571421	0.531673	0.536699	0.533422	0.607533	0.557738	0.535248	0.569955	0.565977	0.566803	0.546832	0.537909	0.57287	0.531958	0.523086	0.545683	0.550501	0.54158	0.54473	0.551292	0.565688	0.554612	0.578301	0.55387	0.529292	0.568732	0.551248	0.566882	0.518454	0.527142	0.570309	0.558616	0.562597	0.545642	0.555015	0.544993	0.521085	0.55171	0.582467	0.568625	0.574733	0.553545	0.54736	0.554588	0.55069	0.558567	0.5536	0.564505	0.556257	0.533202	0.569926	0.556857	0.592351	0.597432	0.538302	0.547493	0.551159	0.576586	0.605057	0.528649	0.562563	0.545042	0.563888	0.550332	0.547699	0.580584	0.563815	0.578808	0.536271	0.563462	0.535112	0.542892	0.535616	0.538267	0.56872	0.588225	0.533134	0.536801	0.563012	0.544525	0.542714	0.543131	0.556666	0.552908	0.586566	0.520168	0.56998	0.553022	0.563436	0.552074	0.537242	0.561298	0.57044	0.535934	0.550044	0.5499	0.620162	0.574632	0.544438	0.568273	0.532333	0.550726	0.568515	0.513882	0.540793	0.568813	0.57044	0.565082	0.529358	0.55406	0.550856	0.559719	0.52923	0.619539	0.54647	0.551828	0.534457	0.540382	0.569239	0.577911	0.551695	0.558087	0.550487	0.578709	0.553174	0.554668	0.56043	0.563406	0.54153	0.549511	0.600813	0.568802	0.543978	0.565382	0.534138	0.53676	0.552415	0.526342	0.619189	0.542204	0.517775	0.637686	0.569752	0.544405	0.58088	0.554265	0.560928	0.560344	0.582014	0.549243	0.582779	0.552668	0.538275	0.563964	0.517392	0.531664	0.560619	0.545469	0.544437	0.593116	0.55112	0.552724	0.562997	0.539443	0.593116	0.563682	0.562003	0.513109	0.532558	0.527802	0.565849	0.565614	0.58088	0.506785	0.549243	0.554401	0.568384	0.547776	0.584245	0.549349	0.535849	0.593104	0.550688	0.506785	0.532558	0.530787	0.593104	0.556303	0.540761	0.573077	0.577218	0.565627	0.549243	0.529496	0.532558	0.587309	0.550316	0.565115	0.550138	0.545469	0.61701	0.542204	0.544055	0.532113	0.538275	0.549243	0.547776	0.557189	0.554401	0.592638	0.569752	0.525605	0.515541	0.61701	0.554645	0.61701	0.545403	0.535849	0.551772	0.542949	0.546545	0.55171	0.514102	0.561399	0.544405	0.535401	0.547776	0.513109	0.545403	0.562102	0.547776	0.547214	0.555608	0.55334	0.532558	0.545469	0.547322	0.530787	0.593104	0.538552	0.503991	0.533563	0.547273	0.561173	0.545403	0.547214	0.608522	0.547776	0.557189	0.560534	0.530593	0.535849	0.50585	0.57542	0.545469	0.586562	0.592638	0.549243	0.523745	0.578047	0.5768	0.547776	0.540761	0.608522	0.563964	0.503991	0.534234	0.585728	0.55171	0.529001	0.570588	0.543005	0.565751	0.593104	0.604796	0.539845	0.54582	0.596989	0.52152	0.539981	0.547214	0.544714	0.550138	0.643744	0.546026	0.532021	0.516457	0.547776	0.599956	0.508148	0.556975	0.61701	0.506785	0.524169	0.551445	0.569752	0.518739	0.530117	0.530079	0.532021	0.604796	0.531241	0.576883	0.54764	0.562003	0.58088	0.549349	0.592638	0.564014	0.533988	0.546902	0.530117	0.56154	0.523821	0.596111	0.553334	0.546026	0.529371	0.545774	0.542585	0.530593	0.613825	0.565627	0.539322	0.530593	0.56154	0.576665	0.52152	0.546026	0.525605	0.547776	0.61701	0.579198	0.549594	0.52152	0.535849	0.55171	0.53787	0.532113
54000	slope	-0.401203	-0.422071	-0.443876	-0.464109	-0.455749	-0.436792	-0.458635	-0.473956	-0.458665	-0.460723	-0.469033	-0.469288	-0.493363	-0.498971	-0.482156	-0.496334	-0.459779	-0.367056	-0.482787	-0.50822	-0.462095	-0.417587	-0.489354	-0.425066	-0.517421	-0.424858	-0.49687	-0.444522	-0.445234	-0.449168	-0.411262	-0.427706	-0.464917	-0.521632	-0.454509	-0.462045	-0.4633	-0.444069	-0.476528	-0.525341	-0.481876	-0.465865	-0.539518	-0.514813	-0.517206	-0.459412	-0.4773	-0.44819	-0.48576	-0.41636	-0.514263	-0.505434	-0.464663	-0.440538	-0.442406	-0.504865	-0.456123	-0.512402	-0.43775	-0.47323	-0.480035	-0.44914	-0.445886	-0.493249	-0.502006	-0.513757	-0.479015	-0.479872	-0.468699	-0.433319	-0.495528	-0.462385	-0.447307	-0.51469	-0.42383	-0.460852	-0.455425	-0.450992	-0.498466	-0.428131	-0.458976	-0.493819	-0.510796	-0.444215	-0.517507	-0.493689	-0.42485	-0.51494	-0.446844	-0.49127	-0.456712	-0.479394	-0.417783	-0.472753	-0.436455	-0.455174	-0.421646	-0.46416	-0.453006	-0.45825	-0.473399	-0.470228	-0.445818	-0.441774	-0.499471	-0.4773	-0.512223	-0.476863	-0.488878	-0.466568	-0.48757	-0.422206	-0.459763	-0.45827	-0.443488	-0.501493	-0.436155	-0.432103	-0.407475	-0.445371	-0.452521	-0.480939	-0.397202	-0.49664	-0.413514	-0.449212	-0.445483	-0.472143	-0.508068	-0.434678	-0.474151	-0.525681	-0.528953	-0.4884	-0.458437	-0.438933	-0.460313	-0.483304	-0.471582	-0.510444	-0.506135	-0.460621	-0.492758	-0.494858	-0.472605	-0.470923	-0.491335	-0.445426	-0.4809	-0.492057	-0.49244	-0.412867	-0.445374	-0.476925	-0.441779	-0.468892	-0.507884	-0.459591	-0.445336	-0.496069	-0.478121	-0.480804	-0.490926	-0.427764	-0.495135	-0.407475	-0.460723	-0.456394	-0.456145	-0.434111	-0.433798	-0.43691	-0.422948	-0.465354	-0.449156	-0.494221	-0.491799	-0.42626	-0.438558	-0.437625	-0.499032	-0.457584	-0.460731	-0.425644	-0.518076	-0.454772	-0.532846	-0.463987	-0.472039	-0.486032	-0.486566	-0.455302	-0.416189	-0.451078	-0.465087	-0.47339	-0.479426	-0.487379	-0.465743	-0.41502	-0.532076	-0.495127	-0.441679	-0.533502	-0.481957	-0.503451	-0.417357	-0.45969	-0.447343	-0.513954	-0.48463	-0.477286	-0.507099	-0.421637	-0.530203	-0.500078	-0.40944	-0.488656	-0.464696	-0.523686	-0.507257	-0.460361	-0.490864	-0.422668	-0.440769	-0.479819	-0.430443	-0.486398	-0.434514	-0.507584	-0.48463	-0.40944	-0.49599	-0.545502	-0.498185	-0.430088	-0.469518	-0.502454	-0.459509	-0.502938	-0.511825	-0.521598	-0.539933	-0.482171	-0.548074	-0.417357	-0.415415	-0.438044	-0.451003	-0.415673	-0.484231	-0.467967	-0.428079	-0.507099	-0.451406	-0.432097	-0.523686	-0.526161	-0.475279	-0.502938	-0.5146	-0.437219	-0.507257	-0.495278	-0.40944	-0.483819	-0.508434	-0.503926	-0.405533	-0.481957	-0.422563	-0.462107	-0.410787	-0.42854	-0.471557	-0.465718	-0.448607	-0.519793	-0.405504	-0.469518	-0.481422	-0.45588	-0.462042	-0.455991	-0.445161	-0.539933	-0.413253	-0.52137	-0.434514	-0.473818	-0.517543	-0.515309	-0.445123	-0.404595	-0.513174	-0.524524	-0.428648	-0.428079	-0.435911	-0.535632	-0.47557	-0.415673	-0.451406	-0.523686	-0.456849	-0.415291	-0.529659	-0.42745	-0.472304	-0.478015	-0.45965	-0.52137	-0.433138	-0.428648	-0.519558	-0.415673	-0.464696	-0.513954	-0.508819	-0.475279	-0.544333	-0.446751	-0.471984	-0.423007	-0.428079	-0.5309	-0.465792	-0.510366	-0.508366	-0.5309	-0.42745	-0.536374	-0.478015	-0.428648	-0.503451	-0.409294	-0.503451	-0.490864	-0.417357	-0.456849	-0.421954	-0.502384	-0.439717	-0.438044	-0.413658	-0.45969	-0.473326	-0.447343	-0.463692	-0.529318	-0.502608	-0.489595	-0.405533	-0.509067	-0.415673	-0.405533	-0.486615	-0.421637	-0.424441	-0.507099	-0.502938	-0.443569	-0.485293	-0.42854	-0.520414	-0.449142	-0.447343	-0.503451	-0.466621	-0.469542	-0.428079	-0.438044	-0.448989	-0.440516	-0.507099	-0.395809	-0.489612	-0.520462	-0.513954	-0.507257	-0.428717	-0.472207	-0.428079	-0.515715	-0.435911	-0.514572	-0.523686	-0.487036	-0.513954	-0.370351	-0.449281	-0.507099	-0.45969	-0.441613	-0.459501	-0.42745	-0.473818	-0.477139	-0.461632	-0.470886
54000	intercept	0.520623	0.537813	0.568679	0.571574	0.532503	0.525053	0.544977	0.558938	0.569494	0.552254	0.568402	0.545638	0.585251	0.554717	0.543496	0.549434	0.585903	0.524188	0.575893	0.531167	0.545442	0.549712	0.547256	0.583848	0.550805	0.571231	0.570057	0.554932	0.513138	0.566709	0.513327	0.566998	0.580137	0.555332	0.54014	0.598856	0.563455	0.603264	0.579448	0.544021	0.549501	0.560992	0.551769	0.546411	0.548099	0.596432	0.56173	0.549254	0.599319	0.581737	0.557399	0.560371	0.550816	0.54822	0.533851	0.542003	0.546209	0.550498	0.569904	0.563215	0.569331	0.567181	0.557317	0.577979	0.556518	0.580133	0.556312	0.56826	0.526018	0.56737	0.566111	0.555512	0.555747	0.574285	0.568607	0.535056	0.546917	0.556491	0.554205	0.548878	0.527666	0.572998	0.574909	0.550185	0.554943	0.531627	0.558172	0.565158	0.547111	0.575099	0.554323	0.567137	0.57024	0.553542	0.522467	0.576883	0.547094	0.567819	0.544522	0.543431	0.520271	0.578545	0.551836	0.516734	0.538698	0.56173	0.542048	0.56427	0.553208	0.562661	0.581807	0.527739	0.555002	0.550154	0.506771	0.566569	0.56977	0.564458	0.55096	0.52037	0.551265	0.537296	0.536582	0.52919	0.542299	0.546714	0.540419	0.557185	0.558992	0.532928	0.579262	0.568186	0.554896	0.54935	0.536353	0.542673	0.537207	0.593431	0.544957	0.566266	0.552908	0.546583	0.533745	0.557253	0.554903	0.566696	0.575236	0.544623	0.533638	0.55613	0.576039	0.578369	0.5227	0.565371	0.568327	0.570231	0.576156	0.546276	0.579481	0.560871	0.53417	0.527334	0.555784	0.570509	0.537076	0.550913	0.559198	0.577696	0.531532	0.554335	0.518215	0.558727	0.562301	0.55363	0.574871	0.564498	0.549493	0.559597	0.548055	0.540577	0.542048	0.551819	0.570688	0.59124	0.528358	0.580061	0.55189	0.545309	0.551657	0.555176	0.562962	0.520308	0.52865	0.536555	0.529373	0.522748	0.523213	0.597331	0.560373	0.552418	0.549035	0.529352	0.52617	0.539637	0.5715	0.560644	0.564969	0.5223	0.566864	0.533996	0.536509	0.584104	0.577452	0.568249	0.555139	0.548534	0.623132	0.529076	0.50651	0.524302	0.548074	0.508853	0.554744	0.574213	0.559385	0.553616	0.550559	0.554744	0.536128	0.583942	0.548206	0.624846	0.564102	0.534848	0.532664	0.506633	0.514025	0.59472	0.59472	0.554744	0.530967	0.577071	0.554744	0.560952	0.554744	0.557839	0.506633	0.565821	0.576626	0.547921	0.573999	0.53852	0.580887	0.556542	0.525906	0.561577	0.521325	0.554744	0.517842	0.554744	0.536992	0.589631	0.554744	0.543558	0.607007	0.548851	0.574284	0.519404	0.49795	0.5715	0.54235	0.513584	0.523411	0.587063	0.537284	0.58471	0.523841	0.58337	0.608058	0.514025	0.528598	0.542481	0.551484	0.540681	0.559448	0.554744	0.549687	0.544691	0.536128	0.535975	0.573312	0.529153	0.56325	0.602905	0.548564	0.539637	0.470546	0.574213	0.559448	0.571376	0.581537	0.547921	0.525906	0.521517	0.582981	0.562533	0.549035	0.546698	0.599942	0.535519	0.508853	0.544691	0.511799	0.469116	0.585606	0.558703	0.511239	0.539637	0.554744	0.5223	0.562293	0.582573	0.549936	0.562533	0.568871	0.563721	0.546983	0.575161	0.554744	0.5623	0.542132	0.549035	0.535519	0.470546	0.560644	0.563206	0.542931	0.554744	0.557839	0.578008	0.542481	0.561755	0.523841	0.565821	0.485838	0.5223	0.584104	0.566864	0.541929	0.554744	0.554744	0.554609	0.48882	0.567387	0.547921	0.49795	0.557921	0.568249	0.538307	0.587371	0.554744	0.553959	0.520629	0.571	0.572895	0.511799	0.568715	0.560644	0.55789	0.556603	0.574213	0.547331	0.557111	0.513568	0.577452	0.573933	0.54345	0.572652	0.533297	0.554744	0.574729	0.571905	0.574213	0.544691	0.559448	0.575161	0.521552	0.543671	0.541416	0.582537	0.574975	0.568936	0.5223	0.565391	0.579301	0.546698	0.535975	0.538332	0.524636	0.586719
55000	slope	-0.457834	-0.46582	-0.496963	-0.474803	-0.478545	-0.440311	-0.447809	-0.475682	-0.495473	-0.458831	-0.496986	-0.468657	-0.469031	-0.439378	-0.482178	-0.476047	-0.432616	-0.478517	-0.486422	-0.457264	-0.480411	-0.481153	-0.481376	-0.474384	-0.484101	-0.401953	-0.480608	-0.431702	-0.492124	-0.525952	-0.488609	-0.483199	-0.501278	-0.464771	-0.430792	-0.460017	-0.442018	-0.471015	-0.515444	-0.433671	-0.464041	-0.475216	-0.502195	-0.452351	-0.456363	-0.46444	-0.466494	-0.46776	-0.461355	-0.486609	-0.469609	-0.436569	-0.474235	-0.445247	-0.482834	-0.434106	-0.475693	-0.434595	-0.454528	-0.471586	-0.453825	-0.518677	-0.459157	-0.49101	-0.489131	-0.451808	-0.464901	-0.46598	-0.522052	-0.474998	-0.444901	-0.49478	-0.487175	-0.469305	-0.476336	-0.456897	-0.413692	-0.407685	-0.438067	-0.457419	-0.500212	-0.454614	-0.452619	-0.425928	-0.415867	-0.485445	-0.52091	-0.455122	-0.512507	-0.504807	-0.473499	-0.481517	-0.49354	-0.446684	-0.467464	-0.453972	-0.460454	-0.467194	-0.521556	-0.463898	-0.444028	-0.508729	-0.442214	-0.481693	-0.457353	-0.49019	-0.503275	-0.476007	-0.487594	-0.493428	-0.45326	-0.405975	-0.476414	-0.489688	-0.422333	-0.467812	-0.485724	-0.450164	-0.505829	-0.526989	-0.475141	-0.431017	-0.492307	-0.426088	-0.460424	-0.444553	-0.462072	-0.421931	-0.496771	-0.523708	-0.444931	-0.435311	-0.472562	-0.474433	-0.494113	-0.461435	-0.45342	-0.460409	-0.440733	-0.443756	-0.451855	-0.521261	-0.435365	-0.485076	-0.498942	-0.488142	-0.481248	-0.481291	-0.416347	-0.46698	-0.493204	-0.490723	-0.460719	-0.478286	-0.463767	-0.479197	-0.495428	-0.480105	-0.472517	-0.485968	-0.499962	-0.462802	-0.514445	-0.5056	-0.475751	-0.473864	-0.433258	-0.494999	-0.475127	-0.518274	-0.487368	-0.439949	-0.489274	-0.467543	-0.435012	-0.488941	-0.464795	-0.451485	-0.485305	-0.498785	-0.468355	-0.439425	-0.468391	-0.44801	-0.450257	-0.472491	-0.442462	-0.441246	-0.431089	-0.509231	-0.452632	-0.503114	-0.412241	-0.505115	-0.470084	-0.503202	-0.447838	-0.460111	-0.477068	-0.412719	-0.421291	-0.5199	-0.46417	-0.469987	-0.471441	-0.513415	-0.522174	-0.461244	-0.506334	-0.46528	-0.527517	-0.505687	-0.522103	-0.488705	-0.497443	-0.456419	-0.488898	-0.396305	-0.485646	-0.523915	-0.4536	-0.429514	-0.473601	-0.45552	-0.424203	-0.486478	-0.493263	-0.446287	-0.476256	-0.431325	-0.489096	-0.445891	-0.49004	-0.52091	-0.429514	-0.444393	-0.52004	-0.532667	-0.432267	-0.476256	-0.407846	-0.480237	-0.488107	-0.420962	-0.448999	-0.5137	-0.56351	-0.552198	-0.492051	-0.469512	-0.459578	-0.488419	-0.463339	-0.465166	-0.475627	-0.493486	-0.502482	-0.45552	-0.527517	-0.431329	-0.487503	-0.414791	-0.424203	-0.460709	-0.505763	-0.52091	-0.453447	-0.468036	-0.493486	-0.474717	-0.514211	-0.489096	-0.49097	-0.514556	-0.466964	-0.487732	-0.437686	-0.456419	-0.462055	-0.46528	-0.49004	-0.514214	-0.477758	-0.509171	-0.492118	-0.455065	-0.493263	-0.443104	-0.414666	-0.39584	-0.506334	-0.509353	-0.529559	-0.435614	-0.416143	-0.511002	-0.505763	-0.411331	-0.521618	-0.530662	-0.521576	-0.415132	-0.483196	-0.456419	-0.415591	-0.416143	-0.509353	-0.499348	-0.463339	-0.416143	-0.439789	-0.503555	-0.527232	-0.421291	-0.432337	-0.486478	-0.443376	-0.475221	-0.457178	-0.413378	-0.511002	-0.463847	-0.463847	-0.404979	-0.466025	-0.532677	-0.493263	-0.416882	-0.499341	-0.499348	-0.466025	-0.452094	-0.477833	-0.459578	-0.473601	-0.509737	-0.471239	-0.509737	-0.49097	-0.499348	-0.475627	-0.459826	-0.477738	-0.449619	-0.43723	-0.491407	-0.511447	-0.407601	-0.539379	-0.472455	-0.522103	-0.408893	-0.468036	-0.421291	-0.52968	-0.449619	-0.517008	-0.444284	-0.522029	-0.475627	-0.447716	-0.463624	-0.509455	-0.469512	-0.488923	-0.462055	-0.400212	-0.445595	-0.472649	-0.502104	-0.526439	-0.391146	-0.416143	-0.468326	-0.402288	-0.49004	-0.513225	-0.52361	-0.407973	-0.506334	-0.46528	-0.473575	-0.416143	-0.488705	-0.414791	-0.499348	-0.45552	-0.511002	-0.486478	-0.418867	-0.510504	-0.533068	-0.407973	-0.506399	-0.487653	-0.466025	-0.453447	-0.415132	-0.466025	-0.480111
55000	intercept	0.505018	0.565623	0.576263	0.551311	0.524134	0.554812	0.51823	0.557007	0.55179	0.562809	0.545205	0.550055	0.525361	0.511967	0.567375	0.578198	0.58147	0.541966	0.55317	0.545753	0.53825	0.548717	0.539604	0.571098	0.55672	0.539618	0.584577	0.566556	0.54343	0.574842	0.547486	0.556997	0.556666	0.561791	0.527412	0.582905	0.533039	0.542227	0.556602	0.530258	0.546821	0.550859	0.564922	0.573782	0.518401	0.566416	0.559561	0.571106	0.558609	0.572726	0.553786	0.50238	0.558572	0.544019	0.583435	0.53204	0.54731	0.533226	0.562026	0.543328	0.559315	0.569734	0.579163	0.585816	0.582129	0.529104	0.533671	0.561704	0.547781	0.544956	0.528833	0.558599	0.587344	0.537826	0.537971	0.514188	0.521549	0.548375	0.515947	0.53565	0.545082	0.567966	0.562028	0.523272	0.539002	0.580956	0.547711	0.574611	0.582807	0.562467	0.557863	0.551542	0.553765	0.518196	0.554056	0.578322	0.559787	0.539482	0.547096	0.518527	0.567346	0.567626	0.54246	0.602752	0.586165	0.546487	0.572431	0.550489	0.554571	0.580233	0.54503	0.537807	0.553984	0.554201	0.522062	0.568923	0.584813	0.557553	0.594708	0.564581	0.534248	0.551629	0.555081	0.545091	0.552463	0.555626	0.563303	0.506851	0.554271	0.550149	0.528705	0.530373	0.561263	0.562124	0.54481	0.526585	0.552842	0.54243	0.565209	0.530201	0.542718	0.580131	0.570939	0.586031	0.579389	0.568883	0.573923	0.571197	0.554667	0.554244	0.601536	0.550698	0.547845	0.55039	0.54442	0.563239	0.539214	0.557764	0.565887	0.568249	0.561936	0.577846	0.565696	0.551375	0.564388	0.568067	0.552201	0.535472	0.547981	0.573071	0.569452	0.534757	0.544616	0.527215	0.540344	0.547985	0.569737	0.526867	0.561604	0.539553	0.540371	0.54982	0.564963	0.548013	0.566019	0.543503	0.570961	0.528078	0.568504	0.568146	0.547809	0.582203	0.556584	0.553242	0.552381	0.590732	0.534816	0.541571	0.561321	0.542286	0.575732	0.550362	0.533781	0.50961	0.500794	0.541687	0.583257	0.585392	0.538984	0.540774	0.544358	0.576918	0.571186	0.582302	0.524438	0.540225	0.568553	0.517162	0.584524	0.510863	0.553709	0.553584	0.515132	0.575279	0.57179	0.498269	0.615663	0.570356	0.559302	0.543861	0.543385	0.537661	0.576251	0.561899	0.553584	0.570356	0.541687	0.595195	0.526712	0.559302	0.565598	0.537759	0.554242	0.541271	0.531139	0.554295	0.555782	0.60573	0.576918	0.498321	0.537833	0.508795	0.53407	0.578097	0.554755	0.632354	0.548387	0.556161	0.549935	0.540515	0.522525	0.580616	0.57179	0.525986	0.576226	0.561899	0.575279	0.595082	0.632354	0.577674	0.544468	0.548915	0.504123	0.60642	0.550361	0.548915	0.545965	0.537833	0.549567	0.540774	0.595669	0.582302	0.542062	0.550277	0.568283	0.589922	0.615663	0.53459	0.55053	0.517162	0.538984	0.54599	0.578361	0.546999	0.565598	0.536601	0.576226	0.533055	0.608764	0.58529	0.582947	0.521781	0.572282	0.540225	0.512742	0.565261	0.54599	0.550025	0.53407	0.568066	0.562344	0.555517	0.554098	0.575732	0.522377	0.510886	0.548816	0.593414	0.501976	0.486778	0.536894	0.550789	0.550789	0.52656	0.560644	0.574644	0.615663	0.579565	0.54599	0.550025	0.558607	0.527758	0.547545	0.549434	0.515132	0.582302	0.564643	0.571186	0.504123	0.56748	0.554755	0.541188	0.551988	0.576922	0.546999	0.575255	0.584889	0.562074	0.52272	0.552698	0.571186	0.517162	0.595082	0.575732	0.571186	0.561397	0.571602	0.532973	0.539677	0.554755	0.504404	0.528041	0.586042	0.49911	0.541791	0.549567	0.554361	0.569062	0.549567	0.584889	0.571712	0.520558	0.565598	0.580417	0.537366	0.606828	0.563419	0.581079	0.533055	0.538984	0.536722	0.5471	0.565261	0.582302	0.580616	0.56748	0.556161	0.536894	0.510886	0.512742	0.586315	0.57422	0.533055	0.555001	0.577317	0.547545	0.575279	0.521781	0.560644	0.590175
56000	slope	-0.439567	-0.484491	-0.444471	-0.530346	-0.525165	-0.495862	-0.468276	-0.483646	-0.468751	-0.427541	-0.399238	-0.524673	-0.510608	-0.49886	-0.427648	-0.489569	-0.448548	-0.431144	-0.457069	-0.525206	-0.496506	-0.397787	-0.457773	-0.509422	-0.443276	-0.440435	-0.528401	-0.49356	-0.512867	-0.491201	-0.429876	-0.459573	-0.426966	-0.479144	-0.489585	-0.485771	-0.502581	-0.49137	-0.504196	-0.474236	-0.433226	-0.43774	-0.466444	-0.446253	-0.465644	-0.447814	-0.496165	-0.48809	-0.505164	-0.46264	-0.50152	-0.491731	-0.489625	-0.466067	-0.456115	-0.435187	-0.460137	-0.466752	-0.441579	-0.481454	-0.442574	-0.410634	-0.477139	-0.449479	-0.386755	-0.491625	-0.49743	-0.491897	-0.494449	-0.502153	-0.458362	-0.491436	-0.524301	-0.412121	-0.497874	-0.501903	-0.45411	-0.459088	-0.452651	-0.413925	-0.462774	-0.492952	-0.420686	-0.467051	-0.418783	-0.436139	-0.473618	-0.528044	-0.484569	-0.482775	-0.429781	-0.435534	-0.512274	-0.496639	-0.450016	-0.440469	-0.463818	-0.441261	-0.460158	-0.482029	-0.459964	-0.514163	-0.470095	-0.454552	-0.504051	-0.479404	-0.454328	-0.435412	-0.455719	-0.476515	-0.502844	-0.514992	-0.500096	-0.465644	-0.436974	-0.493342	-0.462463	-0.517148	-0.426071	-0.542525	-0.447283	-0.493321	-0.509787	-0.525579	-0.468732	-0.408834	-0.458466	-0.422946	-0.459895	-0.411851	-0.491868	-0.468892	-0.427761	-0.416028	-0.495233	-0.507775	-0.429756	-0.523144	-0.428594	-0.41012	-0.464276	-0.48503	-0.438388	-0.463751	-0.474724	-0.449473	-0.426913	-0.431295	-0.467289	-0.467624	-0.405971	-0.403798	-0.511401	-0.404405	-0.478138	-0.46247	-0.398802	-0.491154	-0.500245	-0.507956	-0.439973	-0.49785	-0.451127	-0.532778	-0.481497	-0.507258	-0.459535	-0.512628	-0.455945	-0.503196	-0.482308	-0.473989	-0.511565	-0.444074	-0.486425	-0.508613	-0.454295	-0.475797	-0.528552	-0.445083	-0.440231	-0.457489	-0.5114	-0.505941	-0.39201	-0.514081	-0.471372	-0.461808	-0.498328	-0.518684	-0.437943	-0.495215	-0.506124	-0.429499	-0.502485	-0.497164	-0.403091	-0.466405	-0.419611	-0.381217	-0.437596	-0.388245	-0.531145	-0.427694	-0.422922	-0.488028	-0.464982	-0.39006	-0.533465	-0.420422	-0.49541	-0.5395	-0.412872	-0.5395	-0.516258	-0.449473	-0.516719	-0.460067	-0.505069	-0.393673	-0.436683	-0.404354	-0.39006	-0.527707	-0.496177	-0.486021	-0.500407	-0.512069	-0.514982	-0.483843	-0.461682	-0.556131	-0.509684	-0.524613	-0.540944	-0.460388	-0.381032	-0.495911	-0.509476	-0.514148	-0.505069	-0.514965	-0.429556	-0.509476	-0.490249	-0.495718	-0.458139	-0.510047	-0.505661	-0.420422	-0.459426	-0.510215	-0.500808	-0.430731	-0.51305	-0.494189	-0.534364	-0.412872	-0.423483	-0.393673	-0.39341	-0.458712	-0.444485	-0.52164	-0.420812	-0.540332	-0.496036	-0.528677	-0.39006	-0.480188	-0.465495	-0.449473	-0.458712	-0.541146	-0.444485	-0.450917	-0.490249	-0.422922	-0.546355	-0.441005	-0.423906	-0.379775	-0.504086	-0.412872	-0.5395	-0.512069	-0.423483	-0.474193	-0.465471	-0.518446	-0.530197	-0.412872	-0.420422	-0.510215	-0.514965	-0.524103	-0.467182	-0.494219	-0.413855	-0.483353	-0.486829	-0.39617	-0.385426	-0.482802	-0.480892	-0.486829	-0.534364	-0.425255	-0.477605	-0.564685	-0.483843	-0.480245	-0.515143	-0.513507	-0.467182	-0.405867	-0.425465	-0.441911	-0.528677	-0.536352	-0.5395	-0.420422	-0.412872	-0.484471	-0.515639	-0.509684	-0.533465	-0.457731	-0.441005	-0.495135	-0.500407	-0.410923	-0.486358	-0.441005	-0.524103	-0.386845	-0.500407	-0.515639	-0.400847	-0.462514	-0.514982	-0.410566	-0.499813	-0.514982	-0.500773	-0.503849	-0.494335	-0.410923	-0.495315	-0.423483	-0.39006	-0.475052	-0.510319	-0.488513	-0.509684	-0.493654	-0.457378	-0.524103	-0.4864	-0.485048	-0.471702	-0.486829	-0.497053	-0.37419	-0.497053	-0.410923	-0.467182	-0.489852	-0.406084	-0.465613	-0.396757	-0.375275	-0.410923	-0.468927	-0.482168	-0.471889	-0.488769	-0.379775	-0.396757	-0.519859	-0.480892	-0.556131	-0.465613	-0.514982	-0.469494	-0.405416	-0.485048	-0.37419	-0.460388	-0.415802	-0.499763	-0.528121	-0.386845	-0.49541	-0.450546	-0.386845	-0.496632	-0.465449	-0.467443	-0.494335
56000	intercept	0.523597	0.552062	0.536638	0.545589	0.564586	0.562032	0.556773	0.543204	0.555593	0.520559	0.566856	0.578884	0.546583	0.561722	0.539617	0.563412	0.531843	0.582823	0.539173	0.588803	0.554674	0.528932	0.53769	0.585229	0.539168	0.547609	0.551311	0.545266	0.551441	0.572838	0.546564	0.546005	0.560523	0.570606	0.556863	0.579739	0.559182	0.545309	0.557841	0.560141	0.540863	0.548433	0.547002	0.521973	0.529878	0.527033	0.569122	0.564873	0.566344	0.589229	0.566279	0.543073	0.546109	0.550039	0.559243	0.546264	0.562181	0.552791	0.569615	0.553489	0.537382	0.501177	0.528281	0.556245	0.562694	0.566988	0.537876	0.583569	0.577404	0.567297	0.541436	0.579079	0.595143	0.564572	0.570726	0.563576	0.563816	0.558887	0.562819	0.53982	0.537473	0.552321	0.525131	0.542785	0.510758	0.571975	0.567026	0.55076	0.532962	0.562298	0.529146	0.553086	0.562684	0.563535	0.547394	0.526103	0.569984	0.512114	0.537452	0.532495	0.544765	0.54325	0.561827	0.517678	0.555512	0.541609	0.530542	0.548521	0.539149	0.563208	0.538391	0.548467	0.543117	0.518078	0.533564	0.55804	0.56024	0.55946	0.524068	0.592073	0.56082	0.546858	0.539176	0.585006	0.561492	0.551562	0.56186	0.516676	0.596711	0.509807	0.558312	0.539587	0.537375	0.560385	0.562067	0.563608	0.518983	0.553022	0.547535	0.531563	0.511218	0.541792	0.539486	0.568696	0.572649	0.522266	0.510257	0.529742	0.53374	0.560777	0.549745	0.497981	0.548648	0.521724	0.570062	0.537985	0.515263	0.573359	0.537522	0.55372	0.578676	0.562663	0.533551	0.569952	0.509739	0.573471	0.552269	0.535351	0.54775	0.553751	0.52718	0.571987	0.56654	0.516877	0.557092	0.545223	0.51848	0.574207	0.586808	0.542505	0.578676	0.545157	0.571526	0.54748	0.542904	0.582189	0.588614	0.53484	0.545368	0.560744	0.570071	0.539115	0.56922	0.48874	0.560103	0.527838	0.532616	0.553601	0.570886	0.517088	0.51806	0.517203	0.59201	0.557815	0.595151	0.597764	0.529581	0.534845	0.568264	0.48915	0.541996	0.557079	0.537503	0.555788	0.538467	0.532227	0.568264	0.558283	0.548822	0.507912	0.576748	0.495877	0.534845	0.547036	0.547158	0.555736	0.572707	0.538467	0.566103	0.581031	0.524772	0.592135	0.561917	0.55973	0.580803	0.507081	0.520968	0.553395	0.5565	0.63883	0.545544	0.576567	0.539802	0.5565	0.555021	0.539176	0.5337	0.538828	0.562725	0.523943	0.55064	0.568264	0.574636	0.57176	0.542437	0.581031	0.630022	0.537503	0.480047	0.507912	0.534845	0.540068	0.521388	0.516069	0.532901	0.5997	0.549947	0.580741	0.533772	0.558433	0.544185	0.524637	0.540068	0.586697	0.521388	0.569973	0.555021	0.595151	0.538467	0.515236	0.569973	0.494644	0.576234	0.515584	0.557079	0.547166	0.483912	0.529581	0.55059	0.572753	0.59068	0.501324	0.523943	0.568264	0.556723	0.589517	0.544185	0.514167	0.518189	0.591379	0.537224	0.534845	0.563401	0.54599	0.543414	0.537224	0.595582	0.546087	0.556024	0.592135	0.581031	0.544185	0.520716	0.529907	0.542237	0.539802	0.508844	0.594779	0.580741	0.570328	0.557079	0.48915	0.537503	0.55059	0.592355	0.561917	0.568264	0.515571	0.515236	0.566895	0.576396	0.580832	0.555811	0.509095	0.57643	0.575225	0.583938	0.592355	0.468539	0.479599	0.566103	0.508844	0.556493	0.566103	0.527012	0.578447	0.553963	0.574343	0.54599	0.483912	0.533772	0.567639	0.511622	0.547158	0.55919	0.594465	0.557683	0.589517	0.567639	0.568289	0.532532	0.537224	0.575187	0.515555	0.571052	0.580832	0.544185	0.527012	0.568763	0.517132	0.571591	0.487119	0.571448	0.520936	0.509156	0.604616	0.598142	0.494601	0.559808	0.650527	0.539251	0.592135	0.521994	0.566103	0.520936	0.581696	0.568289	0.509284	0.507081	0.507126	0.561097	0.568264	0.575225	0.541996	0.524772	0.589521	0.548922	0.512321	0.527714	0.567721
57000	slope	-0.463305	-0.467032	-0.473243	-0.43807	-0.48851	-0.503651	-0.42689	-0.440444	-0.425769	-0.449089	-0.519959	-0.453013	-0.470152	-0.462573	-0.512411	-0.470732	-0.509374	-0.511831	-0.505609	-0.494477	-0.486602	-0.512303	-0.434911	-0.479595	-0.500037	-0.522405	-0.513943	-0.5019	-0.477941	-0.429273	-0.461485	-0.476853	-0.475328	-0.46486	-0.474758	-0.526778	-0.488362	-0.500081	-0.489857	-0.437011	-0.508939	-0.51313	-0.483437	-0.453313	-0.429352	-0.464743	-0.460818	-0.500684	-0.509368	-0.501953	-0.453988	-0.464299	-0.457803	-0.466333	-0.502377	-0.498707	-0.452612	-0.49947	-0.458579	-0.443084	-0.387114	-0.466495	-0.490011	-0.486858	-0.509089	-0.438054	-0.419271	-0.459203	-0.474378	-0.488319	-0.499196	-0.491505	-0.516076	-0.521256	-0.50814	-0.461535	-0.507734	-0.494866	-0.45472	-0.500123	-0.478519	-0.439942	-0.500671	-0.440268	-0.422367	-0.510104	-0.476718	-0.48429	-0.482042	-0.486495	-0.461683	-0.487209	-0.397597	-0.533002	-0.408561	-0.420142	-0.523119	-0.494224	-0.507127	-0.49999	-0.521498	-0.534824	-0.50718	-0.517604	-0.511322	-0.505637	-0.493105	-0.490017	-0.511274	-0.520866	-0.497255	-0.50016	-0.486506	-0.450616	-0.439236	-0.500739	-0.48609	-0.442319	-0.502077	-0.450027	-0.49216	-0.509598	-0.495428	-0.442191	-0.505722	-0.470811	-0.445358	-0.515389	-0.405614	-0.465943	-0.506776	-0.518566	-0.461991	-0.476975	-0.448803	-0.423481	-0.506243	-0.443962	-0.441569	-0.458185	-0.478975	-0.489212	-0.516823	-0.461116	-0.464397	-0.493619	-0.519522	-0.458612	-0.501466	-0.528927	-0.501081	-0.483441	-0.442568	-0.477382	-0.472199	-0.427085	-0.477299	-0.490107	-0.451042	-0.50335	-0.479024	-0.48535	-0.491179	-0.412315	-0.504475	-0.469978	-0.472944	-0.505447	-0.515393	-0.427554	-0.49034	-0.517903	-0.509958	-0.401329	-0.510833	-0.506762	-0.503318	-0.482269	-0.504892	-0.475877	-0.506122	-0.401402	-0.456727	-0.471139	-0.436104	-0.39767	-0.451646	-0.450422	-0.441633	-0.473283	-0.470102	-0.399448	-0.503428	-0.430861	-0.446991	-0.502234	-0.448425	-0.437467	-0.485921	-0.497102	-0.520198	-0.415481	-0.494454	-0.470134	-0.42575	-0.395747	-0.510432	-0.541535	-0.49783	-0.516834	-0.566555	-0.486659	-0.404167	-0.441602	-0.476308	-0.520198	-0.493595	-0.475189	-0.501858	-0.397585	-0.494454	-0.518492	-0.430299	-0.490681	-0.428746	-0.48913	-0.442794	-0.525537	-0.478719	-0.528555	-0.485982	-0.499944	-0.472969	-0.495273	-0.494067	-0.428671	-0.520254	-0.497032	-0.422835	-0.397027	-0.504642	-0.441602	-0.511581	-0.511058	-0.466723	-0.501858	-0.450922	-0.466723	-0.488649	-0.433665	-0.566555	-0.435336	-0.507169	-0.449956	-0.509321	-0.40008	-0.490681	-0.476824	-0.449956	-0.397027	-0.47552	-0.499409	-0.483146	-0.404167	-0.505302	-0.478719	-0.501858	-0.48913	-0.513933	-0.43886	-0.431501	-0.478719	-0.496808	-0.499409	-0.492616	-0.543151	-0.510571	-0.393468	-0.379011	-0.412955	-0.510129	-0.476803	-0.428516	-0.501361	-0.429311	-0.48782	-0.499776	-0.379011	-0.501361	-0.40008	-0.47552	-0.499086	-0.47139	-0.491491	-0.420552	-0.511053	-0.5469	-0.412315	-0.47552	-0.511053	-0.449956	-0.47486	-0.46517	-0.513933	-0.492047	-0.405778	-0.47486	-0.516834	-0.389449	-0.491333	-0.507417	-0.45726	-0.507417	-0.404167	-0.489867	-0.485982	-0.433347	-0.4962	-0.547723	-0.398207	-0.511534	-0.451597	-0.449956	-0.499655	-0.497494	-0.442794	-0.497032	-0.405778	-0.425146	-0.443036	-0.412955	-0.448972	-0.491643	-0.518847	-0.524726	-0.48913	-0.516928	-0.509321	-0.486728	-0.509321	-0.473057	-0.494454	-0.548254	-0.428192	-0.460497	-0.507169	-0.414699	-0.507589	-0.4889	-0.412955	-0.542416	-0.508358	-0.499865	-0.525537	-0.398312	-0.410435	-0.428662	-0.4889	-0.398312	-0.533792	-0.548254	-0.385727	-0.504642	-0.526014	-0.501858	-0.480215	-0.412912	-0.450256	-0.475189	-0.541535	-0.509321	-0.51972	-0.509321	-0.513399	-0.547723	-0.492047	-0.426876	-0.532517	-0.473057	-0.514422	-0.548254	-0.435336	-0.434799	-0.435336	-0.51972	-0.492616	-0.48782	-0.47552	-0.449956	-0.442794	-0.473336	-0.478719	-0.525537	-0.488533	-0.442794	-0.522314	-0.428192	-0.483146	-0.474861	-0.479515
57000	intercept	0.554341	0.512886	0.54202	0.521153	0.57719	0.564102	0.528221	0.534131	0.505431	0.548934	0.572697	0.535862	0.534073	0.553296	0.559392	0.540505	0.604355	0.566596	0.606607	0.540888	0.578153	0.600426	0.552476	0.553791	0.600754	0.560369	0.562495	0.553622	0.566926	0.548618	0.521545	0.545945	0.577416	0.552676	0.559577	0.601376	0.55222	0.548197	0.544538	0.537604	0.563699	0.606554	0.585805	0.544335	0.543331	0.549513	0.526523	0.553937	0.553439	0.591269	0.534204	0.537869	0.562319	0.565107	0.54387	0.594558	0.523547	0.589812	0.53449	0.552303	0.506352	0.569203	0.545887	0.583251	0.589618	0.552207	0.510991	0.568682	0.547487	0.594249	0.552416	0.596595	0.602213	0.555557	0.555814	0.542947	0.515834	0.53845	0.508004	0.586309	0.581545	0.555071	0.576886	0.531469	0.51573	0.546186	0.52097	0.533304	0.563968	0.605715	0.562139	0.569272	0.517248	0.573541	0.545322	0.512888	0.597325	0.606324	0.535002	0.586386	0.594475	0.585215	0.549226	0.585196	0.600801	0.539802	0.556917	0.584818	0.590441	0.588635	0.517676	0.544623	0.566566	0.545779	0.537846	0.56621	0.582775	0.538546	0.56083	0.532308	0.516624	0.590017	0.574786	0.5802	0.561722	0.562058	0.539617	0.561415	0.503344	0.569405	0.568794	0.593626	0.535216	0.569511	0.533547	0.513015	0.593122	0.547543	0.5306	0.548099	0.567512	0.566552	0.592733	0.542044	0.545882	0.561143	0.556175	0.541015	0.582049	0.59006	0.576649	0.558838	0.542667	0.555749	0.56545	0.519983	0.553085	0.549267	0.563542	0.534248	0.584884	0.571955	0.571651	0.494275	0.567753	0.525662	0.527268	0.542737	0.601623	0.520835	0.589808	0.579616	0.592316	0.554938	0.575052	0.516167	0.556338	0.598961	0.600432	0.527179	0.563577	0.512159	0.556033	0.567266	0.544716	0.527379	0.528763	0.551662	0.543595	0.571509	0.533665	0.51312	0.575512	0.52193	0.546982	0.577282	0.550621	0.537165	0.537089	0.594726	0.572262	0.479424	0.525961	0.58622	0.573341	0.530434	0.480884	0.610187	0.575798	0.551018	0.608706	0.577788	0.536221	0.499129	0.597475	0.57213	0.565452	0.554308	0.562559	0.49026	0.525961	0.566298	0.525502	0.570371	0.504505	0.57266	0.506634	0.581522	0.564845	0.583036	0.564296	0.57393	0.586785	0.580688	0.57393	0.507126	0.548774	0.552416	0.511024	0.520412	0.513852	0.499129	0.541507	0.560205	0.520276	0.535504	0.563815	0.511399	0.576107	0.505584	0.608706	0.542923	0.576607	0.562882	0.560205	0.484802	0.570371	0.509333	0.562882	0.521701	0.559033	0.56447	0.615949	0.528255	0.591403	0.564845	0.562559	0.57266	0.572836	0.499129	0.505584	0.564845	0.612066	0.56773	0.580121	0.590167	0.569307	0.49026	0.52638	0.554423	0.615448	0.593567	0.525502	0.557639	0.523219	0.519224	0.560205	0.52638	0.541745	0.484802	0.559033	0.57843	0.56773	0.589516	0.533597	0.573971	0.589355	0.49284	0.559033	0.573971	0.562882	0.582302	0.506131	0.582163	0.546361	0.503905	0.582302	0.551018	0.502377	0.557323	0.557643	0.559033	0.557643	0.522577	0.517479	0.564296	0.523219	0.543288	0.613151	0.515582	0.560205	0.563531	0.562882	0.585417	0.602135	0.505584	0.552416	0.503905	0.563131	0.570612	0.554423	0.555902	0.570664	0.539113	0.604896	0.57266	0.572262	0.560205	0.565452	0.560205	0.580904	0.525961	0.613151	0.493641	0.57108	0.576607	0.553206	0.594221	0.570664	0.549847	0.591104	0.570843	0.568	0.581522	0.529867	0.489158	0.49284	0.570664	0.529867	0.539409	0.613151	0.517605	0.543288	0.539409	0.546331	0.631287	0.528475	0.592147	0.554308	0.610187	0.560205	0.562626	0.560205	0.550784	0.613151	0.551457	0.49416	0.615949	0.580904	0.57625	0.613151	0.529802	0.478094	0.529802	0.562626	0.57951	0.519224	0.560529	0.562882	0.503084	0.57669	0.564845	0.581522	0.567082	0.533631	0.550784	0.493641	0.623047	0.57393	0.596037
58000	slope	-0.496073	-0.44146	-0.468839	-0.498637	-0.475644	-0.471908	-0.433633	-0.513885	-0.505246	-0.464235	-0.487071	-0.387068	-0.505994	-0.485473	-0.495257	-0.466323	-0.490647	-0.491701	-0.479778	-0.449333	-0.499155	-0.465601	-0.522498	-0.406532	-0.457332	-0.495199	-0.494495	-0.514175	-0.528998	-0.448338	-0.440771	-0.549753	-0.387866	-0.469405	-0.434372	-0.470977	-0.493856	-0.515646	-0.458635	-0.48195	-0.474314	-0.496004	-0.431858	-0.458527	-0.435342	-0.515081	-0.494359	-0.465929	-0.470677	-0.485773	-0.428699	-0.489712	-0.447002	-0.488013	-0.415292	-0.522846	-0.458527	-0.393249	-0.460167	-0.482117	-0.499331	-0.515226	-0.508851	-0.480348	-0.468261	-0.410403	-0.469257	-0.458642	-0.507402	-0.382472	-0.482738	-0.461675	-0.483899	-0.491841	-0.496178	-0.445564	-0.489561	-0.483521	-0.495864	-0.502255	-0.439636	-0.441934	-0.484855	-0.493798	-0.453139	-0.503827	-0.402057	-0.430123	-0.513422	-0.493812	-0.505526	-0.484393	-0.495146	-0.47863	-0.45136	-0.450348	-0.534656	-0.455064	-0.429126	-0.464529	-0.427621	-0.440611	-0.479828	-0.430121	-0.476236	-0.49926	-0.397413	-0.464396	-0.439206	-0.465777	-0.48739	-0.517907	-0.413862	-0.399214	-0.434691	-0.468846	-0.46217	-0.471546	-0.438965	-0.447704	-0.474429	-0.441027	-0.4724	-0.468343	-0.479883	-0.464112	-0.475218	-0.454587	-0.494506	-0.416214	-0.483658	-0.47315	-0.491813	-0.472231	-0.449288	-0.445723	-0.536781	-0.4408	-0.403752	-0.497793	-0.435546	-0.526966	-0.46757	-0.453089	-0.424649	-0.465601	-0.464101	-0.441668	-0.509576	-0.501003	-0.485392	-0.42419	-0.427948	-0.482332	-0.48683	-0.512145	-0.473139	-0.466707	-0.474707	-0.477395	-0.463162	-0.507462	-0.522483	-0.476271	-0.493742	-0.449965	-0.501638	-0.46646	-0.460573	-0.443432	-0.507598	-0.510079	-0.453274	-0.472394	-0.459428	-0.501747	-0.528204	-0.455609	-0.470408	-0.464448	-0.493066	-0.48236	-0.419969	-0.491797	-0.432485	-0.444643	-0.453245	-0.499876	-0.43464	-0.438711	-0.493335	-0.47745	-0.483539	-0.499842	-0.514058	-0.475675	-0.450348	-0.50187	-0.497201	-0.539946	-0.497723	-0.436127	-0.502174	-0.466118	-0.50176	-0.416949	-0.522837	-0.475147	-0.385353	-0.504365	-0.557152	-0.470705	-0.425997	-0.404828	-0.451932	-0.457658	-0.486893	-0.369308	-0.459216	-0.479605	-0.438853	-0.520059	-0.418047	-0.489563	-0.485871	-0.495101	-0.447434	-0.43017	-0.402175	-0.504365	-0.402175	-0.436778	-0.543331	-0.440098	-0.393545	-0.527762	-0.52467	-0.500274	-0.440839	-0.506554	-0.429193	-0.402036	-0.522837	-0.416393	-0.486032	-0.440641	-0.42215	-0.404828	-0.421544	-0.488269	-0.500587	-0.432985	-0.382833	-0.44254	-0.436127	-0.48683	-0.602455	-0.432082	-0.402175	-0.486032	-0.455384	-0.436978	-0.42719	-0.504365	-0.440098	-0.513709	-0.486032	-0.506914	-0.427071	-0.494428	-0.436127	-0.481879	-0.376336	-0.481881	-0.491303	-0.494312	-0.527529	-0.42726	-0.443395	-0.494173	-0.510483	-0.517301	-0.385353	-0.443395	-0.447434	-0.449791	-0.464593	-0.504365	-0.495101	-0.493619	-0.515698	-0.512514	-0.493203	-0.44254	-0.512921	-0.512427	-0.443395	-0.437175	-0.481362	-0.495101	-0.580257	-0.429193	-0.495216	-0.476109	-0.403555	-0.518055	-0.492942	-0.502319	-0.496826	-0.502174	-0.530063	-0.48877	-0.512514	-0.492942	-0.537985	-0.3936	-0.496142	-0.502174	-0.504705	-0.407305	-0.500319	-0.462545	-0.404162	-0.496826	-0.503447	-0.486032	-0.477515	-0.440098	-0.543331	-0.436778	-0.425079	-0.527529	-0.494446	-0.494312	-0.552461	-0.50176	-0.440098	-0.486893	-0.407305	-0.556753	-0.487124	-0.404828	-0.370458	-0.542109	-0.519154	-0.504118	-0.496826	-0.482371	-0.495868	-0.414957	-0.507484	-0.518055	-0.513657	-0.477991	-0.4461	-0.394457	-0.508254	-0.415716	-0.507568	-0.416393	-0.466728	-0.476773	-0.499301	-0.490261	-0.437175	-0.417838	-0.424113	-0.502319	-0.435255	-0.43725	-0.48683	-0.366727	-0.491265	-0.477991	-0.393818	-0.552461	-0.404828	-0.52309	-0.389729	-0.418047	-0.511553	-0.48683	-0.494173	-0.486893	-0.489151	-0.446337	-0.437042	-0.489151	-0.414775	-0.495868	-0.440098	-0.430043	-0.464593	-0.404828	-0.526737	-0.485871	-0.500587	-0.43725	-0.443395	-0.445367
58000	intercept	0.573955	0.508962	0.583829	0.600175	0.526326	0.494839	0.55669	0.562932	0.594979	0.562216	0.502126	0.503023	0.521949	0.550803	0.598631	0.569707	0.575455	0.518005	0.540682	0.524824	0.563263	0.536409	0.600505	0.511931	0.557461	0.564598	0.572993	0.599574	0.599267	0.554962	0.606613	0.615532	0.509991	0.545729	0.553647	0.562861	0.574025	0.57683	0.520779	0.542153	0.619615	0.540284	0.519745	0.52736	0.527523	0.5959	0.589394	0.532949	0.550102	0.555489	0.508705	0.555098	0.484844	0.55829	0.531675	0.6203	0.52736	0.536677	0.572311	0.544886	0.613243	0.61834	0.609254	0.563589	0.622493	0.523009	0.515341	0.556461	0.617343	0.50156	0.535637	0.540077	0.557538	0.575951	0.573169	0.54739	0.537499	0.538116	0.545147	0.568564	0.543322	0.565166	0.577425	0.537707	0.543115	0.528658	0.507097	0.498939	0.596935	0.57858	0.602643	0.551039	0.565654	0.598622	0.519547	0.546119	0.606812	0.548319	0.485019	0.559959	0.53462	0.543389	0.553388	0.535879	0.556261	0.585891	0.512067	0.533076	0.544717	0.548796	0.577192	0.598089	0.524559	0.51606	0.546537	0.544802	0.531751	0.526511	0.524541	0.509578	0.525724	0.549201	0.573804	0.544757	0.56969	0.521561	0.609064	0.512742	0.592333	0.537423	0.592078	0.556097	0.578772	0.529848	0.550545	0.548374	0.619537	0.532856	0.52413	0.563728	0.528114	0.585595	0.565181	0.575264	0.529446	0.536409	0.538087	0.469975	0.576552	0.565296	0.596318	0.524093	0.541196	0.573346	0.574236	0.573621	0.546867	0.569015	0.560703	0.538284	0.545923	0.614726	0.592226	0.53942	0.576069	0.559592	0.574872	0.537755	0.536639	0.516013	0.595126	0.591485	0.538822	0.548249	0.533366	0.546346	0.597993	0.545772	0.549429	0.522462	0.533491	0.572978	0.516794	0.565495	0.534928	0.523949	0.580178	0.558452	0.504601	0.532199	0.5836	0.51986	0.581759	0.582248	0.594171	0.531351	0.546119	0.579707	0.556803	0.620368	0.569741	0.503847	0.591648	0.526011	0.540613	0.523988	0.525832	0.535296	0.503079	0.549576	0.61582	0.536633	0.53408	0.525807	0.515001	0.480639	0.536755	0.490054	0.640248	0.510023	0.559393	0.582835	0.486354	0.604103	0.567186	0.593377	0.545654	0.503847	0.488917	0.549576	0.483636	0.543182	0.617565	0.51012	0.516379	0.608183	0.531684	0.593377	0.506401	0.570415	0.505355	0.497767	0.533875	0.543177	0.579619	0.503538	0.552076	0.529576	0.506209	0.553121	0.558238	0.510794	0.519664	0.548626	0.503847	0.574236	0.651758	0.510794	0.490054	0.579619	0.51346	0.559393	0.532494	0.549576	0.51012	0.561567	0.578967	0.569535	0.483276	0.550091	0.503847	0.531471	0.505687	0.501496	0.549576	0.549576	0.609705	0.497179	0.508883	0.567365	0.602929	0.621403	0.497767	0.505355	0.536731	0.484772	0.549505	0.549576	0.589607	0.576347	0.523613	0.538181	0.588209	0.535981	0.542668	0.602929	0.505776	0.561207	0.605084	0.593377	0.630392	0.505355	0.56538	0.602929	0.477222	0.595332	0.531471	0.576155	0.602929	0.606973	0.620368	0.615582	0.538181	0.531471	0.542787	0.516028	0.532328	0.606973	0.566054	0.49852	0.545318	0.554308	0.543177	0.602929	0.606973	0.579619	0.559415	0.51012	0.617565	0.543182	0.550786	0.612261	0.547494	0.549576	0.629463	0.540613	0.51012	0.536755	0.49852	0.640859	0.597308	0.516427	0.516379	0.622886	0.622085	0.569741	0.602929	0.553121	0.59299	0.516427	0.615582	0.595332	0.557749	0.623677	0.567344	0.556976	0.523613	0.529576	0.617984	0.543899	0.567284	0.534241	0.530902	0.545318	0.561207	0.511994	0.515594	0.576155	0.561081	0.553668	0.574236	0.49821	0.588435	0.615582	0.52862	0.629463	0.520399	0.558499	0.521976	0.497657	0.57098	0.574236	0.567365	0.536755	0.510023	0.51721	0.564091	0.510023	0.477332	0.575811	0.51012	0.503048	0.540304	0.516427	0.623602	0.565776	0.585591	0.572002	0.517927	0.540304
59000	slope	-0.492905	-0.458623	-0.43201	-0.497681	-0.504196	-0.495159	-0.464572	-0.427413	-0.480969	-0.464636	-0.492525	-0.522365	-0.482132	-0.485073	-0.516112	-0.465823	-0.462516	-0.493371	-0.45217	-0.479202	-0.459132	-0.481947	-0.393188	-0.485276	-0.499554	-0.490813	-0.480011	-0.469909	-0.512049	-0.44368	-0.463179	-0.507074	-0.493207	-0.50102	-0.474932	-0.480547	-0.454141	-0.527427	-0.413697	-0.483776	-0.45458	-0.461653	-0.496405	-0.482018	-0.514441	-0.487116	-0.421038	-0.485878	-0.47157	-0.373337	-0.480227	-0.519122	-0.493592	-0.499607	-0.464693	-0.488742	-0.457776	-0.472747	-0.49612	-0.493472	-0.478429	-0.511895	-0.462508	-0.487014	-0.466964	-0.460288	-0.46522	-0.472585	-0.449577	-0.482065	-0.438663	-0.47742	-0.49051	-0.493154	-0.482859	-0.482846	-0.484267	-0.47655	-0.484571	-0.507636	-0.505615	-0.509214	-0.487414	-0.453439	-0.439895	-0.533193	-0.461968	-0.502881	-0.471808	-0.467929	-0.469613	-0.485594	-0.478729	-0.408681	-0.492134	-0.51109	-0.463579	-0.517692	-0.455548	-0.435718	-0.456502	-0.43743	-0.444406	-0.50463	-0.486454	-0.481144	-0.511964	-0.464248	-0.463413	-0.487576	-0.50649	-0.502841	-0.477352	-0.487827	-0.471706	-0.448495	-0.396632	-0.4514	-0.465365	-0.471965	-0.463444	-0.464247	-0.500737	-0.361988	-0.439931	-0.463576	-0.468491	-0.480247	-0.485271	-0.426545	-0.433921	-0.487756	-0.439019	-0.504954	-0.502407	-0.506033	-0.467957	-0.467224	-0.452177	-0.450544	-0.493286	-0.507697	-0.470526	-0.432242	-0.497355	-0.501738	-0.480248	-0.461945	-0.48702	-0.40378	-0.533528	-0.457575	-0.500636	-0.515083	-0.492871	-0.481468	-0.492817	-0.530648	-0.491674	-0.475382	-0.450128	-0.51737	-0.481532	-0.5149	-0.491316	-0.47265	-0.530018	-0.481566	-0.487001	-0.438998	-0.505296	-0.514258	-0.500684	-0.486151	-0.464064	-0.481056	-0.516651	-0.475816	-0.512559	-0.500335	-0.477708	-0.501172	-0.455331	-0.420408	-0.504622	-0.464854	-0.444896	-0.466553	-0.442248	-0.495581	-0.504241	-0.460365	-0.480072	-0.460169	-0.448782	-0.503204	-0.45429	-0.418515	-0.416128	-0.489635	-0.481345	-0.485638	-0.514414	-0.481602	-0.483498	-0.458356	-0.50287	-0.528588	-0.468564	-0.503882	-0.503779	-0.38016	-0.402682	-0.415891	-0.375826	-0.402682	-0.51108	-0.424992	-0.402682	-0.462829	-0.475695	-0.441196	-0.475265	-0.51108	-0.453713	-0.433044	-0.394176	-0.50157	-0.524179	-0.50882	-0.481574	-0.498066	-0.49534	-0.490553	-0.449893	-0.533266	-0.398909	-0.50287	-0.470063	-0.479393	-0.536262	-0.485257	-0.440975	-0.368271	-0.472683	-0.484875	-0.499011	-0.509253	-0.458223	-0.518539	-0.509535	-0.516965	-0.515888	-0.528588	-0.455357	-0.515888	-0.492009	-0.488312	-0.487109	-0.441174	-0.475265	-0.4938	-0.475265	-0.499011	-0.431066	-0.439858	-0.475527	-0.481574	-0.431066	-0.470236	-0.424819	-0.497217	-0.458223	-0.468283	-0.474657	-0.532843	-0.387916	-0.481594	-0.501333	-0.394256	-0.465737	-0.501627	-0.498066	-0.433044	-0.470236	-0.539233	-0.452571	-0.49561	-0.500767	-0.485257	-0.424819	-0.4938	-0.38016	-0.481345	-0.375826	-0.458356	-0.352477	-0.497806	-0.497316	-0.463146	-0.463203	-0.454089	-0.487109	-0.4938	-0.47963	-0.50287	-0.470349	-0.439779	-0.424992	-0.468283	-0.542217	-0.499198	-0.481594	-0.485222	-0.479393	-0.497217	-0.486516	-0.479687	-0.433044	-0.485523	-0.464991	-0.483453	-0.486516	-0.49383	-0.50254	-0.428392	-0.475265	-0.499663	-0.485938	-0.492009	-0.501985	-0.513533	-0.472178	-0.472194	-0.515888	-0.508095	-0.497217	-0.429574	-0.387916	-0.479393	-0.431066	-0.481574	-0.49534	-0.514356	-0.491569	-0.479664	-0.479664	-0.489945	-0.497217	-0.491876	-0.400291	-0.497217	-0.497912	-0.459675	-0.506965	-0.507666	-0.474657	-0.466767	-0.47963	-0.414612	-0.497327	-0.402277	-0.470349	-0.487109	-0.467682	-0.479687	-0.472178	-0.465737	-0.485355	-0.464991	-0.484201	-0.491086	-0.501006	-0.487109	-0.497217	-0.477849	-0.514603	-0.516965	-0.455357	-0.484201	-0.449893	-0.481574	-0.449893	-0.471547	-0.498988	-0.528588	-0.433044	-0.368271	-0.459375	-0.477331	-0.512057	-0.534212	-0.429574	-0.466509	-0.428392	-0.479393	-0.491278	-0.431066	-0.474499	-0.309511
59000	intercept	0.573395	0.551152	0.516249	0.594559	0.526506	0.557229	0.543727	0.578668	0.60831	0.532618	0.529382	0.587782	0.539181	0.555258	0.571723	0.531411	0.538296	0.615184	0.525845	0.583635	0.540714	0.535599	0.548713	0.511237	0.583332	0.561184	0.628496	0.526909	0.582368	0.517681	0.527328	0.57748	0.530304	0.558625	0.526197	0.521258	0.516565	0.564562	0.516634	0.59214	0.524651	0.528608	0.585269	0.572267	0.568196	0.570101	0.533779	0.551597	0.526174	0.536031	0.562417	0.58685	0.539742	0.654344	0.513784	0.621421	0.514527	0.520331	0.558799	0.560729	0.569454	0.568653	0.588738	0.5332	0.543843	0.582435	0.516999	0.538606	0.524579	0.576639	0.531781	0.601911	0.572968	0.529941	0.553223	0.543128	0.570228	0.580558	0.563073	0.567745	0.616023	0.597722	0.560255	0.534303	0.611123	0.612148	0.560407	0.510305	0.561979	0.553425	0.510395	0.577733	0.539946	0.506741	0.604909	0.562149	0.543206	0.605375	0.569732	0.517648	0.536948	0.544336	0.564114	0.574384	0.569117	0.525726	0.552004	0.536701	0.547585	0.56756	0.536035	0.527414	0.522866	0.558029	0.581995	0.52567	0.496521	0.498999	0.531156	0.54668	0.516469	0.580344	0.584922	0.517505	0.549267	0.544043	0.539696	0.568435	0.55215	0.553626	0.530115	0.542342	0.510868	0.574758	0.542966	0.574295	0.512535	0.52177	0.591417	0.548655	0.551527	0.56675	0.581372	0.522993	0.566998	0.56644	0.533218	0.519439	0.547043	0.548381	0.59378	0.530182	0.587495	0.618999	0.554455	0.549924	0.522235	0.586724	0.544825	0.526034	0.583923	0.550159	0.583635	0.568503	0.56631	0.558073	0.605238	0.521243	0.526197	0.526723	0.639849	0.546994	0.549231	0.570524	0.563662	0.531866	0.535433	0.546902	0.606174	0.559927	0.604252	0.540874	0.543951	0.525542	0.593773	0.570007	0.529341	0.521264	0.51462	0.614906	0.576727	0.596433	0.549456	0.572209	0.517802	0.567552	0.534181	0.518122	0.536692	0.572257	0.629987	0.593199	0.530236	0.530236	0.51864	0.562772	0.517527	0.591817	0.562474	0.622843	0.493626	0.496646	0.526197	0.534125	0.517768	0.516617	0.535411	0.494438	0.522539	0.544835	0.530236	0.516837	0.593017	0.551174	0.519745	0.513008	0.523779	0.529667	0.555045	0.633501	0.593199	0.526758	0.577557	0.554723	0.527616	0.589161	0.498806	0.517527	0.531329	0.518696	0.582137	0.529667	0.527616	0.500884	0.589196	0.53764	0.592992	0.591383	0.524989	0.637433	0.594559	0.509405	0.559135	0.591817	0.527616	0.559135	0.569245	0.613979	0.542065	0.519627	0.593017	0.577545	0.593017	0.592992	0.483658	0.537285	0.585407	0.593199	0.507325	0.560286	0.519228	0.511157	0.524989	0.562474	0.542196	0.57725	0.517768	0.545892	0.591383	0.548192	0.557403	0.545318	0.526758	0.505432	0.56919	0.580708	0.555135	0.517527	0.551174	0.529667	0.519228	0.591115	0.496646	0.629987	0.517768	0.541237	0.537597	0.536797	0.626192	0.527616	0.5668	0.548811	0.540234	0.591115	0.599333	0.517527	0.541237	0.500344	0.492157	0.562474	0.544108	0.542316	0.545892	0.536165	0.518696	0.517373	0.515101	0.507416	0.513008	0.635656	0.533128	0.586458	0.515101	0.525503	0.632282	0.507325	0.593017	0.565759	0.622674	0.569245	0.594559	0.581782	0.550753	0.541304	0.559635	0.605535	0.524581	0.552677	0.517768	0.518696	0.515963	0.593199	0.577557	0.51732	0.580867	0.554892	0.528465	0.570096	0.517373	0.591684	0.522511	0.524581	0.627006	0.538861	0.647046	0.542598	0.542196	0.533128	0.599333	0.534125	0.594559	0.509758	0.55542	0.524383	0.510412	0.507416	0.550753	0.551895	0.515245	0.533128	0.594559	0.526758	0.625354	0.52996	0.517373	0.576283	0.503083	0.509405	0.527616	0.594559	0.527616	0.593199	0.532696	0.578517	0.525826	0.580221	0.507745	0.500884	0.556453	0.530236	0.587972	0.616673	0.552677	0.60706	0.507325	0.518696	0.646315	0.515963	0.621337	0.536476
60000	slope	-0.491886	-0.52019	-0.455299	-0.486324	-0.453247	-0.428955	-0.481546	-0.495267	-0.483135	-0.473066	-0.462392	-0.46277	-0.489088	-0.48521	-0.456849	-0.450646	-0.478653	-0.443508	-0.535211	-0.445313	-0.492786	-0.479016	-0.482531	-0.501747	-0.455959	-0.456351	-0.457656	-0.471358	-0.491172	-0.49761	-0.478531	-0.471433	-0.463555	-0.465985	-0.471046	-0.507208	-0.514446	-0.465377	-0.459782	-0.48949	-0.498638	-0.49336	-0.495842	-0.508379	-0.450318	-0.477874	-0.507029	-0.487825	-0.487928	-0.485352	-0.462629	-0.452344	-0.452928	-0.468895	-0.439792	-0.527271	-0.474968	-0.477518	-0.487228	-0.48601	-0.475743	-0.499478	-0.459132	-0.497353	-0.453621	-0.452562	-0.496253	-0.463625	-0.483053	-0.474575	-0.48083	-0.474872	-0.524403	-0.487892	-0.496232	-0.479973	-0.458979	-0.438168	-0.493808	-0.468348	-0.471563	-0.483534	-0.42689	-0.500726	-0.478302	-0.508856	-0.538553	-0.495193	-0.473613	-0.492372	-0.449578	-0.513603	-0.511233	-0.487484	-0.497275	-0.499933	-0.527479	-0.484029	-0.521455	-0.504152	-0.460745	-0.467037	-0.471993	-0.506519	-0.482718	-0.49933	-0.473968	-0.488529	-0.454407	-0.477627	-0.499322	-0.475635	-0.473606	-0.471705	-0.468902	-0.454731	-0.474656	-0.488689	-0.497858	-0.491799	-0.496001	-0.510596	-0.487726	-0.450285	-0.446532	-0.472212	-0.500696	-0.507565	-0.503456	-0.479302	-0.502143	-0.458129	-0.478546	-0.409682	-0.489663	-0.497345	-0.49059	-0.497516	-0.513577	-0.455121	-0.455984	-0.489862	-0.513347	-0.395103	-0.434197	-0.477678	-0.472918	-0.462994	-0.461573	-0.483083	-0.504573	-0.500294	-0.504365	-0.478644	-0.49374	-0.480308	-0.464108	-0.478182	-0.449165	-0.509143	-0.494343	-0.464901	-0.442254	-0.513781	-0.521001	-0.503071	-0.494878	-0.510038	-0.475486	-0.481738	-0.468342	-0.454558	-0.425389	-0.458842	-0.497463	-0.456054	-0.48775	-0.465567	-0.456697	-0.458303	-0.480661	-0.500403	-0.506247	-0.511562	-0.462609	-0.453863	-0.494937	-0.46871	-0.474147	-0.449414	-0.461333	-0.500828	-0.489146	-0.49025	-0.51437	-0.519522	-0.482686	-0.509986	-0.503982	-0.477248	-0.461158	-0.450647	-0.445238	-0.423725	-0.462045	-0.471987	-0.460448	-0.49995	-0.494481	-0.510389	-0.527844	-0.447432	-0.502541	-0.498487	-0.496495	-0.496495	-0.543426	-0.495189	-0.457101	-0.468036	-0.506672	-0.458329	-0.371409	-0.529751	-0.489744	-0.470955	-0.461158	-0.495838	-0.470297	-0.457481	-0.429462	-0.423414	-0.549262	-0.453856	-0.445238	-0.501812	-0.530158	-0.470955	-0.489394	-0.495347	-0.452747	-0.485658	-0.489394	-0.479368	-0.537812	-0.449668	-0.488585	-0.490783	-0.479582	-0.489394	-0.461614	-0.466518	-0.534387	-0.452274	-0.469663	-0.452612	-0.460448	-0.467511	-0.499873	-0.483886	-0.447958	-0.502763	-0.489394	-0.441141	-0.509335	-0.498865	-0.52794	-0.48371	-0.473155	-0.525977	-0.537812	-0.527544	-0.527544	-0.371409	-0.461158	-0.461345	-0.401417	-0.499163	-0.558703	-0.54284	-0.49111	-0.527544	-0.495838	-0.461158	-0.495838	-0.543426	-0.414078	-0.527844	-0.467113	-0.469663	-0.5059	-0.531344	-0.51339	-0.527544	-0.468273	-0.496495	-0.411334	-0.411674	-0.460252	-0.565404	-0.480014	-0.477859	-0.522058	-0.528596	-0.452274	-0.443906	-0.518634	-0.437547	-0.485658	-0.454555	-0.540717	-0.515702	-0.466106	-0.495189	-0.489394	-0.483525	-0.495189	-0.444756	-0.496499	-0.471915	-0.41061	-0.435376	-0.423725	-0.49995	-0.48371	-0.543426	-0.527844	-0.506697	-0.456054	-0.452274	-0.486039	-0.499718	-0.469573	-0.54388	-0.473124	-0.502121	-0.473444	-0.470292	-0.482131	-0.47551	-0.444756	-0.515702	-0.490168	-0.459879	-0.48096	-0.447432	-0.452612	-0.499873	-0.426452	-0.515702	-0.536706	-0.468036	-0.495903	-0.461158	-0.452612	-0.527844	-0.456318	-0.51339	-0.503782	-0.473642	-0.537812	-0.540717	-0.438138	-0.518634	-0.447384	-0.491054	-0.496495	-0.496495	-0.495838	-0.527544	-0.468156	-0.529751	-0.495903	-0.475641	-0.497977	-0.488585	-0.460782	-0.468877	-0.475525	-0.471915	-0.446719	-0.447958	-0.466984	-0.497091	-0.493848	-0.452612	-0.512465	-0.499232	-0.469615	-0.464962	-0.456333	-0.463625	-0.459208	-0.460448	-0.479368	-0.438262	-0.478468	-0.460782	-0.463976	-0.371409
60000	intercept	0.544128	0.585908	0.502596	0.564456	0.547466	0.523741	0.559344	0.562931	0.529034	0.519437	0.532056	0.600307	0.534754	0.5509	0.51769	0.539261	0.548017	0.548095	0.594537	0.551355	0.541156	0.559314	0.569594	0.575048	0.552796	0.556365	0.528591	0.552055	0.550492	0.560756	0.541954	0.544892	0.530383	0.54778	0.539164	0.566399	0.537656	0.559699	0.549514	0.561328	0.511731	0.5921	0.594872	0.55282	0.552853	0.547765	0.57741	0.568076	0.532398	0.551193	0.560222	0.535253	0.549863	0.553237	0.548522	0.541514	0.546181	0.573618	0.55006	0.544766	0.604972	0.567055	0.535398	0.529862	0.547847	0.565972	0.55447	0.540874	0.503719	0.561481	0.545455	0.513058	0.571454	0.51474	0.561716	0.573994	0.533488	0.553766	0.580027	0.535348	0.555402	0.530382	0.554836	0.559264	0.561469	0.583869	0.607309	0.568963	0.538155	0.560891	0.532389	0.574691	0.590073	0.590588	0.558167	0.553132	0.584094	0.560454	0.582604	0.557232	0.564347	0.547347	0.582399	0.563666	0.553631	0.579697	0.532089	0.553887	0.515709	0.559616	0.560772	0.552612	0.546383	0.535844	0.566552	0.546517	0.546146	0.538383	0.58523	0.559461	0.550278	0.560066	0.536689	0.540657	0.52222	0.549731	0.571563	0.592402	0.539087	0.536559	0.539167	0.602257	0.545796	0.507129	0.537155	0.553277	0.581938	0.610905	0.565726	0.556247	0.541814	0.561389	0.558941	0.522364	0.527292	0.525912	0.537157	0.555034	0.510905	0.544695	0.574681	0.610021	0.554593	0.547244	0.576828	0.55277	0.60803	0.544488	0.52707	0.574664	0.582745	0.536202	0.556976	0.584228	0.585253	0.581246	0.575287	0.564099	0.543276	0.559314	0.550256	0.540661	0.4933	0.523214	0.550511	0.556341	0.548854	0.515802	0.544755	0.548317	0.600671	0.572575	0.589278	0.504194	0.535013	0.562551	0.566855	0.575988	0.524545	0.518091	0.521392	0.576336	0.560454	0.564426	0.58955	0.584997	0.614041	0.56797	0.556098	0.531951	0.515765	0.535574	0.522442	0.56194	0.534706	0.60042	0.538194	0.549736	0.557045	0.539823	0.579789	0.499329	0.542553	0.553115	0.644981	0.644981	0.592908	0.527658	0.56868	0.53736	0.589134	0.564962	0.47935	0.569189	0.52223	0.550218	0.522212	0.557728	0.5227	0.546472	0.520212	0.56194	0.594933	0.563812	0.522996	0.649792	0.569189	0.550218	0.54001	0.50725	0.538194	0.596838	0.524328	0.496908	0.608282	0.542992	0.498457	0.54223	0.537001	0.541101	0.475367	0.574175	0.586442	0.564962	0.59071	0.535154	0.538194	0.550003	0.614263	0.545601	0.55934	0.576694	0.541101	0.509098	0.55958	0.598882	0.569189	0.514598	0.52455	0.608282	0.608282	0.580878	0.592677	0.482223	0.556582	0.573528	0.513482	0.591316	0.552484	0.594933	0.542144	0.592677	0.577176	0.53777	0.546992	0.594933	0.494433	0.619685	0.548288	0.59071	0.580878	0.58835	0.488078	0.570924	0.569954	0.644981	0.511754	0.54222	0.574175	0.597045	0.590582	0.581886	0.599226	0.608282	0.564962	0.544606	0.539823	0.524355	0.59667	0.498457	0.594933	0.579877	0.52957	0.516495	0.541101	0.517258	0.527658	0.517258	0.561598	0.56868	0.544038	0.514561	0.56194	0.550829	0.526827	0.594933	0.608282	0.570274	0.545118	0.576419	0.50725	0.567473	0.514181	0.60028	0.568993	0.526386	0.544214	0.537413	0.552898	0.568393	0.503194	0.56203	0.575061	0.574175	0.580157	0.501113	0.535154	0.614263	0.54222	0.56203	0.602741	0.549043	0.535383	0.545694	0.535154	0.60577	0.527502	0.488078	0.598882	0.550469	0.608282	0.594933	0.544606	0.539823	0.535628	0.594142	0.644981	0.644981	0.546992	0.570924	0.538737	0.569189	0.535383	0.559237	0.564307	0.498457	0.529786	0.583101	0.564307	0.56868	0.54452	0.532269	0.54637	0.654838	0.648573	0.535154	0.567473	0.623915	0.552028	0.554429	0.544214	0.51228	0.513389	0.538194	0.520435	0.527722	0.552028	0.529786	0.602754	0.47935
61000	slope	-0.399298	-0.512826	-0.495043	-0.528461	-0.488217	-0.487437	-0.470151	-0.454812	-0.526894	-0.501551	-0.468616	-0.521097	-0.533062	-0.538909	-0.496346	-0.519777	-0.518164	-0.460747	-0.466752	-0.435208	-0.473831	-0.50271	-0.500384	-0.529643	-0.434727	-0.46196	-0.454392	-0.395387	-0.472214	-0.497092	-0.514846	-0.463201	-0.488621	-0.508618	-0.477931	-0.425368	-0.40974	-0.507166	-0.440634	-0.438714	-0.491275	-0.53219	-0.481856	-0.503223	-0.52456	-0.42016	-0.500742	-0.513062	-0.510753	-0.499433	-0.501284	-0.448113	-0.476691	-0.503786	-0.431061	-0.481397	-0.515506	-0.44787	-0.507919	-0.428063	-0.422462	-0.469859	-0.478308	-0.419972	-0.4877	-0.530659	-0.476037	-0.392904	-0.446832	-0.50797	-0.532097	-0.504941	-0.51706	-0.462454	-0.473477	-0.524958	-0.496652	-0.487676	-0.398224	-0.515461	-0.450951	-0.4782	-0.47052	-0.460204	-0.538489	-0.475526	-0.467694	-0.440263	-0.484462	-0.437808	-0.475442	-0.508197	-0.39795	-0.494057	-0.504325	-0.524798	-0.550548	-0.409238	-0.545695	-0.467174	-0.413501	-0.498625	-0.517489	-0.48356	-0.424033	-0.51741	-0.480621	-0.519526	-0.501868	-0.507508	-0.518604	-0.480621	-0.518197	-0.485841	-0.460549	-0.494119	-0.444741	-0.484641	-0.467901	-0.520025	-0.475857	-0.46024	-0.445221	-0.483515	-0.461119	-0.474686	-0.501659	-0.537665	-0.496149	-0.486438	-0.488563	-0.494834	-0.456334	-0.415807	-0.509036	-0.500216	-0.509352	-0.487319	-0.418597	-0.511109	-0.507701	-0.497357	-0.511741	-0.417434	-0.513796	-0.511245	-0.483686	-0.423705	-0.497293	-0.405207	-0.497038	-0.451487	-0.506647	-0.453265	-0.506492	-0.478565	-0.443557	-0.490541	-0.528793	-0.470159	-0.418401	-0.419631	-0.523424	-0.487459	-0.489877	-0.38889	-0.465817	-0.52218	-0.501914	-0.459931	-0.476886	-0.484819	-0.495311	-0.500882	-0.510169	-0.480835	-0.419104	-0.515894	-0.504709	-0.444199	-0.522572	-0.438428	-0.435367	-0.458109	-0.518027	-0.509829	-0.48212	-0.428551	-0.514784	-0.510678	-0.510205	-0.492983	-0.490102	-0.504299	-0.45219	-0.460519	-0.462762	-0.491489	-0.436674	-0.424857	-0.395958	-0.554465	-0.440885	-0.518415	-0.32729	-0.510491	-0.458519	-0.417936	-0.540974	-0.407718	-0.485978	-0.497182	-0.406962	-0.490723	-0.482499	-0.543074	-0.431132	-0.471711	-0.482769	-0.455823	-0.508145	-0.490413	-0.386135	-0.478628	-0.367189	-0.415833	-0.535054	-0.49219	-0.468039	-0.55289	-0.459298	-0.424686	-0.462729	-0.485978	-0.560404	-0.465272	-0.458519	-0.455985	-0.461594	-0.509828	-0.467366	-0.485823	-0.406962	-0.518227	-0.571142	-0.518415	-0.460472	-0.467231	-0.453059	-0.481801	-0.512057	-0.469798	-0.507687	-0.529063	-0.518415	-0.447291	-0.509828	-0.307418	-0.498147	-0.518415	-0.525016	-0.550416	-0.472929	-0.496653	-0.50812	-0.553237	-0.524361	-0.497244	-0.447291	-0.454043	-0.485978	-0.497182	-0.453327	-0.485978	-0.323559	-0.467231	-0.465075	-0.416179	-0.501504	-0.523955	-0.491369	-0.548068	-0.440885	-0.551616	-0.482499	-0.423958	-0.508145	-0.440885	-0.508145	-0.460472	-0.509828	-0.459813	-0.497244	-0.499417	-0.529063	-0.468039	-0.459298	-0.554465	-0.53624	-0.508157	-0.501504	-0.474779	-0.415833	-0.529063	-0.508132	-0.501504	-0.507687	-0.501504	-0.388939	-0.457916	-0.46878	-0.512892	-0.441734	-0.495216	-0.470116	-0.528552	-0.474779	-0.534242	-0.534075	-0.459618	-0.494681	-0.511972	-0.453059	-0.46878	-0.497786	-0.535054	-0.477364	-0.509828	-0.500151	-0.523955	-0.553074	-0.509114	-0.560404	-0.454787	-0.53624	-0.490413	-0.484652	-0.50766	-0.505698	-0.550416	-0.455985	-0.463084	-0.466612	-0.423958	-0.530222	-0.58979	-0.507687	-0.55289	-0.553074	-0.530222	-0.487005	-0.455985	-0.533069	-0.459298	-0.455985	-0.552752	-0.507687	-0.53624	-0.498147	-0.417175	-0.51274	-0.53624	-0.467366	-0.548068	-0.467188	-0.467207	-0.553237	-0.307418	-0.494681	-0.373321	-0.474078	-0.386135	-0.496653	-0.465075	-0.548834	-0.507687	-0.374781	-0.388939	-0.504611	-0.467231	-0.467207	-0.529642	-0.472929	-0.307418	-0.531534	-0.551616	-0.516086	-0.460472	-0.472929	-0.560404	-0.537342	-0.544917	-0.553074	-0.480515	-0.404834	-0.424686	-0.37248	-0.53624	-0.498147	-0.474779
61000	intercept	0.518502	0.557596	0.534669	0.611066	0.583786	0.561296	0.539647	0.588339	0.582004	0.588424	0.516022	0.562767	0.566704	0.579856	0.565393	0.598948	0.505413	0.497785	0.57053	0.533086	0.542071	0.573234	0.572917	0.592741	0.52226	0.543267	0.547986	0.519661	0.530601	0.528238	0.557556	0.540912	0.551585	0.585788	0.544856	0.517353	0.532508	0.590062	0.547639	0.509759	0.544738	0.591528	0.560794	0.588991	0.590011	0.510588	0.527728	0.57423	0.570097	0.573836	0.551482	0.542656	0.572028	0.577034	0.563938	0.555188	0.578083	0.562108	0.562032	0.520256	0.521678	0.575699	0.527133	0.521532	0.58613	0.578294	0.542301	0.506591	0.555266	0.589326	0.585919	0.570497	0.605762	0.52787	0.529954	0.569662	0.544633	0.570628	0.527529	0.568019	0.563541	0.521491	0.572025	0.538137	0.613195	0.566853	0.56683	0.531095	0.572426	0.559625	0.56722	0.562023	0.518693	0.589872	0.564799	0.594802	0.595808	0.499607	0.610565	0.547559	0.50966	0.566267	0.565197	0.613456	0.563277	0.578747	0.533448	0.59044	0.564929	0.591914	0.552808	0.560745	0.598281	0.566663	0.55979	0.562096	0.526459	0.559199	0.542852	0.56999	0.545228	0.566156	0.515093	0.549747	0.564259	0.580053	0.567173	0.604086	0.515005	0.548348	0.558877	0.59374	0.565046	0.554044	0.570741	0.575486	0.580024	0.567853	0.548595	0.590315	0.58542	0.576172	0.543724	0.520209	0.575234	0.557153	0.558382	0.571999	0.579001	0.544166	0.600757	0.549335	0.574617	0.527488	0.565943	0.554944	0.560773	0.546962	0.59239	0.559653	0.514257	0.522091	0.578876	0.567983	0.555397	0.502857	0.564307	0.605194	0.548282	0.556904	0.543689	0.554924	0.56049	0.573369	0.566431	0.54851	0.529418	0.594584	0.554296	0.517859	0.571678	0.526217	0.554994	0.54215	0.573907	0.564412	0.552547	0.540433	0.541126	0.589196	0.566086	0.569819	0.5529	0.588558	0.552134	0.534431	0.560407	0.579927	0.535446	0.548228	0.534998	0.59696	0.500978	0.565308	0.478839	0.587747	0.525789	0.480916	0.585925	0.539789	0.583919	0.57225	0.544942	0.556889	0.537823	0.604163	0.549698	0.543947	0.52511	0.570038	0.521074	0.569543	0.547192	0.495559	0.489018	0.476233	0.6145	0.586177	0.582194	0.616357	0.55991	0.549698	0.564382	0.583919	0.602993	0.564382	0.534332	0.545782	0.543284	0.590143	0.541327	0.535823	0.544349	0.588868	0.596261	0.560767	0.556084	0.557041	0.528291	0.531875	0.596711	0.567695	0.578624	0.610149	0.565308	0.477182	0.577091	0.475605	0.569989	0.570448	0.576832	0.628625	0.589822	0.528399	0.606414	0.575883	0.58568	0.581596	0.477182	0.564382	0.583919	0.57225	0.546799	0.583919	0.475605	0.579555	0.564382	0.549698	0.537148	0.583473	0.528081	0.566282	0.497166	0.611892	0.537823	0.479963	0.521074	0.500978	0.531921	0.556084	0.59132	0.540862	0.580074	0.569369	0.600715	0.582194	0.55991	0.59696	0.608368	0.595568	0.537148	0.506341	0.476233	0.610149	0.579163	0.537148	0.570447	0.537148	0.493038	0.5483	0.539923	0.622193	0.545573	0.581907	0.591451	0.628559	0.470885	0.596261	0.640968	0.571297	0.531875	0.5502	0.530301	0.53351	0.537059	0.6145	0.547779	0.593835	0.537148	0.580651	0.59696	0.58568	0.602993	0.549426	0.583121	0.566882	0.583919	0.536318	0.555172	0.628488	0.545782	0.528291	0.579226	0.479963	0.571678	0.555246	0.578624	0.605691	0.59696	0.571678	0.541136	0.550318	0.610149	0.55991	0.545782	0.626447	0.578624	0.604163	0.52878	0.598423	0.521074	0.594664	0.524776	0.593166	0.547475	0.588526	0.575883	0.44805	0.531875	0.493038	0.572024	0.547192	0.529934	0.564382	0.626447	0.578624	0.554973	0.493038	0.559701	0.557342	0.588526	0.611249	0.589822	0.44805	0.626447	0.611097	0.571978	0.556084	0.589822	0.602993	0.567465	0.510357	0.59696	0.527974	0.555967	0.549698	0.500903	0.596711	0.569989	0.506341
62000	slope	-0.488098	-0.484477	-0.527772	-0.503653	-0.519407	-0.473196	-0.464864	-0.484157	-0.516956	-0.534181	-0.500619	-0.504437	-0.540181	-0.474128	-0.492551	-0.484377	-0.504147	-0.504274	-0.50959	-0.495524	-0.557814	-0.473663	-0.529718	-0.506586	-0.511365	-0.545791	-0.50007	-0.517223	-0.505663	-0.474593	-0.456691	-0.490878	-0.488213	-0.462199	-0.493032	-0.529604	-0.461452	-0.46124	-0.499937	-0.520703	-0.509031	-0.506653	-0.47931	-0.522545	-0.498657	-0.487743	-0.510975	-0.452935	-0.504127	-0.522221	-0.489484	-0.508728	-0.553151	-0.508346	-0.516822	-0.51208	-0.476006	-0.532329	-0.475846	-0.537505	-0.523441	-0.492684	-0.528105	-0.470875	-0.516087	-0.528493	-0.550949	-0.500426	-0.496525	-0.55049	-0.46099	-0.491764	-0.529367	-0.489751	-0.464047	-0.493443	-0.469058	-0.47928	-0.502971	-0.525311	-0.494358	-0.455548	-0.471804	-0.443211	-0.457864	-0.545217	-0.407398	-0.487283	-0.527707	-0.51375	-0.501898	-0.54578	-0.50374	-0.49789	-0.523533	-0.538522	-0.558185	-0.542404	-0.501865	-0.447997	-0.548017	-0.524389	-0.528034	-0.430381	-0.50374	-0.492919	-0.532838	-0.498033	-0.493462	-0.45531	-0.475388	-0.445393	-0.487247	-0.486589	-0.472284	-0.487253	-0.429578	-0.535796	-0.494472	-0.463632	-0.493789	-0.495046	-0.488342	-0.564789	-0.480904	-0.495523	-0.532846	-0.470746	-0.487587	-0.53866	-0.51871	-0.46099	-0.504398	-0.519464	-0.531182	-0.471652	-0.478626	-0.503278	-0.464641	-0.50265	-0.481406	-0.462341	-0.499965	-0.501837	-0.474536	-0.43176	-0.450071	-0.511374	-0.536447	-0.446317	-0.496216	-0.519107	-0.493097	-0.491199	-0.490106	-0.490469	-0.49732	-0.51594	-0.515546	-0.51855	-0.440548	-0.489786	-0.531034	-0.443281	-0.517071	-0.478385	-0.529848	-0.516878	-0.439838	-0.464515	-0.526743	-0.511169	-0.546469	-0.497161	-0.471318	-0.486834	-0.472181	-0.504387	-0.46293	-0.492231	-0.470169	-0.47452	-0.508723	-0.467557	-0.517601	-0.464138	-0.505905	-0.553827	-0.521886	-0.506323	-0.48396	-0.470173	-0.529296	-0.4639	-0.455793	-0.489886	-0.452744	-0.430687	-0.496695	-0.50702	-0.54982	-0.531412	-0.525021	-0.528004	-0.465762	-0.580832	-0.421123	-0.434198	-0.458979	-0.456689	-0.525021	-0.481807	-0.474421	-0.532657	-0.514843	-0.486589	-0.49294	-0.54605	-0.547981	-0.562009	-0.496187	-0.486589	-0.474268	-0.448798	-0.514874	-0.539138	-0.545293	-0.493125	-0.430158	-0.564013	-0.491478	-0.562009	-0.455894	-0.518641	-0.519256	-0.456689	-0.485062	-0.4501	-0.484073	-0.434198	-0.491478	-0.473682	-0.566539	-0.519353	-0.418889	-0.510916	-0.4858	-0.540008	-0.493112	-0.499008	-0.430158	-0.566539	-0.505097	-0.488448	-0.51238	-0.416348	-0.47318	-0.474328	-0.540938	-0.496962	-0.465762	-0.494395	-0.488937	-0.448056	-0.512724	-0.514738	-0.434198	-0.528379	-0.413391	-0.49209	-0.554362	-0.415445	-0.467946	-0.483004	-0.4858	-0.47683	-0.546288	-0.456689	-0.540296	-0.464519	-0.512262	-0.49201	-0.537779	-0.55742	-0.536819	-0.486589	-0.463093	-0.573107	-0.505097	-0.45774	-0.481924	-0.542461	-0.526376	-0.464726	-0.466045	-0.534864	-0.507935	-0.485062	-0.544404	-0.476343	-0.518538	-0.497773	-0.540442	-0.572831	-0.555306	-0.497374	-0.525021	-0.434198	-0.525021	-0.507847	-0.51018	-0.4858	-0.533703	-0.55282	-0.514874	-0.477427	-0.481924	-0.500108	-0.477427	-0.542431	-0.436016	-0.55068	-0.481272	-0.561602	-0.496962	-0.518538	-0.430158	-0.515002	-0.485062	-0.482834	-0.494378	-0.494395	-0.523962	-0.540442	-0.468459	-0.533013	-0.545293	-0.498135	-0.49117	-0.518538	-0.477705	-0.466106	-0.451003	-0.477909	-0.476483	-0.559034	-0.540442	-0.451003	-0.439606	-0.55742	-0.568352	-0.517321	-0.466182	-0.485062	-0.510369	-0.540442	-0.518641	-0.479419	-0.430158	-0.463048	-0.457038	-0.55742	-0.542039	-0.510506	-0.498902	-0.497258	-0.476343	-0.542461	-0.476417	-0.55742	-0.496187	-0.471993	-0.527809	-0.509759	-0.403211	-0.499399	-0.474725	-0.543728	-0.485193	-0.504834	-0.526376	-0.522114	-0.51238	-0.515002	-0.471993	-0.448056	-0.510506	-0.525021	-0.540296	-0.439606	-0.42635	-0.489504	-0.504764	-0.488392	-0.514738	-0.542461	-0.540296	-0.473547	-0.49148	-0.491478
62000	intercept	0.54451	0.590064	0.584483	0.547995	0.585125	0.560704	0.579945	0.623152	0.611897	0.5568	0.587698	0.611107	0.563643	0.560694	0.54626	0.548583	0.565937	0.536851	0.568242	0.601355	0.6059	0.573782	0.581891	0.570796	0.559336	0.616292	0.561902	0.597721	0.56897	0.551864	0.566049	0.564172	0.574851	0.548416	0.568853	0.584815	0.546961	0.559987	0.570943	0.562223	0.542927	0.572371	0.560299	0.582306	0.577397	0.542936	0.571162	0.513913	0.606118	0.617441	0.529868	0.582989	0.5848	0.571467	0.59334	0.611205	0.559974	0.594773	0.566025	0.586204	0.600833	0.577574	0.599686	0.559057	0.565177	0.596852	0.644276	0.595392	0.596814	0.584023	0.561496	0.573679	0.645052	0.589761	0.548266	0.560318	0.541134	0.506535	0.538959	0.602552	0.571352	0.582451	0.590926	0.533632	0.531807	0.579369	0.530804	0.576405	0.60067	0.600066	0.557285	0.585984	0.565219	0.56295	0.583833	0.599838	0.605154	0.585594	0.586017	0.552059	0.605332	0.591055	0.57773	0.508934	0.567946	0.595938	0.601993	0.5994	0.579793	0.569296	0.563221	0.557845	0.590334	0.60594	0.543879	0.584676	0.521867	0.599293	0.587536	0.563391	0.558046	0.599312	0.574222	0.609907	0.580296	0.582592	0.583779	0.562824	0.590317	0.6559	0.597135	0.561496	0.603284	0.574498	0.612394	0.560897	0.544053	0.582738	0.545982	0.524932	0.557788	0.55031	0.583454	0.594524	0.537253	0.516922	0.527682	0.608268	0.60322	0.519052	0.558453	0.612997	0.55992	0.560167	0.547698	0.533499	0.549115	0.578331	0.598735	0.590391	0.528595	0.579346	0.615338	0.560163	0.549462	0.569865	0.598771	0.615783	0.524615	0.556165	0.598	0.613038	0.62701	0.552107	0.582849	0.557887	0.56755	0.5602	0.536051	0.572591	0.566091	0.560907	0.576407	0.563306	0.575388	0.556416	0.571783	0.616861	0.552303	0.587603	0.566226	0.567435	0.582747	0.57089	0.549595	0.581887	0.565048	0.539842	0.609367	0.585968	0.595057	0.597938	0.60271	0.589389	0.557831	0.621212	0.564089	0.498121	0.56656	0.557831	0.573119	0.556401	0.561464	0.5913	0.629079	0.591367	0.526942	0.591437	0.570741	0.621432	0.561464	0.598028	0.573749	0.574392	0.585296	0.646122	0.623353	0.608006	0.551265	0.610768	0.574569	0.630437	0.56635	0.547237	0.573041	0.557831	0.560284	0.486059	0.549584	0.500833	0.574569	0.552591	0.598849	0.620904	0.530518	0.574927	0.574118	0.576364	0.594842	0.557139	0.554996	0.598849	0.556652	0.571757	0.620904	0.551855	0.547583	0.585473	0.597975	0.571805	0.557831	0.559613	0.568143	0.530272	0.566363	0.620904	0.489209	0.547237	0.497533	0.576484	0.588876	0.557837	0.545543	0.56708	0.574118	0.566889	0.625561	0.557831	0.66742	0.55487	0.611559	0.573495	0.57094	0.568713	0.631142	0.612744	0.555866	0.606781	0.556652	0.554794	0.563195	0.636747	0.555446	0.53575	0.549871	0.623854	0.600827	0.560284	0.624927	0.56656	0.586147	0.598549	0.627446	0.611581	0.605438	0.584633	0.573119	0.499462	0.573119	0.594908	0.577657	0.574118	0.688191	0.66742	0.585296	0.550651	0.564605	0.590573	0.555866	0.542512	0.502133	0.604585	0.560284	0.611244	0.579333	0.575191	0.551265	0.625378	0.560284	0.567324	0.579659	0.559457	0.56315	0.627446	0.561559	0.569862	0.623353	0.572676	0.526942	0.586147	0.554794	0.545258	0.541426	0.597797	0.556207	0.576364	0.627446	0.541426	0.541426	0.585148	0.621519	0.584642	0.545543	0.560284	0.598549	0.627446	0.547237	0.563756	0.551265	0.557831	0.549536	0.573004	0.582021	0.600827	0.563291	0.5745	0.56656	0.629079	0.576484	0.573004	0.561464	0.562794	0.573119	0.600827	0.564075	0.568036	0.579203	0.66742	0.567808	0.577733	0.558671	0.57144	0.620904	0.611055	0.570446	0.530272	0.600827	0.573119	0.677308	0.541426	0.564075	0.592527	0.579659	0.554112	0.620904	0.627605	0.677308	0.567	0.551152	0.574569
63000	slope	-0.536311	-0.545698	-0.515673	-0.500628	-0.537296	-0.496693	-0.514665	-0.526653	-0.533065	-0.584104	-0.506447	-0.518017	-0.527723	-0.503934	-0.526073	-0.513602	-0.490942	-0.521444	-0.491702	-0.494081	-0.493054	-0.517395	-0.45822	-0.532344	-0.522443	-0.547219	-0.50482	-0.461057	-0.508404	-0.458846	-0.499421	-0.521596	-0.512753	-0.483155	-0.54861	-0.502067	-0.534658	-0.504976	-0.504672	-0.516246	-0.508577	-0.490854	-0.478063	-0.501836	-0.492279	-0.53649	-0.534145	-0.494367	-0.353049	-0.502428	-0.467654	-0.466602	-0.498019	-0.527261	-0.509242	-0.522714	-0.47526	-0.534241	-0.518754	-0.52389	-0.439176	-0.558304	-0.53795	-0.466343	-0.52676	-0.465984	-0.522438	-0.523835	-0.541958	-0.501321	-0.48532	-0.536789	-0.450808	-0.444044	-0.502272	-0.48157	-0.522747	-0.490476	-0.485103	-0.537197	-0.530432	-0.527893	-0.521455	-0.504928	-0.531349	-0.505542	-0.510966	-0.480205	-0.480312	-0.486527	-0.510009	-0.518593	-0.511478	-0.539229	-0.546118	-0.517918	-0.500512	-0.533221	-0.519638	-0.504501	-0.505549	-0.486917	-0.501934	-0.508649	-0.498946	-0.519317	-0.496099	-0.517296	-0.487562	-0.484015	-0.487595	-0.515443	-0.46222	-0.514455	-0.485114	-0.494815	-0.501123	-0.47664	-0.44541	-0.492093	-0.52894	-0.483155	-0.550484	-0.504385	-0.503084	-0.508355	-0.516777	-0.485402	-0.476231	-0.519374	-0.537586	-0.509085	-0.542401	-0.520256	-0.516377	-0.509961	-0.448539	-0.475025	-0.523906	-0.548879	-0.471512	-0.531694	-0.491528	-0.53052	-0.490315	-0.523841	-0.536527	-0.52166	-0.523393	-0.532595	-0.53133	-0.552524	-0.524359	-0.513291	-0.484014	-0.527551	-0.423432	-0.483432	-0.524772	-0.52428	-0.508007	-0.558609	-0.512003	-0.488334	-0.509348	-0.525613	-0.495719	-0.487017	-0.528192	-0.477166	-0.5338	-0.498177	-0.477834	-0.506341	-0.435274	-0.498434	-0.553794	-0.51451	-0.530001	-0.547219	-0.538072	-0.500997	-0.503253	-0.529358	-0.515145	-0.498261	-0.562114	-0.537321	-0.483525	-0.551651	-0.499247	-0.454338	-0.514167	-0.519185	-0.532055	-0.515966	-0.488253	-0.52741	-0.457769	-0.500999	-0.485871	-0.489499	-0.475581	-0.489499	-0.5088	-0.5088	-0.521912	-0.553259	-0.526718	-0.543008	-0.541068	-0.495857	-0.485425	-0.527936	-0.362133	-0.521912	-0.482001	-0.533298	-0.438745	-0.501758	-0.475581	-0.475581	-0.37359	-0.500193	-0.534298	-0.528565	-0.543008	-0.57275	-0.541293	-0.532299	-0.508499	-0.514925	-0.514486	-0.529796	-0.472108	-0.512694	-0.525241	-0.528565	-0.520461	-0.521486	-0.505126	-0.496621	-0.535192	-0.477431	-0.495857	-0.468932	-0.480801	-0.528565	-0.524203	-0.557437	-0.506655	-0.529371	-0.375023	-0.49589	-0.537414	-0.543008	-0.498824	-0.553146	-0.591337	-0.542415	-0.497778	-0.501734	-0.501758	-0.507521	-0.541343	-0.503315	-0.533653	-0.528009	-0.544147	-0.548234	-0.449844	-0.480924	-0.468834	-0.49856	-0.532625	-0.526718	-0.543008	-0.532892	-0.506411	-0.491386	-0.498607	-0.521608	-0.442976	-0.524065	-0.510854	-0.498927	-0.524108	-0.511451	-0.48529	-0.541822	-0.501055	-0.51249	-0.475581	-0.532625	-0.524065	-0.550156	-0.52909	-0.550767	-0.563151	-0.525704	-0.550488	-0.465439	-0.468932	-0.496621	-0.460169	-0.523962	-0.536581	-0.467848	-0.453097	-0.531459	-0.543127	-0.542415	-0.465341	-0.420132	-0.550767	-0.512694	-0.470559	-0.532331	-0.551666	-0.525377	-0.485216	-0.464271	-0.530293	-0.511332	-0.542825	-0.518364	-0.477631	-0.535192	-0.471489	-0.470559	-0.477631	-0.562101	-0.482917	-0.565689	-0.57275	-0.516305	-0.499098	-0.534264	-0.472689	-0.457598	-0.489499	-0.575901	-0.489949	-0.481972	-0.528565	-0.528565	-0.520461	-0.464271	-0.485425	-0.495857	-0.564441	-0.442976	-0.564575	-0.485871	-0.48529	-0.505126	-0.559011	-0.530453	-0.48334	-0.485779	-0.53386	-0.509251	-0.532625	-0.489254	-0.524788	-0.506881	-0.524108	-0.53133	-0.501554	-0.489449	-0.550048	-0.464827	-0.470559	-0.511332	-0.543008	-0.524143	-0.462323	-0.543008	-0.539402	-0.365673	-0.481755	-0.510854	-0.488663	-0.57932	-0.550156	-0.486406	-0.479361	-0.409685	-0.542415	-0.462323	-0.550767	-0.562101	-0.543008	-0.507991	-0.496138	-0.470559	-0.541343	-0.504043	-0.449031	-0.521608
63000	intercept	0.597593	0.621286	0.639102	0.566566	0.579208	0.527338	0.58376	0.573471	0.628132	0.594752	0.575283	0.568647	0.603766	0.597362	0.593791	0.610064	0.529723	0.593401	0.52996	0.591281	0.544816	0.570081	0.57108	0.641979	0.646244	0.619098	0.595297	0.536828	0.592201	0.554956	0.587882	0.644303	0.566483	0.5272	0.594484	0.607026	0.617138	0.560496	0.594027	0.619517	0.605244	0.580293	0.528387	0.573621	0.565768	0.61342	0.584026	0.585381	0.48867	0.550981	0.579348	0.558363	0.554025	0.63195	0.607447	0.607562	0.568947	0.563235	0.597821	0.587328	0.565632	0.625832	0.624543	0.540843	0.621949	0.508656	0.59623	0.552986	0.622047	0.529605	0.556392	0.615988	0.556196	0.559676	0.563688	0.55696	0.596239	0.591496	0.528149	0.615135	0.629579	0.604483	0.609493	0.5849	0.564496	0.595438	0.603596	0.571756	0.539014	0.565395	0.556891	0.573695	0.574729	0.616832	0.570006	0.565191	0.552074	0.623595	0.5549	0.561682	0.577589	0.546768	0.54617	0.588299	0.558877	0.57627	0.586688	0.55796	0.573176	0.565173	0.563269	0.528877	0.566858	0.602458	0.536395	0.559096	0.588874	0.582876	0.493952	0.518234	0.555498	0.533752	0.600448	0.603295	0.55061	0.595026	0.575888	0.588128	0.55373	0.593164	0.617402	0.58204	0.62258	0.560569	0.570787	0.554311	0.538941	0.581525	0.593573	0.623183	0.538579	0.574449	0.529397	0.568509	0.571994	0.622161	0.625164	0.603588	0.600827	0.630391	0.612209	0.623424	0.572381	0.594262	0.527017	0.602071	0.545762	0.529838	0.627304	0.587657	0.571652	0.582726	0.539229	0.58257	0.565726	0.595769	0.560504	0.560349	0.603002	0.542893	0.599548	0.572618	0.550453	0.613046	0.544044	0.573607	0.590357	0.609586	0.600802	0.619098	0.636371	0.58999	0.587263	0.583733	0.599167	0.524773	0.610677	0.598398	0.56355	0.611184	0.582688	0.560438	0.592056	0.602665	0.588706	0.600698	0.619515	0.579023	0.541491	0.598138	0.528721	0.539667	0.519414	0.528124	0.627063	0.627063	0.613729	0.621076	0.621076	0.627576	0.621076	0.532274	0.555887	0.61632	0.49061	0.613729	0.535658	0.533136	0.532104	0.582366	0.519414	0.519414	0.503413	0.591957	0.563657	0.611305	0.627576	0.601374	0.625279	0.639523	0.60905	0.675128	0.555575	0.632326	0.562919	0.675128	0.632619	0.611305	0.586021	0.545184	0.543707	0.532274	0.615335	0.563409	0.502829	0.547156	0.536579	0.593245	0.584396	0.607769	0.579082	0.635359	0.503413	0.566715	0.617797	0.624146	0.556881	0.612917	0.599844	0.62693	0.548132	0.571933	0.575265	0.573809	0.627259	0.59414	0.617463	0.573809	0.625831	0.63164	0.523474	0.538364	0.540633	0.532664	0.610342	0.621076	0.624146	0.62151	0.637392	0.507941	0.527402	0.621076	0.576107	0.576347	0.560839	0.656847	0.584396	0.57846	0.563245	0.636025	0.542737	0.634134	0.519414	0.618573	0.576347	0.60945	0.585241	0.638746	0.638746	0.637947	0.625041	0.551836	0.513128	0.532274	0.559456	0.574055	0.577461	0.557689	0.538195	0.64189	0.571016	0.62693	0.544771	0.489773	0.638746	0.675128	0.551037	0.609608	0.57162	0.633996	0.556896	0.585513	0.586021	0.586021	0.601337	0.635188	0.58811	0.615335	0.548132	0.551037	0.58811	0.595442	0.564498	0.619066	0.599771	0.566777	0.617218	0.625289	0.548132	0.554499	0.539667	0.588096	0.529307	0.535424	0.611305	0.611305	0.586021	0.595195	0.555887	0.532274	0.607843	0.576107	0.621015	0.528721	0.563245	0.543707	0.596507	0.57162	0.518937	0.585246	0.568771	0.529788	0.612088	0.521137	0.6326	0.567231	0.584396	0.565609	0.566979	0.480292	0.613431	0.525226	0.568912	0.586021	0.627576	0.621076	0.580278	0.611882	0.632865	0.503413	0.507941	0.560839	0.634134	0.621235	0.628174	0.528721	0.550964	0.489773	0.62693	0.575982	0.656754	0.586703	0.627576	0.644138	0.577763	0.552476	0.627259	0.569971	0.538195	0.621076
64000	slope	-0.480657	-0.543747	-0.550095	-0.494554	-0.514996	-0.471061	-0.505418	-0.478696	-0.460432	-0.530933	-0.506515	-0.499203	-0.492103	-0.57396	-0.51847	-0.471661	-0.535556	-0.492405	-0.476788	-0.48115	-0.481278	-0.556662	-0.511429	-0.494203	-0.504242	-0.498311	-0.461967	-0.491745	-0.561342	-0.549077	-0.509811	-0.530351	-0.536539	-0.495993	-0.489456	-0.488176	-0.510264	-0.505963	-0.465196	-0.47579	-0.53082	-0.520314	-0.5092	-0.486946	-0.530796	-0.517202	-0.494822	-0.47807	-0.485422	-0.531463	-0.513999	-0.558083	-0.49059	-0.532749	-0.544885	-0.516825	-0.473352	-0.565622	-0.484439	-0.517463	-0.40488	-0.537875	-0.471615	-0.52781	-0.489863	-0.480777	-0.503661	-0.536639	-0.525868	-0.500508	-0.483871	-0.555851	-0.4524	-0.544546	-0.522287	-0.536922	-0.399488	-0.552805	-0.489945	-0.515602	-0.473514	-0.468807	-0.524032	-0.408498	-0.475595	-0.524198	-0.471847	-0.462911	-0.462827	-0.548964	-0.457828	-0.497013	-0.483871	-0.54354	-0.517744	-0.522052	-0.494308	-0.529913	-0.470113	-0.500528	-0.529801	-0.492322	-0.488522	-0.520295	-0.50112	-0.459257	-0.524424	-0.522705	-0.515626	-0.502727	-0.553076	-0.55187	-0.500909	-0.459534	-0.470734	-0.529449	-0.552252	-0.50762	-0.471042	-0.458724	-0.564831	-0.463602	-0.551547	-0.490075	-0.501993	-0.542687	-0.465374	-0.504698	-0.506607	-0.47074	-0.474456	-0.497602	-0.514115	-0.53337	-0.549632	-0.533032	-0.472265	-0.504502	-0.528405	-0.533194	-0.531048	-0.47517	-0.516162	-0.526658	-0.504159	-0.53249	-0.51489	-0.508175	-0.511294	-0.501396	-0.52502	-0.502881	-0.498601	-0.526222	-0.489478	-0.479133	-0.544523	-0.52007	-0.537953	-0.512074	-0.48587	-0.466314	-0.497201	-0.510567	-0.551448	-0.485163	-0.470734	-0.49423	-0.572476	-0.539284	-0.438708	-0.52485	-0.53202	-0.53107	-0.505483	-0.47812	-0.476127	-0.523651	-0.470837	-0.525818	-0.522705	-0.528704	-0.4471	-0.489285	-0.452611	-0.473553	-0.442424	-0.452243	-0.507086	-0.531364	-0.462328	-0.522703	-0.513922	-0.498719	-0.478697	-0.537994	-0.482169	-0.489488	-0.502397	-0.460432	-0.46359	-0.516882	-0.452877	-0.471663	-0.539284	-0.529936	-0.452161	-0.417315	-0.532098	-0.431863	-0.505	-0.548305	-0.475623	-0.549524	-0.461925	-0.537185	-0.539284	-0.54602	-0.470025	-0.557864	-0.517738	-0.463984	-0.489825	-0.419879	-0.478459	-0.555703	-0.477228	-0.531589	-0.456507	-0.53133	-0.478459	-0.546386	-0.522539	-0.462699	-0.533222	-0.463984	-0.537977	-0.558492	-0.471079	-0.471282	-0.524377	-0.419879	-0.537977	-0.53133	-0.489825	-0.587939	-0.56421	-0.547402	-0.549648	-0.432022	-0.56311	-0.491286	-0.539284	-0.503726	-0.461857	-0.498985	-0.493099	-0.498985	-0.470193	-0.537185	-0.466315	-0.534199	-0.534618	-0.48584	-0.456629	-0.546735	-0.479639	-0.456629	-0.521598	-0.329522	-0.449593	-0.470193	-0.554788	-0.56421	-0.4602	-0.493099	-0.551539	-0.517738	-0.53133	-0.502709	-0.48659	-0.328923	-0.561236	-0.559981	-0.56311	-0.48584	-0.554788	-0.539967	-0.555751	-0.532732	-0.48659	-0.537185	-0.470193	-0.528834	-0.53133	-0.514546	-0.48584	-0.446184	-0.595779	-0.47273	-0.508784	-0.555703	-0.456174	-0.548452	-0.511661	-0.516041	-0.475588	-0.57012	-0.515405	-0.452041	-0.557559	-0.471079	-0.507879	-0.477872	-0.48584	-0.533032	-0.543555	-0.518435	-0.56283	-0.487525	-0.568148	-0.534746	-0.452877	-0.543218	-0.457799	-0.527246	-0.460475	-0.517224	-0.555703	-0.547197	-0.544129	-0.532732	-0.571286	-0.568339	-0.578491	-0.418292	-0.478277	-0.469406	-0.597383	-0.46359	-0.532732	-0.549695	-0.53133	-0.559981	-0.551539	-0.536794	-0.561236	-0.458689	-0.48584	-0.499189	-0.478442	-0.48584	-0.597383	-0.45976	-0.48584	-0.533032	-0.509454	-0.493099	-0.477872	-0.539284	-0.47273	-0.457466	-0.475843	-0.511184	-0.549624	-0.551851	-0.508784	-0.446184	-0.509454	-0.48659	-0.470748	-0.53554	-0.483401	-0.457466	-0.493099	-0.45442	-0.543555	-0.571286	-0.523167	-0.458689	-0.549543	-0.471282	-0.56311	-0.443788	-0.56421	-0.557864	-0.493099	-0.491286	-0.48584	-0.495055	-0.557864	-0.498985	-0.508581	-0.56421	-0.477872	-0.495664	-0.456174	-0.568339	-0.56311	-0.525531
64000	intercept	0.581744	0.599453	0.639448	0.543336	0.601004	0.533034	0.575461	0.56142	0.531907	0.597849	0.570228	0.564316	0.541985	0.65055	0.596312	0.559885	0.586941	0.588628	0.526367	0.526704	0.571355	0.658129	0.59435	0.529975	0.603589	0.585329	0.547392	0.555959	0.635003	0.637201	0.581031	0.580086	0.60589	0.591356	0.555975	0.560157	0.603976	0.585654	0.547739	0.540804	0.619692	0.626168	0.568752	0.571966	0.599173	0.606861	0.565501	0.567452	0.564692	0.594038	0.533918	0.603543	0.557282	0.646908	0.628318	0.587348	0.545147	0.648278	0.548384	0.578582	0.527569	0.639697	0.548819	0.568731	0.548737	0.565514	0.572482	0.627997	0.594722	0.566759	0.567806	0.671314	0.553154	0.606371	0.584134	0.594528	0.545797	0.598806	0.563581	0.596378	0.52945	0.552089	0.591581	0.521446	0.559888	0.603217	0.587984	0.564371	0.536278	0.629484	0.542439	0.607694	0.580381	0.627889	0.594629	0.600461	0.562182	0.59268	0.565353	0.576179	0.602654	0.589189	0.530669	0.629014	0.563094	0.526837	0.55288	0.596144	0.598626	0.571626	0.646015	0.609329	0.575605	0.536522	0.557178	0.598866	0.624598	0.589872	0.542295	0.550573	0.625281	0.566994	0.670992	0.606494	0.563021	0.629179	0.524856	0.571664	0.578129	0.515213	0.567421	0.579443	0.601709	0.616617	0.643065	0.597832	0.566812	0.621032	0.555851	0.61162	0.611488	0.574526	0.593082	0.594814	0.574028	0.606845	0.567443	0.568847	0.602389	0.575346	0.602705	0.596696	0.587916	0.602188	0.608165	0.544256	0.576737	0.59937	0.619225	0.620715	0.598511	0.535107	0.542519	0.580192	0.606075	0.559301	0.55716	0.53054	0.610171	0.621868	0.557767	0.596709	0.62753	0.595026	0.574696	0.558057	0.528465	0.55642	0.550014	0.582624	0.596144	0.606892	0.563989	0.530879	0.54882	0.570284	0.509098	0.552719	0.578861	0.622988	0.521031	0.615219	0.600418	0.569973	0.550731	0.614158	0.560601	0.531495	0.57342	0.531907	0.571392	0.606355	0.489878	0.565896	0.611529	0.573878	0.480477	0.519151	0.594092	0.522022	0.55441	0.663101	0.559523	0.615595	0.562446	0.567329	0.624443	0.658703	0.490947	0.626852	0.591337	0.594643	0.569009	0.518634	0.546075	0.597641	0.538022	0.570244	0.529853	0.594092	0.546075	0.597641	0.593631	0.552183	0.594092	0.594912	0.607531	0.666005	0.583412	0.531213	0.594092	0.504891	0.607531	0.578268	0.569009	0.639412	0.618923	0.597641	0.621827	0.510451	0.651343	0.599624	0.623163	0.590151	0.536418	0.571632	0.570243	0.562341	0.584286	0.567329	0.565896	0.591644	0.587008	0.569864	0.600621	0.592584	0.537245	0.606136	0.611529	0.517894	0.565083	0.57072	0.673675	0.618923	0.484698	0.570243	0.664556	0.594541	0.594092	0.534228	0.555301	0.500888	0.625995	0.65928	0.651343	0.569864	0.673675	0.641772	0.661687	0.596029	0.542075	0.573045	0.566183	0.576006	0.578268	0.591644	0.553871	0.511659	0.614559	0.573701	0.499372	0.606313	0.528138	0.673106	0.55441	0.552865	0.559523	0.607477	0.592969	0.553525	0.625029	0.583412	0.582888	0.559523	0.566549	0.629056	0.669523	0.570132	0.631253	0.559523	0.673106	0.635731	0.489878	0.583816	0.549702	0.622535	0.536418	0.606355	0.606313	0.599259	0.652045	0.596794	0.615791	0.615791	0.653663	0.536424	0.546075	0.584286	0.598433	0.5714	0.596029	0.591645	0.578268	0.661687	0.702248	0.625995	0.625995	0.531593	0.569864	0.55441	0.583412	0.569864	0.598433	0.608889	0.569864	0.619692	0.590947	0.569063	0.542407	0.62902	0.573701	0.55812	0.578328	0.584927	0.595866	0.622183	0.516482	0.511659	0.590947	0.555301	0.529853	0.588843	0.552183	0.55812	0.561436	0.559866	0.669523	0.621093	0.611843	0.556411	0.619556	0.532135	0.651343	0.553525	0.618923	0.622243	0.569063	0.599624	0.567431	0.516783	0.626852	0.571632	0.552865	0.625175	0.559523	0.569864	0.528138	0.615791	0.651343	0.652045
65000	slope	-0.499899	-0.54859	-0.447268	-0.507084	-0.515609	-0.505594	-0.547876	-0.494194	-0.547616	-0.481278	-0.477975	-0.576939	-0.471286	-0.513804	-0.508546	-0.475003	-0.42418	-0.509791	-0.55156	-0.424314	-0.491521	-0.520738	-0.468353	-0.517118	-0.452561	-0.53043	-0.483499	-0.495727	-0.519714	-0.528683	-0.532213	-0.449737	-0.443543	-0.545145	-0.489884	-0.498455	-0.478563	-0.515975	-0.512672	-0.500396	-0.485675	-0.510957	-0.494109	-0.523051	-0.477807	-0.530099	-0.477579	-0.488334	-0.510919	-0.518279	-0.464159	-0.51792	-0.48936	-0.465633	-0.524821	-0.496117	-0.446373	-0.377056	-0.486239	-0.549414	-0.473311	-0.477764	-0.39459	-0.450138	-0.558975	-0.532126	-0.464759	-0.580154	-0.501693	-0.406592	-0.449362	-0.515176	-0.466647	-0.486707	-0.519614	-0.541437	-0.546623	-0.547455	-0.516816	-0.464503	-0.462941	-0.514918	-0.536034	-0.471254	-0.529037	-0.468916	-0.50173	-0.534697	-0.489108	-0.499018	-0.483239	-0.499834	-0.50614	-0.401851	-0.540376	-0.560987	-0.515554	-0.542404	-0.514326	-0.482269	-0.517825	-0.575068	-0.547876	-0.528349	-0.399254	-0.521739	-0.526799	-0.514059	-0.493624	-0.372759	-0.464644	-0.527731	-0.513687	-0.515016	-0.52085	-0.441278	-0.446514	-0.483705	-0.542444	-0.46248	-0.513488	-0.500018	-0.475881	-0.490068	-0.533727	-0.431575	-0.458924	-0.467267	-0.554803	-0.56426	-0.511441	-0.446412	-0.500148	-0.561664	-0.433956	-0.475236	-0.530638	-0.553799	-0.530589	-0.453847	-0.505913	-0.479513	-0.471062	-0.455143	-0.459287	-0.519187	-0.489545	-0.513917	-0.445695	-0.375053	-0.513933	-0.499819	-0.445208	-0.464128	-0.510216	-0.45525	-0.562104	-0.471808	-0.54897	-0.428904	-0.448617	-0.488008	-0.514905	-0.5534	-0.533032	-0.508291	-0.510886	-0.5322	-0.527718	-0.505433	-0.485283	-0.498966	-0.543538	-0.478256	-0.441156	-0.464858	-0.494238	-0.472025	-0.481169	-0.447433	-0.472261	-0.549271	-0.483881	-0.489718	-0.479123	-0.477142	-0.552872	-0.550483	-0.496291	-0.468327	-0.491492	-0.573354	-0.496158	-0.559933	-0.502467	-0.494857	-0.490761	-0.525043	-0.517805	-0.44236	-0.585938	-0.467732	-0.45952	-0.516034	-0.53495	-0.534444	-0.392971	-0.448998	-0.328393	-0.537389	-0.44167	-0.429885	-0.443312	-0.478256	-0.483481	-0.609468	-0.559794	-0.443863	-0.476707	-0.468959	-0.526233	-0.54608	-0.609468	-0.492963	-0.320221	-0.50276	-0.468959	-0.483631	-0.428515	-0.463463	-0.516496	-0.562697	-0.320221	-0.532036	-0.52417	-0.472074	-0.470745	-0.442763	-0.562697	-0.560257	-0.525946	-0.442763	-0.492818	-0.50276	-0.456711	-0.561091	-0.466716	-0.525203	-0.520378	-0.468973	-0.429175	-0.549883	-0.456279	-0.501861	-0.525203	-0.449672	-0.480439	-0.564402	-0.48699	-0.554434	-0.609468	-0.45952	-0.486475	-0.478256	-0.516496	-0.420076	-0.552851	-0.320221	-0.450061	-0.468489	-0.47547	-0.506504	-0.498261	-0.452532	-0.467802	-0.50276	-0.501661	-0.448998	-0.530789	-0.453137	-0.45952	-0.536494	-0.590566	-0.478256	-0.542425	-0.442763	-0.477794	-0.554434	-0.515977	-0.489373	-0.545783	-0.432489	-0.478256	-0.512115	-0.468973	-0.53495	-0.467802	-0.592605	-0.497458	-0.443312	-0.478388	-0.328393	-0.481433	-0.485004	-0.500547	-0.557528	-0.320221	-0.552851	-0.470745	-0.568313	-0.553142	-0.552851	-0.535991	-0.440738	-0.549883	-0.475617	-0.53495	-0.562334	-0.443863	-0.53495	-0.568713	-0.483481	-0.477376	-0.475617	-0.446905	-0.534024	-0.497937	-0.451033	-0.551553	-0.486577	-0.444501	-0.524415	-0.473109	-0.50276	-0.4252	-0.465784	-0.517624	-0.468959	-0.561091	-0.442763	-0.53495	-0.40956	-0.544934	-0.3011	-0.549003	-0.524415	-0.549344	-0.518761	-0.4252	-0.485004	-0.56911	-0.450061	-0.517884	-0.452781	-0.501861	-0.510221	-0.522713	-0.4252	-0.461734	-0.524742	-0.442763	-0.486953	-0.461734	-0.427755	-0.489055	-0.562874	-0.46685	-0.475962	-0.436944	-0.42567	-0.457968	-0.507988	-0.442763	-0.537389	-0.437408	-0.456279	-0.424902	-0.542425	-0.514272	-0.412159	-0.462665	-0.50429	-0.55979	-0.427755	-0.450061	-0.53495	-0.585938	-0.501861	-0.514272	-0.520378	-0.48699	-0.326528	-0.456279	-0.554434	-0.320221	-0.467732	-0.561171	-0.542578	-0.328393	-0.486192
65000	intercept	0.599462	0.645008	0.554503	0.572606	0.615258	0.595987	0.578579	0.575809	0.611623	0.562023	0.579469	0.629029	0.514163	0.577535	0.605921	0.583659	0.54185	0.58176	0.618818	0.505564	0.59622	0.62539	0.554664	0.618004	0.551419	0.595408	0.583641	0.570148	0.599183	0.580025	0.607369	0.553727	0.534604	0.597475	0.561927	0.610392	0.536331	0.569718	0.621458	0.592252	0.572744	0.585294	0.575569	0.578299	0.56524	0.605398	0.557327	0.611471	0.631693	0.60086	0.565537	0.591499	0.541234	0.551715	0.615725	0.597723	0.526389	0.496566	0.579757	0.602879	0.570015	0.5483	0.508029	0.552832	0.605287	0.603792	0.556713	0.590973	0.589311	0.527206	0.571382	0.617361	0.524745	0.590346	0.604292	0.639402	0.629838	0.596222	0.602079	0.550012	0.544225	0.587788	0.604533	0.533565	0.646232	0.489012	0.623127	0.597437	0.627442	0.574514	0.565719	0.583507	0.59992	0.511001	0.613793	0.630542	0.622741	0.606723	0.569356	0.549885	0.591958	0.633008	0.582996	0.583273	0.537357	0.601129	0.615032	0.561491	0.557483	0.513465	0.606492	0.636531	0.604208	0.614865	0.592986	0.540077	0.550329	0.565213	0.616954	0.538705	0.576194	0.539313	0.532127	0.56011	0.601879	0.556995	0.567598	0.618449	0.595283	0.605564	0.576693	0.512731	0.603123	0.629264	0.543452	0.529355	0.605962	0.590492	0.618795	0.542737	0.552079	0.602815	0.538718	0.552051	0.551512	0.569577	0.556829	0.583258	0.530228	0.496314	0.572081	0.540445	0.567702	0.552689	0.557672	0.528251	0.608828	0.544807	0.606079	0.527949	0.56767	0.598755	0.623901	0.613152	0.598163	0.565779	0.591987	0.584599	0.593664	0.611493	0.53138	0.606544	0.591567	0.609132	0.544788	0.555473	0.593762	0.554271	0.609294	0.538357	0.558335	0.617801	0.576651	0.562358	0.598585	0.573596	0.619461	0.620375	0.545239	0.575834	0.587731	0.62339	0.583179	0.625976	0.581429	0.550524	0.5987	0.582617	0.58213	0.539821	0.61565	0.561175	0.572577	0.610694	0.606833	0.625277	0.529939	0.566593	0.489399	0.648207	0.53942	0.50274	0.542596	0.615402	0.565663	0.659183	0.62273	0.54829	0.560568	0.547531	0.61305	0.618488	0.655238	0.576565	0.487447	0.59174	0.536231	0.581954	0.528376	0.568368	0.588036	0.565272	0.487447	0.596016	0.597393	0.635856	0.480443	0.53695	0.58389	0.632543	0.622509	0.527246	0.589468	0.576565	0.534158	0.583048	0.547585	0.627393	0.588736	0.522685	0.5289	0.61305	0.627766	0.573249	0.627393	0.54861	0.534226	0.583485	0.628446	0.652408	0.667396	0.580216	0.581954	0.609132	0.588036	0.526208	0.63635	0.478169	0.498216	0.545032	0.566002	0.57763	0.529147	0.515588	0.563635	0.59174	0.59444	0.550138	0.604944	0.560677	0.572577	0.61305	0.632675	0.628916	0.61305	0.527246	0.522685	0.657354	0.569749	0.584379	0.657512	0.553352	0.606532	0.581489	0.522685	0.604194	0.563635	0.621381	0.589468	0.542596	0.568923	0.499728	0.489809	0.570047	0.616778	0.624341	0.478169	0.63635	0.505071	0.62541	0.571222	0.63635	0.610428	0.536531	0.61305	0.542243	0.606833	0.592707	0.54829	0.569597	0.593915	0.565663	0.529147	0.542243	0.494268	0.590708	0.616572	0.560798	0.626543	0.562016	0.494268	0.64373	0.534226	0.576565	0.507064	0.530275	0.605724	0.526971	0.583048	0.527246	0.609718	0.51283	0.626543	0.487447	0.657512	0.644979	0.613369	0.636502	0.507064	0.570047	0.611183	0.498216	0.506117	0.54323	0.585451	0.578393	0.577599	0.507064	0.578231	0.578554	0.527246	0.578668	0.568368	0.527246	0.611971	0.596428	0.581874	0.529841	0.543497	0.527246	0.554653	0.608916	0.535871	0.648207	0.515354	0.627766	0.505305	0.616847	0.553495	0.526273	0.51956	0.59444	0.647296	0.527246	0.498216	0.606833	0.61565	0.573249	0.569749	0.597352	0.628446	0.503742	0.627766	0.652408	0.481879	0.561175	0.568498	0.579663	0.489399	0.510679
66000	slope	-0.533717	-0.536393	-0.494236	-0.50862	-0.482673	-0.526968	-0.416882	-0.453404	-0.425381	-0.510609	-0.484586	-0.500204	-0.461148	-0.372209	-0.497903	-0.484857	-0.46477	-0.465256	-0.53716	-0.538942	-0.521425	-0.510057	-0.483069	-0.530548	-0.493951	-0.432887	-0.515807	-0.429179	-0.449066	-0.469491	-0.485199	-0.522956	-0.482622	-0.481347	-0.473593	-0.469205	-0.473783	-0.478776	-0.472996	-0.539326	-0.474468	-0.544559	-0.444614	-0.504161	-0.527438	-0.460205	-0.513268	-0.40137	-0.4944	-0.518014	-0.427224	-0.489283	-0.481125	-0.538853	-0.428169	-0.488119	-0.404658	-0.464623	-0.472176	-0.435373	-0.429631	-0.473346	-0.515619	-0.464721	-0.51502	-0.523103	-0.526165	-0.477849	-0.453761	-0.510319	-0.475645	-0.537931	-0.475099	-0.482143	-0.493384	-0.474524	-0.545938	-0.453729	-0.465172	-0.456418	-0.422978	-0.456712	-0.475243	-0.529095	-0.52172	-0.523247	-0.435205	-0.452078	-0.49489	-0.523334	-0.443448	-0.470161	-0.480982	-0.431226	-0.466115	-0.484523	-0.493155	-0.429533	-0.42695	-0.484027	-0.407683	-0.504273	-0.525876	-0.472083	-0.505806	-0.423533	-0.476463	-0.458926	-0.51186	-0.499579	-0.546952	-0.457788	-0.537941	-0.478553	-0.465329	-0.489081	-0.491715	-0.484028	-0.524373	-0.455897	-0.481543	-0.477015	-0.486496	-0.443953	-0.455071	-0.549555	-0.424187	-0.479157	-0.44045	-0.469548	-0.433911	-0.460304	-0.463919	-0.449421	-0.513058	-0.531417	-0.499387	-0.507118	-0.452428	-0.512347	-0.410287	-0.501057	-0.496315	-0.449524	-0.46299	-0.522745	-0.444265	-0.554088	-0.480264	-0.506149	-0.503854	-0.541916	-0.41448	-0.448471	-0.443698	-0.466364	-0.434107	-0.516684	-0.464886	-0.544797	-0.534746	-0.52728	-0.520939	-0.528352	-0.471555	-0.478701	-0.436574	-0.524934	-0.510876	-0.424372	-0.447386	-0.522693	-0.448943	-0.417439	-0.486413	-0.440734	-0.553917	-0.477353	-0.485832	-0.537354	-0.469066	-0.465944	-0.511667	-0.437583	-0.510632	-0.492427	-0.519399	-0.45294	-0.451067	-0.494237	-0.493025	-0.534315	-0.504534	-0.467017	-0.477754	-0.492471	-0.44936	-0.529034	-0.552288	-0.528081	-0.531126	-0.418737	-0.535709	-0.492209	-0.397945	-0.530154	-0.547071	-0.519823	-0.549318	-0.5398	-0.531635	-0.543349	-0.430614	-0.538084	-0.549831	-0.523844	-0.511124	-0.443813	-0.515795	-0.507477	-0.421547	-0.538167	-0.531095	-0.5398	-0.423896	-0.523261	-0.539744	-0.512638	-0.524913	-0.486413	-0.461252	-0.405617	-0.550833	-0.490276	-0.5398	-0.397504	-0.545537	-0.390908	-0.401002	-0.418737	-0.466643	-0.439362	-0.466643	-0.535173	-0.439362	-0.514761	-0.550833	-0.483397	-0.408355	-0.538903	-0.529335	-0.447927	-0.547071	-0.443813	-0.404468	-0.514874	-0.540824	-0.469607	-0.521633	-0.389975	-0.538084	-0.561484	-0.538167	-0.437328	-0.531656	-0.558468	-0.518538	-0.504562	-0.427487	-0.490758	-0.397504	-0.5398	-0.516363	-0.410608	-0.43592	-0.52942	-0.539744	-0.53036	-0.548459	-0.456325	-0.442082	-0.540421	-0.442082	-0.445391	-0.406099	-0.477776	-0.549318	-0.389484	-0.443139	-0.524575	-0.523844	-0.406185	-0.490758	-0.503713	-0.417599	-0.4336	-0.466643	-0.558857	-0.425936	-0.496788	-0.430796	-0.52815	-0.557371	-0.383569	-0.516363	-0.546711	-0.446027	-0.542081	-0.465837	-0.530154	-0.520173	-0.538167	-0.473013	-0.430796	-0.452209	-0.526338	-0.532365	-0.490758	-0.535709	-0.531189	-0.413607	-0.490758	-0.511124	-0.410623	-0.502877	-0.5398	-0.546274	-0.507477	-0.558468	-0.501155	-0.433491	-0.545478	-0.457347	-0.542363	-0.417599	-0.397504	-0.524188	-0.519312	-0.538084	-0.406875	-0.457028	-0.404468	-0.507477	-0.439362	-0.553056	-0.418737	-0.493569	-0.490758	-0.456325	-0.416493	-0.489274	-0.335621	-0.452262	-0.557371	-0.549318	-0.454021	-0.445391	-0.42367	-0.45975	-0.565001	-0.544639	-0.426779	-0.540421	-0.495411	-0.512638	-0.481509	-0.404415	-0.445391	-0.538084	-0.540911	-0.446569	-0.534727	-0.443938	-0.540824	-0.524575	-0.526338	-0.409467	-0.397504	-0.467612	-0.50628	-0.428213	-0.515795	-0.549318	-0.456428	-0.411185	-0.518975	-0.548046	-0.540824	-0.542093	-0.540071	-0.509732	-0.507477	-0.5398	-0.531095	-0.531126	-0.550841	-0.514761	-0.514761	-0.540608	-0.409165
66000	intercept	0.620191	0.623153	0.557089	0.551467	0.575423	0.622065	0.511259	0.545431	0.527005	0.556381	0.58391	0.583213	0.547359	0.547507	0.572335	0.565235	0.536513	0.526957	0.582593	0.600149	0.600061	0.611821	0.579442	0.615229	0.595627	0.567486	0.621888	0.542872	0.526165	0.567252	0.564494	0.580748	0.58814	0.567843	0.535334	0.538644	0.55498	0.547316	0.550055	0.600881	0.560124	0.604827	0.527739	0.579293	0.615446	0.555292	0.554495	0.505192	0.568138	0.58346	0.511422	0.574972	0.576341	0.599287	0.521664	0.573189	0.541895	0.568751	0.559496	0.509477	0.515999	0.581005	0.582709	0.55225	0.583524	0.59013	0.577578	0.586435	0.534464	0.557434	0.56964	0.569161	0.559089	0.562907	0.55671	0.550436	0.593842	0.532212	0.569988	0.519223	0.509162	0.551077	0.580042	0.60297	0.605371	0.575195	0.514262	0.552525	0.566892	0.609741	0.529433	0.552774	0.557936	0.524779	0.544881	0.551062	0.582581	0.528614	0.525054	0.562714	0.507188	0.55586	0.567274	0.553996	0.570832	0.528345	0.570397	0.565939	0.56206	0.602729	0.601534	0.539776	0.600424	0.53633	0.556865	0.568545	0.564655	0.568324	0.579806	0.546537	0.574948	0.542669	0.532669	0.527781	0.563903	0.599134	0.517155	0.538037	0.531015	0.556297	0.545068	0.528869	0.523498	0.523949	0.589262	0.618483	0.56823	0.580834	0.531949	0.562041	0.520315	0.594646	0.562433	0.56363	0.587549	0.596004	0.545681	0.619916	0.570309	0.58489	0.554531	0.574489	0.538433	0.539466	0.531505	0.559486	0.522858	0.58625	0.545967	0.592048	0.59359	0.609798	0.57412	0.604485	0.533055	0.556218	0.518165	0.580818	0.58087	0.523633	0.519083	0.596355	0.542042	0.517715	0.566521	0.519897	0.601363	0.547032	0.557582	0.587367	0.538274	0.579014	0.61856	0.526405	0.590136	0.562898	0.62638	0.556087	0.533911	0.552159	0.579773	0.604229	0.587344	0.551227	0.568807	0.57624	0.622522	0.632831	0.60499	0.590658	0.584431	0.515806	0.584681	0.637302	0.505884	0.590408	0.583562	0.622367	0.603821	0.609989	0.619283	0.584421	0.518194	0.578987	0.607958	0.590309	0.618661	0.534808	0.628276	0.604472	0.541423	0.576772	0.573208	0.609989	0.515806	0.584522	0.629345	0.61917	0.590309	0.52264	0.575024	0.533442	0.566497	0.524653	0.602335	0.503741	0.609989	0.496231	0.503741	0.515806	0.562188	0.541423	0.556942	0.614143	0.541423	0.609607	0.566497	0.552016	0.495017	0.585088	0.569253	0.52162	0.583562	0.534808	0.530805	0.580118	0.624813	0.531675	0.582803	0.505884	0.590309	0.620842	0.595234	0.511808	0.597791	0.599664	0.618661	0.567897	0.537076	0.556202	0.503741	0.609989	0.571327	0.510635	0.549524	0.585102	0.629345	0.607194	0.609989	0.522239	0.498432	0.609989	0.498432	0.541423	0.530805	0.537546	0.599664	0.507487	0.545991	0.628276	0.590309	0.528683	0.533663	0.551063	0.531469	0.571804	0.562188	0.612726	0.571804	0.61917	0.537559	0.573208	0.604456	0.543274	0.571327	0.611933	0.514877	0.573208	0.525175	0.57251	0.602109	0.584493	0.531675	0.537559	0.514877	0.625995	0.636317	0.550248	0.584681	0.625442	0.529994	0.550872	0.618661	0.531606	0.568881	0.609989	0.591229	0.604472	0.599664	0.551063	0.534883	0.623756	0.529746	0.587895	0.531469	0.504394	0.609989	0.576045	0.590309	0.503741	0.535042	0.530805	0.604472	0.541423	0.588181	0.515806	0.550248	0.550248	0.522239	0.492467	0.533663	0.566894	0.555753	0.57814	0.619189	0.539177	0.541423	0.5084	0.575024	0.590067	0.588181	0.530858	0.609989	0.540731	0.620469	0.530709	0.502149	0.541423	0.590309	0.606637	0.522239	0.585645	0.539923	0.624813	0.628276	0.625995	0.53445	0.507487	0.530709	0.563548	0.555911	0.628276	0.606637	0.537004	0.492467	0.630393	0.606444	0.624813	0.607958	0.604472	0.604472	0.617125	0.607726	0.573208	0.593685	0.5725	0.609607	0.609607	0.624813	0.521779
67000	slope	-0.474202	-0.478563	-0.444475	-0.471988	-0.451998	-0.514478	-0.46808	-0.44862	-0.492361	-0.469837	-0.473302	-0.411277	-0.482721	-0.562103	-0.493147	-0.432926	-0.465987	-0.497567	-0.52177	-0.439462	-0.496629	-0.462415	-0.516246	-0.49969	-0.499212	-0.484887	-0.416204	-0.475348	-0.504402	-0.451939	-0.517696	-0.497721	-0.488605	-0.43577	-0.499207	-0.498723	-0.502747	-0.438202	-0.431704	-0.409709	-0.457478	-0.506366	-0.527869	-0.477083	-0.456687	-0.435579	-0.510945	-0.491033	-0.475028	-0.526784	-0.467308	-0.483246	-0.460769	-0.427413	-0.509819	-0.434841	-0.531333	-0.557397	-0.459896	-0.455894	-0.493192	-0.491678	-0.461908	-0.473283	-0.433539	-0.514528	-0.398009	-0.51494	-0.460734	-0.518805	-0.499214	-0.487364	-0.556102	-0.470657	-0.45754	-0.453686	-0.497528	-0.524251	-0.457757	-0.516145	-0.500849	-0.497491	-0.560283	-0.490929	-0.510914	-0.464377	-0.421418	-0.49523	-0.491884	-0.481791	-0.430789	-0.539982	-0.551122	-0.496284	-0.48967	-0.535802	-0.420328	-0.469197	-0.431698	-0.437707	-0.469567	-0.462854	-0.428863	-0.467026	-0.449793	-0.555641	-0.522007	-0.548895	-0.54202	-0.413175	-0.556363	-0.472224	-0.488749	-0.501925	-0.483604	-0.519995	-0.406289	-0.517421	-0.475229	-0.406911	-0.447978	-0.424784	-0.445282	-0.548025	-0.476071	-0.454306	-0.436621	-0.480241	-0.457838	-0.389603	-0.474653	-0.536657	-0.53398	-0.464521	-0.516122	-0.47928	-0.499399	-0.513393	-0.443666	-0.421872	-0.485066	-0.433123	-0.51068	-0.511681	-0.505526	-0.486904	-0.495624	-0.485106	-0.475516	-0.44462	-0.490726	-0.491535	-0.522091	-0.515206	-0.43821	-0.453954	-0.487581	-0.453206	-0.481036	-0.52242	-0.44241	-0.470035	-0.556254	-0.504098	-0.523608	-0.505165	-0.539935	-0.396879	-0.442696	-0.450051	-0.512465	-0.441908	-0.469903	-0.372808	-0.491413	-0.552599	-0.486687	-0.554271	-0.459072	-0.497015	-0.394125	-0.415605	-0.43792	-0.4734	-0.432429	-0.44067	-0.524366	-0.547172	-0.479636	-0.555176	-0.501326	-0.421605	-0.506371	-0.449898	-0.474336	-0.504262	-0.428516	-0.41707	-0.457109	-0.445499	-0.473183	-0.4718	-0.490926	-0.44451	-0.409201	-0.421976	-0.505755	-0.475783	-0.562814	-0.532058	-0.505755	-0.554156	-0.446733	-0.460928	-0.441874	-0.532219	-0.394294	-0.490926	-0.589996	-0.490926	-0.44369	-0.459557	-0.589996	-0.48177	-0.542941	-0.510265	-0.401792	-0.4718	-0.469393	-0.498942	-0.409201	-0.542941	-0.469393	-0.472849	-0.542919	-0.4718	-0.406935	-0.495902	-0.48177	-0.568438	-0.440367	-0.540421	-0.483821	-0.47008	-0.440367	-0.490385	-0.542613	-0.556837	-0.48177	-0.394294	-0.447206	-0.456382	-0.390871	-0.466943	-0.468104	-0.592088	-0.40029	-0.556837	-0.440999	-0.555397	-0.542919	-0.526512	-0.443091	-0.546232	-0.435716	-0.46939	-0.456382	-0.460024	-0.403074	-0.524189	-0.4783	-0.432605	-0.449862	-0.532058	-0.490799	-0.542002	-0.439894	-0.540421	-0.439872	-0.394294	-0.40385	-0.47008	-0.500521	-0.460928	-0.51549	-0.543729	-0.484073	-0.538954	-0.464004	-0.521895	-0.552254	-0.422283	-0.547302	-0.444009	-0.371949	-0.447322	-0.510397	-0.473183	-0.437023	-0.450557	-0.490926	-0.482114	-0.568438	-0.439428	-0.459557	-0.439894	-0.4718	-0.545487	-0.558402	-0.56958	-0.421976	-0.447322	-0.489719	-0.5413	-0.413815	-0.549479	-0.447322	-0.495655	-0.464004	-0.559325	-0.43586	-0.406935	-0.484073	-0.413815	-0.529618	-0.4718	-0.555234	-0.542919	-0.556837	-0.482981	-0.483821	-0.483821	-0.437081	-0.455972	-0.439894	-0.519923	-0.561803	-0.519351	-0.471559	-0.463834	-0.547869	-0.394383	-0.520638	-0.435205	-0.439428	-0.502016	-0.566432	-0.473183	-0.506521	-0.460024	-0.43726	-0.535019	-0.433173	-0.521895	-0.532058	-0.466519	-0.418817	-0.491838	-0.441874	-0.556837	-0.361055	-0.504298	-0.51549	-0.447322	-0.435018	-0.544069	-0.490926	-0.535483	-0.483821	-0.490926	-0.412559	-0.489719	-0.484363	-0.495902	-0.49208	-0.448284	-0.561803	-0.415722	-0.519351	-0.519923	-0.464004	-0.526487	-0.552254	-0.438986	-0.558402	-0.540421	-0.526512	-0.40385	-0.564389	-0.493968	-0.547819	-0.56418	-0.542941	-0.447206	-0.510265	-0.549113	-0.499155	-0.545487	-0.490385	-0.488653
67000	intercept	0.558819	0.58059	0.568568	0.552809	0.583158	0.592674	0.566848	0.558027	0.561766	0.523202	0.536533	0.509982	0.539615	0.567843	0.535652	0.531972	0.542379	0.587536	0.574763	0.572191	0.577702	0.526998	0.584022	0.587257	0.573634	0.503329	0.561082	0.551976	0.556675	0.570127	0.60698	0.542964	0.549567	0.514883	0.556753	0.570028	0.598019	0.559885	0.561279	0.510965	0.524822	0.587826	0.60929	0.575545	0.581125	0.492582	0.591142	0.57829	0.532535	0.590746	0.530702	0.551507	0.566518	0.519639	0.550609	0.550434	0.582718	0.580676	0.558075	0.567574	0.587756	0.557337	0.589938	0.561585	0.51114	0.581702	0.520705	0.587068	0.559602	0.573414	0.574874	0.579364	0.605523	0.540096	0.508482	0.512395	0.564387	0.564919	0.526004	0.62381	0.559352	0.576706	0.621772	0.543902	0.57787	0.552767	0.523624	0.554099	0.542171	0.566187	0.558607	0.628786	0.583959	0.60053	0.580826	0.565972	0.511563	0.59122	0.558132	0.534942	0.52757	0.542364	0.532661	0.528411	0.54968	0.59475	0.621218	0.578673	0.579762	0.507913	0.618546	0.563479	0.564973	0.588639	0.520519	0.584192	0.496934	0.555376	0.560639	0.508645	0.519942	0.511473	0.573407	0.6001	0.600264	0.536221	0.542833	0.545525	0.561604	0.491875	0.574541	0.581842	0.545647	0.544247	0.578887	0.542733	0.564311	0.579968	0.515274	0.542814	0.572544	0.492792	0.586573	0.590868	0.559199	0.554334	0.556278	0.545796	0.60944	0.497957	0.537887	0.583422	0.584888	0.564757	0.523915	0.571407	0.552039	0.562791	0.561274	0.53489	0.500923	0.573167	0.621865	0.562766	0.569538	0.562913	0.601602	0.494302	0.55003	0.510036	0.600313	0.533273	0.527564	0.476797	0.589649	0.583967	0.556144	0.585061	0.54189	0.590709	0.515104	0.493619	0.527139	0.527414	0.535904	0.531496	0.555876	0.611171	0.550837	0.614536	0.543862	0.527312	0.587264	0.52164	0.572558	0.56938	0.565466	0.520005	0.532426	0.514559	0.571094	0.594559	0.559591	0.549319	0.531034	0.503674	0.51861	0.585334	0.585683	0.611557	0.51861	0.649745	0.509934	0.522162	0.524825	0.585784	0.486486	0.559591	0.588802	0.559769	0.534517	0.577693	0.588802	0.547596	0.67791	0.581759	0.584963	0.595145	0.546383	0.572362	0.531034	0.687072	0.544008	0.589588	0.580649	0.594559	0.486379	0.571101	0.547596	0.616041	0.491911	0.575802	0.563285	0.571034	0.491911	0.552011	0.585784	0.601441	0.547596	0.485432	0.527847	0.594559	0.475451	0.541187	0.562957	0.621452	0.547518	0.636185	0.526718	0.610744	0.580649	0.540038	0.506841	0.616787	0.549319	0.547596	0.594559	0.577798	0.486646	0.619408	0.53246	0.572191	0.574116	0.611557	0.593556	0.603572	0.540761	0.575802	0.537874	0.485432	0.551568	0.571034	0.542595	0.53246	0.572457	0.6344	0.547761	0.58143	0.584557	0.612226	0.604657	0.5311	0.571775	0.530815	0.484071	0.579173	0.604637	0.587709	0.495169	0.522239	0.559591	0.572362	0.621439	0.485639	0.577693	0.522181	0.594559	0.614926	0.567748	0.560337	0.503033	0.592249	0.559711	0.611557	0.489867	0.611557	0.579173	0.550323	0.584557	0.597126	0.532458	0.486379	0.560318	0.489867	0.594358	0.589588	0.595453	0.580649	0.606709	0.547596	0.563285	0.554523	0.579173	0.529441	0.540761	0.585784	0.577943	0.527287	0.578512	0.588471	0.599688	0.584768	0.635877	0.531496	0.485639	0.543997	0.605841	0.587709	0.54651	0.577798	0.531496	0.597528	0.541771	0.612226	0.611557	0.597105	0.527179	0.562389	0.524098	0.613663	0.474728	0.544717	0.572239	0.579173	0.537022	0.628804	0.554563	0.594358	0.554523	0.559591	0.483228	0.559711	0.539606	0.571101	0.543997	0.531496	0.61878	0.529187	0.527287	0.574696	0.584557	0.525784	0.604657	0.486667	0.575754	0.575802	0.534842	0.544866	0.605087	0.559591	0.611557	0.605454	0.67791	0.514521	0.581759	0.60148	0.572362	0.614926	0.550864	0.594482
68000	slope	-0.538272	-0.48365	-0.484527	-0.435115	-0.445064	-0.553784	-0.523982	-0.530645	-0.529158	-0.511051	-0.483812	-0.457272	-0.469019	-0.528657	-0.458391	-0.429982	-0.438824	-0.53037	-0.541065	-0.412327	-0.440762	-0.438515	-0.488305	-0.569865	-0.354545	-0.541948	-0.569326	-0.514398	-0.558071	-0.479565	-0.479149	-0.543237	-0.516223	-0.511753	-0.466222	-0.534624	-0.554748	-0.485746	-0.441964	-0.497763	-0.567235	-0.402829	-0.551709	-0.561457	-0.463039	-0.488268	-0.503186	-0.503623	-0.493162	-0.394704	-0.452524	-0.497923	-0.483856	-0.433908	-0.528852	-0.352027	-0.549804	-0.446187	-0.44126	-0.47795	-0.503091	-0.532576	-0.477956	-0.446544	-0.455235	-0.482811	-0.513635	-0.438665	-0.475085	-0.510237	-0.43328	-0.558985	-0.464474	-0.458206	-0.554972	-0.441565	-0.454183	-0.537165	-0.424684	-0.483067	-0.436638	-0.49627	-0.396738	-0.487788	-0.535133	-0.38925	-0.490882	-0.542637	-0.4713	-0.460272	-0.485779	-0.447048	-0.43894	-0.450314	-0.463998	-0.441116	-0.50356	-0.475861	-0.410747	-0.475509	-0.537228	-0.504007	-0.495598	-0.524117	-0.520091	-0.501213	-0.501889	-0.505545	-0.497463	-0.536017	-0.534624	-0.49809	-0.514622	-0.508879	-0.434985	-0.532906	-0.50238	-0.459553	-0.503003	-0.465395	-0.468918	-0.48413	-0.425737	-0.49313	-0.502716	-0.524257	-0.506094	-0.541281	-0.495205	-0.476141	-0.492896	-0.47035	-0.399833	-0.505617	-0.495587	-0.447387	-0.490518	-0.475805	-0.459342	-0.555682	-0.533732	-0.465107	-0.497257	-0.500626	-0.46416	-0.542162	-0.509426	-0.520857	-0.539028	-0.467802	-0.52928	-0.440053	-0.448914	-0.561594	-0.368968	-0.489586	-0.556344	-0.473059	-0.544946	-0.502123	-0.46481	-0.454513	-0.4935	-0.507144	-0.504835	-0.479644	-0.523659	-0.482942	-0.487639	-0.455748	-0.514039	-0.437835	-0.492287	-0.517666	-0.523113	-0.479384	-0.515218	-0.448412	-0.451852	-0.447754	-0.542162	-0.46616	-0.495401	-0.516316	-0.529743	-0.499633	-0.53863	-0.464873	-0.551642	-0.521471	-0.394506	-0.449189	-0.475019	-0.458612	-0.494851	-0.415493	-0.51491	-0.558645	-0.446029	-0.49087	-0.528192	-0.471901	-0.40851	-0.328828	-0.539975	-0.476167	-0.388954	-0.525779	-0.530206	-0.456303	-0.557179	-0.530206	-0.444713	-0.562621	-0.57185	-0.341083	-0.57185	-0.530206	-0.40555	-0.556717	-0.467397	-0.523498	-0.452608	-0.34257	-0.474487	-0.45727	-0.355047	-0.469108	-0.403767	-0.546723	-0.3959	-0.450845	-0.456228	-0.570511	-0.3959	-0.569222	-0.555323	-0.451466	-0.341083	-0.528887	-0.464366	-0.57421	-0.461386	-0.530206	-0.547416	-0.553691	-0.520638	-0.519578	-0.57185	-0.474487	-0.558997	-0.375788	-0.415547	-0.40851	-0.3959	-0.538326	-0.42163	-0.528132	-0.460597	-0.318613	-0.449205	-0.522968	-0.423471	-0.530206	-0.581387	-0.553514	-0.529304	-0.44023	-0.415547	-0.517769	-0.539042	-0.388954	-0.468853	-0.520638	-0.308154	-0.349408	-0.520638	-0.569222	-0.465778	-0.396144	-0.445715	-0.57185	-0.567382	-0.438378	-0.553575	-0.404585	-0.449694	-0.35676	-0.530206	-0.556717	-0.553514	-0.419786	-0.37887	-0.544413	-0.44023	-0.452608	-0.456097	-0.57185	-0.514754	-0.528467	-0.560543	-0.4704	-0.502525	-0.565564	-0.388954	-0.43533	-0.446248	-0.473787	-0.368007	-0.456972	-0.448684	-0.451184	-0.452736	-0.458729	-0.402119	-0.368007	-0.530227	-0.40544	-0.485855	-0.558997	-0.530206	-0.417867	-0.388954	-0.562621	-0.403769	-0.437417	-0.3959	-0.40544	-0.529304	-0.538007	-0.438378	-0.43765	-0.3959	-0.531872	-0.450845	-0.460398	-0.57185	-0.470111	-0.368007	-0.520638	-0.318613	-0.337822	-0.443331	-0.328828	-0.520638	-0.553691	-0.528887	-0.540689	-0.490309	-0.449971	-0.422345	-0.445715	-0.555069	-0.539881	-0.423149	-0.556858	-0.43765	-0.531404	-0.510712	-0.41201	-0.520638	-0.534946	-0.474487	-0.445743	-0.520308	-0.569222	-0.419786	-0.464365	-0.490309	-0.42973	-0.534946	-0.557179	-0.565564	-0.527477	-0.552293	-0.520638	-0.520543	-0.461121	-0.523609	-0.3959	-0.534946	-0.52202	-0.456303	-0.52846	-0.505236	-0.565564	-0.3959	-0.597657	-0.42866	-0.529091	-0.3959	-0.527477	-0.318613	-0.396144	-0.465292	-0.3959	-0.453223	-0.528132	-0.538008	-0.520638
68000	intercept	0.611775	0.536928	0.552876	0.523995	0.554523	0.624381	0.573612	0.6189	0.581733	0.557502	0.562506	0.502019	0.579859	0.613515	0.567201	0.533159	0.515596	0.621804	0.604081	0.535723	0.563389	0.502839	0.587442	0.605347	0.52004	0.589581	0.62549	0.576795	0.616911	0.575562	0.574565	0.646933	0.600142	0.563703	0.5475	0.605564	0.656154	0.543335	0.563192	0.57521	0.62097	0.537948	0.616361	0.635695	0.606074	0.555904	0.548131	0.577048	0.557038	0.50509	0.533063	0.558381	0.539834	0.513639	0.596752	0.483061	0.627431	0.538026	0.547876	0.552472	0.566094	0.588282	0.57957	0.552338	0.514029	0.5532	0.560293	0.534548	0.550526	0.568356	0.522374	0.607788	0.514334	0.549575	0.61246	0.541936	0.512729	0.620582	0.559578	0.545175	0.557358	0.576942	0.497481	0.548619	0.58069	0.513782	0.546723	0.588827	0.580841	0.539673	0.584924	0.544824	0.525193	0.53787	0.561612	0.569173	0.559448	0.58556	0.559006	0.581527	0.584675	0.602707	0.552926	0.589948	0.560254	0.593073	0.605524	0.600283	0.553324	0.597788	0.601323	0.550015	0.552235	0.568411	0.53462	0.593022	0.565629	0.544881	0.60967	0.560917	0.544995	0.557192	0.53149	0.599281	0.579585	0.587543	0.582309	0.591907	0.608735	0.543966	0.554439	0.568435	0.506119	0.625277	0.555536	0.545128	0.609347	0.563708	0.566215	0.632715	0.570774	0.587934	0.562844	0.555539	0.579583	0.599001	0.569937	0.562684	0.591714	0.554669	0.599578	0.526601	0.559323	0.612833	0.500098	0.567186	0.607442	0.545038	0.639879	0.548788	0.571101	0.522834	0.5644	0.593017	0.553046	0.588989	0.577483	0.579985	0.578879	0.531983	0.563979	0.522411	0.554438	0.550975	0.593581	0.591643	0.577998	0.543557	0.562906	0.5333	0.597364	0.497172	0.583207	0.574603	0.579787	0.595908	0.581978	0.583712	0.612287	0.557915	0.486812	0.544601	0.564077	0.566328	0.586404	0.517449	0.613625	0.631871	0.522525	0.578613	0.647485	0.5064	0.503674	0.483148	0.631355	0.516433	0.507384	0.577725	0.579828	0.584567	0.645488	0.586984	0.572194	0.635474	0.606467	0.480571	0.59445	0.579828	0.491588	0.591823	0.534747	0.585751	0.514167	0.469492	0.537268	0.58248	0.554488	0.576824	0.503634	0.62728	0.499667	0.536358	0.521492	0.572835	0.504744	0.61325	0.573273	0.506518	0.490338	0.582972	0.586154	0.598442	0.519494	0.564907	0.613061	0.604451	0.647485	0.572132	0.606467	0.537268	0.621515	0.534643	0.538422	0.503674	0.504654	0.582245	0.54616	0.578023	0.586115	0.461378	0.537268	0.596269	0.509902	0.579828	0.619017	0.641304	0.601597	0.500287	0.538422	0.571823	0.633681	0.507384	0.568925	0.647485	0.461378	0.509852	0.647485	0.641979	0.528763	0.500912	0.546554	0.606467	0.640679	0.487604	0.62474	0.537837	0.568002	0.537787	0.600104	0.591823	0.641304	0.486085	0.47698	0.567981	0.475946	0.514167	0.52951	0.606467	0.647794	0.626921	0.625816	0.512247	0.642871	0.588771	0.510162	0.547532	0.569837	0.491707	0.537787	0.530202	0.527494	0.506518	0.569837	0.508851	0.485939	0.537787	0.584567	0.55179	0.587037	0.623615	0.590159	0.572024	0.507384	0.635474	0.538422	0.53305	0.508565	0.570395	0.601597	0.589579	0.487604	0.544991	0.533323	0.633226	0.536358	0.57121	0.599396	0.488551	0.537787	0.646296	0.461378	0.465405	0.53811	0.477341	0.615433	0.599334	0.571645	0.615658	0.555031	0.579825	0.542527	0.546554	0.587265	0.618277	0.500947	0.659474	0.541186	0.578421	0.577347	0.521224	0.647485	0.582078	0.540949	0.586115	0.590317	0.636927	0.501976	0.56698	0.575039	0.537837	0.589579	0.645488	0.637021	0.568367	0.608475	0.637445	0.56396	0.507171	0.634458	0.504744	0.589579	0.663425	0.584567	0.594724	0.571599	0.625277	0.499455	0.657554	0.571878	0.615658	0.508565	0.571579	0.461378	0.486918	0.534826	0.497075	0.54828	0.578023	0.57315	0.647485
69000	slope	-0.402265	-0.488505	-0.53481	-0.552174	-0.421603	-0.452387	-0.499854	-0.4008	-0.447214	-0.418465	-0.404907	-0.497645	-0.437334	-0.46928	-0.434501	-0.405626	-0.395824	-0.502528	-0.412196	-0.462614	-0.457423	-0.478272	-0.418603	-0.53835	-0.477318	-0.498271	-0.399643	-0.49842	-0.40607	-0.451078	-0.506253	-0.500732	-0.422239	-0.503542	-0.538906	-0.403113	-0.528091	-0.48047	-0.535225	-0.401609	-0.528906	-0.386992	-0.401735	-0.477883	-0.377646	-0.476172	-0.455273	-0.410974	-0.414625	-0.497193	-0.417572	-0.424119	-0.478449	-0.390603	-0.429172	-0.473145	-0.494915	-0.500505	-0.453558	-0.442186	-0.483205	-0.458834	-0.379912	-0.454321	-0.417918	-0.494406	-0.550687	-0.435705	-0.499687	-0.55375	-0.407576	-0.408167	-0.389408	-0.487841	-0.435337	-0.51247	-0.440792	-0.426183	-0.421916	-0.449451	-0.492352	-0.399877	-0.465123	-0.399402	-0.562031	-0.48665	-0.48913	-0.524755	-0.41145	-0.447407	-0.515463	-0.469011	-0.442514	-0.437514	-0.499744	-0.425582	-0.448409	-0.505236	-0.486834	-0.45682	-0.4656	-0.490138	-0.430843	-0.485885	-0.425303	-0.465707	-0.439875	-0.567915	-0.499314	-0.448538	-0.445774	-0.514759	-0.493909	-0.487349	-0.528959	-0.480283	-0.473654	-0.388871	-0.42328	-0.53565	-0.427098	-0.548598	-0.479841	-0.386317	-0.464632	-0.406396	-0.542494	-0.478445	-0.553809	-0.464254	-0.496134	-0.370282	-0.439677	-0.420838	-0.50554	-0.425357	-0.445925	-0.513523	-0.562084	-0.455607	-0.421595	-0.401831	-0.484112	-0.454097	-0.514729	-0.41579	-0.414579	-0.415146	-0.485449	-0.425425	-0.489786	-0.438255	-0.403399	-0.460391	-0.399652	-0.48213	-0.411427	-0.40648	-0.412343	-0.464898	-0.47178	-0.410982	-0.504211	-0.420506	-0.453184	-0.445002	-0.490232	-0.467673	-0.432682	-0.388443	-0.411666	-0.392071	-0.43296	-0.497972	-0.402183	-0.446104	-0.495105	-0.491285	-0.473911	-0.515672	-0.513	-0.487702	-0.405975	-0.517747	-0.450339	-0.540369	-0.404466	-0.50945	-0.434356	-0.426391	-0.514477	-0.469911	-0.564512	-0.479118	-0.494941	-0.436143	-0.44335	-0.482636	-0.412595	-0.464018	-0.457478	-0.433708	-0.408075	-0.416623	-0.441056	-0.431695	-0.379327	-0.374097	-0.468906	-0.383795	-0.539784	-0.393554	-0.374493	-0.511147	-0.446031	-0.369702	-0.581547	-0.384145	-0.551107	-0.438579	-0.407182	-0.518134	-0.417212	-0.539678	-0.565574	-0.382752	-0.5067	-0.413208	-0.389062	-0.38043	-0.419326	-0.402063	-0.423716	-0.513319	-0.422465	-0.382752	-0.371895	-0.537375	-0.582447	-0.546922	-0.453323	-0.471017	-0.558509	-0.470036	-0.454718	-0.518258	-0.457098	-0.513932	-0.476996	-0.38043	-0.441056	-0.478348	-0.561833	-0.441056	-0.43975	-0.404379	-0.478348	-0.456434	-0.410108	-0.550072	-0.410108	-0.441056	-0.387652	-0.387424	-0.40372	-0.393554	-0.44358	-0.527934	-0.514342	-0.371895	-0.403995	-0.486217	-0.403422	-0.402717	-0.452157	-0.579061	-0.404014	-0.430095	-0.410861	-0.43975	-0.413861	-0.420966	-0.513319	-0.539784	-0.444503	-0.407182	-0.371737	-0.425621	-0.435747	-0.489496	-0.55063	-0.443517	-0.422465	-0.425621	-0.539678	-0.453323	-0.470036	-0.41706	-0.467207	-0.563608	-0.457098	-0.533476	-0.436493	-0.529531	-0.486217	-0.374097	-0.449554	-0.446304	-0.539784	-0.479355	-0.419374	-0.444933	-0.504425	-0.404014	-0.582624	-0.441056	-0.44041	-0.44739	-0.450467	-0.433612	-0.42516	-0.481119	-0.518134	-0.454718	-0.413918	-0.489496	-0.399088	-0.43708	-0.448122	-0.461333	-0.410108	-0.404379	-0.38043	-0.443517	-0.392015	-0.404014	-0.49645	-0.425621	-0.410108	-0.479231	-0.468906	-0.395021	-0.452157	-0.419374	-0.552804	-0.463119	-0.458981	-0.539784	-0.559325	-0.486217	-0.45329	-0.527934	-0.44041	-0.576261	-0.436493	-0.436027	-0.387349	-0.415081	-0.403995	-0.452157	-0.450467	-0.565195	-0.438579	-0.44041	-0.5067	-0.419374	-0.443962	-0.565574	-0.453323	-0.411861	-0.431221	-0.560612	-0.517989	-0.410108	-0.436493	-0.382752	-0.393554	-0.556128	-0.358201	-0.473332	-0.470036	-0.389062	-0.448626	-0.434682	-0.406996	-0.371895	-0.43708	-0.375853	-0.399088	-0.503341	-0.565195	-0.504425	-0.576261	-0.582827	-0.38043	-0.495986	-0.38459	-0.447746	-0.491919	-0.379413
69000	intercept	0.539285	0.618108	0.590031	0.59288	0.522288	0.544532	0.555776	0.516499	0.566003	0.524175	0.553975	0.570845	0.573078	0.535642	0.528426	0.481522	0.544793	0.554569	0.487908	0.535157	0.49918	0.563889	0.552343	0.606943	0.551665	0.570133	0.522556	0.558216	0.520868	0.538795	0.554034	0.577156	0.544471	0.544963	0.641431	0.554162	0.644638	0.560209	0.613494	0.510081	0.572297	0.504097	0.518118	0.569521	0.524013	0.547251	0.540216	0.512278	0.520514	0.590851	0.494497	0.551413	0.548736	0.520732	0.481663	0.555832	0.5184	0.564708	0.548231	0.534681	0.566902	0.515032	0.490063	0.520673	0.494863	0.548418	0.637801	0.490315	0.571054	0.591578	0.53251	0.492445	0.516064	0.54209	0.54021	0.580698	0.538895	0.535798	0.524457	0.546917	0.586026	0.523761	0.576561	0.489519	0.610234	0.555344	0.565563	0.600182	0.550915	0.562384	0.585414	0.54344	0.498392	0.541535	0.585585	0.535798	0.585705	0.535218	0.570749	0.57282	0.558583	0.545919	0.493319	0.550722	0.528709	0.549794	0.551652	0.588311	0.53928	0.528951	0.547691	0.566119	0.605166	0.56074	0.590525	0.589538	0.564492	0.536894	0.545701	0.569127	0.502994	0.576373	0.516115	0.51495	0.534477	0.532932	0.586801	0.574659	0.590709	0.549431	0.532837	0.468745	0.574875	0.521122	0.589877	0.528709	0.535045	0.561069	0.623791	0.544607	0.51609	0.505375	0.57858	0.549751	0.580335	0.5354	0.494924	0.501177	0.544466	0.532508	0.608711	0.532125	0.518411	0.558344	0.52189	0.580436	0.491331	0.499453	0.542692	0.552805	0.561816	0.499017	0.574747	0.528151	0.536332	0.552326	0.552828	0.549871	0.501493	0.520357	0.505197	0.544847	0.547143	0.544932	0.502763	0.55838	0.551057	0.568683	0.599812	0.577672	0.609402	0.573441	0.547797	0.564465	0.538972	0.60669	0.51829	0.587552	0.49705	0.497853	0.566386	0.562765	0.617869	0.557005	0.553019	0.501417	0.53642	0.548208	0.506072	0.535247	0.571533	0.493126	0.473141	0.526222	0.565396	0.46023	0.492091	0.499625	0.531315	0.516036	0.644187	0.524333	0.458847	0.59627	0.524941	0.477158	0.58211	0.522433	0.66298	0.582347	0.562211	0.542785	0.497947	0.576259	0.588311	0.478013	0.609945	0.477363	0.515019	0.500053	0.513804	0.523717	0.473507	0.581042	0.562457	0.478013	0.467752	0.591765	0.628153	0.636926	0.490911	0.588591	0.638676	0.504087	0.568382	0.580482	0.541537	0.58165	0.495293	0.468741	0.574068	0.536937	0.609673	0.565396	0.543656	0.511276	0.536937	0.52127	0.495868	0.613779	0.495868	0.565396	0.517837	0.511276	0.562211	0.514882	0.525071	0.603439	0.580482	0.467752	0.515686	0.580539	0.523547	0.523717	0.524941	0.588311	0.504451	0.554876	0.527559	0.543656	0.491958	0.476191	0.577115	0.638265	0.551385	0.562211	0.514447	0.54215	0.54442	0.602056	0.590269	0.528286	0.562457	0.54215	0.586697	0.503067	0.504087	0.495868	0.543506	0.588311	0.568315	0.585911	0.562526	0.590777	0.580539	0.499625	0.495293	0.497056	0.644187	0.60122	0.525545	0.528194	0.594169	0.504451	0.598007	0.565396	0.513813	0.489072	0.542674	0.526115	0.525171	0.60122	0.542265	0.568382	0.508232	0.602056	0.528478	0.579561	0.527361	0.543506	0.495868	0.511276	0.484477	0.528784	0.506014	0.504451	0.580935	0.54215	0.495868	0.589254	0.52696	0.523717	0.517657	0.516125	0.623908	0.600575	0.495293	0.644187	0.584646	0.588095	0.543506	0.589472	0.513813	0.588311	0.578332	0.578668	0.516036	0.505944	0.522433	0.517657	0.574475	0.585894	0.503117	0.527708	0.608182	0.525545	0.575682	0.588311	0.503067	0.520493	0.503021	0.605278	0.563647	0.495868	0.562526	0.473326	0.511938	0.601324	0.545046	0.511257	0.504087	0.515019	0.524941	0.514293	0.527535	0.461523	0.568382	0.507383	0.528478	0.581042	0.5967	0.582883	0.588311	0.577858	0.484477	0.572832	0.499625	0.503117	0.583767	0.507383
70000	slope	-0.471852	-0.448161	-0.449443	-0.546946	-0.39017	-0.548882	-0.438725	-0.417274	-0.521516	-0.468649	-0.545832	-0.438279	-0.492817	-0.423551	-0.434046	-0.391244	-0.510572	-0.476831	-0.468234	-0.510835	-0.432387	-0.531986	-0.470446	-0.46789	-0.526651	-0.512176	-0.444176	-0.481031	-0.436563	-0.516834	-0.452473	-0.479649	-0.505336	-0.469416	-0.437962	-0.492413	-0.53156	-0.484083	-0.45014	-0.519417	-0.521141	-0.422086	-0.456095	-0.525834	-0.457538	-0.541684	-0.420428	-0.431412	-0.42953	-0.450633	-0.423197	-0.513338	-0.440936	-0.523199	-0.417273	-0.446544	-0.521912	-0.437779	-0.442469	-0.448774	-0.463202	-0.485612	-0.404636	-0.478406	-0.508115	-0.461312	-0.428148	-0.506689	-0.440258	-0.462401	-0.538222	-0.407143	-0.509525	-0.445268	-0.427191	-0.541999	-0.425458	-0.484871	-0.499248	-0.456817	-0.442385	-0.431025	-0.443309	-0.485904	-0.539213	-0.423788	-0.447248	-0.410676	-0.44097	-0.425113	-0.433462	-0.426799	-0.515788	-0.438065	-0.448258	-0.442687	-0.426249	-0.505326	-0.463327	-0.452144	-0.56312	-0.459653	-0.522734	-0.467601	-0.503118	-0.533786	-0.42269	-0.453141	-0.529598	-0.556955	-0.437633	-0.46608	-0.454709	-0.477002	-0.50187	-0.499788	-0.516904	-0.415858	-0.411457	-0.435046	-0.457162	-0.428941	-0.427757	-0.543742	-0.434956	-0.458014	-0.510757	-0.505142	-0.396127	-0.433569	-0.510902	-0.470251	-0.493653	-0.39682	-0.459982	-0.480658	-0.432814	-0.45171	-0.449667	-0.518642	-0.432929	-0.430814	-0.453374	-0.555236	-0.430466	-0.477868	-0.480139	-0.467272	-0.484236	-0.45504	-0.425756	-0.520063	-0.467466	-0.571402	-0.405642	-0.493508	-0.529375	-0.425938	-0.539645	-0.499584	-0.482154	-0.425211	-0.474988	-0.495044	-0.476185	-0.422469	-0.482404	-0.564252	-0.450451	-0.406305	-0.388927	-0.475668	-0.425286	-0.46766	-0.45992	-0.407435	-0.450553	-0.506678	-0.482847	-0.394403	-0.512271	-0.529058	-0.404945	-0.410724	-0.486117	-0.521615	-0.443157	-0.451302	-0.51459	-0.529263	-0.46649	-0.473944	-0.462313	-0.483996	-0.496402	-0.431164	-0.459092	-0.404128	-0.553113	-0.439034	-0.406592	-0.433231	-0.565449	-0.442413	-0.381639	-0.553765	-0.500172	-0.420145	-0.421644	-0.429116	-0.481844	-0.459277	-0.534643	-0.548547	-0.438364	-0.524051	-0.576272	-0.43771	-0.494112	-0.481844	-0.538701	-0.494112	-0.433213	-0.443826	-0.424271	-0.458006	-0.446649	-0.450622	-0.480824	-0.469231	-0.42475	-0.418775	-0.457098	-0.528441	-0.506921	-0.445701	-0.530337	-0.410616	-0.453476	-0.457098	-0.395471	-0.462551	-0.417811	-0.42326	-0.420969	-0.437127	-0.451196	-0.398291	-0.494492	-0.494492	-0.565449	-0.549217	-0.477835	-0.549217	-0.41719	-0.452828	-0.352805	-0.431221	-0.522612	-0.57696	-0.57799	-0.381639	-0.418775	-0.427908	-0.420969	-0.482964	-0.45394	-0.433771	-0.482964	-0.515338	-0.476618	-0.494492	-0.413212	-0.475483	-0.42961	-0.458006	-0.425825	-0.536567	-0.460997	-0.40821	-0.420638	-0.488913	-0.416034	-0.437127	-0.463022	-0.45014	-0.458006	-0.402637	-0.462082	-0.41955	-0.39152	-0.420145	-0.578495	-0.381639	-0.453022	-0.444554	-0.584644	-0.432414	-0.541805	-0.467792	-0.419727	-0.431221	-0.433213	-0.481844	-0.487942	-0.578495	-0.413752	-0.548547	-0.42326	-0.42326	-0.475602	-0.438364	-0.446406	-0.481844	-0.524393	-0.424742	-0.551898	-0.381639	-0.500172	-0.524441	-0.429131	-0.433231	-0.488913	-0.397584	-0.559317	-0.41964	-0.397584	-0.473496	-0.513801	-0.469906	-0.510808	-0.398604	-0.551036	-0.45234	-0.518329	-0.433476	-0.433213	-0.416027	-0.57696	-0.515382	-0.510808	-0.437127	-0.418775	-0.488913	-0.502153	-0.529628	-0.41964	-0.413212	-0.431543	-0.417811	-0.42961	-0.528909	-0.433771	-0.440117	-0.57696	-0.384785	-0.510411	-0.500994	-0.43089	-0.481844	-0.536103	-0.42413	-0.386655	-0.414784	-0.527868	-0.417703	-0.404039	-0.39962	-0.444422	-0.428291	-0.518372	-0.405414	-0.455485	-0.453476	-0.406592	-0.41423	-0.457098	-0.481844	-0.484143	-0.433231	-0.421536	-0.553438	-0.524393	-0.524051	-0.453022	-0.43771	-0.444128	-0.495768	-0.453022	-0.487918	-0.351267	-0.536373	-0.53851	-0.426759	-0.353857	-0.553438	-0.43771	-0.534643	-0.428291	-0.447628
70000	intercept	0.51372	0.541395	0.532174	0.562888	0.503505	0.609457	0.533035	0.503596	0.555953	0.560128	0.606181	0.545084	0.524446	0.583172	0.527129	0.516226	0.580627	0.546265	0.591272	0.584072	0.494665	0.582557	0.544044	0.575652	0.568443	0.573305	0.507194	0.58486	0.553009	0.592291	0.521282	0.571247	0.568464	0.551183	0.516633	0.547619	0.574766	0.54901	0.518147	0.602957	0.575746	0.571819	0.547592	0.560665	0.527555	0.591802	0.491254	0.524722	0.509271	0.554508	0.580739	0.602859	0.549245	0.580644	0.507645	0.544128	0.55574	0.527416	0.530028	0.549536	0.544949	0.557423	0.483892	0.563982	0.584144	0.529813	0.509897	0.603783	0.516818	0.559053	0.603559	0.520853	0.557519	0.544714	0.515993	0.574834	0.559956	0.562069	0.55223	0.52883	0.544809	0.50676	0.515177	0.57816	0.612722	0.491254	0.55928	0.565022	0.544712	0.532558	0.539813	0.536234	0.56964	0.545461	0.521446	0.508552	0.559956	0.58031	0.53103	0.54122	0.601614	0.554213	0.595776	0.543843	0.548179	0.605962	0.522444	0.517875	0.598759	0.600889	0.530509	0.584246	0.542909	0.51986	0.592294	0.567653	0.53316	0.481655	0.551436	0.538602	0.514477	0.525676	0.533917	0.605469	0.495002	0.516705	0.568198	0.5717	0.516261	0.573601	0.591049	0.537478	0.557858	0.508416	0.557492	0.563447	0.579816	0.545382	0.532013	0.573402	0.538553	0.537498	0.50716	0.566142	0.514724	0.552349	0.540682	0.513372	0.545818	0.567597	0.526596	0.590852	0.493563	0.571107	0.505607	0.593663	0.586188	0.554661	0.551062	0.600419	0.569273	0.535135	0.538683	0.53109	0.539312	0.510311	0.562212	0.587386	0.542732	0.510331	0.487567	0.55662	0.532742	0.552644	0.557856	0.523578	0.547486	0.586115	0.574082	0.507435	0.583466	0.587283	0.512385	0.525721	0.555224	0.563335	0.517931	0.538617	0.561953	0.602281	0.552611	0.550336	0.57002	0.541469	0.590688	0.521455	0.559054	0.510666	0.58876	0.56438	0.51249	0.503801	0.592434	0.532297	0.543355	0.589717	0.587959	0.562457	0.562457	0.557381	0.555648	0.549641	0.594137	0.609457	0.563557	0.60054	0.61363	0.50706	0.54607	0.551341	0.616898	0.54607	0.557455	0.559542	0.557455	0.518563	0.579444	0.58997	0.555648	0.552404	0.595875	0.473482	0.541145	0.591838	0.604779	0.50798	0.597534	0.50171	0.549641	0.541145	0.50171	0.531549	0.508691	0.570538	0.587616	0.532297	0.495372	0.501231	0.547881	0.547881	0.592434	0.595376	0.545637	0.589169	0.566469	0.502348	0.496702	0.54223	0.584514	0.618932	0.542445	0.543355	0.473482	0.53161	0.587616	0.568776	0.513852	0.551241	0.568776	0.589839	0.568776	0.53508	0.503292	0.57819	0.49901	0.518563	0.511916	0.540711	0.556729	0.509082	0.590959	0.533481	0.509245	0.532297	0.545402	0.513852	0.518563	0.500378	0.509319	0.461927	0.484521	0.562457	0.61363	0.543355	0.505107	0.519524	0.643191	0.553824	0.595268	0.567555	0.499812	0.54223	0.557455	0.555648	0.580539	0.61363	0.509142	0.609457	0.561119	0.549424	0.543756	0.562873	0.526744	0.551308	0.540711	0.526254	0.613323	0.543355	0.588954	0.564525	0.503292	0.484514	0.533481	0.50177	0.583065	0.508459	0.496343	0.531585	0.536745	0.568776	0.523906	0.50171	0.613034	0.532775	0.594743	0.509142	0.557455	0.557849	0.626574	0.525199	0.520843	0.532297	0.475685	0.533481	0.606526	0.61545	0.508459	0.503292	0.485529	0.486667	0.49901	0.596175	0.551241	0.565549	0.614756	0.502132	0.578618	0.554466	0.50171	0.555648	0.591838	0.509142	0.47823	0.557455	0.589839	0.562457	0.558735	0.50171	0.574858	0.556729	0.597584	0.502132	0.516401	0.549641	0.521034	0.58295	0.543021	0.555648	0.519258	0.480839	0.485529	0.551354	0.540711	0.60054	0.509319	0.50706	0.55269	0.54607	0.509319	0.626208	0.498817	0.540711	0.589717	0.51665	0.498817	0.563699	0.504604	0.601285	0.571309	0.525584
71000	slope	-0.409666	-0.488279	-0.483053	-0.444081	-0.477609	-0.425395	-0.537415	-0.431357	-0.487445	-0.440223	-0.451679	-0.439851	-0.4131	-0.461489	-0.492479	-0.422555	-0.420195	-0.465717	-0.421612	-0.41355	-0.424588	-0.471982	-0.471058	-0.485021	-0.433009	-0.475934	-0.456266	-0.448506	-0.48682	-0.412335	-0.523128	-0.506678	-0.410062	-0.424583	-0.44498	-0.44809	-0.397185	-0.47906	-0.452194	-0.406118	-0.42054	-0.446133	-0.423092	-0.448171	-0.479605	-0.460072	-0.415357	-0.458613	-0.408019	-0.422463	-0.411748	-0.412553	-0.393094	-0.46631	-0.380778	-0.443666	-0.418727	-0.442863	-0.485477	-0.546846	-0.394873	-0.390639	-0.405838	-0.400578	-0.415088	-0.448935	-0.413943	-0.458312	-0.519385	-0.441125	-0.440269	-0.464108	-0.516435	-0.476707	-0.389606	-0.423948	-0.47068	-0.458489	-0.427789	-0.448422	-0.43731	-0.454148	-0.451359	-0.489444	-0.41601	-0.456075	-0.423672	-0.408789	-0.528069	-0.45419	-0.451135	-0.427354	-0.449158	-0.407718	-0.437643	-0.465945	-0.429166	-0.507636	-0.406388	-0.448043	-0.45383	-0.452124	-0.50028	-0.394177	-0.464577	-0.438212	-0.465561	-0.459753	-0.476848	-0.51713	-0.467135	-0.487355	-0.5366	-0.46859	-0.457267	-0.447942	-0.405578	-0.379898	-0.395077	-0.469709	-0.466541	-0.463351	-0.452255	-0.443526	-0.423046	-0.446449	-0.532072	-0.41951	-0.51062	-0.442675	-0.480132	-0.445834	-0.457594	-0.45672	-0.464423	-0.42049	-0.483872	-0.375757	-0.452238	-0.436951	-0.41704	-0.517091	-0.456335	-0.493703	-0.475154	-0.424401	-0.526181	-0.446697	-0.468002	-0.451812	-0.513397	-0.437264	-0.491988	-0.49952	-0.408461	-0.397264	-0.487212	-0.408494	-0.47611	-0.433422	-0.460114	-0.471118	-0.520478	-0.468925	-0.469924	-0.450027	-0.430793	-0.376172	-0.44536	-0.453222	-0.4205	-0.471733	-0.437028	-0.439392	-0.395843	-0.448146	-0.419832	-0.397922	-0.477937	-0.4295	-0.512789	-0.402725	-0.38514	-0.452026	-0.510995	-0.475435	-0.504176	-0.486747	-0.408346	-0.406239	-0.40327	-0.458597	-0.513397	-0.428088	-0.423915	-0.452619	-0.439895	-0.467784	-0.484631	-0.401287	-0.447836	-0.52399	-0.399358	-0.475748	-0.452527	-0.385272	-0.436063	-0.431915	-0.436493	-0.396874	-0.536543	-0.40106	-0.380199	-0.522603	-0.436493	-0.406729	-0.406729	-0.393903	-0.517329	-0.417416	-0.45182	-0.45576	-0.348307	-0.429203	-0.506749	-0.433341	-0.437575	-0.459216	-0.536657	-0.433341	-0.390199	-0.421042	-0.389528	-0.458674	-0.445607	-0.461616	-0.388034	-0.530007	-0.437132	-0.469809	-0.420462	-0.515475	-0.426868	-0.438829	-0.436493	-0.413049	-0.418513	-0.425429	-0.396874	-0.374895	-0.479427	-0.436951	-0.461338	-0.45031	-0.380769	-0.418727	-0.430256	-0.53772	-0.436493	-0.577929	-0.522603	-0.456359	-0.433341	-0.525	-0.390199	-0.505342	-0.426841	-0.437997	-0.483991	-0.470907	-0.430427	-0.388111	-0.393903	-0.512213	-0.418086	-0.390612	-0.390199	-0.425809	-0.431915	-0.511657	-0.522603	-0.45182	-0.409569	-0.485793	-0.393903	-0.577929	-0.45182	-0.560899	-0.404968	-0.468199	-0.458775	-0.464644	-0.431848	-0.385452	-0.38327	-0.4362	-0.532617	-0.488346	-0.388034	-0.38561	-0.433341	-0.406729	-0.454335	-0.390159	-0.486643	-0.590308	-0.470907	-0.380199	-0.380199	-0.436493	-0.519092	-0.366427	-0.399215	-0.532538	-0.416206	-0.536543	-0.439058	-0.425809	-0.438166	-0.397418	-0.386335	-0.511657	-0.388843	-0.470907	-0.434564	-0.417416	-0.463184	-0.464644	-0.488346	-0.480381	-0.46734	-0.396661	-0.390601	-0.393903	-0.439654	-0.436493	-0.508019	-0.454335	-0.464644	-0.415353	-0.397386	-0.560899	-0.531558	-0.426868	-0.465896	-0.386335	-0.393903	-0.388034	-0.582798	-0.393496	-0.390612	-0.51946	-0.454833	-0.506749	-0.438166	-0.490899	-0.418727	-0.376396	-0.458775	-0.470949	-0.47354	-0.433341	-0.465431	-0.425809	-0.407726	-0.433341	-0.383033	-0.36018	-0.490612	-0.390612	-0.433341	-0.426868	-0.390612	-0.362503	-0.45182	-0.439058	-0.412277	-0.362503	-0.419946	-0.523291	-0.393903	-0.393903	-0.470949	-0.36018	-0.431848	-0.385452	-0.530622	-0.46734	-0.512551	-0.481942	-0.483991	-0.390199	-0.417088	-0.486804	-0.512213	-0.486804	-0.47598	-0.390628	-0.388034	-0.505306
71000	intercept	0.52883	0.571012	0.553357	0.547196	0.563182	0.530945	0.612169	0.52905	0.589386	0.516421	0.539087	0.537386	0.520172	0.558619	0.598857	0.552268	0.524461	0.509389	0.495147	0.490379	0.536783	0.533713	0.589348	0.561364	0.576218	0.52701	0.561509	0.565408	0.577427	0.514575	0.609917	0.584964	0.550797	0.500019	0.539633	0.555866	0.519989	0.584309	0.534163	0.499456	0.528028	0.507396	0.501318	0.516535	0.548759	0.565956	0.520593	0.527499	0.511822	0.547105	0.485294	0.501057	0.515115	0.517664	0.527417	0.524144	0.482678	0.52771	0.562083	0.619005	0.516762	0.531279	0.529355	0.490442	0.521315	0.543938	0.522394	0.54659	0.568745	0.556417	0.506654	0.507111	0.620221	0.565841	0.528759	0.536939	0.565032	0.561588	0.529986	0.554973	0.553628	0.499488	0.525817	0.566238	0.512934	0.562943	0.544686	0.509853	0.550599	0.536248	0.547321	0.491683	0.557508	0.527299	0.552863	0.511909	0.518868	0.566748	0.520335	0.552679	0.538008	0.556527	0.580554	0.501369	0.565254	0.560957	0.505097	0.571952	0.538759	0.612481	0.575672	0.544012	0.576886	0.514295	0.557973	0.550531	0.478441	0.509113	0.514888	0.568373	0.516798	0.552561	0.527917	0.5235	0.516209	0.535599	0.623643	0.56134	0.5625	0.526749	0.587231	0.498967	0.571617	0.53874	0.559746	0.521709	0.531398	0.49512	0.532781	0.52138	0.48039	0.581639	0.493889	0.605216	0.554422	0.55635	0.587485	0.553355	0.534016	0.509952	0.556234	0.582516	0.557601	0.599153	0.510351	0.499507	0.574657	0.518269	0.518725	0.551452	0.512375	0.544241	0.569556	0.50905	0.557452	0.523676	0.519357	0.484647	0.534847	0.524266	0.532982	0.576271	0.545073	0.586225	0.515262	0.529104	0.546468	0.534333	0.548546	0.510671	0.598292	0.461444	0.532945	0.51854	0.587438	0.56172	0.565836	0.535389	0.520707	0.536971	0.529695	0.571229	0.562611	0.545017	0.495058	0.554422	0.564727	0.545571	0.580652	0.514302	0.514413	0.60815	0.517908	0.598557	0.563136	0.553861	0.507071	0.55648	0.533682	0.482276	0.57981	0.561741	0.491416	0.60815	0.549999	0.509089	0.509089	0.542709	0.537629	0.443945	0.536773	0.555657	0.505102	0.485835	0.537629	0.555673	0.530286	0.534451	0.577745	0.554256	0.547153	0.543194	0.508588	0.544491	0.559813	0.544491	0.492859	0.62477	0.539909	0.537926	0.539626	0.633055	0.533672	0.516944	0.514104	0.526898	0.491556	0.496299	0.504501	0.487018	0.654542	0.49475	0.514605	0.5375	0.48702	0.482678	0.549692	0.60815	0.533682	0.627997	0.60815	0.534451	0.555673	0.611981	0.547153	0.536872	0.563929	0.504845	0.567268	0.537926	0.506132	0.529094	0.547153	0.616812	0.530281	0.477829	0.547153	0.57554	0.55648	0.616812	0.60815	0.541164	0.530399	0.636302	0.538458	0.622291	0.534451	0.598803	0.55369	0.494165	0.560289	0.513665	0.585299	0.478943	0.486372	0.533682	0.611684	0.573659	0.486372	0.564551	0.56964	0.509089	0.514605	0.529094	0.516029	0.639199	0.537926	0.504286	0.491416	0.533682	0.611684	0.473799	0.506541	0.608803	0.517153	0.576028	0.511997	0.546348	0.511997	0.516278	0.553861	0.616812	0.435776	0.530935	0.549657	0.443945	0.541575	0.513665	0.570125	0.519201	0.545972	0.431175	0.444956	0.559951	0.516106	0.533682	0.574391	0.522912	0.513665	0.478101	0.559951	0.611556	0.599748	0.533672	0.513665	0.544248	0.542709	0.513137	0.633226	0.547153	0.477829	0.626507	0.457811	0.537629	0.511997	0.618668	0.482678	0.493987	0.560289	0.583129	0.532113	0.563136	0.527666	0.57554	0.538144	0.563136	0.486372	0.493987	0.532284	0.477829	0.563136	0.533672	0.477829	0.50553	0.534451	0.511997	0.491395	0.50553	0.505269	0.602977	0.544557	0.544557	0.595385	0.493987	0.585299	0.465223	0.581619	0.545972	0.596836	0.610647	0.570435	0.547153	0.485331	0.568986	0.592922	0.568776	0.536744	0.547153	0.492859	0.613189
72000	slope	-0.450404	-0.405345	-0.577268	-0.415813	-0.465814	-0.443295	-0.496437	-0.441864	-0.380711	-0.432987	-0.398248	-0.444082	-0.467499	-0.469882	-0.395673	-0.454521	-0.489052	-0.471288	-0.458827	-0.498343	-0.513323	-0.50697	-0.510735	-0.46159	-0.497152	-0.499706	-0.482168	-0.518824	-0.468087	-0.43871	-0.390417	-0.483212	-0.351168	-0.554298	-0.499912	-0.453864	-0.448824	-0.467128	-0.481695	-0.470302	-0.493025	-0.414605	-0.51279	-0.482718	-0.458749	-0.573623	-0.452512	-0.402892	-0.410736	-0.405709	-0.445595	-0.479957	-0.481084	-0.441118	-0.457964	-0.441634	-0.386093	-0.437087	-0.470627	-0.41359	-0.469577	-0.493015	-0.445941	-0.445117	-0.461357	-0.512857	-0.513218	-0.463542	-0.519071	-0.41949	-0.48137	-0.451737	-0.479024	-0.479031	-0.443949	-0.513626	-0.480704	-0.385921	-0.483439	-0.516364	-0.425432	-0.452753	-0.473443	-0.435974	-0.51217	-0.50768	-0.521272	-0.387164	-0.482643	-0.44017	-0.522896	-0.412598	-0.536184	-0.478335	-0.415337	-0.44322	-0.404534	-0.464745	-0.43265	-0.430298	-0.458527	-0.361555	-0.505328	-0.597325	-0.475423	-0.437174	-0.366336	-0.473869	-0.515693	-0.42508	-0.510437	-0.387069	-0.516458	-0.389041	-0.462809	-0.513185	-0.52897	-0.439193	-0.397216	-0.451821	-0.522836	-0.468321	-0.385092	-0.385396	-0.431335	-0.542623	-0.510823	-0.413668	-0.431705	-0.406433	-0.450019	-0.48009	-0.527924	-0.474456	-0.430058	-0.495834	-0.482853	-0.469972	-0.489793	-0.510962	-0.490568	-0.43479	-0.501491	-0.479877	-0.428517	-0.569374	-0.439634	-0.396322	-0.462476	-0.474876	-0.476273	-0.544668	-0.413847	-0.422454	-0.545578	-0.415239	-0.38578	-0.440201	-0.424484	-0.451764	-0.429087	-0.454521	-0.420382	-0.487668	-0.440072	-0.432624	-0.442201	-0.410203	-0.487299	-0.448131	-0.472889	-0.480219	-0.382978	-0.498244	-0.466919	-0.474761	-0.487167	-0.470132	-0.441431	-0.398908	-0.518777	-0.448654	-0.594642	-0.53582	-0.440651	-0.53968	-0.517379	-0.479379	-0.440918	-0.467907	-0.497884	-0.478647	-0.387295	-0.356706	-0.406971	-0.486963	-0.416748	-0.453019	-0.428526	-0.527305	-0.45742	-0.421882	-0.377192	-0.449715	-0.477156	-0.399044	-0.513019	-0.449772	-0.421573	-0.48805	-0.501324	-0.581597	-0.478457	-0.491843	-0.37051	-0.431434	-0.433267	-0.549802	-0.493392	-0.550338	-0.353794	-0.60144	-0.552249	-0.500778	-0.377192	-0.422166	-0.546866	-0.443556	-0.513626	-0.414892	-0.41516	-0.412282	-0.485368	-0.466363	-0.436934	-0.528707	-0.431434	-0.548207	-0.531657	-0.497315	-0.385033	-0.493392	-0.426833	-0.470677	-0.451467	-0.389953	-0.532978	-0.513626	-0.353794	-0.466363	-0.349698	-0.514812	-0.443837	-0.433763	-0.507707	-0.513626	-0.433763	-0.541831	-0.377192	-0.531657	-0.340452	-0.377192	-0.53618	-0.57229	-0.443101	-0.405521	-0.406535	-0.399044	-0.485368	-0.399044	-0.433763	-0.558014	-0.421573	-0.41651	-0.550338	-0.448389	-0.513626	-0.427202	-0.528617	-0.500778	-0.369894	-0.507707	-0.429946	-0.407278	-0.5338	-0.449715	-0.451554	-0.413967	-0.492683	-0.559253	-0.56603	-0.406535	-0.440855	-0.550338	-0.406535	-0.464582	-0.544314	-0.403818	-0.414785	-0.528617	-0.408607	-0.446128	-0.377192	-0.385033	-0.54221	-0.529247	-0.559253	-0.513116	-0.478212	-0.532978	-0.424634	-0.425726	-0.513626	-0.570204	-0.541764	-0.403818	-0.415995	-0.37051	-0.340452	-0.337028	-0.361384	-0.407278	-0.354497	-0.500778	-0.581597	-0.441962	-0.533228	-0.588411	-0.550151	-0.53618	-0.453715	-0.533228	-0.33218	-0.541764	-0.424931	-0.420214	-0.459538	-0.416153	-0.443101	-0.399044	-0.402632	-0.452981	-0.443733	-0.412175	-0.441131	-0.37051	-0.45181	-0.59947	-0.453072	-0.532978	-0.443447	-0.425726	-0.549802	-0.562423	-0.424634	-0.452981	-0.412175	-0.432279	-0.493392	-0.456894	-0.433763	-0.559253	-0.533228	-0.54928	-0.414892	-0.518782	-0.477156	-0.531657	-0.324066	-0.485422	-0.609508	-0.500778	-0.513626	-0.424047	-0.37051	-0.517813	-0.546866	-0.414892	-0.558014	-0.409598	-0.425513	-0.448389	-0.532978	-0.537793	-0.409598	-0.533228	-0.414892	-0.470537	-0.525055	-0.508937	-0.517744	-0.555606	-0.451554	-0.443101	-0.527597	-0.338273	-0.584264	-0.453072	-0.399044	-0.409598
72000	intercept	0.521901	0.498879	0.636239	0.537148	0.556879	0.554234	0.574568	0.498359	0.520296	0.517658	0.52327	0.537183	0.554232	0.562854	0.5206	0.540989	0.536594	0.524534	0.5536	0.58133	0.558706	0.576313	0.564559	0.53144	0.57789	0.537511	0.549063	0.566337	0.581262	0.507614	0.513745	0.557424	0.502381	0.618974	0.570929	0.529379	0.522311	0.551739	0.571747	0.518946	0.580067	0.538395	0.566169	0.570351	0.533099	0.581423	0.54791	0.495192	0.468588	0.543253	0.542301	0.560934	0.580466	0.558658	0.561376	0.541537	0.508118	0.544157	0.53486	0.47939	0.53508	0.588641	0.531436	0.532192	0.536963	0.595492	0.54653	0.566035	0.588963	0.533276	0.574012	0.54428	0.569277	0.560875	0.531894	0.582453	0.552727	0.49424	0.543632	0.569171	0.543393	0.512225	0.501556	0.520377	0.584681	0.562601	0.565089	0.534875	0.550246	0.529496	0.572104	0.502202	0.57177	0.551773	0.477182	0.547986	0.515019	0.52958	0.519049	0.498013	0.532802	0.529311	0.538869	0.618646	0.565716	0.538876	0.535444	0.557736	0.571867	0.50087	0.59021	0.482612	0.566239	0.52281	0.550216	0.585613	0.604696	0.50248	0.526368	0.581912	0.584435	0.54413	0.507842	0.496617	0.507936	0.599551	0.590829	0.509598	0.496059	0.548542	0.526726	0.55713	0.574771	0.586646	0.519155	0.57273	0.571178	0.516788	0.533656	0.551919	0.541507	0.531937	0.606627	0.574965	0.508529	0.628465	0.55124	0.530174	0.553637	0.564437	0.573094	0.60659	0.524539	0.53208	0.596811	0.510179	0.514396	0.532345	0.552522	0.555493	0.503136	0.540989	0.560967	0.571779	0.552186	0.522451	0.567156	0.524208	0.539795	0.499416	0.537618	0.561318	0.518868	0.56467	0.536037	0.544457	0.581868	0.575864	0.538938	0.519798	0.586615	0.548322	0.624434	0.583242	0.542083	0.578388	0.602465	0.547956	0.526337	0.605008	0.569533	0.569414	0.497866	0.535289	0.492558	0.562004	0.54208	0.568322	0.519049	0.591091	0.555657	0.521471	0.497184	0.564042	0.53406	0.524648	0.539649	0.562645	0.527717	0.569666	0.602288	0.598208	0.537454	0.529631	0.564883	0.490073	0.520591	0.59182	0.572059	0.635564	0.477019	0.611492	0.5968	0.617292	0.534355	0.506913	0.553995	0.544524	0.595163	0.531132	0.525418	0.50216	0.573392	0.517887	0.563069	0.599167	0.493901	0.630516	0.614815	0.54327	0.540346	0.572059	0.493987	0.561787	0.494636	0.485347	0.599167	0.587144	0.477019	0.517887	0.546171	0.602106	0.536203	0.530881	0.611821	0.610636	0.528298	0.620532	0.536738	0.614815	0.507761	0.523373	0.60028	0.579876	0.537421	0.505207	0.548174	0.524648	0.572894	0.511625	0.512982	0.561727	0.527717	0.469785	0.635564	0.50827	0.600522	0.515093	0.576769	0.604124	0.447393	0.611726	0.532243	0.538316	0.624664	0.570839	0.531396	0.531062	0.557474	0.561543	0.620532	0.551088	0.574311	0.645438	0.537993	0.555657	0.598755	0.50216	0.54555	0.590344	0.536913	0.562786	0.523373	0.539511	0.582886	0.577534	0.586909	0.593455	0.517887	0.599167	0.506913	0.469202	0.577763	0.614875	0.623621	0.50216	0.476713	0.567589	0.498729	0.472643	0.567589	0.538316	0.561697	0.604124	0.598208	0.553032	0.577534	0.611492	0.558999	0.60028	0.555302	0.577534	0.501532	0.623621	0.550615	0.478946	0.544845	0.532392	0.510166	0.526457	0.534042	0.534312	0.514971	0.479908	0.487438	0.567589	0.573671	0.626716	0.560967	0.599167	0.567817	0.469202	0.610233	0.569854	0.506913	0.523744	0.46134	0.570839	0.572059	0.522643	0.520591	0.586909	0.577534	0.558999	0.531132	0.619194	0.53406	0.614815	0.533975	0.602288	0.717183	0.604124	0.600522	0.537612	0.567589	0.57845	0.55005	0.512167	0.561727	0.454905	0.510902	0.50827	0.599167	0.599167	0.454905	0.577534	0.541579	0.518632	0.596131	0.59586	0.598069	0.558999	0.531396	0.537421	0.614815	0.5082	0.622312	0.560967	0.524648	0.454905
73000	slope	-0.494158	-0.394331	-0.480081	-0.450586	-0.503948	-0.511989	-0.505862	-0.449609	-0.435199	-0.428611	-0.50905	-0.42274	-0.49132	-0.539956	-0.390351	-0.429348	-0.463214	-0.46238	-0.5165	-0.42922	-0.551697	-0.486941	-0.497279	-0.568141	-0.498612	-0.484348	-0.477834	-0.516244	-0.431049	-0.475812	-0.445741	-0.536121	-0.422722	-0.387306	-0.554068	-0.437325	-0.46066	-0.522883	-0.493755	-0.419295	-0.516557	-0.437833	-0.550073	-0.426587	-0.447241	-0.423013	-0.452842	-0.485639	-0.468009	-0.519834	-0.456865	-0.408737	-0.477516	-0.444435	-0.517918	-0.441691	-0.472094	-0.453151	-0.417912	-0.449411	-0.446873	-0.457397	-0.487303	-0.57686	-0.432925	-0.474615	-0.429128	-0.43322	-0.552184	-0.511182	-0.461546	-0.42406	-0.538379	-0.4809	-0.48442	-0.524379	-0.523999	-0.507261	-0.571924	-0.499014	-0.539236	-0.500452	-0.529326	-0.44314	-0.464393	-0.436642	-0.422682	-0.517957	-0.420071	-0.471022	-0.438402	-0.45537	-0.426485	-0.520476	-0.497702	-0.489787	-0.45837	-0.448665	-0.50839	-0.544218	-0.527636	-0.431848	-0.518338	-0.401653	-0.454741	-0.49868	-0.402632	-0.428251	-0.508696	-0.482268	-0.481151	-0.446779	-0.5059	-0.520301	-0.509278	-0.449109	-0.501755	-0.571271	-0.417697	-0.419739	-0.47546	-0.510805	-0.473699	-0.43369	-0.481824	-0.568566	-0.392366	-0.488125	-0.491807	-0.435038	-0.469124	-0.515785	-0.488827	-0.515932	-0.420408	-0.446573	-0.485224	-0.430098	-0.487246	-0.390851	-0.420842	-0.496707	-0.522782	-0.58183	-0.529477	-0.409607	-0.421791	-0.440717	-0.509531	-0.457547	-0.422906	-0.500895	-0.418308	-0.42953	-0.436193	-0.476053	-0.525769	-0.505545	-0.41451	-0.435412	-0.474261	-0.460297	-0.519728	-0.572035	-0.564982	-0.434619	-0.459672	-0.512924	-0.485371	-0.571282	-0.509784	-0.438936	-0.447569	-0.466977	-0.53938	-0.481684	-0.432508	-0.540333	-0.545342	-0.506054	-0.426531	-0.420857	-0.454243	-0.511035	-0.451143	-0.494481	-0.500229	-0.4517	-0.435028	-0.455481	-0.493063	-0.516871	-0.42695	-0.580472	-0.423957	-0.412945	-0.480752	-0.440208	-0.457723	-0.503147	-0.419781	-0.37093	-0.481179	-0.427307	-0.457575	-0.459453	-0.448385	-0.618737	-0.58259	-0.582297	-0.551146	-0.554065	-0.491976	-0.456212	-0.36721	-0.414713	-0.547713	-0.463374	-0.549824	-0.413074	-0.453027	-0.43835	-0.468669	-0.39694	-0.518506	-0.451054	-0.556194	-0.396122	-0.554019	-0.496282	-0.415044	-0.518506	-0.433925	-0.419017	-0.39862	-0.558774	-0.429835	-0.429519	-0.43141	-0.491573	-0.539083	-0.528298	-0.574483	-0.47609	-0.475283	-0.513566	-0.562353	-0.522362	-0.459559	-0.596537	-0.580734	-0.405354	-0.456212	-0.433899	-0.535906	-0.475283	-0.415044	-0.41977	-0.59274	-0.393042	-0.551716	-0.459453	-0.434544	-0.554966	-0.497155	-0.455743	-0.560937	-0.435407	-0.539648	-0.400086	-0.475283	-0.562353	-0.421554	-0.419781	-0.459453	-0.411193	-0.372726	-0.459409	-0.459559	-0.424165	-0.4171	-0.436096	-0.460864	-0.456212	-0.589353	-0.588461	-0.433393	-0.414713	-0.494055	-0.578542	-0.548431	-0.421903	-0.405354	-0.459409	-0.547087	-0.520435	-0.58259	-0.444738	-0.59274	-0.589353	-0.544317	-0.427307	-0.589353	-0.423715	-0.407006	-0.437314	-0.445261	-0.412208	-0.490717	-0.41977	-0.396122	-0.545808	-0.452242	-0.483782	-0.414713	-0.407006	-0.388504	-0.56045	-0.414713	-0.558014	-0.415936	-0.549824	-0.59274	-0.511583	-0.468669	-0.418505	-0.464636	-0.414713	-0.481179	-0.483782	-0.427307	-0.583463	-0.433393	-0.490842	-0.429835	-0.419781	-0.457596	-0.421804	-0.483782	-0.414713	-0.437314	-0.390489	-0.553987	-0.41977	-0.413074	-0.453709	-0.542207	-0.483782	-0.433393	-0.421804	-0.456212	-0.544317	-0.618737	-0.584199	-0.557186	-0.494055	-0.441897	-0.435495	-0.465945	-0.425765	-0.424555	-0.456212	-0.549824	-0.457435	-0.435529	-0.464056	-0.580088	-0.453027	-0.458022	-0.387891	-0.405065	-0.594025	-0.421903	-0.425778	-0.545319	-0.456212	-0.419017	-0.412171	-0.453027	-0.487476	-0.436286	-0.601592	-0.447344	-0.549824	-0.486892	-0.498384	-0.505847	-0.450285	-0.511583	-0.41977	-0.498384	-0.414713	-0.518506	-0.459559	-0.420816	-0.414713	-0.424286	-0.483782	-0.459862	-0.414713
73000	intercept	0.582229	0.523675	0.559534	0.513424	0.534385	0.592072	0.550781	0.503446	0.51649	0.511448	0.586065	0.556982	0.583434	0.605164	0.496839	0.5447	0.558987	0.541267	0.574463	0.531494	0.563167	0.576135	0.545042	0.639519	0.583226	0.588359	0.557508	0.588411	0.530743	0.577675	0.541372	0.61002	0.523786	0.52244	0.628797	0.518555	0.545885	0.59069	0.558781	0.530865	0.574142	0.54786	0.599907	0.503993	0.51339	0.493661	0.566131	0.562232	0.559115	0.579561	0.539714	0.544541	0.572136	0.545921	0.600561	0.537529	0.530818	0.555802	0.518196	0.538013	0.543153	0.564886	0.578052	0.637035	0.526927	0.584573	0.509623	0.527734	0.62274	0.57149	0.554797	0.516906	0.587526	0.56262	0.580413	0.587774	0.598462	0.584838	0.625038	0.554214	0.592404	0.570219	0.615268	0.508455	0.549819	0.48697	0.504353	0.584064	0.530573	0.533141	0.543967	0.531495	0.517965	0.576022	0.564662	0.566009	0.507377	0.5613	0.565479	0.603207	0.603682	0.551158	0.559463	0.507204	0.536398	0.530501	0.548755	0.56093	0.588492	0.569091	0.549361	0.532641	0.550224	0.584659	0.606996	0.514124	0.54131	0.614133	0.53196	0.533809	0.547687	0.580604	0.546999	0.502717	0.569588	0.640946	0.513522	0.546907	0.569027	0.529926	0.541929	0.576877	0.547089	0.5768	0.519659	0.544792	0.564666	0.55534	0.541633	0.533893	0.518303	0.578643	0.583446	0.631475	0.596394	0.49448	0.522088	0.513451	0.553199	0.514716	0.52167	0.550825	0.523769	0.524223	0.54129	0.549773	0.6092	0.580224	0.527615	0.521109	0.533141	0.530281	0.564319	0.637499	0.600028	0.551411	0.560425	0.574094	0.536956	0.644308	0.571026	0.528834	0.538085	0.521366	0.612125	0.582162	0.51158	0.579055	0.608389	0.573602	0.50931	0.533926	0.539576	0.553455	0.558889	0.555143	0.566671	0.552125	0.558804	0.538997	0.541064	0.606179	0.544322	0.626867	0.492978	0.540805	0.559115	0.536012	0.570423	0.575531	0.511753	0.522502	0.545769	0.52588	0.557858	0.530691	0.496233	0.67862	0.627826	0.648272	0.589277	0.556524	0.578665	0.523948	0.502658	0.522423	0.592013	0.482507	0.611591	0.52965	0.517934	0.536032	0.539129	0.51025	0.613152	0.531934	0.642618	0.491477	0.596135	0.598167	0.480303	0.616432	0.578792	0.544288	0.548448	0.578832	0.525604	0.522872	0.520167	0.562289	0.617721	0.630531	0.564627	0.578903	0.542562	0.611908	0.595573	0.587914	0.528779	0.627672	0.648272	0.543935	0.523948	0.578792	0.655173	0.552866	0.478545	0.587269	0.659486	0.507874	0.604671	0.530691	0.492315	0.595872	0.551521	0.534449	0.608377	0.517794	0.630531	0.528615	0.534449	0.58715	0.542465	0.49944	0.530691	0.540056	0.505701	0.520813	0.528779	0.537023	0.529048	0.537023	0.524062	0.530703	0.636419	0.629097	0.510036	0.522423	0.548388	0.6385	0.595142	0.525115	0.543935	0.520813	0.604671	0.633337	0.635346	0.557727	0.663445	0.636419	0.60329	0.53978	0.636419	0.505074	0.447017	0.551633	0.557882	0.529777	0.581719	0.583777	0.493745	0.590524	0.497556	0.561578	0.531472	0.459183	0.520102	0.642618	0.535552	0.58808	0.541649	0.606859	0.659486	0.595665	0.539129	0.506316	0.525889	0.522423	0.542221	0.574846	0.541379	0.624652	0.49919	0.595245	0.525604	0.511753	0.517379	0.536869	0.573605	0.531472	0.551633	0.508747	0.604671	0.553497	0.509031	0.512503	0.575114	0.573605	0.496233	0.536869	0.535818	0.597353	0.67862	0.629097	0.589558	0.548388	0.516132	0.465316	0.547443	0.536526	0.512503	0.523948	0.611591	0.528779	0.553585	0.532626	0.636419	0.517934	0.505133	0.493333	0.560916	0.62067	0.525115	0.526202	0.590524	0.523948	0.549234	0.534235	0.521615	0.579763	0.533383	0.683381	0.494064	0.619131	0.568847	0.548388	0.578589	0.532626	0.595665	0.583777	0.548388	0.522423	0.633337	0.528779	0.504019	0.522423	0.558983	0.590943	0.521208	0.522423
74000	slope	-0.413188	-0.519293	-0.47921	-0.481045	-0.497328	-0.543028	-0.548501	-0.43392	-0.502428	-0.402925	-0.426781	-0.397904	-0.467509	-0.503327	-0.418732	-0.476689	-0.497098	-0.431446	-0.428484	-0.395381	-0.557351	-0.435628	-0.528597	-0.517033	-0.422329	-0.470176	-0.479908	-0.514787	-0.468172	-0.482702	-0.489354	-0.463655	-0.465943	-0.41865	-0.508056	-0.538217	-0.461159	-0.586723	-0.531811	-0.581243	-0.419676	-0.457419	-0.424663	-0.507473	-0.447748	-0.585815	-0.432719	-0.406775	-0.533894	-0.483956	-0.522838	-0.450443	-0.445393	-0.486888	-0.532377	-0.482013	-0.392248	-0.583666	-0.485189	-0.435748	-0.483851	-0.420015	-0.506711	-0.493356	-0.475092	-0.495155	-0.432848	-0.56084	-0.435288	-0.482123	-0.439059	-0.468273	-0.57434	-0.51552	-0.45425	-0.513563	-0.395479	-0.509121	-0.474647	-0.519933	-0.408633	-0.480338	-0.562843	-0.562854	-0.55662	-0.417127	-0.412897	-0.494477	-0.466271	-0.501471	-0.44017	-0.484364	-0.436139	-0.42972	-0.507377	-0.434903	-0.42935	-0.448339	-0.445784	-0.410231	-0.478185	-0.460451	-0.540507	-0.568303	-0.398096	-0.561472	-0.43496	-0.475696	-0.500914	-0.429553	-0.433041	-0.539258	-0.495339	-0.495464	-0.485937	-0.449451	-0.479267	-0.402908	-0.45076	-0.510329	-0.507113	-0.441655	-0.521036	-0.448965	-0.42962	-0.443147	-0.505187	-0.442916	-0.405585	-0.461236	-0.439817	-0.465283	-0.500633	-0.499096	-0.550178	-0.44702	-0.507555	-0.45995	-0.441994	-0.433871	-0.543775	-0.510173	-0.534817	-0.443551	-0.391236	-0.42031	-0.523983	-0.420618	-0.452629	-0.449091	-0.5118	-0.509592	-0.443252	-0.433285	-0.523776	-0.47986	-0.431251	-0.492954	-0.500203	-0.508491	-0.493716	-0.489724	-0.415422	-0.42517	-0.444961	-0.525324	-0.431307	-0.530581	-0.423818	-0.476057	-0.442619	-0.483046	-0.469014	-0.432328	-0.455416	-0.454005	-0.403048	-0.427887	-0.489617	-0.471636	-0.453083	-0.421201	-0.409582	-0.522374	-0.550141	-0.406181	-0.419923	-0.532593	-0.461799	-0.481506	-0.516651	-0.416512	-0.428556	-0.378508	-0.521188	-0.480926	-0.467946	-0.489053	-0.443397	-0.534365	-0.535023	-0.389811	-0.410625	-0.435841	-0.404518	-0.496266	-0.433141	-0.546878	-0.493413	-0.402487	-0.592036	-0.387795	-0.419004	-0.518966	-0.470741	-0.34606	-0.535023	-0.392438	-0.537718	-0.427593	-0.581555	-0.387795	-0.424115	-0.566375	-0.394714	-0.443049	-0.535228	-0.533108	-0.41877	-0.435841	-0.427593	-0.478156	-0.470552	-0.523048	-0.519985	-0.482865	-0.438303	-0.448799	-0.471645	-0.424115	-0.421362	-0.443257	-0.446939	-0.576103	-0.419004	-0.421631	-0.454725	-0.387055	-0.592036	-0.566375	-0.518966	-0.42572	-0.449502	-0.535804	-0.550178	-0.483807	-0.370337	-0.562727	-0.489155	-0.485107	-0.489827	-0.403714	-0.464028	-0.403753	-0.457972	-0.570111	-0.431112	-0.443049	-0.431112	-0.412395	-0.404518	-0.394714	-0.574444	-0.585141	-0.46383	-0.401609	-0.405931	-0.418022	-0.50213	-0.403753	-0.555391	-0.454917	-0.387795	-0.404518	-0.416232	-0.5376	-0.42572	-0.448735	-0.425029	-0.446872	-0.592711	-0.587516	-0.426057	-0.465067	-0.432831	-0.451703	-0.448735	-0.544905	-0.394714	-0.582519	-0.409821	-0.403753	-0.387795	-0.449502	-0.5058	-0.535023	-0.414814	-0.414814	-0.482865	-0.550178	-0.561068	-0.410625	-0.406679	-0.585141	-0.486776	-0.591997	-0.587516	-0.439568	-0.587516	-0.529997	-0.438777	-0.493413	-0.523698	-0.380796	-0.584923	-0.587516	-0.50213	-0.411163	-0.450601	-0.402292	-0.416232	-0.486776	-0.41877	-0.416232	-0.471645	-0.51558	-0.372218	-0.437805	-0.550178	-0.404518	-0.482751	-0.50213	-0.550357	-0.418022	-0.392438	-0.394714	-0.44922	-0.447925	-0.387795	-0.479343	-0.536433	-0.585141	-0.454917	-0.449855	-0.576103	-0.402487	-0.459406	-0.523698	-0.34606	-0.370337	-0.486439	-0.471645	-0.387055	-0.414814	-0.466242	-0.545006	-0.556618	-0.459305	-0.587516	-0.438803	-0.371399	-0.437805	-0.403753	-0.492301	-0.472564	-0.420663	-0.416157	-0.459529	-0.582519	-0.57644	-0.443738	-0.592036	-0.424083	-0.493413	-0.566375	-0.433141	-0.630249	-0.396602	-0.630249	-0.524947	-0.426992	-0.434204	-0.446546	-0.422509	-0.592036	-0.496266	-0.545006	-0.448799	-0.387055	-0.40051
74000	intercept	0.516319	0.609717	0.550404	0.562628	0.554383	0.621181	0.643874	0.522607	0.555211	0.503265	0.549656	0.490919	0.563949	0.564721	0.499777	0.558238	0.597793	0.522503	0.519201	0.492916	0.59534	0.530085	0.586308	0.58325	0.522243	0.552318	0.56726	0.600373	0.548755	0.52731	0.541251	0.525736	0.550947	0.515019	0.595556	0.584413	0.560464	0.607479	0.621601	0.569048	0.491072	0.557017	0.528664	0.567426	0.542963	0.670068	0.517913	0.525077	0.581206	0.556028	0.589328	0.538384	0.520419	0.553477	0.58461	0.573484	0.515939	0.661675	0.567647	0.550456	0.590088	0.497039	0.57053	0.578348	0.520727	0.590442	0.55127	0.60127	0.544393	0.586843	0.551683	0.528122	0.617181	0.627999	0.53957	0.560566	0.484391	0.58325	0.566515	0.602025	0.51426	0.569508	0.590026	0.615285	0.626955	0.514825	0.522157	0.57801	0.564948	0.618702	0.525925	0.563785	0.532706	0.497528	0.567426	0.541576	0.527443	0.536642	0.539651	0.516016	0.567922	0.532641	0.630302	0.671325	0.475332	0.647944	0.55276	0.519459	0.538416	0.535022	0.525394	0.564305	0.550102	0.56473	0.607281	0.514993	0.575882	0.484211	0.549844	0.590678	0.57545	0.538006	0.562269	0.553028	0.554719	0.528702	0.571781	0.532424	0.514121	0.525344	0.54566	0.574605	0.57241	0.535139	0.623146	0.533741	0.597146	0.563838	0.537697	0.52291	0.619317	0.579553	0.581373	0.533615	0.47309	0.525268	0.586154	0.496614	0.55373	0.552156	0.602272	0.584922	0.518141	0.535435	0.570699	0.599021	0.506201	0.571554	0.599768	0.605757	0.587292	0.605877	0.486915	0.533217	0.545126	0.620779	0.520057	0.593182	0.52301	0.557751	0.523234	0.561679	0.547155	0.542813	0.538393	0.558641	0.505922	0.547044	0.575223	0.540943	0.554072	0.50509	0.526737	0.570947	0.618661	0.49516	0.50127	0.569233	0.539549	0.587296	0.604487	0.515886	0.509593	0.465674	0.600584	0.521815	0.553971	0.549616	0.544047	0.583894	0.633542	0.473614	0.558722	0.515737	0.537374	0.587717	0.51204	0.634825	0.574637	0.480125	0.603878	0.456666	0.520737	0.631861	0.537414	0.460268	0.633542	0.48087	0.613231	0.524976	0.633351	0.463554	0.545133	0.552963	0.497174	0.531556	0.577019	0.612433	0.533345	0.510344	0.524976	0.572023	0.558869	0.578372	0.570562	0.57728	0.482614	0.522049	0.523389	0.538618	0.539684	0.507079	0.529998	0.671325	0.507079	0.515071	0.541224	0.516808	0.603878	0.552963	0.633192	0.530395	0.535999	0.615543	0.625734	0.571877	0.456456	0.644491	0.56273	0.558869	0.57728	0.504217	0.522049	0.476333	0.520835	0.671325	0.514968	0.531556	0.514968	0.531973	0.537374	0.497174	0.606273	0.677409	0.528448	0.510021	0.49555	0.499489	0.579314	0.469939	0.553817	0.572065	0.45285	0.537374	0.521514	0.633542	0.533694	0.546984	0.534645	0.530361	0.607764	0.655437	0.53274	0.558564	0.566079	0.509597	0.552616	0.667034	0.497174	0.656649	0.49612	0.476333	0.463554	0.535999	0.603018	0.633542	0.538281	0.538281	0.57728	0.620558	0.671325	0.559883	0.515071	0.671325	0.56273	0.659522	0.655437	0.519873	0.655437	0.638308	0.530285	0.574637	0.614238	0.43737	0.585851	0.655437	0.585482	0.49612	0.522049	0.497174	0.52154	0.56273	0.533345	0.524783	0.529862	0.631861	0.478935	0.530285	0.625734	0.531418	0.566343	0.579314	0.610411	0.526802	0.476241	0.497174	0.522049	0.544448	0.456666	0.529862	0.621992	0.671325	0.572065	0.543329	0.671325	0.480125	0.525671	0.614238	0.460268	0.456456	0.578099	0.529862	0.516808	0.528295	0.545942	0.543277	0.558048	0.571269	0.655437	0.522049	0.516808	0.527916	0.469939	0.566343	0.558564	0.529998	0.529244	0.53259	0.653838	0.655437	0.51204	0.603878	0.535465	0.574637	0.552963	0.51204	0.707371	0.483377	0.707371	0.616404	0.545414	0.501501	0.510344	0.469939	0.603878	0.587717	0.543277	0.51853	0.516808	0.493486
75000	slope	-0.444386	-0.477486	-0.423946	-0.510904	-0.50154	-0.439152	-0.502664	-0.415074	-0.424186	-0.451683	-0.447224	-0.486971	-0.496762	-0.568361	-0.387618	-0.49859	-0.408611	-0.422007	-0.427202	-0.406303	-0.481668	-0.451909	-0.510007	-0.397267	-0.564796	-0.445633	-0.452438	-0.474665	-0.49949	-0.446734	-0.414233	-0.432285	-0.522528	-0.395028	-0.382134	-0.401363	-0.439758	-0.431947	-0.488706	-0.377247	-0.497179	-0.506399	-0.574335	-0.428482	-0.423434	-0.396663	-0.518718	-0.426913	-0.523991	-0.419724	-0.485045	-0.513301	-0.492284	-0.395095	-0.400425	-0.502479	-0.396545	-0.390254	-0.511982	-0.469819	-0.428861	-0.489381	-0.41769	-0.466244	-0.406534	-0.570124	-0.412508	-0.513607	-0.384739	-0.479293	-0.506231	-0.413981	-0.487506	-0.449695	-0.432737	-0.390083	-0.452755	-0.546624	-0.415622	-0.448429	-0.362674	-0.449516	-0.43965	-0.436915	-0.4756	-0.398643	-0.474722	-0.421589	-0.393319	-0.508599	-0.428648	-0.511988	-0.398941	-0.421562	-0.468169	-0.483664	-0.5037	-0.530618	-0.466011	-0.445477	-0.451228	-0.419932	-0.45581	-0.40166	-0.437493	-0.446445	-0.408491	-0.421184	-0.421128	-0.470115	-0.494026	-0.481927	-0.434295	-0.590688	-0.392055	-0.392627	-0.434658	-0.492364	-0.421471	-0.439795	-0.482278	-0.377041	-0.505546	-0.476449	-0.430276	-0.409722	-0.542494	-0.413734	-0.47554	-0.42009	-0.416272	-0.581504	-0.40648	-0.40538	-0.580751	-0.490257	-0.397619	-0.530623	-0.432625	-0.42921	-0.496432	-0.495701	-0.514506	-0.409192	-0.411039	-0.489059	-0.399418	-0.549972	-0.432623	-0.402631	-0.418471	-0.497056	-0.57693	-0.400828	-0.481137	-0.396557	-0.46151	-0.511518	-0.424406	-0.512702	-0.398861	-0.422947	-0.431723	-0.422079	-0.411566	-0.415875	-0.44648	-0.491231	-0.483296	-0.397845	-0.427229	-0.494245	-0.455311	-0.391829	-0.494798	-0.474773	-0.442679	-0.415609	-0.51134	-0.408558	-0.479293	-0.490922	-0.487473	-0.389176	-0.381991	-0.393487	-0.466453	-0.473583	-0.445046	-0.485434	-0.486738	-0.510143	-0.491266	-0.479816	-0.415506	-0.508469	-0.435636	-0.406291	-0.418936	-0.393084	-0.420186	-0.508287	-0.459866	-0.55466	-0.409722	-0.403695	-0.406633	-0.42795	-0.393571	-0.402531	-0.409722	-0.555303	-0.485072	-0.562378	-0.619397	-0.425936	-0.514949	-0.415982	-0.589602	-0.409722	-0.388577	-0.432404	-0.589602	-0.412519	-0.462952	-0.426255	-0.567541	-0.37647	-0.467255	-0.462952	-0.39806	-0.420186	-0.473708	-0.420186	-0.400687	-0.399755	-0.444486	-0.428476	-0.595128	-0.378957	-0.562378	-0.431102	-0.418241	-0.534372	-0.440223	-0.419373	-0.432404	-0.610736	-0.459075	-0.57731	-0.376757	-0.45115	-0.401668	-0.377611	-0.625294	-0.586319	-0.433434	-0.407647	-0.58379	-0.396937	-0.459075	-0.512148	-0.409508	-0.443121	-0.405668	-0.42188	-0.445068	-0.39742	-0.504338	-0.477354	-0.400114	-0.461755	-0.504338	-0.582116	-0.559959	-0.427153	-0.445068	-0.483479	-0.4096	-0.415839	-0.409026	-0.525456	-0.399797	-0.412615	-0.427153	-0.408062	-0.576143	-0.389803	-0.406514	-0.492315	-0.414991	-0.620766	-0.377611	-0.412779	-0.412519	-0.485826	-0.443121	-0.441938	-0.565305	-0.426338	-0.465265	-0.52261	-0.415065	-0.562378	-0.374954	-0.409026	-0.385476	-0.544582	-0.610736	-0.599216	-0.409722	-0.489877	-0.443289	-0.41597	-0.51586	-0.419495	-0.393571	-0.39806	-0.500638	-0.404637	-0.580029	-0.480998	-0.504338	-0.425894	-0.426338	-0.438912	-0.473374	-0.405421	-0.376757	-0.389803	-0.390069	-0.459257	-0.437228	-0.525986	-0.443289	-0.402973	-0.463394	-0.415982	-0.37647	-0.490991	-0.403695	-0.620766	-0.485072	-0.384826	-0.43198	-0.377611	-0.610736	-0.427153	-0.406558	-0.405116	-0.39806	-0.388552	-0.620405	-0.52261	-0.490802	-0.507823	-0.504338	-0.589734	-0.640327	-0.586461	-0.445705	-0.443121	-0.485072	-0.393571	-0.62288	-0.445958	-0.417262	-0.432404	-0.449821	-0.416227	-0.419373	-0.489877	-0.585769	-0.461755	-0.51586	-0.42589	-0.404184	-0.442214	-0.555303	-0.450664	-0.453669	-0.56161	-0.610736	-0.424122	-0.436507	-0.586314	-0.362129	-0.565305	-0.443121	-0.407158	-0.420485	-0.378957	-0.409722	-0.378716	-0.490493	-0.500638	-0.388577	-0.439726	-0.416227	-0.432404
75000	intercept	0.548991	0.527599	0.569981	0.612047	0.613356	0.500681	0.57003	0.52162	0.498664	0.573007	0.557682	0.587782	0.608373	0.659281	0.487937	0.57799	0.499588	0.524337	0.553429	0.473934	0.575156	0.513803	0.64021	0.534022	0.642367	0.575554	0.549363	0.560955	0.611288	0.494422	0.487659	0.53222	0.605752	0.526356	0.484513	0.507696	0.559421	0.565314	0.53566	0.516333	0.6054	0.623433	0.63419	0.485407	0.49481	0.52356	0.556396	0.553627	0.573482	0.50192	0.560235	0.557627	0.560785	0.497091	0.498376	0.59639	0.509594	0.519315	0.586794	0.576163	0.543142	0.544572	0.503703	0.553877	0.492462	0.620402	0.504413	0.591365	0.488648	0.579551	0.613426	0.528991	0.591732	0.556315	0.53782	0.493739	0.563958	0.601273	0.503952	0.495838	0.481056	0.554908	0.556818	0.518194	0.574318	0.507027	0.571473	0.516063	0.487799	0.582643	0.54518	0.556396	0.510524	0.518021	0.527251	0.540417	0.633589	0.631918	0.575966	0.499109	0.565661	0.521732	0.537139	0.520421	0.491682	0.535329	0.503911	0.543072	0.541056	0.56625	0.587276	0.513209	0.52091	0.676684	0.509838	0.514795	0.524557	0.537587	0.524598	0.49366	0.565484	0.475377	0.572199	0.582716	0.504347	0.511716	0.64274	0.497123	0.536822	0.499875	0.525338	0.694197	0.483972	0.449303	0.668467	0.561825	0.498806	0.551882	0.550481	0.527164	0.566261	0.587089	0.590089	0.524985	0.47443	0.599247	0.531269	0.62996	0.492075	0.484527	0.502806	0.562836	0.65637	0.537029	0.498045	0.479938	0.507085	0.579895	0.496376	0.589496	0.513464	0.51749	0.509481	0.519204	0.481749	0.547072	0.577665	0.551329	0.596886	0.516334	0.501986	0.557675	0.490547	0.530455	0.570088	0.553872	0.487657	0.532467	0.559911	0.554227	0.579551	0.584225	0.583224	0.490055	0.500042	0.528016	0.561684	0.560202	0.552769	0.576735	0.562685	0.558154	0.592032	0.552757	0.46515	0.622513	0.501876	0.520287	0.531886	0.528112	0.502351	0.587182	0.530878	0.6559	0.511716	0.450851	0.54475	0.568111	0.510978	0.527669	0.511716	0.584458	0.627462	0.662834	0.604614	0.566673	0.600189	0.503425	0.616887	0.492141	0.445659	0.550718	0.616887	0.516818	0.580542	0.511249	0.641961	0.505471	0.516732	0.580542	0.527194	0.483461	0.606421	0.483461	0.454404	0.454992	0.548247	0.521145	0.677827	0.453047	0.63648	0.554406	0.560902	0.651119	0.502351	0.511249	0.550718	0.674279	0.505307	0.652197	0.463554	0.606071	0.417552	0.445282	0.654417	0.670779	0.541394	0.432883	0.627786	0.52873	0.505307	0.622379	0.449089	0.494417	0.499734	0.51398	0.496187	0.510978	0.600189	0.570919	0.530317	0.596412	0.600189	0.65363	0.665999	0.495905	0.496187	0.603435	0.513717	0.527194	0.530317	0.630149	0.496512	0.433863	0.495905	0.50656	0.616887	0.552793	0.53537	0.600189	0.548107	0.639815	0.455812	0.520721	0.527269	0.516591	0.497844	0.502351	0.641961	0.546266	0.600736	0.624644	0.498178	0.667847	0.515855	0.536336	0.508783	0.641961	0.684737	0.611182	0.497654	0.534706	0.568359	0.492141	0.624738	0.554696	0.510978	0.527194	0.634229	0.448772	0.662463	0.603435	0.600189	0.433863	0.533872	0.554696	0.600072	0.55204	0.463554	0.552793	0.511716	0.56109	0.495905	0.618904	0.572069	0.514918	0.50671	0.503425	0.50862	0.596833	0.436957	0.639815	0.62781	0.517866	0.57432	0.454432	0.662184	0.499043	0.530317	0.510073	0.527194	0.485243	0.639815	0.622646	0.593733	0.587182	0.600189	0.713559	0.617756	0.651746	0.508244	0.496187	0.647313	0.510978	0.654417	0.58961	0.510978	0.550718	0.494417	0.522775	0.511249	0.534706	0.70335	0.590723	0.624738	0.502351	0.467824	0.480896	0.58196	0.54561	0.627462	0.58196	0.684737	0.493002	0.49539	0.662463	0.512358	0.641961	0.494417	0.540283	0.530317	0.433849	0.495072	0.515855	0.600189	0.634229	0.448277	0.565954	0.522775	0.550718
76000	slope	-0.430047	-0.516834	-0.403307	-0.525011	-0.559176	-0.434479	-0.425066	-0.422657	-0.424348	-0.498253	-0.512599	-0.51735	-0.443608	-0.448514	-0.44762	-0.464784	-0.461406	-0.437123	-0.415464	-0.541001	-0.43418	-0.386327	-0.417955	-0.411411	-0.514346	-0.430812	-0.52015	-0.465079	-0.534537	-0.455333	-0.442106	-0.479163	-0.419008	-0.457749	-0.438731	-0.455633	-0.509161	-0.412682	-0.519841	-0.39808	-0.590489	-0.507374	-0.400693	-0.522304	-0.500954	-0.433753	-0.49136	-0.511171	-0.399642	-0.413506	-0.421748	-0.424472	-0.500811	-0.415819	-0.522225	-0.425055	-0.469191	-0.522547	-0.574704	-0.431892	-0.448196	-0.465395	-0.489887	-0.406023	-0.522441	-0.503032	-0.435854	-0.456305	-0.406889	-0.433069	-0.475419	-0.461959	-0.535599	-0.44901	-0.536508	-0.529623	-0.467662	-0.457217	-0.576165	-0.511864	-0.508417	-0.440833	-0.430196	-0.398351	-0.53062	-0.506796	-0.411897	-0.386314	-0.421551	-0.477798	-0.422982	-0.530519	-0.584233	-0.493029	-0.51434	-0.419943	-0.474024	-0.430325	-0.420146	-0.532794	-0.386628	-0.58496	-0.450781	-0.508591	-0.479579	-0.429809	-0.388087	-0.47181	-0.425218	-0.428564	-0.406806	-0.458559	-0.445864	-0.501328	-0.403988	-0.424535	-0.548637	-0.501914	-0.438793	-0.438858	-0.603066	-0.49521	-0.410918	-0.478472	-0.538221	-0.421259	-0.42031	-0.528388	-0.465836	-0.428375	-0.427546	-0.41413	-0.431578	-0.394131	-0.397941	-0.432501	-0.547979	-0.436322	-0.427734	-0.45843	-0.419586	-0.481391	-0.402332	-0.503167	-0.499952	-0.392532	-0.400881	-0.508692	-0.49367	-0.507322	-0.545999	-0.58641	-0.521695	-0.415953	-0.446924	-0.458329	-0.439356	-0.449441	-0.45502	-0.522482	-0.511167	-0.512411	-0.44324	-0.433651	-0.45268	-0.599389	-0.433027	-0.443465	-0.509617	-0.385681	-0.439445	-0.393	-0.416025	-0.518048	-0.532005	-0.393904	-0.444853	-0.46425	-0.389747	-0.400555	-0.454001	-0.412177	-0.45923	-0.420381	-0.505956	-0.457094	-0.438542	-0.506965	-0.561553	-0.434051	-0.504935	-0.46303	-0.471799	-0.403144	-0.411475	-0.426725	-0.493794	-0.516384	-0.425127	-0.434441	-0.420942	-0.569328	-0.4563	-0.44942	-0.427828	-0.408652	-0.455194	-0.599982	-0.395103	-0.418263	-0.448813	-0.595673	-0.418401	-0.438858	-0.412253	-0.430709	-0.413525	-0.390531	-0.453038	-0.405648	-0.468013	-0.496326	-0.357524	-0.413972	-0.60494	-0.389994	-0.476144	-0.464844	-0.428625	-0.457839	-0.478248	-0.476144	-0.42504	-0.481506	-0.538493	-0.457839	-0.551283	-0.576364	-0.585304	-0.391915	-0.445692	-0.413205	-0.417402	-0.384467	-0.4929	-0.467876	-0.599982	-0.599367	-0.416198	-0.58322	-0.428625	-0.428625	-0.496326	-0.438137	-0.42072	-0.384467	-0.384467	-0.468013	-0.412121	-0.427828	-0.467217	-0.413205	-0.427828	-0.392626	-0.467217	-0.418342	-0.595673	-0.405648	-0.41415	-0.480618	-0.444223	-0.548637	-0.595673	-0.417402	-0.366407	-0.402038	-0.429016	-0.445944	-0.431832	-0.457839	-0.432819	-0.443149	-0.602382	-0.599367	-0.374475	-0.595125	-0.496326	-0.438137	-0.595673	-0.437934	-0.458535	-0.432094	-0.443654	-0.427436	-0.583214	-0.569939	-0.440941	-0.406599	-0.492505	-0.58322	-0.444223	-0.595673	-0.396736	-0.603106	-0.432729	-0.45148	-0.411954	-0.417402	-0.390857	-0.570921	-0.445926	-0.459605	-0.369034	-0.415126	-0.408991	-0.413205	-0.395516	-0.413205	-0.588156	-0.471903	-0.390857	-0.39316	-0.45148	-0.448641	-0.428498	-0.399107	-0.369034	-0.374475	-0.548637	-0.398781	-0.422197	-0.476724	-0.432819	-0.438858	-0.558901	-0.422197	-0.383804	-0.435816	-0.401486	-0.423562	-0.480618	-0.411218	-0.444013	-0.551283	-0.579968	-0.428625	-0.602036	-0.438769	-0.595673	-0.579968	-0.507485	-0.411218	-0.401486	-0.417402	-0.363896	-0.463969	-0.483576	-0.579968	-0.471634	-0.42488	-0.463489	-0.368384	-0.599982	-0.383834	-0.507485	-0.401486	-0.383804	-0.411218	-0.515054	-0.424071	-0.444016	-0.432991	-0.457861	-0.471903	-0.418342	-0.406466	-0.585304	-0.444223	-0.444013	-0.413084	-0.374475	-0.417402	-0.424778	-0.406599	-0.401423	-0.429636	-0.457839	-0.404356	-0.417402	-0.419379	-0.42071	-0.457839	-0.390531	-0.429525	-0.363896	-0.468013	-0.405648	-0.436866	-0.457649	-0.411747
76000	intercept	0.498701	0.586317	0.523025	0.593043	0.641251	0.503629	0.506387	0.518728	0.532248	0.547988	0.601105	0.59448	0.519411	0.577482	0.535138	0.517259	0.546069	0.526692	0.508251	0.633095	0.510601	0.526374	0.532448	0.464856	0.549664	0.531926	0.596085	0.566906	0.590367	0.555641	0.509255	0.585268	0.50199	0.526637	0.518841	0.524213	0.568912	0.538151	0.595173	0.506538	0.6434	0.547826	0.516301	0.573566	0.564698	0.524119	0.582096	0.573552	0.502813	0.507638	0.507384	0.504315	0.598236	0.541662	0.564457	0.519561	0.548205	0.613985	0.632315	0.509127	0.529795	0.536147	0.553788	0.49806	0.572129	0.611242	0.549741	0.509809	0.53766	0.514917	0.572287	0.535039	0.593748	0.499543	0.593372	0.607117	0.524263	0.567536	0.654218	0.591872	0.619513	0.477859	0.502504	0.533486	0.594579	0.598204	0.510876	0.49324	0.48538	0.586441	0.505064	0.599451	0.63382	0.566813	0.63823	0.546995	0.515214	0.523189	0.543084	0.583933	0.484621	0.672613	0.53857	0.587925	0.538852	0.562254	0.518091	0.557255	0.568129	0.522009	0.491229	0.511026	0.516638	0.534385	0.515513	0.501599	0.650863	0.611483	0.553402	0.501432	0.66163	0.585008	0.507329	0.50776	0.57998	0.518989	0.508547	0.598009	0.590865	0.536279	0.491827	0.503739	0.507835	0.509447	0.522025	0.531088	0.638612	0.531495	0.519492	0.537031	0.56692	0.561026	0.501903	0.58724	0.578988	0.514706	0.519785	0.585781	0.585538	0.591791	0.600953	0.635453	0.602294	0.486068	0.518376	0.497479	0.503464	0.499594	0.523637	0.591655	0.581583	0.592133	0.546438	0.530127	0.535477	0.650683	0.526922	0.551741	0.62817	0.523078	0.541094	0.552992	0.481601	0.587536	0.596433	0.521447	0.509873	0.555877	0.511021	0.510057	0.544003	0.512498	0.536857	0.538256	0.598741	0.524678	0.562135	0.573227	0.620234	0.561377	0.58442	0.53665	0.579153	0.53074	0.547136	0.501355	0.601938	0.632607	0.513425	0.531308	0.48333	0.601179	0.523501	0.55244	0.599555	0.478051	0.561516	0.665658	0.541628	0.490785	0.547059	0.67417	0.484307	0.574723	0.51006	0.630311	0.535055	0.430456	0.533698	0.503711	0.582161	0.532447	0.50405	0.496995	0.665658	0.510786	0.514255	0.517493	0.527904	0.552911	0.508404	0.514255	0.546296	0.523747	0.628818	0.552911	0.66684	0.656046	0.618549	0.52604	0.491315	0.521144	0.491507	0.511354	0.541307	0.48044	0.672154	0.67417	0.5235	0.63422	0.527904	0.527904	0.532447	0.507833	0.484307	0.492958	0.492958	0.582161	0.506599	0.602732	0.536245	0.521144	0.599555	0.547871	0.536245	0.586377	0.678125	0.503711	0.519673	0.508404	0.582406	0.650863	0.67417	0.500533	0.515624	0.569924	0.572802	0.477729	0.603858	0.552911	0.506269	0.498541	0.593128	0.67417	0.476075	0.67417	0.532447	0.533567	0.67417	0.61792	0.552911	0.544477	0.489823	0.57788	0.666029	0.679568	0.532804	0.537027	0.594341	0.649782	0.582406	0.669927	0.463388	0.636979	0.530442	0.541085	0.475213	0.500533	0.511585	0.665658	0.552911	0.506604	0.482282	0.538528	0.475601	0.521144	0.492986	0.521144	0.649782	0.520679	0.511585	0.538693	0.539178	0.558843	0.571743	0.519523	0.482282	0.488527	0.650863	0.484307	0.563897	0.488025	0.506269	0.571743	0.634344	0.563897	0.537027	0.500282	0.491232	0.590438	0.508404	0.537027	0.528431	0.66684	0.614993	0.544178	0.600089	0.492005	0.67417	0.618549	0.568194	0.537027	0.494706	0.508898	0.476075	0.514255	0.512356	0.616509	0.522052	0.540813	0.50111	0.518707	0.66962	0.516932	0.580144	0.491232	0.537027	0.537027	0.556383	0.509327	0.532994	0.546296	0.520213	0.523747	0.586377	0.505323	0.618549	0.582406	0.528431	0.537796	0.476075	0.524296	0.606119	0.534592	0.507966	0.493963	0.552911	0.514959	0.491507	0.590438	0.481446	0.552911	0.456924	0.523943	0.445202	0.582161	0.493998	0.618466	0.565927	0.503711
77000	slope	-0.569323	-0.505288	-0.486218	-0.490127	-0.472332	-0.4296	-0.570424	-0.407503	-0.475283	-0.382812	-0.46591	-0.572449	-0.443159	-0.521978	-0.538319	-0.392941	-0.425697	-0.53607	-0.423303	-0.541492	-0.559801	-0.572656	-0.423614	-0.567274	-0.49647	-0.382243	-0.568777	-0.495629	-0.530797	-0.460152	-0.47715	-0.490338	-0.402735	-0.513282	-0.518581	-0.410403	-0.499629	-0.430146	-0.498292	-0.525958	-0.370988	-0.580393	-0.440533	-0.408973	-0.572235	-0.44908	-0.42191	-0.48755	-0.490791	-0.42221	-0.429351	-0.477985	-0.49336	-0.483918	-0.382812	-0.405132	-0.457488	-0.504795	-0.375695	-0.494981	-0.504247	-0.420367	-0.501055	-0.473002	-0.571323	-0.499517	-0.465695	-0.459032	-0.487225	-0.592875	-0.486748	-0.428627	-0.408225	-0.49038	-0.456563	-0.497741	-0.414435	-0.403372	-0.43052	-0.415205	-0.438138	-0.411838	-0.434932	-0.40076	-0.481408	-0.515314	-0.503112	-0.445455	-0.413087	-0.495527	-0.497234	-0.463093	-0.427266	-0.389194	-0.490045	-0.560299	-0.556206	-0.465009	-0.522986	-0.520288	-0.513704	-0.390269	-0.447209	-0.454207	-0.466789	-0.512806	-0.462338	-0.506209	-0.45221	-0.505657	-0.465116	-0.411981	-0.538101	-0.589896	-0.527276	-0.516499	-0.475086	-0.505013	-0.521012	-0.466531	-0.521877	-0.414721	-0.481711	-0.582359	-0.56754	-0.494863	-0.441417	-0.387822	-0.484114	-0.420482	-0.464066	-0.493055	-0.488902	-0.571344	-0.515028	-0.505192	-0.50289	-0.425576	-0.474153	-0.494291	-0.563149	-0.583592	-0.366225	-0.544848	-0.535811	-0.561117	-0.56666	-0.508394	-0.440273	-0.541097	-0.425785	-0.38758	-0.506605	-0.5817	-0.389056	-0.412109	-0.470008	-0.511914	-0.517242	-0.445302	-0.501839	-0.412222	-0.47111	-0.60552	-0.577388	-0.514536	-0.500061	-0.573753	-0.513046	-0.505113	-0.479829	-0.585897	-0.588187	-0.494723	-0.583788	-0.556206	-0.504424	-0.504294	-0.561823	-0.460654	-0.407124	-0.435257	-0.421281	-0.430093	-0.427762	-0.434236	-0.501768	-0.527047	-0.480669	-0.575051	-0.512364	-0.499439	-0.595363	-0.576501	-0.519463	-0.479145	-0.517215	-0.512926	-0.525707	-0.40868	-0.419303	-0.575215	-0.343514	-0.420858	-0.484771	-0.561449	-0.436987	-0.435299	-0.464935	-0.469743	-0.464935	-0.403513	-0.569097	-0.462125	-0.423116	-0.35682	-0.468666	-0.413949	-0.366417	-0.508637	-0.421715	-0.575513	-0.422944	-0.35682	-0.430086	-0.537196	-0.394193	-0.403776	-0.575863	-0.421715	-0.581037	-0.57023	-0.60222	-0.40626	-0.484674	-0.419323	-0.44821	-0.461602	-0.551527	-0.419323	-0.561339	-0.409916	-0.412357	-0.364316	-0.581037	-0.573678	-0.532104	-0.407402	-0.3689	-0.456515	-0.394637	-0.456515	-0.590756	-0.423692	-0.435209	-0.585787	-0.537196	-0.423818	-0.506149	-0.581037	-0.537196	-0.537196	-0.420858	-0.405103	-0.575513	-0.409474	-0.482543	-0.371217	-0.561844	-0.426168	-0.455418	-0.435209	-0.379897	-0.575215	-0.385866	-0.584954	-0.584807	-0.60918	-0.556508	-0.432129	-0.581462	-0.428408	-0.506149	-0.380617	-0.445551	-0.426168	-0.60265	-0.413389	-0.568409	-0.570049	-0.435209	-0.413949	-0.452413	-0.417753	-0.561449	-0.577088	-0.482543	-0.391193	-0.446371	-0.590431	-0.387124	-0.60918	-0.422705	-0.577688	-0.60918	-0.435299	-0.452172	-0.520979	-0.394637	-0.429038	-0.371217	-0.41815	-0.429089	-0.559642	-0.394637	-0.559642	-0.563321	-0.394637	-0.563432	-0.468443	-0.491758	-0.550964	-0.427172	-0.589543	-0.456515	-0.426915	-0.428408	-0.416496	-0.419323	-0.57956	-0.420858	-0.581462	-0.585636	-0.402589	-0.456515	-0.381778	-0.60222	-0.379897	-0.455418	-0.465246	-0.561449	-0.581101	-0.595292	-0.552239	-0.583169	-0.593968	-0.568225	-0.564091	-0.413949	-0.381778	-0.435299	-0.581101	-0.477562	-0.442302	-0.482543	-0.394637	-0.405671	-0.561449	-0.550964	-0.439485	-0.575215	-0.440733	-0.561449	-0.577088	-0.41462	-0.408013	-0.544808	-0.436987	-0.593251	-0.568409	-0.575017	-0.360197	-0.360197	-0.581101	-0.564498	-0.570541	-0.542915	-0.577688	-0.634117	-0.402235	-0.388331	-0.563432	-0.417753	-0.501456	-0.561449	-0.381778	-0.379897	-0.595889	-0.57212	-0.51448	-0.495461	-0.429038	-0.405671	-0.372297	-0.542915	-0.445551	-0.570049	-0.57023	-0.387728	-0.559642
77000	intercept	0.603513	0.572721	0.574175	0.596002	0.520704	0.525533	0.662026	0.486899	0.569619	0.474417	0.534018	0.636011	0.500507	0.613603	0.577704	0.477746	0.494771	0.583196	0.508551	0.568345	0.604537	0.614681	0.500089	0.655228	0.604217	0.460139	0.630282	0.577649	0.601345	0.508299	0.553165	0.528303	0.5023	0.611696	0.595617	0.514592	0.566281	0.503355	0.583975	0.604092	0.474934	0.63975	0.502984	0.553364	0.602982	0.479688	0.490541	0.536837	0.572171	0.551687	0.526185	0.578693	0.596536	0.534286	0.471338	0.500047	0.532537	0.612482	0.507087	0.553238	0.584749	0.495924	0.575817	0.52511	0.662993	0.553694	0.54538	0.535835	0.543871	0.602825	0.575814	0.534251	0.493541	0.539668	0.557067	0.573984	0.536877	0.480192	0.509075	0.535655	0.527435	0.495654	0.538519	0.471188	0.53761	0.561652	0.556363	0.53783	0.500443	0.549842	0.573697	0.573992	0.484712	0.486529	0.572874	0.659504	0.641284	0.564239	0.567393	0.579617	0.581845	0.480245	0.512859	0.531982	0.557276	0.581689	0.482376	0.58771	0.539921	0.533167	0.545081	0.542531	0.600534	0.643811	0.574535	0.590123	0.580314	0.595438	0.585977	0.53095	0.541744	0.51244	0.561188	0.600845	0.626459	0.574756	0.526404	0.479156	0.567641	0.514268	0.574131	0.539739	0.582527	0.655232	0.60792	0.576804	0.5954	0.511728	0.54443	0.585265	0.643068	0.626466	0.470201	0.575769	0.576327	0.644111	0.595994	0.606566	0.505084	0.557202	0.490174	0.521013	0.560804	0.648289	0.550202	0.498952	0.542208	0.594607	0.567288	0.514852	0.560145	0.510279	0.554695	0.676126	0.614477	0.593597	0.537887	0.642557	0.550657	0.57009	0.522815	0.629163	0.634768	0.561032	0.660972	0.596887	0.587342	0.603227	0.661477	0.531924	0.502123	0.511932	0.464341	0.527751	0.53819	0.507548	0.575089	0.585766	0.558527	0.648453	0.596123	0.600628	0.637539	0.63381	0.629298	0.547106	0.541248	0.565582	0.615757	0.466149	0.500684	0.607708	0.463774	0.516927	0.512776	0.645211	0.518281	0.514151	0.546968	0.530758	0.546968	0.41763	0.613045	0.523341	0.533176	0.466621	0.535398	0.527184	0.487402	0.545711	0.539613	0.689662	0.526081	0.468307	0.526544	0.596029	0.494731	0.475885	0.677653	0.53409	0.616721	0.575196	0.605519	0.565765	0.535398	0.467688	0.565728	0.503171	0.623012	0.467688	0.601671	0.464542	0.50114	0.462546	0.599237	0.578942	0.683958	0.528835	0.473886	0.539534	0.487001	0.550333	0.659089	0.526081	0.501736	0.593981	0.596029	0.499681	0.500211	0.616721	0.596029	0.596029	0.516927	0.488817	0.691438	0.555616	0.530758	0.467935	0.603108	0.542817	0.545406	0.51474	0.470255	0.593981	0.462467	0.672785	0.636293	0.666975	0.627569	0.494537	0.636293	0.517786	0.495504	0.490887	0.529969	0.542817	0.657602	0.463879	0.652856	0.675482	0.51474	0.520499	0.522125	0.492167	0.645211	0.615464	0.530758	0.555491	0.550031	0.674737	0.555616	0.684277	0.53409	0.649753	0.686008	0.502876	0.536455	0.555557	0.486368	0.483473	0.467935	0.526197	0.557974	0.613045	0.486368	0.613045	0.665146	0.486368	0.618145	0.535768	0.570726	0.637357	0.516927	0.649158	0.536455	0.526081	0.517786	0.599523	0.467688	0.634973	0.50754	0.636293	0.646645	0.524385	0.550333	0.482081	0.605519	0.470255	0.545406	0.560914	0.645211	0.672473	0.656462	0.607894	0.600204	0.659089	0.604377	0.691438	0.527184	0.487402	0.497311	0.672473	0.537713	0.536455	0.530758	0.487114	0.567861	0.645211	0.637357	0.532874	0.593981	0.543055	0.645211	0.620925	0.564506	0.558145	0.678476	0.518281	0.649158	0.652856	0.587753	0.458684	0.462467	0.672473	0.634973	0.658001	0.639941	0.649753	0.657602	0.488817	0.488817	0.613045	0.492167	0.519948	0.645211	0.487402	0.470255	0.649158	0.636293	0.543831	0.519948	0.483473	0.567861	0.493138	0.639941	0.533527	0.675482	0.595134	0.487402	0.613045
78000	slope	-0.455553	-0.528733	-0.39422	-0.476791	-0.563472	-0.50146	-0.401673	-0.395621	-0.410102	-0.382043	-0.392203	-0.414815	-0.464597	-0.500026	-0.39585	-0.388441	-0.484999	-0.414421	-0.528754	-0.407629	-0.4089	-0.493458	-0.396607	-0.512258	-0.468039	-0.525639	-0.47753	-0.568263	-0.594414	-0.408574	-0.391421	-0.490159	-0.563661	-0.559588	-0.374196	-0.404944	-0.55101	-0.485765	-0.529684	-0.389545	-0.49946	-0.486017	-0.515063	-0.545608	-0.416078	-0.491812	-0.445031	-0.486769	-0.426124	-0.42643	-0.490791	-0.495473	-0.497954	-0.453781	-0.491185	-0.389527	-0.406529	-0.380738	-0.488747	-0.404147	-0.393111	-0.580172	-0.558722	-0.503346	-0.406902	-0.404068	-0.539648	-0.531383	-0.456796	-0.438069	-0.477894	-0.391708	-0.563612	-0.516251	-0.369763	-0.574104	-0.459796	-0.42647	-0.428221	-0.406626	-0.581376	-0.4115	-0.482925	-0.498078	-0.510304	-0.415455	-0.425742	-0.460005	-0.560757	-0.514984	-0.594614	-0.518836	-0.374219	-0.445279	-0.569878	-0.46072	-0.499257	-0.395292	-0.574709	-0.410864	-0.576408	-0.477013	-0.537344	-0.502	-0.487044	-0.558144	-0.51849	-0.587615	-0.382816	-0.548588	-0.395565	-0.413618	-0.395162	-0.473979	-0.498579	-0.489553	-0.416962	-0.408379	-0.427703	-0.485142	-0.458835	-0.501702	-0.493549	-0.553377	-0.579428	-0.433994	-0.463159	-0.44127	-0.594844	-0.506888	-0.383679	-0.57774	-0.431781	-0.599603	-0.37061	-0.486493	-0.505474	-0.412542	-0.456028	-0.398719	-0.567756	-0.411755	-0.497285	-0.430131	-0.499506	-0.452488	-0.463344	-0.468658	-0.403062	-0.380119	-0.499112	-0.525962	-0.520916	-0.489768	-0.403265	-0.471067	-0.388252	-0.403148	-0.586166	-0.545637	-0.403416	-0.427605	-0.500939	-0.543973	-0.501907	-0.448594	-0.503732	-0.410589	-0.498119	-0.479786	-0.399349	-0.556147	-0.510837	-0.489116	-0.431386	-0.442207	-0.461798	-0.435846	-0.47965	-0.50337	-0.432145	-0.478267	-0.464755	-0.376242	-0.46865	-0.404777	-0.483909	-0.37227	-0.411559	-0.47811	-0.477408	-0.399191	-0.500808	-0.392983	-0.478353	-0.585799	-0.471367	-0.443408	-0.490714	-0.408758	-0.420082	-0.589208	-0.556147	-0.564073	-0.431565	-0.549644	-0.438126	-0.449029	-0.594073	-0.410448	-0.392892	-0.3875	-0.384143	-0.566216	-0.372524	-0.375603	-0.613482	-0.388254	-0.400936	-0.435561	-0.594616	-0.564473	-0.433004	-0.544089	-0.563897	-0.591619	-0.575939	-0.542515	-0.413952	-0.566216	-0.462069	-0.365324	-0.350404	-0.369583	-0.383392	-0.555166	-0.442211	-0.39202	-0.387977	-0.597473	-0.560347	-0.3875	-0.416623	-0.380054	-0.394933	-0.377634	-0.51308	-0.55712	-0.555793	-0.401491	-0.538238	-0.393432	-0.562058	-0.405502	-0.386398	-0.451886	-0.467785	-0.412574	-0.551044	-0.391855	-0.409141	-0.388254	-0.393055	-0.389604	-0.458997	-0.407461	-0.370573	-0.445049	-0.577991	-0.3875	-0.572743	-0.566216	-0.413952	-0.444529	-0.543439	-0.433004	-0.402799	-0.585578	-0.591619	-0.570264	-0.58361	-0.556147	-0.38846	-0.569678	-0.593516	-0.566216	-0.383659	-0.445049	-0.462069	-0.416623	-0.345797	-0.397988	-0.402013	-0.560347	-0.386724	-0.386165	-0.521585	-0.374552	-0.561836	-0.416579	-0.589208	-0.545534	-0.553516	-0.435604	-0.542113	-0.391049	-0.38224	-0.384143	-0.435561	-0.527438	-0.436417	-0.387867	-0.418605	-0.543385	-0.410729	-0.585578	-0.527438	-0.583801	-0.515537	-0.583114	-0.520308	-0.542515	-0.545534	-0.407821	-0.381044	-0.456082	-0.416579	-0.403316	-0.39585	-0.603587	-0.400936	-0.581067	-0.554033	-0.425144	-0.386724	-0.408344	-0.394933	-0.407821	-0.547127	-0.555973	-0.425575	-0.383392	-0.416784	-0.443511	-0.578869	-0.411187	-0.545534	-0.459022	-0.541901	-0.388719	-0.386724	-0.581795	-0.387977	-0.449029	-0.592818	-0.430818	-0.434728	-0.40963	-0.375603	-0.412574	-0.375603	-0.570264	-0.564243	-0.389604	-0.521585	-0.563897	-0.395298	-0.391049	-0.555166	-0.394744	-0.374552	-0.556147	-0.581795	-0.578869	-0.458772	-0.386724	-0.584911	-0.372524	-0.591579	-0.542515	-0.547459	-0.407154	-0.421464	-0.3875	-0.435561	-0.414636	-0.398287	-0.544089	-0.442211	-0.566504	-0.527438	-0.544089	-0.374552	-0.543385	-0.44089	-0.578869	-0.374552	-0.418289	-0.402206	-0.431866
78000	intercept	0.539656	0.593191	0.546402	0.559313	0.620454	0.56774	0.476091	0.505242	0.475055	0.458403	0.495139	0.527988	0.550698	0.565084	0.469095	0.545533	0.560827	0.505037	0.60162	0.464502	0.485269	0.593281	0.512687	0.615747	0.555689	0.608282	0.55896	0.628219	0.590942	0.496684	0.507536	0.550934	0.633956	0.60024	0.47261	0.501508	0.593067	0.577535	0.612137	0.499666	0.562606	0.568688	0.616373	0.584334	0.490088	0.579676	0.548016	0.560919	0.529599	0.527976	0.576428	0.580294	0.580351	0.541497	0.561495	0.467457	0.468068	0.511706	0.55081	0.50609	0.467724	0.64188	0.637086	0.616312	0.496313	0.50229	0.624805	0.524794	0.567423	0.559095	0.57123	0.503225	0.627878	0.566234	0.462873	0.619251	0.510936	0.527042	0.51443	0.506224	0.604744	0.514368	0.54083	0.527339	0.585625	0.521358	0.530655	0.586226	0.619851	0.581613	0.671825	0.606134	0.46064	0.52549	0.62777	0.545926	0.524925	0.462247	0.660203	0.483767	0.626416	0.599846	0.638194	0.57305	0.596029	0.626976	0.613342	0.646395	0.454878	0.602949	0.490268	0.467472	0.488698	0.553942	0.591859	0.555193	0.50477	0.47955	0.522844	0.573658	0.547635	0.571531	0.605735	0.615301	0.635057	0.530169	0.553516	0.513054	0.63987	0.609104	0.454593	0.605291	0.54781	0.654495	0.473513	0.595071	0.557237	0.504092	0.512718	0.51801	0.633428	0.538283	0.58355	0.518227	0.609807	0.539332	0.550606	0.511495	0.460765	0.462293	0.566812	0.593206	0.610177	0.570419	0.484487	0.528472	0.460232	0.505926	0.626771	0.623231	0.482515	0.534403	0.550591	0.612482	0.549316	0.586682	0.604505	0.527087	0.568791	0.554302	0.504027	0.613974	0.577798	0.555541	0.520296	0.539575	0.550663	0.509267	0.564435	0.573426	0.534464	0.533864	0.534483	0.47876	0.533081	0.493626	0.52764	0.476113	0.507388	0.52758	0.562789	0.487741	0.568073	0.48513	0.536356	0.64937	0.530792	0.517117	0.539113	0.492688	0.485791	0.663128	0.627017	0.61623	0.549892	0.585954	0.533567	0.488775	0.688524	0.502977	0.483486	0.481768	0.483268	0.624848	0.478834	0.561206	0.654248	0.462982	0.471254	0.525224	0.574838	0.595615	0.51156	0.608234	0.613907	0.653865	0.621449	0.61731	0.527007	0.624596	0.553436	0.482966	0.46558	0.478547	0.465826	0.565831	0.515498	0.435165	0.483486	0.653314	0.628758	0.484087	0.471824	0.442733	0.478287	0.481761	0.625013	0.641048	0.629687	0.527734	0.642779	0.438202	0.592313	0.472903	0.50472	0.581699	0.54426	0.51156	0.613907	0.469055	0.486365	0.466823	0.534155	0.58327	0.504166	0.459799	0.501342	0.511549	0.659069	0.459616	0.625699	0.60963	0.527805	0.533505	0.595413	0.51156	0.559375	0.612461	0.653865	0.648936	0.636128	0.611776	0.58327	0.667158	0.661834	0.624848	0.466113	0.511549	0.553436	0.485359	0.460274	0.486773	0.471254	0.621158	0.462448	0.481006	0.63921	0.457763	0.660585	0.522773	0.663128	0.633818	0.653316	0.459799	0.59969	0.486365	0.442733	0.49038	0.529513	0.660825	0.495563	0.454747	0.435023	0.631982	0.567684	0.613874	0.689783	0.653865	0.641079	0.648217	0.616529	0.61731	0.61731	0.547639	0.520087	0.481061	0.522773	0.48957	0.459611	0.696306	0.489467	0.614815	0.613907	0.556912	0.466823	0.478441	0.478287	0.547639	0.560435	0.585042	0.550872	0.469205	0.51156	0.512919	0.661271	0.56775	0.633969	0.581699	0.608234	0.464024	0.462448	0.675468	0.48626	0.488775	0.62567	0.493402	0.526426	0.529796	0.561206	0.51156	0.534155	0.648936	0.641048	0.58327	0.63921	0.638825	0.541205	0.486365	0.565831	0.447601	0.457763	0.619412	0.675468	0.661271	0.506034	0.485308	0.651736	0.483261	0.676632	0.61731	0.613907	0.485359	0.487847	0.469055	0.527805	0.467429	0.449753	0.608234	0.526278	0.617907	0.642154	0.608234	0.457763	0.624596	0.511549	0.661271	0.457763	0.522446	0.449154	0.459799
79000	slope	-0.493697	-0.510747	-0.565394	-0.485884	-0.39766	-0.579636	-0.418573	-0.511867	-0.477746	-0.404174	-0.472161	-0.480143	-0.503329	-0.405961	-0.491988	-0.412335	-0.464084	-0.490187	-0.533198	-0.375498	-0.581574	-0.515479	-0.402466	-0.419838	-0.374162	-0.487348	-0.572568	-0.382726	-0.403965	-0.456831	-0.476192	-0.484238	-0.412395	-0.403149	-0.521138	-0.475057	-0.512033	-0.557202	-0.420213	-0.485245	-0.555474	-0.550251	-0.41465	-0.400164	-0.412403	-0.471807	-0.493011	-0.57263	-0.515866	-0.398189	-0.477455	-0.435174	-0.508593	-0.502981	-0.390077	-0.481312	-0.587191	-0.412661	-0.428299	-0.450892	-0.438867	-0.432654	-0.385424	-0.460998	-0.509881	-0.49339	-0.410477	-0.580388	-0.426082	-0.483874	-0.484448	-0.504605	-0.526831	-0.464392	-0.562213	-0.379113	-0.382932	-0.417715	-0.466984	-0.455934	-0.440939	-0.497781	-0.443283	-0.411215	-0.392444	-0.457418	-0.482575	-0.479182	-0.504045	-0.478768	-0.512264	-0.456814	-0.446283	-0.428189	-0.41619	-0.528257	-0.477997	-0.57052	-0.495693	-0.580168	-0.468639	-0.394491	-0.518729	-0.511555	-0.440688	-0.507447	-0.486184	-0.484122	-0.480879	-0.525786	-0.501029	-0.414711	-0.563934	-0.38555	-0.409961	-0.486328	-0.412362	-0.498505	-0.402514	-0.492617	-0.578561	-0.487434	-0.433663	-0.416529	-0.413967	-0.414413	-0.492887	-0.574409	-0.391861	-0.477249	-0.476057	-0.496303	-0.582413	-0.394349	-0.491602	-0.498033	-0.386404	-0.41322	-0.51561	-0.429699	-0.480268	-0.43537	-0.404177	-0.427606	-0.500906	-0.41619	-0.411051	-0.490815	-0.528056	-0.41487	-0.493023	-0.392356	-0.516037	-0.500273	-0.403081	-0.490958	-0.447721	-0.436341	-0.494675	-0.489256	-0.467796	-0.482338	-0.474003	-0.415395	-0.499697	-0.479193	-0.494817	-0.419707	-0.411507	-0.41111	-0.486927	-0.385165	-0.388696	-0.579197	-0.40783	-0.546824	-0.424503	-0.401292	-0.411743	-0.483283	-0.450931	-0.482569	-0.472809	-0.567401	-0.416507	-0.425951	-0.506845	-0.424785	-0.485155	-0.508309	-0.560692	-0.496951	-0.495149	-0.479856	-0.508958	-0.439149	-0.400822	-0.391883	-0.424785	-0.484272	-0.383241	-0.600563	-0.439119	-0.369067	-0.381374	-0.397013	-0.391684	-0.407666	-0.412718	-0.536688	-0.441404	-0.59471	-0.405512	-0.567848	-0.427225	-0.4393	-0.599468	-0.584656	-0.369067	-0.4353	-0.377786	-0.520509	-0.420295	-0.403921	-0.393734	-0.594134	-0.590975	-0.420295	-0.425767	-0.393175	-0.412718	-0.34322	-0.573173	-0.373735	-0.393452	-0.523576	-0.403016	-0.546742	-0.540897	-0.448236	-0.436248	-0.567848	-0.426449	-0.403844	-0.385747	-0.584475	-0.565114	-0.574119	-0.572169	-0.585682	-0.567848	-0.425767	-0.576046	-0.377786	-0.420295	-0.59471	-0.381374	-0.385308	-0.475718	-0.382711	-0.402843	-0.472262	-0.576046	-0.400854	-0.412186	-0.407536	-0.393734	-0.567848	-0.356436	-0.578337	-0.407666	-0.565978	-0.382711	-0.377786	-0.407536	-0.592651	-0.417932	-0.576046	-0.412186	-0.393734	-0.443992	-0.402204	-0.397013	-0.402204	-0.41656	-0.507014	-0.570661	-0.427299	-0.536688	-0.383241	-0.397013	-0.407536	-0.400339	-0.587103	-0.439119	-0.572169	-0.402204	-0.581645	-0.393734	-0.4591	-0.58878	-0.389175	-0.465016	-0.41958	-0.573173	-0.425767	-0.5435	-0.385711	-0.382711	-0.405309	-0.441404	-0.385308	-0.426188	-0.390001	-0.5698	-0.573173	-0.402204	-0.385711	-0.385256	-0.402983	-0.407666	-0.589961	-0.555083	-0.576046	-0.480567	-0.562317	-0.402983	-0.39257	-0.59471	-0.6136	-0.52733	-0.366781	-0.4591	-0.382711	-0.393317	-0.465016	-0.405512	-0.443992	-0.576046	-0.422602	-0.570824	-0.535876	-0.565978	-0.441404	-0.412186	-0.589961	-0.389197	-0.583793	-0.465016	-0.422602	-0.549088	-0.378966	-0.520509	-0.386743	-0.432447	-0.359565	-0.405144	-0.585682	-0.583184	-0.576046	-0.391684	-0.381374	-0.385747	-0.393734	-0.359743	-0.465016	-0.400854	-0.426082	-0.535876	-0.391684	-0.445681	-0.414068	-0.403921	-0.518134	-0.52733	-0.411926	-0.426188	-0.417932	-0.583793	-0.425767	-0.403016	-0.520509	-0.425767	-0.568837	-0.578994	-0.583184	-0.60219	-0.538904	-0.402204	-0.581816	-0.52733	-0.567848	-0.583793	-0.412346	-0.377786	-0.578994	-0.41656	-0.465016	-0.57878	-0.431993
79000	intercept	0.584987	0.559725	0.592654	0.582707	0.486792	0.617164	0.516737	0.582641	0.570319	0.459107	0.595893	0.563498	0.577177	0.460933	0.567079	0.488315	0.558152	0.576019	0.564697	0.470543	0.627974	0.597419	0.463032	0.541122	0.47746	0.55793	0.622871	0.462168	0.489279	0.53083	0.519096	0.555087	0.509895	0.547328	0.59511	0.549137	0.561109	0.599318	0.545548	0.558492	0.623929	0.610477	0.49048	0.511207	0.472799	0.563824	0.549354	0.632778	0.609758	0.483302	0.56068	0.50238	0.58945	0.54437	0.473538	0.561491	0.611944	0.489229	0.494037	0.533311	0.559582	0.539932	0.445678	0.535377	0.566299	0.565255	0.505815	0.630329	0.466241	0.54858	0.579821	0.569873	0.571478	0.52542	0.636636	0.504336	0.494179	0.494284	0.58079	0.541735	0.522072	0.581851	0.473616	0.445955	0.475773	0.491908	0.602096	0.520971	0.54839	0.554717	0.577444	0.545795	0.560367	0.519687	0.486968	0.588369	0.575357	0.611527	0.594465	0.608253	0.528235	0.479569	0.609082	0.578999	0.461231	0.58445	0.543318	0.577722	0.575509	0.559017	0.601643	0.487013	0.618012	0.492397	0.536013	0.547421	0.459779	0.557412	0.481166	0.573025	0.634098	0.544094	0.550173	0.547005	0.456532	0.538545	0.552506	0.618247	0.497603	0.595229	0.53699	0.560827	0.600312	0.464639	0.579592	0.544927	0.478672	0.48921	0.596507	0.51992	0.570455	0.474984	0.44676	0.47975	0.575868	0.491429	0.472113	0.550572	0.591585	0.532123	0.53318	0.474783	0.589696	0.563767	0.473368	0.550401	0.538883	0.554415	0.547102	0.556078	0.491779	0.526605	0.576904	0.523198	0.58355	0.542186	0.538986	0.51282	0.501606	0.51298	0.600889	0.511985	0.484505	0.630611	0.492986	0.591753	0.493969	0.471666	0.507546	0.521086	0.527889	0.512332	0.569858	0.616421	0.506759	0.502761	0.55248	0.495797	0.54829	0.565822	0.624787	0.572523	0.538536	0.560115	0.567297	0.480346	0.484729	0.509751	0.495797	0.56647	0.508922	0.607325	0.511038	0.506038	0.453367	0.473776	0.467656	0.529407	0.539741	0.640637	0.514376	0.598868	0.465268	0.634843	0.565388	0.595542	0.66839	0.716462	0.506038	0.439451	0.462623	0.636694	0.464207	0.523464	0.487227	0.637616	0.633428	0.464207	0.542129	0.575254	0.539741	0.478816	0.617932	0.511461	0.478372	0.650375	0.472258	0.630258	0.619932	0.563791	0.581327	0.633002	0.510965	0.550203	0.543021	0.661588	0.593541	0.566797	0.602913	0.613512	0.633002	0.495667	0.638741	0.428118	0.464207	0.619728	0.486188	0.429073	0.500113	0.481144	0.436943	0.481973	0.617046	0.495859	0.458561	0.487227	0.48341	0.633002	0.454791	0.631415	0.529407	0.633002	0.49035	0.491029	0.487227	0.6461	0.539741	0.610261	0.458561	0.487227	0.535945	0.478757	0.473776	0.478757	0.493646	0.57578	0.653415	0.508267	0.64007	0.489458	0.473776	0.487227	0.521368	0.623986	0.511038	0.602913	0.478757	0.594465	0.476484	0.514165	0.580484	0.427546	0.558805	0.435361	0.617932	0.527204	0.619858	0.532412	0.49035	0.443598	0.519569	0.43184	0.595542	0.543021	0.62723	0.617932	0.473231	0.532412	0.490819	0.481035	0.522799	0.606131	0.633002	0.624532	0.554318	0.610446	0.481035	0.487227	0.619728	0.619728	0.603022	0.478776	0.514165	0.473792	0.55988	0.571922	0.45671	0.523227	0.641838	0.467109	0.660464	0.606103	0.633002	0.519569	0.458561	0.606131	0.499251	0.628219	0.558805	0.467109	0.621166	0.502076	0.63072	0.487227	0.500939	0.481144	0.487227	0.613512	0.62723	0.62014	0.460958	0.46377	0.543021	0.487227	0.521368	0.558805	0.495859	0.483703	0.599971	0.460958	0.572222	0.4678	0.523464	0.606719	0.603022	0.561157	0.568826	0.539741	0.628219	0.513353	0.472258	0.636694	0.498965	0.566797	0.65511	0.62723	0.627072	0.647697	0.478757	0.610092	0.603022	0.633002	0.628219	0.478269	0.428118	0.65511	0.493646	0.558805	0.620586	0.538413
80000	slope	-0.466621	-0.508613	-0.413603	-0.508041	-0.455451	-0.427034	-0.424466	-0.522702	-0.424959	-0.437077	-0.413151	-0.494537	-0.474503	-0.53008	-0.437002	-0.482604	-0.572174	-0.529886	-0.434854	-0.425869	-0.408821	-0.508828	-0.428632	-0.430892	-0.50321	-0.400708	-0.432041	-0.422172	-0.417353	-0.433678	-0.53332	-0.438676	-0.504081	-0.406309	-0.394787	-0.42553	-0.443501	-0.402626	-0.468216	-0.416879	-0.419346	-0.423443	-0.536775	-0.497775	-0.439787	-0.497959	-0.438693	-0.436019	-0.474351	-0.442818	-0.389246	-0.415873	-0.514253	-0.533698	-0.519199	-0.417722	-0.406245	-0.454236	-0.515524	-0.403973	-0.503323	-0.429958	-0.434196	-0.438388	-0.418299	-0.424899	-0.449549	-0.451482	-0.423484	-0.489173	-0.419658	-0.418485	-0.500583	-0.39888	-0.405756	-0.425019	-0.423195	-0.486792	-0.416334	-0.451658	-0.410624	-0.424745	-0.460494	-0.412956	-0.417898	-0.410509	-0.442655	-0.529734	-0.399994	-0.497632	-0.456675	-0.511955	-0.441226	-0.441328	-0.401398	-0.436488	-0.456497	-0.450189	-0.439195	-0.434211	-0.527961	-0.504654	-0.608957	-0.42034	-0.426547	-0.631281	-0.410321	-0.534831	-0.395712	-0.41619	-0.523598	-0.452038	-0.431526	-0.504734	-0.404513	-0.400604	-0.427351	-0.531597	-0.430185	-0.416682	-0.445776	-0.453865	-0.456368	-0.412547	-0.517518	-0.432544	-0.506135	-0.511946	-0.529343	-0.495648	-0.425626	-0.514664	-0.421509	-0.477262	-0.519524	-0.41825	-0.479908	-0.507178	-0.549457	-0.408499	-0.545809	-0.501086	-0.453942	-0.390353	-0.462082	-0.477331	-0.4062	-0.506184	-0.396539	-0.429978	-0.389722	-0.439955	-0.444939	-0.392046	-0.428558	-0.413685	-0.500248	-0.399765	-0.502845	-0.436651	-0.494449	-0.439901	-0.491259	-0.506204	-0.430575	-0.49003	-0.417134	-0.507218	-0.392351	-0.399002	-0.431236	-0.418989	-0.523003	-0.495043	-0.423706	-0.483576	-0.451871	-0.431678	-0.539306	-0.494371	-0.435316	-0.401221	-0.474187	-0.498719	-0.427372	-0.440286	-0.538004	-0.53828	-0.524934	-0.412156	-0.569596	-0.516714	-0.530959	-0.411277	-0.489963	-0.397391	-0.432707	-0.442305	-0.450683	-0.423433	-0.417252	-0.478707	-0.409044	-0.402285	-0.394813	-0.442953	-0.38535	-0.38535	-0.408868	-0.575513	-0.472832	-0.431858	-0.417588	-0.443882	-0.472832	-0.38343	-0.605373	-0.39783	-0.620207	-0.394813	-0.410439	-0.376319	-0.432516	-0.417677	-0.612884	-0.423669	-0.372386	-0.407564	-0.620207	-0.580631	-0.3868	-0.40699	-0.467022	-0.572269	-0.414655	-0.437666	-0.390034	-0.435922	-0.620207	-0.404089	-0.386966	-0.467022	-0.497464	-0.579421	-0.420391	-0.394813	-0.411502	-0.571059	-0.428385	-0.563269	-0.400722	-0.417677	-0.583036	-0.443566	-0.486599	-0.611731	-0.612884	-0.464774	-0.563269	-0.44333	-0.38222	-0.568931	-0.425971	-0.376319	-0.475955	-0.475427	-0.594611	-0.420744	-0.458824	-0.38222	-0.437666	-0.4167	-0.460409	-0.440561	-0.433473	-0.642354	-0.376803	-0.459531	-0.423669	-0.420473	-0.440678	-0.625855	-0.398486	-0.607135	-0.475396	-0.449051	-0.433773	-0.435831	-0.410094	-0.423351	-0.620207	-0.435922	-0.419028	-0.495719	-0.585963	-0.415464	-0.486599	-0.620207	-0.423669	-0.400722	-0.372109	-0.417677	-0.383086	-0.398332	-0.450327	-0.429209	-0.424047	-0.412101	-0.428641	-0.424047	-0.610485	-0.594649	-0.411352	-0.465665	-0.416894	-0.376109	-0.436271	-0.587714	-0.417677	-0.573173	-0.420473	-0.56037	-0.425894	-0.597707	-0.611731	-0.427242	-0.411671	-0.38343	-0.457465	-0.490335	-0.44558	-0.616567	-0.407983	-0.467022	-0.554118	-0.420744	-0.478707	-0.420275	-0.398486	-0.418364	-0.429209	-0.433473	-0.571059	-0.476174	-0.451962	-0.456012	-0.384884	-0.620207	-0.373868	-0.53405	-0.463699	-0.472832	-0.3868	-0.408051	-0.410439	-0.478707	-0.471909	-0.554118	-0.3868	-0.439098	-0.417393	-0.495719	-0.514532	-0.378319	-0.457437	-0.475955	-0.438265	-0.372386	-0.426514	-0.478707	-0.436271	-0.44558	-0.4167	-0.495719	-0.427728	-0.421008	-0.451101	-0.396957	-0.409194	-0.433297	-0.44558	-0.605983	-0.420275	-0.441337	-0.414655	-0.610485	-0.393641	-0.39783	-0.495719	-0.433773	-0.436195	-0.401343	-0.437666	-0.416894	-0.426999	-0.428385	-0.531433	-0.394813	-0.57744	-0.399388
80000	intercept	0.581081	0.578	0.52005	0.631019	0.56149	0.524821	0.562511	0.594115	0.441351	0.585259	0.521866	0.569553	0.567337	0.607363	0.55755	0.534488	0.654201	0.59883	0.605811	0.497383	0.512438	0.567936	0.494083	0.529138	0.548653	0.483061	0.537312	0.527453	0.538167	0.562878	0.626325	0.532077	0.585369	0.521364	0.454835	0.474681	0.520849	0.440909	0.595701	0.52397	0.501772	0.555166	0.605207	0.564591	0.54019	0.520561	0.523508	0.581941	0.586469	0.503196	0.535936	0.489952	0.577626	0.604697	0.549599	0.49951	0.500354	0.573484	0.580941	0.507719	0.51785	0.520258	0.529332	0.489536	0.455773	0.489636	0.549088	0.508425	0.531104	0.601164	0.506027	0.529802	0.555907	0.468228	0.459655	0.544525	0.57234	0.548137	0.566018	0.528886	0.464739	0.53073	0.573108	0.494642	0.567625	0.486254	0.53242	0.626592	0.548757	0.562781	0.551548	0.620529	0.500925	0.514375	0.455523	0.564527	0.554955	0.555175	0.521778	0.507287	0.624312	0.590223	0.644801	0.55243	0.48544	0.663739	0.506081	0.582453	0.506295	0.503841	0.613048	0.566618	0.576414	0.561591	0.461525	0.482191	0.560425	0.553558	0.538295	0.488693	0.552761	0.569483	0.546658	0.468837	0.581591	0.527498	0.591397	0.534357	0.557423	0.616134	0.52373	0.509491	0.505192	0.593959	0.587536	0.541583	0.583356	0.536205	0.639559	0.57756	0.638743	0.546897	0.529443	0.500277	0.574259	0.59678	0.466312	0.641029	0.531911	0.471527	0.519998	0.532742	0.547426	0.522366	0.48153	0.474354	0.590303	0.433535	0.578048	0.484854	0.556673	0.472542	0.572311	0.542376	0.529451	0.595037	0.532738	0.562889	0.520775	0.542248	0.472989	0.499935	0.584948	0.580634	0.57042	0.600275	0.571843	0.548438	0.591482	0.550309	0.504958	0.508115	0.607438	0.588435	0.516778	0.525603	0.618995	0.590351	0.622311	0.479305	0.618228	0.60788	0.614961	0.474696	0.564077	0.534686	0.535819	0.505971	0.535829	0.477715	0.409774	0.596524	0.494441	0.494454	0.438584	0.564448	0.467758	0.467758	0.474138	0.639846	0.597992	0.585957	0.49404	0.554869	0.584573	0.51944	0.622266	0.504806	0.672931	0.430051	0.443234	0.546209	0.549932	0.567381	0.581729	0.547928	0.518902	0.477318	0.656952	0.581436	0.443234	0.485787	0.517902	0.653127	0.494441	0.494826	0.518902	0.567096	0.682593	0.509581	0.498435	0.517902	0.603781	0.653153	0.50583	0.431931	0.437254	0.653127	0.457405	0.653127	0.495665	0.570706	0.620204	0.573729	0.591496	0.670139	0.581729	0.606793	0.653127	0.540703	0.505417	0.661841	0.506515	0.559262	0.597035	0.565152	0.622266	0.541621	0.565359	0.505417	0.494826	0.489258	0.577589	0.608911	0.43293	0.660613	0.518902	0.584008	0.547928	0.608911	0.608911	0.660613	0.527717	0.606275	0.565144	0.471266	0.608911	0.548885	0.497712	0.494484	0.666866	0.543096	0.508141	0.614639	0.632887	0.549777	0.591496	0.666866	0.547928	0.501327	0.546209	0.570706	0.429816	0.547081	0.556761	0.543917	0.549799	0.485159	0.54485	0.558723	0.660613	0.595333	0.549932	0.591496	0.54076	0.467758	0.517612	0.700354	0.570706	0.594756	0.608911	0.632682	0.538286	0.622737	0.660613	0.517612	0.482924	0.51944	0.506273	0.595257	0.556812	0.661742	0.497712	0.517902	0.649629	0.541621	0.600057	0.555665	0.497867	0.517046	0.543917	0.448752	0.653127	0.565152	0.570377	0.552375	0.443234	0.671254	0.521094	0.580521	0.584596	0.597992	0.443234	0.437254	0.443234	0.600057	0.616851	0.649629	0.436645	0.576631	0.552229	0.61687	0.605965	0.516227	0.562128	0.58515	0.52775	0.518902	0.495619	0.600057	0.517612	0.552236	0.489258	0.61687	0.457405	0.485159	0.620216	0.495665	0.557181	0.510578	0.554443	0.636259	0.556908	0.590907	0.494441	0.660613	0.518902	0.53792	0.620894	0.608911	0.552357	0.438584	0.494826	0.54076	0.527319	0.457405	0.607074	0.438584	0.591901	0.433148
81000	slope	-0.542319	-0.513421	-0.435465	-0.501632	-0.552598	-0.460106	-0.451043	-0.455364	-0.438885	-0.495163	-0.518724	-0.448329	-0.420782	-0.457633	-0.443338	-0.47468	-0.411033	-0.54719	-0.442885	-0.429913	-0.432528	-0.504115	-0.463371	-0.490098	-0.52695	-0.459647	-0.50994	-0.540651	-0.468162	-0.559311	-0.486651	-0.538652	-0.473319	-0.621303	-0.427014	-0.468168	-0.439311	-0.463655	-0.500413	-0.464889	-0.444094	-0.506349	-0.461882	-0.601256	-0.546004	-0.538839	-0.457465	-0.43764	-0.470518	-0.557445	-0.551702	-0.431275	-0.531845	-0.515052	-0.415281	-0.440831	-0.493168	-0.574699	-0.504194	-0.404159	-0.531865	-0.522745	-0.46107	-0.435818	-0.600663	-0.443973	-0.552565	-0.556566	-0.586679	-0.519623	-0.523407	-0.437287	-0.483983	-0.519948	-0.479112	-0.513667	-0.431134	-0.428692	-0.45968	-0.440438	-0.510025	-0.531327	-0.539996	-0.447186	-0.420438	-0.502227	-0.50436	-0.398539	-0.524014	-0.425248	-0.511128	-0.446672	-0.434522	-0.465047	-0.464014	-0.436968	-0.491838	-0.444701	-0.41142	-0.406247	-0.503093	-0.475487	-0.407221	-0.536112	-0.472248	-0.441557	-0.472283	-0.495376	-0.436902	-0.45356	-0.498628	-0.493835	-0.445363	-0.448865	-0.439725	-0.54491	-0.436174	-0.443866	-0.434751	-0.500579	-0.553256	-0.545578	-0.431381	-0.520433	-0.456096	-0.519841	-0.555566	-0.469021	-0.63148	-0.582786	-0.437759	-0.430022	-0.470679	-0.468073	-0.47549	-0.438772	-0.449741	-0.52538	-0.524274	-0.491495	-0.39203	-0.615219	-0.620338	-0.45307	-0.438415	-0.454718	-0.48248	-0.460813	-0.519906	-0.530578	-0.389074	-0.421077	-0.510354	-0.50615	-0.436423	-0.517301	-0.443016	-0.457768	-0.45632	-0.516773	-0.537451	-0.554126	-0.428328	-0.602417	-0.473678	-0.560312	-0.394387	-0.400998	-0.509995	-0.43859	-0.486134	-0.483533	-0.458633	-0.54619	-0.502987	-0.526367	-0.503155	-0.475968	-0.439968	-0.524943	-0.601853	-0.619092	-0.533071	-0.514115	-0.488918	-0.56245	-0.513975	-0.548688	-0.495063	-0.505577	-0.612246	-0.462041	-0.49321	-0.5683	-0.416486	-0.449773	-0.470413	-0.590318	-0.489128	-0.379044	-0.380549	-0.607121	-0.532283	-0.438674	-0.404867	-0.484638	-0.615438	-0.388817	-0.619178	-0.374314	-0.419547	-0.403929	-0.544954	-0.435465	-0.428983	-0.472262	-0.432672	-0.488862	-0.404486	-0.589927	-0.428884	-0.386276	-0.391872	-0.388817	-0.389435	-0.459303	-0.432672	-0.420697	-0.390656	-0.438674	-0.427555	-0.388817	-0.526449	-0.445897	-0.629947	-0.50923	-0.414291	-0.3799	-0.625179	-0.616451	-0.403929	-0.43632	-0.459303	-0.489004	-0.456542	-0.488262	-0.390656	-0.489004	-0.490915	-0.436333	-0.489004	-0.489004	-0.379214	-0.419501	-0.4565	-0.554062	-0.446634	-0.628679	-0.41746	-0.428983	-0.590889	-0.485776	-0.406449	-0.614313	-0.535123	-0.378995	-0.422639	-0.454938	-0.611385	-0.436333	-0.631603	-0.431955	-0.629469	-0.403929	-0.57942	-0.612333	-0.474465	-0.445897	-0.39384	-0.617581	-0.6204	-0.436987	-0.421982	-0.476424	-0.448475	-0.509463	-0.398393	-0.476424	-0.435465	-0.428983	-0.596187	-0.485306	-0.515919	-0.504376	-0.622949	-0.403929	-0.456141	-0.600791	-0.382144	-0.546845	-0.513078	-0.425521	-0.509333	-0.619688	-0.475955	-0.464571	-0.485306	-0.637755	-0.494727	-0.496209	-0.527494	-0.593528	-0.601543	-0.456093	-0.464755	-0.484638	-0.433568	-0.489697	-0.386276	-0.470597	-0.413765	-0.419501	-0.600791	-0.462306	-0.448475	-0.388817	-0.475837	-0.388817	-0.605573	-0.408161	-0.448588	-0.419501	-0.432672	-0.395078	-0.44291	-0.625239	-0.523914	-0.364902	-0.507992	-0.433475	-0.602533	-0.489004	-0.513078	-0.453316	-0.629469	-0.445897	-0.403929	-0.554062	-0.509463	-0.441089	-0.53035	-0.425665	-0.606249	-0.489004	-0.625239	-0.408161	-0.419501	-0.546845	-0.441089	-0.386276	-0.4217	-0.607121	-0.502578	-0.520431	-0.600791	-0.39722	-0.626575	-0.503742	-0.50923	-0.485106	-0.616465	-0.402239	-0.554062	-0.554062	-0.53035	-0.41698	-0.459399	-0.430041	-0.606372	-0.470597	-0.615438	-0.599978	-0.408451	-0.608496	-0.488862	-0.3799	-0.647522	-0.452517	-0.488862	-0.419547	-0.386276	-0.461313	-0.374314	-0.460272	-0.439023	-0.441089	-0.459303	-0.53035	-0.622949	-0.435465
81000	intercept	0.634274	0.581293	0.581758	0.557761	0.614075	0.599724	0.551719	0.566695	0.542316	0.594523	0.56217	0.558269	0.515457	0.588469	0.544188	0.546062	0.485041	0.605305	0.526281	0.51324	0.51457	0.586834	0.578198	0.559395	0.589643	0.498179	0.624093	0.619792	0.565301	0.62686	0.582649	0.597519	0.549917	0.669486	0.540843	0.520667	0.546984	0.537295	0.573078	0.53913	0.555187	0.549997	0.551944	0.665252	0.590131	0.614669	0.540758	0.513417	0.558671	0.566442	0.618506	0.550159	0.596541	0.605785	0.548736	0.559459	0.597201	0.632157	0.559038	0.541714	0.635617	0.603438	0.569238	0.502067	0.660904	0.541448	0.62439	0.609038	0.605468	0.594579	0.578636	0.563699	0.568502	0.573434	0.562535	0.603277	0.5274	0.508695	0.585623	0.542574	0.557415	0.608538	0.61313	0.588152	0.549024	0.558581	0.586212	0.512051	0.606089	0.533805	0.600679	0.552757	0.494964	0.527862	0.53094	0.56392	0.587143	0.532949	0.505502	0.500251	0.577706	0.545927	0.51878	0.613169	0.564986	0.543391	0.541416	0.583345	0.572949	0.588286	0.545298	0.534073	0.521665	0.53129	0.542323	0.636848	0.492129	0.557999	0.575249	0.585759	0.620262	0.614211	0.508582	0.5668	0.505376	0.594487	0.626804	0.573506	0.669582	0.629381	0.538001	0.545128	0.587804	0.548749	0.582847	0.552989	0.578982	0.606162	0.583259	0.572945	0.51971	0.656657	0.676705	0.52982	0.515924	0.541151	0.575037	0.567704	0.56062	0.62859	0.508012	0.510953	0.593879	0.584431	0.497919	0.60151	0.525772	0.529705	0.509877	0.597419	0.628871	0.608639	0.525065	0.694249	0.579836	0.645057	0.481228	0.522804	0.597576	0.532421	0.581565	0.555863	0.538303	0.602733	0.586416	0.617079	0.575561	0.542809	0.502307	0.605679	0.679373	0.681486	0.632671	0.54435	0.605381	0.60758	0.588673	0.604916	0.571629	0.608248	0.667728	0.551269	0.559341	0.618034	0.546524	0.564693	0.571604	0.65563	0.565022	0.512139	0.407777	0.684422	0.568493	0.531389	0.448648	0.561423	0.681806	0.558111	0.636314	0.463626	0.521941	0.528418	0.63351	0.57555	0.580559	0.590021	0.578578	0.552686	0.440642	0.584668	0.563907	0.486271	0.531349	0.578352	0.578268	0.543808	0.578578	0.518297	0.433504	0.531389	0.551664	0.558111	0.598585	0.597725	0.681806	0.548064	0.45585	0.466166	0.67775	0.673362	0.528418	0.53876	0.548085	0.559407	0.544723	0.572846	0.433504	0.552225	0.559685	0.493385	0.552225	0.552225	0.50998	0.49629	0.549072	0.631736	0.512096	0.666075	0.560343	0.597001	0.672897	0.577508	0.44459	0.645739	0.60238	0.520303	0.517595	0.572737	0.657607	0.479616	0.653722	0.531389	0.65759	0.554229	0.627973	0.653889	0.578455	0.597725	0.49138	0.669053	0.67775	0.51761	0.421125	0.559897	0.578578	0.552748	0.524098	0.559685	0.57555	0.583815	0.584668	0.577818	0.547152	0.540507	0.666075	0.526184	0.574765	0.704281	0.433504	0.60238	0.575859	0.502014	0.559942	0.642827	0.587964	0.543808	0.577818	0.666075	0.552225	0.552225	0.561183	0.668013	0.669726	0.578578	0.527446	0.569109	0.51976	0.556561	0.486271	0.594058	0.531215	0.505077	0.678645	0.569108	0.578578	0.558111	0.572724	0.558111	0.642827	0.482896	0.522364	0.505077	0.596744	0.505077	0.578578	0.680561	0.573215	0.462466	0.557749	0.578578	0.655828	0.552225	0.575859	0.532638	0.65759	0.597725	0.529336	0.631736	0.552748	0.490698	0.568493	0.551618	0.655404	0.552225	0.680561	0.508824	0.49629	0.60238	0.490698	0.486271	0.521941	0.684422	0.571463	0.561183	0.704281	0.525559	0.67775	0.559942	0.548216	0.561423	0.660242	0.505077	0.63351	0.63351	0.582688	0.527549	0.594868	0.578722	0.657607	0.621914	0.681806	0.672897	0.450289	0.683992	0.552686	0.463626	0.660596	0.568743	0.552686	0.521941	0.486271	0.593436	0.463626	0.527446	0.509655	0.490698	0.543808	0.568493	0.665097	0.57555
82000	slope	-0.57828	-0.479064	-0.540992	-0.547924	-0.440506	-0.563002	-0.44652	-0.492485	-0.463644	-0.462146	-0.524438	-0.409384	-0.521335	-0.487186	-0.445365	-0.494103	-0.461602	-0.529754	-0.546884	-0.381731	-0.402137	-0.449004	-0.57714	-0.427388	-0.415206	-0.538599	-0.499173	-0.491739	-0.528766	-0.505929	-0.528488	-0.435416	-0.612731	-0.428706	-0.555602	-0.411688	-0.502036	-0.562855	-0.541235	-0.4528	-0.473524	-0.458521	-0.603709	-0.452445	-0.459162	-0.567923	-0.530299	-0.428748	-0.450973	-0.408116	-0.502519	-0.368337	-0.538698	-0.554698	-0.512449	-0.562643	-0.504718	-0.447289	-0.550796	-0.510213	-0.496523	-0.549835	-0.474776	-0.477206	-0.543935	-0.485524	-0.554047	-0.545842	-0.504165	-0.488555	-0.523284	-0.45451	-0.639955	-0.467688	-0.508441	-0.461105	-0.58947	-0.452361	-0.563267	-0.4933	-0.491224	-0.523205	-0.433942	-0.44332	-0.519604	-0.450877	-0.463758	-0.477544	-0.517649	-0.454426	-0.558304	-0.537016	-0.505356	-0.435436	-0.564939	-0.482178	-0.519525	-0.494982	-0.565553	-0.522192	-0.551009	-0.469473	-0.522033	-0.526923	-0.499957	-0.544588	-0.54789	-0.471144	-0.528248	-0.534593	-0.567044	-0.510975	-0.43441	-0.489944	-0.490443	-0.423982	-0.543052	-0.469496	-0.58504	-0.472849	-0.469496	-0.553089	-0.44536	-0.451401	-0.467996	-0.540351	-0.459638	-0.564797	-0.51413	-0.513627	-0.518832	-0.494059	-0.419733	-0.590981	-0.492732	-0.491384	-0.498657	-0.542432	-0.429121	-0.48785	-0.516937	-0.471501	-0.525534	-0.529022	-0.454426	-0.451917	-0.473996	-0.394267	-0.434079	-0.575784	-0.501184	-0.429598	-0.444383	-0.468037	-0.516894	-0.482267	-0.558873	-0.513587	-0.50949	-0.580825	-0.530128	-0.48124	-0.458563	-0.433628	-0.631949	-0.472262	-0.440664	-0.503934	-0.541249	-0.552056	-0.527277	-0.427812	-0.427588	-0.462463	-0.474251	-0.448936	-0.448001	-0.512351	-0.465691	-0.612731	-0.503316	-0.511631	-0.426068	-0.483757	-0.484322	-0.509903	-0.470523	-0.499524	-0.501148	-0.494489	-0.464393	-0.393574	-0.50009	-0.409919	-0.522994	-0.440054	-0.504718	-0.543243	-0.398515	-0.479433	-0.493096	-0.410915	-0.50554	-0.5875	-0.499059	-0.45612	-0.56734	-0.605528	-0.488373	-0.441085	-0.50554	-0.403635	-0.494902	-0.480106	-0.416858	-0.366883	-0.386247	-0.485193	-0.565078	-0.450972	-0.467936	-0.441085	-0.576613	-0.359305	-0.449829	-0.519223	-0.616394	-0.439467	-0.4801	-0.422673	-0.499059	-0.36173	-0.576511	-0.5875	-0.58494	-0.444093	-0.428462	-0.565874	-0.414816	-0.4315	-0.508816	-0.488737	-0.592401	-0.389407	-0.477529	-0.402048	-0.593985	-0.496456	-0.412218	-0.508385	-0.491106	-0.493096	-0.442322	-0.604719	-0.555664	-0.383785	-0.575044	-0.453646	-0.403635	-0.373112	-0.35559	-0.485776	-0.604486	-0.505445	-0.499059	-0.591024	-0.4801	-0.406692	-0.450972	-0.515189	-0.494902	-0.502592	-0.565874	-0.665955	-0.504909	-0.368076	-0.427923	-0.6606	-0.467936	-0.505653	-0.505738	-0.503111	-0.504909	-0.582731	-0.467936	-0.591783	-0.416858	-0.506273	-0.487457	-0.427923	-0.467936	-0.386247	-0.412218	-0.477103	-0.442322	-0.515278	-0.355792	-0.471285	-0.416769	-0.35559	-0.385332	-0.406692	-0.593932	-0.41266	-0.503378	-0.499185	-0.612836	-0.35559	-0.475294	-0.499185	-0.405536	-0.504909	-0.346059	-0.513168	-0.491106	-0.583205	-0.558873	-0.488373	-0.422673	-0.405536	-0.397883	-0.593932	-0.508065	-0.386247	-0.511819	-0.427923	-0.374003	-0.488852	-0.445664	-0.65131	-0.58324	-0.60349	-0.39825	-0.460605	-0.617325	-0.63071	-0.386247	-0.541683	-0.481103	-0.468655	-0.614935	-0.576511	-0.443861	-0.573196	-0.612836	-0.503792	-0.653515	-0.473831	-0.576511	-0.616394	-0.519334	-0.447819	-0.461718	-0.496234	-0.616394	-0.441085	-0.515426	-0.58094	-0.573196	-0.652266	-0.368076	-0.512944	-0.50344	-0.512944	-0.573088	-0.450972	-0.515189	-0.496456	-0.485193	-0.616394	-0.553757	-0.61093	-0.575044	-0.5652	-0.499185	-0.614378	-0.454346	-0.520149	-0.604486	-0.454971	-0.45159	-0.350637	-0.605395	-0.593932	-0.477529	-0.485776	-0.516986	-0.452933	-0.420304	-0.503765	-0.417665	-0.496456	-0.390268	-0.468469	-0.386247	-0.405536	-0.604719	-0.472067	-0.563824	-0.591024
82000	intercept	0.617532	0.554734	0.614035	0.578071	0.549139	0.635616	0.513858	0.540545	0.566219	0.504554	0.591647	0.496092	0.587529	0.554539	0.564835	0.55678	0.512688	0.633573	0.597455	0.482779	0.495535	0.510594	0.62486	0.525352	0.498176	0.598946	0.588702	0.56513	0.577565	0.547689	0.635797	0.50302	0.639496	0.565834	0.598519	0.545417	0.547626	0.617389	0.586018	0.519138	0.544627	0.539119	0.676914	0.560273	0.539829	0.633536	0.625487	0.534689	0.515071	0.52169	0.593067	0.480503	0.584863	0.620075	0.59601	0.632535	0.544164	0.555939	0.582486	0.536008	0.593191	0.607802	0.518658	0.535672	0.589413	0.566744	0.628345	0.628666	0.561988	0.535992	0.607714	0.564361	0.71131	0.550283	0.57578	0.550895	0.674829	0.57989	0.585518	0.598004	0.547014	0.602622	0.555551	0.550586	0.597735	0.55276	0.546046	0.574388	0.602636	0.500613	0.639555	0.603318	0.585594	0.534959	0.638911	0.540269	0.620715	0.585414	0.632773	0.589821	0.615845	0.509788	0.60375	0.632374	0.535781	0.628075	0.594755	0.544089	0.619887	0.571712	0.599535	0.598263	0.53976	0.561736	0.597313	0.540428	0.59345	0.543839	0.62341	0.562679	0.547911	0.60718	0.514814	0.554346	0.537534	0.57211	0.551976	0.653295	0.598296	0.573052	0.593246	0.534161	0.539093	0.649278	0.597899	0.560032	0.559663	0.62986	0.571629	0.616381	0.629682	0.525252	0.592411	0.583073	0.504594	0.553046	0.55428	0.511264	0.505237	0.603799	0.613624	0.556774	0.568306	0.56753	0.542752	0.548615	0.604711	0.576591	0.575218	0.65585	0.621482	0.578206	0.536807	0.497325	0.694404	0.557766	0.548077	0.546686	0.591195	0.630965	0.603736	0.518814	0.558107	0.554694	0.580711	0.566692	0.5357	0.633235	0.497184	0.63458	0.59377	0.574039	0.534559	0.561373	0.549277	0.555454	0.550481	0.547387	0.578953	0.593329	0.556143	0.449674	0.61381	0.517866	0.591606	0.534132	0.545205	0.594568	0.497552	0.565774	0.53451	0.546977	0.53451	0.653173	0.558769	0.557003	0.620975	0.625399	0.527459	0.575296	0.53451	0.541864	0.550273	0.576982	0.549734	0.531662	0.556559	0.566042	0.633514	0.528999	0.553426	0.575296	0.653173	0.543407	0.585158	0.541588	0.690731	0.592294	0.560825	0.53918	0.558769	0.524105	0.653019	0.651086	0.638433	0.442884	0.451949	0.616233	0.534367	0.519949	0.549328	0.527538	0.638433	0.532194	0.530246	0.552743	0.653173	0.539858	0.535364	0.54218	0.543309	0.53451	0.506491	0.625399	0.636894	0.536889	0.602344	0.552233	0.541864	0.438017	0.470128	0.554609	0.7019	0.522118	0.558769	0.66176	0.567143	0.493995	0.522842	0.539077	0.550273	0.554917	0.637972	0.642752	0.529546	0.524524	0.560495	0.642752	0.553426	0.531126	0.567531	0.563334	0.53825	0.60597	0.553426	0.665011	0.54771	0.545119	0.582561	0.557805	0.553426	0.544867	0.535364	0.549322	0.485226	0.550273	0.546782	0.57169	0.53348	0.436632	0.496106	0.490865	0.646545	0.575296	0.536337	0.614152	0.661599	0.456131	0.530695	0.594573	0.533547	0.552314	0.466105	0.54218	0.543309	0.636894	0.638911	0.541737	0.53918	0.547785	0.536889	0.646545	0.57214	0.528246	0.580123	0.560495	0.531662	0.528476	0.550606	0.666391	0.633514	0.675342	0.454124	0.55063	0.685544	0.647992	0.528246	0.544767	0.598391	0.547446	0.700369	0.653019	0.552233	0.626593	0.661599	0.511717	0.69304	0.547232	0.655922	0.687747	0.517591	0.488832	0.541864	0.550844	0.690731	0.575296	0.54218	0.634929	0.648242	0.651025	0.522989	0.573134	0.535156	0.573134	0.633362	0.522842	0.539077	0.551687	0.568589	0.690731	0.693091	0.648009	0.602344	0.687832	0.609127	0.67893	0.564068	0.54218	0.7019	0.581672	0.552233	0.445426	0.653173	0.646545	0.530246	0.555376	0.530824	0.544916	0.485012	0.595607	0.490865	0.539858	0.536889	0.570506	0.556559	0.565207	0.625399	0.553814	0.638438	0.66176
83000	slope	-0.50345	-0.391334	-0.425224	-0.521292	-0.512006	-0.562781	-0.456659	-0.465399	-0.555393	-0.441861	-0.628391	-0.389078	-0.545237	-0.447453	-0.594612	-0.631514	-0.557807	-0.441493	-0.480921	-0.462079	-0.508955	-0.555036	-0.543998	-0.465152	-0.50303	-0.551495	-0.470724	-0.457616	-0.385905	-0.486471	-0.546814	-0.408697	-0.452308	-0.469964	-0.464862	-0.497683	-0.443432	-0.470402	-0.497829	-0.492581	-0.581587	-0.506191	-0.635801	-0.470612	-0.534744	-0.445473	-0.481001	-0.427418	-0.477118	-0.472377	-0.462629	-0.54483	-0.540062	-0.536437	-0.530207	-0.611153	-0.500589	-0.488302	-0.433728	-0.619008	-0.428508	-0.499275	-0.479401	-0.426357	-0.647027	-0.560631	-0.5565	-0.50257	-0.55736	-0.545193	-0.546801	-0.508088	-0.551441	-0.518682	-0.474804	-0.493642	-0.512709	-0.63405	-0.499986	-0.473745	-0.416176	-0.551705	-0.367613	-0.496236	-0.561004	-0.626899	-0.50594	-0.590012	-0.450284	-0.486785	-0.494343	-0.550669	-0.412596	-0.518381	-0.56521	-0.467283	-0.437034	-0.468648	-0.557056	-0.45859	-0.638292	-0.462617	-0.557652	-0.532275	-0.562224	-0.478936	-0.465095	-0.426238	-0.465017	-0.411269	-0.596092	-0.527014	-0.592192	-0.561844	-0.43322	-0.590386	-0.457751	-0.455722	-0.493411	-0.477973	-0.514478	-0.494221	-0.476436	-0.536894	-0.491825	-0.5465	-0.501401	-0.50239	-0.421742	-0.446912	-0.615434	-0.418202	-0.424753	-0.428047	-0.454637	-0.476326	-0.537974	-0.530167	-0.411627	-0.442885	-0.578879	-0.444003	-0.401478	-0.426748	-0.403806	-0.565596	-0.430971	-0.458744	-0.499814	-0.447868	-0.409376	-0.570726	-0.479172	-0.519749	-0.496143	-0.484549	-0.488236	-0.463678	-0.372393	-0.484717	-0.440237	-0.484916	-0.520951	-0.463357	-0.573119	-0.471156	-0.500575	-0.426964	-0.520785	-0.426141	-0.492968	-0.446668	-0.530374	-0.51356	-0.475547	-0.509558	-0.501907	-0.441593	-0.558099	-0.538236	-0.441994	-0.461915	-0.48294	-0.625048	-0.53672	-0.500259	-0.458215	-0.504664	-0.463047	-0.582605	-0.460431	-0.387165	-0.445729	-0.53574	-0.468668	-0.472735	-0.572077	-0.443203	-0.451128	-0.439169	-0.437635	-0.607391	-0.43023	-0.477272	-0.491887	-0.477532	-0.525679	-0.399241	-0.475304	-0.377947	-0.483923	-0.5266	-0.487263	-0.544025	-0.444721	-0.382337	-0.61562	-0.396763	-0.499685	-0.383498	-0.551667	-0.523919	-0.352741	-0.603275	-0.380982	-0.421202	-0.494453	-0.625712	-0.490328	-0.654638	-0.526193	-0.628446	-0.506901	-0.61562	-0.440475	-0.468799	-0.376042	-0.371044	-0.499169	-0.60957	-0.451049	-0.441743	-0.440201	-0.399241	-0.334585	-0.555305	-0.63113	-0.61562	-0.499201	-0.357942	-0.40059	-0.425004	-0.508504	-0.406839	-0.603317	-0.489006	-0.441848	-0.440475	-0.61562	-0.522325	-0.468799	-0.639415	-0.440201	-0.457695	-0.6357	-0.451765	-0.649547	-0.477893	-0.531768	-0.354245	-0.432428	-0.56184	-0.464507	-0.451765	-0.490328	-0.409953	-0.490328	-0.421511	-0.522598	-0.468799	-0.615475	-0.551667	-0.464288	-0.631077	-0.440201	-0.46631	-0.46631	-0.476198	-0.427195	-0.601508	-0.541492	-0.512921	-0.41254	-0.39058	-0.517672	-0.603275	-0.492244	-0.471188	-0.56184	-0.477893	-0.529827	-0.608845	-0.494163	-0.460405	-0.639415	-0.515708	-0.486201	-0.396763	-0.499201	-0.333832	-0.403497	-0.326692	-0.440201	-0.642586	-0.468799	-0.403633	-0.625712	-0.375047	-0.406131	-0.52636	-0.629752	-0.368348	-0.536167	-0.424358	-0.61562	-0.326692	-0.555305	-0.48448	-0.39058	-0.499685	-0.560387	-0.613461	-0.546331	-0.540521	-0.41758	-0.538102	-0.43436	-0.46631	-0.352741	-0.512938	-0.43436	-0.347277	-0.354245	-0.623904	-0.594217	-0.546331	-0.499735	-0.351229	-0.492746	-0.64098	-0.615226	-0.399241	-0.515708	-0.476198	-0.449628	-0.649547	-0.526193	-0.601702	-0.523919	-0.440201	-0.41254	-0.421484	-0.613461	-0.639415	-0.494453	-0.451049	-0.489006	-0.544969	-0.444721	-0.484273	-0.442986	-0.64098	-0.383768	-0.352741	-0.484273	-0.641162	-0.409211	-0.63113	-0.487263	-0.463662	-0.551817	-0.499201	-0.476125	-0.51292	-0.376042	-0.440636	-0.463662	-0.432243	-0.447236	-0.6357	-0.440201	-0.55581	-0.440201	-0.551667	-0.365795	-0.544025	-0.638384	-0.400535	-0.464507	-0.400627
83000	intercept	0.577644	0.478488	0.541446	0.613917	0.545883	0.63113	0.591222	0.523532	0.57786	0.571879	0.712819	0.531535	0.610032	0.547864	0.632937	0.681638	0.597465	0.553168	0.573073	0.593963	0.626447	0.615394	0.563545	0.55954	0.625148	0.61779	0.573416	0.552389	0.456444	0.572988	0.603723	0.527705	0.544403	0.550872	0.543409	0.528296	0.528505	0.565836	0.602274	0.565298	0.650813	0.603404	0.686167	0.553599	0.572425	0.573275	0.540099	0.523525	0.576158	0.590016	0.564489	0.606555	0.60415	0.602261	0.580779	0.676674	0.577225	0.573587	0.540508	0.694309	0.547625	0.543712	0.572373	0.476883	0.68134	0.624833	0.631273	0.590862	0.610505	0.620766	0.633877	0.549424	0.594076	0.618718	0.5445	0.545076	0.583709	0.688699	0.626046	0.548274	0.480366	0.593631	0.504404	0.566941	0.619453	0.692588	0.59948	0.652718	0.517542	0.549134	0.547174	0.607988	0.53433	0.614751	0.579014	0.515868	0.591473	0.56663	0.606693	0.565813	0.674399	0.533062	0.61475	0.614097	0.588189	0.541148	0.566084	0.523524	0.569604	0.479095	0.647962	0.606643	0.635927	0.617606	0.509355	0.630713	0.546816	0.561535	0.555115	0.591334	0.544765	0.554597	0.550689	0.618979	0.546143	0.620291	0.553179	0.584258	0.543336	0.561081	0.652502	0.523215	0.537795	0.56927	0.549617	0.527084	0.575643	0.600206	0.529747	0.552617	0.606886	0.545937	0.519019	0.570988	0.4946	0.614835	0.567082	0.566298	0.623089	0.565622	0.511647	0.644679	0.559066	0.593773	0.578226	0.580625	0.590862	0.537203	0.456	0.564381	0.539618	0.568743	0.620443	0.50392	0.665337	0.546581	0.573718	0.542163	0.597937	0.457583	0.581435	0.53764	0.60456	0.589012	0.586035	0.613134	0.534206	0.54723	0.61206	0.593781	0.51647	0.509044	0.57313	0.660833	0.598512	0.610936	0.576188	0.622699	0.541213	0.631426	0.563983	0.462447	0.496113	0.631745	0.569174	0.57095	0.618881	0.532409	0.568794	0.526905	0.556038	0.674952	0.561435	0.529706	0.562311	0.566521	0.60802	0.550315	0.571602	0.568444	0.572343	0.60802	0.497859	0.603584	0.539197	0.414815	0.685671	0.521015	0.543829	0.414815	0.620281	0.570259	0.472695	0.666356	0.529347	0.534411	0.543802	0.722654	0.581085	0.685521	0.60802	0.694139	0.537159	0.685671	0.558122	0.538888	0.533241	0.568444	0.507677	0.694479	0.529939	0.529114	0.538239	0.550315	0.464194	0.60415	0.679542	0.696393	0.537159	0.375609	0.516333	0.50859	0.58331	0.411478	0.641209	0.537159	0.55924	0.558122	0.684423	0.603013	0.530513	0.646812	0.539154	0.550909	0.682834	0.536833	0.664962	0.541121	0.540887	0.488114	0.490791	0.653881	0.542358	0.52757	0.591251	0.554202	0.591251	0.552519	0.58331	0.543529	0.690943	0.620281	0.557611	0.722654	0.540082	0.531305	0.555819	0.531668	0.517455	0.657475	0.599051	0.571661	0.562087	0.529829	0.543142	0.666356	0.543829	0.504602	0.647146	0.541121	0.547936	0.673701	0.55504	0.556038	0.677158	0.543623	0.59094	0.541656	0.537159	0.452677	0.540596	0.404682	0.539154	0.679542	0.551246	0.533241	0.722654	0.387538	0.534411	0.58331	0.649476	0.568444	0.60802	0.544629	0.685671	0.410435	0.60415	0.580908	0.529829	0.543829	0.604638	0.69097	0.602885	0.620281	0.539154	0.60802	0.498692	0.538169	0.451339	0.570259	0.512471	0.451339	0.475568	0.69097	0.673606	0.61599	0.574352	0.408242	0.574679	0.679542	0.648483	0.550315	0.543623	0.531668	0.536833	0.664962	0.60802	0.701732	0.570259	0.539154	0.562087	0.478066	0.69097	0.672001	0.543802	0.529939	0.570066	0.613999	0.539197	0.563211	0.55924	0.679542	0.534469	0.472695	0.563211	0.739967	0.542634	0.685602	0.497859	0.517358	0.606421	0.537159	0.571602	0.524719	0.533241	0.514741	0.525531	0.527453	0.522343	0.657854	0.539154	0.619483	0.539154	0.61878	0.436935	0.603584	0.679542	0.543625	0.542358	0.536611
84000	slope	-0.43883	-0.542521	-0.481547	-0.582434	-0.447197	-0.46674	-0.437555	-0.480174	-0.441198	-0.540432	-0.429127	-0.555737	-0.567891	-0.448221	-0.521912	-0.41851	-0.422754	-0.471743	-0.412117	-0.533815	-0.451023	-0.427918	-0.459402	-0.584124	-0.459206	-0.538361	-0.529105	-0.4185	-0.573646	-0.549308	-0.492193	-0.430804	-0.446093	-0.497513	-0.510667	-0.455191	-0.573024	-0.537967	-0.377412	-0.503089	-0.447521	-0.595756	-0.495076	-0.559101	-0.611147	-0.437567	-0.414492	-0.432291	-0.378812	-0.504612	-0.437214	-0.520554	-0.433382	-0.452999	-0.416495	-0.434495	-0.417596	-0.415344	-0.512424	-0.426712	-0.39558	-0.533509	-0.551005	-0.522398	-0.54285	-0.531234	-0.526285	-0.496378	-0.412394	-0.442768	-0.547974	-0.52695	-0.598858	-0.500049	-0.523844	-0.474898	-0.389285	-0.54681	-0.451939	-0.414772	-0.485857	-0.37207	-0.369338	-0.477962	-0.451546	-0.601633	-0.488864	-0.523069	-0.497722	-0.632994	-0.478237	-0.509838	-0.452838	-0.480578	-0.487712	-0.502835	-0.432921	-0.535143	-0.527113	-0.406655	-0.550058	-0.469105	-0.469305	-0.475858	-0.413926	-0.522995	-0.530388	-0.494159	-0.44038	-0.439002	-0.449004	-0.450422	-0.634161	-0.502991	-0.490765	-0.442949	-0.586722	-0.451425	-0.580886	-0.50704	-0.45363	-0.430831	-0.370859	-0.484504	-0.536339	-0.536746	-0.4186	-0.435514	-0.525626	-0.510477	-0.521329	-0.5586	-0.483488	-0.49488	-0.500578	-0.45217	-0.50266	-0.543803	-0.451845	-0.535393	-0.502703	-0.480821	-0.464813	-0.619275	-0.437979	-0.428153	-0.404329	-0.562943	-0.513184	-0.456817	-0.421449	-0.43312	-0.444003	-0.490477	-0.434722	-0.457017	-0.630334	-0.413923	-0.432139	-0.447969	-0.515899	-0.420664	-0.377122	-0.532381	-0.524161	-0.484373	-0.483771	-0.416287	-0.525808	-0.387407	-0.597405	-0.549189	-0.514391	-0.528223	-0.453641	-0.512909	-0.454637	-0.557297	-0.545973	-0.600283	-0.456941	-0.473509	-0.472752	-0.421182	-0.50704	-0.523615	-0.42059	-0.482278	-0.520234	-0.457325	-0.477949	-0.438458	-0.479763	-0.475427	-0.591952	-0.5018	-0.43565	-0.494994	-0.432362	-0.520266	-0.598981	-0.447158	-0.436468	-0.415098	-0.438741	-0.438431	-0.446935	-0.427236	-0.405749	-0.485578	-0.430297	-0.462206	-0.452659	-0.428982	-0.444061	-0.433202	-0.486462	-0.504575	-0.438744	-0.534035	-0.433202	-0.511365	-0.590947	-0.630846	-0.454264	-0.548911	-0.436484	-0.577077	-0.533182	-0.511365	-0.611618	-0.527594	-0.417476	-0.387932	-0.499644	-0.402686	-0.418312	-0.611618	-0.438431	-0.655189	-0.522666	-0.642362	-0.587963	-0.456611	-0.433202	-0.411675	-0.387799	-0.634043	-0.471951	-0.434139	-0.483117	-0.478868	-0.451726	-0.421945	-0.506584	-0.405704	-0.575557	-0.359313	-0.409864	-0.438431	-0.563231	-0.4401	-0.595031	-0.627941	-0.410208	-0.627941	-0.611618	-0.452659	-0.402634	-0.392183	-0.417476	-0.429224	-0.39911	-0.576289	-0.427216	-0.61201	-0.410208	-0.406548	-0.45085	-0.486462	-0.419258	-0.625008	-0.49067	-0.456255	-0.410208	-0.650079	-0.420179	-0.577077	-0.601611	-0.647913	-0.549081	-0.398621	-0.589541	-0.414256	-0.395426	-0.566666	-0.395426	-0.414256	-0.49708	-0.574731	-0.414726	-0.438757	-0.446115	-0.395475	-0.662033	-0.490189	-0.572613	-0.45085	-0.552189	-0.414726	-0.499644	-0.523647	-0.427497	-0.444547	-0.42852	-0.598981	-0.511498	-0.587963	-0.429622	-0.644124	-0.491341	-0.590947	-0.440265	-0.67324	-0.436468	-0.3932	-0.444547	-0.483468	-0.45085	-0.359313	-0.418028	-0.440265	-0.576289	-0.452522	-0.465787	-0.49708	-0.576289	-0.507563	-0.611618	-0.483468	-0.587963	-0.449295	-0.425081	-0.626149	-0.575048	-0.61201	-0.399007	-0.601221	-0.641804	-0.572613	-0.489435	-0.445824	-0.424868	-0.443249	-0.447158	-0.499644	-0.444547	-0.474628	-0.523647	-0.311298	-0.39831	-0.402634	-0.520039	-0.430297	-0.523647	-0.398459	-0.417682	-0.558576	-0.452434	-0.515657	-0.504575	-0.490189	-0.478868	-0.477058	-0.448707	-0.523647	-0.461996	-0.447889	-0.424823	-0.558538	-0.49708	-0.402529	-0.415098	-0.577077	-0.507179	-0.566666	-0.61201	-0.633426	-0.402596	-0.587672	-0.417528	-0.303435	-0.499644	-0.627941	-0.640049	-0.471101	-0.639901	-0.507563	-0.548911	-0.621863
84000	intercept	0.53633	0.589623	0.50315	0.642807	0.530038	0.548033	0.522177	0.579995	0.539374	0.584653	0.515962	0.655459	0.620959	0.55034	0.586266	0.540965	0.544375	0.550398	0.544825	0.57322	0.530039	0.527094	0.54068	0.668409	0.568851	0.59622	0.568137	0.53507	0.651815	0.609116	0.549828	0.52706	0.535	0.550608	0.599748	0.550659	0.60911	0.589405	0.466788	0.535091	0.528965	0.635678	0.562148	0.57909	0.658847	0.518635	0.543736	0.545569	0.537541	0.575598	0.525175	0.596973	0.540243	0.549577	0.531981	0.556823	0.543399	0.565611	0.580984	0.553877	0.435533	0.578975	0.605456	0.64326	0.620037	0.565728	0.623615	0.557637	0.533222	0.529744	0.607202	0.575449	0.695459	0.574719	0.636818	0.58324	0.539279	0.619799	0.543555	0.528064	0.58916	0.459889	0.436909	0.563419	0.555633	0.662629	0.535347	0.610647	0.597023	0.687786	0.580114	0.604094	0.502518	0.57992	0.526463	0.583008	0.508134	0.612072	0.622983	0.543257	0.644644	0.556998	0.556945	0.567123	0.535649	0.547034	0.563855	0.576504	0.563938	0.542391	0.517842	0.533099	0.660026	0.596024	0.504477	0.504773	0.649177	0.535902	0.619704	0.623896	0.536784	0.543507	0.4627	0.620682	0.561526	0.637912	0.52462	0.517126	0.628251	0.612343	0.561241	0.592097	0.564042	0.604453	0.583676	0.516235	0.594187	0.593671	0.565898	0.585029	0.569085	0.568228	0.538929	0.628871	0.529531	0.541175	0.462513	0.595117	0.637172	0.51717	0.515359	0.558248	0.525212	0.558642	0.530104	0.507754	0.657331	0.55379	0.5318	0.520168	0.568036	0.521718	0.435457	0.574874	0.5825	0.586821	0.606394	0.497944	0.597143	0.48395	0.655357	0.59216	0.618694	0.613534	0.531148	0.589688	0.55031	0.600235	0.580622	0.649648	0.527665	0.535199	0.571593	0.514786	0.622418	0.595503	0.503547	0.601747	0.62835	0.538682	0.530529	0.518274	0.58074	0.550108	0.679675	0.613511	0.527347	0.610995	0.518628	0.617304	0.721527	0.497897	0.554842	0.523965	0.520393	0.553251	0.520393	0.544506	0.537356	0.600186	0.551226	0.542885	0.514818	0.54676	0.54676	0.521729	0.541542	0.537604	0.529957	0.572331	0.521729	0.588858	0.640621	0.689506	0.535187	0.545468	0.537952	0.6462	0.552591	0.588858	0.616639	0.572874	0.475495	0.53764	0.546239	0.514754	0.525808	0.616639	0.550092	0.697867	0.570259	0.703413	0.641103	0.507837	0.526246	0.537356	0.538482	0.676591	0.551226	0.529957	0.551893	0.577886	0.551404	0.536293	0.533966	0.554169	0.682658	0.518464	0.554342	0.563767	0.667171	0.58095	0.661062	0.699348	0.530002	0.699348	0.616639	0.514818	0.554169	0.539372	0.475495	0.557625	0.57752	0.631703	0.472936	0.67519	0.549955	0.550858	0.514818	0.541542	0.560093	0.616639	0.4767	0.514818	0.549955	0.734623	0.519434	0.6462	0.645525	0.698376	0.589866	0.549955	0.654523	0.521627	0.546618	0.621374	0.546618	0.522935	0.538143	0.615103	0.548217	0.58095	0.552566	0.566621	0.74467	0.494216	0.703833	0.514818	0.650467	0.566621	0.546239	0.570259	0.518628	0.518103	0.537952	0.727063	0.537604	0.641103	0.530477	0.704903	0.514738	0.61968	0.491545	0.689506	0.551226	0.533064	0.518103	0.55277	0.514818	0.518464	0.571902	0.491545	0.631703	0.497897	0.547025	0.548599	0.631703	0.537604	0.616639	0.55277	0.623008	0.514818	0.537952	0.683219	0.646735	0.693452	0.561582	0.652699	0.698376	0.703833	0.569495	0.497897	0.55017	0.553848	0.497897	0.546239	0.538668	0.532805	0.577711	0.383485	0.556617	0.554169	0.552591	0.551226	0.564502	0.542793	0.528912	0.641151	0.540379	0.529541	0.537604	0.494216	0.573116	0.514738	0.552108	0.570259	0.547025	0.556085	0.542547	0.653549	0.548599	0.536293	0.526094	0.6462	0.603662	0.621374	0.675237	0.676591	0.584858	0.642441	0.559558	0.394366	0.546239	0.699348	0.778113	0.562368	0.703413	0.537604	0.545468	0.67067
85000	slope	-0.467389	-0.432489	-0.484701	-0.453047	-0.471513	-0.524067	-0.381412	-0.520572	-0.415911	-0.492522	-0.429257	-0.380297	-0.51789	-0.509823	-0.506637	-0.439925	-0.560048	-0.540736	-0.513052	-0.378182	-0.534396	-0.491356	-0.488873	-0.483571	-0.523507	-0.441045	-0.471863	-0.510179	-0.449053	-0.549548	-0.417636	-0.475306	-0.480044	-0.471902	-0.429999	-0.471179	-0.456536	-0.366689	-0.373454	-0.538014	-0.48044	-0.458833	-0.495915	-0.458695	-0.464909	-0.541324	-0.451361	-0.494093	-0.521354	-0.558237	-0.469032	-0.432108	-0.53689	-0.539633	-0.445584	-0.544082	-0.468607	-0.441939	-0.46971	-0.540526	-0.526084	-0.490861	-0.460405	-0.435909	-0.41698	-0.437573	-0.387762	-0.468725	-0.481273	-0.425884	-0.482141	-0.507485	-0.558813	-0.471742	-0.429834	-0.451493	-0.490953	-0.452869	-0.480761	-0.514839	-0.443469	-0.455337	-0.495196	-0.521456	-0.385313	-0.363059	-0.431386	-0.437552	-0.508958	-0.582384	-0.415186	-0.534326	-0.440158	-0.568337	-0.512064	-0.499987	-0.373107	-0.497383	-0.560655	-0.525611	-0.433933	-0.511008	-0.508018	-0.43509	-0.501994	-0.546338	-0.448742	-0.522992	-0.44693	-0.53278	-0.528907	-0.503015	-0.549746	-0.458029	-0.418534	-0.497042	-0.509098	-0.406563	-0.498166	-0.528459	-0.526592	-0.497514	-0.440257	-0.566612	-0.504103	-0.534295	-0.481614	-0.500975	-0.459818	-0.535398	-0.452136	-0.460686	-0.292892	-0.447872	-0.423738	-0.429913	-0.483565	-0.556196	-0.565598	-0.448343	-0.578162	-0.484011	-0.494535	-0.474863	-0.539014	-0.519205	-0.528044	-0.497949	-0.397896	-0.440746	-0.510555	-0.506493	-0.394287	-0.513311	-0.47317	-0.439966	-0.448714	-0.610102	-0.436673	-0.471902	-0.566246	-0.46377	-0.370655	-0.436923	-0.492357	-0.419918	-0.468605	-0.531786	-0.479874	-0.555443	-0.403382	-0.432372	-0.515353	-0.498815	-0.459794	-0.506597	-0.443201	-0.522494	-0.359838	-0.482024	-0.57021	-0.482039	-0.525562	-0.47441	-0.483733	-0.27403	-0.395589	-0.485719	-0.598041	-0.53695	-0.5809	-0.442841	-0.349124	-0.365784	-0.538276	-0.513862	-0.534004	-0.500354	-0.442654	-0.381678	-0.45417	-0.539002	-0.497605	-0.436468	-0.61261	-0.424549	-0.451768	-0.425606	-0.393672	-0.457176	-0.438998	-0.44165	-0.434993	-0.429396	-0.431431	-0.410246	-0.596474	-0.443191	-0.481933	-0.276361	-0.333874	-0.269203	-0.436881	-0.525839	-0.546537	-0.448494	-0.465727	-0.315207	-0.494452	-0.537713	-0.49404	-0.548334	-0.458334	-0.543267	-0.429716	-0.406091	-0.560151	-0.454185	-0.431702	-0.526517	-0.544649	-0.554036	-0.302377	-0.537713	-0.276361	-0.590943	-0.451768	-0.315207	-0.540596	-0.50239	-0.440772	-0.449775	-0.592556	-0.445417	-0.537593	-0.615582	-0.616435	-0.552189	-0.454185	-0.459744	-0.4547	-0.607797	-0.425606	-0.424652	-0.533499	-0.449755	-0.572992	-0.631504	-0.616435	-0.616435	-0.460749	-0.548334	-0.61984	-0.56079	-0.284425	-0.465727	-0.458332	-0.465727	-0.429396	-0.518375	-0.451409	-0.540184	-0.314013	-0.564057	-0.418512	-0.451995	-0.50239	-0.517765	-0.455344	-0.416622	-0.602194	-0.509879	-0.538945	-0.615639	-0.424742	-0.419075	-0.537713	-0.648836	-0.465257	-0.413595	-0.539002	-0.562634	-0.4547	-0.451995	-0.42973	-0.497504	-0.569244	-0.537713	-0.434993	-0.552189	-0.554036	-0.601344	-0.560151	-0.518375	-0.459168	-0.382533	-0.445417	-0.455828	-0.537713	-0.448528	-0.394899	-0.431702	-0.560151	-0.442144	-0.461695	-0.552189	-0.52745	-0.450769	-0.467831	-0.506228	-0.533499	-0.602242	-0.425718	-0.576407	-0.494611	-0.536402	-0.52449	-0.460322	-0.608331	-0.314013	-0.429716	-0.372207	-0.446446	-0.53959	-0.411155	-0.443951	-0.61984	-0.451746	-0.554036	-0.270578	-0.428022	-0.443191	-0.445279	-0.632798	-0.574882	-0.459168	-0.540596	-0.242317	-0.4547	-0.495264	-0.554036	-0.443401	-0.615582	-0.439213	-0.424652	-0.247353	-0.61261	-0.428022	-0.537713	-0.456084	-0.371431	-0.465257	-0.43039	-0.452752	-0.490292	-0.494611	-0.569244	-0.61261	-0.601344	-0.46952	-0.443617	-0.314013	-0.442793	-0.537713	-0.439228	-0.524564	-0.434993	-0.522975	-0.449775	-0.449796	-0.400893	-0.494611	-0.494611	-0.540596	-0.590943	-0.423527	-0.459168	-0.500048	-0.569244	-0.450872
85000	intercept	0.559079	0.526343	0.547324	0.573611	0.557493	0.636517	0.453535	0.583778	0.5274	0.584311	0.538451	0.450212	0.554811	0.563416	0.546035	0.549176	0.644229	0.616147	0.603458	0.491706	0.636393	0.582048	0.583259	0.540282	0.585855	0.538421	0.537535	0.578708	0.515561	0.633035	0.489309	0.536144	0.528701	0.539618	0.522538	0.601689	0.553081	0.473937	0.466408	0.609644	0.534598	0.556653	0.574851	0.539002	0.59318	0.615139	0.554751	0.566324	0.633855	0.645736	0.580854	0.508219	0.653821	0.542102	0.51593	0.587656	0.54006	0.523341	0.550888	0.632602	0.630276	0.608997	0.586743	0.560903	0.517246	0.558439	0.460241	0.532009	0.536324	0.549329	0.590529	0.611558	0.639695	0.563583	0.51804	0.539279	0.578399	0.563131	0.542381	0.612182	0.532191	0.515939	0.598589	0.599469	0.45147	0.444908	0.492468	0.47092	0.61739	0.673595	0.506086	0.623478	0.528503	0.638109	0.597327	0.593826	0.501068	0.597141	0.625785	0.550207	0.501491	0.560248	0.613759	0.502664	0.585288	0.645104	0.524036	0.613077	0.53146	0.599354	0.582978	0.56551	0.642109	0.519448	0.507032	0.639959	0.594231	0.544484	0.55297	0.607882	0.610208	0.551526	0.505513	0.664816	0.600311	0.59012	0.533437	0.552616	0.545285	0.599108	0.533137	0.556501	0.411137	0.550549	0.530776	0.510913	0.567348	0.656657	0.624487	0.520844	0.672118	0.538601	0.579754	0.530933	0.615597	0.609981	0.559588	0.588672	0.51696	0.528587	0.584128	0.579998	0.446963	0.602558	0.553997	0.536539	0.536364	0.681148	0.554993	0.531828	0.624808	0.523918	0.480402	0.513547	0.578178	0.516548	0.540065	0.603269	0.516056	0.62162	0.489753	0.505894	0.600105	0.58394	0.602168	0.575405	0.503084	0.602937	0.473731	0.532436	0.622779	0.506977	0.632678	0.556426	0.58253	0.407726	0.488429	0.549594	0.668689	0.586335	0.649608	0.547106	0.444908	0.448917	0.619223	0.589449	0.628275	0.567792	0.532024	0.50512	0.516857	0.64152	0.539151	0.541169	0.706251	0.488549	0.551447	0.506329	0.584295	0.585412	0.526113	0.517246	0.508182	0.50175	0.482416	0.515812	0.698803	0.508182	0.564285	0.426643	0.39913	0.421467	0.523713	0.589872	0.54901	0.516926	0.573042	0.411521	0.564453	0.549209	0.588676	0.669253	0.509513	0.660556	0.515476	0.529358	0.640636	0.51772	0.499685	0.572719	0.660556	0.657259	0.392242	0.54901	0.426643	0.654681	0.551447	0.41734	0.650919	0.59647	0.56318	0.524784	0.66064	0.569839	0.668403	0.687159	0.691946	0.641322	0.51772	0.508182	0.490692	0.699732	0.506329	0.545018	0.533247	0.542097	0.626551	0.723251	0.678787	0.678695	0.580669	0.668403	0.706251	0.64152	0.421467	0.573042	0.527011	0.573042	0.50175	0.569967	0.521947	0.650073	0.419655	0.641322	0.501268	0.519631	0.589872	0.589872	0.480416	0.523713	0.702533	0.561853	0.564454	0.706251	0.521997	0.494052	0.54901	0.726163	0.476224	0.523713	0.64152	0.660878	0.490692	0.519631	0.533627	0.527311	0.621927	0.54901	0.508182	0.62807	0.657259	0.650467	0.640636	0.55812	0.481283	0.529101	0.587758	0.502377	0.549209	0.517117	0.490139	0.515476	0.640636	0.511619	0.522274	0.607173	0.577496	0.539207	0.518496	0.554956	0.533247	0.706251	0.519741	0.639294	0.5797	0.657259	0.54901	0.548152	0.698803	0.401369	0.515476	0.517209	0.517056	0.533247	0.528715	0.518123	0.706251	0.478015	0.657259	0.421467	0.551515	0.508182	0.517117	0.743949	0.646026	0.497863	0.650919	0.389276	0.490692	0.520735	0.646438	0.519063	0.687159	0.516846	0.546742	0.389276	0.706251	0.546748	0.54901	0.520684	0.514419	0.509513	0.552117	0.567889	0.558008	0.5797	0.638576	0.706251	0.650467	0.608645	0.566553	0.419655	0.566553	0.549209	0.522829	0.668403	0.508182	0.550604	0.524784	0.556931	0.546207	0.579547	0.579547	0.650919	0.654681	0.508319	0.497863	0.592528	0.621927	0.517117
86000	slope	-0.449159	-0.385852	-0.532168	-0.505245	-0.494304	-0.493003	-0.406126	-0.407189	-0.413571	-0.452354	-0.409576	-0.409747	-0.500294	-0.426828	-0.431438	-0.415196	-0.507015	-0.505382	-0.292883	-0.515491	-0.497106	-0.475066	-0.487522	-0.395136	-0.509131	-0.419406	-0.514983	-0.446693	-0.52102	-0.471135	-0.542498	-0.424584	-0.480953	-0.449094	-0.367417	-0.49021	-0.479396	-0.47361	-0.370772	-0.451662	-0.474769	-0.489916	-0.468909	-0.470131	-0.473847	-0.544333	-0.542891	-0.494006	-0.409412	-0.41947	-0.44583	-0.282714	-0.553744	-0.466086	-0.475127	-0.496997	-0.386592	-0.465367	-0.541899	-0.537723	-0.354973	-0.519513	-0.504253	-0.398737	-0.392259	-0.468241	-0.485438	-0.464399	-0.469275	-0.466377	-0.494405	-0.416657	-0.473808	-0.501068	-0.401949	-0.468538	-0.444632	-0.345126	-0.533237	-0.309056	-0.369335	-0.390238	-0.354387	-0.464746	-0.373543	-0.39283	-0.495895	-0.596598	-0.399085	-0.376172	-0.490396	-0.41744	-0.359715	-0.408943	-0.453457	-0.526739	-0.425568	-0.514796	-0.494516	-0.458138	-0.487526	-0.374888	-0.454096	-0.526342	-0.464998	-0.46566	-0.47707	-0.457667	-0.54444	-0.389904	-0.49258	-0.44614	-0.492038	-0.465799	-0.471437	-0.397041	-0.446963	-0.465127	-0.439814	-0.419068	-0.39283	-0.490844	-0.496174	-0.37422	-0.435372	-0.375082	-0.47443	-0.347167	-0.410421	-0.409298	-0.470498	-0.520957	-0.507015	-0.484988	-0.308003	-0.582441	-0.450824	-0.430554	-0.38986	-0.555538	-0.52272	-0.46252	-0.407632	-0.446875	-0.496406	-0.380641	-0.401275	-0.466273	-0.494532	-0.442955	-0.534833	-0.454294	-0.314544	-0.505696	-0.439019	-0.357209	-0.556446	-0.435985	-0.457607	-0.538275	-0.381649	-0.343997	-0.524264	-0.462021	-0.465378	-0.296362	-0.537686	-0.421109	-0.472963	-0.372133	-0.42872	-0.484266	-0.503623	-0.544553	-0.516579	-0.421081	-0.418178	-0.491333	-0.533086	-0.352644	-0.467625	-0.47877	-0.413149	-0.520778	-0.379576	-0.375085	-0.47905	-0.503078	-0.386317	-0.461486	-0.369297	-0.473227	-0.363657	-0.482107	-0.400198	-0.516134	-0.53942	-0.450224	-0.54395	-0.405372	-0.464624	-0.543928	-0.465814	-0.493583	-0.547974	-0.449321	-0.46026	-0.313912	-0.504478	-0.39679	-0.286175	-0.527421	-0.459668	-0.412109	-0.273745	-0.487054	-0.493583	-0.638005	-0.463847	-0.47275	-0.492281	-0.486683	-0.407125	-0.443642	-0.452614	-0.52836	-0.45494	-0.425949	-0.295775	-0.292592	-0.283195	-0.310076	-0.547196	-0.625064	-0.459422	-0.452614	-0.313912	-0.443642	-0.441462	-0.503858	-0.492281	-0.506962	-0.561844	-0.577387	-0.528251	-0.464867	-0.631351	-0.463568	-0.453579	-0.464624	-0.313912	-0.449321	-0.501222	-0.506949	-0.501222	-0.303093	-0.441462	-0.480905	-0.302195	-0.631351	-0.455204	-0.425949	-0.494834	-0.319894	-0.45753	-0.441258	-0.52659	-0.454431	-0.305786	-0.459942	-0.547974	-0.459272	-0.29973	-0.413554	-0.482771	-0.308106	-0.492281	-0.508288	-0.494718	-0.489986	-0.296949	-0.454431	-0.468444	-0.494834	-0.502967	-0.43022	-0.506949	-0.423936	-0.296949	-0.459272	-0.295775	-0.511204	-0.319894	-0.457799	-0.389493	-0.482771	-0.453858	-0.529988	-0.504934	-0.43022	-0.452168	-0.486849	-0.525486	-0.627483	-0.546785	-0.463568	-0.313132	-0.506962	-0.460558	-0.480756	-0.554664	-0.303093	-0.445441	-0.501222	-0.481579	-0.305967	-0.454141	-0.516635	-0.423936	-0.412109	-0.501222	-0.451276	-0.393964	-0.389493	-0.478087	-0.463847	-0.290891	-0.292592	-0.492696	-0.631351	-0.488932	-0.547196	-0.529988	-0.470834	-0.306906	-0.310988	-0.546745	-0.528251	-0.482771	-0.448313	-0.443642	-0.313912	-0.443822	-0.444795	-0.444593	-0.452614	-0.445441	-0.308106	-0.443642	-0.501222	-0.528251	-0.488932	-0.459422	-0.48017	-0.504478	-0.386962	-0.501222	-0.457017	-0.480991	-0.541435	-0.452614	-0.501222	-0.398698	-0.486906	-0.487162	-0.398698	-0.297772	-0.260977	-0.509447	-0.288578	-0.292383	-0.577387	-0.509528	-0.313912	-0.384688	-0.577387	-0.439711	-0.492281	-0.436881	-0.472072	-0.386962	-0.459422	-0.310988	-0.297772	-0.564448	-0.313912	-0.509447	-0.492281	-0.459422	-0.308106	-0.384688	-0.482854	-0.310451	-0.522034	-0.528251	-0.398698	-0.516908	-0.29224	-0.493583	-0.313912
86000	intercept	0.506321	0.493359	0.615964	0.562722	0.585899	0.606996	0.494641	0.49895	0.562384	0.530642	0.496782	0.488718	0.542852	0.54271	0.516027	0.547219	0.553896	0.593187	0.419938	0.551093	0.599496	0.548382	0.569429	0.487261	0.585164	0.508651	0.631318	0.569022	0.596006	0.570583	0.621286	0.529797	0.558727	0.530009	0.435676	0.587199	0.568582	0.57635	0.496891	0.517183	0.532452	0.55799	0.542846	0.555086	0.537411	0.620862	0.607743	0.540386	0.505936	0.541762	0.546131	0.391023	0.653073	0.49476	0.518571	0.544225	0.485543	0.510943	0.601738	0.629794	0.447003	0.636639	0.558669	0.51328	0.472735	0.519802	0.550252	0.586607	0.524787	0.539995	0.537683	0.525877	0.538307	0.599127	0.503246	0.55957	0.50105	0.465809	0.625862	0.414941	0.445307	0.474543	0.467762	0.552847	0.499897	0.510347	0.568979	0.67929	0.471888	0.487236	0.56595	0.541109	0.459404	0.512543	0.562861	0.628969	0.58185	0.600475	0.527344	0.516886	0.613465	0.467773	0.521395	0.571277	0.55326	0.546535	0.547084	0.530192	0.620862	0.487071	0.583846	0.528637	0.597022	0.542832	0.554594	0.490913	0.526887	0.547311	0.505362	0.521843	0.509884	0.548955	0.572486	0.499113	0.502939	0.484613	0.57694	0.474658	0.514171	0.503076	0.584353	0.605382	0.554941	0.593931	0.405754	0.678955	0.568691	0.53974	0.515058	0.621833	0.613404	0.555224	0.549475	0.524453	0.555649	0.459517	0.479794	0.540535	0.57622	0.542238	0.614297	0.52589	0.440194	0.579105	0.523688	0.423839	0.617909	0.516858	0.586484	0.576098	0.469549	0.476239	0.612534	0.525198	0.586607	0.427029	0.607513	0.522106	0.505322	0.488003	0.508359	0.583886	0.532777	0.635779	0.574926	0.533621	0.536218	0.547887	0.590579	0.469905	0.541513	0.56595	0.470817	0.548873	0.47732	0.441123	0.600696	0.56553	0.454274	0.535886	0.475035	0.564184	0.474103	0.55572	0.579749	0.605473	0.643347	0.517557	0.620916	0.498312	0.538408	0.60639	0.537027	0.563768	0.533979	0.512832	0.520244	0.435577	0.599756	0.457188	0.389128	0.550978	0.552537	0.484453	0.379641	0.526773	0.563768	0.704273	0.541661	0.52237	0.604264	0.570761	0.5003	0.471761	0.555619	0.578411	0.548437	0.543553	0.44569	0.375082	0.44569	0.436817	0.64383	0.695896	0.523217	0.555619	0.43951	0.471761	0.518874	0.542389	0.60338	0.594359	0.650024	0.647592	0.620793	0.567285	0.704273	0.520244	0.536902	0.538408	0.419118	0.512832	0.572075	0.587888	0.578833	0.40573	0.518874	0.617665	0.420707	0.704273	0.582097	0.543553	0.594997	0.407062	0.537451	0.511214	0.59401	0.511214	0.44167	0.531576	0.533979	0.531576	0.418853	0.507179	0.628444	0.418853	0.604264	0.581157	0.570332	0.551921	0.393692	0.507225	0.582097	0.594997	0.622666	0.5003	0.584336	0.560293	0.408368	0.531576	0.44569	0.56415	0.407062	0.534322	0.596902	0.622666	0.56319	0.646706	0.573974	0.5003	0.528503	0.604264	0.581657	0.685916	0.568652	0.500411	0.401136	0.582889	0.567285	0.555619	0.652427	0.40573	0.505269	0.550085	0.597591	0.406511	0.583158	0.561677	0.560293	0.484453	0.550085	0.534322	0.477497	0.596902	0.431842	0.541661	0.44569	0.375082	0.609376	0.704273	0.583158	0.648748	0.646706	0.528503	0.419118	0.454232	0.680416	0.620793	0.631849	0.56319	0.467704	0.43951	0.496831	0.514877	0.485531	0.555619	0.505269	0.418853	0.467513	0.576372	0.65326	0.583158	0.523217	0.585807	0.599756	0.526261	0.550085	0.539335	0.570438	0.64383	0.555619	0.557678	0.493507	0.550085	0.526773	0.493507	0.44569	0.379641	0.564855	0.44167	0.389128	0.647592	0.630321	0.397583	0.523393	0.647592	0.533946	0.594224	0.512298	0.561083	0.526261	0.511472	0.454232	0.44569	0.641566	0.440271	0.564855	0.604264	0.531514	0.418853	0.50676	0.617672	0.437865	0.581657	0.620793	0.493507	0.561677	0.429324	0.563768	0.43951
87000	slope	-0.429797	-0.528565	-0.493146	-0.476203	-0.555992	-0.415467	-0.404918	-0.491693	-0.573857	-0.37068	-0.479021	-0.52942	-0.566547	-0.50407	-0.485978	-0.502623	-0.425318	-0.519251	-0.470937	-0.403292	-0.467839	-0.524683	-0.555114	-0.409879	-0.453905	-0.384513	-0.454378	-0.481423	-0.539388	-0.517992	-0.393382	-0.406922	-0.423127	-0.39813	-0.486629	-0.505829	-0.513509	-0.51206	-0.516405	-0.483197	-0.493622	-0.488699	-0.506725	-0.5194	-0.491852	-0.502177	-0.509163	-0.483134	-0.547324	-0.477466	-0.394708	-0.485631	-0.525157	-0.425285	-0.483598	-0.53808	-0.500348	-0.307015	-0.523106	-0.437562	-0.388484	-0.428362	-0.526207	-0.481955	-0.529293	-0.540134	-0.540134	-0.488353	-0.499604	-0.442946	-0.492334	-0.478335	-0.540275	-0.495695	-0.366819	-0.504164	-0.422321	-0.506362	-0.321943	-0.400377	-0.506035	-0.457117	-0.455473	-0.34977	-0.484184	-0.474032	-0.578103	-0.518926	-0.354085	-0.518286	-0.470826	-0.420596	-0.503266	-0.52972	-0.542603	-0.537762	-0.49218	-0.37974	-0.44643	-0.477542	-0.402307	-0.481514	-0.509303	-0.472977	-0.377077	-0.517374	-0.436815	-0.473054	-0.529266	-0.50233	-0.495477	-0.536093	-0.5235	-0.488531	-0.488568	-0.386703	-0.500671	-0.532493	-0.40901	-0.483757	-0.435368	-0.390873	-0.462921	-0.427704	-0.39208	-0.470263	-0.372714	-0.470129	-0.502949	-0.480933	-0.484177	-0.491207	-0.416494	-0.524811	-0.406112	-0.483267	-0.533368	-0.394174	-0.471882	-0.504917	-0.430598	-0.478466	-0.427543	-0.467175	-0.501236	-0.479908	-0.396854	-0.473622	-0.509872	-0.492727	-0.5731	-0.459804	-0.526033	-0.480731	-0.512336	-0.493192	-0.495864	-0.474384	-0.484165	-0.451258	-0.563088	-0.509411	-0.470536	-0.496329	-0.491744	-0.518384	-0.516956	-0.482967	-0.502994	-0.502929	-0.515729	-0.46088	-0.487567	-0.505408	-0.483708	-0.433714	-0.408331	-0.505296	-0.51109	-0.428819	-0.477381	-0.524617	-0.392783	-0.469324	-0.401739	-0.306485	-0.451526	-0.469383	-0.456527	-0.517461	-0.398939	-0.424468	-0.474531	-0.353799	-0.513274	-0.507643	-0.478299	-0.434609	-0.488114	-0.493199	-0.498101	-0.469301	-0.418281	-0.451438	-0.487336	-0.530765	-0.543432	-0.52354	-0.307576	-0.506447	-0.42574	-0.472999	-0.509105	-0.29735	-0.53985	-0.537402	-0.487336	-0.271141	-0.462796	-0.290959	-0.316142	-0.503511	-0.418281	-0.451141	-0.494609	-0.459388	-0.516208	-0.398282	-0.494288	-0.455312	-0.480797	-0.501207	-0.437548	-0.474853	-0.53434	-0.48632	-0.475436	-0.456747	-0.487134	-0.500215	-0.451631	-0.451421	-0.420195	-0.42936	-0.487336	-0.527608	-0.29735	-0.503619	-0.504368	-0.483099	-0.524806	-0.51159	-0.471535	-0.426157	-0.31562	-0.506404	-0.4854	-0.555166	-0.465581	-0.315205	-0.522023	-0.52354	-0.270621	-0.45693	-0.524806	-0.458618	-0.513215	-0.496255	-0.507753	-0.494609	-0.457074	-0.504063	-0.318965	-0.539683	-0.450359	-0.535964	-0.312702	-0.432869	-0.432869	-0.480808	-0.539027	-0.547804	-0.543362	-0.494609	-0.540194	-0.448887	-0.49032	-0.54068	-0.539683	-0.48632	-0.54068	-0.506528	-0.53985	-0.481289	-0.408028	-0.291892	-0.517852	-0.551355	-0.515229	-0.487134	-0.464818	-0.54068	-0.54068	-0.384825	-0.454004	-0.428933	-0.330885	-0.352995	-0.451438	-0.433437	-0.459526	-0.45006	-0.451631	-0.483099	-0.330885	-0.539683	-0.524806	-0.491386	-0.412886	-0.515229	-0.433092	-0.451421	-0.524806	-0.404827	-0.412116	-0.523054	-0.46743	-0.328546	-0.428933	-0.46743	-0.433437	-0.402581	-0.472291	-0.449445	-0.502611	-0.53985	-0.475436	-0.527608	-0.465107	-0.54068	-0.487336	-0.503511	-0.42574	-0.494573	-0.459388	-0.313002	-0.504368	-0.294713	-0.409544	-0.296785	-0.403776	-0.453151	-0.503619	-0.450064	-0.427635	-0.283145	-0.350343	-0.520506	-0.452338	-0.301141	-0.451421	-0.313002	-0.461491	-0.499563	-0.42574	-0.512261	-0.328546	-0.491386	-0.48638	-0.503619	-0.536598	-0.42574	-0.453249	-0.437453	-0.487336	-0.617178	-0.415453	-0.392138	-0.509105	-0.525286	-0.491786	-0.437548	-0.4854	-0.31786	-0.315754	-0.549236	-0.554198	-0.514187	-0.32345	-0.4854	-0.335954	-0.495179	-0.31562	-0.437453	-0.524806	-0.506637	-0.506447	-0.496058	-0.487134	-0.427917
87000	intercept	0.52854	0.551102	0.554783	0.550955	0.628977	0.527995	0.479313	0.557189	0.678911	0.477138	0.531523	0.611237	0.612991	0.562507	0.563689	0.550604	0.510245	0.573652	0.560386	0.471442	0.526553	0.574802	0.634574	0.485287	0.55368	0.474567	0.550917	0.559904	0.55946	0.580558	0.493544	0.512438	0.52634	0.49691	0.602681	0.564362	0.609755	0.58594	0.534112	0.546765	0.583528	0.535899	0.567082	0.578671	0.541504	0.56878	0.555271	0.59831	0.63416	0.557908	0.502484	0.551707	0.576328	0.487355	0.54547	0.616386	0.596814	0.433537	0.631423	0.522654	0.515166	0.511915	0.552542	0.52397	0.610693	0.564662	0.575204	0.569763	0.59678	0.51218	0.586991	0.553302	0.601019	0.577478	0.450339	0.61706	0.484079	0.55409	0.438434	0.586584	0.586892	0.555065	0.530828	0.460116	0.559939	0.564161	0.678123	0.636006	0.44905	0.556743	0.525502	0.549153	0.537816	0.601613	0.590675	0.604312	0.566285	0.496625	0.486332	0.549676	0.478294	0.545899	0.542831	0.549029	0.482956	0.544003	0.543105	0.514428	0.608663	0.551203	0.565273	0.587502	0.551745	0.584993	0.57464	0.474279	0.568007	0.577315	0.48679	0.592957	0.51284	0.479	0.552187	0.501744	0.477252	0.538557	0.472617	0.546883	0.556229	0.537707	0.538374	0.549326	0.529608	0.57381	0.548752	0.551195	0.59234	0.527853	0.592304	0.58552	0.546574	0.546583	0.50769	0.541073	0.56354	0.575191	0.488521	0.527617	0.581199	0.619372	0.623911	0.557641	0.563862	0.579551	0.570667	0.568803	0.585718	0.573591	0.574301	0.564779	0.627899	0.584434	0.538696	0.577801	0.564117	0.604314	0.53692	0.546516	0.551816	0.565705	0.561676	0.553945	0.551552	0.593955	0.529489	0.50503	0.532778	0.545836	0.603342	0.55745	0.526442	0.618427	0.480535	0.534024	0.506389	0.428584	0.513231	0.509169	0.51904	0.589955	0.480733	0.498837	0.545445	0.484282	0.548894	0.573681	0.529033	0.503269	0.519228	0.587609	0.504633	0.550668	0.560536	0.615223	0.556467	0.624625	0.591139	0.512744	0.422729	0.570738	0.538363	0.569745	0.553479	0.441254	0.591139	0.548216	0.564714	0.423053	0.539048	0.485144	0.448064	0.591301	0.560536	0.558868	0.592281	0.535527	0.592403	0.532142	0.571725	0.495358	0.585701	0.555936	0.489088	0.576537	0.662235	0.556112	0.569375	0.515832	0.518208	0.612987	0.50013	0.526332	0.558012	0.49717	0.555936	0.554668	0.441254	0.576537	0.551494	0.545333	0.555756	0.550914	0.507466	0.52665	0.437593	0.5415	0.555677	0.599493	0.577902	0.453071	0.548472	0.533308	0.408763	0.569375	0.533823	0.540909	0.563125	0.552608	0.545708	0.582557	0.542621	0.579473	0.456995	0.663574	0.527119	0.59855	0.422729	0.558012	0.558012	0.545092	0.663574	0.640695	0.57196	0.582557	0.554668	0.519195	0.519476	0.687042	0.663574	0.556112	0.666227	0.59672	0.591139	0.545092	0.538363	0.442327	0.544653	0.670597	0.568149	0.505907	0.539013	0.670598	0.666227	0.52885	0.49717	0.558012	0.455373	0.419029	0.604665	0.530431	0.529986	0.607451	0.50013	0.545333	0.455373	0.663574	0.541373	0.545708	0.558012	0.558356	0.49717	0.526332	0.541373	0.487595	0.508418	0.560596	0.548437	0.420043	0.558012	0.567098	0.530431	0.481816	0.57473	0.535614	0.54531	0.591139	0.569375	0.554668	0.577902	0.666227	0.564714	0.612987	0.538363	0.561741	0.535527	0.442327	0.551494	0.410551	0.548322	0.419007	0.503359	0.566189	0.569365	0.569375	0.550595	0.410551	0.456389	0.533823	0.556522	0.410551	0.526332	0.442327	0.544876	0.551494	0.538363	0.572974	0.420043	0.545708	0.5415	0.57461	0.580528	0.538363	0.521488	0.503098	0.556467	0.692673	0.559942	0.538005	0.553479	0.648336	0.552115	0.48066	0.553696	0.415913	0.476934	0.57196	0.568502	0.554212	0.455373	0.555299	0.439509	0.551426	0.432986	0.503098	0.549865	0.594439	0.570738	0.589822	0.514536	0.538363
88000	slope	-0.465795	-0.481538	-0.380209	-0.507498	-0.449852	-0.459491	-0.440039	-0.434752	-0.469693	-0.464498	-0.5097	-0.430072	-0.485519	-0.5056	-0.470908	-0.510029	-0.449676	-0.422021	-0.43804	-0.325584	-0.407324	-0.389469	-0.448136	-0.422313	-0.419403	-0.426545	-0.470483	-0.397562	-0.461763	-0.428323	-0.550899	-0.46904	-0.488654	-0.401281	-0.410194	-0.470551	-0.462243	-0.442385	-0.391579	-0.446716	-0.433512	-0.382276	-0.491942	-0.439206	-0.473926	-0.435843	-0.403417	-0.389328	-0.518092	-0.483655	-0.401281	-0.412892	-0.443769	-0.481591	-0.48123	-0.415149	-0.540673	-0.444273	-0.452744	-0.479673	-0.509671	-0.435251	-0.461773	-0.42797	-0.387958	-0.468235	-0.419172	-0.475006	-0.455516	-0.349442	-0.467232	-0.426195	-0.436792	-0.450825	-0.408499	-0.479624	-0.394882	-0.445396	-0.413417	-0.420377	-0.433578	-0.473284	-0.445235	-0.465638	-0.45695	-0.445553	-0.480928	-0.40944	-0.404458	-0.450654	-0.422009	-0.409198	-0.458371	-0.489169	-0.460982	-0.434673	-0.468049	-0.428471	-0.506248	-0.502694	-0.458111	-0.393236	-0.46986	-0.517609	-0.435696	-0.417776	-0.43088	-0.472006	-0.45259	-0.43491	-0.429129	-0.487397	-0.488315	-0.414392	-0.4853	-0.490447	-0.369245	-0.449246	-0.460732	-0.426004	-0.472503	-0.47278	-0.458192	-0.426623	-0.464775	-0.480528	-0.468745	-0.41966	-0.388925	-0.471063	-0.509617	-0.464221	-0.496733	-0.435835	-0.457103	-0.430503	-0.431555	-0.475924	-0.383419	-0.440018	-0.466291	-0.496415	-0.511027	-0.449846	-0.434341	-0.46312	-0.48423	-0.411943	-0.473799	-0.433007	-0.477801	-0.370312	-0.41284	-0.417162	-0.485237	-0.447447	-0.475097	-0.470192	-0.4933	-0.455194	-0.535862	-0.506837	-0.416222	-0.427671	-0.466619	-0.451757	-0.423751	-0.443295	-0.461357	-0.399234	-0.433037	-0.470985	-0.446364	-0.493454	-0.407644	-0.436244	-0.476627	-0.404584	-0.404604	-0.460804	-0.413651	-0.499049	-0.442639	-0.42122	-0.392671	-0.494286	-0.424686	-0.354964	-0.415965	-0.453889	-0.457331	-0.446611	-0.446924	-0.446557	-0.395848	-0.437855	-0.456649	-0.456031	-0.445673	-0.364865	-0.516342	-0.442644	-0.494778	-0.49195	-0.455368	-0.48218	-0.476511	-0.48218	-0.453509	-0.451989	-0.375426	-0.402698	-0.438315	-0.453751	-0.375426	-0.449841	-0.436961	-0.41259	-0.471878	-0.464841	-0.325757	-0.429112	-0.536805	-0.406889	-0.421891	-0.358871	-0.441368	-0.436961	-0.371322	-0.424822	-0.398929	-0.452956	-0.516215	-0.471878	-0.523542	-0.48218	-0.476511	-0.407115	-0.561627	-0.481327	-0.436961	-0.436961	-0.423258	-0.464767	-0.527143	-0.4841	-0.591055	-0.281458	-0.521061	-0.380636	-0.453193	-0.49492	-0.5315	-0.432459	-0.436961	-0.461388	-0.403268	-0.423258	-0.406192	-0.388489	-0.564434	-0.429843	-0.465923	-0.501724	-0.4841	-0.47608	-0.496516	-0.447976	-0.430912	-0.445607	-0.412749	-0.382996	-0.365001	-0.451989	-0.488899	-0.402698	-0.423258	-0.443926	-0.407115	-0.464554	-0.461388	-0.461388	-0.387166	-0.431229	-0.464554	-0.431229	-0.389211	-0.442168	-0.430912	-0.481327	-0.455484	-0.423258	-0.447976	-0.382276	-0.437026	-0.424798	-0.349052	-0.426535	-0.462968	-0.45755	-0.438315	-0.488899	-0.461388	-0.485614	-0.564434	-0.42479	-0.402698	-0.474738	-0.411601	-0.425817	-0.463381	-0.449979	-0.485614	-0.449841	-0.444447	-0.474738	-0.498199	-0.398929	-0.415149	-0.468472	-0.508593	-0.336738	-0.485614	-0.473641	-0.474738	-0.436961	-0.459637	-0.429843	-0.436961	-0.436622	-0.379465	-0.455368	-0.431229	-0.398167	-0.429404	-0.325757	-0.527143	-0.416312	-0.48218	-0.326779	-0.447976	-0.403114	-0.442313	-0.382276	-0.488899	-0.431229	-0.429404	-0.381845	-0.455368	-0.387166	-0.533168	-0.508873	-0.395514	-0.467804	-0.537422	-0.434344	-0.450299	-0.43866	-0.43206	-0.300318	-0.430912	-0.473999	-0.48218	-0.449979	-0.371322	-0.523542	-0.450739	-0.388625	-0.424555	-0.508873	-0.406889	-0.501724	-0.365094	-0.498511	-0.483263	-0.365532	-0.436961	-0.453751	-0.461388	-0.436961	-0.491124	-0.55168	-0.511145	-0.289361	-0.449979	-0.407115	-0.458666	-0.523542	-0.377688	-0.496516	-0.461388	-0.447976	-0.490924	-0.431229	-0.43206	-0.376269	-0.4841	-0.434344	-0.442816	-0.425123
88000	intercept	0.551972	0.586202	0.49473	0.563741	0.520084	0.514951	0.514611	0.531121	0.567056	0.523239	0.553333	0.500119	0.510013	0.537971	0.548198	0.582822	0.499808	0.51909	0.539307	0.456778	0.555348	0.488793	0.50446	0.515013	0.487222	0.534018	0.584752	0.527458	0.553192	0.504677	0.581942	0.559716	0.542713	0.502585	0.518157	0.561747	0.550911	0.510986	0.522499	0.524901	0.509093	0.553066	0.557881	0.531687	0.550063	0.510973	0.529419	0.474652	0.5822	0.522228	0.502585	0.527541	0.510948	0.617539	0.539569	0.529413	0.557997	0.50576	0.522501	0.562898	0.576753	0.511842	0.510115	0.537466	0.553078	0.531391	0.534576	0.552105	0.58285	0.490233	0.516058	0.500914	0.519542	0.496109	0.497601	0.538506	0.516784	0.545101	0.548522	0.525304	0.553125	0.53694	0.556951	0.523212	0.517534	0.565137	0.557636	0.478103	0.541237	0.544887	0.517503	0.544714	0.546963	0.565648	0.554514	0.564484	0.562264	0.509596	0.574686	0.624697	0.533197	0.489054	0.570827	0.572742	0.581113	0.53002	0.537784	0.55035	0.532416	0.514712	0.550289	0.554146	0.573845	0.527813	0.546082	0.534908	0.49556	0.556752	0.596719	0.537684	0.545862	0.542167	0.544002	0.532802	0.49381	0.584185	0.496676	0.516363	0.507813	0.52545	0.564608	0.527794	0.558504	0.496668	0.566998	0.522644	0.52837	0.609122	0.499021	0.524654	0.539646	0.559951	0.630329	0.517682	0.519127	0.552105	0.567364	0.52911	0.520244	0.525365	0.556858	0.45788	0.519763	0.527734	0.5576	0.521449	0.593347	0.531182	0.573495	0.570382	0.562733	0.600071	0.516132	0.523808	0.518936	0.513316	0.511249	0.538427	0.554796	0.496666	0.546957	0.549579	0.507285	0.564288	0.521823	0.566715	0.548821	0.53011	0.549922	0.554855	0.498414	0.538455	0.534005	0.489693	0.514517	0.570651	0.516561	0.509184	0.570096	0.527951	0.567666	0.537843	0.546547	0.543893	0.474996	0.537426	0.527751	0.537782	0.512785	0.491367	0.552501	0.509045	0.60906	0.55822	0.515678	0.587378	0.581302	0.574228	0.564223	0.517408	0.467651	0.517717	0.513942	0.508147	0.469424	0.564223	0.547619	0.517717	0.512793	0.533778	0.477887	0.556705	0.538972	0.521534	0.524894	0.512462	0.507356	0.547619	0.446279	0.559009	0.537735	0.500315	0.559523	0.517755	0.586493	0.577541	0.576509	0.521534	0.680269	0.571576	0.547596	0.547619	0.497648	0.53237	0.555627	0.649023	0.596484	0.369712	0.550665	0.494232	0.512851	0.495755	0.551125	0.542712	0.547596	0.526227	0.499923	0.492456	0.53333	0.504875	0.542443	0.542583	0.516107	0.674165	0.649023	0.506793	0.588449	0.525312	0.540167	0.500969	0.542086	0.537064	0.565473	0.525783	0.502093	0.517717	0.492456	0.555424	0.521534	0.471802	0.550382	0.545112	0.54159	0.553761	0.471802	0.55991	0.576228	0.482254	0.547286	0.571576	0.506793	0.492456	0.525312	0.529904	0.544166	0.52795	0.440947	0.55516	0.552266	0.540621	0.528779	0.502093	0.545112	0.493036	0.542443	0.547619	0.517717	0.571576	0.56062	0.56306	0.506793	0.518213	0.493036	0.564223	0.501273	0.571576	0.670854	0.537735	0.529413	0.507334	0.520652	0.433424	0.504786	0.506793	0.571576	0.547619	0.509845	0.542583	0.547596	0.520816	0.537848	0.515678	0.55991	0.497145	0.519773	0.477887	0.561669	0.535137	0.587378	0.448989	0.522104	0.535137	0.528956	0.576228	0.502093	0.553761	0.519773	0.499923	0.515678	0.541808	0.542443	0.670854	0.494232	0.505967	0.586493	0.509045	0.548627	0.540167	0.517438	0.468671	0.540156	0.559137	0.587378	0.521217	0.446279	0.586493	0.512901	0.517717	0.492956	0.675721	0.521534	0.674165	0.450621	0.674165	0.567009	0.478028	0.547619	0.525642	0.526227	0.543411	0.609718	0.577022	0.520652	0.468671	0.518213	0.521534	0.541755	0.586493	0.534855	0.574273	0.550382	0.546881	0.507913	0.557798	0.517438	0.512462	0.648024	0.509045	0.547619	0.557798
89000	slope	-0.432833	-0.462558	-0.44266	-0.443462	-0.480161	-0.479516	-0.448477	-0.407311	-0.451189	-0.424546	-0.401041	-0.382781	-0.487055	-0.463742	-0.482819	-0.453389	-0.499065	-0.40926	-0.461741	-0.474906	-0.442223	-0.467188	-0.371503	-0.491713	-0.521945	-0.396287	-0.481241	-0.464225	-0.395518	-0.420059	-0.450057	-0.430507	-0.421635	-0.41564	-0.428221	-0.427884	-0.458351	-0.354401	-0.436003	-0.437066	-0.455931	-0.448881	-0.464268	-0.427678	-0.429299	-0.393735	-0.433306	-0.46746	-0.415736	-0.369405	-0.397938	-0.383671	-0.44313	-0.45056	-0.365299	-0.425991	-0.465181	-0.425497	-0.431818	-0.450353	-0.40541	-0.39629	-0.428275	-0.409203	-0.403382	-0.411712	-0.42565	-0.41593	-0.372699	-0.46621	-0.446098	-0.399507	-0.459792	-0.414755	-0.45278	-0.438536	-0.415605	-0.403865	-0.449697	-0.408184	-0.358972	-0.450905	-0.47151	-0.416011	-0.490791	-0.429338	-0.417806	-0.476464	-0.342481	-0.450896	-0.439048	-0.416151	-0.414123	-0.443974	-0.477575	-0.450306	-0.48496	-0.442518	-0.413043	-0.409116	-0.431464	-0.4411	-0.416669	-0.462216	-0.481735	-0.380332	-0.475084	-0.422091	-0.409836	-0.468003	-0.446927	-0.420667	-0.363574	-0.461996	-0.484733	-0.428669	-0.44356	-0.43528	-0.417776	-0.412637	-0.448186	-0.447686	-0.412808	-0.458499	-0.413036	-0.427846	-0.442646	-0.395861	-0.450642	-0.415814	-0.471826	-0.375056	-0.470096	-0.425005	-0.417612	-0.427355	-0.474209	-0.436853	-0.372369	-0.45826	-0.409135	-0.453557	-0.466906	-0.475637	-0.42721	-0.443894	-0.427504	-0.474271	-0.35948	-0.426065	-0.465424	-0.42827	-0.389683	-0.443921	-0.4495	-0.419738	-0.429877	-0.435118	-0.458585	-0.474957	-0.457372	-0.475353	-0.371731	-0.362845	-0.422228	-0.348318	-0.443484	-0.434002	-0.385319	-0.424301	-0.435849	-0.450533	-0.391442	-0.465265	-0.404727	-0.485732	-0.450891	-0.415569	-0.450232	-0.436769	-0.426575	-0.463689	-0.398316	-0.39837	-0.417612	-0.457013	-0.438157	-0.46829	-0.437057	-0.387642	-0.406712	-0.424012	-0.477634	-0.423622	-0.469075	-0.422751	-0.428038	-0.434347	-0.421497	-0.424745	-0.422084	-0.518133	-0.427152	-0.466766	-0.414471	-0.286793	-0.458494	-0.484172	-0.358939	-0.401428	-0.401428	-0.403604	-0.419507	-0.448062	-0.533105	-0.496272	-0.392367	-0.41405	-0.511713	-0.41744	-0.407595	-0.417496	-0.44477	-0.428155	-0.45434	-0.455358	-0.398725	-0.460021	-0.462664	-0.321551	-0.379211	-0.522335	-0.45434	-0.405739	-0.301611	-0.468329	-0.511214	-0.428155	-0.405952	-0.45434	-0.397526	-0.427317	-0.447561	-0.410945	-0.522335	-0.407595	-0.466263	-0.477454	-0.405739	-0.399716	-0.415897	-0.419536	-0.443086	-0.433434	-0.412654	-0.461	-0.416763	-0.439059	-0.450422	-0.551205	-0.433754	-0.500355	-0.423432	-0.358939	-0.398303	-0.477697	-0.456257	-0.494668	-0.412128	-0.414283	-0.453695	-0.421975	-0.458431	-0.325068	-0.327902	-0.500355	-0.398725	-0.44361	-0.53793	-0.42516	-0.429466	-0.503569	-0.519397	-0.469758	-0.441779	-0.417643	-0.527951	-0.487621	-0.415267	-0.40647	-0.363106	-0.472399	-0.440479	-0.443086	-0.517627	-0.416233	-0.483117	-0.470791	-0.397587	-0.46562	-0.411674	-0.322371	-0.434487	-0.40284	-0.47954	-0.398725	-0.386058	-0.502015	-0.409525	-0.436704	-0.421282	-0.45434	-0.522618	-0.407595	-0.438574	-0.474158	-0.419536	-0.44477	-0.408846	-0.384981	-0.401428	-0.479828	-0.503569	-0.452053	-0.365673	-0.366357	-0.42516	-0.442714	-0.406986	-0.5065	-0.389704	-0.446196	-0.448062	-0.397587	-0.436704	-0.380658	-0.401428	-0.443422	-0.498349	-0.467865	-0.421636	-0.517627	-0.447561	-0.397802	-0.371568	-0.434487	-0.483117	-0.520804	-0.421798	-0.403672	-0.412654	-0.421798	-0.500332	-0.527951	-0.41856	-0.406794	-0.413916	-0.488724	-0.331528	-0.483117	-0.415947	-0.398725	-0.474843	-0.533105	-0.480415	-0.412654	-0.436877	-0.439059	-0.422834	-0.406794	-0.443604	-0.431959	-0.357946	-0.544407	-0.44477	-0.441894	-0.479439	-0.327902	-0.458431	-0.5065	-0.322371	-0.455675	-0.405739	-0.425835	-0.458431	-0.321551	-0.425835	-0.327902	-0.325068	-0.431528	-0.412654	-0.486175	-0.371568	-0.470619	-0.358161	-0.359249	-0.437215	-0.443422	-0.375403	-0.417643
89000	intercept	0.553587	0.522302	0.541862	0.511804	0.551399	0.550772	0.527562	0.521886	0.549559	0.564011	0.528191	0.52653	0.575801	0.560577	0.55753	0.572768	0.561699	0.536439	0.553359	0.603381	0.514164	0.52846	0.498891	0.561003	0.561765	0.506656	0.5492	0.524114	0.527191	0.548649	0.527925	0.53833	0.505729	0.557957	0.53099	0.515516	0.535603	0.517799	0.553087	0.543766	0.567696	0.52601	0.537395	0.536827	0.494148	0.478648	0.511783	0.564693	0.533125	0.474849	0.531596	0.521976	0.502562	0.523548	0.475209	0.558166	0.566383	0.518798	0.497289	0.516703	0.52252	0.549264	0.52329	0.528296	0.500557	0.500286	0.541374	0.543604	0.501878	0.500002	0.569337	0.506844	0.547743	0.529365	0.522407	0.547645	0.550366	0.527517	0.544427	0.534084	0.479523	0.51211	0.568973	0.49855	0.530713	0.479667	0.560981	0.530591	0.510838	0.550957	0.511866	0.520463	0.564497	0.51876	0.574988	0.557502	0.575917	0.524358	0.523871	0.505299	0.502556	0.533204	0.552734	0.569393	0.523897	0.490342	0.511706	0.522626	0.486583	0.530474	0.561078	0.530404	0.487198	0.526225	0.582192	0.512764	0.531667	0.539713	0.54915	0.54371	0.553988	0.546745	0.540729	0.541805	0.516275	0.537993	0.568688	0.495236	0.559678	0.53596	0.55145	0.54173	0.544022	0.543891	0.515514	0.535322	0.582454	0.559615	0.535325	0.545795	0.524921	0.528052	0.507365	0.532686	0.502025	0.538512	0.514689	0.52244	0.525896	0.511305	0.562863	0.538013	0.530111	0.510955	0.573146	0.543733	0.533533	0.541533	0.532888	0.554158	0.537811	0.585504	0.536495	0.514585	0.50852	0.472119	0.525263	0.529892	0.503316	0.534803	0.506845	0.520599	0.483982	0.573849	0.549596	0.561188	0.514155	0.538	0.531247	0.518313	0.550924	0.591879	0.52661	0.563169	0.5188	0.52096	0.497755	0.534231	0.527236	0.514288	0.531907	0.493017	0.521903	0.500974	0.538797	0.539411	0.536048	0.505471	0.491027	0.535913	0.547677	0.573527	0.511358	0.520816	0.482056	0.509623	0.613135	0.554941	0.521762	0.490864	0.490864	0.479213	0.482302	0.580962	0.584644	0.510607	0.551944	0.530083	0.590003	0.482302	0.528296	0.544163	0.534375	0.577266	0.531639	0.502981	0.540997	0.523526	0.529548	0.502499	0.488814	0.54795	0.53141	0.550561	0.469276	0.520816	0.555723	0.577266	0.472276	0.53141	0.56062	0.496372	0.538457	0.486551	0.54795	0.528296	0.545244	0.549935	0.550561	0.51264	0.551427	0.536859	0.564256	0.555708	0.545705	0.53141	0.487133	0.574133	0.504013	0.588544	0.570491	0.551232	0.519943	0.521762	0.503401	0.60908	0.484712	0.583888	0.545051	0.545705	0.508287	0.463871	0.534375	0.452004	0.457571	0.551232	0.540997	0.540228	0.567922	0.574172	0.504013	0.6387	0.534144	0.531635	0.491038	0.520442	0.553802	0.539563	0.503894	0.518735	0.533154	0.531401	0.493033	0.564256	0.570545	0.480764	0.580759	0.609472	0.522825	0.519192	0.563872	0.502499	0.493033	0.554141	0.519939	0.528296	0.509722	0.501539	0.514684	0.574906	0.538522	0.531639	0.510507	0.528296	0.465662	0.536972	0.52196	0.534375	0.538591	0.488814	0.490864	0.596483	0.6387	0.51457	0.48234	0.539902	0.574172	0.515743	0.541837	0.554063	0.521901	0.544222	0.580962	0.540299	0.574906	0.521762	0.490864	0.520225	0.561416	0.533146	0.535062	0.570545	0.538457	0.585815	0.492234	0.493033	0.58812	0.585256	0.474957	0.47915	0.541837	0.493728	0.63667	0.552807	0.530083	0.551427	0.518153	0.630275	0.502499	0.581763	0.506013	0.519731	0.498571	0.584644	0.616715	0.545705	0.526076	0.561027	0.564943	0.551427	0.500589	0.518153	0.499617	0.566051	0.534375	0.500589	0.607318	0.457571	0.534375	0.584192	0.502499	0.520225	0.533957	0.555204	0.534375	0.502499	0.551594	0.457571	0.456182	0.555708	0.541837	0.581875	0.499617	0.60908	0.480818	0.557076	0.508617	0.520381	0.48598	0.529577
90000	slope	-0.443804	-0.412858	-0.433681	-0.428832	-0.438381	-0.45069	-0.455136	-0.477639	-0.478565	-0.383837	-0.493131	-0.496691	-0.471625	-0.474171	-0.4383	-0.470386	-0.488602	-0.469813	-0.450599	-0.498599	-0.479753	-0.451356	-0.441176	-0.402341	-0.51112	-0.441148	-0.356842	-0.477012	-0.50841	-0.456512	-0.390575	-0.439871	-0.41771	-0.452288	-0.454882	-0.45233	-0.428886	-0.367208	-0.489901	-0.422539	-0.464488	-0.396056	-0.470734	-0.498257	-0.466347	-0.410438	-0.475332	-0.441667	-0.413072	-0.456308	-0.503527	-0.455012	-0.494917	-0.386233	-0.435731	-0.418399	-0.453544	-0.465043	-0.424201	-0.424399	-0.39706	-0.481068	-0.497121	-0.498587	-0.431369	-0.4465	-0.457815	-0.451157	-0.455533	-0.420126	-0.489131	-0.435607	-0.469388	-0.411521	-0.420909	-0.422904	-0.373655	-0.503724	-0.46162	-0.461201	-0.507062	-0.479089	-0.461269	-0.486543	-0.447347	-0.413053	-0.424364	-0.420426	-0.430058	-0.457983	-0.473663	-0.525224	-0.441847	-0.459503	-0.404165	-0.407341	-0.440805	-0.512372	-0.449613	-0.422466	-0.46276	-0.432772	-0.446078	-0.450788	-0.465878	-0.408199	-0.474196	-0.471482	-0.439474	-0.438577	-0.417438	-0.435272	-0.445837	-0.476021	-0.427954	-0.46326	-0.471353	-0.500745	-0.396035	-0.463947	-0.442579	-0.522078	-0.477595	-0.423998	-0.450216	-0.462688	-0.456881	-0.430836	-0.492289	-0.475366	-0.437631	-0.473385	-0.480424	-0.493387	-0.507739	-0.455315	-0.515372	-0.42058	-0.405423	-0.483041	-0.430965	-0.450474	-0.424363	-0.498747	-0.443956	-0.476701	-0.477289	-0.410511	-0.454664	-0.421789	-0.487193	-0.415198	-0.488742	-0.413188	-0.377656	-0.449163	-0.405256	-0.396663	-0.423307	-0.460234	-0.476394	-0.45592	-0.424803	-0.418905	-0.454413	-0.501438	-0.47077	-0.487526	-0.422503	-0.471544	-0.407256	-0.474118	-0.462462	-0.450576	-0.439878	-0.473243	-0.439708	-0.462437	-0.491765	-0.469659	-0.465962	-0.461744	-0.450199	-0.420023	-0.49234	-0.508247	-0.425406	-0.414634	-0.457524	-0.448562	-0.420538	-0.491123	-0.407858	-0.462438	-0.487444	-0.475222	-0.488058	-0.478056	-0.440957	-0.41261	-0.432462	-0.423804	-0.407256	-0.496691	-0.435994	-0.516929	-0.498153	-0.405461	-0.435994	-0.432097	-0.498153	-0.493207	-0.416963	-0.406953	-0.421778	-0.457959	-0.51599	-0.433791	-0.439189	-0.407256	-0.39936	-0.534446	-0.522282	-0.417248	-0.533721	-0.500429	-0.507019	-0.485529	-0.405461	-0.477445	-0.462793	-0.486892	-0.500798	-0.423804	-0.404953	-0.489835	-0.500412	-0.417248	-0.534446	-0.407584	-0.431163	-0.48392	-0.400385	-0.496927	-0.528376	-0.404257	-0.522282	-0.417248	-0.397088	-0.452001	-0.294009	-0.465866	-0.499743	-0.412002	-0.445369	-0.427222	-0.435994	-0.408627	-0.542944	-0.434727	-0.45939	-0.453455	-0.49547	-0.528166	-0.45864	-0.460693	-0.461614	-0.454601	-0.462793	-0.394104	-0.427389	-0.435994	-0.442953	-0.481146	-0.405461	-0.515468	-0.447699	-0.435994	-0.397708	-0.420477	-0.527711	-0.407256	-0.430751	-0.414375	-0.414375	-0.405461	-0.447378	-0.500429	-0.562493	-0.512588	-0.435994	-0.45939	-0.476712	-0.443422	-0.387046	-0.45666	-0.511562	-0.448171	-0.498153	-0.460693	-0.436262	-0.405461	-0.437794	-0.400667	-0.496691	-0.542944	-0.481146	-0.496691	-0.455135	-0.432462	-0.412002	-0.498153	-0.445495	-0.528166	-0.51112	-0.408887	-0.435994	-0.503644	-0.385208	-0.436474	-0.427122	-0.427222	-0.432462	-0.483269	-0.435994	-0.498187	-0.368008	-0.294009	-0.403194	-0.51599	-0.509873	-0.501014	-0.407584	-0.424418	-0.405461	-0.403297	-0.450375	-0.498316	-0.515784	-0.419681	-0.400172	-0.457959	-0.423429	-0.457959	-0.407584	-0.500429	-0.425087	-0.381889	-0.496691	-0.536885	-0.455666	-0.533666	-0.419695	-0.445495	-0.432462	-0.405461	-0.443422	-0.454601	-0.48392	-0.417636	-0.49547	-0.434541	-0.294009	-0.349139	-0.379909	-0.428027	-0.500429	-0.449135	-0.393368	-0.457959	-0.399182	-0.401625	-0.444439	-0.502748	-0.500429	-0.498153	-0.497657	-0.407143	-0.407256	-0.433185	-0.498587	-0.376266	-0.259956	-0.500798	-0.498153	-0.457959	-0.392816	-0.443422	-0.42372	-0.445495	-0.495483	-0.51599	-0.423814	-0.40949	-0.443557	-0.515468	-0.45939	-0.407793	-0.455407	-0.481146
90000	intercept	0.531242	0.485948	0.527859	0.510946	0.576496	0.54044	0.552794	0.57183	0.555518	0.538211	0.555131	0.549756	0.536507	0.540083	0.517907	0.551217	0.534193	0.518492	0.553081	0.627676	0.551582	0.51672	0.540688	0.559407	0.549654	0.552071	0.514313	0.519592	0.593102	0.514749	0.52147	0.526316	0.546382	0.560714	0.542493	0.510335	0.484026	0.499426	0.570448	0.526609	0.510317	0.501245	0.543704	0.549374	0.551763	0.542787	0.554769	0.52124	0.545686	0.527689	0.567544	0.526445	0.604218	0.514325	0.498701	0.497452	0.514853	0.586493	0.528611	0.561894	0.522046	0.578473	0.566579	0.606552	0.536541	0.500965	0.526182	0.51486	0.538719	0.535362	0.551086	0.518444	0.539512	0.511478	0.515298	0.524014	0.532722	0.569391	0.55836	0.513267	0.568417	0.594192	0.506421	0.575042	0.550563	0.507494	0.498526	0.498663	0.504029	0.543393	0.548825	0.599009	0.512508	0.506665	0.516528	0.530305	0.570703	0.581376	0.504047	0.510037	0.558275	0.544646	0.530075	0.594719	0.553484	0.541271	0.55302	0.525393	0.495879	0.498362	0.499302	0.545275	0.515067	0.599316	0.503061	0.589547	0.593476	0.571883	0.524816	0.517272	0.547365	0.570719	0.549199	0.487391	0.535538	0.542731	0.5654	0.530232	0.552123	0.539261	0.505665	0.546165	0.55838	0.602305	0.576619	0.535416	0.552726	0.523289	0.502768	0.534921	0.525631	0.558182	0.503997	0.60941	0.504267	0.496727	0.532406	0.497668	0.56497	0.513182	0.508627	0.486396	0.575714	0.509144	0.503518	0.480297	0.525168	0.496721	0.481657	0.581061	0.59914	0.557935	0.559717	0.501812	0.512593	0.558618	0.553715	0.555332	0.530287	0.54146	0.530305	0.528715	0.523349	0.53781	0.508441	0.560956	0.501444	0.540153	0.56505	0.545704	0.542731	0.533789	0.513379	0.51141	0.610002	0.621252	0.516905	0.522741	0.552475	0.595388	0.490008	0.530331	0.523691	0.539361	0.570421	0.566026	0.543893	0.52443	0.565257	0.562459	0.486608	0.57922	0.530305	0.549756	0.479228	0.606887	0.508675	0.507659	0.479228	0.53116	0.505343	0.523627	0.501171	0.530335	0.488824	0.541247	0.547537	0.494835	0.509764	0.530305	0.478248	0.625749	0.614854	0.539044	0.591982	0.574921	0.550298	0.566579	0.507659	0.54124	0.508579	0.539631	0.61399	0.571969	0.501171	0.584021	0.538356	0.539044	0.625749	0.536211	0.535081	0.531601	0.52222	0.596175	0.600338	0.55926	0.613424	0.539044	0.517104	0.528826	0.500629	0.521192	0.629956	0.488756	0.526918	0.576786	0.486026	0.530158	0.637241	0.582506	0.494908	0.582506	0.544094	0.58555	0.559156	0.551211	0.532416	0.541962	0.476472	0.523614	0.534988	0.479228	0.496678	0.548787	0.514012	0.620827	0.515098	0.479228	0.507659	0.555785	0.550298	0.530305	0.494544	0.542179	0.527681	0.507659	0.537823	0.588484	0.578047	0.544094	0.479228	0.494908	0.542296	0.511967	0.526757	0.463405	0.553949	0.553695	0.505343	0.551211	0.53125	0.499743	0.48173	0.530157	0.549756	0.642013	0.548787	0.549756	0.533848	0.48173	0.488756	0.508675	0.495654	0.58555	0.549654	0.534374	0.479228	0.591734	0.558625	0.543537	0.577137	0.576786	0.486608	0.521192	0.479228	0.639125	0.536766	0.49003	0.509012	0.555282	0.548574	0.575133	0.536211	0.530305	0.514012	0.530305	0.508579	0.568217	0.592828	0.569014	0.45525	0.536035	0.565932	0.536035	0.536211	0.588484	0.529592	0.507659	0.549756	0.626377	0.513474	0.557642	0.529897	0.495654	0.486608	0.507659	0.527037	0.559156	0.531601	0.588707	0.544094	0.521421	0.500629	0.48909	0.486058	0.498996	0.588484	0.544371	0.526897	0.536035	0.487576	0.526897	0.543924	0.597957	0.574921	0.501804	0.566579	0.551369	0.530305	0.518121	0.602367	0.485844	0.480876	0.61399	0.497406	0.560191	0.465092	0.527037	0.503371	0.495654	0.573266	0.555282	0.564984	0.569014	0.503506	0.6257	0.499186	0.502751	0.526918	0.548787
91000	slope	-0.488217	-0.423501	-0.475722	-0.425514	-0.448975	-0.448432	-0.449638	-0.49788	-0.475128	-0.488437	-0.421964	-0.454624	-0.441317	-0.424796	-0.498245	-0.42904	-0.474908	-0.451326	-0.45647	-0.436208	-0.444577	-0.469167	-0.492402	-0.46567	-0.452255	-0.434396	-0.442278	-0.42257	-0.456442	-0.463824	-0.465955	-0.491952	-0.476844	-0.42707	-0.470599	-0.452873	-0.428708	-0.462596	-0.431339	-0.442839	-0.488969	-0.449279	-0.487191	-0.472305	-0.454589	-0.440883	-0.466988	-0.495848	-0.474026	-0.430825	-0.44803	-0.432269	-0.409366	-0.449241	-0.450487	-0.471906	-0.419936	-0.461829	-0.518922	-0.454534	-0.430765	-0.42667	-0.458771	-0.424881	-0.419596	-0.490669	-0.472503	-0.513991	-0.443338	-0.45302	-0.452601	-0.448819	-0.448498	-0.506793	-0.457883	-0.430568	-0.518042	-0.474651	-0.434205	-0.509039	-0.417764	-0.492626	-0.434931	-0.475833	-0.428461	-0.464867	-0.472437	-0.459719	-0.41389	-0.455645	-0.469185	-0.495659	-0.435044	-0.441775	-0.500853	-0.448111	-0.456946	-0.462233	-0.496366	-0.495289	-0.473434	-0.425044	-0.451572	-0.404193	-0.44039	-0.435653	-0.500274	-0.458669	-0.464003	-0.436983	-0.450775	-0.451487	-0.463833	-0.4887	-0.412978	-0.472789	-0.489167	-0.490548	-0.441496	-0.481141	-0.438374	-0.445195	-0.46247	-0.502053	-0.484531	-0.444353	-0.437785	-0.453106	-0.478648	-0.455385	-0.519782	-0.47531	-0.455769	-0.483673	-0.463548	-0.432079	-0.443128	-0.513769	-0.489317	-0.476098	-0.436401	-0.432181	-0.476906	-0.395233	-0.423137	-0.411417	-0.417603	-0.44678	-0.445195	-0.465013	-0.448118	-0.477044	-0.552748	-0.464001	-0.484979	-0.49883	-0.466809	-0.458527	-0.464315	-0.41596	-0.476411	-0.481838	-0.418412	-0.490385	-0.453435	-0.44448	-0.532868	-0.465766	-0.470733	-0.501229	-0.43715	-0.481378	-0.421626	-0.484819	-0.427748	-0.47424	-0.533031	-0.433504	-0.402221	-0.451653	-0.48319	-0.47648	-0.488176	-0.454318	-0.515953	-0.423729	-0.44931	-0.462462	-0.464684	-0.431695	-0.45664	-0.423831	-0.478236	-0.501661	-0.495434	-0.472424	-0.426948	-0.419964	-0.402079	-0.434254	-0.407328	-0.442133	-0.515485	-0.414325	-0.515485	-0.425758	-0.454473	-0.452088	-0.445318	-0.468607	-0.436491	-0.497755	-0.482042	-0.445822	-0.39567	-0.424469	-0.418129	-0.442505	-0.572444	-0.501999	-0.482376	-0.484548	-0.436015	-0.509031	-0.435926	-0.490776	-0.522261	-0.407328	-0.477161	-0.442505	-0.461047	-0.478558	-0.442133	-0.443211	-0.451992	-0.4468	-0.457402	-0.457465	-0.421411	-0.439061	-0.423453	-0.516937	-0.539563	-0.422169	-0.401345	-0.469575	-0.498864	-0.475036	-0.43103	-0.435926	-0.450411	-0.45815	-0.498864	-0.465924	-0.486088	-0.450785	-0.466727	-0.418129	-0.429875	-0.468607	-0.454473	-0.466129	-0.509645	-0.461047	-0.597582	-0.363899	-0.475036	-0.44697	-0.469575	-0.4237	-0.483988	-0.474866	-0.498864	-0.482376	-0.425581	-0.41831	-0.429343	-0.478034	-0.436491	-0.509645	-0.481529	-0.486943	-0.518277	-0.439079	-0.466545	-0.437476	-0.438078	-0.482376	-0.42107	-0.522439	-0.532174	-0.429343	-0.451188	-0.47247	-0.484669	-0.439149	-0.439149	-0.427204	-0.492396	-0.431618	-0.456992	-0.468821	-0.41642	-0.518642	-0.451643	-0.476712	-0.473041	-0.39567	-0.480051	-0.442133	-0.394675	-0.453532	-0.511192	-0.489753	-0.418129	-0.436491	-0.492709	-0.45788	-0.450935	-0.459549	-0.474381	-0.455119	-0.538111	-0.450595	-0.524618	-0.509297	-0.4237	-0.459825	-0.487482	-0.429089	-0.494462	-0.515935	-0.435716	-0.414225	-0.451263	-0.417222	-0.444187	-0.469856	-0.39567	-0.470176	-0.563737	-0.486088	-0.447325	-0.489753	-0.509031	-0.450595	-0.432773	-0.4549	-0.459825	-0.481529	-0.416679	-0.523829	-0.4237	-0.389776	-0.459549	-0.435926	-0.452088	-0.426113	-0.431489	-0.482376	-0.466984	-0.490776	-0.524393	-0.478413	-0.452088	-0.505142	-0.476074	-0.459549	-0.39507	-0.439079	-0.445822	-0.447325	-0.509645	-0.414325	-0.441148	-0.466959	-0.492396	-0.494462	-0.429875	-0.46484	-0.528147	-0.459059	-0.44759	-0.482253	-0.43536	-0.456763	-0.456992	-0.423705	-0.45076	-0.437763	-0.452088	-0.445822	-0.439149	-0.44697	-0.443103	-0.46741	-0.51093	-0.429875	-0.431618	-0.492396
91000	intercept	0.556957	0.508854	0.560605	0.518497	0.563698	0.541829	0.526601	0.572311	0.582866	0.592919	0.53311	0.547863	0.505229	0.529031	0.585953	0.517937	0.556554	0.531936	0.522549	0.560104	0.52374	0.540951	0.559894	0.525234	0.540055	0.5452	0.535771	0.496981	0.574321	0.543316	0.576669	0.536749	0.558523	0.553088	0.544043	0.548698	0.540046	0.553594	0.5436	0.549601	0.598443	0.519064	0.563855	0.546524	0.540829	0.541384	0.541478	0.553429	0.593842	0.534022	0.532039	0.539303	0.553142	0.573104	0.533543	0.549856	0.544135	0.540128	0.592002	0.534103	0.533005	0.540728	0.555843	0.552883	0.518169	0.584346	0.546169	0.57703	0.547282	0.513267	0.531713	0.557171	0.537228	0.581052	0.553777	0.543863	0.572629	0.520679	0.525119	0.603691	0.506334	0.539564	0.541655	0.547003	0.538803	0.542245	0.556517	0.538758	0.554021	0.502512	0.53978	0.567206	0.532508	0.524625	0.572563	0.537268	0.545025	0.527711	0.56621	0.555449	0.548303	0.507847	0.548827	0.550203	0.549091	0.540989	0.600712	0.541386	0.545331	0.538284	0.567996	0.535911	0.573014	0.553429	0.521855	0.573749	0.574557	0.577122	0.564664	0.536494	0.549608	0.515144	0.514148	0.56377	0.572896	0.560146	0.535049	0.556629	0.502402	0.550068	0.587942	0.586138	0.560573	0.549682	0.542422	0.518898	0.539589	0.556285	0.534248	0.565116	0.507999	0.554374	0.508374	0.49926	0.535656	0.535162	0.525257	0.539623	0.533146	0.550817	0.532665	0.543731	0.609754	0.533613	0.588114	0.559378	0.557106	0.556714	0.532738	0.523876	0.546325	0.551843	0.543846	0.574045	0.550294	0.563263	0.566783	0.528419	0.570342	0.575687	0.5478	0.528582	0.551073	0.578788	0.553354	0.581649	0.618202	0.546165	0.541654	0.549763	0.580085	0.575899	0.548809	0.541024	0.594896	0.537321	0.530161	0.51064	0.53395	0.550952	0.575786	0.53674	0.532852	0.593634	0.603586	0.541664	0.546448	0.512091	0.506979	0.557425	0.539831	0.550852	0.611412	0.559302	0.611412	0.558023	0.532629	0.55897	0.537755	0.588141	0.55334	0.566131	0.560535	0.512715	0.564738	0.533278	0.559302	0.538385	0.604666	0.537579	0.575857	0.539939	0.485335	0.557693	0.534541	0.560144	0.61903	0.539831	0.567053	0.538385	0.527037	0.552762	0.550852	0.55334	0.508742	0.53035	0.5472	0.55334	0.571963	0.534951	0.53501	0.573422	0.634064	0.53441	0.523901	0.542385	0.493756	0.563179	0.533278	0.534541	0.525123	0.542201	0.493756	0.559408	0.569221	0.527741	0.526674	0.559302	0.558066	0.604685	0.519848	0.54366	0.570761	0.527037	0.604704	0.564738	0.563179	0.549395	0.542385	0.573459	0.555139	0.551871	0.493756	0.584175	0.538385	0.547961	0.539255	0.5244	0.570583	0.570761	0.568969	0.554101	0.611412	0.525123	0.542385	0.540386	0.531	0.575857	0.519096	0.608988	0.625973	0.550852	0.525117	0.546355	0.564029	0.527741	0.527741	0.568905	0.568969	0.484426	0.588578	0.543399	0.55326	0.594426	0.507904	0.545492	0.54309	0.564738	0.542385	0.550852	0.491101	0.539514	0.556779	0.527758	0.559302	0.544975	0.568969	0.54309	0.558202	0.522497	0.560989	0.520702	0.622891	0.541075	0.608988	0.600241	0.573459	0.54197	0.528464	0.551491	0.556779	0.573422	0.546419	0.571963	0.538941	0.530559	0.573459	0.542385	0.564738	0.558202	0.595499	0.569221	0.50677	0.527758	0.557693	0.544612	0.558202	0.549395	0.54197	0.568969	0.55326	0.559107	0.573459	0.514403	0.495865	0.534541	0.545072	0.488537	0.492104	0.575857	0.537981	0.560144	0.608988	0.567053	0.549395	0.518662	0.532667	0.495865	0.573234	0.525123	0.503895	0.508742	0.570761	0.559302	0.525117	0.548514	0.568969	0.560346	0.557122	0.559974	0.553694	0.55224	0.557122	0.559408	0.546615	0.491033	0.588578	0.536861	0.520789	0.557122	0.549395	0.512715	0.527741	0.549395	0.575909	0.549966	0.584433	0.557122	0.484426	0.568969
92000	slope	-0.441028	-0.459915	-0.43257	-0.371538	-0.475006	-0.435422	-0.447023	-0.464711	-0.421098	-0.453144	-0.410713	-0.472557	-0.437154	-0.465385	-0.466121	-0.446287	-0.424533	-0.458243	-0.419361	-0.433187	-0.431731	-0.433919	-0.462166	-0.441809	-0.450133	-0.462403	-0.464286	-0.44251	-0.480951	-0.435684	-0.41165	-0.410165	-0.504121	-0.46048	-0.473465	-0.435237	-0.460604	-0.450889	-0.441156	-0.436788	-0.468647	-0.434877	-0.420178	-0.481424	-0.461157	-0.458255	-0.462703	-0.442813	-0.461489	-0.418701	-0.446987	-0.454505	-0.481633	-0.405169	-0.447623	-0.465299	-0.460799	-0.448984	-0.436384	-0.434141	-0.504696	-0.42316	-0.478733	-0.417356	-0.470099	-0.465877	-0.42427	-0.4488	-0.511643	-0.485473	-0.416898	-0.427637	-0.442354	-0.404642	-0.475718	-0.430139	-0.455749	-0.450445	-0.38747	-0.450447	-0.461896	-0.482246	-0.465811	-0.464492	-0.504857	-0.48411	-0.516796	-0.445824	-0.419574	-0.508069	-0.452437	-0.495801	-0.418038	-0.435248	-0.454576	-0.476093	-0.456245	-0.442983	-0.473039	-0.482552	-0.476306	-0.456912	-0.4244	-0.511643	-0.515078	-0.43431	-0.446267	-0.466141	-0.447888	-0.482793	-0.483598	-0.401327	-0.429549	-0.474036	-0.453304	-0.441641	-0.442416	-0.417625	-0.503765	-0.457484	-0.449354	-0.421245	-0.454951	-0.433924	-0.459055	-0.464509	-0.43004	-0.467158	-0.439572	-0.443632	-0.449501	-0.466882	-0.421318	-0.469387	-0.454525	-0.482745	-0.455132	-0.490157	-0.454151	-0.464594	-0.427945	-0.450861	-0.435116	-0.497201	-0.495674	-0.417674	-0.48919	-0.487318	-0.45154	-0.461174	-0.415665	-0.444585	-0.455369	-0.503566	-0.407368	-0.455708	-0.471948	-0.476348	-0.44527	-0.459193	-0.396241	-0.476202	-0.459458	-0.498019	-0.463366	-0.429864	-0.446002	-0.449899	-0.404048	-0.411619	-0.438616	-0.470435	-0.473053	-0.429801	-0.455148	-0.407864	-0.478706	-0.49278	-0.477076	-0.417378	-0.494771	-0.397403	-0.485605	-0.442917	-0.47018	-0.459221	-0.428599	-0.447739	-0.457511	-0.432921	-0.437474	-0.451612	-0.490625	-0.427666	-0.446203	-0.441162	-0.4849	-0.445492	-0.504859	-0.4748	-0.453323	-0.418492	-0.416219	-0.466191	-0.457736	-0.542248	-0.413132	-0.448504	-0.457699	-0.481468	-0.451641	-0.379748	-0.461189	-0.542248	-0.458511	-0.448933	-0.455148	-0.457468	-0.349402	-0.423423	-0.396163	-0.484693	-0.456259	-0.431412	-0.349402	-0.398441	-0.500963	-0.483103	-0.430359	-0.546547	-0.414308	-0.455116	-0.445745	-0.481468	-0.480229	-0.461839	-0.492923	-0.442819	-0.408015	-0.419499	-0.542248	-0.453403	-0.44887	-0.483103	-0.385138	-0.457468	-0.459169	-0.542248	-0.415112	-0.410087	-0.392018	-0.435509	-0.473662	-0.440379	-0.455148	-0.457699	-0.466728	-0.43974	-0.49995	-0.475935	-0.501068	-0.453253	-0.408314	-0.455148	-0.45114	-0.421479	-0.485732	-0.482933	-0.461388	-0.443067	-0.446526	-0.414625	-0.477549	-0.468129	-0.455148	-0.469938	-0.433329	-0.414308	-0.444245	-0.44721	-0.420128	-0.44929	-0.455148	-0.469277	-0.480333	-0.483298	-0.42541	-0.453253	-0.46617	-0.480333	-0.453403	-0.473864	-0.480229	-0.485732	-0.450242	-0.468642	-0.472021	-0.41296	-0.444635	-0.456259	-0.402865	-0.481038	-0.420378	-0.480333	-0.455148	-0.44887	-0.41569	-0.468911	-0.418189	-0.461189	-0.410087	-0.445293	-0.483103	-0.455148	-0.489906	-0.486015	-0.455148	-0.472282	-0.453253	-0.420933	-0.481468	-0.453403	-0.455148	-0.414239	-0.49706	-0.523658	-0.459169	-0.410362	-0.452603	-0.455675	-0.453403	-0.416219	-0.469938	-0.455148	-0.44721	-0.440266	-0.455148	-0.451772	-0.469938	-0.41528	-0.353781	-0.431105	-0.414308	-0.416219	-0.444245	-0.462962	-0.465313	-0.425244	-0.504016	-0.442273	-0.452603	-0.416219	-0.44305	-0.473764	-0.483298	-0.420414	-0.446526	-0.42541	-0.492226	-0.494908	-0.408314	-0.439402	-0.461664	-0.482488	-0.448504	-0.464206	-0.442976	-0.500307	-0.414308	-0.446526	-0.468332	-0.384261	-0.41296	-0.455148	-0.478188	-0.485158	-0.427134	-0.455148	-0.486964	-0.418492	-0.418492	-0.41296	-0.41528	-0.455148	-0.457748	-0.408015	-0.473836	-0.408314	-0.431132	-0.450196	-0.483103	-0.46617	-0.430549	-0.471273	-0.472282	-0.428658	-0.481468	-0.354228	-0.445691	-0.468332
92000	intercept	0.563021	0.530593	0.533549	0.557219	0.602345	0.505214	0.548812	0.589257	0.53331	0.545107	0.523079	0.55308	0.510785	0.568026	0.561557	0.527365	0.53854	0.575272	0.525633	0.543824	0.555536	0.529562	0.548974	0.566841	0.541024	0.540518	0.581701	0.4969	0.574111	0.553423	0.490756	0.53865	0.584717	0.524196	0.566785	0.552216	0.547895	0.530194	0.532816	0.512073	0.547195	0.546421	0.524764	0.570858	0.522343	0.531373	0.536619	0.567159	0.552352	0.553501	0.546826	0.534773	0.563599	0.563422	0.532019	0.541344	0.567018	0.560741	0.550901	0.559133	0.532954	0.524764	0.588241	0.555529	0.544845	0.523115	0.536165	0.540058	0.591817	0.538123	0.535818	0.527502	0.511824	0.532138	0.605248	0.519182	0.559955	0.548072	0.498834	0.544694	0.539232	0.532948	0.541323	0.585609	0.580531	0.53314	0.597411	0.535544	0.515495	0.559631	0.56758	0.561999	0.518205	0.550394	0.52942	0.542085	0.56078	0.539816	0.572605	0.577144	0.545143	0.565876	0.528294	0.601823	0.595374	0.53992	0.522438	0.583084	0.536265	0.540798	0.527991	0.527541	0.526921	0.56779	0.578494	0.510115	0.563962	0.537263	0.585674	0.562684	0.523637	0.495227	0.560292	0.556495	0.544772	0.589408	0.538591	0.53846	0.550455	0.541868	0.528733	0.569735	0.57048	0.550709	0.52845	0.553611	0.570705	0.569406	0.534596	0.545685	0.535712	0.541335	0.569243	0.563457	0.53359	0.528039	0.558181	0.58465	0.532683	0.515096	0.54721	0.551714	0.540615	0.548883	0.531021	0.537272	0.577167	0.597061	0.529367	0.570147	0.531289	0.555438	0.568222	0.571175	0.542437	0.568905	0.56526	0.553741	0.566806	0.558823	0.546042	0.569664	0.554173	0.542203	0.56729	0.538635	0.533065	0.587793	0.558799	0.563936	0.560426	0.499802	0.568568	0.536516	0.570044	0.543792	0.524411	0.542769	0.559105	0.507547	0.568275	0.554211	0.60341	0.527475	0.545389	0.527923	0.542013	0.550297	0.593326	0.523943	0.548468	0.562932	0.548525	0.524196	0.523309	0.624351	0.534043	0.570275	0.554466	0.538373	0.552219	0.487159	0.521218	0.625536	0.497721	0.564305	0.585662	0.577415	0.535032	0.572261	0.5747	0.506411	0.591812	0.502604	0.535032	0.492173	0.557328	0.624206	0.497721	0.657922	0.541641	0.577106	0.533079	0.552339	0.571787	0.579681	0.582614	0.545349	0.492173	0.539788	0.625536	0.572423	0.563706	0.611928	0.5293	0.577415	0.560922	0.625536	0.561193	0.495416	0.492173	0.520405	0.589074	0.575918	0.564305	0.554466	0.515304	0.557417	0.580954	0.55025	0.535123	0.517929	0.546768	0.57394	0.51994	0.490939	0.552723	0.570576	0.52905	0.514644	0.550578	0.489082	0.554255	0.587198	0.564305	0.51259	0.572029	0.534157	0.565952	0.538777	0.488019	0.550143	0.585662	0.593127	0.553905	0.577527	0.488067	0.52005	0.503055	0.568081	0.578693	0.543022	0.5739	0.552723	0.558998	0.522542	0.480805	0.495388	0.565952	0.591812	0.480624	0.578109	0.535064	0.568081	0.570275	0.544616	0.496986	0.570894	0.541149	0.508757	0.495416	0.55025	0.624206	0.565806	0.595365	0.581116	0.564305	0.51777	0.52005	0.496986	0.538373	0.588104	0.570329	0.4953	0.569326	0.568575	0.560922	0.558233	0.556857	0.514644	0.572423	0.540791	0.51259	0.564305	0.557417	0.496729	0.567347	0.556857	0.507377	0.489991	0.525823	0.52063	0.541641	0.550106	0.565952	0.51939	0.51777	0.502801	0.533487	0.559523	0.556857	0.528351	0.529464	0.523309	0.577527	0.478838	0.550578	0.488067	0.567878	0.558565	0.540152	0.579681	0.552219	0.513557	0.570275	0.517126	0.556542	0.561735	0.534157	0.550578	0.598567	0.495388	0.495388	0.570275	0.525578	0.5506	0.507603	0.555468	0.590632	0.574487	0.562932	0.495388	0.478838	0.564305	0.577415	0.492173	0.570675	0.546768	0.538816	0.511221	0.611928	0.503055	0.538156	0.523309	0.51777	0.49312	0.538373	0.47331	0.560078	0.624807
93000	slope	-0.453139	-0.421944	-0.45433	-0.466138	-0.455511	-0.443527	-0.455797	-0.438382	-0.491273	-0.447294	-0.437824	-0.487966	-0.435764	-0.420536	-0.477678	-0.467147	-0.468362	-0.41596	-0.48047	-0.4353	-0.462311	-0.450911	-0.430953	-0.489786	-0.501243	-0.463308	-0.437378	-0.474908	-0.475855	-0.477349	-0.459398	-0.476123	-0.456278	-0.441373	-0.457064	-0.459674	-0.498768	-0.461012	-0.502201	-0.482815	-0.474352	-0.474085	-0.488823	-0.467375	-0.462676	-0.422923	-0.469302	-0.465524	-0.461738	-0.444212	-0.440409	-0.423286	-0.473137	-0.478586	-0.461871	-0.458294	-0.433705	-0.465375	-0.440111	-0.431499	-0.455429	-0.470428	-0.437539	-0.437976	-0.492229	-0.442878	-0.435727	-0.461763	-0.42808	-0.434373	-0.444046	-0.419673	-0.43836	-0.438502	-0.425474	-0.482471	-0.446108	-0.448082	-0.458648	-0.45125	-0.476965	-0.514129	-0.446662	-0.420829	-0.445366	-0.453946	-0.482003	-0.437334	-0.493347	-0.411527	-0.436154	-0.441552	-0.43122	-0.453904	-0.516242	-0.481873	-0.472027	-0.476719	-0.45125	-0.405326	-0.491963	-0.453094	-0.451984	-0.43575	-0.469586	-0.482269	-0.444651	-0.478634	-0.474569	-0.488002	-0.424922	-0.471391	-0.501379	-0.437311	-0.429133	-0.474696	-0.450276	-0.486783	-0.443889	-0.433182	-0.456103	-0.432635	-0.480176	-0.483096	-0.452915	-0.465422	-0.424982	-0.479371	-0.440344	-0.46761	-0.498719	-0.479996	-0.386225	-0.452899	-0.439731	-0.423938	-0.478701	-0.471324	-0.473989	-0.437779	-0.432361	-0.491798	-0.463185	-0.458363	-0.477661	-0.45162	-0.429071	-0.432191	-0.439547	-0.475272	-0.452328	-0.416867	-0.477188	-0.460035	-0.476826	-0.435686	-0.460643	-0.438111	-0.498373	-0.487141	-0.498835	-0.471405	-0.429568	-0.436532	-0.460805	-0.414276	-0.475946	-0.497962	-0.438033	-0.451931	-0.429978	-0.44887	-0.424055	-0.463564	-0.498835	-0.445066	-0.432392	-0.476576	-0.429343	-0.4421	-0.461622	-0.42926	-0.490129	-0.412618	-0.444771	-0.444924	-0.456033	-0.448378	-0.453725	-0.473056	-0.478127	-0.455082	-0.420705	-0.510629	-0.488461	-0.446995	-0.481873	-0.433803	-0.453455	-0.452039	-0.46929	-0.426551	-0.426888	-0.475272	-0.398563	-0.46929	-0.481997	-0.473696	-0.427227	-0.475272	-0.491693	-0.474274	-0.392709	-0.455204	-0.475272	-0.464835	-0.420113	-0.48245	-0.409327	-0.467469	-0.455344	-0.432468	-0.464835	-0.420477	-0.440517	-0.416943	-0.468812	-0.479578	-0.441859	-0.474997	-0.447868	-0.394353	-0.432259	-0.427227	-0.445854	-0.427656	-0.435375	-0.405806	-0.456338	-0.398563	-0.401764	-0.473352	-0.415055	-0.488734	-0.478967	-0.46929	-0.515775	-0.410081	-0.455705	-0.426823	-0.409327	-0.481997	-0.409327	-0.455705	-0.496187	-0.392466	-0.499284	-0.481668	-0.441268	-0.477785	-0.476974	-0.404547	-0.455677	-0.468194	-0.415055	-0.451649	-0.402196	-0.421056	-0.511763	-0.463281	-0.4491	-0.448752	-0.48741	-0.392466	-0.443434	-0.472037	-0.541405	-0.427227	-0.416305	-0.452528	-0.467535	-0.454786	-0.482898	-0.452187	-0.451984	-0.402196	-0.439465	-0.496187	-0.390012	-0.481668	-0.499284	-0.40468	-0.511176	-0.455204	-0.414376	-0.443434	-0.42156	-0.422288	-0.441709	-0.53063	-0.46929	-0.447868	-0.456658	-0.405806	-0.475272	-0.496918	-0.471166	-0.454096	-0.455204	-0.422288	-0.45381	-0.522397	-0.496187	-0.438159	-0.424719	-0.426819	-0.483645	-0.496187	-0.475272	-0.455363	-0.404547	-0.488789	-0.3607	-0.447082	-0.496995	-0.462632	-0.445854	-0.451577	-0.45421	-0.473696	-0.426888	-0.390407	-0.420113	-0.434827	-0.46929	-0.368628	-0.522397	-0.461135	-0.474274	-0.444075	-0.403245	-0.440869	-0.402196	-0.466588	-0.461135	-0.45552	-0.522781	-0.45572	-0.411807	-0.445933	-0.46968	-0.461215	-0.496187	-0.466588	-0.48741	-0.388107	-0.50172	-0.456187	-0.432259	-0.541405	-0.392099	-0.438803	-0.446866	-0.426888	-0.479412	-0.446768	-0.427227	-0.394353	-0.429081	-0.46929	-0.454057	-0.484213	-0.473696	-0.473696	-0.469609	-0.440869	-0.464399	-0.497315	-0.416943	-0.475407	-0.461215	-0.448752	-0.404547	-0.401952	-0.392466	-0.455705	-0.455705	-0.49437	-0.43104	-0.492746	-0.446768	-0.496187	-0.459421	-0.400456	-0.43212	-0.468007	-0.461135	-0.441577	-0.425026	-0.392466
93000	intercept	0.490037	0.563632	0.538952	0.514125	0.556867	0.519851	0.532164	0.518319	0.576072	0.53316	0.507514	0.570508	0.532989	0.517339	0.550523	0.584592	0.538914	0.540819	0.545941	0.515972	0.567541	0.534881	0.524282	0.578667	0.574692	0.545907	0.506065	0.561468	0.500578	0.534282	0.542451	0.516063	0.53331	0.52919	0.56486	0.518288	0.570297	0.517424	0.603954	0.559596	0.483621	0.55166	0.512976	0.585964	0.569313	0.538535	0.527688	0.543305	0.581084	0.540653	0.512479	0.52611	0.526295	0.560277	0.513429	0.537726	0.536946	0.568785	0.501017	0.532716	0.501173	0.553011	0.530045	0.514218	0.558763	0.518407	0.549268	0.534789	0.562786	0.503917	0.596408	0.545379	0.523524	0.546725	0.540885	0.508198	0.545346	0.534384	0.533443	0.488819	0.564972	0.553789	0.546668	0.541496	0.521758	0.517544	0.573001	0.496863	0.56318	0.499065	0.518363	0.513473	0.539602	0.550672	0.570024	0.572147	0.541628	0.555607	0.500589	0.547789	0.544108	0.550362	0.542306	0.579143	0.563947	0.575078	0.516909	0.552251	0.566205	0.566052	0.567067	0.524103	0.578181	0.515366	0.492262	0.506259	0.563609	0.59751	0.54673	0.544543	0.52347	0.554219	0.532437	0.562655	0.54998	0.552712	0.551294	0.545349	0.499068	0.605813	0.535803	0.540646	0.526167	0.541229	0.551183	0.496094	0.552403	0.554186	0.525447	0.523669	0.508461	0.553555	0.511979	0.559261	0.593536	0.540535	0.486418	0.521267	0.518812	0.519856	0.568308	0.493035	0.526673	0.530405	0.533992	0.500491	0.536513	0.552508	0.558981	0.568676	0.564861	0.553235	0.564773	0.535748	0.574611	0.544323	0.574245	0.546957	0.562401	0.505185	0.526779	0.531582	0.526687	0.523307	0.562396	0.513277	0.52189	0.54699	0.555307	0.542885	0.553785	0.544005	0.510528	0.474033	0.539047	0.562821	0.547595	0.539232	0.512258	0.548036	0.552595	0.529972	0.573151	0.561434	0.568358	0.496704	0.55619	0.528006	0.544908	0.551976	0.512286	0.549905	0.51194	0.513661	0.533902	0.524329	0.593577	0.570173	0.487516	0.514987	0.544007	0.604121	0.503429	0.551258	0.513661	0.524312	0.497769	0.556457	0.578612	0.587964	0.519856	0.586691	0.524312	0.54474	0.589219	0.542306	0.494507	0.587964	0.557618	0.592292	0.501585	0.522331	0.510544	0.487516	0.584115	0.504565	0.540823	0.492493	0.519398	0.533902	0.568935	0.580526	0.522217	0.626146	0.494945	0.524329	0.603701	0.566182	0.520287	0.514292	0.590846	0.584646	0.578612	0.518674	0.547919	0.499623	0.570841	0.562344	0.546359	0.509355	0.507424	0.494649	0.559725	0.554708	0.522217	0.573606	0.544529	0.529057	0.601988	0.549606	0.551045	0.560054	0.549461	0.499623	0.549905	0.519221	0.616061	0.487516	0.552436	0.510544	0.51058	0.505893	0.516433	0.516414	0.542306	0.54465	0.559302	0.53962	0.484343	0.562344	0.570841	0.439802	0.561417	0.551258	0.567814	0.549905	0.567981	0.504565	0.526661	0.631441	0.524329	0.501585	0.553167	0.487585	0.514987	0.611048	0.606125	0.580999	0.551258	0.529856	0.515034	0.616061	0.551029	0.512229	0.494649	0.551045	0.551029	0.53962	0.531397	0.545981	0.509577	0.555519	0.497855	0.513556	0.613609	0.560611	0.584115	0.559302	0.588896	0.570173	0.51194	0.492493	0.497769	0.562358	0.524329	0.53209	0.616061	0.550436	0.604121	0.510033	0.495679	0.56769	0.544529	0.565692	0.550436	0.54193	0.583399	0.551963	0.566182	0.501409	0.516278	0.523136	0.581671	0.565692	0.555519	0.51627	0.561417	0.523725	0.510544	0.616061	0.553316	0.516414	0.517259	0.494388	0.490784	0.563794	0.464482	0.522331	0.514601	0.524329	0.578462	0.587964	0.558604	0.558604	0.587964	0.56769	0.518219	0.558249	0.542306	0.490784	0.523136	0.560054	0.509577	0.528072	0.499623	0.518674	0.518674	0.582614	0.510544	0.570841	0.563794	0.539095	0.576686	0.529057	0.559302	0.521768	0.550436	0.545703	0.514601	0.486378
94000	slope	-0.474434	-0.46418	-0.464695	-0.485381	-0.456424	-0.475245	-0.464422	-0.476495	-0.459453	-0.482619	-0.475356	-0.506146	-0.429969	-0.473269	-0.464204	-0.489481	-0.49353	-0.481779	-0.465748	-0.513612	-0.433741	-0.440025	-0.453977	-0.491785	-0.448637	-0.498911	-0.446131	-0.460099	-0.455702	-0.464787	-0.491435	-0.439223	-0.442439	-0.458593	-0.442393	-0.447892	-0.451891	-0.49029	-0.454429	-0.429992	-0.437743	-0.462176	-0.435597	-0.496309	-0.466409	-0.458138	-0.44021	-0.471128	-0.47982	-0.438533	-0.465384	-0.44032	-0.444402	-0.467307	-0.451307	-0.443348	-0.456931	-0.472377	-0.488224	-0.448553	-0.444001	-0.403581	-0.421103	-0.475335	-0.449045	-0.421073	-0.478181	-0.475242	-0.463506	-0.428744	-0.500759	-0.429321	-0.487516	-0.477113	-0.493505	-0.536556	-0.482415	-0.459974	-0.459742	-0.424719	-0.446874	-0.469886	-0.454168	-0.441508	-0.459458	-0.496698	-0.478763	-0.456934	-0.466625	-0.443765	-0.466552	-0.428812	-0.490574	-0.472442	-0.462085	-0.510173	-0.416008	-0.461238	-0.422648	-0.479742	-0.441725	-0.47257	-0.425198	-0.451544	-0.461436	-0.449411	-0.497505	-0.403897	-0.455966	-0.433666	-0.489509	-0.40429	-0.412865	-0.457103	-0.506856	-0.504837	-0.437442	-0.452114	-0.473526	-0.458751	-0.451257	-0.446199	-0.47928	-0.469119	-0.448594	-0.479029	-0.467432	-0.426158	-0.466986	-0.494924	-0.442515	-0.423786	-0.474912	-0.473012	-0.431987	-0.454829	-0.514811	-0.485353	-0.424969	-0.46141	-0.451402	-0.458434	-0.484658	-0.435577	-0.435577	-0.456813	-0.419809	-0.436929	-0.510964	-0.481615	-0.465608	-0.483653	-0.466679	-0.416863	-0.498953	-0.479964	-0.488693	-0.455895	-0.449058	-0.44571	-0.512926	-0.481832	-0.4649	-0.42289	-0.466381	-0.459123	-0.425176	-0.467594	-0.467883	-0.470335	-0.446173	-0.468566	-0.463524	-0.483214	-0.494022	-0.476608	-0.456043	-0.453781	-0.46623	-0.447778	-0.443535	-0.461981	-0.444931	-0.47651	-0.465193	-0.467123	-0.451748	-0.440781	-0.462717	-0.449524	-0.440197	-0.435025	-0.468968	-0.491754	-0.478786	-0.474597	-0.448302	-0.441155	-0.453655	-0.453068	-0.451333	-0.444635	-0.465141	-0.489694	-0.478195	-0.467026	-0.478828	-0.447119	-0.466309	-0.457993	-0.455823	-0.394857	-0.491284	-0.447289	-0.429566	-0.451333	-0.427705	-0.540378	-0.439281	-0.540378	-0.468795	-0.455495	-0.482912	-0.453149	-0.500971	-0.40787	-0.464866	-0.499669	-0.458884	-0.512184	-0.455495	-0.539078	-0.454368	-0.491034	-0.450115	-0.491602	-0.469525	-0.466912	-0.507188	-0.528014	-0.451333	-0.451946	-0.461223	-0.508517	-0.430325	-0.436148	-0.469932	-0.470221	-0.481212	-0.445443	-0.468584	-0.512424	-0.429291	-0.461624	-0.433618	-0.471225	-0.504193	-0.453824	-0.438108	-0.394857	-0.394857	-0.46687	-0.4351	-0.470221	-0.441125	-0.443445	-0.485339	-0.444635	-0.498347	-0.45191	-0.439411	-0.430325	-0.485404	-0.413722	-0.456896	-0.413722	-0.422951	-0.518301	-0.454368	-0.452647	-0.387104	-0.443902	-0.448803	-0.507188	-0.497433	-0.478195	-0.492742	-0.430873	-0.462085	-0.465081	-0.475513	-0.507188	-0.46969	-0.420636	-0.458481	-0.461223	-0.470221	-0.454368	-0.496423	-0.498347	-0.530553	-0.477227	-0.441838	-0.393316	-0.510375	-0.433339	-0.432018	-0.525281	-0.484478	-0.430325	-0.470221	-0.451502	-0.485339	-0.476297	-0.441607	-0.394857	-0.489146	-0.455163	-0.445291	-0.478576	-0.455538	-0.433727	-0.422951	-0.528014	-0.485404	-0.537163	-0.42902	-0.471693	-0.521289	-0.499669	-0.471908	-0.465081	-0.442283	-0.521289	-0.465141	-0.434062	-0.451946	-0.489894	-0.477411	-0.465081	-0.496423	-0.445619	-0.394857	-0.466836	-0.46276	-0.406206	-0.433252	-0.486592	-0.436443	-0.394857	-0.445619	-0.471465	-0.510375	-0.427254	-0.492929	-0.502416	-0.465081	-0.439548	-0.473757	-0.458158	-0.434879	-0.448908	-0.441125	-0.473757	-0.433252	-0.465081	-0.441956	-0.452647	-0.481212	-0.445443	-0.470687	-0.394857	-0.496423	-0.445291	-0.496053	-0.463051	-0.431873	-0.481212	-0.465081	-0.498347	-0.403457	-0.458169	-0.481212	-0.387104	-0.489878	-0.479377	-0.460964	-0.499868	-0.528014	-0.507188	-0.453824	-0.428211	-0.433339	-0.496423	-0.433769	-0.430009	-0.436282	-0.437079	-0.468584	-0.502138
94000	intercept	0.599749	0.524481	0.546506	0.546054	0.565287	0.592278	0.611931	0.543607	0.502835	0.568244	0.573018	0.611347	0.508462	0.574036	0.530392	0.563657	0.55108	0.532384	0.503594	0.631218	0.541697	0.558659	0.52415	0.55352	0.551211	0.584769	0.470529	0.509833	0.535079	0.581508	0.618854	0.510969	0.539524	0.542365	0.510969	0.540531	0.537414	0.572032	0.529679	0.524816	0.546551	0.571785	0.539256	0.575582	0.527008	0.588694	0.50054	0.59893	0.596244	0.51128	0.569098	0.520226	0.539689	0.540912	0.569619	0.546407	0.533872	0.520846	0.558631	0.538273	0.541902	0.494554	0.502798	0.542832	0.507886	0.5056	0.569623	0.542105	0.556628	0.529831	0.579614	0.544304	0.568098	0.564245	0.565463	0.620515	0.552307	0.52651	0.482979	0.534034	0.503962	0.556771	0.566095	0.55337	0.543741	0.605084	0.553825	0.520456	0.550837	0.572243	0.564739	0.51422	0.579662	0.570491	0.536317	0.588598	0.50553	0.529668	0.530911	0.565216	0.581596	0.529106	0.518536	0.533339	0.555638	0.58196	0.578743	0.485914	0.534004	0.518776	0.545308	0.485003	0.538369	0.524687	0.573592	0.61472	0.507175	0.554833	0.525356	0.567407	0.500064	0.497927	0.553997	0.553114	0.574304	0.542543	0.559824	0.524613	0.565738	0.57985	0.517179	0.564547	0.534998	0.550548	0.546713	0.523094	0.588316	0.615573	0.51129	0.557913	0.534864	0.551206	0.556416	0.545904	0.51792	0.545844	0.521147	0.509877	0.617479	0.550221	0.558621	0.581816	0.572349	0.509808	0.605084	0.565128	0.566464	0.556347	0.587918	0.547875	0.592997	0.577715	0.530765	0.542201	0.563763	0.581007	0.513582	0.583948	0.522332	0.572541	0.556906	0.583141	0.571768	0.532768	0.509937	0.538705	0.585333	0.506892	0.546832	0.566713	0.541594	0.494071	0.560397	0.532334	0.544903	0.568834	0.526314	0.514107	0.555349	0.539477	0.559656	0.501316	0.53482	0.576273	0.585716	0.542564	0.539656	0.566505	0.551531	0.503603	0.564051	0.604408	0.557458	0.596199	0.630619	0.524692	0.515027	0.541647	0.588362	0.548642	0.564051	0.499232	0.60197	0.552046	0.522866	0.564051	0.540036	0.631816	0.538641	0.633152	0.533261	0.54405	0.549313	0.520109	0.577548	0.541647	0.548903	0.59376	0.555461	0.631169	0.526343	0.559303	0.552478	0.577548	0.55683	0.520763	0.548903	0.625199	0.558795	0.652365	0.536557	0.530005	0.513615	0.625875	0.528896	0.568104	0.526614	0.552308	0.578998	0.537474	0.545238	0.653023	0.495595	0.46773	0.521887	0.51794	0.548508	0.480487	0.49365	0.485072	0.485072	0.569563	0.531566	0.539456	0.550638	0.533461	0.539997	0.604408	0.549245	0.568104	0.531191	0.528896	0.585722	0.484935	0.496962	0.484935	0.495595	0.631169	0.552478	0.473444	0.468782	0.543505	0.518158	0.558795	0.615649	0.630619	0.569739	0.591667	0.536317	0.555534	0.503732	0.558795	0.545999	0.513635	0.532945	0.513615	0.539456	0.56073	0.591243	0.549245	0.612589	0.571243	0.487765	0.485072	0.556071	0.541647	0.527765	0.626667	0.511412	0.528896	0.539456	0.604408	0.5385	0.569739	0.537125	0.485072	0.596288	0.553384	0.534329	0.577548	0.563784	0.527964	0.495595	0.626204	0.581749	0.628094	0.604372	0.536581	0.63574	0.606763	0.577548	0.523146	0.546368	0.62281	0.555461	0.604372	0.530005	0.60197	0.561661	0.532202	0.591243	0.470859	0.485072	0.522635	0.614437	0.512112	0.532094	0.539563	0.546475	0.499232	0.503166	0.545524	0.556071	0.547528	0.568925	0.61735	0.523146	0.619687	0.519883	0.633562	0.590348	0.525929	0.550638	0.540701	0.531699	0.531851	0.476456	0.473444	0.578998	0.521887	0.591816	0.485072	0.591243	0.534329	0.52356	0.531851	0.541647	0.578998	0.531851	0.549245	0.590095	0.564051	0.578998	0.468782	0.585722	0.520346	0.480487	0.56967	0.641082	0.558795	0.480487	0.514867	0.541647	0.590309	0.528896	0.489813	0.529052	0.546475	0.543006	0.634907
95000	slope	-0.466195	-0.464457	-0.443129	-0.432914	-0.480892	-0.471759	-0.46111	-0.463576	-0.473781	-0.430058	-0.426222	-0.476042	-0.487945	-0.441306	-0.413363	-0.45346	-0.500464	-0.483958	-0.435023	-0.502623	-0.462399	-0.457342	-0.422076	-0.498752	-0.428003	-0.497353	-0.464338	-0.456852	-0.462553	-0.467024	-0.529434	-0.425237	-0.462458	-0.422664	-0.460461	-0.45921	-0.491377	-0.427096	-0.415041	-0.459515	-0.440725	-0.461257	-0.419669	-0.487552	-0.42694	-0.503351	-0.491605	-0.481164	-0.484353	-0.452309	-0.447502	-0.459041	-0.509438	-0.441285	-0.45077	-0.448274	-0.440628	-0.466844	-0.466112	-0.476946	-0.425781	-0.476453	-0.435693	-0.47267	-0.475849	-0.47143	-0.422383	-0.464414	-0.428783	-0.444492	-0.416792	-0.49715	-0.473035	-0.447733	-0.467737	-0.463193	-0.456584	-0.425355	-0.486635	-0.452259	-0.415977	-0.513328	-0.467362	-0.504648	-0.498913	-0.437717	-0.450002	-0.479867	-0.424205	-0.492993	-0.441439	-0.473598	-0.464265	-0.433812	-0.430927	-0.495572	-0.423499	-0.488474	-0.472727	-0.491306	-0.491979	-0.452253	-0.476663	-0.474852	-0.455282	-0.472687	-0.433451	-0.425786	-0.478259	-0.476205	-0.474524	-0.468663	-0.507166	-0.452155	-0.432896	-0.461869	-0.433744	-0.489289	-0.464064	-0.497334	-0.456494	-0.464174	-0.443476	-0.508761	-0.510005	-0.440828	-0.469357	-0.467925	-0.44153	-0.442778	-0.473385	-0.451054	-0.483718	-0.451648	-0.457394	-0.487579	-0.46683	-0.486268	-0.478094	-0.446002	-0.441447	-0.463812	-0.453164	-0.435341	-0.48329	-0.457971	-0.497396	-0.487898	-0.440747	-0.451927	-0.451063	-0.442921	-0.473379	-0.488349	-0.467319	-0.510552	-0.457295	-0.492987	-0.482744	-0.441193	-0.484396	-0.470912	-0.497715	-0.465996	-0.479584	-0.462049	-0.438438	-0.440663	-0.432071	-0.493767	-0.420822	-0.435139	-0.419817	-0.470079	-0.499217	-0.481601	-0.468962	-0.4303	-0.426975	-0.477823	-0.463507	-0.494682	-0.451751	-0.505463	-0.472439	-0.448579	-0.479033	-0.517086	-0.470519	-0.475816	-0.462612	-0.481347	-0.493124	-0.444704	-0.450477	-0.480116	-0.414082	-0.474429	-0.456203	-0.448778	-0.515722	-0.484868	-0.443108	-0.515722	-0.401692	-0.486625	-0.50655	-0.508654	-0.514554	-0.442793	-0.45405	-0.419659	-0.482956	-0.439952	-0.48293	-0.486471	-0.520492	-0.412037	-0.518935	-0.514554	-0.433437	-0.478307	-0.515598	-0.409749	-0.435323	-0.481764	-0.426356	-0.509754	-0.445142	-0.443435	-0.457932	-0.435977	-0.483719	-0.504372	-0.420933	-0.447422	-0.443626	-0.474626	-0.51375	-0.447422	-0.498243	-0.51375	-0.507499	-0.473168	-0.516452	-0.476577	-0.439952	-0.439116	-0.394104	-0.471849	-0.452883	-0.472674	-0.484358	-0.394457	-0.512475	-0.48799	-0.488479	-0.3944	-0.432212	-0.513717	-0.465358	-0.401692	-0.498863	-0.455875	-0.453799	-0.514256	-0.476577	-0.480114	-0.438235	-0.504372	-0.467536	-0.447422	-0.419219	-0.428011	-0.479696	-0.462233	-0.46102	-0.442224	-0.457114	-0.482956	-0.541825	-0.486243	-0.465358	-0.46156	-0.506134	-0.444908	-0.482956	-0.541825	-0.447422	-0.48129	-0.478307	-0.46029	-0.518502	-0.54612	-0.500255	-0.49618	-0.480399	-0.486625	-0.506134	-0.482956	-0.450935	-0.420933	-0.456257	-0.499061	-0.46245	-0.426361	-0.470405	-0.468586	-0.501446	-0.499061	-0.441205	-0.42003	-0.452582	-0.448308	-0.490294	-0.45164	-0.442224	-0.484868	-0.435638	-0.437383	-0.476499	-0.443108	-0.514554	-0.476577	-0.479737	-0.468586	-0.467075	-0.508654	-0.447422	-0.5167	-0.401692	-0.45728	-0.484232	-0.50655	-0.45212	-0.495864	-0.514554	-0.50655	-0.523904	-0.421176	-0.467168	-0.482956	-0.425604	-0.439952	-0.419219	-0.487838	-0.486625	-0.417606	-0.486625	-0.451955	-0.424969	-0.439952	-0.514554	-0.450935	-0.448308	-0.460067	-0.401692	-0.458731	-0.518502	-0.506134	-0.421046	-0.481863	-0.452582	-0.51375	-0.402946	-0.468586	-0.476508	-0.451955	-0.514554	-0.484152	-0.44035	-0.446535	-0.46043	-0.421176	-0.520492	-0.437461	-0.418406	-0.478307	-0.439694	-0.513566	-0.443626	-0.480114	-0.484358	-0.429066	-0.447566	-0.438056	-0.447422	-0.514554	-0.501446	-0.526922	-0.421176	-0.49618	-0.425781	-0.455875	-0.45164	-0.498243	-0.450406	-0.498736	-0.514554	-0.439952
95000	intercept	0.559664	0.50344	0.54286	0.526549	0.578985	0.554788	0.565236	0.540881	0.569946	0.526688	0.530517	0.526953	0.502424	0.538081	0.494003	0.573091	0.571428	0.531356	0.538012	0.579497	0.560717	0.529794	0.478967	0.520447	0.511567	0.571565	0.539699	0.5752	0.563615	0.522033	0.585252	0.509267	0.569487	0.49514	0.545361	0.594806	0.569131	0.575619	0.509341	0.584549	0.526704	0.521441	0.537627	0.572514	0.550699	0.590123	0.566197	0.543391	0.597695	0.524075	0.541597	0.531717	0.529051	0.513801	0.521403	0.517334	0.509914	0.522354	0.564607	0.578252	0.506746	0.552926	0.54939	0.563511	0.569082	0.582592	0.533738	0.57307	0.535281	0.53081	0.537177	0.523921	0.544787	0.584108	0.524197	0.523956	0.583573	0.508488	0.530684	0.584138	0.50894	0.613731	0.511075	0.547141	0.569404	0.554085	0.542605	0.570005	0.521788	0.533782	0.548248	0.535965	0.549519	0.551343	0.51604	0.55092	0.51499	0.56713	0.575962	0.591186	0.601321	0.540829	0.566151	0.583978	0.537115	0.544173	0.540999	0.519678	0.558556	0.520107	0.51267	0.600524	0.60026	0.559004	0.540187	0.548621	0.532172	0.610048	0.579233	0.586372	0.501137	0.545063	0.547056	0.513828	0.622253	0.537106	0.577857	0.535455	0.527496	0.517777	0.586999	0.508474	0.584957	0.52357	0.56554	0.578686	0.589159	0.540561	0.578565	0.519646	0.543379	0.54769	0.528712	0.544879	0.579008	0.548375	0.526874	0.529619	0.525468	0.534111	0.529982	0.517208	0.566344	0.54632	0.521088	0.606998	0.562957	0.583426	0.576392	0.499457	0.519599	0.566925	0.55782	0.516383	0.544432	0.576123	0.501115	0.559153	0.520609	0.555922	0.528591	0.549478	0.54357	0.549351	0.552317	0.566528	0.54523	0.541872	0.574078	0.613621	0.573891	0.505845	0.561268	0.562815	0.569086	0.554712	0.592545	0.618371	0.556646	0.544059	0.55539	0.542437	0.56789	0.572985	0.5144	0.575337	0.509535	0.523514	0.529599	0.526469	0.597064	0.557098	0.48206	0.597064	0.495665	0.521748	0.621849	0.620019	0.569406	0.491469	0.52393	0.475875	0.516089	0.559951	0.593948	0.529254	0.520129	0.533629	0.535978	0.574714	0.542917	0.55213	0.622559	0.473216	0.497472	0.575669	0.54315	0.513256	0.533013	0.536945	0.564677	0.541101	0.527072	0.534376	0.547893	0.51907	0.605141	0.578523	0.513256	0.51907	0.62267	0.515122	0.545851	0.51774	0.567874	0.612177	0.559951	0.542423	0.473216	0.564677	0.533874	0.559951	0.579661	0.473216	0.621849	0.566717	0.623768	0.478951	0.514195	0.569406	0.574807	0.495665	0.533096	0.590037	0.614661	0.560983	0.625553	0.513132	0.605773	0.534376	0.544056	0.527713	0.530338	0.572237	0.599387	0.544355	0.517745	0.536591	0.56614	0.530509	0.613912	0.559492	0.574807	0.544056	0.613618	0.589614	0.519634	0.617782	0.527713	0.523871	0.561976	0.584848	0.615919	0.498304	0.601886	0.606028	0.523808	0.521748	0.610313	0.50178	0.619588	0.547893	0.533013	0.575539	0.545554	0.533447	0.575584	0.600141	0.57766	0.575539	0.484719	0.470608	0.56614	0.511576	0.513041	0.541101	0.551119	0.548987	0.534656	0.518487	0.555717	0.48206	0.576372	0.612177	0.56484	0.603291	0.625553	0.615593	0.528055	0.537867	0.495665	0.584584	0.522479	0.6063	0.51953	0.532471	0.569406	0.6063	0.587365	0.515239	0.603963	0.51774	0.511801	0.572087	0.530338	0.531657	0.521748	0.490822	0.520879	0.561725	0.508894	0.570716	0.586901	0.565502	0.514507	0.534866	0.495665	0.575494	0.615919	0.613618	0.493338	0.539736	0.56614	0.500517	0.473216	0.600141	0.593948	0.551119	0.586901	0.619505	0.531274	0.559951	0.579661	0.533548	0.512128	0.528173	0.534029	0.55213	0.534922	0.561325	0.605141	0.513132	0.58673	0.542917	0.514345	0.575642	0.533842	0.569406	0.57766	0.578284	0.510589	0.606028	0.538071	0.590037	0.541101	0.62267	0.543378	0.545792	0.586901	0.561518
96000	slope	-0.516735	-0.473717	-0.496225	-0.456308	-0.472517	-0.51867	-0.540949	-0.460081	-0.51194	-0.436165	-0.469281	-0.438777	-0.465893	-0.44594	-0.466054	-0.487907	-0.483656	-0.453381	-0.470792	-0.458482	-0.499669	-0.423567	-0.47469	-0.501567	-0.503471	-0.453049	-0.477482	-0.457853	-0.493961	-0.465884	-0.431003	-0.461312	-0.464058	-0.468016	-0.49079	-0.463269	-0.467317	-0.439731	-0.438126	-0.503134	-0.467829	-0.467545	-0.461291	-0.470787	-0.456154	-0.491622	-0.465968	-0.455893	-0.484764	-0.468447	-0.497949	-0.496059	-0.452878	-0.475191	-0.455704	-0.459703	-0.471686	-0.482378	-0.451912	-0.431052	-0.427782	-0.472978	-0.500774	-0.491838	-0.45861	-0.451984	-0.484116	-0.430616	-0.44189	-0.440005	-0.451948	-0.474868	-0.409811	-0.463444	-0.462494	-0.434669	-0.457398	-0.456528	-0.453724	-0.470541	-0.429985	-0.458743	-0.478336	-0.456175	-0.458446	-0.50596	-0.469609	-0.491175	-0.466546	-0.479144	-0.445601	-0.510764	-0.486182	-0.466817	-0.498337	-0.526731	-0.493868	-0.478884	-0.498001	-0.464601	-0.471725	-0.422232	-0.422109	-0.486793	-0.483771	-0.473169	-0.480828	-0.498514	-0.475918	-0.468165	-0.463789	-0.47949	-0.467967	-0.507676	-0.45458	-0.446644	-0.412852	-0.494028	-0.457851	-0.457463	-0.489198	-0.505036	-0.487054	-0.449843	-0.493286	-0.467305	-0.487341	-0.501557	-0.421323	-0.524078	-0.477193	-0.479365	-0.432467	-0.447775	-0.448089	-0.450525	-0.443771	-0.462256	-0.449762	-0.476604	-0.473573	-0.459279	-0.46539	-0.470225	-0.500784	-0.48042	-0.476594	-0.500693	-0.441401	-0.457548	-0.481077	-0.463236	-0.502204	-0.465487	-0.466072	-0.499188	-0.459861	-0.471224	-0.474617	-0.46482	-0.460952	-0.489494	-0.447426	-0.467569	-0.530101	-0.485055	-0.499359	-0.449956	-0.47928	-0.40481	-0.390155	-0.456959	-0.547132	-0.467879	-0.447753	-0.491697	-0.507075	-0.449137	-0.435411	-0.480504	-0.473463	-0.465363	-0.503526	-0.45003	-0.530351	-0.498441	-0.480538	-0.466699	-0.497443	-0.473496	-0.51437	-0.467484	-0.4288	-0.445623	-0.469507	-0.475672	-0.472097	-0.467721	-0.479964	-0.485149	-0.438756	-0.453123	-0.482634	-0.502669	-0.468434	-0.573246	-0.492416	-0.494678	-0.482993	-0.523602	-0.464384	-0.454565	-0.453123	-0.417947	-0.533013	-0.453123	-0.439016	-0.465729	-0.458579	-0.461043	-0.514189	-0.478379	-0.426452	-0.479126	-0.487456	-0.510421	-0.465437	-0.482993	-0.421514	-0.442024	-0.453123	-0.448567	-0.451886	-0.472244	-0.453208	-0.460333	-0.451064	-0.556781	-0.470241	-0.478393	-0.512502	-0.412852	-0.478101	-0.470767	-0.462232	-0.451815	-0.484195	-0.512732	-0.502934	-0.465538	-0.462232	-0.460838	-0.455177	-0.446563	-0.494805	-0.460838	-0.455828	-0.521738	-0.439016	-0.464384	-0.421131	-0.518346	-0.484195	-0.480525	-0.470545	-0.505721	-0.49116	-0.556781	-0.464097	-0.537174	-0.531345	-0.446184	-0.356169	-0.506585	-0.484061	-0.524713	-0.482634	-0.469209	-0.479126	-0.457183	-0.461737	-0.499881	-0.450109	-0.448481	-0.453123	-0.513331	-0.453123	-0.453123	-0.561908	-0.448567	-0.512732	-0.462519	-0.483886	-0.559069	-0.487378	-0.495163	-0.502669	-0.447202	-0.499031	-0.427396	-0.473426	-0.472244	-0.442024	-0.465329	-0.455828	-0.456811	-0.465189	-0.519567	-0.455828	-0.469591	-0.482993	-0.478782	-0.454699	-0.479126	-0.475872	-0.533304	-0.536172	-0.460932	-0.479126	-0.468202	-0.444627	-0.455117	-0.515536	-0.479126	-0.482634	-0.511457	-0.464097	-0.487208	-0.500672	-0.473426	-0.501397	-0.442024	-0.443518	-0.478393	-0.483404	-0.494805	-0.483148	-0.536172	-0.487378	-0.503688	-0.460594	-0.476028	-0.454494	-0.536172	-0.475872	-0.479126	-0.416215	-0.438756	-0.455828	-0.470767	-0.472244	-0.472837	-0.45737	-0.484026	-0.452278	-0.48847	-0.455071	-0.425449	-0.452967	-0.464097	-0.465437	-0.476028	-0.504723	-0.484026	-0.472514	-0.453123	-0.485969	-0.50793	-0.444627	-0.412852	-0.448277	-0.473426	-0.478124	-0.46139	-0.487456	-0.505024	-0.456595	-0.479182	-0.49116	-0.450109	-0.517612	-0.459633	-0.441477	-0.494371	-0.445556	-0.478647	-0.444627	-0.487456	-0.461937	-0.487456	-0.421131	-0.494805	-0.451064	-0.458433	-0.514189	-0.486326	-0.421131	-0.546013	-0.493988	-0.475303
96000	intercept	0.551183	0.531102	0.603996	0.526192	0.583101	0.562698	0.593538	0.541562	0.565417	0.561056	0.52804	0.504201	0.541112	0.56682	0.55082	0.570736	0.564389	0.553502	0.577521	0.53301	0.560246	0.549663	0.543623	0.552708	0.554232	0.5597	0.525221	0.531358	0.559142	0.546271	0.487945	0.544604	0.557292	0.599171	0.568223	0.555335	0.573027	0.546962	0.583808	0.561584	0.583939	0.553777	0.558182	0.543204	0.542829	0.568949	0.524601	0.55499	0.561229	0.549401	0.552518	0.550548	0.562555	0.602479	0.546242	0.552611	0.570454	0.549479	0.59067	0.55428	0.522767	0.531793	0.567338	0.571538	0.572858	0.583728	0.560088	0.530227	0.556161	0.54155	0.55745	0.538038	0.50602	0.550704	0.535748	0.557465	0.563393	0.551316	0.540918	0.534698	0.530372	0.525381	0.546282	0.570271	0.552028	0.558091	0.578166	0.545427	0.559875	0.583111	0.535401	0.574133	0.530185	0.542927	0.563075	0.600604	0.572127	0.594937	0.543267	0.558302	0.550707	0.491953	0.509497	0.599292	0.552671	0.533747	0.568033	0.607446	0.560158	0.542987	0.546388	0.584966	0.556261	0.54736	0.534466	0.53311	0.57191	0.572218	0.541168	0.548091	0.53466	0.553871	0.578077	0.550975	0.554505	0.588658	0.578271	0.540809	0.541734	0.549968	0.541355	0.597955	0.540678	0.559408	0.579566	0.488258	0.563866	0.551672	0.542622	0.534562	0.551062	0.532253	0.555888	0.546584	0.559894	0.554688	0.559296	0.530839	0.556695	0.559178	0.5563	0.536459	0.584562	0.548707	0.55227	0.574805	0.546898	0.531979	0.538651	0.537089	0.577375	0.544822	0.513661	0.585617	0.567672	0.576493	0.565919	0.573742	0.566666	0.507039	0.52548	0.541817	0.576228	0.558661	0.561311	0.545569	0.554724	0.549048	0.495297	0.537608	0.543343	0.535118	0.592216	0.552564	0.564233	0.538754	0.587661	0.547819	0.551984	0.568156	0.613913	0.557059	0.537113	0.557553	0.530902	0.555181	0.583939	0.519599	0.550675	0.579829	0.571419	0.551144	0.595862	0.625746	0.597369	0.579357	0.557776	0.660858	0.519529	0.579772	0.557488	0.514217	0.551144	0.553717	0.597778	0.551144	0.5375	0.557086	0.528778	0.591234	0.576379	0.519197	0.551144	0.55804	0.535419	0.515472	0.553177	0.500371	0.53373	0.509986	0.551144	0.543536	0.516482	0.567775	0.555605	0.539613	0.571526	0.562502	0.559026	0.545078	0.593957	0.570866	0.510197	0.532302	0.532302	0.515435	0.585401	0.548209	0.55517	0.546722	0.532302	0.580801	0.538194	0.523743	0.597371	0.580801	0.582023	0.58151	0.5375	0.557488	0.549739	0.548209	0.585401	0.542715	0.53815	0.548209	0.5293	0.571299	0.559166	0.576699	0.588359	0.5406	0.457208	0.570116	0.571357	0.576379	0.592967	0.501606	0.563756	0.54917	0.578413	0.528694	0.527007	0.529679	0.551144	0.583728	0.551144	0.578208	0.580289	0.526217	0.548209	0.515465	0.552657	0.571299	0.534809	0.504869	0.623999	0.526643	0.533386	0.572955	0.642648	0.567775	0.498836	0.570824	0.582023	0.546311	0.508204	0.547688	0.555196	0.533882	0.519529	0.607424	0.575509	0.55804	0.597371	0.564265	0.576699	0.561902	0.55804	0.551246	0.515044	0.572045	0.576379	0.55804	0.588563	0.557776	0.561495	0.539803	0.557776	0.642648	0.551481	0.507027	0.554745	0.545078	0.556639	0.597371	0.56795	0.576699	0.543409	0.580442	0.542715	0.548888	0.520272	0.576699	0.597371	0.55804	0.563786	0.553543	0.582023	0.532302	0.555921	0.555217	0.53815	0.536028	0.564739	0.55804	0.546924	0.56966	0.588737	0.557387	0.549157	0.554311	0.556314	0.536028	0.557086	0.551144	0.534576	0.59111	0.495325	0.572955	0.527007	0.642648	0.520815	0.56203	0.550939	0.608728	0.54599	0.559085	0.5293	0.532121	0.582087	0.498144	0.564131	0.538902	0.496948	0.568948	0.495325	0.539803	0.559282	0.540089	0.550115	0.601605	0.571526	0.54599	0.579315	0.564375	0.549739	0.553257	0.566657	0.585401
97000	slope	-0.493599	-0.462739	-0.446001	-0.449938	-0.467683	-0.509454	-0.454944	-0.454608	-0.495975	-0.462936	-0.487504	-0.482105	-0.454402	-0.490371	-0.514061	-0.48673	-0.523308	-0.483539	-0.504659	-0.436347	-0.500136	-0.501526	-0.474131	-0.529163	-0.443486	-0.472412	-0.52939	-0.461398	-0.516085	-0.456162	-0.43007	-0.455234	-0.484817	-0.465056	-0.427092	-0.478657	-0.439221	-0.486188	-0.489127	-0.449304	-0.521007	-0.469219	-0.470596	-0.497133	-0.47797	-0.473965	-0.461048	-0.48121	-0.460212	-0.472631	-0.451149	-0.452706	-0.457948	-0.493765	-0.458188	-0.439394	-0.484052	-0.46198	-0.493799	-0.483842	-0.503635	-0.499892	-0.509881	-0.487714	-0.493453	-0.453483	-0.477205	-0.495959	-0.489265	-0.438693	-0.461715	-0.519596	-0.460078	-0.478367	-0.505075	-0.479163	-0.501462	-0.49377	-0.494931	-0.456038	-0.49141	-0.486446	-0.471986	-0.441473	-0.509748	-0.458799	-0.467345	-0.455045	-0.494818	-0.462171	-0.478166	-0.461241	-0.473624	-0.513726	-0.422683	-0.48447	-0.499496	-0.451186	-0.487336	-0.479606	-0.442465	-0.452923	-0.475489	-0.513515	-0.447539	-0.517534	-0.468284	-0.509174	-0.487308	-0.469809	-0.467049	-0.465086	-0.459791	-0.477982	-0.408329	-0.480548	-0.45028	-0.488265	-0.444396	-0.491156	-0.469505	-0.526681	-0.458986	-0.48642	-0.500071	-0.452711	-0.461829	-0.449575	-0.431277	-0.500957	-0.491064	-0.442415	-0.490047	-0.469042	-0.508514	-0.464323	-0.464711	-0.431221	-0.498756	-0.485909	-0.466073	-0.492879	-0.476072	-0.455761	-0.461483	-0.534987	-0.494682	-0.484821	-0.454406	-0.489404	-0.476029	-0.481128	-0.499786	-0.465009	-0.464766	-0.476763	-0.517988	-0.488503	-0.457667	-0.505131	-0.456102	-0.51754	-0.472374	-0.435218	-0.464483	-0.485356	-0.473888	-0.452499	-0.468232	-0.489698	-0.429166	-0.448207	-0.468852	-0.483635	-0.473432	-0.505665	-0.522146	-0.431855	-0.458504	-0.463661	-0.471163	-0.456463	-0.499565	-0.518551	-0.495414	-0.489005	-0.477099	-0.44286	-0.467334	-0.465742	-0.486486	-0.480192	-0.458325	-0.4939	-0.432595	-0.442035	-0.488257	-0.440248	-0.459738	-0.48503	-0.498211	-0.456458	-0.446099	-0.465114	-0.440571	-0.437793	-0.514353	-0.524238	-0.464649	-0.532798	-0.434964	-0.552125	-0.532798	-0.471944	-0.423745	-0.479112	-0.457406	-0.422203	-0.516132	-0.519213	-0.519392	-0.457695	-0.492023	-0.458485	-0.423745	-0.431195	-0.407295	-0.514783	-0.477357	-0.469237	-0.480786	-0.356932	-0.482091	-0.473173	-0.435343	-0.487503	-0.454176	-0.457432	-0.445746	-0.446575	-0.441007	-0.487503	-0.536235	-0.465645	-0.483578	-0.516132	-0.383421	-0.474365	-0.435343	-0.444545	-0.464649	-0.496361	-0.466618	-0.493527	-0.482169	-0.447488	-0.476224	-0.51511	-0.475644	-0.516132	-0.439305	-0.450761	-0.440571	-0.439305	-0.483578	-0.431195	-0.492526	-0.432845	-0.44726	-0.471163	-0.552125	-0.556574	-0.485352	-0.434231	-0.476224	-0.471302	-0.433677	-0.513884	-0.447493	-0.461335	-0.418779	-0.518415	-0.486981	-0.434964	-0.434964	-0.49906	-0.59321	-0.433289	-0.485108	-0.52233	-0.445746	-0.467814	-0.458954	-0.444545	-0.466618	-0.439849	-0.436146	-0.438372	-0.502813	-0.441059	-0.441937	-0.483578	-0.444318	-0.460609	-0.500306	-0.436329	-0.408266	-0.493179	-0.527896	-0.47849	-0.448995	-0.485058	-0.455445	-0.445746	-0.474744	-0.462536	-0.489744	-0.472277	-0.445746	-0.526488	-0.488137	-0.475226	-0.485352	-0.455776	-0.444352	-0.465818	-0.4629	-0.448635	-0.463514	-0.455776	-0.525714	-0.517923	-0.498211	-0.527896	-0.485715	-0.492023	-0.55913	-0.484868	-0.431195	-0.465449	-0.447609	-0.459839	-0.436226	-0.486292	-0.467115	-0.492846	-0.446801	-0.444318	-0.518465	-0.494363	-0.458047	-0.444774	-0.48337	-0.454176	-0.461684	-0.481158	-0.516132	-0.432743	-0.408266	-0.522092	-0.526492	-0.511663	-0.411936	-0.434231	-0.473743	-0.520463	-0.413088	-0.431195	-0.487503	-0.401685	-0.466632	-0.48701	-0.502813	-0.431195	-0.452565	-0.433699	-0.467839	-0.460609	-0.469237	-0.486981	-0.479968	-0.469237	-0.544483	-0.578149	-0.466618	-0.510875	-0.511663	-0.556574	-0.438372	-0.44194	-0.467115	-0.485715	-0.439305	-0.514353	-0.485108	-0.489252	-0.4629	-0.485108	-0.500572	-0.452565
97000	intercept	0.584827	0.528304	0.534203	0.573801	0.519951	0.535029	0.543086	0.53986	0.562273	0.54325	0.558622	0.555499	0.560265	0.553343	0.54863	0.534598	0.55859	0.540453	0.522202	0.552125	0.584511	0.584562	0.534989	0.572502	0.517665	0.517743	0.553705	0.56229	0.538987	0.573748	0.536893	0.549024	0.56927	0.536095	0.56424	0.544473	0.557068	0.565042	0.534123	0.525008	0.586715	0.57515	0.578685	0.569059	0.52487	0.547131	0.567161	0.550466	0.543732	0.57088	0.533154	0.544055	0.535712	0.519607	0.554505	0.524774	0.53786	0.581965	0.598558	0.54653	0.562224	0.539511	0.558958	0.553852	0.561034	0.563997	0.531511	0.579586	0.558397	0.563129	0.51168	0.585795	0.519948	0.52572	0.577885	0.555635	0.546975	0.548911	0.578863	0.526848	0.570098	0.540911	0.537555	0.545319	0.551929	0.55607	0.528274	0.527734	0.56657	0.557941	0.551482	0.567776	0.540556	0.573454	0.519801	0.549427	0.58046	0.573266	0.541034	0.535572	0.52253	0.538869	0.577483	0.558884	0.528674	0.565522	0.551432	0.570572	0.56018	0.592344	0.543442	0.556786	0.555347	0.581142	0.489853	0.554549	0.540053	0.558972	0.56015	0.561497	0.565971	0.551703	0.510045	0.587405	0.572036	0.554903	0.556756	0.527499	0.583912	0.583099	0.562253	0.527705	0.549289	0.543929	0.561176	0.555163	0.54622	0.534709	0.545266	0.54471	0.546842	0.578217	0.587077	0.548279	0.543297	0.540787	0.565003	0.569414	0.526995	0.540639	0.536347	0.554983	0.553375	0.511762	0.559391	0.548946	0.527959	0.521851	0.553687	0.563429	0.548279	0.524712	0.537283	0.520114	0.567576	0.539749	0.581806	0.571766	0.541631	0.518537	0.545494	0.551561	0.548783	0.556997	0.522995	0.539044	0.556557	0.522013	0.513316	0.543207	0.539909	0.549854	0.548653	0.572851	0.562777	0.580586	0.549674	0.546023	0.517465	0.542534	0.51316	0.543897	0.549788	0.578478	0.54239	0.548775	0.546346	0.52302	0.547177	0.530353	0.572025	0.541291	0.53469	0.585685	0.486336	0.541202	0.601135	0.574088	0.54346	0.615393	0.545134	0.573766	0.615393	0.549113	0.576129	0.570558	0.522306	0.490997	0.556955	0.577525	0.531681	0.501449	0.558492	0.5714	0.576129	0.53886	0.527472	0.480605	0.524258	0.532109	0.547386	0.46901	0.5683	0.530183	0.517751	0.570558	0.541202	0.573755	0.543899	0.537822	0.541291	0.570558	0.583229	0.598167	0.576207	0.556955	0.584563	0.515792	0.517751	0.547187	0.537746	0.579816	0.534201	0.534607	0.527949	0.561318	0.531718	0.561252	0.537527	0.556955	0.578599	0.53469	0.505991	0.538592	0.576207	0.534026	0.542478	0.532637	0.537503	0.537527	0.579094	0.593026	0.592085	0.524109	0.567873	0.517645	0.532973	0.63931	0.549436	0.533418	0.502058	0.53861	0.583376	0.545134	0.545134	0.585601	0.595691	0.564699	0.536448	0.559033	0.543899	0.577964	0.553948	0.547187	0.566062	0.579498	0.517121	0.560386	0.563676	0.578562	0.520166	0.570979	0.522658	0.561462	0.578958	0.564985	0.520082	0.554762	0.509941	0.53974	0.518743	0.547623	0.550939	0.543899	0.590813	0.543899	0.587092	0.534477	0.543899	0.540076	0.584306	0.526143	0.592085	0.541291	0.507849	0.54346	0.603056	0.532631	0.517645	0.541291	0.574388	0.541154	0.572025	0.552665	0.533553	0.558492	0.595691	0.524258	0.538639	0.532462	0.579498	0.565087	0.522899	0.514632	0.551614	0.550755	0.512905	0.486548	0.589343	0.602418	0.586877	0.517587	0.542478	0.549337	0.565553	0.617054	0.556955	0.517121	0.520082	0.569129	0.569129	0.576914	0.593795	0.52655	0.525685	0.60482	0.518297	0.538639	0.570558	0.524351	0.515442	0.525301	0.563676	0.534026	0.549436	0.489715	0.516397	0.561462	0.533418	0.590813	0.524786	0.532109	0.603935	0.591754	0.534201	0.472744	0.576914	0.593026	0.545237	0.559803	0.551614	0.533553	0.578599	0.604418	0.536448	0.522902	0.598167	0.536448	0.579828	0.549436
98000	slope	-0.467768	-0.47329	-0.46615	-0.458144	-0.434856	-0.447772	-0.453682	-0.455287	-0.473911	-0.495874	-0.46868	-0.459144	-0.449083	-0.462365	-0.494091	-0.447186	-0.456396	-0.450615	-0.459229	-0.476319	-0.459561	-0.443081	-0.404204	-0.470592	-0.458947	-0.458091	-0.500541	-0.473596	-0.440961	-0.464647	-0.443967	-0.441729	-0.423028	-0.46109	-0.49099	-0.440808	-0.435791	-0.484286	-0.458995	-0.471869	-0.461019	-0.453962	-0.481945	-0.465251	-0.456356	-0.467351	-0.43779	-0.479148	-0.470682	-0.452338	-0.473898	-0.460492	-0.481518	-0.478045	-0.487073	-0.466294	-0.45788	-0.461014	-0.467916	-0.474686	-0.466894	-0.465627	-0.447582	-0.477437	-0.479863	-0.414161	-0.488311	-0.449334	-0.483314	-0.457865	-0.464126	-0.460365	-0.413315	-0.476508	-0.460344	-0.450106	-0.486029	-0.439434	-0.46901	-0.476499	-0.458868	-0.497827	-0.463596	-0.465966	-0.497701	-0.456369	-0.446174	-0.466151	-0.480407	-0.445046	-0.45322	-0.444872	-0.46307	-0.453534	-0.463582	-0.456219	-0.435712	-0.430266	-0.425976	-0.451693	-0.471726	-0.483306	-0.491474	-0.452474	-0.470527	-0.463397	-0.480762	-0.523919	-0.458298	-0.472789	-0.438471	-0.50307	-0.460061	-0.472337	-0.464925	-0.464341	-0.474155	-0.48226	-0.484426	-0.428182	-0.443182	-0.425921	-0.455118	-0.492755	-0.487331	-0.425929	-0.422007	-0.446568	-0.468868	-0.484481	-0.45345	-0.458589	-0.458314	-0.437962	-0.468574	-0.482725	-0.431134	-0.461033	-0.472402	-0.468329	-0.44264	-0.470976	-0.474018	-0.461259	-0.467341	-0.480997	-0.475275	-0.480537	-0.466398	-0.493325	-0.456607	-0.466322	-0.458617	-0.468903	-0.450011	-0.464865	-0.464647	-0.466914	-0.466259	-0.458177	-0.475466	-0.456997	-0.451813	-0.473099	-0.443283	-0.470629	-0.459725	-0.45433	-0.458825	-0.501951	-0.458647	-0.414375	-0.510369	-0.476395	-0.496811	-0.482381	-0.456579	-0.415966	-0.430846	-0.495919	-0.449523	-0.462554	-0.439428	-0.415409	-0.459293	-0.452813	-0.474875	-0.429898	-0.455247	-0.470397	-0.4612	-0.467623	-0.450619	-0.499998	-0.450368	-0.454092	-0.456413	-0.436921	-0.474706	-0.407926	-0.494273	-0.490737	-0.467429	-0.472962	-0.458189	-0.493834	-0.468413	-0.44094	-0.451114	-0.500692	-0.467429	-0.514578	-0.469187	-0.49292	-0.435185	-0.489701	-0.492739	-0.493911	-0.452756	-0.489931	-0.447739	-0.477796	-0.397522	-0.441271	-0.472962	-0.5562	-0.453892	-0.455994	-0.465048	-0.448989	-0.455197	-0.494273	-0.448989	-0.472962	-0.457097	-0.500614	-0.493086	-0.500535	-0.462843	-0.481263	-0.448845	-0.448989	-0.437519	-0.464538	-0.48297	-0.472962	-0.431993	-0.43629	-0.461778	-0.456193	-0.469508	-0.509061	-0.451371	-0.519723	-0.484001	-0.454608	-0.437519	-0.387744	-0.51332	-0.484324	-0.46213	-0.489701	-0.45135	-0.514578	-0.455197	-0.442353	-0.450859	-0.464812	-0.465048	-0.43418	-0.447409	-0.45754	-0.476566	-0.476566	-0.485586	-0.467429	-0.466629	-0.450859	-0.460944	-0.464812	-0.471744	-0.462495	-0.437519	-0.45754	-0.469971	-0.450078	-0.454756	-0.477796	-0.488694	-0.465951	-0.484324	-0.448989	-0.480154	-0.500601	-0.463541	-0.509061	-0.494554	-0.439196	-0.48998	-0.450549	-0.475297	-0.437531	-0.445229	-0.41881	-0.469616	-0.445762	-0.451114	-0.469187	-0.509061	-0.411698	-0.466121	-0.453428	-0.448989	-0.438493	-0.469526	-0.489701	-0.472962	-0.442164	-0.452463	-0.473439	-0.462495	-0.448989	-0.447741	-0.462493	-0.483872	-0.430495	-0.465786	-0.450859	-0.447845	-0.475658	-0.477796	-0.473136	-0.445814	-0.43381	-0.440499	-0.467273	-0.460944	-0.439829	-0.438493	-0.467429	-0.461864	-0.477796	-0.460944	-0.409513	-0.457496	-0.447409	-0.411698	-0.454255	-0.474138	-0.468107	-0.463313	-0.460819	-0.450549	-0.469508	-0.437519	-0.518948	-0.511895	-0.433423	-0.472489	-0.448989	-0.528116	-0.49385	-0.437519	-0.445452	-0.438486	-0.503823	-0.445762	-0.528116	-0.453308	-0.446106	-0.445814	-0.437519	-0.481474	-0.367021	-0.4566	-0.470655	-0.451371	-0.437647	-0.448102	-0.483796	-0.455476	-0.477796	-0.438885	-0.488694	-0.448989	-0.460128	-0.44629	-0.438493	-0.436009	-0.439196	-0.469971	-0.464993	-0.420291	-0.438885	-0.509061	-0.451005	-0.414433	-0.488197	-0.472962	-0.488552
98000	intercept	0.576778	0.538975	0.54014	0.550356	0.528227	0.546903	0.54063	0.579192	0.52324	0.535763	0.545188	0.563427	0.537733	0.526167	0.569491	0.564918	0.518399	0.527542	0.545556	0.572661	0.53219	0.528743	0.532773	0.551197	0.543269	0.526859	0.618567	0.56437	0.545895	0.554807	0.532567	0.54308	0.52681	0.536016	0.555756	0.559266	0.535652	0.528157	0.521673	0.556683	0.556584	0.551994	0.543021	0.543461	0.522176	0.546315	0.526241	0.556661	0.529491	0.551008	0.548006	0.551302	0.546637	0.541938	0.546523	0.535311	0.572623	0.538282	0.537322	0.538973	0.508902	0.564997	0.521545	0.54242	0.550236	0.518472	0.532427	0.554443	0.575656	0.523975	0.55196	0.566741	0.548346	0.530276	0.543328	0.529808	0.574391	0.544688	0.542738	0.540603	0.536752	0.550764	0.545541	0.565156	0.544421	0.550354	0.544453	0.535575	0.5415	0.521721	0.543776	0.554688	0.526917	0.558736	0.544962	0.54537	0.553217	0.528425	0.543915	0.57181	0.522537	0.515227	0.562866	0.546978	0.540164	0.535965	0.556894	0.549269	0.546114	0.548829	0.534952	0.564379	0.545316	0.580361	0.552342	0.551181	0.520149	0.549735	0.542662	0.538615	0.533828	0.536334	0.568088	0.553744	0.530631	0.552502	0.517041	0.522055	0.570816	0.548806	0.545982	0.541239	0.533845	0.541922	0.533586	0.540681	0.518998	0.526728	0.512618	0.526676	0.54031	0.518364	0.524773	0.559164	0.520974	0.53497	0.542059	0.556442	0.555067	0.546237	0.534388	0.567327	0.555253	0.53161	0.529392	0.512448	0.552983	0.564198	0.576035	0.551073	0.551355	0.54424	0.548415	0.542773	0.531024	0.528814	0.514848	0.533461	0.544398	0.545602	0.547964	0.521157	0.5705	0.568383	0.550772	0.540681	0.516078	0.531743	0.541201	0.555987	0.551107	0.53707	0.543867	0.537305	0.535338	0.558477	0.553804	0.553268	0.550398	0.55084	0.524706	0.55682	0.544951	0.549145	0.50522	0.51444	0.543459	0.526633	0.547998	0.531887	0.493065	0.538876	0.5608	0.530702	0.521503	0.536485	0.546701	0.561509	0.540502	0.581499	0.5608	0.545417	0.537053	0.556221	0.535581	0.563833	0.519684	0.542724	0.528892	0.499751	0.547672	0.572428	0.523258	0.482186	0.546892	0.590233	0.545207	0.612544	0.548543	0.550027	0.544486	0.510594	0.551501	0.532151	0.525855	0.553183	0.561324	0.553384	0.537011	0.614871	0.534501	0.54184	0.523426	0.533937	0.520826	0.530702	0.537519	0.512937	0.50164	0.525266	0.488558	0.542809	0.53481	0.530572	0.544958	0.552368	0.533155	0.546537	0.557451	0.529403	0.553005	0.563833	0.528796	0.559652	0.544486	0.49577	0.554212	0.517433	0.535119	0.54184	0.540515	0.556221	0.569337	0.574903	0.499751	0.5608	0.556818	0.554212	0.496979	0.521842	0.534493	0.598823	0.533155	0.554814	0.505728	0.54117	0.536349	0.573378	0.524293	0.556221	0.529403	0.550027	0.549098	0.568184	0.572765	0.544796	0.540377	0.528646	0.540006	0.569596	0.540785	0.556818	0.519366	0.565789	0.591386	0.531978	0.542097	0.537053	0.544796	0.547317	0.534493	0.525855	0.550027	0.54449	0.596711	0.563833	0.518488	0.532425	0.538125	0.537885	0.573832	0.612544	0.569642	0.521928	0.556221	0.547317	0.535581	0.549467	0.551884	0.543268	0.561488	0.546489	0.552468	0.533155	0.512937	0.52917	0.496979	0.486019	0.546781	0.5608	0.555736	0.572428	0.500016	0.52547	0.556221	0.540515	0.547317	0.567836	0.531592	0.592756	0.516759	0.515174	0.567368	0.484451	0.541143	0.54856	0.606105	0.536375	0.5449	0.54184	0.567966	0.556221	0.533155	0.54188	0.512153	0.538876	0.531978	0.567966	0.528646	0.525855	0.555391	0.533155	0.528526	0.462808	0.535119	0.513714	0.532527	0.535854	0.53816	0.515521	0.584846	0.556221	0.550152	0.55954	0.54184	0.555736	0.549554	0.546781	0.512937	0.528646	0.505728	0.532527	0.510546	0.553649	0.544796	0.52917	0.554674	0.546407	0.541734	0.541462
99000	slope	-0.470371	-0.438896	-0.428892	-0.444167	-0.457242	-0.443344	-0.461426	-0.457404	-0.463201	-0.432077	-0.463528	-0.442362	-0.476937	-0.444997	-0.476872	-0.449461	-0.466656	-0.509591	-0.462619	-0.453026	-0.424298	-0.45628	-0.423968	-0.451885	-0.515886	-0.433961	-0.472501	-0.462616	-0.435505	-0.470177	-0.495377	-0.42653	-0.45554	-0.477154	-0.461753	-0.439322	-0.489187	-0.457629	-0.456264	-0.485655	-0.451744	-0.452287	-0.43495	-0.44886	-0.442936	-0.42929	-0.493116	-0.464528	-0.456067	-0.42764	-0.468593	-0.435974	-0.474749	-0.482753	-0.476674	-0.484964	-0.448494	-0.494207	-0.460403	-0.455427	-0.477133	-0.477457	-0.482331	-0.446676	-0.450175	-0.477179	-0.478746	-0.443128	-0.453395	-0.441086	-0.484455	-0.51411	-0.473536	-0.497033	-0.468105	-0.501917	-0.453146	-0.45652	-0.463624	-0.46083	-0.443679	-0.424925	-0.492069	-0.498779	-0.45474	-0.454755	-0.479306	-0.446654	-0.478778	-0.450847	-0.4845	-0.487778	-0.475478	-0.429158	-0.482726	-0.486379	-0.471438	-0.481626	-0.477682	-0.462326	-0.482622	-0.478727	-0.480395	-0.440937	-0.484817	-0.481966	-0.474189	-0.443493	-0.471665	-0.483576	-0.442754	-0.461542	-0.490014	-0.454614	-0.436509	-0.451879	-0.438698	-0.472601	-0.426324	-0.415817	-0.454089	-0.46843	-0.498906	-0.468801	-0.463493	-0.455172	-0.472313	-0.474126	-0.46856	-0.493704	-0.494801	-0.450787	-0.497424	-0.455417	-0.470936	-0.436258	-0.484493	-0.512774	-0.458927	-0.479356	-0.444471	-0.46221	-0.475821	-0.476166	-0.510084	-0.44146	-0.504704	-0.453728	-0.490807	-0.491958	-0.452421	-0.45584	-0.476392	-0.494587	-0.476065	-0.439841	-0.462361	-0.507612	-0.457987	-0.459053	-0.442273	-0.419158	-0.475659	-0.494506	-0.450008	-0.442767	-0.482622	-0.516589	-0.43713	-0.472223	-0.453671	-0.447303	-0.461324	-0.490759	-0.506664	-0.470283	-0.471401	-0.464824	-0.437616	-0.503587	-0.436184	-0.442542	-0.439001	-0.500177	-0.491759	-0.461813	-0.487036	-0.491597	-0.484817	-0.492584	-0.490264	-0.448643	-0.418989	-0.473235	-0.491083	-0.485392	-0.450015	-0.447854	-0.461887	-0.49775	-0.475495	-0.485552	-0.519343	-0.519343	-0.463788	-0.436982	-0.496476	-0.508067	-0.49647	-0.446253	-0.51363	-0.477853	-0.47153	-0.434059	-0.513768	-0.467149	-0.49379	-0.47563	-0.447763	-0.458528	-0.436222	-0.491284	-0.495522	-0.465107	-0.519343	-0.471411	-0.461567	-0.4653	-0.504866	-0.434059	-0.504942	-0.480386	-0.519343	-0.495522	-0.442953	-0.491284	-0.40832	-0.411347	-0.425888	-0.46592	-0.429814	-0.410954	-0.45572	-0.453299	-0.490806	-0.490648	-0.477853	-0.513768	-0.445149	-0.454995	-0.505414	-0.441029	-0.490655	-0.434059	-0.49349	-0.519343	-0.51363	-0.492632	-0.483142	-0.436338	-0.458528	-0.438019	-0.437745	-0.429814	-0.508067	-0.491284	-0.478331	-0.445624	-0.412496	-0.432685	-0.432948	-0.519343	-0.528653	-0.467149	-0.452641	-0.505103	-0.510256	-0.438038	-0.442953	-0.475505	-0.503885	-0.457775	-0.504942	-0.453299	-0.430135	-0.432726	-0.466698	-0.453671	-0.4391	-0.474489	-0.449248	-0.500784	-0.441301	-0.475583	-0.467165	-0.485641	-0.436222	-0.497356	-0.504942	-0.404599	-0.440153	-0.434093	-0.461567	-0.522578	-0.437852	-0.432766	-0.433504	-0.433301	-0.436222	-0.412226	-0.4653	-0.500642	-0.458785	-0.4266	-0.45572	-0.487487	-0.445502	-0.436222	-0.450816	-0.472382	-0.509117	-0.413628	-0.495522	-0.415208	-0.446716	-0.467149	-0.448337	-0.523277	-0.461567	-0.490065	-0.438019	-0.434059	-0.461365	-0.417802	-0.44762	-0.490648	-0.436222	-0.414724	-0.480386	-0.509117	-0.438764	-0.44643	-0.519421	-0.475303	-0.506986	-0.475495	-0.483994	-0.504942	-0.481526	-0.421791	-0.448337	-0.453299	-0.461157	-0.519343	-0.442953	-0.465029	-0.412496	-0.475206	-0.483229	-0.413736	-0.435074	-0.50573	-0.429415	-0.520084	-0.509117	-0.434093	-0.448245	-0.500335	-0.508067	-0.465918	-0.404599	-0.441029	-0.500642	-0.504942	-0.46592	-0.463788	-0.412496	-0.481512	-0.49155	-0.437852	-0.474489	-0.490623	-0.490648	-0.465107	-0.439953	-0.43504	-0.49845	-0.519343	-0.428253	-0.460236	-0.436222	-0.427906	-0.509117	-0.475206	-0.490065	-0.424156	-0.451967	-0.452012	-0.493296	-0.511916
99000	intercept	0.560629	0.544766	0.52186	0.564717	0.51582	0.564003	0.538224	0.545118	0.54511	0.524275	0.562096	0.533497	0.549461	0.549953	0.553581	0.539348	0.528293	0.565335	0.542339	0.543542	0.526717	0.514187	0.556738	0.558364	0.549676	0.54259	0.535253	0.571761	0.531295	0.52931	0.545802	0.55426	0.552376	0.547419	0.50899	0.53263	0.562566	0.538309	0.523031	0.558616	0.54009	0.552684	0.583138	0.562409	0.529241	0.586999	0.544691	0.531744	0.554257	0.521368	0.540439	0.551341	0.541078	0.555945	0.536338	0.56181	0.553423	0.567701	0.515019	0.565394	0.545416	0.520362	0.571753	0.543655	0.557281	0.580848	0.548216	0.522797	0.554018	0.534827	0.528831	0.565218	0.549414	0.549104	0.570865	0.558965	0.537591	0.55955	0.578699	0.55364	0.547073	0.557937	0.574047	0.553691	0.523163	0.547645	0.55411	0.544238	0.553379	0.507793	0.556269	0.5508	0.535975	0.542121	0.544926	0.554722	0.545212	0.54934	0.552562	0.537893	0.53523	0.54611	0.518403	0.547789	0.512337	0.539377	0.521428	0.550012	0.529879	0.535926	0.537092	0.567285	0.530737	0.549535	0.527921	0.555028	0.55954	0.516409	0.536934	0.535777	0.537664	0.546171	0.549932	0.561448	0.55902	0.530491	0.573762	0.546462	0.54265	0.547167	0.568299	0.556271	0.569598	0.549737	0.54117	0.543479	0.567914	0.544402	0.545602	0.543906	0.54627	0.530346	0.540596	0.523953	0.557301	0.539149	0.546958	0.543142	0.544691	0.557128	0.504777	0.544218	0.555388	0.576926	0.553339	0.550513	0.5599	0.531837	0.558224	0.528934	0.550152	0.536117	0.546112	0.575236	0.5434	0.519748	0.541528	0.545366	0.538185	0.584844	0.52718	0.513627	0.564693	0.554475	0.564878	0.525312	0.541119	0.522382	0.580566	0.569302	0.523034	0.534731	0.538125	0.574512	0.563631	0.572734	0.569762	0.554899	0.511963	0.550979	0.545197	0.535108	0.538786	0.569612	0.536733	0.537843	0.509333	0.546509	0.56313	0.549451	0.561377	0.511406	0.539387	0.54751	0.547708	0.580203	0.554277	0.508648	0.57445	0.580203	0.527335	0.512497	0.547917	0.545416	0.576963	0.55801	0.569321	0.560629	0.532183	0.525121	0.580929	0.536325	0.583606	0.591889	0.561963	0.547917	0.515278	0.550596	0.588037	0.545416	0.579707	0.563688	0.551372	0.570983	0.51754	0.536325	0.537568	0.54628	0.495455	0.564706	0.531444	0.504743	0.508803	0.526359	0.563122	0.580384	0.518288	0.569217	0.540867	0.526474	0.561452	0.517317	0.539045	0.553319	0.573047	0.561963	0.521992	0.579807	0.562457	0.541552	0.525121	0.55151	0.545326	0.531444	0.516347	0.536325	0.576356	0.556776	0.529473	0.503714	0.517317	0.565415	0.532348	0.558882	0.541109	0.58114	0.551003	0.495442	0.51754	0.536741	0.598834	0.550568	0.576276	0.527347	0.572421	0.610056	0.570038	0.532183	0.519285	0.550558	0.547708	0.580911	0.536035	0.520113	0.57393	0.538666	0.580929	0.547888	0.576276	0.539527	0.543503	0.564824	0.516089	0.570661	0.566132	0.55151	0.502436	0.517317	0.581652	0.536117	0.550596	0.572354	0.569858	0.504743	0.508052	0.567711	0.543808	0.595008	0.523946	0.541314	0.540332	0.543503	0.577425	0.540961	0.559325	0.55801	0.549742	0.556874	0.516089	0.554528	0.539008	0.545416	0.550568	0.535145	0.543808	0.580384	0.580929	0.537568	0.563688	0.514976	0.54954	0.526474	0.574574	0.573437	0.539668	0.561377	0.576469	0.579707	0.561579	0.528442	0.55744	0.529935	0.579546	0.551372	0.51754	0.540092	0.537568	0.550568	0.544982	0.538714	0.503713	0.574257	0.520705	0.561452	0.542478	0.564824	0.520928	0.544861	0.516347	0.550596	0.539527	0.517317	0.572354	0.574686	0.564706	0.547708	0.529473	0.554528	0.533845	0.560156	0.562457	0.554497	0.580384	0.592059	0.522374	0.517317	0.561452	0.535653	0.539716	0.55752	0.580929	0.526095	0.540332	0.549339	0.548712	0.543503	0.569858	0.559922	0.591197	0.568129
100000	slope	-0.457654	-0.442456	-0.469339	-0.493812	-0.467913	-0.510435	-0.445361	-0.479316	-0.477908	-0.483689	-0.50385	-0.480084	-0.539806	-0.484868	-0.466452	-0.467515	-0.43684	-0.497442	-0.478921	-0.499949	-0.470067	-0.465348	-0.492233	-0.476608	-0.496501	-0.501306	-0.482015	-0.472536	-0.475314	-0.465095	-0.506947	-0.41685	-0.435043	-0.468891	-0.499959	-0.514789	-0.456475	-0.451512	-0.462328	-0.458103	-0.503655	-0.442663	-0.425931	-0.454064	-0.443577	-0.462621	-0.445962	-0.457582	-0.425821	-0.503614	-0.484273	-0.479474	-0.523926	-0.471062	-0.470021	-0.442192	-0.515581	-0.500902	-0.446002	-0.466241	-0.465652	-0.493517	-0.497979	-0.49331	-0.476811	-0.488816	-0.437088	-0.502727	-0.44913	-0.498306	-0.504744	-0.443945	-0.522271	-0.448513	-0.47504	-0.528559	-0.483082	-0.490201	-0.450681	-0.48132	-0.499948	-0.475114	-0.430599	-0.490149	-0.482212	-0.463169	-0.463292	-0.462939	-0.481966	-0.455431	-0.483292	-0.479797	-0.45284	-0.512398	-0.4723	-0.445901	-0.430052	-0.479308	-0.432331	-0.467489	-0.466684	-0.482732	-0.503936	-0.451341	-0.496345	-0.45792	-0.451549	-0.510396	-0.452773	-0.492946	-0.425931	-0.45329	-0.52303	-0.484061	-0.489021	-0.448878	-0.474256	-0.503387	-0.494143	-0.475644	-0.47332	-0.446992	-0.489549	-0.448104	-0.502666	-0.452316	-0.495422	-0.461458	-0.521641	-0.469624	-0.492465	-0.458132	-0.451163	-0.51474	-0.518592	-0.511979	-0.474771	-0.448781	-0.49626	-0.476657	-0.488501	-0.433267	-0.491877	-0.497523	-0.525809	-0.433448	-0.497633	-0.434494	-0.488509	-0.476365	-0.447054	-0.479556	-0.448072	-0.479392	-0.458832	-0.513501	-0.435202	-0.484413	-0.513668	-0.521748	-0.519905	-0.479229	-0.528299	-0.427413	-0.490493	-0.487445	-0.428246	-0.500661	-0.503065	-0.444259	-0.523886	-0.419634	-0.498978	-0.478506	-0.426752	-0.422682	-0.500615	-0.511964	-0.45723	-0.444317	-0.473832	-0.48469	-0.462362	-0.478095	-0.461095	-0.439546	-0.480625	-0.50895	-0.449353	-0.487315	-0.438415	-0.505711	-0.422333	-0.425153	-0.492073	-0.445998	-0.455047	-0.499852	-0.45995	-0.502417	-0.457305	-0.439379	-0.443344	-0.493048	-0.524028	-0.4816	-0.475236	-0.42756	-0.533716	-0.449858	-0.508484	-0.457234	-0.393015	-0.501073	-0.505347	-0.473137	-0.414586	-0.440916	-0.516441	-0.512727	-0.52686	-0.428333	-0.534688	-0.504381	-0.526644	-0.444487	-0.464506	-0.484032	-0.457234	-0.436103	-0.531493	-0.446839	-0.469737	-0.528184	-0.433902	-0.444112	-0.445776	-0.442115	-0.505347	-0.436397	-0.42756	-0.489035	-0.453438	-0.514253	-0.411658	-0.451681	-0.444487	-0.505122	-0.473137	-0.43562	-0.445617	-0.461567	-0.480069	-0.471521	-0.532689	-0.498582	-0.453438	-0.491292	-0.447283	-0.393035	-0.459263	-0.52686	-0.453758	-0.458159	-0.461567	-0.509161	-0.427297	-0.530898	-0.454556	-0.419305	-0.483789	-0.498582	-0.471521	-0.471821	-0.449858	-0.474355	-0.452783	-0.444487	-0.531493	-0.398444	-0.501446	-0.525307	-0.467822	-0.46074	-0.444759	-0.52214	-0.447287	-0.510483	-0.533716	-0.491292	-0.471521	-0.457234	-0.432631	-0.505122	-0.490431	-0.516441	-0.505347	-0.469737	-0.518443	-0.500746	-0.536024	-0.416581	-0.474355	-0.471224	-0.491747	-0.535521	-0.453438	-0.497818	-0.461176	-0.457305	-0.549832	-0.440127	-0.501446	-0.509161	-0.44213	-0.530748	-0.444112	-0.451695	-0.542523	-0.490431	-0.448959	-0.447897	-0.49788	-0.528184	-0.505347	-0.46585	-0.480069	-0.49237	-0.494001	-0.51695	-0.498582	-0.529622	-0.525877	-0.50733	-0.451681	-0.510206	-0.52686	-0.42059	-0.464921	-0.487166	-0.421972	-0.416581	-0.426513	-0.521351	-0.542858	-0.469737	-0.402888	-0.514253	-0.528184	-0.51724	-0.388518	-0.469104	-0.447897	-0.411658	-0.449858	-0.453758	-0.433902	-0.531493	-0.533519	-0.469737	-0.445481	-0.393035	-0.495221	-0.523098	-0.423345	-0.459263	-0.457243	-0.531493	-0.531493	-0.416921	-0.494575	-0.473137	-0.500746	-0.468681	-0.498582	-0.482619	-0.480293	-0.531493	-0.487351	-0.5003	-0.516441	-0.512727	-0.530748	-0.464714	-0.502746	-0.441051	-0.496782	-0.489035	-0.494644	-0.457234	-0.446103	-0.464921	-0.488311	-0.457008	-0.473137	-0.416921	-0.475244	-0.533519	-0.534528	-0.498582
100000	intercept	0.528702	0.504353	0.566916	0.566022	0.560342	0.578373	0.536096	0.550233	0.555625	0.564607	0.563615	0.560821	0.600678	0.566733	0.561862	0.550842	0.554929	0.574422	0.566807	0.581541	0.582835	0.542407	0.587932	0.546765	0.5728	0.56094	0.559658	0.546382	0.552479	0.550063	0.579645	0.554843	0.556365	0.546069	0.584546	0.571938	0.562208	0.538556	0.565134	0.535635	0.562226	0.560081	0.546771	0.564329	0.553531	0.551898	0.565134	0.547717	0.52608	0.573608	0.592131	0.567076	0.551262	0.580452	0.571963	0.511191	0.563493	0.578635	0.531997	0.554447	0.547129	0.583704	0.586797	0.575166	0.563759	0.545819	0.566797	0.561729	0.558956	0.56596	0.556233	0.564483	0.572962	0.576116	0.558666	0.570749	0.55529	0.534759	0.554241	0.546416	0.548647	0.554853	0.524292	0.574104	0.580043	0.552515	0.552714	0.567092	0.548375	0.5495	0.572449	0.526392	0.517753	0.552585	0.588159	0.5278	0.551573	0.584677	0.543461	0.561087	0.56586	0.573643	0.530132	0.565212	0.540857	0.544319	0.567523	0.54103	0.535261	0.559331	0.546391	0.534415	0.559438	0.551159	0.562852	0.560105	0.580979	0.584235	0.56738	0.546035	0.556842	0.555342	0.550475	0.540396	0.573322	0.540929	0.568648	0.548204	0.55801	0.547732	0.564356	0.565797	0.544894	0.592941	0.564641	0.558728	0.562138	0.546952	0.569753	0.542636	0.537836	0.532005	0.555694	0.584207	0.585494	0.57081	0.557634	0.533118	0.54018	0.548641	0.55346	0.581224	0.511729	0.556386	0.562453	0.571125	0.555904	0.539612	0.535477	0.576433	0.547681	0.577575	0.583665	0.545901	0.540246	0.567223	0.534571	0.565946	0.594936	0.570098	0.580709	0.535393	0.544849	0.574129	0.537967	0.542962	0.565968	0.568447	0.568465	0.553023	0.530625	0.572531	0.561194	0.589005	0.584838	0.519567	0.556784	0.576646	0.559232	0.566404	0.572624	0.554263	0.555589	0.562779	0.552321	0.564725	0.546091	0.568327	0.562437	0.575873	0.53473	0.50747	0.539963	0.564087	0.54677	0.59087	0.556153	0.514642	0.577581	0.542316	0.571691	0.500105	0.540442	0.560777	0.589561	0.551654	0.54442	0.558792	0.551003	0.572724	0.571366	0.535002	0.556724	0.557315	0.594026	0.558147	0.501475	0.615874	0.500105	0.561941	0.571472	0.552733	0.557809	0.575118	0.506203	0.497511	0.542316	0.501475	0.591443	0.535097	0.514642	0.575686	0.55724	0.564618	0.535319	0.551314	0.558147	0.543863	0.558224	0.544561	0.548574	0.530917	0.558102	0.546913	0.572543	0.58961	0.564264	0.560053	0.564284	0.546144	0.547523	0.592035	0.540733	0.573624	0.51602	0.572989	0.560887	0.580464	0.558671	0.535319	0.559733	0.587076	0.546913	0.542316	0.547061	0.551654	0.56313	0.556153	0.571472	0.553794	0.559259	0.558711	0.54435	0.522999	0.51212	0.536968	0.538522	0.56467	0.577581	0.560053	0.546913	0.500105	0.569322	0.538638	0.581113	0.551003	0.589561	0.557809	0.580238	0.583811	0.612736	0.517976	0.539827	0.580186	0.547276	0.566187	0.567474	0.573754	0.542332	0.522999	0.571472	0.557574	0.561277	0.572989	0.56313	0.586752	0.501475	0.53083	0.560241	0.543701	0.554247	0.551767	0.525981	0.581628	0.591443	0.559209	0.558102	0.575686	0.538638	0.594141	0.600149	0.57201	0.599002	0.593407	0.557875	0.562011	0.580464	0.538168	0.538798	0.5586	0.546144	0.517976	0.503769	0.596937	0.567231	0.557809	0.554582	0.564618	0.580238	0.567292	0.57288	0.57689	0.558671	0.535319	0.542316	0.539963	0.509428	0.568595	0.598937	0.557809	0.527843	0.546144	0.563203	0.580464	0.477788	0.530376	0.543093	0.568595	0.568595	0.54763	0.546941	0.551654	0.584728	0.578373	0.605419	0.51072	0.538638	0.571472	0.557809	0.543663	0.551003	0.572724	0.566065	0.535713	0.542713	0.576233	0.568644	0.575686	0.568644	0.500105	0.523494	0.538798	0.523181	0.559195	0.551654	0.54763	0.51072	0.594127	0.594026	0.605419
