"alpha"	"delta"	"mig"	"cost"	"mu"	"sigma"	"gen"	"popsize"	"nsampled"	"seed"	"generation"	"param"	"means"
"0.05"	"0.0"	"0.25"	"0.01"	"0.005"	"0.01"	"100000"	"10000"	"200"	"1103062282219822836"	10	"slope"	0.00010590948
"0.05"	"0.0"	"0.25"	"0.01"	"0.005"	"0.01"	"100000"	"10000"	"200"	"1103062282219822836"	10	"intercept"	0.50002867
"0.05"	"0.0"	"0.25"	"0.01"	"0.005"	"0.01"	"100000"	"10000"	"200"	"1103062282219822836"	5000	"slope"	-0.1421262275
"0.05"	"0.0"	"0.25"	"0.01"	"0.005"	"0.01"	"100000"	"10000"	"200"	"1103062282219822836"	5000	"intercept"	0.4319024
"0.05"	"0.0"	"0.25"	"0.01"	"0.005"	"0.01"	"100000"	"10000"	"200"	"1103062282219822836"	10000	"slope"	-0.200572505
"0.05"	"0.0"	"0.25"	"0.01"	"0.005"	"0.01"	"100000"	"10000"	"200"	"1103062282219822836"	10000	"intercept"	0.4643754
"0.05"	"0.0"	"0.25"	"0.01"	"0.005"	"0.01"	"100000"	"10000"	"200"	"1103062282219822836"	15000	"slope"	-0.30343564
"0.05"	"0.0"	"0.25"	"0.01"	"0.005"	"0.01"	"100000"	"10000"	"200"	"1103062282219822836"	15000	"intercept"	0.525016935
"0.05"	"0.0"	"0.25"	"0.01"	"0.005"	"0.01"	"100000"	"10000"	"200"	"1103062282219822836"	20000	"slope"	-0.370079885
"0.05"	"0.0"	"0.25"	"0.01"	"0.005"	"0.01"	"100000"	"10000"	"200"	"1103062282219822836"	20000	"intercept"	0.57237975
"0.05"	"0.0"	"0.25"	"0.01"	"0.005"	"0.01"	"100000"	"10000"	"200"	"1103062282219822836"	25000	"slope"	-0.45528969
"0.05"	"0.0"	"0.25"	"0.01"	"0.005"	"0.01"	"100000"	"10000"	"200"	"1103062282219822836"	25000	"intercept"	0.63266283
"0.05"	"0.0"	"0.25"	"0.01"	"0.005"	"0.01"	"100000"	"10000"	"200"	"1103062282219822836"	30000	"slope"	-0.472616715
"0.05"	"0.0"	"0.25"	"0.01"	"0.005"	"0.01"	"100000"	"10000"	"200"	"1103062282219822836"	30000	"intercept"	0.6410734
"0.05"	"0.0"	"0.25"	"0.01"	"0.005"	"0.01"	"100000"	"10000"	"200"	"1103062282219822836"	35000	"slope"	-0.465262775
"0.05"	"0.0"	"0.25"	"0.01"	"0.005"	"0.01"	"100000"	"10000"	"200"	"1103062282219822836"	35000	"intercept"	0.63435009
"0.05"	"0.0"	"0.25"	"0.01"	"0.005"	"0.01"	"100000"	"10000"	"200"	"1103062282219822836"	40000	"slope"	-0.54510971
"0.05"	"0.0"	"0.25"	"0.01"	"0.005"	"0.01"	"100000"	"10000"	"200"	"1103062282219822836"	40000	"intercept"	0.68859525
"0.05"	"0.0"	"0.25"	"0.01"	"0.005"	"0.01"	"100000"	"10000"	"200"	"1103062282219822836"	45000	"slope"	-0.50728419
"0.05"	"0.0"	"0.25"	"0.01"	"0.005"	"0.01"	"100000"	"10000"	"200"	"1103062282219822836"	45000	"intercept"	0.664884945
"0.05"	"0.0"	"0.25"	"0.01"	"0.005"	"0.01"	"100000"	"10000"	"200"	"1103062282219822836"	50000	"slope"	-0.569021395
"0.05"	"0.0"	"0.25"	"0.01"	"0.005"	"0.01"	"100000"	"10000"	"200"	"1103062282219822836"	50000	"intercept"	0.708343505
"0.05"	"0.0"	"0.25"	"0.01"	"0.005"	"0.01"	"100000"	"10000"	"200"	"1103062282219822836"	55000	"slope"	-0.58817746
"0.05"	"0.0"	"0.25"	"0.01"	"0.005"	"0.01"	"100000"	"10000"	"200"	"1103062282219822836"	55000	"intercept"	0.721881355
"0.05"	"0.0"	"0.25"	"0.01"	"0.005"	"0.01"	"100000"	"10000"	"200"	"1103062282219822836"	60000	"slope"	-0.53266175
"0.05"	"0.0"	"0.25"	"0.01"	"0.005"	"0.01"	"100000"	"10000"	"200"	"1103062282219822836"	60000	"intercept"	0.68415505
"0.05"	"0.0"	"0.25"	"0.01"	"0.005"	"0.01"	"100000"	"10000"	"200"	"1103062282219822836"	65000	"slope"	-0.57650272
"0.05"	"0.0"	"0.25"	"0.01"	"0.005"	"0.01"	"100000"	"10000"	"200"	"1103062282219822836"	65000	"intercept"	0.719957635
"0.05"	"0.0"	"0.25"	"0.01"	"0.005"	"0.01"	"100000"	"10000"	"200"	"1103062282219822836"	70000	"slope"	-0.5919411
"0.05"	"0.0"	"0.25"	"0.01"	"0.005"	"0.01"	"100000"	"10000"	"200"	"1103062282219822836"	70000	"intercept"	0.72699582
"0.05"	"0.0"	"0.25"	"0.01"	"0.005"	"0.01"	"100000"	"10000"	"200"	"1103062282219822836"	75000	"slope"	-0.564854925
"0.05"	"0.0"	"0.25"	"0.01"	"0.005"	"0.01"	"100000"	"10000"	"200"	"1103062282219822836"	75000	"intercept"	0.70098334
"0.05"	"0.0"	"0.25"	"0.01"	"0.005"	"0.01"	"100000"	"10000"	"200"	"1103062282219822836"	80000	"slope"	-0.524018855
"0.05"	"0.0"	"0.25"	"0.01"	"0.005"	"0.01"	"100000"	"10000"	"200"	"1103062282219822836"	80000	"intercept"	0.675960265
"0.05"	"0.0"	"0.25"	"0.01"	"0.005"	"0.01"	"100000"	"10000"	"200"	"1103062282219822836"	85000	"slope"	-0.54790513
"0.05"	"0.0"	"0.25"	"0.01"	"0.005"	"0.01"	"100000"	"10000"	"200"	"1103062282219822836"	85000	"intercept"	0.68917873
"0.05"	"0.0"	"0.25"	"0.01"	"0.005"	"0.01"	"100000"	"10000"	"200"	"1103062282219822836"	90000	"slope"	-0.560628905
"0.05"	"0.0"	"0.25"	"0.01"	"0.005"	"0.01"	"100000"	"10000"	"200"	"1103062282219822836"	90000	"intercept"	0.70177971
"0.05"	"0.0"	"0.25"	"0.01"	"0.005"	"0.01"	"100000"	"10000"	"200"	"1103062282219822836"	95000	"slope"	-0.576471675
"0.05"	"0.0"	"0.25"	"0.01"	"0.005"	"0.01"	"100000"	"10000"	"200"	"1103062282219822836"	95000	"intercept"	0.72105009
"0.05"	"0.0"	"0.25"	"0.01"	"0.005"	"0.01"	"100000"	"10000"	"200"	"1103062282219822836"	100000	"slope"	-0.58498666
"0.05"	"0.0"	"0.25"	"0.01"	"0.005"	"0.01"	"100000"	"10000"	"200"	"1103062282219822836"	100000	"intercept"	0.72079507
"0.05"	"0.0"	"0.25"	"0.01"	"0.005"	"0.01"	"100000"	"10000"	"200"	"2817120724610147775"	10	"slope"	-6.54892114e-05
"0.05"	"0.0"	"0.25"	"0.01"	"0.005"	"0.01"	"100000"	"10000"	"200"	"2817120724610147775"	10	"intercept"	0.499913005
"0.05"	"0.0"	"0.25"	"0.01"	"0.005"	"0.01"	"100000"	"10000"	"200"	"2817120724610147775"	5000	"slope"	-0.156226326
"0.05"	"0.0"	"0.25"	"0.01"	"0.005"	"0.01"	"100000"	"10000"	"200"	"2817120724610147775"	5000	"intercept"	0.43826609
"0.05"	"0.0"	"0.25"	"0.01"	"0.005"	"0.01"	"100000"	"10000"	"200"	"2817120724610147775"	10000	"slope"	-0.247984405
"0.05"	"0.0"	"0.25"	"0.01"	"0.005"	"0.01"	"100000"	"10000"	"200"	"2817120724610147775"	10000	"intercept"	0.491894355
"0.05"	"0.0"	"0.25"	"0.01"	"0.005"	"0.01"	"100000"	"10000"	"200"	"2817120724610147775"	15000	"slope"	-0.349087825
"0.05"	"0.0"	"0.25"	"0.01"	"0.005"	"0.01"	"100000"	"10000"	"200"	"2817120724610147775"	15000	"intercept"	0.551579215
"0.05"	"0.0"	"0.25"	"0.01"	"0.005"	"0.01"	"100000"	"10000"	"200"	"2817120724610147775"	20000	"slope"	-0.4032704
"0.05"	"0.0"	"0.25"	"0.01"	"0.005"	"0.01"	"100000"	"10000"	"200"	"2817120724610147775"	20000	"intercept"	0.595291055
"0.05"	"0.0"	"0.25"	"0.01"	"0.005"	"0.01"	"100000"	"10000"	"200"	"2817120724610147775"	25000	"slope"	-0.42281894
"0.05"	"0.0"	"0.25"	"0.01"	"0.005"	"0.01"	"100000"	"10000"	"200"	"2817120724610147775"	25000	"intercept"	0.615007175
"0.05"	"0.0"	"0.25"	"0.01"	"0.005"	"0.01"	"100000"	"10000"	"200"	"2817120724610147775"	30000	"slope"	-0.450054325
"0.05"	"0.0"	"0.25"	"0.01"	"0.005"	"0.01"	"100000"	"10000"	"200"	"2817120724610147775"	30000	"intercept"	0.62458492
"0.05"	"0.0"	"0.25"	"0.01"	"0.005"	"0.01"	"100000"	"10000"	"200"	"2817120724610147775"	35000	"slope"	-0.50764473
"0.05"	"0.0"	"0.25"	"0.01"	"0.005"	"0.01"	"100000"	"10000"	"200"	"2817120724610147775"	35000	"intercept"	0.67324818
"0.05"	"0.0"	"0.25"	"0.01"	"0.005"	"0.01"	"100000"	"10000"	"200"	"2817120724610147775"	40000	"slope"	-0.50810676
"0.05"	"0.0"	"0.25"	"0.01"	"0.005"	"0.01"	"100000"	"10000"	"200"	"2817120724610147775"	40000	"intercept"	0.668499855
"0.05"	"0.0"	"0.25"	"0.01"	"0.005"	"0.01"	"100000"	"10000"	"200"	"2817120724610147775"	45000	"slope"	-0.52791344
"0.05"	"0.0"	"0.25"	"0.01"	"0.005"	"0.01"	"100000"	"10000"	"200"	"2817120724610147775"	45000	"intercept"	0.68039259
"0.05"	"0.0"	"0.25"	"0.01"	"0.005"	"0.01"	"100000"	"10000"	"200"	"2817120724610147775"	50000	"slope"	-0.55704905
"0.05"	"0.0"	"0.25"	"0.01"	"0.005"	"0.01"	"100000"	"10000"	"200"	"2817120724610147775"	50000	"intercept"	0.70184909
"0.05"	"0.0"	"0.25"	"0.01"	"0.005"	"0.01"	"100000"	"10000"	"200"	"2817120724610147775"	55000	"slope"	-0.549350955
"0.05"	"0.0"	"0.25"	"0.01"	"0.005"	"0.01"	"100000"	"10000"	"200"	"2817120724610147775"	55000	"intercept"	0.69105338
"0.05"	"0.0"	"0.25"	"0.01"	"0.005"	"0.01"	"100000"	"10000"	"200"	"2817120724610147775"	60000	"slope"	-0.540383815
"0.05"	"0.0"	"0.25"	"0.01"	"0.005"	"0.01"	"100000"	"10000"	"200"	"2817120724610147775"	60000	"intercept"	0.68788271
"0.05"	"0.0"	"0.25"	"0.01"	"0.005"	"0.01"	"100000"	"10000"	"200"	"2817120724610147775"	65000	"slope"	-0.53232094
"0.05"	"0.0"	"0.25"	"0.01"	"0.005"	"0.01"	"100000"	"10000"	"200"	"2817120724610147775"	65000	"intercept"	0.690828325
"0.05"	"0.0"	"0.25"	"0.01"	"0.005"	"0.01"	"100000"	"10000"	"200"	"2817120724610147775"	70000	"slope"	-0.54697159
"0.05"	"0.0"	"0.25"	"0.01"	"0.005"	"0.01"	"100000"	"10000"	"200"	"2817120724610147775"	70000	"intercept"	0.692152805
"0.05"	"0.0"	"0.25"	"0.01"	"0.005"	"0.01"	"100000"	"10000"	"200"	"2817120724610147775"	75000	"slope"	-0.52514534
"0.05"	"0.0"	"0.25"	"0.01"	"0.005"	"0.01"	"100000"	"10000"	"200"	"2817120724610147775"	75000	"intercept"	0.67377956
"0.05"	"0.0"	"0.25"	"0.01"	"0.005"	"0.01"	"100000"	"10000"	"200"	"2817120724610147775"	80000	"slope"	-0.509849935
"0.05"	"0.0"	"0.25"	"0.01"	"0.005"	"0.01"	"100000"	"10000"	"200"	"2817120724610147775"	80000	"intercept"	0.67149897
"0.05"	"0.0"	"0.25"	"0.01"	"0.005"	"0.01"	"100000"	"10000"	"200"	"2817120724610147775"	85000	"slope"	-0.536295565
"0.05"	"0.0"	"0.25"	"0.01"	"0.005"	"0.01"	"100000"	"10000"	"200"	"2817120724610147775"	85000	"intercept"	0.68359692
"0.05"	"0.0"	"0.25"	"0.01"	"0.005"	"0.01"	"100000"	"10000"	"200"	"2817120724610147775"	90000	"slope"	-0.527324065
"0.05"	"0.0"	"0.25"	"0.01"	"0.005"	"0.01"	"100000"	"10000"	"200"	"2817120724610147775"	90000	"intercept"	0.680765555
"0.05"	"0.0"	"0.25"	"0.01"	"0.005"	"0.01"	"100000"	"10000"	"200"	"2817120724610147775"	95000	"slope"	-0.58731846
"0.05"	"0.0"	"0.25"	"0.01"	"0.005"	"0.01"	"100000"	"10000"	"200"	"2817120724610147775"	95000	"intercept"	0.71369327
"0.05"	"0.0"	"0.25"	"0.01"	"0.005"	"0.01"	"100000"	"10000"	"200"	"2817120724610147775"	100000	"slope"	-0.555255975
"0.05"	"0.0"	"0.25"	"0.01"	"0.005"	"0.01"	"100000"	"10000"	"200"	"2817120724610147775"	100000	"intercept"	0.6961275
"0.05"	"0.0"	"0.25"	"0.01"	"0.005"	"0.01"	"100000"	"10000"	"200"	"4788037514899357414"	10	"slope"	-0.000398146465
"0.05"	"0.0"	"0.25"	"0.01"	"0.005"	"0.01"	"100000"	"10000"	"200"	"4788037514899357414"	10	"intercept"	0.500119925
"0.05"	"0.0"	"0.25"	"0.01"	"0.005"	"0.01"	"100000"	"10000"	"200"	"4788037514899357414"	5000	"slope"	-0.140537397
"0.05"	"0.0"	"0.25"	"0.01"	"0.005"	"0.01"	"100000"	"10000"	"200"	"4788037514899357414"	5000	"intercept"	0.422475405
"0.05"	"0.0"	"0.25"	"0.01"	"0.005"	"0.01"	"100000"	"10000"	"200"	"4788037514899357414"	10000	"slope"	-0.19431445
"0.05"	"0.0"	"0.25"	"0.01"	"0.005"	"0.01"	"100000"	"10000"	"200"	"4788037514899357414"	10000	"intercept"	0.460329055
"0.05"	"0.0"	"0.25"	"0.01"	"0.005"	"0.01"	"100000"	"10000"	"200"	"4788037514899357414"	15000	"slope"	-0.329340115
"0.05"	"0.0"	"0.25"	"0.01"	"0.005"	"0.01"	"100000"	"10000"	"200"	"4788037514899357414"	15000	"intercept"	0.558352775
"0.05"	"0.0"	"0.25"	"0.01"	"0.005"	"0.01"	"100000"	"10000"	"200"	"4788037514899357414"	20000	"slope"	-0.41348492
"0.05"	"0.0"	"0.25"	"0.01"	"0.005"	"0.01"	"100000"	"10000"	"200"	"4788037514899357414"	20000	"intercept"	0.60000546
"0.05"	"0.0"	"0.25"	"0.01"	"0.005"	"0.01"	"100000"	"10000"	"200"	"4788037514899357414"	25000	"slope"	-0.511569535
"0.05"	"0.0"	"0.25"	"0.01"	"0.005"	"0.01"	"100000"	"10000"	"200"	"4788037514899357414"	25000	"intercept"	0.674655825
"0.05"	"0.0"	"0.25"	"0.01"	"0.005"	"0.01"	"100000"	"10000"	"200"	"4788037514899357414"	30000	"slope"	-0.52480925
"0.05"	"0.0"	"0.25"	"0.01"	"0.005"	"0.01"	"100000"	"10000"	"200"	"4788037514899357414"	30000	"intercept"	0.672497195
"0.05"	"0.0"	"0.25"	"0.01"	"0.005"	"0.01"	"100000"	"10000"	"200"	"4788037514899357414"	35000	"slope"	-0.550044525
"0.05"	"0.0"	"0.25"	"0.01"	"0.005"	"0.01"	"100000"	"10000"	"200"	"4788037514899357414"	35000	"intercept"	0.689669145
"0.05"	"0.0"	"0.25"	"0.01"	"0.005"	"0.01"	"100000"	"10000"	"200"	"4788037514899357414"	40000	"slope"	-0.517672445
"0.05"	"0.0"	"0.25"	"0.01"	"0.005"	"0.01"	"100000"	"10000"	"200"	"4788037514899357414"	40000	"intercept"	0.669516565
"0.05"	"0.0"	"0.25"	"0.01"	"0.005"	"0.01"	"100000"	"10000"	"200"	"4788037514899357414"	45000	"slope"	-0.5340675
"0.05"	"0.0"	"0.25"	"0.01"	"0.005"	"0.01"	"100000"	"10000"	"200"	"4788037514899357414"	45000	"intercept"	0.68484745
"0.05"	"0.0"	"0.25"	"0.01"	"0.005"	"0.01"	"100000"	"10000"	"200"	"4788037514899357414"	50000	"slope"	-0.542195625
"0.05"	"0.0"	"0.25"	"0.01"	"0.005"	"0.01"	"100000"	"10000"	"200"	"4788037514899357414"	50000	"intercept"	0.69163862
"0.05"	"0.0"	"0.25"	"0.01"	"0.005"	"0.01"	"100000"	"10000"	"200"	"4788037514899357414"	55000	"slope"	-0.54091906
"0.05"	"0.0"	"0.25"	"0.01"	"0.005"	"0.01"	"100000"	"10000"	"200"	"4788037514899357414"	55000	"intercept"	0.687580255
"0.05"	"0.0"	"0.25"	"0.01"	"0.005"	"0.01"	"100000"	"10000"	"200"	"4788037514899357414"	60000	"slope"	-0.56849119
"0.05"	"0.0"	"0.25"	"0.01"	"0.005"	"0.01"	"100000"	"10000"	"200"	"4788037514899357414"	60000	"intercept"	0.710083175
"0.05"	"0.0"	"0.25"	"0.01"	"0.005"	"0.01"	"100000"	"10000"	"200"	"4788037514899357414"	65000	"slope"	-0.557392235
"0.05"	"0.0"	"0.25"	"0.01"	"0.005"	"0.01"	"100000"	"10000"	"200"	"4788037514899357414"	65000	"intercept"	0.697469965
"0.05"	"0.0"	"0.25"	"0.01"	"0.005"	"0.01"	"100000"	"10000"	"200"	"4788037514899357414"	70000	"slope"	-0.535868825
"0.05"	"0.0"	"0.25"	"0.01"	"0.005"	"0.01"	"100000"	"10000"	"200"	"4788037514899357414"	70000	"intercept"	0.683895935
"0.05"	"0.0"	"0.25"	"0.01"	"0.005"	"0.01"	"100000"	"10000"	"200"	"4788037514899357414"	75000	"slope"	-0.511691385
"0.05"	"0.0"	"0.25"	"0.01"	"0.005"	"0.01"	"100000"	"10000"	"200"	"4788037514899357414"	75000	"intercept"	0.66673494
"0.05"	"0.0"	"0.25"	"0.01"	"0.005"	"0.01"	"100000"	"10000"	"200"	"4788037514899357414"	80000	"slope"	-0.512122845
"0.05"	"0.0"	"0.25"	"0.01"	"0.005"	"0.01"	"100000"	"10000"	"200"	"4788037514899357414"	80000	"intercept"	0.663257555
"0.05"	"0.0"	"0.25"	"0.01"	"0.005"	"0.01"	"100000"	"10000"	"200"	"4788037514899357414"	85000	"slope"	-0.55659857
"0.05"	"0.0"	"0.25"	"0.01"	"0.005"	"0.01"	"100000"	"10000"	"200"	"4788037514899357414"	85000	"intercept"	0.6980644
"0.05"	"0.0"	"0.25"	"0.01"	"0.005"	"0.01"	"100000"	"10000"	"200"	"4788037514899357414"	90000	"slope"	-0.560978445
"0.05"	"0.0"	"0.25"	"0.01"	"0.005"	"0.01"	"100000"	"10000"	"200"	"4788037514899357414"	90000	"intercept"	0.70321446
"0.05"	"0.0"	"0.25"	"0.01"	"0.005"	"0.01"	"100000"	"10000"	"200"	"4788037514899357414"	95000	"slope"	-0.574652355
"0.05"	"0.0"	"0.25"	"0.01"	"0.005"	"0.01"	"100000"	"10000"	"200"	"4788037514899357414"	95000	"intercept"	0.722239045
"0.05"	"0.0"	"0.25"	"0.01"	"0.005"	"0.01"	"100000"	"10000"	"200"	"4788037514899357414"	100000	"slope"	-0.57232201
"0.05"	"0.0"	"0.25"	"0.01"	"0.005"	"0.01"	"100000"	"10000"	"200"	"4788037514899357414"	100000	"intercept"	0.709712245
"0.05"	"0.4"	"0.25"	"0.01"	"0.005"	"0.01"	"100000"	"10000"	"200"	"3043479569857365405"	10	"slope"	0.000183840025
"0.05"	"0.4"	"0.25"	"0.01"	"0.005"	"0.01"	"100000"	"10000"	"200"	"3043479569857365405"	10	"intercept"	0.50016219
"0.05"	"0.4"	"0.25"	"0.01"	"0.005"	"0.01"	"100000"	"10000"	"200"	"3043479569857365405"	5000	"slope"	-0.1641868745
"0.05"	"0.4"	"0.25"	"0.01"	"0.005"	"0.01"	"100000"	"10000"	"200"	"3043479569857365405"	5000	"intercept"	0.44224919
"0.05"	"0.4"	"0.25"	"0.01"	"0.005"	"0.01"	"100000"	"10000"	"200"	"3043479569857365405"	10000	"slope"	-0.29112127
"0.05"	"0.4"	"0.25"	"0.01"	"0.005"	"0.01"	"100000"	"10000"	"200"	"3043479569857365405"	10000	"intercept"	0.510921035
"0.05"	"0.4"	"0.25"	"0.01"	"0.005"	"0.01"	"100000"	"10000"	"200"	"3043479569857365405"	15000	"slope"	-0.37344708
"0.05"	"0.4"	"0.25"	"0.01"	"0.005"	"0.01"	"100000"	"10000"	"200"	"3043479569857365405"	15000	"intercept"	0.575430755
"0.05"	"0.4"	"0.25"	"0.01"	"0.005"	"0.01"	"100000"	"10000"	"200"	"3043479569857365405"	20000	"slope"	-0.394434725
"0.05"	"0.4"	"0.25"	"0.01"	"0.005"	"0.01"	"100000"	"10000"	"200"	"3043479569857365405"	20000	"intercept"	0.59400803
"0.05"	"0.4"	"0.25"	"0.01"	"0.005"	"0.01"	"100000"	"10000"	"200"	"3043479569857365405"	25000	"slope"	-0.44003789
"0.05"	"0.4"	"0.25"	"0.01"	"0.005"	"0.01"	"100000"	"10000"	"200"	"3043479569857365405"	25000	"intercept"	0.622368895
"0.05"	"0.4"	"0.25"	"0.01"	"0.005"	"0.01"	"100000"	"10000"	"200"	"3043479569857365405"	30000	"slope"	-0.510285895
"0.05"	"0.4"	"0.25"	"0.01"	"0.005"	"0.01"	"100000"	"10000"	"200"	"3043479569857365405"	30000	"intercept"	0.6624148
"0.05"	"0.4"	"0.25"	"0.01"	"0.005"	"0.01"	"100000"	"10000"	"200"	"3043479569857365405"	35000	"slope"	-0.514073875
"0.05"	"0.4"	"0.25"	"0.01"	"0.005"	"0.01"	"100000"	"10000"	"200"	"3043479569857365405"	35000	"intercept"	0.67285039
"0.05"	"0.4"	"0.25"	"0.01"	"0.005"	"0.01"	"100000"	"10000"	"200"	"3043479569857365405"	40000	"slope"	-0.575211875
"0.05"	"0.4"	"0.25"	"0.01"	"0.005"	"0.01"	"100000"	"10000"	"200"	"3043479569857365405"	40000	"intercept"	0.714428445
"0.05"	"0.4"	"0.25"	"0.01"	"0.005"	"0.01"	"100000"	"10000"	"200"	"3043479569857365405"	45000	"slope"	-0.58985431
"0.05"	"0.4"	"0.25"	"0.01"	"0.005"	"0.01"	"100000"	"10000"	"200"	"3043479569857365405"	45000	"intercept"	0.72195682
"0.05"	"0.4"	"0.25"	"0.01"	"0.005"	"0.01"	"100000"	"10000"	"200"	"3043479569857365405"	50000	"slope"	-0.565214675
"0.05"	"0.4"	"0.25"	"0.01"	"0.005"	"0.01"	"100000"	"10000"	"200"	"3043479569857365405"	50000	"intercept"	0.700815705
"0.05"	"0.4"	"0.25"	"0.01"	"0.005"	"0.01"	"100000"	"10000"	"200"	"3043479569857365405"	55000	"slope"	-0.53977955
"0.05"	"0.4"	"0.25"	"0.01"	"0.005"	"0.01"	"100000"	"10000"	"200"	"3043479569857365405"	55000	"intercept"	0.678396125
"0.05"	"0.4"	"0.25"	"0.01"	"0.005"	"0.01"	"100000"	"10000"	"200"	"3043479569857365405"	60000	"slope"	-0.55263245
"0.05"	"0.4"	"0.25"	"0.01"	"0.005"	"0.01"	"100000"	"10000"	"200"	"3043479569857365405"	60000	"intercept"	0.694810345
"0.05"	"0.4"	"0.25"	"0.01"	"0.005"	"0.01"	"100000"	"10000"	"200"	"3043479569857365405"	65000	"slope"	-0.571222505
"0.05"	"0.4"	"0.25"	"0.01"	"0.005"	"0.01"	"100000"	"10000"	"200"	"3043479569857365405"	65000	"intercept"	0.705638835
"0.05"	"0.4"	"0.25"	"0.01"	"0.005"	"0.01"	"100000"	"10000"	"200"	"3043479569857365405"	70000	"slope"	-0.540497315
"0.05"	"0.4"	"0.25"	"0.01"	"0.005"	"0.01"	"100000"	"10000"	"200"	"3043479569857365405"	70000	"intercept"	0.68177348
"0.05"	"0.4"	"0.25"	"0.01"	"0.005"	"0.01"	"100000"	"10000"	"200"	"3043479569857365405"	75000	"slope"	-0.567586495
"0.05"	"0.4"	"0.25"	"0.01"	"0.005"	"0.01"	"100000"	"10000"	"200"	"3043479569857365405"	75000	"intercept"	0.70275571
"0.05"	"0.4"	"0.25"	"0.01"	"0.005"	"0.01"	"100000"	"10000"	"200"	"3043479569857365405"	80000	"slope"	-0.55662188
"0.05"	"0.4"	"0.25"	"0.01"	"0.005"	"0.01"	"100000"	"10000"	"200"	"3043479569857365405"	80000	"intercept"	0.69982231
"0.05"	"0.4"	"0.25"	"0.01"	"0.005"	"0.01"	"100000"	"10000"	"200"	"3043479569857365405"	85000	"slope"	-0.52476493
"0.05"	"0.4"	"0.25"	"0.01"	"0.005"	"0.01"	"100000"	"10000"	"200"	"3043479569857365405"	85000	"intercept"	0.673573315
"0.05"	"0.4"	"0.25"	"0.01"	"0.005"	"0.01"	"100000"	"10000"	"200"	"3043479569857365405"	90000	"slope"	-0.547048775
"0.05"	"0.4"	"0.25"	"0.01"	"0.005"	"0.01"	"100000"	"10000"	"200"	"3043479569857365405"	90000	"intercept"	0.690723825
"0.05"	"0.4"	"0.25"	"0.01"	"0.005"	"0.01"	"100000"	"10000"	"200"	"3043479569857365405"	95000	"slope"	-0.568300335
"0.05"	"0.4"	"0.25"	"0.01"	"0.005"	"0.01"	"100000"	"10000"	"200"	"3043479569857365405"	95000	"intercept"	0.698084125
"0.05"	"0.4"	"0.25"	"0.01"	"0.005"	"0.01"	"100000"	"10000"	"200"	"3043479569857365405"	100000	"slope"	-0.60501362
"0.05"	"0.4"	"0.25"	"0.01"	"0.005"	"0.01"	"100000"	"10000"	"200"	"3043479569857365405"	100000	"intercept"	0.72758687
"0.05"	"0.4"	"0.25"	"0.01"	"0.005"	"0.01"	"100000"	"10000"	"200"	"3644817237837911762"	10	"slope"	-5.895895e-06
"0.05"	"0.4"	"0.25"	"0.01"	"0.005"	"0.01"	"100000"	"10000"	"200"	"3644817237837911762"	10	"intercept"	0.499922405
"0.05"	"0.4"	"0.25"	"0.01"	"0.005"	"0.01"	"100000"	"10000"	"200"	"3644817237837911762"	5000	"slope"	-0.1328422495
"0.05"	"0.4"	"0.25"	"0.01"	"0.005"	"0.01"	"100000"	"10000"	"200"	"3644817237837911762"	5000	"intercept"	0.41929026
"0.05"	"0.4"	"0.25"	"0.01"	"0.005"	"0.01"	"100000"	"10000"	"200"	"3644817237837911762"	10000	"slope"	-0.206817885
"0.05"	"0.4"	"0.25"	"0.01"	"0.005"	"0.01"	"100000"	"10000"	"200"	"3644817237837911762"	10000	"intercept"	0.46518393
"0.05"	"0.4"	"0.25"	"0.01"	"0.005"	"0.01"	"100000"	"10000"	"200"	"3644817237837911762"	15000	"slope"	-0.2875975
"0.05"	"0.4"	"0.25"	"0.01"	"0.005"	"0.01"	"100000"	"10000"	"200"	"3644817237837911762"	15000	"intercept"	0.500759255
"0.05"	"0.4"	"0.25"	"0.01"	"0.005"	"0.01"	"100000"	"10000"	"200"	"3644817237837911762"	20000	"slope"	-0.37160177
"0.05"	"0.4"	"0.25"	"0.01"	"0.005"	"0.01"	"100000"	"10000"	"200"	"3644817237837911762"	20000	"intercept"	0.56883181
"0.05"	"0.4"	"0.25"	"0.01"	"0.005"	"0.01"	"100000"	"10000"	"200"	"3644817237837911762"	25000	"slope"	-0.44219973
"0.05"	"0.4"	"0.25"	"0.01"	"0.005"	"0.01"	"100000"	"10000"	"200"	"3644817237837911762"	25000	"intercept"	0.615914745
"0.05"	"0.4"	"0.25"	"0.01"	"0.005"	"0.01"	"100000"	"10000"	"200"	"3644817237837911762"	30000	"slope"	-0.48009424
"0.05"	"0.4"	"0.25"	"0.01"	"0.005"	"0.01"	"100000"	"10000"	"200"	"3644817237837911762"	30000	"intercept"	0.64174607
"0.05"	"0.4"	"0.25"	"0.01"	"0.005"	"0.01"	"100000"	"10000"	"200"	"3644817237837911762"	35000	"slope"	-0.482143185
"0.05"	"0.4"	"0.25"	"0.01"	"0.005"	"0.01"	"100000"	"10000"	"200"	"3644817237837911762"	35000	"intercept"	0.6525729
"0.05"	"0.4"	"0.25"	"0.01"	"0.005"	"0.01"	"100000"	"10000"	"200"	"3644817237837911762"	40000	"slope"	-0.54844739
"0.05"	"0.4"	"0.25"	"0.01"	"0.005"	"0.01"	"100000"	"10000"	"200"	"3644817237837911762"	40000	"intercept"	0.685856865
"0.05"	"0.4"	"0.25"	"0.01"	"0.005"	"0.01"	"100000"	"10000"	"200"	"3644817237837911762"	45000	"slope"	-0.56188166
"0.05"	"0.4"	"0.25"	"0.01"	"0.005"	"0.01"	"100000"	"10000"	"200"	"3644817237837911762"	45000	"intercept"	0.69987078
"0.05"	"0.4"	"0.25"	"0.01"	"0.005"	"0.01"	"100000"	"10000"	"200"	"3644817237837911762"	50000	"slope"	-0.55849261
"0.05"	"0.4"	"0.25"	"0.01"	"0.005"	"0.01"	"100000"	"10000"	"200"	"3644817237837911762"	50000	"intercept"	0.70326898
"0.05"	"0.4"	"0.25"	"0.01"	"0.005"	"0.01"	"100000"	"10000"	"200"	"3644817237837911762"	55000	"slope"	-0.575514055
"0.05"	"0.4"	"0.25"	"0.01"	"0.005"	"0.01"	"100000"	"10000"	"200"	"3644817237837911762"	55000	"intercept"	0.71157939
"0.05"	"0.4"	"0.25"	"0.01"	"0.005"	"0.01"	"100000"	"10000"	"200"	"3644817237837911762"	60000	"slope"	-0.58006033
"0.05"	"0.4"	"0.25"	"0.01"	"0.005"	"0.01"	"100000"	"10000"	"200"	"3644817237837911762"	60000	"intercept"	0.70957391
"0.05"	"0.4"	"0.25"	"0.01"	"0.005"	"0.01"	"100000"	"10000"	"200"	"3644817237837911762"	65000	"slope"	-0.559697295
"0.05"	"0.4"	"0.25"	"0.01"	"0.005"	"0.01"	"100000"	"10000"	"200"	"3644817237837911762"	65000	"intercept"	0.701504845
"0.05"	"0.4"	"0.25"	"0.01"	"0.005"	"0.01"	"100000"	"10000"	"200"	"3644817237837911762"	70000	"slope"	-0.551320895
"0.05"	"0.4"	"0.25"	"0.01"	"0.005"	"0.01"	"100000"	"10000"	"200"	"3644817237837911762"	70000	"intercept"	0.69068598
"0.05"	"0.4"	"0.25"	"0.01"	"0.005"	"0.01"	"100000"	"10000"	"200"	"3644817237837911762"	75000	"slope"	-0.565818505
"0.05"	"0.4"	"0.25"	"0.01"	"0.005"	"0.01"	"100000"	"10000"	"200"	"3644817237837911762"	75000	"intercept"	0.694871075
"0.05"	"0.4"	"0.25"	"0.01"	"0.005"	"0.01"	"100000"	"10000"	"200"	"3644817237837911762"	80000	"slope"	-0.547386875
"0.05"	"0.4"	"0.25"	"0.01"	"0.005"	"0.01"	"100000"	"10000"	"200"	"3644817237837911762"	80000	"intercept"	0.69592494
"0.05"	"0.4"	"0.25"	"0.01"	"0.005"	"0.01"	"100000"	"10000"	"200"	"3644817237837911762"	85000	"slope"	-0.549670975
"0.05"	"0.4"	"0.25"	"0.01"	"0.005"	"0.01"	"100000"	"10000"	"200"	"3644817237837911762"	85000	"intercept"	0.69102816
"0.05"	"0.4"	"0.25"	"0.01"	"0.005"	"0.01"	"100000"	"10000"	"200"	"3644817237837911762"	90000	"slope"	-0.566998755
"0.05"	"0.4"	"0.25"	"0.01"	"0.005"	"0.01"	"100000"	"10000"	"200"	"3644817237837911762"	90000	"intercept"	0.705114925
"0.05"	"0.4"	"0.25"	"0.01"	"0.005"	"0.01"	"100000"	"10000"	"200"	"3644817237837911762"	95000	"slope"	-0.57825665
"0.05"	"0.4"	"0.25"	"0.01"	"0.005"	"0.01"	"100000"	"10000"	"200"	"3644817237837911762"	95000	"intercept"	0.708443205
"0.05"	"0.4"	"0.25"	"0.01"	"0.005"	"0.01"	"100000"	"10000"	"200"	"3644817237837911762"	100000	"slope"	-0.553549955
"0.05"	"0.4"	"0.25"	"0.01"	"0.005"	"0.01"	"100000"	"10000"	"200"	"3644817237837911762"	100000	"intercept"	0.6889867
"0.05"	"0.4"	"0.25"	"0.01"	"0.005"	"0.01"	"100000"	"10000"	"200"	"5071360461128773010"	10	"slope"	-5.75455615e-05
"0.05"	"0.4"	"0.25"	"0.01"	"0.005"	"0.01"	"100000"	"10000"	"200"	"5071360461128773010"	10	"intercept"	0.500041535
"0.05"	"0.4"	"0.25"	"0.01"	"0.005"	"0.01"	"100000"	"10000"	"200"	"5071360461128773010"	5000	"slope"	-0.1329501595
"0.05"	"0.4"	"0.25"	"0.01"	"0.005"	"0.01"	"100000"	"10000"	"200"	"5071360461128773010"	5000	"intercept"	0.421129435
"0.05"	"0.4"	"0.25"	"0.01"	"0.005"	"0.01"	"100000"	"10000"	"200"	"5071360461128773010"	10000	"slope"	-0.26439408
"0.05"	"0.4"	"0.25"	"0.01"	"0.005"	"0.01"	"100000"	"10000"	"200"	"5071360461128773010"	10000	"intercept"	0.498612315
"0.05"	"0.4"	"0.25"	"0.01"	"0.005"	"0.01"	"100000"	"10000"	"200"	"5071360461128773010"	15000	"slope"	-0.381309785
"0.05"	"0.4"	"0.25"	"0.01"	"0.005"	"0.01"	"100000"	"10000"	"200"	"5071360461128773010"	15000	"intercept"	0.57216859
"0.05"	"0.4"	"0.25"	"0.01"	"0.005"	"0.01"	"100000"	"10000"	"200"	"5071360461128773010"	20000	"slope"	-0.49106899
"0.05"	"0.4"	"0.25"	"0.01"	"0.005"	"0.01"	"100000"	"10000"	"200"	"5071360461128773010"	20000	"intercept"	0.65359777
"0.05"	"0.4"	"0.25"	"0.01"	"0.005"	"0.01"	"100000"	"10000"	"200"	"5071360461128773010"	25000	"slope"	-0.546430685
"0.05"	"0.4"	"0.25"	"0.01"	"0.005"	"0.01"	"100000"	"10000"	"200"	"5071360461128773010"	25000	"intercept"	0.697120505
"0.05"	"0.4"	"0.25"	"0.01"	"0.005"	"0.01"	"100000"	"10000"	"200"	"5071360461128773010"	30000	"slope"	-0.577716675
"0.05"	"0.4"	"0.25"	"0.01"	"0.005"	"0.01"	"100000"	"10000"	"200"	"5071360461128773010"	30000	"intercept"	0.70739986
"0.05"	"0.4"	"0.25"	"0.01"	"0.005"	"0.01"	"100000"	"10000"	"200"	"5071360461128773010"	35000	"slope"	-0.599041625
"0.05"	"0.4"	"0.25"	"0.01"	"0.005"	"0.01"	"100000"	"10000"	"200"	"5071360461128773010"	35000	"intercept"	0.72307303
"0.05"	"0.4"	"0.25"	"0.01"	"0.005"	"0.01"	"100000"	"10000"	"200"	"5071360461128773010"	40000	"slope"	-0.58032198
"0.05"	"0.4"	"0.25"	"0.01"	"0.005"	"0.01"	"100000"	"10000"	"200"	"5071360461128773010"	40000	"intercept"	0.71359844
"0.05"	"0.4"	"0.25"	"0.01"	"0.005"	"0.01"	"100000"	"10000"	"200"	"5071360461128773010"	45000	"slope"	-0.5651507
"0.05"	"0.4"	"0.25"	"0.01"	"0.005"	"0.01"	"100000"	"10000"	"200"	"5071360461128773010"	45000	"intercept"	0.69758852
"0.05"	"0.4"	"0.25"	"0.01"	"0.005"	"0.01"	"100000"	"10000"	"200"	"5071360461128773010"	50000	"slope"	-0.57671817
"0.05"	"0.4"	"0.25"	"0.01"	"0.005"	"0.01"	"100000"	"10000"	"200"	"5071360461128773010"	50000	"intercept"	0.71066447
"0.05"	"0.4"	"0.25"	"0.01"	"0.005"	"0.01"	"100000"	"10000"	"200"	"5071360461128773010"	55000	"slope"	-0.60512129
"0.05"	"0.4"	"0.25"	"0.01"	"0.005"	"0.01"	"100000"	"10000"	"200"	"5071360461128773010"	55000	"intercept"	0.72647344
"0.05"	"0.4"	"0.25"	"0.01"	"0.005"	"0.01"	"100000"	"10000"	"200"	"5071360461128773010"	60000	"slope"	-0.57036639
"0.05"	"0.4"	"0.25"	"0.01"	"0.005"	"0.01"	"100000"	"10000"	"200"	"5071360461128773010"	60000	"intercept"	0.69614385
"0.05"	"0.4"	"0.25"	"0.01"	"0.005"	"0.01"	"100000"	"10000"	"200"	"5071360461128773010"	65000	"slope"	-0.601173755
"0.05"	"0.4"	"0.25"	"0.01"	"0.005"	"0.01"	"100000"	"10000"	"200"	"5071360461128773010"	65000	"intercept"	0.72664754
"0.05"	"0.4"	"0.25"	"0.01"	"0.005"	"0.01"	"100000"	"10000"	"200"	"5071360461128773010"	70000	"slope"	-0.618479215
"0.05"	"0.4"	"0.25"	"0.01"	"0.005"	"0.01"	"100000"	"10000"	"200"	"5071360461128773010"	70000	"intercept"	0.73358425
"0.05"	"0.4"	"0.25"	"0.01"	"0.005"	"0.01"	"100000"	"10000"	"200"	"5071360461128773010"	75000	"slope"	-0.60163519
"0.05"	"0.4"	"0.25"	"0.01"	"0.005"	"0.01"	"100000"	"10000"	"200"	"5071360461128773010"	75000	"intercept"	0.71770941
"0.05"	"0.4"	"0.25"	"0.01"	"0.005"	"0.01"	"100000"	"10000"	"200"	"5071360461128773010"	80000	"slope"	-0.57963839
"0.05"	"0.4"	"0.25"	"0.01"	"0.005"	"0.01"	"100000"	"10000"	"200"	"5071360461128773010"	80000	"intercept"	0.709425605
"0.05"	"0.4"	"0.25"	"0.01"	"0.005"	"0.01"	"100000"	"10000"	"200"	"5071360461128773010"	85000	"slope"	-0.60015877
"0.05"	"0.4"	"0.25"	"0.01"	"0.005"	"0.01"	"100000"	"10000"	"200"	"5071360461128773010"	85000	"intercept"	0.72397972
"0.05"	"0.4"	"0.25"	"0.01"	"0.005"	"0.01"	"100000"	"10000"	"200"	"5071360461128773010"	90000	"slope"	-0.586033305
"0.05"	"0.4"	"0.25"	"0.01"	"0.005"	"0.01"	"100000"	"10000"	"200"	"5071360461128773010"	90000	"intercept"	0.718453475
"0.05"	"0.4"	"0.25"	"0.01"	"0.005"	"0.01"	"100000"	"10000"	"200"	"5071360461128773010"	95000	"slope"	-0.593831455
"0.05"	"0.4"	"0.25"	"0.01"	"0.005"	"0.01"	"100000"	"10000"	"200"	"5071360461128773010"	95000	"intercept"	0.724854575
"0.05"	"0.4"	"0.25"	"0.01"	"0.005"	"0.01"	"100000"	"10000"	"200"	"5071360461128773010"	100000	"slope"	-0.56760792
"0.05"	"0.4"	"0.25"	"0.01"	"0.005"	"0.01"	"100000"	"10000"	"200"	"5071360461128773010"	100000	"intercept"	0.69978785
"0.05"	"0.6"	"0.25"	"0.01"	"0.005"	"0.01"	"100000"	"10000"	"200"	"1388334506565473039"	10	"slope"	9.227572e-05
"0.05"	"0.6"	"0.25"	"0.01"	"0.005"	"0.01"	"100000"	"10000"	"200"	"1388334506565473039"	10	"intercept"	0.500064785
"0.05"	"0.6"	"0.25"	"0.01"	"0.005"	"0.01"	"100000"	"10000"	"200"	"1388334506565473039"	5000	"slope"	-0.1534918365
"0.05"	"0.6"	"0.25"	"0.01"	"0.005"	"0.01"	"100000"	"10000"	"200"	"1388334506565473039"	5000	"intercept"	0.43090178
"0.05"	"0.6"	"0.25"	"0.01"	"0.005"	"0.01"	"100000"	"10000"	"200"	"1388334506565473039"	10000	"slope"	-0.259198695
"0.05"	"0.6"	"0.25"	"0.01"	"0.005"	"0.01"	"100000"	"10000"	"200"	"1388334506565473039"	10000	"intercept"	0.48449672
"0.05"	"0.6"	"0.25"	"0.01"	"0.005"	"0.01"	"100000"	"10000"	"200"	"1388334506565473039"	15000	"slope"	-0.347928325
"0.05"	"0.6"	"0.25"	"0.01"	"0.005"	"0.01"	"100000"	"10000"	"200"	"1388334506565473039"	15000	"intercept"	0.55075768
"0.05"	"0.6"	"0.25"	"0.01"	"0.005"	"0.01"	"100000"	"10000"	"200"	"1388334506565473039"	20000	"slope"	-0.408338835
"0.05"	"0.6"	"0.25"	"0.01"	"0.005"	"0.01"	"100000"	"10000"	"200"	"1388334506565473039"	20000	"intercept"	0.59460036
"0.05"	"0.6"	"0.25"	"0.01"	"0.005"	"0.01"	"100000"	"10000"	"200"	"1388334506565473039"	25000	"slope"	-0.467941665
"0.05"	"0.6"	"0.25"	"0.01"	"0.005"	"0.01"	"100000"	"10000"	"200"	"1388334506565473039"	25000	"intercept"	0.621985625
"0.05"	"0.6"	"0.25"	"0.01"	"0.005"	"0.01"	"100000"	"10000"	"200"	"1388334506565473039"	30000	"slope"	-0.538062485
"0.05"	"0.6"	"0.25"	"0.01"	"0.005"	"0.01"	"100000"	"10000"	"200"	"1388334506565473039"	30000	"intercept"	0.67315278
"0.05"	"0.6"	"0.25"	"0.01"	"0.005"	"0.01"	"100000"	"10000"	"200"	"1388334506565473039"	35000	"slope"	-0.57440271
"0.05"	"0.6"	"0.25"	"0.01"	"0.005"	"0.01"	"100000"	"10000"	"200"	"1388334506565473039"	35000	"intercept"	0.70865378
"0.05"	"0.6"	"0.25"	"0.01"	"0.005"	"0.01"	"100000"	"10000"	"200"	"1388334506565473039"	40000	"slope"	-0.60036787
"0.05"	"0.6"	"0.25"	"0.01"	"0.005"	"0.01"	"100000"	"10000"	"200"	"1388334506565473039"	40000	"intercept"	0.72659723
"0.05"	"0.6"	"0.25"	"0.01"	"0.005"	"0.01"	"100000"	"10000"	"200"	"1388334506565473039"	45000	"slope"	-0.61723259
"0.05"	"0.6"	"0.25"	"0.01"	"0.005"	"0.01"	"100000"	"10000"	"200"	"1388334506565473039"	45000	"intercept"	0.736119755
"0.05"	"0.6"	"0.25"	"0.01"	"0.005"	"0.01"	"100000"	"10000"	"200"	"1388334506565473039"	50000	"slope"	-0.628147745
"0.05"	"0.6"	"0.25"	"0.01"	"0.005"	"0.01"	"100000"	"10000"	"200"	"1388334506565473039"	50000	"intercept"	0.74629376
"0.05"	"0.6"	"0.25"	"0.01"	"0.005"	"0.01"	"100000"	"10000"	"200"	"1388334506565473039"	55000	"slope"	-0.607353765
"0.05"	"0.6"	"0.25"	"0.01"	"0.005"	"0.01"	"100000"	"10000"	"200"	"1388334506565473039"	55000	"intercept"	0.7257231
"0.05"	"0.6"	"0.25"	"0.01"	"0.005"	"0.01"	"100000"	"10000"	"200"	"1388334506565473039"	60000	"slope"	-0.629001005
"0.05"	"0.6"	"0.25"	"0.01"	"0.005"	"0.01"	"100000"	"10000"	"200"	"1388334506565473039"	60000	"intercept"	0.74159971
"0.05"	"0.6"	"0.25"	"0.01"	"0.005"	"0.01"	"100000"	"10000"	"200"	"1388334506565473039"	65000	"slope"	-0.62896726
"0.05"	"0.6"	"0.25"	"0.01"	"0.005"	"0.01"	"100000"	"10000"	"200"	"1388334506565473039"	65000	"intercept"	0.742979335
"0.05"	"0.6"	"0.25"	"0.01"	"0.005"	"0.01"	"100000"	"10000"	"200"	"1388334506565473039"	70000	"slope"	-0.598479815
"0.05"	"0.6"	"0.25"	"0.01"	"0.005"	"0.01"	"100000"	"10000"	"200"	"1388334506565473039"	70000	"intercept"	0.724004405
"0.05"	"0.6"	"0.25"	"0.01"	"0.005"	"0.01"	"100000"	"10000"	"200"	"1388334506565473039"	75000	"slope"	-0.598942325
"0.05"	"0.6"	"0.25"	"0.01"	"0.005"	"0.01"	"100000"	"10000"	"200"	"1388334506565473039"	75000	"intercept"	0.72725673
"0.05"	"0.6"	"0.25"	"0.01"	"0.005"	"0.01"	"100000"	"10000"	"200"	"1388334506565473039"	80000	"slope"	-0.60156036
"0.05"	"0.6"	"0.25"	"0.01"	"0.005"	"0.01"	"100000"	"10000"	"200"	"1388334506565473039"	80000	"intercept"	0.727820405
"0.05"	"0.6"	"0.25"	"0.01"	"0.005"	"0.01"	"100000"	"10000"	"200"	"1388334506565473039"	85000	"slope"	-0.598957875
"0.05"	"0.6"	"0.25"	"0.01"	"0.005"	"0.01"	"100000"	"10000"	"200"	"1388334506565473039"	85000	"intercept"	0.72141683
"0.05"	"0.6"	"0.25"	"0.01"	"0.005"	"0.01"	"100000"	"10000"	"200"	"1388334506565473039"	90000	"slope"	-0.600727865
"0.05"	"0.6"	"0.25"	"0.01"	"0.005"	"0.01"	"100000"	"10000"	"200"	"1388334506565473039"	90000	"intercept"	0.73086223
"0.05"	"0.6"	"0.25"	"0.01"	"0.005"	"0.01"	"100000"	"10000"	"200"	"1388334506565473039"	95000	"slope"	-0.576294425
"0.05"	"0.6"	"0.25"	"0.01"	"0.005"	"0.01"	"100000"	"10000"	"200"	"1388334506565473039"	95000	"intercept"	0.708805365
"0.05"	"0.6"	"0.25"	"0.01"	"0.005"	"0.01"	"100000"	"10000"	"200"	"1388334506565473039"	100000	"slope"	-0.548004215
"0.05"	"0.6"	"0.25"	"0.01"	"0.005"	"0.01"	"100000"	"10000"	"200"	"1388334506565473039"	100000	"intercept"	0.689632455
"0.05"	"0.6"	"0.25"	"0.01"	"0.005"	"0.01"	"100000"	"10000"	"200"	"2283998559860081666"	10	"slope"	1.37337005e-05
"0.05"	"0.6"	"0.25"	"0.01"	"0.005"	"0.01"	"100000"	"10000"	"200"	"2283998559860081666"	10	"intercept"	0.500037485
"0.05"	"0.6"	"0.25"	"0.01"	"0.005"	"0.01"	"100000"	"10000"	"200"	"2283998559860081666"	5000	"slope"	-0.1390840525
"0.05"	"0.6"	"0.25"	"0.01"	"0.005"	"0.01"	"100000"	"10000"	"200"	"2283998559860081666"	5000	"intercept"	0.421169615
"0.05"	"0.6"	"0.25"	"0.01"	"0.005"	"0.01"	"100000"	"10000"	"200"	"2283998559860081666"	10000	"slope"	-0.24521435
"0.05"	"0.6"	"0.25"	"0.01"	"0.005"	"0.01"	"100000"	"10000"	"200"	"2283998559860081666"	10000	"intercept"	0.48786015
"0.05"	"0.6"	"0.25"	"0.01"	"0.005"	"0.01"	"100000"	"10000"	"200"	"2283998559860081666"	15000	"slope"	-0.30520544
"0.05"	"0.6"	"0.25"	"0.01"	"0.005"	"0.01"	"100000"	"10000"	"200"	"2283998559860081666"	15000	"intercept"	0.52342847
"0.05"	"0.6"	"0.25"	"0.01"	"0.005"	"0.01"	"100000"	"10000"	"200"	"2283998559860081666"	20000	"slope"	-0.38205827
"0.05"	"0.6"	"0.25"	"0.01"	"0.005"	"0.01"	"100000"	"10000"	"200"	"2283998559860081666"	20000	"intercept"	0.571424815
"0.05"	"0.6"	"0.25"	"0.01"	"0.005"	"0.01"	"100000"	"10000"	"200"	"2283998559860081666"	25000	"slope"	-0.451303085
"0.05"	"0.6"	"0.25"	"0.01"	"0.005"	"0.01"	"100000"	"10000"	"200"	"2283998559860081666"	25000	"intercept"	0.613973425
"0.05"	"0.6"	"0.25"	"0.01"	"0.005"	"0.01"	"100000"	"10000"	"200"	"2283998559860081666"	30000	"slope"	-0.48549174
"0.05"	"0.6"	"0.25"	"0.01"	"0.005"	"0.01"	"100000"	"10000"	"200"	"2283998559860081666"	30000	"intercept"	0.65321311
"0.05"	"0.6"	"0.25"	"0.01"	"0.005"	"0.01"	"100000"	"10000"	"200"	"2283998559860081666"	35000	"slope"	-0.505653005
"0.05"	"0.6"	"0.25"	"0.01"	"0.005"	"0.01"	"100000"	"10000"	"200"	"2283998559860081666"	35000	"intercept"	0.65930655
"0.05"	"0.6"	"0.25"	"0.01"	"0.005"	"0.01"	"100000"	"10000"	"200"	"2283998559860081666"	40000	"slope"	-0.534134975
"0.05"	"0.6"	"0.25"	"0.01"	"0.005"	"0.01"	"100000"	"10000"	"200"	"2283998559860081666"	40000	"intercept"	0.680037495
"0.05"	"0.6"	"0.25"	"0.01"	"0.005"	"0.01"	"100000"	"10000"	"200"	"2283998559860081666"	45000	"slope"	-0.535927085
"0.05"	"0.6"	"0.25"	"0.01"	"0.005"	"0.01"	"100000"	"10000"	"200"	"2283998559860081666"	45000	"intercept"	0.68553217
"0.05"	"0.6"	"0.25"	"0.01"	"0.005"	"0.01"	"100000"	"10000"	"200"	"2283998559860081666"	50000	"slope"	-0.52111195
"0.05"	"0.6"	"0.25"	"0.01"	"0.005"	"0.01"	"100000"	"10000"	"200"	"2283998559860081666"	50000	"intercept"	0.6652481
"0.05"	"0.6"	"0.25"	"0.01"	"0.005"	"0.01"	"100000"	"10000"	"200"	"2283998559860081666"	55000	"slope"	-0.519816655
"0.05"	"0.6"	"0.25"	"0.01"	"0.005"	"0.01"	"100000"	"10000"	"200"	"2283998559860081666"	55000	"intercept"	0.668436555
"0.05"	"0.6"	"0.25"	"0.01"	"0.005"	"0.01"	"100000"	"10000"	"200"	"2283998559860081666"	60000	"slope"	-0.52464583
"0.05"	"0.6"	"0.25"	"0.01"	"0.005"	"0.01"	"100000"	"10000"	"200"	"2283998559860081666"	60000	"intercept"	0.670370265
"0.05"	"0.6"	"0.25"	"0.01"	"0.005"	"0.01"	"100000"	"10000"	"200"	"2283998559860081666"	65000	"slope"	-0.50461298
"0.05"	"0.6"	"0.25"	"0.01"	"0.005"	"0.01"	"100000"	"10000"	"200"	"2283998559860081666"	65000	"intercept"	0.659245775
"0.05"	"0.6"	"0.25"	"0.01"	"0.005"	"0.01"	"100000"	"10000"	"200"	"2283998559860081666"	70000	"slope"	-0.519549405
"0.05"	"0.6"	"0.25"	"0.01"	"0.005"	"0.01"	"100000"	"10000"	"200"	"2283998559860081666"	70000	"intercept"	0.661616625
"0.05"	"0.6"	"0.25"	"0.01"	"0.005"	"0.01"	"100000"	"10000"	"200"	"2283998559860081666"	75000	"slope"	-0.540242155
"0.05"	"0.6"	"0.25"	"0.01"	"0.005"	"0.01"	"100000"	"10000"	"200"	"2283998559860081666"	75000	"intercept"	0.681735495
"0.05"	"0.6"	"0.25"	"0.01"	"0.005"	"0.01"	"100000"	"10000"	"200"	"2283998559860081666"	80000	"slope"	-0.558805965
"0.05"	"0.6"	"0.25"	"0.01"	"0.005"	"0.01"	"100000"	"10000"	"200"	"2283998559860081666"	80000	"intercept"	0.69881968
"0.05"	"0.6"	"0.25"	"0.01"	"0.005"	"0.01"	"100000"	"10000"	"200"	"2283998559860081666"	85000	"slope"	-0.55823568
"0.05"	"0.6"	"0.25"	"0.01"	"0.005"	"0.01"	"100000"	"10000"	"200"	"2283998559860081666"	85000	"intercept"	0.68099912
"0.05"	"0.6"	"0.25"	"0.01"	"0.005"	"0.01"	"100000"	"10000"	"200"	"2283998559860081666"	90000	"slope"	-0.54737599
"0.05"	"0.6"	"0.25"	"0.01"	"0.005"	"0.01"	"100000"	"10000"	"200"	"2283998559860081666"	90000	"intercept"	0.683411615
"0.05"	"0.6"	"0.25"	"0.01"	"0.005"	"0.01"	"100000"	"10000"	"200"	"2283998559860081666"	95000	"slope"	-0.54673212
"0.05"	"0.6"	"0.25"	"0.01"	"0.005"	"0.01"	"100000"	"10000"	"200"	"2283998559860081666"	95000	"intercept"	0.690041385
"0.05"	"0.6"	"0.25"	"0.01"	"0.005"	"0.01"	"100000"	"10000"	"200"	"2283998559860081666"	100000	"slope"	-0.57208612
"0.05"	"0.6"	"0.25"	"0.01"	"0.005"	"0.01"	"100000"	"10000"	"200"	"2283998559860081666"	100000	"intercept"	0.704461515
"0.05"	"0.6"	"0.25"	"0.01"	"0.005"	"0.01"	"100000"	"10000"	"200"	"9162072975479102586"	10	"slope"	2.0942955e-05
"0.05"	"0.6"	"0.25"	"0.01"	"0.005"	"0.01"	"100000"	"10000"	"200"	"9162072975479102586"	10	"intercept"	0.499982215
"0.05"	"0.6"	"0.25"	"0.01"	"0.005"	"0.01"	"100000"	"10000"	"200"	"9162072975479102586"	5000	"slope"	-0.1071528805
"0.05"	"0.6"	"0.25"	"0.01"	"0.005"	"0.01"	"100000"	"10000"	"200"	"9162072975479102586"	5000	"intercept"	0.39997384
"0.05"	"0.6"	"0.25"	"0.01"	"0.005"	"0.01"	"100000"	"10000"	"200"	"9162072975479102586"	10000	"slope"	-0.195509835
"0.05"	"0.6"	"0.25"	"0.01"	"0.005"	"0.01"	"100000"	"10000"	"200"	"9162072975479102586"	10000	"intercept"	0.45561102
"0.05"	"0.6"	"0.25"	"0.01"	"0.005"	"0.01"	"100000"	"10000"	"200"	"9162072975479102586"	15000	"slope"	-0.279964525
"0.05"	"0.6"	"0.25"	"0.01"	"0.005"	"0.01"	"100000"	"10000"	"200"	"9162072975479102586"	15000	"intercept"	0.51286879
"0.05"	"0.6"	"0.25"	"0.01"	"0.005"	"0.01"	"100000"	"10000"	"200"	"9162072975479102586"	20000	"slope"	-0.355585375
"0.05"	"0.6"	"0.25"	"0.01"	"0.005"	"0.01"	"100000"	"10000"	"200"	"9162072975479102586"	20000	"intercept"	0.55915895
"0.05"	"0.6"	"0.25"	"0.01"	"0.005"	"0.01"	"100000"	"10000"	"200"	"9162072975479102586"	25000	"slope"	-0.42853535
"0.05"	"0.6"	"0.25"	"0.01"	"0.005"	"0.01"	"100000"	"10000"	"200"	"9162072975479102586"	25000	"intercept"	0.60513329
"0.05"	"0.6"	"0.25"	"0.01"	"0.005"	"0.01"	"100000"	"10000"	"200"	"9162072975479102586"	30000	"slope"	-0.490361505
"0.05"	"0.6"	"0.25"	"0.01"	"0.005"	"0.01"	"100000"	"10000"	"200"	"9162072975479102586"	30000	"intercept"	0.654016215
"0.05"	"0.6"	"0.25"	"0.01"	"0.005"	"0.01"	"100000"	"10000"	"200"	"9162072975479102586"	35000	"slope"	-0.569502345
"0.05"	"0.6"	"0.25"	"0.01"	"0.005"	"0.01"	"100000"	"10000"	"200"	"9162072975479102586"	35000	"intercept"	0.70303509
"0.05"	"0.6"	"0.25"	"0.01"	"0.005"	"0.01"	"100000"	"10000"	"200"	"9162072975479102586"	40000	"slope"	-0.57468311
"0.05"	"0.6"	"0.25"	"0.01"	"0.005"	"0.01"	"100000"	"10000"	"200"	"9162072975479102586"	40000	"intercept"	0.708300065
"0.05"	"0.6"	"0.25"	"0.01"	"0.005"	"0.01"	"100000"	"10000"	"200"	"9162072975479102586"	45000	"slope"	-0.55083786
"0.05"	"0.6"	"0.25"	"0.01"	"0.005"	"0.01"	"100000"	"10000"	"200"	"9162072975479102586"	45000	"intercept"	0.692010165
"0.05"	"0.6"	"0.25"	"0.01"	"0.005"	"0.01"	"100000"	"10000"	"200"	"9162072975479102586"	50000	"slope"	-0.59318673
"0.05"	"0.6"	"0.25"	"0.01"	"0.005"	"0.01"	"100000"	"10000"	"200"	"9162072975479102586"	50000	"intercept"	0.71979032
"0.05"	"0.6"	"0.25"	"0.01"	"0.005"	"0.01"	"100000"	"10000"	"200"	"9162072975479102586"	55000	"slope"	-0.615922595
"0.05"	"0.6"	"0.25"	"0.01"	"0.005"	"0.01"	"100000"	"10000"	"200"	"9162072975479102586"	55000	"intercept"	0.73240545
"0.05"	"0.6"	"0.25"	"0.01"	"0.005"	"0.01"	"100000"	"10000"	"200"	"9162072975479102586"	60000	"slope"	-0.58720332
"0.05"	"0.6"	"0.25"	"0.01"	"0.005"	"0.01"	"100000"	"10000"	"200"	"9162072975479102586"	60000	"intercept"	0.722676295
"0.05"	"0.6"	"0.25"	"0.01"	"0.005"	"0.01"	"100000"	"10000"	"200"	"9162072975479102586"	65000	"slope"	-0.570740135
"0.05"	"0.6"	"0.25"	"0.01"	"0.005"	"0.01"	"100000"	"10000"	"200"	"9162072975479102586"	65000	"intercept"	0.706458195
"0.05"	"0.6"	"0.25"	"0.01"	"0.005"	"0.01"	"100000"	"10000"	"200"	"9162072975479102586"	70000	"slope"	-0.597168445
"0.05"	"0.6"	"0.25"	"0.01"	"0.005"	"0.01"	"100000"	"10000"	"200"	"9162072975479102586"	70000	"intercept"	0.72576133
"0.05"	"0.6"	"0.25"	"0.01"	"0.005"	"0.01"	"100000"	"10000"	"200"	"9162072975479102586"	75000	"slope"	-0.59199849
"0.05"	"0.6"	"0.25"	"0.01"	"0.005"	"0.01"	"100000"	"10000"	"200"	"9162072975479102586"	75000	"intercept"	0.715161205
"0.05"	"0.6"	"0.25"	"0.01"	"0.005"	"0.01"	"100000"	"10000"	"200"	"9162072975479102586"	80000	"slope"	-0.598240085
"0.05"	"0.6"	"0.25"	"0.01"	"0.005"	"0.01"	"100000"	"10000"	"200"	"9162072975479102586"	80000	"intercept"	0.722504385
"0.05"	"0.6"	"0.25"	"0.01"	"0.005"	"0.01"	"100000"	"10000"	"200"	"9162072975479102586"	85000	"slope"	-0.58246824
"0.05"	"0.6"	"0.25"	"0.01"	"0.005"	"0.01"	"100000"	"10000"	"200"	"9162072975479102586"	85000	"intercept"	0.721951845
"0.05"	"0.6"	"0.25"	"0.01"	"0.005"	"0.01"	"100000"	"10000"	"200"	"9162072975479102586"	90000	"slope"	-0.57024658
"0.05"	"0.6"	"0.25"	"0.01"	"0.005"	"0.01"	"100000"	"10000"	"200"	"9162072975479102586"	90000	"intercept"	0.71240237
"0.05"	"0.6"	"0.25"	"0.01"	"0.005"	"0.01"	"100000"	"10000"	"200"	"9162072975479102586"	95000	"slope"	-0.593578725
"0.05"	"0.6"	"0.25"	"0.01"	"0.005"	"0.01"	"100000"	"10000"	"200"	"9162072975479102586"	95000	"intercept"	0.720589005
"0.05"	"0.6"	"0.25"	"0.01"	"0.005"	"0.01"	"100000"	"10000"	"200"	"9162072975479102586"	100000	"slope"	-0.618560245
"0.05"	"0.6"	"0.25"	"0.01"	"0.005"	"0.01"	"100000"	"10000"	"200"	"9162072975479102586"	100000	"intercept"	0.741488415
"0.05"	"0.8"	"0.25"	"0.01"	"0.005"	"0.01"	"100000"	"10000"	"200"	"1234888142679778076"	10	"slope"	-0.000198523655
"0.05"	"0.8"	"0.25"	"0.01"	"0.005"	"0.01"	"100000"	"10000"	"200"	"1234888142679778076"	10	"intercept"	0.49999781
"0.05"	"0.8"	"0.25"	"0.01"	"0.005"	"0.01"	"100000"	"10000"	"200"	"1234888142679778076"	5000	"slope"	-0.193826785
"0.05"	"0.8"	"0.25"	"0.01"	"0.005"	"0.01"	"100000"	"10000"	"200"	"1234888142679778076"	5000	"intercept"	0.456705445
"0.05"	"0.8"	"0.25"	"0.01"	"0.005"	"0.01"	"100000"	"10000"	"200"	"1234888142679778076"	10000	"slope"	-0.312137495
"0.05"	"0.8"	"0.25"	"0.01"	"0.005"	"0.01"	"100000"	"10000"	"200"	"1234888142679778076"	10000	"intercept"	0.523847365
"0.05"	"0.8"	"0.25"	"0.01"	"0.005"	"0.01"	"100000"	"10000"	"200"	"1234888142679778076"	15000	"slope"	-0.374741455
"0.05"	"0.8"	"0.25"	"0.01"	"0.005"	"0.01"	"100000"	"10000"	"200"	"1234888142679778076"	15000	"intercept"	0.5702824
"0.05"	"0.8"	"0.25"	"0.01"	"0.005"	"0.01"	"100000"	"10000"	"200"	"1234888142679778076"	20000	"slope"	-0.414417105
"0.05"	"0.8"	"0.25"	"0.01"	"0.005"	"0.01"	"100000"	"10000"	"200"	"1234888142679778076"	20000	"intercept"	0.59424869
"0.05"	"0.8"	"0.25"	"0.01"	"0.005"	"0.01"	"100000"	"10000"	"200"	"1234888142679778076"	25000	"slope"	-0.500546215
"0.05"	"0.8"	"0.25"	"0.01"	"0.005"	"0.01"	"100000"	"10000"	"200"	"1234888142679778076"	25000	"intercept"	0.651952395
"0.05"	"0.8"	"0.25"	"0.01"	"0.005"	"0.01"	"100000"	"10000"	"200"	"1234888142679778076"	30000	"slope"	-0.522977135
"0.05"	"0.8"	"0.25"	"0.01"	"0.005"	"0.01"	"100000"	"10000"	"200"	"1234888142679778076"	30000	"intercept"	0.668566865
"0.05"	"0.8"	"0.25"	"0.01"	"0.005"	"0.01"	"100000"	"10000"	"200"	"1234888142679778076"	35000	"slope"	-0.561660885
"0.05"	"0.8"	"0.25"	"0.01"	"0.005"	"0.01"	"100000"	"10000"	"200"	"1234888142679778076"	35000	"intercept"	0.696307865
"0.05"	"0.8"	"0.25"	"0.01"	"0.005"	"0.01"	"100000"	"10000"	"200"	"1234888142679778076"	40000	"slope"	-0.562027595
"0.05"	"0.8"	"0.25"	"0.01"	"0.005"	"0.01"	"100000"	"10000"	"200"	"1234888142679778076"	40000	"intercept"	0.691868485
"0.05"	"0.8"	"0.25"	"0.01"	"0.005"	"0.01"	"100000"	"10000"	"200"	"1234888142679778076"	45000	"slope"	-0.560400825
"0.05"	"0.8"	"0.25"	"0.01"	"0.005"	"0.01"	"100000"	"10000"	"200"	"1234888142679778076"	45000	"intercept"	0.696104095
"0.05"	"0.8"	"0.25"	"0.01"	"0.005"	"0.01"	"100000"	"10000"	"200"	"1234888142679778076"	50000	"slope"	-0.61576864
"0.05"	"0.8"	"0.25"	"0.01"	"0.005"	"0.01"	"100000"	"10000"	"200"	"1234888142679778076"	50000	"intercept"	0.724829715
"0.05"	"0.8"	"0.25"	"0.01"	"0.005"	"0.01"	"100000"	"10000"	"200"	"1234888142679778076"	55000	"slope"	-0.59135436
"0.05"	"0.8"	"0.25"	"0.01"	"0.005"	"0.01"	"100000"	"10000"	"200"	"1234888142679778076"	55000	"intercept"	0.72194106
"0.05"	"0.8"	"0.25"	"0.01"	"0.005"	"0.01"	"100000"	"10000"	"200"	"1234888142679778076"	60000	"slope"	-0.613065435
"0.05"	"0.8"	"0.25"	"0.01"	"0.005"	"0.01"	"100000"	"10000"	"200"	"1234888142679778076"	60000	"intercept"	0.73160694
"0.05"	"0.8"	"0.25"	"0.01"	"0.005"	"0.01"	"100000"	"10000"	"200"	"1234888142679778076"	65000	"slope"	-0.63790205
"0.05"	"0.8"	"0.25"	"0.01"	"0.005"	"0.01"	"100000"	"10000"	"200"	"1234888142679778076"	65000	"intercept"	0.75816247
"0.05"	"0.8"	"0.25"	"0.01"	"0.005"	"0.01"	"100000"	"10000"	"200"	"1234888142679778076"	70000	"slope"	-0.611390915
"0.05"	"0.8"	"0.25"	"0.01"	"0.005"	"0.01"	"100000"	"10000"	"200"	"1234888142679778076"	70000	"intercept"	0.72382861
"0.05"	"0.8"	"0.25"	"0.01"	"0.005"	"0.01"	"100000"	"10000"	"200"	"1234888142679778076"	75000	"slope"	-0.597952275
"0.05"	"0.8"	"0.25"	"0.01"	"0.005"	"0.01"	"100000"	"10000"	"200"	"1234888142679778076"	75000	"intercept"	0.715530215
"0.05"	"0.8"	"0.25"	"0.01"	"0.005"	"0.01"	"100000"	"10000"	"200"	"1234888142679778076"	80000	"slope"	-0.609692515
"0.05"	"0.8"	"0.25"	"0.01"	"0.005"	"0.01"	"100000"	"10000"	"200"	"1234888142679778076"	80000	"intercept"	0.72880715
"0.05"	"0.8"	"0.25"	"0.01"	"0.005"	"0.01"	"100000"	"10000"	"200"	"1234888142679778076"	85000	"slope"	-0.58100397
"0.05"	"0.8"	"0.25"	"0.01"	"0.005"	"0.01"	"100000"	"10000"	"200"	"1234888142679778076"	85000	"intercept"	0.71411448
"0.05"	"0.8"	"0.25"	"0.01"	"0.005"	"0.01"	"100000"	"10000"	"200"	"1234888142679778076"	90000	"slope"	-0.59628627
"0.05"	"0.8"	"0.25"	"0.01"	"0.005"	"0.01"	"100000"	"10000"	"200"	"1234888142679778076"	90000	"intercept"	0.72285783
"0.05"	"0.8"	"0.25"	"0.01"	"0.005"	"0.01"	"100000"	"10000"	"200"	"1234888142679778076"	95000	"slope"	-0.59688867
"0.05"	"0.8"	"0.25"	"0.01"	"0.005"	"0.01"	"100000"	"10000"	"200"	"1234888142679778076"	95000	"intercept"	0.718734465
"0.05"	"0.8"	"0.25"	"0.01"	"0.005"	"0.01"	"100000"	"10000"	"200"	"1234888142679778076"	100000	"slope"	-0.58451773
"0.05"	"0.8"	"0.25"	"0.01"	"0.005"	"0.01"	"100000"	"10000"	"200"	"1234888142679778076"	100000	"intercept"	0.71733916
"0.05"	"0.8"	"0.25"	"0.01"	"0.005"	"0.01"	"100000"	"10000"	"200"	"5772192715938611305"	10	"slope"	-1.8540645e-05
"0.05"	"0.8"	"0.25"	"0.01"	"0.005"	"0.01"	"100000"	"10000"	"200"	"5772192715938611305"	10	"intercept"	0.500038915
"0.05"	"0.8"	"0.25"	"0.01"	"0.005"	"0.01"	"100000"	"10000"	"200"	"5772192715938611305"	5000	"slope"	-0.24209018
"0.05"	"0.8"	"0.25"	"0.01"	"0.005"	"0.01"	"100000"	"10000"	"200"	"5772192715938611305"	5000	"intercept"	0.4854413
"0.05"	"0.8"	"0.25"	"0.01"	"0.005"	"0.01"	"100000"	"10000"	"200"	"5772192715938611305"	10000	"slope"	-0.367217345
"0.05"	"0.8"	"0.25"	"0.01"	"0.005"	"0.01"	"100000"	"10000"	"200"	"5772192715938611305"	10000	"intercept"	0.562200455
"0.05"	"0.8"	"0.25"	"0.01"	"0.005"	"0.01"	"100000"	"10000"	"200"	"5772192715938611305"	15000	"slope"	-0.39732989
"0.05"	"0.8"	"0.25"	"0.01"	"0.005"	"0.01"	"100000"	"10000"	"200"	"5772192715938611305"	15000	"intercept"	0.585815055
"0.05"	"0.8"	"0.25"	"0.01"	"0.005"	"0.01"	"100000"	"10000"	"200"	"5772192715938611305"	20000	"slope"	-0.48492498
"0.05"	"0.8"	"0.25"	"0.01"	"0.005"	"0.01"	"100000"	"10000"	"200"	"5772192715938611305"	20000	"intercept"	0.64368574
"0.05"	"0.8"	"0.25"	"0.01"	"0.005"	"0.01"	"100000"	"10000"	"200"	"5772192715938611305"	25000	"slope"	-0.48404904
"0.05"	"0.8"	"0.25"	"0.01"	"0.005"	"0.01"	"100000"	"10000"	"200"	"5772192715938611305"	25000	"intercept"	0.63976586
"0.05"	"0.8"	"0.25"	"0.01"	"0.005"	"0.01"	"100000"	"10000"	"200"	"5772192715938611305"	30000	"slope"	-0.52748138
"0.05"	"0.8"	"0.25"	"0.01"	"0.005"	"0.01"	"100000"	"10000"	"200"	"5772192715938611305"	30000	"intercept"	0.680714195
"0.05"	"0.8"	"0.25"	"0.01"	"0.005"	"0.01"	"100000"	"10000"	"200"	"5772192715938611305"	35000	"slope"	-0.57761268
"0.05"	"0.8"	"0.25"	"0.01"	"0.005"	"0.01"	"100000"	"10000"	"200"	"5772192715938611305"	35000	"intercept"	0.70024088
"0.05"	"0.8"	"0.25"	"0.01"	"0.005"	"0.01"	"100000"	"10000"	"200"	"5772192715938611305"	40000	"slope"	-0.56857083
"0.05"	"0.8"	"0.25"	"0.01"	"0.005"	"0.01"	"100000"	"10000"	"200"	"5772192715938611305"	40000	"intercept"	0.70055947
"0.05"	"0.8"	"0.25"	"0.01"	"0.005"	"0.01"	"100000"	"10000"	"200"	"5772192715938611305"	45000	"slope"	-0.56517332
"0.05"	"0.8"	"0.25"	"0.01"	"0.005"	"0.01"	"100000"	"10000"	"200"	"5772192715938611305"	45000	"intercept"	0.689047245
"0.05"	"0.8"	"0.25"	"0.01"	"0.005"	"0.01"	"100000"	"10000"	"200"	"5772192715938611305"	50000	"slope"	-0.592638125
"0.05"	"0.8"	"0.25"	"0.01"	"0.005"	"0.01"	"100000"	"10000"	"200"	"5772192715938611305"	50000	"intercept"	0.71731024
"0.05"	"0.8"	"0.25"	"0.01"	"0.005"	"0.01"	"100000"	"10000"	"200"	"5772192715938611305"	55000	"slope"	-0.62062252
"0.05"	"0.8"	"0.25"	"0.01"	"0.005"	"0.01"	"100000"	"10000"	"200"	"5772192715938611305"	55000	"intercept"	0.73588851
"0.05"	"0.8"	"0.25"	"0.01"	"0.005"	"0.01"	"100000"	"10000"	"200"	"5772192715938611305"	60000	"slope"	-0.608838435
"0.05"	"0.8"	"0.25"	"0.01"	"0.005"	"0.01"	"100000"	"10000"	"200"	"5772192715938611305"	60000	"intercept"	0.732517205
"0.05"	"0.8"	"0.25"	"0.01"	"0.005"	"0.01"	"100000"	"10000"	"200"	"5772192715938611305"	65000	"slope"	-0.6120028
"0.05"	"0.8"	"0.25"	"0.01"	"0.005"	"0.01"	"100000"	"10000"	"200"	"5772192715938611305"	65000	"intercept"	0.72701333
"0.05"	"0.8"	"0.25"	"0.01"	"0.005"	"0.01"	"100000"	"10000"	"200"	"5772192715938611305"	70000	"slope"	-0.59158647
"0.05"	"0.8"	"0.25"	"0.01"	"0.005"	"0.01"	"100000"	"10000"	"200"	"5772192715938611305"	70000	"intercept"	0.719366925
"0.05"	"0.8"	"0.25"	"0.01"	"0.005"	"0.01"	"100000"	"10000"	"200"	"5772192715938611305"	75000	"slope"	-0.609717805
"0.05"	"0.8"	"0.25"	"0.01"	"0.005"	"0.01"	"100000"	"10000"	"200"	"5772192715938611305"	75000	"intercept"	0.72454359
"0.05"	"0.8"	"0.25"	"0.01"	"0.005"	"0.01"	"100000"	"10000"	"200"	"5772192715938611305"	80000	"slope"	-0.597128525
"0.05"	"0.8"	"0.25"	"0.01"	"0.005"	"0.01"	"100000"	"10000"	"200"	"5772192715938611305"	80000	"intercept"	0.72639093
"0.05"	"0.8"	"0.25"	"0.01"	"0.005"	"0.01"	"100000"	"10000"	"200"	"5772192715938611305"	85000	"slope"	-0.59271321
"0.05"	"0.8"	"0.25"	"0.01"	"0.005"	"0.01"	"100000"	"10000"	"200"	"5772192715938611305"	85000	"intercept"	0.71408927
"0.05"	"0.8"	"0.25"	"0.01"	"0.005"	"0.01"	"100000"	"10000"	"200"	"5772192715938611305"	90000	"slope"	-0.599171725
"0.05"	"0.8"	"0.25"	"0.01"	"0.005"	"0.01"	"100000"	"10000"	"200"	"5772192715938611305"	90000	"intercept"	0.718677565
"0.05"	"0.8"	"0.25"	"0.01"	"0.005"	"0.01"	"100000"	"10000"	"200"	"5772192715938611305"	95000	"slope"	-0.583703885
"0.05"	"0.8"	"0.25"	"0.01"	"0.005"	"0.01"	"100000"	"10000"	"200"	"5772192715938611305"	95000	"intercept"	0.71498872
"0.05"	"0.8"	"0.25"	"0.01"	"0.005"	"0.01"	"100000"	"10000"	"200"	"5772192715938611305"	100000	"slope"	-0.556373455
"0.05"	"0.8"	"0.25"	"0.01"	"0.005"	"0.01"	"100000"	"10000"	"200"	"5772192715938611305"	100000	"intercept"	0.689543765
"0.05"	"0.8"	"0.25"	"0.01"	"0.005"	"0.01"	"100000"	"10000"	"200"	"7120611943090981492"	10	"slope"	5.330242e-05
"0.05"	"0.8"	"0.25"	"0.01"	"0.005"	"0.01"	"100000"	"10000"	"200"	"7120611943090981492"	10	"intercept"	0.500074155
"0.05"	"0.8"	"0.25"	"0.01"	"0.005"	"0.01"	"100000"	"10000"	"200"	"7120611943090981492"	5000	"slope"	-0.24687657
"0.05"	"0.8"	"0.25"	"0.01"	"0.005"	"0.01"	"100000"	"10000"	"200"	"7120611943090981492"	5000	"intercept"	0.47591343
"0.05"	"0.8"	"0.25"	"0.01"	"0.005"	"0.01"	"100000"	"10000"	"200"	"7120611943090981492"	10000	"slope"	-0.365014
"0.05"	"0.8"	"0.25"	"0.01"	"0.005"	"0.01"	"100000"	"10000"	"200"	"7120611943090981492"	10000	"intercept"	0.563991725
"0.05"	"0.8"	"0.25"	"0.01"	"0.005"	"0.01"	"100000"	"10000"	"200"	"7120611943090981492"	15000	"slope"	-0.432958525
"0.05"	"0.8"	"0.25"	"0.01"	"0.005"	"0.01"	"100000"	"10000"	"200"	"7120611943090981492"	15000	"intercept"	0.605150025
"0.05"	"0.8"	"0.25"	"0.01"	"0.005"	"0.01"	"100000"	"10000"	"200"	"7120611943090981492"	20000	"slope"	-0.46952585
"0.05"	"0.8"	"0.25"	"0.01"	"0.005"	"0.01"	"100000"	"10000"	"200"	"7120611943090981492"	20000	"intercept"	0.626496015
"0.05"	"0.8"	"0.25"	"0.01"	"0.005"	"0.01"	"100000"	"10000"	"200"	"7120611943090981492"	25000	"slope"	-0.51659431
"0.05"	"0.8"	"0.25"	"0.01"	"0.005"	"0.01"	"100000"	"10000"	"200"	"7120611943090981492"	25000	"intercept"	0.667149275
"0.05"	"0.8"	"0.25"	"0.01"	"0.005"	"0.01"	"100000"	"10000"	"200"	"7120611943090981492"	30000	"slope"	-0.530436745
"0.05"	"0.8"	"0.25"	"0.01"	"0.005"	"0.01"	"100000"	"10000"	"200"	"7120611943090981492"	30000	"intercept"	0.67801326
"0.05"	"0.8"	"0.25"	"0.01"	"0.005"	"0.01"	"100000"	"10000"	"200"	"7120611943090981492"	35000	"slope"	-0.55796939
"0.05"	"0.8"	"0.25"	"0.01"	"0.005"	"0.01"	"100000"	"10000"	"200"	"7120611943090981492"	35000	"intercept"	0.691861965
"0.05"	"0.8"	"0.25"	"0.01"	"0.005"	"0.01"	"100000"	"10000"	"200"	"7120611943090981492"	40000	"slope"	-0.5598577
"0.05"	"0.8"	"0.25"	"0.01"	"0.005"	"0.01"	"100000"	"10000"	"200"	"7120611943090981492"	40000	"intercept"	0.69526494
"0.05"	"0.8"	"0.25"	"0.01"	"0.005"	"0.01"	"100000"	"10000"	"200"	"7120611943090981492"	45000	"slope"	-0.58524658
"0.05"	"0.8"	"0.25"	"0.01"	"0.005"	"0.01"	"100000"	"10000"	"200"	"7120611943090981492"	45000	"intercept"	0.71165799
"0.05"	"0.8"	"0.25"	"0.01"	"0.005"	"0.01"	"100000"	"10000"	"200"	"7120611943090981492"	50000	"slope"	-0.61472924
"0.05"	"0.8"	"0.25"	"0.01"	"0.005"	"0.01"	"100000"	"10000"	"200"	"7120611943090981492"	50000	"intercept"	0.734883165
"0.05"	"0.8"	"0.25"	"0.01"	"0.005"	"0.01"	"100000"	"10000"	"200"	"7120611943090981492"	55000	"slope"	-0.628264585
"0.05"	"0.8"	"0.25"	"0.01"	"0.005"	"0.01"	"100000"	"10000"	"200"	"7120611943090981492"	55000	"intercept"	0.744513655
"0.05"	"0.8"	"0.25"	"0.01"	"0.005"	"0.01"	"100000"	"10000"	"200"	"7120611943090981492"	60000	"slope"	-0.6103091
"0.05"	"0.8"	"0.25"	"0.01"	"0.005"	"0.01"	"100000"	"10000"	"200"	"7120611943090981492"	60000	"intercept"	0.730696845
"0.05"	"0.8"	"0.25"	"0.01"	"0.005"	"0.01"	"100000"	"10000"	"200"	"7120611943090981492"	65000	"slope"	-0.60551368
"0.05"	"0.8"	"0.25"	"0.01"	"0.005"	"0.01"	"100000"	"10000"	"200"	"7120611943090981492"	65000	"intercept"	0.721891305
"0.05"	"0.8"	"0.25"	"0.01"	"0.005"	"0.01"	"100000"	"10000"	"200"	"7120611943090981492"	70000	"slope"	-0.617953595
"0.05"	"0.8"	"0.25"	"0.01"	"0.005"	"0.01"	"100000"	"10000"	"200"	"7120611943090981492"	70000	"intercept"	0.737876485
"0.05"	"0.8"	"0.25"	"0.01"	"0.005"	"0.01"	"100000"	"10000"	"200"	"7120611943090981492"	75000	"slope"	-0.606725705
"0.05"	"0.8"	"0.25"	"0.01"	"0.005"	"0.01"	"100000"	"10000"	"200"	"7120611943090981492"	75000	"intercept"	0.735670515
"0.05"	"0.8"	"0.25"	"0.01"	"0.005"	"0.01"	"100000"	"10000"	"200"	"7120611943090981492"	80000	"slope"	-0.601505805
"0.05"	"0.8"	"0.25"	"0.01"	"0.005"	"0.01"	"100000"	"10000"	"200"	"7120611943090981492"	80000	"intercept"	0.72974397
"0.05"	"0.8"	"0.25"	"0.01"	"0.005"	"0.01"	"100000"	"10000"	"200"	"7120611943090981492"	85000	"slope"	-0.614180485
"0.05"	"0.8"	"0.25"	"0.01"	"0.005"	"0.01"	"100000"	"10000"	"200"	"7120611943090981492"	85000	"intercept"	0.732284625
"0.05"	"0.8"	"0.25"	"0.01"	"0.005"	"0.01"	"100000"	"10000"	"200"	"7120611943090981492"	90000	"slope"	-0.60491817
"0.05"	"0.8"	"0.25"	"0.01"	"0.005"	"0.01"	"100000"	"10000"	"200"	"7120611943090981492"	90000	"intercept"	0.71739775
"0.05"	"0.8"	"0.25"	"0.01"	"0.005"	"0.01"	"100000"	"10000"	"200"	"7120611943090981492"	95000	"slope"	-0.57567489
"0.05"	"0.8"	"0.25"	"0.01"	"0.005"	"0.01"	"100000"	"10000"	"200"	"7120611943090981492"	95000	"intercept"	0.707941625
"0.05"	"0.8"	"0.25"	"0.01"	"0.005"	"0.01"	"100000"	"10000"	"200"	"7120611943090981492"	100000	"slope"	-0.5804687
"0.05"	"0.8"	"0.25"	"0.01"	"0.005"	"0.01"	"100000"	"10000"	"200"	"7120611943090981492"	100000	"intercept"	0.70884647
"0.15"	"0.0"	"0.25"	"0.01"	"0.005"	"0.01"	"100000"	"10000"	"200"	"2293357641804833064"	10	"slope"	0.00010353215
"0.15"	"0.0"	"0.25"	"0.01"	"0.005"	"0.01"	"100000"	"10000"	"200"	"2293357641804833064"	10	"intercept"	0.5000875
"0.15"	"0.0"	"0.25"	"0.01"	"0.005"	"0.01"	"100000"	"10000"	"200"	"2293357641804833064"	5000	"slope"	-0.114618631
"0.15"	"0.0"	"0.25"	"0.01"	"0.005"	"0.01"	"100000"	"10000"	"200"	"2293357641804833064"	5000	"intercept"	0.445275195
"0.15"	"0.0"	"0.25"	"0.01"	"0.005"	"0.01"	"100000"	"10000"	"200"	"2293357641804833064"	10000	"slope"	-0.21920028
"0.15"	"0.0"	"0.25"	"0.01"	"0.005"	"0.01"	"100000"	"10000"	"200"	"2293357641804833064"	10000	"intercept"	0.50735831
"0.15"	"0.0"	"0.25"	"0.01"	"0.005"	"0.01"	"100000"	"10000"	"200"	"2293357641804833064"	15000	"slope"	-0.305091895
"0.15"	"0.0"	"0.25"	"0.01"	"0.005"	"0.01"	"100000"	"10000"	"200"	"2293357641804833064"	15000	"intercept"	0.56149896
"0.15"	"0.0"	"0.25"	"0.01"	"0.005"	"0.01"	"100000"	"10000"	"200"	"2293357641804833064"	20000	"slope"	-0.389071575
"0.15"	"0.0"	"0.25"	"0.01"	"0.005"	"0.01"	"100000"	"10000"	"200"	"2293357641804833064"	20000	"intercept"	0.602914985
"0.15"	"0.0"	"0.25"	"0.01"	"0.005"	"0.01"	"100000"	"10000"	"200"	"2293357641804833064"	25000	"slope"	-0.41927396
"0.15"	"0.0"	"0.25"	"0.01"	"0.005"	"0.01"	"100000"	"10000"	"200"	"2293357641804833064"	25000	"intercept"	0.636086385
"0.15"	"0.0"	"0.25"	"0.01"	"0.005"	"0.01"	"100000"	"10000"	"200"	"2293357641804833064"	30000	"slope"	-0.45398639
"0.15"	"0.0"	"0.25"	"0.01"	"0.005"	"0.01"	"100000"	"10000"	"200"	"2293357641804833064"	30000	"intercept"	0.660027625
"0.15"	"0.0"	"0.25"	"0.01"	"0.005"	"0.01"	"100000"	"10000"	"200"	"2293357641804833064"	35000	"slope"	-0.443537305
"0.15"	"0.0"	"0.25"	"0.01"	"0.005"	"0.01"	"100000"	"10000"	"200"	"2293357641804833064"	35000	"intercept"	0.65051332
"0.15"	"0.0"	"0.25"	"0.01"	"0.005"	"0.01"	"100000"	"10000"	"200"	"2293357641804833064"	40000	"slope"	-0.48259347
"0.15"	"0.0"	"0.25"	"0.01"	"0.005"	"0.01"	"100000"	"10000"	"200"	"2293357641804833064"	40000	"intercept"	0.682605385
"0.15"	"0.0"	"0.25"	"0.01"	"0.005"	"0.01"	"100000"	"10000"	"200"	"2293357641804833064"	45000	"slope"	-0.478430745
"0.15"	"0.0"	"0.25"	"0.01"	"0.005"	"0.01"	"100000"	"10000"	"200"	"2293357641804833064"	45000	"intercept"	0.684244255
"0.15"	"0.0"	"0.25"	"0.01"	"0.005"	"0.01"	"100000"	"10000"	"200"	"2293357641804833064"	50000	"slope"	-0.45637186
"0.15"	"0.0"	"0.25"	"0.01"	"0.005"	"0.01"	"100000"	"10000"	"200"	"2293357641804833064"	50000	"intercept"	0.667388665
"0.15"	"0.0"	"0.25"	"0.01"	"0.005"	"0.01"	"100000"	"10000"	"200"	"2293357641804833064"	55000	"slope"	-0.443022335
"0.15"	"0.0"	"0.25"	"0.01"	"0.005"	"0.01"	"100000"	"10000"	"200"	"2293357641804833064"	55000	"intercept"	0.64810443
"0.15"	"0.0"	"0.25"	"0.01"	"0.005"	"0.01"	"100000"	"10000"	"200"	"2293357641804833064"	60000	"slope"	-0.4545205
"0.15"	"0.0"	"0.25"	"0.01"	"0.005"	"0.01"	"100000"	"10000"	"200"	"2293357641804833064"	60000	"intercept"	0.65261242
"0.15"	"0.0"	"0.25"	"0.01"	"0.005"	"0.01"	"100000"	"10000"	"200"	"2293357641804833064"	65000	"slope"	-0.48527895
"0.15"	"0.0"	"0.25"	"0.01"	"0.005"	"0.01"	"100000"	"10000"	"200"	"2293357641804833064"	65000	"intercept"	0.680323675
"0.15"	"0.0"	"0.25"	"0.01"	"0.005"	"0.01"	"100000"	"10000"	"200"	"2293357641804833064"	70000	"slope"	-0.500322115
"0.15"	"0.0"	"0.25"	"0.01"	"0.005"	"0.01"	"100000"	"10000"	"200"	"2293357641804833064"	70000	"intercept"	0.695287125
"0.15"	"0.0"	"0.25"	"0.01"	"0.005"	"0.01"	"100000"	"10000"	"200"	"2293357641804833064"	75000	"slope"	-0.534728205
"0.15"	"0.0"	"0.25"	"0.01"	"0.005"	"0.01"	"100000"	"10000"	"200"	"2293357641804833064"	75000	"intercept"	0.71158842
"0.15"	"0.0"	"0.25"	"0.01"	"0.005"	"0.01"	"100000"	"10000"	"200"	"2293357641804833064"	80000	"slope"	-0.521763095
"0.15"	"0.0"	"0.25"	"0.01"	"0.005"	"0.01"	"100000"	"10000"	"200"	"2293357641804833064"	80000	"intercept"	0.706200285
"0.15"	"0.0"	"0.25"	"0.01"	"0.005"	"0.01"	"100000"	"10000"	"200"	"2293357641804833064"	85000	"slope"	-0.486869925
"0.15"	"0.0"	"0.25"	"0.01"	"0.005"	"0.01"	"100000"	"10000"	"200"	"2293357641804833064"	85000	"intercept"	0.68487239
"0.15"	"0.0"	"0.25"	"0.01"	"0.005"	"0.01"	"100000"	"10000"	"200"	"2293357641804833064"	90000	"slope"	-0.467554935
"0.15"	"0.0"	"0.25"	"0.01"	"0.005"	"0.01"	"100000"	"10000"	"200"	"2293357641804833064"	90000	"intercept"	0.66412978
"0.15"	"0.0"	"0.25"	"0.01"	"0.005"	"0.01"	"100000"	"10000"	"200"	"2293357641804833064"	95000	"slope"	-0.430573785
"0.15"	"0.0"	"0.25"	"0.01"	"0.005"	"0.01"	"100000"	"10000"	"200"	"2293357641804833064"	95000	"intercept"	0.633143545
"0.15"	"0.0"	"0.25"	"0.01"	"0.005"	"0.01"	"100000"	"10000"	"200"	"2293357641804833064"	100000	"slope"	-0.470715665
"0.15"	"0.0"	"0.25"	"0.01"	"0.005"	"0.01"	"100000"	"10000"	"200"	"2293357641804833064"	100000	"intercept"	0.66923944
"0.15"	"0.0"	"0.25"	"0.01"	"0.005"	"0.01"	"100000"	"10000"	"200"	"3024008660153720617"	10	"slope"	-0.0003673309375
"0.15"	"0.0"	"0.25"	"0.01"	"0.005"	"0.01"	"100000"	"10000"	"200"	"3024008660153720617"	10	"intercept"	0.50012293
"0.15"	"0.0"	"0.25"	"0.01"	"0.005"	"0.01"	"100000"	"10000"	"200"	"3024008660153720617"	5000	"slope"	-0.1008247675
"0.15"	"0.0"	"0.25"	"0.01"	"0.005"	"0.01"	"100000"	"10000"	"200"	"3024008660153720617"	5000	"intercept"	0.437186215
"0.15"	"0.0"	"0.25"	"0.01"	"0.005"	"0.01"	"100000"	"10000"	"200"	"3024008660153720617"	10000	"slope"	-0.215503
"0.15"	"0.0"	"0.25"	"0.01"	"0.005"	"0.01"	"100000"	"10000"	"200"	"3024008660153720617"	10000	"intercept"	0.49359946
"0.15"	"0.0"	"0.25"	"0.01"	"0.005"	"0.01"	"100000"	"10000"	"200"	"3024008660153720617"	15000	"slope"	-0.32706911
"0.15"	"0.0"	"0.25"	"0.01"	"0.005"	"0.01"	"100000"	"10000"	"200"	"3024008660153720617"	15000	"intercept"	0.57352888
"0.15"	"0.0"	"0.25"	"0.01"	"0.005"	"0.01"	"100000"	"10000"	"200"	"3024008660153720617"	20000	"slope"	-0.34088469
"0.15"	"0.0"	"0.25"	"0.01"	"0.005"	"0.01"	"100000"	"10000"	"200"	"3024008660153720617"	20000	"intercept"	0.583906125
"0.15"	"0.0"	"0.25"	"0.01"	"0.005"	"0.01"	"100000"	"10000"	"200"	"3024008660153720617"	25000	"slope"	-0.385171425
"0.15"	"0.0"	"0.25"	"0.01"	"0.005"	"0.01"	"100000"	"10000"	"200"	"3024008660153720617"	25000	"intercept"	0.61162135
"0.15"	"0.0"	"0.25"	"0.01"	"0.005"	"0.01"	"100000"	"10000"	"200"	"3024008660153720617"	30000	"slope"	-0.414260075
"0.15"	"0.0"	"0.25"	"0.01"	"0.005"	"0.01"	"100000"	"10000"	"200"	"3024008660153720617"	30000	"intercept"	0.631611025
"0.15"	"0.0"	"0.25"	"0.01"	"0.005"	"0.01"	"100000"	"10000"	"200"	"3024008660153720617"	35000	"slope"	-0.438545575
"0.15"	"0.0"	"0.25"	"0.01"	"0.005"	"0.01"	"100000"	"10000"	"200"	"3024008660153720617"	35000	"intercept"	0.65599762
"0.15"	"0.0"	"0.25"	"0.01"	"0.005"	"0.01"	"100000"	"10000"	"200"	"3024008660153720617"	40000	"slope"	-0.456515795
"0.15"	"0.0"	"0.25"	"0.01"	"0.005"	"0.01"	"100000"	"10000"	"200"	"3024008660153720617"	40000	"intercept"	0.66101895
"0.15"	"0.0"	"0.25"	"0.01"	"0.005"	"0.01"	"100000"	"10000"	"200"	"3024008660153720617"	45000	"slope"	-0.416604055
"0.15"	"0.0"	"0.25"	"0.01"	"0.005"	"0.01"	"100000"	"10000"	"200"	"3024008660153720617"	45000	"intercept"	0.63291361
"0.15"	"0.0"	"0.25"	"0.01"	"0.005"	"0.01"	"100000"	"10000"	"200"	"3024008660153720617"	50000	"slope"	-0.435092535
"0.15"	"0.0"	"0.25"	"0.01"	"0.005"	"0.01"	"100000"	"10000"	"200"	"3024008660153720617"	50000	"intercept"	0.647998345
"0.15"	"0.0"	"0.25"	"0.01"	"0.005"	"0.01"	"100000"	"10000"	"200"	"3024008660153720617"	55000	"slope"	-0.453504375
"0.15"	"0.0"	"0.25"	"0.01"	"0.005"	"0.01"	"100000"	"10000"	"200"	"3024008660153720617"	55000	"intercept"	0.656049345
"0.15"	"0.0"	"0.25"	"0.01"	"0.005"	"0.01"	"100000"	"10000"	"200"	"3024008660153720617"	60000	"slope"	-0.481587885
"0.15"	"0.0"	"0.25"	"0.01"	"0.005"	"0.01"	"100000"	"10000"	"200"	"3024008660153720617"	60000	"intercept"	0.68182167
"0.15"	"0.0"	"0.25"	"0.01"	"0.005"	"0.01"	"100000"	"10000"	"200"	"3024008660153720617"	65000	"slope"	-0.456933225
"0.15"	"0.0"	"0.25"	"0.01"	"0.005"	"0.01"	"100000"	"10000"	"200"	"3024008660153720617"	65000	"intercept"	0.657044275
"0.15"	"0.0"	"0.25"	"0.01"	"0.005"	"0.01"	"100000"	"10000"	"200"	"3024008660153720617"	70000	"slope"	-0.441142595
"0.15"	"0.0"	"0.25"	"0.01"	"0.005"	"0.01"	"100000"	"10000"	"200"	"3024008660153720617"	70000	"intercept"	0.6561001
"0.15"	"0.0"	"0.25"	"0.01"	"0.005"	"0.01"	"100000"	"10000"	"200"	"3024008660153720617"	75000	"slope"	-0.46511906
"0.15"	"0.0"	"0.25"	"0.01"	"0.005"	"0.01"	"100000"	"10000"	"200"	"3024008660153720617"	75000	"intercept"	0.666765845
"0.15"	"0.0"	"0.25"	"0.01"	"0.005"	"0.01"	"100000"	"10000"	"200"	"3024008660153720617"	80000	"slope"	-0.49653757
"0.15"	"0.0"	"0.25"	"0.01"	"0.005"	"0.01"	"100000"	"10000"	"200"	"3024008660153720617"	80000	"intercept"	0.681206825
"0.15"	"0.0"	"0.25"	"0.01"	"0.005"	"0.01"	"100000"	"10000"	"200"	"3024008660153720617"	85000	"slope"	-0.488128135
"0.15"	"0.0"	"0.25"	"0.01"	"0.005"	"0.01"	"100000"	"10000"	"200"	"3024008660153720617"	85000	"intercept"	0.68349506
"0.15"	"0.0"	"0.25"	"0.01"	"0.005"	"0.01"	"100000"	"10000"	"200"	"3024008660153720617"	90000	"slope"	-0.4739519
"0.15"	"0.0"	"0.25"	"0.01"	"0.005"	"0.01"	"100000"	"10000"	"200"	"3024008660153720617"	90000	"intercept"	0.678267185
"0.15"	"0.0"	"0.25"	"0.01"	"0.005"	"0.01"	"100000"	"10000"	"200"	"3024008660153720617"	95000	"slope"	-0.429096815
"0.15"	"0.0"	"0.25"	"0.01"	"0.005"	"0.01"	"100000"	"10000"	"200"	"3024008660153720617"	95000	"intercept"	0.63742252
"0.15"	"0.0"	"0.25"	"0.01"	"0.005"	"0.01"	"100000"	"10000"	"200"	"3024008660153720617"	100000	"slope"	-0.481462535
"0.15"	"0.0"	"0.25"	"0.01"	"0.005"	"0.01"	"100000"	"10000"	"200"	"3024008660153720617"	100000	"intercept"	0.673672015
"0.15"	"0.0"	"0.25"	"0.01"	"0.005"	"0.01"	"100000"	"10000"	"200"	"8728346125911310992"	10	"slope"	-3.5436145e-05
"0.15"	"0.0"	"0.25"	"0.01"	"0.005"	"0.01"	"100000"	"10000"	"200"	"8728346125911310992"	10	"intercept"	0.499863505
"0.15"	"0.0"	"0.25"	"0.01"	"0.005"	"0.01"	"100000"	"10000"	"200"	"8728346125911310992"	5000	"slope"	-0.138046093
"0.15"	"0.0"	"0.25"	"0.01"	"0.005"	"0.01"	"100000"	"10000"	"200"	"8728346125911310992"	5000	"intercept"	0.456095865
"0.15"	"0.0"	"0.25"	"0.01"	"0.005"	"0.01"	"100000"	"10000"	"200"	"8728346125911310992"	10000	"slope"	-0.250477775
"0.15"	"0.0"	"0.25"	"0.01"	"0.005"	"0.01"	"100000"	"10000"	"200"	"8728346125911310992"	10000	"intercept"	0.531133755
"0.15"	"0.0"	"0.25"	"0.01"	"0.005"	"0.01"	"100000"	"10000"	"200"	"8728346125911310992"	15000	"slope"	-0.30985661
"0.15"	"0.0"	"0.25"	"0.01"	"0.005"	"0.01"	"100000"	"10000"	"200"	"8728346125911310992"	15000	"intercept"	0.570535365
"0.15"	"0.0"	"0.25"	"0.01"	"0.005"	"0.01"	"100000"	"10000"	"200"	"8728346125911310992"	20000	"slope"	-0.418759465
"0.15"	"0.0"	"0.25"	"0.01"	"0.005"	"0.01"	"100000"	"10000"	"200"	"8728346125911310992"	20000	"intercept"	0.63158267
"0.15"	"0.0"	"0.25"	"0.01"	"0.005"	"0.01"	"100000"	"10000"	"200"	"8728346125911310992"	25000	"slope"	-0.46561788
"0.15"	"0.0"	"0.25"	"0.01"	"0.005"	"0.01"	"100000"	"10000"	"200"	"8728346125911310992"	25000	"intercept"	0.674184535
"0.15"	"0.0"	"0.25"	"0.01"	"0.005"	"0.01"	"100000"	"10000"	"200"	"8728346125911310992"	30000	"slope"	-0.470442975
"0.15"	"0.0"	"0.25"	"0.01"	"0.005"	"0.01"	"100000"	"10000"	"200"	"8728346125911310992"	30000	"intercept"	0.67757877
"0.15"	"0.0"	"0.25"	"0.01"	"0.005"	"0.01"	"100000"	"10000"	"200"	"8728346125911310992"	35000	"slope"	-0.46407236
"0.15"	"0.0"	"0.25"	"0.01"	"0.005"	"0.01"	"100000"	"10000"	"200"	"8728346125911310992"	35000	"intercept"	0.670377395
"0.15"	"0.0"	"0.25"	"0.01"	"0.005"	"0.01"	"100000"	"10000"	"200"	"8728346125911310992"	40000	"slope"	-0.47892527
"0.15"	"0.0"	"0.25"	"0.01"	"0.005"	"0.01"	"100000"	"10000"	"200"	"8728346125911310992"	40000	"intercept"	0.67310969
"0.15"	"0.0"	"0.25"	"0.01"	"0.005"	"0.01"	"100000"	"10000"	"200"	"8728346125911310992"	45000	"slope"	-0.452292325
"0.15"	"0.0"	"0.25"	"0.01"	"0.005"	"0.01"	"100000"	"10000"	"200"	"8728346125911310992"	45000	"intercept"	0.65599712
"0.15"	"0.0"	"0.25"	"0.01"	"0.005"	"0.01"	"100000"	"10000"	"200"	"8728346125911310992"	50000	"slope"	-0.505283075
"0.15"	"0.0"	"0.25"	"0.01"	"0.005"	"0.01"	"100000"	"10000"	"200"	"8728346125911310992"	50000	"intercept"	0.68900612
"0.15"	"0.0"	"0.25"	"0.01"	"0.005"	"0.01"	"100000"	"10000"	"200"	"8728346125911310992"	55000	"slope"	-0.519053705
"0.15"	"0.0"	"0.25"	"0.01"	"0.005"	"0.01"	"100000"	"10000"	"200"	"8728346125911310992"	55000	"intercept"	0.70403075
"0.15"	"0.0"	"0.25"	"0.01"	"0.005"	"0.01"	"100000"	"10000"	"200"	"8728346125911310992"	60000	"slope"	-0.52853739
"0.15"	"0.0"	"0.25"	"0.01"	"0.005"	"0.01"	"100000"	"10000"	"200"	"8728346125911310992"	60000	"intercept"	0.713344015
"0.15"	"0.0"	"0.25"	"0.01"	"0.005"	"0.01"	"100000"	"10000"	"200"	"8728346125911310992"	65000	"slope"	-0.50428299
"0.15"	"0.0"	"0.25"	"0.01"	"0.005"	"0.01"	"100000"	"10000"	"200"	"8728346125911310992"	65000	"intercept"	0.696424045
"0.15"	"0.0"	"0.25"	"0.01"	"0.005"	"0.01"	"100000"	"10000"	"200"	"8728346125911310992"	70000	"slope"	-0.53193159
"0.15"	"0.0"	"0.25"	"0.01"	"0.005"	"0.01"	"100000"	"10000"	"200"	"8728346125911310992"	70000	"intercept"	0.706179195
"0.15"	"0.0"	"0.25"	"0.01"	"0.005"	"0.01"	"100000"	"10000"	"200"	"8728346125911310992"	75000	"slope"	-0.493796905
"0.15"	"0.0"	"0.25"	"0.01"	"0.005"	"0.01"	"100000"	"10000"	"200"	"8728346125911310992"	75000	"intercept"	0.683236325
"0.15"	"0.0"	"0.25"	"0.01"	"0.005"	"0.01"	"100000"	"10000"	"200"	"8728346125911310992"	80000	"slope"	-0.48797347
"0.15"	"0.0"	"0.25"	"0.01"	"0.005"	"0.01"	"100000"	"10000"	"200"	"8728346125911310992"	80000	"intercept"	0.684456275
"0.15"	"0.0"	"0.25"	"0.01"	"0.005"	"0.01"	"100000"	"10000"	"200"	"8728346125911310992"	85000	"slope"	-0.479228405
"0.15"	"0.0"	"0.25"	"0.01"	"0.005"	"0.01"	"100000"	"10000"	"200"	"8728346125911310992"	85000	"intercept"	0.67795223
"0.15"	"0.0"	"0.25"	"0.01"	"0.005"	"0.01"	"100000"	"10000"	"200"	"8728346125911310992"	90000	"slope"	-0.481258265
"0.15"	"0.0"	"0.25"	"0.01"	"0.005"	"0.01"	"100000"	"10000"	"200"	"8728346125911310992"	90000	"intercept"	0.67577672
"0.15"	"0.0"	"0.25"	"0.01"	"0.005"	"0.01"	"100000"	"10000"	"200"	"8728346125911310992"	95000	"slope"	-0.477495865
"0.15"	"0.0"	"0.25"	"0.01"	"0.005"	"0.01"	"100000"	"10000"	"200"	"8728346125911310992"	95000	"intercept"	0.67662984
"0.15"	"0.0"	"0.25"	"0.01"	"0.005"	"0.01"	"100000"	"10000"	"200"	"8728346125911310992"	100000	"slope"	-0.510473655
"0.15"	"0.0"	"0.25"	"0.01"	"0.005"	"0.01"	"100000"	"10000"	"200"	"8728346125911310992"	100000	"intercept"	0.6911806
"0.15"	"0.4"	"0.25"	"0.01"	"0.005"	"0.01"	"100000"	"10000"	"200"	"4669299466420423321"	10	"slope"	-8.720696e-05
"0.15"	"0.4"	"0.25"	"0.01"	"0.005"	"0.01"	"100000"	"10000"	"200"	"4669299466420423321"	10	"intercept"	0.5000296
"0.15"	"0.4"	"0.25"	"0.01"	"0.005"	"0.01"	"100000"	"10000"	"200"	"4669299466420423321"	5000	"slope"	-0.2043328195
"0.15"	"0.4"	"0.25"	"0.01"	"0.005"	"0.01"	"100000"	"10000"	"200"	"4669299466420423321"	5000	"intercept"	0.48038203
"0.15"	"0.4"	"0.25"	"0.01"	"0.005"	"0.01"	"100000"	"10000"	"200"	"4669299466420423321"	10000	"slope"	-0.344596335
"0.15"	"0.4"	"0.25"	"0.01"	"0.005"	"0.01"	"100000"	"10000"	"200"	"4669299466420423321"	10000	"intercept"	0.57421644
"0.15"	"0.4"	"0.25"	"0.01"	"0.005"	"0.01"	"100000"	"10000"	"200"	"4669299466420423321"	15000	"slope"	-0.387976385
"0.15"	"0.4"	"0.25"	"0.01"	"0.005"	"0.01"	"100000"	"10000"	"200"	"4669299466420423321"	15000	"intercept"	0.6037464
"0.15"	"0.4"	"0.25"	"0.01"	"0.005"	"0.01"	"100000"	"10000"	"200"	"4669299466420423321"	20000	"slope"	-0.446274615
"0.15"	"0.4"	"0.25"	"0.01"	"0.005"	"0.01"	"100000"	"10000"	"200"	"4669299466420423321"	20000	"intercept"	0.633230895
"0.15"	"0.4"	"0.25"	"0.01"	"0.005"	"0.01"	"100000"	"10000"	"200"	"4669299466420423321"	25000	"slope"	-0.47424909
"0.15"	"0.4"	"0.25"	"0.01"	"0.005"	"0.01"	"100000"	"10000"	"200"	"4669299466420423321"	25000	"intercept"	0.65806687
"0.15"	"0.4"	"0.25"	"0.01"	"0.005"	"0.01"	"100000"	"10000"	"200"	"4669299466420423321"	30000	"slope"	-0.48103112
"0.15"	"0.4"	"0.25"	"0.01"	"0.005"	"0.01"	"100000"	"10000"	"200"	"4669299466420423321"	30000	"intercept"	0.66350718
"0.15"	"0.4"	"0.25"	"0.01"	"0.005"	"0.01"	"100000"	"10000"	"200"	"4669299466420423321"	35000	"slope"	-0.50811804
"0.15"	"0.4"	"0.25"	"0.01"	"0.005"	"0.01"	"100000"	"10000"	"200"	"4669299466420423321"	35000	"intercept"	0.679853025
"0.15"	"0.4"	"0.25"	"0.01"	"0.005"	"0.01"	"100000"	"10000"	"200"	"4669299466420423321"	40000	"slope"	-0.523180465
"0.15"	"0.4"	"0.25"	"0.01"	"0.005"	"0.01"	"100000"	"10000"	"200"	"4669299466420423321"	40000	"intercept"	0.70111722
"0.15"	"0.4"	"0.25"	"0.01"	"0.005"	"0.01"	"100000"	"10000"	"200"	"4669299466420423321"	45000	"slope"	-0.54355697
"0.15"	"0.4"	"0.25"	"0.01"	"0.005"	"0.01"	"100000"	"10000"	"200"	"4669299466420423321"	45000	"intercept"	0.711016455
"0.15"	"0.4"	"0.25"	"0.01"	"0.005"	"0.01"	"100000"	"10000"	"200"	"4669299466420423321"	50000	"slope"	-0.55964533
"0.15"	"0.4"	"0.25"	"0.01"	"0.005"	"0.01"	"100000"	"10000"	"200"	"4669299466420423321"	50000	"intercept"	0.723928735
"0.15"	"0.4"	"0.25"	"0.01"	"0.005"	"0.01"	"100000"	"10000"	"200"	"4669299466420423321"	55000	"slope"	-0.571472035
"0.15"	"0.4"	"0.25"	"0.01"	"0.005"	"0.01"	"100000"	"10000"	"200"	"4669299466420423321"	55000	"intercept"	0.72558662
"0.15"	"0.4"	"0.25"	"0.01"	"0.005"	"0.01"	"100000"	"10000"	"200"	"4669299466420423321"	60000	"slope"	-0.581626685
"0.15"	"0.4"	"0.25"	"0.01"	"0.005"	"0.01"	"100000"	"10000"	"200"	"4669299466420423321"	60000	"intercept"	0.736735525
"0.15"	"0.4"	"0.25"	"0.01"	"0.005"	"0.01"	"100000"	"10000"	"200"	"4669299466420423321"	65000	"slope"	-0.56530267
"0.15"	"0.4"	"0.25"	"0.01"	"0.005"	"0.01"	"100000"	"10000"	"200"	"4669299466420423321"	65000	"intercept"	0.72463805
"0.15"	"0.4"	"0.25"	"0.01"	"0.005"	"0.01"	"100000"	"10000"	"200"	"4669299466420423321"	70000	"slope"	-0.587044405
"0.15"	"0.4"	"0.25"	"0.01"	"0.005"	"0.01"	"100000"	"10000"	"200"	"4669299466420423321"	70000	"intercept"	0.735564125
"0.15"	"0.4"	"0.25"	"0.01"	"0.005"	"0.01"	"100000"	"10000"	"200"	"4669299466420423321"	75000	"slope"	-0.57505312
"0.15"	"0.4"	"0.25"	"0.01"	"0.005"	"0.01"	"100000"	"10000"	"200"	"4669299466420423321"	75000	"intercept"	0.72578685
"0.15"	"0.4"	"0.25"	"0.01"	"0.005"	"0.01"	"100000"	"10000"	"200"	"4669299466420423321"	80000	"slope"	-0.57126248
"0.15"	"0.4"	"0.25"	"0.01"	"0.005"	"0.01"	"100000"	"10000"	"200"	"4669299466420423321"	80000	"intercept"	0.72616995
"0.15"	"0.4"	"0.25"	"0.01"	"0.005"	"0.01"	"100000"	"10000"	"200"	"4669299466420423321"	85000	"slope"	-0.58994983
"0.15"	"0.4"	"0.25"	"0.01"	"0.005"	"0.01"	"100000"	"10000"	"200"	"4669299466420423321"	85000	"intercept"	0.747707175
"0.15"	"0.4"	"0.25"	"0.01"	"0.005"	"0.01"	"100000"	"10000"	"200"	"4669299466420423321"	90000	"slope"	-0.60434485
"0.15"	"0.4"	"0.25"	"0.01"	"0.005"	"0.01"	"100000"	"10000"	"200"	"4669299466420423321"	90000	"intercept"	0.748306315
"0.15"	"0.4"	"0.25"	"0.01"	"0.005"	"0.01"	"100000"	"10000"	"200"	"4669299466420423321"	95000	"slope"	-0.568623485
"0.15"	"0.4"	"0.25"	"0.01"	"0.005"	"0.01"	"100000"	"10000"	"200"	"4669299466420423321"	95000	"intercept"	0.732571945
"0.15"	"0.4"	"0.25"	"0.01"	"0.005"	"0.01"	"100000"	"10000"	"200"	"4669299466420423321"	100000	"slope"	-0.573050725
"0.15"	"0.4"	"0.25"	"0.01"	"0.005"	"0.01"	"100000"	"10000"	"200"	"4669299466420423321"	100000	"intercept"	0.72300255
"0.15"	"0.4"	"0.25"	"0.01"	"0.005"	"0.01"	"100000"	"10000"	"200"	"6718454102163404288"	10	"slope"	0.00013388715
"0.15"	"0.4"	"0.25"	"0.01"	"0.005"	"0.01"	"100000"	"10000"	"200"	"6718454102163404288"	10	"intercept"	0.500092355
"0.15"	"0.4"	"0.25"	"0.01"	"0.005"	"0.01"	"100000"	"10000"	"200"	"6718454102163404288"	5000	"slope"	-0.135400093
"0.15"	"0.4"	"0.25"	"0.01"	"0.005"	"0.01"	"100000"	"10000"	"200"	"6718454102163404288"	5000	"intercept"	0.438920975
"0.15"	"0.4"	"0.25"	"0.01"	"0.005"	"0.01"	"100000"	"10000"	"200"	"6718454102163404288"	10000	"slope"	-0.19579498
"0.15"	"0.4"	"0.25"	"0.01"	"0.005"	"0.01"	"100000"	"10000"	"200"	"6718454102163404288"	10000	"intercept"	0.47617975
"0.15"	"0.4"	"0.25"	"0.01"	"0.005"	"0.01"	"100000"	"10000"	"200"	"6718454102163404288"	15000	"slope"	-0.266555075
"0.15"	"0.4"	"0.25"	"0.01"	"0.005"	"0.01"	"100000"	"10000"	"200"	"6718454102163404288"	15000	"intercept"	0.52014941
"0.15"	"0.4"	"0.25"	"0.01"	"0.005"	"0.01"	"100000"	"10000"	"200"	"6718454102163404288"	20000	"slope"	-0.3876157
"0.15"	"0.4"	"0.25"	"0.01"	"0.005"	"0.01"	"100000"	"10000"	"200"	"6718454102163404288"	20000	"intercept"	0.599606775
"0.15"	"0.4"	"0.25"	"0.01"	"0.005"	"0.01"	"100000"	"10000"	"200"	"6718454102163404288"	25000	"slope"	-0.438460515
"0.15"	"0.4"	"0.25"	"0.01"	"0.005"	"0.01"	"100000"	"10000"	"200"	"6718454102163404288"	25000	"intercept"	0.637784915
"0.15"	"0.4"	"0.25"	"0.01"	"0.005"	"0.01"	"100000"	"10000"	"200"	"6718454102163404288"	30000	"slope"	-0.469349395
"0.15"	"0.4"	"0.25"	"0.01"	"0.005"	"0.01"	"100000"	"10000"	"200"	"6718454102163404288"	30000	"intercept"	0.64795954
"0.15"	"0.4"	"0.25"	"0.01"	"0.005"	"0.01"	"100000"	"10000"	"200"	"6718454102163404288"	35000	"slope"	-0.51616288
"0.15"	"0.4"	"0.25"	"0.01"	"0.005"	"0.01"	"100000"	"10000"	"200"	"6718454102163404288"	35000	"intercept"	0.68357844
"0.15"	"0.4"	"0.25"	"0.01"	"0.005"	"0.01"	"100000"	"10000"	"200"	"6718454102163404288"	40000	"slope"	-0.50288673
"0.15"	"0.4"	"0.25"	"0.01"	"0.005"	"0.01"	"100000"	"10000"	"200"	"6718454102163404288"	40000	"intercept"	0.68595501
"0.15"	"0.4"	"0.25"	"0.01"	"0.005"	"0.01"	"100000"	"10000"	"200"	"6718454102163404288"	45000	"slope"	-0.50287336
"0.15"	"0.4"	"0.25"	"0.01"	"0.005"	"0.01"	"100000"	"10000"	"200"	"6718454102163404288"	45000	"intercept"	0.67932718
"0.15"	"0.4"	"0.25"	"0.01"	"0.005"	"0.01"	"100000"	"10000"	"200"	"6718454102163404288"	50000	"slope"	-0.524968385
"0.15"	"0.4"	"0.25"	"0.01"	"0.005"	"0.01"	"100000"	"10000"	"200"	"6718454102163404288"	50000	"intercept"	0.70077648
"0.15"	"0.4"	"0.25"	"0.01"	"0.005"	"0.01"	"100000"	"10000"	"200"	"6718454102163404288"	55000	"slope"	-0.510816905
"0.15"	"0.4"	"0.25"	"0.01"	"0.005"	"0.01"	"100000"	"10000"	"200"	"6718454102163404288"	55000	"intercept"	0.69047899
"0.15"	"0.4"	"0.25"	"0.01"	"0.005"	"0.01"	"100000"	"10000"	"200"	"6718454102163404288"	60000	"slope"	-0.519554615
"0.15"	"0.4"	"0.25"	"0.01"	"0.005"	"0.01"	"100000"	"10000"	"200"	"6718454102163404288"	60000	"intercept"	0.690331295
"0.15"	"0.4"	"0.25"	"0.01"	"0.005"	"0.01"	"100000"	"10000"	"200"	"6718454102163404288"	65000	"slope"	-0.53937759
"0.15"	"0.4"	"0.25"	"0.01"	"0.005"	"0.01"	"100000"	"10000"	"200"	"6718454102163404288"	65000	"intercept"	0.69821792
"0.15"	"0.4"	"0.25"	"0.01"	"0.005"	"0.01"	"100000"	"10000"	"200"	"6718454102163404288"	70000	"slope"	-0.547920275
"0.15"	"0.4"	"0.25"	"0.01"	"0.005"	"0.01"	"100000"	"10000"	"200"	"6718454102163404288"	70000	"intercept"	0.702684695
"0.15"	"0.4"	"0.25"	"0.01"	"0.005"	"0.01"	"100000"	"10000"	"200"	"6718454102163404288"	75000	"slope"	-0.55258667
"0.15"	"0.4"	"0.25"	"0.01"	"0.005"	"0.01"	"100000"	"10000"	"200"	"6718454102163404288"	75000	"intercept"	0.72469962
"0.15"	"0.4"	"0.25"	"0.01"	"0.005"	"0.01"	"100000"	"10000"	"200"	"6718454102163404288"	80000	"slope"	-0.544714415
"0.15"	"0.4"	"0.25"	"0.01"	"0.005"	"0.01"	"100000"	"10000"	"200"	"6718454102163404288"	80000	"intercept"	0.702420385
"0.15"	"0.4"	"0.25"	"0.01"	"0.005"	"0.01"	"100000"	"10000"	"200"	"6718454102163404288"	85000	"slope"	-0.55896239
"0.15"	"0.4"	"0.25"	"0.01"	"0.005"	"0.01"	"100000"	"10000"	"200"	"6718454102163404288"	85000	"intercept"	0.71934306
"0.15"	"0.4"	"0.25"	"0.01"	"0.005"	"0.01"	"100000"	"10000"	"200"	"6718454102163404288"	90000	"slope"	-0.563619585
"0.15"	"0.4"	"0.25"	"0.01"	"0.005"	"0.01"	"100000"	"10000"	"200"	"6718454102163404288"	90000	"intercept"	0.72770808
"0.15"	"0.4"	"0.25"	"0.01"	"0.005"	"0.01"	"100000"	"10000"	"200"	"6718454102163404288"	95000	"slope"	-0.54394885
"0.15"	"0.4"	"0.25"	"0.01"	"0.005"	"0.01"	"100000"	"10000"	"200"	"6718454102163404288"	95000	"intercept"	0.706943455
"0.15"	"0.4"	"0.25"	"0.01"	"0.005"	"0.01"	"100000"	"10000"	"200"	"6718454102163404288"	100000	"slope"	-0.51790684
"0.15"	"0.4"	"0.25"	"0.01"	"0.005"	"0.01"	"100000"	"10000"	"200"	"6718454102163404288"	100000	"intercept"	0.692352895
"0.15"	"0.4"	"0.25"	"0.01"	"0.005"	"0.01"	"100000"	"10000"	"200"	"9068695590387560964"	10	"slope"	0.000409667185
"0.15"	"0.4"	"0.25"	"0.01"	"0.005"	"0.01"	"100000"	"10000"	"200"	"9068695590387560964"	10	"intercept"	0.49984612
"0.15"	"0.4"	"0.25"	"0.01"	"0.005"	"0.01"	"100000"	"10000"	"200"	"9068695590387560964"	5000	"slope"	-0.1362938095
"0.15"	"0.4"	"0.25"	"0.01"	"0.005"	"0.01"	"100000"	"10000"	"200"	"9068695590387560964"	5000	"intercept"	0.446145745
"0.15"	"0.4"	"0.25"	"0.01"	"0.005"	"0.01"	"100000"	"10000"	"200"	"9068695590387560964"	10000	"slope"	-0.233851285
"0.15"	"0.4"	"0.25"	"0.01"	"0.005"	"0.01"	"100000"	"10000"	"200"	"9068695590387560964"	10000	"intercept"	0.50331038
"0.15"	"0.4"	"0.25"	"0.01"	"0.005"	"0.01"	"100000"	"10000"	"200"	"9068695590387560964"	15000	"slope"	-0.30459734
"0.15"	"0.4"	"0.25"	"0.01"	"0.005"	"0.01"	"100000"	"10000"	"200"	"9068695590387560964"	15000	"intercept"	0.550661615
"0.15"	"0.4"	"0.25"	"0.01"	"0.005"	"0.01"	"100000"	"10000"	"200"	"9068695590387560964"	20000	"slope"	-0.3811957
"0.15"	"0.4"	"0.25"	"0.01"	"0.005"	"0.01"	"100000"	"10000"	"200"	"9068695590387560964"	20000	"intercept"	0.597011305
"0.15"	"0.4"	"0.25"	"0.01"	"0.005"	"0.01"	"100000"	"10000"	"200"	"9068695590387560964"	25000	"slope"	-0.403111705
"0.15"	"0.4"	"0.25"	"0.01"	"0.005"	"0.01"	"100000"	"10000"	"200"	"9068695590387560964"	25000	"intercept"	0.60641857
"0.15"	"0.4"	"0.25"	"0.01"	"0.005"	"0.01"	"100000"	"10000"	"200"	"9068695590387560964"	30000	"slope"	-0.496793365
"0.15"	"0.4"	"0.25"	"0.01"	"0.005"	"0.01"	"100000"	"10000"	"200"	"9068695590387560964"	30000	"intercept"	0.67628658
"0.15"	"0.4"	"0.25"	"0.01"	"0.005"	"0.01"	"100000"	"10000"	"200"	"9068695590387560964"	35000	"slope"	-0.50092926
"0.15"	"0.4"	"0.25"	"0.01"	"0.005"	"0.01"	"100000"	"10000"	"200"	"9068695590387560964"	35000	"intercept"	0.673759725
"0.15"	"0.4"	"0.25"	"0.01"	"0.005"	"0.01"	"100000"	"10000"	"200"	"9068695590387560964"	40000	"slope"	-0.514873285
"0.15"	"0.4"	"0.25"	"0.01"	"0.005"	"0.01"	"100000"	"10000"	"200"	"9068695590387560964"	40000	"intercept"	0.68991624
"0.15"	"0.4"	"0.25"	"0.01"	"0.005"	"0.01"	"100000"	"10000"	"200"	"9068695590387560964"	45000	"slope"	-0.55600968
"0.15"	"0.4"	"0.25"	"0.01"	"0.005"	"0.01"	"100000"	"10000"	"200"	"9068695590387560964"	45000	"intercept"	0.70992711
"0.15"	"0.4"	"0.25"	"0.01"	"0.005"	"0.01"	"100000"	"10000"	"200"	"9068695590387560964"	50000	"slope"	-0.57667486
"0.15"	"0.4"	"0.25"	"0.01"	"0.005"	"0.01"	"100000"	"10000"	"200"	"9068695590387560964"	50000	"intercept"	0.734183915
"0.15"	"0.4"	"0.25"	"0.01"	"0.005"	"0.01"	"100000"	"10000"	"200"	"9068695590387560964"	55000	"slope"	-0.58992475
"0.15"	"0.4"	"0.25"	"0.01"	"0.005"	"0.01"	"100000"	"10000"	"200"	"9068695590387560964"	55000	"intercept"	0.739844775
"0.15"	"0.4"	"0.25"	"0.01"	"0.005"	"0.01"	"100000"	"10000"	"200"	"9068695590387560964"	60000	"slope"	-0.573036215
"0.15"	"0.4"	"0.25"	"0.01"	"0.005"	"0.01"	"100000"	"10000"	"200"	"9068695590387560964"	60000	"intercept"	0.739145535
"0.15"	"0.4"	"0.25"	"0.01"	"0.005"	"0.01"	"100000"	"10000"	"200"	"9068695590387560964"	65000	"slope"	-0.577323885
"0.15"	"0.4"	"0.25"	"0.01"	"0.005"	"0.01"	"100000"	"10000"	"200"	"9068695590387560964"	65000	"intercept"	0.73051607
"0.15"	"0.4"	"0.25"	"0.01"	"0.005"	"0.01"	"100000"	"10000"	"200"	"9068695590387560964"	70000	"slope"	-0.543696105
"0.15"	"0.4"	"0.25"	"0.01"	"0.005"	"0.01"	"100000"	"10000"	"200"	"9068695590387560964"	70000	"intercept"	0.708252455
"0.15"	"0.4"	"0.25"	"0.01"	"0.005"	"0.01"	"100000"	"10000"	"200"	"9068695590387560964"	75000	"slope"	-0.532989305
"0.15"	"0.4"	"0.25"	"0.01"	"0.005"	"0.01"	"100000"	"10000"	"200"	"9068695590387560964"	75000	"intercept"	0.701174095
"0.15"	"0.4"	"0.25"	"0.01"	"0.005"	"0.01"	"100000"	"10000"	"200"	"9068695590387560964"	80000	"slope"	-0.554699975
"0.15"	"0.4"	"0.25"	"0.01"	"0.005"	"0.01"	"100000"	"10000"	"200"	"9068695590387560964"	80000	"intercept"	0.708400135
"0.15"	"0.4"	"0.25"	"0.01"	"0.005"	"0.01"	"100000"	"10000"	"200"	"9068695590387560964"	85000	"slope"	-0.56557273
"0.15"	"0.4"	"0.25"	"0.01"	"0.005"	"0.01"	"100000"	"10000"	"200"	"9068695590387560964"	85000	"intercept"	0.719801305
"0.15"	"0.4"	"0.25"	"0.01"	"0.005"	"0.01"	"100000"	"10000"	"200"	"9068695590387560964"	90000	"slope"	-0.55595671
"0.15"	"0.4"	"0.25"	"0.01"	"0.005"	"0.01"	"100000"	"10000"	"200"	"9068695590387560964"	90000	"intercept"	0.7144924
"0.15"	"0.4"	"0.25"	"0.01"	"0.005"	"0.01"	"100000"	"10000"	"200"	"9068695590387560964"	95000	"slope"	-0.537213755
"0.15"	"0.4"	"0.25"	"0.01"	"0.005"	"0.01"	"100000"	"10000"	"200"	"9068695590387560964"	95000	"intercept"	0.70504983
"0.15"	"0.4"	"0.25"	"0.01"	"0.005"	"0.01"	"100000"	"10000"	"200"	"9068695590387560964"	100000	"slope"	-0.56182028
"0.15"	"0.4"	"0.25"	"0.01"	"0.005"	"0.01"	"100000"	"10000"	"200"	"9068695590387560964"	100000	"intercept"	0.71707054
"0.15"	"0.6"	"0.25"	"0.01"	"0.005"	"0.01"	"100000"	"10000"	"200"	"137145597415962671"	10	"slope"	-1.427099e-05
"0.15"	"0.6"	"0.25"	"0.01"	"0.005"	"0.01"	"100000"	"10000"	"200"	"137145597415962671"	10	"intercept"	0.499805325
"0.15"	"0.6"	"0.25"	"0.01"	"0.005"	"0.01"	"100000"	"10000"	"200"	"137145597415962671"	5000	"slope"	-0.1429130745
"0.15"	"0.6"	"0.25"	"0.01"	"0.005"	"0.01"	"100000"	"10000"	"200"	"137145597415962671"	5000	"intercept"	0.43733217
"0.15"	"0.6"	"0.25"	"0.01"	"0.005"	"0.01"	"100000"	"10000"	"200"	"137145597415962671"	10000	"slope"	-0.25349949
"0.15"	"0.6"	"0.25"	"0.01"	"0.005"	"0.01"	"100000"	"10000"	"200"	"137145597415962671"	10000	"intercept"	0.507503245
"0.15"	"0.6"	"0.25"	"0.01"	"0.005"	"0.01"	"100000"	"10000"	"200"	"137145597415962671"	15000	"slope"	-0.40404313
"0.15"	"0.6"	"0.25"	"0.01"	"0.005"	"0.01"	"100000"	"10000"	"200"	"137145597415962671"	15000	"intercept"	0.60936798
"0.15"	"0.6"	"0.25"	"0.01"	"0.005"	"0.01"	"100000"	"10000"	"200"	"137145597415962671"	20000	"slope"	-0.44488594
"0.15"	"0.6"	"0.25"	"0.01"	"0.005"	"0.01"	"100000"	"10000"	"200"	"137145597415962671"	20000	"intercept"	0.637126735
"0.15"	"0.6"	"0.25"	"0.01"	"0.005"	"0.01"	"100000"	"10000"	"200"	"137145597415962671"	25000	"slope"	-0.491121435
"0.15"	"0.6"	"0.25"	"0.01"	"0.005"	"0.01"	"100000"	"10000"	"200"	"137145597415962671"	25000	"intercept"	0.648955685
"0.15"	"0.6"	"0.25"	"0.01"	"0.005"	"0.01"	"100000"	"10000"	"200"	"137145597415962671"	30000	"slope"	-0.491361895
"0.15"	"0.6"	"0.25"	"0.01"	"0.005"	"0.01"	"100000"	"10000"	"200"	"137145597415962671"	30000	"intercept"	0.66235226
"0.15"	"0.6"	"0.25"	"0.01"	"0.005"	"0.01"	"100000"	"10000"	"200"	"137145597415962671"	35000	"slope"	-0.510391275
"0.15"	"0.6"	"0.25"	"0.01"	"0.005"	"0.01"	"100000"	"10000"	"200"	"137145597415962671"	35000	"intercept"	0.678942175
"0.15"	"0.6"	"0.25"	"0.01"	"0.005"	"0.01"	"100000"	"10000"	"200"	"137145597415962671"	40000	"slope"	-0.489630855
"0.15"	"0.6"	"0.25"	"0.01"	"0.005"	"0.01"	"100000"	"10000"	"200"	"137145597415962671"	40000	"intercept"	0.662022055
"0.15"	"0.6"	"0.25"	"0.01"	"0.005"	"0.01"	"100000"	"10000"	"200"	"137145597415962671"	45000	"slope"	-0.497003155
"0.15"	"0.6"	"0.25"	"0.01"	"0.005"	"0.01"	"100000"	"10000"	"200"	"137145597415962671"	45000	"intercept"	0.662365015
"0.15"	"0.6"	"0.25"	"0.01"	"0.005"	"0.01"	"100000"	"10000"	"200"	"137145597415962671"	50000	"slope"	-0.51306932
"0.15"	"0.6"	"0.25"	"0.01"	"0.005"	"0.01"	"100000"	"10000"	"200"	"137145597415962671"	50000	"intercept"	0.682707635
"0.15"	"0.6"	"0.25"	"0.01"	"0.005"	"0.01"	"100000"	"10000"	"200"	"137145597415962671"	55000	"slope"	-0.543993995
"0.15"	"0.6"	"0.25"	"0.01"	"0.005"	"0.01"	"100000"	"10000"	"200"	"137145597415962671"	55000	"intercept"	0.703998775
"0.15"	"0.6"	"0.25"	"0.01"	"0.005"	"0.01"	"100000"	"10000"	"200"	"137145597415962671"	60000	"slope"	-0.560542635
"0.15"	"0.6"	"0.25"	"0.01"	"0.005"	"0.01"	"100000"	"10000"	"200"	"137145597415962671"	60000	"intercept"	0.712246815
"0.15"	"0.6"	"0.25"	"0.01"	"0.005"	"0.01"	"100000"	"10000"	"200"	"137145597415962671"	65000	"slope"	-0.579313345
"0.15"	"0.6"	"0.25"	"0.01"	"0.005"	"0.01"	"100000"	"10000"	"200"	"137145597415962671"	65000	"intercept"	0.72237972
"0.15"	"0.6"	"0.25"	"0.01"	"0.005"	"0.01"	"100000"	"10000"	"200"	"137145597415962671"	70000	"slope"	-0.580383925
"0.15"	"0.6"	"0.25"	"0.01"	"0.005"	"0.01"	"100000"	"10000"	"200"	"137145597415962671"	70000	"intercept"	0.728164725
"0.15"	"0.6"	"0.25"	"0.01"	"0.005"	"0.01"	"100000"	"10000"	"200"	"137145597415962671"	75000	"slope"	-0.60652941
"0.15"	"0.6"	"0.25"	"0.01"	"0.005"	"0.01"	"100000"	"10000"	"200"	"137145597415962671"	75000	"intercept"	0.753976675
"0.15"	"0.6"	"0.25"	"0.01"	"0.005"	"0.01"	"100000"	"10000"	"200"	"137145597415962671"	80000	"slope"	-0.60445774
"0.15"	"0.6"	"0.25"	"0.01"	"0.005"	"0.01"	"100000"	"10000"	"200"	"137145597415962671"	80000	"intercept"	0.74330327
"0.15"	"0.6"	"0.25"	"0.01"	"0.005"	"0.01"	"100000"	"10000"	"200"	"137145597415962671"	85000	"slope"	-0.608294845
"0.15"	"0.6"	"0.25"	"0.01"	"0.005"	"0.01"	"100000"	"10000"	"200"	"137145597415962671"	85000	"intercept"	0.746566075
"0.15"	"0.6"	"0.25"	"0.01"	"0.005"	"0.01"	"100000"	"10000"	"200"	"137145597415962671"	90000	"slope"	-0.601526555
"0.15"	"0.6"	"0.25"	"0.01"	"0.005"	"0.01"	"100000"	"10000"	"200"	"137145597415962671"	90000	"intercept"	0.741257805
"0.15"	"0.6"	"0.25"	"0.01"	"0.005"	"0.01"	"100000"	"10000"	"200"	"137145597415962671"	95000	"slope"	-0.619461775
"0.15"	"0.6"	"0.25"	"0.01"	"0.005"	"0.01"	"100000"	"10000"	"200"	"137145597415962671"	95000	"intercept"	0.749955375
"0.15"	"0.6"	"0.25"	"0.01"	"0.005"	"0.01"	"100000"	"10000"	"200"	"137145597415962671"	100000	"slope"	-0.617472245
"0.15"	"0.6"	"0.25"	"0.01"	"0.005"	"0.01"	"100000"	"10000"	"200"	"137145597415962671"	100000	"intercept"	0.75702581
"0.15"	"0.6"	"0.25"	"0.01"	"0.005"	"0.01"	"100000"	"10000"	"200"	"1825778203716168724"	10	"slope"	9.240685e-05
"0.15"	"0.6"	"0.25"	"0.01"	"0.005"	"0.01"	"100000"	"10000"	"200"	"1825778203716168724"	10	"intercept"	0.50011609
"0.15"	"0.6"	"0.25"	"0.01"	"0.005"	"0.01"	"100000"	"10000"	"200"	"1825778203716168724"	5000	"slope"	-0.172873655
"0.15"	"0.6"	"0.25"	"0.01"	"0.005"	"0.01"	"100000"	"10000"	"200"	"1825778203716168724"	5000	"intercept"	0.45224811
"0.15"	"0.6"	"0.25"	"0.01"	"0.005"	"0.01"	"100000"	"10000"	"200"	"1825778203716168724"	10000	"slope"	-0.23169211
"0.15"	"0.6"	"0.25"	"0.01"	"0.005"	"0.01"	"100000"	"10000"	"200"	"1825778203716168724"	10000	"intercept"	0.49384066
"0.15"	"0.6"	"0.25"	"0.01"	"0.005"	"0.01"	"100000"	"10000"	"200"	"1825778203716168724"	15000	"slope"	-0.279195835
"0.15"	"0.6"	"0.25"	"0.01"	"0.005"	"0.01"	"100000"	"10000"	"200"	"1825778203716168724"	15000	"intercept"	0.52770439
"0.15"	"0.6"	"0.25"	"0.01"	"0.005"	"0.01"	"100000"	"10000"	"200"	"1825778203716168724"	20000	"slope"	-0.345967915
"0.15"	"0.6"	"0.25"	"0.01"	"0.005"	"0.01"	"100000"	"10000"	"200"	"1825778203716168724"	20000	"intercept"	0.57221004
"0.15"	"0.6"	"0.25"	"0.01"	"0.005"	"0.01"	"100000"	"10000"	"200"	"1825778203716168724"	25000	"slope"	-0.436505505
"0.15"	"0.6"	"0.25"	"0.01"	"0.005"	"0.01"	"100000"	"10000"	"200"	"1825778203716168724"	25000	"intercept"	0.622763285
"0.15"	"0.6"	"0.25"	"0.01"	"0.005"	"0.01"	"100000"	"10000"	"200"	"1825778203716168724"	30000	"slope"	-0.45882233
"0.15"	"0.6"	"0.25"	"0.01"	"0.005"	"0.01"	"100000"	"10000"	"200"	"1825778203716168724"	30000	"intercept"	0.642357345
"0.15"	"0.6"	"0.25"	"0.01"	"0.005"	"0.01"	"100000"	"10000"	"200"	"1825778203716168724"	35000	"slope"	-0.462551445
"0.15"	"0.6"	"0.25"	"0.01"	"0.005"	"0.01"	"100000"	"10000"	"200"	"1825778203716168724"	35000	"intercept"	0.651286385
"0.15"	"0.6"	"0.25"	"0.01"	"0.005"	"0.01"	"100000"	"10000"	"200"	"1825778203716168724"	40000	"slope"	-0.54458385
"0.15"	"0.6"	"0.25"	"0.01"	"0.005"	"0.01"	"100000"	"10000"	"200"	"1825778203716168724"	40000	"intercept"	0.70028133
"0.15"	"0.6"	"0.25"	"0.01"	"0.005"	"0.01"	"100000"	"10000"	"200"	"1825778203716168724"	45000	"slope"	-0.574063625
"0.15"	"0.6"	"0.25"	"0.01"	"0.005"	"0.01"	"100000"	"10000"	"200"	"1825778203716168724"	45000	"intercept"	0.723167115
"0.15"	"0.6"	"0.25"	"0.01"	"0.005"	"0.01"	"100000"	"10000"	"200"	"1825778203716168724"	50000	"slope"	-0.582766695
"0.15"	"0.6"	"0.25"	"0.01"	"0.005"	"0.01"	"100000"	"10000"	"200"	"1825778203716168724"	50000	"intercept"	0.72878083
"0.15"	"0.6"	"0.25"	"0.01"	"0.005"	"0.01"	"100000"	"10000"	"200"	"1825778203716168724"	55000	"slope"	-0.5858176
"0.15"	"0.6"	"0.25"	"0.01"	"0.005"	"0.01"	"100000"	"10000"	"200"	"1825778203716168724"	55000	"intercept"	0.73366161
"0.15"	"0.6"	"0.25"	"0.01"	"0.005"	"0.01"	"100000"	"10000"	"200"	"1825778203716168724"	60000	"slope"	-0.58721823
"0.15"	"0.6"	"0.25"	"0.01"	"0.005"	"0.01"	"100000"	"10000"	"200"	"1825778203716168724"	60000	"intercept"	0.724440505
"0.15"	"0.6"	"0.25"	"0.01"	"0.005"	"0.01"	"100000"	"10000"	"200"	"1825778203716168724"	65000	"slope"	-0.569969235
"0.15"	"0.6"	"0.25"	"0.01"	"0.005"	"0.01"	"100000"	"10000"	"200"	"1825778203716168724"	65000	"intercept"	0.72019291
"0.15"	"0.6"	"0.25"	"0.01"	"0.005"	"0.01"	"100000"	"10000"	"200"	"1825778203716168724"	70000	"slope"	-0.560818385
"0.15"	"0.6"	"0.25"	"0.01"	"0.005"	"0.01"	"100000"	"10000"	"200"	"1825778203716168724"	70000	"intercept"	0.71632427
"0.15"	"0.6"	"0.25"	"0.01"	"0.005"	"0.01"	"100000"	"10000"	"200"	"1825778203716168724"	75000	"slope"	-0.55940095
"0.15"	"0.6"	"0.25"	"0.01"	"0.005"	"0.01"	"100000"	"10000"	"200"	"1825778203716168724"	75000	"intercept"	0.71455549
"0.15"	"0.6"	"0.25"	"0.01"	"0.005"	"0.01"	"100000"	"10000"	"200"	"1825778203716168724"	80000	"slope"	-0.55096971
"0.15"	"0.6"	"0.25"	"0.01"	"0.005"	"0.01"	"100000"	"10000"	"200"	"1825778203716168724"	80000	"intercept"	0.70386173
"0.15"	"0.6"	"0.25"	"0.01"	"0.005"	"0.01"	"100000"	"10000"	"200"	"1825778203716168724"	85000	"slope"	-0.567900125
"0.15"	"0.6"	"0.25"	"0.01"	"0.005"	"0.01"	"100000"	"10000"	"200"	"1825778203716168724"	85000	"intercept"	0.717717615
"0.15"	"0.6"	"0.25"	"0.01"	"0.005"	"0.01"	"100000"	"10000"	"200"	"1825778203716168724"	90000	"slope"	-0.545121025
"0.15"	"0.6"	"0.25"	"0.01"	"0.005"	"0.01"	"100000"	"10000"	"200"	"1825778203716168724"	90000	"intercept"	0.704693555
"0.15"	"0.6"	"0.25"	"0.01"	"0.005"	"0.01"	"100000"	"10000"	"200"	"1825778203716168724"	95000	"slope"	-0.54389723
"0.15"	"0.6"	"0.25"	"0.01"	"0.005"	"0.01"	"100000"	"10000"	"200"	"1825778203716168724"	95000	"intercept"	0.70720395
"0.15"	"0.6"	"0.25"	"0.01"	"0.005"	"0.01"	"100000"	"10000"	"200"	"1825778203716168724"	100000	"slope"	-0.54701524
"0.15"	"0.6"	"0.25"	"0.01"	"0.005"	"0.01"	"100000"	"10000"	"200"	"1825778203716168724"	100000	"intercept"	0.70149935
"0.15"	"0.6"	"0.25"	"0.01"	"0.005"	"0.01"	"100000"	"10000"	"200"	"2921543348595914930"	10	"slope"	6.8399445e-05
"0.15"	"0.6"	"0.25"	"0.01"	"0.005"	"0.01"	"100000"	"10000"	"200"	"2921543348595914930"	10	"intercept"	0.50008469
"0.15"	"0.6"	"0.25"	"0.01"	"0.005"	"0.01"	"100000"	"10000"	"200"	"2921543348595914930"	5000	"slope"	-0.1233625205
"0.15"	"0.6"	"0.25"	"0.01"	"0.005"	"0.01"	"100000"	"10000"	"200"	"2921543348595914930"	5000	"intercept"	0.429166825
"0.15"	"0.6"	"0.25"	"0.01"	"0.005"	"0.01"	"100000"	"10000"	"200"	"2921543348595914930"	10000	"slope"	-0.23305733
"0.15"	"0.6"	"0.25"	"0.01"	"0.005"	"0.01"	"100000"	"10000"	"200"	"2921543348595914930"	10000	"intercept"	0.48905893
"0.15"	"0.6"	"0.25"	"0.01"	"0.005"	"0.01"	"100000"	"10000"	"200"	"2921543348595914930"	15000	"slope"	-0.347462255
"0.15"	"0.6"	"0.25"	"0.01"	"0.005"	"0.01"	"100000"	"10000"	"200"	"2921543348595914930"	15000	"intercept"	0.565392765
"0.15"	"0.6"	"0.25"	"0.01"	"0.005"	"0.01"	"100000"	"10000"	"200"	"2921543348595914930"	20000	"slope"	-0.424156045
"0.15"	"0.6"	"0.25"	"0.01"	"0.005"	"0.01"	"100000"	"10000"	"200"	"2921543348595914930"	20000	"intercept"	0.624026
"0.15"	"0.6"	"0.25"	"0.01"	"0.005"	"0.01"	"100000"	"10000"	"200"	"2921543348595914930"	25000	"slope"	-0.477425625
"0.15"	"0.6"	"0.25"	"0.01"	"0.005"	"0.01"	"100000"	"10000"	"200"	"2921543348595914930"	25000	"intercept"	0.647692695
"0.15"	"0.6"	"0.25"	"0.01"	"0.005"	"0.01"	"100000"	"10000"	"200"	"2921543348595914930"	30000	"slope"	-0.480958335
"0.15"	"0.6"	"0.25"	"0.01"	"0.005"	"0.01"	"100000"	"10000"	"200"	"2921543348595914930"	30000	"intercept"	0.652698665
"0.15"	"0.6"	"0.25"	"0.01"	"0.005"	"0.01"	"100000"	"10000"	"200"	"2921543348595914930"	35000	"slope"	-0.47872614
"0.15"	"0.6"	"0.25"	"0.01"	"0.005"	"0.01"	"100000"	"10000"	"200"	"2921543348595914930"	35000	"intercept"	0.661266445
"0.15"	"0.6"	"0.25"	"0.01"	"0.005"	"0.01"	"100000"	"10000"	"200"	"2921543348595914930"	40000	"slope"	-0.5215018
"0.15"	"0.6"	"0.25"	"0.01"	"0.005"	"0.01"	"100000"	"10000"	"200"	"2921543348595914930"	40000	"intercept"	0.677073385
"0.15"	"0.6"	"0.25"	"0.01"	"0.005"	"0.01"	"100000"	"10000"	"200"	"2921543348595914930"	45000	"slope"	-0.54105005
"0.15"	"0.6"	"0.25"	"0.01"	"0.005"	"0.01"	"100000"	"10000"	"200"	"2921543348595914930"	45000	"intercept"	0.71214066
"0.15"	"0.6"	"0.25"	"0.01"	"0.005"	"0.01"	"100000"	"10000"	"200"	"2921543348595914930"	50000	"slope"	-0.557141285
"0.15"	"0.6"	"0.25"	"0.01"	"0.005"	"0.01"	"100000"	"10000"	"200"	"2921543348595914930"	50000	"intercept"	0.708622805
"0.15"	"0.6"	"0.25"	"0.01"	"0.005"	"0.01"	"100000"	"10000"	"200"	"2921543348595914930"	55000	"slope"	-0.606918685
"0.15"	"0.6"	"0.25"	"0.01"	"0.005"	"0.01"	"100000"	"10000"	"200"	"2921543348595914930"	55000	"intercept"	0.740123235
"0.15"	"0.6"	"0.25"	"0.01"	"0.005"	"0.01"	"100000"	"10000"	"200"	"2921543348595914930"	60000	"slope"	-0.618427645
"0.15"	"0.6"	"0.25"	"0.01"	"0.005"	"0.01"	"100000"	"10000"	"200"	"2921543348595914930"	60000	"intercept"	0.75650061
"0.15"	"0.6"	"0.25"	"0.01"	"0.005"	"0.01"	"100000"	"10000"	"200"	"2921543348595914930"	65000	"slope"	-0.616301645
"0.15"	"0.6"	"0.25"	"0.01"	"0.005"	"0.01"	"100000"	"10000"	"200"	"2921543348595914930"	65000	"intercept"	0.75532613
"0.15"	"0.6"	"0.25"	"0.01"	"0.005"	"0.01"	"100000"	"10000"	"200"	"2921543348595914930"	70000	"slope"	-0.56604324
"0.15"	"0.6"	"0.25"	"0.01"	"0.005"	"0.01"	"100000"	"10000"	"200"	"2921543348595914930"	70000	"intercept"	0.7121804
"0.15"	"0.6"	"0.25"	"0.01"	"0.005"	"0.01"	"100000"	"10000"	"200"	"2921543348595914930"	75000	"slope"	-0.632773485
"0.15"	"0.6"	"0.25"	"0.01"	"0.005"	"0.01"	"100000"	"10000"	"200"	"2921543348595914930"	75000	"intercept"	0.756573125
"0.15"	"0.6"	"0.25"	"0.01"	"0.005"	"0.01"	"100000"	"10000"	"200"	"2921543348595914930"	80000	"slope"	-0.54162775
"0.15"	"0.6"	"0.25"	"0.01"	"0.005"	"0.01"	"100000"	"10000"	"200"	"2921543348595914930"	80000	"intercept"	0.70774726
"0.15"	"0.6"	"0.25"	"0.01"	"0.005"	"0.01"	"100000"	"10000"	"200"	"2921543348595914930"	85000	"slope"	-0.55111309
"0.15"	"0.6"	"0.25"	"0.01"	"0.005"	"0.01"	"100000"	"10000"	"200"	"2921543348595914930"	85000	"intercept"	0.701177775
"0.15"	"0.6"	"0.25"	"0.01"	"0.005"	"0.01"	"100000"	"10000"	"200"	"2921543348595914930"	90000	"slope"	-0.550491965
"0.15"	"0.6"	"0.25"	"0.01"	"0.005"	"0.01"	"100000"	"10000"	"200"	"2921543348595914930"	90000	"intercept"	0.70425781
"0.15"	"0.6"	"0.25"	"0.01"	"0.005"	"0.01"	"100000"	"10000"	"200"	"2921543348595914930"	95000	"slope"	-0.601484405
"0.15"	"0.6"	"0.25"	"0.01"	"0.005"	"0.01"	"100000"	"10000"	"200"	"2921543348595914930"	95000	"intercept"	0.750379225
"0.15"	"0.6"	"0.25"	"0.01"	"0.005"	"0.01"	"100000"	"10000"	"200"	"2921543348595914930"	100000	"slope"	-0.56179063
"0.15"	"0.6"	"0.25"	"0.01"	"0.005"	"0.01"	"100000"	"10000"	"200"	"2921543348595914930"	100000	"intercept"	0.714402395
"0.15"	"0.8"	"0.25"	"0.01"	"0.005"	"0.01"	"100000"	"10000"	"200"	"1606068185464764314"	10	"slope"	1.1489831e-05
"0.15"	"0.8"	"0.25"	"0.01"	"0.005"	"0.01"	"100000"	"10000"	"200"	"1606068185464764314"	10	"intercept"	0.499950825
"0.15"	"0.8"	"0.25"	"0.01"	"0.005"	"0.01"	"100000"	"10000"	"200"	"1606068185464764314"	5000	"slope"	-0.1830845115
"0.15"	"0.8"	"0.25"	"0.01"	"0.005"	"0.01"	"100000"	"10000"	"200"	"1606068185464764314"	5000	"intercept"	0.457124885
"0.15"	"0.8"	"0.25"	"0.01"	"0.005"	"0.01"	"100000"	"10000"	"200"	"1606068185464764314"	10000	"slope"	-0.2884247
"0.15"	"0.8"	"0.25"	"0.01"	"0.005"	"0.01"	"100000"	"10000"	"200"	"1606068185464764314"	10000	"intercept"	0.52177443
"0.15"	"0.8"	"0.25"	"0.01"	"0.005"	"0.01"	"100000"	"10000"	"200"	"1606068185464764314"	15000	"slope"	-0.381262265
"0.15"	"0.8"	"0.25"	"0.01"	"0.005"	"0.01"	"100000"	"10000"	"200"	"1606068185464764314"	15000	"intercept"	0.57840636
"0.15"	"0.8"	"0.25"	"0.01"	"0.005"	"0.01"	"100000"	"10000"	"200"	"1606068185464764314"	20000	"slope"	-0.457714305
"0.15"	"0.8"	"0.25"	"0.01"	"0.005"	"0.01"	"100000"	"10000"	"200"	"1606068185464764314"	20000	"intercept"	0.63798943
"0.15"	"0.8"	"0.25"	"0.01"	"0.005"	"0.01"	"100000"	"10000"	"200"	"1606068185464764314"	25000	"slope"	-0.501381765
"0.15"	"0.8"	"0.25"	"0.01"	"0.005"	"0.01"	"100000"	"10000"	"200"	"1606068185464764314"	25000	"intercept"	0.665223155
"0.15"	"0.8"	"0.25"	"0.01"	"0.005"	"0.01"	"100000"	"10000"	"200"	"1606068185464764314"	30000	"slope"	-0.54783777
"0.15"	"0.8"	"0.25"	"0.01"	"0.005"	"0.01"	"100000"	"10000"	"200"	"1606068185464764314"	30000	"intercept"	0.69759554
"0.15"	"0.8"	"0.25"	"0.01"	"0.005"	"0.01"	"100000"	"10000"	"200"	"1606068185464764314"	35000	"slope"	-0.588659915
"0.15"	"0.8"	"0.25"	"0.01"	"0.005"	"0.01"	"100000"	"10000"	"200"	"1606068185464764314"	35000	"intercept"	0.726957825
"0.15"	"0.8"	"0.25"	"0.01"	"0.005"	"0.01"	"100000"	"10000"	"200"	"1606068185464764314"	40000	"slope"	-0.60239926
"0.15"	"0.8"	"0.25"	"0.01"	"0.005"	"0.01"	"100000"	"10000"	"200"	"1606068185464764314"	40000	"intercept"	0.740160675
"0.15"	"0.8"	"0.25"	"0.01"	"0.005"	"0.01"	"100000"	"10000"	"200"	"1606068185464764314"	45000	"slope"	-0.65028552
"0.15"	"0.8"	"0.25"	"0.01"	"0.005"	"0.01"	"100000"	"10000"	"200"	"1606068185464764314"	45000	"intercept"	0.76854245
"0.15"	"0.8"	"0.25"	"0.01"	"0.005"	"0.01"	"100000"	"10000"	"200"	"1606068185464764314"	50000	"slope"	-0.66241194
"0.15"	"0.8"	"0.25"	"0.01"	"0.005"	"0.01"	"100000"	"10000"	"200"	"1606068185464764314"	50000	"intercept"	0.78025323
"0.15"	"0.8"	"0.25"	"0.01"	"0.005"	"0.01"	"100000"	"10000"	"200"	"1606068185464764314"	55000	"slope"	-0.65953853
"0.15"	"0.8"	"0.25"	"0.01"	"0.005"	"0.01"	"100000"	"10000"	"200"	"1606068185464764314"	55000	"intercept"	0.777463915
"0.15"	"0.8"	"0.25"	"0.01"	"0.005"	"0.01"	"100000"	"10000"	"200"	"1606068185464764314"	60000	"slope"	-0.65753713
"0.15"	"0.8"	"0.25"	"0.01"	"0.005"	"0.01"	"100000"	"10000"	"200"	"1606068185464764314"	60000	"intercept"	0.77496431
"0.15"	"0.8"	"0.25"	"0.01"	"0.005"	"0.01"	"100000"	"10000"	"200"	"1606068185464764314"	65000	"slope"	-0.590561835
"0.15"	"0.8"	"0.25"	"0.01"	"0.005"	"0.01"	"100000"	"10000"	"200"	"1606068185464764314"	65000	"intercept"	0.733501705
"0.15"	"0.8"	"0.25"	"0.01"	"0.005"	"0.01"	"100000"	"10000"	"200"	"1606068185464764314"	70000	"slope"	-0.574412135
"0.15"	"0.8"	"0.25"	"0.01"	"0.005"	"0.01"	"100000"	"10000"	"200"	"1606068185464764314"	70000	"intercept"	0.710666905
"0.15"	"0.8"	"0.25"	"0.01"	"0.005"	"0.01"	"100000"	"10000"	"200"	"1606068185464764314"	75000	"slope"	-0.600895495
"0.15"	"0.8"	"0.25"	"0.01"	"0.005"	"0.01"	"100000"	"10000"	"200"	"1606068185464764314"	75000	"intercept"	0.731939945
"0.15"	"0.8"	"0.25"	"0.01"	"0.005"	"0.01"	"100000"	"10000"	"200"	"1606068185464764314"	80000	"slope"	-0.544357525
"0.15"	"0.8"	"0.25"	"0.01"	"0.005"	"0.01"	"100000"	"10000"	"200"	"1606068185464764314"	80000	"intercept"	0.689619355
"0.15"	"0.8"	"0.25"	"0.01"	"0.005"	"0.01"	"100000"	"10000"	"200"	"1606068185464764314"	85000	"slope"	-0.580451395
"0.15"	"0.8"	"0.25"	"0.01"	"0.005"	"0.01"	"100000"	"10000"	"200"	"1606068185464764314"	85000	"intercept"	0.71912622
"0.15"	"0.8"	"0.25"	"0.01"	"0.005"	"0.01"	"100000"	"10000"	"200"	"1606068185464764314"	90000	"slope"	-0.609161195
"0.15"	"0.8"	"0.25"	"0.01"	"0.005"	"0.01"	"100000"	"10000"	"200"	"1606068185464764314"	90000	"intercept"	0.743318265
"0.15"	"0.8"	"0.25"	"0.01"	"0.005"	"0.01"	"100000"	"10000"	"200"	"1606068185464764314"	95000	"slope"	-0.61650642
"0.15"	"0.8"	"0.25"	"0.01"	"0.005"	"0.01"	"100000"	"10000"	"200"	"1606068185464764314"	95000	"intercept"	0.75098625
"0.15"	"0.8"	"0.25"	"0.01"	"0.005"	"0.01"	"100000"	"10000"	"200"	"1606068185464764314"	100000	"slope"	-0.63756187
"0.15"	"0.8"	"0.25"	"0.01"	"0.005"	"0.01"	"100000"	"10000"	"200"	"1606068185464764314"	100000	"intercept"	0.76260163
"0.15"	"0.8"	"0.25"	"0.01"	"0.005"	"0.01"	"100000"	"10000"	"200"	"2728542294865898776"	10	"slope"	3.58959525e-05
"0.15"	"0.8"	"0.25"	"0.01"	"0.005"	"0.01"	"100000"	"10000"	"200"	"2728542294865898776"	10	"intercept"	0.499953265
"0.15"	"0.8"	"0.25"	"0.01"	"0.005"	"0.01"	"100000"	"10000"	"200"	"2728542294865898776"	5000	"slope"	-0.158537552
"0.15"	"0.8"	"0.25"	"0.01"	"0.005"	"0.01"	"100000"	"10000"	"200"	"2728542294865898776"	5000	"intercept"	0.44427648
"0.15"	"0.8"	"0.25"	"0.01"	"0.005"	"0.01"	"100000"	"10000"	"200"	"2728542294865898776"	10000	"slope"	-0.253697315
"0.15"	"0.8"	"0.25"	"0.01"	"0.005"	"0.01"	"100000"	"10000"	"200"	"2728542294865898776"	10000	"intercept"	0.5039675
"0.15"	"0.8"	"0.25"	"0.01"	"0.005"	"0.01"	"100000"	"10000"	"200"	"2728542294865898776"	15000	"slope"	-0.33440333
"0.15"	"0.8"	"0.25"	"0.01"	"0.005"	"0.01"	"100000"	"10000"	"200"	"2728542294865898776"	15000	"intercept"	0.553373175
"0.15"	"0.8"	"0.25"	"0.01"	"0.005"	"0.01"	"100000"	"10000"	"200"	"2728542294865898776"	20000	"slope"	-0.462376575
"0.15"	"0.8"	"0.25"	"0.01"	"0.005"	"0.01"	"100000"	"10000"	"200"	"2728542294865898776"	20000	"intercept"	0.639050055
"0.15"	"0.8"	"0.25"	"0.01"	"0.005"	"0.01"	"100000"	"10000"	"200"	"2728542294865898776"	25000	"slope"	-0.55655108
"0.15"	"0.8"	"0.25"	"0.01"	"0.005"	"0.01"	"100000"	"10000"	"200"	"2728542294865898776"	25000	"intercept"	0.69426158
"0.15"	"0.8"	"0.25"	"0.01"	"0.005"	"0.01"	"100000"	"10000"	"200"	"2728542294865898776"	30000	"slope"	-0.56552365
"0.15"	"0.8"	"0.25"	"0.01"	"0.005"	"0.01"	"100000"	"10000"	"200"	"2728542294865898776"	30000	"intercept"	0.714229975
"0.15"	"0.8"	"0.25"	"0.01"	"0.005"	"0.01"	"100000"	"10000"	"200"	"2728542294865898776"	35000	"slope"	-0.578690425
"0.15"	"0.8"	"0.25"	"0.01"	"0.005"	"0.01"	"100000"	"10000"	"200"	"2728542294865898776"	35000	"intercept"	0.710405405
"0.15"	"0.8"	"0.25"	"0.01"	"0.005"	"0.01"	"100000"	"10000"	"200"	"2728542294865898776"	40000	"slope"	-0.562616515
"0.15"	"0.8"	"0.25"	"0.01"	"0.005"	"0.01"	"100000"	"10000"	"200"	"2728542294865898776"	40000	"intercept"	0.719599285
"0.15"	"0.8"	"0.25"	"0.01"	"0.005"	"0.01"	"100000"	"10000"	"200"	"2728542294865898776"	45000	"slope"	-0.6044755
"0.15"	"0.8"	"0.25"	"0.01"	"0.005"	"0.01"	"100000"	"10000"	"200"	"2728542294865898776"	45000	"intercept"	0.73326649
"0.15"	"0.8"	"0.25"	"0.01"	"0.005"	"0.01"	"100000"	"10000"	"200"	"2728542294865898776"	50000	"slope"	-0.61726647
"0.15"	"0.8"	"0.25"	"0.01"	"0.005"	"0.01"	"100000"	"10000"	"200"	"2728542294865898776"	50000	"intercept"	0.74281091
"0.15"	"0.8"	"0.25"	"0.01"	"0.005"	"0.01"	"100000"	"10000"	"200"	"2728542294865898776"	55000	"slope"	-0.619018725
"0.15"	"0.8"	"0.25"	"0.01"	"0.005"	"0.01"	"100000"	"10000"	"200"	"2728542294865898776"	55000	"intercept"	0.74289967
"0.15"	"0.8"	"0.25"	"0.01"	"0.005"	"0.01"	"100000"	"10000"	"200"	"2728542294865898776"	60000	"slope"	-0.63287059
"0.15"	"0.8"	"0.25"	"0.01"	"0.005"	"0.01"	"100000"	"10000"	"200"	"2728542294865898776"	60000	"intercept"	0.75526704
"0.15"	"0.8"	"0.25"	"0.01"	"0.005"	"0.01"	"100000"	"10000"	"200"	"2728542294865898776"	65000	"slope"	-0.65666865
"0.15"	"0.8"	"0.25"	"0.01"	"0.005"	"0.01"	"100000"	"10000"	"200"	"2728542294865898776"	65000	"intercept"	0.78446341
"0.15"	"0.8"	"0.25"	"0.01"	"0.005"	"0.01"	"100000"	"10000"	"200"	"2728542294865898776"	70000	"slope"	-0.630339315
"0.15"	"0.8"	"0.25"	"0.01"	"0.005"	"0.01"	"100000"	"10000"	"200"	"2728542294865898776"	70000	"intercept"	0.751184335
"0.15"	"0.8"	"0.25"	"0.01"	"0.005"	"0.01"	"100000"	"10000"	"200"	"2728542294865898776"	75000	"slope"	-0.616292955
"0.15"	"0.8"	"0.25"	"0.01"	"0.005"	"0.01"	"100000"	"10000"	"200"	"2728542294865898776"	75000	"intercept"	0.74887045
"0.15"	"0.8"	"0.25"	"0.01"	"0.005"	"0.01"	"100000"	"10000"	"200"	"2728542294865898776"	80000	"slope"	-0.652566365
"0.15"	"0.8"	"0.25"	"0.01"	"0.005"	"0.01"	"100000"	"10000"	"200"	"2728542294865898776"	80000	"intercept"	0.764360005
"0.15"	"0.8"	"0.25"	"0.01"	"0.005"	"0.01"	"100000"	"10000"	"200"	"2728542294865898776"	85000	"slope"	-0.646555365
"0.15"	"0.8"	"0.25"	"0.01"	"0.005"	"0.01"	"100000"	"10000"	"200"	"2728542294865898776"	85000	"intercept"	0.77259958
"0.15"	"0.8"	"0.25"	"0.01"	"0.005"	"0.01"	"100000"	"10000"	"200"	"2728542294865898776"	90000	"slope"	-0.67391489
"0.15"	"0.8"	"0.25"	"0.01"	"0.005"	"0.01"	"100000"	"10000"	"200"	"2728542294865898776"	90000	"intercept"	0.78413787
"0.15"	"0.8"	"0.25"	"0.01"	"0.005"	"0.01"	"100000"	"10000"	"200"	"2728542294865898776"	95000	"slope"	-0.62282795
"0.15"	"0.8"	"0.25"	"0.01"	"0.005"	"0.01"	"100000"	"10000"	"200"	"2728542294865898776"	95000	"intercept"	0.753387535
"0.15"	"0.8"	"0.25"	"0.01"	"0.005"	"0.01"	"100000"	"10000"	"200"	"2728542294865898776"	100000	"slope"	-0.60701986
"0.15"	"0.8"	"0.25"	"0.01"	"0.005"	"0.01"	"100000"	"10000"	"200"	"2728542294865898776"	100000	"intercept"	0.74096015
"0.15"	"0.8"	"0.25"	"0.01"	"0.005"	"0.01"	"100000"	"10000"	"200"	"4971684148300557743"	10	"slope"	3.1992115e-05
"0.15"	"0.8"	"0.25"	"0.01"	"0.005"	"0.01"	"100000"	"10000"	"200"	"4971684148300557743"	10	"intercept"	0.499946705
"0.15"	"0.8"	"0.25"	"0.01"	"0.005"	"0.01"	"100000"	"10000"	"200"	"4971684148300557743"	5000	"slope"	-0.18166956
"0.15"	"0.8"	"0.25"	"0.01"	"0.005"	"0.01"	"100000"	"10000"	"200"	"4971684148300557743"	5000	"intercept"	0.45634395
"0.15"	"0.8"	"0.25"	"0.01"	"0.005"	"0.01"	"100000"	"10000"	"200"	"4971684148300557743"	10000	"slope"	-0.285930975
"0.15"	"0.8"	"0.25"	"0.01"	"0.005"	"0.01"	"100000"	"10000"	"200"	"4971684148300557743"	10000	"intercept"	0.513897235
"0.15"	"0.8"	"0.25"	"0.01"	"0.005"	"0.01"	"100000"	"10000"	"200"	"4971684148300557743"	15000	"slope"	-0.371616505
"0.15"	"0.8"	"0.25"	"0.01"	"0.005"	"0.01"	"100000"	"10000"	"200"	"4971684148300557743"	15000	"intercept"	0.573856
"0.15"	"0.8"	"0.25"	"0.01"	"0.005"	"0.01"	"100000"	"10000"	"200"	"4971684148300557743"	20000	"slope"	-0.42813366
"0.15"	"0.8"	"0.25"	"0.01"	"0.005"	"0.01"	"100000"	"10000"	"200"	"4971684148300557743"	20000	"intercept"	0.607235455
"0.15"	"0.8"	"0.25"	"0.01"	"0.005"	"0.01"	"100000"	"10000"	"200"	"4971684148300557743"	25000	"slope"	-0.471398935
"0.15"	"0.8"	"0.25"	"0.01"	"0.005"	"0.01"	"100000"	"10000"	"200"	"4971684148300557743"	25000	"intercept"	0.64487228
"0.15"	"0.8"	"0.25"	"0.01"	"0.005"	"0.01"	"100000"	"10000"	"200"	"4971684148300557743"	30000	"slope"	-0.50124531
"0.15"	"0.8"	"0.25"	"0.01"	"0.005"	"0.01"	"100000"	"10000"	"200"	"4971684148300557743"	30000	"intercept"	0.67565378
"0.15"	"0.8"	"0.25"	"0.01"	"0.005"	"0.01"	"100000"	"10000"	"200"	"4971684148300557743"	35000	"slope"	-0.54717098
"0.15"	"0.8"	"0.25"	"0.01"	"0.005"	"0.01"	"100000"	"10000"	"200"	"4971684148300557743"	35000	"intercept"	0.69522546
"0.15"	"0.8"	"0.25"	"0.01"	"0.005"	"0.01"	"100000"	"10000"	"200"	"4971684148300557743"	40000	"slope"	-0.6233061
"0.15"	"0.8"	"0.25"	"0.01"	"0.005"	"0.01"	"100000"	"10000"	"200"	"4971684148300557743"	40000	"intercept"	0.74129781
"0.15"	"0.8"	"0.25"	"0.01"	"0.005"	"0.01"	"100000"	"10000"	"200"	"4971684148300557743"	45000	"slope"	-0.59561812
"0.15"	"0.8"	"0.25"	"0.01"	"0.005"	"0.01"	"100000"	"10000"	"200"	"4971684148300557743"	45000	"intercept"	0.7412374
"0.15"	"0.8"	"0.25"	"0.01"	"0.005"	"0.01"	"100000"	"10000"	"200"	"4971684148300557743"	50000	"slope"	-0.60741571
"0.15"	"0.8"	"0.25"	"0.01"	"0.005"	"0.01"	"100000"	"10000"	"200"	"4971684148300557743"	50000	"intercept"	0.73829634
"0.15"	"0.8"	"0.25"	"0.01"	"0.005"	"0.01"	"100000"	"10000"	"200"	"4971684148300557743"	55000	"slope"	-0.634128265
"0.15"	"0.8"	"0.25"	"0.01"	"0.005"	"0.01"	"100000"	"10000"	"200"	"4971684148300557743"	55000	"intercept"	0.764559595
"0.15"	"0.8"	"0.25"	"0.01"	"0.005"	"0.01"	"100000"	"10000"	"200"	"4971684148300557743"	60000	"slope"	-0.6225714
"0.15"	"0.8"	"0.25"	"0.01"	"0.005"	"0.01"	"100000"	"10000"	"200"	"4971684148300557743"	60000	"intercept"	0.751367745
"0.15"	"0.8"	"0.25"	"0.01"	"0.005"	"0.01"	"100000"	"10000"	"200"	"4971684148300557743"	65000	"slope"	-0.611944895
"0.15"	"0.8"	"0.25"	"0.01"	"0.005"	"0.01"	"100000"	"10000"	"200"	"4971684148300557743"	65000	"intercept"	0.73798748
"0.15"	"0.8"	"0.25"	"0.01"	"0.005"	"0.01"	"100000"	"10000"	"200"	"4971684148300557743"	70000	"slope"	-0.581805055
"0.15"	"0.8"	"0.25"	"0.01"	"0.005"	"0.01"	"100000"	"10000"	"200"	"4971684148300557743"	70000	"intercept"	0.71582991
"0.15"	"0.8"	"0.25"	"0.01"	"0.005"	"0.01"	"100000"	"10000"	"200"	"4971684148300557743"	75000	"slope"	-0.57434593
"0.15"	"0.8"	"0.25"	"0.01"	"0.005"	"0.01"	"100000"	"10000"	"200"	"4971684148300557743"	75000	"intercept"	0.715170705
"0.15"	"0.8"	"0.25"	"0.01"	"0.005"	"0.01"	"100000"	"10000"	"200"	"4971684148300557743"	80000	"slope"	-0.63100183
"0.15"	"0.8"	"0.25"	"0.01"	"0.005"	"0.01"	"100000"	"10000"	"200"	"4971684148300557743"	80000	"intercept"	0.75883985
"0.15"	"0.8"	"0.25"	"0.01"	"0.005"	"0.01"	"100000"	"10000"	"200"	"4971684148300557743"	85000	"slope"	-0.607095065
"0.15"	"0.8"	"0.25"	"0.01"	"0.005"	"0.01"	"100000"	"10000"	"200"	"4971684148300557743"	85000	"intercept"	0.735861485
"0.15"	"0.8"	"0.25"	"0.01"	"0.005"	"0.01"	"100000"	"10000"	"200"	"4971684148300557743"	90000	"slope"	-0.6127475
"0.15"	"0.8"	"0.25"	"0.01"	"0.005"	"0.01"	"100000"	"10000"	"200"	"4971684148300557743"	90000	"intercept"	0.74400477
"0.15"	"0.8"	"0.25"	"0.01"	"0.005"	"0.01"	"100000"	"10000"	"200"	"4971684148300557743"	95000	"slope"	-0.634558865
"0.15"	"0.8"	"0.25"	"0.01"	"0.005"	"0.01"	"100000"	"10000"	"200"	"4971684148300557743"	95000	"intercept"	0.75936217
"0.15"	"0.8"	"0.25"	"0.01"	"0.005"	"0.01"	"100000"	"10000"	"200"	"4971684148300557743"	100000	"slope"	-0.633559885
"0.15"	"0.8"	"0.25"	"0.01"	"0.005"	"0.01"	"100000"	"10000"	"200"	"4971684148300557743"	100000	"intercept"	0.75563478
"0.25"	"0.0"	"0.25"	"0.01"	"0.005"	"0.01"	"100000"	"10000"	"200"	"2294653025584902813"	10	"slope"	1.274165e-05
"0.25"	"0.0"	"0.25"	"0.01"	"0.005"	"0.01"	"100000"	"10000"	"200"	"2294653025584902813"	10	"intercept"	0.499962795
"0.25"	"0.0"	"0.25"	"0.01"	"0.005"	"0.01"	"100000"	"10000"	"200"	"2294653025584902813"	5000	"slope"	-0.1026376445
"0.25"	"0.0"	"0.25"	"0.01"	"0.005"	"0.01"	"100000"	"10000"	"200"	"2294653025584902813"	5000	"intercept"	0.467909025
"0.25"	"0.0"	"0.25"	"0.01"	"0.005"	"0.01"	"100000"	"10000"	"200"	"2294653025584902813"	10000	"slope"	-0.210820995
"0.25"	"0.0"	"0.25"	"0.01"	"0.005"	"0.01"	"100000"	"10000"	"200"	"2294653025584902813"	10000	"intercept"	0.52947955
"0.25"	"0.0"	"0.25"	"0.01"	"0.005"	"0.01"	"100000"	"10000"	"200"	"2294653025584902813"	15000	"slope"	-0.31579075
"0.25"	"0.0"	"0.25"	"0.01"	"0.005"	"0.01"	"100000"	"10000"	"200"	"2294653025584902813"	15000	"intercept"	0.60058013
"0.25"	"0.0"	"0.25"	"0.01"	"0.005"	"0.01"	"100000"	"10000"	"200"	"2294653025584902813"	20000	"slope"	-0.336982775
"0.25"	"0.0"	"0.25"	"0.01"	"0.005"	"0.01"	"100000"	"10000"	"200"	"2294653025584902813"	20000	"intercept"	0.60924084
"0.25"	"0.0"	"0.25"	"0.01"	"0.005"	"0.01"	"100000"	"10000"	"200"	"2294653025584902813"	25000	"slope"	-0.36924769
"0.25"	"0.0"	"0.25"	"0.01"	"0.005"	"0.01"	"100000"	"10000"	"200"	"2294653025584902813"	25000	"intercept"	0.631533325
"0.25"	"0.0"	"0.25"	"0.01"	"0.005"	"0.01"	"100000"	"10000"	"200"	"2294653025584902813"	30000	"slope"	-0.37860964
"0.25"	"0.0"	"0.25"	"0.01"	"0.005"	"0.01"	"100000"	"10000"	"200"	"2294653025584902813"	30000	"intercept"	0.63759786
"0.25"	"0.0"	"0.25"	"0.01"	"0.005"	"0.01"	"100000"	"10000"	"200"	"2294653025584902813"	35000	"slope"	-0.408459775
"0.25"	"0.0"	"0.25"	"0.01"	"0.005"	"0.01"	"100000"	"10000"	"200"	"2294653025584902813"	35000	"intercept"	0.66460913
"0.25"	"0.0"	"0.25"	"0.01"	"0.005"	"0.01"	"100000"	"10000"	"200"	"2294653025584902813"	40000	"slope"	-0.37168022
"0.25"	"0.0"	"0.25"	"0.01"	"0.005"	"0.01"	"100000"	"10000"	"200"	"2294653025584902813"	40000	"intercept"	0.640416125
"0.25"	"0.0"	"0.25"	"0.01"	"0.005"	"0.01"	"100000"	"10000"	"200"	"2294653025584902813"	45000	"slope"	-0.376737065
"0.25"	"0.0"	"0.25"	"0.01"	"0.005"	"0.01"	"100000"	"10000"	"200"	"2294653025584902813"	45000	"intercept"	0.646588205
"0.25"	"0.0"	"0.25"	"0.01"	"0.005"	"0.01"	"100000"	"10000"	"200"	"2294653025584902813"	50000	"slope"	-0.41736256
"0.25"	"0.0"	"0.25"	"0.01"	"0.005"	"0.01"	"100000"	"10000"	"200"	"2294653025584902813"	50000	"intercept"	0.66317848
"0.25"	"0.0"	"0.25"	"0.01"	"0.005"	"0.01"	"100000"	"10000"	"200"	"2294653025584902813"	55000	"slope"	-0.420559635
"0.25"	"0.0"	"0.25"	"0.01"	"0.005"	"0.01"	"100000"	"10000"	"200"	"2294653025584902813"	55000	"intercept"	0.660247455
"0.25"	"0.0"	"0.25"	"0.01"	"0.005"	"0.01"	"100000"	"10000"	"200"	"2294653025584902813"	60000	"slope"	-0.39293849
"0.25"	"0.0"	"0.25"	"0.01"	"0.005"	"0.01"	"100000"	"10000"	"200"	"2294653025584902813"	60000	"intercept"	0.65842907
"0.25"	"0.0"	"0.25"	"0.01"	"0.005"	"0.01"	"100000"	"10000"	"200"	"2294653025584902813"	65000	"slope"	-0.38711683
"0.25"	"0.0"	"0.25"	"0.01"	"0.005"	"0.01"	"100000"	"10000"	"200"	"2294653025584902813"	65000	"intercept"	0.649993915
"0.25"	"0.0"	"0.25"	"0.01"	"0.005"	"0.01"	"100000"	"10000"	"200"	"2294653025584902813"	70000	"slope"	-0.364574655
"0.25"	"0.0"	"0.25"	"0.01"	"0.005"	"0.01"	"100000"	"10000"	"200"	"2294653025584902813"	70000	"intercept"	0.63642071
"0.25"	"0.0"	"0.25"	"0.01"	"0.005"	"0.01"	"100000"	"10000"	"200"	"2294653025584902813"	75000	"slope"	-0.383070725
"0.25"	"0.0"	"0.25"	"0.01"	"0.005"	"0.01"	"100000"	"10000"	"200"	"2294653025584902813"	75000	"intercept"	0.64300393
"0.25"	"0.0"	"0.25"	"0.01"	"0.005"	"0.01"	"100000"	"10000"	"200"	"2294653025584902813"	80000	"slope"	-0.39392668
"0.25"	"0.0"	"0.25"	"0.01"	"0.005"	"0.01"	"100000"	"10000"	"200"	"2294653025584902813"	80000	"intercept"	0.64709383
"0.25"	"0.0"	"0.25"	"0.01"	"0.005"	"0.01"	"100000"	"10000"	"200"	"2294653025584902813"	85000	"slope"	-0.404145825
"0.25"	"0.0"	"0.25"	"0.01"	"0.005"	"0.01"	"100000"	"10000"	"200"	"2294653025584902813"	85000	"intercept"	0.648373435
"0.25"	"0.0"	"0.25"	"0.01"	"0.005"	"0.01"	"100000"	"10000"	"200"	"2294653025584902813"	90000	"slope"	-0.39702633
"0.25"	"0.0"	"0.25"	"0.01"	"0.005"	"0.01"	"100000"	"10000"	"200"	"2294653025584902813"	90000	"intercept"	0.653701525
"0.25"	"0.0"	"0.25"	"0.01"	"0.005"	"0.01"	"100000"	"10000"	"200"	"2294653025584902813"	95000	"slope"	-0.4058004
"0.25"	"0.0"	"0.25"	"0.01"	"0.005"	"0.01"	"100000"	"10000"	"200"	"2294653025584902813"	95000	"intercept"	0.65858614
"0.25"	"0.0"	"0.25"	"0.01"	"0.005"	"0.01"	"100000"	"10000"	"200"	"2294653025584902813"	100000	"slope"	-0.42504269
"0.25"	"0.0"	"0.25"	"0.01"	"0.005"	"0.01"	"100000"	"10000"	"200"	"2294653025584902813"	100000	"intercept"	0.67376483
"0.25"	"0.0"	"0.25"	"0.01"	"0.005"	"0.01"	"100000"	"10000"	"200"	"3879884257587697467"	10	"slope"	-2.360488e-05
"0.25"	"0.0"	"0.25"	"0.01"	"0.005"	"0.01"	"100000"	"10000"	"200"	"3879884257587697467"	10	"intercept"	0.500016315
"0.25"	"0.0"	"0.25"	"0.01"	"0.005"	"0.01"	"100000"	"10000"	"200"	"3879884257587697467"	5000	"slope"	-0.104388954
"0.25"	"0.0"	"0.25"	"0.01"	"0.005"	"0.01"	"100000"	"10000"	"200"	"3879884257587697467"	5000	"intercept"	0.4786337
"0.25"	"0.0"	"0.25"	"0.01"	"0.005"	"0.01"	"100000"	"10000"	"200"	"3879884257587697467"	10000	"slope"	-0.223621682
"0.25"	"0.0"	"0.25"	"0.01"	"0.005"	"0.01"	"100000"	"10000"	"200"	"3879884257587697467"	10000	"intercept"	0.539182905
"0.25"	"0.0"	"0.25"	"0.01"	"0.005"	"0.01"	"100000"	"10000"	"200"	"3879884257587697467"	15000	"slope"	-0.26916181
"0.25"	"0.0"	"0.25"	"0.01"	"0.005"	"0.01"	"100000"	"10000"	"200"	"3879884257587697467"	15000	"intercept"	0.567727195
"0.25"	"0.0"	"0.25"	"0.01"	"0.005"	"0.01"	"100000"	"10000"	"200"	"3879884257587697467"	20000	"slope"	-0.302078735
"0.25"	"0.0"	"0.25"	"0.01"	"0.005"	"0.01"	"100000"	"10000"	"200"	"3879884257587697467"	20000	"intercept"	0.59236843
"0.25"	"0.0"	"0.25"	"0.01"	"0.005"	"0.01"	"100000"	"10000"	"200"	"3879884257587697467"	25000	"slope"	-0.349203795
"0.25"	"0.0"	"0.25"	"0.01"	"0.005"	"0.01"	"100000"	"10000"	"200"	"3879884257587697467"	25000	"intercept"	0.625797975
"0.25"	"0.0"	"0.25"	"0.01"	"0.005"	"0.01"	"100000"	"10000"	"200"	"3879884257587697467"	30000	"slope"	-0.396617595
"0.25"	"0.0"	"0.25"	"0.01"	"0.005"	"0.01"	"100000"	"10000"	"200"	"3879884257587697467"	30000	"intercept"	0.663105615
"0.25"	"0.0"	"0.25"	"0.01"	"0.005"	"0.01"	"100000"	"10000"	"200"	"3879884257587697467"	35000	"slope"	-0.383060035
"0.25"	"0.0"	"0.25"	"0.01"	"0.005"	"0.01"	"100000"	"10000"	"200"	"3879884257587697467"	35000	"intercept"	0.64752108
"0.25"	"0.0"	"0.25"	"0.01"	"0.005"	"0.01"	"100000"	"10000"	"200"	"3879884257587697467"	40000	"slope"	-0.41933929
"0.25"	"0.0"	"0.25"	"0.01"	"0.005"	"0.01"	"100000"	"10000"	"200"	"3879884257587697467"	40000	"intercept"	0.663184205
"0.25"	"0.0"	"0.25"	"0.01"	"0.005"	"0.01"	"100000"	"10000"	"200"	"3879884257587697467"	45000	"slope"	-0.38749911
"0.25"	"0.0"	"0.25"	"0.01"	"0.005"	"0.01"	"100000"	"10000"	"200"	"3879884257587697467"	45000	"intercept"	0.654002085
"0.25"	"0.0"	"0.25"	"0.01"	"0.005"	"0.01"	"100000"	"10000"	"200"	"3879884257587697467"	50000	"slope"	-0.399850525
"0.25"	"0.0"	"0.25"	"0.01"	"0.005"	"0.01"	"100000"	"10000"	"200"	"3879884257587697467"	50000	"intercept"	0.659188265
"0.25"	"0.0"	"0.25"	"0.01"	"0.005"	"0.01"	"100000"	"10000"	"200"	"3879884257587697467"	55000	"slope"	-0.39276637
"0.25"	"0.0"	"0.25"	"0.01"	"0.005"	"0.01"	"100000"	"10000"	"200"	"3879884257587697467"	55000	"intercept"	0.64723904
"0.25"	"0.0"	"0.25"	"0.01"	"0.005"	"0.01"	"100000"	"10000"	"200"	"3879884257587697467"	60000	"slope"	-0.38861783
"0.25"	"0.0"	"0.25"	"0.01"	"0.005"	"0.01"	"100000"	"10000"	"200"	"3879884257587697467"	60000	"intercept"	0.650699205
"0.25"	"0.0"	"0.25"	"0.01"	"0.005"	"0.01"	"100000"	"10000"	"200"	"3879884257587697467"	65000	"slope"	-0.423720295
"0.25"	"0.0"	"0.25"	"0.01"	"0.005"	"0.01"	"100000"	"10000"	"200"	"3879884257587697467"	65000	"intercept"	0.665316105
"0.25"	"0.0"	"0.25"	"0.01"	"0.005"	"0.01"	"100000"	"10000"	"200"	"3879884257587697467"	70000	"slope"	-0.43615106
"0.25"	"0.0"	"0.25"	"0.01"	"0.005"	"0.01"	"100000"	"10000"	"200"	"3879884257587697467"	70000	"intercept"	0.67907102
"0.25"	"0.0"	"0.25"	"0.01"	"0.005"	"0.01"	"100000"	"10000"	"200"	"3879884257587697467"	75000	"slope"	-0.41102781
"0.25"	"0.0"	"0.25"	"0.01"	"0.005"	"0.01"	"100000"	"10000"	"200"	"3879884257587697467"	75000	"intercept"	0.658415265
"0.25"	"0.0"	"0.25"	"0.01"	"0.005"	"0.01"	"100000"	"10000"	"200"	"3879884257587697467"	80000	"slope"	-0.4113842
"0.25"	"0.0"	"0.25"	"0.01"	"0.005"	"0.01"	"100000"	"10000"	"200"	"3879884257587697467"	80000	"intercept"	0.661463345
"0.25"	"0.0"	"0.25"	"0.01"	"0.005"	"0.01"	"100000"	"10000"	"200"	"3879884257587697467"	85000	"slope"	-0.39898022
"0.25"	"0.0"	"0.25"	"0.01"	"0.005"	"0.01"	"100000"	"10000"	"200"	"3879884257587697467"	85000	"intercept"	0.65399065
"0.25"	"0.0"	"0.25"	"0.01"	"0.005"	"0.01"	"100000"	"10000"	"200"	"3879884257587697467"	90000	"slope"	-0.40309395
"0.25"	"0.0"	"0.25"	"0.01"	"0.005"	"0.01"	"100000"	"10000"	"200"	"3879884257587697467"	90000	"intercept"	0.65195268
"0.25"	"0.0"	"0.25"	"0.01"	"0.005"	"0.01"	"100000"	"10000"	"200"	"3879884257587697467"	95000	"slope"	-0.373305775
"0.25"	"0.0"	"0.25"	"0.01"	"0.005"	"0.01"	"100000"	"10000"	"200"	"3879884257587697467"	95000	"intercept"	0.63818817
"0.25"	"0.0"	"0.25"	"0.01"	"0.005"	"0.01"	"100000"	"10000"	"200"	"3879884257587697467"	100000	"slope"	-0.35700794
"0.25"	"0.0"	"0.25"	"0.01"	"0.005"	"0.01"	"100000"	"10000"	"200"	"3879884257587697467"	100000	"intercept"	0.62531459
"0.25"	"0.0"	"0.25"	"0.01"	"0.005"	"0.01"	"100000"	"10000"	"200"	"6937247942972943482"	10	"slope"	0.00012317475815
"0.25"	"0.0"	"0.25"	"0.01"	"0.005"	"0.01"	"100000"	"10000"	"200"	"6937247942972943482"	10	"intercept"	0.499866785
"0.25"	"0.0"	"0.25"	"0.01"	"0.005"	"0.01"	"100000"	"10000"	"200"	"6937247942972943482"	5000	"slope"	-0.103867209
"0.25"	"0.0"	"0.25"	"0.01"	"0.005"	"0.01"	"100000"	"10000"	"200"	"6937247942972943482"	5000	"intercept"	0.465068735
"0.25"	"0.0"	"0.25"	"0.01"	"0.005"	"0.01"	"100000"	"10000"	"200"	"6937247942972943482"	10000	"slope"	-0.187749775
"0.25"	"0.0"	"0.25"	"0.01"	"0.005"	"0.01"	"100000"	"10000"	"200"	"6937247942972943482"	10000	"intercept"	0.514904555
"0.25"	"0.0"	"0.25"	"0.01"	"0.005"	"0.01"	"100000"	"10000"	"200"	"6937247942972943482"	15000	"slope"	-0.2227998
"0.25"	"0.0"	"0.25"	"0.01"	"0.005"	"0.01"	"100000"	"10000"	"200"	"6937247942972943482"	15000	"intercept"	0.542863935
"0.25"	"0.0"	"0.25"	"0.01"	"0.005"	"0.01"	"100000"	"10000"	"200"	"6937247942972943482"	20000	"slope"	-0.252839735
"0.25"	"0.0"	"0.25"	"0.01"	"0.005"	"0.01"	"100000"	"10000"	"200"	"6937247942972943482"	20000	"intercept"	0.564559605
"0.25"	"0.0"	"0.25"	"0.01"	"0.005"	"0.01"	"100000"	"10000"	"200"	"6937247942972943482"	25000	"slope"	-0.321704445
"0.25"	"0.0"	"0.25"	"0.01"	"0.005"	"0.01"	"100000"	"10000"	"200"	"6937247942972943482"	25000	"intercept"	0.60747859
"0.25"	"0.0"	"0.25"	"0.01"	"0.005"	"0.01"	"100000"	"10000"	"200"	"6937247942972943482"	30000	"slope"	-0.359787665
"0.25"	"0.0"	"0.25"	"0.01"	"0.005"	"0.01"	"100000"	"10000"	"200"	"6937247942972943482"	30000	"intercept"	0.62637776
"0.25"	"0.0"	"0.25"	"0.01"	"0.005"	"0.01"	"100000"	"10000"	"200"	"6937247942972943482"	35000	"slope"	-0.380090075
"0.25"	"0.0"	"0.25"	"0.01"	"0.005"	"0.01"	"100000"	"10000"	"200"	"6937247942972943482"	35000	"intercept"	0.63952391
"0.25"	"0.0"	"0.25"	"0.01"	"0.005"	"0.01"	"100000"	"10000"	"200"	"6937247942972943482"	40000	"slope"	-0.37553827
"0.25"	"0.0"	"0.25"	"0.01"	"0.005"	"0.01"	"100000"	"10000"	"200"	"6937247942972943482"	40000	"intercept"	0.647564185
"0.25"	"0.0"	"0.25"	"0.01"	"0.005"	"0.01"	"100000"	"10000"	"200"	"6937247942972943482"	45000	"slope"	-0.4133925
"0.25"	"0.0"	"0.25"	"0.01"	"0.005"	"0.01"	"100000"	"10000"	"200"	"6937247942972943482"	45000	"intercept"	0.66025393
"0.25"	"0.0"	"0.25"	"0.01"	"0.005"	"0.01"	"100000"	"10000"	"200"	"6937247942972943482"	50000	"slope"	-0.40767125
"0.25"	"0.0"	"0.25"	"0.01"	"0.005"	"0.01"	"100000"	"10000"	"200"	"6937247942972943482"	50000	"intercept"	0.660225925
"0.25"	"0.0"	"0.25"	"0.01"	"0.005"	"0.01"	"100000"	"10000"	"200"	"6937247942972943482"	55000	"slope"	-0.42075866
"0.25"	"0.0"	"0.25"	"0.01"	"0.005"	"0.01"	"100000"	"10000"	"200"	"6937247942972943482"	55000	"intercept"	0.66686765
"0.25"	"0.0"	"0.25"	"0.01"	"0.005"	"0.01"	"100000"	"10000"	"200"	"6937247942972943482"	60000	"slope"	-0.392007745
"0.25"	"0.0"	"0.25"	"0.01"	"0.005"	"0.01"	"100000"	"10000"	"200"	"6937247942972943482"	60000	"intercept"	0.65296185
"0.25"	"0.0"	"0.25"	"0.01"	"0.005"	"0.01"	"100000"	"10000"	"200"	"6937247942972943482"	65000	"slope"	-0.418814995
"0.25"	"0.0"	"0.25"	"0.01"	"0.005"	"0.01"	"100000"	"10000"	"200"	"6937247942972943482"	65000	"intercept"	0.663635595
"0.25"	"0.0"	"0.25"	"0.01"	"0.005"	"0.01"	"100000"	"10000"	"200"	"6937247942972943482"	70000	"slope"	-0.417670635
"0.25"	"0.0"	"0.25"	"0.01"	"0.005"	"0.01"	"100000"	"10000"	"200"	"6937247942972943482"	70000	"intercept"	0.67285817
"0.25"	"0.0"	"0.25"	"0.01"	"0.005"	"0.01"	"100000"	"10000"	"200"	"6937247942972943482"	75000	"slope"	-0.435234095
"0.25"	"0.0"	"0.25"	"0.01"	"0.005"	"0.01"	"100000"	"10000"	"200"	"6937247942972943482"	75000	"intercept"	0.661613455
"0.25"	"0.0"	"0.25"	"0.01"	"0.005"	"0.01"	"100000"	"10000"	"200"	"6937247942972943482"	80000	"slope"	-0.429893065
"0.25"	"0.0"	"0.25"	"0.01"	"0.005"	"0.01"	"100000"	"10000"	"200"	"6937247942972943482"	80000	"intercept"	0.67906326
"0.25"	"0.0"	"0.25"	"0.01"	"0.005"	"0.01"	"100000"	"10000"	"200"	"6937247942972943482"	85000	"slope"	-0.471693865
"0.25"	"0.0"	"0.25"	"0.01"	"0.005"	"0.01"	"100000"	"10000"	"200"	"6937247942972943482"	85000	"intercept"	0.69705574
"0.25"	"0.0"	"0.25"	"0.01"	"0.005"	"0.01"	"100000"	"10000"	"200"	"6937247942972943482"	90000	"slope"	-0.42067433
"0.25"	"0.0"	"0.25"	"0.01"	"0.005"	"0.01"	"100000"	"10000"	"200"	"6937247942972943482"	90000	"intercept"	0.665244015
"0.25"	"0.0"	"0.25"	"0.01"	"0.005"	"0.01"	"100000"	"10000"	"200"	"6937247942972943482"	95000	"slope"	-0.41566408
"0.25"	"0.0"	"0.25"	"0.01"	"0.005"	"0.01"	"100000"	"10000"	"200"	"6937247942972943482"	95000	"intercept"	0.66507566
"0.25"	"0.0"	"0.25"	"0.01"	"0.005"	"0.01"	"100000"	"10000"	"200"	"6937247942972943482"	100000	"slope"	-0.405815245
"0.25"	"0.0"	"0.25"	"0.01"	"0.005"	"0.01"	"100000"	"10000"	"200"	"6937247942972943482"	100000	"intercept"	0.662256295
"0.25"	"0.4"	"0.25"	"0.01"	"0.005"	"0.01"	"100000"	"10000"	"200"	"1961383838621758826"	10	"slope"	-5.9739775e-05
"0.25"	"0.4"	"0.25"	"0.01"	"0.005"	"0.01"	"100000"	"10000"	"200"	"1961383838621758826"	10	"intercept"	0.4999763
"0.25"	"0.4"	"0.25"	"0.01"	"0.005"	"0.01"	"100000"	"10000"	"200"	"1961383838621758826"	5000	"slope"	-0.1528006035
"0.25"	"0.4"	"0.25"	"0.01"	"0.005"	"0.01"	"100000"	"10000"	"200"	"1961383838621758826"	5000	"intercept"	0.473328215
"0.25"	"0.4"	"0.25"	"0.01"	"0.005"	"0.01"	"100000"	"10000"	"200"	"1961383838621758826"	10000	"slope"	-0.255527375
"0.25"	"0.4"	"0.25"	"0.01"	"0.005"	"0.01"	"100000"	"10000"	"200"	"1961383838621758826"	10000	"intercept"	0.540055605
"0.25"	"0.4"	"0.25"	"0.01"	"0.005"	"0.01"	"100000"	"10000"	"200"	"1961383838621758826"	15000	"slope"	-0.321750375
"0.25"	"0.4"	"0.25"	"0.01"	"0.005"	"0.01"	"100000"	"10000"	"200"	"1961383838621758826"	15000	"intercept"	0.57756951
"0.25"	"0.4"	"0.25"	"0.01"	"0.005"	"0.01"	"100000"	"10000"	"200"	"1961383838621758826"	20000	"slope"	-0.38352898
"0.25"	"0.4"	"0.25"	"0.01"	"0.005"	"0.01"	"100000"	"10000"	"200"	"1961383838621758826"	20000	"intercept"	0.62449188
"0.25"	"0.4"	"0.25"	"0.01"	"0.005"	"0.01"	"100000"	"10000"	"200"	"1961383838621758826"	25000	"slope"	-0.403499955
"0.25"	"0.4"	"0.25"	"0.01"	"0.005"	"0.01"	"100000"	"10000"	"200"	"1961383838621758826"	25000	"intercept"	0.642174155
"0.25"	"0.4"	"0.25"	"0.01"	"0.005"	"0.01"	"100000"	"10000"	"200"	"1961383838621758826"	30000	"slope"	-0.48907517
"0.25"	"0.4"	"0.25"	"0.01"	"0.005"	"0.01"	"100000"	"10000"	"200"	"1961383838621758826"	30000	"intercept"	0.70198565
"0.25"	"0.4"	"0.25"	"0.01"	"0.005"	"0.01"	"100000"	"10000"	"200"	"1961383838621758826"	35000	"slope"	-0.526210345
"0.25"	"0.4"	"0.25"	"0.01"	"0.005"	"0.01"	"100000"	"10000"	"200"	"1961383838621758826"	35000	"intercept"	0.72128244
"0.25"	"0.4"	"0.25"	"0.01"	"0.005"	"0.01"	"100000"	"10000"	"200"	"1961383838621758826"	40000	"slope"	-0.517385565
"0.25"	"0.4"	"0.25"	"0.01"	"0.005"	"0.01"	"100000"	"10000"	"200"	"1961383838621758826"	40000	"intercept"	0.703219275
"0.25"	"0.4"	"0.25"	"0.01"	"0.005"	"0.01"	"100000"	"10000"	"200"	"1961383838621758826"	45000	"slope"	-0.49146437
"0.25"	"0.4"	"0.25"	"0.01"	"0.005"	"0.01"	"100000"	"10000"	"200"	"1961383838621758826"	45000	"intercept"	0.69907257
"0.25"	"0.4"	"0.25"	"0.01"	"0.005"	"0.01"	"100000"	"10000"	"200"	"1961383838621758826"	50000	"slope"	-0.50504249
"0.25"	"0.4"	"0.25"	"0.01"	"0.005"	"0.01"	"100000"	"10000"	"200"	"1961383838621758826"	50000	"intercept"	0.70811258
"0.25"	"0.4"	"0.25"	"0.01"	"0.005"	"0.01"	"100000"	"10000"	"200"	"1961383838621758826"	55000	"slope"	-0.530893875
"0.25"	"0.4"	"0.25"	"0.01"	"0.005"	"0.01"	"100000"	"10000"	"200"	"1961383838621758826"	55000	"intercept"	0.719800545
"0.25"	"0.4"	"0.25"	"0.01"	"0.005"	"0.01"	"100000"	"10000"	"200"	"1961383838621758826"	60000	"slope"	-0.51189102
"0.25"	"0.4"	"0.25"	"0.01"	"0.005"	"0.01"	"100000"	"10000"	"200"	"1961383838621758826"	60000	"intercept"	0.706289895
"0.25"	"0.4"	"0.25"	"0.01"	"0.005"	"0.01"	"100000"	"10000"	"200"	"1961383838621758826"	65000	"slope"	-0.49345875
"0.25"	"0.4"	"0.25"	"0.01"	"0.005"	"0.01"	"100000"	"10000"	"200"	"1961383838621758826"	65000	"intercept"	0.691733705
"0.25"	"0.4"	"0.25"	"0.01"	"0.005"	"0.01"	"100000"	"10000"	"200"	"1961383838621758826"	70000	"slope"	-0.51971984
"0.25"	"0.4"	"0.25"	"0.01"	"0.005"	"0.01"	"100000"	"10000"	"200"	"1961383838621758826"	70000	"intercept"	0.70668667
"0.25"	"0.4"	"0.25"	"0.01"	"0.005"	"0.01"	"100000"	"10000"	"200"	"1961383838621758826"	75000	"slope"	-0.49949364
"0.25"	"0.4"	"0.25"	"0.01"	"0.005"	"0.01"	"100000"	"10000"	"200"	"1961383838621758826"	75000	"intercept"	0.703404345
"0.25"	"0.4"	"0.25"	"0.01"	"0.005"	"0.01"	"100000"	"10000"	"200"	"1961383838621758826"	80000	"slope"	-0.52136859
"0.25"	"0.4"	"0.25"	"0.01"	"0.005"	"0.01"	"100000"	"10000"	"200"	"1961383838621758826"	80000	"intercept"	0.717110315
"0.25"	"0.4"	"0.25"	"0.01"	"0.005"	"0.01"	"100000"	"10000"	"200"	"1961383838621758826"	85000	"slope"	-0.53370221
"0.25"	"0.4"	"0.25"	"0.01"	"0.005"	"0.01"	"100000"	"10000"	"200"	"1961383838621758826"	85000	"intercept"	0.716072315
"0.25"	"0.4"	"0.25"	"0.01"	"0.005"	"0.01"	"100000"	"10000"	"200"	"1961383838621758826"	90000	"slope"	-0.527497815
"0.25"	"0.4"	"0.25"	"0.01"	"0.005"	"0.01"	"100000"	"10000"	"200"	"1961383838621758826"	90000	"intercept"	0.722002845
"0.25"	"0.4"	"0.25"	"0.01"	"0.005"	"0.01"	"100000"	"10000"	"200"	"1961383838621758826"	95000	"slope"	-0.50682567
"0.25"	"0.4"	"0.25"	"0.01"	"0.005"	"0.01"	"100000"	"10000"	"200"	"1961383838621758826"	95000	"intercept"	0.70824866
"0.25"	"0.4"	"0.25"	"0.01"	"0.005"	"0.01"	"100000"	"10000"	"200"	"1961383838621758826"	100000	"slope"	-0.483155305
"0.25"	"0.4"	"0.25"	"0.01"	"0.005"	"0.01"	"100000"	"10000"	"200"	"1961383838621758826"	100000	"intercept"	0.688940425
"0.25"	"0.4"	"0.25"	"0.01"	"0.005"	"0.01"	"100000"	"10000"	"200"	"6901540046410264259"	10	"slope"	6.538215e-06
"0.25"	"0.4"	"0.25"	"0.01"	"0.005"	"0.01"	"100000"	"10000"	"200"	"6901540046410264259"	10	"intercept"	0.49989925
"0.25"	"0.4"	"0.25"	"0.01"	"0.005"	"0.01"	"100000"	"10000"	"200"	"6901540046410264259"	5000	"slope"	-0.1534674945
"0.25"	"0.4"	"0.25"	"0.01"	"0.005"	"0.01"	"100000"	"10000"	"200"	"6901540046410264259"	5000	"intercept"	0.490634505
"0.25"	"0.4"	"0.25"	"0.01"	"0.005"	"0.01"	"100000"	"10000"	"200"	"6901540046410264259"	10000	"slope"	-0.28233383
"0.25"	"0.4"	"0.25"	"0.01"	"0.005"	"0.01"	"100000"	"10000"	"200"	"6901540046410264259"	10000	"intercept"	0.56352881
"0.25"	"0.4"	"0.25"	"0.01"	"0.005"	"0.01"	"100000"	"10000"	"200"	"6901540046410264259"	15000	"slope"	-0.3344697
"0.25"	"0.4"	"0.25"	"0.01"	"0.005"	"0.01"	"100000"	"10000"	"200"	"6901540046410264259"	15000	"intercept"	0.5955745
"0.25"	"0.4"	"0.25"	"0.01"	"0.005"	"0.01"	"100000"	"10000"	"200"	"6901540046410264259"	20000	"slope"	-0.401691555
"0.25"	"0.4"	"0.25"	"0.01"	"0.005"	"0.01"	"100000"	"10000"	"200"	"6901540046410264259"	20000	"intercept"	0.63847156
"0.25"	"0.4"	"0.25"	"0.01"	"0.005"	"0.01"	"100000"	"10000"	"200"	"6901540046410264259"	25000	"slope"	-0.47405808
"0.25"	"0.4"	"0.25"	"0.01"	"0.005"	"0.01"	"100000"	"10000"	"200"	"6901540046410264259"	25000	"intercept"	0.68158368
"0.25"	"0.4"	"0.25"	"0.01"	"0.005"	"0.01"	"100000"	"10000"	"200"	"6901540046410264259"	30000	"slope"	-0.49048635
"0.25"	"0.4"	"0.25"	"0.01"	"0.005"	"0.01"	"100000"	"10000"	"200"	"6901540046410264259"	30000	"intercept"	0.693600455
"0.25"	"0.4"	"0.25"	"0.01"	"0.005"	"0.01"	"100000"	"10000"	"200"	"6901540046410264259"	35000	"slope"	-0.52700932
"0.25"	"0.4"	"0.25"	"0.01"	"0.005"	"0.01"	"100000"	"10000"	"200"	"6901540046410264259"	35000	"intercept"	0.71947228
"0.25"	"0.4"	"0.25"	"0.01"	"0.005"	"0.01"	"100000"	"10000"	"200"	"6901540046410264259"	40000	"slope"	-0.5033114
"0.25"	"0.4"	"0.25"	"0.01"	"0.005"	"0.01"	"100000"	"10000"	"200"	"6901540046410264259"	40000	"intercept"	0.69741029
"0.25"	"0.4"	"0.25"	"0.01"	"0.005"	"0.01"	"100000"	"10000"	"200"	"6901540046410264259"	45000	"slope"	-0.506340345
"0.25"	"0.4"	"0.25"	"0.01"	"0.005"	"0.01"	"100000"	"10000"	"200"	"6901540046410264259"	45000	"intercept"	0.705999115
"0.25"	"0.4"	"0.25"	"0.01"	"0.005"	"0.01"	"100000"	"10000"	"200"	"6901540046410264259"	50000	"slope"	-0.52771772
"0.25"	"0.4"	"0.25"	"0.01"	"0.005"	"0.01"	"100000"	"10000"	"200"	"6901540046410264259"	50000	"intercept"	0.724559015
"0.25"	"0.4"	"0.25"	"0.01"	"0.005"	"0.01"	"100000"	"10000"	"200"	"6901540046410264259"	55000	"slope"	-0.524081735
"0.25"	"0.4"	"0.25"	"0.01"	"0.005"	"0.01"	"100000"	"10000"	"200"	"6901540046410264259"	55000	"intercept"	0.71861644
"0.25"	"0.4"	"0.25"	"0.01"	"0.005"	"0.01"	"100000"	"10000"	"200"	"6901540046410264259"	60000	"slope"	-0.532013185
"0.25"	"0.4"	"0.25"	"0.01"	"0.005"	"0.01"	"100000"	"10000"	"200"	"6901540046410264259"	60000	"intercept"	0.722077305
"0.25"	"0.4"	"0.25"	"0.01"	"0.005"	"0.01"	"100000"	"10000"	"200"	"6901540046410264259"	65000	"slope"	-0.54166716
"0.25"	"0.4"	"0.25"	"0.01"	"0.005"	"0.01"	"100000"	"10000"	"200"	"6901540046410264259"	65000	"intercept"	0.73255177
"0.25"	"0.4"	"0.25"	"0.01"	"0.005"	"0.01"	"100000"	"10000"	"200"	"6901540046410264259"	70000	"slope"	-0.500809455
"0.25"	"0.4"	"0.25"	"0.01"	"0.005"	"0.01"	"100000"	"10000"	"200"	"6901540046410264259"	70000	"intercept"	0.68728754
"0.25"	"0.4"	"0.25"	"0.01"	"0.005"	"0.01"	"100000"	"10000"	"200"	"6901540046410264259"	75000	"slope"	-0.50386356
"0.25"	"0.4"	"0.25"	"0.01"	"0.005"	"0.01"	"100000"	"10000"	"200"	"6901540046410264259"	75000	"intercept"	0.70548052
"0.25"	"0.4"	"0.25"	"0.01"	"0.005"	"0.01"	"100000"	"10000"	"200"	"6901540046410264259"	80000	"slope"	-0.4980089
"0.25"	"0.4"	"0.25"	"0.01"	"0.005"	"0.01"	"100000"	"10000"	"200"	"6901540046410264259"	80000	"intercept"	0.69437855
"0.25"	"0.4"	"0.25"	"0.01"	"0.005"	"0.01"	"100000"	"10000"	"200"	"6901540046410264259"	85000	"slope"	-0.511586975
"0.25"	"0.4"	"0.25"	"0.01"	"0.005"	"0.01"	"100000"	"10000"	"200"	"6901540046410264259"	85000	"intercept"	0.70278651
"0.25"	"0.4"	"0.25"	"0.01"	"0.005"	"0.01"	"100000"	"10000"	"200"	"6901540046410264259"	90000	"slope"	-0.493743215
"0.25"	"0.4"	"0.25"	"0.01"	"0.005"	"0.01"	"100000"	"10000"	"200"	"6901540046410264259"	90000	"intercept"	0.70024831
"0.25"	"0.4"	"0.25"	"0.01"	"0.005"	"0.01"	"100000"	"10000"	"200"	"6901540046410264259"	95000	"slope"	-0.499197015
"0.25"	"0.4"	"0.25"	"0.01"	"0.005"	"0.01"	"100000"	"10000"	"200"	"6901540046410264259"	95000	"intercept"	0.7040781
"0.25"	"0.4"	"0.25"	"0.01"	"0.005"	"0.01"	"100000"	"10000"	"200"	"6901540046410264259"	100000	"slope"	-0.512985305
"0.25"	"0.4"	"0.25"	"0.01"	"0.005"	"0.01"	"100000"	"10000"	"200"	"6901540046410264259"	100000	"intercept"	0.712954245
"0.25"	"0.4"	"0.25"	"0.01"	"0.005"	"0.01"	"100000"	"10000"	"200"	"8592305964467062357"	10	"slope"	2.61026e-06
"0.25"	"0.4"	"0.25"	"0.01"	"0.005"	"0.01"	"100000"	"10000"	"200"	"8592305964467062357"	10	"intercept"	0.49992135
"0.25"	"0.4"	"0.25"	"0.01"	"0.005"	"0.01"	"100000"	"10000"	"200"	"8592305964467062357"	5000	"slope"	-0.162795095
"0.25"	"0.4"	"0.25"	"0.01"	"0.005"	"0.01"	"100000"	"10000"	"200"	"8592305964467062357"	5000	"intercept"	0.487763105
"0.25"	"0.4"	"0.25"	"0.01"	"0.005"	"0.01"	"100000"	"10000"	"200"	"8592305964467062357"	10000	"slope"	-0.319041965
"0.25"	"0.4"	"0.25"	"0.01"	"0.005"	"0.01"	"100000"	"10000"	"200"	"8592305964467062357"	10000	"intercept"	0.581369225
"0.25"	"0.4"	"0.25"	"0.01"	"0.005"	"0.01"	"100000"	"10000"	"200"	"8592305964467062357"	15000	"slope"	-0.366782045
"0.25"	"0.4"	"0.25"	"0.01"	"0.005"	"0.01"	"100000"	"10000"	"200"	"8592305964467062357"	15000	"intercept"	0.611030735
"0.25"	"0.4"	"0.25"	"0.01"	"0.005"	"0.01"	"100000"	"10000"	"200"	"8592305964467062357"	20000	"slope"	-0.44000203
"0.25"	"0.4"	"0.25"	"0.01"	"0.005"	"0.01"	"100000"	"10000"	"200"	"8592305964467062357"	20000	"intercept"	0.65821358
"0.25"	"0.4"	"0.25"	"0.01"	"0.005"	"0.01"	"100000"	"10000"	"200"	"8592305964467062357"	25000	"slope"	-0.46933371
"0.25"	"0.4"	"0.25"	"0.01"	"0.005"	"0.01"	"100000"	"10000"	"200"	"8592305964467062357"	25000	"intercept"	0.676349935
"0.25"	"0.4"	"0.25"	"0.01"	"0.005"	"0.01"	"100000"	"10000"	"200"	"8592305964467062357"	30000	"slope"	-0.530789595
"0.25"	"0.4"	"0.25"	"0.01"	"0.005"	"0.01"	"100000"	"10000"	"200"	"8592305964467062357"	30000	"intercept"	0.72066723
"0.25"	"0.4"	"0.25"	"0.01"	"0.005"	"0.01"	"100000"	"10000"	"200"	"8592305964467062357"	35000	"slope"	-0.49573454
"0.25"	"0.4"	"0.25"	"0.01"	"0.005"	"0.01"	"100000"	"10000"	"200"	"8592305964467062357"	35000	"intercept"	0.706064085
"0.25"	"0.4"	"0.25"	"0.01"	"0.005"	"0.01"	"100000"	"10000"	"200"	"8592305964467062357"	40000	"slope"	-0.51100157
"0.25"	"0.4"	"0.25"	"0.01"	"0.005"	"0.01"	"100000"	"10000"	"200"	"8592305964467062357"	40000	"intercept"	0.70859341
"0.25"	"0.4"	"0.25"	"0.01"	"0.005"	"0.01"	"100000"	"10000"	"200"	"8592305964467062357"	45000	"slope"	-0.524991115
"0.25"	"0.4"	"0.25"	"0.01"	"0.005"	"0.01"	"100000"	"10000"	"200"	"8592305964467062357"	45000	"intercept"	0.720977455
"0.25"	"0.4"	"0.25"	"0.01"	"0.005"	"0.01"	"100000"	"10000"	"200"	"8592305964467062357"	50000	"slope"	-0.50342794
"0.25"	"0.4"	"0.25"	"0.01"	"0.005"	"0.01"	"100000"	"10000"	"200"	"8592305964467062357"	50000	"intercept"	0.704531315
"0.25"	"0.4"	"0.25"	"0.01"	"0.005"	"0.01"	"100000"	"10000"	"200"	"8592305964467062357"	55000	"slope"	-0.50909584
"0.25"	"0.4"	"0.25"	"0.01"	"0.005"	"0.01"	"100000"	"10000"	"200"	"8592305964467062357"	55000	"intercept"	0.71555824
"0.25"	"0.4"	"0.25"	"0.01"	"0.005"	"0.01"	"100000"	"10000"	"200"	"8592305964467062357"	60000	"slope"	-0.4811061
"0.25"	"0.4"	"0.25"	"0.01"	"0.005"	"0.01"	"100000"	"10000"	"200"	"8592305964467062357"	60000	"intercept"	0.686885165
"0.25"	"0.4"	"0.25"	"0.01"	"0.005"	"0.01"	"100000"	"10000"	"200"	"8592305964467062357"	65000	"slope"	-0.497118245
"0.25"	"0.4"	"0.25"	"0.01"	"0.005"	"0.01"	"100000"	"10000"	"200"	"8592305964467062357"	65000	"intercept"	0.69037406
"0.25"	"0.4"	"0.25"	"0.01"	"0.005"	"0.01"	"100000"	"10000"	"200"	"8592305964467062357"	70000	"slope"	-0.487024755
"0.25"	"0.4"	"0.25"	"0.01"	"0.005"	"0.01"	"100000"	"10000"	"200"	"8592305964467062357"	70000	"intercept"	0.70167458
"0.25"	"0.4"	"0.25"	"0.01"	"0.005"	"0.01"	"100000"	"10000"	"200"	"8592305964467062357"	75000	"slope"	-0.485856955
"0.25"	"0.4"	"0.25"	"0.01"	"0.005"	"0.01"	"100000"	"10000"	"200"	"8592305964467062357"	75000	"intercept"	0.69297411
"0.25"	"0.4"	"0.25"	"0.01"	"0.005"	"0.01"	"100000"	"10000"	"200"	"8592305964467062357"	80000	"slope"	-0.5121158
"0.25"	"0.4"	"0.25"	"0.01"	"0.005"	"0.01"	"100000"	"10000"	"200"	"8592305964467062357"	80000	"intercept"	0.706809615
"0.25"	"0.4"	"0.25"	"0.01"	"0.005"	"0.01"	"100000"	"10000"	"200"	"8592305964467062357"	85000	"slope"	-0.532738365
"0.25"	"0.4"	"0.25"	"0.01"	"0.005"	"0.01"	"100000"	"10000"	"200"	"8592305964467062357"	85000	"intercept"	0.72053419
"0.25"	"0.4"	"0.25"	"0.01"	"0.005"	"0.01"	"100000"	"10000"	"200"	"8592305964467062357"	90000	"slope"	-0.535525585
"0.25"	"0.4"	"0.25"	"0.01"	"0.005"	"0.01"	"100000"	"10000"	"200"	"8592305964467062357"	90000	"intercept"	0.72933714
"0.25"	"0.4"	"0.25"	"0.01"	"0.005"	"0.01"	"100000"	"10000"	"200"	"8592305964467062357"	95000	"slope"	-0.55400483
"0.25"	"0.4"	"0.25"	"0.01"	"0.005"	"0.01"	"100000"	"10000"	"200"	"8592305964467062357"	95000	"intercept"	0.73502313
"0.25"	"0.4"	"0.25"	"0.01"	"0.005"	"0.01"	"100000"	"10000"	"200"	"8592305964467062357"	100000	"slope"	-0.53547675
"0.25"	"0.4"	"0.25"	"0.01"	"0.005"	"0.01"	"100000"	"10000"	"200"	"8592305964467062357"	100000	"intercept"	0.73343725
"0.25"	"0.6"	"0.25"	"0.01"	"0.005"	"0.01"	"100000"	"10000"	"200"	"2009206368516696068"	10	"slope"	-5.6646895e-05
"0.25"	"0.6"	"0.25"	"0.01"	"0.005"	"0.01"	"100000"	"10000"	"200"	"2009206368516696068"	10	"intercept"	0.50012642
"0.25"	"0.6"	"0.25"	"0.01"	"0.005"	"0.01"	"100000"	"10000"	"200"	"2009206368516696068"	5000	"slope"	-0.1779182745
"0.25"	"0.6"	"0.25"	"0.01"	"0.005"	"0.01"	"100000"	"10000"	"200"	"2009206368516696068"	5000	"intercept"	0.47350898
"0.25"	"0.6"	"0.25"	"0.01"	"0.005"	"0.01"	"100000"	"10000"	"200"	"2009206368516696068"	10000	"slope"	-0.27420861
"0.25"	"0.6"	"0.25"	"0.01"	"0.005"	"0.01"	"100000"	"10000"	"200"	"2009206368516696068"	10000	"intercept"	0.54403195
"0.25"	"0.6"	"0.25"	"0.01"	"0.005"	"0.01"	"100000"	"10000"	"200"	"2009206368516696068"	15000	"slope"	-0.406800465
"0.25"	"0.6"	"0.25"	"0.01"	"0.005"	"0.01"	"100000"	"10000"	"200"	"2009206368516696068"	15000	"intercept"	0.629555525
"0.25"	"0.6"	"0.25"	"0.01"	"0.005"	"0.01"	"100000"	"10000"	"200"	"2009206368516696068"	20000	"slope"	-0.436597875
"0.25"	"0.6"	"0.25"	"0.01"	"0.005"	"0.01"	"100000"	"10000"	"200"	"2009206368516696068"	20000	"intercept"	0.65264247
"0.25"	"0.6"	"0.25"	"0.01"	"0.005"	"0.01"	"100000"	"10000"	"200"	"2009206368516696068"	25000	"slope"	-0.480249265
"0.25"	"0.6"	"0.25"	"0.01"	"0.005"	"0.01"	"100000"	"10000"	"200"	"2009206368516696068"	25000	"intercept"	0.68064775
"0.25"	"0.6"	"0.25"	"0.01"	"0.005"	"0.01"	"100000"	"10000"	"200"	"2009206368516696068"	30000	"slope"	-0.524941875
"0.25"	"0.6"	"0.25"	"0.01"	"0.005"	"0.01"	"100000"	"10000"	"200"	"2009206368516696068"	30000	"intercept"	0.70744156
"0.25"	"0.6"	"0.25"	"0.01"	"0.005"	"0.01"	"100000"	"10000"	"200"	"2009206368516696068"	35000	"slope"	-0.549753305
"0.25"	"0.6"	"0.25"	"0.01"	"0.005"	"0.01"	"100000"	"10000"	"200"	"2009206368516696068"	35000	"intercept"	0.726833015
"0.25"	"0.6"	"0.25"	"0.01"	"0.005"	"0.01"	"100000"	"10000"	"200"	"2009206368516696068"	40000	"slope"	-0.61003605
"0.25"	"0.6"	"0.25"	"0.01"	"0.005"	"0.01"	"100000"	"10000"	"200"	"2009206368516696068"	40000	"intercept"	0.761290235
"0.25"	"0.6"	"0.25"	"0.01"	"0.005"	"0.01"	"100000"	"10000"	"200"	"2009206368516696068"	45000	"slope"	-0.606151035
"0.25"	"0.6"	"0.25"	"0.01"	"0.005"	"0.01"	"100000"	"10000"	"200"	"2009206368516696068"	45000	"intercept"	0.760057955
"0.25"	"0.6"	"0.25"	"0.01"	"0.005"	"0.01"	"100000"	"10000"	"200"	"2009206368516696068"	50000	"slope"	-0.591605535
"0.25"	"0.6"	"0.25"	"0.01"	"0.005"	"0.01"	"100000"	"10000"	"200"	"2009206368516696068"	50000	"intercept"	0.74909522
"0.25"	"0.6"	"0.25"	"0.01"	"0.005"	"0.01"	"100000"	"10000"	"200"	"2009206368516696068"	55000	"slope"	-0.57470157
"0.25"	"0.6"	"0.25"	"0.01"	"0.005"	"0.01"	"100000"	"10000"	"200"	"2009206368516696068"	55000	"intercept"	0.73653458
"0.25"	"0.6"	"0.25"	"0.01"	"0.005"	"0.01"	"100000"	"10000"	"200"	"2009206368516696068"	60000	"slope"	-0.589476395
"0.25"	"0.6"	"0.25"	"0.01"	"0.005"	"0.01"	"100000"	"10000"	"200"	"2009206368516696068"	60000	"intercept"	0.746092925
"0.25"	"0.6"	"0.25"	"0.01"	"0.005"	"0.01"	"100000"	"10000"	"200"	"2009206368516696068"	65000	"slope"	-0.520639285
"0.25"	"0.6"	"0.25"	"0.01"	"0.005"	"0.01"	"100000"	"10000"	"200"	"2009206368516696068"	65000	"intercept"	0.703039295
"0.25"	"0.6"	"0.25"	"0.01"	"0.005"	"0.01"	"100000"	"10000"	"200"	"2009206368516696068"	70000	"slope"	-0.522748105
"0.25"	"0.6"	"0.25"	"0.01"	"0.005"	"0.01"	"100000"	"10000"	"200"	"2009206368516696068"	70000	"intercept"	0.713865985
"0.25"	"0.6"	"0.25"	"0.01"	"0.005"	"0.01"	"100000"	"10000"	"200"	"2009206368516696068"	75000	"slope"	-0.521037625
"0.25"	"0.6"	"0.25"	"0.01"	"0.005"	"0.01"	"100000"	"10000"	"200"	"2009206368516696068"	75000	"intercept"	0.704649875
"0.25"	"0.6"	"0.25"	"0.01"	"0.005"	"0.01"	"100000"	"10000"	"200"	"2009206368516696068"	80000	"slope"	-0.58298978
"0.25"	"0.6"	"0.25"	"0.01"	"0.005"	"0.01"	"100000"	"10000"	"200"	"2009206368516696068"	80000	"intercept"	0.746219215
"0.25"	"0.6"	"0.25"	"0.01"	"0.005"	"0.01"	"100000"	"10000"	"200"	"2009206368516696068"	85000	"slope"	-0.58189809
"0.25"	"0.6"	"0.25"	"0.01"	"0.005"	"0.01"	"100000"	"10000"	"200"	"2009206368516696068"	85000	"intercept"	0.742308145
"0.25"	"0.6"	"0.25"	"0.01"	"0.005"	"0.01"	"100000"	"10000"	"200"	"2009206368516696068"	90000	"slope"	-0.58675016
"0.25"	"0.6"	"0.25"	"0.01"	"0.005"	"0.01"	"100000"	"10000"	"200"	"2009206368516696068"	90000	"intercept"	0.754887945
"0.25"	"0.6"	"0.25"	"0.01"	"0.005"	"0.01"	"100000"	"10000"	"200"	"2009206368516696068"	95000	"slope"	-0.597458315
"0.25"	"0.6"	"0.25"	"0.01"	"0.005"	"0.01"	"100000"	"10000"	"200"	"2009206368516696068"	95000	"intercept"	0.756777845
"0.25"	"0.6"	"0.25"	"0.01"	"0.005"	"0.01"	"100000"	"10000"	"200"	"2009206368516696068"	100000	"slope"	-0.603969755
"0.25"	"0.6"	"0.25"	"0.01"	"0.005"	"0.01"	"100000"	"10000"	"200"	"2009206368516696068"	100000	"intercept"	0.7553928
"0.25"	"0.6"	"0.25"	"0.01"	"0.005"	"0.01"	"100000"	"10000"	"200"	"310985191353555538"	10	"slope"	-0.0001837034015
"0.25"	"0.6"	"0.25"	"0.01"	"0.005"	"0.01"	"100000"	"10000"	"200"	"310985191353555538"	10	"intercept"	0.499979
"0.25"	"0.6"	"0.25"	"0.01"	"0.005"	"0.01"	"100000"	"10000"	"200"	"310985191353555538"	5000	"slope"	-0.1135856365
"0.25"	"0.6"	"0.25"	"0.01"	"0.005"	"0.01"	"100000"	"10000"	"200"	"310985191353555538"	5000	"intercept"	0.4502257
"0.25"	"0.6"	"0.25"	"0.01"	"0.005"	"0.01"	"100000"	"10000"	"200"	"310985191353555538"	10000	"slope"	-0.282014495
"0.25"	"0.6"	"0.25"	"0.01"	"0.005"	"0.01"	"100000"	"10000"	"200"	"310985191353555538"	10000	"intercept"	0.53956964
"0.25"	"0.6"	"0.25"	"0.01"	"0.005"	"0.01"	"100000"	"10000"	"200"	"310985191353555538"	15000	"slope"	-0.352111475
"0.25"	"0.6"	"0.25"	"0.01"	"0.005"	"0.01"	"100000"	"10000"	"200"	"310985191353555538"	15000	"intercept"	0.59070135
"0.25"	"0.6"	"0.25"	"0.01"	"0.005"	"0.01"	"100000"	"10000"	"200"	"310985191353555538"	20000	"slope"	-0.427612205
"0.25"	"0.6"	"0.25"	"0.01"	"0.005"	"0.01"	"100000"	"10000"	"200"	"310985191353555538"	20000	"intercept"	0.64037967
"0.25"	"0.6"	"0.25"	"0.01"	"0.005"	"0.01"	"100000"	"10000"	"200"	"310985191353555538"	25000	"slope"	-0.463676155
"0.25"	"0.6"	"0.25"	"0.01"	"0.005"	"0.01"	"100000"	"10000"	"200"	"310985191353555538"	25000	"intercept"	0.65921103
"0.25"	"0.6"	"0.25"	"0.01"	"0.005"	"0.01"	"100000"	"10000"	"200"	"310985191353555538"	30000	"slope"	-0.4922627
"0.25"	"0.6"	"0.25"	"0.01"	"0.005"	"0.01"	"100000"	"10000"	"200"	"310985191353555538"	30000	"intercept"	0.68341011
"0.25"	"0.6"	"0.25"	"0.01"	"0.005"	"0.01"	"100000"	"10000"	"200"	"310985191353555538"	35000	"slope"	-0.538132785
"0.25"	"0.6"	"0.25"	"0.01"	"0.005"	"0.01"	"100000"	"10000"	"200"	"310985191353555538"	35000	"intercept"	0.720720765
"0.25"	"0.6"	"0.25"	"0.01"	"0.005"	"0.01"	"100000"	"10000"	"200"	"310985191353555538"	40000	"slope"	-0.601732855
"0.25"	"0.6"	"0.25"	"0.01"	"0.005"	"0.01"	"100000"	"10000"	"200"	"310985191353555538"	40000	"intercept"	0.75982209
"0.25"	"0.6"	"0.25"	"0.01"	"0.005"	"0.01"	"100000"	"10000"	"200"	"310985191353555538"	45000	"slope"	-0.56092959
"0.25"	"0.6"	"0.25"	"0.01"	"0.005"	"0.01"	"100000"	"10000"	"200"	"310985191353555538"	45000	"intercept"	0.724020635
"0.25"	"0.6"	"0.25"	"0.01"	"0.005"	"0.01"	"100000"	"10000"	"200"	"310985191353555538"	50000	"slope"	-0.564698445
"0.25"	"0.6"	"0.25"	"0.01"	"0.005"	"0.01"	"100000"	"10000"	"200"	"310985191353555538"	50000	"intercept"	0.736275575
"0.25"	"0.6"	"0.25"	"0.01"	"0.005"	"0.01"	"100000"	"10000"	"200"	"310985191353555538"	55000	"slope"	-0.5465161
"0.25"	"0.6"	"0.25"	"0.01"	"0.005"	"0.01"	"100000"	"10000"	"200"	"310985191353555538"	55000	"intercept"	0.722136255
"0.25"	"0.6"	"0.25"	"0.01"	"0.005"	"0.01"	"100000"	"10000"	"200"	"310985191353555538"	60000	"slope"	-0.55292218
"0.25"	"0.6"	"0.25"	"0.01"	"0.005"	"0.01"	"100000"	"10000"	"200"	"310985191353555538"	60000	"intercept"	0.73026964
"0.25"	"0.6"	"0.25"	"0.01"	"0.005"	"0.01"	"100000"	"10000"	"200"	"310985191353555538"	65000	"slope"	-0.593793415
"0.25"	"0.6"	"0.25"	"0.01"	"0.005"	"0.01"	"100000"	"10000"	"200"	"310985191353555538"	65000	"intercept"	0.75740757
"0.25"	"0.6"	"0.25"	"0.01"	"0.005"	"0.01"	"100000"	"10000"	"200"	"310985191353555538"	70000	"slope"	-0.60529037
"0.25"	"0.6"	"0.25"	"0.01"	"0.005"	"0.01"	"100000"	"10000"	"200"	"310985191353555538"	70000	"intercept"	0.765476295
"0.25"	"0.6"	"0.25"	"0.01"	"0.005"	"0.01"	"100000"	"10000"	"200"	"310985191353555538"	75000	"slope"	-0.61650857
"0.25"	"0.6"	"0.25"	"0.01"	"0.005"	"0.01"	"100000"	"10000"	"200"	"310985191353555538"	75000	"intercept"	0.76467986
"0.25"	"0.6"	"0.25"	"0.01"	"0.005"	"0.01"	"100000"	"10000"	"200"	"310985191353555538"	80000	"slope"	-0.61806182
"0.25"	"0.6"	"0.25"	"0.01"	"0.005"	"0.01"	"100000"	"10000"	"200"	"310985191353555538"	80000	"intercept"	0.77190053
"0.25"	"0.6"	"0.25"	"0.01"	"0.005"	"0.01"	"100000"	"10000"	"200"	"310985191353555538"	85000	"slope"	-0.58414375
"0.25"	"0.6"	"0.25"	"0.01"	"0.005"	"0.01"	"100000"	"10000"	"200"	"310985191353555538"	85000	"intercept"	0.746696565
"0.25"	"0.6"	"0.25"	"0.01"	"0.005"	"0.01"	"100000"	"10000"	"200"	"310985191353555538"	90000	"slope"	-0.559854615
"0.25"	"0.6"	"0.25"	"0.01"	"0.005"	"0.01"	"100000"	"10000"	"200"	"310985191353555538"	90000	"intercept"	0.728286255
"0.25"	"0.6"	"0.25"	"0.01"	"0.005"	"0.01"	"100000"	"10000"	"200"	"310985191353555538"	95000	"slope"	-0.593968185
"0.25"	"0.6"	"0.25"	"0.01"	"0.005"	"0.01"	"100000"	"10000"	"200"	"310985191353555538"	95000	"intercept"	0.76476781
"0.25"	"0.6"	"0.25"	"0.01"	"0.005"	"0.01"	"100000"	"10000"	"200"	"310985191353555538"	100000	"slope"	-0.59702989
"0.25"	"0.6"	"0.25"	"0.01"	"0.005"	"0.01"	"100000"	"10000"	"200"	"310985191353555538"	100000	"intercept"	0.76437921
"0.25"	"0.6"	"0.25"	"0.01"	"0.005"	"0.01"	"100000"	"10000"	"200"	"5033189855845618447"	10	"slope"	1.9404585e-05
"0.25"	"0.6"	"0.25"	"0.01"	"0.005"	"0.01"	"100000"	"10000"	"200"	"5033189855845618447"	10	"intercept"	0.499913745
"0.25"	"0.6"	"0.25"	"0.01"	"0.005"	"0.01"	"100000"	"10000"	"200"	"5033189855845618447"	5000	"slope"	-0.1650131645
"0.25"	"0.6"	"0.25"	"0.01"	"0.005"	"0.01"	"100000"	"10000"	"200"	"5033189855845618447"	5000	"intercept"	0.46901643
"0.25"	"0.6"	"0.25"	"0.01"	"0.005"	"0.01"	"100000"	"10000"	"200"	"5033189855845618447"	10000	"slope"	-0.29965764
"0.25"	"0.6"	"0.25"	"0.01"	"0.005"	"0.01"	"100000"	"10000"	"200"	"5033189855845618447"	10000	"intercept"	0.548632445
"0.25"	"0.6"	"0.25"	"0.01"	"0.005"	"0.01"	"100000"	"10000"	"200"	"5033189855845618447"	15000	"slope"	-0.371802355
"0.25"	"0.6"	"0.25"	"0.01"	"0.005"	"0.01"	"100000"	"10000"	"200"	"5033189855845618447"	15000	"intercept"	0.60820831
"0.25"	"0.6"	"0.25"	"0.01"	"0.005"	"0.01"	"100000"	"10000"	"200"	"5033189855845618447"	20000	"slope"	-0.449495915
"0.25"	"0.6"	"0.25"	"0.01"	"0.005"	"0.01"	"100000"	"10000"	"200"	"5033189855845618447"	20000	"intercept"	0.65729497
"0.25"	"0.6"	"0.25"	"0.01"	"0.005"	"0.01"	"100000"	"10000"	"200"	"5033189855845618447"	25000	"slope"	-0.50248735
"0.25"	"0.6"	"0.25"	"0.01"	"0.005"	"0.01"	"100000"	"10000"	"200"	"5033189855845618447"	25000	"intercept"	0.68857233
"0.25"	"0.6"	"0.25"	"0.01"	"0.005"	"0.01"	"100000"	"10000"	"200"	"5033189855845618447"	30000	"slope"	-0.518246025
"0.25"	"0.6"	"0.25"	"0.01"	"0.005"	"0.01"	"100000"	"10000"	"200"	"5033189855845618447"	30000	"intercept"	0.696150625
"0.25"	"0.6"	"0.25"	"0.01"	"0.005"	"0.01"	"100000"	"10000"	"200"	"5033189855845618447"	35000	"slope"	-0.54416593
"0.25"	"0.6"	"0.25"	"0.01"	"0.005"	"0.01"	"100000"	"10000"	"200"	"5033189855845618447"	35000	"intercept"	0.720317375
"0.25"	"0.6"	"0.25"	"0.01"	"0.005"	"0.01"	"100000"	"10000"	"200"	"5033189855845618447"	40000	"slope"	-0.574559775
"0.25"	"0.6"	"0.25"	"0.01"	"0.005"	"0.01"	"100000"	"10000"	"200"	"5033189855845618447"	40000	"intercept"	0.741577615
"0.25"	"0.6"	"0.25"	"0.01"	"0.005"	"0.01"	"100000"	"10000"	"200"	"5033189855845618447"	45000	"slope"	-0.58487436
"0.25"	"0.6"	"0.25"	"0.01"	"0.005"	"0.01"	"100000"	"10000"	"200"	"5033189855845618447"	45000	"intercept"	0.74889776
"0.25"	"0.6"	"0.25"	"0.01"	"0.005"	"0.01"	"100000"	"10000"	"200"	"5033189855845618447"	50000	"slope"	-0.614513045
"0.25"	"0.6"	"0.25"	"0.01"	"0.005"	"0.01"	"100000"	"10000"	"200"	"5033189855845618447"	50000	"intercept"	0.77382052
"0.25"	"0.6"	"0.25"	"0.01"	"0.005"	"0.01"	"100000"	"10000"	"200"	"5033189855845618447"	55000	"slope"	-0.597914735
"0.25"	"0.6"	"0.25"	"0.01"	"0.005"	"0.01"	"100000"	"10000"	"200"	"5033189855845618447"	55000	"intercept"	0.75877849
"0.25"	"0.6"	"0.25"	"0.01"	"0.005"	"0.01"	"100000"	"10000"	"200"	"5033189855845618447"	60000	"slope"	-0.558792135
"0.25"	"0.6"	"0.25"	"0.01"	"0.005"	"0.01"	"100000"	"10000"	"200"	"5033189855845618447"	60000	"intercept"	0.72686596
"0.25"	"0.6"	"0.25"	"0.01"	"0.005"	"0.01"	"100000"	"10000"	"200"	"5033189855845618447"	65000	"slope"	-0.561029615
"0.25"	"0.6"	"0.25"	"0.01"	"0.005"	"0.01"	"100000"	"10000"	"200"	"5033189855845618447"	65000	"intercept"	0.72918562
"0.25"	"0.6"	"0.25"	"0.01"	"0.005"	"0.01"	"100000"	"10000"	"200"	"5033189855845618447"	70000	"slope"	-0.579931465
"0.25"	"0.6"	"0.25"	"0.01"	"0.005"	"0.01"	"100000"	"10000"	"200"	"5033189855845618447"	70000	"intercept"	0.73405552
"0.25"	"0.6"	"0.25"	"0.01"	"0.005"	"0.01"	"100000"	"10000"	"200"	"5033189855845618447"	75000	"slope"	-0.58443968
"0.25"	"0.6"	"0.25"	"0.01"	"0.005"	"0.01"	"100000"	"10000"	"200"	"5033189855845618447"	75000	"intercept"	0.755989575
"0.25"	"0.6"	"0.25"	"0.01"	"0.005"	"0.01"	"100000"	"10000"	"200"	"5033189855845618447"	80000	"slope"	-0.60119741
"0.25"	"0.6"	"0.25"	"0.01"	"0.005"	"0.01"	"100000"	"10000"	"200"	"5033189855845618447"	80000	"intercept"	0.75740883
"0.25"	"0.6"	"0.25"	"0.01"	"0.005"	"0.01"	"100000"	"10000"	"200"	"5033189855845618447"	85000	"slope"	-0.57555476
"0.25"	"0.6"	"0.25"	"0.01"	"0.005"	"0.01"	"100000"	"10000"	"200"	"5033189855845618447"	85000	"intercept"	0.74231059
"0.25"	"0.6"	"0.25"	"0.01"	"0.005"	"0.01"	"100000"	"10000"	"200"	"5033189855845618447"	90000	"slope"	-0.595866945
"0.25"	"0.6"	"0.25"	"0.01"	"0.005"	"0.01"	"100000"	"10000"	"200"	"5033189855845618447"	90000	"intercept"	0.761099195
"0.25"	"0.6"	"0.25"	"0.01"	"0.005"	"0.01"	"100000"	"10000"	"200"	"5033189855845618447"	95000	"slope"	-0.538058045
"0.25"	"0.6"	"0.25"	"0.01"	"0.005"	"0.01"	"100000"	"10000"	"200"	"5033189855845618447"	95000	"intercept"	0.71381592
"0.25"	"0.6"	"0.25"	"0.01"	"0.005"	"0.01"	"100000"	"10000"	"200"	"5033189855845618447"	100000	"slope"	-0.521361925
"0.25"	"0.6"	"0.25"	"0.01"	"0.005"	"0.01"	"100000"	"10000"	"200"	"5033189855845618447"	100000	"intercept"	0.698448195
"0.25"	"0.8"	"0.25"	"0.01"	"0.005"	"0.01"	"100000"	"10000"	"200"	"2994229662855449233"	10	"slope"	-1.8421885e-05
"0.25"	"0.8"	"0.25"	"0.01"	"0.005"	"0.01"	"100000"	"10000"	"200"	"2994229662855449233"	10	"intercept"	0.49996615
"0.25"	"0.8"	"0.25"	"0.01"	"0.005"	"0.01"	"100000"	"10000"	"200"	"2994229662855449233"	5000	"slope"	-0.170697865
"0.25"	"0.8"	"0.25"	"0.01"	"0.005"	"0.01"	"100000"	"10000"	"200"	"2994229662855449233"	5000	"intercept"	0.47805534
"0.25"	"0.8"	"0.25"	"0.01"	"0.005"	"0.01"	"100000"	"10000"	"200"	"2994229662855449233"	10000	"slope"	-0.283021935
"0.25"	"0.8"	"0.25"	"0.01"	"0.005"	"0.01"	"100000"	"10000"	"200"	"2994229662855449233"	10000	"intercept"	0.53360999
"0.25"	"0.8"	"0.25"	"0.01"	"0.005"	"0.01"	"100000"	"10000"	"200"	"2994229662855449233"	15000	"slope"	-0.38873781
"0.25"	"0.8"	"0.25"	"0.01"	"0.005"	"0.01"	"100000"	"10000"	"200"	"2994229662855449233"	15000	"intercept"	0.603551605
"0.25"	"0.8"	"0.25"	"0.01"	"0.005"	"0.01"	"100000"	"10000"	"200"	"2994229662855449233"	20000	"slope"	-0.464982335
"0.25"	"0.8"	"0.25"	"0.01"	"0.005"	"0.01"	"100000"	"10000"	"200"	"2994229662855449233"	20000	"intercept"	0.652462515
"0.25"	"0.8"	"0.25"	"0.01"	"0.005"	"0.01"	"100000"	"10000"	"200"	"2994229662855449233"	25000	"slope"	-0.49783674
"0.25"	"0.8"	"0.25"	"0.01"	"0.005"	"0.01"	"100000"	"10000"	"200"	"2994229662855449233"	25000	"intercept"	0.6805081
"0.25"	"0.8"	"0.25"	"0.01"	"0.005"	"0.01"	"100000"	"10000"	"200"	"2994229662855449233"	30000	"slope"	-0.54806486
"0.25"	"0.8"	"0.25"	"0.01"	"0.005"	"0.01"	"100000"	"10000"	"200"	"2994229662855449233"	30000	"intercept"	0.70796207
"0.25"	"0.8"	"0.25"	"0.01"	"0.005"	"0.01"	"100000"	"10000"	"200"	"2994229662855449233"	35000	"slope"	-0.567439405
"0.25"	"0.8"	"0.25"	"0.01"	"0.005"	"0.01"	"100000"	"10000"	"200"	"2994229662855449233"	35000	"intercept"	0.717565925
"0.25"	"0.8"	"0.25"	"0.01"	"0.005"	"0.01"	"100000"	"10000"	"200"	"2994229662855449233"	40000	"slope"	-0.64182612
"0.25"	"0.8"	"0.25"	"0.01"	"0.005"	"0.01"	"100000"	"10000"	"200"	"2994229662855449233"	40000	"intercept"	0.77337649
"0.25"	"0.8"	"0.25"	"0.01"	"0.005"	"0.01"	"100000"	"10000"	"200"	"2994229662855449233"	45000	"slope"	-0.62096234
"0.25"	"0.8"	"0.25"	"0.01"	"0.005"	"0.01"	"100000"	"10000"	"200"	"2994229662855449233"	45000	"intercept"	0.77066974
"0.25"	"0.8"	"0.25"	"0.01"	"0.005"	"0.01"	"100000"	"10000"	"200"	"2994229662855449233"	50000	"slope"	-0.651857665
"0.25"	"0.8"	"0.25"	"0.01"	"0.005"	"0.01"	"100000"	"10000"	"200"	"2994229662855449233"	50000	"intercept"	0.78028475
"0.25"	"0.8"	"0.25"	"0.01"	"0.005"	"0.01"	"100000"	"10000"	"200"	"2994229662855449233"	55000	"slope"	-0.687601865
"0.25"	"0.8"	"0.25"	"0.01"	"0.005"	"0.01"	"100000"	"10000"	"200"	"2994229662855449233"	55000	"intercept"	0.813001875
"0.25"	"0.8"	"0.25"	"0.01"	"0.005"	"0.01"	"100000"	"10000"	"200"	"2994229662855449233"	60000	"slope"	-0.673393655
"0.25"	"0.8"	"0.25"	"0.01"	"0.005"	"0.01"	"100000"	"10000"	"200"	"2994229662855449233"	60000	"intercept"	0.797715775
"0.25"	"0.8"	"0.25"	"0.01"	"0.005"	"0.01"	"100000"	"10000"	"200"	"2994229662855449233"	65000	"slope"	-0.674925845
"0.25"	"0.8"	"0.25"	"0.01"	"0.005"	"0.01"	"100000"	"10000"	"200"	"2994229662855449233"	65000	"intercept"	0.80259415
"0.25"	"0.8"	"0.25"	"0.01"	"0.005"	"0.01"	"100000"	"10000"	"200"	"2994229662855449233"	70000	"slope"	-0.699421485
"0.25"	"0.8"	"0.25"	"0.01"	"0.005"	"0.01"	"100000"	"10000"	"200"	"2994229662855449233"	70000	"intercept"	0.816769885
"0.25"	"0.8"	"0.25"	"0.01"	"0.005"	"0.01"	"100000"	"10000"	"200"	"2994229662855449233"	75000	"slope"	-0.68720123
"0.25"	"0.8"	"0.25"	"0.01"	"0.005"	"0.01"	"100000"	"10000"	"200"	"2994229662855449233"	75000	"intercept"	0.808669465
"0.25"	"0.8"	"0.25"	"0.01"	"0.005"	"0.01"	"100000"	"10000"	"200"	"2994229662855449233"	80000	"slope"	-0.6725994
"0.25"	"0.8"	"0.25"	"0.01"	"0.005"	"0.01"	"100000"	"10000"	"200"	"2994229662855449233"	80000	"intercept"	0.80116557
"0.25"	"0.8"	"0.25"	"0.01"	"0.005"	"0.01"	"100000"	"10000"	"200"	"2994229662855449233"	85000	"slope"	-0.672235855
"0.25"	"0.8"	"0.25"	"0.01"	"0.005"	"0.01"	"100000"	"10000"	"200"	"2994229662855449233"	85000	"intercept"	0.80088702
"0.25"	"0.8"	"0.25"	"0.01"	"0.005"	"0.01"	"100000"	"10000"	"200"	"2994229662855449233"	90000	"slope"	-0.700582765
"0.25"	"0.8"	"0.25"	"0.01"	"0.005"	"0.01"	"100000"	"10000"	"200"	"2994229662855449233"	90000	"intercept"	0.821517025
"0.25"	"0.8"	"0.25"	"0.01"	"0.005"	"0.01"	"100000"	"10000"	"200"	"2994229662855449233"	95000	"slope"	-0.71455971
"0.25"	"0.8"	"0.25"	"0.01"	"0.005"	"0.01"	"100000"	"10000"	"200"	"2994229662855449233"	95000	"intercept"	0.82228084
"0.25"	"0.8"	"0.25"	"0.01"	"0.005"	"0.01"	"100000"	"10000"	"200"	"2994229662855449233"	100000	"slope"	-0.685550985
"0.25"	"0.8"	"0.25"	"0.01"	"0.005"	"0.01"	"100000"	"10000"	"200"	"2994229662855449233"	100000	"intercept"	0.804199745
"0.25"	"0.8"	"0.25"	"0.01"	"0.005"	"0.01"	"100000"	"10000"	"200"	"8701112260926586204"	10	"slope"	8.6342515e-05
"0.25"	"0.8"	"0.25"	"0.01"	"0.005"	"0.01"	"100000"	"10000"	"200"	"8701112260926586204"	10	"intercept"	0.500010625
"0.25"	"0.8"	"0.25"	"0.01"	"0.005"	"0.01"	"100000"	"10000"	"200"	"8701112260926586204"	5000	"slope"	-0.163445502
"0.25"	"0.8"	"0.25"	"0.01"	"0.005"	"0.01"	"100000"	"10000"	"200"	"8701112260926586204"	5000	"intercept"	0.46729574
"0.25"	"0.8"	"0.25"	"0.01"	"0.005"	"0.01"	"100000"	"10000"	"200"	"8701112260926586204"	10000	"slope"	-0.25474424
"0.25"	"0.8"	"0.25"	"0.01"	"0.005"	"0.01"	"100000"	"10000"	"200"	"8701112260926586204"	10000	"intercept"	0.516270365
"0.25"	"0.8"	"0.25"	"0.01"	"0.005"	"0.01"	"100000"	"10000"	"200"	"8701112260926586204"	15000	"slope"	-0.40431412
"0.25"	"0.8"	"0.25"	"0.01"	"0.005"	"0.01"	"100000"	"10000"	"200"	"8701112260926586204"	15000	"intercept"	0.621247225
"0.25"	"0.8"	"0.25"	"0.01"	"0.005"	"0.01"	"100000"	"10000"	"200"	"8701112260926586204"	20000	"slope"	-0.53364348
"0.25"	"0.8"	"0.25"	"0.01"	"0.005"	"0.01"	"100000"	"10000"	"200"	"8701112260926586204"	20000	"intercept"	0.710141225
"0.25"	"0.8"	"0.25"	"0.01"	"0.005"	"0.01"	"100000"	"10000"	"200"	"8701112260926586204"	25000	"slope"	-0.603780955
"0.25"	"0.8"	"0.25"	"0.01"	"0.005"	"0.01"	"100000"	"10000"	"200"	"8701112260926586204"	25000	"intercept"	0.7517483
"0.25"	"0.8"	"0.25"	"0.01"	"0.005"	"0.01"	"100000"	"10000"	"200"	"8701112260926586204"	30000	"slope"	-0.63419563
"0.25"	"0.8"	"0.25"	"0.01"	"0.005"	"0.01"	"100000"	"10000"	"200"	"8701112260926586204"	30000	"intercept"	0.77089428
"0.25"	"0.8"	"0.25"	"0.01"	"0.005"	"0.01"	"100000"	"10000"	"200"	"8701112260926586204"	35000	"slope"	-0.64782568
"0.25"	"0.8"	"0.25"	"0.01"	"0.005"	"0.01"	"100000"	"10000"	"200"	"8701112260926586204"	35000	"intercept"	0.776300125
"0.25"	"0.8"	"0.25"	"0.01"	"0.005"	"0.01"	"100000"	"10000"	"200"	"8701112260926586204"	40000	"slope"	-0.65434447
"0.25"	"0.8"	"0.25"	"0.01"	"0.005"	"0.01"	"100000"	"10000"	"200"	"8701112260926586204"	40000	"intercept"	0.785880475
"0.25"	"0.8"	"0.25"	"0.01"	"0.005"	"0.01"	"100000"	"10000"	"200"	"8701112260926586204"	45000	"slope"	-0.648287295
"0.25"	"0.8"	"0.25"	"0.01"	"0.005"	"0.01"	"100000"	"10000"	"200"	"8701112260926586204"	45000	"intercept"	0.782960405
"0.25"	"0.8"	"0.25"	"0.01"	"0.005"	"0.01"	"100000"	"10000"	"200"	"8701112260926586204"	50000	"slope"	-0.62853268
"0.25"	"0.8"	"0.25"	"0.01"	"0.005"	"0.01"	"100000"	"10000"	"200"	"8701112260926586204"	50000	"intercept"	0.762122285
"0.25"	"0.8"	"0.25"	"0.01"	"0.005"	"0.01"	"100000"	"10000"	"200"	"8701112260926586204"	55000	"slope"	-0.646916735
"0.25"	"0.8"	"0.25"	"0.01"	"0.005"	"0.01"	"100000"	"10000"	"200"	"8701112260926586204"	55000	"intercept"	0.776617955
"0.25"	"0.8"	"0.25"	"0.01"	"0.005"	"0.01"	"100000"	"10000"	"200"	"8701112260926586204"	60000	"slope"	-0.63249763
"0.25"	"0.8"	"0.25"	"0.01"	"0.005"	"0.01"	"100000"	"10000"	"200"	"8701112260926586204"	60000	"intercept"	0.767226575
"0.25"	"0.8"	"0.25"	"0.01"	"0.005"	"0.01"	"100000"	"10000"	"200"	"8701112260926586204"	65000	"slope"	-0.63697392
"0.25"	"0.8"	"0.25"	"0.01"	"0.005"	"0.01"	"100000"	"10000"	"200"	"8701112260926586204"	65000	"intercept"	0.77017015
"0.25"	"0.8"	"0.25"	"0.01"	"0.005"	"0.01"	"100000"	"10000"	"200"	"8701112260926586204"	70000	"slope"	-0.651819925
"0.25"	"0.8"	"0.25"	"0.01"	"0.005"	"0.01"	"100000"	"10000"	"200"	"8701112260926586204"	70000	"intercept"	0.77907939
"0.25"	"0.8"	"0.25"	"0.01"	"0.005"	"0.01"	"100000"	"10000"	"200"	"8701112260926586204"	75000	"slope"	-0.67625333
"0.25"	"0.8"	"0.25"	"0.01"	"0.005"	"0.01"	"100000"	"10000"	"200"	"8701112260926586204"	75000	"intercept"	0.804395375
"0.25"	"0.8"	"0.25"	"0.01"	"0.005"	"0.01"	"100000"	"10000"	"200"	"8701112260926586204"	80000	"slope"	-0.689253955
"0.25"	"0.8"	"0.25"	"0.01"	"0.005"	"0.01"	"100000"	"10000"	"200"	"8701112260926586204"	80000	"intercept"	0.80573808
"0.25"	"0.8"	"0.25"	"0.01"	"0.005"	"0.01"	"100000"	"10000"	"200"	"8701112260926586204"	85000	"slope"	-0.66611624
"0.25"	"0.8"	"0.25"	"0.01"	"0.005"	"0.01"	"100000"	"10000"	"200"	"8701112260926586204"	85000	"intercept"	0.790929085
"0.25"	"0.8"	"0.25"	"0.01"	"0.005"	"0.01"	"100000"	"10000"	"200"	"8701112260926586204"	90000	"slope"	-0.65601806
"0.25"	"0.8"	"0.25"	"0.01"	"0.005"	"0.01"	"100000"	"10000"	"200"	"8701112260926586204"	90000	"intercept"	0.7950798
"0.25"	"0.8"	"0.25"	"0.01"	"0.005"	"0.01"	"100000"	"10000"	"200"	"8701112260926586204"	95000	"slope"	-0.64299267
"0.25"	"0.8"	"0.25"	"0.01"	"0.005"	"0.01"	"100000"	"10000"	"200"	"8701112260926586204"	95000	"intercept"	0.769710035
"0.25"	"0.8"	"0.25"	"0.01"	"0.005"	"0.01"	"100000"	"10000"	"200"	"8701112260926586204"	100000	"slope"	-0.64762054
"0.25"	"0.8"	"0.25"	"0.01"	"0.005"	"0.01"	"100000"	"10000"	"200"	"8701112260926586204"	100000	"intercept"	0.780342605
"0.25"	"0.8"	"0.25"	"0.01"	"0.005"	"0.01"	"100000"	"10000"	"200"	"8761397016580712531"	10	"slope"	8.0616735e-05
"0.25"	"0.8"	"0.25"	"0.01"	"0.005"	"0.01"	"100000"	"10000"	"200"	"8761397016580712531"	10	"intercept"	0.499968555
"0.25"	"0.8"	"0.25"	"0.01"	"0.005"	"0.01"	"100000"	"10000"	"200"	"8761397016580712531"	5000	"slope"	-0.1841582745
"0.25"	"0.8"	"0.25"	"0.01"	"0.005"	"0.01"	"100000"	"10000"	"200"	"8761397016580712531"	5000	"intercept"	0.47866757
"0.25"	"0.8"	"0.25"	"0.01"	"0.005"	"0.01"	"100000"	"10000"	"200"	"8761397016580712531"	10000	"slope"	-0.270254225
"0.25"	"0.8"	"0.25"	"0.01"	"0.005"	"0.01"	"100000"	"10000"	"200"	"8761397016580712531"	10000	"intercept"	0.527644445
"0.25"	"0.8"	"0.25"	"0.01"	"0.005"	"0.01"	"100000"	"10000"	"200"	"8761397016580712531"	15000	"slope"	-0.369764415
"0.25"	"0.8"	"0.25"	"0.01"	"0.005"	"0.01"	"100000"	"10000"	"200"	"8761397016580712531"	15000	"intercept"	0.5877229
"0.25"	"0.8"	"0.25"	"0.01"	"0.005"	"0.01"	"100000"	"10000"	"200"	"8761397016580712531"	20000	"slope"	-0.462139955
"0.25"	"0.8"	"0.25"	"0.01"	"0.005"	"0.01"	"100000"	"10000"	"200"	"8761397016580712531"	20000	"intercept"	0.657303045
"0.25"	"0.8"	"0.25"	"0.01"	"0.005"	"0.01"	"100000"	"10000"	"200"	"8761397016580712531"	25000	"slope"	-0.551723065
"0.25"	"0.8"	"0.25"	"0.01"	"0.005"	"0.01"	"100000"	"10000"	"200"	"8761397016580712531"	25000	"intercept"	0.71034793
"0.25"	"0.8"	"0.25"	"0.01"	"0.005"	"0.01"	"100000"	"10000"	"200"	"8761397016580712531"	30000	"slope"	-0.5739863
"0.25"	"0.8"	"0.25"	"0.01"	"0.005"	"0.01"	"100000"	"10000"	"200"	"8761397016580712531"	30000	"intercept"	0.728789095
"0.25"	"0.8"	"0.25"	"0.01"	"0.005"	"0.01"	"100000"	"10000"	"200"	"8761397016580712531"	35000	"slope"	-0.63139423
"0.25"	"0.8"	"0.25"	"0.01"	"0.005"	"0.01"	"100000"	"10000"	"200"	"8761397016580712531"	35000	"intercept"	0.76310003
"0.25"	"0.8"	"0.25"	"0.01"	"0.005"	"0.01"	"100000"	"10000"	"200"	"8761397016580712531"	40000	"slope"	-0.62343618
"0.25"	"0.8"	"0.25"	"0.01"	"0.005"	"0.01"	"100000"	"10000"	"200"	"8761397016580712531"	40000	"intercept"	0.76101005
"0.25"	"0.8"	"0.25"	"0.01"	"0.005"	"0.01"	"100000"	"10000"	"200"	"8761397016580712531"	45000	"slope"	-0.651709335
"0.25"	"0.8"	"0.25"	"0.01"	"0.005"	"0.01"	"100000"	"10000"	"200"	"8761397016580712531"	45000	"intercept"	0.787127565
"0.25"	"0.8"	"0.25"	"0.01"	"0.005"	"0.01"	"100000"	"10000"	"200"	"8761397016580712531"	50000	"slope"	-0.66087421
"0.25"	"0.8"	"0.25"	"0.01"	"0.005"	"0.01"	"100000"	"10000"	"200"	"8761397016580712531"	50000	"intercept"	0.78545772
"0.25"	"0.8"	"0.25"	"0.01"	"0.005"	"0.01"	"100000"	"10000"	"200"	"8761397016580712531"	55000	"slope"	-0.633768385
"0.25"	"0.8"	"0.25"	"0.01"	"0.005"	"0.01"	"100000"	"10000"	"200"	"8761397016580712531"	55000	"intercept"	0.76976309
"0.25"	"0.8"	"0.25"	"0.01"	"0.005"	"0.01"	"100000"	"10000"	"200"	"8761397016580712531"	60000	"slope"	-0.63309005
"0.25"	"0.8"	"0.25"	"0.01"	"0.005"	"0.01"	"100000"	"10000"	"200"	"8761397016580712531"	60000	"intercept"	0.768411645
"0.25"	"0.8"	"0.25"	"0.01"	"0.005"	"0.01"	"100000"	"10000"	"200"	"8761397016580712531"	65000	"slope"	-0.64079459
"0.25"	"0.8"	"0.25"	"0.01"	"0.005"	"0.01"	"100000"	"10000"	"200"	"8761397016580712531"	65000	"intercept"	0.7727389
"0.25"	"0.8"	"0.25"	"0.01"	"0.005"	"0.01"	"100000"	"10000"	"200"	"8761397016580712531"	70000	"slope"	-0.62857367
"0.25"	"0.8"	"0.25"	"0.01"	"0.005"	"0.01"	"100000"	"10000"	"200"	"8761397016580712531"	70000	"intercept"	0.77278759
"0.25"	"0.8"	"0.25"	"0.01"	"0.005"	"0.01"	"100000"	"10000"	"200"	"8761397016580712531"	75000	"slope"	-0.63995954
"0.25"	"0.8"	"0.25"	"0.01"	"0.005"	"0.01"	"100000"	"10000"	"200"	"8761397016580712531"	75000	"intercept"	0.774386175
"0.25"	"0.8"	"0.25"	"0.01"	"0.005"	"0.01"	"100000"	"10000"	"200"	"8761397016580712531"	80000	"slope"	-0.624741695
"0.25"	"0.8"	"0.25"	"0.01"	"0.005"	"0.01"	"100000"	"10000"	"200"	"8761397016580712531"	80000	"intercept"	0.76216143
"0.25"	"0.8"	"0.25"	"0.01"	"0.005"	"0.01"	"100000"	"10000"	"200"	"8761397016580712531"	85000	"slope"	-0.62551034
"0.25"	"0.8"	"0.25"	"0.01"	"0.005"	"0.01"	"100000"	"10000"	"200"	"8761397016580712531"	85000	"intercept"	0.759840895
"0.25"	"0.8"	"0.25"	"0.01"	"0.005"	"0.01"	"100000"	"10000"	"200"	"8761397016580712531"	90000	"slope"	-0.66550294
"0.25"	"0.8"	"0.25"	"0.01"	"0.005"	"0.01"	"100000"	"10000"	"200"	"8761397016580712531"	90000	"intercept"	0.79851726
"0.25"	"0.8"	"0.25"	"0.01"	"0.005"	"0.01"	"100000"	"10000"	"200"	"8761397016580712531"	95000	"slope"	-0.63680258
"0.25"	"0.8"	"0.25"	"0.01"	"0.005"	"0.01"	"100000"	"10000"	"200"	"8761397016580712531"	95000	"intercept"	0.78512452
"0.25"	"0.8"	"0.25"	"0.01"	"0.005"	"0.01"	"100000"	"10000"	"200"	"8761397016580712531"	100000	"slope"	-0.68288706
"0.25"	"0.8"	"0.25"	"0.01"	"0.005"	"0.01"	"100000"	"10000"	"200"	"8761397016580712531"	100000	"intercept"	0.808368095
"0.35"	"0.0"	"0.25"	"0.01"	"0.005"	"0.01"	"100000"	"10000"	"200"	"1944313950688469882"	10	"slope"	-3.319597e-05
"0.35"	"0.0"	"0.25"	"0.01"	"0.005"	"0.01"	"100000"	"10000"	"200"	"1944313950688469882"	10	"intercept"	0.4999111
"0.35"	"0.0"	"0.25"	"0.01"	"0.005"	"0.01"	"100000"	"10000"	"200"	"1944313950688469882"	5000	"slope"	-0.0995989957
"0.35"	"0.0"	"0.25"	"0.01"	"0.005"	"0.01"	"100000"	"10000"	"200"	"1944313950688469882"	5000	"intercept"	0.514765925
"0.35"	"0.0"	"0.25"	"0.01"	"0.005"	"0.01"	"100000"	"10000"	"200"	"1944313950688469882"	10000	"slope"	-0.218488475
"0.35"	"0.0"	"0.25"	"0.01"	"0.005"	"0.01"	"100000"	"10000"	"200"	"1944313950688469882"	10000	"intercept"	0.577315135
"0.35"	"0.0"	"0.25"	"0.01"	"0.005"	"0.01"	"100000"	"10000"	"200"	"1944313950688469882"	15000	"slope"	-0.236031995
"0.35"	"0.0"	"0.25"	"0.01"	"0.005"	"0.01"	"100000"	"10000"	"200"	"1944313950688469882"	15000	"intercept"	0.59305224
"0.35"	"0.0"	"0.25"	"0.01"	"0.005"	"0.01"	"100000"	"10000"	"200"	"1944313950688469882"	20000	"slope"	-0.25389718
"0.35"	"0.0"	"0.25"	"0.01"	"0.005"	"0.01"	"100000"	"10000"	"200"	"1944313950688469882"	20000	"intercept"	0.591349765
"0.35"	"0.0"	"0.25"	"0.01"	"0.005"	"0.01"	"100000"	"10000"	"200"	"1944313950688469882"	25000	"slope"	-0.29198918
"0.35"	"0.0"	"0.25"	"0.01"	"0.005"	"0.01"	"100000"	"10000"	"200"	"1944313950688469882"	25000	"intercept"	0.624676735
"0.35"	"0.0"	"0.25"	"0.01"	"0.005"	"0.01"	"100000"	"10000"	"200"	"1944313950688469882"	30000	"slope"	-0.29350174
"0.35"	"0.0"	"0.25"	"0.01"	"0.005"	"0.01"	"100000"	"10000"	"200"	"1944313950688469882"	30000	"intercept"	0.627747635
"0.35"	"0.0"	"0.25"	"0.01"	"0.005"	"0.01"	"100000"	"10000"	"200"	"1944313950688469882"	35000	"slope"	-0.310959515
"0.35"	"0.0"	"0.25"	"0.01"	"0.005"	"0.01"	"100000"	"10000"	"200"	"1944313950688469882"	35000	"intercept"	0.63724119
"0.35"	"0.0"	"0.25"	"0.01"	"0.005"	"0.01"	"100000"	"10000"	"200"	"1944313950688469882"	40000	"slope"	-0.316201925
"0.35"	"0.0"	"0.25"	"0.01"	"0.005"	"0.01"	"100000"	"10000"	"200"	"1944313950688469882"	40000	"intercept"	0.632334475
"0.35"	"0.0"	"0.25"	"0.01"	"0.005"	"0.01"	"100000"	"10000"	"200"	"1944313950688469882"	45000	"slope"	-0.35012382
"0.35"	"0.0"	"0.25"	"0.01"	"0.005"	"0.01"	"100000"	"10000"	"200"	"1944313950688469882"	45000	"intercept"	0.657030155
"0.35"	"0.0"	"0.25"	"0.01"	"0.005"	"0.01"	"100000"	"10000"	"200"	"1944313950688469882"	50000	"slope"	-0.398591055
"0.35"	"0.0"	"0.25"	"0.01"	"0.005"	"0.01"	"100000"	"10000"	"200"	"1944313950688469882"	50000	"intercept"	0.69046438
"0.35"	"0.0"	"0.25"	"0.01"	"0.005"	"0.01"	"100000"	"10000"	"200"	"1944313950688469882"	55000	"slope"	-0.3634028
"0.35"	"0.0"	"0.25"	"0.01"	"0.005"	"0.01"	"100000"	"10000"	"200"	"1944313950688469882"	55000	"intercept"	0.666072775
"0.35"	"0.0"	"0.25"	"0.01"	"0.005"	"0.01"	"100000"	"10000"	"200"	"1944313950688469882"	60000	"slope"	-0.356544845
"0.35"	"0.0"	"0.25"	"0.01"	"0.005"	"0.01"	"100000"	"10000"	"200"	"1944313950688469882"	60000	"intercept"	0.66854416
"0.35"	"0.0"	"0.25"	"0.01"	"0.005"	"0.01"	"100000"	"10000"	"200"	"1944313950688469882"	65000	"slope"	-0.3981063
"0.35"	"0.0"	"0.25"	"0.01"	"0.005"	"0.01"	"100000"	"10000"	"200"	"1944313950688469882"	65000	"intercept"	0.689285455
"0.35"	"0.0"	"0.25"	"0.01"	"0.005"	"0.01"	"100000"	"10000"	"200"	"1944313950688469882"	70000	"slope"	-0.322977515
"0.35"	"0.0"	"0.25"	"0.01"	"0.005"	"0.01"	"100000"	"10000"	"200"	"1944313950688469882"	70000	"intercept"	0.64216898
"0.35"	"0.0"	"0.25"	"0.01"	"0.005"	"0.01"	"100000"	"10000"	"200"	"1944313950688469882"	75000	"slope"	-0.32748901
"0.35"	"0.0"	"0.25"	"0.01"	"0.005"	"0.01"	"100000"	"10000"	"200"	"1944313950688469882"	75000	"intercept"	0.64745919
"0.35"	"0.0"	"0.25"	"0.01"	"0.005"	"0.01"	"100000"	"10000"	"200"	"1944313950688469882"	80000	"slope"	-0.36812495
"0.35"	"0.0"	"0.25"	"0.01"	"0.005"	"0.01"	"100000"	"10000"	"200"	"1944313950688469882"	80000	"intercept"	0.67029768
"0.35"	"0.0"	"0.25"	"0.01"	"0.005"	"0.01"	"100000"	"10000"	"200"	"1944313950688469882"	85000	"slope"	-0.353119505
"0.35"	"0.0"	"0.25"	"0.01"	"0.005"	"0.01"	"100000"	"10000"	"200"	"1944313950688469882"	85000	"intercept"	0.65865335
"0.35"	"0.0"	"0.25"	"0.01"	"0.005"	"0.01"	"100000"	"10000"	"200"	"1944313950688469882"	90000	"slope"	-0.33675829
"0.35"	"0.0"	"0.25"	"0.01"	"0.005"	"0.01"	"100000"	"10000"	"200"	"1944313950688469882"	90000	"intercept"	0.65450862
"0.35"	"0.0"	"0.25"	"0.01"	"0.005"	"0.01"	"100000"	"10000"	"200"	"1944313950688469882"	95000	"slope"	-0.33279887
"0.35"	"0.0"	"0.25"	"0.01"	"0.005"	"0.01"	"100000"	"10000"	"200"	"1944313950688469882"	95000	"intercept"	0.64640009
"0.35"	"0.0"	"0.25"	"0.01"	"0.005"	"0.01"	"100000"	"10000"	"200"	"1944313950688469882"	100000	"slope"	-0.31837021
"0.35"	"0.0"	"0.25"	"0.01"	"0.005"	"0.01"	"100000"	"10000"	"200"	"1944313950688469882"	100000	"intercept"	0.64063307
"0.35"	"0.0"	"0.25"	"0.01"	"0.005"	"0.01"	"100000"	"10000"	"200"	"8620889940449796585"	10	"slope"	-8.1109945e-05
"0.35"	"0.0"	"0.25"	"0.01"	"0.005"	"0.01"	"100000"	"10000"	"200"	"8620889940449796585"	10	"intercept"	0.499926805
"0.35"	"0.0"	"0.25"	"0.01"	"0.005"	"0.01"	"100000"	"10000"	"200"	"8620889940449796585"	5000	"slope"	-0.106573999
"0.35"	"0.0"	"0.25"	"0.01"	"0.005"	"0.01"	"100000"	"10000"	"200"	"8620889940449796585"	5000	"intercept"	0.51378378
"0.35"	"0.0"	"0.25"	"0.01"	"0.005"	"0.01"	"100000"	"10000"	"200"	"8620889940449796585"	10000	"slope"	-0.195618775
"0.35"	"0.0"	"0.25"	"0.01"	"0.005"	"0.01"	"100000"	"10000"	"200"	"8620889940449796585"	10000	"intercept"	0.561566845
"0.35"	"0.0"	"0.25"	"0.01"	"0.005"	"0.01"	"100000"	"10000"	"200"	"8620889940449796585"	15000	"slope"	-0.245597055
"0.35"	"0.0"	"0.25"	"0.01"	"0.005"	"0.01"	"100000"	"10000"	"200"	"8620889940449796585"	15000	"intercept"	0.59314763
"0.35"	"0.0"	"0.25"	"0.01"	"0.005"	"0.01"	"100000"	"10000"	"200"	"8620889940449796585"	20000	"slope"	-0.314972725
"0.35"	"0.0"	"0.25"	"0.01"	"0.005"	"0.01"	"100000"	"10000"	"200"	"8620889940449796585"	20000	"intercept"	0.637175095
"0.35"	"0.0"	"0.25"	"0.01"	"0.005"	"0.01"	"100000"	"10000"	"200"	"8620889940449796585"	25000	"slope"	-0.328272985
"0.35"	"0.0"	"0.25"	"0.01"	"0.005"	"0.01"	"100000"	"10000"	"200"	"8620889940449796585"	25000	"intercept"	0.639207615
"0.35"	"0.0"	"0.25"	"0.01"	"0.005"	"0.01"	"100000"	"10000"	"200"	"8620889940449796585"	30000	"slope"	-0.32088103
"0.35"	"0.0"	"0.25"	"0.01"	"0.005"	"0.01"	"100000"	"10000"	"200"	"8620889940449796585"	30000	"intercept"	0.64402633
"0.35"	"0.0"	"0.25"	"0.01"	"0.005"	"0.01"	"100000"	"10000"	"200"	"8620889940449796585"	35000	"slope"	-0.344073715
"0.35"	"0.0"	"0.25"	"0.01"	"0.005"	"0.01"	"100000"	"10000"	"200"	"8620889940449796585"	35000	"intercept"	0.65198546
"0.35"	"0.0"	"0.25"	"0.01"	"0.005"	"0.01"	"100000"	"10000"	"200"	"8620889940449796585"	40000	"slope"	-0.36330449
"0.35"	"0.0"	"0.25"	"0.01"	"0.005"	"0.01"	"100000"	"10000"	"200"	"8620889940449796585"	40000	"intercept"	0.66873204
"0.35"	"0.0"	"0.25"	"0.01"	"0.005"	"0.01"	"100000"	"10000"	"200"	"8620889940449796585"	45000	"slope"	-0.35083475
"0.35"	"0.0"	"0.25"	"0.01"	"0.005"	"0.01"	"100000"	"10000"	"200"	"8620889940449796585"	45000	"intercept"	0.660094295
"0.35"	"0.0"	"0.25"	"0.01"	"0.005"	"0.01"	"100000"	"10000"	"200"	"8620889940449796585"	50000	"slope"	-0.386774555
"0.35"	"0.0"	"0.25"	"0.01"	"0.005"	"0.01"	"100000"	"10000"	"200"	"8620889940449796585"	50000	"intercept"	0.676531775
"0.35"	"0.0"	"0.25"	"0.01"	"0.005"	"0.01"	"100000"	"10000"	"200"	"8620889940449796585"	55000	"slope"	-0.36944699
"0.35"	"0.0"	"0.25"	"0.01"	"0.005"	"0.01"	"100000"	"10000"	"200"	"8620889940449796585"	55000	"intercept"	0.67989334
"0.35"	"0.0"	"0.25"	"0.01"	"0.005"	"0.01"	"100000"	"10000"	"200"	"8620889940449796585"	60000	"slope"	-0.34442871
"0.35"	"0.0"	"0.25"	"0.01"	"0.005"	"0.01"	"100000"	"10000"	"200"	"8620889940449796585"	60000	"intercept"	0.64981499
"0.35"	"0.0"	"0.25"	"0.01"	"0.005"	"0.01"	"100000"	"10000"	"200"	"8620889940449796585"	65000	"slope"	-0.351901325
"0.35"	"0.0"	"0.25"	"0.01"	"0.005"	"0.01"	"100000"	"10000"	"200"	"8620889940449796585"	65000	"intercept"	0.65415457
"0.35"	"0.0"	"0.25"	"0.01"	"0.005"	"0.01"	"100000"	"10000"	"200"	"8620889940449796585"	70000	"slope"	-0.376186125
"0.35"	"0.0"	"0.25"	"0.01"	"0.005"	"0.01"	"100000"	"10000"	"200"	"8620889940449796585"	70000	"intercept"	0.665664315
"0.35"	"0.0"	"0.25"	"0.01"	"0.005"	"0.01"	"100000"	"10000"	"200"	"8620889940449796585"	75000	"slope"	-0.34464012
"0.35"	"0.0"	"0.25"	"0.01"	"0.005"	"0.01"	"100000"	"10000"	"200"	"8620889940449796585"	75000	"intercept"	0.645859845
"0.35"	"0.0"	"0.25"	"0.01"	"0.005"	"0.01"	"100000"	"10000"	"200"	"8620889940449796585"	80000	"slope"	-0.306045425
"0.35"	"0.0"	"0.25"	"0.01"	"0.005"	"0.01"	"100000"	"10000"	"200"	"8620889940449796585"	80000	"intercept"	0.634066445
"0.35"	"0.0"	"0.25"	"0.01"	"0.005"	"0.01"	"100000"	"10000"	"200"	"8620889940449796585"	85000	"slope"	-0.286628075
"0.35"	"0.0"	"0.25"	"0.01"	"0.005"	"0.01"	"100000"	"10000"	"200"	"8620889940449796585"	85000	"intercept"	0.62470771
"0.35"	"0.0"	"0.25"	"0.01"	"0.005"	"0.01"	"100000"	"10000"	"200"	"8620889940449796585"	90000	"slope"	-0.30263105
"0.35"	"0.0"	"0.25"	"0.01"	"0.005"	"0.01"	"100000"	"10000"	"200"	"8620889940449796585"	90000	"intercept"	0.62914985
"0.35"	"0.0"	"0.25"	"0.01"	"0.005"	"0.01"	"100000"	"10000"	"200"	"8620889940449796585"	95000	"slope"	-0.275377885
"0.35"	"0.0"	"0.25"	"0.01"	"0.005"	"0.01"	"100000"	"10000"	"200"	"8620889940449796585"	95000	"intercept"	0.60964424
"0.35"	"0.0"	"0.25"	"0.01"	"0.005"	"0.01"	"100000"	"10000"	"200"	"8620889940449796585"	100000	"slope"	-0.33331607
"0.35"	"0.0"	"0.25"	"0.01"	"0.005"	"0.01"	"100000"	"10000"	"200"	"8620889940449796585"	100000	"intercept"	0.648143535
"0.35"	"0.0"	"0.25"	"0.01"	"0.005"	"0.01"	"100000"	"10000"	"200"	"965575052957999594"	10	"slope"	2.9902375e-05
"0.35"	"0.0"	"0.25"	"0.01"	"0.005"	"0.01"	"100000"	"10000"	"200"	"965575052957999594"	10	"intercept"	0.499976505
"0.35"	"0.0"	"0.25"	"0.01"	"0.005"	"0.01"	"100000"	"10000"	"200"	"965575052957999594"	5000	"slope"	-0.073483188
"0.35"	"0.0"	"0.25"	"0.01"	"0.005"	"0.01"	"100000"	"10000"	"200"	"965575052957999594"	5000	"intercept"	0.487486035
"0.35"	"0.0"	"0.25"	"0.01"	"0.005"	"0.01"	"100000"	"10000"	"200"	"965575052957999594"	10000	"slope"	-0.151371198
"0.35"	"0.0"	"0.25"	"0.01"	"0.005"	"0.01"	"100000"	"10000"	"200"	"965575052957999594"	10000	"intercept"	0.534843965
"0.35"	"0.0"	"0.25"	"0.01"	"0.005"	"0.01"	"100000"	"10000"	"200"	"965575052957999594"	15000	"slope"	-0.1937122195
"0.35"	"0.0"	"0.25"	"0.01"	"0.005"	"0.01"	"100000"	"10000"	"200"	"965575052957999594"	15000	"intercept"	0.562112075
"0.35"	"0.0"	"0.25"	"0.01"	"0.005"	"0.01"	"100000"	"10000"	"200"	"965575052957999594"	20000	"slope"	-0.26580839
"0.35"	"0.0"	"0.25"	"0.01"	"0.005"	"0.01"	"100000"	"10000"	"200"	"965575052957999594"	20000	"intercept"	0.612753375
"0.35"	"0.0"	"0.25"	"0.01"	"0.005"	"0.01"	"100000"	"10000"	"200"	"965575052957999594"	25000	"slope"	-0.29688553
"0.35"	"0.0"	"0.25"	"0.01"	"0.005"	"0.01"	"100000"	"10000"	"200"	"965575052957999594"	25000	"intercept"	0.63245817
"0.35"	"0.0"	"0.25"	"0.01"	"0.005"	"0.01"	"100000"	"10000"	"200"	"965575052957999594"	30000	"slope"	-0.306774215
"0.35"	"0.0"	"0.25"	"0.01"	"0.005"	"0.01"	"100000"	"10000"	"200"	"965575052957999594"	30000	"intercept"	0.62911164
"0.35"	"0.0"	"0.25"	"0.01"	"0.005"	"0.01"	"100000"	"10000"	"200"	"965575052957999594"	35000	"slope"	-0.316962595
"0.35"	"0.0"	"0.25"	"0.01"	"0.005"	"0.01"	"100000"	"10000"	"200"	"965575052957999594"	35000	"intercept"	0.638426825
"0.35"	"0.0"	"0.25"	"0.01"	"0.005"	"0.01"	"100000"	"10000"	"200"	"965575052957999594"	40000	"slope"	-0.33270574
"0.35"	"0.0"	"0.25"	"0.01"	"0.005"	"0.01"	"100000"	"10000"	"200"	"965575052957999594"	40000	"intercept"	0.645029035
"0.35"	"0.0"	"0.25"	"0.01"	"0.005"	"0.01"	"100000"	"10000"	"200"	"965575052957999594"	45000	"slope"	-0.35321742
"0.35"	"0.0"	"0.25"	"0.01"	"0.005"	"0.01"	"100000"	"10000"	"200"	"965575052957999594"	45000	"intercept"	0.65976004
"0.35"	"0.0"	"0.25"	"0.01"	"0.005"	"0.01"	"100000"	"10000"	"200"	"965575052957999594"	50000	"slope"	-0.340987595
"0.35"	"0.0"	"0.25"	"0.01"	"0.005"	"0.01"	"100000"	"10000"	"200"	"965575052957999594"	50000	"intercept"	0.65223626
"0.35"	"0.0"	"0.25"	"0.01"	"0.005"	"0.01"	"100000"	"10000"	"200"	"965575052957999594"	55000	"slope"	-0.36361551
"0.35"	"0.0"	"0.25"	"0.01"	"0.005"	"0.01"	"100000"	"10000"	"200"	"965575052957999594"	55000	"intercept"	0.66390583
"0.35"	"0.0"	"0.25"	"0.01"	"0.005"	"0.01"	"100000"	"10000"	"200"	"965575052957999594"	60000	"slope"	-0.337192395
"0.35"	"0.0"	"0.25"	"0.01"	"0.005"	"0.01"	"100000"	"10000"	"200"	"965575052957999594"	60000	"intercept"	0.646904065
"0.35"	"0.0"	"0.25"	"0.01"	"0.005"	"0.01"	"100000"	"10000"	"200"	"965575052957999594"	65000	"slope"	-0.352615365
"0.35"	"0.0"	"0.25"	"0.01"	"0.005"	"0.01"	"100000"	"10000"	"200"	"965575052957999594"	65000	"intercept"	0.66158582
"0.35"	"0.0"	"0.25"	"0.01"	"0.005"	"0.01"	"100000"	"10000"	"200"	"965575052957999594"	70000	"slope"	-0.31993366
"0.35"	"0.0"	"0.25"	"0.01"	"0.005"	"0.01"	"100000"	"10000"	"200"	"965575052957999594"	70000	"intercept"	0.639477805
"0.35"	"0.0"	"0.25"	"0.01"	"0.005"	"0.01"	"100000"	"10000"	"200"	"965575052957999594"	75000	"slope"	-0.31981403
"0.35"	"0.0"	"0.25"	"0.01"	"0.005"	"0.01"	"100000"	"10000"	"200"	"965575052957999594"	75000	"intercept"	0.640043905
"0.35"	"0.0"	"0.25"	"0.01"	"0.005"	"0.01"	"100000"	"10000"	"200"	"965575052957999594"	80000	"slope"	-0.325719655
"0.35"	"0.0"	"0.25"	"0.01"	"0.005"	"0.01"	"100000"	"10000"	"200"	"965575052957999594"	80000	"intercept"	0.647858815
"0.35"	"0.0"	"0.25"	"0.01"	"0.005"	"0.01"	"100000"	"10000"	"200"	"965575052957999594"	85000	"slope"	-0.358532305
"0.35"	"0.0"	"0.25"	"0.01"	"0.005"	"0.01"	"100000"	"10000"	"200"	"965575052957999594"	85000	"intercept"	0.65982451
"0.35"	"0.0"	"0.25"	"0.01"	"0.005"	"0.01"	"100000"	"10000"	"200"	"965575052957999594"	90000	"slope"	-0.3263426
"0.35"	"0.0"	"0.25"	"0.01"	"0.005"	"0.01"	"100000"	"10000"	"200"	"965575052957999594"	90000	"intercept"	0.639897065
"0.35"	"0.0"	"0.25"	"0.01"	"0.005"	"0.01"	"100000"	"10000"	"200"	"965575052957999594"	95000	"slope"	-0.338065745
"0.35"	"0.0"	"0.25"	"0.01"	"0.005"	"0.01"	"100000"	"10000"	"200"	"965575052957999594"	95000	"intercept"	0.652508345
"0.35"	"0.0"	"0.25"	"0.01"	"0.005"	"0.01"	"100000"	"10000"	"200"	"965575052957999594"	100000	"slope"	-0.34843032
"0.35"	"0.0"	"0.25"	"0.01"	"0.005"	"0.01"	"100000"	"10000"	"200"	"965575052957999594"	100000	"intercept"	0.66062766
"0.35"	"0.4"	"0.25"	"0.01"	"0.005"	"0.01"	"100000"	"10000"	"200"	"5481274441134689654"	10	"slope"	-0.00019539272
"0.35"	"0.4"	"0.25"	"0.01"	"0.005"	"0.01"	"100000"	"10000"	"200"	"5481274441134689654"	10	"intercept"	0.500006695
"0.35"	"0.4"	"0.25"	"0.01"	"0.005"	"0.01"	"100000"	"10000"	"200"	"5481274441134689654"	5000	"slope"	-0.1259521875
"0.35"	"0.4"	"0.25"	"0.01"	"0.005"	"0.01"	"100000"	"10000"	"200"	"5481274441134689654"	5000	"intercept"	0.483783035
"0.35"	"0.4"	"0.25"	"0.01"	"0.005"	"0.01"	"100000"	"10000"	"200"	"5481274441134689654"	10000	"slope"	-0.21525015
"0.35"	"0.4"	"0.25"	"0.01"	"0.005"	"0.01"	"100000"	"10000"	"200"	"5481274441134689654"	10000	"intercept"	0.544103075
"0.35"	"0.4"	"0.25"	"0.01"	"0.005"	"0.01"	"100000"	"10000"	"200"	"5481274441134689654"	15000	"slope"	-0.31063901
"0.35"	"0.4"	"0.25"	"0.01"	"0.005"	"0.01"	"100000"	"10000"	"200"	"5481274441134689654"	15000	"intercept"	0.5981252
"0.35"	"0.4"	"0.25"	"0.01"	"0.005"	"0.01"	"100000"	"10000"	"200"	"5481274441134689654"	20000	"slope"	-0.3315662
"0.35"	"0.4"	"0.25"	"0.01"	"0.005"	"0.01"	"100000"	"10000"	"200"	"5481274441134689654"	20000	"intercept"	0.615681735
"0.35"	"0.4"	"0.25"	"0.01"	"0.005"	"0.01"	"100000"	"10000"	"200"	"5481274441134689654"	25000	"slope"	-0.438127545
"0.35"	"0.4"	"0.25"	"0.01"	"0.005"	"0.01"	"100000"	"10000"	"200"	"5481274441134689654"	25000	"intercept"	0.682918565
"0.35"	"0.4"	"0.25"	"0.01"	"0.005"	"0.01"	"100000"	"10000"	"200"	"5481274441134689654"	30000	"slope"	-0.480646475
"0.35"	"0.4"	"0.25"	"0.01"	"0.005"	"0.01"	"100000"	"10000"	"200"	"5481274441134689654"	30000	"intercept"	0.715427305
"0.35"	"0.4"	"0.25"	"0.01"	"0.005"	"0.01"	"100000"	"10000"	"200"	"5481274441134689654"	35000	"slope"	-0.44970306
"0.35"	"0.4"	"0.25"	"0.01"	"0.005"	"0.01"	"100000"	"10000"	"200"	"5481274441134689654"	35000	"intercept"	0.696480855
"0.35"	"0.4"	"0.25"	"0.01"	"0.005"	"0.01"	"100000"	"10000"	"200"	"5481274441134689654"	40000	"slope"	-0.46668305
"0.35"	"0.4"	"0.25"	"0.01"	"0.005"	"0.01"	"100000"	"10000"	"200"	"5481274441134689654"	40000	"intercept"	0.69833076
"0.35"	"0.4"	"0.25"	"0.01"	"0.005"	"0.01"	"100000"	"10000"	"200"	"5481274441134689654"	45000	"slope"	-0.47224294
"0.35"	"0.4"	"0.25"	"0.01"	"0.005"	"0.01"	"100000"	"10000"	"200"	"5481274441134689654"	45000	"intercept"	0.70327229
"0.35"	"0.4"	"0.25"	"0.01"	"0.005"	"0.01"	"100000"	"10000"	"200"	"5481274441134689654"	50000	"slope"	-0.450766995
"0.35"	"0.4"	"0.25"	"0.01"	"0.005"	"0.01"	"100000"	"10000"	"200"	"5481274441134689654"	50000	"intercept"	0.69243748
"0.35"	"0.4"	"0.25"	"0.01"	"0.005"	"0.01"	"100000"	"10000"	"200"	"5481274441134689654"	55000	"slope"	-0.45747749
"0.35"	"0.4"	"0.25"	"0.01"	"0.005"	"0.01"	"100000"	"10000"	"200"	"5481274441134689654"	55000	"intercept"	0.69923786
"0.35"	"0.4"	"0.25"	"0.01"	"0.005"	"0.01"	"100000"	"10000"	"200"	"5481274441134689654"	60000	"slope"	-0.482898385
"0.35"	"0.4"	"0.25"	"0.01"	"0.005"	"0.01"	"100000"	"10000"	"200"	"5481274441134689654"	60000	"intercept"	0.71661353
"0.35"	"0.4"	"0.25"	"0.01"	"0.005"	"0.01"	"100000"	"10000"	"200"	"5481274441134689654"	65000	"slope"	-0.46907991
"0.35"	"0.4"	"0.25"	"0.01"	"0.005"	"0.01"	"100000"	"10000"	"200"	"5481274441134689654"	65000	"intercept"	0.709198695
"0.35"	"0.4"	"0.25"	"0.01"	"0.005"	"0.01"	"100000"	"10000"	"200"	"5481274441134689654"	70000	"slope"	-0.455819175
"0.35"	"0.4"	"0.25"	"0.01"	"0.005"	"0.01"	"100000"	"10000"	"200"	"5481274441134689654"	70000	"intercept"	0.70363144
"0.35"	"0.4"	"0.25"	"0.01"	"0.005"	"0.01"	"100000"	"10000"	"200"	"5481274441134689654"	75000	"slope"	-0.475477975
"0.35"	"0.4"	"0.25"	"0.01"	"0.005"	"0.01"	"100000"	"10000"	"200"	"5481274441134689654"	75000	"intercept"	0.713029295
"0.35"	"0.4"	"0.25"	"0.01"	"0.005"	"0.01"	"100000"	"10000"	"200"	"5481274441134689654"	80000	"slope"	-0.47190096
"0.35"	"0.4"	"0.25"	"0.01"	"0.005"	"0.01"	"100000"	"10000"	"200"	"5481274441134689654"	80000	"intercept"	0.710065235
"0.35"	"0.4"	"0.25"	"0.01"	"0.005"	"0.01"	"100000"	"10000"	"200"	"5481274441134689654"	85000	"slope"	-0.47035912
"0.35"	"0.4"	"0.25"	"0.01"	"0.005"	"0.01"	"100000"	"10000"	"200"	"5481274441134689654"	85000	"intercept"	0.707891125
"0.35"	"0.4"	"0.25"	"0.01"	"0.005"	"0.01"	"100000"	"10000"	"200"	"5481274441134689654"	90000	"slope"	-0.476832555
"0.35"	"0.4"	"0.25"	"0.01"	"0.005"	"0.01"	"100000"	"10000"	"200"	"5481274441134689654"	90000	"intercept"	0.70316615
"0.35"	"0.4"	"0.25"	"0.01"	"0.005"	"0.01"	"100000"	"10000"	"200"	"5481274441134689654"	95000	"slope"	-0.449250775
"0.35"	"0.4"	"0.25"	"0.01"	"0.005"	"0.01"	"100000"	"10000"	"200"	"5481274441134689654"	95000	"intercept"	0.694491355
"0.35"	"0.4"	"0.25"	"0.01"	"0.005"	"0.01"	"100000"	"10000"	"200"	"5481274441134689654"	100000	"slope"	-0.470333145
"0.35"	"0.4"	"0.25"	"0.01"	"0.005"	"0.01"	"100000"	"10000"	"200"	"5481274441134689654"	100000	"intercept"	0.711375085
"0.35"	"0.4"	"0.25"	"0.01"	"0.005"	"0.01"	"100000"	"10000"	"200"	"5635698590372040548"	10	"slope"	0.000212082121
"0.35"	"0.4"	"0.25"	"0.01"	"0.005"	"0.01"	"100000"	"10000"	"200"	"5635698590372040548"	10	"intercept"	0.500057015
"0.35"	"0.4"	"0.25"	"0.01"	"0.005"	"0.01"	"100000"	"10000"	"200"	"5635698590372040548"	5000	"slope"	-0.1005620585
"0.35"	"0.4"	"0.25"	"0.01"	"0.005"	"0.01"	"100000"	"10000"	"200"	"5635698590372040548"	5000	"intercept"	0.47183292
"0.35"	"0.4"	"0.25"	"0.01"	"0.005"	"0.01"	"100000"	"10000"	"200"	"5635698590372040548"	10000	"slope"	-0.20371095
"0.35"	"0.4"	"0.25"	"0.01"	"0.005"	"0.01"	"100000"	"10000"	"200"	"5635698590372040548"	10000	"intercept"	0.54242985
"0.35"	"0.4"	"0.25"	"0.01"	"0.005"	"0.01"	"100000"	"10000"	"200"	"5635698590372040548"	15000	"slope"	-0.290519585
"0.35"	"0.4"	"0.25"	"0.01"	"0.005"	"0.01"	"100000"	"10000"	"200"	"5635698590372040548"	15000	"intercept"	0.595823935
"0.35"	"0.4"	"0.25"	"0.01"	"0.005"	"0.01"	"100000"	"10000"	"200"	"5635698590372040548"	20000	"slope"	-0.344656825
"0.35"	"0.4"	"0.25"	"0.01"	"0.005"	"0.01"	"100000"	"10000"	"200"	"5635698590372040548"	20000	"intercept"	0.621499465
"0.35"	"0.4"	"0.25"	"0.01"	"0.005"	"0.01"	"100000"	"10000"	"200"	"5635698590372040548"	25000	"slope"	-0.3958881
"0.35"	"0.4"	"0.25"	"0.01"	"0.005"	"0.01"	"100000"	"10000"	"200"	"5635698590372040548"	25000	"intercept"	0.65496968
"0.35"	"0.4"	"0.25"	"0.01"	"0.005"	"0.01"	"100000"	"10000"	"200"	"5635698590372040548"	30000	"slope"	-0.46897522
"0.35"	"0.4"	"0.25"	"0.01"	"0.005"	"0.01"	"100000"	"10000"	"200"	"5635698590372040548"	30000	"intercept"	0.720634815
"0.35"	"0.4"	"0.25"	"0.01"	"0.005"	"0.01"	"100000"	"10000"	"200"	"5635698590372040548"	35000	"slope"	-0.453200655
"0.35"	"0.4"	"0.25"	"0.01"	"0.005"	"0.01"	"100000"	"10000"	"200"	"5635698590372040548"	35000	"intercept"	0.693374645
"0.35"	"0.4"	"0.25"	"0.01"	"0.005"	"0.01"	"100000"	"10000"	"200"	"5635698590372040548"	40000	"slope"	-0.515081085
"0.35"	"0.4"	"0.25"	"0.01"	"0.005"	"0.01"	"100000"	"10000"	"200"	"5635698590372040548"	40000	"intercept"	0.737633495
"0.35"	"0.4"	"0.25"	"0.01"	"0.005"	"0.01"	"100000"	"10000"	"200"	"5635698590372040548"	45000	"slope"	-0.53252458
"0.35"	"0.4"	"0.25"	"0.01"	"0.005"	"0.01"	"100000"	"10000"	"200"	"5635698590372040548"	45000	"intercept"	0.748586075
"0.35"	"0.4"	"0.25"	"0.01"	"0.005"	"0.01"	"100000"	"10000"	"200"	"5635698590372040548"	50000	"slope"	-0.551377395
"0.35"	"0.4"	"0.25"	"0.01"	"0.005"	"0.01"	"100000"	"10000"	"200"	"5635698590372040548"	50000	"intercept"	0.758660415
"0.35"	"0.4"	"0.25"	"0.01"	"0.005"	"0.01"	"100000"	"10000"	"200"	"5635698590372040548"	55000	"slope"	-0.531625015
"0.35"	"0.4"	"0.25"	"0.01"	"0.005"	"0.01"	"100000"	"10000"	"200"	"5635698590372040548"	55000	"intercept"	0.742973795
"0.35"	"0.4"	"0.25"	"0.01"	"0.005"	"0.01"	"100000"	"10000"	"200"	"5635698590372040548"	60000	"slope"	-0.502205825
"0.35"	"0.4"	"0.25"	"0.01"	"0.005"	"0.01"	"100000"	"10000"	"200"	"5635698590372040548"	60000	"intercept"	0.731558045
"0.35"	"0.4"	"0.25"	"0.01"	"0.005"	"0.01"	"100000"	"10000"	"200"	"5635698590372040548"	65000	"slope"	-0.5155102
"0.35"	"0.4"	"0.25"	"0.01"	"0.005"	"0.01"	"100000"	"10000"	"200"	"5635698590372040548"	65000	"intercept"	0.731459825
"0.35"	"0.4"	"0.25"	"0.01"	"0.005"	"0.01"	"100000"	"10000"	"200"	"5635698590372040548"	70000	"slope"	-0.48190478
"0.35"	"0.4"	"0.25"	"0.01"	"0.005"	"0.01"	"100000"	"10000"	"200"	"5635698590372040548"	70000	"intercept"	0.717150715
"0.35"	"0.4"	"0.25"	"0.01"	"0.005"	"0.01"	"100000"	"10000"	"200"	"5635698590372040548"	75000	"slope"	-0.506581865
"0.35"	"0.4"	"0.25"	"0.01"	"0.005"	"0.01"	"100000"	"10000"	"200"	"5635698590372040548"	75000	"intercept"	0.72632472
"0.35"	"0.4"	"0.25"	"0.01"	"0.005"	"0.01"	"100000"	"10000"	"200"	"5635698590372040548"	80000	"slope"	-0.529008015
"0.35"	"0.4"	"0.25"	"0.01"	"0.005"	"0.01"	"100000"	"10000"	"200"	"5635698590372040548"	80000	"intercept"	0.745934725
"0.35"	"0.4"	"0.25"	"0.01"	"0.005"	"0.01"	"100000"	"10000"	"200"	"5635698590372040548"	85000	"slope"	-0.485153785
"0.35"	"0.4"	"0.25"	"0.01"	"0.005"	"0.01"	"100000"	"10000"	"200"	"5635698590372040548"	85000	"intercept"	0.71611932
"0.35"	"0.4"	"0.25"	"0.01"	"0.005"	"0.01"	"100000"	"10000"	"200"	"5635698590372040548"	90000	"slope"	-0.464491285
"0.35"	"0.4"	"0.25"	"0.01"	"0.005"	"0.01"	"100000"	"10000"	"200"	"5635698590372040548"	90000	"intercept"	0.703511165
"0.35"	"0.4"	"0.25"	"0.01"	"0.005"	"0.01"	"100000"	"10000"	"200"	"5635698590372040548"	95000	"slope"	-0.49240577
"0.35"	"0.4"	"0.25"	"0.01"	"0.005"	"0.01"	"100000"	"10000"	"200"	"5635698590372040548"	95000	"intercept"	0.7248008
"0.35"	"0.4"	"0.25"	"0.01"	"0.005"	"0.01"	"100000"	"10000"	"200"	"5635698590372040548"	100000	"slope"	-0.48927318
"0.35"	"0.4"	"0.25"	"0.01"	"0.005"	"0.01"	"100000"	"10000"	"200"	"5635698590372040548"	100000	"intercept"	0.72228685
"0.35"	"0.4"	"0.25"	"0.01"	"0.005"	"0.01"	"100000"	"10000"	"200"	"6991465115973646681"	10	"slope"	-1.920699e-05
"0.35"	"0.4"	"0.25"	"0.01"	"0.005"	"0.01"	"100000"	"10000"	"200"	"6991465115973646681"	10	"intercept"	0.500047755
"0.35"	"0.4"	"0.25"	"0.01"	"0.005"	"0.01"	"100000"	"10000"	"200"	"6991465115973646681"	5000	"slope"	-0.114085598
"0.35"	"0.4"	"0.25"	"0.01"	"0.005"	"0.01"	"100000"	"10000"	"200"	"6991465115973646681"	5000	"intercept"	0.483402535
"0.35"	"0.4"	"0.25"	"0.01"	"0.005"	"0.01"	"100000"	"10000"	"200"	"6991465115973646681"	10000	"slope"	-0.23419725
"0.35"	"0.4"	"0.25"	"0.01"	"0.005"	"0.01"	"100000"	"10000"	"200"	"6991465115973646681"	10000	"intercept"	0.55387824
"0.35"	"0.4"	"0.25"	"0.01"	"0.005"	"0.01"	"100000"	"10000"	"200"	"6991465115973646681"	15000	"slope"	-0.281414385
"0.35"	"0.4"	"0.25"	"0.01"	"0.005"	"0.01"	"100000"	"10000"	"200"	"6991465115973646681"	15000	"intercept"	0.583734435
"0.35"	"0.4"	"0.25"	"0.01"	"0.005"	"0.01"	"100000"	"10000"	"200"	"6991465115973646681"	20000	"slope"	-0.382693065
"0.35"	"0.4"	"0.25"	"0.01"	"0.005"	"0.01"	"100000"	"10000"	"200"	"6991465115973646681"	20000	"intercept"	0.65486378
"0.35"	"0.4"	"0.25"	"0.01"	"0.005"	"0.01"	"100000"	"10000"	"200"	"6991465115973646681"	25000	"slope"	-0.418779935
"0.35"	"0.4"	"0.25"	"0.01"	"0.005"	"0.01"	"100000"	"10000"	"200"	"6991465115973646681"	25000	"intercept"	0.673664505
"0.35"	"0.4"	"0.25"	"0.01"	"0.005"	"0.01"	"100000"	"10000"	"200"	"6991465115973646681"	30000	"slope"	-0.444868855
"0.35"	"0.4"	"0.25"	"0.01"	"0.005"	"0.01"	"100000"	"10000"	"200"	"6991465115973646681"	30000	"intercept"	0.692658835
"0.35"	"0.4"	"0.25"	"0.01"	"0.005"	"0.01"	"100000"	"10000"	"200"	"6991465115973646681"	35000	"slope"	-0.440917665
"0.35"	"0.4"	"0.25"	"0.01"	"0.005"	"0.01"	"100000"	"10000"	"200"	"6991465115973646681"	35000	"intercept"	0.691277365
"0.35"	"0.4"	"0.25"	"0.01"	"0.005"	"0.01"	"100000"	"10000"	"200"	"6991465115973646681"	40000	"slope"	-0.457861755
"0.35"	"0.4"	"0.25"	"0.01"	"0.005"	"0.01"	"100000"	"10000"	"200"	"6991465115973646681"	40000	"intercept"	0.70985111
"0.35"	"0.4"	"0.25"	"0.01"	"0.005"	"0.01"	"100000"	"10000"	"200"	"6991465115973646681"	45000	"slope"	-0.50598808
"0.35"	"0.4"	"0.25"	"0.01"	"0.005"	"0.01"	"100000"	"10000"	"200"	"6991465115973646681"	45000	"intercept"	0.7354234
"0.35"	"0.4"	"0.25"	"0.01"	"0.005"	"0.01"	"100000"	"10000"	"200"	"6991465115973646681"	50000	"slope"	-0.493156305
"0.35"	"0.4"	"0.25"	"0.01"	"0.005"	"0.01"	"100000"	"10000"	"200"	"6991465115973646681"	50000	"intercept"	0.722812915
"0.35"	"0.4"	"0.25"	"0.01"	"0.005"	"0.01"	"100000"	"10000"	"200"	"6991465115973646681"	55000	"slope"	-0.525039
"0.35"	"0.4"	"0.25"	"0.01"	"0.005"	"0.01"	"100000"	"10000"	"200"	"6991465115973646681"	55000	"intercept"	0.74282542
"0.35"	"0.4"	"0.25"	"0.01"	"0.005"	"0.01"	"100000"	"10000"	"200"	"6991465115973646681"	60000	"slope"	-0.50497511
"0.35"	"0.4"	"0.25"	"0.01"	"0.005"	"0.01"	"100000"	"10000"	"200"	"6991465115973646681"	60000	"intercept"	0.730381365
"0.35"	"0.4"	"0.25"	"0.01"	"0.005"	"0.01"	"100000"	"10000"	"200"	"6991465115973646681"	65000	"slope"	-0.50802403
"0.35"	"0.4"	"0.25"	"0.01"	"0.005"	"0.01"	"100000"	"10000"	"200"	"6991465115973646681"	65000	"intercept"	0.73287065
"0.35"	"0.4"	"0.25"	"0.01"	"0.005"	"0.01"	"100000"	"10000"	"200"	"6991465115973646681"	70000	"slope"	-0.49167304
"0.35"	"0.4"	"0.25"	"0.01"	"0.005"	"0.01"	"100000"	"10000"	"200"	"6991465115973646681"	70000	"intercept"	0.7196705
"0.35"	"0.4"	"0.25"	"0.01"	"0.005"	"0.01"	"100000"	"10000"	"200"	"6991465115973646681"	75000	"slope"	-0.49550387
"0.35"	"0.4"	"0.25"	"0.01"	"0.005"	"0.01"	"100000"	"10000"	"200"	"6991465115973646681"	75000	"intercept"	0.72762033
"0.35"	"0.4"	"0.25"	"0.01"	"0.005"	"0.01"	"100000"	"10000"	"200"	"6991465115973646681"	80000	"slope"	-0.50277528
"0.35"	"0.4"	"0.25"	"0.01"	"0.005"	"0.01"	"100000"	"10000"	"200"	"6991465115973646681"	80000	"intercept"	0.73641687
"0.35"	"0.4"	"0.25"	"0.01"	"0.005"	"0.01"	"100000"	"10000"	"200"	"6991465115973646681"	85000	"slope"	-0.504883275
"0.35"	"0.4"	"0.25"	"0.01"	"0.005"	"0.01"	"100000"	"10000"	"200"	"6991465115973646681"	85000	"intercept"	0.723123565
"0.35"	"0.4"	"0.25"	"0.01"	"0.005"	"0.01"	"100000"	"10000"	"200"	"6991465115973646681"	90000	"slope"	-0.49013311
"0.35"	"0.4"	"0.25"	"0.01"	"0.005"	"0.01"	"100000"	"10000"	"200"	"6991465115973646681"	90000	"intercept"	0.71766259
"0.35"	"0.4"	"0.25"	"0.01"	"0.005"	"0.01"	"100000"	"10000"	"200"	"6991465115973646681"	95000	"slope"	-0.532899705
"0.35"	"0.4"	"0.25"	"0.01"	"0.005"	"0.01"	"100000"	"10000"	"200"	"6991465115973646681"	95000	"intercept"	0.747751235
"0.35"	"0.4"	"0.25"	"0.01"	"0.005"	"0.01"	"100000"	"10000"	"200"	"6991465115973646681"	100000	"slope"	-0.557302025
"0.35"	"0.4"	"0.25"	"0.01"	"0.005"	"0.01"	"100000"	"10000"	"200"	"6991465115973646681"	100000	"intercept"	0.765592875
"0.35"	"0.6"	"0.25"	"0.01"	"0.005"	"0.01"	"100000"	"10000"	"200"	"4714978199649374357"	10	"slope"	0.000254844975
"0.35"	"0.6"	"0.25"	"0.01"	"0.005"	"0.01"	"100000"	"10000"	"200"	"4714978199649374357"	10	"intercept"	0.500012555
"0.35"	"0.6"	"0.25"	"0.01"	"0.005"	"0.01"	"100000"	"10000"	"200"	"4714978199649374357"	5000	"slope"	-0.1416481865
"0.35"	"0.6"	"0.25"	"0.01"	"0.005"	"0.01"	"100000"	"10000"	"200"	"4714978199649374357"	5000	"intercept"	0.48274798
"0.35"	"0.6"	"0.25"	"0.01"	"0.005"	"0.01"	"100000"	"10000"	"200"	"4714978199649374357"	10000	"slope"	-0.238053155
"0.35"	"0.6"	"0.25"	"0.01"	"0.005"	"0.01"	"100000"	"10000"	"200"	"4714978199649374357"	10000	"intercept"	0.539899005
"0.35"	"0.6"	"0.25"	"0.01"	"0.005"	"0.01"	"100000"	"10000"	"200"	"4714978199649374357"	15000	"slope"	-0.31885788
"0.35"	"0.6"	"0.25"	"0.01"	"0.005"	"0.01"	"100000"	"10000"	"200"	"4714978199649374357"	15000	"intercept"	0.591610795
"0.35"	"0.6"	"0.25"	"0.01"	"0.005"	"0.01"	"100000"	"10000"	"200"	"4714978199649374357"	20000	"slope"	-0.382082065
"0.35"	"0.6"	"0.25"	"0.01"	"0.005"	"0.01"	"100000"	"10000"	"200"	"4714978199649374357"	20000	"intercept"	0.632695695
"0.35"	"0.6"	"0.25"	"0.01"	"0.005"	"0.01"	"100000"	"10000"	"200"	"4714978199649374357"	25000	"slope"	-0.426487855
"0.35"	"0.6"	"0.25"	"0.01"	"0.005"	"0.01"	"100000"	"10000"	"200"	"4714978199649374357"	25000	"intercept"	0.663768525
"0.35"	"0.6"	"0.25"	"0.01"	"0.005"	"0.01"	"100000"	"10000"	"200"	"4714978199649374357"	30000	"slope"	-0.46165868
"0.35"	"0.6"	"0.25"	"0.01"	"0.005"	"0.01"	"100000"	"10000"	"200"	"4714978199649374357"	30000	"intercept"	0.69396713
"0.35"	"0.6"	"0.25"	"0.01"	"0.005"	"0.01"	"100000"	"10000"	"200"	"4714978199649374357"	35000	"slope"	-0.500952115
"0.35"	"0.6"	"0.25"	"0.01"	"0.005"	"0.01"	"100000"	"10000"	"200"	"4714978199649374357"	35000	"intercept"	0.718704735
"0.35"	"0.6"	"0.25"	"0.01"	"0.005"	"0.01"	"100000"	"10000"	"200"	"4714978199649374357"	40000	"slope"	-0.511114935
"0.35"	"0.6"	"0.25"	"0.01"	"0.005"	"0.01"	"100000"	"10000"	"200"	"4714978199649374357"	40000	"intercept"	0.72115074
"0.35"	"0.6"	"0.25"	"0.01"	"0.005"	"0.01"	"100000"	"10000"	"200"	"4714978199649374357"	45000	"slope"	-0.558367275
"0.35"	"0.6"	"0.25"	"0.01"	"0.005"	"0.01"	"100000"	"10000"	"200"	"4714978199649374357"	45000	"intercept"	0.74713043
"0.35"	"0.6"	"0.25"	"0.01"	"0.005"	"0.01"	"100000"	"10000"	"200"	"4714978199649374357"	50000	"slope"	-0.56915428
"0.35"	"0.6"	"0.25"	"0.01"	"0.005"	"0.01"	"100000"	"10000"	"200"	"4714978199649374357"	50000	"intercept"	0.75566542
"0.35"	"0.6"	"0.25"	"0.01"	"0.005"	"0.01"	"100000"	"10000"	"200"	"4714978199649374357"	55000	"slope"	-0.59370485
"0.35"	"0.6"	"0.25"	"0.01"	"0.005"	"0.01"	"100000"	"10000"	"200"	"4714978199649374357"	55000	"intercept"	0.770991795
"0.35"	"0.6"	"0.25"	"0.01"	"0.005"	"0.01"	"100000"	"10000"	"200"	"4714978199649374357"	60000	"slope"	-0.62325955
"0.35"	"0.6"	"0.25"	"0.01"	"0.005"	"0.01"	"100000"	"10000"	"200"	"4714978199649374357"	60000	"intercept"	0.796956315
"0.35"	"0.6"	"0.25"	"0.01"	"0.005"	"0.01"	"100000"	"10000"	"200"	"4714978199649374357"	65000	"slope"	-0.61809552
"0.35"	"0.6"	"0.25"	"0.01"	"0.005"	"0.01"	"100000"	"10000"	"200"	"4714978199649374357"	65000	"intercept"	0.79617624
"0.35"	"0.6"	"0.25"	"0.01"	"0.005"	"0.01"	"100000"	"10000"	"200"	"4714978199649374357"	70000	"slope"	-0.60214942
"0.35"	"0.6"	"0.25"	"0.01"	"0.005"	"0.01"	"100000"	"10000"	"200"	"4714978199649374357"	70000	"intercept"	0.78930857
"0.35"	"0.6"	"0.25"	"0.01"	"0.005"	"0.01"	"100000"	"10000"	"200"	"4714978199649374357"	75000	"slope"	-0.61904553
"0.35"	"0.6"	"0.25"	"0.01"	"0.005"	"0.01"	"100000"	"10000"	"200"	"4714978199649374357"	75000	"intercept"	0.79279488
"0.35"	"0.6"	"0.25"	"0.01"	"0.005"	"0.01"	"100000"	"10000"	"200"	"4714978199649374357"	80000	"slope"	-0.609451015
"0.35"	"0.6"	"0.25"	"0.01"	"0.005"	"0.01"	"100000"	"10000"	"200"	"4714978199649374357"	80000	"intercept"	0.7826445
"0.35"	"0.6"	"0.25"	"0.01"	"0.005"	"0.01"	"100000"	"10000"	"200"	"4714978199649374357"	85000	"slope"	-0.663834175
"0.35"	"0.6"	"0.25"	"0.01"	"0.005"	"0.01"	"100000"	"10000"	"200"	"4714978199649374357"	85000	"intercept"	0.827551375
"0.35"	"0.6"	"0.25"	"0.01"	"0.005"	"0.01"	"100000"	"10000"	"200"	"4714978199649374357"	90000	"slope"	-0.64632457
"0.35"	"0.6"	"0.25"	"0.01"	"0.005"	"0.01"	"100000"	"10000"	"200"	"4714978199649374357"	90000	"intercept"	0.815569105
"0.35"	"0.6"	"0.25"	"0.01"	"0.005"	"0.01"	"100000"	"10000"	"200"	"4714978199649374357"	95000	"slope"	-0.650091945
"0.35"	"0.6"	"0.25"	"0.01"	"0.005"	"0.01"	"100000"	"10000"	"200"	"4714978199649374357"	95000	"intercept"	0.810949395
"0.35"	"0.6"	"0.25"	"0.01"	"0.005"	"0.01"	"100000"	"10000"	"200"	"4714978199649374357"	100000	"slope"	-0.613880095
"0.35"	"0.6"	"0.25"	"0.01"	"0.005"	"0.01"	"100000"	"10000"	"200"	"4714978199649374357"	100000	"intercept"	0.78838454
"0.35"	"0.6"	"0.25"	"0.01"	"0.005"	"0.01"	"100000"	"10000"	"200"	"6859850120797710483"	10	"slope"	0.00010572987
"0.35"	"0.6"	"0.25"	"0.01"	"0.005"	"0.01"	"100000"	"10000"	"200"	"6859850120797710483"	10	"intercept"	0.499881935
"0.35"	"0.6"	"0.25"	"0.01"	"0.005"	"0.01"	"100000"	"10000"	"200"	"6859850120797710483"	5000	"slope"	-0.133137507
"0.35"	"0.6"	"0.25"	"0.01"	"0.005"	"0.01"	"100000"	"10000"	"200"	"6859850120797710483"	5000	"intercept"	0.48206968
"0.35"	"0.6"	"0.25"	"0.01"	"0.005"	"0.01"	"100000"	"10000"	"200"	"6859850120797710483"	10000	"slope"	-0.245332955
"0.35"	"0.6"	"0.25"	"0.01"	"0.005"	"0.01"	"100000"	"10000"	"200"	"6859850120797710483"	10000	"intercept"	0.536082335
"0.35"	"0.6"	"0.25"	"0.01"	"0.005"	"0.01"	"100000"	"10000"	"200"	"6859850120797710483"	15000	"slope"	-0.342827125
"0.35"	"0.6"	"0.25"	"0.01"	"0.005"	"0.01"	"100000"	"10000"	"200"	"6859850120797710483"	15000	"intercept"	0.605373355
"0.35"	"0.6"	"0.25"	"0.01"	"0.005"	"0.01"	"100000"	"10000"	"200"	"6859850120797710483"	20000	"slope"	-0.41461428
"0.35"	"0.6"	"0.25"	"0.01"	"0.005"	"0.01"	"100000"	"10000"	"200"	"6859850120797710483"	20000	"intercept"	0.655234515
"0.35"	"0.6"	"0.25"	"0.01"	"0.005"	"0.01"	"100000"	"10000"	"200"	"6859850120797710483"	25000	"slope"	-0.471554115
"0.35"	"0.6"	"0.25"	"0.01"	"0.005"	"0.01"	"100000"	"10000"	"200"	"6859850120797710483"	25000	"intercept"	0.692186265
"0.35"	"0.6"	"0.25"	"0.01"	"0.005"	"0.01"	"100000"	"10000"	"200"	"6859850120797710483"	30000	"slope"	-0.558982675
"0.35"	"0.6"	"0.25"	"0.01"	"0.005"	"0.01"	"100000"	"10000"	"200"	"6859850120797710483"	30000	"intercept"	0.752572795
"0.35"	"0.6"	"0.25"	"0.01"	"0.005"	"0.01"	"100000"	"10000"	"200"	"6859850120797710483"	35000	"slope"	-0.597727855
"0.35"	"0.6"	"0.25"	"0.01"	"0.005"	"0.01"	"100000"	"10000"	"200"	"6859850120797710483"	35000	"intercept"	0.78036268
"0.35"	"0.6"	"0.25"	"0.01"	"0.005"	"0.01"	"100000"	"10000"	"200"	"6859850120797710483"	40000	"slope"	-0.60855632
"0.35"	"0.6"	"0.25"	"0.01"	"0.005"	"0.01"	"100000"	"10000"	"200"	"6859850120797710483"	40000	"intercept"	0.7880466
"0.35"	"0.6"	"0.25"	"0.01"	"0.005"	"0.01"	"100000"	"10000"	"200"	"6859850120797710483"	45000	"slope"	-0.59547339
"0.35"	"0.6"	"0.25"	"0.01"	"0.005"	"0.01"	"100000"	"10000"	"200"	"6859850120797710483"	45000	"intercept"	0.77292844
"0.35"	"0.6"	"0.25"	"0.01"	"0.005"	"0.01"	"100000"	"10000"	"200"	"6859850120797710483"	50000	"slope"	-0.5837029
"0.35"	"0.6"	"0.25"	"0.01"	"0.005"	"0.01"	"100000"	"10000"	"200"	"6859850120797710483"	50000	"intercept"	0.77475043
"0.35"	"0.6"	"0.25"	"0.01"	"0.005"	"0.01"	"100000"	"10000"	"200"	"6859850120797710483"	55000	"slope"	-0.59033646
"0.35"	"0.6"	"0.25"	"0.01"	"0.005"	"0.01"	"100000"	"10000"	"200"	"6859850120797710483"	55000	"intercept"	0.773767895
"0.35"	"0.6"	"0.25"	"0.01"	"0.005"	"0.01"	"100000"	"10000"	"200"	"6859850120797710483"	60000	"slope"	-0.558112555
"0.35"	"0.6"	"0.25"	"0.01"	"0.005"	"0.01"	"100000"	"10000"	"200"	"6859850120797710483"	60000	"intercept"	0.755459015
"0.35"	"0.6"	"0.25"	"0.01"	"0.005"	"0.01"	"100000"	"10000"	"200"	"6859850120797710483"	65000	"slope"	-0.55070244
"0.35"	"0.6"	"0.25"	"0.01"	"0.005"	"0.01"	"100000"	"10000"	"200"	"6859850120797710483"	65000	"intercept"	0.745306845
"0.35"	"0.6"	"0.25"	"0.01"	"0.005"	"0.01"	"100000"	"10000"	"200"	"6859850120797710483"	70000	"slope"	-0.58373256
"0.35"	"0.6"	"0.25"	"0.01"	"0.005"	"0.01"	"100000"	"10000"	"200"	"6859850120797710483"	70000	"intercept"	0.765879405
"0.35"	"0.6"	"0.25"	"0.01"	"0.005"	"0.01"	"100000"	"10000"	"200"	"6859850120797710483"	75000	"slope"	-0.59888159
"0.35"	"0.6"	"0.25"	"0.01"	"0.005"	"0.01"	"100000"	"10000"	"200"	"6859850120797710483"	75000	"intercept"	0.78051244
"0.35"	"0.6"	"0.25"	"0.01"	"0.005"	"0.01"	"100000"	"10000"	"200"	"6859850120797710483"	80000	"slope"	-0.577469295
"0.35"	"0.6"	"0.25"	"0.01"	"0.005"	"0.01"	"100000"	"10000"	"200"	"6859850120797710483"	80000	"intercept"	0.768344375
"0.35"	"0.6"	"0.25"	"0.01"	"0.005"	"0.01"	"100000"	"10000"	"200"	"6859850120797710483"	85000	"slope"	-0.57547681
"0.35"	"0.6"	"0.25"	"0.01"	"0.005"	"0.01"	"100000"	"10000"	"200"	"6859850120797710483"	85000	"intercept"	0.753230455
"0.35"	"0.6"	"0.25"	"0.01"	"0.005"	"0.01"	"100000"	"10000"	"200"	"6859850120797710483"	90000	"slope"	-0.622513715
"0.35"	"0.6"	"0.25"	"0.01"	"0.005"	"0.01"	"100000"	"10000"	"200"	"6859850120797710483"	90000	"intercept"	0.790182805
"0.35"	"0.6"	"0.25"	"0.01"	"0.005"	"0.01"	"100000"	"10000"	"200"	"6859850120797710483"	95000	"slope"	-0.60698892
"0.35"	"0.6"	"0.25"	"0.01"	"0.005"	"0.01"	"100000"	"10000"	"200"	"6859850120797710483"	95000	"intercept"	0.78186505
"0.35"	"0.6"	"0.25"	"0.01"	"0.005"	"0.01"	"100000"	"10000"	"200"	"6859850120797710483"	100000	"slope"	-0.55045868
"0.35"	"0.6"	"0.25"	"0.01"	"0.005"	"0.01"	"100000"	"10000"	"200"	"6859850120797710483"	100000	"intercept"	0.739705595
"0.35"	"0.6"	"0.25"	"0.01"	"0.005"	"0.01"	"100000"	"10000"	"200"	"8209567305275236411"	10	"slope"	3.5801985e-05
"0.35"	"0.6"	"0.25"	"0.01"	"0.005"	"0.01"	"100000"	"10000"	"200"	"8209567305275236411"	10	"intercept"	0.500068685
"0.35"	"0.6"	"0.25"	"0.01"	"0.005"	"0.01"	"100000"	"10000"	"200"	"8209567305275236411"	5000	"slope"	-0.0929436215
"0.35"	"0.6"	"0.25"	"0.01"	"0.005"	"0.01"	"100000"	"10000"	"200"	"8209567305275236411"	5000	"intercept"	0.45766022
"0.35"	"0.6"	"0.25"	"0.01"	"0.005"	"0.01"	"100000"	"10000"	"200"	"8209567305275236411"	10000	"slope"	-0.1942685
"0.35"	"0.6"	"0.25"	"0.01"	"0.005"	"0.01"	"100000"	"10000"	"200"	"8209567305275236411"	10000	"intercept"	0.51026638
"0.35"	"0.6"	"0.25"	"0.01"	"0.005"	"0.01"	"100000"	"10000"	"200"	"8209567305275236411"	15000	"slope"	-0.28156499
"0.35"	"0.6"	"0.25"	"0.01"	"0.005"	"0.01"	"100000"	"10000"	"200"	"8209567305275236411"	15000	"intercept"	0.56878158
"0.35"	"0.6"	"0.25"	"0.01"	"0.005"	"0.01"	"100000"	"10000"	"200"	"8209567305275236411"	20000	"slope"	-0.33401295
"0.35"	"0.6"	"0.25"	"0.01"	"0.005"	"0.01"	"100000"	"10000"	"200"	"8209567305275236411"	20000	"intercept"	0.606849145
"0.35"	"0.6"	"0.25"	"0.01"	"0.005"	"0.01"	"100000"	"10000"	"200"	"8209567305275236411"	25000	"slope"	-0.394568375
"0.35"	"0.6"	"0.25"	"0.01"	"0.005"	"0.01"	"100000"	"10000"	"200"	"8209567305275236411"	25000	"intercept"	0.639002525
"0.35"	"0.6"	"0.25"	"0.01"	"0.005"	"0.01"	"100000"	"10000"	"200"	"8209567305275236411"	30000	"slope"	-0.441461615
"0.35"	"0.6"	"0.25"	"0.01"	"0.005"	"0.01"	"100000"	"10000"	"200"	"8209567305275236411"	30000	"intercept"	0.669664805
"0.35"	"0.6"	"0.25"	"0.01"	"0.005"	"0.01"	"100000"	"10000"	"200"	"8209567305275236411"	35000	"slope"	-0.51332238
"0.35"	"0.6"	"0.25"	"0.01"	"0.005"	"0.01"	"100000"	"10000"	"200"	"8209567305275236411"	35000	"intercept"	0.72179746
"0.35"	"0.6"	"0.25"	"0.01"	"0.005"	"0.01"	"100000"	"10000"	"200"	"8209567305275236411"	40000	"slope"	-0.54475691
"0.35"	"0.6"	"0.25"	"0.01"	"0.005"	"0.01"	"100000"	"10000"	"200"	"8209567305275236411"	40000	"intercept"	0.74539152
"0.35"	"0.6"	"0.25"	"0.01"	"0.005"	"0.01"	"100000"	"10000"	"200"	"8209567305275236411"	45000	"slope"	-0.544488695
"0.35"	"0.6"	"0.25"	"0.01"	"0.005"	"0.01"	"100000"	"10000"	"200"	"8209567305275236411"	45000	"intercept"	0.743626435
"0.35"	"0.6"	"0.25"	"0.01"	"0.005"	"0.01"	"100000"	"10000"	"200"	"8209567305275236411"	50000	"slope"	-0.56484475
"0.35"	"0.6"	"0.25"	"0.01"	"0.005"	"0.01"	"100000"	"10000"	"200"	"8209567305275236411"	50000	"intercept"	0.75838787
"0.35"	"0.6"	"0.25"	"0.01"	"0.005"	"0.01"	"100000"	"10000"	"200"	"8209567305275236411"	55000	"slope"	-0.605678825
"0.35"	"0.6"	"0.25"	"0.01"	"0.005"	"0.01"	"100000"	"10000"	"200"	"8209567305275236411"	55000	"intercept"	0.78352068
"0.35"	"0.6"	"0.25"	"0.01"	"0.005"	"0.01"	"100000"	"10000"	"200"	"8209567305275236411"	60000	"slope"	-0.62447195
"0.35"	"0.6"	"0.25"	"0.01"	"0.005"	"0.01"	"100000"	"10000"	"200"	"8209567305275236411"	60000	"intercept"	0.782755585
"0.35"	"0.6"	"0.25"	"0.01"	"0.005"	"0.01"	"100000"	"10000"	"200"	"8209567305275236411"	65000	"slope"	-0.596157835
"0.35"	"0.6"	"0.25"	"0.01"	"0.005"	"0.01"	"100000"	"10000"	"200"	"8209567305275236411"	65000	"intercept"	0.77190369
"0.35"	"0.6"	"0.25"	"0.01"	"0.005"	"0.01"	"100000"	"10000"	"200"	"8209567305275236411"	70000	"slope"	-0.605235035
"0.35"	"0.6"	"0.25"	"0.01"	"0.005"	"0.01"	"100000"	"10000"	"200"	"8209567305275236411"	70000	"intercept"	0.787823965
"0.35"	"0.6"	"0.25"	"0.01"	"0.005"	"0.01"	"100000"	"10000"	"200"	"8209567305275236411"	75000	"slope"	-0.609105225
"0.35"	"0.6"	"0.25"	"0.01"	"0.005"	"0.01"	"100000"	"10000"	"200"	"8209567305275236411"	75000	"intercept"	0.78272964
"0.35"	"0.6"	"0.25"	"0.01"	"0.005"	"0.01"	"100000"	"10000"	"200"	"8209567305275236411"	80000	"slope"	-0.603986
"0.35"	"0.6"	"0.25"	"0.01"	"0.005"	"0.01"	"100000"	"10000"	"200"	"8209567305275236411"	80000	"intercept"	0.77897826
"0.35"	"0.6"	"0.25"	"0.01"	"0.005"	"0.01"	"100000"	"10000"	"200"	"8209567305275236411"	85000	"slope"	-0.61421851
"0.35"	"0.6"	"0.25"	"0.01"	"0.005"	"0.01"	"100000"	"10000"	"200"	"8209567305275236411"	85000	"intercept"	0.78981949
"0.35"	"0.6"	"0.25"	"0.01"	"0.005"	"0.01"	"100000"	"10000"	"200"	"8209567305275236411"	90000	"slope"	-0.555945885
"0.35"	"0.6"	"0.25"	"0.01"	"0.005"	"0.01"	"100000"	"10000"	"200"	"8209567305275236411"	90000	"intercept"	0.75047089
"0.35"	"0.6"	"0.25"	"0.01"	"0.005"	"0.01"	"100000"	"10000"	"200"	"8209567305275236411"	95000	"slope"	-0.544763995
"0.35"	"0.6"	"0.25"	"0.01"	"0.005"	"0.01"	"100000"	"10000"	"200"	"8209567305275236411"	95000	"intercept"	0.739380015
"0.35"	"0.6"	"0.25"	"0.01"	"0.005"	"0.01"	"100000"	"10000"	"200"	"8209567305275236411"	100000	"slope"	-0.53576856
"0.35"	"0.6"	"0.25"	"0.01"	"0.005"	"0.01"	"100000"	"10000"	"200"	"8209567305275236411"	100000	"intercept"	0.738706255
"0.35"	"0.8"	"0.25"	"0.01"	"0.005"	"0.01"	"100000"	"10000"	"200"	"6138254490909217623"	10	"slope"	2.78714e-06
"0.35"	"0.8"	"0.25"	"0.01"	"0.005"	"0.01"	"100000"	"10000"	"200"	"6138254490909217623"	10	"intercept"	0.50009243
"0.35"	"0.8"	"0.25"	"0.01"	"0.005"	"0.01"	"100000"	"10000"	"200"	"6138254490909217623"	5000	"slope"	-0.141955033
"0.35"	"0.8"	"0.25"	"0.01"	"0.005"	"0.01"	"100000"	"10000"	"200"	"6138254490909217623"	5000	"intercept"	0.472336035
"0.35"	"0.8"	"0.25"	"0.01"	"0.005"	"0.01"	"100000"	"10000"	"200"	"6138254490909217623"	10000	"slope"	-0.272943885
"0.35"	"0.8"	"0.25"	"0.01"	"0.005"	"0.01"	"100000"	"10000"	"200"	"6138254490909217623"	10000	"intercept"	0.54262776
"0.35"	"0.8"	"0.25"	"0.01"	"0.005"	"0.01"	"100000"	"10000"	"200"	"6138254490909217623"	15000	"slope"	-0.41492867
"0.35"	"0.8"	"0.25"	"0.01"	"0.005"	"0.01"	"100000"	"10000"	"200"	"6138254490909217623"	15000	"intercept"	0.63053036
"0.35"	"0.8"	"0.25"	"0.01"	"0.005"	"0.01"	"100000"	"10000"	"200"	"6138254490909217623"	20000	"slope"	-0.494437865
"0.35"	"0.8"	"0.25"	"0.01"	"0.005"	"0.01"	"100000"	"10000"	"200"	"6138254490909217623"	20000	"intercept"	0.687429685
"0.35"	"0.8"	"0.25"	"0.01"	"0.005"	"0.01"	"100000"	"10000"	"200"	"6138254490909217623"	25000	"slope"	-0.60594068
"0.35"	"0.8"	"0.25"	"0.01"	"0.005"	"0.01"	"100000"	"10000"	"200"	"6138254490909217623"	25000	"intercept"	0.757238385
"0.35"	"0.8"	"0.25"	"0.01"	"0.005"	"0.01"	"100000"	"10000"	"200"	"6138254490909217623"	30000	"slope"	-0.60560752
"0.35"	"0.8"	"0.25"	"0.01"	"0.005"	"0.01"	"100000"	"10000"	"200"	"6138254490909217623"	30000	"intercept"	0.771207045
"0.35"	"0.8"	"0.25"	"0.01"	"0.005"	"0.01"	"100000"	"10000"	"200"	"6138254490909217623"	35000	"slope"	-0.63813142
"0.35"	"0.8"	"0.25"	"0.01"	"0.005"	"0.01"	"100000"	"10000"	"200"	"6138254490909217623"	35000	"intercept"	0.784911275
"0.35"	"0.8"	"0.25"	"0.01"	"0.005"	"0.01"	"100000"	"10000"	"200"	"6138254490909217623"	40000	"slope"	-0.677113035
"0.35"	"0.8"	"0.25"	"0.01"	"0.005"	"0.01"	"100000"	"10000"	"200"	"6138254490909217623"	40000	"intercept"	0.818887615
"0.35"	"0.8"	"0.25"	"0.01"	"0.005"	"0.01"	"100000"	"10000"	"200"	"6138254490909217623"	45000	"slope"	-0.692394595
"0.35"	"0.8"	"0.25"	"0.01"	"0.005"	"0.01"	"100000"	"10000"	"200"	"6138254490909217623"	45000	"intercept"	0.83055965
"0.35"	"0.8"	"0.25"	"0.01"	"0.005"	"0.01"	"100000"	"10000"	"200"	"6138254490909217623"	50000	"slope"	-0.72425826
"0.35"	"0.8"	"0.25"	"0.01"	"0.005"	"0.01"	"100000"	"10000"	"200"	"6138254490909217623"	50000	"intercept"	0.847900785
"0.35"	"0.8"	"0.25"	"0.01"	"0.005"	"0.01"	"100000"	"10000"	"200"	"6138254490909217623"	55000	"slope"	-0.670780855
"0.35"	"0.8"	"0.25"	"0.01"	"0.005"	"0.01"	"100000"	"10000"	"200"	"6138254490909217623"	55000	"intercept"	0.814229225
"0.35"	"0.8"	"0.25"	"0.01"	"0.005"	"0.01"	"100000"	"10000"	"200"	"6138254490909217623"	60000	"slope"	-0.671410305
"0.35"	"0.8"	"0.25"	"0.01"	"0.005"	"0.01"	"100000"	"10000"	"200"	"6138254490909217623"	60000	"intercept"	0.81197685
"0.35"	"0.8"	"0.25"	"0.01"	"0.005"	"0.01"	"100000"	"10000"	"200"	"6138254490909217623"	65000	"slope"	-0.68896948
"0.35"	"0.8"	"0.25"	"0.01"	"0.005"	"0.01"	"100000"	"10000"	"200"	"6138254490909217623"	65000	"intercept"	0.828051455
"0.35"	"0.8"	"0.25"	"0.01"	"0.005"	"0.01"	"100000"	"10000"	"200"	"6138254490909217623"	70000	"slope"	-0.666716375
"0.35"	"0.8"	"0.25"	"0.01"	"0.005"	"0.01"	"100000"	"10000"	"200"	"6138254490909217623"	70000	"intercept"	0.80820848
"0.35"	"0.8"	"0.25"	"0.01"	"0.005"	"0.01"	"100000"	"10000"	"200"	"6138254490909217623"	75000	"slope"	-0.70363953
"0.35"	"0.8"	"0.25"	"0.01"	"0.005"	"0.01"	"100000"	"10000"	"200"	"6138254490909217623"	75000	"intercept"	0.84386398
"0.35"	"0.8"	"0.25"	"0.01"	"0.005"	"0.01"	"100000"	"10000"	"200"	"6138254490909217623"	80000	"slope"	-0.739572905
"0.35"	"0.8"	"0.25"	"0.01"	"0.005"	"0.01"	"100000"	"10000"	"200"	"6138254490909217623"	80000	"intercept"	0.860836465
"0.35"	"0.8"	"0.25"	"0.01"	"0.005"	"0.01"	"100000"	"10000"	"200"	"6138254490909217623"	85000	"slope"	-0.76222435
"0.35"	"0.8"	"0.25"	"0.01"	"0.005"	"0.01"	"100000"	"10000"	"200"	"6138254490909217623"	85000	"intercept"	0.879969435
"0.35"	"0.8"	"0.25"	"0.01"	"0.005"	"0.01"	"100000"	"10000"	"200"	"6138254490909217623"	90000	"slope"	-0.769588045
"0.35"	"0.8"	"0.25"	"0.01"	"0.005"	"0.01"	"100000"	"10000"	"200"	"6138254490909217623"	90000	"intercept"	0.893870155
"0.35"	"0.8"	"0.25"	"0.01"	"0.005"	"0.01"	"100000"	"10000"	"200"	"6138254490909217623"	95000	"slope"	-0.72826759
"0.35"	"0.8"	"0.25"	"0.01"	"0.005"	"0.01"	"100000"	"10000"	"200"	"6138254490909217623"	95000	"intercept"	0.861864095
"0.35"	"0.8"	"0.25"	"0.01"	"0.005"	"0.01"	"100000"	"10000"	"200"	"6138254490909217623"	100000	"slope"	-0.710915875
"0.35"	"0.8"	"0.25"	"0.01"	"0.005"	"0.01"	"100000"	"10000"	"200"	"6138254490909217623"	100000	"intercept"	0.847114595
"0.35"	"0.8"	"0.25"	"0.01"	"0.005"	"0.01"	"100000"	"10000"	"200"	"8193794579637720376"	10	"slope"	0.0001576111
"0.35"	"0.8"	"0.25"	"0.01"	"0.005"	"0.01"	"100000"	"10000"	"200"	"8193794579637720376"	10	"intercept"	0.499937815
"0.35"	"0.8"	"0.25"	"0.01"	"0.005"	"0.01"	"100000"	"10000"	"200"	"8193794579637720376"	5000	"slope"	-0.1538197525
"0.35"	"0.8"	"0.25"	"0.01"	"0.005"	"0.01"	"100000"	"10000"	"200"	"8193794579637720376"	5000	"intercept"	0.47329824
"0.35"	"0.8"	"0.25"	"0.01"	"0.005"	"0.01"	"100000"	"10000"	"200"	"8193794579637720376"	10000	"slope"	-0.25705053
"0.35"	"0.8"	"0.25"	"0.01"	"0.005"	"0.01"	"100000"	"10000"	"200"	"8193794579637720376"	10000	"intercept"	0.536910935
"0.35"	"0.8"	"0.25"	"0.01"	"0.005"	"0.01"	"100000"	"10000"	"200"	"8193794579637720376"	15000	"slope"	-0.38145552
"0.35"	"0.8"	"0.25"	"0.01"	"0.005"	"0.01"	"100000"	"10000"	"200"	"8193794579637720376"	15000	"intercept"	0.626859625
"0.35"	"0.8"	"0.25"	"0.01"	"0.005"	"0.01"	"100000"	"10000"	"200"	"8193794579637720376"	20000	"slope"	-0.438790245
"0.35"	"0.8"	"0.25"	"0.01"	"0.005"	"0.01"	"100000"	"10000"	"200"	"8193794579637720376"	20000	"intercept"	0.649030885
"0.35"	"0.8"	"0.25"	"0.01"	"0.005"	"0.01"	"100000"	"10000"	"200"	"8193794579637720376"	25000	"slope"	-0.528585385
"0.35"	"0.8"	"0.25"	"0.01"	"0.005"	"0.01"	"100000"	"10000"	"200"	"8193794579637720376"	25000	"intercept"	0.715939185
"0.35"	"0.8"	"0.25"	"0.01"	"0.005"	"0.01"	"100000"	"10000"	"200"	"8193794579637720376"	30000	"slope"	-0.56107631
"0.35"	"0.8"	"0.25"	"0.01"	"0.005"	"0.01"	"100000"	"10000"	"200"	"8193794579637720376"	30000	"intercept"	0.732661285
"0.35"	"0.8"	"0.25"	"0.01"	"0.005"	"0.01"	"100000"	"10000"	"200"	"8193794579637720376"	35000	"slope"	-0.61024955
"0.35"	"0.8"	"0.25"	"0.01"	"0.005"	"0.01"	"100000"	"10000"	"200"	"8193794579637720376"	35000	"intercept"	0.76893233
"0.35"	"0.8"	"0.25"	"0.01"	"0.005"	"0.01"	"100000"	"10000"	"200"	"8193794579637720376"	40000	"slope"	-0.65926977
"0.35"	"0.8"	"0.25"	"0.01"	"0.005"	"0.01"	"100000"	"10000"	"200"	"8193794579637720376"	40000	"intercept"	0.79870322
"0.35"	"0.8"	"0.25"	"0.01"	"0.005"	"0.01"	"100000"	"10000"	"200"	"8193794579637720376"	45000	"slope"	-0.662138295
"0.35"	"0.8"	"0.25"	"0.01"	"0.005"	"0.01"	"100000"	"10000"	"200"	"8193794579637720376"	45000	"intercept"	0.798156595
"0.35"	"0.8"	"0.25"	"0.01"	"0.005"	"0.01"	"100000"	"10000"	"200"	"8193794579637720376"	50000	"slope"	-0.616387825
"0.35"	"0.8"	"0.25"	"0.01"	"0.005"	"0.01"	"100000"	"10000"	"200"	"8193794579637720376"	50000	"intercept"	0.77759556
"0.35"	"0.8"	"0.25"	"0.01"	"0.005"	"0.01"	"100000"	"10000"	"200"	"8193794579637720376"	55000	"slope"	-0.67056189
"0.35"	"0.8"	"0.25"	"0.01"	"0.005"	"0.01"	"100000"	"10000"	"200"	"8193794579637720376"	55000	"intercept"	0.811292735
"0.35"	"0.8"	"0.25"	"0.01"	"0.005"	"0.01"	"100000"	"10000"	"200"	"8193794579637720376"	60000	"slope"	-0.671257395
"0.35"	"0.8"	"0.25"	"0.01"	"0.005"	"0.01"	"100000"	"10000"	"200"	"8193794579637720376"	60000	"intercept"	0.816686295
"0.35"	"0.8"	"0.25"	"0.01"	"0.005"	"0.01"	"100000"	"10000"	"200"	"8193794579637720376"	65000	"slope"	-0.717751885
"0.35"	"0.8"	"0.25"	"0.01"	"0.005"	"0.01"	"100000"	"10000"	"200"	"8193794579637720376"	65000	"intercept"	0.85311977
"0.35"	"0.8"	"0.25"	"0.01"	"0.005"	"0.01"	"100000"	"10000"	"200"	"8193794579637720376"	70000	"slope"	-0.7034595
"0.35"	"0.8"	"0.25"	"0.01"	"0.005"	"0.01"	"100000"	"10000"	"200"	"8193794579637720376"	70000	"intercept"	0.839667785
"0.35"	"0.8"	"0.25"	"0.01"	"0.005"	"0.01"	"100000"	"10000"	"200"	"8193794579637720376"	75000	"slope"	-0.71720597
"0.35"	"0.8"	"0.25"	"0.01"	"0.005"	"0.01"	"100000"	"10000"	"200"	"8193794579637720376"	75000	"intercept"	0.84559984
"0.35"	"0.8"	"0.25"	"0.01"	"0.005"	"0.01"	"100000"	"10000"	"200"	"8193794579637720376"	80000	"slope"	-0.719702245
"0.35"	"0.8"	"0.25"	"0.01"	"0.005"	"0.01"	"100000"	"10000"	"200"	"8193794579637720376"	80000	"intercept"	0.84639787
"0.35"	"0.8"	"0.25"	"0.01"	"0.005"	"0.01"	"100000"	"10000"	"200"	"8193794579637720376"	85000	"slope"	-0.7226913
"0.35"	"0.8"	"0.25"	"0.01"	"0.005"	"0.01"	"100000"	"10000"	"200"	"8193794579637720376"	85000	"intercept"	0.84714631
"0.35"	"0.8"	"0.25"	"0.01"	"0.005"	"0.01"	"100000"	"10000"	"200"	"8193794579637720376"	90000	"slope"	-0.639616995
"0.35"	"0.8"	"0.25"	"0.01"	"0.005"	"0.01"	"100000"	"10000"	"200"	"8193794579637720376"	90000	"intercept"	0.789229125
"0.35"	"0.8"	"0.25"	"0.01"	"0.005"	"0.01"	"100000"	"10000"	"200"	"8193794579637720376"	95000	"slope"	-0.683437005
"0.35"	"0.8"	"0.25"	"0.01"	"0.005"	"0.01"	"100000"	"10000"	"200"	"8193794579637720376"	95000	"intercept"	0.816005215
"0.35"	"0.8"	"0.25"	"0.01"	"0.005"	"0.01"	"100000"	"10000"	"200"	"8193794579637720376"	100000	"slope"	-0.66622871
"0.35"	"0.8"	"0.25"	"0.01"	"0.005"	"0.01"	"100000"	"10000"	"200"	"8193794579637720376"	100000	"intercept"	0.807580195
"0.35"	"0.8"	"0.25"	"0.01"	"0.005"	"0.01"	"100000"	"10000"	"200"	"8833856591638395600"	10	"slope"	-0.0001337432
"0.35"	"0.8"	"0.25"	"0.01"	"0.005"	"0.01"	"100000"	"10000"	"200"	"8833856591638395600"	10	"intercept"	0.49987341
"0.35"	"0.8"	"0.25"	"0.01"	"0.005"	"0.01"	"100000"	"10000"	"200"	"8833856591638395600"	5000	"slope"	-0.140117429
"0.35"	"0.8"	"0.25"	"0.01"	"0.005"	"0.01"	"100000"	"10000"	"200"	"8833856591638395600"	5000	"intercept"	0.461872375
"0.35"	"0.8"	"0.25"	"0.01"	"0.005"	"0.01"	"100000"	"10000"	"200"	"8833856591638395600"	10000	"slope"	-0.24421287
"0.35"	"0.8"	"0.25"	"0.01"	"0.005"	"0.01"	"100000"	"10000"	"200"	"8833856591638395600"	10000	"intercept"	0.525188555
"0.35"	"0.8"	"0.25"	"0.01"	"0.005"	"0.01"	"100000"	"10000"	"200"	"8833856591638395600"	15000	"slope"	-0.38142069
"0.35"	"0.8"	"0.25"	"0.01"	"0.005"	"0.01"	"100000"	"10000"	"200"	"8833856591638395600"	15000	"intercept"	0.608481445
"0.35"	"0.8"	"0.25"	"0.01"	"0.005"	"0.01"	"100000"	"10000"	"200"	"8833856591638395600"	20000	"slope"	-0.48152546
"0.35"	"0.8"	"0.25"	"0.01"	"0.005"	"0.01"	"100000"	"10000"	"200"	"8833856591638395600"	20000	"intercept"	0.6726137
"0.35"	"0.8"	"0.25"	"0.01"	"0.005"	"0.01"	"100000"	"10000"	"200"	"8833856591638395600"	25000	"slope"	-0.5928375
"0.35"	"0.8"	"0.25"	"0.01"	"0.005"	"0.01"	"100000"	"10000"	"200"	"8833856591638395600"	25000	"intercept"	0.745080265
"0.35"	"0.8"	"0.25"	"0.01"	"0.005"	"0.01"	"100000"	"10000"	"200"	"8833856591638395600"	30000	"slope"	-0.60783576
"0.35"	"0.8"	"0.25"	"0.01"	"0.005"	"0.01"	"100000"	"10000"	"200"	"8833856591638395600"	30000	"intercept"	0.77203186
"0.35"	"0.8"	"0.25"	"0.01"	"0.005"	"0.01"	"100000"	"10000"	"200"	"8833856591638395600"	35000	"slope"	-0.58398253
"0.35"	"0.8"	"0.25"	"0.01"	"0.005"	"0.01"	"100000"	"10000"	"200"	"8833856591638395600"	35000	"intercept"	0.75272059
"0.35"	"0.8"	"0.25"	"0.01"	"0.005"	"0.01"	"100000"	"10000"	"200"	"8833856591638395600"	40000	"slope"	-0.61891317
"0.35"	"0.8"	"0.25"	"0.01"	"0.005"	"0.01"	"100000"	"10000"	"200"	"8833856591638395600"	40000	"intercept"	0.78062233
"0.35"	"0.8"	"0.25"	"0.01"	"0.005"	"0.01"	"100000"	"10000"	"200"	"8833856591638395600"	45000	"slope"	-0.67186986
"0.35"	"0.8"	"0.25"	"0.01"	"0.005"	"0.01"	"100000"	"10000"	"200"	"8833856591638395600"	45000	"intercept"	0.812399045
"0.35"	"0.8"	"0.25"	"0.01"	"0.005"	"0.01"	"100000"	"10000"	"200"	"8833856591638395600"	50000	"slope"	-0.680544765
"0.35"	"0.8"	"0.25"	"0.01"	"0.005"	"0.01"	"100000"	"10000"	"200"	"8833856591638395600"	50000	"intercept"	0.814912855
"0.35"	"0.8"	"0.25"	"0.01"	"0.005"	"0.01"	"100000"	"10000"	"200"	"8833856591638395600"	55000	"slope"	-0.67868375
"0.35"	"0.8"	"0.25"	"0.01"	"0.005"	"0.01"	"100000"	"10000"	"200"	"8833856591638395600"	55000	"intercept"	0.826435295
"0.35"	"0.8"	"0.25"	"0.01"	"0.005"	"0.01"	"100000"	"10000"	"200"	"8833856591638395600"	60000	"slope"	-0.70060099
"0.35"	"0.8"	"0.25"	"0.01"	"0.005"	"0.01"	"100000"	"10000"	"200"	"8833856591638395600"	60000	"intercept"	0.828053885
"0.35"	"0.8"	"0.25"	"0.01"	"0.005"	"0.01"	"100000"	"10000"	"200"	"8833856591638395600"	65000	"slope"	-0.677921615
"0.35"	"0.8"	"0.25"	"0.01"	"0.005"	"0.01"	"100000"	"10000"	"200"	"8833856591638395600"	65000	"intercept"	0.817595725
"0.35"	"0.8"	"0.25"	"0.01"	"0.005"	"0.01"	"100000"	"10000"	"200"	"8833856591638395600"	70000	"slope"	-0.705884545
"0.35"	"0.8"	"0.25"	"0.01"	"0.005"	"0.01"	"100000"	"10000"	"200"	"8833856591638395600"	70000	"intercept"	0.83871839
"0.35"	"0.8"	"0.25"	"0.01"	"0.005"	"0.01"	"100000"	"10000"	"200"	"8833856591638395600"	75000	"slope"	-0.69049868
"0.35"	"0.8"	"0.25"	"0.01"	"0.005"	"0.01"	"100000"	"10000"	"200"	"8833856591638395600"	75000	"intercept"	0.817195805
"0.35"	"0.8"	"0.25"	"0.01"	"0.005"	"0.01"	"100000"	"10000"	"200"	"8833856591638395600"	80000	"slope"	-0.693187685
"0.35"	"0.8"	"0.25"	"0.01"	"0.005"	"0.01"	"100000"	"10000"	"200"	"8833856591638395600"	80000	"intercept"	0.82564792
"0.35"	"0.8"	"0.25"	"0.01"	"0.005"	"0.01"	"100000"	"10000"	"200"	"8833856591638395600"	85000	"slope"	-0.693902905
"0.35"	"0.8"	"0.25"	"0.01"	"0.005"	"0.01"	"100000"	"10000"	"200"	"8833856591638395600"	85000	"intercept"	0.830039235
"0.35"	"0.8"	"0.25"	"0.01"	"0.005"	"0.01"	"100000"	"10000"	"200"	"8833856591638395600"	90000	"slope"	-0.6929782
"0.35"	"0.8"	"0.25"	"0.01"	"0.005"	"0.01"	"100000"	"10000"	"200"	"8833856591638395600"	90000	"intercept"	0.825483475
"0.35"	"0.8"	"0.25"	"0.01"	"0.005"	"0.01"	"100000"	"10000"	"200"	"8833856591638395600"	95000	"slope"	-0.68101885
"0.35"	"0.8"	"0.25"	"0.01"	"0.005"	"0.01"	"100000"	"10000"	"200"	"8833856591638395600"	95000	"intercept"	0.813773855
"0.35"	"0.8"	"0.25"	"0.01"	"0.005"	"0.01"	"100000"	"10000"	"200"	"8833856591638395600"	100000	"slope"	-0.72791087
"0.35"	"0.8"	"0.25"	"0.01"	"0.005"	"0.01"	"100000"	"10000"	"200"	"8833856591638395600"	100000	"intercept"	0.848548695
"0.45"	"0.0"	"0.25"	"0.01"	"0.005"	"0.01"	"100000"	"10000"	"200"	"545879178036451000"	10	"slope"	-4.7045745e-05
"0.45"	"0.0"	"0.25"	"0.01"	"0.005"	"0.01"	"100000"	"10000"	"200"	"545879178036451000"	10	"intercept"	0.49985537
"0.45"	"0.0"	"0.25"	"0.01"	"0.005"	"0.01"	"100000"	"10000"	"200"	"545879178036451000"	5000	"slope"	-0.034481010965
"0.45"	"0.0"	"0.25"	"0.01"	"0.005"	"0.01"	"100000"	"10000"	"200"	"545879178036451000"	5000	"intercept"	0.507862775
"0.45"	"0.0"	"0.25"	"0.01"	"0.005"	"0.01"	"100000"	"10000"	"200"	"545879178036451000"	10000	"slope"	-0.124860672
"0.45"	"0.0"	"0.25"	"0.01"	"0.005"	"0.01"	"100000"	"10000"	"200"	"545879178036451000"	10000	"intercept"	0.56887242
"0.45"	"0.0"	"0.25"	"0.01"	"0.005"	"0.01"	"100000"	"10000"	"200"	"545879178036451000"	15000	"slope"	-0.202679374
"0.45"	"0.0"	"0.25"	"0.01"	"0.005"	"0.01"	"100000"	"10000"	"200"	"545879178036451000"	15000	"intercept"	0.607246655
"0.45"	"0.0"	"0.25"	"0.01"	"0.005"	"0.01"	"100000"	"10000"	"200"	"545879178036451000"	20000	"slope"	-0.26897668
"0.45"	"0.0"	"0.25"	"0.01"	"0.005"	"0.01"	"100000"	"10000"	"200"	"545879178036451000"	20000	"intercept"	0.653242615
"0.45"	"0.0"	"0.25"	"0.01"	"0.005"	"0.01"	"100000"	"10000"	"200"	"545879178036451000"	25000	"slope"	-0.27813929
"0.45"	"0.0"	"0.25"	"0.01"	"0.005"	"0.01"	"100000"	"10000"	"200"	"545879178036451000"	25000	"intercept"	0.648572435
"0.45"	"0.0"	"0.25"	"0.01"	"0.005"	"0.01"	"100000"	"10000"	"200"	"545879178036451000"	30000	"slope"	-0.293125775
"0.45"	"0.0"	"0.25"	"0.01"	"0.005"	"0.01"	"100000"	"10000"	"200"	"545879178036451000"	30000	"intercept"	0.66458397
"0.45"	"0.0"	"0.25"	"0.01"	"0.005"	"0.01"	"100000"	"10000"	"200"	"545879178036451000"	35000	"slope"	-0.27310369
"0.45"	"0.0"	"0.25"	"0.01"	"0.005"	"0.01"	"100000"	"10000"	"200"	"545879178036451000"	35000	"intercept"	0.64812293
"0.45"	"0.0"	"0.25"	"0.01"	"0.005"	"0.01"	"100000"	"10000"	"200"	"545879178036451000"	40000	"slope"	-0.24106137
"0.45"	"0.0"	"0.25"	"0.01"	"0.005"	"0.01"	"100000"	"10000"	"200"	"545879178036451000"	40000	"intercept"	0.62434358
"0.45"	"0.0"	"0.25"	"0.01"	"0.005"	"0.01"	"100000"	"10000"	"200"	"545879178036451000"	45000	"slope"	-0.2358935
"0.45"	"0.0"	"0.25"	"0.01"	"0.005"	"0.01"	"100000"	"10000"	"200"	"545879178036451000"	45000	"intercept"	0.630213455
"0.45"	"0.0"	"0.25"	"0.01"	"0.005"	"0.01"	"100000"	"10000"	"200"	"545879178036451000"	50000	"slope"	-0.26330387
"0.45"	"0.0"	"0.25"	"0.01"	"0.005"	"0.01"	"100000"	"10000"	"200"	"545879178036451000"	50000	"intercept"	0.640043645
"0.45"	"0.0"	"0.25"	"0.01"	"0.005"	"0.01"	"100000"	"10000"	"200"	"545879178036451000"	55000	"slope"	-0.27713634
"0.45"	"0.0"	"0.25"	"0.01"	"0.005"	"0.01"	"100000"	"10000"	"200"	"545879178036451000"	55000	"intercept"	0.65333652
"0.45"	"0.0"	"0.25"	"0.01"	"0.005"	"0.01"	"100000"	"10000"	"200"	"545879178036451000"	60000	"slope"	-0.24976215
"0.45"	"0.0"	"0.25"	"0.01"	"0.005"	"0.01"	"100000"	"10000"	"200"	"545879178036451000"	60000	"intercept"	0.63613281
"0.45"	"0.0"	"0.25"	"0.01"	"0.005"	"0.01"	"100000"	"10000"	"200"	"545879178036451000"	65000	"slope"	-0.290329305
"0.45"	"0.0"	"0.25"	"0.01"	"0.005"	"0.01"	"100000"	"10000"	"200"	"545879178036451000"	65000	"intercept"	0.662329655
"0.45"	"0.0"	"0.25"	"0.01"	"0.005"	"0.01"	"100000"	"10000"	"200"	"545879178036451000"	70000	"slope"	-0.273591725
"0.45"	"0.0"	"0.25"	"0.01"	"0.005"	"0.01"	"100000"	"10000"	"200"	"545879178036451000"	70000	"intercept"	0.65277425
"0.45"	"0.0"	"0.25"	"0.01"	"0.005"	"0.01"	"100000"	"10000"	"200"	"545879178036451000"	75000	"slope"	-0.272617335
"0.45"	"0.0"	"0.25"	"0.01"	"0.005"	"0.01"	"100000"	"10000"	"200"	"545879178036451000"	75000	"intercept"	0.65456586
"0.45"	"0.0"	"0.25"	"0.01"	"0.005"	"0.01"	"100000"	"10000"	"200"	"545879178036451000"	80000	"slope"	-0.306841555
"0.45"	"0.0"	"0.25"	"0.01"	"0.005"	"0.01"	"100000"	"10000"	"200"	"545879178036451000"	80000	"intercept"	0.665500755
"0.45"	"0.0"	"0.25"	"0.01"	"0.005"	"0.01"	"100000"	"10000"	"200"	"545879178036451000"	85000	"slope"	-0.250728965
"0.45"	"0.0"	"0.25"	"0.01"	"0.005"	"0.01"	"100000"	"10000"	"200"	"545879178036451000"	85000	"intercept"	0.63288626
"0.45"	"0.0"	"0.25"	"0.01"	"0.005"	"0.01"	"100000"	"10000"	"200"	"545879178036451000"	90000	"slope"	-0.223498515
"0.45"	"0.0"	"0.25"	"0.01"	"0.005"	"0.01"	"100000"	"10000"	"200"	"545879178036451000"	90000	"intercept"	0.617100385
"0.45"	"0.0"	"0.25"	"0.01"	"0.005"	"0.01"	"100000"	"10000"	"200"	"545879178036451000"	95000	"slope"	-0.257912425
"0.45"	"0.0"	"0.25"	"0.01"	"0.005"	"0.01"	"100000"	"10000"	"200"	"545879178036451000"	95000	"intercept"	0.64709656
"0.45"	"0.0"	"0.25"	"0.01"	"0.005"	"0.01"	"100000"	"10000"	"200"	"545879178036451000"	100000	"slope"	-0.26895168
"0.45"	"0.0"	"0.25"	"0.01"	"0.005"	"0.01"	"100000"	"10000"	"200"	"545879178036451000"	100000	"intercept"	0.651776495
"0.45"	"0.0"	"0.25"	"0.01"	"0.005"	"0.01"	"100000"	"10000"	"200"	"8497427973608772991"	10	"slope"	-1.79115375e-05
"0.45"	"0.0"	"0.25"	"0.01"	"0.005"	"0.01"	"100000"	"10000"	"200"	"8497427973608772991"	10	"intercept"	0.49982506
"0.45"	"0.0"	"0.25"	"0.01"	"0.005"	"0.01"	"100000"	"10000"	"200"	"8497427973608772991"	5000	"slope"	-0.03699905588
"0.45"	"0.0"	"0.25"	"0.01"	"0.005"	"0.01"	"100000"	"10000"	"200"	"8497427973608772991"	5000	"intercept"	0.503185975
"0.45"	"0.0"	"0.25"	"0.01"	"0.005"	"0.01"	"100000"	"10000"	"200"	"8497427973608772991"	10000	"slope"	-0.124630132
"0.45"	"0.0"	"0.25"	"0.01"	"0.005"	"0.01"	"100000"	"10000"	"200"	"8497427973608772991"	10000	"intercept"	0.567146435
"0.45"	"0.0"	"0.25"	"0.01"	"0.005"	"0.01"	"100000"	"10000"	"200"	"8497427973608772991"	15000	"slope"	-0.163500289
"0.45"	"0.0"	"0.25"	"0.01"	"0.005"	"0.01"	"100000"	"10000"	"200"	"8497427973608772991"	15000	"intercept"	0.594629145
"0.45"	"0.0"	"0.25"	"0.01"	"0.005"	"0.01"	"100000"	"10000"	"200"	"8497427973608772991"	20000	"slope"	-0.177088995
"0.45"	"0.0"	"0.25"	"0.01"	"0.005"	"0.01"	"100000"	"10000"	"200"	"8497427973608772991"	20000	"intercept"	0.592265485
"0.45"	"0.0"	"0.25"	"0.01"	"0.005"	"0.01"	"100000"	"10000"	"200"	"8497427973608772991"	25000	"slope"	-0.202936345
"0.45"	"0.0"	"0.25"	"0.01"	"0.005"	"0.01"	"100000"	"10000"	"200"	"8497427973608772991"	25000	"intercept"	0.60153707
"0.45"	"0.0"	"0.25"	"0.01"	"0.005"	"0.01"	"100000"	"10000"	"200"	"8497427973608772991"	30000	"slope"	-0.28412513
"0.45"	"0.0"	"0.25"	"0.01"	"0.005"	"0.01"	"100000"	"10000"	"200"	"8497427973608772991"	30000	"intercept"	0.661113515
"0.45"	"0.0"	"0.25"	"0.01"	"0.005"	"0.01"	"100000"	"10000"	"200"	"8497427973608772991"	35000	"slope"	-0.29539629
"0.45"	"0.0"	"0.25"	"0.01"	"0.005"	"0.01"	"100000"	"10000"	"200"	"8497427973608772991"	35000	"intercept"	0.670533025
"0.45"	"0.0"	"0.25"	"0.01"	"0.005"	"0.01"	"100000"	"10000"	"200"	"8497427973608772991"	40000	"slope"	-0.28293521
"0.45"	"0.0"	"0.25"	"0.01"	"0.005"	"0.01"	"100000"	"10000"	"200"	"8497427973608772991"	40000	"intercept"	0.65117917
"0.45"	"0.0"	"0.25"	"0.01"	"0.005"	"0.01"	"100000"	"10000"	"200"	"8497427973608772991"	45000	"slope"	-0.26911417
"0.45"	"0.0"	"0.25"	"0.01"	"0.005"	"0.01"	"100000"	"10000"	"200"	"8497427973608772991"	45000	"intercept"	0.65316436
"0.45"	"0.0"	"0.25"	"0.01"	"0.005"	"0.01"	"100000"	"10000"	"200"	"8497427973608772991"	50000	"slope"	-0.23676754
"0.45"	"0.0"	"0.25"	"0.01"	"0.005"	"0.01"	"100000"	"10000"	"200"	"8497427973608772991"	50000	"intercept"	0.62797973
"0.45"	"0.0"	"0.25"	"0.01"	"0.005"	"0.01"	"100000"	"10000"	"200"	"8497427973608772991"	55000	"slope"	-0.2729749
"0.45"	"0.0"	"0.25"	"0.01"	"0.005"	"0.01"	"100000"	"10000"	"200"	"8497427973608772991"	55000	"intercept"	0.64846756
"0.45"	"0.0"	"0.25"	"0.01"	"0.005"	"0.01"	"100000"	"10000"	"200"	"8497427973608772991"	60000	"slope"	-0.271441755
"0.45"	"0.0"	"0.25"	"0.01"	"0.005"	"0.01"	"100000"	"10000"	"200"	"8497427973608772991"	60000	"intercept"	0.650138985
"0.45"	"0.0"	"0.25"	"0.01"	"0.005"	"0.01"	"100000"	"10000"	"200"	"8497427973608772991"	65000	"slope"	-0.252965645
"0.45"	"0.0"	"0.25"	"0.01"	"0.005"	"0.01"	"100000"	"10000"	"200"	"8497427973608772991"	65000	"intercept"	0.63795583
"0.45"	"0.0"	"0.25"	"0.01"	"0.005"	"0.01"	"100000"	"10000"	"200"	"8497427973608772991"	70000	"slope"	-0.289275325
"0.45"	"0.0"	"0.25"	"0.01"	"0.005"	"0.01"	"100000"	"10000"	"200"	"8497427973608772991"	70000	"intercept"	0.657834815
"0.45"	"0.0"	"0.25"	"0.01"	"0.005"	"0.01"	"100000"	"10000"	"200"	"8497427973608772991"	75000	"slope"	-0.2535921015
"0.45"	"0.0"	"0.25"	"0.01"	"0.005"	"0.01"	"100000"	"10000"	"200"	"8497427973608772991"	75000	"intercept"	0.64198787
"0.45"	"0.0"	"0.25"	"0.01"	"0.005"	"0.01"	"100000"	"10000"	"200"	"8497427973608772991"	80000	"slope"	-0.262373745
"0.45"	"0.0"	"0.25"	"0.01"	"0.005"	"0.01"	"100000"	"10000"	"200"	"8497427973608772991"	80000	"intercept"	0.644845565
"0.45"	"0.0"	"0.25"	"0.01"	"0.005"	"0.01"	"100000"	"10000"	"200"	"8497427973608772991"	85000	"slope"	-0.27259563
"0.45"	"0.0"	"0.25"	"0.01"	"0.005"	"0.01"	"100000"	"10000"	"200"	"8497427973608772991"	85000	"intercept"	0.64628088
"0.45"	"0.0"	"0.25"	"0.01"	"0.005"	"0.01"	"100000"	"10000"	"200"	"8497427973608772991"	90000	"slope"	-0.264755265
"0.45"	"0.0"	"0.25"	"0.01"	"0.005"	"0.01"	"100000"	"10000"	"200"	"8497427973608772991"	90000	"intercept"	0.650834565
"0.45"	"0.0"	"0.25"	"0.01"	"0.005"	"0.01"	"100000"	"10000"	"200"	"8497427973608772991"	95000	"slope"	-0.28171334
"0.45"	"0.0"	"0.25"	"0.01"	"0.005"	"0.01"	"100000"	"10000"	"200"	"8497427973608772991"	95000	"intercept"	0.646248765
"0.45"	"0.0"	"0.25"	"0.01"	"0.005"	"0.01"	"100000"	"10000"	"200"	"8497427973608772991"	100000	"slope"	-0.260667055
"0.45"	"0.0"	"0.25"	"0.01"	"0.005"	"0.01"	"100000"	"10000"	"200"	"8497427973608772991"	100000	"intercept"	0.64449639
"0.45"	"0.0"	"0.25"	"0.01"	"0.005"	"0.01"	"100000"	"10000"	"200"	"8609282532965678161"	10	"slope"	0.00020060465
"0.45"	"0.0"	"0.25"	"0.01"	"0.005"	"0.01"	"100000"	"10000"	"200"	"8609282532965678161"	10	"intercept"	0.500036025
"0.45"	"0.0"	"0.25"	"0.01"	"0.005"	"0.01"	"100000"	"10000"	"200"	"8609282532965678161"	5000	"slope"	-0.067843725355
"0.45"	"0.0"	"0.25"	"0.01"	"0.005"	"0.01"	"100000"	"10000"	"200"	"8609282532965678161"	5000	"intercept"	0.524864515
"0.45"	"0.0"	"0.25"	"0.01"	"0.005"	"0.01"	"100000"	"10000"	"200"	"8609282532965678161"	10000	"slope"	-0.12733253
"0.45"	"0.0"	"0.25"	"0.01"	"0.005"	"0.01"	"100000"	"10000"	"200"	"8609282532965678161"	10000	"intercept"	0.57209509
"0.45"	"0.0"	"0.25"	"0.01"	"0.005"	"0.01"	"100000"	"10000"	"200"	"8609282532965678161"	15000	"slope"	-0.182959495
"0.45"	"0.0"	"0.25"	"0.01"	"0.005"	"0.01"	"100000"	"10000"	"200"	"8609282532965678161"	15000	"intercept"	0.59557303
"0.45"	"0.0"	"0.25"	"0.01"	"0.005"	"0.01"	"100000"	"10000"	"200"	"8609282532965678161"	20000	"slope"	-0.21445213
"0.45"	"0.0"	"0.25"	"0.01"	"0.005"	"0.01"	"100000"	"10000"	"200"	"8609282532965678161"	20000	"intercept"	0.623903115
"0.45"	"0.0"	"0.25"	"0.01"	"0.005"	"0.01"	"100000"	"10000"	"200"	"8609282532965678161"	25000	"slope"	-0.249472835
"0.45"	"0.0"	"0.25"	"0.01"	"0.005"	"0.01"	"100000"	"10000"	"200"	"8609282532965678161"	25000	"intercept"	0.636276745
"0.45"	"0.0"	"0.25"	"0.01"	"0.005"	"0.01"	"100000"	"10000"	"200"	"8609282532965678161"	30000	"slope"	-0.23773474
"0.45"	"0.0"	"0.25"	"0.01"	"0.005"	"0.01"	"100000"	"10000"	"200"	"8609282532965678161"	30000	"intercept"	0.63539334
"0.45"	"0.0"	"0.25"	"0.01"	"0.005"	"0.01"	"100000"	"10000"	"200"	"8609282532965678161"	35000	"slope"	-0.25625395
"0.45"	"0.0"	"0.25"	"0.01"	"0.005"	"0.01"	"100000"	"10000"	"200"	"8609282532965678161"	35000	"intercept"	0.640839215
"0.45"	"0.0"	"0.25"	"0.01"	"0.005"	"0.01"	"100000"	"10000"	"200"	"8609282532965678161"	40000	"slope"	-0.255816715
"0.45"	"0.0"	"0.25"	"0.01"	"0.005"	"0.01"	"100000"	"10000"	"200"	"8609282532965678161"	40000	"intercept"	0.642816795
"0.45"	"0.0"	"0.25"	"0.01"	"0.005"	"0.01"	"100000"	"10000"	"200"	"8609282532965678161"	45000	"slope"	-0.27096689
"0.45"	"0.0"	"0.25"	"0.01"	"0.005"	"0.01"	"100000"	"10000"	"200"	"8609282532965678161"	45000	"intercept"	0.647594065
"0.45"	"0.0"	"0.25"	"0.01"	"0.005"	"0.01"	"100000"	"10000"	"200"	"8609282532965678161"	50000	"slope"	-0.26796329
"0.45"	"0.0"	"0.25"	"0.01"	"0.005"	"0.01"	"100000"	"10000"	"200"	"8609282532965678161"	50000	"intercept"	0.652846245
"0.45"	"0.0"	"0.25"	"0.01"	"0.005"	"0.01"	"100000"	"10000"	"200"	"8609282532965678161"	55000	"slope"	-0.254158255
"0.45"	"0.0"	"0.25"	"0.01"	"0.005"	"0.01"	"100000"	"10000"	"200"	"8609282532965678161"	55000	"intercept"	0.64446839
"0.45"	"0.0"	"0.25"	"0.01"	"0.005"	"0.01"	"100000"	"10000"	"200"	"8609282532965678161"	60000	"slope"	-0.249133015
"0.45"	"0.0"	"0.25"	"0.01"	"0.005"	"0.01"	"100000"	"10000"	"200"	"8609282532965678161"	60000	"intercept"	0.63907661
"0.45"	"0.0"	"0.25"	"0.01"	"0.005"	"0.01"	"100000"	"10000"	"200"	"8609282532965678161"	65000	"slope"	-0.248015195
"0.45"	"0.0"	"0.25"	"0.01"	"0.005"	"0.01"	"100000"	"10000"	"200"	"8609282532965678161"	65000	"intercept"	0.641709305
"0.45"	"0.0"	"0.25"	"0.01"	"0.005"	"0.01"	"100000"	"10000"	"200"	"8609282532965678161"	70000	"slope"	-0.267252705
"0.45"	"0.0"	"0.25"	"0.01"	"0.005"	"0.01"	"100000"	"10000"	"200"	"8609282532965678161"	70000	"intercept"	0.6468063
"0.45"	"0.0"	"0.25"	"0.01"	"0.005"	"0.01"	"100000"	"10000"	"200"	"8609282532965678161"	75000	"slope"	-0.23983017
"0.45"	"0.0"	"0.25"	"0.01"	"0.005"	"0.01"	"100000"	"10000"	"200"	"8609282532965678161"	75000	"intercept"	0.6316123
"0.45"	"0.0"	"0.25"	"0.01"	"0.005"	"0.01"	"100000"	"10000"	"200"	"8609282532965678161"	80000	"slope"	-0.250725835
"0.45"	"0.0"	"0.25"	"0.01"	"0.005"	"0.01"	"100000"	"10000"	"200"	"8609282532965678161"	80000	"intercept"	0.644711625
"0.45"	"0.0"	"0.25"	"0.01"	"0.005"	"0.01"	"100000"	"10000"	"200"	"8609282532965678161"	85000	"slope"	-0.222580525
"0.45"	"0.0"	"0.25"	"0.01"	"0.005"	"0.01"	"100000"	"10000"	"200"	"8609282532965678161"	85000	"intercept"	0.618445815
"0.45"	"0.0"	"0.25"	"0.01"	"0.005"	"0.01"	"100000"	"10000"	"200"	"8609282532965678161"	90000	"slope"	-0.24183103
"0.45"	"0.0"	"0.25"	"0.01"	"0.005"	"0.01"	"100000"	"10000"	"200"	"8609282532965678161"	90000	"intercept"	0.62755957
"0.45"	"0.0"	"0.25"	"0.01"	"0.005"	"0.01"	"100000"	"10000"	"200"	"8609282532965678161"	95000	"slope"	-0.25246591
"0.45"	"0.0"	"0.25"	"0.01"	"0.005"	"0.01"	"100000"	"10000"	"200"	"8609282532965678161"	95000	"intercept"	0.640834585
"0.45"	"0.0"	"0.25"	"0.01"	"0.005"	"0.01"	"100000"	"10000"	"200"	"8609282532965678161"	100000	"slope"	-0.25963765
"0.45"	"0.0"	"0.25"	"0.01"	"0.005"	"0.01"	"100000"	"10000"	"200"	"8609282532965678161"	100000	"intercept"	0.64334538
"0.45"	"0.4"	"0.25"	"0.01"	"0.005"	"0.01"	"100000"	"10000"	"200"	"36389202750720187"	10	"slope"	9.206195e-05
"0.45"	"0.4"	"0.25"	"0.01"	"0.005"	"0.01"	"100000"	"10000"	"200"	"36389202750720187"	10	"intercept"	0.50008376
"0.45"	"0.4"	"0.25"	"0.01"	"0.005"	"0.01"	"100000"	"10000"	"200"	"36389202750720187"	5000	"slope"	-0.08471957
"0.45"	"0.4"	"0.25"	"0.01"	"0.005"	"0.01"	"100000"	"10000"	"200"	"36389202750720187"	5000	"intercept"	0.49489162
"0.45"	"0.4"	"0.25"	"0.01"	"0.005"	"0.01"	"100000"	"10000"	"200"	"36389202750720187"	10000	"slope"	-0.179049553
"0.45"	"0.4"	"0.25"	"0.01"	"0.005"	"0.01"	"100000"	"10000"	"200"	"36389202750720187"	10000	"intercept"	0.55407824
"0.45"	"0.4"	"0.25"	"0.01"	"0.005"	"0.01"	"100000"	"10000"	"200"	"36389202750720187"	15000	"slope"	-0.288139435
"0.45"	"0.4"	"0.25"	"0.01"	"0.005"	"0.01"	"100000"	"10000"	"200"	"36389202750720187"	15000	"intercept"	0.628251275
"0.45"	"0.4"	"0.25"	"0.01"	"0.005"	"0.01"	"100000"	"10000"	"200"	"36389202750720187"	20000	"slope"	-0.34584892
"0.45"	"0.4"	"0.25"	"0.01"	"0.005"	"0.01"	"100000"	"10000"	"200"	"36389202750720187"	20000	"intercept"	0.671484075
"0.45"	"0.4"	"0.25"	"0.01"	"0.005"	"0.01"	"100000"	"10000"	"200"	"36389202750720187"	25000	"slope"	-0.39093349
"0.45"	"0.4"	"0.25"	"0.01"	"0.005"	"0.01"	"100000"	"10000"	"200"	"36389202750720187"	25000	"intercept"	0.68520607
"0.45"	"0.4"	"0.25"	"0.01"	"0.005"	"0.01"	"100000"	"10000"	"200"	"36389202750720187"	30000	"slope"	-0.40696428
"0.45"	"0.4"	"0.25"	"0.01"	"0.005"	"0.01"	"100000"	"10000"	"200"	"36389202750720187"	30000	"intercept"	0.70095985
"0.45"	"0.4"	"0.25"	"0.01"	"0.005"	"0.01"	"100000"	"10000"	"200"	"36389202750720187"	35000	"slope"	-0.43609573
"0.45"	"0.4"	"0.25"	"0.01"	"0.005"	"0.01"	"100000"	"10000"	"200"	"36389202750720187"	35000	"intercept"	0.72065097
"0.45"	"0.4"	"0.25"	"0.01"	"0.005"	"0.01"	"100000"	"10000"	"200"	"36389202750720187"	40000	"slope"	-0.45820926
"0.45"	"0.4"	"0.25"	"0.01"	"0.005"	"0.01"	"100000"	"10000"	"200"	"36389202750720187"	40000	"intercept"	0.726045095
"0.45"	"0.4"	"0.25"	"0.01"	"0.005"	"0.01"	"100000"	"10000"	"200"	"36389202750720187"	45000	"slope"	-0.43636768
"0.45"	"0.4"	"0.25"	"0.01"	"0.005"	"0.01"	"100000"	"10000"	"200"	"36389202750720187"	45000	"intercept"	0.716942955
"0.45"	"0.4"	"0.25"	"0.01"	"0.005"	"0.01"	"100000"	"10000"	"200"	"36389202750720187"	50000	"slope"	-0.435708085
"0.45"	"0.4"	"0.25"	"0.01"	"0.005"	"0.01"	"100000"	"10000"	"200"	"36389202750720187"	50000	"intercept"	0.716503555
"0.45"	"0.4"	"0.25"	"0.01"	"0.005"	"0.01"	"100000"	"10000"	"200"	"36389202750720187"	55000	"slope"	-0.423718795
"0.45"	"0.4"	"0.25"	"0.01"	"0.005"	"0.01"	"100000"	"10000"	"200"	"36389202750720187"	55000	"intercept"	0.709711355
"0.45"	"0.4"	"0.25"	"0.01"	"0.005"	"0.01"	"100000"	"10000"	"200"	"36389202750720187"	60000	"slope"	-0.45622819
"0.45"	"0.4"	"0.25"	"0.01"	"0.005"	"0.01"	"100000"	"10000"	"200"	"36389202750720187"	60000	"intercept"	0.73174221
"0.45"	"0.4"	"0.25"	"0.01"	"0.005"	"0.01"	"100000"	"10000"	"200"	"36389202750720187"	65000	"slope"	-0.47568978
"0.45"	"0.4"	"0.25"	"0.01"	"0.005"	"0.01"	"100000"	"10000"	"200"	"36389202750720187"	65000	"intercept"	0.74544134
"0.45"	"0.4"	"0.25"	"0.01"	"0.005"	"0.01"	"100000"	"10000"	"200"	"36389202750720187"	70000	"slope"	-0.449102185
"0.45"	"0.4"	"0.25"	"0.01"	"0.005"	"0.01"	"100000"	"10000"	"200"	"36389202750720187"	70000	"intercept"	0.721500265
"0.45"	"0.4"	"0.25"	"0.01"	"0.005"	"0.01"	"100000"	"10000"	"200"	"36389202750720187"	75000	"slope"	-0.426093375
"0.45"	"0.4"	"0.25"	"0.01"	"0.005"	"0.01"	"100000"	"10000"	"200"	"36389202750720187"	75000	"intercept"	0.70265919
"0.45"	"0.4"	"0.25"	"0.01"	"0.005"	"0.01"	"100000"	"10000"	"200"	"36389202750720187"	80000	"slope"	-0.456597445
"0.45"	"0.4"	"0.25"	"0.01"	"0.005"	"0.01"	"100000"	"10000"	"200"	"36389202750720187"	80000	"intercept"	0.727705005
"0.45"	"0.4"	"0.25"	"0.01"	"0.005"	"0.01"	"100000"	"10000"	"200"	"36389202750720187"	85000	"slope"	-0.438852485
"0.45"	"0.4"	"0.25"	"0.01"	"0.005"	"0.01"	"100000"	"10000"	"200"	"36389202750720187"	85000	"intercept"	0.721034145
"0.45"	"0.4"	"0.25"	"0.01"	"0.005"	"0.01"	"100000"	"10000"	"200"	"36389202750720187"	90000	"slope"	-0.49473946
"0.45"	"0.4"	"0.25"	"0.01"	"0.005"	"0.01"	"100000"	"10000"	"200"	"36389202750720187"	90000	"intercept"	0.754989385
"0.45"	"0.4"	"0.25"	"0.01"	"0.005"	"0.01"	"100000"	"10000"	"200"	"36389202750720187"	95000	"slope"	-0.510590365
"0.45"	"0.4"	"0.25"	"0.01"	"0.005"	"0.01"	"100000"	"10000"	"200"	"36389202750720187"	95000	"intercept"	0.766343535
"0.45"	"0.4"	"0.25"	"0.01"	"0.005"	"0.01"	"100000"	"10000"	"200"	"36389202750720187"	100000	"slope"	-0.45386228
"0.45"	"0.4"	"0.25"	"0.01"	"0.005"	"0.01"	"100000"	"10000"	"200"	"36389202750720187"	100000	"intercept"	0.725378715
"0.45"	"0.4"	"0.25"	"0.01"	"0.005"	"0.01"	"100000"	"10000"	"200"	"3864259163421508790"	10	"slope"	6.406325e-05
"0.45"	"0.4"	"0.25"	"0.01"	"0.005"	"0.01"	"100000"	"10000"	"200"	"3864259163421508790"	10	"intercept"	0.499859395
"0.45"	"0.4"	"0.25"	"0.01"	"0.005"	"0.01"	"100000"	"10000"	"200"	"3864259163421508790"	5000	"slope"	-0.077747884275
"0.45"	"0.4"	"0.25"	"0.01"	"0.005"	"0.01"	"100000"	"10000"	"200"	"3864259163421508790"	5000	"intercept"	0.49622991
"0.45"	"0.4"	"0.25"	"0.01"	"0.005"	"0.01"	"100000"	"10000"	"200"	"3864259163421508790"	10000	"slope"	-0.162036885
"0.45"	"0.4"	"0.25"	"0.01"	"0.005"	"0.01"	"100000"	"10000"	"200"	"3864259163421508790"	10000	"intercept"	0.54052458
"0.45"	"0.4"	"0.25"	"0.01"	"0.005"	"0.01"	"100000"	"10000"	"200"	"3864259163421508790"	15000	"slope"	-0.22738884
"0.45"	"0.4"	"0.25"	"0.01"	"0.005"	"0.01"	"100000"	"10000"	"200"	"3864259163421508790"	15000	"intercept"	0.58853596
"0.45"	"0.4"	"0.25"	"0.01"	"0.005"	"0.01"	"100000"	"10000"	"200"	"3864259163421508790"	20000	"slope"	-0.32423703
"0.45"	"0.4"	"0.25"	"0.01"	"0.005"	"0.01"	"100000"	"10000"	"200"	"3864259163421508790"	20000	"intercept"	0.642466995
"0.45"	"0.4"	"0.25"	"0.01"	"0.005"	"0.01"	"100000"	"10000"	"200"	"3864259163421508790"	25000	"slope"	-0.350106815
"0.45"	"0.4"	"0.25"	"0.01"	"0.005"	"0.01"	"100000"	"10000"	"200"	"3864259163421508790"	25000	"intercept"	0.668451305
"0.45"	"0.4"	"0.25"	"0.01"	"0.005"	"0.01"	"100000"	"10000"	"200"	"3864259163421508790"	30000	"slope"	-0.393980135
"0.45"	"0.4"	"0.25"	"0.01"	"0.005"	"0.01"	"100000"	"10000"	"200"	"3864259163421508790"	30000	"intercept"	0.696951335
"0.45"	"0.4"	"0.25"	"0.01"	"0.005"	"0.01"	"100000"	"10000"	"200"	"3864259163421508790"	35000	"slope"	-0.4139667
"0.45"	"0.4"	"0.25"	"0.01"	"0.005"	"0.01"	"100000"	"10000"	"200"	"3864259163421508790"	35000	"intercept"	0.69246906
"0.45"	"0.4"	"0.25"	"0.01"	"0.005"	"0.01"	"100000"	"10000"	"200"	"3864259163421508790"	40000	"slope"	-0.42690938
"0.45"	"0.4"	"0.25"	"0.01"	"0.005"	"0.01"	"100000"	"10000"	"200"	"3864259163421508790"	40000	"intercept"	0.70722524
"0.45"	"0.4"	"0.25"	"0.01"	"0.005"	"0.01"	"100000"	"10000"	"200"	"3864259163421508790"	45000	"slope"	-0.428147185
"0.45"	"0.4"	"0.25"	"0.01"	"0.005"	"0.01"	"100000"	"10000"	"200"	"3864259163421508790"	45000	"intercept"	0.712458695
"0.45"	"0.4"	"0.25"	"0.01"	"0.005"	"0.01"	"100000"	"10000"	"200"	"3864259163421508790"	50000	"slope"	-0.49401365
"0.45"	"0.4"	"0.25"	"0.01"	"0.005"	"0.01"	"100000"	"10000"	"200"	"3864259163421508790"	50000	"intercept"	0.752413985
"0.45"	"0.4"	"0.25"	"0.01"	"0.005"	"0.01"	"100000"	"10000"	"200"	"3864259163421508790"	55000	"slope"	-0.48075313
"0.45"	"0.4"	"0.25"	"0.01"	"0.005"	"0.01"	"100000"	"10000"	"200"	"3864259163421508790"	55000	"intercept"	0.75001686
"0.45"	"0.4"	"0.25"	"0.01"	"0.005"	"0.01"	"100000"	"10000"	"200"	"3864259163421508790"	60000	"slope"	-0.486450955
"0.45"	"0.4"	"0.25"	"0.01"	"0.005"	"0.01"	"100000"	"10000"	"200"	"3864259163421508790"	60000	"intercept"	0.760119185
"0.45"	"0.4"	"0.25"	"0.01"	"0.005"	"0.01"	"100000"	"10000"	"200"	"3864259163421508790"	65000	"slope"	-0.47237074
"0.45"	"0.4"	"0.25"	"0.01"	"0.005"	"0.01"	"100000"	"10000"	"200"	"3864259163421508790"	65000	"intercept"	0.73451826
"0.45"	"0.4"	"0.25"	"0.01"	"0.005"	"0.01"	"100000"	"10000"	"200"	"3864259163421508790"	70000	"slope"	-0.429064655
"0.45"	"0.4"	"0.25"	"0.01"	"0.005"	"0.01"	"100000"	"10000"	"200"	"3864259163421508790"	70000	"intercept"	0.718722275
"0.45"	"0.4"	"0.25"	"0.01"	"0.005"	"0.01"	"100000"	"10000"	"200"	"3864259163421508790"	75000	"slope"	-0.424070925
"0.45"	"0.4"	"0.25"	"0.01"	"0.005"	"0.01"	"100000"	"10000"	"200"	"3864259163421508790"	75000	"intercept"	0.71809815
"0.45"	"0.4"	"0.25"	"0.01"	"0.005"	"0.01"	"100000"	"10000"	"200"	"3864259163421508790"	80000	"slope"	-0.428251685
"0.45"	"0.4"	"0.25"	"0.01"	"0.005"	"0.01"	"100000"	"10000"	"200"	"3864259163421508790"	80000	"intercept"	0.71340406
"0.45"	"0.4"	"0.25"	"0.01"	"0.005"	"0.01"	"100000"	"10000"	"200"	"3864259163421508790"	85000	"slope"	-0.457618545
"0.45"	"0.4"	"0.25"	"0.01"	"0.005"	"0.01"	"100000"	"10000"	"200"	"3864259163421508790"	85000	"intercept"	0.73445642
"0.45"	"0.4"	"0.25"	"0.01"	"0.005"	"0.01"	"100000"	"10000"	"200"	"3864259163421508790"	90000	"slope"	-0.44527078
"0.45"	"0.4"	"0.25"	"0.01"	"0.005"	"0.01"	"100000"	"10000"	"200"	"3864259163421508790"	90000	"intercept"	0.725070715
"0.45"	"0.4"	"0.25"	"0.01"	"0.005"	"0.01"	"100000"	"10000"	"200"	"3864259163421508790"	95000	"slope"	-0.504536095
"0.45"	"0.4"	"0.25"	"0.01"	"0.005"	"0.01"	"100000"	"10000"	"200"	"3864259163421508790"	95000	"intercept"	0.76346944
"0.45"	"0.4"	"0.25"	"0.01"	"0.005"	"0.01"	"100000"	"10000"	"200"	"3864259163421508790"	100000	"slope"	-0.491714015
"0.45"	"0.4"	"0.25"	"0.01"	"0.005"	"0.01"	"100000"	"10000"	"200"	"3864259163421508790"	100000	"intercept"	0.754354245
"0.45"	"0.4"	"0.25"	"0.01"	"0.005"	"0.01"	"100000"	"10000"	"200"	"6027793937130203995"	10	"slope"	0.000133414345
"0.45"	"0.4"	"0.25"	"0.01"	"0.005"	"0.01"	"100000"	"10000"	"200"	"6027793937130203995"	10	"intercept"	0.50006877
"0.45"	"0.4"	"0.25"	"0.01"	"0.005"	"0.01"	"100000"	"10000"	"200"	"6027793937130203995"	5000	"slope"	-0.0942990365
"0.45"	"0.4"	"0.25"	"0.01"	"0.005"	"0.01"	"100000"	"10000"	"200"	"6027793937130203995"	5000	"intercept"	0.50634889
"0.45"	"0.4"	"0.25"	"0.01"	"0.005"	"0.01"	"100000"	"10000"	"200"	"6027793937130203995"	10000	"slope"	-0.161977625
"0.45"	"0.4"	"0.25"	"0.01"	"0.005"	"0.01"	"100000"	"10000"	"200"	"6027793937130203995"	10000	"intercept"	0.551469485
"0.45"	"0.4"	"0.25"	"0.01"	"0.005"	"0.01"	"100000"	"10000"	"200"	"6027793937130203995"	15000	"slope"	-0.25317354
"0.45"	"0.4"	"0.25"	"0.01"	"0.005"	"0.01"	"100000"	"10000"	"200"	"6027793937130203995"	15000	"intercept"	0.60463714
"0.45"	"0.4"	"0.25"	"0.01"	"0.005"	"0.01"	"100000"	"10000"	"200"	"6027793937130203995"	20000	"slope"	-0.32078974
"0.45"	"0.4"	"0.25"	"0.01"	"0.005"	"0.01"	"100000"	"10000"	"200"	"6027793937130203995"	20000	"intercept"	0.638387365
"0.45"	"0.4"	"0.25"	"0.01"	"0.005"	"0.01"	"100000"	"10000"	"200"	"6027793937130203995"	25000	"slope"	-0.386794095
"0.45"	"0.4"	"0.25"	"0.01"	"0.005"	"0.01"	"100000"	"10000"	"200"	"6027793937130203995"	25000	"intercept"	0.68964838
"0.45"	"0.4"	"0.25"	"0.01"	"0.005"	"0.01"	"100000"	"10000"	"200"	"6027793937130203995"	30000	"slope"	-0.43425118
"0.45"	"0.4"	"0.25"	"0.01"	"0.005"	"0.01"	"100000"	"10000"	"200"	"6027793937130203995"	30000	"intercept"	0.716452235
"0.45"	"0.4"	"0.25"	"0.01"	"0.005"	"0.01"	"100000"	"10000"	"200"	"6027793937130203995"	35000	"slope"	-0.43682716
"0.45"	"0.4"	"0.25"	"0.01"	"0.005"	"0.01"	"100000"	"10000"	"200"	"6027793937130203995"	35000	"intercept"	0.714061285
"0.45"	"0.4"	"0.25"	"0.01"	"0.005"	"0.01"	"100000"	"10000"	"200"	"6027793937130203995"	40000	"slope"	-0.446595295
"0.45"	"0.4"	"0.25"	"0.01"	"0.005"	"0.01"	"100000"	"10000"	"200"	"6027793937130203995"	40000	"intercept"	0.725247725
"0.45"	"0.4"	"0.25"	"0.01"	"0.005"	"0.01"	"100000"	"10000"	"200"	"6027793937130203995"	45000	"slope"	-0.480428035
"0.45"	"0.4"	"0.25"	"0.01"	"0.005"	"0.01"	"100000"	"10000"	"200"	"6027793937130203995"	45000	"intercept"	0.7473077
"0.45"	"0.4"	"0.25"	"0.01"	"0.005"	"0.01"	"100000"	"10000"	"200"	"6027793937130203995"	50000	"slope"	-0.505628685
"0.45"	"0.4"	"0.25"	"0.01"	"0.005"	"0.01"	"100000"	"10000"	"200"	"6027793937130203995"	50000	"intercept"	0.758885315
"0.45"	"0.4"	"0.25"	"0.01"	"0.005"	"0.01"	"100000"	"10000"	"200"	"6027793937130203995"	55000	"slope"	-0.483242425
"0.45"	"0.4"	"0.25"	"0.01"	"0.005"	"0.01"	"100000"	"10000"	"200"	"6027793937130203995"	55000	"intercept"	0.7489527
"0.45"	"0.4"	"0.25"	"0.01"	"0.005"	"0.01"	"100000"	"10000"	"200"	"6027793937130203995"	60000	"slope"	-0.46776941
"0.45"	"0.4"	"0.25"	"0.01"	"0.005"	"0.01"	"100000"	"10000"	"200"	"6027793937130203995"	60000	"intercept"	0.734917355
"0.45"	"0.4"	"0.25"	"0.01"	"0.005"	"0.01"	"100000"	"10000"	"200"	"6027793937130203995"	65000	"slope"	-0.500562035
"0.45"	"0.4"	"0.25"	"0.01"	"0.005"	"0.01"	"100000"	"10000"	"200"	"6027793937130203995"	65000	"intercept"	0.761365765
"0.45"	"0.4"	"0.25"	"0.01"	"0.005"	"0.01"	"100000"	"10000"	"200"	"6027793937130203995"	70000	"slope"	-0.540656375
"0.45"	"0.4"	"0.25"	"0.01"	"0.005"	"0.01"	"100000"	"10000"	"200"	"6027793937130203995"	70000	"intercept"	0.778301755
"0.45"	"0.4"	"0.25"	"0.01"	"0.005"	"0.01"	"100000"	"10000"	"200"	"6027793937130203995"	75000	"slope"	-0.475406685
"0.45"	"0.4"	"0.25"	"0.01"	"0.005"	"0.01"	"100000"	"10000"	"200"	"6027793937130203995"	75000	"intercept"	0.74403629
"0.45"	"0.4"	"0.25"	"0.01"	"0.005"	"0.01"	"100000"	"10000"	"200"	"6027793937130203995"	80000	"slope"	-0.488055485
"0.45"	"0.4"	"0.25"	"0.01"	"0.005"	"0.01"	"100000"	"10000"	"200"	"6027793937130203995"	80000	"intercept"	0.7521246
"0.45"	"0.4"	"0.25"	"0.01"	"0.005"	"0.01"	"100000"	"10000"	"200"	"6027793937130203995"	85000	"slope"	-0.421915675
"0.45"	"0.4"	"0.25"	"0.01"	"0.005"	"0.01"	"100000"	"10000"	"200"	"6027793937130203995"	85000	"intercept"	0.71092384
"0.45"	"0.4"	"0.25"	"0.01"	"0.005"	"0.01"	"100000"	"10000"	"200"	"6027793937130203995"	90000	"slope"	-0.438286855
"0.45"	"0.4"	"0.25"	"0.01"	"0.005"	"0.01"	"100000"	"10000"	"200"	"6027793937130203995"	90000	"intercept"	0.71907019
"0.45"	"0.4"	"0.25"	"0.01"	"0.005"	"0.01"	"100000"	"10000"	"200"	"6027793937130203995"	95000	"slope"	-0.426728525
"0.45"	"0.4"	"0.25"	"0.01"	"0.005"	"0.01"	"100000"	"10000"	"200"	"6027793937130203995"	95000	"intercept"	0.71282584
"0.45"	"0.4"	"0.25"	"0.01"	"0.005"	"0.01"	"100000"	"10000"	"200"	"6027793937130203995"	100000	"slope"	-0.36309352
"0.45"	"0.4"	"0.25"	"0.01"	"0.005"	"0.01"	"100000"	"10000"	"200"	"6027793937130203995"	100000	"intercept"	0.67257589
"0.45"	"0.6"	"0.25"	"0.01"	"0.005"	"0.01"	"100000"	"10000"	"200"	"3920862376928047182"	10	"slope"	-0.000171862995
"0.45"	"0.6"	"0.25"	"0.01"	"0.005"	"0.01"	"100000"	"10000"	"200"	"3920862376928047182"	10	"intercept"	0.49984565
"0.45"	"0.6"	"0.25"	"0.01"	"0.005"	"0.01"	"100000"	"10000"	"200"	"3920862376928047182"	5000	"slope"	-0.128808919
"0.45"	"0.6"	"0.25"	"0.01"	"0.005"	"0.01"	"100000"	"10000"	"200"	"3920862376928047182"	5000	"intercept"	0.509121805
"0.45"	"0.6"	"0.25"	"0.01"	"0.005"	"0.01"	"100000"	"10000"	"200"	"3920862376928047182"	10000	"slope"	-0.292508525
"0.45"	"0.6"	"0.25"	"0.01"	"0.005"	"0.01"	"100000"	"10000"	"200"	"3920862376928047182"	10000	"intercept"	0.59662738
"0.45"	"0.6"	"0.25"	"0.01"	"0.005"	"0.01"	"100000"	"10000"	"200"	"3920862376928047182"	15000	"slope"	-0.387593325
"0.45"	"0.6"	"0.25"	"0.01"	"0.005"	"0.01"	"100000"	"10000"	"200"	"3920862376928047182"	15000	"intercept"	0.6632685
"0.45"	"0.6"	"0.25"	"0.01"	"0.005"	"0.01"	"100000"	"10000"	"200"	"3920862376928047182"	20000	"slope"	-0.41267953
"0.45"	"0.6"	"0.25"	"0.01"	"0.005"	"0.01"	"100000"	"10000"	"200"	"3920862376928047182"	20000	"intercept"	0.6815538
"0.45"	"0.6"	"0.25"	"0.01"	"0.005"	"0.01"	"100000"	"10000"	"200"	"3920862376928047182"	25000	"slope"	-0.439355265
"0.45"	"0.6"	"0.25"	"0.01"	"0.005"	"0.01"	"100000"	"10000"	"200"	"3920862376928047182"	25000	"intercept"	0.69937781
"0.45"	"0.6"	"0.25"	"0.01"	"0.005"	"0.01"	"100000"	"10000"	"200"	"3920862376928047182"	30000	"slope"	-0.491937505
"0.45"	"0.6"	"0.25"	"0.01"	"0.005"	"0.01"	"100000"	"10000"	"200"	"3920862376928047182"	30000	"intercept"	0.73677024
"0.45"	"0.6"	"0.25"	"0.01"	"0.005"	"0.01"	"100000"	"10000"	"200"	"3920862376928047182"	35000	"slope"	-0.56330914
"0.45"	"0.6"	"0.25"	"0.01"	"0.005"	"0.01"	"100000"	"10000"	"200"	"3920862376928047182"	35000	"intercept"	0.77968986
"0.45"	"0.6"	"0.25"	"0.01"	"0.005"	"0.01"	"100000"	"10000"	"200"	"3920862376928047182"	40000	"slope"	-0.567158435
"0.45"	"0.6"	"0.25"	"0.01"	"0.005"	"0.01"	"100000"	"10000"	"200"	"3920862376928047182"	40000	"intercept"	0.78036654
"0.45"	"0.6"	"0.25"	"0.01"	"0.005"	"0.01"	"100000"	"10000"	"200"	"3920862376928047182"	45000	"slope"	-0.59277723
"0.45"	"0.6"	"0.25"	"0.01"	"0.005"	"0.01"	"100000"	"10000"	"200"	"3920862376928047182"	45000	"intercept"	0.79420077
"0.45"	"0.6"	"0.25"	"0.01"	"0.005"	"0.01"	"100000"	"10000"	"200"	"3920862376928047182"	50000	"slope"	-0.594677595
"0.45"	"0.6"	"0.25"	"0.01"	"0.005"	"0.01"	"100000"	"10000"	"200"	"3920862376928047182"	50000	"intercept"	0.809359575
"0.45"	"0.6"	"0.25"	"0.01"	"0.005"	"0.01"	"100000"	"10000"	"200"	"3920862376928047182"	55000	"slope"	-0.62740877
"0.45"	"0.6"	"0.25"	"0.01"	"0.005"	"0.01"	"100000"	"10000"	"200"	"3920862376928047182"	55000	"intercept"	0.824587545
"0.45"	"0.6"	"0.25"	"0.01"	"0.005"	"0.01"	"100000"	"10000"	"200"	"3920862376928047182"	60000	"slope"	-0.58205187
"0.45"	"0.6"	"0.25"	"0.01"	"0.005"	"0.01"	"100000"	"10000"	"200"	"3920862376928047182"	60000	"intercept"	0.796313785
"0.45"	"0.6"	"0.25"	"0.01"	"0.005"	"0.01"	"100000"	"10000"	"200"	"3920862376928047182"	65000	"slope"	-0.643272775
"0.45"	"0.6"	"0.25"	"0.01"	"0.005"	"0.01"	"100000"	"10000"	"200"	"3920862376928047182"	65000	"intercept"	0.829232045
"0.45"	"0.6"	"0.25"	"0.01"	"0.005"	"0.01"	"100000"	"10000"	"200"	"3920862376928047182"	70000	"slope"	-0.66481283
"0.45"	"0.6"	"0.25"	"0.01"	"0.005"	"0.01"	"100000"	"10000"	"200"	"3920862376928047182"	70000	"intercept"	0.844889265
"0.45"	"0.6"	"0.25"	"0.01"	"0.005"	"0.01"	"100000"	"10000"	"200"	"3920862376928047182"	75000	"slope"	-0.647335785
"0.45"	"0.6"	"0.25"	"0.01"	"0.005"	"0.01"	"100000"	"10000"	"200"	"3920862376928047182"	75000	"intercept"	0.83193174
"0.45"	"0.6"	"0.25"	"0.01"	"0.005"	"0.01"	"100000"	"10000"	"200"	"3920862376928047182"	80000	"slope"	-0.61873567
"0.45"	"0.6"	"0.25"	"0.01"	"0.005"	"0.01"	"100000"	"10000"	"200"	"3920862376928047182"	80000	"intercept"	0.81040909
"0.45"	"0.6"	"0.25"	"0.01"	"0.005"	"0.01"	"100000"	"10000"	"200"	"3920862376928047182"	85000	"slope"	-0.581394
"0.45"	"0.6"	"0.25"	"0.01"	"0.005"	"0.01"	"100000"	"10000"	"200"	"3920862376928047182"	85000	"intercept"	0.786355595
"0.45"	"0.6"	"0.25"	"0.01"	"0.005"	"0.01"	"100000"	"10000"	"200"	"3920862376928047182"	90000	"slope"	-0.5560391
"0.45"	"0.6"	"0.25"	"0.01"	"0.005"	"0.01"	"100000"	"10000"	"200"	"3920862376928047182"	90000	"intercept"	0.77441344
"0.45"	"0.6"	"0.25"	"0.01"	"0.005"	"0.01"	"100000"	"10000"	"200"	"3920862376928047182"	95000	"slope"	-0.591076465
"0.45"	"0.6"	"0.25"	"0.01"	"0.005"	"0.01"	"100000"	"10000"	"200"	"3920862376928047182"	95000	"intercept"	0.798065385
"0.45"	"0.6"	"0.25"	"0.01"	"0.005"	"0.01"	"100000"	"10000"	"200"	"3920862376928047182"	100000	"slope"	-0.529884925
"0.45"	"0.6"	"0.25"	"0.01"	"0.005"	"0.01"	"100000"	"10000"	"200"	"3920862376928047182"	100000	"intercept"	0.74863549
"0.45"	"0.6"	"0.25"	"0.01"	"0.005"	"0.01"	"100000"	"10000"	"200"	"5582514669151046716"	10	"slope"	7.4926885e-05
"0.45"	"0.6"	"0.25"	"0.01"	"0.005"	"0.01"	"100000"	"10000"	"200"	"5582514669151046716"	10	"intercept"	0.49998629
"0.45"	"0.6"	"0.25"	"0.01"	"0.005"	"0.01"	"100000"	"10000"	"200"	"5582514669151046716"	5000	"slope"	-0.0999078485
"0.45"	"0.6"	"0.25"	"0.01"	"0.005"	"0.01"	"100000"	"10000"	"200"	"5582514669151046716"	5000	"intercept"	0.489715795
"0.45"	"0.6"	"0.25"	"0.01"	"0.005"	"0.01"	"100000"	"10000"	"200"	"5582514669151046716"	10000	"slope"	-0.227519315
"0.45"	"0.6"	"0.25"	"0.01"	"0.005"	"0.01"	"100000"	"10000"	"200"	"5582514669151046716"	10000	"intercept"	0.563825975
"0.45"	"0.6"	"0.25"	"0.01"	"0.005"	"0.01"	"100000"	"10000"	"200"	"5582514669151046716"	15000	"slope"	-0.32400319
"0.45"	"0.6"	"0.25"	"0.01"	"0.005"	"0.01"	"100000"	"10000"	"200"	"5582514669151046716"	15000	"intercept"	0.6286525
"0.45"	"0.6"	"0.25"	"0.01"	"0.005"	"0.01"	"100000"	"10000"	"200"	"5582514669151046716"	20000	"slope"	-0.38715734
"0.45"	"0.6"	"0.25"	"0.01"	"0.005"	"0.01"	"100000"	"10000"	"200"	"5582514669151046716"	20000	"intercept"	0.66321708
"0.45"	"0.6"	"0.25"	"0.01"	"0.005"	"0.01"	"100000"	"10000"	"200"	"5582514669151046716"	25000	"slope"	-0.45048213
"0.45"	"0.6"	"0.25"	"0.01"	"0.005"	"0.01"	"100000"	"10000"	"200"	"5582514669151046716"	25000	"intercept"	0.701648175
"0.45"	"0.6"	"0.25"	"0.01"	"0.005"	"0.01"	"100000"	"10000"	"200"	"5582514669151046716"	30000	"slope"	-0.45596113
"0.45"	"0.6"	"0.25"	"0.01"	"0.005"	"0.01"	"100000"	"10000"	"200"	"5582514669151046716"	30000	"intercept"	0.720949725
"0.45"	"0.6"	"0.25"	"0.01"	"0.005"	"0.01"	"100000"	"10000"	"200"	"5582514669151046716"	35000	"slope"	-0.54065706
"0.45"	"0.6"	"0.25"	"0.01"	"0.005"	"0.01"	"100000"	"10000"	"200"	"5582514669151046716"	35000	"intercept"	0.756324825
"0.45"	"0.6"	"0.25"	"0.01"	"0.005"	"0.01"	"100000"	"10000"	"200"	"5582514669151046716"	40000	"slope"	-0.56953457
"0.45"	"0.6"	"0.25"	"0.01"	"0.005"	"0.01"	"100000"	"10000"	"200"	"5582514669151046716"	40000	"intercept"	0.780810295
"0.45"	"0.6"	"0.25"	"0.01"	"0.005"	"0.01"	"100000"	"10000"	"200"	"5582514669151046716"	45000	"slope"	-0.582853155
"0.45"	"0.6"	"0.25"	"0.01"	"0.005"	"0.01"	"100000"	"10000"	"200"	"5582514669151046716"	45000	"intercept"	0.790447085
"0.45"	"0.6"	"0.25"	"0.01"	"0.005"	"0.01"	"100000"	"10000"	"200"	"5582514669151046716"	50000	"slope"	-0.563141775
"0.45"	"0.6"	"0.25"	"0.01"	"0.005"	"0.01"	"100000"	"10000"	"200"	"5582514669151046716"	50000	"intercept"	0.776793205
"0.45"	"0.6"	"0.25"	"0.01"	"0.005"	"0.01"	"100000"	"10000"	"200"	"5582514669151046716"	55000	"slope"	-0.535866945
"0.45"	"0.6"	"0.25"	"0.01"	"0.005"	"0.01"	"100000"	"10000"	"200"	"5582514669151046716"	55000	"intercept"	0.762657885
"0.45"	"0.6"	"0.25"	"0.01"	"0.005"	"0.01"	"100000"	"10000"	"200"	"5582514669151046716"	60000	"slope"	-0.550747265
"0.45"	"0.6"	"0.25"	"0.01"	"0.005"	"0.01"	"100000"	"10000"	"200"	"5582514669151046716"	60000	"intercept"	0.77465641
"0.45"	"0.6"	"0.25"	"0.01"	"0.005"	"0.01"	"100000"	"10000"	"200"	"5582514669151046716"	65000	"slope"	-0.54192912
"0.45"	"0.6"	"0.25"	"0.01"	"0.005"	"0.01"	"100000"	"10000"	"200"	"5582514669151046716"	65000	"intercept"	0.76962989
"0.45"	"0.6"	"0.25"	"0.01"	"0.005"	"0.01"	"100000"	"10000"	"200"	"5582514669151046716"	70000	"slope"	-0.565579585
"0.45"	"0.6"	"0.25"	"0.01"	"0.005"	"0.01"	"100000"	"10000"	"200"	"5582514669151046716"	70000	"intercept"	0.78974759
"0.45"	"0.6"	"0.25"	"0.01"	"0.005"	"0.01"	"100000"	"10000"	"200"	"5582514669151046716"	75000	"slope"	-0.59360722
"0.45"	"0.6"	"0.25"	"0.01"	"0.005"	"0.01"	"100000"	"10000"	"200"	"5582514669151046716"	75000	"intercept"	0.79938406
"0.45"	"0.6"	"0.25"	"0.01"	"0.005"	"0.01"	"100000"	"10000"	"200"	"5582514669151046716"	80000	"slope"	-0.598128485
"0.45"	"0.6"	"0.25"	"0.01"	"0.005"	"0.01"	"100000"	"10000"	"200"	"5582514669151046716"	80000	"intercept"	0.802926465
"0.45"	"0.6"	"0.25"	"0.01"	"0.005"	"0.01"	"100000"	"10000"	"200"	"5582514669151046716"	85000	"slope"	-0.598518755
"0.45"	"0.6"	"0.25"	"0.01"	"0.005"	"0.01"	"100000"	"10000"	"200"	"5582514669151046716"	85000	"intercept"	0.79406583
"0.45"	"0.6"	"0.25"	"0.01"	"0.005"	"0.01"	"100000"	"10000"	"200"	"5582514669151046716"	90000	"slope"	-0.58581442
"0.45"	"0.6"	"0.25"	"0.01"	"0.005"	"0.01"	"100000"	"10000"	"200"	"5582514669151046716"	90000	"intercept"	0.79158955
"0.45"	"0.6"	"0.25"	"0.01"	"0.005"	"0.01"	"100000"	"10000"	"200"	"5582514669151046716"	95000	"slope"	-0.6033222
"0.45"	"0.6"	"0.25"	"0.01"	"0.005"	"0.01"	"100000"	"10000"	"200"	"5582514669151046716"	95000	"intercept"	0.803912195
"0.45"	"0.6"	"0.25"	"0.01"	"0.005"	"0.01"	"100000"	"10000"	"200"	"5582514669151046716"	100000	"slope"	-0.572053335
"0.45"	"0.6"	"0.25"	"0.01"	"0.005"	"0.01"	"100000"	"10000"	"200"	"5582514669151046716"	100000	"intercept"	0.77600987
"0.45"	"0.6"	"0.25"	"0.01"	"0.005"	"0.01"	"100000"	"10000"	"200"	"8187871165430934624"	10	"slope"	8.78925055e-05
"0.45"	"0.6"	"0.25"	"0.01"	"0.005"	"0.01"	"100000"	"10000"	"200"	"8187871165430934624"	10	"intercept"	0.50009538
"0.45"	"0.6"	"0.25"	"0.01"	"0.005"	"0.01"	"100000"	"10000"	"200"	"8187871165430934624"	5000	"slope"	-0.131199822
"0.45"	"0.6"	"0.25"	"0.01"	"0.005"	"0.01"	"100000"	"10000"	"200"	"8187871165430934624"	5000	"intercept"	0.51483388
"0.45"	"0.6"	"0.25"	"0.01"	"0.005"	"0.01"	"100000"	"10000"	"200"	"8187871165430934624"	10000	"slope"	-0.277288065
"0.45"	"0.6"	"0.25"	"0.01"	"0.005"	"0.01"	"100000"	"10000"	"200"	"8187871165430934624"	10000	"intercept"	0.600621825
"0.45"	"0.6"	"0.25"	"0.01"	"0.005"	"0.01"	"100000"	"10000"	"200"	"8187871165430934624"	15000	"slope"	-0.4154356
"0.45"	"0.6"	"0.25"	"0.01"	"0.005"	"0.01"	"100000"	"10000"	"200"	"8187871165430934624"	15000	"intercept"	0.674943525
"0.45"	"0.6"	"0.25"	"0.01"	"0.005"	"0.01"	"100000"	"10000"	"200"	"8187871165430934624"	20000	"slope"	-0.435412775
"0.45"	"0.6"	"0.25"	"0.01"	"0.005"	"0.01"	"100000"	"10000"	"200"	"8187871165430934624"	20000	"intercept"	0.695367525
"0.45"	"0.6"	"0.25"	"0.01"	"0.005"	"0.01"	"100000"	"10000"	"200"	"8187871165430934624"	25000	"slope"	-0.506041245
"0.45"	"0.6"	"0.25"	"0.01"	"0.005"	"0.01"	"100000"	"10000"	"200"	"8187871165430934624"	25000	"intercept"	0.742667385
"0.45"	"0.6"	"0.25"	"0.01"	"0.005"	"0.01"	"100000"	"10000"	"200"	"8187871165430934624"	30000	"slope"	-0.54297035
"0.45"	"0.6"	"0.25"	"0.01"	"0.005"	"0.01"	"100000"	"10000"	"200"	"8187871165430934624"	30000	"intercept"	0.770698245
"0.45"	"0.6"	"0.25"	"0.01"	"0.005"	"0.01"	"100000"	"10000"	"200"	"8187871165430934624"	35000	"slope"	-0.534757605
"0.45"	"0.6"	"0.25"	"0.01"	"0.005"	"0.01"	"100000"	"10000"	"200"	"8187871165430934624"	35000	"intercept"	0.76070684
"0.45"	"0.6"	"0.25"	"0.01"	"0.005"	"0.01"	"100000"	"10000"	"200"	"8187871165430934624"	40000	"slope"	-0.6023084
"0.45"	"0.6"	"0.25"	"0.01"	"0.005"	"0.01"	"100000"	"10000"	"200"	"8187871165430934624"	40000	"intercept"	0.800157945
"0.45"	"0.6"	"0.25"	"0.01"	"0.005"	"0.01"	"100000"	"10000"	"200"	"8187871165430934624"	45000	"slope"	-0.617925905
"0.45"	"0.6"	"0.25"	"0.01"	"0.005"	"0.01"	"100000"	"10000"	"200"	"8187871165430934624"	45000	"intercept"	0.80972304
"0.45"	"0.6"	"0.25"	"0.01"	"0.005"	"0.01"	"100000"	"10000"	"200"	"8187871165430934624"	50000	"slope"	-0.606003255
"0.45"	"0.6"	"0.25"	"0.01"	"0.005"	"0.01"	"100000"	"10000"	"200"	"8187871165430934624"	50000	"intercept"	0.807009415
"0.45"	"0.6"	"0.25"	"0.01"	"0.005"	"0.01"	"100000"	"10000"	"200"	"8187871165430934624"	55000	"slope"	-0.57251139
"0.45"	"0.6"	"0.25"	"0.01"	"0.005"	"0.01"	"100000"	"10000"	"200"	"8187871165430934624"	55000	"intercept"	0.781801215
"0.45"	"0.6"	"0.25"	"0.01"	"0.005"	"0.01"	"100000"	"10000"	"200"	"8187871165430934624"	60000	"slope"	-0.541512645
"0.45"	"0.6"	"0.25"	"0.01"	"0.005"	"0.01"	"100000"	"10000"	"200"	"8187871165430934624"	60000	"intercept"	0.754802785
"0.45"	"0.6"	"0.25"	"0.01"	"0.005"	"0.01"	"100000"	"10000"	"200"	"8187871165430934624"	65000	"slope"	-0.5535423
"0.45"	"0.6"	"0.25"	"0.01"	"0.005"	"0.01"	"100000"	"10000"	"200"	"8187871165430934624"	65000	"intercept"	0.770712735
"0.45"	"0.6"	"0.25"	"0.01"	"0.005"	"0.01"	"100000"	"10000"	"200"	"8187871165430934624"	70000	"slope"	-0.513959945
"0.45"	"0.6"	"0.25"	"0.01"	"0.005"	"0.01"	"100000"	"10000"	"200"	"8187871165430934624"	70000	"intercept"	0.755812935
"0.45"	"0.6"	"0.25"	"0.01"	"0.005"	"0.01"	"100000"	"10000"	"200"	"8187871165430934624"	75000	"slope"	-0.55968521
"0.45"	"0.6"	"0.25"	"0.01"	"0.005"	"0.01"	"100000"	"10000"	"200"	"8187871165430934624"	75000	"intercept"	0.78227824
"0.45"	"0.6"	"0.25"	"0.01"	"0.005"	"0.01"	"100000"	"10000"	"200"	"8187871165430934624"	80000	"slope"	-0.58303276
"0.45"	"0.6"	"0.25"	"0.01"	"0.005"	"0.01"	"100000"	"10000"	"200"	"8187871165430934624"	80000	"intercept"	0.79821568
"0.45"	"0.6"	"0.25"	"0.01"	"0.005"	"0.01"	"100000"	"10000"	"200"	"8187871165430934624"	85000	"slope"	-0.58418509
"0.45"	"0.6"	"0.25"	"0.01"	"0.005"	"0.01"	"100000"	"10000"	"200"	"8187871165430934624"	85000	"intercept"	0.791763405
"0.45"	"0.6"	"0.25"	"0.01"	"0.005"	"0.01"	"100000"	"10000"	"200"	"8187871165430934624"	90000	"slope"	-0.58268128
"0.45"	"0.6"	"0.25"	"0.01"	"0.005"	"0.01"	"100000"	"10000"	"200"	"8187871165430934624"	90000	"intercept"	0.79056833
"0.45"	"0.6"	"0.25"	"0.01"	"0.005"	"0.01"	"100000"	"10000"	"200"	"8187871165430934624"	95000	"slope"	-0.6047095
"0.45"	"0.6"	"0.25"	"0.01"	"0.005"	"0.01"	"100000"	"10000"	"200"	"8187871165430934624"	95000	"intercept"	0.803897185
"0.45"	"0.6"	"0.25"	"0.01"	"0.005"	"0.01"	"100000"	"10000"	"200"	"8187871165430934624"	100000	"slope"	-0.568399395
"0.45"	"0.6"	"0.25"	"0.01"	"0.005"	"0.01"	"100000"	"10000"	"200"	"8187871165430934624"	100000	"intercept"	0.77909535
"0.45"	"0.8"	"0.25"	"0.01"	"0.005"	"0.01"	"100000"	"10000"	"200"	"1738325691060498789"	10	"slope"	4.947692e-05
"0.45"	"0.8"	"0.25"	"0.01"	"0.005"	"0.01"	"100000"	"10000"	"200"	"1738325691060498789"	10	"intercept"	0.50017637
"0.45"	"0.8"	"0.25"	"0.01"	"0.005"	"0.01"	"100000"	"10000"	"200"	"1738325691060498789"	5000	"slope"	-0.1522715655
"0.45"	"0.8"	"0.25"	"0.01"	"0.005"	"0.01"	"100000"	"10000"	"200"	"1738325691060498789"	5000	"intercept"	0.48612075
"0.45"	"0.8"	"0.25"	"0.01"	"0.005"	"0.01"	"100000"	"10000"	"200"	"1738325691060498789"	10000	"slope"	-0.264604105
"0.45"	"0.8"	"0.25"	"0.01"	"0.005"	"0.01"	"100000"	"10000"	"200"	"1738325691060498789"	10000	"intercept"	0.54811722
"0.45"	"0.8"	"0.25"	"0.01"	"0.005"	"0.01"	"100000"	"10000"	"200"	"1738325691060498789"	15000	"slope"	-0.390652455
"0.45"	"0.8"	"0.25"	"0.01"	"0.005"	"0.01"	"100000"	"10000"	"200"	"1738325691060498789"	15000	"intercept"	0.636633245
"0.45"	"0.8"	"0.25"	"0.01"	"0.005"	"0.01"	"100000"	"10000"	"200"	"1738325691060498789"	20000	"slope"	-0.45595537
"0.45"	"0.8"	"0.25"	"0.01"	"0.005"	"0.01"	"100000"	"10000"	"200"	"1738325691060498789"	20000	"intercept"	0.67999653
"0.45"	"0.8"	"0.25"	"0.01"	"0.005"	"0.01"	"100000"	"10000"	"200"	"1738325691060498789"	25000	"slope"	-0.512536185
"0.45"	"0.8"	"0.25"	"0.01"	"0.005"	"0.01"	"100000"	"10000"	"200"	"1738325691060498789"	25000	"intercept"	0.72139964
"0.45"	"0.8"	"0.25"	"0.01"	"0.005"	"0.01"	"100000"	"10000"	"200"	"1738325691060498789"	30000	"slope"	-0.643569675
"0.45"	"0.8"	"0.25"	"0.01"	"0.005"	"0.01"	"100000"	"10000"	"200"	"1738325691060498789"	30000	"intercept"	0.805332485
"0.45"	"0.8"	"0.25"	"0.01"	"0.005"	"0.01"	"100000"	"10000"	"200"	"1738325691060498789"	35000	"slope"	-0.66505401
"0.45"	"0.8"	"0.25"	"0.01"	"0.005"	"0.01"	"100000"	"10000"	"200"	"1738325691060498789"	35000	"intercept"	0.82771984
"0.45"	"0.8"	"0.25"	"0.01"	"0.005"	"0.01"	"100000"	"10000"	"200"	"1738325691060498789"	40000	"slope"	-0.687192905
"0.45"	"0.8"	"0.25"	"0.01"	"0.005"	"0.01"	"100000"	"10000"	"200"	"1738325691060498789"	40000	"intercept"	0.841190775
"0.45"	"0.8"	"0.25"	"0.01"	"0.005"	"0.01"	"100000"	"10000"	"200"	"1738325691060498789"	45000	"slope"	-0.689508615
"0.45"	"0.8"	"0.25"	"0.01"	"0.005"	"0.01"	"100000"	"10000"	"200"	"1738325691060498789"	45000	"intercept"	0.847321495
"0.45"	"0.8"	"0.25"	"0.01"	"0.005"	"0.01"	"100000"	"10000"	"200"	"1738325691060498789"	50000	"slope"	-0.76090684
"0.45"	"0.8"	"0.25"	"0.01"	"0.005"	"0.01"	"100000"	"10000"	"200"	"1738325691060498789"	50000	"intercept"	0.888585035
"0.45"	"0.8"	"0.25"	"0.01"	"0.005"	"0.01"	"100000"	"10000"	"200"	"1738325691060498789"	55000	"slope"	-0.728045805
"0.45"	"0.8"	"0.25"	"0.01"	"0.005"	"0.01"	"100000"	"10000"	"200"	"1738325691060498789"	55000	"intercept"	0.86632924
"0.45"	"0.8"	"0.25"	"0.01"	"0.005"	"0.01"	"100000"	"10000"	"200"	"1738325691060498789"	60000	"slope"	-0.689128845
"0.45"	"0.8"	"0.25"	"0.01"	"0.005"	"0.01"	"100000"	"10000"	"200"	"1738325691060498789"	60000	"intercept"	0.840577365
"0.45"	"0.8"	"0.25"	"0.01"	"0.005"	"0.01"	"100000"	"10000"	"200"	"1738325691060498789"	65000	"slope"	-0.695987315
"0.45"	"0.8"	"0.25"	"0.01"	"0.005"	"0.01"	"100000"	"10000"	"200"	"1738325691060498789"	65000	"intercept"	0.84200144
"0.45"	"0.8"	"0.25"	"0.01"	"0.005"	"0.01"	"100000"	"10000"	"200"	"1738325691060498789"	70000	"slope"	-0.69980798
"0.45"	"0.8"	"0.25"	"0.01"	"0.005"	"0.01"	"100000"	"10000"	"200"	"1738325691060498789"	70000	"intercept"	0.845025695
"0.45"	"0.8"	"0.25"	"0.01"	"0.005"	"0.01"	"100000"	"10000"	"200"	"1738325691060498789"	75000	"slope"	-0.695551565
"0.45"	"0.8"	"0.25"	"0.01"	"0.005"	"0.01"	"100000"	"10000"	"200"	"1738325691060498789"	75000	"intercept"	0.847154375
"0.45"	"0.8"	"0.25"	"0.01"	"0.005"	"0.01"	"100000"	"10000"	"200"	"1738325691060498789"	80000	"slope"	-0.712116825
"0.45"	"0.8"	"0.25"	"0.01"	"0.005"	"0.01"	"100000"	"10000"	"200"	"1738325691060498789"	80000	"intercept"	0.861222355
"0.45"	"0.8"	"0.25"	"0.01"	"0.005"	"0.01"	"100000"	"10000"	"200"	"1738325691060498789"	85000	"slope"	-0.742506205
"0.45"	"0.8"	"0.25"	"0.01"	"0.005"	"0.01"	"100000"	"10000"	"200"	"1738325691060498789"	85000	"intercept"	0.88327575
"0.45"	"0.8"	"0.25"	"0.01"	"0.005"	"0.01"	"100000"	"10000"	"200"	"1738325691060498789"	90000	"slope"	-0.727895655
"0.45"	"0.8"	"0.25"	"0.01"	"0.005"	"0.01"	"100000"	"10000"	"200"	"1738325691060498789"	90000	"intercept"	0.873480835
"0.45"	"0.8"	"0.25"	"0.01"	"0.005"	"0.01"	"100000"	"10000"	"200"	"1738325691060498789"	95000	"slope"	-0.73353177
"0.45"	"0.8"	"0.25"	"0.01"	"0.005"	"0.01"	"100000"	"10000"	"200"	"1738325691060498789"	95000	"intercept"	0.862510475
"0.45"	"0.8"	"0.25"	"0.01"	"0.005"	"0.01"	"100000"	"10000"	"200"	"1738325691060498789"	100000	"slope"	-0.722458595
"0.45"	"0.8"	"0.25"	"0.01"	"0.005"	"0.01"	"100000"	"10000"	"200"	"1738325691060498789"	100000	"intercept"	0.861475825
"0.45"	"0.8"	"0.25"	"0.01"	"0.005"	"0.01"	"100000"	"10000"	"200"	"3466636697764824383"	10	"slope"	-0.000158745325
"0.45"	"0.8"	"0.25"	"0.01"	"0.005"	"0.01"	"100000"	"10000"	"200"	"3466636697764824383"	10	"intercept"	0.500211375
"0.45"	"0.8"	"0.25"	"0.01"	"0.005"	"0.01"	"100000"	"10000"	"200"	"3466636697764824383"	5000	"slope"	-0.1325380235
"0.45"	"0.8"	"0.25"	"0.01"	"0.005"	"0.01"	"100000"	"10000"	"200"	"3466636697764824383"	5000	"intercept"	0.470695775
"0.45"	"0.8"	"0.25"	"0.01"	"0.005"	"0.01"	"100000"	"10000"	"200"	"3466636697764824383"	10000	"slope"	-0.2491459
"0.45"	"0.8"	"0.25"	"0.01"	"0.005"	"0.01"	"100000"	"10000"	"200"	"3466636697764824383"	10000	"intercept"	0.5523917
"0.45"	"0.8"	"0.25"	"0.01"	"0.005"	"0.01"	"100000"	"10000"	"200"	"3466636697764824383"	15000	"slope"	-0.38449582
"0.45"	"0.8"	"0.25"	"0.01"	"0.005"	"0.01"	"100000"	"10000"	"200"	"3466636697764824383"	15000	"intercept"	0.638425635
"0.45"	"0.8"	"0.25"	"0.01"	"0.005"	"0.01"	"100000"	"10000"	"200"	"3466636697764824383"	20000	"slope"	-0.45697005
"0.45"	"0.8"	"0.25"	"0.01"	"0.005"	"0.01"	"100000"	"10000"	"200"	"3466636697764824383"	20000	"intercept"	0.680808535
"0.45"	"0.8"	"0.25"	"0.01"	"0.005"	"0.01"	"100000"	"10000"	"200"	"3466636697764824383"	25000	"slope"	-0.55206622
"0.45"	"0.8"	"0.25"	"0.01"	"0.005"	"0.01"	"100000"	"10000"	"200"	"3466636697764824383"	25000	"intercept"	0.75240001
"0.45"	"0.8"	"0.25"	"0.01"	"0.005"	"0.01"	"100000"	"10000"	"200"	"3466636697764824383"	30000	"slope"	-0.64898906
"0.45"	"0.8"	"0.25"	"0.01"	"0.005"	"0.01"	"100000"	"10000"	"200"	"3466636697764824383"	30000	"intercept"	0.81117042
"0.45"	"0.8"	"0.25"	"0.01"	"0.005"	"0.01"	"100000"	"10000"	"200"	"3466636697764824383"	35000	"slope"	-0.682722495
"0.45"	"0.8"	"0.25"	"0.01"	"0.005"	"0.01"	"100000"	"10000"	"200"	"3466636697764824383"	35000	"intercept"	0.826751985
"0.45"	"0.8"	"0.25"	"0.01"	"0.005"	"0.01"	"100000"	"10000"	"200"	"3466636697764824383"	40000	"slope"	-0.701724065
"0.45"	"0.8"	"0.25"	"0.01"	"0.005"	"0.01"	"100000"	"10000"	"200"	"3466636697764824383"	40000	"intercept"	0.84989711
"0.45"	"0.8"	"0.25"	"0.01"	"0.005"	"0.01"	"100000"	"10000"	"200"	"3466636697764824383"	45000	"slope"	-0.67786332
"0.45"	"0.8"	"0.25"	"0.01"	"0.005"	"0.01"	"100000"	"10000"	"200"	"3466636697764824383"	45000	"intercept"	0.83203041
"0.45"	"0.8"	"0.25"	"0.01"	"0.005"	"0.01"	"100000"	"10000"	"200"	"3466636697764824383"	50000	"slope"	-0.759327605
"0.45"	"0.8"	"0.25"	"0.01"	"0.005"	"0.01"	"100000"	"10000"	"200"	"3466636697764824383"	50000	"intercept"	0.895343625
"0.45"	"0.8"	"0.25"	"0.01"	"0.005"	"0.01"	"100000"	"10000"	"200"	"3466636697764824383"	55000	"slope"	-0.79471231
"0.45"	"0.8"	"0.25"	"0.01"	"0.005"	"0.01"	"100000"	"10000"	"200"	"3466636697764824383"	55000	"intercept"	0.91513986
"0.45"	"0.8"	"0.25"	"0.01"	"0.005"	"0.01"	"100000"	"10000"	"200"	"3466636697764824383"	60000	"slope"	-0.779142885
"0.45"	"0.8"	"0.25"	"0.01"	"0.005"	"0.01"	"100000"	"10000"	"200"	"3466636697764824383"	60000	"intercept"	0.90621284
"0.45"	"0.8"	"0.25"	"0.01"	"0.005"	"0.01"	"100000"	"10000"	"200"	"3466636697764824383"	65000	"slope"	-0.776351935
"0.45"	"0.8"	"0.25"	"0.01"	"0.005"	"0.01"	"100000"	"10000"	"200"	"3466636697764824383"	65000	"intercept"	0.909424055
"0.45"	"0.8"	"0.25"	"0.01"	"0.005"	"0.01"	"100000"	"10000"	"200"	"3466636697764824383"	70000	"slope"	-0.772197015
"0.45"	"0.8"	"0.25"	"0.01"	"0.005"	"0.01"	"100000"	"10000"	"200"	"3466636697764824383"	70000	"intercept"	0.909950655
"0.45"	"0.8"	"0.25"	"0.01"	"0.005"	"0.01"	"100000"	"10000"	"200"	"3466636697764824383"	75000	"slope"	-0.77595005
"0.45"	"0.8"	"0.25"	"0.01"	"0.005"	"0.01"	"100000"	"10000"	"200"	"3466636697764824383"	75000	"intercept"	0.904041615
"0.45"	"0.8"	"0.25"	"0.01"	"0.005"	"0.01"	"100000"	"10000"	"200"	"3466636697764824383"	80000	"slope"	-0.79318252
"0.45"	"0.8"	"0.25"	"0.01"	"0.005"	"0.01"	"100000"	"10000"	"200"	"3466636697764824383"	80000	"intercept"	0.921571615
"0.45"	"0.8"	"0.25"	"0.01"	"0.005"	"0.01"	"100000"	"10000"	"200"	"3466636697764824383"	85000	"slope"	-0.76210419
"0.45"	"0.8"	"0.25"	"0.01"	"0.005"	"0.01"	"100000"	"10000"	"200"	"3466636697764824383"	85000	"intercept"	0.90404841
"0.45"	"0.8"	"0.25"	"0.01"	"0.005"	"0.01"	"100000"	"10000"	"200"	"3466636697764824383"	90000	"slope"	-0.70333043
"0.45"	"0.8"	"0.25"	"0.01"	"0.005"	"0.01"	"100000"	"10000"	"200"	"3466636697764824383"	90000	"intercept"	0.851149375
"0.45"	"0.8"	"0.25"	"0.01"	"0.005"	"0.01"	"100000"	"10000"	"200"	"3466636697764824383"	95000	"slope"	-0.72342413
"0.45"	"0.8"	"0.25"	"0.01"	"0.005"	"0.01"	"100000"	"10000"	"200"	"3466636697764824383"	95000	"intercept"	0.867956075
"0.45"	"0.8"	"0.25"	"0.01"	"0.005"	"0.01"	"100000"	"10000"	"200"	"3466636697764824383"	100000	"slope"	-0.74586958
"0.45"	"0.8"	"0.25"	"0.01"	"0.005"	"0.01"	"100000"	"10000"	"200"	"3466636697764824383"	100000	"intercept"	0.88312883
"0.45"	"0.8"	"0.25"	"0.01"	"0.005"	"0.01"	"100000"	"10000"	"200"	"4474545220091813385"	10	"slope"	2.593557e-05
"0.45"	"0.8"	"0.25"	"0.01"	"0.005"	"0.01"	"100000"	"10000"	"200"	"4474545220091813385"	10	"intercept"	0.49990526
"0.45"	"0.8"	"0.25"	"0.01"	"0.005"	"0.01"	"100000"	"10000"	"200"	"4474545220091813385"	5000	"slope"	-0.153073823
"0.45"	"0.8"	"0.25"	"0.01"	"0.005"	"0.01"	"100000"	"10000"	"200"	"4474545220091813385"	5000	"intercept"	0.505741605
"0.45"	"0.8"	"0.25"	"0.01"	"0.005"	"0.01"	"100000"	"10000"	"200"	"4474545220091813385"	10000	"slope"	-0.252164555
"0.45"	"0.8"	"0.25"	"0.01"	"0.005"	"0.01"	"100000"	"10000"	"200"	"4474545220091813385"	10000	"intercept"	0.545592155
"0.45"	"0.8"	"0.25"	"0.01"	"0.005"	"0.01"	"100000"	"10000"	"200"	"4474545220091813385"	15000	"slope"	-0.37682933
"0.45"	"0.8"	"0.25"	"0.01"	"0.005"	"0.01"	"100000"	"10000"	"200"	"4474545220091813385"	15000	"intercept"	0.61971981
"0.45"	"0.8"	"0.25"	"0.01"	"0.005"	"0.01"	"100000"	"10000"	"200"	"4474545220091813385"	20000	"slope"	-0.465505805
"0.45"	"0.8"	"0.25"	"0.01"	"0.005"	"0.01"	"100000"	"10000"	"200"	"4474545220091813385"	20000	"intercept"	0.683399975
"0.45"	"0.8"	"0.25"	"0.01"	"0.005"	"0.01"	"100000"	"10000"	"200"	"4474545220091813385"	25000	"slope"	-0.53068268
"0.45"	"0.8"	"0.25"	"0.01"	"0.005"	"0.01"	"100000"	"10000"	"200"	"4474545220091813385"	25000	"intercept"	0.72525861
"0.45"	"0.8"	"0.25"	"0.01"	"0.005"	"0.01"	"100000"	"10000"	"200"	"4474545220091813385"	30000	"slope"	-0.6051733
"0.45"	"0.8"	"0.25"	"0.01"	"0.005"	"0.01"	"100000"	"10000"	"200"	"4474545220091813385"	30000	"intercept"	0.783853755
"0.45"	"0.8"	"0.25"	"0.01"	"0.005"	"0.01"	"100000"	"10000"	"200"	"4474545220091813385"	35000	"slope"	-0.660538795
"0.45"	"0.8"	"0.25"	"0.01"	"0.005"	"0.01"	"100000"	"10000"	"200"	"4474545220091813385"	35000	"intercept"	0.81530074
"0.45"	"0.8"	"0.25"	"0.01"	"0.005"	"0.01"	"100000"	"10000"	"200"	"4474545220091813385"	40000	"slope"	-0.69934833
"0.45"	"0.8"	"0.25"	"0.01"	"0.005"	"0.01"	"100000"	"10000"	"200"	"4474545220091813385"	40000	"intercept"	0.8465277
"0.45"	"0.8"	"0.25"	"0.01"	"0.005"	"0.01"	"100000"	"10000"	"200"	"4474545220091813385"	45000	"slope"	-0.73957375
"0.45"	"0.8"	"0.25"	"0.01"	"0.005"	"0.01"	"100000"	"10000"	"200"	"4474545220091813385"	45000	"intercept"	0.88287119
"0.45"	"0.8"	"0.25"	"0.01"	"0.005"	"0.01"	"100000"	"10000"	"200"	"4474545220091813385"	50000	"slope"	-0.76607325
"0.45"	"0.8"	"0.25"	"0.01"	"0.005"	"0.01"	"100000"	"10000"	"200"	"4474545220091813385"	50000	"intercept"	0.90213071
"0.45"	"0.8"	"0.25"	"0.01"	"0.005"	"0.01"	"100000"	"10000"	"200"	"4474545220091813385"	55000	"slope"	-0.77042264
"0.45"	"0.8"	"0.25"	"0.01"	"0.005"	"0.01"	"100000"	"10000"	"200"	"4474545220091813385"	55000	"intercept"	0.89788059
"0.45"	"0.8"	"0.25"	"0.01"	"0.005"	"0.01"	"100000"	"10000"	"200"	"4474545220091813385"	60000	"slope"	-0.74545395
"0.45"	"0.8"	"0.25"	"0.01"	"0.005"	"0.01"	"100000"	"10000"	"200"	"4474545220091813385"	60000	"intercept"	0.87859014
"0.45"	"0.8"	"0.25"	"0.01"	"0.005"	"0.01"	"100000"	"10000"	"200"	"4474545220091813385"	65000	"slope"	-0.770144625
"0.45"	"0.8"	"0.25"	"0.01"	"0.005"	"0.01"	"100000"	"10000"	"200"	"4474545220091813385"	65000	"intercept"	0.89625204
"0.45"	"0.8"	"0.25"	"0.01"	"0.005"	"0.01"	"100000"	"10000"	"200"	"4474545220091813385"	70000	"slope"	-0.75235596
"0.45"	"0.8"	"0.25"	"0.01"	"0.005"	"0.01"	"100000"	"10000"	"200"	"4474545220091813385"	70000	"intercept"	0.890736585
"0.45"	"0.8"	"0.25"	"0.01"	"0.005"	"0.01"	"100000"	"10000"	"200"	"4474545220091813385"	75000	"slope"	-0.738267405
"0.45"	"0.8"	"0.25"	"0.01"	"0.005"	"0.01"	"100000"	"10000"	"200"	"4474545220091813385"	75000	"intercept"	0.87630494
"0.45"	"0.8"	"0.25"	"0.01"	"0.005"	"0.01"	"100000"	"10000"	"200"	"4474545220091813385"	80000	"slope"	-0.76616494
"0.45"	"0.8"	"0.25"	"0.01"	"0.005"	"0.01"	"100000"	"10000"	"200"	"4474545220091813385"	80000	"intercept"	0.89953806
"0.45"	"0.8"	"0.25"	"0.01"	"0.005"	"0.01"	"100000"	"10000"	"200"	"4474545220091813385"	85000	"slope"	-0.76037564
"0.45"	"0.8"	"0.25"	"0.01"	"0.005"	"0.01"	"100000"	"10000"	"200"	"4474545220091813385"	85000	"intercept"	0.88892096
"0.45"	"0.8"	"0.25"	"0.01"	"0.005"	"0.01"	"100000"	"10000"	"200"	"4474545220091813385"	90000	"slope"	-0.773337115
"0.45"	"0.8"	"0.25"	"0.01"	"0.005"	"0.01"	"100000"	"10000"	"200"	"4474545220091813385"	90000	"intercept"	0.91000137
"0.45"	"0.8"	"0.25"	"0.01"	"0.005"	"0.01"	"100000"	"10000"	"200"	"4474545220091813385"	95000	"slope"	-0.77221353
"0.45"	"0.8"	"0.25"	"0.01"	"0.005"	"0.01"	"100000"	"10000"	"200"	"4474545220091813385"	95000	"intercept"	0.90326318
"0.45"	"0.8"	"0.25"	"0.01"	"0.005"	"0.01"	"100000"	"10000"	"200"	"4474545220091813385"	100000	"slope"	-0.75969458
"0.45"	"0.8"	"0.25"	"0.01"	"0.005"	"0.01"	"100000"	"10000"	"200"	"4474545220091813385"	100000	"intercept"	0.893305245
"0.55"	"0.0"	"0.25"	"0.01"	"0.005"	"0.01"	"100000"	"10000"	"200"	"2515077845607733143"	10	"slope"	-9.61577499999999e-06
"0.55"	"0.0"	"0.25"	"0.01"	"0.005"	"0.01"	"100000"	"10000"	"200"	"2515077845607733143"	10	"intercept"	0.49999348
"0.55"	"0.0"	"0.25"	"0.01"	"0.005"	"0.01"	"100000"	"10000"	"200"	"2515077845607733143"	5000	"slope"	-0.0352255552095
"0.55"	"0.0"	"0.25"	"0.01"	"0.005"	"0.01"	"100000"	"10000"	"200"	"2515077845607733143"	5000	"intercept"	0.562269025
"0.55"	"0.0"	"0.25"	"0.01"	"0.005"	"0.01"	"100000"	"10000"	"200"	"2515077845607733143"	10000	"slope"	-0.10178586385
"0.55"	"0.0"	"0.25"	"0.01"	"0.005"	"0.01"	"100000"	"10000"	"200"	"2515077845607733143"	10000	"intercept"	0.59045223
"0.55"	"0.0"	"0.25"	"0.01"	"0.005"	"0.01"	"100000"	"10000"	"200"	"2515077845607733143"	15000	"slope"	-0.13266411
"0.55"	"0.0"	"0.25"	"0.01"	"0.005"	"0.01"	"100000"	"10000"	"200"	"2515077845607733143"	15000	"intercept"	0.6181429
"0.55"	"0.0"	"0.25"	"0.01"	"0.005"	"0.01"	"100000"	"10000"	"200"	"2515077845607733143"	20000	"slope"	-0.171944277
"0.55"	"0.0"	"0.25"	"0.01"	"0.005"	"0.01"	"100000"	"10000"	"200"	"2515077845607733143"	20000	"intercept"	0.64013447
"0.55"	"0.0"	"0.25"	"0.01"	"0.005"	"0.01"	"100000"	"10000"	"200"	"2515077845607733143"	25000	"slope"	-0.162148205
"0.55"	"0.0"	"0.25"	"0.01"	"0.005"	"0.01"	"100000"	"10000"	"200"	"2515077845607733143"	25000	"intercept"	0.628872425
"0.55"	"0.0"	"0.25"	"0.01"	"0.005"	"0.01"	"100000"	"10000"	"200"	"2515077845607733143"	30000	"slope"	-0.1756572565
"0.55"	"0.0"	"0.25"	"0.01"	"0.005"	"0.01"	"100000"	"10000"	"200"	"2515077845607733143"	30000	"intercept"	0.63714856
"0.55"	"0.0"	"0.25"	"0.01"	"0.005"	"0.01"	"100000"	"10000"	"200"	"2515077845607733143"	35000	"slope"	-0.1661913535
"0.55"	"0.0"	"0.25"	"0.01"	"0.005"	"0.01"	"100000"	"10000"	"200"	"2515077845607733143"	35000	"intercept"	0.63560056
"0.55"	"0.0"	"0.25"	"0.01"	"0.005"	"0.01"	"100000"	"10000"	"200"	"2515077845607733143"	40000	"slope"	-0.153988869
"0.55"	"0.0"	"0.25"	"0.01"	"0.005"	"0.01"	"100000"	"10000"	"200"	"2515077845607733143"	40000	"intercept"	0.63671339
"0.55"	"0.0"	"0.25"	"0.01"	"0.005"	"0.01"	"100000"	"10000"	"200"	"2515077845607733143"	45000	"slope"	-0.1517219915
"0.55"	"0.0"	"0.25"	"0.01"	"0.005"	"0.01"	"100000"	"10000"	"200"	"2515077845607733143"	45000	"intercept"	0.62115599
"0.55"	"0.0"	"0.25"	"0.01"	"0.005"	"0.01"	"100000"	"10000"	"200"	"2515077845607733143"	50000	"slope"	-0.1568279235
"0.55"	"0.0"	"0.25"	"0.01"	"0.005"	"0.01"	"100000"	"10000"	"200"	"2515077845607733143"	50000	"intercept"	0.622523095
"0.55"	"0.0"	"0.25"	"0.01"	"0.005"	"0.01"	"100000"	"10000"	"200"	"2515077845607733143"	55000	"slope"	-0.188642645
"0.55"	"0.0"	"0.25"	"0.01"	"0.005"	"0.01"	"100000"	"10000"	"200"	"2515077845607733143"	55000	"intercept"	0.644421825
"0.55"	"0.0"	"0.25"	"0.01"	"0.005"	"0.01"	"100000"	"10000"	"200"	"2515077845607733143"	60000	"slope"	-0.172797456
"0.55"	"0.0"	"0.25"	"0.01"	"0.005"	"0.01"	"100000"	"10000"	"200"	"2515077845607733143"	60000	"intercept"	0.636573155
"0.55"	"0.0"	"0.25"	"0.01"	"0.005"	"0.01"	"100000"	"10000"	"200"	"2515077845607733143"	65000	"slope"	-0.1575057525
"0.55"	"0.0"	"0.25"	"0.01"	"0.005"	"0.01"	"100000"	"10000"	"200"	"2515077845607733143"	65000	"intercept"	0.630209405
"0.55"	"0.0"	"0.25"	"0.01"	"0.005"	"0.01"	"100000"	"10000"	"200"	"2515077845607733143"	70000	"slope"	-0.1537441645
"0.55"	"0.0"	"0.25"	"0.01"	"0.005"	"0.01"	"100000"	"10000"	"200"	"2515077845607733143"	70000	"intercept"	0.62463064
"0.55"	"0.0"	"0.25"	"0.01"	"0.005"	"0.01"	"100000"	"10000"	"200"	"2515077845607733143"	75000	"slope"	-0.1722890165
"0.55"	"0.0"	"0.25"	"0.01"	"0.005"	"0.01"	"100000"	"10000"	"200"	"2515077845607733143"	75000	"intercept"	0.63391575
"0.55"	"0.0"	"0.25"	"0.01"	"0.005"	"0.01"	"100000"	"10000"	"200"	"2515077845607733143"	80000	"slope"	-0.1776438065
"0.55"	"0.0"	"0.25"	"0.01"	"0.005"	"0.01"	"100000"	"10000"	"200"	"2515077845607733143"	80000	"intercept"	0.64574967
"0.55"	"0.0"	"0.25"	"0.01"	"0.005"	"0.01"	"100000"	"10000"	"200"	"2515077845607733143"	85000	"slope"	-0.1936075815
"0.55"	"0.0"	"0.25"	"0.01"	"0.005"	"0.01"	"100000"	"10000"	"200"	"2515077845607733143"	85000	"intercept"	0.643579085
"0.55"	"0.0"	"0.25"	"0.01"	"0.005"	"0.01"	"100000"	"10000"	"200"	"2515077845607733143"	90000	"slope"	-0.1835557
"0.55"	"0.0"	"0.25"	"0.01"	"0.005"	"0.01"	"100000"	"10000"	"200"	"2515077845607733143"	90000	"intercept"	0.64253945
"0.55"	"0.0"	"0.25"	"0.01"	"0.005"	"0.01"	"100000"	"10000"	"200"	"2515077845607733143"	95000	"slope"	-0.1723609425
"0.55"	"0.0"	"0.25"	"0.01"	"0.005"	"0.01"	"100000"	"10000"	"200"	"2515077845607733143"	95000	"intercept"	0.636766705
"0.55"	"0.0"	"0.25"	"0.01"	"0.005"	"0.01"	"100000"	"10000"	"200"	"2515077845607733143"	100000	"slope"	-0.18672364
"0.55"	"0.0"	"0.25"	"0.01"	"0.005"	"0.01"	"100000"	"10000"	"200"	"2515077845607733143"	100000	"intercept"	0.65143987
"0.55"	"0.0"	"0.25"	"0.01"	"0.005"	"0.01"	"100000"	"10000"	"200"	"492086295641414575"	10	"slope"	-0.000122309015
"0.55"	"0.0"	"0.25"	"0.01"	"0.005"	"0.01"	"100000"	"10000"	"200"	"492086295641414575"	10	"intercept"	0.49982972
"0.55"	"0.0"	"0.25"	"0.01"	"0.005"	"0.01"	"100000"	"10000"	"200"	"492086295641414575"	5000	"slope"	-0.02342731371
"0.55"	"0.0"	"0.25"	"0.01"	"0.005"	"0.01"	"100000"	"10000"	"200"	"492086295641414575"	5000	"intercept"	0.55477284
"0.55"	"0.0"	"0.25"	"0.01"	"0.005"	"0.01"	"100000"	"10000"	"200"	"492086295641414575"	10000	"slope"	-0.0843752563
"0.55"	"0.0"	"0.25"	"0.01"	"0.005"	"0.01"	"100000"	"10000"	"200"	"492086295641414575"	10000	"intercept"	0.586835245
"0.55"	"0.0"	"0.25"	"0.01"	"0.005"	"0.01"	"100000"	"10000"	"200"	"492086295641414575"	15000	"slope"	-0.1116080245
"0.55"	"0.0"	"0.25"	"0.01"	"0.005"	"0.01"	"100000"	"10000"	"200"	"492086295641414575"	15000	"intercept"	0.60496249
"0.55"	"0.0"	"0.25"	"0.01"	"0.005"	"0.01"	"100000"	"10000"	"200"	"492086295641414575"	20000	"slope"	-0.131440486
"0.55"	"0.0"	"0.25"	"0.01"	"0.005"	"0.01"	"100000"	"10000"	"200"	"492086295641414575"	20000	"intercept"	0.613852245
"0.55"	"0.0"	"0.25"	"0.01"	"0.005"	"0.01"	"100000"	"10000"	"200"	"492086295641414575"	25000	"slope"	-0.1381632505
"0.55"	"0.0"	"0.25"	"0.01"	"0.005"	"0.01"	"100000"	"10000"	"200"	"492086295641414575"	25000	"intercept"	0.6177466
"0.55"	"0.0"	"0.25"	"0.01"	"0.005"	"0.01"	"100000"	"10000"	"200"	"492086295641414575"	30000	"slope"	-0.171484371
"0.55"	"0.0"	"0.25"	"0.01"	"0.005"	"0.01"	"100000"	"10000"	"200"	"492086295641414575"	30000	"intercept"	0.64000833
"0.55"	"0.0"	"0.25"	"0.01"	"0.005"	"0.01"	"100000"	"10000"	"200"	"492086295641414575"	35000	"slope"	-0.1848462795
"0.55"	"0.0"	"0.25"	"0.01"	"0.005"	"0.01"	"100000"	"10000"	"200"	"492086295641414575"	35000	"intercept"	0.65254716
"0.55"	"0.0"	"0.25"	"0.01"	"0.005"	"0.01"	"100000"	"10000"	"200"	"492086295641414575"	40000	"slope"	-0.184905555
"0.55"	"0.0"	"0.25"	"0.01"	"0.005"	"0.01"	"100000"	"10000"	"200"	"492086295641414575"	40000	"intercept"	0.644156605
"0.55"	"0.0"	"0.25"	"0.01"	"0.005"	"0.01"	"100000"	"10000"	"200"	"492086295641414575"	45000	"slope"	-0.24829289
"0.55"	"0.0"	"0.25"	"0.01"	"0.005"	"0.01"	"100000"	"10000"	"200"	"492086295641414575"	45000	"intercept"	0.680209535
"0.55"	"0.0"	"0.25"	"0.01"	"0.005"	"0.01"	"100000"	"10000"	"200"	"492086295641414575"	50000	"slope"	-0.242292735
"0.55"	"0.0"	"0.25"	"0.01"	"0.005"	"0.01"	"100000"	"10000"	"200"	"492086295641414575"	50000	"intercept"	0.67226457
"0.55"	"0.0"	"0.25"	"0.01"	"0.005"	"0.01"	"100000"	"10000"	"200"	"492086295641414575"	55000	"slope"	-0.21196203
"0.55"	"0.0"	"0.25"	"0.01"	"0.005"	"0.01"	"100000"	"10000"	"200"	"492086295641414575"	55000	"intercept"	0.667040115
"0.55"	"0.0"	"0.25"	"0.01"	"0.005"	"0.01"	"100000"	"10000"	"200"	"492086295641414575"	60000	"slope"	-0.1636382245
"0.55"	"0.0"	"0.25"	"0.01"	"0.005"	"0.01"	"100000"	"10000"	"200"	"492086295641414575"	60000	"intercept"	0.639669905
"0.55"	"0.0"	"0.25"	"0.01"	"0.005"	"0.01"	"100000"	"10000"	"200"	"492086295641414575"	65000	"slope"	-0.1930097125
"0.55"	"0.0"	"0.25"	"0.01"	"0.005"	"0.01"	"100000"	"10000"	"200"	"492086295641414575"	65000	"intercept"	0.63788342
"0.55"	"0.0"	"0.25"	"0.01"	"0.005"	"0.01"	"100000"	"10000"	"200"	"492086295641414575"	70000	"slope"	-0.2143904735
"0.55"	"0.0"	"0.25"	"0.01"	"0.005"	"0.01"	"100000"	"10000"	"200"	"492086295641414575"	70000	"intercept"	0.66081388
"0.55"	"0.0"	"0.25"	"0.01"	"0.005"	"0.01"	"100000"	"10000"	"200"	"492086295641414575"	75000	"slope"	-0.17719977
"0.55"	"0.0"	"0.25"	"0.01"	"0.005"	"0.01"	"100000"	"10000"	"200"	"492086295641414575"	75000	"intercept"	0.649568085
"0.55"	"0.0"	"0.25"	"0.01"	"0.005"	"0.01"	"100000"	"10000"	"200"	"492086295641414575"	80000	"slope"	-0.17674976
"0.55"	"0.0"	"0.25"	"0.01"	"0.005"	"0.01"	"100000"	"10000"	"200"	"492086295641414575"	80000	"intercept"	0.639261955
"0.55"	"0.0"	"0.25"	"0.01"	"0.005"	"0.01"	"100000"	"10000"	"200"	"492086295641414575"	85000	"slope"	-0.17945566
"0.55"	"0.0"	"0.25"	"0.01"	"0.005"	"0.01"	"100000"	"10000"	"200"	"492086295641414575"	85000	"intercept"	0.64239354
"0.55"	"0.0"	"0.25"	"0.01"	"0.005"	"0.01"	"100000"	"10000"	"200"	"492086295641414575"	90000	"slope"	-0.198660955
"0.55"	"0.0"	"0.25"	"0.01"	"0.005"	"0.01"	"100000"	"10000"	"200"	"492086295641414575"	90000	"intercept"	0.659363605
"0.55"	"0.0"	"0.25"	"0.01"	"0.005"	"0.01"	"100000"	"10000"	"200"	"492086295641414575"	95000	"slope"	-0.215699514
"0.55"	"0.0"	"0.25"	"0.01"	"0.005"	"0.01"	"100000"	"10000"	"200"	"492086295641414575"	95000	"intercept"	0.658951025
"0.55"	"0.0"	"0.25"	"0.01"	"0.005"	"0.01"	"100000"	"10000"	"200"	"492086295641414575"	100000	"slope"	-0.170892318
"0.55"	"0.0"	"0.25"	"0.01"	"0.005"	"0.01"	"100000"	"10000"	"200"	"492086295641414575"	100000	"intercept"	0.641986225
"0.55"	"0.0"	"0.25"	"0.01"	"0.005"	"0.01"	"100000"	"10000"	"200"	"7544071349112408037"	10	"slope"	-4.825399e-05
"0.55"	"0.0"	"0.25"	"0.01"	"0.005"	"0.01"	"100000"	"10000"	"200"	"7544071349112408037"	10	"intercept"	0.50014395
"0.55"	"0.0"	"0.25"	"0.01"	"0.005"	"0.01"	"100000"	"10000"	"200"	"7544071349112408037"	5000	"slope"	-0.030060537755
"0.55"	"0.0"	"0.25"	"0.01"	"0.005"	"0.01"	"100000"	"10000"	"200"	"7544071349112408037"	5000	"intercept"	0.55583442
"0.55"	"0.0"	"0.25"	"0.01"	"0.005"	"0.01"	"100000"	"10000"	"200"	"7544071349112408037"	10000	"slope"	-0.090724113
"0.55"	"0.0"	"0.25"	"0.01"	"0.005"	"0.01"	"100000"	"10000"	"200"	"7544071349112408037"	10000	"intercept"	0.587744325
"0.55"	"0.0"	"0.25"	"0.01"	"0.005"	"0.01"	"100000"	"10000"	"200"	"7544071349112408037"	15000	"slope"	-0.1277621655
"0.55"	"0.0"	"0.25"	"0.01"	"0.005"	"0.01"	"100000"	"10000"	"200"	"7544071349112408037"	15000	"intercept"	0.61687268
"0.55"	"0.0"	"0.25"	"0.01"	"0.005"	"0.01"	"100000"	"10000"	"200"	"7544071349112408037"	20000	"slope"	-0.1314522885
"0.55"	"0.0"	"0.25"	"0.01"	"0.005"	"0.01"	"100000"	"10000"	"200"	"7544071349112408037"	20000	"intercept"	0.618322585
"0.55"	"0.0"	"0.25"	"0.01"	"0.005"	"0.01"	"100000"	"10000"	"200"	"7544071349112408037"	25000	"slope"	-0.18550695
"0.55"	"0.0"	"0.25"	"0.01"	"0.005"	"0.01"	"100000"	"10000"	"200"	"7544071349112408037"	25000	"intercept"	0.64380434
"0.55"	"0.0"	"0.25"	"0.01"	"0.005"	"0.01"	"100000"	"10000"	"200"	"7544071349112408037"	30000	"slope"	-0.2138902985
"0.55"	"0.0"	"0.25"	"0.01"	"0.005"	"0.01"	"100000"	"10000"	"200"	"7544071349112408037"	30000	"intercept"	0.659543165
"0.55"	"0.0"	"0.25"	"0.01"	"0.005"	"0.01"	"100000"	"10000"	"200"	"7544071349112408037"	35000	"slope"	-0.17787735
"0.55"	"0.0"	"0.25"	"0.01"	"0.005"	"0.01"	"100000"	"10000"	"200"	"7544071349112408037"	35000	"intercept"	0.636329745
"0.55"	"0.0"	"0.25"	"0.01"	"0.005"	"0.01"	"100000"	"10000"	"200"	"7544071349112408037"	40000	"slope"	-0.186951695
"0.55"	"0.0"	"0.25"	"0.01"	"0.005"	"0.01"	"100000"	"10000"	"200"	"7544071349112408037"	40000	"intercept"	0.64712246
"0.55"	"0.0"	"0.25"	"0.01"	"0.005"	"0.01"	"100000"	"10000"	"200"	"7544071349112408037"	45000	"slope"	-0.188986995
"0.55"	"0.0"	"0.25"	"0.01"	"0.005"	"0.01"	"100000"	"10000"	"200"	"7544071349112408037"	45000	"intercept"	0.64885513
"0.55"	"0.0"	"0.25"	"0.01"	"0.005"	"0.01"	"100000"	"10000"	"200"	"7544071349112408037"	50000	"slope"	-0.239442375
"0.55"	"0.0"	"0.25"	"0.01"	"0.005"	"0.01"	"100000"	"10000"	"200"	"7544071349112408037"	50000	"intercept"	0.68774191
"0.55"	"0.0"	"0.25"	"0.01"	"0.005"	"0.01"	"100000"	"10000"	"200"	"7544071349112408037"	55000	"slope"	-0.21404243
"0.55"	"0.0"	"0.25"	"0.01"	"0.005"	"0.01"	"100000"	"10000"	"200"	"7544071349112408037"	55000	"intercept"	0.66377929
"0.55"	"0.0"	"0.25"	"0.01"	"0.005"	"0.01"	"100000"	"10000"	"200"	"7544071349112408037"	60000	"slope"	-0.22065666
"0.55"	"0.0"	"0.25"	"0.01"	"0.005"	"0.01"	"100000"	"10000"	"200"	"7544071349112408037"	60000	"intercept"	0.66568074
"0.55"	"0.0"	"0.25"	"0.01"	"0.005"	"0.01"	"100000"	"10000"	"200"	"7544071349112408037"	65000	"slope"	-0.21142461
"0.55"	"0.0"	"0.25"	"0.01"	"0.005"	"0.01"	"100000"	"10000"	"200"	"7544071349112408037"	65000	"intercept"	0.656840935
"0.55"	"0.0"	"0.25"	"0.01"	"0.005"	"0.01"	"100000"	"10000"	"200"	"7544071349112408037"	70000	"slope"	-0.235719745
"0.55"	"0.0"	"0.25"	"0.01"	"0.005"	"0.01"	"100000"	"10000"	"200"	"7544071349112408037"	70000	"intercept"	0.67416263
"0.55"	"0.0"	"0.25"	"0.01"	"0.005"	"0.01"	"100000"	"10000"	"200"	"7544071349112408037"	75000	"slope"	-0.192191738
"0.55"	"0.0"	"0.25"	"0.01"	"0.005"	"0.01"	"100000"	"10000"	"200"	"7544071349112408037"	75000	"intercept"	0.658886125
"0.55"	"0.0"	"0.25"	"0.01"	"0.005"	"0.01"	"100000"	"10000"	"200"	"7544071349112408037"	80000	"slope"	-0.203732335
"0.55"	"0.0"	"0.25"	"0.01"	"0.005"	"0.01"	"100000"	"10000"	"200"	"7544071349112408037"	80000	"intercept"	0.646726665
"0.55"	"0.0"	"0.25"	"0.01"	"0.005"	"0.01"	"100000"	"10000"	"200"	"7544071349112408037"	85000	"slope"	-0.178662232
"0.55"	"0.0"	"0.25"	"0.01"	"0.005"	"0.01"	"100000"	"10000"	"200"	"7544071349112408037"	85000	"intercept"	0.641803295
"0.55"	"0.0"	"0.25"	"0.01"	"0.005"	"0.01"	"100000"	"10000"	"200"	"7544071349112408037"	90000	"slope"	-0.185849992
"0.55"	"0.0"	"0.25"	"0.01"	"0.005"	"0.01"	"100000"	"10000"	"200"	"7544071349112408037"	90000	"intercept"	0.641199855
"0.55"	"0.0"	"0.25"	"0.01"	"0.005"	"0.01"	"100000"	"10000"	"200"	"7544071349112408037"	95000	"slope"	-0.1549840105
"0.55"	"0.0"	"0.25"	"0.01"	"0.005"	"0.01"	"100000"	"10000"	"200"	"7544071349112408037"	95000	"intercept"	0.62808837
"0.55"	"0.0"	"0.25"	"0.01"	"0.005"	"0.01"	"100000"	"10000"	"200"	"7544071349112408037"	100000	"slope"	-0.1321375955
"0.55"	"0.0"	"0.25"	"0.01"	"0.005"	"0.01"	"100000"	"10000"	"200"	"7544071349112408037"	100000	"intercept"	0.616638075
"0.55"	"0.4"	"0.25"	"0.01"	"0.005"	"0.01"	"100000"	"10000"	"200"	"1753646049189915141"	10	"slope"	-0.00011739195
"0.55"	"0.4"	"0.25"	"0.01"	"0.005"	"0.01"	"100000"	"10000"	"200"	"1753646049189915141"	10	"intercept"	0.499786325
"0.55"	"0.4"	"0.25"	"0.01"	"0.005"	"0.01"	"100000"	"10000"	"200"	"1753646049189915141"	5000	"slope"	-0.078322073
"0.55"	"0.4"	"0.25"	"0.01"	"0.005"	"0.01"	"100000"	"10000"	"200"	"1753646049189915141"	5000	"intercept"	0.540782215
"0.55"	"0.4"	"0.25"	"0.01"	"0.005"	"0.01"	"100000"	"10000"	"200"	"1753646049189915141"	10000	"slope"	-0.145523966
"0.55"	"0.4"	"0.25"	"0.01"	"0.005"	"0.01"	"100000"	"10000"	"200"	"1753646049189915141"	10000	"intercept"	0.582594545
"0.55"	"0.4"	"0.25"	"0.01"	"0.005"	"0.01"	"100000"	"10000"	"200"	"1753646049189915141"	15000	"slope"	-0.190581135
"0.55"	"0.4"	"0.25"	"0.01"	"0.005"	"0.01"	"100000"	"10000"	"200"	"1753646049189915141"	15000	"intercept"	0.612630605
"0.55"	"0.4"	"0.25"	"0.01"	"0.005"	"0.01"	"100000"	"10000"	"200"	"1753646049189915141"	20000	"slope"	-0.284746955
"0.55"	"0.4"	"0.25"	"0.01"	"0.005"	"0.01"	"100000"	"10000"	"200"	"1753646049189915141"	20000	"intercept"	0.65540199
"0.55"	"0.4"	"0.25"	"0.01"	"0.005"	"0.01"	"100000"	"10000"	"200"	"1753646049189915141"	25000	"slope"	-0.351444225
"0.55"	"0.4"	"0.25"	"0.01"	"0.005"	"0.01"	"100000"	"10000"	"200"	"1753646049189915141"	25000	"intercept"	0.69839825
"0.55"	"0.4"	"0.25"	"0.01"	"0.005"	"0.01"	"100000"	"10000"	"200"	"1753646049189915141"	30000	"slope"	-0.36117813
"0.55"	"0.4"	"0.25"	"0.01"	"0.005"	"0.01"	"100000"	"10000"	"200"	"1753646049189915141"	30000	"intercept"	0.71878098
"0.55"	"0.4"	"0.25"	"0.01"	"0.005"	"0.01"	"100000"	"10000"	"200"	"1753646049189915141"	35000	"slope"	-0.35408062
"0.55"	"0.4"	"0.25"	"0.01"	"0.005"	"0.01"	"100000"	"10000"	"200"	"1753646049189915141"	35000	"intercept"	0.70588609
"0.55"	"0.4"	"0.25"	"0.01"	"0.005"	"0.01"	"100000"	"10000"	"200"	"1753646049189915141"	40000	"slope"	-0.41577384
"0.55"	"0.4"	"0.25"	"0.01"	"0.005"	"0.01"	"100000"	"10000"	"200"	"1753646049189915141"	40000	"intercept"	0.74371572
"0.55"	"0.4"	"0.25"	"0.01"	"0.005"	"0.01"	"100000"	"10000"	"200"	"1753646049189915141"	45000	"slope"	-0.43136307
"0.55"	"0.4"	"0.25"	"0.01"	"0.005"	"0.01"	"100000"	"10000"	"200"	"1753646049189915141"	45000	"intercept"	0.748001705
"0.55"	"0.4"	"0.25"	"0.01"	"0.005"	"0.01"	"100000"	"10000"	"200"	"1753646049189915141"	50000	"slope"	-0.39808498
"0.55"	"0.4"	"0.25"	"0.01"	"0.005"	"0.01"	"100000"	"10000"	"200"	"1753646049189915141"	50000	"intercept"	0.736374515
"0.55"	"0.4"	"0.25"	"0.01"	"0.005"	"0.01"	"100000"	"10000"	"200"	"1753646049189915141"	55000	"slope"	-0.42820375
"0.55"	"0.4"	"0.25"	"0.01"	"0.005"	"0.01"	"100000"	"10000"	"200"	"1753646049189915141"	55000	"intercept"	0.749846135
"0.55"	"0.4"	"0.25"	"0.01"	"0.005"	"0.01"	"100000"	"10000"	"200"	"1753646049189915141"	60000	"slope"	-0.396468555
"0.55"	"0.4"	"0.25"	"0.01"	"0.005"	"0.01"	"100000"	"10000"	"200"	"1753646049189915141"	60000	"intercept"	0.722681235
"0.55"	"0.4"	"0.25"	"0.01"	"0.005"	"0.01"	"100000"	"10000"	"200"	"1753646049189915141"	65000	"slope"	-0.418347655
"0.55"	"0.4"	"0.25"	"0.01"	"0.005"	"0.01"	"100000"	"10000"	"200"	"1753646049189915141"	65000	"intercept"	0.735077395
"0.55"	"0.4"	"0.25"	"0.01"	"0.005"	"0.01"	"100000"	"10000"	"200"	"1753646049189915141"	70000	"slope"	-0.426118815
"0.55"	"0.4"	"0.25"	"0.01"	"0.005"	"0.01"	"100000"	"10000"	"200"	"1753646049189915141"	70000	"intercept"	0.745350565
"0.55"	"0.4"	"0.25"	"0.01"	"0.005"	"0.01"	"100000"	"10000"	"200"	"1753646049189915141"	75000	"slope"	-0.41290602
"0.55"	"0.4"	"0.25"	"0.01"	"0.005"	"0.01"	"100000"	"10000"	"200"	"1753646049189915141"	75000	"intercept"	0.74520956
"0.55"	"0.4"	"0.25"	"0.01"	"0.005"	"0.01"	"100000"	"10000"	"200"	"1753646049189915141"	80000	"slope"	-0.3498657
"0.55"	"0.4"	"0.25"	"0.01"	"0.005"	"0.01"	"100000"	"10000"	"200"	"1753646049189915141"	80000	"intercept"	0.70889365
"0.55"	"0.4"	"0.25"	"0.01"	"0.005"	"0.01"	"100000"	"10000"	"200"	"1753646049189915141"	85000	"slope"	-0.40269074
"0.55"	"0.4"	"0.25"	"0.01"	"0.005"	"0.01"	"100000"	"10000"	"200"	"1753646049189915141"	85000	"intercept"	0.72804724
"0.55"	"0.4"	"0.25"	"0.01"	"0.005"	"0.01"	"100000"	"10000"	"200"	"1753646049189915141"	90000	"slope"	-0.423720015
"0.55"	"0.4"	"0.25"	"0.01"	"0.005"	"0.01"	"100000"	"10000"	"200"	"1753646049189915141"	90000	"intercept"	0.753483025
"0.55"	"0.4"	"0.25"	"0.01"	"0.005"	"0.01"	"100000"	"10000"	"200"	"1753646049189915141"	95000	"slope"	-0.40413601
"0.55"	"0.4"	"0.25"	"0.01"	"0.005"	"0.01"	"100000"	"10000"	"200"	"1753646049189915141"	95000	"intercept"	0.738267535
"0.55"	"0.4"	"0.25"	"0.01"	"0.005"	"0.01"	"100000"	"10000"	"200"	"1753646049189915141"	100000	"slope"	-0.37655287
"0.55"	"0.4"	"0.25"	"0.01"	"0.005"	"0.01"	"100000"	"10000"	"200"	"1753646049189915141"	100000	"intercept"	0.715975695
"0.55"	"0.4"	"0.25"	"0.01"	"0.005"	"0.01"	"100000"	"10000"	"200"	"3661103476416888643"	10	"slope"	0.0003785032
"0.55"	"0.4"	"0.25"	"0.01"	"0.005"	"0.01"	"100000"	"10000"	"200"	"3661103476416888643"	10	"intercept"	0.49996232
"0.55"	"0.4"	"0.25"	"0.01"	"0.005"	"0.01"	"100000"	"10000"	"200"	"3661103476416888643"	5000	"slope"	-0.0831619245
"0.55"	"0.4"	"0.25"	"0.01"	"0.005"	"0.01"	"100000"	"10000"	"200"	"3661103476416888643"	5000	"intercept"	0.54429514
"0.55"	"0.4"	"0.25"	"0.01"	"0.005"	"0.01"	"100000"	"10000"	"200"	"3661103476416888643"	10000	"slope"	-0.185459997
"0.55"	"0.4"	"0.25"	"0.01"	"0.005"	"0.01"	"100000"	"10000"	"200"	"3661103476416888643"	10000	"intercept"	0.61148848
"0.55"	"0.4"	"0.25"	"0.01"	"0.005"	"0.01"	"100000"	"10000"	"200"	"3661103476416888643"	15000	"slope"	-0.287908735
"0.55"	"0.4"	"0.25"	"0.01"	"0.005"	"0.01"	"100000"	"10000"	"200"	"3661103476416888643"	15000	"intercept"	0.667081885
"0.55"	"0.4"	"0.25"	"0.01"	"0.005"	"0.01"	"100000"	"10000"	"200"	"3661103476416888643"	20000	"slope"	-0.396248
"0.55"	"0.4"	"0.25"	"0.01"	"0.005"	"0.01"	"100000"	"10000"	"200"	"3661103476416888643"	20000	"intercept"	0.73077077
"0.55"	"0.4"	"0.25"	"0.01"	"0.005"	"0.01"	"100000"	"10000"	"200"	"3661103476416888643"	25000	"slope"	-0.41142664
"0.55"	"0.4"	"0.25"	"0.01"	"0.005"	"0.01"	"100000"	"10000"	"200"	"3661103476416888643"	25000	"intercept"	0.739882085
"0.55"	"0.4"	"0.25"	"0.01"	"0.005"	"0.01"	"100000"	"10000"	"200"	"3661103476416888643"	30000	"slope"	-0.37998289
"0.55"	"0.4"	"0.25"	"0.01"	"0.005"	"0.01"	"100000"	"10000"	"200"	"3661103476416888643"	30000	"intercept"	0.71387032
"0.55"	"0.4"	"0.25"	"0.01"	"0.005"	"0.01"	"100000"	"10000"	"200"	"3661103476416888643"	35000	"slope"	-0.41139611
"0.55"	"0.4"	"0.25"	"0.01"	"0.005"	"0.01"	"100000"	"10000"	"200"	"3661103476416888643"	35000	"intercept"	0.735243375
"0.55"	"0.4"	"0.25"	"0.01"	"0.005"	"0.01"	"100000"	"10000"	"200"	"3661103476416888643"	40000	"slope"	-0.36292555
"0.55"	"0.4"	"0.25"	"0.01"	"0.005"	"0.01"	"100000"	"10000"	"200"	"3661103476416888643"	40000	"intercept"	0.715034205
"0.55"	"0.4"	"0.25"	"0.01"	"0.005"	"0.01"	"100000"	"10000"	"200"	"3661103476416888643"	45000	"slope"	-0.37698609
"0.55"	"0.4"	"0.25"	"0.01"	"0.005"	"0.01"	"100000"	"10000"	"200"	"3661103476416888643"	45000	"intercept"	0.72303776
"0.55"	"0.4"	"0.25"	"0.01"	"0.005"	"0.01"	"100000"	"10000"	"200"	"3661103476416888643"	50000	"slope"	-0.405114085
"0.55"	"0.4"	"0.25"	"0.01"	"0.005"	"0.01"	"100000"	"10000"	"200"	"3661103476416888643"	50000	"intercept"	0.7407282
"0.55"	"0.4"	"0.25"	"0.01"	"0.005"	"0.01"	"100000"	"10000"	"200"	"3661103476416888643"	55000	"slope"	-0.390632005
"0.55"	"0.4"	"0.25"	"0.01"	"0.005"	"0.01"	"100000"	"10000"	"200"	"3661103476416888643"	55000	"intercept"	0.72530951
"0.55"	"0.4"	"0.25"	"0.01"	"0.005"	"0.01"	"100000"	"10000"	"200"	"3661103476416888643"	60000	"slope"	-0.39270279
"0.55"	"0.4"	"0.25"	"0.01"	"0.005"	"0.01"	"100000"	"10000"	"200"	"3661103476416888643"	60000	"intercept"	0.71754211
"0.55"	"0.4"	"0.25"	"0.01"	"0.005"	"0.01"	"100000"	"10000"	"200"	"3661103476416888643"	65000	"slope"	-0.433980005
"0.55"	"0.4"	"0.25"	"0.01"	"0.005"	"0.01"	"100000"	"10000"	"200"	"3661103476416888643"	65000	"intercept"	0.749337135
"0.55"	"0.4"	"0.25"	"0.01"	"0.005"	"0.01"	"100000"	"10000"	"200"	"3661103476416888643"	70000	"slope"	-0.39853323
"0.55"	"0.4"	"0.25"	"0.01"	"0.005"	"0.01"	"100000"	"10000"	"200"	"3661103476416888643"	70000	"intercept"	0.728412725
"0.55"	"0.4"	"0.25"	"0.01"	"0.005"	"0.01"	"100000"	"10000"	"200"	"3661103476416888643"	75000	"slope"	-0.436179715
"0.55"	"0.4"	"0.25"	"0.01"	"0.005"	"0.01"	"100000"	"10000"	"200"	"3661103476416888643"	75000	"intercept"	0.755379225
"0.55"	"0.4"	"0.25"	"0.01"	"0.005"	"0.01"	"100000"	"10000"	"200"	"3661103476416888643"	80000	"slope"	-0.41420692
"0.55"	"0.4"	"0.25"	"0.01"	"0.005"	"0.01"	"100000"	"10000"	"200"	"3661103476416888643"	80000	"intercept"	0.737813475
"0.55"	"0.4"	"0.25"	"0.01"	"0.005"	"0.01"	"100000"	"10000"	"200"	"3661103476416888643"	85000	"slope"	-0.40712241
"0.55"	"0.4"	"0.25"	"0.01"	"0.005"	"0.01"	"100000"	"10000"	"200"	"3661103476416888643"	85000	"intercept"	0.73325456
"0.55"	"0.4"	"0.25"	"0.01"	"0.005"	"0.01"	"100000"	"10000"	"200"	"3661103476416888643"	90000	"slope"	-0.375311115
"0.55"	"0.4"	"0.25"	"0.01"	"0.005"	"0.01"	"100000"	"10000"	"200"	"3661103476416888643"	90000	"intercept"	0.711232015
"0.55"	"0.4"	"0.25"	"0.01"	"0.005"	"0.01"	"100000"	"10000"	"200"	"3661103476416888643"	95000	"slope"	-0.370691675
"0.55"	"0.4"	"0.25"	"0.01"	"0.005"	"0.01"	"100000"	"10000"	"200"	"3661103476416888643"	95000	"intercept"	0.715972445
"0.55"	"0.4"	"0.25"	"0.01"	"0.005"	"0.01"	"100000"	"10000"	"200"	"3661103476416888643"	100000	"slope"	-0.409772115
"0.55"	"0.4"	"0.25"	"0.01"	"0.005"	"0.01"	"100000"	"10000"	"200"	"3661103476416888643"	100000	"intercept"	0.73636407
"0.55"	"0.4"	"0.25"	"0.01"	"0.005"	"0.01"	"100000"	"10000"	"200"	"916816866443804997"	10	"slope"	-7.7677915e-05
"0.55"	"0.4"	"0.25"	"0.01"	"0.005"	"0.01"	"100000"	"10000"	"200"	"916816866443804997"	10	"intercept"	0.500087095
"0.55"	"0.4"	"0.25"	"0.01"	"0.005"	"0.01"	"100000"	"10000"	"200"	"916816866443804997"	5000	"slope"	-0.06515766375
"0.55"	"0.4"	"0.25"	"0.01"	"0.005"	"0.01"	"100000"	"10000"	"200"	"916816866443804997"	5000	"intercept"	0.52554
"0.55"	"0.4"	"0.25"	"0.01"	"0.005"	"0.01"	"100000"	"10000"	"200"	"916816866443804997"	10000	"slope"	-0.1736774955
"0.55"	"0.4"	"0.25"	"0.01"	"0.005"	"0.01"	"100000"	"10000"	"200"	"916816866443804997"	10000	"intercept"	0.59649644
"0.55"	"0.4"	"0.25"	"0.01"	"0.005"	"0.01"	"100000"	"10000"	"200"	"916816866443804997"	15000	"slope"	-0.22015624
"0.55"	"0.4"	"0.25"	"0.01"	"0.005"	"0.01"	"100000"	"10000"	"200"	"916816866443804997"	15000	"intercept"	0.629652295
"0.55"	"0.4"	"0.25"	"0.01"	"0.005"	"0.01"	"100000"	"10000"	"200"	"916816866443804997"	20000	"slope"	-0.271393345
"0.55"	"0.4"	"0.25"	"0.01"	"0.005"	"0.01"	"100000"	"10000"	"200"	"916816866443804997"	20000	"intercept"	0.667459875
"0.55"	"0.4"	"0.25"	"0.01"	"0.005"	"0.01"	"100000"	"10000"	"200"	"916816866443804997"	25000	"slope"	-0.357531445
"0.55"	"0.4"	"0.25"	"0.01"	"0.005"	"0.01"	"100000"	"10000"	"200"	"916816866443804997"	25000	"intercept"	0.70653709
"0.55"	"0.4"	"0.25"	"0.01"	"0.005"	"0.01"	"100000"	"10000"	"200"	"916816866443804997"	30000	"slope"	-0.35883024
"0.55"	"0.4"	"0.25"	"0.01"	"0.005"	"0.01"	"100000"	"10000"	"200"	"916816866443804997"	30000	"intercept"	0.711189355
"0.55"	"0.4"	"0.25"	"0.01"	"0.005"	"0.01"	"100000"	"10000"	"200"	"916816866443804997"	35000	"slope"	-0.40331084
"0.55"	"0.4"	"0.25"	"0.01"	"0.005"	"0.01"	"100000"	"10000"	"200"	"916816866443804997"	35000	"intercept"	0.733095515
"0.55"	"0.4"	"0.25"	"0.01"	"0.005"	"0.01"	"100000"	"10000"	"200"	"916816866443804997"	40000	"slope"	-0.413759965
"0.55"	"0.4"	"0.25"	"0.01"	"0.005"	"0.01"	"100000"	"10000"	"200"	"916816866443804997"	40000	"intercept"	0.736272665
"0.55"	"0.4"	"0.25"	"0.01"	"0.005"	"0.01"	"100000"	"10000"	"200"	"916816866443804997"	45000	"slope"	-0.423729135
"0.55"	"0.4"	"0.25"	"0.01"	"0.005"	"0.01"	"100000"	"10000"	"200"	"916816866443804997"	45000	"intercept"	0.742744325
"0.55"	"0.4"	"0.25"	"0.01"	"0.005"	"0.01"	"100000"	"10000"	"200"	"916816866443804997"	50000	"slope"	-0.42620143
"0.55"	"0.4"	"0.25"	"0.01"	"0.005"	"0.01"	"100000"	"10000"	"200"	"916816866443804997"	50000	"intercept"	0.757981735
"0.55"	"0.4"	"0.25"	"0.01"	"0.005"	"0.01"	"100000"	"10000"	"200"	"916816866443804997"	55000	"slope"	-0.445507105
"0.55"	"0.4"	"0.25"	"0.01"	"0.005"	"0.01"	"100000"	"10000"	"200"	"916816866443804997"	55000	"intercept"	0.749847505
"0.55"	"0.4"	"0.25"	"0.01"	"0.005"	"0.01"	"100000"	"10000"	"200"	"916816866443804997"	60000	"slope"	-0.40907105
"0.55"	"0.4"	"0.25"	"0.01"	"0.005"	"0.01"	"100000"	"10000"	"200"	"916816866443804997"	60000	"intercept"	0.74045363
"0.55"	"0.4"	"0.25"	"0.01"	"0.005"	"0.01"	"100000"	"10000"	"200"	"916816866443804997"	65000	"slope"	-0.41534869
"0.55"	"0.4"	"0.25"	"0.01"	"0.005"	"0.01"	"100000"	"10000"	"200"	"916816866443804997"	65000	"intercept"	0.739632185
"0.55"	"0.4"	"0.25"	"0.01"	"0.005"	"0.01"	"100000"	"10000"	"200"	"916816866443804997"	70000	"slope"	-0.405448455
"0.55"	"0.4"	"0.25"	"0.01"	"0.005"	"0.01"	"100000"	"10000"	"200"	"916816866443804997"	70000	"intercept"	0.735004955
"0.55"	"0.4"	"0.25"	"0.01"	"0.005"	"0.01"	"100000"	"10000"	"200"	"916816866443804997"	75000	"slope"	-0.415340385
"0.55"	"0.4"	"0.25"	"0.01"	"0.005"	"0.01"	"100000"	"10000"	"200"	"916816866443804997"	75000	"intercept"	0.736707895
"0.55"	"0.4"	"0.25"	"0.01"	"0.005"	"0.01"	"100000"	"10000"	"200"	"916816866443804997"	80000	"slope"	-0.42362835
"0.55"	"0.4"	"0.25"	"0.01"	"0.005"	"0.01"	"100000"	"10000"	"200"	"916816866443804997"	80000	"intercept"	0.747278735
"0.55"	"0.4"	"0.25"	"0.01"	"0.005"	"0.01"	"100000"	"10000"	"200"	"916816866443804997"	85000	"slope"	-0.45210993
"0.55"	"0.4"	"0.25"	"0.01"	"0.005"	"0.01"	"100000"	"10000"	"200"	"916816866443804997"	85000	"intercept"	0.767456245
"0.55"	"0.4"	"0.25"	"0.01"	"0.005"	"0.01"	"100000"	"10000"	"200"	"916816866443804997"	90000	"slope"	-0.444633575
"0.55"	"0.4"	"0.25"	"0.01"	"0.005"	"0.01"	"100000"	"10000"	"200"	"916816866443804997"	90000	"intercept"	0.75852532
"0.55"	"0.4"	"0.25"	"0.01"	"0.005"	"0.01"	"100000"	"10000"	"200"	"916816866443804997"	95000	"slope"	-0.44311324
"0.55"	"0.4"	"0.25"	"0.01"	"0.005"	"0.01"	"100000"	"10000"	"200"	"916816866443804997"	95000	"intercept"	0.750501075
"0.55"	"0.4"	"0.25"	"0.01"	"0.005"	"0.01"	"100000"	"10000"	"200"	"916816866443804997"	100000	"slope"	-0.45111212
"0.55"	"0.4"	"0.25"	"0.01"	"0.005"	"0.01"	"100000"	"10000"	"200"	"916816866443804997"	100000	"intercept"	0.75910732
"0.55"	"0.6"	"0.25"	"0.01"	"0.005"	"0.01"	"100000"	"10000"	"200"	"2129029436194323292"	10	"slope"	-1.6893725e-05
"0.55"	"0.6"	"0.25"	"0.01"	"0.005"	"0.01"	"100000"	"10000"	"200"	"2129029436194323292"	10	"intercept"	0.49996815
"0.55"	"0.6"	"0.25"	"0.01"	"0.005"	"0.01"	"100000"	"10000"	"200"	"2129029436194323292"	5000	"slope"	-0.0594957958
"0.55"	"0.6"	"0.25"	"0.01"	"0.005"	"0.01"	"100000"	"10000"	"200"	"2129029436194323292"	5000	"intercept"	0.4970432
"0.55"	"0.6"	"0.25"	"0.01"	"0.005"	"0.01"	"100000"	"10000"	"200"	"2129029436194323292"	10000	"slope"	-0.214952685
"0.55"	"0.6"	"0.25"	"0.01"	"0.005"	"0.01"	"100000"	"10000"	"200"	"2129029436194323292"	10000	"intercept"	0.59065972
"0.55"	"0.6"	"0.25"	"0.01"	"0.005"	"0.01"	"100000"	"10000"	"200"	"2129029436194323292"	15000	"slope"	-0.33368477
"0.55"	"0.6"	"0.25"	"0.01"	"0.005"	"0.01"	"100000"	"10000"	"200"	"2129029436194323292"	15000	"intercept"	0.665545455
"0.55"	"0.6"	"0.25"	"0.01"	"0.005"	"0.01"	"100000"	"10000"	"200"	"2129029436194323292"	20000	"slope"	-0.41392558
"0.55"	"0.6"	"0.25"	"0.01"	"0.005"	"0.01"	"100000"	"10000"	"200"	"2129029436194323292"	20000	"intercept"	0.713096275
"0.55"	"0.6"	"0.25"	"0.01"	"0.005"	"0.01"	"100000"	"10000"	"200"	"2129029436194323292"	25000	"slope"	-0.465654505
"0.55"	"0.6"	"0.25"	"0.01"	"0.005"	"0.01"	"100000"	"10000"	"200"	"2129029436194323292"	25000	"intercept"	0.74345361
"0.55"	"0.6"	"0.25"	"0.01"	"0.005"	"0.01"	"100000"	"10000"	"200"	"2129029436194323292"	30000	"slope"	-0.49334694
"0.55"	"0.6"	"0.25"	"0.01"	"0.005"	"0.01"	"100000"	"10000"	"200"	"2129029436194323292"	30000	"intercept"	0.768746225
"0.55"	"0.6"	"0.25"	"0.01"	"0.005"	"0.01"	"100000"	"10000"	"200"	"2129029436194323292"	35000	"slope"	-0.544069925
"0.55"	"0.6"	"0.25"	"0.01"	"0.005"	"0.01"	"100000"	"10000"	"200"	"2129029436194323292"	35000	"intercept"	0.803534795
"0.55"	"0.6"	"0.25"	"0.01"	"0.005"	"0.01"	"100000"	"10000"	"200"	"2129029436194323292"	40000	"slope"	-0.526296955
"0.55"	"0.6"	"0.25"	"0.01"	"0.005"	"0.01"	"100000"	"10000"	"200"	"2129029436194323292"	40000	"intercept"	0.785870585
"0.55"	"0.6"	"0.25"	"0.01"	"0.005"	"0.01"	"100000"	"10000"	"200"	"2129029436194323292"	45000	"slope"	-0.54203028
"0.55"	"0.6"	"0.25"	"0.01"	"0.005"	"0.01"	"100000"	"10000"	"200"	"2129029436194323292"	45000	"intercept"	0.788773755
"0.55"	"0.6"	"0.25"	"0.01"	"0.005"	"0.01"	"100000"	"10000"	"200"	"2129029436194323292"	50000	"slope"	-0.49965159
"0.55"	"0.6"	"0.25"	"0.01"	"0.005"	"0.01"	"100000"	"10000"	"200"	"2129029436194323292"	50000	"intercept"	0.77142755
"0.55"	"0.6"	"0.25"	"0.01"	"0.005"	"0.01"	"100000"	"10000"	"200"	"2129029436194323292"	55000	"slope"	-0.509168115
"0.55"	"0.6"	"0.25"	"0.01"	"0.005"	"0.01"	"100000"	"10000"	"200"	"2129029436194323292"	55000	"intercept"	0.77420572
"0.55"	"0.6"	"0.25"	"0.01"	"0.005"	"0.01"	"100000"	"10000"	"200"	"2129029436194323292"	60000	"slope"	-0.59937565
"0.55"	"0.6"	"0.25"	"0.01"	"0.005"	"0.01"	"100000"	"10000"	"200"	"2129029436194323292"	60000	"intercept"	0.826046755
"0.55"	"0.6"	"0.25"	"0.01"	"0.005"	"0.01"	"100000"	"10000"	"200"	"2129029436194323292"	65000	"slope"	-0.608601715
"0.55"	"0.6"	"0.25"	"0.01"	"0.005"	"0.01"	"100000"	"10000"	"200"	"2129029436194323292"	65000	"intercept"	0.82908474
"0.55"	"0.6"	"0.25"	"0.01"	"0.005"	"0.01"	"100000"	"10000"	"200"	"2129029436194323292"	70000	"slope"	-0.615413805
"0.55"	"0.6"	"0.25"	"0.01"	"0.005"	"0.01"	"100000"	"10000"	"200"	"2129029436194323292"	70000	"intercept"	0.844365195
"0.55"	"0.6"	"0.25"	"0.01"	"0.005"	"0.01"	"100000"	"10000"	"200"	"2129029436194323292"	75000	"slope"	-0.61515825
"0.55"	"0.6"	"0.25"	"0.01"	"0.005"	"0.01"	"100000"	"10000"	"200"	"2129029436194323292"	75000	"intercept"	0.840187665
"0.55"	"0.6"	"0.25"	"0.01"	"0.005"	"0.01"	"100000"	"10000"	"200"	"2129029436194323292"	80000	"slope"	-0.576475125
"0.55"	"0.6"	"0.25"	"0.01"	"0.005"	"0.01"	"100000"	"10000"	"200"	"2129029436194323292"	80000	"intercept"	0.81242167
"0.55"	"0.6"	"0.25"	"0.01"	"0.005"	"0.01"	"100000"	"10000"	"200"	"2129029436194323292"	85000	"slope"	-0.57092006
"0.55"	"0.6"	"0.25"	"0.01"	"0.005"	"0.01"	"100000"	"10000"	"200"	"2129029436194323292"	85000	"intercept"	0.812960875
"0.55"	"0.6"	"0.25"	"0.01"	"0.005"	"0.01"	"100000"	"10000"	"200"	"2129029436194323292"	90000	"slope"	-0.557492795
"0.55"	"0.6"	"0.25"	"0.01"	"0.005"	"0.01"	"100000"	"10000"	"200"	"2129029436194323292"	90000	"intercept"	0.7967581
"0.55"	"0.6"	"0.25"	"0.01"	"0.005"	"0.01"	"100000"	"10000"	"200"	"2129029436194323292"	95000	"slope"	-0.552369285
"0.55"	"0.6"	"0.25"	"0.01"	"0.005"	"0.01"	"100000"	"10000"	"200"	"2129029436194323292"	95000	"intercept"	0.80796448
"0.55"	"0.6"	"0.25"	"0.01"	"0.005"	"0.01"	"100000"	"10000"	"200"	"2129029436194323292"	100000	"slope"	-0.56037875
"0.55"	"0.6"	"0.25"	"0.01"	"0.005"	"0.01"	"100000"	"10000"	"200"	"2129029436194323292"	100000	"intercept"	0.809143315
"0.55"	"0.6"	"0.25"	"0.01"	"0.005"	"0.01"	"100000"	"10000"	"200"	"4991204586122697045"	10	"slope"	-0.000115715505
"0.55"	"0.6"	"0.25"	"0.01"	"0.005"	"0.01"	"100000"	"10000"	"200"	"4991204586122697045"	10	"intercept"	0.49981273
"0.55"	"0.6"	"0.25"	"0.01"	"0.005"	"0.01"	"100000"	"10000"	"200"	"4991204586122697045"	5000	"slope"	-0.08738687685
"0.55"	"0.6"	"0.25"	"0.01"	"0.005"	"0.01"	"100000"	"10000"	"200"	"4991204586122697045"	5000	"intercept"	0.5113454
"0.55"	"0.6"	"0.25"	"0.01"	"0.005"	"0.01"	"100000"	"10000"	"200"	"4991204586122697045"	10000	"slope"	-0.196668705
"0.55"	"0.6"	"0.25"	"0.01"	"0.005"	"0.01"	"100000"	"10000"	"200"	"4991204586122697045"	10000	"intercept"	0.585438375
"0.55"	"0.6"	"0.25"	"0.01"	"0.005"	"0.01"	"100000"	"10000"	"200"	"4991204586122697045"	15000	"slope"	-0.32463001
"0.55"	"0.6"	"0.25"	"0.01"	"0.005"	"0.01"	"100000"	"10000"	"200"	"4991204586122697045"	15000	"intercept"	0.66039371
"0.55"	"0.6"	"0.25"	"0.01"	"0.005"	"0.01"	"100000"	"10000"	"200"	"4991204586122697045"	20000	"slope"	-0.38121717
"0.55"	"0.6"	"0.25"	"0.01"	"0.005"	"0.01"	"100000"	"10000"	"200"	"4991204586122697045"	20000	"intercept"	0.69595132
"0.55"	"0.6"	"0.25"	"0.01"	"0.005"	"0.01"	"100000"	"10000"	"200"	"4991204586122697045"	25000	"slope"	-0.451834605
"0.55"	"0.6"	"0.25"	"0.01"	"0.005"	"0.01"	"100000"	"10000"	"200"	"4991204586122697045"	25000	"intercept"	0.73619489
"0.55"	"0.6"	"0.25"	"0.01"	"0.005"	"0.01"	"100000"	"10000"	"200"	"4991204586122697045"	30000	"slope"	-0.52046468
"0.55"	"0.6"	"0.25"	"0.01"	"0.005"	"0.01"	"100000"	"10000"	"200"	"4991204586122697045"	30000	"intercept"	0.772521645
"0.55"	"0.6"	"0.25"	"0.01"	"0.005"	"0.01"	"100000"	"10000"	"200"	"4991204586122697045"	35000	"slope"	-0.505162145
"0.55"	"0.6"	"0.25"	"0.01"	"0.005"	"0.01"	"100000"	"10000"	"200"	"4991204586122697045"	35000	"intercept"	0.76717368
"0.55"	"0.6"	"0.25"	"0.01"	"0.005"	"0.01"	"100000"	"10000"	"200"	"4991204586122697045"	40000	"slope"	-0.521003315
"0.55"	"0.6"	"0.25"	"0.01"	"0.005"	"0.01"	"100000"	"10000"	"200"	"4991204586122697045"	40000	"intercept"	0.78415035
"0.55"	"0.6"	"0.25"	"0.01"	"0.005"	"0.01"	"100000"	"10000"	"200"	"4991204586122697045"	45000	"slope"	-0.540176605
"0.55"	"0.6"	"0.25"	"0.01"	"0.005"	"0.01"	"100000"	"10000"	"200"	"4991204586122697045"	45000	"intercept"	0.792231815
"0.55"	"0.6"	"0.25"	"0.01"	"0.005"	"0.01"	"100000"	"10000"	"200"	"4991204586122697045"	50000	"slope"	-0.54005192
"0.55"	"0.6"	"0.25"	"0.01"	"0.005"	"0.01"	"100000"	"10000"	"200"	"4991204586122697045"	50000	"intercept"	0.798795995
"0.55"	"0.6"	"0.25"	"0.01"	"0.005"	"0.01"	"100000"	"10000"	"200"	"4991204586122697045"	55000	"slope"	-0.569464345
"0.55"	"0.6"	"0.25"	"0.01"	"0.005"	"0.01"	"100000"	"10000"	"200"	"4991204586122697045"	55000	"intercept"	0.809239375
"0.55"	"0.6"	"0.25"	"0.01"	"0.005"	"0.01"	"100000"	"10000"	"200"	"4991204586122697045"	60000	"slope"	-0.55829122
"0.55"	"0.6"	"0.25"	"0.01"	"0.005"	"0.01"	"100000"	"10000"	"200"	"4991204586122697045"	60000	"intercept"	0.805252355
"0.55"	"0.6"	"0.25"	"0.01"	"0.005"	"0.01"	"100000"	"10000"	"200"	"4991204586122697045"	65000	"slope"	-0.56006383
"0.55"	"0.6"	"0.25"	"0.01"	"0.005"	"0.01"	"100000"	"10000"	"200"	"4991204586122697045"	65000	"intercept"	0.807901295
"0.55"	"0.6"	"0.25"	"0.01"	"0.005"	"0.01"	"100000"	"10000"	"200"	"4991204586122697045"	70000	"slope"	-0.56548585
"0.55"	"0.6"	"0.25"	"0.01"	"0.005"	"0.01"	"100000"	"10000"	"200"	"4991204586122697045"	70000	"intercept"	0.815282505
"0.55"	"0.6"	"0.25"	"0.01"	"0.005"	"0.01"	"100000"	"10000"	"200"	"4991204586122697045"	75000	"slope"	-0.593034235
"0.55"	"0.6"	"0.25"	"0.01"	"0.005"	"0.01"	"100000"	"10000"	"200"	"4991204586122697045"	75000	"intercept"	0.817459385
"0.55"	"0.6"	"0.25"	"0.01"	"0.005"	"0.01"	"100000"	"10000"	"200"	"4991204586122697045"	80000	"slope"	-0.59641462
"0.55"	"0.6"	"0.25"	"0.01"	"0.005"	"0.01"	"100000"	"10000"	"200"	"4991204586122697045"	80000	"intercept"	0.82467133
"0.55"	"0.6"	"0.25"	"0.01"	"0.005"	"0.01"	"100000"	"10000"	"200"	"4991204586122697045"	85000	"slope"	-0.613081945
"0.55"	"0.6"	"0.25"	"0.01"	"0.005"	"0.01"	"100000"	"10000"	"200"	"4991204586122697045"	85000	"intercept"	0.84164975
"0.55"	"0.6"	"0.25"	"0.01"	"0.005"	"0.01"	"100000"	"10000"	"200"	"4991204586122697045"	90000	"slope"	-0.625282735
"0.55"	"0.6"	"0.25"	"0.01"	"0.005"	"0.01"	"100000"	"10000"	"200"	"4991204586122697045"	90000	"intercept"	0.83632418
"0.55"	"0.6"	"0.25"	"0.01"	"0.005"	"0.01"	"100000"	"10000"	"200"	"4991204586122697045"	95000	"slope"	-0.565346165
"0.55"	"0.6"	"0.25"	"0.01"	"0.005"	"0.01"	"100000"	"10000"	"200"	"4991204586122697045"	95000	"intercept"	0.80512592
"0.55"	"0.6"	"0.25"	"0.01"	"0.005"	"0.01"	"100000"	"10000"	"200"	"4991204586122697045"	100000	"slope"	-0.550728535
"0.55"	"0.6"	"0.25"	"0.01"	"0.005"	"0.01"	"100000"	"10000"	"200"	"4991204586122697045"	100000	"intercept"	0.79278905
"0.55"	"0.6"	"0.25"	"0.01"	"0.005"	"0.01"	"100000"	"10000"	"200"	"6471357141521336550"	10	"slope"	-5.8617955e-05
"0.55"	"0.6"	"0.25"	"0.01"	"0.005"	"0.01"	"100000"	"10000"	"200"	"6471357141521336550"	10	"intercept"	0.49967238
"0.55"	"0.6"	"0.25"	"0.01"	"0.005"	"0.01"	"100000"	"10000"	"200"	"6471357141521336550"	5000	"slope"	-0.0908541826
"0.55"	"0.6"	"0.25"	"0.01"	"0.005"	"0.01"	"100000"	"10000"	"200"	"6471357141521336550"	5000	"intercept"	0.512418035
"0.55"	"0.6"	"0.25"	"0.01"	"0.005"	"0.01"	"100000"	"10000"	"200"	"6471357141521336550"	10000	"slope"	-0.234678515
"0.55"	"0.6"	"0.25"	"0.01"	"0.005"	"0.01"	"100000"	"10000"	"200"	"6471357141521336550"	10000	"intercept"	0.607967285
"0.55"	"0.6"	"0.25"	"0.01"	"0.005"	"0.01"	"100000"	"10000"	"200"	"6471357141521336550"	15000	"slope"	-0.34873121
"0.55"	"0.6"	"0.25"	"0.01"	"0.005"	"0.01"	"100000"	"10000"	"200"	"6471357141521336550"	15000	"intercept"	0.668401715
"0.55"	"0.6"	"0.25"	"0.01"	"0.005"	"0.01"	"100000"	"10000"	"200"	"6471357141521336550"	20000	"slope"	-0.40244935
"0.55"	"0.6"	"0.25"	"0.01"	"0.005"	"0.01"	"100000"	"10000"	"200"	"6471357141521336550"	20000	"intercept"	0.70460747
"0.55"	"0.6"	"0.25"	"0.01"	"0.005"	"0.01"	"100000"	"10000"	"200"	"6471357141521336550"	25000	"slope"	-0.41533233
"0.55"	"0.6"	"0.25"	"0.01"	"0.005"	"0.01"	"100000"	"10000"	"200"	"6471357141521336550"	25000	"intercept"	0.71836419
"0.55"	"0.6"	"0.25"	"0.01"	"0.005"	"0.01"	"100000"	"10000"	"200"	"6471357141521336550"	30000	"slope"	-0.46395435
"0.55"	"0.6"	"0.25"	"0.01"	"0.005"	"0.01"	"100000"	"10000"	"200"	"6471357141521336550"	30000	"intercept"	0.75257241
"0.55"	"0.6"	"0.25"	"0.01"	"0.005"	"0.01"	"100000"	"10000"	"200"	"6471357141521336550"	35000	"slope"	-0.50427453
"0.55"	"0.6"	"0.25"	"0.01"	"0.005"	"0.01"	"100000"	"10000"	"200"	"6471357141521336550"	35000	"intercept"	0.765464785
"0.55"	"0.6"	"0.25"	"0.01"	"0.005"	"0.01"	"100000"	"10000"	"200"	"6471357141521336550"	40000	"slope"	-0.55538898
"0.55"	"0.6"	"0.25"	"0.01"	"0.005"	"0.01"	"100000"	"10000"	"200"	"6471357141521336550"	40000	"intercept"	0.808007475
"0.55"	"0.6"	"0.25"	"0.01"	"0.005"	"0.01"	"100000"	"10000"	"200"	"6471357141521336550"	45000	"slope"	-0.55096847
"0.55"	"0.6"	"0.25"	"0.01"	"0.005"	"0.01"	"100000"	"10000"	"200"	"6471357141521336550"	45000	"intercept"	0.791531185
"0.55"	"0.6"	"0.25"	"0.01"	"0.005"	"0.01"	"100000"	"10000"	"200"	"6471357141521336550"	50000	"slope"	-0.53882582
"0.55"	"0.6"	"0.25"	"0.01"	"0.005"	"0.01"	"100000"	"10000"	"200"	"6471357141521336550"	50000	"intercept"	0.791736
"0.55"	"0.6"	"0.25"	"0.01"	"0.005"	"0.01"	"100000"	"10000"	"200"	"6471357141521336550"	55000	"slope"	-0.50954704
"0.55"	"0.6"	"0.25"	"0.01"	"0.005"	"0.01"	"100000"	"10000"	"200"	"6471357141521336550"	55000	"intercept"	0.765033215
"0.55"	"0.6"	"0.25"	"0.01"	"0.005"	"0.01"	"100000"	"10000"	"200"	"6471357141521336550"	60000	"slope"	-0.5833174
"0.55"	"0.6"	"0.25"	"0.01"	"0.005"	"0.01"	"100000"	"10000"	"200"	"6471357141521336550"	60000	"intercept"	0.811710485
"0.55"	"0.6"	"0.25"	"0.01"	"0.005"	"0.01"	"100000"	"10000"	"200"	"6471357141521336550"	65000	"slope"	-0.63562541
"0.55"	"0.6"	"0.25"	"0.01"	"0.005"	"0.01"	"100000"	"10000"	"200"	"6471357141521336550"	65000	"intercept"	0.861340705
"0.55"	"0.6"	"0.25"	"0.01"	"0.005"	"0.01"	"100000"	"10000"	"200"	"6471357141521336550"	70000	"slope"	-0.617690865
"0.55"	"0.6"	"0.25"	"0.01"	"0.005"	"0.01"	"100000"	"10000"	"200"	"6471357141521336550"	70000	"intercept"	0.844466845
"0.55"	"0.6"	"0.25"	"0.01"	"0.005"	"0.01"	"100000"	"10000"	"200"	"6471357141521336550"	75000	"slope"	-0.641059655
"0.55"	"0.6"	"0.25"	"0.01"	"0.005"	"0.01"	"100000"	"10000"	"200"	"6471357141521336550"	75000	"intercept"	0.856610135
"0.55"	"0.6"	"0.25"	"0.01"	"0.005"	"0.01"	"100000"	"10000"	"200"	"6471357141521336550"	80000	"slope"	-0.59659228
"0.55"	"0.6"	"0.25"	"0.01"	"0.005"	"0.01"	"100000"	"10000"	"200"	"6471357141521336550"	80000	"intercept"	0.83124214
"0.55"	"0.6"	"0.25"	"0.01"	"0.005"	"0.01"	"100000"	"10000"	"200"	"6471357141521336550"	85000	"slope"	-0.586860995
"0.55"	"0.6"	"0.25"	"0.01"	"0.005"	"0.01"	"100000"	"10000"	"200"	"6471357141521336550"	85000	"intercept"	0.817519215
"0.55"	"0.6"	"0.25"	"0.01"	"0.005"	"0.01"	"100000"	"10000"	"200"	"6471357141521336550"	90000	"slope"	-0.581240955
"0.55"	"0.6"	"0.25"	"0.01"	"0.005"	"0.01"	"100000"	"10000"	"200"	"6471357141521336550"	90000	"intercept"	0.823558295
"0.55"	"0.6"	"0.25"	"0.01"	"0.005"	"0.01"	"100000"	"10000"	"200"	"6471357141521336550"	95000	"slope"	-0.589566365
"0.55"	"0.6"	"0.25"	"0.01"	"0.005"	"0.01"	"100000"	"10000"	"200"	"6471357141521336550"	95000	"intercept"	0.82535547
"0.55"	"0.6"	"0.25"	"0.01"	"0.005"	"0.01"	"100000"	"10000"	"200"	"6471357141521336550"	100000	"slope"	-0.54936035
"0.55"	"0.6"	"0.25"	"0.01"	"0.005"	"0.01"	"100000"	"10000"	"200"	"6471357141521336550"	100000	"intercept"	0.805021335
"0.55"	"0.8"	"0.25"	"0.01"	"0.005"	"0.01"	"100000"	"10000"	"200"	"1968148806904967493"	10	"slope"	0.000106901535
"0.55"	"0.8"	"0.25"	"0.01"	"0.005"	"0.01"	"100000"	"10000"	"200"	"1968148806904967493"	10	"intercept"	0.49989523
"0.55"	"0.8"	"0.25"	"0.01"	"0.005"	"0.01"	"100000"	"10000"	"200"	"1968148806904967493"	5000	"slope"	-0.152419032
"0.55"	"0.8"	"0.25"	"0.01"	"0.005"	"0.01"	"100000"	"10000"	"200"	"1968148806904967493"	5000	"intercept"	0.512973305
"0.55"	"0.8"	"0.25"	"0.01"	"0.005"	"0.01"	"100000"	"10000"	"200"	"1968148806904967493"	10000	"slope"	-0.29962881
"0.55"	"0.8"	"0.25"	"0.01"	"0.005"	"0.01"	"100000"	"10000"	"200"	"1968148806904967493"	10000	"intercept"	0.603423335
"0.55"	"0.8"	"0.25"	"0.01"	"0.005"	"0.01"	"100000"	"10000"	"200"	"1968148806904967493"	15000	"slope"	-0.471022755
"0.55"	"0.8"	"0.25"	"0.01"	"0.005"	"0.01"	"100000"	"10000"	"200"	"1968148806904967493"	15000	"intercept"	0.710548365
"0.55"	"0.8"	"0.25"	"0.01"	"0.005"	"0.01"	"100000"	"10000"	"200"	"1968148806904967493"	20000	"slope"	-0.5673541
"0.55"	"0.8"	"0.25"	"0.01"	"0.005"	"0.01"	"100000"	"10000"	"200"	"1968148806904967493"	20000	"intercept"	0.775966755
"0.55"	"0.8"	"0.25"	"0.01"	"0.005"	"0.01"	"100000"	"10000"	"200"	"1968148806904967493"	25000	"slope"	-0.610042255
"0.55"	"0.8"	"0.25"	"0.01"	"0.005"	"0.01"	"100000"	"10000"	"200"	"1968148806904967493"	25000	"intercept"	0.808516545
"0.55"	"0.8"	"0.25"	"0.01"	"0.005"	"0.01"	"100000"	"10000"	"200"	"1968148806904967493"	30000	"slope"	-0.67814009
"0.55"	"0.8"	"0.25"	"0.01"	"0.005"	"0.01"	"100000"	"10000"	"200"	"1968148806904967493"	30000	"intercept"	0.856497905
"0.55"	"0.8"	"0.25"	"0.01"	"0.005"	"0.01"	"100000"	"10000"	"200"	"1968148806904967493"	35000	"slope"	-0.76251823
"0.55"	"0.8"	"0.25"	"0.01"	"0.005"	"0.01"	"100000"	"10000"	"200"	"1968148806904967493"	35000	"intercept"	0.91295282
"0.55"	"0.8"	"0.25"	"0.01"	"0.005"	"0.01"	"100000"	"10000"	"200"	"1968148806904967493"	40000	"slope"	-0.75518111
"0.55"	"0.8"	"0.25"	"0.01"	"0.005"	"0.01"	"100000"	"10000"	"200"	"1968148806904967493"	40000	"intercept"	0.90269901
"0.55"	"0.8"	"0.25"	"0.01"	"0.005"	"0.01"	"100000"	"10000"	"200"	"1968148806904967493"	45000	"slope"	-0.76034737
"0.55"	"0.8"	"0.25"	"0.01"	"0.005"	"0.01"	"100000"	"10000"	"200"	"1968148806904967493"	45000	"intercept"	0.90403975
"0.55"	"0.8"	"0.25"	"0.01"	"0.005"	"0.01"	"100000"	"10000"	"200"	"1968148806904967493"	50000	"slope"	-0.804545295
"0.55"	"0.8"	"0.25"	"0.01"	"0.005"	"0.01"	"100000"	"10000"	"200"	"1968148806904967493"	50000	"intercept"	0.953874335
"0.55"	"0.8"	"0.25"	"0.01"	"0.005"	"0.01"	"100000"	"10000"	"200"	"1968148806904967493"	55000	"slope"	-0.78998975
"0.55"	"0.8"	"0.25"	"0.01"	"0.005"	"0.01"	"100000"	"10000"	"200"	"1968148806904967493"	55000	"intercept"	0.928604155
"0.55"	"0.8"	"0.25"	"0.01"	"0.005"	"0.01"	"100000"	"10000"	"200"	"1968148806904967493"	60000	"slope"	-0.795870285
"0.55"	"0.8"	"0.25"	"0.01"	"0.005"	"0.01"	"100000"	"10000"	"200"	"1968148806904967493"	60000	"intercept"	0.939412705
"0.55"	"0.8"	"0.25"	"0.01"	"0.005"	"0.01"	"100000"	"10000"	"200"	"1968148806904967493"	65000	"slope"	-0.801371675
"0.55"	"0.8"	"0.25"	"0.01"	"0.005"	"0.01"	"100000"	"10000"	"200"	"1968148806904967493"	65000	"intercept"	0.939862125
"0.55"	"0.8"	"0.25"	"0.01"	"0.005"	"0.01"	"100000"	"10000"	"200"	"1968148806904967493"	70000	"slope"	-0.81767965
"0.55"	"0.8"	"0.25"	"0.01"	"0.005"	"0.01"	"100000"	"10000"	"200"	"1968148806904967493"	70000	"intercept"	0.94543094
"0.55"	"0.8"	"0.25"	"0.01"	"0.005"	"0.01"	"100000"	"10000"	"200"	"1968148806904967493"	75000	"slope"	-0.822961885
"0.55"	"0.8"	"0.25"	"0.01"	"0.005"	"0.01"	"100000"	"10000"	"200"	"1968148806904967493"	75000	"intercept"	0.953815435
"0.55"	"0.8"	"0.25"	"0.01"	"0.005"	"0.01"	"100000"	"10000"	"200"	"1968148806904967493"	80000	"slope"	-0.80972875
"0.55"	"0.8"	"0.25"	"0.01"	"0.005"	"0.01"	"100000"	"10000"	"200"	"1968148806904967493"	80000	"intercept"	0.949173875
"0.55"	"0.8"	"0.25"	"0.01"	"0.005"	"0.01"	"100000"	"10000"	"200"	"1968148806904967493"	85000	"slope"	-0.84325877
"0.55"	"0.8"	"0.25"	"0.01"	"0.005"	"0.01"	"100000"	"10000"	"200"	"1968148806904967493"	85000	"intercept"	0.978631225
"0.55"	"0.8"	"0.25"	"0.01"	"0.005"	"0.01"	"100000"	"10000"	"200"	"1968148806904967493"	90000	"slope"	-0.81976369
"0.55"	"0.8"	"0.25"	"0.01"	"0.005"	"0.01"	"100000"	"10000"	"200"	"1968148806904967493"	90000	"intercept"	0.952969575
"0.55"	"0.8"	"0.25"	"0.01"	"0.005"	"0.01"	"100000"	"10000"	"200"	"1968148806904967493"	95000	"slope"	-0.829562765
"0.55"	"0.8"	"0.25"	"0.01"	"0.005"	"0.01"	"100000"	"10000"	"200"	"1968148806904967493"	95000	"intercept"	0.958685915
"0.55"	"0.8"	"0.25"	"0.01"	"0.005"	"0.01"	"100000"	"10000"	"200"	"1968148806904967493"	100000	"slope"	-0.80377416
"0.55"	"0.8"	"0.25"	"0.01"	"0.005"	"0.01"	"100000"	"10000"	"200"	"1968148806904967493"	100000	"intercept"	0.951136795
"0.55"	"0.8"	"0.25"	"0.01"	"0.005"	"0.01"	"100000"	"10000"	"200"	"2045726985972456329"	10	"slope"	-2.24149e-05
"0.55"	"0.8"	"0.25"	"0.01"	"0.005"	"0.01"	"100000"	"10000"	"200"	"2045726985972456329"	10	"intercept"	0.49989098
"0.55"	"0.8"	"0.25"	"0.01"	"0.005"	"0.01"	"100000"	"10000"	"200"	"2045726985972456329"	5000	"slope"	-0.168195765
"0.55"	"0.8"	"0.25"	"0.01"	"0.005"	"0.01"	"100000"	"10000"	"200"	"2045726985972456329"	5000	"intercept"	0.52257035
"0.55"	"0.8"	"0.25"	"0.01"	"0.005"	"0.01"	"100000"	"10000"	"200"	"2045726985972456329"	10000	"slope"	-0.31904755
"0.55"	"0.8"	"0.25"	"0.01"	"0.005"	"0.01"	"100000"	"10000"	"200"	"2045726985972456329"	10000	"intercept"	0.60947775
"0.55"	"0.8"	"0.25"	"0.01"	"0.005"	"0.01"	"100000"	"10000"	"200"	"2045726985972456329"	15000	"slope"	-0.4215061
"0.55"	"0.8"	"0.25"	"0.01"	"0.005"	"0.01"	"100000"	"10000"	"200"	"2045726985972456329"	15000	"intercept"	0.6639145
"0.55"	"0.8"	"0.25"	"0.01"	"0.005"	"0.01"	"100000"	"10000"	"200"	"2045726985972456329"	20000	"slope"	-0.484151085
"0.55"	"0.8"	"0.25"	"0.01"	"0.005"	"0.01"	"100000"	"10000"	"200"	"2045726985972456329"	20000	"intercept"	0.71359848
"0.55"	"0.8"	"0.25"	"0.01"	"0.005"	"0.01"	"100000"	"10000"	"200"	"2045726985972456329"	25000	"slope"	-0.626489675
"0.55"	"0.8"	"0.25"	"0.01"	"0.005"	"0.01"	"100000"	"10000"	"200"	"2045726985972456329"	25000	"intercept"	0.810831705
"0.55"	"0.8"	"0.25"	"0.01"	"0.005"	"0.01"	"100000"	"10000"	"200"	"2045726985972456329"	30000	"slope"	-0.66767983
"0.55"	"0.8"	"0.25"	"0.01"	"0.005"	"0.01"	"100000"	"10000"	"200"	"2045726985972456329"	30000	"intercept"	0.8423726
"0.55"	"0.8"	"0.25"	"0.01"	"0.005"	"0.01"	"100000"	"10000"	"200"	"2045726985972456329"	35000	"slope"	-0.710055275
"0.55"	"0.8"	"0.25"	"0.01"	"0.005"	"0.01"	"100000"	"10000"	"200"	"2045726985972456329"	35000	"intercept"	0.875703805
"0.55"	"0.8"	"0.25"	"0.01"	"0.005"	"0.01"	"100000"	"10000"	"200"	"2045726985972456329"	40000	"slope"	-0.75877982
"0.55"	"0.8"	"0.25"	"0.01"	"0.005"	"0.01"	"100000"	"10000"	"200"	"2045726985972456329"	40000	"intercept"	0.912055035
"0.55"	"0.8"	"0.25"	"0.01"	"0.005"	"0.01"	"100000"	"10000"	"200"	"2045726985972456329"	45000	"slope"	-0.77093068
"0.55"	"0.8"	"0.25"	"0.01"	"0.005"	"0.01"	"100000"	"10000"	"200"	"2045726985972456329"	45000	"intercept"	0.920718965
"0.55"	"0.8"	"0.25"	"0.01"	"0.005"	"0.01"	"100000"	"10000"	"200"	"2045726985972456329"	50000	"slope"	-0.807918425
"0.55"	"0.8"	"0.25"	"0.01"	"0.005"	"0.01"	"100000"	"10000"	"200"	"2045726985972456329"	50000	"intercept"	0.93737127
"0.55"	"0.8"	"0.25"	"0.01"	"0.005"	"0.01"	"100000"	"10000"	"200"	"2045726985972456329"	55000	"slope"	-0.78967012
"0.55"	"0.8"	"0.25"	"0.01"	"0.005"	"0.01"	"100000"	"10000"	"200"	"2045726985972456329"	55000	"intercept"	0.93565546
"0.55"	"0.8"	"0.25"	"0.01"	"0.005"	"0.01"	"100000"	"10000"	"200"	"2045726985972456329"	60000	"slope"	-0.84708028
"0.55"	"0.8"	"0.25"	"0.01"	"0.005"	"0.01"	"100000"	"10000"	"200"	"2045726985972456329"	60000	"intercept"	0.98088265
"0.55"	"0.8"	"0.25"	"0.01"	"0.005"	"0.01"	"100000"	"10000"	"200"	"2045726985972456329"	65000	"slope"	-0.85245972
"0.55"	"0.8"	"0.25"	"0.01"	"0.005"	"0.01"	"100000"	"10000"	"200"	"2045726985972456329"	65000	"intercept"	0.9807201
"0.55"	"0.8"	"0.25"	"0.01"	"0.005"	"0.01"	"100000"	"10000"	"200"	"2045726985972456329"	70000	"slope"	-0.846397685
"0.55"	"0.8"	"0.25"	"0.01"	"0.005"	"0.01"	"100000"	"10000"	"200"	"2045726985972456329"	70000	"intercept"	0.97549345
"0.55"	"0.8"	"0.25"	"0.01"	"0.005"	"0.01"	"100000"	"10000"	"200"	"2045726985972456329"	75000	"slope"	-0.844982655
"0.55"	"0.8"	"0.25"	"0.01"	"0.005"	"0.01"	"100000"	"10000"	"200"	"2045726985972456329"	75000	"intercept"	0.9769152
"0.55"	"0.8"	"0.25"	"0.01"	"0.005"	"0.01"	"100000"	"10000"	"200"	"2045726985972456329"	80000	"slope"	-0.820441935
"0.55"	"0.8"	"0.25"	"0.01"	"0.005"	"0.01"	"100000"	"10000"	"200"	"2045726985972456329"	80000	"intercept"	0.953347735
"0.55"	"0.8"	"0.25"	"0.01"	"0.005"	"0.01"	"100000"	"10000"	"200"	"2045726985972456329"	85000	"slope"	-0.86033246
"0.55"	"0.8"	"0.25"	"0.01"	"0.005"	"0.01"	"100000"	"10000"	"200"	"2045726985972456329"	85000	"intercept"	0.982444305
"0.55"	"0.8"	"0.25"	"0.01"	"0.005"	"0.01"	"100000"	"10000"	"200"	"2045726985972456329"	90000	"slope"	-0.844572265
"0.55"	"0.8"	"0.25"	"0.01"	"0.005"	"0.01"	"100000"	"10000"	"200"	"2045726985972456329"	90000	"intercept"	0.97492493
"0.55"	"0.8"	"0.25"	"0.01"	"0.005"	"0.01"	"100000"	"10000"	"200"	"2045726985972456329"	95000	"slope"	-0.810819195
"0.55"	"0.8"	"0.25"	"0.01"	"0.005"	"0.01"	"100000"	"10000"	"200"	"2045726985972456329"	95000	"intercept"	0.95522185
"0.55"	"0.8"	"0.25"	"0.01"	"0.005"	"0.01"	"100000"	"10000"	"200"	"2045726985972456329"	100000	"slope"	-0.782837245
"0.55"	"0.8"	"0.25"	"0.01"	"0.005"	"0.01"	"100000"	"10000"	"200"	"2045726985972456329"	100000	"intercept"	0.936119725
"0.55"	"0.8"	"0.25"	"0.01"	"0.005"	"0.01"	"100000"	"10000"	"200"	"4606303394334309045"	10	"slope"	7.69934e-06
"0.55"	"0.8"	"0.25"	"0.01"	"0.005"	"0.01"	"100000"	"10000"	"200"	"4606303394334309045"	10	"intercept"	0.50000596
"0.55"	"0.8"	"0.25"	"0.01"	"0.005"	"0.01"	"100000"	"10000"	"200"	"4606303394334309045"	5000	"slope"	-0.1231826295
"0.55"	"0.8"	"0.25"	"0.01"	"0.005"	"0.01"	"100000"	"10000"	"200"	"4606303394334309045"	5000	"intercept"	0.490965825
"0.55"	"0.8"	"0.25"	"0.01"	"0.005"	"0.01"	"100000"	"10000"	"200"	"4606303394334309045"	10000	"slope"	-0.27462877
"0.55"	"0.8"	"0.25"	"0.01"	"0.005"	"0.01"	"100000"	"10000"	"200"	"4606303394334309045"	10000	"intercept"	0.593559215
"0.55"	"0.8"	"0.25"	"0.01"	"0.005"	"0.01"	"100000"	"10000"	"200"	"4606303394334309045"	15000	"slope"	-0.44431756
"0.55"	"0.8"	"0.25"	"0.01"	"0.005"	"0.01"	"100000"	"10000"	"200"	"4606303394334309045"	15000	"intercept"	0.692041125
"0.55"	"0.8"	"0.25"	"0.01"	"0.005"	"0.01"	"100000"	"10000"	"200"	"4606303394334309045"	20000	"slope"	-0.55959675
"0.55"	"0.8"	"0.25"	"0.01"	"0.005"	"0.01"	"100000"	"10000"	"200"	"4606303394334309045"	20000	"intercept"	0.77150746
"0.55"	"0.8"	"0.25"	"0.01"	"0.005"	"0.01"	"100000"	"10000"	"200"	"4606303394334309045"	25000	"slope"	-0.624564205
"0.55"	"0.8"	"0.25"	"0.01"	"0.005"	"0.01"	"100000"	"10000"	"200"	"4606303394334309045"	25000	"intercept"	0.823579395
"0.55"	"0.8"	"0.25"	"0.01"	"0.005"	"0.01"	"100000"	"10000"	"200"	"4606303394334309045"	30000	"slope"	-0.66103067
"0.55"	"0.8"	"0.25"	"0.01"	"0.005"	"0.01"	"100000"	"10000"	"200"	"4606303394334309045"	30000	"intercept"	0.840794755
"0.55"	"0.8"	"0.25"	"0.01"	"0.005"	"0.01"	"100000"	"10000"	"200"	"4606303394334309045"	35000	"slope"	-0.743566065
"0.55"	"0.8"	"0.25"	"0.01"	"0.005"	"0.01"	"100000"	"10000"	"200"	"4606303394334309045"	35000	"intercept"	0.90278939
"0.55"	"0.8"	"0.25"	"0.01"	"0.005"	"0.01"	"100000"	"10000"	"200"	"4606303394334309045"	40000	"slope"	-0.81812454
"0.55"	"0.8"	"0.25"	"0.01"	"0.005"	"0.01"	"100000"	"10000"	"200"	"4606303394334309045"	40000	"intercept"	0.94829394
"0.55"	"0.8"	"0.25"	"0.01"	"0.005"	"0.01"	"100000"	"10000"	"200"	"4606303394334309045"	45000	"slope"	-0.82598432
"0.55"	"0.8"	"0.25"	"0.01"	"0.005"	"0.01"	"100000"	"10000"	"200"	"4606303394334309045"	45000	"intercept"	0.95841336
"0.55"	"0.8"	"0.25"	"0.01"	"0.005"	"0.01"	"100000"	"10000"	"200"	"4606303394334309045"	50000	"slope"	-0.816763845
"0.55"	"0.8"	"0.25"	"0.01"	"0.005"	"0.01"	"100000"	"10000"	"200"	"4606303394334309045"	50000	"intercept"	0.958274005
"0.55"	"0.8"	"0.25"	"0.01"	"0.005"	"0.01"	"100000"	"10000"	"200"	"4606303394334309045"	55000	"slope"	-0.794032405
"0.55"	"0.8"	"0.25"	"0.01"	"0.005"	"0.01"	"100000"	"10000"	"200"	"4606303394334309045"	55000	"intercept"	0.93766693
"0.55"	"0.8"	"0.25"	"0.01"	"0.005"	"0.01"	"100000"	"10000"	"200"	"4606303394334309045"	60000	"slope"	-0.750626875
"0.55"	"0.8"	"0.25"	"0.01"	"0.005"	"0.01"	"100000"	"10000"	"200"	"4606303394334309045"	60000	"intercept"	0.903010855
"0.55"	"0.8"	"0.25"	"0.01"	"0.005"	"0.01"	"100000"	"10000"	"200"	"4606303394334309045"	65000	"slope"	-0.788168575
"0.55"	"0.8"	"0.25"	"0.01"	"0.005"	"0.01"	"100000"	"10000"	"200"	"4606303394334309045"	65000	"intercept"	0.932615725
"0.55"	"0.8"	"0.25"	"0.01"	"0.005"	"0.01"	"100000"	"10000"	"200"	"4606303394334309045"	70000	"slope"	-0.781967355
"0.55"	"0.8"	"0.25"	"0.01"	"0.005"	"0.01"	"100000"	"10000"	"200"	"4606303394334309045"	70000	"intercept"	0.931356005
"0.55"	"0.8"	"0.25"	"0.01"	"0.005"	"0.01"	"100000"	"10000"	"200"	"4606303394334309045"	75000	"slope"	-0.80550208
"0.55"	"0.8"	"0.25"	"0.01"	"0.005"	"0.01"	"100000"	"10000"	"200"	"4606303394334309045"	75000	"intercept"	0.942343255
"0.55"	"0.8"	"0.25"	"0.01"	"0.005"	"0.01"	"100000"	"10000"	"200"	"4606303394334309045"	80000	"slope"	-0.8159947
"0.55"	"0.8"	"0.25"	"0.01"	"0.005"	"0.01"	"100000"	"10000"	"200"	"4606303394334309045"	80000	"intercept"	0.945423395
"0.55"	"0.8"	"0.25"	"0.01"	"0.005"	"0.01"	"100000"	"10000"	"200"	"4606303394334309045"	85000	"slope"	-0.77775104
"0.55"	"0.8"	"0.25"	"0.01"	"0.005"	"0.01"	"100000"	"10000"	"200"	"4606303394334309045"	85000	"intercept"	0.92620491
"0.55"	"0.8"	"0.25"	"0.01"	"0.005"	"0.01"	"100000"	"10000"	"200"	"4606303394334309045"	90000	"slope"	-0.788821105
"0.55"	"0.8"	"0.25"	"0.01"	"0.005"	"0.01"	"100000"	"10000"	"200"	"4606303394334309045"	90000	"intercept"	0.93103792
"0.55"	"0.8"	"0.25"	"0.01"	"0.005"	"0.01"	"100000"	"10000"	"200"	"4606303394334309045"	95000	"slope"	-0.806479005
"0.55"	"0.8"	"0.25"	"0.01"	"0.005"	"0.01"	"100000"	"10000"	"200"	"4606303394334309045"	95000	"intercept"	0.94942541
"0.55"	"0.8"	"0.25"	"0.01"	"0.005"	"0.01"	"100000"	"10000"	"200"	"4606303394334309045"	100000	"slope"	-0.805200735
"0.55"	"0.8"	"0.25"	"0.01"	"0.005"	"0.01"	"100000"	"10000"	"200"	"4606303394334309045"	100000	"intercept"	0.944629265
"0.65"	"0.0"	"0.25"	"0.01"	"0.005"	"0.01"	"100000"	"10000"	"200"	"6460037526987115679"	10	"slope"	-0.00027186084
"0.65"	"0.0"	"0.25"	"0.01"	"0.005"	"0.01"	"100000"	"10000"	"200"	"6460037526987115679"	10	"intercept"	0.500062485
"0.65"	"0.0"	"0.25"	"0.01"	"0.005"	"0.01"	"100000"	"10000"	"200"	"6460037526987115679"	5000	"slope"	0.009482273133
"0.65"	"0.0"	"0.25"	"0.01"	"0.005"	"0.01"	"100000"	"10000"	"200"	"6460037526987115679"	5000	"intercept"	0.59693898
"0.65"	"0.0"	"0.25"	"0.01"	"0.005"	"0.01"	"100000"	"10000"	"200"	"6460037526987115679"	10000	"slope"	-0.045669672185
"0.65"	"0.0"	"0.25"	"0.01"	"0.005"	"0.01"	"100000"	"10000"	"200"	"6460037526987115679"	10000	"intercept"	0.626483215
"0.65"	"0.0"	"0.25"	"0.01"	"0.005"	"0.01"	"100000"	"10000"	"200"	"6460037526987115679"	15000	"slope"	-0.08621874545
"0.65"	"0.0"	"0.25"	"0.01"	"0.005"	"0.01"	"100000"	"10000"	"200"	"6460037526987115679"	15000	"intercept"	0.652263165
"0.65"	"0.0"	"0.25"	"0.01"	"0.005"	"0.01"	"100000"	"10000"	"200"	"6460037526987115679"	20000	"slope"	-0.09722221288
"0.65"	"0.0"	"0.25"	"0.01"	"0.005"	"0.01"	"100000"	"10000"	"200"	"6460037526987115679"	20000	"intercept"	0.648643565
"0.65"	"0.0"	"0.25"	"0.01"	"0.005"	"0.01"	"100000"	"10000"	"200"	"6460037526987115679"	25000	"slope"	-0.1305942405
"0.65"	"0.0"	"0.25"	"0.01"	"0.005"	"0.01"	"100000"	"10000"	"200"	"6460037526987115679"	25000	"intercept"	0.66422425
"0.65"	"0.0"	"0.25"	"0.01"	"0.005"	"0.01"	"100000"	"10000"	"200"	"6460037526987115679"	30000	"slope"	-0.1201681225
"0.65"	"0.0"	"0.25"	"0.01"	"0.005"	"0.01"	"100000"	"10000"	"200"	"6460037526987115679"	30000	"intercept"	0.667775765
"0.65"	"0.0"	"0.25"	"0.01"	"0.005"	"0.01"	"100000"	"10000"	"200"	"6460037526987115679"	35000	"slope"	-0.07786143232
"0.65"	"0.0"	"0.25"	"0.01"	"0.005"	"0.01"	"100000"	"10000"	"200"	"6460037526987115679"	35000	"intercept"	0.640620815
"0.65"	"0.0"	"0.25"	"0.01"	"0.005"	"0.01"	"100000"	"10000"	"200"	"6460037526987115679"	40000	"slope"	-0.0944236697
"0.65"	"0.0"	"0.25"	"0.01"	"0.005"	"0.01"	"100000"	"10000"	"200"	"6460037526987115679"	40000	"intercept"	0.650289455
"0.65"	"0.0"	"0.25"	"0.01"	"0.005"	"0.01"	"100000"	"10000"	"200"	"6460037526987115679"	45000	"slope"	-0.1100024307
"0.65"	"0.0"	"0.25"	"0.01"	"0.005"	"0.01"	"100000"	"10000"	"200"	"6460037526987115679"	45000	"intercept"	0.65991921
"0.65"	"0.0"	"0.25"	"0.01"	"0.005"	"0.01"	"100000"	"10000"	"200"	"6460037526987115679"	50000	"slope"	-0.1535563035
"0.65"	"0.0"	"0.25"	"0.01"	"0.005"	"0.01"	"100000"	"10000"	"200"	"6460037526987115679"	50000	"intercept"	0.68334427
"0.65"	"0.0"	"0.25"	"0.01"	"0.005"	"0.01"	"100000"	"10000"	"200"	"6460037526987115679"	55000	"slope"	-0.139879684
"0.65"	"0.0"	"0.25"	"0.01"	"0.005"	"0.01"	"100000"	"10000"	"200"	"6460037526987115679"	55000	"intercept"	0.679676335
"0.65"	"0.0"	"0.25"	"0.01"	"0.005"	"0.01"	"100000"	"10000"	"200"	"6460037526987115679"	60000	"slope"	-0.1344713895
"0.65"	"0.0"	"0.25"	"0.01"	"0.005"	"0.01"	"100000"	"10000"	"200"	"6460037526987115679"	60000	"intercept"	0.670579675
"0.65"	"0.0"	"0.25"	"0.01"	"0.005"	"0.01"	"100000"	"10000"	"200"	"6460037526987115679"	65000	"slope"	-0.098262824
"0.65"	"0.0"	"0.25"	"0.01"	"0.005"	"0.01"	"100000"	"10000"	"200"	"6460037526987115679"	65000	"intercept"	0.651228325
"0.65"	"0.0"	"0.25"	"0.01"	"0.005"	"0.01"	"100000"	"10000"	"200"	"6460037526987115679"	70000	"slope"	-0.10634685805
"0.65"	"0.0"	"0.25"	"0.01"	"0.005"	"0.01"	"100000"	"10000"	"200"	"6460037526987115679"	70000	"intercept"	0.66060936
"0.65"	"0.0"	"0.25"	"0.01"	"0.005"	"0.01"	"100000"	"10000"	"200"	"6460037526987115679"	75000	"slope"	-0.12339962865
"0.65"	"0.0"	"0.25"	"0.01"	"0.005"	"0.01"	"100000"	"10000"	"200"	"6460037526987115679"	75000	"intercept"	0.67327476
"0.65"	"0.0"	"0.25"	"0.01"	"0.005"	"0.01"	"100000"	"10000"	"200"	"6460037526987115679"	80000	"slope"	-0.0845405666
"0.65"	"0.0"	"0.25"	"0.01"	"0.005"	"0.01"	"100000"	"10000"	"200"	"6460037526987115679"	80000	"intercept"	0.63966061
"0.65"	"0.0"	"0.25"	"0.01"	"0.005"	"0.01"	"100000"	"10000"	"200"	"6460037526987115679"	85000	"slope"	-0.0913925045
"0.65"	"0.0"	"0.25"	"0.01"	"0.005"	"0.01"	"100000"	"10000"	"200"	"6460037526987115679"	85000	"intercept"	0.65175708
"0.65"	"0.0"	"0.25"	"0.01"	"0.005"	"0.01"	"100000"	"10000"	"200"	"6460037526987115679"	90000	"slope"	-0.0963986795
"0.65"	"0.0"	"0.25"	"0.01"	"0.005"	"0.01"	"100000"	"10000"	"200"	"6460037526987115679"	90000	"intercept"	0.65525276
"0.65"	"0.0"	"0.25"	"0.01"	"0.005"	"0.01"	"100000"	"10000"	"200"	"6460037526987115679"	95000	"slope"	-0.107924019
"0.65"	"0.0"	"0.25"	"0.01"	"0.005"	"0.01"	"100000"	"10000"	"200"	"6460037526987115679"	95000	"intercept"	0.65658203
"0.65"	"0.0"	"0.25"	"0.01"	"0.005"	"0.01"	"100000"	"10000"	"200"	"6460037526987115679"	100000	"slope"	-0.0849440813
"0.65"	"0.0"	"0.25"	"0.01"	"0.005"	"0.01"	"100000"	"10000"	"200"	"6460037526987115679"	100000	"intercept"	0.651760235
"0.65"	"0.0"	"0.25"	"0.01"	"0.005"	"0.01"	"100000"	"10000"	"200"	"8117062873816548044"	10	"slope"	-0.0001462368205
"0.65"	"0.0"	"0.25"	"0.01"	"0.005"	"0.01"	"100000"	"10000"	"200"	"8117062873816548044"	10	"intercept"	0.50001837
"0.65"	"0.0"	"0.25"	"0.01"	"0.005"	"0.01"	"100000"	"10000"	"200"	"8117062873816548044"	5000	"slope"	-0.0113652568955
"0.65"	"0.0"	"0.25"	"0.01"	"0.005"	"0.01"	"100000"	"10000"	"200"	"8117062873816548044"	5000	"intercept"	0.6072517
"0.65"	"0.0"	"0.25"	"0.01"	"0.005"	"0.01"	"100000"	"10000"	"200"	"8117062873816548044"	10000	"slope"	-0.004581597065
"0.65"	"0.0"	"0.25"	"0.01"	"0.005"	"0.01"	"100000"	"10000"	"200"	"8117062873816548044"	10000	"intercept"	0.608586275
"0.65"	"0.0"	"0.25"	"0.01"	"0.005"	"0.01"	"100000"	"10000"	"200"	"8117062873816548044"	15000	"slope"	-0.05179157195
"0.65"	"0.0"	"0.25"	"0.01"	"0.005"	"0.01"	"100000"	"10000"	"200"	"8117062873816548044"	15000	"intercept"	0.618936995
"0.65"	"0.0"	"0.25"	"0.01"	"0.005"	"0.01"	"100000"	"10000"	"200"	"8117062873816548044"	20000	"slope"	-0.05182796739
"0.65"	"0.0"	"0.25"	"0.01"	"0.005"	"0.01"	"100000"	"10000"	"200"	"8117062873816548044"	20000	"intercept"	0.62674925
"0.65"	"0.0"	"0.25"	"0.01"	"0.005"	"0.01"	"100000"	"10000"	"200"	"8117062873816548044"	25000	"slope"	-0.06329604715
"0.65"	"0.0"	"0.25"	"0.01"	"0.005"	"0.01"	"100000"	"10000"	"200"	"8117062873816548044"	25000	"intercept"	0.63540938
"0.65"	"0.0"	"0.25"	"0.01"	"0.005"	"0.01"	"100000"	"10000"	"200"	"8117062873816548044"	30000	"slope"	-0.094426242
"0.65"	"0.0"	"0.25"	"0.01"	"0.005"	"0.01"	"100000"	"10000"	"200"	"8117062873816548044"	30000	"intercept"	0.65221012
"0.65"	"0.0"	"0.25"	"0.01"	"0.005"	"0.01"	"100000"	"10000"	"200"	"8117062873816548044"	35000	"slope"	-0.10448473786
"0.65"	"0.0"	"0.25"	"0.01"	"0.005"	"0.01"	"100000"	"10000"	"200"	"8117062873816548044"	35000	"intercept"	0.646095865
"0.65"	"0.0"	"0.25"	"0.01"	"0.005"	"0.01"	"100000"	"10000"	"200"	"8117062873816548044"	40000	"slope"	-0.124050929
"0.65"	"0.0"	"0.25"	"0.01"	"0.005"	"0.01"	"100000"	"10000"	"200"	"8117062873816548044"	40000	"intercept"	0.66670913
"0.65"	"0.0"	"0.25"	"0.01"	"0.005"	"0.01"	"100000"	"10000"	"200"	"8117062873816548044"	45000	"slope"	-0.1083468535
"0.65"	"0.0"	"0.25"	"0.01"	"0.005"	"0.01"	"100000"	"10000"	"200"	"8117062873816548044"	45000	"intercept"	0.661798465
"0.65"	"0.0"	"0.25"	"0.01"	"0.005"	"0.01"	"100000"	"10000"	"200"	"8117062873816548044"	50000	"slope"	-0.125301149
"0.65"	"0.0"	"0.25"	"0.01"	"0.005"	"0.01"	"100000"	"10000"	"200"	"8117062873816548044"	50000	"intercept"	0.667162265
"0.65"	"0.0"	"0.25"	"0.01"	"0.005"	"0.01"	"100000"	"10000"	"200"	"8117062873816548044"	55000	"slope"	-0.1221380885
"0.65"	"0.0"	"0.25"	"0.01"	"0.005"	"0.01"	"100000"	"10000"	"200"	"8117062873816548044"	55000	"intercept"	0.66813914
"0.65"	"0.0"	"0.25"	"0.01"	"0.005"	"0.01"	"100000"	"10000"	"200"	"8117062873816548044"	60000	"slope"	-0.1447541545
"0.65"	"0.0"	"0.25"	"0.01"	"0.005"	"0.01"	"100000"	"10000"	"200"	"8117062873816548044"	60000	"intercept"	0.68349524
"0.65"	"0.0"	"0.25"	"0.01"	"0.005"	"0.01"	"100000"	"10000"	"200"	"8117062873816548044"	65000	"slope"	-0.112030171
"0.65"	"0.0"	"0.25"	"0.01"	"0.005"	"0.01"	"100000"	"10000"	"200"	"8117062873816548044"	65000	"intercept"	0.661312695
"0.65"	"0.0"	"0.25"	"0.01"	"0.005"	"0.01"	"100000"	"10000"	"200"	"8117062873816548044"	70000	"slope"	-0.111224003
"0.65"	"0.0"	"0.25"	"0.01"	"0.005"	"0.01"	"100000"	"10000"	"200"	"8117062873816548044"	70000	"intercept"	0.66403425
"0.65"	"0.0"	"0.25"	"0.01"	"0.005"	"0.01"	"100000"	"10000"	"200"	"8117062873816548044"	75000	"slope"	-0.1212115575
"0.65"	"0.0"	"0.25"	"0.01"	"0.005"	"0.01"	"100000"	"10000"	"200"	"8117062873816548044"	75000	"intercept"	0.66021584
"0.65"	"0.0"	"0.25"	"0.01"	"0.005"	"0.01"	"100000"	"10000"	"200"	"8117062873816548044"	80000	"slope"	-0.1337586505
"0.65"	"0.0"	"0.25"	"0.01"	"0.005"	"0.01"	"100000"	"10000"	"200"	"8117062873816548044"	80000	"intercept"	0.67644687
"0.65"	"0.0"	"0.25"	"0.01"	"0.005"	"0.01"	"100000"	"10000"	"200"	"8117062873816548044"	85000	"slope"	-0.156268637
"0.65"	"0.0"	"0.25"	"0.01"	"0.005"	"0.01"	"100000"	"10000"	"200"	"8117062873816548044"	85000	"intercept"	0.67988437
"0.65"	"0.0"	"0.25"	"0.01"	"0.005"	"0.01"	"100000"	"10000"	"200"	"8117062873816548044"	90000	"slope"	-0.154878
"0.65"	"0.0"	"0.25"	"0.01"	"0.005"	"0.01"	"100000"	"10000"	"200"	"8117062873816548044"	90000	"intercept"	0.68824495
"0.65"	"0.0"	"0.25"	"0.01"	"0.005"	"0.01"	"100000"	"10000"	"200"	"8117062873816548044"	95000	"slope"	-0.1329657475
"0.65"	"0.0"	"0.25"	"0.01"	"0.005"	"0.01"	"100000"	"10000"	"200"	"8117062873816548044"	95000	"intercept"	0.670029685
"0.65"	"0.0"	"0.25"	"0.01"	"0.005"	"0.01"	"100000"	"10000"	"200"	"8117062873816548044"	100000	"slope"	-0.1040835595
"0.65"	"0.0"	"0.25"	"0.01"	"0.005"	"0.01"	"100000"	"10000"	"200"	"8117062873816548044"	100000	"intercept"	0.653430125
"0.65"	"0.0"	"0.25"	"0.01"	"0.005"	"0.01"	"100000"	"10000"	"200"	"9105631705586362685"	10	"slope"	-6.831365e-05
"0.65"	"0.0"	"0.25"	"0.01"	"0.005"	"0.01"	"100000"	"10000"	"200"	"9105631705586362685"	10	"intercept"	0.49988412
"0.65"	"0.0"	"0.25"	"0.01"	"0.005"	"0.01"	"100000"	"10000"	"200"	"9105631705586362685"	5000	"slope"	-0.043327397115
"0.65"	"0.0"	"0.25"	"0.01"	"0.005"	"0.01"	"100000"	"10000"	"200"	"9105631705586362685"	5000	"intercept"	0.62590368
"0.65"	"0.0"	"0.25"	"0.01"	"0.005"	"0.01"	"100000"	"10000"	"200"	"9105631705586362685"	10000	"slope"	-0.06535641957
"0.65"	"0.0"	"0.25"	"0.01"	"0.005"	"0.01"	"100000"	"10000"	"200"	"9105631705586362685"	10000	"intercept"	0.639752595
"0.65"	"0.0"	"0.25"	"0.01"	"0.005"	"0.01"	"100000"	"10000"	"200"	"9105631705586362685"	15000	"slope"	-0.05979292875
"0.65"	"0.0"	"0.25"	"0.01"	"0.005"	"0.01"	"100000"	"10000"	"200"	"9105631705586362685"	15000	"intercept"	0.633477655
"0.65"	"0.0"	"0.25"	"0.01"	"0.005"	"0.01"	"100000"	"10000"	"200"	"9105631705586362685"	20000	"slope"	-0.0932811097
"0.65"	"0.0"	"0.25"	"0.01"	"0.005"	"0.01"	"100000"	"10000"	"200"	"9105631705586362685"	20000	"intercept"	0.64744234
"0.65"	"0.0"	"0.25"	"0.01"	"0.005"	"0.01"	"100000"	"10000"	"200"	"9105631705586362685"	25000	"slope"	-0.117347482765
"0.65"	"0.0"	"0.25"	"0.01"	"0.005"	"0.01"	"100000"	"10000"	"200"	"9105631705586362685"	25000	"intercept"	0.66992457
"0.65"	"0.0"	"0.25"	"0.01"	"0.005"	"0.01"	"100000"	"10000"	"200"	"9105631705586362685"	30000	"slope"	-0.1306346931315
"0.65"	"0.0"	"0.25"	"0.01"	"0.005"	"0.01"	"100000"	"10000"	"200"	"9105631705586362685"	30000	"intercept"	0.67065176
"0.65"	"0.0"	"0.25"	"0.01"	"0.005"	"0.01"	"100000"	"10000"	"200"	"9105631705586362685"	35000	"slope"	-0.1075825265
"0.65"	"0.0"	"0.25"	"0.01"	"0.005"	"0.01"	"100000"	"10000"	"200"	"9105631705586362685"	35000	"intercept"	0.659245825
"0.65"	"0.0"	"0.25"	"0.01"	"0.005"	"0.01"	"100000"	"10000"	"200"	"9105631705586362685"	40000	"slope"	-0.1290829925
"0.65"	"0.0"	"0.25"	"0.01"	"0.005"	"0.01"	"100000"	"10000"	"200"	"9105631705586362685"	40000	"intercept"	0.67352291
"0.65"	"0.0"	"0.25"	"0.01"	"0.005"	"0.01"	"100000"	"10000"	"200"	"9105631705586362685"	45000	"slope"	-0.133060472
"0.65"	"0.0"	"0.25"	"0.01"	"0.005"	"0.01"	"100000"	"10000"	"200"	"9105631705586362685"	45000	"intercept"	0.67885498
"0.65"	"0.0"	"0.25"	"0.01"	"0.005"	"0.01"	"100000"	"10000"	"200"	"9105631705586362685"	50000	"slope"	-0.130214772
"0.65"	"0.0"	"0.25"	"0.01"	"0.005"	"0.01"	"100000"	"10000"	"200"	"9105631705586362685"	50000	"intercept"	0.669964575
"0.65"	"0.0"	"0.25"	"0.01"	"0.005"	"0.01"	"100000"	"10000"	"200"	"9105631705586362685"	55000	"slope"	-0.106773769
"0.65"	"0.0"	"0.25"	"0.01"	"0.005"	"0.01"	"100000"	"10000"	"200"	"9105631705586362685"	55000	"intercept"	0.656172005
"0.65"	"0.0"	"0.25"	"0.01"	"0.005"	"0.01"	"100000"	"10000"	"200"	"9105631705586362685"	60000	"slope"	-0.1207225665
"0.65"	"0.0"	"0.25"	"0.01"	"0.005"	"0.01"	"100000"	"10000"	"200"	"9105631705586362685"	60000	"intercept"	0.660687835
"0.65"	"0.0"	"0.25"	"0.01"	"0.005"	"0.01"	"100000"	"10000"	"200"	"9105631705586362685"	65000	"slope"	-0.134051514
"0.65"	"0.0"	"0.25"	"0.01"	"0.005"	"0.01"	"100000"	"10000"	"200"	"9105631705586362685"	65000	"intercept"	0.666958065
"0.65"	"0.0"	"0.25"	"0.01"	"0.005"	"0.01"	"100000"	"10000"	"200"	"9105631705586362685"	70000	"slope"	-0.167642021
"0.65"	"0.0"	"0.25"	"0.01"	"0.005"	"0.01"	"100000"	"10000"	"200"	"9105631705586362685"	70000	"intercept"	0.70080255
"0.65"	"0.0"	"0.25"	"0.01"	"0.005"	"0.01"	"100000"	"10000"	"200"	"9105631705586362685"	75000	"slope"	-0.154263846
"0.65"	"0.0"	"0.25"	"0.01"	"0.005"	"0.01"	"100000"	"10000"	"200"	"9105631705586362685"	75000	"intercept"	0.690817405
"0.65"	"0.0"	"0.25"	"0.01"	"0.005"	"0.01"	"100000"	"10000"	"200"	"9105631705586362685"	80000	"slope"	-0.1328275175
"0.65"	"0.0"	"0.25"	"0.01"	"0.005"	"0.01"	"100000"	"10000"	"200"	"9105631705586362685"	80000	"intercept"	0.6769506
"0.65"	"0.0"	"0.25"	"0.01"	"0.005"	"0.01"	"100000"	"10000"	"200"	"9105631705586362685"	85000	"slope"	-0.16042141255
"0.65"	"0.0"	"0.25"	"0.01"	"0.005"	"0.01"	"100000"	"10000"	"200"	"9105631705586362685"	85000	"intercept"	0.689439925
"0.65"	"0.0"	"0.25"	"0.01"	"0.005"	"0.01"	"100000"	"10000"	"200"	"9105631705586362685"	90000	"slope"	-0.151881396
"0.65"	"0.0"	"0.25"	"0.01"	"0.005"	"0.01"	"100000"	"10000"	"200"	"9105631705586362685"	90000	"intercept"	0.687656095
"0.65"	"0.0"	"0.25"	"0.01"	"0.005"	"0.01"	"100000"	"10000"	"200"	"9105631705586362685"	95000	"slope"	-0.133389482
"0.65"	"0.0"	"0.25"	"0.01"	"0.005"	"0.01"	"100000"	"10000"	"200"	"9105631705586362685"	95000	"intercept"	0.66671475
"0.65"	"0.0"	"0.25"	"0.01"	"0.005"	"0.01"	"100000"	"10000"	"200"	"9105631705586362685"	100000	"slope"	-0.094396845
"0.65"	"0.0"	"0.25"	"0.01"	"0.005"	"0.01"	"100000"	"10000"	"200"	"9105631705586362685"	100000	"intercept"	0.647395755
"0.65"	"0.4"	"0.25"	"0.01"	"0.005"	"0.01"	"100000"	"10000"	"200"	"1088413565273752346"	10	"slope"	-6.2868255e-05
"0.65"	"0.4"	"0.25"	"0.01"	"0.005"	"0.01"	"100000"	"10000"	"200"	"1088413565273752346"	10	"intercept"	0.500127335
"0.65"	"0.4"	"0.25"	"0.01"	"0.005"	"0.01"	"100000"	"10000"	"200"	"1088413565273752346"	5000	"slope"	-0.028663559415
"0.65"	"0.4"	"0.25"	"0.01"	"0.005"	"0.01"	"100000"	"10000"	"200"	"1088413565273752346"	5000	"intercept"	0.562819695
"0.65"	"0.4"	"0.25"	"0.01"	"0.005"	"0.01"	"100000"	"10000"	"200"	"1088413565273752346"	10000	"slope"	-0.093491264
"0.65"	"0.4"	"0.25"	"0.01"	"0.005"	"0.01"	"100000"	"10000"	"200"	"1088413565273752346"	10000	"intercept"	0.602021495
"0.65"	"0.4"	"0.25"	"0.01"	"0.005"	"0.01"	"100000"	"10000"	"200"	"1088413565273752346"	15000	"slope"	-0.170646644
"0.65"	"0.4"	"0.25"	"0.01"	"0.005"	"0.01"	"100000"	"10000"	"200"	"1088413565273752346"	15000	"intercept"	0.642375965
"0.65"	"0.4"	"0.25"	"0.01"	"0.005"	"0.01"	"100000"	"10000"	"200"	"1088413565273752346"	20000	"slope"	-0.22597935
"0.65"	"0.4"	"0.25"	"0.01"	"0.005"	"0.01"	"100000"	"10000"	"200"	"1088413565273752346"	20000	"intercept"	0.6770618
"0.65"	"0.4"	"0.25"	"0.01"	"0.005"	"0.01"	"100000"	"10000"	"200"	"1088413565273752346"	25000	"slope"	-0.267489745
"0.65"	"0.4"	"0.25"	"0.01"	"0.005"	"0.01"	"100000"	"10000"	"200"	"1088413565273752346"	25000	"intercept"	0.7003478
"0.65"	"0.4"	"0.25"	"0.01"	"0.005"	"0.01"	"100000"	"10000"	"200"	"1088413565273752346"	30000	"slope"	-0.285494355
"0.65"	"0.4"	"0.25"	"0.01"	"0.005"	"0.01"	"100000"	"10000"	"200"	"1088413565273752346"	30000	"intercept"	0.70906244
"0.65"	"0.4"	"0.25"	"0.01"	"0.005"	"0.01"	"100000"	"10000"	"200"	"1088413565273752346"	35000	"slope"	-0.305591815
"0.65"	"0.4"	"0.25"	"0.01"	"0.005"	"0.01"	"100000"	"10000"	"200"	"1088413565273752346"	35000	"intercept"	0.722895985
"0.65"	"0.4"	"0.25"	"0.01"	"0.005"	"0.01"	"100000"	"10000"	"200"	"1088413565273752346"	40000	"slope"	-0.28742504
"0.65"	"0.4"	"0.25"	"0.01"	"0.005"	"0.01"	"100000"	"10000"	"200"	"1088413565273752346"	40000	"intercept"	0.701519
"0.65"	"0.4"	"0.25"	"0.01"	"0.005"	"0.01"	"100000"	"10000"	"200"	"1088413565273752346"	45000	"slope"	-0.295839995
"0.65"	"0.4"	"0.25"	"0.01"	"0.005"	"0.01"	"100000"	"10000"	"200"	"1088413565273752346"	45000	"intercept"	0.721891715
"0.65"	"0.4"	"0.25"	"0.01"	"0.005"	"0.01"	"100000"	"10000"	"200"	"1088413565273752346"	50000	"slope"	-0.323182225
"0.65"	"0.4"	"0.25"	"0.01"	"0.005"	"0.01"	"100000"	"10000"	"200"	"1088413565273752346"	50000	"intercept"	0.73158938
"0.65"	"0.4"	"0.25"	"0.01"	"0.005"	"0.01"	"100000"	"10000"	"200"	"1088413565273752346"	55000	"slope"	-0.325267805
"0.65"	"0.4"	"0.25"	"0.01"	"0.005"	"0.01"	"100000"	"10000"	"200"	"1088413565273752346"	55000	"intercept"	0.73208489
"0.65"	"0.4"	"0.25"	"0.01"	"0.005"	"0.01"	"100000"	"10000"	"200"	"1088413565273752346"	60000	"slope"	-0.325225025
"0.65"	"0.4"	"0.25"	"0.01"	"0.005"	"0.01"	"100000"	"10000"	"200"	"1088413565273752346"	60000	"intercept"	0.73503559
"0.65"	"0.4"	"0.25"	"0.01"	"0.005"	"0.01"	"100000"	"10000"	"200"	"1088413565273752346"	65000	"slope"	-0.349475235
"0.65"	"0.4"	"0.25"	"0.01"	"0.005"	"0.01"	"100000"	"10000"	"200"	"1088413565273752346"	65000	"intercept"	0.74786124
"0.65"	"0.4"	"0.25"	"0.01"	"0.005"	"0.01"	"100000"	"10000"	"200"	"1088413565273752346"	70000	"slope"	-0.316721735
"0.65"	"0.4"	"0.25"	"0.01"	"0.005"	"0.01"	"100000"	"10000"	"200"	"1088413565273752346"	70000	"intercept"	0.727012205
"0.65"	"0.4"	"0.25"	"0.01"	"0.005"	"0.01"	"100000"	"10000"	"200"	"1088413565273752346"	75000	"slope"	-0.324922845
"0.65"	"0.4"	"0.25"	"0.01"	"0.005"	"0.01"	"100000"	"10000"	"200"	"1088413565273752346"	75000	"intercept"	0.729287805
"0.65"	"0.4"	"0.25"	"0.01"	"0.005"	"0.01"	"100000"	"10000"	"200"	"1088413565273752346"	80000	"slope"	-0.350197535
"0.65"	"0.4"	"0.25"	"0.01"	"0.005"	"0.01"	"100000"	"10000"	"200"	"1088413565273752346"	80000	"intercept"	0.75178023
"0.65"	"0.4"	"0.25"	"0.01"	"0.005"	"0.01"	"100000"	"10000"	"200"	"1088413565273752346"	85000	"slope"	-0.34411383
"0.65"	"0.4"	"0.25"	"0.01"	"0.005"	"0.01"	"100000"	"10000"	"200"	"1088413565273752346"	85000	"intercept"	0.743556765
"0.65"	"0.4"	"0.25"	"0.01"	"0.005"	"0.01"	"100000"	"10000"	"200"	"1088413565273752346"	90000	"slope"	-0.362689525
"0.65"	"0.4"	"0.25"	"0.01"	"0.005"	"0.01"	"100000"	"10000"	"200"	"1088413565273752346"	90000	"intercept"	0.75104845
"0.65"	"0.4"	"0.25"	"0.01"	"0.005"	"0.01"	"100000"	"10000"	"200"	"1088413565273752346"	95000	"slope"	-0.343296445
"0.65"	"0.4"	"0.25"	"0.01"	"0.005"	"0.01"	"100000"	"10000"	"200"	"1088413565273752346"	95000	"intercept"	0.741284585
"0.65"	"0.4"	"0.25"	"0.01"	"0.005"	"0.01"	"100000"	"10000"	"200"	"1088413565273752346"	100000	"slope"	-0.353922715
"0.65"	"0.4"	"0.25"	"0.01"	"0.005"	"0.01"	"100000"	"10000"	"200"	"1088413565273752346"	100000	"intercept"	0.75039691
"0.65"	"0.4"	"0.25"	"0.01"	"0.005"	"0.01"	"100000"	"10000"	"200"	"8845065968071212909"	10	"slope"	0.000141339095
"0.65"	"0.4"	"0.25"	"0.01"	"0.005"	"0.01"	"100000"	"10000"	"200"	"8845065968071212909"	10	"intercept"	0.49982983
"0.65"	"0.4"	"0.25"	"0.01"	"0.005"	"0.01"	"100000"	"10000"	"200"	"8845065968071212909"	5000	"slope"	-0.086624714
"0.65"	"0.4"	"0.25"	"0.01"	"0.005"	"0.01"	"100000"	"10000"	"200"	"8845065968071212909"	5000	"intercept"	0.600179895
"0.65"	"0.4"	"0.25"	"0.01"	"0.005"	"0.01"	"100000"	"10000"	"200"	"8845065968071212909"	10000	"slope"	-0.189816275
"0.65"	"0.4"	"0.25"	"0.01"	"0.005"	"0.01"	"100000"	"10000"	"200"	"8845065968071212909"	10000	"intercept"	0.65904816
"0.65"	"0.4"	"0.25"	"0.01"	"0.005"	"0.01"	"100000"	"10000"	"200"	"8845065968071212909"	15000	"slope"	-0.241416665
"0.65"	"0.4"	"0.25"	"0.01"	"0.005"	"0.01"	"100000"	"10000"	"200"	"8845065968071212909"	15000	"intercept"	0.689315
"0.65"	"0.4"	"0.25"	"0.01"	"0.005"	"0.01"	"100000"	"10000"	"200"	"8845065968071212909"	20000	"slope"	-0.249558865
"0.65"	"0.4"	"0.25"	"0.01"	"0.005"	"0.01"	"100000"	"10000"	"200"	"8845065968071212909"	20000	"intercept"	0.691325515
"0.65"	"0.4"	"0.25"	"0.01"	"0.005"	"0.01"	"100000"	"10000"	"200"	"8845065968071212909"	25000	"slope"	-0.26996688
"0.65"	"0.4"	"0.25"	"0.01"	"0.005"	"0.01"	"100000"	"10000"	"200"	"8845065968071212909"	25000	"intercept"	0.70618263
"0.65"	"0.4"	"0.25"	"0.01"	"0.005"	"0.01"	"100000"	"10000"	"200"	"8845065968071212909"	30000	"slope"	-0.270682755
"0.65"	"0.4"	"0.25"	"0.01"	"0.005"	"0.01"	"100000"	"10000"	"200"	"8845065968071212909"	30000	"intercept"	0.70473411
"0.65"	"0.4"	"0.25"	"0.01"	"0.005"	"0.01"	"100000"	"10000"	"200"	"8845065968071212909"	35000	"slope"	-0.296704305
"0.65"	"0.4"	"0.25"	"0.01"	"0.005"	"0.01"	"100000"	"10000"	"200"	"8845065968071212909"	35000	"intercept"	0.72175869
"0.65"	"0.4"	"0.25"	"0.01"	"0.005"	"0.01"	"100000"	"10000"	"200"	"8845065968071212909"	40000	"slope"	-0.29770754
"0.65"	"0.4"	"0.25"	"0.01"	"0.005"	"0.01"	"100000"	"10000"	"200"	"8845065968071212909"	40000	"intercept"	0.71941801
"0.65"	"0.4"	"0.25"	"0.01"	"0.005"	"0.01"	"100000"	"10000"	"200"	"8845065968071212909"	45000	"slope"	-0.30259034
"0.65"	"0.4"	"0.25"	"0.01"	"0.005"	"0.01"	"100000"	"10000"	"200"	"8845065968071212909"	45000	"intercept"	0.72138621
"0.65"	"0.4"	"0.25"	"0.01"	"0.005"	"0.01"	"100000"	"10000"	"200"	"8845065968071212909"	50000	"slope"	-0.32970907
"0.65"	"0.4"	"0.25"	"0.01"	"0.005"	"0.01"	"100000"	"10000"	"200"	"8845065968071212909"	50000	"intercept"	0.734577895
"0.65"	"0.4"	"0.25"	"0.01"	"0.005"	"0.01"	"100000"	"10000"	"200"	"8845065968071212909"	55000	"slope"	-0.317424555
"0.65"	"0.4"	"0.25"	"0.01"	"0.005"	"0.01"	"100000"	"10000"	"200"	"8845065968071212909"	55000	"intercept"	0.731034665
"0.65"	"0.4"	"0.25"	"0.01"	"0.005"	"0.01"	"100000"	"10000"	"200"	"8845065968071212909"	60000	"slope"	-0.293117085
"0.65"	"0.4"	"0.25"	"0.01"	"0.005"	"0.01"	"100000"	"10000"	"200"	"8845065968071212909"	60000	"intercept"	0.71850221
"0.65"	"0.4"	"0.25"	"0.01"	"0.005"	"0.01"	"100000"	"10000"	"200"	"8845065968071212909"	65000	"slope"	-0.304814435
"0.65"	"0.4"	"0.25"	"0.01"	"0.005"	"0.01"	"100000"	"10000"	"200"	"8845065968071212909"	65000	"intercept"	0.72289657
"0.65"	"0.4"	"0.25"	"0.01"	"0.005"	"0.01"	"100000"	"10000"	"200"	"8845065968071212909"	70000	"slope"	-0.30798353
"0.65"	"0.4"	"0.25"	"0.01"	"0.005"	"0.01"	"100000"	"10000"	"200"	"8845065968071212909"	70000	"intercept"	0.73291423
"0.65"	"0.4"	"0.25"	"0.01"	"0.005"	"0.01"	"100000"	"10000"	"200"	"8845065968071212909"	75000	"slope"	-0.33536531
"0.65"	"0.4"	"0.25"	"0.01"	"0.005"	"0.01"	"100000"	"10000"	"200"	"8845065968071212909"	75000	"intercept"	0.745102455
"0.65"	"0.4"	"0.25"	"0.01"	"0.005"	"0.01"	"100000"	"10000"	"200"	"8845065968071212909"	80000	"slope"	-0.30651315
"0.65"	"0.4"	"0.25"	"0.01"	"0.005"	"0.01"	"100000"	"10000"	"200"	"8845065968071212909"	80000	"intercept"	0.7152561
"0.65"	"0.4"	"0.25"	"0.01"	"0.005"	"0.01"	"100000"	"10000"	"200"	"8845065968071212909"	85000	"slope"	-0.289664365
"0.65"	"0.4"	"0.25"	"0.01"	"0.005"	"0.01"	"100000"	"10000"	"200"	"8845065968071212909"	85000	"intercept"	0.71249592
"0.65"	"0.4"	"0.25"	"0.01"	"0.005"	"0.01"	"100000"	"10000"	"200"	"8845065968071212909"	90000	"slope"	-0.290318315
"0.65"	"0.4"	"0.25"	"0.01"	"0.005"	"0.01"	"100000"	"10000"	"200"	"8845065968071212909"	90000	"intercept"	0.71770425
"0.65"	"0.4"	"0.25"	"0.01"	"0.005"	"0.01"	"100000"	"10000"	"200"	"8845065968071212909"	95000	"slope"	-0.31820462
"0.65"	"0.4"	"0.25"	"0.01"	"0.005"	"0.01"	"100000"	"10000"	"200"	"8845065968071212909"	95000	"intercept"	0.723579295
"0.65"	"0.4"	"0.25"	"0.01"	"0.005"	"0.01"	"100000"	"10000"	"200"	"8845065968071212909"	100000	"slope"	-0.30266521
"0.65"	"0.4"	"0.25"	"0.01"	"0.005"	"0.01"	"100000"	"10000"	"200"	"8845065968071212909"	100000	"intercept"	0.72340914
"0.65"	"0.4"	"0.25"	"0.01"	"0.005"	"0.01"	"100000"	"10000"	"200"	"8903569147053703738"	10	"slope"	-8.86477000000001e-06
"0.65"	"0.4"	"0.25"	"0.01"	"0.005"	"0.01"	"100000"	"10000"	"200"	"8903569147053703738"	10	"intercept"	0.500027375
"0.65"	"0.4"	"0.25"	"0.01"	"0.005"	"0.01"	"100000"	"10000"	"200"	"8903569147053703738"	5000	"slope"	-0.0599092403
"0.65"	"0.4"	"0.25"	"0.01"	"0.005"	"0.01"	"100000"	"10000"	"200"	"8903569147053703738"	5000	"intercept"	0.579211095
"0.65"	"0.4"	"0.25"	"0.01"	"0.005"	"0.01"	"100000"	"10000"	"200"	"8903569147053703738"	10000	"slope"	-0.136741054
"0.65"	"0.4"	"0.25"	"0.01"	"0.005"	"0.01"	"100000"	"10000"	"200"	"8903569147053703738"	10000	"intercept"	0.63423951
"0.65"	"0.4"	"0.25"	"0.01"	"0.005"	"0.01"	"100000"	"10000"	"200"	"8903569147053703738"	15000	"slope"	-0.172393879
"0.65"	"0.4"	"0.25"	"0.01"	"0.005"	"0.01"	"100000"	"10000"	"200"	"8903569147053703738"	15000	"intercept"	0.64515792
"0.65"	"0.4"	"0.25"	"0.01"	"0.005"	"0.01"	"100000"	"10000"	"200"	"8903569147053703738"	20000	"slope"	-0.248410205
"0.65"	"0.4"	"0.25"	"0.01"	"0.005"	"0.01"	"100000"	"10000"	"200"	"8903569147053703738"	20000	"intercept"	0.69630486
"0.65"	"0.4"	"0.25"	"0.01"	"0.005"	"0.01"	"100000"	"10000"	"200"	"8903569147053703738"	25000	"slope"	-0.303320925
"0.65"	"0.4"	"0.25"	"0.01"	"0.005"	"0.01"	"100000"	"10000"	"200"	"8903569147053703738"	25000	"intercept"	0.72141981
"0.65"	"0.4"	"0.25"	"0.01"	"0.005"	"0.01"	"100000"	"10000"	"200"	"8903569147053703738"	30000	"slope"	-0.342425425
"0.65"	"0.4"	"0.25"	"0.01"	"0.005"	"0.01"	"100000"	"10000"	"200"	"8903569147053703738"	30000	"intercept"	0.749140765
"0.65"	"0.4"	"0.25"	"0.01"	"0.005"	"0.01"	"100000"	"10000"	"200"	"8903569147053703738"	35000	"slope"	-0.33078942
"0.65"	"0.4"	"0.25"	"0.01"	"0.005"	"0.01"	"100000"	"10000"	"200"	"8903569147053703738"	35000	"intercept"	0.731123985
"0.65"	"0.4"	"0.25"	"0.01"	"0.005"	"0.01"	"100000"	"10000"	"200"	"8903569147053703738"	40000	"slope"	-0.3012515
"0.65"	"0.4"	"0.25"	"0.01"	"0.005"	"0.01"	"100000"	"10000"	"200"	"8903569147053703738"	40000	"intercept"	0.718199765
"0.65"	"0.4"	"0.25"	"0.01"	"0.005"	"0.01"	"100000"	"10000"	"200"	"8903569147053703738"	45000	"slope"	-0.306306335
"0.65"	"0.4"	"0.25"	"0.01"	"0.005"	"0.01"	"100000"	"10000"	"200"	"8903569147053703738"	45000	"intercept"	0.724095005
"0.65"	"0.4"	"0.25"	"0.01"	"0.005"	"0.01"	"100000"	"10000"	"200"	"8903569147053703738"	50000	"slope"	-0.326544345
"0.65"	"0.4"	"0.25"	"0.01"	"0.005"	"0.01"	"100000"	"10000"	"200"	"8903569147053703738"	50000	"intercept"	0.746631195
"0.65"	"0.4"	"0.25"	"0.01"	"0.005"	"0.01"	"100000"	"10000"	"200"	"8903569147053703738"	55000	"slope"	-0.354790105
"0.65"	"0.4"	"0.25"	"0.01"	"0.005"	"0.01"	"100000"	"10000"	"200"	"8903569147053703738"	55000	"intercept"	0.757114515
"0.65"	"0.4"	"0.25"	"0.01"	"0.005"	"0.01"	"100000"	"10000"	"200"	"8903569147053703738"	60000	"slope"	-0.30119539
"0.65"	"0.4"	"0.25"	"0.01"	"0.005"	"0.01"	"100000"	"10000"	"200"	"8903569147053703738"	60000	"intercept"	0.7214171
"0.65"	"0.4"	"0.25"	"0.01"	"0.005"	"0.01"	"100000"	"10000"	"200"	"8903569147053703738"	65000	"slope"	-0.3110707
"0.65"	"0.4"	"0.25"	"0.01"	"0.005"	"0.01"	"100000"	"10000"	"200"	"8903569147053703738"	65000	"intercept"	0.723150295
"0.65"	"0.4"	"0.25"	"0.01"	"0.005"	"0.01"	"100000"	"10000"	"200"	"8903569147053703738"	70000	"slope"	-0.3177627
"0.65"	"0.4"	"0.25"	"0.01"	"0.005"	"0.01"	"100000"	"10000"	"200"	"8903569147053703738"	70000	"intercept"	0.72195809
"0.65"	"0.4"	"0.25"	"0.01"	"0.005"	"0.01"	"100000"	"10000"	"200"	"8903569147053703738"	75000	"slope"	-0.31366242
"0.65"	"0.4"	"0.25"	"0.01"	"0.005"	"0.01"	"100000"	"10000"	"200"	"8903569147053703738"	75000	"intercept"	0.73392769
"0.65"	"0.4"	"0.25"	"0.01"	"0.005"	"0.01"	"100000"	"10000"	"200"	"8903569147053703738"	80000	"slope"	-0.356911405
"0.65"	"0.4"	"0.25"	"0.01"	"0.005"	"0.01"	"100000"	"10000"	"200"	"8903569147053703738"	80000	"intercept"	0.750168655
"0.65"	"0.4"	"0.25"	"0.01"	"0.005"	"0.01"	"100000"	"10000"	"200"	"8903569147053703738"	85000	"slope"	-0.367326605
"0.65"	"0.4"	"0.25"	"0.01"	"0.005"	"0.01"	"100000"	"10000"	"200"	"8903569147053703738"	85000	"intercept"	0.768348595
"0.65"	"0.4"	"0.25"	"0.01"	"0.005"	"0.01"	"100000"	"10000"	"200"	"8903569147053703738"	90000	"slope"	-0.332968365
"0.65"	"0.4"	"0.25"	"0.01"	"0.005"	"0.01"	"100000"	"10000"	"200"	"8903569147053703738"	90000	"intercept"	0.73032371
"0.65"	"0.4"	"0.25"	"0.01"	"0.005"	"0.01"	"100000"	"10000"	"200"	"8903569147053703738"	95000	"slope"	-0.345515445
"0.65"	"0.4"	"0.25"	"0.01"	"0.005"	"0.01"	"100000"	"10000"	"200"	"8903569147053703738"	95000	"intercept"	0.756096055
"0.65"	"0.4"	"0.25"	"0.01"	"0.005"	"0.01"	"100000"	"10000"	"200"	"8903569147053703738"	100000	"slope"	-0.36603805
"0.65"	"0.4"	"0.25"	"0.01"	"0.005"	"0.01"	"100000"	"10000"	"200"	"8903569147053703738"	100000	"intercept"	0.759377135
"0.65"	"0.6"	"0.25"	"0.01"	"0.005"	"0.01"	"100000"	"10000"	"200"	"2673061365953699699"	10	"slope"	1.4120865e-05
"0.65"	"0.6"	"0.25"	"0.01"	"0.005"	"0.01"	"100000"	"10000"	"200"	"2673061365953699699"	10	"intercept"	0.4998046
"0.65"	"0.6"	"0.25"	"0.01"	"0.005"	"0.01"	"100000"	"10000"	"200"	"2673061365953699699"	5000	"slope"	-0.06598606422
"0.65"	"0.6"	"0.25"	"0.01"	"0.005"	"0.01"	"100000"	"10000"	"200"	"2673061365953699699"	5000	"intercept"	0.550670645
"0.65"	"0.6"	"0.25"	"0.01"	"0.005"	"0.01"	"100000"	"10000"	"200"	"2673061365953699699"	10000	"slope"	-0.23380069
"0.65"	"0.6"	"0.25"	"0.01"	"0.005"	"0.01"	"100000"	"10000"	"200"	"2673061365953699699"	10000	"intercept"	0.636669555
"0.65"	"0.6"	"0.25"	"0.01"	"0.005"	"0.01"	"100000"	"10000"	"200"	"2673061365953699699"	15000	"slope"	-0.336052275
"0.65"	"0.6"	"0.25"	"0.01"	"0.005"	"0.01"	"100000"	"10000"	"200"	"2673061365953699699"	15000	"intercept"	0.70338558
"0.65"	"0.6"	"0.25"	"0.01"	"0.005"	"0.01"	"100000"	"10000"	"200"	"2673061365953699699"	20000	"slope"	-0.407361415
"0.65"	"0.6"	"0.25"	"0.01"	"0.005"	"0.01"	"100000"	"10000"	"200"	"2673061365953699699"	20000	"intercept"	0.73999238
"0.65"	"0.6"	"0.25"	"0.01"	"0.005"	"0.01"	"100000"	"10000"	"200"	"2673061365953699699"	25000	"slope"	-0.436292305
"0.65"	"0.6"	"0.25"	"0.01"	"0.005"	"0.01"	"100000"	"10000"	"200"	"2673061365953699699"	25000	"intercept"	0.768007895
"0.65"	"0.6"	"0.25"	"0.01"	"0.005"	"0.01"	"100000"	"10000"	"200"	"2673061365953699699"	30000	"slope"	-0.48339442
"0.65"	"0.6"	"0.25"	"0.01"	"0.005"	"0.01"	"100000"	"10000"	"200"	"2673061365953699699"	30000	"intercept"	0.78998413
"0.65"	"0.6"	"0.25"	"0.01"	"0.005"	"0.01"	"100000"	"10000"	"200"	"2673061365953699699"	35000	"slope"	-0.53040466
"0.65"	"0.6"	"0.25"	"0.01"	"0.005"	"0.01"	"100000"	"10000"	"200"	"2673061365953699699"	35000	"intercept"	0.820442815
"0.65"	"0.6"	"0.25"	"0.01"	"0.005"	"0.01"	"100000"	"10000"	"200"	"2673061365953699699"	40000	"slope"	-0.560241265
"0.65"	"0.6"	"0.25"	"0.01"	"0.005"	"0.01"	"100000"	"10000"	"200"	"2673061365953699699"	40000	"intercept"	0.83789452
"0.65"	"0.6"	"0.25"	"0.01"	"0.005"	"0.01"	"100000"	"10000"	"200"	"2673061365953699699"	45000	"slope"	-0.575839505
"0.65"	"0.6"	"0.25"	"0.01"	"0.005"	"0.01"	"100000"	"10000"	"200"	"2673061365953699699"	45000	"intercept"	0.848920725
"0.65"	"0.6"	"0.25"	"0.01"	"0.005"	"0.01"	"100000"	"10000"	"200"	"2673061365953699699"	50000	"slope"	-0.56041468
"0.65"	"0.6"	"0.25"	"0.01"	"0.005"	"0.01"	"100000"	"10000"	"200"	"2673061365953699699"	50000	"intercept"	0.841262395
"0.65"	"0.6"	"0.25"	"0.01"	"0.005"	"0.01"	"100000"	"10000"	"200"	"2673061365953699699"	55000	"slope"	-0.531316915
"0.65"	"0.6"	"0.25"	"0.01"	"0.005"	"0.01"	"100000"	"10000"	"200"	"2673061365953699699"	55000	"intercept"	0.821611105
"0.65"	"0.6"	"0.25"	"0.01"	"0.005"	"0.01"	"100000"	"10000"	"200"	"2673061365953699699"	60000	"slope"	-0.53890308
"0.65"	"0.6"	"0.25"	"0.01"	"0.005"	"0.01"	"100000"	"10000"	"200"	"2673061365953699699"	60000	"intercept"	0.82756259
"0.65"	"0.6"	"0.25"	"0.01"	"0.005"	"0.01"	"100000"	"10000"	"200"	"2673061365953699699"	65000	"slope"	-0.53557469
"0.65"	"0.6"	"0.25"	"0.01"	"0.005"	"0.01"	"100000"	"10000"	"200"	"2673061365953699699"	65000	"intercept"	0.8236211
"0.65"	"0.6"	"0.25"	"0.01"	"0.005"	"0.01"	"100000"	"10000"	"200"	"2673061365953699699"	70000	"slope"	-0.524582805
"0.65"	"0.6"	"0.25"	"0.01"	"0.005"	"0.01"	"100000"	"10000"	"200"	"2673061365953699699"	70000	"intercept"	0.815227415
"0.65"	"0.6"	"0.25"	"0.01"	"0.005"	"0.01"	"100000"	"10000"	"200"	"2673061365953699699"	75000	"slope"	-0.527977745
"0.65"	"0.6"	"0.25"	"0.01"	"0.005"	"0.01"	"100000"	"10000"	"200"	"2673061365953699699"	75000	"intercept"	0.812556435
"0.65"	"0.6"	"0.25"	"0.01"	"0.005"	"0.01"	"100000"	"10000"	"200"	"2673061365953699699"	80000	"slope"	-0.521070565
"0.65"	"0.6"	"0.25"	"0.01"	"0.005"	"0.01"	"100000"	"10000"	"200"	"2673061365953699699"	80000	"intercept"	0.81633633
"0.65"	"0.6"	"0.25"	"0.01"	"0.005"	"0.01"	"100000"	"10000"	"200"	"2673061365953699699"	85000	"slope"	-0.560487335
"0.65"	"0.6"	"0.25"	"0.01"	"0.005"	"0.01"	"100000"	"10000"	"200"	"2673061365953699699"	85000	"intercept"	0.853874305
"0.65"	"0.6"	"0.25"	"0.01"	"0.005"	"0.01"	"100000"	"10000"	"200"	"2673061365953699699"	90000	"slope"	-0.533990375
"0.65"	"0.6"	"0.25"	"0.01"	"0.005"	"0.01"	"100000"	"10000"	"200"	"2673061365953699699"	90000	"intercept"	0.81800316
"0.65"	"0.6"	"0.25"	"0.01"	"0.005"	"0.01"	"100000"	"10000"	"200"	"2673061365953699699"	95000	"slope"	-0.528435075
"0.65"	"0.6"	"0.25"	"0.01"	"0.005"	"0.01"	"100000"	"10000"	"200"	"2673061365953699699"	95000	"intercept"	0.81798968
"0.65"	"0.6"	"0.25"	"0.01"	"0.005"	"0.01"	"100000"	"10000"	"200"	"2673061365953699699"	100000	"slope"	-0.55428948
"0.65"	"0.6"	"0.25"	"0.01"	"0.005"	"0.01"	"100000"	"10000"	"200"	"2673061365953699699"	100000	"intercept"	0.8387221
"0.65"	"0.6"	"0.25"	"0.01"	"0.005"	"0.01"	"100000"	"10000"	"200"	"643734877272043588"	10	"slope"	-8.34517575e-05
"0.65"	"0.6"	"0.25"	"0.01"	"0.005"	"0.01"	"100000"	"10000"	"200"	"643734877272043588"	10	"intercept"	0.499968555
"0.65"	"0.6"	"0.25"	"0.01"	"0.005"	"0.01"	"100000"	"10000"	"200"	"643734877272043588"	5000	"slope"	-0.0983822775
"0.65"	"0.6"	"0.25"	"0.01"	"0.005"	"0.01"	"100000"	"10000"	"200"	"643734877272043588"	5000	"intercept"	0.57119937
"0.65"	"0.6"	"0.25"	"0.01"	"0.005"	"0.01"	"100000"	"10000"	"200"	"643734877272043588"	10000	"slope"	-0.1687045695
"0.65"	"0.6"	"0.25"	"0.01"	"0.005"	"0.01"	"100000"	"10000"	"200"	"643734877272043588"	10000	"intercept"	0.607346715
"0.65"	"0.6"	"0.25"	"0.01"	"0.005"	"0.01"	"100000"	"10000"	"200"	"643734877272043588"	15000	"slope"	-0.245563135
"0.65"	"0.6"	"0.25"	"0.01"	"0.005"	"0.01"	"100000"	"10000"	"200"	"643734877272043588"	15000	"intercept"	0.657381145
"0.65"	"0.6"	"0.25"	"0.01"	"0.005"	"0.01"	"100000"	"10000"	"200"	"643734877272043588"	20000	"slope"	-0.327583215
"0.65"	"0.6"	"0.25"	"0.01"	"0.005"	"0.01"	"100000"	"10000"	"200"	"643734877272043588"	20000	"intercept"	0.693322155
"0.65"	"0.6"	"0.25"	"0.01"	"0.005"	"0.01"	"100000"	"10000"	"200"	"643734877272043588"	25000	"slope"	-0.421138415
"0.65"	"0.6"	"0.25"	"0.01"	"0.005"	"0.01"	"100000"	"10000"	"200"	"643734877272043588"	25000	"intercept"	0.75594087
"0.65"	"0.6"	"0.25"	"0.01"	"0.005"	"0.01"	"100000"	"10000"	"200"	"643734877272043588"	30000	"slope"	-0.48724517
"0.65"	"0.6"	"0.25"	"0.01"	"0.005"	"0.01"	"100000"	"10000"	"200"	"643734877272043588"	30000	"intercept"	0.7884146
"0.65"	"0.6"	"0.25"	"0.01"	"0.005"	"0.01"	"100000"	"10000"	"200"	"643734877272043588"	35000	"slope"	-0.532653865
"0.65"	"0.6"	"0.25"	"0.01"	"0.005"	"0.01"	"100000"	"10000"	"200"	"643734877272043588"	35000	"intercept"	0.821441915
"0.65"	"0.6"	"0.25"	"0.01"	"0.005"	"0.01"	"100000"	"10000"	"200"	"643734877272043588"	40000	"slope"	-0.53462246
"0.65"	"0.6"	"0.25"	"0.01"	"0.005"	"0.01"	"100000"	"10000"	"200"	"643734877272043588"	40000	"intercept"	0.82461472
"0.65"	"0.6"	"0.25"	"0.01"	"0.005"	"0.01"	"100000"	"10000"	"200"	"643734877272043588"	45000	"slope"	-0.544933085
"0.65"	"0.6"	"0.25"	"0.01"	"0.005"	"0.01"	"100000"	"10000"	"200"	"643734877272043588"	45000	"intercept"	0.82748607
"0.65"	"0.6"	"0.25"	"0.01"	"0.005"	"0.01"	"100000"	"10000"	"200"	"643734877272043588"	50000	"slope"	-0.547512535
"0.65"	"0.6"	"0.25"	"0.01"	"0.005"	"0.01"	"100000"	"10000"	"200"	"643734877272043588"	50000	"intercept"	0.83451016
"0.65"	"0.6"	"0.25"	"0.01"	"0.005"	"0.01"	"100000"	"10000"	"200"	"643734877272043588"	55000	"slope"	-0.560784385
"0.65"	"0.6"	"0.25"	"0.01"	"0.005"	"0.01"	"100000"	"10000"	"200"	"643734877272043588"	55000	"intercept"	0.846119775
"0.65"	"0.6"	"0.25"	"0.01"	"0.005"	"0.01"	"100000"	"10000"	"200"	"643734877272043588"	60000	"slope"	-0.54704008
"0.65"	"0.6"	"0.25"	"0.01"	"0.005"	"0.01"	"100000"	"10000"	"200"	"643734877272043588"	60000	"intercept"	0.832954725
"0.65"	"0.6"	"0.25"	"0.01"	"0.005"	"0.01"	"100000"	"10000"	"200"	"643734877272043588"	65000	"slope"	-0.545844905
"0.65"	"0.6"	"0.25"	"0.01"	"0.005"	"0.01"	"100000"	"10000"	"200"	"643734877272043588"	65000	"intercept"	0.83221807
"0.65"	"0.6"	"0.25"	"0.01"	"0.005"	"0.01"	"100000"	"10000"	"200"	"643734877272043588"	70000	"slope"	-0.557756625
"0.65"	"0.6"	"0.25"	"0.01"	"0.005"	"0.01"	"100000"	"10000"	"200"	"643734877272043588"	70000	"intercept"	0.837136765
"0.65"	"0.6"	"0.25"	"0.01"	"0.005"	"0.01"	"100000"	"10000"	"200"	"643734877272043588"	75000	"slope"	-0.54049021
"0.65"	"0.6"	"0.25"	"0.01"	"0.005"	"0.01"	"100000"	"10000"	"200"	"643734877272043588"	75000	"intercept"	0.831960695
"0.65"	"0.6"	"0.25"	"0.01"	"0.005"	"0.01"	"100000"	"10000"	"200"	"643734877272043588"	80000	"slope"	-0.54497451
"0.65"	"0.6"	"0.25"	"0.01"	"0.005"	"0.01"	"100000"	"10000"	"200"	"643734877272043588"	80000	"intercept"	0.833176185
"0.65"	"0.6"	"0.25"	"0.01"	"0.005"	"0.01"	"100000"	"10000"	"200"	"643734877272043588"	85000	"slope"	-0.536466585
"0.65"	"0.6"	"0.25"	"0.01"	"0.005"	"0.01"	"100000"	"10000"	"200"	"643734877272043588"	85000	"intercept"	0.83583724
"0.65"	"0.6"	"0.25"	"0.01"	"0.005"	"0.01"	"100000"	"10000"	"200"	"643734877272043588"	90000	"slope"	-0.52535551
"0.65"	"0.6"	"0.25"	"0.01"	"0.005"	"0.01"	"100000"	"10000"	"200"	"643734877272043588"	90000	"intercept"	0.81726507
"0.65"	"0.6"	"0.25"	"0.01"	"0.005"	"0.01"	"100000"	"10000"	"200"	"643734877272043588"	95000	"slope"	-0.48272991
"0.65"	"0.6"	"0.25"	"0.01"	"0.005"	"0.01"	"100000"	"10000"	"200"	"643734877272043588"	95000	"intercept"	0.79811968
"0.65"	"0.6"	"0.25"	"0.01"	"0.005"	"0.01"	"100000"	"10000"	"200"	"643734877272043588"	100000	"slope"	-0.559842935
"0.65"	"0.6"	"0.25"	"0.01"	"0.005"	"0.01"	"100000"	"10000"	"200"	"643734877272043588"	100000	"intercept"	0.847706075
"0.65"	"0.6"	"0.25"	"0.01"	"0.005"	"0.01"	"100000"	"10000"	"200"	"8148290492218108949"	10	"slope"	-4.789575e-05
"0.65"	"0.6"	"0.25"	"0.01"	"0.005"	"0.01"	"100000"	"10000"	"200"	"8148290492218108949"	10	"intercept"	0.49972771
"0.65"	"0.6"	"0.25"	"0.01"	"0.005"	"0.01"	"100000"	"10000"	"200"	"8148290492218108949"	5000	"slope"	-0.0811424455
"0.65"	"0.6"	"0.25"	"0.01"	"0.005"	"0.01"	"100000"	"10000"	"200"	"8148290492218108949"	5000	"intercept"	0.558976135
"0.65"	"0.6"	"0.25"	"0.01"	"0.005"	"0.01"	"100000"	"10000"	"200"	"8148290492218108949"	10000	"slope"	-0.1884124355
"0.65"	"0.6"	"0.25"	"0.01"	"0.005"	"0.01"	"100000"	"10000"	"200"	"8148290492218108949"	10000	"intercept"	0.618372415
"0.65"	"0.6"	"0.25"	"0.01"	"0.005"	"0.01"	"100000"	"10000"	"200"	"8148290492218108949"	15000	"slope"	-0.257841095
"0.65"	"0.6"	"0.25"	"0.01"	"0.005"	"0.01"	"100000"	"10000"	"200"	"8148290492218108949"	15000	"intercept"	0.65830244
"0.65"	"0.6"	"0.25"	"0.01"	"0.005"	"0.01"	"100000"	"10000"	"200"	"8148290492218108949"	20000	"slope"	-0.329800195
"0.65"	"0.6"	"0.25"	"0.01"	"0.005"	"0.01"	"100000"	"10000"	"200"	"8148290492218108949"	20000	"intercept"	0.7043931
"0.65"	"0.6"	"0.25"	"0.01"	"0.005"	"0.01"	"100000"	"10000"	"200"	"8148290492218108949"	25000	"slope"	-0.412078835
"0.65"	"0.6"	"0.25"	"0.01"	"0.005"	"0.01"	"100000"	"10000"	"200"	"8148290492218108949"	25000	"intercept"	0.754666505
"0.65"	"0.6"	"0.25"	"0.01"	"0.005"	"0.01"	"100000"	"10000"	"200"	"8148290492218108949"	30000	"slope"	-0.447703515
"0.65"	"0.6"	"0.25"	"0.01"	"0.005"	"0.01"	"100000"	"10000"	"200"	"8148290492218108949"	30000	"intercept"	0.765486815
"0.65"	"0.6"	"0.25"	"0.01"	"0.005"	"0.01"	"100000"	"10000"	"200"	"8148290492218108949"	35000	"slope"	-0.494138785
"0.65"	"0.6"	"0.25"	"0.01"	"0.005"	"0.01"	"100000"	"10000"	"200"	"8148290492218108949"	35000	"intercept"	0.805935995
"0.65"	"0.6"	"0.25"	"0.01"	"0.005"	"0.01"	"100000"	"10000"	"200"	"8148290492218108949"	40000	"slope"	-0.511409645
"0.65"	"0.6"	"0.25"	"0.01"	"0.005"	"0.01"	"100000"	"10000"	"200"	"8148290492218108949"	40000	"intercept"	0.81594291
"0.65"	"0.6"	"0.25"	"0.01"	"0.005"	"0.01"	"100000"	"10000"	"200"	"8148290492218108949"	45000	"slope"	-0.497914545
"0.65"	"0.6"	"0.25"	"0.01"	"0.005"	"0.01"	"100000"	"10000"	"200"	"8148290492218108949"	45000	"intercept"	0.80491144
"0.65"	"0.6"	"0.25"	"0.01"	"0.005"	"0.01"	"100000"	"10000"	"200"	"8148290492218108949"	50000	"slope"	-0.55476312
"0.65"	"0.6"	"0.25"	"0.01"	"0.005"	"0.01"	"100000"	"10000"	"200"	"8148290492218108949"	50000	"intercept"	0.83735284
"0.65"	"0.6"	"0.25"	"0.01"	"0.005"	"0.01"	"100000"	"10000"	"200"	"8148290492218108949"	55000	"slope"	-0.573480905
"0.65"	"0.6"	"0.25"	"0.01"	"0.005"	"0.01"	"100000"	"10000"	"200"	"8148290492218108949"	55000	"intercept"	0.852205185
"0.65"	"0.6"	"0.25"	"0.01"	"0.005"	"0.01"	"100000"	"10000"	"200"	"8148290492218108949"	60000	"slope"	-0.543717455
"0.65"	"0.6"	"0.25"	"0.01"	"0.005"	"0.01"	"100000"	"10000"	"200"	"8148290492218108949"	60000	"intercept"	0.82792833
"0.65"	"0.6"	"0.25"	"0.01"	"0.005"	"0.01"	"100000"	"10000"	"200"	"8148290492218108949"	65000	"slope"	-0.531090115
"0.65"	"0.6"	"0.25"	"0.01"	"0.005"	"0.01"	"100000"	"10000"	"200"	"8148290492218108949"	65000	"intercept"	0.82226654
"0.65"	"0.6"	"0.25"	"0.01"	"0.005"	"0.01"	"100000"	"10000"	"200"	"8148290492218108949"	70000	"slope"	-0.55759984
"0.65"	"0.6"	"0.25"	"0.01"	"0.005"	"0.01"	"100000"	"10000"	"200"	"8148290492218108949"	70000	"intercept"	0.83940265
"0.65"	"0.6"	"0.25"	"0.01"	"0.005"	"0.01"	"100000"	"10000"	"200"	"8148290492218108949"	75000	"slope"	-0.568525615
"0.65"	"0.6"	"0.25"	"0.01"	"0.005"	"0.01"	"100000"	"10000"	"200"	"8148290492218108949"	75000	"intercept"	0.84519614
"0.65"	"0.6"	"0.25"	"0.01"	"0.005"	"0.01"	"100000"	"10000"	"200"	"8148290492218108949"	80000	"slope"	-0.567362995
"0.65"	"0.6"	"0.25"	"0.01"	"0.005"	"0.01"	"100000"	"10000"	"200"	"8148290492218108949"	80000	"intercept"	0.85176788
"0.65"	"0.6"	"0.25"	"0.01"	"0.005"	"0.01"	"100000"	"10000"	"200"	"8148290492218108949"	85000	"slope"	-0.533014095
"0.65"	"0.6"	"0.25"	"0.01"	"0.005"	"0.01"	"100000"	"10000"	"200"	"8148290492218108949"	85000	"intercept"	0.8333049
"0.65"	"0.6"	"0.25"	"0.01"	"0.005"	"0.01"	"100000"	"10000"	"200"	"8148290492218108949"	90000	"slope"	-0.51636644
"0.65"	"0.6"	"0.25"	"0.01"	"0.005"	"0.01"	"100000"	"10000"	"200"	"8148290492218108949"	90000	"intercept"	0.81584169
"0.65"	"0.6"	"0.25"	"0.01"	"0.005"	"0.01"	"100000"	"10000"	"200"	"8148290492218108949"	95000	"slope"	-0.568244665
"0.65"	"0.6"	"0.25"	"0.01"	"0.005"	"0.01"	"100000"	"10000"	"200"	"8148290492218108949"	95000	"intercept"	0.85333092
"0.65"	"0.6"	"0.25"	"0.01"	"0.005"	"0.01"	"100000"	"10000"	"200"	"8148290492218108949"	100000	"slope"	-0.57303849
"0.65"	"0.6"	"0.25"	"0.01"	"0.005"	"0.01"	"100000"	"10000"	"200"	"8148290492218108949"	100000	"intercept"	0.84708041
"0.65"	"0.8"	"0.25"	"0.01"	"0.005"	"0.01"	"100000"	"10000"	"200"	"2089941791906038017"	10	"slope"	1.2487981e-05
"0.65"	"0.8"	"0.25"	"0.01"	"0.005"	"0.01"	"100000"	"10000"	"200"	"2089941791906038017"	10	"intercept"	0.500233215
"0.65"	"0.8"	"0.25"	"0.01"	"0.005"	"0.01"	"100000"	"10000"	"200"	"2089941791906038017"	5000	"slope"	-0.1149693025
"0.65"	"0.8"	"0.25"	"0.01"	"0.005"	"0.01"	"100000"	"10000"	"200"	"2089941791906038017"	5000	"intercept"	0.52787634
"0.65"	"0.8"	"0.25"	"0.01"	"0.005"	"0.01"	"100000"	"10000"	"200"	"2089941791906038017"	10000	"slope"	-0.294472005
"0.65"	"0.8"	"0.25"	"0.01"	"0.005"	"0.01"	"100000"	"10000"	"200"	"2089941791906038017"	10000	"intercept"	0.622111035
"0.65"	"0.8"	"0.25"	"0.01"	"0.005"	"0.01"	"100000"	"10000"	"200"	"2089941791906038017"	15000	"slope"	-0.434610075
"0.65"	"0.8"	"0.25"	"0.01"	"0.005"	"0.01"	"100000"	"10000"	"200"	"2089941791906038017"	15000	"intercept"	0.712878815
"0.65"	"0.8"	"0.25"	"0.01"	"0.005"	"0.01"	"100000"	"10000"	"200"	"2089941791906038017"	20000	"slope"	-0.56841056
"0.65"	"0.8"	"0.25"	"0.01"	"0.005"	"0.01"	"100000"	"10000"	"200"	"2089941791906038017"	20000	"intercept"	0.788454015
"0.65"	"0.8"	"0.25"	"0.01"	"0.005"	"0.01"	"100000"	"10000"	"200"	"2089941791906038017"	25000	"slope"	-0.679741335
"0.65"	"0.8"	"0.25"	"0.01"	"0.005"	"0.01"	"100000"	"10000"	"200"	"2089941791906038017"	25000	"intercept"	0.881364325
"0.65"	"0.8"	"0.25"	"0.01"	"0.005"	"0.01"	"100000"	"10000"	"200"	"2089941791906038017"	30000	"slope"	-0.734161695
"0.65"	"0.8"	"0.25"	"0.01"	"0.005"	"0.01"	"100000"	"10000"	"200"	"2089941791906038017"	30000	"intercept"	0.918738505
"0.65"	"0.8"	"0.25"	"0.01"	"0.005"	"0.01"	"100000"	"10000"	"200"	"2089941791906038017"	35000	"slope"	-0.7936743
"0.65"	"0.8"	"0.25"	"0.01"	"0.005"	"0.01"	"100000"	"10000"	"200"	"2089941791906038017"	35000	"intercept"	0.962802355
"0.65"	"0.8"	"0.25"	"0.01"	"0.005"	"0.01"	"100000"	"10000"	"200"	"2089941791906038017"	40000	"slope"	-0.8017027
"0.65"	"0.8"	"0.25"	"0.01"	"0.005"	"0.01"	"100000"	"10000"	"200"	"2089941791906038017"	40000	"intercept"	0.958609185
"0.65"	"0.8"	"0.25"	"0.01"	"0.005"	"0.01"	"100000"	"10000"	"200"	"2089941791906038017"	45000	"slope"	-0.82427907
"0.65"	"0.8"	"0.25"	"0.01"	"0.005"	"0.01"	"100000"	"10000"	"200"	"2089941791906038017"	45000	"intercept"	0.98092738
"0.65"	"0.8"	"0.25"	"0.01"	"0.005"	"0.01"	"100000"	"10000"	"200"	"2089941791906038017"	50000	"slope"	-0.87751311
"0.65"	"0.8"	"0.25"	"0.01"	"0.005"	"0.01"	"100000"	"10000"	"200"	"2089941791906038017"	50000	"intercept"	1.01751725
"0.65"	"0.8"	"0.25"	"0.01"	"0.005"	"0.01"	"100000"	"10000"	"200"	"2089941791906038017"	55000	"slope"	-0.88860814
"0.65"	"0.8"	"0.25"	"0.01"	"0.005"	"0.01"	"100000"	"10000"	"200"	"2089941791906038017"	55000	"intercept"	1.025694515
"0.65"	"0.8"	"0.25"	"0.01"	"0.005"	"0.01"	"100000"	"10000"	"200"	"2089941791906038017"	60000	"slope"	-0.87860019
"0.65"	"0.8"	"0.25"	"0.01"	"0.005"	"0.01"	"100000"	"10000"	"200"	"2089941791906038017"	60000	"intercept"	1.025093615
"0.65"	"0.8"	"0.25"	"0.01"	"0.005"	"0.01"	"100000"	"10000"	"200"	"2089941791906038017"	65000	"slope"	-0.892155255
"0.65"	"0.8"	"0.25"	"0.01"	"0.005"	"0.01"	"100000"	"10000"	"200"	"2089941791906038017"	65000	"intercept"	1.031859985
"0.65"	"0.8"	"0.25"	"0.01"	"0.005"	"0.01"	"100000"	"10000"	"200"	"2089941791906038017"	70000	"slope"	-0.866158775
"0.65"	"0.8"	"0.25"	"0.01"	"0.005"	"0.01"	"100000"	"10000"	"200"	"2089941791906038017"	70000	"intercept"	1.02113534
"0.65"	"0.8"	"0.25"	"0.01"	"0.005"	"0.01"	"100000"	"10000"	"200"	"2089941791906038017"	75000	"slope"	-0.876323545
"0.65"	"0.8"	"0.25"	"0.01"	"0.005"	"0.01"	"100000"	"10000"	"200"	"2089941791906038017"	75000	"intercept"	1.02525532
"0.65"	"0.8"	"0.25"	"0.01"	"0.005"	"0.01"	"100000"	"10000"	"200"	"2089941791906038017"	80000	"slope"	-0.865985155
"0.65"	"0.8"	"0.25"	"0.01"	"0.005"	"0.01"	"100000"	"10000"	"200"	"2089941791906038017"	80000	"intercept"	1.005163535
"0.65"	"0.8"	"0.25"	"0.01"	"0.005"	"0.01"	"100000"	"10000"	"200"	"2089941791906038017"	85000	"slope"	-0.86777166
"0.65"	"0.8"	"0.25"	"0.01"	"0.005"	"0.01"	"100000"	"10000"	"200"	"2089941791906038017"	85000	"intercept"	1.013403415
"0.65"	"0.8"	"0.25"	"0.01"	"0.005"	"0.01"	"100000"	"10000"	"200"	"2089941791906038017"	90000	"slope"	-0.84776504
"0.65"	"0.8"	"0.25"	"0.01"	"0.005"	"0.01"	"100000"	"10000"	"200"	"2089941791906038017"	90000	"intercept"	0.99709291
"0.65"	"0.8"	"0.25"	"0.01"	"0.005"	"0.01"	"100000"	"10000"	"200"	"2089941791906038017"	95000	"slope"	-0.84864988
"0.65"	"0.8"	"0.25"	"0.01"	"0.005"	"0.01"	"100000"	"10000"	"200"	"2089941791906038017"	95000	"intercept"	1.0018452
"0.65"	"0.8"	"0.25"	"0.01"	"0.005"	"0.01"	"100000"	"10000"	"200"	"2089941791906038017"	100000	"slope"	-0.83890855
"0.65"	"0.8"	"0.25"	"0.01"	"0.005"	"0.01"	"100000"	"10000"	"200"	"2089941791906038017"	100000	"intercept"	0.992850155
"0.65"	"0.8"	"0.25"	"0.01"	"0.005"	"0.01"	"100000"	"10000"	"200"	"5896019398812970693"	10	"slope"	7.3087525e-05
"0.65"	"0.8"	"0.25"	"0.01"	"0.005"	"0.01"	"100000"	"10000"	"200"	"5896019398812970693"	10	"intercept"	0.499990715
"0.65"	"0.8"	"0.25"	"0.01"	"0.005"	"0.01"	"100000"	"10000"	"200"	"5896019398812970693"	5000	"slope"	-0.1160969265
"0.65"	"0.8"	"0.25"	"0.01"	"0.005"	"0.01"	"100000"	"10000"	"200"	"5896019398812970693"	5000	"intercept"	0.522194845
"0.65"	"0.8"	"0.25"	"0.01"	"0.005"	"0.01"	"100000"	"10000"	"200"	"5896019398812970693"	10000	"slope"	-0.250874835
"0.65"	"0.8"	"0.25"	"0.01"	"0.005"	"0.01"	"100000"	"10000"	"200"	"5896019398812970693"	10000	"intercept"	0.60458149
"0.65"	"0.8"	"0.25"	"0.01"	"0.005"	"0.01"	"100000"	"10000"	"200"	"5896019398812970693"	15000	"slope"	-0.358389245
"0.65"	"0.8"	"0.25"	"0.01"	"0.005"	"0.01"	"100000"	"10000"	"200"	"5896019398812970693"	15000	"intercept"	0.65954826
"0.65"	"0.8"	"0.25"	"0.01"	"0.005"	"0.01"	"100000"	"10000"	"200"	"5896019398812970693"	20000	"slope"	-0.46807932
"0.65"	"0.8"	"0.25"	"0.01"	"0.005"	"0.01"	"100000"	"10000"	"200"	"5896019398812970693"	20000	"intercept"	0.73834431
"0.65"	"0.8"	"0.25"	"0.01"	"0.005"	"0.01"	"100000"	"10000"	"200"	"5896019398812970693"	25000	"slope"	-0.534907585
"0.65"	"0.8"	"0.25"	"0.01"	"0.005"	"0.01"	"100000"	"10000"	"200"	"5896019398812970693"	25000	"intercept"	0.788939285
"0.65"	"0.8"	"0.25"	"0.01"	"0.005"	"0.01"	"100000"	"10000"	"200"	"5896019398812970693"	30000	"slope"	-0.57536044
"0.65"	"0.8"	"0.25"	"0.01"	"0.005"	"0.01"	"100000"	"10000"	"200"	"5896019398812970693"	30000	"intercept"	0.81508154
"0.65"	"0.8"	"0.25"	"0.01"	"0.005"	"0.01"	"100000"	"10000"	"200"	"5896019398812970693"	35000	"slope"	-0.66533403
"0.65"	"0.8"	"0.25"	"0.01"	"0.005"	"0.01"	"100000"	"10000"	"200"	"5896019398812970693"	35000	"intercept"	0.882059255
"0.65"	"0.8"	"0.25"	"0.01"	"0.005"	"0.01"	"100000"	"10000"	"200"	"5896019398812970693"	40000	"slope"	-0.741265295
"0.65"	"0.8"	"0.25"	"0.01"	"0.005"	"0.01"	"100000"	"10000"	"200"	"5896019398812970693"	40000	"intercept"	0.928187135
"0.65"	"0.8"	"0.25"	"0.01"	"0.005"	"0.01"	"100000"	"10000"	"200"	"5896019398812970693"	45000	"slope"	-0.77966637
"0.65"	"0.8"	"0.25"	"0.01"	"0.005"	"0.01"	"100000"	"10000"	"200"	"5896019398812970693"	45000	"intercept"	0.944411625
"0.65"	"0.8"	"0.25"	"0.01"	"0.005"	"0.01"	"100000"	"10000"	"200"	"5896019398812970693"	50000	"slope"	-0.803413325
"0.65"	"0.8"	"0.25"	"0.01"	"0.005"	"0.01"	"100000"	"10000"	"200"	"5896019398812970693"	50000	"intercept"	0.963188925
"0.65"	"0.8"	"0.25"	"0.01"	"0.005"	"0.01"	"100000"	"10000"	"200"	"5896019398812970693"	55000	"slope"	-0.87436249
"0.65"	"0.8"	"0.25"	"0.01"	"0.005"	"0.01"	"100000"	"10000"	"200"	"5896019398812970693"	55000	"intercept"	1.01589842
"0.65"	"0.8"	"0.25"	"0.01"	"0.005"	"0.01"	"100000"	"10000"	"200"	"5896019398812970693"	60000	"slope"	-0.855025175
"0.65"	"0.8"	"0.25"	"0.01"	"0.005"	"0.01"	"100000"	"10000"	"200"	"5896019398812970693"	60000	"intercept"	1.00805145
"0.65"	"0.8"	"0.25"	"0.01"	"0.005"	"0.01"	"100000"	"10000"	"200"	"5896019398812970693"	65000	"slope"	-0.850419225
"0.65"	"0.8"	"0.25"	"0.01"	"0.005"	"0.01"	"100000"	"10000"	"200"	"5896019398812970693"	65000	"intercept"	1.000964335
"0.65"	"0.8"	"0.25"	"0.01"	"0.005"	"0.01"	"100000"	"10000"	"200"	"5896019398812970693"	70000	"slope"	-0.83541091
"0.65"	"0.8"	"0.25"	"0.01"	"0.005"	"0.01"	"100000"	"10000"	"200"	"5896019398812970693"	70000	"intercept"	0.99833567
"0.65"	"0.8"	"0.25"	"0.01"	"0.005"	"0.01"	"100000"	"10000"	"200"	"5896019398812970693"	75000	"slope"	-0.816227255
"0.65"	"0.8"	"0.25"	"0.01"	"0.005"	"0.01"	"100000"	"10000"	"200"	"5896019398812970693"	75000	"intercept"	0.977395885
"0.65"	"0.8"	"0.25"	"0.01"	"0.005"	"0.01"	"100000"	"10000"	"200"	"5896019398812970693"	80000	"slope"	-0.87541295
"0.65"	"0.8"	"0.25"	"0.01"	"0.005"	"0.01"	"100000"	"10000"	"200"	"5896019398812970693"	80000	"intercept"	1.017985815
"0.65"	"0.8"	"0.25"	"0.01"	"0.005"	"0.01"	"100000"	"10000"	"200"	"5896019398812970693"	85000	"slope"	-0.90032294
"0.65"	"0.8"	"0.25"	"0.01"	"0.005"	"0.01"	"100000"	"10000"	"200"	"5896019398812970693"	85000	"intercept"	1.03799451
"0.65"	"0.8"	"0.25"	"0.01"	"0.005"	"0.01"	"100000"	"10000"	"200"	"5896019398812970693"	90000	"slope"	-0.857692955
"0.65"	"0.8"	"0.25"	"0.01"	"0.005"	"0.01"	"100000"	"10000"	"200"	"5896019398812970693"	90000	"intercept"	1.01231853
"0.65"	"0.8"	"0.25"	"0.01"	"0.005"	"0.01"	"100000"	"10000"	"200"	"5896019398812970693"	95000	"slope"	-0.86893339
"0.65"	"0.8"	"0.25"	"0.01"	"0.005"	"0.01"	"100000"	"10000"	"200"	"5896019398812970693"	95000	"intercept"	1.01797283
"0.65"	"0.8"	"0.25"	"0.01"	"0.005"	"0.01"	"100000"	"10000"	"200"	"5896019398812970693"	100000	"slope"	-0.879070535
"0.65"	"0.8"	"0.25"	"0.01"	"0.005"	"0.01"	"100000"	"10000"	"200"	"5896019398812970693"	100000	"intercept"	1.02545485
"0.65"	"0.8"	"0.25"	"0.01"	"0.005"	"0.01"	"100000"	"10000"	"200"	"9142338616849122412"	10	"slope"	-7.2981025e-05
"0.65"	"0.8"	"0.25"	"0.01"	"0.005"	"0.01"	"100000"	"10000"	"200"	"9142338616849122412"	10	"intercept"	0.499958355
"0.65"	"0.8"	"0.25"	"0.01"	"0.005"	"0.01"	"100000"	"10000"	"200"	"9142338616849122412"	5000	"slope"	-0.1560220765
"0.65"	"0.8"	"0.25"	"0.01"	"0.005"	"0.01"	"100000"	"10000"	"200"	"9142338616849122412"	5000	"intercept"	0.55362482
"0.65"	"0.8"	"0.25"	"0.01"	"0.005"	"0.01"	"100000"	"10000"	"200"	"9142338616849122412"	10000	"slope"	-0.270782595
"0.65"	"0.8"	"0.25"	"0.01"	"0.005"	"0.01"	"100000"	"10000"	"200"	"9142338616849122412"	10000	"intercept"	0.623228035
"0.65"	"0.8"	"0.25"	"0.01"	"0.005"	"0.01"	"100000"	"10000"	"200"	"9142338616849122412"	15000	"slope"	-0.397141915
"0.65"	"0.8"	"0.25"	"0.01"	"0.005"	"0.01"	"100000"	"10000"	"200"	"9142338616849122412"	15000	"intercept"	0.69123623
"0.65"	"0.8"	"0.25"	"0.01"	"0.005"	"0.01"	"100000"	"10000"	"200"	"9142338616849122412"	20000	"slope"	-0.47431588
"0.65"	"0.8"	"0.25"	"0.01"	"0.005"	"0.01"	"100000"	"10000"	"200"	"9142338616849122412"	20000	"intercept"	0.7525907
"0.65"	"0.8"	"0.25"	"0.01"	"0.005"	"0.01"	"100000"	"10000"	"200"	"9142338616849122412"	25000	"slope"	-0.563014625
"0.65"	"0.8"	"0.25"	"0.01"	"0.005"	"0.01"	"100000"	"10000"	"200"	"9142338616849122412"	25000	"intercept"	0.803660195
"0.65"	"0.8"	"0.25"	"0.01"	"0.005"	"0.01"	"100000"	"10000"	"200"	"9142338616849122412"	30000	"slope"	-0.66582984
"0.65"	"0.8"	"0.25"	"0.01"	"0.005"	"0.01"	"100000"	"10000"	"200"	"9142338616849122412"	30000	"intercept"	0.866165205
"0.65"	"0.8"	"0.25"	"0.01"	"0.005"	"0.01"	"100000"	"10000"	"200"	"9142338616849122412"	35000	"slope"	-0.703624065
"0.65"	"0.8"	"0.25"	"0.01"	"0.005"	"0.01"	"100000"	"10000"	"200"	"9142338616849122412"	35000	"intercept"	0.901760625
"0.65"	"0.8"	"0.25"	"0.01"	"0.005"	"0.01"	"100000"	"10000"	"200"	"9142338616849122412"	40000	"slope"	-0.73773539
"0.65"	"0.8"	"0.25"	"0.01"	"0.005"	"0.01"	"100000"	"10000"	"200"	"9142338616849122412"	40000	"intercept"	0.92610331
"0.65"	"0.8"	"0.25"	"0.01"	"0.005"	"0.01"	"100000"	"10000"	"200"	"9142338616849122412"	45000	"slope"	-0.755741695
"0.65"	"0.8"	"0.25"	"0.01"	"0.005"	"0.01"	"100000"	"10000"	"200"	"9142338616849122412"	45000	"intercept"	0.943524725
"0.65"	"0.8"	"0.25"	"0.01"	"0.005"	"0.01"	"100000"	"10000"	"200"	"9142338616849122412"	50000	"slope"	-0.805214245
"0.65"	"0.8"	"0.25"	"0.01"	"0.005"	"0.01"	"100000"	"10000"	"200"	"9142338616849122412"	50000	"intercept"	0.977924
"0.65"	"0.8"	"0.25"	"0.01"	"0.005"	"0.01"	"100000"	"10000"	"200"	"9142338616849122412"	55000	"slope"	-0.81888777
"0.65"	"0.8"	"0.25"	"0.01"	"0.005"	"0.01"	"100000"	"10000"	"200"	"9142338616849122412"	55000	"intercept"	0.97493527
"0.65"	"0.8"	"0.25"	"0.01"	"0.005"	"0.01"	"100000"	"10000"	"200"	"9142338616849122412"	60000	"slope"	-0.8349481
"0.65"	"0.8"	"0.25"	"0.01"	"0.005"	"0.01"	"100000"	"10000"	"200"	"9142338616849122412"	60000	"intercept"	0.991262395
"0.65"	"0.8"	"0.25"	"0.01"	"0.005"	"0.01"	"100000"	"10000"	"200"	"9142338616849122412"	65000	"slope"	-0.85148448
"0.65"	"0.8"	"0.25"	"0.01"	"0.005"	"0.01"	"100000"	"10000"	"200"	"9142338616849122412"	65000	"intercept"	1.000367835
"0.65"	"0.8"	"0.25"	"0.01"	"0.005"	"0.01"	"100000"	"10000"	"200"	"9142338616849122412"	70000	"slope"	-0.84737704
"0.65"	"0.8"	"0.25"	"0.01"	"0.005"	"0.01"	"100000"	"10000"	"200"	"9142338616849122412"	70000	"intercept"	0.999640165
"0.65"	"0.8"	"0.25"	"0.01"	"0.005"	"0.01"	"100000"	"10000"	"200"	"9142338616849122412"	75000	"slope"	-0.862563465
"0.65"	"0.8"	"0.25"	"0.01"	"0.005"	"0.01"	"100000"	"10000"	"200"	"9142338616849122412"	75000	"intercept"	1.016254375
"0.65"	"0.8"	"0.25"	"0.01"	"0.005"	"0.01"	"100000"	"10000"	"200"	"9142338616849122412"	80000	"slope"	-0.874695665
"0.65"	"0.8"	"0.25"	"0.01"	"0.005"	"0.01"	"100000"	"10000"	"200"	"9142338616849122412"	80000	"intercept"	1.020394555
"0.65"	"0.8"	"0.25"	"0.01"	"0.005"	"0.01"	"100000"	"10000"	"200"	"9142338616849122412"	85000	"slope"	-0.85294012
"0.65"	"0.8"	"0.25"	"0.01"	"0.005"	"0.01"	"100000"	"10000"	"200"	"9142338616849122412"	85000	"intercept"	1.01441288
"0.65"	"0.8"	"0.25"	"0.01"	"0.005"	"0.01"	"100000"	"10000"	"200"	"9142338616849122412"	90000	"slope"	-0.887245615
"0.65"	"0.8"	"0.25"	"0.01"	"0.005"	"0.01"	"100000"	"10000"	"200"	"9142338616849122412"	90000	"intercept"	1.031858105
"0.65"	"0.8"	"0.25"	"0.01"	"0.005"	"0.01"	"100000"	"10000"	"200"	"9142338616849122412"	95000	"slope"	-0.88067889
"0.65"	"0.8"	"0.25"	"0.01"	"0.005"	"0.01"	"100000"	"10000"	"200"	"9142338616849122412"	95000	"intercept"	1.027283725
"0.65"	"0.8"	"0.25"	"0.01"	"0.005"	"0.01"	"100000"	"10000"	"200"	"9142338616849122412"	100000	"slope"	-0.911771985
"0.65"	"0.8"	"0.25"	"0.01"	"0.005"	"0.01"	"100000"	"10000"	"200"	"9142338616849122412"	100000	"intercept"	1.04003193
"0.75"	"0.0"	"0.25"	"0.01"	"0.005"	"0.01"	"100000"	"10000"	"200"	"3681013498526368383"	10	"slope"	3.386883e-05
"0.75"	"0.0"	"0.25"	"0.01"	"0.005"	"0.01"	"100000"	"10000"	"200"	"3681013498526368383"	10	"intercept"	0.499952905
"0.75"	"0.0"	"0.25"	"0.01"	"0.005"	"0.01"	"100000"	"10000"	"200"	"3681013498526368383"	5000	"slope"	0.010753149395
"0.75"	"0.0"	"0.25"	"0.01"	"0.005"	"0.01"	"100000"	"10000"	"200"	"3681013498526368383"	5000	"intercept"	0.66129672
"0.75"	"0.0"	"0.25"	"0.01"	"0.005"	"0.01"	"100000"	"10000"	"200"	"3681013498526368383"	10000	"slope"	-0.007690223665
"0.75"	"0.0"	"0.25"	"0.01"	"0.005"	"0.01"	"100000"	"10000"	"200"	"3681013498526368383"	10000	"intercept"	0.67263202
"0.75"	"0.0"	"0.25"	"0.01"	"0.005"	"0.01"	"100000"	"10000"	"200"	"3681013498526368383"	15000	"slope"	-0.02610335098
"0.75"	"0.0"	"0.25"	"0.01"	"0.005"	"0.01"	"100000"	"10000"	"200"	"3681013498526368383"	15000	"intercept"	0.683168415
"0.75"	"0.0"	"0.25"	"0.01"	"0.005"	"0.01"	"100000"	"10000"	"200"	"3681013498526368383"	20000	"slope"	-0.0626790419
"0.75"	"0.0"	"0.25"	"0.01"	"0.005"	"0.01"	"100000"	"10000"	"200"	"3681013498526368383"	20000	"intercept"	0.70197278
"0.75"	"0.0"	"0.25"	"0.01"	"0.005"	"0.01"	"100000"	"10000"	"200"	"3681013498526368383"	25000	"slope"	-0.06610285455
"0.75"	"0.0"	"0.25"	"0.01"	"0.005"	"0.01"	"100000"	"10000"	"200"	"3681013498526368383"	25000	"intercept"	0.709625255
"0.75"	"0.0"	"0.25"	"0.01"	"0.005"	"0.01"	"100000"	"10000"	"200"	"3681013498526368383"	30000	"slope"	-0.048564199215
"0.75"	"0.0"	"0.25"	"0.01"	"0.005"	"0.01"	"100000"	"10000"	"200"	"3681013498526368383"	30000	"intercept"	0.6968191
"0.75"	"0.0"	"0.25"	"0.01"	"0.005"	"0.01"	"100000"	"10000"	"200"	"3681013498526368383"	35000	"slope"	-0.05026232155
"0.75"	"0.0"	"0.25"	"0.01"	"0.005"	"0.01"	"100000"	"10000"	"200"	"3681013498526368383"	35000	"intercept"	0.699830115
"0.75"	"0.0"	"0.25"	"0.01"	"0.005"	"0.01"	"100000"	"10000"	"200"	"3681013498526368383"	40000	"slope"	-0.058996873895
"0.75"	"0.0"	"0.25"	"0.01"	"0.005"	"0.01"	"100000"	"10000"	"200"	"3681013498526368383"	40000	"intercept"	0.70412231
"0.75"	"0.0"	"0.25"	"0.01"	"0.005"	"0.01"	"100000"	"10000"	"200"	"3681013498526368383"	45000	"slope"	-0.07481458028
"0.75"	"0.0"	"0.25"	"0.01"	"0.005"	"0.01"	"100000"	"10000"	"200"	"3681013498526368383"	45000	"intercept"	0.71784555
"0.75"	"0.0"	"0.25"	"0.01"	"0.005"	"0.01"	"100000"	"10000"	"200"	"3681013498526368383"	50000	"slope"	-0.0418493122
"0.75"	"0.0"	"0.25"	"0.01"	"0.005"	"0.01"	"100000"	"10000"	"200"	"3681013498526368383"	50000	"intercept"	0.69349909
"0.75"	"0.0"	"0.25"	"0.01"	"0.005"	"0.01"	"100000"	"10000"	"200"	"3681013498526368383"	55000	"slope"	-0.06295037308
"0.75"	"0.0"	"0.25"	"0.01"	"0.005"	"0.01"	"100000"	"10000"	"200"	"3681013498526368383"	55000	"intercept"	0.700614505
"0.75"	"0.0"	"0.25"	"0.01"	"0.005"	"0.01"	"100000"	"10000"	"200"	"3681013498526368383"	60000	"slope"	-0.05342937885
"0.75"	"0.0"	"0.25"	"0.01"	"0.005"	"0.01"	"100000"	"10000"	"200"	"3681013498526368383"	60000	"intercept"	0.70113429
"0.75"	"0.0"	"0.25"	"0.01"	"0.005"	"0.01"	"100000"	"10000"	"200"	"3681013498526368383"	65000	"slope"	-0.067530180585
"0.75"	"0.0"	"0.25"	"0.01"	"0.005"	"0.01"	"100000"	"10000"	"200"	"3681013498526368383"	65000	"intercept"	0.70147096
"0.75"	"0.0"	"0.25"	"0.01"	"0.005"	"0.01"	"100000"	"10000"	"200"	"3681013498526368383"	70000	"slope"	-0.028858824125
"0.75"	"0.0"	"0.25"	"0.01"	"0.005"	"0.01"	"100000"	"10000"	"200"	"3681013498526368383"	70000	"intercept"	0.69129411
"0.75"	"0.0"	"0.25"	"0.01"	"0.005"	"0.01"	"100000"	"10000"	"200"	"3681013498526368383"	75000	"slope"	-0.043110501
"0.75"	"0.0"	"0.25"	"0.01"	"0.005"	"0.01"	"100000"	"10000"	"200"	"3681013498526368383"	75000	"intercept"	0.696771685
"0.75"	"0.0"	"0.25"	"0.01"	"0.005"	"0.01"	"100000"	"10000"	"200"	"3681013498526368383"	80000	"slope"	-0.053189511075
"0.75"	"0.0"	"0.25"	"0.01"	"0.005"	"0.01"	"100000"	"10000"	"200"	"3681013498526368383"	80000	"intercept"	0.69837998
"0.75"	"0.0"	"0.25"	"0.01"	"0.005"	"0.01"	"100000"	"10000"	"200"	"3681013498526368383"	85000	"slope"	-0.06551560085
"0.75"	"0.0"	"0.25"	"0.01"	"0.005"	"0.01"	"100000"	"10000"	"200"	"3681013498526368383"	85000	"intercept"	0.71017883
"0.75"	"0.0"	"0.25"	"0.01"	"0.005"	"0.01"	"100000"	"10000"	"200"	"3681013498526368383"	90000	"slope"	0.005514752377
"0.75"	"0.0"	"0.25"	"0.01"	"0.005"	"0.01"	"100000"	"10000"	"200"	"3681013498526368383"	90000	"intercept"	0.67413715
"0.75"	"0.0"	"0.25"	"0.01"	"0.005"	"0.01"	"100000"	"10000"	"200"	"3681013498526368383"	95000	"slope"	-0.020904016695
"0.75"	"0.0"	"0.25"	"0.01"	"0.005"	"0.01"	"100000"	"10000"	"200"	"3681013498526368383"	95000	"intercept"	0.67944695
"0.75"	"0.0"	"0.25"	"0.01"	"0.005"	"0.01"	"100000"	"10000"	"200"	"3681013498526368383"	100000	"slope"	-0.0149987124035
"0.75"	"0.0"	"0.25"	"0.01"	"0.005"	"0.01"	"100000"	"10000"	"200"	"3681013498526368383"	100000	"intercept"	0.671224655
"0.75"	"0.0"	"0.25"	"0.01"	"0.005"	"0.01"	"100000"	"10000"	"200"	"4107343215347711212"	10	"slope"	-8.99897999999999e-06
"0.75"	"0.0"	"0.25"	"0.01"	"0.005"	"0.01"	"100000"	"10000"	"200"	"4107343215347711212"	10	"intercept"	0.50019068
"0.75"	"0.0"	"0.25"	"0.01"	"0.005"	"0.01"	"100000"	"10000"	"200"	"4107343215347711212"	5000	"slope"	0.038088156505
"0.75"	"0.0"	"0.25"	"0.01"	"0.005"	"0.01"	"100000"	"10000"	"200"	"4107343215347711212"	5000	"intercept"	0.643586445
"0.75"	"0.0"	"0.25"	"0.01"	"0.005"	"0.01"	"100000"	"10000"	"200"	"4107343215347711212"	10000	"slope"	2.1538357e-05
"0.75"	"0.0"	"0.25"	"0.01"	"0.005"	"0.01"	"100000"	"10000"	"200"	"4107343215347711212"	10000	"intercept"	0.666905335
"0.75"	"0.0"	"0.25"	"0.01"	"0.005"	"0.01"	"100000"	"10000"	"200"	"4107343215347711212"	15000	"slope"	-0.04443512019
"0.75"	"0.0"	"0.25"	"0.01"	"0.005"	"0.01"	"100000"	"10000"	"200"	"4107343215347711212"	15000	"intercept"	0.695361765
"0.75"	"0.0"	"0.25"	"0.01"	"0.005"	"0.01"	"100000"	"10000"	"200"	"4107343215347711212"	20000	"slope"	-0.0431728397
"0.75"	"0.0"	"0.25"	"0.01"	"0.005"	"0.01"	"100000"	"10000"	"200"	"4107343215347711212"	20000	"intercept"	0.68744769
"0.75"	"0.0"	"0.25"	"0.01"	"0.005"	"0.01"	"100000"	"10000"	"200"	"4107343215347711212"	25000	"slope"	-0.0586226476
"0.75"	"0.0"	"0.25"	"0.01"	"0.005"	"0.01"	"100000"	"10000"	"200"	"4107343215347711212"	25000	"intercept"	0.7085937
"0.75"	"0.0"	"0.25"	"0.01"	"0.005"	"0.01"	"100000"	"10000"	"200"	"4107343215347711212"	30000	"slope"	-0.04302628073
"0.75"	"0.0"	"0.25"	"0.01"	"0.005"	"0.01"	"100000"	"10000"	"200"	"4107343215347711212"	30000	"intercept"	0.68979994
"0.75"	"0.0"	"0.25"	"0.01"	"0.005"	"0.01"	"100000"	"10000"	"200"	"4107343215347711212"	35000	"slope"	-0.06967797595
"0.75"	"0.0"	"0.25"	"0.01"	"0.005"	"0.01"	"100000"	"10000"	"200"	"4107343215347711212"	35000	"intercept"	0.714892145
"0.75"	"0.0"	"0.25"	"0.01"	"0.005"	"0.01"	"100000"	"10000"	"200"	"4107343215347711212"	40000	"slope"	-0.07805869395
"0.75"	"0.0"	"0.25"	"0.01"	"0.005"	"0.01"	"100000"	"10000"	"200"	"4107343215347711212"	40000	"intercept"	0.70633074
"0.75"	"0.0"	"0.25"	"0.01"	"0.005"	"0.01"	"100000"	"10000"	"200"	"4107343215347711212"	45000	"slope"	-0.06901094748
"0.75"	"0.0"	"0.25"	"0.01"	"0.005"	"0.01"	"100000"	"10000"	"200"	"4107343215347711212"	45000	"intercept"	0.708253595
"0.75"	"0.0"	"0.25"	"0.01"	"0.005"	"0.01"	"100000"	"10000"	"200"	"4107343215347711212"	50000	"slope"	-0.038948192455
"0.75"	"0.0"	"0.25"	"0.01"	"0.005"	"0.01"	"100000"	"10000"	"200"	"4107343215347711212"	50000	"intercept"	0.692885075
"0.75"	"0.0"	"0.25"	"0.01"	"0.005"	"0.01"	"100000"	"10000"	"200"	"4107343215347711212"	55000	"slope"	-0.0325715097
"0.75"	"0.0"	"0.25"	"0.01"	"0.005"	"0.01"	"100000"	"10000"	"200"	"4107343215347711212"	55000	"intercept"	0.689824905
"0.75"	"0.0"	"0.25"	"0.01"	"0.005"	"0.01"	"100000"	"10000"	"200"	"4107343215347711212"	60000	"slope"	-0.032454621625
"0.75"	"0.0"	"0.25"	"0.01"	"0.005"	"0.01"	"100000"	"10000"	"200"	"4107343215347711212"	60000	"intercept"	0.693742495
"0.75"	"0.0"	"0.25"	"0.01"	"0.005"	"0.01"	"100000"	"10000"	"200"	"4107343215347711212"	65000	"slope"	-0.06757269035
"0.75"	"0.0"	"0.25"	"0.01"	"0.005"	"0.01"	"100000"	"10000"	"200"	"4107343215347711212"	65000	"intercept"	0.707000345
"0.75"	"0.0"	"0.25"	"0.01"	"0.005"	"0.01"	"100000"	"10000"	"200"	"4107343215347711212"	70000	"slope"	-0.03624215495
"0.75"	"0.0"	"0.25"	"0.01"	"0.005"	"0.01"	"100000"	"10000"	"200"	"4107343215347711212"	70000	"intercept"	0.696013925
"0.75"	"0.0"	"0.25"	"0.01"	"0.005"	"0.01"	"100000"	"10000"	"200"	"4107343215347711212"	75000	"slope"	-0.02416332486
"0.75"	"0.0"	"0.25"	"0.01"	"0.005"	"0.01"	"100000"	"10000"	"200"	"4107343215347711212"	75000	"intercept"	0.688108525
"0.75"	"0.0"	"0.25"	"0.01"	"0.005"	"0.01"	"100000"	"10000"	"200"	"4107343215347711212"	80000	"slope"	-0.06123996475
"0.75"	"0.0"	"0.25"	"0.01"	"0.005"	"0.01"	"100000"	"10000"	"200"	"4107343215347711212"	80000	"intercept"	0.69885682
"0.75"	"0.0"	"0.25"	"0.01"	"0.005"	"0.01"	"100000"	"10000"	"200"	"4107343215347711212"	85000	"slope"	-0.0553950569
"0.75"	"0.0"	"0.25"	"0.01"	"0.005"	"0.01"	"100000"	"10000"	"200"	"4107343215347711212"	85000	"intercept"	0.706785795
"0.75"	"0.0"	"0.25"	"0.01"	"0.005"	"0.01"	"100000"	"10000"	"200"	"4107343215347711212"	90000	"slope"	-0.0827819825
"0.75"	"0.0"	"0.25"	"0.01"	"0.005"	"0.01"	"100000"	"10000"	"200"	"4107343215347711212"	90000	"intercept"	0.70653435
"0.75"	"0.0"	"0.25"	"0.01"	"0.005"	"0.01"	"100000"	"10000"	"200"	"4107343215347711212"	95000	"slope"	-0.06483513805
"0.75"	"0.0"	"0.25"	"0.01"	"0.005"	"0.01"	"100000"	"10000"	"200"	"4107343215347711212"	95000	"intercept"	0.693812775
"0.75"	"0.0"	"0.25"	"0.01"	"0.005"	"0.01"	"100000"	"10000"	"200"	"4107343215347711212"	100000	"slope"	-0.07447965665
"0.75"	"0.0"	"0.25"	"0.01"	"0.005"	"0.01"	"100000"	"10000"	"200"	"4107343215347711212"	100000	"intercept"	0.712438755
"0.75"	"0.0"	"0.25"	"0.01"	"0.005"	"0.01"	"100000"	"10000"	"200"	"5860112121679140422"	10	"slope"	4.19506999999999e-06
"0.75"	"0.0"	"0.25"	"0.01"	"0.005"	"0.01"	"100000"	"10000"	"200"	"5860112121679140422"	10	"intercept"	0.49982507
"0.75"	"0.0"	"0.25"	"0.01"	"0.005"	"0.01"	"100000"	"10000"	"200"	"5860112121679140422"	5000	"slope"	0.0108077362083
"0.75"	"0.0"	"0.25"	"0.01"	"0.005"	"0.01"	"100000"	"10000"	"200"	"5860112121679140422"	5000	"intercept"	0.66752678
"0.75"	"0.0"	"0.25"	"0.01"	"0.005"	"0.01"	"100000"	"10000"	"200"	"5860112121679140422"	10000	"slope"	-0.043842361385
"0.75"	"0.0"	"0.25"	"0.01"	"0.005"	"0.01"	"100000"	"10000"	"200"	"5860112121679140422"	10000	"intercept"	0.693398945
"0.75"	"0.0"	"0.25"	"0.01"	"0.005"	"0.01"	"100000"	"10000"	"200"	"5860112121679140422"	15000	"slope"	-0.045171264985
"0.75"	"0.0"	"0.25"	"0.01"	"0.005"	"0.01"	"100000"	"10000"	"200"	"5860112121679140422"	15000	"intercept"	0.69239956
"0.75"	"0.0"	"0.25"	"0.01"	"0.005"	"0.01"	"100000"	"10000"	"200"	"5860112121679140422"	20000	"slope"	-0.045189997413
"0.75"	"0.0"	"0.25"	"0.01"	"0.005"	"0.01"	"100000"	"10000"	"200"	"5860112121679140422"	20000	"intercept"	0.69188415
"0.75"	"0.0"	"0.25"	"0.01"	"0.005"	"0.01"	"100000"	"10000"	"200"	"5860112121679140422"	25000	"slope"	-0.009434606841
"0.75"	"0.0"	"0.25"	"0.01"	"0.005"	"0.01"	"100000"	"10000"	"200"	"5860112121679140422"	25000	"intercept"	0.678533895
"0.75"	"0.0"	"0.25"	"0.01"	"0.005"	"0.01"	"100000"	"10000"	"200"	"5860112121679140422"	30000	"slope"	-0.033781838433
"0.75"	"0.0"	"0.25"	"0.01"	"0.005"	"0.01"	"100000"	"10000"	"200"	"5860112121679140422"	30000	"intercept"	0.6896808
"0.75"	"0.0"	"0.25"	"0.01"	"0.005"	"0.01"	"100000"	"10000"	"200"	"5860112121679140422"	35000	"slope"	-0.0238255052
"0.75"	"0.0"	"0.25"	"0.01"	"0.005"	"0.01"	"100000"	"10000"	"200"	"5860112121679140422"	35000	"intercept"	0.68256009
"0.75"	"0.0"	"0.25"	"0.01"	"0.005"	"0.01"	"100000"	"10000"	"200"	"5860112121679140422"	40000	"slope"	-0.01430873128
"0.75"	"0.0"	"0.25"	"0.01"	"0.005"	"0.01"	"100000"	"10000"	"200"	"5860112121679140422"	40000	"intercept"	0.672979735
"0.75"	"0.0"	"0.25"	"0.01"	"0.005"	"0.01"	"100000"	"10000"	"200"	"5860112121679140422"	45000	"slope"	-0.00436677314
"0.75"	"0.0"	"0.25"	"0.01"	"0.005"	"0.01"	"100000"	"10000"	"200"	"5860112121679140422"	45000	"intercept"	0.671079785
"0.75"	"0.0"	"0.25"	"0.01"	"0.005"	"0.01"	"100000"	"10000"	"200"	"5860112121679140422"	50000	"slope"	-0.018645452375
"0.75"	"0.0"	"0.25"	"0.01"	"0.005"	"0.01"	"100000"	"10000"	"200"	"5860112121679140422"	50000	"intercept"	0.685340465
"0.75"	"0.0"	"0.25"	"0.01"	"0.005"	"0.01"	"100000"	"10000"	"200"	"5860112121679140422"	55000	"slope"	-0.0148423032015
"0.75"	"0.0"	"0.25"	"0.01"	"0.005"	"0.01"	"100000"	"10000"	"200"	"5860112121679140422"	55000	"intercept"	0.67817759
"0.75"	"0.0"	"0.25"	"0.01"	"0.005"	"0.01"	"100000"	"10000"	"200"	"5860112121679140422"	60000	"slope"	-0.02285319115
"0.75"	"0.0"	"0.25"	"0.01"	"0.005"	"0.01"	"100000"	"10000"	"200"	"5860112121679140422"	60000	"intercept"	0.67705297
"0.75"	"0.0"	"0.25"	"0.01"	"0.005"	"0.01"	"100000"	"10000"	"200"	"5860112121679140422"	65000	"slope"	-0.051689497265
"0.75"	"0.0"	"0.25"	"0.01"	"0.005"	"0.01"	"100000"	"10000"	"200"	"5860112121679140422"	65000	"intercept"	0.70535309
"0.75"	"0.0"	"0.25"	"0.01"	"0.005"	"0.01"	"100000"	"10000"	"200"	"5860112121679140422"	70000	"slope"	-0.04710231005
"0.75"	"0.0"	"0.25"	"0.01"	"0.005"	"0.01"	"100000"	"10000"	"200"	"5860112121679140422"	70000	"intercept"	0.703112895
"0.75"	"0.0"	"0.25"	"0.01"	"0.005"	"0.01"	"100000"	"10000"	"200"	"5860112121679140422"	75000	"slope"	-0.003584664065
"0.75"	"0.0"	"0.25"	"0.01"	"0.005"	"0.01"	"100000"	"10000"	"200"	"5860112121679140422"	75000	"intercept"	0.672870485
"0.75"	"0.0"	"0.25"	"0.01"	"0.005"	"0.01"	"100000"	"10000"	"200"	"5860112121679140422"	80000	"slope"	-0.013092718435
"0.75"	"0.0"	"0.25"	"0.01"	"0.005"	"0.01"	"100000"	"10000"	"200"	"5860112121679140422"	80000	"intercept"	0.67890602
"0.75"	"0.0"	"0.25"	"0.01"	"0.005"	"0.01"	"100000"	"10000"	"200"	"5860112121679140422"	85000	"slope"	-0.02755801178
"0.75"	"0.0"	"0.25"	"0.01"	"0.005"	"0.01"	"100000"	"10000"	"200"	"5860112121679140422"	85000	"intercept"	0.683130255
"0.75"	"0.0"	"0.25"	"0.01"	"0.005"	"0.01"	"100000"	"10000"	"200"	"5860112121679140422"	90000	"slope"	-0.05147342346
"0.75"	"0.0"	"0.25"	"0.01"	"0.005"	"0.01"	"100000"	"10000"	"200"	"5860112121679140422"	90000	"intercept"	0.70291308
"0.75"	"0.0"	"0.25"	"0.01"	"0.005"	"0.01"	"100000"	"10000"	"200"	"5860112121679140422"	95000	"slope"	-0.057115832925
"0.75"	"0.0"	"0.25"	"0.01"	"0.005"	"0.01"	"100000"	"10000"	"200"	"5860112121679140422"	95000	"intercept"	0.695551015
"0.75"	"0.0"	"0.25"	"0.01"	"0.005"	"0.01"	"100000"	"10000"	"200"	"5860112121679140422"	100000	"slope"	-0.043145483715
"0.75"	"0.0"	"0.25"	"0.01"	"0.005"	"0.01"	"100000"	"10000"	"200"	"5860112121679140422"	100000	"intercept"	0.68537995
"0.75"	"0.4"	"0.25"	"0.01"	"0.005"	"0.01"	"100000"	"10000"	"200"	"4794630742526106051"	10	"slope"	-0.000203672705
"0.75"	"0.4"	"0.25"	"0.01"	"0.005"	"0.01"	"100000"	"10000"	"200"	"4794630742526106051"	10	"intercept"	0.49996062
"0.75"	"0.4"	"0.25"	"0.01"	"0.005"	"0.01"	"100000"	"10000"	"200"	"4794630742526106051"	5000	"slope"	0.008320605225
"0.75"	"0.4"	"0.25"	"0.01"	"0.005"	"0.01"	"100000"	"10000"	"200"	"4794630742526106051"	5000	"intercept"	0.6183342
"0.75"	"0.4"	"0.25"	"0.01"	"0.005"	"0.01"	"100000"	"10000"	"200"	"4794630742526106051"	10000	"slope"	-0.0965793565
"0.75"	"0.4"	"0.25"	"0.01"	"0.005"	"0.01"	"100000"	"10000"	"200"	"4794630742526106051"	10000	"intercept"	0.66884385
"0.75"	"0.4"	"0.25"	"0.01"	"0.005"	"0.01"	"100000"	"10000"	"200"	"4794630742526106051"	15000	"slope"	-0.185973275
"0.75"	"0.4"	"0.25"	"0.01"	"0.005"	"0.01"	"100000"	"10000"	"200"	"4794630742526106051"	15000	"intercept"	0.718179695
"0.75"	"0.4"	"0.25"	"0.01"	"0.005"	"0.01"	"100000"	"10000"	"200"	"4794630742526106051"	20000	"slope"	-0.233099235
"0.75"	"0.4"	"0.25"	"0.01"	"0.005"	"0.01"	"100000"	"10000"	"200"	"4794630742526106051"	20000	"intercept"	0.742373615
"0.75"	"0.4"	"0.25"	"0.01"	"0.005"	"0.01"	"100000"	"10000"	"200"	"4794630742526106051"	25000	"slope"	-0.220451445
"0.75"	"0.4"	"0.25"	"0.01"	"0.005"	"0.01"	"100000"	"10000"	"200"	"4794630742526106051"	25000	"intercept"	0.73938078
"0.75"	"0.4"	"0.25"	"0.01"	"0.005"	"0.01"	"100000"	"10000"	"200"	"4794630742526106051"	30000	"slope"	-0.203414115
"0.75"	"0.4"	"0.25"	"0.01"	"0.005"	"0.01"	"100000"	"10000"	"200"	"4794630742526106051"	30000	"intercept"	0.737337715
"0.75"	"0.4"	"0.25"	"0.01"	"0.005"	"0.01"	"100000"	"10000"	"200"	"4794630742526106051"	35000	"slope"	-0.22852274
"0.75"	"0.4"	"0.25"	"0.01"	"0.005"	"0.01"	"100000"	"10000"	"200"	"4794630742526106051"	35000	"intercept"	0.741942025
"0.75"	"0.4"	"0.25"	"0.01"	"0.005"	"0.01"	"100000"	"10000"	"200"	"4794630742526106051"	40000	"slope"	-0.23557271
"0.75"	"0.4"	"0.25"	"0.01"	"0.005"	"0.01"	"100000"	"10000"	"200"	"4794630742526106051"	40000	"intercept"	0.74826884
"0.75"	"0.4"	"0.25"	"0.01"	"0.005"	"0.01"	"100000"	"10000"	"200"	"4794630742526106051"	45000	"slope"	-0.231378745
"0.75"	"0.4"	"0.25"	"0.01"	"0.005"	"0.01"	"100000"	"10000"	"200"	"4794630742526106051"	45000	"intercept"	0.74445177
"0.75"	"0.4"	"0.25"	"0.01"	"0.005"	"0.01"	"100000"	"10000"	"200"	"4794630742526106051"	50000	"slope"	-0.274460935
"0.75"	"0.4"	"0.25"	"0.01"	"0.005"	"0.01"	"100000"	"10000"	"200"	"4794630742526106051"	50000	"intercept"	0.765769335
"0.75"	"0.4"	"0.25"	"0.01"	"0.005"	"0.01"	"100000"	"10000"	"200"	"4794630742526106051"	55000	"slope"	-0.26880388
"0.75"	"0.4"	"0.25"	"0.01"	"0.005"	"0.01"	"100000"	"10000"	"200"	"4794630742526106051"	55000	"intercept"	0.767217505
"0.75"	"0.4"	"0.25"	"0.01"	"0.005"	"0.01"	"100000"	"10000"	"200"	"4794630742526106051"	60000	"slope"	-0.250880045
"0.75"	"0.4"	"0.25"	"0.01"	"0.005"	"0.01"	"100000"	"10000"	"200"	"4794630742526106051"	60000	"intercept"	0.75031616
"0.75"	"0.4"	"0.25"	"0.01"	"0.005"	"0.01"	"100000"	"10000"	"200"	"4794630742526106051"	65000	"slope"	-0.283935005
"0.75"	"0.4"	"0.25"	"0.01"	"0.005"	"0.01"	"100000"	"10000"	"200"	"4794630742526106051"	65000	"intercept"	0.77075311
"0.75"	"0.4"	"0.25"	"0.01"	"0.005"	"0.01"	"100000"	"10000"	"200"	"4794630742526106051"	70000	"slope"	-0.268329075
"0.75"	"0.4"	"0.25"	"0.01"	"0.005"	"0.01"	"100000"	"10000"	"200"	"4794630742526106051"	70000	"intercept"	0.765114315
"0.75"	"0.4"	"0.25"	"0.01"	"0.005"	"0.01"	"100000"	"10000"	"200"	"4794630742526106051"	75000	"slope"	-0.22986745
"0.75"	"0.4"	"0.25"	"0.01"	"0.005"	"0.01"	"100000"	"10000"	"200"	"4794630742526106051"	75000	"intercept"	0.74907456
"0.75"	"0.4"	"0.25"	"0.01"	"0.005"	"0.01"	"100000"	"10000"	"200"	"4794630742526106051"	80000	"slope"	-0.249978125
"0.75"	"0.4"	"0.25"	"0.01"	"0.005"	"0.01"	"100000"	"10000"	"200"	"4794630742526106051"	80000	"intercept"	0.742178555
"0.75"	"0.4"	"0.25"	"0.01"	"0.005"	"0.01"	"100000"	"10000"	"200"	"4794630742526106051"	85000	"slope"	-0.249576095
"0.75"	"0.4"	"0.25"	"0.01"	"0.005"	"0.01"	"100000"	"10000"	"200"	"4794630742526106051"	85000	"intercept"	0.74996733
"0.75"	"0.4"	"0.25"	"0.01"	"0.005"	"0.01"	"100000"	"10000"	"200"	"4794630742526106051"	90000	"slope"	-0.236197965
"0.75"	"0.4"	"0.25"	"0.01"	"0.005"	"0.01"	"100000"	"10000"	"200"	"4794630742526106051"	90000	"intercept"	0.74135227
"0.75"	"0.4"	"0.25"	"0.01"	"0.005"	"0.01"	"100000"	"10000"	"200"	"4794630742526106051"	95000	"slope"	-0.2240683
"0.75"	"0.4"	"0.25"	"0.01"	"0.005"	"0.01"	"100000"	"10000"	"200"	"4794630742526106051"	95000	"intercept"	0.74923813
"0.75"	"0.4"	"0.25"	"0.01"	"0.005"	"0.01"	"100000"	"10000"	"200"	"4794630742526106051"	100000	"slope"	-0.24503277
"0.75"	"0.4"	"0.25"	"0.01"	"0.005"	"0.01"	"100000"	"10000"	"200"	"4794630742526106051"	100000	"intercept"	0.746279875
"0.75"	"0.4"	"0.25"	"0.01"	"0.005"	"0.01"	"100000"	"10000"	"200"	"7318420150560607530"	10	"slope"	-4.114379e-05
"0.75"	"0.4"	"0.25"	"0.01"	"0.005"	"0.01"	"100000"	"10000"	"200"	"7318420150560607530"	10	"intercept"	0.49990933
"0.75"	"0.4"	"0.25"	"0.01"	"0.005"	"0.01"	"100000"	"10000"	"200"	"7318420150560607530"	5000	"slope"	-0.007975761526
"0.75"	"0.4"	"0.25"	"0.01"	"0.005"	"0.01"	"100000"	"10000"	"200"	"7318420150560607530"	5000	"intercept"	0.622349135
"0.75"	"0.4"	"0.25"	"0.01"	"0.005"	"0.01"	"100000"	"10000"	"200"	"7318420150560607530"	10000	"slope"	-0.097737461
"0.75"	"0.4"	"0.25"	"0.01"	"0.005"	"0.01"	"100000"	"10000"	"200"	"7318420150560607530"	10000	"intercept"	0.67586722
"0.75"	"0.4"	"0.25"	"0.01"	"0.005"	"0.01"	"100000"	"10000"	"200"	"7318420150560607530"	15000	"slope"	-0.1161356235
"0.75"	"0.4"	"0.25"	"0.01"	"0.005"	"0.01"	"100000"	"10000"	"200"	"7318420150560607530"	15000	"intercept"	0.68431185
"0.75"	"0.4"	"0.25"	"0.01"	"0.005"	"0.01"	"100000"	"10000"	"200"	"7318420150560607530"	20000	"slope"	-0.147540773
"0.75"	"0.4"	"0.25"	"0.01"	"0.005"	"0.01"	"100000"	"10000"	"200"	"7318420150560607530"	20000	"intercept"	0.702795535
"0.75"	"0.4"	"0.25"	"0.01"	"0.005"	"0.01"	"100000"	"10000"	"200"	"7318420150560607530"	25000	"slope"	-0.238169215
"0.75"	"0.4"	"0.25"	"0.01"	"0.005"	"0.01"	"100000"	"10000"	"200"	"7318420150560607530"	25000	"intercept"	0.735209635
"0.75"	"0.4"	"0.25"	"0.01"	"0.005"	"0.01"	"100000"	"10000"	"200"	"7318420150560607530"	30000	"slope"	-0.24409642
"0.75"	"0.4"	"0.25"	"0.01"	"0.005"	"0.01"	"100000"	"10000"	"200"	"7318420150560607530"	30000	"intercept"	0.756245115
"0.75"	"0.4"	"0.25"	"0.01"	"0.005"	"0.01"	"100000"	"10000"	"200"	"7318420150560607530"	35000	"slope"	-0.291265965
"0.75"	"0.4"	"0.25"	"0.01"	"0.005"	"0.01"	"100000"	"10000"	"200"	"7318420150560607530"	35000	"intercept"	0.777396395
"0.75"	"0.4"	"0.25"	"0.01"	"0.005"	"0.01"	"100000"	"10000"	"200"	"7318420150560607530"	40000	"slope"	-0.27628383
"0.75"	"0.4"	"0.25"	"0.01"	"0.005"	"0.01"	"100000"	"10000"	"200"	"7318420150560607530"	40000	"intercept"	0.770350985
"0.75"	"0.4"	"0.25"	"0.01"	"0.005"	"0.01"	"100000"	"10000"	"200"	"7318420150560607530"	45000	"slope"	-0.27608371
"0.75"	"0.4"	"0.25"	"0.01"	"0.005"	"0.01"	"100000"	"10000"	"200"	"7318420150560607530"	45000	"intercept"	0.77040061
"0.75"	"0.4"	"0.25"	"0.01"	"0.005"	"0.01"	"100000"	"10000"	"200"	"7318420150560607530"	50000	"slope"	-0.292371236
"0.75"	"0.4"	"0.25"	"0.01"	"0.005"	"0.01"	"100000"	"10000"	"200"	"7318420150560607530"	50000	"intercept"	0.770790485
"0.75"	"0.4"	"0.25"	"0.01"	"0.005"	"0.01"	"100000"	"10000"	"200"	"7318420150560607530"	55000	"slope"	-0.29384791
"0.75"	"0.4"	"0.25"	"0.01"	"0.005"	"0.01"	"100000"	"10000"	"200"	"7318420150560607530"	55000	"intercept"	0.784841915
"0.75"	"0.4"	"0.25"	"0.01"	"0.005"	"0.01"	"100000"	"10000"	"200"	"7318420150560607530"	60000	"slope"	-0.29766689
"0.75"	"0.4"	"0.25"	"0.01"	"0.005"	"0.01"	"100000"	"10000"	"200"	"7318420150560607530"	60000	"intercept"	0.77785131
"0.75"	"0.4"	"0.25"	"0.01"	"0.005"	"0.01"	"100000"	"10000"	"200"	"7318420150560607530"	65000	"slope"	-0.263083555
"0.75"	"0.4"	"0.25"	"0.01"	"0.005"	"0.01"	"100000"	"10000"	"200"	"7318420150560607530"	65000	"intercept"	0.76368136
"0.75"	"0.4"	"0.25"	"0.01"	"0.005"	"0.01"	"100000"	"10000"	"200"	"7318420150560607530"	70000	"slope"	-0.24337487
"0.75"	"0.4"	"0.25"	"0.01"	"0.005"	"0.01"	"100000"	"10000"	"200"	"7318420150560607530"	70000	"intercept"	0.753074325
"0.75"	"0.4"	"0.25"	"0.01"	"0.005"	"0.01"	"100000"	"10000"	"200"	"7318420150560607530"	75000	"slope"	-0.239032705
"0.75"	"0.4"	"0.25"	"0.01"	"0.005"	"0.01"	"100000"	"10000"	"200"	"7318420150560607530"	75000	"intercept"	0.752832865
"0.75"	"0.4"	"0.25"	"0.01"	"0.005"	"0.01"	"100000"	"10000"	"200"	"7318420150560607530"	80000	"slope"	-0.258438145
"0.75"	"0.4"	"0.25"	"0.01"	"0.005"	"0.01"	"100000"	"10000"	"200"	"7318420150560607530"	80000	"intercept"	0.75931167
"0.75"	"0.4"	"0.25"	"0.01"	"0.005"	"0.01"	"100000"	"10000"	"200"	"7318420150560607530"	85000	"slope"	-0.2422544805
"0.75"	"0.4"	"0.25"	"0.01"	"0.005"	"0.01"	"100000"	"10000"	"200"	"7318420150560607530"	85000	"intercept"	0.746151685
"0.75"	"0.4"	"0.25"	"0.01"	"0.005"	"0.01"	"100000"	"10000"	"200"	"7318420150560607530"	90000	"slope"	-0.23453143
"0.75"	"0.4"	"0.25"	"0.01"	"0.005"	"0.01"	"100000"	"10000"	"200"	"7318420150560607530"	90000	"intercept"	0.744959895
"0.75"	"0.4"	"0.25"	"0.01"	"0.005"	"0.01"	"100000"	"10000"	"200"	"7318420150560607530"	95000	"slope"	-0.25263891
"0.75"	"0.4"	"0.25"	"0.01"	"0.005"	"0.01"	"100000"	"10000"	"200"	"7318420150560607530"	95000	"intercept"	0.746973555
"0.75"	"0.4"	"0.25"	"0.01"	"0.005"	"0.01"	"100000"	"10000"	"200"	"7318420150560607530"	100000	"slope"	-0.23169023
"0.75"	"0.4"	"0.25"	"0.01"	"0.005"	"0.01"	"100000"	"10000"	"200"	"7318420150560607530"	100000	"intercept"	0.73878581
"0.75"	"0.4"	"0.25"	"0.01"	"0.005"	"0.01"	"100000"	"10000"	"200"	"8407287873370563194"	10	"slope"	-4.25410000000001e-07
"0.75"	"0.4"	"0.25"	"0.01"	"0.005"	"0.01"	"100000"	"10000"	"200"	"8407287873370563194"	10	"intercept"	0.50020566
"0.75"	"0.4"	"0.25"	"0.01"	"0.005"	"0.01"	"100000"	"10000"	"200"	"8407287873370563194"	5000	"slope"	-0.0406217236295
"0.75"	"0.4"	"0.25"	"0.01"	"0.005"	"0.01"	"100000"	"10000"	"200"	"8407287873370563194"	5000	"intercept"	0.636653365
"0.75"	"0.4"	"0.25"	"0.01"	"0.005"	"0.01"	"100000"	"10000"	"200"	"8407287873370563194"	10000	"slope"	-0.0826504983
"0.75"	"0.4"	"0.25"	"0.01"	"0.005"	"0.01"	"100000"	"10000"	"200"	"8407287873370563194"	10000	"intercept"	0.66626062
"0.75"	"0.4"	"0.25"	"0.01"	"0.005"	"0.01"	"100000"	"10000"	"200"	"8407287873370563194"	15000	"slope"	-0.153044469
"0.75"	"0.4"	"0.25"	"0.01"	"0.005"	"0.01"	"100000"	"10000"	"200"	"8407287873370563194"	15000	"intercept"	0.70574786
"0.75"	"0.4"	"0.25"	"0.01"	"0.005"	"0.01"	"100000"	"10000"	"200"	"8407287873370563194"	20000	"slope"	-0.193827515
"0.75"	"0.4"	"0.25"	"0.01"	"0.005"	"0.01"	"100000"	"10000"	"200"	"8407287873370563194"	20000	"intercept"	0.722840785
"0.75"	"0.4"	"0.25"	"0.01"	"0.005"	"0.01"	"100000"	"10000"	"200"	"8407287873370563194"	25000	"slope"	-0.234364805
"0.75"	"0.4"	"0.25"	"0.01"	"0.005"	"0.01"	"100000"	"10000"	"200"	"8407287873370563194"	25000	"intercept"	0.74737827
"0.75"	"0.4"	"0.25"	"0.01"	"0.005"	"0.01"	"100000"	"10000"	"200"	"8407287873370563194"	30000	"slope"	-0.221862895
"0.75"	"0.4"	"0.25"	"0.01"	"0.005"	"0.01"	"100000"	"10000"	"200"	"8407287873370563194"	30000	"intercept"	0.744297635
"0.75"	"0.4"	"0.25"	"0.01"	"0.005"	"0.01"	"100000"	"10000"	"200"	"8407287873370563194"	35000	"slope"	-0.234773705
"0.75"	"0.4"	"0.25"	"0.01"	"0.005"	"0.01"	"100000"	"10000"	"200"	"8407287873370563194"	35000	"intercept"	0.755468915
"0.75"	"0.4"	"0.25"	"0.01"	"0.005"	"0.01"	"100000"	"10000"	"200"	"8407287873370563194"	40000	"slope"	-0.24231876
"0.75"	"0.4"	"0.25"	"0.01"	"0.005"	"0.01"	"100000"	"10000"	"200"	"8407287873370563194"	40000	"intercept"	0.757920725
"0.75"	"0.4"	"0.25"	"0.01"	"0.005"	"0.01"	"100000"	"10000"	"200"	"8407287873370563194"	45000	"slope"	-0.23306751
"0.75"	"0.4"	"0.25"	"0.01"	"0.005"	"0.01"	"100000"	"10000"	"200"	"8407287873370563194"	45000	"intercept"	0.751953385
"0.75"	"0.4"	"0.25"	"0.01"	"0.005"	"0.01"	"100000"	"10000"	"200"	"8407287873370563194"	50000	"slope"	-0.24301911
"0.75"	"0.4"	"0.25"	"0.01"	"0.005"	"0.01"	"100000"	"10000"	"200"	"8407287873370563194"	50000	"intercept"	0.75557501
"0.75"	"0.4"	"0.25"	"0.01"	"0.005"	"0.01"	"100000"	"10000"	"200"	"8407287873370563194"	55000	"slope"	-0.214471515
"0.75"	"0.4"	"0.25"	"0.01"	"0.005"	"0.01"	"100000"	"10000"	"200"	"8407287873370563194"	55000	"intercept"	0.744444665
"0.75"	"0.4"	"0.25"	"0.01"	"0.005"	"0.01"	"100000"	"10000"	"200"	"8407287873370563194"	60000	"slope"	-0.261375392
"0.75"	"0.4"	"0.25"	"0.01"	"0.005"	"0.01"	"100000"	"10000"	"200"	"8407287873370563194"	60000	"intercept"	0.758333425
"0.75"	"0.4"	"0.25"	"0.01"	"0.005"	"0.01"	"100000"	"10000"	"200"	"8407287873370563194"	65000	"slope"	-0.23300022
"0.75"	"0.4"	"0.25"	"0.01"	"0.005"	"0.01"	"100000"	"10000"	"200"	"8407287873370563194"	65000	"intercept"	0.743302195
"0.75"	"0.4"	"0.25"	"0.01"	"0.005"	"0.01"	"100000"	"10000"	"200"	"8407287873370563194"	70000	"slope"	-0.25943458
"0.75"	"0.4"	"0.25"	"0.01"	"0.005"	"0.01"	"100000"	"10000"	"200"	"8407287873370563194"	70000	"intercept"	0.75595035
"0.75"	"0.4"	"0.25"	"0.01"	"0.005"	"0.01"	"100000"	"10000"	"200"	"8407287873370563194"	75000	"slope"	-0.25266182
"0.75"	"0.4"	"0.25"	"0.01"	"0.005"	"0.01"	"100000"	"10000"	"200"	"8407287873370563194"	75000	"intercept"	0.75433733
"0.75"	"0.4"	"0.25"	"0.01"	"0.005"	"0.01"	"100000"	"10000"	"200"	"8407287873370563194"	80000	"slope"	-0.26580059
"0.75"	"0.4"	"0.25"	"0.01"	"0.005"	"0.01"	"100000"	"10000"	"200"	"8407287873370563194"	80000	"intercept"	0.769197765
"0.75"	"0.4"	"0.25"	"0.01"	"0.005"	"0.01"	"100000"	"10000"	"200"	"8407287873370563194"	85000	"slope"	-0.278452315
"0.75"	"0.4"	"0.25"	"0.01"	"0.005"	"0.01"	"100000"	"10000"	"200"	"8407287873370563194"	85000	"intercept"	0.76829873
"0.75"	"0.4"	"0.25"	"0.01"	"0.005"	"0.01"	"100000"	"10000"	"200"	"8407287873370563194"	90000	"slope"	-0.277792255
"0.75"	"0.4"	"0.25"	"0.01"	"0.005"	"0.01"	"100000"	"10000"	"200"	"8407287873370563194"	90000	"intercept"	0.759139275
"0.75"	"0.4"	"0.25"	"0.01"	"0.005"	"0.01"	"100000"	"10000"	"200"	"8407287873370563194"	95000	"slope"	-0.26459902
"0.75"	"0.4"	"0.25"	"0.01"	"0.005"	"0.01"	"100000"	"10000"	"200"	"8407287873370563194"	95000	"intercept"	0.76275442
"0.75"	"0.4"	"0.25"	"0.01"	"0.005"	"0.01"	"100000"	"10000"	"200"	"8407287873370563194"	100000	"slope"	-0.24023723
"0.75"	"0.4"	"0.25"	"0.01"	"0.005"	"0.01"	"100000"	"10000"	"200"	"8407287873370563194"	100000	"intercept"	0.750763485
"0.75"	"0.6"	"0.25"	"0.01"	"0.005"	"0.01"	"100000"	"10000"	"200"	"1460907608701523797"	10	"slope"	-0.00023889708
"0.75"	"0.6"	"0.25"	"0.01"	"0.005"	"0.01"	"100000"	"10000"	"200"	"1460907608701523797"	10	"intercept"	0.499956765
"0.75"	"0.6"	"0.25"	"0.01"	"0.005"	"0.01"	"100000"	"10000"	"200"	"1460907608701523797"	5000	"slope"	-0.034279282705
"0.75"	"0.6"	"0.25"	"0.01"	"0.005"	"0.01"	"100000"	"10000"	"200"	"1460907608701523797"	5000	"intercept"	0.594549555
"0.75"	"0.6"	"0.25"	"0.01"	"0.005"	"0.01"	"100000"	"10000"	"200"	"1460907608701523797"	10000	"slope"	-0.176455962
"0.75"	"0.6"	"0.25"	"0.01"	"0.005"	"0.01"	"100000"	"10000"	"200"	"1460907608701523797"	10000	"intercept"	0.6787356
"0.75"	"0.6"	"0.25"	"0.01"	"0.005"	"0.01"	"100000"	"10000"	"200"	"1460907608701523797"	15000	"slope"	-0.265588525
"0.75"	"0.6"	"0.25"	"0.01"	"0.005"	"0.01"	"100000"	"10000"	"200"	"1460907608701523797"	15000	"intercept"	0.728755305
"0.75"	"0.6"	"0.25"	"0.01"	"0.005"	"0.01"	"100000"	"10000"	"200"	"1460907608701523797"	20000	"slope"	-0.290504645
"0.75"	"0.6"	"0.25"	"0.01"	"0.005"	"0.01"	"100000"	"10000"	"200"	"1460907608701523797"	20000	"intercept"	0.73587412
"0.75"	"0.6"	"0.25"	"0.01"	"0.005"	"0.01"	"100000"	"10000"	"200"	"1460907608701523797"	25000	"slope"	-0.348262345
"0.75"	"0.6"	"0.25"	"0.01"	"0.005"	"0.01"	"100000"	"10000"	"200"	"1460907608701523797"	25000	"intercept"	0.76529981
"0.75"	"0.6"	"0.25"	"0.01"	"0.005"	"0.01"	"100000"	"10000"	"200"	"1460907608701523797"	30000	"slope"	-0.392756095
"0.75"	"0.6"	"0.25"	"0.01"	"0.005"	"0.01"	"100000"	"10000"	"200"	"1460907608701523797"	30000	"intercept"	0.78951561
"0.75"	"0.6"	"0.25"	"0.01"	"0.005"	"0.01"	"100000"	"10000"	"200"	"1460907608701523797"	35000	"slope"	-0.4456494
"0.75"	"0.6"	"0.25"	"0.01"	"0.005"	"0.01"	"100000"	"10000"	"200"	"1460907608701523797"	35000	"intercept"	0.820281655
"0.75"	"0.6"	"0.25"	"0.01"	"0.005"	"0.01"	"100000"	"10000"	"200"	"1460907608701523797"	40000	"slope"	-0.52054911
"0.75"	"0.6"	"0.25"	"0.01"	"0.005"	"0.01"	"100000"	"10000"	"200"	"1460907608701523797"	40000	"intercept"	0.862711035
"0.75"	"0.6"	"0.25"	"0.01"	"0.005"	"0.01"	"100000"	"10000"	"200"	"1460907608701523797"	45000	"slope"	-0.508567365
"0.75"	"0.6"	"0.25"	"0.01"	"0.005"	"0.01"	"100000"	"10000"	"200"	"1460907608701523797"	45000	"intercept"	0.861274275
"0.75"	"0.6"	"0.25"	"0.01"	"0.005"	"0.01"	"100000"	"10000"	"200"	"1460907608701523797"	50000	"slope"	-0.51004203
"0.75"	"0.6"	"0.25"	"0.01"	"0.005"	"0.01"	"100000"	"10000"	"200"	"1460907608701523797"	50000	"intercept"	0.86292177
"0.75"	"0.6"	"0.25"	"0.01"	"0.005"	"0.01"	"100000"	"10000"	"200"	"1460907608701523797"	55000	"slope"	-0.487011255
"0.75"	"0.6"	"0.25"	"0.01"	"0.005"	"0.01"	"100000"	"10000"	"200"	"1460907608701523797"	55000	"intercept"	0.842640395
"0.75"	"0.6"	"0.25"	"0.01"	"0.005"	"0.01"	"100000"	"10000"	"200"	"1460907608701523797"	60000	"slope"	-0.47310297
"0.75"	"0.6"	"0.25"	"0.01"	"0.005"	"0.01"	"100000"	"10000"	"200"	"1460907608701523797"	60000	"intercept"	0.83870221
"0.75"	"0.6"	"0.25"	"0.01"	"0.005"	"0.01"	"100000"	"10000"	"200"	"1460907608701523797"	65000	"slope"	-0.48023325
"0.75"	"0.6"	"0.25"	"0.01"	"0.005"	"0.01"	"100000"	"10000"	"200"	"1460907608701523797"	65000	"intercept"	0.84199489
"0.75"	"0.6"	"0.25"	"0.01"	"0.005"	"0.01"	"100000"	"10000"	"200"	"1460907608701523797"	70000	"slope"	-0.505032215
"0.75"	"0.6"	"0.25"	"0.01"	"0.005"	"0.01"	"100000"	"10000"	"200"	"1460907608701523797"	70000	"intercept"	0.847719665
"0.75"	"0.6"	"0.25"	"0.01"	"0.005"	"0.01"	"100000"	"10000"	"200"	"1460907608701523797"	75000	"slope"	-0.484308425
"0.75"	"0.6"	"0.25"	"0.01"	"0.005"	"0.01"	"100000"	"10000"	"200"	"1460907608701523797"	75000	"intercept"	0.849215125
"0.75"	"0.6"	"0.25"	"0.01"	"0.005"	"0.01"	"100000"	"10000"	"200"	"1460907608701523797"	80000	"slope"	-0.494899705
"0.75"	"0.6"	"0.25"	"0.01"	"0.005"	"0.01"	"100000"	"10000"	"200"	"1460907608701523797"	80000	"intercept"	0.846637
"0.75"	"0.6"	"0.25"	"0.01"	"0.005"	"0.01"	"100000"	"10000"	"200"	"1460907608701523797"	85000	"slope"	-0.51255353
"0.75"	"0.6"	"0.25"	"0.01"	"0.005"	"0.01"	"100000"	"10000"	"200"	"1460907608701523797"	85000	"intercept"	0.861911155
"0.75"	"0.6"	"0.25"	"0.01"	"0.005"	"0.01"	"100000"	"10000"	"200"	"1460907608701523797"	90000	"slope"	-0.51708542
"0.75"	"0.6"	"0.25"	"0.01"	"0.005"	"0.01"	"100000"	"10000"	"200"	"1460907608701523797"	90000	"intercept"	0.869055845
"0.75"	"0.6"	"0.25"	"0.01"	"0.005"	"0.01"	"100000"	"10000"	"200"	"1460907608701523797"	95000	"slope"	-0.469284305
"0.75"	"0.6"	"0.25"	"0.01"	"0.005"	"0.01"	"100000"	"10000"	"200"	"1460907608701523797"	95000	"intercept"	0.834459785
"0.75"	"0.6"	"0.25"	"0.01"	"0.005"	"0.01"	"100000"	"10000"	"200"	"1460907608701523797"	100000	"slope"	-0.43008021
"0.75"	"0.6"	"0.25"	"0.01"	"0.005"	"0.01"	"100000"	"10000"	"200"	"1460907608701523797"	100000	"intercept"	0.81093587
"0.75"	"0.6"	"0.25"	"0.01"	"0.005"	"0.01"	"100000"	"10000"	"200"	"265936287830082198"	10	"slope"	4.155539e-05
"0.75"	"0.6"	"0.25"	"0.01"	"0.005"	"0.01"	"100000"	"10000"	"200"	"265936287830082198"	10	"intercept"	0.50000703
"0.75"	"0.6"	"0.25"	"0.01"	"0.005"	"0.01"	"100000"	"10000"	"200"	"265936287830082198"	5000	"slope"	-0.04314076045
"0.75"	"0.6"	"0.25"	"0.01"	"0.005"	"0.01"	"100000"	"10000"	"200"	"265936287830082198"	5000	"intercept"	0.601127085
"0.75"	"0.6"	"0.25"	"0.01"	"0.005"	"0.01"	"100000"	"10000"	"200"	"265936287830082198"	10000	"slope"	-0.1398823375
"0.75"	"0.6"	"0.25"	"0.01"	"0.005"	"0.01"	"100000"	"10000"	"200"	"265936287830082198"	10000	"intercept"	0.652692575
"0.75"	"0.6"	"0.25"	"0.01"	"0.005"	"0.01"	"100000"	"10000"	"200"	"265936287830082198"	15000	"slope"	-0.21772319
"0.75"	"0.6"	"0.25"	"0.01"	"0.005"	"0.01"	"100000"	"10000"	"200"	"265936287830082198"	15000	"intercept"	0.70362072
"0.75"	"0.6"	"0.25"	"0.01"	"0.005"	"0.01"	"100000"	"10000"	"200"	"265936287830082198"	20000	"slope"	-0.32626325
"0.75"	"0.6"	"0.25"	"0.01"	"0.005"	"0.01"	"100000"	"10000"	"200"	"265936287830082198"	20000	"intercept"	0.75738065
"0.75"	"0.6"	"0.25"	"0.01"	"0.005"	"0.01"	"100000"	"10000"	"200"	"265936287830082198"	25000	"slope"	-0.35971909
"0.75"	"0.6"	"0.25"	"0.01"	"0.005"	"0.01"	"100000"	"10000"	"200"	"265936287830082198"	25000	"intercept"	0.774582875
"0.75"	"0.6"	"0.25"	"0.01"	"0.005"	"0.01"	"100000"	"10000"	"200"	"265936287830082198"	30000	"slope"	-0.379490875
"0.75"	"0.6"	"0.25"	"0.01"	"0.005"	"0.01"	"100000"	"10000"	"200"	"265936287830082198"	30000	"intercept"	0.79105259
"0.75"	"0.6"	"0.25"	"0.01"	"0.005"	"0.01"	"100000"	"10000"	"200"	"265936287830082198"	35000	"slope"	-0.387160155
"0.75"	"0.6"	"0.25"	"0.01"	"0.005"	"0.01"	"100000"	"10000"	"200"	"265936287830082198"	35000	"intercept"	0.795988695
"0.75"	"0.6"	"0.25"	"0.01"	"0.005"	"0.01"	"100000"	"10000"	"200"	"265936287830082198"	40000	"slope"	-0.43217167
"0.75"	"0.6"	"0.25"	"0.01"	"0.005"	"0.01"	"100000"	"10000"	"200"	"265936287830082198"	40000	"intercept"	0.82169153
"0.75"	"0.6"	"0.25"	"0.01"	"0.005"	"0.01"	"100000"	"10000"	"200"	"265936287830082198"	45000	"slope"	-0.440440575
"0.75"	"0.6"	"0.25"	"0.01"	"0.005"	"0.01"	"100000"	"10000"	"200"	"265936287830082198"	45000	"intercept"	0.818411195
"0.75"	"0.6"	"0.25"	"0.01"	"0.005"	"0.01"	"100000"	"10000"	"200"	"265936287830082198"	50000	"slope"	-0.471652675
"0.75"	"0.6"	"0.25"	"0.01"	"0.005"	"0.01"	"100000"	"10000"	"200"	"265936287830082198"	50000	"intercept"	0.83837604
"0.75"	"0.6"	"0.25"	"0.01"	"0.005"	"0.01"	"100000"	"10000"	"200"	"265936287830082198"	55000	"slope"	-0.50089608
"0.75"	"0.6"	"0.25"	"0.01"	"0.005"	"0.01"	"100000"	"10000"	"200"	"265936287830082198"	55000	"intercept"	0.85057559
"0.75"	"0.6"	"0.25"	"0.01"	"0.005"	"0.01"	"100000"	"10000"	"200"	"265936287830082198"	60000	"slope"	-0.475298025
"0.75"	"0.6"	"0.25"	"0.01"	"0.005"	"0.01"	"100000"	"10000"	"200"	"265936287830082198"	60000	"intercept"	0.834802035
"0.75"	"0.6"	"0.25"	"0.01"	"0.005"	"0.01"	"100000"	"10000"	"200"	"265936287830082198"	65000	"slope"	-0.445671985
"0.75"	"0.6"	"0.25"	"0.01"	"0.005"	"0.01"	"100000"	"10000"	"200"	"265936287830082198"	65000	"intercept"	0.821458365
"0.75"	"0.6"	"0.25"	"0.01"	"0.005"	"0.01"	"100000"	"10000"	"200"	"265936287830082198"	70000	"slope"	-0.482706755
"0.75"	"0.6"	"0.25"	"0.01"	"0.005"	"0.01"	"100000"	"10000"	"200"	"265936287830082198"	70000	"intercept"	0.842544555
"0.75"	"0.6"	"0.25"	"0.01"	"0.005"	"0.01"	"100000"	"10000"	"200"	"265936287830082198"	75000	"slope"	-0.53869854
"0.75"	"0.6"	"0.25"	"0.01"	"0.005"	"0.01"	"100000"	"10000"	"200"	"265936287830082198"	75000	"intercept"	0.882858105
"0.75"	"0.6"	"0.25"	"0.01"	"0.005"	"0.01"	"100000"	"10000"	"200"	"265936287830082198"	80000	"slope"	-0.498685755
"0.75"	"0.6"	"0.25"	"0.01"	"0.005"	"0.01"	"100000"	"10000"	"200"	"265936287830082198"	80000	"intercept"	0.86292879
"0.75"	"0.6"	"0.25"	"0.01"	"0.005"	"0.01"	"100000"	"10000"	"200"	"265936287830082198"	85000	"slope"	-0.52323198
"0.75"	"0.6"	"0.25"	"0.01"	"0.005"	"0.01"	"100000"	"10000"	"200"	"265936287830082198"	85000	"intercept"	0.87658441
"0.75"	"0.6"	"0.25"	"0.01"	"0.005"	"0.01"	"100000"	"10000"	"200"	"265936287830082198"	90000	"slope"	-0.492108445
"0.75"	"0.6"	"0.25"	"0.01"	"0.005"	"0.01"	"100000"	"10000"	"200"	"265936287830082198"	90000	"intercept"	0.849054765
"0.75"	"0.6"	"0.25"	"0.01"	"0.005"	"0.01"	"100000"	"10000"	"200"	"265936287830082198"	95000	"slope"	-0.493682405
"0.75"	"0.6"	"0.25"	"0.01"	"0.005"	"0.01"	"100000"	"10000"	"200"	"265936287830082198"	95000	"intercept"	0.849138825
"0.75"	"0.6"	"0.25"	"0.01"	"0.005"	"0.01"	"100000"	"10000"	"200"	"265936287830082198"	100000	"slope"	-0.48491574
"0.75"	"0.6"	"0.25"	"0.01"	"0.005"	"0.01"	"100000"	"10000"	"200"	"265936287830082198"	100000	"intercept"	0.85467115
"0.75"	"0.6"	"0.25"	"0.01"	"0.005"	"0.01"	"100000"	"10000"	"200"	"6449389439431252743"	10	"slope"	7.5569215e-05
"0.75"	"0.6"	"0.25"	"0.01"	"0.005"	"0.01"	"100000"	"10000"	"200"	"6449389439431252743"	10	"intercept"	0.50004125
"0.75"	"0.6"	"0.25"	"0.01"	"0.005"	"0.01"	"100000"	"10000"	"200"	"6449389439431252743"	5000	"slope"	-0.048717588485
"0.75"	"0.6"	"0.25"	"0.01"	"0.005"	"0.01"	"100000"	"10000"	"200"	"6449389439431252743"	5000	"intercept"	0.59849067
"0.75"	"0.6"	"0.25"	"0.01"	"0.005"	"0.01"	"100000"	"10000"	"200"	"6449389439431252743"	10000	"slope"	-0.10560160245
"0.75"	"0.6"	"0.25"	"0.01"	"0.005"	"0.01"	"100000"	"10000"	"200"	"6449389439431252743"	10000	"intercept"	0.63028744
"0.75"	"0.6"	"0.25"	"0.01"	"0.005"	"0.01"	"100000"	"10000"	"200"	"6449389439431252743"	15000	"slope"	-0.26064849
"0.75"	"0.6"	"0.25"	"0.01"	"0.005"	"0.01"	"100000"	"10000"	"200"	"6449389439431252743"	15000	"intercept"	0.728059815
"0.75"	"0.6"	"0.25"	"0.01"	"0.005"	"0.01"	"100000"	"10000"	"200"	"6449389439431252743"	20000	"slope"	-0.30710721
"0.75"	"0.6"	"0.25"	"0.01"	"0.005"	"0.01"	"100000"	"10000"	"200"	"6449389439431252743"	20000	"intercept"	0.73681427
"0.75"	"0.6"	"0.25"	"0.01"	"0.005"	"0.01"	"100000"	"10000"	"200"	"6449389439431252743"	25000	"slope"	-0.38657329
"0.75"	"0.6"	"0.25"	"0.01"	"0.005"	"0.01"	"100000"	"10000"	"200"	"6449389439431252743"	25000	"intercept"	0.78704731
"0.75"	"0.6"	"0.25"	"0.01"	"0.005"	"0.01"	"100000"	"10000"	"200"	"6449389439431252743"	30000	"slope"	-0.443705685
"0.75"	"0.6"	"0.25"	"0.01"	"0.005"	"0.01"	"100000"	"10000"	"200"	"6449389439431252743"	30000	"intercept"	0.811700305
"0.75"	"0.6"	"0.25"	"0.01"	"0.005"	"0.01"	"100000"	"10000"	"200"	"6449389439431252743"	35000	"slope"	-0.475249395
"0.75"	"0.6"	"0.25"	"0.01"	"0.005"	"0.01"	"100000"	"10000"	"200"	"6449389439431252743"	35000	"intercept"	0.845738655
"0.75"	"0.6"	"0.25"	"0.01"	"0.005"	"0.01"	"100000"	"10000"	"200"	"6449389439431252743"	40000	"slope"	-0.484156855
"0.75"	"0.6"	"0.25"	"0.01"	"0.005"	"0.01"	"100000"	"10000"	"200"	"6449389439431252743"	40000	"intercept"	0.839739825
"0.75"	"0.6"	"0.25"	"0.01"	"0.005"	"0.01"	"100000"	"10000"	"200"	"6449389439431252743"	45000	"slope"	-0.44617425
"0.75"	"0.6"	"0.25"	"0.01"	"0.005"	"0.01"	"100000"	"10000"	"200"	"6449389439431252743"	45000	"intercept"	0.824337365
"0.75"	"0.6"	"0.25"	"0.01"	"0.005"	"0.01"	"100000"	"10000"	"200"	"6449389439431252743"	50000	"slope"	-0.46296633
"0.75"	"0.6"	"0.25"	"0.01"	"0.005"	"0.01"	"100000"	"10000"	"200"	"6449389439431252743"	50000	"intercept"	0.831871985
"0.75"	"0.6"	"0.25"	"0.01"	"0.005"	"0.01"	"100000"	"10000"	"200"	"6449389439431252743"	55000	"slope"	-0.44658126
"0.75"	"0.6"	"0.25"	"0.01"	"0.005"	"0.01"	"100000"	"10000"	"200"	"6449389439431252743"	55000	"intercept"	0.82321314
"0.75"	"0.6"	"0.25"	"0.01"	"0.005"	"0.01"	"100000"	"10000"	"200"	"6449389439431252743"	60000	"slope"	-0.449836225
"0.75"	"0.6"	"0.25"	"0.01"	"0.005"	"0.01"	"100000"	"10000"	"200"	"6449389439431252743"	60000	"intercept"	0.82945889
"0.75"	"0.6"	"0.25"	"0.01"	"0.005"	"0.01"	"100000"	"10000"	"200"	"6449389439431252743"	65000	"slope"	-0.45205907
"0.75"	"0.6"	"0.25"	"0.01"	"0.005"	"0.01"	"100000"	"10000"	"200"	"6449389439431252743"	65000	"intercept"	0.832433245
"0.75"	"0.6"	"0.25"	"0.01"	"0.005"	"0.01"	"100000"	"10000"	"200"	"6449389439431252743"	70000	"slope"	-0.457280795
"0.75"	"0.6"	"0.25"	"0.01"	"0.005"	"0.01"	"100000"	"10000"	"200"	"6449389439431252743"	70000	"intercept"	0.827977205
"0.75"	"0.6"	"0.25"	"0.01"	"0.005"	"0.01"	"100000"	"10000"	"200"	"6449389439431252743"	75000	"slope"	-0.507781945
"0.75"	"0.6"	"0.25"	"0.01"	"0.005"	"0.01"	"100000"	"10000"	"200"	"6449389439431252743"	75000	"intercept"	0.85466989
"0.75"	"0.6"	"0.25"	"0.01"	"0.005"	"0.01"	"100000"	"10000"	"200"	"6449389439431252743"	80000	"slope"	-0.48823524
"0.75"	"0.6"	"0.25"	"0.01"	"0.005"	"0.01"	"100000"	"10000"	"200"	"6449389439431252743"	80000	"intercept"	0.84676173
"0.75"	"0.6"	"0.25"	"0.01"	"0.005"	"0.01"	"100000"	"10000"	"200"	"6449389439431252743"	85000	"slope"	-0.508801535
"0.75"	"0.6"	"0.25"	"0.01"	"0.005"	"0.01"	"100000"	"10000"	"200"	"6449389439431252743"	85000	"intercept"	0.865629725
"0.75"	"0.6"	"0.25"	"0.01"	"0.005"	"0.01"	"100000"	"10000"	"200"	"6449389439431252743"	90000	"slope"	-0.51154063
"0.75"	"0.6"	"0.25"	"0.01"	"0.005"	"0.01"	"100000"	"10000"	"200"	"6449389439431252743"	90000	"intercept"	0.87364777
"0.75"	"0.6"	"0.25"	"0.01"	"0.005"	"0.01"	"100000"	"10000"	"200"	"6449389439431252743"	95000	"slope"	-0.458105795
"0.75"	"0.6"	"0.25"	"0.01"	"0.005"	"0.01"	"100000"	"10000"	"200"	"6449389439431252743"	95000	"intercept"	0.83340191
"0.75"	"0.6"	"0.25"	"0.01"	"0.005"	"0.01"	"100000"	"10000"	"200"	"6449389439431252743"	100000	"slope"	-0.51872984
"0.75"	"0.6"	"0.25"	"0.01"	"0.005"	"0.01"	"100000"	"10000"	"200"	"6449389439431252743"	100000	"intercept"	0.865945015
"0.75"	"0.8"	"0.25"	"0.01"	"0.005"	"0.01"	"100000"	"10000"	"200"	"2323047698180350979"	10	"slope"	-0.00012983198
"0.75"	"0.8"	"0.25"	"0.01"	"0.005"	"0.01"	"100000"	"10000"	"200"	"2323047698180350979"	10	"intercept"	0.49989688
"0.75"	"0.8"	"0.25"	"0.01"	"0.005"	"0.01"	"100000"	"10000"	"200"	"2323047698180350979"	5000	"slope"	-0.1292570185
"0.75"	"0.8"	"0.25"	"0.01"	"0.005"	"0.01"	"100000"	"10000"	"200"	"2323047698180350979"	5000	"intercept"	0.566669555
"0.75"	"0.8"	"0.25"	"0.01"	"0.005"	"0.01"	"100000"	"10000"	"200"	"2323047698180350979"	10000	"slope"	-0.278800165
"0.75"	"0.8"	"0.25"	"0.01"	"0.005"	"0.01"	"100000"	"10000"	"200"	"2323047698180350979"	10000	"intercept"	0.67004882
"0.75"	"0.8"	"0.25"	"0.01"	"0.005"	"0.01"	"100000"	"10000"	"200"	"2323047698180350979"	15000	"slope"	-0.377656535
"0.75"	"0.8"	"0.25"	"0.01"	"0.005"	"0.01"	"100000"	"10000"	"200"	"2323047698180350979"	15000	"intercept"	0.736042525
"0.75"	"0.8"	"0.25"	"0.01"	"0.005"	"0.01"	"100000"	"10000"	"200"	"2323047698180350979"	20000	"slope"	-0.50511736
"0.75"	"0.8"	"0.25"	"0.01"	"0.005"	"0.01"	"100000"	"10000"	"200"	"2323047698180350979"	20000	"intercept"	0.81652738
"0.75"	"0.8"	"0.25"	"0.01"	"0.005"	"0.01"	"100000"	"10000"	"200"	"2323047698180350979"	25000	"slope"	-0.60140957
"0.75"	"0.8"	"0.25"	"0.01"	"0.005"	"0.01"	"100000"	"10000"	"200"	"2323047698180350979"	25000	"intercept"	0.86194401
"0.75"	"0.8"	"0.25"	"0.01"	"0.005"	"0.01"	"100000"	"10000"	"200"	"2323047698180350979"	30000	"slope"	-0.67359159
"0.75"	"0.8"	"0.25"	"0.01"	"0.005"	"0.01"	"100000"	"10000"	"200"	"2323047698180350979"	30000	"intercept"	0.92345974
"0.75"	"0.8"	"0.25"	"0.01"	"0.005"	"0.01"	"100000"	"10000"	"200"	"2323047698180350979"	35000	"slope"	-0.789493165
"0.75"	"0.8"	"0.25"	"0.01"	"0.005"	"0.01"	"100000"	"10000"	"200"	"2323047698180350979"	35000	"intercept"	0.993205645
"0.75"	"0.8"	"0.25"	"0.01"	"0.005"	"0.01"	"100000"	"10000"	"200"	"2323047698180350979"	40000	"slope"	-0.85480985
"0.75"	"0.8"	"0.25"	"0.01"	"0.005"	"0.01"	"100000"	"10000"	"200"	"2323047698180350979"	40000	"intercept"	1.04122675
"0.75"	"0.8"	"0.25"	"0.01"	"0.005"	"0.01"	"100000"	"10000"	"200"	"2323047698180350979"	45000	"slope"	-0.89321667
"0.75"	"0.8"	"0.25"	"0.01"	"0.005"	"0.01"	"100000"	"10000"	"200"	"2323047698180350979"	45000	"intercept"	1.061382685
"0.75"	"0.8"	"0.25"	"0.01"	"0.005"	"0.01"	"100000"	"10000"	"200"	"2323047698180350979"	50000	"slope"	-0.94853728
"0.75"	"0.8"	"0.25"	"0.01"	"0.005"	"0.01"	"100000"	"10000"	"200"	"2323047698180350979"	50000	"intercept"	1.10071549
"0.75"	"0.8"	"0.25"	"0.01"	"0.005"	"0.01"	"100000"	"10000"	"200"	"2323047698180350979"	55000	"slope"	-0.965072915
"0.75"	"0.8"	"0.25"	"0.01"	"0.005"	"0.01"	"100000"	"10000"	"200"	"2323047698180350979"	55000	"intercept"	1.1128565
"0.75"	"0.8"	"0.25"	"0.01"	"0.005"	"0.01"	"100000"	"10000"	"200"	"2323047698180350979"	60000	"slope"	-0.96374303
"0.75"	"0.8"	"0.25"	"0.01"	"0.005"	"0.01"	"100000"	"10000"	"200"	"2323047698180350979"	60000	"intercept"	1.107544715
"0.75"	"0.8"	"0.25"	"0.01"	"0.005"	"0.01"	"100000"	"10000"	"200"	"2323047698180350979"	65000	"slope"	-0.939538115
"0.75"	"0.8"	"0.25"	"0.01"	"0.005"	"0.01"	"100000"	"10000"	"200"	"2323047698180350979"	65000	"intercept"	1.0955463
"0.75"	"0.8"	"0.25"	"0.01"	"0.005"	"0.01"	"100000"	"10000"	"200"	"2323047698180350979"	70000	"slope"	-0.894803815
"0.75"	"0.8"	"0.25"	"0.01"	"0.005"	"0.01"	"100000"	"10000"	"200"	"2323047698180350979"	70000	"intercept"	1.067804845
"0.75"	"0.8"	"0.25"	"0.01"	"0.005"	"0.01"	"100000"	"10000"	"200"	"2323047698180350979"	75000	"slope"	-0.888299435
"0.75"	"0.8"	"0.25"	"0.01"	"0.005"	"0.01"	"100000"	"10000"	"200"	"2323047698180350979"	75000	"intercept"	1.05684603
"0.75"	"0.8"	"0.25"	"0.01"	"0.005"	"0.01"	"100000"	"10000"	"200"	"2323047698180350979"	80000	"slope"	-0.90189485
"0.75"	"0.8"	"0.25"	"0.01"	"0.005"	"0.01"	"100000"	"10000"	"200"	"2323047698180350979"	80000	"intercept"	1.07622705
"0.75"	"0.8"	"0.25"	"0.01"	"0.005"	"0.01"	"100000"	"10000"	"200"	"2323047698180350979"	85000	"slope"	-0.912515615
"0.75"	"0.8"	"0.25"	"0.01"	"0.005"	"0.01"	"100000"	"10000"	"200"	"2323047698180350979"	85000	"intercept"	1.080098015
"0.75"	"0.8"	"0.25"	"0.01"	"0.005"	"0.01"	"100000"	"10000"	"200"	"2323047698180350979"	90000	"slope"	-0.900169485
"0.75"	"0.8"	"0.25"	"0.01"	"0.005"	"0.01"	"100000"	"10000"	"200"	"2323047698180350979"	90000	"intercept"	1.072674655
"0.75"	"0.8"	"0.25"	"0.01"	"0.005"	"0.01"	"100000"	"10000"	"200"	"2323047698180350979"	95000	"slope"	-0.89000607
"0.75"	"0.8"	"0.25"	"0.01"	"0.005"	"0.01"	"100000"	"10000"	"200"	"2323047698180350979"	95000	"intercept"	1.060416605
"0.75"	"0.8"	"0.25"	"0.01"	"0.005"	"0.01"	"100000"	"10000"	"200"	"2323047698180350979"	100000	"slope"	-0.931612535
"0.75"	"0.8"	"0.25"	"0.01"	"0.005"	"0.01"	"100000"	"10000"	"200"	"2323047698180350979"	100000	"intercept"	1.09416895
"0.75"	"0.8"	"0.25"	"0.01"	"0.005"	"0.01"	"100000"	"10000"	"200"	"7545546534020021602"	10	"slope"	3.085442e-05
"0.75"	"0.8"	"0.25"	"0.01"	"0.005"	"0.01"	"100000"	"10000"	"200"	"7545546534020021602"	10	"intercept"	0.499972075
"0.75"	"0.8"	"0.25"	"0.01"	"0.005"	"0.01"	"100000"	"10000"	"200"	"7545546534020021602"	5000	"slope"	-0.103189092
"0.75"	"0.8"	"0.25"	"0.01"	"0.005"	"0.01"	"100000"	"10000"	"200"	"7545546534020021602"	5000	"intercept"	0.55572684
"0.75"	"0.8"	"0.25"	"0.01"	"0.005"	"0.01"	"100000"	"10000"	"200"	"7545546534020021602"	10000	"slope"	-0.208258263
"0.75"	"0.8"	"0.25"	"0.01"	"0.005"	"0.01"	"100000"	"10000"	"200"	"7545546534020021602"	10000	"intercept"	0.624474385
"0.75"	"0.8"	"0.25"	"0.01"	"0.005"	"0.01"	"100000"	"10000"	"200"	"7545546534020021602"	15000	"slope"	-0.3308151
"0.75"	"0.8"	"0.25"	"0.01"	"0.005"	"0.01"	"100000"	"10000"	"200"	"7545546534020021602"	15000	"intercept"	0.69225225
"0.75"	"0.8"	"0.25"	"0.01"	"0.005"	"0.01"	"100000"	"10000"	"200"	"7545546534020021602"	20000	"slope"	-0.498606715
"0.75"	"0.8"	"0.25"	"0.01"	"0.005"	"0.01"	"100000"	"10000"	"200"	"7545546534020021602"	20000	"intercept"	0.78856221
"0.75"	"0.8"	"0.25"	"0.01"	"0.005"	"0.01"	"100000"	"10000"	"200"	"7545546534020021602"	25000	"slope"	-0.642959445
"0.75"	"0.8"	"0.25"	"0.01"	"0.005"	"0.01"	"100000"	"10000"	"200"	"7545546534020021602"	25000	"intercept"	0.888363555
"0.75"	"0.8"	"0.25"	"0.01"	"0.005"	"0.01"	"100000"	"10000"	"200"	"7545546534020021602"	30000	"slope"	-0.742547335
"0.75"	"0.8"	"0.25"	"0.01"	"0.005"	"0.01"	"100000"	"10000"	"200"	"7545546534020021602"	30000	"intercept"	0.965689
"0.75"	"0.8"	"0.25"	"0.01"	"0.005"	"0.01"	"100000"	"10000"	"200"	"7545546534020021602"	35000	"slope"	-0.803849575
"0.75"	"0.8"	"0.25"	"0.01"	"0.005"	"0.01"	"100000"	"10000"	"200"	"7545546534020021602"	35000	"intercept"	1.002994585
"0.75"	"0.8"	"0.25"	"0.01"	"0.005"	"0.01"	"100000"	"10000"	"200"	"7545546534020021602"	40000	"slope"	-0.844427295
"0.75"	"0.8"	"0.25"	"0.01"	"0.005"	"0.01"	"100000"	"10000"	"200"	"7545546534020021602"	40000	"intercept"	1.031824985
"0.75"	"0.8"	"0.25"	"0.01"	"0.005"	"0.01"	"100000"	"10000"	"200"	"7545546534020021602"	45000	"slope"	-0.88359233
"0.75"	"0.8"	"0.25"	"0.01"	"0.005"	"0.01"	"100000"	"10000"	"200"	"7545546534020021602"	45000	"intercept"	1.06639795
"0.75"	"0.8"	"0.25"	"0.01"	"0.005"	"0.01"	"100000"	"10000"	"200"	"7545546534020021602"	50000	"slope"	-0.92051716
"0.75"	"0.8"	"0.25"	"0.01"	"0.005"	"0.01"	"100000"	"10000"	"200"	"7545546534020021602"	50000	"intercept"	1.085047055
"0.75"	"0.8"	"0.25"	"0.01"	"0.005"	"0.01"	"100000"	"10000"	"200"	"7545546534020021602"	55000	"slope"	-0.93843353
"0.75"	"0.8"	"0.25"	"0.01"	"0.005"	"0.01"	"100000"	"10000"	"200"	"7545546534020021602"	55000	"intercept"	1.09885932
"0.75"	"0.8"	"0.25"	"0.01"	"0.005"	"0.01"	"100000"	"10000"	"200"	"7545546534020021602"	60000	"slope"	-0.92098162
"0.75"	"0.8"	"0.25"	"0.01"	"0.005"	"0.01"	"100000"	"10000"	"200"	"7545546534020021602"	60000	"intercept"	1.08236112
"0.75"	"0.8"	"0.25"	"0.01"	"0.005"	"0.01"	"100000"	"10000"	"200"	"7545546534020021602"	65000	"slope"	-0.91945323
"0.75"	"0.8"	"0.25"	"0.01"	"0.005"	"0.01"	"100000"	"10000"	"200"	"7545546534020021602"	65000	"intercept"	1.08405923
"0.75"	"0.8"	"0.25"	"0.01"	"0.005"	"0.01"	"100000"	"10000"	"200"	"7545546534020021602"	70000	"slope"	-0.91983744
"0.75"	"0.8"	"0.25"	"0.01"	"0.005"	"0.01"	"100000"	"10000"	"200"	"7545546534020021602"	70000	"intercept"	1.08043468
"0.75"	"0.8"	"0.25"	"0.01"	"0.005"	"0.01"	"100000"	"10000"	"200"	"7545546534020021602"	75000	"slope"	-0.93545398
"0.75"	"0.8"	"0.25"	"0.01"	"0.005"	"0.01"	"100000"	"10000"	"200"	"7545546534020021602"	75000	"intercept"	1.092498
"0.75"	"0.8"	"0.25"	"0.01"	"0.005"	"0.01"	"100000"	"10000"	"200"	"7545546534020021602"	80000	"slope"	-0.90993127
"0.75"	"0.8"	"0.25"	"0.01"	"0.005"	"0.01"	"100000"	"10000"	"200"	"7545546534020021602"	80000	"intercept"	1.0747331
"0.75"	"0.8"	"0.25"	"0.01"	"0.005"	"0.01"	"100000"	"10000"	"200"	"7545546534020021602"	85000	"slope"	-0.88424166
"0.75"	"0.8"	"0.25"	"0.01"	"0.005"	"0.01"	"100000"	"10000"	"200"	"7545546534020021602"	85000	"intercept"	1.06139455
"0.75"	"0.8"	"0.25"	"0.01"	"0.005"	"0.01"	"100000"	"10000"	"200"	"7545546534020021602"	90000	"slope"	-0.9033997
"0.75"	"0.8"	"0.25"	"0.01"	"0.005"	"0.01"	"100000"	"10000"	"200"	"7545546534020021602"	90000	"intercept"	1.069739295
"0.75"	"0.8"	"0.25"	"0.01"	"0.005"	"0.01"	"100000"	"10000"	"200"	"7545546534020021602"	95000	"slope"	-0.95153805
"0.75"	"0.8"	"0.25"	"0.01"	"0.005"	"0.01"	"100000"	"10000"	"200"	"7545546534020021602"	95000	"intercept"	1.107859725
"0.75"	"0.8"	"0.25"	"0.01"	"0.005"	"0.01"	"100000"	"10000"	"200"	"7545546534020021602"	100000	"slope"	-0.908948145
"0.75"	"0.8"	"0.25"	"0.01"	"0.005"	"0.01"	"100000"	"10000"	"200"	"7545546534020021602"	100000	"intercept"	1.07470051
"0.75"	"0.8"	"0.25"	"0.01"	"0.005"	"0.01"	"100000"	"10000"	"200"	"895623128506729322"	10	"slope"	-8.34423e-06
"0.75"	"0.8"	"0.25"	"0.01"	"0.005"	"0.01"	"100000"	"10000"	"200"	"895623128506729322"	10	"intercept"	0.49999604
"0.75"	"0.8"	"0.25"	"0.01"	"0.005"	"0.01"	"100000"	"10000"	"200"	"895623128506729322"	5000	"slope"	-0.1245451835
"0.75"	"0.8"	"0.25"	"0.01"	"0.005"	"0.01"	"100000"	"10000"	"200"	"895623128506729322"	5000	"intercept"	0.566883025
"0.75"	"0.8"	"0.25"	"0.01"	"0.005"	"0.01"	"100000"	"10000"	"200"	"895623128506729322"	10000	"slope"	-0.266719945
"0.75"	"0.8"	"0.25"	"0.01"	"0.005"	"0.01"	"100000"	"10000"	"200"	"895623128506729322"	10000	"intercept"	0.65496835
"0.75"	"0.8"	"0.25"	"0.01"	"0.005"	"0.01"	"100000"	"10000"	"200"	"895623128506729322"	15000	"slope"	-0.40045598
"0.75"	"0.8"	"0.25"	"0.01"	"0.005"	"0.01"	"100000"	"10000"	"200"	"895623128506729322"	15000	"intercept"	0.736008785
"0.75"	"0.8"	"0.25"	"0.01"	"0.005"	"0.01"	"100000"	"10000"	"200"	"895623128506729322"	20000	"slope"	-0.531341505
"0.75"	"0.8"	"0.25"	"0.01"	"0.005"	"0.01"	"100000"	"10000"	"200"	"895623128506729322"	20000	"intercept"	0.81518951
"0.75"	"0.8"	"0.25"	"0.01"	"0.005"	"0.01"	"100000"	"10000"	"200"	"895623128506729322"	25000	"slope"	-0.63602735
"0.75"	"0.8"	"0.25"	"0.01"	"0.005"	"0.01"	"100000"	"10000"	"200"	"895623128506729322"	25000	"intercept"	0.89003737
"0.75"	"0.8"	"0.25"	"0.01"	"0.005"	"0.01"	"100000"	"10000"	"200"	"895623128506729322"	30000	"slope"	-0.74073769
"0.75"	"0.8"	"0.25"	"0.01"	"0.005"	"0.01"	"100000"	"10000"	"200"	"895623128506729322"	30000	"intercept"	0.96047688
"0.75"	"0.8"	"0.25"	"0.01"	"0.005"	"0.01"	"100000"	"10000"	"200"	"895623128506729322"	35000	"slope"	-0.785927835
"0.75"	"0.8"	"0.25"	"0.01"	"0.005"	"0.01"	"100000"	"10000"	"200"	"895623128506729322"	35000	"intercept"	0.993878455
"0.75"	"0.8"	"0.25"	"0.01"	"0.005"	"0.01"	"100000"	"10000"	"200"	"895623128506729322"	40000	"slope"	-0.861774835
"0.75"	"0.8"	"0.25"	"0.01"	"0.005"	"0.01"	"100000"	"10000"	"200"	"895623128506729322"	40000	"intercept"	1.047535105
"0.75"	"0.8"	"0.25"	"0.01"	"0.005"	"0.01"	"100000"	"10000"	"200"	"895623128506729322"	45000	"slope"	-0.898878945
"0.75"	"0.8"	"0.25"	"0.01"	"0.005"	"0.01"	"100000"	"10000"	"200"	"895623128506729322"	45000	"intercept"	1.06304013
"0.75"	"0.8"	"0.25"	"0.01"	"0.005"	"0.01"	"100000"	"10000"	"200"	"895623128506729322"	50000	"slope"	-0.931086535
"0.75"	"0.8"	"0.25"	"0.01"	"0.005"	"0.01"	"100000"	"10000"	"200"	"895623128506729322"	50000	"intercept"	1.091051
"0.75"	"0.8"	"0.25"	"0.01"	"0.005"	"0.01"	"100000"	"10000"	"200"	"895623128506729322"	55000	"slope"	-0.94361048
"0.75"	"0.8"	"0.25"	"0.01"	"0.005"	"0.01"	"100000"	"10000"	"200"	"895623128506729322"	55000	"intercept"	1.105058585
"0.75"	"0.8"	"0.25"	"0.01"	"0.005"	"0.01"	"100000"	"10000"	"200"	"895623128506729322"	60000	"slope"	-0.92951813
"0.75"	"0.8"	"0.25"	"0.01"	"0.005"	"0.01"	"100000"	"10000"	"200"	"895623128506729322"	60000	"intercept"	1.09218396
"0.75"	"0.8"	"0.25"	"0.01"	"0.005"	"0.01"	"100000"	"10000"	"200"	"895623128506729322"	65000	"slope"	-0.910268775
"0.75"	"0.8"	"0.25"	"0.01"	"0.005"	"0.01"	"100000"	"10000"	"200"	"895623128506729322"	65000	"intercept"	1.07856334
"0.75"	"0.8"	"0.25"	"0.01"	"0.005"	"0.01"	"100000"	"10000"	"200"	"895623128506729322"	70000	"slope"	-0.91815973
"0.75"	"0.8"	"0.25"	"0.01"	"0.005"	"0.01"	"100000"	"10000"	"200"	"895623128506729322"	70000	"intercept"	1.088714935
"0.75"	"0.8"	"0.25"	"0.01"	"0.005"	"0.01"	"100000"	"10000"	"200"	"895623128506729322"	75000	"slope"	-0.89945
"0.75"	"0.8"	"0.25"	"0.01"	"0.005"	"0.01"	"100000"	"10000"	"200"	"895623128506729322"	75000	"intercept"	1.06042242
"0.75"	"0.8"	"0.25"	"0.01"	"0.005"	"0.01"	"100000"	"10000"	"200"	"895623128506729322"	80000	"slope"	-0.908842435
"0.75"	"0.8"	"0.25"	"0.01"	"0.005"	"0.01"	"100000"	"10000"	"200"	"895623128506729322"	80000	"intercept"	1.074101845
"0.75"	"0.8"	"0.25"	"0.01"	"0.005"	"0.01"	"100000"	"10000"	"200"	"895623128506729322"	85000	"slope"	-0.897195875
"0.75"	"0.8"	"0.25"	"0.01"	"0.005"	"0.01"	"100000"	"10000"	"200"	"895623128506729322"	85000	"intercept"	1.06391105
"0.75"	"0.8"	"0.25"	"0.01"	"0.005"	"0.01"	"100000"	"10000"	"200"	"895623128506729322"	90000	"slope"	-0.930244375
"0.75"	"0.8"	"0.25"	"0.01"	"0.005"	"0.01"	"100000"	"10000"	"200"	"895623128506729322"	90000	"intercept"	1.0951362
"0.75"	"0.8"	"0.25"	"0.01"	"0.005"	"0.01"	"100000"	"10000"	"200"	"895623128506729322"	95000	"slope"	-0.888715235
"0.75"	"0.8"	"0.25"	"0.01"	"0.005"	"0.01"	"100000"	"10000"	"200"	"895623128506729322"	95000	"intercept"	1.060297335
"0.75"	"0.8"	"0.25"	"0.01"	"0.005"	"0.01"	"100000"	"10000"	"200"	"895623128506729322"	100000	"slope"	-0.94187639
"0.75"	"0.8"	"0.25"	"0.01"	"0.005"	"0.01"	"100000"	"10000"	"200"	"895623128506729322"	100000	"intercept"	1.093381755
"0.85"	"0.0"	"0.25"	"0.01"	"0.005"	"0.01"	"100000"	"10000"	"200"	"290224953971999115"	10	"slope"	-0.0001267458635
"0.85"	"0.0"	"0.25"	"0.01"	"0.005"	"0.01"	"100000"	"10000"	"200"	"290224953971999115"	10	"intercept"	0.49981036
"0.85"	"0.0"	"0.25"	"0.01"	"0.005"	"0.01"	"100000"	"10000"	"200"	"290224953971999115"	5000	"slope"	0.040599370235
"0.85"	"0.0"	"0.25"	"0.01"	"0.005"	"0.01"	"100000"	"10000"	"200"	"290224953971999115"	5000	"intercept"	0.737899695
"0.85"	"0.0"	"0.25"	"0.01"	"0.005"	"0.01"	"100000"	"10000"	"200"	"290224953971999115"	10000	"slope"	0.012599346995
"0.85"	"0.0"	"0.25"	"0.01"	"0.005"	"0.01"	"100000"	"10000"	"200"	"290224953971999115"	10000	"intercept"	0.76037786
"0.85"	"0.0"	"0.25"	"0.01"	"0.005"	"0.01"	"100000"	"10000"	"200"	"290224953971999115"	15000	"slope"	0.0517910679
"0.85"	"0.0"	"0.25"	"0.01"	"0.005"	"0.01"	"100000"	"10000"	"200"	"290224953971999115"	15000	"intercept"	0.741310715
"0.85"	"0.0"	"0.25"	"0.01"	"0.005"	"0.01"	"100000"	"10000"	"200"	"290224953971999115"	20000	"slope"	0.034864585575
"0.85"	"0.0"	"0.25"	"0.01"	"0.005"	"0.01"	"100000"	"10000"	"200"	"290224953971999115"	20000	"intercept"	0.744830835
"0.85"	"0.0"	"0.25"	"0.01"	"0.005"	"0.01"	"100000"	"10000"	"200"	"290224953971999115"	25000	"slope"	0.040755888895
"0.85"	"0.0"	"0.25"	"0.01"	"0.005"	"0.01"	"100000"	"10000"	"200"	"290224953971999115"	25000	"intercept"	0.744927405
"0.85"	"0.0"	"0.25"	"0.01"	"0.005"	"0.01"	"100000"	"10000"	"200"	"290224953971999115"	30000	"slope"	0.0266501139
"0.85"	"0.0"	"0.25"	"0.01"	"0.005"	"0.01"	"100000"	"10000"	"200"	"290224953971999115"	30000	"intercept"	0.749847
"0.85"	"0.0"	"0.25"	"0.01"	"0.005"	"0.01"	"100000"	"10000"	"200"	"290224953971999115"	35000	"slope"	0.02328956916
"0.85"	"0.0"	"0.25"	"0.01"	"0.005"	"0.01"	"100000"	"10000"	"200"	"290224953971999115"	35000	"intercept"	0.75344106
"0.85"	"0.0"	"0.25"	"0.01"	"0.005"	"0.01"	"100000"	"10000"	"200"	"290224953971999115"	40000	"slope"	0.021949516
"0.85"	"0.0"	"0.25"	"0.01"	"0.005"	"0.01"	"100000"	"10000"	"200"	"290224953971999115"	40000	"intercept"	0.762383005
"0.85"	"0.0"	"0.25"	"0.01"	"0.005"	"0.01"	"100000"	"10000"	"200"	"290224953971999115"	45000	"slope"	0.0267760915965
"0.85"	"0.0"	"0.25"	"0.01"	"0.005"	"0.01"	"100000"	"10000"	"200"	"290224953971999115"	45000	"intercept"	0.75157379
"0.85"	"0.0"	"0.25"	"0.01"	"0.005"	"0.01"	"100000"	"10000"	"200"	"290224953971999115"	50000	"slope"	0.01317788001
"0.85"	"0.0"	"0.25"	"0.01"	"0.005"	"0.01"	"100000"	"10000"	"200"	"290224953971999115"	50000	"intercept"	0.7681296
"0.85"	"0.0"	"0.25"	"0.01"	"0.005"	"0.01"	"100000"	"10000"	"200"	"290224953971999115"	55000	"slope"	0.0082723208545
"0.85"	"0.0"	"0.25"	"0.01"	"0.005"	"0.01"	"100000"	"10000"	"200"	"290224953971999115"	55000	"intercept"	0.756099035
"0.85"	"0.0"	"0.25"	"0.01"	"0.005"	"0.01"	"100000"	"10000"	"200"	"290224953971999115"	60000	"slope"	0.007528955605
"0.85"	"0.0"	"0.25"	"0.01"	"0.005"	"0.01"	"100000"	"10000"	"200"	"290224953971999115"	60000	"intercept"	0.75385097
"0.85"	"0.0"	"0.25"	"0.01"	"0.005"	"0.01"	"100000"	"10000"	"200"	"290224953971999115"	65000	"slope"	0.01509178975
"0.85"	"0.0"	"0.25"	"0.01"	"0.005"	"0.01"	"100000"	"10000"	"200"	"290224953971999115"	65000	"intercept"	0.761920955
"0.85"	"0.0"	"0.25"	"0.01"	"0.005"	"0.01"	"100000"	"10000"	"200"	"290224953971999115"	70000	"slope"	0.02227910449
"0.85"	"0.0"	"0.25"	"0.01"	"0.005"	"0.01"	"100000"	"10000"	"200"	"290224953971999115"	70000	"intercept"	0.74985214
"0.85"	"0.0"	"0.25"	"0.01"	"0.005"	"0.01"	"100000"	"10000"	"200"	"290224953971999115"	75000	"slope"	0.03096236509
"0.85"	"0.0"	"0.25"	"0.01"	"0.005"	"0.01"	"100000"	"10000"	"200"	"290224953971999115"	75000	"intercept"	0.74857233
"0.85"	"0.0"	"0.25"	"0.01"	"0.005"	"0.01"	"100000"	"10000"	"200"	"290224953971999115"	80000	"slope"	0.025401962215
"0.85"	"0.0"	"0.25"	"0.01"	"0.005"	"0.01"	"100000"	"10000"	"200"	"290224953971999115"	80000	"intercept"	0.738638875
"0.85"	"0.0"	"0.25"	"0.01"	"0.005"	"0.01"	"100000"	"10000"	"200"	"290224953971999115"	85000	"slope"	-0.0007101834
"0.85"	"0.0"	"0.25"	"0.01"	"0.005"	"0.01"	"100000"	"10000"	"200"	"290224953971999115"	85000	"intercept"	0.764425375
"0.85"	"0.0"	"0.25"	"0.01"	"0.005"	"0.01"	"100000"	"10000"	"200"	"290224953971999115"	90000	"slope"	-0.003384204795
"0.85"	"0.0"	"0.25"	"0.01"	"0.005"	"0.01"	"100000"	"10000"	"200"	"290224953971999115"	90000	"intercept"	0.77186276
"0.85"	"0.0"	"0.25"	"0.01"	"0.005"	"0.01"	"100000"	"10000"	"200"	"290224953971999115"	95000	"slope"	0.01885988306
"0.85"	"0.0"	"0.25"	"0.01"	"0.005"	"0.01"	"100000"	"10000"	"200"	"290224953971999115"	95000	"intercept"	0.753626795
"0.85"	"0.0"	"0.25"	"0.01"	"0.005"	"0.01"	"100000"	"10000"	"200"	"290224953971999115"	100000	"slope"	0.0336978615575
"0.85"	"0.0"	"0.25"	"0.01"	"0.005"	"0.01"	"100000"	"10000"	"200"	"290224953971999115"	100000	"intercept"	0.74661714
"0.85"	"0.0"	"0.25"	"0.01"	"0.005"	"0.01"	"100000"	"10000"	"200"	"5789148109666361868"	10	"slope"	0.000134300185
"0.85"	"0.0"	"0.25"	"0.01"	"0.005"	"0.01"	"100000"	"10000"	"200"	"5789148109666361868"	10	"intercept"	0.499871765
"0.85"	"0.0"	"0.25"	"0.01"	"0.005"	"0.01"	"100000"	"10000"	"200"	"5789148109666361868"	5000	"slope"	0.0300142435
"0.85"	"0.0"	"0.25"	"0.01"	"0.005"	"0.01"	"100000"	"10000"	"200"	"5789148109666361868"	5000	"intercept"	0.74237024
"0.85"	"0.0"	"0.25"	"0.01"	"0.005"	"0.01"	"100000"	"10000"	"200"	"5789148109666361868"	10000	"slope"	0.03360265025
"0.85"	"0.0"	"0.25"	"0.01"	"0.005"	"0.01"	"100000"	"10000"	"200"	"5789148109666361868"	10000	"intercept"	0.746722915
"0.85"	"0.0"	"0.25"	"0.01"	"0.005"	"0.01"	"100000"	"10000"	"200"	"5789148109666361868"	15000	"slope"	0.011868631365
"0.85"	"0.0"	"0.25"	"0.01"	"0.005"	"0.01"	"100000"	"10000"	"200"	"5789148109666361868"	15000	"intercept"	0.75837041
"0.85"	"0.0"	"0.25"	"0.01"	"0.005"	"0.01"	"100000"	"10000"	"200"	"5789148109666361868"	20000	"slope"	0.04688999406
"0.85"	"0.0"	"0.25"	"0.01"	"0.005"	"0.01"	"100000"	"10000"	"200"	"5789148109666361868"	20000	"intercept"	0.731897035
"0.85"	"0.0"	"0.25"	"0.01"	"0.005"	"0.01"	"100000"	"10000"	"200"	"5789148109666361868"	25000	"slope"	0.020524727085
"0.85"	"0.0"	"0.25"	"0.01"	"0.005"	"0.01"	"100000"	"10000"	"200"	"5789148109666361868"	25000	"intercept"	0.757026845
"0.85"	"0.0"	"0.25"	"0.01"	"0.005"	"0.01"	"100000"	"10000"	"200"	"5789148109666361868"	30000	"slope"	0.0320229114065
"0.85"	"0.0"	"0.25"	"0.01"	"0.005"	"0.01"	"100000"	"10000"	"200"	"5789148109666361868"	30000	"intercept"	0.75234821
"0.85"	"0.0"	"0.25"	"0.01"	"0.005"	"0.01"	"100000"	"10000"	"200"	"5789148109666361868"	35000	"slope"	0.00883265734
"0.85"	"0.0"	"0.25"	"0.01"	"0.005"	"0.01"	"100000"	"10000"	"200"	"5789148109666361868"	35000	"intercept"	0.76204222
"0.85"	"0.0"	"0.25"	"0.01"	"0.005"	"0.01"	"100000"	"10000"	"200"	"5789148109666361868"	40000	"slope"	0.015444049305
"0.85"	"0.0"	"0.25"	"0.01"	"0.005"	"0.01"	"100000"	"10000"	"200"	"5789148109666361868"	40000	"intercept"	0.755070505
"0.85"	"0.0"	"0.25"	"0.01"	"0.005"	"0.01"	"100000"	"10000"	"200"	"5789148109666361868"	45000	"slope"	0.012804279439
"0.85"	"0.0"	"0.25"	"0.01"	"0.005"	"0.01"	"100000"	"10000"	"200"	"5789148109666361868"	45000	"intercept"	0.75928407
"0.85"	"0.0"	"0.25"	"0.01"	"0.005"	"0.01"	"100000"	"10000"	"200"	"5789148109666361868"	50000	"slope"	0.00059783232
"0.85"	"0.0"	"0.25"	"0.01"	"0.005"	"0.01"	"100000"	"10000"	"200"	"5789148109666361868"	50000	"intercept"	0.75656934
"0.85"	"0.0"	"0.25"	"0.01"	"0.005"	"0.01"	"100000"	"10000"	"200"	"5789148109666361868"	55000	"slope"	0.000375085545
"0.85"	"0.0"	"0.25"	"0.01"	"0.005"	"0.01"	"100000"	"10000"	"200"	"5789148109666361868"	55000	"intercept"	0.76348461
"0.85"	"0.0"	"0.25"	"0.01"	"0.005"	"0.01"	"100000"	"10000"	"200"	"5789148109666361868"	60000	"slope"	0.02135745261
"0.85"	"0.0"	"0.25"	"0.01"	"0.005"	"0.01"	"100000"	"10000"	"200"	"5789148109666361868"	60000	"intercept"	0.7531094
"0.85"	"0.0"	"0.25"	"0.01"	"0.005"	"0.01"	"100000"	"10000"	"200"	"5789148109666361868"	65000	"slope"	0.038972948925
"0.85"	"0.0"	"0.25"	"0.01"	"0.005"	"0.01"	"100000"	"10000"	"200"	"5789148109666361868"	65000	"intercept"	0.73925683
"0.85"	"0.0"	"0.25"	"0.01"	"0.005"	"0.01"	"100000"	"10000"	"200"	"5789148109666361868"	70000	"slope"	0.02913900683
"0.85"	"0.0"	"0.25"	"0.01"	"0.005"	"0.01"	"100000"	"10000"	"200"	"5789148109666361868"	70000	"intercept"	0.745347
"0.85"	"0.0"	"0.25"	"0.01"	"0.005"	"0.01"	"100000"	"10000"	"200"	"5789148109666361868"	75000	"slope"	0.03826686914
"0.85"	"0.0"	"0.25"	"0.01"	"0.005"	"0.01"	"100000"	"10000"	"200"	"5789148109666361868"	75000	"intercept"	0.74399048
"0.85"	"0.0"	"0.25"	"0.01"	"0.005"	"0.01"	"100000"	"10000"	"200"	"5789148109666361868"	80000	"slope"	0.0139791497155
"0.85"	"0.0"	"0.25"	"0.01"	"0.005"	"0.01"	"100000"	"10000"	"200"	"5789148109666361868"	80000	"intercept"	0.750180155
"0.85"	"0.0"	"0.25"	"0.01"	"0.005"	"0.01"	"100000"	"10000"	"200"	"5789148109666361868"	85000	"slope"	0.0157474401
"0.85"	"0.0"	"0.25"	"0.01"	"0.005"	"0.01"	"100000"	"10000"	"200"	"5789148109666361868"	85000	"intercept"	0.74975379
"0.85"	"0.0"	"0.25"	"0.01"	"0.005"	"0.01"	"100000"	"10000"	"200"	"5789148109666361868"	90000	"slope"	0.0151038743815
"0.85"	"0.0"	"0.25"	"0.01"	"0.005"	"0.01"	"100000"	"10000"	"200"	"5789148109666361868"	90000	"intercept"	0.752817305
"0.85"	"0.0"	"0.25"	"0.01"	"0.005"	"0.01"	"100000"	"10000"	"200"	"5789148109666361868"	95000	"slope"	0.00872478103
"0.85"	"0.0"	"0.25"	"0.01"	"0.005"	"0.01"	"100000"	"10000"	"200"	"5789148109666361868"	95000	"intercept"	0.76151713
"0.85"	"0.0"	"0.25"	"0.01"	"0.005"	"0.01"	"100000"	"10000"	"200"	"5789148109666361868"	100000	"slope"	0.012865721725
"0.85"	"0.0"	"0.25"	"0.01"	"0.005"	"0.01"	"100000"	"10000"	"200"	"5789148109666361868"	100000	"intercept"	0.7604691
"0.85"	"0.0"	"0.25"	"0.01"	"0.005"	"0.01"	"100000"	"10000"	"200"	"8260875542823497654"	10	"slope"	-0.0001142606059
"0.85"	"0.0"	"0.25"	"0.01"	"0.005"	"0.01"	"100000"	"10000"	"200"	"8260875542823497654"	10	"intercept"	0.49993117
"0.85"	"0.0"	"0.25"	"0.01"	"0.005"	"0.01"	"100000"	"10000"	"200"	"8260875542823497654"	5000	"slope"	0.0260938817
"0.85"	"0.0"	"0.25"	"0.01"	"0.005"	"0.01"	"100000"	"10000"	"200"	"8260875542823497654"	5000	"intercept"	0.750616695
"0.85"	"0.0"	"0.25"	"0.01"	"0.005"	"0.01"	"100000"	"10000"	"200"	"8260875542823497654"	10000	"slope"	0.03814853805
"0.85"	"0.0"	"0.25"	"0.01"	"0.005"	"0.01"	"100000"	"10000"	"200"	"8260875542823497654"	10000	"intercept"	0.734337615
"0.85"	"0.0"	"0.25"	"0.01"	"0.005"	"0.01"	"100000"	"10000"	"200"	"8260875542823497654"	15000	"slope"	0.00819532592
"0.85"	"0.0"	"0.25"	"0.01"	"0.005"	"0.01"	"100000"	"10000"	"200"	"8260875542823497654"	15000	"intercept"	0.76332697
"0.85"	"0.0"	"0.25"	"0.01"	"0.005"	"0.01"	"100000"	"10000"	"200"	"8260875542823497654"	20000	"slope"	0.019500228765
"0.85"	"0.0"	"0.25"	"0.01"	"0.005"	"0.01"	"100000"	"10000"	"200"	"8260875542823497654"	20000	"intercept"	0.75353841
"0.85"	"0.0"	"0.25"	"0.01"	"0.005"	"0.01"	"100000"	"10000"	"200"	"8260875542823497654"	25000	"slope"	0.037552767685
"0.85"	"0.0"	"0.25"	"0.01"	"0.005"	"0.01"	"100000"	"10000"	"200"	"8260875542823497654"	25000	"intercept"	0.744960955
"0.85"	"0.0"	"0.25"	"0.01"	"0.005"	"0.01"	"100000"	"10000"	"200"	"8260875542823497654"	30000	"slope"	0.02929955053
"0.85"	"0.0"	"0.25"	"0.01"	"0.005"	"0.01"	"100000"	"10000"	"200"	"8260875542823497654"	30000	"intercept"	0.745570635
"0.85"	"0.0"	"0.25"	"0.01"	"0.005"	"0.01"	"100000"	"10000"	"200"	"8260875542823497654"	35000	"slope"	0.0366403731
"0.85"	"0.0"	"0.25"	"0.01"	"0.005"	"0.01"	"100000"	"10000"	"200"	"8260875542823497654"	35000	"intercept"	0.741488735
"0.85"	"0.0"	"0.25"	"0.01"	"0.005"	"0.01"	"100000"	"10000"	"200"	"8260875542823497654"	40000	"slope"	0.020054363005
"0.85"	"0.0"	"0.25"	"0.01"	"0.005"	"0.01"	"100000"	"10000"	"200"	"8260875542823497654"	40000	"intercept"	0.754150155
"0.85"	"0.0"	"0.25"	"0.01"	"0.005"	"0.01"	"100000"	"10000"	"200"	"8260875542823497654"	45000	"slope"	0.01178708472
"0.85"	"0.0"	"0.25"	"0.01"	"0.005"	"0.01"	"100000"	"10000"	"200"	"8260875542823497654"	45000	"intercept"	0.76279795
"0.85"	"0.0"	"0.25"	"0.01"	"0.005"	"0.01"	"100000"	"10000"	"200"	"8260875542823497654"	50000	"slope"	0.023224484555
"0.85"	"0.0"	"0.25"	"0.01"	"0.005"	"0.01"	"100000"	"10000"	"200"	"8260875542823497654"	50000	"intercept"	0.75180475
"0.85"	"0.0"	"0.25"	"0.01"	"0.005"	"0.01"	"100000"	"10000"	"200"	"8260875542823497654"	55000	"slope"	0.031908674935
"0.85"	"0.0"	"0.25"	"0.01"	"0.005"	"0.01"	"100000"	"10000"	"200"	"8260875542823497654"	55000	"intercept"	0.754757805
"0.85"	"0.0"	"0.25"	"0.01"	"0.005"	"0.01"	"100000"	"10000"	"200"	"8260875542823497654"	60000	"slope"	0.01670467381
"0.85"	"0.0"	"0.25"	"0.01"	"0.005"	"0.01"	"100000"	"10000"	"200"	"8260875542823497654"	60000	"intercept"	0.74981036
"0.85"	"0.0"	"0.25"	"0.01"	"0.005"	"0.01"	"100000"	"10000"	"200"	"8260875542823497654"	65000	"slope"	0.025498026955
"0.85"	"0.0"	"0.25"	"0.01"	"0.005"	"0.01"	"100000"	"10000"	"200"	"8260875542823497654"	65000	"intercept"	0.750777115
"0.85"	"0.0"	"0.25"	"0.01"	"0.005"	"0.01"	"100000"	"10000"	"200"	"8260875542823497654"	70000	"slope"	0.03042776405
"0.85"	"0.0"	"0.25"	"0.01"	"0.005"	"0.01"	"100000"	"10000"	"200"	"8260875542823497654"	70000	"intercept"	0.745771575
"0.85"	"0.0"	"0.25"	"0.01"	"0.005"	"0.01"	"100000"	"10000"	"200"	"8260875542823497654"	75000	"slope"	0.00347383253365
"0.85"	"0.0"	"0.25"	"0.01"	"0.005"	"0.01"	"100000"	"10000"	"200"	"8260875542823497654"	75000	"intercept"	0.75941722
"0.85"	"0.0"	"0.25"	"0.01"	"0.005"	"0.01"	"100000"	"10000"	"200"	"8260875542823497654"	80000	"slope"	0.05174766155
"0.85"	"0.0"	"0.25"	"0.01"	"0.005"	"0.01"	"100000"	"10000"	"200"	"8260875542823497654"	80000	"intercept"	0.73802739
"0.85"	"0.0"	"0.25"	"0.01"	"0.005"	"0.01"	"100000"	"10000"	"200"	"8260875542823497654"	85000	"slope"	0.041774964
"0.85"	"0.0"	"0.25"	"0.01"	"0.005"	"0.01"	"100000"	"10000"	"200"	"8260875542823497654"	85000	"intercept"	0.73969705
"0.85"	"0.0"	"0.25"	"0.01"	"0.005"	"0.01"	"100000"	"10000"	"200"	"8260875542823497654"	90000	"slope"	-0.02377335409
"0.85"	"0.0"	"0.25"	"0.01"	"0.005"	"0.01"	"100000"	"10000"	"200"	"8260875542823497654"	90000	"intercept"	0.77051701
"0.85"	"0.0"	"0.25"	"0.01"	"0.005"	"0.01"	"100000"	"10000"	"200"	"8260875542823497654"	95000	"slope"	0.00209255392
"0.85"	"0.0"	"0.25"	"0.01"	"0.005"	"0.01"	"100000"	"10000"	"200"	"8260875542823497654"	95000	"intercept"	0.759113255
"0.85"	"0.0"	"0.25"	"0.01"	"0.005"	"0.01"	"100000"	"10000"	"200"	"8260875542823497654"	100000	"slope"	0.01867006025
"0.85"	"0.0"	"0.25"	"0.01"	"0.005"	"0.01"	"100000"	"10000"	"200"	"8260875542823497654"	100000	"intercept"	0.74919641
"0.85"	"0.4"	"0.25"	"0.01"	"0.005"	"0.01"	"100000"	"10000"	"200"	"7415414955718499447"	10	"slope"	0.000108569
"0.85"	"0.4"	"0.25"	"0.01"	"0.005"	"0.01"	"100000"	"10000"	"200"	"7415414955718499447"	10	"intercept"	0.49994763
"0.85"	"0.4"	"0.25"	"0.01"	"0.005"	"0.01"	"100000"	"10000"	"200"	"7415414955718499447"	5000	"slope"	-0.0209496611785
"0.85"	"0.4"	"0.25"	"0.01"	"0.005"	"0.01"	"100000"	"10000"	"200"	"7415414955718499447"	5000	"intercept"	0.727448005
"0.85"	"0.4"	"0.25"	"0.01"	"0.005"	"0.01"	"100000"	"10000"	"200"	"7415414955718499447"	10000	"slope"	-0.1178444305
"0.85"	"0.4"	"0.25"	"0.01"	"0.005"	"0.01"	"100000"	"10000"	"200"	"7415414955718499447"	10000	"intercept"	0.77637999
"0.85"	"0.4"	"0.25"	"0.01"	"0.005"	"0.01"	"100000"	"10000"	"200"	"7415414955718499447"	15000	"slope"	-0.1534408995
"0.85"	"0.4"	"0.25"	"0.01"	"0.005"	"0.01"	"100000"	"10000"	"200"	"7415414955718499447"	15000	"intercept"	0.790979695
"0.85"	"0.4"	"0.25"	"0.01"	"0.005"	"0.01"	"100000"	"10000"	"200"	"7415414955718499447"	20000	"slope"	-0.1577652385
"0.85"	"0.4"	"0.25"	"0.01"	"0.005"	"0.01"	"100000"	"10000"	"200"	"7415414955718499447"	20000	"intercept"	0.800209865
"0.85"	"0.4"	"0.25"	"0.01"	"0.005"	"0.01"	"100000"	"10000"	"200"	"7415414955718499447"	25000	"slope"	-0.1364778345
"0.85"	"0.4"	"0.25"	"0.01"	"0.005"	"0.01"	"100000"	"10000"	"200"	"7415414955718499447"	25000	"intercept"	0.79235566
"0.85"	"0.4"	"0.25"	"0.01"	"0.005"	"0.01"	"100000"	"10000"	"200"	"7415414955718499447"	30000	"slope"	-0.1313532595
"0.85"	"0.4"	"0.25"	"0.01"	"0.005"	"0.01"	"100000"	"10000"	"200"	"7415414955718499447"	30000	"intercept"	0.78033919
"0.85"	"0.4"	"0.25"	"0.01"	"0.005"	"0.01"	"100000"	"10000"	"200"	"7415414955718499447"	35000	"slope"	-0.1084147895
"0.85"	"0.4"	"0.25"	"0.01"	"0.005"	"0.01"	"100000"	"10000"	"200"	"7415414955718499447"	35000	"intercept"	0.774582835
"0.85"	"0.4"	"0.25"	"0.01"	"0.005"	"0.01"	"100000"	"10000"	"200"	"7415414955718499447"	40000	"slope"	-0.1096044866
"0.85"	"0.4"	"0.25"	"0.01"	"0.005"	"0.01"	"100000"	"10000"	"200"	"7415414955718499447"	40000	"intercept"	0.77048872
"0.85"	"0.4"	"0.25"	"0.01"	"0.005"	"0.01"	"100000"	"10000"	"200"	"7415414955718499447"	45000	"slope"	-0.1439018825
"0.85"	"0.4"	"0.25"	"0.01"	"0.005"	"0.01"	"100000"	"10000"	"200"	"7415414955718499447"	45000	"intercept"	0.788603155
"0.85"	"0.4"	"0.25"	"0.01"	"0.005"	"0.01"	"100000"	"10000"	"200"	"7415414955718499447"	50000	"slope"	-0.148331168
"0.85"	"0.4"	"0.25"	"0.01"	"0.005"	"0.01"	"100000"	"10000"	"200"	"7415414955718499447"	50000	"intercept"	0.789447245
"0.85"	"0.4"	"0.25"	"0.01"	"0.005"	"0.01"	"100000"	"10000"	"200"	"7415414955718499447"	55000	"slope"	-0.173647813
"0.85"	"0.4"	"0.25"	"0.01"	"0.005"	"0.01"	"100000"	"10000"	"200"	"7415414955718499447"	55000	"intercept"	0.800447805
"0.85"	"0.4"	"0.25"	"0.01"	"0.005"	"0.01"	"100000"	"10000"	"200"	"7415414955718499447"	60000	"slope"	-0.1439687962
"0.85"	"0.4"	"0.25"	"0.01"	"0.005"	"0.01"	"100000"	"10000"	"200"	"7415414955718499447"	60000	"intercept"	0.781979675
"0.85"	"0.4"	"0.25"	"0.01"	"0.005"	"0.01"	"100000"	"10000"	"200"	"7415414955718499447"	65000	"slope"	-0.1537616635
"0.85"	"0.4"	"0.25"	"0.01"	"0.005"	"0.01"	"100000"	"10000"	"200"	"7415414955718499447"	65000	"intercept"	0.793654495
"0.85"	"0.4"	"0.25"	"0.01"	"0.005"	"0.01"	"100000"	"10000"	"200"	"7415414955718499447"	70000	"slope"	-0.164964834
"0.85"	"0.4"	"0.25"	"0.01"	"0.005"	"0.01"	"100000"	"10000"	"200"	"7415414955718499447"	70000	"intercept"	0.801366395
"0.85"	"0.4"	"0.25"	"0.01"	"0.005"	"0.01"	"100000"	"10000"	"200"	"7415414955718499447"	75000	"slope"	-0.1427804555
"0.85"	"0.4"	"0.25"	"0.01"	"0.005"	"0.01"	"100000"	"10000"	"200"	"7415414955718499447"	75000	"intercept"	0.787725705
"0.85"	"0.4"	"0.25"	"0.01"	"0.005"	"0.01"	"100000"	"10000"	"200"	"7415414955718499447"	80000	"slope"	-0.1563005035
"0.85"	"0.4"	"0.25"	"0.01"	"0.005"	"0.01"	"100000"	"10000"	"200"	"7415414955718499447"	80000	"intercept"	0.79849963
"0.85"	"0.4"	"0.25"	"0.01"	"0.005"	"0.01"	"100000"	"10000"	"200"	"7415414955718499447"	85000	"slope"	-0.140482021
"0.85"	"0.4"	"0.25"	"0.01"	"0.005"	"0.01"	"100000"	"10000"	"200"	"7415414955718499447"	85000	"intercept"	0.78308936
"0.85"	"0.4"	"0.25"	"0.01"	"0.005"	"0.01"	"100000"	"10000"	"200"	"7415414955718499447"	90000	"slope"	-0.123230994
"0.85"	"0.4"	"0.25"	"0.01"	"0.005"	"0.01"	"100000"	"10000"	"200"	"7415414955718499447"	90000	"intercept"	0.78305457
"0.85"	"0.4"	"0.25"	"0.01"	"0.005"	"0.01"	"100000"	"10000"	"200"	"7415414955718499447"	95000	"slope"	-0.157487156
"0.85"	"0.4"	"0.25"	"0.01"	"0.005"	"0.01"	"100000"	"10000"	"200"	"7415414955718499447"	95000	"intercept"	0.79692735
"0.85"	"0.4"	"0.25"	"0.01"	"0.005"	"0.01"	"100000"	"10000"	"200"	"7415414955718499447"	100000	"slope"	-0.150862579
"0.85"	"0.4"	"0.25"	"0.01"	"0.005"	"0.01"	"100000"	"10000"	"200"	"7415414955718499447"	100000	"intercept"	0.78832479
"0.85"	"0.4"	"0.25"	"0.01"	"0.005"	"0.01"	"100000"	"10000"	"200"	"7946282858830504060"	10	"slope"	0.00013428162
"0.85"	"0.4"	"0.25"	"0.01"	"0.005"	"0.01"	"100000"	"10000"	"200"	"7946282858830504060"	10	"intercept"	0.49999237
"0.85"	"0.4"	"0.25"	"0.01"	"0.005"	"0.01"	"100000"	"10000"	"200"	"7946282858830504060"	5000	"slope"	0.043394947631
"0.85"	"0.4"	"0.25"	"0.01"	"0.005"	"0.01"	"100000"	"10000"	"200"	"7946282858830504060"	5000	"intercept"	0.69410458
"0.85"	"0.4"	"0.25"	"0.01"	"0.005"	"0.01"	"100000"	"10000"	"200"	"7946282858830504060"	10000	"slope"	-0.04351547346
"0.85"	"0.4"	"0.25"	"0.01"	"0.005"	"0.01"	"100000"	"10000"	"200"	"7946282858830504060"	10000	"intercept"	0.748080015
"0.85"	"0.4"	"0.25"	"0.01"	"0.005"	"0.01"	"100000"	"10000"	"200"	"7946282858830504060"	15000	"slope"	-0.0996882215
"0.85"	"0.4"	"0.25"	"0.01"	"0.005"	"0.01"	"100000"	"10000"	"200"	"7946282858830504060"	15000	"intercept"	0.759174995
"0.85"	"0.4"	"0.25"	"0.01"	"0.005"	"0.01"	"100000"	"10000"	"200"	"7946282858830504060"	20000	"slope"	-0.110783893
"0.85"	"0.4"	"0.25"	"0.01"	"0.005"	"0.01"	"100000"	"10000"	"200"	"7946282858830504060"	20000	"intercept"	0.767361825
"0.85"	"0.4"	"0.25"	"0.01"	"0.005"	"0.01"	"100000"	"10000"	"200"	"7946282858830504060"	25000	"slope"	-0.125800916
"0.85"	"0.4"	"0.25"	"0.01"	"0.005"	"0.01"	"100000"	"10000"	"200"	"7946282858830504060"	25000	"intercept"	0.785493865
"0.85"	"0.4"	"0.25"	"0.01"	"0.005"	"0.01"	"100000"	"10000"	"200"	"7946282858830504060"	30000	"slope"	-0.1574062285
"0.85"	"0.4"	"0.25"	"0.01"	"0.005"	"0.01"	"100000"	"10000"	"200"	"7946282858830504060"	30000	"intercept"	0.79302573
"0.85"	"0.4"	"0.25"	"0.01"	"0.005"	"0.01"	"100000"	"10000"	"200"	"7946282858830504060"	35000	"slope"	-0.1292309045
"0.85"	"0.4"	"0.25"	"0.01"	"0.005"	"0.01"	"100000"	"10000"	"200"	"7946282858830504060"	35000	"intercept"	0.780960435
"0.85"	"0.4"	"0.25"	"0.01"	"0.005"	"0.01"	"100000"	"10000"	"200"	"7946282858830504060"	40000	"slope"	-0.1247083225
"0.85"	"0.4"	"0.25"	"0.01"	"0.005"	"0.01"	"100000"	"10000"	"200"	"7946282858830504060"	40000	"intercept"	0.781366045
"0.85"	"0.4"	"0.25"	"0.01"	"0.005"	"0.01"	"100000"	"10000"	"200"	"7946282858830504060"	45000	"slope"	-0.1337871465
"0.85"	"0.4"	"0.25"	"0.01"	"0.005"	"0.01"	"100000"	"10000"	"200"	"7946282858830504060"	45000	"intercept"	0.782670545
"0.85"	"0.4"	"0.25"	"0.01"	"0.005"	"0.01"	"100000"	"10000"	"200"	"7946282858830504060"	50000	"slope"	-0.106185511
"0.85"	"0.4"	"0.25"	"0.01"	"0.005"	"0.01"	"100000"	"10000"	"200"	"7946282858830504060"	50000	"intercept"	0.774715965
"0.85"	"0.4"	"0.25"	"0.01"	"0.005"	"0.01"	"100000"	"10000"	"200"	"7946282858830504060"	55000	"slope"	-0.1905858365
"0.85"	"0.4"	"0.25"	"0.01"	"0.005"	"0.01"	"100000"	"10000"	"200"	"7946282858830504060"	55000	"intercept"	0.814368295
"0.85"	"0.4"	"0.25"	"0.01"	"0.005"	"0.01"	"100000"	"10000"	"200"	"7946282858830504060"	60000	"slope"	-0.158037297
"0.85"	"0.4"	"0.25"	"0.01"	"0.005"	"0.01"	"100000"	"10000"	"200"	"7946282858830504060"	60000	"intercept"	0.79638607
"0.85"	"0.4"	"0.25"	"0.01"	"0.005"	"0.01"	"100000"	"10000"	"200"	"7946282858830504060"	65000	"slope"	-0.1543470255
"0.85"	"0.4"	"0.25"	"0.01"	"0.005"	"0.01"	"100000"	"10000"	"200"	"7946282858830504060"	65000	"intercept"	0.794091
"0.85"	"0.4"	"0.25"	"0.01"	"0.005"	"0.01"	"100000"	"10000"	"200"	"7946282858830504060"	70000	"slope"	-0.1573362935
"0.85"	"0.4"	"0.25"	"0.01"	"0.005"	"0.01"	"100000"	"10000"	"200"	"7946282858830504060"	70000	"intercept"	0.80383188
"0.85"	"0.4"	"0.25"	"0.01"	"0.005"	"0.01"	"100000"	"10000"	"200"	"7946282858830504060"	75000	"slope"	-0.1565867065
"0.85"	"0.4"	"0.25"	"0.01"	"0.005"	"0.01"	"100000"	"10000"	"200"	"7946282858830504060"	75000	"intercept"	0.79338035
"0.85"	"0.4"	"0.25"	"0.01"	"0.005"	"0.01"	"100000"	"10000"	"200"	"7946282858830504060"	80000	"slope"	-0.1337603315
"0.85"	"0.4"	"0.25"	"0.01"	"0.005"	"0.01"	"100000"	"10000"	"200"	"7946282858830504060"	80000	"intercept"	0.789400695
"0.85"	"0.4"	"0.25"	"0.01"	"0.005"	"0.01"	"100000"	"10000"	"200"	"7946282858830504060"	85000	"slope"	-0.1552622415
"0.85"	"0.4"	"0.25"	"0.01"	"0.005"	"0.01"	"100000"	"10000"	"200"	"7946282858830504060"	85000	"intercept"	0.7893304
"0.85"	"0.4"	"0.25"	"0.01"	"0.005"	"0.01"	"100000"	"10000"	"200"	"7946282858830504060"	90000	"slope"	-0.1366281925
"0.85"	"0.4"	"0.25"	"0.01"	"0.005"	"0.01"	"100000"	"10000"	"200"	"7946282858830504060"	90000	"intercept"	0.78634398
"0.85"	"0.4"	"0.25"	"0.01"	"0.005"	"0.01"	"100000"	"10000"	"200"	"7946282858830504060"	95000	"slope"	-0.145763366
"0.85"	"0.4"	"0.25"	"0.01"	"0.005"	"0.01"	"100000"	"10000"	"200"	"7946282858830504060"	95000	"intercept"	0.79032977
"0.85"	"0.4"	"0.25"	"0.01"	"0.005"	"0.01"	"100000"	"10000"	"200"	"7946282858830504060"	100000	"slope"	-0.1215862715
"0.85"	"0.4"	"0.25"	"0.01"	"0.005"	"0.01"	"100000"	"10000"	"200"	"7946282858830504060"	100000	"intercept"	0.778922415
"0.85"	"0.4"	"0.25"	"0.01"	"0.005"	"0.01"	"100000"	"10000"	"200"	"8320345951029254300"	10	"slope"	-0.000223157415
"0.85"	"0.4"	"0.25"	"0.01"	"0.005"	"0.01"	"100000"	"10000"	"200"	"8320345951029254300"	10	"intercept"	0.49984091
"0.85"	"0.4"	"0.25"	"0.01"	"0.005"	"0.01"	"100000"	"10000"	"200"	"8320345951029254300"	5000	"slope"	-0.020160400755
"0.85"	"0.4"	"0.25"	"0.01"	"0.005"	"0.01"	"100000"	"10000"	"200"	"8320345951029254300"	5000	"intercept"	0.730979895
"0.85"	"0.4"	"0.25"	"0.01"	"0.005"	"0.01"	"100000"	"10000"	"200"	"8320345951029254300"	10000	"slope"	-0.051275864794
"0.85"	"0.4"	"0.25"	"0.01"	"0.005"	"0.01"	"100000"	"10000"	"200"	"8320345951029254300"	10000	"intercept"	0.74573687
"0.85"	"0.4"	"0.25"	"0.01"	"0.005"	"0.01"	"100000"	"10000"	"200"	"8320345951029254300"	15000	"slope"	-0.052618021755
"0.85"	"0.4"	"0.25"	"0.01"	"0.005"	"0.01"	"100000"	"10000"	"200"	"8320345951029254300"	15000	"intercept"	0.74172073
"0.85"	"0.4"	"0.25"	"0.01"	"0.005"	"0.01"	"100000"	"10000"	"200"	"8320345951029254300"	20000	"slope"	-0.0829788404
"0.85"	"0.4"	"0.25"	"0.01"	"0.005"	"0.01"	"100000"	"10000"	"200"	"8320345951029254300"	20000	"intercept"	0.76493407
"0.85"	"0.4"	"0.25"	"0.01"	"0.005"	"0.01"	"100000"	"10000"	"200"	"8320345951029254300"	25000	"slope"	-0.11237596322
"0.85"	"0.4"	"0.25"	"0.01"	"0.005"	"0.01"	"100000"	"10000"	"200"	"8320345951029254300"	25000	"intercept"	0.77649932
"0.85"	"0.4"	"0.25"	"0.01"	"0.005"	"0.01"	"100000"	"10000"	"200"	"8320345951029254300"	30000	"slope"	-0.14934712
"0.85"	"0.4"	"0.25"	"0.01"	"0.005"	"0.01"	"100000"	"10000"	"200"	"8320345951029254300"	30000	"intercept"	0.794852025
"0.85"	"0.4"	"0.25"	"0.01"	"0.005"	"0.01"	"100000"	"10000"	"200"	"8320345951029254300"	35000	"slope"	-0.1681280215
"0.85"	"0.4"	"0.25"	"0.01"	"0.005"	"0.01"	"100000"	"10000"	"200"	"8320345951029254300"	35000	"intercept"	0.80072522
"0.85"	"0.4"	"0.25"	"0.01"	"0.005"	"0.01"	"100000"	"10000"	"200"	"8320345951029254300"	40000	"slope"	-0.1521966845
"0.85"	"0.4"	"0.25"	"0.01"	"0.005"	"0.01"	"100000"	"10000"	"200"	"8320345951029254300"	40000	"intercept"	0.793246045
"0.85"	"0.4"	"0.25"	"0.01"	"0.005"	"0.01"	"100000"	"10000"	"200"	"8320345951029254300"	45000	"slope"	-0.136678778
"0.85"	"0.4"	"0.25"	"0.01"	"0.005"	"0.01"	"100000"	"10000"	"200"	"8320345951029254300"	45000	"intercept"	0.78097454
"0.85"	"0.4"	"0.25"	"0.01"	"0.005"	"0.01"	"100000"	"10000"	"200"	"8320345951029254300"	50000	"slope"	-0.1284023375
"0.85"	"0.4"	"0.25"	"0.01"	"0.005"	"0.01"	"100000"	"10000"	"200"	"8320345951029254300"	50000	"intercept"	0.77972273
"0.85"	"0.4"	"0.25"	"0.01"	"0.005"	"0.01"	"100000"	"10000"	"200"	"8320345951029254300"	55000	"slope"	-0.1562706245
"0.85"	"0.4"	"0.25"	"0.01"	"0.005"	"0.01"	"100000"	"10000"	"200"	"8320345951029254300"	55000	"intercept"	0.79450596
"0.85"	"0.4"	"0.25"	"0.01"	"0.005"	"0.01"	"100000"	"10000"	"200"	"8320345951029254300"	60000	"slope"	-0.185674369
"0.85"	"0.4"	"0.25"	"0.01"	"0.005"	"0.01"	"100000"	"10000"	"200"	"8320345951029254300"	60000	"intercept"	0.817531675
"0.85"	"0.4"	"0.25"	"0.01"	"0.005"	"0.01"	"100000"	"10000"	"200"	"8320345951029254300"	65000	"slope"	-0.1964417
"0.85"	"0.4"	"0.25"	"0.01"	"0.005"	"0.01"	"100000"	"10000"	"200"	"8320345951029254300"	65000	"intercept"	0.81259578
"0.85"	"0.4"	"0.25"	"0.01"	"0.005"	"0.01"	"100000"	"10000"	"200"	"8320345951029254300"	70000	"slope"	-0.1576126265
"0.85"	"0.4"	"0.25"	"0.01"	"0.005"	"0.01"	"100000"	"10000"	"200"	"8320345951029254300"	70000	"intercept"	0.79614837
"0.85"	"0.4"	"0.25"	"0.01"	"0.005"	"0.01"	"100000"	"10000"	"200"	"8320345951029254300"	75000	"slope"	-0.1469948065
"0.85"	"0.4"	"0.25"	"0.01"	"0.005"	"0.01"	"100000"	"10000"	"200"	"8320345951029254300"	75000	"intercept"	0.78901896
"0.85"	"0.4"	"0.25"	"0.01"	"0.005"	"0.01"	"100000"	"10000"	"200"	"8320345951029254300"	80000	"slope"	-0.123592876
"0.85"	"0.4"	"0.25"	"0.01"	"0.005"	"0.01"	"100000"	"10000"	"200"	"8320345951029254300"	80000	"intercept"	0.777139595
"0.85"	"0.4"	"0.25"	"0.01"	"0.005"	"0.01"	"100000"	"10000"	"200"	"8320345951029254300"	85000	"slope"	-0.0969500724
"0.85"	"0.4"	"0.25"	"0.01"	"0.005"	"0.01"	"100000"	"10000"	"200"	"8320345951029254300"	85000	"intercept"	0.76194395
"0.85"	"0.4"	"0.25"	"0.01"	"0.005"	"0.01"	"100000"	"10000"	"200"	"8320345951029254300"	90000	"slope"	-0.1031867565
"0.85"	"0.4"	"0.25"	"0.01"	"0.005"	"0.01"	"100000"	"10000"	"200"	"8320345951029254300"	90000	"intercept"	0.759915985
"0.85"	"0.4"	"0.25"	"0.01"	"0.005"	"0.01"	"100000"	"10000"	"200"	"8320345951029254300"	95000	"slope"	-0.083267605
"0.85"	"0.4"	"0.25"	"0.01"	"0.005"	"0.01"	"100000"	"10000"	"200"	"8320345951029254300"	95000	"intercept"	0.74940022
"0.85"	"0.4"	"0.25"	"0.01"	"0.005"	"0.01"	"100000"	"10000"	"200"	"8320345951029254300"	100000	"slope"	-0.08140715555
"0.85"	"0.4"	"0.25"	"0.01"	"0.005"	"0.01"	"100000"	"10000"	"200"	"8320345951029254300"	100000	"intercept"	0.76252711
"0.85"	"0.6"	"0.25"	"0.01"	"0.005"	"0.01"	"100000"	"10000"	"200"	"1006326316264598536"	10	"slope"	0.000183465775
"0.85"	"0.6"	"0.25"	"0.01"	"0.005"	"0.01"	"100000"	"10000"	"200"	"1006326316264598536"	10	"intercept"	0.4997546
"0.85"	"0.6"	"0.25"	"0.01"	"0.005"	"0.01"	"100000"	"10000"	"200"	"1006326316264598536"	5000	"slope"	-0.06916854057
"0.85"	"0.6"	"0.25"	"0.01"	"0.005"	"0.01"	"100000"	"10000"	"200"	"1006326316264598536"	5000	"intercept"	0.708871375
"0.85"	"0.6"	"0.25"	"0.01"	"0.005"	"0.01"	"100000"	"10000"	"200"	"1006326316264598536"	10000	"slope"	-0.1879608676
"0.85"	"0.6"	"0.25"	"0.01"	"0.005"	"0.01"	"100000"	"10000"	"200"	"1006326316264598536"	10000	"intercept"	0.776086495
"0.85"	"0.6"	"0.25"	"0.01"	"0.005"	"0.01"	"100000"	"10000"	"200"	"1006326316264598536"	15000	"slope"	-0.24826623
"0.85"	"0.6"	"0.25"	"0.01"	"0.005"	"0.01"	"100000"	"10000"	"200"	"1006326316264598536"	15000	"intercept"	0.799113255
"0.85"	"0.6"	"0.25"	"0.01"	"0.005"	"0.01"	"100000"	"10000"	"200"	"1006326316264598536"	20000	"slope"	-0.32716939
"0.85"	"0.6"	"0.25"	"0.01"	"0.005"	"0.01"	"100000"	"10000"	"200"	"1006326316264598536"	20000	"intercept"	0.839108585
"0.85"	"0.6"	"0.25"	"0.01"	"0.005"	"0.01"	"100000"	"10000"	"200"	"1006326316264598536"	25000	"slope"	-0.33488453
"0.85"	"0.6"	"0.25"	"0.01"	"0.005"	"0.01"	"100000"	"10000"	"200"	"1006326316264598536"	25000	"intercept"	0.84002222
"0.85"	"0.6"	"0.25"	"0.01"	"0.005"	"0.01"	"100000"	"10000"	"200"	"1006326316264598536"	30000	"slope"	-0.36329666
"0.85"	"0.6"	"0.25"	"0.01"	"0.005"	"0.01"	"100000"	"10000"	"200"	"1006326316264598536"	30000	"intercept"	0.8611881
"0.85"	"0.6"	"0.25"	"0.01"	"0.005"	"0.01"	"100000"	"10000"	"200"	"1006326316264598536"	35000	"slope"	-0.38591697
"0.85"	"0.6"	"0.25"	"0.01"	"0.005"	"0.01"	"100000"	"10000"	"200"	"1006326316264598536"	35000	"intercept"	0.867351975
"0.85"	"0.6"	"0.25"	"0.01"	"0.005"	"0.01"	"100000"	"10000"	"200"	"1006326316264598536"	40000	"slope"	-0.410559865
"0.85"	"0.6"	"0.25"	"0.01"	"0.005"	"0.01"	"100000"	"10000"	"200"	"1006326316264598536"	40000	"intercept"	0.88206624
"0.85"	"0.6"	"0.25"	"0.01"	"0.005"	"0.01"	"100000"	"10000"	"200"	"1006326316264598536"	45000	"slope"	-0.366036835
"0.85"	"0.6"	"0.25"	"0.01"	"0.005"	"0.01"	"100000"	"10000"	"200"	"1006326316264598536"	45000	"intercept"	0.8590523
"0.85"	"0.6"	"0.25"	"0.01"	"0.005"	"0.01"	"100000"	"10000"	"200"	"1006326316264598536"	50000	"slope"	-0.369834
"0.85"	"0.6"	"0.25"	"0.01"	"0.005"	"0.01"	"100000"	"10000"	"200"	"1006326316264598536"	50000	"intercept"	0.8596739
"0.85"	"0.6"	"0.25"	"0.01"	"0.005"	"0.01"	"100000"	"10000"	"200"	"1006326316264598536"	55000	"slope"	-0.372547545
"0.85"	"0.6"	"0.25"	"0.01"	"0.005"	"0.01"	"100000"	"10000"	"200"	"1006326316264598536"	55000	"intercept"	0.865585175
"0.85"	"0.6"	"0.25"	"0.01"	"0.005"	"0.01"	"100000"	"10000"	"200"	"1006326316264598536"	60000	"slope"	-0.36675412
"0.85"	"0.6"	"0.25"	"0.01"	"0.005"	"0.01"	"100000"	"10000"	"200"	"1006326316264598536"	60000	"intercept"	0.853222845
"0.85"	"0.6"	"0.25"	"0.01"	"0.005"	"0.01"	"100000"	"10000"	"200"	"1006326316264598536"	65000	"slope"	-0.380531215
"0.85"	"0.6"	"0.25"	"0.01"	"0.005"	"0.01"	"100000"	"10000"	"200"	"1006326316264598536"	65000	"intercept"	0.86556504
"0.85"	"0.6"	"0.25"	"0.01"	"0.005"	"0.01"	"100000"	"10000"	"200"	"1006326316264598536"	70000	"slope"	-0.37894652
"0.85"	"0.6"	"0.25"	"0.01"	"0.005"	"0.01"	"100000"	"10000"	"200"	"1006326316264598536"	70000	"intercept"	0.867678545
"0.85"	"0.6"	"0.25"	"0.01"	"0.005"	"0.01"	"100000"	"10000"	"200"	"1006326316264598536"	75000	"slope"	-0.39657686
"0.85"	"0.6"	"0.25"	"0.01"	"0.005"	"0.01"	"100000"	"10000"	"200"	"1006326316264598536"	75000	"intercept"	0.87637369
"0.85"	"0.6"	"0.25"	"0.01"	"0.005"	"0.01"	"100000"	"10000"	"200"	"1006326316264598536"	80000	"slope"	-0.41938051
"0.85"	"0.6"	"0.25"	"0.01"	"0.005"	"0.01"	"100000"	"10000"	"200"	"1006326316264598536"	80000	"intercept"	0.88551804
"0.85"	"0.6"	"0.25"	"0.01"	"0.005"	"0.01"	"100000"	"10000"	"200"	"1006326316264598536"	85000	"slope"	-0.40348831
"0.85"	"0.6"	"0.25"	"0.01"	"0.005"	"0.01"	"100000"	"10000"	"200"	"1006326316264598536"	85000	"intercept"	0.87357693
"0.85"	"0.6"	"0.25"	"0.01"	"0.005"	"0.01"	"100000"	"10000"	"200"	"1006326316264598536"	90000	"slope"	-0.374041035
"0.85"	"0.6"	"0.25"	"0.01"	"0.005"	"0.01"	"100000"	"10000"	"200"	"1006326316264598536"	90000	"intercept"	0.863359855
"0.85"	"0.6"	"0.25"	"0.01"	"0.005"	"0.01"	"100000"	"10000"	"200"	"1006326316264598536"	95000	"slope"	-0.39678088
"0.85"	"0.6"	"0.25"	"0.01"	"0.005"	"0.01"	"100000"	"10000"	"200"	"1006326316264598536"	95000	"intercept"	0.871674995
"0.85"	"0.6"	"0.25"	"0.01"	"0.005"	"0.01"	"100000"	"10000"	"200"	"1006326316264598536"	100000	"slope"	-0.41680779
"0.85"	"0.6"	"0.25"	"0.01"	"0.005"	"0.01"	"100000"	"10000"	"200"	"1006326316264598536"	100000	"intercept"	0.884668215
"0.85"	"0.6"	"0.25"	"0.01"	"0.005"	"0.01"	"100000"	"10000"	"200"	"653322859206000445"	10	"slope"	-0.0002090811
"0.85"	"0.6"	"0.25"	"0.01"	"0.005"	"0.01"	"100000"	"10000"	"200"	"653322859206000445"	10	"intercept"	0.50006483
"0.85"	"0.6"	"0.25"	"0.01"	"0.005"	"0.01"	"100000"	"10000"	"200"	"653322859206000445"	5000	"slope"	-0.107384848
"0.85"	"0.6"	"0.25"	"0.01"	"0.005"	"0.01"	"100000"	"10000"	"200"	"653322859206000445"	5000	"intercept"	0.730673855
"0.85"	"0.6"	"0.25"	"0.01"	"0.005"	"0.01"	"100000"	"10000"	"200"	"653322859206000445"	10000	"slope"	-0.1494807635
"0.85"	"0.6"	"0.25"	"0.01"	"0.005"	"0.01"	"100000"	"10000"	"200"	"653322859206000445"	10000	"intercept"	0.745525525
"0.85"	"0.6"	"0.25"	"0.01"	"0.005"	"0.01"	"100000"	"10000"	"200"	"653322859206000445"	15000	"slope"	-0.2325733065
"0.85"	"0.6"	"0.25"	"0.01"	"0.005"	"0.01"	"100000"	"10000"	"200"	"653322859206000445"	15000	"intercept"	0.79393139
"0.85"	"0.6"	"0.25"	"0.01"	"0.005"	"0.01"	"100000"	"10000"	"200"	"653322859206000445"	20000	"slope"	-0.32416575
"0.85"	"0.6"	"0.25"	"0.01"	"0.005"	"0.01"	"100000"	"10000"	"200"	"653322859206000445"	20000	"intercept"	0.83468681
"0.85"	"0.6"	"0.25"	"0.01"	"0.005"	"0.01"	"100000"	"10000"	"200"	"653322859206000445"	25000	"slope"	-0.31548258
"0.85"	"0.6"	"0.25"	"0.01"	"0.005"	"0.01"	"100000"	"10000"	"200"	"653322859206000445"	25000	"intercept"	0.833640175
"0.85"	"0.6"	"0.25"	"0.01"	"0.005"	"0.01"	"100000"	"10000"	"200"	"653322859206000445"	30000	"slope"	-0.359774915
"0.85"	"0.6"	"0.25"	"0.01"	"0.005"	"0.01"	"100000"	"10000"	"200"	"653322859206000445"	30000	"intercept"	0.854508035
"0.85"	"0.6"	"0.25"	"0.01"	"0.005"	"0.01"	"100000"	"10000"	"200"	"653322859206000445"	35000	"slope"	-0.35812146
"0.85"	"0.6"	"0.25"	"0.01"	"0.005"	"0.01"	"100000"	"10000"	"200"	"653322859206000445"	35000	"intercept"	0.845840545
"0.85"	"0.6"	"0.25"	"0.01"	"0.005"	"0.01"	"100000"	"10000"	"200"	"653322859206000445"	40000	"slope"	-0.34709598
"0.85"	"0.6"	"0.25"	"0.01"	"0.005"	"0.01"	"100000"	"10000"	"200"	"653322859206000445"	40000	"intercept"	0.854428495
"0.85"	"0.6"	"0.25"	"0.01"	"0.005"	"0.01"	"100000"	"10000"	"200"	"653322859206000445"	45000	"slope"	-0.351701485
"0.85"	"0.6"	"0.25"	"0.01"	"0.005"	"0.01"	"100000"	"10000"	"200"	"653322859206000445"	45000	"intercept"	0.84683595
"0.85"	"0.6"	"0.25"	"0.01"	"0.005"	"0.01"	"100000"	"10000"	"200"	"653322859206000445"	50000	"slope"	-0.37957181
"0.85"	"0.6"	"0.25"	"0.01"	"0.005"	"0.01"	"100000"	"10000"	"200"	"653322859206000445"	50000	"intercept"	0.86692781
"0.85"	"0.6"	"0.25"	"0.01"	"0.005"	"0.01"	"100000"	"10000"	"200"	"653322859206000445"	55000	"slope"	-0.36117427
"0.85"	"0.6"	"0.25"	"0.01"	"0.005"	"0.01"	"100000"	"10000"	"200"	"653322859206000445"	55000	"intercept"	0.8492948
"0.85"	"0.6"	"0.25"	"0.01"	"0.005"	"0.01"	"100000"	"10000"	"200"	"653322859206000445"	60000	"slope"	-0.379183295
"0.85"	"0.6"	"0.25"	"0.01"	"0.005"	"0.01"	"100000"	"10000"	"200"	"653322859206000445"	60000	"intercept"	0.863536925
"0.85"	"0.6"	"0.25"	"0.01"	"0.005"	"0.01"	"100000"	"10000"	"200"	"653322859206000445"	65000	"slope"	-0.384213575
"0.85"	"0.6"	"0.25"	"0.01"	"0.005"	"0.01"	"100000"	"10000"	"200"	"653322859206000445"	65000	"intercept"	0.871416985
"0.85"	"0.6"	"0.25"	"0.01"	"0.005"	"0.01"	"100000"	"10000"	"200"	"653322859206000445"	70000	"slope"	-0.413637435
"0.85"	"0.6"	"0.25"	"0.01"	"0.005"	"0.01"	"100000"	"10000"	"200"	"653322859206000445"	70000	"intercept"	0.88096481
"0.85"	"0.6"	"0.25"	"0.01"	"0.005"	"0.01"	"100000"	"10000"	"200"	"653322859206000445"	75000	"slope"	-0.372189245
"0.85"	"0.6"	"0.25"	"0.01"	"0.005"	"0.01"	"100000"	"10000"	"200"	"653322859206000445"	75000	"intercept"	0.86695628
"0.85"	"0.6"	"0.25"	"0.01"	"0.005"	"0.01"	"100000"	"10000"	"200"	"653322859206000445"	80000	"slope"	-0.37530795
"0.85"	"0.6"	"0.25"	"0.01"	"0.005"	"0.01"	"100000"	"10000"	"200"	"653322859206000445"	80000	"intercept"	0.85807683
"0.85"	"0.6"	"0.25"	"0.01"	"0.005"	"0.01"	"100000"	"10000"	"200"	"653322859206000445"	85000	"slope"	-0.364667915
"0.85"	"0.6"	"0.25"	"0.01"	"0.005"	"0.01"	"100000"	"10000"	"200"	"653322859206000445"	85000	"intercept"	0.857003715
"0.85"	"0.6"	"0.25"	"0.01"	"0.005"	"0.01"	"100000"	"10000"	"200"	"653322859206000445"	90000	"slope"	-0.37251505
"0.85"	"0.6"	"0.25"	"0.01"	"0.005"	"0.01"	"100000"	"10000"	"200"	"653322859206000445"	90000	"intercept"	0.85765639
"0.85"	"0.6"	"0.25"	"0.01"	"0.005"	"0.01"	"100000"	"10000"	"200"	"653322859206000445"	95000	"slope"	-0.41431588
"0.85"	"0.6"	"0.25"	"0.01"	"0.005"	"0.01"	"100000"	"10000"	"200"	"653322859206000445"	95000	"intercept"	0.883011445
"0.85"	"0.6"	"0.25"	"0.01"	"0.005"	"0.01"	"100000"	"10000"	"200"	"653322859206000445"	100000	"slope"	-0.3831622
"0.85"	"0.6"	"0.25"	"0.01"	"0.005"	"0.01"	"100000"	"10000"	"200"	"653322859206000445"	100000	"intercept"	0.86623727
"0.85"	"0.6"	"0.25"	"0.01"	"0.005"	"0.01"	"100000"	"10000"	"200"	"7385360730124299565"	10	"slope"	-0.000107033025
"0.85"	"0.6"	"0.25"	"0.01"	"0.005"	"0.01"	"100000"	"10000"	"200"	"7385360730124299565"	10	"intercept"	0.500107585
"0.85"	"0.6"	"0.25"	"0.01"	"0.005"	"0.01"	"100000"	"10000"	"200"	"7385360730124299565"	5000	"slope"	-0.022860973845
"0.85"	"0.6"	"0.25"	"0.01"	"0.005"	"0.01"	"100000"	"10000"	"200"	"7385360730124299565"	5000	"intercept"	0.68278694
"0.85"	"0.6"	"0.25"	"0.01"	"0.005"	"0.01"	"100000"	"10000"	"200"	"7385360730124299565"	10000	"slope"	-0.1146332245
"0.85"	"0.6"	"0.25"	"0.01"	"0.005"	"0.01"	"100000"	"10000"	"200"	"7385360730124299565"	10000	"intercept"	0.72689969
"0.85"	"0.6"	"0.25"	"0.01"	"0.005"	"0.01"	"100000"	"10000"	"200"	"7385360730124299565"	15000	"slope"	-0.23998574
"0.85"	"0.6"	"0.25"	"0.01"	"0.005"	"0.01"	"100000"	"10000"	"200"	"7385360730124299565"	15000	"intercept"	0.799283535
"0.85"	"0.6"	"0.25"	"0.01"	"0.005"	"0.01"	"100000"	"10000"	"200"	"7385360730124299565"	20000	"slope"	-0.27379851
"0.85"	"0.6"	"0.25"	"0.01"	"0.005"	"0.01"	"100000"	"10000"	"200"	"7385360730124299565"	20000	"intercept"	0.80723817
"0.85"	"0.6"	"0.25"	"0.01"	"0.005"	"0.01"	"100000"	"10000"	"200"	"7385360730124299565"	25000	"slope"	-0.339659945
"0.85"	"0.6"	"0.25"	"0.01"	"0.005"	"0.01"	"100000"	"10000"	"200"	"7385360730124299565"	25000	"intercept"	0.841554385
"0.85"	"0.6"	"0.25"	"0.01"	"0.005"	"0.01"	"100000"	"10000"	"200"	"7385360730124299565"	30000	"slope"	-0.319053255
"0.85"	"0.6"	"0.25"	"0.01"	"0.005"	"0.01"	"100000"	"10000"	"200"	"7385360730124299565"	30000	"intercept"	0.831523755
"0.85"	"0.6"	"0.25"	"0.01"	"0.005"	"0.01"	"100000"	"10000"	"200"	"7385360730124299565"	35000	"slope"	-0.34696016
"0.85"	"0.6"	"0.25"	"0.01"	"0.005"	"0.01"	"100000"	"10000"	"200"	"7385360730124299565"	35000	"intercept"	0.845083535
"0.85"	"0.6"	"0.25"	"0.01"	"0.005"	"0.01"	"100000"	"10000"	"200"	"7385360730124299565"	40000	"slope"	-0.37217884
"0.85"	"0.6"	"0.25"	"0.01"	"0.005"	"0.01"	"100000"	"10000"	"200"	"7385360730124299565"	40000	"intercept"	0.86686454
"0.85"	"0.6"	"0.25"	"0.01"	"0.005"	"0.01"	"100000"	"10000"	"200"	"7385360730124299565"	45000	"slope"	-0.383451025
"0.85"	"0.6"	"0.25"	"0.01"	"0.005"	"0.01"	"100000"	"10000"	"200"	"7385360730124299565"	45000	"intercept"	0.85946987
"0.85"	"0.6"	"0.25"	"0.01"	"0.005"	"0.01"	"100000"	"10000"	"200"	"7385360730124299565"	50000	"slope"	-0.36582974
"0.85"	"0.6"	"0.25"	"0.01"	"0.005"	"0.01"	"100000"	"10000"	"200"	"7385360730124299565"	50000	"intercept"	0.84942595
"0.85"	"0.6"	"0.25"	"0.01"	"0.005"	"0.01"	"100000"	"10000"	"200"	"7385360730124299565"	55000	"slope"	-0.350956665
"0.85"	"0.6"	"0.25"	"0.01"	"0.005"	"0.01"	"100000"	"10000"	"200"	"7385360730124299565"	55000	"intercept"	0.852352355
"0.85"	"0.6"	"0.25"	"0.01"	"0.005"	"0.01"	"100000"	"10000"	"200"	"7385360730124299565"	60000	"slope"	-0.370247045
"0.85"	"0.6"	"0.25"	"0.01"	"0.005"	"0.01"	"100000"	"10000"	"200"	"7385360730124299565"	60000	"intercept"	0.8591601
"0.85"	"0.6"	"0.25"	"0.01"	"0.005"	"0.01"	"100000"	"10000"	"200"	"7385360730124299565"	65000	"slope"	-0.397530815
"0.85"	"0.6"	"0.25"	"0.01"	"0.005"	"0.01"	"100000"	"10000"	"200"	"7385360730124299565"	65000	"intercept"	0.867821285
"0.85"	"0.6"	"0.25"	"0.01"	"0.005"	"0.01"	"100000"	"10000"	"200"	"7385360730124299565"	70000	"slope"	-0.40415542
"0.85"	"0.6"	"0.25"	"0.01"	"0.005"	"0.01"	"100000"	"10000"	"200"	"7385360730124299565"	70000	"intercept"	0.87736141
"0.85"	"0.6"	"0.25"	"0.01"	"0.005"	"0.01"	"100000"	"10000"	"200"	"7385360730124299565"	75000	"slope"	-0.39609015
"0.85"	"0.6"	"0.25"	"0.01"	"0.005"	"0.01"	"100000"	"10000"	"200"	"7385360730124299565"	75000	"intercept"	0.870521885
"0.85"	"0.6"	"0.25"	"0.01"	"0.005"	"0.01"	"100000"	"10000"	"200"	"7385360730124299565"	80000	"slope"	-0.39327295
"0.85"	"0.6"	"0.25"	"0.01"	"0.005"	"0.01"	"100000"	"10000"	"200"	"7385360730124299565"	80000	"intercept"	0.86644808
"0.85"	"0.6"	"0.25"	"0.01"	"0.005"	"0.01"	"100000"	"10000"	"200"	"7385360730124299565"	85000	"slope"	-0.38681179
"0.85"	"0.6"	"0.25"	"0.01"	"0.005"	"0.01"	"100000"	"10000"	"200"	"7385360730124299565"	85000	"intercept"	0.870438705
"0.85"	"0.6"	"0.25"	"0.01"	"0.005"	"0.01"	"100000"	"10000"	"200"	"7385360730124299565"	90000	"slope"	-0.385052745
"0.85"	"0.6"	"0.25"	"0.01"	"0.005"	"0.01"	"100000"	"10000"	"200"	"7385360730124299565"	90000	"intercept"	0.8597759
"0.85"	"0.6"	"0.25"	"0.01"	"0.005"	"0.01"	"100000"	"10000"	"200"	"7385360730124299565"	95000	"slope"	-0.35986448
"0.85"	"0.6"	"0.25"	"0.01"	"0.005"	"0.01"	"100000"	"10000"	"200"	"7385360730124299565"	95000	"intercept"	0.85033149
"0.85"	"0.6"	"0.25"	"0.01"	"0.005"	"0.01"	"100000"	"10000"	"200"	"7385360730124299565"	100000	"slope"	-0.348177775
"0.85"	"0.6"	"0.25"	"0.01"	"0.005"	"0.01"	"100000"	"10000"	"200"	"7385360730124299565"	100000	"intercept"	0.84970885
"0.85"	"0.8"	"0.25"	"0.01"	"0.005"	"0.01"	"100000"	"10000"	"200"	"3256475328439425714"	10	"slope"	8.562794e-05
"0.85"	"0.8"	"0.25"	"0.01"	"0.005"	"0.01"	"100000"	"10000"	"200"	"3256475328439425714"	10	"intercept"	0.500136555
"0.85"	"0.8"	"0.25"	"0.01"	"0.005"	"0.01"	"100000"	"10000"	"200"	"3256475328439425714"	5000	"slope"	-0.0812805115
"0.85"	"0.8"	"0.25"	"0.01"	"0.005"	"0.01"	"100000"	"10000"	"200"	"3256475328439425714"	5000	"intercept"	0.6356795
"0.85"	"0.8"	"0.25"	"0.01"	"0.005"	"0.01"	"100000"	"10000"	"200"	"3256475328439425714"	10000	"slope"	-0.29168499
"0.85"	"0.8"	"0.25"	"0.01"	"0.005"	"0.01"	"100000"	"10000"	"200"	"3256475328439425714"	10000	"intercept"	0.741570885
"0.85"	"0.8"	"0.25"	"0.01"	"0.005"	"0.01"	"100000"	"10000"	"200"	"3256475328439425714"	15000	"slope"	-0.399488015
"0.85"	"0.8"	"0.25"	"0.01"	"0.005"	"0.01"	"100000"	"10000"	"200"	"3256475328439425714"	15000	"intercept"	0.809990875
"0.85"	"0.8"	"0.25"	"0.01"	"0.005"	"0.01"	"100000"	"10000"	"200"	"3256475328439425714"	20000	"slope"	-0.49571139
"0.85"	"0.8"	"0.25"	"0.01"	"0.005"	"0.01"	"100000"	"10000"	"200"	"3256475328439425714"	20000	"intercept"	0.868471235
"0.85"	"0.8"	"0.25"	"0.01"	"0.005"	"0.01"	"100000"	"10000"	"200"	"3256475328439425714"	25000	"slope"	-0.651867005
"0.85"	"0.8"	"0.25"	"0.01"	"0.005"	"0.01"	"100000"	"10000"	"200"	"3256475328439425714"	25000	"intercept"	0.954938055
"0.85"	"0.8"	"0.25"	"0.01"	"0.005"	"0.01"	"100000"	"10000"	"200"	"3256475328439425714"	30000	"slope"	-0.710040045
"0.85"	"0.8"	"0.25"	"0.01"	"0.005"	"0.01"	"100000"	"10000"	"200"	"3256475328439425714"	30000	"intercept"	0.991502045
"0.85"	"0.8"	"0.25"	"0.01"	"0.005"	"0.01"	"100000"	"10000"	"200"	"3256475328439425714"	35000	"slope"	-0.77392936
"0.85"	"0.8"	"0.25"	"0.01"	"0.005"	"0.01"	"100000"	"10000"	"200"	"3256475328439425714"	35000	"intercept"	1.02800197
"0.85"	"0.8"	"0.25"	"0.01"	"0.005"	"0.01"	"100000"	"10000"	"200"	"3256475328439425714"	40000	"slope"	-0.828591005
"0.85"	"0.8"	"0.25"	"0.01"	"0.005"	"0.01"	"100000"	"10000"	"200"	"3256475328439425714"	40000	"intercept"	1.06871109
"0.85"	"0.8"	"0.25"	"0.01"	"0.005"	"0.01"	"100000"	"10000"	"200"	"3256475328439425714"	45000	"slope"	-0.90233313
"0.85"	"0.8"	"0.25"	"0.01"	"0.005"	"0.01"	"100000"	"10000"	"200"	"3256475328439425714"	45000	"intercept"	1.11936145
"0.85"	"0.8"	"0.25"	"0.01"	"0.005"	"0.01"	"100000"	"10000"	"200"	"3256475328439425714"	50000	"slope"	-0.938463735
"0.85"	"0.8"	"0.25"	"0.01"	"0.005"	"0.01"	"100000"	"10000"	"200"	"3256475328439425714"	50000	"intercept"	1.14240725
"0.85"	"0.8"	"0.25"	"0.01"	"0.005"	"0.01"	"100000"	"10000"	"200"	"3256475328439425714"	55000	"slope"	-1.009100805
"0.85"	"0.8"	"0.25"	"0.01"	"0.005"	"0.01"	"100000"	"10000"	"200"	"3256475328439425714"	55000	"intercept"	1.1940645
"0.85"	"0.8"	"0.25"	"0.01"	"0.005"	"0.01"	"100000"	"10000"	"200"	"3256475328439425714"	60000	"slope"	-1.002234945
"0.85"	"0.8"	"0.25"	"0.01"	"0.005"	"0.01"	"100000"	"10000"	"200"	"3256475328439425714"	60000	"intercept"	1.1913863
"0.85"	"0.8"	"0.25"	"0.01"	"0.005"	"0.01"	"100000"	"10000"	"200"	"3256475328439425714"	65000	"slope"	-1.012008175
"0.85"	"0.8"	"0.25"	"0.01"	"0.005"	"0.01"	"100000"	"10000"	"200"	"3256475328439425714"	65000	"intercept"	1.18432575
"0.85"	"0.8"	"0.25"	"0.01"	"0.005"	"0.01"	"100000"	"10000"	"200"	"3256475328439425714"	70000	"slope"	-1.02016315
"0.85"	"0.8"	"0.25"	"0.01"	"0.005"	"0.01"	"100000"	"10000"	"200"	"3256475328439425714"	70000	"intercept"	1.1963494
"0.85"	"0.8"	"0.25"	"0.01"	"0.005"	"0.01"	"100000"	"10000"	"200"	"3256475328439425714"	75000	"slope"	-1.00277119
"0.85"	"0.8"	"0.25"	"0.01"	"0.005"	"0.01"	"100000"	"10000"	"200"	"3256475328439425714"	75000	"intercept"	1.1887964
"0.85"	"0.8"	"0.25"	"0.01"	"0.005"	"0.01"	"100000"	"10000"	"200"	"3256475328439425714"	80000	"slope"	-1.00843822
"0.85"	"0.8"	"0.25"	"0.01"	"0.005"	"0.01"	"100000"	"10000"	"200"	"3256475328439425714"	80000	"intercept"	1.1878331
"0.85"	"0.8"	"0.25"	"0.01"	"0.005"	"0.01"	"100000"	"10000"	"200"	"3256475328439425714"	85000	"slope"	-1.004634565
"0.85"	"0.8"	"0.25"	"0.01"	"0.005"	"0.01"	"100000"	"10000"	"200"	"3256475328439425714"	85000	"intercept"	1.1833177
"0.85"	"0.8"	"0.25"	"0.01"	"0.005"	"0.01"	"100000"	"10000"	"200"	"3256475328439425714"	90000	"slope"	-1.026096095
"0.85"	"0.8"	"0.25"	"0.01"	"0.005"	"0.01"	"100000"	"10000"	"200"	"3256475328439425714"	90000	"intercept"	1.20229725
"0.85"	"0.8"	"0.25"	"0.01"	"0.005"	"0.01"	"100000"	"10000"	"200"	"3256475328439425714"	95000	"slope"	-1.01149019
"0.85"	"0.8"	"0.25"	"0.01"	"0.005"	"0.01"	"100000"	"10000"	"200"	"3256475328439425714"	95000	"intercept"	1.19868085
"0.85"	"0.8"	"0.25"	"0.01"	"0.005"	"0.01"	"100000"	"10000"	"200"	"3256475328439425714"	100000	"slope"	-0.99306927
"0.85"	"0.8"	"0.25"	"0.01"	"0.005"	"0.01"	"100000"	"10000"	"200"	"3256475328439425714"	100000	"intercept"	1.1870107
"0.85"	"0.8"	"0.25"	"0.01"	"0.005"	"0.01"	"100000"	"10000"	"200"	"7920580157353923146"	10	"slope"	-8.938375e-05
"0.85"	"0.8"	"0.25"	"0.01"	"0.005"	"0.01"	"100000"	"10000"	"200"	"7920580157353923146"	10	"intercept"	0.49996859
"0.85"	"0.8"	"0.25"	"0.01"	"0.005"	"0.01"	"100000"	"10000"	"200"	"7920580157353923146"	5000	"slope"	-0.0525468128775
"0.85"	"0.8"	"0.25"	"0.01"	"0.005"	"0.01"	"100000"	"10000"	"200"	"7920580157353923146"	5000	"intercept"	0.62310395
"0.85"	"0.8"	"0.25"	"0.01"	"0.005"	"0.01"	"100000"	"10000"	"200"	"7920580157353923146"	10000	"slope"	-0.22681245
"0.85"	"0.8"	"0.25"	"0.01"	"0.005"	"0.01"	"100000"	"10000"	"200"	"7920580157353923146"	10000	"intercept"	0.70122946
"0.85"	"0.8"	"0.25"	"0.01"	"0.005"	"0.01"	"100000"	"10000"	"200"	"7920580157353923146"	15000	"slope"	-0.31970112
"0.85"	"0.8"	"0.25"	"0.01"	"0.005"	"0.01"	"100000"	"10000"	"200"	"7920580157353923146"	15000	"intercept"	0.763014575
"0.85"	"0.8"	"0.25"	"0.01"	"0.005"	"0.01"	"100000"	"10000"	"200"	"7920580157353923146"	20000	"slope"	-0.4666181
"0.85"	"0.8"	"0.25"	"0.01"	"0.005"	"0.01"	"100000"	"10000"	"200"	"7920580157353923146"	20000	"intercept"	0.843099815
"0.85"	"0.8"	"0.25"	"0.01"	"0.005"	"0.01"	"100000"	"10000"	"200"	"7920580157353923146"	25000	"slope"	-0.56316448
"0.85"	"0.8"	"0.25"	"0.01"	"0.005"	"0.01"	"100000"	"10000"	"200"	"7920580157353923146"	25000	"intercept"	0.90561149
"0.85"	"0.8"	"0.25"	"0.01"	"0.005"	"0.01"	"100000"	"10000"	"200"	"7920580157353923146"	30000	"slope"	-0.622041605
"0.85"	"0.8"	"0.25"	"0.01"	"0.005"	"0.01"	"100000"	"10000"	"200"	"7920580157353923146"	30000	"intercept"	0.93620262
"0.85"	"0.8"	"0.25"	"0.01"	"0.005"	"0.01"	"100000"	"10000"	"200"	"7920580157353923146"	35000	"slope"	-0.70505032
"0.85"	"0.8"	"0.25"	"0.01"	"0.005"	"0.01"	"100000"	"10000"	"200"	"7920580157353923146"	35000	"intercept"	0.98844683
"0.85"	"0.8"	"0.25"	"0.01"	"0.005"	"0.01"	"100000"	"10000"	"200"	"7920580157353923146"	40000	"slope"	-0.808697895
"0.85"	"0.8"	"0.25"	"0.01"	"0.005"	"0.01"	"100000"	"10000"	"200"	"7920580157353923146"	40000	"intercept"	1.06403077
"0.85"	"0.8"	"0.25"	"0.01"	"0.005"	"0.01"	"100000"	"10000"	"200"	"7920580157353923146"	45000	"slope"	-0.90821493
"0.85"	"0.8"	"0.25"	"0.01"	"0.005"	"0.01"	"100000"	"10000"	"200"	"7920580157353923146"	45000	"intercept"	1.12000715
"0.85"	"0.8"	"0.25"	"0.01"	"0.005"	"0.01"	"100000"	"10000"	"200"	"7920580157353923146"	50000	"slope"	-0.94141257
"0.85"	"0.8"	"0.25"	"0.01"	"0.005"	"0.01"	"100000"	"10000"	"200"	"7920580157353923146"	50000	"intercept"	1.132183
"0.85"	"0.8"	"0.25"	"0.01"	"0.005"	"0.01"	"100000"	"10000"	"200"	"7920580157353923146"	55000	"slope"	-0.953851235
"0.85"	"0.8"	"0.25"	"0.01"	"0.005"	"0.01"	"100000"	"10000"	"200"	"7920580157353923146"	55000	"intercept"	1.1543335
"0.85"	"0.8"	"0.25"	"0.01"	"0.005"	"0.01"	"100000"	"10000"	"200"	"7920580157353923146"	60000	"slope"	-0.973431605
"0.85"	"0.8"	"0.25"	"0.01"	"0.005"	"0.01"	"100000"	"10000"	"200"	"7920580157353923146"	60000	"intercept"	1.1622015
"0.85"	"0.8"	"0.25"	"0.01"	"0.005"	"0.01"	"100000"	"10000"	"200"	"7920580157353923146"	65000	"slope"	-1.009755795
"0.85"	"0.8"	"0.25"	"0.01"	"0.005"	"0.01"	"100000"	"10000"	"200"	"7920580157353923146"	65000	"intercept"	1.19332975
"0.85"	"0.8"	"0.25"	"0.01"	"0.005"	"0.01"	"100000"	"10000"	"200"	"7920580157353923146"	70000	"slope"	-1.02131473
"0.85"	"0.8"	"0.25"	"0.01"	"0.005"	"0.01"	"100000"	"10000"	"200"	"7920580157353923146"	70000	"intercept"	1.19264345
"0.85"	"0.8"	"0.25"	"0.01"	"0.005"	"0.01"	"100000"	"10000"	"200"	"7920580157353923146"	75000	"slope"	-1.04184432
"0.85"	"0.8"	"0.25"	"0.01"	"0.005"	"0.01"	"100000"	"10000"	"200"	"7920580157353923146"	75000	"intercept"	1.2157562
"0.85"	"0.8"	"0.25"	"0.01"	"0.005"	"0.01"	"100000"	"10000"	"200"	"7920580157353923146"	80000	"slope"	-1.03819241
"0.85"	"0.8"	"0.25"	"0.01"	"0.005"	"0.01"	"100000"	"10000"	"200"	"7920580157353923146"	80000	"intercept"	1.20733335
"0.85"	"0.8"	"0.25"	"0.01"	"0.005"	"0.01"	"100000"	"10000"	"200"	"7920580157353923146"	85000	"slope"	-1.018247245
"0.85"	"0.8"	"0.25"	"0.01"	"0.005"	"0.01"	"100000"	"10000"	"200"	"7920580157353923146"	85000	"intercept"	1.18829605
"0.85"	"0.8"	"0.25"	"0.01"	"0.005"	"0.01"	"100000"	"10000"	"200"	"7920580157353923146"	90000	"slope"	-0.986053925
"0.85"	"0.8"	"0.25"	"0.01"	"0.005"	"0.01"	"100000"	"10000"	"200"	"7920580157353923146"	90000	"intercept"	1.17450085
"0.85"	"0.8"	"0.25"	"0.01"	"0.005"	"0.01"	"100000"	"10000"	"200"	"7920580157353923146"	95000	"slope"	-0.97604785
"0.85"	"0.8"	"0.25"	"0.01"	"0.005"	"0.01"	"100000"	"10000"	"200"	"7920580157353923146"	95000	"intercept"	1.1645674
"0.85"	"0.8"	"0.25"	"0.01"	"0.005"	"0.01"	"100000"	"10000"	"200"	"7920580157353923146"	100000	"slope"	-0.98344544
"0.85"	"0.8"	"0.25"	"0.01"	"0.005"	"0.01"	"100000"	"10000"	"200"	"7920580157353923146"	100000	"intercept"	1.18443055
"0.85"	"0.8"	"0.25"	"0.01"	"0.005"	"0.01"	"100000"	"10000"	"200"	"8829012854453602629"	10	"slope"	0.000150934495
"0.85"	"0.8"	"0.25"	"0.01"	"0.005"	"0.01"	"100000"	"10000"	"200"	"8829012854453602629"	10	"intercept"	0.500018475
"0.85"	"0.8"	"0.25"	"0.01"	"0.005"	"0.01"	"100000"	"10000"	"200"	"8829012854453602629"	5000	"slope"	-0.030065513485
"0.85"	"0.8"	"0.25"	"0.01"	"0.005"	"0.01"	"100000"	"10000"	"200"	"8829012854453602629"	5000	"intercept"	0.608528175
"0.85"	"0.8"	"0.25"	"0.01"	"0.005"	"0.01"	"100000"	"10000"	"200"	"8829012854453602629"	10000	"slope"	-0.187119505
"0.85"	"0.8"	"0.25"	"0.01"	"0.005"	"0.01"	"100000"	"10000"	"200"	"8829012854453602629"	10000	"intercept"	0.690432065
"0.85"	"0.8"	"0.25"	"0.01"	"0.005"	"0.01"	"100000"	"10000"	"200"	"8829012854453602629"	15000	"slope"	-0.29935118
"0.85"	"0.8"	"0.25"	"0.01"	"0.005"	"0.01"	"100000"	"10000"	"200"	"8829012854453602629"	15000	"intercept"	0.75312671
"0.85"	"0.8"	"0.25"	"0.01"	"0.005"	"0.01"	"100000"	"10000"	"200"	"8829012854453602629"	20000	"slope"	-0.467604705
"0.85"	"0.8"	"0.25"	"0.01"	"0.005"	"0.01"	"100000"	"10000"	"200"	"8829012854453602629"	20000	"intercept"	0.84835873
"0.85"	"0.8"	"0.25"	"0.01"	"0.005"	"0.01"	"100000"	"10000"	"200"	"8829012854453602629"	25000	"slope"	-0.533053035
"0.85"	"0.8"	"0.25"	"0.01"	"0.005"	"0.01"	"100000"	"10000"	"200"	"8829012854453602629"	25000	"intercept"	0.887796585
"0.85"	"0.8"	"0.25"	"0.01"	"0.005"	"0.01"	"100000"	"10000"	"200"	"8829012854453602629"	30000	"slope"	-0.658129535
"0.85"	"0.8"	"0.25"	"0.01"	"0.005"	"0.01"	"100000"	"10000"	"200"	"8829012854453602629"	30000	"intercept"	0.969929525
"0.85"	"0.8"	"0.25"	"0.01"	"0.005"	"0.01"	"100000"	"10000"	"200"	"8829012854453602629"	35000	"slope"	-0.78123771
"0.85"	"0.8"	"0.25"	"0.01"	"0.005"	"0.01"	"100000"	"10000"	"200"	"8829012854453602629"	35000	"intercept"	1.04041984
"0.85"	"0.8"	"0.25"	"0.01"	"0.005"	"0.01"	"100000"	"10000"	"200"	"8829012854453602629"	40000	"slope"	-0.82103746
"0.85"	"0.8"	"0.25"	"0.01"	"0.005"	"0.01"	"100000"	"10000"	"200"	"8829012854453602629"	40000	"intercept"	1.06696724
"0.85"	"0.8"	"0.25"	"0.01"	"0.005"	"0.01"	"100000"	"10000"	"200"	"8829012854453602629"	45000	"slope"	-0.896561685
"0.85"	"0.8"	"0.25"	"0.01"	"0.005"	"0.01"	"100000"	"10000"	"200"	"8829012854453602629"	45000	"intercept"	1.1114411
"0.85"	"0.8"	"0.25"	"0.01"	"0.005"	"0.01"	"100000"	"10000"	"200"	"8829012854453602629"	50000	"slope"	-0.936661295
"0.85"	"0.8"	"0.25"	"0.01"	"0.005"	"0.01"	"100000"	"10000"	"200"	"8829012854453602629"	50000	"intercept"	1.13488775
"0.85"	"0.8"	"0.25"	"0.01"	"0.005"	"0.01"	"100000"	"10000"	"200"	"8829012854453602629"	55000	"slope"	-0.996480895
"0.85"	"0.8"	"0.25"	"0.01"	"0.005"	"0.01"	"100000"	"10000"	"200"	"8829012854453602629"	55000	"intercept"	1.1893825
"0.85"	"0.8"	"0.25"	"0.01"	"0.005"	"0.01"	"100000"	"10000"	"200"	"8829012854453602629"	60000	"slope"	-1.030096385
"0.85"	"0.8"	"0.25"	"0.01"	"0.005"	"0.01"	"100000"	"10000"	"200"	"8829012854453602629"	60000	"intercept"	1.20322485
"0.85"	"0.8"	"0.25"	"0.01"	"0.005"	"0.01"	"100000"	"10000"	"200"	"8829012854453602629"	65000	"slope"	-1.009878505
"0.85"	"0.8"	"0.25"	"0.01"	"0.005"	"0.01"	"100000"	"10000"	"200"	"8829012854453602629"	65000	"intercept"	1.19474215
"0.85"	"0.8"	"0.25"	"0.01"	"0.005"	"0.01"	"100000"	"10000"	"200"	"8829012854453602629"	70000	"slope"	-1.017822665
"0.85"	"0.8"	"0.25"	"0.01"	"0.005"	"0.01"	"100000"	"10000"	"200"	"8829012854453602629"	70000	"intercept"	1.1902671
"0.85"	"0.8"	"0.25"	"0.01"	"0.005"	"0.01"	"100000"	"10000"	"200"	"8829012854453602629"	75000	"slope"	-1.01697554
"0.85"	"0.8"	"0.25"	"0.01"	"0.005"	"0.01"	"100000"	"10000"	"200"	"8829012854453602629"	75000	"intercept"	1.2025659
"0.85"	"0.8"	"0.25"	"0.01"	"0.005"	"0.01"	"100000"	"10000"	"200"	"8829012854453602629"	80000	"slope"	-0.995916435
"0.85"	"0.8"	"0.25"	"0.01"	"0.005"	"0.01"	"100000"	"10000"	"200"	"8829012854453602629"	80000	"intercept"	1.17671125
"0.85"	"0.8"	"0.25"	"0.01"	"0.005"	"0.01"	"100000"	"10000"	"200"	"8829012854453602629"	85000	"slope"	-1.025540995
"0.85"	"0.8"	"0.25"	"0.01"	"0.005"	"0.01"	"100000"	"10000"	"200"	"8829012854453602629"	85000	"intercept"	1.1983338
"0.85"	"0.8"	"0.25"	"0.01"	"0.005"	"0.01"	"100000"	"10000"	"200"	"8829012854453602629"	90000	"slope"	-0.995312805
"0.85"	"0.8"	"0.25"	"0.01"	"0.005"	"0.01"	"100000"	"10000"	"200"	"8829012854453602629"	90000	"intercept"	1.18288815
"0.85"	"0.8"	"0.25"	"0.01"	"0.005"	"0.01"	"100000"	"10000"	"200"	"8829012854453602629"	95000	"slope"	-1.0047241
"0.85"	"0.8"	"0.25"	"0.01"	"0.005"	"0.01"	"100000"	"10000"	"200"	"8829012854453602629"	95000	"intercept"	1.18325145
"0.85"	"0.8"	"0.25"	"0.01"	"0.005"	"0.01"	"100000"	"10000"	"200"	"8829012854453602629"	100000	"slope"	-1.05264008
"0.85"	"0.8"	"0.25"	"0.01"	"0.005"	"0.01"	"100000"	"10000"	"200"	"8829012854453602629"	100000	"intercept"	1.22517875
"0.95"	"0.0"	"0.25"	"0.01"	"0.005"	"0.01"	"100000"	"10000"	"200"	"3220403087358610794"	10	"slope"	-0.000280713395
"0.95"	"0.0"	"0.25"	"0.01"	"0.005"	"0.01"	"100000"	"10000"	"200"	"3220403087358610794"	10	"intercept"	0.50000092
"0.95"	"0.0"	"0.25"	"0.01"	"0.005"	"0.01"	"100000"	"10000"	"200"	"3220403087358610794"	5000	"slope"	0.1138044495
"0.95"	"0.0"	"0.25"	"0.01"	"0.005"	"0.01"	"100000"	"10000"	"200"	"3220403087358610794"	5000	"intercept"	0.825071465
"0.95"	"0.0"	"0.25"	"0.01"	"0.005"	"0.01"	"100000"	"10000"	"200"	"3220403087358610794"	10000	"slope"	0.05609199995
"0.95"	"0.0"	"0.25"	"0.01"	"0.005"	"0.01"	"100000"	"10000"	"200"	"3220403087358610794"	10000	"intercept"	0.864521155
"0.95"	"0.0"	"0.25"	"0.01"	"0.005"	"0.01"	"100000"	"10000"	"200"	"3220403087358610794"	15000	"slope"	0.02532452068
"0.95"	"0.0"	"0.25"	"0.01"	"0.005"	"0.01"	"100000"	"10000"	"200"	"3220403087358610794"	15000	"intercept"	0.88656407
"0.95"	"0.0"	"0.25"	"0.01"	"0.005"	"0.01"	"100000"	"10000"	"200"	"3220403087358610794"	20000	"slope"	0.0449609356
"0.95"	"0.0"	"0.25"	"0.01"	"0.005"	"0.01"	"100000"	"10000"	"200"	"3220403087358610794"	20000	"intercept"	0.875867665
"0.95"	"0.0"	"0.25"	"0.01"	"0.005"	"0.01"	"100000"	"10000"	"200"	"3220403087358610794"	25000	"slope"	0.0203366984575
"0.95"	"0.0"	"0.25"	"0.01"	"0.005"	"0.01"	"100000"	"10000"	"200"	"3220403087358610794"	25000	"intercept"	0.88968582
"0.95"	"0.0"	"0.25"	"0.01"	"0.005"	"0.01"	"100000"	"10000"	"200"	"3220403087358610794"	30000	"slope"	0.037454527945
"0.95"	"0.0"	"0.25"	"0.01"	"0.005"	"0.01"	"100000"	"10000"	"200"	"3220403087358610794"	30000	"intercept"	0.88117487
"0.95"	"0.0"	"0.25"	"0.01"	"0.005"	"0.01"	"100000"	"10000"	"200"	"3220403087358610794"	35000	"slope"	0.0377905266
"0.95"	"0.0"	"0.25"	"0.01"	"0.005"	"0.01"	"100000"	"10000"	"200"	"3220403087358610794"	35000	"intercept"	0.87538599
"0.95"	"0.0"	"0.25"	"0.01"	"0.005"	"0.01"	"100000"	"10000"	"200"	"3220403087358610794"	40000	"slope"	0.023750373855
"0.95"	"0.0"	"0.25"	"0.01"	"0.005"	"0.01"	"100000"	"10000"	"200"	"3220403087358610794"	40000	"intercept"	0.884798585
"0.95"	"0.0"	"0.25"	"0.01"	"0.005"	"0.01"	"100000"	"10000"	"200"	"3220403087358610794"	45000	"slope"	0.0275489704
"0.95"	"0.0"	"0.25"	"0.01"	"0.005"	"0.01"	"100000"	"10000"	"200"	"3220403087358610794"	45000	"intercept"	0.88294868
"0.95"	"0.0"	"0.25"	"0.01"	"0.005"	"0.01"	"100000"	"10000"	"200"	"3220403087358610794"	50000	"slope"	0.033643051642
"0.95"	"0.0"	"0.25"	"0.01"	"0.005"	"0.01"	"100000"	"10000"	"200"	"3220403087358610794"	50000	"intercept"	0.87536524
"0.95"	"0.0"	"0.25"	"0.01"	"0.005"	"0.01"	"100000"	"10000"	"200"	"3220403087358610794"	55000	"slope"	0.036730544345
"0.95"	"0.0"	"0.25"	"0.01"	"0.005"	"0.01"	"100000"	"10000"	"200"	"3220403087358610794"	55000	"intercept"	0.880825815
"0.95"	"0.0"	"0.25"	"0.01"	"0.005"	"0.01"	"100000"	"10000"	"200"	"3220403087358610794"	60000	"slope"	0.03553705482
"0.95"	"0.0"	"0.25"	"0.01"	"0.005"	"0.01"	"100000"	"10000"	"200"	"3220403087358610794"	60000	"intercept"	0.87435185
"0.95"	"0.0"	"0.25"	"0.01"	"0.005"	"0.01"	"100000"	"10000"	"200"	"3220403087358610794"	65000	"slope"	0.020727144195
"0.95"	"0.0"	"0.25"	"0.01"	"0.005"	"0.01"	"100000"	"10000"	"200"	"3220403087358610794"	65000	"intercept"	0.885838175
"0.95"	"0.0"	"0.25"	"0.01"	"0.005"	"0.01"	"100000"	"10000"	"200"	"3220403087358610794"	70000	"slope"	0.035250599905
"0.95"	"0.0"	"0.25"	"0.01"	"0.005"	"0.01"	"100000"	"10000"	"200"	"3220403087358610794"	70000	"intercept"	0.878804055
"0.95"	"0.0"	"0.25"	"0.01"	"0.005"	"0.01"	"100000"	"10000"	"200"	"3220403087358610794"	75000	"slope"	0.030373980585
"0.95"	"0.0"	"0.25"	"0.01"	"0.005"	"0.01"	"100000"	"10000"	"200"	"3220403087358610794"	75000	"intercept"	0.879944285
"0.95"	"0.0"	"0.25"	"0.01"	"0.005"	"0.01"	"100000"	"10000"	"200"	"3220403087358610794"	80000	"slope"	0.044125412371
"0.95"	"0.0"	"0.25"	"0.01"	"0.005"	"0.01"	"100000"	"10000"	"200"	"3220403087358610794"	80000	"intercept"	0.874478175
"0.95"	"0.0"	"0.25"	"0.01"	"0.005"	"0.01"	"100000"	"10000"	"200"	"3220403087358610794"	85000	"slope"	0.0489232107335
"0.95"	"0.0"	"0.25"	"0.01"	"0.005"	"0.01"	"100000"	"10000"	"200"	"3220403087358610794"	85000	"intercept"	0.872356205
"0.95"	"0.0"	"0.25"	"0.01"	"0.005"	"0.01"	"100000"	"10000"	"200"	"3220403087358610794"	90000	"slope"	0.0264361954
"0.95"	"0.0"	"0.25"	"0.01"	"0.005"	"0.01"	"100000"	"10000"	"200"	"3220403087358610794"	90000	"intercept"	0.882499665
"0.95"	"0.0"	"0.25"	"0.01"	"0.005"	"0.01"	"100000"	"10000"	"200"	"3220403087358610794"	95000	"slope"	0.0271167959
"0.95"	"0.0"	"0.25"	"0.01"	"0.005"	"0.01"	"100000"	"10000"	"200"	"3220403087358610794"	95000	"intercept"	0.88174408
"0.95"	"0.0"	"0.25"	"0.01"	"0.005"	"0.01"	"100000"	"10000"	"200"	"3220403087358610794"	100000	"slope"	0.02451727222
"0.95"	"0.0"	"0.25"	"0.01"	"0.005"	"0.01"	"100000"	"10000"	"200"	"3220403087358610794"	100000	"intercept"	0.88682551
"0.95"	"0.0"	"0.25"	"0.01"	"0.005"	"0.01"	"100000"	"10000"	"200"	"3601197795777793971"	10	"slope"	7.96319705e-05
"0.95"	"0.0"	"0.25"	"0.01"	"0.005"	"0.01"	"100000"	"10000"	"200"	"3601197795777793971"	10	"intercept"	0.49996128
"0.95"	"0.0"	"0.25"	"0.01"	"0.005"	"0.01"	"100000"	"10000"	"200"	"3601197795777793971"	5000	"slope"	0.0807934107
"0.95"	"0.0"	"0.25"	"0.01"	"0.005"	"0.01"	"100000"	"10000"	"200"	"3601197795777793971"	5000	"intercept"	0.849394555
"0.95"	"0.0"	"0.25"	"0.01"	"0.005"	"0.01"	"100000"	"10000"	"200"	"3601197795777793971"	10000	"slope"	0.0258733994
"0.95"	"0.0"	"0.25"	"0.01"	"0.005"	"0.01"	"100000"	"10000"	"200"	"3601197795777793971"	10000	"intercept"	0.879917975
"0.95"	"0.0"	"0.25"	"0.01"	"0.005"	"0.01"	"100000"	"10000"	"200"	"3601197795777793971"	15000	"slope"	0.02850413043
"0.95"	"0.0"	"0.25"	"0.01"	"0.005"	"0.01"	"100000"	"10000"	"200"	"3601197795777793971"	15000	"intercept"	0.885019335
"0.95"	"0.0"	"0.25"	"0.01"	"0.005"	"0.01"	"100000"	"10000"	"200"	"3601197795777793971"	20000	"slope"	0.036900572965
"0.95"	"0.0"	"0.25"	"0.01"	"0.005"	"0.01"	"100000"	"10000"	"200"	"3601197795777793971"	20000	"intercept"	0.880102215
"0.95"	"0.0"	"0.25"	"0.01"	"0.005"	"0.01"	"100000"	"10000"	"200"	"3601197795777793971"	25000	"slope"	0.033867381115
"0.95"	"0.0"	"0.25"	"0.01"	"0.005"	"0.01"	"100000"	"10000"	"200"	"3601197795777793971"	25000	"intercept"	0.87804842
"0.95"	"0.0"	"0.25"	"0.01"	"0.005"	"0.01"	"100000"	"10000"	"200"	"3601197795777793971"	30000	"slope"	0.03632491855
"0.95"	"0.0"	"0.25"	"0.01"	"0.005"	"0.01"	"100000"	"10000"	"200"	"3601197795777793971"	30000	"intercept"	0.88207219
"0.95"	"0.0"	"0.25"	"0.01"	"0.005"	"0.01"	"100000"	"10000"	"200"	"3601197795777793971"	35000	"slope"	0.04651515446
"0.95"	"0.0"	"0.25"	"0.01"	"0.005"	"0.01"	"100000"	"10000"	"200"	"3601197795777793971"	35000	"intercept"	0.87663145
"0.95"	"0.0"	"0.25"	"0.01"	"0.005"	"0.01"	"100000"	"10000"	"200"	"3601197795777793971"	40000	"slope"	0.02148609163
"0.95"	"0.0"	"0.25"	"0.01"	"0.005"	"0.01"	"100000"	"10000"	"200"	"3601197795777793971"	40000	"intercept"	0.881400495
"0.95"	"0.0"	"0.25"	"0.01"	"0.005"	"0.01"	"100000"	"10000"	"200"	"3601197795777793971"	45000	"slope"	0.03587514646
"0.95"	"0.0"	"0.25"	"0.01"	"0.005"	"0.01"	"100000"	"10000"	"200"	"3601197795777793971"	45000	"intercept"	0.881599995
"0.95"	"0.0"	"0.25"	"0.01"	"0.005"	"0.01"	"100000"	"10000"	"200"	"3601197795777793971"	50000	"slope"	0.04347088796
"0.95"	"0.0"	"0.25"	"0.01"	"0.005"	"0.01"	"100000"	"10000"	"200"	"3601197795777793971"	50000	"intercept"	0.87273932
"0.95"	"0.0"	"0.25"	"0.01"	"0.005"	"0.01"	"100000"	"10000"	"200"	"3601197795777793971"	55000	"slope"	0.03079499467
"0.95"	"0.0"	"0.25"	"0.01"	"0.005"	"0.01"	"100000"	"10000"	"200"	"3601197795777793971"	55000	"intercept"	0.8804688
"0.95"	"0.0"	"0.25"	"0.01"	"0.005"	"0.01"	"100000"	"10000"	"200"	"3601197795777793971"	60000	"slope"	0.0500651278
"0.95"	"0.0"	"0.25"	"0.01"	"0.005"	"0.01"	"100000"	"10000"	"200"	"3601197795777793971"	60000	"intercept"	0.87109664
"0.95"	"0.0"	"0.25"	"0.01"	"0.005"	"0.01"	"100000"	"10000"	"200"	"3601197795777793971"	65000	"slope"	0.04433694427
"0.95"	"0.0"	"0.25"	"0.01"	"0.005"	"0.01"	"100000"	"10000"	"200"	"3601197795777793971"	65000	"intercept"	0.87002386
"0.95"	"0.0"	"0.25"	"0.01"	"0.005"	"0.01"	"100000"	"10000"	"200"	"3601197795777793971"	70000	"slope"	0.035964155995
"0.95"	"0.0"	"0.25"	"0.01"	"0.005"	"0.01"	"100000"	"10000"	"200"	"3601197795777793971"	70000	"intercept"	0.878066505
"0.95"	"0.0"	"0.25"	"0.01"	"0.005"	"0.01"	"100000"	"10000"	"200"	"3601197795777793971"	75000	"slope"	0.03069301692
"0.95"	"0.0"	"0.25"	"0.01"	"0.005"	"0.01"	"100000"	"10000"	"200"	"3601197795777793971"	75000	"intercept"	0.87981454
"0.95"	"0.0"	"0.25"	"0.01"	"0.005"	"0.01"	"100000"	"10000"	"200"	"3601197795777793971"	80000	"slope"	0.02558168175
"0.95"	"0.0"	"0.25"	"0.01"	"0.005"	"0.01"	"100000"	"10000"	"200"	"3601197795777793971"	80000	"intercept"	0.88273667
"0.95"	"0.0"	"0.25"	"0.01"	"0.005"	"0.01"	"100000"	"10000"	"200"	"3601197795777793971"	85000	"slope"	0.0341564275
"0.95"	"0.0"	"0.25"	"0.01"	"0.005"	"0.01"	"100000"	"10000"	"200"	"3601197795777793971"	85000	"intercept"	0.87509089
"0.95"	"0.0"	"0.25"	"0.01"	"0.005"	"0.01"	"100000"	"10000"	"200"	"3601197795777793971"	90000	"slope"	0.023199481355
"0.95"	"0.0"	"0.25"	"0.01"	"0.005"	"0.01"	"100000"	"10000"	"200"	"3601197795777793971"	90000	"intercept"	0.88243888
"0.95"	"0.0"	"0.25"	"0.01"	"0.005"	"0.01"	"100000"	"10000"	"200"	"3601197795777793971"	95000	"slope"	0.03228549571
"0.95"	"0.0"	"0.25"	"0.01"	"0.005"	"0.01"	"100000"	"10000"	"200"	"3601197795777793971"	95000	"intercept"	0.882030135
"0.95"	"0.0"	"0.25"	"0.01"	"0.005"	"0.01"	"100000"	"10000"	"200"	"3601197795777793971"	100000	"slope"	0.0374010879
"0.95"	"0.0"	"0.25"	"0.01"	"0.005"	"0.01"	"100000"	"10000"	"200"	"3601197795777793971"	100000	"intercept"	0.877540585
"0.95"	"0.0"	"0.25"	"0.01"	"0.005"	"0.01"	"100000"	"10000"	"200"	"4143781865266596148"	10	"slope"	-0.00019954395
"0.95"	"0.0"	"0.25"	"0.01"	"0.005"	"0.01"	"100000"	"10000"	"200"	"4143781865266596148"	10	"intercept"	0.49975229
"0.95"	"0.0"	"0.25"	"0.01"	"0.005"	"0.01"	"100000"	"10000"	"200"	"4143781865266596148"	5000	"slope"	0.06070214235
"0.95"	"0.0"	"0.25"	"0.01"	"0.005"	"0.01"	"100000"	"10000"	"200"	"4143781865266596148"	5000	"intercept"	0.86555566
"0.95"	"0.0"	"0.25"	"0.01"	"0.005"	"0.01"	"100000"	"10000"	"200"	"4143781865266596148"	10000	"slope"	0.03486039325
"0.95"	"0.0"	"0.25"	"0.01"	"0.005"	"0.01"	"100000"	"10000"	"200"	"4143781865266596148"	10000	"intercept"	0.87912868
"0.95"	"0.0"	"0.25"	"0.01"	"0.005"	"0.01"	"100000"	"10000"	"200"	"4143781865266596148"	15000	"slope"	0.06271720875
"0.95"	"0.0"	"0.25"	"0.01"	"0.005"	"0.01"	"100000"	"10000"	"200"	"4143781865266596148"	15000	"intercept"	0.862731605
"0.95"	"0.0"	"0.25"	"0.01"	"0.005"	"0.01"	"100000"	"10000"	"200"	"4143781865266596148"	20000	"slope"	0.042269749555
"0.95"	"0.0"	"0.25"	"0.01"	"0.005"	"0.01"	"100000"	"10000"	"200"	"4143781865266596148"	20000	"intercept"	0.873859875
"0.95"	"0.0"	"0.25"	"0.01"	"0.005"	"0.01"	"100000"	"10000"	"200"	"4143781865266596148"	25000	"slope"	0.0432596035
"0.95"	"0.0"	"0.25"	"0.01"	"0.005"	"0.01"	"100000"	"10000"	"200"	"4143781865266596148"	25000	"intercept"	0.875333725
"0.95"	"0.0"	"0.25"	"0.01"	"0.005"	"0.01"	"100000"	"10000"	"200"	"4143781865266596148"	30000	"slope"	0.03601701076
"0.95"	"0.0"	"0.25"	"0.01"	"0.005"	"0.01"	"100000"	"10000"	"200"	"4143781865266596148"	30000	"intercept"	0.87619972
"0.95"	"0.0"	"0.25"	"0.01"	"0.005"	"0.01"	"100000"	"10000"	"200"	"4143781865266596148"	35000	"slope"	0.0334537757
"0.95"	"0.0"	"0.25"	"0.01"	"0.005"	"0.01"	"100000"	"10000"	"200"	"4143781865266596148"	35000	"intercept"	0.88035919
"0.95"	"0.0"	"0.25"	"0.01"	"0.005"	"0.01"	"100000"	"10000"	"200"	"4143781865266596148"	40000	"slope"	0.013238192995
"0.95"	"0.0"	"0.25"	"0.01"	"0.005"	"0.01"	"100000"	"10000"	"200"	"4143781865266596148"	40000	"intercept"	0.891533545
"0.95"	"0.0"	"0.25"	"0.01"	"0.005"	"0.01"	"100000"	"10000"	"200"	"4143781865266596148"	45000	"slope"	0.03105574663
"0.95"	"0.0"	"0.25"	"0.01"	"0.005"	"0.01"	"100000"	"10000"	"200"	"4143781865266596148"	45000	"intercept"	0.880154085
"0.95"	"0.0"	"0.25"	"0.01"	"0.005"	"0.01"	"100000"	"10000"	"200"	"4143781865266596148"	50000	"slope"	0.028828548535
"0.95"	"0.0"	"0.25"	"0.01"	"0.005"	"0.01"	"100000"	"10000"	"200"	"4143781865266596148"	50000	"intercept"	0.887174435
"0.95"	"0.0"	"0.25"	"0.01"	"0.005"	"0.01"	"100000"	"10000"	"200"	"4143781865266596148"	55000	"slope"	0.0344703066
"0.95"	"0.0"	"0.25"	"0.01"	"0.005"	"0.01"	"100000"	"10000"	"200"	"4143781865266596148"	55000	"intercept"	0.876344085
"0.95"	"0.0"	"0.25"	"0.01"	"0.005"	"0.01"	"100000"	"10000"	"200"	"4143781865266596148"	60000	"slope"	0.03067237486
"0.95"	"0.0"	"0.25"	"0.01"	"0.005"	"0.01"	"100000"	"10000"	"200"	"4143781865266596148"	60000	"intercept"	0.881300125
"0.95"	"0.0"	"0.25"	"0.01"	"0.005"	"0.01"	"100000"	"10000"	"200"	"4143781865266596148"	65000	"slope"	0.0452935246
"0.95"	"0.0"	"0.25"	"0.01"	"0.005"	"0.01"	"100000"	"10000"	"200"	"4143781865266596148"	65000	"intercept"	0.878030005
"0.95"	"0.0"	"0.25"	"0.01"	"0.005"	"0.01"	"100000"	"10000"	"200"	"4143781865266596148"	70000	"slope"	0.0318202154013
"0.95"	"0.0"	"0.25"	"0.01"	"0.005"	"0.01"	"100000"	"10000"	"200"	"4143781865266596148"	70000	"intercept"	0.879768405
"0.95"	"0.0"	"0.25"	"0.01"	"0.005"	"0.01"	"100000"	"10000"	"200"	"4143781865266596148"	75000	"slope"	0.03194199972
"0.95"	"0.0"	"0.25"	"0.01"	"0.005"	"0.01"	"100000"	"10000"	"200"	"4143781865266596148"	75000	"intercept"	0.88145817
"0.95"	"0.0"	"0.25"	"0.01"	"0.005"	"0.01"	"100000"	"10000"	"200"	"4143781865266596148"	80000	"slope"	0.029073668875
"0.95"	"0.0"	"0.25"	"0.01"	"0.005"	"0.01"	"100000"	"10000"	"200"	"4143781865266596148"	80000	"intercept"	0.882552005
"0.95"	"0.0"	"0.25"	"0.01"	"0.005"	"0.01"	"100000"	"10000"	"200"	"4143781865266596148"	85000	"slope"	0.02472614818
"0.95"	"0.0"	"0.25"	"0.01"	"0.005"	"0.01"	"100000"	"10000"	"200"	"4143781865266596148"	85000	"intercept"	0.880688175
"0.95"	"0.0"	"0.25"	"0.01"	"0.005"	"0.01"	"100000"	"10000"	"200"	"4143781865266596148"	90000	"slope"	0.0325937129
"0.95"	"0.0"	"0.25"	"0.01"	"0.005"	"0.01"	"100000"	"10000"	"200"	"4143781865266596148"	90000	"intercept"	0.880747
"0.95"	"0.0"	"0.25"	"0.01"	"0.005"	"0.01"	"100000"	"10000"	"200"	"4143781865266596148"	95000	"slope"	0.040761450015
"0.95"	"0.0"	"0.25"	"0.01"	"0.005"	"0.01"	"100000"	"10000"	"200"	"4143781865266596148"	95000	"intercept"	0.87940518
"0.95"	"0.0"	"0.25"	"0.01"	"0.005"	"0.01"	"100000"	"10000"	"200"	"4143781865266596148"	100000	"slope"	0.05460470169
"0.95"	"0.0"	"0.25"	"0.01"	"0.005"	"0.01"	"100000"	"10000"	"200"	"4143781865266596148"	100000	"intercept"	0.869195445
"0.95"	"0.4"	"0.25"	"0.01"	"0.005"	"0.01"	"100000"	"10000"	"200"	"2213454175815164055"	10	"slope"	-2.26418203e-05
"0.95"	"0.4"	"0.25"	"0.01"	"0.005"	"0.01"	"100000"	"10000"	"200"	"2213454175815164055"	10	"intercept"	0.49984018
"0.95"	"0.4"	"0.25"	"0.01"	"0.005"	"0.01"	"100000"	"10000"	"200"	"2213454175815164055"	5000	"slope"	0.085060142
"0.95"	"0.4"	"0.25"	"0.01"	"0.005"	"0.01"	"100000"	"10000"	"200"	"2213454175815164055"	5000	"intercept"	0.82433783
"0.95"	"0.4"	"0.25"	"0.01"	"0.005"	"0.01"	"100000"	"10000"	"200"	"2213454175815164055"	10000	"slope"	0.035129161425
"0.95"	"0.4"	"0.25"	"0.01"	"0.005"	"0.01"	"100000"	"10000"	"200"	"2213454175815164055"	10000	"intercept"	0.85103799
"0.95"	"0.4"	"0.25"	"0.01"	"0.005"	"0.01"	"100000"	"10000"	"200"	"2213454175815164055"	15000	"slope"	-0.03246690842
"0.95"	"0.4"	"0.25"	"0.01"	"0.005"	"0.01"	"100000"	"10000"	"200"	"2213454175815164055"	15000	"intercept"	0.87947062
"0.95"	"0.4"	"0.25"	"0.01"	"0.005"	"0.01"	"100000"	"10000"	"200"	"2213454175815164055"	20000	"slope"	-0.016434504155
"0.95"	"0.4"	"0.25"	"0.01"	"0.005"	"0.01"	"100000"	"10000"	"200"	"2213454175815164055"	20000	"intercept"	0.8754287
"0.95"	"0.4"	"0.25"	"0.01"	"0.005"	"0.01"	"100000"	"10000"	"200"	"2213454175815164055"	25000	"slope"	-0.0044515909575
"0.95"	"0.4"	"0.25"	"0.01"	"0.005"	"0.01"	"100000"	"10000"	"200"	"2213454175815164055"	25000	"intercept"	0.863708305
"0.95"	"0.4"	"0.25"	"0.01"	"0.005"	"0.01"	"100000"	"10000"	"200"	"2213454175815164055"	30000	"slope"	-0.017410643098
"0.95"	"0.4"	"0.25"	"0.01"	"0.005"	"0.01"	"100000"	"10000"	"200"	"2213454175815164055"	30000	"intercept"	0.87542428
"0.95"	"0.4"	"0.25"	"0.01"	"0.005"	"0.01"	"100000"	"10000"	"200"	"2213454175815164055"	35000	"slope"	-0.02176855304
"0.95"	"0.4"	"0.25"	"0.01"	"0.005"	"0.01"	"100000"	"10000"	"200"	"2213454175815164055"	35000	"intercept"	0.87723835
"0.95"	"0.4"	"0.25"	"0.01"	"0.005"	"0.01"	"100000"	"10000"	"200"	"2213454175815164055"	40000	"slope"	-0.0249902441
"0.95"	"0.4"	"0.25"	"0.01"	"0.005"	"0.01"	"100000"	"10000"	"200"	"2213454175815164055"	40000	"intercept"	0.88134525
"0.95"	"0.4"	"0.25"	"0.01"	"0.005"	"0.01"	"100000"	"10000"	"200"	"2213454175815164055"	45000	"slope"	-0.010220712903
"0.95"	"0.4"	"0.25"	"0.01"	"0.005"	"0.01"	"100000"	"10000"	"200"	"2213454175815164055"	45000	"intercept"	0.874740445
"0.95"	"0.4"	"0.25"	"0.01"	"0.005"	"0.01"	"100000"	"10000"	"200"	"2213454175815164055"	50000	"slope"	-0.026595026039
"0.95"	"0.4"	"0.25"	"0.01"	"0.005"	"0.01"	"100000"	"10000"	"200"	"2213454175815164055"	50000	"intercept"	0.88422089
"0.95"	"0.4"	"0.25"	"0.01"	"0.005"	"0.01"	"100000"	"10000"	"200"	"2213454175815164055"	55000	"slope"	-0.03032717863
"0.95"	"0.4"	"0.25"	"0.01"	"0.005"	"0.01"	"100000"	"10000"	"200"	"2213454175815164055"	55000	"intercept"	0.8819804
"0.95"	"0.4"	"0.25"	"0.01"	"0.005"	"0.01"	"100000"	"10000"	"200"	"2213454175815164055"	60000	"slope"	-0.0354292575
"0.95"	"0.4"	"0.25"	"0.01"	"0.005"	"0.01"	"100000"	"10000"	"200"	"2213454175815164055"	60000	"intercept"	0.88458151
"0.95"	"0.4"	"0.25"	"0.01"	"0.005"	"0.01"	"100000"	"10000"	"200"	"2213454175815164055"	65000	"slope"	-0.0260072295
"0.95"	"0.4"	"0.25"	"0.01"	"0.005"	"0.01"	"100000"	"10000"	"200"	"2213454175815164055"	65000	"intercept"	0.871445155
"0.95"	"0.4"	"0.25"	"0.01"	"0.005"	"0.01"	"100000"	"10000"	"200"	"2213454175815164055"	70000	"slope"	-0.02559633945
"0.95"	"0.4"	"0.25"	"0.01"	"0.005"	"0.01"	"100000"	"10000"	"200"	"2213454175815164055"	70000	"intercept"	0.878345195
"0.95"	"0.4"	"0.25"	"0.01"	"0.005"	"0.01"	"100000"	"10000"	"200"	"2213454175815164055"	75000	"slope"	-0.032080986465
"0.95"	"0.4"	"0.25"	"0.01"	"0.005"	"0.01"	"100000"	"10000"	"200"	"2213454175815164055"	75000	"intercept"	0.88294222
"0.95"	"0.4"	"0.25"	"0.01"	"0.005"	"0.01"	"100000"	"10000"	"200"	"2213454175815164055"	80000	"slope"	0.00091694468
"0.95"	"0.4"	"0.25"	"0.01"	"0.005"	"0.01"	"100000"	"10000"	"200"	"2213454175815164055"	80000	"intercept"	0.864513385
"0.95"	"0.4"	"0.25"	"0.01"	"0.005"	"0.01"	"100000"	"10000"	"200"	"2213454175815164055"	85000	"slope"	-0.02766469146
"0.95"	"0.4"	"0.25"	"0.01"	"0.005"	"0.01"	"100000"	"10000"	"200"	"2213454175815164055"	85000	"intercept"	0.88056362
"0.95"	"0.4"	"0.25"	"0.01"	"0.005"	"0.01"	"100000"	"10000"	"200"	"2213454175815164055"	90000	"slope"	-0.019668190015
"0.95"	"0.4"	"0.25"	"0.01"	"0.005"	"0.01"	"100000"	"10000"	"200"	"2213454175815164055"	90000	"intercept"	0.875482375
"0.95"	"0.4"	"0.25"	"0.01"	"0.005"	"0.01"	"100000"	"10000"	"200"	"2213454175815164055"	95000	"slope"	-0.026512183025
"0.95"	"0.4"	"0.25"	"0.01"	"0.005"	"0.01"	"100000"	"10000"	"200"	"2213454175815164055"	95000	"intercept"	0.881993145
"0.95"	"0.4"	"0.25"	"0.01"	"0.005"	"0.01"	"100000"	"10000"	"200"	"2213454175815164055"	100000	"slope"	-0.02635412462
"0.95"	"0.4"	"0.25"	"0.01"	"0.005"	"0.01"	"100000"	"10000"	"200"	"2213454175815164055"	100000	"intercept"	0.882435555
"0.95"	"0.4"	"0.25"	"0.01"	"0.005"	"0.01"	"100000"	"10000"	"200"	"8876470096226044141"	10	"slope"	-4.639204e-05
"0.95"	"0.4"	"0.25"	"0.01"	"0.005"	"0.01"	"100000"	"10000"	"200"	"8876470096226044141"	10	"intercept"	0.500011595
"0.95"	"0.4"	"0.25"	"0.01"	"0.005"	"0.01"	"100000"	"10000"	"200"	"8876470096226044141"	5000	"slope"	0.07031314105
"0.95"	"0.4"	"0.25"	"0.01"	"0.005"	"0.01"	"100000"	"10000"	"200"	"8876470096226044141"	5000	"intercept"	0.829921345
"0.95"	"0.4"	"0.25"	"0.01"	"0.005"	"0.01"	"100000"	"10000"	"200"	"8876470096226044141"	10000	"slope"	0.009285797951
"0.95"	"0.4"	"0.25"	"0.01"	"0.005"	"0.01"	"100000"	"10000"	"200"	"8876470096226044141"	10000	"intercept"	0.864567065
"0.95"	"0.4"	"0.25"	"0.01"	"0.005"	"0.01"	"100000"	"10000"	"200"	"8876470096226044141"	15000	"slope"	-0.0232279992
"0.95"	"0.4"	"0.25"	"0.01"	"0.005"	"0.01"	"100000"	"10000"	"200"	"8876470096226044141"	15000	"intercept"	0.879933235
"0.95"	"0.4"	"0.25"	"0.01"	"0.005"	"0.01"	"100000"	"10000"	"200"	"8876470096226044141"	20000	"slope"	-0.036106429455
"0.95"	"0.4"	"0.25"	"0.01"	"0.005"	"0.01"	"100000"	"10000"	"200"	"8876470096226044141"	20000	"intercept"	0.886093225
"0.95"	"0.4"	"0.25"	"0.01"	"0.005"	"0.01"	"100000"	"10000"	"200"	"8876470096226044141"	25000	"slope"	-0.03019064776
"0.95"	"0.4"	"0.25"	"0.01"	"0.005"	"0.01"	"100000"	"10000"	"200"	"8876470096226044141"	25000	"intercept"	0.88007456
"0.95"	"0.4"	"0.25"	"0.01"	"0.005"	"0.01"	"100000"	"10000"	"200"	"8876470096226044141"	30000	"slope"	-0.031831168735
"0.95"	"0.4"	"0.25"	"0.01"	"0.005"	"0.01"	"100000"	"10000"	"200"	"8876470096226044141"	30000	"intercept"	0.878906655
"0.95"	"0.4"	"0.25"	"0.01"	"0.005"	"0.01"	"100000"	"10000"	"200"	"8876470096226044141"	35000	"slope"	-0.03250489055
"0.95"	"0.4"	"0.25"	"0.01"	"0.005"	"0.01"	"100000"	"10000"	"200"	"8876470096226044141"	35000	"intercept"	0.88168913
"0.95"	"0.4"	"0.25"	"0.01"	"0.005"	"0.01"	"100000"	"10000"	"200"	"8876470096226044141"	40000	"slope"	-0.013981272335
"0.95"	"0.4"	"0.25"	"0.01"	"0.005"	"0.01"	"100000"	"10000"	"200"	"8876470096226044141"	40000	"intercept"	0.87252657
"0.95"	"0.4"	"0.25"	"0.01"	"0.005"	"0.01"	"100000"	"10000"	"200"	"8876470096226044141"	45000	"slope"	-0.02570648448
"0.95"	"0.4"	"0.25"	"0.01"	"0.005"	"0.01"	"100000"	"10000"	"200"	"8876470096226044141"	45000	"intercept"	0.883904805
"0.95"	"0.4"	"0.25"	"0.01"	"0.005"	"0.01"	"100000"	"10000"	"200"	"8876470096226044141"	50000	"slope"	0.0002172999385
"0.95"	"0.4"	"0.25"	"0.01"	"0.005"	"0.01"	"100000"	"10000"	"200"	"8876470096226044141"	50000	"intercept"	0.870959
"0.95"	"0.4"	"0.25"	"0.01"	"0.005"	"0.01"	"100000"	"10000"	"200"	"8876470096226044141"	55000	"slope"	-0.0210378115
"0.95"	"0.4"	"0.25"	"0.01"	"0.005"	"0.01"	"100000"	"10000"	"200"	"8876470096226044141"	55000	"intercept"	0.87967455
"0.95"	"0.4"	"0.25"	"0.01"	"0.005"	"0.01"	"100000"	"10000"	"200"	"8876470096226044141"	60000	"slope"	-0.02574676119
"0.95"	"0.4"	"0.25"	"0.01"	"0.005"	"0.01"	"100000"	"10000"	"200"	"8876470096226044141"	60000	"intercept"	0.875969665
"0.95"	"0.4"	"0.25"	"0.01"	"0.005"	"0.01"	"100000"	"10000"	"200"	"8876470096226044141"	65000	"slope"	-0.020671823995
"0.95"	"0.4"	"0.25"	"0.01"	"0.005"	"0.01"	"100000"	"10000"	"200"	"8876470096226044141"	65000	"intercept"	0.87853936
"0.95"	"0.4"	"0.25"	"0.01"	"0.005"	"0.01"	"100000"	"10000"	"200"	"8876470096226044141"	70000	"slope"	-0.032830737561
"0.95"	"0.4"	"0.25"	"0.01"	"0.005"	"0.01"	"100000"	"10000"	"200"	"8876470096226044141"	70000	"intercept"	0.88184674
"0.95"	"0.4"	"0.25"	"0.01"	"0.005"	"0.01"	"100000"	"10000"	"200"	"8876470096226044141"	75000	"slope"	-0.03209929016
"0.95"	"0.4"	"0.25"	"0.01"	"0.005"	"0.01"	"100000"	"10000"	"200"	"8876470096226044141"	75000	"intercept"	0.887242775
"0.95"	"0.4"	"0.25"	"0.01"	"0.005"	"0.01"	"100000"	"10000"	"200"	"8876470096226044141"	80000	"slope"	-0.038015259189
"0.95"	"0.4"	"0.25"	"0.01"	"0.005"	"0.01"	"100000"	"10000"	"200"	"8876470096226044141"	80000	"intercept"	0.885714
"0.95"	"0.4"	"0.25"	"0.01"	"0.005"	"0.01"	"100000"	"10000"	"200"	"8876470096226044141"	85000	"slope"	-0.023555811325
"0.95"	"0.4"	"0.25"	"0.01"	"0.005"	"0.01"	"100000"	"10000"	"200"	"8876470096226044141"	85000	"intercept"	0.88417305
"0.95"	"0.4"	"0.25"	"0.01"	"0.005"	"0.01"	"100000"	"10000"	"200"	"8876470096226044141"	90000	"slope"	-0.013615007725
"0.95"	"0.4"	"0.25"	"0.01"	"0.005"	"0.01"	"100000"	"10000"	"200"	"8876470096226044141"	90000	"intercept"	0.87070698
"0.95"	"0.4"	"0.25"	"0.01"	"0.005"	"0.01"	"100000"	"10000"	"200"	"8876470096226044141"	95000	"slope"	-0.036051334995
"0.95"	"0.4"	"0.25"	"0.01"	"0.005"	"0.01"	"100000"	"10000"	"200"	"8876470096226044141"	95000	"intercept"	0.88129591
"0.95"	"0.4"	"0.25"	"0.01"	"0.005"	"0.01"	"100000"	"10000"	"200"	"8876470096226044141"	100000	"slope"	-0.01794607744
"0.95"	"0.4"	"0.25"	"0.01"	"0.005"	"0.01"	"100000"	"10000"	"200"	"8876470096226044141"	100000	"intercept"	0.87684358
"0.95"	"0.4"	"0.25"	"0.01"	"0.005"	"0.01"	"100000"	"10000"	"200"	"8970707854533809831"	10	"slope"	0.0001837004
"0.95"	"0.4"	"0.25"	"0.01"	"0.005"	"0.01"	"100000"	"10000"	"200"	"8970707854533809831"	10	"intercept"	0.50006019
"0.95"	"0.4"	"0.25"	"0.01"	"0.005"	"0.01"	"100000"	"10000"	"200"	"8970707854533809831"	5000	"slope"	0.0742721435
"0.95"	"0.4"	"0.25"	"0.01"	"0.005"	"0.01"	"100000"	"10000"	"200"	"8970707854533809831"	5000	"intercept"	0.832297465
"0.95"	"0.4"	"0.25"	"0.01"	"0.005"	"0.01"	"100000"	"10000"	"200"	"8970707854533809831"	10000	"slope"	0.041113234235
"0.95"	"0.4"	"0.25"	"0.01"	"0.005"	"0.01"	"100000"	"10000"	"200"	"8970707854533809831"	10000	"intercept"	0.850096105
"0.95"	"0.4"	"0.25"	"0.01"	"0.005"	"0.01"	"100000"	"10000"	"200"	"8970707854533809831"	15000	"slope"	0.01350103865
"0.95"	"0.4"	"0.25"	"0.01"	"0.005"	"0.01"	"100000"	"10000"	"200"	"8970707854533809831"	15000	"intercept"	0.8676573
"0.95"	"0.4"	"0.25"	"0.01"	"0.005"	"0.01"	"100000"	"10000"	"200"	"8970707854533809831"	20000	"slope"	-0.014082103695
"0.95"	"0.4"	"0.25"	"0.01"	"0.005"	"0.01"	"100000"	"10000"	"200"	"8970707854533809831"	20000	"intercept"	0.87481176
"0.95"	"0.4"	"0.25"	"0.01"	"0.005"	"0.01"	"100000"	"10000"	"200"	"8970707854533809831"	25000	"slope"	-0.04582887544
"0.95"	"0.4"	"0.25"	"0.01"	"0.005"	"0.01"	"100000"	"10000"	"200"	"8970707854533809831"	25000	"intercept"	0.88717015
"0.95"	"0.4"	"0.25"	"0.01"	"0.005"	"0.01"	"100000"	"10000"	"200"	"8970707854533809831"	30000	"slope"	-0.01780827994
"0.95"	"0.4"	"0.25"	"0.01"	"0.005"	"0.01"	"100000"	"10000"	"200"	"8970707854533809831"	30000	"intercept"	0.87985464
"0.95"	"0.4"	"0.25"	"0.01"	"0.005"	"0.01"	"100000"	"10000"	"200"	"8970707854533809831"	35000	"slope"	-0.009468278555
"0.95"	"0.4"	"0.25"	"0.01"	"0.005"	"0.01"	"100000"	"10000"	"200"	"8970707854533809831"	35000	"intercept"	0.8757198
"0.95"	"0.4"	"0.25"	"0.01"	"0.005"	"0.01"	"100000"	"10000"	"200"	"8970707854533809831"	40000	"slope"	-0.00292307475
"0.95"	"0.4"	"0.25"	"0.01"	"0.005"	"0.01"	"100000"	"10000"	"200"	"8970707854533809831"	40000	"intercept"	0.86962985
"0.95"	"0.4"	"0.25"	"0.01"	"0.005"	"0.01"	"100000"	"10000"	"200"	"8970707854533809831"	45000	"slope"	-0.025109385215
"0.95"	"0.4"	"0.25"	"0.01"	"0.005"	"0.01"	"100000"	"10000"	"200"	"8970707854533809831"	45000	"intercept"	0.88215716
"0.95"	"0.4"	"0.25"	"0.01"	"0.005"	"0.01"	"100000"	"10000"	"200"	"8970707854533809831"	50000	"slope"	-0.019230831675
"0.95"	"0.4"	"0.25"	"0.01"	"0.005"	"0.01"	"100000"	"10000"	"200"	"8970707854533809831"	50000	"intercept"	0.88151005
"0.95"	"0.4"	"0.25"	"0.01"	"0.005"	"0.01"	"100000"	"10000"	"200"	"8970707854533809831"	55000	"slope"	-0.031805549044
"0.95"	"0.4"	"0.25"	"0.01"	"0.005"	"0.01"	"100000"	"10000"	"200"	"8970707854533809831"	55000	"intercept"	0.88339562
"0.95"	"0.4"	"0.25"	"0.01"	"0.005"	"0.01"	"100000"	"10000"	"200"	"8970707854533809831"	60000	"slope"	-0.03098908746
"0.95"	"0.4"	"0.25"	"0.01"	"0.005"	"0.01"	"100000"	"10000"	"200"	"8970707854533809831"	60000	"intercept"	0.878904055
"0.95"	"0.4"	"0.25"	"0.01"	"0.005"	"0.01"	"100000"	"10000"	"200"	"8970707854533809831"	65000	"slope"	-0.040417794235
"0.95"	"0.4"	"0.25"	"0.01"	"0.005"	"0.01"	"100000"	"10000"	"200"	"8970707854533809831"	65000	"intercept"	0.885729585
"0.95"	"0.4"	"0.25"	"0.01"	"0.005"	"0.01"	"100000"	"10000"	"200"	"8970707854533809831"	70000	"slope"	-0.021578130305
"0.95"	"0.4"	"0.25"	"0.01"	"0.005"	"0.01"	"100000"	"10000"	"200"	"8970707854533809831"	70000	"intercept"	0.878271155
"0.95"	"0.4"	"0.25"	"0.01"	"0.005"	"0.01"	"100000"	"10000"	"200"	"8970707854533809831"	75000	"slope"	-0.0164592346
"0.95"	"0.4"	"0.25"	"0.01"	"0.005"	"0.01"	"100000"	"10000"	"200"	"8970707854533809831"	75000	"intercept"	0.869393225
"0.95"	"0.4"	"0.25"	"0.01"	"0.005"	"0.01"	"100000"	"10000"	"200"	"8970707854533809831"	80000	"slope"	0.002657391975
"0.95"	"0.4"	"0.25"	"0.01"	"0.005"	"0.01"	"100000"	"10000"	"200"	"8970707854533809831"	80000	"intercept"	0.86425152
"0.95"	"0.4"	"0.25"	"0.01"	"0.005"	"0.01"	"100000"	"10000"	"200"	"8970707854533809831"	85000	"slope"	-0.014451487515
"0.95"	"0.4"	"0.25"	"0.01"	"0.005"	"0.01"	"100000"	"10000"	"200"	"8970707854533809831"	85000	"intercept"	0.879398005
"0.95"	"0.4"	"0.25"	"0.01"	"0.005"	"0.01"	"100000"	"10000"	"200"	"8970707854533809831"	90000	"slope"	-0.03438447342
"0.95"	"0.4"	"0.25"	"0.01"	"0.005"	"0.01"	"100000"	"10000"	"200"	"8970707854533809831"	90000	"intercept"	0.881723945
"0.95"	"0.4"	"0.25"	"0.01"	"0.005"	"0.01"	"100000"	"10000"	"200"	"8970707854533809831"	95000	"slope"	-0.00698735688
"0.95"	"0.4"	"0.25"	"0.01"	"0.005"	"0.01"	"100000"	"10000"	"200"	"8970707854533809831"	95000	"intercept"	0.876017785
"0.95"	"0.4"	"0.25"	"0.01"	"0.005"	"0.01"	"100000"	"10000"	"200"	"8970707854533809831"	100000	"slope"	-0.03130676929
"0.95"	"0.4"	"0.25"	"0.01"	"0.005"	"0.01"	"100000"	"10000"	"200"	"8970707854533809831"	100000	"intercept"	0.88890692
"0.95"	"0.6"	"0.25"	"0.01"	"0.005"	"0.01"	"100000"	"10000"	"200"	"3112786921462371930"	10	"slope"	2.01263e-05
"0.95"	"0.6"	"0.25"	"0.01"	"0.005"	"0.01"	"100000"	"10000"	"200"	"3112786921462371930"	10	"intercept"	0.500119845
"0.95"	"0.6"	"0.25"	"0.01"	"0.005"	"0.01"	"100000"	"10000"	"200"	"3112786921462371930"	5000	"slope"	-0.001640032545
"0.95"	"0.6"	"0.25"	"0.01"	"0.005"	"0.01"	"100000"	"10000"	"200"	"3112786921462371930"	5000	"intercept"	0.832756285
"0.95"	"0.6"	"0.25"	"0.01"	"0.005"	"0.01"	"100000"	"10000"	"200"	"3112786921462371930"	10000	"slope"	-0.1074536255
"0.95"	"0.6"	"0.25"	"0.01"	"0.005"	"0.01"	"100000"	"10000"	"200"	"3112786921462371930"	10000	"intercept"	0.89077601
"0.95"	"0.6"	"0.25"	"0.01"	"0.005"	"0.01"	"100000"	"10000"	"200"	"3112786921462371930"	15000	"slope"	-0.1743120725
"0.95"	"0.6"	"0.25"	"0.01"	"0.005"	"0.01"	"100000"	"10000"	"200"	"3112786921462371930"	15000	"intercept"	0.91143157
"0.95"	"0.6"	"0.25"	"0.01"	"0.005"	"0.01"	"100000"	"10000"	"200"	"3112786921462371930"	20000	"slope"	-0.164073121
"0.95"	"0.6"	"0.25"	"0.01"	"0.005"	"0.01"	"100000"	"10000"	"200"	"3112786921462371930"	20000	"intercept"	0.90732508
"0.95"	"0.6"	"0.25"	"0.01"	"0.005"	"0.01"	"100000"	"10000"	"200"	"3112786921462371930"	25000	"slope"	-0.176516329
"0.95"	"0.6"	"0.25"	"0.01"	"0.005"	"0.01"	"100000"	"10000"	"200"	"3112786921462371930"	25000	"intercept"	0.91634945
"0.95"	"0.6"	"0.25"	"0.01"	"0.005"	"0.01"	"100000"	"10000"	"200"	"3112786921462371930"	30000	"slope"	-0.1926701845
"0.95"	"0.6"	"0.25"	"0.01"	"0.005"	"0.01"	"100000"	"10000"	"200"	"3112786921462371930"	30000	"intercept"	0.918392915
"0.95"	"0.6"	"0.25"	"0.01"	"0.005"	"0.01"	"100000"	"10000"	"200"	"3112786921462371930"	35000	"slope"	-0.164376804
"0.95"	"0.6"	"0.25"	"0.01"	"0.005"	"0.01"	"100000"	"10000"	"200"	"3112786921462371930"	35000	"intercept"	0.90944583
"0.95"	"0.6"	"0.25"	"0.01"	"0.005"	"0.01"	"100000"	"10000"	"200"	"3112786921462371930"	40000	"slope"	-0.167131925
"0.95"	"0.6"	"0.25"	"0.01"	"0.005"	"0.01"	"100000"	"10000"	"200"	"3112786921462371930"	40000	"intercept"	0.9073178
"0.95"	"0.6"	"0.25"	"0.01"	"0.005"	"0.01"	"100000"	"10000"	"200"	"3112786921462371930"	45000	"slope"	-0.1397573515
"0.95"	"0.6"	"0.25"	"0.01"	"0.005"	"0.01"	"100000"	"10000"	"200"	"3112786921462371930"	45000	"intercept"	0.90118191
"0.95"	"0.6"	"0.25"	"0.01"	"0.005"	"0.01"	"100000"	"10000"	"200"	"3112786921462371930"	50000	"slope"	-0.1542344975
"0.95"	"0.6"	"0.25"	"0.01"	"0.005"	"0.01"	"100000"	"10000"	"200"	"3112786921462371930"	50000	"intercept"	0.908993655
"0.95"	"0.6"	"0.25"	"0.01"	"0.005"	"0.01"	"100000"	"10000"	"200"	"3112786921462371930"	55000	"slope"	-0.1652359645
"0.95"	"0.6"	"0.25"	"0.01"	"0.005"	"0.01"	"100000"	"10000"	"200"	"3112786921462371930"	55000	"intercept"	0.910269835
"0.95"	"0.6"	"0.25"	"0.01"	"0.005"	"0.01"	"100000"	"10000"	"200"	"3112786921462371930"	60000	"slope"	-0.1568582545
"0.95"	"0.6"	"0.25"	"0.01"	"0.005"	"0.01"	"100000"	"10000"	"200"	"3112786921462371930"	60000	"intercept"	0.907263415
"0.95"	"0.6"	"0.25"	"0.01"	"0.005"	"0.01"	"100000"	"10000"	"200"	"3112786921462371930"	65000	"slope"	-0.1421370725
"0.95"	"0.6"	"0.25"	"0.01"	"0.005"	"0.01"	"100000"	"10000"	"200"	"3112786921462371930"	65000	"intercept"	0.898764605
"0.95"	"0.6"	"0.25"	"0.01"	"0.005"	"0.01"	"100000"	"10000"	"200"	"3112786921462371930"	70000	"slope"	-0.13969358425
"0.95"	"0.6"	"0.25"	"0.01"	"0.005"	"0.01"	"100000"	"10000"	"200"	"3112786921462371930"	70000	"intercept"	0.89987677
"0.95"	"0.6"	"0.25"	"0.01"	"0.005"	"0.01"	"100000"	"10000"	"200"	"3112786921462371930"	75000	"slope"	-0.1433590105
"0.95"	"0.6"	"0.25"	"0.01"	"0.005"	"0.01"	"100000"	"10000"	"200"	"3112786921462371930"	75000	"intercept"	0.90151368
"0.95"	"0.6"	"0.25"	"0.01"	"0.005"	"0.01"	"100000"	"10000"	"200"	"3112786921462371930"	80000	"slope"	-0.183733432
"0.95"	"0.6"	"0.25"	"0.01"	"0.005"	"0.01"	"100000"	"10000"	"200"	"3112786921462371930"	80000	"intercept"	0.915070565
"0.95"	"0.6"	"0.25"	"0.01"	"0.005"	"0.01"	"100000"	"10000"	"200"	"3112786921462371930"	85000	"slope"	-0.164845604
"0.95"	"0.6"	"0.25"	"0.01"	"0.005"	"0.01"	"100000"	"10000"	"200"	"3112786921462371930"	85000	"intercept"	0.915833245
"0.95"	"0.6"	"0.25"	"0.01"	"0.005"	"0.01"	"100000"	"10000"	"200"	"3112786921462371930"	90000	"slope"	-0.173033713
"0.95"	"0.6"	"0.25"	"0.01"	"0.005"	"0.01"	"100000"	"10000"	"200"	"3112786921462371930"	90000	"intercept"	0.912932535
"0.95"	"0.6"	"0.25"	"0.01"	"0.005"	"0.01"	"100000"	"10000"	"200"	"3112786921462371930"	95000	"slope"	-0.1125568985
"0.95"	"0.6"	"0.25"	"0.01"	"0.005"	"0.01"	"100000"	"10000"	"200"	"3112786921462371930"	95000	"intercept"	0.883476375
"0.95"	"0.6"	"0.25"	"0.01"	"0.005"	"0.01"	"100000"	"10000"	"200"	"3112786921462371930"	100000	"slope"	-0.155370635
"0.95"	"0.6"	"0.25"	"0.01"	"0.005"	"0.01"	"100000"	"10000"	"200"	"3112786921462371930"	100000	"intercept"	0.90629131
"0.95"	"0.6"	"0.25"	"0.01"	"0.005"	"0.01"	"100000"	"10000"	"200"	"6773579083823012370"	10	"slope"	7.2979545e-05
"0.95"	"0.6"	"0.25"	"0.01"	"0.005"	"0.01"	"100000"	"10000"	"200"	"6773579083823012370"	10	"intercept"	0.500201545
"0.95"	"0.6"	"0.25"	"0.01"	"0.005"	"0.01"	"100000"	"10000"	"200"	"6773579083823012370"	5000	"slope"	0.05183335786
"0.95"	"0.6"	"0.25"	"0.01"	"0.005"	"0.01"	"100000"	"10000"	"200"	"6773579083823012370"	5000	"intercept"	0.81330239
"0.95"	"0.6"	"0.25"	"0.01"	"0.005"	"0.01"	"100000"	"10000"	"200"	"6773579083823012370"	10000	"slope"	0.01473517007
"0.95"	"0.6"	"0.25"	"0.01"	"0.005"	"0.01"	"100000"	"10000"	"200"	"6773579083823012370"	10000	"intercept"	0.829811005
"0.95"	"0.6"	"0.25"	"0.01"	"0.005"	"0.01"	"100000"	"10000"	"200"	"6773579083823012370"	15000	"slope"	-0.06792261384
"0.95"	"0.6"	"0.25"	"0.01"	"0.005"	"0.01"	"100000"	"10000"	"200"	"6773579083823012370"	15000	"intercept"	0.87175544
"0.95"	"0.6"	"0.25"	"0.01"	"0.005"	"0.01"	"100000"	"10000"	"200"	"6773579083823012370"	20000	"slope"	-0.11545359
"0.95"	"0.6"	"0.25"	"0.01"	"0.005"	"0.01"	"100000"	"10000"	"200"	"6773579083823012370"	20000	"intercept"	0.88366671
"0.95"	"0.6"	"0.25"	"0.01"	"0.005"	"0.01"	"100000"	"10000"	"200"	"6773579083823012370"	25000	"slope"	-0.1476673845
"0.95"	"0.6"	"0.25"	"0.01"	"0.005"	"0.01"	"100000"	"10000"	"200"	"6773579083823012370"	25000	"intercept"	0.900081065
"0.95"	"0.6"	"0.25"	"0.01"	"0.005"	"0.01"	"100000"	"10000"	"200"	"6773579083823012370"	30000	"slope"	-0.17512693
"0.95"	"0.6"	"0.25"	"0.01"	"0.005"	"0.01"	"100000"	"10000"	"200"	"6773579083823012370"	30000	"intercept"	0.91161035
"0.95"	"0.6"	"0.25"	"0.01"	"0.005"	"0.01"	"100000"	"10000"	"200"	"6773579083823012370"	35000	"slope"	-0.17984556
"0.95"	"0.6"	"0.25"	"0.01"	"0.005"	"0.01"	"100000"	"10000"	"200"	"6773579083823012370"	35000	"intercept"	0.918699045
"0.95"	"0.6"	"0.25"	"0.01"	"0.005"	"0.01"	"100000"	"10000"	"200"	"6773579083823012370"	40000	"slope"	-0.17522336
"0.95"	"0.6"	"0.25"	"0.01"	"0.005"	"0.01"	"100000"	"10000"	"200"	"6773579083823012370"	40000	"intercept"	0.916601005
"0.95"	"0.6"	"0.25"	"0.01"	"0.005"	"0.01"	"100000"	"10000"	"200"	"6773579083823012370"	45000	"slope"	-0.165554546
"0.95"	"0.6"	"0.25"	"0.01"	"0.005"	"0.01"	"100000"	"10000"	"200"	"6773579083823012370"	45000	"intercept"	0.911085
"0.95"	"0.6"	"0.25"	"0.01"	"0.005"	"0.01"	"100000"	"10000"	"200"	"6773579083823012370"	50000	"slope"	-0.1627821715
"0.95"	"0.6"	"0.25"	"0.01"	"0.005"	"0.01"	"100000"	"10000"	"200"	"6773579083823012370"	50000	"intercept"	0.90883402
"0.95"	"0.6"	"0.25"	"0.01"	"0.005"	"0.01"	"100000"	"10000"	"200"	"6773579083823012370"	55000	"slope"	-0.136769543
"0.95"	"0.6"	"0.25"	"0.01"	"0.005"	"0.01"	"100000"	"10000"	"200"	"6773579083823012370"	55000	"intercept"	0.896266085
"0.95"	"0.6"	"0.25"	"0.01"	"0.005"	"0.01"	"100000"	"10000"	"200"	"6773579083823012370"	60000	"slope"	-0.140074021
"0.95"	"0.6"	"0.25"	"0.01"	"0.005"	"0.01"	"100000"	"10000"	"200"	"6773579083823012370"	60000	"intercept"	0.90386933
"0.95"	"0.6"	"0.25"	"0.01"	"0.005"	"0.01"	"100000"	"10000"	"200"	"6773579083823012370"	65000	"slope"	-0.143519532
"0.95"	"0.6"	"0.25"	"0.01"	"0.005"	"0.01"	"100000"	"10000"	"200"	"6773579083823012370"	65000	"intercept"	0.899048735
"0.95"	"0.6"	"0.25"	"0.01"	"0.005"	"0.01"	"100000"	"10000"	"200"	"6773579083823012370"	70000	"slope"	-0.150829046
"0.95"	"0.6"	"0.25"	"0.01"	"0.005"	"0.01"	"100000"	"10000"	"200"	"6773579083823012370"	70000	"intercept"	0.908685725
"0.95"	"0.6"	"0.25"	"0.01"	"0.005"	"0.01"	"100000"	"10000"	"200"	"6773579083823012370"	75000	"slope"	-0.1509403675
"0.95"	"0.6"	"0.25"	"0.01"	"0.005"	"0.01"	"100000"	"10000"	"200"	"6773579083823012370"	75000	"intercept"	0.905557435
"0.95"	"0.6"	"0.25"	"0.01"	"0.005"	"0.01"	"100000"	"10000"	"200"	"6773579083823012370"	80000	"slope"	-0.1945271825
"0.95"	"0.6"	"0.25"	"0.01"	"0.005"	"0.01"	"100000"	"10000"	"200"	"6773579083823012370"	80000	"intercept"	0.920944085
"0.95"	"0.6"	"0.25"	"0.01"	"0.005"	"0.01"	"100000"	"10000"	"200"	"6773579083823012370"	85000	"slope"	-0.1589016515
"0.95"	"0.6"	"0.25"	"0.01"	"0.005"	"0.01"	"100000"	"10000"	"200"	"6773579083823012370"	85000	"intercept"	0.9011779
"0.95"	"0.6"	"0.25"	"0.01"	"0.005"	"0.01"	"100000"	"10000"	"200"	"6773579083823012370"	90000	"slope"	-0.1845337715
"0.95"	"0.6"	"0.25"	"0.01"	"0.005"	"0.01"	"100000"	"10000"	"200"	"6773579083823012370"	90000	"intercept"	0.916730355
"0.95"	"0.6"	"0.25"	"0.01"	"0.005"	"0.01"	"100000"	"10000"	"200"	"6773579083823012370"	95000	"slope"	-0.20106389
"0.95"	"0.6"	"0.25"	"0.01"	"0.005"	"0.01"	"100000"	"10000"	"200"	"6773579083823012370"	95000	"intercept"	0.9271562
"0.95"	"0.6"	"0.25"	"0.01"	"0.005"	"0.01"	"100000"	"10000"	"200"	"6773579083823012370"	100000	"slope"	-0.1685107125
"0.95"	"0.6"	"0.25"	"0.01"	"0.005"	"0.01"	"100000"	"10000"	"200"	"6773579083823012370"	100000	"intercept"	0.90966217
"0.95"	"0.6"	"0.25"	"0.01"	"0.005"	"0.01"	"100000"	"10000"	"200"	"9100363513036529882"	10	"slope"	0.000154279755
"0.95"	"0.6"	"0.25"	"0.01"	"0.005"	"0.01"	"100000"	"10000"	"200"	"9100363513036529882"	10	"intercept"	0.500053075
"0.95"	"0.6"	"0.25"	"0.01"	"0.005"	"0.01"	"100000"	"10000"	"200"	"9100363513036529882"	5000	"slope"	0.007705279829
"0.95"	"0.6"	"0.25"	"0.01"	"0.005"	"0.01"	"100000"	"10000"	"200"	"9100363513036529882"	5000	"intercept"	0.83999858
"0.95"	"0.6"	"0.25"	"0.01"	"0.005"	"0.01"	"100000"	"10000"	"200"	"9100363513036529882"	10000	"slope"	-0.09528116495
"0.95"	"0.6"	"0.25"	"0.01"	"0.005"	"0.01"	"100000"	"10000"	"200"	"9100363513036529882"	10000	"intercept"	0.88105995
"0.95"	"0.6"	"0.25"	"0.01"	"0.005"	"0.01"	"100000"	"10000"	"200"	"9100363513036529882"	15000	"slope"	-0.1444176235
"0.95"	"0.6"	"0.25"	"0.01"	"0.005"	"0.01"	"100000"	"10000"	"200"	"9100363513036529882"	15000	"intercept"	0.90018852
"0.95"	"0.6"	"0.25"	"0.01"	"0.005"	"0.01"	"100000"	"10000"	"200"	"9100363513036529882"	20000	"slope"	-0.11257306855
"0.95"	"0.6"	"0.25"	"0.01"	"0.005"	"0.01"	"100000"	"10000"	"200"	"9100363513036529882"	20000	"intercept"	0.890929275
"0.95"	"0.6"	"0.25"	"0.01"	"0.005"	"0.01"	"100000"	"10000"	"200"	"9100363513036529882"	25000	"slope"	-0.1692261715
"0.95"	"0.6"	"0.25"	"0.01"	"0.005"	"0.01"	"100000"	"10000"	"200"	"9100363513036529882"	25000	"intercept"	0.90766773
"0.95"	"0.6"	"0.25"	"0.01"	"0.005"	"0.01"	"100000"	"10000"	"200"	"9100363513036529882"	30000	"slope"	-0.143541945
"0.95"	"0.6"	"0.25"	"0.01"	"0.005"	"0.01"	"100000"	"10000"	"200"	"9100363513036529882"	30000	"intercept"	0.898561865
"0.95"	"0.6"	"0.25"	"0.01"	"0.005"	"0.01"	"100000"	"10000"	"200"	"9100363513036529882"	35000	"slope"	-0.130702273
"0.95"	"0.6"	"0.25"	"0.01"	"0.005"	"0.01"	"100000"	"10000"	"200"	"9100363513036529882"	35000	"intercept"	0.894157295
"0.95"	"0.6"	"0.25"	"0.01"	"0.005"	"0.01"	"100000"	"10000"	"200"	"9100363513036529882"	40000	"slope"	-0.1425503165
"0.95"	"0.6"	"0.25"	"0.01"	"0.005"	"0.01"	"100000"	"10000"	"200"	"9100363513036529882"	40000	"intercept"	0.899091435
"0.95"	"0.6"	"0.25"	"0.01"	"0.005"	"0.01"	"100000"	"10000"	"200"	"9100363513036529882"	45000	"slope"	-0.1414591545
"0.95"	"0.6"	"0.25"	"0.01"	"0.005"	"0.01"	"100000"	"10000"	"200"	"9100363513036529882"	45000	"intercept"	0.902645085
"0.95"	"0.6"	"0.25"	"0.01"	"0.005"	"0.01"	"100000"	"10000"	"200"	"9100363513036529882"	50000	"slope"	-0.129925037
"0.95"	"0.6"	"0.25"	"0.01"	"0.005"	"0.01"	"100000"	"10000"	"200"	"9100363513036529882"	50000	"intercept"	0.896450375
"0.95"	"0.6"	"0.25"	"0.01"	"0.005"	"0.01"	"100000"	"10000"	"200"	"9100363513036529882"	55000	"slope"	-0.1725042345
"0.95"	"0.6"	"0.25"	"0.01"	"0.005"	"0.01"	"100000"	"10000"	"200"	"9100363513036529882"	55000	"intercept"	0.913209025
"0.95"	"0.6"	"0.25"	"0.01"	"0.005"	"0.01"	"100000"	"10000"	"200"	"9100363513036529882"	60000	"slope"	-0.1788436955
"0.95"	"0.6"	"0.25"	"0.01"	"0.005"	"0.01"	"100000"	"10000"	"200"	"9100363513036529882"	60000	"intercept"	0.910373655
"0.95"	"0.6"	"0.25"	"0.01"	"0.005"	"0.01"	"100000"	"10000"	"200"	"9100363513036529882"	65000	"slope"	-0.16614488
"0.95"	"0.6"	"0.25"	"0.01"	"0.005"	"0.01"	"100000"	"10000"	"200"	"9100363513036529882"	65000	"intercept"	0.913475675
"0.95"	"0.6"	"0.25"	"0.01"	"0.005"	"0.01"	"100000"	"10000"	"200"	"9100363513036529882"	70000	"slope"	-0.1369113035
"0.95"	"0.6"	"0.25"	"0.01"	"0.005"	"0.01"	"100000"	"10000"	"200"	"9100363513036529882"	70000	"intercept"	0.89739486
"0.95"	"0.6"	"0.25"	"0.01"	"0.005"	"0.01"	"100000"	"10000"	"200"	"9100363513036529882"	75000	"slope"	-0.162083304
"0.95"	"0.6"	"0.25"	"0.01"	"0.005"	"0.01"	"100000"	"10000"	"200"	"9100363513036529882"	75000	"intercept"	0.903443015
"0.95"	"0.6"	"0.25"	"0.01"	"0.005"	"0.01"	"100000"	"10000"	"200"	"9100363513036529882"	80000	"slope"	-0.154252771
"0.95"	"0.6"	"0.25"	"0.01"	"0.005"	"0.01"	"100000"	"10000"	"200"	"9100363513036529882"	80000	"intercept"	0.910198335
"0.95"	"0.6"	"0.25"	"0.01"	"0.005"	"0.01"	"100000"	"10000"	"200"	"9100363513036529882"	85000	"slope"	-0.1508900665
"0.95"	"0.6"	"0.25"	"0.01"	"0.005"	"0.01"	"100000"	"10000"	"200"	"9100363513036529882"	85000	"intercept"	0.903261405
"0.95"	"0.6"	"0.25"	"0.01"	"0.005"	"0.01"	"100000"	"10000"	"200"	"9100363513036529882"	90000	"slope"	-0.1479043265
"0.95"	"0.6"	"0.25"	"0.01"	"0.005"	"0.01"	"100000"	"10000"	"200"	"9100363513036529882"	90000	"intercept"	0.900048455
"0.95"	"0.6"	"0.25"	"0.01"	"0.005"	"0.01"	"100000"	"10000"	"200"	"9100363513036529882"	95000	"slope"	-0.1504844365
"0.95"	"0.6"	"0.25"	"0.01"	"0.005"	"0.01"	"100000"	"10000"	"200"	"9100363513036529882"	95000	"intercept"	0.9015804
"0.95"	"0.6"	"0.25"	"0.01"	"0.005"	"0.01"	"100000"	"10000"	"200"	"9100363513036529882"	100000	"slope"	-0.140569685
"0.95"	"0.6"	"0.25"	"0.01"	"0.005"	"0.01"	"100000"	"10000"	"200"	"9100363513036529882"	100000	"intercept"	0.90201902
"0.95"	"0.8"	"0.25"	"0.01"	"0.005"	"0.01"	"100000"	"10000"	"200"	"4765651653727253300"	10	"slope"	7.329099e-05
"0.95"	"0.8"	"0.25"	"0.01"	"0.005"	"0.01"	"100000"	"10000"	"200"	"4765651653727253300"	10	"intercept"	0.500107795
"0.95"	"0.8"	"0.25"	"0.01"	"0.005"	"0.01"	"100000"	"10000"	"200"	"4765651653727253300"	5000	"slope"	-0.0243348578664
"0.95"	"0.8"	"0.25"	"0.01"	"0.005"	"0.01"	"100000"	"10000"	"200"	"4765651653727253300"	5000	"intercept"	0.777706865
"0.95"	"0.8"	"0.25"	"0.01"	"0.005"	"0.01"	"100000"	"10000"	"200"	"4765651653727253300"	10000	"slope"	-0.152382859
"0.95"	"0.8"	"0.25"	"0.01"	"0.005"	"0.01"	"100000"	"10000"	"200"	"4765651653727253300"	10000	"intercept"	0.84461019
"0.95"	"0.8"	"0.25"	"0.01"	"0.005"	"0.01"	"100000"	"10000"	"200"	"4765651653727253300"	15000	"slope"	-0.31278597
"0.95"	"0.8"	"0.25"	"0.01"	"0.005"	"0.01"	"100000"	"10000"	"200"	"4765651653727253300"	15000	"intercept"	0.911596275
"0.95"	"0.8"	"0.25"	"0.01"	"0.005"	"0.01"	"100000"	"10000"	"200"	"4765651653727253300"	20000	"slope"	-0.4915232
"0.95"	"0.8"	"0.25"	"0.01"	"0.005"	"0.01"	"100000"	"10000"	"200"	"4765651653727253300"	20000	"intercept"	0.99371573
"0.95"	"0.8"	"0.25"	"0.01"	"0.005"	"0.01"	"100000"	"10000"	"200"	"4765651653727253300"	25000	"slope"	-0.6011865
"0.95"	"0.8"	"0.25"	"0.01"	"0.005"	"0.01"	"100000"	"10000"	"200"	"4765651653727253300"	25000	"intercept"	1.04308712
"0.95"	"0.8"	"0.25"	"0.01"	"0.005"	"0.01"	"100000"	"10000"	"200"	"4765651653727253300"	30000	"slope"	-0.75926857
"0.95"	"0.8"	"0.25"	"0.01"	"0.005"	"0.01"	"100000"	"10000"	"200"	"4765651653727253300"	30000	"intercept"	1.11919835
"0.95"	"0.8"	"0.25"	"0.01"	"0.005"	"0.01"	"100000"	"10000"	"200"	"4765651653727253300"	35000	"slope"	-0.84745509
"0.95"	"0.8"	"0.25"	"0.01"	"0.005"	"0.01"	"100000"	"10000"	"200"	"4765651653727253300"	35000	"intercept"	1.18506135
"0.95"	"0.8"	"0.25"	"0.01"	"0.005"	"0.01"	"100000"	"10000"	"200"	"4765651653727253300"	40000	"slope"	-0.950245085
"0.95"	"0.8"	"0.25"	"0.01"	"0.005"	"0.01"	"100000"	"10000"	"200"	"4765651653727253300"	40000	"intercept"	1.2306924
"0.95"	"0.8"	"0.25"	"0.01"	"0.005"	"0.01"	"100000"	"10000"	"200"	"4765651653727253300"	45000	"slope"	-1.03870532
"0.95"	"0.8"	"0.25"	"0.01"	"0.005"	"0.01"	"100000"	"10000"	"200"	"4765651653727253300"	45000	"intercept"	1.28726095
"0.95"	"0.8"	"0.25"	"0.01"	"0.005"	"0.01"	"100000"	"10000"	"200"	"4765651653727253300"	50000	"slope"	-1.108302795
"0.95"	"0.8"	"0.25"	"0.01"	"0.005"	"0.01"	"100000"	"10000"	"200"	"4765651653727253300"	50000	"intercept"	1.33195375
"0.95"	"0.8"	"0.25"	"0.01"	"0.005"	"0.01"	"100000"	"10000"	"200"	"4765651653727253300"	55000	"slope"	-1.13026825
"0.95"	"0.8"	"0.25"	"0.01"	"0.005"	"0.01"	"100000"	"10000"	"200"	"4765651653727253300"	55000	"intercept"	1.34218025
"0.95"	"0.8"	"0.25"	"0.01"	"0.005"	"0.01"	"100000"	"10000"	"200"	"4765651653727253300"	60000	"slope"	-1.14659985
"0.95"	"0.8"	"0.25"	"0.01"	"0.005"	"0.01"	"100000"	"10000"	"200"	"4765651653727253300"	60000	"intercept"	1.3529812
"0.95"	"0.8"	"0.25"	"0.01"	"0.005"	"0.01"	"100000"	"10000"	"200"	"4765651653727253300"	65000	"slope"	-1.18093115
"0.95"	"0.8"	"0.25"	"0.01"	"0.005"	"0.01"	"100000"	"10000"	"200"	"4765651653727253300"	65000	"intercept"	1.3739669
"0.95"	"0.8"	"0.25"	"0.01"	"0.005"	"0.01"	"100000"	"10000"	"200"	"4765651653727253300"	70000	"slope"	-1.16647155
"0.95"	"0.8"	"0.25"	"0.01"	"0.005"	"0.01"	"100000"	"10000"	"200"	"4765651653727253300"	70000	"intercept"	1.36377915
"0.95"	"0.8"	"0.25"	"0.01"	"0.005"	"0.01"	"100000"	"10000"	"200"	"4765651653727253300"	75000	"slope"	-1.12770335
"0.95"	"0.8"	"0.25"	"0.01"	"0.005"	"0.01"	"100000"	"10000"	"200"	"4765651653727253300"	75000	"intercept"	1.3414014
"0.95"	"0.8"	"0.25"	"0.01"	"0.005"	"0.01"	"100000"	"10000"	"200"	"4765651653727253300"	80000	"slope"	-1.18706305
"0.95"	"0.8"	"0.25"	"0.01"	"0.005"	"0.01"	"100000"	"10000"	"200"	"4765651653727253300"	80000	"intercept"	1.3828983
"0.95"	"0.8"	"0.25"	"0.01"	"0.005"	"0.01"	"100000"	"10000"	"200"	"4765651653727253300"	85000	"slope"	-1.20043895
"0.95"	"0.8"	"0.25"	"0.01"	"0.005"	"0.01"	"100000"	"10000"	"200"	"4765651653727253300"	85000	"intercept"	1.38994415
"0.95"	"0.8"	"0.25"	"0.01"	"0.005"	"0.01"	"100000"	"10000"	"200"	"4765651653727253300"	90000	"slope"	-1.19964415
"0.95"	"0.8"	"0.25"	"0.01"	"0.005"	"0.01"	"100000"	"10000"	"200"	"4765651653727253300"	90000	"intercept"	1.3884073
"0.95"	"0.8"	"0.25"	"0.01"	"0.005"	"0.01"	"100000"	"10000"	"200"	"4765651653727253300"	95000	"slope"	-1.20201135
"0.95"	"0.8"	"0.25"	"0.01"	"0.005"	"0.01"	"100000"	"10000"	"200"	"4765651653727253300"	95000	"intercept"	1.3899147
"0.95"	"0.8"	"0.25"	"0.01"	"0.005"	"0.01"	"100000"	"10000"	"200"	"4765651653727253300"	100000	"slope"	-1.2160661
"0.95"	"0.8"	"0.25"	"0.01"	"0.005"	"0.01"	"100000"	"10000"	"200"	"4765651653727253300"	100000	"intercept"	1.39338005
"0.95"	"0.8"	"0.25"	"0.01"	"0.005"	"0.01"	"100000"	"10000"	"200"	"7802899534560629838"	10	"slope"	0.0001661177264
"0.95"	"0.8"	"0.25"	"0.01"	"0.005"	"0.01"	"100000"	"10000"	"200"	"7802899534560629838"	10	"intercept"	0.500090265
"0.95"	"0.8"	"0.25"	"0.01"	"0.005"	"0.01"	"100000"	"10000"	"200"	"7802899534560629838"	5000	"slope"	0.018123244649
"0.95"	"0.8"	"0.25"	"0.01"	"0.005"	"0.01"	"100000"	"10000"	"200"	"7802899534560629838"	5000	"intercept"	0.75846119
"0.95"	"0.8"	"0.25"	"0.01"	"0.005"	"0.01"	"100000"	"10000"	"200"	"7802899534560629838"	10000	"slope"	-0.128641899
"0.95"	"0.8"	"0.25"	"0.01"	"0.005"	"0.01"	"100000"	"10000"	"200"	"7802899534560629838"	10000	"intercept"	0.82831375
"0.95"	"0.8"	"0.25"	"0.01"	"0.005"	"0.01"	"100000"	"10000"	"200"	"7802899534560629838"	15000	"slope"	-0.277621075
"0.95"	"0.8"	"0.25"	"0.01"	"0.005"	"0.01"	"100000"	"10000"	"200"	"7802899534560629838"	15000	"intercept"	0.895566245
"0.95"	"0.8"	"0.25"	"0.01"	"0.005"	"0.01"	"100000"	"10000"	"200"	"7802899534560629838"	20000	"slope"	-0.444139195
"0.95"	"0.8"	"0.25"	"0.01"	"0.005"	"0.01"	"100000"	"10000"	"200"	"7802899534560629838"	20000	"intercept"	0.97565345
"0.95"	"0.8"	"0.25"	"0.01"	"0.005"	"0.01"	"100000"	"10000"	"200"	"7802899534560629838"	25000	"slope"	-0.5536232
"0.95"	"0.8"	"0.25"	"0.01"	"0.005"	"0.01"	"100000"	"10000"	"200"	"7802899534560629838"	25000	"intercept"	1.02280764
"0.95"	"0.8"	"0.25"	"0.01"	"0.005"	"0.01"	"100000"	"10000"	"200"	"7802899534560629838"	30000	"slope"	-0.671510555
"0.95"	"0.8"	"0.25"	"0.01"	"0.005"	"0.01"	"100000"	"10000"	"200"	"7802899534560629838"	30000	"intercept"	1.07953654
"0.95"	"0.8"	"0.25"	"0.01"	"0.005"	"0.01"	"100000"	"10000"	"200"	"7802899534560629838"	35000	"slope"	-0.795489565
"0.95"	"0.8"	"0.25"	"0.01"	"0.005"	"0.01"	"100000"	"10000"	"200"	"7802899534560629838"	35000	"intercept"	1.14625145
"0.95"	"0.8"	"0.25"	"0.01"	"0.005"	"0.01"	"100000"	"10000"	"200"	"7802899534560629838"	40000	"slope"	-0.87332685
"0.95"	"0.8"	"0.25"	"0.01"	"0.005"	"0.01"	"100000"	"10000"	"200"	"7802899534560629838"	40000	"intercept"	1.18291835
"0.95"	"0.8"	"0.25"	"0.01"	"0.005"	"0.01"	"100000"	"10000"	"200"	"7802899534560629838"	45000	"slope"	-0.951256205
"0.95"	"0.8"	"0.25"	"0.01"	"0.005"	"0.01"	"100000"	"10000"	"200"	"7802899534560629838"	45000	"intercept"	1.2300559
"0.95"	"0.8"	"0.25"	"0.01"	"0.005"	"0.01"	"100000"	"10000"	"200"	"7802899534560629838"	50000	"slope"	-1.065524685
"0.95"	"0.8"	"0.25"	"0.01"	"0.005"	"0.01"	"100000"	"10000"	"200"	"7802899534560629838"	50000	"intercept"	1.3041128
"0.95"	"0.8"	"0.25"	"0.01"	"0.005"	"0.01"	"100000"	"10000"	"200"	"7802899534560629838"	55000	"slope"	-1.08346425
"0.95"	"0.8"	"0.25"	"0.01"	"0.005"	"0.01"	"100000"	"10000"	"200"	"7802899534560629838"	55000	"intercept"	1.307531
"0.95"	"0.8"	"0.25"	"0.01"	"0.005"	"0.01"	"100000"	"10000"	"200"	"7802899534560629838"	60000	"slope"	-1.12626115
"0.95"	"0.8"	"0.25"	"0.01"	"0.005"	"0.01"	"100000"	"10000"	"200"	"7802899534560629838"	60000	"intercept"	1.3397239
"0.95"	"0.8"	"0.25"	"0.01"	"0.005"	"0.01"	"100000"	"10000"	"200"	"7802899534560629838"	65000	"slope"	-1.21159545
"0.95"	"0.8"	"0.25"	"0.01"	"0.005"	"0.01"	"100000"	"10000"	"200"	"7802899534560629838"	65000	"intercept"	1.39932155
"0.95"	"0.8"	"0.25"	"0.01"	"0.005"	"0.01"	"100000"	"10000"	"200"	"7802899534560629838"	70000	"slope"	-1.1721054
"0.95"	"0.8"	"0.25"	"0.01"	"0.005"	"0.01"	"100000"	"10000"	"200"	"7802899534560629838"	70000	"intercept"	1.36386535
"0.95"	"0.8"	"0.25"	"0.01"	"0.005"	"0.01"	"100000"	"10000"	"200"	"7802899534560629838"	75000	"slope"	-1.19108495
"0.95"	"0.8"	"0.25"	"0.01"	"0.005"	"0.01"	"100000"	"10000"	"200"	"7802899534560629838"	75000	"intercept"	1.38030125
"0.95"	"0.8"	"0.25"	"0.01"	"0.005"	"0.01"	"100000"	"10000"	"200"	"7802899534560629838"	80000	"slope"	-1.1795946
"0.95"	"0.8"	"0.25"	"0.01"	"0.005"	"0.01"	"100000"	"10000"	"200"	"7802899534560629838"	80000	"intercept"	1.3825113
"0.95"	"0.8"	"0.25"	"0.01"	"0.005"	"0.01"	"100000"	"10000"	"200"	"7802899534560629838"	85000	"slope"	-1.13946215
"0.95"	"0.8"	"0.25"	"0.01"	"0.005"	"0.01"	"100000"	"10000"	"200"	"7802899534560629838"	85000	"intercept"	1.35100865
"0.95"	"0.8"	"0.25"	"0.01"	"0.005"	"0.01"	"100000"	"10000"	"200"	"7802899534560629838"	90000	"slope"	-1.1621391
"0.95"	"0.8"	"0.25"	"0.01"	"0.005"	"0.01"	"100000"	"10000"	"200"	"7802899534560629838"	90000	"intercept"	1.37040815
"0.95"	"0.8"	"0.25"	"0.01"	"0.005"	"0.01"	"100000"	"10000"	"200"	"7802899534560629838"	95000	"slope"	-1.18899445
"0.95"	"0.8"	"0.25"	"0.01"	"0.005"	"0.01"	"100000"	"10000"	"200"	"7802899534560629838"	95000	"intercept"	1.3824892
"0.95"	"0.8"	"0.25"	"0.01"	"0.005"	"0.01"	"100000"	"10000"	"200"	"7802899534560629838"	100000	"slope"	-1.1527706
"0.95"	"0.8"	"0.25"	"0.01"	"0.005"	"0.01"	"100000"	"10000"	"200"	"7802899534560629838"	100000	"intercept"	1.3612491
"0.95"	"0.8"	"0.25"	"0.01"	"0.005"	"0.01"	"100000"	"10000"	"200"	"8466848980530692114"	10	"slope"	8.45039545e-05
"0.95"	"0.8"	"0.25"	"0.01"	"0.005"	"0.01"	"100000"	"10000"	"200"	"8466848980530692114"	10	"intercept"	0.499915315
"0.95"	"0.8"	"0.25"	"0.01"	"0.005"	"0.01"	"100000"	"10000"	"200"	"8466848980530692114"	5000	"slope"	-0.03048878951
"0.95"	"0.8"	"0.25"	"0.01"	"0.005"	"0.01"	"100000"	"10000"	"200"	"8466848980530692114"	5000	"intercept"	0.788406035
"0.95"	"0.8"	"0.25"	"0.01"	"0.005"	"0.01"	"100000"	"10000"	"200"	"8466848980530692114"	10000	"slope"	-0.16447177
"0.95"	"0.8"	"0.25"	"0.01"	"0.005"	"0.01"	"100000"	"10000"	"200"	"8466848980530692114"	10000	"intercept"	0.85854958
"0.95"	"0.8"	"0.25"	"0.01"	"0.005"	"0.01"	"100000"	"10000"	"200"	"8466848980530692114"	15000	"slope"	-0.33154036
"0.95"	"0.8"	"0.25"	"0.01"	"0.005"	"0.01"	"100000"	"10000"	"200"	"8466848980530692114"	15000	"intercept"	0.92682539
"0.95"	"0.8"	"0.25"	"0.01"	"0.005"	"0.01"	"100000"	"10000"	"200"	"8466848980530692114"	20000	"slope"	-0.48810135
"0.95"	"0.8"	"0.25"	"0.01"	"0.005"	"0.01"	"100000"	"10000"	"200"	"8466848980530692114"	20000	"intercept"	0.997051565
"0.95"	"0.8"	"0.25"	"0.01"	"0.005"	"0.01"	"100000"	"10000"	"200"	"8466848980530692114"	25000	"slope"	-0.66598039
"0.95"	"0.8"	"0.25"	"0.01"	"0.005"	"0.01"	"100000"	"10000"	"200"	"8466848980530692114"	25000	"intercept"	1.07989285
"0.95"	"0.8"	"0.25"	"0.01"	"0.005"	"0.01"	"100000"	"10000"	"200"	"8466848980530692114"	30000	"slope"	-0.777019415
"0.95"	"0.8"	"0.25"	"0.01"	"0.005"	"0.01"	"100000"	"10000"	"200"	"8466848980530692114"	30000	"intercept"	1.12470315
"0.95"	"0.8"	"0.25"	"0.01"	"0.005"	"0.01"	"100000"	"10000"	"200"	"8466848980530692114"	35000	"slope"	-0.820836845
"0.95"	"0.8"	"0.25"	"0.01"	"0.005"	"0.01"	"100000"	"10000"	"200"	"8466848980530692114"	35000	"intercept"	1.1590197
"0.95"	"0.8"	"0.25"	"0.01"	"0.005"	"0.01"	"100000"	"10000"	"200"	"8466848980530692114"	40000	"slope"	-0.91590232
"0.95"	"0.8"	"0.25"	"0.01"	"0.005"	"0.01"	"100000"	"10000"	"200"	"8466848980530692114"	40000	"intercept"	1.22361035
"0.95"	"0.8"	"0.25"	"0.01"	"0.005"	"0.01"	"100000"	"10000"	"200"	"8466848980530692114"	45000	"slope"	-0.99090859
"0.95"	"0.8"	"0.25"	"0.01"	"0.005"	"0.01"	"100000"	"10000"	"200"	"8466848980530692114"	45000	"intercept"	1.2539356
"0.95"	"0.8"	"0.25"	"0.01"	"0.005"	"0.01"	"100000"	"10000"	"200"	"8466848980530692114"	50000	"slope"	-1.074719295
"0.95"	"0.8"	"0.25"	"0.01"	"0.005"	"0.01"	"100000"	"10000"	"200"	"8466848980530692114"	50000	"intercept"	1.30701055
"0.95"	"0.8"	"0.25"	"0.01"	"0.005"	"0.01"	"100000"	"10000"	"200"	"8466848980530692114"	55000	"slope"	-1.09205075
"0.95"	"0.8"	"0.25"	"0.01"	"0.005"	"0.01"	"100000"	"10000"	"200"	"8466848980530692114"	55000	"intercept"	1.3246313
"0.95"	"0.8"	"0.25"	"0.01"	"0.005"	"0.01"	"100000"	"10000"	"200"	"8466848980530692114"	60000	"slope"	-1.12984705
"0.95"	"0.8"	"0.25"	"0.01"	"0.005"	"0.01"	"100000"	"10000"	"200"	"8466848980530692114"	60000	"intercept"	1.34387095
"0.95"	"0.8"	"0.25"	"0.01"	"0.005"	"0.01"	"100000"	"10000"	"200"	"8466848980530692114"	65000	"slope"	-1.1374029
"0.95"	"0.8"	"0.25"	"0.01"	"0.005"	"0.01"	"100000"	"10000"	"200"	"8466848980530692114"	65000	"intercept"	1.34782475
"0.95"	"0.8"	"0.25"	"0.01"	"0.005"	"0.01"	"100000"	"10000"	"200"	"8466848980530692114"	70000	"slope"	-1.1642967
"0.95"	"0.8"	"0.25"	"0.01"	"0.005"	"0.01"	"100000"	"10000"	"200"	"8466848980530692114"	70000	"intercept"	1.36099755
"0.95"	"0.8"	"0.25"	"0.01"	"0.005"	"0.01"	"100000"	"10000"	"200"	"8466848980530692114"	75000	"slope"	-1.1490714
"0.95"	"0.8"	"0.25"	"0.01"	"0.005"	"0.01"	"100000"	"10000"	"200"	"8466848980530692114"	75000	"intercept"	1.3593216
"0.95"	"0.8"	"0.25"	"0.01"	"0.005"	"0.01"	"100000"	"10000"	"200"	"8466848980530692114"	80000	"slope"	-1.1796656
"0.95"	"0.8"	"0.25"	"0.01"	"0.005"	"0.01"	"100000"	"10000"	"200"	"8466848980530692114"	80000	"intercept"	1.375406
"0.95"	"0.8"	"0.25"	"0.01"	"0.005"	"0.01"	"100000"	"10000"	"200"	"8466848980530692114"	85000	"slope"	-1.1702383
"0.95"	"0.8"	"0.25"	"0.01"	"0.005"	"0.01"	"100000"	"10000"	"200"	"8466848980530692114"	85000	"intercept"	1.37203375
"0.95"	"0.8"	"0.25"	"0.01"	"0.005"	"0.01"	"100000"	"10000"	"200"	"8466848980530692114"	90000	"slope"	-1.20449745
"0.95"	"0.8"	"0.25"	"0.01"	"0.005"	"0.01"	"100000"	"10000"	"200"	"8466848980530692114"	90000	"intercept"	1.39474785
"0.95"	"0.8"	"0.25"	"0.01"	"0.005"	"0.01"	"100000"	"10000"	"200"	"8466848980530692114"	95000	"slope"	-1.24894045
"0.95"	"0.8"	"0.25"	"0.01"	"0.005"	"0.01"	"100000"	"10000"	"200"	"8466848980530692114"	95000	"intercept"	1.4220127
"0.95"	"0.8"	"0.25"	"0.01"	"0.005"	"0.01"	"100000"	"10000"	"200"	"8466848980530692114"	100000	"slope"	-1.2114982
"0.95"	"0.8"	"0.25"	"0.01"	"0.005"	"0.01"	"100000"	"10000"	"200"	"8466848980530692114"	100000	"intercept"	1.39759585
