"alpha"	"delta"	"mig"	"cost"	"mu"	"sigma"	"gen"	"popsize"	"nsampled"	"seed"	"generation"	"param"	"means"
"0.05"	"0.0"	"0.45"	"0.01"	"0.005"	"0.01"	"100000"	"10000"	"200"	"5355384970589885089"	10	"slope"	1.7050175e-05
"0.05"	"0.0"	"0.45"	"0.01"	"0.005"	"0.01"	"100000"	"10000"	"200"	"5355384970589885089"	10	"intercept"	0.50005205
"0.05"	"0.0"	"0.45"	"0.01"	"0.005"	"0.01"	"100000"	"10000"	"200"	"5355384970589885089"	5000	"slope"	-0.1092632715
"0.05"	"0.0"	"0.45"	"0.01"	"0.005"	"0.01"	"100000"	"10000"	"200"	"5355384970589885089"	5000	"intercept"	0.50589325
"0.05"	"0.0"	"0.45"	"0.01"	"0.005"	"0.01"	"100000"	"10000"	"200"	"5355384970589885089"	10000	"slope"	-0.20603015
"0.05"	"0.0"	"0.45"	"0.01"	"0.005"	"0.01"	"100000"	"10000"	"200"	"5355384970589885089"	10000	"intercept"	0.56395667
"0.05"	"0.0"	"0.45"	"0.01"	"0.005"	"0.01"	"100000"	"10000"	"200"	"5355384970589885089"	15000	"slope"	-0.263152165
"0.05"	"0.0"	"0.45"	"0.01"	"0.005"	"0.01"	"100000"	"10000"	"200"	"5355384970589885089"	15000	"intercept"	0.603578345
"0.05"	"0.0"	"0.45"	"0.01"	"0.005"	"0.01"	"100000"	"10000"	"200"	"5355384970589885089"	20000	"slope"	-0.344755675
"0.05"	"0.0"	"0.45"	"0.01"	"0.005"	"0.01"	"100000"	"10000"	"200"	"5355384970589885089"	20000	"intercept"	0.65293252
"0.05"	"0.0"	"0.45"	"0.01"	"0.005"	"0.01"	"100000"	"10000"	"200"	"5355384970589885089"	25000	"slope"	-0.40339249
"0.05"	"0.0"	"0.45"	"0.01"	"0.005"	"0.01"	"100000"	"10000"	"200"	"5355384970589885089"	25000	"intercept"	0.698067515
"0.05"	"0.0"	"0.45"	"0.01"	"0.005"	"0.01"	"100000"	"10000"	"200"	"5355384970589885089"	30000	"slope"	-0.4225543
"0.05"	"0.0"	"0.45"	"0.01"	"0.005"	"0.01"	"100000"	"10000"	"200"	"5355384970589885089"	30000	"intercept"	0.70479028
"0.05"	"0.0"	"0.45"	"0.01"	"0.005"	"0.01"	"100000"	"10000"	"200"	"5355384970589885089"	35000	"slope"	-0.44139659
"0.05"	"0.0"	"0.45"	"0.01"	"0.005"	"0.01"	"100000"	"10000"	"200"	"5355384970589885089"	35000	"intercept"	0.7227218
"0.05"	"0.0"	"0.45"	"0.01"	"0.005"	"0.01"	"100000"	"10000"	"200"	"5355384970589885089"	40000	"slope"	-0.49619779
"0.05"	"0.0"	"0.45"	"0.01"	"0.005"	"0.01"	"100000"	"10000"	"200"	"5355384970589885089"	40000	"intercept"	0.762152015
"0.05"	"0.0"	"0.45"	"0.01"	"0.005"	"0.01"	"100000"	"10000"	"200"	"5355384970589885089"	45000	"slope"	-0.501736415
"0.05"	"0.0"	"0.45"	"0.01"	"0.005"	"0.01"	"100000"	"10000"	"200"	"5355384970589885089"	45000	"intercept"	0.757392025
"0.05"	"0.0"	"0.45"	"0.01"	"0.005"	"0.01"	"100000"	"10000"	"200"	"5355384970589885089"	50000	"slope"	-0.51168663
"0.05"	"0.0"	"0.45"	"0.01"	"0.005"	"0.01"	"100000"	"10000"	"200"	"5355384970589885089"	50000	"intercept"	0.76469441
"0.05"	"0.0"	"0.45"	"0.01"	"0.005"	"0.01"	"100000"	"10000"	"200"	"5355384970589885089"	55000	"slope"	-0.514013425
"0.05"	"0.0"	"0.45"	"0.01"	"0.005"	"0.01"	"100000"	"10000"	"200"	"5355384970589885089"	55000	"intercept"	0.767666795
"0.05"	"0.0"	"0.45"	"0.01"	"0.005"	"0.01"	"100000"	"10000"	"200"	"5355384970589885089"	60000	"slope"	-0.56844663
"0.05"	"0.0"	"0.45"	"0.01"	"0.005"	"0.01"	"100000"	"10000"	"200"	"5355384970589885089"	60000	"intercept"	0.80648114
"0.05"	"0.0"	"0.45"	"0.01"	"0.005"	"0.01"	"100000"	"10000"	"200"	"5355384970589885089"	65000	"slope"	-0.547567255
"0.05"	"0.0"	"0.45"	"0.01"	"0.005"	"0.01"	"100000"	"10000"	"200"	"5355384970589885089"	65000	"intercept"	0.80347734
"0.05"	"0.0"	"0.45"	"0.01"	"0.005"	"0.01"	"100000"	"10000"	"200"	"5355384970589885089"	70000	"slope"	-0.52644266
"0.05"	"0.0"	"0.45"	"0.01"	"0.005"	"0.01"	"100000"	"10000"	"200"	"5355384970589885089"	70000	"intercept"	0.774640415
"0.05"	"0.0"	"0.45"	"0.01"	"0.005"	"0.01"	"100000"	"10000"	"200"	"5355384970589885089"	75000	"slope"	-0.55097099
"0.05"	"0.0"	"0.45"	"0.01"	"0.005"	"0.01"	"100000"	"10000"	"200"	"5355384970589885089"	75000	"intercept"	0.78795185
"0.05"	"0.0"	"0.45"	"0.01"	"0.005"	"0.01"	"100000"	"10000"	"200"	"5355384970589885089"	80000	"slope"	-0.56986551
"0.05"	"0.0"	"0.45"	"0.01"	"0.005"	"0.01"	"100000"	"10000"	"200"	"5355384970589885089"	80000	"intercept"	0.81039735
"0.05"	"0.0"	"0.45"	"0.01"	"0.005"	"0.01"	"100000"	"10000"	"200"	"5355384970589885089"	85000	"slope"	-0.558185075
"0.05"	"0.0"	"0.45"	"0.01"	"0.005"	"0.01"	"100000"	"10000"	"200"	"5355384970589885089"	85000	"intercept"	0.801731245
"0.05"	"0.0"	"0.45"	"0.01"	"0.005"	"0.01"	"100000"	"10000"	"200"	"5355384970589885089"	90000	"slope"	-0.55470455
"0.05"	"0.0"	"0.45"	"0.01"	"0.005"	"0.01"	"100000"	"10000"	"200"	"5355384970589885089"	90000	"intercept"	0.79956506
"0.05"	"0.0"	"0.45"	"0.01"	"0.005"	"0.01"	"100000"	"10000"	"200"	"5355384970589885089"	95000	"slope"	-0.564737315
"0.05"	"0.0"	"0.45"	"0.01"	"0.005"	"0.01"	"100000"	"10000"	"200"	"5355384970589885089"	95000	"intercept"	0.801438895
"0.05"	"0.0"	"0.45"	"0.01"	"0.005"	"0.01"	"100000"	"10000"	"200"	"5355384970589885089"	100000	"slope"	-0.57815884
"0.05"	"0.0"	"0.45"	"0.01"	"0.005"	"0.01"	"100000"	"10000"	"200"	"5355384970589885089"	100000	"intercept"	0.80825114
"0.05"	"0.0"	"0.45"	"0.01"	"0.005"	"0.01"	"100000"	"10000"	"200"	"5545906890930817219"	10	"slope"	-5.5230105e-05
"0.05"	"0.0"	"0.45"	"0.01"	"0.005"	"0.01"	"100000"	"10000"	"200"	"5545906890930817219"	10	"intercept"	0.499911245
"0.05"	"0.0"	"0.45"	"0.01"	"0.005"	"0.01"	"100000"	"10000"	"200"	"5545906890930817219"	5000	"slope"	-0.1039253506
"0.05"	"0.0"	"0.45"	"0.01"	"0.005"	"0.01"	"100000"	"10000"	"200"	"5545906890930817219"	5000	"intercept"	0.49176272
"0.05"	"0.0"	"0.45"	"0.01"	"0.005"	"0.01"	"100000"	"10000"	"200"	"5545906890930817219"	10000	"slope"	-0.1898887795
"0.05"	"0.0"	"0.45"	"0.01"	"0.005"	"0.01"	"100000"	"10000"	"200"	"5545906890930817219"	10000	"intercept"	0.55635969
"0.05"	"0.0"	"0.45"	"0.01"	"0.005"	"0.01"	"100000"	"10000"	"200"	"5545906890930817219"	15000	"slope"	-0.259454885
"0.05"	"0.0"	"0.45"	"0.01"	"0.005"	"0.01"	"100000"	"10000"	"200"	"5545906890930817219"	15000	"intercept"	0.588878935
"0.05"	"0.0"	"0.45"	"0.01"	"0.005"	"0.01"	"100000"	"10000"	"200"	"5545906890930817219"	20000	"slope"	-0.307379635
"0.05"	"0.0"	"0.45"	"0.01"	"0.005"	"0.01"	"100000"	"10000"	"200"	"5545906890930817219"	20000	"intercept"	0.62466524
"0.05"	"0.0"	"0.45"	"0.01"	"0.005"	"0.01"	"100000"	"10000"	"200"	"5545906890930817219"	25000	"slope"	-0.39308496
"0.05"	"0.0"	"0.45"	"0.01"	"0.005"	"0.01"	"100000"	"10000"	"200"	"5545906890930817219"	25000	"intercept"	0.68743934
"0.05"	"0.0"	"0.45"	"0.01"	"0.005"	"0.01"	"100000"	"10000"	"200"	"5545906890930817219"	30000	"slope"	-0.47595318
"0.05"	"0.0"	"0.45"	"0.01"	"0.005"	"0.01"	"100000"	"10000"	"200"	"5545906890930817219"	30000	"intercept"	0.743527385
"0.05"	"0.0"	"0.45"	"0.01"	"0.005"	"0.01"	"100000"	"10000"	"200"	"5545906890930817219"	35000	"slope"	-0.498869015
"0.05"	"0.0"	"0.45"	"0.01"	"0.005"	"0.01"	"100000"	"10000"	"200"	"5545906890930817219"	35000	"intercept"	0.76135438
"0.05"	"0.0"	"0.45"	"0.01"	"0.005"	"0.01"	"100000"	"10000"	"200"	"5545906890930817219"	40000	"slope"	-0.53466291
"0.05"	"0.0"	"0.45"	"0.01"	"0.005"	"0.01"	"100000"	"10000"	"200"	"5545906890930817219"	40000	"intercept"	0.784937085
"0.05"	"0.0"	"0.45"	"0.01"	"0.005"	"0.01"	"100000"	"10000"	"200"	"5545906890930817219"	45000	"slope"	-0.5485277
"0.05"	"0.0"	"0.45"	"0.01"	"0.005"	"0.01"	"100000"	"10000"	"200"	"5545906890930817219"	45000	"intercept"	0.7928529
"0.05"	"0.0"	"0.45"	"0.01"	"0.005"	"0.01"	"100000"	"10000"	"200"	"5545906890930817219"	50000	"slope"	-0.534423085
"0.05"	"0.0"	"0.45"	"0.01"	"0.005"	"0.01"	"100000"	"10000"	"200"	"5545906890930817219"	50000	"intercept"	0.785926285
"0.05"	"0.0"	"0.45"	"0.01"	"0.005"	"0.01"	"100000"	"10000"	"200"	"5545906890930817219"	55000	"slope"	-0.534414505
"0.05"	"0.0"	"0.45"	"0.01"	"0.005"	"0.01"	"100000"	"10000"	"200"	"5545906890930817219"	55000	"intercept"	0.782437675
"0.05"	"0.0"	"0.45"	"0.01"	"0.005"	"0.01"	"100000"	"10000"	"200"	"5545906890930817219"	60000	"slope"	-0.522288055
"0.05"	"0.0"	"0.45"	"0.01"	"0.005"	"0.01"	"100000"	"10000"	"200"	"5545906890930817219"	60000	"intercept"	0.775969655
"0.05"	"0.0"	"0.45"	"0.01"	"0.005"	"0.01"	"100000"	"10000"	"200"	"5545906890930817219"	65000	"slope"	-0.52534333
"0.05"	"0.0"	"0.45"	"0.01"	"0.005"	"0.01"	"100000"	"10000"	"200"	"5545906890930817219"	65000	"intercept"	0.77398179
"0.05"	"0.0"	"0.45"	"0.01"	"0.005"	"0.01"	"100000"	"10000"	"200"	"5545906890930817219"	70000	"slope"	-0.55939246
"0.05"	"0.0"	"0.45"	"0.01"	"0.005"	"0.01"	"100000"	"10000"	"200"	"5545906890930817219"	70000	"intercept"	0.793878835
"0.05"	"0.0"	"0.45"	"0.01"	"0.005"	"0.01"	"100000"	"10000"	"200"	"5545906890930817219"	75000	"slope"	-0.57214385
"0.05"	"0.0"	"0.45"	"0.01"	"0.005"	"0.01"	"100000"	"10000"	"200"	"5545906890930817219"	75000	"intercept"	0.80676395
"0.05"	"0.0"	"0.45"	"0.01"	"0.005"	"0.01"	"100000"	"10000"	"200"	"5545906890930817219"	80000	"slope"	-0.548925625
"0.05"	"0.0"	"0.45"	"0.01"	"0.005"	"0.01"	"100000"	"10000"	"200"	"5545906890930817219"	80000	"intercept"	0.790218635
"0.05"	"0.0"	"0.45"	"0.01"	"0.005"	"0.01"	"100000"	"10000"	"200"	"5545906890930817219"	85000	"slope"	-0.543615575
"0.05"	"0.0"	"0.45"	"0.01"	"0.005"	"0.01"	"100000"	"10000"	"200"	"5545906890930817219"	85000	"intercept"	0.791519135
"0.05"	"0.0"	"0.45"	"0.01"	"0.005"	"0.01"	"100000"	"10000"	"200"	"5545906890930817219"	90000	"slope"	-0.612890455
"0.05"	"0.0"	"0.45"	"0.01"	"0.005"	"0.01"	"100000"	"10000"	"200"	"5545906890930817219"	90000	"intercept"	0.839974985
"0.05"	"0.0"	"0.45"	"0.01"	"0.005"	"0.01"	"100000"	"10000"	"200"	"5545906890930817219"	95000	"slope"	-0.58833371
"0.05"	"0.0"	"0.45"	"0.01"	"0.005"	"0.01"	"100000"	"10000"	"200"	"5545906890930817219"	95000	"intercept"	0.81803163
"0.05"	"0.0"	"0.45"	"0.01"	"0.005"	"0.01"	"100000"	"10000"	"200"	"5545906890930817219"	100000	"slope"	-0.54173574
"0.05"	"0.0"	"0.45"	"0.01"	"0.005"	"0.01"	"100000"	"10000"	"200"	"5545906890930817219"	100000	"intercept"	0.79349352
"0.05"	"0.0"	"0.45"	"0.01"	"0.005"	"0.01"	"100000"	"10000"	"200"	"5682349483364973842"	10	"slope"	0.00014821349
"0.05"	"0.0"	"0.45"	"0.01"	"0.005"	"0.01"	"100000"	"10000"	"200"	"5682349483364973842"	10	"intercept"	0.499894475
"0.05"	"0.0"	"0.45"	"0.01"	"0.005"	"0.01"	"100000"	"10000"	"200"	"5682349483364973842"	5000	"slope"	-0.08012826085
"0.05"	"0.0"	"0.45"	"0.01"	"0.005"	"0.01"	"100000"	"10000"	"200"	"5682349483364973842"	5000	"intercept"	0.487776845
"0.05"	"0.0"	"0.45"	"0.01"	"0.005"	"0.01"	"100000"	"10000"	"200"	"5682349483364973842"	10000	"slope"	-0.201731142
"0.05"	"0.0"	"0.45"	"0.01"	"0.005"	"0.01"	"100000"	"10000"	"200"	"5682349483364973842"	10000	"intercept"	0.556478715
"0.05"	"0.0"	"0.45"	"0.01"	"0.005"	"0.01"	"100000"	"10000"	"200"	"5682349483364973842"	15000	"slope"	-0.28060574
"0.05"	"0.0"	"0.45"	"0.01"	"0.005"	"0.01"	"100000"	"10000"	"200"	"5682349483364973842"	15000	"intercept"	0.6111659
"0.05"	"0.0"	"0.45"	"0.01"	"0.005"	"0.01"	"100000"	"10000"	"200"	"5682349483364973842"	20000	"slope"	-0.353912605
"0.05"	"0.0"	"0.45"	"0.01"	"0.005"	"0.01"	"100000"	"10000"	"200"	"5682349483364973842"	20000	"intercept"	0.66222107
"0.05"	"0.0"	"0.45"	"0.01"	"0.005"	"0.01"	"100000"	"10000"	"200"	"5682349483364973842"	25000	"slope"	-0.38209236
"0.05"	"0.0"	"0.45"	"0.01"	"0.005"	"0.01"	"100000"	"10000"	"200"	"5682349483364973842"	25000	"intercept"	0.678649715
"0.05"	"0.0"	"0.45"	"0.01"	"0.005"	"0.01"	"100000"	"10000"	"200"	"5682349483364973842"	30000	"slope"	-0.413359005
"0.05"	"0.0"	"0.45"	"0.01"	"0.005"	"0.01"	"100000"	"10000"	"200"	"5682349483364973842"	30000	"intercept"	0.694645335
"0.05"	"0.0"	"0.45"	"0.01"	"0.005"	"0.01"	"100000"	"10000"	"200"	"5682349483364973842"	35000	"slope"	-0.468495495
"0.05"	"0.0"	"0.45"	"0.01"	"0.005"	"0.01"	"100000"	"10000"	"200"	"5682349483364973842"	35000	"intercept"	0.74551576
"0.05"	"0.0"	"0.45"	"0.01"	"0.005"	"0.01"	"100000"	"10000"	"200"	"5682349483364973842"	40000	"slope"	-0.494917575
"0.05"	"0.0"	"0.45"	"0.01"	"0.005"	"0.01"	"100000"	"10000"	"200"	"5682349483364973842"	40000	"intercept"	0.75835762
"0.05"	"0.0"	"0.45"	"0.01"	"0.005"	"0.01"	"100000"	"10000"	"200"	"5682349483364973842"	45000	"slope"	-0.524395875
"0.05"	"0.0"	"0.45"	"0.01"	"0.005"	"0.01"	"100000"	"10000"	"200"	"5682349483364973842"	45000	"intercept"	0.773306675
"0.05"	"0.0"	"0.45"	"0.01"	"0.005"	"0.01"	"100000"	"10000"	"200"	"5682349483364973842"	50000	"slope"	-0.52349282
"0.05"	"0.0"	"0.45"	"0.01"	"0.005"	"0.01"	"100000"	"10000"	"200"	"5682349483364973842"	50000	"intercept"	0.778553465
"0.05"	"0.0"	"0.45"	"0.01"	"0.005"	"0.01"	"100000"	"10000"	"200"	"5682349483364973842"	55000	"slope"	-0.49519214
"0.05"	"0.0"	"0.45"	"0.01"	"0.005"	"0.01"	"100000"	"10000"	"200"	"5682349483364973842"	55000	"intercept"	0.762098325
"0.05"	"0.0"	"0.45"	"0.01"	"0.005"	"0.01"	"100000"	"10000"	"200"	"5682349483364973842"	60000	"slope"	-0.524268295
"0.05"	"0.0"	"0.45"	"0.01"	"0.005"	"0.01"	"100000"	"10000"	"200"	"5682349483364973842"	60000	"intercept"	0.77177015
"0.05"	"0.0"	"0.45"	"0.01"	"0.005"	"0.01"	"100000"	"10000"	"200"	"5682349483364973842"	65000	"slope"	-0.51711776
"0.05"	"0.0"	"0.45"	"0.01"	"0.005"	"0.01"	"100000"	"10000"	"200"	"5682349483364973842"	65000	"intercept"	0.77308322
"0.05"	"0.0"	"0.45"	"0.01"	"0.005"	"0.01"	"100000"	"10000"	"200"	"5682349483364973842"	70000	"slope"	-0.482874425
"0.05"	"0.0"	"0.45"	"0.01"	"0.005"	"0.01"	"100000"	"10000"	"200"	"5682349483364973842"	70000	"intercept"	0.75005161
"0.05"	"0.0"	"0.45"	"0.01"	"0.005"	"0.01"	"100000"	"10000"	"200"	"5682349483364973842"	75000	"slope"	-0.50479548
"0.05"	"0.0"	"0.45"	"0.01"	"0.005"	"0.01"	"100000"	"10000"	"200"	"5682349483364973842"	75000	"intercept"	0.761721715
"0.05"	"0.0"	"0.45"	"0.01"	"0.005"	"0.01"	"100000"	"10000"	"200"	"5682349483364973842"	80000	"slope"	-0.567993965
"0.05"	"0.0"	"0.45"	"0.01"	"0.005"	"0.01"	"100000"	"10000"	"200"	"5682349483364973842"	80000	"intercept"	0.79951352
"0.05"	"0.0"	"0.45"	"0.01"	"0.005"	"0.01"	"100000"	"10000"	"200"	"5682349483364973842"	85000	"slope"	-0.52577466
"0.05"	"0.0"	"0.45"	"0.01"	"0.005"	"0.01"	"100000"	"10000"	"200"	"5682349483364973842"	85000	"intercept"	0.777050505
"0.05"	"0.0"	"0.45"	"0.01"	"0.005"	"0.01"	"100000"	"10000"	"200"	"5682349483364973842"	90000	"slope"	-0.521988105
"0.05"	"0.0"	"0.45"	"0.01"	"0.005"	"0.01"	"100000"	"10000"	"200"	"5682349483364973842"	90000	"intercept"	0.775705395
"0.05"	"0.0"	"0.45"	"0.01"	"0.005"	"0.01"	"100000"	"10000"	"200"	"5682349483364973842"	95000	"slope"	-0.52088173
"0.05"	"0.0"	"0.45"	"0.01"	"0.005"	"0.01"	"100000"	"10000"	"200"	"5682349483364973842"	95000	"intercept"	0.77119496
"0.05"	"0.0"	"0.45"	"0.01"	"0.005"	"0.01"	"100000"	"10000"	"200"	"5682349483364973842"	100000	"slope"	-0.556562055
"0.05"	"0.0"	"0.45"	"0.01"	"0.005"	"0.01"	"100000"	"10000"	"200"	"5682349483364973842"	100000	"intercept"	0.797609785
"0.05"	"0.4"	"0.45"	"0.01"	"0.005"	"0.01"	"100000"	"10000"	"200"	"2531199851114911850"	10	"slope"	-1.3185e-05
"0.05"	"0.4"	"0.45"	"0.01"	"0.005"	"0.01"	"100000"	"10000"	"200"	"2531199851114911850"	10	"intercept"	0.499994925
"0.05"	"0.4"	"0.45"	"0.01"	"0.005"	"0.01"	"100000"	"10000"	"200"	"2531199851114911850"	5000	"slope"	-0.1326515325
"0.05"	"0.4"	"0.45"	"0.01"	"0.005"	"0.01"	"100000"	"10000"	"200"	"2531199851114911850"	5000	"intercept"	0.515834135
"0.05"	"0.4"	"0.45"	"0.01"	"0.005"	"0.01"	"100000"	"10000"	"200"	"2531199851114911850"	10000	"slope"	-0.21948981
"0.05"	"0.4"	"0.45"	"0.01"	"0.005"	"0.01"	"100000"	"10000"	"200"	"2531199851114911850"	10000	"intercept"	0.570036515
"0.05"	"0.4"	"0.45"	"0.01"	"0.005"	"0.01"	"100000"	"10000"	"200"	"2531199851114911850"	15000	"slope"	-0.28435664
"0.05"	"0.4"	"0.45"	"0.01"	"0.005"	"0.01"	"100000"	"10000"	"200"	"2531199851114911850"	15000	"intercept"	0.61371107
"0.05"	"0.4"	"0.45"	"0.01"	"0.005"	"0.01"	"100000"	"10000"	"200"	"2531199851114911850"	20000	"slope"	-0.33536011
"0.05"	"0.4"	"0.45"	"0.01"	"0.005"	"0.01"	"100000"	"10000"	"200"	"2531199851114911850"	20000	"intercept"	0.64458944
"0.05"	"0.4"	"0.45"	"0.01"	"0.005"	"0.01"	"100000"	"10000"	"200"	"2531199851114911850"	25000	"slope"	-0.3557307
"0.05"	"0.4"	"0.45"	"0.01"	"0.005"	"0.01"	"100000"	"10000"	"200"	"2531199851114911850"	25000	"intercept"	0.661523745
"0.05"	"0.4"	"0.45"	"0.01"	"0.005"	"0.01"	"100000"	"10000"	"200"	"2531199851114911850"	30000	"slope"	-0.40272424
"0.05"	"0.4"	"0.45"	"0.01"	"0.005"	"0.01"	"100000"	"10000"	"200"	"2531199851114911850"	30000	"intercept"	0.694494765
"0.05"	"0.4"	"0.45"	"0.01"	"0.005"	"0.01"	"100000"	"10000"	"200"	"2531199851114911850"	35000	"slope"	-0.432049035
"0.05"	"0.4"	"0.45"	"0.01"	"0.005"	"0.01"	"100000"	"10000"	"200"	"2531199851114911850"	35000	"intercept"	0.70212742
"0.05"	"0.4"	"0.45"	"0.01"	"0.005"	"0.01"	"100000"	"10000"	"200"	"2531199851114911850"	40000	"slope"	-0.539425865
"0.05"	"0.4"	"0.45"	"0.01"	"0.005"	"0.01"	"100000"	"10000"	"200"	"2531199851114911850"	40000	"intercept"	0.777940225
"0.05"	"0.4"	"0.45"	"0.01"	"0.005"	"0.01"	"100000"	"10000"	"200"	"2531199851114911850"	45000	"slope"	-0.546341675
"0.05"	"0.4"	"0.45"	"0.01"	"0.005"	"0.01"	"100000"	"10000"	"200"	"2531199851114911850"	45000	"intercept"	0.78841552
"0.05"	"0.4"	"0.45"	"0.01"	"0.005"	"0.01"	"100000"	"10000"	"200"	"2531199851114911850"	50000	"slope"	-0.62417402
"0.05"	"0.4"	"0.45"	"0.01"	"0.005"	"0.01"	"100000"	"10000"	"200"	"2531199851114911850"	50000	"intercept"	0.839381585
"0.05"	"0.4"	"0.45"	"0.01"	"0.005"	"0.01"	"100000"	"10000"	"200"	"2531199851114911850"	55000	"slope"	-0.602108055
"0.05"	"0.4"	"0.45"	"0.01"	"0.005"	"0.01"	"100000"	"10000"	"200"	"2531199851114911850"	55000	"intercept"	0.828368455
"0.05"	"0.4"	"0.45"	"0.01"	"0.005"	"0.01"	"100000"	"10000"	"200"	"2531199851114911850"	60000	"slope"	-0.585916755
"0.05"	"0.4"	"0.45"	"0.01"	"0.005"	"0.01"	"100000"	"10000"	"200"	"2531199851114911850"	60000	"intercept"	0.820741825
"0.05"	"0.4"	"0.45"	"0.01"	"0.005"	"0.01"	"100000"	"10000"	"200"	"2531199851114911850"	65000	"slope"	-0.60703488
"0.05"	"0.4"	"0.45"	"0.01"	"0.005"	"0.01"	"100000"	"10000"	"200"	"2531199851114911850"	65000	"intercept"	0.835315875
"0.05"	"0.4"	"0.45"	"0.01"	"0.005"	"0.01"	"100000"	"10000"	"200"	"2531199851114911850"	70000	"slope"	-0.62651546
"0.05"	"0.4"	"0.45"	"0.01"	"0.005"	"0.01"	"100000"	"10000"	"200"	"2531199851114911850"	70000	"intercept"	0.834542475
"0.05"	"0.4"	"0.45"	"0.01"	"0.005"	"0.01"	"100000"	"10000"	"200"	"2531199851114911850"	75000	"slope"	-0.660530655
"0.05"	"0.4"	"0.45"	"0.01"	"0.005"	"0.01"	"100000"	"10000"	"200"	"2531199851114911850"	75000	"intercept"	0.87246818
"0.05"	"0.4"	"0.45"	"0.01"	"0.005"	"0.01"	"100000"	"10000"	"200"	"2531199851114911850"	80000	"slope"	-0.64303796
"0.05"	"0.4"	"0.45"	"0.01"	"0.005"	"0.01"	"100000"	"10000"	"200"	"2531199851114911850"	80000	"intercept"	0.84897145
"0.05"	"0.4"	"0.45"	"0.01"	"0.005"	"0.01"	"100000"	"10000"	"200"	"2531199851114911850"	85000	"slope"	-0.637218275
"0.05"	"0.4"	"0.45"	"0.01"	"0.005"	"0.01"	"100000"	"10000"	"200"	"2531199851114911850"	85000	"intercept"	0.85284002
"0.05"	"0.4"	"0.45"	"0.01"	"0.005"	"0.01"	"100000"	"10000"	"200"	"2531199851114911850"	90000	"slope"	-0.614176475
"0.05"	"0.4"	"0.45"	"0.01"	"0.005"	"0.01"	"100000"	"10000"	"200"	"2531199851114911850"	90000	"intercept"	0.84068515
"0.05"	"0.4"	"0.45"	"0.01"	"0.005"	"0.01"	"100000"	"10000"	"200"	"2531199851114911850"	95000	"slope"	-0.596906755
"0.05"	"0.4"	"0.45"	"0.01"	"0.005"	"0.01"	"100000"	"10000"	"200"	"2531199851114911850"	95000	"intercept"	0.822629155
"0.05"	"0.4"	"0.45"	"0.01"	"0.005"	"0.01"	"100000"	"10000"	"200"	"2531199851114911850"	100000	"slope"	-0.670702725
"0.05"	"0.4"	"0.45"	"0.01"	"0.005"	"0.01"	"100000"	"10000"	"200"	"2531199851114911850"	100000	"intercept"	0.867780285
"0.05"	"0.4"	"0.45"	"0.01"	"0.005"	"0.01"	"100000"	"10000"	"200"	"6789395938280200912"	10	"slope"	-0.000161357775
"0.05"	"0.4"	"0.45"	"0.01"	"0.005"	"0.01"	"100000"	"10000"	"200"	"6789395938280200912"	10	"intercept"	0.499953695
"0.05"	"0.4"	"0.45"	"0.01"	"0.005"	"0.01"	"100000"	"10000"	"200"	"6789395938280200912"	5000	"slope"	-0.0965737275
"0.05"	"0.4"	"0.45"	"0.01"	"0.005"	"0.01"	"100000"	"10000"	"200"	"6789395938280200912"	5000	"intercept"	0.484504275
"0.05"	"0.4"	"0.45"	"0.01"	"0.005"	"0.01"	"100000"	"10000"	"200"	"6789395938280200912"	10000	"slope"	-0.18563105
"0.05"	"0.4"	"0.45"	"0.01"	"0.005"	"0.01"	"100000"	"10000"	"200"	"6789395938280200912"	10000	"intercept"	0.546986285
"0.05"	"0.4"	"0.45"	"0.01"	"0.005"	"0.01"	"100000"	"10000"	"200"	"6789395938280200912"	15000	"slope"	-0.278860105
"0.05"	"0.4"	"0.45"	"0.01"	"0.005"	"0.01"	"100000"	"10000"	"200"	"6789395938280200912"	15000	"intercept"	0.604074695
"0.05"	"0.4"	"0.45"	"0.01"	"0.005"	"0.01"	"100000"	"10000"	"200"	"6789395938280200912"	20000	"slope"	-0.31080685
"0.05"	"0.4"	"0.45"	"0.01"	"0.005"	"0.01"	"100000"	"10000"	"200"	"6789395938280200912"	20000	"intercept"	0.6240437
"0.05"	"0.4"	"0.45"	"0.01"	"0.005"	"0.01"	"100000"	"10000"	"200"	"6789395938280200912"	25000	"slope"	-0.42350229
"0.05"	"0.4"	"0.45"	"0.01"	"0.005"	"0.01"	"100000"	"10000"	"200"	"6789395938280200912"	25000	"intercept"	0.704169005
"0.05"	"0.4"	"0.45"	"0.01"	"0.005"	"0.01"	"100000"	"10000"	"200"	"6789395938280200912"	30000	"slope"	-0.47728533
"0.05"	"0.4"	"0.45"	"0.01"	"0.005"	"0.01"	"100000"	"10000"	"200"	"6789395938280200912"	30000	"intercept"	0.747069405
"0.05"	"0.4"	"0.45"	"0.01"	"0.005"	"0.01"	"100000"	"10000"	"200"	"6789395938280200912"	35000	"slope"	-0.52784763
"0.05"	"0.4"	"0.45"	"0.01"	"0.005"	"0.01"	"100000"	"10000"	"200"	"6789395938280200912"	35000	"intercept"	0.767845
"0.05"	"0.4"	"0.45"	"0.01"	"0.005"	"0.01"	"100000"	"10000"	"200"	"6789395938280200912"	40000	"slope"	-0.572473705
"0.05"	"0.4"	"0.45"	"0.01"	"0.005"	"0.01"	"100000"	"10000"	"200"	"6789395938280200912"	40000	"intercept"	0.808059545
"0.05"	"0.4"	"0.45"	"0.01"	"0.005"	"0.01"	"100000"	"10000"	"200"	"6789395938280200912"	45000	"slope"	-0.57781742
"0.05"	"0.4"	"0.45"	"0.01"	"0.005"	"0.01"	"100000"	"10000"	"200"	"6789395938280200912"	45000	"intercept"	0.808750015
"0.05"	"0.4"	"0.45"	"0.01"	"0.005"	"0.01"	"100000"	"10000"	"200"	"6789395938280200912"	50000	"slope"	-0.56302339
"0.05"	"0.4"	"0.45"	"0.01"	"0.005"	"0.01"	"100000"	"10000"	"200"	"6789395938280200912"	50000	"intercept"	0.80952294
"0.05"	"0.4"	"0.45"	"0.01"	"0.005"	"0.01"	"100000"	"10000"	"200"	"6789395938280200912"	55000	"slope"	-0.578078805
"0.05"	"0.4"	"0.45"	"0.01"	"0.005"	"0.01"	"100000"	"10000"	"200"	"6789395938280200912"	55000	"intercept"	0.809322515
"0.05"	"0.4"	"0.45"	"0.01"	"0.005"	"0.01"	"100000"	"10000"	"200"	"6789395938280200912"	60000	"slope"	-0.58392977
"0.05"	"0.4"	"0.45"	"0.01"	"0.005"	"0.01"	"100000"	"10000"	"200"	"6789395938280200912"	60000	"intercept"	0.805463065
"0.05"	"0.4"	"0.45"	"0.01"	"0.005"	"0.01"	"100000"	"10000"	"200"	"6789395938280200912"	65000	"slope"	-0.55015195
"0.05"	"0.4"	"0.45"	"0.01"	"0.005"	"0.01"	"100000"	"10000"	"200"	"6789395938280200912"	65000	"intercept"	0.78727242
"0.05"	"0.4"	"0.45"	"0.01"	"0.005"	"0.01"	"100000"	"10000"	"200"	"6789395938280200912"	70000	"slope"	-0.543497505
"0.05"	"0.4"	"0.45"	"0.01"	"0.005"	"0.01"	"100000"	"10000"	"200"	"6789395938280200912"	70000	"intercept"	0.788867985
"0.05"	"0.4"	"0.45"	"0.01"	"0.005"	"0.01"	"100000"	"10000"	"200"	"6789395938280200912"	75000	"slope"	-0.545759275
"0.05"	"0.4"	"0.45"	"0.01"	"0.005"	"0.01"	"100000"	"10000"	"200"	"6789395938280200912"	75000	"intercept"	0.78337659
"0.05"	"0.4"	"0.45"	"0.01"	"0.005"	"0.01"	"100000"	"10000"	"200"	"6789395938280200912"	80000	"slope"	-0.53234672
"0.05"	"0.4"	"0.45"	"0.01"	"0.005"	"0.01"	"100000"	"10000"	"200"	"6789395938280200912"	80000	"intercept"	0.782656965
"0.05"	"0.4"	"0.45"	"0.01"	"0.005"	"0.01"	"100000"	"10000"	"200"	"6789395938280200912"	85000	"slope"	-0.537862135
"0.05"	"0.4"	"0.45"	"0.01"	"0.005"	"0.01"	"100000"	"10000"	"200"	"6789395938280200912"	85000	"intercept"	0.7815586
"0.05"	"0.4"	"0.45"	"0.01"	"0.005"	"0.01"	"100000"	"10000"	"200"	"6789395938280200912"	90000	"slope"	-0.55541843
"0.05"	"0.4"	"0.45"	"0.01"	"0.005"	"0.01"	"100000"	"10000"	"200"	"6789395938280200912"	90000	"intercept"	0.78649912
"0.05"	"0.4"	"0.45"	"0.01"	"0.005"	"0.01"	"100000"	"10000"	"200"	"6789395938280200912"	95000	"slope"	-0.535119345
"0.05"	"0.4"	"0.45"	"0.01"	"0.005"	"0.01"	"100000"	"10000"	"200"	"6789395938280200912"	95000	"intercept"	0.78071637
"0.05"	"0.4"	"0.45"	"0.01"	"0.005"	"0.01"	"100000"	"10000"	"200"	"6789395938280200912"	100000	"slope"	-0.56921736
"0.05"	"0.4"	"0.45"	"0.01"	"0.005"	"0.01"	"100000"	"10000"	"200"	"6789395938280200912"	100000	"intercept"	0.79370088
"0.05"	"0.4"	"0.45"	"0.01"	"0.005"	"0.01"	"100000"	"10000"	"200"	"881743817210825481"	10	"slope"	-0.0002849375
"0.05"	"0.4"	"0.45"	"0.01"	"0.005"	"0.01"	"100000"	"10000"	"200"	"881743817210825481"	10	"intercept"	0.50000918
"0.05"	"0.4"	"0.45"	"0.01"	"0.005"	"0.01"	"100000"	"10000"	"200"	"881743817210825481"	5000	"slope"	-0.1248155675
"0.05"	"0.4"	"0.45"	"0.01"	"0.005"	"0.01"	"100000"	"10000"	"200"	"881743817210825481"	5000	"intercept"	0.50487314
"0.05"	"0.4"	"0.45"	"0.01"	"0.005"	"0.01"	"100000"	"10000"	"200"	"881743817210825481"	10000	"slope"	-0.19274835
"0.05"	"0.4"	"0.45"	"0.01"	"0.005"	"0.01"	"100000"	"10000"	"200"	"881743817210825481"	10000	"intercept"	0.56025523
"0.05"	"0.4"	"0.45"	"0.01"	"0.005"	"0.01"	"100000"	"10000"	"200"	"881743817210825481"	15000	"slope"	-0.28390467
"0.05"	"0.4"	"0.45"	"0.01"	"0.005"	"0.01"	"100000"	"10000"	"200"	"881743817210825481"	15000	"intercept"	0.611308925
"0.05"	"0.4"	"0.45"	"0.01"	"0.005"	"0.01"	"100000"	"10000"	"200"	"881743817210825481"	20000	"slope"	-0.308856085
"0.05"	"0.4"	"0.45"	"0.01"	"0.005"	"0.01"	"100000"	"10000"	"200"	"881743817210825481"	20000	"intercept"	0.626086655
"0.05"	"0.4"	"0.45"	"0.01"	"0.005"	"0.01"	"100000"	"10000"	"200"	"881743817210825481"	25000	"slope"	-0.38730124
"0.05"	"0.4"	"0.45"	"0.01"	"0.005"	"0.01"	"100000"	"10000"	"200"	"881743817210825481"	25000	"intercept"	0.688343085
"0.05"	"0.4"	"0.45"	"0.01"	"0.005"	"0.01"	"100000"	"10000"	"200"	"881743817210825481"	30000	"slope"	-0.4166043
"0.05"	"0.4"	"0.45"	"0.01"	"0.005"	"0.01"	"100000"	"10000"	"200"	"881743817210825481"	30000	"intercept"	0.7022877
"0.05"	"0.4"	"0.45"	"0.01"	"0.005"	"0.01"	"100000"	"10000"	"200"	"881743817210825481"	35000	"slope"	-0.461843265
"0.05"	"0.4"	"0.45"	"0.01"	"0.005"	"0.01"	"100000"	"10000"	"200"	"881743817210825481"	35000	"intercept"	0.72352078
"0.05"	"0.4"	"0.45"	"0.01"	"0.005"	"0.01"	"100000"	"10000"	"200"	"881743817210825481"	40000	"slope"	-0.47951774
"0.05"	"0.4"	"0.45"	"0.01"	"0.005"	"0.01"	"100000"	"10000"	"200"	"881743817210825481"	40000	"intercept"	0.744555825
"0.05"	"0.4"	"0.45"	"0.01"	"0.005"	"0.01"	"100000"	"10000"	"200"	"881743817210825481"	45000	"slope"	-0.55484363
"0.05"	"0.4"	"0.45"	"0.01"	"0.005"	"0.01"	"100000"	"10000"	"200"	"881743817210825481"	45000	"intercept"	0.79696745
"0.05"	"0.4"	"0.45"	"0.01"	"0.005"	"0.01"	"100000"	"10000"	"200"	"881743817210825481"	50000	"slope"	-0.56540281
"0.05"	"0.4"	"0.45"	"0.01"	"0.005"	"0.01"	"100000"	"10000"	"200"	"881743817210825481"	50000	"intercept"	0.814071005
"0.05"	"0.4"	"0.45"	"0.01"	"0.005"	"0.01"	"100000"	"10000"	"200"	"881743817210825481"	55000	"slope"	-0.558199425
"0.05"	"0.4"	"0.45"	"0.01"	"0.005"	"0.01"	"100000"	"10000"	"200"	"881743817210825481"	55000	"intercept"	0.804758725
"0.05"	"0.4"	"0.45"	"0.01"	"0.005"	"0.01"	"100000"	"10000"	"200"	"881743817210825481"	60000	"slope"	-0.51581153
"0.05"	"0.4"	"0.45"	"0.01"	"0.005"	"0.01"	"100000"	"10000"	"200"	"881743817210825481"	60000	"intercept"	0.7664635
"0.05"	"0.4"	"0.45"	"0.01"	"0.005"	"0.01"	"100000"	"10000"	"200"	"881743817210825481"	65000	"slope"	-0.53394972
"0.05"	"0.4"	"0.45"	"0.01"	"0.005"	"0.01"	"100000"	"10000"	"200"	"881743817210825481"	65000	"intercept"	0.782536305
"0.05"	"0.4"	"0.45"	"0.01"	"0.005"	"0.01"	"100000"	"10000"	"200"	"881743817210825481"	70000	"slope"	-0.549782895
"0.05"	"0.4"	"0.45"	"0.01"	"0.005"	"0.01"	"100000"	"10000"	"200"	"881743817210825481"	70000	"intercept"	0.786918735
"0.05"	"0.4"	"0.45"	"0.01"	"0.005"	"0.01"	"100000"	"10000"	"200"	"881743817210825481"	75000	"slope"	-0.55473814
"0.05"	"0.4"	"0.45"	"0.01"	"0.005"	"0.01"	"100000"	"10000"	"200"	"881743817210825481"	75000	"intercept"	0.79419822
"0.05"	"0.4"	"0.45"	"0.01"	"0.005"	"0.01"	"100000"	"10000"	"200"	"881743817210825481"	80000	"slope"	-0.543480665
"0.05"	"0.4"	"0.45"	"0.01"	"0.005"	"0.01"	"100000"	"10000"	"200"	"881743817210825481"	80000	"intercept"	0.783541305
"0.05"	"0.4"	"0.45"	"0.01"	"0.005"	"0.01"	"100000"	"10000"	"200"	"881743817210825481"	85000	"slope"	-0.534188305
"0.05"	"0.4"	"0.45"	"0.01"	"0.005"	"0.01"	"100000"	"10000"	"200"	"881743817210825481"	85000	"intercept"	0.77754421
"0.05"	"0.4"	"0.45"	"0.01"	"0.005"	"0.01"	"100000"	"10000"	"200"	"881743817210825481"	90000	"slope"	-0.5155826
"0.05"	"0.4"	"0.45"	"0.01"	"0.005"	"0.01"	"100000"	"10000"	"200"	"881743817210825481"	90000	"intercept"	0.767881055
"0.05"	"0.4"	"0.45"	"0.01"	"0.005"	"0.01"	"100000"	"10000"	"200"	"881743817210825481"	95000	"slope"	-0.54261323
"0.05"	"0.4"	"0.45"	"0.01"	"0.005"	"0.01"	"100000"	"10000"	"200"	"881743817210825481"	95000	"intercept"	0.78570579
"0.05"	"0.4"	"0.45"	"0.01"	"0.005"	"0.01"	"100000"	"10000"	"200"	"881743817210825481"	100000	"slope"	-0.5966842
"0.05"	"0.4"	"0.45"	"0.01"	"0.005"	"0.01"	"100000"	"10000"	"200"	"881743817210825481"	100000	"intercept"	0.821810675
"0.05"	"0.6"	"0.45"	"0.01"	"0.005"	"0.01"	"100000"	"10000"	"200"	"3476919614993057007"	10	"slope"	-4.860824e-05
"0.05"	"0.6"	"0.45"	"0.01"	"0.005"	"0.01"	"100000"	"10000"	"200"	"3476919614993057007"	10	"intercept"	0.49996642
"0.05"	"0.6"	"0.45"	"0.01"	"0.005"	"0.01"	"100000"	"10000"	"200"	"3476919614993057007"	5000	"slope"	-0.0951197415
"0.05"	"0.6"	"0.45"	"0.01"	"0.005"	"0.01"	"100000"	"10000"	"200"	"3476919614993057007"	5000	"intercept"	0.50424786
"0.05"	"0.6"	"0.45"	"0.01"	"0.005"	"0.01"	"100000"	"10000"	"200"	"3476919614993057007"	10000	"slope"	-0.1904379
"0.05"	"0.6"	"0.45"	"0.01"	"0.005"	"0.01"	"100000"	"10000"	"200"	"3476919614993057007"	10000	"intercept"	0.55307396
"0.05"	"0.6"	"0.45"	"0.01"	"0.005"	"0.01"	"100000"	"10000"	"200"	"3476919614993057007"	15000	"slope"	-0.25768738
"0.05"	"0.6"	"0.45"	"0.01"	"0.005"	"0.01"	"100000"	"10000"	"200"	"3476919614993057007"	15000	"intercept"	0.59593646
"0.05"	"0.6"	"0.45"	"0.01"	"0.005"	"0.01"	"100000"	"10000"	"200"	"3476919614993057007"	20000	"slope"	-0.29970274
"0.05"	"0.6"	"0.45"	"0.01"	"0.005"	"0.01"	"100000"	"10000"	"200"	"3476919614993057007"	20000	"intercept"	0.621201825
"0.05"	"0.6"	"0.45"	"0.01"	"0.005"	"0.01"	"100000"	"10000"	"200"	"3476919614993057007"	25000	"slope"	-0.356737085
"0.05"	"0.6"	"0.45"	"0.01"	"0.005"	"0.01"	"100000"	"10000"	"200"	"3476919614993057007"	25000	"intercept"	0.65815686
"0.05"	"0.6"	"0.45"	"0.01"	"0.005"	"0.01"	"100000"	"10000"	"200"	"3476919614993057007"	30000	"slope"	-0.382754295
"0.05"	"0.6"	"0.45"	"0.01"	"0.005"	"0.01"	"100000"	"10000"	"200"	"3476919614993057007"	30000	"intercept"	0.66691069
"0.05"	"0.6"	"0.45"	"0.01"	"0.005"	"0.01"	"100000"	"10000"	"200"	"3476919614993057007"	35000	"slope"	-0.394262765
"0.05"	"0.6"	"0.45"	"0.01"	"0.005"	"0.01"	"100000"	"10000"	"200"	"3476919614993057007"	35000	"intercept"	0.68503124
"0.05"	"0.6"	"0.45"	"0.01"	"0.005"	"0.01"	"100000"	"10000"	"200"	"3476919614993057007"	40000	"slope"	-0.449090615
"0.05"	"0.6"	"0.45"	"0.01"	"0.005"	"0.01"	"100000"	"10000"	"200"	"3476919614993057007"	40000	"intercept"	0.72310928
"0.05"	"0.6"	"0.45"	"0.01"	"0.005"	"0.01"	"100000"	"10000"	"200"	"3476919614993057007"	45000	"slope"	-0.502388975
"0.05"	"0.6"	"0.45"	"0.01"	"0.005"	"0.01"	"100000"	"10000"	"200"	"3476919614993057007"	45000	"intercept"	0.756709685
"0.05"	"0.6"	"0.45"	"0.01"	"0.005"	"0.01"	"100000"	"10000"	"200"	"3476919614993057007"	50000	"slope"	-0.55992898
"0.05"	"0.6"	"0.45"	"0.01"	"0.005"	"0.01"	"100000"	"10000"	"200"	"3476919614993057007"	50000	"intercept"	0.79684441
"0.05"	"0.6"	"0.45"	"0.01"	"0.005"	"0.01"	"100000"	"10000"	"200"	"3476919614993057007"	55000	"slope"	-0.59810239
"0.05"	"0.6"	"0.45"	"0.01"	"0.005"	"0.01"	"100000"	"10000"	"200"	"3476919614993057007"	55000	"intercept"	0.82542089
"0.05"	"0.6"	"0.45"	"0.01"	"0.005"	"0.01"	"100000"	"10000"	"200"	"3476919614993057007"	60000	"slope"	-0.626252105
"0.05"	"0.6"	"0.45"	"0.01"	"0.005"	"0.01"	"100000"	"10000"	"200"	"3476919614993057007"	60000	"intercept"	0.840719545
"0.05"	"0.6"	"0.45"	"0.01"	"0.005"	"0.01"	"100000"	"10000"	"200"	"3476919614993057007"	65000	"slope"	-0.68934877
"0.05"	"0.6"	"0.45"	"0.01"	"0.005"	"0.01"	"100000"	"10000"	"200"	"3476919614993057007"	65000	"intercept"	0.89082581
"0.05"	"0.6"	"0.45"	"0.01"	"0.005"	"0.01"	"100000"	"10000"	"200"	"3476919614993057007"	70000	"slope"	-0.682611745
"0.05"	"0.6"	"0.45"	"0.01"	"0.005"	"0.01"	"100000"	"10000"	"200"	"3476919614993057007"	70000	"intercept"	0.87205248
"0.05"	"0.6"	"0.45"	"0.01"	"0.005"	"0.01"	"100000"	"10000"	"200"	"3476919614993057007"	75000	"slope"	-0.682876215
"0.05"	"0.6"	"0.45"	"0.01"	"0.005"	"0.01"	"100000"	"10000"	"200"	"3476919614993057007"	75000	"intercept"	0.87643282
"0.05"	"0.6"	"0.45"	"0.01"	"0.005"	"0.01"	"100000"	"10000"	"200"	"3476919614993057007"	80000	"slope"	-0.66398828
"0.05"	"0.6"	"0.45"	"0.01"	"0.005"	"0.01"	"100000"	"10000"	"200"	"3476919614993057007"	80000	"intercept"	0.867276475
"0.05"	"0.6"	"0.45"	"0.01"	"0.005"	"0.01"	"100000"	"10000"	"200"	"3476919614993057007"	85000	"slope"	-0.66067616
"0.05"	"0.6"	"0.45"	"0.01"	"0.005"	"0.01"	"100000"	"10000"	"200"	"3476919614993057007"	85000	"intercept"	0.860800515
"0.05"	"0.6"	"0.45"	"0.01"	"0.005"	"0.01"	"100000"	"10000"	"200"	"3476919614993057007"	90000	"slope"	-0.65292144
"0.05"	"0.6"	"0.45"	"0.01"	"0.005"	"0.01"	"100000"	"10000"	"200"	"3476919614993057007"	90000	"intercept"	0.85995057
"0.05"	"0.6"	"0.45"	"0.01"	"0.005"	"0.01"	"100000"	"10000"	"200"	"3476919614993057007"	95000	"slope"	-0.64026171
"0.05"	"0.6"	"0.45"	"0.01"	"0.005"	"0.01"	"100000"	"10000"	"200"	"3476919614993057007"	95000	"intercept"	0.84906514
"0.05"	"0.6"	"0.45"	"0.01"	"0.005"	"0.01"	"100000"	"10000"	"200"	"3476919614993057007"	100000	"slope"	-0.628289395
"0.05"	"0.6"	"0.45"	"0.01"	"0.005"	"0.01"	"100000"	"10000"	"200"	"3476919614993057007"	100000	"intercept"	0.84252032
"0.05"	"0.6"	"0.45"	"0.01"	"0.005"	"0.01"	"100000"	"10000"	"200"	"6180492298665465132"	10	"slope"	-0.00012967876
"0.05"	"0.6"	"0.45"	"0.01"	"0.005"	"0.01"	"100000"	"10000"	"200"	"6180492298665465132"	10	"intercept"	0.500071385
"0.05"	"0.6"	"0.45"	"0.01"	"0.005"	"0.01"	"100000"	"10000"	"200"	"6180492298665465132"	5000	"slope"	-0.0892394912
"0.05"	"0.6"	"0.45"	"0.01"	"0.005"	"0.01"	"100000"	"10000"	"200"	"6180492298665465132"	5000	"intercept"	0.481200335
"0.05"	"0.6"	"0.45"	"0.01"	"0.005"	"0.01"	"100000"	"10000"	"200"	"6180492298665465132"	10000	"slope"	-0.226741195
"0.05"	"0.6"	"0.45"	"0.01"	"0.005"	"0.01"	"100000"	"10000"	"200"	"6180492298665465132"	10000	"intercept"	0.568258665
"0.05"	"0.6"	"0.45"	"0.01"	"0.005"	"0.01"	"100000"	"10000"	"200"	"6180492298665465132"	15000	"slope"	-0.29914648
"0.05"	"0.6"	"0.45"	"0.01"	"0.005"	"0.01"	"100000"	"10000"	"200"	"6180492298665465132"	15000	"intercept"	0.63172146
"0.05"	"0.6"	"0.45"	"0.01"	"0.005"	"0.01"	"100000"	"10000"	"200"	"6180492298665465132"	20000	"slope"	-0.35093592
"0.05"	"0.6"	"0.45"	"0.01"	"0.005"	"0.01"	"100000"	"10000"	"200"	"6180492298665465132"	20000	"intercept"	0.659752095
"0.05"	"0.6"	"0.45"	"0.01"	"0.005"	"0.01"	"100000"	"10000"	"200"	"6180492298665465132"	25000	"slope"	-0.428948815
"0.05"	"0.6"	"0.45"	"0.01"	"0.005"	"0.01"	"100000"	"10000"	"200"	"6180492298665465132"	25000	"intercept"	0.703453655
"0.05"	"0.6"	"0.45"	"0.01"	"0.005"	"0.01"	"100000"	"10000"	"200"	"6180492298665465132"	30000	"slope"	-0.472782595
"0.05"	"0.6"	"0.45"	"0.01"	"0.005"	"0.01"	"100000"	"10000"	"200"	"6180492298665465132"	30000	"intercept"	0.72830852
"0.05"	"0.6"	"0.45"	"0.01"	"0.005"	"0.01"	"100000"	"10000"	"200"	"6180492298665465132"	35000	"slope"	-0.46773169
"0.05"	"0.6"	"0.45"	"0.01"	"0.005"	"0.01"	"100000"	"10000"	"200"	"6180492298665465132"	35000	"intercept"	0.729304805
"0.05"	"0.6"	"0.45"	"0.01"	"0.005"	"0.01"	"100000"	"10000"	"200"	"6180492298665465132"	40000	"slope"	-0.514660285
"0.05"	"0.6"	"0.45"	"0.01"	"0.005"	"0.01"	"100000"	"10000"	"200"	"6180492298665465132"	40000	"intercept"	0.76287969
"0.05"	"0.6"	"0.45"	"0.01"	"0.005"	"0.01"	"100000"	"10000"	"200"	"6180492298665465132"	45000	"slope"	-0.51846159
"0.05"	"0.6"	"0.45"	"0.01"	"0.005"	"0.01"	"100000"	"10000"	"200"	"6180492298665465132"	45000	"intercept"	0.776270725
"0.05"	"0.6"	"0.45"	"0.01"	"0.005"	"0.01"	"100000"	"10000"	"200"	"6180492298665465132"	50000	"slope"	-0.545083985
"0.05"	"0.6"	"0.45"	"0.01"	"0.005"	"0.01"	"100000"	"10000"	"200"	"6180492298665465132"	50000	"intercept"	0.78138254
"0.05"	"0.6"	"0.45"	"0.01"	"0.005"	"0.01"	"100000"	"10000"	"200"	"6180492298665465132"	55000	"slope"	-0.57525167
"0.05"	"0.6"	"0.45"	"0.01"	"0.005"	"0.01"	"100000"	"10000"	"200"	"6180492298665465132"	55000	"intercept"	0.803176875
"0.05"	"0.6"	"0.45"	"0.01"	"0.005"	"0.01"	"100000"	"10000"	"200"	"6180492298665465132"	60000	"slope"	-0.59936009
"0.05"	"0.6"	"0.45"	"0.01"	"0.005"	"0.01"	"100000"	"10000"	"200"	"6180492298665465132"	60000	"intercept"	0.824796265
"0.05"	"0.6"	"0.45"	"0.01"	"0.005"	"0.01"	"100000"	"10000"	"200"	"6180492298665465132"	65000	"slope"	-0.63261023
"0.05"	"0.6"	"0.45"	"0.01"	"0.005"	"0.01"	"100000"	"10000"	"200"	"6180492298665465132"	65000	"intercept"	0.842915805
"0.05"	"0.6"	"0.45"	"0.01"	"0.005"	"0.01"	"100000"	"10000"	"200"	"6180492298665465132"	70000	"slope"	-0.592777085
"0.05"	"0.6"	"0.45"	"0.01"	"0.005"	"0.01"	"100000"	"10000"	"200"	"6180492298665465132"	70000	"intercept"	0.81776029
"0.05"	"0.6"	"0.45"	"0.01"	"0.005"	"0.01"	"100000"	"10000"	"200"	"6180492298665465132"	75000	"slope"	-0.545196685
"0.05"	"0.6"	"0.45"	"0.01"	"0.005"	"0.01"	"100000"	"10000"	"200"	"6180492298665465132"	75000	"intercept"	0.783419795
"0.05"	"0.6"	"0.45"	"0.01"	"0.005"	"0.01"	"100000"	"10000"	"200"	"6180492298665465132"	80000	"slope"	-0.593250355
"0.05"	"0.6"	"0.45"	"0.01"	"0.005"	"0.01"	"100000"	"10000"	"200"	"6180492298665465132"	80000	"intercept"	0.812340465
"0.05"	"0.6"	"0.45"	"0.01"	"0.005"	"0.01"	"100000"	"10000"	"200"	"6180492298665465132"	85000	"slope"	-0.592034475
"0.05"	"0.6"	"0.45"	"0.01"	"0.005"	"0.01"	"100000"	"10000"	"200"	"6180492298665465132"	85000	"intercept"	0.814631345
"0.05"	"0.6"	"0.45"	"0.01"	"0.005"	"0.01"	"100000"	"10000"	"200"	"6180492298665465132"	90000	"slope"	-0.592472615
"0.05"	"0.6"	"0.45"	"0.01"	"0.005"	"0.01"	"100000"	"10000"	"200"	"6180492298665465132"	90000	"intercept"	0.815869885
"0.05"	"0.6"	"0.45"	"0.01"	"0.005"	"0.01"	"100000"	"10000"	"200"	"6180492298665465132"	95000	"slope"	-0.619027005
"0.05"	"0.6"	"0.45"	"0.01"	"0.005"	"0.01"	"100000"	"10000"	"200"	"6180492298665465132"	95000	"intercept"	0.841252355
"0.05"	"0.6"	"0.45"	"0.01"	"0.005"	"0.01"	"100000"	"10000"	"200"	"6180492298665465132"	100000	"slope"	-0.63003044
"0.05"	"0.6"	"0.45"	"0.01"	"0.005"	"0.01"	"100000"	"10000"	"200"	"6180492298665465132"	100000	"intercept"	0.837942715
"0.05"	"0.6"	"0.45"	"0.01"	"0.005"	"0.01"	"100000"	"10000"	"200"	"8730013407013188544"	10	"slope"	-2.0807105e-05
"0.05"	"0.6"	"0.45"	"0.01"	"0.005"	"0.01"	"100000"	"10000"	"200"	"8730013407013188544"	10	"intercept"	0.500126015
"0.05"	"0.6"	"0.45"	"0.01"	"0.005"	"0.01"	"100000"	"10000"	"200"	"8730013407013188544"	5000	"slope"	-0.07263576035
"0.05"	"0.6"	"0.45"	"0.01"	"0.005"	"0.01"	"100000"	"10000"	"200"	"8730013407013188544"	5000	"intercept"	0.471437375
"0.05"	"0.6"	"0.45"	"0.01"	"0.005"	"0.01"	"100000"	"10000"	"200"	"8730013407013188544"	10000	"slope"	-0.1603871825
"0.05"	"0.6"	"0.45"	"0.01"	"0.005"	"0.01"	"100000"	"10000"	"200"	"8730013407013188544"	10000	"intercept"	0.53245533
"0.05"	"0.6"	"0.45"	"0.01"	"0.005"	"0.01"	"100000"	"10000"	"200"	"8730013407013188544"	15000	"slope"	-0.22038458
"0.05"	"0.6"	"0.45"	"0.01"	"0.005"	"0.01"	"100000"	"10000"	"200"	"8730013407013188544"	15000	"intercept"	0.563993805
"0.05"	"0.6"	"0.45"	"0.01"	"0.005"	"0.01"	"100000"	"10000"	"200"	"8730013407013188544"	20000	"slope"	-0.267851665
"0.05"	"0.6"	"0.45"	"0.01"	"0.005"	"0.01"	"100000"	"10000"	"200"	"8730013407013188544"	20000	"intercept"	0.60141516
"0.05"	"0.6"	"0.45"	"0.01"	"0.005"	"0.01"	"100000"	"10000"	"200"	"8730013407013188544"	25000	"slope"	-0.322085135
"0.05"	"0.6"	"0.45"	"0.01"	"0.005"	"0.01"	"100000"	"10000"	"200"	"8730013407013188544"	25000	"intercept"	0.631562545
"0.05"	"0.6"	"0.45"	"0.01"	"0.005"	"0.01"	"100000"	"10000"	"200"	"8730013407013188544"	30000	"slope"	-0.413876235
"0.05"	"0.6"	"0.45"	"0.01"	"0.005"	"0.01"	"100000"	"10000"	"200"	"8730013407013188544"	30000	"intercept"	0.693137525
"0.05"	"0.6"	"0.45"	"0.01"	"0.005"	"0.01"	"100000"	"10000"	"200"	"8730013407013188544"	35000	"slope"	-0.465536165
"0.05"	"0.6"	"0.45"	"0.01"	"0.005"	"0.01"	"100000"	"10000"	"200"	"8730013407013188544"	35000	"intercept"	0.73661134
"0.05"	"0.6"	"0.45"	"0.01"	"0.005"	"0.01"	"100000"	"10000"	"200"	"8730013407013188544"	40000	"slope"	-0.52491714
"0.05"	"0.6"	"0.45"	"0.01"	"0.005"	"0.01"	"100000"	"10000"	"200"	"8730013407013188544"	40000	"intercept"	0.77479047
"0.05"	"0.6"	"0.45"	"0.01"	"0.005"	"0.01"	"100000"	"10000"	"200"	"8730013407013188544"	45000	"slope"	-0.59691065
"0.05"	"0.6"	"0.45"	"0.01"	"0.005"	"0.01"	"100000"	"10000"	"200"	"8730013407013188544"	45000	"intercept"	0.8179295
"0.05"	"0.6"	"0.45"	"0.01"	"0.005"	"0.01"	"100000"	"10000"	"200"	"8730013407013188544"	50000	"slope"	-0.6159623
"0.05"	"0.6"	"0.45"	"0.01"	"0.005"	"0.01"	"100000"	"10000"	"200"	"8730013407013188544"	50000	"intercept"	0.836082655
"0.05"	"0.6"	"0.45"	"0.01"	"0.005"	"0.01"	"100000"	"10000"	"200"	"8730013407013188544"	55000	"slope"	-0.611034045
"0.05"	"0.6"	"0.45"	"0.01"	"0.005"	"0.01"	"100000"	"10000"	"200"	"8730013407013188544"	55000	"intercept"	0.83229969
"0.05"	"0.6"	"0.45"	"0.01"	"0.005"	"0.01"	"100000"	"10000"	"200"	"8730013407013188544"	60000	"slope"	-0.609967355
"0.05"	"0.6"	"0.45"	"0.01"	"0.005"	"0.01"	"100000"	"10000"	"200"	"8730013407013188544"	60000	"intercept"	0.83291135
"0.05"	"0.6"	"0.45"	"0.01"	"0.005"	"0.01"	"100000"	"10000"	"200"	"8730013407013188544"	65000	"slope"	-0.61718864
"0.05"	"0.6"	"0.45"	"0.01"	"0.005"	"0.01"	"100000"	"10000"	"200"	"8730013407013188544"	65000	"intercept"	0.83699906
"0.05"	"0.6"	"0.45"	"0.01"	"0.005"	"0.01"	"100000"	"10000"	"200"	"8730013407013188544"	70000	"slope"	-0.61842395
"0.05"	"0.6"	"0.45"	"0.01"	"0.005"	"0.01"	"100000"	"10000"	"200"	"8730013407013188544"	70000	"intercept"	0.843643315
"0.05"	"0.6"	"0.45"	"0.01"	"0.005"	"0.01"	"100000"	"10000"	"200"	"8730013407013188544"	75000	"slope"	-0.597873415
"0.05"	"0.6"	"0.45"	"0.01"	"0.005"	"0.01"	"100000"	"10000"	"200"	"8730013407013188544"	75000	"intercept"	0.826496945
"0.05"	"0.6"	"0.45"	"0.01"	"0.005"	"0.01"	"100000"	"10000"	"200"	"8730013407013188544"	80000	"slope"	-0.575553575
"0.05"	"0.6"	"0.45"	"0.01"	"0.005"	"0.01"	"100000"	"10000"	"200"	"8730013407013188544"	80000	"intercept"	0.805666355
"0.05"	"0.6"	"0.45"	"0.01"	"0.005"	"0.01"	"100000"	"10000"	"200"	"8730013407013188544"	85000	"slope"	-0.57123942
"0.05"	"0.6"	"0.45"	"0.01"	"0.005"	"0.01"	"100000"	"10000"	"200"	"8730013407013188544"	85000	"intercept"	0.808032065
"0.05"	"0.6"	"0.45"	"0.01"	"0.005"	"0.01"	"100000"	"10000"	"200"	"8730013407013188544"	90000	"slope"	-0.645504485
"0.05"	"0.6"	"0.45"	"0.01"	"0.005"	"0.01"	"100000"	"10000"	"200"	"8730013407013188544"	90000	"intercept"	0.852804065
"0.05"	"0.6"	"0.45"	"0.01"	"0.005"	"0.01"	"100000"	"10000"	"200"	"8730013407013188544"	95000	"slope"	-0.649716465
"0.05"	"0.6"	"0.45"	"0.01"	"0.005"	"0.01"	"100000"	"10000"	"200"	"8730013407013188544"	95000	"intercept"	0.85777928
"0.05"	"0.6"	"0.45"	"0.01"	"0.005"	"0.01"	"100000"	"10000"	"200"	"8730013407013188544"	100000	"slope"	-0.668787145
"0.05"	"0.6"	"0.45"	"0.01"	"0.005"	"0.01"	"100000"	"10000"	"200"	"8730013407013188544"	100000	"intercept"	0.866733205
"0.05"	"0.8"	"0.45"	"0.01"	"0.005"	"0.01"	"100000"	"10000"	"200"	"512950191500424632"	10	"slope"	0.000149217685
"0.05"	"0.8"	"0.45"	"0.01"	"0.005"	"0.01"	"100000"	"10000"	"200"	"512950191500424632"	10	"intercept"	0.500096915
"0.05"	"0.8"	"0.45"	"0.01"	"0.005"	"0.01"	"100000"	"10000"	"200"	"512950191500424632"	5000	"slope"	-0.074929751466
"0.05"	"0.8"	"0.45"	"0.01"	"0.005"	"0.01"	"100000"	"10000"	"200"	"512950191500424632"	5000	"intercept"	0.476789405
"0.05"	"0.8"	"0.45"	"0.01"	"0.005"	"0.01"	"100000"	"10000"	"200"	"512950191500424632"	10000	"slope"	-0.19828299
"0.05"	"0.8"	"0.45"	"0.01"	"0.005"	"0.01"	"100000"	"10000"	"200"	"512950191500424632"	10000	"intercept"	0.54194467
"0.05"	"0.8"	"0.45"	"0.01"	"0.005"	"0.01"	"100000"	"10000"	"200"	"512950191500424632"	15000	"slope"	-0.3004298
"0.05"	"0.8"	"0.45"	"0.01"	"0.005"	"0.01"	"100000"	"10000"	"200"	"512950191500424632"	15000	"intercept"	0.624703015
"0.05"	"0.8"	"0.45"	"0.01"	"0.005"	"0.01"	"100000"	"10000"	"200"	"512950191500424632"	20000	"slope"	-0.39066694
"0.05"	"0.8"	"0.45"	"0.01"	"0.005"	"0.01"	"100000"	"10000"	"200"	"512950191500424632"	20000	"intercept"	0.6836003
"0.05"	"0.8"	"0.45"	"0.01"	"0.005"	"0.01"	"100000"	"10000"	"200"	"512950191500424632"	25000	"slope"	-0.410882695
"0.05"	"0.8"	"0.45"	"0.01"	"0.005"	"0.01"	"100000"	"10000"	"200"	"512950191500424632"	25000	"intercept"	0.688493545
"0.05"	"0.8"	"0.45"	"0.01"	"0.005"	"0.01"	"100000"	"10000"	"200"	"512950191500424632"	30000	"slope"	-0.520886615
"0.05"	"0.8"	"0.45"	"0.01"	"0.005"	"0.01"	"100000"	"10000"	"200"	"512950191500424632"	30000	"intercept"	0.7710388
"0.05"	"0.8"	"0.45"	"0.01"	"0.005"	"0.01"	"100000"	"10000"	"200"	"512950191500424632"	35000	"slope"	-0.56708751
"0.05"	"0.8"	"0.45"	"0.01"	"0.005"	"0.01"	"100000"	"10000"	"200"	"512950191500424632"	35000	"intercept"	0.79265281
"0.05"	"0.8"	"0.45"	"0.01"	"0.005"	"0.01"	"100000"	"10000"	"200"	"512950191500424632"	40000	"slope"	-0.59198354
"0.05"	"0.8"	"0.45"	"0.01"	"0.005"	"0.01"	"100000"	"10000"	"200"	"512950191500424632"	40000	"intercept"	0.81231659
"0.05"	"0.8"	"0.45"	"0.01"	"0.005"	"0.01"	"100000"	"10000"	"200"	"512950191500424632"	45000	"slope"	-0.56388969
"0.05"	"0.8"	"0.45"	"0.01"	"0.005"	"0.01"	"100000"	"10000"	"200"	"512950191500424632"	45000	"intercept"	0.79557747
"0.05"	"0.8"	"0.45"	"0.01"	"0.005"	"0.01"	"100000"	"10000"	"200"	"512950191500424632"	50000	"slope"	-0.60723733
"0.05"	"0.8"	"0.45"	"0.01"	"0.005"	"0.01"	"100000"	"10000"	"200"	"512950191500424632"	50000	"intercept"	0.824224375
"0.05"	"0.8"	"0.45"	"0.01"	"0.005"	"0.01"	"100000"	"10000"	"200"	"512950191500424632"	55000	"slope"	-0.668838615
"0.05"	"0.8"	"0.45"	"0.01"	"0.005"	"0.01"	"100000"	"10000"	"200"	"512950191500424632"	55000	"intercept"	0.86421728
"0.05"	"0.8"	"0.45"	"0.01"	"0.005"	"0.01"	"100000"	"10000"	"200"	"512950191500424632"	60000	"slope"	-0.682410215
"0.05"	"0.8"	"0.45"	"0.01"	"0.005"	"0.01"	"100000"	"10000"	"200"	"512950191500424632"	60000	"intercept"	0.87489906
"0.05"	"0.8"	"0.45"	"0.01"	"0.005"	"0.01"	"100000"	"10000"	"200"	"512950191500424632"	65000	"slope"	-0.683368025
"0.05"	"0.8"	"0.45"	"0.01"	"0.005"	"0.01"	"100000"	"10000"	"200"	"512950191500424632"	65000	"intercept"	0.87563877
"0.05"	"0.8"	"0.45"	"0.01"	"0.005"	"0.01"	"100000"	"10000"	"200"	"512950191500424632"	70000	"slope"	-0.66846299
"0.05"	"0.8"	"0.45"	"0.01"	"0.005"	"0.01"	"100000"	"10000"	"200"	"512950191500424632"	70000	"intercept"	0.87144221
"0.05"	"0.8"	"0.45"	"0.01"	"0.005"	"0.01"	"100000"	"10000"	"200"	"512950191500424632"	75000	"slope"	-0.674401515
"0.05"	"0.8"	"0.45"	"0.01"	"0.005"	"0.01"	"100000"	"10000"	"200"	"512950191500424632"	75000	"intercept"	0.870957485
"0.05"	"0.8"	"0.45"	"0.01"	"0.005"	"0.01"	"100000"	"10000"	"200"	"512950191500424632"	80000	"slope"	-0.624678555
"0.05"	"0.8"	"0.45"	"0.01"	"0.005"	"0.01"	"100000"	"10000"	"200"	"512950191500424632"	80000	"intercept"	0.8356601
"0.05"	"0.8"	"0.45"	"0.01"	"0.005"	"0.01"	"100000"	"10000"	"200"	"512950191500424632"	85000	"slope"	-0.693574515
"0.05"	"0.8"	"0.45"	"0.01"	"0.005"	"0.01"	"100000"	"10000"	"200"	"512950191500424632"	85000	"intercept"	0.87445659
"0.05"	"0.8"	"0.45"	"0.01"	"0.005"	"0.01"	"100000"	"10000"	"200"	"512950191500424632"	90000	"slope"	-0.62649313
"0.05"	"0.8"	"0.45"	"0.01"	"0.005"	"0.01"	"100000"	"10000"	"200"	"512950191500424632"	90000	"intercept"	0.83909836
"0.05"	"0.8"	"0.45"	"0.01"	"0.005"	"0.01"	"100000"	"10000"	"200"	"512950191500424632"	95000	"slope"	-0.58046691
"0.05"	"0.8"	"0.45"	"0.01"	"0.005"	"0.01"	"100000"	"10000"	"200"	"512950191500424632"	95000	"intercept"	0.805969745
"0.05"	"0.8"	"0.45"	"0.01"	"0.005"	"0.01"	"100000"	"10000"	"200"	"512950191500424632"	100000	"slope"	-0.59005175
"0.05"	"0.8"	"0.45"	"0.01"	"0.005"	"0.01"	"100000"	"10000"	"200"	"512950191500424632"	100000	"intercept"	0.81087921
"0.05"	"0.8"	"0.45"	"0.01"	"0.005"	"0.01"	"100000"	"10000"	"200"	"5302229612779266284"	10	"slope"	0.000100519675
"0.05"	"0.8"	"0.45"	"0.01"	"0.005"	"0.01"	"100000"	"10000"	"200"	"5302229612779266284"	10	"intercept"	0.50001845
"0.05"	"0.8"	"0.45"	"0.01"	"0.005"	"0.01"	"100000"	"10000"	"200"	"5302229612779266284"	5000	"slope"	-0.1212169275
"0.05"	"0.8"	"0.45"	"0.01"	"0.005"	"0.01"	"100000"	"10000"	"200"	"5302229612779266284"	5000	"intercept"	0.508105
"0.05"	"0.8"	"0.45"	"0.01"	"0.005"	"0.01"	"100000"	"10000"	"200"	"5302229612779266284"	10000	"slope"	-0.184725491
"0.05"	"0.8"	"0.45"	"0.01"	"0.005"	"0.01"	"100000"	"10000"	"200"	"5302229612779266284"	10000	"intercept"	0.54621116
"0.05"	"0.8"	"0.45"	"0.01"	"0.005"	"0.01"	"100000"	"10000"	"200"	"5302229612779266284"	15000	"slope"	-0.238099925
"0.05"	"0.8"	"0.45"	"0.01"	"0.005"	"0.01"	"100000"	"10000"	"200"	"5302229612779266284"	15000	"intercept"	0.57620613
"0.05"	"0.8"	"0.45"	"0.01"	"0.005"	"0.01"	"100000"	"10000"	"200"	"5302229612779266284"	20000	"slope"	-0.34637909
"0.05"	"0.8"	"0.45"	"0.01"	"0.005"	"0.01"	"100000"	"10000"	"200"	"5302229612779266284"	20000	"intercept"	0.655256545
"0.05"	"0.8"	"0.45"	"0.01"	"0.005"	"0.01"	"100000"	"10000"	"200"	"5302229612779266284"	25000	"slope"	-0.374085615
"0.05"	"0.8"	"0.45"	"0.01"	"0.005"	"0.01"	"100000"	"10000"	"200"	"5302229612779266284"	25000	"intercept"	0.67185184
"0.05"	"0.8"	"0.45"	"0.01"	"0.005"	"0.01"	"100000"	"10000"	"200"	"5302229612779266284"	30000	"slope"	-0.37426557
"0.05"	"0.8"	"0.45"	"0.01"	"0.005"	"0.01"	"100000"	"10000"	"200"	"5302229612779266284"	30000	"intercept"	0.66828214
"0.05"	"0.8"	"0.45"	"0.01"	"0.005"	"0.01"	"100000"	"10000"	"200"	"5302229612779266284"	35000	"slope"	-0.492156865
"0.05"	"0.8"	"0.45"	"0.01"	"0.005"	"0.01"	"100000"	"10000"	"200"	"5302229612779266284"	35000	"intercept"	0.74795726
"0.05"	"0.8"	"0.45"	"0.01"	"0.005"	"0.01"	"100000"	"10000"	"200"	"5302229612779266284"	40000	"slope"	-0.57956715
"0.05"	"0.8"	"0.45"	"0.01"	"0.005"	"0.01"	"100000"	"10000"	"200"	"5302229612779266284"	40000	"intercept"	0.80759858
"0.05"	"0.8"	"0.45"	"0.01"	"0.005"	"0.01"	"100000"	"10000"	"200"	"5302229612779266284"	45000	"slope"	-0.61535422
"0.05"	"0.8"	"0.45"	"0.01"	"0.005"	"0.01"	"100000"	"10000"	"200"	"5302229612779266284"	45000	"intercept"	0.82966913
"0.05"	"0.8"	"0.45"	"0.01"	"0.005"	"0.01"	"100000"	"10000"	"200"	"5302229612779266284"	50000	"slope"	-0.615450145
"0.05"	"0.8"	"0.45"	"0.01"	"0.005"	"0.01"	"100000"	"10000"	"200"	"5302229612779266284"	50000	"intercept"	0.826068665
"0.05"	"0.8"	"0.45"	"0.01"	"0.005"	"0.01"	"100000"	"10000"	"200"	"5302229612779266284"	55000	"slope"	-0.60529828
"0.05"	"0.8"	"0.45"	"0.01"	"0.005"	"0.01"	"100000"	"10000"	"200"	"5302229612779266284"	55000	"intercept"	0.818818235
"0.05"	"0.8"	"0.45"	"0.01"	"0.005"	"0.01"	"100000"	"10000"	"200"	"5302229612779266284"	60000	"slope"	-0.60175855
"0.05"	"0.8"	"0.45"	"0.01"	"0.005"	"0.01"	"100000"	"10000"	"200"	"5302229612779266284"	60000	"intercept"	0.82471743
"0.05"	"0.8"	"0.45"	"0.01"	"0.005"	"0.01"	"100000"	"10000"	"200"	"5302229612779266284"	65000	"slope"	-0.589855775
"0.05"	"0.8"	"0.45"	"0.01"	"0.005"	"0.01"	"100000"	"10000"	"200"	"5302229612779266284"	65000	"intercept"	0.813348595
"0.05"	"0.8"	"0.45"	"0.01"	"0.005"	"0.01"	"100000"	"10000"	"200"	"5302229612779266284"	70000	"slope"	-0.602676595
"0.05"	"0.8"	"0.45"	"0.01"	"0.005"	"0.01"	"100000"	"10000"	"200"	"5302229612779266284"	70000	"intercept"	0.82588887
"0.05"	"0.8"	"0.45"	"0.01"	"0.005"	"0.01"	"100000"	"10000"	"200"	"5302229612779266284"	75000	"slope"	-0.604886875
"0.05"	"0.8"	"0.45"	"0.01"	"0.005"	"0.01"	"100000"	"10000"	"200"	"5302229612779266284"	75000	"intercept"	0.8206782
"0.05"	"0.8"	"0.45"	"0.01"	"0.005"	"0.01"	"100000"	"10000"	"200"	"5302229612779266284"	80000	"slope"	-0.587066875
"0.05"	"0.8"	"0.45"	"0.01"	"0.005"	"0.01"	"100000"	"10000"	"200"	"5302229612779266284"	80000	"intercept"	0.80655394
"0.05"	"0.8"	"0.45"	"0.01"	"0.005"	"0.01"	"100000"	"10000"	"200"	"5302229612779266284"	85000	"slope"	-0.612007305
"0.05"	"0.8"	"0.45"	"0.01"	"0.005"	"0.01"	"100000"	"10000"	"200"	"5302229612779266284"	85000	"intercept"	0.831231235
"0.05"	"0.8"	"0.45"	"0.01"	"0.005"	"0.01"	"100000"	"10000"	"200"	"5302229612779266284"	90000	"slope"	-0.603821415
"0.05"	"0.8"	"0.45"	"0.01"	"0.005"	"0.01"	"100000"	"10000"	"200"	"5302229612779266284"	90000	"intercept"	0.82470115
"0.05"	"0.8"	"0.45"	"0.01"	"0.005"	"0.01"	"100000"	"10000"	"200"	"5302229612779266284"	95000	"slope"	-0.651002655
"0.05"	"0.8"	"0.45"	"0.01"	"0.005"	"0.01"	"100000"	"10000"	"200"	"5302229612779266284"	95000	"intercept"	0.858030865
"0.05"	"0.8"	"0.45"	"0.01"	"0.005"	"0.01"	"100000"	"10000"	"200"	"5302229612779266284"	100000	"slope"	-0.68195215
"0.05"	"0.8"	"0.45"	"0.01"	"0.005"	"0.01"	"100000"	"10000"	"200"	"5302229612779266284"	100000	"intercept"	0.87300039
"0.05"	"0.8"	"0.45"	"0.01"	"0.005"	"0.01"	"100000"	"10000"	"200"	"5995130412296557471"	10	"slope"	4.67833497e-05
"0.05"	"0.8"	"0.45"	"0.01"	"0.005"	"0.01"	"100000"	"10000"	"200"	"5995130412296557471"	10	"intercept"	0.500011105
"0.05"	"0.8"	"0.45"	"0.01"	"0.005"	"0.01"	"100000"	"10000"	"200"	"5995130412296557471"	5000	"slope"	-0.0969442435
"0.05"	"0.8"	"0.45"	"0.01"	"0.005"	"0.01"	"100000"	"10000"	"200"	"5995130412296557471"	5000	"intercept"	0.485457915
"0.05"	"0.8"	"0.45"	"0.01"	"0.005"	"0.01"	"100000"	"10000"	"200"	"5995130412296557471"	10000	"slope"	-0.21361738
"0.05"	"0.8"	"0.45"	"0.01"	"0.005"	"0.01"	"100000"	"10000"	"200"	"5995130412296557471"	10000	"intercept"	0.5610372
"0.05"	"0.8"	"0.45"	"0.01"	"0.005"	"0.01"	"100000"	"10000"	"200"	"5995130412296557471"	15000	"slope"	-0.27525241
"0.05"	"0.8"	"0.45"	"0.01"	"0.005"	"0.01"	"100000"	"10000"	"200"	"5995130412296557471"	15000	"intercept"	0.60084403
"0.05"	"0.8"	"0.45"	"0.01"	"0.005"	"0.01"	"100000"	"10000"	"200"	"5995130412296557471"	20000	"slope"	-0.32219388
"0.05"	"0.8"	"0.45"	"0.01"	"0.005"	"0.01"	"100000"	"10000"	"200"	"5995130412296557471"	20000	"intercept"	0.63200674
"0.05"	"0.8"	"0.45"	"0.01"	"0.005"	"0.01"	"100000"	"10000"	"200"	"5995130412296557471"	25000	"slope"	-0.37550727
"0.05"	"0.8"	"0.45"	"0.01"	"0.005"	"0.01"	"100000"	"10000"	"200"	"5995130412296557471"	25000	"intercept"	0.6739019
"0.05"	"0.8"	"0.45"	"0.01"	"0.005"	"0.01"	"100000"	"10000"	"200"	"5995130412296557471"	30000	"slope"	-0.459414855
"0.05"	"0.8"	"0.45"	"0.01"	"0.005"	"0.01"	"100000"	"10000"	"200"	"5995130412296557471"	30000	"intercept"	0.72753044
"0.05"	"0.8"	"0.45"	"0.01"	"0.005"	"0.01"	"100000"	"10000"	"200"	"5995130412296557471"	35000	"slope"	-0.509738145
"0.05"	"0.8"	"0.45"	"0.01"	"0.005"	"0.01"	"100000"	"10000"	"200"	"5995130412296557471"	35000	"intercept"	0.761998945
"0.05"	"0.8"	"0.45"	"0.01"	"0.005"	"0.01"	"100000"	"10000"	"200"	"5995130412296557471"	40000	"slope"	-0.542377365
"0.05"	"0.8"	"0.45"	"0.01"	"0.005"	"0.01"	"100000"	"10000"	"200"	"5995130412296557471"	40000	"intercept"	0.7838539
"0.05"	"0.8"	"0.45"	"0.01"	"0.005"	"0.01"	"100000"	"10000"	"200"	"5995130412296557471"	45000	"slope"	-0.574751905
"0.05"	"0.8"	"0.45"	"0.01"	"0.005"	"0.01"	"100000"	"10000"	"200"	"5995130412296557471"	45000	"intercept"	0.80328149
"0.05"	"0.8"	"0.45"	"0.01"	"0.005"	"0.01"	"100000"	"10000"	"200"	"5995130412296557471"	50000	"slope"	-0.611341915
"0.05"	"0.8"	"0.45"	"0.01"	"0.005"	"0.01"	"100000"	"10000"	"200"	"5995130412296557471"	50000	"intercept"	0.824686965
"0.05"	"0.8"	"0.45"	"0.01"	"0.005"	"0.01"	"100000"	"10000"	"200"	"5995130412296557471"	55000	"slope"	-0.62695713
"0.05"	"0.8"	"0.45"	"0.01"	"0.005"	"0.01"	"100000"	"10000"	"200"	"5995130412296557471"	55000	"intercept"	0.84535686
"0.05"	"0.8"	"0.45"	"0.01"	"0.005"	"0.01"	"100000"	"10000"	"200"	"5995130412296557471"	60000	"slope"	-0.634931235
"0.05"	"0.8"	"0.45"	"0.01"	"0.005"	"0.01"	"100000"	"10000"	"200"	"5995130412296557471"	60000	"intercept"	0.84837579
"0.05"	"0.8"	"0.45"	"0.01"	"0.005"	"0.01"	"100000"	"10000"	"200"	"5995130412296557471"	65000	"slope"	-0.663722775
"0.05"	"0.8"	"0.45"	"0.01"	"0.005"	"0.01"	"100000"	"10000"	"200"	"5995130412296557471"	65000	"intercept"	0.85906692
"0.05"	"0.8"	"0.45"	"0.01"	"0.005"	"0.01"	"100000"	"10000"	"200"	"5995130412296557471"	70000	"slope"	-0.643606405
"0.05"	"0.8"	"0.45"	"0.01"	"0.005"	"0.01"	"100000"	"10000"	"200"	"5995130412296557471"	70000	"intercept"	0.846907015
"0.05"	"0.8"	"0.45"	"0.01"	"0.005"	"0.01"	"100000"	"10000"	"200"	"5995130412296557471"	75000	"slope"	-0.677547305
"0.05"	"0.8"	"0.45"	"0.01"	"0.005"	"0.01"	"100000"	"10000"	"200"	"5995130412296557471"	75000	"intercept"	0.87099803
"0.05"	"0.8"	"0.45"	"0.01"	"0.005"	"0.01"	"100000"	"10000"	"200"	"5995130412296557471"	80000	"slope"	-0.684222085
"0.05"	"0.8"	"0.45"	"0.01"	"0.005"	"0.01"	"100000"	"10000"	"200"	"5995130412296557471"	80000	"intercept"	0.8761547
"0.05"	"0.8"	"0.45"	"0.01"	"0.005"	"0.01"	"100000"	"10000"	"200"	"5995130412296557471"	85000	"slope"	-0.72268904
"0.05"	"0.8"	"0.45"	"0.01"	"0.005"	"0.01"	"100000"	"10000"	"200"	"5995130412296557471"	85000	"intercept"	0.903398965
"0.05"	"0.8"	"0.45"	"0.01"	"0.005"	"0.01"	"100000"	"10000"	"200"	"5995130412296557471"	90000	"slope"	-0.731645605
"0.05"	"0.8"	"0.45"	"0.01"	"0.005"	"0.01"	"100000"	"10000"	"200"	"5995130412296557471"	90000	"intercept"	0.908300925
"0.05"	"0.8"	"0.45"	"0.01"	"0.005"	"0.01"	"100000"	"10000"	"200"	"5995130412296557471"	95000	"slope"	-0.693266145
"0.05"	"0.8"	"0.45"	"0.01"	"0.005"	"0.01"	"100000"	"10000"	"200"	"5995130412296557471"	95000	"intercept"	0.88501559
"0.05"	"0.8"	"0.45"	"0.01"	"0.005"	"0.01"	"100000"	"10000"	"200"	"5995130412296557471"	100000	"slope"	-0.72696567
"0.05"	"0.8"	"0.45"	"0.01"	"0.005"	"0.01"	"100000"	"10000"	"200"	"5995130412296557471"	100000	"intercept"	0.91136043
"0.15"	"0.0"	"0.45"	"0.01"	"0.005"	"0.01"	"100000"	"10000"	"200"	"1897841796975260048"	10	"slope"	3.128896e-05
"0.15"	"0.0"	"0.45"	"0.01"	"0.005"	"0.01"	"100000"	"10000"	"200"	"1897841796975260048"	10	"intercept"	0.49982876
"0.15"	"0.0"	"0.45"	"0.01"	"0.005"	"0.01"	"100000"	"10000"	"200"	"1897841796975260048"	5000	"slope"	-0.1248875985
"0.15"	"0.0"	"0.45"	"0.01"	"0.005"	"0.01"	"100000"	"10000"	"200"	"1897841796975260048"	5000	"intercept"	0.545513585
"0.15"	"0.0"	"0.45"	"0.01"	"0.005"	"0.01"	"100000"	"10000"	"200"	"1897841796975260048"	10000	"slope"	-0.1853239735
"0.15"	"0.0"	"0.45"	"0.01"	"0.005"	"0.01"	"100000"	"10000"	"200"	"1897841796975260048"	10000	"intercept"	0.584638885
"0.15"	"0.0"	"0.45"	"0.01"	"0.005"	"0.01"	"100000"	"10000"	"200"	"1897841796975260048"	15000	"slope"	-0.23909873
"0.15"	"0.0"	"0.45"	"0.01"	"0.005"	"0.01"	"100000"	"10000"	"200"	"1897841796975260048"	15000	"intercept"	0.62389573
"0.15"	"0.0"	"0.45"	"0.01"	"0.005"	"0.01"	"100000"	"10000"	"200"	"1897841796975260048"	20000	"slope"	-0.271843315
"0.15"	"0.0"	"0.45"	"0.01"	"0.005"	"0.01"	"100000"	"10000"	"200"	"1897841796975260048"	20000	"intercept"	0.64656225
"0.15"	"0.0"	"0.45"	"0.01"	"0.005"	"0.01"	"100000"	"10000"	"200"	"1897841796975260048"	25000	"slope"	-0.299025935
"0.15"	"0.0"	"0.45"	"0.01"	"0.005"	"0.01"	"100000"	"10000"	"200"	"1897841796975260048"	25000	"intercept"	0.65338059
"0.15"	"0.0"	"0.45"	"0.01"	"0.005"	"0.01"	"100000"	"10000"	"200"	"1897841796975260048"	30000	"slope"	-0.3050959
"0.15"	"0.0"	"0.45"	"0.01"	"0.005"	"0.01"	"100000"	"10000"	"200"	"1897841796975260048"	30000	"intercept"	0.66128581
"0.15"	"0.0"	"0.45"	"0.01"	"0.005"	"0.01"	"100000"	"10000"	"200"	"1897841796975260048"	35000	"slope"	-0.357965545
"0.15"	"0.0"	"0.45"	"0.01"	"0.005"	"0.01"	"100000"	"10000"	"200"	"1897841796975260048"	35000	"intercept"	0.692772045
"0.15"	"0.0"	"0.45"	"0.01"	"0.005"	"0.01"	"100000"	"10000"	"200"	"1897841796975260048"	40000	"slope"	-0.31663222
"0.15"	"0.0"	"0.45"	"0.01"	"0.005"	"0.01"	"100000"	"10000"	"200"	"1897841796975260048"	40000	"intercept"	0.67372872
"0.15"	"0.0"	"0.45"	"0.01"	"0.005"	"0.01"	"100000"	"10000"	"200"	"1897841796975260048"	45000	"slope"	-0.33527618
"0.15"	"0.0"	"0.45"	"0.01"	"0.005"	"0.01"	"100000"	"10000"	"200"	"1897841796975260048"	45000	"intercept"	0.68318894
"0.15"	"0.0"	"0.45"	"0.01"	"0.005"	"0.01"	"100000"	"10000"	"200"	"1897841796975260048"	50000	"slope"	-0.333434175
"0.15"	"0.0"	"0.45"	"0.01"	"0.005"	"0.01"	"100000"	"10000"	"200"	"1897841796975260048"	50000	"intercept"	0.68734346
"0.15"	"0.0"	"0.45"	"0.01"	"0.005"	"0.01"	"100000"	"10000"	"200"	"1897841796975260048"	55000	"slope"	-0.36753318
"0.15"	"0.0"	"0.45"	"0.01"	"0.005"	"0.01"	"100000"	"10000"	"200"	"1897841796975260048"	55000	"intercept"	0.70952858
"0.15"	"0.0"	"0.45"	"0.01"	"0.005"	"0.01"	"100000"	"10000"	"200"	"1897841796975260048"	60000	"slope"	-0.40017708
"0.15"	"0.0"	"0.45"	"0.01"	"0.005"	"0.01"	"100000"	"10000"	"200"	"1897841796975260048"	60000	"intercept"	0.731387955
"0.15"	"0.0"	"0.45"	"0.01"	"0.005"	"0.01"	"100000"	"10000"	"200"	"1897841796975260048"	65000	"slope"	-0.39114842
"0.15"	"0.0"	"0.45"	"0.01"	"0.005"	"0.01"	"100000"	"10000"	"200"	"1897841796975260048"	65000	"intercept"	0.71433863
"0.15"	"0.0"	"0.45"	"0.01"	"0.005"	"0.01"	"100000"	"10000"	"200"	"1897841796975260048"	70000	"slope"	-0.411312535
"0.15"	"0.0"	"0.45"	"0.01"	"0.005"	"0.01"	"100000"	"10000"	"200"	"1897841796975260048"	70000	"intercept"	0.736494035
"0.15"	"0.0"	"0.45"	"0.01"	"0.005"	"0.01"	"100000"	"10000"	"200"	"1897841796975260048"	75000	"slope"	-0.38732277
"0.15"	"0.0"	"0.45"	"0.01"	"0.005"	"0.01"	"100000"	"10000"	"200"	"1897841796975260048"	75000	"intercept"	0.723998755
"0.15"	"0.0"	"0.45"	"0.01"	"0.005"	"0.01"	"100000"	"10000"	"200"	"1897841796975260048"	80000	"slope"	-0.39577766
"0.15"	"0.0"	"0.45"	"0.01"	"0.005"	"0.01"	"100000"	"10000"	"200"	"1897841796975260048"	80000	"intercept"	0.72332113
"0.15"	"0.0"	"0.45"	"0.01"	"0.005"	"0.01"	"100000"	"10000"	"200"	"1897841796975260048"	85000	"slope"	-0.39875528
"0.15"	"0.0"	"0.45"	"0.01"	"0.005"	"0.01"	"100000"	"10000"	"200"	"1897841796975260048"	85000	"intercept"	0.725371615
"0.15"	"0.0"	"0.45"	"0.01"	"0.005"	"0.01"	"100000"	"10000"	"200"	"1897841796975260048"	90000	"slope"	-0.409158245
"0.15"	"0.0"	"0.45"	"0.01"	"0.005"	"0.01"	"100000"	"10000"	"200"	"1897841796975260048"	90000	"intercept"	0.736823895
"0.15"	"0.0"	"0.45"	"0.01"	"0.005"	"0.01"	"100000"	"10000"	"200"	"1897841796975260048"	95000	"slope"	-0.397364715
"0.15"	"0.0"	"0.45"	"0.01"	"0.005"	"0.01"	"100000"	"10000"	"200"	"1897841796975260048"	95000	"intercept"	0.722102975
"0.15"	"0.0"	"0.45"	"0.01"	"0.005"	"0.01"	"100000"	"10000"	"200"	"1897841796975260048"	100000	"slope"	-0.397255905
"0.15"	"0.0"	"0.45"	"0.01"	"0.005"	"0.01"	"100000"	"10000"	"200"	"1897841796975260048"	100000	"intercept"	0.725941005
"0.15"	"0.0"	"0.45"	"0.01"	"0.005"	"0.01"	"100000"	"10000"	"200"	"770017772757410960"	10	"slope"	-0.000259687555
"0.15"	"0.0"	"0.45"	"0.01"	"0.005"	"0.01"	"100000"	"10000"	"200"	"770017772757410960"	10	"intercept"	0.499972085
"0.15"	"0.0"	"0.45"	"0.01"	"0.005"	"0.01"	"100000"	"10000"	"200"	"770017772757410960"	5000	"slope"	-0.05795347875
"0.15"	"0.0"	"0.45"	"0.01"	"0.005"	"0.01"	"100000"	"10000"	"200"	"770017772757410960"	5000	"intercept"	0.510376965
"0.15"	"0.0"	"0.45"	"0.01"	"0.005"	"0.01"	"100000"	"10000"	"200"	"770017772757410960"	10000	"slope"	-0.09530318605
"0.15"	"0.0"	"0.45"	"0.01"	"0.005"	"0.01"	"100000"	"10000"	"200"	"770017772757410960"	10000	"intercept"	0.52690424
"0.15"	"0.0"	"0.45"	"0.01"	"0.005"	"0.01"	"100000"	"10000"	"200"	"770017772757410960"	15000	"slope"	-0.1484451405
"0.15"	"0.0"	"0.45"	"0.01"	"0.005"	"0.01"	"100000"	"10000"	"200"	"770017772757410960"	15000	"intercept"	0.56365676
"0.15"	"0.0"	"0.45"	"0.01"	"0.005"	"0.01"	"100000"	"10000"	"200"	"770017772757410960"	20000	"slope"	-0.2338794
"0.15"	"0.0"	"0.45"	"0.01"	"0.005"	"0.01"	"100000"	"10000"	"200"	"770017772757410960"	20000	"intercept"	0.620397095
"0.15"	"0.0"	"0.45"	"0.01"	"0.005"	"0.01"	"100000"	"10000"	"200"	"770017772757410960"	25000	"slope"	-0.292733715
"0.15"	"0.0"	"0.45"	"0.01"	"0.005"	"0.01"	"100000"	"10000"	"200"	"770017772757410960"	25000	"intercept"	0.66097394
"0.15"	"0.0"	"0.45"	"0.01"	"0.005"	"0.01"	"100000"	"10000"	"200"	"770017772757410960"	30000	"slope"	-0.36074113
"0.15"	"0.0"	"0.45"	"0.01"	"0.005"	"0.01"	"100000"	"10000"	"200"	"770017772757410960"	30000	"intercept"	0.695202885
"0.15"	"0.0"	"0.45"	"0.01"	"0.005"	"0.01"	"100000"	"10000"	"200"	"770017772757410960"	35000	"slope"	-0.35461529
"0.15"	"0.0"	"0.45"	"0.01"	"0.005"	"0.01"	"100000"	"10000"	"200"	"770017772757410960"	35000	"intercept"	0.69594298
"0.15"	"0.0"	"0.45"	"0.01"	"0.005"	"0.01"	"100000"	"10000"	"200"	"770017772757410960"	40000	"slope"	-0.35206308
"0.15"	"0.0"	"0.45"	"0.01"	"0.005"	"0.01"	"100000"	"10000"	"200"	"770017772757410960"	40000	"intercept"	0.69143358
"0.15"	"0.0"	"0.45"	"0.01"	"0.005"	"0.01"	"100000"	"10000"	"200"	"770017772757410960"	45000	"slope"	-0.35586364
"0.15"	"0.0"	"0.45"	"0.01"	"0.005"	"0.01"	"100000"	"10000"	"200"	"770017772757410960"	45000	"intercept"	0.70141235
"0.15"	"0.0"	"0.45"	"0.01"	"0.005"	"0.01"	"100000"	"10000"	"200"	"770017772757410960"	50000	"slope"	-0.41224845
"0.15"	"0.0"	"0.45"	"0.01"	"0.005"	"0.01"	"100000"	"10000"	"200"	"770017772757410960"	50000	"intercept"	0.73601573
"0.15"	"0.0"	"0.45"	"0.01"	"0.005"	"0.01"	"100000"	"10000"	"200"	"770017772757410960"	55000	"slope"	-0.42054239
"0.15"	"0.0"	"0.45"	"0.01"	"0.005"	"0.01"	"100000"	"10000"	"200"	"770017772757410960"	55000	"intercept"	0.746517795
"0.15"	"0.0"	"0.45"	"0.01"	"0.005"	"0.01"	"100000"	"10000"	"200"	"770017772757410960"	60000	"slope"	-0.387900655
"0.15"	"0.0"	"0.45"	"0.01"	"0.005"	"0.01"	"100000"	"10000"	"200"	"770017772757410960"	60000	"intercept"	0.71222412
"0.15"	"0.0"	"0.45"	"0.01"	"0.005"	"0.01"	"100000"	"10000"	"200"	"770017772757410960"	65000	"slope"	-0.418986945
"0.15"	"0.0"	"0.45"	"0.01"	"0.005"	"0.01"	"100000"	"10000"	"200"	"770017772757410960"	65000	"intercept"	0.73377969
"0.15"	"0.0"	"0.45"	"0.01"	"0.005"	"0.01"	"100000"	"10000"	"200"	"770017772757410960"	70000	"slope"	-0.418978515
"0.15"	"0.0"	"0.45"	"0.01"	"0.005"	"0.01"	"100000"	"10000"	"200"	"770017772757410960"	70000	"intercept"	0.73704161
"0.15"	"0.0"	"0.45"	"0.01"	"0.005"	"0.01"	"100000"	"10000"	"200"	"770017772757410960"	75000	"slope"	-0.36817667
"0.15"	"0.0"	"0.45"	"0.01"	"0.005"	"0.01"	"100000"	"10000"	"200"	"770017772757410960"	75000	"intercept"	0.707616565
"0.15"	"0.0"	"0.45"	"0.01"	"0.005"	"0.01"	"100000"	"10000"	"200"	"770017772757410960"	80000	"slope"	-0.41728409
"0.15"	"0.0"	"0.45"	"0.01"	"0.005"	"0.01"	"100000"	"10000"	"200"	"770017772757410960"	80000	"intercept"	0.73921659
"0.15"	"0.0"	"0.45"	"0.01"	"0.005"	"0.01"	"100000"	"10000"	"200"	"770017772757410960"	85000	"slope"	-0.44654685
"0.15"	"0.0"	"0.45"	"0.01"	"0.005"	"0.01"	"100000"	"10000"	"200"	"770017772757410960"	85000	"intercept"	0.75577001
"0.15"	"0.0"	"0.45"	"0.01"	"0.005"	"0.01"	"100000"	"10000"	"200"	"770017772757410960"	90000	"slope"	-0.438176
"0.15"	"0.0"	"0.45"	"0.01"	"0.005"	"0.01"	"100000"	"10000"	"200"	"770017772757410960"	90000	"intercept"	0.757972905
"0.15"	"0.0"	"0.45"	"0.01"	"0.005"	"0.01"	"100000"	"10000"	"200"	"770017772757410960"	95000	"slope"	-0.39898792
"0.15"	"0.0"	"0.45"	"0.01"	"0.005"	"0.01"	"100000"	"10000"	"200"	"770017772757410960"	95000	"intercept"	0.730380265
"0.15"	"0.0"	"0.45"	"0.01"	"0.005"	"0.01"	"100000"	"10000"	"200"	"770017772757410960"	100000	"slope"	-0.38953845
"0.15"	"0.0"	"0.45"	"0.01"	"0.005"	"0.01"	"100000"	"10000"	"200"	"770017772757410960"	100000	"intercept"	0.725914645
"0.15"	"0.0"	"0.45"	"0.01"	"0.005"	"0.01"	"100000"	"10000"	"200"	"9085902635101374086"	10	"slope"	0.000220864775
"0.15"	"0.0"	"0.45"	"0.01"	"0.005"	"0.01"	"100000"	"10000"	"200"	"9085902635101374086"	10	"intercept"	0.4999053
"0.15"	"0.0"	"0.45"	"0.01"	"0.005"	"0.01"	"100000"	"10000"	"200"	"9085902635101374086"	5000	"slope"	-0.10170712115
"0.15"	"0.0"	"0.45"	"0.01"	"0.005"	"0.01"	"100000"	"10000"	"200"	"9085902635101374086"	5000	"intercept"	0.534622455
"0.15"	"0.0"	"0.45"	"0.01"	"0.005"	"0.01"	"100000"	"10000"	"200"	"9085902635101374086"	10000	"slope"	-0.1431378495
"0.15"	"0.0"	"0.45"	"0.01"	"0.005"	"0.01"	"100000"	"10000"	"200"	"9085902635101374086"	10000	"intercept"	0.56049771
"0.15"	"0.0"	"0.45"	"0.01"	"0.005"	"0.01"	"100000"	"10000"	"200"	"9085902635101374086"	15000	"slope"	-0.18600693
"0.15"	"0.0"	"0.45"	"0.01"	"0.005"	"0.01"	"100000"	"10000"	"200"	"9085902635101374086"	15000	"intercept"	0.588252435
"0.15"	"0.0"	"0.45"	"0.01"	"0.005"	"0.01"	"100000"	"10000"	"200"	"9085902635101374086"	20000	"slope"	-0.27661521
"0.15"	"0.0"	"0.45"	"0.01"	"0.005"	"0.01"	"100000"	"10000"	"200"	"9085902635101374086"	20000	"intercept"	0.65131211
"0.15"	"0.0"	"0.45"	"0.01"	"0.005"	"0.01"	"100000"	"10000"	"200"	"9085902635101374086"	25000	"slope"	-0.29407738
"0.15"	"0.0"	"0.45"	"0.01"	"0.005"	"0.01"	"100000"	"10000"	"200"	"9085902635101374086"	25000	"intercept"	0.65516964
"0.15"	"0.0"	"0.45"	"0.01"	"0.005"	"0.01"	"100000"	"10000"	"200"	"9085902635101374086"	30000	"slope"	-0.351961745
"0.15"	"0.0"	"0.45"	"0.01"	"0.005"	"0.01"	"100000"	"10000"	"200"	"9085902635101374086"	30000	"intercept"	0.700140985
"0.15"	"0.0"	"0.45"	"0.01"	"0.005"	"0.01"	"100000"	"10000"	"200"	"9085902635101374086"	35000	"slope"	-0.39995013
"0.15"	"0.0"	"0.45"	"0.01"	"0.005"	"0.01"	"100000"	"10000"	"200"	"9085902635101374086"	35000	"intercept"	0.73317978
"0.15"	"0.0"	"0.45"	"0.01"	"0.005"	"0.01"	"100000"	"10000"	"200"	"9085902635101374086"	40000	"slope"	-0.39476876
"0.15"	"0.0"	"0.45"	"0.01"	"0.005"	"0.01"	"100000"	"10000"	"200"	"9085902635101374086"	40000	"intercept"	0.7123342
"0.15"	"0.0"	"0.45"	"0.01"	"0.005"	"0.01"	"100000"	"10000"	"200"	"9085902635101374086"	45000	"slope"	-0.405177635
"0.15"	"0.0"	"0.45"	"0.01"	"0.005"	"0.01"	"100000"	"10000"	"200"	"9085902635101374086"	45000	"intercept"	0.732758255
"0.15"	"0.0"	"0.45"	"0.01"	"0.005"	"0.01"	"100000"	"10000"	"200"	"9085902635101374086"	50000	"slope"	-0.45036388
"0.15"	"0.0"	"0.45"	"0.01"	"0.005"	"0.01"	"100000"	"10000"	"200"	"9085902635101374086"	50000	"intercept"	0.758111725
"0.15"	"0.0"	"0.45"	"0.01"	"0.005"	"0.01"	"100000"	"10000"	"200"	"9085902635101374086"	55000	"slope"	-0.4209447
"0.15"	"0.0"	"0.45"	"0.01"	"0.005"	"0.01"	"100000"	"10000"	"200"	"9085902635101374086"	55000	"intercept"	0.740763095
"0.15"	"0.0"	"0.45"	"0.01"	"0.005"	"0.01"	"100000"	"10000"	"200"	"9085902635101374086"	60000	"slope"	-0.411550365
"0.15"	"0.0"	"0.45"	"0.01"	"0.005"	"0.01"	"100000"	"10000"	"200"	"9085902635101374086"	60000	"intercept"	0.732987535
"0.15"	"0.0"	"0.45"	"0.01"	"0.005"	"0.01"	"100000"	"10000"	"200"	"9085902635101374086"	65000	"slope"	-0.40440103
"0.15"	"0.0"	"0.45"	"0.01"	"0.005"	"0.01"	"100000"	"10000"	"200"	"9085902635101374086"	65000	"intercept"	0.72889837
"0.15"	"0.0"	"0.45"	"0.01"	"0.005"	"0.01"	"100000"	"10000"	"200"	"9085902635101374086"	70000	"slope"	-0.341325235
"0.15"	"0.0"	"0.45"	"0.01"	"0.005"	"0.01"	"100000"	"10000"	"200"	"9085902635101374086"	70000	"intercept"	0.695666745
"0.15"	"0.0"	"0.45"	"0.01"	"0.005"	"0.01"	"100000"	"10000"	"200"	"9085902635101374086"	75000	"slope"	-0.372638685
"0.15"	"0.0"	"0.45"	"0.01"	"0.005"	"0.01"	"100000"	"10000"	"200"	"9085902635101374086"	75000	"intercept"	0.713053395
"0.15"	"0.0"	"0.45"	"0.01"	"0.005"	"0.01"	"100000"	"10000"	"200"	"9085902635101374086"	80000	"slope"	-0.345216175
"0.15"	"0.0"	"0.45"	"0.01"	"0.005"	"0.01"	"100000"	"10000"	"200"	"9085902635101374086"	80000	"intercept"	0.69506206
"0.15"	"0.0"	"0.45"	"0.01"	"0.005"	"0.01"	"100000"	"10000"	"200"	"9085902635101374086"	85000	"slope"	-0.3490393
"0.15"	"0.0"	"0.45"	"0.01"	"0.005"	"0.01"	"100000"	"10000"	"200"	"9085902635101374086"	85000	"intercept"	0.691966015
"0.15"	"0.0"	"0.45"	"0.01"	"0.005"	"0.01"	"100000"	"10000"	"200"	"9085902635101374086"	90000	"slope"	-0.361667995
"0.15"	"0.0"	"0.45"	"0.01"	"0.005"	"0.01"	"100000"	"10000"	"200"	"9085902635101374086"	90000	"intercept"	0.698546855
"0.15"	"0.0"	"0.45"	"0.01"	"0.005"	"0.01"	"100000"	"10000"	"200"	"9085902635101374086"	95000	"slope"	-0.38835531
"0.15"	"0.0"	"0.45"	"0.01"	"0.005"	"0.01"	"100000"	"10000"	"200"	"9085902635101374086"	95000	"intercept"	0.720816045
"0.15"	"0.0"	"0.45"	"0.01"	"0.005"	"0.01"	"100000"	"10000"	"200"	"9085902635101374086"	100000	"slope"	-0.39219151
"0.15"	"0.0"	"0.45"	"0.01"	"0.005"	"0.01"	"100000"	"10000"	"200"	"9085902635101374086"	100000	"intercept"	0.721484335
"0.15"	"0.4"	"0.45"	"0.01"	"0.005"	"0.01"	"100000"	"10000"	"200"	"3256332567766359493"	10	"slope"	-2.33711e-05
"0.15"	"0.4"	"0.45"	"0.01"	"0.005"	"0.01"	"100000"	"10000"	"200"	"3256332567766359493"	10	"intercept"	0.499749935
"0.15"	"0.4"	"0.45"	"0.01"	"0.005"	"0.01"	"100000"	"10000"	"200"	"3256332567766359493"	5000	"slope"	-0.1080921205
"0.15"	"0.4"	"0.45"	"0.01"	"0.005"	"0.01"	"100000"	"10000"	"200"	"3256332567766359493"	5000	"intercept"	0.521425845
"0.15"	"0.4"	"0.45"	"0.01"	"0.005"	"0.01"	"100000"	"10000"	"200"	"3256332567766359493"	10000	"slope"	-0.175811873
"0.15"	"0.4"	"0.45"	"0.01"	"0.005"	"0.01"	"100000"	"10000"	"200"	"3256332567766359493"	10000	"intercept"	0.569702415
"0.15"	"0.4"	"0.45"	"0.01"	"0.005"	"0.01"	"100000"	"10000"	"200"	"3256332567766359493"	15000	"slope"	-0.27208562
"0.15"	"0.4"	"0.45"	"0.01"	"0.005"	"0.01"	"100000"	"10000"	"200"	"3256332567766359493"	15000	"intercept"	0.631082515
"0.15"	"0.4"	"0.45"	"0.01"	"0.005"	"0.01"	"100000"	"10000"	"200"	"3256332567766359493"	20000	"slope"	-0.30600057
"0.15"	"0.4"	"0.45"	"0.01"	"0.005"	"0.01"	"100000"	"10000"	"200"	"3256332567766359493"	20000	"intercept"	0.66237175
"0.15"	"0.4"	"0.45"	"0.01"	"0.005"	"0.01"	"100000"	"10000"	"200"	"3256332567766359493"	25000	"slope"	-0.37839566
"0.15"	"0.4"	"0.45"	"0.01"	"0.005"	"0.01"	"100000"	"10000"	"200"	"3256332567766359493"	25000	"intercept"	0.703946495
"0.15"	"0.4"	"0.45"	"0.01"	"0.005"	"0.01"	"100000"	"10000"	"200"	"3256332567766359493"	30000	"slope"	-0.40488265
"0.15"	"0.4"	"0.45"	"0.01"	"0.005"	"0.01"	"100000"	"10000"	"200"	"3256332567766359493"	30000	"intercept"	0.71883977
"0.15"	"0.4"	"0.45"	"0.01"	"0.005"	"0.01"	"100000"	"10000"	"200"	"3256332567766359493"	35000	"slope"	-0.44277252
"0.15"	"0.4"	"0.45"	"0.01"	"0.005"	"0.01"	"100000"	"10000"	"200"	"3256332567766359493"	35000	"intercept"	0.74079637
"0.15"	"0.4"	"0.45"	"0.01"	"0.005"	"0.01"	"100000"	"10000"	"200"	"3256332567766359493"	40000	"slope"	-0.428313245
"0.15"	"0.4"	"0.45"	"0.01"	"0.005"	"0.01"	"100000"	"10000"	"200"	"3256332567766359493"	40000	"intercept"	0.73785842
"0.15"	"0.4"	"0.45"	"0.01"	"0.005"	"0.01"	"100000"	"10000"	"200"	"3256332567766359493"	45000	"slope"	-0.52379413
"0.15"	"0.4"	"0.45"	"0.01"	"0.005"	"0.01"	"100000"	"10000"	"200"	"3256332567766359493"	45000	"intercept"	0.805099295
"0.15"	"0.4"	"0.45"	"0.01"	"0.005"	"0.01"	"100000"	"10000"	"200"	"3256332567766359493"	50000	"slope"	-0.519215015
"0.15"	"0.4"	"0.45"	"0.01"	"0.005"	"0.01"	"100000"	"10000"	"200"	"3256332567766359493"	50000	"intercept"	0.79780822
"0.15"	"0.4"	"0.45"	"0.01"	"0.005"	"0.01"	"100000"	"10000"	"200"	"3256332567766359493"	55000	"slope"	-0.5202063
"0.15"	"0.4"	"0.45"	"0.01"	"0.005"	"0.01"	"100000"	"10000"	"200"	"3256332567766359493"	55000	"intercept"	0.8052145
"0.15"	"0.4"	"0.45"	"0.01"	"0.005"	"0.01"	"100000"	"10000"	"200"	"3256332567766359493"	60000	"slope"	-0.54036496
"0.15"	"0.4"	"0.45"	"0.01"	"0.005"	"0.01"	"100000"	"10000"	"200"	"3256332567766359493"	60000	"intercept"	0.809037535
"0.15"	"0.4"	"0.45"	"0.01"	"0.005"	"0.01"	"100000"	"10000"	"200"	"3256332567766359493"	65000	"slope"	-0.521056275
"0.15"	"0.4"	"0.45"	"0.01"	"0.005"	"0.01"	"100000"	"10000"	"200"	"3256332567766359493"	65000	"intercept"	0.796840225
"0.15"	"0.4"	"0.45"	"0.01"	"0.005"	"0.01"	"100000"	"10000"	"200"	"3256332567766359493"	70000	"slope"	-0.543916025
"0.15"	"0.4"	"0.45"	"0.01"	"0.005"	"0.01"	"100000"	"10000"	"200"	"3256332567766359493"	70000	"intercept"	0.81309413
"0.15"	"0.4"	"0.45"	"0.01"	"0.005"	"0.01"	"100000"	"10000"	"200"	"3256332567766359493"	75000	"slope"	-0.56254677
"0.15"	"0.4"	"0.45"	"0.01"	"0.005"	"0.01"	"100000"	"10000"	"200"	"3256332567766359493"	75000	"intercept"	0.8239066
"0.15"	"0.4"	"0.45"	"0.01"	"0.005"	"0.01"	"100000"	"10000"	"200"	"3256332567766359493"	80000	"slope"	-0.569766415
"0.15"	"0.4"	"0.45"	"0.01"	"0.005"	"0.01"	"100000"	"10000"	"200"	"3256332567766359493"	80000	"intercept"	0.83114934
"0.15"	"0.4"	"0.45"	"0.01"	"0.005"	"0.01"	"100000"	"10000"	"200"	"3256332567766359493"	85000	"slope"	-0.54473418
"0.15"	"0.4"	"0.45"	"0.01"	"0.005"	"0.01"	"100000"	"10000"	"200"	"3256332567766359493"	85000	"intercept"	0.80896432
"0.15"	"0.4"	"0.45"	"0.01"	"0.005"	"0.01"	"100000"	"10000"	"200"	"3256332567766359493"	90000	"slope"	-0.533987665
"0.15"	"0.4"	"0.45"	"0.01"	"0.005"	"0.01"	"100000"	"10000"	"200"	"3256332567766359493"	90000	"intercept"	0.80049655
"0.15"	"0.4"	"0.45"	"0.01"	"0.005"	"0.01"	"100000"	"10000"	"200"	"3256332567766359493"	95000	"slope"	-0.56349482
"0.15"	"0.4"	"0.45"	"0.01"	"0.005"	"0.01"	"100000"	"10000"	"200"	"3256332567766359493"	95000	"intercept"	0.817303695
"0.15"	"0.4"	"0.45"	"0.01"	"0.005"	"0.01"	"100000"	"10000"	"200"	"3256332567766359493"	100000	"slope"	-0.56864663
"0.15"	"0.4"	"0.45"	"0.01"	"0.005"	"0.01"	"100000"	"10000"	"200"	"3256332567766359493"	100000	"intercept"	0.83168745
"0.15"	"0.4"	"0.45"	"0.01"	"0.005"	"0.01"	"100000"	"10000"	"200"	"5466146441883075301"	10	"slope"	-4.57257e-05
"0.15"	"0.4"	"0.45"	"0.01"	"0.005"	"0.01"	"100000"	"10000"	"200"	"5466146441883075301"	10	"intercept"	0.49986228
"0.15"	"0.4"	"0.45"	"0.01"	"0.005"	"0.01"	"100000"	"10000"	"200"	"5466146441883075301"	5000	"slope"	-0.070689662
"0.15"	"0.4"	"0.45"	"0.01"	"0.005"	"0.01"	"100000"	"10000"	"200"	"5466146441883075301"	5000	"intercept"	0.508789525
"0.15"	"0.4"	"0.45"	"0.01"	"0.005"	"0.01"	"100000"	"10000"	"200"	"5466146441883075301"	10000	"slope"	-0.1393057575
"0.15"	"0.4"	"0.45"	"0.01"	"0.005"	"0.01"	"100000"	"10000"	"200"	"5466146441883075301"	10000	"intercept"	0.54746067
"0.15"	"0.4"	"0.45"	"0.01"	"0.005"	"0.01"	"100000"	"10000"	"200"	"5466146441883075301"	15000	"slope"	-0.203185625
"0.15"	"0.4"	"0.45"	"0.01"	"0.005"	"0.01"	"100000"	"10000"	"200"	"5466146441883075301"	15000	"intercept"	0.59222241
"0.15"	"0.4"	"0.45"	"0.01"	"0.005"	"0.01"	"100000"	"10000"	"200"	"5466146441883075301"	20000	"slope"	-0.28126567
"0.15"	"0.4"	"0.45"	"0.01"	"0.005"	"0.01"	"100000"	"10000"	"200"	"5466146441883075301"	20000	"intercept"	0.63980453
"0.15"	"0.4"	"0.45"	"0.01"	"0.005"	"0.01"	"100000"	"10000"	"200"	"5466146441883075301"	25000	"slope"	-0.38960583
"0.15"	"0.4"	"0.45"	"0.01"	"0.005"	"0.01"	"100000"	"10000"	"200"	"5466146441883075301"	25000	"intercept"	0.713765035
"0.15"	"0.4"	"0.45"	"0.01"	"0.005"	"0.01"	"100000"	"10000"	"200"	"5466146441883075301"	30000	"slope"	-0.459226955
"0.15"	"0.4"	"0.45"	"0.01"	"0.005"	"0.01"	"100000"	"10000"	"200"	"5466146441883075301"	30000	"intercept"	0.756856975
"0.15"	"0.4"	"0.45"	"0.01"	"0.005"	"0.01"	"100000"	"10000"	"200"	"5466146441883075301"	35000	"slope"	-0.553516325
"0.15"	"0.4"	"0.45"	"0.01"	"0.005"	"0.01"	"100000"	"10000"	"200"	"5466146441883075301"	35000	"intercept"	0.825103225
"0.15"	"0.4"	"0.45"	"0.01"	"0.005"	"0.01"	"100000"	"10000"	"200"	"5466146441883075301"	40000	"slope"	-0.522377195
"0.15"	"0.4"	"0.45"	"0.01"	"0.005"	"0.01"	"100000"	"10000"	"200"	"5466146441883075301"	40000	"intercept"	0.79084849
"0.15"	"0.4"	"0.45"	"0.01"	"0.005"	"0.01"	"100000"	"10000"	"200"	"5466146441883075301"	45000	"slope"	-0.51386535
"0.15"	"0.4"	"0.45"	"0.01"	"0.005"	"0.01"	"100000"	"10000"	"200"	"5466146441883075301"	45000	"intercept"	0.78452747
"0.15"	"0.4"	"0.45"	"0.01"	"0.005"	"0.01"	"100000"	"10000"	"200"	"5466146441883075301"	50000	"slope"	-0.51500963
"0.15"	"0.4"	"0.45"	"0.01"	"0.005"	"0.01"	"100000"	"10000"	"200"	"5466146441883075301"	50000	"intercept"	0.79416652
"0.15"	"0.4"	"0.45"	"0.01"	"0.005"	"0.01"	"100000"	"10000"	"200"	"5466146441883075301"	55000	"slope"	-0.51347445
"0.15"	"0.4"	"0.45"	"0.01"	"0.005"	"0.01"	"100000"	"10000"	"200"	"5466146441883075301"	55000	"intercept"	0.795293265
"0.15"	"0.4"	"0.45"	"0.01"	"0.005"	"0.01"	"100000"	"10000"	"200"	"5466146441883075301"	60000	"slope"	-0.51687253
"0.15"	"0.4"	"0.45"	"0.01"	"0.005"	"0.01"	"100000"	"10000"	"200"	"5466146441883075301"	60000	"intercept"	0.796468575
"0.15"	"0.4"	"0.45"	"0.01"	"0.005"	"0.01"	"100000"	"10000"	"200"	"5466146441883075301"	65000	"slope"	-0.49599648
"0.15"	"0.4"	"0.45"	"0.01"	"0.005"	"0.01"	"100000"	"10000"	"200"	"5466146441883075301"	65000	"intercept"	0.77832824
"0.15"	"0.4"	"0.45"	"0.01"	"0.005"	"0.01"	"100000"	"10000"	"200"	"5466146441883075301"	70000	"slope"	-0.50352842
"0.15"	"0.4"	"0.45"	"0.01"	"0.005"	"0.01"	"100000"	"10000"	"200"	"5466146441883075301"	70000	"intercept"	0.78269109
"0.15"	"0.4"	"0.45"	"0.01"	"0.005"	"0.01"	"100000"	"10000"	"200"	"5466146441883075301"	75000	"slope"	-0.5259152
"0.15"	"0.4"	"0.45"	"0.01"	"0.005"	"0.01"	"100000"	"10000"	"200"	"5466146441883075301"	75000	"intercept"	0.801476525
"0.15"	"0.4"	"0.45"	"0.01"	"0.005"	"0.01"	"100000"	"10000"	"200"	"5466146441883075301"	80000	"slope"	-0.531350195
"0.15"	"0.4"	"0.45"	"0.01"	"0.005"	"0.01"	"100000"	"10000"	"200"	"5466146441883075301"	80000	"intercept"	0.80377407
"0.15"	"0.4"	"0.45"	"0.01"	"0.005"	"0.01"	"100000"	"10000"	"200"	"5466146441883075301"	85000	"slope"	-0.50383515
"0.15"	"0.4"	"0.45"	"0.01"	"0.005"	"0.01"	"100000"	"10000"	"200"	"5466146441883075301"	85000	"intercept"	0.777657235
"0.15"	"0.4"	"0.45"	"0.01"	"0.005"	"0.01"	"100000"	"10000"	"200"	"5466146441883075301"	90000	"slope"	-0.497582155
"0.15"	"0.4"	"0.45"	"0.01"	"0.005"	"0.01"	"100000"	"10000"	"200"	"5466146441883075301"	90000	"intercept"	0.781726255
"0.15"	"0.4"	"0.45"	"0.01"	"0.005"	"0.01"	"100000"	"10000"	"200"	"5466146441883075301"	95000	"slope"	-0.472735035
"0.15"	"0.4"	"0.45"	"0.01"	"0.005"	"0.01"	"100000"	"10000"	"200"	"5466146441883075301"	95000	"intercept"	0.75859163
"0.15"	"0.4"	"0.45"	"0.01"	"0.005"	"0.01"	"100000"	"10000"	"200"	"5466146441883075301"	100000	"slope"	-0.438660215
"0.15"	"0.4"	"0.45"	"0.01"	"0.005"	"0.01"	"100000"	"10000"	"200"	"5466146441883075301"	100000	"intercept"	0.74357405
"0.15"	"0.4"	"0.45"	"0.01"	"0.005"	"0.01"	"100000"	"10000"	"200"	"7285566681708291988"	10	"slope"	0.000123500245
"0.15"	"0.4"	"0.45"	"0.01"	"0.005"	"0.01"	"100000"	"10000"	"200"	"7285566681708291988"	10	"intercept"	0.500172535
"0.15"	"0.4"	"0.45"	"0.01"	"0.005"	"0.01"	"100000"	"10000"	"200"	"7285566681708291988"	5000	"slope"	-0.0711677691
"0.15"	"0.4"	"0.45"	"0.01"	"0.005"	"0.01"	"100000"	"10000"	"200"	"7285566681708291988"	5000	"intercept"	0.50775786
"0.15"	"0.4"	"0.45"	"0.01"	"0.005"	"0.01"	"100000"	"10000"	"200"	"7285566681708291988"	10000	"slope"	-0.1650307015
"0.15"	"0.4"	"0.45"	"0.01"	"0.005"	"0.01"	"100000"	"10000"	"200"	"7285566681708291988"	10000	"intercept"	0.571436305
"0.15"	"0.4"	"0.45"	"0.01"	"0.005"	"0.01"	"100000"	"10000"	"200"	"7285566681708291988"	15000	"slope"	-0.206655355
"0.15"	"0.4"	"0.45"	"0.01"	"0.005"	"0.01"	"100000"	"10000"	"200"	"7285566681708291988"	15000	"intercept"	0.592437605
"0.15"	"0.4"	"0.45"	"0.01"	"0.005"	"0.01"	"100000"	"10000"	"200"	"7285566681708291988"	20000	"slope"	-0.309584005
"0.15"	"0.4"	"0.45"	"0.01"	"0.005"	"0.01"	"100000"	"10000"	"200"	"7285566681708291988"	20000	"intercept"	0.6601321
"0.15"	"0.4"	"0.45"	"0.01"	"0.005"	"0.01"	"100000"	"10000"	"200"	"7285566681708291988"	25000	"slope"	-0.35658401
"0.15"	"0.4"	"0.45"	"0.01"	"0.005"	"0.01"	"100000"	"10000"	"200"	"7285566681708291988"	25000	"intercept"	0.684859945
"0.15"	"0.4"	"0.45"	"0.01"	"0.005"	"0.01"	"100000"	"10000"	"200"	"7285566681708291988"	30000	"slope"	-0.39888208
"0.15"	"0.4"	"0.45"	"0.01"	"0.005"	"0.01"	"100000"	"10000"	"200"	"7285566681708291988"	30000	"intercept"	0.7099162
"0.15"	"0.4"	"0.45"	"0.01"	"0.005"	"0.01"	"100000"	"10000"	"200"	"7285566681708291988"	35000	"slope"	-0.433704845
"0.15"	"0.4"	"0.45"	"0.01"	"0.005"	"0.01"	"100000"	"10000"	"200"	"7285566681708291988"	35000	"intercept"	0.73381148
"0.15"	"0.4"	"0.45"	"0.01"	"0.005"	"0.01"	"100000"	"10000"	"200"	"7285566681708291988"	40000	"slope"	-0.476356275
"0.15"	"0.4"	"0.45"	"0.01"	"0.005"	"0.01"	"100000"	"10000"	"200"	"7285566681708291988"	40000	"intercept"	0.76346211
"0.15"	"0.4"	"0.45"	"0.01"	"0.005"	"0.01"	"100000"	"10000"	"200"	"7285566681708291988"	45000	"slope"	-0.473791825
"0.15"	"0.4"	"0.45"	"0.01"	"0.005"	"0.01"	"100000"	"10000"	"200"	"7285566681708291988"	45000	"intercept"	0.779207735
"0.15"	"0.4"	"0.45"	"0.01"	"0.005"	"0.01"	"100000"	"10000"	"200"	"7285566681708291988"	50000	"slope"	-0.53868351
"0.15"	"0.4"	"0.45"	"0.01"	"0.005"	"0.01"	"100000"	"10000"	"200"	"7285566681708291988"	50000	"intercept"	0.80953157
"0.15"	"0.4"	"0.45"	"0.01"	"0.005"	"0.01"	"100000"	"10000"	"200"	"7285566681708291988"	55000	"slope"	-0.55492768
"0.15"	"0.4"	"0.45"	"0.01"	"0.005"	"0.01"	"100000"	"10000"	"200"	"7285566681708291988"	55000	"intercept"	0.823512285
"0.15"	"0.4"	"0.45"	"0.01"	"0.005"	"0.01"	"100000"	"10000"	"200"	"7285566681708291988"	60000	"slope"	-0.54241131
"0.15"	"0.4"	"0.45"	"0.01"	"0.005"	"0.01"	"100000"	"10000"	"200"	"7285566681708291988"	60000	"intercept"	0.81461532
"0.15"	"0.4"	"0.45"	"0.01"	"0.005"	"0.01"	"100000"	"10000"	"200"	"7285566681708291988"	65000	"slope"	-0.54316681
"0.15"	"0.4"	"0.45"	"0.01"	"0.005"	"0.01"	"100000"	"10000"	"200"	"7285566681708291988"	65000	"intercept"	0.8094385
"0.15"	"0.4"	"0.45"	"0.01"	"0.005"	"0.01"	"100000"	"10000"	"200"	"7285566681708291988"	70000	"slope"	-0.54795429
"0.15"	"0.4"	"0.45"	"0.01"	"0.005"	"0.01"	"100000"	"10000"	"200"	"7285566681708291988"	70000	"intercept"	0.807394215
"0.15"	"0.4"	"0.45"	"0.01"	"0.005"	"0.01"	"100000"	"10000"	"200"	"7285566681708291988"	75000	"slope"	-0.5606265
"0.15"	"0.4"	"0.45"	"0.01"	"0.005"	"0.01"	"100000"	"10000"	"200"	"7285566681708291988"	75000	"intercept"	0.823243105
"0.15"	"0.4"	"0.45"	"0.01"	"0.005"	"0.01"	"100000"	"10000"	"200"	"7285566681708291988"	80000	"slope"	-0.50231235
"0.15"	"0.4"	"0.45"	"0.01"	"0.005"	"0.01"	"100000"	"10000"	"200"	"7285566681708291988"	80000	"intercept"	0.790851095
"0.15"	"0.4"	"0.45"	"0.01"	"0.005"	"0.01"	"100000"	"10000"	"200"	"7285566681708291988"	85000	"slope"	-0.5276
"0.15"	"0.4"	"0.45"	"0.01"	"0.005"	"0.01"	"100000"	"10000"	"200"	"7285566681708291988"	85000	"intercept"	0.801456865
"0.15"	"0.4"	"0.45"	"0.01"	"0.005"	"0.01"	"100000"	"10000"	"200"	"7285566681708291988"	90000	"slope"	-0.565616835
"0.15"	"0.4"	"0.45"	"0.01"	"0.005"	"0.01"	"100000"	"10000"	"200"	"7285566681708291988"	90000	"intercept"	0.82884926
"0.15"	"0.4"	"0.45"	"0.01"	"0.005"	"0.01"	"100000"	"10000"	"200"	"7285566681708291988"	95000	"slope"	-0.575066665
"0.15"	"0.4"	"0.45"	"0.01"	"0.005"	"0.01"	"100000"	"10000"	"200"	"7285566681708291988"	95000	"intercept"	0.83870826
"0.15"	"0.4"	"0.45"	"0.01"	"0.005"	"0.01"	"100000"	"10000"	"200"	"7285566681708291988"	100000	"slope"	-0.53658749
"0.15"	"0.4"	"0.45"	"0.01"	"0.005"	"0.01"	"100000"	"10000"	"200"	"7285566681708291988"	100000	"intercept"	0.815762305
"0.15"	"0.6"	"0.45"	"0.01"	"0.005"	"0.01"	"100000"	"10000"	"200"	"2789102040255068989"	10	"slope"	2.7518575e-05
"0.15"	"0.6"	"0.45"	"0.01"	"0.005"	"0.01"	"100000"	"10000"	"200"	"2789102040255068989"	10	"intercept"	0.50018549
"0.15"	"0.6"	"0.45"	"0.01"	"0.005"	"0.01"	"100000"	"10000"	"200"	"2789102040255068989"	5000	"slope"	-0.0920576935
"0.15"	"0.6"	"0.45"	"0.01"	"0.005"	"0.01"	"100000"	"10000"	"200"	"2789102040255068989"	5000	"intercept"	0.50898132
"0.15"	"0.6"	"0.45"	"0.01"	"0.005"	"0.01"	"100000"	"10000"	"200"	"2789102040255068989"	10000	"slope"	-0.1511484495
"0.15"	"0.6"	"0.45"	"0.01"	"0.005"	"0.01"	"100000"	"10000"	"200"	"2789102040255068989"	10000	"intercept"	0.548741125
"0.15"	"0.6"	"0.45"	"0.01"	"0.005"	"0.01"	"100000"	"10000"	"200"	"2789102040255068989"	15000	"slope"	-0.239861665
"0.15"	"0.6"	"0.45"	"0.01"	"0.005"	"0.01"	"100000"	"10000"	"200"	"2789102040255068989"	15000	"intercept"	0.60487884
"0.15"	"0.6"	"0.45"	"0.01"	"0.005"	"0.01"	"100000"	"10000"	"200"	"2789102040255068989"	20000	"slope"	-0.300265405
"0.15"	"0.6"	"0.45"	"0.01"	"0.005"	"0.01"	"100000"	"10000"	"200"	"2789102040255068989"	20000	"intercept"	0.642165415
"0.15"	"0.6"	"0.45"	"0.01"	"0.005"	"0.01"	"100000"	"10000"	"200"	"2789102040255068989"	25000	"slope"	-0.346474525
"0.15"	"0.6"	"0.45"	"0.01"	"0.005"	"0.01"	"100000"	"10000"	"200"	"2789102040255068989"	25000	"intercept"	0.68217338
"0.15"	"0.6"	"0.45"	"0.01"	"0.005"	"0.01"	"100000"	"10000"	"200"	"2789102040255068989"	30000	"slope"	-0.380458905
"0.15"	"0.6"	"0.45"	"0.01"	"0.005"	"0.01"	"100000"	"10000"	"200"	"2789102040255068989"	30000	"intercept"	0.699907025
"0.15"	"0.6"	"0.45"	"0.01"	"0.005"	"0.01"	"100000"	"10000"	"200"	"2789102040255068989"	35000	"slope"	-0.421707345
"0.15"	"0.6"	"0.45"	"0.01"	"0.005"	"0.01"	"100000"	"10000"	"200"	"2789102040255068989"	35000	"intercept"	0.72854759
"0.15"	"0.6"	"0.45"	"0.01"	"0.005"	"0.01"	"100000"	"10000"	"200"	"2789102040255068989"	40000	"slope"	-0.4393087
"0.15"	"0.6"	"0.45"	"0.01"	"0.005"	"0.01"	"100000"	"10000"	"200"	"2789102040255068989"	40000	"intercept"	0.735189865
"0.15"	"0.6"	"0.45"	"0.01"	"0.005"	"0.01"	"100000"	"10000"	"200"	"2789102040255068989"	45000	"slope"	-0.512259365
"0.15"	"0.6"	"0.45"	"0.01"	"0.005"	"0.01"	"100000"	"10000"	"200"	"2789102040255068989"	45000	"intercept"	0.78814595
"0.15"	"0.6"	"0.45"	"0.01"	"0.005"	"0.01"	"100000"	"10000"	"200"	"2789102040255068989"	50000	"slope"	-0.532943295
"0.15"	"0.6"	"0.45"	"0.01"	"0.005"	"0.01"	"100000"	"10000"	"200"	"2789102040255068989"	50000	"intercept"	0.80201068
"0.15"	"0.6"	"0.45"	"0.01"	"0.005"	"0.01"	"100000"	"10000"	"200"	"2789102040255068989"	55000	"slope"	-0.611515305
"0.15"	"0.6"	"0.45"	"0.01"	"0.005"	"0.01"	"100000"	"10000"	"200"	"2789102040255068989"	55000	"intercept"	0.85267162
"0.15"	"0.6"	"0.45"	"0.01"	"0.005"	"0.01"	"100000"	"10000"	"200"	"2789102040255068989"	60000	"slope"	-0.620877775
"0.15"	"0.6"	"0.45"	"0.01"	"0.005"	"0.01"	"100000"	"10000"	"200"	"2789102040255068989"	60000	"intercept"	0.863905195
"0.15"	"0.6"	"0.45"	"0.01"	"0.005"	"0.01"	"100000"	"10000"	"200"	"2789102040255068989"	65000	"slope"	-0.56778652
"0.15"	"0.6"	"0.45"	"0.01"	"0.005"	"0.01"	"100000"	"10000"	"200"	"2789102040255068989"	65000	"intercept"	0.82409258
"0.15"	"0.6"	"0.45"	"0.01"	"0.005"	"0.01"	"100000"	"10000"	"200"	"2789102040255068989"	70000	"slope"	-0.58432486
"0.15"	"0.6"	"0.45"	"0.01"	"0.005"	"0.01"	"100000"	"10000"	"200"	"2789102040255068989"	70000	"intercept"	0.83537424
"0.15"	"0.6"	"0.45"	"0.01"	"0.005"	"0.01"	"100000"	"10000"	"200"	"2789102040255068989"	75000	"slope"	-0.598118535
"0.15"	"0.6"	"0.45"	"0.01"	"0.005"	"0.01"	"100000"	"10000"	"200"	"2789102040255068989"	75000	"intercept"	0.84757084
"0.15"	"0.6"	"0.45"	"0.01"	"0.005"	"0.01"	"100000"	"10000"	"200"	"2789102040255068989"	80000	"slope"	-0.62368833
"0.15"	"0.6"	"0.45"	"0.01"	"0.005"	"0.01"	"100000"	"10000"	"200"	"2789102040255068989"	80000	"intercept"	0.857544465
"0.15"	"0.6"	"0.45"	"0.01"	"0.005"	"0.01"	"100000"	"10000"	"200"	"2789102040255068989"	85000	"slope"	-0.684886675
"0.15"	"0.6"	"0.45"	"0.01"	"0.005"	"0.01"	"100000"	"10000"	"200"	"2789102040255068989"	85000	"intercept"	0.90043673
"0.15"	"0.6"	"0.45"	"0.01"	"0.005"	"0.01"	"100000"	"10000"	"200"	"2789102040255068989"	90000	"slope"	-0.68053586
"0.15"	"0.6"	"0.45"	"0.01"	"0.005"	"0.01"	"100000"	"10000"	"200"	"2789102040255068989"	90000	"intercept"	0.895344975
"0.15"	"0.6"	"0.45"	"0.01"	"0.005"	"0.01"	"100000"	"10000"	"200"	"2789102040255068989"	95000	"slope"	-0.64408273
"0.15"	"0.6"	"0.45"	"0.01"	"0.005"	"0.01"	"100000"	"10000"	"200"	"2789102040255068989"	95000	"intercept"	0.87176486
"0.15"	"0.6"	"0.45"	"0.01"	"0.005"	"0.01"	"100000"	"10000"	"200"	"2789102040255068989"	100000	"slope"	-0.65118649
"0.15"	"0.6"	"0.45"	"0.01"	"0.005"	"0.01"	"100000"	"10000"	"200"	"2789102040255068989"	100000	"intercept"	0.88059865
"0.15"	"0.6"	"0.45"	"0.01"	"0.005"	"0.01"	"100000"	"10000"	"200"	"4142527504809570259"	10	"slope"	0.00016073843
"0.15"	"0.6"	"0.45"	"0.01"	"0.005"	"0.01"	"100000"	"10000"	"200"	"4142527504809570259"	10	"intercept"	0.49988084
"0.15"	"0.6"	"0.45"	"0.01"	"0.005"	"0.01"	"100000"	"10000"	"200"	"4142527504809570259"	5000	"slope"	-0.07258450235
"0.15"	"0.6"	"0.45"	"0.01"	"0.005"	"0.01"	"100000"	"10000"	"200"	"4142527504809570259"	5000	"intercept"	0.50007204
"0.15"	"0.6"	"0.45"	"0.01"	"0.005"	"0.01"	"100000"	"10000"	"200"	"4142527504809570259"	10000	"slope"	-0.135000556
"0.15"	"0.6"	"0.45"	"0.01"	"0.005"	"0.01"	"100000"	"10000"	"200"	"4142527504809570259"	10000	"intercept"	0.537714815
"0.15"	"0.6"	"0.45"	"0.01"	"0.005"	"0.01"	"100000"	"10000"	"200"	"4142527504809570259"	15000	"slope"	-0.2054577165
"0.15"	"0.6"	"0.45"	"0.01"	"0.005"	"0.01"	"100000"	"10000"	"200"	"4142527504809570259"	15000	"intercept"	0.594189975
"0.15"	"0.6"	"0.45"	"0.01"	"0.005"	"0.01"	"100000"	"10000"	"200"	"4142527504809570259"	20000	"slope"	-0.303901385
"0.15"	"0.6"	"0.45"	"0.01"	"0.005"	"0.01"	"100000"	"10000"	"200"	"4142527504809570259"	20000	"intercept"	0.65117416
"0.15"	"0.6"	"0.45"	"0.01"	"0.005"	"0.01"	"100000"	"10000"	"200"	"4142527504809570259"	25000	"slope"	-0.38498517
"0.15"	"0.6"	"0.45"	"0.01"	"0.005"	"0.01"	"100000"	"10000"	"200"	"4142527504809570259"	25000	"intercept"	0.70159524
"0.15"	"0.6"	"0.45"	"0.01"	"0.005"	"0.01"	"100000"	"10000"	"200"	"4142527504809570259"	30000	"slope"	-0.44561299
"0.15"	"0.6"	"0.45"	"0.01"	"0.005"	"0.01"	"100000"	"10000"	"200"	"4142527504809570259"	30000	"intercept"	0.74936694
"0.15"	"0.6"	"0.45"	"0.01"	"0.005"	"0.01"	"100000"	"10000"	"200"	"4142527504809570259"	35000	"slope"	-0.4784343
"0.15"	"0.6"	"0.45"	"0.01"	"0.005"	"0.01"	"100000"	"10000"	"200"	"4142527504809570259"	35000	"intercept"	0.76108199
"0.15"	"0.6"	"0.45"	"0.01"	"0.005"	"0.01"	"100000"	"10000"	"200"	"4142527504809570259"	40000	"slope"	-0.55459683
"0.15"	"0.6"	"0.45"	"0.01"	"0.005"	"0.01"	"100000"	"10000"	"200"	"4142527504809570259"	40000	"intercept"	0.809018975
"0.15"	"0.6"	"0.45"	"0.01"	"0.005"	"0.01"	"100000"	"10000"	"200"	"4142527504809570259"	45000	"slope"	-0.564403295
"0.15"	"0.6"	"0.45"	"0.01"	"0.005"	"0.01"	"100000"	"10000"	"200"	"4142527504809570259"	45000	"intercept"	0.82116106
"0.15"	"0.6"	"0.45"	"0.01"	"0.005"	"0.01"	"100000"	"10000"	"200"	"4142527504809570259"	50000	"slope"	-0.565640115
"0.15"	"0.6"	"0.45"	"0.01"	"0.005"	"0.01"	"100000"	"10000"	"200"	"4142527504809570259"	50000	"intercept"	0.825457245
"0.15"	"0.6"	"0.45"	"0.01"	"0.005"	"0.01"	"100000"	"10000"	"200"	"4142527504809570259"	55000	"slope"	-0.567671435
"0.15"	"0.6"	"0.45"	"0.01"	"0.005"	"0.01"	"100000"	"10000"	"200"	"4142527504809570259"	55000	"intercept"	0.82582894
"0.15"	"0.6"	"0.45"	"0.01"	"0.005"	"0.01"	"100000"	"10000"	"200"	"4142527504809570259"	60000	"slope"	-0.63564477
"0.15"	"0.6"	"0.45"	"0.01"	"0.005"	"0.01"	"100000"	"10000"	"200"	"4142527504809570259"	60000	"intercept"	0.867036515
"0.15"	"0.6"	"0.45"	"0.01"	"0.005"	"0.01"	"100000"	"10000"	"200"	"4142527504809570259"	65000	"slope"	-0.596776845
"0.15"	"0.6"	"0.45"	"0.01"	"0.005"	"0.01"	"100000"	"10000"	"200"	"4142527504809570259"	65000	"intercept"	0.84062174
"0.15"	"0.6"	"0.45"	"0.01"	"0.005"	"0.01"	"100000"	"10000"	"200"	"4142527504809570259"	70000	"slope"	-0.60619503
"0.15"	"0.6"	"0.45"	"0.01"	"0.005"	"0.01"	"100000"	"10000"	"200"	"4142527504809570259"	70000	"intercept"	0.852841305
"0.15"	"0.6"	"0.45"	"0.01"	"0.005"	"0.01"	"100000"	"10000"	"200"	"4142527504809570259"	75000	"slope"	-0.59749181
"0.15"	"0.6"	"0.45"	"0.01"	"0.005"	"0.01"	"100000"	"10000"	"200"	"4142527504809570259"	75000	"intercept"	0.840833955
"0.15"	"0.6"	"0.45"	"0.01"	"0.005"	"0.01"	"100000"	"10000"	"200"	"4142527504809570259"	80000	"slope"	-0.568042645
"0.15"	"0.6"	"0.45"	"0.01"	"0.005"	"0.01"	"100000"	"10000"	"200"	"4142527504809570259"	80000	"intercept"	0.826142235
"0.15"	"0.6"	"0.45"	"0.01"	"0.005"	"0.01"	"100000"	"10000"	"200"	"4142527504809570259"	85000	"slope"	-0.582845745
"0.15"	"0.6"	"0.45"	"0.01"	"0.005"	"0.01"	"100000"	"10000"	"200"	"4142527504809570259"	85000	"intercept"	0.835720605
"0.15"	"0.6"	"0.45"	"0.01"	"0.005"	"0.01"	"100000"	"10000"	"200"	"4142527504809570259"	90000	"slope"	-0.606061605
"0.15"	"0.6"	"0.45"	"0.01"	"0.005"	"0.01"	"100000"	"10000"	"200"	"4142527504809570259"	90000	"intercept"	0.84109441
"0.15"	"0.6"	"0.45"	"0.01"	"0.005"	"0.01"	"100000"	"10000"	"200"	"4142527504809570259"	95000	"slope"	-0.675880855
"0.15"	"0.6"	"0.45"	"0.01"	"0.005"	"0.01"	"100000"	"10000"	"200"	"4142527504809570259"	95000	"intercept"	0.899032785
"0.15"	"0.6"	"0.45"	"0.01"	"0.005"	"0.01"	"100000"	"10000"	"200"	"4142527504809570259"	100000	"slope"	-0.61773515
"0.15"	"0.6"	"0.45"	"0.01"	"0.005"	"0.01"	"100000"	"10000"	"200"	"4142527504809570259"	100000	"intercept"	0.86652915
"0.15"	"0.6"	"0.45"	"0.01"	"0.005"	"0.01"	"100000"	"10000"	"200"	"5587556221983199689"	10	"slope"	0.000134101
"0.15"	"0.6"	"0.45"	"0.01"	"0.005"	"0.01"	"100000"	"10000"	"200"	"5587556221983199689"	10	"intercept"	0.49989411
"0.15"	"0.6"	"0.45"	"0.01"	"0.005"	"0.01"	"100000"	"10000"	"200"	"5587556221983199689"	5000	"slope"	-0.0879538249
"0.15"	"0.6"	"0.45"	"0.01"	"0.005"	"0.01"	"100000"	"10000"	"200"	"5587556221983199689"	5000	"intercept"	0.51721642
"0.15"	"0.6"	"0.45"	"0.01"	"0.005"	"0.01"	"100000"	"10000"	"200"	"5587556221983199689"	10000	"slope"	-0.198091055
"0.15"	"0.6"	"0.45"	"0.01"	"0.005"	"0.01"	"100000"	"10000"	"200"	"5587556221983199689"	10000	"intercept"	0.57955499
"0.15"	"0.6"	"0.45"	"0.01"	"0.005"	"0.01"	"100000"	"10000"	"200"	"5587556221983199689"	15000	"slope"	-0.26172266
"0.15"	"0.6"	"0.45"	"0.01"	"0.005"	"0.01"	"100000"	"10000"	"200"	"5587556221983199689"	15000	"intercept"	0.623540725
"0.15"	"0.6"	"0.45"	"0.01"	"0.005"	"0.01"	"100000"	"10000"	"200"	"5587556221983199689"	20000	"slope"	-0.32440836
"0.15"	"0.6"	"0.45"	"0.01"	"0.005"	"0.01"	"100000"	"10000"	"200"	"5587556221983199689"	20000	"intercept"	0.65150027
"0.15"	"0.6"	"0.45"	"0.01"	"0.005"	"0.01"	"100000"	"10000"	"200"	"5587556221983199689"	25000	"slope"	-0.405168905
"0.15"	"0.6"	"0.45"	"0.01"	"0.005"	"0.01"	"100000"	"10000"	"200"	"5587556221983199689"	25000	"intercept"	0.713374035
"0.15"	"0.6"	"0.45"	"0.01"	"0.005"	"0.01"	"100000"	"10000"	"200"	"5587556221983199689"	30000	"slope"	-0.41823573
"0.15"	"0.6"	"0.45"	"0.01"	"0.005"	"0.01"	"100000"	"10000"	"200"	"5587556221983199689"	30000	"intercept"	0.725395485
"0.15"	"0.6"	"0.45"	"0.01"	"0.005"	"0.01"	"100000"	"10000"	"200"	"5587556221983199689"	35000	"slope"	-0.47912346
"0.15"	"0.6"	"0.45"	"0.01"	"0.005"	"0.01"	"100000"	"10000"	"200"	"5587556221983199689"	35000	"intercept"	0.773878755
"0.15"	"0.6"	"0.45"	"0.01"	"0.005"	"0.01"	"100000"	"10000"	"200"	"5587556221983199689"	40000	"slope"	-0.49967103
"0.15"	"0.6"	"0.45"	"0.01"	"0.005"	"0.01"	"100000"	"10000"	"200"	"5587556221983199689"	40000	"intercept"	0.77700229
"0.15"	"0.6"	"0.45"	"0.01"	"0.005"	"0.01"	"100000"	"10000"	"200"	"5587556221983199689"	45000	"slope"	-0.572270815
"0.15"	"0.6"	"0.45"	"0.01"	"0.005"	"0.01"	"100000"	"10000"	"200"	"5587556221983199689"	45000	"intercept"	0.822307615
"0.15"	"0.6"	"0.45"	"0.01"	"0.005"	"0.01"	"100000"	"10000"	"200"	"5587556221983199689"	50000	"slope"	-0.61704156
"0.15"	"0.6"	"0.45"	"0.01"	"0.005"	"0.01"	"100000"	"10000"	"200"	"5587556221983199689"	50000	"intercept"	0.85289554
"0.15"	"0.6"	"0.45"	"0.01"	"0.005"	"0.01"	"100000"	"10000"	"200"	"5587556221983199689"	55000	"slope"	-0.63966817
"0.15"	"0.6"	"0.45"	"0.01"	"0.005"	"0.01"	"100000"	"10000"	"200"	"5587556221983199689"	55000	"intercept"	0.874082185
"0.15"	"0.6"	"0.45"	"0.01"	"0.005"	"0.01"	"100000"	"10000"	"200"	"5587556221983199689"	60000	"slope"	-0.64156021
"0.15"	"0.6"	"0.45"	"0.01"	"0.005"	"0.01"	"100000"	"10000"	"200"	"5587556221983199689"	60000	"intercept"	0.87964923
"0.15"	"0.6"	"0.45"	"0.01"	"0.005"	"0.01"	"100000"	"10000"	"200"	"5587556221983199689"	65000	"slope"	-0.66526071
"0.15"	"0.6"	"0.45"	"0.01"	"0.005"	"0.01"	"100000"	"10000"	"200"	"5587556221983199689"	65000	"intercept"	0.885869715
"0.15"	"0.6"	"0.45"	"0.01"	"0.005"	"0.01"	"100000"	"10000"	"200"	"5587556221983199689"	70000	"slope"	-0.65852642
"0.15"	"0.6"	"0.45"	"0.01"	"0.005"	"0.01"	"100000"	"10000"	"200"	"5587556221983199689"	70000	"intercept"	0.886301155
"0.15"	"0.6"	"0.45"	"0.01"	"0.005"	"0.01"	"100000"	"10000"	"200"	"5587556221983199689"	75000	"slope"	-0.682328495
"0.15"	"0.6"	"0.45"	"0.01"	"0.005"	"0.01"	"100000"	"10000"	"200"	"5587556221983199689"	75000	"intercept"	0.902735355
"0.15"	"0.6"	"0.45"	"0.01"	"0.005"	"0.01"	"100000"	"10000"	"200"	"5587556221983199689"	80000	"slope"	-0.714608725
"0.15"	"0.6"	"0.45"	"0.01"	"0.005"	"0.01"	"100000"	"10000"	"200"	"5587556221983199689"	80000	"intercept"	0.921996465
"0.15"	"0.6"	"0.45"	"0.01"	"0.005"	"0.01"	"100000"	"10000"	"200"	"5587556221983199689"	85000	"slope"	-0.661182355
"0.15"	"0.6"	"0.45"	"0.01"	"0.005"	"0.01"	"100000"	"10000"	"200"	"5587556221983199689"	85000	"intercept"	0.88723966
"0.15"	"0.6"	"0.45"	"0.01"	"0.005"	"0.01"	"100000"	"10000"	"200"	"5587556221983199689"	90000	"slope"	-0.67630329
"0.15"	"0.6"	"0.45"	"0.01"	"0.005"	"0.01"	"100000"	"10000"	"200"	"5587556221983199689"	90000	"intercept"	0.88154479
"0.15"	"0.6"	"0.45"	"0.01"	"0.005"	"0.01"	"100000"	"10000"	"200"	"5587556221983199689"	95000	"slope"	-0.66640836
"0.15"	"0.6"	"0.45"	"0.01"	"0.005"	"0.01"	"100000"	"10000"	"200"	"5587556221983199689"	95000	"intercept"	0.883933975
"0.15"	"0.6"	"0.45"	"0.01"	"0.005"	"0.01"	"100000"	"10000"	"200"	"5587556221983199689"	100000	"slope"	-0.67548868
"0.15"	"0.6"	"0.45"	"0.01"	"0.005"	"0.01"	"100000"	"10000"	"200"	"5587556221983199689"	100000	"intercept"	0.892483585
"0.15"	"0.8"	"0.45"	"0.01"	"0.005"	"0.01"	"100000"	"10000"	"200"	"6494970539128857673"	10	"slope"	0.0001567646
"0.15"	"0.8"	"0.45"	"0.01"	"0.005"	"0.01"	"100000"	"10000"	"200"	"6494970539128857673"	10	"intercept"	0.499937245
"0.15"	"0.8"	"0.45"	"0.01"	"0.005"	"0.01"	"100000"	"10000"	"200"	"6494970539128857673"	5000	"slope"	-0.094190886
"0.15"	"0.8"	"0.45"	"0.01"	"0.005"	"0.01"	"100000"	"10000"	"200"	"6494970539128857673"	5000	"intercept"	0.516120025
"0.15"	"0.8"	"0.45"	"0.01"	"0.005"	"0.01"	"100000"	"10000"	"200"	"6494970539128857673"	10000	"slope"	-0.20013439
"0.15"	"0.8"	"0.45"	"0.01"	"0.005"	"0.01"	"100000"	"10000"	"200"	"6494970539128857673"	10000	"intercept"	0.58361149
"0.15"	"0.8"	"0.45"	"0.01"	"0.005"	"0.01"	"100000"	"10000"	"200"	"6494970539128857673"	15000	"slope"	-0.27398439
"0.15"	"0.8"	"0.45"	"0.01"	"0.005"	"0.01"	"100000"	"10000"	"200"	"6494970539128857673"	15000	"intercept"	0.61904631
"0.15"	"0.8"	"0.45"	"0.01"	"0.005"	"0.01"	"100000"	"10000"	"200"	"6494970539128857673"	20000	"slope"	-0.378924855
"0.15"	"0.8"	"0.45"	"0.01"	"0.005"	"0.01"	"100000"	"10000"	"200"	"6494970539128857673"	20000	"intercept"	0.698041615
"0.15"	"0.8"	"0.45"	"0.01"	"0.005"	"0.01"	"100000"	"10000"	"200"	"6494970539128857673"	25000	"slope"	-0.42686054
"0.15"	"0.8"	"0.45"	"0.01"	"0.005"	"0.01"	"100000"	"10000"	"200"	"6494970539128857673"	25000	"intercept"	0.727117125
"0.15"	"0.8"	"0.45"	"0.01"	"0.005"	"0.01"	"100000"	"10000"	"200"	"6494970539128857673"	30000	"slope"	-0.476967995
"0.15"	"0.8"	"0.45"	"0.01"	"0.005"	"0.01"	"100000"	"10000"	"200"	"6494970539128857673"	30000	"intercept"	0.75809921
"0.15"	"0.8"	"0.45"	"0.01"	"0.005"	"0.01"	"100000"	"10000"	"200"	"6494970539128857673"	35000	"slope"	-0.55906159
"0.15"	"0.8"	"0.45"	"0.01"	"0.005"	"0.01"	"100000"	"10000"	"200"	"6494970539128857673"	35000	"intercept"	0.80913635
"0.15"	"0.8"	"0.45"	"0.01"	"0.005"	"0.01"	"100000"	"10000"	"200"	"6494970539128857673"	40000	"slope"	-0.60716685
"0.15"	"0.8"	"0.45"	"0.01"	"0.005"	"0.01"	"100000"	"10000"	"200"	"6494970539128857673"	40000	"intercept"	0.84384488
"0.15"	"0.8"	"0.45"	"0.01"	"0.005"	"0.01"	"100000"	"10000"	"200"	"6494970539128857673"	45000	"slope"	-0.6715785
"0.15"	"0.8"	"0.45"	"0.01"	"0.005"	"0.01"	"100000"	"10000"	"200"	"6494970539128857673"	45000	"intercept"	0.87919025
"0.15"	"0.8"	"0.45"	"0.01"	"0.005"	"0.01"	"100000"	"10000"	"200"	"6494970539128857673"	50000	"slope"	-0.70047675
"0.15"	"0.8"	"0.45"	"0.01"	"0.005"	"0.01"	"100000"	"10000"	"200"	"6494970539128857673"	50000	"intercept"	0.9094419
"0.15"	"0.8"	"0.45"	"0.01"	"0.005"	"0.01"	"100000"	"10000"	"200"	"6494970539128857673"	55000	"slope"	-0.711759795
"0.15"	"0.8"	"0.45"	"0.01"	"0.005"	"0.01"	"100000"	"10000"	"200"	"6494970539128857673"	55000	"intercept"	0.913579015
"0.15"	"0.8"	"0.45"	"0.01"	"0.005"	"0.01"	"100000"	"10000"	"200"	"6494970539128857673"	60000	"slope"	-0.730334375
"0.15"	"0.8"	"0.45"	"0.01"	"0.005"	"0.01"	"100000"	"10000"	"200"	"6494970539128857673"	60000	"intercept"	0.92614137
"0.15"	"0.8"	"0.45"	"0.01"	"0.005"	"0.01"	"100000"	"10000"	"200"	"6494970539128857673"	65000	"slope"	-0.74407051
"0.15"	"0.8"	"0.45"	"0.01"	"0.005"	"0.01"	"100000"	"10000"	"200"	"6494970539128857673"	65000	"intercept"	0.94245901
"0.15"	"0.8"	"0.45"	"0.01"	"0.005"	"0.01"	"100000"	"10000"	"200"	"6494970539128857673"	70000	"slope"	-0.71309878
"0.15"	"0.8"	"0.45"	"0.01"	"0.005"	"0.01"	"100000"	"10000"	"200"	"6494970539128857673"	70000	"intercept"	0.911097035
"0.15"	"0.8"	"0.45"	"0.01"	"0.005"	"0.01"	"100000"	"10000"	"200"	"6494970539128857673"	75000	"slope"	-0.72402614
"0.15"	"0.8"	"0.45"	"0.01"	"0.005"	"0.01"	"100000"	"10000"	"200"	"6494970539128857673"	75000	"intercept"	0.91897251
"0.15"	"0.8"	"0.45"	"0.01"	"0.005"	"0.01"	"100000"	"10000"	"200"	"6494970539128857673"	80000	"slope"	-0.797843885
"0.15"	"0.8"	"0.45"	"0.01"	"0.005"	"0.01"	"100000"	"10000"	"200"	"6494970539128857673"	80000	"intercept"	0.971034225
"0.15"	"0.8"	"0.45"	"0.01"	"0.005"	"0.01"	"100000"	"10000"	"200"	"6494970539128857673"	85000	"slope"	-0.799792755
"0.15"	"0.8"	"0.45"	"0.01"	"0.005"	"0.01"	"100000"	"10000"	"200"	"6494970539128857673"	85000	"intercept"	0.96793008
"0.15"	"0.8"	"0.45"	"0.01"	"0.005"	"0.01"	"100000"	"10000"	"200"	"6494970539128857673"	90000	"slope"	-0.76084903
"0.15"	"0.8"	"0.45"	"0.01"	"0.005"	"0.01"	"100000"	"10000"	"200"	"6494970539128857673"	90000	"intercept"	0.94869998
"0.15"	"0.8"	"0.45"	"0.01"	"0.005"	"0.01"	"100000"	"10000"	"200"	"6494970539128857673"	95000	"slope"	-0.77141215
"0.15"	"0.8"	"0.45"	"0.01"	"0.005"	"0.01"	"100000"	"10000"	"200"	"6494970539128857673"	95000	"intercept"	0.95607805
"0.15"	"0.8"	"0.45"	"0.01"	"0.005"	"0.01"	"100000"	"10000"	"200"	"6494970539128857673"	100000	"slope"	-0.757748265
"0.15"	"0.8"	"0.45"	"0.01"	"0.005"	"0.01"	"100000"	"10000"	"200"	"6494970539128857673"	100000	"intercept"	0.94915478
"0.15"	"0.8"	"0.45"	"0.01"	"0.005"	"0.01"	"100000"	"10000"	"200"	"7429185025223651379"	10	"slope"	8.541831e-05
"0.15"	"0.8"	"0.45"	"0.01"	"0.005"	"0.01"	"100000"	"10000"	"200"	"7429185025223651379"	10	"intercept"	0.50009999
"0.15"	"0.8"	"0.45"	"0.01"	"0.005"	"0.01"	"100000"	"10000"	"200"	"7429185025223651379"	5000	"slope"	-0.120572312
"0.15"	"0.8"	"0.45"	"0.01"	"0.005"	"0.01"	"100000"	"10000"	"200"	"7429185025223651379"	5000	"intercept"	0.522936795
"0.15"	"0.8"	"0.45"	"0.01"	"0.005"	"0.01"	"100000"	"10000"	"200"	"7429185025223651379"	10000	"slope"	-0.20135711
"0.15"	"0.8"	"0.45"	"0.01"	"0.005"	"0.01"	"100000"	"10000"	"200"	"7429185025223651379"	10000	"intercept"	0.585367905
"0.15"	"0.8"	"0.45"	"0.01"	"0.005"	"0.01"	"100000"	"10000"	"200"	"7429185025223651379"	15000	"slope"	-0.27559309
"0.15"	"0.8"	"0.45"	"0.01"	"0.005"	"0.01"	"100000"	"10000"	"200"	"7429185025223651379"	15000	"intercept"	0.61882203
"0.15"	"0.8"	"0.45"	"0.01"	"0.005"	"0.01"	"100000"	"10000"	"200"	"7429185025223651379"	20000	"slope"	-0.336494975
"0.15"	"0.8"	"0.45"	"0.01"	"0.005"	"0.01"	"100000"	"10000"	"200"	"7429185025223651379"	20000	"intercept"	0.667882
"0.15"	"0.8"	"0.45"	"0.01"	"0.005"	"0.01"	"100000"	"10000"	"200"	"7429185025223651379"	25000	"slope"	-0.437862745
"0.15"	"0.8"	"0.45"	"0.01"	"0.005"	"0.01"	"100000"	"10000"	"200"	"7429185025223651379"	25000	"intercept"	0.722651535
"0.15"	"0.8"	"0.45"	"0.01"	"0.005"	"0.01"	"100000"	"10000"	"200"	"7429185025223651379"	30000	"slope"	-0.51718559
"0.15"	"0.8"	"0.45"	"0.01"	"0.005"	"0.01"	"100000"	"10000"	"200"	"7429185025223651379"	30000	"intercept"	0.777879725
"0.15"	"0.8"	"0.45"	"0.01"	"0.005"	"0.01"	"100000"	"10000"	"200"	"7429185025223651379"	35000	"slope"	-0.606779255
"0.15"	"0.8"	"0.45"	"0.01"	"0.005"	"0.01"	"100000"	"10000"	"200"	"7429185025223651379"	35000	"intercept"	0.844602065
"0.15"	"0.8"	"0.45"	"0.01"	"0.005"	"0.01"	"100000"	"10000"	"200"	"7429185025223651379"	40000	"slope"	-0.643508095
"0.15"	"0.8"	"0.45"	"0.01"	"0.005"	"0.01"	"100000"	"10000"	"200"	"7429185025223651379"	40000	"intercept"	0.872323235
"0.15"	"0.8"	"0.45"	"0.01"	"0.005"	"0.01"	"100000"	"10000"	"200"	"7429185025223651379"	45000	"slope"	-0.74882295
"0.15"	"0.8"	"0.45"	"0.01"	"0.005"	"0.01"	"100000"	"10000"	"200"	"7429185025223651379"	45000	"intercept"	0.93717266
"0.15"	"0.8"	"0.45"	"0.01"	"0.005"	"0.01"	"100000"	"10000"	"200"	"7429185025223651379"	50000	"slope"	-0.770827225
"0.15"	"0.8"	"0.45"	"0.01"	"0.005"	"0.01"	"100000"	"10000"	"200"	"7429185025223651379"	50000	"intercept"	0.955534415
"0.15"	"0.8"	"0.45"	"0.01"	"0.005"	"0.01"	"100000"	"10000"	"200"	"7429185025223651379"	55000	"slope"	-0.773612645
"0.15"	"0.8"	"0.45"	"0.01"	"0.005"	"0.01"	"100000"	"10000"	"200"	"7429185025223651379"	55000	"intercept"	0.962603155
"0.15"	"0.8"	"0.45"	"0.01"	"0.005"	"0.01"	"100000"	"10000"	"200"	"7429185025223651379"	60000	"slope"	-0.792252375
"0.15"	"0.8"	"0.45"	"0.01"	"0.005"	"0.01"	"100000"	"10000"	"200"	"7429185025223651379"	60000	"intercept"	0.96685415
"0.15"	"0.8"	"0.45"	"0.01"	"0.005"	"0.01"	"100000"	"10000"	"200"	"7429185025223651379"	65000	"slope"	-0.78665541
"0.15"	"0.8"	"0.45"	"0.01"	"0.005"	"0.01"	"100000"	"10000"	"200"	"7429185025223651379"	65000	"intercept"	0.962607545
"0.15"	"0.8"	"0.45"	"0.01"	"0.005"	"0.01"	"100000"	"10000"	"200"	"7429185025223651379"	70000	"slope"	-0.843983825
"0.15"	"0.8"	"0.45"	"0.01"	"0.005"	"0.01"	"100000"	"10000"	"200"	"7429185025223651379"	70000	"intercept"	1.00555126
"0.15"	"0.8"	"0.45"	"0.01"	"0.005"	"0.01"	"100000"	"10000"	"200"	"7429185025223651379"	75000	"slope"	-0.79626392
"0.15"	"0.8"	"0.45"	"0.01"	"0.005"	"0.01"	"100000"	"10000"	"200"	"7429185025223651379"	75000	"intercept"	0.977934595
"0.15"	"0.8"	"0.45"	"0.01"	"0.005"	"0.01"	"100000"	"10000"	"200"	"7429185025223651379"	80000	"slope"	-0.78412953
"0.15"	"0.8"	"0.45"	"0.01"	"0.005"	"0.01"	"100000"	"10000"	"200"	"7429185025223651379"	80000	"intercept"	0.968721295
"0.15"	"0.8"	"0.45"	"0.01"	"0.005"	"0.01"	"100000"	"10000"	"200"	"7429185025223651379"	85000	"slope"	-0.75670615
"0.15"	"0.8"	"0.45"	"0.01"	"0.005"	"0.01"	"100000"	"10000"	"200"	"7429185025223651379"	85000	"intercept"	0.945015485
"0.15"	"0.8"	"0.45"	"0.01"	"0.005"	"0.01"	"100000"	"10000"	"200"	"7429185025223651379"	90000	"slope"	-0.79909215
"0.15"	"0.8"	"0.45"	"0.01"	"0.005"	"0.01"	"100000"	"10000"	"200"	"7429185025223651379"	90000	"intercept"	0.970858085
"0.15"	"0.8"	"0.45"	"0.01"	"0.005"	"0.01"	"100000"	"10000"	"200"	"7429185025223651379"	95000	"slope"	-0.80825878
"0.15"	"0.8"	"0.45"	"0.01"	"0.005"	"0.01"	"100000"	"10000"	"200"	"7429185025223651379"	95000	"intercept"	0.983482735
"0.15"	"0.8"	"0.45"	"0.01"	"0.005"	"0.01"	"100000"	"10000"	"200"	"7429185025223651379"	100000	"slope"	-0.807258575
"0.15"	"0.8"	"0.45"	"0.01"	"0.005"	"0.01"	"100000"	"10000"	"200"	"7429185025223651379"	100000	"intercept"	0.975938485
"0.15"	"0.8"	"0.45"	"0.01"	"0.005"	"0.01"	"100000"	"10000"	"200"	"8899197140707509358"	10	"slope"	1.8717282e-05
"0.15"	"0.8"	"0.45"	"0.01"	"0.005"	"0.01"	"100000"	"10000"	"200"	"8899197140707509358"	10	"intercept"	0.49996443
"0.15"	"0.8"	"0.45"	"0.01"	"0.005"	"0.01"	"100000"	"10000"	"200"	"8899197140707509358"	5000	"slope"	-0.043457222178
"0.15"	"0.8"	"0.45"	"0.01"	"0.005"	"0.01"	"100000"	"10000"	"200"	"8899197140707509358"	5000	"intercept"	0.483694065
"0.15"	"0.8"	"0.45"	"0.01"	"0.005"	"0.01"	"100000"	"10000"	"200"	"8899197140707509358"	10000	"slope"	-0.16514534
"0.15"	"0.8"	"0.45"	"0.01"	"0.005"	"0.01"	"100000"	"10000"	"200"	"8899197140707509358"	10000	"intercept"	0.555299625
"0.15"	"0.8"	"0.45"	"0.01"	"0.005"	"0.01"	"100000"	"10000"	"200"	"8899197140707509358"	15000	"slope"	-0.24492699
"0.15"	"0.8"	"0.45"	"0.01"	"0.005"	"0.01"	"100000"	"10000"	"200"	"8899197140707509358"	15000	"intercept"	0.598165215
"0.15"	"0.8"	"0.45"	"0.01"	"0.005"	"0.01"	"100000"	"10000"	"200"	"8899197140707509358"	20000	"slope"	-0.312729095
"0.15"	"0.8"	"0.45"	"0.01"	"0.005"	"0.01"	"100000"	"10000"	"200"	"8899197140707509358"	20000	"intercept"	0.648395485
"0.15"	"0.8"	"0.45"	"0.01"	"0.005"	"0.01"	"100000"	"10000"	"200"	"8899197140707509358"	25000	"slope"	-0.39776974
"0.15"	"0.8"	"0.45"	"0.01"	"0.005"	"0.01"	"100000"	"10000"	"200"	"8899197140707509358"	25000	"intercept"	0.70887047
"0.15"	"0.8"	"0.45"	"0.01"	"0.005"	"0.01"	"100000"	"10000"	"200"	"8899197140707509358"	30000	"slope"	-0.494438275
"0.15"	"0.8"	"0.45"	"0.01"	"0.005"	"0.01"	"100000"	"10000"	"200"	"8899197140707509358"	30000	"intercept"	0.77931105
"0.15"	"0.8"	"0.45"	"0.01"	"0.005"	"0.01"	"100000"	"10000"	"200"	"8899197140707509358"	35000	"slope"	-0.589049795
"0.15"	"0.8"	"0.45"	"0.01"	"0.005"	"0.01"	"100000"	"10000"	"200"	"8899197140707509358"	35000	"intercept"	0.826406745
"0.15"	"0.8"	"0.45"	"0.01"	"0.005"	"0.01"	"100000"	"10000"	"200"	"8899197140707509358"	40000	"slope"	-0.63853683
"0.15"	"0.8"	"0.45"	"0.01"	"0.005"	"0.01"	"100000"	"10000"	"200"	"8899197140707509358"	40000	"intercept"	0.869158175
"0.15"	"0.8"	"0.45"	"0.01"	"0.005"	"0.01"	"100000"	"10000"	"200"	"8899197140707509358"	45000	"slope"	-0.643288865
"0.15"	"0.8"	"0.45"	"0.01"	"0.005"	"0.01"	"100000"	"10000"	"200"	"8899197140707509358"	45000	"intercept"	0.85942999
"0.15"	"0.8"	"0.45"	"0.01"	"0.005"	"0.01"	"100000"	"10000"	"200"	"8899197140707509358"	50000	"slope"	-0.680217175
"0.15"	"0.8"	"0.45"	"0.01"	"0.005"	"0.01"	"100000"	"10000"	"200"	"8899197140707509358"	50000	"intercept"	0.890142545
"0.15"	"0.8"	"0.45"	"0.01"	"0.005"	"0.01"	"100000"	"10000"	"200"	"8899197140707509358"	55000	"slope"	-0.693103735
"0.15"	"0.8"	"0.45"	"0.01"	"0.005"	"0.01"	"100000"	"10000"	"200"	"8899197140707509358"	55000	"intercept"	0.898051255
"0.15"	"0.8"	"0.45"	"0.01"	"0.005"	"0.01"	"100000"	"10000"	"200"	"8899197140707509358"	60000	"slope"	-0.69969412
"0.15"	"0.8"	"0.45"	"0.01"	"0.005"	"0.01"	"100000"	"10000"	"200"	"8899197140707509358"	60000	"intercept"	0.90377492
"0.15"	"0.8"	"0.45"	"0.01"	"0.005"	"0.01"	"100000"	"10000"	"200"	"8899197140707509358"	65000	"slope"	-0.714174765
"0.15"	"0.8"	"0.45"	"0.01"	"0.005"	"0.01"	"100000"	"10000"	"200"	"8899197140707509358"	65000	"intercept"	0.904075965
"0.15"	"0.8"	"0.45"	"0.01"	"0.005"	"0.01"	"100000"	"10000"	"200"	"8899197140707509358"	70000	"slope"	-0.737157155
"0.15"	"0.8"	"0.45"	"0.01"	"0.005"	"0.01"	"100000"	"10000"	"200"	"8899197140707509358"	70000	"intercept"	0.931084755
"0.15"	"0.8"	"0.45"	"0.01"	"0.005"	"0.01"	"100000"	"10000"	"200"	"8899197140707509358"	75000	"slope"	-0.754850935
"0.15"	"0.8"	"0.45"	"0.01"	"0.005"	"0.01"	"100000"	"10000"	"200"	"8899197140707509358"	75000	"intercept"	0.942584585
"0.15"	"0.8"	"0.45"	"0.01"	"0.005"	"0.01"	"100000"	"10000"	"200"	"8899197140707509358"	80000	"slope"	-0.756175505
"0.15"	"0.8"	"0.45"	"0.01"	"0.005"	"0.01"	"100000"	"10000"	"200"	"8899197140707509358"	80000	"intercept"	0.939161215
"0.15"	"0.8"	"0.45"	"0.01"	"0.005"	"0.01"	"100000"	"10000"	"200"	"8899197140707509358"	85000	"slope"	-0.802977215
"0.15"	"0.8"	"0.45"	"0.01"	"0.005"	"0.01"	"100000"	"10000"	"200"	"8899197140707509358"	85000	"intercept"	0.97586968
"0.15"	"0.8"	"0.45"	"0.01"	"0.005"	"0.01"	"100000"	"10000"	"200"	"8899197140707509358"	90000	"slope"	-0.832539375
"0.15"	"0.8"	"0.45"	"0.01"	"0.005"	"0.01"	"100000"	"10000"	"200"	"8899197140707509358"	90000	"intercept"	0.997056865
"0.15"	"0.8"	"0.45"	"0.01"	"0.005"	"0.01"	"100000"	"10000"	"200"	"8899197140707509358"	95000	"slope"	-0.762079675
"0.15"	"0.8"	"0.45"	"0.01"	"0.005"	"0.01"	"100000"	"10000"	"200"	"8899197140707509358"	95000	"intercept"	0.951880985
"0.15"	"0.8"	"0.45"	"0.01"	"0.005"	"0.01"	"100000"	"10000"	"200"	"8899197140707509358"	100000	"slope"	-0.761220405
"0.15"	"0.8"	"0.45"	"0.01"	"0.005"	"0.01"	"100000"	"10000"	"200"	"8899197140707509358"	100000	"intercept"	0.94920105
"0.25"	"0.0"	"0.45"	"0.01"	"0.005"	"0.01"	"100000"	"10000"	"200"	"7105057434299999629"	10	"slope"	-4.898935e-05
"0.25"	"0.0"	"0.45"	"0.01"	"0.005"	"0.01"	"100000"	"10000"	"200"	"7105057434299999629"	10	"intercept"	0.4999846
"0.25"	"0.0"	"0.45"	"0.01"	"0.005"	"0.01"	"100000"	"10000"	"200"	"7105057434299999629"	5000	"slope"	-0.07773534555
"0.25"	"0.0"	"0.45"	"0.01"	"0.005"	"0.01"	"100000"	"10000"	"200"	"7105057434299999629"	5000	"intercept"	0.55185989
"0.25"	"0.0"	"0.45"	"0.01"	"0.005"	"0.01"	"100000"	"10000"	"200"	"7105057434299999629"	10000	"slope"	-0.178368283
"0.25"	"0.0"	"0.45"	"0.01"	"0.005"	"0.01"	"100000"	"10000"	"200"	"7105057434299999629"	10000	"intercept"	0.620722805
"0.25"	"0.0"	"0.45"	"0.01"	"0.005"	"0.01"	"100000"	"10000"	"200"	"7105057434299999629"	15000	"slope"	-0.263146275
"0.25"	"0.0"	"0.45"	"0.01"	"0.005"	"0.01"	"100000"	"10000"	"200"	"7105057434299999629"	15000	"intercept"	0.67975001
"0.25"	"0.0"	"0.45"	"0.01"	"0.005"	"0.01"	"100000"	"10000"	"200"	"7105057434299999629"	20000	"slope"	-0.28662133
"0.25"	"0.0"	"0.45"	"0.01"	"0.005"	"0.01"	"100000"	"10000"	"200"	"7105057434299999629"	20000	"intercept"	0.691778845
"0.25"	"0.0"	"0.45"	"0.01"	"0.005"	"0.01"	"100000"	"10000"	"200"	"7105057434299999629"	25000	"slope"	-0.300190325
"0.25"	"0.0"	"0.45"	"0.01"	"0.005"	"0.01"	"100000"	"10000"	"200"	"7105057434299999629"	25000	"intercept"	0.69326651
"0.25"	"0.0"	"0.45"	"0.01"	"0.005"	"0.01"	"100000"	"10000"	"200"	"7105057434299999629"	30000	"slope"	-0.30809621
"0.25"	"0.0"	"0.45"	"0.01"	"0.005"	"0.01"	"100000"	"10000"	"200"	"7105057434299999629"	30000	"intercept"	0.700974445
"0.25"	"0.0"	"0.45"	"0.01"	"0.005"	"0.01"	"100000"	"10000"	"200"	"7105057434299999629"	35000	"slope"	-0.28369454
"0.25"	"0.0"	"0.45"	"0.01"	"0.005"	"0.01"	"100000"	"10000"	"200"	"7105057434299999629"	35000	"intercept"	0.683406805
"0.25"	"0.0"	"0.45"	"0.01"	"0.005"	"0.01"	"100000"	"10000"	"200"	"7105057434299999629"	40000	"slope"	-0.29878187
"0.25"	"0.0"	"0.45"	"0.01"	"0.005"	"0.01"	"100000"	"10000"	"200"	"7105057434299999629"	40000	"intercept"	0.694502475
"0.25"	"0.0"	"0.45"	"0.01"	"0.005"	"0.01"	"100000"	"10000"	"200"	"7105057434299999629"	45000	"slope"	-0.323607925
"0.25"	"0.0"	"0.45"	"0.01"	"0.005"	"0.01"	"100000"	"10000"	"200"	"7105057434299999629"	45000	"intercept"	0.715681625
"0.25"	"0.0"	"0.45"	"0.01"	"0.005"	"0.01"	"100000"	"10000"	"200"	"7105057434299999629"	50000	"slope"	-0.338956795
"0.25"	"0.0"	"0.45"	"0.01"	"0.005"	"0.01"	"100000"	"10000"	"200"	"7105057434299999629"	50000	"intercept"	0.72704272
"0.25"	"0.0"	"0.45"	"0.01"	"0.005"	"0.01"	"100000"	"10000"	"200"	"7105057434299999629"	55000	"slope"	-0.320258005
"0.25"	"0.0"	"0.45"	"0.01"	"0.005"	"0.01"	"100000"	"10000"	"200"	"7105057434299999629"	55000	"intercept"	0.713401385
"0.25"	"0.0"	"0.45"	"0.01"	"0.005"	"0.01"	"100000"	"10000"	"200"	"7105057434299999629"	60000	"slope"	-0.31978656
"0.25"	"0.0"	"0.45"	"0.01"	"0.005"	"0.01"	"100000"	"10000"	"200"	"7105057434299999629"	60000	"intercept"	0.71456003
"0.25"	"0.0"	"0.45"	"0.01"	"0.005"	"0.01"	"100000"	"10000"	"200"	"7105057434299999629"	65000	"slope"	-0.33157278
"0.25"	"0.0"	"0.45"	"0.01"	"0.005"	"0.01"	"100000"	"10000"	"200"	"7105057434299999629"	65000	"intercept"	0.717732385
"0.25"	"0.0"	"0.45"	"0.01"	"0.005"	"0.01"	"100000"	"10000"	"200"	"7105057434299999629"	70000	"slope"	-0.332784065
"0.25"	"0.0"	"0.45"	"0.01"	"0.005"	"0.01"	"100000"	"10000"	"200"	"7105057434299999629"	70000	"intercept"	0.73211562
"0.25"	"0.0"	"0.45"	"0.01"	"0.005"	"0.01"	"100000"	"10000"	"200"	"7105057434299999629"	75000	"slope"	-0.331765285
"0.25"	"0.0"	"0.45"	"0.01"	"0.005"	"0.01"	"100000"	"10000"	"200"	"7105057434299999629"	75000	"intercept"	0.71457825
"0.25"	"0.0"	"0.45"	"0.01"	"0.005"	"0.01"	"100000"	"10000"	"200"	"7105057434299999629"	80000	"slope"	-0.30767461
"0.25"	"0.0"	"0.45"	"0.01"	"0.005"	"0.01"	"100000"	"10000"	"200"	"7105057434299999629"	80000	"intercept"	0.710888255
"0.25"	"0.0"	"0.45"	"0.01"	"0.005"	"0.01"	"100000"	"10000"	"200"	"7105057434299999629"	85000	"slope"	-0.31943611
"0.25"	"0.0"	"0.45"	"0.01"	"0.005"	"0.01"	"100000"	"10000"	"200"	"7105057434299999629"	85000	"intercept"	0.71072252
"0.25"	"0.0"	"0.45"	"0.01"	"0.005"	"0.01"	"100000"	"10000"	"200"	"7105057434299999629"	90000	"slope"	-0.31909949
"0.25"	"0.0"	"0.45"	"0.01"	"0.005"	"0.01"	"100000"	"10000"	"200"	"7105057434299999629"	90000	"intercept"	0.717040345
"0.25"	"0.0"	"0.45"	"0.01"	"0.005"	"0.01"	"100000"	"10000"	"200"	"7105057434299999629"	95000	"slope"	-0.32792725
"0.25"	"0.0"	"0.45"	"0.01"	"0.005"	"0.01"	"100000"	"10000"	"200"	"7105057434299999629"	95000	"intercept"	0.718304005
"0.25"	"0.0"	"0.45"	"0.01"	"0.005"	"0.01"	"100000"	"10000"	"200"	"7105057434299999629"	100000	"slope"	-0.315171395
"0.25"	"0.0"	"0.45"	"0.01"	"0.005"	"0.01"	"100000"	"10000"	"200"	"7105057434299999629"	100000	"intercept"	0.71141447
"0.25"	"0.0"	"0.45"	"0.01"	"0.005"	"0.01"	"100000"	"10000"	"200"	"8076555990424658182"	10	"slope"	1.351235e-05
"0.25"	"0.0"	"0.45"	"0.01"	"0.005"	"0.01"	"100000"	"10000"	"200"	"8076555990424658182"	10	"intercept"	0.499806175
"0.25"	"0.0"	"0.45"	"0.01"	"0.005"	"0.01"	"100000"	"10000"	"200"	"8076555990424658182"	5000	"slope"	-0.080166727555
"0.25"	"0.0"	"0.45"	"0.01"	"0.005"	"0.01"	"100000"	"10000"	"200"	"8076555990424658182"	5000	"intercept"	0.56914612
"0.25"	"0.0"	"0.45"	"0.01"	"0.005"	"0.01"	"100000"	"10000"	"200"	"8076555990424658182"	10000	"slope"	-0.181320635
"0.25"	"0.0"	"0.45"	"0.01"	"0.005"	"0.01"	"100000"	"10000"	"200"	"8076555990424658182"	10000	"intercept"	0.61088085
"0.25"	"0.0"	"0.45"	"0.01"	"0.005"	"0.01"	"100000"	"10000"	"200"	"8076555990424658182"	15000	"slope"	-0.18502437
"0.25"	"0.0"	"0.45"	"0.01"	"0.005"	"0.01"	"100000"	"10000"	"200"	"8076555990424658182"	15000	"intercept"	0.62261653
"0.25"	"0.0"	"0.45"	"0.01"	"0.005"	"0.01"	"100000"	"10000"	"200"	"8076555990424658182"	20000	"slope"	-0.211902045
"0.25"	"0.0"	"0.45"	"0.01"	"0.005"	"0.01"	"100000"	"10000"	"200"	"8076555990424658182"	20000	"intercept"	0.641727335
"0.25"	"0.0"	"0.45"	"0.01"	"0.005"	"0.01"	"100000"	"10000"	"200"	"8076555990424658182"	25000	"slope"	-0.22394653
"0.25"	"0.0"	"0.45"	"0.01"	"0.005"	"0.01"	"100000"	"10000"	"200"	"8076555990424658182"	25000	"intercept"	0.63865568
"0.25"	"0.0"	"0.45"	"0.01"	"0.005"	"0.01"	"100000"	"10000"	"200"	"8076555990424658182"	30000	"slope"	-0.26803192
"0.25"	"0.0"	"0.45"	"0.01"	"0.005"	"0.01"	"100000"	"10000"	"200"	"8076555990424658182"	30000	"intercept"	0.686485595
"0.25"	"0.0"	"0.45"	"0.01"	"0.005"	"0.01"	"100000"	"10000"	"200"	"8076555990424658182"	35000	"slope"	-0.297513065
"0.25"	"0.0"	"0.45"	"0.01"	"0.005"	"0.01"	"100000"	"10000"	"200"	"8076555990424658182"	35000	"intercept"	0.69656487
"0.25"	"0.0"	"0.45"	"0.01"	"0.005"	"0.01"	"100000"	"10000"	"200"	"8076555990424658182"	40000	"slope"	-0.284893975
"0.25"	"0.0"	"0.45"	"0.01"	"0.005"	"0.01"	"100000"	"10000"	"200"	"8076555990424658182"	40000	"intercept"	0.6864884
"0.25"	"0.0"	"0.45"	"0.01"	"0.005"	"0.01"	"100000"	"10000"	"200"	"8076555990424658182"	45000	"slope"	-0.248343555
"0.25"	"0.0"	"0.45"	"0.01"	"0.005"	"0.01"	"100000"	"10000"	"200"	"8076555990424658182"	45000	"intercept"	0.667593925
"0.25"	"0.0"	"0.45"	"0.01"	"0.005"	"0.01"	"100000"	"10000"	"200"	"8076555990424658182"	50000	"slope"	-0.288113835
"0.25"	"0.0"	"0.45"	"0.01"	"0.005"	"0.01"	"100000"	"10000"	"200"	"8076555990424658182"	50000	"intercept"	0.686923965
"0.25"	"0.0"	"0.45"	"0.01"	"0.005"	"0.01"	"100000"	"10000"	"200"	"8076555990424658182"	55000	"slope"	-0.28737827
"0.25"	"0.0"	"0.45"	"0.01"	"0.005"	"0.01"	"100000"	"10000"	"200"	"8076555990424658182"	55000	"intercept"	0.690247275
"0.25"	"0.0"	"0.45"	"0.01"	"0.005"	"0.01"	"100000"	"10000"	"200"	"8076555990424658182"	60000	"slope"	-0.283583535
"0.25"	"0.0"	"0.45"	"0.01"	"0.005"	"0.01"	"100000"	"10000"	"200"	"8076555990424658182"	60000	"intercept"	0.689286035
"0.25"	"0.0"	"0.45"	"0.01"	"0.005"	"0.01"	"100000"	"10000"	"200"	"8076555990424658182"	65000	"slope"	-0.259427105
"0.25"	"0.0"	"0.45"	"0.01"	"0.005"	"0.01"	"100000"	"10000"	"200"	"8076555990424658182"	65000	"intercept"	0.67617024
"0.25"	"0.0"	"0.45"	"0.01"	"0.005"	"0.01"	"100000"	"10000"	"200"	"8076555990424658182"	70000	"slope"	-0.25960966
"0.25"	"0.0"	"0.45"	"0.01"	"0.005"	"0.01"	"100000"	"10000"	"200"	"8076555990424658182"	70000	"intercept"	0.6641702
"0.25"	"0.0"	"0.45"	"0.01"	"0.005"	"0.01"	"100000"	"10000"	"200"	"8076555990424658182"	75000	"slope"	-0.25011086
"0.25"	"0.0"	"0.45"	"0.01"	"0.005"	"0.01"	"100000"	"10000"	"200"	"8076555990424658182"	75000	"intercept"	0.666529155
"0.25"	"0.0"	"0.45"	"0.01"	"0.005"	"0.01"	"100000"	"10000"	"200"	"8076555990424658182"	80000	"slope"	-0.2833974
"0.25"	"0.0"	"0.45"	"0.01"	"0.005"	"0.01"	"100000"	"10000"	"200"	"8076555990424658182"	80000	"intercept"	0.680343125
"0.25"	"0.0"	"0.45"	"0.01"	"0.005"	"0.01"	"100000"	"10000"	"200"	"8076555990424658182"	85000	"slope"	-0.293422345
"0.25"	"0.0"	"0.45"	"0.01"	"0.005"	"0.01"	"100000"	"10000"	"200"	"8076555990424658182"	85000	"intercept"	0.698731335
"0.25"	"0.0"	"0.45"	"0.01"	"0.005"	"0.01"	"100000"	"10000"	"200"	"8076555990424658182"	90000	"slope"	-0.300496965
"0.25"	"0.0"	"0.45"	"0.01"	"0.005"	"0.01"	"100000"	"10000"	"200"	"8076555990424658182"	90000	"intercept"	0.69186169
"0.25"	"0.0"	"0.45"	"0.01"	"0.005"	"0.01"	"100000"	"10000"	"200"	"8076555990424658182"	95000	"slope"	-0.27594377
"0.25"	"0.0"	"0.45"	"0.01"	"0.005"	"0.01"	"100000"	"10000"	"200"	"8076555990424658182"	95000	"intercept"	0.687520835
"0.25"	"0.0"	"0.45"	"0.01"	"0.005"	"0.01"	"100000"	"10000"	"200"	"8076555990424658182"	100000	"slope"	-0.276482825
"0.25"	"0.0"	"0.45"	"0.01"	"0.005"	"0.01"	"100000"	"10000"	"200"	"8076555990424658182"	100000	"intercept"	0.679880865
"0.25"	"0.0"	"0.45"	"0.01"	"0.005"	"0.01"	"100000"	"10000"	"200"	"8567216267447039380"	10	"slope"	0.00035459834
"0.25"	"0.0"	"0.45"	"0.01"	"0.005"	"0.01"	"100000"	"10000"	"200"	"8567216267447039380"	10	"intercept"	0.49998982
"0.25"	"0.0"	"0.45"	"0.01"	"0.005"	"0.01"	"100000"	"10000"	"200"	"8567216267447039380"	5000	"slope"	-0.0669086934
"0.25"	"0.0"	"0.45"	"0.01"	"0.005"	"0.01"	"100000"	"10000"	"200"	"8567216267447039380"	5000	"intercept"	0.543852495
"0.25"	"0.0"	"0.45"	"0.01"	"0.005"	"0.01"	"100000"	"10000"	"200"	"8567216267447039380"	10000	"slope"	-0.1355289205
"0.25"	"0.0"	"0.45"	"0.01"	"0.005"	"0.01"	"100000"	"10000"	"200"	"8567216267447039380"	10000	"intercept"	0.57849098
"0.25"	"0.0"	"0.45"	"0.01"	"0.005"	"0.01"	"100000"	"10000"	"200"	"8567216267447039380"	15000	"slope"	-0.1889465685
"0.25"	"0.0"	"0.45"	"0.01"	"0.005"	"0.01"	"100000"	"10000"	"200"	"8567216267447039380"	15000	"intercept"	0.629261525
"0.25"	"0.0"	"0.45"	"0.01"	"0.005"	"0.01"	"100000"	"10000"	"200"	"8567216267447039380"	20000	"slope"	-0.24972345
"0.25"	"0.0"	"0.45"	"0.01"	"0.005"	"0.01"	"100000"	"10000"	"200"	"8567216267447039380"	20000	"intercept"	0.662791875
"0.25"	"0.0"	"0.45"	"0.01"	"0.005"	"0.01"	"100000"	"10000"	"200"	"8567216267447039380"	25000	"slope"	-0.28195949
"0.25"	"0.0"	"0.45"	"0.01"	"0.005"	"0.01"	"100000"	"10000"	"200"	"8567216267447039380"	25000	"intercept"	0.67762384
"0.25"	"0.0"	"0.45"	"0.01"	"0.005"	"0.01"	"100000"	"10000"	"200"	"8567216267447039380"	30000	"slope"	-0.30503857
"0.25"	"0.0"	"0.45"	"0.01"	"0.005"	"0.01"	"100000"	"10000"	"200"	"8567216267447039380"	30000	"intercept"	0.694532005
"0.25"	"0.0"	"0.45"	"0.01"	"0.005"	"0.01"	"100000"	"10000"	"200"	"8567216267447039380"	35000	"slope"	-0.29936711
"0.25"	"0.0"	"0.45"	"0.01"	"0.005"	"0.01"	"100000"	"10000"	"200"	"8567216267447039380"	35000	"intercept"	0.69672349
"0.25"	"0.0"	"0.45"	"0.01"	"0.005"	"0.01"	"100000"	"10000"	"200"	"8567216267447039380"	40000	"slope"	-0.357612445
"0.25"	"0.0"	"0.45"	"0.01"	"0.005"	"0.01"	"100000"	"10000"	"200"	"8567216267447039380"	40000	"intercept"	0.73353229
"0.25"	"0.0"	"0.45"	"0.01"	"0.005"	"0.01"	"100000"	"10000"	"200"	"8567216267447039380"	45000	"slope"	-0.341123335
"0.25"	"0.0"	"0.45"	"0.01"	"0.005"	"0.01"	"100000"	"10000"	"200"	"8567216267447039380"	45000	"intercept"	0.732438095
"0.25"	"0.0"	"0.45"	"0.01"	"0.005"	"0.01"	"100000"	"10000"	"200"	"8567216267447039380"	50000	"slope"	-0.285581885
"0.25"	"0.0"	"0.45"	"0.01"	"0.005"	"0.01"	"100000"	"10000"	"200"	"8567216267447039380"	50000	"intercept"	0.687715115
"0.25"	"0.0"	"0.45"	"0.01"	"0.005"	"0.01"	"100000"	"10000"	"200"	"8567216267447039380"	55000	"slope"	-0.28051045
"0.25"	"0.0"	"0.45"	"0.01"	"0.005"	"0.01"	"100000"	"10000"	"200"	"8567216267447039380"	55000	"intercept"	0.691257175
"0.25"	"0.0"	"0.45"	"0.01"	"0.005"	"0.01"	"100000"	"10000"	"200"	"8567216267447039380"	60000	"slope"	-0.269807695
"0.25"	"0.0"	"0.45"	"0.01"	"0.005"	"0.01"	"100000"	"10000"	"200"	"8567216267447039380"	60000	"intercept"	0.680149345
"0.25"	"0.0"	"0.45"	"0.01"	"0.005"	"0.01"	"100000"	"10000"	"200"	"8567216267447039380"	65000	"slope"	-0.291635225
"0.25"	"0.0"	"0.45"	"0.01"	"0.005"	"0.01"	"100000"	"10000"	"200"	"8567216267447039380"	65000	"intercept"	0.69233985
"0.25"	"0.0"	"0.45"	"0.01"	"0.005"	"0.01"	"100000"	"10000"	"200"	"8567216267447039380"	70000	"slope"	-0.30902804
"0.25"	"0.0"	"0.45"	"0.01"	"0.005"	"0.01"	"100000"	"10000"	"200"	"8567216267447039380"	70000	"intercept"	0.707642795
"0.25"	"0.0"	"0.45"	"0.01"	"0.005"	"0.01"	"100000"	"10000"	"200"	"8567216267447039380"	75000	"slope"	-0.344069825
"0.25"	"0.0"	"0.45"	"0.01"	"0.005"	"0.01"	"100000"	"10000"	"200"	"8567216267447039380"	75000	"intercept"	0.730453725
"0.25"	"0.0"	"0.45"	"0.01"	"0.005"	"0.01"	"100000"	"10000"	"200"	"8567216267447039380"	80000	"slope"	-0.354366335
"0.25"	"0.0"	"0.45"	"0.01"	"0.005"	"0.01"	"100000"	"10000"	"200"	"8567216267447039380"	80000	"intercept"	0.73204208
"0.25"	"0.0"	"0.45"	"0.01"	"0.005"	"0.01"	"100000"	"10000"	"200"	"8567216267447039380"	85000	"slope"	-0.30301974
"0.25"	"0.0"	"0.45"	"0.01"	"0.005"	"0.01"	"100000"	"10000"	"200"	"8567216267447039380"	85000	"intercept"	0.695428685
"0.25"	"0.0"	"0.45"	"0.01"	"0.005"	"0.01"	"100000"	"10000"	"200"	"8567216267447039380"	90000	"slope"	-0.290576955
"0.25"	"0.0"	"0.45"	"0.01"	"0.005"	"0.01"	"100000"	"10000"	"200"	"8567216267447039380"	90000	"intercept"	0.700334925
"0.25"	"0.0"	"0.45"	"0.01"	"0.005"	"0.01"	"100000"	"10000"	"200"	"8567216267447039380"	95000	"slope"	-0.26021475
"0.25"	"0.0"	"0.45"	"0.01"	"0.005"	"0.01"	"100000"	"10000"	"200"	"8567216267447039380"	95000	"intercept"	0.66579087
"0.25"	"0.0"	"0.45"	"0.01"	"0.005"	"0.01"	"100000"	"10000"	"200"	"8567216267447039380"	100000	"slope"	-0.272928205
"0.25"	"0.0"	"0.45"	"0.01"	"0.005"	"0.01"	"100000"	"10000"	"200"	"8567216267447039380"	100000	"intercept"	0.680203535
"0.25"	"0.4"	"0.45"	"0.01"	"0.005"	"0.01"	"100000"	"10000"	"200"	"4374569338219369040"	10	"slope"	0.00010230769
"0.25"	"0.4"	"0.45"	"0.01"	"0.005"	"0.01"	"100000"	"10000"	"200"	"4374569338219369040"	10	"intercept"	0.49998433
"0.25"	"0.4"	"0.45"	"0.01"	"0.005"	"0.01"	"100000"	"10000"	"200"	"4374569338219369040"	5000	"slope"	-0.0527292188
"0.25"	"0.4"	"0.45"	"0.01"	"0.005"	"0.01"	"100000"	"10000"	"200"	"4374569338219369040"	5000	"intercept"	0.53049748
"0.25"	"0.4"	"0.45"	"0.01"	"0.005"	"0.01"	"100000"	"10000"	"200"	"4374569338219369040"	10000	"slope"	-0.1467631935
"0.25"	"0.4"	"0.45"	"0.01"	"0.005"	"0.01"	"100000"	"10000"	"200"	"4374569338219369040"	10000	"intercept"	0.593423285
"0.25"	"0.4"	"0.45"	"0.01"	"0.005"	"0.01"	"100000"	"10000"	"200"	"4374569338219369040"	15000	"slope"	-0.18791409
"0.25"	"0.4"	"0.45"	"0.01"	"0.005"	"0.01"	"100000"	"10000"	"200"	"4374569338219369040"	15000	"intercept"	0.61828088
"0.25"	"0.4"	"0.45"	"0.01"	"0.005"	"0.01"	"100000"	"10000"	"200"	"4374569338219369040"	20000	"slope"	-0.27351926
"0.25"	"0.4"	"0.45"	"0.01"	"0.005"	"0.01"	"100000"	"10000"	"200"	"4374569338219369040"	20000	"intercept"	0.66982349
"0.25"	"0.4"	"0.45"	"0.01"	"0.005"	"0.01"	"100000"	"10000"	"200"	"4374569338219369040"	25000	"slope"	-0.31629678
"0.25"	"0.4"	"0.45"	"0.01"	"0.005"	"0.01"	"100000"	"10000"	"200"	"4374569338219369040"	25000	"intercept"	0.69162289
"0.25"	"0.4"	"0.45"	"0.01"	"0.005"	"0.01"	"100000"	"10000"	"200"	"4374569338219369040"	30000	"slope"	-0.361834805
"0.25"	"0.4"	"0.45"	"0.01"	"0.005"	"0.01"	"100000"	"10000"	"200"	"4374569338219369040"	30000	"intercept"	0.729450365
"0.25"	"0.4"	"0.45"	"0.01"	"0.005"	"0.01"	"100000"	"10000"	"200"	"4374569338219369040"	35000	"slope"	-0.37701022
"0.25"	"0.4"	"0.45"	"0.01"	"0.005"	"0.01"	"100000"	"10000"	"200"	"4374569338219369040"	35000	"intercept"	0.726327025
"0.25"	"0.4"	"0.45"	"0.01"	"0.005"	"0.01"	"100000"	"10000"	"200"	"4374569338219369040"	40000	"slope"	-0.41130289
"0.25"	"0.4"	"0.45"	"0.01"	"0.005"	"0.01"	"100000"	"10000"	"200"	"4374569338219369040"	40000	"intercept"	0.74926689
"0.25"	"0.4"	"0.45"	"0.01"	"0.005"	"0.01"	"100000"	"10000"	"200"	"4374569338219369040"	45000	"slope"	-0.423122135
"0.25"	"0.4"	"0.45"	"0.01"	"0.005"	"0.01"	"100000"	"10000"	"200"	"4374569338219369040"	45000	"intercept"	0.767056315
"0.25"	"0.4"	"0.45"	"0.01"	"0.005"	"0.01"	"100000"	"10000"	"200"	"4374569338219369040"	50000	"slope"	-0.40363249
"0.25"	"0.4"	"0.45"	"0.01"	"0.005"	"0.01"	"100000"	"10000"	"200"	"4374569338219369040"	50000	"intercept"	0.75200214
"0.25"	"0.4"	"0.45"	"0.01"	"0.005"	"0.01"	"100000"	"10000"	"200"	"4374569338219369040"	55000	"slope"	-0.48608125
"0.25"	"0.4"	"0.45"	"0.01"	"0.005"	"0.01"	"100000"	"10000"	"200"	"4374569338219369040"	55000	"intercept"	0.802293095
"0.25"	"0.4"	"0.45"	"0.01"	"0.005"	"0.01"	"100000"	"10000"	"200"	"4374569338219369040"	60000	"slope"	-0.509728675
"0.25"	"0.4"	"0.45"	"0.01"	"0.005"	"0.01"	"100000"	"10000"	"200"	"4374569338219369040"	60000	"intercept"	0.815438765
"0.25"	"0.4"	"0.45"	"0.01"	"0.005"	"0.01"	"100000"	"10000"	"200"	"4374569338219369040"	65000	"slope"	-0.49195965
"0.25"	"0.4"	"0.45"	"0.01"	"0.005"	"0.01"	"100000"	"10000"	"200"	"4374569338219369040"	65000	"intercept"	0.802779735
"0.25"	"0.4"	"0.45"	"0.01"	"0.005"	"0.01"	"100000"	"10000"	"200"	"4374569338219369040"	70000	"slope"	-0.50282408
"0.25"	"0.4"	"0.45"	"0.01"	"0.005"	"0.01"	"100000"	"10000"	"200"	"4374569338219369040"	70000	"intercept"	0.8194631
"0.25"	"0.4"	"0.45"	"0.01"	"0.005"	"0.01"	"100000"	"10000"	"200"	"4374569338219369040"	75000	"slope"	-0.485367555
"0.25"	"0.4"	"0.45"	"0.01"	"0.005"	"0.01"	"100000"	"10000"	"200"	"4374569338219369040"	75000	"intercept"	0.81693441
"0.25"	"0.4"	"0.45"	"0.01"	"0.005"	"0.01"	"100000"	"10000"	"200"	"4374569338219369040"	80000	"slope"	-0.47980833
"0.25"	"0.4"	"0.45"	"0.01"	"0.005"	"0.01"	"100000"	"10000"	"200"	"4374569338219369040"	80000	"intercept"	0.79970683
"0.25"	"0.4"	"0.45"	"0.01"	"0.005"	"0.01"	"100000"	"10000"	"200"	"4374569338219369040"	85000	"slope"	-0.49298452
"0.25"	"0.4"	"0.45"	"0.01"	"0.005"	"0.01"	"100000"	"10000"	"200"	"4374569338219369040"	85000	"intercept"	0.8065906
"0.25"	"0.4"	"0.45"	"0.01"	"0.005"	"0.01"	"100000"	"10000"	"200"	"4374569338219369040"	90000	"slope"	-0.46194003
"0.25"	"0.4"	"0.45"	"0.01"	"0.005"	"0.01"	"100000"	"10000"	"200"	"4374569338219369040"	90000	"intercept"	0.80353818
"0.25"	"0.4"	"0.45"	"0.01"	"0.005"	"0.01"	"100000"	"10000"	"200"	"4374569338219369040"	95000	"slope"	-0.49860881
"0.25"	"0.4"	"0.45"	"0.01"	"0.005"	"0.01"	"100000"	"10000"	"200"	"4374569338219369040"	95000	"intercept"	0.80846743
"0.25"	"0.4"	"0.45"	"0.01"	"0.005"	"0.01"	"100000"	"10000"	"200"	"4374569338219369040"	100000	"slope"	-0.482974165
"0.25"	"0.4"	"0.45"	"0.01"	"0.005"	"0.01"	"100000"	"10000"	"200"	"4374569338219369040"	100000	"intercept"	0.800125405
"0.25"	"0.4"	"0.45"	"0.01"	"0.005"	"0.01"	"100000"	"10000"	"200"	"7483335868442930610"	10	"slope"	0.00010630655
"0.25"	"0.4"	"0.45"	"0.01"	"0.005"	"0.01"	"100000"	"10000"	"200"	"7483335868442930610"	10	"intercept"	0.499958305
"0.25"	"0.4"	"0.45"	"0.01"	"0.005"	"0.01"	"100000"	"10000"	"200"	"7483335868442930610"	5000	"slope"	-0.063499338288
"0.25"	"0.4"	"0.45"	"0.01"	"0.005"	"0.01"	"100000"	"10000"	"200"	"7483335868442930610"	5000	"intercept"	0.531472485
"0.25"	"0.4"	"0.45"	"0.01"	"0.005"	"0.01"	"100000"	"10000"	"200"	"7483335868442930610"	10000	"slope"	-0.20945577
"0.25"	"0.4"	"0.45"	"0.01"	"0.005"	"0.01"	"100000"	"10000"	"200"	"7483335868442930610"	10000	"intercept"	0.62198108
"0.25"	"0.4"	"0.45"	"0.01"	"0.005"	"0.01"	"100000"	"10000"	"200"	"7483335868442930610"	15000	"slope"	-0.283006545
"0.25"	"0.4"	"0.45"	"0.01"	"0.005"	"0.01"	"100000"	"10000"	"200"	"7483335868442930610"	15000	"intercept"	0.664730195
"0.25"	"0.4"	"0.45"	"0.01"	"0.005"	"0.01"	"100000"	"10000"	"200"	"7483335868442930610"	20000	"slope"	-0.31932566
"0.25"	"0.4"	"0.45"	"0.01"	"0.005"	"0.01"	"100000"	"10000"	"200"	"7483335868442930610"	20000	"intercept"	0.690009795
"0.25"	"0.4"	"0.45"	"0.01"	"0.005"	"0.01"	"100000"	"10000"	"200"	"7483335868442930610"	25000	"slope"	-0.403802055
"0.25"	"0.4"	"0.45"	"0.01"	"0.005"	"0.01"	"100000"	"10000"	"200"	"7483335868442930610"	25000	"intercept"	0.750035295
"0.25"	"0.4"	"0.45"	"0.01"	"0.005"	"0.01"	"100000"	"10000"	"200"	"7483335868442930610"	30000	"slope"	-0.46897375
"0.25"	"0.4"	"0.45"	"0.01"	"0.005"	"0.01"	"100000"	"10000"	"200"	"7483335868442930610"	30000	"intercept"	0.797794935
"0.25"	"0.4"	"0.45"	"0.01"	"0.005"	"0.01"	"100000"	"10000"	"200"	"7483335868442930610"	35000	"slope"	-0.44876635
"0.25"	"0.4"	"0.45"	"0.01"	"0.005"	"0.01"	"100000"	"10000"	"200"	"7483335868442930610"	35000	"intercept"	0.778745625
"0.25"	"0.4"	"0.45"	"0.01"	"0.005"	"0.01"	"100000"	"10000"	"200"	"7483335868442930610"	40000	"slope"	-0.44954634
"0.25"	"0.4"	"0.45"	"0.01"	"0.005"	"0.01"	"100000"	"10000"	"200"	"7483335868442930610"	40000	"intercept"	0.7757192
"0.25"	"0.4"	"0.45"	"0.01"	"0.005"	"0.01"	"100000"	"10000"	"200"	"7483335868442930610"	45000	"slope"	-0.448211855
"0.25"	"0.4"	"0.45"	"0.01"	"0.005"	"0.01"	"100000"	"10000"	"200"	"7483335868442930610"	45000	"intercept"	0.781137745
"0.25"	"0.4"	"0.45"	"0.01"	"0.005"	"0.01"	"100000"	"10000"	"200"	"7483335868442930610"	50000	"slope"	-0.41264393
"0.25"	"0.4"	"0.45"	"0.01"	"0.005"	"0.01"	"100000"	"10000"	"200"	"7483335868442930610"	50000	"intercept"	0.753275275
"0.25"	"0.4"	"0.45"	"0.01"	"0.005"	"0.01"	"100000"	"10000"	"200"	"7483335868442930610"	55000	"slope"	-0.447496225
"0.25"	"0.4"	"0.45"	"0.01"	"0.005"	"0.01"	"100000"	"10000"	"200"	"7483335868442930610"	55000	"intercept"	0.774995385
"0.25"	"0.4"	"0.45"	"0.01"	"0.005"	"0.01"	"100000"	"10000"	"200"	"7483335868442930610"	60000	"slope"	-0.47107084
"0.25"	"0.4"	"0.45"	"0.01"	"0.005"	"0.01"	"100000"	"10000"	"200"	"7483335868442930610"	60000	"intercept"	0.79819537
"0.25"	"0.4"	"0.45"	"0.01"	"0.005"	"0.01"	"100000"	"10000"	"200"	"7483335868442930610"	65000	"slope"	-0.46896445
"0.25"	"0.4"	"0.45"	"0.01"	"0.005"	"0.01"	"100000"	"10000"	"200"	"7483335868442930610"	65000	"intercept"	0.793151535
"0.25"	"0.4"	"0.45"	"0.01"	"0.005"	"0.01"	"100000"	"10000"	"200"	"7483335868442930610"	70000	"slope"	-0.47613448
"0.25"	"0.4"	"0.45"	"0.01"	"0.005"	"0.01"	"100000"	"10000"	"200"	"7483335868442930610"	70000	"intercept"	0.796703225
"0.25"	"0.4"	"0.45"	"0.01"	"0.005"	"0.01"	"100000"	"10000"	"200"	"7483335868442930610"	75000	"slope"	-0.48562438
"0.25"	"0.4"	"0.45"	"0.01"	"0.005"	"0.01"	"100000"	"10000"	"200"	"7483335868442930610"	75000	"intercept"	0.797600395
"0.25"	"0.4"	"0.45"	"0.01"	"0.005"	"0.01"	"100000"	"10000"	"200"	"7483335868442930610"	80000	"slope"	-0.50597384
"0.25"	"0.4"	"0.45"	"0.01"	"0.005"	"0.01"	"100000"	"10000"	"200"	"7483335868442930610"	80000	"intercept"	0.816661995
"0.25"	"0.4"	"0.45"	"0.01"	"0.005"	"0.01"	"100000"	"10000"	"200"	"7483335868442930610"	85000	"slope"	-0.45577521
"0.25"	"0.4"	"0.45"	"0.01"	"0.005"	"0.01"	"100000"	"10000"	"200"	"7483335868442930610"	85000	"intercept"	0.783814175
"0.25"	"0.4"	"0.45"	"0.01"	"0.005"	"0.01"	"100000"	"10000"	"200"	"7483335868442930610"	90000	"slope"	-0.43916591
"0.25"	"0.4"	"0.45"	"0.01"	"0.005"	"0.01"	"100000"	"10000"	"200"	"7483335868442930610"	90000	"intercept"	0.77161102
"0.25"	"0.4"	"0.45"	"0.01"	"0.005"	"0.01"	"100000"	"10000"	"200"	"7483335868442930610"	95000	"slope"	-0.4551782
"0.25"	"0.4"	"0.45"	"0.01"	"0.005"	"0.01"	"100000"	"10000"	"200"	"7483335868442930610"	95000	"intercept"	0.782980025
"0.25"	"0.4"	"0.45"	"0.01"	"0.005"	"0.01"	"100000"	"10000"	"200"	"7483335868442930610"	100000	"slope"	-0.463253475
"0.25"	"0.4"	"0.45"	"0.01"	"0.005"	"0.01"	"100000"	"10000"	"200"	"7483335868442930610"	100000	"intercept"	0.78661261
"0.25"	"0.4"	"0.45"	"0.01"	"0.005"	"0.01"	"100000"	"10000"	"200"	"8584180259676769562"	10	"slope"	0.00014281023
"0.25"	"0.4"	"0.45"	"0.01"	"0.005"	"0.01"	"100000"	"10000"	"200"	"8584180259676769562"	10	"intercept"	0.500157535
"0.25"	"0.4"	"0.45"	"0.01"	"0.005"	"0.01"	"100000"	"10000"	"200"	"8584180259676769562"	5000	"slope"	-0.038585636335
"0.25"	"0.4"	"0.45"	"0.01"	"0.005"	"0.01"	"100000"	"10000"	"200"	"8584180259676769562"	5000	"intercept"	0.51449314
"0.25"	"0.4"	"0.45"	"0.01"	"0.005"	"0.01"	"100000"	"10000"	"200"	"8584180259676769562"	10000	"slope"	-0.138928649
"0.25"	"0.4"	"0.45"	"0.01"	"0.005"	"0.01"	"100000"	"10000"	"200"	"8584180259676769562"	10000	"intercept"	0.57574014
"0.25"	"0.4"	"0.45"	"0.01"	"0.005"	"0.01"	"100000"	"10000"	"200"	"8584180259676769562"	15000	"slope"	-0.21486507
"0.25"	"0.4"	"0.45"	"0.01"	"0.005"	"0.01"	"100000"	"10000"	"200"	"8584180259676769562"	15000	"intercept"	0.633009665
"0.25"	"0.4"	"0.45"	"0.01"	"0.005"	"0.01"	"100000"	"10000"	"200"	"8584180259676769562"	20000	"slope"	-0.324248195
"0.25"	"0.4"	"0.45"	"0.01"	"0.005"	"0.01"	"100000"	"10000"	"200"	"8584180259676769562"	20000	"intercept"	0.69453318
"0.25"	"0.4"	"0.45"	"0.01"	"0.005"	"0.01"	"100000"	"10000"	"200"	"8584180259676769562"	25000	"slope"	-0.431430345
"0.25"	"0.4"	"0.45"	"0.01"	"0.005"	"0.01"	"100000"	"10000"	"200"	"8584180259676769562"	25000	"intercept"	0.767690995
"0.25"	"0.4"	"0.45"	"0.01"	"0.005"	"0.01"	"100000"	"10000"	"200"	"8584180259676769562"	30000	"slope"	-0.45798995
"0.25"	"0.4"	"0.45"	"0.01"	"0.005"	"0.01"	"100000"	"10000"	"200"	"8584180259676769562"	30000	"intercept"	0.78152154
"0.25"	"0.4"	"0.45"	"0.01"	"0.005"	"0.01"	"100000"	"10000"	"200"	"8584180259676769562"	35000	"slope"	-0.465580545
"0.25"	"0.4"	"0.45"	"0.01"	"0.005"	"0.01"	"100000"	"10000"	"200"	"8584180259676769562"	35000	"intercept"	0.796008415
"0.25"	"0.4"	"0.45"	"0.01"	"0.005"	"0.01"	"100000"	"10000"	"200"	"8584180259676769562"	40000	"slope"	-0.428921665
"0.25"	"0.4"	"0.45"	"0.01"	"0.005"	"0.01"	"100000"	"10000"	"200"	"8584180259676769562"	40000	"intercept"	0.769468405
"0.25"	"0.4"	"0.45"	"0.01"	"0.005"	"0.01"	"100000"	"10000"	"200"	"8584180259676769562"	45000	"slope"	-0.421815095
"0.25"	"0.4"	"0.45"	"0.01"	"0.005"	"0.01"	"100000"	"10000"	"200"	"8584180259676769562"	45000	"intercept"	0.76551741
"0.25"	"0.4"	"0.45"	"0.01"	"0.005"	"0.01"	"100000"	"10000"	"200"	"8584180259676769562"	50000	"slope"	-0.46732207
"0.25"	"0.4"	"0.45"	"0.01"	"0.005"	"0.01"	"100000"	"10000"	"200"	"8584180259676769562"	50000	"intercept"	0.79206289
"0.25"	"0.4"	"0.45"	"0.01"	"0.005"	"0.01"	"100000"	"10000"	"200"	"8584180259676769562"	55000	"slope"	-0.450026925
"0.25"	"0.4"	"0.45"	"0.01"	"0.005"	"0.01"	"100000"	"10000"	"200"	"8584180259676769562"	55000	"intercept"	0.77988471
"0.25"	"0.4"	"0.45"	"0.01"	"0.005"	"0.01"	"100000"	"10000"	"200"	"8584180259676769562"	60000	"slope"	-0.53063437
"0.25"	"0.4"	"0.45"	"0.01"	"0.005"	"0.01"	"100000"	"10000"	"200"	"8584180259676769562"	60000	"intercept"	0.82993491
"0.25"	"0.4"	"0.45"	"0.01"	"0.005"	"0.01"	"100000"	"10000"	"200"	"8584180259676769562"	65000	"slope"	-0.53127812
"0.25"	"0.4"	"0.45"	"0.01"	"0.005"	"0.01"	"100000"	"10000"	"200"	"8584180259676769562"	65000	"intercept"	0.832195035
"0.25"	"0.4"	"0.45"	"0.01"	"0.005"	"0.01"	"100000"	"10000"	"200"	"8584180259676769562"	70000	"slope"	-0.507304095
"0.25"	"0.4"	"0.45"	"0.01"	"0.005"	"0.01"	"100000"	"10000"	"200"	"8584180259676769562"	70000	"intercept"	0.81732889
"0.25"	"0.4"	"0.45"	"0.01"	"0.005"	"0.01"	"100000"	"10000"	"200"	"8584180259676769562"	75000	"slope"	-0.488809385
"0.25"	"0.4"	"0.45"	"0.01"	"0.005"	"0.01"	"100000"	"10000"	"200"	"8584180259676769562"	75000	"intercept"	0.80233042
"0.25"	"0.4"	"0.45"	"0.01"	"0.005"	"0.01"	"100000"	"10000"	"200"	"8584180259676769562"	80000	"slope"	-0.502443605
"0.25"	"0.4"	"0.45"	"0.01"	"0.005"	"0.01"	"100000"	"10000"	"200"	"8584180259676769562"	80000	"intercept"	0.817124225
"0.25"	"0.4"	"0.45"	"0.01"	"0.005"	"0.01"	"100000"	"10000"	"200"	"8584180259676769562"	85000	"slope"	-0.50684732
"0.25"	"0.4"	"0.45"	"0.01"	"0.005"	"0.01"	"100000"	"10000"	"200"	"8584180259676769562"	85000	"intercept"	0.821182715
"0.25"	"0.4"	"0.45"	"0.01"	"0.005"	"0.01"	"100000"	"10000"	"200"	"8584180259676769562"	90000	"slope"	-0.49932597
"0.25"	"0.4"	"0.45"	"0.01"	"0.005"	"0.01"	"100000"	"10000"	"200"	"8584180259676769562"	90000	"intercept"	0.808457985
"0.25"	"0.4"	"0.45"	"0.01"	"0.005"	"0.01"	"100000"	"10000"	"200"	"8584180259676769562"	95000	"slope"	-0.523334765
"0.25"	"0.4"	"0.45"	"0.01"	"0.005"	"0.01"	"100000"	"10000"	"200"	"8584180259676769562"	95000	"intercept"	0.837444185
"0.25"	"0.4"	"0.45"	"0.01"	"0.005"	"0.01"	"100000"	"10000"	"200"	"8584180259676769562"	100000	"slope"	-0.53127608
"0.25"	"0.4"	"0.45"	"0.01"	"0.005"	"0.01"	"100000"	"10000"	"200"	"8584180259676769562"	100000	"intercept"	0.82655451
"0.25"	"0.6"	"0.45"	"0.01"	"0.005"	"0.01"	"100000"	"10000"	"200"	"3589942331726056935"	10	"slope"	-0.000152993985
"0.25"	"0.6"	"0.45"	"0.01"	"0.005"	"0.01"	"100000"	"10000"	"200"	"3589942331726056935"	10	"intercept"	0.500042305
"0.25"	"0.6"	"0.45"	"0.01"	"0.005"	"0.01"	"100000"	"10000"	"200"	"3589942331726056935"	5000	"slope"	-0.03290313449
"0.25"	"0.6"	"0.45"	"0.01"	"0.005"	"0.01"	"100000"	"10000"	"200"	"3589942331726056935"	5000	"intercept"	0.500778545
"0.25"	"0.6"	"0.45"	"0.01"	"0.005"	"0.01"	"100000"	"10000"	"200"	"3589942331726056935"	10000	"slope"	-0.1140515035
"0.25"	"0.6"	"0.45"	"0.01"	"0.005"	"0.01"	"100000"	"10000"	"200"	"3589942331726056935"	10000	"intercept"	0.55143797
"0.25"	"0.6"	"0.45"	"0.01"	"0.005"	"0.01"	"100000"	"10000"	"200"	"3589942331726056935"	15000	"slope"	-0.20292532
"0.25"	"0.6"	"0.45"	"0.01"	"0.005"	"0.01"	"100000"	"10000"	"200"	"3589942331726056935"	15000	"intercept"	0.60501158
"0.25"	"0.6"	"0.45"	"0.01"	"0.005"	"0.01"	"100000"	"10000"	"200"	"3589942331726056935"	20000	"slope"	-0.300302235
"0.25"	"0.6"	"0.45"	"0.01"	"0.005"	"0.01"	"100000"	"10000"	"200"	"3589942331726056935"	20000	"intercept"	0.66781924
"0.25"	"0.6"	"0.45"	"0.01"	"0.005"	"0.01"	"100000"	"10000"	"200"	"3589942331726056935"	25000	"slope"	-0.356489475
"0.25"	"0.6"	"0.45"	"0.01"	"0.005"	"0.01"	"100000"	"10000"	"200"	"3589942331726056935"	25000	"intercept"	0.707578435
"0.25"	"0.6"	"0.45"	"0.01"	"0.005"	"0.01"	"100000"	"10000"	"200"	"3589942331726056935"	30000	"slope"	-0.39614187
"0.25"	"0.6"	"0.45"	"0.01"	"0.005"	"0.01"	"100000"	"10000"	"200"	"3589942331726056935"	30000	"intercept"	0.741616825
"0.25"	"0.6"	"0.45"	"0.01"	"0.005"	"0.01"	"100000"	"10000"	"200"	"3589942331726056935"	35000	"slope"	-0.46272781
"0.25"	"0.6"	"0.45"	"0.01"	"0.005"	"0.01"	"100000"	"10000"	"200"	"3589942331726056935"	35000	"intercept"	0.786412725
"0.25"	"0.6"	"0.45"	"0.01"	"0.005"	"0.01"	"100000"	"10000"	"200"	"3589942331726056935"	40000	"slope"	-0.45140036
"0.25"	"0.6"	"0.45"	"0.01"	"0.005"	"0.01"	"100000"	"10000"	"200"	"3589942331726056935"	40000	"intercept"	0.765541995
"0.25"	"0.6"	"0.45"	"0.01"	"0.005"	"0.01"	"100000"	"10000"	"200"	"3589942331726056935"	45000	"slope"	-0.48452629
"0.25"	"0.6"	"0.45"	"0.01"	"0.005"	"0.01"	"100000"	"10000"	"200"	"3589942331726056935"	45000	"intercept"	0.78536336
"0.25"	"0.6"	"0.45"	"0.01"	"0.005"	"0.01"	"100000"	"10000"	"200"	"3589942331726056935"	50000	"slope"	-0.51291664
"0.25"	"0.6"	"0.45"	"0.01"	"0.005"	"0.01"	"100000"	"10000"	"200"	"3589942331726056935"	50000	"intercept"	0.82503886
"0.25"	"0.6"	"0.45"	"0.01"	"0.005"	"0.01"	"100000"	"10000"	"200"	"3589942331726056935"	55000	"slope"	-0.55309213
"0.25"	"0.6"	"0.45"	"0.01"	"0.005"	"0.01"	"100000"	"10000"	"200"	"3589942331726056935"	55000	"intercept"	0.844779975
"0.25"	"0.6"	"0.45"	"0.01"	"0.005"	"0.01"	"100000"	"10000"	"200"	"3589942331726056935"	60000	"slope"	-0.610194225
"0.25"	"0.6"	"0.45"	"0.01"	"0.005"	"0.01"	"100000"	"10000"	"200"	"3589942331726056935"	60000	"intercept"	0.869832685
"0.25"	"0.6"	"0.45"	"0.01"	"0.005"	"0.01"	"100000"	"10000"	"200"	"3589942331726056935"	65000	"slope"	-0.66693404
"0.25"	"0.6"	"0.45"	"0.01"	"0.005"	"0.01"	"100000"	"10000"	"200"	"3589942331726056935"	65000	"intercept"	0.90445723
"0.25"	"0.6"	"0.45"	"0.01"	"0.005"	"0.01"	"100000"	"10000"	"200"	"3589942331726056935"	70000	"slope"	-0.67949515
"0.25"	"0.6"	"0.45"	"0.01"	"0.005"	"0.01"	"100000"	"10000"	"200"	"3589942331726056935"	70000	"intercept"	0.917241985
"0.25"	"0.6"	"0.45"	"0.01"	"0.005"	"0.01"	"100000"	"10000"	"200"	"3589942331726056935"	75000	"slope"	-0.681392685
"0.25"	"0.6"	"0.45"	"0.01"	"0.005"	"0.01"	"100000"	"10000"	"200"	"3589942331726056935"	75000	"intercept"	0.92211107
"0.25"	"0.6"	"0.45"	"0.01"	"0.005"	"0.01"	"100000"	"10000"	"200"	"3589942331726056935"	80000	"slope"	-0.666770865
"0.25"	"0.6"	"0.45"	"0.01"	"0.005"	"0.01"	"100000"	"10000"	"200"	"3589942331726056935"	80000	"intercept"	0.911229415
"0.25"	"0.6"	"0.45"	"0.01"	"0.005"	"0.01"	"100000"	"10000"	"200"	"3589942331726056935"	85000	"slope"	-0.62726037
"0.25"	"0.6"	"0.45"	"0.01"	"0.005"	"0.01"	"100000"	"10000"	"200"	"3589942331726056935"	85000	"intercept"	0.8897322
"0.25"	"0.6"	"0.45"	"0.01"	"0.005"	"0.01"	"100000"	"10000"	"200"	"3589942331726056935"	90000	"slope"	-0.639899435
"0.25"	"0.6"	"0.45"	"0.01"	"0.005"	"0.01"	"100000"	"10000"	"200"	"3589942331726056935"	90000	"intercept"	0.889946735
"0.25"	"0.6"	"0.45"	"0.01"	"0.005"	"0.01"	"100000"	"10000"	"200"	"3589942331726056935"	95000	"slope"	-0.61282714
"0.25"	"0.6"	"0.45"	"0.01"	"0.005"	"0.01"	"100000"	"10000"	"200"	"3589942331726056935"	95000	"intercept"	0.872711515
"0.25"	"0.6"	"0.45"	"0.01"	"0.005"	"0.01"	"100000"	"10000"	"200"	"3589942331726056935"	100000	"slope"	-0.623950475
"0.25"	"0.6"	"0.45"	"0.01"	"0.005"	"0.01"	"100000"	"10000"	"200"	"3589942331726056935"	100000	"intercept"	0.88555804
"0.25"	"0.6"	"0.45"	"0.01"	"0.005"	"0.01"	"100000"	"10000"	"200"	"7142029719779097514"	10	"slope"	0.0001466499425
"0.25"	"0.6"	"0.45"	"0.01"	"0.005"	"0.01"	"100000"	"10000"	"200"	"7142029719779097514"	10	"intercept"	0.499911045
"0.25"	"0.6"	"0.45"	"0.01"	"0.005"	"0.01"	"100000"	"10000"	"200"	"7142029719779097514"	5000	"slope"	-0.088379936
"0.25"	"0.6"	"0.45"	"0.01"	"0.005"	"0.01"	"100000"	"10000"	"200"	"7142029719779097514"	5000	"intercept"	0.540509905
"0.25"	"0.6"	"0.45"	"0.01"	"0.005"	"0.01"	"100000"	"10000"	"200"	"7142029719779097514"	10000	"slope"	-0.149406415
"0.25"	"0.6"	"0.45"	"0.01"	"0.005"	"0.01"	"100000"	"10000"	"200"	"7142029719779097514"	10000	"intercept"	0.57966283
"0.25"	"0.6"	"0.45"	"0.01"	"0.005"	"0.01"	"100000"	"10000"	"200"	"7142029719779097514"	15000	"slope"	-0.195903695
"0.25"	"0.6"	"0.45"	"0.01"	"0.005"	"0.01"	"100000"	"10000"	"200"	"7142029719779097514"	15000	"intercept"	0.610273775
"0.25"	"0.6"	"0.45"	"0.01"	"0.005"	"0.01"	"100000"	"10000"	"200"	"7142029719779097514"	20000	"slope"	-0.267558035
"0.25"	"0.6"	"0.45"	"0.01"	"0.005"	"0.01"	"100000"	"10000"	"200"	"7142029719779097514"	20000	"intercept"	0.645697615
"0.25"	"0.6"	"0.45"	"0.01"	"0.005"	"0.01"	"100000"	"10000"	"200"	"7142029719779097514"	25000	"slope"	-0.31685431
"0.25"	"0.6"	"0.45"	"0.01"	"0.005"	"0.01"	"100000"	"10000"	"200"	"7142029719779097514"	25000	"intercept"	0.68325281
"0.25"	"0.6"	"0.45"	"0.01"	"0.005"	"0.01"	"100000"	"10000"	"200"	"7142029719779097514"	30000	"slope"	-0.380336905
"0.25"	"0.6"	"0.45"	"0.01"	"0.005"	"0.01"	"100000"	"10000"	"200"	"7142029719779097514"	30000	"intercept"	0.732156185
"0.25"	"0.6"	"0.45"	"0.01"	"0.005"	"0.01"	"100000"	"10000"	"200"	"7142029719779097514"	35000	"slope"	-0.41264685
"0.25"	"0.6"	"0.45"	"0.01"	"0.005"	"0.01"	"100000"	"10000"	"200"	"7142029719779097514"	35000	"intercept"	0.745138045
"0.25"	"0.6"	"0.45"	"0.01"	"0.005"	"0.01"	"100000"	"10000"	"200"	"7142029719779097514"	40000	"slope"	-0.489773975
"0.25"	"0.6"	"0.45"	"0.01"	"0.005"	"0.01"	"100000"	"10000"	"200"	"7142029719779097514"	40000	"intercept"	0.78814916
"0.25"	"0.6"	"0.45"	"0.01"	"0.005"	"0.01"	"100000"	"10000"	"200"	"7142029719779097514"	45000	"slope"	-0.51962153
"0.25"	"0.6"	"0.45"	"0.01"	"0.005"	"0.01"	"100000"	"10000"	"200"	"7142029719779097514"	45000	"intercept"	0.81797123
"0.25"	"0.6"	"0.45"	"0.01"	"0.005"	"0.01"	"100000"	"10000"	"200"	"7142029719779097514"	50000	"slope"	-0.52875027
"0.25"	"0.6"	"0.45"	"0.01"	"0.005"	"0.01"	"100000"	"10000"	"200"	"7142029719779097514"	50000	"intercept"	0.82674795
"0.25"	"0.6"	"0.45"	"0.01"	"0.005"	"0.01"	"100000"	"10000"	"200"	"7142029719779097514"	55000	"slope"	-0.586374955
"0.25"	"0.6"	"0.45"	"0.01"	"0.005"	"0.01"	"100000"	"10000"	"200"	"7142029719779097514"	55000	"intercept"	0.86779478
"0.25"	"0.6"	"0.45"	"0.01"	"0.005"	"0.01"	"100000"	"10000"	"200"	"7142029719779097514"	60000	"slope"	-0.59702883
"0.25"	"0.6"	"0.45"	"0.01"	"0.005"	"0.01"	"100000"	"10000"	"200"	"7142029719779097514"	60000	"intercept"	0.87139116
"0.25"	"0.6"	"0.45"	"0.01"	"0.005"	"0.01"	"100000"	"10000"	"200"	"7142029719779097514"	65000	"slope"	-0.627530205
"0.25"	"0.6"	"0.45"	"0.01"	"0.005"	"0.01"	"100000"	"10000"	"200"	"7142029719779097514"	65000	"intercept"	0.88284037
"0.25"	"0.6"	"0.45"	"0.01"	"0.005"	"0.01"	"100000"	"10000"	"200"	"7142029719779097514"	70000	"slope"	-0.63306637
"0.25"	"0.6"	"0.45"	"0.01"	"0.005"	"0.01"	"100000"	"10000"	"200"	"7142029719779097514"	70000	"intercept"	0.89198518
"0.25"	"0.6"	"0.45"	"0.01"	"0.005"	"0.01"	"100000"	"10000"	"200"	"7142029719779097514"	75000	"slope"	-0.66105852
"0.25"	"0.6"	"0.45"	"0.01"	"0.005"	"0.01"	"100000"	"10000"	"200"	"7142029719779097514"	75000	"intercept"	0.91026574
"0.25"	"0.6"	"0.45"	"0.01"	"0.005"	"0.01"	"100000"	"10000"	"200"	"7142029719779097514"	80000	"slope"	-0.71008109
"0.25"	"0.6"	"0.45"	"0.01"	"0.005"	"0.01"	"100000"	"10000"	"200"	"7142029719779097514"	80000	"intercept"	0.934773595
"0.25"	"0.6"	"0.45"	"0.01"	"0.005"	"0.01"	"100000"	"10000"	"200"	"7142029719779097514"	85000	"slope"	-0.670087125
"0.25"	"0.6"	"0.45"	"0.01"	"0.005"	"0.01"	"100000"	"10000"	"200"	"7142029719779097514"	85000	"intercept"	0.913509105
"0.25"	"0.6"	"0.45"	"0.01"	"0.005"	"0.01"	"100000"	"10000"	"200"	"7142029719779097514"	90000	"slope"	-0.646443725
"0.25"	"0.6"	"0.45"	"0.01"	"0.005"	"0.01"	"100000"	"10000"	"200"	"7142029719779097514"	90000	"intercept"	0.89595252
"0.25"	"0.6"	"0.45"	"0.01"	"0.005"	"0.01"	"100000"	"10000"	"200"	"7142029719779097514"	95000	"slope"	-0.59856149
"0.25"	"0.6"	"0.45"	"0.01"	"0.005"	"0.01"	"100000"	"10000"	"200"	"7142029719779097514"	95000	"intercept"	0.870620915
"0.25"	"0.6"	"0.45"	"0.01"	"0.005"	"0.01"	"100000"	"10000"	"200"	"7142029719779097514"	100000	"slope"	-0.61379791
"0.25"	"0.6"	"0.45"	"0.01"	"0.005"	"0.01"	"100000"	"10000"	"200"	"7142029719779097514"	100000	"intercept"	0.87510517
"0.25"	"0.6"	"0.45"	"0.01"	"0.005"	"0.01"	"100000"	"10000"	"200"	"8156166490919150264"	10	"slope"	-1.149925e-06
"0.25"	"0.6"	"0.45"	"0.01"	"0.005"	"0.01"	"100000"	"10000"	"200"	"8156166490919150264"	10	"intercept"	0.50000218
"0.25"	"0.6"	"0.45"	"0.01"	"0.005"	"0.01"	"100000"	"10000"	"200"	"8156166490919150264"	5000	"slope"	-0.0909301375
"0.25"	"0.6"	"0.45"	"0.01"	"0.005"	"0.01"	"100000"	"10000"	"200"	"8156166490919150264"	5000	"intercept"	0.53249523
"0.25"	"0.6"	"0.45"	"0.01"	"0.005"	"0.01"	"100000"	"10000"	"200"	"8156166490919150264"	10000	"slope"	-0.1941371235
"0.25"	"0.6"	"0.45"	"0.01"	"0.005"	"0.01"	"100000"	"10000"	"200"	"8156166490919150264"	10000	"intercept"	0.60569157
"0.25"	"0.6"	"0.45"	"0.01"	"0.005"	"0.01"	"100000"	"10000"	"200"	"8156166490919150264"	15000	"slope"	-0.26132709
"0.25"	"0.6"	"0.45"	"0.01"	"0.005"	"0.01"	"100000"	"10000"	"200"	"8156166490919150264"	15000	"intercept"	0.649006225
"0.25"	"0.6"	"0.45"	"0.01"	"0.005"	"0.01"	"100000"	"10000"	"200"	"8156166490919150264"	20000	"slope"	-0.34661355
"0.25"	"0.6"	"0.45"	"0.01"	"0.005"	"0.01"	"100000"	"10000"	"200"	"8156166490919150264"	20000	"intercept"	0.698825255
"0.25"	"0.6"	"0.45"	"0.01"	"0.005"	"0.01"	"100000"	"10000"	"200"	"8156166490919150264"	25000	"slope"	-0.369073375
"0.25"	"0.6"	"0.45"	"0.01"	"0.005"	"0.01"	"100000"	"10000"	"200"	"8156166490919150264"	25000	"intercept"	0.72452403
"0.25"	"0.6"	"0.45"	"0.01"	"0.005"	"0.01"	"100000"	"10000"	"200"	"8156166490919150264"	30000	"slope"	-0.4765399
"0.25"	"0.6"	"0.45"	"0.01"	"0.005"	"0.01"	"100000"	"10000"	"200"	"8156166490919150264"	30000	"intercept"	0.78456592
"0.25"	"0.6"	"0.45"	"0.01"	"0.005"	"0.01"	"100000"	"10000"	"200"	"8156166490919150264"	35000	"slope"	-0.507110725
"0.25"	"0.6"	"0.45"	"0.01"	"0.005"	"0.01"	"100000"	"10000"	"200"	"8156166490919150264"	35000	"intercept"	0.80995744
"0.25"	"0.6"	"0.45"	"0.01"	"0.005"	"0.01"	"100000"	"10000"	"200"	"8156166490919150264"	40000	"slope"	-0.53919029
"0.25"	"0.6"	"0.45"	"0.01"	"0.005"	"0.01"	"100000"	"10000"	"200"	"8156166490919150264"	40000	"intercept"	0.82298567
"0.25"	"0.6"	"0.45"	"0.01"	"0.005"	"0.01"	"100000"	"10000"	"200"	"8156166490919150264"	45000	"slope"	-0.613741095
"0.25"	"0.6"	"0.45"	"0.01"	"0.005"	"0.01"	"100000"	"10000"	"200"	"8156166490919150264"	45000	"intercept"	0.87624202
"0.25"	"0.6"	"0.45"	"0.01"	"0.005"	"0.01"	"100000"	"10000"	"200"	"8156166490919150264"	50000	"slope"	-0.63393024
"0.25"	"0.6"	"0.45"	"0.01"	"0.005"	"0.01"	"100000"	"10000"	"200"	"8156166490919150264"	50000	"intercept"	0.89841001
"0.25"	"0.6"	"0.45"	"0.01"	"0.005"	"0.01"	"100000"	"10000"	"200"	"8156166490919150264"	55000	"slope"	-0.65557992
"0.25"	"0.6"	"0.45"	"0.01"	"0.005"	"0.01"	"100000"	"10000"	"200"	"8156166490919150264"	55000	"intercept"	0.90463151
"0.25"	"0.6"	"0.45"	"0.01"	"0.005"	"0.01"	"100000"	"10000"	"200"	"8156166490919150264"	60000	"slope"	-0.67448835
"0.25"	"0.6"	"0.45"	"0.01"	"0.005"	"0.01"	"100000"	"10000"	"200"	"8156166490919150264"	60000	"intercept"	0.9183228
"0.25"	"0.6"	"0.45"	"0.01"	"0.005"	"0.01"	"100000"	"10000"	"200"	"8156166490919150264"	65000	"slope"	-0.666040715
"0.25"	"0.6"	"0.45"	"0.01"	"0.005"	"0.01"	"100000"	"10000"	"200"	"8156166490919150264"	65000	"intercept"	0.9230287
"0.25"	"0.6"	"0.45"	"0.01"	"0.005"	"0.01"	"100000"	"10000"	"200"	"8156166490919150264"	70000	"slope"	-0.629126265
"0.25"	"0.6"	"0.45"	"0.01"	"0.005"	"0.01"	"100000"	"10000"	"200"	"8156166490919150264"	70000	"intercept"	0.895005385
"0.25"	"0.6"	"0.45"	"0.01"	"0.005"	"0.01"	"100000"	"10000"	"200"	"8156166490919150264"	75000	"slope"	-0.650671025
"0.25"	"0.6"	"0.45"	"0.01"	"0.005"	"0.01"	"100000"	"10000"	"200"	"8156166490919150264"	75000	"intercept"	0.907456405
"0.25"	"0.6"	"0.45"	"0.01"	"0.005"	"0.01"	"100000"	"10000"	"200"	"8156166490919150264"	80000	"slope"	-0.655475575
"0.25"	"0.6"	"0.45"	"0.01"	"0.005"	"0.01"	"100000"	"10000"	"200"	"8156166490919150264"	80000	"intercept"	0.92178841
"0.25"	"0.6"	"0.45"	"0.01"	"0.005"	"0.01"	"100000"	"10000"	"200"	"8156166490919150264"	85000	"slope"	-0.746978115
"0.25"	"0.6"	"0.45"	"0.01"	"0.005"	"0.01"	"100000"	"10000"	"200"	"8156166490919150264"	85000	"intercept"	0.96157715
"0.25"	"0.6"	"0.45"	"0.01"	"0.005"	"0.01"	"100000"	"10000"	"200"	"8156166490919150264"	90000	"slope"	-0.735545405
"0.25"	"0.6"	"0.45"	"0.01"	"0.005"	"0.01"	"100000"	"10000"	"200"	"8156166490919150264"	90000	"intercept"	0.95820792
"0.25"	"0.6"	"0.45"	"0.01"	"0.005"	"0.01"	"100000"	"10000"	"200"	"8156166490919150264"	95000	"slope"	-0.701565795
"0.25"	"0.6"	"0.45"	"0.01"	"0.005"	"0.01"	"100000"	"10000"	"200"	"8156166490919150264"	95000	"intercept"	0.92739908
"0.25"	"0.6"	"0.45"	"0.01"	"0.005"	"0.01"	"100000"	"10000"	"200"	"8156166490919150264"	100000	"slope"	-0.742138365
"0.25"	"0.6"	"0.45"	"0.01"	"0.005"	"0.01"	"100000"	"10000"	"200"	"8156166490919150264"	100000	"intercept"	0.955063235
"0.25"	"0.8"	"0.45"	"0.01"	"0.005"	"0.01"	"100000"	"10000"	"200"	"1130225150522322073"	10	"slope"	5.355286e-05
"0.25"	"0.8"	"0.45"	"0.01"	"0.005"	"0.01"	"100000"	"10000"	"200"	"1130225150522322073"	10	"intercept"	0.500105055
"0.25"	"0.8"	"0.45"	"0.01"	"0.005"	"0.01"	"100000"	"10000"	"200"	"1130225150522322073"	5000	"slope"	-0.061168900395
"0.25"	"0.8"	"0.45"	"0.01"	"0.005"	"0.01"	"100000"	"10000"	"200"	"1130225150522322073"	5000	"intercept"	0.5115236
"0.25"	"0.8"	"0.45"	"0.01"	"0.005"	"0.01"	"100000"	"10000"	"200"	"1130225150522322073"	10000	"slope"	-0.1334105705
"0.25"	"0.8"	"0.45"	"0.01"	"0.005"	"0.01"	"100000"	"10000"	"200"	"1130225150522322073"	10000	"intercept"	0.563280455
"0.25"	"0.8"	"0.45"	"0.01"	"0.005"	"0.01"	"100000"	"10000"	"200"	"1130225150522322073"	15000	"slope"	-0.2257108
"0.25"	"0.8"	"0.45"	"0.01"	"0.005"	"0.01"	"100000"	"10000"	"200"	"1130225150522322073"	15000	"intercept"	0.61265231
"0.25"	"0.8"	"0.45"	"0.01"	"0.005"	"0.01"	"100000"	"10000"	"200"	"1130225150522322073"	20000	"slope"	-0.33285812
"0.25"	"0.8"	"0.45"	"0.01"	"0.005"	"0.01"	"100000"	"10000"	"200"	"1130225150522322073"	20000	"intercept"	0.68220745
"0.25"	"0.8"	"0.45"	"0.01"	"0.005"	"0.01"	"100000"	"10000"	"200"	"1130225150522322073"	25000	"slope"	-0.43190185
"0.25"	"0.8"	"0.45"	"0.01"	"0.005"	"0.01"	"100000"	"10000"	"200"	"1130225150522322073"	25000	"intercept"	0.74894636
"0.25"	"0.8"	"0.45"	"0.01"	"0.005"	"0.01"	"100000"	"10000"	"200"	"1130225150522322073"	30000	"slope"	-0.480556825
"0.25"	"0.8"	"0.45"	"0.01"	"0.005"	"0.01"	"100000"	"10000"	"200"	"1130225150522322073"	30000	"intercept"	0.778489665
"0.25"	"0.8"	"0.45"	"0.01"	"0.005"	"0.01"	"100000"	"10000"	"200"	"1130225150522322073"	35000	"slope"	-0.55961939
"0.25"	"0.8"	"0.45"	"0.01"	"0.005"	"0.01"	"100000"	"10000"	"200"	"1130225150522322073"	35000	"intercept"	0.832078735
"0.25"	"0.8"	"0.45"	"0.01"	"0.005"	"0.01"	"100000"	"10000"	"200"	"1130225150522322073"	40000	"slope"	-0.64846
"0.25"	"0.8"	"0.45"	"0.01"	"0.005"	"0.01"	"100000"	"10000"	"200"	"1130225150522322073"	40000	"intercept"	0.89655904
"0.25"	"0.8"	"0.45"	"0.01"	"0.005"	"0.01"	"100000"	"10000"	"200"	"1130225150522322073"	45000	"slope"	-0.697378945
"0.25"	"0.8"	"0.45"	"0.01"	"0.005"	"0.01"	"100000"	"10000"	"200"	"1130225150522322073"	45000	"intercept"	0.919253485
"0.25"	"0.8"	"0.45"	"0.01"	"0.005"	"0.01"	"100000"	"10000"	"200"	"1130225150522322073"	50000	"slope"	-0.716767445
"0.25"	"0.8"	"0.45"	"0.01"	"0.005"	"0.01"	"100000"	"10000"	"200"	"1130225150522322073"	50000	"intercept"	0.936808475
"0.25"	"0.8"	"0.45"	"0.01"	"0.005"	"0.01"	"100000"	"10000"	"200"	"1130225150522322073"	55000	"slope"	-0.792713445
"0.25"	"0.8"	"0.45"	"0.01"	"0.005"	"0.01"	"100000"	"10000"	"200"	"1130225150522322073"	55000	"intercept"	0.98399771
"0.25"	"0.8"	"0.45"	"0.01"	"0.005"	"0.01"	"100000"	"10000"	"200"	"1130225150522322073"	60000	"slope"	-0.841257365
"0.25"	"0.8"	"0.45"	"0.01"	"0.005"	"0.01"	"100000"	"10000"	"200"	"1130225150522322073"	60000	"intercept"	1.025226005
"0.25"	"0.8"	"0.45"	"0.01"	"0.005"	"0.01"	"100000"	"10000"	"200"	"1130225150522322073"	65000	"slope"	-0.831487495
"0.25"	"0.8"	"0.45"	"0.01"	"0.005"	"0.01"	"100000"	"10000"	"200"	"1130225150522322073"	65000	"intercept"	1.013940785
"0.25"	"0.8"	"0.45"	"0.01"	"0.005"	"0.01"	"100000"	"10000"	"200"	"1130225150522322073"	70000	"slope"	-0.86735318
"0.25"	"0.8"	"0.45"	"0.01"	"0.005"	"0.01"	"100000"	"10000"	"200"	"1130225150522322073"	70000	"intercept"	1.030979015
"0.25"	"0.8"	"0.45"	"0.01"	"0.005"	"0.01"	"100000"	"10000"	"200"	"1130225150522322073"	75000	"slope"	-0.87882883
"0.25"	"0.8"	"0.45"	"0.01"	"0.005"	"0.01"	"100000"	"10000"	"200"	"1130225150522322073"	75000	"intercept"	1.040925775
"0.25"	"0.8"	"0.45"	"0.01"	"0.005"	"0.01"	"100000"	"10000"	"200"	"1130225150522322073"	80000	"slope"	-0.84737733
"0.25"	"0.8"	"0.45"	"0.01"	"0.005"	"0.01"	"100000"	"10000"	"200"	"1130225150522322073"	80000	"intercept"	1.035255625
"0.25"	"0.8"	"0.45"	"0.01"	"0.005"	"0.01"	"100000"	"10000"	"200"	"1130225150522322073"	85000	"slope"	-0.866557585
"0.25"	"0.8"	"0.45"	"0.01"	"0.005"	"0.01"	"100000"	"10000"	"200"	"1130225150522322073"	85000	"intercept"	1.031249435
"0.25"	"0.8"	"0.45"	"0.01"	"0.005"	"0.01"	"100000"	"10000"	"200"	"1130225150522322073"	90000	"slope"	-0.897357875
"0.25"	"0.8"	"0.45"	"0.01"	"0.005"	"0.01"	"100000"	"10000"	"200"	"1130225150522322073"	90000	"intercept"	1.04813027
"0.25"	"0.8"	"0.45"	"0.01"	"0.005"	"0.01"	"100000"	"10000"	"200"	"1130225150522322073"	95000	"slope"	-0.923799585
"0.25"	"0.8"	"0.45"	"0.01"	"0.005"	"0.01"	"100000"	"10000"	"200"	"1130225150522322073"	95000	"intercept"	1.06953405
"0.25"	"0.8"	"0.45"	"0.01"	"0.005"	"0.01"	"100000"	"10000"	"200"	"1130225150522322073"	100000	"slope"	-0.889827305
"0.25"	"0.8"	"0.45"	"0.01"	"0.005"	"0.01"	"100000"	"10000"	"200"	"1130225150522322073"	100000	"intercept"	1.05329394
"0.25"	"0.8"	"0.45"	"0.01"	"0.005"	"0.01"	"100000"	"10000"	"200"	"3903040005873494863"	10	"slope"	0.000141499325
"0.25"	"0.8"	"0.45"	"0.01"	"0.005"	"0.01"	"100000"	"10000"	"200"	"3903040005873494863"	10	"intercept"	0.500020375
"0.25"	"0.8"	"0.45"	"0.01"	"0.005"	"0.01"	"100000"	"10000"	"200"	"3903040005873494863"	5000	"slope"	-0.0632907447
"0.25"	"0.8"	"0.45"	"0.01"	"0.005"	"0.01"	"100000"	"10000"	"200"	"3903040005873494863"	5000	"intercept"	0.511006665
"0.25"	"0.8"	"0.45"	"0.01"	"0.005"	"0.01"	"100000"	"10000"	"200"	"3903040005873494863"	10000	"slope"	-0.1858807075
"0.25"	"0.8"	"0.45"	"0.01"	"0.005"	"0.01"	"100000"	"10000"	"200"	"3903040005873494863"	10000	"intercept"	0.593921775
"0.25"	"0.8"	"0.45"	"0.01"	"0.005"	"0.01"	"100000"	"10000"	"200"	"3903040005873494863"	15000	"slope"	-0.31668379
"0.25"	"0.8"	"0.45"	"0.01"	"0.005"	"0.01"	"100000"	"10000"	"200"	"3903040005873494863"	15000	"intercept"	0.676697795
"0.25"	"0.8"	"0.45"	"0.01"	"0.005"	"0.01"	"100000"	"10000"	"200"	"3903040005873494863"	20000	"slope"	-0.42523917
"0.25"	"0.8"	"0.45"	"0.01"	"0.005"	"0.01"	"100000"	"10000"	"200"	"3903040005873494863"	20000	"intercept"	0.74910509
"0.25"	"0.8"	"0.45"	"0.01"	"0.005"	"0.01"	"100000"	"10000"	"200"	"3903040005873494863"	25000	"slope"	-0.51550693
"0.25"	"0.8"	"0.45"	"0.01"	"0.005"	"0.01"	"100000"	"10000"	"200"	"3903040005873494863"	25000	"intercept"	0.80025887
"0.25"	"0.8"	"0.45"	"0.01"	"0.005"	"0.01"	"100000"	"10000"	"200"	"3903040005873494863"	30000	"slope"	-0.55351255
"0.25"	"0.8"	"0.45"	"0.01"	"0.005"	"0.01"	"100000"	"10000"	"200"	"3903040005873494863"	30000	"intercept"	0.824137165
"0.25"	"0.8"	"0.45"	"0.01"	"0.005"	"0.01"	"100000"	"10000"	"200"	"3903040005873494863"	35000	"slope"	-0.622977275
"0.25"	"0.8"	"0.45"	"0.01"	"0.005"	"0.01"	"100000"	"10000"	"200"	"3903040005873494863"	35000	"intercept"	0.87250094
"0.25"	"0.8"	"0.45"	"0.01"	"0.005"	"0.01"	"100000"	"10000"	"200"	"3903040005873494863"	40000	"slope"	-0.685919225
"0.25"	"0.8"	"0.45"	"0.01"	"0.005"	"0.01"	"100000"	"10000"	"200"	"3903040005873494863"	40000	"intercept"	0.909567635
"0.25"	"0.8"	"0.45"	"0.01"	"0.005"	"0.01"	"100000"	"10000"	"200"	"3903040005873494863"	45000	"slope"	-0.789534665
"0.25"	"0.8"	"0.45"	"0.01"	"0.005"	"0.01"	"100000"	"10000"	"200"	"3903040005873494863"	45000	"intercept"	0.984720645
"0.25"	"0.8"	"0.45"	"0.01"	"0.005"	"0.01"	"100000"	"10000"	"200"	"3903040005873494863"	50000	"slope"	-0.837924355
"0.25"	"0.8"	"0.45"	"0.01"	"0.005"	"0.01"	"100000"	"10000"	"200"	"3903040005873494863"	50000	"intercept"	1.02403665
"0.25"	"0.8"	"0.45"	"0.01"	"0.005"	"0.01"	"100000"	"10000"	"200"	"3903040005873494863"	55000	"slope"	-0.870427045
"0.25"	"0.8"	"0.45"	"0.01"	"0.005"	"0.01"	"100000"	"10000"	"200"	"3903040005873494863"	55000	"intercept"	1.038101585
"0.25"	"0.8"	"0.45"	"0.01"	"0.005"	"0.01"	"100000"	"10000"	"200"	"3903040005873494863"	60000	"slope"	-0.880028915
"0.25"	"0.8"	"0.45"	"0.01"	"0.005"	"0.01"	"100000"	"10000"	"200"	"3903040005873494863"	60000	"intercept"	1.047614835
"0.25"	"0.8"	"0.45"	"0.01"	"0.005"	"0.01"	"100000"	"10000"	"200"	"3903040005873494863"	65000	"slope"	-0.86478836
"0.25"	"0.8"	"0.45"	"0.01"	"0.005"	"0.01"	"100000"	"10000"	"200"	"3903040005873494863"	65000	"intercept"	1.042600305
"0.25"	"0.8"	"0.45"	"0.01"	"0.005"	"0.01"	"100000"	"10000"	"200"	"3903040005873494863"	70000	"slope"	-0.86663003
"0.25"	"0.8"	"0.45"	"0.01"	"0.005"	"0.01"	"100000"	"10000"	"200"	"3903040005873494863"	70000	"intercept"	1.04036174
"0.25"	"0.8"	"0.45"	"0.01"	"0.005"	"0.01"	"100000"	"10000"	"200"	"3903040005873494863"	75000	"slope"	-0.86928826
"0.25"	"0.8"	"0.45"	"0.01"	"0.005"	"0.01"	"100000"	"10000"	"200"	"3903040005873494863"	75000	"intercept"	1.033824135
"0.25"	"0.8"	"0.45"	"0.01"	"0.005"	"0.01"	"100000"	"10000"	"200"	"3903040005873494863"	80000	"slope"	-0.87023017
"0.25"	"0.8"	"0.45"	"0.01"	"0.005"	"0.01"	"100000"	"10000"	"200"	"3903040005873494863"	80000	"intercept"	1.04581432
"0.25"	"0.8"	"0.45"	"0.01"	"0.005"	"0.01"	"100000"	"10000"	"200"	"3903040005873494863"	85000	"slope"	-0.883994935
"0.25"	"0.8"	"0.45"	"0.01"	"0.005"	"0.01"	"100000"	"10000"	"200"	"3903040005873494863"	85000	"intercept"	1.04498566
"0.25"	"0.8"	"0.45"	"0.01"	"0.005"	"0.01"	"100000"	"10000"	"200"	"3903040005873494863"	90000	"slope"	-0.89277174
"0.25"	"0.8"	"0.45"	"0.01"	"0.005"	"0.01"	"100000"	"10000"	"200"	"3903040005873494863"	90000	"intercept"	1.058423105
"0.25"	"0.8"	"0.45"	"0.01"	"0.005"	"0.01"	"100000"	"10000"	"200"	"3903040005873494863"	95000	"slope"	-0.836491175
"0.25"	"0.8"	"0.45"	"0.01"	"0.005"	"0.01"	"100000"	"10000"	"200"	"3903040005873494863"	95000	"intercept"	1.009833535
"0.25"	"0.8"	"0.45"	"0.01"	"0.005"	"0.01"	"100000"	"10000"	"200"	"3903040005873494863"	100000	"slope"	-0.829647055
"0.25"	"0.8"	"0.45"	"0.01"	"0.005"	"0.01"	"100000"	"10000"	"200"	"3903040005873494863"	100000	"intercept"	0.99967064
"0.25"	"0.8"	"0.45"	"0.01"	"0.005"	"0.01"	"100000"	"10000"	"200"	"972003375033114320"	10	"slope"	-9.802883e-05
"0.25"	"0.8"	"0.45"	"0.01"	"0.005"	"0.01"	"100000"	"10000"	"200"	"972003375033114320"	10	"intercept"	0.499983535
"0.25"	"0.8"	"0.45"	"0.01"	"0.005"	"0.01"	"100000"	"10000"	"200"	"972003375033114320"	5000	"slope"	-0.0761332037
"0.25"	"0.8"	"0.45"	"0.01"	"0.005"	"0.01"	"100000"	"10000"	"200"	"972003375033114320"	5000	"intercept"	0.521011135
"0.25"	"0.8"	"0.45"	"0.01"	"0.005"	"0.01"	"100000"	"10000"	"200"	"972003375033114320"	10000	"slope"	-0.193598375
"0.25"	"0.8"	"0.45"	"0.01"	"0.005"	"0.01"	"100000"	"10000"	"200"	"972003375033114320"	10000	"intercept"	0.59638568
"0.25"	"0.8"	"0.45"	"0.01"	"0.005"	"0.01"	"100000"	"10000"	"200"	"972003375033114320"	15000	"slope"	-0.287493005
"0.25"	"0.8"	"0.45"	"0.01"	"0.005"	"0.01"	"100000"	"10000"	"200"	"972003375033114320"	15000	"intercept"	0.64616199
"0.25"	"0.8"	"0.45"	"0.01"	"0.005"	"0.01"	"100000"	"10000"	"200"	"972003375033114320"	20000	"slope"	-0.409081645
"0.25"	"0.8"	"0.45"	"0.01"	"0.005"	"0.01"	"100000"	"10000"	"200"	"972003375033114320"	20000	"intercept"	0.73434709
"0.25"	"0.8"	"0.45"	"0.01"	"0.005"	"0.01"	"100000"	"10000"	"200"	"972003375033114320"	25000	"slope"	-0.508873165
"0.25"	"0.8"	"0.45"	"0.01"	"0.005"	"0.01"	"100000"	"10000"	"200"	"972003375033114320"	25000	"intercept"	0.80241316
"0.25"	"0.8"	"0.45"	"0.01"	"0.005"	"0.01"	"100000"	"10000"	"200"	"972003375033114320"	30000	"slope"	-0.563468045
"0.25"	"0.8"	"0.45"	"0.01"	"0.005"	"0.01"	"100000"	"10000"	"200"	"972003375033114320"	30000	"intercept"	0.835118535
"0.25"	"0.8"	"0.45"	"0.01"	"0.005"	"0.01"	"100000"	"10000"	"200"	"972003375033114320"	35000	"slope"	-0.592344905
"0.25"	"0.8"	"0.45"	"0.01"	"0.005"	"0.01"	"100000"	"10000"	"200"	"972003375033114320"	35000	"intercept"	0.8517163
"0.25"	"0.8"	"0.45"	"0.01"	"0.005"	"0.01"	"100000"	"10000"	"200"	"972003375033114320"	40000	"slope"	-0.67560094
"0.25"	"0.8"	"0.45"	"0.01"	"0.005"	"0.01"	"100000"	"10000"	"200"	"972003375033114320"	40000	"intercept"	0.90553505
"0.25"	"0.8"	"0.45"	"0.01"	"0.005"	"0.01"	"100000"	"10000"	"200"	"972003375033114320"	45000	"slope"	-0.74197329
"0.25"	"0.8"	"0.45"	"0.01"	"0.005"	"0.01"	"100000"	"10000"	"200"	"972003375033114320"	45000	"intercept"	0.953534975
"0.25"	"0.8"	"0.45"	"0.01"	"0.005"	"0.01"	"100000"	"10000"	"200"	"972003375033114320"	50000	"slope"	-0.784094005
"0.25"	"0.8"	"0.45"	"0.01"	"0.005"	"0.01"	"100000"	"10000"	"200"	"972003375033114320"	50000	"intercept"	0.974243665
"0.25"	"0.8"	"0.45"	"0.01"	"0.005"	"0.01"	"100000"	"10000"	"200"	"972003375033114320"	55000	"slope"	-0.793904545
"0.25"	"0.8"	"0.45"	"0.01"	"0.005"	"0.01"	"100000"	"10000"	"200"	"972003375033114320"	55000	"intercept"	0.988552345
"0.25"	"0.8"	"0.45"	"0.01"	"0.005"	"0.01"	"100000"	"10000"	"200"	"972003375033114320"	60000	"slope"	-0.873863965
"0.25"	"0.8"	"0.45"	"0.01"	"0.005"	"0.01"	"100000"	"10000"	"200"	"972003375033114320"	60000	"intercept"	1.03872423
"0.25"	"0.8"	"0.45"	"0.01"	"0.005"	"0.01"	"100000"	"10000"	"200"	"972003375033114320"	65000	"slope"	-0.8715593
"0.25"	"0.8"	"0.45"	"0.01"	"0.005"	"0.01"	"100000"	"10000"	"200"	"972003375033114320"	65000	"intercept"	1.03575123
"0.25"	"0.8"	"0.45"	"0.01"	"0.005"	"0.01"	"100000"	"10000"	"200"	"972003375033114320"	70000	"slope"	-0.88594365
"0.25"	"0.8"	"0.45"	"0.01"	"0.005"	"0.01"	"100000"	"10000"	"200"	"972003375033114320"	70000	"intercept"	1.046287225
"0.25"	"0.8"	"0.45"	"0.01"	"0.005"	"0.01"	"100000"	"10000"	"200"	"972003375033114320"	75000	"slope"	-0.893420965
"0.25"	"0.8"	"0.45"	"0.01"	"0.005"	"0.01"	"100000"	"10000"	"200"	"972003375033114320"	75000	"intercept"	1.055359455
"0.25"	"0.8"	"0.45"	"0.01"	"0.005"	"0.01"	"100000"	"10000"	"200"	"972003375033114320"	80000	"slope"	-0.838999005
"0.25"	"0.8"	"0.45"	"0.01"	"0.005"	"0.01"	"100000"	"10000"	"200"	"972003375033114320"	80000	"intercept"	1.012945815
"0.25"	"0.8"	"0.45"	"0.01"	"0.005"	"0.01"	"100000"	"10000"	"200"	"972003375033114320"	85000	"slope"	-0.861328155
"0.25"	"0.8"	"0.45"	"0.01"	"0.005"	"0.01"	"100000"	"10000"	"200"	"972003375033114320"	85000	"intercept"	1.025884605
"0.25"	"0.8"	"0.45"	"0.01"	"0.005"	"0.01"	"100000"	"10000"	"200"	"972003375033114320"	90000	"slope"	-0.867388815
"0.25"	"0.8"	"0.45"	"0.01"	"0.005"	"0.01"	"100000"	"10000"	"200"	"972003375033114320"	90000	"intercept"	1.033044185
"0.25"	"0.8"	"0.45"	"0.01"	"0.005"	"0.01"	"100000"	"10000"	"200"	"972003375033114320"	95000	"slope"	-0.864319875
"0.25"	"0.8"	"0.45"	"0.01"	"0.005"	"0.01"	"100000"	"10000"	"200"	"972003375033114320"	95000	"intercept"	1.033876345
"0.25"	"0.8"	"0.45"	"0.01"	"0.005"	"0.01"	"100000"	"10000"	"200"	"972003375033114320"	100000	"slope"	-0.857255875
"0.25"	"0.8"	"0.45"	"0.01"	"0.005"	"0.01"	"100000"	"10000"	"200"	"972003375033114320"	100000	"intercept"	1.035446865
"0.35"	"0.0"	"0.45"	"0.01"	"0.005"	"0.01"	"100000"	"10000"	"200"	"1526119998371968592"	10	"slope"	-5.22999999999995e-08
"0.35"	"0.0"	"0.45"	"0.01"	"0.005"	"0.01"	"100000"	"10000"	"200"	"1526119998371968592"	10	"intercept"	0.50006906
"0.35"	"0.0"	"0.45"	"0.01"	"0.005"	"0.01"	"100000"	"10000"	"200"	"1526119998371968592"	5000	"slope"	-0.028176779465
"0.35"	"0.0"	"0.45"	"0.01"	"0.005"	"0.01"	"100000"	"10000"	"200"	"1526119998371968592"	5000	"intercept"	0.55844482
"0.35"	"0.0"	"0.45"	"0.01"	"0.005"	"0.01"	"100000"	"10000"	"200"	"1526119998371968592"	10000	"slope"	-0.04856143635
"0.35"	"0.0"	"0.45"	"0.01"	"0.005"	"0.01"	"100000"	"10000"	"200"	"1526119998371968592"	10000	"intercept"	0.585788365
"0.35"	"0.0"	"0.45"	"0.01"	"0.005"	"0.01"	"100000"	"10000"	"200"	"1526119998371968592"	15000	"slope"	-0.0793448839
"0.35"	"0.0"	"0.45"	"0.01"	"0.005"	"0.01"	"100000"	"10000"	"200"	"1526119998371968592"	15000	"intercept"	0.59254172
"0.35"	"0.0"	"0.45"	"0.01"	"0.005"	"0.01"	"100000"	"10000"	"200"	"1526119998371968592"	20000	"slope"	-0.140995465
"0.35"	"0.0"	"0.45"	"0.01"	"0.005"	"0.01"	"100000"	"10000"	"200"	"1526119998371968592"	20000	"intercept"	0.63331321
"0.35"	"0.0"	"0.45"	"0.01"	"0.005"	"0.01"	"100000"	"10000"	"200"	"1526119998371968592"	25000	"slope"	-0.1412164645
"0.35"	"0.0"	"0.45"	"0.01"	"0.005"	"0.01"	"100000"	"10000"	"200"	"1526119998371968592"	25000	"intercept"	0.635832185
"0.35"	"0.0"	"0.45"	"0.01"	"0.005"	"0.01"	"100000"	"10000"	"200"	"1526119998371968592"	30000	"slope"	-0.14068469
"0.35"	"0.0"	"0.45"	"0.01"	"0.005"	"0.01"	"100000"	"10000"	"200"	"1526119998371968592"	30000	"intercept"	0.63150791
"0.35"	"0.0"	"0.45"	"0.01"	"0.005"	"0.01"	"100000"	"10000"	"200"	"1526119998371968592"	35000	"slope"	-0.1575729325
"0.35"	"0.0"	"0.45"	"0.01"	"0.005"	"0.01"	"100000"	"10000"	"200"	"1526119998371968592"	35000	"intercept"	0.63951654
"0.35"	"0.0"	"0.45"	"0.01"	"0.005"	"0.01"	"100000"	"10000"	"200"	"1526119998371968592"	40000	"slope"	-0.1852738605
"0.35"	"0.0"	"0.45"	"0.01"	"0.005"	"0.01"	"100000"	"10000"	"200"	"1526119998371968592"	40000	"intercept"	0.66939473
"0.35"	"0.0"	"0.45"	"0.01"	"0.005"	"0.01"	"100000"	"10000"	"200"	"1526119998371968592"	45000	"slope"	-0.206160005
"0.35"	"0.0"	"0.45"	"0.01"	"0.005"	"0.01"	"100000"	"10000"	"200"	"1526119998371968592"	45000	"intercept"	0.674061575
"0.35"	"0.0"	"0.45"	"0.01"	"0.005"	"0.01"	"100000"	"10000"	"200"	"1526119998371968592"	50000	"slope"	-0.236236438
"0.35"	"0.0"	"0.45"	"0.01"	"0.005"	"0.01"	"100000"	"10000"	"200"	"1526119998371968592"	50000	"intercept"	0.68981275
"0.35"	"0.0"	"0.45"	"0.01"	"0.005"	"0.01"	"100000"	"10000"	"200"	"1526119998371968592"	55000	"slope"	-0.2316619925
"0.35"	"0.0"	"0.45"	"0.01"	"0.005"	"0.01"	"100000"	"10000"	"200"	"1526119998371968592"	55000	"intercept"	0.68817848
"0.35"	"0.0"	"0.45"	"0.01"	"0.005"	"0.01"	"100000"	"10000"	"200"	"1526119998371968592"	60000	"slope"	-0.2187693955
"0.35"	"0.0"	"0.45"	"0.01"	"0.005"	"0.01"	"100000"	"10000"	"200"	"1526119998371968592"	60000	"intercept"	0.688352145
"0.35"	"0.0"	"0.45"	"0.01"	"0.005"	"0.01"	"100000"	"10000"	"200"	"1526119998371968592"	65000	"slope"	-0.22336651
"0.35"	"0.0"	"0.45"	"0.01"	"0.005"	"0.01"	"100000"	"10000"	"200"	"1526119998371968592"	65000	"intercept"	0.68407757
"0.35"	"0.0"	"0.45"	"0.01"	"0.005"	"0.01"	"100000"	"10000"	"200"	"1526119998371968592"	70000	"slope"	-0.195345925
"0.35"	"0.0"	"0.45"	"0.01"	"0.005"	"0.01"	"100000"	"10000"	"200"	"1526119998371968592"	70000	"intercept"	0.668727095
"0.35"	"0.0"	"0.45"	"0.01"	"0.005"	"0.01"	"100000"	"10000"	"200"	"1526119998371968592"	75000	"slope"	-0.187292245
"0.35"	"0.0"	"0.45"	"0.01"	"0.005"	"0.01"	"100000"	"10000"	"200"	"1526119998371968592"	75000	"intercept"	0.667936065
"0.35"	"0.0"	"0.45"	"0.01"	"0.005"	"0.01"	"100000"	"10000"	"200"	"1526119998371968592"	80000	"slope"	-0.15894402
"0.35"	"0.0"	"0.45"	"0.01"	"0.005"	"0.01"	"100000"	"10000"	"200"	"1526119998371968592"	80000	"intercept"	0.64879277
"0.35"	"0.0"	"0.45"	"0.01"	"0.005"	"0.01"	"100000"	"10000"	"200"	"1526119998371968592"	85000	"slope"	-0.161150768
"0.35"	"0.0"	"0.45"	"0.01"	"0.005"	"0.01"	"100000"	"10000"	"200"	"1526119998371968592"	85000	"intercept"	0.644265815
"0.35"	"0.0"	"0.45"	"0.01"	"0.005"	"0.01"	"100000"	"10000"	"200"	"1526119998371968592"	90000	"slope"	-0.195640735
"0.35"	"0.0"	"0.45"	"0.01"	"0.005"	"0.01"	"100000"	"10000"	"200"	"1526119998371968592"	90000	"intercept"	0.677821225
"0.35"	"0.0"	"0.45"	"0.01"	"0.005"	"0.01"	"100000"	"10000"	"200"	"1526119998371968592"	95000	"slope"	-0.193139733
"0.35"	"0.0"	"0.45"	"0.01"	"0.005"	"0.01"	"100000"	"10000"	"200"	"1526119998371968592"	95000	"intercept"	0.669565535
"0.35"	"0.0"	"0.45"	"0.01"	"0.005"	"0.01"	"100000"	"10000"	"200"	"1526119998371968592"	100000	"slope"	-0.21663371
"0.35"	"0.0"	"0.45"	"0.01"	"0.005"	"0.01"	"100000"	"10000"	"200"	"1526119998371968592"	100000	"intercept"	0.67472666
"0.35"	"0.0"	"0.45"	"0.01"	"0.005"	"0.01"	"100000"	"10000"	"200"	"7179410540316959894"	10	"slope"	4.0725285e-05
"0.35"	"0.0"	"0.45"	"0.01"	"0.005"	"0.01"	"100000"	"10000"	"200"	"7179410540316959894"	10	"intercept"	0.4999144
"0.35"	"0.0"	"0.45"	"0.01"	"0.005"	"0.01"	"100000"	"10000"	"200"	"7179410540316959894"	5000	"slope"	-0.0464172302
"0.35"	"0.0"	"0.45"	"0.01"	"0.005"	"0.01"	"100000"	"10000"	"200"	"7179410540316959894"	5000	"intercept"	0.57678842
"0.35"	"0.0"	"0.45"	"0.01"	"0.005"	"0.01"	"100000"	"10000"	"200"	"7179410540316959894"	10000	"slope"	-0.08355978755
"0.35"	"0.0"	"0.45"	"0.01"	"0.005"	"0.01"	"100000"	"10000"	"200"	"7179410540316959894"	10000	"intercept"	0.59700205
"0.35"	"0.0"	"0.45"	"0.01"	"0.005"	"0.01"	"100000"	"10000"	"200"	"7179410540316959894"	15000	"slope"	-0.12567911
"0.35"	"0.0"	"0.45"	"0.01"	"0.005"	"0.01"	"100000"	"10000"	"200"	"7179410540316959894"	15000	"intercept"	0.623769835
"0.35"	"0.0"	"0.45"	"0.01"	"0.005"	"0.01"	"100000"	"10000"	"200"	"7179410540316959894"	20000	"slope"	-0.161359208
"0.35"	"0.0"	"0.45"	"0.01"	"0.005"	"0.01"	"100000"	"10000"	"200"	"7179410540316959894"	20000	"intercept"	0.644763585
"0.35"	"0.0"	"0.45"	"0.01"	"0.005"	"0.01"	"100000"	"10000"	"200"	"7179410540316959894"	25000	"slope"	-0.216996655
"0.35"	"0.0"	"0.45"	"0.01"	"0.005"	"0.01"	"100000"	"10000"	"200"	"7179410540316959894"	25000	"intercept"	0.687185685
"0.35"	"0.0"	"0.45"	"0.01"	"0.005"	"0.01"	"100000"	"10000"	"200"	"7179410540316959894"	30000	"slope"	-0.187707759
"0.35"	"0.0"	"0.45"	"0.01"	"0.005"	"0.01"	"100000"	"10000"	"200"	"7179410540316959894"	30000	"intercept"	0.65310329
"0.35"	"0.0"	"0.45"	"0.01"	"0.005"	"0.01"	"100000"	"10000"	"200"	"7179410540316959894"	35000	"slope"	-0.173003105
"0.35"	"0.0"	"0.45"	"0.01"	"0.005"	"0.01"	"100000"	"10000"	"200"	"7179410540316959894"	35000	"intercept"	0.663947135
"0.35"	"0.0"	"0.45"	"0.01"	"0.005"	"0.01"	"100000"	"10000"	"200"	"7179410540316959894"	40000	"slope"	-0.1614839395
"0.35"	"0.0"	"0.45"	"0.01"	"0.005"	"0.01"	"100000"	"10000"	"200"	"7179410540316959894"	40000	"intercept"	0.64480961
"0.35"	"0.0"	"0.45"	"0.01"	"0.005"	"0.01"	"100000"	"10000"	"200"	"7179410540316959894"	45000	"slope"	-0.1852767955
"0.35"	"0.0"	"0.45"	"0.01"	"0.005"	"0.01"	"100000"	"10000"	"200"	"7179410540316959894"	45000	"intercept"	0.65943309
"0.35"	"0.0"	"0.45"	"0.01"	"0.005"	"0.01"	"100000"	"10000"	"200"	"7179410540316959894"	50000	"slope"	-0.1630389905
"0.35"	"0.0"	"0.45"	"0.01"	"0.005"	"0.01"	"100000"	"10000"	"200"	"7179410540316959894"	50000	"intercept"	0.64087018
"0.35"	"0.0"	"0.45"	"0.01"	"0.005"	"0.01"	"100000"	"10000"	"200"	"7179410540316959894"	55000	"slope"	-0.175136635
"0.35"	"0.0"	"0.45"	"0.01"	"0.005"	"0.01"	"100000"	"10000"	"200"	"7179410540316959894"	55000	"intercept"	0.664259905
"0.35"	"0.0"	"0.45"	"0.01"	"0.005"	"0.01"	"100000"	"10000"	"200"	"7179410540316959894"	60000	"slope"	-0.195423645
"0.35"	"0.0"	"0.45"	"0.01"	"0.005"	"0.01"	"100000"	"10000"	"200"	"7179410540316959894"	60000	"intercept"	0.66808173
"0.35"	"0.0"	"0.45"	"0.01"	"0.005"	"0.01"	"100000"	"10000"	"200"	"7179410540316959894"	65000	"slope"	-0.215503015
"0.35"	"0.0"	"0.45"	"0.01"	"0.005"	"0.01"	"100000"	"10000"	"200"	"7179410540316959894"	65000	"intercept"	0.680827165
"0.35"	"0.0"	"0.45"	"0.01"	"0.005"	"0.01"	"100000"	"10000"	"200"	"7179410540316959894"	70000	"slope"	-0.23402087
"0.35"	"0.0"	"0.45"	"0.01"	"0.005"	"0.01"	"100000"	"10000"	"200"	"7179410540316959894"	70000	"intercept"	0.705244665
"0.35"	"0.0"	"0.45"	"0.01"	"0.005"	"0.01"	"100000"	"10000"	"200"	"7179410540316959894"	75000	"slope"	-0.24054696
"0.35"	"0.0"	"0.45"	"0.01"	"0.005"	"0.01"	"100000"	"10000"	"200"	"7179410540316959894"	75000	"intercept"	0.702166505
"0.35"	"0.0"	"0.45"	"0.01"	"0.005"	"0.01"	"100000"	"10000"	"200"	"7179410540316959894"	80000	"slope"	-0.250583445
"0.35"	"0.0"	"0.45"	"0.01"	"0.005"	"0.01"	"100000"	"10000"	"200"	"7179410540316959894"	80000	"intercept"	0.706013945
"0.35"	"0.0"	"0.45"	"0.01"	"0.005"	"0.01"	"100000"	"10000"	"200"	"7179410540316959894"	85000	"slope"	-0.24648122
"0.35"	"0.0"	"0.45"	"0.01"	"0.005"	"0.01"	"100000"	"10000"	"200"	"7179410540316959894"	85000	"intercept"	0.688803715
"0.35"	"0.0"	"0.45"	"0.01"	"0.005"	"0.01"	"100000"	"10000"	"200"	"7179410540316959894"	90000	"slope"	-0.230016525
"0.35"	"0.0"	"0.45"	"0.01"	"0.005"	"0.01"	"100000"	"10000"	"200"	"7179410540316959894"	90000	"intercept"	0.691275895
"0.35"	"0.0"	"0.45"	"0.01"	"0.005"	"0.01"	"100000"	"10000"	"200"	"7179410540316959894"	95000	"slope"	-0.213909735
"0.35"	"0.0"	"0.45"	"0.01"	"0.005"	"0.01"	"100000"	"10000"	"200"	"7179410540316959894"	95000	"intercept"	0.67385936
"0.35"	"0.0"	"0.45"	"0.01"	"0.005"	"0.01"	"100000"	"10000"	"200"	"7179410540316959894"	100000	"slope"	-0.2082237
"0.35"	"0.0"	"0.45"	"0.01"	"0.005"	"0.01"	"100000"	"10000"	"200"	"7179410540316959894"	100000	"intercept"	0.67679308
"0.35"	"0.0"	"0.45"	"0.01"	"0.005"	"0.01"	"100000"	"10000"	"200"	"8347144441126392862"	10	"slope"	-0.0001568168195
"0.35"	"0.0"	"0.45"	"0.01"	"0.005"	"0.01"	"100000"	"10000"	"200"	"8347144441126392862"	10	"intercept"	0.499939655
"0.35"	"0.0"	"0.45"	"0.01"	"0.005"	"0.01"	"100000"	"10000"	"200"	"8347144441126392862"	5000	"slope"	-0.0068746661752
"0.35"	"0.0"	"0.45"	"0.01"	"0.005"	"0.01"	"100000"	"10000"	"200"	"8347144441126392862"	5000	"intercept"	0.553318115
"0.35"	"0.0"	"0.45"	"0.01"	"0.005"	"0.01"	"100000"	"10000"	"200"	"8347144441126392862"	10000	"slope"	-0.04978735456
"0.35"	"0.0"	"0.45"	"0.01"	"0.005"	"0.01"	"100000"	"10000"	"200"	"8347144441126392862"	10000	"intercept"	0.57100906
"0.35"	"0.0"	"0.45"	"0.01"	"0.005"	"0.01"	"100000"	"10000"	"200"	"8347144441126392862"	15000	"slope"	-0.0987515854
"0.35"	"0.0"	"0.45"	"0.01"	"0.005"	"0.01"	"100000"	"10000"	"200"	"8347144441126392862"	15000	"intercept"	0.60454052
"0.35"	"0.0"	"0.45"	"0.01"	"0.005"	"0.01"	"100000"	"10000"	"200"	"8347144441126392862"	20000	"slope"	-0.150820096
"0.35"	"0.0"	"0.45"	"0.01"	"0.005"	"0.01"	"100000"	"10000"	"200"	"8347144441126392862"	20000	"intercept"	0.636738995
"0.35"	"0.0"	"0.45"	"0.01"	"0.005"	"0.01"	"100000"	"10000"	"200"	"8347144441126392862"	25000	"slope"	-0.20092571
"0.35"	"0.0"	"0.45"	"0.01"	"0.005"	"0.01"	"100000"	"10000"	"200"	"8347144441126392862"	25000	"intercept"	0.6773698
"0.35"	"0.0"	"0.45"	"0.01"	"0.005"	"0.01"	"100000"	"10000"	"200"	"8347144441126392862"	30000	"slope"	-0.204317295
"0.35"	"0.0"	"0.45"	"0.01"	"0.005"	"0.01"	"100000"	"10000"	"200"	"8347144441126392862"	30000	"intercept"	0.67847001
"0.35"	"0.0"	"0.45"	"0.01"	"0.005"	"0.01"	"100000"	"10000"	"200"	"8347144441126392862"	35000	"slope"	-0.2217846
"0.35"	"0.0"	"0.45"	"0.01"	"0.005"	"0.01"	"100000"	"10000"	"200"	"8347144441126392862"	35000	"intercept"	0.68807853
"0.35"	"0.0"	"0.45"	"0.01"	"0.005"	"0.01"	"100000"	"10000"	"200"	"8347144441126392862"	40000	"slope"	-0.232566565
"0.35"	"0.0"	"0.45"	"0.01"	"0.005"	"0.01"	"100000"	"10000"	"200"	"8347144441126392862"	40000	"intercept"	0.695284485
"0.35"	"0.0"	"0.45"	"0.01"	"0.005"	"0.01"	"100000"	"10000"	"200"	"8347144441126392862"	45000	"slope"	-0.20163401
"0.35"	"0.0"	"0.45"	"0.01"	"0.005"	"0.01"	"100000"	"10000"	"200"	"8347144441126392862"	45000	"intercept"	0.674919415
"0.35"	"0.0"	"0.45"	"0.01"	"0.005"	"0.01"	"100000"	"10000"	"200"	"8347144441126392862"	50000	"slope"	-0.195112933
"0.35"	"0.0"	"0.45"	"0.01"	"0.005"	"0.01"	"100000"	"10000"	"200"	"8347144441126392862"	50000	"intercept"	0.665396205
"0.35"	"0.0"	"0.45"	"0.01"	"0.005"	"0.01"	"100000"	"10000"	"200"	"8347144441126392862"	55000	"slope"	-0.233200285
"0.35"	"0.0"	"0.45"	"0.01"	"0.005"	"0.01"	"100000"	"10000"	"200"	"8347144441126392862"	55000	"intercept"	0.68782294
"0.35"	"0.0"	"0.45"	"0.01"	"0.005"	"0.01"	"100000"	"10000"	"200"	"8347144441126392862"	60000	"slope"	-0.226711416
"0.35"	"0.0"	"0.45"	"0.01"	"0.005"	"0.01"	"100000"	"10000"	"200"	"8347144441126392862"	60000	"intercept"	0.68947883
"0.35"	"0.0"	"0.45"	"0.01"	"0.005"	"0.01"	"100000"	"10000"	"200"	"8347144441126392862"	65000	"slope"	-0.23884941
"0.35"	"0.0"	"0.45"	"0.01"	"0.005"	"0.01"	"100000"	"10000"	"200"	"8347144441126392862"	65000	"intercept"	0.698729405
"0.35"	"0.0"	"0.45"	"0.01"	"0.005"	"0.01"	"100000"	"10000"	"200"	"8347144441126392862"	70000	"slope"	-0.23323122
"0.35"	"0.0"	"0.45"	"0.01"	"0.005"	"0.01"	"100000"	"10000"	"200"	"8347144441126392862"	70000	"intercept"	0.695888485
"0.35"	"0.0"	"0.45"	"0.01"	"0.005"	"0.01"	"100000"	"10000"	"200"	"8347144441126392862"	75000	"slope"	-0.198871167
"0.35"	"0.0"	"0.45"	"0.01"	"0.005"	"0.01"	"100000"	"10000"	"200"	"8347144441126392862"	75000	"intercept"	0.67109651
"0.35"	"0.0"	"0.45"	"0.01"	"0.005"	"0.01"	"100000"	"10000"	"200"	"8347144441126392862"	80000	"slope"	-0.225662325
"0.35"	"0.0"	"0.45"	"0.01"	"0.005"	"0.01"	"100000"	"10000"	"200"	"8347144441126392862"	80000	"intercept"	0.68122635
"0.35"	"0.0"	"0.45"	"0.01"	"0.005"	"0.01"	"100000"	"10000"	"200"	"8347144441126392862"	85000	"slope"	-0.21153633
"0.35"	"0.0"	"0.45"	"0.01"	"0.005"	"0.01"	"100000"	"10000"	"200"	"8347144441126392862"	85000	"intercept"	0.683424985
"0.35"	"0.0"	"0.45"	"0.01"	"0.005"	"0.01"	"100000"	"10000"	"200"	"8347144441126392862"	90000	"slope"	-0.220505575
"0.35"	"0.0"	"0.45"	"0.01"	"0.005"	"0.01"	"100000"	"10000"	"200"	"8347144441126392862"	90000	"intercept"	0.684515875
"0.35"	"0.0"	"0.45"	"0.01"	"0.005"	"0.01"	"100000"	"10000"	"200"	"8347144441126392862"	95000	"slope"	-0.20643504
"0.35"	"0.0"	"0.45"	"0.01"	"0.005"	"0.01"	"100000"	"10000"	"200"	"8347144441126392862"	95000	"intercept"	0.678497335
"0.35"	"0.0"	"0.45"	"0.01"	"0.005"	"0.01"	"100000"	"10000"	"200"	"8347144441126392862"	100000	"slope"	-0.1984371
"0.35"	"0.0"	"0.45"	"0.01"	"0.005"	"0.01"	"100000"	"10000"	"200"	"8347144441126392862"	100000	"intercept"	0.663462325
"0.35"	"0.4"	"0.45"	"0.01"	"0.005"	"0.01"	"100000"	"10000"	"200"	"6323313285929928986"	10	"slope"	-3.316371e-05
"0.35"	"0.4"	"0.45"	"0.01"	"0.005"	"0.01"	"100000"	"10000"	"200"	"6323313285929928986"	10	"intercept"	0.500033725
"0.35"	"0.4"	"0.45"	"0.01"	"0.005"	"0.01"	"100000"	"10000"	"200"	"6323313285929928986"	5000	"slope"	-0.028889485105
"0.35"	"0.4"	"0.45"	"0.01"	"0.005"	"0.01"	"100000"	"10000"	"200"	"6323313285929928986"	5000	"intercept"	0.549900375
"0.35"	"0.4"	"0.45"	"0.01"	"0.005"	"0.01"	"100000"	"10000"	"200"	"6323313285929928986"	10000	"slope"	-0.1018136165
"0.35"	"0.4"	"0.45"	"0.01"	"0.005"	"0.01"	"100000"	"10000"	"200"	"6323313285929928986"	10000	"intercept"	0.58531858
"0.35"	"0.4"	"0.45"	"0.01"	"0.005"	"0.01"	"100000"	"10000"	"200"	"6323313285929928986"	15000	"slope"	-0.1293365865
"0.35"	"0.4"	"0.45"	"0.01"	"0.005"	"0.01"	"100000"	"10000"	"200"	"6323313285929928986"	15000	"intercept"	0.61055061
"0.35"	"0.4"	"0.45"	"0.01"	"0.005"	"0.01"	"100000"	"10000"	"200"	"6323313285929928986"	20000	"slope"	-0.202625435
"0.35"	"0.4"	"0.45"	"0.01"	"0.005"	"0.01"	"100000"	"10000"	"200"	"6323313285929928986"	20000	"intercept"	0.648275455
"0.35"	"0.4"	"0.45"	"0.01"	"0.005"	"0.01"	"100000"	"10000"	"200"	"6323313285929928986"	25000	"slope"	-0.241177305
"0.35"	"0.4"	"0.45"	"0.01"	"0.005"	"0.01"	"100000"	"10000"	"200"	"6323313285929928986"	25000	"intercept"	0.67782941
"0.35"	"0.4"	"0.45"	"0.01"	"0.005"	"0.01"	"100000"	"10000"	"200"	"6323313285929928986"	30000	"slope"	-0.285050275
"0.35"	"0.4"	"0.45"	"0.01"	"0.005"	"0.01"	"100000"	"10000"	"200"	"6323313285929928986"	30000	"intercept"	0.703930025
"0.35"	"0.4"	"0.45"	"0.01"	"0.005"	"0.01"	"100000"	"10000"	"200"	"6323313285929928986"	35000	"slope"	-0.33333445
"0.35"	"0.4"	"0.45"	"0.01"	"0.005"	"0.01"	"100000"	"10000"	"200"	"6323313285929928986"	35000	"intercept"	0.74136123
"0.35"	"0.4"	"0.45"	"0.01"	"0.005"	"0.01"	"100000"	"10000"	"200"	"6323313285929928986"	40000	"slope"	-0.373682525
"0.35"	"0.4"	"0.45"	"0.01"	"0.005"	"0.01"	"100000"	"10000"	"200"	"6323313285929928986"	40000	"intercept"	0.768561635
"0.35"	"0.4"	"0.45"	"0.01"	"0.005"	"0.01"	"100000"	"10000"	"200"	"6323313285929928986"	45000	"slope"	-0.39556349
"0.35"	"0.4"	"0.45"	"0.01"	"0.005"	"0.01"	"100000"	"10000"	"200"	"6323313285929928986"	45000	"intercept"	0.771968795
"0.35"	"0.4"	"0.45"	"0.01"	"0.005"	"0.01"	"100000"	"10000"	"200"	"6323313285929928986"	50000	"slope"	-0.4271786
"0.35"	"0.4"	"0.45"	"0.01"	"0.005"	"0.01"	"100000"	"10000"	"200"	"6323313285929928986"	50000	"intercept"	0.80029764
"0.35"	"0.4"	"0.45"	"0.01"	"0.005"	"0.01"	"100000"	"10000"	"200"	"6323313285929928986"	55000	"slope"	-0.407577555
"0.35"	"0.4"	"0.45"	"0.01"	"0.005"	"0.01"	"100000"	"10000"	"200"	"6323313285929928986"	55000	"intercept"	0.782939845
"0.35"	"0.4"	"0.45"	"0.01"	"0.005"	"0.01"	"100000"	"10000"	"200"	"6323313285929928986"	60000	"slope"	-0.38356075
"0.35"	"0.4"	"0.45"	"0.01"	"0.005"	"0.01"	"100000"	"10000"	"200"	"6323313285929928986"	60000	"intercept"	0.76858317
"0.35"	"0.4"	"0.45"	"0.01"	"0.005"	"0.01"	"100000"	"10000"	"200"	"6323313285929928986"	65000	"slope"	-0.371366965
"0.35"	"0.4"	"0.45"	"0.01"	"0.005"	"0.01"	"100000"	"10000"	"200"	"6323313285929928986"	65000	"intercept"	0.763540475
"0.35"	"0.4"	"0.45"	"0.01"	"0.005"	"0.01"	"100000"	"10000"	"200"	"6323313285929928986"	70000	"slope"	-0.37904413
"0.35"	"0.4"	"0.45"	"0.01"	"0.005"	"0.01"	"100000"	"10000"	"200"	"6323313285929928986"	70000	"intercept"	0.77215153
"0.35"	"0.4"	"0.45"	"0.01"	"0.005"	"0.01"	"100000"	"10000"	"200"	"6323313285929928986"	75000	"slope"	-0.4733605
"0.35"	"0.4"	"0.45"	"0.01"	"0.005"	"0.01"	"100000"	"10000"	"200"	"6323313285929928986"	75000	"intercept"	0.82345134
"0.35"	"0.4"	"0.45"	"0.01"	"0.005"	"0.01"	"100000"	"10000"	"200"	"6323313285929928986"	80000	"slope"	-0.501455535
"0.35"	"0.4"	"0.45"	"0.01"	"0.005"	"0.01"	"100000"	"10000"	"200"	"6323313285929928986"	80000	"intercept"	0.84075059
"0.35"	"0.4"	"0.45"	"0.01"	"0.005"	"0.01"	"100000"	"10000"	"200"	"6323313285929928986"	85000	"slope"	-0.49237871
"0.35"	"0.4"	"0.45"	"0.01"	"0.005"	"0.01"	"100000"	"10000"	"200"	"6323313285929928986"	85000	"intercept"	0.83654506
"0.35"	"0.4"	"0.45"	"0.01"	"0.005"	"0.01"	"100000"	"10000"	"200"	"6323313285929928986"	90000	"slope"	-0.48081413
"0.35"	"0.4"	"0.45"	"0.01"	"0.005"	"0.01"	"100000"	"10000"	"200"	"6323313285929928986"	90000	"intercept"	0.832744225
"0.35"	"0.4"	"0.45"	"0.01"	"0.005"	"0.01"	"100000"	"10000"	"200"	"6323313285929928986"	95000	"slope"	-0.44216527
"0.35"	"0.4"	"0.45"	"0.01"	"0.005"	"0.01"	"100000"	"10000"	"200"	"6323313285929928986"	95000	"intercept"	0.80849573
"0.35"	"0.4"	"0.45"	"0.01"	"0.005"	"0.01"	"100000"	"10000"	"200"	"6323313285929928986"	100000	"slope"	-0.441446065
"0.35"	"0.4"	"0.45"	"0.01"	"0.005"	"0.01"	"100000"	"10000"	"200"	"6323313285929928986"	100000	"intercept"	0.81156312
"0.35"	"0.4"	"0.45"	"0.01"	"0.005"	"0.01"	"100000"	"10000"	"200"	"6447407247933756025"	10	"slope"	-0.000136036325
"0.35"	"0.4"	"0.45"	"0.01"	"0.005"	"0.01"	"100000"	"10000"	"200"	"6447407247933756025"	10	"intercept"	0.500135135
"0.35"	"0.4"	"0.45"	"0.01"	"0.005"	"0.01"	"100000"	"10000"	"200"	"6447407247933756025"	5000	"slope"	-0.0571196758
"0.35"	"0.4"	"0.45"	"0.01"	"0.005"	"0.01"	"100000"	"10000"	"200"	"6447407247933756025"	5000	"intercept"	0.55815434
"0.35"	"0.4"	"0.45"	"0.01"	"0.005"	"0.01"	"100000"	"10000"	"200"	"6447407247933756025"	10000	"slope"	-0.1273285425
"0.35"	"0.4"	"0.45"	"0.01"	"0.005"	"0.01"	"100000"	"10000"	"200"	"6447407247933756025"	10000	"intercept"	0.6047262
"0.35"	"0.4"	"0.45"	"0.01"	"0.005"	"0.01"	"100000"	"10000"	"200"	"6447407247933756025"	15000	"slope"	-0.220486095
"0.35"	"0.4"	"0.45"	"0.01"	"0.005"	"0.01"	"100000"	"10000"	"200"	"6447407247933756025"	15000	"intercept"	0.662016325
"0.35"	"0.4"	"0.45"	"0.01"	"0.005"	"0.01"	"100000"	"10000"	"200"	"6447407247933756025"	20000	"slope"	-0.27593551
"0.35"	"0.4"	"0.45"	"0.01"	"0.005"	"0.01"	"100000"	"10000"	"200"	"6447407247933756025"	20000	"intercept"	0.705189135
"0.35"	"0.4"	"0.45"	"0.01"	"0.005"	"0.01"	"100000"	"10000"	"200"	"6447407247933756025"	25000	"slope"	-0.34537531
"0.35"	"0.4"	"0.45"	"0.01"	"0.005"	"0.01"	"100000"	"10000"	"200"	"6447407247933756025"	25000	"intercept"	0.74745003
"0.35"	"0.4"	"0.45"	"0.01"	"0.005"	"0.01"	"100000"	"10000"	"200"	"6447407247933756025"	30000	"slope"	-0.389571655
"0.35"	"0.4"	"0.45"	"0.01"	"0.005"	"0.01"	"100000"	"10000"	"200"	"6447407247933756025"	30000	"intercept"	0.77124934
"0.35"	"0.4"	"0.45"	"0.01"	"0.005"	"0.01"	"100000"	"10000"	"200"	"6447407247933756025"	35000	"slope"	-0.386303455
"0.35"	"0.4"	"0.45"	"0.01"	"0.005"	"0.01"	"100000"	"10000"	"200"	"6447407247933756025"	35000	"intercept"	0.764085105
"0.35"	"0.4"	"0.45"	"0.01"	"0.005"	"0.01"	"100000"	"10000"	"200"	"6447407247933756025"	40000	"slope"	-0.412493245
"0.35"	"0.4"	"0.45"	"0.01"	"0.005"	"0.01"	"100000"	"10000"	"200"	"6447407247933756025"	40000	"intercept"	0.7917487
"0.35"	"0.4"	"0.45"	"0.01"	"0.005"	"0.01"	"100000"	"10000"	"200"	"6447407247933756025"	45000	"slope"	-0.44817502
"0.35"	"0.4"	"0.45"	"0.01"	"0.005"	"0.01"	"100000"	"10000"	"200"	"6447407247933756025"	45000	"intercept"	0.81288657
"0.35"	"0.4"	"0.45"	"0.01"	"0.005"	"0.01"	"100000"	"10000"	"200"	"6447407247933756025"	50000	"slope"	-0.47365947
"0.35"	"0.4"	"0.45"	"0.01"	"0.005"	"0.01"	"100000"	"10000"	"200"	"6447407247933756025"	50000	"intercept"	0.83004139
"0.35"	"0.4"	"0.45"	"0.01"	"0.005"	"0.01"	"100000"	"10000"	"200"	"6447407247933756025"	55000	"slope"	-0.43683431
"0.35"	"0.4"	"0.45"	"0.01"	"0.005"	"0.01"	"100000"	"10000"	"200"	"6447407247933756025"	55000	"intercept"	0.80041138
"0.35"	"0.4"	"0.45"	"0.01"	"0.005"	"0.01"	"100000"	"10000"	"200"	"6447407247933756025"	60000	"slope"	-0.45465591
"0.35"	"0.4"	"0.45"	"0.01"	"0.005"	"0.01"	"100000"	"10000"	"200"	"6447407247933756025"	60000	"intercept"	0.81763848
"0.35"	"0.4"	"0.45"	"0.01"	"0.005"	"0.01"	"100000"	"10000"	"200"	"6447407247933756025"	65000	"slope"	-0.485375525
"0.35"	"0.4"	"0.45"	"0.01"	"0.005"	"0.01"	"100000"	"10000"	"200"	"6447407247933756025"	65000	"intercept"	0.83701674
"0.35"	"0.4"	"0.45"	"0.01"	"0.005"	"0.01"	"100000"	"10000"	"200"	"6447407247933756025"	70000	"slope"	-0.468285365
"0.35"	"0.4"	"0.45"	"0.01"	"0.005"	"0.01"	"100000"	"10000"	"200"	"6447407247933756025"	70000	"intercept"	0.826685335
"0.35"	"0.4"	"0.45"	"0.01"	"0.005"	"0.01"	"100000"	"10000"	"200"	"6447407247933756025"	75000	"slope"	-0.413201215
"0.35"	"0.4"	"0.45"	"0.01"	"0.005"	"0.01"	"100000"	"10000"	"200"	"6447407247933756025"	75000	"intercept"	0.78304392
"0.35"	"0.4"	"0.45"	"0.01"	"0.005"	"0.01"	"100000"	"10000"	"200"	"6447407247933756025"	80000	"slope"	-0.4078702
"0.35"	"0.4"	"0.45"	"0.01"	"0.005"	"0.01"	"100000"	"10000"	"200"	"6447407247933756025"	80000	"intercept"	0.78586631
"0.35"	"0.4"	"0.45"	"0.01"	"0.005"	"0.01"	"100000"	"10000"	"200"	"6447407247933756025"	85000	"slope"	-0.41413496
"0.35"	"0.4"	"0.45"	"0.01"	"0.005"	"0.01"	"100000"	"10000"	"200"	"6447407247933756025"	85000	"intercept"	0.78717843
"0.35"	"0.4"	"0.45"	"0.01"	"0.005"	"0.01"	"100000"	"10000"	"200"	"6447407247933756025"	90000	"slope"	-0.46407172
"0.35"	"0.4"	"0.45"	"0.01"	"0.005"	"0.01"	"100000"	"10000"	"200"	"6447407247933756025"	90000	"intercept"	0.82517688
"0.35"	"0.4"	"0.45"	"0.01"	"0.005"	"0.01"	"100000"	"10000"	"200"	"6447407247933756025"	95000	"slope"	-0.47841842
"0.35"	"0.4"	"0.45"	"0.01"	"0.005"	"0.01"	"100000"	"10000"	"200"	"6447407247933756025"	95000	"intercept"	0.83057933
"0.35"	"0.4"	"0.45"	"0.01"	"0.005"	"0.01"	"100000"	"10000"	"200"	"6447407247933756025"	100000	"slope"	-0.489525165
"0.35"	"0.4"	"0.45"	"0.01"	"0.005"	"0.01"	"100000"	"10000"	"200"	"6447407247933756025"	100000	"intercept"	0.832802925
"0.35"	"0.4"	"0.45"	"0.01"	"0.005"	"0.01"	"100000"	"10000"	"200"	"7552558557088694208"	10	"slope"	0.0001939422795
"0.35"	"0.4"	"0.45"	"0.01"	"0.005"	"0.01"	"100000"	"10000"	"200"	"7552558557088694208"	10	"intercept"	0.50011626
"0.35"	"0.4"	"0.45"	"0.01"	"0.005"	"0.01"	"100000"	"10000"	"200"	"7552558557088694208"	5000	"slope"	-0.064456913215
"0.35"	"0.4"	"0.45"	"0.01"	"0.005"	"0.01"	"100000"	"10000"	"200"	"7552558557088694208"	5000	"intercept"	0.56176053
"0.35"	"0.4"	"0.45"	"0.01"	"0.005"	"0.01"	"100000"	"10000"	"200"	"7552558557088694208"	10000	"slope"	-0.157952394
"0.35"	"0.4"	"0.45"	"0.01"	"0.005"	"0.01"	"100000"	"10000"	"200"	"7552558557088694208"	10000	"intercept"	0.62367889
"0.35"	"0.4"	"0.45"	"0.01"	"0.005"	"0.01"	"100000"	"10000"	"200"	"7552558557088694208"	15000	"slope"	-0.1922228405
"0.35"	"0.4"	"0.45"	"0.01"	"0.005"	"0.01"	"100000"	"10000"	"200"	"7552558557088694208"	15000	"intercept"	0.654143895
"0.35"	"0.4"	"0.45"	"0.01"	"0.005"	"0.01"	"100000"	"10000"	"200"	"7552558557088694208"	20000	"slope"	-0.258577355
"0.35"	"0.4"	"0.45"	"0.01"	"0.005"	"0.01"	"100000"	"10000"	"200"	"7552558557088694208"	20000	"intercept"	0.687960075
"0.35"	"0.4"	"0.45"	"0.01"	"0.005"	"0.01"	"100000"	"10000"	"200"	"7552558557088694208"	25000	"slope"	-0.29541737
"0.35"	"0.4"	"0.45"	"0.01"	"0.005"	"0.01"	"100000"	"10000"	"200"	"7552558557088694208"	25000	"intercept"	0.719633865
"0.35"	"0.4"	"0.45"	"0.01"	"0.005"	"0.01"	"100000"	"10000"	"200"	"7552558557088694208"	30000	"slope"	-0.339137545
"0.35"	"0.4"	"0.45"	"0.01"	"0.005"	"0.01"	"100000"	"10000"	"200"	"7552558557088694208"	30000	"intercept"	0.74944717
"0.35"	"0.4"	"0.45"	"0.01"	"0.005"	"0.01"	"100000"	"10000"	"200"	"7552558557088694208"	35000	"slope"	-0.381086375
"0.35"	"0.4"	"0.45"	"0.01"	"0.005"	"0.01"	"100000"	"10000"	"200"	"7552558557088694208"	35000	"intercept"	0.76572586
"0.35"	"0.4"	"0.45"	"0.01"	"0.005"	"0.01"	"100000"	"10000"	"200"	"7552558557088694208"	40000	"slope"	-0.375071675
"0.35"	"0.4"	"0.45"	"0.01"	"0.005"	"0.01"	"100000"	"10000"	"200"	"7552558557088694208"	40000	"intercept"	0.769851375
"0.35"	"0.4"	"0.45"	"0.01"	"0.005"	"0.01"	"100000"	"10000"	"200"	"7552558557088694208"	45000	"slope"	-0.44814078
"0.35"	"0.4"	"0.45"	"0.01"	"0.005"	"0.01"	"100000"	"10000"	"200"	"7552558557088694208"	45000	"intercept"	0.81341434
"0.35"	"0.4"	"0.45"	"0.01"	"0.005"	"0.01"	"100000"	"10000"	"200"	"7552558557088694208"	50000	"slope"	-0.460410375
"0.35"	"0.4"	"0.45"	"0.01"	"0.005"	"0.01"	"100000"	"10000"	"200"	"7552558557088694208"	50000	"intercept"	0.82470023
"0.35"	"0.4"	"0.45"	"0.01"	"0.005"	"0.01"	"100000"	"10000"	"200"	"7552558557088694208"	55000	"slope"	-0.427333595
"0.35"	"0.4"	"0.45"	"0.01"	"0.005"	"0.01"	"100000"	"10000"	"200"	"7552558557088694208"	55000	"intercept"	0.796671925
"0.35"	"0.4"	"0.45"	"0.01"	"0.005"	"0.01"	"100000"	"10000"	"200"	"7552558557088694208"	60000	"slope"	-0.4198603
"0.35"	"0.4"	"0.45"	"0.01"	"0.005"	"0.01"	"100000"	"10000"	"200"	"7552558557088694208"	60000	"intercept"	0.799856715
"0.35"	"0.4"	"0.45"	"0.01"	"0.005"	"0.01"	"100000"	"10000"	"200"	"7552558557088694208"	65000	"slope"	-0.42625011
"0.35"	"0.4"	"0.45"	"0.01"	"0.005"	"0.01"	"100000"	"10000"	"200"	"7552558557088694208"	65000	"intercept"	0.794926255
"0.35"	"0.4"	"0.45"	"0.01"	"0.005"	"0.01"	"100000"	"10000"	"200"	"7552558557088694208"	70000	"slope"	-0.43805647
"0.35"	"0.4"	"0.45"	"0.01"	"0.005"	"0.01"	"100000"	"10000"	"200"	"7552558557088694208"	70000	"intercept"	0.80458433
"0.35"	"0.4"	"0.45"	"0.01"	"0.005"	"0.01"	"100000"	"10000"	"200"	"7552558557088694208"	75000	"slope"	-0.4533071
"0.35"	"0.4"	"0.45"	"0.01"	"0.005"	"0.01"	"100000"	"10000"	"200"	"7552558557088694208"	75000	"intercept"	0.8147069
"0.35"	"0.4"	"0.45"	"0.01"	"0.005"	"0.01"	"100000"	"10000"	"200"	"7552558557088694208"	80000	"slope"	-0.469820415
"0.35"	"0.4"	"0.45"	"0.01"	"0.005"	"0.01"	"100000"	"10000"	"200"	"7552558557088694208"	80000	"intercept"	0.821550685
"0.35"	"0.4"	"0.45"	"0.01"	"0.005"	"0.01"	"100000"	"10000"	"200"	"7552558557088694208"	85000	"slope"	-0.411153355
"0.35"	"0.4"	"0.45"	"0.01"	"0.005"	"0.01"	"100000"	"10000"	"200"	"7552558557088694208"	85000	"intercept"	0.78384299
"0.35"	"0.4"	"0.45"	"0.01"	"0.005"	"0.01"	"100000"	"10000"	"200"	"7552558557088694208"	90000	"slope"	-0.438032135
"0.35"	"0.4"	"0.45"	"0.01"	"0.005"	"0.01"	"100000"	"10000"	"200"	"7552558557088694208"	90000	"intercept"	0.8050196
"0.35"	"0.4"	"0.45"	"0.01"	"0.005"	"0.01"	"100000"	"10000"	"200"	"7552558557088694208"	95000	"slope"	-0.467605715
"0.35"	"0.4"	"0.45"	"0.01"	"0.005"	"0.01"	"100000"	"10000"	"200"	"7552558557088694208"	95000	"intercept"	0.824987155
"0.35"	"0.4"	"0.45"	"0.01"	"0.005"	"0.01"	"100000"	"10000"	"200"	"7552558557088694208"	100000	"slope"	-0.50582001
"0.35"	"0.4"	"0.45"	"0.01"	"0.005"	"0.01"	"100000"	"10000"	"200"	"7552558557088694208"	100000	"intercept"	0.85136571
"0.35"	"0.6"	"0.45"	"0.01"	"0.005"	"0.01"	"100000"	"10000"	"200"	"4319561058591924928"	10	"slope"	-6.5168245e-05
"0.35"	"0.6"	"0.45"	"0.01"	"0.005"	"0.01"	"100000"	"10000"	"200"	"4319561058591924928"	10	"intercept"	0.49994286
"0.35"	"0.6"	"0.45"	"0.01"	"0.005"	"0.01"	"100000"	"10000"	"200"	"4319561058591924928"	5000	"slope"	-0.06957030587
"0.35"	"0.6"	"0.45"	"0.01"	"0.005"	"0.01"	"100000"	"10000"	"200"	"4319561058591924928"	5000	"intercept"	0.55384113
"0.35"	"0.6"	"0.45"	"0.01"	"0.005"	"0.01"	"100000"	"10000"	"200"	"4319561058591924928"	10000	"slope"	-0.201111815
"0.35"	"0.6"	"0.45"	"0.01"	"0.005"	"0.01"	"100000"	"10000"	"200"	"4319561058591924928"	10000	"intercept"	0.639184205
"0.35"	"0.6"	"0.45"	"0.01"	"0.005"	"0.01"	"100000"	"10000"	"200"	"4319561058591924928"	15000	"slope"	-0.343687095
"0.35"	"0.6"	"0.45"	"0.01"	"0.005"	"0.01"	"100000"	"10000"	"200"	"4319561058591924928"	15000	"intercept"	0.732461925
"0.35"	"0.6"	"0.45"	"0.01"	"0.005"	"0.01"	"100000"	"10000"	"200"	"4319561058591924928"	20000	"slope"	-0.45748749
"0.35"	"0.6"	"0.45"	"0.01"	"0.005"	"0.01"	"100000"	"10000"	"200"	"4319561058591924928"	20000	"intercept"	0.80048102
"0.35"	"0.6"	"0.45"	"0.01"	"0.005"	"0.01"	"100000"	"10000"	"200"	"4319561058591924928"	25000	"slope"	-0.556818515
"0.35"	"0.6"	"0.45"	"0.01"	"0.005"	"0.01"	"100000"	"10000"	"200"	"4319561058591924928"	25000	"intercept"	0.866799995
"0.35"	"0.6"	"0.45"	"0.01"	"0.005"	"0.01"	"100000"	"10000"	"200"	"4319561058591924928"	30000	"slope"	-0.58855314
"0.35"	"0.6"	"0.45"	"0.01"	"0.005"	"0.01"	"100000"	"10000"	"200"	"4319561058591924928"	30000	"intercept"	0.894448585
"0.35"	"0.6"	"0.45"	"0.01"	"0.005"	"0.01"	"100000"	"10000"	"200"	"4319561058591924928"	35000	"slope"	-0.657352565
"0.35"	"0.6"	"0.45"	"0.01"	"0.005"	"0.01"	"100000"	"10000"	"200"	"4319561058591924928"	35000	"intercept"	0.92905842
"0.35"	"0.6"	"0.45"	"0.01"	"0.005"	"0.01"	"100000"	"10000"	"200"	"4319561058591924928"	40000	"slope"	-0.699389285
"0.35"	"0.6"	"0.45"	"0.01"	"0.005"	"0.01"	"100000"	"10000"	"200"	"4319561058591924928"	40000	"intercept"	0.962598765
"0.35"	"0.6"	"0.45"	"0.01"	"0.005"	"0.01"	"100000"	"10000"	"200"	"4319561058591924928"	45000	"slope"	-0.69442578
"0.35"	"0.6"	"0.45"	"0.01"	"0.005"	"0.01"	"100000"	"10000"	"200"	"4319561058591924928"	45000	"intercept"	0.957687945
"0.35"	"0.6"	"0.45"	"0.01"	"0.005"	"0.01"	"100000"	"10000"	"200"	"4319561058591924928"	50000	"slope"	-0.7207858
"0.35"	"0.6"	"0.45"	"0.01"	"0.005"	"0.01"	"100000"	"10000"	"200"	"4319561058591924928"	50000	"intercept"	0.976610295
"0.35"	"0.6"	"0.45"	"0.01"	"0.005"	"0.01"	"100000"	"10000"	"200"	"4319561058591924928"	55000	"slope"	-0.71467824
"0.35"	"0.6"	"0.45"	"0.01"	"0.005"	"0.01"	"100000"	"10000"	"200"	"4319561058591924928"	55000	"intercept"	0.978928085
"0.35"	"0.6"	"0.45"	"0.01"	"0.005"	"0.01"	"100000"	"10000"	"200"	"4319561058591924928"	60000	"slope"	-0.720275025
"0.35"	"0.6"	"0.45"	"0.01"	"0.005"	"0.01"	"100000"	"10000"	"200"	"4319561058591924928"	60000	"intercept"	0.97571596
"0.35"	"0.6"	"0.45"	"0.01"	"0.005"	"0.01"	"100000"	"10000"	"200"	"4319561058591924928"	65000	"slope"	-0.70485952
"0.35"	"0.6"	"0.45"	"0.01"	"0.005"	"0.01"	"100000"	"10000"	"200"	"4319561058591924928"	65000	"intercept"	0.96273828
"0.35"	"0.6"	"0.45"	"0.01"	"0.005"	"0.01"	"100000"	"10000"	"200"	"4319561058591924928"	70000	"slope"	-0.72727255
"0.35"	"0.6"	"0.45"	"0.01"	"0.005"	"0.01"	"100000"	"10000"	"200"	"4319561058591924928"	70000	"intercept"	0.98237985
"0.35"	"0.6"	"0.45"	"0.01"	"0.005"	"0.01"	"100000"	"10000"	"200"	"4319561058591924928"	75000	"slope"	-0.742765305
"0.35"	"0.6"	"0.45"	"0.01"	"0.005"	"0.01"	"100000"	"10000"	"200"	"4319561058591924928"	75000	"intercept"	0.990302335
"0.35"	"0.6"	"0.45"	"0.01"	"0.005"	"0.01"	"100000"	"10000"	"200"	"4319561058591924928"	80000	"slope"	-0.768628975
"0.35"	"0.6"	"0.45"	"0.01"	"0.005"	"0.01"	"100000"	"10000"	"200"	"4319561058591924928"	80000	"intercept"	1.00365233
"0.35"	"0.6"	"0.45"	"0.01"	"0.005"	"0.01"	"100000"	"10000"	"200"	"4319561058591924928"	85000	"slope"	-0.712105355
"0.35"	"0.6"	"0.45"	"0.01"	"0.005"	"0.01"	"100000"	"10000"	"200"	"4319561058591924928"	85000	"intercept"	0.97236213
"0.35"	"0.6"	"0.45"	"0.01"	"0.005"	"0.01"	"100000"	"10000"	"200"	"4319561058591924928"	90000	"slope"	-0.69496423
"0.35"	"0.6"	"0.45"	"0.01"	"0.005"	"0.01"	"100000"	"10000"	"200"	"4319561058591924928"	90000	"intercept"	0.95667127
"0.35"	"0.6"	"0.45"	"0.01"	"0.005"	"0.01"	"100000"	"10000"	"200"	"4319561058591924928"	95000	"slope"	-0.712802625
"0.35"	"0.6"	"0.45"	"0.01"	"0.005"	"0.01"	"100000"	"10000"	"200"	"4319561058591924928"	95000	"intercept"	0.977146375
"0.35"	"0.6"	"0.45"	"0.01"	"0.005"	"0.01"	"100000"	"10000"	"200"	"4319561058591924928"	100000	"slope"	-0.68163587
"0.35"	"0.6"	"0.45"	"0.01"	"0.005"	"0.01"	"100000"	"10000"	"200"	"4319561058591924928"	100000	"intercept"	0.953033495
"0.35"	"0.6"	"0.45"	"0.01"	"0.005"	"0.01"	"100000"	"10000"	"200"	"5238562955726915837"	10	"slope"	-0.000136844115
"0.35"	"0.6"	"0.45"	"0.01"	"0.005"	"0.01"	"100000"	"10000"	"200"	"5238562955726915837"	10	"intercept"	0.50003687
"0.35"	"0.6"	"0.45"	"0.01"	"0.005"	"0.01"	"100000"	"10000"	"200"	"5238562955726915837"	5000	"slope"	-0.0309431862595
"0.35"	"0.6"	"0.45"	"0.01"	"0.005"	"0.01"	"100000"	"10000"	"200"	"5238562955726915837"	5000	"intercept"	0.534382885
"0.35"	"0.6"	"0.45"	"0.01"	"0.005"	"0.01"	"100000"	"10000"	"200"	"5238562955726915837"	10000	"slope"	-0.095514755
"0.35"	"0.6"	"0.45"	"0.01"	"0.005"	"0.01"	"100000"	"10000"	"200"	"5238562955726915837"	10000	"intercept"	0.572592935
"0.35"	"0.6"	"0.45"	"0.01"	"0.005"	"0.01"	"100000"	"10000"	"200"	"5238562955726915837"	15000	"slope"	-0.194292805
"0.35"	"0.6"	"0.45"	"0.01"	"0.005"	"0.01"	"100000"	"10000"	"200"	"5238562955726915837"	15000	"intercept"	0.6467568
"0.35"	"0.6"	"0.45"	"0.01"	"0.005"	"0.01"	"100000"	"10000"	"200"	"5238562955726915837"	20000	"slope"	-0.29712365
"0.35"	"0.6"	"0.45"	"0.01"	"0.005"	"0.01"	"100000"	"10000"	"200"	"5238562955726915837"	20000	"intercept"	0.708318875
"0.35"	"0.6"	"0.45"	"0.01"	"0.005"	"0.01"	"100000"	"10000"	"200"	"5238562955726915837"	25000	"slope"	-0.424320765
"0.35"	"0.6"	"0.45"	"0.01"	"0.005"	"0.01"	"100000"	"10000"	"200"	"5238562955726915837"	25000	"intercept"	0.78581232
"0.35"	"0.6"	"0.45"	"0.01"	"0.005"	"0.01"	"100000"	"10000"	"200"	"5238562955726915837"	30000	"slope"	-0.45396771
"0.35"	"0.6"	"0.45"	"0.01"	"0.005"	"0.01"	"100000"	"10000"	"200"	"5238562955726915837"	30000	"intercept"	0.811095155
"0.35"	"0.6"	"0.45"	"0.01"	"0.005"	"0.01"	"100000"	"10000"	"200"	"5238562955726915837"	35000	"slope"	-0.55033584
"0.35"	"0.6"	"0.45"	"0.01"	"0.005"	"0.01"	"100000"	"10000"	"200"	"5238562955726915837"	35000	"intercept"	0.869753125
"0.35"	"0.6"	"0.45"	"0.01"	"0.005"	"0.01"	"100000"	"10000"	"200"	"5238562955726915837"	40000	"slope"	-0.55494426
"0.35"	"0.6"	"0.45"	"0.01"	"0.005"	"0.01"	"100000"	"10000"	"200"	"5238562955726915837"	40000	"intercept"	0.86497847
"0.35"	"0.6"	"0.45"	"0.01"	"0.005"	"0.01"	"100000"	"10000"	"200"	"5238562955726915837"	45000	"slope"	-0.57492381
"0.35"	"0.6"	"0.45"	"0.01"	"0.005"	"0.01"	"100000"	"10000"	"200"	"5238562955726915837"	45000	"intercept"	0.88253692
"0.35"	"0.6"	"0.45"	"0.01"	"0.005"	"0.01"	"100000"	"10000"	"200"	"5238562955726915837"	50000	"slope"	-0.611154115
"0.35"	"0.6"	"0.45"	"0.01"	"0.005"	"0.01"	"100000"	"10000"	"200"	"5238562955726915837"	50000	"intercept"	0.904209695
"0.35"	"0.6"	"0.45"	"0.01"	"0.005"	"0.01"	"100000"	"10000"	"200"	"5238562955726915837"	55000	"slope"	-0.66762848
"0.35"	"0.6"	"0.45"	"0.01"	"0.005"	"0.01"	"100000"	"10000"	"200"	"5238562955726915837"	55000	"intercept"	0.945283375
"0.35"	"0.6"	"0.45"	"0.01"	"0.005"	"0.01"	"100000"	"10000"	"200"	"5238562955726915837"	60000	"slope"	-0.690000215
"0.35"	"0.6"	"0.45"	"0.01"	"0.005"	"0.01"	"100000"	"10000"	"200"	"5238562955726915837"	60000	"intercept"	0.946174515
"0.35"	"0.6"	"0.45"	"0.01"	"0.005"	"0.01"	"100000"	"10000"	"200"	"5238562955726915837"	65000	"slope"	-0.690832735
"0.35"	"0.6"	"0.45"	"0.01"	"0.005"	"0.01"	"100000"	"10000"	"200"	"5238562955726915837"	65000	"intercept"	0.956012845
"0.35"	"0.6"	"0.45"	"0.01"	"0.005"	"0.01"	"100000"	"10000"	"200"	"5238562955726915837"	70000	"slope"	-0.74091228
"0.35"	"0.6"	"0.45"	"0.01"	"0.005"	"0.01"	"100000"	"10000"	"200"	"5238562955726915837"	70000	"intercept"	0.985163575
"0.35"	"0.6"	"0.45"	"0.01"	"0.005"	"0.01"	"100000"	"10000"	"200"	"5238562955726915837"	75000	"slope"	-0.73412847
"0.35"	"0.6"	"0.45"	"0.01"	"0.005"	"0.01"	"100000"	"10000"	"200"	"5238562955726915837"	75000	"intercept"	0.98422095
"0.35"	"0.6"	"0.45"	"0.01"	"0.005"	"0.01"	"100000"	"10000"	"200"	"5238562955726915837"	80000	"slope"	-0.76615444
"0.35"	"0.6"	"0.45"	"0.01"	"0.005"	"0.01"	"100000"	"10000"	"200"	"5238562955726915837"	80000	"intercept"	1.00356297
"0.35"	"0.6"	"0.45"	"0.01"	"0.005"	"0.01"	"100000"	"10000"	"200"	"5238562955726915837"	85000	"slope"	-0.743808895
"0.35"	"0.6"	"0.45"	"0.01"	"0.005"	"0.01"	"100000"	"10000"	"200"	"5238562955726915837"	85000	"intercept"	0.982737485
"0.35"	"0.6"	"0.45"	"0.01"	"0.005"	"0.01"	"100000"	"10000"	"200"	"5238562955726915837"	90000	"slope"	-0.718211375
"0.35"	"0.6"	"0.45"	"0.01"	"0.005"	"0.01"	"100000"	"10000"	"200"	"5238562955726915837"	90000	"intercept"	0.971548655
"0.35"	"0.6"	"0.45"	"0.01"	"0.005"	"0.01"	"100000"	"10000"	"200"	"5238562955726915837"	95000	"slope"	-0.654844295
"0.35"	"0.6"	"0.45"	"0.01"	"0.005"	"0.01"	"100000"	"10000"	"200"	"5238562955726915837"	95000	"intercept"	0.932183835
"0.35"	"0.6"	"0.45"	"0.01"	"0.005"	"0.01"	"100000"	"10000"	"200"	"5238562955726915837"	100000	"slope"	-0.63588328
"0.35"	"0.6"	"0.45"	"0.01"	"0.005"	"0.01"	"100000"	"10000"	"200"	"5238562955726915837"	100000	"intercept"	0.92148936
"0.35"	"0.6"	"0.45"	"0.01"	"0.005"	"0.01"	"100000"	"10000"	"200"	"8497925007483190395"	10	"slope"	-8.292143e-05
"0.35"	"0.6"	"0.45"	"0.01"	"0.005"	"0.01"	"100000"	"10000"	"200"	"8497925007483190395"	10	"intercept"	0.5002367
"0.35"	"0.6"	"0.45"	"0.01"	"0.005"	"0.01"	"100000"	"10000"	"200"	"8497925007483190395"	5000	"slope"	-0.04963556792
"0.35"	"0.6"	"0.45"	"0.01"	"0.005"	"0.01"	"100000"	"10000"	"200"	"8497925007483190395"	5000	"intercept"	0.54819516
"0.35"	"0.6"	"0.45"	"0.01"	"0.005"	"0.01"	"100000"	"10000"	"200"	"8497925007483190395"	10000	"slope"	-0.1591432205
"0.35"	"0.6"	"0.45"	"0.01"	"0.005"	"0.01"	"100000"	"10000"	"200"	"8497925007483190395"	10000	"intercept"	0.610747935
"0.35"	"0.6"	"0.45"	"0.01"	"0.005"	"0.01"	"100000"	"10000"	"200"	"8497925007483190395"	15000	"slope"	-0.19730027
"0.35"	"0.6"	"0.45"	"0.01"	"0.005"	"0.01"	"100000"	"10000"	"200"	"8497925007483190395"	15000	"intercept"	0.644175805
"0.35"	"0.6"	"0.45"	"0.01"	"0.005"	"0.01"	"100000"	"10000"	"200"	"8497925007483190395"	20000	"slope"	-0.261072295
"0.35"	"0.6"	"0.45"	"0.01"	"0.005"	"0.01"	"100000"	"10000"	"200"	"8497925007483190395"	20000	"intercept"	0.674573795
"0.35"	"0.6"	"0.45"	"0.01"	"0.005"	"0.01"	"100000"	"10000"	"200"	"8497925007483190395"	25000	"slope"	-0.325000075
"0.35"	"0.6"	"0.45"	"0.01"	"0.005"	"0.01"	"100000"	"10000"	"200"	"8497925007483190395"	25000	"intercept"	0.72780711
"0.35"	"0.6"	"0.45"	"0.01"	"0.005"	"0.01"	"100000"	"10000"	"200"	"8497925007483190395"	30000	"slope"	-0.391372805
"0.35"	"0.6"	"0.45"	"0.01"	"0.005"	"0.01"	"100000"	"10000"	"200"	"8497925007483190395"	30000	"intercept"	0.77102952
"0.35"	"0.6"	"0.45"	"0.01"	"0.005"	"0.01"	"100000"	"10000"	"200"	"8497925007483190395"	35000	"slope"	-0.47241244
"0.35"	"0.6"	"0.45"	"0.01"	"0.005"	"0.01"	"100000"	"10000"	"200"	"8497925007483190395"	35000	"intercept"	0.81077997
"0.35"	"0.6"	"0.45"	"0.01"	"0.005"	"0.01"	"100000"	"10000"	"200"	"8497925007483190395"	40000	"slope"	-0.518728085
"0.35"	"0.6"	"0.45"	"0.01"	"0.005"	"0.01"	"100000"	"10000"	"200"	"8497925007483190395"	40000	"intercept"	0.85588532
"0.35"	"0.6"	"0.45"	"0.01"	"0.005"	"0.01"	"100000"	"10000"	"200"	"8497925007483190395"	45000	"slope"	-0.572147055
"0.35"	"0.6"	"0.45"	"0.01"	"0.005"	"0.01"	"100000"	"10000"	"200"	"8497925007483190395"	45000	"intercept"	0.882985915
"0.35"	"0.6"	"0.45"	"0.01"	"0.005"	"0.01"	"100000"	"10000"	"200"	"8497925007483190395"	50000	"slope"	-0.60258643
"0.35"	"0.6"	"0.45"	"0.01"	"0.005"	"0.01"	"100000"	"10000"	"200"	"8497925007483190395"	50000	"intercept"	0.899235765
"0.35"	"0.6"	"0.45"	"0.01"	"0.005"	"0.01"	"100000"	"10000"	"200"	"8497925007483190395"	55000	"slope"	-0.70152839
"0.35"	"0.6"	"0.45"	"0.01"	"0.005"	"0.01"	"100000"	"10000"	"200"	"8497925007483190395"	55000	"intercept"	0.96349892
"0.35"	"0.6"	"0.45"	"0.01"	"0.005"	"0.01"	"100000"	"10000"	"200"	"8497925007483190395"	60000	"slope"	-0.656403085
"0.35"	"0.6"	"0.45"	"0.01"	"0.005"	"0.01"	"100000"	"10000"	"200"	"8497925007483190395"	60000	"intercept"	0.934471905
"0.35"	"0.6"	"0.45"	"0.01"	"0.005"	"0.01"	"100000"	"10000"	"200"	"8497925007483190395"	65000	"slope"	-0.684001925
"0.35"	"0.6"	"0.45"	"0.01"	"0.005"	"0.01"	"100000"	"10000"	"200"	"8497925007483190395"	65000	"intercept"	0.943967825
"0.35"	"0.6"	"0.45"	"0.01"	"0.005"	"0.01"	"100000"	"10000"	"200"	"8497925007483190395"	70000	"slope"	-0.670608745
"0.35"	"0.6"	"0.45"	"0.01"	"0.005"	"0.01"	"100000"	"10000"	"200"	"8497925007483190395"	70000	"intercept"	0.94858448
"0.35"	"0.6"	"0.45"	"0.01"	"0.005"	"0.01"	"100000"	"10000"	"200"	"8497925007483190395"	75000	"slope"	-0.689520245
"0.35"	"0.6"	"0.45"	"0.01"	"0.005"	"0.01"	"100000"	"10000"	"200"	"8497925007483190395"	75000	"intercept"	0.9533619
"0.35"	"0.6"	"0.45"	"0.01"	"0.005"	"0.01"	"100000"	"10000"	"200"	"8497925007483190395"	80000	"slope"	-0.680796355
"0.35"	"0.6"	"0.45"	"0.01"	"0.005"	"0.01"	"100000"	"10000"	"200"	"8497925007483190395"	80000	"intercept"	0.94890296
"0.35"	"0.6"	"0.45"	"0.01"	"0.005"	"0.01"	"100000"	"10000"	"200"	"8497925007483190395"	85000	"slope"	-0.634929835
"0.35"	"0.6"	"0.45"	"0.01"	"0.005"	"0.01"	"100000"	"10000"	"200"	"8497925007483190395"	85000	"intercept"	0.92064689
"0.35"	"0.6"	"0.45"	"0.01"	"0.005"	"0.01"	"100000"	"10000"	"200"	"8497925007483190395"	90000	"slope"	-0.687643125
"0.35"	"0.6"	"0.45"	"0.01"	"0.005"	"0.01"	"100000"	"10000"	"200"	"8497925007483190395"	90000	"intercept"	0.95738788
"0.35"	"0.6"	"0.45"	"0.01"	"0.005"	"0.01"	"100000"	"10000"	"200"	"8497925007483190395"	95000	"slope"	-0.74521314
"0.35"	"0.6"	"0.45"	"0.01"	"0.005"	"0.01"	"100000"	"10000"	"200"	"8497925007483190395"	95000	"intercept"	0.99677027
"0.35"	"0.6"	"0.45"	"0.01"	"0.005"	"0.01"	"100000"	"10000"	"200"	"8497925007483190395"	100000	"slope"	-0.7230946
"0.35"	"0.6"	"0.45"	"0.01"	"0.005"	"0.01"	"100000"	"10000"	"200"	"8497925007483190395"	100000	"intercept"	0.97784017
"0.35"	"0.8"	"0.45"	"0.01"	"0.005"	"0.01"	"100000"	"10000"	"200"	"5479786827190112844"	10	"slope"	-3.20225e-05
"0.35"	"0.8"	"0.45"	"0.01"	"0.005"	"0.01"	"100000"	"10000"	"200"	"5479786827190112844"	10	"intercept"	0.4998937
"0.35"	"0.8"	"0.45"	"0.01"	"0.005"	"0.01"	"100000"	"10000"	"200"	"5479786827190112844"	5000	"slope"	-0.06850708717
"0.35"	"0.8"	"0.45"	"0.01"	"0.005"	"0.01"	"100000"	"10000"	"200"	"5479786827190112844"	5000	"intercept"	0.544410335
"0.35"	"0.8"	"0.45"	"0.01"	"0.005"	"0.01"	"100000"	"10000"	"200"	"5479786827190112844"	10000	"slope"	-0.1558767105
"0.35"	"0.8"	"0.45"	"0.01"	"0.005"	"0.01"	"100000"	"10000"	"200"	"5479786827190112844"	10000	"intercept"	0.598446015
"0.35"	"0.8"	"0.45"	"0.01"	"0.005"	"0.01"	"100000"	"10000"	"200"	"5479786827190112844"	15000	"slope"	-0.256271825
"0.35"	"0.8"	"0.45"	"0.01"	"0.005"	"0.01"	"100000"	"10000"	"200"	"5479786827190112844"	15000	"intercept"	0.67018475
"0.35"	"0.8"	"0.45"	"0.01"	"0.005"	"0.01"	"100000"	"10000"	"200"	"5479786827190112844"	20000	"slope"	-0.384098785
"0.35"	"0.8"	"0.45"	"0.01"	"0.005"	"0.01"	"100000"	"10000"	"200"	"5479786827190112844"	20000	"intercept"	0.73687849
"0.35"	"0.8"	"0.45"	"0.01"	"0.005"	"0.01"	"100000"	"10000"	"200"	"5479786827190112844"	25000	"slope"	-0.47034399
"0.35"	"0.8"	"0.45"	"0.01"	"0.005"	"0.01"	"100000"	"10000"	"200"	"5479786827190112844"	25000	"intercept"	0.783306835
"0.35"	"0.8"	"0.45"	"0.01"	"0.005"	"0.01"	"100000"	"10000"	"200"	"5479786827190112844"	30000	"slope"	-0.5549302
"0.35"	"0.8"	"0.45"	"0.01"	"0.005"	"0.01"	"100000"	"10000"	"200"	"5479786827190112844"	30000	"intercept"	0.85084396
"0.35"	"0.8"	"0.45"	"0.01"	"0.005"	"0.01"	"100000"	"10000"	"200"	"5479786827190112844"	35000	"slope"	-0.62627173
"0.35"	"0.8"	"0.45"	"0.01"	"0.005"	"0.01"	"100000"	"10000"	"200"	"5479786827190112844"	35000	"intercept"	0.898277615
"0.35"	"0.8"	"0.45"	"0.01"	"0.005"	"0.01"	"100000"	"10000"	"200"	"5479786827190112844"	40000	"slope"	-0.728007555
"0.35"	"0.8"	"0.45"	"0.01"	"0.005"	"0.01"	"100000"	"10000"	"200"	"5479786827190112844"	40000	"intercept"	0.96785966
"0.35"	"0.8"	"0.45"	"0.01"	"0.005"	"0.01"	"100000"	"10000"	"200"	"5479786827190112844"	45000	"slope"	-0.80351375
"0.35"	"0.8"	"0.45"	"0.01"	"0.005"	"0.01"	"100000"	"10000"	"200"	"5479786827190112844"	45000	"intercept"	1.008043485
"0.35"	"0.8"	"0.45"	"0.01"	"0.005"	"0.01"	"100000"	"10000"	"200"	"5479786827190112844"	50000	"slope"	-0.86131152
"0.35"	"0.8"	"0.45"	"0.01"	"0.005"	"0.01"	"100000"	"10000"	"200"	"5479786827190112844"	50000	"intercept"	1.05334183
"0.35"	"0.8"	"0.45"	"0.01"	"0.005"	"0.01"	"100000"	"10000"	"200"	"5479786827190112844"	55000	"slope"	-0.944590775
"0.35"	"0.8"	"0.45"	"0.01"	"0.005"	"0.01"	"100000"	"10000"	"200"	"5479786827190112844"	55000	"intercept"	1.10489025
"0.35"	"0.8"	"0.45"	"0.01"	"0.005"	"0.01"	"100000"	"10000"	"200"	"5479786827190112844"	60000	"slope"	-0.930479765
"0.35"	"0.8"	"0.45"	"0.01"	"0.005"	"0.01"	"100000"	"10000"	"200"	"5479786827190112844"	60000	"intercept"	1.1042635
"0.35"	"0.8"	"0.45"	"0.01"	"0.005"	"0.01"	"100000"	"10000"	"200"	"5479786827190112844"	65000	"slope"	-0.981333625
"0.35"	"0.8"	"0.45"	"0.01"	"0.005"	"0.01"	"100000"	"10000"	"200"	"5479786827190112844"	65000	"intercept"	1.1315381
"0.35"	"0.8"	"0.45"	"0.01"	"0.005"	"0.01"	"100000"	"10000"	"200"	"5479786827190112844"	70000	"slope"	-1.00534775
"0.35"	"0.8"	"0.45"	"0.01"	"0.005"	"0.01"	"100000"	"10000"	"200"	"5479786827190112844"	70000	"intercept"	1.15803775
"0.35"	"0.8"	"0.45"	"0.01"	"0.005"	"0.01"	"100000"	"10000"	"200"	"5479786827190112844"	75000	"slope"	-0.9862381
"0.35"	"0.8"	"0.45"	"0.01"	"0.005"	"0.01"	"100000"	"10000"	"200"	"5479786827190112844"	75000	"intercept"	1.1350787
"0.35"	"0.8"	"0.45"	"0.01"	"0.005"	"0.01"	"100000"	"10000"	"200"	"5479786827190112844"	80000	"slope"	-1.028924155
"0.35"	"0.8"	"0.45"	"0.01"	"0.005"	"0.01"	"100000"	"10000"	"200"	"5479786827190112844"	80000	"intercept"	1.1642153
"0.35"	"0.8"	"0.45"	"0.01"	"0.005"	"0.01"	"100000"	"10000"	"200"	"5479786827190112844"	85000	"slope"	-0.977971635
"0.35"	"0.8"	"0.45"	"0.01"	"0.005"	"0.01"	"100000"	"10000"	"200"	"5479786827190112844"	85000	"intercept"	1.12074555
"0.35"	"0.8"	"0.45"	"0.01"	"0.005"	"0.01"	"100000"	"10000"	"200"	"5479786827190112844"	90000	"slope"	-0.955398335
"0.35"	"0.8"	"0.45"	"0.01"	"0.005"	"0.01"	"100000"	"10000"	"200"	"5479786827190112844"	90000	"intercept"	1.11642035
"0.35"	"0.8"	"0.45"	"0.01"	"0.005"	"0.01"	"100000"	"10000"	"200"	"5479786827190112844"	95000	"slope"	-0.946193665
"0.35"	"0.8"	"0.45"	"0.01"	"0.005"	"0.01"	"100000"	"10000"	"200"	"5479786827190112844"	95000	"intercept"	1.10823795
"0.35"	"0.8"	"0.45"	"0.01"	"0.005"	"0.01"	"100000"	"10000"	"200"	"5479786827190112844"	100000	"slope"	-0.942568765
"0.35"	"0.8"	"0.45"	"0.01"	"0.005"	"0.01"	"100000"	"10000"	"200"	"5479786827190112844"	100000	"intercept"	1.10133525
"0.35"	"0.8"	"0.45"	"0.01"	"0.005"	"0.01"	"100000"	"10000"	"200"	"6918822159414962419"	10	"slope"	0.000171015275
"0.35"	"0.8"	"0.45"	"0.01"	"0.005"	"0.01"	"100000"	"10000"	"200"	"6918822159414962419"	10	"intercept"	0.49992824
"0.35"	"0.8"	"0.45"	"0.01"	"0.005"	"0.01"	"100000"	"10000"	"200"	"6918822159414962419"	5000	"slope"	-0.08175380475
"0.35"	"0.8"	"0.45"	"0.01"	"0.005"	"0.01"	"100000"	"10000"	"200"	"6918822159414962419"	5000	"intercept"	0.550573915
"0.35"	"0.8"	"0.45"	"0.01"	"0.005"	"0.01"	"100000"	"10000"	"200"	"6918822159414962419"	10000	"slope"	-0.1738780885
"0.35"	"0.8"	"0.45"	"0.01"	"0.005"	"0.01"	"100000"	"10000"	"200"	"6918822159414962419"	10000	"intercept"	0.61322299
"0.35"	"0.8"	"0.45"	"0.01"	"0.005"	"0.01"	"100000"	"10000"	"200"	"6918822159414962419"	15000	"slope"	-0.25066712
"0.35"	"0.8"	"0.45"	"0.01"	"0.005"	"0.01"	"100000"	"10000"	"200"	"6918822159414962419"	15000	"intercept"	0.644220775
"0.35"	"0.8"	"0.45"	"0.01"	"0.005"	"0.01"	"100000"	"10000"	"200"	"6918822159414962419"	20000	"slope"	-0.393644445
"0.35"	"0.8"	"0.45"	"0.01"	"0.005"	"0.01"	"100000"	"10000"	"200"	"6918822159414962419"	20000	"intercept"	0.730567595
"0.35"	"0.8"	"0.45"	"0.01"	"0.005"	"0.01"	"100000"	"10000"	"200"	"6918822159414962419"	25000	"slope"	-0.453024215
"0.35"	"0.8"	"0.45"	"0.01"	"0.005"	"0.01"	"100000"	"10000"	"200"	"6918822159414962419"	25000	"intercept"	0.78676258
"0.35"	"0.8"	"0.45"	"0.01"	"0.005"	"0.01"	"100000"	"10000"	"200"	"6918822159414962419"	30000	"slope"	-0.55763556
"0.35"	"0.8"	"0.45"	"0.01"	"0.005"	"0.01"	"100000"	"10000"	"200"	"6918822159414962419"	30000	"intercept"	0.85504783
"0.35"	"0.8"	"0.45"	"0.01"	"0.005"	"0.01"	"100000"	"10000"	"200"	"6918822159414962419"	35000	"slope"	-0.63439482
"0.35"	"0.8"	"0.45"	"0.01"	"0.005"	"0.01"	"100000"	"10000"	"200"	"6918822159414962419"	35000	"intercept"	0.898272055
"0.35"	"0.8"	"0.45"	"0.01"	"0.005"	"0.01"	"100000"	"10000"	"200"	"6918822159414962419"	40000	"slope"	-0.70995447
"0.35"	"0.8"	"0.45"	"0.01"	"0.005"	"0.01"	"100000"	"10000"	"200"	"6918822159414962419"	40000	"intercept"	0.957280525
"0.35"	"0.8"	"0.45"	"0.01"	"0.005"	"0.01"	"100000"	"10000"	"200"	"6918822159414962419"	45000	"slope"	-0.79073461
"0.35"	"0.8"	"0.45"	"0.01"	"0.005"	"0.01"	"100000"	"10000"	"200"	"6918822159414962419"	45000	"intercept"	0.99988857
"0.35"	"0.8"	"0.45"	"0.01"	"0.005"	"0.01"	"100000"	"10000"	"200"	"6918822159414962419"	50000	"slope"	-0.8293439
"0.35"	"0.8"	"0.45"	"0.01"	"0.005"	"0.01"	"100000"	"10000"	"200"	"6918822159414962419"	50000	"intercept"	1.033764975
"0.35"	"0.8"	"0.45"	"0.01"	"0.005"	"0.01"	"100000"	"10000"	"200"	"6918822159414962419"	55000	"slope"	-0.899360565
"0.35"	"0.8"	"0.45"	"0.01"	"0.005"	"0.01"	"100000"	"10000"	"200"	"6918822159414962419"	55000	"intercept"	1.073399525
"0.35"	"0.8"	"0.45"	"0.01"	"0.005"	"0.01"	"100000"	"10000"	"200"	"6918822159414962419"	60000	"slope"	-0.940492805
"0.35"	"0.8"	"0.45"	"0.01"	"0.005"	"0.01"	"100000"	"10000"	"200"	"6918822159414962419"	60000	"intercept"	1.10062194
"0.35"	"0.8"	"0.45"	"0.01"	"0.005"	"0.01"	"100000"	"10000"	"200"	"6918822159414962419"	65000	"slope"	-0.96147085
"0.35"	"0.8"	"0.45"	"0.01"	"0.005"	"0.01"	"100000"	"10000"	"200"	"6918822159414962419"	65000	"intercept"	1.11341355
"0.35"	"0.8"	"0.45"	"0.01"	"0.005"	"0.01"	"100000"	"10000"	"200"	"6918822159414962419"	70000	"slope"	-0.95357543
"0.35"	"0.8"	"0.45"	"0.01"	"0.005"	"0.01"	"100000"	"10000"	"200"	"6918822159414962419"	70000	"intercept"	1.108326215
"0.35"	"0.8"	"0.45"	"0.01"	"0.005"	"0.01"	"100000"	"10000"	"200"	"6918822159414962419"	75000	"slope"	-0.939728495
"0.35"	"0.8"	"0.45"	"0.01"	"0.005"	"0.01"	"100000"	"10000"	"200"	"6918822159414962419"	75000	"intercept"	1.1076787
"0.35"	"0.8"	"0.45"	"0.01"	"0.005"	"0.01"	"100000"	"10000"	"200"	"6918822159414962419"	80000	"slope"	-0.95320008
"0.35"	"0.8"	"0.45"	"0.01"	"0.005"	"0.01"	"100000"	"10000"	"200"	"6918822159414962419"	80000	"intercept"	1.11232615
"0.35"	"0.8"	"0.45"	"0.01"	"0.005"	"0.01"	"100000"	"10000"	"200"	"6918822159414962419"	85000	"slope"	-0.97146687
"0.35"	"0.8"	"0.45"	"0.01"	"0.005"	"0.01"	"100000"	"10000"	"200"	"6918822159414962419"	85000	"intercept"	1.12572855
"0.35"	"0.8"	"0.45"	"0.01"	"0.005"	"0.01"	"100000"	"10000"	"200"	"6918822159414962419"	90000	"slope"	-0.96498623
"0.35"	"0.8"	"0.45"	"0.01"	"0.005"	"0.01"	"100000"	"10000"	"200"	"6918822159414962419"	90000	"intercept"	1.12339375
"0.35"	"0.8"	"0.45"	"0.01"	"0.005"	"0.01"	"100000"	"10000"	"200"	"6918822159414962419"	95000	"slope"	-1.02192422
"0.35"	"0.8"	"0.45"	"0.01"	"0.005"	"0.01"	"100000"	"10000"	"200"	"6918822159414962419"	95000	"intercept"	1.15882455
"0.35"	"0.8"	"0.45"	"0.01"	"0.005"	"0.01"	"100000"	"10000"	"200"	"6918822159414962419"	100000	"slope"	-1.007039875
"0.35"	"0.8"	"0.45"	"0.01"	"0.005"	"0.01"	"100000"	"10000"	"200"	"6918822159414962419"	100000	"intercept"	1.1482627
"0.35"	"0.8"	"0.45"	"0.01"	"0.005"	"0.01"	"100000"	"10000"	"200"	"7900311083395367766"	10	"slope"	2.184465e-05
"0.35"	"0.8"	"0.45"	"0.01"	"0.005"	"0.01"	"100000"	"10000"	"200"	"7900311083395367766"	10	"intercept"	0.499745275
"0.35"	"0.8"	"0.45"	"0.01"	"0.005"	"0.01"	"100000"	"10000"	"200"	"7900311083395367766"	5000	"slope"	-0.0550753554
"0.35"	"0.8"	"0.45"	"0.01"	"0.005"	"0.01"	"100000"	"10000"	"200"	"7900311083395367766"	5000	"intercept"	0.541204925
"0.35"	"0.8"	"0.45"	"0.01"	"0.005"	"0.01"	"100000"	"10000"	"200"	"7900311083395367766"	10000	"slope"	-0.1541858705
"0.35"	"0.8"	"0.45"	"0.01"	"0.005"	"0.01"	"100000"	"10000"	"200"	"7900311083395367766"	10000	"intercept"	0.57924248
"0.35"	"0.8"	"0.45"	"0.01"	"0.005"	"0.01"	"100000"	"10000"	"200"	"7900311083395367766"	15000	"slope"	-0.279722745
"0.35"	"0.8"	"0.45"	"0.01"	"0.005"	"0.01"	"100000"	"10000"	"200"	"7900311083395367766"	15000	"intercept"	0.66909143
"0.35"	"0.8"	"0.45"	"0.01"	"0.005"	"0.01"	"100000"	"10000"	"200"	"7900311083395367766"	20000	"slope"	-0.348300385
"0.35"	"0.8"	"0.45"	"0.01"	"0.005"	"0.01"	"100000"	"10000"	"200"	"7900311083395367766"	20000	"intercept"	0.7143492
"0.35"	"0.8"	"0.45"	"0.01"	"0.005"	"0.01"	"100000"	"10000"	"200"	"7900311083395367766"	25000	"slope"	-0.456887965
"0.35"	"0.8"	"0.45"	"0.01"	"0.005"	"0.01"	"100000"	"10000"	"200"	"7900311083395367766"	25000	"intercept"	0.783525965
"0.35"	"0.8"	"0.45"	"0.01"	"0.005"	"0.01"	"100000"	"10000"	"200"	"7900311083395367766"	30000	"slope"	-0.541395485
"0.35"	"0.8"	"0.45"	"0.01"	"0.005"	"0.01"	"100000"	"10000"	"200"	"7900311083395367766"	30000	"intercept"	0.84724063
"0.35"	"0.8"	"0.45"	"0.01"	"0.005"	"0.01"	"100000"	"10000"	"200"	"7900311083395367766"	35000	"slope"	-0.632821755
"0.35"	"0.8"	"0.45"	"0.01"	"0.005"	"0.01"	"100000"	"10000"	"200"	"7900311083395367766"	35000	"intercept"	0.911336135
"0.35"	"0.8"	"0.45"	"0.01"	"0.005"	"0.01"	"100000"	"10000"	"200"	"7900311083395367766"	40000	"slope"	-0.751912835
"0.35"	"0.8"	"0.45"	"0.01"	"0.005"	"0.01"	"100000"	"10000"	"200"	"7900311083395367766"	40000	"intercept"	0.9775936
"0.35"	"0.8"	"0.45"	"0.01"	"0.005"	"0.01"	"100000"	"10000"	"200"	"7900311083395367766"	45000	"slope"	-0.776979535
"0.35"	"0.8"	"0.45"	"0.01"	"0.005"	"0.01"	"100000"	"10000"	"200"	"7900311083395367766"	45000	"intercept"	0.991821745
"0.35"	"0.8"	"0.45"	"0.01"	"0.005"	"0.01"	"100000"	"10000"	"200"	"7900311083395367766"	50000	"slope"	-0.81599431
"0.35"	"0.8"	"0.45"	"0.01"	"0.005"	"0.01"	"100000"	"10000"	"200"	"7900311083395367766"	50000	"intercept"	1.01614351
"0.35"	"0.8"	"0.45"	"0.01"	"0.005"	"0.01"	"100000"	"10000"	"200"	"7900311083395367766"	55000	"slope"	-0.855015635
"0.35"	"0.8"	"0.45"	"0.01"	"0.005"	"0.01"	"100000"	"10000"	"200"	"7900311083395367766"	55000	"intercept"	1.044672595
"0.35"	"0.8"	"0.45"	"0.01"	"0.005"	"0.01"	"100000"	"10000"	"200"	"7900311083395367766"	60000	"slope"	-0.89743368
"0.35"	"0.8"	"0.45"	"0.01"	"0.005"	"0.01"	"100000"	"10000"	"200"	"7900311083395367766"	60000	"intercept"	1.074613725
"0.35"	"0.8"	"0.45"	"0.01"	"0.005"	"0.01"	"100000"	"10000"	"200"	"7900311083395367766"	65000	"slope"	-0.94431354
"0.35"	"0.8"	"0.45"	"0.01"	"0.005"	"0.01"	"100000"	"10000"	"200"	"7900311083395367766"	65000	"intercept"	1.109336555
"0.35"	"0.8"	"0.45"	"0.01"	"0.005"	"0.01"	"100000"	"10000"	"200"	"7900311083395367766"	70000	"slope"	-0.95647227
"0.35"	"0.8"	"0.45"	"0.01"	"0.005"	"0.01"	"100000"	"10000"	"200"	"7900311083395367766"	70000	"intercept"	1.1132993
"0.35"	"0.8"	"0.45"	"0.01"	"0.005"	"0.01"	"100000"	"10000"	"200"	"7900311083395367766"	75000	"slope"	-0.97184066
"0.35"	"0.8"	"0.45"	"0.01"	"0.005"	"0.01"	"100000"	"10000"	"200"	"7900311083395367766"	75000	"intercept"	1.1242929
"0.35"	"0.8"	"0.45"	"0.01"	"0.005"	"0.01"	"100000"	"10000"	"200"	"7900311083395367766"	80000	"slope"	-0.992905735
"0.35"	"0.8"	"0.45"	"0.01"	"0.005"	"0.01"	"100000"	"10000"	"200"	"7900311083395367766"	80000	"intercept"	1.14861655
"0.35"	"0.8"	"0.45"	"0.01"	"0.005"	"0.01"	"100000"	"10000"	"200"	"7900311083395367766"	85000	"slope"	-1.01172452
"0.35"	"0.8"	"0.45"	"0.01"	"0.005"	"0.01"	"100000"	"10000"	"200"	"7900311083395367766"	85000	"intercept"	1.14462885
"0.35"	"0.8"	"0.45"	"0.01"	"0.005"	"0.01"	"100000"	"10000"	"200"	"7900311083395367766"	90000	"slope"	-0.98113658
"0.35"	"0.8"	"0.45"	"0.01"	"0.005"	"0.01"	"100000"	"10000"	"200"	"7900311083395367766"	90000	"intercept"	1.13473585
"0.35"	"0.8"	"0.45"	"0.01"	"0.005"	"0.01"	"100000"	"10000"	"200"	"7900311083395367766"	95000	"slope"	-0.990570985
"0.35"	"0.8"	"0.45"	"0.01"	"0.005"	"0.01"	"100000"	"10000"	"200"	"7900311083395367766"	95000	"intercept"	1.14348315
"0.35"	"0.8"	"0.45"	"0.01"	"0.005"	"0.01"	"100000"	"10000"	"200"	"7900311083395367766"	100000	"slope"	-0.96611618
"0.35"	"0.8"	"0.45"	"0.01"	"0.005"	"0.01"	"100000"	"10000"	"200"	"7900311083395367766"	100000	"intercept"	1.12521385
"0.45"	"0.0"	"0.45"	"0.01"	"0.005"	"0.01"	"100000"	"10000"	"200"	"5690666052274363664"	10	"slope"	-3.567826e-05
"0.45"	"0.0"	"0.45"	"0.01"	"0.005"	"0.01"	"100000"	"10000"	"200"	"5690666052274363664"	10	"intercept"	0.49997446
"0.45"	"0.0"	"0.45"	"0.01"	"0.005"	"0.01"	"100000"	"10000"	"200"	"5690666052274363664"	5000	"slope"	-0.0267445925345
"0.45"	"0.0"	"0.45"	"0.01"	"0.005"	"0.01"	"100000"	"10000"	"200"	"5690666052274363664"	5000	"intercept"	0.60300955
"0.45"	"0.0"	"0.45"	"0.01"	"0.005"	"0.01"	"100000"	"10000"	"200"	"5690666052274363664"	10000	"slope"	-0.0409282525
"0.45"	"0.0"	"0.45"	"0.01"	"0.005"	"0.01"	"100000"	"10000"	"200"	"5690666052274363664"	10000	"intercept"	0.609861765
"0.45"	"0.0"	"0.45"	"0.01"	"0.005"	"0.01"	"100000"	"10000"	"200"	"5690666052274363664"	15000	"slope"	-0.0990806365
"0.45"	"0.0"	"0.45"	"0.01"	"0.005"	"0.01"	"100000"	"10000"	"200"	"5690666052274363664"	15000	"intercept"	0.642760515
"0.45"	"0.0"	"0.45"	"0.01"	"0.005"	"0.01"	"100000"	"10000"	"200"	"5690666052274363664"	20000	"slope"	-0.098115881
"0.45"	"0.0"	"0.45"	"0.01"	"0.005"	"0.01"	"100000"	"10000"	"200"	"5690666052274363664"	20000	"intercept"	0.65634093
"0.45"	"0.0"	"0.45"	"0.01"	"0.005"	"0.01"	"100000"	"10000"	"200"	"5690666052274363664"	25000	"slope"	-0.1343082325
"0.45"	"0.0"	"0.45"	"0.01"	"0.005"	"0.01"	"100000"	"10000"	"200"	"5690666052274363664"	25000	"intercept"	0.67776664
"0.45"	"0.0"	"0.45"	"0.01"	"0.005"	"0.01"	"100000"	"10000"	"200"	"5690666052274363664"	30000	"slope"	-0.1419886145
"0.45"	"0.0"	"0.45"	"0.01"	"0.005"	"0.01"	"100000"	"10000"	"200"	"5690666052274363664"	30000	"intercept"	0.677867715
"0.45"	"0.0"	"0.45"	"0.01"	"0.005"	"0.01"	"100000"	"10000"	"200"	"5690666052274363664"	35000	"slope"	-0.144276046
"0.45"	"0.0"	"0.45"	"0.01"	"0.005"	"0.01"	"100000"	"10000"	"200"	"5690666052274363664"	35000	"intercept"	0.67509407
"0.45"	"0.0"	"0.45"	"0.01"	"0.005"	"0.01"	"100000"	"10000"	"200"	"5690666052274363664"	40000	"slope"	-0.1595228295
"0.45"	"0.0"	"0.45"	"0.01"	"0.005"	"0.01"	"100000"	"10000"	"200"	"5690666052274363664"	40000	"intercept"	0.684479615
"0.45"	"0.0"	"0.45"	"0.01"	"0.005"	"0.01"	"100000"	"10000"	"200"	"5690666052274363664"	45000	"slope"	-0.1601435305
"0.45"	"0.0"	"0.45"	"0.01"	"0.005"	"0.01"	"100000"	"10000"	"200"	"5690666052274363664"	45000	"intercept"	0.69040889
"0.45"	"0.0"	"0.45"	"0.01"	"0.005"	"0.01"	"100000"	"10000"	"200"	"5690666052274363664"	50000	"slope"	-0.117095739
"0.45"	"0.0"	"0.45"	"0.01"	"0.005"	"0.01"	"100000"	"10000"	"200"	"5690666052274363664"	50000	"intercept"	0.659831185
"0.45"	"0.0"	"0.45"	"0.01"	"0.005"	"0.01"	"100000"	"10000"	"200"	"5690666052274363664"	55000	"slope"	-0.07233687312
"0.45"	"0.0"	"0.45"	"0.01"	"0.005"	"0.01"	"100000"	"10000"	"200"	"5690666052274363664"	55000	"intercept"	0.633651125
"0.45"	"0.0"	"0.45"	"0.01"	"0.005"	"0.01"	"100000"	"10000"	"200"	"5690666052274363664"	60000	"slope"	-0.1463964
"0.45"	"0.0"	"0.45"	"0.01"	"0.005"	"0.01"	"100000"	"10000"	"200"	"5690666052274363664"	60000	"intercept"	0.676172815
"0.45"	"0.0"	"0.45"	"0.01"	"0.005"	"0.01"	"100000"	"10000"	"200"	"5690666052274363664"	65000	"slope"	-0.1340836175
"0.45"	"0.0"	"0.45"	"0.01"	"0.005"	"0.01"	"100000"	"10000"	"200"	"5690666052274363664"	65000	"intercept"	0.68108374
"0.45"	"0.0"	"0.45"	"0.01"	"0.005"	"0.01"	"100000"	"10000"	"200"	"5690666052274363664"	70000	"slope"	-0.1561231765
"0.45"	"0.0"	"0.45"	"0.01"	"0.005"	"0.01"	"100000"	"10000"	"200"	"5690666052274363664"	70000	"intercept"	0.68209175
"0.45"	"0.0"	"0.45"	"0.01"	"0.005"	"0.01"	"100000"	"10000"	"200"	"5690666052274363664"	75000	"slope"	-0.176505984
"0.45"	"0.0"	"0.45"	"0.01"	"0.005"	"0.01"	"100000"	"10000"	"200"	"5690666052274363664"	75000	"intercept"	0.6968206
"0.45"	"0.0"	"0.45"	"0.01"	"0.005"	"0.01"	"100000"	"10000"	"200"	"5690666052274363664"	80000	"slope"	-0.1909320165
"0.45"	"0.0"	"0.45"	"0.01"	"0.005"	"0.01"	"100000"	"10000"	"200"	"5690666052274363664"	80000	"intercept"	0.704506845
"0.45"	"0.0"	"0.45"	"0.01"	"0.005"	"0.01"	"100000"	"10000"	"200"	"5690666052274363664"	85000	"slope"	-0.13111900205
"0.45"	"0.0"	"0.45"	"0.01"	"0.005"	"0.01"	"100000"	"10000"	"200"	"5690666052274363664"	85000	"intercept"	0.678619925
"0.45"	"0.0"	"0.45"	"0.01"	"0.005"	"0.01"	"100000"	"10000"	"200"	"5690666052274363664"	90000	"slope"	-0.101343861
"0.45"	"0.0"	"0.45"	"0.01"	"0.005"	"0.01"	"100000"	"10000"	"200"	"5690666052274363664"	90000	"intercept"	0.65872855
"0.45"	"0.0"	"0.45"	"0.01"	"0.005"	"0.01"	"100000"	"10000"	"200"	"5690666052274363664"	95000	"slope"	-0.09099009905
"0.45"	"0.0"	"0.45"	"0.01"	"0.005"	"0.01"	"100000"	"10000"	"200"	"5690666052274363664"	95000	"intercept"	0.650517535
"0.45"	"0.0"	"0.45"	"0.01"	"0.005"	"0.01"	"100000"	"10000"	"200"	"5690666052274363664"	100000	"slope"	-0.10963585835
"0.45"	"0.0"	"0.45"	"0.01"	"0.005"	"0.01"	"100000"	"10000"	"200"	"5690666052274363664"	100000	"intercept"	0.65749718
"0.45"	"0.0"	"0.45"	"0.01"	"0.005"	"0.01"	"100000"	"10000"	"200"	"6238257311558794236"	10	"slope"	1.9494475e-05
"0.45"	"0.0"	"0.45"	"0.01"	"0.005"	"0.01"	"100000"	"10000"	"200"	"6238257311558794236"	10	"intercept"	0.49980713
"0.45"	"0.0"	"0.45"	"0.01"	"0.005"	"0.01"	"100000"	"10000"	"200"	"6238257311558794236"	5000	"slope"	-0.014910789
"0.45"	"0.0"	"0.45"	"0.01"	"0.005"	"0.01"	"100000"	"10000"	"200"	"6238257311558794236"	5000	"intercept"	0.593227505
"0.45"	"0.0"	"0.45"	"0.01"	"0.005"	"0.01"	"100000"	"10000"	"200"	"6238257311558794236"	10000	"slope"	-0.0780865675
"0.45"	"0.0"	"0.45"	"0.01"	"0.005"	"0.01"	"100000"	"10000"	"200"	"6238257311558794236"	10000	"intercept"	0.641875195
"0.45"	"0.0"	"0.45"	"0.01"	"0.005"	"0.01"	"100000"	"10000"	"200"	"6238257311558794236"	15000	"slope"	-0.1196907065
"0.45"	"0.0"	"0.45"	"0.01"	"0.005"	"0.01"	"100000"	"10000"	"200"	"6238257311558794236"	15000	"intercept"	0.66546035
"0.45"	"0.0"	"0.45"	"0.01"	"0.005"	"0.01"	"100000"	"10000"	"200"	"6238257311558794236"	20000	"slope"	-0.1713148305
"0.45"	"0.0"	"0.45"	"0.01"	"0.005"	"0.01"	"100000"	"10000"	"200"	"6238257311558794236"	20000	"intercept"	0.70046924
"0.45"	"0.0"	"0.45"	"0.01"	"0.005"	"0.01"	"100000"	"10000"	"200"	"6238257311558794236"	25000	"slope"	-0.1372285635
"0.45"	"0.0"	"0.45"	"0.01"	"0.005"	"0.01"	"100000"	"10000"	"200"	"6238257311558794236"	25000	"intercept"	0.67083482
"0.45"	"0.0"	"0.45"	"0.01"	"0.005"	"0.01"	"100000"	"10000"	"200"	"6238257311558794236"	30000	"slope"	-0.095553453
"0.45"	"0.0"	"0.45"	"0.01"	"0.005"	"0.01"	"100000"	"10000"	"200"	"6238257311558794236"	30000	"intercept"	0.641430955
"0.45"	"0.0"	"0.45"	"0.01"	"0.005"	"0.01"	"100000"	"10000"	"200"	"6238257311558794236"	35000	"slope"	-0.096636372
"0.45"	"0.0"	"0.45"	"0.01"	"0.005"	"0.01"	"100000"	"10000"	"200"	"6238257311558794236"	35000	"intercept"	0.638758835
"0.45"	"0.0"	"0.45"	"0.01"	"0.005"	"0.01"	"100000"	"10000"	"200"	"6238257311558794236"	40000	"slope"	-0.1057677785
"0.45"	"0.0"	"0.45"	"0.01"	"0.005"	"0.01"	"100000"	"10000"	"200"	"6238257311558794236"	40000	"intercept"	0.65805956
"0.45"	"0.0"	"0.45"	"0.01"	"0.005"	"0.01"	"100000"	"10000"	"200"	"6238257311558794236"	45000	"slope"	-0.115763042
"0.45"	"0.0"	"0.45"	"0.01"	"0.005"	"0.01"	"100000"	"10000"	"200"	"6238257311558794236"	45000	"intercept"	0.66411278
"0.45"	"0.0"	"0.45"	"0.01"	"0.005"	"0.01"	"100000"	"10000"	"200"	"6238257311558794236"	50000	"slope"	-0.118246706
"0.45"	"0.0"	"0.45"	"0.01"	"0.005"	"0.01"	"100000"	"10000"	"200"	"6238257311558794236"	50000	"intercept"	0.656054115
"0.45"	"0.0"	"0.45"	"0.01"	"0.005"	"0.01"	"100000"	"10000"	"200"	"6238257311558794236"	55000	"slope"	-0.1098163365
"0.45"	"0.0"	"0.45"	"0.01"	"0.005"	"0.01"	"100000"	"10000"	"200"	"6238257311558794236"	55000	"intercept"	0.648387515
"0.45"	"0.0"	"0.45"	"0.01"	"0.005"	"0.01"	"100000"	"10000"	"200"	"6238257311558794236"	60000	"slope"	-0.1111618965
"0.45"	"0.0"	"0.45"	"0.01"	"0.005"	"0.01"	"100000"	"10000"	"200"	"6238257311558794236"	60000	"intercept"	0.650376365
"0.45"	"0.0"	"0.45"	"0.01"	"0.005"	"0.01"	"100000"	"10000"	"200"	"6238257311558794236"	65000	"slope"	-0.12482878405
"0.45"	"0.0"	"0.45"	"0.01"	"0.005"	"0.01"	"100000"	"10000"	"200"	"6238257311558794236"	65000	"intercept"	0.667518285
"0.45"	"0.0"	"0.45"	"0.01"	"0.005"	"0.01"	"100000"	"10000"	"200"	"6238257311558794236"	70000	"slope"	-0.1095522025
"0.45"	"0.0"	"0.45"	"0.01"	"0.005"	"0.01"	"100000"	"10000"	"200"	"6238257311558794236"	70000	"intercept"	0.660027905
"0.45"	"0.0"	"0.45"	"0.01"	"0.005"	"0.01"	"100000"	"10000"	"200"	"6238257311558794236"	75000	"slope"	-0.116095824
"0.45"	"0.0"	"0.45"	"0.01"	"0.005"	"0.01"	"100000"	"10000"	"200"	"6238257311558794236"	75000	"intercept"	0.66641619
"0.45"	"0.0"	"0.45"	"0.01"	"0.005"	"0.01"	"100000"	"10000"	"200"	"6238257311558794236"	80000	"slope"	-0.126278068
"0.45"	"0.0"	"0.45"	"0.01"	"0.005"	"0.01"	"100000"	"10000"	"200"	"6238257311558794236"	80000	"intercept"	0.665641295
"0.45"	"0.0"	"0.45"	"0.01"	"0.005"	"0.01"	"100000"	"10000"	"200"	"6238257311558794236"	85000	"slope"	-0.11844252
"0.45"	"0.0"	"0.45"	"0.01"	"0.005"	"0.01"	"100000"	"10000"	"200"	"6238257311558794236"	85000	"intercept"	0.65983309
"0.45"	"0.0"	"0.45"	"0.01"	"0.005"	"0.01"	"100000"	"10000"	"200"	"6238257311558794236"	90000	"slope"	-0.146549336
"0.45"	"0.0"	"0.45"	"0.01"	"0.005"	"0.01"	"100000"	"10000"	"200"	"6238257311558794236"	90000	"intercept"	0.68139459
"0.45"	"0.0"	"0.45"	"0.01"	"0.005"	"0.01"	"100000"	"10000"	"200"	"6238257311558794236"	95000	"slope"	-0.156104175
"0.45"	"0.0"	"0.45"	"0.01"	"0.005"	"0.01"	"100000"	"10000"	"200"	"6238257311558794236"	95000	"intercept"	0.68576392
"0.45"	"0.0"	"0.45"	"0.01"	"0.005"	"0.01"	"100000"	"10000"	"200"	"6238257311558794236"	100000	"slope"	-0.1735104375
"0.45"	"0.0"	"0.45"	"0.01"	"0.005"	"0.01"	"100000"	"10000"	"200"	"6238257311558794236"	100000	"intercept"	0.70064523
"0.45"	"0.0"	"0.45"	"0.01"	"0.005"	"0.01"	"100000"	"10000"	"200"	"806589434930878737"	10	"slope"	0.0001171774
"0.45"	"0.0"	"0.45"	"0.01"	"0.005"	"0.01"	"100000"	"10000"	"200"	"806589434930878737"	10	"intercept"	0.499854855
"0.45"	"0.0"	"0.45"	"0.01"	"0.005"	"0.01"	"100000"	"10000"	"200"	"806589434930878737"	5000	"slope"	-0.002264116248
"0.45"	"0.0"	"0.45"	"0.01"	"0.005"	"0.01"	"100000"	"10000"	"200"	"806589434930878737"	5000	"intercept"	0.586902025
"0.45"	"0.0"	"0.45"	"0.01"	"0.005"	"0.01"	"100000"	"10000"	"200"	"806589434930878737"	10000	"slope"	-0.03106990373
"0.45"	"0.0"	"0.45"	"0.01"	"0.005"	"0.01"	"100000"	"10000"	"200"	"806589434930878737"	10000	"intercept"	0.60684504
"0.45"	"0.0"	"0.45"	"0.01"	"0.005"	"0.01"	"100000"	"10000"	"200"	"806589434930878737"	15000	"slope"	-0.0310747688955
"0.45"	"0.0"	"0.45"	"0.01"	"0.005"	"0.01"	"100000"	"10000"	"200"	"806589434930878737"	15000	"intercept"	0.607694825
"0.45"	"0.0"	"0.45"	"0.01"	"0.005"	"0.01"	"100000"	"10000"	"200"	"806589434930878737"	20000	"slope"	-0.075953122491
"0.45"	"0.0"	"0.45"	"0.01"	"0.005"	"0.01"	"100000"	"10000"	"200"	"806589434930878737"	20000	"intercept"	0.63263683
"0.45"	"0.0"	"0.45"	"0.01"	"0.005"	"0.01"	"100000"	"10000"	"200"	"806589434930878737"	25000	"slope"	-0.09926089996
"0.45"	"0.0"	"0.45"	"0.01"	"0.005"	"0.01"	"100000"	"10000"	"200"	"806589434930878737"	25000	"intercept"	0.64799389
"0.45"	"0.0"	"0.45"	"0.01"	"0.005"	"0.01"	"100000"	"10000"	"200"	"806589434930878737"	30000	"slope"	-0.09482017853
"0.45"	"0.0"	"0.45"	"0.01"	"0.005"	"0.01"	"100000"	"10000"	"200"	"806589434930878737"	30000	"intercept"	0.644205455
"0.45"	"0.0"	"0.45"	"0.01"	"0.005"	"0.01"	"100000"	"10000"	"200"	"806589434930878737"	35000	"slope"	-0.1282886435
"0.45"	"0.0"	"0.45"	"0.01"	"0.005"	"0.01"	"100000"	"10000"	"200"	"806589434930878737"	35000	"intercept"	0.665684685
"0.45"	"0.0"	"0.45"	"0.01"	"0.005"	"0.01"	"100000"	"10000"	"200"	"806589434930878737"	40000	"slope"	-0.1072710205
"0.45"	"0.0"	"0.45"	"0.01"	"0.005"	"0.01"	"100000"	"10000"	"200"	"806589434930878737"	40000	"intercept"	0.654176175
"0.45"	"0.0"	"0.45"	"0.01"	"0.005"	"0.01"	"100000"	"10000"	"200"	"806589434930878737"	45000	"slope"	-0.1002489362
"0.45"	"0.0"	"0.45"	"0.01"	"0.005"	"0.01"	"100000"	"10000"	"200"	"806589434930878737"	45000	"intercept"	0.6483302
"0.45"	"0.0"	"0.45"	"0.01"	"0.005"	"0.01"	"100000"	"10000"	"200"	"806589434930878737"	50000	"slope"	-0.10665176
"0.45"	"0.0"	"0.45"	"0.01"	"0.005"	"0.01"	"100000"	"10000"	"200"	"806589434930878737"	50000	"intercept"	0.648474015
"0.45"	"0.0"	"0.45"	"0.01"	"0.005"	"0.01"	"100000"	"10000"	"200"	"806589434930878737"	55000	"slope"	-0.071414726245
"0.45"	"0.0"	"0.45"	"0.01"	"0.005"	"0.01"	"100000"	"10000"	"200"	"806589434930878737"	55000	"intercept"	0.629186815
"0.45"	"0.0"	"0.45"	"0.01"	"0.005"	"0.01"	"100000"	"10000"	"200"	"806589434930878737"	60000	"slope"	-0.1122096361
"0.45"	"0.0"	"0.45"	"0.01"	"0.005"	"0.01"	"100000"	"10000"	"200"	"806589434930878737"	60000	"intercept"	0.661103495
"0.45"	"0.0"	"0.45"	"0.01"	"0.005"	"0.01"	"100000"	"10000"	"200"	"806589434930878737"	65000	"slope"	-0.1155502525
"0.45"	"0.0"	"0.45"	"0.01"	"0.005"	"0.01"	"100000"	"10000"	"200"	"806589434930878737"	65000	"intercept"	0.661686825
"0.45"	"0.0"	"0.45"	"0.01"	"0.005"	"0.01"	"100000"	"10000"	"200"	"806589434930878737"	70000	"slope"	-0.115729392
"0.45"	"0.0"	"0.45"	"0.01"	"0.005"	"0.01"	"100000"	"10000"	"200"	"806589434930878737"	70000	"intercept"	0.65967144
"0.45"	"0.0"	"0.45"	"0.01"	"0.005"	"0.01"	"100000"	"10000"	"200"	"806589434930878737"	75000	"slope"	-0.11288872335
"0.45"	"0.0"	"0.45"	"0.01"	"0.005"	"0.01"	"100000"	"10000"	"200"	"806589434930878737"	75000	"intercept"	0.66058983
"0.45"	"0.0"	"0.45"	"0.01"	"0.005"	"0.01"	"100000"	"10000"	"200"	"806589434930878737"	80000	"slope"	-0.14085075475
"0.45"	"0.0"	"0.45"	"0.01"	"0.005"	"0.01"	"100000"	"10000"	"200"	"806589434930878737"	80000	"intercept"	0.675404135
"0.45"	"0.0"	"0.45"	"0.01"	"0.005"	"0.01"	"100000"	"10000"	"200"	"806589434930878737"	85000	"slope"	-0.1445941055
"0.45"	"0.0"	"0.45"	"0.01"	"0.005"	"0.01"	"100000"	"10000"	"200"	"806589434930878737"	85000	"intercept"	0.67526373
"0.45"	"0.0"	"0.45"	"0.01"	"0.005"	"0.01"	"100000"	"10000"	"200"	"806589434930878737"	90000	"slope"	-0.1214495325
"0.45"	"0.0"	"0.45"	"0.01"	"0.005"	"0.01"	"100000"	"10000"	"200"	"806589434930878737"	90000	"intercept"	0.662282255
"0.45"	"0.0"	"0.45"	"0.01"	"0.005"	"0.01"	"100000"	"10000"	"200"	"806589434930878737"	95000	"slope"	-0.1404863295
"0.45"	"0.0"	"0.45"	"0.01"	"0.005"	"0.01"	"100000"	"10000"	"200"	"806589434930878737"	95000	"intercept"	0.67888783
"0.45"	"0.0"	"0.45"	"0.01"	"0.005"	"0.01"	"100000"	"10000"	"200"	"806589434930878737"	100000	"slope"	-0.10709157395
"0.45"	"0.0"	"0.45"	"0.01"	"0.005"	"0.01"	"100000"	"10000"	"200"	"806589434930878737"	100000	"intercept"	0.652925705
"0.45"	"0.4"	"0.45"	"0.01"	"0.005"	"0.01"	"100000"	"10000"	"200"	"1341886421069431983"	10	"slope"	4.6782845e-05
"0.45"	"0.4"	"0.45"	"0.01"	"0.005"	"0.01"	"100000"	"10000"	"200"	"1341886421069431983"	10	"intercept"	0.50010892
"0.45"	"0.4"	"0.45"	"0.01"	"0.005"	"0.01"	"100000"	"10000"	"200"	"1341886421069431983"	5000	"slope"	-0.013517404245
"0.45"	"0.4"	"0.45"	"0.01"	"0.005"	"0.01"	"100000"	"10000"	"200"	"1341886421069431983"	5000	"intercept"	0.562405755
"0.45"	"0.4"	"0.45"	"0.01"	"0.005"	"0.01"	"100000"	"10000"	"200"	"1341886421069431983"	10000	"slope"	-0.06200353115
"0.45"	"0.4"	"0.45"	"0.01"	"0.005"	"0.01"	"100000"	"10000"	"200"	"1341886421069431983"	10000	"intercept"	0.6011719
"0.45"	"0.4"	"0.45"	"0.01"	"0.005"	"0.01"	"100000"	"10000"	"200"	"1341886421069431983"	15000	"slope"	-0.1231589765
"0.45"	"0.4"	"0.45"	"0.01"	"0.005"	"0.01"	"100000"	"10000"	"200"	"1341886421069431983"	15000	"intercept"	0.642797145
"0.45"	"0.4"	"0.45"	"0.01"	"0.005"	"0.01"	"100000"	"10000"	"200"	"1341886421069431983"	20000	"slope"	-0.1986185145
"0.45"	"0.4"	"0.45"	"0.01"	"0.005"	"0.01"	"100000"	"10000"	"200"	"1341886421069431983"	20000	"intercept"	0.697771575
"0.45"	"0.4"	"0.45"	"0.01"	"0.005"	"0.01"	"100000"	"10000"	"200"	"1341886421069431983"	25000	"slope"	-0.24245978
"0.45"	"0.4"	"0.45"	"0.01"	"0.005"	"0.01"	"100000"	"10000"	"200"	"1341886421069431983"	25000	"intercept"	0.72193769
"0.45"	"0.4"	"0.45"	"0.01"	"0.005"	"0.01"	"100000"	"10000"	"200"	"1341886421069431983"	30000	"slope"	-0.281159555
"0.45"	"0.4"	"0.45"	"0.01"	"0.005"	"0.01"	"100000"	"10000"	"200"	"1341886421069431983"	30000	"intercept"	0.7534757
"0.45"	"0.4"	"0.45"	"0.01"	"0.005"	"0.01"	"100000"	"10000"	"200"	"1341886421069431983"	35000	"slope"	-0.350197255
"0.45"	"0.4"	"0.45"	"0.01"	"0.005"	"0.01"	"100000"	"10000"	"200"	"1341886421069431983"	35000	"intercept"	0.786249255
"0.45"	"0.4"	"0.45"	"0.01"	"0.005"	"0.01"	"100000"	"10000"	"200"	"1341886421069431983"	40000	"slope"	-0.378633925
"0.45"	"0.4"	"0.45"	"0.01"	"0.005"	"0.01"	"100000"	"10000"	"200"	"1341886421069431983"	40000	"intercept"	0.800446755
"0.45"	"0.4"	"0.45"	"0.01"	"0.005"	"0.01"	"100000"	"10000"	"200"	"1341886421069431983"	45000	"slope"	-0.365870395
"0.45"	"0.4"	"0.45"	"0.01"	"0.005"	"0.01"	"100000"	"10000"	"200"	"1341886421069431983"	45000	"intercept"	0.79950419
"0.45"	"0.4"	"0.45"	"0.01"	"0.005"	"0.01"	"100000"	"10000"	"200"	"1341886421069431983"	50000	"slope"	-0.396516675
"0.45"	"0.4"	"0.45"	"0.01"	"0.005"	"0.01"	"100000"	"10000"	"200"	"1341886421069431983"	50000	"intercept"	0.802018645
"0.45"	"0.4"	"0.45"	"0.01"	"0.005"	"0.01"	"100000"	"10000"	"200"	"1341886421069431983"	55000	"slope"	-0.378352305
"0.45"	"0.4"	"0.45"	"0.01"	"0.005"	"0.01"	"100000"	"10000"	"200"	"1341886421069431983"	55000	"intercept"	0.80579995
"0.45"	"0.4"	"0.45"	"0.01"	"0.005"	"0.01"	"100000"	"10000"	"200"	"1341886421069431983"	60000	"slope"	-0.35935969
"0.45"	"0.4"	"0.45"	"0.01"	"0.005"	"0.01"	"100000"	"10000"	"200"	"1341886421069431983"	60000	"intercept"	0.794190605
"0.45"	"0.4"	"0.45"	"0.01"	"0.005"	"0.01"	"100000"	"10000"	"200"	"1341886421069431983"	65000	"slope"	-0.39291355
"0.45"	"0.4"	"0.45"	"0.01"	"0.005"	"0.01"	"100000"	"10000"	"200"	"1341886421069431983"	65000	"intercept"	0.815395695
"0.45"	"0.4"	"0.45"	"0.01"	"0.005"	"0.01"	"100000"	"10000"	"200"	"1341886421069431983"	70000	"slope"	-0.38625325
"0.45"	"0.4"	"0.45"	"0.01"	"0.005"	"0.01"	"100000"	"10000"	"200"	"1341886421069431983"	70000	"intercept"	0.80387284
"0.45"	"0.4"	"0.45"	"0.01"	"0.005"	"0.01"	"100000"	"10000"	"200"	"1341886421069431983"	75000	"slope"	-0.3861076
"0.45"	"0.4"	"0.45"	"0.01"	"0.005"	"0.01"	"100000"	"10000"	"200"	"1341886421069431983"	75000	"intercept"	0.8152287
"0.45"	"0.4"	"0.45"	"0.01"	"0.005"	"0.01"	"100000"	"10000"	"200"	"1341886421069431983"	80000	"slope"	-0.380645255
"0.45"	"0.4"	"0.45"	"0.01"	"0.005"	"0.01"	"100000"	"10000"	"200"	"1341886421069431983"	80000	"intercept"	0.81795875
"0.45"	"0.4"	"0.45"	"0.01"	"0.005"	"0.01"	"100000"	"10000"	"200"	"1341886421069431983"	85000	"slope"	-0.415517135
"0.45"	"0.4"	"0.45"	"0.01"	"0.005"	"0.01"	"100000"	"10000"	"200"	"1341886421069431983"	85000	"intercept"	0.827621565
"0.45"	"0.4"	"0.45"	"0.01"	"0.005"	"0.01"	"100000"	"10000"	"200"	"1341886421069431983"	90000	"slope"	-0.41287754
"0.45"	"0.4"	"0.45"	"0.01"	"0.005"	"0.01"	"100000"	"10000"	"200"	"1341886421069431983"	90000	"intercept"	0.840120835
"0.45"	"0.4"	"0.45"	"0.01"	"0.005"	"0.01"	"100000"	"10000"	"200"	"1341886421069431983"	95000	"slope"	-0.394662415
"0.45"	"0.4"	"0.45"	"0.01"	"0.005"	"0.01"	"100000"	"10000"	"200"	"1341886421069431983"	95000	"intercept"	0.811589925
"0.45"	"0.4"	"0.45"	"0.01"	"0.005"	"0.01"	"100000"	"10000"	"200"	"1341886421069431983"	100000	"slope"	-0.365070225
"0.45"	"0.4"	"0.45"	"0.01"	"0.005"	"0.01"	"100000"	"10000"	"200"	"1341886421069431983"	100000	"intercept"	0.78934973
"0.45"	"0.4"	"0.45"	"0.01"	"0.005"	"0.01"	"100000"	"10000"	"200"	"4515383981592668686"	10	"slope"	0.0001581386885
"0.45"	"0.4"	"0.45"	"0.01"	"0.005"	"0.01"	"100000"	"10000"	"200"	"4515383981592668686"	10	"intercept"	0.500100355
"0.45"	"0.4"	"0.45"	"0.01"	"0.005"	"0.01"	"100000"	"10000"	"200"	"4515383981592668686"	5000	"slope"	-0.041149889168
"0.45"	"0.4"	"0.45"	"0.01"	"0.005"	"0.01"	"100000"	"10000"	"200"	"4515383981592668686"	5000	"intercept"	0.589521805
"0.45"	"0.4"	"0.45"	"0.01"	"0.005"	"0.01"	"100000"	"10000"	"200"	"4515383981592668686"	10000	"slope"	-0.1026282342
"0.45"	"0.4"	"0.45"	"0.01"	"0.005"	"0.01"	"100000"	"10000"	"200"	"4515383981592668686"	10000	"intercept"	0.626339335
"0.45"	"0.4"	"0.45"	"0.01"	"0.005"	"0.01"	"100000"	"10000"	"200"	"4515383981592668686"	15000	"slope"	-0.1652406535
"0.45"	"0.4"	"0.45"	"0.01"	"0.005"	"0.01"	"100000"	"10000"	"200"	"4515383981592668686"	15000	"intercept"	0.670275045
"0.45"	"0.4"	"0.45"	"0.01"	"0.005"	"0.01"	"100000"	"10000"	"200"	"4515383981592668686"	20000	"slope"	-0.24478249
"0.45"	"0.4"	"0.45"	"0.01"	"0.005"	"0.01"	"100000"	"10000"	"200"	"4515383981592668686"	20000	"intercept"	0.719153785
"0.45"	"0.4"	"0.45"	"0.01"	"0.005"	"0.01"	"100000"	"10000"	"200"	"4515383981592668686"	25000	"slope"	-0.28460267
"0.45"	"0.4"	"0.45"	"0.01"	"0.005"	"0.01"	"100000"	"10000"	"200"	"4515383981592668686"	25000	"intercept"	0.74874899
"0.45"	"0.4"	"0.45"	"0.01"	"0.005"	"0.01"	"100000"	"10000"	"200"	"4515383981592668686"	30000	"slope"	-0.33107362
"0.45"	"0.4"	"0.45"	"0.01"	"0.005"	"0.01"	"100000"	"10000"	"200"	"4515383981592668686"	30000	"intercept"	0.771042025
"0.45"	"0.4"	"0.45"	"0.01"	"0.005"	"0.01"	"100000"	"10000"	"200"	"4515383981592668686"	35000	"slope"	-0.350210225
"0.45"	"0.4"	"0.45"	"0.01"	"0.005"	"0.01"	"100000"	"10000"	"200"	"4515383981592668686"	35000	"intercept"	0.78427285
"0.45"	"0.4"	"0.45"	"0.01"	"0.005"	"0.01"	"100000"	"10000"	"200"	"4515383981592668686"	40000	"slope"	-0.363427295
"0.45"	"0.4"	"0.45"	"0.01"	"0.005"	"0.01"	"100000"	"10000"	"200"	"4515383981592668686"	40000	"intercept"	0.79460327
"0.45"	"0.4"	"0.45"	"0.01"	"0.005"	"0.01"	"100000"	"10000"	"200"	"4515383981592668686"	45000	"slope"	-0.34871748
"0.45"	"0.4"	"0.45"	"0.01"	"0.005"	"0.01"	"100000"	"10000"	"200"	"4515383981592668686"	45000	"intercept"	0.77391704
"0.45"	"0.4"	"0.45"	"0.01"	"0.005"	"0.01"	"100000"	"10000"	"200"	"4515383981592668686"	50000	"slope"	-0.31707279
"0.45"	"0.4"	"0.45"	"0.01"	"0.005"	"0.01"	"100000"	"10000"	"200"	"4515383981592668686"	50000	"intercept"	0.758691795
"0.45"	"0.4"	"0.45"	"0.01"	"0.005"	"0.01"	"100000"	"10000"	"200"	"4515383981592668686"	55000	"slope"	-0.319804195
"0.45"	"0.4"	"0.45"	"0.01"	"0.005"	"0.01"	"100000"	"10000"	"200"	"4515383981592668686"	55000	"intercept"	0.76764067
"0.45"	"0.4"	"0.45"	"0.01"	"0.005"	"0.01"	"100000"	"10000"	"200"	"4515383981592668686"	60000	"slope"	-0.3387472
"0.45"	"0.4"	"0.45"	"0.01"	"0.005"	"0.01"	"100000"	"10000"	"200"	"4515383981592668686"	60000	"intercept"	0.773295035
"0.45"	"0.4"	"0.45"	"0.01"	"0.005"	"0.01"	"100000"	"10000"	"200"	"4515383981592668686"	65000	"slope"	-0.44552431
"0.45"	"0.4"	"0.45"	"0.01"	"0.005"	"0.01"	"100000"	"10000"	"200"	"4515383981592668686"	65000	"intercept"	0.84366438
"0.45"	"0.4"	"0.45"	"0.01"	"0.005"	"0.01"	"100000"	"10000"	"200"	"4515383981592668686"	70000	"slope"	-0.409178325
"0.45"	"0.4"	"0.45"	"0.01"	"0.005"	"0.01"	"100000"	"10000"	"200"	"4515383981592668686"	70000	"intercept"	0.82404333
"0.45"	"0.4"	"0.45"	"0.01"	"0.005"	"0.01"	"100000"	"10000"	"200"	"4515383981592668686"	75000	"slope"	-0.41088526
"0.45"	"0.4"	"0.45"	"0.01"	"0.005"	"0.01"	"100000"	"10000"	"200"	"4515383981592668686"	75000	"intercept"	0.823715845
"0.45"	"0.4"	"0.45"	"0.01"	"0.005"	"0.01"	"100000"	"10000"	"200"	"4515383981592668686"	80000	"slope"	-0.385745905
"0.45"	"0.4"	"0.45"	"0.01"	"0.005"	"0.01"	"100000"	"10000"	"200"	"4515383981592668686"	80000	"intercept"	0.81160313
"0.45"	"0.4"	"0.45"	"0.01"	"0.005"	"0.01"	"100000"	"10000"	"200"	"4515383981592668686"	85000	"slope"	-0.373861745
"0.45"	"0.4"	"0.45"	"0.01"	"0.005"	"0.01"	"100000"	"10000"	"200"	"4515383981592668686"	85000	"intercept"	0.801834605
"0.45"	"0.4"	"0.45"	"0.01"	"0.005"	"0.01"	"100000"	"10000"	"200"	"4515383981592668686"	90000	"slope"	-0.38003411
"0.45"	"0.4"	"0.45"	"0.01"	"0.005"	"0.01"	"100000"	"10000"	"200"	"4515383981592668686"	90000	"intercept"	0.79770746
"0.45"	"0.4"	"0.45"	"0.01"	"0.005"	"0.01"	"100000"	"10000"	"200"	"4515383981592668686"	95000	"slope"	-0.381172315
"0.45"	"0.4"	"0.45"	"0.01"	"0.005"	"0.01"	"100000"	"10000"	"200"	"4515383981592668686"	95000	"intercept"	0.802739655
"0.45"	"0.4"	"0.45"	"0.01"	"0.005"	"0.01"	"100000"	"10000"	"200"	"4515383981592668686"	100000	"slope"	-0.392990445
"0.45"	"0.4"	"0.45"	"0.01"	"0.005"	"0.01"	"100000"	"10000"	"200"	"4515383981592668686"	100000	"intercept"	0.814376365
"0.45"	"0.4"	"0.45"	"0.01"	"0.005"	"0.01"	"100000"	"10000"	"200"	"7507375276908734196"	10	"slope"	2.388385e-06
"0.45"	"0.4"	"0.45"	"0.01"	"0.005"	"0.01"	"100000"	"10000"	"200"	"7507375276908734196"	10	"intercept"	0.49998154
"0.45"	"0.4"	"0.45"	"0.01"	"0.005"	"0.01"	"100000"	"10000"	"200"	"7507375276908734196"	5000	"slope"	-0.022758692614
"0.45"	"0.4"	"0.45"	"0.01"	"0.005"	"0.01"	"100000"	"10000"	"200"	"7507375276908734196"	5000	"intercept"	0.58076002
"0.45"	"0.4"	"0.45"	"0.01"	"0.005"	"0.01"	"100000"	"10000"	"200"	"7507375276908734196"	10000	"slope"	-0.088355085
"0.45"	"0.4"	"0.45"	"0.01"	"0.005"	"0.01"	"100000"	"10000"	"200"	"7507375276908734196"	10000	"intercept"	0.619965625
"0.45"	"0.4"	"0.45"	"0.01"	"0.005"	"0.01"	"100000"	"10000"	"200"	"7507375276908734196"	15000	"slope"	-0.152850258
"0.45"	"0.4"	"0.45"	"0.01"	"0.005"	"0.01"	"100000"	"10000"	"200"	"7507375276908734196"	15000	"intercept"	0.66226848
"0.45"	"0.4"	"0.45"	"0.01"	"0.005"	"0.01"	"100000"	"10000"	"200"	"7507375276908734196"	20000	"slope"	-0.20398809
"0.45"	"0.4"	"0.45"	"0.01"	"0.005"	"0.01"	"100000"	"10000"	"200"	"7507375276908734196"	20000	"intercept"	0.692474395
"0.45"	"0.4"	"0.45"	"0.01"	"0.005"	"0.01"	"100000"	"10000"	"200"	"7507375276908734196"	25000	"slope"	-0.242237185
"0.45"	"0.4"	"0.45"	"0.01"	"0.005"	"0.01"	"100000"	"10000"	"200"	"7507375276908734196"	25000	"intercept"	0.71458195
"0.45"	"0.4"	"0.45"	"0.01"	"0.005"	"0.01"	"100000"	"10000"	"200"	"7507375276908734196"	30000	"slope"	-0.355559515
"0.45"	"0.4"	"0.45"	"0.01"	"0.005"	"0.01"	"100000"	"10000"	"200"	"7507375276908734196"	30000	"intercept"	0.782823025
"0.45"	"0.4"	"0.45"	"0.01"	"0.005"	"0.01"	"100000"	"10000"	"200"	"7507375276908734196"	35000	"slope"	-0.35623361
"0.45"	"0.4"	"0.45"	"0.01"	"0.005"	"0.01"	"100000"	"10000"	"200"	"7507375276908734196"	35000	"intercept"	0.79679943
"0.45"	"0.4"	"0.45"	"0.01"	"0.005"	"0.01"	"100000"	"10000"	"200"	"7507375276908734196"	40000	"slope"	-0.393057055
"0.45"	"0.4"	"0.45"	"0.01"	"0.005"	"0.01"	"100000"	"10000"	"200"	"7507375276908734196"	40000	"intercept"	0.80662822
"0.45"	"0.4"	"0.45"	"0.01"	"0.005"	"0.01"	"100000"	"10000"	"200"	"7507375276908734196"	45000	"slope"	-0.425113135
"0.45"	"0.4"	"0.45"	"0.01"	"0.005"	"0.01"	"100000"	"10000"	"200"	"7507375276908734196"	45000	"intercept"	0.833878005
"0.45"	"0.4"	"0.45"	"0.01"	"0.005"	"0.01"	"100000"	"10000"	"200"	"7507375276908734196"	50000	"slope"	-0.412168545
"0.45"	"0.4"	"0.45"	"0.01"	"0.005"	"0.01"	"100000"	"10000"	"200"	"7507375276908734196"	50000	"intercept"	0.835058925
"0.45"	"0.4"	"0.45"	"0.01"	"0.005"	"0.01"	"100000"	"10000"	"200"	"7507375276908734196"	55000	"slope"	-0.459853265
"0.45"	"0.4"	"0.45"	"0.01"	"0.005"	"0.01"	"100000"	"10000"	"200"	"7507375276908734196"	55000	"intercept"	0.859304215
"0.45"	"0.4"	"0.45"	"0.01"	"0.005"	"0.01"	"100000"	"10000"	"200"	"7507375276908734196"	60000	"slope"	-0.418374745
"0.45"	"0.4"	"0.45"	"0.01"	"0.005"	"0.01"	"100000"	"10000"	"200"	"7507375276908734196"	60000	"intercept"	0.834156765
"0.45"	"0.4"	"0.45"	"0.01"	"0.005"	"0.01"	"100000"	"10000"	"200"	"7507375276908734196"	65000	"slope"	-0.428059055
"0.45"	"0.4"	"0.45"	"0.01"	"0.005"	"0.01"	"100000"	"10000"	"200"	"7507375276908734196"	65000	"intercept"	0.84205776
"0.45"	"0.4"	"0.45"	"0.01"	"0.005"	"0.01"	"100000"	"10000"	"200"	"7507375276908734196"	70000	"slope"	-0.40629562
"0.45"	"0.4"	"0.45"	"0.01"	"0.005"	"0.01"	"100000"	"10000"	"200"	"7507375276908734196"	70000	"intercept"	0.82100762
"0.45"	"0.4"	"0.45"	"0.01"	"0.005"	"0.01"	"100000"	"10000"	"200"	"7507375276908734196"	75000	"slope"	-0.383613605
"0.45"	"0.4"	"0.45"	"0.01"	"0.005"	"0.01"	"100000"	"10000"	"200"	"7507375276908734196"	75000	"intercept"	0.80866912
"0.45"	"0.4"	"0.45"	"0.01"	"0.005"	"0.01"	"100000"	"10000"	"200"	"7507375276908734196"	80000	"slope"	-0.390644215
"0.45"	"0.4"	"0.45"	"0.01"	"0.005"	"0.01"	"100000"	"10000"	"200"	"7507375276908734196"	80000	"intercept"	0.811574685
"0.45"	"0.4"	"0.45"	"0.01"	"0.005"	"0.01"	"100000"	"10000"	"200"	"7507375276908734196"	85000	"slope"	-0.38100323
"0.45"	"0.4"	"0.45"	"0.01"	"0.005"	"0.01"	"100000"	"10000"	"200"	"7507375276908734196"	85000	"intercept"	0.81303496
"0.45"	"0.4"	"0.45"	"0.01"	"0.005"	"0.01"	"100000"	"10000"	"200"	"7507375276908734196"	90000	"slope"	-0.3959665
"0.45"	"0.4"	"0.45"	"0.01"	"0.005"	"0.01"	"100000"	"10000"	"200"	"7507375276908734196"	90000	"intercept"	0.820835235
"0.45"	"0.4"	"0.45"	"0.01"	"0.005"	"0.01"	"100000"	"10000"	"200"	"7507375276908734196"	95000	"slope"	-0.37485282
"0.45"	"0.4"	"0.45"	"0.01"	"0.005"	"0.01"	"100000"	"10000"	"200"	"7507375276908734196"	95000	"intercept"	0.79666778
"0.45"	"0.4"	"0.45"	"0.01"	"0.005"	"0.01"	"100000"	"10000"	"200"	"7507375276908734196"	100000	"slope"	-0.326750095
"0.45"	"0.4"	"0.45"	"0.01"	"0.005"	"0.01"	"100000"	"10000"	"200"	"7507375276908734196"	100000	"intercept"	0.773155595
"0.45"	"0.6"	"0.45"	"0.01"	"0.005"	"0.01"	"100000"	"10000"	"200"	"1751653113327098205"	10	"slope"	-0.0001718442225
"0.45"	"0.6"	"0.45"	"0.01"	"0.005"	"0.01"	"100000"	"10000"	"200"	"1751653113327098205"	10	"intercept"	0.499870285
"0.45"	"0.6"	"0.45"	"0.01"	"0.005"	"0.01"	"100000"	"10000"	"200"	"1751653113327098205"	5000	"slope"	-0.0296190888155
"0.45"	"0.6"	"0.45"	"0.01"	"0.005"	"0.01"	"100000"	"10000"	"200"	"1751653113327098205"	5000	"intercept"	0.56310611
"0.45"	"0.6"	"0.45"	"0.01"	"0.005"	"0.01"	"100000"	"10000"	"200"	"1751653113327098205"	10000	"slope"	-0.0819052748
"0.45"	"0.6"	"0.45"	"0.01"	"0.005"	"0.01"	"100000"	"10000"	"200"	"1751653113327098205"	10000	"intercept"	0.604829395
"0.45"	"0.6"	"0.45"	"0.01"	"0.005"	"0.01"	"100000"	"10000"	"200"	"1751653113327098205"	15000	"slope"	-0.1878369725
"0.45"	"0.6"	"0.45"	"0.01"	"0.005"	"0.01"	"100000"	"10000"	"200"	"1751653113327098205"	15000	"intercept"	0.667149795
"0.45"	"0.6"	"0.45"	"0.01"	"0.005"	"0.01"	"100000"	"10000"	"200"	"1751653113327098205"	20000	"slope"	-0.27933483
"0.45"	"0.6"	"0.45"	"0.01"	"0.005"	"0.01"	"100000"	"10000"	"200"	"1751653113327098205"	20000	"intercept"	0.7275531
"0.45"	"0.6"	"0.45"	"0.01"	"0.005"	"0.01"	"100000"	"10000"	"200"	"1751653113327098205"	25000	"slope"	-0.407058285
"0.45"	"0.6"	"0.45"	"0.01"	"0.005"	"0.01"	"100000"	"10000"	"200"	"1751653113327098205"	25000	"intercept"	0.81824301
"0.45"	"0.6"	"0.45"	"0.01"	"0.005"	"0.01"	"100000"	"10000"	"200"	"1751653113327098205"	30000	"slope"	-0.45960346
"0.45"	"0.6"	"0.45"	"0.01"	"0.005"	"0.01"	"100000"	"10000"	"200"	"1751653113327098205"	30000	"intercept"	0.83810742
"0.45"	"0.6"	"0.45"	"0.01"	"0.005"	"0.01"	"100000"	"10000"	"200"	"1751653113327098205"	35000	"slope"	-0.54479065
"0.45"	"0.6"	"0.45"	"0.01"	"0.005"	"0.01"	"100000"	"10000"	"200"	"1751653113327098205"	35000	"intercept"	0.894206955
"0.45"	"0.6"	"0.45"	"0.01"	"0.005"	"0.01"	"100000"	"10000"	"200"	"1751653113327098205"	40000	"slope"	-0.573203735
"0.45"	"0.6"	"0.45"	"0.01"	"0.005"	"0.01"	"100000"	"10000"	"200"	"1751653113327098205"	40000	"intercept"	0.910590635
"0.45"	"0.6"	"0.45"	"0.01"	"0.005"	"0.01"	"100000"	"10000"	"200"	"1751653113327098205"	45000	"slope"	-0.597084885
"0.45"	"0.6"	"0.45"	"0.01"	"0.005"	"0.01"	"100000"	"10000"	"200"	"1751653113327098205"	45000	"intercept"	0.925044155
"0.45"	"0.6"	"0.45"	"0.01"	"0.005"	"0.01"	"100000"	"10000"	"200"	"1751653113327098205"	50000	"slope"	-0.62646103
"0.45"	"0.6"	"0.45"	"0.01"	"0.005"	"0.01"	"100000"	"10000"	"200"	"1751653113327098205"	50000	"intercept"	0.94947025
"0.45"	"0.6"	"0.45"	"0.01"	"0.005"	"0.01"	"100000"	"10000"	"200"	"1751653113327098205"	55000	"slope"	-0.649513225
"0.45"	"0.6"	"0.45"	"0.01"	"0.005"	"0.01"	"100000"	"10000"	"200"	"1751653113327098205"	55000	"intercept"	0.96018359
"0.45"	"0.6"	"0.45"	"0.01"	"0.005"	"0.01"	"100000"	"10000"	"200"	"1751653113327098205"	60000	"slope"	-0.66570193
"0.45"	"0.6"	"0.45"	"0.01"	"0.005"	"0.01"	"100000"	"10000"	"200"	"1751653113327098205"	60000	"intercept"	0.967470345
"0.45"	"0.6"	"0.45"	"0.01"	"0.005"	"0.01"	"100000"	"10000"	"200"	"1751653113327098205"	65000	"slope"	-0.673801215
"0.45"	"0.6"	"0.45"	"0.01"	"0.005"	"0.01"	"100000"	"10000"	"200"	"1751653113327098205"	65000	"intercept"	0.970379945
"0.45"	"0.6"	"0.45"	"0.01"	"0.005"	"0.01"	"100000"	"10000"	"200"	"1751653113327098205"	70000	"slope"	-0.638526595
"0.45"	"0.6"	"0.45"	"0.01"	"0.005"	"0.01"	"100000"	"10000"	"200"	"1751653113327098205"	70000	"intercept"	0.954327265
"0.45"	"0.6"	"0.45"	"0.01"	"0.005"	"0.01"	"100000"	"10000"	"200"	"1751653113327098205"	75000	"slope"	-0.68945571
"0.45"	"0.6"	"0.45"	"0.01"	"0.005"	"0.01"	"100000"	"10000"	"200"	"1751653113327098205"	75000	"intercept"	0.977188415
"0.45"	"0.6"	"0.45"	"0.01"	"0.005"	"0.01"	"100000"	"10000"	"200"	"1751653113327098205"	80000	"slope"	-0.691917975
"0.45"	"0.6"	"0.45"	"0.01"	"0.005"	"0.01"	"100000"	"10000"	"200"	"1751653113327098205"	80000	"intercept"	0.99518924
"0.45"	"0.6"	"0.45"	"0.01"	"0.005"	"0.01"	"100000"	"10000"	"200"	"1751653113327098205"	85000	"slope"	-0.71910536
"0.45"	"0.6"	"0.45"	"0.01"	"0.005"	"0.01"	"100000"	"10000"	"200"	"1751653113327098205"	85000	"intercept"	1.006393005
"0.45"	"0.6"	"0.45"	"0.01"	"0.005"	"0.01"	"100000"	"10000"	"200"	"1751653113327098205"	90000	"slope"	-0.72847201
"0.45"	"0.6"	"0.45"	"0.01"	"0.005"	"0.01"	"100000"	"10000"	"200"	"1751653113327098205"	90000	"intercept"	1.011138065
"0.45"	"0.6"	"0.45"	"0.01"	"0.005"	"0.01"	"100000"	"10000"	"200"	"1751653113327098205"	95000	"slope"	-0.74180981
"0.45"	"0.6"	"0.45"	"0.01"	"0.005"	"0.01"	"100000"	"10000"	"200"	"1751653113327098205"	95000	"intercept"	1.026277165
"0.45"	"0.6"	"0.45"	"0.01"	"0.005"	"0.01"	"100000"	"10000"	"200"	"1751653113327098205"	100000	"slope"	-0.744651925
"0.45"	"0.6"	"0.45"	"0.01"	"0.005"	"0.01"	"100000"	"10000"	"200"	"1751653113327098205"	100000	"intercept"	1.0131167
"0.45"	"0.6"	"0.45"	"0.01"	"0.005"	"0.01"	"100000"	"10000"	"200"	"3089566938050444682"	10	"slope"	-7.256695e-05
"0.45"	"0.6"	"0.45"	"0.01"	"0.005"	"0.01"	"100000"	"10000"	"200"	"3089566938050444682"	10	"intercept"	0.500085085
"0.45"	"0.6"	"0.45"	"0.01"	"0.005"	"0.01"	"100000"	"10000"	"200"	"3089566938050444682"	5000	"slope"	-0.07225011303
"0.45"	"0.6"	"0.45"	"0.01"	"0.005"	"0.01"	"100000"	"10000"	"200"	"3089566938050444682"	5000	"intercept"	0.60414716
"0.45"	"0.6"	"0.45"	"0.01"	"0.005"	"0.01"	"100000"	"10000"	"200"	"3089566938050444682"	10000	"slope"	-0.1704781115
"0.45"	"0.6"	"0.45"	"0.01"	"0.005"	"0.01"	"100000"	"10000"	"200"	"3089566938050444682"	10000	"intercept"	0.661090305
"0.45"	"0.6"	"0.45"	"0.01"	"0.005"	"0.01"	"100000"	"10000"	"200"	"3089566938050444682"	15000	"slope"	-0.255621745
"0.45"	"0.6"	"0.45"	"0.01"	"0.005"	"0.01"	"100000"	"10000"	"200"	"3089566938050444682"	15000	"intercept"	0.709069515
"0.45"	"0.6"	"0.45"	"0.01"	"0.005"	"0.01"	"100000"	"10000"	"200"	"3089566938050444682"	20000	"slope"	-0.340679535
"0.45"	"0.6"	"0.45"	"0.01"	"0.005"	"0.01"	"100000"	"10000"	"200"	"3089566938050444682"	20000	"intercept"	0.75653051
"0.45"	"0.6"	"0.45"	"0.01"	"0.005"	"0.01"	"100000"	"10000"	"200"	"3089566938050444682"	25000	"slope"	-0.39258535
"0.45"	"0.6"	"0.45"	"0.01"	"0.005"	"0.01"	"100000"	"10000"	"200"	"3089566938050444682"	25000	"intercept"	0.787917335
"0.45"	"0.6"	"0.45"	"0.01"	"0.005"	"0.01"	"100000"	"10000"	"200"	"3089566938050444682"	30000	"slope"	-0.50529751
"0.45"	"0.6"	"0.45"	"0.01"	"0.005"	"0.01"	"100000"	"10000"	"200"	"3089566938050444682"	30000	"intercept"	0.86652071
"0.45"	"0.6"	"0.45"	"0.01"	"0.005"	"0.01"	"100000"	"10000"	"200"	"3089566938050444682"	35000	"slope"	-0.55521023
"0.45"	"0.6"	"0.45"	"0.01"	"0.005"	"0.01"	"100000"	"10000"	"200"	"3089566938050444682"	35000	"intercept"	0.900374085
"0.45"	"0.6"	"0.45"	"0.01"	"0.005"	"0.01"	"100000"	"10000"	"200"	"3089566938050444682"	40000	"slope"	-0.568847815
"0.45"	"0.6"	"0.45"	"0.01"	"0.005"	"0.01"	"100000"	"10000"	"200"	"3089566938050444682"	40000	"intercept"	0.90705805
"0.45"	"0.6"	"0.45"	"0.01"	"0.005"	"0.01"	"100000"	"10000"	"200"	"3089566938050444682"	45000	"slope"	-0.580044575
"0.45"	"0.6"	"0.45"	"0.01"	"0.005"	"0.01"	"100000"	"10000"	"200"	"3089566938050444682"	45000	"intercept"	0.91199767
"0.45"	"0.6"	"0.45"	"0.01"	"0.005"	"0.01"	"100000"	"10000"	"200"	"3089566938050444682"	50000	"slope"	-0.57838271
"0.45"	"0.6"	"0.45"	"0.01"	"0.005"	"0.01"	"100000"	"10000"	"200"	"3089566938050444682"	50000	"intercept"	0.915329385
"0.45"	"0.6"	"0.45"	"0.01"	"0.005"	"0.01"	"100000"	"10000"	"200"	"3089566938050444682"	55000	"slope"	-0.632632045
"0.45"	"0.6"	"0.45"	"0.01"	"0.005"	"0.01"	"100000"	"10000"	"200"	"3089566938050444682"	55000	"intercept"	0.943301585
"0.45"	"0.6"	"0.45"	"0.01"	"0.005"	"0.01"	"100000"	"10000"	"200"	"3089566938050444682"	60000	"slope"	-0.648673015
"0.45"	"0.6"	"0.45"	"0.01"	"0.005"	"0.01"	"100000"	"10000"	"200"	"3089566938050444682"	60000	"intercept"	0.94790246
"0.45"	"0.6"	"0.45"	"0.01"	"0.005"	"0.01"	"100000"	"10000"	"200"	"3089566938050444682"	65000	"slope"	-0.65537387
"0.45"	"0.6"	"0.45"	"0.01"	"0.005"	"0.01"	"100000"	"10000"	"200"	"3089566938050444682"	65000	"intercept"	0.964845045
"0.45"	"0.6"	"0.45"	"0.01"	"0.005"	"0.01"	"100000"	"10000"	"200"	"3089566938050444682"	70000	"slope"	-0.721818675
"0.45"	"0.6"	"0.45"	"0.01"	"0.005"	"0.01"	"100000"	"10000"	"200"	"3089566938050444682"	70000	"intercept"	1.005502735
"0.45"	"0.6"	"0.45"	"0.01"	"0.005"	"0.01"	"100000"	"10000"	"200"	"3089566938050444682"	75000	"slope"	-0.72184172
"0.45"	"0.6"	"0.45"	"0.01"	"0.005"	"0.01"	"100000"	"10000"	"200"	"3089566938050444682"	75000	"intercept"	1.002459605
"0.45"	"0.6"	"0.45"	"0.01"	"0.005"	"0.01"	"100000"	"10000"	"200"	"3089566938050444682"	80000	"slope"	-0.70019862
"0.45"	"0.6"	"0.45"	"0.01"	"0.005"	"0.01"	"100000"	"10000"	"200"	"3089566938050444682"	80000	"intercept"	0.99137424
"0.45"	"0.6"	"0.45"	"0.01"	"0.005"	"0.01"	"100000"	"10000"	"200"	"3089566938050444682"	85000	"slope"	-0.668676415
"0.45"	"0.6"	"0.45"	"0.01"	"0.005"	"0.01"	"100000"	"10000"	"200"	"3089566938050444682"	85000	"intercept"	0.972695025
"0.45"	"0.6"	"0.45"	"0.01"	"0.005"	"0.01"	"100000"	"10000"	"200"	"3089566938050444682"	90000	"slope"	-0.688296025
"0.45"	"0.6"	"0.45"	"0.01"	"0.005"	"0.01"	"100000"	"10000"	"200"	"3089566938050444682"	90000	"intercept"	0.983859165
"0.45"	"0.6"	"0.45"	"0.01"	"0.005"	"0.01"	"100000"	"10000"	"200"	"3089566938050444682"	95000	"slope"	-0.68312067
"0.45"	"0.6"	"0.45"	"0.01"	"0.005"	"0.01"	"100000"	"10000"	"200"	"3089566938050444682"	95000	"intercept"	0.97521461
"0.45"	"0.6"	"0.45"	"0.01"	"0.005"	"0.01"	"100000"	"10000"	"200"	"3089566938050444682"	100000	"slope"	-0.702089965
"0.45"	"0.6"	"0.45"	"0.01"	"0.005"	"0.01"	"100000"	"10000"	"200"	"3089566938050444682"	100000	"intercept"	0.990437835
"0.45"	"0.6"	"0.45"	"0.01"	"0.005"	"0.01"	"100000"	"10000"	"200"	"6795886292560283647"	10	"slope"	-3.88492e-05
"0.45"	"0.6"	"0.45"	"0.01"	"0.005"	"0.01"	"100000"	"10000"	"200"	"6795886292560283647"	10	"intercept"	0.499922045
"0.45"	"0.6"	"0.45"	"0.01"	"0.005"	"0.01"	"100000"	"10000"	"200"	"6795886292560283647"	5000	"slope"	-0.02341701655535
"0.45"	"0.6"	"0.45"	"0.01"	"0.005"	"0.01"	"100000"	"10000"	"200"	"6795886292560283647"	5000	"intercept"	0.561610975
"0.45"	"0.6"	"0.45"	"0.01"	"0.005"	"0.01"	"100000"	"10000"	"200"	"6795886292560283647"	10000	"slope"	-0.1437693025
"0.45"	"0.6"	"0.45"	"0.01"	"0.005"	"0.01"	"100000"	"10000"	"200"	"6795886292560283647"	10000	"intercept"	0.64352565
"0.45"	"0.6"	"0.45"	"0.01"	"0.005"	"0.01"	"100000"	"10000"	"200"	"6795886292560283647"	15000	"slope"	-0.187505856
"0.45"	"0.6"	"0.45"	"0.01"	"0.005"	"0.01"	"100000"	"10000"	"200"	"6795886292560283647"	15000	"intercept"	0.663736255
"0.45"	"0.6"	"0.45"	"0.01"	"0.005"	"0.01"	"100000"	"10000"	"200"	"6795886292560283647"	20000	"slope"	-0.252537935
"0.45"	"0.6"	"0.45"	"0.01"	"0.005"	"0.01"	"100000"	"10000"	"200"	"6795886292560283647"	20000	"intercept"	0.70762358
"0.45"	"0.6"	"0.45"	"0.01"	"0.005"	"0.01"	"100000"	"10000"	"200"	"6795886292560283647"	25000	"slope"	-0.32285263
"0.45"	"0.6"	"0.45"	"0.01"	"0.005"	"0.01"	"100000"	"10000"	"200"	"6795886292560283647"	25000	"intercept"	0.75100605
"0.45"	"0.6"	"0.45"	"0.01"	"0.005"	"0.01"	"100000"	"10000"	"200"	"6795886292560283647"	30000	"slope"	-0.429870745
"0.45"	"0.6"	"0.45"	"0.01"	"0.005"	"0.01"	"100000"	"10000"	"200"	"6795886292560283647"	30000	"intercept"	0.8172205
"0.45"	"0.6"	"0.45"	"0.01"	"0.005"	"0.01"	"100000"	"10000"	"200"	"6795886292560283647"	35000	"slope"	-0.47078876
"0.45"	"0.6"	"0.45"	"0.01"	"0.005"	"0.01"	"100000"	"10000"	"200"	"6795886292560283647"	35000	"intercept"	0.852418435
"0.45"	"0.6"	"0.45"	"0.01"	"0.005"	"0.01"	"100000"	"10000"	"200"	"6795886292560283647"	40000	"slope"	-0.566349435
"0.45"	"0.6"	"0.45"	"0.01"	"0.005"	"0.01"	"100000"	"10000"	"200"	"6795886292560283647"	40000	"intercept"	0.902063505
"0.45"	"0.6"	"0.45"	"0.01"	"0.005"	"0.01"	"100000"	"10000"	"200"	"6795886292560283647"	45000	"slope"	-0.59666326
"0.45"	"0.6"	"0.45"	"0.01"	"0.005"	"0.01"	"100000"	"10000"	"200"	"6795886292560283647"	45000	"intercept"	0.922216265
"0.45"	"0.6"	"0.45"	"0.01"	"0.005"	"0.01"	"100000"	"10000"	"200"	"6795886292560283647"	50000	"slope"	-0.64683513
"0.45"	"0.6"	"0.45"	"0.01"	"0.005"	"0.01"	"100000"	"10000"	"200"	"6795886292560283647"	50000	"intercept"	0.95350907
"0.45"	"0.6"	"0.45"	"0.01"	"0.005"	"0.01"	"100000"	"10000"	"200"	"6795886292560283647"	55000	"slope"	-0.673482765
"0.45"	"0.6"	"0.45"	"0.01"	"0.005"	"0.01"	"100000"	"10000"	"200"	"6795886292560283647"	55000	"intercept"	0.97997209
"0.45"	"0.6"	"0.45"	"0.01"	"0.005"	"0.01"	"100000"	"10000"	"200"	"6795886292560283647"	60000	"slope"	-0.68698628
"0.45"	"0.6"	"0.45"	"0.01"	"0.005"	"0.01"	"100000"	"10000"	"200"	"6795886292560283647"	60000	"intercept"	0.979186015
"0.45"	"0.6"	"0.45"	"0.01"	"0.005"	"0.01"	"100000"	"10000"	"200"	"6795886292560283647"	65000	"slope"	-0.670520655
"0.45"	"0.6"	"0.45"	"0.01"	"0.005"	"0.01"	"100000"	"10000"	"200"	"6795886292560283647"	65000	"intercept"	0.97156825
"0.45"	"0.6"	"0.45"	"0.01"	"0.005"	"0.01"	"100000"	"10000"	"200"	"6795886292560283647"	70000	"slope"	-0.63881109
"0.45"	"0.6"	"0.45"	"0.01"	"0.005"	"0.01"	"100000"	"10000"	"200"	"6795886292560283647"	70000	"intercept"	0.95451163
"0.45"	"0.6"	"0.45"	"0.01"	"0.005"	"0.01"	"100000"	"10000"	"200"	"6795886292560283647"	75000	"slope"	-0.6950525
"0.45"	"0.6"	"0.45"	"0.01"	"0.005"	"0.01"	"100000"	"10000"	"200"	"6795886292560283647"	75000	"intercept"	0.98704577
"0.45"	"0.6"	"0.45"	"0.01"	"0.005"	"0.01"	"100000"	"10000"	"200"	"6795886292560283647"	80000	"slope"	-0.64862758
"0.45"	"0.6"	"0.45"	"0.01"	"0.005"	"0.01"	"100000"	"10000"	"200"	"6795886292560283647"	80000	"intercept"	0.96566805
"0.45"	"0.6"	"0.45"	"0.01"	"0.005"	"0.01"	"100000"	"10000"	"200"	"6795886292560283647"	85000	"slope"	-0.644951515
"0.45"	"0.6"	"0.45"	"0.01"	"0.005"	"0.01"	"100000"	"10000"	"200"	"6795886292560283647"	85000	"intercept"	0.952716985
"0.45"	"0.6"	"0.45"	"0.01"	"0.005"	"0.01"	"100000"	"10000"	"200"	"6795886292560283647"	90000	"slope"	-0.663988325
"0.45"	"0.6"	"0.45"	"0.01"	"0.005"	"0.01"	"100000"	"10000"	"200"	"6795886292560283647"	90000	"intercept"	0.969883
"0.45"	"0.6"	"0.45"	"0.01"	"0.005"	"0.01"	"100000"	"10000"	"200"	"6795886292560283647"	95000	"slope"	-0.722940935
"0.45"	"0.6"	"0.45"	"0.01"	"0.005"	"0.01"	"100000"	"10000"	"200"	"6795886292560283647"	95000	"intercept"	1.01335622
"0.45"	"0.6"	"0.45"	"0.01"	"0.005"	"0.01"	"100000"	"10000"	"200"	"6795886292560283647"	100000	"slope"	-0.7105115
"0.45"	"0.6"	"0.45"	"0.01"	"0.005"	"0.01"	"100000"	"10000"	"200"	"6795886292560283647"	100000	"intercept"	1.00352883
"0.45"	"0.8"	"0.45"	"0.01"	"0.005"	"0.01"	"100000"	"10000"	"200"	"1703703652264855947"	10	"slope"	-3.0581165e-05
"0.45"	"0.8"	"0.45"	"0.01"	"0.005"	"0.01"	"100000"	"10000"	"200"	"1703703652264855947"	10	"intercept"	0.50021328
"0.45"	"0.8"	"0.45"	"0.01"	"0.005"	"0.01"	"100000"	"10000"	"200"	"1703703652264855947"	5000	"slope"	-0.06051162465
"0.45"	"0.8"	"0.45"	"0.01"	"0.005"	"0.01"	"100000"	"10000"	"200"	"1703703652264855947"	5000	"intercept"	0.56621545
"0.45"	"0.8"	"0.45"	"0.01"	"0.005"	"0.01"	"100000"	"10000"	"200"	"1703703652264855947"	10000	"slope"	-0.19347121
"0.45"	"0.8"	"0.45"	"0.01"	"0.005"	"0.01"	"100000"	"10000"	"200"	"1703703652264855947"	10000	"intercept"	0.654981495
"0.45"	"0.8"	"0.45"	"0.01"	"0.005"	"0.01"	"100000"	"10000"	"200"	"1703703652264855947"	15000	"slope"	-0.32787988
"0.45"	"0.8"	"0.45"	"0.01"	"0.005"	"0.01"	"100000"	"10000"	"200"	"1703703652264855947"	15000	"intercept"	0.729840035
"0.45"	"0.8"	"0.45"	"0.01"	"0.005"	"0.01"	"100000"	"10000"	"200"	"1703703652264855947"	20000	"slope"	-0.437387545
"0.45"	"0.8"	"0.45"	"0.01"	"0.005"	"0.01"	"100000"	"10000"	"200"	"1703703652264855947"	20000	"intercept"	0.80580591
"0.45"	"0.8"	"0.45"	"0.01"	"0.005"	"0.01"	"100000"	"10000"	"200"	"1703703652264855947"	25000	"slope"	-0.481026065
"0.45"	"0.8"	"0.45"	"0.01"	"0.005"	"0.01"	"100000"	"10000"	"200"	"1703703652264855947"	25000	"intercept"	0.84886214
"0.45"	"0.8"	"0.45"	"0.01"	"0.005"	"0.01"	"100000"	"10000"	"200"	"1703703652264855947"	30000	"slope"	-0.599541455
"0.45"	"0.8"	"0.45"	"0.01"	"0.005"	"0.01"	"100000"	"10000"	"200"	"1703703652264855947"	30000	"intercept"	0.91807434
"0.45"	"0.8"	"0.45"	"0.01"	"0.005"	"0.01"	"100000"	"10000"	"200"	"1703703652264855947"	35000	"slope"	-0.74590233
"0.45"	"0.8"	"0.45"	"0.01"	"0.005"	"0.01"	"100000"	"10000"	"200"	"1703703652264855947"	35000	"intercept"	0.9952885
"0.45"	"0.8"	"0.45"	"0.01"	"0.005"	"0.01"	"100000"	"10000"	"200"	"1703703652264855947"	40000	"slope"	-0.87813128
"0.45"	"0.8"	"0.45"	"0.01"	"0.005"	"0.01"	"100000"	"10000"	"200"	"1703703652264855947"	40000	"intercept"	1.07825473
"0.45"	"0.8"	"0.45"	"0.01"	"0.005"	"0.01"	"100000"	"10000"	"200"	"1703703652264855947"	45000	"slope"	-0.93163547
"0.45"	"0.8"	"0.45"	"0.01"	"0.005"	"0.01"	"100000"	"10000"	"200"	"1703703652264855947"	45000	"intercept"	1.12006405
"0.45"	"0.8"	"0.45"	"0.01"	"0.005"	"0.01"	"100000"	"10000"	"200"	"1703703652264855947"	50000	"slope"	-0.94226618
"0.45"	"0.8"	"0.45"	"0.01"	"0.005"	"0.01"	"100000"	"10000"	"200"	"1703703652264855947"	50000	"intercept"	1.1235407
"0.45"	"0.8"	"0.45"	"0.01"	"0.005"	"0.01"	"100000"	"10000"	"200"	"1703703652264855947"	55000	"slope"	-1.01228612
"0.45"	"0.8"	"0.45"	"0.01"	"0.005"	"0.01"	"100000"	"10000"	"200"	"1703703652264855947"	55000	"intercept"	1.1727521
"0.45"	"0.8"	"0.45"	"0.01"	"0.005"	"0.01"	"100000"	"10000"	"200"	"1703703652264855947"	60000	"slope"	-1.024631355
"0.45"	"0.8"	"0.45"	"0.01"	"0.005"	"0.01"	"100000"	"10000"	"200"	"1703703652264855947"	60000	"intercept"	1.18068285
"0.45"	"0.8"	"0.45"	"0.01"	"0.005"	"0.01"	"100000"	"10000"	"200"	"1703703652264855947"	65000	"slope"	-1.03434919
"0.45"	"0.8"	"0.45"	"0.01"	"0.005"	"0.01"	"100000"	"10000"	"200"	"1703703652264855947"	65000	"intercept"	1.18937665
"0.45"	"0.8"	"0.45"	"0.01"	"0.005"	"0.01"	"100000"	"10000"	"200"	"1703703652264855947"	70000	"slope"	-1.098104525
"0.45"	"0.8"	"0.45"	"0.01"	"0.005"	"0.01"	"100000"	"10000"	"200"	"1703703652264855947"	70000	"intercept"	1.2378148
"0.45"	"0.8"	"0.45"	"0.01"	"0.005"	"0.01"	"100000"	"10000"	"200"	"1703703652264855947"	75000	"slope"	-1.13929585
"0.45"	"0.8"	"0.45"	"0.01"	"0.005"	"0.01"	"100000"	"10000"	"200"	"1703703652264855947"	75000	"intercept"	1.2545899
"0.45"	"0.8"	"0.45"	"0.01"	"0.005"	"0.01"	"100000"	"10000"	"200"	"1703703652264855947"	80000	"slope"	-1.15760395
"0.45"	"0.8"	"0.45"	"0.01"	"0.005"	"0.01"	"100000"	"10000"	"200"	"1703703652264855947"	80000	"intercept"	1.274656
"0.45"	"0.8"	"0.45"	"0.01"	"0.005"	"0.01"	"100000"	"10000"	"200"	"1703703652264855947"	85000	"slope"	-1.1405447
"0.45"	"0.8"	"0.45"	"0.01"	"0.005"	"0.01"	"100000"	"10000"	"200"	"1703703652264855947"	85000	"intercept"	1.25860445
"0.45"	"0.8"	"0.45"	"0.01"	"0.005"	"0.01"	"100000"	"10000"	"200"	"1703703652264855947"	90000	"slope"	-1.15710125
"0.45"	"0.8"	"0.45"	"0.01"	"0.005"	"0.01"	"100000"	"10000"	"200"	"1703703652264855947"	90000	"intercept"	1.2693231
"0.45"	"0.8"	"0.45"	"0.01"	"0.005"	"0.01"	"100000"	"10000"	"200"	"1703703652264855947"	95000	"slope"	-1.2120942
"0.45"	"0.8"	"0.45"	"0.01"	"0.005"	"0.01"	"100000"	"10000"	"200"	"1703703652264855947"	95000	"intercept"	1.3091099
"0.45"	"0.8"	"0.45"	"0.01"	"0.005"	"0.01"	"100000"	"10000"	"200"	"1703703652264855947"	100000	"slope"	-1.1872255
"0.45"	"0.8"	"0.45"	"0.01"	"0.005"	"0.01"	"100000"	"10000"	"200"	"1703703652264855947"	100000	"intercept"	1.2937375
"0.45"	"0.8"	"0.45"	"0.01"	"0.005"	"0.01"	"100000"	"10000"	"200"	"2131864094107141384"	10	"slope"	-4.354555e-06
"0.45"	"0.8"	"0.45"	"0.01"	"0.005"	"0.01"	"100000"	"10000"	"200"	"2131864094107141384"	10	"intercept"	0.50009452
"0.45"	"0.8"	"0.45"	"0.01"	"0.005"	"0.01"	"100000"	"10000"	"200"	"2131864094107141384"	5000	"slope"	-0.04661801082
"0.45"	"0.8"	"0.45"	"0.01"	"0.005"	"0.01"	"100000"	"10000"	"200"	"2131864094107141384"	5000	"intercept"	0.55547189
"0.45"	"0.8"	"0.45"	"0.01"	"0.005"	"0.01"	"100000"	"10000"	"200"	"2131864094107141384"	10000	"slope"	-0.188874965
"0.45"	"0.8"	"0.45"	"0.01"	"0.005"	"0.01"	"100000"	"10000"	"200"	"2131864094107141384"	10000	"intercept"	0.656693245
"0.45"	"0.8"	"0.45"	"0.01"	"0.005"	"0.01"	"100000"	"10000"	"200"	"2131864094107141384"	15000	"slope"	-0.32455813
"0.45"	"0.8"	"0.45"	"0.01"	"0.005"	"0.01"	"100000"	"10000"	"200"	"2131864094107141384"	15000	"intercept"	0.73733676
"0.45"	"0.8"	"0.45"	"0.01"	"0.005"	"0.01"	"100000"	"10000"	"200"	"2131864094107141384"	20000	"slope"	-0.43378292
"0.45"	"0.8"	"0.45"	"0.01"	"0.005"	"0.01"	"100000"	"10000"	"200"	"2131864094107141384"	20000	"intercept"	0.812874275
"0.45"	"0.8"	"0.45"	"0.01"	"0.005"	"0.01"	"100000"	"10000"	"200"	"2131864094107141384"	25000	"slope"	-0.53070664
"0.45"	"0.8"	"0.45"	"0.01"	"0.005"	"0.01"	"100000"	"10000"	"200"	"2131864094107141384"	25000	"intercept"	0.872652235
"0.45"	"0.8"	"0.45"	"0.01"	"0.005"	"0.01"	"100000"	"10000"	"200"	"2131864094107141384"	30000	"slope"	-0.65360695
"0.45"	"0.8"	"0.45"	"0.01"	"0.005"	"0.01"	"100000"	"10000"	"200"	"2131864094107141384"	30000	"intercept"	0.939738885
"0.45"	"0.8"	"0.45"	"0.01"	"0.005"	"0.01"	"100000"	"10000"	"200"	"2131864094107141384"	35000	"slope"	-0.69886845
"0.45"	"0.8"	"0.45"	"0.01"	"0.005"	"0.01"	"100000"	"10000"	"200"	"2131864094107141384"	35000	"intercept"	0.96905329
"0.45"	"0.8"	"0.45"	"0.01"	"0.005"	"0.01"	"100000"	"10000"	"200"	"2131864094107141384"	40000	"slope"	-0.771328625
"0.45"	"0.8"	"0.45"	"0.01"	"0.005"	"0.01"	"100000"	"10000"	"200"	"2131864094107141384"	40000	"intercept"	1.02512842
"0.45"	"0.8"	"0.45"	"0.01"	"0.005"	"0.01"	"100000"	"10000"	"200"	"2131864094107141384"	45000	"slope"	-0.86966732
"0.45"	"0.8"	"0.45"	"0.01"	"0.005"	"0.01"	"100000"	"10000"	"200"	"2131864094107141384"	45000	"intercept"	1.0846508
"0.45"	"0.8"	"0.45"	"0.01"	"0.005"	"0.01"	"100000"	"10000"	"200"	"2131864094107141384"	50000	"slope"	-0.900648305
"0.45"	"0.8"	"0.45"	"0.01"	"0.005"	"0.01"	"100000"	"10000"	"200"	"2131864094107141384"	50000	"intercept"	1.0943798
"0.45"	"0.8"	"0.45"	"0.01"	"0.005"	"0.01"	"100000"	"10000"	"200"	"2131864094107141384"	55000	"slope"	-0.953945975
"0.45"	"0.8"	"0.45"	"0.01"	"0.005"	"0.01"	"100000"	"10000"	"200"	"2131864094107141384"	55000	"intercept"	1.14042595
"0.45"	"0.8"	"0.45"	"0.01"	"0.005"	"0.01"	"100000"	"10000"	"200"	"2131864094107141384"	60000	"slope"	-1.028936795
"0.45"	"0.8"	"0.45"	"0.01"	"0.005"	"0.01"	"100000"	"10000"	"200"	"2131864094107141384"	60000	"intercept"	1.1857207
"0.45"	"0.8"	"0.45"	"0.01"	"0.005"	"0.01"	"100000"	"10000"	"200"	"2131864094107141384"	65000	"slope"	-1.07476113
"0.45"	"0.8"	"0.45"	"0.01"	"0.005"	"0.01"	"100000"	"10000"	"200"	"2131864094107141384"	65000	"intercept"	1.20922925
"0.45"	"0.8"	"0.45"	"0.01"	"0.005"	"0.01"	"100000"	"10000"	"200"	"2131864094107141384"	70000	"slope"	-1.12012445
"0.45"	"0.8"	"0.45"	"0.01"	"0.005"	"0.01"	"100000"	"10000"	"200"	"2131864094107141384"	70000	"intercept"	1.24746395
"0.45"	"0.8"	"0.45"	"0.01"	"0.005"	"0.01"	"100000"	"10000"	"200"	"2131864094107141384"	75000	"slope"	-1.1624138
"0.45"	"0.8"	"0.45"	"0.01"	"0.005"	"0.01"	"100000"	"10000"	"200"	"2131864094107141384"	75000	"intercept"	1.28104015
"0.45"	"0.8"	"0.45"	"0.01"	"0.005"	"0.01"	"100000"	"10000"	"200"	"2131864094107141384"	80000	"slope"	-1.1699366
"0.45"	"0.8"	"0.45"	"0.01"	"0.005"	"0.01"	"100000"	"10000"	"200"	"2131864094107141384"	80000	"intercept"	1.2895583
"0.45"	"0.8"	"0.45"	"0.01"	"0.005"	"0.01"	"100000"	"10000"	"200"	"2131864094107141384"	85000	"slope"	-1.18447
"0.45"	"0.8"	"0.45"	"0.01"	"0.005"	"0.01"	"100000"	"10000"	"200"	"2131864094107141384"	85000	"intercept"	1.29608365
"0.45"	"0.8"	"0.45"	"0.01"	"0.005"	"0.01"	"100000"	"10000"	"200"	"2131864094107141384"	90000	"slope"	-1.14442872
"0.45"	"0.8"	"0.45"	"0.01"	"0.005"	"0.01"	"100000"	"10000"	"200"	"2131864094107141384"	90000	"intercept"	1.26560035
"0.45"	"0.8"	"0.45"	"0.01"	"0.005"	"0.01"	"100000"	"10000"	"200"	"2131864094107141384"	95000	"slope"	-1.107011525
"0.45"	"0.8"	"0.45"	"0.01"	"0.005"	"0.01"	"100000"	"10000"	"200"	"2131864094107141384"	95000	"intercept"	1.2288393
"0.45"	"0.8"	"0.45"	"0.01"	"0.005"	"0.01"	"100000"	"10000"	"200"	"2131864094107141384"	100000	"slope"	-1.15114645
"0.45"	"0.8"	"0.45"	"0.01"	"0.005"	"0.01"	"100000"	"10000"	"200"	"2131864094107141384"	100000	"intercept"	1.26825285
"0.45"	"0.8"	"0.45"	"0.01"	"0.005"	"0.01"	"100000"	"10000"	"200"	"7832285181852941898"	10	"slope"	-0.00013321549
"0.45"	"0.8"	"0.45"	"0.01"	"0.005"	"0.01"	"100000"	"10000"	"200"	"7832285181852941898"	10	"intercept"	0.499975325
"0.45"	"0.8"	"0.45"	"0.01"	"0.005"	"0.01"	"100000"	"10000"	"200"	"7832285181852941898"	5000	"slope"	-0.0801950756
"0.45"	"0.8"	"0.45"	"0.01"	"0.005"	"0.01"	"100000"	"10000"	"200"	"7832285181852941898"	5000	"intercept"	0.58200707
"0.45"	"0.8"	"0.45"	"0.01"	"0.005"	"0.01"	"100000"	"10000"	"200"	"7832285181852941898"	10000	"slope"	-0.219135038
"0.45"	"0.8"	"0.45"	"0.01"	"0.005"	"0.01"	"100000"	"10000"	"200"	"7832285181852941898"	10000	"intercept"	0.65586662
"0.45"	"0.8"	"0.45"	"0.01"	"0.005"	"0.01"	"100000"	"10000"	"200"	"7832285181852941898"	15000	"slope"	-0.360240285
"0.45"	"0.8"	"0.45"	"0.01"	"0.005"	"0.01"	"100000"	"10000"	"200"	"7832285181852941898"	15000	"intercept"	0.746797495
"0.45"	"0.8"	"0.45"	"0.01"	"0.005"	"0.01"	"100000"	"10000"	"200"	"7832285181852941898"	20000	"slope"	-0.500604865
"0.45"	"0.8"	"0.45"	"0.01"	"0.005"	"0.01"	"100000"	"10000"	"200"	"7832285181852941898"	20000	"intercept"	0.8547989
"0.45"	"0.8"	"0.45"	"0.01"	"0.005"	"0.01"	"100000"	"10000"	"200"	"7832285181852941898"	25000	"slope"	-0.60710911
"0.45"	"0.8"	"0.45"	"0.01"	"0.005"	"0.01"	"100000"	"10000"	"200"	"7832285181852941898"	25000	"intercept"	0.90435798
"0.45"	"0.8"	"0.45"	"0.01"	"0.005"	"0.01"	"100000"	"10000"	"200"	"7832285181852941898"	30000	"slope"	-0.69442211
"0.45"	"0.8"	"0.45"	"0.01"	"0.005"	"0.01"	"100000"	"10000"	"200"	"7832285181852941898"	30000	"intercept"	0.9635638
"0.45"	"0.8"	"0.45"	"0.01"	"0.005"	"0.01"	"100000"	"10000"	"200"	"7832285181852941898"	35000	"slope"	-0.78554679
"0.45"	"0.8"	"0.45"	"0.01"	"0.005"	"0.01"	"100000"	"10000"	"200"	"7832285181852941898"	35000	"intercept"	1.019212065
"0.45"	"0.8"	"0.45"	"0.01"	"0.005"	"0.01"	"100000"	"10000"	"200"	"7832285181852941898"	40000	"slope"	-0.87642301
"0.45"	"0.8"	"0.45"	"0.01"	"0.005"	"0.01"	"100000"	"10000"	"200"	"7832285181852941898"	40000	"intercept"	1.10034107
"0.45"	"0.8"	"0.45"	"0.01"	"0.005"	"0.01"	"100000"	"10000"	"200"	"7832285181852941898"	45000	"slope"	-0.95392938
"0.45"	"0.8"	"0.45"	"0.01"	"0.005"	"0.01"	"100000"	"10000"	"200"	"7832285181852941898"	45000	"intercept"	1.14140435
"0.45"	"0.8"	"0.45"	"0.01"	"0.005"	"0.01"	"100000"	"10000"	"200"	"7832285181852941898"	50000	"slope"	-0.98892739
"0.45"	"0.8"	"0.45"	"0.01"	"0.005"	"0.01"	"100000"	"10000"	"200"	"7832285181852941898"	50000	"intercept"	1.16084215
"0.45"	"0.8"	"0.45"	"0.01"	"0.005"	"0.01"	"100000"	"10000"	"200"	"7832285181852941898"	55000	"slope"	-1.069067915
"0.45"	"0.8"	"0.45"	"0.01"	"0.005"	"0.01"	"100000"	"10000"	"200"	"7832285181852941898"	55000	"intercept"	1.21145385
"0.45"	"0.8"	"0.45"	"0.01"	"0.005"	"0.01"	"100000"	"10000"	"200"	"7832285181852941898"	60000	"slope"	-1.13362755
"0.45"	"0.8"	"0.45"	"0.01"	"0.005"	"0.01"	"100000"	"10000"	"200"	"7832285181852941898"	60000	"intercept"	1.24922795
"0.45"	"0.8"	"0.45"	"0.01"	"0.005"	"0.01"	"100000"	"10000"	"200"	"7832285181852941898"	65000	"slope"	-1.17992295
"0.45"	"0.8"	"0.45"	"0.01"	"0.005"	"0.01"	"100000"	"10000"	"200"	"7832285181852941898"	65000	"intercept"	1.2857853
"0.45"	"0.8"	"0.45"	"0.01"	"0.005"	"0.01"	"100000"	"10000"	"200"	"7832285181852941898"	70000	"slope"	-1.18799005
"0.45"	"0.8"	"0.45"	"0.01"	"0.005"	"0.01"	"100000"	"10000"	"200"	"7832285181852941898"	70000	"intercept"	1.29382185
"0.45"	"0.8"	"0.45"	"0.01"	"0.005"	"0.01"	"100000"	"10000"	"200"	"7832285181852941898"	75000	"slope"	-1.21554255
"0.45"	"0.8"	"0.45"	"0.01"	"0.005"	"0.01"	"100000"	"10000"	"200"	"7832285181852941898"	75000	"intercept"	1.3153464
"0.45"	"0.8"	"0.45"	"0.01"	"0.005"	"0.01"	"100000"	"10000"	"200"	"7832285181852941898"	80000	"slope"	-1.2032213
"0.45"	"0.8"	"0.45"	"0.01"	"0.005"	"0.01"	"100000"	"10000"	"200"	"7832285181852941898"	80000	"intercept"	1.2996053
"0.45"	"0.8"	"0.45"	"0.01"	"0.005"	"0.01"	"100000"	"10000"	"200"	"7832285181852941898"	85000	"slope"	-1.20402075
"0.45"	"0.8"	"0.45"	"0.01"	"0.005"	"0.01"	"100000"	"10000"	"200"	"7832285181852941898"	85000	"intercept"	1.3054406
"0.45"	"0.8"	"0.45"	"0.01"	"0.005"	"0.01"	"100000"	"10000"	"200"	"7832285181852941898"	90000	"slope"	-1.21387015
"0.45"	"0.8"	"0.45"	"0.01"	"0.005"	"0.01"	"100000"	"10000"	"200"	"7832285181852941898"	90000	"intercept"	1.30533745
"0.45"	"0.8"	"0.45"	"0.01"	"0.005"	"0.01"	"100000"	"10000"	"200"	"7832285181852941898"	95000	"slope"	-1.2455067
"0.45"	"0.8"	"0.45"	"0.01"	"0.005"	"0.01"	"100000"	"10000"	"200"	"7832285181852941898"	95000	"intercept"	1.33028985
"0.45"	"0.8"	"0.45"	"0.01"	"0.005"	"0.01"	"100000"	"10000"	"200"	"7832285181852941898"	100000	"slope"	-1.2206228
"0.45"	"0.8"	"0.45"	"0.01"	"0.005"	"0.01"	"100000"	"10000"	"200"	"7832285181852941898"	100000	"intercept"	1.3217554
"0.55"	"0.0"	"0.45"	"0.01"	"0.005"	"0.01"	"100000"	"10000"	"200"	"2864938028729944699"	10	"slope"	6.905628e-05
"0.55"	"0.0"	"0.45"	"0.01"	"0.005"	"0.01"	"100000"	"10000"	"200"	"2864938028729944699"	10	"intercept"	0.500043475
"0.55"	"0.0"	"0.45"	"0.01"	"0.005"	"0.01"	"100000"	"10000"	"200"	"2864938028729944699"	5000	"slope"	0.039950842485
"0.55"	"0.0"	"0.45"	"0.01"	"0.005"	"0.01"	"100000"	"10000"	"200"	"2864938028729944699"	5000	"intercept"	0.60720861
"0.55"	"0.0"	"0.45"	"0.01"	"0.005"	"0.01"	"100000"	"10000"	"200"	"2864938028729944699"	10000	"slope"	-0.0072039169445
"0.55"	"0.0"	"0.45"	"0.01"	"0.005"	"0.01"	"100000"	"10000"	"200"	"2864938028729944699"	10000	"intercept"	0.63416366
"0.55"	"0.0"	"0.45"	"0.01"	"0.005"	"0.01"	"100000"	"10000"	"200"	"2864938028729944699"	15000	"slope"	-0.030850426025
"0.55"	"0.0"	"0.45"	"0.01"	"0.005"	"0.01"	"100000"	"10000"	"200"	"2864938028729944699"	15000	"intercept"	0.65484192
"0.55"	"0.0"	"0.45"	"0.01"	"0.005"	"0.01"	"100000"	"10000"	"200"	"2864938028729944699"	20000	"slope"	-0.045503233855
"0.55"	"0.0"	"0.45"	"0.01"	"0.005"	"0.01"	"100000"	"10000"	"200"	"2864938028729944699"	20000	"intercept"	0.66806147
"0.55"	"0.0"	"0.45"	"0.01"	"0.005"	"0.01"	"100000"	"10000"	"200"	"2864938028729944699"	25000	"slope"	-0.001737490415
"0.55"	"0.0"	"0.45"	"0.01"	"0.005"	"0.01"	"100000"	"10000"	"200"	"2864938028729944699"	25000	"intercept"	0.637706975
"0.55"	"0.0"	"0.45"	"0.01"	"0.005"	"0.01"	"100000"	"10000"	"200"	"2864938028729944699"	30000	"slope"	-0.027727495135
"0.55"	"0.0"	"0.45"	"0.01"	"0.005"	"0.01"	"100000"	"10000"	"200"	"2864938028729944699"	30000	"intercept"	0.651639635
"0.55"	"0.0"	"0.45"	"0.01"	"0.005"	"0.01"	"100000"	"10000"	"200"	"2864938028729944699"	35000	"slope"	-0.02307759168
"0.55"	"0.0"	"0.45"	"0.01"	"0.005"	"0.01"	"100000"	"10000"	"200"	"2864938028729944699"	35000	"intercept"	0.649284025
"0.55"	"0.0"	"0.45"	"0.01"	"0.005"	"0.01"	"100000"	"10000"	"200"	"2864938028729944699"	40000	"slope"	-0.0320279808015
"0.55"	"0.0"	"0.45"	"0.01"	"0.005"	"0.01"	"100000"	"10000"	"200"	"2864938028729944699"	40000	"intercept"	0.658493455
"0.55"	"0.0"	"0.45"	"0.01"	"0.005"	"0.01"	"100000"	"10000"	"200"	"2864938028729944699"	45000	"slope"	-0.042138217585
"0.55"	"0.0"	"0.45"	"0.01"	"0.005"	"0.01"	"100000"	"10000"	"200"	"2864938028729944699"	45000	"intercept"	0.653263515
"0.55"	"0.0"	"0.45"	"0.01"	"0.005"	"0.01"	"100000"	"10000"	"200"	"2864938028729944699"	50000	"slope"	-0.0610722138
"0.55"	"0.0"	"0.45"	"0.01"	"0.005"	"0.01"	"100000"	"10000"	"200"	"2864938028729944699"	50000	"intercept"	0.664401345
"0.55"	"0.0"	"0.45"	"0.01"	"0.005"	"0.01"	"100000"	"10000"	"200"	"2864938028729944699"	55000	"slope"	-0.087831254
"0.55"	"0.0"	"0.45"	"0.01"	"0.005"	"0.01"	"100000"	"10000"	"200"	"2864938028729944699"	55000	"intercept"	0.689533695
"0.55"	"0.0"	"0.45"	"0.01"	"0.005"	"0.01"	"100000"	"10000"	"200"	"2864938028729944699"	60000	"slope"	-0.10282222675
"0.55"	"0.0"	"0.45"	"0.01"	"0.005"	"0.01"	"100000"	"10000"	"200"	"2864938028729944699"	60000	"intercept"	0.708105715
"0.55"	"0.0"	"0.45"	"0.01"	"0.005"	"0.01"	"100000"	"10000"	"200"	"2864938028729944699"	65000	"slope"	-0.065018332075
"0.55"	"0.0"	"0.45"	"0.01"	"0.005"	"0.01"	"100000"	"10000"	"200"	"2864938028729944699"	65000	"intercept"	0.681614125
"0.55"	"0.0"	"0.45"	"0.01"	"0.005"	"0.01"	"100000"	"10000"	"200"	"2864938028729944699"	70000	"slope"	-0.0743705965065
"0.55"	"0.0"	"0.45"	"0.01"	"0.005"	"0.01"	"100000"	"10000"	"200"	"2864938028729944699"	70000	"intercept"	0.682127655
"0.55"	"0.0"	"0.45"	"0.01"	"0.005"	"0.01"	"100000"	"10000"	"200"	"2864938028729944699"	75000	"slope"	-0.0896756465
"0.55"	"0.0"	"0.45"	"0.01"	"0.005"	"0.01"	"100000"	"10000"	"200"	"2864938028729944699"	75000	"intercept"	0.69752966
"0.55"	"0.0"	"0.45"	"0.01"	"0.005"	"0.01"	"100000"	"10000"	"200"	"2864938028729944699"	80000	"slope"	-0.071662314475
"0.55"	"0.0"	"0.45"	"0.01"	"0.005"	"0.01"	"100000"	"10000"	"200"	"2864938028729944699"	80000	"intercept"	0.67189931
"0.55"	"0.0"	"0.45"	"0.01"	"0.005"	"0.01"	"100000"	"10000"	"200"	"2864938028729944699"	85000	"slope"	-0.081388810385
"0.55"	"0.0"	"0.45"	"0.01"	"0.005"	"0.01"	"100000"	"10000"	"200"	"2864938028729944699"	85000	"intercept"	0.68425055
"0.55"	"0.0"	"0.45"	"0.01"	"0.005"	"0.01"	"100000"	"10000"	"200"	"2864938028729944699"	90000	"slope"	-0.08048977531675
"0.55"	"0.0"	"0.45"	"0.01"	"0.005"	"0.01"	"100000"	"10000"	"200"	"2864938028729944699"	90000	"intercept"	0.67864024
"0.55"	"0.0"	"0.45"	"0.01"	"0.005"	"0.01"	"100000"	"10000"	"200"	"2864938028729944699"	95000	"slope"	-0.04929865341
"0.55"	"0.0"	"0.45"	"0.01"	"0.005"	"0.01"	"100000"	"10000"	"200"	"2864938028729944699"	95000	"intercept"	0.672438765
"0.55"	"0.0"	"0.45"	"0.01"	"0.005"	"0.01"	"100000"	"10000"	"200"	"2864938028729944699"	100000	"slope"	-0.04554479012
"0.55"	"0.0"	"0.45"	"0.01"	"0.005"	"0.01"	"100000"	"10000"	"200"	"2864938028729944699"	100000	"intercept"	0.658840365
"0.55"	"0.0"	"0.45"	"0.01"	"0.005"	"0.01"	"100000"	"10000"	"200"	"3062739815658597623"	10	"slope"	0.000127962535
"0.55"	"0.0"	"0.45"	"0.01"	"0.005"	"0.01"	"100000"	"10000"	"200"	"3062739815658597623"	10	"intercept"	0.500093715
"0.55"	"0.0"	"0.45"	"0.01"	"0.005"	"0.01"	"100000"	"10000"	"200"	"3062739815658597623"	5000	"slope"	0.04095455977
"0.55"	"0.0"	"0.45"	"0.01"	"0.005"	"0.01"	"100000"	"10000"	"200"	"3062739815658597623"	5000	"intercept"	0.59639223
"0.55"	"0.0"	"0.45"	"0.01"	"0.005"	"0.01"	"100000"	"10000"	"200"	"3062739815658597623"	10000	"slope"	0.011515836355
"0.55"	"0.0"	"0.45"	"0.01"	"0.005"	"0.01"	"100000"	"10000"	"200"	"3062739815658597623"	10000	"intercept"	0.631389295
"0.55"	"0.0"	"0.45"	"0.01"	"0.005"	"0.01"	"100000"	"10000"	"200"	"3062739815658597623"	15000	"slope"	-0.007846613777
"0.55"	"0.0"	"0.45"	"0.01"	"0.005"	"0.01"	"100000"	"10000"	"200"	"3062739815658597623"	15000	"intercept"	0.64193247
"0.55"	"0.0"	"0.45"	"0.01"	"0.005"	"0.01"	"100000"	"10000"	"200"	"3062739815658597623"	20000	"slope"	-0.0370297233
"0.55"	"0.0"	"0.45"	"0.01"	"0.005"	"0.01"	"100000"	"10000"	"200"	"3062739815658597623"	20000	"intercept"	0.658455675
"0.55"	"0.0"	"0.45"	"0.01"	"0.005"	"0.01"	"100000"	"10000"	"200"	"3062739815658597623"	25000	"slope"	-0.040112040989
"0.55"	"0.0"	"0.45"	"0.01"	"0.005"	"0.01"	"100000"	"10000"	"200"	"3062739815658597623"	25000	"intercept"	0.664370105
"0.55"	"0.0"	"0.45"	"0.01"	"0.005"	"0.01"	"100000"	"10000"	"200"	"3062739815658597623"	30000	"slope"	-0.067123938625
"0.55"	"0.0"	"0.45"	"0.01"	"0.005"	"0.01"	"100000"	"10000"	"200"	"3062739815658597623"	30000	"intercept"	0.667913565
"0.55"	"0.0"	"0.45"	"0.01"	"0.005"	"0.01"	"100000"	"10000"	"200"	"3062739815658597623"	35000	"slope"	-0.06963017125
"0.55"	"0.0"	"0.45"	"0.01"	"0.005"	"0.01"	"100000"	"10000"	"200"	"3062739815658597623"	35000	"intercept"	0.68554279
"0.55"	"0.0"	"0.45"	"0.01"	"0.005"	"0.01"	"100000"	"10000"	"200"	"3062739815658597623"	40000	"slope"	-0.0697724149
"0.55"	"0.0"	"0.45"	"0.01"	"0.005"	"0.01"	"100000"	"10000"	"200"	"3062739815658597623"	40000	"intercept"	0.687158305
"0.55"	"0.0"	"0.45"	"0.01"	"0.005"	"0.01"	"100000"	"10000"	"200"	"3062739815658597623"	45000	"slope"	-0.042911991855
"0.55"	"0.0"	"0.45"	"0.01"	"0.005"	"0.01"	"100000"	"10000"	"200"	"3062739815658597623"	45000	"intercept"	0.670359175
"0.55"	"0.0"	"0.45"	"0.01"	"0.005"	"0.01"	"100000"	"10000"	"200"	"3062739815658597623"	50000	"slope"	-0.0381948606
"0.55"	"0.0"	"0.45"	"0.01"	"0.005"	"0.01"	"100000"	"10000"	"200"	"3062739815658597623"	50000	"intercept"	0.6611721
"0.55"	"0.0"	"0.45"	"0.01"	"0.005"	"0.01"	"100000"	"10000"	"200"	"3062739815658597623"	55000	"slope"	-0.055987984268
"0.55"	"0.0"	"0.45"	"0.01"	"0.005"	"0.01"	"100000"	"10000"	"200"	"3062739815658597623"	55000	"intercept"	0.668785495
"0.55"	"0.0"	"0.45"	"0.01"	"0.005"	"0.01"	"100000"	"10000"	"200"	"3062739815658597623"	60000	"slope"	-0.0981112445
"0.55"	"0.0"	"0.45"	"0.01"	"0.005"	"0.01"	"100000"	"10000"	"200"	"3062739815658597623"	60000	"intercept"	0.690859845
"0.55"	"0.0"	"0.45"	"0.01"	"0.005"	"0.01"	"100000"	"10000"	"200"	"3062739815658597623"	65000	"slope"	-0.128204863
"0.55"	"0.0"	"0.45"	"0.01"	"0.005"	"0.01"	"100000"	"10000"	"200"	"3062739815658597623"	65000	"intercept"	0.71429521
"0.55"	"0.0"	"0.45"	"0.01"	"0.005"	"0.01"	"100000"	"10000"	"200"	"3062739815658597623"	70000	"slope"	-0.10048153425
"0.55"	"0.0"	"0.45"	"0.01"	"0.005"	"0.01"	"100000"	"10000"	"200"	"3062739815658597623"	70000	"intercept"	0.69633154
"0.55"	"0.0"	"0.45"	"0.01"	"0.005"	"0.01"	"100000"	"10000"	"200"	"3062739815658597623"	75000	"slope"	-0.1074116361
"0.55"	"0.0"	"0.45"	"0.01"	"0.005"	"0.01"	"100000"	"10000"	"200"	"3062739815658597623"	75000	"intercept"	0.71000265
"0.55"	"0.0"	"0.45"	"0.01"	"0.005"	"0.01"	"100000"	"10000"	"200"	"3062739815658597623"	80000	"slope"	-0.09237743425
"0.55"	"0.0"	"0.45"	"0.01"	"0.005"	"0.01"	"100000"	"10000"	"200"	"3062739815658597623"	80000	"intercept"	0.69753128
"0.55"	"0.0"	"0.45"	"0.01"	"0.005"	"0.01"	"100000"	"10000"	"200"	"3062739815658597623"	85000	"slope"	-0.047928769945
"0.55"	"0.0"	"0.45"	"0.01"	"0.005"	"0.01"	"100000"	"10000"	"200"	"3062739815658597623"	85000	"intercept"	0.66099157
"0.55"	"0.0"	"0.45"	"0.01"	"0.005"	"0.01"	"100000"	"10000"	"200"	"3062739815658597623"	90000	"slope"	-0.035794005195
"0.55"	"0.0"	"0.45"	"0.01"	"0.005"	"0.01"	"100000"	"10000"	"200"	"3062739815658597623"	90000	"intercept"	0.65729454
"0.55"	"0.0"	"0.45"	"0.01"	"0.005"	"0.01"	"100000"	"10000"	"200"	"3062739815658597623"	95000	"slope"	-0.031956138834
"0.55"	"0.0"	"0.45"	"0.01"	"0.005"	"0.01"	"100000"	"10000"	"200"	"3062739815658597623"	95000	"intercept"	0.65935574
"0.55"	"0.0"	"0.45"	"0.01"	"0.005"	"0.01"	"100000"	"10000"	"200"	"3062739815658597623"	100000	"slope"	-0.02932344915
"0.55"	"0.0"	"0.45"	"0.01"	"0.005"	"0.01"	"100000"	"10000"	"200"	"3062739815658597623"	100000	"intercept"	0.65405374
"0.55"	"0.0"	"0.45"	"0.01"	"0.005"	"0.01"	"100000"	"10000"	"200"	"4699251960234181065"	10	"slope"	0.0001050050545
"0.55"	"0.0"	"0.45"	"0.01"	"0.005"	"0.01"	"100000"	"10000"	"200"	"4699251960234181065"	10	"intercept"	0.50002551
"0.55"	"0.0"	"0.45"	"0.01"	"0.005"	"0.01"	"100000"	"10000"	"200"	"4699251960234181065"	5000	"slope"	0.0343999293635
"0.55"	"0.0"	"0.45"	"0.01"	"0.005"	"0.01"	"100000"	"10000"	"200"	"4699251960234181065"	5000	"intercept"	0.61417274
"0.55"	"0.0"	"0.45"	"0.01"	"0.005"	"0.01"	"100000"	"10000"	"200"	"4699251960234181065"	10000	"slope"	-0.01867747243
"0.55"	"0.0"	"0.45"	"0.01"	"0.005"	"0.01"	"100000"	"10000"	"200"	"4699251960234181065"	10000	"intercept"	0.64842281
"0.55"	"0.0"	"0.45"	"0.01"	"0.005"	"0.01"	"100000"	"10000"	"200"	"4699251960234181065"	15000	"slope"	-0.0439714997
"0.55"	"0.0"	"0.45"	"0.01"	"0.005"	"0.01"	"100000"	"10000"	"200"	"4699251960234181065"	15000	"intercept"	0.66142164
"0.55"	"0.0"	"0.45"	"0.01"	"0.005"	"0.01"	"100000"	"10000"	"200"	"4699251960234181065"	20000	"slope"	-0.055633514325
"0.55"	"0.0"	"0.45"	"0.01"	"0.005"	"0.01"	"100000"	"10000"	"200"	"4699251960234181065"	20000	"intercept"	0.66991629
"0.55"	"0.0"	"0.45"	"0.01"	"0.005"	"0.01"	"100000"	"10000"	"200"	"4699251960234181065"	25000	"slope"	-0.0490930071
"0.55"	"0.0"	"0.45"	"0.01"	"0.005"	"0.01"	"100000"	"10000"	"200"	"4699251960234181065"	25000	"intercept"	0.66190055
"0.55"	"0.0"	"0.45"	"0.01"	"0.005"	"0.01"	"100000"	"10000"	"200"	"4699251960234181065"	30000	"slope"	-0.04376240375
"0.55"	"0.0"	"0.45"	"0.01"	"0.005"	"0.01"	"100000"	"10000"	"200"	"4699251960234181065"	30000	"intercept"	0.66814821
"0.55"	"0.0"	"0.45"	"0.01"	"0.005"	"0.01"	"100000"	"10000"	"200"	"4699251960234181065"	35000	"slope"	-0.049512224115
"0.55"	"0.0"	"0.45"	"0.01"	"0.005"	"0.01"	"100000"	"10000"	"200"	"4699251960234181065"	35000	"intercept"	0.66363414
"0.55"	"0.0"	"0.45"	"0.01"	"0.005"	"0.01"	"100000"	"10000"	"200"	"4699251960234181065"	40000	"slope"	-0.04349715495
"0.55"	"0.0"	"0.45"	"0.01"	"0.005"	"0.01"	"100000"	"10000"	"200"	"4699251960234181065"	40000	"intercept"	0.65655923
"0.55"	"0.0"	"0.45"	"0.01"	"0.005"	"0.01"	"100000"	"10000"	"200"	"4699251960234181065"	45000	"slope"	-0.05462906564
"0.55"	"0.0"	"0.45"	"0.01"	"0.005"	"0.01"	"100000"	"10000"	"200"	"4699251960234181065"	45000	"intercept"	0.66081877
"0.55"	"0.0"	"0.45"	"0.01"	"0.005"	"0.01"	"100000"	"10000"	"200"	"4699251960234181065"	50000	"slope"	-0.03699724471
"0.55"	"0.0"	"0.45"	"0.01"	"0.005"	"0.01"	"100000"	"10000"	"200"	"4699251960234181065"	50000	"intercept"	0.654451615
"0.55"	"0.0"	"0.45"	"0.01"	"0.005"	"0.01"	"100000"	"10000"	"200"	"4699251960234181065"	55000	"slope"	-0.04247822065
"0.55"	"0.0"	"0.45"	"0.01"	"0.005"	"0.01"	"100000"	"10000"	"200"	"4699251960234181065"	55000	"intercept"	0.649848595
"0.55"	"0.0"	"0.45"	"0.01"	"0.005"	"0.01"	"100000"	"10000"	"200"	"4699251960234181065"	60000	"slope"	-0.06269217731
"0.55"	"0.0"	"0.45"	"0.01"	"0.005"	"0.01"	"100000"	"10000"	"200"	"4699251960234181065"	60000	"intercept"	0.682860445
"0.55"	"0.0"	"0.45"	"0.01"	"0.005"	"0.01"	"100000"	"10000"	"200"	"4699251960234181065"	65000	"slope"	-0.050960456175
"0.55"	"0.0"	"0.45"	"0.01"	"0.005"	"0.01"	"100000"	"10000"	"200"	"4699251960234181065"	65000	"intercept"	0.67187746
"0.55"	"0.0"	"0.45"	"0.01"	"0.005"	"0.01"	"100000"	"10000"	"200"	"4699251960234181065"	70000	"slope"	-0.00988568327
"0.55"	"0.0"	"0.45"	"0.01"	"0.005"	"0.01"	"100000"	"10000"	"200"	"4699251960234181065"	70000	"intercept"	0.64708433
"0.55"	"0.0"	"0.45"	"0.01"	"0.005"	"0.01"	"100000"	"10000"	"200"	"4699251960234181065"	75000	"slope"	-0.02445448545
"0.55"	"0.0"	"0.45"	"0.01"	"0.005"	"0.01"	"100000"	"10000"	"200"	"4699251960234181065"	75000	"intercept"	0.644960915
"0.55"	"0.0"	"0.45"	"0.01"	"0.005"	"0.01"	"100000"	"10000"	"200"	"4699251960234181065"	80000	"slope"	-0.0368805781
"0.55"	"0.0"	"0.45"	"0.01"	"0.005"	"0.01"	"100000"	"10000"	"200"	"4699251960234181065"	80000	"intercept"	0.65351205
"0.55"	"0.0"	"0.45"	"0.01"	"0.005"	"0.01"	"100000"	"10000"	"200"	"4699251960234181065"	85000	"slope"	-0.04076445961
"0.55"	"0.0"	"0.45"	"0.01"	"0.005"	"0.01"	"100000"	"10000"	"200"	"4699251960234181065"	85000	"intercept"	0.650477485
"0.55"	"0.0"	"0.45"	"0.01"	"0.005"	"0.01"	"100000"	"10000"	"200"	"4699251960234181065"	90000	"slope"	-0.0383346426
"0.55"	"0.0"	"0.45"	"0.01"	"0.005"	"0.01"	"100000"	"10000"	"200"	"4699251960234181065"	90000	"intercept"	0.66171139
"0.55"	"0.0"	"0.45"	"0.01"	"0.005"	"0.01"	"100000"	"10000"	"200"	"4699251960234181065"	95000	"slope"	-0.06451344802
"0.55"	"0.0"	"0.45"	"0.01"	"0.005"	"0.01"	"100000"	"10000"	"200"	"4699251960234181065"	95000	"intercept"	0.67983912
"0.55"	"0.0"	"0.45"	"0.01"	"0.005"	"0.01"	"100000"	"10000"	"200"	"4699251960234181065"	100000	"slope"	-0.05570026315
"0.55"	"0.0"	"0.45"	"0.01"	"0.005"	"0.01"	"100000"	"10000"	"200"	"4699251960234181065"	100000	"intercept"	0.673015575
"0.55"	"0.4"	"0.45"	"0.01"	"0.005"	"0.01"	"100000"	"10000"	"200"	"5498996551839824545"	10	"slope"	-4.014636e-05
"0.55"	"0.4"	"0.45"	"0.01"	"0.005"	"0.01"	"100000"	"10000"	"200"	"5498996551839824545"	10	"intercept"	0.499840115
"0.55"	"0.4"	"0.45"	"0.01"	"0.005"	"0.01"	"100000"	"10000"	"200"	"5498996551839824545"	5000	"slope"	0.03720124787
"0.55"	"0.4"	"0.45"	"0.01"	"0.005"	"0.01"	"100000"	"10000"	"200"	"5498996551839824545"	5000	"intercept"	0.58700132
"0.55"	"0.4"	"0.45"	"0.01"	"0.005"	"0.01"	"100000"	"10000"	"200"	"5498996551839824545"	10000	"slope"	-0.01366984814
"0.55"	"0.4"	"0.45"	"0.01"	"0.005"	"0.01"	"100000"	"10000"	"200"	"5498996551839824545"	10000	"intercept"	0.61738901
"0.55"	"0.4"	"0.45"	"0.01"	"0.005"	"0.01"	"100000"	"10000"	"200"	"5498996551839824545"	15000	"slope"	-0.0574443648
"0.55"	"0.4"	"0.45"	"0.01"	"0.005"	"0.01"	"100000"	"10000"	"200"	"5498996551839824545"	15000	"intercept"	0.639417265
"0.55"	"0.4"	"0.45"	"0.01"	"0.005"	"0.01"	"100000"	"10000"	"200"	"5498996551839824545"	20000	"slope"	-0.0852931864
"0.55"	"0.4"	"0.45"	"0.01"	"0.005"	"0.01"	"100000"	"10000"	"200"	"5498996551839824545"	20000	"intercept"	0.652747195
"0.55"	"0.4"	"0.45"	"0.01"	"0.005"	"0.01"	"100000"	"10000"	"200"	"5498996551839824545"	25000	"slope"	-0.154283269
"0.55"	"0.4"	"0.45"	"0.01"	"0.005"	"0.01"	"100000"	"10000"	"200"	"5498996551839824545"	25000	"intercept"	0.701908705
"0.55"	"0.4"	"0.45"	"0.01"	"0.005"	"0.01"	"100000"	"10000"	"200"	"5498996551839824545"	30000	"slope"	-0.20091951
"0.55"	"0.4"	"0.45"	"0.01"	"0.005"	"0.01"	"100000"	"10000"	"200"	"5498996551839824545"	30000	"intercept"	0.72971883
"0.55"	"0.4"	"0.45"	"0.01"	"0.005"	"0.01"	"100000"	"10000"	"200"	"5498996551839824545"	35000	"slope"	-0.235399075
"0.55"	"0.4"	"0.45"	"0.01"	"0.005"	"0.01"	"100000"	"10000"	"200"	"5498996551839824545"	35000	"intercept"	0.755927005
"0.55"	"0.4"	"0.45"	"0.01"	"0.005"	"0.01"	"100000"	"10000"	"200"	"5498996551839824545"	40000	"slope"	-0.25249255
"0.55"	"0.4"	"0.45"	"0.01"	"0.005"	"0.01"	"100000"	"10000"	"200"	"5498996551839824545"	40000	"intercept"	0.766127775
"0.55"	"0.4"	"0.45"	"0.01"	"0.005"	"0.01"	"100000"	"10000"	"200"	"5498996551839824545"	45000	"slope"	-0.259017145
"0.55"	"0.4"	"0.45"	"0.01"	"0.005"	"0.01"	"100000"	"10000"	"200"	"5498996551839824545"	45000	"intercept"	0.77642323
"0.55"	"0.4"	"0.45"	"0.01"	"0.005"	"0.01"	"100000"	"10000"	"200"	"5498996551839824545"	50000	"slope"	-0.32162937
"0.55"	"0.4"	"0.45"	"0.01"	"0.005"	"0.01"	"100000"	"10000"	"200"	"5498996551839824545"	50000	"intercept"	0.80735973
"0.55"	"0.4"	"0.45"	"0.01"	"0.005"	"0.01"	"100000"	"10000"	"200"	"5498996551839824545"	55000	"slope"	-0.34884249
"0.55"	"0.4"	"0.45"	"0.01"	"0.005"	"0.01"	"100000"	"10000"	"200"	"5498996551839824545"	55000	"intercept"	0.825109665
"0.55"	"0.4"	"0.45"	"0.01"	"0.005"	"0.01"	"100000"	"10000"	"200"	"5498996551839824545"	60000	"slope"	-0.28829396
"0.55"	"0.4"	"0.45"	"0.01"	"0.005"	"0.01"	"100000"	"10000"	"200"	"5498996551839824545"	60000	"intercept"	0.784127815
"0.55"	"0.4"	"0.45"	"0.01"	"0.005"	"0.01"	"100000"	"10000"	"200"	"5498996551839824545"	65000	"slope"	-0.29295624
"0.55"	"0.4"	"0.45"	"0.01"	"0.005"	"0.01"	"100000"	"10000"	"200"	"5498996551839824545"	65000	"intercept"	0.792252315
"0.55"	"0.4"	"0.45"	"0.01"	"0.005"	"0.01"	"100000"	"10000"	"200"	"5498996551839824545"	70000	"slope"	-0.366448225
"0.55"	"0.4"	"0.45"	"0.01"	"0.005"	"0.01"	"100000"	"10000"	"200"	"5498996551839824545"	70000	"intercept"	0.838812355
"0.55"	"0.4"	"0.45"	"0.01"	"0.005"	"0.01"	"100000"	"10000"	"200"	"5498996551839824545"	75000	"slope"	-0.30498074
"0.55"	"0.4"	"0.45"	"0.01"	"0.005"	"0.01"	"100000"	"10000"	"200"	"5498996551839824545"	75000	"intercept"	0.79500087
"0.55"	"0.4"	"0.45"	"0.01"	"0.005"	"0.01"	"100000"	"10000"	"200"	"5498996551839824545"	80000	"slope"	-0.290929685
"0.55"	"0.4"	"0.45"	"0.01"	"0.005"	"0.01"	"100000"	"10000"	"200"	"5498996551839824545"	80000	"intercept"	0.78881962
"0.55"	"0.4"	"0.45"	"0.01"	"0.005"	"0.01"	"100000"	"10000"	"200"	"5498996551839824545"	85000	"slope"	-0.283508455
"0.55"	"0.4"	"0.45"	"0.01"	"0.005"	"0.01"	"100000"	"10000"	"200"	"5498996551839824545"	85000	"intercept"	0.78765737
"0.55"	"0.4"	"0.45"	"0.01"	"0.005"	"0.01"	"100000"	"10000"	"200"	"5498996551839824545"	90000	"slope"	-0.279083195
"0.55"	"0.4"	"0.45"	"0.01"	"0.005"	"0.01"	"100000"	"10000"	"200"	"5498996551839824545"	90000	"intercept"	0.788447375
"0.55"	"0.4"	"0.45"	"0.01"	"0.005"	"0.01"	"100000"	"10000"	"200"	"5498996551839824545"	95000	"slope"	-0.293573855
"0.55"	"0.4"	"0.45"	"0.01"	"0.005"	"0.01"	"100000"	"10000"	"200"	"5498996551839824545"	95000	"intercept"	0.7889659
"0.55"	"0.4"	"0.45"	"0.01"	"0.005"	"0.01"	"100000"	"10000"	"200"	"5498996551839824545"	100000	"slope"	-0.317995295
"0.55"	"0.4"	"0.45"	"0.01"	"0.005"	"0.01"	"100000"	"10000"	"200"	"5498996551839824545"	100000	"intercept"	0.818341235
"0.55"	"0.4"	"0.45"	"0.01"	"0.005"	"0.01"	"100000"	"10000"	"200"	"7553611826430209300"	10	"slope"	-0.00014616615
"0.55"	"0.4"	"0.45"	"0.01"	"0.005"	"0.01"	"100000"	"10000"	"200"	"7553611826430209300"	10	"intercept"	0.500008975
"0.55"	"0.4"	"0.45"	"0.01"	"0.005"	"0.01"	"100000"	"10000"	"200"	"7553611826430209300"	5000	"slope"	-0.028874362777
"0.55"	"0.4"	"0.45"	"0.01"	"0.005"	"0.01"	"100000"	"10000"	"200"	"7553611826430209300"	5000	"intercept"	0.62998626
"0.55"	"0.4"	"0.45"	"0.01"	"0.005"	"0.01"	"100000"	"10000"	"200"	"7553611826430209300"	10000	"slope"	-0.0791127004
"0.55"	"0.4"	"0.45"	"0.01"	"0.005"	"0.01"	"100000"	"10000"	"200"	"7553611826430209300"	10000	"intercept"	0.65451025
"0.55"	"0.4"	"0.45"	"0.01"	"0.005"	"0.01"	"100000"	"10000"	"200"	"7553611826430209300"	15000	"slope"	-0.182817829
"0.55"	"0.4"	"0.45"	"0.01"	"0.005"	"0.01"	"100000"	"10000"	"200"	"7553611826430209300"	15000	"intercept"	0.721495585
"0.55"	"0.4"	"0.45"	"0.01"	"0.005"	"0.01"	"100000"	"10000"	"200"	"7553611826430209300"	20000	"slope"	-0.20833766
"0.55"	"0.4"	"0.45"	"0.01"	"0.005"	"0.01"	"100000"	"10000"	"200"	"7553611826430209300"	20000	"intercept"	0.750706605
"0.55"	"0.4"	"0.45"	"0.01"	"0.005"	"0.01"	"100000"	"10000"	"200"	"7553611826430209300"	25000	"slope"	-0.22685216
"0.55"	"0.4"	"0.45"	"0.01"	"0.005"	"0.01"	"100000"	"10000"	"200"	"7553611826430209300"	25000	"intercept"	0.7496677
"0.55"	"0.4"	"0.45"	"0.01"	"0.005"	"0.01"	"100000"	"10000"	"200"	"7553611826430209300"	30000	"slope"	-0.255716725
"0.55"	"0.4"	"0.45"	"0.01"	"0.005"	"0.01"	"100000"	"10000"	"200"	"7553611826430209300"	30000	"intercept"	0.766365445
"0.55"	"0.4"	"0.45"	"0.01"	"0.005"	"0.01"	"100000"	"10000"	"200"	"7553611826430209300"	35000	"slope"	-0.26909608
"0.55"	"0.4"	"0.45"	"0.01"	"0.005"	"0.01"	"100000"	"10000"	"200"	"7553611826430209300"	35000	"intercept"	0.77476267
"0.55"	"0.4"	"0.45"	"0.01"	"0.005"	"0.01"	"100000"	"10000"	"200"	"7553611826430209300"	40000	"slope"	-0.269198965
"0.55"	"0.4"	"0.45"	"0.01"	"0.005"	"0.01"	"100000"	"10000"	"200"	"7553611826430209300"	40000	"intercept"	0.77527375
"0.55"	"0.4"	"0.45"	"0.01"	"0.005"	"0.01"	"100000"	"10000"	"200"	"7553611826430209300"	45000	"slope"	-0.247059455
"0.55"	"0.4"	"0.45"	"0.01"	"0.005"	"0.01"	"100000"	"10000"	"200"	"7553611826430209300"	45000	"intercept"	0.76594111
"0.55"	"0.4"	"0.45"	"0.01"	"0.005"	"0.01"	"100000"	"10000"	"200"	"7553611826430209300"	50000	"slope"	-0.256652925
"0.55"	"0.4"	"0.45"	"0.01"	"0.005"	"0.01"	"100000"	"10000"	"200"	"7553611826430209300"	50000	"intercept"	0.770780975
"0.55"	"0.4"	"0.45"	"0.01"	"0.005"	"0.01"	"100000"	"10000"	"200"	"7553611826430209300"	55000	"slope"	-0.298127875
"0.55"	"0.4"	"0.45"	"0.01"	"0.005"	"0.01"	"100000"	"10000"	"200"	"7553611826430209300"	55000	"intercept"	0.797440715
"0.55"	"0.4"	"0.45"	"0.01"	"0.005"	"0.01"	"100000"	"10000"	"200"	"7553611826430209300"	60000	"slope"	-0.320227245
"0.55"	"0.4"	"0.45"	"0.01"	"0.005"	"0.01"	"100000"	"10000"	"200"	"7553611826430209300"	60000	"intercept"	0.81123931
"0.55"	"0.4"	"0.45"	"0.01"	"0.005"	"0.01"	"100000"	"10000"	"200"	"7553611826430209300"	65000	"slope"	-0.29736094
"0.55"	"0.4"	"0.45"	"0.01"	"0.005"	"0.01"	"100000"	"10000"	"200"	"7553611826430209300"	65000	"intercept"	0.795289565
"0.55"	"0.4"	"0.45"	"0.01"	"0.005"	"0.01"	"100000"	"10000"	"200"	"7553611826430209300"	70000	"slope"	-0.30287439
"0.55"	"0.4"	"0.45"	"0.01"	"0.005"	"0.01"	"100000"	"10000"	"200"	"7553611826430209300"	70000	"intercept"	0.801653095
"0.55"	"0.4"	"0.45"	"0.01"	"0.005"	"0.01"	"100000"	"10000"	"200"	"7553611826430209300"	75000	"slope"	-0.31543724
"0.55"	"0.4"	"0.45"	"0.01"	"0.005"	"0.01"	"100000"	"10000"	"200"	"7553611826430209300"	75000	"intercept"	0.81123723
"0.55"	"0.4"	"0.45"	"0.01"	"0.005"	"0.01"	"100000"	"10000"	"200"	"7553611826430209300"	80000	"slope"	-0.299091955
"0.55"	"0.4"	"0.45"	"0.01"	"0.005"	"0.01"	"100000"	"10000"	"200"	"7553611826430209300"	80000	"intercept"	0.7934495
"0.55"	"0.4"	"0.45"	"0.01"	"0.005"	"0.01"	"100000"	"10000"	"200"	"7553611826430209300"	85000	"slope"	-0.305227035
"0.55"	"0.4"	"0.45"	"0.01"	"0.005"	"0.01"	"100000"	"10000"	"200"	"7553611826430209300"	85000	"intercept"	0.801068205
"0.55"	"0.4"	"0.45"	"0.01"	"0.005"	"0.01"	"100000"	"10000"	"200"	"7553611826430209300"	90000	"slope"	-0.327591995
"0.55"	"0.4"	"0.45"	"0.01"	"0.005"	"0.01"	"100000"	"10000"	"200"	"7553611826430209300"	90000	"intercept"	0.81283177
"0.55"	"0.4"	"0.45"	"0.01"	"0.005"	"0.01"	"100000"	"10000"	"200"	"7553611826430209300"	95000	"slope"	-0.34148806
"0.55"	"0.4"	"0.45"	"0.01"	"0.005"	"0.01"	"100000"	"10000"	"200"	"7553611826430209300"	95000	"intercept"	0.818042475
"0.55"	"0.4"	"0.45"	"0.01"	"0.005"	"0.01"	"100000"	"10000"	"200"	"7553611826430209300"	100000	"slope"	-0.294479505
"0.55"	"0.4"	"0.45"	"0.01"	"0.005"	"0.01"	"100000"	"10000"	"200"	"7553611826430209300"	100000	"intercept"	0.80140248
"0.55"	"0.4"	"0.45"	"0.01"	"0.005"	"0.01"	"100000"	"10000"	"200"	"8165248333612525937"	10	"slope"	-7.10972545e-05
"0.55"	"0.4"	"0.45"	"0.01"	"0.005"	"0.01"	"100000"	"10000"	"200"	"8165248333612525937"	10	"intercept"	0.50012769
"0.55"	"0.4"	"0.45"	"0.01"	"0.005"	"0.01"	"100000"	"10000"	"200"	"8165248333612525937"	5000	"slope"	-0.008758263535
"0.55"	"0.4"	"0.45"	"0.01"	"0.005"	"0.01"	"100000"	"10000"	"200"	"8165248333612525937"	5000	"intercept"	0.612026905
"0.55"	"0.4"	"0.45"	"0.01"	"0.005"	"0.01"	"100000"	"10000"	"200"	"8165248333612525937"	10000	"slope"	-0.1000812525
"0.55"	"0.4"	"0.45"	"0.01"	"0.005"	"0.01"	"100000"	"10000"	"200"	"8165248333612525937"	10000	"intercept"	0.66954606
"0.55"	"0.4"	"0.45"	"0.01"	"0.005"	"0.01"	"100000"	"10000"	"200"	"8165248333612525937"	15000	"slope"	-0.1305499245
"0.55"	"0.4"	"0.45"	"0.01"	"0.005"	"0.01"	"100000"	"10000"	"200"	"8165248333612525937"	15000	"intercept"	0.698317925
"0.55"	"0.4"	"0.45"	"0.01"	"0.005"	"0.01"	"100000"	"10000"	"200"	"8165248333612525937"	20000	"slope"	-0.202186134
"0.55"	"0.4"	"0.45"	"0.01"	"0.005"	"0.01"	"100000"	"10000"	"200"	"8165248333612525937"	20000	"intercept"	0.73833902
"0.55"	"0.4"	"0.45"	"0.01"	"0.005"	"0.01"	"100000"	"10000"	"200"	"8165248333612525937"	25000	"slope"	-0.26384352
"0.55"	"0.4"	"0.45"	"0.01"	"0.005"	"0.01"	"100000"	"10000"	"200"	"8165248333612525937"	25000	"intercept"	0.78097147
"0.55"	"0.4"	"0.45"	"0.01"	"0.005"	"0.01"	"100000"	"10000"	"200"	"8165248333612525937"	30000	"slope"	-0.290218535
"0.55"	"0.4"	"0.45"	"0.01"	"0.005"	"0.01"	"100000"	"10000"	"200"	"8165248333612525937"	30000	"intercept"	0.793555245
"0.55"	"0.4"	"0.45"	"0.01"	"0.005"	"0.01"	"100000"	"10000"	"200"	"8165248333612525937"	35000	"slope"	-0.298169745
"0.55"	"0.4"	"0.45"	"0.01"	"0.005"	"0.01"	"100000"	"10000"	"200"	"8165248333612525937"	35000	"intercept"	0.799952915
"0.55"	"0.4"	"0.45"	"0.01"	"0.005"	"0.01"	"100000"	"10000"	"200"	"8165248333612525937"	40000	"slope"	-0.2951411
"0.55"	"0.4"	"0.45"	"0.01"	"0.005"	"0.01"	"100000"	"10000"	"200"	"8165248333612525937"	40000	"intercept"	0.79122673
"0.55"	"0.4"	"0.45"	"0.01"	"0.005"	"0.01"	"100000"	"10000"	"200"	"8165248333612525937"	45000	"slope"	-0.3216144
"0.55"	"0.4"	"0.45"	"0.01"	"0.005"	"0.01"	"100000"	"10000"	"200"	"8165248333612525937"	45000	"intercept"	0.802407635
"0.55"	"0.4"	"0.45"	"0.01"	"0.005"	"0.01"	"100000"	"10000"	"200"	"8165248333612525937"	50000	"slope"	-0.3101795
"0.55"	"0.4"	"0.45"	"0.01"	"0.005"	"0.01"	"100000"	"10000"	"200"	"8165248333612525937"	50000	"intercept"	0.805612815
"0.55"	"0.4"	"0.45"	"0.01"	"0.005"	"0.01"	"100000"	"10000"	"200"	"8165248333612525937"	55000	"slope"	-0.319519655
"0.55"	"0.4"	"0.45"	"0.01"	"0.005"	"0.01"	"100000"	"10000"	"200"	"8165248333612525937"	55000	"intercept"	0.81496254
"0.55"	"0.4"	"0.45"	"0.01"	"0.005"	"0.01"	"100000"	"10000"	"200"	"8165248333612525937"	60000	"slope"	-0.33918254
"0.55"	"0.4"	"0.45"	"0.01"	"0.005"	"0.01"	"100000"	"10000"	"200"	"8165248333612525937"	60000	"intercept"	0.821122145
"0.55"	"0.4"	"0.45"	"0.01"	"0.005"	"0.01"	"100000"	"10000"	"200"	"8165248333612525937"	65000	"slope"	-0.33495715
"0.55"	"0.4"	"0.45"	"0.01"	"0.005"	"0.01"	"100000"	"10000"	"200"	"8165248333612525937"	65000	"intercept"	0.815584855
"0.55"	"0.4"	"0.45"	"0.01"	"0.005"	"0.01"	"100000"	"10000"	"200"	"8165248333612525937"	70000	"slope"	-0.318248975
"0.55"	"0.4"	"0.45"	"0.01"	"0.005"	"0.01"	"100000"	"10000"	"200"	"8165248333612525937"	70000	"intercept"	0.804997355
"0.55"	"0.4"	"0.45"	"0.01"	"0.005"	"0.01"	"100000"	"10000"	"200"	"8165248333612525937"	75000	"slope"	-0.34725171
"0.55"	"0.4"	"0.45"	"0.01"	"0.005"	"0.01"	"100000"	"10000"	"200"	"8165248333612525937"	75000	"intercept"	0.816840045
"0.55"	"0.4"	"0.45"	"0.01"	"0.005"	"0.01"	"100000"	"10000"	"200"	"8165248333612525937"	80000	"slope"	-0.34546834
"0.55"	"0.4"	"0.45"	"0.01"	"0.005"	"0.01"	"100000"	"10000"	"200"	"8165248333612525937"	80000	"intercept"	0.81990486
"0.55"	"0.4"	"0.45"	"0.01"	"0.005"	"0.01"	"100000"	"10000"	"200"	"8165248333612525937"	85000	"slope"	-0.328699325
"0.55"	"0.4"	"0.45"	"0.01"	"0.005"	"0.01"	"100000"	"10000"	"200"	"8165248333612525937"	85000	"intercept"	0.81157953
"0.55"	"0.4"	"0.45"	"0.01"	"0.005"	"0.01"	"100000"	"10000"	"200"	"8165248333612525937"	90000	"slope"	-0.34340818
"0.55"	"0.4"	"0.45"	"0.01"	"0.005"	"0.01"	"100000"	"10000"	"200"	"8165248333612525937"	90000	"intercept"	0.822691545
"0.55"	"0.4"	"0.45"	"0.01"	"0.005"	"0.01"	"100000"	"10000"	"200"	"8165248333612525937"	95000	"slope"	-0.29771467
"0.55"	"0.4"	"0.45"	"0.01"	"0.005"	"0.01"	"100000"	"10000"	"200"	"8165248333612525937"	95000	"intercept"	0.794991375
"0.55"	"0.4"	"0.45"	"0.01"	"0.005"	"0.01"	"100000"	"10000"	"200"	"8165248333612525937"	100000	"slope"	-0.312769705
"0.55"	"0.4"	"0.45"	"0.01"	"0.005"	"0.01"	"100000"	"10000"	"200"	"8165248333612525937"	100000	"intercept"	0.80241853
"0.55"	"0.6"	"0.45"	"0.01"	"0.005"	"0.01"	"100000"	"10000"	"200"	"2512359066925932249"	10	"slope"	-7.98591105e-05
"0.55"	"0.6"	"0.45"	"0.01"	"0.005"	"0.01"	"100000"	"10000"	"200"	"2512359066925932249"	10	"intercept"	0.49994209
"0.55"	"0.6"	"0.45"	"0.01"	"0.005"	"0.01"	"100000"	"10000"	"200"	"2512359066925932249"	5000	"slope"	-0.08795841505
"0.55"	"0.6"	"0.45"	"0.01"	"0.005"	"0.01"	"100000"	"10000"	"200"	"2512359066925932249"	5000	"intercept"	0.642793145
"0.55"	"0.6"	"0.45"	"0.01"	"0.005"	"0.01"	"100000"	"10000"	"200"	"2512359066925932249"	10000	"slope"	-0.1573477555
"0.55"	"0.6"	"0.45"	"0.01"	"0.005"	"0.01"	"100000"	"10000"	"200"	"2512359066925932249"	10000	"intercept"	0.689851605
"0.55"	"0.6"	"0.45"	"0.01"	"0.005"	"0.01"	"100000"	"10000"	"200"	"2512359066925932249"	15000	"slope"	-0.205335345
"0.55"	"0.6"	"0.45"	"0.01"	"0.005"	"0.01"	"100000"	"10000"	"200"	"2512359066925932249"	15000	"intercept"	0.721361555
"0.55"	"0.6"	"0.45"	"0.01"	"0.005"	"0.01"	"100000"	"10000"	"200"	"2512359066925932249"	20000	"slope"	-0.289966645
"0.55"	"0.6"	"0.45"	"0.01"	"0.005"	"0.01"	"100000"	"10000"	"200"	"2512359066925932249"	20000	"intercept"	0.76979702
"0.55"	"0.6"	"0.45"	"0.01"	"0.005"	"0.01"	"100000"	"10000"	"200"	"2512359066925932249"	25000	"slope"	-0.359597425
"0.55"	"0.6"	"0.45"	"0.01"	"0.005"	"0.01"	"100000"	"10000"	"200"	"2512359066925932249"	25000	"intercept"	0.822243325
"0.55"	"0.6"	"0.45"	"0.01"	"0.005"	"0.01"	"100000"	"10000"	"200"	"2512359066925932249"	30000	"slope"	-0.451110395
"0.55"	"0.6"	"0.45"	"0.01"	"0.005"	"0.01"	"100000"	"10000"	"200"	"2512359066925932249"	30000	"intercept"	0.86148338
"0.55"	"0.6"	"0.45"	"0.01"	"0.005"	"0.01"	"100000"	"10000"	"200"	"2512359066925932249"	35000	"slope"	-0.47819153
"0.55"	"0.6"	"0.45"	"0.01"	"0.005"	"0.01"	"100000"	"10000"	"200"	"2512359066925932249"	35000	"intercept"	0.8880922
"0.55"	"0.6"	"0.45"	"0.01"	"0.005"	"0.01"	"100000"	"10000"	"200"	"2512359066925932249"	40000	"slope"	-0.49207707
"0.55"	"0.6"	"0.45"	"0.01"	"0.005"	"0.01"	"100000"	"10000"	"200"	"2512359066925932249"	40000	"intercept"	0.90136094
"0.55"	"0.6"	"0.45"	"0.01"	"0.005"	"0.01"	"100000"	"10000"	"200"	"2512359066925932249"	45000	"slope"	-0.55043972
"0.55"	"0.6"	"0.45"	"0.01"	"0.005"	"0.01"	"100000"	"10000"	"200"	"2512359066925932249"	45000	"intercept"	0.934086065
"0.55"	"0.6"	"0.45"	"0.01"	"0.005"	"0.01"	"100000"	"10000"	"200"	"2512359066925932249"	50000	"slope"	-0.59418056
"0.55"	"0.6"	"0.45"	"0.01"	"0.005"	"0.01"	"100000"	"10000"	"200"	"2512359066925932249"	50000	"intercept"	0.962895185
"0.55"	"0.6"	"0.45"	"0.01"	"0.005"	"0.01"	"100000"	"10000"	"200"	"2512359066925932249"	55000	"slope"	-0.609073815
"0.55"	"0.6"	"0.45"	"0.01"	"0.005"	"0.01"	"100000"	"10000"	"200"	"2512359066925932249"	55000	"intercept"	0.96988868
"0.55"	"0.6"	"0.45"	"0.01"	"0.005"	"0.01"	"100000"	"10000"	"200"	"2512359066925932249"	60000	"slope"	-0.62461341
"0.55"	"0.6"	"0.45"	"0.01"	"0.005"	"0.01"	"100000"	"10000"	"200"	"2512359066925932249"	60000	"intercept"	0.98429935
"0.55"	"0.6"	"0.45"	"0.01"	"0.005"	"0.01"	"100000"	"10000"	"200"	"2512359066925932249"	65000	"slope"	-0.62877825
"0.55"	"0.6"	"0.45"	"0.01"	"0.005"	"0.01"	"100000"	"10000"	"200"	"2512359066925932249"	65000	"intercept"	0.979953645
"0.55"	"0.6"	"0.45"	"0.01"	"0.005"	"0.01"	"100000"	"10000"	"200"	"2512359066925932249"	70000	"slope"	-0.64944599
"0.55"	"0.6"	"0.45"	"0.01"	"0.005"	"0.01"	"100000"	"10000"	"200"	"2512359066925932249"	70000	"intercept"	0.994614345
"0.55"	"0.6"	"0.45"	"0.01"	"0.005"	"0.01"	"100000"	"10000"	"200"	"2512359066925932249"	75000	"slope"	-0.64611678
"0.55"	"0.6"	"0.45"	"0.01"	"0.005"	"0.01"	"100000"	"10000"	"200"	"2512359066925932249"	75000	"intercept"	0.989488795
"0.55"	"0.6"	"0.45"	"0.01"	"0.005"	"0.01"	"100000"	"10000"	"200"	"2512359066925932249"	80000	"slope"	-0.610311955
"0.55"	"0.6"	"0.45"	"0.01"	"0.005"	"0.01"	"100000"	"10000"	"200"	"2512359066925932249"	80000	"intercept"	0.96632842
"0.55"	"0.6"	"0.45"	"0.01"	"0.005"	"0.01"	"100000"	"10000"	"200"	"2512359066925932249"	85000	"slope"	-0.673959115
"0.55"	"0.6"	"0.45"	"0.01"	"0.005"	"0.01"	"100000"	"10000"	"200"	"2512359066925932249"	85000	"intercept"	1.003385615
"0.55"	"0.6"	"0.45"	"0.01"	"0.005"	"0.01"	"100000"	"10000"	"200"	"2512359066925932249"	90000	"slope"	-0.68023283
"0.55"	"0.6"	"0.45"	"0.01"	"0.005"	"0.01"	"100000"	"10000"	"200"	"2512359066925932249"	90000	"intercept"	1.008134625
"0.55"	"0.6"	"0.45"	"0.01"	"0.005"	"0.01"	"100000"	"10000"	"200"	"2512359066925932249"	95000	"slope"	-0.71638227
"0.55"	"0.6"	"0.45"	"0.01"	"0.005"	"0.01"	"100000"	"10000"	"200"	"2512359066925932249"	95000	"intercept"	1.032014905
"0.55"	"0.6"	"0.45"	"0.01"	"0.005"	"0.01"	"100000"	"10000"	"200"	"2512359066925932249"	100000	"slope"	-0.6992648
"0.55"	"0.6"	"0.45"	"0.01"	"0.005"	"0.01"	"100000"	"10000"	"200"	"2512359066925932249"	100000	"intercept"	1.02159999
"0.55"	"0.6"	"0.45"	"0.01"	"0.005"	"0.01"	"100000"	"10000"	"200"	"41004909614022443"	10	"slope"	9.75771985e-05
"0.55"	"0.6"	"0.45"	"0.01"	"0.005"	"0.01"	"100000"	"10000"	"200"	"41004909614022443"	10	"intercept"	0.4998844
"0.55"	"0.6"	"0.45"	"0.01"	"0.005"	"0.01"	"100000"	"10000"	"200"	"41004909614022443"	5000	"slope"	-0.076883512
"0.55"	"0.6"	"0.45"	"0.01"	"0.005"	"0.01"	"100000"	"10000"	"200"	"41004909614022443"	5000	"intercept"	0.62936212
"0.55"	"0.6"	"0.45"	"0.01"	"0.005"	"0.01"	"100000"	"10000"	"200"	"41004909614022443"	10000	"slope"	-0.146034577
"0.55"	"0.6"	"0.45"	"0.01"	"0.005"	"0.01"	"100000"	"10000"	"200"	"41004909614022443"	10000	"intercept"	0.677611625
"0.55"	"0.6"	"0.45"	"0.01"	"0.005"	"0.01"	"100000"	"10000"	"200"	"41004909614022443"	15000	"slope"	-0.227888715
"0.55"	"0.6"	"0.45"	"0.01"	"0.005"	"0.01"	"100000"	"10000"	"200"	"41004909614022443"	15000	"intercept"	0.741854065
"0.55"	"0.6"	"0.45"	"0.01"	"0.005"	"0.01"	"100000"	"10000"	"200"	"41004909614022443"	20000	"slope"	-0.284766605
"0.55"	"0.6"	"0.45"	"0.01"	"0.005"	"0.01"	"100000"	"10000"	"200"	"41004909614022443"	20000	"intercept"	0.768920905
"0.55"	"0.6"	"0.45"	"0.01"	"0.005"	"0.01"	"100000"	"10000"	"200"	"41004909614022443"	25000	"slope"	-0.361526385
"0.55"	"0.6"	"0.45"	"0.01"	"0.005"	"0.01"	"100000"	"10000"	"200"	"41004909614022443"	25000	"intercept"	0.81589497
"0.55"	"0.6"	"0.45"	"0.01"	"0.005"	"0.01"	"100000"	"10000"	"200"	"41004909614022443"	30000	"slope"	-0.451914065
"0.55"	"0.6"	"0.45"	"0.01"	"0.005"	"0.01"	"100000"	"10000"	"200"	"41004909614022443"	30000	"intercept"	0.87026179
"0.55"	"0.6"	"0.45"	"0.01"	"0.005"	"0.01"	"100000"	"10000"	"200"	"41004909614022443"	35000	"slope"	-0.55677252
"0.55"	"0.6"	"0.45"	"0.01"	"0.005"	"0.01"	"100000"	"10000"	"200"	"41004909614022443"	35000	"intercept"	0.93907263
"0.55"	"0.6"	"0.45"	"0.01"	"0.005"	"0.01"	"100000"	"10000"	"200"	"41004909614022443"	40000	"slope"	-0.599684655
"0.55"	"0.6"	"0.45"	"0.01"	"0.005"	"0.01"	"100000"	"10000"	"200"	"41004909614022443"	40000	"intercept"	0.9576775
"0.55"	"0.6"	"0.45"	"0.01"	"0.005"	"0.01"	"100000"	"10000"	"200"	"41004909614022443"	45000	"slope"	-0.65374804
"0.55"	"0.6"	"0.45"	"0.01"	"0.005"	"0.01"	"100000"	"10000"	"200"	"41004909614022443"	45000	"intercept"	1.000211665
"0.55"	"0.6"	"0.45"	"0.01"	"0.005"	"0.01"	"100000"	"10000"	"200"	"41004909614022443"	50000	"slope"	-0.66027641
"0.55"	"0.6"	"0.45"	"0.01"	"0.005"	"0.01"	"100000"	"10000"	"200"	"41004909614022443"	50000	"intercept"	0.99713084
"0.55"	"0.6"	"0.45"	"0.01"	"0.005"	"0.01"	"100000"	"10000"	"200"	"41004909614022443"	55000	"slope"	-0.733554245
"0.55"	"0.6"	"0.45"	"0.01"	"0.005"	"0.01"	"100000"	"10000"	"200"	"41004909614022443"	55000	"intercept"	1.03367952
"0.55"	"0.6"	"0.45"	"0.01"	"0.005"	"0.01"	"100000"	"10000"	"200"	"41004909614022443"	60000	"slope"	-0.698490545
"0.55"	"0.6"	"0.45"	"0.01"	"0.005"	"0.01"	"100000"	"10000"	"200"	"41004909614022443"	60000	"intercept"	1.01974572
"0.55"	"0.6"	"0.45"	"0.01"	"0.005"	"0.01"	"100000"	"10000"	"200"	"41004909614022443"	65000	"slope"	-0.705424775
"0.55"	"0.6"	"0.45"	"0.01"	"0.005"	"0.01"	"100000"	"10000"	"200"	"41004909614022443"	65000	"intercept"	1.02573698
"0.55"	"0.6"	"0.45"	"0.01"	"0.005"	"0.01"	"100000"	"10000"	"200"	"41004909614022443"	70000	"slope"	-0.66780395
"0.55"	"0.6"	"0.45"	"0.01"	"0.005"	"0.01"	"100000"	"10000"	"200"	"41004909614022443"	70000	"intercept"	1.002770555
"0.55"	"0.6"	"0.45"	"0.01"	"0.005"	"0.01"	"100000"	"10000"	"200"	"41004909614022443"	75000	"slope"	-0.705795465
"0.55"	"0.6"	"0.45"	"0.01"	"0.005"	"0.01"	"100000"	"10000"	"200"	"41004909614022443"	75000	"intercept"	1.02514201
"0.55"	"0.6"	"0.45"	"0.01"	"0.005"	"0.01"	"100000"	"10000"	"200"	"41004909614022443"	80000	"slope"	-0.723475195
"0.55"	"0.6"	"0.45"	"0.01"	"0.005"	"0.01"	"100000"	"10000"	"200"	"41004909614022443"	80000	"intercept"	1.038688855
"0.55"	"0.6"	"0.45"	"0.01"	"0.005"	"0.01"	"100000"	"10000"	"200"	"41004909614022443"	85000	"slope"	-0.710397075
"0.55"	"0.6"	"0.45"	"0.01"	"0.005"	"0.01"	"100000"	"10000"	"200"	"41004909614022443"	85000	"intercept"	1.027303
"0.55"	"0.6"	"0.45"	"0.01"	"0.005"	"0.01"	"100000"	"10000"	"200"	"41004909614022443"	90000	"slope"	-0.68650342
"0.55"	"0.6"	"0.45"	"0.01"	"0.005"	"0.01"	"100000"	"10000"	"200"	"41004909614022443"	90000	"intercept"	1.015635865
"0.55"	"0.6"	"0.45"	"0.01"	"0.005"	"0.01"	"100000"	"10000"	"200"	"41004909614022443"	95000	"slope"	-0.69276572
"0.55"	"0.6"	"0.45"	"0.01"	"0.005"	"0.01"	"100000"	"10000"	"200"	"41004909614022443"	95000	"intercept"	1.026861355
"0.55"	"0.6"	"0.45"	"0.01"	"0.005"	"0.01"	"100000"	"10000"	"200"	"41004909614022443"	100000	"slope"	-0.68763565
"0.55"	"0.6"	"0.45"	"0.01"	"0.005"	"0.01"	"100000"	"10000"	"200"	"41004909614022443"	100000	"intercept"	1.02532574
"0.55"	"0.6"	"0.45"	"0.01"	"0.005"	"0.01"	"100000"	"10000"	"200"	"6696199139377320813"	10	"slope"	-2.10234e-05
"0.55"	"0.6"	"0.45"	"0.01"	"0.005"	"0.01"	"100000"	"10000"	"200"	"6696199139377320813"	10	"intercept"	0.499817475
"0.55"	"0.6"	"0.45"	"0.01"	"0.005"	"0.01"	"100000"	"10000"	"200"	"6696199139377320813"	5000	"slope"	0.00433299909
"0.55"	"0.6"	"0.45"	"0.01"	"0.005"	"0.01"	"100000"	"10000"	"200"	"6696199139377320813"	5000	"intercept"	0.59814142
"0.55"	"0.6"	"0.45"	"0.01"	"0.005"	"0.01"	"100000"	"10000"	"200"	"6696199139377320813"	10000	"slope"	-0.103095592
"0.55"	"0.6"	"0.45"	"0.01"	"0.005"	"0.01"	"100000"	"10000"	"200"	"6696199139377320813"	10000	"intercept"	0.65396216
"0.55"	"0.6"	"0.45"	"0.01"	"0.005"	"0.01"	"100000"	"10000"	"200"	"6696199139377320813"	15000	"slope"	-0.204960195
"0.55"	"0.6"	"0.45"	"0.01"	"0.005"	"0.01"	"100000"	"10000"	"200"	"6696199139377320813"	15000	"intercept"	0.727781005
"0.55"	"0.6"	"0.45"	"0.01"	"0.005"	"0.01"	"100000"	"10000"	"200"	"6696199139377320813"	20000	"slope"	-0.283427155
"0.55"	"0.6"	"0.45"	"0.01"	"0.005"	"0.01"	"100000"	"10000"	"200"	"6696199139377320813"	20000	"intercept"	0.765921175
"0.55"	"0.6"	"0.45"	"0.01"	"0.005"	"0.01"	"100000"	"10000"	"200"	"6696199139377320813"	25000	"slope"	-0.34586874
"0.55"	"0.6"	"0.45"	"0.01"	"0.005"	"0.01"	"100000"	"10000"	"200"	"6696199139377320813"	25000	"intercept"	0.806704105
"0.55"	"0.6"	"0.45"	"0.01"	"0.005"	"0.01"	"100000"	"10000"	"200"	"6696199139377320813"	30000	"slope"	-0.430936635
"0.55"	"0.6"	"0.45"	"0.01"	"0.005"	"0.01"	"100000"	"10000"	"200"	"6696199139377320813"	30000	"intercept"	0.851437625
"0.55"	"0.6"	"0.45"	"0.01"	"0.005"	"0.01"	"100000"	"10000"	"200"	"6696199139377320813"	35000	"slope"	-0.49491389
"0.55"	"0.6"	"0.45"	"0.01"	"0.005"	"0.01"	"100000"	"10000"	"200"	"6696199139377320813"	35000	"intercept"	0.899304865
"0.55"	"0.6"	"0.45"	"0.01"	"0.005"	"0.01"	"100000"	"10000"	"200"	"6696199139377320813"	40000	"slope"	-0.56456394
"0.55"	"0.6"	"0.45"	"0.01"	"0.005"	"0.01"	"100000"	"10000"	"200"	"6696199139377320813"	40000	"intercept"	0.937929215
"0.55"	"0.6"	"0.45"	"0.01"	"0.005"	"0.01"	"100000"	"10000"	"200"	"6696199139377320813"	45000	"slope"	-0.595014815
"0.55"	"0.6"	"0.45"	"0.01"	"0.005"	"0.01"	"100000"	"10000"	"200"	"6696199139377320813"	45000	"intercept"	0.964382
"0.55"	"0.6"	"0.45"	"0.01"	"0.005"	"0.01"	"100000"	"10000"	"200"	"6696199139377320813"	50000	"slope"	-0.660513265
"0.55"	"0.6"	"0.45"	"0.01"	"0.005"	"0.01"	"100000"	"10000"	"200"	"6696199139377320813"	50000	"intercept"	0.999704025
"0.55"	"0.6"	"0.45"	"0.01"	"0.005"	"0.01"	"100000"	"10000"	"200"	"6696199139377320813"	55000	"slope"	-0.67723876
"0.55"	"0.6"	"0.45"	"0.01"	"0.005"	"0.01"	"100000"	"10000"	"200"	"6696199139377320813"	55000	"intercept"	1.00540572
"0.55"	"0.6"	"0.45"	"0.01"	"0.005"	"0.01"	"100000"	"10000"	"200"	"6696199139377320813"	60000	"slope"	-0.717567235
"0.55"	"0.6"	"0.45"	"0.01"	"0.005"	"0.01"	"100000"	"10000"	"200"	"6696199139377320813"	60000	"intercept"	1.044074265
"0.55"	"0.6"	"0.45"	"0.01"	"0.005"	"0.01"	"100000"	"10000"	"200"	"6696199139377320813"	65000	"slope"	-0.72003724
"0.55"	"0.6"	"0.45"	"0.01"	"0.005"	"0.01"	"100000"	"10000"	"200"	"6696199139377320813"	65000	"intercept"	1.03130922
"0.55"	"0.6"	"0.45"	"0.01"	"0.005"	"0.01"	"100000"	"10000"	"200"	"6696199139377320813"	70000	"slope"	-0.668796845
"0.55"	"0.6"	"0.45"	"0.01"	"0.005"	"0.01"	"100000"	"10000"	"200"	"6696199139377320813"	70000	"intercept"	1.01185753
"0.55"	"0.6"	"0.45"	"0.01"	"0.005"	"0.01"	"100000"	"10000"	"200"	"6696199139377320813"	75000	"slope"	-0.67042239
"0.55"	"0.6"	"0.45"	"0.01"	"0.005"	"0.01"	"100000"	"10000"	"200"	"6696199139377320813"	75000	"intercept"	0.998790655
"0.55"	"0.6"	"0.45"	"0.01"	"0.005"	"0.01"	"100000"	"10000"	"200"	"6696199139377320813"	80000	"slope"	-0.697224765
"0.55"	"0.6"	"0.45"	"0.01"	"0.005"	"0.01"	"100000"	"10000"	"200"	"6696199139377320813"	80000	"intercept"	1.017245185
"0.55"	"0.6"	"0.45"	"0.01"	"0.005"	"0.01"	"100000"	"10000"	"200"	"6696199139377320813"	85000	"slope"	-0.73904706
"0.55"	"0.6"	"0.45"	"0.01"	"0.005"	"0.01"	"100000"	"10000"	"200"	"6696199139377320813"	85000	"intercept"	1.057274595
"0.55"	"0.6"	"0.45"	"0.01"	"0.005"	"0.01"	"100000"	"10000"	"200"	"6696199139377320813"	90000	"slope"	-0.720192995
"0.55"	"0.6"	"0.45"	"0.01"	"0.005"	"0.01"	"100000"	"10000"	"200"	"6696199139377320813"	90000	"intercept"	1.03145518
"0.55"	"0.6"	"0.45"	"0.01"	"0.005"	"0.01"	"100000"	"10000"	"200"	"6696199139377320813"	95000	"slope"	-0.713913675
"0.55"	"0.6"	"0.45"	"0.01"	"0.005"	"0.01"	"100000"	"10000"	"200"	"6696199139377320813"	95000	"intercept"	1.037248825
"0.55"	"0.6"	"0.45"	"0.01"	"0.005"	"0.01"	"100000"	"10000"	"200"	"6696199139377320813"	100000	"slope"	-0.69566086
"0.55"	"0.6"	"0.45"	"0.01"	"0.005"	"0.01"	"100000"	"10000"	"200"	"6696199139377320813"	100000	"intercept"	1.01744568
"0.55"	"0.8"	"0.45"	"0.01"	"0.005"	"0.01"	"100000"	"10000"	"200"	"32801587945080740"	10	"slope"	-7.077358e-05
"0.55"	"0.8"	"0.45"	"0.01"	"0.005"	"0.01"	"100000"	"10000"	"200"	"32801587945080740"	10	"intercept"	0.499855705
"0.55"	"0.8"	"0.45"	"0.01"	"0.005"	"0.01"	"100000"	"10000"	"200"	"32801587945080740"	5000	"slope"	-0.030366063885
"0.55"	"0.8"	"0.45"	"0.01"	"0.005"	"0.01"	"100000"	"10000"	"200"	"32801587945080740"	5000	"intercept"	0.580073745
"0.55"	"0.8"	"0.45"	"0.01"	"0.005"	"0.01"	"100000"	"10000"	"200"	"32801587945080740"	10000	"slope"	-0.10808911615
"0.55"	"0.8"	"0.45"	"0.01"	"0.005"	"0.01"	"100000"	"10000"	"200"	"32801587945080740"	10000	"intercept"	0.648116445
"0.55"	"0.8"	"0.45"	"0.01"	"0.005"	"0.01"	"100000"	"10000"	"200"	"32801587945080740"	15000	"slope"	-0.185359538
"0.55"	"0.8"	"0.45"	"0.01"	"0.005"	"0.01"	"100000"	"10000"	"200"	"32801587945080740"	15000	"intercept"	0.676521765
"0.55"	"0.8"	"0.45"	"0.01"	"0.005"	"0.01"	"100000"	"10000"	"200"	"32801587945080740"	20000	"slope"	-0.20890386217
"0.55"	"0.8"	"0.45"	"0.01"	"0.005"	"0.01"	"100000"	"10000"	"200"	"32801587945080740"	20000	"intercept"	0.715826425
"0.55"	"0.8"	"0.45"	"0.01"	"0.005"	"0.01"	"100000"	"10000"	"200"	"32801587945080740"	25000	"slope"	-0.2175445634
"0.55"	"0.8"	"0.45"	"0.01"	"0.005"	"0.01"	"100000"	"10000"	"200"	"32801587945080740"	25000	"intercept"	0.701520635
"0.55"	"0.8"	"0.45"	"0.01"	"0.005"	"0.01"	"100000"	"10000"	"200"	"32801587945080740"	30000	"slope"	-0.244181237665
"0.55"	"0.8"	"0.45"	"0.01"	"0.005"	"0.01"	"100000"	"10000"	"200"	"32801587945080740"	30000	"intercept"	0.69867614415
"0.55"	"0.8"	"0.45"	"0.01"	"0.005"	"0.01"	"100000"	"10000"	"200"	"32801587945080740"	35000	"slope"	-0.34391907255
"0.55"	"0.8"	"0.45"	"0.01"	"0.005"	"0.01"	"100000"	"10000"	"200"	"32801587945080740"	35000	"intercept"	0.6643622745
"0.55"	"0.8"	"0.45"	"0.01"	"0.005"	"0.01"	"100000"	"10000"	"200"	"32801587945080740"	40000	"slope"	-0.34748678695
"0.55"	"0.8"	"0.45"	"0.01"	"0.005"	"0.01"	"100000"	"10000"	"200"	"32801587945080740"	40000	"intercept"	0.741862075
"0.55"	"0.8"	"0.45"	"0.01"	"0.005"	"0.01"	"100000"	"10000"	"200"	"32801587945080740"	45000	"slope"	-0.3489669861
"0.55"	"0.8"	"0.45"	"0.01"	"0.005"	"0.01"	"100000"	"10000"	"200"	"32801587945080740"	45000	"intercept"	0.776212505
"0.55"	"0.8"	"0.45"	"0.01"	"0.005"	"0.01"	"100000"	"10000"	"200"	"32801587945080740"	50000	"slope"	-0.432522207
"0.55"	"0.8"	"0.45"	"0.01"	"0.005"	"0.01"	"100000"	"10000"	"200"	"32801587945080740"	50000	"intercept"	0.7849237735
"0.55"	"0.8"	"0.45"	"0.01"	"0.005"	"0.01"	"100000"	"10000"	"200"	"32801587945080740"	55000	"slope"	-0.3925997969
"0.55"	"0.8"	"0.45"	"0.01"	"0.005"	"0.01"	"100000"	"10000"	"200"	"32801587945080740"	55000	"intercept"	0.7939070745
"0.55"	"0.8"	"0.45"	"0.01"	"0.005"	"0.01"	"100000"	"10000"	"200"	"32801587945080740"	60000	"slope"	-0.4024652915
"0.55"	"0.8"	"0.45"	"0.01"	"0.005"	"0.01"	"100000"	"10000"	"200"	"32801587945080740"	60000	"intercept"	0.7810834975
"0.55"	"0.8"	"0.45"	"0.01"	"0.005"	"0.01"	"100000"	"10000"	"200"	"32801587945080740"	65000	"slope"	-0.331197302878
"0.55"	"0.8"	"0.45"	"0.01"	"0.005"	"0.01"	"100000"	"10000"	"200"	"32801587945080740"	65000	"intercept"	0.778680425
"0.55"	"0.8"	"0.45"	"0.01"	"0.005"	"0.01"	"100000"	"10000"	"200"	"32801587945080740"	70000	"slope"	-0.37990871335
"0.55"	"0.8"	"0.45"	"0.01"	"0.005"	"0.01"	"100000"	"10000"	"200"	"32801587945080740"	70000	"intercept"	0.79058464
"0.55"	"0.8"	"0.45"	"0.01"	"0.005"	"0.01"	"100000"	"10000"	"200"	"32801587945080740"	75000	"slope"	-0.337320590215
"0.55"	"0.8"	"0.45"	"0.01"	"0.005"	"0.01"	"100000"	"10000"	"200"	"32801587945080740"	75000	"intercept"	0.786807055
"0.55"	"0.8"	"0.45"	"0.01"	"0.005"	"0.01"	"100000"	"10000"	"200"	"32801587945080740"	80000	"slope"	-0.355888038565
"0.55"	"0.8"	"0.45"	"0.01"	"0.005"	"0.01"	"100000"	"10000"	"200"	"32801587945080740"	80000	"intercept"	0.82796442
"0.55"	"0.8"	"0.45"	"0.01"	"0.005"	"0.01"	"100000"	"10000"	"200"	"32801587945080740"	85000	"slope"	-0.435150365675
"0.55"	"0.8"	"0.45"	"0.01"	"0.005"	"0.01"	"100000"	"10000"	"200"	"32801587945080740"	85000	"intercept"	0.773484041
"0.55"	"0.8"	"0.45"	"0.01"	"0.005"	"0.01"	"100000"	"10000"	"200"	"32801587945080740"	90000	"slope"	-0.454000004685
"0.55"	"0.8"	"0.45"	"0.01"	"0.005"	"0.01"	"100000"	"10000"	"200"	"32801587945080740"	90000	"intercept"	0.80612625655
"0.55"	"0.8"	"0.45"	"0.01"	"0.005"	"0.01"	"100000"	"10000"	"200"	"32801587945080740"	95000	"slope"	-0.36353138245
"0.55"	"0.8"	"0.45"	"0.01"	"0.005"	"0.01"	"100000"	"10000"	"200"	"32801587945080740"	95000	"intercept"	0.857661
"0.55"	"0.8"	"0.45"	"0.01"	"0.005"	"0.01"	"100000"	"10000"	"200"	"32801587945080740"	100000	"slope"	-0.41219299268
"0.55"	"0.8"	"0.45"	"0.01"	"0.005"	"0.01"	"100000"	"10000"	"200"	"32801587945080740"	100000	"intercept"	0.886990705
"0.55"	"0.8"	"0.45"	"0.01"	"0.005"	"0.01"	"100000"	"10000"	"200"	"3435324560111291134"	10	"slope"	4.1522615e-05
"0.55"	"0.8"	"0.45"	"0.01"	"0.005"	"0.01"	"100000"	"10000"	"200"	"3435324560111291134"	10	"intercept"	0.499866585
"0.55"	"0.8"	"0.45"	"0.01"	"0.005"	"0.01"	"100000"	"10000"	"200"	"3435324560111291134"	5000	"slope"	-0.06892449479
"0.55"	"0.8"	"0.45"	"0.01"	"0.005"	"0.01"	"100000"	"10000"	"200"	"3435324560111291134"	5000	"intercept"	0.61200673
"0.55"	"0.8"	"0.45"	"0.01"	"0.005"	"0.01"	"100000"	"10000"	"200"	"3435324560111291134"	10000	"slope"	-0.19367502235
"0.55"	"0.8"	"0.45"	"0.01"	"0.005"	"0.01"	"100000"	"10000"	"200"	"3435324560111291134"	10000	"intercept"	0.676313995
"0.55"	"0.8"	"0.45"	"0.01"	"0.005"	"0.01"	"100000"	"10000"	"200"	"3435324560111291134"	15000	"slope"	-0.230828713
"0.55"	"0.8"	"0.45"	"0.01"	"0.005"	"0.01"	"100000"	"10000"	"200"	"3435324560111291134"	15000	"intercept"	0.70808046
"0.55"	"0.8"	"0.45"	"0.01"	"0.005"	"0.01"	"100000"	"10000"	"200"	"3435324560111291134"	20000	"slope"	-0.229232439295
"0.55"	"0.8"	"0.45"	"0.01"	"0.005"	"0.01"	"100000"	"10000"	"200"	"3435324560111291134"	20000	"intercept"	0.737613605
"0.55"	"0.8"	"0.45"	"0.01"	"0.005"	"0.01"	"100000"	"10000"	"200"	"3435324560111291134"	25000	"slope"	-0.254824974
"0.55"	"0.8"	"0.45"	"0.01"	"0.005"	"0.01"	"100000"	"10000"	"200"	"3435324560111291134"	25000	"intercept"	0.691913999
"0.55"	"0.8"	"0.45"	"0.01"	"0.005"	"0.01"	"100000"	"10000"	"200"	"3435324560111291134"	30000	"slope"	-0.2737041167315
"0.55"	"0.8"	"0.45"	"0.01"	"0.005"	"0.01"	"100000"	"10000"	"200"	"3435324560111291134"	30000	"intercept"	0.71330817865
"0.55"	"0.8"	"0.45"	"0.01"	"0.005"	"0.01"	"100000"	"10000"	"200"	"3435324560111291134"	35000	"slope"	-0.280895415695
"0.55"	"0.8"	"0.45"	"0.01"	"0.005"	"0.01"	"100000"	"10000"	"200"	"3435324560111291134"	35000	"intercept"	0.67852088
"0.55"	"0.8"	"0.45"	"0.01"	"0.005"	"0.01"	"100000"	"10000"	"200"	"3435324560111291134"	40000	"slope"	-0.26670941864
"0.55"	"0.8"	"0.45"	"0.01"	"0.005"	"0.01"	"100000"	"10000"	"200"	"3435324560111291134"	40000	"intercept"	0.649903965
"0.55"	"0.8"	"0.45"	"0.01"	"0.005"	"0.01"	"100000"	"10000"	"200"	"3435324560111291134"	45000	"slope"	-0.241538199405
"0.55"	"0.8"	"0.45"	"0.01"	"0.005"	"0.01"	"100000"	"10000"	"200"	"3435324560111291134"	45000	"intercept"	0.703315205
"0.55"	"0.8"	"0.45"	"0.01"	"0.005"	"0.01"	"100000"	"10000"	"200"	"3435324560111291134"	50000	"slope"	-0.289413466395
"0.55"	"0.8"	"0.45"	"0.01"	"0.005"	"0.01"	"100000"	"10000"	"200"	"3435324560111291134"	50000	"intercept"	0.66246292
"0.55"	"0.8"	"0.45"	"0.01"	"0.005"	"0.01"	"100000"	"10000"	"200"	"3435324560111291134"	55000	"slope"	-0.2518843273
"0.55"	"0.8"	"0.45"	"0.01"	"0.005"	"0.01"	"100000"	"10000"	"200"	"3435324560111291134"	55000	"intercept"	0.695513045
"0.55"	"0.8"	"0.45"	"0.01"	"0.005"	"0.01"	"100000"	"10000"	"200"	"3435324560111291134"	60000	"slope"	-0.22572337
"0.55"	"0.8"	"0.45"	"0.01"	"0.005"	"0.01"	"100000"	"10000"	"200"	"3435324560111291134"	60000	"intercept"	0.70795901
"0.55"	"0.8"	"0.45"	"0.01"	"0.005"	"0.01"	"100000"	"10000"	"200"	"3435324560111291134"	65000	"slope"	-0.2276108543
"0.55"	"0.8"	"0.45"	"0.01"	"0.005"	"0.01"	"100000"	"10000"	"200"	"3435324560111291134"	65000	"intercept"	0.71649171
"0.55"	"0.8"	"0.45"	"0.01"	"0.005"	"0.01"	"100000"	"10000"	"200"	"3435324560111291134"	70000	"slope"	-0.28002342091
"0.55"	"0.8"	"0.45"	"0.01"	"0.005"	"0.01"	"100000"	"10000"	"200"	"3435324560111291134"	70000	"intercept"	0.669197195
"0.55"	"0.8"	"0.45"	"0.01"	"0.005"	"0.01"	"100000"	"10000"	"200"	"3435324560111291134"	75000	"slope"	-0.225470487005
"0.55"	"0.8"	"0.45"	"0.01"	"0.005"	"0.01"	"100000"	"10000"	"200"	"3435324560111291134"	75000	"intercept"	0.68127583
"0.55"	"0.8"	"0.45"	"0.01"	"0.005"	"0.01"	"100000"	"10000"	"200"	"3435324560111291134"	80000	"slope"	-0.2762114187
"0.55"	"0.8"	"0.45"	"0.01"	"0.005"	"0.01"	"100000"	"10000"	"200"	"3435324560111291134"	80000	"intercept"	0.7888478
"0.55"	"0.8"	"0.45"	"0.01"	"0.005"	"0.01"	"100000"	"10000"	"200"	"3435324560111291134"	85000	"slope"	-0.29749470994
"0.55"	"0.8"	"0.45"	"0.01"	"0.005"	"0.01"	"100000"	"10000"	"200"	"3435324560111291134"	85000	"intercept"	0.692538075
"0.55"	"0.8"	"0.45"	"0.01"	"0.005"	"0.01"	"100000"	"10000"	"200"	"3435324560111291134"	90000	"slope"	-0.3350577711
"0.55"	"0.8"	"0.45"	"0.01"	"0.005"	"0.01"	"100000"	"10000"	"200"	"3435324560111291134"	90000	"intercept"	0.71915677
"0.55"	"0.8"	"0.45"	"0.01"	"0.005"	"0.01"	"100000"	"10000"	"200"	"3435324560111291134"	95000	"slope"	-0.348849053
"0.55"	"0.8"	"0.45"	"0.01"	"0.005"	"0.01"	"100000"	"10000"	"200"	"3435324560111291134"	95000	"intercept"	0.787583155
"0.55"	"0.8"	"0.45"	"0.01"	"0.005"	"0.01"	"100000"	"10000"	"200"	"3435324560111291134"	100000	"slope"	-0.331168618285
"0.55"	"0.8"	"0.45"	"0.01"	"0.005"	"0.01"	"100000"	"10000"	"200"	"3435324560111291134"	100000	"intercept"	0.7660091
"0.55"	"0.8"	"0.45"	"0.01"	"0.005"	"0.01"	"100000"	"10000"	"200"	"6656111435407521858"	10	"slope"	0.000136796655
"0.55"	"0.8"	"0.45"	"0.01"	"0.005"	"0.01"	"100000"	"10000"	"200"	"6656111435407521858"	10	"intercept"	0.499896675
"0.55"	"0.8"	"0.45"	"0.01"	"0.005"	"0.01"	"100000"	"10000"	"200"	"6656111435407521858"	5000	"slope"	-0.0570362161
"0.55"	"0.8"	"0.45"	"0.01"	"0.005"	"0.01"	"100000"	"10000"	"200"	"6656111435407521858"	5000	"intercept"	0.597024665
"0.55"	"0.8"	"0.45"	"0.01"	"0.005"	"0.01"	"100000"	"10000"	"200"	"6656111435407521858"	10000	"slope"	-0.1567027995
"0.55"	"0.8"	"0.45"	"0.01"	"0.005"	"0.01"	"100000"	"10000"	"200"	"6656111435407521858"	10000	"intercept"	0.667251185
"0.55"	"0.8"	"0.45"	"0.01"	"0.005"	"0.01"	"100000"	"10000"	"200"	"6656111435407521858"	15000	"slope"	-0.2581455295
"0.55"	"0.8"	"0.45"	"0.01"	"0.005"	"0.01"	"100000"	"10000"	"200"	"6656111435407521858"	15000	"intercept"	0.740015715
"0.55"	"0.8"	"0.45"	"0.01"	"0.005"	"0.01"	"100000"	"10000"	"200"	"6656111435407521858"	20000	"slope"	-0.2825520223
"0.55"	"0.8"	"0.45"	"0.01"	"0.005"	"0.01"	"100000"	"10000"	"200"	"6656111435407521858"	20000	"intercept"	0.73514327
"0.55"	"0.8"	"0.45"	"0.01"	"0.005"	"0.01"	"100000"	"10000"	"200"	"6656111435407521858"	25000	"slope"	-0.289253554
"0.55"	"0.8"	"0.45"	"0.01"	"0.005"	"0.01"	"100000"	"10000"	"200"	"6656111435407521858"	25000	"intercept"	0.6715273405
"0.55"	"0.8"	"0.45"	"0.01"	"0.005"	"0.01"	"100000"	"10000"	"200"	"6656111435407521858"	30000	"slope"	-0.3112778935
"0.55"	"0.8"	"0.45"	"0.01"	"0.005"	"0.01"	"100000"	"10000"	"200"	"6656111435407521858"	30000	"intercept"	0.7230370232
"0.55"	"0.8"	"0.45"	"0.01"	"0.005"	"0.01"	"100000"	"10000"	"200"	"6656111435407521858"	35000	"slope"	-0.2915611085
"0.55"	"0.8"	"0.45"	"0.01"	"0.005"	"0.01"	"100000"	"10000"	"200"	"6656111435407521858"	35000	"intercept"	0.7348869305
"0.55"	"0.8"	"0.45"	"0.01"	"0.005"	"0.01"	"100000"	"10000"	"200"	"6656111435407521858"	40000	"slope"	-0.312253676445
"0.55"	"0.8"	"0.45"	"0.01"	"0.005"	"0.01"	"100000"	"10000"	"200"	"6656111435407521858"	40000	"intercept"	0.742199455
"0.55"	"0.8"	"0.45"	"0.01"	"0.005"	"0.01"	"100000"	"10000"	"200"	"6656111435407521858"	45000	"slope"	-0.231148769215
"0.55"	"0.8"	"0.45"	"0.01"	"0.005"	"0.01"	"100000"	"10000"	"200"	"6656111435407521858"	45000	"intercept"	0.69689685
"0.55"	"0.8"	"0.45"	"0.01"	"0.005"	"0.01"	"100000"	"10000"	"200"	"6656111435407521858"	50000	"slope"	-0.299218792735
"0.55"	"0.8"	"0.45"	"0.01"	"0.005"	"0.01"	"100000"	"10000"	"200"	"6656111435407521858"	50000	"intercept"	0.67868102
"0.55"	"0.8"	"0.45"	"0.01"	"0.005"	"0.01"	"100000"	"10000"	"200"	"6656111435407521858"	55000	"slope"	-0.30274744075
"0.55"	"0.8"	"0.45"	"0.01"	"0.005"	"0.01"	"100000"	"10000"	"200"	"6656111435407521858"	55000	"intercept"	0.68762127
"0.55"	"0.8"	"0.45"	"0.01"	"0.005"	"0.01"	"100000"	"10000"	"200"	"6656111435407521858"	60000	"slope"	-0.31918927605
"0.55"	"0.8"	"0.45"	"0.01"	"0.005"	"0.01"	"100000"	"10000"	"200"	"6656111435407521858"	60000	"intercept"	0.724301335
"0.55"	"0.8"	"0.45"	"0.01"	"0.005"	"0.01"	"100000"	"10000"	"200"	"6656111435407521858"	65000	"slope"	-0.3111854220472
"0.55"	"0.8"	"0.45"	"0.01"	"0.005"	"0.01"	"100000"	"10000"	"200"	"6656111435407521858"	65000	"intercept"	0.774620125
"0.55"	"0.8"	"0.45"	"0.01"	"0.005"	"0.01"	"100000"	"10000"	"200"	"6656111435407521858"	70000	"slope"	-0.29254055935
"0.55"	"0.8"	"0.45"	"0.01"	"0.005"	"0.01"	"100000"	"10000"	"200"	"6656111435407521858"	70000	"intercept"	0.745369845
"0.55"	"0.8"	"0.45"	"0.01"	"0.005"	"0.01"	"100000"	"10000"	"200"	"6656111435407521858"	75000	"slope"	-0.256871213635
"0.55"	"0.8"	"0.45"	"0.01"	"0.005"	"0.01"	"100000"	"10000"	"200"	"6656111435407521858"	75000	"intercept"	0.75232925
"0.55"	"0.8"	"0.45"	"0.01"	"0.005"	"0.01"	"100000"	"10000"	"200"	"6656111435407521858"	80000	"slope"	-0.283825705455
"0.55"	"0.8"	"0.45"	"0.01"	"0.005"	"0.01"	"100000"	"10000"	"200"	"6656111435407521858"	80000	"intercept"	0.809377405
"0.55"	"0.8"	"0.45"	"0.01"	"0.005"	"0.01"	"100000"	"10000"	"200"	"6656111435407521858"	85000	"slope"	-0.317661887275
"0.55"	"0.8"	"0.45"	"0.01"	"0.005"	"0.01"	"100000"	"10000"	"200"	"6656111435407521858"	85000	"intercept"	0.73866654
"0.55"	"0.8"	"0.45"	"0.01"	"0.005"	"0.01"	"100000"	"10000"	"200"	"6656111435407521858"	90000	"slope"	-0.3401758434
"0.55"	"0.8"	"0.45"	"0.01"	"0.005"	"0.01"	"100000"	"10000"	"200"	"6656111435407521858"	90000	"intercept"	0.72144367
"0.55"	"0.8"	"0.45"	"0.01"	"0.005"	"0.01"	"100000"	"10000"	"200"	"6656111435407521858"	95000	"slope"	-0.33598025204
"0.55"	"0.8"	"0.45"	"0.01"	"0.005"	"0.01"	"100000"	"10000"	"200"	"6656111435407521858"	95000	"intercept"	0.763816955
"0.55"	"0.8"	"0.45"	"0.01"	"0.005"	"0.01"	"100000"	"10000"	"200"	"6656111435407521858"	100000	"slope"	-0.359229173
"0.55"	"0.8"	"0.45"	"0.01"	"0.005"	"0.01"	"100000"	"10000"	"200"	"6656111435407521858"	100000	"intercept"	0.85950846
"0.65"	"0.0"	"0.45"	"0.01"	"0.005"	"0.01"	"100000"	"10000"	"200"	"1211909440777776100"	10	"slope"	-2.565205e-06
"0.65"	"0.0"	"0.45"	"0.01"	"0.005"	"0.01"	"100000"	"10000"	"200"	"1211909440777776100"	10	"intercept"	0.500236855
"0.65"	"0.0"	"0.45"	"0.01"	"0.005"	"0.01"	"100000"	"10000"	"200"	"1211909440777776100"	5000	"slope"	0.0423810192855
"0.65"	"0.0"	"0.45"	"0.01"	"0.005"	"0.01"	"100000"	"10000"	"200"	"1211909440777776100"	5000	"intercept"	0.66423473
"0.65"	"0.0"	"0.45"	"0.01"	"0.005"	"0.01"	"100000"	"10000"	"200"	"1211909440777776100"	10000	"slope"	0.011376993153
"0.65"	"0.0"	"0.45"	"0.01"	"0.005"	"0.01"	"100000"	"10000"	"200"	"1211909440777776100"	10000	"intercept"	0.687357695
"0.65"	"0.0"	"0.45"	"0.01"	"0.005"	"0.01"	"100000"	"10000"	"200"	"1211909440777776100"	15000	"slope"	-0.021903038525
"0.65"	"0.0"	"0.45"	"0.01"	"0.005"	"0.01"	"100000"	"10000"	"200"	"1211909440777776100"	15000	"intercept"	0.70005163
"0.65"	"0.0"	"0.45"	"0.01"	"0.005"	"0.01"	"100000"	"10000"	"200"	"1211909440777776100"	20000	"slope"	-0.020983359935
"0.65"	"0.0"	"0.45"	"0.01"	"0.005"	"0.01"	"100000"	"10000"	"200"	"1211909440777776100"	20000	"intercept"	0.70805942
"0.65"	"0.0"	"0.45"	"0.01"	"0.005"	"0.01"	"100000"	"10000"	"200"	"1211909440777776100"	25000	"slope"	0.027948773235
"0.65"	"0.0"	"0.45"	"0.01"	"0.005"	"0.01"	"100000"	"10000"	"200"	"1211909440777776100"	25000	"intercept"	0.67261975
"0.65"	"0.0"	"0.45"	"0.01"	"0.005"	"0.01"	"100000"	"10000"	"200"	"1211909440777776100"	30000	"slope"	-0.03931776624
"0.65"	"0.0"	"0.45"	"0.01"	"0.005"	"0.01"	"100000"	"10000"	"200"	"1211909440777776100"	30000	"intercept"	0.70757471
"0.65"	"0.0"	"0.45"	"0.01"	"0.005"	"0.01"	"100000"	"10000"	"200"	"1211909440777776100"	35000	"slope"	-0.02233438508
"0.65"	"0.0"	"0.45"	"0.01"	"0.005"	"0.01"	"100000"	"10000"	"200"	"1211909440777776100"	35000	"intercept"	0.698700185
"0.65"	"0.0"	"0.45"	"0.01"	"0.005"	"0.01"	"100000"	"10000"	"200"	"1211909440777776100"	40000	"slope"	0.02737425195
"0.65"	"0.0"	"0.45"	"0.01"	"0.005"	"0.01"	"100000"	"10000"	"200"	"1211909440777776100"	40000	"intercept"	0.674871265
"0.65"	"0.0"	"0.45"	"0.01"	"0.005"	"0.01"	"100000"	"10000"	"200"	"1211909440777776100"	45000	"slope"	0.01185431635
"0.65"	"0.0"	"0.45"	"0.01"	"0.005"	"0.01"	"100000"	"10000"	"200"	"1211909440777776100"	45000	"intercept"	0.68782492
"0.65"	"0.0"	"0.45"	"0.01"	"0.005"	"0.01"	"100000"	"10000"	"200"	"1211909440777776100"	50000	"slope"	-0.012446464555
"0.65"	"0.0"	"0.45"	"0.01"	"0.005"	"0.01"	"100000"	"10000"	"200"	"1211909440777776100"	50000	"intercept"	0.69639736
"0.65"	"0.0"	"0.45"	"0.01"	"0.005"	"0.01"	"100000"	"10000"	"200"	"1211909440777776100"	55000	"slope"	0.0067634342185
"0.65"	"0.0"	"0.45"	"0.01"	"0.005"	"0.01"	"100000"	"10000"	"200"	"1211909440777776100"	55000	"intercept"	0.675975595
"0.65"	"0.0"	"0.45"	"0.01"	"0.005"	"0.01"	"100000"	"10000"	"200"	"1211909440777776100"	60000	"slope"	-0.012743966045
"0.65"	"0.0"	"0.45"	"0.01"	"0.005"	"0.01"	"100000"	"10000"	"200"	"1211909440777776100"	60000	"intercept"	0.691322405
"0.65"	"0.0"	"0.45"	"0.01"	"0.005"	"0.01"	"100000"	"10000"	"200"	"1211909440777776100"	65000	"slope"	0.01592966154
"0.65"	"0.0"	"0.45"	"0.01"	"0.005"	"0.01"	"100000"	"10000"	"200"	"1211909440777776100"	65000	"intercept"	0.67532374
"0.65"	"0.0"	"0.45"	"0.01"	"0.005"	"0.01"	"100000"	"10000"	"200"	"1211909440777776100"	70000	"slope"	0.001009082405
"0.65"	"0.0"	"0.45"	"0.01"	"0.005"	"0.01"	"100000"	"10000"	"200"	"1211909440777776100"	70000	"intercept"	0.69214536
"0.65"	"0.0"	"0.45"	"0.01"	"0.005"	"0.01"	"100000"	"10000"	"200"	"1211909440777776100"	75000	"slope"	0.011384623148
"0.65"	"0.0"	"0.45"	"0.01"	"0.005"	"0.01"	"100000"	"10000"	"200"	"1211909440777776100"	75000	"intercept"	0.684818475
"0.65"	"0.0"	"0.45"	"0.01"	"0.005"	"0.01"	"100000"	"10000"	"200"	"1211909440777776100"	80000	"slope"	0.00471123854
"0.65"	"0.0"	"0.45"	"0.01"	"0.005"	"0.01"	"100000"	"10000"	"200"	"1211909440777776100"	80000	"intercept"	0.68936871
"0.65"	"0.0"	"0.45"	"0.01"	"0.005"	"0.01"	"100000"	"10000"	"200"	"1211909440777776100"	85000	"slope"	-0.007856978265
"0.65"	"0.0"	"0.45"	"0.01"	"0.005"	"0.01"	"100000"	"10000"	"200"	"1211909440777776100"	85000	"intercept"	0.70215408
"0.65"	"0.0"	"0.45"	"0.01"	"0.005"	"0.01"	"100000"	"10000"	"200"	"1211909440777776100"	90000	"slope"	-0.002158477595
"0.65"	"0.0"	"0.45"	"0.01"	"0.005"	"0.01"	"100000"	"10000"	"200"	"1211909440777776100"	90000	"intercept"	0.69867669
"0.65"	"0.0"	"0.45"	"0.01"	"0.005"	"0.01"	"100000"	"10000"	"200"	"1211909440777776100"	95000	"slope"	-0.017579727
"0.65"	"0.0"	"0.45"	"0.01"	"0.005"	"0.01"	"100000"	"10000"	"200"	"1211909440777776100"	95000	"intercept"	0.69806997
"0.65"	"0.0"	"0.45"	"0.01"	"0.005"	"0.01"	"100000"	"10000"	"200"	"1211909440777776100"	100000	"slope"	0.00339471689
"0.65"	"0.0"	"0.45"	"0.01"	"0.005"	"0.01"	"100000"	"10000"	"200"	"1211909440777776100"	100000	"intercept"	0.68640251
"0.65"	"0.0"	"0.45"	"0.01"	"0.005"	"0.01"	"100000"	"10000"	"200"	"4789665073663111504"	10	"slope"	1.852015e-06
"0.65"	"0.0"	"0.45"	"0.01"	"0.005"	"0.01"	"100000"	"10000"	"200"	"4789665073663111504"	10	"intercept"	0.499919775
"0.65"	"0.0"	"0.45"	"0.01"	"0.005"	"0.01"	"100000"	"10000"	"200"	"4789665073663111504"	5000	"slope"	0.06034503135
"0.65"	"0.0"	"0.45"	"0.01"	"0.005"	"0.01"	"100000"	"10000"	"200"	"4789665073663111504"	5000	"intercept"	0.65960571
"0.65"	"0.0"	"0.45"	"0.01"	"0.005"	"0.01"	"100000"	"10000"	"200"	"4789665073663111504"	10000	"slope"	-0.011930629825
"0.65"	"0.0"	"0.45"	"0.01"	"0.005"	"0.01"	"100000"	"10000"	"200"	"4789665073663111504"	10000	"intercept"	0.69290153
"0.65"	"0.0"	"0.45"	"0.01"	"0.005"	"0.01"	"100000"	"10000"	"200"	"4789665073663111504"	15000	"slope"	-0.030600151
"0.65"	"0.0"	"0.45"	"0.01"	"0.005"	"0.01"	"100000"	"10000"	"200"	"4789665073663111504"	15000	"intercept"	0.71325649
"0.65"	"0.0"	"0.45"	"0.01"	"0.005"	"0.01"	"100000"	"10000"	"200"	"4789665073663111504"	20000	"slope"	0.001139736559
"0.65"	"0.0"	"0.45"	"0.01"	"0.005"	"0.01"	"100000"	"10000"	"200"	"4789665073663111504"	20000	"intercept"	0.69411665
"0.65"	"0.0"	"0.45"	"0.01"	"0.005"	"0.01"	"100000"	"10000"	"200"	"4789665073663111504"	25000	"slope"	-0.001250821285
"0.65"	"0.0"	"0.45"	"0.01"	"0.005"	"0.01"	"100000"	"10000"	"200"	"4789665073663111504"	25000	"intercept"	0.69145363
"0.65"	"0.0"	"0.45"	"0.01"	"0.005"	"0.01"	"100000"	"10000"	"200"	"4789665073663111504"	30000	"slope"	-0.020279722275
"0.65"	"0.0"	"0.45"	"0.01"	"0.005"	"0.01"	"100000"	"10000"	"200"	"4789665073663111504"	30000	"intercept"	0.708959135
"0.65"	"0.0"	"0.45"	"0.01"	"0.005"	"0.01"	"100000"	"10000"	"200"	"4789665073663111504"	35000	"slope"	-0.01273884599
"0.65"	"0.0"	"0.45"	"0.01"	"0.005"	"0.01"	"100000"	"10000"	"200"	"4789665073663111504"	35000	"intercept"	0.69626194
"0.65"	"0.0"	"0.45"	"0.01"	"0.005"	"0.01"	"100000"	"10000"	"200"	"4789665073663111504"	40000	"slope"	-0.026532062285
"0.65"	"0.0"	"0.45"	"0.01"	"0.005"	"0.01"	"100000"	"10000"	"200"	"4789665073663111504"	40000	"intercept"	0.713386725
"0.65"	"0.0"	"0.45"	"0.01"	"0.005"	"0.01"	"100000"	"10000"	"200"	"4789665073663111504"	45000	"slope"	-0.0110160197
"0.65"	"0.0"	"0.45"	"0.01"	"0.005"	"0.01"	"100000"	"10000"	"200"	"4789665073663111504"	45000	"intercept"	0.696464465
"0.65"	"0.0"	"0.45"	"0.01"	"0.005"	"0.01"	"100000"	"10000"	"200"	"4789665073663111504"	50000	"slope"	0.00462954829
"0.65"	"0.0"	"0.45"	"0.01"	"0.005"	"0.01"	"100000"	"10000"	"200"	"4789665073663111504"	50000	"intercept"	0.682801555
"0.65"	"0.0"	"0.45"	"0.01"	"0.005"	"0.01"	"100000"	"10000"	"200"	"4789665073663111504"	55000	"slope"	-0.00921270992
"0.65"	"0.0"	"0.45"	"0.01"	"0.005"	"0.01"	"100000"	"10000"	"200"	"4789665073663111504"	55000	"intercept"	0.68818079
"0.65"	"0.0"	"0.45"	"0.01"	"0.005"	"0.01"	"100000"	"10000"	"200"	"4789665073663111504"	60000	"slope"	-0.002636924208
"0.65"	"0.0"	"0.45"	"0.01"	"0.005"	"0.01"	"100000"	"10000"	"200"	"4789665073663111504"	60000	"intercept"	0.68822305
"0.65"	"0.0"	"0.45"	"0.01"	"0.005"	"0.01"	"100000"	"10000"	"200"	"4789665073663111504"	65000	"slope"	0.01129096685
"0.65"	"0.0"	"0.45"	"0.01"	"0.005"	"0.01"	"100000"	"10000"	"200"	"4789665073663111504"	65000	"intercept"	0.679703695
"0.65"	"0.0"	"0.45"	"0.01"	"0.005"	"0.01"	"100000"	"10000"	"200"	"4789665073663111504"	70000	"slope"	0.0081090542455
"0.65"	"0.0"	"0.45"	"0.01"	"0.005"	"0.01"	"100000"	"10000"	"200"	"4789665073663111504"	70000	"intercept"	0.676934915
"0.65"	"0.0"	"0.45"	"0.01"	"0.005"	"0.01"	"100000"	"10000"	"200"	"4789665073663111504"	75000	"slope"	0.032322777695
"0.65"	"0.0"	"0.45"	"0.01"	"0.005"	"0.01"	"100000"	"10000"	"200"	"4789665073663111504"	75000	"intercept"	0.66921845
"0.65"	"0.0"	"0.45"	"0.01"	"0.005"	"0.01"	"100000"	"10000"	"200"	"4789665073663111504"	80000	"slope"	0.002464875346
"0.65"	"0.0"	"0.45"	"0.01"	"0.005"	"0.01"	"100000"	"10000"	"200"	"4789665073663111504"	80000	"intercept"	0.685546885
"0.65"	"0.0"	"0.45"	"0.01"	"0.005"	"0.01"	"100000"	"10000"	"200"	"4789665073663111504"	85000	"slope"	0.01444550254
"0.65"	"0.0"	"0.45"	"0.01"	"0.005"	"0.01"	"100000"	"10000"	"200"	"4789665073663111504"	85000	"intercept"	0.68094526
"0.65"	"0.0"	"0.45"	"0.01"	"0.005"	"0.01"	"100000"	"10000"	"200"	"4789665073663111504"	90000	"slope"	-0.004038958715
"0.65"	"0.0"	"0.45"	"0.01"	"0.005"	"0.01"	"100000"	"10000"	"200"	"4789665073663111504"	90000	"intercept"	0.693000845
"0.65"	"0.0"	"0.45"	"0.01"	"0.005"	"0.01"	"100000"	"10000"	"200"	"4789665073663111504"	95000	"slope"	0.02238672545
"0.65"	"0.0"	"0.45"	"0.01"	"0.005"	"0.01"	"100000"	"10000"	"200"	"4789665073663111504"	95000	"intercept"	0.67468474
"0.65"	"0.0"	"0.45"	"0.01"	"0.005"	"0.01"	"100000"	"10000"	"200"	"4789665073663111504"	100000	"slope"	0.015656523305
"0.65"	"0.0"	"0.45"	"0.01"	"0.005"	"0.01"	"100000"	"10000"	"200"	"4789665073663111504"	100000	"intercept"	0.6728471
"0.65"	"0.0"	"0.45"	"0.01"	"0.005"	"0.01"	"100000"	"10000"	"200"	"7151325445344316951"	10	"slope"	0.0001304661
"0.65"	"0.0"	"0.45"	"0.01"	"0.005"	"0.01"	"100000"	"10000"	"200"	"7151325445344316951"	10	"intercept"	0.49998663
"0.65"	"0.0"	"0.45"	"0.01"	"0.005"	"0.01"	"100000"	"10000"	"200"	"7151325445344316951"	5000	"slope"	0.034671352245
"0.65"	"0.0"	"0.45"	"0.01"	"0.005"	"0.01"	"100000"	"10000"	"200"	"7151325445344316951"	5000	"intercept"	0.664871095
"0.65"	"0.0"	"0.45"	"0.01"	"0.005"	"0.01"	"100000"	"10000"	"200"	"7151325445344316951"	10000	"slope"	-0.005664197465
"0.65"	"0.0"	"0.45"	"0.01"	"0.005"	"0.01"	"100000"	"10000"	"200"	"7151325445344316951"	10000	"intercept"	0.69652432
"0.65"	"0.0"	"0.45"	"0.01"	"0.005"	"0.01"	"100000"	"10000"	"200"	"7151325445344316951"	15000	"slope"	-0.0390732139
"0.65"	"0.0"	"0.45"	"0.01"	"0.005"	"0.01"	"100000"	"10000"	"200"	"7151325445344316951"	15000	"intercept"	0.71759092
"0.65"	"0.0"	"0.45"	"0.01"	"0.005"	"0.01"	"100000"	"10000"	"200"	"7151325445344316951"	20000	"slope"	0.000855933279
"0.65"	"0.0"	"0.45"	"0.01"	"0.005"	"0.01"	"100000"	"10000"	"200"	"7151325445344316951"	20000	"intercept"	0.688741935
"0.65"	"0.0"	"0.45"	"0.01"	"0.005"	"0.01"	"100000"	"10000"	"200"	"7151325445344316951"	25000	"slope"	0.010106012915
"0.65"	"0.0"	"0.45"	"0.01"	"0.005"	"0.01"	"100000"	"10000"	"200"	"7151325445344316951"	25000	"intercept"	0.682602915
"0.65"	"0.0"	"0.45"	"0.01"	"0.005"	"0.01"	"100000"	"10000"	"200"	"7151325445344316951"	30000	"slope"	0.029755339775
"0.65"	"0.0"	"0.45"	"0.01"	"0.005"	"0.01"	"100000"	"10000"	"200"	"7151325445344316951"	30000	"intercept"	0.672877635
"0.65"	"0.0"	"0.45"	"0.01"	"0.005"	"0.01"	"100000"	"10000"	"200"	"7151325445344316951"	35000	"slope"	-0.00124903463
"0.65"	"0.0"	"0.45"	"0.01"	"0.005"	"0.01"	"100000"	"10000"	"200"	"7151325445344316951"	35000	"intercept"	0.69181135
"0.65"	"0.0"	"0.45"	"0.01"	"0.005"	"0.01"	"100000"	"10000"	"200"	"7151325445344316951"	40000	"slope"	-0.01519591827
"0.65"	"0.0"	"0.45"	"0.01"	"0.005"	"0.01"	"100000"	"10000"	"200"	"7151325445344316951"	40000	"intercept"	0.704085135
"0.65"	"0.0"	"0.45"	"0.01"	"0.005"	"0.01"	"100000"	"10000"	"200"	"7151325445344316951"	45000	"slope"	-0.00222433192
"0.65"	"0.0"	"0.45"	"0.01"	"0.005"	"0.01"	"100000"	"10000"	"200"	"7151325445344316951"	45000	"intercept"	0.689788825
"0.65"	"0.0"	"0.45"	"0.01"	"0.005"	"0.01"	"100000"	"10000"	"200"	"7151325445344316951"	50000	"slope"	-0.009086104765
"0.65"	"0.0"	"0.45"	"0.01"	"0.005"	"0.01"	"100000"	"10000"	"200"	"7151325445344316951"	50000	"intercept"	0.700888425
"0.65"	"0.0"	"0.45"	"0.01"	"0.005"	"0.01"	"100000"	"10000"	"200"	"7151325445344316951"	55000	"slope"	-0.018764010955
"0.65"	"0.0"	"0.45"	"0.01"	"0.005"	"0.01"	"100000"	"10000"	"200"	"7151325445344316951"	55000	"intercept"	0.713573695
"0.65"	"0.0"	"0.45"	"0.01"	"0.005"	"0.01"	"100000"	"10000"	"200"	"7151325445344316951"	60000	"slope"	-0.0330626808
"0.65"	"0.0"	"0.45"	"0.01"	"0.005"	"0.01"	"100000"	"10000"	"200"	"7151325445344316951"	60000	"intercept"	0.70492831
"0.65"	"0.0"	"0.45"	"0.01"	"0.005"	"0.01"	"100000"	"10000"	"200"	"7151325445344316951"	65000	"slope"	-0.02683343237
"0.65"	"0.0"	"0.45"	"0.01"	"0.005"	"0.01"	"100000"	"10000"	"200"	"7151325445344316951"	65000	"intercept"	0.707195305
"0.65"	"0.0"	"0.45"	"0.01"	"0.005"	"0.01"	"100000"	"10000"	"200"	"7151325445344316951"	70000	"slope"	0.013004878033
"0.65"	"0.0"	"0.45"	"0.01"	"0.005"	"0.01"	"100000"	"10000"	"200"	"7151325445344316951"	70000	"intercept"	0.677776485
"0.65"	"0.0"	"0.45"	"0.01"	"0.005"	"0.01"	"100000"	"10000"	"200"	"7151325445344316951"	75000	"slope"	0.006133678215
"0.65"	"0.0"	"0.45"	"0.01"	"0.005"	"0.01"	"100000"	"10000"	"200"	"7151325445344316951"	75000	"intercept"	0.68445868
"0.65"	"0.0"	"0.45"	"0.01"	"0.005"	"0.01"	"100000"	"10000"	"200"	"7151325445344316951"	80000	"slope"	-0.0137803776385
"0.65"	"0.0"	"0.45"	"0.01"	"0.005"	"0.01"	"100000"	"10000"	"200"	"7151325445344316951"	80000	"intercept"	0.69230901
"0.65"	"0.0"	"0.45"	"0.01"	"0.005"	"0.01"	"100000"	"10000"	"200"	"7151325445344316951"	85000	"slope"	-0.021553341895
"0.65"	"0.0"	"0.45"	"0.01"	"0.005"	"0.01"	"100000"	"10000"	"200"	"7151325445344316951"	85000	"intercept"	0.705984095
"0.65"	"0.0"	"0.45"	"0.01"	"0.005"	"0.01"	"100000"	"10000"	"200"	"7151325445344316951"	90000	"slope"	-0.02092374388
"0.65"	"0.0"	"0.45"	"0.01"	"0.005"	"0.01"	"100000"	"10000"	"200"	"7151325445344316951"	90000	"intercept"	0.708632735
"0.65"	"0.0"	"0.45"	"0.01"	"0.005"	"0.01"	"100000"	"10000"	"200"	"7151325445344316951"	95000	"slope"	-0.0273782511
"0.65"	"0.0"	"0.45"	"0.01"	"0.005"	"0.01"	"100000"	"10000"	"200"	"7151325445344316951"	95000	"intercept"	0.709428985
"0.65"	"0.0"	"0.45"	"0.01"	"0.005"	"0.01"	"100000"	"10000"	"200"	"7151325445344316951"	100000	"slope"	0.0226539592665
"0.65"	"0.0"	"0.45"	"0.01"	"0.005"	"0.01"	"100000"	"10000"	"200"	"7151325445344316951"	100000	"intercept"	0.670400625
"0.65"	"0.4"	"0.45"	"0.01"	"0.005"	"0.01"	"100000"	"10000"	"200"	"2619875845036837232"	10	"slope"	6.79081585e-05
"0.65"	"0.4"	"0.45"	"0.01"	"0.005"	"0.01"	"100000"	"10000"	"200"	"2619875845036837232"	10	"intercept"	0.499994955
"0.65"	"0.4"	"0.45"	"0.01"	"0.005"	"0.01"	"100000"	"10000"	"200"	"2619875845036837232"	5000	"slope"	-0.01373494012
"0.65"	"0.4"	"0.45"	"0.01"	"0.005"	"0.01"	"100000"	"10000"	"200"	"2619875845036837232"	5000	"intercept"	0.669877305
"0.65"	"0.4"	"0.45"	"0.01"	"0.005"	"0.01"	"100000"	"10000"	"200"	"2619875845036837232"	10000	"slope"	-0.138760732705
"0.65"	"0.4"	"0.45"	"0.01"	"0.005"	"0.01"	"100000"	"10000"	"200"	"2619875845036837232"	10000	"intercept"	0.73916283
"0.65"	"0.4"	"0.45"	"0.01"	"0.005"	"0.01"	"100000"	"10000"	"200"	"2619875845036837232"	15000	"slope"	-0.19023203
"0.65"	"0.4"	"0.45"	"0.01"	"0.005"	"0.01"	"100000"	"10000"	"200"	"2619875845036837232"	15000	"intercept"	0.78345584
"0.65"	"0.4"	"0.45"	"0.01"	"0.005"	"0.01"	"100000"	"10000"	"200"	"2619875845036837232"	20000	"slope"	-0.214833205
"0.65"	"0.4"	"0.45"	"0.01"	"0.005"	"0.01"	"100000"	"10000"	"200"	"2619875845036837232"	20000	"intercept"	0.79348944
"0.65"	"0.4"	"0.45"	"0.01"	"0.005"	"0.01"	"100000"	"10000"	"200"	"2619875845036837232"	25000	"slope"	-0.205310831
"0.65"	"0.4"	"0.45"	"0.01"	"0.005"	"0.01"	"100000"	"10000"	"200"	"2619875845036837232"	25000	"intercept"	0.798648435
"0.65"	"0.4"	"0.45"	"0.01"	"0.005"	"0.01"	"100000"	"10000"	"200"	"2619875845036837232"	30000	"slope"	-0.21645806
"0.65"	"0.4"	"0.45"	"0.01"	"0.005"	"0.01"	"100000"	"10000"	"200"	"2619875845036837232"	30000	"intercept"	0.79128996
"0.65"	"0.4"	"0.45"	"0.01"	"0.005"	"0.01"	"100000"	"10000"	"200"	"2619875845036837232"	35000	"slope"	-0.171082869
"0.65"	"0.4"	"0.45"	"0.01"	"0.005"	"0.01"	"100000"	"10000"	"200"	"2619875845036837232"	35000	"intercept"	0.768123965
"0.65"	"0.4"	"0.45"	"0.01"	"0.005"	"0.01"	"100000"	"10000"	"200"	"2619875845036837232"	40000	"slope"	-0.215888035
"0.65"	"0.4"	"0.45"	"0.01"	"0.005"	"0.01"	"100000"	"10000"	"200"	"2619875845036837232"	40000	"intercept"	0.78890881
"0.65"	"0.4"	"0.45"	"0.01"	"0.005"	"0.01"	"100000"	"10000"	"200"	"2619875845036837232"	45000	"slope"	-0.202980665
"0.65"	"0.4"	"0.45"	"0.01"	"0.005"	"0.01"	"100000"	"10000"	"200"	"2619875845036837232"	45000	"intercept"	0.787206005
"0.65"	"0.4"	"0.45"	"0.01"	"0.005"	"0.01"	"100000"	"10000"	"200"	"2619875845036837232"	50000	"slope"	-0.1652530565
"0.65"	"0.4"	"0.45"	"0.01"	"0.005"	"0.01"	"100000"	"10000"	"200"	"2619875845036837232"	50000	"intercept"	0.76504885
"0.65"	"0.4"	"0.45"	"0.01"	"0.005"	"0.01"	"100000"	"10000"	"200"	"2619875845036837232"	55000	"slope"	-0.132494297
"0.65"	"0.4"	"0.45"	"0.01"	"0.005"	"0.01"	"100000"	"10000"	"200"	"2619875845036837232"	55000	"intercept"	0.74620681
"0.65"	"0.4"	"0.45"	"0.01"	"0.005"	"0.01"	"100000"	"10000"	"200"	"2619875845036837232"	60000	"slope"	-0.1599078975
"0.65"	"0.4"	"0.45"	"0.01"	"0.005"	"0.01"	"100000"	"10000"	"200"	"2619875845036837232"	60000	"intercept"	0.76596038
"0.65"	"0.4"	"0.45"	"0.01"	"0.005"	"0.01"	"100000"	"10000"	"200"	"2619875845036837232"	65000	"slope"	-0.156244401
"0.65"	"0.4"	"0.45"	"0.01"	"0.005"	"0.01"	"100000"	"10000"	"200"	"2619875845036837232"	65000	"intercept"	0.766489995
"0.65"	"0.4"	"0.45"	"0.01"	"0.005"	"0.01"	"100000"	"10000"	"200"	"2619875845036837232"	70000	"slope"	-0.15078687
"0.65"	"0.4"	"0.45"	"0.01"	"0.005"	"0.01"	"100000"	"10000"	"200"	"2619875845036837232"	70000	"intercept"	0.75038925
"0.65"	"0.4"	"0.45"	"0.01"	"0.005"	"0.01"	"100000"	"10000"	"200"	"2619875845036837232"	75000	"slope"	-0.211388175
"0.65"	"0.4"	"0.45"	"0.01"	"0.005"	"0.01"	"100000"	"10000"	"200"	"2619875845036837232"	75000	"intercept"	0.791023135
"0.65"	"0.4"	"0.45"	"0.01"	"0.005"	"0.01"	"100000"	"10000"	"200"	"2619875845036837232"	80000	"slope"	-0.25003676
"0.65"	"0.4"	"0.45"	"0.01"	"0.005"	"0.01"	"100000"	"10000"	"200"	"2619875845036837232"	80000	"intercept"	0.80574782
"0.65"	"0.4"	"0.45"	"0.01"	"0.005"	"0.01"	"100000"	"10000"	"200"	"2619875845036837232"	85000	"slope"	-0.25735702
"0.65"	"0.4"	"0.45"	"0.01"	"0.005"	"0.01"	"100000"	"10000"	"200"	"2619875845036837232"	85000	"intercept"	0.8210864
"0.65"	"0.4"	"0.45"	"0.01"	"0.005"	"0.01"	"100000"	"10000"	"200"	"2619875845036837232"	90000	"slope"	-0.262185105
"0.65"	"0.4"	"0.45"	"0.01"	"0.005"	"0.01"	"100000"	"10000"	"200"	"2619875845036837232"	90000	"intercept"	0.821818275
"0.65"	"0.4"	"0.45"	"0.01"	"0.005"	"0.01"	"100000"	"10000"	"200"	"2619875845036837232"	95000	"slope"	-0.26750559
"0.65"	"0.4"	"0.45"	"0.01"	"0.005"	"0.01"	"100000"	"10000"	"200"	"2619875845036837232"	95000	"intercept"	0.82585931
"0.65"	"0.4"	"0.45"	"0.01"	"0.005"	"0.01"	"100000"	"10000"	"200"	"2619875845036837232"	100000	"slope"	-0.2915178
"0.65"	"0.4"	"0.45"	"0.01"	"0.005"	"0.01"	"100000"	"10000"	"200"	"2619875845036837232"	100000	"intercept"	0.84792112
"0.65"	"0.4"	"0.45"	"0.01"	"0.005"	"0.01"	"100000"	"10000"	"200"	"7465520852706990262"	10	"slope"	0.000146913475
"0.65"	"0.4"	"0.45"	"0.01"	"0.005"	"0.01"	"100000"	"10000"	"200"	"7465520852706990262"	10	"intercept"	0.50017709
"0.65"	"0.4"	"0.45"	"0.01"	"0.005"	"0.01"	"100000"	"10000"	"200"	"7465520852706990262"	5000	"slope"	0.03679840388
"0.65"	"0.4"	"0.45"	"0.01"	"0.005"	"0.01"	"100000"	"10000"	"200"	"7465520852706990262"	5000	"intercept"	0.642676535
"0.65"	"0.4"	"0.45"	"0.01"	"0.005"	"0.01"	"100000"	"10000"	"200"	"7465520852706990262"	10000	"slope"	-0.00255163585
"0.65"	"0.4"	"0.45"	"0.01"	"0.005"	"0.01"	"100000"	"10000"	"200"	"7465520852706990262"	10000	"intercept"	0.670389515
"0.65"	"0.4"	"0.45"	"0.01"	"0.005"	"0.01"	"100000"	"10000"	"200"	"7465520852706990262"	15000	"slope"	-0.06406245735
"0.65"	"0.4"	"0.45"	"0.01"	"0.005"	"0.01"	"100000"	"10000"	"200"	"7465520852706990262"	15000	"intercept"	0.70045687
"0.65"	"0.4"	"0.45"	"0.01"	"0.005"	"0.01"	"100000"	"10000"	"200"	"7465520852706990262"	20000	"slope"	-0.1358135995
"0.65"	"0.4"	"0.45"	"0.01"	"0.005"	"0.01"	"100000"	"10000"	"200"	"7465520852706990262"	20000	"intercept"	0.74851565
"0.65"	"0.4"	"0.45"	"0.01"	"0.005"	"0.01"	"100000"	"10000"	"200"	"7465520852706990262"	25000	"slope"	-0.144823409
"0.65"	"0.4"	"0.45"	"0.01"	"0.005"	"0.01"	"100000"	"10000"	"200"	"7465520852706990262"	25000	"intercept"	0.758358995
"0.65"	"0.4"	"0.45"	"0.01"	"0.005"	"0.01"	"100000"	"10000"	"200"	"7465520852706990262"	30000	"slope"	-0.145899448
"0.65"	"0.4"	"0.45"	"0.01"	"0.005"	"0.01"	"100000"	"10000"	"200"	"7465520852706990262"	30000	"intercept"	0.742759225
"0.65"	"0.4"	"0.45"	"0.01"	"0.005"	"0.01"	"100000"	"10000"	"200"	"7465520852706990262"	35000	"slope"	-0.213409665
"0.65"	"0.4"	"0.45"	"0.01"	"0.005"	"0.01"	"100000"	"10000"	"200"	"7465520852706990262"	35000	"intercept"	0.78800865
"0.65"	"0.4"	"0.45"	"0.01"	"0.005"	"0.01"	"100000"	"10000"	"200"	"7465520852706990262"	40000	"slope"	-0.203895311
"0.65"	"0.4"	"0.45"	"0.01"	"0.005"	"0.01"	"100000"	"10000"	"200"	"7465520852706990262"	40000	"intercept"	0.79274482
"0.65"	"0.4"	"0.45"	"0.01"	"0.005"	"0.01"	"100000"	"10000"	"200"	"7465520852706990262"	45000	"slope"	-0.19525113
"0.65"	"0.4"	"0.45"	"0.01"	"0.005"	"0.01"	"100000"	"10000"	"200"	"7465520852706990262"	45000	"intercept"	0.781394485
"0.65"	"0.4"	"0.45"	"0.01"	"0.005"	"0.01"	"100000"	"10000"	"200"	"7465520852706990262"	50000	"slope"	-0.236468636
"0.65"	"0.4"	"0.45"	"0.01"	"0.005"	"0.01"	"100000"	"10000"	"200"	"7465520852706990262"	50000	"intercept"	0.81137299
"0.65"	"0.4"	"0.45"	"0.01"	"0.005"	"0.01"	"100000"	"10000"	"200"	"7465520852706990262"	55000	"slope"	-0.26373486
"0.65"	"0.4"	"0.45"	"0.01"	"0.005"	"0.01"	"100000"	"10000"	"200"	"7465520852706990262"	55000	"intercept"	0.809707685
"0.65"	"0.4"	"0.45"	"0.01"	"0.005"	"0.01"	"100000"	"10000"	"200"	"7465520852706990262"	60000	"slope"	-0.25624135
"0.65"	"0.4"	"0.45"	"0.01"	"0.005"	"0.01"	"100000"	"10000"	"200"	"7465520852706990262"	60000	"intercept"	0.808704305
"0.65"	"0.4"	"0.45"	"0.01"	"0.005"	"0.01"	"100000"	"10000"	"200"	"7465520852706990262"	65000	"slope"	-0.24977048
"0.65"	"0.4"	"0.45"	"0.01"	"0.005"	"0.01"	"100000"	"10000"	"200"	"7465520852706990262"	65000	"intercept"	0.816337965
"0.65"	"0.4"	"0.45"	"0.01"	"0.005"	"0.01"	"100000"	"10000"	"200"	"7465520852706990262"	70000	"slope"	-0.26994744
"0.65"	"0.4"	"0.45"	"0.01"	"0.005"	"0.01"	"100000"	"10000"	"200"	"7465520852706990262"	70000	"intercept"	0.82400934
"0.65"	"0.4"	"0.45"	"0.01"	"0.005"	"0.01"	"100000"	"10000"	"200"	"7465520852706990262"	75000	"slope"	-0.257050755
"0.65"	"0.4"	"0.45"	"0.01"	"0.005"	"0.01"	"100000"	"10000"	"200"	"7465520852706990262"	75000	"intercept"	0.81818752
"0.65"	"0.4"	"0.45"	"0.01"	"0.005"	"0.01"	"100000"	"10000"	"200"	"7465520852706990262"	80000	"slope"	-0.2061699965
"0.65"	"0.4"	"0.45"	"0.01"	"0.005"	"0.01"	"100000"	"10000"	"200"	"7465520852706990262"	80000	"intercept"	0.787154895
"0.65"	"0.4"	"0.45"	"0.01"	"0.005"	"0.01"	"100000"	"10000"	"200"	"7465520852706990262"	85000	"slope"	-0.21386903
"0.65"	"0.4"	"0.45"	"0.01"	"0.005"	"0.01"	"100000"	"10000"	"200"	"7465520852706990262"	85000	"intercept"	0.794195095
"0.65"	"0.4"	"0.45"	"0.01"	"0.005"	"0.01"	"100000"	"10000"	"200"	"7465520852706990262"	90000	"slope"	-0.223299141
"0.65"	"0.4"	"0.45"	"0.01"	"0.005"	"0.01"	"100000"	"10000"	"200"	"7465520852706990262"	90000	"intercept"	0.79861969
"0.65"	"0.4"	"0.45"	"0.01"	"0.005"	"0.01"	"100000"	"10000"	"200"	"7465520852706990262"	95000	"slope"	-0.251024375
"0.65"	"0.4"	"0.45"	"0.01"	"0.005"	"0.01"	"100000"	"10000"	"200"	"7465520852706990262"	95000	"intercept"	0.809647015
"0.65"	"0.4"	"0.45"	"0.01"	"0.005"	"0.01"	"100000"	"10000"	"200"	"7465520852706990262"	100000	"slope"	-0.259206605
"0.65"	"0.4"	"0.45"	"0.01"	"0.005"	"0.01"	"100000"	"10000"	"200"	"7465520852706990262"	100000	"intercept"	0.8141224
"0.65"	"0.4"	"0.45"	"0.01"	"0.005"	"0.01"	"100000"	"10000"	"200"	"895498847644722794"	10	"slope"	8.5978917e-05
"0.65"	"0.4"	"0.45"	"0.01"	"0.005"	"0.01"	"100000"	"10000"	"200"	"895498847644722794"	10	"intercept"	0.50001844
"0.65"	"0.4"	"0.45"	"0.01"	"0.005"	"0.01"	"100000"	"10000"	"200"	"895498847644722794"	5000	"slope"	0.0175090794585
"0.65"	"0.4"	"0.45"	"0.01"	"0.005"	"0.01"	"100000"	"10000"	"200"	"895498847644722794"	5000	"intercept"	0.65037061
"0.65"	"0.4"	"0.45"	"0.01"	"0.005"	"0.01"	"100000"	"10000"	"200"	"895498847644722794"	10000	"slope"	-0.08986028068
"0.65"	"0.4"	"0.45"	"0.01"	"0.005"	"0.01"	"100000"	"10000"	"200"	"895498847644722794"	10000	"intercept"	0.72189983
"0.65"	"0.4"	"0.45"	"0.01"	"0.005"	"0.01"	"100000"	"10000"	"200"	"895498847644722794"	15000	"slope"	-0.152049789
"0.65"	"0.4"	"0.45"	"0.01"	"0.005"	"0.01"	"100000"	"10000"	"200"	"895498847644722794"	15000	"intercept"	0.75251994
"0.65"	"0.4"	"0.45"	"0.01"	"0.005"	"0.01"	"100000"	"10000"	"200"	"895498847644722794"	20000	"slope"	-0.1345158115
"0.65"	"0.4"	"0.45"	"0.01"	"0.005"	"0.01"	"100000"	"10000"	"200"	"895498847644722794"	20000	"intercept"	0.743648835
"0.65"	"0.4"	"0.45"	"0.01"	"0.005"	"0.01"	"100000"	"10000"	"200"	"895498847644722794"	25000	"slope"	-0.1547113355
"0.65"	"0.4"	"0.45"	"0.01"	"0.005"	"0.01"	"100000"	"10000"	"200"	"895498847644722794"	25000	"intercept"	0.75456728
"0.65"	"0.4"	"0.45"	"0.01"	"0.005"	"0.01"	"100000"	"10000"	"200"	"895498847644722794"	30000	"slope"	-0.19097693
"0.65"	"0.4"	"0.45"	"0.01"	"0.005"	"0.01"	"100000"	"10000"	"200"	"895498847644722794"	30000	"intercept"	0.779597065
"0.65"	"0.4"	"0.45"	"0.01"	"0.005"	"0.01"	"100000"	"10000"	"200"	"895498847644722794"	35000	"slope"	-0.234600465
"0.65"	"0.4"	"0.45"	"0.01"	"0.005"	"0.01"	"100000"	"10000"	"200"	"895498847644722794"	35000	"intercept"	0.80146928
"0.65"	"0.4"	"0.45"	"0.01"	"0.005"	"0.01"	"100000"	"10000"	"200"	"895498847644722794"	40000	"slope"	-0.20382035
"0.65"	"0.4"	"0.45"	"0.01"	"0.005"	"0.01"	"100000"	"10000"	"200"	"895498847644722794"	40000	"intercept"	0.7921289
"0.65"	"0.4"	"0.45"	"0.01"	"0.005"	"0.01"	"100000"	"10000"	"200"	"895498847644722794"	45000	"slope"	-0.195249714
"0.65"	"0.4"	"0.45"	"0.01"	"0.005"	"0.01"	"100000"	"10000"	"200"	"895498847644722794"	45000	"intercept"	0.780328235
"0.65"	"0.4"	"0.45"	"0.01"	"0.005"	"0.01"	"100000"	"10000"	"200"	"895498847644722794"	50000	"slope"	-0.2160761655
"0.65"	"0.4"	"0.45"	"0.01"	"0.005"	"0.01"	"100000"	"10000"	"200"	"895498847644722794"	50000	"intercept"	0.79138265
"0.65"	"0.4"	"0.45"	"0.01"	"0.005"	"0.01"	"100000"	"10000"	"200"	"895498847644722794"	55000	"slope"	-0.25561464
"0.65"	"0.4"	"0.45"	"0.01"	"0.005"	"0.01"	"100000"	"10000"	"200"	"895498847644722794"	55000	"intercept"	0.81770013
"0.65"	"0.4"	"0.45"	"0.01"	"0.005"	"0.01"	"100000"	"10000"	"200"	"895498847644722794"	60000	"slope"	-0.27928501
"0.65"	"0.4"	"0.45"	"0.01"	"0.005"	"0.01"	"100000"	"10000"	"200"	"895498847644722794"	60000	"intercept"	0.834830395
"0.65"	"0.4"	"0.45"	"0.01"	"0.005"	"0.01"	"100000"	"10000"	"200"	"895498847644722794"	65000	"slope"	-0.261547185
"0.65"	"0.4"	"0.45"	"0.01"	"0.005"	"0.01"	"100000"	"10000"	"200"	"895498847644722794"	65000	"intercept"	0.819561765
"0.65"	"0.4"	"0.45"	"0.01"	"0.005"	"0.01"	"100000"	"10000"	"200"	"895498847644722794"	70000	"slope"	-0.27080202
"0.65"	"0.4"	"0.45"	"0.01"	"0.005"	"0.01"	"100000"	"10000"	"200"	"895498847644722794"	70000	"intercept"	0.82592174
"0.65"	"0.4"	"0.45"	"0.01"	"0.005"	"0.01"	"100000"	"10000"	"200"	"895498847644722794"	75000	"slope"	-0.222626945
"0.65"	"0.4"	"0.45"	"0.01"	"0.005"	"0.01"	"100000"	"10000"	"200"	"895498847644722794"	75000	"intercept"	0.79737646
"0.65"	"0.4"	"0.45"	"0.01"	"0.005"	"0.01"	"100000"	"10000"	"200"	"895498847644722794"	80000	"slope"	-0.27088126
"0.65"	"0.4"	"0.45"	"0.01"	"0.005"	"0.01"	"100000"	"10000"	"200"	"895498847644722794"	80000	"intercept"	0.83236423
"0.65"	"0.4"	"0.45"	"0.01"	"0.005"	"0.01"	"100000"	"10000"	"200"	"895498847644722794"	85000	"slope"	-0.235924275
"0.65"	"0.4"	"0.45"	"0.01"	"0.005"	"0.01"	"100000"	"10000"	"200"	"895498847644722794"	85000	"intercept"	0.80856739
"0.65"	"0.4"	"0.45"	"0.01"	"0.005"	"0.01"	"100000"	"10000"	"200"	"895498847644722794"	90000	"slope"	-0.247804405
"0.65"	"0.4"	"0.45"	"0.01"	"0.005"	"0.01"	"100000"	"10000"	"200"	"895498847644722794"	90000	"intercept"	0.8125751
"0.65"	"0.4"	"0.45"	"0.01"	"0.005"	"0.01"	"100000"	"10000"	"200"	"895498847644722794"	95000	"slope"	-0.25324454
"0.65"	"0.4"	"0.45"	"0.01"	"0.005"	"0.01"	"100000"	"10000"	"200"	"895498847644722794"	95000	"intercept"	0.812403595
"0.65"	"0.4"	"0.45"	"0.01"	"0.005"	"0.01"	"100000"	"10000"	"200"	"895498847644722794"	100000	"slope"	-0.2277081605
"0.65"	"0.4"	"0.45"	"0.01"	"0.005"	"0.01"	"100000"	"10000"	"200"	"895498847644722794"	100000	"intercept"	0.80239333
"0.65"	"0.6"	"0.45"	"0.01"	"0.005"	"0.01"	"100000"	"10000"	"200"	"223061685346354056"	10	"slope"	5.4253985e-05
"0.65"	"0.6"	"0.45"	"0.01"	"0.005"	"0.01"	"100000"	"10000"	"200"	"223061685346354056"	10	"intercept"	0.499874875
"0.65"	"0.6"	"0.45"	"0.01"	"0.005"	"0.01"	"100000"	"10000"	"200"	"223061685346354056"	5000	"slope"	-0.012372303815
"0.65"	"0.6"	"0.45"	"0.01"	"0.005"	"0.01"	"100000"	"10000"	"200"	"223061685346354056"	5000	"intercept"	0.6400629
"0.65"	"0.6"	"0.45"	"0.01"	"0.005"	"0.01"	"100000"	"10000"	"200"	"223061685346354056"	10000	"slope"	-0.16410259505
"0.65"	"0.6"	"0.45"	"0.01"	"0.005"	"0.01"	"100000"	"10000"	"200"	"223061685346354056"	10000	"intercept"	0.736300855
"0.65"	"0.6"	"0.45"	"0.01"	"0.005"	"0.01"	"100000"	"10000"	"200"	"223061685346354056"	15000	"slope"	-0.2856975
"0.65"	"0.6"	"0.45"	"0.01"	"0.005"	"0.01"	"100000"	"10000"	"200"	"223061685346354056"	15000	"intercept"	0.81735031
"0.65"	"0.6"	"0.45"	"0.01"	"0.005"	"0.01"	"100000"	"10000"	"200"	"223061685346354056"	20000	"slope"	-0.355486075
"0.65"	"0.6"	"0.45"	"0.01"	"0.005"	"0.01"	"100000"	"10000"	"200"	"223061685346354056"	20000	"intercept"	0.860525285
"0.65"	"0.6"	"0.45"	"0.01"	"0.005"	"0.01"	"100000"	"10000"	"200"	"223061685346354056"	25000	"slope"	-0.409693805
"0.65"	"0.6"	"0.45"	"0.01"	"0.005"	"0.01"	"100000"	"10000"	"200"	"223061685346354056"	25000	"intercept"	0.890499925
"0.65"	"0.6"	"0.45"	"0.01"	"0.005"	"0.01"	"100000"	"10000"	"200"	"223061685346354056"	30000	"slope"	-0.472257305
"0.65"	"0.6"	"0.45"	"0.01"	"0.005"	"0.01"	"100000"	"10000"	"200"	"223061685346354056"	30000	"intercept"	0.921393215
"0.65"	"0.6"	"0.45"	"0.01"	"0.005"	"0.01"	"100000"	"10000"	"200"	"223061685346354056"	35000	"slope"	-0.54808972
"0.65"	"0.6"	"0.45"	"0.01"	"0.005"	"0.01"	"100000"	"10000"	"200"	"223061685346354056"	35000	"intercept"	0.976405755
"0.65"	"0.6"	"0.45"	"0.01"	"0.005"	"0.01"	"100000"	"10000"	"200"	"223061685346354056"	40000	"slope"	-0.59829495
"0.65"	"0.6"	"0.45"	"0.01"	"0.005"	"0.01"	"100000"	"10000"	"200"	"223061685346354056"	40000	"intercept"	0.99887334
"0.65"	"0.6"	"0.45"	"0.01"	"0.005"	"0.01"	"100000"	"10000"	"200"	"223061685346354056"	45000	"slope"	-0.599018785
"0.65"	"0.6"	"0.45"	"0.01"	"0.005"	"0.01"	"100000"	"10000"	"200"	"223061685346354056"	45000	"intercept"	0.99907743
"0.65"	"0.6"	"0.45"	"0.01"	"0.005"	"0.01"	"100000"	"10000"	"200"	"223061685346354056"	50000	"slope"	-0.62245393
"0.65"	"0.6"	"0.45"	"0.01"	"0.005"	"0.01"	"100000"	"10000"	"200"	"223061685346354056"	50000	"intercept"	1.00967826
"0.65"	"0.6"	"0.45"	"0.01"	"0.005"	"0.01"	"100000"	"10000"	"200"	"223061685346354056"	55000	"slope"	-0.6332222
"0.65"	"0.6"	"0.45"	"0.01"	"0.005"	"0.01"	"100000"	"10000"	"200"	"223061685346354056"	55000	"intercept"	1.024595275
"0.65"	"0.6"	"0.45"	"0.01"	"0.005"	"0.01"	"100000"	"10000"	"200"	"223061685346354056"	60000	"slope"	-0.643684225
"0.65"	"0.6"	"0.45"	"0.01"	"0.005"	"0.01"	"100000"	"10000"	"200"	"223061685346354056"	60000	"intercept"	1.028789845
"0.65"	"0.6"	"0.45"	"0.01"	"0.005"	"0.01"	"100000"	"10000"	"200"	"223061685346354056"	65000	"slope"	-0.719353635
"0.65"	"0.6"	"0.45"	"0.01"	"0.005"	"0.01"	"100000"	"10000"	"200"	"223061685346354056"	65000	"intercept"	1.067945355
"0.65"	"0.6"	"0.45"	"0.01"	"0.005"	"0.01"	"100000"	"10000"	"200"	"223061685346354056"	70000	"slope"	-0.71368547
"0.65"	"0.6"	"0.45"	"0.01"	"0.005"	"0.01"	"100000"	"10000"	"200"	"223061685346354056"	70000	"intercept"	1.064280265
"0.65"	"0.6"	"0.45"	"0.01"	"0.005"	"0.01"	"100000"	"10000"	"200"	"223061685346354056"	75000	"slope"	-0.66272451
"0.65"	"0.6"	"0.45"	"0.01"	"0.005"	"0.01"	"100000"	"10000"	"200"	"223061685346354056"	75000	"intercept"	1.039792595
"0.65"	"0.6"	"0.45"	"0.01"	"0.005"	"0.01"	"100000"	"10000"	"200"	"223061685346354056"	80000	"slope"	-0.661971865
"0.65"	"0.6"	"0.45"	"0.01"	"0.005"	"0.01"	"100000"	"10000"	"200"	"223061685346354056"	80000	"intercept"	1.037303775
"0.65"	"0.6"	"0.45"	"0.01"	"0.005"	"0.01"	"100000"	"10000"	"200"	"223061685346354056"	85000	"slope"	-0.69512164
"0.65"	"0.6"	"0.45"	"0.01"	"0.005"	"0.01"	"100000"	"10000"	"200"	"223061685346354056"	85000	"intercept"	1.06140142
"0.65"	"0.6"	"0.45"	"0.01"	"0.005"	"0.01"	"100000"	"10000"	"200"	"223061685346354056"	90000	"slope"	-0.66479515
"0.65"	"0.6"	"0.45"	"0.01"	"0.005"	"0.01"	"100000"	"10000"	"200"	"223061685346354056"	90000	"intercept"	1.0384076
"0.65"	"0.6"	"0.45"	"0.01"	"0.005"	"0.01"	"100000"	"10000"	"200"	"223061685346354056"	95000	"slope"	-0.655542765
"0.65"	"0.6"	"0.45"	"0.01"	"0.005"	"0.01"	"100000"	"10000"	"200"	"223061685346354056"	95000	"intercept"	1.03968367
"0.65"	"0.6"	"0.45"	"0.01"	"0.005"	"0.01"	"100000"	"10000"	"200"	"223061685346354056"	100000	"slope"	-0.58836016
"0.65"	"0.6"	"0.45"	"0.01"	"0.005"	"0.01"	"100000"	"10000"	"200"	"223061685346354056"	100000	"intercept"	0.99156217
"0.65"	"0.6"	"0.45"	"0.01"	"0.005"	"0.01"	"100000"	"10000"	"200"	"6480863301609424682"	10	"slope"	-5.6336835e-06
"0.65"	"0.6"	"0.45"	"0.01"	"0.005"	"0.01"	"100000"	"10000"	"200"	"6480863301609424682"	10	"intercept"	0.499909535
"0.65"	"0.6"	"0.45"	"0.01"	"0.005"	"0.01"	"100000"	"10000"	"200"	"6480863301609424682"	5000	"slope"	-0.016933031297
"0.65"	"0.6"	"0.45"	"0.01"	"0.005"	"0.01"	"100000"	"10000"	"200"	"6480863301609424682"	5000	"intercept"	0.651816035
"0.65"	"0.6"	"0.45"	"0.01"	"0.005"	"0.01"	"100000"	"10000"	"200"	"6480863301609424682"	10000	"slope"	-0.127633254
"0.65"	"0.6"	"0.45"	"0.01"	"0.005"	"0.01"	"100000"	"10000"	"200"	"6480863301609424682"	10000	"intercept"	0.71460332
"0.65"	"0.6"	"0.45"	"0.01"	"0.005"	"0.01"	"100000"	"10000"	"200"	"6480863301609424682"	15000	"slope"	-0.154482409
"0.65"	"0.6"	"0.45"	"0.01"	"0.005"	"0.01"	"100000"	"10000"	"200"	"6480863301609424682"	15000	"intercept"	0.7379207
"0.65"	"0.6"	"0.45"	"0.01"	"0.005"	"0.01"	"100000"	"10000"	"200"	"6480863301609424682"	20000	"slope"	-0.26224152
"0.65"	"0.6"	"0.45"	"0.01"	"0.005"	"0.01"	"100000"	"10000"	"200"	"6480863301609424682"	20000	"intercept"	0.81076821
"0.65"	"0.6"	"0.45"	"0.01"	"0.005"	"0.01"	"100000"	"10000"	"200"	"6480863301609424682"	25000	"slope"	-0.34987385
"0.65"	"0.6"	"0.45"	"0.01"	"0.005"	"0.01"	"100000"	"10000"	"200"	"6480863301609424682"	25000	"intercept"	0.85321297
"0.65"	"0.6"	"0.45"	"0.01"	"0.005"	"0.01"	"100000"	"10000"	"200"	"6480863301609424682"	30000	"slope"	-0.436311035
"0.65"	"0.6"	"0.45"	"0.01"	"0.005"	"0.01"	"100000"	"10000"	"200"	"6480863301609424682"	30000	"intercept"	0.90310641
"0.65"	"0.6"	"0.45"	"0.01"	"0.005"	"0.01"	"100000"	"10000"	"200"	"6480863301609424682"	35000	"slope"	-0.493764685
"0.65"	"0.6"	"0.45"	"0.01"	"0.005"	"0.01"	"100000"	"10000"	"200"	"6480863301609424682"	35000	"intercept"	0.94351972
"0.65"	"0.6"	"0.45"	"0.01"	"0.005"	"0.01"	"100000"	"10000"	"200"	"6480863301609424682"	40000	"slope"	-0.519524115
"0.65"	"0.6"	"0.45"	"0.01"	"0.005"	"0.01"	"100000"	"10000"	"200"	"6480863301609424682"	40000	"intercept"	0.952952195
"0.65"	"0.6"	"0.45"	"0.01"	"0.005"	"0.01"	"100000"	"10000"	"200"	"6480863301609424682"	45000	"slope"	-0.600348805
"0.65"	"0.6"	"0.45"	"0.01"	"0.005"	"0.01"	"100000"	"10000"	"200"	"6480863301609424682"	45000	"intercept"	1.00328315
"0.65"	"0.6"	"0.45"	"0.01"	"0.005"	"0.01"	"100000"	"10000"	"200"	"6480863301609424682"	50000	"slope"	-0.648686745
"0.65"	"0.6"	"0.45"	"0.01"	"0.005"	"0.01"	"100000"	"10000"	"200"	"6480863301609424682"	50000	"intercept"	1.026738345
"0.65"	"0.6"	"0.45"	"0.01"	"0.005"	"0.01"	"100000"	"10000"	"200"	"6480863301609424682"	55000	"slope"	-0.69011058
"0.65"	"0.6"	"0.45"	"0.01"	"0.005"	"0.01"	"100000"	"10000"	"200"	"6480863301609424682"	55000	"intercept"	1.05401245
"0.65"	"0.6"	"0.45"	"0.01"	"0.005"	"0.01"	"100000"	"10000"	"200"	"6480863301609424682"	60000	"slope"	-0.69437137
"0.65"	"0.6"	"0.45"	"0.01"	"0.005"	"0.01"	"100000"	"10000"	"200"	"6480863301609424682"	60000	"intercept"	1.06028704
"0.65"	"0.6"	"0.45"	"0.01"	"0.005"	"0.01"	"100000"	"10000"	"200"	"6480863301609424682"	65000	"slope"	-0.684330475
"0.65"	"0.6"	"0.45"	"0.01"	"0.005"	"0.01"	"100000"	"10000"	"200"	"6480863301609424682"	65000	"intercept"	1.04575717
"0.65"	"0.6"	"0.45"	"0.01"	"0.005"	"0.01"	"100000"	"10000"	"200"	"6480863301609424682"	70000	"slope"	-0.658410095
"0.65"	"0.6"	"0.45"	"0.01"	"0.005"	"0.01"	"100000"	"10000"	"200"	"6480863301609424682"	70000	"intercept"	1.03934359
"0.65"	"0.6"	"0.45"	"0.01"	"0.005"	"0.01"	"100000"	"10000"	"200"	"6480863301609424682"	75000	"slope"	-0.667722585
"0.65"	"0.6"	"0.45"	"0.01"	"0.005"	"0.01"	"100000"	"10000"	"200"	"6480863301609424682"	75000	"intercept"	1.040768085
"0.65"	"0.6"	"0.45"	"0.01"	"0.005"	"0.01"	"100000"	"10000"	"200"	"6480863301609424682"	80000	"slope"	-0.64587114
"0.65"	"0.6"	"0.45"	"0.01"	"0.005"	"0.01"	"100000"	"10000"	"200"	"6480863301609424682"	80000	"intercept"	1.025750605
"0.65"	"0.6"	"0.45"	"0.01"	"0.005"	"0.01"	"100000"	"10000"	"200"	"6480863301609424682"	85000	"slope"	-0.64602964
"0.65"	"0.6"	"0.45"	"0.01"	"0.005"	"0.01"	"100000"	"10000"	"200"	"6480863301609424682"	85000	"intercept"	1.02492966
"0.65"	"0.6"	"0.45"	"0.01"	"0.005"	"0.01"	"100000"	"10000"	"200"	"6480863301609424682"	90000	"slope"	-0.66766555
"0.65"	"0.6"	"0.45"	"0.01"	"0.005"	"0.01"	"100000"	"10000"	"200"	"6480863301609424682"	90000	"intercept"	1.043993555
"0.65"	"0.6"	"0.45"	"0.01"	"0.005"	"0.01"	"100000"	"10000"	"200"	"6480863301609424682"	95000	"slope"	-0.61868709
"0.65"	"0.6"	"0.45"	"0.01"	"0.005"	"0.01"	"100000"	"10000"	"200"	"6480863301609424682"	95000	"intercept"	1.011847095
"0.65"	"0.6"	"0.45"	"0.01"	"0.005"	"0.01"	"100000"	"10000"	"200"	"6480863301609424682"	100000	"slope"	-0.636115285
"0.65"	"0.6"	"0.45"	"0.01"	"0.005"	"0.01"	"100000"	"10000"	"200"	"6480863301609424682"	100000	"intercept"	1.02518146
"0.65"	"0.6"	"0.45"	"0.01"	"0.005"	"0.01"	"100000"	"10000"	"200"	"7434687530129985545"	10	"slope"	-3.260649e-05
"0.65"	"0.6"	"0.45"	"0.01"	"0.005"	"0.01"	"100000"	"10000"	"200"	"7434687530129985545"	10	"intercept"	0.499968
"0.65"	"0.6"	"0.45"	"0.01"	"0.005"	"0.01"	"100000"	"10000"	"200"	"7434687530129985545"	5000	"slope"	0.002526768263
"0.65"	"0.6"	"0.45"	"0.01"	"0.005"	"0.01"	"100000"	"10000"	"200"	"7434687530129985545"	5000	"intercept"	0.642329035
"0.65"	"0.6"	"0.45"	"0.01"	"0.005"	"0.01"	"100000"	"10000"	"200"	"7434687530129985545"	10000	"slope"	-0.05143816445
"0.65"	"0.6"	"0.45"	"0.01"	"0.005"	"0.01"	"100000"	"10000"	"200"	"7434687530129985545"	10000	"intercept"	0.676228835
"0.65"	"0.6"	"0.45"	"0.01"	"0.005"	"0.01"	"100000"	"10000"	"200"	"7434687530129985545"	15000	"slope"	-0.187544669
"0.65"	"0.6"	"0.45"	"0.01"	"0.005"	"0.01"	"100000"	"10000"	"200"	"7434687530129985545"	15000	"intercept"	0.75167036
"0.65"	"0.6"	"0.45"	"0.01"	"0.005"	"0.01"	"100000"	"10000"	"200"	"7434687530129985545"	20000	"slope"	-0.28941016
"0.65"	"0.6"	"0.45"	"0.01"	"0.005"	"0.01"	"100000"	"10000"	"200"	"7434687530129985545"	20000	"intercept"	0.81617558
"0.65"	"0.6"	"0.45"	"0.01"	"0.005"	"0.01"	"100000"	"10000"	"200"	"7434687530129985545"	25000	"slope"	-0.362692495
"0.65"	"0.6"	"0.45"	"0.01"	"0.005"	"0.01"	"100000"	"10000"	"200"	"7434687530129985545"	25000	"intercept"	0.85987953
"0.65"	"0.6"	"0.45"	"0.01"	"0.005"	"0.01"	"100000"	"10000"	"200"	"7434687530129985545"	30000	"slope"	-0.46761335
"0.65"	"0.6"	"0.45"	"0.01"	"0.005"	"0.01"	"100000"	"10000"	"200"	"7434687530129985545"	30000	"intercept"	0.927176245
"0.65"	"0.6"	"0.45"	"0.01"	"0.005"	"0.01"	"100000"	"10000"	"200"	"7434687530129985545"	35000	"slope"	-0.558701665
"0.65"	"0.6"	"0.45"	"0.01"	"0.005"	"0.01"	"100000"	"10000"	"200"	"7434687530129985545"	35000	"intercept"	0.975317025
"0.65"	"0.6"	"0.45"	"0.01"	"0.005"	"0.01"	"100000"	"10000"	"200"	"7434687530129985545"	40000	"slope"	-0.551956115
"0.65"	"0.6"	"0.45"	"0.01"	"0.005"	"0.01"	"100000"	"10000"	"200"	"7434687530129985545"	40000	"intercept"	0.967166505
"0.65"	"0.6"	"0.45"	"0.01"	"0.005"	"0.01"	"100000"	"10000"	"200"	"7434687530129985545"	45000	"slope"	-0.587196715
"0.65"	"0.6"	"0.45"	"0.01"	"0.005"	"0.01"	"100000"	"10000"	"200"	"7434687530129985545"	45000	"intercept"	0.99745077
"0.65"	"0.6"	"0.45"	"0.01"	"0.005"	"0.01"	"100000"	"10000"	"200"	"7434687530129985545"	50000	"slope"	-0.612161005
"0.65"	"0.6"	"0.45"	"0.01"	"0.005"	"0.01"	"100000"	"10000"	"200"	"7434687530129985545"	50000	"intercept"	1.002995185
"0.65"	"0.6"	"0.45"	"0.01"	"0.005"	"0.01"	"100000"	"10000"	"200"	"7434687530129985545"	55000	"slope"	-0.60608738
"0.65"	"0.6"	"0.45"	"0.01"	"0.005"	"0.01"	"100000"	"10000"	"200"	"7434687530129985545"	55000	"intercept"	1.00725942
"0.65"	"0.6"	"0.45"	"0.01"	"0.005"	"0.01"	"100000"	"10000"	"200"	"7434687530129985545"	60000	"slope"	-0.645432735
"0.65"	"0.6"	"0.45"	"0.01"	"0.005"	"0.01"	"100000"	"10000"	"200"	"7434687530129985545"	60000	"intercept"	1.02070349
"0.65"	"0.6"	"0.45"	"0.01"	"0.005"	"0.01"	"100000"	"10000"	"200"	"7434687530129985545"	65000	"slope"	-0.718259615
"0.65"	"0.6"	"0.45"	"0.01"	"0.005"	"0.01"	"100000"	"10000"	"200"	"7434687530129985545"	65000	"intercept"	1.070628
"0.65"	"0.6"	"0.45"	"0.01"	"0.005"	"0.01"	"100000"	"10000"	"200"	"7434687530129985545"	70000	"slope"	-0.696162675
"0.65"	"0.6"	"0.45"	"0.01"	"0.005"	"0.01"	"100000"	"10000"	"200"	"7434687530129985545"	70000	"intercept"	1.064309575
"0.65"	"0.6"	"0.45"	"0.01"	"0.005"	"0.01"	"100000"	"10000"	"200"	"7434687530129985545"	75000	"slope"	-0.71120912
"0.65"	"0.6"	"0.45"	"0.01"	"0.005"	"0.01"	"100000"	"10000"	"200"	"7434687530129985545"	75000	"intercept"	1.07025557
"0.65"	"0.6"	"0.45"	"0.01"	"0.005"	"0.01"	"100000"	"10000"	"200"	"7434687530129985545"	80000	"slope"	-0.70532287
"0.65"	"0.6"	"0.45"	"0.01"	"0.005"	"0.01"	"100000"	"10000"	"200"	"7434687530129985545"	80000	"intercept"	1.0641157
"0.65"	"0.6"	"0.45"	"0.01"	"0.005"	"0.01"	"100000"	"10000"	"200"	"7434687530129985545"	85000	"slope"	-0.68975004
"0.65"	"0.6"	"0.45"	"0.01"	"0.005"	"0.01"	"100000"	"10000"	"200"	"7434687530129985545"	85000	"intercept"	1.04934285
"0.65"	"0.6"	"0.45"	"0.01"	"0.005"	"0.01"	"100000"	"10000"	"200"	"7434687530129985545"	90000	"slope"	-0.716199905
"0.65"	"0.6"	"0.45"	"0.01"	"0.005"	"0.01"	"100000"	"10000"	"200"	"7434687530129985545"	90000	"intercept"	1.06418312
"0.65"	"0.6"	"0.45"	"0.01"	"0.005"	"0.01"	"100000"	"10000"	"200"	"7434687530129985545"	95000	"slope"	-0.709861485
"0.65"	"0.6"	"0.45"	"0.01"	"0.005"	"0.01"	"100000"	"10000"	"200"	"7434687530129985545"	95000	"intercept"	1.062837825
"0.65"	"0.6"	"0.45"	"0.01"	"0.005"	"0.01"	"100000"	"10000"	"200"	"7434687530129985545"	100000	"slope"	-0.708501765
"0.65"	"0.6"	"0.45"	"0.01"	"0.005"	"0.01"	"100000"	"10000"	"200"	"7434687530129985545"	100000	"intercept"	1.06862321
"0.65"	"0.8"	"0.45"	"0.01"	"0.005"	"0.01"	"100000"	"10000"	"200"	"3764469537825921526"	10	"slope"	-6.552712e-05
"0.65"	"0.8"	"0.45"	"0.01"	"0.005"	"0.01"	"100000"	"10000"	"200"	"3764469537825921526"	10	"intercept"	0.500074385
"0.65"	"0.8"	"0.45"	"0.01"	"0.005"	"0.01"	"100000"	"10000"	"200"	"3764469537825921526"	5000	"slope"	-0.03208265435
"0.65"	"0.8"	"0.45"	"0.01"	"0.005"	"0.01"	"100000"	"10000"	"200"	"3764469537825921526"	5000	"intercept"	0.62430282
"0.65"	"0.8"	"0.45"	"0.01"	"0.005"	"0.01"	"100000"	"10000"	"200"	"3764469537825921526"	10000	"slope"	-0.1823327275
"0.65"	"0.8"	"0.45"	"0.01"	"0.005"	"0.01"	"100000"	"10000"	"200"	"3764469537825921526"	10000	"intercept"	0.71836589
"0.65"	"0.8"	"0.45"	"0.01"	"0.005"	"0.01"	"100000"	"10000"	"200"	"3764469537825921526"	15000	"slope"	-0.19423091163
"0.65"	"0.8"	"0.45"	"0.01"	"0.005"	"0.01"	"100000"	"10000"	"200"	"3764469537825921526"	15000	"intercept"	0.73844028
"0.65"	"0.8"	"0.45"	"0.01"	"0.005"	"0.01"	"100000"	"10000"	"200"	"3764469537825921526"	20000	"slope"	-0.245581228645
"0.65"	"0.8"	"0.45"	"0.01"	"0.005"	"0.01"	"100000"	"10000"	"200"	"3764469537825921526"	20000	"intercept"	0.75212584
"0.65"	"0.8"	"0.45"	"0.01"	"0.005"	"0.01"	"100000"	"10000"	"200"	"3764469537825921526"	25000	"slope"	-0.2834042541
"0.65"	"0.8"	"0.45"	"0.01"	"0.005"	"0.01"	"100000"	"10000"	"200"	"3764469537825921526"	25000	"intercept"	0.729736331
"0.65"	"0.8"	"0.45"	"0.01"	"0.005"	"0.01"	"100000"	"10000"	"200"	"3764469537825921526"	30000	"slope"	-0.22447337765
"0.65"	"0.8"	"0.45"	"0.01"	"0.005"	"0.01"	"100000"	"10000"	"200"	"3764469537825921526"	30000	"intercept"	0.699575324
"0.65"	"0.8"	"0.45"	"0.01"	"0.005"	"0.01"	"100000"	"10000"	"200"	"3764469537825921526"	35000	"slope"	-0.200007003
"0.65"	"0.8"	"0.45"	"0.01"	"0.005"	"0.01"	"100000"	"10000"	"200"	"3764469537825921526"	35000	"intercept"	0.66167229
"0.65"	"0.8"	"0.45"	"0.01"	"0.005"	"0.01"	"100000"	"10000"	"200"	"3764469537825921526"	40000	"slope"	-0.23936052721
"0.65"	"0.8"	"0.45"	"0.01"	"0.005"	"0.01"	"100000"	"10000"	"200"	"3764469537825921526"	40000	"intercept"	0.64597829
"0.65"	"0.8"	"0.45"	"0.01"	"0.005"	"0.01"	"100000"	"10000"	"200"	"3764469537825921526"	45000	"slope"	-0.24011383795
"0.65"	"0.8"	"0.45"	"0.01"	"0.005"	"0.01"	"100000"	"10000"	"200"	"3764469537825921526"	45000	"intercept"	0.68174769
"0.65"	"0.8"	"0.45"	"0.01"	"0.005"	"0.01"	"100000"	"10000"	"200"	"3764469537825921526"	50000	"slope"	-0.2540238137
"0.65"	"0.8"	"0.45"	"0.01"	"0.005"	"0.01"	"100000"	"10000"	"200"	"3764469537825921526"	50000	"intercept"	0.651559705
"0.65"	"0.8"	"0.45"	"0.01"	"0.005"	"0.01"	"100000"	"10000"	"200"	"3764469537825921526"	55000	"slope"	-0.235155761075
"0.65"	"0.8"	"0.45"	"0.01"	"0.005"	"0.01"	"100000"	"10000"	"200"	"3764469537825921526"	55000	"intercept"	0.7174101
"0.65"	"0.8"	"0.45"	"0.01"	"0.005"	"0.01"	"100000"	"10000"	"200"	"3764469537825921526"	60000	"slope"	-0.27226021166
"0.65"	"0.8"	"0.45"	"0.01"	"0.005"	"0.01"	"100000"	"10000"	"200"	"3764469537825921526"	60000	"intercept"	0.659847335
"0.65"	"0.8"	"0.45"	"0.01"	"0.005"	"0.01"	"100000"	"10000"	"200"	"3764469537825921526"	65000	"slope"	-0.340454473
"0.65"	"0.8"	"0.45"	"0.01"	"0.005"	"0.01"	"100000"	"10000"	"200"	"3764469537825921526"	65000	"intercept"	0.635160585
"0.65"	"0.8"	"0.45"	"0.01"	"0.005"	"0.01"	"100000"	"10000"	"200"	"3764469537825921526"	70000	"slope"	-0.24442700945
"0.65"	"0.8"	"0.45"	"0.01"	"0.005"	"0.01"	"100000"	"10000"	"200"	"3764469537825921526"	70000	"intercept"	0.728427705
"0.65"	"0.8"	"0.45"	"0.01"	"0.005"	"0.01"	"100000"	"10000"	"200"	"3764469537825921526"	75000	"slope"	-0.254060319745
"0.65"	"0.8"	"0.45"	"0.01"	"0.005"	"0.01"	"100000"	"10000"	"200"	"3764469537825921526"	75000	"intercept"	0.688272635
"0.65"	"0.8"	"0.45"	"0.01"	"0.005"	"0.01"	"100000"	"10000"	"200"	"3764469537825921526"	80000	"slope"	-0.216940804482
"0.65"	"0.8"	"0.45"	"0.01"	"0.005"	"0.01"	"100000"	"10000"	"200"	"3764469537825921526"	80000	"intercept"	0.76223779
"0.65"	"0.8"	"0.45"	"0.01"	"0.005"	"0.01"	"100000"	"10000"	"200"	"3764469537825921526"	85000	"slope"	-0.21579394714
"0.65"	"0.8"	"0.45"	"0.01"	"0.005"	"0.01"	"100000"	"10000"	"200"	"3764469537825921526"	85000	"intercept"	0.6828003
"0.65"	"0.8"	"0.45"	"0.01"	"0.005"	"0.01"	"100000"	"10000"	"200"	"3764469537825921526"	90000	"slope"	-0.20409035175
"0.65"	"0.8"	"0.45"	"0.01"	"0.005"	"0.01"	"100000"	"10000"	"200"	"3764469537825921526"	90000	"intercept"	0.76256931
"0.65"	"0.8"	"0.45"	"0.01"	"0.005"	"0.01"	"100000"	"10000"	"200"	"3764469537825921526"	95000	"slope"	-0.27996798255
"0.65"	"0.8"	"0.45"	"0.01"	"0.005"	"0.01"	"100000"	"10000"	"200"	"3764469537825921526"	95000	"intercept"	0.688900625
"0.65"	"0.8"	"0.45"	"0.01"	"0.005"	"0.01"	"100000"	"10000"	"200"	"3764469537825921526"	100000	"slope"	-0.2456572072
"0.65"	"0.8"	"0.45"	"0.01"	"0.005"	"0.01"	"100000"	"10000"	"200"	"3764469537825921526"	100000	"intercept"	0.72425546
"0.65"	"0.8"	"0.45"	"0.01"	"0.005"	"0.01"	"100000"	"10000"	"200"	"6372789809702440383"	10	"slope"	4.730465e-05
"0.65"	"0.8"	"0.45"	"0.01"	"0.005"	"0.01"	"100000"	"10000"	"200"	"6372789809702440383"	10	"intercept"	0.500135865
"0.65"	"0.8"	"0.45"	"0.01"	"0.005"	"0.01"	"100000"	"10000"	"200"	"6372789809702440383"	5000	"slope"	-0.08292763145
"0.65"	"0.8"	"0.45"	"0.01"	"0.005"	"0.01"	"100000"	"10000"	"200"	"6372789809702440383"	5000	"intercept"	0.65523257
"0.65"	"0.8"	"0.45"	"0.01"	"0.005"	"0.01"	"100000"	"10000"	"200"	"6372789809702440383"	10000	"slope"	-0.1365621903
"0.65"	"0.8"	"0.45"	"0.01"	"0.005"	"0.01"	"100000"	"10000"	"200"	"6372789809702440383"	10000	"intercept"	0.68108459
"0.65"	"0.8"	"0.45"	"0.01"	"0.005"	"0.01"	"100000"	"10000"	"200"	"6372789809702440383"	15000	"slope"	-0.236925480435
"0.65"	"0.8"	"0.45"	"0.01"	"0.005"	"0.01"	"100000"	"10000"	"200"	"6372789809702440383"	15000	"intercept"	0.688239415
"0.65"	"0.8"	"0.45"	"0.01"	"0.005"	"0.01"	"100000"	"10000"	"200"	"6372789809702440383"	20000	"slope"	-0.21253599285
"0.65"	"0.8"	"0.45"	"0.01"	"0.005"	"0.01"	"100000"	"10000"	"200"	"6372789809702440383"	20000	"intercept"	0.71841043
"0.65"	"0.8"	"0.45"	"0.01"	"0.005"	"0.01"	"100000"	"10000"	"200"	"6372789809702440383"	25000	"slope"	-0.242152281605
"0.65"	"0.8"	"0.45"	"0.01"	"0.005"	"0.01"	"100000"	"10000"	"200"	"6372789809702440383"	25000	"intercept"	0.69613772255
"0.65"	"0.8"	"0.45"	"0.01"	"0.005"	"0.01"	"100000"	"10000"	"200"	"6372789809702440383"	30000	"slope"	-0.293346310375
"0.65"	"0.8"	"0.45"	"0.01"	"0.005"	"0.01"	"100000"	"10000"	"200"	"6372789809702440383"	30000	"intercept"	0.668516066
"0.65"	"0.8"	"0.45"	"0.01"	"0.005"	"0.01"	"100000"	"10000"	"200"	"6372789809702440383"	35000	"slope"	-0.2674670178845
"0.65"	"0.8"	"0.45"	"0.01"	"0.005"	"0.01"	"100000"	"10000"	"200"	"6372789809702440383"	35000	"intercept"	0.64835914
"0.65"	"0.8"	"0.45"	"0.01"	"0.005"	"0.01"	"100000"	"10000"	"200"	"6372789809702440383"	40000	"slope"	-0.239328663882
"0.65"	"0.8"	"0.45"	"0.01"	"0.005"	"0.01"	"100000"	"10000"	"200"	"6372789809702440383"	40000	"intercept"	0.67653428
"0.65"	"0.8"	"0.45"	"0.01"	"0.005"	"0.01"	"100000"	"10000"	"200"	"6372789809702440383"	45000	"slope"	-0.23416086805
"0.65"	"0.8"	"0.45"	"0.01"	"0.005"	"0.01"	"100000"	"10000"	"200"	"6372789809702440383"	45000	"intercept"	0.6459961
"0.65"	"0.8"	"0.45"	"0.01"	"0.005"	"0.01"	"100000"	"10000"	"200"	"6372789809702440383"	50000	"slope"	-0.195645611335
"0.65"	"0.8"	"0.45"	"0.01"	"0.005"	"0.01"	"100000"	"10000"	"200"	"6372789809702440383"	50000	"intercept"	0.71082846
"0.65"	"0.8"	"0.45"	"0.01"	"0.005"	"0.01"	"100000"	"10000"	"200"	"6372789809702440383"	55000	"slope"	-0.22774390565
"0.65"	"0.8"	"0.45"	"0.01"	"0.005"	"0.01"	"100000"	"10000"	"200"	"6372789809702440383"	55000	"intercept"	0.666280385
"0.65"	"0.8"	"0.45"	"0.01"	"0.005"	"0.01"	"100000"	"10000"	"200"	"6372789809702440383"	60000	"slope"	-0.2145544865
"0.65"	"0.8"	"0.45"	"0.01"	"0.005"	"0.01"	"100000"	"10000"	"200"	"6372789809702440383"	60000	"intercept"	0.60547175
"0.65"	"0.8"	"0.45"	"0.01"	"0.005"	"0.01"	"100000"	"10000"	"200"	"6372789809702440383"	65000	"slope"	-0.228771108015
"0.65"	"0.8"	"0.45"	"0.01"	"0.005"	"0.01"	"100000"	"10000"	"200"	"6372789809702440383"	65000	"intercept"	0.67914437
"0.65"	"0.8"	"0.45"	"0.01"	"0.005"	"0.01"	"100000"	"10000"	"200"	"6372789809702440383"	70000	"slope"	-0.27006405315
"0.65"	"0.8"	"0.45"	"0.01"	"0.005"	"0.01"	"100000"	"10000"	"200"	"6372789809702440383"	70000	"intercept"	0.721305575
"0.65"	"0.8"	"0.45"	"0.01"	"0.005"	"0.01"	"100000"	"10000"	"200"	"6372789809702440383"	75000	"slope"	-0.284734277886
"0.65"	"0.8"	"0.45"	"0.01"	"0.005"	"0.01"	"100000"	"10000"	"200"	"6372789809702440383"	75000	"intercept"	0.65129049
"0.65"	"0.8"	"0.45"	"0.01"	"0.005"	"0.01"	"100000"	"10000"	"200"	"6372789809702440383"	80000	"slope"	-0.287848909985
"0.65"	"0.8"	"0.45"	"0.01"	"0.005"	"0.01"	"100000"	"10000"	"200"	"6372789809702440383"	80000	"intercept"	0.6663236
"0.65"	"0.8"	"0.45"	"0.01"	"0.005"	"0.01"	"100000"	"10000"	"200"	"6372789809702440383"	85000	"slope"	-0.270710845425
"0.65"	"0.8"	"0.45"	"0.01"	"0.005"	"0.01"	"100000"	"10000"	"200"	"6372789809702440383"	85000	"intercept"	0.71310695
"0.65"	"0.8"	"0.45"	"0.01"	"0.005"	"0.01"	"100000"	"10000"	"200"	"6372789809702440383"	90000	"slope"	-0.2352466465
"0.65"	"0.8"	"0.45"	"0.01"	"0.005"	"0.01"	"100000"	"10000"	"200"	"6372789809702440383"	90000	"intercept"	0.73196889
"0.65"	"0.8"	"0.45"	"0.01"	"0.005"	"0.01"	"100000"	"10000"	"200"	"6372789809702440383"	95000	"slope"	-0.232860671
"0.65"	"0.8"	"0.45"	"0.01"	"0.005"	"0.01"	"100000"	"10000"	"200"	"6372789809702440383"	95000	"intercept"	0.71654144
"0.65"	"0.8"	"0.45"	"0.01"	"0.005"	"0.01"	"100000"	"10000"	"200"	"6372789809702440383"	100000	"slope"	-0.1788798025
"0.65"	"0.8"	"0.45"	"0.01"	"0.005"	"0.01"	"100000"	"10000"	"200"	"6372789809702440383"	100000	"intercept"	0.710818805
"0.65"	"0.8"	"0.45"	"0.01"	"0.005"	"0.01"	"100000"	"10000"	"200"	"7161603370804696712"	10	"slope"	0.00012552522
"0.65"	"0.8"	"0.45"	"0.01"	"0.005"	"0.01"	"100000"	"10000"	"200"	"7161603370804696712"	10	"intercept"	0.499920465
"0.65"	"0.8"	"0.45"	"0.01"	"0.005"	"0.01"	"100000"	"10000"	"200"	"7161603370804696712"	5000	"slope"	-0.06627209792
"0.65"	"0.8"	"0.45"	"0.01"	"0.005"	"0.01"	"100000"	"10000"	"200"	"7161603370804696712"	5000	"intercept"	0.64458034
"0.65"	"0.8"	"0.45"	"0.01"	"0.005"	"0.01"	"100000"	"10000"	"200"	"7161603370804696712"	10000	"slope"	-0.1680869745
"0.65"	"0.8"	"0.45"	"0.01"	"0.005"	"0.01"	"100000"	"10000"	"200"	"7161603370804696712"	10000	"intercept"	0.6894873
"0.65"	"0.8"	"0.45"	"0.01"	"0.005"	"0.01"	"100000"	"10000"	"200"	"7161603370804696712"	15000	"slope"	-0.206516687905
"0.65"	"0.8"	"0.45"	"0.01"	"0.005"	"0.01"	"100000"	"10000"	"200"	"7161603370804696712"	15000	"intercept"	0.710714835
"0.65"	"0.8"	"0.45"	"0.01"	"0.005"	"0.01"	"100000"	"10000"	"200"	"7161603370804696712"	20000	"slope"	-0.251905943355
"0.65"	"0.8"	"0.45"	"0.01"	"0.005"	"0.01"	"100000"	"10000"	"200"	"7161603370804696712"	20000	"intercept"	0.684167901
"0.65"	"0.8"	"0.45"	"0.01"	"0.005"	"0.01"	"100000"	"10000"	"200"	"7161603370804696712"	25000	"slope"	-0.315355337985
"0.65"	"0.8"	"0.45"	"0.01"	"0.005"	"0.01"	"100000"	"10000"	"200"	"7161603370804696712"	25000	"intercept"	0.681113379
"0.65"	"0.8"	"0.45"	"0.01"	"0.005"	"0.01"	"100000"	"10000"	"200"	"7161603370804696712"	30000	"slope"	-0.3035688922035
"0.65"	"0.8"	"0.45"	"0.01"	"0.005"	"0.01"	"100000"	"10000"	"200"	"7161603370804696712"	30000	"intercept"	0.699038145
"0.65"	"0.8"	"0.45"	"0.01"	"0.005"	"0.01"	"100000"	"10000"	"200"	"7161603370804696712"	35000	"slope"	-0.322812083
"0.65"	"0.8"	"0.45"	"0.01"	"0.005"	"0.01"	"100000"	"10000"	"200"	"7161603370804696712"	35000	"intercept"	0.726483005
"0.65"	"0.8"	"0.45"	"0.01"	"0.005"	"0.01"	"100000"	"10000"	"200"	"7161603370804696712"	40000	"slope"	-0.3568462365
"0.65"	"0.8"	"0.45"	"0.01"	"0.005"	"0.01"	"100000"	"10000"	"200"	"7161603370804696712"	40000	"intercept"	0.69083535
"0.65"	"0.8"	"0.45"	"0.01"	"0.005"	"0.01"	"100000"	"10000"	"200"	"7161603370804696712"	45000	"slope"	-0.30989861141
"0.65"	"0.8"	"0.45"	"0.01"	"0.005"	"0.01"	"100000"	"10000"	"200"	"7161603370804696712"	45000	"intercept"	0.750367655
"0.65"	"0.8"	"0.45"	"0.01"	"0.005"	"0.01"	"100000"	"10000"	"200"	"7161603370804696712"	50000	"slope"	-0.33417602895
"0.65"	"0.8"	"0.45"	"0.01"	"0.005"	"0.01"	"100000"	"10000"	"200"	"7161603370804696712"	50000	"intercept"	0.72524647
"0.65"	"0.8"	"0.45"	"0.01"	"0.005"	"0.01"	"100000"	"10000"	"200"	"7161603370804696712"	55000	"slope"	-0.245372957185
"0.65"	"0.8"	"0.45"	"0.01"	"0.005"	"0.01"	"100000"	"10000"	"200"	"7161603370804696712"	55000	"intercept"	0.683459125
"0.65"	"0.8"	"0.45"	"0.01"	"0.005"	"0.01"	"100000"	"10000"	"200"	"7161603370804696712"	60000	"slope"	-0.277816673155
"0.65"	"0.8"	"0.45"	"0.01"	"0.005"	"0.01"	"100000"	"10000"	"200"	"7161603370804696712"	60000	"intercept"	0.66883157
"0.65"	"0.8"	"0.45"	"0.01"	"0.005"	"0.01"	"100000"	"10000"	"200"	"7161603370804696712"	65000	"slope"	-0.25188591845
"0.65"	"0.8"	"0.45"	"0.01"	"0.005"	"0.01"	"100000"	"10000"	"200"	"7161603370804696712"	65000	"intercept"	0.711997575
"0.65"	"0.8"	"0.45"	"0.01"	"0.005"	"0.01"	"100000"	"10000"	"200"	"7161603370804696712"	70000	"slope"	-0.2810672883
"0.65"	"0.8"	"0.45"	"0.01"	"0.005"	"0.01"	"100000"	"10000"	"200"	"7161603370804696712"	70000	"intercept"	0.731862465
"0.65"	"0.8"	"0.45"	"0.01"	"0.005"	"0.01"	"100000"	"10000"	"200"	"7161603370804696712"	75000	"slope"	-0.2590418237
"0.65"	"0.8"	"0.45"	"0.01"	"0.005"	"0.01"	"100000"	"10000"	"200"	"7161603370804696712"	75000	"intercept"	0.74964017
"0.65"	"0.8"	"0.45"	"0.01"	"0.005"	"0.01"	"100000"	"10000"	"200"	"7161603370804696712"	80000	"slope"	-0.28481214535
"0.65"	"0.8"	"0.45"	"0.01"	"0.005"	"0.01"	"100000"	"10000"	"200"	"7161603370804696712"	80000	"intercept"	0.744759485
"0.65"	"0.8"	"0.45"	"0.01"	"0.005"	"0.01"	"100000"	"10000"	"200"	"7161603370804696712"	85000	"slope"	-0.2463098753
"0.65"	"0.8"	"0.45"	"0.01"	"0.005"	"0.01"	"100000"	"10000"	"200"	"7161603370804696712"	85000	"intercept"	0.793548505
"0.65"	"0.8"	"0.45"	"0.01"	"0.005"	"0.01"	"100000"	"10000"	"200"	"7161603370804696712"	90000	"slope"	-0.237117796
"0.65"	"0.8"	"0.45"	"0.01"	"0.005"	"0.01"	"100000"	"10000"	"200"	"7161603370804696712"	90000	"intercept"	0.774751675
"0.65"	"0.8"	"0.45"	"0.01"	"0.005"	"0.01"	"100000"	"10000"	"200"	"7161603370804696712"	95000	"slope"	-0.1927952925
"0.65"	"0.8"	"0.45"	"0.01"	"0.005"	"0.01"	"100000"	"10000"	"200"	"7161603370804696712"	95000	"intercept"	0.803363015
"0.65"	"0.8"	"0.45"	"0.01"	"0.005"	"0.01"	"100000"	"10000"	"200"	"7161603370804696712"	100000	"slope"	-0.22654073155
"0.65"	"0.8"	"0.45"	"0.01"	"0.005"	"0.01"	"100000"	"10000"	"200"	"7161603370804696712"	100000	"intercept"	0.75212697
"0.75"	"0.0"	"0.45"	"0.01"	"0.005"	"0.01"	"100000"	"10000"	"200"	"1616352792771585258"	10	"slope"	2.705728e-05
"0.75"	"0.0"	"0.45"	"0.01"	"0.005"	"0.01"	"100000"	"10000"	"200"	"1616352792771585258"	10	"intercept"	0.500011445
"0.75"	"0.0"	"0.45"	"0.01"	"0.005"	"0.01"	"100000"	"10000"	"200"	"1616352792771585258"	5000	"slope"	0.0600381033
"0.75"	"0.0"	"0.45"	"0.01"	"0.005"	"0.01"	"100000"	"10000"	"200"	"1616352792771585258"	5000	"intercept"	0.72045375
"0.75"	"0.0"	"0.45"	"0.01"	"0.005"	"0.01"	"100000"	"10000"	"200"	"1616352792771585258"	10000	"slope"	0.04637311955
"0.75"	"0.0"	"0.45"	"0.01"	"0.005"	"0.01"	"100000"	"10000"	"200"	"1616352792771585258"	10000	"intercept"	0.72560473
"0.75"	"0.0"	"0.45"	"0.01"	"0.005"	"0.01"	"100000"	"10000"	"200"	"1616352792771585258"	15000	"slope"	0.03584468369
"0.75"	"0.0"	"0.45"	"0.01"	"0.005"	"0.01"	"100000"	"10000"	"200"	"1616352792771585258"	15000	"intercept"	0.738668825
"0.75"	"0.0"	"0.45"	"0.01"	"0.005"	"0.01"	"100000"	"10000"	"200"	"1616352792771585258"	20000	"slope"	0.05299583455
"0.75"	"0.0"	"0.45"	"0.01"	"0.005"	"0.01"	"100000"	"10000"	"200"	"1616352792771585258"	20000	"intercept"	0.72737867
"0.75"	"0.0"	"0.45"	"0.01"	"0.005"	"0.01"	"100000"	"10000"	"200"	"1616352792771585258"	25000	"slope"	0.04728777385
"0.75"	"0.0"	"0.45"	"0.01"	"0.005"	"0.01"	"100000"	"10000"	"200"	"1616352792771585258"	25000	"intercept"	0.73017914
"0.75"	"0.0"	"0.45"	"0.01"	"0.005"	"0.01"	"100000"	"10000"	"200"	"1616352792771585258"	30000	"slope"	0.05725131713
"0.75"	"0.0"	"0.45"	"0.01"	"0.005"	"0.01"	"100000"	"10000"	"200"	"1616352792771585258"	30000	"intercept"	0.726267335
"0.75"	"0.0"	"0.45"	"0.01"	"0.005"	"0.01"	"100000"	"10000"	"200"	"1616352792771585258"	35000	"slope"	0.05649126745
"0.75"	"0.0"	"0.45"	"0.01"	"0.005"	"0.01"	"100000"	"10000"	"200"	"1616352792771585258"	35000	"intercept"	0.72014197
"0.75"	"0.0"	"0.45"	"0.01"	"0.005"	"0.01"	"100000"	"10000"	"200"	"1616352792771585258"	40000	"slope"	0.047303465905
"0.75"	"0.0"	"0.45"	"0.01"	"0.005"	"0.01"	"100000"	"10000"	"200"	"1616352792771585258"	40000	"intercept"	0.72790329
"0.75"	"0.0"	"0.45"	"0.01"	"0.005"	"0.01"	"100000"	"10000"	"200"	"1616352792771585258"	45000	"slope"	0.018313698317
"0.75"	"0.0"	"0.45"	"0.01"	"0.005"	"0.01"	"100000"	"10000"	"200"	"1616352792771585258"	45000	"intercept"	0.737517745
"0.75"	"0.0"	"0.45"	"0.01"	"0.005"	"0.01"	"100000"	"10000"	"200"	"1616352792771585258"	50000	"slope"	0.02968225552
"0.75"	"0.0"	"0.45"	"0.01"	"0.005"	"0.01"	"100000"	"10000"	"200"	"1616352792771585258"	50000	"intercept"	0.74221647
"0.75"	"0.0"	"0.45"	"0.01"	"0.005"	"0.01"	"100000"	"10000"	"200"	"1616352792771585258"	55000	"slope"	0.0580654098
"0.75"	"0.0"	"0.45"	"0.01"	"0.005"	"0.01"	"100000"	"10000"	"200"	"1616352792771585258"	55000	"intercept"	0.71795113
"0.75"	"0.0"	"0.45"	"0.01"	"0.005"	"0.01"	"100000"	"10000"	"200"	"1616352792771585258"	60000	"slope"	0.037435721065
"0.75"	"0.0"	"0.45"	"0.01"	"0.005"	"0.01"	"100000"	"10000"	"200"	"1616352792771585258"	60000	"intercept"	0.735303455
"0.75"	"0.0"	"0.45"	"0.01"	"0.005"	"0.01"	"100000"	"10000"	"200"	"1616352792771585258"	65000	"slope"	0.026680947825
"0.75"	"0.0"	"0.45"	"0.01"	"0.005"	"0.01"	"100000"	"10000"	"200"	"1616352792771585258"	65000	"intercept"	0.74103436
"0.75"	"0.0"	"0.45"	"0.01"	"0.005"	"0.01"	"100000"	"10000"	"200"	"1616352792771585258"	70000	"slope"	0.063463024427
"0.75"	"0.0"	"0.45"	"0.01"	"0.005"	"0.01"	"100000"	"10000"	"200"	"1616352792771585258"	70000	"intercept"	0.717184905
"0.75"	"0.0"	"0.45"	"0.01"	"0.005"	"0.01"	"100000"	"10000"	"200"	"1616352792771585258"	75000	"slope"	0.05197674975
"0.75"	"0.0"	"0.45"	"0.01"	"0.005"	"0.01"	"100000"	"10000"	"200"	"1616352792771585258"	75000	"intercept"	0.73110919
"0.75"	"0.0"	"0.45"	"0.01"	"0.005"	"0.01"	"100000"	"10000"	"200"	"1616352792771585258"	80000	"slope"	0.047692132835
"0.75"	"0.0"	"0.45"	"0.01"	"0.005"	"0.01"	"100000"	"10000"	"200"	"1616352792771585258"	80000	"intercept"	0.72504071
"0.75"	"0.0"	"0.45"	"0.01"	"0.005"	"0.01"	"100000"	"10000"	"200"	"1616352792771585258"	85000	"slope"	0.05174366895
"0.75"	"0.0"	"0.45"	"0.01"	"0.005"	"0.01"	"100000"	"10000"	"200"	"1616352792771585258"	85000	"intercept"	0.72504136
"0.75"	"0.0"	"0.45"	"0.01"	"0.005"	"0.01"	"100000"	"10000"	"200"	"1616352792771585258"	90000	"slope"	0.034841434055
"0.75"	"0.0"	"0.45"	"0.01"	"0.005"	"0.01"	"100000"	"10000"	"200"	"1616352792771585258"	90000	"intercept"	0.735372005
"0.75"	"0.0"	"0.45"	"0.01"	"0.005"	"0.01"	"100000"	"10000"	"200"	"1616352792771585258"	95000	"slope"	0.05686330622
"0.75"	"0.0"	"0.45"	"0.01"	"0.005"	"0.01"	"100000"	"10000"	"200"	"1616352792771585258"	95000	"intercept"	0.720644705
"0.75"	"0.0"	"0.45"	"0.01"	"0.005"	"0.01"	"100000"	"10000"	"200"	"1616352792771585258"	100000	"slope"	0.0570143558
"0.75"	"0.0"	"0.45"	"0.01"	"0.005"	"0.01"	"100000"	"10000"	"200"	"1616352792771585258"	100000	"intercept"	0.71538829
"0.75"	"0.0"	"0.45"	"0.01"	"0.005"	"0.01"	"100000"	"10000"	"200"	"4762471639067564930"	10	"slope"	-7.97381e-05
"0.75"	"0.0"	"0.45"	"0.01"	"0.005"	"0.01"	"100000"	"10000"	"200"	"4762471639067564930"	10	"intercept"	0.499934705
"0.75"	"0.0"	"0.45"	"0.01"	"0.005"	"0.01"	"100000"	"10000"	"200"	"4762471639067564930"	5000	"slope"	0.0575478028
"0.75"	"0.0"	"0.45"	"0.01"	"0.005"	"0.01"	"100000"	"10000"	"200"	"4762471639067564930"	5000	"intercept"	0.72135966
"0.75"	"0.0"	"0.45"	"0.01"	"0.005"	"0.01"	"100000"	"10000"	"200"	"4762471639067564930"	10000	"slope"	0.06561944001
"0.75"	"0.0"	"0.45"	"0.01"	"0.005"	"0.01"	"100000"	"10000"	"200"	"4762471639067564930"	10000	"intercept"	0.71371185
"0.75"	"0.0"	"0.45"	"0.01"	"0.005"	"0.01"	"100000"	"10000"	"200"	"4762471639067564930"	15000	"slope"	0.044196383435
"0.75"	"0.0"	"0.45"	"0.01"	"0.005"	"0.01"	"100000"	"10000"	"200"	"4762471639067564930"	15000	"intercept"	0.73184145
"0.75"	"0.0"	"0.45"	"0.01"	"0.005"	"0.01"	"100000"	"10000"	"200"	"4762471639067564930"	20000	"slope"	0.07200943615
"0.75"	"0.0"	"0.45"	"0.01"	"0.005"	"0.01"	"100000"	"10000"	"200"	"4762471639067564930"	20000	"intercept"	0.71280488
"0.75"	"0.0"	"0.45"	"0.01"	"0.005"	"0.01"	"100000"	"10000"	"200"	"4762471639067564930"	25000	"slope"	0.0448471702
"0.75"	"0.0"	"0.45"	"0.01"	"0.005"	"0.01"	"100000"	"10000"	"200"	"4762471639067564930"	25000	"intercept"	0.727821485
"0.75"	"0.0"	"0.45"	"0.01"	"0.005"	"0.01"	"100000"	"10000"	"200"	"4762471639067564930"	30000	"slope"	0.03658287795
"0.75"	"0.0"	"0.45"	"0.01"	"0.005"	"0.01"	"100000"	"10000"	"200"	"4762471639067564930"	30000	"intercept"	0.733514305
"0.75"	"0.0"	"0.45"	"0.01"	"0.005"	"0.01"	"100000"	"10000"	"200"	"4762471639067564930"	35000	"slope"	0.02298250543
"0.75"	"0.0"	"0.45"	"0.01"	"0.005"	"0.01"	"100000"	"10000"	"200"	"4762471639067564930"	35000	"intercept"	0.74128667
"0.75"	"0.0"	"0.45"	"0.01"	"0.005"	"0.01"	"100000"	"10000"	"200"	"4762471639067564930"	40000	"slope"	0.0510483265
"0.75"	"0.0"	"0.45"	"0.01"	"0.005"	"0.01"	"100000"	"10000"	"200"	"4762471639067564930"	40000	"intercept"	0.721040575
"0.75"	"0.0"	"0.45"	"0.01"	"0.005"	"0.01"	"100000"	"10000"	"200"	"4762471639067564930"	45000	"slope"	0.026520146745
"0.75"	"0.0"	"0.45"	"0.01"	"0.005"	"0.01"	"100000"	"10000"	"200"	"4762471639067564930"	45000	"intercept"	0.74152199
"0.75"	"0.0"	"0.45"	"0.01"	"0.005"	"0.01"	"100000"	"10000"	"200"	"4762471639067564930"	50000	"slope"	0.02476158938
"0.75"	"0.0"	"0.45"	"0.01"	"0.005"	"0.01"	"100000"	"10000"	"200"	"4762471639067564930"	50000	"intercept"	0.742206555
"0.75"	"0.0"	"0.45"	"0.01"	"0.005"	"0.01"	"100000"	"10000"	"200"	"4762471639067564930"	55000	"slope"	0.002339525561
"0.75"	"0.0"	"0.45"	"0.01"	"0.005"	"0.01"	"100000"	"10000"	"200"	"4762471639067564930"	55000	"intercept"	0.75710211
"0.75"	"0.0"	"0.45"	"0.01"	"0.005"	"0.01"	"100000"	"10000"	"200"	"4762471639067564930"	60000	"slope"	0.02236169821
"0.75"	"0.0"	"0.45"	"0.01"	"0.005"	"0.01"	"100000"	"10000"	"200"	"4762471639067564930"	60000	"intercept"	0.74612934
"0.75"	"0.0"	"0.45"	"0.01"	"0.005"	"0.01"	"100000"	"10000"	"200"	"4762471639067564930"	65000	"slope"	0.06127653435
"0.75"	"0.0"	"0.45"	"0.01"	"0.005"	"0.01"	"100000"	"10000"	"200"	"4762471639067564930"	65000	"intercept"	0.723600745
"0.75"	"0.0"	"0.45"	"0.01"	"0.005"	"0.01"	"100000"	"10000"	"200"	"4762471639067564930"	70000	"slope"	0.02316662369
"0.75"	"0.0"	"0.45"	"0.01"	"0.005"	"0.01"	"100000"	"10000"	"200"	"4762471639067564930"	70000	"intercept"	0.743652345
"0.75"	"0.0"	"0.45"	"0.01"	"0.005"	"0.01"	"100000"	"10000"	"200"	"4762471639067564930"	75000	"slope"	0.01718133692
"0.75"	"0.0"	"0.45"	"0.01"	"0.005"	"0.01"	"100000"	"10000"	"200"	"4762471639067564930"	75000	"intercept"	0.74258315
"0.75"	"0.0"	"0.45"	"0.01"	"0.005"	"0.01"	"100000"	"10000"	"200"	"4762471639067564930"	80000	"slope"	0.01966710555
"0.75"	"0.0"	"0.45"	"0.01"	"0.005"	"0.01"	"100000"	"10000"	"200"	"4762471639067564930"	80000	"intercept"	0.746273695
"0.75"	"0.0"	"0.45"	"0.01"	"0.005"	"0.01"	"100000"	"10000"	"200"	"4762471639067564930"	85000	"slope"	0.0169770486
"0.75"	"0.0"	"0.45"	"0.01"	"0.005"	"0.01"	"100000"	"10000"	"200"	"4762471639067564930"	85000	"intercept"	0.750001295
"0.75"	"0.0"	"0.45"	"0.01"	"0.005"	"0.01"	"100000"	"10000"	"200"	"4762471639067564930"	90000	"slope"	0.0442007893
"0.75"	"0.0"	"0.45"	"0.01"	"0.005"	"0.01"	"100000"	"10000"	"200"	"4762471639067564930"	90000	"intercept"	0.727057085
"0.75"	"0.0"	"0.45"	"0.01"	"0.005"	"0.01"	"100000"	"10000"	"200"	"4762471639067564930"	95000	"slope"	0.042851618755
"0.75"	"0.0"	"0.45"	"0.01"	"0.005"	"0.01"	"100000"	"10000"	"200"	"4762471639067564930"	95000	"intercept"	0.724152105
"0.75"	"0.0"	"0.45"	"0.01"	"0.005"	"0.01"	"100000"	"10000"	"200"	"4762471639067564930"	100000	"slope"	0.02784806733
"0.75"	"0.0"	"0.45"	"0.01"	"0.005"	"0.01"	"100000"	"10000"	"200"	"4762471639067564930"	100000	"intercept"	0.738643935
"0.75"	"0.0"	"0.45"	"0.01"	"0.005"	"0.01"	"100000"	"10000"	"200"	"7341831352290631619"	10	"slope"	-0.00010170207485
"0.75"	"0.0"	"0.45"	"0.01"	"0.005"	"0.01"	"100000"	"10000"	"200"	"7341831352290631619"	10	"intercept"	0.500024645
"0.75"	"0.0"	"0.45"	"0.01"	"0.005"	"0.01"	"100000"	"10000"	"200"	"7341831352290631619"	5000	"slope"	0.040179586715
"0.75"	"0.0"	"0.45"	"0.01"	"0.005"	"0.01"	"100000"	"10000"	"200"	"7341831352290631619"	5000	"intercept"	0.7340167
"0.75"	"0.0"	"0.45"	"0.01"	"0.005"	"0.01"	"100000"	"10000"	"200"	"7341831352290631619"	10000	"slope"	0.0654312015
"0.75"	"0.0"	"0.45"	"0.01"	"0.005"	"0.01"	"100000"	"10000"	"200"	"7341831352290631619"	10000	"intercept"	0.718686505
"0.75"	"0.0"	"0.45"	"0.01"	"0.005"	"0.01"	"100000"	"10000"	"200"	"7341831352290631619"	15000	"slope"	0.056352147165
"0.75"	"0.0"	"0.45"	"0.01"	"0.005"	"0.01"	"100000"	"10000"	"200"	"7341831352290631619"	15000	"intercept"	0.722683345
"0.75"	"0.0"	"0.45"	"0.01"	"0.005"	"0.01"	"100000"	"10000"	"200"	"7341831352290631619"	20000	"slope"	0.039509723695
"0.75"	"0.0"	"0.45"	"0.01"	"0.005"	"0.01"	"100000"	"10000"	"200"	"7341831352290631619"	20000	"intercept"	0.73093835
"0.75"	"0.0"	"0.45"	"0.01"	"0.005"	"0.01"	"100000"	"10000"	"200"	"7341831352290631619"	25000	"slope"	0.017188617405
"0.75"	"0.0"	"0.45"	"0.01"	"0.005"	"0.01"	"100000"	"10000"	"200"	"7341831352290631619"	25000	"intercept"	0.737593775
"0.75"	"0.0"	"0.45"	"0.01"	"0.005"	"0.01"	"100000"	"10000"	"200"	"7341831352290631619"	30000	"slope"	0.04062192229
"0.75"	"0.0"	"0.45"	"0.01"	"0.005"	"0.01"	"100000"	"10000"	"200"	"7341831352290631619"	30000	"intercept"	0.73186925
"0.75"	"0.0"	"0.45"	"0.01"	"0.005"	"0.01"	"100000"	"10000"	"200"	"7341831352290631619"	35000	"slope"	0.0642931181
"0.75"	"0.0"	"0.45"	"0.01"	"0.005"	"0.01"	"100000"	"10000"	"200"	"7341831352290631619"	35000	"intercept"	0.719302445
"0.75"	"0.0"	"0.45"	"0.01"	"0.005"	"0.01"	"100000"	"10000"	"200"	"7341831352290631619"	40000	"slope"	0.02868031114
"0.75"	"0.0"	"0.45"	"0.01"	"0.005"	"0.01"	"100000"	"10000"	"200"	"7341831352290631619"	40000	"intercept"	0.73191157
"0.75"	"0.0"	"0.45"	"0.01"	"0.005"	"0.01"	"100000"	"10000"	"200"	"7341831352290631619"	45000	"slope"	-0.00424607288
"0.75"	"0.0"	"0.45"	"0.01"	"0.005"	"0.01"	"100000"	"10000"	"200"	"7341831352290631619"	45000	"intercept"	0.754400225
"0.75"	"0.0"	"0.45"	"0.01"	"0.005"	"0.01"	"100000"	"10000"	"200"	"7341831352290631619"	50000	"slope"	0.03274003799
"0.75"	"0.0"	"0.45"	"0.01"	"0.005"	"0.01"	"100000"	"10000"	"200"	"7341831352290631619"	50000	"intercept"	0.73238874
"0.75"	"0.0"	"0.45"	"0.01"	"0.005"	"0.01"	"100000"	"10000"	"200"	"7341831352290631619"	55000	"slope"	0.036845554955
"0.75"	"0.0"	"0.45"	"0.01"	"0.005"	"0.01"	"100000"	"10000"	"200"	"7341831352290631619"	55000	"intercept"	0.733785555
"0.75"	"0.0"	"0.45"	"0.01"	"0.005"	"0.01"	"100000"	"10000"	"200"	"7341831352290631619"	60000	"slope"	-0.0135939237598
"0.75"	"0.0"	"0.45"	"0.01"	"0.005"	"0.01"	"100000"	"10000"	"200"	"7341831352290631619"	60000	"intercept"	0.76093244
"0.75"	"0.0"	"0.45"	"0.01"	"0.005"	"0.01"	"100000"	"10000"	"200"	"7341831352290631619"	65000	"slope"	0.031068776475
"0.75"	"0.0"	"0.45"	"0.01"	"0.005"	"0.01"	"100000"	"10000"	"200"	"7341831352290631619"	65000	"intercept"	0.73166471
"0.75"	"0.0"	"0.45"	"0.01"	"0.005"	"0.01"	"100000"	"10000"	"200"	"7341831352290631619"	70000	"slope"	0.0906882941
"0.75"	"0.0"	"0.45"	"0.01"	"0.005"	"0.01"	"100000"	"10000"	"200"	"7341831352290631619"	70000	"intercept"	0.695031045
"0.75"	"0.0"	"0.45"	"0.01"	"0.005"	"0.01"	"100000"	"10000"	"200"	"7341831352290631619"	75000	"slope"	0.032126552424
"0.75"	"0.0"	"0.45"	"0.01"	"0.005"	"0.01"	"100000"	"10000"	"200"	"7341831352290631619"	75000	"intercept"	0.74055489
"0.75"	"0.0"	"0.45"	"0.01"	"0.005"	"0.01"	"100000"	"10000"	"200"	"7341831352290631619"	80000	"slope"	0.037849536875
"0.75"	"0.0"	"0.45"	"0.01"	"0.005"	"0.01"	"100000"	"10000"	"200"	"7341831352290631619"	80000	"intercept"	0.733925295
"0.75"	"0.0"	"0.45"	"0.01"	"0.005"	"0.01"	"100000"	"10000"	"200"	"7341831352290631619"	85000	"slope"	0.059234723626
"0.75"	"0.0"	"0.45"	"0.01"	"0.005"	"0.01"	"100000"	"10000"	"200"	"7341831352290631619"	85000	"intercept"	0.72526007
"0.75"	"0.0"	"0.45"	"0.01"	"0.005"	"0.01"	"100000"	"10000"	"200"	"7341831352290631619"	90000	"slope"	0.04965401755
"0.75"	"0.0"	"0.45"	"0.01"	"0.005"	"0.01"	"100000"	"10000"	"200"	"7341831352290631619"	90000	"intercept"	0.72746973
"0.75"	"0.0"	"0.45"	"0.01"	"0.005"	"0.01"	"100000"	"10000"	"200"	"7341831352290631619"	95000	"slope"	0.031611379025
"0.75"	"0.0"	"0.45"	"0.01"	"0.005"	"0.01"	"100000"	"10000"	"200"	"7341831352290631619"	95000	"intercept"	0.729629055
"0.75"	"0.0"	"0.45"	"0.01"	"0.005"	"0.01"	"100000"	"10000"	"200"	"7341831352290631619"	100000	"slope"	0.01988695949
"0.75"	"0.0"	"0.45"	"0.01"	"0.005"	"0.01"	"100000"	"10000"	"200"	"7341831352290631619"	100000	"intercept"	0.745862995
"0.75"	"0.4"	"0.45"	"0.01"	"0.005"	"0.01"	"100000"	"10000"	"200"	"2498590572480659651"	10	"slope"	0.00019059338
"0.75"	"0.4"	"0.45"	"0.01"	"0.005"	"0.01"	"100000"	"10000"	"200"	"2498590572480659651"	10	"intercept"	0.500449455
"0.75"	"0.4"	"0.45"	"0.01"	"0.005"	"0.01"	"100000"	"10000"	"200"	"2498590572480659651"	5000	"slope"	0.02342621582
"0.75"	"0.4"	"0.45"	"0.01"	"0.005"	"0.01"	"100000"	"10000"	"200"	"2498590572480659651"	5000	"intercept"	0.71390137
"0.75"	"0.4"	"0.45"	"0.01"	"0.005"	"0.01"	"100000"	"10000"	"200"	"2498590572480659651"	10000	"slope"	-0.04869230205
"0.75"	"0.4"	"0.45"	"0.01"	"0.005"	"0.01"	"100000"	"10000"	"200"	"2498590572480659651"	10000	"intercept"	0.75922018
"0.75"	"0.4"	"0.45"	"0.01"	"0.005"	"0.01"	"100000"	"10000"	"200"	"2498590572480659651"	15000	"slope"	-0.0859725618
"0.75"	"0.4"	"0.45"	"0.01"	"0.005"	"0.01"	"100000"	"10000"	"200"	"2498590572480659651"	15000	"intercept"	0.773002015
"0.75"	"0.4"	"0.45"	"0.01"	"0.005"	"0.01"	"100000"	"10000"	"200"	"2498590572480659651"	20000	"slope"	-0.157430972
"0.75"	"0.4"	"0.45"	"0.01"	"0.005"	"0.01"	"100000"	"10000"	"200"	"2498590572480659651"	20000	"intercept"	0.81945725
"0.75"	"0.4"	"0.45"	"0.01"	"0.005"	"0.01"	"100000"	"10000"	"200"	"2498590572480659651"	25000	"slope"	-0.1560032475
"0.75"	"0.4"	"0.45"	"0.01"	"0.005"	"0.01"	"100000"	"10000"	"200"	"2498590572480659651"	25000	"intercept"	0.82627939
"0.75"	"0.4"	"0.45"	"0.01"	"0.005"	"0.01"	"100000"	"10000"	"200"	"2498590572480659651"	30000	"slope"	-0.1655388665
"0.75"	"0.4"	"0.45"	"0.01"	"0.005"	"0.01"	"100000"	"10000"	"200"	"2498590572480659651"	30000	"intercept"	0.824681235
"0.75"	"0.4"	"0.45"	"0.01"	"0.005"	"0.01"	"100000"	"10000"	"200"	"2498590572480659651"	35000	"slope"	-0.1687048635
"0.75"	"0.4"	"0.45"	"0.01"	"0.005"	"0.01"	"100000"	"10000"	"200"	"2498590572480659651"	35000	"intercept"	0.827697625
"0.75"	"0.4"	"0.45"	"0.01"	"0.005"	"0.01"	"100000"	"10000"	"200"	"2498590572480659651"	40000	"slope"	-0.125938644
"0.75"	"0.4"	"0.45"	"0.01"	"0.005"	"0.01"	"100000"	"10000"	"200"	"2498590572480659651"	40000	"intercept"	0.80876709
"0.75"	"0.4"	"0.45"	"0.01"	"0.005"	"0.01"	"100000"	"10000"	"200"	"2498590572480659651"	45000	"slope"	-0.149026833
"0.75"	"0.4"	"0.45"	"0.01"	"0.005"	"0.01"	"100000"	"10000"	"200"	"2498590572480659651"	45000	"intercept"	0.81830143
"0.75"	"0.4"	"0.45"	"0.01"	"0.005"	"0.01"	"100000"	"10000"	"200"	"2498590572480659651"	50000	"slope"	-0.159444891
"0.75"	"0.4"	"0.45"	"0.01"	"0.005"	"0.01"	"100000"	"10000"	"200"	"2498590572480659651"	50000	"intercept"	0.824006875
"0.75"	"0.4"	"0.45"	"0.01"	"0.005"	"0.01"	"100000"	"10000"	"200"	"2498590572480659651"	55000	"slope"	-0.181780325
"0.75"	"0.4"	"0.45"	"0.01"	"0.005"	"0.01"	"100000"	"10000"	"200"	"2498590572480659651"	55000	"intercept"	0.836961055
"0.75"	"0.4"	"0.45"	"0.01"	"0.005"	"0.01"	"100000"	"10000"	"200"	"2498590572480659651"	60000	"slope"	-0.157539775
"0.75"	"0.4"	"0.45"	"0.01"	"0.005"	"0.01"	"100000"	"10000"	"200"	"2498590572480659651"	60000	"intercept"	0.82046546
"0.75"	"0.4"	"0.45"	"0.01"	"0.005"	"0.01"	"100000"	"10000"	"200"	"2498590572480659651"	65000	"slope"	-0.1516424975
"0.75"	"0.4"	"0.45"	"0.01"	"0.005"	"0.01"	"100000"	"10000"	"200"	"2498590572480659651"	65000	"intercept"	0.827581785
"0.75"	"0.4"	"0.45"	"0.01"	"0.005"	"0.01"	"100000"	"10000"	"200"	"2498590572480659651"	70000	"slope"	-0.123355594
"0.75"	"0.4"	"0.45"	"0.01"	"0.005"	"0.01"	"100000"	"10000"	"200"	"2498590572480659651"	70000	"intercept"	0.802144745
"0.75"	"0.4"	"0.45"	"0.01"	"0.005"	"0.01"	"100000"	"10000"	"200"	"2498590572480659651"	75000	"slope"	-0.1340809895
"0.75"	"0.4"	"0.45"	"0.01"	"0.005"	"0.01"	"100000"	"10000"	"200"	"2498590572480659651"	75000	"intercept"	0.80254467
"0.75"	"0.4"	"0.45"	"0.01"	"0.005"	"0.01"	"100000"	"10000"	"200"	"2498590572480659651"	80000	"slope"	-0.132874913
"0.75"	"0.4"	"0.45"	"0.01"	"0.005"	"0.01"	"100000"	"10000"	"200"	"2498590572480659651"	80000	"intercept"	0.80584761
"0.75"	"0.4"	"0.45"	"0.01"	"0.005"	"0.01"	"100000"	"10000"	"200"	"2498590572480659651"	85000	"slope"	-0.1425448185
"0.75"	"0.4"	"0.45"	"0.01"	"0.005"	"0.01"	"100000"	"10000"	"200"	"2498590572480659651"	85000	"intercept"	0.808862765
"0.75"	"0.4"	"0.45"	"0.01"	"0.005"	"0.01"	"100000"	"10000"	"200"	"2498590572480659651"	90000	"slope"	-0.1233977815
"0.75"	"0.4"	"0.45"	"0.01"	"0.005"	"0.01"	"100000"	"10000"	"200"	"2498590572480659651"	90000	"intercept"	0.79924653
"0.75"	"0.4"	"0.45"	"0.01"	"0.005"	"0.01"	"100000"	"10000"	"200"	"2498590572480659651"	95000	"slope"	-0.1457374935
"0.75"	"0.4"	"0.45"	"0.01"	"0.005"	"0.01"	"100000"	"10000"	"200"	"2498590572480659651"	95000	"intercept"	0.81169723
"0.75"	"0.4"	"0.45"	"0.01"	"0.005"	"0.01"	"100000"	"10000"	"200"	"2498590572480659651"	100000	"slope"	-0.1385348775
"0.75"	"0.4"	"0.45"	"0.01"	"0.005"	"0.01"	"100000"	"10000"	"200"	"2498590572480659651"	100000	"intercept"	0.808720895
"0.75"	"0.4"	"0.45"	"0.01"	"0.005"	"0.01"	"100000"	"10000"	"200"	"5369739488393362671"	10	"slope"	-0.00018573618
"0.75"	"0.4"	"0.45"	"0.01"	"0.005"	"0.01"	"100000"	"10000"	"200"	"5369739488393362671"	10	"intercept"	0.500050505
"0.75"	"0.4"	"0.45"	"0.01"	"0.005"	"0.01"	"100000"	"10000"	"200"	"5369739488393362671"	5000	"slope"	0.085340311
"0.75"	"0.4"	"0.45"	"0.01"	"0.005"	"0.01"	"100000"	"10000"	"200"	"5369739488393362671"	5000	"intercept"	0.679941085
"0.75"	"0.4"	"0.45"	"0.01"	"0.005"	"0.01"	"100000"	"10000"	"200"	"5369739488393362671"	10000	"slope"	0.008082658885
"0.75"	"0.4"	"0.45"	"0.01"	"0.005"	"0.01"	"100000"	"10000"	"200"	"5369739488393362671"	10000	"intercept"	0.72796115
"0.75"	"0.4"	"0.45"	"0.01"	"0.005"	"0.01"	"100000"	"10000"	"200"	"5369739488393362671"	15000	"slope"	-0.0727401859625
"0.75"	"0.4"	"0.45"	"0.01"	"0.005"	"0.01"	"100000"	"10000"	"200"	"5369739488393362671"	15000	"intercept"	0.77219324
"0.75"	"0.4"	"0.45"	"0.01"	"0.005"	"0.01"	"100000"	"10000"	"200"	"5369739488393362671"	20000	"slope"	-0.1082406845
"0.75"	"0.4"	"0.45"	"0.01"	"0.005"	"0.01"	"100000"	"10000"	"200"	"5369739488393362671"	20000	"intercept"	0.79000146
"0.75"	"0.4"	"0.45"	"0.01"	"0.005"	"0.01"	"100000"	"10000"	"200"	"5369739488393362671"	25000	"slope"	-0.1134355573
"0.75"	"0.4"	"0.45"	"0.01"	"0.005"	"0.01"	"100000"	"10000"	"200"	"5369739488393362671"	25000	"intercept"	0.79749226
"0.75"	"0.4"	"0.45"	"0.01"	"0.005"	"0.01"	"100000"	"10000"	"200"	"5369739488393362671"	30000	"slope"	-0.1570070555
"0.75"	"0.4"	"0.45"	"0.01"	"0.005"	"0.01"	"100000"	"10000"	"200"	"5369739488393362671"	30000	"intercept"	0.82456405
"0.75"	"0.4"	"0.45"	"0.01"	"0.005"	"0.01"	"100000"	"10000"	"200"	"5369739488393362671"	35000	"slope"	-0.1725633085
"0.75"	"0.4"	"0.45"	"0.01"	"0.005"	"0.01"	"100000"	"10000"	"200"	"5369739488393362671"	35000	"intercept"	0.832401175
"0.75"	"0.4"	"0.45"	"0.01"	"0.005"	"0.01"	"100000"	"10000"	"200"	"5369739488393362671"	40000	"slope"	-0.1313898835
"0.75"	"0.4"	"0.45"	"0.01"	"0.005"	"0.01"	"100000"	"10000"	"200"	"5369739488393362671"	40000	"intercept"	0.802756415
"0.75"	"0.4"	"0.45"	"0.01"	"0.005"	"0.01"	"100000"	"10000"	"200"	"5369739488393362671"	45000	"slope"	-0.1398899055
"0.75"	"0.4"	"0.45"	"0.01"	"0.005"	"0.01"	"100000"	"10000"	"200"	"5369739488393362671"	45000	"intercept"	0.807662175
"0.75"	"0.4"	"0.45"	"0.01"	"0.005"	"0.01"	"100000"	"10000"	"200"	"5369739488393362671"	50000	"slope"	-0.110536815
"0.75"	"0.4"	"0.45"	"0.01"	"0.005"	"0.01"	"100000"	"10000"	"200"	"5369739488393362671"	50000	"intercept"	0.795497125
"0.75"	"0.4"	"0.45"	"0.01"	"0.005"	"0.01"	"100000"	"10000"	"200"	"5369739488393362671"	55000	"slope"	-0.127689513
"0.75"	"0.4"	"0.45"	"0.01"	"0.005"	"0.01"	"100000"	"10000"	"200"	"5369739488393362671"	55000	"intercept"	0.80217742
"0.75"	"0.4"	"0.45"	"0.01"	"0.005"	"0.01"	"100000"	"10000"	"200"	"5369739488393362671"	60000	"slope"	-0.1350745745
"0.75"	"0.4"	"0.45"	"0.01"	"0.005"	"0.01"	"100000"	"10000"	"200"	"5369739488393362671"	60000	"intercept"	0.80437259
"0.75"	"0.4"	"0.45"	"0.01"	"0.005"	"0.01"	"100000"	"10000"	"200"	"5369739488393362671"	65000	"slope"	-0.1575447945
"0.75"	"0.4"	"0.45"	"0.01"	"0.005"	"0.01"	"100000"	"10000"	"200"	"5369739488393362671"	65000	"intercept"	0.816998955
"0.75"	"0.4"	"0.45"	"0.01"	"0.005"	"0.01"	"100000"	"10000"	"200"	"5369739488393362671"	70000	"slope"	-0.1596764175
"0.75"	"0.4"	"0.45"	"0.01"	"0.005"	"0.01"	"100000"	"10000"	"200"	"5369739488393362671"	70000	"intercept"	0.82796236
"0.75"	"0.4"	"0.45"	"0.01"	"0.005"	"0.01"	"100000"	"10000"	"200"	"5369739488393362671"	75000	"slope"	-0.1626027655
"0.75"	"0.4"	"0.45"	"0.01"	"0.005"	"0.01"	"100000"	"10000"	"200"	"5369739488393362671"	75000	"intercept"	0.82208378
"0.75"	"0.4"	"0.45"	"0.01"	"0.005"	"0.01"	"100000"	"10000"	"200"	"5369739488393362671"	80000	"slope"	-0.151509603
"0.75"	"0.4"	"0.45"	"0.01"	"0.005"	"0.01"	"100000"	"10000"	"200"	"5369739488393362671"	80000	"intercept"	0.821410985
"0.75"	"0.4"	"0.45"	"0.01"	"0.005"	"0.01"	"100000"	"10000"	"200"	"5369739488393362671"	85000	"slope"	-0.200647495
"0.75"	"0.4"	"0.45"	"0.01"	"0.005"	"0.01"	"100000"	"10000"	"200"	"5369739488393362671"	85000	"intercept"	0.84717124
"0.75"	"0.4"	"0.45"	"0.01"	"0.005"	"0.01"	"100000"	"10000"	"200"	"5369739488393362671"	90000	"slope"	-0.18010968
"0.75"	"0.4"	"0.45"	"0.01"	"0.005"	"0.01"	"100000"	"10000"	"200"	"5369739488393362671"	90000	"intercept"	0.83020305
"0.75"	"0.4"	"0.45"	"0.01"	"0.005"	"0.01"	"100000"	"10000"	"200"	"5369739488393362671"	95000	"slope"	-0.1706298065
"0.75"	"0.4"	"0.45"	"0.01"	"0.005"	"0.01"	"100000"	"10000"	"200"	"5369739488393362671"	95000	"intercept"	0.830221085
"0.75"	"0.4"	"0.45"	"0.01"	"0.005"	"0.01"	"100000"	"10000"	"200"	"5369739488393362671"	100000	"slope"	-0.1442906515
"0.75"	"0.4"	"0.45"	"0.01"	"0.005"	"0.01"	"100000"	"10000"	"200"	"5369739488393362671"	100000	"intercept"	0.809787075
"0.75"	"0.4"	"0.45"	"0.01"	"0.005"	"0.01"	"100000"	"10000"	"200"	"8585221603936850648"	10	"slope"	3.734106e-05
"0.75"	"0.4"	"0.45"	"0.01"	"0.005"	"0.01"	"100000"	"10000"	"200"	"8585221603936850648"	10	"intercept"	0.50003298
"0.75"	"0.4"	"0.45"	"0.01"	"0.005"	"0.01"	"100000"	"10000"	"200"	"8585221603936850648"	5000	"slope"	0.023720273065
"0.75"	"0.4"	"0.45"	"0.01"	"0.005"	"0.01"	"100000"	"10000"	"200"	"8585221603936850648"	5000	"intercept"	0.726950405
"0.75"	"0.4"	"0.45"	"0.01"	"0.005"	"0.01"	"100000"	"10000"	"200"	"8585221603936850648"	10000	"slope"	-0.0574306635
"0.75"	"0.4"	"0.45"	"0.01"	"0.005"	"0.01"	"100000"	"10000"	"200"	"8585221603936850648"	10000	"intercept"	0.768869805
"0.75"	"0.4"	"0.45"	"0.01"	"0.005"	"0.01"	"100000"	"10000"	"200"	"8585221603936850648"	15000	"slope"	-0.1008383595
"0.75"	"0.4"	"0.45"	"0.01"	"0.005"	"0.01"	"100000"	"10000"	"200"	"8585221603936850648"	15000	"intercept"	0.797331205
"0.75"	"0.4"	"0.45"	"0.01"	"0.005"	"0.01"	"100000"	"10000"	"200"	"8585221603936850648"	20000	"slope"	-0.11115695575
"0.75"	"0.4"	"0.45"	"0.01"	"0.005"	"0.01"	"100000"	"10000"	"200"	"8585221603936850648"	20000	"intercept"	0.78995369
"0.75"	"0.4"	"0.45"	"0.01"	"0.005"	"0.01"	"100000"	"10000"	"200"	"8585221603936850648"	25000	"slope"	-0.1493279085
"0.75"	"0.4"	"0.45"	"0.01"	"0.005"	"0.01"	"100000"	"10000"	"200"	"8585221603936850648"	25000	"intercept"	0.81630909
"0.75"	"0.4"	"0.45"	"0.01"	"0.005"	"0.01"	"100000"	"10000"	"200"	"8585221603936850648"	30000	"slope"	-0.129379595
"0.75"	"0.4"	"0.45"	"0.01"	"0.005"	"0.01"	"100000"	"10000"	"200"	"8585221603936850648"	30000	"intercept"	0.80986204
"0.75"	"0.4"	"0.45"	"0.01"	"0.005"	"0.01"	"100000"	"10000"	"200"	"8585221603936850648"	35000	"slope"	-0.1608321525
"0.75"	"0.4"	"0.45"	"0.01"	"0.005"	"0.01"	"100000"	"10000"	"200"	"8585221603936850648"	35000	"intercept"	0.82145859
"0.75"	"0.4"	"0.45"	"0.01"	"0.005"	"0.01"	"100000"	"10000"	"200"	"8585221603936850648"	40000	"slope"	-0.1350619155
"0.75"	"0.4"	"0.45"	"0.01"	"0.005"	"0.01"	"100000"	"10000"	"200"	"8585221603936850648"	40000	"intercept"	0.80303976
"0.75"	"0.4"	"0.45"	"0.01"	"0.005"	"0.01"	"100000"	"10000"	"200"	"8585221603936850648"	45000	"slope"	-0.1498746325
"0.75"	"0.4"	"0.45"	"0.01"	"0.005"	"0.01"	"100000"	"10000"	"200"	"8585221603936850648"	45000	"intercept"	0.813760505
"0.75"	"0.4"	"0.45"	"0.01"	"0.005"	"0.01"	"100000"	"10000"	"200"	"8585221603936850648"	50000	"slope"	-0.106704549
"0.75"	"0.4"	"0.45"	"0.01"	"0.005"	"0.01"	"100000"	"10000"	"200"	"8585221603936850648"	50000	"intercept"	0.78892091
"0.75"	"0.4"	"0.45"	"0.01"	"0.005"	"0.01"	"100000"	"10000"	"200"	"8585221603936850648"	55000	"slope"	-0.120059366
"0.75"	"0.4"	"0.45"	"0.01"	"0.005"	"0.01"	"100000"	"10000"	"200"	"8585221603936850648"	55000	"intercept"	0.7990715
"0.75"	"0.4"	"0.45"	"0.01"	"0.005"	"0.01"	"100000"	"10000"	"200"	"8585221603936850648"	60000	"slope"	-0.157492522
"0.75"	"0.4"	"0.45"	"0.01"	"0.005"	"0.01"	"100000"	"10000"	"200"	"8585221603936850648"	60000	"intercept"	0.817495905
"0.75"	"0.4"	"0.45"	"0.01"	"0.005"	"0.01"	"100000"	"10000"	"200"	"8585221603936850648"	65000	"slope"	-0.1541180845
"0.75"	"0.4"	"0.45"	"0.01"	"0.005"	"0.01"	"100000"	"10000"	"200"	"8585221603936850648"	65000	"intercept"	0.819219475
"0.75"	"0.4"	"0.45"	"0.01"	"0.005"	"0.01"	"100000"	"10000"	"200"	"8585221603936850648"	70000	"slope"	-0.1325046095
"0.75"	"0.4"	"0.45"	"0.01"	"0.005"	"0.01"	"100000"	"10000"	"200"	"8585221603936850648"	70000	"intercept"	0.808097715
"0.75"	"0.4"	"0.45"	"0.01"	"0.005"	"0.01"	"100000"	"10000"	"200"	"8585221603936850648"	75000	"slope"	-0.15079792
"0.75"	"0.4"	"0.45"	"0.01"	"0.005"	"0.01"	"100000"	"10000"	"200"	"8585221603936850648"	75000	"intercept"	0.821199405
"0.75"	"0.4"	"0.45"	"0.01"	"0.005"	"0.01"	"100000"	"10000"	"200"	"8585221603936850648"	80000	"slope"	-0.130711744
"0.75"	"0.4"	"0.45"	"0.01"	"0.005"	"0.01"	"100000"	"10000"	"200"	"8585221603936850648"	80000	"intercept"	0.81374028
"0.75"	"0.4"	"0.45"	"0.01"	"0.005"	"0.01"	"100000"	"10000"	"200"	"8585221603936850648"	85000	"slope"	-0.129647386
"0.75"	"0.4"	"0.45"	"0.01"	"0.005"	"0.01"	"100000"	"10000"	"200"	"8585221603936850648"	85000	"intercept"	0.806343005
"0.75"	"0.4"	"0.45"	"0.01"	"0.005"	"0.01"	"100000"	"10000"	"200"	"8585221603936850648"	90000	"slope"	-0.1245840945
"0.75"	"0.4"	"0.45"	"0.01"	"0.005"	"0.01"	"100000"	"10000"	"200"	"8585221603936850648"	90000	"intercept"	0.793859665
"0.75"	"0.4"	"0.45"	"0.01"	"0.005"	"0.01"	"100000"	"10000"	"200"	"8585221603936850648"	95000	"slope"	-0.1573945205
"0.75"	"0.4"	"0.45"	"0.01"	"0.005"	"0.01"	"100000"	"10000"	"200"	"8585221603936850648"	95000	"intercept"	0.823604465
"0.75"	"0.4"	"0.45"	"0.01"	"0.005"	"0.01"	"100000"	"10000"	"200"	"8585221603936850648"	100000	"slope"	-0.1642340055
"0.75"	"0.4"	"0.45"	"0.01"	"0.005"	"0.01"	"100000"	"10000"	"200"	"8585221603936850648"	100000	"intercept"	0.81608604
"0.75"	"0.6"	"0.45"	"0.01"	"0.005"	"0.01"	"100000"	"10000"	"200"	"244160845319456920"	10	"slope"	-0.000181740165
"0.75"	"0.6"	"0.45"	"0.01"	"0.005"	"0.01"	"100000"	"10000"	"200"	"244160845319456920"	10	"intercept"	0.499911535
"0.75"	"0.6"	"0.45"	"0.01"	"0.005"	"0.01"	"100000"	"10000"	"200"	"244160845319456920"	5000	"slope"	0.01633192571
"0.75"	"0.6"	"0.45"	"0.01"	"0.005"	"0.01"	"100000"	"10000"	"200"	"244160845319456920"	5000	"intercept"	0.69786228
"0.75"	"0.6"	"0.45"	"0.01"	"0.005"	"0.01"	"100000"	"10000"	"200"	"244160845319456920"	10000	"slope"	-0.042441597145
"0.75"	"0.6"	"0.45"	"0.01"	"0.005"	"0.01"	"100000"	"10000"	"200"	"244160845319456920"	10000	"intercept"	0.72838995
"0.75"	"0.6"	"0.45"	"0.01"	"0.005"	"0.01"	"100000"	"10000"	"200"	"244160845319456920"	15000	"slope"	-0.1182549195
"0.75"	"0.6"	"0.45"	"0.01"	"0.005"	"0.01"	"100000"	"10000"	"200"	"244160845319456920"	15000	"intercept"	0.773873595
"0.75"	"0.6"	"0.45"	"0.01"	"0.005"	"0.01"	"100000"	"10000"	"200"	"244160845319456920"	20000	"slope"	-0.22930186
"0.75"	"0.6"	"0.45"	"0.01"	"0.005"	"0.01"	"100000"	"10000"	"200"	"244160845319456920"	20000	"intercept"	0.846354205
"0.75"	"0.6"	"0.45"	"0.01"	"0.005"	"0.01"	"100000"	"10000"	"200"	"244160845319456920"	25000	"slope"	-0.312720095
"0.75"	"0.6"	"0.45"	"0.01"	"0.005"	"0.01"	"100000"	"10000"	"200"	"244160845319456920"	25000	"intercept"	0.882793735
"0.75"	"0.6"	"0.45"	"0.01"	"0.005"	"0.01"	"100000"	"10000"	"200"	"244160845319456920"	30000	"slope"	-0.394404805
"0.75"	"0.6"	"0.45"	"0.01"	"0.005"	"0.01"	"100000"	"10000"	"200"	"244160845319456920"	30000	"intercept"	0.932955535
"0.75"	"0.6"	"0.45"	"0.01"	"0.005"	"0.01"	"100000"	"10000"	"200"	"244160845319456920"	35000	"slope"	-0.477867135
"0.75"	"0.6"	"0.45"	"0.01"	"0.005"	"0.01"	"100000"	"10000"	"200"	"244160845319456920"	35000	"intercept"	0.976768325
"0.75"	"0.6"	"0.45"	"0.01"	"0.005"	"0.01"	"100000"	"10000"	"200"	"244160845319456920"	40000	"slope"	-0.52539433
"0.75"	"0.6"	"0.45"	"0.01"	"0.005"	"0.01"	"100000"	"10000"	"200"	"244160845319456920"	40000	"intercept"	1.013717175
"0.75"	"0.6"	"0.45"	"0.01"	"0.005"	"0.01"	"100000"	"10000"	"200"	"244160845319456920"	45000	"slope"	-0.57553116
"0.75"	"0.6"	"0.45"	"0.01"	"0.005"	"0.01"	"100000"	"10000"	"200"	"244160845319456920"	45000	"intercept"	1.038461475
"0.75"	"0.6"	"0.45"	"0.01"	"0.005"	"0.01"	"100000"	"10000"	"200"	"244160845319456920"	50000	"slope"	-0.583214015
"0.75"	"0.6"	"0.45"	"0.01"	"0.005"	"0.01"	"100000"	"10000"	"200"	"244160845319456920"	50000	"intercept"	1.038385395
"0.75"	"0.6"	"0.45"	"0.01"	"0.005"	"0.01"	"100000"	"10000"	"200"	"244160845319456920"	55000	"slope"	-0.586625655
"0.75"	"0.6"	"0.45"	"0.01"	"0.005"	"0.01"	"100000"	"10000"	"200"	"244160845319456920"	55000	"intercept"	1.037272415
"0.75"	"0.6"	"0.45"	"0.01"	"0.005"	"0.01"	"100000"	"10000"	"200"	"244160845319456920"	60000	"slope"	-0.6078195
"0.75"	"0.6"	"0.45"	"0.01"	"0.005"	"0.01"	"100000"	"10000"	"200"	"244160845319456920"	60000	"intercept"	1.044181815
"0.75"	"0.6"	"0.45"	"0.01"	"0.005"	"0.01"	"100000"	"10000"	"200"	"244160845319456920"	65000	"slope"	-0.62069057
"0.75"	"0.6"	"0.45"	"0.01"	"0.005"	"0.01"	"100000"	"10000"	"200"	"244160845319456920"	65000	"intercept"	1.059254695
"0.75"	"0.6"	"0.45"	"0.01"	"0.005"	"0.01"	"100000"	"10000"	"200"	"244160845319456920"	70000	"slope"	-0.637824
"0.75"	"0.6"	"0.45"	"0.01"	"0.005"	"0.01"	"100000"	"10000"	"200"	"244160845319456920"	70000	"intercept"	1.068679565
"0.75"	"0.6"	"0.45"	"0.01"	"0.005"	"0.01"	"100000"	"10000"	"200"	"244160845319456920"	75000	"slope"	-0.662852705
"0.75"	"0.6"	"0.45"	"0.01"	"0.005"	"0.01"	"100000"	"10000"	"200"	"244160845319456920"	75000	"intercept"	1.08081265
"0.75"	"0.6"	"0.45"	"0.01"	"0.005"	"0.01"	"100000"	"10000"	"200"	"244160845319456920"	80000	"slope"	-0.64208009
"0.75"	"0.6"	"0.45"	"0.01"	"0.005"	"0.01"	"100000"	"10000"	"200"	"244160845319456920"	80000	"intercept"	1.06967745
"0.75"	"0.6"	"0.45"	"0.01"	"0.005"	"0.01"	"100000"	"10000"	"200"	"244160845319456920"	85000	"slope"	-0.616209425
"0.75"	"0.6"	"0.45"	"0.01"	"0.005"	"0.01"	"100000"	"10000"	"200"	"244160845319456920"	85000	"intercept"	1.05217073
"0.75"	"0.6"	"0.45"	"0.01"	"0.005"	"0.01"	"100000"	"10000"	"200"	"244160845319456920"	90000	"slope"	-0.620706325
"0.75"	"0.6"	"0.45"	"0.01"	"0.005"	"0.01"	"100000"	"10000"	"200"	"244160845319456920"	90000	"intercept"	1.058002115
"0.75"	"0.6"	"0.45"	"0.01"	"0.005"	"0.01"	"100000"	"10000"	"200"	"244160845319456920"	95000	"slope"	-0.6533372
"0.75"	"0.6"	"0.45"	"0.01"	"0.005"	"0.01"	"100000"	"10000"	"200"	"244160845319456920"	95000	"intercept"	1.07248955
"0.75"	"0.6"	"0.45"	"0.01"	"0.005"	"0.01"	"100000"	"10000"	"200"	"244160845319456920"	100000	"slope"	-0.65530653
"0.75"	"0.6"	"0.45"	"0.01"	"0.005"	"0.01"	"100000"	"10000"	"200"	"244160845319456920"	100000	"intercept"	1.078305615
"0.75"	"0.6"	"0.45"	"0.01"	"0.005"	"0.01"	"100000"	"10000"	"200"	"4696145073853623930"	10	"slope"	9.2129205e-05
"0.75"	"0.6"	"0.45"	"0.01"	"0.005"	"0.01"	"100000"	"10000"	"200"	"4696145073853623930"	10	"intercept"	0.50001753
"0.75"	"0.6"	"0.45"	"0.01"	"0.005"	"0.01"	"100000"	"10000"	"200"	"4696145073853623930"	5000	"slope"	-0.003533620895
"0.75"	"0.6"	"0.45"	"0.01"	"0.005"	"0.01"	"100000"	"10000"	"200"	"4696145073853623930"	5000	"intercept"	0.697641305
"0.75"	"0.6"	"0.45"	"0.01"	"0.005"	"0.01"	"100000"	"10000"	"200"	"4696145073853623930"	10000	"slope"	-0.08209131475
"0.75"	"0.6"	"0.45"	"0.01"	"0.005"	"0.01"	"100000"	"10000"	"200"	"4696145073853623930"	10000	"intercept"	0.759934305
"0.75"	"0.6"	"0.45"	"0.01"	"0.005"	"0.01"	"100000"	"10000"	"200"	"4696145073853623930"	15000	"slope"	-0.188317345
"0.75"	"0.6"	"0.45"	"0.01"	"0.005"	"0.01"	"100000"	"10000"	"200"	"4696145073853623930"	15000	"intercept"	0.80590639
"0.75"	"0.6"	"0.45"	"0.01"	"0.005"	"0.01"	"100000"	"10000"	"200"	"4696145073853623930"	20000	"slope"	-0.26249231
"0.75"	"0.6"	"0.45"	"0.01"	"0.005"	"0.01"	"100000"	"10000"	"200"	"4696145073853623930"	20000	"intercept"	0.859678125
"0.75"	"0.6"	"0.45"	"0.01"	"0.005"	"0.01"	"100000"	"10000"	"200"	"4696145073853623930"	25000	"slope"	-0.421251095
"0.75"	"0.6"	"0.45"	"0.01"	"0.005"	"0.01"	"100000"	"10000"	"200"	"4696145073853623930"	25000	"intercept"	0.94486522
"0.75"	"0.6"	"0.45"	"0.01"	"0.005"	"0.01"	"100000"	"10000"	"200"	"4696145073853623930"	30000	"slope"	-0.51764475
"0.75"	"0.6"	"0.45"	"0.01"	"0.005"	"0.01"	"100000"	"10000"	"200"	"4696145073853623930"	30000	"intercept"	0.99821098
"0.75"	"0.6"	"0.45"	"0.01"	"0.005"	"0.01"	"100000"	"10000"	"200"	"4696145073853623930"	35000	"slope"	-0.644648
"0.75"	"0.6"	"0.45"	"0.01"	"0.005"	"0.01"	"100000"	"10000"	"200"	"4696145073853623930"	35000	"intercept"	1.0639887
"0.75"	"0.6"	"0.45"	"0.01"	"0.005"	"0.01"	"100000"	"10000"	"200"	"4696145073853623930"	40000	"slope"	-0.63952548
"0.75"	"0.6"	"0.45"	"0.01"	"0.005"	"0.01"	"100000"	"10000"	"200"	"4696145073853623930"	40000	"intercept"	1.072072305
"0.75"	"0.6"	"0.45"	"0.01"	"0.005"	"0.01"	"100000"	"10000"	"200"	"4696145073853623930"	45000	"slope"	-0.63586648
"0.75"	"0.6"	"0.45"	"0.01"	"0.005"	"0.01"	"100000"	"10000"	"200"	"4696145073853623930"	45000	"intercept"	1.06116437
"0.75"	"0.6"	"0.45"	"0.01"	"0.005"	"0.01"	"100000"	"10000"	"200"	"4696145073853623930"	50000	"slope"	-0.588466465
"0.75"	"0.6"	"0.45"	"0.01"	"0.005"	"0.01"	"100000"	"10000"	"200"	"4696145073853623930"	50000	"intercept"	1.03658804
"0.75"	"0.6"	"0.45"	"0.01"	"0.005"	"0.01"	"100000"	"10000"	"200"	"4696145073853623930"	55000	"slope"	-0.5554773
"0.75"	"0.6"	"0.45"	"0.01"	"0.005"	"0.01"	"100000"	"10000"	"200"	"4696145073853623930"	55000	"intercept"	1.025584625
"0.75"	"0.6"	"0.45"	"0.01"	"0.005"	"0.01"	"100000"	"10000"	"200"	"4696145073853623930"	60000	"slope"	-0.608263495
"0.75"	"0.6"	"0.45"	"0.01"	"0.005"	"0.01"	"100000"	"10000"	"200"	"4696145073853623930"	60000	"intercept"	1.0464213
"0.75"	"0.6"	"0.45"	"0.01"	"0.005"	"0.01"	"100000"	"10000"	"200"	"4696145073853623930"	65000	"slope"	-0.63333551
"0.75"	"0.6"	"0.45"	"0.01"	"0.005"	"0.01"	"100000"	"10000"	"200"	"4696145073853623930"	65000	"intercept"	1.06165193
"0.75"	"0.6"	"0.45"	"0.01"	"0.005"	"0.01"	"100000"	"10000"	"200"	"4696145073853623930"	70000	"slope"	-0.632747135
"0.75"	"0.6"	"0.45"	"0.01"	"0.005"	"0.01"	"100000"	"10000"	"200"	"4696145073853623930"	70000	"intercept"	1.07003565
"0.75"	"0.6"	"0.45"	"0.01"	"0.005"	"0.01"	"100000"	"10000"	"200"	"4696145073853623930"	75000	"slope"	-0.65268468
"0.75"	"0.6"	"0.45"	"0.01"	"0.005"	"0.01"	"100000"	"10000"	"200"	"4696145073853623930"	75000	"intercept"	1.0688879
"0.75"	"0.6"	"0.45"	"0.01"	"0.005"	"0.01"	"100000"	"10000"	"200"	"4696145073853623930"	80000	"slope"	-0.66994904
"0.75"	"0.6"	"0.45"	"0.01"	"0.005"	"0.01"	"100000"	"10000"	"200"	"4696145073853623930"	80000	"intercept"	1.08464515
"0.75"	"0.6"	"0.45"	"0.01"	"0.005"	"0.01"	"100000"	"10000"	"200"	"4696145073853623930"	85000	"slope"	-0.637489825
"0.75"	"0.6"	"0.45"	"0.01"	"0.005"	"0.01"	"100000"	"10000"	"200"	"4696145073853623930"	85000	"intercept"	1.058960515
"0.75"	"0.6"	"0.45"	"0.01"	"0.005"	"0.01"	"100000"	"10000"	"200"	"4696145073853623930"	90000	"slope"	-0.64223274
"0.75"	"0.6"	"0.45"	"0.01"	"0.005"	"0.01"	"100000"	"10000"	"200"	"4696145073853623930"	90000	"intercept"	1.06503507
"0.75"	"0.6"	"0.45"	"0.01"	"0.005"	"0.01"	"100000"	"10000"	"200"	"4696145073853623930"	95000	"slope"	-0.626459155
"0.75"	"0.6"	"0.45"	"0.01"	"0.005"	"0.01"	"100000"	"10000"	"200"	"4696145073853623930"	95000	"intercept"	1.05544023
"0.75"	"0.6"	"0.45"	"0.01"	"0.005"	"0.01"	"100000"	"10000"	"200"	"4696145073853623930"	100000	"slope"	-0.60450625
"0.75"	"0.6"	"0.45"	"0.01"	"0.005"	"0.01"	"100000"	"10000"	"200"	"4696145073853623930"	100000	"intercept"	1.043868755
"0.75"	"0.6"	"0.45"	"0.01"	"0.005"	"0.01"	"100000"	"10000"	"200"	"8058242811408845370"	10	"slope"	-0.000162949325
"0.75"	"0.6"	"0.45"	"0.01"	"0.005"	"0.01"	"100000"	"10000"	"200"	"8058242811408845370"	10	"intercept"	0.49989589
"0.75"	"0.6"	"0.45"	"0.01"	"0.005"	"0.01"	"100000"	"10000"	"200"	"8058242811408845370"	5000	"slope"	-0.03168333632
"0.75"	"0.6"	"0.45"	"0.01"	"0.005"	"0.01"	"100000"	"10000"	"200"	"8058242811408845370"	5000	"intercept"	0.71042018
"0.75"	"0.6"	"0.45"	"0.01"	"0.005"	"0.01"	"100000"	"10000"	"200"	"8058242811408845370"	10000	"slope"	-0.142780778
"0.75"	"0.6"	"0.45"	"0.01"	"0.005"	"0.01"	"100000"	"10000"	"200"	"8058242811408845370"	10000	"intercept"	0.79186214
"0.75"	"0.6"	"0.45"	"0.01"	"0.005"	"0.01"	"100000"	"10000"	"200"	"8058242811408845370"	15000	"slope"	-0.226229015
"0.75"	"0.6"	"0.45"	"0.01"	"0.005"	"0.01"	"100000"	"10000"	"200"	"8058242811408845370"	15000	"intercept"	0.84114145
"0.75"	"0.6"	"0.45"	"0.01"	"0.005"	"0.01"	"100000"	"10000"	"200"	"8058242811408845370"	20000	"slope"	-0.28479979
"0.75"	"0.6"	"0.45"	"0.01"	"0.005"	"0.01"	"100000"	"10000"	"200"	"8058242811408845370"	20000	"intercept"	0.8703423
"0.75"	"0.6"	"0.45"	"0.01"	"0.005"	"0.01"	"100000"	"10000"	"200"	"8058242811408845370"	25000	"slope"	-0.362808735
"0.75"	"0.6"	"0.45"	"0.01"	"0.005"	"0.01"	"100000"	"10000"	"200"	"8058242811408845370"	25000	"intercept"	0.910386845
"0.75"	"0.6"	"0.45"	"0.01"	"0.005"	"0.01"	"100000"	"10000"	"200"	"8058242811408845370"	30000	"slope"	-0.41200197
"0.75"	"0.6"	"0.45"	"0.01"	"0.005"	"0.01"	"100000"	"10000"	"200"	"8058242811408845370"	30000	"intercept"	0.94089663
"0.75"	"0.6"	"0.45"	"0.01"	"0.005"	"0.01"	"100000"	"10000"	"200"	"8058242811408845370"	35000	"slope"	-0.50510243
"0.75"	"0.6"	"0.45"	"0.01"	"0.005"	"0.01"	"100000"	"10000"	"200"	"8058242811408845370"	35000	"intercept"	0.98437955
"0.75"	"0.6"	"0.45"	"0.01"	"0.005"	"0.01"	"100000"	"10000"	"200"	"8058242811408845370"	40000	"slope"	-0.50880268
"0.75"	"0.6"	"0.45"	"0.01"	"0.005"	"0.01"	"100000"	"10000"	"200"	"8058242811408845370"	40000	"intercept"	0.99975798
"0.75"	"0.6"	"0.45"	"0.01"	"0.005"	"0.01"	"100000"	"10000"	"200"	"8058242811408845370"	45000	"slope"	-0.563235375
"0.75"	"0.6"	"0.45"	"0.01"	"0.005"	"0.01"	"100000"	"10000"	"200"	"8058242811408845370"	45000	"intercept"	1.014169875
"0.75"	"0.6"	"0.45"	"0.01"	"0.005"	"0.01"	"100000"	"10000"	"200"	"8058242811408845370"	50000	"slope"	-0.5881034
"0.75"	"0.6"	"0.45"	"0.01"	"0.005"	"0.01"	"100000"	"10000"	"200"	"8058242811408845370"	50000	"intercept"	1.035525155
"0.75"	"0.6"	"0.45"	"0.01"	"0.005"	"0.01"	"100000"	"10000"	"200"	"8058242811408845370"	55000	"slope"	-0.590742595
"0.75"	"0.6"	"0.45"	"0.01"	"0.005"	"0.01"	"100000"	"10000"	"200"	"8058242811408845370"	55000	"intercept"	1.046019945
"0.75"	"0.6"	"0.45"	"0.01"	"0.005"	"0.01"	"100000"	"10000"	"200"	"8058242811408845370"	60000	"slope"	-0.63028821
"0.75"	"0.6"	"0.45"	"0.01"	"0.005"	"0.01"	"100000"	"10000"	"200"	"8058242811408845370"	60000	"intercept"	1.05949132
"0.75"	"0.6"	"0.45"	"0.01"	"0.005"	"0.01"	"100000"	"10000"	"200"	"8058242811408845370"	65000	"slope"	-0.63769983
"0.75"	"0.6"	"0.45"	"0.01"	"0.005"	"0.01"	"100000"	"10000"	"200"	"8058242811408845370"	65000	"intercept"	1.062237145
"0.75"	"0.6"	"0.45"	"0.01"	"0.005"	"0.01"	"100000"	"10000"	"200"	"8058242811408845370"	70000	"slope"	-0.64316285
"0.75"	"0.6"	"0.45"	"0.01"	"0.005"	"0.01"	"100000"	"10000"	"200"	"8058242811408845370"	70000	"intercept"	1.0663754
"0.75"	"0.6"	"0.45"	"0.01"	"0.005"	"0.01"	"100000"	"10000"	"200"	"8058242811408845370"	75000	"slope"	-0.64785313
"0.75"	"0.6"	"0.45"	"0.01"	"0.005"	"0.01"	"100000"	"10000"	"200"	"8058242811408845370"	75000	"intercept"	1.06991976
"0.75"	"0.6"	"0.45"	"0.01"	"0.005"	"0.01"	"100000"	"10000"	"200"	"8058242811408845370"	80000	"slope"	-0.577350335
"0.75"	"0.6"	"0.45"	"0.01"	"0.005"	"0.01"	"100000"	"10000"	"200"	"8058242811408845370"	80000	"intercept"	1.033564725
"0.75"	"0.6"	"0.45"	"0.01"	"0.005"	"0.01"	"100000"	"10000"	"200"	"8058242811408845370"	85000	"slope"	-0.62797578
"0.75"	"0.6"	"0.45"	"0.01"	"0.005"	"0.01"	"100000"	"10000"	"200"	"8058242811408845370"	85000	"intercept"	1.06005784
"0.75"	"0.6"	"0.45"	"0.01"	"0.005"	"0.01"	"100000"	"10000"	"200"	"8058242811408845370"	90000	"slope"	-0.68468235
"0.75"	"0.6"	"0.45"	"0.01"	"0.005"	"0.01"	"100000"	"10000"	"200"	"8058242811408845370"	90000	"intercept"	1.09418385
"0.75"	"0.6"	"0.45"	"0.01"	"0.005"	"0.01"	"100000"	"10000"	"200"	"8058242811408845370"	95000	"slope"	-0.66743249
"0.75"	"0.6"	"0.45"	"0.01"	"0.005"	"0.01"	"100000"	"10000"	"200"	"8058242811408845370"	95000	"intercept"	1.0856503
"0.75"	"0.6"	"0.45"	"0.01"	"0.005"	"0.01"	"100000"	"10000"	"200"	"8058242811408845370"	100000	"slope"	-0.665010555
"0.75"	"0.6"	"0.45"	"0.01"	"0.005"	"0.01"	"100000"	"10000"	"200"	"8058242811408845370"	100000	"intercept"	1.08444545
"0.75"	"0.8"	"0.45"	"0.01"	"0.005"	"0.01"	"100000"	"10000"	"200"	"1109709236834790370"	10	"slope"	-0.000183181525
"0.75"	"0.8"	"0.45"	"0.01"	"0.005"	"0.01"	"100000"	"10000"	"200"	"1109709236834790370"	10	"intercept"	0.499873775
"0.75"	"0.8"	"0.45"	"0.01"	"0.005"	"0.01"	"100000"	"10000"	"200"	"1109709236834790370"	5000	"slope"	-0.03826361687
"0.75"	"0.8"	"0.45"	"0.01"	"0.005"	"0.01"	"100000"	"10000"	"200"	"1109709236834790370"	5000	"intercept"	0.698694785
"0.75"	"0.8"	"0.45"	"0.01"	"0.005"	"0.01"	"100000"	"10000"	"200"	"1109709236834790370"	10000	"slope"	-0.117208913055
"0.75"	"0.8"	"0.45"	"0.01"	"0.005"	"0.01"	"100000"	"10000"	"200"	"1109709236834790370"	10000	"intercept"	0.696368555
"0.75"	"0.8"	"0.45"	"0.01"	"0.005"	"0.01"	"100000"	"10000"	"200"	"1109709236834790370"	15000	"slope"	-0.196210131584255
"0.75"	"0.8"	"0.45"	"0.01"	"0.005"	"0.01"	"100000"	"10000"	"200"	"1109709236834790370"	15000	"intercept"	0.6805303865
"0.75"	"0.8"	"0.45"	"0.01"	"0.005"	"0.01"	"100000"	"10000"	"200"	"1109709236834790370"	20000	"slope"	-0.214623140589
"0.75"	"0.8"	"0.45"	"0.01"	"0.005"	"0.01"	"100000"	"10000"	"200"	"1109709236834790370"	20000	"intercept"	0.667020815
"0.75"	"0.8"	"0.45"	"0.01"	"0.005"	"0.01"	"100000"	"10000"	"200"	"1109709236834790370"	25000	"slope"	-0.239320045835
"0.75"	"0.8"	"0.45"	"0.01"	"0.005"	"0.01"	"100000"	"10000"	"200"	"1109709236834790370"	25000	"intercept"	0.675983325
"0.75"	"0.8"	"0.45"	"0.01"	"0.005"	"0.01"	"100000"	"10000"	"200"	"1109709236834790370"	30000	"slope"	-0.257620234685
"0.75"	"0.8"	"0.45"	"0.01"	"0.005"	"0.01"	"100000"	"10000"	"200"	"1109709236834790370"	30000	"intercept"	0.68086894
"0.75"	"0.8"	"0.45"	"0.01"	"0.005"	"0.01"	"100000"	"10000"	"200"	"1109709236834790370"	35000	"slope"	-0.230528566335
"0.75"	"0.8"	"0.45"	"0.01"	"0.005"	"0.01"	"100000"	"10000"	"200"	"1109709236834790370"	35000	"intercept"	0.616400385
"0.75"	"0.8"	"0.45"	"0.01"	"0.005"	"0.01"	"100000"	"10000"	"200"	"1109709236834790370"	40000	"slope"	-0.306625997285
"0.75"	"0.8"	"0.45"	"0.01"	"0.005"	"0.01"	"100000"	"10000"	"200"	"1109709236834790370"	40000	"intercept"	0.62866652
"0.75"	"0.8"	"0.45"	"0.01"	"0.005"	"0.01"	"100000"	"10000"	"200"	"1109709236834790370"	45000	"slope"	-0.2889665998
"0.75"	"0.8"	"0.45"	"0.01"	"0.005"	"0.01"	"100000"	"10000"	"200"	"1109709236834790370"	45000	"intercept"	0.655268905
"0.75"	"0.8"	"0.45"	"0.01"	"0.005"	"0.01"	"100000"	"10000"	"200"	"1109709236834790370"	50000	"slope"	-0.259322014975
"0.75"	"0.8"	"0.45"	"0.01"	"0.005"	"0.01"	"100000"	"10000"	"200"	"1109709236834790370"	50000	"intercept"	0.67107157
"0.75"	"0.8"	"0.45"	"0.01"	"0.005"	"0.01"	"100000"	"10000"	"200"	"1109709236834790370"	55000	"slope"	-0.16005317533
"0.75"	"0.8"	"0.45"	"0.01"	"0.005"	"0.01"	"100000"	"10000"	"200"	"1109709236834790370"	55000	"intercept"	0.65588502
"0.75"	"0.8"	"0.45"	"0.01"	"0.005"	"0.01"	"100000"	"10000"	"200"	"1109709236834790370"	60000	"slope"	-0.1169997073
"0.75"	"0.8"	"0.45"	"0.01"	"0.005"	"0.01"	"100000"	"10000"	"200"	"1109709236834790370"	60000	"intercept"	0.620326355
"0.75"	"0.8"	"0.45"	"0.01"	"0.005"	"0.01"	"100000"	"10000"	"200"	"1109709236834790370"	65000	"slope"	-0.025350935
"0.75"	"0.8"	"0.45"	"0.01"	"0.005"	"0.01"	"100000"	"10000"	"200"	"1109709236834790370"	65000	"intercept"	0.587071105
"0.75"	"0.8"	"0.45"	"0.01"	"0.005"	"0.01"	"100000"	"10000"	"200"	"1109709236834790370"	70000	"slope"	-0.029082365
"0.75"	"0.8"	"0.45"	"0.01"	"0.005"	"0.01"	"100000"	"10000"	"200"	"1109709236834790370"	70000	"intercept"	0.580125436
"0.75"	"0.8"	"0.45"	"0.01"	"0.005"	"0.01"	"100000"	"10000"	"200"	"1109709236834790370"	75000	"slope"	-0.037294655
"0.75"	"0.8"	"0.45"	"0.01"	"0.005"	"0.01"	"100000"	"10000"	"200"	"1109709236834790370"	75000	"intercept"	0.541103025
"0.75"	"0.8"	"0.45"	"0.01"	"0.005"	"0.01"	"100000"	"10000"	"200"	"1109709236834790370"	80000	"slope"	-0.07515272
"0.75"	"0.8"	"0.45"	"0.01"	"0.005"	"0.01"	"100000"	"10000"	"200"	"1109709236834790370"	80000	"intercept"	0.621000469
"0.75"	"0.8"	"0.45"	"0.01"	"0.005"	"0.01"	"100000"	"10000"	"200"	"1109709236834790370"	85000	"slope"	-0.07951517
"0.75"	"0.8"	"0.45"	"0.01"	"0.005"	"0.01"	"100000"	"10000"	"200"	"1109709236834790370"	85000	"intercept"	0.621963455
"0.75"	"0.8"	"0.45"	"0.01"	"0.005"	"0.01"	"100000"	"10000"	"200"	"1109709236834790370"	90000	"slope"	-0.130716125
"0.75"	"0.8"	"0.45"	"0.01"	"0.005"	"0.01"	"100000"	"10000"	"200"	"1109709236834790370"	90000	"intercept"	0.59033685
"0.75"	"0.8"	"0.45"	"0.01"	"0.005"	"0.01"	"100000"	"10000"	"200"	"1109709236834790370"	95000	"slope"	-0.155758768
"0.75"	"0.8"	"0.45"	"0.01"	"0.005"	"0.01"	"100000"	"10000"	"200"	"1109709236834790370"	95000	"intercept"	0.5945845
"0.75"	"0.8"	"0.45"	"0.01"	"0.005"	"0.01"	"100000"	"10000"	"200"	"1109709236834790370"	100000	"slope"	-0.119047162
"0.75"	"0.8"	"0.45"	"0.01"	"0.005"	"0.01"	"100000"	"10000"	"200"	"1109709236834790370"	100000	"intercept"	0.673624625
"0.75"	"0.8"	"0.45"	"0.01"	"0.005"	"0.01"	"100000"	"10000"	"200"	"1618091705987909325"	10	"slope"	0.00022276094
"0.75"	"0.8"	"0.45"	"0.01"	"0.005"	"0.01"	"100000"	"10000"	"200"	"1618091705987909325"	10	"intercept"	0.49998509
"0.75"	"0.8"	"0.45"	"0.01"	"0.005"	"0.01"	"100000"	"10000"	"200"	"1618091705987909325"	5000	"slope"	-0.061459842045
"0.75"	"0.8"	"0.45"	"0.01"	"0.005"	"0.01"	"100000"	"10000"	"200"	"1618091705987909325"	5000	"intercept"	0.70054507
"0.75"	"0.8"	"0.45"	"0.01"	"0.005"	"0.01"	"100000"	"10000"	"200"	"1618091705987909325"	10000	"slope"	-0.1618495955
"0.75"	"0.8"	"0.45"	"0.01"	"0.005"	"0.01"	"100000"	"10000"	"200"	"1618091705987909325"	10000	"intercept"	0.760945485
"0.75"	"0.8"	"0.45"	"0.01"	"0.005"	"0.01"	"100000"	"10000"	"200"	"1618091705987909325"	15000	"slope"	-0.204628652035
"0.75"	"0.8"	"0.45"	"0.01"	"0.005"	"0.01"	"100000"	"10000"	"200"	"1618091705987909325"	15000	"intercept"	0.700297495
"0.75"	"0.8"	"0.45"	"0.01"	"0.005"	"0.01"	"100000"	"10000"	"200"	"1618091705987909325"	20000	"slope"	-0.231763749385
"0.75"	"0.8"	"0.45"	"0.01"	"0.005"	"0.01"	"100000"	"10000"	"200"	"1618091705987909325"	20000	"intercept"	0.715027403
"0.75"	"0.8"	"0.45"	"0.01"	"0.005"	"0.01"	"100000"	"10000"	"200"	"1618091705987909325"	25000	"slope"	-0.25639179255
"0.75"	"0.8"	"0.45"	"0.01"	"0.005"	"0.01"	"100000"	"10000"	"200"	"1618091705987909325"	25000	"intercept"	0.698156335
"0.75"	"0.8"	"0.45"	"0.01"	"0.005"	"0.01"	"100000"	"10000"	"200"	"1618091705987909325"	30000	"slope"	-0.237487302915
"0.75"	"0.8"	"0.45"	"0.01"	"0.005"	"0.01"	"100000"	"10000"	"200"	"1618091705987909325"	30000	"intercept"	0.6568354
"0.75"	"0.8"	"0.45"	"0.01"	"0.005"	"0.01"	"100000"	"10000"	"200"	"1618091705987909325"	35000	"slope"	-0.25879956313
"0.75"	"0.8"	"0.45"	"0.01"	"0.005"	"0.01"	"100000"	"10000"	"200"	"1618091705987909325"	35000	"intercept"	0.667134165
"0.75"	"0.8"	"0.45"	"0.01"	"0.005"	"0.01"	"100000"	"10000"	"200"	"1618091705987909325"	40000	"slope"	-0.2269455630344
"0.75"	"0.8"	"0.45"	"0.01"	"0.005"	"0.01"	"100000"	"10000"	"200"	"1618091705987909325"	40000	"intercept"	0.681842905
"0.75"	"0.8"	"0.45"	"0.01"	"0.005"	"0.01"	"100000"	"10000"	"200"	"1618091705987909325"	45000	"slope"	-0.220487175925
"0.75"	"0.8"	"0.45"	"0.01"	"0.005"	"0.01"	"100000"	"10000"	"200"	"1618091705987909325"	45000	"intercept"	0.639746725
"0.75"	"0.8"	"0.45"	"0.01"	"0.005"	"0.01"	"100000"	"10000"	"200"	"1618091705987909325"	50000	"slope"	-0.16481790015
"0.75"	"0.8"	"0.45"	"0.01"	"0.005"	"0.01"	"100000"	"10000"	"200"	"1618091705987909325"	50000	"intercept"	0.59330832
"0.75"	"0.8"	"0.45"	"0.01"	"0.005"	"0.01"	"100000"	"10000"	"200"	"1618091705987909325"	55000	"slope"	-0.1424537305
"0.75"	"0.8"	"0.45"	"0.01"	"0.005"	"0.01"	"100000"	"10000"	"200"	"1618091705987909325"	55000	"intercept"	0.570832205
"0.75"	"0.8"	"0.45"	"0.01"	"0.005"	"0.01"	"100000"	"10000"	"200"	"1618091705987909325"	60000	"slope"	-0.150158381499
"0.75"	"0.8"	"0.45"	"0.01"	"0.005"	"0.01"	"100000"	"10000"	"200"	"1618091705987909325"	60000	"intercept"	0.621987655
"0.75"	"0.8"	"0.45"	"0.01"	"0.005"	"0.01"	"100000"	"10000"	"200"	"1618091705987909325"	65000	"slope"	-0.1214622355
"0.75"	"0.8"	"0.45"	"0.01"	"0.005"	"0.01"	"100000"	"10000"	"200"	"1618091705987909325"	65000	"intercept"	0.589356054
"0.75"	"0.8"	"0.45"	"0.01"	"0.005"	"0.01"	"100000"	"10000"	"200"	"1618091705987909325"	70000	"slope"	-0.1496023458
"0.75"	"0.8"	"0.45"	"0.01"	"0.005"	"0.01"	"100000"	"10000"	"200"	"1618091705987909325"	70000	"intercept"	0.64057118
"0.75"	"0.8"	"0.45"	"0.01"	"0.005"	"0.01"	"100000"	"10000"	"200"	"1618091705987909325"	75000	"slope"	-0.1371605401
"0.75"	"0.8"	"0.45"	"0.01"	"0.005"	"0.01"	"100000"	"10000"	"200"	"1618091705987909325"	75000	"intercept"	0.60957246
"0.75"	"0.8"	"0.45"	"0.01"	"0.005"	"0.01"	"100000"	"10000"	"200"	"1618091705987909325"	80000	"slope"	-0.0926471955
"0.75"	"0.8"	"0.45"	"0.01"	"0.005"	"0.01"	"100000"	"10000"	"200"	"1618091705987909325"	80000	"intercept"	0.5653854875
"0.75"	"0.8"	"0.45"	"0.01"	"0.005"	"0.01"	"100000"	"10000"	"200"	"1618091705987909325"	85000	"slope"	-0.047136025
"0.75"	"0.8"	"0.45"	"0.01"	"0.005"	"0.01"	"100000"	"10000"	"200"	"1618091705987909325"	85000	"intercept"	0.5675447485
"0.75"	"0.8"	"0.45"	"0.01"	"0.005"	"0.01"	"100000"	"10000"	"200"	"1618091705987909325"	90000	"slope"	-0.1182115955
"0.75"	"0.8"	"0.45"	"0.01"	"0.005"	"0.01"	"100000"	"10000"	"200"	"1618091705987909325"	90000	"intercept"	0.5699107855
"0.75"	"0.8"	"0.45"	"0.01"	"0.005"	"0.01"	"100000"	"10000"	"200"	"1618091705987909325"	95000	"slope"	-0.196286694705
"0.75"	"0.8"	"0.45"	"0.01"	"0.005"	"0.01"	"100000"	"10000"	"200"	"1618091705987909325"	95000	"intercept"	0.553972414
"0.75"	"0.8"	"0.45"	"0.01"	"0.005"	"0.01"	"100000"	"10000"	"200"	"1618091705987909325"	100000	"slope"	-0.127972707
"0.75"	"0.8"	"0.45"	"0.01"	"0.005"	"0.01"	"100000"	"10000"	"200"	"1618091705987909325"	100000	"intercept"	0.612837645
"0.75"	"0.8"	"0.45"	"0.01"	"0.005"	"0.01"	"100000"	"10000"	"200"	"567226186899378644"	10	"slope"	-9.604842e-05
"0.75"	"0.8"	"0.45"	"0.01"	"0.005"	"0.01"	"100000"	"10000"	"200"	"567226186899378644"	10	"intercept"	0.499998505
"0.75"	"0.8"	"0.45"	"0.01"	"0.005"	"0.01"	"100000"	"10000"	"200"	"567226186899378644"	5000	"slope"	-0.0818567479
"0.75"	"0.8"	"0.45"	"0.01"	"0.005"	"0.01"	"100000"	"10000"	"200"	"567226186899378644"	5000	"intercept"	0.70841245
"0.75"	"0.8"	"0.45"	"0.01"	"0.005"	"0.01"	"100000"	"10000"	"200"	"567226186899378644"	10000	"slope"	-0.1907072924885
"0.75"	"0.8"	"0.45"	"0.01"	"0.005"	"0.01"	"100000"	"10000"	"200"	"567226186899378644"	10000	"intercept"	0.761138305
"0.75"	"0.8"	"0.45"	"0.01"	"0.005"	"0.01"	"100000"	"10000"	"200"	"567226186899378644"	15000	"slope"	-0.23114862877
"0.75"	"0.8"	"0.45"	"0.01"	"0.005"	"0.01"	"100000"	"10000"	"200"	"567226186899378644"	15000	"intercept"	0.733979565
"0.75"	"0.8"	"0.45"	"0.01"	"0.005"	"0.01"	"100000"	"10000"	"200"	"567226186899378644"	20000	"slope"	-0.26234467788
"0.75"	"0.8"	"0.45"	"0.01"	"0.005"	"0.01"	"100000"	"10000"	"200"	"567226186899378644"	20000	"intercept"	0.722791663
"0.75"	"0.8"	"0.45"	"0.01"	"0.005"	"0.01"	"100000"	"10000"	"200"	"567226186899378644"	25000	"slope"	-0.304649762625
"0.75"	"0.8"	"0.45"	"0.01"	"0.005"	"0.01"	"100000"	"10000"	"200"	"567226186899378644"	25000	"intercept"	0.6985374865
"0.75"	"0.8"	"0.45"	"0.01"	"0.005"	"0.01"	"100000"	"10000"	"200"	"567226186899378644"	30000	"slope"	-0.30447218541
"0.75"	"0.8"	"0.45"	"0.01"	"0.005"	"0.01"	"100000"	"10000"	"200"	"567226186899378644"	30000	"intercept"	0.69544469
"0.75"	"0.8"	"0.45"	"0.01"	"0.005"	"0.01"	"100000"	"10000"	"200"	"567226186899378644"	35000	"slope"	-0.25891735205
"0.75"	"0.8"	"0.45"	"0.01"	"0.005"	"0.01"	"100000"	"10000"	"200"	"567226186899378644"	35000	"intercept"	0.655995775
"0.75"	"0.8"	"0.45"	"0.01"	"0.005"	"0.01"	"100000"	"10000"	"200"	"567226186899378644"	40000	"slope"	-0.206023500135
"0.75"	"0.8"	"0.45"	"0.01"	"0.005"	"0.01"	"100000"	"10000"	"200"	"567226186899378644"	40000	"intercept"	0.68207058
"0.75"	"0.8"	"0.45"	"0.01"	"0.005"	"0.01"	"100000"	"10000"	"200"	"567226186899378644"	45000	"slope"	-0.1962539814
"0.75"	"0.8"	"0.45"	"0.01"	"0.005"	"0.01"	"100000"	"10000"	"200"	"567226186899378644"	45000	"intercept"	0.67411492
"0.75"	"0.8"	"0.45"	"0.01"	"0.005"	"0.01"	"100000"	"10000"	"200"	"567226186899378644"	50000	"slope"	-0.21646345053
"0.75"	"0.8"	"0.45"	"0.01"	"0.005"	"0.01"	"100000"	"10000"	"200"	"567226186899378644"	50000	"intercept"	0.56955734
"0.75"	"0.8"	"0.45"	"0.01"	"0.005"	"0.01"	"100000"	"10000"	"200"	"567226186899378644"	55000	"slope"	-0.21341078688
"0.75"	"0.8"	"0.45"	"0.01"	"0.005"	"0.01"	"100000"	"10000"	"200"	"567226186899378644"	55000	"intercept"	0.645748975
"0.75"	"0.8"	"0.45"	"0.01"	"0.005"	"0.01"	"100000"	"10000"	"200"	"567226186899378644"	60000	"slope"	-0.17357035115
"0.75"	"0.8"	"0.45"	"0.01"	"0.005"	"0.01"	"100000"	"10000"	"200"	"567226186899378644"	60000	"intercept"	0.725838155
"0.75"	"0.8"	"0.45"	"0.01"	"0.005"	"0.01"	"100000"	"10000"	"200"	"567226186899378644"	65000	"slope"	-0.1822663308
"0.75"	"0.8"	"0.45"	"0.01"	"0.005"	"0.01"	"100000"	"10000"	"200"	"567226186899378644"	65000	"intercept"	0.64470982
"0.75"	"0.8"	"0.45"	"0.01"	"0.005"	"0.01"	"100000"	"10000"	"200"	"567226186899378644"	70000	"slope"	-0.190632386
"0.75"	"0.8"	"0.45"	"0.01"	"0.005"	"0.01"	"100000"	"10000"	"200"	"567226186899378644"	70000	"intercept"	0.5647237515
"0.75"	"0.8"	"0.45"	"0.01"	"0.005"	"0.01"	"100000"	"10000"	"200"	"567226186899378644"	75000	"slope"	-0.059501572
"0.75"	"0.8"	"0.45"	"0.01"	"0.005"	"0.01"	"100000"	"10000"	"200"	"567226186899378644"	75000	"intercept"	0.599253435
"0.75"	"0.8"	"0.45"	"0.01"	"0.005"	"0.01"	"100000"	"10000"	"200"	"567226186899378644"	80000	"slope"	-0.09883100701
"0.75"	"0.8"	"0.45"	"0.01"	"0.005"	"0.01"	"100000"	"10000"	"200"	"567226186899378644"	80000	"intercept"	0.5813859955
"0.75"	"0.8"	"0.45"	"0.01"	"0.005"	"0.01"	"100000"	"10000"	"200"	"567226186899378644"	85000	"slope"	-0.0862150361
"0.75"	"0.8"	"0.45"	"0.01"	"0.005"	"0.01"	"100000"	"10000"	"200"	"567226186899378644"	85000	"intercept"	0.67481969
"0.75"	"0.8"	"0.45"	"0.01"	"0.005"	"0.01"	"100000"	"10000"	"200"	"567226186899378644"	90000	"slope"	-0.22513975748
"0.75"	"0.8"	"0.45"	"0.01"	"0.005"	"0.01"	"100000"	"10000"	"200"	"567226186899378644"	90000	"intercept"	0.633470335
"0.75"	"0.8"	"0.45"	"0.01"	"0.005"	"0.01"	"100000"	"10000"	"200"	"567226186899378644"	95000	"slope"	-0.254335933615
"0.75"	"0.8"	"0.45"	"0.01"	"0.005"	"0.01"	"100000"	"10000"	"200"	"567226186899378644"	95000	"intercept"	0.5924237145
"0.75"	"0.8"	"0.45"	"0.01"	"0.005"	"0.01"	"100000"	"10000"	"200"	"567226186899378644"	100000	"slope"	-0.18651471595
"0.75"	"0.8"	"0.45"	"0.01"	"0.005"	"0.01"	"100000"	"10000"	"200"	"567226186899378644"	100000	"intercept"	0.70207579
"0.85"	"0.0"	"0.45"	"0.01"	"0.005"	"0.01"	"100000"	"10000"	"200"	"3071372861244484330"	10	"slope"	-0.000302142455
"0.85"	"0.0"	"0.45"	"0.01"	"0.005"	"0.01"	"100000"	"10000"	"200"	"3071372861244484330"	10	"intercept"	0.49991965
"0.85"	"0.0"	"0.45"	"0.01"	"0.005"	"0.01"	"100000"	"10000"	"200"	"3071372861244484330"	5000	"slope"	0.0894067475
"0.85"	"0.0"	"0.45"	"0.01"	"0.005"	"0.01"	"100000"	"10000"	"200"	"3071372861244484330"	5000	"intercept"	0.783265835
"0.85"	"0.0"	"0.45"	"0.01"	"0.005"	"0.01"	"100000"	"10000"	"200"	"3071372861244484330"	10000	"slope"	0.0422244408
"0.85"	"0.0"	"0.45"	"0.01"	"0.005"	"0.01"	"100000"	"10000"	"200"	"3071372861244484330"	10000	"intercept"	0.80764131
"0.85"	"0.0"	"0.45"	"0.01"	"0.005"	"0.01"	"100000"	"10000"	"200"	"3071372861244484330"	15000	"slope"	0.0691022083
"0.85"	"0.0"	"0.45"	"0.01"	"0.005"	"0.01"	"100000"	"10000"	"200"	"3071372861244484330"	15000	"intercept"	0.792179125
"0.85"	"0.0"	"0.45"	"0.01"	"0.005"	"0.01"	"100000"	"10000"	"200"	"3071372861244484330"	20000	"slope"	0.068516734
"0.85"	"0.0"	"0.45"	"0.01"	"0.005"	"0.01"	"100000"	"10000"	"200"	"3071372861244484330"	20000	"intercept"	0.797570645
"0.85"	"0.0"	"0.45"	"0.01"	"0.005"	"0.01"	"100000"	"10000"	"200"	"3071372861244484330"	25000	"slope"	0.04155054361
"0.85"	"0.0"	"0.45"	"0.01"	"0.005"	"0.01"	"100000"	"10000"	"200"	"3071372861244484330"	25000	"intercept"	0.81320085
"0.85"	"0.0"	"0.45"	"0.01"	"0.005"	"0.01"	"100000"	"10000"	"200"	"3071372861244484330"	30000	"slope"	0.0585688177
"0.85"	"0.0"	"0.45"	"0.01"	"0.005"	"0.01"	"100000"	"10000"	"200"	"3071372861244484330"	30000	"intercept"	0.792439475
"0.85"	"0.0"	"0.45"	"0.01"	"0.005"	"0.01"	"100000"	"10000"	"200"	"3071372861244484330"	35000	"slope"	0.068326050405
"0.85"	"0.0"	"0.45"	"0.01"	"0.005"	"0.01"	"100000"	"10000"	"200"	"3071372861244484330"	35000	"intercept"	0.78864608
"0.85"	"0.0"	"0.45"	"0.01"	"0.005"	"0.01"	"100000"	"10000"	"200"	"3071372861244484330"	40000	"slope"	0.0505793286
"0.85"	"0.0"	"0.45"	"0.01"	"0.005"	"0.01"	"100000"	"10000"	"200"	"3071372861244484330"	40000	"intercept"	0.79891313
"0.85"	"0.0"	"0.45"	"0.01"	"0.005"	"0.01"	"100000"	"10000"	"200"	"3071372861244484330"	45000	"slope"	0.05962347345
"0.85"	"0.0"	"0.45"	"0.01"	"0.005"	"0.01"	"100000"	"10000"	"200"	"3071372861244484330"	45000	"intercept"	0.793520085
"0.85"	"0.0"	"0.45"	"0.01"	"0.005"	"0.01"	"100000"	"10000"	"200"	"3071372861244484330"	50000	"slope"	0.08582046
"0.85"	"0.0"	"0.45"	"0.01"	"0.005"	"0.01"	"100000"	"10000"	"200"	"3071372861244484330"	50000	"intercept"	0.78056525
"0.85"	"0.0"	"0.45"	"0.01"	"0.005"	"0.01"	"100000"	"10000"	"200"	"3071372861244484330"	55000	"slope"	0.08847613375
"0.85"	"0.0"	"0.45"	"0.01"	"0.005"	"0.01"	"100000"	"10000"	"200"	"3071372861244484330"	55000	"intercept"	0.783939185
"0.85"	"0.0"	"0.45"	"0.01"	"0.005"	"0.01"	"100000"	"10000"	"200"	"3071372861244484330"	60000	"slope"	0.0739125426
"0.85"	"0.0"	"0.45"	"0.01"	"0.005"	"0.01"	"100000"	"10000"	"200"	"3071372861244484330"	60000	"intercept"	0.78841435
"0.85"	"0.0"	"0.45"	"0.01"	"0.005"	"0.01"	"100000"	"10000"	"200"	"3071372861244484330"	65000	"slope"	0.0859517864
"0.85"	"0.0"	"0.45"	"0.01"	"0.005"	"0.01"	"100000"	"10000"	"200"	"3071372861244484330"	65000	"intercept"	0.777271735
"0.85"	"0.0"	"0.45"	"0.01"	"0.005"	"0.01"	"100000"	"10000"	"200"	"3071372861244484330"	70000	"slope"	0.0702723195
"0.85"	"0.0"	"0.45"	"0.01"	"0.005"	"0.01"	"100000"	"10000"	"200"	"3071372861244484330"	70000	"intercept"	0.78804412
"0.85"	"0.0"	"0.45"	"0.01"	"0.005"	"0.01"	"100000"	"10000"	"200"	"3071372861244484330"	75000	"slope"	0.05769841135
"0.85"	"0.0"	"0.45"	"0.01"	"0.005"	"0.01"	"100000"	"10000"	"200"	"3071372861244484330"	75000	"intercept"	0.79603654
"0.85"	"0.0"	"0.45"	"0.01"	"0.005"	"0.01"	"100000"	"10000"	"200"	"3071372861244484330"	80000	"slope"	0.026215358005
"0.85"	"0.0"	"0.45"	"0.01"	"0.005"	"0.01"	"100000"	"10000"	"200"	"3071372861244484330"	80000	"intercept"	0.81581671
"0.85"	"0.0"	"0.45"	"0.01"	"0.005"	"0.01"	"100000"	"10000"	"200"	"3071372861244484330"	85000	"slope"	0.041107422175
"0.85"	"0.0"	"0.45"	"0.01"	"0.005"	"0.01"	"100000"	"10000"	"200"	"3071372861244484330"	85000	"intercept"	0.81296754
"0.85"	"0.0"	"0.45"	"0.01"	"0.005"	"0.01"	"100000"	"10000"	"200"	"3071372861244484330"	90000	"slope"	0.0739013545
"0.85"	"0.0"	"0.45"	"0.01"	"0.005"	"0.01"	"100000"	"10000"	"200"	"3071372861244484330"	90000	"intercept"	0.78688916
"0.85"	"0.0"	"0.45"	"0.01"	"0.005"	"0.01"	"100000"	"10000"	"200"	"3071372861244484330"	95000	"slope"	0.03830950493
"0.85"	"0.0"	"0.45"	"0.01"	"0.005"	"0.01"	"100000"	"10000"	"200"	"3071372861244484330"	95000	"intercept"	0.80870983
"0.85"	"0.0"	"0.45"	"0.01"	"0.005"	"0.01"	"100000"	"10000"	"200"	"3071372861244484330"	100000	"slope"	0.057777604595
"0.85"	"0.0"	"0.45"	"0.01"	"0.005"	"0.01"	"100000"	"10000"	"200"	"3071372861244484330"	100000	"intercept"	0.798647235
"0.85"	"0.0"	"0.45"	"0.01"	"0.005"	"0.01"	"100000"	"10000"	"200"	"4328132495809653308"	10	"slope"	1.263752e-05
"0.85"	"0.0"	"0.45"	"0.01"	"0.005"	"0.01"	"100000"	"10000"	"200"	"4328132495809653308"	10	"intercept"	0.49993744
"0.85"	"0.0"	"0.45"	"0.01"	"0.005"	"0.01"	"100000"	"10000"	"200"	"4328132495809653308"	5000	"slope"	0.0660934665
"0.85"	"0.0"	"0.45"	"0.01"	"0.005"	"0.01"	"100000"	"10000"	"200"	"4328132495809653308"	5000	"intercept"	0.7960219
"0.85"	"0.0"	"0.45"	"0.01"	"0.005"	"0.01"	"100000"	"10000"	"200"	"4328132495809653308"	10000	"slope"	0.0690266975
"0.85"	"0.0"	"0.45"	"0.01"	"0.005"	"0.01"	"100000"	"10000"	"200"	"4328132495809653308"	10000	"intercept"	0.79189299
"0.85"	"0.0"	"0.45"	"0.01"	"0.005"	"0.01"	"100000"	"10000"	"200"	"4328132495809653308"	15000	"slope"	0.06237591115
"0.85"	"0.0"	"0.45"	"0.01"	"0.005"	"0.01"	"100000"	"10000"	"200"	"4328132495809653308"	15000	"intercept"	0.79354083
"0.85"	"0.0"	"0.45"	"0.01"	"0.005"	"0.01"	"100000"	"10000"	"200"	"4328132495809653308"	20000	"slope"	0.02600345294
"0.85"	"0.0"	"0.45"	"0.01"	"0.005"	"0.01"	"100000"	"10000"	"200"	"4328132495809653308"	20000	"intercept"	0.81870014
"0.85"	"0.0"	"0.45"	"0.01"	"0.005"	"0.01"	"100000"	"10000"	"200"	"4328132495809653308"	25000	"slope"	0.039838206455
"0.85"	"0.0"	"0.45"	"0.01"	"0.005"	"0.01"	"100000"	"10000"	"200"	"4328132495809653308"	25000	"intercept"	0.81035159
"0.85"	"0.0"	"0.45"	"0.01"	"0.005"	"0.01"	"100000"	"10000"	"200"	"4328132495809653308"	30000	"slope"	0.0696315615
"0.85"	"0.0"	"0.45"	"0.01"	"0.005"	"0.01"	"100000"	"10000"	"200"	"4328132495809653308"	30000	"intercept"	0.78996178
"0.85"	"0.0"	"0.45"	"0.01"	"0.005"	"0.01"	"100000"	"10000"	"200"	"4328132495809653308"	35000	"slope"	0.079226657
"0.85"	"0.0"	"0.45"	"0.01"	"0.005"	"0.01"	"100000"	"10000"	"200"	"4328132495809653308"	35000	"intercept"	0.77996312
"0.85"	"0.0"	"0.45"	"0.01"	"0.005"	"0.01"	"100000"	"10000"	"200"	"4328132495809653308"	40000	"slope"	0.05454983708
"0.85"	"0.0"	"0.45"	"0.01"	"0.005"	"0.01"	"100000"	"10000"	"200"	"4328132495809653308"	40000	"intercept"	0.79961222
"0.85"	"0.0"	"0.45"	"0.01"	"0.005"	"0.01"	"100000"	"10000"	"200"	"4328132495809653308"	45000	"slope"	0.052751195875
"0.85"	"0.0"	"0.45"	"0.01"	"0.005"	"0.01"	"100000"	"10000"	"200"	"4328132495809653308"	45000	"intercept"	0.80007182
"0.85"	"0.0"	"0.45"	"0.01"	"0.005"	"0.01"	"100000"	"10000"	"200"	"4328132495809653308"	50000	"slope"	0.05721139505
"0.85"	"0.0"	"0.45"	"0.01"	"0.005"	"0.01"	"100000"	"10000"	"200"	"4328132495809653308"	50000	"intercept"	0.80266751
"0.85"	"0.0"	"0.45"	"0.01"	"0.005"	"0.01"	"100000"	"10000"	"200"	"4328132495809653308"	55000	"slope"	0.040648020335
"0.85"	"0.0"	"0.45"	"0.01"	"0.005"	"0.01"	"100000"	"10000"	"200"	"4328132495809653308"	55000	"intercept"	0.811194855
"0.85"	"0.0"	"0.45"	"0.01"	"0.005"	"0.01"	"100000"	"10000"	"200"	"4328132495809653308"	60000	"slope"	0.03582874542
"0.85"	"0.0"	"0.45"	"0.01"	"0.005"	"0.01"	"100000"	"10000"	"200"	"4328132495809653308"	60000	"intercept"	0.809558125
"0.85"	"0.0"	"0.45"	"0.01"	"0.005"	"0.01"	"100000"	"10000"	"200"	"4328132495809653308"	65000	"slope"	0.05733802105
"0.85"	"0.0"	"0.45"	"0.01"	"0.005"	"0.01"	"100000"	"10000"	"200"	"4328132495809653308"	65000	"intercept"	0.798498935
"0.85"	"0.0"	"0.45"	"0.01"	"0.005"	"0.01"	"100000"	"10000"	"200"	"4328132495809653308"	70000	"slope"	0.040522625945
"0.85"	"0.0"	"0.45"	"0.01"	"0.005"	"0.01"	"100000"	"10000"	"200"	"4328132495809653308"	70000	"intercept"	0.815513135
"0.85"	"0.0"	"0.45"	"0.01"	"0.005"	"0.01"	"100000"	"10000"	"200"	"4328132495809653308"	75000	"slope"	0.038508308372
"0.85"	"0.0"	"0.45"	"0.01"	"0.005"	"0.01"	"100000"	"10000"	"200"	"4328132495809653308"	75000	"intercept"	0.810445335
"0.85"	"0.0"	"0.45"	"0.01"	"0.005"	"0.01"	"100000"	"10000"	"200"	"4328132495809653308"	80000	"slope"	0.03766281923
"0.85"	"0.0"	"0.45"	"0.01"	"0.005"	"0.01"	"100000"	"10000"	"200"	"4328132495809653308"	80000	"intercept"	0.809532155
"0.85"	"0.0"	"0.45"	"0.01"	"0.005"	"0.01"	"100000"	"10000"	"200"	"4328132495809653308"	85000	"slope"	0.0425383460195
"0.85"	"0.0"	"0.45"	"0.01"	"0.005"	"0.01"	"100000"	"10000"	"200"	"4328132495809653308"	85000	"intercept"	0.812148435
"0.85"	"0.0"	"0.45"	"0.01"	"0.005"	"0.01"	"100000"	"10000"	"200"	"4328132495809653308"	90000	"slope"	0.0467792958
"0.85"	"0.0"	"0.45"	"0.01"	"0.005"	"0.01"	"100000"	"10000"	"200"	"4328132495809653308"	90000	"intercept"	0.803803855
"0.85"	"0.0"	"0.45"	"0.01"	"0.005"	"0.01"	"100000"	"10000"	"200"	"4328132495809653308"	95000	"slope"	0.05970571745
"0.85"	"0.0"	"0.45"	"0.01"	"0.005"	"0.01"	"100000"	"10000"	"200"	"4328132495809653308"	95000	"intercept"	0.797439265
"0.85"	"0.0"	"0.45"	"0.01"	"0.005"	"0.01"	"100000"	"10000"	"200"	"4328132495809653308"	100000	"slope"	0.051344548
"0.85"	"0.0"	"0.45"	"0.01"	"0.005"	"0.01"	"100000"	"10000"	"200"	"4328132495809653308"	100000	"intercept"	0.79937387
"0.85"	"0.0"	"0.45"	"0.01"	"0.005"	"0.01"	"100000"	"10000"	"200"	"7051472181764708545"	10	"slope"	-0.00036918758
"0.85"	"0.0"	"0.45"	"0.01"	"0.005"	"0.01"	"100000"	"10000"	"200"	"7051472181764708545"	10	"intercept"	0.49986676
"0.85"	"0.0"	"0.45"	"0.01"	"0.005"	"0.01"	"100000"	"10000"	"200"	"7051472181764708545"	5000	"slope"	0.0873017295
"0.85"	"0.0"	"0.45"	"0.01"	"0.005"	"0.01"	"100000"	"10000"	"200"	"7051472181764708545"	5000	"intercept"	0.777985355
"0.85"	"0.0"	"0.45"	"0.01"	"0.005"	"0.01"	"100000"	"10000"	"200"	"7051472181764708545"	10000	"slope"	0.04740082355
"0.85"	"0.0"	"0.45"	"0.01"	"0.005"	"0.01"	"100000"	"10000"	"200"	"7051472181764708545"	10000	"intercept"	0.807242385
"0.85"	"0.0"	"0.45"	"0.01"	"0.005"	"0.01"	"100000"	"10000"	"200"	"7051472181764708545"	15000	"slope"	0.03887313232
"0.85"	"0.0"	"0.45"	"0.01"	"0.005"	"0.01"	"100000"	"10000"	"200"	"7051472181764708545"	15000	"intercept"	0.80649703
"0.85"	"0.0"	"0.45"	"0.01"	"0.005"	"0.01"	"100000"	"10000"	"200"	"7051472181764708545"	20000	"slope"	0.0485813058375
"0.85"	"0.0"	"0.45"	"0.01"	"0.005"	"0.01"	"100000"	"10000"	"200"	"7051472181764708545"	20000	"intercept"	0.802563275
"0.85"	"0.0"	"0.45"	"0.01"	"0.005"	"0.01"	"100000"	"10000"	"200"	"7051472181764708545"	25000	"slope"	0.05533398715
"0.85"	"0.0"	"0.45"	"0.01"	"0.005"	"0.01"	"100000"	"10000"	"200"	"7051472181764708545"	25000	"intercept"	0.804029325
"0.85"	"0.0"	"0.45"	"0.01"	"0.005"	"0.01"	"100000"	"10000"	"200"	"7051472181764708545"	30000	"slope"	0.05955238845
"0.85"	"0.0"	"0.45"	"0.01"	"0.005"	"0.01"	"100000"	"10000"	"200"	"7051472181764708545"	30000	"intercept"	0.79838002
"0.85"	"0.0"	"0.45"	"0.01"	"0.005"	"0.01"	"100000"	"10000"	"200"	"7051472181764708545"	35000	"slope"	0.056536885
"0.85"	"0.0"	"0.45"	"0.01"	"0.005"	"0.01"	"100000"	"10000"	"200"	"7051472181764708545"	35000	"intercept"	0.79797811
"0.85"	"0.0"	"0.45"	"0.01"	"0.005"	"0.01"	"100000"	"10000"	"200"	"7051472181764708545"	40000	"slope"	0.05541934875
"0.85"	"0.0"	"0.45"	"0.01"	"0.005"	"0.01"	"100000"	"10000"	"200"	"7051472181764708545"	40000	"intercept"	0.798927495
"0.85"	"0.0"	"0.45"	"0.01"	"0.005"	"0.01"	"100000"	"10000"	"200"	"7051472181764708545"	45000	"slope"	0.0593418917
"0.85"	"0.0"	"0.45"	"0.01"	"0.005"	"0.01"	"100000"	"10000"	"200"	"7051472181764708545"	45000	"intercept"	0.79798529
"0.85"	"0.0"	"0.45"	"0.01"	"0.005"	"0.01"	"100000"	"10000"	"200"	"7051472181764708545"	50000	"slope"	0.06643504475
"0.85"	"0.0"	"0.45"	"0.01"	"0.005"	"0.01"	"100000"	"10000"	"200"	"7051472181764708545"	50000	"intercept"	0.78951025
"0.85"	"0.0"	"0.45"	"0.01"	"0.005"	"0.01"	"100000"	"10000"	"200"	"7051472181764708545"	55000	"slope"	0.0569724125
"0.85"	"0.0"	"0.45"	"0.01"	"0.005"	"0.01"	"100000"	"10000"	"200"	"7051472181764708545"	55000	"intercept"	0.79860668
"0.85"	"0.0"	"0.45"	"0.01"	"0.005"	"0.01"	"100000"	"10000"	"200"	"7051472181764708545"	60000	"slope"	0.06053427693
"0.85"	"0.0"	"0.45"	"0.01"	"0.005"	"0.01"	"100000"	"10000"	"200"	"7051472181764708545"	60000	"intercept"	0.79954003
"0.85"	"0.0"	"0.45"	"0.01"	"0.005"	"0.01"	"100000"	"10000"	"200"	"7051472181764708545"	65000	"slope"	0.05844415898
"0.85"	"0.0"	"0.45"	"0.01"	"0.005"	"0.01"	"100000"	"10000"	"200"	"7051472181764708545"	65000	"intercept"	0.796639635
"0.85"	"0.0"	"0.45"	"0.01"	"0.005"	"0.01"	"100000"	"10000"	"200"	"7051472181764708545"	70000	"slope"	0.04888936358
"0.85"	"0.0"	"0.45"	"0.01"	"0.005"	"0.01"	"100000"	"10000"	"200"	"7051472181764708545"	70000	"intercept"	0.80565197
"0.85"	"0.0"	"0.45"	"0.01"	"0.005"	"0.01"	"100000"	"10000"	"200"	"7051472181764708545"	75000	"slope"	0.0707289985
"0.85"	"0.0"	"0.45"	"0.01"	"0.005"	"0.01"	"100000"	"10000"	"200"	"7051472181764708545"	75000	"intercept"	0.793674195
"0.85"	"0.0"	"0.45"	"0.01"	"0.005"	"0.01"	"100000"	"10000"	"200"	"7051472181764708545"	80000	"slope"	0.04141568133
"0.85"	"0.0"	"0.45"	"0.01"	"0.005"	"0.01"	"100000"	"10000"	"200"	"7051472181764708545"	80000	"intercept"	0.803648245
"0.85"	"0.0"	"0.45"	"0.01"	"0.005"	"0.01"	"100000"	"10000"	"200"	"7051472181764708545"	85000	"slope"	0.054234293196
"0.85"	"0.0"	"0.45"	"0.01"	"0.005"	"0.01"	"100000"	"10000"	"200"	"7051472181764708545"	85000	"intercept"	0.800594865
"0.85"	"0.0"	"0.45"	"0.01"	"0.005"	"0.01"	"100000"	"10000"	"200"	"7051472181764708545"	90000	"slope"	0.06919905043
"0.85"	"0.0"	"0.45"	"0.01"	"0.005"	"0.01"	"100000"	"10000"	"200"	"7051472181764708545"	90000	"intercept"	0.78884629
"0.85"	"0.0"	"0.45"	"0.01"	"0.005"	"0.01"	"100000"	"10000"	"200"	"7051472181764708545"	95000	"slope"	0.0741930256
"0.85"	"0.0"	"0.45"	"0.01"	"0.005"	"0.01"	"100000"	"10000"	"200"	"7051472181764708545"	95000	"intercept"	0.78297637
"0.85"	"0.0"	"0.45"	"0.01"	"0.005"	"0.01"	"100000"	"10000"	"200"	"7051472181764708545"	100000	"slope"	0.041041407685
"0.85"	"0.0"	"0.45"	"0.01"	"0.005"	"0.01"	"100000"	"10000"	"200"	"7051472181764708545"	100000	"intercept"	0.817000015
"0.85"	"0.4"	"0.45"	"0.01"	"0.005"	"0.01"	"100000"	"10000"	"200"	"1292281302176303179"	10	"slope"	0.0001200388
"0.85"	"0.4"	"0.45"	"0.01"	"0.005"	"0.01"	"100000"	"10000"	"200"	"1292281302176303179"	10	"intercept"	0.499753255
"0.85"	"0.4"	"0.45"	"0.01"	"0.005"	"0.01"	"100000"	"10000"	"200"	"1292281302176303179"	5000	"slope"	0.05590741472
"0.85"	"0.4"	"0.45"	"0.01"	"0.005"	"0.01"	"100000"	"10000"	"200"	"1292281302176303179"	5000	"intercept"	0.77760788
"0.85"	"0.4"	"0.45"	"0.01"	"0.005"	"0.01"	"100000"	"10000"	"200"	"1292281302176303179"	10000	"slope"	-6.81917044999999e-05
"0.85"	"0.4"	"0.45"	"0.01"	"0.005"	"0.01"	"100000"	"10000"	"200"	"1292281302176303179"	10000	"intercept"	0.81428191
"0.85"	"0.4"	"0.45"	"0.01"	"0.005"	"0.01"	"100000"	"10000"	"200"	"1292281302176303179"	15000	"slope"	-0.09408874475
"0.85"	"0.4"	"0.45"	"0.01"	"0.005"	"0.01"	"100000"	"10000"	"200"	"1292281302176303179"	15000	"intercept"	0.85749645
"0.85"	"0.4"	"0.45"	"0.01"	"0.005"	"0.01"	"100000"	"10000"	"200"	"1292281302176303179"	20000	"slope"	-0.0933650745
"0.85"	"0.4"	"0.45"	"0.01"	"0.005"	"0.01"	"100000"	"10000"	"200"	"1292281302176303179"	20000	"intercept"	0.85749294
"0.85"	"0.4"	"0.45"	"0.01"	"0.005"	"0.01"	"100000"	"10000"	"200"	"1292281302176303179"	25000	"slope"	-0.06679198101
"0.85"	"0.4"	"0.45"	"0.01"	"0.005"	"0.01"	"100000"	"10000"	"200"	"1292281302176303179"	25000	"intercept"	0.84432922
"0.85"	"0.4"	"0.45"	"0.01"	"0.005"	"0.01"	"100000"	"10000"	"200"	"1292281302176303179"	30000	"slope"	-0.046599301255
"0.85"	"0.4"	"0.45"	"0.01"	"0.005"	"0.01"	"100000"	"10000"	"200"	"1292281302176303179"	30000	"intercept"	0.838281215
"0.85"	"0.4"	"0.45"	"0.01"	"0.005"	"0.01"	"100000"	"10000"	"200"	"1292281302176303179"	35000	"slope"	-0.06348211201
"0.85"	"0.4"	"0.45"	"0.01"	"0.005"	"0.01"	"100000"	"10000"	"200"	"1292281302176303179"	35000	"intercept"	0.852369675
"0.85"	"0.4"	"0.45"	"0.01"	"0.005"	"0.01"	"100000"	"10000"	"200"	"1292281302176303179"	40000	"slope"	-0.06038200995
"0.85"	"0.4"	"0.45"	"0.01"	"0.005"	"0.01"	"100000"	"10000"	"200"	"1292281302176303179"	40000	"intercept"	0.849241545
"0.85"	"0.4"	"0.45"	"0.01"	"0.005"	"0.01"	"100000"	"10000"	"200"	"1292281302176303179"	45000	"slope"	-0.072720512
"0.85"	"0.4"	"0.45"	"0.01"	"0.005"	"0.01"	"100000"	"10000"	"200"	"1292281302176303179"	45000	"intercept"	0.84500134
"0.85"	"0.4"	"0.45"	"0.01"	"0.005"	"0.01"	"100000"	"10000"	"200"	"1292281302176303179"	50000	"slope"	-0.06928170295
"0.85"	"0.4"	"0.45"	"0.01"	"0.005"	"0.01"	"100000"	"10000"	"200"	"1292281302176303179"	50000	"intercept"	0.85099565
"0.85"	"0.4"	"0.45"	"0.01"	"0.005"	"0.01"	"100000"	"10000"	"200"	"1292281302176303179"	55000	"slope"	-0.0895531511
"0.85"	"0.4"	"0.45"	"0.01"	"0.005"	"0.01"	"100000"	"10000"	"200"	"1292281302176303179"	55000	"intercept"	0.86138599
"0.85"	"0.4"	"0.45"	"0.01"	"0.005"	"0.01"	"100000"	"10000"	"200"	"1292281302176303179"	60000	"slope"	-0.06465269824
"0.85"	"0.4"	"0.45"	"0.01"	"0.005"	"0.01"	"100000"	"10000"	"200"	"1292281302176303179"	60000	"intercept"	0.84649268
"0.85"	"0.4"	"0.45"	"0.01"	"0.005"	"0.01"	"100000"	"10000"	"200"	"1292281302176303179"	65000	"slope"	-0.0668995491
"0.85"	"0.4"	"0.45"	"0.01"	"0.005"	"0.01"	"100000"	"10000"	"200"	"1292281302176303179"	65000	"intercept"	0.83907558
"0.85"	"0.4"	"0.45"	"0.01"	"0.005"	"0.01"	"100000"	"10000"	"200"	"1292281302176303179"	70000	"slope"	-0.0797483433
"0.85"	"0.4"	"0.45"	"0.01"	"0.005"	"0.01"	"100000"	"10000"	"200"	"1292281302176303179"	70000	"intercept"	0.849247205
"0.85"	"0.4"	"0.45"	"0.01"	"0.005"	"0.01"	"100000"	"10000"	"200"	"1292281302176303179"	75000	"slope"	-0.06447143638
"0.85"	"0.4"	"0.45"	"0.01"	"0.005"	"0.01"	"100000"	"10000"	"200"	"1292281302176303179"	75000	"intercept"	0.843545105
"0.85"	"0.4"	"0.45"	"0.01"	"0.005"	"0.01"	"100000"	"10000"	"200"	"1292281302176303179"	80000	"slope"	-0.06860994415
"0.85"	"0.4"	"0.45"	"0.01"	"0.005"	"0.01"	"100000"	"10000"	"200"	"1292281302176303179"	80000	"intercept"	0.847709405
"0.85"	"0.4"	"0.45"	"0.01"	"0.005"	"0.01"	"100000"	"10000"	"200"	"1292281302176303179"	85000	"slope"	-0.0591775239
"0.85"	"0.4"	"0.45"	"0.01"	"0.005"	"0.01"	"100000"	"10000"	"200"	"1292281302176303179"	85000	"intercept"	0.841462585
"0.85"	"0.4"	"0.45"	"0.01"	"0.005"	"0.01"	"100000"	"10000"	"200"	"1292281302176303179"	90000	"slope"	-0.06346973435
"0.85"	"0.4"	"0.45"	"0.01"	"0.005"	"0.01"	"100000"	"10000"	"200"	"1292281302176303179"	90000	"intercept"	0.845685695
"0.85"	"0.4"	"0.45"	"0.01"	"0.005"	"0.01"	"100000"	"10000"	"200"	"1292281302176303179"	95000	"slope"	-0.100785085
"0.85"	"0.4"	"0.45"	"0.01"	"0.005"	"0.01"	"100000"	"10000"	"200"	"1292281302176303179"	95000	"intercept"	0.86335816
"0.85"	"0.4"	"0.45"	"0.01"	"0.005"	"0.01"	"100000"	"10000"	"200"	"1292281302176303179"	100000	"slope"	-0.0930361608
"0.85"	"0.4"	"0.45"	"0.01"	"0.005"	"0.01"	"100000"	"10000"	"200"	"1292281302176303179"	100000	"intercept"	0.855815015
"0.85"	"0.4"	"0.45"	"0.01"	"0.005"	"0.01"	"100000"	"10000"	"200"	"5389980989121531614"	10	"slope"	-0.000131018485
"0.85"	"0.4"	"0.45"	"0.01"	"0.005"	"0.01"	"100000"	"10000"	"200"	"5389980989121531614"	10	"intercept"	0.50005193
"0.85"	"0.4"	"0.45"	"0.01"	"0.005"	"0.01"	"100000"	"10000"	"200"	"5389980989121531614"	5000	"slope"	0.089510858
"0.85"	"0.4"	"0.45"	"0.01"	"0.005"	"0.01"	"100000"	"10000"	"200"	"5389980989121531614"	5000	"intercept"	0.758508325
"0.85"	"0.4"	"0.45"	"0.01"	"0.005"	"0.01"	"100000"	"10000"	"200"	"5389980989121531614"	10000	"slope"	0.02319071901
"0.85"	"0.4"	"0.45"	"0.01"	"0.005"	"0.01"	"100000"	"10000"	"200"	"5389980989121531614"	10000	"intercept"	0.79516325
"0.85"	"0.4"	"0.45"	"0.01"	"0.005"	"0.01"	"100000"	"10000"	"200"	"5389980989121531614"	15000	"slope"	-0.025299448545
"0.85"	"0.4"	"0.45"	"0.01"	"0.005"	"0.01"	"100000"	"10000"	"200"	"5389980989121531614"	15000	"intercept"	0.821193235
"0.85"	"0.4"	"0.45"	"0.01"	"0.005"	"0.01"	"100000"	"10000"	"200"	"5389980989121531614"	20000	"slope"	-0.05812928703
"0.85"	"0.4"	"0.45"	"0.01"	"0.005"	"0.01"	"100000"	"10000"	"200"	"5389980989121531614"	20000	"intercept"	0.84327057
"0.85"	"0.4"	"0.45"	"0.01"	"0.005"	"0.01"	"100000"	"10000"	"200"	"5389980989121531614"	25000	"slope"	-0.05318556931
"0.85"	"0.4"	"0.45"	"0.01"	"0.005"	"0.01"	"100000"	"10000"	"200"	"5389980989121531614"	25000	"intercept"	0.840643195
"0.85"	"0.4"	"0.45"	"0.01"	"0.005"	"0.01"	"100000"	"10000"	"200"	"5389980989121531614"	30000	"slope"	-0.0731781662
"0.85"	"0.4"	"0.45"	"0.01"	"0.005"	"0.01"	"100000"	"10000"	"200"	"5389980989121531614"	30000	"intercept"	0.8472572
"0.85"	"0.4"	"0.45"	"0.01"	"0.005"	"0.01"	"100000"	"10000"	"200"	"5389980989121531614"	35000	"slope"	-0.0857774355
"0.85"	"0.4"	"0.45"	"0.01"	"0.005"	"0.01"	"100000"	"10000"	"200"	"5389980989121531614"	35000	"intercept"	0.85159592
"0.85"	"0.4"	"0.45"	"0.01"	"0.005"	"0.01"	"100000"	"10000"	"200"	"5389980989121531614"	40000	"slope"	-0.07627660515
"0.85"	"0.4"	"0.45"	"0.01"	"0.005"	"0.01"	"100000"	"10000"	"200"	"5389980989121531614"	40000	"intercept"	0.8504084
"0.85"	"0.4"	"0.45"	"0.01"	"0.005"	"0.01"	"100000"	"10000"	"200"	"5389980989121531614"	45000	"slope"	-0.07004632485
"0.85"	"0.4"	"0.45"	"0.01"	"0.005"	"0.01"	"100000"	"10000"	"200"	"5389980989121531614"	45000	"intercept"	0.846228355
"0.85"	"0.4"	"0.45"	"0.01"	"0.005"	"0.01"	"100000"	"10000"	"200"	"5389980989121531614"	50000	"slope"	-0.0673192528
"0.85"	"0.4"	"0.45"	"0.01"	"0.005"	"0.01"	"100000"	"10000"	"200"	"5389980989121531614"	50000	"intercept"	0.84327714
"0.85"	"0.4"	"0.45"	"0.01"	"0.005"	"0.01"	"100000"	"10000"	"200"	"5389980989121531614"	55000	"slope"	-0.05751978531
"0.85"	"0.4"	"0.45"	"0.01"	"0.005"	"0.01"	"100000"	"10000"	"200"	"5389980989121531614"	55000	"intercept"	0.83605678
"0.85"	"0.4"	"0.45"	"0.01"	"0.005"	"0.01"	"100000"	"10000"	"200"	"5389980989121531614"	60000	"slope"	-0.088665808929
"0.85"	"0.4"	"0.45"	"0.01"	"0.005"	"0.01"	"100000"	"10000"	"200"	"5389980989121531614"	60000	"intercept"	0.85680918
"0.85"	"0.4"	"0.45"	"0.01"	"0.005"	"0.01"	"100000"	"10000"	"200"	"5389980989121531614"	65000	"slope"	-0.09463965655
"0.85"	"0.4"	"0.45"	"0.01"	"0.005"	"0.01"	"100000"	"10000"	"200"	"5389980989121531614"	65000	"intercept"	0.860069955
"0.85"	"0.4"	"0.45"	"0.01"	"0.005"	"0.01"	"100000"	"10000"	"200"	"5389980989121531614"	70000	"slope"	-0.091198919
"0.85"	"0.4"	"0.45"	"0.01"	"0.005"	"0.01"	"100000"	"10000"	"200"	"5389980989121531614"	70000	"intercept"	0.86108401
"0.85"	"0.4"	"0.45"	"0.01"	"0.005"	"0.01"	"100000"	"10000"	"200"	"5389980989121531614"	75000	"slope"	-0.114658779
"0.85"	"0.4"	"0.45"	"0.01"	"0.005"	"0.01"	"100000"	"10000"	"200"	"5389980989121531614"	75000	"intercept"	0.869976455
"0.85"	"0.4"	"0.45"	"0.01"	"0.005"	"0.01"	"100000"	"10000"	"200"	"5389980989121531614"	80000	"slope"	-0.0612239895805
"0.85"	"0.4"	"0.45"	"0.01"	"0.005"	"0.01"	"100000"	"10000"	"200"	"5389980989121531614"	80000	"intercept"	0.839138565
"0.85"	"0.4"	"0.45"	"0.01"	"0.005"	"0.01"	"100000"	"10000"	"200"	"5389980989121531614"	85000	"slope"	-0.06109844665
"0.85"	"0.4"	"0.45"	"0.01"	"0.005"	"0.01"	"100000"	"10000"	"200"	"5389980989121531614"	85000	"intercept"	0.84302206
"0.85"	"0.4"	"0.45"	"0.01"	"0.005"	"0.01"	"100000"	"10000"	"200"	"5389980989121531614"	90000	"slope"	-0.0715842556
"0.85"	"0.4"	"0.45"	"0.01"	"0.005"	"0.01"	"100000"	"10000"	"200"	"5389980989121531614"	90000	"intercept"	0.847663695
"0.85"	"0.4"	"0.45"	"0.01"	"0.005"	"0.01"	"100000"	"10000"	"200"	"5389980989121531614"	95000	"slope"	-0.05596833303
"0.85"	"0.4"	"0.45"	"0.01"	"0.005"	"0.01"	"100000"	"10000"	"200"	"5389980989121531614"	95000	"intercept"	0.83756839
"0.85"	"0.4"	"0.45"	"0.01"	"0.005"	"0.01"	"100000"	"10000"	"200"	"5389980989121531614"	100000	"slope"	-0.044113536765
"0.85"	"0.4"	"0.45"	"0.01"	"0.005"	"0.01"	"100000"	"10000"	"200"	"5389980989121531614"	100000	"intercept"	0.83967574
"0.85"	"0.4"	"0.45"	"0.01"	"0.005"	"0.01"	"100000"	"10000"	"200"	"716071207689282328"	10	"slope"	6.08130100000001e-06
"0.85"	"0.4"	"0.45"	"0.01"	"0.005"	"0.01"	"100000"	"10000"	"200"	"716071207689282328"	10	"intercept"	0.499982115
"0.85"	"0.4"	"0.45"	"0.01"	"0.005"	"0.01"	"100000"	"10000"	"200"	"716071207689282328"	5000	"slope"	0.0598399342
"0.85"	"0.4"	"0.45"	"0.01"	"0.005"	"0.01"	"100000"	"10000"	"200"	"716071207689282328"	5000	"intercept"	0.77032999
"0.85"	"0.4"	"0.45"	"0.01"	"0.005"	"0.01"	"100000"	"10000"	"200"	"716071207689282328"	10000	"slope"	0.014369864445
"0.85"	"0.4"	"0.45"	"0.01"	"0.005"	"0.01"	"100000"	"10000"	"200"	"716071207689282328"	10000	"intercept"	0.80077806
"0.85"	"0.4"	"0.45"	"0.01"	"0.005"	"0.01"	"100000"	"10000"	"200"	"716071207689282328"	15000	"slope"	-0.04059413755
"0.85"	"0.4"	"0.45"	"0.01"	"0.005"	"0.01"	"100000"	"10000"	"200"	"716071207689282328"	15000	"intercept"	0.83115606
"0.85"	"0.4"	"0.45"	"0.01"	"0.005"	"0.01"	"100000"	"10000"	"200"	"716071207689282328"	20000	"slope"	-0.04162322027
"0.85"	"0.4"	"0.45"	"0.01"	"0.005"	"0.01"	"100000"	"10000"	"200"	"716071207689282328"	20000	"intercept"	0.83248998
"0.85"	"0.4"	"0.45"	"0.01"	"0.005"	"0.01"	"100000"	"10000"	"200"	"716071207689282328"	25000	"slope"	-0.05724515405
"0.85"	"0.4"	"0.45"	"0.01"	"0.005"	"0.01"	"100000"	"10000"	"200"	"716071207689282328"	25000	"intercept"	0.850123
"0.85"	"0.4"	"0.45"	"0.01"	"0.005"	"0.01"	"100000"	"10000"	"200"	"716071207689282328"	30000	"slope"	-0.049520780738
"0.85"	"0.4"	"0.45"	"0.01"	"0.005"	"0.01"	"100000"	"10000"	"200"	"716071207689282328"	30000	"intercept"	0.837720645
"0.85"	"0.4"	"0.45"	"0.01"	"0.005"	"0.01"	"100000"	"10000"	"200"	"716071207689282328"	35000	"slope"	-0.0638207513
"0.85"	"0.4"	"0.45"	"0.01"	"0.005"	"0.01"	"100000"	"10000"	"200"	"716071207689282328"	35000	"intercept"	0.851459725
"0.85"	"0.4"	"0.45"	"0.01"	"0.005"	"0.01"	"100000"	"10000"	"200"	"716071207689282328"	40000	"slope"	-0.098614344
"0.85"	"0.4"	"0.45"	"0.01"	"0.005"	"0.01"	"100000"	"10000"	"200"	"716071207689282328"	40000	"intercept"	0.86503141
"0.85"	"0.4"	"0.45"	"0.01"	"0.005"	"0.01"	"100000"	"10000"	"200"	"716071207689282328"	45000	"slope"	-0.10794874
"0.85"	"0.4"	"0.45"	"0.01"	"0.005"	"0.01"	"100000"	"10000"	"200"	"716071207689282328"	45000	"intercept"	0.865133815
"0.85"	"0.4"	"0.45"	"0.01"	"0.005"	"0.01"	"100000"	"10000"	"200"	"716071207689282328"	50000	"slope"	-0.0817057814
"0.85"	"0.4"	"0.45"	"0.01"	"0.005"	"0.01"	"100000"	"10000"	"200"	"716071207689282328"	50000	"intercept"	0.854695255
"0.85"	"0.4"	"0.45"	"0.01"	"0.005"	"0.01"	"100000"	"10000"	"200"	"716071207689282328"	55000	"slope"	-0.097110335
"0.85"	"0.4"	"0.45"	"0.01"	"0.005"	"0.01"	"100000"	"10000"	"200"	"716071207689282328"	55000	"intercept"	0.864667805
"0.85"	"0.4"	"0.45"	"0.01"	"0.005"	"0.01"	"100000"	"10000"	"200"	"716071207689282328"	60000	"slope"	-0.0791545039
"0.85"	"0.4"	"0.45"	"0.01"	"0.005"	"0.01"	"100000"	"10000"	"200"	"716071207689282328"	60000	"intercept"	0.847007415
"0.85"	"0.4"	"0.45"	"0.01"	"0.005"	"0.01"	"100000"	"10000"	"200"	"716071207689282328"	65000	"slope"	-0.05616976515
"0.85"	"0.4"	"0.45"	"0.01"	"0.005"	"0.01"	"100000"	"10000"	"200"	"716071207689282328"	65000	"intercept"	0.843861925
"0.85"	"0.4"	"0.45"	"0.01"	"0.005"	"0.01"	"100000"	"10000"	"200"	"716071207689282328"	70000	"slope"	-0.04239825589
"0.85"	"0.4"	"0.45"	"0.01"	"0.005"	"0.01"	"100000"	"10000"	"200"	"716071207689282328"	70000	"intercept"	0.83267381
"0.85"	"0.4"	"0.45"	"0.01"	"0.005"	"0.01"	"100000"	"10000"	"200"	"716071207689282328"	75000	"slope"	-0.05115540616
"0.85"	"0.4"	"0.45"	"0.01"	"0.005"	"0.01"	"100000"	"10000"	"200"	"716071207689282328"	75000	"intercept"	0.84037591
"0.85"	"0.4"	"0.45"	"0.01"	"0.005"	"0.01"	"100000"	"10000"	"200"	"716071207689282328"	80000	"slope"	-0.0304358223
"0.85"	"0.4"	"0.45"	"0.01"	"0.005"	"0.01"	"100000"	"10000"	"200"	"716071207689282328"	80000	"intercept"	0.83235804
"0.85"	"0.4"	"0.45"	"0.01"	"0.005"	"0.01"	"100000"	"10000"	"200"	"716071207689282328"	85000	"slope"	-0.040018051845
"0.85"	"0.4"	"0.45"	"0.01"	"0.005"	"0.01"	"100000"	"10000"	"200"	"716071207689282328"	85000	"intercept"	0.83621508
"0.85"	"0.4"	"0.45"	"0.01"	"0.005"	"0.01"	"100000"	"10000"	"200"	"716071207689282328"	90000	"slope"	-0.09245924885
"0.85"	"0.4"	"0.45"	"0.01"	"0.005"	"0.01"	"100000"	"10000"	"200"	"716071207689282328"	90000	"intercept"	0.860688415
"0.85"	"0.4"	"0.45"	"0.01"	"0.005"	"0.01"	"100000"	"10000"	"200"	"716071207689282328"	95000	"slope"	-0.1095672213
"0.85"	"0.4"	"0.45"	"0.01"	"0.005"	"0.01"	"100000"	"10000"	"200"	"716071207689282328"	95000	"intercept"	0.865461395
"0.85"	"0.4"	"0.45"	"0.01"	"0.005"	"0.01"	"100000"	"10000"	"200"	"716071207689282328"	100000	"slope"	-0.081509041
"0.85"	"0.4"	"0.45"	"0.01"	"0.005"	"0.01"	"100000"	"10000"	"200"	"716071207689282328"	100000	"intercept"	0.856707305
"0.85"	"0.6"	"0.45"	"0.01"	"0.005"	"0.01"	"100000"	"10000"	"200"	"216084321931471465"	10	"slope"	-2.30275075e-05
"0.85"	"0.6"	"0.45"	"0.01"	"0.005"	"0.01"	"100000"	"10000"	"200"	"216084321931471465"	10	"intercept"	0.500181405
"0.85"	"0.6"	"0.45"	"0.01"	"0.005"	"0.01"	"100000"	"10000"	"200"	"216084321931471465"	5000	"slope"	-0.016116709445
"0.85"	"0.6"	"0.45"	"0.01"	"0.005"	"0.01"	"100000"	"10000"	"200"	"216084321931471465"	5000	"intercept"	0.78606742
"0.85"	"0.6"	"0.45"	"0.01"	"0.005"	"0.01"	"100000"	"10000"	"200"	"216084321931471465"	10000	"slope"	-0.09032833077
"0.85"	"0.6"	"0.45"	"0.01"	"0.005"	"0.01"	"100000"	"10000"	"200"	"216084321931471465"	10000	"intercept"	0.830566435
"0.85"	"0.6"	"0.45"	"0.01"	"0.005"	"0.01"	"100000"	"10000"	"200"	"216084321931471465"	15000	"slope"	-0.1850828105
"0.85"	"0.6"	"0.45"	"0.01"	"0.005"	"0.01"	"100000"	"10000"	"200"	"216084321931471465"	15000	"intercept"	0.88311005
"0.85"	"0.6"	"0.45"	"0.01"	"0.005"	"0.01"	"100000"	"10000"	"200"	"216084321931471465"	20000	"slope"	-0.31039159
"0.85"	"0.6"	"0.45"	"0.01"	"0.005"	"0.01"	"100000"	"10000"	"200"	"216084321931471465"	20000	"intercept"	0.95380528
"0.85"	"0.6"	"0.45"	"0.01"	"0.005"	"0.01"	"100000"	"10000"	"200"	"216084321931471465"	25000	"slope"	-0.39020195
"0.85"	"0.6"	"0.45"	"0.01"	"0.005"	"0.01"	"100000"	"10000"	"200"	"216084321931471465"	25000	"intercept"	0.99602267
"0.85"	"0.6"	"0.45"	"0.01"	"0.005"	"0.01"	"100000"	"10000"	"200"	"216084321931471465"	30000	"slope"	-0.42648049
"0.85"	"0.6"	"0.45"	"0.01"	"0.005"	"0.01"	"100000"	"10000"	"200"	"216084321931471465"	30000	"intercept"	1.01014547
"0.85"	"0.6"	"0.45"	"0.01"	"0.005"	"0.01"	"100000"	"10000"	"200"	"216084321931471465"	35000	"slope"	-0.496484545
"0.85"	"0.6"	"0.45"	"0.01"	"0.005"	"0.01"	"100000"	"10000"	"200"	"216084321931471465"	35000	"intercept"	1.050586025
"0.85"	"0.6"	"0.45"	"0.01"	"0.005"	"0.01"	"100000"	"10000"	"200"	"216084321931471465"	40000	"slope"	-0.49746144
"0.85"	"0.6"	"0.45"	"0.01"	"0.005"	"0.01"	"100000"	"10000"	"200"	"216084321931471465"	40000	"intercept"	1.039465155
"0.85"	"0.6"	"0.45"	"0.01"	"0.005"	"0.01"	"100000"	"10000"	"200"	"216084321931471465"	45000	"slope"	-0.544547105
"0.85"	"0.6"	"0.45"	"0.01"	"0.005"	"0.01"	"100000"	"10000"	"200"	"216084321931471465"	45000	"intercept"	1.0682546
"0.85"	"0.6"	"0.45"	"0.01"	"0.005"	"0.01"	"100000"	"10000"	"200"	"216084321931471465"	50000	"slope"	-0.539090315
"0.85"	"0.6"	"0.45"	"0.01"	"0.005"	"0.01"	"100000"	"10000"	"200"	"216084321931471465"	50000	"intercept"	1.06612755
"0.85"	"0.6"	"0.45"	"0.01"	"0.005"	"0.01"	"100000"	"10000"	"200"	"216084321931471465"	55000	"slope"	-0.5108209
"0.85"	"0.6"	"0.45"	"0.01"	"0.005"	"0.01"	"100000"	"10000"	"200"	"216084321931471465"	55000	"intercept"	1.043390975
"0.85"	"0.6"	"0.45"	"0.01"	"0.005"	"0.01"	"100000"	"10000"	"200"	"216084321931471465"	60000	"slope"	-0.52198322
"0.85"	"0.6"	"0.45"	"0.01"	"0.005"	"0.01"	"100000"	"10000"	"200"	"216084321931471465"	60000	"intercept"	1.049385245
"0.85"	"0.6"	"0.45"	"0.01"	"0.005"	"0.01"	"100000"	"10000"	"200"	"216084321931471465"	65000	"slope"	-0.53934647
"0.85"	"0.6"	"0.45"	"0.01"	"0.005"	"0.01"	"100000"	"10000"	"200"	"216084321931471465"	65000	"intercept"	1.0603392
"0.85"	"0.6"	"0.45"	"0.01"	"0.005"	"0.01"	"100000"	"10000"	"200"	"216084321931471465"	70000	"slope"	-0.57713102
"0.85"	"0.6"	"0.45"	"0.01"	"0.005"	"0.01"	"100000"	"10000"	"200"	"216084321931471465"	70000	"intercept"	1.08985495
"0.85"	"0.6"	"0.45"	"0.01"	"0.005"	"0.01"	"100000"	"10000"	"200"	"216084321931471465"	75000	"slope"	-0.52385234
"0.85"	"0.6"	"0.45"	"0.01"	"0.005"	"0.01"	"100000"	"10000"	"200"	"216084321931471465"	75000	"intercept"	1.055199785
"0.85"	"0.6"	"0.45"	"0.01"	"0.005"	"0.01"	"100000"	"10000"	"200"	"216084321931471465"	80000	"slope"	-0.619339165
"0.85"	"0.6"	"0.45"	"0.01"	"0.005"	"0.01"	"100000"	"10000"	"200"	"216084321931471465"	80000	"intercept"	1.10454955
"0.85"	"0.6"	"0.45"	"0.01"	"0.005"	"0.01"	"100000"	"10000"	"200"	"216084321931471465"	85000	"slope"	-0.64270287
"0.85"	"0.6"	"0.45"	"0.01"	"0.005"	"0.01"	"100000"	"10000"	"200"	"216084321931471465"	85000	"intercept"	1.11528135
"0.85"	"0.6"	"0.45"	"0.01"	"0.005"	"0.01"	"100000"	"10000"	"200"	"216084321931471465"	90000	"slope"	-0.5970603
"0.85"	"0.6"	"0.45"	"0.01"	"0.005"	"0.01"	"100000"	"10000"	"200"	"216084321931471465"	90000	"intercept"	1.09558605
"0.85"	"0.6"	"0.45"	"0.01"	"0.005"	"0.01"	"100000"	"10000"	"200"	"216084321931471465"	95000	"slope"	-0.557312755
"0.85"	"0.6"	"0.45"	"0.01"	"0.005"	"0.01"	"100000"	"10000"	"200"	"216084321931471465"	95000	"intercept"	1.0710721
"0.85"	"0.6"	"0.45"	"0.01"	"0.005"	"0.01"	"100000"	"10000"	"200"	"216084321931471465"	100000	"slope"	-0.542857055
"0.85"	"0.6"	"0.45"	"0.01"	"0.005"	"0.01"	"100000"	"10000"	"200"	"216084321931471465"	100000	"intercept"	1.06275678
"0.85"	"0.6"	"0.45"	"0.01"	"0.005"	"0.01"	"100000"	"10000"	"200"	"2169478539045008716"	10	"slope"	-6.05682e-05
"0.85"	"0.6"	"0.45"	"0.01"	"0.005"	"0.01"	"100000"	"10000"	"200"	"2169478539045008716"	10	"intercept"	0.49997427
"0.85"	"0.6"	"0.45"	"0.01"	"0.005"	"0.01"	"100000"	"10000"	"200"	"2169478539045008716"	5000	"slope"	0.032164121545
"0.85"	"0.6"	"0.45"	"0.01"	"0.005"	"0.01"	"100000"	"10000"	"200"	"2169478539045008716"	5000	"intercept"	0.768843215
"0.85"	"0.6"	"0.45"	"0.01"	"0.005"	"0.01"	"100000"	"10000"	"200"	"2169478539045008716"	10000	"slope"	-0.0824931865
"0.85"	"0.6"	"0.45"	"0.01"	"0.005"	"0.01"	"100000"	"10000"	"200"	"2169478539045008716"	10000	"intercept"	0.841019835
"0.85"	"0.6"	"0.45"	"0.01"	"0.005"	"0.01"	"100000"	"10000"	"200"	"2169478539045008716"	15000	"slope"	-0.19032847
"0.85"	"0.6"	"0.45"	"0.01"	"0.005"	"0.01"	"100000"	"10000"	"200"	"2169478539045008716"	15000	"intercept"	0.88793748
"0.85"	"0.6"	"0.45"	"0.01"	"0.005"	"0.01"	"100000"	"10000"	"200"	"2169478539045008716"	20000	"slope"	-0.263880905
"0.85"	"0.6"	"0.45"	"0.01"	"0.005"	"0.01"	"100000"	"10000"	"200"	"2169478539045008716"	20000	"intercept"	0.93224785
"0.85"	"0.6"	"0.45"	"0.01"	"0.005"	"0.01"	"100000"	"10000"	"200"	"2169478539045008716"	25000	"slope"	-0.33717602
"0.85"	"0.6"	"0.45"	"0.01"	"0.005"	"0.01"	"100000"	"10000"	"200"	"2169478539045008716"	25000	"intercept"	0.96103188
"0.85"	"0.6"	"0.45"	"0.01"	"0.005"	"0.01"	"100000"	"10000"	"200"	"2169478539045008716"	30000	"slope"	-0.40733601
"0.85"	"0.6"	"0.45"	"0.01"	"0.005"	"0.01"	"100000"	"10000"	"200"	"2169478539045008716"	30000	"intercept"	1.003589695
"0.85"	"0.6"	"0.45"	"0.01"	"0.005"	"0.01"	"100000"	"10000"	"200"	"2169478539045008716"	35000	"slope"	-0.459354645
"0.85"	"0.6"	"0.45"	"0.01"	"0.005"	"0.01"	"100000"	"10000"	"200"	"2169478539045008716"	35000	"intercept"	1.03103124
"0.85"	"0.6"	"0.45"	"0.01"	"0.005"	"0.01"	"100000"	"10000"	"200"	"2169478539045008716"	40000	"slope"	-0.496846465
"0.85"	"0.6"	"0.45"	"0.01"	"0.005"	"0.01"	"100000"	"10000"	"200"	"2169478539045008716"	40000	"intercept"	1.0487922
"0.85"	"0.6"	"0.45"	"0.01"	"0.005"	"0.01"	"100000"	"10000"	"200"	"2169478539045008716"	45000	"slope"	-0.542901955
"0.85"	"0.6"	"0.45"	"0.01"	"0.005"	"0.01"	"100000"	"10000"	"200"	"2169478539045008716"	45000	"intercept"	1.06882615
"0.85"	"0.6"	"0.45"	"0.01"	"0.005"	"0.01"	"100000"	"10000"	"200"	"2169478539045008716"	50000	"slope"	-0.569650205
"0.85"	"0.6"	"0.45"	"0.01"	"0.005"	"0.01"	"100000"	"10000"	"200"	"2169478539045008716"	50000	"intercept"	1.08865555
"0.85"	"0.6"	"0.45"	"0.01"	"0.005"	"0.01"	"100000"	"10000"	"200"	"2169478539045008716"	55000	"slope"	-0.548325035
"0.85"	"0.6"	"0.45"	"0.01"	"0.005"	"0.01"	"100000"	"10000"	"200"	"2169478539045008716"	55000	"intercept"	1.069388425
"0.85"	"0.6"	"0.45"	"0.01"	"0.005"	"0.01"	"100000"	"10000"	"200"	"2169478539045008716"	60000	"slope"	-0.56968498
"0.85"	"0.6"	"0.45"	"0.01"	"0.005"	"0.01"	"100000"	"10000"	"200"	"2169478539045008716"	60000	"intercept"	1.08186771
"0.85"	"0.6"	"0.45"	"0.01"	"0.005"	"0.01"	"100000"	"10000"	"200"	"2169478539045008716"	65000	"slope"	-0.487488655
"0.85"	"0.6"	"0.45"	"0.01"	"0.005"	"0.01"	"100000"	"10000"	"200"	"2169478539045008716"	65000	"intercept"	1.044271325
"0.85"	"0.6"	"0.45"	"0.01"	"0.005"	"0.01"	"100000"	"10000"	"200"	"2169478539045008716"	70000	"slope"	-0.600763275
"0.85"	"0.6"	"0.45"	"0.01"	"0.005"	"0.01"	"100000"	"10000"	"200"	"2169478539045008716"	70000	"intercept"	1.09789663
"0.85"	"0.6"	"0.45"	"0.01"	"0.005"	"0.01"	"100000"	"10000"	"200"	"2169478539045008716"	75000	"slope"	-0.50603198
"0.85"	"0.6"	"0.45"	"0.01"	"0.005"	"0.01"	"100000"	"10000"	"200"	"2169478539045008716"	75000	"intercept"	1.045906745
"0.85"	"0.6"	"0.45"	"0.01"	"0.005"	"0.01"	"100000"	"10000"	"200"	"2169478539045008716"	80000	"slope"	-0.549251875
"0.85"	"0.6"	"0.45"	"0.01"	"0.005"	"0.01"	"100000"	"10000"	"200"	"2169478539045008716"	80000	"intercept"	1.069753135
"0.85"	"0.6"	"0.45"	"0.01"	"0.005"	"0.01"	"100000"	"10000"	"200"	"2169478539045008716"	85000	"slope"	-0.5602157
"0.85"	"0.6"	"0.45"	"0.01"	"0.005"	"0.01"	"100000"	"10000"	"200"	"2169478539045008716"	85000	"intercept"	1.076945
"0.85"	"0.6"	"0.45"	"0.01"	"0.005"	"0.01"	"100000"	"10000"	"200"	"2169478539045008716"	90000	"slope"	-0.530348
"0.85"	"0.6"	"0.45"	"0.01"	"0.005"	"0.01"	"100000"	"10000"	"200"	"2169478539045008716"	90000	"intercept"	1.06148276
"0.85"	"0.6"	"0.45"	"0.01"	"0.005"	"0.01"	"100000"	"10000"	"200"	"2169478539045008716"	95000	"slope"	-0.56110251
"0.85"	"0.6"	"0.45"	"0.01"	"0.005"	"0.01"	"100000"	"10000"	"200"	"2169478539045008716"	95000	"intercept"	1.072945605
"0.85"	"0.6"	"0.45"	"0.01"	"0.005"	"0.01"	"100000"	"10000"	"200"	"2169478539045008716"	100000	"slope"	-0.518677635
"0.85"	"0.6"	"0.45"	"0.01"	"0.005"	"0.01"	"100000"	"10000"	"200"	"2169478539045008716"	100000	"intercept"	1.047610535
"0.85"	"0.6"	"0.45"	"0.01"	"0.005"	"0.01"	"100000"	"10000"	"200"	"5064110659122380997"	10	"slope"	-8.7239895e-05
"0.85"	"0.6"	"0.45"	"0.01"	"0.005"	"0.01"	"100000"	"10000"	"200"	"5064110659122380997"	10	"intercept"	0.499990255
"0.85"	"0.6"	"0.45"	"0.01"	"0.005"	"0.01"	"100000"	"10000"	"200"	"5064110659122380997"	5000	"slope"	-0.035641214335
"0.85"	"0.6"	"0.45"	"0.01"	"0.005"	"0.01"	"100000"	"10000"	"200"	"5064110659122380997"	5000	"intercept"	0.79969721
"0.85"	"0.6"	"0.45"	"0.01"	"0.005"	"0.01"	"100000"	"10000"	"200"	"5064110659122380997"	10000	"slope"	-0.1176681055
"0.85"	"0.6"	"0.45"	"0.01"	"0.005"	"0.01"	"100000"	"10000"	"200"	"5064110659122380997"	10000	"intercept"	0.850987845
"0.85"	"0.6"	"0.45"	"0.01"	"0.005"	"0.01"	"100000"	"10000"	"200"	"5064110659122380997"	15000	"slope"	-0.188322225
"0.85"	"0.6"	"0.45"	"0.01"	"0.005"	"0.01"	"100000"	"10000"	"200"	"5064110659122380997"	15000	"intercept"	0.887100595
"0.85"	"0.6"	"0.45"	"0.01"	"0.005"	"0.01"	"100000"	"10000"	"200"	"5064110659122380997"	20000	"slope"	-0.297257625
"0.85"	"0.6"	"0.45"	"0.01"	"0.005"	"0.01"	"100000"	"10000"	"200"	"5064110659122380997"	20000	"intercept"	0.94408675
"0.85"	"0.6"	"0.45"	"0.01"	"0.005"	"0.01"	"100000"	"10000"	"200"	"5064110659122380997"	25000	"slope"	-0.34672717
"0.85"	"0.6"	"0.45"	"0.01"	"0.005"	"0.01"	"100000"	"10000"	"200"	"5064110659122380997"	25000	"intercept"	0.9672493
"0.85"	"0.6"	"0.45"	"0.01"	"0.005"	"0.01"	"100000"	"10000"	"200"	"5064110659122380997"	30000	"slope"	-0.43205792
"0.85"	"0.6"	"0.45"	"0.01"	"0.005"	"0.01"	"100000"	"10000"	"200"	"5064110659122380997"	30000	"intercept"	1.01517454
"0.85"	"0.6"	"0.45"	"0.01"	"0.005"	"0.01"	"100000"	"10000"	"200"	"5064110659122380997"	35000	"slope"	-0.478157475
"0.85"	"0.6"	"0.45"	"0.01"	"0.005"	"0.01"	"100000"	"10000"	"200"	"5064110659122380997"	35000	"intercept"	1.03236183
"0.85"	"0.6"	"0.45"	"0.01"	"0.005"	"0.01"	"100000"	"10000"	"200"	"5064110659122380997"	40000	"slope"	-0.476685635
"0.85"	"0.6"	"0.45"	"0.01"	"0.005"	"0.01"	"100000"	"10000"	"200"	"5064110659122380997"	40000	"intercept"	1.03602991
"0.85"	"0.6"	"0.45"	"0.01"	"0.005"	"0.01"	"100000"	"10000"	"200"	"5064110659122380997"	45000	"slope"	-0.528952565
"0.85"	"0.6"	"0.45"	"0.01"	"0.005"	"0.01"	"100000"	"10000"	"200"	"5064110659122380997"	45000	"intercept"	1.058501685
"0.85"	"0.6"	"0.45"	"0.01"	"0.005"	"0.01"	"100000"	"10000"	"200"	"5064110659122380997"	50000	"slope"	-0.515238965
"0.85"	"0.6"	"0.45"	"0.01"	"0.005"	"0.01"	"100000"	"10000"	"200"	"5064110659122380997"	50000	"intercept"	1.05255686
"0.85"	"0.6"	"0.45"	"0.01"	"0.005"	"0.01"	"100000"	"10000"	"200"	"5064110659122380997"	55000	"slope"	-0.54396737
"0.85"	"0.6"	"0.45"	"0.01"	"0.005"	"0.01"	"100000"	"10000"	"200"	"5064110659122380997"	55000	"intercept"	1.062863505
"0.85"	"0.6"	"0.45"	"0.01"	"0.005"	"0.01"	"100000"	"10000"	"200"	"5064110659122380997"	60000	"slope"	-0.52174018
"0.85"	"0.6"	"0.45"	"0.01"	"0.005"	"0.01"	"100000"	"10000"	"200"	"5064110659122380997"	60000	"intercept"	1.056282985
"0.85"	"0.6"	"0.45"	"0.01"	"0.005"	"0.01"	"100000"	"10000"	"200"	"5064110659122380997"	65000	"slope"	-0.592906175
"0.85"	"0.6"	"0.45"	"0.01"	"0.005"	"0.01"	"100000"	"10000"	"200"	"5064110659122380997"	65000	"intercept"	1.0830974
"0.85"	"0.6"	"0.45"	"0.01"	"0.005"	"0.01"	"100000"	"10000"	"200"	"5064110659122380997"	70000	"slope"	-0.556073675
"0.85"	"0.6"	"0.45"	"0.01"	"0.005"	"0.01"	"100000"	"10000"	"200"	"5064110659122380997"	70000	"intercept"	1.0682746
"0.85"	"0.6"	"0.45"	"0.01"	"0.005"	"0.01"	"100000"	"10000"	"200"	"5064110659122380997"	75000	"slope"	-0.54434005
"0.85"	"0.6"	"0.45"	"0.01"	"0.005"	"0.01"	"100000"	"10000"	"200"	"5064110659122380997"	75000	"intercept"	1.063428785
"0.85"	"0.6"	"0.45"	"0.01"	"0.005"	"0.01"	"100000"	"10000"	"200"	"5064110659122380997"	80000	"slope"	-0.581916075
"0.85"	"0.6"	"0.45"	"0.01"	"0.005"	"0.01"	"100000"	"10000"	"200"	"5064110659122380997"	80000	"intercept"	1.0869934
"0.85"	"0.6"	"0.45"	"0.01"	"0.005"	"0.01"	"100000"	"10000"	"200"	"5064110659122380997"	85000	"slope"	-0.5471279
"0.85"	"0.6"	"0.45"	"0.01"	"0.005"	"0.01"	"100000"	"10000"	"200"	"5064110659122380997"	85000	"intercept"	1.072359685
"0.85"	"0.6"	"0.45"	"0.01"	"0.005"	"0.01"	"100000"	"10000"	"200"	"5064110659122380997"	90000	"slope"	-0.498264495
"0.85"	"0.6"	"0.45"	"0.01"	"0.005"	"0.01"	"100000"	"10000"	"200"	"5064110659122380997"	90000	"intercept"	1.047048345
"0.85"	"0.6"	"0.45"	"0.01"	"0.005"	"0.01"	"100000"	"10000"	"200"	"5064110659122380997"	95000	"slope"	-0.55153549
"0.85"	"0.6"	"0.45"	"0.01"	"0.005"	"0.01"	"100000"	"10000"	"200"	"5064110659122380997"	95000	"intercept"	1.070859145
"0.85"	"0.6"	"0.45"	"0.01"	"0.005"	"0.01"	"100000"	"10000"	"200"	"5064110659122380997"	100000	"slope"	-0.54074268
"0.85"	"0.6"	"0.45"	"0.01"	"0.005"	"0.01"	"100000"	"10000"	"200"	"5064110659122380997"	100000	"intercept"	1.06383395
"0.85"	"0.8"	"0.45"	"0.01"	"0.005"	"0.01"	"100000"	"10000"	"200"	"339595234078625022"	10	"slope"	1.07497e-05
"0.85"	"0.8"	"0.45"	"0.01"	"0.005"	"0.01"	"100000"	"10000"	"200"	"339595234078625022"	10	"intercept"	0.49998454
"0.85"	"0.8"	"0.45"	"0.01"	"0.005"	"0.01"	"100000"	"10000"	"200"	"339595234078625022"	5000	"slope"	0.032928472715
"0.85"	"0.8"	"0.45"	"0.01"	"0.005"	"0.01"	"100000"	"10000"	"200"	"339595234078625022"	5000	"intercept"	0.71854495
"0.85"	"0.8"	"0.45"	"0.01"	"0.005"	"0.01"	"100000"	"10000"	"200"	"339595234078625022"	10000	"slope"	-0.119448375425
"0.85"	"0.8"	"0.45"	"0.01"	"0.005"	"0.01"	"100000"	"10000"	"200"	"339595234078625022"	10000	"intercept"	0.75547791
"0.85"	"0.8"	"0.45"	"0.01"	"0.005"	"0.01"	"100000"	"10000"	"200"	"339595234078625022"	15000	"slope"	-0.164537295655
"0.85"	"0.8"	"0.45"	"0.01"	"0.005"	"0.01"	"100000"	"10000"	"200"	"339595234078625022"	15000	"intercept"	0.6770136005
"0.85"	"0.8"	"0.45"	"0.01"	"0.005"	"0.01"	"100000"	"10000"	"200"	"339595234078625022"	20000	"slope"	-0.173100649625
"0.85"	"0.8"	"0.45"	"0.01"	"0.005"	"0.01"	"100000"	"10000"	"200"	"339595234078625022"	20000	"intercept"	0.645685165
"0.85"	"0.8"	"0.45"	"0.01"	"0.005"	"0.01"	"100000"	"10000"	"200"	"339595234078625022"	25000	"slope"	-0.146049873145
"0.85"	"0.8"	"0.45"	"0.01"	"0.005"	"0.01"	"100000"	"10000"	"200"	"339595234078625022"	25000	"intercept"	0.63736233
"0.85"	"0.8"	"0.45"	"0.01"	"0.005"	"0.01"	"100000"	"10000"	"200"	"339595234078625022"	30000	"slope"	-0.143652507375
"0.85"	"0.8"	"0.45"	"0.01"	"0.005"	"0.01"	"100000"	"10000"	"200"	"339595234078625022"	30000	"intercept"	0.5933802845
"0.85"	"0.8"	"0.45"	"0.01"	"0.005"	"0.01"	"100000"	"10000"	"200"	"339595234078625022"	35000	"slope"	-0.1589536988
"0.85"	"0.8"	"0.45"	"0.01"	"0.005"	"0.01"	"100000"	"10000"	"200"	"339595234078625022"	35000	"intercept"	0.6175232015
"0.85"	"0.8"	"0.45"	"0.01"	"0.005"	"0.01"	"100000"	"10000"	"200"	"339595234078625022"	40000	"slope"	-0.17841764548
"0.85"	"0.8"	"0.45"	"0.01"	"0.005"	"0.01"	"100000"	"10000"	"200"	"339595234078625022"	40000	"intercept"	0.6618833725
"0.85"	"0.8"	"0.45"	"0.01"	"0.005"	"0.01"	"100000"	"10000"	"200"	"339595234078625022"	45000	"slope"	-0.19164728109
"0.85"	"0.8"	"0.45"	"0.01"	"0.005"	"0.01"	"100000"	"10000"	"200"	"339595234078625022"	45000	"intercept"	0.581481797
"0.85"	"0.8"	"0.45"	"0.01"	"0.005"	"0.01"	"100000"	"10000"	"200"	"339595234078625022"	50000	"slope"	-0.15099504295
"0.85"	"0.8"	"0.45"	"0.01"	"0.005"	"0.01"	"100000"	"10000"	"200"	"339595234078625022"	50000	"intercept"	0.6452318325
"0.85"	"0.8"	"0.45"	"0.01"	"0.005"	"0.01"	"100000"	"10000"	"200"	"339595234078625022"	55000	"slope"	-0.155452960765
"0.85"	"0.8"	"0.45"	"0.01"	"0.005"	"0.01"	"100000"	"10000"	"200"	"339595234078625022"	55000	"intercept"	0.6179419225
"0.85"	"0.8"	"0.45"	"0.01"	"0.005"	"0.01"	"100000"	"10000"	"200"	"339595234078625022"	60000	"slope"	-0.14203378041
"0.85"	"0.8"	"0.45"	"0.01"	"0.005"	"0.01"	"100000"	"10000"	"200"	"339595234078625022"	60000	"intercept"	0.605914489
"0.85"	"0.8"	"0.45"	"0.01"	"0.005"	"0.01"	"100000"	"10000"	"200"	"339595234078625022"	65000	"slope"	-0.14147743785
"0.85"	"0.8"	"0.45"	"0.01"	"0.005"	"0.01"	"100000"	"10000"	"200"	"339595234078625022"	65000	"intercept"	0.6009427845
"0.85"	"0.8"	"0.45"	"0.01"	"0.005"	"0.01"	"100000"	"10000"	"200"	"339595234078625022"	70000	"slope"	-0.15909494696
"0.85"	"0.8"	"0.45"	"0.01"	"0.005"	"0.01"	"100000"	"10000"	"200"	"339595234078625022"	70000	"intercept"	0.52080470775
"0.85"	"0.8"	"0.45"	"0.01"	"0.005"	"0.01"	"100000"	"10000"	"200"	"339595234078625022"	75000	"slope"	-0.10112451245
"0.85"	"0.8"	"0.45"	"0.01"	"0.005"	"0.01"	"100000"	"10000"	"200"	"339595234078625022"	75000	"intercept"	0.56604957375
"0.85"	"0.8"	"0.45"	"0.01"	"0.005"	"0.01"	"100000"	"10000"	"200"	"339595234078625022"	80000	"slope"	-0.10659305325
"0.85"	"0.8"	"0.45"	"0.01"	"0.005"	"0.01"	"100000"	"10000"	"200"	"339595234078625022"	80000	"intercept"	0.48194721265
"0.85"	"0.8"	"0.45"	"0.01"	"0.005"	"0.01"	"100000"	"10000"	"200"	"339595234078625022"	85000	"slope"	-0.08627432655
"0.85"	"0.8"	"0.45"	"0.01"	"0.005"	"0.01"	"100000"	"10000"	"200"	"339595234078625022"	85000	"intercept"	0.598179761955
"0.85"	"0.8"	"0.45"	"0.01"	"0.005"	"0.01"	"100000"	"10000"	"200"	"339595234078625022"	90000	"slope"	-0.142271640505
"0.85"	"0.8"	"0.45"	"0.01"	"0.005"	"0.01"	"100000"	"10000"	"200"	"339595234078625022"	90000	"intercept"	0.4994463435
"0.85"	"0.8"	"0.45"	"0.01"	"0.005"	"0.01"	"100000"	"10000"	"200"	"339595234078625022"	95000	"slope"	-0.0939519904
"0.85"	"0.8"	"0.45"	"0.01"	"0.005"	"0.01"	"100000"	"10000"	"200"	"339595234078625022"	95000	"intercept"	0.62338174575
"0.85"	"0.8"	"0.45"	"0.01"	"0.005"	"0.01"	"100000"	"10000"	"200"	"339595234078625022"	100000	"slope"	-0.108589131605
"0.85"	"0.8"	"0.45"	"0.01"	"0.005"	"0.01"	"100000"	"10000"	"200"	"339595234078625022"	100000	"intercept"	0.519013410035
"0.85"	"0.8"	"0.45"	"0.01"	"0.005"	"0.01"	"100000"	"10000"	"200"	"5965083993713994651"	10	"slope"	-0.00013300291
"0.85"	"0.8"	"0.45"	"0.01"	"0.005"	"0.01"	"100000"	"10000"	"200"	"5965083993713994651"	10	"intercept"	0.500232325
"0.85"	"0.8"	"0.45"	"0.01"	"0.005"	"0.01"	"100000"	"10000"	"200"	"5965083993713994651"	5000	"slope"	-0.014162014345
"0.85"	"0.8"	"0.45"	"0.01"	"0.005"	"0.01"	"100000"	"10000"	"200"	"5965083993713994651"	5000	"intercept"	0.783210985
"0.85"	"0.8"	"0.45"	"0.01"	"0.005"	"0.01"	"100000"	"10000"	"200"	"5965083993713994651"	10000	"slope"	-0.16256631794
"0.85"	"0.8"	"0.45"	"0.01"	"0.005"	"0.01"	"100000"	"10000"	"200"	"5965083993713994651"	10000	"intercept"	0.73638716
"0.85"	"0.8"	"0.45"	"0.01"	"0.005"	"0.01"	"100000"	"10000"	"200"	"5965083993713994651"	15000	"slope"	-0.17298726506
"0.85"	"0.8"	"0.45"	"0.01"	"0.005"	"0.01"	"100000"	"10000"	"200"	"5965083993713994651"	15000	"intercept"	0.7083702924
"0.85"	"0.8"	"0.45"	"0.01"	"0.005"	"0.01"	"100000"	"10000"	"200"	"5965083993713994651"	20000	"slope"	-0.20891495333
"0.85"	"0.8"	"0.45"	"0.01"	"0.005"	"0.01"	"100000"	"10000"	"200"	"5965083993713994651"	20000	"intercept"	0.652288065
"0.85"	"0.8"	"0.45"	"0.01"	"0.005"	"0.01"	"100000"	"10000"	"200"	"5965083993713994651"	25000	"slope"	-0.1583519876
"0.85"	"0.8"	"0.45"	"0.01"	"0.005"	"0.01"	"100000"	"10000"	"200"	"5965083993713994651"	25000	"intercept"	0.660095355
"0.85"	"0.8"	"0.45"	"0.01"	"0.005"	"0.01"	"100000"	"10000"	"200"	"5965083993713994651"	30000	"slope"	-0.1412844682
"0.85"	"0.8"	"0.45"	"0.01"	"0.005"	"0.01"	"100000"	"10000"	"200"	"5965083993713994651"	30000	"intercept"	0.621988205
"0.85"	"0.8"	"0.45"	"0.01"	"0.005"	"0.01"	"100000"	"10000"	"200"	"5965083993713994651"	35000	"slope"	-0.1381134945
"0.85"	"0.8"	"0.45"	"0.01"	"0.005"	"0.01"	"100000"	"10000"	"200"	"5965083993713994651"	35000	"intercept"	0.55219149
"0.85"	"0.8"	"0.45"	"0.01"	"0.005"	"0.01"	"100000"	"10000"	"200"	"5965083993713994651"	40000	"slope"	-0.13093333145
"0.85"	"0.8"	"0.45"	"0.01"	"0.005"	"0.01"	"100000"	"10000"	"200"	"5965083993713994651"	40000	"intercept"	0.6444209
"0.85"	"0.8"	"0.45"	"0.01"	"0.005"	"0.01"	"100000"	"10000"	"200"	"5965083993713994651"	45000	"slope"	-0.130312097
"0.85"	"0.8"	"0.45"	"0.01"	"0.005"	"0.01"	"100000"	"10000"	"200"	"5965083993713994651"	45000	"intercept"	0.5461379175
"0.85"	"0.8"	"0.45"	"0.01"	"0.005"	"0.01"	"100000"	"10000"	"200"	"5965083993713994651"	50000	"slope"	-0.092615976
"0.85"	"0.8"	"0.45"	"0.01"	"0.005"	"0.01"	"100000"	"10000"	"200"	"5965083993713994651"	50000	"intercept"	0.549321625
"0.85"	"0.8"	"0.45"	"0.01"	"0.005"	"0.01"	"100000"	"10000"	"200"	"5965083993713994651"	55000	"slope"	-0.06712088604
"0.85"	"0.8"	"0.45"	"0.01"	"0.005"	"0.01"	"100000"	"10000"	"200"	"5965083993713994651"	55000	"intercept"	0.5909128945
"0.85"	"0.8"	"0.45"	"0.01"	"0.005"	"0.01"	"100000"	"10000"	"200"	"5965083993713994651"	60000	"slope"	-0.0107819015
"0.85"	"0.8"	"0.45"	"0.01"	"0.005"	"0.01"	"100000"	"10000"	"200"	"5965083993713994651"	60000	"intercept"	0.5466536565
"0.85"	"0.8"	"0.45"	"0.01"	"0.005"	"0.01"	"100000"	"10000"	"200"	"5965083993713994651"	65000	"slope"	0.0392481425
"0.85"	"0.8"	"0.45"	"0.01"	"0.005"	"0.01"	"100000"	"10000"	"200"	"5965083993713994651"	65000	"intercept"	0.54230286205
"0.85"	"0.8"	"0.45"	"0.01"	"0.005"	"0.01"	"100000"	"10000"	"200"	"5965083993713994651"	70000	"slope"	-0.0198509038
"0.85"	"0.8"	"0.45"	"0.01"	"0.005"	"0.01"	"100000"	"10000"	"200"	"5965083993713994651"	70000	"intercept"	0.558565138965
"0.85"	"0.8"	"0.45"	"0.01"	"0.005"	"0.01"	"100000"	"10000"	"200"	"5965083993713994651"	75000	"slope"	0.047086369
"0.85"	"0.8"	"0.45"	"0.01"	"0.005"	"0.01"	"100000"	"10000"	"200"	"5965083993713994651"	75000	"intercept"	0.57874207765
"0.85"	"0.8"	"0.45"	"0.01"	"0.005"	"0.01"	"100000"	"10000"	"200"	"5965083993713994651"	80000	"slope"	-0.0259212005
"0.85"	"0.8"	"0.45"	"0.01"	"0.005"	"0.01"	"100000"	"10000"	"200"	"5965083993713994651"	80000	"intercept"	0.6399590928
"0.85"	"0.8"	"0.45"	"0.01"	"0.005"	"0.01"	"100000"	"10000"	"200"	"5965083993713994651"	85000	"slope"	-0.0977570135
"0.85"	"0.8"	"0.45"	"0.01"	"0.005"	"0.01"	"100000"	"10000"	"200"	"5965083993713994651"	85000	"intercept"	0.504992255705
"0.85"	"0.8"	"0.45"	"0.01"	"0.005"	"0.01"	"100000"	"10000"	"200"	"5965083993713994651"	90000	"slope"	-0.036188826
"0.85"	"0.8"	"0.45"	"0.01"	"0.005"	"0.01"	"100000"	"10000"	"200"	"5965083993713994651"	90000	"intercept"	0.531957011695
"0.85"	"0.8"	"0.45"	"0.01"	"0.005"	"0.01"	"100000"	"10000"	"200"	"5965083993713994651"	95000	"slope"	-0.01669513
"0.85"	"0.8"	"0.45"	"0.01"	"0.005"	"0.01"	"100000"	"10000"	"200"	"5965083993713994651"	95000	"intercept"	0.483391033395
"0.85"	"0.8"	"0.45"	"0.01"	"0.005"	"0.01"	"100000"	"10000"	"200"	"5965083993713994651"	100000	"slope"	-0.121781356595
"0.85"	"0.8"	"0.45"	"0.01"	"0.005"	"0.01"	"100000"	"10000"	"200"	"5965083993713994651"	100000	"intercept"	0.616078848
"0.85"	"0.8"	"0.45"	"0.01"	"0.005"	"0.01"	"100000"	"10000"	"200"	"9056445724147005270"	10	"slope"	-4.27174e-05
"0.85"	"0.8"	"0.45"	"0.01"	"0.005"	"0.01"	"100000"	"10000"	"200"	"9056445724147005270"	10	"intercept"	0.500073335
"0.85"	"0.8"	"0.45"	"0.01"	"0.005"	"0.01"	"100000"	"10000"	"200"	"9056445724147005270"	5000	"slope"	-0.03487568625
"0.85"	"0.8"	"0.45"	"0.01"	"0.005"	"0.01"	"100000"	"10000"	"200"	"9056445724147005270"	5000	"intercept"	0.76342099
"0.85"	"0.8"	"0.45"	"0.01"	"0.005"	"0.01"	"100000"	"10000"	"200"	"9056445724147005270"	10000	"slope"	-0.15003596046
"0.85"	"0.8"	"0.45"	"0.01"	"0.005"	"0.01"	"100000"	"10000"	"200"	"9056445724147005270"	10000	"intercept"	0.704765255
"0.85"	"0.8"	"0.45"	"0.01"	"0.005"	"0.01"	"100000"	"10000"	"200"	"9056445724147005270"	15000	"slope"	-0.17108650493
"0.85"	"0.8"	"0.45"	"0.01"	"0.005"	"0.01"	"100000"	"10000"	"200"	"9056445724147005270"	15000	"intercept"	0.7092141046
"0.85"	"0.8"	"0.45"	"0.01"	"0.005"	"0.01"	"100000"	"10000"	"200"	"9056445724147005270"	20000	"slope"	-0.2132657645
"0.85"	"0.8"	"0.45"	"0.01"	"0.005"	"0.01"	"100000"	"10000"	"200"	"9056445724147005270"	20000	"intercept"	0.659782675
"0.85"	"0.8"	"0.45"	"0.01"	"0.005"	"0.01"	"100000"	"10000"	"200"	"9056445724147005270"	25000	"slope"	-0.197780151945
"0.85"	"0.8"	"0.45"	"0.01"	"0.005"	"0.01"	"100000"	"10000"	"200"	"9056445724147005270"	25000	"intercept"	0.66123227
"0.85"	"0.8"	"0.45"	"0.01"	"0.005"	"0.01"	"100000"	"10000"	"200"	"9056445724147005270"	30000	"slope"	-0.17453362549
"0.85"	"0.8"	"0.45"	"0.01"	"0.005"	"0.01"	"100000"	"10000"	"200"	"9056445724147005270"	30000	"intercept"	0.61872343
"0.85"	"0.8"	"0.45"	"0.01"	"0.005"	"0.01"	"100000"	"10000"	"200"	"9056445724147005270"	35000	"slope"	-0.198058742095
"0.85"	"0.8"	"0.45"	"0.01"	"0.005"	"0.01"	"100000"	"10000"	"200"	"9056445724147005270"	35000	"intercept"	0.60725597
"0.85"	"0.8"	"0.45"	"0.01"	"0.005"	"0.01"	"100000"	"10000"	"200"	"9056445724147005270"	40000	"slope"	-0.0773083765
"0.85"	"0.8"	"0.45"	"0.01"	"0.005"	"0.01"	"100000"	"10000"	"200"	"9056445724147005270"	40000	"intercept"	0.62415499
"0.85"	"0.8"	"0.45"	"0.01"	"0.005"	"0.01"	"100000"	"10000"	"200"	"9056445724147005270"	45000	"slope"	-0.110781832
"0.85"	"0.8"	"0.45"	"0.01"	"0.005"	"0.01"	"100000"	"10000"	"200"	"9056445724147005270"	45000	"intercept"	0.572964377
"0.85"	"0.8"	"0.45"	"0.01"	"0.005"	"0.01"	"100000"	"10000"	"200"	"9056445724147005270"	50000	"slope"	-0.053318729
"0.85"	"0.8"	"0.45"	"0.01"	"0.005"	"0.01"	"100000"	"10000"	"200"	"9056445724147005270"	50000	"intercept"	0.589298109
"0.85"	"0.8"	"0.45"	"0.01"	"0.005"	"0.01"	"100000"	"10000"	"200"	"9056445724147005270"	55000	"slope"	-0.066398935
"0.85"	"0.8"	"0.45"	"0.01"	"0.005"	"0.01"	"100000"	"10000"	"200"	"9056445724147005270"	55000	"intercept"	0.581549826
"0.85"	"0.8"	"0.45"	"0.01"	"0.005"	"0.01"	"100000"	"10000"	"200"	"9056445724147005270"	60000	"slope"	-0.05169771
"0.85"	"0.8"	"0.45"	"0.01"	"0.005"	"0.01"	"100000"	"10000"	"200"	"9056445724147005270"	60000	"intercept"	0.585897499
"0.85"	"0.8"	"0.45"	"0.01"	"0.005"	"0.01"	"100000"	"10000"	"200"	"9056445724147005270"	65000	"slope"	-0.122239301
"0.85"	"0.8"	"0.45"	"0.01"	"0.005"	"0.01"	"100000"	"10000"	"200"	"9056445724147005270"	65000	"intercept"	0.546020888
"0.85"	"0.8"	"0.45"	"0.01"	"0.005"	"0.01"	"100000"	"10000"	"200"	"9056445724147005270"	70000	"slope"	-0.1217710315
"0.85"	"0.8"	"0.45"	"0.01"	"0.005"	"0.01"	"100000"	"10000"	"200"	"9056445724147005270"	70000	"intercept"	0.5633463515
"0.85"	"0.8"	"0.45"	"0.01"	"0.005"	"0.01"	"100000"	"10000"	"200"	"9056445724147005270"	75000	"slope"	-0.1399797875
"0.85"	"0.8"	"0.45"	"0.01"	"0.005"	"0.01"	"100000"	"10000"	"200"	"9056445724147005270"	75000	"intercept"	0.594337308
"0.85"	"0.8"	"0.45"	"0.01"	"0.005"	"0.01"	"100000"	"10000"	"200"	"9056445724147005270"	80000	"slope"	-0.1155296335
"0.85"	"0.8"	"0.45"	"0.01"	"0.005"	"0.01"	"100000"	"10000"	"200"	"9056445724147005270"	80000	"intercept"	0.6040719605
"0.85"	"0.8"	"0.45"	"0.01"	"0.005"	"0.01"	"100000"	"10000"	"200"	"9056445724147005270"	85000	"slope"	-0.129856655
"0.85"	"0.8"	"0.45"	"0.01"	"0.005"	"0.01"	"100000"	"10000"	"200"	"9056445724147005270"	85000	"intercept"	0.5452887585
"0.85"	"0.8"	"0.45"	"0.01"	"0.005"	"0.01"	"100000"	"10000"	"200"	"9056445724147005270"	90000	"slope"	-0.113309335
"0.85"	"0.8"	"0.45"	"0.01"	"0.005"	"0.01"	"100000"	"10000"	"200"	"9056445724147005270"	90000	"intercept"	0.5534147955
"0.85"	"0.8"	"0.45"	"0.01"	"0.005"	"0.01"	"100000"	"10000"	"200"	"9056445724147005270"	95000	"slope"	-0.0969823725
"0.85"	"0.8"	"0.45"	"0.01"	"0.005"	"0.01"	"100000"	"10000"	"200"	"9056445724147005270"	95000	"intercept"	0.597169741
"0.85"	"0.8"	"0.45"	"0.01"	"0.005"	"0.01"	"100000"	"10000"	"200"	"9056445724147005270"	100000	"slope"	-0.084959622
"0.85"	"0.8"	"0.45"	"0.01"	"0.005"	"0.01"	"100000"	"10000"	"200"	"9056445724147005270"	100000	"intercept"	0.64811696405
"0.95"	"0.0"	"0.45"	"0.01"	"0.005"	"0.01"	"100000"	"10000"	"200"	"1395473883887803602"	10	"slope"	-0.00010108765
"0.95"	"0.0"	"0.45"	"0.01"	"0.005"	"0.01"	"100000"	"10000"	"200"	"1395473883887803602"	10	"intercept"	0.499996245
"0.95"	"0.0"	"0.45"	"0.01"	"0.005"	"0.01"	"100000"	"10000"	"200"	"1395473883887803602"	5000	"slope"	0.0773377375
"0.95"	"0.0"	"0.45"	"0.01"	"0.005"	"0.01"	"100000"	"10000"	"200"	"1395473883887803602"	5000	"intercept"	0.88402872
"0.95"	"0.0"	"0.45"	"0.01"	"0.005"	"0.01"	"100000"	"10000"	"200"	"1395473883887803602"	10000	"slope"	0.040926542585
"0.95"	"0.0"	"0.45"	"0.01"	"0.005"	"0.01"	"100000"	"10000"	"200"	"1395473883887803602"	10000	"intercept"	0.90975287
"0.95"	"0.0"	"0.45"	"0.01"	"0.005"	"0.01"	"100000"	"10000"	"200"	"1395473883887803602"	15000	"slope"	0.043499715435
"0.95"	"0.0"	"0.45"	"0.01"	"0.005"	"0.01"	"100000"	"10000"	"200"	"1395473883887803602"	15000	"intercept"	0.907995745
"0.95"	"0.0"	"0.45"	"0.01"	"0.005"	"0.01"	"100000"	"10000"	"200"	"1395473883887803602"	20000	"slope"	0.037664261975
"0.95"	"0.0"	"0.45"	"0.01"	"0.005"	"0.01"	"100000"	"10000"	"200"	"1395473883887803602"	20000	"intercept"	0.90899275
"0.95"	"0.0"	"0.45"	"0.01"	"0.005"	"0.01"	"100000"	"10000"	"200"	"1395473883887803602"	25000	"slope"	0.04558041485
"0.95"	"0.0"	"0.45"	"0.01"	"0.005"	"0.01"	"100000"	"10000"	"200"	"1395473883887803602"	25000	"intercept"	0.90424818
"0.95"	"0.0"	"0.45"	"0.01"	"0.005"	"0.01"	"100000"	"10000"	"200"	"1395473883887803602"	30000	"slope"	0.0380721255
"0.95"	"0.0"	"0.45"	"0.01"	"0.005"	"0.01"	"100000"	"10000"	"200"	"1395473883887803602"	30000	"intercept"	0.908906415
"0.95"	"0.0"	"0.45"	"0.01"	"0.005"	"0.01"	"100000"	"10000"	"200"	"1395473883887803602"	35000	"slope"	0.0457826887
"0.95"	"0.0"	"0.45"	"0.01"	"0.005"	"0.01"	"100000"	"10000"	"200"	"1395473883887803602"	35000	"intercept"	0.9036746
"0.95"	"0.0"	"0.45"	"0.01"	"0.005"	"0.01"	"100000"	"10000"	"200"	"1395473883887803602"	40000	"slope"	0.0290822784
"0.95"	"0.0"	"0.45"	"0.01"	"0.005"	"0.01"	"100000"	"10000"	"200"	"1395473883887803602"	40000	"intercept"	0.91209516
"0.95"	"0.0"	"0.45"	"0.01"	"0.005"	"0.01"	"100000"	"10000"	"200"	"1395473883887803602"	45000	"slope"	0.017577775675
"0.95"	"0.0"	"0.45"	"0.01"	"0.005"	"0.01"	"100000"	"10000"	"200"	"1395473883887803602"	45000	"intercept"	0.915549055
"0.95"	"0.0"	"0.45"	"0.01"	"0.005"	"0.01"	"100000"	"10000"	"200"	"1395473883887803602"	50000	"slope"	0.03484095497
"0.95"	"0.0"	"0.45"	"0.01"	"0.005"	"0.01"	"100000"	"10000"	"200"	"1395473883887803602"	50000	"intercept"	0.910977815
"0.95"	"0.0"	"0.45"	"0.01"	"0.005"	"0.01"	"100000"	"10000"	"200"	"1395473883887803602"	55000	"slope"	0.02682385867
"0.95"	"0.0"	"0.45"	"0.01"	"0.005"	"0.01"	"100000"	"10000"	"200"	"1395473883887803602"	55000	"intercept"	0.9141418
"0.95"	"0.0"	"0.45"	"0.01"	"0.005"	"0.01"	"100000"	"10000"	"200"	"1395473883887803602"	60000	"slope"	0.0313775419
"0.95"	"0.0"	"0.45"	"0.01"	"0.005"	"0.01"	"100000"	"10000"	"200"	"1395473883887803602"	60000	"intercept"	0.91247383
"0.95"	"0.0"	"0.45"	"0.01"	"0.005"	"0.01"	"100000"	"10000"	"200"	"1395473883887803602"	65000	"slope"	0.050401383795
"0.95"	"0.0"	"0.45"	"0.01"	"0.005"	"0.01"	"100000"	"10000"	"200"	"1395473883887803602"	65000	"intercept"	0.899135005
"0.95"	"0.0"	"0.45"	"0.01"	"0.005"	"0.01"	"100000"	"10000"	"200"	"1395473883887803602"	70000	"slope"	0.0295185653
"0.95"	"0.0"	"0.45"	"0.01"	"0.005"	"0.01"	"100000"	"10000"	"200"	"1395473883887803602"	70000	"intercept"	0.91403688
"0.95"	"0.0"	"0.45"	"0.01"	"0.005"	"0.01"	"100000"	"10000"	"200"	"1395473883887803602"	75000	"slope"	0.02592162552
"0.95"	"0.0"	"0.45"	"0.01"	"0.005"	"0.01"	"100000"	"10000"	"200"	"1395473883887803602"	75000	"intercept"	0.91481263
"0.95"	"0.0"	"0.45"	"0.01"	"0.005"	"0.01"	"100000"	"10000"	"200"	"1395473883887803602"	80000	"slope"	0.020788706016
"0.95"	"0.0"	"0.45"	"0.01"	"0.005"	"0.01"	"100000"	"10000"	"200"	"1395473883887803602"	80000	"intercept"	0.9212727
"0.95"	"0.0"	"0.45"	"0.01"	"0.005"	"0.01"	"100000"	"10000"	"200"	"1395473883887803602"	85000	"slope"	0.04398555157
"0.95"	"0.0"	"0.45"	"0.01"	"0.005"	"0.01"	"100000"	"10000"	"200"	"1395473883887803602"	85000	"intercept"	0.903479365
"0.95"	"0.0"	"0.45"	"0.01"	"0.005"	"0.01"	"100000"	"10000"	"200"	"1395473883887803602"	90000	"slope"	0.030597637395
"0.95"	"0.0"	"0.45"	"0.01"	"0.005"	"0.01"	"100000"	"10000"	"200"	"1395473883887803602"	90000	"intercept"	0.911359475
"0.95"	"0.0"	"0.45"	"0.01"	"0.005"	"0.01"	"100000"	"10000"	"200"	"1395473883887803602"	95000	"slope"	0.027963915095
"0.95"	"0.0"	"0.45"	"0.01"	"0.005"	"0.01"	"100000"	"10000"	"200"	"1395473883887803602"	95000	"intercept"	0.90947092
"0.95"	"0.0"	"0.45"	"0.01"	"0.005"	"0.01"	"100000"	"10000"	"200"	"1395473883887803602"	100000	"slope"	0.02267346505
"0.95"	"0.0"	"0.45"	"0.01"	"0.005"	"0.01"	"100000"	"10000"	"200"	"1395473883887803602"	100000	"intercept"	0.91371517
"0.95"	"0.0"	"0.45"	"0.01"	"0.005"	"0.01"	"100000"	"10000"	"200"	"4379852837387464955"	10	"slope"	0.000158014035
"0.95"	"0.0"	"0.45"	"0.01"	"0.005"	"0.01"	"100000"	"10000"	"200"	"4379852837387464955"	10	"intercept"	0.50018041
"0.95"	"0.0"	"0.45"	"0.01"	"0.005"	"0.01"	"100000"	"10000"	"200"	"4379852837387464955"	5000	"slope"	0.068014869
"0.95"	"0.0"	"0.45"	"0.01"	"0.005"	"0.01"	"100000"	"10000"	"200"	"4379852837387464955"	5000	"intercept"	0.886782955
"0.95"	"0.0"	"0.45"	"0.01"	"0.005"	"0.01"	"100000"	"10000"	"200"	"4379852837387464955"	10000	"slope"	0.0523690953
"0.95"	"0.0"	"0.45"	"0.01"	"0.005"	"0.01"	"100000"	"10000"	"200"	"4379852837387464955"	10000	"intercept"	0.8997959
"0.95"	"0.0"	"0.45"	"0.01"	"0.005"	"0.01"	"100000"	"10000"	"200"	"4379852837387464955"	15000	"slope"	0.03453321775
"0.95"	"0.0"	"0.45"	"0.01"	"0.005"	"0.01"	"100000"	"10000"	"200"	"4379852837387464955"	15000	"intercept"	0.90733486
"0.95"	"0.0"	"0.45"	"0.01"	"0.005"	"0.01"	"100000"	"10000"	"200"	"4379852837387464955"	20000	"slope"	0.0444640806
"0.95"	"0.0"	"0.45"	"0.01"	"0.005"	"0.01"	"100000"	"10000"	"200"	"4379852837387464955"	20000	"intercept"	0.90231396
"0.95"	"0.0"	"0.45"	"0.01"	"0.005"	"0.01"	"100000"	"10000"	"200"	"4379852837387464955"	25000	"slope"	0.0430353617
"0.95"	"0.0"	"0.45"	"0.01"	"0.005"	"0.01"	"100000"	"10000"	"200"	"4379852837387464955"	25000	"intercept"	0.904902655
"0.95"	"0.0"	"0.45"	"0.01"	"0.005"	"0.01"	"100000"	"10000"	"200"	"4379852837387464955"	30000	"slope"	0.05284242298
"0.95"	"0.0"	"0.45"	"0.01"	"0.005"	"0.01"	"100000"	"10000"	"200"	"4379852837387464955"	30000	"intercept"	0.90003115
"0.95"	"0.0"	"0.45"	"0.01"	"0.005"	"0.01"	"100000"	"10000"	"200"	"4379852837387464955"	35000	"slope"	0.0328064818
"0.95"	"0.0"	"0.45"	"0.01"	"0.005"	"0.01"	"100000"	"10000"	"200"	"4379852837387464955"	35000	"intercept"	0.912717585
"0.95"	"0.0"	"0.45"	"0.01"	"0.005"	"0.01"	"100000"	"10000"	"200"	"4379852837387464955"	40000	"slope"	0.0331113196455
"0.95"	"0.0"	"0.45"	"0.01"	"0.005"	"0.01"	"100000"	"10000"	"200"	"4379852837387464955"	40000	"intercept"	0.9089628
"0.95"	"0.0"	"0.45"	"0.01"	"0.005"	"0.01"	"100000"	"10000"	"200"	"4379852837387464955"	45000	"slope"	0.02460701281
"0.95"	"0.0"	"0.45"	"0.01"	"0.005"	"0.01"	"100000"	"10000"	"200"	"4379852837387464955"	45000	"intercept"	0.918287685
"0.95"	"0.0"	"0.45"	"0.01"	"0.005"	"0.01"	"100000"	"10000"	"200"	"4379852837387464955"	50000	"slope"	0.02479027488
"0.95"	"0.0"	"0.45"	"0.01"	"0.005"	"0.01"	"100000"	"10000"	"200"	"4379852837387464955"	50000	"intercept"	0.916401395
"0.95"	"0.0"	"0.45"	"0.01"	"0.005"	"0.01"	"100000"	"10000"	"200"	"4379852837387464955"	55000	"slope"	0.0418220444
"0.95"	"0.0"	"0.45"	"0.01"	"0.005"	"0.01"	"100000"	"10000"	"200"	"4379852837387464955"	55000	"intercept"	0.902837675
"0.95"	"0.0"	"0.45"	"0.01"	"0.005"	"0.01"	"100000"	"10000"	"200"	"4379852837387464955"	60000	"slope"	0.03250320632
"0.95"	"0.0"	"0.45"	"0.01"	"0.005"	"0.01"	"100000"	"10000"	"200"	"4379852837387464955"	60000	"intercept"	0.915217345
"0.95"	"0.0"	"0.45"	"0.01"	"0.005"	"0.01"	"100000"	"10000"	"200"	"4379852837387464955"	65000	"slope"	0.04344525865
"0.95"	"0.0"	"0.45"	"0.01"	"0.005"	"0.01"	"100000"	"10000"	"200"	"4379852837387464955"	65000	"intercept"	0.902608385
"0.95"	"0.0"	"0.45"	"0.01"	"0.005"	"0.01"	"100000"	"10000"	"200"	"4379852837387464955"	70000	"slope"	0.025138971
"0.95"	"0.0"	"0.45"	"0.01"	"0.005"	"0.01"	"100000"	"10000"	"200"	"4379852837387464955"	70000	"intercept"	0.918656085
"0.95"	"0.0"	"0.45"	"0.01"	"0.005"	"0.01"	"100000"	"10000"	"200"	"4379852837387464955"	75000	"slope"	0.03251022946
"0.95"	"0.0"	"0.45"	"0.01"	"0.005"	"0.01"	"100000"	"10000"	"200"	"4379852837387464955"	75000	"intercept"	0.910423235
"0.95"	"0.0"	"0.45"	"0.01"	"0.005"	"0.01"	"100000"	"10000"	"200"	"4379852837387464955"	80000	"slope"	0.0407562254
"0.95"	"0.0"	"0.45"	"0.01"	"0.005"	"0.01"	"100000"	"10000"	"200"	"4379852837387464955"	80000	"intercept"	0.904040675
"0.95"	"0.0"	"0.45"	"0.01"	"0.005"	"0.01"	"100000"	"10000"	"200"	"4379852837387464955"	85000	"slope"	0.0415094077
"0.95"	"0.0"	"0.45"	"0.01"	"0.005"	"0.01"	"100000"	"10000"	"200"	"4379852837387464955"	85000	"intercept"	0.90163695
"0.95"	"0.0"	"0.45"	"0.01"	"0.005"	"0.01"	"100000"	"10000"	"200"	"4379852837387464955"	90000	"slope"	0.04523197725
"0.95"	"0.0"	"0.45"	"0.01"	"0.005"	"0.01"	"100000"	"10000"	"200"	"4379852837387464955"	90000	"intercept"	0.902208735
"0.95"	"0.0"	"0.45"	"0.01"	"0.005"	"0.01"	"100000"	"10000"	"200"	"4379852837387464955"	95000	"slope"	0.03641325098
"0.95"	"0.0"	"0.45"	"0.01"	"0.005"	"0.01"	"100000"	"10000"	"200"	"4379852837387464955"	95000	"intercept"	0.909943065
"0.95"	"0.0"	"0.45"	"0.01"	"0.005"	"0.01"	"100000"	"10000"	"200"	"4379852837387464955"	100000	"slope"	0.0263302413395
"0.95"	"0.0"	"0.45"	"0.01"	"0.005"	"0.01"	"100000"	"10000"	"200"	"4379852837387464955"	100000	"intercept"	0.917258785
"0.95"	"0.0"	"0.45"	"0.01"	"0.005"	"0.01"	"100000"	"10000"	"200"	"912531981681173934"	10	"slope"	0.00010980405
"0.95"	"0.0"	"0.45"	"0.01"	"0.005"	"0.01"	"100000"	"10000"	"200"	"912531981681173934"	10	"intercept"	0.50010905
"0.95"	"0.0"	"0.45"	"0.01"	"0.005"	"0.01"	"100000"	"10000"	"200"	"912531981681173934"	5000	"slope"	0.0738033145
"0.95"	"0.0"	"0.45"	"0.01"	"0.005"	"0.01"	"100000"	"10000"	"200"	"912531981681173934"	5000	"intercept"	0.885588325
"0.95"	"0.0"	"0.45"	"0.01"	"0.005"	"0.01"	"100000"	"10000"	"200"	"912531981681173934"	10000	"slope"	0.05062423715
"0.95"	"0.0"	"0.45"	"0.01"	"0.005"	"0.01"	"100000"	"10000"	"200"	"912531981681173934"	10000	"intercept"	0.902389945
"0.95"	"0.0"	"0.45"	"0.01"	"0.005"	"0.01"	"100000"	"10000"	"200"	"912531981681173934"	15000	"slope"	0.03756200931
"0.95"	"0.0"	"0.45"	"0.01"	"0.005"	"0.01"	"100000"	"10000"	"200"	"912531981681173934"	15000	"intercept"	0.90591654
"0.95"	"0.0"	"0.45"	"0.01"	"0.005"	"0.01"	"100000"	"10000"	"200"	"912531981681173934"	20000	"slope"	0.04185819618
"0.95"	"0.0"	"0.45"	"0.01"	"0.005"	"0.01"	"100000"	"10000"	"200"	"912531981681173934"	20000	"intercept"	0.90154453
"0.95"	"0.0"	"0.45"	"0.01"	"0.005"	"0.01"	"100000"	"10000"	"200"	"912531981681173934"	25000	"slope"	0.019090249305
"0.95"	"0.0"	"0.45"	"0.01"	"0.005"	"0.01"	"100000"	"10000"	"200"	"912531981681173934"	25000	"intercept"	0.918963285
"0.95"	"0.0"	"0.45"	"0.01"	"0.005"	"0.01"	"100000"	"10000"	"200"	"912531981681173934"	30000	"slope"	0.02891915751
"0.95"	"0.0"	"0.45"	"0.01"	"0.005"	"0.01"	"100000"	"10000"	"200"	"912531981681173934"	30000	"intercept"	0.91364568
"0.95"	"0.0"	"0.45"	"0.01"	"0.005"	"0.01"	"100000"	"10000"	"200"	"912531981681173934"	35000	"slope"	0.0402681329
"0.95"	"0.0"	"0.45"	"0.01"	"0.005"	"0.01"	"100000"	"10000"	"200"	"912531981681173934"	35000	"intercept"	0.90827512
"0.95"	"0.0"	"0.45"	"0.01"	"0.005"	"0.01"	"100000"	"10000"	"200"	"912531981681173934"	40000	"slope"	0.0336601773
"0.95"	"0.0"	"0.45"	"0.01"	"0.005"	"0.01"	"100000"	"10000"	"200"	"912531981681173934"	40000	"intercept"	0.91105233
"0.95"	"0.0"	"0.45"	"0.01"	"0.005"	"0.01"	"100000"	"10000"	"200"	"912531981681173934"	45000	"slope"	0.036809599505
"0.95"	"0.0"	"0.45"	"0.01"	"0.005"	"0.01"	"100000"	"10000"	"200"	"912531981681173934"	45000	"intercept"	0.91087803
"0.95"	"0.0"	"0.45"	"0.01"	"0.005"	"0.01"	"100000"	"10000"	"200"	"912531981681173934"	50000	"slope"	0.0409281285493
"0.95"	"0.0"	"0.45"	"0.01"	"0.005"	"0.01"	"100000"	"10000"	"200"	"912531981681173934"	50000	"intercept"	0.90415236
"0.95"	"0.0"	"0.45"	"0.01"	"0.005"	"0.01"	"100000"	"10000"	"200"	"912531981681173934"	55000	"slope"	0.03728856769
"0.95"	"0.0"	"0.45"	"0.01"	"0.005"	"0.01"	"100000"	"10000"	"200"	"912531981681173934"	55000	"intercept"	0.90478567
"0.95"	"0.0"	"0.45"	"0.01"	"0.005"	"0.01"	"100000"	"10000"	"200"	"912531981681173934"	60000	"slope"	0.04049287825
"0.95"	"0.0"	"0.45"	"0.01"	"0.005"	"0.01"	"100000"	"10000"	"200"	"912531981681173934"	60000	"intercept"	0.90890909
"0.95"	"0.0"	"0.45"	"0.01"	"0.005"	"0.01"	"100000"	"10000"	"200"	"912531981681173934"	65000	"slope"	0.03396031782
"0.95"	"0.0"	"0.45"	"0.01"	"0.005"	"0.01"	"100000"	"10000"	"200"	"912531981681173934"	65000	"intercept"	0.908437025
"0.95"	"0.0"	"0.45"	"0.01"	"0.005"	"0.01"	"100000"	"10000"	"200"	"912531981681173934"	70000	"slope"	0.01759973165
"0.95"	"0.0"	"0.45"	"0.01"	"0.005"	"0.01"	"100000"	"10000"	"200"	"912531981681173934"	70000	"intercept"	0.9196951
"0.95"	"0.0"	"0.45"	"0.01"	"0.005"	"0.01"	"100000"	"10000"	"200"	"912531981681173934"	75000	"slope"	0.023726002195
"0.95"	"0.0"	"0.45"	"0.01"	"0.005"	"0.01"	"100000"	"10000"	"200"	"912531981681173934"	75000	"intercept"	0.91416033
"0.95"	"0.0"	"0.45"	"0.01"	"0.005"	"0.01"	"100000"	"10000"	"200"	"912531981681173934"	80000	"slope"	0.03575757827
"0.95"	"0.0"	"0.45"	"0.01"	"0.005"	"0.01"	"100000"	"10000"	"200"	"912531981681173934"	80000	"intercept"	0.91064073
"0.95"	"0.0"	"0.45"	"0.01"	"0.005"	"0.01"	"100000"	"10000"	"200"	"912531981681173934"	85000	"slope"	0.029825902545
"0.95"	"0.0"	"0.45"	"0.01"	"0.005"	"0.01"	"100000"	"10000"	"200"	"912531981681173934"	85000	"intercept"	0.915700325
"0.95"	"0.0"	"0.45"	"0.01"	"0.005"	"0.01"	"100000"	"10000"	"200"	"912531981681173934"	90000	"slope"	0.02779508655
"0.95"	"0.0"	"0.45"	"0.01"	"0.005"	"0.01"	"100000"	"10000"	"200"	"912531981681173934"	90000	"intercept"	0.91182876
"0.95"	"0.0"	"0.45"	"0.01"	"0.005"	"0.01"	"100000"	"10000"	"200"	"912531981681173934"	95000	"slope"	0.035828797815
"0.95"	"0.0"	"0.45"	"0.01"	"0.005"	"0.01"	"100000"	"10000"	"200"	"912531981681173934"	95000	"intercept"	0.9114489
"0.95"	"0.0"	"0.45"	"0.01"	"0.005"	"0.01"	"100000"	"10000"	"200"	"912531981681173934"	100000	"slope"	0.027852321905
"0.95"	"0.0"	"0.45"	"0.01"	"0.005"	"0.01"	"100000"	"10000"	"200"	"912531981681173934"	100000	"intercept"	0.917776495
"0.95"	"0.4"	"0.45"	"0.01"	"0.005"	"0.01"	"100000"	"10000"	"200"	"2617323994845208832"	10	"slope"	-0.00013906404
"0.95"	"0.4"	"0.45"	"0.01"	"0.005"	"0.01"	"100000"	"10000"	"200"	"2617323994845208832"	10	"intercept"	0.499851745
"0.95"	"0.4"	"0.45"	"0.01"	"0.005"	"0.01"	"100000"	"10000"	"200"	"2617323994845208832"	5000	"slope"	0.02850012233
"0.95"	"0.4"	"0.45"	"0.01"	"0.005"	"0.01"	"100000"	"10000"	"200"	"2617323994845208832"	5000	"intercept"	0.90257467
"0.95"	"0.4"	"0.45"	"0.01"	"0.005"	"0.01"	"100000"	"10000"	"200"	"2617323994845208832"	10000	"slope"	-0.012828567523
"0.95"	"0.4"	"0.45"	"0.01"	"0.005"	"0.01"	"100000"	"10000"	"200"	"2617323994845208832"	10000	"intercept"	0.929151355
"0.95"	"0.4"	"0.45"	"0.01"	"0.005"	"0.01"	"100000"	"10000"	"200"	"2617323994845208832"	15000	"slope"	0.0119684903625
"0.95"	"0.4"	"0.45"	"0.01"	"0.005"	"0.01"	"100000"	"10000"	"200"	"2617323994845208832"	15000	"intercept"	0.91092006
"0.95"	"0.4"	"0.45"	"0.01"	"0.005"	"0.01"	"100000"	"10000"	"200"	"2617323994845208832"	20000	"slope"	0.0031131643415
"0.95"	"0.4"	"0.45"	"0.01"	"0.005"	"0.01"	"100000"	"10000"	"200"	"2617323994845208832"	20000	"intercept"	0.91692686
"0.95"	"0.4"	"0.45"	"0.01"	"0.005"	"0.01"	"100000"	"10000"	"200"	"2617323994845208832"	25000	"slope"	-0.002328041275
"0.95"	"0.4"	"0.45"	"0.01"	"0.005"	"0.01"	"100000"	"10000"	"200"	"2617323994845208832"	25000	"intercept"	0.919448755
"0.95"	"0.4"	"0.45"	"0.01"	"0.005"	"0.01"	"100000"	"10000"	"200"	"2617323994845208832"	30000	"slope"	0.002393638865
"0.95"	"0.4"	"0.45"	"0.01"	"0.005"	"0.01"	"100000"	"10000"	"200"	"2617323994845208832"	30000	"intercept"	0.920912125
"0.95"	"0.4"	"0.45"	"0.01"	"0.005"	"0.01"	"100000"	"10000"	"200"	"2617323994845208832"	35000	"slope"	-0.00501453968
"0.95"	"0.4"	"0.45"	"0.01"	"0.005"	"0.01"	"100000"	"10000"	"200"	"2617323994845208832"	35000	"intercept"	0.92295241
"0.95"	"0.4"	"0.45"	"0.01"	"0.005"	"0.01"	"100000"	"10000"	"200"	"2617323994845208832"	40000	"slope"	0.01485308503
"0.95"	"0.4"	"0.45"	"0.01"	"0.005"	"0.01"	"100000"	"10000"	"200"	"2617323994845208832"	40000	"intercept"	0.91144128
"0.95"	"0.4"	"0.45"	"0.01"	"0.005"	"0.01"	"100000"	"10000"	"200"	"2617323994845208832"	45000	"slope"	0.01623674639
"0.95"	"0.4"	"0.45"	"0.01"	"0.005"	"0.01"	"100000"	"10000"	"200"	"2617323994845208832"	45000	"intercept"	0.915074595
"0.95"	"0.4"	"0.45"	"0.01"	"0.005"	"0.01"	"100000"	"10000"	"200"	"2617323994845208832"	50000	"slope"	0.01131878693
"0.95"	"0.4"	"0.45"	"0.01"	"0.005"	"0.01"	"100000"	"10000"	"200"	"2617323994845208832"	50000	"intercept"	0.909633455
"0.95"	"0.4"	"0.45"	"0.01"	"0.005"	"0.01"	"100000"	"10000"	"200"	"2617323994845208832"	55000	"slope"	-0.01290944795
"0.95"	"0.4"	"0.45"	"0.01"	"0.005"	"0.01"	"100000"	"10000"	"200"	"2617323994845208832"	55000	"intercept"	0.921582285
"0.95"	"0.4"	"0.45"	"0.01"	"0.005"	"0.01"	"100000"	"10000"	"200"	"2617323994845208832"	60000	"slope"	0.01783488828
"0.95"	"0.4"	"0.45"	"0.01"	"0.005"	"0.01"	"100000"	"10000"	"200"	"2617323994845208832"	60000	"intercept"	0.90626981
"0.95"	"0.4"	"0.45"	"0.01"	"0.005"	"0.01"	"100000"	"10000"	"200"	"2617323994845208832"	65000	"slope"	-0.01606291916
"0.95"	"0.4"	"0.45"	"0.01"	"0.005"	"0.01"	"100000"	"10000"	"200"	"2617323994845208832"	65000	"intercept"	0.92518765
"0.95"	"0.4"	"0.45"	"0.01"	"0.005"	"0.01"	"100000"	"10000"	"200"	"2617323994845208832"	70000	"slope"	0.001251574945
"0.95"	"0.4"	"0.45"	"0.01"	"0.005"	"0.01"	"100000"	"10000"	"200"	"2617323994845208832"	70000	"intercept"	0.920704695
"0.95"	"0.4"	"0.45"	"0.01"	"0.005"	"0.01"	"100000"	"10000"	"200"	"2617323994845208832"	75000	"slope"	0.017924833251
"0.95"	"0.4"	"0.45"	"0.01"	"0.005"	"0.01"	"100000"	"10000"	"200"	"2617323994845208832"	75000	"intercept"	0.912739295
"0.95"	"0.4"	"0.45"	"0.01"	"0.005"	"0.01"	"100000"	"10000"	"200"	"2617323994845208832"	80000	"slope"	0.00634404354
"0.95"	"0.4"	"0.45"	"0.01"	"0.005"	"0.01"	"100000"	"10000"	"200"	"2617323994845208832"	80000	"intercept"	0.915000995
"0.95"	"0.4"	"0.45"	"0.01"	"0.005"	"0.01"	"100000"	"10000"	"200"	"2617323994845208832"	85000	"slope"	-0.01928746745
"0.95"	"0.4"	"0.45"	"0.01"	"0.005"	"0.01"	"100000"	"10000"	"200"	"2617323994845208832"	85000	"intercept"	0.92454035
"0.95"	"0.4"	"0.45"	"0.01"	"0.005"	"0.01"	"100000"	"10000"	"200"	"2617323994845208832"	90000	"slope"	-0.02717613623
"0.95"	"0.4"	"0.45"	"0.01"	"0.005"	"0.01"	"100000"	"10000"	"200"	"2617323994845208832"	90000	"intercept"	0.92966357
"0.95"	"0.4"	"0.45"	"0.01"	"0.005"	"0.01"	"100000"	"10000"	"200"	"2617323994845208832"	95000	"slope"	-0.008649370459
"0.95"	"0.4"	"0.45"	"0.01"	"0.005"	"0.01"	"100000"	"10000"	"200"	"2617323994845208832"	95000	"intercept"	0.921643765
"0.95"	"0.4"	"0.45"	"0.01"	"0.005"	"0.01"	"100000"	"10000"	"200"	"2617323994845208832"	100000	"slope"	-0.009712465494
"0.95"	"0.4"	"0.45"	"0.01"	"0.005"	"0.01"	"100000"	"10000"	"200"	"2617323994845208832"	100000	"intercept"	0.9217334
"0.95"	"0.4"	"0.45"	"0.01"	"0.005"	"0.01"	"100000"	"10000"	"200"	"5737206931867116661"	10	"slope"	5.590555e-06
"0.95"	"0.4"	"0.45"	"0.01"	"0.005"	"0.01"	"100000"	"10000"	"200"	"5737206931867116661"	10	"intercept"	0.499989
"0.95"	"0.4"	"0.45"	"0.01"	"0.005"	"0.01"	"100000"	"10000"	"200"	"5737206931867116661"	5000	"slope"	0.124247184
"0.95"	"0.4"	"0.45"	"0.01"	"0.005"	"0.01"	"100000"	"10000"	"200"	"5737206931867116661"	5000	"intercept"	0.84034332
"0.95"	"0.4"	"0.45"	"0.01"	"0.005"	"0.01"	"100000"	"10000"	"200"	"5737206931867116661"	10000	"slope"	0.030323499835
"0.95"	"0.4"	"0.45"	"0.01"	"0.005"	"0.01"	"100000"	"10000"	"200"	"5737206931867116661"	10000	"intercept"	0.90369653
"0.95"	"0.4"	"0.45"	"0.01"	"0.005"	"0.01"	"100000"	"10000"	"200"	"5737206931867116661"	15000	"slope"	0.0023740459975
"0.95"	"0.4"	"0.45"	"0.01"	"0.005"	"0.01"	"100000"	"10000"	"200"	"5737206931867116661"	15000	"intercept"	0.916860285
"0.95"	"0.4"	"0.45"	"0.01"	"0.005"	"0.01"	"100000"	"10000"	"200"	"5737206931867116661"	20000	"slope"	0.00314426901
"0.95"	"0.4"	"0.45"	"0.01"	"0.005"	"0.01"	"100000"	"10000"	"200"	"5737206931867116661"	20000	"intercept"	0.917047105
"0.95"	"0.4"	"0.45"	"0.01"	"0.005"	"0.01"	"100000"	"10000"	"200"	"5737206931867116661"	25000	"slope"	0.007423494065
"0.95"	"0.4"	"0.45"	"0.01"	"0.005"	"0.01"	"100000"	"10000"	"200"	"5737206931867116661"	25000	"intercept"	0.91602576
"0.95"	"0.4"	"0.45"	"0.01"	"0.005"	"0.01"	"100000"	"10000"	"200"	"5737206931867116661"	30000	"slope"	-0.020943942794
"0.95"	"0.4"	"0.45"	"0.01"	"0.005"	"0.01"	"100000"	"10000"	"200"	"5737206931867116661"	30000	"intercept"	0.928401935
"0.95"	"0.4"	"0.45"	"0.01"	"0.005"	"0.01"	"100000"	"10000"	"200"	"5737206931867116661"	35000	"slope"	-0.021254962055
"0.95"	"0.4"	"0.45"	"0.01"	"0.005"	"0.01"	"100000"	"10000"	"200"	"5737206931867116661"	35000	"intercept"	0.931176555
"0.95"	"0.4"	"0.45"	"0.01"	"0.005"	"0.01"	"100000"	"10000"	"200"	"5737206931867116661"	40000	"slope"	0.01214660574
"0.95"	"0.4"	"0.45"	"0.01"	"0.005"	"0.01"	"100000"	"10000"	"200"	"5737206931867116661"	40000	"intercept"	0.91189393
"0.95"	"0.4"	"0.45"	"0.01"	"0.005"	"0.01"	"100000"	"10000"	"200"	"5737206931867116661"	45000	"slope"	0.006324430925
"0.95"	"0.4"	"0.45"	"0.01"	"0.005"	"0.01"	"100000"	"10000"	"200"	"5737206931867116661"	45000	"intercept"	0.912240615
"0.95"	"0.4"	"0.45"	"0.01"	"0.005"	"0.01"	"100000"	"10000"	"200"	"5737206931867116661"	50000	"slope"	-0.0017601561115
"0.95"	"0.4"	"0.45"	"0.01"	"0.005"	"0.01"	"100000"	"10000"	"200"	"5737206931867116661"	50000	"intercept"	0.919355265
"0.95"	"0.4"	"0.45"	"0.01"	"0.005"	"0.01"	"100000"	"10000"	"200"	"5737206931867116661"	55000	"slope"	-0.01280019542
"0.95"	"0.4"	"0.45"	"0.01"	"0.005"	"0.01"	"100000"	"10000"	"200"	"5737206931867116661"	55000	"intercept"	0.924327
"0.95"	"0.4"	"0.45"	"0.01"	"0.005"	"0.01"	"100000"	"10000"	"200"	"5737206931867116661"	60000	"slope"	-0.00527900684
"0.95"	"0.4"	"0.45"	"0.01"	"0.005"	"0.01"	"100000"	"10000"	"200"	"5737206931867116661"	60000	"intercept"	0.919354965
"0.95"	"0.4"	"0.45"	"0.01"	"0.005"	"0.01"	"100000"	"10000"	"200"	"5737206931867116661"	65000	"slope"	-0.00210759984
"0.95"	"0.4"	"0.45"	"0.01"	"0.005"	"0.01"	"100000"	"10000"	"200"	"5737206931867116661"	65000	"intercept"	0.920445485
"0.95"	"0.4"	"0.45"	"0.01"	"0.005"	"0.01"	"100000"	"10000"	"200"	"5737206931867116661"	70000	"slope"	-0.01768827075
"0.95"	"0.4"	"0.45"	"0.01"	"0.005"	"0.01"	"100000"	"10000"	"200"	"5737206931867116661"	70000	"intercept"	0.927798805
"0.95"	"0.4"	"0.45"	"0.01"	"0.005"	"0.01"	"100000"	"10000"	"200"	"5737206931867116661"	75000	"slope"	-0.008040237945
"0.95"	"0.4"	"0.45"	"0.01"	"0.005"	"0.01"	"100000"	"10000"	"200"	"5737206931867116661"	75000	"intercept"	0.92032896
"0.95"	"0.4"	"0.45"	"0.01"	"0.005"	"0.01"	"100000"	"10000"	"200"	"5737206931867116661"	80000	"slope"	0.015098621039
"0.95"	"0.4"	"0.45"	"0.01"	"0.005"	"0.01"	"100000"	"10000"	"200"	"5737206931867116661"	80000	"intercept"	0.909068345
"0.95"	"0.4"	"0.45"	"0.01"	"0.005"	"0.01"	"100000"	"10000"	"200"	"5737206931867116661"	85000	"slope"	0.0006196643
"0.95"	"0.4"	"0.45"	"0.01"	"0.005"	"0.01"	"100000"	"10000"	"200"	"5737206931867116661"	85000	"intercept"	0.921274115
"0.95"	"0.4"	"0.45"	"0.01"	"0.005"	"0.01"	"100000"	"10000"	"200"	"5737206931867116661"	90000	"slope"	-0.020600140391
"0.95"	"0.4"	"0.45"	"0.01"	"0.005"	"0.01"	"100000"	"10000"	"200"	"5737206931867116661"	90000	"intercept"	0.930346745
"0.95"	"0.4"	"0.45"	"0.01"	"0.005"	"0.01"	"100000"	"10000"	"200"	"5737206931867116661"	95000	"slope"	0.003575573995
"0.95"	"0.4"	"0.45"	"0.01"	"0.005"	"0.01"	"100000"	"10000"	"200"	"5737206931867116661"	95000	"intercept"	0.91658241
"0.95"	"0.4"	"0.45"	"0.01"	"0.005"	"0.01"	"100000"	"10000"	"200"	"5737206931867116661"	100000	"slope"	0.00112467027
"0.95"	"0.4"	"0.45"	"0.01"	"0.005"	"0.01"	"100000"	"10000"	"200"	"5737206931867116661"	100000	"intercept"	0.92099231
"0.95"	"0.4"	"0.45"	"0.01"	"0.005"	"0.01"	"100000"	"10000"	"200"	"8613520432817301323"	10	"slope"	6.2962525e-05
"0.95"	"0.4"	"0.45"	"0.01"	"0.005"	"0.01"	"100000"	"10000"	"200"	"8613520432817301323"	10	"intercept"	0.49986559
"0.95"	"0.4"	"0.45"	"0.01"	"0.005"	"0.01"	"100000"	"10000"	"200"	"8613520432817301323"	5000	"slope"	0.10514421
"0.95"	"0.4"	"0.45"	"0.01"	"0.005"	"0.01"	"100000"	"10000"	"200"	"8613520432817301323"	5000	"intercept"	0.85377141
"0.95"	"0.4"	"0.45"	"0.01"	"0.005"	"0.01"	"100000"	"10000"	"200"	"8613520432817301323"	10000	"slope"	0.0274183944015
"0.95"	"0.4"	"0.45"	"0.01"	"0.005"	"0.01"	"100000"	"10000"	"200"	"8613520432817301323"	10000	"intercept"	0.904644955
"0.95"	"0.4"	"0.45"	"0.01"	"0.005"	"0.01"	"100000"	"10000"	"200"	"8613520432817301323"	15000	"slope"	0.0161119821265
"0.95"	"0.4"	"0.45"	"0.01"	"0.005"	"0.01"	"100000"	"10000"	"200"	"8613520432817301323"	15000	"intercept"	0.91293181
"0.95"	"0.4"	"0.45"	"0.01"	"0.005"	"0.01"	"100000"	"10000"	"200"	"8613520432817301323"	20000	"slope"	0.000319939895
"0.95"	"0.4"	"0.45"	"0.01"	"0.005"	"0.01"	"100000"	"10000"	"200"	"8613520432817301323"	20000	"intercept"	0.918827965
"0.95"	"0.4"	"0.45"	"0.01"	"0.005"	"0.01"	"100000"	"10000"	"200"	"8613520432817301323"	25000	"slope"	-0.008316559665
"0.95"	"0.4"	"0.45"	"0.01"	"0.005"	"0.01"	"100000"	"10000"	"200"	"8613520432817301323"	25000	"intercept"	0.92224184
"0.95"	"0.4"	"0.45"	"0.01"	"0.005"	"0.01"	"100000"	"10000"	"200"	"8613520432817301323"	30000	"slope"	0.000148636725
"0.95"	"0.4"	"0.45"	"0.01"	"0.005"	"0.01"	"100000"	"10000"	"200"	"8613520432817301323"	30000	"intercept"	0.917063325
"0.95"	"0.4"	"0.45"	"0.01"	"0.005"	"0.01"	"100000"	"10000"	"200"	"8613520432817301323"	35000	"slope"	-0.0020120981715
"0.95"	"0.4"	"0.45"	"0.01"	"0.005"	"0.01"	"100000"	"10000"	"200"	"8613520432817301323"	35000	"intercept"	0.923947475
"0.95"	"0.4"	"0.45"	"0.01"	"0.005"	"0.01"	"100000"	"10000"	"200"	"8613520432817301323"	40000	"slope"	-0.0261064801505
"0.95"	"0.4"	"0.45"	"0.01"	"0.005"	"0.01"	"100000"	"10000"	"200"	"8613520432817301323"	40000	"intercept"	0.935153825
"0.95"	"0.4"	"0.45"	"0.01"	"0.005"	"0.01"	"100000"	"10000"	"200"	"8613520432817301323"	45000	"slope"	-6.48969450000001e-05
"0.95"	"0.4"	"0.45"	"0.01"	"0.005"	"0.01"	"100000"	"10000"	"200"	"8613520432817301323"	45000	"intercept"	0.918201345
"0.95"	"0.4"	"0.45"	"0.01"	"0.005"	"0.01"	"100000"	"10000"	"200"	"8613520432817301323"	50000	"slope"	0.00813259151
"0.95"	"0.4"	"0.45"	"0.01"	"0.005"	"0.01"	"100000"	"10000"	"200"	"8613520432817301323"	50000	"intercept"	0.91659069
"0.95"	"0.4"	"0.45"	"0.01"	"0.005"	"0.01"	"100000"	"10000"	"200"	"8613520432817301323"	55000	"slope"	0.00271091819
"0.95"	"0.4"	"0.45"	"0.01"	"0.005"	"0.01"	"100000"	"10000"	"200"	"8613520432817301323"	55000	"intercept"	0.918702835
"0.95"	"0.4"	"0.45"	"0.01"	"0.005"	"0.01"	"100000"	"10000"	"200"	"8613520432817301323"	60000	"slope"	-0.009689566945
"0.95"	"0.4"	"0.45"	"0.01"	"0.005"	"0.01"	"100000"	"10000"	"200"	"8613520432817301323"	60000	"intercept"	0.92423306
"0.95"	"0.4"	"0.45"	"0.01"	"0.005"	"0.01"	"100000"	"10000"	"200"	"8613520432817301323"	65000	"slope"	-0.02301411277
"0.95"	"0.4"	"0.45"	"0.01"	"0.005"	"0.01"	"100000"	"10000"	"200"	"8613520432817301323"	65000	"intercept"	0.932067795
"0.95"	"0.4"	"0.45"	"0.01"	"0.005"	"0.01"	"100000"	"10000"	"200"	"8613520432817301323"	70000	"slope"	-0.002357710075
"0.95"	"0.4"	"0.45"	"0.01"	"0.005"	"0.01"	"100000"	"10000"	"200"	"8613520432817301323"	70000	"intercept"	0.918055545
"0.95"	"0.4"	"0.45"	"0.01"	"0.005"	"0.01"	"100000"	"10000"	"200"	"8613520432817301323"	75000	"slope"	0.0149103796
"0.95"	"0.4"	"0.45"	"0.01"	"0.005"	"0.01"	"100000"	"10000"	"200"	"8613520432817301323"	75000	"intercept"	0.909734205
"0.95"	"0.4"	"0.45"	"0.01"	"0.005"	"0.01"	"100000"	"10000"	"200"	"8613520432817301323"	80000	"slope"	0.00730526573
"0.95"	"0.4"	"0.45"	"0.01"	"0.005"	"0.01"	"100000"	"10000"	"200"	"8613520432817301323"	80000	"intercept"	0.91706753
"0.95"	"0.4"	"0.45"	"0.01"	"0.005"	"0.01"	"100000"	"10000"	"200"	"8613520432817301323"	85000	"slope"	0.006164607795
"0.95"	"0.4"	"0.45"	"0.01"	"0.005"	"0.01"	"100000"	"10000"	"200"	"8613520432817301323"	85000	"intercept"	0.91286719
"0.95"	"0.4"	"0.45"	"0.01"	"0.005"	"0.01"	"100000"	"10000"	"200"	"8613520432817301323"	90000	"slope"	-0.01203216639
"0.95"	"0.4"	"0.45"	"0.01"	"0.005"	"0.01"	"100000"	"10000"	"200"	"8613520432817301323"	90000	"intercept"	0.92594163
"0.95"	"0.4"	"0.45"	"0.01"	"0.005"	"0.01"	"100000"	"10000"	"200"	"8613520432817301323"	95000	"slope"	-0.006433009288
"0.95"	"0.4"	"0.45"	"0.01"	"0.005"	"0.01"	"100000"	"10000"	"200"	"8613520432817301323"	95000	"intercept"	0.918894225
"0.95"	"0.4"	"0.45"	"0.01"	"0.005"	"0.01"	"100000"	"10000"	"200"	"8613520432817301323"	100000	"slope"	0.019996726335
"0.95"	"0.4"	"0.45"	"0.01"	"0.005"	"0.01"	"100000"	"10000"	"200"	"8613520432817301323"	100000	"intercept"	0.91179546
"0.95"	"0.6"	"0.45"	"0.01"	"0.005"	"0.01"	"100000"	"10000"	"200"	"5151864991382594626"	10	"slope"	-0.00018639306
"0.95"	"0.6"	"0.45"	"0.01"	"0.005"	"0.01"	"100000"	"10000"	"200"	"5151864991382594626"	10	"intercept"	0.499929725
"0.95"	"0.6"	"0.45"	"0.01"	"0.005"	"0.01"	"100000"	"10000"	"200"	"5151864991382594626"	5000	"slope"	0.0771245725
"0.95"	"0.6"	"0.45"	"0.01"	"0.005"	"0.01"	"100000"	"10000"	"200"	"5151864991382594626"	5000	"intercept"	0.858809675
"0.95"	"0.6"	"0.45"	"0.01"	"0.005"	"0.01"	"100000"	"10000"	"200"	"5151864991382594626"	10000	"slope"	-0.054459058188
"0.95"	"0.6"	"0.45"	"0.01"	"0.005"	"0.01"	"100000"	"10000"	"200"	"5151864991382594626"	10000	"intercept"	0.9315287
"0.95"	"0.6"	"0.45"	"0.01"	"0.005"	"0.01"	"100000"	"10000"	"200"	"5151864991382594626"	15000	"slope"	-0.18930407
"0.95"	"0.6"	"0.45"	"0.01"	"0.005"	"0.01"	"100000"	"10000"	"200"	"5151864991382594626"	15000	"intercept"	0.98460438
"0.95"	"0.6"	"0.45"	"0.01"	"0.005"	"0.01"	"100000"	"10000"	"200"	"5151864991382594626"	20000	"slope"	-0.273348695
"0.95"	"0.6"	"0.45"	"0.01"	"0.005"	"0.01"	"100000"	"10000"	"200"	"5151864991382594626"	20000	"intercept"	1.019788965
"0.95"	"0.6"	"0.45"	"0.01"	"0.005"	"0.01"	"100000"	"10000"	"200"	"5151864991382594626"	25000	"slope"	-0.30929733
"0.95"	"0.6"	"0.45"	"0.01"	"0.005"	"0.01"	"100000"	"10000"	"200"	"5151864991382594626"	25000	"intercept"	1.02621844
"0.95"	"0.6"	"0.45"	"0.01"	"0.005"	"0.01"	"100000"	"10000"	"200"	"5151864991382594626"	30000	"slope"	-0.321843115
"0.95"	"0.6"	"0.45"	"0.01"	"0.005"	"0.01"	"100000"	"10000"	"200"	"5151864991382594626"	30000	"intercept"	1.032719875
"0.95"	"0.6"	"0.45"	"0.01"	"0.005"	"0.01"	"100000"	"10000"	"200"	"5151864991382594626"	35000	"slope"	-0.331369145
"0.95"	"0.6"	"0.45"	"0.01"	"0.005"	"0.01"	"100000"	"10000"	"200"	"5151864991382594626"	35000	"intercept"	1.04037888
"0.95"	"0.6"	"0.45"	"0.01"	"0.005"	"0.01"	"100000"	"10000"	"200"	"5151864991382594626"	40000	"slope"	-0.352513225
"0.95"	"0.6"	"0.45"	"0.01"	"0.005"	"0.01"	"100000"	"10000"	"200"	"5151864991382594626"	40000	"intercept"	1.041352245
"0.95"	"0.6"	"0.45"	"0.01"	"0.005"	"0.01"	"100000"	"10000"	"200"	"5151864991382594626"	45000	"slope"	-0.341751995
"0.95"	"0.6"	"0.45"	"0.01"	"0.005"	"0.01"	"100000"	"10000"	"200"	"5151864991382594626"	45000	"intercept"	1.04437306
"0.95"	"0.6"	"0.45"	"0.01"	"0.005"	"0.01"	"100000"	"10000"	"200"	"5151864991382594626"	50000	"slope"	-0.351827425
"0.95"	"0.6"	"0.45"	"0.01"	"0.005"	"0.01"	"100000"	"10000"	"200"	"5151864991382594626"	50000	"intercept"	1.045283295
"0.95"	"0.6"	"0.45"	"0.01"	"0.005"	"0.01"	"100000"	"10000"	"200"	"5151864991382594626"	55000	"slope"	-0.42028786
"0.95"	"0.6"	"0.45"	"0.01"	"0.005"	"0.01"	"100000"	"10000"	"200"	"5151864991382594626"	55000	"intercept"	1.074174295
"0.95"	"0.6"	"0.45"	"0.01"	"0.005"	"0.01"	"100000"	"10000"	"200"	"5151864991382594626"	60000	"slope"	-0.400184465
"0.95"	"0.6"	"0.45"	"0.01"	"0.005"	"0.01"	"100000"	"10000"	"200"	"5151864991382594626"	60000	"intercept"	1.0674898
"0.95"	"0.6"	"0.45"	"0.01"	"0.005"	"0.01"	"100000"	"10000"	"200"	"5151864991382594626"	65000	"slope"	-0.390194375
"0.95"	"0.6"	"0.45"	"0.01"	"0.005"	"0.01"	"100000"	"10000"	"200"	"5151864991382594626"	65000	"intercept"	1.06127255
"0.95"	"0.6"	"0.45"	"0.01"	"0.005"	"0.01"	"100000"	"10000"	"200"	"5151864991382594626"	70000	"slope"	-0.373405185
"0.95"	"0.6"	"0.45"	"0.01"	"0.005"	"0.01"	"100000"	"10000"	"200"	"5151864991382594626"	70000	"intercept"	1.05689311
"0.95"	"0.6"	"0.45"	"0.01"	"0.005"	"0.01"	"100000"	"10000"	"200"	"5151864991382594626"	75000	"slope"	-0.38985687
"0.95"	"0.6"	"0.45"	"0.01"	"0.005"	"0.01"	"100000"	"10000"	"200"	"5151864991382594626"	75000	"intercept"	1.06938145
"0.95"	"0.6"	"0.45"	"0.01"	"0.005"	"0.01"	"100000"	"10000"	"200"	"5151864991382594626"	80000	"slope"	-0.392744405
"0.95"	"0.6"	"0.45"	"0.01"	"0.005"	"0.01"	"100000"	"10000"	"200"	"5151864991382594626"	80000	"intercept"	1.0662626
"0.95"	"0.6"	"0.45"	"0.01"	"0.005"	"0.01"	"100000"	"10000"	"200"	"5151864991382594626"	85000	"slope"	-0.369760305
"0.95"	"0.6"	"0.45"	"0.01"	"0.005"	"0.01"	"100000"	"10000"	"200"	"5151864991382594626"	85000	"intercept"	1.0593675
"0.95"	"0.6"	"0.45"	"0.01"	"0.005"	"0.01"	"100000"	"10000"	"200"	"5151864991382594626"	90000	"slope"	-0.386204045
"0.95"	"0.6"	"0.45"	"0.01"	"0.005"	"0.01"	"100000"	"10000"	"200"	"5151864991382594626"	90000	"intercept"	1.05977865
"0.95"	"0.6"	"0.45"	"0.01"	"0.005"	"0.01"	"100000"	"10000"	"200"	"5151864991382594626"	95000	"slope"	-0.381238695
"0.95"	"0.6"	"0.45"	"0.01"	"0.005"	"0.01"	"100000"	"10000"	"200"	"5151864991382594626"	95000	"intercept"	1.06017961
"0.95"	"0.6"	"0.45"	"0.01"	"0.005"	"0.01"	"100000"	"10000"	"200"	"5151864991382594626"	100000	"slope"	-0.366519235
"0.95"	"0.6"	"0.45"	"0.01"	"0.005"	"0.01"	"100000"	"10000"	"200"	"5151864991382594626"	100000	"intercept"	1.052825845
"0.95"	"0.6"	"0.45"	"0.01"	"0.005"	"0.01"	"100000"	"10000"	"200"	"6949509902050985617"	10	"slope"	-6.69993665e-05
"0.95"	"0.6"	"0.45"	"0.01"	"0.005"	"0.01"	"100000"	"10000"	"200"	"6949509902050985617"	10	"intercept"	0.49995861
"0.95"	"0.6"	"0.45"	"0.01"	"0.005"	"0.01"	"100000"	"10000"	"200"	"6949509902050985617"	5000	"slope"	0.0724153695
"0.95"	"0.6"	"0.45"	"0.01"	"0.005"	"0.01"	"100000"	"10000"	"200"	"6949509902050985617"	5000	"intercept"	0.862454415
"0.95"	"0.6"	"0.45"	"0.01"	"0.005"	"0.01"	"100000"	"10000"	"200"	"6949509902050985617"	10000	"slope"	-0.0785491419
"0.95"	"0.6"	"0.45"	"0.01"	"0.005"	"0.01"	"100000"	"10000"	"200"	"6949509902050985617"	10000	"intercept"	0.945007565
"0.95"	"0.6"	"0.45"	"0.01"	"0.005"	"0.01"	"100000"	"10000"	"200"	"6949509902050985617"	15000	"slope"	-0.201125195
"0.95"	"0.6"	"0.45"	"0.01"	"0.005"	"0.01"	"100000"	"10000"	"200"	"6949509902050985617"	15000	"intercept"	0.99155182
"0.95"	"0.6"	"0.45"	"0.01"	"0.005"	"0.01"	"100000"	"10000"	"200"	"6949509902050985617"	20000	"slope"	-0.29818753
"0.95"	"0.6"	"0.45"	"0.01"	"0.005"	"0.01"	"100000"	"10000"	"200"	"6949509902050985617"	20000	"intercept"	1.02819022
"0.95"	"0.6"	"0.45"	"0.01"	"0.005"	"0.01"	"100000"	"10000"	"200"	"6949509902050985617"	25000	"slope"	-0.334801205
"0.95"	"0.6"	"0.45"	"0.01"	"0.005"	"0.01"	"100000"	"10000"	"200"	"6949509902050985617"	25000	"intercept"	1.0375368
"0.95"	"0.6"	"0.45"	"0.01"	"0.005"	"0.01"	"100000"	"10000"	"200"	"6949509902050985617"	30000	"slope"	-0.39166802
"0.95"	"0.6"	"0.45"	"0.01"	"0.005"	"0.01"	"100000"	"10000"	"200"	"6949509902050985617"	30000	"intercept"	1.06683342
"0.95"	"0.6"	"0.45"	"0.01"	"0.005"	"0.01"	"100000"	"10000"	"200"	"6949509902050985617"	35000	"slope"	-0.4064379
"0.95"	"0.6"	"0.45"	"0.01"	"0.005"	"0.01"	"100000"	"10000"	"200"	"6949509902050985617"	35000	"intercept"	1.06264045
"0.95"	"0.6"	"0.45"	"0.01"	"0.005"	"0.01"	"100000"	"10000"	"200"	"6949509902050985617"	40000	"slope"	-0.3990714
"0.95"	"0.6"	"0.45"	"0.01"	"0.005"	"0.01"	"100000"	"10000"	"200"	"6949509902050985617"	40000	"intercept"	1.0685362
"0.95"	"0.6"	"0.45"	"0.01"	"0.005"	"0.01"	"100000"	"10000"	"200"	"6949509902050985617"	45000	"slope"	-0.39382764
"0.95"	"0.6"	"0.45"	"0.01"	"0.005"	"0.01"	"100000"	"10000"	"200"	"6949509902050985617"	45000	"intercept"	1.06293269
"0.95"	"0.6"	"0.45"	"0.01"	"0.005"	"0.01"	"100000"	"10000"	"200"	"6949509902050985617"	50000	"slope"	-0.398095695
"0.95"	"0.6"	"0.45"	"0.01"	"0.005"	"0.01"	"100000"	"10000"	"200"	"6949509902050985617"	50000	"intercept"	1.0655082
"0.95"	"0.6"	"0.45"	"0.01"	"0.005"	"0.01"	"100000"	"10000"	"200"	"6949509902050985617"	55000	"slope"	-0.39400218
"0.95"	"0.6"	"0.45"	"0.01"	"0.005"	"0.01"	"100000"	"10000"	"200"	"6949509902050985617"	55000	"intercept"	1.06133278
"0.95"	"0.6"	"0.45"	"0.01"	"0.005"	"0.01"	"100000"	"10000"	"200"	"6949509902050985617"	60000	"slope"	-0.401280415
"0.95"	"0.6"	"0.45"	"0.01"	"0.005"	"0.01"	"100000"	"10000"	"200"	"6949509902050985617"	60000	"intercept"	1.06651754
"0.95"	"0.6"	"0.45"	"0.01"	"0.005"	"0.01"	"100000"	"10000"	"200"	"6949509902050985617"	65000	"slope"	-0.3864245
"0.95"	"0.6"	"0.45"	"0.01"	"0.005"	"0.01"	"100000"	"10000"	"200"	"6949509902050985617"	65000	"intercept"	1.06024495
"0.95"	"0.6"	"0.45"	"0.01"	"0.005"	"0.01"	"100000"	"10000"	"200"	"6949509902050985617"	70000	"slope"	-0.37719813
"0.95"	"0.6"	"0.45"	"0.01"	"0.005"	"0.01"	"100000"	"10000"	"200"	"6949509902050985617"	70000	"intercept"	1.05274787
"0.95"	"0.6"	"0.45"	"0.01"	"0.005"	"0.01"	"100000"	"10000"	"200"	"6949509902050985617"	75000	"slope"	-0.34082146
"0.95"	"0.6"	"0.45"	"0.01"	"0.005"	"0.01"	"100000"	"10000"	"200"	"6949509902050985617"	75000	"intercept"	1.042527835
"0.95"	"0.6"	"0.45"	"0.01"	"0.005"	"0.01"	"100000"	"10000"	"200"	"6949509902050985617"	80000	"slope"	-0.353727655
"0.95"	"0.6"	"0.45"	"0.01"	"0.005"	"0.01"	"100000"	"10000"	"200"	"6949509902050985617"	80000	"intercept"	1.046748865
"0.95"	"0.6"	"0.45"	"0.01"	"0.005"	"0.01"	"100000"	"10000"	"200"	"6949509902050985617"	85000	"slope"	-0.350749175
"0.95"	"0.6"	"0.45"	"0.01"	"0.005"	"0.01"	"100000"	"10000"	"200"	"6949509902050985617"	85000	"intercept"	1.04768385
"0.95"	"0.6"	"0.45"	"0.01"	"0.005"	"0.01"	"100000"	"10000"	"200"	"6949509902050985617"	90000	"slope"	-0.36177679
"0.95"	"0.6"	"0.45"	"0.01"	"0.005"	"0.01"	"100000"	"10000"	"200"	"6949509902050985617"	90000	"intercept"	1.054511365
"0.95"	"0.6"	"0.45"	"0.01"	"0.005"	"0.01"	"100000"	"10000"	"200"	"6949509902050985617"	95000	"slope"	-0.35180248
"0.95"	"0.6"	"0.45"	"0.01"	"0.005"	"0.01"	"100000"	"10000"	"200"	"6949509902050985617"	95000	"intercept"	1.053894345
"0.95"	"0.6"	"0.45"	"0.01"	"0.005"	"0.01"	"100000"	"10000"	"200"	"6949509902050985617"	100000	"slope"	-0.343171295
"0.95"	"0.6"	"0.45"	"0.01"	"0.005"	"0.01"	"100000"	"10000"	"200"	"6949509902050985617"	100000	"intercept"	1.0421975
"0.95"	"0.6"	"0.45"	"0.01"	"0.005"	"0.01"	"100000"	"10000"	"200"	"881217562652644121"	10	"slope"	7.179805e-05
"0.95"	"0.6"	"0.45"	"0.01"	"0.005"	"0.01"	"100000"	"10000"	"200"	"881217562652644121"	10	"intercept"	0.5000523
"0.95"	"0.6"	"0.45"	"0.01"	"0.005"	"0.01"	"100000"	"10000"	"200"	"881217562652644121"	5000	"slope"	0.0341168151
"0.95"	"0.6"	"0.45"	"0.01"	"0.005"	"0.01"	"100000"	"10000"	"200"	"881217562652644121"	5000	"intercept"	0.87964257
"0.95"	"0.6"	"0.45"	"0.01"	"0.005"	"0.01"	"100000"	"10000"	"200"	"881217562652644121"	10000	"slope"	-0.0927651655
"0.95"	"0.6"	"0.45"	"0.01"	"0.005"	"0.01"	"100000"	"10000"	"200"	"881217562652644121"	10000	"intercept"	0.954596305
"0.95"	"0.6"	"0.45"	"0.01"	"0.005"	"0.01"	"100000"	"10000"	"200"	"881217562652644121"	15000	"slope"	-0.172852245
"0.95"	"0.6"	"0.45"	"0.01"	"0.005"	"0.01"	"100000"	"10000"	"200"	"881217562652644121"	15000	"intercept"	0.983492605
"0.95"	"0.6"	"0.45"	"0.01"	"0.005"	"0.01"	"100000"	"10000"	"200"	"881217562652644121"	20000	"slope"	-0.25253001
"0.95"	"0.6"	"0.45"	"0.01"	"0.005"	"0.01"	"100000"	"10000"	"200"	"881217562652644121"	20000	"intercept"	1.016817235
"0.95"	"0.6"	"0.45"	"0.01"	"0.005"	"0.01"	"100000"	"10000"	"200"	"881217562652644121"	25000	"slope"	-0.3507129
"0.95"	"0.6"	"0.45"	"0.01"	"0.005"	"0.01"	"100000"	"10000"	"200"	"881217562652644121"	25000	"intercept"	1.04645528
"0.95"	"0.6"	"0.45"	"0.01"	"0.005"	"0.01"	"100000"	"10000"	"200"	"881217562652644121"	30000	"slope"	-0.37213041
"0.95"	"0.6"	"0.45"	"0.01"	"0.005"	"0.01"	"100000"	"10000"	"200"	"881217562652644121"	30000	"intercept"	1.057016305
"0.95"	"0.6"	"0.45"	"0.01"	"0.005"	"0.01"	"100000"	"10000"	"200"	"881217562652644121"	35000	"slope"	-0.409306655
"0.95"	"0.6"	"0.45"	"0.01"	"0.005"	"0.01"	"100000"	"10000"	"200"	"881217562652644121"	35000	"intercept"	1.067084685
"0.95"	"0.6"	"0.45"	"0.01"	"0.005"	"0.01"	"100000"	"10000"	"200"	"881217562652644121"	40000	"slope"	-0.38937686
"0.95"	"0.6"	"0.45"	"0.01"	"0.005"	"0.01"	"100000"	"10000"	"200"	"881217562652644121"	40000	"intercept"	1.062661505
"0.95"	"0.6"	"0.45"	"0.01"	"0.005"	"0.01"	"100000"	"10000"	"200"	"881217562652644121"	45000	"slope"	-0.348964665
"0.95"	"0.6"	"0.45"	"0.01"	"0.005"	"0.01"	"100000"	"10000"	"200"	"881217562652644121"	45000	"intercept"	1.046424015
"0.95"	"0.6"	"0.45"	"0.01"	"0.005"	"0.01"	"100000"	"10000"	"200"	"881217562652644121"	50000	"slope"	-0.343042355
"0.95"	"0.6"	"0.45"	"0.01"	"0.005"	"0.01"	"100000"	"10000"	"200"	"881217562652644121"	50000	"intercept"	1.04674266
"0.95"	"0.6"	"0.45"	"0.01"	"0.005"	"0.01"	"100000"	"10000"	"200"	"881217562652644121"	55000	"slope"	-0.381718835
"0.95"	"0.6"	"0.45"	"0.01"	"0.005"	"0.01"	"100000"	"10000"	"200"	"881217562652644121"	55000	"intercept"	1.06405955
"0.95"	"0.6"	"0.45"	"0.01"	"0.005"	"0.01"	"100000"	"10000"	"200"	"881217562652644121"	60000	"slope"	-0.370326415
"0.95"	"0.6"	"0.45"	"0.01"	"0.005"	"0.01"	"100000"	"10000"	"200"	"881217562652644121"	60000	"intercept"	1.049829055
"0.95"	"0.6"	"0.45"	"0.01"	"0.005"	"0.01"	"100000"	"10000"	"200"	"881217562652644121"	65000	"slope"	-0.381082035
"0.95"	"0.6"	"0.45"	"0.01"	"0.005"	"0.01"	"100000"	"10000"	"200"	"881217562652644121"	65000	"intercept"	1.0588
"0.95"	"0.6"	"0.45"	"0.01"	"0.005"	"0.01"	"100000"	"10000"	"200"	"881217562652644121"	70000	"slope"	-0.366782175
"0.95"	"0.6"	"0.45"	"0.01"	"0.005"	"0.01"	"100000"	"10000"	"200"	"881217562652644121"	70000	"intercept"	1.05774706
"0.95"	"0.6"	"0.45"	"0.01"	"0.005"	"0.01"	"100000"	"10000"	"200"	"881217562652644121"	75000	"slope"	-0.37137814
"0.95"	"0.6"	"0.45"	"0.01"	"0.005"	"0.01"	"100000"	"10000"	"200"	"881217562652644121"	75000	"intercept"	1.05823836
"0.95"	"0.6"	"0.45"	"0.01"	"0.005"	"0.01"	"100000"	"10000"	"200"	"881217562652644121"	80000	"slope"	-0.343435495
"0.95"	"0.6"	"0.45"	"0.01"	"0.005"	"0.01"	"100000"	"10000"	"200"	"881217562652644121"	80000	"intercept"	1.04548979
"0.95"	"0.6"	"0.45"	"0.01"	"0.005"	"0.01"	"100000"	"10000"	"200"	"881217562652644121"	85000	"slope"	-0.382005575
"0.95"	"0.6"	"0.45"	"0.01"	"0.005"	"0.01"	"100000"	"10000"	"200"	"881217562652644121"	85000	"intercept"	1.058186755
"0.95"	"0.6"	"0.45"	"0.01"	"0.005"	"0.01"	"100000"	"10000"	"200"	"881217562652644121"	90000	"slope"	-0.38645167
"0.95"	"0.6"	"0.45"	"0.01"	"0.005"	"0.01"	"100000"	"10000"	"200"	"881217562652644121"	90000	"intercept"	1.0597663
"0.95"	"0.6"	"0.45"	"0.01"	"0.005"	"0.01"	"100000"	"10000"	"200"	"881217562652644121"	95000	"slope"	-0.384463525
"0.95"	"0.6"	"0.45"	"0.01"	"0.005"	"0.01"	"100000"	"10000"	"200"	"881217562652644121"	95000	"intercept"	1.0616696
"0.95"	"0.6"	"0.45"	"0.01"	"0.005"	"0.01"	"100000"	"10000"	"200"	"881217562652644121"	100000	"slope"	-0.406164085
"0.95"	"0.6"	"0.45"	"0.01"	"0.005"	"0.01"	"100000"	"10000"	"200"	"881217562652644121"	100000	"intercept"	1.06761752
"0.95"	"0.8"	"0.45"	"0.01"	"0.005"	"0.01"	"100000"	"10000"	"200"	"1995025677009448926"	10	"slope"	2.829588e-05
"0.95"	"0.8"	"0.45"	"0.01"	"0.005"	"0.01"	"100000"	"10000"	"200"	"1995025677009448926"	10	"intercept"	0.499903885
"0.95"	"0.8"	"0.45"	"0.01"	"0.005"	"0.01"	"100000"	"10000"	"200"	"1995025677009448926"	5000	"slope"	0.00878038057
"0.95"	"0.8"	"0.45"	"0.01"	"0.005"	"0.01"	"100000"	"10000"	"200"	"1995025677009448926"	5000	"intercept"	0.738410175
"0.95"	"0.8"	"0.45"	"0.01"	"0.005"	"0.01"	"100000"	"10000"	"200"	"1995025677009448926"	10000	"slope"	-0.068529739745
"0.95"	"0.8"	"0.45"	"0.01"	"0.005"	"0.01"	"100000"	"10000"	"200"	"1995025677009448926"	10000	"intercept"	0.726942526
"0.95"	"0.8"	"0.45"	"0.01"	"0.005"	"0.01"	"100000"	"10000"	"200"	"1995025677009448926"	15000	"slope"	-0.1430006689
"0.95"	"0.8"	"0.45"	"0.01"	"0.005"	"0.01"	"100000"	"10000"	"200"	"1995025677009448926"	15000	"intercept"	0.562941665
"0.95"	"0.8"	"0.45"	"0.01"	"0.005"	"0.01"	"100000"	"10000"	"200"	"1995025677009448926"	20000	"slope"	-0.12120542602
"0.95"	"0.8"	"0.45"	"0.01"	"0.005"	"0.01"	"100000"	"10000"	"200"	"1995025677009448926"	20000	"intercept"	0.56334561
"0.95"	"0.8"	"0.45"	"0.01"	"0.005"	"0.01"	"100000"	"10000"	"200"	"1995025677009448926"	25000	"slope"	-0.1288914625
"0.95"	"0.8"	"0.45"	"0.01"	"0.005"	"0.01"	"100000"	"10000"	"200"	"1995025677009448926"	25000	"intercept"	0.5613880265
"0.95"	"0.8"	"0.45"	"0.01"	"0.005"	"0.01"	"100000"	"10000"	"200"	"1995025677009448926"	30000	"slope"	-0.0775616602
"0.95"	"0.8"	"0.45"	"0.01"	"0.005"	"0.01"	"100000"	"10000"	"200"	"1995025677009448926"	30000	"intercept"	0.6150962415
"0.95"	"0.8"	"0.45"	"0.01"	"0.005"	"0.01"	"100000"	"10000"	"200"	"1995025677009448926"	35000	"slope"	-0.1183913199
"0.95"	"0.8"	"0.45"	"0.01"	"0.005"	"0.01"	"100000"	"10000"	"200"	"1995025677009448926"	35000	"intercept"	0.6585864243
"0.95"	"0.8"	"0.45"	"0.01"	"0.005"	"0.01"	"100000"	"10000"	"200"	"1995025677009448926"	40000	"slope"	-0.0944502275
"0.95"	"0.8"	"0.45"	"0.01"	"0.005"	"0.01"	"100000"	"10000"	"200"	"1995025677009448926"	40000	"intercept"	0.57171933066
"0.95"	"0.8"	"0.45"	"0.01"	"0.005"	"0.01"	"100000"	"10000"	"200"	"1995025677009448926"	45000	"slope"	-0.09246504085
"0.95"	"0.8"	"0.45"	"0.01"	"0.005"	"0.01"	"100000"	"10000"	"200"	"1995025677009448926"	45000	"intercept"	0.5983851526
"0.95"	"0.8"	"0.45"	"0.01"	"0.005"	"0.01"	"100000"	"10000"	"200"	"1995025677009448926"	50000	"slope"	-0.09964262974
"0.95"	"0.8"	"0.45"	"0.01"	"0.005"	"0.01"	"100000"	"10000"	"200"	"1995025677009448926"	50000	"intercept"	0.537248504255
"0.95"	"0.8"	"0.45"	"0.01"	"0.005"	"0.01"	"100000"	"10000"	"200"	"1995025677009448926"	55000	"slope"	-0.0785987295
"0.95"	"0.8"	"0.45"	"0.01"	"0.005"	"0.01"	"100000"	"10000"	"200"	"1995025677009448926"	55000	"intercept"	0.49206323865
"0.95"	"0.8"	"0.45"	"0.01"	"0.005"	"0.01"	"100000"	"10000"	"200"	"1995025677009448926"	60000	"slope"	-0.0438065075
"0.95"	"0.8"	"0.45"	"0.01"	"0.005"	"0.01"	"100000"	"10000"	"200"	"1995025677009448926"	60000	"intercept"	0.60185660933
"0.95"	"0.8"	"0.45"	"0.01"	"0.005"	"0.01"	"100000"	"10000"	"200"	"1995025677009448926"	65000	"slope"	-0.0416919585
"0.95"	"0.8"	"0.45"	"0.01"	"0.005"	"0.01"	"100000"	"10000"	"200"	"1995025677009448926"	65000	"intercept"	0.542410039325
"0.95"	"0.8"	"0.45"	"0.01"	"0.005"	"0.01"	"100000"	"10000"	"200"	"1995025677009448926"	70000	"slope"	-0.0587478345
"0.95"	"0.8"	"0.45"	"0.01"	"0.005"	"0.01"	"100000"	"10000"	"200"	"1995025677009448926"	70000	"intercept"	0.53111959425
"0.95"	"0.8"	"0.45"	"0.01"	"0.005"	"0.01"	"100000"	"10000"	"200"	"1995025677009448926"	75000	"slope"	-0.1024488459
"0.95"	"0.8"	"0.45"	"0.01"	"0.005"	"0.01"	"100000"	"10000"	"200"	"1995025677009448926"	75000	"intercept"	0.4161389885
"0.95"	"0.8"	"0.45"	"0.01"	"0.005"	"0.01"	"100000"	"10000"	"200"	"1995025677009448926"	80000	"slope"	-0.0853231015
"0.95"	"0.8"	"0.45"	"0.01"	"0.005"	"0.01"	"100000"	"10000"	"200"	"1995025677009448926"	80000	"intercept"	0.4584202226
"0.95"	"0.8"	"0.45"	"0.01"	"0.005"	"0.01"	"100000"	"10000"	"200"	"1995025677009448926"	85000	"slope"	-0.0868996925
"0.95"	"0.8"	"0.45"	"0.01"	"0.005"	"0.01"	"100000"	"10000"	"200"	"1995025677009448926"	85000	"intercept"	0.51700155636
"0.95"	"0.8"	"0.45"	"0.01"	"0.005"	"0.01"	"100000"	"10000"	"200"	"1995025677009448926"	90000	"slope"	-0.053764495
"0.95"	"0.8"	"0.45"	"0.01"	"0.005"	"0.01"	"100000"	"10000"	"200"	"1995025677009448926"	90000	"intercept"	0.55632139565
"0.95"	"0.8"	"0.45"	"0.01"	"0.005"	"0.01"	"100000"	"10000"	"200"	"1995025677009448926"	95000	"slope"	-0.005868822
"0.95"	"0.8"	"0.45"	"0.01"	"0.005"	"0.01"	"100000"	"10000"	"200"	"1995025677009448926"	95000	"intercept"	0.494886652
"0.95"	"0.8"	"0.45"	"0.01"	"0.005"	"0.01"	"100000"	"10000"	"200"	"1995025677009448926"	100000	"slope"	-0.042883546
"0.95"	"0.8"	"0.45"	"0.01"	"0.005"	"0.01"	"100000"	"10000"	"200"	"1995025677009448926"	100000	"intercept"	0.4683527415
"0.95"	"0.8"	"0.45"	"0.01"	"0.005"	"0.01"	"100000"	"10000"	"200"	"6151467115892691612"	10	"slope"	-0.000128783565
"0.95"	"0.8"	"0.45"	"0.01"	"0.005"	"0.01"	"100000"	"10000"	"200"	"6151467115892691612"	10	"intercept"	0.50008775
"0.95"	"0.8"	"0.45"	"0.01"	"0.005"	"0.01"	"100000"	"10000"	"200"	"6151467115892691612"	5000	"slope"	-0.075053581307
"0.95"	"0.8"	"0.45"	"0.01"	"0.005"	"0.01"	"100000"	"10000"	"200"	"6151467115892691612"	5000	"intercept"	0.76771406
"0.95"	"0.8"	"0.45"	"0.01"	"0.005"	"0.01"	"100000"	"10000"	"200"	"6151467115892691612"	10000	"slope"	-0.12085785194
"0.95"	"0.8"	"0.45"	"0.01"	"0.005"	"0.01"	"100000"	"10000"	"200"	"6151467115892691612"	10000	"intercept"	0.71041073895
"0.95"	"0.8"	"0.45"	"0.01"	"0.005"	"0.01"	"100000"	"10000"	"200"	"6151467115892691612"	15000	"slope"	-0.178856388865
"0.95"	"0.8"	"0.45"	"0.01"	"0.005"	"0.01"	"100000"	"10000"	"200"	"6151467115892691612"	15000	"intercept"	0.680982165
"0.95"	"0.8"	"0.45"	"0.01"	"0.005"	"0.01"	"100000"	"10000"	"200"	"6151467115892691612"	20000	"slope"	-0.211081501338
"0.95"	"0.8"	"0.45"	"0.01"	"0.005"	"0.01"	"100000"	"10000"	"200"	"6151467115892691612"	20000	"intercept"	0.597409005
"0.95"	"0.8"	"0.45"	"0.01"	"0.005"	"0.01"	"100000"	"10000"	"200"	"6151467115892691612"	25000	"slope"	-0.17420354065
"0.95"	"0.8"	"0.45"	"0.01"	"0.005"	"0.01"	"100000"	"10000"	"200"	"6151467115892691612"	25000	"intercept"	0.62814931
"0.95"	"0.8"	"0.45"	"0.01"	"0.005"	"0.01"	"100000"	"10000"	"200"	"6151467115892691612"	30000	"slope"	-0.168423719475
"0.95"	"0.8"	"0.45"	"0.01"	"0.005"	"0.01"	"100000"	"10000"	"200"	"6151467115892691612"	30000	"intercept"	0.605832775
"0.95"	"0.8"	"0.45"	"0.01"	"0.005"	"0.01"	"100000"	"10000"	"200"	"6151467115892691612"	35000	"slope"	-0.1365395655
"0.95"	"0.8"	"0.45"	"0.01"	"0.005"	"0.01"	"100000"	"10000"	"200"	"6151467115892691612"	35000	"intercept"	0.603971197
"0.95"	"0.8"	"0.45"	"0.01"	"0.005"	"0.01"	"100000"	"10000"	"200"	"6151467115892691612"	40000	"slope"	-0.0851631775
"0.95"	"0.8"	"0.45"	"0.01"	"0.005"	"0.01"	"100000"	"10000"	"200"	"6151467115892691612"	40000	"intercept"	0.6526260135
"0.95"	"0.8"	"0.45"	"0.01"	"0.005"	"0.01"	"100000"	"10000"	"200"	"6151467115892691612"	45000	"slope"	-0.1573327425
"0.95"	"0.8"	"0.45"	"0.01"	"0.005"	"0.01"	"100000"	"10000"	"200"	"6151467115892691612"	45000	"intercept"	0.543994417
"0.95"	"0.8"	"0.45"	"0.01"	"0.005"	"0.01"	"100000"	"10000"	"200"	"6151467115892691612"	50000	"slope"	-0.1543936657
"0.95"	"0.8"	"0.45"	"0.01"	"0.005"	"0.01"	"100000"	"10000"	"200"	"6151467115892691612"	50000	"intercept"	0.5697920815
"0.95"	"0.8"	"0.45"	"0.01"	"0.005"	"0.01"	"100000"	"10000"	"200"	"6151467115892691612"	55000	"slope"	-0.1733358891
"0.95"	"0.8"	"0.45"	"0.01"	"0.005"	"0.01"	"100000"	"10000"	"200"	"6151467115892691612"	55000	"intercept"	0.5614116255
"0.95"	"0.8"	"0.45"	"0.01"	"0.005"	"0.01"	"100000"	"10000"	"200"	"6151467115892691612"	60000	"slope"	-0.1308168005
"0.95"	"0.8"	"0.45"	"0.01"	"0.005"	"0.01"	"100000"	"10000"	"200"	"6151467115892691612"	60000	"intercept"	0.5431351895
"0.95"	"0.8"	"0.45"	"0.01"	"0.005"	"0.01"	"100000"	"10000"	"200"	"6151467115892691612"	65000	"slope"	-0.1072964935
"0.95"	"0.8"	"0.45"	"0.01"	"0.005"	"0.01"	"100000"	"10000"	"200"	"6151467115892691612"	65000	"intercept"	0.58346515855
"0.95"	"0.8"	"0.45"	"0.01"	"0.005"	"0.01"	"100000"	"10000"	"200"	"6151467115892691612"	70000	"slope"	-0.112524874
"0.95"	"0.8"	"0.45"	"0.01"	"0.005"	"0.01"	"100000"	"10000"	"200"	"6151467115892691612"	70000	"intercept"	0.48230823285
"0.95"	"0.8"	"0.45"	"0.01"	"0.005"	"0.01"	"100000"	"10000"	"200"	"6151467115892691612"	75000	"slope"	-0.061774879
"0.95"	"0.8"	"0.45"	"0.01"	"0.005"	"0.01"	"100000"	"10000"	"200"	"6151467115892691612"	75000	"intercept"	0.56023878509
"0.95"	"0.8"	"0.45"	"0.01"	"0.005"	"0.01"	"100000"	"10000"	"200"	"6151467115892691612"	80000	"slope"	-0.0236827685
"0.95"	"0.8"	"0.45"	"0.01"	"0.005"	"0.01"	"100000"	"10000"	"200"	"6151467115892691612"	80000	"intercept"	0.5938802232
"0.95"	"0.8"	"0.45"	"0.01"	"0.005"	"0.01"	"100000"	"10000"	"200"	"6151467115892691612"	85000	"slope"	-0.06827268
"0.95"	"0.8"	"0.45"	"0.01"	"0.005"	"0.01"	"100000"	"10000"	"200"	"6151467115892691612"	85000	"intercept"	0.48083290379
"0.95"	"0.8"	"0.45"	"0.01"	"0.005"	"0.01"	"100000"	"10000"	"200"	"6151467115892691612"	90000	"slope"	-0.1028819258
"0.95"	"0.8"	"0.45"	"0.01"	"0.005"	"0.01"	"100000"	"10000"	"200"	"6151467115892691612"	90000	"intercept"	0.527962518515
"0.95"	"0.8"	"0.45"	"0.01"	"0.005"	"0.01"	"100000"	"10000"	"200"	"6151467115892691612"	95000	"slope"	-0.0705059425
"0.95"	"0.8"	"0.45"	"0.01"	"0.005"	"0.01"	"100000"	"10000"	"200"	"6151467115892691612"	95000	"intercept"	0.56727410785
"0.95"	"0.8"	"0.45"	"0.01"	"0.005"	"0.01"	"100000"	"10000"	"200"	"6151467115892691612"	100000	"slope"	-0.071161479
"0.95"	"0.8"	"0.45"	"0.01"	"0.005"	"0.01"	"100000"	"10000"	"200"	"6151467115892691612"	100000	"intercept"	0.54421101365
"0.95"	"0.8"	"0.45"	"0.01"	"0.005"	"0.01"	"100000"	"10000"	"200"	"8791406541729152332"	10	"slope"	5.328185e-06
"0.95"	"0.8"	"0.45"	"0.01"	"0.005"	"0.01"	"100000"	"10000"	"200"	"8791406541729152332"	10	"intercept"	0.500193905
"0.95"	"0.8"	"0.45"	"0.01"	"0.005"	"0.01"	"100000"	"10000"	"200"	"8791406541729152332"	5000	"slope"	-0.094309628255
"0.95"	"0.8"	"0.45"	"0.01"	"0.005"	"0.01"	"100000"	"10000"	"200"	"8791406541729152332"	5000	"intercept"	0.82925715
"0.95"	"0.8"	"0.45"	"0.01"	"0.005"	"0.01"	"100000"	"10000"	"200"	"8791406541729152332"	10000	"slope"	-0.126444584618
"0.95"	"0.8"	"0.45"	"0.01"	"0.005"	"0.01"	"100000"	"10000"	"200"	"8791406541729152332"	10000	"intercept"	0.73755228
"0.95"	"0.8"	"0.45"	"0.01"	"0.005"	"0.01"	"100000"	"10000"	"200"	"8791406541729152332"	15000	"slope"	-0.172466719844
"0.95"	"0.8"	"0.45"	"0.01"	"0.005"	"0.01"	"100000"	"10000"	"200"	"8791406541729152332"	15000	"intercept"	0.708579685
"0.95"	"0.8"	"0.45"	"0.01"	"0.005"	"0.01"	"100000"	"10000"	"200"	"8791406541729152332"	20000	"slope"	-0.21171758835
"0.95"	"0.8"	"0.45"	"0.01"	"0.005"	"0.01"	"100000"	"10000"	"200"	"8791406541729152332"	20000	"intercept"	0.61450148
"0.95"	"0.8"	"0.45"	"0.01"	"0.005"	"0.01"	"100000"	"10000"	"200"	"8791406541729152332"	25000	"slope"	-0.17212373426
"0.95"	"0.8"	"0.45"	"0.01"	"0.005"	"0.01"	"100000"	"10000"	"200"	"8791406541729152332"	25000	"intercept"	0.63169709
"0.95"	"0.8"	"0.45"	"0.01"	"0.005"	"0.01"	"100000"	"10000"	"200"	"8791406541729152332"	30000	"slope"	-0.15779263412
"0.95"	"0.8"	"0.45"	"0.01"	"0.005"	"0.01"	"100000"	"10000"	"200"	"8791406541729152332"	30000	"intercept"	0.595478355
"0.95"	"0.8"	"0.45"	"0.01"	"0.005"	"0.01"	"100000"	"10000"	"200"	"8791406541729152332"	35000	"slope"	-0.12044749555
"0.95"	"0.8"	"0.45"	"0.01"	"0.005"	"0.01"	"100000"	"10000"	"200"	"8791406541729152332"	35000	"intercept"	0.648016741
"0.95"	"0.8"	"0.45"	"0.01"	"0.005"	"0.01"	"100000"	"10000"	"200"	"8791406541729152332"	40000	"slope"	-0.17738416614
"0.95"	"0.8"	"0.45"	"0.01"	"0.005"	"0.01"	"100000"	"10000"	"200"	"8791406541729152332"	40000	"intercept"	0.604054484
"0.95"	"0.8"	"0.45"	"0.01"	"0.005"	"0.01"	"100000"	"10000"	"200"	"8791406541729152332"	45000	"slope"	-0.1139716706
"0.95"	"0.8"	"0.45"	"0.01"	"0.005"	"0.01"	"100000"	"10000"	"200"	"8791406541729152332"	45000	"intercept"	0.58239002165
"0.95"	"0.8"	"0.45"	"0.01"	"0.005"	"0.01"	"100000"	"10000"	"200"	"8791406541729152332"	50000	"slope"	-0.112686242
"0.95"	"0.8"	"0.45"	"0.01"	"0.005"	"0.01"	"100000"	"10000"	"200"	"8791406541729152332"	50000	"intercept"	0.55747306006
"0.95"	"0.8"	"0.45"	"0.01"	"0.005"	"0.01"	"100000"	"10000"	"200"	"8791406541729152332"	55000	"slope"	-0.13488910758
"0.95"	"0.8"	"0.45"	"0.01"	"0.005"	"0.01"	"100000"	"10000"	"200"	"8791406541729152332"	55000	"intercept"	0.540237643565
"0.95"	"0.8"	"0.45"	"0.01"	"0.005"	"0.01"	"100000"	"10000"	"200"	"8791406541729152332"	60000	"slope"	-0.0908142758
"0.95"	"0.8"	"0.45"	"0.01"	"0.005"	"0.01"	"100000"	"10000"	"200"	"8791406541729152332"	60000	"intercept"	0.45771900135
"0.95"	"0.8"	"0.45"	"0.01"	"0.005"	"0.01"	"100000"	"10000"	"200"	"8791406541729152332"	65000	"slope"	-0.07381557665
"0.95"	"0.8"	"0.45"	"0.01"	"0.005"	"0.01"	"100000"	"10000"	"200"	"8791406541729152332"	65000	"intercept"	0.4071437303
"0.95"	"0.8"	"0.45"	"0.01"	"0.005"	"0.01"	"100000"	"10000"	"200"	"8791406541729152332"	70000	"slope"	-0.050271237025
"0.95"	"0.8"	"0.45"	"0.01"	"0.005"	"0.01"	"100000"	"10000"	"200"	"8791406541729152332"	70000	"intercept"	0.4295397416
"0.95"	"0.8"	"0.45"	"0.01"	"0.005"	"0.01"	"100000"	"10000"	"200"	"8791406541729152332"	75000	"slope"	0.0324164565
"0.95"	"0.8"	"0.45"	"0.01"	"0.005"	"0.01"	"100000"	"10000"	"200"	"8791406541729152332"	75000	"intercept"	0.51252852216
"0.95"	"0.8"	"0.45"	"0.01"	"0.005"	"0.01"	"100000"	"10000"	"200"	"8791406541729152332"	80000	"slope"	0.004841648
"0.95"	"0.8"	"0.45"	"0.01"	"0.005"	"0.01"	"100000"	"10000"	"200"	"8791406541729152332"	80000	"intercept"	0.4833748266185
"0.95"	"0.8"	"0.45"	"0.01"	"0.005"	"0.01"	"100000"	"10000"	"200"	"8791406541729152332"	85000	"slope"	0.027025175
"0.95"	"0.8"	"0.45"	"0.01"	"0.005"	"0.01"	"100000"	"10000"	"200"	"8791406541729152332"	85000	"intercept"	0.52748790768
"0.95"	"0.8"	"0.45"	"0.01"	"0.005"	"0.01"	"100000"	"10000"	"200"	"8791406541729152332"	90000	"slope"	0.050224639
"0.95"	"0.8"	"0.45"	"0.01"	"0.005"	"0.01"	"100000"	"10000"	"200"	"8791406541729152332"	90000	"intercept"	0.50440131685
"0.95"	"0.8"	"0.45"	"0.01"	"0.005"	"0.01"	"100000"	"10000"	"200"	"8791406541729152332"	95000	"slope"	0.018112925
"0.95"	"0.8"	"0.45"	"0.01"	"0.005"	"0.01"	"100000"	"10000"	"200"	"8791406541729152332"	95000	"intercept"	0.4514585099
"0.95"	"0.8"	"0.45"	"0.01"	"0.005"	"0.01"	"100000"	"10000"	"200"	"8791406541729152332"	100000	"slope"	0.0843858005
"0.95"	"0.8"	"0.45"	"0.01"	"0.005"	"0.01"	"100000"	"10000"	"200"	"8791406541729152332"	100000	"intercept"	0.59006434595
