"alpha"	"delta"	"mig"	"cost"	"mu"	"sigma"	"gen"	"popsize"	"nsampled"	"seed"	"generation"	"param"	"means"
"0.05"	"0.0"	"0.75"	"0.01"	"0.005"	"0.01"	"100000"	"10000"	"200"	"5329448377333306898"	10	"slope"	0.00011613944
"0.05"	"0.0"	"0.75"	"0.01"	"0.005"	"0.01"	"100000"	"10000"	"200"	"5329448377333306898"	10	"intercept"	0.50020129
"0.05"	"0.0"	"0.75"	"0.01"	"0.005"	"0.01"	"100000"	"10000"	"200"	"5329448377333306898"	5000	"slope"	-0.03147341622
"0.05"	"0.0"	"0.75"	"0.01"	"0.005"	"0.01"	"100000"	"10000"	"200"	"5329448377333306898"	5000	"intercept"	0.510211915
"0.05"	"0.0"	"0.75"	"0.01"	"0.005"	"0.01"	"100000"	"10000"	"200"	"5329448377333306898"	10000	"slope"	-0.1001037517
"0.05"	"0.0"	"0.75"	"0.01"	"0.005"	"0.01"	"100000"	"10000"	"200"	"5329448377333306898"	10000	"intercept"	0.555911725
"0.05"	"0.0"	"0.75"	"0.01"	"0.005"	"0.01"	"100000"	"10000"	"200"	"5329448377333306898"	15000	"slope"	-0.1674888915
"0.05"	"0.0"	"0.75"	"0.01"	"0.005"	"0.01"	"100000"	"10000"	"200"	"5329448377333306898"	15000	"intercept"	0.609346725
"0.05"	"0.0"	"0.75"	"0.01"	"0.005"	"0.01"	"100000"	"10000"	"200"	"5329448377333306898"	20000	"slope"	-0.216613955
"0.05"	"0.0"	"0.75"	"0.01"	"0.005"	"0.01"	"100000"	"10000"	"200"	"5329448377333306898"	20000	"intercept"	0.646518165
"0.05"	"0.0"	"0.75"	"0.01"	"0.005"	"0.01"	"100000"	"10000"	"200"	"5329448377333306898"	25000	"slope"	-0.184648855
"0.05"	"0.0"	"0.75"	"0.01"	"0.005"	"0.01"	"100000"	"10000"	"200"	"5329448377333306898"	25000	"intercept"	0.614544315
"0.05"	"0.0"	"0.75"	"0.01"	"0.005"	"0.01"	"100000"	"10000"	"200"	"5329448377333306898"	30000	"slope"	-0.176153739
"0.05"	"0.0"	"0.75"	"0.01"	"0.005"	"0.01"	"100000"	"10000"	"200"	"5329448377333306898"	30000	"intercept"	0.613565375
"0.05"	"0.0"	"0.75"	"0.01"	"0.005"	"0.01"	"100000"	"10000"	"200"	"5329448377333306898"	35000	"slope"	-0.25563700195
"0.05"	"0.0"	"0.75"	"0.01"	"0.005"	"0.01"	"100000"	"10000"	"200"	"5329448377333306898"	35000	"intercept"	0.675816185
"0.05"	"0.0"	"0.75"	"0.01"	"0.005"	"0.01"	"100000"	"10000"	"200"	"5329448377333306898"	40000	"slope"	-0.26702999
"0.05"	"0.0"	"0.75"	"0.01"	"0.005"	"0.01"	"100000"	"10000"	"200"	"5329448377333306898"	40000	"intercept"	0.68321642
"0.05"	"0.0"	"0.75"	"0.01"	"0.005"	"0.01"	"100000"	"10000"	"200"	"5329448377333306898"	45000	"slope"	-0.26872002
"0.05"	"0.0"	"0.75"	"0.01"	"0.005"	"0.01"	"100000"	"10000"	"200"	"5329448377333306898"	45000	"intercept"	0.6832231
"0.05"	"0.0"	"0.75"	"0.01"	"0.005"	"0.01"	"100000"	"10000"	"200"	"5329448377333306898"	50000	"slope"	-0.253742255
"0.05"	"0.0"	"0.75"	"0.01"	"0.005"	"0.01"	"100000"	"10000"	"200"	"5329448377333306898"	50000	"intercept"	0.6691488
"0.05"	"0.0"	"0.75"	"0.01"	"0.005"	"0.01"	"100000"	"10000"	"200"	"5329448377333306898"	55000	"slope"	-0.23884141
"0.05"	"0.0"	"0.75"	"0.01"	"0.005"	"0.01"	"100000"	"10000"	"200"	"5329448377333306898"	55000	"intercept"	0.660299845
"0.05"	"0.0"	"0.75"	"0.01"	"0.005"	"0.01"	"100000"	"10000"	"200"	"5329448377333306898"	60000	"slope"	-0.26195217
"0.05"	"0.0"	"0.75"	"0.01"	"0.005"	"0.01"	"100000"	"10000"	"200"	"5329448377333306898"	60000	"intercept"	0.66179116
"0.05"	"0.0"	"0.75"	"0.01"	"0.005"	"0.01"	"100000"	"10000"	"200"	"5329448377333306898"	65000	"slope"	-0.274920455
"0.05"	"0.0"	"0.75"	"0.01"	"0.005"	"0.01"	"100000"	"10000"	"200"	"5329448377333306898"	65000	"intercept"	0.683172925
"0.05"	"0.0"	"0.75"	"0.01"	"0.005"	"0.01"	"100000"	"10000"	"200"	"5329448377333306898"	70000	"slope"	-0.266091435
"0.05"	"0.0"	"0.75"	"0.01"	"0.005"	"0.01"	"100000"	"10000"	"200"	"5329448377333306898"	70000	"intercept"	0.676040625
"0.05"	"0.0"	"0.75"	"0.01"	"0.005"	"0.01"	"100000"	"10000"	"200"	"5329448377333306898"	75000	"slope"	-0.27689224
"0.05"	"0.0"	"0.75"	"0.01"	"0.005"	"0.01"	"100000"	"10000"	"200"	"5329448377333306898"	75000	"intercept"	0.6843588
"0.05"	"0.0"	"0.75"	"0.01"	"0.005"	"0.01"	"100000"	"10000"	"200"	"5329448377333306898"	80000	"slope"	-0.23457892
"0.05"	"0.0"	"0.75"	"0.01"	"0.005"	"0.01"	"100000"	"10000"	"200"	"5329448377333306898"	80000	"intercept"	0.66020398
"0.05"	"0.0"	"0.75"	"0.01"	"0.005"	"0.01"	"100000"	"10000"	"200"	"5329448377333306898"	85000	"slope"	-0.235800235
"0.05"	"0.0"	"0.75"	"0.01"	"0.005"	"0.01"	"100000"	"10000"	"200"	"5329448377333306898"	85000	"intercept"	0.652559665
"0.05"	"0.0"	"0.75"	"0.01"	"0.005"	"0.01"	"100000"	"10000"	"200"	"5329448377333306898"	90000	"slope"	-0.25422327
"0.05"	"0.0"	"0.75"	"0.01"	"0.005"	"0.01"	"100000"	"10000"	"200"	"5329448377333306898"	90000	"intercept"	0.66722771
"0.05"	"0.0"	"0.75"	"0.01"	"0.005"	"0.01"	"100000"	"10000"	"200"	"5329448377333306898"	95000	"slope"	-0.24091427
"0.05"	"0.0"	"0.75"	"0.01"	"0.005"	"0.01"	"100000"	"10000"	"200"	"5329448377333306898"	95000	"intercept"	0.662853525
"0.05"	"0.0"	"0.75"	"0.01"	"0.005"	"0.01"	"100000"	"10000"	"200"	"5329448377333306898"	100000	"slope"	-0.160344273
"0.05"	"0.0"	"0.75"	"0.01"	"0.005"	"0.01"	"100000"	"10000"	"200"	"5329448377333306898"	100000	"intercept"	0.616683045
"0.05"	"0.0"	"0.75"	"0.01"	"0.005"	"0.01"	"100000"	"10000"	"200"	"7213392348085258919"	10	"slope"	0.00019371152
"0.05"	"0.0"	"0.75"	"0.01"	"0.005"	"0.01"	"100000"	"10000"	"200"	"7213392348085258919"	10	"intercept"	0.49992077
"0.05"	"0.0"	"0.75"	"0.01"	"0.005"	"0.01"	"100000"	"10000"	"200"	"7213392348085258919"	5000	"slope"	0.01000674947
"0.05"	"0.0"	"0.75"	"0.01"	"0.005"	"0.01"	"100000"	"10000"	"200"	"7213392348085258919"	5000	"intercept"	0.50058368
"0.05"	"0.0"	"0.75"	"0.01"	"0.005"	"0.01"	"100000"	"10000"	"200"	"7213392348085258919"	10000	"slope"	-0.05708704515
"0.05"	"0.0"	"0.75"	"0.01"	"0.005"	"0.01"	"100000"	"10000"	"200"	"7213392348085258919"	10000	"intercept"	0.538159415
"0.05"	"0.0"	"0.75"	"0.01"	"0.005"	"0.01"	"100000"	"10000"	"200"	"7213392348085258919"	15000	"slope"	-0.048597081877
"0.05"	"0.0"	"0.75"	"0.01"	"0.005"	"0.01"	"100000"	"10000"	"200"	"7213392348085258919"	15000	"intercept"	0.533613445
"0.05"	"0.0"	"0.75"	"0.01"	"0.005"	"0.01"	"100000"	"10000"	"200"	"7213392348085258919"	20000	"slope"	-0.043149827331
"0.05"	"0.0"	"0.75"	"0.01"	"0.005"	"0.01"	"100000"	"10000"	"200"	"7213392348085258919"	20000	"intercept"	0.52227449
"0.05"	"0.0"	"0.75"	"0.01"	"0.005"	"0.01"	"100000"	"10000"	"200"	"7213392348085258919"	25000	"slope"	-0.1035091969
"0.05"	"0.0"	"0.75"	"0.01"	"0.005"	"0.01"	"100000"	"10000"	"200"	"7213392348085258919"	25000	"intercept"	0.571001935
"0.05"	"0.0"	"0.75"	"0.01"	"0.005"	"0.01"	"100000"	"10000"	"200"	"7213392348085258919"	30000	"slope"	-0.1125672743
"0.05"	"0.0"	"0.75"	"0.01"	"0.005"	"0.01"	"100000"	"10000"	"200"	"7213392348085258919"	30000	"intercept"	0.573790375
"0.05"	"0.0"	"0.75"	"0.01"	"0.005"	"0.01"	"100000"	"10000"	"200"	"7213392348085258919"	35000	"slope"	-0.1530390895
"0.05"	"0.0"	"0.75"	"0.01"	"0.005"	"0.01"	"100000"	"10000"	"200"	"7213392348085258919"	35000	"intercept"	0.598996915
"0.05"	"0.0"	"0.75"	"0.01"	"0.005"	"0.01"	"100000"	"10000"	"200"	"7213392348085258919"	40000	"slope"	-0.1605286585
"0.05"	"0.0"	"0.75"	"0.01"	"0.005"	"0.01"	"100000"	"10000"	"200"	"7213392348085258919"	40000	"intercept"	0.606842835
"0.05"	"0.0"	"0.75"	"0.01"	"0.005"	"0.01"	"100000"	"10000"	"200"	"7213392348085258919"	45000	"slope"	-0.241731447
"0.05"	"0.0"	"0.75"	"0.01"	"0.005"	"0.01"	"100000"	"10000"	"200"	"7213392348085258919"	45000	"intercept"	0.657800135
"0.05"	"0.0"	"0.75"	"0.01"	"0.005"	"0.01"	"100000"	"10000"	"200"	"7213392348085258919"	50000	"slope"	-0.166782956
"0.05"	"0.0"	"0.75"	"0.01"	"0.005"	"0.01"	"100000"	"10000"	"200"	"7213392348085258919"	50000	"intercept"	0.61487006
"0.05"	"0.0"	"0.75"	"0.01"	"0.005"	"0.01"	"100000"	"10000"	"200"	"7213392348085258919"	55000	"slope"	-0.1914560396
"0.05"	"0.0"	"0.75"	"0.01"	"0.005"	"0.01"	"100000"	"10000"	"200"	"7213392348085258919"	55000	"intercept"	0.617950855
"0.05"	"0.0"	"0.75"	"0.01"	"0.005"	"0.01"	"100000"	"10000"	"200"	"7213392348085258919"	60000	"slope"	-0.185789646
"0.05"	"0.0"	"0.75"	"0.01"	"0.005"	"0.01"	"100000"	"10000"	"200"	"7213392348085258919"	60000	"intercept"	0.63139478
"0.05"	"0.0"	"0.75"	"0.01"	"0.005"	"0.01"	"100000"	"10000"	"200"	"7213392348085258919"	65000	"slope"	-0.174880455
"0.05"	"0.0"	"0.75"	"0.01"	"0.005"	"0.01"	"100000"	"10000"	"200"	"7213392348085258919"	65000	"intercept"	0.60945691
"0.05"	"0.0"	"0.75"	"0.01"	"0.005"	"0.01"	"100000"	"10000"	"200"	"7213392348085258919"	70000	"slope"	-0.175297875
"0.05"	"0.0"	"0.75"	"0.01"	"0.005"	"0.01"	"100000"	"10000"	"200"	"7213392348085258919"	70000	"intercept"	0.613368915
"0.05"	"0.0"	"0.75"	"0.01"	"0.005"	"0.01"	"100000"	"10000"	"200"	"7213392348085258919"	75000	"slope"	-0.1860734035
"0.05"	"0.0"	"0.75"	"0.01"	"0.005"	"0.01"	"100000"	"10000"	"200"	"7213392348085258919"	75000	"intercept"	0.618062485
"0.05"	"0.0"	"0.75"	"0.01"	"0.005"	"0.01"	"100000"	"10000"	"200"	"7213392348085258919"	80000	"slope"	-0.18826889
"0.05"	"0.0"	"0.75"	"0.01"	"0.005"	"0.01"	"100000"	"10000"	"200"	"7213392348085258919"	80000	"intercept"	0.63115082
"0.05"	"0.0"	"0.75"	"0.01"	"0.005"	"0.01"	"100000"	"10000"	"200"	"7213392348085258919"	85000	"slope"	-0.226536305
"0.05"	"0.0"	"0.75"	"0.01"	"0.005"	"0.01"	"100000"	"10000"	"200"	"7213392348085258919"	85000	"intercept"	0.64404652
"0.05"	"0.0"	"0.75"	"0.01"	"0.005"	"0.01"	"100000"	"10000"	"200"	"7213392348085258919"	90000	"slope"	-0.25734209
"0.05"	"0.0"	"0.75"	"0.01"	"0.005"	"0.01"	"100000"	"10000"	"200"	"7213392348085258919"	90000	"intercept"	0.688761155
"0.05"	"0.0"	"0.75"	"0.01"	"0.005"	"0.01"	"100000"	"10000"	"200"	"7213392348085258919"	95000	"slope"	-0.27790141
"0.05"	"0.0"	"0.75"	"0.01"	"0.005"	"0.01"	"100000"	"10000"	"200"	"7213392348085258919"	95000	"intercept"	0.6866997
"0.05"	"0.0"	"0.75"	"0.01"	"0.005"	"0.01"	"100000"	"10000"	"200"	"7213392348085258919"	100000	"slope"	-0.328058095
"0.05"	"0.0"	"0.75"	"0.01"	"0.005"	"0.01"	"100000"	"10000"	"200"	"7213392348085258919"	100000	"intercept"	0.713592495
"0.05"	"0.0"	"0.75"	"0.01"	"0.005"	"0.01"	"100000"	"10000"	"200"	"8744765714987959998"	10	"slope"	2.728064e-05
"0.05"	"0.0"	"0.75"	"0.01"	"0.005"	"0.01"	"100000"	"10000"	"200"	"8744765714987959998"	10	"intercept"	0.5000768
"0.05"	"0.0"	"0.75"	"0.01"	"0.005"	"0.01"	"100000"	"10000"	"200"	"8744765714987959998"	5000	"slope"	-0.020654675326
"0.05"	"0.0"	"0.75"	"0.01"	"0.005"	"0.01"	"100000"	"10000"	"200"	"8744765714987959998"	5000	"intercept"	0.519044305
"0.05"	"0.0"	"0.75"	"0.01"	"0.005"	"0.01"	"100000"	"10000"	"200"	"8744765714987959998"	10000	"slope"	-0.04755095695
"0.05"	"0.0"	"0.75"	"0.01"	"0.005"	"0.01"	"100000"	"10000"	"200"	"8744765714987959998"	10000	"intercept"	0.533583565
"0.05"	"0.0"	"0.75"	"0.01"	"0.005"	"0.01"	"100000"	"10000"	"200"	"8744765714987959998"	15000	"slope"	-0.06701496905
"0.05"	"0.0"	"0.75"	"0.01"	"0.005"	"0.01"	"100000"	"10000"	"200"	"8744765714987959998"	15000	"intercept"	0.54918549
"0.05"	"0.0"	"0.75"	"0.01"	"0.005"	"0.01"	"100000"	"10000"	"200"	"8744765714987959998"	20000	"slope"	-0.092362665
"0.05"	"0.0"	"0.75"	"0.01"	"0.005"	"0.01"	"100000"	"10000"	"200"	"8744765714987959998"	20000	"intercept"	0.55988303
"0.05"	"0.0"	"0.75"	"0.01"	"0.005"	"0.01"	"100000"	"10000"	"200"	"8744765714987959998"	25000	"slope"	-0.1479737755
"0.05"	"0.0"	"0.75"	"0.01"	"0.005"	"0.01"	"100000"	"10000"	"200"	"8744765714987959998"	25000	"intercept"	0.595855575
"0.05"	"0.0"	"0.75"	"0.01"	"0.005"	"0.01"	"100000"	"10000"	"200"	"8744765714987959998"	30000	"slope"	-0.161030094
"0.05"	"0.0"	"0.75"	"0.01"	"0.005"	"0.01"	"100000"	"10000"	"200"	"8744765714987959998"	30000	"intercept"	0.60669318
"0.05"	"0.0"	"0.75"	"0.01"	"0.005"	"0.01"	"100000"	"10000"	"200"	"8744765714987959998"	35000	"slope"	-0.188258365
"0.05"	"0.0"	"0.75"	"0.01"	"0.005"	"0.01"	"100000"	"10000"	"200"	"8744765714987959998"	35000	"intercept"	0.646839855
"0.05"	"0.0"	"0.75"	"0.01"	"0.005"	"0.01"	"100000"	"10000"	"200"	"8744765714987959998"	40000	"slope"	-0.1825629365
"0.05"	"0.0"	"0.75"	"0.01"	"0.005"	"0.01"	"100000"	"10000"	"200"	"8744765714987959998"	40000	"intercept"	0.61912491
"0.05"	"0.0"	"0.75"	"0.01"	"0.005"	"0.01"	"100000"	"10000"	"200"	"8744765714987959998"	45000	"slope"	-0.19561976
"0.05"	"0.0"	"0.75"	"0.01"	"0.005"	"0.01"	"100000"	"10000"	"200"	"8744765714987959998"	45000	"intercept"	0.624375625
"0.05"	"0.0"	"0.75"	"0.01"	"0.005"	"0.01"	"100000"	"10000"	"200"	"8744765714987959998"	50000	"slope"	-0.215078468
"0.05"	"0.0"	"0.75"	"0.01"	"0.005"	"0.01"	"100000"	"10000"	"200"	"8744765714987959998"	50000	"intercept"	0.650970835
"0.05"	"0.0"	"0.75"	"0.01"	"0.005"	"0.01"	"100000"	"10000"	"200"	"8744765714987959998"	55000	"slope"	-0.218283345
"0.05"	"0.0"	"0.75"	"0.01"	"0.005"	"0.01"	"100000"	"10000"	"200"	"8744765714987959998"	55000	"intercept"	0.65208276
"0.05"	"0.0"	"0.75"	"0.01"	"0.005"	"0.01"	"100000"	"10000"	"200"	"8744765714987959998"	60000	"slope"	-0.215896256
"0.05"	"0.0"	"0.75"	"0.01"	"0.005"	"0.01"	"100000"	"10000"	"200"	"8744765714987959998"	60000	"intercept"	0.64759034
"0.05"	"0.0"	"0.75"	"0.01"	"0.005"	"0.01"	"100000"	"10000"	"200"	"8744765714987959998"	65000	"slope"	-0.231314565
"0.05"	"0.0"	"0.75"	"0.01"	"0.005"	"0.01"	"100000"	"10000"	"200"	"8744765714987959998"	65000	"intercept"	0.650647145
"0.05"	"0.0"	"0.75"	"0.01"	"0.005"	"0.01"	"100000"	"10000"	"200"	"8744765714987959998"	70000	"slope"	-0.26213182
"0.05"	"0.0"	"0.75"	"0.01"	"0.005"	"0.01"	"100000"	"10000"	"200"	"8744765714987959998"	70000	"intercept"	0.667666415
"0.05"	"0.0"	"0.75"	"0.01"	"0.005"	"0.01"	"100000"	"10000"	"200"	"8744765714987959998"	75000	"slope"	-0.286549505
"0.05"	"0.0"	"0.75"	"0.01"	"0.005"	"0.01"	"100000"	"10000"	"200"	"8744765714987959998"	75000	"intercept"	0.689963585
"0.05"	"0.0"	"0.75"	"0.01"	"0.005"	"0.01"	"100000"	"10000"	"200"	"8744765714987959998"	80000	"slope"	-0.27817627
"0.05"	"0.0"	"0.75"	"0.01"	"0.005"	"0.01"	"100000"	"10000"	"200"	"8744765714987959998"	80000	"intercept"	0.685983955
"0.05"	"0.0"	"0.75"	"0.01"	"0.005"	"0.01"	"100000"	"10000"	"200"	"8744765714987959998"	85000	"slope"	-0.266049615
"0.05"	"0.0"	"0.75"	"0.01"	"0.005"	"0.01"	"100000"	"10000"	"200"	"8744765714987959998"	85000	"intercept"	0.67681189
"0.05"	"0.0"	"0.75"	"0.01"	"0.005"	"0.01"	"100000"	"10000"	"200"	"8744765714987959998"	90000	"slope"	-0.2128062505
"0.05"	"0.0"	"0.75"	"0.01"	"0.005"	"0.01"	"100000"	"10000"	"200"	"8744765714987959998"	90000	"intercept"	0.637694115
"0.05"	"0.0"	"0.75"	"0.01"	"0.005"	"0.01"	"100000"	"10000"	"200"	"8744765714987959998"	95000	"slope"	-0.1608658875
"0.05"	"0.0"	"0.75"	"0.01"	"0.005"	"0.01"	"100000"	"10000"	"200"	"8744765714987959998"	95000	"intercept"	0.612902655
"0.05"	"0.0"	"0.75"	"0.01"	"0.005"	"0.01"	"100000"	"10000"	"200"	"8744765714987959998"	100000	"slope"	-0.1610504975
"0.05"	"0.0"	"0.75"	"0.01"	"0.005"	"0.01"	"100000"	"10000"	"200"	"8744765714987959998"	100000	"intercept"	0.6022493
"0.05"	"0.4"	"0.75"	"0.01"	"0.005"	"0.01"	"100000"	"10000"	"200"	"2133292083146651451"	10	"slope"	-8.620093e-05
"0.05"	"0.4"	"0.75"	"0.01"	"0.005"	"0.01"	"100000"	"10000"	"200"	"2133292083146651451"	10	"intercept"	0.499983625
"0.05"	"0.4"	"0.75"	"0.01"	"0.005"	"0.01"	"100000"	"10000"	"200"	"2133292083146651451"	5000	"slope"	0.0108429316
"0.05"	"0.4"	"0.75"	"0.01"	"0.005"	"0.01"	"100000"	"10000"	"200"	"2133292083146651451"	5000	"intercept"	0.493929225
"0.05"	"0.4"	"0.75"	"0.01"	"0.005"	"0.01"	"100000"	"10000"	"200"	"2133292083146651451"	10000	"slope"	0.00428008225
"0.05"	"0.4"	"0.75"	"0.01"	"0.005"	"0.01"	"100000"	"10000"	"200"	"2133292083146651451"	10000	"intercept"	0.50278533
"0.05"	"0.4"	"0.75"	"0.01"	"0.005"	"0.01"	"100000"	"10000"	"200"	"2133292083146651451"	15000	"slope"	-0.04530071149
"0.05"	"0.4"	"0.75"	"0.01"	"0.005"	"0.01"	"100000"	"10000"	"200"	"2133292083146651451"	15000	"intercept"	0.531790665
"0.05"	"0.4"	"0.75"	"0.01"	"0.005"	"0.01"	"100000"	"10000"	"200"	"2133292083146651451"	20000	"slope"	-0.11327537935
"0.05"	"0.4"	"0.75"	"0.01"	"0.005"	"0.01"	"100000"	"10000"	"200"	"2133292083146651451"	20000	"intercept"	0.56642658
"0.05"	"0.4"	"0.75"	"0.01"	"0.005"	"0.01"	"100000"	"10000"	"200"	"2133292083146651451"	25000	"slope"	-0.1535466155
"0.05"	"0.4"	"0.75"	"0.01"	"0.005"	"0.01"	"100000"	"10000"	"200"	"2133292083146651451"	25000	"intercept"	0.60661512
"0.05"	"0.4"	"0.75"	"0.01"	"0.005"	"0.01"	"100000"	"10000"	"200"	"2133292083146651451"	30000	"slope"	-0.1477943655
"0.05"	"0.4"	"0.75"	"0.01"	"0.005"	"0.01"	"100000"	"10000"	"200"	"2133292083146651451"	30000	"intercept"	0.6047229
"0.05"	"0.4"	"0.75"	"0.01"	"0.005"	"0.01"	"100000"	"10000"	"200"	"2133292083146651451"	35000	"slope"	-0.1465076675
"0.05"	"0.4"	"0.75"	"0.01"	"0.005"	"0.01"	"100000"	"10000"	"200"	"2133292083146651451"	35000	"intercept"	0.59115881
"0.05"	"0.4"	"0.75"	"0.01"	"0.005"	"0.01"	"100000"	"10000"	"200"	"2133292083146651451"	40000	"slope"	-0.2394617264
"0.05"	"0.4"	"0.75"	"0.01"	"0.005"	"0.01"	"100000"	"10000"	"200"	"2133292083146651451"	40000	"intercept"	0.65512087
"0.05"	"0.4"	"0.75"	"0.01"	"0.005"	"0.01"	"100000"	"10000"	"200"	"2133292083146651451"	45000	"slope"	-0.302733285
"0.05"	"0.4"	"0.75"	"0.01"	"0.005"	"0.01"	"100000"	"10000"	"200"	"2133292083146651451"	45000	"intercept"	0.703203265
"0.05"	"0.4"	"0.75"	"0.01"	"0.005"	"0.01"	"100000"	"10000"	"200"	"2133292083146651451"	50000	"slope"	-0.318459855
"0.05"	"0.4"	"0.75"	"0.01"	"0.005"	"0.01"	"100000"	"10000"	"200"	"2133292083146651451"	50000	"intercept"	0.708215985
"0.05"	"0.4"	"0.75"	"0.01"	"0.005"	"0.01"	"100000"	"10000"	"200"	"2133292083146651451"	55000	"slope"	-0.305892035
"0.05"	"0.4"	"0.75"	"0.01"	"0.005"	"0.01"	"100000"	"10000"	"200"	"2133292083146651451"	55000	"intercept"	0.701134725
"0.05"	"0.4"	"0.75"	"0.01"	"0.005"	"0.01"	"100000"	"10000"	"200"	"2133292083146651451"	60000	"slope"	-0.28540955
"0.05"	"0.4"	"0.75"	"0.01"	"0.005"	"0.01"	"100000"	"10000"	"200"	"2133292083146651451"	60000	"intercept"	0.68868565
"0.05"	"0.4"	"0.75"	"0.01"	"0.005"	"0.01"	"100000"	"10000"	"200"	"2133292083146651451"	65000	"slope"	-0.312480565
"0.05"	"0.4"	"0.75"	"0.01"	"0.005"	"0.01"	"100000"	"10000"	"200"	"2133292083146651451"	65000	"intercept"	0.708014455
"0.05"	"0.4"	"0.75"	"0.01"	"0.005"	"0.01"	"100000"	"10000"	"200"	"2133292083146651451"	70000	"slope"	-0.307598419
"0.05"	"0.4"	"0.75"	"0.01"	"0.005"	"0.01"	"100000"	"10000"	"200"	"2133292083146651451"	70000	"intercept"	0.70091884
"0.05"	"0.4"	"0.75"	"0.01"	"0.005"	"0.01"	"100000"	"10000"	"200"	"2133292083146651451"	75000	"slope"	-0.38052305
"0.05"	"0.4"	"0.75"	"0.01"	"0.005"	"0.01"	"100000"	"10000"	"200"	"2133292083146651451"	75000	"intercept"	0.75683896
"0.05"	"0.4"	"0.75"	"0.01"	"0.005"	"0.01"	"100000"	"10000"	"200"	"2133292083146651451"	80000	"slope"	-0.395677465
"0.05"	"0.4"	"0.75"	"0.01"	"0.005"	"0.01"	"100000"	"10000"	"200"	"2133292083146651451"	80000	"intercept"	0.755171075
"0.05"	"0.4"	"0.75"	"0.01"	"0.005"	"0.01"	"100000"	"10000"	"200"	"2133292083146651451"	85000	"slope"	-0.39864639
"0.05"	"0.4"	"0.75"	"0.01"	"0.005"	"0.01"	"100000"	"10000"	"200"	"2133292083146651451"	85000	"intercept"	0.756616945
"0.05"	"0.4"	"0.75"	"0.01"	"0.005"	"0.01"	"100000"	"10000"	"200"	"2133292083146651451"	90000	"slope"	-0.37994381
"0.05"	"0.4"	"0.75"	"0.01"	"0.005"	"0.01"	"100000"	"10000"	"200"	"2133292083146651451"	90000	"intercept"	0.749317105
"0.05"	"0.4"	"0.75"	"0.01"	"0.005"	"0.01"	"100000"	"10000"	"200"	"2133292083146651451"	95000	"slope"	-0.358446155
"0.05"	"0.4"	"0.75"	"0.01"	"0.005"	"0.01"	"100000"	"10000"	"200"	"2133292083146651451"	95000	"intercept"	0.74414539
"0.05"	"0.4"	"0.75"	"0.01"	"0.005"	"0.01"	"100000"	"10000"	"200"	"2133292083146651451"	100000	"slope"	-0.35562779
"0.05"	"0.4"	"0.75"	"0.01"	"0.005"	"0.01"	"100000"	"10000"	"200"	"2133292083146651451"	100000	"intercept"	0.74479912
"0.05"	"0.4"	"0.75"	"0.01"	"0.005"	"0.01"	"100000"	"10000"	"200"	"2290567505034537385"	10	"slope"	-0.00022857375
"0.05"	"0.4"	"0.75"	"0.01"	"0.005"	"0.01"	"100000"	"10000"	"200"	"2290567505034537385"	10	"intercept"	0.49985253
"0.05"	"0.4"	"0.75"	"0.01"	"0.005"	"0.01"	"100000"	"10000"	"200"	"2290567505034537385"	5000	"slope"	-0.0169230585
"0.05"	"0.4"	"0.75"	"0.01"	"0.005"	"0.01"	"100000"	"10000"	"200"	"2290567505034537385"	5000	"intercept"	0.496871485
"0.05"	"0.4"	"0.75"	"0.01"	"0.005"	"0.01"	"100000"	"10000"	"200"	"2290567505034537385"	10000	"slope"	-0.05830557425
"0.05"	"0.4"	"0.75"	"0.01"	"0.005"	"0.01"	"100000"	"10000"	"200"	"2290567505034537385"	10000	"intercept"	0.53675858
"0.05"	"0.4"	"0.75"	"0.01"	"0.005"	"0.01"	"100000"	"10000"	"200"	"2290567505034537385"	15000	"slope"	-0.1565367159
"0.05"	"0.4"	"0.75"	"0.01"	"0.005"	"0.01"	"100000"	"10000"	"200"	"2290567505034537385"	15000	"intercept"	0.59767067
"0.05"	"0.4"	"0.75"	"0.01"	"0.005"	"0.01"	"100000"	"10000"	"200"	"2290567505034537385"	20000	"slope"	-0.1959917585
"0.05"	"0.4"	"0.75"	"0.01"	"0.005"	"0.01"	"100000"	"10000"	"200"	"2290567505034537385"	20000	"intercept"	0.631962615
"0.05"	"0.4"	"0.75"	"0.01"	"0.005"	"0.01"	"100000"	"10000"	"200"	"2290567505034537385"	25000	"slope"	-0.1849413265
"0.05"	"0.4"	"0.75"	"0.01"	"0.005"	"0.01"	"100000"	"10000"	"200"	"2290567505034537385"	25000	"intercept"	0.6123361
"0.05"	"0.4"	"0.75"	"0.01"	"0.005"	"0.01"	"100000"	"10000"	"200"	"2290567505034537385"	30000	"slope"	-0.2011997387
"0.05"	"0.4"	"0.75"	"0.01"	"0.005"	"0.01"	"100000"	"10000"	"200"	"2290567505034537385"	30000	"intercept"	0.63215409
"0.05"	"0.4"	"0.75"	"0.01"	"0.005"	"0.01"	"100000"	"10000"	"200"	"2290567505034537385"	35000	"slope"	-0.224750276
"0.05"	"0.4"	"0.75"	"0.01"	"0.005"	"0.01"	"100000"	"10000"	"200"	"2290567505034537385"	35000	"intercept"	0.662941465
"0.05"	"0.4"	"0.75"	"0.01"	"0.005"	"0.01"	"100000"	"10000"	"200"	"2290567505034537385"	40000	"slope"	-0.2463720195
"0.05"	"0.4"	"0.75"	"0.01"	"0.005"	"0.01"	"100000"	"10000"	"200"	"2290567505034537385"	40000	"intercept"	0.65541578
"0.05"	"0.4"	"0.75"	"0.01"	"0.005"	"0.01"	"100000"	"10000"	"200"	"2290567505034537385"	45000	"slope"	-0.35020859
"0.05"	"0.4"	"0.75"	"0.01"	"0.005"	"0.01"	"100000"	"10000"	"200"	"2290567505034537385"	45000	"intercept"	0.73800266
"0.05"	"0.4"	"0.75"	"0.01"	"0.005"	"0.01"	"100000"	"10000"	"200"	"2290567505034537385"	50000	"slope"	-0.33669929
"0.05"	"0.4"	"0.75"	"0.01"	"0.005"	"0.01"	"100000"	"10000"	"200"	"2290567505034537385"	50000	"intercept"	0.72310534
"0.05"	"0.4"	"0.75"	"0.01"	"0.005"	"0.01"	"100000"	"10000"	"200"	"2290567505034537385"	55000	"slope"	-0.370455565
"0.05"	"0.4"	"0.75"	"0.01"	"0.005"	"0.01"	"100000"	"10000"	"200"	"2290567505034537385"	55000	"intercept"	0.73691336
"0.05"	"0.4"	"0.75"	"0.01"	"0.005"	"0.01"	"100000"	"10000"	"200"	"2290567505034537385"	60000	"slope"	-0.359065115
"0.05"	"0.4"	"0.75"	"0.01"	"0.005"	"0.01"	"100000"	"10000"	"200"	"2290567505034537385"	60000	"intercept"	0.74018024
"0.05"	"0.4"	"0.75"	"0.01"	"0.005"	"0.01"	"100000"	"10000"	"200"	"2290567505034537385"	65000	"slope"	-0.27750887
"0.05"	"0.4"	"0.75"	"0.01"	"0.005"	"0.01"	"100000"	"10000"	"200"	"2290567505034537385"	65000	"intercept"	0.68307049
"0.05"	"0.4"	"0.75"	"0.01"	"0.005"	"0.01"	"100000"	"10000"	"200"	"2290567505034537385"	70000	"slope"	-0.282098095
"0.05"	"0.4"	"0.75"	"0.01"	"0.005"	"0.01"	"100000"	"10000"	"200"	"2290567505034537385"	70000	"intercept"	0.68843637
"0.05"	"0.4"	"0.75"	"0.01"	"0.005"	"0.01"	"100000"	"10000"	"200"	"2290567505034537385"	75000	"slope"	-0.28850751
"0.05"	"0.4"	"0.75"	"0.01"	"0.005"	"0.01"	"100000"	"10000"	"200"	"2290567505034537385"	75000	"intercept"	0.69646661
"0.05"	"0.4"	"0.75"	"0.01"	"0.005"	"0.01"	"100000"	"10000"	"200"	"2290567505034537385"	80000	"slope"	-0.283199125
"0.05"	"0.4"	"0.75"	"0.01"	"0.005"	"0.01"	"100000"	"10000"	"200"	"2290567505034537385"	80000	"intercept"	0.68940349
"0.05"	"0.4"	"0.75"	"0.01"	"0.005"	"0.01"	"100000"	"10000"	"200"	"2290567505034537385"	85000	"slope"	-0.294128095
"0.05"	"0.4"	"0.75"	"0.01"	"0.005"	"0.01"	"100000"	"10000"	"200"	"2290567505034537385"	85000	"intercept"	0.68729218
"0.05"	"0.4"	"0.75"	"0.01"	"0.005"	"0.01"	"100000"	"10000"	"200"	"2290567505034537385"	90000	"slope"	-0.26226575
"0.05"	"0.4"	"0.75"	"0.01"	"0.005"	"0.01"	"100000"	"10000"	"200"	"2290567505034537385"	90000	"intercept"	0.67057056
"0.05"	"0.4"	"0.75"	"0.01"	"0.005"	"0.01"	"100000"	"10000"	"200"	"2290567505034537385"	95000	"slope"	-0.22843698
"0.05"	"0.4"	"0.75"	"0.01"	"0.005"	"0.01"	"100000"	"10000"	"200"	"2290567505034537385"	95000	"intercept"	0.643681075
"0.05"	"0.4"	"0.75"	"0.01"	"0.005"	"0.01"	"100000"	"10000"	"200"	"2290567505034537385"	100000	"slope"	-0.191823094
"0.05"	"0.4"	"0.75"	"0.01"	"0.005"	"0.01"	"100000"	"10000"	"200"	"2290567505034537385"	100000	"intercept"	0.618817595
"0.05"	"0.4"	"0.75"	"0.01"	"0.005"	"0.01"	"100000"	"10000"	"200"	"7843454819999592617"	10	"slope"	-0.00012210615
"0.05"	"0.4"	"0.75"	"0.01"	"0.005"	"0.01"	"100000"	"10000"	"200"	"7843454819999592617"	10	"intercept"	0.499970835
"0.05"	"0.4"	"0.75"	"0.01"	"0.005"	"0.01"	"100000"	"10000"	"200"	"7843454819999592617"	5000	"slope"	0.00756726882
"0.05"	"0.4"	"0.75"	"0.01"	"0.005"	"0.01"	"100000"	"10000"	"200"	"7843454819999592617"	5000	"intercept"	0.50000884
"0.05"	"0.4"	"0.75"	"0.01"	"0.005"	"0.01"	"100000"	"10000"	"200"	"7843454819999592617"	10000	"slope"	-0.00744208534
"0.05"	"0.4"	"0.75"	"0.01"	"0.005"	"0.01"	"100000"	"10000"	"200"	"7843454819999592617"	10000	"intercept"	0.494686565
"0.05"	"0.4"	"0.75"	"0.01"	"0.005"	"0.01"	"100000"	"10000"	"200"	"7843454819999592617"	15000	"slope"	-0.0882333981
"0.05"	"0.4"	"0.75"	"0.01"	"0.005"	"0.01"	"100000"	"10000"	"200"	"7843454819999592617"	15000	"intercept"	0.54669259
"0.05"	"0.4"	"0.75"	"0.01"	"0.005"	"0.01"	"100000"	"10000"	"200"	"7843454819999592617"	20000	"slope"	-0.16310186755
"0.05"	"0.4"	"0.75"	"0.01"	"0.005"	"0.01"	"100000"	"10000"	"200"	"7843454819999592617"	20000	"intercept"	0.604918455
"0.05"	"0.4"	"0.75"	"0.01"	"0.005"	"0.01"	"100000"	"10000"	"200"	"7843454819999592617"	25000	"slope"	-0.1841628975
"0.05"	"0.4"	"0.75"	"0.01"	"0.005"	"0.01"	"100000"	"10000"	"200"	"7843454819999592617"	25000	"intercept"	0.60896093
"0.05"	"0.4"	"0.75"	"0.01"	"0.005"	"0.01"	"100000"	"10000"	"200"	"7843454819999592617"	30000	"slope"	-0.154307987
"0.05"	"0.4"	"0.75"	"0.01"	"0.005"	"0.01"	"100000"	"10000"	"200"	"7843454819999592617"	30000	"intercept"	0.6038281
"0.05"	"0.4"	"0.75"	"0.01"	"0.005"	"0.01"	"100000"	"10000"	"200"	"7843454819999592617"	35000	"slope"	-0.173962806
"0.05"	"0.4"	"0.75"	"0.01"	"0.005"	"0.01"	"100000"	"10000"	"200"	"7843454819999592617"	35000	"intercept"	0.61987362
"0.05"	"0.4"	"0.75"	"0.01"	"0.005"	"0.01"	"100000"	"10000"	"200"	"7843454819999592617"	40000	"slope"	-0.174128665
"0.05"	"0.4"	"0.75"	"0.01"	"0.005"	"0.01"	"100000"	"10000"	"200"	"7843454819999592617"	40000	"intercept"	0.61430864
"0.05"	"0.4"	"0.75"	"0.01"	"0.005"	"0.01"	"100000"	"10000"	"200"	"7843454819999592617"	45000	"slope"	-0.17119497585
"0.05"	"0.4"	"0.75"	"0.01"	"0.005"	"0.01"	"100000"	"10000"	"200"	"7843454819999592617"	45000	"intercept"	0.608043645
"0.05"	"0.4"	"0.75"	"0.01"	"0.005"	"0.01"	"100000"	"10000"	"200"	"7843454819999592617"	50000	"slope"	-0.1622776225
"0.05"	"0.4"	"0.75"	"0.01"	"0.005"	"0.01"	"100000"	"10000"	"200"	"7843454819999592617"	50000	"intercept"	0.60650848
"0.05"	"0.4"	"0.75"	"0.01"	"0.005"	"0.01"	"100000"	"10000"	"200"	"7843454819999592617"	55000	"slope"	-0.24230959
"0.05"	"0.4"	"0.75"	"0.01"	"0.005"	"0.01"	"100000"	"10000"	"200"	"7843454819999592617"	55000	"intercept"	0.65054355
"0.05"	"0.4"	"0.75"	"0.01"	"0.005"	"0.01"	"100000"	"10000"	"200"	"7843454819999592617"	60000	"slope"	-0.350144435
"0.05"	"0.4"	"0.75"	"0.01"	"0.005"	"0.01"	"100000"	"10000"	"200"	"7843454819999592617"	60000	"intercept"	0.72808077
"0.05"	"0.4"	"0.75"	"0.01"	"0.005"	"0.01"	"100000"	"10000"	"200"	"7843454819999592617"	65000	"slope"	-0.349018385
"0.05"	"0.4"	"0.75"	"0.01"	"0.005"	"0.01"	"100000"	"10000"	"200"	"7843454819999592617"	65000	"intercept"	0.730693775
"0.05"	"0.4"	"0.75"	"0.01"	"0.005"	"0.01"	"100000"	"10000"	"200"	"7843454819999592617"	70000	"slope"	-0.340888425
"0.05"	"0.4"	"0.75"	"0.01"	"0.005"	"0.01"	"100000"	"10000"	"200"	"7843454819999592617"	70000	"intercept"	0.72667773
"0.05"	"0.4"	"0.75"	"0.01"	"0.005"	"0.01"	"100000"	"10000"	"200"	"7843454819999592617"	75000	"slope"	-0.32064581
"0.05"	"0.4"	"0.75"	"0.01"	"0.005"	"0.01"	"100000"	"10000"	"200"	"7843454819999592617"	75000	"intercept"	0.70040059
"0.05"	"0.4"	"0.75"	"0.01"	"0.005"	"0.01"	"100000"	"10000"	"200"	"7843454819999592617"	80000	"slope"	-0.3045938
"0.05"	"0.4"	"0.75"	"0.01"	"0.005"	"0.01"	"100000"	"10000"	"200"	"7843454819999592617"	80000	"intercept"	0.697037395
"0.05"	"0.4"	"0.75"	"0.01"	"0.005"	"0.01"	"100000"	"10000"	"200"	"7843454819999592617"	85000	"slope"	-0.309938915
"0.05"	"0.4"	"0.75"	"0.01"	"0.005"	"0.01"	"100000"	"10000"	"200"	"7843454819999592617"	85000	"intercept"	0.70112768
"0.05"	"0.4"	"0.75"	"0.01"	"0.005"	"0.01"	"100000"	"10000"	"200"	"7843454819999592617"	90000	"slope"	-0.26457216
"0.05"	"0.4"	"0.75"	"0.01"	"0.005"	"0.01"	"100000"	"10000"	"200"	"7843454819999592617"	90000	"intercept"	0.67364373
"0.05"	"0.4"	"0.75"	"0.01"	"0.005"	"0.01"	"100000"	"10000"	"200"	"7843454819999592617"	95000	"slope"	-0.24646304
"0.05"	"0.4"	"0.75"	"0.01"	"0.005"	"0.01"	"100000"	"10000"	"200"	"7843454819999592617"	95000	"intercept"	0.660545655
"0.05"	"0.4"	"0.75"	"0.01"	"0.005"	"0.01"	"100000"	"10000"	"200"	"7843454819999592617"	100000	"slope"	-0.28257406
"0.05"	"0.4"	"0.75"	"0.01"	"0.005"	"0.01"	"100000"	"10000"	"200"	"7843454819999592617"	100000	"intercept"	0.68309308
"0.05"	"0.6"	"0.75"	"0.01"	"0.005"	"0.01"	"100000"	"10000"	"200"	"1609841730059883057"	10	"slope"	-0.0001063837
"0.05"	"0.6"	"0.75"	"0.01"	"0.005"	"0.01"	"100000"	"10000"	"200"	"1609841730059883057"	10	"intercept"	0.50018015
"0.05"	"0.6"	"0.75"	"0.01"	"0.005"	"0.01"	"100000"	"10000"	"200"	"1609841730059883057"	5000	"slope"	-0.031243210605
"0.05"	"0.6"	"0.75"	"0.01"	"0.005"	"0.01"	"100000"	"10000"	"200"	"1609841730059883057"	5000	"intercept"	0.51948929
"0.05"	"0.6"	"0.75"	"0.01"	"0.005"	"0.01"	"100000"	"10000"	"200"	"1609841730059883057"	10000	"slope"	-0.0694643706
"0.05"	"0.6"	"0.75"	"0.01"	"0.005"	"0.01"	"100000"	"10000"	"200"	"1609841730059883057"	10000	"intercept"	0.537189425
"0.05"	"0.6"	"0.75"	"0.01"	"0.005"	"0.01"	"100000"	"10000"	"200"	"1609841730059883057"	15000	"slope"	-0.086905356
"0.05"	"0.6"	"0.75"	"0.01"	"0.005"	"0.01"	"100000"	"10000"	"200"	"1609841730059883057"	15000	"intercept"	0.55882276
"0.05"	"0.6"	"0.75"	"0.01"	"0.005"	"0.01"	"100000"	"10000"	"200"	"1609841730059883057"	20000	"slope"	-0.1241537135
"0.05"	"0.6"	"0.75"	"0.01"	"0.005"	"0.01"	"100000"	"10000"	"200"	"1609841730059883057"	20000	"intercept"	0.583770685
"0.05"	"0.6"	"0.75"	"0.01"	"0.005"	"0.01"	"100000"	"10000"	"200"	"1609841730059883057"	25000	"slope"	-0.2321315535
"0.05"	"0.6"	"0.75"	"0.01"	"0.005"	"0.01"	"100000"	"10000"	"200"	"1609841730059883057"	25000	"intercept"	0.65344352
"0.05"	"0.6"	"0.75"	"0.01"	"0.005"	"0.01"	"100000"	"10000"	"200"	"1609841730059883057"	30000	"slope"	-0.242905225
"0.05"	"0.6"	"0.75"	"0.01"	"0.005"	"0.01"	"100000"	"10000"	"200"	"1609841730059883057"	30000	"intercept"	0.65198312
"0.05"	"0.6"	"0.75"	"0.01"	"0.005"	"0.01"	"100000"	"10000"	"200"	"1609841730059883057"	35000	"slope"	-0.255537625
"0.05"	"0.6"	"0.75"	"0.01"	"0.005"	"0.01"	"100000"	"10000"	"200"	"1609841730059883057"	35000	"intercept"	0.67040867
"0.05"	"0.6"	"0.75"	"0.01"	"0.005"	"0.01"	"100000"	"10000"	"200"	"1609841730059883057"	40000	"slope"	-0.316626525
"0.05"	"0.6"	"0.75"	"0.01"	"0.005"	"0.01"	"100000"	"10000"	"200"	"1609841730059883057"	40000	"intercept"	0.70937212
"0.05"	"0.6"	"0.75"	"0.01"	"0.005"	"0.01"	"100000"	"10000"	"200"	"1609841730059883057"	45000	"slope"	-0.325349995
"0.05"	"0.6"	"0.75"	"0.01"	"0.005"	"0.01"	"100000"	"10000"	"200"	"1609841730059883057"	45000	"intercept"	0.72545889
"0.05"	"0.6"	"0.75"	"0.01"	"0.005"	"0.01"	"100000"	"10000"	"200"	"1609841730059883057"	50000	"slope"	-0.318679415
"0.05"	"0.6"	"0.75"	"0.01"	"0.005"	"0.01"	"100000"	"10000"	"200"	"1609841730059883057"	50000	"intercept"	0.70414996
"0.05"	"0.6"	"0.75"	"0.01"	"0.005"	"0.01"	"100000"	"10000"	"200"	"1609841730059883057"	55000	"slope"	-0.30508329
"0.05"	"0.6"	"0.75"	"0.01"	"0.005"	"0.01"	"100000"	"10000"	"200"	"1609841730059883057"	55000	"intercept"	0.70243648
"0.05"	"0.6"	"0.75"	"0.01"	"0.005"	"0.01"	"100000"	"10000"	"200"	"1609841730059883057"	60000	"slope"	-0.31578831
"0.05"	"0.6"	"0.75"	"0.01"	"0.005"	"0.01"	"100000"	"10000"	"200"	"1609841730059883057"	60000	"intercept"	0.70972107
"0.05"	"0.6"	"0.75"	"0.01"	"0.005"	"0.01"	"100000"	"10000"	"200"	"1609841730059883057"	65000	"slope"	-0.402869385
"0.05"	"0.6"	"0.75"	"0.01"	"0.005"	"0.01"	"100000"	"10000"	"200"	"1609841730059883057"	65000	"intercept"	0.76161454
"0.05"	"0.6"	"0.75"	"0.01"	"0.005"	"0.01"	"100000"	"10000"	"200"	"1609841730059883057"	70000	"slope"	-0.433897785
"0.05"	"0.6"	"0.75"	"0.01"	"0.005"	"0.01"	"100000"	"10000"	"200"	"1609841730059883057"	70000	"intercept"	0.78990723
"0.05"	"0.6"	"0.75"	"0.01"	"0.005"	"0.01"	"100000"	"10000"	"200"	"1609841730059883057"	75000	"slope"	-0.41232275
"0.05"	"0.6"	"0.75"	"0.01"	"0.005"	"0.01"	"100000"	"10000"	"200"	"1609841730059883057"	75000	"intercept"	0.773657565
"0.05"	"0.6"	"0.75"	"0.01"	"0.005"	"0.01"	"100000"	"10000"	"200"	"1609841730059883057"	80000	"slope"	-0.427276015
"0.05"	"0.6"	"0.75"	"0.01"	"0.005"	"0.01"	"100000"	"10000"	"200"	"1609841730059883057"	80000	"intercept"	0.7909896
"0.05"	"0.6"	"0.75"	"0.01"	"0.005"	"0.01"	"100000"	"10000"	"200"	"1609841730059883057"	85000	"slope"	-0.46883221
"0.05"	"0.6"	"0.75"	"0.01"	"0.005"	"0.01"	"100000"	"10000"	"200"	"1609841730059883057"	85000	"intercept"	0.801508185
"0.05"	"0.6"	"0.75"	"0.01"	"0.005"	"0.01"	"100000"	"10000"	"200"	"1609841730059883057"	90000	"slope"	-0.43790607
"0.05"	"0.6"	"0.75"	"0.01"	"0.005"	"0.01"	"100000"	"10000"	"200"	"1609841730059883057"	90000	"intercept"	0.78659704
"0.05"	"0.6"	"0.75"	"0.01"	"0.005"	"0.01"	"100000"	"10000"	"200"	"1609841730059883057"	95000	"slope"	-0.4356934
"0.05"	"0.6"	"0.75"	"0.01"	"0.005"	"0.01"	"100000"	"10000"	"200"	"1609841730059883057"	95000	"intercept"	0.78956208
"0.05"	"0.6"	"0.75"	"0.01"	"0.005"	"0.01"	"100000"	"10000"	"200"	"1609841730059883057"	100000	"slope"	-0.34531992
"0.05"	"0.6"	"0.75"	"0.01"	"0.005"	"0.01"	"100000"	"10000"	"200"	"1609841730059883057"	100000	"intercept"	0.73347438
"0.05"	"0.6"	"0.75"	"0.01"	"0.005"	"0.01"	"100000"	"10000"	"200"	"4736114582461921169"	10	"slope"	-7.719215e-05
"0.05"	"0.6"	"0.75"	"0.01"	"0.005"	"0.01"	"100000"	"10000"	"200"	"4736114582461921169"	10	"intercept"	0.50001727
"0.05"	"0.6"	"0.75"	"0.01"	"0.005"	"0.01"	"100000"	"10000"	"200"	"4736114582461921169"	5000	"slope"	-0.01018128502
"0.05"	"0.6"	"0.75"	"0.01"	"0.005"	"0.01"	"100000"	"10000"	"200"	"4736114582461921169"	5000	"intercept"	0.50114676
"0.05"	"0.6"	"0.75"	"0.01"	"0.005"	"0.01"	"100000"	"10000"	"200"	"4736114582461921169"	10000	"slope"	-0.05196335185
"0.05"	"0.6"	"0.75"	"0.01"	"0.005"	"0.01"	"100000"	"10000"	"200"	"4736114582461921169"	10000	"intercept"	0.52362091
"0.05"	"0.6"	"0.75"	"0.01"	"0.005"	"0.01"	"100000"	"10000"	"200"	"4736114582461921169"	15000	"slope"	-0.12971108076
"0.05"	"0.6"	"0.75"	"0.01"	"0.005"	"0.01"	"100000"	"10000"	"200"	"4736114582461921169"	15000	"intercept"	0.587463565
"0.05"	"0.6"	"0.75"	"0.01"	"0.005"	"0.01"	"100000"	"10000"	"200"	"4736114582461921169"	20000	"slope"	-0.1387556655
"0.05"	"0.6"	"0.75"	"0.01"	"0.005"	"0.01"	"100000"	"10000"	"200"	"4736114582461921169"	20000	"intercept"	0.59985203
"0.05"	"0.6"	"0.75"	"0.01"	"0.005"	"0.01"	"100000"	"10000"	"200"	"4736114582461921169"	25000	"slope"	-0.155309424
"0.05"	"0.6"	"0.75"	"0.01"	"0.005"	"0.01"	"100000"	"10000"	"200"	"4736114582461921169"	25000	"intercept"	0.593699025
"0.05"	"0.6"	"0.75"	"0.01"	"0.005"	"0.01"	"100000"	"10000"	"200"	"4736114582461921169"	30000	"slope"	-0.145061168
"0.05"	"0.6"	"0.75"	"0.01"	"0.005"	"0.01"	"100000"	"10000"	"200"	"4736114582461921169"	30000	"intercept"	0.59744668
"0.05"	"0.6"	"0.75"	"0.01"	"0.005"	"0.01"	"100000"	"10000"	"200"	"4736114582461921169"	35000	"slope"	-0.263166595
"0.05"	"0.6"	"0.75"	"0.01"	"0.005"	"0.01"	"100000"	"10000"	"200"	"4736114582461921169"	35000	"intercept"	0.678412435
"0.05"	"0.6"	"0.75"	"0.01"	"0.005"	"0.01"	"100000"	"10000"	"200"	"4736114582461921169"	40000	"slope"	-0.291161225
"0.05"	"0.6"	"0.75"	"0.01"	"0.005"	"0.01"	"100000"	"10000"	"200"	"4736114582461921169"	40000	"intercept"	0.6891413
"0.05"	"0.6"	"0.75"	"0.01"	"0.005"	"0.01"	"100000"	"10000"	"200"	"4736114582461921169"	45000	"slope"	-0.29062396
"0.05"	"0.6"	"0.75"	"0.01"	"0.005"	"0.01"	"100000"	"10000"	"200"	"4736114582461921169"	45000	"intercept"	0.696319855
"0.05"	"0.6"	"0.75"	"0.01"	"0.005"	"0.01"	"100000"	"10000"	"200"	"4736114582461921169"	50000	"slope"	-0.330313915
"0.05"	"0.6"	"0.75"	"0.01"	"0.005"	"0.01"	"100000"	"10000"	"200"	"4736114582461921169"	50000	"intercept"	0.718040445
"0.05"	"0.6"	"0.75"	"0.01"	"0.005"	"0.01"	"100000"	"10000"	"200"	"4736114582461921169"	55000	"slope"	-0.32571763
"0.05"	"0.6"	"0.75"	"0.01"	"0.005"	"0.01"	"100000"	"10000"	"200"	"4736114582461921169"	55000	"intercept"	0.720457415
"0.05"	"0.6"	"0.75"	"0.01"	"0.005"	"0.01"	"100000"	"10000"	"200"	"4736114582461921169"	60000	"slope"	-0.324552385
"0.05"	"0.6"	"0.75"	"0.01"	"0.005"	"0.01"	"100000"	"10000"	"200"	"4736114582461921169"	60000	"intercept"	0.717888885
"0.05"	"0.6"	"0.75"	"0.01"	"0.005"	"0.01"	"100000"	"10000"	"200"	"4736114582461921169"	65000	"slope"	-0.310359015
"0.05"	"0.6"	"0.75"	"0.01"	"0.005"	"0.01"	"100000"	"10000"	"200"	"4736114582461921169"	65000	"intercept"	0.70244399
"0.05"	"0.6"	"0.75"	"0.01"	"0.005"	"0.01"	"100000"	"10000"	"200"	"4736114582461921169"	70000	"slope"	-0.351618883
"0.05"	"0.6"	"0.75"	"0.01"	"0.005"	"0.01"	"100000"	"10000"	"200"	"4736114582461921169"	70000	"intercept"	0.730020055
"0.05"	"0.6"	"0.75"	"0.01"	"0.005"	"0.01"	"100000"	"10000"	"200"	"4736114582461921169"	75000	"slope"	-0.363326015
"0.05"	"0.6"	"0.75"	"0.01"	"0.005"	"0.01"	"100000"	"10000"	"200"	"4736114582461921169"	75000	"intercept"	0.73815855
"0.05"	"0.6"	"0.75"	"0.01"	"0.005"	"0.01"	"100000"	"10000"	"200"	"4736114582461921169"	80000	"slope"	-0.32796544
"0.05"	"0.6"	"0.75"	"0.01"	"0.005"	"0.01"	"100000"	"10000"	"200"	"4736114582461921169"	80000	"intercept"	0.72179857
"0.05"	"0.6"	"0.75"	"0.01"	"0.005"	"0.01"	"100000"	"10000"	"200"	"4736114582461921169"	85000	"slope"	-0.322676
"0.05"	"0.6"	"0.75"	"0.01"	"0.005"	"0.01"	"100000"	"10000"	"200"	"4736114582461921169"	85000	"intercept"	0.713419495
"0.05"	"0.6"	"0.75"	"0.01"	"0.005"	"0.01"	"100000"	"10000"	"200"	"4736114582461921169"	90000	"slope"	-0.30580629
"0.05"	"0.6"	"0.75"	"0.01"	"0.005"	"0.01"	"100000"	"10000"	"200"	"4736114582461921169"	90000	"intercept"	0.700094305
"0.05"	"0.6"	"0.75"	"0.01"	"0.005"	"0.01"	"100000"	"10000"	"200"	"4736114582461921169"	95000	"slope"	-0.32633813
"0.05"	"0.6"	"0.75"	"0.01"	"0.005"	"0.01"	"100000"	"10000"	"200"	"4736114582461921169"	95000	"intercept"	0.709726205
"0.05"	"0.6"	"0.75"	"0.01"	"0.005"	"0.01"	"100000"	"10000"	"200"	"4736114582461921169"	100000	"slope"	-0.289931965
"0.05"	"0.6"	"0.75"	"0.01"	"0.005"	"0.01"	"100000"	"10000"	"200"	"4736114582461921169"	100000	"intercept"	0.697856225
"0.05"	"0.6"	"0.75"	"0.01"	"0.005"	"0.01"	"100000"	"10000"	"200"	"9019736211369517775"	10	"slope"	8.165705e-05
"0.05"	"0.6"	"0.75"	"0.01"	"0.005"	"0.01"	"100000"	"10000"	"200"	"9019736211369517775"	10	"intercept"	0.49990739
"0.05"	"0.6"	"0.75"	"0.01"	"0.005"	"0.01"	"100000"	"10000"	"200"	"9019736211369517775"	5000	"slope"	-0.00389421211
"0.05"	"0.6"	"0.75"	"0.01"	"0.005"	"0.01"	"100000"	"10000"	"200"	"9019736211369517775"	5000	"intercept"	0.509639015
"0.05"	"0.6"	"0.75"	"0.01"	"0.005"	"0.01"	"100000"	"10000"	"200"	"9019736211369517775"	10000	"slope"	-0.05554716586
"0.05"	"0.6"	"0.75"	"0.01"	"0.005"	"0.01"	"100000"	"10000"	"200"	"9019736211369517775"	10000	"intercept"	0.528823665
"0.05"	"0.6"	"0.75"	"0.01"	"0.005"	"0.01"	"100000"	"10000"	"200"	"9019736211369517775"	15000	"slope"	-0.105303504
"0.05"	"0.6"	"0.75"	"0.01"	"0.005"	"0.01"	"100000"	"10000"	"200"	"9019736211369517775"	15000	"intercept"	0.56345799
"0.05"	"0.6"	"0.75"	"0.01"	"0.005"	"0.01"	"100000"	"10000"	"200"	"9019736211369517775"	20000	"slope"	-0.189155045
"0.05"	"0.6"	"0.75"	"0.01"	"0.005"	"0.01"	"100000"	"10000"	"200"	"9019736211369517775"	20000	"intercept"	0.62904496
"0.05"	"0.6"	"0.75"	"0.01"	"0.005"	"0.01"	"100000"	"10000"	"200"	"9019736211369517775"	25000	"slope"	-0.1883741595
"0.05"	"0.6"	"0.75"	"0.01"	"0.005"	"0.01"	"100000"	"10000"	"200"	"9019736211369517775"	25000	"intercept"	0.62301569
"0.05"	"0.6"	"0.75"	"0.01"	"0.005"	"0.01"	"100000"	"10000"	"200"	"9019736211369517775"	30000	"slope"	-0.25334455
"0.05"	"0.6"	"0.75"	"0.01"	"0.005"	"0.01"	"100000"	"10000"	"200"	"9019736211369517775"	30000	"intercept"	0.664142615
"0.05"	"0.6"	"0.75"	"0.01"	"0.005"	"0.01"	"100000"	"10000"	"200"	"9019736211369517775"	35000	"slope"	-0.2511616635
"0.05"	"0.6"	"0.75"	"0.01"	"0.005"	"0.01"	"100000"	"10000"	"200"	"9019736211369517775"	35000	"intercept"	0.65642023
"0.05"	"0.6"	"0.75"	"0.01"	"0.005"	"0.01"	"100000"	"10000"	"200"	"9019736211369517775"	40000	"slope"	-0.23428532
"0.05"	"0.6"	"0.75"	"0.01"	"0.005"	"0.01"	"100000"	"10000"	"200"	"9019736211369517775"	40000	"intercept"	0.643852785
"0.05"	"0.6"	"0.75"	"0.01"	"0.005"	"0.01"	"100000"	"10000"	"200"	"9019736211369517775"	45000	"slope"	-0.31293382
"0.05"	"0.6"	"0.75"	"0.01"	"0.005"	"0.01"	"100000"	"10000"	"200"	"9019736211369517775"	45000	"intercept"	0.70937877
"0.05"	"0.6"	"0.75"	"0.01"	"0.005"	"0.01"	"100000"	"10000"	"200"	"9019736211369517775"	50000	"slope"	-0.322427375
"0.05"	"0.6"	"0.75"	"0.01"	"0.005"	"0.01"	"100000"	"10000"	"200"	"9019736211369517775"	50000	"intercept"	0.69985712
"0.05"	"0.6"	"0.75"	"0.01"	"0.005"	"0.01"	"100000"	"10000"	"200"	"9019736211369517775"	55000	"slope"	-0.38519318
"0.05"	"0.6"	"0.75"	"0.01"	"0.005"	"0.01"	"100000"	"10000"	"200"	"9019736211369517775"	55000	"intercept"	0.752793755
"0.05"	"0.6"	"0.75"	"0.01"	"0.005"	"0.01"	"100000"	"10000"	"200"	"9019736211369517775"	60000	"slope"	-0.397440535
"0.05"	"0.6"	"0.75"	"0.01"	"0.005"	"0.01"	"100000"	"10000"	"200"	"9019736211369517775"	60000	"intercept"	0.761954265
"0.05"	"0.6"	"0.75"	"0.01"	"0.005"	"0.01"	"100000"	"10000"	"200"	"9019736211369517775"	65000	"slope"	-0.34798277
"0.05"	"0.6"	"0.75"	"0.01"	"0.005"	"0.01"	"100000"	"10000"	"200"	"9019736211369517775"	65000	"intercept"	0.72522795
"0.05"	"0.6"	"0.75"	"0.01"	"0.005"	"0.01"	"100000"	"10000"	"200"	"9019736211369517775"	70000	"slope"	-0.31504241
"0.05"	"0.6"	"0.75"	"0.01"	"0.005"	"0.01"	"100000"	"10000"	"200"	"9019736211369517775"	70000	"intercept"	0.69820526
"0.05"	"0.6"	"0.75"	"0.01"	"0.005"	"0.01"	"100000"	"10000"	"200"	"9019736211369517775"	75000	"slope"	-0.33510315
"0.05"	"0.6"	"0.75"	"0.01"	"0.005"	"0.01"	"100000"	"10000"	"200"	"9019736211369517775"	75000	"intercept"	0.72252999
"0.05"	"0.6"	"0.75"	"0.01"	"0.005"	"0.01"	"100000"	"10000"	"200"	"9019736211369517775"	80000	"slope"	-0.319013635
"0.05"	"0.6"	"0.75"	"0.01"	"0.005"	"0.01"	"100000"	"10000"	"200"	"9019736211369517775"	80000	"intercept"	0.713905245
"0.05"	"0.6"	"0.75"	"0.01"	"0.005"	"0.01"	"100000"	"10000"	"200"	"9019736211369517775"	85000	"slope"	-0.29717828
"0.05"	"0.6"	"0.75"	"0.01"	"0.005"	"0.01"	"100000"	"10000"	"200"	"9019736211369517775"	85000	"intercept"	0.6906912
"0.05"	"0.6"	"0.75"	"0.01"	"0.005"	"0.01"	"100000"	"10000"	"200"	"9019736211369517775"	90000	"slope"	-0.323541515
"0.05"	"0.6"	"0.75"	"0.01"	"0.005"	"0.01"	"100000"	"10000"	"200"	"9019736211369517775"	90000	"intercept"	0.7138757
"0.05"	"0.6"	"0.75"	"0.01"	"0.005"	"0.01"	"100000"	"10000"	"200"	"9019736211369517775"	95000	"slope"	-0.341681005
"0.05"	"0.6"	"0.75"	"0.01"	"0.005"	"0.01"	"100000"	"10000"	"200"	"9019736211369517775"	95000	"intercept"	0.723717625
"0.05"	"0.6"	"0.75"	"0.01"	"0.005"	"0.01"	"100000"	"10000"	"200"	"9019736211369517775"	100000	"slope"	-0.331706945
"0.05"	"0.6"	"0.75"	"0.01"	"0.005"	"0.01"	"100000"	"10000"	"200"	"9019736211369517775"	100000	"intercept"	0.72779493
"0.05"	"0.8"	"0.75"	"0.01"	"0.005"	"0.01"	"100000"	"10000"	"200"	"3333559070663459242"	10	"slope"	-0.0001496644
"0.05"	"0.8"	"0.75"	"0.01"	"0.005"	"0.01"	"100000"	"10000"	"200"	"3333559070663459242"	10	"intercept"	0.499803285
"0.05"	"0.8"	"0.75"	"0.01"	"0.005"	"0.01"	"100000"	"10000"	"200"	"3333559070663459242"	5000	"slope"	-0.031275979205
"0.05"	"0.8"	"0.75"	"0.01"	"0.005"	"0.01"	"100000"	"10000"	"200"	"3333559070663459242"	5000	"intercept"	0.52083497
"0.05"	"0.8"	"0.75"	"0.01"	"0.005"	"0.01"	"100000"	"10000"	"200"	"3333559070663459242"	10000	"slope"	-0.0795200903
"0.05"	"0.8"	"0.75"	"0.01"	"0.005"	"0.01"	"100000"	"10000"	"200"	"3333559070663459242"	10000	"intercept"	0.55314022
"0.05"	"0.8"	"0.75"	"0.01"	"0.005"	"0.01"	"100000"	"10000"	"200"	"3333559070663459242"	15000	"slope"	-0.070730373655
"0.05"	"0.8"	"0.75"	"0.01"	"0.005"	"0.01"	"100000"	"10000"	"200"	"3333559070663459242"	15000	"intercept"	0.540678175
"0.05"	"0.8"	"0.75"	"0.01"	"0.005"	"0.01"	"100000"	"10000"	"200"	"3333559070663459242"	20000	"slope"	-0.10004661025
"0.05"	"0.8"	"0.75"	"0.01"	"0.005"	"0.01"	"100000"	"10000"	"200"	"3333559070663459242"	20000	"intercept"	0.570579085
"0.05"	"0.8"	"0.75"	"0.01"	"0.005"	"0.01"	"100000"	"10000"	"200"	"3333559070663459242"	25000	"slope"	-0.122485162
"0.05"	"0.8"	"0.75"	"0.01"	"0.005"	"0.01"	"100000"	"10000"	"200"	"3333559070663459242"	25000	"intercept"	0.5749463
"0.05"	"0.8"	"0.75"	"0.01"	"0.005"	"0.01"	"100000"	"10000"	"200"	"3333559070663459242"	30000	"slope"	-0.1428164255
"0.05"	"0.8"	"0.75"	"0.01"	"0.005"	"0.01"	"100000"	"10000"	"200"	"3333559070663459242"	30000	"intercept"	0.59292767
"0.05"	"0.8"	"0.75"	"0.01"	"0.005"	"0.01"	"100000"	"10000"	"200"	"3333559070663459242"	35000	"slope"	-0.20951098
"0.05"	"0.8"	"0.75"	"0.01"	"0.005"	"0.01"	"100000"	"10000"	"200"	"3333559070663459242"	35000	"intercept"	0.64176353
"0.05"	"0.8"	"0.75"	"0.01"	"0.005"	"0.01"	"100000"	"10000"	"200"	"3333559070663459242"	40000	"slope"	-0.22550621
"0.05"	"0.8"	"0.75"	"0.01"	"0.005"	"0.01"	"100000"	"10000"	"200"	"3333559070663459242"	40000	"intercept"	0.652657265
"0.05"	"0.8"	"0.75"	"0.01"	"0.005"	"0.01"	"100000"	"10000"	"200"	"3333559070663459242"	45000	"slope"	-0.25272879
"0.05"	"0.8"	"0.75"	"0.01"	"0.005"	"0.01"	"100000"	"10000"	"200"	"3333559070663459242"	45000	"intercept"	0.66009269
"0.05"	"0.8"	"0.75"	"0.01"	"0.005"	"0.01"	"100000"	"10000"	"200"	"3333559070663459242"	50000	"slope"	-0.28571218
"0.05"	"0.8"	"0.75"	"0.01"	"0.005"	"0.01"	"100000"	"10000"	"200"	"3333559070663459242"	50000	"intercept"	0.690652675
"0.05"	"0.8"	"0.75"	"0.01"	"0.005"	"0.01"	"100000"	"10000"	"200"	"3333559070663459242"	55000	"slope"	-0.30725394
"0.05"	"0.8"	"0.75"	"0.01"	"0.005"	"0.01"	"100000"	"10000"	"200"	"3333559070663459242"	55000	"intercept"	0.708390865
"0.05"	"0.8"	"0.75"	"0.01"	"0.005"	"0.01"	"100000"	"10000"	"200"	"3333559070663459242"	60000	"slope"	-0.338415255
"0.05"	"0.8"	"0.75"	"0.01"	"0.005"	"0.01"	"100000"	"10000"	"200"	"3333559070663459242"	60000	"intercept"	0.71953145
"0.05"	"0.8"	"0.75"	"0.01"	"0.005"	"0.01"	"100000"	"10000"	"200"	"3333559070663459242"	65000	"slope"	-0.343426675
"0.05"	"0.8"	"0.75"	"0.01"	"0.005"	"0.01"	"100000"	"10000"	"200"	"3333559070663459242"	65000	"intercept"	0.716904005
"0.05"	"0.8"	"0.75"	"0.01"	"0.005"	"0.01"	"100000"	"10000"	"200"	"3333559070663459242"	70000	"slope"	-0.39175372
"0.05"	"0.8"	"0.75"	"0.01"	"0.005"	"0.01"	"100000"	"10000"	"200"	"3333559070663459242"	70000	"intercept"	0.758109555
"0.05"	"0.8"	"0.75"	"0.01"	"0.005"	"0.01"	"100000"	"10000"	"200"	"3333559070663459242"	75000	"slope"	-0.436631555
"0.05"	"0.8"	"0.75"	"0.01"	"0.005"	"0.01"	"100000"	"10000"	"200"	"3333559070663459242"	75000	"intercept"	0.78746862
"0.05"	"0.8"	"0.75"	"0.01"	"0.005"	"0.01"	"100000"	"10000"	"200"	"3333559070663459242"	80000	"slope"	-0.448417805
"0.05"	"0.8"	"0.75"	"0.01"	"0.005"	"0.01"	"100000"	"10000"	"200"	"3333559070663459242"	80000	"intercept"	0.797292255
"0.05"	"0.8"	"0.75"	"0.01"	"0.005"	"0.01"	"100000"	"10000"	"200"	"3333559070663459242"	85000	"slope"	-0.47329312
"0.05"	"0.8"	"0.75"	"0.01"	"0.005"	"0.01"	"100000"	"10000"	"200"	"3333559070663459242"	85000	"intercept"	0.81050084
"0.05"	"0.8"	"0.75"	"0.01"	"0.005"	"0.01"	"100000"	"10000"	"200"	"3333559070663459242"	90000	"slope"	-0.45451921
"0.05"	"0.8"	"0.75"	"0.01"	"0.005"	"0.01"	"100000"	"10000"	"200"	"3333559070663459242"	90000	"intercept"	0.80338139
"0.05"	"0.8"	"0.75"	"0.01"	"0.005"	"0.01"	"100000"	"10000"	"200"	"3333559070663459242"	95000	"slope"	-0.46161867
"0.05"	"0.8"	"0.75"	"0.01"	"0.005"	"0.01"	"100000"	"10000"	"200"	"3333559070663459242"	95000	"intercept"	0.797584635
"0.05"	"0.8"	"0.75"	"0.01"	"0.005"	"0.01"	"100000"	"10000"	"200"	"3333559070663459242"	100000	"slope"	-0.47061885
"0.05"	"0.8"	"0.75"	"0.01"	"0.005"	"0.01"	"100000"	"10000"	"200"	"3333559070663459242"	100000	"intercept"	0.80516421
"0.05"	"0.8"	"0.75"	"0.01"	"0.005"	"0.01"	"100000"	"10000"	"200"	"4237628458673575344"	10	"slope"	-0.000143339313
"0.05"	"0.8"	"0.75"	"0.01"	"0.005"	"0.01"	"100000"	"10000"	"200"	"4237628458673575344"	10	"intercept"	0.5001355
"0.05"	"0.8"	"0.75"	"0.01"	"0.005"	"0.01"	"100000"	"10000"	"200"	"4237628458673575344"	5000	"slope"	-0.0048420337395
"0.05"	"0.8"	"0.75"	"0.01"	"0.005"	"0.01"	"100000"	"10000"	"200"	"4237628458673575344"	5000	"intercept"	0.50453987
"0.05"	"0.8"	"0.75"	"0.01"	"0.005"	"0.01"	"100000"	"10000"	"200"	"4237628458673575344"	10000	"slope"	-0.03058833495
"0.05"	"0.8"	"0.75"	"0.01"	"0.005"	"0.01"	"100000"	"10000"	"200"	"4237628458673575344"	10000	"intercept"	0.520795195
"0.05"	"0.8"	"0.75"	"0.01"	"0.005"	"0.01"	"100000"	"10000"	"200"	"4237628458673575344"	15000	"slope"	-0.06247815359
"0.05"	"0.8"	"0.75"	"0.01"	"0.005"	"0.01"	"100000"	"10000"	"200"	"4237628458673575344"	15000	"intercept"	0.535599935
"0.05"	"0.8"	"0.75"	"0.01"	"0.005"	"0.01"	"100000"	"10000"	"200"	"4237628458673575344"	20000	"slope"	-0.1259561155
"0.05"	"0.8"	"0.75"	"0.01"	"0.005"	"0.01"	"100000"	"10000"	"200"	"4237628458673575344"	20000	"intercept"	0.59608478
"0.05"	"0.8"	"0.75"	"0.01"	"0.005"	"0.01"	"100000"	"10000"	"200"	"4237628458673575344"	25000	"slope"	-0.18233388
"0.05"	"0.8"	"0.75"	"0.01"	"0.005"	"0.01"	"100000"	"10000"	"200"	"4237628458673575344"	25000	"intercept"	0.615055095
"0.05"	"0.8"	"0.75"	"0.01"	"0.005"	"0.01"	"100000"	"10000"	"200"	"4237628458673575344"	30000	"slope"	-0.22031706
"0.05"	"0.8"	"0.75"	"0.01"	"0.005"	"0.01"	"100000"	"10000"	"200"	"4237628458673575344"	30000	"intercept"	0.646362225
"0.05"	"0.8"	"0.75"	"0.01"	"0.005"	"0.01"	"100000"	"10000"	"200"	"4237628458673575344"	35000	"slope"	-0.213720365
"0.05"	"0.8"	"0.75"	"0.01"	"0.005"	"0.01"	"100000"	"10000"	"200"	"4237628458673575344"	35000	"intercept"	0.64683196
"0.05"	"0.8"	"0.75"	"0.01"	"0.005"	"0.01"	"100000"	"10000"	"200"	"4237628458673575344"	40000	"slope"	-0.24448742
"0.05"	"0.8"	"0.75"	"0.01"	"0.005"	"0.01"	"100000"	"10000"	"200"	"4237628458673575344"	40000	"intercept"	0.652104625
"0.05"	"0.8"	"0.75"	"0.01"	"0.005"	"0.01"	"100000"	"10000"	"200"	"4237628458673575344"	45000	"slope"	-0.2815041195
"0.05"	"0.8"	"0.75"	"0.01"	"0.005"	"0.01"	"100000"	"10000"	"200"	"4237628458673575344"	45000	"intercept"	0.688261745
"0.05"	"0.8"	"0.75"	"0.01"	"0.005"	"0.01"	"100000"	"10000"	"200"	"4237628458673575344"	50000	"slope"	-0.296221195
"0.05"	"0.8"	"0.75"	"0.01"	"0.005"	"0.01"	"100000"	"10000"	"200"	"4237628458673575344"	50000	"intercept"	0.678178175
"0.05"	"0.8"	"0.75"	"0.01"	"0.005"	"0.01"	"100000"	"10000"	"200"	"4237628458673575344"	55000	"slope"	-0.309711435
"0.05"	"0.8"	"0.75"	"0.01"	"0.005"	"0.01"	"100000"	"10000"	"200"	"4237628458673575344"	55000	"intercept"	0.688681865
"0.05"	"0.8"	"0.75"	"0.01"	"0.005"	"0.01"	"100000"	"10000"	"200"	"4237628458673575344"	60000	"slope"	-0.331223295
"0.05"	"0.8"	"0.75"	"0.01"	"0.005"	"0.01"	"100000"	"10000"	"200"	"4237628458673575344"	60000	"intercept"	0.71954064
"0.05"	"0.8"	"0.75"	"0.01"	"0.005"	"0.01"	"100000"	"10000"	"200"	"4237628458673575344"	65000	"slope"	-0.36609434
"0.05"	"0.8"	"0.75"	"0.01"	"0.005"	"0.01"	"100000"	"10000"	"200"	"4237628458673575344"	65000	"intercept"	0.75325121
"0.05"	"0.8"	"0.75"	"0.01"	"0.005"	"0.01"	"100000"	"10000"	"200"	"4237628458673575344"	70000	"slope"	-0.406233945
"0.05"	"0.8"	"0.75"	"0.01"	"0.005"	"0.01"	"100000"	"10000"	"200"	"4237628458673575344"	70000	"intercept"	0.759867725
"0.05"	"0.8"	"0.75"	"0.01"	"0.005"	"0.01"	"100000"	"10000"	"200"	"4237628458673575344"	75000	"slope"	-0.43786589
"0.05"	"0.8"	"0.75"	"0.01"	"0.005"	"0.01"	"100000"	"10000"	"200"	"4237628458673575344"	75000	"intercept"	0.79633303
"0.05"	"0.8"	"0.75"	"0.01"	"0.005"	"0.01"	"100000"	"10000"	"200"	"4237628458673575344"	80000	"slope"	-0.43591748
"0.05"	"0.8"	"0.75"	"0.01"	"0.005"	"0.01"	"100000"	"10000"	"200"	"4237628458673575344"	80000	"intercept"	0.790592445
"0.05"	"0.8"	"0.75"	"0.01"	"0.005"	"0.01"	"100000"	"10000"	"200"	"4237628458673575344"	85000	"slope"	-0.452136785
"0.05"	"0.8"	"0.75"	"0.01"	"0.005"	"0.01"	"100000"	"10000"	"200"	"4237628458673575344"	85000	"intercept"	0.79857322
"0.05"	"0.8"	"0.75"	"0.01"	"0.005"	"0.01"	"100000"	"10000"	"200"	"4237628458673575344"	90000	"slope"	-0.42144024
"0.05"	"0.8"	"0.75"	"0.01"	"0.005"	"0.01"	"100000"	"10000"	"200"	"4237628458673575344"	90000	"intercept"	0.7712427
"0.05"	"0.8"	"0.75"	"0.01"	"0.005"	"0.01"	"100000"	"10000"	"200"	"4237628458673575344"	95000	"slope"	-0.39147723
"0.05"	"0.8"	"0.75"	"0.01"	"0.005"	"0.01"	"100000"	"10000"	"200"	"4237628458673575344"	95000	"intercept"	0.75780188
"0.05"	"0.8"	"0.75"	"0.01"	"0.005"	"0.01"	"100000"	"10000"	"200"	"4237628458673575344"	100000	"slope"	-0.409173105
"0.05"	"0.8"	"0.75"	"0.01"	"0.005"	"0.01"	"100000"	"10000"	"200"	"4237628458673575344"	100000	"intercept"	0.77107129
"0.05"	"0.8"	"0.75"	"0.01"	"0.005"	"0.01"	"100000"	"10000"	"200"	"895488788431896300"	10	"slope"	0.00025735768
"0.05"	"0.8"	"0.75"	"0.01"	"0.005"	"0.01"	"100000"	"10000"	"200"	"895488788431896300"	10	"intercept"	0.50019595
"0.05"	"0.8"	"0.75"	"0.01"	"0.005"	"0.01"	"100000"	"10000"	"200"	"895488788431896300"	5000	"slope"	-0.012123608145
"0.05"	"0.8"	"0.75"	"0.01"	"0.005"	"0.01"	"100000"	"10000"	"200"	"895488788431896300"	5000	"intercept"	0.503435595
"0.05"	"0.8"	"0.75"	"0.01"	"0.005"	"0.01"	"100000"	"10000"	"200"	"895488788431896300"	10000	"slope"	-0.06376917356
"0.05"	"0.8"	"0.75"	"0.01"	"0.005"	"0.01"	"100000"	"10000"	"200"	"895488788431896300"	10000	"intercept"	0.5294113
"0.05"	"0.8"	"0.75"	"0.01"	"0.005"	"0.01"	"100000"	"10000"	"200"	"895488788431896300"	15000	"slope"	-0.08968811171
"0.05"	"0.8"	"0.75"	"0.01"	"0.005"	"0.01"	"100000"	"10000"	"200"	"895488788431896300"	15000	"intercept"	0.548990825
"0.05"	"0.8"	"0.75"	"0.01"	"0.005"	"0.01"	"100000"	"10000"	"200"	"895488788431896300"	20000	"slope"	-0.1501197002
"0.05"	"0.8"	"0.75"	"0.01"	"0.005"	"0.01"	"100000"	"10000"	"200"	"895488788431896300"	20000	"intercept"	0.587209425
"0.05"	"0.8"	"0.75"	"0.01"	"0.005"	"0.01"	"100000"	"10000"	"200"	"895488788431896300"	25000	"slope"	-0.24826737
"0.05"	"0.8"	"0.75"	"0.01"	"0.005"	"0.01"	"100000"	"10000"	"200"	"895488788431896300"	25000	"intercept"	0.65977932
"0.05"	"0.8"	"0.75"	"0.01"	"0.005"	"0.01"	"100000"	"10000"	"200"	"895488788431896300"	30000	"slope"	-0.263743685
"0.05"	"0.8"	"0.75"	"0.01"	"0.005"	"0.01"	"100000"	"10000"	"200"	"895488788431896300"	30000	"intercept"	0.67616483
"0.05"	"0.8"	"0.75"	"0.01"	"0.005"	"0.01"	"100000"	"10000"	"200"	"895488788431896300"	35000	"slope"	-0.251325785
"0.05"	"0.8"	"0.75"	"0.01"	"0.005"	"0.01"	"100000"	"10000"	"200"	"895488788431896300"	35000	"intercept"	0.66731529
"0.05"	"0.8"	"0.75"	"0.01"	"0.005"	"0.01"	"100000"	"10000"	"200"	"895488788431896300"	40000	"slope"	-0.256464725
"0.05"	"0.8"	"0.75"	"0.01"	"0.005"	"0.01"	"100000"	"10000"	"200"	"895488788431896300"	40000	"intercept"	0.657825505
"0.05"	"0.8"	"0.75"	"0.01"	"0.005"	"0.01"	"100000"	"10000"	"200"	"895488788431896300"	45000	"slope"	-0.2529896
"0.05"	"0.8"	"0.75"	"0.01"	"0.005"	"0.01"	"100000"	"10000"	"200"	"895488788431896300"	45000	"intercept"	0.659168395
"0.05"	"0.8"	"0.75"	"0.01"	"0.005"	"0.01"	"100000"	"10000"	"200"	"895488788431896300"	50000	"slope"	-0.270206985
"0.05"	"0.8"	"0.75"	"0.01"	"0.005"	"0.01"	"100000"	"10000"	"200"	"895488788431896300"	50000	"intercept"	0.67651194
"0.05"	"0.8"	"0.75"	"0.01"	"0.005"	"0.01"	"100000"	"10000"	"200"	"895488788431896300"	55000	"slope"	-0.239179225
"0.05"	"0.8"	"0.75"	"0.01"	"0.005"	"0.01"	"100000"	"10000"	"200"	"895488788431896300"	55000	"intercept"	0.650758655
"0.05"	"0.8"	"0.75"	"0.01"	"0.005"	"0.01"	"100000"	"10000"	"200"	"895488788431896300"	60000	"slope"	-0.286916635
"0.05"	"0.8"	"0.75"	"0.01"	"0.005"	"0.01"	"100000"	"10000"	"200"	"895488788431896300"	60000	"intercept"	0.688792995
"0.05"	"0.8"	"0.75"	"0.01"	"0.005"	"0.01"	"100000"	"10000"	"200"	"895488788431896300"	65000	"slope"	-0.33531023
"0.05"	"0.8"	"0.75"	"0.01"	"0.005"	"0.01"	"100000"	"10000"	"200"	"895488788431896300"	65000	"intercept"	0.71658477
"0.05"	"0.8"	"0.75"	"0.01"	"0.005"	"0.01"	"100000"	"10000"	"200"	"895488788431896300"	70000	"slope"	-0.38814364
"0.05"	"0.8"	"0.75"	"0.01"	"0.005"	"0.01"	"100000"	"10000"	"200"	"895488788431896300"	70000	"intercept"	0.7596084
"0.05"	"0.8"	"0.75"	"0.01"	"0.005"	"0.01"	"100000"	"10000"	"200"	"895488788431896300"	75000	"slope"	-0.41030356
"0.05"	"0.8"	"0.75"	"0.01"	"0.005"	"0.01"	"100000"	"10000"	"200"	"895488788431896300"	75000	"intercept"	0.773415235
"0.05"	"0.8"	"0.75"	"0.01"	"0.005"	"0.01"	"100000"	"10000"	"200"	"895488788431896300"	80000	"slope"	-0.431574155
"0.05"	"0.8"	"0.75"	"0.01"	"0.005"	"0.01"	"100000"	"10000"	"200"	"895488788431896300"	80000	"intercept"	0.783543795
"0.05"	"0.8"	"0.75"	"0.01"	"0.005"	"0.01"	"100000"	"10000"	"200"	"895488788431896300"	85000	"slope"	-0.47523854
"0.05"	"0.8"	"0.75"	"0.01"	"0.005"	"0.01"	"100000"	"10000"	"200"	"895488788431896300"	85000	"intercept"	0.804355685
"0.05"	"0.8"	"0.75"	"0.01"	"0.005"	"0.01"	"100000"	"10000"	"200"	"895488788431896300"	90000	"slope"	-0.473666085
"0.05"	"0.8"	"0.75"	"0.01"	"0.005"	"0.01"	"100000"	"10000"	"200"	"895488788431896300"	90000	"intercept"	0.825532065
"0.05"	"0.8"	"0.75"	"0.01"	"0.005"	"0.01"	"100000"	"10000"	"200"	"895488788431896300"	95000	"slope"	-0.500025185
"0.05"	"0.8"	"0.75"	"0.01"	"0.005"	"0.01"	"100000"	"10000"	"200"	"895488788431896300"	95000	"intercept"	0.82424476
"0.05"	"0.8"	"0.75"	"0.01"	"0.005"	"0.01"	"100000"	"10000"	"200"	"895488788431896300"	100000	"slope"	-0.42004761
"0.05"	"0.8"	"0.75"	"0.01"	"0.005"	"0.01"	"100000"	"10000"	"200"	"895488788431896300"	100000	"intercept"	0.77647799
"0.15"	"0.0"	"0.75"	"0.01"	"0.005"	"0.01"	"100000"	"10000"	"200"	"1527757571501991296"	10	"slope"	-0.00011620665
"0.15"	"0.0"	"0.75"	"0.01"	"0.005"	"0.01"	"100000"	"10000"	"200"	"1527757571501991296"	10	"intercept"	0.49990325
"0.15"	"0.0"	"0.75"	"0.01"	"0.005"	"0.01"	"100000"	"10000"	"200"	"1527757571501991296"	5000	"slope"	0.0062857256705
"0.15"	"0.0"	"0.75"	"0.01"	"0.005"	"0.01"	"100000"	"10000"	"200"	"1527757571501991296"	5000	"intercept"	0.53270169
"0.15"	"0.0"	"0.75"	"0.01"	"0.005"	"0.01"	"100000"	"10000"	"200"	"1527757571501991296"	10000	"slope"	-0.02841237755
"0.15"	"0.0"	"0.75"	"0.01"	"0.005"	"0.01"	"100000"	"10000"	"200"	"1527757571501991296"	10000	"intercept"	0.550609845
"0.15"	"0.0"	"0.75"	"0.01"	"0.005"	"0.01"	"100000"	"10000"	"200"	"1527757571501991296"	15000	"slope"	-0.0603150538
"0.15"	"0.0"	"0.75"	"0.01"	"0.005"	"0.01"	"100000"	"10000"	"200"	"1527757571501991296"	15000	"intercept"	0.5713757
"0.15"	"0.0"	"0.75"	"0.01"	"0.005"	"0.01"	"100000"	"10000"	"200"	"1527757571501991296"	20000	"slope"	-0.08601222188
"0.15"	"0.0"	"0.75"	"0.01"	"0.005"	"0.01"	"100000"	"10000"	"200"	"1527757571501991296"	20000	"intercept"	0.5955972
"0.15"	"0.0"	"0.75"	"0.01"	"0.005"	"0.01"	"100000"	"10000"	"200"	"1527757571501991296"	25000	"slope"	-0.07993548536
"0.15"	"0.0"	"0.75"	"0.01"	"0.005"	"0.01"	"100000"	"10000"	"200"	"1527757571501991296"	25000	"intercept"	0.58450469
"0.15"	"0.0"	"0.75"	"0.01"	"0.005"	"0.01"	"100000"	"10000"	"200"	"1527757571501991296"	30000	"slope"	-0.0921828211
"0.15"	"0.0"	"0.75"	"0.01"	"0.005"	"0.01"	"100000"	"10000"	"200"	"1527757571501991296"	30000	"intercept"	0.60183782
"0.15"	"0.0"	"0.75"	"0.01"	"0.005"	"0.01"	"100000"	"10000"	"200"	"1527757571501991296"	35000	"slope"	-0.1379346559
"0.15"	"0.0"	"0.75"	"0.01"	"0.005"	"0.01"	"100000"	"10000"	"200"	"1527757571501991296"	35000	"intercept"	0.63107265
"0.15"	"0.0"	"0.75"	"0.01"	"0.005"	"0.01"	"100000"	"10000"	"200"	"1527757571501991296"	40000	"slope"	-0.1301939005
"0.15"	"0.0"	"0.75"	"0.01"	"0.005"	"0.01"	"100000"	"10000"	"200"	"1527757571501991296"	40000	"intercept"	0.624031705
"0.15"	"0.0"	"0.75"	"0.01"	"0.005"	"0.01"	"100000"	"10000"	"200"	"1527757571501991296"	45000	"slope"	-0.13201307721
"0.15"	"0.0"	"0.75"	"0.01"	"0.005"	"0.01"	"100000"	"10000"	"200"	"1527757571501991296"	45000	"intercept"	0.62792271
"0.15"	"0.0"	"0.75"	"0.01"	"0.005"	"0.01"	"100000"	"10000"	"200"	"1527757571501991296"	50000	"slope"	-0.1181024681
"0.15"	"0.0"	"0.75"	"0.01"	"0.005"	"0.01"	"100000"	"10000"	"200"	"1527757571501991296"	50000	"intercept"	0.61163375
"0.15"	"0.0"	"0.75"	"0.01"	"0.005"	"0.01"	"100000"	"10000"	"200"	"1527757571501991296"	55000	"slope"	-0.12715613087
"0.15"	"0.0"	"0.75"	"0.01"	"0.005"	"0.01"	"100000"	"10000"	"200"	"1527757571501991296"	55000	"intercept"	0.61781026
"0.15"	"0.0"	"0.75"	"0.01"	"0.005"	"0.01"	"100000"	"10000"	"200"	"1527757571501991296"	60000	"slope"	-0.1068106348
"0.15"	"0.0"	"0.75"	"0.01"	"0.005"	"0.01"	"100000"	"10000"	"200"	"1527757571501991296"	60000	"intercept"	0.61096305
"0.15"	"0.0"	"0.75"	"0.01"	"0.005"	"0.01"	"100000"	"10000"	"200"	"1527757571501991296"	65000	"slope"	-0.0940327185
"0.15"	"0.0"	"0.75"	"0.01"	"0.005"	"0.01"	"100000"	"10000"	"200"	"1527757571501991296"	65000	"intercept"	0.601765215
"0.15"	"0.0"	"0.75"	"0.01"	"0.005"	"0.01"	"100000"	"10000"	"200"	"1527757571501991296"	70000	"slope"	-0.0820376455
"0.15"	"0.0"	"0.75"	"0.01"	"0.005"	"0.01"	"100000"	"10000"	"200"	"1527757571501991296"	70000	"intercept"	0.59291185
"0.15"	"0.0"	"0.75"	"0.01"	"0.005"	"0.01"	"100000"	"10000"	"200"	"1527757571501991296"	75000	"slope"	-0.08362702465
"0.15"	"0.0"	"0.75"	"0.01"	"0.005"	"0.01"	"100000"	"10000"	"200"	"1527757571501991296"	75000	"intercept"	0.587372195
"0.15"	"0.0"	"0.75"	"0.01"	"0.005"	"0.01"	"100000"	"10000"	"200"	"1527757571501991296"	80000	"slope"	-0.09457351825
"0.15"	"0.0"	"0.75"	"0.01"	"0.005"	"0.01"	"100000"	"10000"	"200"	"1527757571501991296"	80000	"intercept"	0.593380635
"0.15"	"0.0"	"0.75"	"0.01"	"0.005"	"0.01"	"100000"	"10000"	"200"	"1527757571501991296"	85000	"slope"	-0.1122226045
"0.15"	"0.0"	"0.75"	"0.01"	"0.005"	"0.01"	"100000"	"10000"	"200"	"1527757571501991296"	85000	"intercept"	0.60839249
"0.15"	"0.0"	"0.75"	"0.01"	"0.005"	"0.01"	"100000"	"10000"	"200"	"1527757571501991296"	90000	"slope"	-0.16805874325
"0.15"	"0.0"	"0.75"	"0.01"	"0.005"	"0.01"	"100000"	"10000"	"200"	"1527757571501991296"	90000	"intercept"	0.64510456
"0.15"	"0.0"	"0.75"	"0.01"	"0.005"	"0.01"	"100000"	"10000"	"200"	"1527757571501991296"	95000	"slope"	-0.1300140736
"0.15"	"0.0"	"0.75"	"0.01"	"0.005"	"0.01"	"100000"	"10000"	"200"	"1527757571501991296"	95000	"intercept"	0.62454851
"0.15"	"0.0"	"0.75"	"0.01"	"0.005"	"0.01"	"100000"	"10000"	"200"	"1527757571501991296"	100000	"slope"	-0.142324354
"0.15"	"0.0"	"0.75"	"0.01"	"0.005"	"0.01"	"100000"	"10000"	"200"	"1527757571501991296"	100000	"intercept"	0.632128505
"0.15"	"0.0"	"0.75"	"0.01"	"0.005"	"0.01"	"100000"	"10000"	"200"	"5753108390029884109"	10	"slope"	0.00013586125
"0.15"	"0.0"	"0.75"	"0.01"	"0.005"	"0.01"	"100000"	"10000"	"200"	"5753108390029884109"	10	"intercept"	0.50006032
"0.15"	"0.0"	"0.75"	"0.01"	"0.005"	"0.01"	"100000"	"10000"	"200"	"5753108390029884109"	5000	"slope"	-0.01427096118
"0.15"	"0.0"	"0.75"	"0.01"	"0.005"	"0.01"	"100000"	"10000"	"200"	"5753108390029884109"	5000	"intercept"	0.551696135
"0.15"	"0.0"	"0.75"	"0.01"	"0.005"	"0.01"	"100000"	"10000"	"200"	"5753108390029884109"	10000	"slope"	-0.0159949551
"0.15"	"0.0"	"0.75"	"0.01"	"0.005"	"0.01"	"100000"	"10000"	"200"	"5753108390029884109"	10000	"intercept"	0.5464477
"0.15"	"0.0"	"0.75"	"0.01"	"0.005"	"0.01"	"100000"	"10000"	"200"	"5753108390029884109"	15000	"slope"	-0.06417433965
"0.15"	"0.0"	"0.75"	"0.01"	"0.005"	"0.01"	"100000"	"10000"	"200"	"5753108390029884109"	15000	"intercept"	0.577346865
"0.15"	"0.0"	"0.75"	"0.01"	"0.005"	"0.01"	"100000"	"10000"	"200"	"5753108390029884109"	20000	"slope"	-0.045117439425
"0.15"	"0.0"	"0.75"	"0.01"	"0.005"	"0.01"	"100000"	"10000"	"200"	"5753108390029884109"	20000	"intercept"	0.564486265
"0.15"	"0.0"	"0.75"	"0.01"	"0.005"	"0.01"	"100000"	"10000"	"200"	"5753108390029884109"	25000	"slope"	-0.032948245125
"0.15"	"0.0"	"0.75"	"0.01"	"0.005"	"0.01"	"100000"	"10000"	"200"	"5753108390029884109"	25000	"intercept"	0.5608143
"0.15"	"0.0"	"0.75"	"0.01"	"0.005"	"0.01"	"100000"	"10000"	"200"	"5753108390029884109"	30000	"slope"	-0.05464751451
"0.15"	"0.0"	"0.75"	"0.01"	"0.005"	"0.01"	"100000"	"10000"	"200"	"5753108390029884109"	30000	"intercept"	0.57450089
"0.15"	"0.0"	"0.75"	"0.01"	"0.005"	"0.01"	"100000"	"10000"	"200"	"5753108390029884109"	35000	"slope"	-0.11568854655
"0.15"	"0.0"	"0.75"	"0.01"	"0.005"	"0.01"	"100000"	"10000"	"200"	"5753108390029884109"	35000	"intercept"	0.61180507
"0.15"	"0.0"	"0.75"	"0.01"	"0.005"	"0.01"	"100000"	"10000"	"200"	"5753108390029884109"	40000	"slope"	-0.116156129945
"0.15"	"0.0"	"0.75"	"0.01"	"0.005"	"0.01"	"100000"	"10000"	"200"	"5753108390029884109"	40000	"intercept"	0.61884124
"0.15"	"0.0"	"0.75"	"0.01"	"0.005"	"0.01"	"100000"	"10000"	"200"	"5753108390029884109"	45000	"slope"	-0.158396318
"0.15"	"0.0"	"0.75"	"0.01"	"0.005"	"0.01"	"100000"	"10000"	"200"	"5753108390029884109"	45000	"intercept"	0.639446345
"0.15"	"0.0"	"0.75"	"0.01"	"0.005"	"0.01"	"100000"	"10000"	"200"	"5753108390029884109"	50000	"slope"	-0.122653556
"0.15"	"0.0"	"0.75"	"0.01"	"0.005"	"0.01"	"100000"	"10000"	"200"	"5753108390029884109"	50000	"intercept"	0.623568675
"0.15"	"0.0"	"0.75"	"0.01"	"0.005"	"0.01"	"100000"	"10000"	"200"	"5753108390029884109"	55000	"slope"	-0.157200798
"0.15"	"0.0"	"0.75"	"0.01"	"0.005"	"0.01"	"100000"	"10000"	"200"	"5753108390029884109"	55000	"intercept"	0.64216184
"0.15"	"0.0"	"0.75"	"0.01"	"0.005"	"0.01"	"100000"	"10000"	"200"	"5753108390029884109"	60000	"slope"	-0.132842124985
"0.15"	"0.0"	"0.75"	"0.01"	"0.005"	"0.01"	"100000"	"10000"	"200"	"5753108390029884109"	60000	"intercept"	0.62483483
"0.15"	"0.0"	"0.75"	"0.01"	"0.005"	"0.01"	"100000"	"10000"	"200"	"5753108390029884109"	65000	"slope"	-0.15358349325
"0.15"	"0.0"	"0.75"	"0.01"	"0.005"	"0.01"	"100000"	"10000"	"200"	"5753108390029884109"	65000	"intercept"	0.641485075
"0.15"	"0.0"	"0.75"	"0.01"	"0.005"	"0.01"	"100000"	"10000"	"200"	"5753108390029884109"	70000	"slope"	-0.08014270923
"0.15"	"0.0"	"0.75"	"0.01"	"0.005"	"0.01"	"100000"	"10000"	"200"	"5753108390029884109"	70000	"intercept"	0.587105065
"0.15"	"0.0"	"0.75"	"0.01"	"0.005"	"0.01"	"100000"	"10000"	"200"	"5753108390029884109"	75000	"slope"	-0.1409151719
"0.15"	"0.0"	"0.75"	"0.01"	"0.005"	"0.01"	"100000"	"10000"	"200"	"5753108390029884109"	75000	"intercept"	0.61509053
"0.15"	"0.0"	"0.75"	"0.01"	"0.005"	"0.01"	"100000"	"10000"	"200"	"5753108390029884109"	80000	"slope"	-0.176510301
"0.15"	"0.0"	"0.75"	"0.01"	"0.005"	"0.01"	"100000"	"10000"	"200"	"5753108390029884109"	80000	"intercept"	0.655977055
"0.15"	"0.0"	"0.75"	"0.01"	"0.005"	"0.01"	"100000"	"10000"	"200"	"5753108390029884109"	85000	"slope"	-0.158361109
"0.15"	"0.0"	"0.75"	"0.01"	"0.005"	"0.01"	"100000"	"10000"	"200"	"5753108390029884109"	85000	"intercept"	0.642450145
"0.15"	"0.0"	"0.75"	"0.01"	"0.005"	"0.01"	"100000"	"10000"	"200"	"5753108390029884109"	90000	"slope"	-0.1595419825
"0.15"	"0.0"	"0.75"	"0.01"	"0.005"	"0.01"	"100000"	"10000"	"200"	"5753108390029884109"	90000	"intercept"	0.63132325
"0.15"	"0.0"	"0.75"	"0.01"	"0.005"	"0.01"	"100000"	"10000"	"200"	"5753108390029884109"	95000	"slope"	-0.1672233445
"0.15"	"0.0"	"0.75"	"0.01"	"0.005"	"0.01"	"100000"	"10000"	"200"	"5753108390029884109"	95000	"intercept"	0.646131205
"0.15"	"0.0"	"0.75"	"0.01"	"0.005"	"0.01"	"100000"	"10000"	"200"	"5753108390029884109"	100000	"slope"	-0.1520289115
"0.15"	"0.0"	"0.75"	"0.01"	"0.005"	"0.01"	"100000"	"10000"	"200"	"5753108390029884109"	100000	"intercept"	0.63281798
"0.15"	"0.0"	"0.75"	"0.01"	"0.005"	"0.01"	"100000"	"10000"	"200"	"8599635806712911201"	10	"slope"	-9.263275e-05
"0.15"	"0.0"	"0.75"	"0.01"	"0.005"	"0.01"	"100000"	"10000"	"200"	"8599635806712911201"	10	"intercept"	0.499971975
"0.15"	"0.0"	"0.75"	"0.01"	"0.005"	"0.01"	"100000"	"10000"	"200"	"8599635806712911201"	5000	"slope"	-0.014136641995
"0.15"	"0.0"	"0.75"	"0.01"	"0.005"	"0.01"	"100000"	"10000"	"200"	"8599635806712911201"	5000	"intercept"	0.542293125
"0.15"	"0.0"	"0.75"	"0.01"	"0.005"	"0.01"	"100000"	"10000"	"200"	"8599635806712911201"	10000	"slope"	-0.019279728595
"0.15"	"0.0"	"0.75"	"0.01"	"0.005"	"0.01"	"100000"	"10000"	"200"	"8599635806712911201"	10000	"intercept"	0.547243605
"0.15"	"0.0"	"0.75"	"0.01"	"0.005"	"0.01"	"100000"	"10000"	"200"	"8599635806712911201"	15000	"slope"	-0.04695150953
"0.15"	"0.0"	"0.75"	"0.01"	"0.005"	"0.01"	"100000"	"10000"	"200"	"8599635806712911201"	15000	"intercept"	0.569782525
"0.15"	"0.0"	"0.75"	"0.01"	"0.005"	"0.01"	"100000"	"10000"	"200"	"8599635806712911201"	20000	"slope"	-0.0679831181
"0.15"	"0.0"	"0.75"	"0.01"	"0.005"	"0.01"	"100000"	"10000"	"200"	"8599635806712911201"	20000	"intercept"	0.58057943
"0.15"	"0.0"	"0.75"	"0.01"	"0.005"	"0.01"	"100000"	"10000"	"200"	"8599635806712911201"	25000	"slope"	-0.167119121
"0.15"	"0.0"	"0.75"	"0.01"	"0.005"	"0.01"	"100000"	"10000"	"200"	"8599635806712911201"	25000	"intercept"	0.64746585
"0.15"	"0.0"	"0.75"	"0.01"	"0.005"	"0.01"	"100000"	"10000"	"200"	"8599635806712911201"	30000	"slope"	-0.168950976
"0.15"	"0.0"	"0.75"	"0.01"	"0.005"	"0.01"	"100000"	"10000"	"200"	"8599635806712911201"	30000	"intercept"	0.653735405
"0.15"	"0.0"	"0.75"	"0.01"	"0.005"	"0.01"	"100000"	"10000"	"200"	"8599635806712911201"	35000	"slope"	-0.189523132
"0.15"	"0.0"	"0.75"	"0.01"	"0.005"	"0.01"	"100000"	"10000"	"200"	"8599635806712911201"	35000	"intercept"	0.651845645
"0.15"	"0.0"	"0.75"	"0.01"	"0.005"	"0.01"	"100000"	"10000"	"200"	"8599635806712911201"	40000	"slope"	-0.188404652
"0.15"	"0.0"	"0.75"	"0.01"	"0.005"	"0.01"	"100000"	"10000"	"200"	"8599635806712911201"	40000	"intercept"	0.665538475
"0.15"	"0.0"	"0.75"	"0.01"	"0.005"	"0.01"	"100000"	"10000"	"200"	"8599635806712911201"	45000	"slope"	-0.121253238
"0.15"	"0.0"	"0.75"	"0.01"	"0.005"	"0.01"	"100000"	"10000"	"200"	"8599635806712911201"	45000	"intercept"	0.621322245
"0.15"	"0.0"	"0.75"	"0.01"	"0.005"	"0.01"	"100000"	"10000"	"200"	"8599635806712911201"	50000	"slope"	-0.11719075575
"0.15"	"0.0"	"0.75"	"0.01"	"0.005"	"0.01"	"100000"	"10000"	"200"	"8599635806712911201"	50000	"intercept"	0.613299665
"0.15"	"0.0"	"0.75"	"0.01"	"0.005"	"0.01"	"100000"	"10000"	"200"	"8599635806712911201"	55000	"slope"	-0.135326354
"0.15"	"0.0"	"0.75"	"0.01"	"0.005"	"0.01"	"100000"	"10000"	"200"	"8599635806712911201"	55000	"intercept"	0.625211255
"0.15"	"0.0"	"0.75"	"0.01"	"0.005"	"0.01"	"100000"	"10000"	"200"	"8599635806712911201"	60000	"slope"	-0.08361437725
"0.15"	"0.0"	"0.75"	"0.01"	"0.005"	"0.01"	"100000"	"10000"	"200"	"8599635806712911201"	60000	"intercept"	0.592197315
"0.15"	"0.0"	"0.75"	"0.01"	"0.005"	"0.01"	"100000"	"10000"	"200"	"8599635806712911201"	65000	"slope"	-0.12787074045
"0.15"	"0.0"	"0.75"	"0.01"	"0.005"	"0.01"	"100000"	"10000"	"200"	"8599635806712911201"	65000	"intercept"	0.617654035
"0.15"	"0.0"	"0.75"	"0.01"	"0.005"	"0.01"	"100000"	"10000"	"200"	"8599635806712911201"	70000	"slope"	-0.1023491265
"0.15"	"0.0"	"0.75"	"0.01"	"0.005"	"0.01"	"100000"	"10000"	"200"	"8599635806712911201"	70000	"intercept"	0.599382375
"0.15"	"0.0"	"0.75"	"0.01"	"0.005"	"0.01"	"100000"	"10000"	"200"	"8599635806712911201"	75000	"slope"	-0.136298824
"0.15"	"0.0"	"0.75"	"0.01"	"0.005"	"0.01"	"100000"	"10000"	"200"	"8599635806712911201"	75000	"intercept"	0.628313775
"0.15"	"0.0"	"0.75"	"0.01"	"0.005"	"0.01"	"100000"	"10000"	"200"	"8599635806712911201"	80000	"slope"	-0.148741112
"0.15"	"0.0"	"0.75"	"0.01"	"0.005"	"0.01"	"100000"	"10000"	"200"	"8599635806712911201"	80000	"intercept"	0.63413158
"0.15"	"0.0"	"0.75"	"0.01"	"0.005"	"0.01"	"100000"	"10000"	"200"	"8599635806712911201"	85000	"slope"	-0.156859707
"0.15"	"0.0"	"0.75"	"0.01"	"0.005"	"0.01"	"100000"	"10000"	"200"	"8599635806712911201"	85000	"intercept"	0.631561625
"0.15"	"0.0"	"0.75"	"0.01"	"0.005"	"0.01"	"100000"	"10000"	"200"	"8599635806712911201"	90000	"slope"	-0.1267357295
"0.15"	"0.0"	"0.75"	"0.01"	"0.005"	"0.01"	"100000"	"10000"	"200"	"8599635806712911201"	90000	"intercept"	0.621452705
"0.15"	"0.0"	"0.75"	"0.01"	"0.005"	"0.01"	"100000"	"10000"	"200"	"8599635806712911201"	95000	"slope"	-0.1218822825
"0.15"	"0.0"	"0.75"	"0.01"	"0.005"	"0.01"	"100000"	"10000"	"200"	"8599635806712911201"	95000	"intercept"	0.608477595
"0.15"	"0.0"	"0.75"	"0.01"	"0.005"	"0.01"	"100000"	"10000"	"200"	"8599635806712911201"	100000	"slope"	-0.1744390095
"0.15"	"0.0"	"0.75"	"0.01"	"0.005"	"0.01"	"100000"	"10000"	"200"	"8599635806712911201"	100000	"intercept"	0.64811819
"0.15"	"0.4"	"0.75"	"0.01"	"0.005"	"0.01"	"100000"	"10000"	"200"	"3447537632104432850"	10	"slope"	-0.000298119075
"0.15"	"0.4"	"0.75"	"0.01"	"0.005"	"0.01"	"100000"	"10000"	"200"	"3447537632104432850"	10	"intercept"	0.49990158
"0.15"	"0.4"	"0.75"	"0.01"	"0.005"	"0.01"	"100000"	"10000"	"200"	"3447537632104432850"	5000	"slope"	-0.03152607564
"0.15"	"0.4"	"0.75"	"0.01"	"0.005"	"0.01"	"100000"	"10000"	"200"	"3447537632104432850"	5000	"intercept"	0.551098455
"0.15"	"0.4"	"0.75"	"0.01"	"0.005"	"0.01"	"100000"	"10000"	"200"	"3447537632104432850"	10000	"slope"	-0.0437159196
"0.15"	"0.4"	"0.75"	"0.01"	"0.005"	"0.01"	"100000"	"10000"	"200"	"3447537632104432850"	10000	"intercept"	0.55725606
"0.15"	"0.4"	"0.75"	"0.01"	"0.005"	"0.01"	"100000"	"10000"	"200"	"3447537632104432850"	15000	"slope"	-0.10001198
"0.15"	"0.4"	"0.75"	"0.01"	"0.005"	"0.01"	"100000"	"10000"	"200"	"3447537632104432850"	15000	"intercept"	0.60541938
"0.15"	"0.4"	"0.75"	"0.01"	"0.005"	"0.01"	"100000"	"10000"	"200"	"3447537632104432850"	20000	"slope"	-0.1143317471
"0.15"	"0.4"	"0.75"	"0.01"	"0.005"	"0.01"	"100000"	"10000"	"200"	"3447537632104432850"	20000	"intercept"	0.603329305
"0.15"	"0.4"	"0.75"	"0.01"	"0.005"	"0.01"	"100000"	"10000"	"200"	"3447537632104432850"	25000	"slope"	-0.158828155
"0.15"	"0.4"	"0.75"	"0.01"	"0.005"	"0.01"	"100000"	"10000"	"200"	"3447537632104432850"	25000	"intercept"	0.64273391
"0.15"	"0.4"	"0.75"	"0.01"	"0.005"	"0.01"	"100000"	"10000"	"200"	"3447537632104432850"	30000	"slope"	-0.1820280755
"0.15"	"0.4"	"0.75"	"0.01"	"0.005"	"0.01"	"100000"	"10000"	"200"	"3447537632104432850"	30000	"intercept"	0.64916029
"0.15"	"0.4"	"0.75"	"0.01"	"0.005"	"0.01"	"100000"	"10000"	"200"	"3447537632104432850"	35000	"slope"	-0.19303702
"0.15"	"0.4"	"0.75"	"0.01"	"0.005"	"0.01"	"100000"	"10000"	"200"	"3447537632104432850"	35000	"intercept"	0.66843738
"0.15"	"0.4"	"0.75"	"0.01"	"0.005"	"0.01"	"100000"	"10000"	"200"	"3447537632104432850"	40000	"slope"	-0.186707663
"0.15"	"0.4"	"0.75"	"0.01"	"0.005"	"0.01"	"100000"	"10000"	"200"	"3447537632104432850"	40000	"intercept"	0.649631015
"0.15"	"0.4"	"0.75"	"0.01"	"0.005"	"0.01"	"100000"	"10000"	"200"	"3447537632104432850"	45000	"slope"	-0.149633067
"0.15"	"0.4"	"0.75"	"0.01"	"0.005"	"0.01"	"100000"	"10000"	"200"	"3447537632104432850"	45000	"intercept"	0.63663596
"0.15"	"0.4"	"0.75"	"0.01"	"0.005"	"0.01"	"100000"	"10000"	"200"	"3447537632104432850"	50000	"slope"	-0.227889711
"0.15"	"0.4"	"0.75"	"0.01"	"0.005"	"0.01"	"100000"	"10000"	"200"	"3447537632104432850"	50000	"intercept"	0.68562674
"0.15"	"0.4"	"0.75"	"0.01"	"0.005"	"0.01"	"100000"	"10000"	"200"	"3447537632104432850"	55000	"slope"	-0.27135886
"0.15"	"0.4"	"0.75"	"0.01"	"0.005"	"0.01"	"100000"	"10000"	"200"	"3447537632104432850"	55000	"intercept"	0.7134293
"0.15"	"0.4"	"0.75"	"0.01"	"0.005"	"0.01"	"100000"	"10000"	"200"	"3447537632104432850"	60000	"slope"	-0.2416227625
"0.15"	"0.4"	"0.75"	"0.01"	"0.005"	"0.01"	"100000"	"10000"	"200"	"3447537632104432850"	60000	"intercept"	0.694243555
"0.15"	"0.4"	"0.75"	"0.01"	"0.005"	"0.01"	"100000"	"10000"	"200"	"3447537632104432850"	65000	"slope"	-0.267762705
"0.15"	"0.4"	"0.75"	"0.01"	"0.005"	"0.01"	"100000"	"10000"	"200"	"3447537632104432850"	65000	"intercept"	0.712003565
"0.15"	"0.4"	"0.75"	"0.01"	"0.005"	"0.01"	"100000"	"10000"	"200"	"3447537632104432850"	70000	"slope"	-0.300872815
"0.15"	"0.4"	"0.75"	"0.01"	"0.005"	"0.01"	"100000"	"10000"	"200"	"3447537632104432850"	70000	"intercept"	0.72032386
"0.15"	"0.4"	"0.75"	"0.01"	"0.005"	"0.01"	"100000"	"10000"	"200"	"3447537632104432850"	75000	"slope"	-0.184704155
"0.15"	"0.4"	"0.75"	"0.01"	"0.005"	"0.01"	"100000"	"10000"	"200"	"3447537632104432850"	75000	"intercept"	0.65912533
"0.15"	"0.4"	"0.75"	"0.01"	"0.005"	"0.01"	"100000"	"10000"	"200"	"3447537632104432850"	80000	"slope"	-0.16335478
"0.15"	"0.4"	"0.75"	"0.01"	"0.005"	"0.01"	"100000"	"10000"	"200"	"3447537632104432850"	80000	"intercept"	0.642702175
"0.15"	"0.4"	"0.75"	"0.01"	"0.005"	"0.01"	"100000"	"10000"	"200"	"3447537632104432850"	85000	"slope"	-0.201920295
"0.15"	"0.4"	"0.75"	"0.01"	"0.005"	"0.01"	"100000"	"10000"	"200"	"3447537632104432850"	85000	"intercept"	0.658009125
"0.15"	"0.4"	"0.75"	"0.01"	"0.005"	"0.01"	"100000"	"10000"	"200"	"3447537632104432850"	90000	"slope"	-0.22690327
"0.15"	"0.4"	"0.75"	"0.01"	"0.005"	"0.01"	"100000"	"10000"	"200"	"3447537632104432850"	90000	"intercept"	0.6763236
"0.15"	"0.4"	"0.75"	"0.01"	"0.005"	"0.01"	"100000"	"10000"	"200"	"3447537632104432850"	95000	"slope"	-0.22149304
"0.15"	"0.4"	"0.75"	"0.01"	"0.005"	"0.01"	"100000"	"10000"	"200"	"3447537632104432850"	95000	"intercept"	0.67716332
"0.15"	"0.4"	"0.75"	"0.01"	"0.005"	"0.01"	"100000"	"10000"	"200"	"3447537632104432850"	100000	"slope"	-0.242742982
"0.15"	"0.4"	"0.75"	"0.01"	"0.005"	"0.01"	"100000"	"10000"	"200"	"3447537632104432850"	100000	"intercept"	0.69142308
"0.15"	"0.4"	"0.75"	"0.01"	"0.005"	"0.01"	"100000"	"10000"	"200"	"5777497958022583630"	10	"slope"	-7.90603e-05
"0.15"	"0.4"	"0.75"	"0.01"	"0.005"	"0.01"	"100000"	"10000"	"200"	"5777497958022583630"	10	"intercept"	0.50015896
"0.15"	"0.4"	"0.75"	"0.01"	"0.005"	"0.01"	"100000"	"10000"	"200"	"5777497958022583630"	5000	"slope"	-0.021103721855
"0.15"	"0.4"	"0.75"	"0.01"	"0.005"	"0.01"	"100000"	"10000"	"200"	"5777497958022583630"	5000	"intercept"	0.545165095
"0.15"	"0.4"	"0.75"	"0.01"	"0.005"	"0.01"	"100000"	"10000"	"200"	"5777497958022583630"	10000	"slope"	-0.06318287195
"0.15"	"0.4"	"0.75"	"0.01"	"0.005"	"0.01"	"100000"	"10000"	"200"	"5777497958022583630"	10000	"intercept"	0.57054534
"0.15"	"0.4"	"0.75"	"0.01"	"0.005"	"0.01"	"100000"	"10000"	"200"	"5777497958022583630"	15000	"slope"	-0.083618766
"0.15"	"0.4"	"0.75"	"0.01"	"0.005"	"0.01"	"100000"	"10000"	"200"	"5777497958022583630"	15000	"intercept"	0.58523799
"0.15"	"0.4"	"0.75"	"0.01"	"0.005"	"0.01"	"100000"	"10000"	"200"	"5777497958022583630"	20000	"slope"	-0.0862075134
"0.15"	"0.4"	"0.75"	"0.01"	"0.005"	"0.01"	"100000"	"10000"	"200"	"5777497958022583630"	20000	"intercept"	0.59791236
"0.15"	"0.4"	"0.75"	"0.01"	"0.005"	"0.01"	"100000"	"10000"	"200"	"5777497958022583630"	25000	"slope"	-0.12745140315
"0.15"	"0.4"	"0.75"	"0.01"	"0.005"	"0.01"	"100000"	"10000"	"200"	"5777497958022583630"	25000	"intercept"	0.61127881
"0.15"	"0.4"	"0.75"	"0.01"	"0.005"	"0.01"	"100000"	"10000"	"200"	"5777497958022583630"	30000	"slope"	-0.1524908815
"0.15"	"0.4"	"0.75"	"0.01"	"0.005"	"0.01"	"100000"	"10000"	"200"	"5777497958022583630"	30000	"intercept"	0.635773195
"0.15"	"0.4"	"0.75"	"0.01"	"0.005"	"0.01"	"100000"	"10000"	"200"	"5777497958022583630"	35000	"slope"	-0.1567276525
"0.15"	"0.4"	"0.75"	"0.01"	"0.005"	"0.01"	"100000"	"10000"	"200"	"5777497958022583630"	35000	"intercept"	0.637572695
"0.15"	"0.4"	"0.75"	"0.01"	"0.005"	"0.01"	"100000"	"10000"	"200"	"5777497958022583630"	40000	"slope"	-0.2001561545
"0.15"	"0.4"	"0.75"	"0.01"	"0.005"	"0.01"	"100000"	"10000"	"200"	"5777497958022583630"	40000	"intercept"	0.671401365
"0.15"	"0.4"	"0.75"	"0.01"	"0.005"	"0.01"	"100000"	"10000"	"200"	"5777497958022583630"	45000	"slope"	-0.233729937
"0.15"	"0.4"	"0.75"	"0.01"	"0.005"	"0.01"	"100000"	"10000"	"200"	"5777497958022583630"	45000	"intercept"	0.68427203
"0.15"	"0.4"	"0.75"	"0.01"	"0.005"	"0.01"	"100000"	"10000"	"200"	"5777497958022583630"	50000	"slope"	-0.238343565
"0.15"	"0.4"	"0.75"	"0.01"	"0.005"	"0.01"	"100000"	"10000"	"200"	"5777497958022583630"	50000	"intercept"	0.697553485
"0.15"	"0.4"	"0.75"	"0.01"	"0.005"	"0.01"	"100000"	"10000"	"200"	"5777497958022583630"	55000	"slope"	-0.226528255
"0.15"	"0.4"	"0.75"	"0.01"	"0.005"	"0.01"	"100000"	"10000"	"200"	"5777497958022583630"	55000	"intercept"	0.677089825
"0.15"	"0.4"	"0.75"	"0.01"	"0.005"	"0.01"	"100000"	"10000"	"200"	"5777497958022583630"	60000	"slope"	-0.22467342
"0.15"	"0.4"	"0.75"	"0.01"	"0.005"	"0.01"	"100000"	"10000"	"200"	"5777497958022583630"	60000	"intercept"	0.67066107
"0.15"	"0.4"	"0.75"	"0.01"	"0.005"	"0.01"	"100000"	"10000"	"200"	"5777497958022583630"	65000	"slope"	-0.2640226455
"0.15"	"0.4"	"0.75"	"0.01"	"0.005"	"0.01"	"100000"	"10000"	"200"	"5777497958022583630"	65000	"intercept"	0.708412885
"0.15"	"0.4"	"0.75"	"0.01"	"0.005"	"0.01"	"100000"	"10000"	"200"	"5777497958022583630"	70000	"slope"	-0.2410888355
"0.15"	"0.4"	"0.75"	"0.01"	"0.005"	"0.01"	"100000"	"10000"	"200"	"5777497958022583630"	70000	"intercept"	0.686553145
"0.15"	"0.4"	"0.75"	"0.01"	"0.005"	"0.01"	"100000"	"10000"	"200"	"5777497958022583630"	75000	"slope"	-0.1977309415
"0.15"	"0.4"	"0.75"	"0.01"	"0.005"	"0.01"	"100000"	"10000"	"200"	"5777497958022583630"	75000	"intercept"	0.652653295
"0.15"	"0.4"	"0.75"	"0.01"	"0.005"	"0.01"	"100000"	"10000"	"200"	"5777497958022583630"	80000	"slope"	-0.199591607
"0.15"	"0.4"	"0.75"	"0.01"	"0.005"	"0.01"	"100000"	"10000"	"200"	"5777497958022583630"	80000	"intercept"	0.6699957
"0.15"	"0.4"	"0.75"	"0.01"	"0.005"	"0.01"	"100000"	"10000"	"200"	"5777497958022583630"	85000	"slope"	-0.2251979
"0.15"	"0.4"	"0.75"	"0.01"	"0.005"	"0.01"	"100000"	"10000"	"200"	"5777497958022583630"	85000	"intercept"	0.68049608
"0.15"	"0.4"	"0.75"	"0.01"	"0.005"	"0.01"	"100000"	"10000"	"200"	"5777497958022583630"	90000	"slope"	-0.198120275
"0.15"	"0.4"	"0.75"	"0.01"	"0.005"	"0.01"	"100000"	"10000"	"200"	"5777497958022583630"	90000	"intercept"	0.666003985
"0.15"	"0.4"	"0.75"	"0.01"	"0.005"	"0.01"	"100000"	"10000"	"200"	"5777497958022583630"	95000	"slope"	-0.217361155
"0.15"	"0.4"	"0.75"	"0.01"	"0.005"	"0.01"	"100000"	"10000"	"200"	"5777497958022583630"	95000	"intercept"	0.671992345
"0.15"	"0.4"	"0.75"	"0.01"	"0.005"	"0.01"	"100000"	"10000"	"200"	"5777497958022583630"	100000	"slope"	-0.1924247195
"0.15"	"0.4"	"0.75"	"0.01"	"0.005"	"0.01"	"100000"	"10000"	"200"	"5777497958022583630"	100000	"intercept"	0.65943854
"0.15"	"0.4"	"0.75"	"0.01"	"0.005"	"0.01"	"100000"	"10000"	"200"	"904334052056307362"	10	"slope"	-9.6639865e-05
"0.15"	"0.4"	"0.75"	"0.01"	"0.005"	"0.01"	"100000"	"10000"	"200"	"904334052056307362"	10	"intercept"	0.50014993
"0.15"	"0.4"	"0.75"	"0.01"	"0.005"	"0.01"	"100000"	"10000"	"200"	"904334052056307362"	5000	"slope"	0.02619832401
"0.15"	"0.4"	"0.75"	"0.01"	"0.005"	"0.01"	"100000"	"10000"	"200"	"904334052056307362"	5000	"intercept"	0.51202375
"0.15"	"0.4"	"0.75"	"0.01"	"0.005"	"0.01"	"100000"	"10000"	"200"	"904334052056307362"	10000	"slope"	0.00269845629
"0.15"	"0.4"	"0.75"	"0.01"	"0.005"	"0.01"	"100000"	"10000"	"200"	"904334052056307362"	10000	"intercept"	0.529173305
"0.15"	"0.4"	"0.75"	"0.01"	"0.005"	"0.01"	"100000"	"10000"	"200"	"904334052056307362"	15000	"slope"	-0.0825385703
"0.15"	"0.4"	"0.75"	"0.01"	"0.005"	"0.01"	"100000"	"10000"	"200"	"904334052056307362"	15000	"intercept"	0.58006511
"0.15"	"0.4"	"0.75"	"0.01"	"0.005"	"0.01"	"100000"	"10000"	"200"	"904334052056307362"	20000	"slope"	-0.136287714
"0.15"	"0.4"	"0.75"	"0.01"	"0.005"	"0.01"	"100000"	"10000"	"200"	"904334052056307362"	20000	"intercept"	0.630882525
"0.15"	"0.4"	"0.75"	"0.01"	"0.005"	"0.01"	"100000"	"10000"	"200"	"904334052056307362"	25000	"slope"	-0.1767081165
"0.15"	"0.4"	"0.75"	"0.01"	"0.005"	"0.01"	"100000"	"10000"	"200"	"904334052056307362"	25000	"intercept"	0.64331816
"0.15"	"0.4"	"0.75"	"0.01"	"0.005"	"0.01"	"100000"	"10000"	"200"	"904334052056307362"	30000	"slope"	-0.214647291
"0.15"	"0.4"	"0.75"	"0.01"	"0.005"	"0.01"	"100000"	"10000"	"200"	"904334052056307362"	30000	"intercept"	0.67211208
"0.15"	"0.4"	"0.75"	"0.01"	"0.005"	"0.01"	"100000"	"10000"	"200"	"904334052056307362"	35000	"slope"	-0.259759995
"0.15"	"0.4"	"0.75"	"0.01"	"0.005"	"0.01"	"100000"	"10000"	"200"	"904334052056307362"	35000	"intercept"	0.698351805
"0.15"	"0.4"	"0.75"	"0.01"	"0.005"	"0.01"	"100000"	"10000"	"200"	"904334052056307362"	40000	"slope"	-0.192704072
"0.15"	"0.4"	"0.75"	"0.01"	"0.005"	"0.01"	"100000"	"10000"	"200"	"904334052056307362"	40000	"intercept"	0.661249525
"0.15"	"0.4"	"0.75"	"0.01"	"0.005"	"0.01"	"100000"	"10000"	"200"	"904334052056307362"	45000	"slope"	-0.204350125
"0.15"	"0.4"	"0.75"	"0.01"	"0.005"	"0.01"	"100000"	"10000"	"200"	"904334052056307362"	45000	"intercept"	0.66494859
"0.15"	"0.4"	"0.75"	"0.01"	"0.005"	"0.01"	"100000"	"10000"	"200"	"904334052056307362"	50000	"slope"	-0.178206793
"0.15"	"0.4"	"0.75"	"0.01"	"0.005"	"0.01"	"100000"	"10000"	"200"	"904334052056307362"	50000	"intercept"	0.647937715
"0.15"	"0.4"	"0.75"	"0.01"	"0.005"	"0.01"	"100000"	"10000"	"200"	"904334052056307362"	55000	"slope"	-0.1435197745
"0.15"	"0.4"	"0.75"	"0.01"	"0.005"	"0.01"	"100000"	"10000"	"200"	"904334052056307362"	55000	"intercept"	0.632041195
"0.15"	"0.4"	"0.75"	"0.01"	"0.005"	"0.01"	"100000"	"10000"	"200"	"904334052056307362"	60000	"slope"	-0.173884342
"0.15"	"0.4"	"0.75"	"0.01"	"0.005"	"0.01"	"100000"	"10000"	"200"	"904334052056307362"	60000	"intercept"	0.653470675
"0.15"	"0.4"	"0.75"	"0.01"	"0.005"	"0.01"	"100000"	"10000"	"200"	"904334052056307362"	65000	"slope"	-0.161244856
"0.15"	"0.4"	"0.75"	"0.01"	"0.005"	"0.01"	"100000"	"10000"	"200"	"904334052056307362"	65000	"intercept"	0.62950348
"0.15"	"0.4"	"0.75"	"0.01"	"0.005"	"0.01"	"100000"	"10000"	"200"	"904334052056307362"	70000	"slope"	-0.16721344435
"0.15"	"0.4"	"0.75"	"0.01"	"0.005"	"0.01"	"100000"	"10000"	"200"	"904334052056307362"	70000	"intercept"	0.63951756
"0.15"	"0.4"	"0.75"	"0.01"	"0.005"	"0.01"	"100000"	"10000"	"200"	"904334052056307362"	75000	"slope"	-0.159182147
"0.15"	"0.4"	"0.75"	"0.01"	"0.005"	"0.01"	"100000"	"10000"	"200"	"904334052056307362"	75000	"intercept"	0.63966586
"0.15"	"0.4"	"0.75"	"0.01"	"0.005"	"0.01"	"100000"	"10000"	"200"	"904334052056307362"	80000	"slope"	-0.1765953135
"0.15"	"0.4"	"0.75"	"0.01"	"0.005"	"0.01"	"100000"	"10000"	"200"	"904334052056307362"	80000	"intercept"	0.64315784
"0.15"	"0.4"	"0.75"	"0.01"	"0.005"	"0.01"	"100000"	"10000"	"200"	"904334052056307362"	85000	"slope"	-0.207348085
"0.15"	"0.4"	"0.75"	"0.01"	"0.005"	"0.01"	"100000"	"10000"	"200"	"904334052056307362"	85000	"intercept"	0.669299615
"0.15"	"0.4"	"0.75"	"0.01"	"0.005"	"0.01"	"100000"	"10000"	"200"	"904334052056307362"	90000	"slope"	-0.190158932
"0.15"	"0.4"	"0.75"	"0.01"	"0.005"	"0.01"	"100000"	"10000"	"200"	"904334052056307362"	90000	"intercept"	0.657664
"0.15"	"0.4"	"0.75"	"0.01"	"0.005"	"0.01"	"100000"	"10000"	"200"	"904334052056307362"	95000	"slope"	-0.1832219505
"0.15"	"0.4"	"0.75"	"0.01"	"0.005"	"0.01"	"100000"	"10000"	"200"	"904334052056307362"	95000	"intercept"	0.64792657
"0.15"	"0.4"	"0.75"	"0.01"	"0.005"	"0.01"	"100000"	"10000"	"200"	"904334052056307362"	100000	"slope"	-0.2515798505
"0.15"	"0.4"	"0.75"	"0.01"	"0.005"	"0.01"	"100000"	"10000"	"200"	"904334052056307362"	100000	"intercept"	0.69825946
"0.15"	"0.6"	"0.75"	"0.01"	"0.005"	"0.01"	"100000"	"10000"	"200"	"8655048514054465972"	10	"slope"	8.788318e-05
"0.15"	"0.6"	"0.75"	"0.01"	"0.005"	"0.01"	"100000"	"10000"	"200"	"8655048514054465972"	10	"intercept"	0.49970304
"0.15"	"0.6"	"0.75"	"0.01"	"0.005"	"0.01"	"100000"	"10000"	"200"	"8655048514054465972"	5000	"slope"	-0.0151580719925
"0.15"	"0.6"	"0.75"	"0.01"	"0.005"	"0.01"	"100000"	"10000"	"200"	"8655048514054465972"	5000	"intercept"	0.546252395
"0.15"	"0.6"	"0.75"	"0.01"	"0.005"	"0.01"	"100000"	"10000"	"200"	"8655048514054465972"	10000	"slope"	-0.0190409752325
"0.15"	"0.6"	"0.75"	"0.01"	"0.005"	"0.01"	"100000"	"10000"	"200"	"8655048514054465972"	10000	"intercept"	0.54001908
"0.15"	"0.6"	"0.75"	"0.01"	"0.005"	"0.01"	"100000"	"10000"	"200"	"8655048514054465972"	15000	"slope"	-0.04694329678
"0.15"	"0.6"	"0.75"	"0.01"	"0.005"	"0.01"	"100000"	"10000"	"200"	"8655048514054465972"	15000	"intercept"	0.56138602
"0.15"	"0.6"	"0.75"	"0.01"	"0.005"	"0.01"	"100000"	"10000"	"200"	"8655048514054465972"	20000	"slope"	-0.130801634
"0.15"	"0.6"	"0.75"	"0.01"	"0.005"	"0.01"	"100000"	"10000"	"200"	"8655048514054465972"	20000	"intercept"	0.626334685
"0.15"	"0.6"	"0.75"	"0.01"	"0.005"	"0.01"	"100000"	"10000"	"200"	"8655048514054465972"	25000	"slope"	-0.1612112615
"0.15"	"0.6"	"0.75"	"0.01"	"0.005"	"0.01"	"100000"	"10000"	"200"	"8655048514054465972"	25000	"intercept"	0.63678862
"0.15"	"0.6"	"0.75"	"0.01"	"0.005"	"0.01"	"100000"	"10000"	"200"	"8655048514054465972"	30000	"slope"	-0.23301706
"0.15"	"0.6"	"0.75"	"0.01"	"0.005"	"0.01"	"100000"	"10000"	"200"	"8655048514054465972"	30000	"intercept"	0.674418415
"0.15"	"0.6"	"0.75"	"0.01"	"0.005"	"0.01"	"100000"	"10000"	"200"	"8655048514054465972"	35000	"slope"	-0.2356509095
"0.15"	"0.6"	"0.75"	"0.01"	"0.005"	"0.01"	"100000"	"10000"	"200"	"8655048514054465972"	35000	"intercept"	0.68633932
"0.15"	"0.6"	"0.75"	"0.01"	"0.005"	"0.01"	"100000"	"10000"	"200"	"8655048514054465972"	40000	"slope"	-0.282866936
"0.15"	"0.6"	"0.75"	"0.01"	"0.005"	"0.01"	"100000"	"10000"	"200"	"8655048514054465972"	40000	"intercept"	0.72164253
"0.15"	"0.6"	"0.75"	"0.01"	"0.005"	"0.01"	"100000"	"10000"	"200"	"8655048514054465972"	45000	"slope"	-0.28919617
"0.15"	"0.6"	"0.75"	"0.01"	"0.005"	"0.01"	"100000"	"10000"	"200"	"8655048514054465972"	45000	"intercept"	0.718975405
"0.15"	"0.6"	"0.75"	"0.01"	"0.005"	"0.01"	"100000"	"10000"	"200"	"8655048514054465972"	50000	"slope"	-0.32967926
"0.15"	"0.6"	"0.75"	"0.01"	"0.005"	"0.01"	"100000"	"10000"	"200"	"8655048514054465972"	50000	"intercept"	0.746846025
"0.15"	"0.6"	"0.75"	"0.01"	"0.005"	"0.01"	"100000"	"10000"	"200"	"8655048514054465972"	55000	"slope"	-0.3240293
"0.15"	"0.6"	"0.75"	"0.01"	"0.005"	"0.01"	"100000"	"10000"	"200"	"8655048514054465972"	55000	"intercept"	0.74993525
"0.15"	"0.6"	"0.75"	"0.01"	"0.005"	"0.01"	"100000"	"10000"	"200"	"8655048514054465972"	60000	"slope"	-0.35231537
"0.15"	"0.6"	"0.75"	"0.01"	"0.005"	"0.01"	"100000"	"10000"	"200"	"8655048514054465972"	60000	"intercept"	0.766050845
"0.15"	"0.6"	"0.75"	"0.01"	"0.005"	"0.01"	"100000"	"10000"	"200"	"8655048514054465972"	65000	"slope"	-0.329709935
"0.15"	"0.6"	"0.75"	"0.01"	"0.005"	"0.01"	"100000"	"10000"	"200"	"8655048514054465972"	65000	"intercept"	0.745873305
"0.15"	"0.6"	"0.75"	"0.01"	"0.005"	"0.01"	"100000"	"10000"	"200"	"8655048514054465972"	70000	"slope"	-0.34062782
"0.15"	"0.6"	"0.75"	"0.01"	"0.005"	"0.01"	"100000"	"10000"	"200"	"8655048514054465972"	70000	"intercept"	0.75308318
"0.15"	"0.6"	"0.75"	"0.01"	"0.005"	"0.01"	"100000"	"10000"	"200"	"8655048514054465972"	75000	"slope"	-0.34631927
"0.15"	"0.6"	"0.75"	"0.01"	"0.005"	"0.01"	"100000"	"10000"	"200"	"8655048514054465972"	75000	"intercept"	0.75530614
"0.15"	"0.6"	"0.75"	"0.01"	"0.005"	"0.01"	"100000"	"10000"	"200"	"8655048514054465972"	80000	"slope"	-0.406892035
"0.15"	"0.6"	"0.75"	"0.01"	"0.005"	"0.01"	"100000"	"10000"	"200"	"8655048514054465972"	80000	"intercept"	0.80192546
"0.15"	"0.6"	"0.75"	"0.01"	"0.005"	"0.01"	"100000"	"10000"	"200"	"8655048514054465972"	85000	"slope"	-0.434507
"0.15"	"0.6"	"0.75"	"0.01"	"0.005"	"0.01"	"100000"	"10000"	"200"	"8655048514054465972"	85000	"intercept"	0.81625034
"0.15"	"0.6"	"0.75"	"0.01"	"0.005"	"0.01"	"100000"	"10000"	"200"	"8655048514054465972"	90000	"slope"	-0.39910493
"0.15"	"0.6"	"0.75"	"0.01"	"0.005"	"0.01"	"100000"	"10000"	"200"	"8655048514054465972"	90000	"intercept"	0.799488365
"0.15"	"0.6"	"0.75"	"0.01"	"0.005"	"0.01"	"100000"	"10000"	"200"	"8655048514054465972"	95000	"slope"	-0.401264925
"0.15"	"0.6"	"0.75"	"0.01"	"0.005"	"0.01"	"100000"	"10000"	"200"	"8655048514054465972"	95000	"intercept"	0.790572165
"0.15"	"0.6"	"0.75"	"0.01"	"0.005"	"0.01"	"100000"	"10000"	"200"	"8655048514054465972"	100000	"slope"	-0.405579105
"0.15"	"0.6"	"0.75"	"0.01"	"0.005"	"0.01"	"100000"	"10000"	"200"	"8655048514054465972"	100000	"intercept"	0.81024011
"0.15"	"0.6"	"0.75"	"0.01"	"0.005"	"0.01"	"100000"	"10000"	"200"	"8922186289990178001"	10	"slope"	-8.173325e-05
"0.15"	"0.6"	"0.75"	"0.01"	"0.005"	"0.01"	"100000"	"10000"	"200"	"8922186289990178001"	10	"intercept"	0.499799915
"0.15"	"0.6"	"0.75"	"0.01"	"0.005"	"0.01"	"100000"	"10000"	"200"	"8922186289990178001"	5000	"slope"	-0.01616984808
"0.15"	"0.6"	"0.75"	"0.01"	"0.005"	"0.01"	"100000"	"10000"	"200"	"8922186289990178001"	5000	"intercept"	0.54335319
"0.15"	"0.6"	"0.75"	"0.01"	"0.005"	"0.01"	"100000"	"10000"	"200"	"8922186289990178001"	10000	"slope"	-0.0588611781
"0.15"	"0.6"	"0.75"	"0.01"	"0.005"	"0.01"	"100000"	"10000"	"200"	"8922186289990178001"	10000	"intercept"	0.571406205
"0.15"	"0.6"	"0.75"	"0.01"	"0.005"	"0.01"	"100000"	"10000"	"200"	"8922186289990178001"	15000	"slope"	-0.076230065555
"0.15"	"0.6"	"0.75"	"0.01"	"0.005"	"0.01"	"100000"	"10000"	"200"	"8922186289990178001"	15000	"intercept"	0.58144256
"0.15"	"0.6"	"0.75"	"0.01"	"0.005"	"0.01"	"100000"	"10000"	"200"	"8922186289990178001"	20000	"slope"	-0.127275949
"0.15"	"0.6"	"0.75"	"0.01"	"0.005"	"0.01"	"100000"	"10000"	"200"	"8922186289990178001"	20000	"intercept"	0.62086469
"0.15"	"0.6"	"0.75"	"0.01"	"0.005"	"0.01"	"100000"	"10000"	"200"	"8922186289990178001"	25000	"slope"	-0.149466813
"0.15"	"0.6"	"0.75"	"0.01"	"0.005"	"0.01"	"100000"	"10000"	"200"	"8922186289990178001"	25000	"intercept"	0.62405764
"0.15"	"0.6"	"0.75"	"0.01"	"0.005"	"0.01"	"100000"	"10000"	"200"	"8922186289990178001"	30000	"slope"	-0.1734128445
"0.15"	"0.6"	"0.75"	"0.01"	"0.005"	"0.01"	"100000"	"10000"	"200"	"8922186289990178001"	30000	"intercept"	0.63323219
"0.15"	"0.6"	"0.75"	"0.01"	"0.005"	"0.01"	"100000"	"10000"	"200"	"8922186289990178001"	35000	"slope"	-0.2239802415
"0.15"	"0.6"	"0.75"	"0.01"	"0.005"	"0.01"	"100000"	"10000"	"200"	"8922186289990178001"	35000	"intercept"	0.66721703
"0.15"	"0.6"	"0.75"	"0.01"	"0.005"	"0.01"	"100000"	"10000"	"200"	"8922186289990178001"	40000	"slope"	-0.272182045
"0.15"	"0.6"	"0.75"	"0.01"	"0.005"	"0.01"	"100000"	"10000"	"200"	"8922186289990178001"	40000	"intercept"	0.71575731
"0.15"	"0.6"	"0.75"	"0.01"	"0.005"	"0.01"	"100000"	"10000"	"200"	"8922186289990178001"	45000	"slope"	-0.2938881
"0.15"	"0.6"	"0.75"	"0.01"	"0.005"	"0.01"	"100000"	"10000"	"200"	"8922186289990178001"	45000	"intercept"	0.736355295
"0.15"	"0.6"	"0.75"	"0.01"	"0.005"	"0.01"	"100000"	"10000"	"200"	"8922186289990178001"	50000	"slope"	-0.312541505
"0.15"	"0.6"	"0.75"	"0.01"	"0.005"	"0.01"	"100000"	"10000"	"200"	"8922186289990178001"	50000	"intercept"	0.74453514
"0.15"	"0.6"	"0.75"	"0.01"	"0.005"	"0.01"	"100000"	"10000"	"200"	"8922186289990178001"	55000	"slope"	-0.292823725
"0.15"	"0.6"	"0.75"	"0.01"	"0.005"	"0.01"	"100000"	"10000"	"200"	"8922186289990178001"	55000	"intercept"	0.72744053
"0.15"	"0.6"	"0.75"	"0.01"	"0.005"	"0.01"	"100000"	"10000"	"200"	"8922186289990178001"	60000	"slope"	-0.32977603
"0.15"	"0.6"	"0.75"	"0.01"	"0.005"	"0.01"	"100000"	"10000"	"200"	"8922186289990178001"	60000	"intercept"	0.76271376
"0.15"	"0.6"	"0.75"	"0.01"	"0.005"	"0.01"	"100000"	"10000"	"200"	"8922186289990178001"	65000	"slope"	-0.407130645
"0.15"	"0.6"	"0.75"	"0.01"	"0.005"	"0.01"	"100000"	"10000"	"200"	"8922186289990178001"	65000	"intercept"	0.79059687
"0.15"	"0.6"	"0.75"	"0.01"	"0.005"	"0.01"	"100000"	"10000"	"200"	"8922186289990178001"	70000	"slope"	-0.42340489
"0.15"	"0.6"	"0.75"	"0.01"	"0.005"	"0.01"	"100000"	"10000"	"200"	"8922186289990178001"	70000	"intercept"	0.79934237
"0.15"	"0.6"	"0.75"	"0.01"	"0.005"	"0.01"	"100000"	"10000"	"200"	"8922186289990178001"	75000	"slope"	-0.42146555
"0.15"	"0.6"	"0.75"	"0.01"	"0.005"	"0.01"	"100000"	"10000"	"200"	"8922186289990178001"	75000	"intercept"	0.800933775
"0.15"	"0.6"	"0.75"	"0.01"	"0.005"	"0.01"	"100000"	"10000"	"200"	"8922186289990178001"	80000	"slope"	-0.41838197
"0.15"	"0.6"	"0.75"	"0.01"	"0.005"	"0.01"	"100000"	"10000"	"200"	"8922186289990178001"	80000	"intercept"	0.80149973
"0.15"	"0.6"	"0.75"	"0.01"	"0.005"	"0.01"	"100000"	"10000"	"200"	"8922186289990178001"	85000	"slope"	-0.412228495
"0.15"	"0.6"	"0.75"	"0.01"	"0.005"	"0.01"	"100000"	"10000"	"200"	"8922186289990178001"	85000	"intercept"	0.800110055
"0.15"	"0.6"	"0.75"	"0.01"	"0.005"	"0.01"	"100000"	"10000"	"200"	"8922186289990178001"	90000	"slope"	-0.38794391
"0.15"	"0.6"	"0.75"	"0.01"	"0.005"	"0.01"	"100000"	"10000"	"200"	"8922186289990178001"	90000	"intercept"	0.78340041
"0.15"	"0.6"	"0.75"	"0.01"	"0.005"	"0.01"	"100000"	"10000"	"200"	"8922186289990178001"	95000	"slope"	-0.40945338
"0.15"	"0.6"	"0.75"	"0.01"	"0.005"	"0.01"	"100000"	"10000"	"200"	"8922186289990178001"	95000	"intercept"	0.803511535
"0.15"	"0.6"	"0.75"	"0.01"	"0.005"	"0.01"	"100000"	"10000"	"200"	"8922186289990178001"	100000	"slope"	-0.360236845
"0.15"	"0.6"	"0.75"	"0.01"	"0.005"	"0.01"	"100000"	"10000"	"200"	"8922186289990178001"	100000	"intercept"	0.753864275
"0.15"	"0.6"	"0.75"	"0.01"	"0.005"	"0.01"	"100000"	"10000"	"200"	"979361964111829828"	10	"slope"	0.00021600868
"0.15"	"0.6"	"0.75"	"0.01"	"0.005"	"0.01"	"100000"	"10000"	"200"	"979361964111829828"	10	"intercept"	0.500134775
"0.15"	"0.6"	"0.75"	"0.01"	"0.005"	"0.01"	"100000"	"10000"	"200"	"979361964111829828"	5000	"slope"	0.019623586322
"0.15"	"0.6"	"0.75"	"0.01"	"0.005"	"0.01"	"100000"	"10000"	"200"	"979361964111829828"	5000	"intercept"	0.52341841
"0.15"	"0.6"	"0.75"	"0.01"	"0.005"	"0.01"	"100000"	"10000"	"200"	"979361964111829828"	10000	"slope"	-0.011951423485
"0.15"	"0.6"	"0.75"	"0.01"	"0.005"	"0.01"	"100000"	"10000"	"200"	"979361964111829828"	10000	"intercept"	0.539160685
"0.15"	"0.6"	"0.75"	"0.01"	"0.005"	"0.01"	"100000"	"10000"	"200"	"979361964111829828"	15000	"slope"	-0.05761816994
"0.15"	"0.6"	"0.75"	"0.01"	"0.005"	"0.01"	"100000"	"10000"	"200"	"979361964111829828"	15000	"intercept"	0.577462545
"0.15"	"0.6"	"0.75"	"0.01"	"0.005"	"0.01"	"100000"	"10000"	"200"	"979361964111829828"	20000	"slope"	-0.169966458
"0.15"	"0.6"	"0.75"	"0.01"	"0.005"	"0.01"	"100000"	"10000"	"200"	"979361964111829828"	20000	"intercept"	0.64179532
"0.15"	"0.6"	"0.75"	"0.01"	"0.005"	"0.01"	"100000"	"10000"	"200"	"979361964111829828"	25000	"slope"	-0.151576732
"0.15"	"0.6"	"0.75"	"0.01"	"0.005"	"0.01"	"100000"	"10000"	"200"	"979361964111829828"	25000	"intercept"	0.636020475
"0.15"	"0.6"	"0.75"	"0.01"	"0.005"	"0.01"	"100000"	"10000"	"200"	"979361964111829828"	30000	"slope"	-0.240241758
"0.15"	"0.6"	"0.75"	"0.01"	"0.005"	"0.01"	"100000"	"10000"	"200"	"979361964111829828"	30000	"intercept"	0.68746146
"0.15"	"0.6"	"0.75"	"0.01"	"0.005"	"0.01"	"100000"	"10000"	"200"	"979361964111829828"	35000	"slope"	-0.27176404
"0.15"	"0.6"	"0.75"	"0.01"	"0.005"	"0.01"	"100000"	"10000"	"200"	"979361964111829828"	35000	"intercept"	0.70642018
"0.15"	"0.6"	"0.75"	"0.01"	"0.005"	"0.01"	"100000"	"10000"	"200"	"979361964111829828"	40000	"slope"	-0.292619865
"0.15"	"0.6"	"0.75"	"0.01"	"0.005"	"0.01"	"100000"	"10000"	"200"	"979361964111829828"	40000	"intercept"	0.72025696
"0.15"	"0.6"	"0.75"	"0.01"	"0.005"	"0.01"	"100000"	"10000"	"200"	"979361964111829828"	45000	"slope"	-0.339878935
"0.15"	"0.6"	"0.75"	"0.01"	"0.005"	"0.01"	"100000"	"10000"	"200"	"979361964111829828"	45000	"intercept"	0.742262625
"0.15"	"0.6"	"0.75"	"0.01"	"0.005"	"0.01"	"100000"	"10000"	"200"	"979361964111829828"	50000	"slope"	-0.332957505
"0.15"	"0.6"	"0.75"	"0.01"	"0.005"	"0.01"	"100000"	"10000"	"200"	"979361964111829828"	50000	"intercept"	0.749658435
"0.15"	"0.6"	"0.75"	"0.01"	"0.005"	"0.01"	"100000"	"10000"	"200"	"979361964111829828"	55000	"slope"	-0.347735085
"0.15"	"0.6"	"0.75"	"0.01"	"0.005"	"0.01"	"100000"	"10000"	"200"	"979361964111829828"	55000	"intercept"	0.759076075
"0.15"	"0.6"	"0.75"	"0.01"	"0.005"	"0.01"	"100000"	"10000"	"200"	"979361964111829828"	60000	"slope"	-0.34584702
"0.15"	"0.6"	"0.75"	"0.01"	"0.005"	"0.01"	"100000"	"10000"	"200"	"979361964111829828"	60000	"intercept"	0.7611409
"0.15"	"0.6"	"0.75"	"0.01"	"0.005"	"0.01"	"100000"	"10000"	"200"	"979361964111829828"	65000	"slope"	-0.39440592
"0.15"	"0.6"	"0.75"	"0.01"	"0.005"	"0.01"	"100000"	"10000"	"200"	"979361964111829828"	65000	"intercept"	0.787350545
"0.15"	"0.6"	"0.75"	"0.01"	"0.005"	"0.01"	"100000"	"10000"	"200"	"979361964111829828"	70000	"slope"	-0.39533625
"0.15"	"0.6"	"0.75"	"0.01"	"0.005"	"0.01"	"100000"	"10000"	"200"	"979361964111829828"	70000	"intercept"	0.786543
"0.15"	"0.6"	"0.75"	"0.01"	"0.005"	"0.01"	"100000"	"10000"	"200"	"979361964111829828"	75000	"slope"	-0.417881945
"0.15"	"0.6"	"0.75"	"0.01"	"0.005"	"0.01"	"100000"	"10000"	"200"	"979361964111829828"	75000	"intercept"	0.81722623
"0.15"	"0.6"	"0.75"	"0.01"	"0.005"	"0.01"	"100000"	"10000"	"200"	"979361964111829828"	80000	"slope"	-0.435021135
"0.15"	"0.6"	"0.75"	"0.01"	"0.005"	"0.01"	"100000"	"10000"	"200"	"979361964111829828"	80000	"intercept"	0.810560055
"0.15"	"0.6"	"0.75"	"0.01"	"0.005"	"0.01"	"100000"	"10000"	"200"	"979361964111829828"	85000	"slope"	-0.47819747
"0.15"	"0.6"	"0.75"	"0.01"	"0.005"	"0.01"	"100000"	"10000"	"200"	"979361964111829828"	85000	"intercept"	0.84927783
"0.15"	"0.6"	"0.75"	"0.01"	"0.005"	"0.01"	"100000"	"10000"	"200"	"979361964111829828"	90000	"slope"	-0.507846345
"0.15"	"0.6"	"0.75"	"0.01"	"0.005"	"0.01"	"100000"	"10000"	"200"	"979361964111829828"	90000	"intercept"	0.87240759
"0.15"	"0.6"	"0.75"	"0.01"	"0.005"	"0.01"	"100000"	"10000"	"200"	"979361964111829828"	95000	"slope"	-0.53704639
"0.15"	"0.6"	"0.75"	"0.01"	"0.005"	"0.01"	"100000"	"10000"	"200"	"979361964111829828"	95000	"intercept"	0.88280724
"0.15"	"0.6"	"0.75"	"0.01"	"0.005"	"0.01"	"100000"	"10000"	"200"	"979361964111829828"	100000	"slope"	-0.508804865
"0.15"	"0.6"	"0.75"	"0.01"	"0.005"	"0.01"	"100000"	"10000"	"200"	"979361964111829828"	100000	"intercept"	0.863520285
"0.15"	"0.8"	"0.75"	"0.01"	"0.005"	"0.01"	"100000"	"10000"	"200"	"2507784091534635487"	10	"slope"	-0.0001570498
"0.15"	"0.8"	"0.75"	"0.01"	"0.005"	"0.01"	"100000"	"10000"	"200"	"2507784091534635487"	10	"intercept"	0.49980268
"0.15"	"0.8"	"0.75"	"0.01"	"0.005"	"0.01"	"100000"	"10000"	"200"	"2507784091534635487"	5000	"slope"	0.01190583993
"0.15"	"0.8"	"0.75"	"0.01"	"0.005"	"0.01"	"100000"	"10000"	"200"	"2507784091534635487"	5000	"intercept"	0.535564495
"0.15"	"0.8"	"0.75"	"0.01"	"0.005"	"0.01"	"100000"	"10000"	"200"	"2507784091534635487"	10000	"slope"	-0.017334486965
"0.15"	"0.8"	"0.75"	"0.01"	"0.005"	"0.01"	"100000"	"10000"	"200"	"2507784091534635487"	10000	"intercept"	0.53915126
"0.15"	"0.8"	"0.75"	"0.01"	"0.005"	"0.01"	"100000"	"10000"	"200"	"2507784091534635487"	15000	"slope"	0.000698444000000001
"0.15"	"0.8"	"0.75"	"0.01"	"0.005"	"0.01"	"100000"	"10000"	"200"	"2507784091534635487"	15000	"intercept"	0.550558925
"0.15"	"0.8"	"0.75"	"0.01"	"0.005"	"0.01"	"100000"	"10000"	"200"	"2507784091534635487"	20000	"slope"	-0.019358575
"0.15"	"0.8"	"0.75"	"0.01"	"0.005"	"0.01"	"100000"	"10000"	"200"	"2507784091534635487"	20000	"intercept"	0.55819294
"0.15"	"0.8"	"0.75"	"0.01"	"0.005"	"0.01"	"100000"	"10000"	"200"	"2507784091534635487"	25000	"slope"	-0.05493244
"0.15"	"0.8"	"0.75"	"0.01"	"0.005"	"0.01"	"100000"	"10000"	"200"	"2507784091534635487"	25000	"intercept"	0.586867985
"0.15"	"0.8"	"0.75"	"0.01"	"0.005"	"0.01"	"100000"	"10000"	"200"	"2507784091534635487"	30000	"slope"	-0.159296421
"0.15"	"0.8"	"0.75"	"0.01"	"0.005"	"0.01"	"100000"	"10000"	"200"	"2507784091534635487"	30000	"intercept"	0.53832759
"0.15"	"0.8"	"0.75"	"0.01"	"0.005"	"0.01"	"100000"	"10000"	"200"	"2507784091534635487"	35000	"slope"	-0.155840082
"0.15"	"0.8"	"0.75"	"0.01"	"0.005"	"0.01"	"100000"	"10000"	"200"	"2507784091534635487"	35000	"intercept"	0.59319894035
"0.15"	"0.8"	"0.75"	"0.01"	"0.005"	"0.01"	"100000"	"10000"	"200"	"2507784091534635487"	40000	"slope"	-0.1844818205
"0.15"	"0.8"	"0.75"	"0.01"	"0.005"	"0.01"	"100000"	"10000"	"200"	"2507784091534635487"	40000	"intercept"	0.58155209555
"0.15"	"0.8"	"0.75"	"0.01"	"0.005"	"0.01"	"100000"	"10000"	"200"	"2507784091534635487"	45000	"slope"	-0.248543121005
"0.15"	"0.8"	"0.75"	"0.01"	"0.005"	"0.01"	"100000"	"10000"	"200"	"2507784091534635487"	45000	"intercept"	0.612710766
"0.15"	"0.8"	"0.75"	"0.01"	"0.005"	"0.01"	"100000"	"10000"	"200"	"2507784091534635487"	50000	"slope"	-0.17285940945
"0.15"	"0.8"	"0.75"	"0.01"	"0.005"	"0.01"	"100000"	"10000"	"200"	"2507784091534635487"	50000	"intercept"	0.68297194
"0.15"	"0.8"	"0.75"	"0.01"	"0.005"	"0.01"	"100000"	"10000"	"200"	"2507784091534635487"	55000	"slope"	-0.2333189667
"0.15"	"0.8"	"0.75"	"0.01"	"0.005"	"0.01"	"100000"	"10000"	"200"	"2507784091534635487"	55000	"intercept"	0.627816605
"0.15"	"0.8"	"0.75"	"0.01"	"0.005"	"0.01"	"100000"	"10000"	"200"	"2507784091534635487"	60000	"slope"	-0.251751115615
"0.15"	"0.8"	"0.75"	"0.01"	"0.005"	"0.01"	"100000"	"10000"	"200"	"2507784091534635487"	60000	"intercept"	0.569712085
"0.15"	"0.8"	"0.75"	"0.01"	"0.005"	"0.01"	"100000"	"10000"	"200"	"2507784091534635487"	65000	"slope"	-0.2374105906
"0.15"	"0.8"	"0.75"	"0.01"	"0.005"	"0.01"	"100000"	"10000"	"200"	"2507784091534635487"	65000	"intercept"	0.661956095
"0.15"	"0.8"	"0.75"	"0.01"	"0.005"	"0.01"	"100000"	"10000"	"200"	"2507784091534635487"	70000	"slope"	-0.2308283555415
"0.15"	"0.8"	"0.75"	"0.01"	"0.005"	"0.01"	"100000"	"10000"	"200"	"2507784091534635487"	70000	"intercept"	0.706903885
"0.15"	"0.8"	"0.75"	"0.01"	"0.005"	"0.01"	"100000"	"10000"	"200"	"2507784091534635487"	75000	"slope"	-0.187387394845
"0.15"	"0.8"	"0.75"	"0.01"	"0.005"	"0.01"	"100000"	"10000"	"200"	"2507784091534635487"	75000	"intercept"	0.661414655
"0.15"	"0.8"	"0.75"	"0.01"	"0.005"	"0.01"	"100000"	"10000"	"200"	"2507784091534635487"	80000	"slope"	-0.11676775015
"0.15"	"0.8"	"0.75"	"0.01"	"0.005"	"0.01"	"100000"	"10000"	"200"	"2507784091534635487"	80000	"intercept"	0.71832885
"0.15"	"0.8"	"0.75"	"0.01"	"0.005"	"0.01"	"100000"	"10000"	"200"	"2507784091534635487"	85000	"slope"	-0.20948021035
"0.15"	"0.8"	"0.75"	"0.01"	"0.005"	"0.01"	"100000"	"10000"	"200"	"2507784091534635487"	85000	"intercept"	0.604852155
"0.15"	"0.8"	"0.75"	"0.01"	"0.005"	"0.01"	"100000"	"10000"	"200"	"2507784091534635487"	90000	"slope"	-0.09799023
"0.15"	"0.8"	"0.75"	"0.01"	"0.005"	"0.01"	"100000"	"10000"	"200"	"2507784091534635487"	90000	"intercept"	0.649316725
"0.15"	"0.8"	"0.75"	"0.01"	"0.005"	"0.01"	"100000"	"10000"	"200"	"2507784091534635487"	95000	"slope"	-0.106677557
"0.15"	"0.8"	"0.75"	"0.01"	"0.005"	"0.01"	"100000"	"10000"	"200"	"2507784091534635487"	95000	"intercept"	0.617182955
"0.15"	"0.8"	"0.75"	"0.01"	"0.005"	"0.01"	"100000"	"10000"	"200"	"2507784091534635487"	100000	"slope"	-0.094592448
"0.15"	"0.8"	"0.75"	"0.01"	"0.005"	"0.01"	"100000"	"10000"	"200"	"2507784091534635487"	100000	"intercept"	0.55085522
"0.15"	"0.8"	"0.75"	"0.01"	"0.005"	"0.01"	"100000"	"10000"	"200"	"5297166933555944630"	10	"slope"	-7.3935565e-05
"0.15"	"0.8"	"0.75"	"0.01"	"0.005"	"0.01"	"100000"	"10000"	"200"	"5297166933555944630"	10	"intercept"	0.50011784
"0.15"	"0.8"	"0.75"	"0.01"	"0.005"	"0.01"	"100000"	"10000"	"200"	"5297166933555944630"	5000	"slope"	0.003058718965
"0.15"	"0.8"	"0.75"	"0.01"	"0.005"	"0.01"	"100000"	"10000"	"200"	"5297166933555944630"	5000	"intercept"	0.527242375
"0.15"	"0.8"	"0.75"	"0.01"	"0.005"	"0.01"	"100000"	"10000"	"200"	"5297166933555944630"	10000	"slope"	-0.0120114288675
"0.15"	"0.8"	"0.75"	"0.01"	"0.005"	"0.01"	"100000"	"10000"	"200"	"5297166933555944630"	10000	"intercept"	0.54404462
"0.15"	"0.8"	"0.75"	"0.01"	"0.005"	"0.01"	"100000"	"10000"	"200"	"5297166933555944630"	15000	"slope"	-0.0366981425
"0.15"	"0.8"	"0.75"	"0.01"	"0.005"	"0.01"	"100000"	"10000"	"200"	"5297166933555944630"	15000	"intercept"	0.535663135
"0.15"	"0.8"	"0.75"	"0.01"	"0.005"	"0.01"	"100000"	"10000"	"200"	"5297166933555944630"	20000	"slope"	-0.037959795
"0.15"	"0.8"	"0.75"	"0.01"	"0.005"	"0.01"	"100000"	"10000"	"200"	"5297166933555944630"	20000	"intercept"	0.536112565
"0.15"	"0.8"	"0.75"	"0.01"	"0.005"	"0.01"	"100000"	"10000"	"200"	"5297166933555944630"	25000	"slope"	-0.041632085
"0.15"	"0.8"	"0.75"	"0.01"	"0.005"	"0.01"	"100000"	"10000"	"200"	"5297166933555944630"	25000	"intercept"	0.538289364
"0.15"	"0.8"	"0.75"	"0.01"	"0.005"	"0.01"	"100000"	"10000"	"200"	"5297166933555944630"	30000	"slope"	-0.078272474
"0.15"	"0.8"	"0.75"	"0.01"	"0.005"	"0.01"	"100000"	"10000"	"200"	"5297166933555944630"	30000	"intercept"	0.537969345
"0.15"	"0.8"	"0.75"	"0.01"	"0.005"	"0.01"	"100000"	"10000"	"200"	"5297166933555944630"	35000	"slope"	-0.149854233
"0.15"	"0.8"	"0.75"	"0.01"	"0.005"	"0.01"	"100000"	"10000"	"200"	"5297166933555944630"	35000	"intercept"	0.56567668965
"0.15"	"0.8"	"0.75"	"0.01"	"0.005"	"0.01"	"100000"	"10000"	"200"	"5297166933555944630"	40000	"slope"	-0.17413953295
"0.15"	"0.8"	"0.75"	"0.01"	"0.005"	"0.01"	"100000"	"10000"	"200"	"5297166933555944630"	40000	"intercept"	0.549608171
"0.15"	"0.8"	"0.75"	"0.01"	"0.005"	"0.01"	"100000"	"10000"	"200"	"5297166933555944630"	45000	"slope"	-0.15170625
"0.15"	"0.8"	"0.75"	"0.01"	"0.005"	"0.01"	"100000"	"10000"	"200"	"5297166933555944630"	45000	"intercept"	0.642357755
"0.15"	"0.8"	"0.75"	"0.01"	"0.005"	"0.01"	"100000"	"10000"	"200"	"5297166933555944630"	50000	"slope"	-0.147572253
"0.15"	"0.8"	"0.75"	"0.01"	"0.005"	"0.01"	"100000"	"10000"	"200"	"5297166933555944630"	50000	"intercept"	0.679010935
"0.15"	"0.8"	"0.75"	"0.01"	"0.005"	"0.01"	"100000"	"10000"	"200"	"5297166933555944630"	55000	"slope"	-0.187518970115
"0.15"	"0.8"	"0.75"	"0.01"	"0.005"	"0.01"	"100000"	"10000"	"200"	"5297166933555944630"	55000	"intercept"	0.665207675
"0.15"	"0.8"	"0.75"	"0.01"	"0.005"	"0.01"	"100000"	"10000"	"200"	"5297166933555944630"	60000	"slope"	-0.1520120032
"0.15"	"0.8"	"0.75"	"0.01"	"0.005"	"0.01"	"100000"	"10000"	"200"	"5297166933555944630"	60000	"intercept"	0.65951525
"0.15"	"0.8"	"0.75"	"0.01"	"0.005"	"0.01"	"100000"	"10000"	"200"	"5297166933555944630"	65000	"slope"	-0.10492914
"0.15"	"0.8"	"0.75"	"0.01"	"0.005"	"0.01"	"100000"	"10000"	"200"	"5297166933555944630"	65000	"intercept"	0.68094959
"0.15"	"0.8"	"0.75"	"0.01"	"0.005"	"0.01"	"100000"	"10000"	"200"	"5297166933555944630"	70000	"slope"	-0.09744217435
"0.15"	"0.8"	"0.75"	"0.01"	"0.005"	"0.01"	"100000"	"10000"	"200"	"5297166933555944630"	70000	"intercept"	0.62738041
"0.15"	"0.8"	"0.75"	"0.01"	"0.005"	"0.01"	"100000"	"10000"	"200"	"5297166933555944630"	75000	"slope"	-0.156546378
"0.15"	"0.8"	"0.75"	"0.01"	"0.005"	"0.01"	"100000"	"10000"	"200"	"5297166933555944630"	75000	"intercept"	0.55501596
"0.15"	"0.8"	"0.75"	"0.01"	"0.005"	"0.01"	"100000"	"10000"	"200"	"5297166933555944630"	80000	"slope"	-0.1198276335
"0.15"	"0.8"	"0.75"	"0.01"	"0.005"	"0.01"	"100000"	"10000"	"200"	"5297166933555944630"	80000	"intercept"	0.600061625
"0.15"	"0.8"	"0.75"	"0.01"	"0.005"	"0.01"	"100000"	"10000"	"200"	"5297166933555944630"	85000	"slope"	-0.08881817005
"0.15"	"0.8"	"0.75"	"0.01"	"0.005"	"0.01"	"100000"	"10000"	"200"	"5297166933555944630"	85000	"intercept"	0.603215555
"0.15"	"0.8"	"0.75"	"0.01"	"0.005"	"0.01"	"100000"	"10000"	"200"	"5297166933555944630"	90000	"slope"	-0.1190943576
"0.15"	"0.8"	"0.75"	"0.01"	"0.005"	"0.01"	"100000"	"10000"	"200"	"5297166933555944630"	90000	"intercept"	0.522575875
"0.15"	"0.8"	"0.75"	"0.01"	"0.005"	"0.01"	"100000"	"10000"	"200"	"5297166933555944630"	95000	"slope"	-0.05226273745
"0.15"	"0.8"	"0.75"	"0.01"	"0.005"	"0.01"	"100000"	"10000"	"200"	"5297166933555944630"	95000	"intercept"	0.71239417
"0.15"	"0.8"	"0.75"	"0.01"	"0.005"	"0.01"	"100000"	"10000"	"200"	"5297166933555944630"	100000	"slope"	-0.060372438
"0.15"	"0.8"	"0.75"	"0.01"	"0.005"	"0.01"	"100000"	"10000"	"200"	"5297166933555944630"	100000	"intercept"	0.685002305
"0.15"	"0.8"	"0.75"	"0.01"	"0.005"	"0.01"	"100000"	"10000"	"200"	"6930086222201339681"	10	"slope"	0.00011646515
"0.15"	"0.8"	"0.75"	"0.01"	"0.005"	"0.01"	"100000"	"10000"	"200"	"6930086222201339681"	10	"intercept"	0.500050355
"0.15"	"0.8"	"0.75"	"0.01"	"0.005"	"0.01"	"100000"	"10000"	"200"	"6930086222201339681"	5000	"slope"	-0.0060986022
"0.15"	"0.8"	"0.75"	"0.01"	"0.005"	"0.01"	"100000"	"10000"	"200"	"6930086222201339681"	5000	"intercept"	0.53979212
"0.15"	"0.8"	"0.75"	"0.01"	"0.005"	"0.01"	"100000"	"10000"	"200"	"6930086222201339681"	10000	"slope"	-0.0697090136
"0.15"	"0.8"	"0.75"	"0.01"	"0.005"	"0.01"	"100000"	"10000"	"200"	"6930086222201339681"	10000	"intercept"	0.574333295
"0.15"	"0.8"	"0.75"	"0.01"	"0.005"	"0.01"	"100000"	"10000"	"200"	"6930086222201339681"	15000	"slope"	-0.11085505755
"0.15"	"0.8"	"0.75"	"0.01"	"0.005"	"0.01"	"100000"	"10000"	"200"	"6930086222201339681"	15000	"intercept"	0.600882495
"0.15"	"0.8"	"0.75"	"0.01"	"0.005"	"0.01"	"100000"	"10000"	"200"	"6930086222201339681"	20000	"slope"	-0.125142905
"0.15"	"0.8"	"0.75"	"0.01"	"0.005"	"0.01"	"100000"	"10000"	"200"	"6930086222201339681"	20000	"intercept"	0.622854635
"0.15"	"0.8"	"0.75"	"0.01"	"0.005"	"0.01"	"100000"	"10000"	"200"	"6930086222201339681"	25000	"slope"	-0.19115622425
"0.15"	"0.8"	"0.75"	"0.01"	"0.005"	"0.01"	"100000"	"10000"	"200"	"6930086222201339681"	25000	"intercept"	0.670856685
"0.15"	"0.8"	"0.75"	"0.01"	"0.005"	"0.01"	"100000"	"10000"	"200"	"6930086222201339681"	30000	"slope"	-0.20108574744
"0.15"	"0.8"	"0.75"	"0.01"	"0.005"	"0.01"	"100000"	"10000"	"200"	"6930086222201339681"	30000	"intercept"	0.676405195
"0.15"	"0.8"	"0.75"	"0.01"	"0.005"	"0.01"	"100000"	"10000"	"200"	"6930086222201339681"	35000	"slope"	-0.25724505635
"0.15"	"0.8"	"0.75"	"0.01"	"0.005"	"0.01"	"100000"	"10000"	"200"	"6930086222201339681"	35000	"intercept"	0.6241427475
"0.15"	"0.8"	"0.75"	"0.01"	"0.005"	"0.01"	"100000"	"10000"	"200"	"6930086222201339681"	40000	"slope"	-0.28716808165
"0.15"	"0.8"	"0.75"	"0.01"	"0.005"	"0.01"	"100000"	"10000"	"200"	"6930086222201339681"	40000	"intercept"	0.64572902935
"0.15"	"0.8"	"0.75"	"0.01"	"0.005"	"0.01"	"100000"	"10000"	"200"	"6930086222201339681"	45000	"slope"	-0.28255930105
"0.15"	"0.8"	"0.75"	"0.01"	"0.005"	"0.01"	"100000"	"10000"	"200"	"6930086222201339681"	45000	"intercept"	0.6822824139
"0.15"	"0.8"	"0.75"	"0.01"	"0.005"	"0.01"	"100000"	"10000"	"200"	"6930086222201339681"	50000	"slope"	-0.2341438506
"0.15"	"0.8"	"0.75"	"0.01"	"0.005"	"0.01"	"100000"	"10000"	"200"	"6930086222201339681"	50000	"intercept"	0.685522615
"0.15"	"0.8"	"0.75"	"0.01"	"0.005"	"0.01"	"100000"	"10000"	"200"	"6930086222201339681"	55000	"slope"	-0.21463410524
"0.15"	"0.8"	"0.75"	"0.01"	"0.005"	"0.01"	"100000"	"10000"	"200"	"6930086222201339681"	55000	"intercept"	0.671219425
"0.15"	"0.8"	"0.75"	"0.01"	"0.005"	"0.01"	"100000"	"10000"	"200"	"6930086222201339681"	60000	"slope"	-0.2019870642
"0.15"	"0.8"	"0.75"	"0.01"	"0.005"	"0.01"	"100000"	"10000"	"200"	"6930086222201339681"	60000	"intercept"	0.63352734
"0.15"	"0.8"	"0.75"	"0.01"	"0.005"	"0.01"	"100000"	"10000"	"200"	"6930086222201339681"	65000	"slope"	-0.12659107775
"0.15"	"0.8"	"0.75"	"0.01"	"0.005"	"0.01"	"100000"	"10000"	"200"	"6930086222201339681"	65000	"intercept"	0.73698129
"0.15"	"0.8"	"0.75"	"0.01"	"0.005"	"0.01"	"100000"	"10000"	"200"	"6930086222201339681"	70000	"slope"	-0.19446024755
"0.15"	"0.8"	"0.75"	"0.01"	"0.005"	"0.01"	"100000"	"10000"	"200"	"6930086222201339681"	70000	"intercept"	0.698186095
"0.15"	"0.8"	"0.75"	"0.01"	"0.005"	"0.01"	"100000"	"10000"	"200"	"6930086222201339681"	75000	"slope"	-0.24080468455
"0.15"	"0.8"	"0.75"	"0.01"	"0.005"	"0.01"	"100000"	"10000"	"200"	"6930086222201339681"	75000	"intercept"	0.637973635
"0.15"	"0.8"	"0.75"	"0.01"	"0.005"	"0.01"	"100000"	"10000"	"200"	"6930086222201339681"	80000	"slope"	-0.235485448324
"0.15"	"0.8"	"0.75"	"0.01"	"0.005"	"0.01"	"100000"	"10000"	"200"	"6930086222201339681"	80000	"intercept"	0.557336035
"0.15"	"0.8"	"0.75"	"0.01"	"0.005"	"0.01"	"100000"	"10000"	"200"	"6930086222201339681"	85000	"slope"	-0.1627907238
"0.15"	"0.8"	"0.75"	"0.01"	"0.005"	"0.01"	"100000"	"10000"	"200"	"6930086222201339681"	85000	"intercept"	0.61122004
"0.15"	"0.8"	"0.75"	"0.01"	"0.005"	"0.01"	"100000"	"10000"	"200"	"6930086222201339681"	90000	"slope"	-0.1397206054
"0.15"	"0.8"	"0.75"	"0.01"	"0.005"	"0.01"	"100000"	"10000"	"200"	"6930086222201339681"	90000	"intercept"	0.660048105
"0.15"	"0.8"	"0.75"	"0.01"	"0.005"	"0.01"	"100000"	"10000"	"200"	"6930086222201339681"	95000	"slope"	-0.18420459549
"0.15"	"0.8"	"0.75"	"0.01"	"0.005"	"0.01"	"100000"	"10000"	"200"	"6930086222201339681"	95000	"intercept"	0.547131985
"0.15"	"0.8"	"0.75"	"0.01"	"0.005"	"0.01"	"100000"	"10000"	"200"	"6930086222201339681"	100000	"slope"	-0.105094078
"0.15"	"0.8"	"0.75"	"0.01"	"0.005"	"0.01"	"100000"	"10000"	"200"	"6930086222201339681"	100000	"intercept"	0.625312595
"0.25"	"0.0"	"0.75"	"0.01"	"0.005"	"0.01"	"100000"	"10000"	"200"	"3636830883167734637"	10	"slope"	7.2664165e-05
"0.25"	"0.0"	"0.75"	"0.01"	"0.005"	"0.01"	"100000"	"10000"	"200"	"3636830883167734637"	10	"intercept"	0.49980353
"0.25"	"0.0"	"0.75"	"0.01"	"0.005"	"0.01"	"100000"	"10000"	"200"	"3636830883167734637"	5000	"slope"	0.00602074261
"0.25"	"0.0"	"0.75"	"0.01"	"0.005"	"0.01"	"100000"	"10000"	"200"	"3636830883167734637"	5000	"intercept"	0.569892625
"0.25"	"0.0"	"0.75"	"0.01"	"0.005"	"0.01"	"100000"	"10000"	"200"	"3636830883167734637"	10000	"slope"	-0.020088007475
"0.25"	"0.0"	"0.75"	"0.01"	"0.005"	"0.01"	"100000"	"10000"	"200"	"3636830883167734637"	10000	"intercept"	0.57969
"0.25"	"0.0"	"0.75"	"0.01"	"0.005"	"0.01"	"100000"	"10000"	"200"	"3636830883167734637"	15000	"slope"	-0.03608816823
"0.25"	"0.0"	"0.75"	"0.01"	"0.005"	"0.01"	"100000"	"10000"	"200"	"3636830883167734637"	15000	"intercept"	0.598811355
"0.25"	"0.0"	"0.75"	"0.01"	"0.005"	"0.01"	"100000"	"10000"	"200"	"3636830883167734637"	20000	"slope"	-0.00172506343
"0.25"	"0.0"	"0.75"	"0.01"	"0.005"	"0.01"	"100000"	"10000"	"200"	"3636830883167734637"	20000	"intercept"	0.57262291
"0.25"	"0.0"	"0.75"	"0.01"	"0.005"	"0.01"	"100000"	"10000"	"200"	"3636830883167734637"	25000	"slope"	-0.01308346005
"0.25"	"0.0"	"0.75"	"0.01"	"0.005"	"0.01"	"100000"	"10000"	"200"	"3636830883167734637"	25000	"intercept"	0.57761179
"0.25"	"0.0"	"0.75"	"0.01"	"0.005"	"0.01"	"100000"	"10000"	"200"	"3636830883167734637"	30000	"slope"	-0.033203109615
"0.25"	"0.0"	"0.75"	"0.01"	"0.005"	"0.01"	"100000"	"10000"	"200"	"3636830883167734637"	30000	"intercept"	0.5965962
"0.25"	"0.0"	"0.75"	"0.01"	"0.005"	"0.01"	"100000"	"10000"	"200"	"3636830883167734637"	35000	"slope"	-0.02008280654
"0.25"	"0.0"	"0.75"	"0.01"	"0.005"	"0.01"	"100000"	"10000"	"200"	"3636830883167734637"	35000	"intercept"	0.58539218
"0.25"	"0.0"	"0.75"	"0.01"	"0.005"	"0.01"	"100000"	"10000"	"200"	"3636830883167734637"	40000	"slope"	-0.070962811
"0.25"	"0.0"	"0.75"	"0.01"	"0.005"	"0.01"	"100000"	"10000"	"200"	"3636830883167734637"	40000	"intercept"	0.611126885
"0.25"	"0.0"	"0.75"	"0.01"	"0.005"	"0.01"	"100000"	"10000"	"200"	"3636830883167734637"	45000	"slope"	-0.070620358
"0.25"	"0.0"	"0.75"	"0.01"	"0.005"	"0.01"	"100000"	"10000"	"200"	"3636830883167734637"	45000	"intercept"	0.61621229
"0.25"	"0.0"	"0.75"	"0.01"	"0.005"	"0.01"	"100000"	"10000"	"200"	"3636830883167734637"	50000	"slope"	-0.044230003685
"0.25"	"0.0"	"0.75"	"0.01"	"0.005"	"0.01"	"100000"	"10000"	"200"	"3636830883167734637"	50000	"intercept"	0.60172848
"0.25"	"0.0"	"0.75"	"0.01"	"0.005"	"0.01"	"100000"	"10000"	"200"	"3636830883167734637"	55000	"slope"	0.005506523945
"0.25"	"0.0"	"0.75"	"0.01"	"0.005"	"0.01"	"100000"	"10000"	"200"	"3636830883167734637"	55000	"intercept"	0.56588248
"0.25"	"0.0"	"0.75"	"0.01"	"0.005"	"0.01"	"100000"	"10000"	"200"	"3636830883167734637"	60000	"slope"	0.00179477386
"0.25"	"0.0"	"0.75"	"0.01"	"0.005"	"0.01"	"100000"	"10000"	"200"	"3636830883167734637"	60000	"intercept"	0.55888971
"0.25"	"0.0"	"0.75"	"0.01"	"0.005"	"0.01"	"100000"	"10000"	"200"	"3636830883167734637"	65000	"slope"	-0.07192139144
"0.25"	"0.0"	"0.75"	"0.01"	"0.005"	"0.01"	"100000"	"10000"	"200"	"3636830883167734637"	65000	"intercept"	0.62343162
"0.25"	"0.0"	"0.75"	"0.01"	"0.005"	"0.01"	"100000"	"10000"	"200"	"3636830883167734637"	70000	"slope"	-0.0599643788
"0.25"	"0.0"	"0.75"	"0.01"	"0.005"	"0.01"	"100000"	"10000"	"200"	"3636830883167734637"	70000	"intercept"	0.61333905
"0.25"	"0.0"	"0.75"	"0.01"	"0.005"	"0.01"	"100000"	"10000"	"200"	"3636830883167734637"	75000	"slope"	-0.02937950198
"0.25"	"0.0"	"0.75"	"0.01"	"0.005"	"0.01"	"100000"	"10000"	"200"	"3636830883167734637"	75000	"intercept"	0.590307115
"0.25"	"0.0"	"0.75"	"0.01"	"0.005"	"0.01"	"100000"	"10000"	"200"	"3636830883167734637"	80000	"slope"	-0.0302127747
"0.25"	"0.0"	"0.75"	"0.01"	"0.005"	"0.01"	"100000"	"10000"	"200"	"3636830883167734637"	80000	"intercept"	0.58389253
"0.25"	"0.0"	"0.75"	"0.01"	"0.005"	"0.01"	"100000"	"10000"	"200"	"3636830883167734637"	85000	"slope"	-0.051891181775
"0.25"	"0.0"	"0.75"	"0.01"	"0.005"	"0.01"	"100000"	"10000"	"200"	"3636830883167734637"	85000	"intercept"	0.606938535
"0.25"	"0.0"	"0.75"	"0.01"	"0.005"	"0.01"	"100000"	"10000"	"200"	"3636830883167734637"	90000	"slope"	-0.04814951761
"0.25"	"0.0"	"0.75"	"0.01"	"0.005"	"0.01"	"100000"	"10000"	"200"	"3636830883167734637"	90000	"intercept"	0.61034322
"0.25"	"0.0"	"0.75"	"0.01"	"0.005"	"0.01"	"100000"	"10000"	"200"	"3636830883167734637"	95000	"slope"	-0.04436597905
"0.25"	"0.0"	"0.75"	"0.01"	"0.005"	"0.01"	"100000"	"10000"	"200"	"3636830883167734637"	95000	"intercept"	0.59975619
"0.25"	"0.0"	"0.75"	"0.01"	"0.005"	"0.01"	"100000"	"10000"	"200"	"3636830883167734637"	100000	"slope"	0.00702451613
"0.25"	"0.0"	"0.75"	"0.01"	"0.005"	"0.01"	"100000"	"10000"	"200"	"3636830883167734637"	100000	"intercept"	0.55779214
"0.25"	"0.0"	"0.75"	"0.01"	"0.005"	"0.01"	"100000"	"10000"	"200"	"8288036595561247705"	10	"slope"	-0.0003053611
"0.25"	"0.0"	"0.75"	"0.01"	"0.005"	"0.01"	"100000"	"10000"	"200"	"8288036595561247705"	10	"intercept"	0.499914555
"0.25"	"0.0"	"0.75"	"0.01"	"0.005"	"0.01"	"100000"	"10000"	"200"	"8288036595561247705"	5000	"slope"	0.017041145485
"0.25"	"0.0"	"0.75"	"0.01"	"0.005"	"0.01"	"100000"	"10000"	"200"	"8288036595561247705"	5000	"intercept"	0.559200585
"0.25"	"0.0"	"0.75"	"0.01"	"0.005"	"0.01"	"100000"	"10000"	"200"	"8288036595561247705"	10000	"slope"	-0.0065651682825
"0.25"	"0.0"	"0.75"	"0.01"	"0.005"	"0.01"	"100000"	"10000"	"200"	"8288036595561247705"	10000	"intercept"	0.57458571
"0.25"	"0.0"	"0.75"	"0.01"	"0.005"	"0.01"	"100000"	"10000"	"200"	"8288036595561247705"	15000	"slope"	-0.04956238238
"0.25"	"0.0"	"0.75"	"0.01"	"0.005"	"0.01"	"100000"	"10000"	"200"	"8288036595561247705"	15000	"intercept"	0.60021432
"0.25"	"0.0"	"0.75"	"0.01"	"0.005"	"0.01"	"100000"	"10000"	"200"	"8288036595561247705"	20000	"slope"	-0.1254134755
"0.25"	"0.0"	"0.75"	"0.01"	"0.005"	"0.01"	"100000"	"10000"	"200"	"8288036595561247705"	20000	"intercept"	0.658731515
"0.25"	"0.0"	"0.75"	"0.01"	"0.005"	"0.01"	"100000"	"10000"	"200"	"8288036595561247705"	25000	"slope"	-0.08448605625
"0.25"	"0.0"	"0.75"	"0.01"	"0.005"	"0.01"	"100000"	"10000"	"200"	"8288036595561247705"	25000	"intercept"	0.62139285
"0.25"	"0.0"	"0.75"	"0.01"	"0.005"	"0.01"	"100000"	"10000"	"200"	"8288036595561247705"	30000	"slope"	-0.075396127498
"0.25"	"0.0"	"0.75"	"0.01"	"0.005"	"0.01"	"100000"	"10000"	"200"	"8288036595561247705"	30000	"intercept"	0.613613355
"0.25"	"0.0"	"0.75"	"0.01"	"0.005"	"0.01"	"100000"	"10000"	"200"	"8288036595561247705"	35000	"slope"	-0.0824426452
"0.25"	"0.0"	"0.75"	"0.01"	"0.005"	"0.01"	"100000"	"10000"	"200"	"8288036595561247705"	35000	"intercept"	0.6298976
"0.25"	"0.0"	"0.75"	"0.01"	"0.005"	"0.01"	"100000"	"10000"	"200"	"8288036595561247705"	40000	"slope"	-0.10749227701
"0.25"	"0.0"	"0.75"	"0.01"	"0.005"	"0.01"	"100000"	"10000"	"200"	"8288036595561247705"	40000	"intercept"	0.64218493
"0.25"	"0.0"	"0.75"	"0.01"	"0.005"	"0.01"	"100000"	"10000"	"200"	"8288036595561247705"	45000	"slope"	-0.106676388
"0.25"	"0.0"	"0.75"	"0.01"	"0.005"	"0.01"	"100000"	"10000"	"200"	"8288036595561247705"	45000	"intercept"	0.64850942
"0.25"	"0.0"	"0.75"	"0.01"	"0.005"	"0.01"	"100000"	"10000"	"200"	"8288036595561247705"	50000	"slope"	-0.1043726732
"0.25"	"0.0"	"0.75"	"0.01"	"0.005"	"0.01"	"100000"	"10000"	"200"	"8288036595561247705"	50000	"intercept"	0.639223675
"0.25"	"0.0"	"0.75"	"0.01"	"0.005"	"0.01"	"100000"	"10000"	"200"	"8288036595561247705"	55000	"slope"	-0.12260607445
"0.25"	"0.0"	"0.75"	"0.01"	"0.005"	"0.01"	"100000"	"10000"	"200"	"8288036595561247705"	55000	"intercept"	0.65856774
"0.25"	"0.0"	"0.75"	"0.01"	"0.005"	"0.01"	"100000"	"10000"	"200"	"8288036595561247705"	60000	"slope"	-0.09226603355
"0.25"	"0.0"	"0.75"	"0.01"	"0.005"	"0.01"	"100000"	"10000"	"200"	"8288036595561247705"	60000	"intercept"	0.6296993
"0.25"	"0.0"	"0.75"	"0.01"	"0.005"	"0.01"	"100000"	"10000"	"200"	"8288036595561247705"	65000	"slope"	-0.05084670885
"0.25"	"0.0"	"0.75"	"0.01"	"0.005"	"0.01"	"100000"	"10000"	"200"	"8288036595561247705"	65000	"intercept"	0.61012399
"0.25"	"0.0"	"0.75"	"0.01"	"0.005"	"0.01"	"100000"	"10000"	"200"	"8288036595561247705"	70000	"slope"	-0.03180652555
"0.25"	"0.0"	"0.75"	"0.01"	"0.005"	"0.01"	"100000"	"10000"	"200"	"8288036595561247705"	70000	"intercept"	0.596443405
"0.25"	"0.0"	"0.75"	"0.01"	"0.005"	"0.01"	"100000"	"10000"	"200"	"8288036595561247705"	75000	"slope"	-0.0530963095
"0.25"	"0.0"	"0.75"	"0.01"	"0.005"	"0.01"	"100000"	"10000"	"200"	"8288036595561247705"	75000	"intercept"	0.60707278
"0.25"	"0.0"	"0.75"	"0.01"	"0.005"	"0.01"	"100000"	"10000"	"200"	"8288036595561247705"	80000	"slope"	-0.084086949805
"0.25"	"0.0"	"0.75"	"0.01"	"0.005"	"0.01"	"100000"	"10000"	"200"	"8288036595561247705"	80000	"intercept"	0.6284077
"0.25"	"0.0"	"0.75"	"0.01"	"0.005"	"0.01"	"100000"	"10000"	"200"	"8288036595561247705"	85000	"slope"	-0.114929425
"0.25"	"0.0"	"0.75"	"0.01"	"0.005"	"0.01"	"100000"	"10000"	"200"	"8288036595561247705"	85000	"intercept"	0.65604209
"0.25"	"0.0"	"0.75"	"0.01"	"0.005"	"0.01"	"100000"	"10000"	"200"	"8288036595561247705"	90000	"slope"	-0.09805896035
"0.25"	"0.0"	"0.75"	"0.01"	"0.005"	"0.01"	"100000"	"10000"	"200"	"8288036595561247705"	90000	"intercept"	0.635464745
"0.25"	"0.0"	"0.75"	"0.01"	"0.005"	"0.01"	"100000"	"10000"	"200"	"8288036595561247705"	95000	"slope"	-0.04681228662
"0.25"	"0.0"	"0.75"	"0.01"	"0.005"	"0.01"	"100000"	"10000"	"200"	"8288036595561247705"	95000	"intercept"	0.6094009
"0.25"	"0.0"	"0.75"	"0.01"	"0.005"	"0.01"	"100000"	"10000"	"200"	"8288036595561247705"	100000	"slope"	-0.02142943065
"0.25"	"0.0"	"0.75"	"0.01"	"0.005"	"0.01"	"100000"	"10000"	"200"	"8288036595561247705"	100000	"intercept"	0.58039679
"0.25"	"0.0"	"0.75"	"0.01"	"0.005"	"0.01"	"100000"	"10000"	"200"	"8636827207177314515"	10	"slope"	2.8922497e-05
"0.25"	"0.0"	"0.75"	"0.01"	"0.005"	"0.01"	"100000"	"10000"	"200"	"8636827207177314515"	10	"intercept"	0.500019625
"0.25"	"0.0"	"0.75"	"0.01"	"0.005"	"0.01"	"100000"	"10000"	"200"	"8636827207177314515"	5000	"slope"	0.005067773525
"0.25"	"0.0"	"0.75"	"0.01"	"0.005"	"0.01"	"100000"	"10000"	"200"	"8636827207177314515"	5000	"intercept"	0.57351461
"0.25"	"0.0"	"0.75"	"0.01"	"0.005"	"0.01"	"100000"	"10000"	"200"	"8636827207177314515"	10000	"slope"	0.007488760355
"0.25"	"0.0"	"0.75"	"0.01"	"0.005"	"0.01"	"100000"	"10000"	"200"	"8636827207177314515"	10000	"intercept"	0.56596989
"0.25"	"0.0"	"0.75"	"0.01"	"0.005"	"0.01"	"100000"	"10000"	"200"	"8636827207177314515"	15000	"slope"	0.01425916841
"0.25"	"0.0"	"0.75"	"0.01"	"0.005"	"0.01"	"100000"	"10000"	"200"	"8636827207177314515"	15000	"intercept"	0.55620705
"0.25"	"0.0"	"0.75"	"0.01"	"0.005"	"0.01"	"100000"	"10000"	"200"	"8636827207177314515"	20000	"slope"	0.00412901426
"0.25"	"0.0"	"0.75"	"0.01"	"0.005"	"0.01"	"100000"	"10000"	"200"	"8636827207177314515"	20000	"intercept"	0.57576897
"0.25"	"0.0"	"0.75"	"0.01"	"0.005"	"0.01"	"100000"	"10000"	"200"	"8636827207177314515"	25000	"slope"	-0.006201394995
"0.25"	"0.0"	"0.75"	"0.01"	"0.005"	"0.01"	"100000"	"10000"	"200"	"8636827207177314515"	25000	"intercept"	0.5789353
"0.25"	"0.0"	"0.75"	"0.01"	"0.005"	"0.01"	"100000"	"10000"	"200"	"8636827207177314515"	30000	"slope"	-0.0624881903
"0.25"	"0.0"	"0.75"	"0.01"	"0.005"	"0.01"	"100000"	"10000"	"200"	"8636827207177314515"	30000	"intercept"	0.607119645
"0.25"	"0.0"	"0.75"	"0.01"	"0.005"	"0.01"	"100000"	"10000"	"200"	"8636827207177314515"	35000	"slope"	-0.045052492755
"0.25"	"0.0"	"0.75"	"0.01"	"0.005"	"0.01"	"100000"	"10000"	"200"	"8636827207177314515"	35000	"intercept"	0.61170903
"0.25"	"0.0"	"0.75"	"0.01"	"0.005"	"0.01"	"100000"	"10000"	"200"	"8636827207177314515"	40000	"slope"	-0.0564780695
"0.25"	"0.0"	"0.75"	"0.01"	"0.005"	"0.01"	"100000"	"10000"	"200"	"8636827207177314515"	40000	"intercept"	0.61345472
"0.25"	"0.0"	"0.75"	"0.01"	"0.005"	"0.01"	"100000"	"10000"	"200"	"8636827207177314515"	45000	"slope"	-0.0550826605
"0.25"	"0.0"	"0.75"	"0.01"	"0.005"	"0.01"	"100000"	"10000"	"200"	"8636827207177314515"	45000	"intercept"	0.607812815
"0.25"	"0.0"	"0.75"	"0.01"	"0.005"	"0.01"	"100000"	"10000"	"200"	"8636827207177314515"	50000	"slope"	-0.0906530273
"0.25"	"0.0"	"0.75"	"0.01"	"0.005"	"0.01"	"100000"	"10000"	"200"	"8636827207177314515"	50000	"intercept"	0.6289087
"0.25"	"0.0"	"0.75"	"0.01"	"0.005"	"0.01"	"100000"	"10000"	"200"	"8636827207177314515"	55000	"slope"	-0.0940198975
"0.25"	"0.0"	"0.75"	"0.01"	"0.005"	"0.01"	"100000"	"10000"	"200"	"8636827207177314515"	55000	"intercept"	0.631726445
"0.25"	"0.0"	"0.75"	"0.01"	"0.005"	"0.01"	"100000"	"10000"	"200"	"8636827207177314515"	60000	"slope"	-0.07216241765
"0.25"	"0.0"	"0.75"	"0.01"	"0.005"	"0.01"	"100000"	"10000"	"200"	"8636827207177314515"	60000	"intercept"	0.622354245
"0.25"	"0.0"	"0.75"	"0.01"	"0.005"	"0.01"	"100000"	"10000"	"200"	"8636827207177314515"	65000	"slope"	-0.034545986525
"0.25"	"0.0"	"0.75"	"0.01"	"0.005"	"0.01"	"100000"	"10000"	"200"	"8636827207177314515"	65000	"intercept"	0.591962655
"0.25"	"0.0"	"0.75"	"0.01"	"0.005"	"0.01"	"100000"	"10000"	"200"	"8636827207177314515"	70000	"slope"	-0.008383679
"0.25"	"0.0"	"0.75"	"0.01"	"0.005"	"0.01"	"100000"	"10000"	"200"	"8636827207177314515"	70000	"intercept"	0.57717243
"0.25"	"0.0"	"0.75"	"0.01"	"0.005"	"0.01"	"100000"	"10000"	"200"	"8636827207177314515"	75000	"slope"	-0.03905433285
"0.25"	"0.0"	"0.75"	"0.01"	"0.005"	"0.01"	"100000"	"10000"	"200"	"8636827207177314515"	75000	"intercept"	0.586586005
"0.25"	"0.0"	"0.75"	"0.01"	"0.005"	"0.01"	"100000"	"10000"	"200"	"8636827207177314515"	80000	"slope"	-0.05603383416
"0.25"	"0.0"	"0.75"	"0.01"	"0.005"	"0.01"	"100000"	"10000"	"200"	"8636827207177314515"	80000	"intercept"	0.606334585
"0.25"	"0.0"	"0.75"	"0.01"	"0.005"	"0.01"	"100000"	"10000"	"200"	"8636827207177314515"	85000	"slope"	-0.0639298729
"0.25"	"0.0"	"0.75"	"0.01"	"0.005"	"0.01"	"100000"	"10000"	"200"	"8636827207177314515"	85000	"intercept"	0.61091004
"0.25"	"0.0"	"0.75"	"0.01"	"0.005"	"0.01"	"100000"	"10000"	"200"	"8636827207177314515"	90000	"slope"	-0.08565445805
"0.25"	"0.0"	"0.75"	"0.01"	"0.005"	"0.01"	"100000"	"10000"	"200"	"8636827207177314515"	90000	"intercept"	0.62454665
"0.25"	"0.0"	"0.75"	"0.01"	"0.005"	"0.01"	"100000"	"10000"	"200"	"8636827207177314515"	95000	"slope"	-0.07617174095
"0.25"	"0.0"	"0.75"	"0.01"	"0.005"	"0.01"	"100000"	"10000"	"200"	"8636827207177314515"	95000	"intercept"	0.61734615
"0.25"	"0.0"	"0.75"	"0.01"	"0.005"	"0.01"	"100000"	"10000"	"200"	"8636827207177314515"	100000	"slope"	-0.0734115159
"0.25"	"0.0"	"0.75"	"0.01"	"0.005"	"0.01"	"100000"	"10000"	"200"	"8636827207177314515"	100000	"intercept"	0.63163159
"0.25"	"0.4"	"0.75"	"0.01"	"0.005"	"0.01"	"100000"	"10000"	"200"	"4771226024716046972"	10	"slope"	7.0604019e-05
"0.25"	"0.4"	"0.75"	"0.01"	"0.005"	"0.01"	"100000"	"10000"	"200"	"4771226024716046972"	10	"intercept"	0.49958403
"0.25"	"0.4"	"0.75"	"0.01"	"0.005"	"0.01"	"100000"	"10000"	"200"	"4771226024716046972"	5000	"slope"	0.014806985985
"0.25"	"0.4"	"0.75"	"0.01"	"0.005"	"0.01"	"100000"	"10000"	"200"	"4771226024716046972"	5000	"intercept"	0.545820165
"0.25"	"0.4"	"0.75"	"0.01"	"0.005"	"0.01"	"100000"	"10000"	"200"	"4771226024716046972"	10000	"slope"	-0.015840371235
"0.25"	"0.4"	"0.75"	"0.01"	"0.005"	"0.01"	"100000"	"10000"	"200"	"4771226024716046972"	10000	"intercept"	0.58049043
"0.25"	"0.4"	"0.75"	"0.01"	"0.005"	"0.01"	"100000"	"10000"	"200"	"4771226024716046972"	15000	"slope"	-0.0162605178
"0.25"	"0.4"	"0.75"	"0.01"	"0.005"	"0.01"	"100000"	"10000"	"200"	"4771226024716046972"	15000	"intercept"	0.57679481
"0.25"	"0.4"	"0.75"	"0.01"	"0.005"	"0.01"	"100000"	"10000"	"200"	"4771226024716046972"	20000	"slope"	-0.04374563882
"0.25"	"0.4"	"0.75"	"0.01"	"0.005"	"0.01"	"100000"	"10000"	"200"	"4771226024716046972"	20000	"intercept"	0.600762385
"0.25"	"0.4"	"0.75"	"0.01"	"0.005"	"0.01"	"100000"	"10000"	"200"	"4771226024716046972"	25000	"slope"	-0.083944821
"0.25"	"0.4"	"0.75"	"0.01"	"0.005"	"0.01"	"100000"	"10000"	"200"	"4771226024716046972"	25000	"intercept"	0.618862075
"0.25"	"0.4"	"0.75"	"0.01"	"0.005"	"0.01"	"100000"	"10000"	"200"	"4771226024716046972"	30000	"slope"	-0.0899386385
"0.25"	"0.4"	"0.75"	"0.01"	"0.005"	"0.01"	"100000"	"10000"	"200"	"4771226024716046972"	30000	"intercept"	0.62593895
"0.25"	"0.4"	"0.75"	"0.01"	"0.005"	"0.01"	"100000"	"10000"	"200"	"4771226024716046972"	35000	"slope"	-0.10313291595
"0.25"	"0.4"	"0.75"	"0.01"	"0.005"	"0.01"	"100000"	"10000"	"200"	"4771226024716046972"	35000	"intercept"	0.638781465
"0.25"	"0.4"	"0.75"	"0.01"	"0.005"	"0.01"	"100000"	"10000"	"200"	"4771226024716046972"	40000	"slope"	-0.1245195675
"0.25"	"0.4"	"0.75"	"0.01"	"0.005"	"0.01"	"100000"	"10000"	"200"	"4771226024716046972"	40000	"intercept"	0.6465035
"0.25"	"0.4"	"0.75"	"0.01"	"0.005"	"0.01"	"100000"	"10000"	"200"	"4771226024716046972"	45000	"slope"	-0.183120185
"0.25"	"0.4"	"0.75"	"0.01"	"0.005"	"0.01"	"100000"	"10000"	"200"	"4771226024716046972"	45000	"intercept"	0.699487475
"0.25"	"0.4"	"0.75"	"0.01"	"0.005"	"0.01"	"100000"	"10000"	"200"	"4771226024716046972"	50000	"slope"	-0.1502836135
"0.25"	"0.4"	"0.75"	"0.01"	"0.005"	"0.01"	"100000"	"10000"	"200"	"4771226024716046972"	50000	"intercept"	0.668494215
"0.25"	"0.4"	"0.75"	"0.01"	"0.005"	"0.01"	"100000"	"10000"	"200"	"4771226024716046972"	55000	"slope"	-0.17434085
"0.25"	"0.4"	"0.75"	"0.01"	"0.005"	"0.01"	"100000"	"10000"	"200"	"4771226024716046972"	55000	"intercept"	0.67537925
"0.25"	"0.4"	"0.75"	"0.01"	"0.005"	"0.01"	"100000"	"10000"	"200"	"4771226024716046972"	60000	"slope"	-0.1985687885
"0.25"	"0.4"	"0.75"	"0.01"	"0.005"	"0.01"	"100000"	"10000"	"200"	"4771226024716046972"	60000	"intercept"	0.69109064
"0.25"	"0.4"	"0.75"	"0.01"	"0.005"	"0.01"	"100000"	"10000"	"200"	"4771226024716046972"	65000	"slope"	-0.2011122095
"0.25"	"0.4"	"0.75"	"0.01"	"0.005"	"0.01"	"100000"	"10000"	"200"	"4771226024716046972"	65000	"intercept"	0.70230116
"0.25"	"0.4"	"0.75"	"0.01"	"0.005"	"0.01"	"100000"	"10000"	"200"	"4771226024716046972"	70000	"slope"	-0.184849598
"0.25"	"0.4"	"0.75"	"0.01"	"0.005"	"0.01"	"100000"	"10000"	"200"	"4771226024716046972"	70000	"intercept"	0.689889385
"0.25"	"0.4"	"0.75"	"0.01"	"0.005"	"0.01"	"100000"	"10000"	"200"	"4771226024716046972"	75000	"slope"	-0.189647668
"0.25"	"0.4"	"0.75"	"0.01"	"0.005"	"0.01"	"100000"	"10000"	"200"	"4771226024716046972"	75000	"intercept"	0.69126727
"0.25"	"0.4"	"0.75"	"0.01"	"0.005"	"0.01"	"100000"	"10000"	"200"	"4771226024716046972"	80000	"slope"	-0.237553416
"0.25"	"0.4"	"0.75"	"0.01"	"0.005"	"0.01"	"100000"	"10000"	"200"	"4771226024716046972"	80000	"intercept"	0.71496749
"0.25"	"0.4"	"0.75"	"0.01"	"0.005"	"0.01"	"100000"	"10000"	"200"	"4771226024716046972"	85000	"slope"	-0.180899508
"0.25"	"0.4"	"0.75"	"0.01"	"0.005"	"0.01"	"100000"	"10000"	"200"	"4771226024716046972"	85000	"intercept"	0.70168602
"0.25"	"0.4"	"0.75"	"0.01"	"0.005"	"0.01"	"100000"	"10000"	"200"	"4771226024716046972"	90000	"slope"	-0.2090700685
"0.25"	"0.4"	"0.75"	"0.01"	"0.005"	"0.01"	"100000"	"10000"	"200"	"4771226024716046972"	90000	"intercept"	0.699214255
"0.25"	"0.4"	"0.75"	"0.01"	"0.005"	"0.01"	"100000"	"10000"	"200"	"4771226024716046972"	95000	"slope"	-0.175839915
"0.25"	"0.4"	"0.75"	"0.01"	"0.005"	"0.01"	"100000"	"10000"	"200"	"4771226024716046972"	95000	"intercept"	0.679853245
"0.25"	"0.4"	"0.75"	"0.01"	"0.005"	"0.01"	"100000"	"10000"	"200"	"4771226024716046972"	100000	"slope"	-0.13888317
"0.25"	"0.4"	"0.75"	"0.01"	"0.005"	"0.01"	"100000"	"10000"	"200"	"4771226024716046972"	100000	"intercept"	0.6597439
"0.25"	"0.4"	"0.75"	"0.01"	"0.005"	"0.01"	"100000"	"10000"	"200"	"5237486085834000793"	10	"slope"	9.69458e-05
"0.25"	"0.4"	"0.75"	"0.01"	"0.005"	"0.01"	"100000"	"10000"	"200"	"5237486085834000793"	10	"intercept"	0.50013638
"0.25"	"0.4"	"0.75"	"0.01"	"0.005"	"0.01"	"100000"	"10000"	"200"	"5237486085834000793"	5000	"slope"	-0.026726427225
"0.25"	"0.4"	"0.75"	"0.01"	"0.005"	"0.01"	"100000"	"10000"	"200"	"5237486085834000793"	5000	"intercept"	0.58037668
"0.25"	"0.4"	"0.75"	"0.01"	"0.005"	"0.01"	"100000"	"10000"	"200"	"5237486085834000793"	10000	"slope"	-0.0320964923
"0.25"	"0.4"	"0.75"	"0.01"	"0.005"	"0.01"	"100000"	"10000"	"200"	"5237486085834000793"	10000	"intercept"	0.58427238
"0.25"	"0.4"	"0.75"	"0.01"	"0.005"	"0.01"	"100000"	"10000"	"200"	"5237486085834000793"	15000	"slope"	-0.07822794925
"0.25"	"0.4"	"0.75"	"0.01"	"0.005"	"0.01"	"100000"	"10000"	"200"	"5237486085834000793"	15000	"intercept"	0.618123925
"0.25"	"0.4"	"0.75"	"0.01"	"0.005"	"0.01"	"100000"	"10000"	"200"	"5237486085834000793"	20000	"slope"	-0.1171799285
"0.25"	"0.4"	"0.75"	"0.01"	"0.005"	"0.01"	"100000"	"10000"	"200"	"5237486085834000793"	20000	"intercept"	0.64811619
"0.25"	"0.4"	"0.75"	"0.01"	"0.005"	"0.01"	"100000"	"10000"	"200"	"5237486085834000793"	25000	"slope"	-0.1112835125
"0.25"	"0.4"	"0.75"	"0.01"	"0.005"	"0.01"	"100000"	"10000"	"200"	"5237486085834000793"	25000	"intercept"	0.649217615
"0.25"	"0.4"	"0.75"	"0.01"	"0.005"	"0.01"	"100000"	"10000"	"200"	"5237486085834000793"	30000	"slope"	-0.1532912935
"0.25"	"0.4"	"0.75"	"0.01"	"0.005"	"0.01"	"100000"	"10000"	"200"	"5237486085834000793"	30000	"intercept"	0.66395602
"0.25"	"0.4"	"0.75"	"0.01"	"0.005"	"0.01"	"100000"	"10000"	"200"	"5237486085834000793"	35000	"slope"	-0.207821802
"0.25"	"0.4"	"0.75"	"0.01"	"0.005"	"0.01"	"100000"	"10000"	"200"	"5237486085834000793"	35000	"intercept"	0.694321105
"0.25"	"0.4"	"0.75"	"0.01"	"0.005"	"0.01"	"100000"	"10000"	"200"	"5237486085834000793"	40000	"slope"	-0.219320935
"0.25"	"0.4"	"0.75"	"0.01"	"0.005"	"0.01"	"100000"	"10000"	"200"	"5237486085834000793"	40000	"intercept"	0.722666045
"0.25"	"0.4"	"0.75"	"0.01"	"0.005"	"0.01"	"100000"	"10000"	"200"	"5237486085834000793"	45000	"slope"	-0.25296585
"0.25"	"0.4"	"0.75"	"0.01"	"0.005"	"0.01"	"100000"	"10000"	"200"	"5237486085834000793"	45000	"intercept"	0.73128267
"0.25"	"0.4"	"0.75"	"0.01"	"0.005"	"0.01"	"100000"	"10000"	"200"	"5237486085834000793"	50000	"slope"	-0.23883982
"0.25"	"0.4"	"0.75"	"0.01"	"0.005"	"0.01"	"100000"	"10000"	"200"	"5237486085834000793"	50000	"intercept"	0.722516845
"0.25"	"0.4"	"0.75"	"0.01"	"0.005"	"0.01"	"100000"	"10000"	"200"	"5237486085834000793"	55000	"slope"	-0.19478138
"0.25"	"0.4"	"0.75"	"0.01"	"0.005"	"0.01"	"100000"	"10000"	"200"	"5237486085834000793"	55000	"intercept"	0.698174955
"0.25"	"0.4"	"0.75"	"0.01"	"0.005"	"0.01"	"100000"	"10000"	"200"	"5237486085834000793"	60000	"slope"	-0.183922548
"0.25"	"0.4"	"0.75"	"0.01"	"0.005"	"0.01"	"100000"	"10000"	"200"	"5237486085834000793"	60000	"intercept"	0.688887525
"0.25"	"0.4"	"0.75"	"0.01"	"0.005"	"0.01"	"100000"	"10000"	"200"	"5237486085834000793"	65000	"slope"	-0.1594246425
"0.25"	"0.4"	"0.75"	"0.01"	"0.005"	"0.01"	"100000"	"10000"	"200"	"5237486085834000793"	65000	"intercept"	0.675851015
"0.25"	"0.4"	"0.75"	"0.01"	"0.005"	"0.01"	"100000"	"10000"	"200"	"5237486085834000793"	70000	"slope"	-0.1643024685
"0.25"	"0.4"	"0.75"	"0.01"	"0.005"	"0.01"	"100000"	"10000"	"200"	"5237486085834000793"	70000	"intercept"	0.68003552
"0.25"	"0.4"	"0.75"	"0.01"	"0.005"	"0.01"	"100000"	"10000"	"200"	"5237486085834000793"	75000	"slope"	-0.1537365275
"0.25"	"0.4"	"0.75"	"0.01"	"0.005"	"0.01"	"100000"	"10000"	"200"	"5237486085834000793"	75000	"intercept"	0.67014355
"0.25"	"0.4"	"0.75"	"0.01"	"0.005"	"0.01"	"100000"	"10000"	"200"	"5237486085834000793"	80000	"slope"	-0.157983368
"0.25"	"0.4"	"0.75"	"0.01"	"0.005"	"0.01"	"100000"	"10000"	"200"	"5237486085834000793"	80000	"intercept"	0.664190155
"0.25"	"0.4"	"0.75"	"0.01"	"0.005"	"0.01"	"100000"	"10000"	"200"	"5237486085834000793"	85000	"slope"	-0.20146861
"0.25"	"0.4"	"0.75"	"0.01"	"0.005"	"0.01"	"100000"	"10000"	"200"	"5237486085834000793"	85000	"intercept"	0.69217294
"0.25"	"0.4"	"0.75"	"0.01"	"0.005"	"0.01"	"100000"	"10000"	"200"	"5237486085834000793"	90000	"slope"	-0.1683368295
"0.25"	"0.4"	"0.75"	"0.01"	"0.005"	"0.01"	"100000"	"10000"	"200"	"5237486085834000793"	90000	"intercept"	0.681252445
"0.25"	"0.4"	"0.75"	"0.01"	"0.005"	"0.01"	"100000"	"10000"	"200"	"5237486085834000793"	95000	"slope"	-0.161216031
"0.25"	"0.4"	"0.75"	"0.01"	"0.005"	"0.01"	"100000"	"10000"	"200"	"5237486085834000793"	95000	"intercept"	0.6570054
"0.25"	"0.4"	"0.75"	"0.01"	"0.005"	"0.01"	"100000"	"10000"	"200"	"5237486085834000793"	100000	"slope"	-0.1525182345
"0.25"	"0.4"	"0.75"	"0.01"	"0.005"	"0.01"	"100000"	"10000"	"200"	"5237486085834000793"	100000	"intercept"	0.677347745
"0.25"	"0.4"	"0.75"	"0.01"	"0.005"	"0.01"	"100000"	"10000"	"200"	"7326966098208705756"	10	"slope"	-0.0001218225
"0.25"	"0.4"	"0.75"	"0.01"	"0.005"	"0.01"	"100000"	"10000"	"200"	"7326966098208705756"	10	"intercept"	0.499987055
"0.25"	"0.4"	"0.75"	"0.01"	"0.005"	"0.01"	"100000"	"10000"	"200"	"7326966098208705756"	5000	"slope"	-0.008298107061
"0.25"	"0.4"	"0.75"	"0.01"	"0.005"	"0.01"	"100000"	"10000"	"200"	"7326966098208705756"	5000	"intercept"	0.57172978
"0.25"	"0.4"	"0.75"	"0.01"	"0.005"	"0.01"	"100000"	"10000"	"200"	"7326966098208705756"	10000	"slope"	-0.0917747414
"0.25"	"0.4"	"0.75"	"0.01"	"0.005"	"0.01"	"100000"	"10000"	"200"	"7326966098208705756"	10000	"intercept"	0.629942275
"0.25"	"0.4"	"0.75"	"0.01"	"0.005"	"0.01"	"100000"	"10000"	"200"	"7326966098208705756"	15000	"slope"	-0.1103435375
"0.25"	"0.4"	"0.75"	"0.01"	"0.005"	"0.01"	"100000"	"10000"	"200"	"7326966098208705756"	15000	"intercept"	0.64068084
"0.25"	"0.4"	"0.75"	"0.01"	"0.005"	"0.01"	"100000"	"10000"	"200"	"7326966098208705756"	20000	"slope"	-0.1324075645
"0.25"	"0.4"	"0.75"	"0.01"	"0.005"	"0.01"	"100000"	"10000"	"200"	"7326966098208705756"	20000	"intercept"	0.653182315
"0.25"	"0.4"	"0.75"	"0.01"	"0.005"	"0.01"	"100000"	"10000"	"200"	"7326966098208705756"	25000	"slope"	-0.163812259
"0.25"	"0.4"	"0.75"	"0.01"	"0.005"	"0.01"	"100000"	"10000"	"200"	"7326966098208705756"	25000	"intercept"	0.67257579
"0.25"	"0.4"	"0.75"	"0.01"	"0.005"	"0.01"	"100000"	"10000"	"200"	"7326966098208705756"	30000	"slope"	-0.1626507166
"0.25"	"0.4"	"0.75"	"0.01"	"0.005"	"0.01"	"100000"	"10000"	"200"	"7326966098208705756"	30000	"intercept"	0.674679745
"0.25"	"0.4"	"0.75"	"0.01"	"0.005"	"0.01"	"100000"	"10000"	"200"	"7326966098208705756"	35000	"slope"	-0.205666203
"0.25"	"0.4"	"0.75"	"0.01"	"0.005"	"0.01"	"100000"	"10000"	"200"	"7326966098208705756"	35000	"intercept"	0.707630145
"0.25"	"0.4"	"0.75"	"0.01"	"0.005"	"0.01"	"100000"	"10000"	"200"	"7326966098208705756"	40000	"slope"	-0.20611426
"0.25"	"0.4"	"0.75"	"0.01"	"0.005"	"0.01"	"100000"	"10000"	"200"	"7326966098208705756"	40000	"intercept"	0.70406679
"0.25"	"0.4"	"0.75"	"0.01"	"0.005"	"0.01"	"100000"	"10000"	"200"	"7326966098208705756"	45000	"slope"	-0.23579911
"0.25"	"0.4"	"0.75"	"0.01"	"0.005"	"0.01"	"100000"	"10000"	"200"	"7326966098208705756"	45000	"intercept"	0.7228171
"0.25"	"0.4"	"0.75"	"0.01"	"0.005"	"0.01"	"100000"	"10000"	"200"	"7326966098208705756"	50000	"slope"	-0.182751635
"0.25"	"0.4"	"0.75"	"0.01"	"0.005"	"0.01"	"100000"	"10000"	"200"	"7326966098208705756"	50000	"intercept"	0.69429829
"0.25"	"0.4"	"0.75"	"0.01"	"0.005"	"0.01"	"100000"	"10000"	"200"	"7326966098208705756"	55000	"slope"	-0.1483397325
"0.25"	"0.4"	"0.75"	"0.01"	"0.005"	"0.01"	"100000"	"10000"	"200"	"7326966098208705756"	55000	"intercept"	0.673735415
"0.25"	"0.4"	"0.75"	"0.01"	"0.005"	"0.01"	"100000"	"10000"	"200"	"7326966098208705756"	60000	"slope"	-0.1661733455
"0.25"	"0.4"	"0.75"	"0.01"	"0.005"	"0.01"	"100000"	"10000"	"200"	"7326966098208705756"	60000	"intercept"	0.684422375
"0.25"	"0.4"	"0.75"	"0.01"	"0.005"	"0.01"	"100000"	"10000"	"200"	"7326966098208705756"	65000	"slope"	-0.1197755124635
"0.25"	"0.4"	"0.75"	"0.01"	"0.005"	"0.01"	"100000"	"10000"	"200"	"7326966098208705756"	65000	"intercept"	0.649142865
"0.25"	"0.4"	"0.75"	"0.01"	"0.005"	"0.01"	"100000"	"10000"	"200"	"7326966098208705756"	70000	"slope"	-0.1187480835
"0.25"	"0.4"	"0.75"	"0.01"	"0.005"	"0.01"	"100000"	"10000"	"200"	"7326966098208705756"	70000	"intercept"	0.63978498
"0.25"	"0.4"	"0.75"	"0.01"	"0.005"	"0.01"	"100000"	"10000"	"200"	"7326966098208705756"	75000	"slope"	-0.1460422515
"0.25"	"0.4"	"0.75"	"0.01"	"0.005"	"0.01"	"100000"	"10000"	"200"	"7326966098208705756"	75000	"intercept"	0.659450875
"0.25"	"0.4"	"0.75"	"0.01"	"0.005"	"0.01"	"100000"	"10000"	"200"	"7326966098208705756"	80000	"slope"	-0.1545433375
"0.25"	"0.4"	"0.75"	"0.01"	"0.005"	"0.01"	"100000"	"10000"	"200"	"7326966098208705756"	80000	"intercept"	0.66440282
"0.25"	"0.4"	"0.75"	"0.01"	"0.005"	"0.01"	"100000"	"10000"	"200"	"7326966098208705756"	85000	"slope"	-0.26225583
"0.25"	"0.4"	"0.75"	"0.01"	"0.005"	"0.01"	"100000"	"10000"	"200"	"7326966098208705756"	85000	"intercept"	0.746912435
"0.25"	"0.4"	"0.75"	"0.01"	"0.005"	"0.01"	"100000"	"10000"	"200"	"7326966098208705756"	90000	"slope"	-0.25877554
"0.25"	"0.4"	"0.75"	"0.01"	"0.005"	"0.01"	"100000"	"10000"	"200"	"7326966098208705756"	90000	"intercept"	0.74036384
"0.25"	"0.4"	"0.75"	"0.01"	"0.005"	"0.01"	"100000"	"10000"	"200"	"7326966098208705756"	95000	"slope"	-0.202685417
"0.25"	"0.4"	"0.75"	"0.01"	"0.005"	"0.01"	"100000"	"10000"	"200"	"7326966098208705756"	95000	"intercept"	0.70266658
"0.25"	"0.4"	"0.75"	"0.01"	"0.005"	"0.01"	"100000"	"10000"	"200"	"7326966098208705756"	100000	"slope"	-0.153473656425
"0.25"	"0.4"	"0.75"	"0.01"	"0.005"	"0.01"	"100000"	"10000"	"200"	"7326966098208705756"	100000	"intercept"	0.670878445
"0.25"	"0.6"	"0.75"	"0.01"	"0.005"	"0.01"	"100000"	"10000"	"200"	"2783853278667185952"	10	"slope"	-0.00021297422
"0.25"	"0.6"	"0.75"	"0.01"	"0.005"	"0.01"	"100000"	"10000"	"200"	"2783853278667185952"	10	"intercept"	0.50005693
"0.25"	"0.6"	"0.75"	"0.01"	"0.005"	"0.01"	"100000"	"10000"	"200"	"2783853278667185952"	5000	"slope"	-0.00483993767
"0.25"	"0.6"	"0.75"	"0.01"	"0.005"	"0.01"	"100000"	"10000"	"200"	"2783853278667185952"	5000	"intercept"	0.55697271
"0.25"	"0.6"	"0.75"	"0.01"	"0.005"	"0.01"	"100000"	"10000"	"200"	"2783853278667185952"	10000	"slope"	-0.0518678044
"0.25"	"0.6"	"0.75"	"0.01"	"0.005"	"0.01"	"100000"	"10000"	"200"	"2783853278667185952"	10000	"intercept"	0.599545405
"0.25"	"0.6"	"0.75"	"0.01"	"0.005"	"0.01"	"100000"	"10000"	"200"	"2783853278667185952"	15000	"slope"	-0.077188821245
"0.25"	"0.6"	"0.75"	"0.01"	"0.005"	"0.01"	"100000"	"10000"	"200"	"2783853278667185952"	15000	"intercept"	0.617555125
"0.25"	"0.6"	"0.75"	"0.01"	"0.005"	"0.01"	"100000"	"10000"	"200"	"2783853278667185952"	20000	"slope"	-0.129387861
"0.25"	"0.6"	"0.75"	"0.01"	"0.005"	"0.01"	"100000"	"10000"	"200"	"2783853278667185952"	20000	"intercept"	0.65508386
"0.25"	"0.6"	"0.75"	"0.01"	"0.005"	"0.01"	"100000"	"10000"	"200"	"2783853278667185952"	25000	"slope"	-0.1543975224
"0.25"	"0.6"	"0.75"	"0.01"	"0.005"	"0.01"	"100000"	"10000"	"200"	"2783853278667185952"	25000	"intercept"	0.66832674
"0.25"	"0.6"	"0.75"	"0.01"	"0.005"	"0.01"	"100000"	"10000"	"200"	"2783853278667185952"	30000	"slope"	-0.169905102
"0.25"	"0.6"	"0.75"	"0.01"	"0.005"	"0.01"	"100000"	"10000"	"200"	"2783853278667185952"	30000	"intercept"	0.68917025
"0.25"	"0.6"	"0.75"	"0.01"	"0.005"	"0.01"	"100000"	"10000"	"200"	"2783853278667185952"	35000	"slope"	-0.262102623
"0.25"	"0.6"	"0.75"	"0.01"	"0.005"	"0.01"	"100000"	"10000"	"200"	"2783853278667185952"	35000	"intercept"	0.73209846
"0.25"	"0.6"	"0.75"	"0.01"	"0.005"	"0.01"	"100000"	"10000"	"200"	"2783853278667185952"	40000	"slope"	-0.3028567625
"0.25"	"0.6"	"0.75"	"0.01"	"0.005"	"0.01"	"100000"	"10000"	"200"	"2783853278667185952"	40000	"intercept"	0.76398391
"0.25"	"0.6"	"0.75"	"0.01"	"0.005"	"0.01"	"100000"	"10000"	"200"	"2783853278667185952"	45000	"slope"	-0.3174133915
"0.25"	"0.6"	"0.75"	"0.01"	"0.005"	"0.01"	"100000"	"10000"	"200"	"2783853278667185952"	45000	"intercept"	0.784382885
"0.25"	"0.6"	"0.75"	"0.01"	"0.005"	"0.01"	"100000"	"10000"	"200"	"2783853278667185952"	50000	"slope"	-0.3757323265
"0.25"	"0.6"	"0.75"	"0.01"	"0.005"	"0.01"	"100000"	"10000"	"200"	"2783853278667185952"	50000	"intercept"	0.808440805
"0.25"	"0.6"	"0.75"	"0.01"	"0.005"	"0.01"	"100000"	"10000"	"200"	"2783853278667185952"	55000	"slope"	-0.432395705
"0.25"	"0.6"	"0.75"	"0.01"	"0.005"	"0.01"	"100000"	"10000"	"200"	"2783853278667185952"	55000	"intercept"	0.851976115
"0.25"	"0.6"	"0.75"	"0.01"	"0.005"	"0.01"	"100000"	"10000"	"200"	"2783853278667185952"	60000	"slope"	-0.396064835
"0.25"	"0.6"	"0.75"	"0.01"	"0.005"	"0.01"	"100000"	"10000"	"200"	"2783853278667185952"	60000	"intercept"	0.81989919
"0.25"	"0.6"	"0.75"	"0.01"	"0.005"	"0.01"	"100000"	"10000"	"200"	"2783853278667185952"	65000	"slope"	-0.500513755
"0.25"	"0.6"	"0.75"	"0.01"	"0.005"	"0.01"	"100000"	"10000"	"200"	"2783853278667185952"	65000	"intercept"	0.86852581
"0.25"	"0.6"	"0.75"	"0.01"	"0.005"	"0.01"	"100000"	"10000"	"200"	"2783853278667185952"	70000	"slope"	-0.537390485
"0.25"	"0.6"	"0.75"	"0.01"	"0.005"	"0.01"	"100000"	"10000"	"200"	"2783853278667185952"	70000	"intercept"	0.908862905
"0.25"	"0.6"	"0.75"	"0.01"	"0.005"	"0.01"	"100000"	"10000"	"200"	"2783853278667185952"	75000	"slope"	-0.45814619
"0.25"	"0.6"	"0.75"	"0.01"	"0.005"	"0.01"	"100000"	"10000"	"200"	"2783853278667185952"	75000	"intercept"	0.86043485
"0.25"	"0.6"	"0.75"	"0.01"	"0.005"	"0.01"	"100000"	"10000"	"200"	"2783853278667185952"	80000	"slope"	-0.502188515
"0.25"	"0.6"	"0.75"	"0.01"	"0.005"	"0.01"	"100000"	"10000"	"200"	"2783853278667185952"	80000	"intercept"	0.894031685
"0.25"	"0.6"	"0.75"	"0.01"	"0.005"	"0.01"	"100000"	"10000"	"200"	"2783853278667185952"	85000	"slope"	-0.57532918
"0.25"	"0.6"	"0.75"	"0.01"	"0.005"	"0.01"	"100000"	"10000"	"200"	"2783853278667185952"	85000	"intercept"	0.933047435
"0.25"	"0.6"	"0.75"	"0.01"	"0.005"	"0.01"	"100000"	"10000"	"200"	"2783853278667185952"	90000	"slope"	-0.57557246
"0.25"	"0.6"	"0.75"	"0.01"	"0.005"	"0.01"	"100000"	"10000"	"200"	"2783853278667185952"	90000	"intercept"	0.93309553
"0.25"	"0.6"	"0.75"	"0.01"	"0.005"	"0.01"	"100000"	"10000"	"200"	"2783853278667185952"	95000	"slope"	-0.52948243
"0.25"	"0.6"	"0.75"	"0.01"	"0.005"	"0.01"	"100000"	"10000"	"200"	"2783853278667185952"	95000	"intercept"	0.917442295
"0.25"	"0.6"	"0.75"	"0.01"	"0.005"	"0.01"	"100000"	"10000"	"200"	"2783853278667185952"	100000	"slope"	-0.51886489
"0.25"	"0.6"	"0.75"	"0.01"	"0.005"	"0.01"	"100000"	"10000"	"200"	"2783853278667185952"	100000	"intercept"	0.91112967
"0.25"	"0.6"	"0.75"	"0.01"	"0.005"	"0.01"	"100000"	"10000"	"200"	"3082527088992733363"	10	"slope"	-3.928135e-05
"0.25"	"0.6"	"0.75"	"0.01"	"0.005"	"0.01"	"100000"	"10000"	"200"	"3082527088992733363"	10	"intercept"	0.49988656
"0.25"	"0.6"	"0.75"	"0.01"	"0.005"	"0.01"	"100000"	"10000"	"200"	"3082527088992733363"	5000	"slope"	-0.0111080879
"0.25"	"0.6"	"0.75"	"0.01"	"0.005"	"0.01"	"100000"	"10000"	"200"	"3082527088992733363"	5000	"intercept"	0.57040093
"0.25"	"0.6"	"0.75"	"0.01"	"0.005"	"0.01"	"100000"	"10000"	"200"	"3082527088992733363"	10000	"slope"	-0.06344630714
"0.25"	"0.6"	"0.75"	"0.01"	"0.005"	"0.01"	"100000"	"10000"	"200"	"3082527088992733363"	10000	"intercept"	0.59887737
"0.25"	"0.6"	"0.75"	"0.01"	"0.005"	"0.01"	"100000"	"10000"	"200"	"3082527088992733363"	15000	"slope"	-0.1032982125
"0.25"	"0.6"	"0.75"	"0.01"	"0.005"	"0.01"	"100000"	"10000"	"200"	"3082527088992733363"	15000	"intercept"	0.638548215
"0.25"	"0.6"	"0.75"	"0.01"	"0.005"	"0.01"	"100000"	"10000"	"200"	"3082527088992733363"	20000	"slope"	-0.1229148955
"0.25"	"0.6"	"0.75"	"0.01"	"0.005"	"0.01"	"100000"	"10000"	"200"	"3082527088992733363"	20000	"intercept"	0.653546935
"0.25"	"0.6"	"0.75"	"0.01"	"0.005"	"0.01"	"100000"	"10000"	"200"	"3082527088992733363"	25000	"slope"	-0.1109874435
"0.25"	"0.6"	"0.75"	"0.01"	"0.005"	"0.01"	"100000"	"10000"	"200"	"3082527088992733363"	25000	"intercept"	0.630903005
"0.25"	"0.6"	"0.75"	"0.01"	"0.005"	"0.01"	"100000"	"10000"	"200"	"3082527088992733363"	30000	"slope"	-0.1422827595
"0.25"	"0.6"	"0.75"	"0.01"	"0.005"	"0.01"	"100000"	"10000"	"200"	"3082527088992733363"	30000	"intercept"	0.66817492
"0.25"	"0.6"	"0.75"	"0.01"	"0.005"	"0.01"	"100000"	"10000"	"200"	"3082527088992733363"	35000	"slope"	-0.204963128
"0.25"	"0.6"	"0.75"	"0.01"	"0.005"	"0.01"	"100000"	"10000"	"200"	"3082527088992733363"	35000	"intercept"	0.697064345
"0.25"	"0.6"	"0.75"	"0.01"	"0.005"	"0.01"	"100000"	"10000"	"200"	"3082527088992733363"	40000	"slope"	-0.267589805
"0.25"	"0.6"	"0.75"	"0.01"	"0.005"	"0.01"	"100000"	"10000"	"200"	"3082527088992733363"	40000	"intercept"	0.74843436
"0.25"	"0.6"	"0.75"	"0.01"	"0.005"	"0.01"	"100000"	"10000"	"200"	"3082527088992733363"	45000	"slope"	-0.301302301
"0.25"	"0.6"	"0.75"	"0.01"	"0.005"	"0.01"	"100000"	"10000"	"200"	"3082527088992733363"	45000	"intercept"	0.761816425
"0.25"	"0.6"	"0.75"	"0.01"	"0.005"	"0.01"	"100000"	"10000"	"200"	"3082527088992733363"	50000	"slope"	-0.32264314
"0.25"	"0.6"	"0.75"	"0.01"	"0.005"	"0.01"	"100000"	"10000"	"200"	"3082527088992733363"	50000	"intercept"	0.779358205
"0.25"	"0.6"	"0.75"	"0.01"	"0.005"	"0.01"	"100000"	"10000"	"200"	"3082527088992733363"	55000	"slope"	-0.330939285
"0.25"	"0.6"	"0.75"	"0.01"	"0.005"	"0.01"	"100000"	"10000"	"200"	"3082527088992733363"	55000	"intercept"	0.778712275
"0.25"	"0.6"	"0.75"	"0.01"	"0.005"	"0.01"	"100000"	"10000"	"200"	"3082527088992733363"	60000	"slope"	-0.397578735
"0.25"	"0.6"	"0.75"	"0.01"	"0.005"	"0.01"	"100000"	"10000"	"200"	"3082527088992733363"	60000	"intercept"	0.83377851
"0.25"	"0.6"	"0.75"	"0.01"	"0.005"	"0.01"	"100000"	"10000"	"200"	"3082527088992733363"	65000	"slope"	-0.43134138
"0.25"	"0.6"	"0.75"	"0.01"	"0.005"	"0.01"	"100000"	"10000"	"200"	"3082527088992733363"	65000	"intercept"	0.841425675
"0.25"	"0.6"	"0.75"	"0.01"	"0.005"	"0.01"	"100000"	"10000"	"200"	"3082527088992733363"	70000	"slope"	-0.439381995
"0.25"	"0.6"	"0.75"	"0.01"	"0.005"	"0.01"	"100000"	"10000"	"200"	"3082527088992733363"	70000	"intercept"	0.852896515
"0.25"	"0.6"	"0.75"	"0.01"	"0.005"	"0.01"	"100000"	"10000"	"200"	"3082527088992733363"	75000	"slope"	-0.548596595
"0.25"	"0.6"	"0.75"	"0.01"	"0.005"	"0.01"	"100000"	"10000"	"200"	"3082527088992733363"	75000	"intercept"	0.917950425
"0.25"	"0.6"	"0.75"	"0.01"	"0.005"	"0.01"	"100000"	"10000"	"200"	"3082527088992733363"	80000	"slope"	-0.59548557
"0.25"	"0.6"	"0.75"	"0.01"	"0.005"	"0.01"	"100000"	"10000"	"200"	"3082527088992733363"	80000	"intercept"	0.947031245
"0.25"	"0.6"	"0.75"	"0.01"	"0.005"	"0.01"	"100000"	"10000"	"200"	"3082527088992733363"	85000	"slope"	-0.5700752
"0.25"	"0.6"	"0.75"	"0.01"	"0.005"	"0.01"	"100000"	"10000"	"200"	"3082527088992733363"	85000	"intercept"	0.941965915
"0.25"	"0.6"	"0.75"	"0.01"	"0.005"	"0.01"	"100000"	"10000"	"200"	"3082527088992733363"	90000	"slope"	-0.547361885
"0.25"	"0.6"	"0.75"	"0.01"	"0.005"	"0.01"	"100000"	"10000"	"200"	"3082527088992733363"	90000	"intercept"	0.932754755
"0.25"	"0.6"	"0.75"	"0.01"	"0.005"	"0.01"	"100000"	"10000"	"200"	"3082527088992733363"	95000	"slope"	-0.57956591
"0.25"	"0.6"	"0.75"	"0.01"	"0.005"	"0.01"	"100000"	"10000"	"200"	"3082527088992733363"	95000	"intercept"	0.947014975
"0.25"	"0.6"	"0.75"	"0.01"	"0.005"	"0.01"	"100000"	"10000"	"200"	"3082527088992733363"	100000	"slope"	-0.577021245
"0.25"	"0.6"	"0.75"	"0.01"	"0.005"	"0.01"	"100000"	"10000"	"200"	"3082527088992733363"	100000	"intercept"	0.944162165
"0.25"	"0.6"	"0.75"	"0.01"	"0.005"	"0.01"	"100000"	"10000"	"200"	"8767074423246458102"	10	"slope"	-0.00027927975
"0.25"	"0.6"	"0.75"	"0.01"	"0.005"	"0.01"	"100000"	"10000"	"200"	"8767074423246458102"	10	"intercept"	0.500027375
"0.25"	"0.6"	"0.75"	"0.01"	"0.005"	"0.01"	"100000"	"10000"	"200"	"8767074423246458102"	5000	"slope"	-0.034976671775
"0.25"	"0.6"	"0.75"	"0.01"	"0.005"	"0.01"	"100000"	"10000"	"200"	"8767074423246458102"	5000	"intercept"	0.5874948
"0.25"	"0.6"	"0.75"	"0.01"	"0.005"	"0.01"	"100000"	"10000"	"200"	"8767074423246458102"	10000	"slope"	-0.082022228535
"0.25"	"0.6"	"0.75"	"0.01"	"0.005"	"0.01"	"100000"	"10000"	"200"	"8767074423246458102"	10000	"intercept"	0.613764405
"0.25"	"0.6"	"0.75"	"0.01"	"0.005"	"0.01"	"100000"	"10000"	"200"	"8767074423246458102"	15000	"slope"	-0.0958147325
"0.25"	"0.6"	"0.75"	"0.01"	"0.005"	"0.01"	"100000"	"10000"	"200"	"8767074423246458102"	15000	"intercept"	0.636124775
"0.25"	"0.6"	"0.75"	"0.01"	"0.005"	"0.01"	"100000"	"10000"	"200"	"8767074423246458102"	20000	"slope"	-0.111765293
"0.25"	"0.6"	"0.75"	"0.01"	"0.005"	"0.01"	"100000"	"10000"	"200"	"8767074423246458102"	20000	"intercept"	0.62225478
"0.25"	"0.6"	"0.75"	"0.01"	"0.005"	"0.01"	"100000"	"10000"	"200"	"8767074423246458102"	25000	"slope"	-0.1438178765
"0.25"	"0.6"	"0.75"	"0.01"	"0.005"	"0.01"	"100000"	"10000"	"200"	"8767074423246458102"	25000	"intercept"	0.656258135
"0.25"	"0.6"	"0.75"	"0.01"	"0.005"	"0.01"	"100000"	"10000"	"200"	"8767074423246458102"	30000	"slope"	-0.18784728
"0.25"	"0.6"	"0.75"	"0.01"	"0.005"	"0.01"	"100000"	"10000"	"200"	"8767074423246458102"	30000	"intercept"	0.65372057
"0.25"	"0.6"	"0.75"	"0.01"	"0.005"	"0.01"	"100000"	"10000"	"200"	"8767074423246458102"	35000	"slope"	-0.233371145
"0.25"	"0.6"	"0.75"	"0.01"	"0.005"	"0.01"	"100000"	"10000"	"200"	"8767074423246458102"	35000	"intercept"	0.71465759
"0.25"	"0.6"	"0.75"	"0.01"	"0.005"	"0.01"	"100000"	"10000"	"200"	"8767074423246458102"	40000	"slope"	-0.293798987
"0.25"	"0.6"	"0.75"	"0.01"	"0.005"	"0.01"	"100000"	"10000"	"200"	"8767074423246458102"	40000	"intercept"	0.7619464
"0.25"	"0.6"	"0.75"	"0.01"	"0.005"	"0.01"	"100000"	"10000"	"200"	"8767074423246458102"	45000	"slope"	-0.3180094
"0.25"	"0.6"	"0.75"	"0.01"	"0.005"	"0.01"	"100000"	"10000"	"200"	"8767074423246458102"	45000	"intercept"	0.774924955
"0.25"	"0.6"	"0.75"	"0.01"	"0.005"	"0.01"	"100000"	"10000"	"200"	"8767074423246458102"	50000	"slope"	-0.322098335
"0.25"	"0.6"	"0.75"	"0.01"	"0.005"	"0.01"	"100000"	"10000"	"200"	"8767074423246458102"	50000	"intercept"	0.778663375
"0.25"	"0.6"	"0.75"	"0.01"	"0.005"	"0.01"	"100000"	"10000"	"200"	"8767074423246458102"	55000	"slope"	-0.34715163
"0.25"	"0.6"	"0.75"	"0.01"	"0.005"	"0.01"	"100000"	"10000"	"200"	"8767074423246458102"	55000	"intercept"	0.78905315
"0.25"	"0.6"	"0.75"	"0.01"	"0.005"	"0.01"	"100000"	"10000"	"200"	"8767074423246458102"	60000	"slope"	-0.39725919
"0.25"	"0.6"	"0.75"	"0.01"	"0.005"	"0.01"	"100000"	"10000"	"200"	"8767074423246458102"	60000	"intercept"	0.822644435
"0.25"	"0.6"	"0.75"	"0.01"	"0.005"	"0.01"	"100000"	"10000"	"200"	"8767074423246458102"	65000	"slope"	-0.414508345
"0.25"	"0.6"	"0.75"	"0.01"	"0.005"	"0.01"	"100000"	"10000"	"200"	"8767074423246458102"	65000	"intercept"	0.83174321
"0.25"	"0.6"	"0.75"	"0.01"	"0.005"	"0.01"	"100000"	"10000"	"200"	"8767074423246458102"	70000	"slope"	-0.446621365
"0.25"	"0.6"	"0.75"	"0.01"	"0.005"	"0.01"	"100000"	"10000"	"200"	"8767074423246458102"	70000	"intercept"	0.84529904
"0.25"	"0.6"	"0.75"	"0.01"	"0.005"	"0.01"	"100000"	"10000"	"200"	"8767074423246458102"	75000	"slope"	-0.482942105
"0.25"	"0.6"	"0.75"	"0.01"	"0.005"	"0.01"	"100000"	"10000"	"200"	"8767074423246458102"	75000	"intercept"	0.883235295
"0.25"	"0.6"	"0.75"	"0.01"	"0.005"	"0.01"	"100000"	"10000"	"200"	"8767074423246458102"	80000	"slope"	-0.48635578
"0.25"	"0.6"	"0.75"	"0.01"	"0.005"	"0.01"	"100000"	"10000"	"200"	"8767074423246458102"	80000	"intercept"	0.878521195
"0.25"	"0.6"	"0.75"	"0.01"	"0.005"	"0.01"	"100000"	"10000"	"200"	"8767074423246458102"	85000	"slope"	-0.55953032
"0.25"	"0.6"	"0.75"	"0.01"	"0.005"	"0.01"	"100000"	"10000"	"200"	"8767074423246458102"	85000	"intercept"	0.92800595
"0.25"	"0.6"	"0.75"	"0.01"	"0.005"	"0.01"	"100000"	"10000"	"200"	"8767074423246458102"	90000	"slope"	-0.5220578
"0.25"	"0.6"	"0.75"	"0.01"	"0.005"	"0.01"	"100000"	"10000"	"200"	"8767074423246458102"	90000	"intercept"	0.911229495
"0.25"	"0.6"	"0.75"	"0.01"	"0.005"	"0.01"	"100000"	"10000"	"200"	"8767074423246458102"	95000	"slope"	-0.59460612
"0.25"	"0.6"	"0.75"	"0.01"	"0.005"	"0.01"	"100000"	"10000"	"200"	"8767074423246458102"	95000	"intercept"	0.949393885
"0.25"	"0.6"	"0.75"	"0.01"	"0.005"	"0.01"	"100000"	"10000"	"200"	"8767074423246458102"	100000	"slope"	-0.584516165
"0.25"	"0.6"	"0.75"	"0.01"	"0.005"	"0.01"	"100000"	"10000"	"200"	"8767074423246458102"	100000	"intercept"	0.95593807
"0.25"	"0.8"	"0.75"	"0.01"	"0.005"	"0.01"	"100000"	"10000"	"200"	"5767330137022214447"	10	"slope"	-0.00021171355
"0.25"	"0.8"	"0.75"	"0.01"	"0.005"	"0.01"	"100000"	"10000"	"200"	"5767330137022214447"	10	"intercept"	0.50020948
"0.25"	"0.8"	"0.75"	"0.01"	"0.005"	"0.01"	"100000"	"10000"	"200"	"5767330137022214447"	5000	"slope"	-0.01695041515
"0.25"	"0.8"	"0.75"	"0.01"	"0.005"	"0.01"	"100000"	"10000"	"200"	"5767330137022214447"	5000	"intercept"	0.57267512
"0.25"	"0.8"	"0.75"	"0.01"	"0.005"	"0.01"	"100000"	"10000"	"200"	"5767330137022214447"	10000	"slope"	-0.028070305
"0.25"	"0.8"	"0.75"	"0.01"	"0.005"	"0.01"	"100000"	"10000"	"200"	"5767330137022214447"	10000	"intercept"	0.541802775
"0.25"	"0.8"	"0.75"	"0.01"	"0.005"	"0.01"	"100000"	"10000"	"200"	"5767330137022214447"	15000	"slope"	-0.006287365
"0.25"	"0.8"	"0.75"	"0.01"	"0.005"	"0.01"	"100000"	"10000"	"200"	"5767330137022214447"	15000	"intercept"	0.566576765
"0.25"	"0.8"	"0.75"	"0.01"	"0.005"	"0.01"	"100000"	"10000"	"200"	"5767330137022214447"	20000	"slope"	-0.128315182
"0.25"	"0.8"	"0.75"	"0.01"	"0.005"	"0.01"	"100000"	"10000"	"200"	"5767330137022214447"	20000	"intercept"	0.5929723485
"0.25"	"0.8"	"0.75"	"0.01"	"0.005"	"0.01"	"100000"	"10000"	"200"	"5767330137022214447"	25000	"slope"	-0.20874270213
"0.25"	"0.8"	"0.75"	"0.01"	"0.005"	"0.01"	"100000"	"10000"	"200"	"5767330137022214447"	25000	"intercept"	0.614469377935
"0.25"	"0.8"	"0.75"	"0.01"	"0.005"	"0.01"	"100000"	"10000"	"200"	"5767330137022214447"	30000	"slope"	-0.245999883865
"0.25"	"0.8"	"0.75"	"0.01"	"0.005"	"0.01"	"100000"	"10000"	"200"	"5767330137022214447"	30000	"intercept"	0.650427499
"0.25"	"0.8"	"0.75"	"0.01"	"0.005"	"0.01"	"100000"	"10000"	"200"	"5767330137022214447"	35000	"slope"	-0.223678168831
"0.25"	"0.8"	"0.75"	"0.01"	"0.005"	"0.01"	"100000"	"10000"	"200"	"5767330137022214447"	35000	"intercept"	0.66797898
"0.25"	"0.8"	"0.75"	"0.01"	"0.005"	"0.01"	"100000"	"10000"	"200"	"5767330137022214447"	40000	"slope"	-0.1555218304
"0.25"	"0.8"	"0.75"	"0.01"	"0.005"	"0.01"	"100000"	"10000"	"200"	"5767330137022214447"	40000	"intercept"	0.69479466
"0.25"	"0.8"	"0.75"	"0.01"	"0.005"	"0.01"	"100000"	"10000"	"200"	"5767330137022214447"	45000	"slope"	-0.2372538283
"0.25"	"0.8"	"0.75"	"0.01"	"0.005"	"0.01"	"100000"	"10000"	"200"	"5767330137022214447"	45000	"intercept"	0.509739585
"0.25"	"0.8"	"0.75"	"0.01"	"0.005"	"0.01"	"100000"	"10000"	"200"	"5767330137022214447"	50000	"slope"	-0.160370876
"0.25"	"0.8"	"0.75"	"0.01"	"0.005"	"0.01"	"100000"	"10000"	"200"	"5767330137022214447"	50000	"intercept"	0.543912435
"0.25"	"0.8"	"0.75"	"0.01"	"0.005"	"0.01"	"100000"	"10000"	"200"	"5767330137022214447"	55000	"slope"	-0.1211088105
"0.25"	"0.8"	"0.75"	"0.01"	"0.005"	"0.01"	"100000"	"10000"	"200"	"5767330137022214447"	55000	"intercept"	0.58923435
"0.25"	"0.8"	"0.75"	"0.01"	"0.005"	"0.01"	"100000"	"10000"	"200"	"5767330137022214447"	60000	"slope"	-0.10575574
"0.25"	"0.8"	"0.75"	"0.01"	"0.005"	"0.01"	"100000"	"10000"	"200"	"5767330137022214447"	60000	"intercept"	0.579644885
"0.25"	"0.8"	"0.75"	"0.01"	"0.005"	"0.01"	"100000"	"10000"	"200"	"5767330137022214447"	65000	"slope"	-0.096845385
"0.25"	"0.8"	"0.75"	"0.01"	"0.005"	"0.01"	"100000"	"10000"	"200"	"5767330137022214447"	65000	"intercept"	0.54914826
"0.25"	"0.8"	"0.75"	"0.01"	"0.005"	"0.01"	"100000"	"10000"	"200"	"5767330137022214447"	70000	"slope"	-0.10044458
"0.25"	"0.8"	"0.75"	"0.01"	"0.005"	"0.01"	"100000"	"10000"	"200"	"5767330137022214447"	70000	"intercept"	0.48428596
"0.25"	"0.8"	"0.75"	"0.01"	"0.005"	"0.01"	"100000"	"10000"	"200"	"5767330137022214447"	75000	"slope"	-0.1120582635
"0.25"	"0.8"	"0.75"	"0.01"	"0.005"	"0.01"	"100000"	"10000"	"200"	"5767330137022214447"	75000	"intercept"	0.51953699
"0.25"	"0.8"	"0.75"	"0.01"	"0.005"	"0.01"	"100000"	"10000"	"200"	"5767330137022214447"	80000	"slope"	-0.02664364
"0.25"	"0.8"	"0.75"	"0.01"	"0.005"	"0.01"	"100000"	"10000"	"200"	"5767330137022214447"	80000	"intercept"	0.550060665
"0.25"	"0.8"	"0.75"	"0.01"	"0.005"	"0.01"	"100000"	"10000"	"200"	"5767330137022214447"	85000	"slope"	-0.062449975
"0.25"	"0.8"	"0.75"	"0.01"	"0.005"	"0.01"	"100000"	"10000"	"200"	"5767330137022214447"	85000	"intercept"	0.479483115
"0.25"	"0.8"	"0.75"	"0.01"	"0.005"	"0.01"	"100000"	"10000"	"200"	"5767330137022214447"	90000	"slope"	-0.076555442
"0.25"	"0.8"	"0.75"	"0.01"	"0.005"	"0.01"	"100000"	"10000"	"200"	"5767330137022214447"	90000	"intercept"	0.45742623
"0.25"	"0.8"	"0.75"	"0.01"	"0.005"	"0.01"	"100000"	"10000"	"200"	"5767330137022214447"	95000	"slope"	-0.0303879585
"0.25"	"0.8"	"0.75"	"0.01"	"0.005"	"0.01"	"100000"	"10000"	"200"	"5767330137022214447"	95000	"intercept"	0.54399636
"0.25"	"0.8"	"0.75"	"0.01"	"0.005"	"0.01"	"100000"	"10000"	"200"	"5767330137022214447"	100000	"slope"	-0.01022915
"0.25"	"0.8"	"0.75"	"0.01"	"0.005"	"0.01"	"100000"	"10000"	"200"	"5767330137022214447"	100000	"intercept"	0.539158265
"0.25"	"0.8"	"0.75"	"0.01"	"0.005"	"0.01"	"100000"	"10000"	"200"	"6945187227027982411"	10	"slope"	-0.00010015434
"0.25"	"0.8"	"0.75"	"0.01"	"0.005"	"0.01"	"100000"	"10000"	"200"	"6945187227027982411"	10	"intercept"	0.499920245
"0.25"	"0.8"	"0.75"	"0.01"	"0.005"	"0.01"	"100000"	"10000"	"200"	"6945187227027982411"	5000	"slope"	-0.05157722793
"0.25"	"0.8"	"0.75"	"0.01"	"0.005"	"0.01"	"100000"	"10000"	"200"	"6945187227027982411"	5000	"intercept"	0.583109095
"0.25"	"0.8"	"0.75"	"0.01"	"0.005"	"0.01"	"100000"	"10000"	"200"	"6945187227027982411"	10000	"slope"	-0.0505664378
"0.25"	"0.8"	"0.75"	"0.01"	"0.005"	"0.01"	"100000"	"10000"	"200"	"6945187227027982411"	10000	"intercept"	0.611391745
"0.25"	"0.8"	"0.75"	"0.01"	"0.005"	"0.01"	"100000"	"10000"	"200"	"6945187227027982411"	15000	"slope"	-0.043909433
"0.25"	"0.8"	"0.75"	"0.01"	"0.005"	"0.01"	"100000"	"10000"	"200"	"6945187227027982411"	15000	"intercept"	0.614957335
"0.25"	"0.8"	"0.75"	"0.01"	"0.005"	"0.01"	"100000"	"10000"	"200"	"6945187227027982411"	20000	"slope"	-0.1509155665
"0.25"	"0.8"	"0.75"	"0.01"	"0.005"	"0.01"	"100000"	"10000"	"200"	"6945187227027982411"	20000	"intercept"	0.56576737
"0.25"	"0.8"	"0.75"	"0.01"	"0.005"	"0.01"	"100000"	"10000"	"200"	"6945187227027982411"	25000	"slope"	-0.1453678684
"0.25"	"0.8"	"0.75"	"0.01"	"0.005"	"0.01"	"100000"	"10000"	"200"	"6945187227027982411"	25000	"intercept"	0.661460502
"0.25"	"0.8"	"0.75"	"0.01"	"0.005"	"0.01"	"100000"	"10000"	"200"	"6945187227027982411"	30000	"slope"	-0.202556418155
"0.25"	"0.8"	"0.75"	"0.01"	"0.005"	"0.01"	"100000"	"10000"	"200"	"6945187227027982411"	30000	"intercept"	0.6242179375
"0.25"	"0.8"	"0.75"	"0.01"	"0.005"	"0.01"	"100000"	"10000"	"200"	"6945187227027982411"	35000	"slope"	-0.20845100548
"0.25"	"0.8"	"0.75"	"0.01"	"0.005"	"0.01"	"100000"	"10000"	"200"	"6945187227027982411"	35000	"intercept"	0.592819695
"0.25"	"0.8"	"0.75"	"0.01"	"0.005"	"0.01"	"100000"	"10000"	"200"	"6945187227027982411"	40000	"slope"	-0.2037341798395
"0.25"	"0.8"	"0.75"	"0.01"	"0.005"	"0.01"	"100000"	"10000"	"200"	"6945187227027982411"	40000	"intercept"	0.606572315
"0.25"	"0.8"	"0.75"	"0.01"	"0.005"	"0.01"	"100000"	"10000"	"200"	"6945187227027982411"	45000	"slope"	-0.18389908385
"0.25"	"0.8"	"0.75"	"0.01"	"0.005"	"0.01"	"100000"	"10000"	"200"	"6945187227027982411"	45000	"intercept"	0.600504655
"0.25"	"0.8"	"0.75"	"0.01"	"0.005"	"0.01"	"100000"	"10000"	"200"	"6945187227027982411"	50000	"slope"	-0.12201981949
"0.25"	"0.8"	"0.75"	"0.01"	"0.005"	"0.01"	"100000"	"10000"	"200"	"6945187227027982411"	50000	"intercept"	0.575520445
"0.25"	"0.8"	"0.75"	"0.01"	"0.005"	"0.01"	"100000"	"10000"	"200"	"6945187227027982411"	55000	"slope"	-0.2061260078
"0.25"	"0.8"	"0.75"	"0.01"	"0.005"	"0.01"	"100000"	"10000"	"200"	"6945187227027982411"	55000	"intercept"	0.491312145
"0.25"	"0.8"	"0.75"	"0.01"	"0.005"	"0.01"	"100000"	"10000"	"200"	"6945187227027982411"	60000	"slope"	-0.13759975655
"0.25"	"0.8"	"0.75"	"0.01"	"0.005"	"0.01"	"100000"	"10000"	"200"	"6945187227027982411"	60000	"intercept"	0.655459925
"0.25"	"0.8"	"0.75"	"0.01"	"0.005"	"0.01"	"100000"	"10000"	"200"	"6945187227027982411"	65000	"slope"	-0.1266992071
"0.25"	"0.8"	"0.75"	"0.01"	"0.005"	"0.01"	"100000"	"10000"	"200"	"6945187227027982411"	65000	"intercept"	0.641043555
"0.25"	"0.8"	"0.75"	"0.01"	"0.005"	"0.01"	"100000"	"10000"	"200"	"6945187227027982411"	70000	"slope"	-0.1139305648
"0.25"	"0.8"	"0.75"	"0.01"	"0.005"	"0.01"	"100000"	"10000"	"200"	"6945187227027982411"	70000	"intercept"	0.5272283
"0.25"	"0.8"	"0.75"	"0.01"	"0.005"	"0.01"	"100000"	"10000"	"200"	"6945187227027982411"	75000	"slope"	-0.067719312
"0.25"	"0.8"	"0.75"	"0.01"	"0.005"	"0.01"	"100000"	"10000"	"200"	"6945187227027982411"	75000	"intercept"	0.54402722
"0.25"	"0.8"	"0.75"	"0.01"	"0.005"	"0.01"	"100000"	"10000"	"200"	"6945187227027982411"	80000	"slope"	-0.070864188
"0.25"	"0.8"	"0.75"	"0.01"	"0.005"	"0.01"	"100000"	"10000"	"200"	"6945187227027982411"	80000	"intercept"	0.542418805
"0.25"	"0.8"	"0.75"	"0.01"	"0.005"	"0.01"	"100000"	"10000"	"200"	"6945187227027982411"	85000	"slope"	-0.0352540169
"0.25"	"0.8"	"0.75"	"0.01"	"0.005"	"0.01"	"100000"	"10000"	"200"	"6945187227027982411"	85000	"intercept"	0.506965185
"0.25"	"0.8"	"0.75"	"0.01"	"0.005"	"0.01"	"100000"	"10000"	"200"	"6945187227027982411"	90000	"slope"	-0.025196535
"0.25"	"0.8"	"0.75"	"0.01"	"0.005"	"0.01"	"100000"	"10000"	"200"	"6945187227027982411"	90000	"intercept"	0.51199126
"0.25"	"0.8"	"0.75"	"0.01"	"0.005"	"0.01"	"100000"	"10000"	"200"	"6945187227027982411"	95000	"slope"	0.003755455
"0.25"	"0.8"	"0.75"	"0.01"	"0.005"	"0.01"	"100000"	"10000"	"200"	"6945187227027982411"	95000	"intercept"	0.61027583
"0.25"	"0.8"	"0.75"	"0.01"	"0.005"	"0.01"	"100000"	"10000"	"200"	"6945187227027982411"	100000	"slope"	-0.0539568395
"0.25"	"0.8"	"0.75"	"0.01"	"0.005"	"0.01"	"100000"	"10000"	"200"	"6945187227027982411"	100000	"intercept"	0.69069607
"0.25"	"0.8"	"0.75"	"0.01"	"0.005"	"0.01"	"100000"	"10000"	"200"	"835499171130494903"	10	"slope"	-1.496235e-06
"0.25"	"0.8"	"0.75"	"0.01"	"0.005"	"0.01"	"100000"	"10000"	"200"	"835499171130494903"	10	"intercept"	0.500130055
"0.25"	"0.8"	"0.75"	"0.01"	"0.005"	"0.01"	"100000"	"10000"	"200"	"835499171130494903"	5000	"slope"	-0.0105449332
"0.25"	"0.8"	"0.75"	"0.01"	"0.005"	"0.01"	"100000"	"10000"	"200"	"835499171130494903"	5000	"intercept"	0.5663012
"0.25"	"0.8"	"0.75"	"0.01"	"0.005"	"0.01"	"100000"	"10000"	"200"	"835499171130494903"	10000	"slope"	-0.035453674
"0.25"	"0.8"	"0.75"	"0.01"	"0.005"	"0.01"	"100000"	"10000"	"200"	"835499171130494903"	10000	"intercept"	0.537059105
"0.25"	"0.8"	"0.75"	"0.01"	"0.005"	"0.01"	"100000"	"10000"	"200"	"835499171130494903"	15000	"slope"	-0.0420781055
"0.25"	"0.8"	"0.75"	"0.01"	"0.005"	"0.01"	"100000"	"10000"	"200"	"835499171130494903"	15000	"intercept"	0.575411115
"0.25"	"0.8"	"0.75"	"0.01"	"0.005"	"0.01"	"100000"	"10000"	"200"	"835499171130494903"	20000	"slope"	-0.050495127
"0.25"	"0.8"	"0.75"	"0.01"	"0.005"	"0.01"	"100000"	"10000"	"200"	"835499171130494903"	20000	"intercept"	0.599385010145
"0.25"	"0.8"	"0.75"	"0.01"	"0.005"	"0.01"	"100000"	"10000"	"200"	"835499171130494903"	25000	"slope"	-0.08856346931
"0.25"	"0.8"	"0.75"	"0.01"	"0.005"	"0.01"	"100000"	"10000"	"200"	"835499171130494903"	25000	"intercept"	0.5531438
"0.25"	"0.8"	"0.75"	"0.01"	"0.005"	"0.01"	"100000"	"10000"	"200"	"835499171130494903"	30000	"slope"	-0.09435809653
"0.25"	"0.8"	"0.75"	"0.01"	"0.005"	"0.01"	"100000"	"10000"	"200"	"835499171130494903"	30000	"intercept"	0.647100805
"0.25"	"0.8"	"0.75"	"0.01"	"0.005"	"0.01"	"100000"	"10000"	"200"	"835499171130494903"	35000	"slope"	-0.136239113595
"0.25"	"0.8"	"0.75"	"0.01"	"0.005"	"0.01"	"100000"	"10000"	"200"	"835499171130494903"	35000	"intercept"	0.610594715
"0.25"	"0.8"	"0.75"	"0.01"	"0.005"	"0.01"	"100000"	"10000"	"200"	"835499171130494903"	40000	"slope"	-0.1481141736
"0.25"	"0.8"	"0.75"	"0.01"	"0.005"	"0.01"	"100000"	"10000"	"200"	"835499171130494903"	40000	"intercept"	0.55147624
"0.25"	"0.8"	"0.75"	"0.01"	"0.005"	"0.01"	"100000"	"10000"	"200"	"835499171130494903"	45000	"slope"	-0.0850653988
"0.25"	"0.8"	"0.75"	"0.01"	"0.005"	"0.01"	"100000"	"10000"	"200"	"835499171130494903"	45000	"intercept"	0.58904117
"0.25"	"0.8"	"0.75"	"0.01"	"0.005"	"0.01"	"100000"	"10000"	"200"	"835499171130494903"	50000	"slope"	-0.04876352595
"0.25"	"0.8"	"0.75"	"0.01"	"0.005"	"0.01"	"100000"	"10000"	"200"	"835499171130494903"	50000	"intercept"	0.603623165
"0.25"	"0.8"	"0.75"	"0.01"	"0.005"	"0.01"	"100000"	"10000"	"200"	"835499171130494903"	55000	"slope"	-0.095608725
"0.25"	"0.8"	"0.75"	"0.01"	"0.005"	"0.01"	"100000"	"10000"	"200"	"835499171130494903"	55000	"intercept"	0.468015585
"0.25"	"0.8"	"0.75"	"0.01"	"0.005"	"0.01"	"100000"	"10000"	"200"	"835499171130494903"	60000	"slope"	-0.0318307844
"0.25"	"0.8"	"0.75"	"0.01"	"0.005"	"0.01"	"100000"	"10000"	"200"	"835499171130494903"	60000	"intercept"	0.53433603
"0.25"	"0.8"	"0.75"	"0.01"	"0.005"	"0.01"	"100000"	"10000"	"200"	"835499171130494903"	65000	"slope"	-0.077214162015
"0.25"	"0.8"	"0.75"	"0.01"	"0.005"	"0.01"	"100000"	"10000"	"200"	"835499171130494903"	65000	"intercept"	0.52477548
"0.25"	"0.8"	"0.75"	"0.01"	"0.005"	"0.01"	"100000"	"10000"	"200"	"835499171130494903"	70000	"slope"	-0.1194414952
"0.25"	"0.8"	"0.75"	"0.01"	"0.005"	"0.01"	"100000"	"10000"	"200"	"835499171130494903"	70000	"intercept"	0.54313394
"0.25"	"0.8"	"0.75"	"0.01"	"0.005"	"0.01"	"100000"	"10000"	"200"	"835499171130494903"	75000	"slope"	-0.122619661315
"0.25"	"0.8"	"0.75"	"0.01"	"0.005"	"0.01"	"100000"	"10000"	"200"	"835499171130494903"	75000	"intercept"	0.564309015
"0.25"	"0.8"	"0.75"	"0.01"	"0.005"	"0.01"	"100000"	"10000"	"200"	"835499171130494903"	80000	"slope"	-0.111346124455
"0.25"	"0.8"	"0.75"	"0.01"	"0.005"	"0.01"	"100000"	"10000"	"200"	"835499171130494903"	80000	"intercept"	0.53144835
"0.25"	"0.8"	"0.75"	"0.01"	"0.005"	"0.01"	"100000"	"10000"	"200"	"835499171130494903"	85000	"slope"	-0.14571595951165
"0.25"	"0.8"	"0.75"	"0.01"	"0.005"	"0.01"	"100000"	"10000"	"200"	"835499171130494903"	85000	"intercept"	0.55284131
"0.25"	"0.8"	"0.75"	"0.01"	"0.005"	"0.01"	"100000"	"10000"	"200"	"835499171130494903"	90000	"slope"	-0.107753285208
"0.25"	"0.8"	"0.75"	"0.01"	"0.005"	"0.01"	"100000"	"10000"	"200"	"835499171130494903"	90000	"intercept"	0.696608755
"0.25"	"0.8"	"0.75"	"0.01"	"0.005"	"0.01"	"100000"	"10000"	"200"	"835499171130494903"	95000	"slope"	-0.1184451068
"0.25"	"0.8"	"0.75"	"0.01"	"0.005"	"0.01"	"100000"	"10000"	"200"	"835499171130494903"	95000	"intercept"	0.59569655
"0.25"	"0.8"	"0.75"	"0.01"	"0.005"	"0.01"	"100000"	"10000"	"200"	"835499171130494903"	100000	"slope"	-0.08961152632
"0.25"	"0.8"	"0.75"	"0.01"	"0.005"	"0.01"	"100000"	"10000"	"200"	"835499171130494903"	100000	"intercept"	0.58427801
"0.35"	"0.0"	"0.75"	"0.01"	"0.005"	"0.01"	"100000"	"10000"	"200"	"210060416180177551"	10	"slope"	-7.50025e-05
"0.35"	"0.0"	"0.75"	"0.01"	"0.005"	"0.01"	"100000"	"10000"	"200"	"210060416180177551"	10	"intercept"	0.500010225
"0.35"	"0.0"	"0.75"	"0.01"	"0.005"	"0.01"	"100000"	"10000"	"200"	"210060416180177551"	5000	"slope"	0.03163889521
"0.35"	"0.0"	"0.75"	"0.01"	"0.005"	"0.01"	"100000"	"10000"	"200"	"210060416180177551"	5000	"intercept"	0.58142923
"0.35"	"0.0"	"0.75"	"0.01"	"0.005"	"0.01"	"100000"	"10000"	"200"	"210060416180177551"	10000	"slope"	0.0387954975
"0.35"	"0.0"	"0.75"	"0.01"	"0.005"	"0.01"	"100000"	"10000"	"200"	"210060416180177551"	10000	"intercept"	0.58011919
"0.35"	"0.0"	"0.75"	"0.01"	"0.005"	"0.01"	"100000"	"10000"	"200"	"210060416180177551"	15000	"slope"	0.02859002669
"0.35"	"0.0"	"0.75"	"0.01"	"0.005"	"0.01"	"100000"	"10000"	"200"	"210060416180177551"	15000	"intercept"	0.58540326
"0.35"	"0.0"	"0.75"	"0.01"	"0.005"	"0.01"	"100000"	"10000"	"200"	"210060416180177551"	20000	"slope"	0.0149946992505
"0.35"	"0.0"	"0.75"	"0.01"	"0.005"	"0.01"	"100000"	"10000"	"200"	"210060416180177551"	20000	"intercept"	0.602776105
"0.35"	"0.0"	"0.75"	"0.01"	"0.005"	"0.01"	"100000"	"10000"	"200"	"210060416180177551"	25000	"slope"	0.03129162625
"0.35"	"0.0"	"0.75"	"0.01"	"0.005"	"0.01"	"100000"	"10000"	"200"	"210060416180177551"	25000	"intercept"	0.58725231
"0.35"	"0.0"	"0.75"	"0.01"	"0.005"	"0.01"	"100000"	"10000"	"200"	"210060416180177551"	30000	"slope"	0.030419427615
"0.35"	"0.0"	"0.75"	"0.01"	"0.005"	"0.01"	"100000"	"10000"	"200"	"210060416180177551"	30000	"intercept"	0.591897585
"0.35"	"0.0"	"0.75"	"0.01"	"0.005"	"0.01"	"100000"	"10000"	"200"	"210060416180177551"	35000	"slope"	-0.011943750468
"0.35"	"0.0"	"0.75"	"0.01"	"0.005"	"0.01"	"100000"	"10000"	"200"	"210060416180177551"	35000	"intercept"	0.62136157
"0.35"	"0.0"	"0.75"	"0.01"	"0.005"	"0.01"	"100000"	"10000"	"200"	"210060416180177551"	40000	"slope"	0.00298106924
"0.35"	"0.0"	"0.75"	"0.01"	"0.005"	"0.01"	"100000"	"10000"	"200"	"210060416180177551"	40000	"intercept"	0.604168905
"0.35"	"0.0"	"0.75"	"0.01"	"0.005"	"0.01"	"100000"	"10000"	"200"	"210060416180177551"	45000	"slope"	-0.0165990837
"0.35"	"0.0"	"0.75"	"0.01"	"0.005"	"0.01"	"100000"	"10000"	"200"	"210060416180177551"	45000	"intercept"	0.623975385
"0.35"	"0.0"	"0.75"	"0.01"	"0.005"	"0.01"	"100000"	"10000"	"200"	"210060416180177551"	50000	"slope"	-0.037306856105
"0.35"	"0.0"	"0.75"	"0.01"	"0.005"	"0.01"	"100000"	"10000"	"200"	"210060416180177551"	50000	"intercept"	0.633606335
"0.35"	"0.0"	"0.75"	"0.01"	"0.005"	"0.01"	"100000"	"10000"	"200"	"210060416180177551"	55000	"slope"	-0.05994117885
"0.35"	"0.0"	"0.75"	"0.01"	"0.005"	"0.01"	"100000"	"10000"	"200"	"210060416180177551"	55000	"intercept"	0.65955961
"0.35"	"0.0"	"0.75"	"0.01"	"0.005"	"0.01"	"100000"	"10000"	"200"	"210060416180177551"	60000	"slope"	-0.019635489905
"0.35"	"0.0"	"0.75"	"0.01"	"0.005"	"0.01"	"100000"	"10000"	"200"	"210060416180177551"	60000	"intercept"	0.62005598
"0.35"	"0.0"	"0.75"	"0.01"	"0.005"	"0.01"	"100000"	"10000"	"200"	"210060416180177551"	65000	"slope"	-0.01172056605
"0.35"	"0.0"	"0.75"	"0.01"	"0.005"	"0.01"	"100000"	"10000"	"200"	"210060416180177551"	65000	"intercept"	0.623828535
"0.35"	"0.0"	"0.75"	"0.01"	"0.005"	"0.01"	"100000"	"10000"	"200"	"210060416180177551"	70000	"slope"	-0.01308838618
"0.35"	"0.0"	"0.75"	"0.01"	"0.005"	"0.01"	"100000"	"10000"	"200"	"210060416180177551"	70000	"intercept"	0.62155942
"0.35"	"0.0"	"0.75"	"0.01"	"0.005"	"0.01"	"100000"	"10000"	"200"	"210060416180177551"	75000	"slope"	0.055672125
"0.35"	"0.0"	"0.75"	"0.01"	"0.005"	"0.01"	"100000"	"10000"	"200"	"210060416180177551"	75000	"intercept"	0.57400659
"0.35"	"0.0"	"0.75"	"0.01"	"0.005"	"0.01"	"100000"	"10000"	"200"	"210060416180177551"	80000	"slope"	0.0484728999
"0.35"	"0.0"	"0.75"	"0.01"	"0.005"	"0.01"	"100000"	"10000"	"200"	"210060416180177551"	80000	"intercept"	0.575974945
"0.35"	"0.0"	"0.75"	"0.01"	"0.005"	"0.01"	"100000"	"10000"	"200"	"210060416180177551"	85000	"slope"	-0.00765438952
"0.35"	"0.0"	"0.75"	"0.01"	"0.005"	"0.01"	"100000"	"10000"	"200"	"210060416180177551"	85000	"intercept"	0.61234962
"0.35"	"0.0"	"0.75"	"0.01"	"0.005"	"0.01"	"100000"	"10000"	"200"	"210060416180177551"	90000	"slope"	-0.00608820045
"0.35"	"0.0"	"0.75"	"0.01"	"0.005"	"0.01"	"100000"	"10000"	"200"	"210060416180177551"	90000	"intercept"	0.616738025
"0.35"	"0.0"	"0.75"	"0.01"	"0.005"	"0.01"	"100000"	"10000"	"200"	"210060416180177551"	95000	"slope"	-0.0062549652
"0.35"	"0.0"	"0.75"	"0.01"	"0.005"	"0.01"	"100000"	"10000"	"200"	"210060416180177551"	95000	"intercept"	0.60729909
"0.35"	"0.0"	"0.75"	"0.01"	"0.005"	"0.01"	"100000"	"10000"	"200"	"210060416180177551"	100000	"slope"	0.025872027175
"0.35"	"0.0"	"0.75"	"0.01"	"0.005"	"0.01"	"100000"	"10000"	"200"	"210060416180177551"	100000	"intercept"	0.59649701
"0.35"	"0.0"	"0.75"	"0.01"	"0.005"	"0.01"	"100000"	"10000"	"200"	"4617182362171449252"	10	"slope"	-6.36871e-05
"0.35"	"0.0"	"0.75"	"0.01"	"0.005"	"0.01"	"100000"	"10000"	"200"	"4617182362171449252"	10	"intercept"	0.50002728
"0.35"	"0.0"	"0.75"	"0.01"	"0.005"	"0.01"	"100000"	"10000"	"200"	"4617182362171449252"	5000	"slope"	0.0445969916
"0.35"	"0.0"	"0.75"	"0.01"	"0.005"	"0.01"	"100000"	"10000"	"200"	"4617182362171449252"	5000	"intercept"	0.569766155
"0.35"	"0.0"	"0.75"	"0.01"	"0.005"	"0.01"	"100000"	"10000"	"200"	"4617182362171449252"	10000	"slope"	0.03280586285
"0.35"	"0.0"	"0.75"	"0.01"	"0.005"	"0.01"	"100000"	"10000"	"200"	"4617182362171449252"	10000	"intercept"	0.58540883
"0.35"	"0.0"	"0.75"	"0.01"	"0.005"	"0.01"	"100000"	"10000"	"200"	"4617182362171449252"	15000	"slope"	0.01332230224
"0.35"	"0.0"	"0.75"	"0.01"	"0.005"	"0.01"	"100000"	"10000"	"200"	"4617182362171449252"	15000	"intercept"	0.600831545
"0.35"	"0.0"	"0.75"	"0.01"	"0.005"	"0.01"	"100000"	"10000"	"200"	"4617182362171449252"	20000	"slope"	0.018738252565
"0.35"	"0.0"	"0.75"	"0.01"	"0.005"	"0.01"	"100000"	"10000"	"200"	"4617182362171449252"	20000	"intercept"	0.60138298
"0.35"	"0.0"	"0.75"	"0.01"	"0.005"	"0.01"	"100000"	"10000"	"200"	"4617182362171449252"	25000	"slope"	0.01523562965
"0.35"	"0.0"	"0.75"	"0.01"	"0.005"	"0.01"	"100000"	"10000"	"200"	"4617182362171449252"	25000	"intercept"	0.60172724
"0.35"	"0.0"	"0.75"	"0.01"	"0.005"	"0.01"	"100000"	"10000"	"200"	"4617182362171449252"	30000	"slope"	0.00418091361
"0.35"	"0.0"	"0.75"	"0.01"	"0.005"	"0.01"	"100000"	"10000"	"200"	"4617182362171449252"	30000	"intercept"	0.604702635
"0.35"	"0.0"	"0.75"	"0.01"	"0.005"	"0.01"	"100000"	"10000"	"200"	"4617182362171449252"	35000	"slope"	-0.0055952792
"0.35"	"0.0"	"0.75"	"0.01"	"0.005"	"0.01"	"100000"	"10000"	"200"	"4617182362171449252"	35000	"intercept"	0.619779715
"0.35"	"0.0"	"0.75"	"0.01"	"0.005"	"0.01"	"100000"	"10000"	"200"	"4617182362171449252"	40000	"slope"	-0.028104103365
"0.35"	"0.0"	"0.75"	"0.01"	"0.005"	"0.01"	"100000"	"10000"	"200"	"4617182362171449252"	40000	"intercept"	0.63473424
"0.35"	"0.0"	"0.75"	"0.01"	"0.005"	"0.01"	"100000"	"10000"	"200"	"4617182362171449252"	45000	"slope"	0.01301597315
"0.35"	"0.0"	"0.75"	"0.01"	"0.005"	"0.01"	"100000"	"10000"	"200"	"4617182362171449252"	45000	"intercept"	0.601572375
"0.35"	"0.0"	"0.75"	"0.01"	"0.005"	"0.01"	"100000"	"10000"	"200"	"4617182362171449252"	50000	"slope"	-0.0281896000905
"0.35"	"0.0"	"0.75"	"0.01"	"0.005"	"0.01"	"100000"	"10000"	"200"	"4617182362171449252"	50000	"intercept"	0.634451555
"0.35"	"0.0"	"0.75"	"0.01"	"0.005"	"0.01"	"100000"	"10000"	"200"	"4617182362171449252"	55000	"slope"	0.00648861755
"0.35"	"0.0"	"0.75"	"0.01"	"0.005"	"0.01"	"100000"	"10000"	"200"	"4617182362171449252"	55000	"intercept"	0.608097865
"0.35"	"0.0"	"0.75"	"0.01"	"0.005"	"0.01"	"100000"	"10000"	"200"	"4617182362171449252"	60000	"slope"	0.005743095445
"0.35"	"0.0"	"0.75"	"0.01"	"0.005"	"0.01"	"100000"	"10000"	"200"	"4617182362171449252"	60000	"intercept"	0.594194735
"0.35"	"0.0"	"0.75"	"0.01"	"0.005"	"0.01"	"100000"	"10000"	"200"	"4617182362171449252"	65000	"slope"	0.02922889274
"0.35"	"0.0"	"0.75"	"0.01"	"0.005"	"0.01"	"100000"	"10000"	"200"	"4617182362171449252"	65000	"intercept"	0.589549945
"0.35"	"0.0"	"0.75"	"0.01"	"0.005"	"0.01"	"100000"	"10000"	"200"	"4617182362171449252"	70000	"slope"	0.0724687957
"0.35"	"0.0"	"0.75"	"0.01"	"0.005"	"0.01"	"100000"	"10000"	"200"	"4617182362171449252"	70000	"intercept"	0.558129125
"0.35"	"0.0"	"0.75"	"0.01"	"0.005"	"0.01"	"100000"	"10000"	"200"	"4617182362171449252"	75000	"slope"	-0.01133826914
"0.35"	"0.0"	"0.75"	"0.01"	"0.005"	"0.01"	"100000"	"10000"	"200"	"4617182362171449252"	75000	"intercept"	0.62670835
"0.35"	"0.0"	"0.75"	"0.01"	"0.005"	"0.01"	"100000"	"10000"	"200"	"4617182362171449252"	80000	"slope"	-0.061806494685
"0.35"	"0.0"	"0.75"	"0.01"	"0.005"	"0.01"	"100000"	"10000"	"200"	"4617182362171449252"	80000	"intercept"	0.656070465
"0.35"	"0.0"	"0.75"	"0.01"	"0.005"	"0.01"	"100000"	"10000"	"200"	"4617182362171449252"	85000	"slope"	-0.01821103582675
"0.35"	"0.0"	"0.75"	"0.01"	"0.005"	"0.01"	"100000"	"10000"	"200"	"4617182362171449252"	85000	"intercept"	0.62638408
"0.35"	"0.0"	"0.75"	"0.01"	"0.005"	"0.01"	"100000"	"10000"	"200"	"4617182362171449252"	90000	"slope"	0.0194624850825
"0.35"	"0.0"	"0.75"	"0.01"	"0.005"	"0.01"	"100000"	"10000"	"200"	"4617182362171449252"	90000	"intercept"	0.60802259
"0.35"	"0.0"	"0.75"	"0.01"	"0.005"	"0.01"	"100000"	"10000"	"200"	"4617182362171449252"	95000	"slope"	0.00394657565
"0.35"	"0.0"	"0.75"	"0.01"	"0.005"	"0.01"	"100000"	"10000"	"200"	"4617182362171449252"	95000	"intercept"	0.610076595
"0.35"	"0.0"	"0.75"	"0.01"	"0.005"	"0.01"	"100000"	"10000"	"200"	"4617182362171449252"	100000	"slope"	-0.02734860065
"0.35"	"0.0"	"0.75"	"0.01"	"0.005"	"0.01"	"100000"	"10000"	"200"	"4617182362171449252"	100000	"intercept"	0.62444657
"0.35"	"0.0"	"0.75"	"0.01"	"0.005"	"0.01"	"100000"	"10000"	"200"	"6874885284816991109"	10	"slope"	4.87025e-06
"0.35"	"0.0"	"0.75"	"0.01"	"0.005"	"0.01"	"100000"	"10000"	"200"	"6874885284816991109"	10	"intercept"	0.49999576
"0.35"	"0.0"	"0.75"	"0.01"	"0.005"	"0.01"	"100000"	"10000"	"200"	"6874885284816991109"	5000	"slope"	0.04734766148
"0.35"	"0.0"	"0.75"	"0.01"	"0.005"	"0.01"	"100000"	"10000"	"200"	"6874885284816991109"	5000	"intercept"	0.58389693
"0.35"	"0.0"	"0.75"	"0.01"	"0.005"	"0.01"	"100000"	"10000"	"200"	"6874885284816991109"	10000	"slope"	-0.01461970856
"0.35"	"0.0"	"0.75"	"0.01"	"0.005"	"0.01"	"100000"	"10000"	"200"	"6874885284816991109"	10000	"intercept"	0.616587025
"0.35"	"0.0"	"0.75"	"0.01"	"0.005"	"0.01"	"100000"	"10000"	"200"	"6874885284816991109"	15000	"slope"	0.0093694682
"0.35"	"0.0"	"0.75"	"0.01"	"0.005"	"0.01"	"100000"	"10000"	"200"	"6874885284816991109"	15000	"intercept"	0.612898015
"0.35"	"0.0"	"0.75"	"0.01"	"0.005"	"0.01"	"100000"	"10000"	"200"	"6874885284816991109"	20000	"slope"	0.024360222725
"0.35"	"0.0"	"0.75"	"0.01"	"0.005"	"0.01"	"100000"	"10000"	"200"	"6874885284816991109"	20000	"intercept"	0.60242997
"0.35"	"0.0"	"0.75"	"0.01"	"0.005"	"0.01"	"100000"	"10000"	"200"	"6874885284816991109"	25000	"slope"	-0.008893624025
"0.35"	"0.0"	"0.75"	"0.01"	"0.005"	"0.01"	"100000"	"10000"	"200"	"6874885284816991109"	25000	"intercept"	0.619633345
"0.35"	"0.0"	"0.75"	"0.01"	"0.005"	"0.01"	"100000"	"10000"	"200"	"6874885284816991109"	30000	"slope"	0.01142919075
"0.35"	"0.0"	"0.75"	"0.01"	"0.005"	"0.01"	"100000"	"10000"	"200"	"6874885284816991109"	30000	"intercept"	0.594563225
"0.35"	"0.0"	"0.75"	"0.01"	"0.005"	"0.01"	"100000"	"10000"	"200"	"6874885284816991109"	35000	"slope"	-0.00513676901
"0.35"	"0.0"	"0.75"	"0.01"	"0.005"	"0.01"	"100000"	"10000"	"200"	"6874885284816991109"	35000	"intercept"	0.617960935
"0.35"	"0.0"	"0.75"	"0.01"	"0.005"	"0.01"	"100000"	"10000"	"200"	"6874885284816991109"	40000	"slope"	0.000583659535
"0.35"	"0.0"	"0.75"	"0.01"	"0.005"	"0.01"	"100000"	"10000"	"200"	"6874885284816991109"	40000	"intercept"	0.61469821
"0.35"	"0.0"	"0.75"	"0.01"	"0.005"	"0.01"	"100000"	"10000"	"200"	"6874885284816991109"	45000	"slope"	0.019438285205
"0.35"	"0.0"	"0.75"	"0.01"	"0.005"	"0.01"	"100000"	"10000"	"200"	"6874885284816991109"	45000	"intercept"	0.60753016
"0.35"	"0.0"	"0.75"	"0.01"	"0.005"	"0.01"	"100000"	"10000"	"200"	"6874885284816991109"	50000	"slope"	0.01161313384
"0.35"	"0.0"	"0.75"	"0.01"	"0.005"	"0.01"	"100000"	"10000"	"200"	"6874885284816991109"	50000	"intercept"	0.594736815
"0.35"	"0.0"	"0.75"	"0.01"	"0.005"	"0.01"	"100000"	"10000"	"200"	"6874885284816991109"	55000	"slope"	0.039396717405
"0.35"	"0.0"	"0.75"	"0.01"	"0.005"	"0.01"	"100000"	"10000"	"200"	"6874885284816991109"	55000	"intercept"	0.586865015
"0.35"	"0.0"	"0.75"	"0.01"	"0.005"	"0.01"	"100000"	"10000"	"200"	"6874885284816991109"	60000	"slope"	0.0112709738075
"0.35"	"0.0"	"0.75"	"0.01"	"0.005"	"0.01"	"100000"	"10000"	"200"	"6874885284816991109"	60000	"intercept"	0.600699055
"0.35"	"0.0"	"0.75"	"0.01"	"0.005"	"0.01"	"100000"	"10000"	"200"	"6874885284816991109"	65000	"slope"	0.006883821
"0.35"	"0.0"	"0.75"	"0.01"	"0.005"	"0.01"	"100000"	"10000"	"200"	"6874885284816991109"	65000	"intercept"	0.61076046
"0.35"	"0.0"	"0.75"	"0.01"	"0.005"	"0.01"	"100000"	"10000"	"200"	"6874885284816991109"	70000	"slope"	-0.0140963389
"0.35"	"0.0"	"0.75"	"0.01"	"0.005"	"0.01"	"100000"	"10000"	"200"	"6874885284816991109"	70000	"intercept"	0.618018445
"0.35"	"0.0"	"0.75"	"0.01"	"0.005"	"0.01"	"100000"	"10000"	"200"	"6874885284816991109"	75000	"slope"	-0.030301154855
"0.35"	"0.0"	"0.75"	"0.01"	"0.005"	"0.01"	"100000"	"10000"	"200"	"6874885284816991109"	75000	"intercept"	0.63752948
"0.35"	"0.0"	"0.75"	"0.01"	"0.005"	"0.01"	"100000"	"10000"	"200"	"6874885284816991109"	80000	"slope"	0.0032225919
"0.35"	"0.0"	"0.75"	"0.01"	"0.005"	"0.01"	"100000"	"10000"	"200"	"6874885284816991109"	80000	"intercept"	0.603873775
"0.35"	"0.0"	"0.75"	"0.01"	"0.005"	"0.01"	"100000"	"10000"	"200"	"6874885284816991109"	85000	"slope"	-0.02005941737
"0.35"	"0.0"	"0.75"	"0.01"	"0.005"	"0.01"	"100000"	"10000"	"200"	"6874885284816991109"	85000	"intercept"	0.623273435
"0.35"	"0.0"	"0.75"	"0.01"	"0.005"	"0.01"	"100000"	"10000"	"200"	"6874885284816991109"	90000	"slope"	0.006495660185
"0.35"	"0.0"	"0.75"	"0.01"	"0.005"	"0.01"	"100000"	"10000"	"200"	"6874885284816991109"	90000	"intercept"	0.606414445
"0.35"	"0.0"	"0.75"	"0.01"	"0.005"	"0.01"	"100000"	"10000"	"200"	"6874885284816991109"	95000	"slope"	0.014618845
"0.35"	"0.0"	"0.75"	"0.01"	"0.005"	"0.01"	"100000"	"10000"	"200"	"6874885284816991109"	95000	"intercept"	0.58889105
"0.35"	"0.0"	"0.75"	"0.01"	"0.005"	"0.01"	"100000"	"10000"	"200"	"6874885284816991109"	100000	"slope"	0.010567267235
"0.35"	"0.0"	"0.75"	"0.01"	"0.005"	"0.01"	"100000"	"10000"	"200"	"6874885284816991109"	100000	"intercept"	0.609900895
"0.35"	"0.4"	"0.75"	"0.01"	"0.005"	"0.01"	"100000"	"10000"	"200"	"4598772456888753254"	10	"slope"	0.00019651305
"0.35"	"0.4"	"0.75"	"0.01"	"0.005"	"0.01"	"100000"	"10000"	"200"	"4598772456888753254"	10	"intercept"	0.49983442
"0.35"	"0.4"	"0.75"	"0.01"	"0.005"	"0.01"	"100000"	"10000"	"200"	"4598772456888753254"	5000	"slope"	0.0018902571415
"0.35"	"0.4"	"0.75"	"0.01"	"0.005"	"0.01"	"100000"	"10000"	"200"	"4598772456888753254"	5000	"intercept"	0.60197785
"0.35"	"0.4"	"0.75"	"0.01"	"0.005"	"0.01"	"100000"	"10000"	"200"	"4598772456888753254"	10000	"slope"	-0.033458480525
"0.35"	"0.4"	"0.75"	"0.01"	"0.005"	"0.01"	"100000"	"10000"	"200"	"4598772456888753254"	10000	"intercept"	0.628841875
"0.35"	"0.4"	"0.75"	"0.01"	"0.005"	"0.01"	"100000"	"10000"	"200"	"4598772456888753254"	15000	"slope"	-0.06999702105
"0.35"	"0.4"	"0.75"	"0.01"	"0.005"	"0.01"	"100000"	"10000"	"200"	"4598772456888753254"	15000	"intercept"	0.64171181
"0.35"	"0.4"	"0.75"	"0.01"	"0.005"	"0.01"	"100000"	"10000"	"200"	"4598772456888753254"	20000	"slope"	-0.08762270175
"0.35"	"0.4"	"0.75"	"0.01"	"0.005"	"0.01"	"100000"	"10000"	"200"	"4598772456888753254"	20000	"intercept"	0.66462935
"0.35"	"0.4"	"0.75"	"0.01"	"0.005"	"0.01"	"100000"	"10000"	"200"	"4598772456888753254"	25000	"slope"	-0.12234974615
"0.35"	"0.4"	"0.75"	"0.01"	"0.005"	"0.01"	"100000"	"10000"	"200"	"4598772456888753254"	25000	"intercept"	0.68100384
"0.35"	"0.4"	"0.75"	"0.01"	"0.005"	"0.01"	"100000"	"10000"	"200"	"4598772456888753254"	30000	"slope"	-0.1606292842
"0.35"	"0.4"	"0.75"	"0.01"	"0.005"	"0.01"	"100000"	"10000"	"200"	"4598772456888753254"	30000	"intercept"	0.70774673
"0.35"	"0.4"	"0.75"	"0.01"	"0.005"	"0.01"	"100000"	"10000"	"200"	"4598772456888753254"	35000	"slope"	-0.1358694155
"0.35"	"0.4"	"0.75"	"0.01"	"0.005"	"0.01"	"100000"	"10000"	"200"	"4598772456888753254"	35000	"intercept"	0.702278925
"0.35"	"0.4"	"0.75"	"0.01"	"0.005"	"0.01"	"100000"	"10000"	"200"	"4598772456888753254"	40000	"slope"	-0.143995616
"0.35"	"0.4"	"0.75"	"0.01"	"0.005"	"0.01"	"100000"	"10000"	"200"	"4598772456888753254"	40000	"intercept"	0.71008181
"0.35"	"0.4"	"0.75"	"0.01"	"0.005"	"0.01"	"100000"	"10000"	"200"	"4598772456888753254"	45000	"slope"	-0.146218945
"0.35"	"0.4"	"0.75"	"0.01"	"0.005"	"0.01"	"100000"	"10000"	"200"	"4598772456888753254"	45000	"intercept"	0.702298595
"0.35"	"0.4"	"0.75"	"0.01"	"0.005"	"0.01"	"100000"	"10000"	"200"	"4598772456888753254"	50000	"slope"	-0.1314033032
"0.35"	"0.4"	"0.75"	"0.01"	"0.005"	"0.01"	"100000"	"10000"	"200"	"4598772456888753254"	50000	"intercept"	0.69152619
"0.35"	"0.4"	"0.75"	"0.01"	"0.005"	"0.01"	"100000"	"10000"	"200"	"4598772456888753254"	55000	"slope"	-0.1678826195
"0.35"	"0.4"	"0.75"	"0.01"	"0.005"	"0.01"	"100000"	"10000"	"200"	"4598772456888753254"	55000	"intercept"	0.71509732
"0.35"	"0.4"	"0.75"	"0.01"	"0.005"	"0.01"	"100000"	"10000"	"200"	"4598772456888753254"	60000	"slope"	-0.1337261975
"0.35"	"0.4"	"0.75"	"0.01"	"0.005"	"0.01"	"100000"	"10000"	"200"	"4598772456888753254"	60000	"intercept"	0.70011352
"0.35"	"0.4"	"0.75"	"0.01"	"0.005"	"0.01"	"100000"	"10000"	"200"	"4598772456888753254"	65000	"slope"	-0.20360481
"0.35"	"0.4"	"0.75"	"0.01"	"0.005"	"0.01"	"100000"	"10000"	"200"	"4598772456888753254"	65000	"intercept"	0.747680925
"0.35"	"0.4"	"0.75"	"0.01"	"0.005"	"0.01"	"100000"	"10000"	"200"	"4598772456888753254"	70000	"slope"	-0.187791445
"0.35"	"0.4"	"0.75"	"0.01"	"0.005"	"0.01"	"100000"	"10000"	"200"	"4598772456888753254"	70000	"intercept"	0.72597498
"0.35"	"0.4"	"0.75"	"0.01"	"0.005"	"0.01"	"100000"	"10000"	"200"	"4598772456888753254"	75000	"slope"	-0.1535302085
"0.35"	"0.4"	"0.75"	"0.01"	"0.005"	"0.01"	"100000"	"10000"	"200"	"4598772456888753254"	75000	"intercept"	0.707437635
"0.35"	"0.4"	"0.75"	"0.01"	"0.005"	"0.01"	"100000"	"10000"	"200"	"4598772456888753254"	80000	"slope"	-0.1311195925
"0.35"	"0.4"	"0.75"	"0.01"	"0.005"	"0.01"	"100000"	"10000"	"200"	"4598772456888753254"	80000	"intercept"	0.69719092
"0.35"	"0.4"	"0.75"	"0.01"	"0.005"	"0.01"	"100000"	"10000"	"200"	"4598772456888753254"	85000	"slope"	-0.156074471
"0.35"	"0.4"	"0.75"	"0.01"	"0.005"	"0.01"	"100000"	"10000"	"200"	"4598772456888753254"	85000	"intercept"	0.70643
"0.35"	"0.4"	"0.75"	"0.01"	"0.005"	"0.01"	"100000"	"10000"	"200"	"4598772456888753254"	90000	"slope"	-0.122990396
"0.35"	"0.4"	"0.75"	"0.01"	"0.005"	"0.01"	"100000"	"10000"	"200"	"4598772456888753254"	90000	"intercept"	0.683269275
"0.35"	"0.4"	"0.75"	"0.01"	"0.005"	"0.01"	"100000"	"10000"	"200"	"4598772456888753254"	95000	"slope"	-0.1455654665
"0.35"	"0.4"	"0.75"	"0.01"	"0.005"	"0.01"	"100000"	"10000"	"200"	"4598772456888753254"	95000	"intercept"	0.704424475
"0.35"	"0.4"	"0.75"	"0.01"	"0.005"	"0.01"	"100000"	"10000"	"200"	"4598772456888753254"	100000	"slope"	-0.13030295955
"0.35"	"0.4"	"0.75"	"0.01"	"0.005"	"0.01"	"100000"	"10000"	"200"	"4598772456888753254"	100000	"intercept"	0.69157965
"0.35"	"0.4"	"0.75"	"0.01"	"0.005"	"0.01"	"100000"	"10000"	"200"	"5641462420459730550"	10	"slope"	-9.19434999999999e-06
"0.35"	"0.4"	"0.75"	"0.01"	"0.005"	"0.01"	"100000"	"10000"	"200"	"5641462420459730550"	10	"intercept"	0.4999972
"0.35"	"0.4"	"0.75"	"0.01"	"0.005"	"0.01"	"100000"	"10000"	"200"	"5641462420459730550"	5000	"slope"	0.012430927755
"0.35"	"0.4"	"0.75"	"0.01"	"0.005"	"0.01"	"100000"	"10000"	"200"	"5641462420459730550"	5000	"intercept"	0.589355705
"0.35"	"0.4"	"0.75"	"0.01"	"0.005"	"0.01"	"100000"	"10000"	"200"	"5641462420459730550"	10000	"slope"	-0.01978999579
"0.35"	"0.4"	"0.75"	"0.01"	"0.005"	"0.01"	"100000"	"10000"	"200"	"5641462420459730550"	10000	"intercept"	0.621434955
"0.35"	"0.4"	"0.75"	"0.01"	"0.005"	"0.01"	"100000"	"10000"	"200"	"5641462420459730550"	15000	"slope"	-0.0542818973
"0.35"	"0.4"	"0.75"	"0.01"	"0.005"	"0.01"	"100000"	"10000"	"200"	"5641462420459730550"	15000	"intercept"	0.635615715
"0.35"	"0.4"	"0.75"	"0.01"	"0.005"	"0.01"	"100000"	"10000"	"200"	"5641462420459730550"	20000	"slope"	-0.0683105438
"0.35"	"0.4"	"0.75"	"0.01"	"0.005"	"0.01"	"100000"	"10000"	"200"	"5641462420459730550"	20000	"intercept"	0.638917645
"0.35"	"0.4"	"0.75"	"0.01"	"0.005"	"0.01"	"100000"	"10000"	"200"	"5641462420459730550"	25000	"slope"	-0.085983018401
"0.35"	"0.4"	"0.75"	"0.01"	"0.005"	"0.01"	"100000"	"10000"	"200"	"5641462420459730550"	25000	"intercept"	0.66093452
"0.35"	"0.4"	"0.75"	"0.01"	"0.005"	"0.01"	"100000"	"10000"	"200"	"5641462420459730550"	30000	"slope"	-0.1015063585
"0.35"	"0.4"	"0.75"	"0.01"	"0.005"	"0.01"	"100000"	"10000"	"200"	"5641462420459730550"	30000	"intercept"	0.6713542
"0.35"	"0.4"	"0.75"	"0.01"	"0.005"	"0.01"	"100000"	"10000"	"200"	"5641462420459730550"	35000	"slope"	-0.1102025431
"0.35"	"0.4"	"0.75"	"0.01"	"0.005"	"0.01"	"100000"	"10000"	"200"	"5641462420459730550"	35000	"intercept"	0.67703723
"0.35"	"0.4"	"0.75"	"0.01"	"0.005"	"0.01"	"100000"	"10000"	"200"	"5641462420459730550"	40000	"slope"	-0.0790091045
"0.35"	"0.4"	"0.75"	"0.01"	"0.005"	"0.01"	"100000"	"10000"	"200"	"5641462420459730550"	40000	"intercept"	0.661352355
"0.35"	"0.4"	"0.75"	"0.01"	"0.005"	"0.01"	"100000"	"10000"	"200"	"5641462420459730550"	45000	"slope"	-0.08482494795
"0.35"	"0.4"	"0.75"	"0.01"	"0.005"	"0.01"	"100000"	"10000"	"200"	"5641462420459730550"	45000	"intercept"	0.66470377
"0.35"	"0.4"	"0.75"	"0.01"	"0.005"	"0.01"	"100000"	"10000"	"200"	"5641462420459730550"	50000	"slope"	-0.163321165
"0.35"	"0.4"	"0.75"	"0.01"	"0.005"	"0.01"	"100000"	"10000"	"200"	"5641462420459730550"	50000	"intercept"	0.709781115
"0.35"	"0.4"	"0.75"	"0.01"	"0.005"	"0.01"	"100000"	"10000"	"200"	"5641462420459730550"	55000	"slope"	-0.162086453
"0.35"	"0.4"	"0.75"	"0.01"	"0.005"	"0.01"	"100000"	"10000"	"200"	"5641462420459730550"	55000	"intercept"	0.711399685
"0.35"	"0.4"	"0.75"	"0.01"	"0.005"	"0.01"	"100000"	"10000"	"200"	"5641462420459730550"	60000	"slope"	-0.1346762465
"0.35"	"0.4"	"0.75"	"0.01"	"0.005"	"0.01"	"100000"	"10000"	"200"	"5641462420459730550"	60000	"intercept"	0.694095865
"0.35"	"0.4"	"0.75"	"0.01"	"0.005"	"0.01"	"100000"	"10000"	"200"	"5641462420459730550"	65000	"slope"	-0.129238177
"0.35"	"0.4"	"0.75"	"0.01"	"0.005"	"0.01"	"100000"	"10000"	"200"	"5641462420459730550"	65000	"intercept"	0.69509751
"0.35"	"0.4"	"0.75"	"0.01"	"0.005"	"0.01"	"100000"	"10000"	"200"	"5641462420459730550"	70000	"slope"	-0.143713778
"0.35"	"0.4"	"0.75"	"0.01"	"0.005"	"0.01"	"100000"	"10000"	"200"	"5641462420459730550"	70000	"intercept"	0.695357085
"0.35"	"0.4"	"0.75"	"0.01"	"0.005"	"0.01"	"100000"	"10000"	"200"	"5641462420459730550"	75000	"slope"	-0.144028459
"0.35"	"0.4"	"0.75"	"0.01"	"0.005"	"0.01"	"100000"	"10000"	"200"	"5641462420459730550"	75000	"intercept"	0.69505756
"0.35"	"0.4"	"0.75"	"0.01"	"0.005"	"0.01"	"100000"	"10000"	"200"	"5641462420459730550"	80000	"slope"	-0.1754179425
"0.35"	"0.4"	"0.75"	"0.01"	"0.005"	"0.01"	"100000"	"10000"	"200"	"5641462420459730550"	80000	"intercept"	0.726792095
"0.35"	"0.4"	"0.75"	"0.01"	"0.005"	"0.01"	"100000"	"10000"	"200"	"5641462420459730550"	85000	"slope"	-0.1707531735
"0.35"	"0.4"	"0.75"	"0.01"	"0.005"	"0.01"	"100000"	"10000"	"200"	"5641462420459730550"	85000	"intercept"	0.71010569
"0.35"	"0.4"	"0.75"	"0.01"	"0.005"	"0.01"	"100000"	"10000"	"200"	"5641462420459730550"	90000	"slope"	-0.143503972
"0.35"	"0.4"	"0.75"	"0.01"	"0.005"	"0.01"	"100000"	"10000"	"200"	"5641462420459730550"	90000	"intercept"	0.700807915
"0.35"	"0.4"	"0.75"	"0.01"	"0.005"	"0.01"	"100000"	"10000"	"200"	"5641462420459730550"	95000	"slope"	-0.13619601725
"0.35"	"0.4"	"0.75"	"0.01"	"0.005"	"0.01"	"100000"	"10000"	"200"	"5641462420459730550"	95000	"intercept"	0.698407765
"0.35"	"0.4"	"0.75"	"0.01"	"0.005"	"0.01"	"100000"	"10000"	"200"	"5641462420459730550"	100000	"slope"	-0.1313595645
"0.35"	"0.4"	"0.75"	"0.01"	"0.005"	"0.01"	"100000"	"10000"	"200"	"5641462420459730550"	100000	"intercept"	0.69733983
"0.35"	"0.4"	"0.75"	"0.01"	"0.005"	"0.01"	"100000"	"10000"	"200"	"7566412867163861706"	10	"slope"	-0.00028053779
"0.35"	"0.4"	"0.75"	"0.01"	"0.005"	"0.01"	"100000"	"10000"	"200"	"7566412867163861706"	10	"intercept"	0.499753055
"0.35"	"0.4"	"0.75"	"0.01"	"0.005"	"0.01"	"100000"	"10000"	"200"	"7566412867163861706"	5000	"slope"	0.053818324615
"0.35"	"0.4"	"0.75"	"0.01"	"0.005"	"0.01"	"100000"	"10000"	"200"	"7566412867163861706"	5000	"intercept"	0.56661441
"0.35"	"0.4"	"0.75"	"0.01"	"0.005"	"0.01"	"100000"	"10000"	"200"	"7566412867163861706"	10000	"slope"	0.00516456596
"0.35"	"0.4"	"0.75"	"0.01"	"0.005"	"0.01"	"100000"	"10000"	"200"	"7566412867163861706"	10000	"intercept"	0.60687748
"0.35"	"0.4"	"0.75"	"0.01"	"0.005"	"0.01"	"100000"	"10000"	"200"	"7566412867163861706"	15000	"slope"	0.003920621515
"0.35"	"0.4"	"0.75"	"0.01"	"0.005"	"0.01"	"100000"	"10000"	"200"	"7566412867163861706"	15000	"intercept"	0.60402703
"0.35"	"0.4"	"0.75"	"0.01"	"0.005"	"0.01"	"100000"	"10000"	"200"	"7566412867163861706"	20000	"slope"	-0.029591133195
"0.35"	"0.4"	"0.75"	"0.01"	"0.005"	"0.01"	"100000"	"10000"	"200"	"7566412867163861706"	20000	"intercept"	0.622992745
"0.35"	"0.4"	"0.75"	"0.01"	"0.005"	"0.01"	"100000"	"10000"	"200"	"7566412867163861706"	25000	"slope"	-0.035795202527
"0.35"	"0.4"	"0.75"	"0.01"	"0.005"	"0.01"	"100000"	"10000"	"200"	"7566412867163861706"	25000	"intercept"	0.631861125
"0.35"	"0.4"	"0.75"	"0.01"	"0.005"	"0.01"	"100000"	"10000"	"200"	"7566412867163861706"	30000	"slope"	-0.035600207855
"0.35"	"0.4"	"0.75"	"0.01"	"0.005"	"0.01"	"100000"	"10000"	"200"	"7566412867163861706"	30000	"intercept"	0.63611106
"0.35"	"0.4"	"0.75"	"0.01"	"0.005"	"0.01"	"100000"	"10000"	"200"	"7566412867163861706"	35000	"slope"	-0.03626905405
"0.35"	"0.4"	"0.75"	"0.01"	"0.005"	"0.01"	"100000"	"10000"	"200"	"7566412867163861706"	35000	"intercept"	0.627677735
"0.35"	"0.4"	"0.75"	"0.01"	"0.005"	"0.01"	"100000"	"10000"	"200"	"7566412867163861706"	40000	"slope"	-0.10980021715
"0.35"	"0.4"	"0.75"	"0.01"	"0.005"	"0.01"	"100000"	"10000"	"200"	"7566412867163861706"	40000	"intercept"	0.674019935
"0.35"	"0.4"	"0.75"	"0.01"	"0.005"	"0.01"	"100000"	"10000"	"200"	"7566412867163861706"	45000	"slope"	-0.08265318775
"0.35"	"0.4"	"0.75"	"0.01"	"0.005"	"0.01"	"100000"	"10000"	"200"	"7566412867163861706"	45000	"intercept"	0.65621532
"0.35"	"0.4"	"0.75"	"0.01"	"0.005"	"0.01"	"100000"	"10000"	"200"	"7566412867163861706"	50000	"slope"	-0.11175394175
"0.35"	"0.4"	"0.75"	"0.01"	"0.005"	"0.01"	"100000"	"10000"	"200"	"7566412867163861706"	50000	"intercept"	0.682643
"0.35"	"0.4"	"0.75"	"0.01"	"0.005"	"0.01"	"100000"	"10000"	"200"	"7566412867163861706"	55000	"slope"	-0.16584100285
"0.35"	"0.4"	"0.75"	"0.01"	"0.005"	"0.01"	"100000"	"10000"	"200"	"7566412867163861706"	55000	"intercept"	0.71302163
"0.35"	"0.4"	"0.75"	"0.01"	"0.005"	"0.01"	"100000"	"10000"	"200"	"7566412867163861706"	60000	"slope"	-0.1531588335
"0.35"	"0.4"	"0.75"	"0.01"	"0.005"	"0.01"	"100000"	"10000"	"200"	"7566412867163861706"	60000	"intercept"	0.71058033
"0.35"	"0.4"	"0.75"	"0.01"	"0.005"	"0.01"	"100000"	"10000"	"200"	"7566412867163861706"	65000	"slope"	-0.1551754465
"0.35"	"0.4"	"0.75"	"0.01"	"0.005"	"0.01"	"100000"	"10000"	"200"	"7566412867163861706"	65000	"intercept"	0.70854816
"0.35"	"0.4"	"0.75"	"0.01"	"0.005"	"0.01"	"100000"	"10000"	"200"	"7566412867163861706"	70000	"slope"	-0.1419421585
"0.35"	"0.4"	"0.75"	"0.01"	"0.005"	"0.01"	"100000"	"10000"	"200"	"7566412867163861706"	70000	"intercept"	0.69846052
"0.35"	"0.4"	"0.75"	"0.01"	"0.005"	"0.01"	"100000"	"10000"	"200"	"7566412867163861706"	75000	"slope"	-0.1565706855
"0.35"	"0.4"	"0.75"	"0.01"	"0.005"	"0.01"	"100000"	"10000"	"200"	"7566412867163861706"	75000	"intercept"	0.712335235
"0.35"	"0.4"	"0.75"	"0.01"	"0.005"	"0.01"	"100000"	"10000"	"200"	"7566412867163861706"	80000	"slope"	-0.1600454855
"0.35"	"0.4"	"0.75"	"0.01"	"0.005"	"0.01"	"100000"	"10000"	"200"	"7566412867163861706"	80000	"intercept"	0.718812755
"0.35"	"0.4"	"0.75"	"0.01"	"0.005"	"0.01"	"100000"	"10000"	"200"	"7566412867163861706"	85000	"slope"	-0.150748786
"0.35"	"0.4"	"0.75"	"0.01"	"0.005"	"0.01"	"100000"	"10000"	"200"	"7566412867163861706"	85000	"intercept"	0.70573064
"0.35"	"0.4"	"0.75"	"0.01"	"0.005"	"0.01"	"100000"	"10000"	"200"	"7566412867163861706"	90000	"slope"	-0.187485719
"0.35"	"0.4"	"0.75"	"0.01"	"0.005"	"0.01"	"100000"	"10000"	"200"	"7566412867163861706"	90000	"intercept"	0.736447115
"0.35"	"0.4"	"0.75"	"0.01"	"0.005"	"0.01"	"100000"	"10000"	"200"	"7566412867163861706"	95000	"slope"	-0.197836786
"0.35"	"0.4"	"0.75"	"0.01"	"0.005"	"0.01"	"100000"	"10000"	"200"	"7566412867163861706"	95000	"intercept"	0.74077875
"0.35"	"0.4"	"0.75"	"0.01"	"0.005"	"0.01"	"100000"	"10000"	"200"	"7566412867163861706"	100000	"slope"	-0.19941438
"0.35"	"0.4"	"0.75"	"0.01"	"0.005"	"0.01"	"100000"	"10000"	"200"	"7566412867163861706"	100000	"intercept"	0.736091965
"0.35"	"0.6"	"0.75"	"0.01"	"0.005"	"0.01"	"100000"	"10000"	"200"	"4245634868286634607"	10	"slope"	2.19201e-05
"0.35"	"0.6"	"0.75"	"0.01"	"0.005"	"0.01"	"100000"	"10000"	"200"	"4245634868286634607"	10	"intercept"	0.50008693
"0.35"	"0.6"	"0.75"	"0.01"	"0.005"	"0.01"	"100000"	"10000"	"200"	"4245634868286634607"	5000	"slope"	0.033009370835
"0.35"	"0.6"	"0.75"	"0.01"	"0.005"	"0.01"	"100000"	"10000"	"200"	"4245634868286634607"	5000	"intercept"	0.572637635
"0.35"	"0.6"	"0.75"	"0.01"	"0.005"	"0.01"	"100000"	"10000"	"200"	"4245634868286634607"	10000	"slope"	0.026425795785
"0.35"	"0.6"	"0.75"	"0.01"	"0.005"	"0.01"	"100000"	"10000"	"200"	"4245634868286634607"	10000	"intercept"	0.573067705
"0.35"	"0.6"	"0.75"	"0.01"	"0.005"	"0.01"	"100000"	"10000"	"200"	"4245634868286634607"	15000	"slope"	0.00220310426
"0.35"	"0.6"	"0.75"	"0.01"	"0.005"	"0.01"	"100000"	"10000"	"200"	"4245634868286634607"	15000	"intercept"	0.612185605
"0.35"	"0.6"	"0.75"	"0.01"	"0.005"	"0.01"	"100000"	"10000"	"200"	"4245634868286634607"	20000	"slope"	-0.03565305095
"0.35"	"0.6"	"0.75"	"0.01"	"0.005"	"0.01"	"100000"	"10000"	"200"	"4245634868286634607"	20000	"intercept"	0.612270155
"0.35"	"0.6"	"0.75"	"0.01"	"0.005"	"0.01"	"100000"	"10000"	"200"	"4245634868286634607"	25000	"slope"	-0.1453609535
"0.35"	"0.6"	"0.75"	"0.01"	"0.005"	"0.01"	"100000"	"10000"	"200"	"4245634868286634607"	25000	"intercept"	0.70548053
"0.35"	"0.6"	"0.75"	"0.01"	"0.005"	"0.01"	"100000"	"10000"	"200"	"4245634868286634607"	30000	"slope"	-0.1443770735
"0.35"	"0.6"	"0.75"	"0.01"	"0.005"	"0.01"	"100000"	"10000"	"200"	"4245634868286634607"	30000	"intercept"	0.712010115
"0.35"	"0.6"	"0.75"	"0.01"	"0.005"	"0.01"	"100000"	"10000"	"200"	"4245634868286634607"	35000	"slope"	-0.1960060425
"0.35"	"0.6"	"0.75"	"0.01"	"0.005"	"0.01"	"100000"	"10000"	"200"	"4245634868286634607"	35000	"intercept"	0.68858272
"0.35"	"0.6"	"0.75"	"0.01"	"0.005"	"0.01"	"100000"	"10000"	"200"	"4245634868286634607"	40000	"slope"	-0.20943518785
"0.35"	"0.6"	"0.75"	"0.01"	"0.005"	"0.01"	"100000"	"10000"	"200"	"4245634868286634607"	40000	"intercept"	0.731434865
"0.35"	"0.6"	"0.75"	"0.01"	"0.005"	"0.01"	"100000"	"10000"	"200"	"4245634868286634607"	45000	"slope"	-0.2255223539
"0.35"	"0.6"	"0.75"	"0.01"	"0.005"	"0.01"	"100000"	"10000"	"200"	"4245634868286634607"	45000	"intercept"	0.74379035
"0.35"	"0.6"	"0.75"	"0.01"	"0.005"	"0.01"	"100000"	"10000"	"200"	"4245634868286634607"	50000	"slope"	-0.2445031831
"0.35"	"0.6"	"0.75"	"0.01"	"0.005"	"0.01"	"100000"	"10000"	"200"	"4245634868286634607"	50000	"intercept"	0.74400526
"0.35"	"0.6"	"0.75"	"0.01"	"0.005"	"0.01"	"100000"	"10000"	"200"	"4245634868286634607"	55000	"slope"	-0.24366832648
"0.35"	"0.6"	"0.75"	"0.01"	"0.005"	"0.01"	"100000"	"10000"	"200"	"4245634868286634607"	55000	"intercept"	0.72100473
"0.35"	"0.6"	"0.75"	"0.01"	"0.005"	"0.01"	"100000"	"10000"	"200"	"4245634868286634607"	60000	"slope"	-0.2497482608
"0.35"	"0.6"	"0.75"	"0.01"	"0.005"	"0.01"	"100000"	"10000"	"200"	"4245634868286634607"	60000	"intercept"	0.683069445
"0.35"	"0.6"	"0.75"	"0.01"	"0.005"	"0.01"	"100000"	"10000"	"200"	"4245634868286634607"	65000	"slope"	-0.2461041866
"0.35"	"0.6"	"0.75"	"0.01"	"0.005"	"0.01"	"100000"	"10000"	"200"	"4245634868286634607"	65000	"intercept"	0.717355288
"0.35"	"0.6"	"0.75"	"0.01"	"0.005"	"0.01"	"100000"	"10000"	"200"	"4245634868286634607"	70000	"slope"	-0.2300091861
"0.35"	"0.6"	"0.75"	"0.01"	"0.005"	"0.01"	"100000"	"10000"	"200"	"4245634868286634607"	70000	"intercept"	0.7061982405
"0.35"	"0.6"	"0.75"	"0.01"	"0.005"	"0.01"	"100000"	"10000"	"200"	"4245634868286634607"	75000	"slope"	-0.285117548695
"0.35"	"0.6"	"0.75"	"0.01"	"0.005"	"0.01"	"100000"	"10000"	"200"	"4245634868286634607"	75000	"intercept"	0.5983636565
"0.35"	"0.6"	"0.75"	"0.01"	"0.005"	"0.01"	"100000"	"10000"	"200"	"4245634868286634607"	80000	"slope"	-0.2029185347
"0.35"	"0.6"	"0.75"	"0.01"	"0.005"	"0.01"	"100000"	"10000"	"200"	"4245634868286634607"	80000	"intercept"	0.6274548345
"0.35"	"0.6"	"0.75"	"0.01"	"0.005"	"0.01"	"100000"	"10000"	"200"	"4245634868286634607"	85000	"slope"	-0.2138708747
"0.35"	"0.6"	"0.75"	"0.01"	"0.005"	"0.01"	"100000"	"10000"	"200"	"4245634868286634607"	85000	"intercept"	0.5879146705
"0.35"	"0.6"	"0.75"	"0.01"	"0.005"	"0.01"	"100000"	"10000"	"200"	"4245634868286634607"	90000	"slope"	-0.179290328045
"0.35"	"0.6"	"0.75"	"0.01"	"0.005"	"0.01"	"100000"	"10000"	"200"	"4245634868286634607"	90000	"intercept"	0.613484755
"0.35"	"0.6"	"0.75"	"0.01"	"0.005"	"0.01"	"100000"	"10000"	"200"	"4245634868286634607"	95000	"slope"	-0.16796913755
"0.35"	"0.6"	"0.75"	"0.01"	"0.005"	"0.01"	"100000"	"10000"	"200"	"4245634868286634607"	95000	"intercept"	0.64488903
"0.35"	"0.6"	"0.75"	"0.01"	"0.005"	"0.01"	"100000"	"10000"	"200"	"4245634868286634607"	100000	"slope"	-0.17364539388
"0.35"	"0.6"	"0.75"	"0.01"	"0.005"	"0.01"	"100000"	"10000"	"200"	"4245634868286634607"	100000	"intercept"	0.69817294
"0.35"	"0.6"	"0.75"	"0.01"	"0.005"	"0.01"	"100000"	"10000"	"200"	"6284136838892954758"	10	"slope"	0.0001319382
"0.35"	"0.6"	"0.75"	"0.01"	"0.005"	"0.01"	"100000"	"10000"	"200"	"6284136838892954758"	10	"intercept"	0.499929615
"0.35"	"0.6"	"0.75"	"0.01"	"0.005"	"0.01"	"100000"	"10000"	"200"	"6284136838892954758"	5000	"slope"	0.02694432499
"0.35"	"0.6"	"0.75"	"0.01"	"0.005"	"0.01"	"100000"	"10000"	"200"	"6284136838892954758"	5000	"intercept"	0.57903175
"0.35"	"0.6"	"0.75"	"0.01"	"0.005"	"0.01"	"100000"	"10000"	"200"	"6284136838892954758"	10000	"slope"	-0.05355636265
"0.35"	"0.6"	"0.75"	"0.01"	"0.005"	"0.01"	"100000"	"10000"	"200"	"6284136838892954758"	10000	"intercept"	0.628007375
"0.35"	"0.6"	"0.75"	"0.01"	"0.005"	"0.01"	"100000"	"10000"	"200"	"6284136838892954758"	15000	"slope"	-0.06529415324
"0.35"	"0.6"	"0.75"	"0.01"	"0.005"	"0.01"	"100000"	"10000"	"200"	"6284136838892954758"	15000	"intercept"	0.64841668
"0.35"	"0.6"	"0.75"	"0.01"	"0.005"	"0.01"	"100000"	"10000"	"200"	"6284136838892954758"	20000	"slope"	-0.09269180213
"0.35"	"0.6"	"0.75"	"0.01"	"0.005"	"0.01"	"100000"	"10000"	"200"	"6284136838892954758"	20000	"intercept"	0.65948058
"0.35"	"0.6"	"0.75"	"0.01"	"0.005"	"0.01"	"100000"	"10000"	"200"	"6284136838892954758"	25000	"slope"	-0.15539760734
"0.35"	"0.6"	"0.75"	"0.01"	"0.005"	"0.01"	"100000"	"10000"	"200"	"6284136838892954758"	25000	"intercept"	0.654099285
"0.35"	"0.6"	"0.75"	"0.01"	"0.005"	"0.01"	"100000"	"10000"	"200"	"6284136838892954758"	30000	"slope"	-0.14282964555
"0.35"	"0.6"	"0.75"	"0.01"	"0.005"	"0.01"	"100000"	"10000"	"200"	"6284136838892954758"	30000	"intercept"	0.651245385
"0.35"	"0.6"	"0.75"	"0.01"	"0.005"	"0.01"	"100000"	"10000"	"200"	"6284136838892954758"	35000	"slope"	-0.1210847425
"0.35"	"0.6"	"0.75"	"0.01"	"0.005"	"0.01"	"100000"	"10000"	"200"	"6284136838892954758"	35000	"intercept"	0.628785115
"0.35"	"0.6"	"0.75"	"0.01"	"0.005"	"0.01"	"100000"	"10000"	"200"	"6284136838892954758"	40000	"slope"	-0.089624554
"0.35"	"0.6"	"0.75"	"0.01"	"0.005"	"0.01"	"100000"	"10000"	"200"	"6284136838892954758"	40000	"intercept"	0.64830704
"0.35"	"0.6"	"0.75"	"0.01"	"0.005"	"0.01"	"100000"	"10000"	"200"	"6284136838892954758"	45000	"slope"	-0.052989218
"0.35"	"0.6"	"0.75"	"0.01"	"0.005"	"0.01"	"100000"	"10000"	"200"	"6284136838892954758"	45000	"intercept"	0.616726013
"0.35"	"0.6"	"0.75"	"0.01"	"0.005"	"0.01"	"100000"	"10000"	"200"	"6284136838892954758"	50000	"slope"	-0.0877317085
"0.35"	"0.6"	"0.75"	"0.01"	"0.005"	"0.01"	"100000"	"10000"	"200"	"6284136838892954758"	50000	"intercept"	0.6401874164
"0.35"	"0.6"	"0.75"	"0.01"	"0.005"	"0.01"	"100000"	"10000"	"200"	"6284136838892954758"	55000	"slope"	-0.133447275515
"0.35"	"0.6"	"0.75"	"0.01"	"0.005"	"0.01"	"100000"	"10000"	"200"	"6284136838892954758"	55000	"intercept"	0.61073308936
"0.35"	"0.6"	"0.75"	"0.01"	"0.005"	"0.01"	"100000"	"10000"	"200"	"6284136838892954758"	60000	"slope"	-0.14276730295
"0.35"	"0.6"	"0.75"	"0.01"	"0.005"	"0.01"	"100000"	"10000"	"200"	"6284136838892954758"	60000	"intercept"	0.640914225
"0.35"	"0.6"	"0.75"	"0.01"	"0.005"	"0.01"	"100000"	"10000"	"200"	"6284136838892954758"	65000	"slope"	-0.2000472415975
"0.35"	"0.6"	"0.75"	"0.01"	"0.005"	"0.01"	"100000"	"10000"	"200"	"6284136838892954758"	65000	"intercept"	0.525973485
"0.35"	"0.6"	"0.75"	"0.01"	"0.005"	"0.01"	"100000"	"10000"	"200"	"6284136838892954758"	70000	"slope"	-0.152326667645
"0.35"	"0.6"	"0.75"	"0.01"	"0.005"	"0.01"	"100000"	"10000"	"200"	"6284136838892954758"	70000	"intercept"	0.679998835
"0.35"	"0.6"	"0.75"	"0.01"	"0.005"	"0.01"	"100000"	"10000"	"200"	"6284136838892954758"	75000	"slope"	-0.1430610304
"0.35"	"0.6"	"0.75"	"0.01"	"0.005"	"0.01"	"100000"	"10000"	"200"	"6284136838892954758"	75000	"intercept"	0.677863025
"0.35"	"0.6"	"0.75"	"0.01"	"0.005"	"0.01"	"100000"	"10000"	"200"	"6284136838892954758"	80000	"slope"	-0.10035285554
"0.35"	"0.6"	"0.75"	"0.01"	"0.005"	"0.01"	"100000"	"10000"	"200"	"6284136838892954758"	80000	"intercept"	0.732096
"0.35"	"0.6"	"0.75"	"0.01"	"0.005"	"0.01"	"100000"	"10000"	"200"	"6284136838892954758"	85000	"slope"	-0.11535954755
"0.35"	"0.6"	"0.75"	"0.01"	"0.005"	"0.01"	"100000"	"10000"	"200"	"6284136838892954758"	85000	"intercept"	0.6420045
"0.35"	"0.6"	"0.75"	"0.01"	"0.005"	"0.01"	"100000"	"10000"	"200"	"6284136838892954758"	90000	"slope"	-0.1166534879
"0.35"	"0.6"	"0.75"	"0.01"	"0.005"	"0.01"	"100000"	"10000"	"200"	"6284136838892954758"	90000	"intercept"	0.67245787
"0.35"	"0.6"	"0.75"	"0.01"	"0.005"	"0.01"	"100000"	"10000"	"200"	"6284136838892954758"	95000	"slope"	-0.09730908605
"0.35"	"0.6"	"0.75"	"0.01"	"0.005"	"0.01"	"100000"	"10000"	"200"	"6284136838892954758"	95000	"intercept"	0.66385927
"0.35"	"0.6"	"0.75"	"0.01"	"0.005"	"0.01"	"100000"	"10000"	"200"	"6284136838892954758"	100000	"slope"	-0.117936398635
"0.35"	"0.6"	"0.75"	"0.01"	"0.005"	"0.01"	"100000"	"10000"	"200"	"6284136838892954758"	100000	"intercept"	0.63263165
"0.35"	"0.6"	"0.75"	"0.01"	"0.005"	"0.01"	"100000"	"10000"	"200"	"8080862329962294395"	10	"slope"	0.0001347826
"0.35"	"0.6"	"0.75"	"0.01"	"0.005"	"0.01"	"100000"	"10000"	"200"	"8080862329962294395"	10	"intercept"	0.500078245
"0.35"	"0.6"	"0.75"	"0.01"	"0.005"	"0.01"	"100000"	"10000"	"200"	"8080862329962294395"	5000	"slope"	0.003686554195
"0.35"	"0.6"	"0.75"	"0.01"	"0.005"	"0.01"	"100000"	"10000"	"200"	"8080862329962294395"	5000	"intercept"	0.59378803
"0.35"	"0.6"	"0.75"	"0.01"	"0.005"	"0.01"	"100000"	"10000"	"200"	"8080862329962294395"	10000	"slope"	-0.03745962995
"0.35"	"0.6"	"0.75"	"0.01"	"0.005"	"0.01"	"100000"	"10000"	"200"	"8080862329962294395"	10000	"intercept"	0.61740075
"0.35"	"0.6"	"0.75"	"0.01"	"0.005"	"0.01"	"100000"	"10000"	"200"	"8080862329962294395"	15000	"slope"	-0.08748072476
"0.35"	"0.6"	"0.75"	"0.01"	"0.005"	"0.01"	"100000"	"10000"	"200"	"8080862329962294395"	15000	"intercept"	0.65672836
"0.35"	"0.6"	"0.75"	"0.01"	"0.005"	"0.01"	"100000"	"10000"	"200"	"8080862329962294395"	20000	"slope"	-0.14769110211
"0.35"	"0.6"	"0.75"	"0.01"	"0.005"	"0.01"	"100000"	"10000"	"200"	"8080862329962294395"	20000	"intercept"	0.66299914
"0.35"	"0.6"	"0.75"	"0.01"	"0.005"	"0.01"	"100000"	"10000"	"200"	"8080862329962294395"	25000	"slope"	-0.13881434965
"0.35"	"0.6"	"0.75"	"0.01"	"0.005"	"0.01"	"100000"	"10000"	"200"	"8080862329962294395"	25000	"intercept"	0.71533094
"0.35"	"0.6"	"0.75"	"0.01"	"0.005"	"0.01"	"100000"	"10000"	"200"	"8080862329962294395"	30000	"slope"	-0.188737584245
"0.35"	"0.6"	"0.75"	"0.01"	"0.005"	"0.01"	"100000"	"10000"	"200"	"8080862329962294395"	30000	"intercept"	0.660658165
"0.35"	"0.6"	"0.75"	"0.01"	"0.005"	"0.01"	"100000"	"10000"	"200"	"8080862329962294395"	35000	"slope"	-0.159644439175
"0.35"	"0.6"	"0.75"	"0.01"	"0.005"	"0.01"	"100000"	"10000"	"200"	"8080862329962294395"	35000	"intercept"	0.718019295
"0.35"	"0.6"	"0.75"	"0.01"	"0.005"	"0.01"	"100000"	"10000"	"200"	"8080862329962294395"	40000	"slope"	-0.2146058931
"0.35"	"0.6"	"0.75"	"0.01"	"0.005"	"0.01"	"100000"	"10000"	"200"	"8080862329962294395"	40000	"intercept"	0.68963022
"0.35"	"0.6"	"0.75"	"0.01"	"0.005"	"0.01"	"100000"	"10000"	"200"	"8080862329962294395"	45000	"slope"	-0.21686923485
"0.35"	"0.6"	"0.75"	"0.01"	"0.005"	"0.01"	"100000"	"10000"	"200"	"8080862329962294395"	45000	"intercept"	0.699837095
"0.35"	"0.6"	"0.75"	"0.01"	"0.005"	"0.01"	"100000"	"10000"	"200"	"8080862329962294395"	50000	"slope"	-0.217903592
"0.35"	"0.6"	"0.75"	"0.01"	"0.005"	"0.01"	"100000"	"10000"	"200"	"8080862329962294395"	50000	"intercept"	0.711062305
"0.35"	"0.6"	"0.75"	"0.01"	"0.005"	"0.01"	"100000"	"10000"	"200"	"8080862329962294395"	55000	"slope"	-0.216542926
"0.35"	"0.6"	"0.75"	"0.01"	"0.005"	"0.01"	"100000"	"10000"	"200"	"8080862329962294395"	55000	"intercept"	0.697392105
"0.35"	"0.6"	"0.75"	"0.01"	"0.005"	"0.01"	"100000"	"10000"	"200"	"8080862329962294395"	60000	"slope"	-0.288786584
"0.35"	"0.6"	"0.75"	"0.01"	"0.005"	"0.01"	"100000"	"10000"	"200"	"8080862329962294395"	60000	"intercept"	0.726948555
"0.35"	"0.6"	"0.75"	"0.01"	"0.005"	"0.01"	"100000"	"10000"	"200"	"8080862329962294395"	65000	"slope"	-0.258981955135
"0.35"	"0.6"	"0.75"	"0.01"	"0.005"	"0.01"	"100000"	"10000"	"200"	"8080862329962294395"	65000	"intercept"	0.765994005
"0.35"	"0.6"	"0.75"	"0.01"	"0.005"	"0.01"	"100000"	"10000"	"200"	"8080862329962294395"	70000	"slope"	-0.2461484493
"0.35"	"0.6"	"0.75"	"0.01"	"0.005"	"0.01"	"100000"	"10000"	"200"	"8080862329962294395"	70000	"intercept"	0.736289105
"0.35"	"0.6"	"0.75"	"0.01"	"0.005"	"0.01"	"100000"	"10000"	"200"	"8080862329962294395"	75000	"slope"	-0.2865987475
"0.35"	"0.6"	"0.75"	"0.01"	"0.005"	"0.01"	"100000"	"10000"	"200"	"8080862329962294395"	75000	"intercept"	0.720092385
"0.35"	"0.6"	"0.75"	"0.01"	"0.005"	"0.01"	"100000"	"10000"	"200"	"8080862329962294395"	80000	"slope"	-0.297807291
"0.35"	"0.6"	"0.75"	"0.01"	"0.005"	"0.01"	"100000"	"10000"	"200"	"8080862329962294395"	80000	"intercept"	0.714632795
"0.35"	"0.6"	"0.75"	"0.01"	"0.005"	"0.01"	"100000"	"10000"	"200"	"8080862329962294395"	85000	"slope"	-0.3445260495
"0.35"	"0.6"	"0.75"	"0.01"	"0.005"	"0.01"	"100000"	"10000"	"200"	"8080862329962294395"	85000	"intercept"	0.689716701125
"0.35"	"0.6"	"0.75"	"0.01"	"0.005"	"0.01"	"100000"	"10000"	"200"	"8080862329962294395"	90000	"slope"	-0.3613304555
"0.35"	"0.6"	"0.75"	"0.01"	"0.005"	"0.01"	"100000"	"10000"	"200"	"8080862329962294395"	90000	"intercept"	0.7037838819
"0.35"	"0.6"	"0.75"	"0.01"	"0.005"	"0.01"	"100000"	"10000"	"200"	"8080862329962294395"	95000	"slope"	-0.284599972
"0.35"	"0.6"	"0.75"	"0.01"	"0.005"	"0.01"	"100000"	"10000"	"200"	"8080862329962294395"	95000	"intercept"	0.75233133116
"0.35"	"0.6"	"0.75"	"0.01"	"0.005"	"0.01"	"100000"	"10000"	"200"	"8080862329962294395"	100000	"slope"	-0.2638560845635
"0.35"	"0.6"	"0.75"	"0.01"	"0.005"	"0.01"	"100000"	"10000"	"200"	"8080862329962294395"	100000	"intercept"	0.7198414135
"0.35"	"0.8"	"0.75"	"0.01"	"0.005"	"0.01"	"100000"	"10000"	"200"	"1840936543038514235"	10	"slope"	-7.4883e-05
"0.35"	"0.8"	"0.75"	"0.01"	"0.005"	"0.01"	"100000"	"10000"	"200"	"1840936543038514235"	10	"intercept"	0.50031887
"0.35"	"0.8"	"0.75"	"0.01"	"0.005"	"0.01"	"100000"	"10000"	"200"	"1840936543038514235"	5000	"slope"	-0.0422374593285
"0.35"	"0.8"	"0.75"	"0.01"	"0.005"	"0.01"	"100000"	"10000"	"200"	"1840936543038514235"	5000	"intercept"	0.61571885
"0.35"	"0.8"	"0.75"	"0.01"	"0.005"	"0.01"	"100000"	"10000"	"200"	"1840936543038514235"	10000	"slope"	-0.1427665017
"0.35"	"0.8"	"0.75"	"0.01"	"0.005"	"0.01"	"100000"	"10000"	"200"	"1840936543038514235"	10000	"intercept"	0.64230323
"0.35"	"0.8"	"0.75"	"0.01"	"0.005"	"0.01"	"100000"	"10000"	"200"	"1840936543038514235"	15000	"slope"	-0.145513181047
"0.35"	"0.8"	"0.75"	"0.01"	"0.005"	"0.01"	"100000"	"10000"	"200"	"1840936543038514235"	15000	"intercept"	0.66196476
"0.35"	"0.8"	"0.75"	"0.01"	"0.005"	"0.01"	"100000"	"10000"	"200"	"1840936543038514235"	20000	"slope"	-0.161937364652
"0.35"	"0.8"	"0.75"	"0.01"	"0.005"	"0.01"	"100000"	"10000"	"200"	"1840936543038514235"	20000	"intercept"	0.6852307587
"0.35"	"0.8"	"0.75"	"0.01"	"0.005"	"0.01"	"100000"	"10000"	"200"	"1840936543038514235"	25000	"slope"	-0.20571640685
"0.35"	"0.8"	"0.75"	"0.01"	"0.005"	"0.01"	"100000"	"10000"	"200"	"1840936543038514235"	25000	"intercept"	0.71970946
"0.35"	"0.8"	"0.75"	"0.01"	"0.005"	"0.01"	"100000"	"10000"	"200"	"1840936543038514235"	30000	"slope"	-0.1836641931795
"0.35"	"0.8"	"0.75"	"0.01"	"0.005"	"0.01"	"100000"	"10000"	"200"	"1840936543038514235"	30000	"intercept"	0.69164468
"0.35"	"0.8"	"0.75"	"0.01"	"0.005"	"0.01"	"100000"	"10000"	"200"	"1840936543038514235"	35000	"slope"	-0.18745281774
"0.35"	"0.8"	"0.75"	"0.01"	"0.005"	"0.01"	"100000"	"10000"	"200"	"1840936543038514235"	35000	"intercept"	0.66310327
"0.35"	"0.8"	"0.75"	"0.01"	"0.005"	"0.01"	"100000"	"10000"	"200"	"1840936543038514235"	40000	"slope"	-0.17776963705
"0.35"	"0.8"	"0.75"	"0.01"	"0.005"	"0.01"	"100000"	"10000"	"200"	"1840936543038514235"	40000	"intercept"	0.63352405
"0.35"	"0.8"	"0.75"	"0.01"	"0.005"	"0.01"	"100000"	"10000"	"200"	"1840936543038514235"	45000	"slope"	-0.21390913031
"0.35"	"0.8"	"0.75"	"0.01"	"0.005"	"0.01"	"100000"	"10000"	"200"	"1840936543038514235"	45000	"intercept"	0.620756725
"0.35"	"0.8"	"0.75"	"0.01"	"0.005"	"0.01"	"100000"	"10000"	"200"	"1840936543038514235"	50000	"slope"	-0.143021459025
"0.35"	"0.8"	"0.75"	"0.01"	"0.005"	"0.01"	"100000"	"10000"	"200"	"1840936543038514235"	50000	"intercept"	0.69967484
"0.35"	"0.8"	"0.75"	"0.01"	"0.005"	"0.01"	"100000"	"10000"	"200"	"1840936543038514235"	55000	"slope"	-0.17225709115
"0.35"	"0.8"	"0.75"	"0.01"	"0.005"	"0.01"	"100000"	"10000"	"200"	"1840936543038514235"	55000	"intercept"	0.632503815
"0.35"	"0.8"	"0.75"	"0.01"	"0.005"	"0.01"	"100000"	"10000"	"200"	"1840936543038514235"	60000	"slope"	-0.1377516094
"0.35"	"0.8"	"0.75"	"0.01"	"0.005"	"0.01"	"100000"	"10000"	"200"	"1840936543038514235"	60000	"intercept"	0.689982105
"0.35"	"0.8"	"0.75"	"0.01"	"0.005"	"0.01"	"100000"	"10000"	"200"	"1840936543038514235"	65000	"slope"	-0.14954781055
"0.35"	"0.8"	"0.75"	"0.01"	"0.005"	"0.01"	"100000"	"10000"	"200"	"1840936543038514235"	65000	"intercept"	0.575219395
"0.35"	"0.8"	"0.75"	"0.01"	"0.005"	"0.01"	"100000"	"10000"	"200"	"1840936543038514235"	70000	"slope"	-0.15711016375
"0.35"	"0.8"	"0.75"	"0.01"	"0.005"	"0.01"	"100000"	"10000"	"200"	"1840936543038514235"	70000	"intercept"	0.524551045
"0.35"	"0.8"	"0.75"	"0.01"	"0.005"	"0.01"	"100000"	"10000"	"200"	"1840936543038514235"	75000	"slope"	-0.2028379435
"0.35"	"0.8"	"0.75"	"0.01"	"0.005"	"0.01"	"100000"	"10000"	"200"	"1840936543038514235"	75000	"intercept"	0.39442396
"0.35"	"0.8"	"0.75"	"0.01"	"0.005"	"0.01"	"100000"	"10000"	"200"	"1840936543038514235"	80000	"slope"	-0.1328376965
"0.35"	"0.8"	"0.75"	"0.01"	"0.005"	"0.01"	"100000"	"10000"	"200"	"1840936543038514235"	80000	"intercept"	0.57916401
"0.35"	"0.8"	"0.75"	"0.01"	"0.005"	"0.01"	"100000"	"10000"	"200"	"1840936543038514235"	85000	"slope"	-0.16827334195
"0.35"	"0.8"	"0.75"	"0.01"	"0.005"	"0.01"	"100000"	"10000"	"200"	"1840936543038514235"	85000	"intercept"	0.51956721
"0.35"	"0.8"	"0.75"	"0.01"	"0.005"	"0.01"	"100000"	"10000"	"200"	"1840936543038514235"	90000	"slope"	-0.0470676623
"0.35"	"0.8"	"0.75"	"0.01"	"0.005"	"0.01"	"100000"	"10000"	"200"	"1840936543038514235"	90000	"intercept"	0.72559955
"0.35"	"0.8"	"0.75"	"0.01"	"0.005"	"0.01"	"100000"	"10000"	"200"	"1840936543038514235"	95000	"slope"	-0.12941500415
"0.35"	"0.8"	"0.75"	"0.01"	"0.005"	"0.01"	"100000"	"10000"	"200"	"1840936543038514235"	95000	"intercept"	0.600194795
"0.35"	"0.8"	"0.75"	"0.01"	"0.005"	"0.01"	"100000"	"10000"	"200"	"1840936543038514235"	100000	"slope"	-0.1008749625
"0.35"	"0.8"	"0.75"	"0.01"	"0.005"	"0.01"	"100000"	"10000"	"200"	"1840936543038514235"	100000	"intercept"	0.538094915
"0.35"	"0.8"	"0.75"	"0.01"	"0.005"	"0.01"	"100000"	"10000"	"200"	"7253656829606173248"	10	"slope"	5.84925e-05
"0.35"	"0.8"	"0.75"	"0.01"	"0.005"	"0.01"	"100000"	"10000"	"200"	"7253656829606173248"	10	"intercept"	0.49995615
"0.35"	"0.8"	"0.75"	"0.01"	"0.005"	"0.01"	"100000"	"10000"	"200"	"7253656829606173248"	5000	"slope"	-0.03435156855
"0.35"	"0.8"	"0.75"	"0.01"	"0.005"	"0.01"	"100000"	"10000"	"200"	"7253656829606173248"	5000	"intercept"	0.582707975
"0.35"	"0.8"	"0.75"	"0.01"	"0.005"	"0.01"	"100000"	"10000"	"200"	"7253656829606173248"	10000	"slope"	-0.086146215
"0.35"	"0.8"	"0.75"	"0.01"	"0.005"	"0.01"	"100000"	"10000"	"200"	"7253656829606173248"	10000	"intercept"	0.59962785
"0.35"	"0.8"	"0.75"	"0.01"	"0.005"	"0.01"	"100000"	"10000"	"200"	"7253656829606173248"	15000	"slope"	-0.129179663345
"0.35"	"0.8"	"0.75"	"0.01"	"0.005"	"0.01"	"100000"	"10000"	"200"	"7253656829606173248"	15000	"intercept"	0.60238339665
"0.35"	"0.8"	"0.75"	"0.01"	"0.005"	"0.01"	"100000"	"10000"	"200"	"7253656829606173248"	20000	"slope"	-0.13160549655
"0.35"	"0.8"	"0.75"	"0.01"	"0.005"	"0.01"	"100000"	"10000"	"200"	"7253656829606173248"	20000	"intercept"	0.64456875
"0.35"	"0.8"	"0.75"	"0.01"	"0.005"	"0.01"	"100000"	"10000"	"200"	"7253656829606173248"	25000	"slope"	-0.17682817186
"0.35"	"0.8"	"0.75"	"0.01"	"0.005"	"0.01"	"100000"	"10000"	"200"	"7253656829606173248"	25000	"intercept"	0.65438948
"0.35"	"0.8"	"0.75"	"0.01"	"0.005"	"0.01"	"100000"	"10000"	"200"	"7253656829606173248"	30000	"slope"	-0.16929808782
"0.35"	"0.8"	"0.75"	"0.01"	"0.005"	"0.01"	"100000"	"10000"	"200"	"7253656829606173248"	30000	"intercept"	0.574069605
"0.35"	"0.8"	"0.75"	"0.01"	"0.005"	"0.01"	"100000"	"10000"	"200"	"7253656829606173248"	35000	"slope"	-0.1061382794
"0.35"	"0.8"	"0.75"	"0.01"	"0.005"	"0.01"	"100000"	"10000"	"200"	"7253656829606173248"	35000	"intercept"	0.59328703
"0.35"	"0.8"	"0.75"	"0.01"	"0.005"	"0.01"	"100000"	"10000"	"200"	"7253656829606173248"	40000	"slope"	-0.1427691164985
"0.35"	"0.8"	"0.75"	"0.01"	"0.005"	"0.01"	"100000"	"10000"	"200"	"7253656829606173248"	40000	"intercept"	0.53344251
"0.35"	"0.8"	"0.75"	"0.01"	"0.005"	"0.01"	"100000"	"10000"	"200"	"7253656829606173248"	45000	"slope"	-0.14281012485
"0.35"	"0.8"	"0.75"	"0.01"	"0.005"	"0.01"	"100000"	"10000"	"200"	"7253656829606173248"	45000	"intercept"	0.463673545
"0.35"	"0.8"	"0.75"	"0.01"	"0.005"	"0.01"	"100000"	"10000"	"200"	"7253656829606173248"	50000	"slope"	-0.12252935632
"0.35"	"0.8"	"0.75"	"0.01"	"0.005"	"0.01"	"100000"	"10000"	"200"	"7253656829606173248"	50000	"intercept"	0.46794158
"0.35"	"0.8"	"0.75"	"0.01"	"0.005"	"0.01"	"100000"	"10000"	"200"	"7253656829606173248"	55000	"slope"	-0.0681284083
"0.35"	"0.8"	"0.75"	"0.01"	"0.005"	"0.01"	"100000"	"10000"	"200"	"7253656829606173248"	55000	"intercept"	0.484216545
"0.35"	"0.8"	"0.75"	"0.01"	"0.005"	"0.01"	"100000"	"10000"	"200"	"7253656829606173248"	60000	"slope"	-0.00629330175
"0.35"	"0.8"	"0.75"	"0.01"	"0.005"	"0.01"	"100000"	"10000"	"200"	"7253656829606173248"	60000	"intercept"	0.566099285
"0.35"	"0.8"	"0.75"	"0.01"	"0.005"	"0.01"	"100000"	"10000"	"200"	"7253656829606173248"	65000	"slope"	0.0147030675
"0.35"	"0.8"	"0.75"	"0.01"	"0.005"	"0.01"	"100000"	"10000"	"200"	"7253656829606173248"	65000	"intercept"	0.5932691
"0.35"	"0.8"	"0.75"	"0.01"	"0.005"	"0.01"	"100000"	"10000"	"200"	"7253656829606173248"	70000	"slope"	-0.0504793885
"0.35"	"0.8"	"0.75"	"0.01"	"0.005"	"0.01"	"100000"	"10000"	"200"	"7253656829606173248"	70000	"intercept"	0.479050465
"0.35"	"0.8"	"0.75"	"0.01"	"0.005"	"0.01"	"100000"	"10000"	"200"	"7253656829606173248"	75000	"slope"	-0.05769142005
"0.35"	"0.8"	"0.75"	"0.01"	"0.005"	"0.01"	"100000"	"10000"	"200"	"7253656829606173248"	75000	"intercept"	0.381242285
"0.35"	"0.8"	"0.75"	"0.01"	"0.005"	"0.01"	"100000"	"10000"	"200"	"7253656829606173248"	80000	"slope"	-0.0188243255
"0.35"	"0.8"	"0.75"	"0.01"	"0.005"	"0.01"	"100000"	"10000"	"200"	"7253656829606173248"	80000	"intercept"	0.48334103
"0.35"	"0.8"	"0.75"	"0.01"	"0.005"	"0.01"	"100000"	"10000"	"200"	"7253656829606173248"	85000	"slope"	-0.01086593613
"0.35"	"0.8"	"0.75"	"0.01"	"0.005"	"0.01"	"100000"	"10000"	"200"	"7253656829606173248"	85000	"intercept"	0.46666722
"0.35"	"0.8"	"0.75"	"0.01"	"0.005"	"0.01"	"100000"	"10000"	"200"	"7253656829606173248"	90000	"slope"	-0.0205718768
"0.35"	"0.8"	"0.75"	"0.01"	"0.005"	"0.01"	"100000"	"10000"	"200"	"7253656829606173248"	90000	"intercept"	0.55360713
"0.35"	"0.8"	"0.75"	"0.01"	"0.005"	"0.01"	"100000"	"10000"	"200"	"7253656829606173248"	95000	"slope"	0.002458231
"0.35"	"0.8"	"0.75"	"0.01"	"0.005"	"0.01"	"100000"	"10000"	"200"	"7253656829606173248"	95000	"intercept"	0.507382765
"0.35"	"0.8"	"0.75"	"0.01"	"0.005"	"0.01"	"100000"	"10000"	"200"	"7253656829606173248"	100000	"slope"	-0.0571342866
"0.35"	"0.8"	"0.75"	"0.01"	"0.005"	"0.01"	"100000"	"10000"	"200"	"7253656829606173248"	100000	"intercept"	0.51391367
"0.35"	"0.8"	"0.75"	"0.01"	"0.005"	"0.01"	"100000"	"10000"	"200"	"7653889866792414732"	10	"slope"	0.0001317317
"0.35"	"0.8"	"0.75"	"0.01"	"0.005"	"0.01"	"100000"	"10000"	"200"	"7653889866792414732"	10	"intercept"	0.50010852
"0.35"	"0.8"	"0.75"	"0.01"	"0.005"	"0.01"	"100000"	"10000"	"200"	"7653889866792414732"	5000	"slope"	-0.02996145815
"0.35"	"0.8"	"0.75"	"0.01"	"0.005"	"0.01"	"100000"	"10000"	"200"	"7653889866792414732"	5000	"intercept"	0.602428185
"0.35"	"0.8"	"0.75"	"0.01"	"0.005"	"0.01"	"100000"	"10000"	"200"	"7653889866792414732"	10000	"slope"	-0.028127367
"0.35"	"0.8"	"0.75"	"0.01"	"0.005"	"0.01"	"100000"	"10000"	"200"	"7653889866792414732"	10000	"intercept"	0.633507195
"0.35"	"0.8"	"0.75"	"0.01"	"0.005"	"0.01"	"100000"	"10000"	"200"	"7653889866792414732"	15000	"slope"	-0.11557949
"0.35"	"0.8"	"0.75"	"0.01"	"0.005"	"0.01"	"100000"	"10000"	"200"	"7653889866792414732"	15000	"intercept"	0.616278015
"0.35"	"0.8"	"0.75"	"0.01"	"0.005"	"0.01"	"100000"	"10000"	"200"	"7653889866792414732"	20000	"slope"	-0.1734917153105
"0.35"	"0.8"	"0.75"	"0.01"	"0.005"	"0.01"	"100000"	"10000"	"200"	"7653889866792414732"	20000	"intercept"	0.647934083925
"0.35"	"0.8"	"0.75"	"0.01"	"0.005"	"0.01"	"100000"	"10000"	"200"	"7653889866792414732"	25000	"slope"	-0.218919459345
"0.35"	"0.8"	"0.75"	"0.01"	"0.005"	"0.01"	"100000"	"10000"	"200"	"7653889866792414732"	25000	"intercept"	0.644636615
"0.35"	"0.8"	"0.75"	"0.01"	"0.005"	"0.01"	"100000"	"10000"	"200"	"7653889866792414732"	30000	"slope"	-0.18476448208
"0.35"	"0.8"	"0.75"	"0.01"	"0.005"	"0.01"	"100000"	"10000"	"200"	"7653889866792414732"	30000	"intercept"	0.66472022
"0.35"	"0.8"	"0.75"	"0.01"	"0.005"	"0.01"	"100000"	"10000"	"200"	"7653889866792414732"	35000	"slope"	-0.17172238046
"0.35"	"0.8"	"0.75"	"0.01"	"0.005"	"0.01"	"100000"	"10000"	"200"	"7653889866792414732"	35000	"intercept"	0.545974985
"0.35"	"0.8"	"0.75"	"0.01"	"0.005"	"0.01"	"100000"	"10000"	"200"	"7653889866792414732"	40000	"slope"	-0.152733215385
"0.35"	"0.8"	"0.75"	"0.01"	"0.005"	"0.01"	"100000"	"10000"	"200"	"7653889866792414732"	40000	"intercept"	0.542492215
"0.35"	"0.8"	"0.75"	"0.01"	"0.005"	"0.01"	"100000"	"10000"	"200"	"7653889866792414732"	45000	"slope"	-0.168853060245
"0.35"	"0.8"	"0.75"	"0.01"	"0.005"	"0.01"	"100000"	"10000"	"200"	"7653889866792414732"	45000	"intercept"	0.537523465
"0.35"	"0.8"	"0.75"	"0.01"	"0.005"	"0.01"	"100000"	"10000"	"200"	"7653889866792414732"	50000	"slope"	-0.1752738828
"0.35"	"0.8"	"0.75"	"0.01"	"0.005"	"0.01"	"100000"	"10000"	"200"	"7653889866792414732"	50000	"intercept"	0.44972156
"0.35"	"0.8"	"0.75"	"0.01"	"0.005"	"0.01"	"100000"	"10000"	"200"	"7653889866792414732"	55000	"slope"	-0.085913865
"0.35"	"0.8"	"0.75"	"0.01"	"0.005"	"0.01"	"100000"	"10000"	"200"	"7653889866792414732"	55000	"intercept"	0.57989902
"0.35"	"0.8"	"0.75"	"0.01"	"0.005"	"0.01"	"100000"	"10000"	"200"	"7653889866792414732"	60000	"slope"	-0.1309494335
"0.35"	"0.8"	"0.75"	"0.01"	"0.005"	"0.01"	"100000"	"10000"	"200"	"7653889866792414732"	60000	"intercept"	0.53055699
"0.35"	"0.8"	"0.75"	"0.01"	"0.005"	"0.01"	"100000"	"10000"	"200"	"7653889866792414732"	65000	"slope"	-0.158784759
"0.35"	"0.8"	"0.75"	"0.01"	"0.005"	"0.01"	"100000"	"10000"	"200"	"7653889866792414732"	65000	"intercept"	0.45697002
"0.35"	"0.8"	"0.75"	"0.01"	"0.005"	"0.01"	"100000"	"10000"	"200"	"7653889866792414732"	70000	"slope"	-0.0716629285
"0.35"	"0.8"	"0.75"	"0.01"	"0.005"	"0.01"	"100000"	"10000"	"200"	"7653889866792414732"	70000	"intercept"	0.5505887
"0.35"	"0.8"	"0.75"	"0.01"	"0.005"	"0.01"	"100000"	"10000"	"200"	"7653889866792414732"	75000	"slope"	-0.13884369285
"0.35"	"0.8"	"0.75"	"0.01"	"0.005"	"0.01"	"100000"	"10000"	"200"	"7653889866792414732"	75000	"intercept"	0.52264386
"0.35"	"0.8"	"0.75"	"0.01"	"0.005"	"0.01"	"100000"	"10000"	"200"	"7653889866792414732"	80000	"slope"	-0.0999992745
"0.35"	"0.8"	"0.75"	"0.01"	"0.005"	"0.01"	"100000"	"10000"	"200"	"7653889866792414732"	80000	"intercept"	0.420913255
"0.35"	"0.8"	"0.75"	"0.01"	"0.005"	"0.01"	"100000"	"10000"	"200"	"7653889866792414732"	85000	"slope"	-0.058174292
"0.35"	"0.8"	"0.75"	"0.01"	"0.005"	"0.01"	"100000"	"10000"	"200"	"7653889866792414732"	85000	"intercept"	0.54569652
"0.35"	"0.8"	"0.75"	"0.01"	"0.005"	"0.01"	"100000"	"10000"	"200"	"7653889866792414732"	90000	"slope"	-0.039065851
"0.35"	"0.8"	"0.75"	"0.01"	"0.005"	"0.01"	"100000"	"10000"	"200"	"7653889866792414732"	90000	"intercept"	0.550698205
"0.35"	"0.8"	"0.75"	"0.01"	"0.005"	"0.01"	"100000"	"10000"	"200"	"7653889866792414732"	95000	"slope"	-0.0557975405
"0.35"	"0.8"	"0.75"	"0.01"	"0.005"	"0.01"	"100000"	"10000"	"200"	"7653889866792414732"	95000	"intercept"	0.420254785
"0.35"	"0.8"	"0.75"	"0.01"	"0.005"	"0.01"	"100000"	"10000"	"200"	"7653889866792414732"	100000	"slope"	-0.060643735
"0.35"	"0.8"	"0.75"	"0.01"	"0.005"	"0.01"	"100000"	"10000"	"200"	"7653889866792414732"	100000	"intercept"	0.393564695
"0.45"	"0.0"	"0.75"	"0.01"	"0.005"	"0.01"	"100000"	"10000"	"200"	"5127029985290341637"	10	"slope"	-0.00017571896
"0.45"	"0.0"	"0.75"	"0.01"	"0.005"	"0.01"	"100000"	"10000"	"200"	"5127029985290341637"	10	"intercept"	0.50011926
"0.45"	"0.0"	"0.75"	"0.01"	"0.005"	"0.01"	"100000"	"10000"	"200"	"5127029985290341637"	5000	"slope"	0.07071657225
"0.45"	"0.0"	"0.75"	"0.01"	"0.005"	"0.01"	"100000"	"10000"	"200"	"5127029985290341637"	5000	"intercept"	0.60860641
"0.45"	"0.0"	"0.75"	"0.01"	"0.005"	"0.01"	"100000"	"10000"	"200"	"5127029985290341637"	10000	"slope"	0.041951562775
"0.45"	"0.0"	"0.75"	"0.01"	"0.005"	"0.01"	"100000"	"10000"	"200"	"5127029985290341637"	10000	"intercept"	0.623440215
"0.45"	"0.0"	"0.75"	"0.01"	"0.005"	"0.01"	"100000"	"10000"	"200"	"5127029985290341637"	15000	"slope"	0.02701837983
"0.45"	"0.0"	"0.75"	"0.01"	"0.005"	"0.01"	"100000"	"10000"	"200"	"5127029985290341637"	15000	"intercept"	0.63428236
"0.45"	"0.0"	"0.75"	"0.01"	"0.005"	"0.01"	"100000"	"10000"	"200"	"5127029985290341637"	20000	"slope"	0.03331270476
"0.45"	"0.0"	"0.75"	"0.01"	"0.005"	"0.01"	"100000"	"10000"	"200"	"5127029985290341637"	20000	"intercept"	0.62716871
"0.45"	"0.0"	"0.75"	"0.01"	"0.005"	"0.01"	"100000"	"10000"	"200"	"5127029985290341637"	25000	"slope"	0.001689523743
"0.45"	"0.0"	"0.75"	"0.01"	"0.005"	"0.01"	"100000"	"10000"	"200"	"5127029985290341637"	25000	"intercept"	0.651810115
"0.45"	"0.0"	"0.75"	"0.01"	"0.005"	"0.01"	"100000"	"10000"	"200"	"5127029985290341637"	30000	"slope"	0.017801221035
"0.45"	"0.0"	"0.75"	"0.01"	"0.005"	"0.01"	"100000"	"10000"	"200"	"5127029985290341637"	30000	"intercept"	0.64290716
"0.45"	"0.0"	"0.75"	"0.01"	"0.005"	"0.01"	"100000"	"10000"	"200"	"5127029985290341637"	35000	"slope"	0.020866660095
"0.45"	"0.0"	"0.75"	"0.01"	"0.005"	"0.01"	"100000"	"10000"	"200"	"5127029985290341637"	35000	"intercept"	0.638119365
"0.45"	"0.0"	"0.75"	"0.01"	"0.005"	"0.01"	"100000"	"10000"	"200"	"5127029985290341637"	40000	"slope"	0.05338638932
"0.45"	"0.0"	"0.75"	"0.01"	"0.005"	"0.01"	"100000"	"10000"	"200"	"5127029985290341637"	40000	"intercept"	0.615953005
"0.45"	"0.0"	"0.75"	"0.01"	"0.005"	"0.01"	"100000"	"10000"	"200"	"5127029985290341637"	45000	"slope"	0.033966825845
"0.45"	"0.0"	"0.75"	"0.01"	"0.005"	"0.01"	"100000"	"10000"	"200"	"5127029985290341637"	45000	"intercept"	0.6312616
"0.45"	"0.0"	"0.75"	"0.01"	"0.005"	"0.01"	"100000"	"10000"	"200"	"5127029985290341637"	50000	"slope"	0.051959191385
"0.45"	"0.0"	"0.75"	"0.01"	"0.005"	"0.01"	"100000"	"10000"	"200"	"5127029985290341637"	50000	"intercept"	0.615932335
"0.45"	"0.0"	"0.75"	"0.01"	"0.005"	"0.01"	"100000"	"10000"	"200"	"5127029985290341637"	55000	"slope"	0.06675387595
"0.45"	"0.0"	"0.75"	"0.01"	"0.005"	"0.01"	"100000"	"10000"	"200"	"5127029985290341637"	55000	"intercept"	0.608882595
"0.45"	"0.0"	"0.75"	"0.01"	"0.005"	"0.01"	"100000"	"10000"	"200"	"5127029985290341637"	60000	"slope"	0.072390795469
"0.45"	"0.0"	"0.75"	"0.01"	"0.005"	"0.01"	"100000"	"10000"	"200"	"5127029985290341637"	60000	"intercept"	0.603427875
"0.45"	"0.0"	"0.75"	"0.01"	"0.005"	"0.01"	"100000"	"10000"	"200"	"5127029985290341637"	65000	"slope"	0.0431356425
"0.45"	"0.0"	"0.75"	"0.01"	"0.005"	"0.01"	"100000"	"10000"	"200"	"5127029985290341637"	65000	"intercept"	0.629305625
"0.45"	"0.0"	"0.75"	"0.01"	"0.005"	"0.01"	"100000"	"10000"	"200"	"5127029985290341637"	70000	"slope"	0.061122335245
"0.45"	"0.0"	"0.75"	"0.01"	"0.005"	"0.01"	"100000"	"10000"	"200"	"5127029985290341637"	70000	"intercept"	0.6129535
"0.45"	"0.0"	"0.75"	"0.01"	"0.005"	"0.01"	"100000"	"10000"	"200"	"5127029985290341637"	75000	"slope"	0.0861916995
"0.45"	"0.0"	"0.75"	"0.01"	"0.005"	"0.01"	"100000"	"10000"	"200"	"5127029985290341637"	75000	"intercept"	0.59584751
"0.45"	"0.0"	"0.75"	"0.01"	"0.005"	"0.01"	"100000"	"10000"	"200"	"5127029985290341637"	80000	"slope"	0.0260789289
"0.45"	"0.0"	"0.75"	"0.01"	"0.005"	"0.01"	"100000"	"10000"	"200"	"5127029985290341637"	80000	"intercept"	0.62854938
"0.45"	"0.0"	"0.75"	"0.01"	"0.005"	"0.01"	"100000"	"10000"	"200"	"5127029985290341637"	85000	"slope"	0.04731225885
"0.45"	"0.0"	"0.75"	"0.01"	"0.005"	"0.01"	"100000"	"10000"	"200"	"5127029985290341637"	85000	"intercept"	0.62253584
"0.45"	"0.0"	"0.75"	"0.01"	"0.005"	"0.01"	"100000"	"10000"	"200"	"5127029985290341637"	90000	"slope"	0.06179745285
"0.45"	"0.0"	"0.75"	"0.01"	"0.005"	"0.01"	"100000"	"10000"	"200"	"5127029985290341637"	90000	"intercept"	0.607419445
"0.45"	"0.0"	"0.75"	"0.01"	"0.005"	"0.01"	"100000"	"10000"	"200"	"5127029985290341637"	95000	"slope"	0.02532435309
"0.45"	"0.0"	"0.75"	"0.01"	"0.005"	"0.01"	"100000"	"10000"	"200"	"5127029985290341637"	95000	"intercept"	0.637337625
"0.45"	"0.0"	"0.75"	"0.01"	"0.005"	"0.01"	"100000"	"10000"	"200"	"5127029985290341637"	100000	"slope"	0.01035541888
"0.45"	"0.0"	"0.75"	"0.01"	"0.005"	"0.01"	"100000"	"10000"	"200"	"5127029985290341637"	100000	"intercept"	0.65136968
"0.45"	"0.0"	"0.75"	"0.01"	"0.005"	"0.01"	"100000"	"10000"	"200"	"5967373098237939957"	10	"slope"	9.476477e-05
"0.45"	"0.0"	"0.75"	"0.01"	"0.005"	"0.01"	"100000"	"10000"	"200"	"5967373098237939957"	10	"intercept"	0.50019786
"0.45"	"0.0"	"0.75"	"0.01"	"0.005"	"0.01"	"100000"	"10000"	"200"	"5967373098237939957"	5000	"slope"	0.03876460633
"0.45"	"0.0"	"0.75"	"0.01"	"0.005"	"0.01"	"100000"	"10000"	"200"	"5967373098237939957"	5000	"intercept"	0.626169075
"0.45"	"0.0"	"0.75"	"0.01"	"0.005"	"0.01"	"100000"	"10000"	"200"	"5967373098237939957"	10000	"slope"	-0.00965657056
"0.45"	"0.0"	"0.75"	"0.01"	"0.005"	"0.01"	"100000"	"10000"	"200"	"5967373098237939957"	10000	"intercept"	0.659176905
"0.45"	"0.0"	"0.75"	"0.01"	"0.005"	"0.01"	"100000"	"10000"	"200"	"5967373098237939957"	15000	"slope"	0.022698724185
"0.45"	"0.0"	"0.75"	"0.01"	"0.005"	"0.01"	"100000"	"10000"	"200"	"5967373098237939957"	15000	"intercept"	0.639269175
"0.45"	"0.0"	"0.75"	"0.01"	"0.005"	"0.01"	"100000"	"10000"	"200"	"5967373098237939957"	20000	"slope"	0.004133027512
"0.45"	"0.0"	"0.75"	"0.01"	"0.005"	"0.01"	"100000"	"10000"	"200"	"5967373098237939957"	20000	"intercept"	0.645818275
"0.45"	"0.0"	"0.75"	"0.01"	"0.005"	"0.01"	"100000"	"10000"	"200"	"5967373098237939957"	25000	"slope"	0.01094476945
"0.45"	"0.0"	"0.75"	"0.01"	"0.005"	"0.01"	"100000"	"10000"	"200"	"5967373098237939957"	25000	"intercept"	0.646841735
"0.45"	"0.0"	"0.75"	"0.01"	"0.005"	"0.01"	"100000"	"10000"	"200"	"5967373098237939957"	30000	"slope"	0.02088428041
"0.45"	"0.0"	"0.75"	"0.01"	"0.005"	"0.01"	"100000"	"10000"	"200"	"5967373098237939957"	30000	"intercept"	0.6347381
"0.45"	"0.0"	"0.75"	"0.01"	"0.005"	"0.01"	"100000"	"10000"	"200"	"5967373098237939957"	35000	"slope"	-0.01857061115
"0.45"	"0.0"	"0.75"	"0.01"	"0.005"	"0.01"	"100000"	"10000"	"200"	"5967373098237939957"	35000	"intercept"	0.663523415
"0.45"	"0.0"	"0.75"	"0.01"	"0.005"	"0.01"	"100000"	"10000"	"200"	"5967373098237939957"	40000	"slope"	0.009897706755
"0.45"	"0.0"	"0.75"	"0.01"	"0.005"	"0.01"	"100000"	"10000"	"200"	"5967373098237939957"	40000	"intercept"	0.64279337
"0.45"	"0.0"	"0.75"	"0.01"	"0.005"	"0.01"	"100000"	"10000"	"200"	"5967373098237939957"	45000	"slope"	0.02714158203
"0.45"	"0.0"	"0.75"	"0.01"	"0.005"	"0.01"	"100000"	"10000"	"200"	"5967373098237939957"	45000	"intercept"	0.634993455
"0.45"	"0.0"	"0.75"	"0.01"	"0.005"	"0.01"	"100000"	"10000"	"200"	"5967373098237939957"	50000	"slope"	0.024443005365
"0.45"	"0.0"	"0.75"	"0.01"	"0.005"	"0.01"	"100000"	"10000"	"200"	"5967373098237939957"	50000	"intercept"	0.641251295
"0.45"	"0.0"	"0.75"	"0.01"	"0.005"	"0.01"	"100000"	"10000"	"200"	"5967373098237939957"	55000	"slope"	0.0525128462
"0.45"	"0.0"	"0.75"	"0.01"	"0.005"	"0.01"	"100000"	"10000"	"200"	"5967373098237939957"	55000	"intercept"	0.62314438
"0.45"	"0.0"	"0.75"	"0.01"	"0.005"	"0.01"	"100000"	"10000"	"200"	"5967373098237939957"	60000	"slope"	0.02700696205
"0.45"	"0.0"	"0.75"	"0.01"	"0.005"	"0.01"	"100000"	"10000"	"200"	"5967373098237939957"	60000	"intercept"	0.63337094
"0.45"	"0.0"	"0.75"	"0.01"	"0.005"	"0.01"	"100000"	"10000"	"200"	"5967373098237939957"	65000	"slope"	0.0688984701
"0.45"	"0.0"	"0.75"	"0.01"	"0.005"	"0.01"	"100000"	"10000"	"200"	"5967373098237939957"	65000	"intercept"	0.602082965
"0.45"	"0.0"	"0.75"	"0.01"	"0.005"	"0.01"	"100000"	"10000"	"200"	"5967373098237939957"	70000	"slope"	0.0543175225
"0.45"	"0.0"	"0.75"	"0.01"	"0.005"	"0.01"	"100000"	"10000"	"200"	"5967373098237939957"	70000	"intercept"	0.622877575
"0.45"	"0.0"	"0.75"	"0.01"	"0.005"	"0.01"	"100000"	"10000"	"200"	"5967373098237939957"	75000	"slope"	0.0709719365
"0.45"	"0.0"	"0.75"	"0.01"	"0.005"	"0.01"	"100000"	"10000"	"200"	"5967373098237939957"	75000	"intercept"	0.6093225
"0.45"	"0.0"	"0.75"	"0.01"	"0.005"	"0.01"	"100000"	"10000"	"200"	"5967373098237939957"	80000	"slope"	0.065100796465
"0.45"	"0.0"	"0.75"	"0.01"	"0.005"	"0.01"	"100000"	"10000"	"200"	"5967373098237939957"	80000	"intercept"	0.626640575
"0.45"	"0.0"	"0.75"	"0.01"	"0.005"	"0.01"	"100000"	"10000"	"200"	"5967373098237939957"	85000	"slope"	0.009438383385
"0.45"	"0.0"	"0.75"	"0.01"	"0.005"	"0.01"	"100000"	"10000"	"200"	"5967373098237939957"	85000	"intercept"	0.65045403
"0.45"	"0.0"	"0.75"	"0.01"	"0.005"	"0.01"	"100000"	"10000"	"200"	"5967373098237939957"	90000	"slope"	0.00308827903
"0.45"	"0.0"	"0.75"	"0.01"	"0.005"	"0.01"	"100000"	"10000"	"200"	"5967373098237939957"	90000	"intercept"	0.646225915
"0.45"	"0.0"	"0.75"	"0.01"	"0.005"	"0.01"	"100000"	"10000"	"200"	"5967373098237939957"	95000	"slope"	0.02149218329
"0.45"	"0.0"	"0.75"	"0.01"	"0.005"	"0.01"	"100000"	"10000"	"200"	"5967373098237939957"	95000	"intercept"	0.64041415
"0.45"	"0.0"	"0.75"	"0.01"	"0.005"	"0.01"	"100000"	"10000"	"200"	"5967373098237939957"	100000	"slope"	0.09470387825
"0.45"	"0.0"	"0.75"	"0.01"	"0.005"	"0.01"	"100000"	"10000"	"200"	"5967373098237939957"	100000	"intercept"	0.58770446
"0.45"	"0.0"	"0.75"	"0.01"	"0.005"	"0.01"	"100000"	"10000"	"200"	"7961572257802340537"	10	"slope"	-8.53363e-06
"0.45"	"0.0"	"0.75"	"0.01"	"0.005"	"0.01"	"100000"	"10000"	"200"	"7961572257802340537"	10	"intercept"	0.50012742
"0.45"	"0.0"	"0.75"	"0.01"	"0.005"	"0.01"	"100000"	"10000"	"200"	"7961572257802340537"	5000	"slope"	0.0753334242
"0.45"	"0.0"	"0.75"	"0.01"	"0.005"	"0.01"	"100000"	"10000"	"200"	"7961572257802340537"	5000	"intercept"	0.605914435
"0.45"	"0.0"	"0.75"	"0.01"	"0.005"	"0.01"	"100000"	"10000"	"200"	"7961572257802340537"	10000	"slope"	0.07315729075
"0.45"	"0.0"	"0.75"	"0.01"	"0.005"	"0.01"	"100000"	"10000"	"200"	"7961572257802340537"	10000	"intercept"	0.600224805
"0.45"	"0.0"	"0.75"	"0.01"	"0.005"	"0.01"	"100000"	"10000"	"200"	"7961572257802340537"	15000	"slope"	0.0887816934
"0.45"	"0.0"	"0.75"	"0.01"	"0.005"	"0.01"	"100000"	"10000"	"200"	"7961572257802340537"	15000	"intercept"	0.60068117
"0.45"	"0.0"	"0.75"	"0.01"	"0.005"	"0.01"	"100000"	"10000"	"200"	"7961572257802340537"	20000	"slope"	0.02833019935
"0.45"	"0.0"	"0.75"	"0.01"	"0.005"	"0.01"	"100000"	"10000"	"200"	"7961572257802340537"	20000	"intercept"	0.63633969
"0.45"	"0.0"	"0.75"	"0.01"	"0.005"	"0.01"	"100000"	"10000"	"200"	"7961572257802340537"	25000	"slope"	0.021804053475
"0.45"	"0.0"	"0.75"	"0.01"	"0.005"	"0.01"	"100000"	"10000"	"200"	"7961572257802340537"	25000	"intercept"	0.644189355
"0.45"	"0.0"	"0.75"	"0.01"	"0.005"	"0.01"	"100000"	"10000"	"200"	"7961572257802340537"	30000	"slope"	0.02503896084
"0.45"	"0.0"	"0.75"	"0.01"	"0.005"	"0.01"	"100000"	"10000"	"200"	"7961572257802340537"	30000	"intercept"	0.63808796
"0.45"	"0.0"	"0.75"	"0.01"	"0.005"	"0.01"	"100000"	"10000"	"200"	"7961572257802340537"	35000	"slope"	0.0231345318
"0.45"	"0.0"	"0.75"	"0.01"	"0.005"	"0.01"	"100000"	"10000"	"200"	"7961572257802340537"	35000	"intercept"	0.635684085
"0.45"	"0.0"	"0.75"	"0.01"	"0.005"	"0.01"	"100000"	"10000"	"200"	"7961572257802340537"	40000	"slope"	0.001638220215
"0.45"	"0.0"	"0.75"	"0.01"	"0.005"	"0.01"	"100000"	"10000"	"200"	"7961572257802340537"	40000	"intercept"	0.65821992
"0.45"	"0.0"	"0.75"	"0.01"	"0.005"	"0.01"	"100000"	"10000"	"200"	"7961572257802340537"	45000	"slope"	-0.006565871965
"0.45"	"0.0"	"0.75"	"0.01"	"0.005"	"0.01"	"100000"	"10000"	"200"	"7961572257802340537"	45000	"intercept"	0.650651615
"0.45"	"0.0"	"0.75"	"0.01"	"0.005"	"0.01"	"100000"	"10000"	"200"	"7961572257802340537"	50000	"slope"	-0.01514376184
"0.45"	"0.0"	"0.75"	"0.01"	"0.005"	"0.01"	"100000"	"10000"	"200"	"7961572257802340537"	50000	"intercept"	0.665970835
"0.45"	"0.0"	"0.75"	"0.01"	"0.005"	"0.01"	"100000"	"10000"	"200"	"7961572257802340537"	55000	"slope"	0.017737602555
"0.45"	"0.0"	"0.75"	"0.01"	"0.005"	"0.01"	"100000"	"10000"	"200"	"7961572257802340537"	55000	"intercept"	0.64025652
"0.45"	"0.0"	"0.75"	"0.01"	"0.005"	"0.01"	"100000"	"10000"	"200"	"7961572257802340537"	60000	"slope"	0.045229461366
"0.45"	"0.0"	"0.75"	"0.01"	"0.005"	"0.01"	"100000"	"10000"	"200"	"7961572257802340537"	60000	"intercept"	0.619981765
"0.45"	"0.0"	"0.75"	"0.01"	"0.005"	"0.01"	"100000"	"10000"	"200"	"7961572257802340537"	65000	"slope"	0.0317483738
"0.45"	"0.0"	"0.75"	"0.01"	"0.005"	"0.01"	"100000"	"10000"	"200"	"7961572257802340537"	65000	"intercept"	0.638080805
"0.45"	"0.0"	"0.75"	"0.01"	"0.005"	"0.01"	"100000"	"10000"	"200"	"7961572257802340537"	70000	"slope"	0.01430076938
"0.45"	"0.0"	"0.75"	"0.01"	"0.005"	"0.01"	"100000"	"10000"	"200"	"7961572257802340537"	70000	"intercept"	0.642106605
"0.45"	"0.0"	"0.75"	"0.01"	"0.005"	"0.01"	"100000"	"10000"	"200"	"7961572257802340537"	75000	"slope"	0.02496438175
"0.45"	"0.0"	"0.75"	"0.01"	"0.005"	"0.01"	"100000"	"10000"	"200"	"7961572257802340537"	75000	"intercept"	0.63823195
"0.45"	"0.0"	"0.75"	"0.01"	"0.005"	"0.01"	"100000"	"10000"	"200"	"7961572257802340537"	80000	"slope"	0.064081413105
"0.45"	"0.0"	"0.75"	"0.01"	"0.005"	"0.01"	"100000"	"10000"	"200"	"7961572257802340537"	80000	"intercept"	0.60502477
"0.45"	"0.0"	"0.75"	"0.01"	"0.005"	"0.01"	"100000"	"10000"	"200"	"7961572257802340537"	85000	"slope"	0.08059770625
"0.45"	"0.0"	"0.75"	"0.01"	"0.005"	"0.01"	"100000"	"10000"	"200"	"7961572257802340537"	85000	"intercept"	0.599361035
"0.45"	"0.0"	"0.75"	"0.01"	"0.005"	"0.01"	"100000"	"10000"	"200"	"7961572257802340537"	90000	"slope"	0.04338024595
"0.45"	"0.0"	"0.75"	"0.01"	"0.005"	"0.01"	"100000"	"10000"	"200"	"7961572257802340537"	90000	"intercept"	0.62999295
"0.45"	"0.0"	"0.75"	"0.01"	"0.005"	"0.01"	"100000"	"10000"	"200"	"7961572257802340537"	95000	"slope"	0.0514888932
"0.45"	"0.0"	"0.75"	"0.01"	"0.005"	"0.01"	"100000"	"10000"	"200"	"7961572257802340537"	95000	"intercept"	0.61718156
"0.45"	"0.0"	"0.75"	"0.01"	"0.005"	"0.01"	"100000"	"10000"	"200"	"7961572257802340537"	100000	"slope"	0.06121973032
"0.45"	"0.0"	"0.75"	"0.01"	"0.005"	"0.01"	"100000"	"10000"	"200"	"7961572257802340537"	100000	"intercept"	0.61395334
"0.45"	"0.4"	"0.75"	"0.01"	"0.005"	"0.01"	"100000"	"10000"	"200"	"2877517042745935970"	10	"slope"	7.18225000000001e-06
"0.45"	"0.4"	"0.75"	"0.01"	"0.005"	"0.01"	"100000"	"10000"	"200"	"2877517042745935970"	10	"intercept"	0.50001411
"0.45"	"0.4"	"0.75"	"0.01"	"0.005"	"0.01"	"100000"	"10000"	"200"	"2877517042745935970"	5000	"slope"	0.0489901310227
"0.45"	"0.4"	"0.75"	"0.01"	"0.005"	"0.01"	"100000"	"10000"	"200"	"2877517042745935970"	5000	"intercept"	0.622878015
"0.45"	"0.4"	"0.75"	"0.01"	"0.005"	"0.01"	"100000"	"10000"	"200"	"2877517042745935970"	10000	"slope"	-0.001106719409
"0.45"	"0.4"	"0.75"	"0.01"	"0.005"	"0.01"	"100000"	"10000"	"200"	"2877517042745935970"	10000	"intercept"	0.653209155
"0.45"	"0.4"	"0.75"	"0.01"	"0.005"	"0.01"	"100000"	"10000"	"200"	"2877517042745935970"	15000	"slope"	-0.067728193
"0.45"	"0.4"	"0.75"	"0.01"	"0.005"	"0.01"	"100000"	"10000"	"200"	"2877517042745935970"	15000	"intercept"	0.68264378
"0.45"	"0.4"	"0.75"	"0.01"	"0.005"	"0.01"	"100000"	"10000"	"200"	"2877517042745935970"	20000	"slope"	-0.110845865295
"0.45"	"0.4"	"0.75"	"0.01"	"0.005"	"0.01"	"100000"	"10000"	"200"	"2877517042745935970"	20000	"intercept"	0.72833987
"0.45"	"0.4"	"0.75"	"0.01"	"0.005"	"0.01"	"100000"	"10000"	"200"	"2877517042745935970"	25000	"slope"	-0.117874833
"0.45"	"0.4"	"0.75"	"0.01"	"0.005"	"0.01"	"100000"	"10000"	"200"	"2877517042745935970"	25000	"intercept"	0.72743266
"0.45"	"0.4"	"0.75"	"0.01"	"0.005"	"0.01"	"100000"	"10000"	"200"	"2877517042745935970"	30000	"slope"	-0.1436093965
"0.45"	"0.4"	"0.75"	"0.01"	"0.005"	"0.01"	"100000"	"10000"	"200"	"2877517042745935970"	30000	"intercept"	0.74591711
"0.45"	"0.4"	"0.75"	"0.01"	"0.005"	"0.01"	"100000"	"10000"	"200"	"2877517042745935970"	35000	"slope"	-0.1934998005
"0.45"	"0.4"	"0.75"	"0.01"	"0.005"	"0.01"	"100000"	"10000"	"200"	"2877517042745935970"	35000	"intercept"	0.7798396
"0.45"	"0.4"	"0.75"	"0.01"	"0.005"	"0.01"	"100000"	"10000"	"200"	"2877517042745935970"	40000	"slope"	-0.18556445
"0.45"	"0.4"	"0.75"	"0.01"	"0.005"	"0.01"	"100000"	"10000"	"200"	"2877517042745935970"	40000	"intercept"	0.76555724
"0.45"	"0.4"	"0.75"	"0.01"	"0.005"	"0.01"	"100000"	"10000"	"200"	"2877517042745935970"	45000	"slope"	-0.165425772
"0.45"	"0.4"	"0.75"	"0.01"	"0.005"	"0.01"	"100000"	"10000"	"200"	"2877517042745935970"	45000	"intercept"	0.75664821
"0.45"	"0.4"	"0.75"	"0.01"	"0.005"	"0.01"	"100000"	"10000"	"200"	"2877517042745935970"	50000	"slope"	-0.1748880937
"0.45"	"0.4"	"0.75"	"0.01"	"0.005"	"0.01"	"100000"	"10000"	"200"	"2877517042745935970"	50000	"intercept"	0.757025615
"0.45"	"0.4"	"0.75"	"0.01"	"0.005"	"0.01"	"100000"	"10000"	"200"	"2877517042745935970"	55000	"slope"	-0.164529952
"0.45"	"0.4"	"0.75"	"0.01"	"0.005"	"0.01"	"100000"	"10000"	"200"	"2877517042745935970"	55000	"intercept"	0.75289277
"0.45"	"0.4"	"0.75"	"0.01"	"0.005"	"0.01"	"100000"	"10000"	"200"	"2877517042745935970"	60000	"slope"	-0.166706913
"0.45"	"0.4"	"0.75"	"0.01"	"0.005"	"0.01"	"100000"	"10000"	"200"	"2877517042745935970"	60000	"intercept"	0.7635114
"0.45"	"0.4"	"0.75"	"0.01"	"0.005"	"0.01"	"100000"	"10000"	"200"	"2877517042745935970"	65000	"slope"	-0.190172885
"0.45"	"0.4"	"0.75"	"0.01"	"0.005"	"0.01"	"100000"	"10000"	"200"	"2877517042745935970"	65000	"intercept"	0.7681822
"0.45"	"0.4"	"0.75"	"0.01"	"0.005"	"0.01"	"100000"	"10000"	"200"	"2877517042745935970"	70000	"slope"	-0.175875057
"0.45"	"0.4"	"0.75"	"0.01"	"0.005"	"0.01"	"100000"	"10000"	"200"	"2877517042745935970"	70000	"intercept"	0.76673062
"0.45"	"0.4"	"0.75"	"0.01"	"0.005"	"0.01"	"100000"	"10000"	"200"	"2877517042745935970"	75000	"slope"	-0.162167663
"0.45"	"0.4"	"0.75"	"0.01"	"0.005"	"0.01"	"100000"	"10000"	"200"	"2877517042745935970"	75000	"intercept"	0.7474283
"0.45"	"0.4"	"0.75"	"0.01"	"0.005"	"0.01"	"100000"	"10000"	"200"	"2877517042745935970"	80000	"slope"	-0.154773311
"0.45"	"0.4"	"0.75"	"0.01"	"0.005"	"0.01"	"100000"	"10000"	"200"	"2877517042745935970"	80000	"intercept"	0.74526249
"0.45"	"0.4"	"0.75"	"0.01"	"0.005"	"0.01"	"100000"	"10000"	"200"	"2877517042745935970"	85000	"slope"	-0.1491981085
"0.45"	"0.4"	"0.75"	"0.01"	"0.005"	"0.01"	"100000"	"10000"	"200"	"2877517042745935970"	85000	"intercept"	0.733019925
"0.45"	"0.4"	"0.75"	"0.01"	"0.005"	"0.01"	"100000"	"10000"	"200"	"2877517042745935970"	90000	"slope"	-0.1292354755
"0.45"	"0.4"	"0.75"	"0.01"	"0.005"	"0.01"	"100000"	"10000"	"200"	"2877517042745935970"	90000	"intercept"	0.72995167
"0.45"	"0.4"	"0.75"	"0.01"	"0.005"	"0.01"	"100000"	"10000"	"200"	"2877517042745935970"	95000	"slope"	-0.1363530515
"0.45"	"0.4"	"0.75"	"0.01"	"0.005"	"0.01"	"100000"	"10000"	"200"	"2877517042745935970"	95000	"intercept"	0.72592483
"0.45"	"0.4"	"0.75"	"0.01"	"0.005"	"0.01"	"100000"	"10000"	"200"	"2877517042745935970"	100000	"slope"	-0.0954626325
"0.45"	"0.4"	"0.75"	"0.01"	"0.005"	"0.01"	"100000"	"10000"	"200"	"2877517042745935970"	100000	"intercept"	0.70937373
"0.45"	"0.4"	"0.75"	"0.01"	"0.005"	"0.01"	"100000"	"10000"	"200"	"4232609508822978835"	10	"slope"	-5.143235e-05
"0.45"	"0.4"	"0.75"	"0.01"	"0.005"	"0.01"	"100000"	"10000"	"200"	"4232609508822978835"	10	"intercept"	0.500005245
"0.45"	"0.4"	"0.75"	"0.01"	"0.005"	"0.01"	"100000"	"10000"	"200"	"4232609508822978835"	5000	"slope"	0.04743724866
"0.45"	"0.4"	"0.75"	"0.01"	"0.005"	"0.01"	"100000"	"10000"	"200"	"4232609508822978835"	5000	"intercept"	0.61460716
"0.45"	"0.4"	"0.75"	"0.01"	"0.005"	"0.01"	"100000"	"10000"	"200"	"4232609508822978835"	10000	"slope"	0.00041346474
"0.45"	"0.4"	"0.75"	"0.01"	"0.005"	"0.01"	"100000"	"10000"	"200"	"4232609508822978835"	10000	"intercept"	0.640473205
"0.45"	"0.4"	"0.75"	"0.01"	"0.005"	"0.01"	"100000"	"10000"	"200"	"4232609508822978835"	15000	"slope"	-0.00829436545
"0.45"	"0.4"	"0.75"	"0.01"	"0.005"	"0.01"	"100000"	"10000"	"200"	"4232609508822978835"	15000	"intercept"	0.65567503
"0.45"	"0.4"	"0.75"	"0.01"	"0.005"	"0.01"	"100000"	"10000"	"200"	"4232609508822978835"	20000	"slope"	0.00147821272
"0.45"	"0.4"	"0.75"	"0.01"	"0.005"	"0.01"	"100000"	"10000"	"200"	"4232609508822978835"	20000	"intercept"	0.64543814
"0.45"	"0.4"	"0.75"	"0.01"	"0.005"	"0.01"	"100000"	"10000"	"200"	"4232609508822978835"	25000	"slope"	-0.037985980935
"0.45"	"0.4"	"0.75"	"0.01"	"0.005"	"0.01"	"100000"	"10000"	"200"	"4232609508822978835"	25000	"intercept"	0.67217505
"0.45"	"0.4"	"0.75"	"0.01"	"0.005"	"0.01"	"100000"	"10000"	"200"	"4232609508822978835"	30000	"slope"	-0.046981136255
"0.45"	"0.4"	"0.75"	"0.01"	"0.005"	"0.01"	"100000"	"10000"	"200"	"4232609508822978835"	30000	"intercept"	0.68153596
"0.45"	"0.4"	"0.75"	"0.01"	"0.005"	"0.01"	"100000"	"10000"	"200"	"4232609508822978835"	35000	"slope"	-0.063189961225
"0.45"	"0.4"	"0.75"	"0.01"	"0.005"	"0.01"	"100000"	"10000"	"200"	"4232609508822978835"	35000	"intercept"	0.6910736
"0.45"	"0.4"	"0.75"	"0.01"	"0.005"	"0.01"	"100000"	"10000"	"200"	"4232609508822978835"	40000	"slope"	-0.0727076846
"0.45"	"0.4"	"0.75"	"0.01"	"0.005"	"0.01"	"100000"	"10000"	"200"	"4232609508822978835"	40000	"intercept"	0.69868675
"0.45"	"0.4"	"0.75"	"0.01"	"0.005"	"0.01"	"100000"	"10000"	"200"	"4232609508822978835"	45000	"slope"	-0.11011320435
"0.45"	"0.4"	"0.75"	"0.01"	"0.005"	"0.01"	"100000"	"10000"	"200"	"4232609508822978835"	45000	"intercept"	0.708294845
"0.45"	"0.4"	"0.75"	"0.01"	"0.005"	"0.01"	"100000"	"10000"	"200"	"4232609508822978835"	50000	"slope"	-0.089381840825
"0.45"	"0.4"	"0.75"	"0.01"	"0.005"	"0.01"	"100000"	"10000"	"200"	"4232609508822978835"	50000	"intercept"	0.704495285
"0.45"	"0.4"	"0.75"	"0.01"	"0.005"	"0.01"	"100000"	"10000"	"200"	"4232609508822978835"	55000	"slope"	-0.0571127435
"0.45"	"0.4"	"0.75"	"0.01"	"0.005"	"0.01"	"100000"	"10000"	"200"	"4232609508822978835"	55000	"intercept"	0.683031185
"0.45"	"0.4"	"0.75"	"0.01"	"0.005"	"0.01"	"100000"	"10000"	"200"	"4232609508822978835"	60000	"slope"	-0.1353341665
"0.45"	"0.4"	"0.75"	"0.01"	"0.005"	"0.01"	"100000"	"10000"	"200"	"4232609508822978835"	60000	"intercept"	0.74404243
"0.45"	"0.4"	"0.75"	"0.01"	"0.005"	"0.01"	"100000"	"10000"	"200"	"4232609508822978835"	65000	"slope"	-0.1466565475
"0.45"	"0.4"	"0.75"	"0.01"	"0.005"	"0.01"	"100000"	"10000"	"200"	"4232609508822978835"	65000	"intercept"	0.745030675
"0.45"	"0.4"	"0.75"	"0.01"	"0.005"	"0.01"	"100000"	"10000"	"200"	"4232609508822978835"	70000	"slope"	-0.11791603475
"0.45"	"0.4"	"0.75"	"0.01"	"0.005"	"0.01"	"100000"	"10000"	"200"	"4232609508822978835"	70000	"intercept"	0.724953575
"0.45"	"0.4"	"0.75"	"0.01"	"0.005"	"0.01"	"100000"	"10000"	"200"	"4232609508822978835"	75000	"slope"	-0.155226983
"0.45"	"0.4"	"0.75"	"0.01"	"0.005"	"0.01"	"100000"	"10000"	"200"	"4232609508822978835"	75000	"intercept"	0.745551395
"0.45"	"0.4"	"0.75"	"0.01"	"0.005"	"0.01"	"100000"	"10000"	"200"	"4232609508822978835"	80000	"slope"	-0.1393855665
"0.45"	"0.4"	"0.75"	"0.01"	"0.005"	"0.01"	"100000"	"10000"	"200"	"4232609508822978835"	80000	"intercept"	0.732331915
"0.45"	"0.4"	"0.75"	"0.01"	"0.005"	"0.01"	"100000"	"10000"	"200"	"4232609508822978835"	85000	"slope"	-0.10301681985
"0.45"	"0.4"	"0.75"	"0.01"	"0.005"	"0.01"	"100000"	"10000"	"200"	"4232609508822978835"	85000	"intercept"	0.708123175
"0.45"	"0.4"	"0.75"	"0.01"	"0.005"	"0.01"	"100000"	"10000"	"200"	"4232609508822978835"	90000	"slope"	-0.119680083
"0.45"	"0.4"	"0.75"	"0.01"	"0.005"	"0.01"	"100000"	"10000"	"200"	"4232609508822978835"	90000	"intercept"	0.725061875
"0.45"	"0.4"	"0.75"	"0.01"	"0.005"	"0.01"	"100000"	"10000"	"200"	"4232609508822978835"	95000	"slope"	-0.08114320385
"0.45"	"0.4"	"0.75"	"0.01"	"0.005"	"0.01"	"100000"	"10000"	"200"	"4232609508822978835"	95000	"intercept"	0.69643749
"0.45"	"0.4"	"0.75"	"0.01"	"0.005"	"0.01"	"100000"	"10000"	"200"	"4232609508822978835"	100000	"slope"	-0.0316760268
"0.45"	"0.4"	"0.75"	"0.01"	"0.005"	"0.01"	"100000"	"10000"	"200"	"4232609508822978835"	100000	"intercept"	0.667502975
"0.45"	"0.4"	"0.75"	"0.01"	"0.005"	"0.01"	"100000"	"10000"	"200"	"4445237469203188845"	10	"slope"	0.0002287917
"0.45"	"0.4"	"0.75"	"0.01"	"0.005"	"0.01"	"100000"	"10000"	"200"	"4445237469203188845"	10	"intercept"	0.500026795
"0.45"	"0.4"	"0.75"	"0.01"	"0.005"	"0.01"	"100000"	"10000"	"200"	"4445237469203188845"	5000	"slope"	0.0904607275195
"0.45"	"0.4"	"0.75"	"0.01"	"0.005"	"0.01"	"100000"	"10000"	"200"	"4445237469203188845"	5000	"intercept"	0.59128407
"0.45"	"0.4"	"0.75"	"0.01"	"0.005"	"0.01"	"100000"	"10000"	"200"	"4445237469203188845"	10000	"slope"	-0.0207271064
"0.45"	"0.4"	"0.75"	"0.01"	"0.005"	"0.01"	"100000"	"10000"	"200"	"4445237469203188845"	10000	"intercept"	0.665980145
"0.45"	"0.4"	"0.75"	"0.01"	"0.005"	"0.01"	"100000"	"10000"	"200"	"4445237469203188845"	15000	"slope"	-0.03414651481
"0.45"	"0.4"	"0.75"	"0.01"	"0.005"	"0.01"	"100000"	"10000"	"200"	"4445237469203188845"	15000	"intercept"	0.679950955
"0.45"	"0.4"	"0.75"	"0.01"	"0.005"	"0.01"	"100000"	"10000"	"200"	"4445237469203188845"	20000	"slope"	-0.10118117814
"0.45"	"0.4"	"0.75"	"0.01"	"0.005"	"0.01"	"100000"	"10000"	"200"	"4445237469203188845"	20000	"intercept"	0.71451464
"0.45"	"0.4"	"0.75"	"0.01"	"0.005"	"0.01"	"100000"	"10000"	"200"	"4445237469203188845"	25000	"slope"	-0.15539710775
"0.45"	"0.4"	"0.75"	"0.01"	"0.005"	"0.01"	"100000"	"10000"	"200"	"4445237469203188845"	25000	"intercept"	0.74438218
"0.45"	"0.4"	"0.75"	"0.01"	"0.005"	"0.01"	"100000"	"10000"	"200"	"4445237469203188845"	30000	"slope"	-0.0883390467
"0.45"	"0.4"	"0.75"	"0.01"	"0.005"	"0.01"	"100000"	"10000"	"200"	"4445237469203188845"	30000	"intercept"	0.706506935
"0.45"	"0.4"	"0.75"	"0.01"	"0.005"	"0.01"	"100000"	"10000"	"200"	"4445237469203188845"	35000	"slope"	-0.0995688115
"0.45"	"0.4"	"0.75"	"0.01"	"0.005"	"0.01"	"100000"	"10000"	"200"	"4445237469203188845"	35000	"intercept"	0.70819758
"0.45"	"0.4"	"0.75"	"0.01"	"0.005"	"0.01"	"100000"	"10000"	"200"	"4445237469203188845"	40000	"slope"	-0.157006875753
"0.45"	"0.4"	"0.75"	"0.01"	"0.005"	"0.01"	"100000"	"10000"	"200"	"4445237469203188845"	40000	"intercept"	0.738160225
"0.45"	"0.4"	"0.75"	"0.01"	"0.005"	"0.01"	"100000"	"10000"	"200"	"4445237469203188845"	45000	"slope"	-0.11485748595
"0.45"	"0.4"	"0.75"	"0.01"	"0.005"	"0.01"	"100000"	"10000"	"200"	"4445237469203188845"	45000	"intercept"	0.7181758
"0.45"	"0.4"	"0.75"	"0.01"	"0.005"	"0.01"	"100000"	"10000"	"200"	"4445237469203188845"	50000	"slope"	-0.098914011
"0.45"	"0.4"	"0.75"	"0.01"	"0.005"	"0.01"	"100000"	"10000"	"200"	"4445237469203188845"	50000	"intercept"	0.702515325
"0.45"	"0.4"	"0.75"	"0.01"	"0.005"	"0.01"	"100000"	"10000"	"200"	"4445237469203188845"	55000	"slope"	-0.03748770745
"0.45"	"0.4"	"0.75"	"0.01"	"0.005"	"0.01"	"100000"	"10000"	"200"	"4445237469203188845"	55000	"intercept"	0.669893855
"0.45"	"0.4"	"0.75"	"0.01"	"0.005"	"0.01"	"100000"	"10000"	"200"	"4445237469203188845"	60000	"slope"	-0.0900561267
"0.45"	"0.4"	"0.75"	"0.01"	"0.005"	"0.01"	"100000"	"10000"	"200"	"4445237469203188845"	60000	"intercept"	0.70305633
"0.45"	"0.4"	"0.75"	"0.01"	"0.005"	"0.01"	"100000"	"10000"	"200"	"4445237469203188845"	65000	"slope"	-0.1268019015
"0.45"	"0.4"	"0.75"	"0.01"	"0.005"	"0.01"	"100000"	"10000"	"200"	"4445237469203188845"	65000	"intercept"	0.72437161
"0.45"	"0.4"	"0.75"	"0.01"	"0.005"	"0.01"	"100000"	"10000"	"200"	"4445237469203188845"	70000	"slope"	-0.0959900795
"0.45"	"0.4"	"0.75"	"0.01"	"0.005"	"0.01"	"100000"	"10000"	"200"	"4445237469203188845"	70000	"intercept"	0.71531457
"0.45"	"0.4"	"0.75"	"0.01"	"0.005"	"0.01"	"100000"	"10000"	"200"	"4445237469203188845"	75000	"slope"	-0.165798126
"0.45"	"0.4"	"0.75"	"0.01"	"0.005"	"0.01"	"100000"	"10000"	"200"	"4445237469203188845"	75000	"intercept"	0.75761511
"0.45"	"0.4"	"0.75"	"0.01"	"0.005"	"0.01"	"100000"	"10000"	"200"	"4445237469203188845"	80000	"slope"	-0.177879924
"0.45"	"0.4"	"0.75"	"0.01"	"0.005"	"0.01"	"100000"	"10000"	"200"	"4445237469203188845"	80000	"intercept"	0.76259825
"0.45"	"0.4"	"0.75"	"0.01"	"0.005"	"0.01"	"100000"	"10000"	"200"	"4445237469203188845"	85000	"slope"	-0.105791844985
"0.45"	"0.4"	"0.75"	"0.01"	"0.005"	"0.01"	"100000"	"10000"	"200"	"4445237469203188845"	85000	"intercept"	0.72027183
"0.45"	"0.4"	"0.75"	"0.01"	"0.005"	"0.01"	"100000"	"10000"	"200"	"4445237469203188845"	90000	"slope"	-0.1451658005
"0.45"	"0.4"	"0.75"	"0.01"	"0.005"	"0.01"	"100000"	"10000"	"200"	"4445237469203188845"	90000	"intercept"	0.74684306
"0.45"	"0.4"	"0.75"	"0.01"	"0.005"	"0.01"	"100000"	"10000"	"200"	"4445237469203188845"	95000	"slope"	-0.142876688
"0.45"	"0.4"	"0.75"	"0.01"	"0.005"	"0.01"	"100000"	"10000"	"200"	"4445237469203188845"	95000	"intercept"	0.73313487
"0.45"	"0.4"	"0.75"	"0.01"	"0.005"	"0.01"	"100000"	"10000"	"200"	"4445237469203188845"	100000	"slope"	-0.12659916
"0.45"	"0.4"	"0.75"	"0.01"	"0.005"	"0.01"	"100000"	"10000"	"200"	"4445237469203188845"	100000	"intercept"	0.730306855
"0.45"	"0.6"	"0.75"	"0.01"	"0.005"	"0.01"	"100000"	"10000"	"200"	"103849970196902486"	10	"slope"	-0.00010582091
"0.45"	"0.6"	"0.75"	"0.01"	"0.005"	"0.01"	"100000"	"10000"	"200"	"103849970196902486"	10	"intercept"	0.49999639
"0.45"	"0.6"	"0.75"	"0.01"	"0.005"	"0.01"	"100000"	"10000"	"200"	"103849970196902486"	5000	"slope"	-0.020866349104
"0.45"	"0.6"	"0.75"	"0.01"	"0.005"	"0.01"	"100000"	"10000"	"200"	"103849970196902486"	5000	"intercept"	0.660217085
"0.45"	"0.6"	"0.75"	"0.01"	"0.005"	"0.01"	"100000"	"10000"	"200"	"103849970196902486"	10000	"slope"	-0.0659493154
"0.45"	"0.6"	"0.75"	"0.01"	"0.005"	"0.01"	"100000"	"10000"	"200"	"103849970196902486"	10000	"intercept"	0.693244255
"0.45"	"0.6"	"0.75"	"0.01"	"0.005"	"0.01"	"100000"	"10000"	"200"	"103849970196902486"	15000	"slope"	-0.08233872
"0.45"	"0.6"	"0.75"	"0.01"	"0.005"	"0.01"	"100000"	"10000"	"200"	"103849970196902486"	15000	"intercept"	0.6616173
"0.45"	"0.6"	"0.75"	"0.01"	"0.005"	"0.01"	"100000"	"10000"	"200"	"103849970196902486"	20000	"slope"	-0.067774152
"0.45"	"0.6"	"0.75"	"0.01"	"0.005"	"0.01"	"100000"	"10000"	"200"	"103849970196902486"	20000	"intercept"	0.649521735
"0.45"	"0.6"	"0.75"	"0.01"	"0.005"	"0.01"	"100000"	"10000"	"200"	"103849970196902486"	25000	"slope"	-0.0389448125
"0.45"	"0.6"	"0.75"	"0.01"	"0.005"	"0.01"	"100000"	"10000"	"200"	"103849970196902486"	25000	"intercept"	0.688003935
"0.45"	"0.6"	"0.75"	"0.01"	"0.005"	"0.01"	"100000"	"10000"	"200"	"103849970196902486"	30000	"slope"	-0.1070162565
"0.45"	"0.6"	"0.75"	"0.01"	"0.005"	"0.01"	"100000"	"10000"	"200"	"103849970196902486"	30000	"intercept"	0.648120845
"0.45"	"0.6"	"0.75"	"0.01"	"0.005"	"0.01"	"100000"	"10000"	"200"	"103849970196902486"	35000	"slope"	-0.18913880345
"0.45"	"0.6"	"0.75"	"0.01"	"0.005"	"0.01"	"100000"	"10000"	"200"	"103849970196902486"	35000	"intercept"	0.725815304
"0.45"	"0.6"	"0.75"	"0.01"	"0.005"	"0.01"	"100000"	"10000"	"200"	"103849970196902486"	40000	"slope"	-0.1716955781
"0.45"	"0.6"	"0.75"	"0.01"	"0.005"	"0.01"	"100000"	"10000"	"200"	"103849970196902486"	40000	"intercept"	0.7221390784
"0.45"	"0.6"	"0.75"	"0.01"	"0.005"	"0.01"	"100000"	"10000"	"200"	"103849970196902486"	45000	"slope"	-0.244634435225
"0.45"	"0.6"	"0.75"	"0.01"	"0.005"	"0.01"	"100000"	"10000"	"200"	"103849970196902486"	45000	"intercept"	0.6718194129
"0.45"	"0.6"	"0.75"	"0.01"	"0.005"	"0.01"	"100000"	"10000"	"200"	"103849970196902486"	50000	"slope"	-0.2633006139
"0.45"	"0.6"	"0.75"	"0.01"	"0.005"	"0.01"	"100000"	"10000"	"200"	"103849970196902486"	50000	"intercept"	0.6618641849
"0.45"	"0.6"	"0.75"	"0.01"	"0.005"	"0.01"	"100000"	"10000"	"200"	"103849970196902486"	55000	"slope"	-0.20035737245
"0.45"	"0.6"	"0.75"	"0.01"	"0.005"	"0.01"	"100000"	"10000"	"200"	"103849970196902486"	55000	"intercept"	0.716813504
"0.45"	"0.6"	"0.75"	"0.01"	"0.005"	"0.01"	"100000"	"10000"	"200"	"103849970196902486"	60000	"slope"	-0.18007713166
"0.45"	"0.6"	"0.75"	"0.01"	"0.005"	"0.01"	"100000"	"10000"	"200"	"103849970196902486"	60000	"intercept"	0.68870879
"0.45"	"0.6"	"0.75"	"0.01"	"0.005"	"0.01"	"100000"	"10000"	"200"	"103849970196902486"	65000	"slope"	-0.1998270343
"0.45"	"0.6"	"0.75"	"0.01"	"0.005"	"0.01"	"100000"	"10000"	"200"	"103849970196902486"	65000	"intercept"	0.59402023
"0.45"	"0.6"	"0.75"	"0.01"	"0.005"	"0.01"	"100000"	"10000"	"200"	"103849970196902486"	70000	"slope"	-0.12422626129
"0.45"	"0.6"	"0.75"	"0.01"	"0.005"	"0.01"	"100000"	"10000"	"200"	"103849970196902486"	70000	"intercept"	0.651892725
"0.45"	"0.6"	"0.75"	"0.01"	"0.005"	"0.01"	"100000"	"10000"	"200"	"103849970196902486"	75000	"slope"	-0.226896341895
"0.45"	"0.6"	"0.75"	"0.01"	"0.005"	"0.01"	"100000"	"10000"	"200"	"103849970196902486"	75000	"intercept"	0.689845115
"0.45"	"0.6"	"0.75"	"0.01"	"0.005"	"0.01"	"100000"	"10000"	"200"	"103849970196902486"	80000	"slope"	-0.2852843666
"0.45"	"0.6"	"0.75"	"0.01"	"0.005"	"0.01"	"100000"	"10000"	"200"	"103849970196902486"	80000	"intercept"	0.71764408
"0.45"	"0.6"	"0.75"	"0.01"	"0.005"	"0.01"	"100000"	"10000"	"200"	"103849970196902486"	85000	"slope"	-0.2791357805
"0.45"	"0.6"	"0.75"	"0.01"	"0.005"	"0.01"	"100000"	"10000"	"200"	"103849970196902486"	85000	"intercept"	0.70899251
"0.45"	"0.6"	"0.75"	"0.01"	"0.005"	"0.01"	"100000"	"10000"	"200"	"103849970196902486"	90000	"slope"	-0.266969490365
"0.45"	"0.6"	"0.75"	"0.01"	"0.005"	"0.01"	"100000"	"10000"	"200"	"103849970196902486"	90000	"intercept"	0.660841945
"0.45"	"0.6"	"0.75"	"0.01"	"0.005"	"0.01"	"100000"	"10000"	"200"	"103849970196902486"	95000	"slope"	-0.165557676635
"0.45"	"0.6"	"0.75"	"0.01"	"0.005"	"0.01"	"100000"	"10000"	"200"	"103849970196902486"	95000	"intercept"	0.721365055
"0.45"	"0.6"	"0.75"	"0.01"	"0.005"	"0.01"	"100000"	"10000"	"200"	"103849970196902486"	100000	"slope"	-0.14408519272
"0.45"	"0.6"	"0.75"	"0.01"	"0.005"	"0.01"	"100000"	"10000"	"200"	"103849970196902486"	100000	"intercept"	0.646337165
"0.45"	"0.6"	"0.75"	"0.01"	"0.005"	"0.01"	"100000"	"10000"	"200"	"5484775893123824818"	10	"slope"	-0.00013546045
"0.45"	"0.6"	"0.75"	"0.01"	"0.005"	"0.01"	"100000"	"10000"	"200"	"5484775893123824818"	10	"intercept"	0.500206365
"0.45"	"0.6"	"0.75"	"0.01"	"0.005"	"0.01"	"100000"	"10000"	"200"	"5484775893123824818"	5000	"slope"	0.07756272195
"0.45"	"0.6"	"0.75"	"0.01"	"0.005"	"0.01"	"100000"	"10000"	"200"	"5484775893123824818"	5000	"intercept"	0.584604445
"0.45"	"0.6"	"0.75"	"0.01"	"0.005"	"0.01"	"100000"	"10000"	"200"	"5484775893123824818"	10000	"slope"	0.00925870755
"0.45"	"0.6"	"0.75"	"0.01"	"0.005"	"0.01"	"100000"	"10000"	"200"	"5484775893123824818"	10000	"intercept"	0.63328279
"0.45"	"0.6"	"0.75"	"0.01"	"0.005"	"0.01"	"100000"	"10000"	"200"	"5484775893123824818"	15000	"slope"	-0.033863144
"0.45"	"0.6"	"0.75"	"0.01"	"0.005"	"0.01"	"100000"	"10000"	"200"	"5484775893123824818"	15000	"intercept"	0.65519455
"0.45"	"0.6"	"0.75"	"0.01"	"0.005"	"0.01"	"100000"	"10000"	"200"	"5484775893123824818"	20000	"slope"	-0.07530731745
"0.45"	"0.6"	"0.75"	"0.01"	"0.005"	"0.01"	"100000"	"10000"	"200"	"5484775893123824818"	20000	"intercept"	0.632674945
"0.45"	"0.6"	"0.75"	"0.01"	"0.005"	"0.01"	"100000"	"10000"	"200"	"5484775893123824818"	25000	"slope"	-0.0419683
"0.45"	"0.6"	"0.75"	"0.01"	"0.005"	"0.01"	"100000"	"10000"	"200"	"5484775893123824818"	25000	"intercept"	0.65485599
"0.45"	"0.6"	"0.75"	"0.01"	"0.005"	"0.01"	"100000"	"10000"	"200"	"5484775893123824818"	30000	"slope"	-0.091686055
"0.45"	"0.6"	"0.75"	"0.01"	"0.005"	"0.01"	"100000"	"10000"	"200"	"5484775893123824818"	30000	"intercept"	0.616483925
"0.45"	"0.6"	"0.75"	"0.01"	"0.005"	"0.01"	"100000"	"10000"	"200"	"5484775893123824818"	35000	"slope"	-0.1745857645
"0.45"	"0.6"	"0.75"	"0.01"	"0.005"	"0.01"	"100000"	"10000"	"200"	"5484775893123824818"	35000	"intercept"	0.628897595
"0.45"	"0.6"	"0.75"	"0.01"	"0.005"	"0.01"	"100000"	"10000"	"200"	"5484775893123824818"	40000	"slope"	-0.183698955
"0.45"	"0.6"	"0.75"	"0.01"	"0.005"	"0.01"	"100000"	"10000"	"200"	"5484775893123824818"	40000	"intercept"	0.645041175
"0.45"	"0.6"	"0.75"	"0.01"	"0.005"	"0.01"	"100000"	"10000"	"200"	"5484775893123824818"	45000	"slope"	-0.113296447
"0.45"	"0.6"	"0.75"	"0.01"	"0.005"	"0.01"	"100000"	"10000"	"200"	"5484775893123824818"	45000	"intercept"	0.708234153
"0.45"	"0.6"	"0.75"	"0.01"	"0.005"	"0.01"	"100000"	"10000"	"200"	"5484775893123824818"	50000	"slope"	-0.1230993725
"0.45"	"0.6"	"0.75"	"0.01"	"0.005"	"0.01"	"100000"	"10000"	"200"	"5484775893123824818"	50000	"intercept"	0.7116784623
"0.45"	"0.6"	"0.75"	"0.01"	"0.005"	"0.01"	"100000"	"10000"	"200"	"5484775893123824818"	55000	"slope"	-0.252803243885
"0.45"	"0.6"	"0.75"	"0.01"	"0.005"	"0.01"	"100000"	"10000"	"200"	"5484775893123824818"	55000	"intercept"	0.6635635280115
"0.45"	"0.6"	"0.75"	"0.01"	"0.005"	"0.01"	"100000"	"10000"	"200"	"5484775893123824818"	60000	"slope"	-0.186427237
"0.45"	"0.6"	"0.75"	"0.01"	"0.005"	"0.01"	"100000"	"10000"	"200"	"5484775893123824818"	60000	"intercept"	0.734469516
"0.45"	"0.6"	"0.75"	"0.01"	"0.005"	"0.01"	"100000"	"10000"	"200"	"5484775893123824818"	65000	"slope"	-0.18670733273
"0.45"	"0.6"	"0.75"	"0.01"	"0.005"	"0.01"	"100000"	"10000"	"200"	"5484775893123824818"	65000	"intercept"	0.660551935
"0.45"	"0.6"	"0.75"	"0.01"	"0.005"	"0.01"	"100000"	"10000"	"200"	"5484775893123824818"	70000	"slope"	-0.182791436995
"0.45"	"0.6"	"0.75"	"0.01"	"0.005"	"0.01"	"100000"	"10000"	"200"	"5484775893123824818"	70000	"intercept"	0.65725189
"0.45"	"0.6"	"0.75"	"0.01"	"0.005"	"0.01"	"100000"	"10000"	"200"	"5484775893123824818"	75000	"slope"	-0.176063525065
"0.45"	"0.6"	"0.75"	"0.01"	"0.005"	"0.01"	"100000"	"10000"	"200"	"5484775893123824818"	75000	"intercept"	0.65798167
"0.45"	"0.6"	"0.75"	"0.01"	"0.005"	"0.01"	"100000"	"10000"	"200"	"5484775893123824818"	80000	"slope"	-0.1668441225
"0.45"	"0.6"	"0.75"	"0.01"	"0.005"	"0.01"	"100000"	"10000"	"200"	"5484775893123824818"	80000	"intercept"	0.678279115
"0.45"	"0.6"	"0.75"	"0.01"	"0.005"	"0.01"	"100000"	"10000"	"200"	"5484775893123824818"	85000	"slope"	-0.1700901515
"0.45"	"0.6"	"0.75"	"0.01"	"0.005"	"0.01"	"100000"	"10000"	"200"	"5484775893123824818"	85000	"intercept"	0.670331905
"0.45"	"0.6"	"0.75"	"0.01"	"0.005"	"0.01"	"100000"	"10000"	"200"	"5484775893123824818"	90000	"slope"	-0.2159712345
"0.45"	"0.6"	"0.75"	"0.01"	"0.005"	"0.01"	"100000"	"10000"	"200"	"5484775893123824818"	90000	"intercept"	0.58817399
"0.45"	"0.6"	"0.75"	"0.01"	"0.005"	"0.01"	"100000"	"10000"	"200"	"5484775893123824818"	95000	"slope"	-0.29249847785
"0.45"	"0.6"	"0.75"	"0.01"	"0.005"	"0.01"	"100000"	"10000"	"200"	"5484775893123824818"	95000	"intercept"	0.53636258
"0.45"	"0.6"	"0.75"	"0.01"	"0.005"	"0.01"	"100000"	"10000"	"200"	"5484775893123824818"	100000	"slope"	-0.27737528516
"0.45"	"0.6"	"0.75"	"0.01"	"0.005"	"0.01"	"100000"	"10000"	"200"	"5484775893123824818"	100000	"intercept"	0.59872102
"0.45"	"0.6"	"0.75"	"0.01"	"0.005"	"0.01"	"100000"	"10000"	"200"	"9218195368288439302"	10	"slope"	-9.150181e-05
"0.45"	"0.6"	"0.75"	"0.01"	"0.005"	"0.01"	"100000"	"10000"	"200"	"9218195368288439302"	10	"intercept"	0.50005562
"0.45"	"0.6"	"0.75"	"0.01"	"0.005"	"0.01"	"100000"	"10000"	"200"	"9218195368288439302"	5000	"slope"	-0.025325234745
"0.45"	"0.6"	"0.75"	"0.01"	"0.005"	"0.01"	"100000"	"10000"	"200"	"9218195368288439302"	5000	"intercept"	0.65530889
"0.45"	"0.6"	"0.75"	"0.01"	"0.005"	"0.01"	"100000"	"10000"	"200"	"9218195368288439302"	10000	"slope"	-0.10099927207
"0.45"	"0.6"	"0.75"	"0.01"	"0.005"	"0.01"	"100000"	"10000"	"200"	"9218195368288439302"	10000	"intercept"	0.708531265
"0.45"	"0.6"	"0.75"	"0.01"	"0.005"	"0.01"	"100000"	"10000"	"200"	"9218195368288439302"	15000	"slope"	-0.1906465855
"0.45"	"0.6"	"0.75"	"0.01"	"0.005"	"0.01"	"100000"	"10000"	"200"	"9218195368288439302"	15000	"intercept"	0.7044827
"0.45"	"0.6"	"0.75"	"0.01"	"0.005"	"0.01"	"100000"	"10000"	"200"	"9218195368288439302"	20000	"slope"	-0.14435339275
"0.45"	"0.6"	"0.75"	"0.01"	"0.005"	"0.01"	"100000"	"10000"	"200"	"9218195368288439302"	20000	"intercept"	0.690410115
"0.45"	"0.6"	"0.75"	"0.01"	"0.005"	"0.01"	"100000"	"10000"	"200"	"9218195368288439302"	25000	"slope"	-0.1773064792
"0.45"	"0.6"	"0.75"	"0.01"	"0.005"	"0.01"	"100000"	"10000"	"200"	"9218195368288439302"	25000	"intercept"	0.698589485
"0.45"	"0.6"	"0.75"	"0.01"	"0.005"	"0.01"	"100000"	"10000"	"200"	"9218195368288439302"	30000	"slope"	-0.19083864516
"0.45"	"0.6"	"0.75"	"0.01"	"0.005"	"0.01"	"100000"	"10000"	"200"	"9218195368288439302"	30000	"intercept"	0.73321724
"0.45"	"0.6"	"0.75"	"0.01"	"0.005"	"0.01"	"100000"	"10000"	"200"	"9218195368288439302"	35000	"slope"	-0.30457547145
"0.45"	"0.6"	"0.75"	"0.01"	"0.005"	"0.01"	"100000"	"10000"	"200"	"9218195368288439302"	35000	"intercept"	0.767032495
"0.45"	"0.6"	"0.75"	"0.01"	"0.005"	"0.01"	"100000"	"10000"	"200"	"9218195368288439302"	40000	"slope"	-0.2955837197
"0.45"	"0.6"	"0.75"	"0.01"	"0.005"	"0.01"	"100000"	"10000"	"200"	"9218195368288439302"	40000	"intercept"	0.77126644
"0.45"	"0.6"	"0.75"	"0.01"	"0.005"	"0.01"	"100000"	"10000"	"200"	"9218195368288439302"	45000	"slope"	-0.3158407869
"0.45"	"0.6"	"0.75"	"0.01"	"0.005"	"0.01"	"100000"	"10000"	"200"	"9218195368288439302"	45000	"intercept"	0.789930935
"0.45"	"0.6"	"0.75"	"0.01"	"0.005"	"0.01"	"100000"	"10000"	"200"	"9218195368288439302"	50000	"slope"	-0.37392464085
"0.45"	"0.6"	"0.75"	"0.01"	"0.005"	"0.01"	"100000"	"10000"	"200"	"9218195368288439302"	50000	"intercept"	0.755359449
"0.45"	"0.6"	"0.75"	"0.01"	"0.005"	"0.01"	"100000"	"10000"	"200"	"9218195368288439302"	55000	"slope"	-0.334796477
"0.45"	"0.6"	"0.75"	"0.01"	"0.005"	"0.01"	"100000"	"10000"	"200"	"9218195368288439302"	55000	"intercept"	0.711623819485
"0.45"	"0.6"	"0.75"	"0.01"	"0.005"	"0.01"	"100000"	"10000"	"200"	"9218195368288439302"	60000	"slope"	-0.293440318
"0.45"	"0.6"	"0.75"	"0.01"	"0.005"	"0.01"	"100000"	"10000"	"200"	"9218195368288439302"	60000	"intercept"	0.6614482008
"0.45"	"0.6"	"0.75"	"0.01"	"0.005"	"0.01"	"100000"	"10000"	"200"	"9218195368288439302"	65000	"slope"	-0.2621313595
"0.45"	"0.6"	"0.75"	"0.01"	"0.005"	"0.01"	"100000"	"10000"	"200"	"9218195368288439302"	65000	"intercept"	0.6440113845
"0.45"	"0.6"	"0.75"	"0.01"	"0.005"	"0.01"	"100000"	"10000"	"200"	"9218195368288439302"	70000	"slope"	-0.191545461189
"0.45"	"0.6"	"0.75"	"0.01"	"0.005"	"0.01"	"100000"	"10000"	"200"	"9218195368288439302"	70000	"intercept"	0.7161106085
"0.45"	"0.6"	"0.75"	"0.01"	"0.005"	"0.01"	"100000"	"10000"	"200"	"9218195368288439302"	75000	"slope"	-0.2159153775
"0.45"	"0.6"	"0.75"	"0.01"	"0.005"	"0.01"	"100000"	"10000"	"200"	"9218195368288439302"	75000	"intercept"	0.7286540665
"0.45"	"0.6"	"0.75"	"0.01"	"0.005"	"0.01"	"100000"	"10000"	"200"	"9218195368288439302"	80000	"slope"	-0.264749841035
"0.45"	"0.6"	"0.75"	"0.01"	"0.005"	"0.01"	"100000"	"10000"	"200"	"9218195368288439302"	80000	"intercept"	0.71961882
"0.45"	"0.6"	"0.75"	"0.01"	"0.005"	"0.01"	"100000"	"10000"	"200"	"9218195368288439302"	85000	"slope"	-0.3233125756895
"0.45"	"0.6"	"0.75"	"0.01"	"0.005"	"0.01"	"100000"	"10000"	"200"	"9218195368288439302"	85000	"intercept"	0.680726063
"0.45"	"0.6"	"0.75"	"0.01"	"0.005"	"0.01"	"100000"	"10000"	"200"	"9218195368288439302"	90000	"slope"	-0.20288968285
"0.45"	"0.6"	"0.75"	"0.01"	"0.005"	"0.01"	"100000"	"10000"	"200"	"9218195368288439302"	90000	"intercept"	0.737393195
"0.45"	"0.6"	"0.75"	"0.01"	"0.005"	"0.01"	"100000"	"10000"	"200"	"9218195368288439302"	95000	"slope"	-0.28771079595
"0.45"	"0.6"	"0.75"	"0.01"	"0.005"	"0.01"	"100000"	"10000"	"200"	"9218195368288439302"	95000	"intercept"	0.65354267
"0.45"	"0.6"	"0.75"	"0.01"	"0.005"	"0.01"	"100000"	"10000"	"200"	"9218195368288439302"	100000	"slope"	-0.242564698855
"0.45"	"0.6"	"0.75"	"0.01"	"0.005"	"0.01"	"100000"	"10000"	"200"	"9218195368288439302"	100000	"intercept"	0.663955735
"0.45"	"0.8"	"0.75"	"0.01"	"0.005"	"0.01"	"100000"	"10000"	"200"	"523517197151716555"	10	"slope"	1.07245e-05
"0.45"	"0.8"	"0.75"	"0.01"	"0.005"	"0.01"	"100000"	"10000"	"200"	"523517197151716555"	10	"intercept"	0.49992002
"0.45"	"0.8"	"0.75"	"0.01"	"0.005"	"0.01"	"100000"	"10000"	"200"	"523517197151716555"	5000	"slope"	0.0215814895
"0.45"	"0.8"	"0.75"	"0.01"	"0.005"	"0.01"	"100000"	"10000"	"200"	"523517197151716555"	5000	"intercept"	0.66227365
"0.45"	"0.8"	"0.75"	"0.01"	"0.005"	"0.01"	"100000"	"10000"	"200"	"523517197151716555"	10000	"slope"	-0.05262115
"0.45"	"0.8"	"0.75"	"0.01"	"0.005"	"0.01"	"100000"	"10000"	"200"	"523517197151716555"	10000	"intercept"	0.601636177
"0.45"	"0.8"	"0.75"	"0.01"	"0.005"	"0.01"	"100000"	"10000"	"200"	"523517197151716555"	15000	"slope"	-0.12249533856
"0.45"	"0.8"	"0.75"	"0.01"	"0.005"	"0.01"	"100000"	"10000"	"200"	"523517197151716555"	15000	"intercept"	0.591044003
"0.45"	"0.8"	"0.75"	"0.01"	"0.005"	"0.01"	"100000"	"10000"	"200"	"523517197151716555"	20000	"slope"	-0.11506880689
"0.45"	"0.8"	"0.75"	"0.01"	"0.005"	"0.01"	"100000"	"10000"	"200"	"523517197151716555"	20000	"intercept"	0.701732685
"0.45"	"0.8"	"0.75"	"0.01"	"0.005"	"0.01"	"100000"	"10000"	"200"	"523517197151716555"	25000	"slope"	-0.11121033455
"0.45"	"0.8"	"0.75"	"0.01"	"0.005"	"0.01"	"100000"	"10000"	"200"	"523517197151716555"	25000	"intercept"	0.64187747
"0.45"	"0.8"	"0.75"	"0.01"	"0.005"	"0.01"	"100000"	"10000"	"200"	"523517197151716555"	30000	"slope"	-0.0444647323
"0.45"	"0.8"	"0.75"	"0.01"	"0.005"	"0.01"	"100000"	"10000"	"200"	"523517197151716555"	30000	"intercept"	0.690226085
"0.45"	"0.8"	"0.75"	"0.01"	"0.005"	"0.01"	"100000"	"10000"	"200"	"523517197151716555"	35000	"slope"	-0.0358091865
"0.45"	"0.8"	"0.75"	"0.01"	"0.005"	"0.01"	"100000"	"10000"	"200"	"523517197151716555"	35000	"intercept"	0.580655985
"0.45"	"0.8"	"0.75"	"0.01"	"0.005"	"0.01"	"100000"	"10000"	"200"	"523517197151716555"	40000	"slope"	-0.0991234177
"0.45"	"0.8"	"0.75"	"0.01"	"0.005"	"0.01"	"100000"	"10000"	"200"	"523517197151716555"	40000	"intercept"	0.56129673
"0.45"	"0.8"	"0.75"	"0.01"	"0.005"	"0.01"	"100000"	"10000"	"200"	"523517197151716555"	45000	"slope"	-0.115170579865
"0.45"	"0.8"	"0.75"	"0.01"	"0.005"	"0.01"	"100000"	"10000"	"200"	"523517197151716555"	45000	"intercept"	0.55046303
"0.45"	"0.8"	"0.75"	"0.01"	"0.005"	"0.01"	"100000"	"10000"	"200"	"523517197151716555"	50000	"slope"	-0.1035447495465
"0.45"	"0.8"	"0.75"	"0.01"	"0.005"	"0.01"	"100000"	"10000"	"200"	"523517197151716555"	50000	"intercept"	0.611887625
"0.45"	"0.8"	"0.75"	"0.01"	"0.005"	"0.01"	"100000"	"10000"	"200"	"523517197151716555"	55000	"slope"	-0.15178421419
"0.45"	"0.8"	"0.75"	"0.01"	"0.005"	"0.01"	"100000"	"10000"	"200"	"523517197151716555"	55000	"intercept"	0.6572951
"0.45"	"0.8"	"0.75"	"0.01"	"0.005"	"0.01"	"100000"	"10000"	"200"	"523517197151716555"	60000	"slope"	-0.13524258825
"0.45"	"0.8"	"0.75"	"0.01"	"0.005"	"0.01"	"100000"	"10000"	"200"	"523517197151716555"	60000	"intercept"	0.511818325
"0.45"	"0.8"	"0.75"	"0.01"	"0.005"	"0.01"	"100000"	"10000"	"200"	"523517197151716555"	65000	"slope"	-0.10325286327
"0.45"	"0.8"	"0.75"	"0.01"	"0.005"	"0.01"	"100000"	"10000"	"200"	"523517197151716555"	65000	"intercept"	0.522822825
"0.45"	"0.8"	"0.75"	"0.01"	"0.005"	"0.01"	"100000"	"10000"	"200"	"523517197151716555"	70000	"slope"	-0.0848327831
"0.45"	"0.8"	"0.75"	"0.01"	"0.005"	"0.01"	"100000"	"10000"	"200"	"523517197151716555"	70000	"intercept"	0.51284866
"0.45"	"0.8"	"0.75"	"0.01"	"0.005"	"0.01"	"100000"	"10000"	"200"	"523517197151716555"	75000	"slope"	-0.135417923865
"0.45"	"0.8"	"0.75"	"0.01"	"0.005"	"0.01"	"100000"	"10000"	"200"	"523517197151716555"	75000	"intercept"	0.67389545
"0.45"	"0.8"	"0.75"	"0.01"	"0.005"	"0.01"	"100000"	"10000"	"200"	"523517197151716555"	80000	"slope"	-0.20255994825
"0.45"	"0.8"	"0.75"	"0.01"	"0.005"	"0.01"	"100000"	"10000"	"200"	"523517197151716555"	80000	"intercept"	0.5641906
"0.45"	"0.8"	"0.75"	"0.01"	"0.005"	"0.01"	"100000"	"10000"	"200"	"523517197151716555"	85000	"slope"	-0.10877085332
"0.45"	"0.8"	"0.75"	"0.01"	"0.005"	"0.01"	"100000"	"10000"	"200"	"523517197151716555"	85000	"intercept"	0.72208155
"0.45"	"0.8"	"0.75"	"0.01"	"0.005"	"0.01"	"100000"	"10000"	"200"	"523517197151716555"	90000	"slope"	-0.15564725045
"0.45"	"0.8"	"0.75"	"0.01"	"0.005"	"0.01"	"100000"	"10000"	"200"	"523517197151716555"	90000	"intercept"	0.6413799
"0.45"	"0.8"	"0.75"	"0.01"	"0.005"	"0.01"	"100000"	"10000"	"200"	"523517197151716555"	95000	"slope"	-0.16266496347
"0.45"	"0.8"	"0.75"	"0.01"	"0.005"	"0.01"	"100000"	"10000"	"200"	"523517197151716555"	95000	"intercept"	0.6499631
"0.45"	"0.8"	"0.75"	"0.01"	"0.005"	"0.01"	"100000"	"10000"	"200"	"523517197151716555"	100000	"slope"	-0.1234744599
"0.45"	"0.8"	"0.75"	"0.01"	"0.005"	"0.01"	"100000"	"10000"	"200"	"523517197151716555"	100000	"intercept"	0.58357565
"0.45"	"0.8"	"0.75"	"0.01"	"0.005"	"0.01"	"100000"	"10000"	"200"	"6205120729917980578"	10	"slope"	0.0001278767
"0.45"	"0.8"	"0.75"	"0.01"	"0.005"	"0.01"	"100000"	"10000"	"200"	"6205120729917980578"	10	"intercept"	0.500052505
"0.45"	"0.8"	"0.75"	"0.01"	"0.005"	"0.01"	"100000"	"10000"	"200"	"6205120729917980578"	5000	"slope"	0.04404039188
"0.45"	"0.8"	"0.75"	"0.01"	"0.005"	"0.01"	"100000"	"10000"	"200"	"6205120729917980578"	5000	"intercept"	0.604379965
"0.45"	"0.8"	"0.75"	"0.01"	"0.005"	"0.01"	"100000"	"10000"	"200"	"6205120729917980578"	10000	"slope"	-0.02108692
"0.45"	"0.8"	"0.75"	"0.01"	"0.005"	"0.01"	"100000"	"10000"	"200"	"6205120729917980578"	10000	"intercept"	0.61422581
"0.45"	"0.8"	"0.75"	"0.01"	"0.005"	"0.01"	"100000"	"10000"	"200"	"6205120729917980578"	15000	"slope"	-0.07536281729
"0.45"	"0.8"	"0.75"	"0.01"	"0.005"	"0.01"	"100000"	"10000"	"200"	"6205120729917980578"	15000	"intercept"	0.6666003445
"0.45"	"0.8"	"0.75"	"0.01"	"0.005"	"0.01"	"100000"	"10000"	"200"	"6205120729917980578"	20000	"slope"	-0.15044680925
"0.45"	"0.8"	"0.75"	"0.01"	"0.005"	"0.01"	"100000"	"10000"	"200"	"6205120729917980578"	20000	"intercept"	0.6418383
"0.45"	"0.8"	"0.75"	"0.01"	"0.005"	"0.01"	"100000"	"10000"	"200"	"6205120729917980578"	25000	"slope"	-0.125430361125
"0.45"	"0.8"	"0.75"	"0.01"	"0.005"	"0.01"	"100000"	"10000"	"200"	"6205120729917980578"	25000	"intercept"	0.582891355
"0.45"	"0.8"	"0.75"	"0.01"	"0.005"	"0.01"	"100000"	"10000"	"200"	"6205120729917980578"	30000	"slope"	-0.1226357821
"0.45"	"0.8"	"0.75"	"0.01"	"0.005"	"0.01"	"100000"	"10000"	"200"	"6205120729917980578"	30000	"intercept"	0.570839355
"0.45"	"0.8"	"0.75"	"0.01"	"0.005"	"0.01"	"100000"	"10000"	"200"	"6205120729917980578"	35000	"slope"	-0.129011345865
"0.45"	"0.8"	"0.75"	"0.01"	"0.005"	"0.01"	"100000"	"10000"	"200"	"6205120729917980578"	35000	"intercept"	0.598587645
"0.45"	"0.8"	"0.75"	"0.01"	"0.005"	"0.01"	"100000"	"10000"	"200"	"6205120729917980578"	40000	"slope"	-0.164094332025
"0.45"	"0.8"	"0.75"	"0.01"	"0.005"	"0.01"	"100000"	"10000"	"200"	"6205120729917980578"	40000	"intercept"	0.55040413
"0.45"	"0.8"	"0.75"	"0.01"	"0.005"	"0.01"	"100000"	"10000"	"200"	"6205120729917980578"	45000	"slope"	-0.12341151571
"0.45"	"0.8"	"0.75"	"0.01"	"0.005"	"0.01"	"100000"	"10000"	"200"	"6205120729917980578"	45000	"intercept"	0.609237395
"0.45"	"0.8"	"0.75"	"0.01"	"0.005"	"0.01"	"100000"	"10000"	"200"	"6205120729917980578"	50000	"slope"	-0.18644219895
"0.45"	"0.8"	"0.75"	"0.01"	"0.005"	"0.01"	"100000"	"10000"	"200"	"6205120729917980578"	50000	"intercept"	0.483984595
"0.45"	"0.8"	"0.75"	"0.01"	"0.005"	"0.01"	"100000"	"10000"	"200"	"6205120729917980578"	55000	"slope"	-0.172932748755
"0.45"	"0.8"	"0.75"	"0.01"	"0.005"	"0.01"	"100000"	"10000"	"200"	"6205120729917980578"	55000	"intercept"	0.55987581
"0.45"	"0.8"	"0.75"	"0.01"	"0.005"	"0.01"	"100000"	"10000"	"200"	"6205120729917980578"	60000	"slope"	-0.146337474555
"0.45"	"0.8"	"0.75"	"0.01"	"0.005"	"0.01"	"100000"	"10000"	"200"	"6205120729917980578"	60000	"intercept"	0.61464338
"0.45"	"0.8"	"0.75"	"0.01"	"0.005"	"0.01"	"100000"	"10000"	"200"	"6205120729917980578"	65000	"slope"	-0.1826862118
"0.45"	"0.8"	"0.75"	"0.01"	"0.005"	"0.01"	"100000"	"10000"	"200"	"6205120729917980578"	65000	"intercept"	0.48896355
"0.45"	"0.8"	"0.75"	"0.01"	"0.005"	"0.01"	"100000"	"10000"	"200"	"6205120729917980578"	70000	"slope"	-0.1777689509
"0.45"	"0.8"	"0.75"	"0.01"	"0.005"	"0.01"	"100000"	"10000"	"200"	"6205120729917980578"	70000	"intercept"	0.58994544
"0.45"	"0.8"	"0.75"	"0.01"	"0.005"	"0.01"	"100000"	"10000"	"200"	"6205120729917980578"	75000	"slope"	-0.1721861216
"0.45"	"0.8"	"0.75"	"0.01"	"0.005"	"0.01"	"100000"	"10000"	"200"	"6205120729917980578"	75000	"intercept"	0.541960925
"0.45"	"0.8"	"0.75"	"0.01"	"0.005"	"0.01"	"100000"	"10000"	"200"	"6205120729917980578"	80000	"slope"	-0.1041420202
"0.45"	"0.8"	"0.75"	"0.01"	"0.005"	"0.01"	"100000"	"10000"	"200"	"6205120729917980578"	80000	"intercept"	0.574664065
"0.45"	"0.8"	"0.75"	"0.01"	"0.005"	"0.01"	"100000"	"10000"	"200"	"6205120729917980578"	85000	"slope"	-0.1381386415
"0.45"	"0.8"	"0.75"	"0.01"	"0.005"	"0.01"	"100000"	"10000"	"200"	"6205120729917980578"	85000	"intercept"	0.55515729
"0.45"	"0.8"	"0.75"	"0.01"	"0.005"	"0.01"	"100000"	"10000"	"200"	"6205120729917980578"	90000	"slope"	-0.0581038695
"0.45"	"0.8"	"0.75"	"0.01"	"0.005"	"0.01"	"100000"	"10000"	"200"	"6205120729917980578"	90000	"intercept"	0.69616475
"0.45"	"0.8"	"0.75"	"0.01"	"0.005"	"0.01"	"100000"	"10000"	"200"	"6205120729917980578"	95000	"slope"	-0.12256050565
"0.45"	"0.8"	"0.75"	"0.01"	"0.005"	"0.01"	"100000"	"10000"	"200"	"6205120729917980578"	95000	"intercept"	0.5379882
"0.45"	"0.8"	"0.75"	"0.01"	"0.005"	"0.01"	"100000"	"10000"	"200"	"6205120729917980578"	100000	"slope"	-0.09153034648115
"0.45"	"0.8"	"0.75"	"0.01"	"0.005"	"0.01"	"100000"	"10000"	"200"	"6205120729917980578"	100000	"intercept"	0.7298025
"0.45"	"0.8"	"0.75"	"0.01"	"0.005"	"0.01"	"100000"	"10000"	"200"	"9140537520136009954"	10	"slope"	7.045885e-05
"0.45"	"0.8"	"0.75"	"0.01"	"0.005"	"0.01"	"100000"	"10000"	"200"	"9140537520136009954"	10	"intercept"	0.49999595
"0.45"	"0.8"	"0.75"	"0.01"	"0.005"	"0.01"	"100000"	"10000"	"200"	"9140537520136009954"	5000	"slope"	0.0309938134
"0.45"	"0.8"	"0.75"	"0.01"	"0.005"	"0.01"	"100000"	"10000"	"200"	"9140537520136009954"	5000	"intercept"	0.623187615
"0.45"	"0.8"	"0.75"	"0.01"	"0.005"	"0.01"	"100000"	"10000"	"200"	"9140537520136009954"	10000	"slope"	-0.0025708435
"0.45"	"0.8"	"0.75"	"0.01"	"0.005"	"0.01"	"100000"	"10000"	"200"	"9140537520136009954"	10000	"intercept"	0.602901845
"0.45"	"0.8"	"0.75"	"0.01"	"0.005"	"0.01"	"100000"	"10000"	"200"	"9140537520136009954"	15000	"slope"	-0.041042102
"0.45"	"0.8"	"0.75"	"0.01"	"0.005"	"0.01"	"100000"	"10000"	"200"	"9140537520136009954"	15000	"intercept"	0.595749333995
"0.45"	"0.8"	"0.75"	"0.01"	"0.005"	"0.01"	"100000"	"10000"	"200"	"9140537520136009954"	20000	"slope"	-0.1014890385
"0.45"	"0.8"	"0.75"	"0.01"	"0.005"	"0.01"	"100000"	"10000"	"200"	"9140537520136009954"	20000	"intercept"	0.615894795
"0.45"	"0.8"	"0.75"	"0.01"	"0.005"	"0.01"	"100000"	"10000"	"200"	"9140537520136009954"	25000	"slope"	-0.133863135665
"0.45"	"0.8"	"0.75"	"0.01"	"0.005"	"0.01"	"100000"	"10000"	"200"	"9140537520136009954"	25000	"intercept"	0.617014285
"0.45"	"0.8"	"0.75"	"0.01"	"0.005"	"0.01"	"100000"	"10000"	"200"	"9140537520136009954"	30000	"slope"	-0.15263891
"0.45"	"0.8"	"0.75"	"0.01"	"0.005"	"0.01"	"100000"	"10000"	"200"	"9140537520136009954"	30000	"intercept"	0.60269061
"0.45"	"0.8"	"0.75"	"0.01"	"0.005"	"0.01"	"100000"	"10000"	"200"	"9140537520136009954"	35000	"slope"	-0.18443414801
"0.45"	"0.8"	"0.75"	"0.01"	"0.005"	"0.01"	"100000"	"10000"	"200"	"9140537520136009954"	35000	"intercept"	0.57726902
"0.45"	"0.8"	"0.75"	"0.01"	"0.005"	"0.01"	"100000"	"10000"	"200"	"9140537520136009954"	40000	"slope"	-0.141181031875
"0.45"	"0.8"	"0.75"	"0.01"	"0.005"	"0.01"	"100000"	"10000"	"200"	"9140537520136009954"	40000	"intercept"	0.57031771
"0.45"	"0.8"	"0.75"	"0.01"	"0.005"	"0.01"	"100000"	"10000"	"200"	"9140537520136009954"	45000	"slope"	-0.12174215255
"0.45"	"0.8"	"0.75"	"0.01"	"0.005"	"0.01"	"100000"	"10000"	"200"	"9140537520136009954"	45000	"intercept"	0.61110737
"0.45"	"0.8"	"0.75"	"0.01"	"0.005"	"0.01"	"100000"	"10000"	"200"	"9140537520136009954"	50000	"slope"	-0.10695444025
"0.45"	"0.8"	"0.75"	"0.01"	"0.005"	"0.01"	"100000"	"10000"	"200"	"9140537520136009954"	50000	"intercept"	0.60360935
"0.45"	"0.8"	"0.75"	"0.01"	"0.005"	"0.01"	"100000"	"10000"	"200"	"9140537520136009954"	55000	"slope"	-0.11096724955
"0.45"	"0.8"	"0.75"	"0.01"	"0.005"	"0.01"	"100000"	"10000"	"200"	"9140537520136009954"	55000	"intercept"	0.531586475
"0.45"	"0.8"	"0.75"	"0.01"	"0.005"	"0.01"	"100000"	"10000"	"200"	"9140537520136009954"	60000	"slope"	-0.0734357937
"0.45"	"0.8"	"0.75"	"0.01"	"0.005"	"0.01"	"100000"	"10000"	"200"	"9140537520136009954"	60000	"intercept"	0.61931791
"0.45"	"0.8"	"0.75"	"0.01"	"0.005"	"0.01"	"100000"	"10000"	"200"	"9140537520136009954"	65000	"slope"	-0.0700864657
"0.45"	"0.8"	"0.75"	"0.01"	"0.005"	"0.01"	"100000"	"10000"	"200"	"9140537520136009954"	65000	"intercept"	0.56952563
"0.45"	"0.8"	"0.75"	"0.01"	"0.005"	"0.01"	"100000"	"10000"	"200"	"9140537520136009954"	70000	"slope"	-0.0115283745
"0.45"	"0.8"	"0.75"	"0.01"	"0.005"	"0.01"	"100000"	"10000"	"200"	"9140537520136009954"	70000	"intercept"	0.537837875
"0.45"	"0.8"	"0.75"	"0.01"	"0.005"	"0.01"	"100000"	"10000"	"200"	"9140537520136009954"	75000	"slope"	-0.0086610015
"0.45"	"0.8"	"0.75"	"0.01"	"0.005"	"0.01"	"100000"	"10000"	"200"	"9140537520136009954"	75000	"intercept"	0.53377471
"0.45"	"0.8"	"0.75"	"0.01"	"0.005"	"0.01"	"100000"	"10000"	"200"	"9140537520136009954"	80000	"slope"	0.0505293535
"0.45"	"0.8"	"0.75"	"0.01"	"0.005"	"0.01"	"100000"	"10000"	"200"	"9140537520136009954"	80000	"intercept"	0.66609513
"0.45"	"0.8"	"0.75"	"0.01"	"0.005"	"0.01"	"100000"	"10000"	"200"	"9140537520136009954"	85000	"slope"	0.007330673
"0.45"	"0.8"	"0.75"	"0.01"	"0.005"	"0.01"	"100000"	"10000"	"200"	"9140537520136009954"	85000	"intercept"	0.3905519
"0.45"	"0.8"	"0.75"	"0.01"	"0.005"	"0.01"	"100000"	"10000"	"200"	"9140537520136009954"	90000	"slope"	0.1097941765
"0.45"	"0.8"	"0.75"	"0.01"	"0.005"	"0.01"	"100000"	"10000"	"200"	"9140537520136009954"	90000	"intercept"	0.598286385
"0.45"	"0.8"	"0.75"	"0.01"	"0.005"	"0.01"	"100000"	"10000"	"200"	"9140537520136009954"	95000	"slope"	0.0685098595
"0.45"	"0.8"	"0.75"	"0.01"	"0.005"	"0.01"	"100000"	"10000"	"200"	"9140537520136009954"	95000	"intercept"	0.481825095
"0.45"	"0.8"	"0.75"	"0.01"	"0.005"	"0.01"	"100000"	"10000"	"200"	"9140537520136009954"	100000	"slope"	0.0626564335
"0.45"	"0.8"	"0.75"	"0.01"	"0.005"	"0.01"	"100000"	"10000"	"200"	"9140537520136009954"	100000	"intercept"	0.5020689
"0.55"	"0.0"	"0.75"	"0.01"	"0.005"	"0.01"	"100000"	"10000"	"200"	"2232670839038434878"	10	"slope"	-0.000116446605
"0.55"	"0.0"	"0.75"	"0.01"	"0.005"	"0.01"	"100000"	"10000"	"200"	"2232670839038434878"	10	"intercept"	0.499955465
"0.55"	"0.0"	"0.75"	"0.01"	"0.005"	"0.01"	"100000"	"10000"	"200"	"2232670839038434878"	5000	"slope"	0.09182595405
"0.55"	"0.0"	"0.75"	"0.01"	"0.005"	"0.01"	"100000"	"10000"	"200"	"2232670839038434878"	5000	"intercept"	0.634510125
"0.55"	"0.0"	"0.75"	"0.01"	"0.005"	"0.01"	"100000"	"10000"	"200"	"2232670839038434878"	10000	"slope"	0.0500893259
"0.55"	"0.0"	"0.75"	"0.01"	"0.005"	"0.01"	"100000"	"10000"	"200"	"2232670839038434878"	10000	"intercept"	0.6627425
"0.55"	"0.0"	"0.75"	"0.01"	"0.005"	"0.01"	"100000"	"10000"	"200"	"2232670839038434878"	15000	"slope"	0.0290780673255
"0.55"	"0.0"	"0.75"	"0.01"	"0.005"	"0.01"	"100000"	"10000"	"200"	"2232670839038434878"	15000	"intercept"	0.678047075
"0.55"	"0.0"	"0.75"	"0.01"	"0.005"	"0.01"	"100000"	"10000"	"200"	"2232670839038434878"	20000	"slope"	0.031082433737
"0.55"	"0.0"	"0.75"	"0.01"	"0.005"	"0.01"	"100000"	"10000"	"200"	"2232670839038434878"	20000	"intercept"	0.68802881
"0.55"	"0.0"	"0.75"	"0.01"	"0.005"	"0.01"	"100000"	"10000"	"200"	"2232670839038434878"	25000	"slope"	0.02795108177
"0.55"	"0.0"	"0.75"	"0.01"	"0.005"	"0.01"	"100000"	"10000"	"200"	"2232670839038434878"	25000	"intercept"	0.676806605
"0.55"	"0.0"	"0.75"	"0.01"	"0.005"	"0.01"	"100000"	"10000"	"200"	"2232670839038434878"	30000	"slope"	0.0267491162985
"0.55"	"0.0"	"0.75"	"0.01"	"0.005"	"0.01"	"100000"	"10000"	"200"	"2232670839038434878"	30000	"intercept"	0.6871604
"0.55"	"0.0"	"0.75"	"0.01"	"0.005"	"0.01"	"100000"	"10000"	"200"	"2232670839038434878"	35000	"slope"	-0.000667300685
"0.55"	"0.0"	"0.75"	"0.01"	"0.005"	"0.01"	"100000"	"10000"	"200"	"2232670839038434878"	35000	"intercept"	0.704505115
"0.55"	"0.0"	"0.75"	"0.01"	"0.005"	"0.01"	"100000"	"10000"	"200"	"2232670839038434878"	40000	"slope"	0.0404173403745
"0.55"	"0.0"	"0.75"	"0.01"	"0.005"	"0.01"	"100000"	"10000"	"200"	"2232670839038434878"	40000	"intercept"	0.675996925
"0.55"	"0.0"	"0.75"	"0.01"	"0.005"	"0.01"	"100000"	"10000"	"200"	"2232670839038434878"	45000	"slope"	0.0573109465
"0.55"	"0.0"	"0.75"	"0.01"	"0.005"	"0.01"	"100000"	"10000"	"200"	"2232670839038434878"	45000	"intercept"	0.66212887
"0.55"	"0.0"	"0.75"	"0.01"	"0.005"	"0.01"	"100000"	"10000"	"200"	"2232670839038434878"	50000	"slope"	0.03757973759
"0.55"	"0.0"	"0.75"	"0.01"	"0.005"	"0.01"	"100000"	"10000"	"200"	"2232670839038434878"	50000	"intercept"	0.676682805
"0.55"	"0.0"	"0.75"	"0.01"	"0.005"	"0.01"	"100000"	"10000"	"200"	"2232670839038434878"	55000	"slope"	0.01881350882
"0.55"	"0.0"	"0.75"	"0.01"	"0.005"	"0.01"	"100000"	"10000"	"200"	"2232670839038434878"	55000	"intercept"	0.683989075
"0.55"	"0.0"	"0.75"	"0.01"	"0.005"	"0.01"	"100000"	"10000"	"200"	"2232670839038434878"	60000	"slope"	0.079770979
"0.55"	"0.0"	"0.75"	"0.01"	"0.005"	"0.01"	"100000"	"10000"	"200"	"2232670839038434878"	60000	"intercept"	0.65109688
"0.55"	"0.0"	"0.75"	"0.01"	"0.005"	"0.01"	"100000"	"10000"	"200"	"2232670839038434878"	65000	"slope"	0.119512208
"0.55"	"0.0"	"0.75"	"0.01"	"0.005"	"0.01"	"100000"	"10000"	"200"	"2232670839038434878"	65000	"intercept"	0.620213
"0.55"	"0.0"	"0.75"	"0.01"	"0.005"	"0.01"	"100000"	"10000"	"200"	"2232670839038434878"	70000	"slope"	0.093352635
"0.55"	"0.0"	"0.75"	"0.01"	"0.005"	"0.01"	"100000"	"10000"	"200"	"2232670839038434878"	70000	"intercept"	0.637668255
"0.55"	"0.0"	"0.75"	"0.01"	"0.005"	"0.01"	"100000"	"10000"	"200"	"2232670839038434878"	75000	"slope"	0.09726194745
"0.55"	"0.0"	"0.75"	"0.01"	"0.005"	"0.01"	"100000"	"10000"	"200"	"2232670839038434878"	75000	"intercept"	0.636553975
"0.55"	"0.0"	"0.75"	"0.01"	"0.005"	"0.01"	"100000"	"10000"	"200"	"2232670839038434878"	80000	"slope"	0.1022725914
"0.55"	"0.0"	"0.75"	"0.01"	"0.005"	"0.01"	"100000"	"10000"	"200"	"2232670839038434878"	80000	"intercept"	0.627780385
"0.55"	"0.0"	"0.75"	"0.01"	"0.005"	"0.01"	"100000"	"10000"	"200"	"2232670839038434878"	85000	"slope"	0.07930118785
"0.55"	"0.0"	"0.75"	"0.01"	"0.005"	"0.01"	"100000"	"10000"	"200"	"2232670839038434878"	85000	"intercept"	0.63785608
"0.55"	"0.0"	"0.75"	"0.01"	"0.005"	"0.01"	"100000"	"10000"	"200"	"2232670839038434878"	90000	"slope"	0.0345534046385
"0.55"	"0.0"	"0.75"	"0.01"	"0.005"	"0.01"	"100000"	"10000"	"200"	"2232670839038434878"	90000	"intercept"	0.67740687
"0.55"	"0.0"	"0.75"	"0.01"	"0.005"	"0.01"	"100000"	"10000"	"200"	"2232670839038434878"	95000	"slope"	0.06907142015
"0.55"	"0.0"	"0.75"	"0.01"	"0.005"	"0.01"	"100000"	"10000"	"200"	"2232670839038434878"	95000	"intercept"	0.655884565
"0.55"	"0.0"	"0.75"	"0.01"	"0.005"	"0.01"	"100000"	"10000"	"200"	"2232670839038434878"	100000	"slope"	0.08239549815
"0.55"	"0.0"	"0.75"	"0.01"	"0.005"	"0.01"	"100000"	"10000"	"200"	"2232670839038434878"	100000	"intercept"	0.644283735
"0.55"	"0.0"	"0.75"	"0.01"	"0.005"	"0.01"	"100000"	"10000"	"200"	"3532717849469972621"	10	"slope"	1.160415e-05
"0.55"	"0.0"	"0.75"	"0.01"	"0.005"	"0.01"	"100000"	"10000"	"200"	"3532717849469972621"	10	"intercept"	0.500119165
"0.55"	"0.0"	"0.75"	"0.01"	"0.005"	"0.01"	"100000"	"10000"	"200"	"3532717849469972621"	5000	"slope"	0.07869914745
"0.55"	"0.0"	"0.75"	"0.01"	"0.005"	"0.01"	"100000"	"10000"	"200"	"3532717849469972621"	5000	"intercept"	0.648066905
"0.55"	"0.0"	"0.75"	"0.01"	"0.005"	"0.01"	"100000"	"10000"	"200"	"3532717849469972621"	10000	"slope"	0.091851972
"0.55"	"0.0"	"0.75"	"0.01"	"0.005"	"0.01"	"100000"	"10000"	"200"	"3532717849469972621"	10000	"intercept"	0.63924024
"0.55"	"0.0"	"0.75"	"0.01"	"0.005"	"0.01"	"100000"	"10000"	"200"	"3532717849469972621"	15000	"slope"	0.08018543595
"0.55"	"0.0"	"0.75"	"0.01"	"0.005"	"0.01"	"100000"	"10000"	"200"	"3532717849469972621"	15000	"intercept"	0.645755905
"0.55"	"0.0"	"0.75"	"0.01"	"0.005"	"0.01"	"100000"	"10000"	"200"	"3532717849469972621"	20000	"slope"	0.084522043015
"0.55"	"0.0"	"0.75"	"0.01"	"0.005"	"0.01"	"100000"	"10000"	"200"	"3532717849469972621"	20000	"intercept"	0.64051194
"0.55"	"0.0"	"0.75"	"0.01"	"0.005"	"0.01"	"100000"	"10000"	"200"	"3532717849469972621"	25000	"slope"	0.1329881855
"0.55"	"0.0"	"0.75"	"0.01"	"0.005"	"0.01"	"100000"	"10000"	"200"	"3532717849469972621"	25000	"intercept"	0.60576626
"0.55"	"0.0"	"0.75"	"0.01"	"0.005"	"0.01"	"100000"	"10000"	"200"	"3532717849469972621"	30000	"slope"	0.1017831145
"0.55"	"0.0"	"0.75"	"0.01"	"0.005"	"0.01"	"100000"	"10000"	"200"	"3532717849469972621"	30000	"intercept"	0.629197315
"0.55"	"0.0"	"0.75"	"0.01"	"0.005"	"0.01"	"100000"	"10000"	"200"	"3532717849469972621"	35000	"slope"	0.075445167655
"0.55"	"0.0"	"0.75"	"0.01"	"0.005"	"0.01"	"100000"	"10000"	"200"	"3532717849469972621"	35000	"intercept"	0.64625681
"0.55"	"0.0"	"0.75"	"0.01"	"0.005"	"0.01"	"100000"	"10000"	"200"	"3532717849469972621"	40000	"slope"	0.0649562867
"0.55"	"0.0"	"0.75"	"0.01"	"0.005"	"0.01"	"100000"	"10000"	"200"	"3532717849469972621"	40000	"intercept"	0.66197033
"0.55"	"0.0"	"0.75"	"0.01"	"0.005"	"0.01"	"100000"	"10000"	"200"	"3532717849469972621"	45000	"slope"	0.0616811165
"0.55"	"0.0"	"0.75"	"0.01"	"0.005"	"0.01"	"100000"	"10000"	"200"	"3532717849469972621"	45000	"intercept"	0.670342315
"0.55"	"0.0"	"0.75"	"0.01"	"0.005"	"0.01"	"100000"	"10000"	"200"	"3532717849469972621"	50000	"slope"	0.0979804765
"0.55"	"0.0"	"0.75"	"0.01"	"0.005"	"0.01"	"100000"	"10000"	"200"	"3532717849469972621"	50000	"intercept"	0.640317795
"0.55"	"0.0"	"0.75"	"0.01"	"0.005"	"0.01"	"100000"	"10000"	"200"	"3532717849469972621"	55000	"slope"	0.07022768775
"0.55"	"0.0"	"0.75"	"0.01"	"0.005"	"0.01"	"100000"	"10000"	"200"	"3532717849469972621"	55000	"intercept"	0.6511973
"0.55"	"0.0"	"0.75"	"0.01"	"0.005"	"0.01"	"100000"	"10000"	"200"	"3532717849469972621"	60000	"slope"	0.07133431105
"0.55"	"0.0"	"0.75"	"0.01"	"0.005"	"0.01"	"100000"	"10000"	"200"	"3532717849469972621"	60000	"intercept"	0.655813955
"0.55"	"0.0"	"0.75"	"0.01"	"0.005"	"0.01"	"100000"	"10000"	"200"	"3532717849469972621"	65000	"slope"	0.0629099214
"0.55"	"0.0"	"0.75"	"0.01"	"0.005"	"0.01"	"100000"	"10000"	"200"	"3532717849469972621"	65000	"intercept"	0.651180535
"0.55"	"0.0"	"0.75"	"0.01"	"0.005"	"0.01"	"100000"	"10000"	"200"	"3532717849469972621"	70000	"slope"	0.112817329
"0.55"	"0.0"	"0.75"	"0.01"	"0.005"	"0.01"	"100000"	"10000"	"200"	"3532717849469972621"	70000	"intercept"	0.6240393
"0.55"	"0.0"	"0.75"	"0.01"	"0.005"	"0.01"	"100000"	"10000"	"200"	"3532717849469972621"	75000	"slope"	0.0868117516
"0.55"	"0.0"	"0.75"	"0.01"	"0.005"	"0.01"	"100000"	"10000"	"200"	"3532717849469972621"	75000	"intercept"	0.639511705
"0.55"	"0.0"	"0.75"	"0.01"	"0.005"	"0.01"	"100000"	"10000"	"200"	"3532717849469972621"	80000	"slope"	0.07811976765
"0.55"	"0.0"	"0.75"	"0.01"	"0.005"	"0.01"	"100000"	"10000"	"200"	"3532717849469972621"	80000	"intercept"	0.648217525
"0.55"	"0.0"	"0.75"	"0.01"	"0.005"	"0.01"	"100000"	"10000"	"200"	"3532717849469972621"	85000	"slope"	0.07370731925
"0.55"	"0.0"	"0.75"	"0.01"	"0.005"	"0.01"	"100000"	"10000"	"200"	"3532717849469972621"	85000	"intercept"	0.65255051
"0.55"	"0.0"	"0.75"	"0.01"	"0.005"	"0.01"	"100000"	"10000"	"200"	"3532717849469972621"	90000	"slope"	0.07275977135
"0.55"	"0.0"	"0.75"	"0.01"	"0.005"	"0.01"	"100000"	"10000"	"200"	"3532717849469972621"	90000	"intercept"	0.65086966
"0.55"	"0.0"	"0.75"	"0.01"	"0.005"	"0.01"	"100000"	"10000"	"200"	"3532717849469972621"	95000	"slope"	0.08804436843
"0.55"	"0.0"	"0.75"	"0.01"	"0.005"	"0.01"	"100000"	"10000"	"200"	"3532717849469972621"	95000	"intercept"	0.639973165
"0.55"	"0.0"	"0.75"	"0.01"	"0.005"	"0.01"	"100000"	"10000"	"200"	"3532717849469972621"	100000	"slope"	0.0977026935
"0.55"	"0.0"	"0.75"	"0.01"	"0.005"	"0.01"	"100000"	"10000"	"200"	"3532717849469972621"	100000	"intercept"	0.63570797
"0.55"	"0.0"	"0.75"	"0.01"	"0.005"	"0.01"	"100000"	"10000"	"200"	"543362429313275134"	10	"slope"	1.59541e-05
"0.55"	"0.0"	"0.75"	"0.01"	"0.005"	"0.01"	"100000"	"10000"	"200"	"543362429313275134"	10	"intercept"	0.50013124
"0.55"	"0.0"	"0.75"	"0.01"	"0.005"	"0.01"	"100000"	"10000"	"200"	"543362429313275134"	5000	"slope"	0.0838652166
"0.55"	"0.0"	"0.75"	"0.01"	"0.005"	"0.01"	"100000"	"10000"	"200"	"543362429313275134"	5000	"intercept"	0.63974029
"0.55"	"0.0"	"0.75"	"0.01"	"0.005"	"0.01"	"100000"	"10000"	"200"	"543362429313275134"	10000	"slope"	0.103558021
"0.55"	"0.0"	"0.75"	"0.01"	"0.005"	"0.01"	"100000"	"10000"	"200"	"543362429313275134"	10000	"intercept"	0.63085501
"0.55"	"0.0"	"0.75"	"0.01"	"0.005"	"0.01"	"100000"	"10000"	"200"	"543362429313275134"	15000	"slope"	0.1145066005
"0.55"	"0.0"	"0.75"	"0.01"	"0.005"	"0.01"	"100000"	"10000"	"200"	"543362429313275134"	15000	"intercept"	0.623052815
"0.55"	"0.0"	"0.75"	"0.01"	"0.005"	"0.01"	"100000"	"10000"	"200"	"543362429313275134"	20000	"slope"	0.1008089835
"0.55"	"0.0"	"0.75"	"0.01"	"0.005"	"0.01"	"100000"	"10000"	"200"	"543362429313275134"	20000	"intercept"	0.634217095
"0.55"	"0.0"	"0.75"	"0.01"	"0.005"	"0.01"	"100000"	"10000"	"200"	"543362429313275134"	25000	"slope"	0.078111817525
"0.55"	"0.0"	"0.75"	"0.01"	"0.005"	"0.01"	"100000"	"10000"	"200"	"543362429313275134"	25000	"intercept"	0.65089885
"0.55"	"0.0"	"0.75"	"0.01"	"0.005"	"0.01"	"100000"	"10000"	"200"	"543362429313275134"	30000	"slope"	0.1117814385
"0.55"	"0.0"	"0.75"	"0.01"	"0.005"	"0.01"	"100000"	"10000"	"200"	"543362429313275134"	30000	"intercept"	0.61813367
"0.55"	"0.0"	"0.75"	"0.01"	"0.005"	"0.01"	"100000"	"10000"	"200"	"543362429313275134"	35000	"slope"	0.07449432305
"0.55"	"0.0"	"0.75"	"0.01"	"0.005"	"0.01"	"100000"	"10000"	"200"	"543362429313275134"	35000	"intercept"	0.64814631
"0.55"	"0.0"	"0.75"	"0.01"	"0.005"	"0.01"	"100000"	"10000"	"200"	"543362429313275134"	40000	"slope"	0.07362307
"0.55"	"0.0"	"0.75"	"0.01"	"0.005"	"0.01"	"100000"	"10000"	"200"	"543362429313275134"	40000	"intercept"	0.643322205
"0.55"	"0.0"	"0.75"	"0.01"	"0.005"	"0.01"	"100000"	"10000"	"200"	"543362429313275134"	45000	"slope"	0.0890993375
"0.55"	"0.0"	"0.75"	"0.01"	"0.005"	"0.01"	"100000"	"10000"	"200"	"543362429313275134"	45000	"intercept"	0.640655035
"0.55"	"0.0"	"0.75"	"0.01"	"0.005"	"0.01"	"100000"	"10000"	"200"	"543362429313275134"	50000	"slope"	0.0624178784
"0.55"	"0.0"	"0.75"	"0.01"	"0.005"	"0.01"	"100000"	"10000"	"200"	"543362429313275134"	50000	"intercept"	0.662229165
"0.55"	"0.0"	"0.75"	"0.01"	"0.005"	"0.01"	"100000"	"10000"	"200"	"543362429313275134"	55000	"slope"	0.049950715065
"0.55"	"0.0"	"0.75"	"0.01"	"0.005"	"0.01"	"100000"	"10000"	"200"	"543362429313275134"	55000	"intercept"	0.66456082
"0.55"	"0.0"	"0.75"	"0.01"	"0.005"	"0.01"	"100000"	"10000"	"200"	"543362429313275134"	60000	"slope"	0.04912065152
"0.55"	"0.0"	"0.75"	"0.01"	"0.005"	"0.01"	"100000"	"10000"	"200"	"543362429313275134"	60000	"intercept"	0.66355534
"0.55"	"0.0"	"0.75"	"0.01"	"0.005"	"0.01"	"100000"	"10000"	"200"	"543362429313275134"	65000	"slope"	0.062872209245
"0.55"	"0.0"	"0.75"	"0.01"	"0.005"	"0.01"	"100000"	"10000"	"200"	"543362429313275134"	65000	"intercept"	0.65859342
"0.55"	"0.0"	"0.75"	"0.01"	"0.005"	"0.01"	"100000"	"10000"	"200"	"543362429313275134"	70000	"slope"	0.0671733564
"0.55"	"0.0"	"0.75"	"0.01"	"0.005"	"0.01"	"100000"	"10000"	"200"	"543362429313275134"	70000	"intercept"	0.652360555
"0.55"	"0.0"	"0.75"	"0.01"	"0.005"	"0.01"	"100000"	"10000"	"200"	"543362429313275134"	75000	"slope"	0.07231968309
"0.55"	"0.0"	"0.75"	"0.01"	"0.005"	"0.01"	"100000"	"10000"	"200"	"543362429313275134"	75000	"intercept"	0.653251385
"0.55"	"0.0"	"0.75"	"0.01"	"0.005"	"0.01"	"100000"	"10000"	"200"	"543362429313275134"	80000	"slope"	0.0634558294
"0.55"	"0.0"	"0.75"	"0.01"	"0.005"	"0.01"	"100000"	"10000"	"200"	"543362429313275134"	80000	"intercept"	0.652727225
"0.55"	"0.0"	"0.75"	"0.01"	"0.005"	"0.01"	"100000"	"10000"	"200"	"543362429313275134"	85000	"slope"	0.040480385795
"0.55"	"0.0"	"0.75"	"0.01"	"0.005"	"0.01"	"100000"	"10000"	"200"	"543362429313275134"	85000	"intercept"	0.66768006
"0.55"	"0.0"	"0.75"	"0.01"	"0.005"	"0.01"	"100000"	"10000"	"200"	"543362429313275134"	90000	"slope"	0.05674602125
"0.55"	"0.0"	"0.75"	"0.01"	"0.005"	"0.01"	"100000"	"10000"	"200"	"543362429313275134"	90000	"intercept"	0.66303012
"0.55"	"0.0"	"0.75"	"0.01"	"0.005"	"0.01"	"100000"	"10000"	"200"	"543362429313275134"	95000	"slope"	0.08127059005
"0.55"	"0.0"	"0.75"	"0.01"	"0.005"	"0.01"	"100000"	"10000"	"200"	"543362429313275134"	95000	"intercept"	0.637044065
"0.55"	"0.0"	"0.75"	"0.01"	"0.005"	"0.01"	"100000"	"10000"	"200"	"543362429313275134"	100000	"slope"	0.1080970785
"0.55"	"0.0"	"0.75"	"0.01"	"0.005"	"0.01"	"100000"	"10000"	"200"	"543362429313275134"	100000	"intercept"	0.63097117
"0.55"	"0.4"	"0.75"	"0.01"	"0.005"	"0.01"	"100000"	"10000"	"200"	"3260768289295492578"	10	"slope"	3.3571418e-05
"0.55"	"0.4"	"0.75"	"0.01"	"0.005"	"0.01"	"100000"	"10000"	"200"	"3260768289295492578"	10	"intercept"	0.49997846
"0.55"	"0.4"	"0.75"	"0.01"	"0.005"	"0.01"	"100000"	"10000"	"200"	"3260768289295492578"	5000	"slope"	0.02983419109
"0.55"	"0.4"	"0.75"	"0.01"	"0.005"	"0.01"	"100000"	"10000"	"200"	"3260768289295492578"	5000	"intercept"	0.66993208
"0.55"	"0.4"	"0.75"	"0.01"	"0.005"	"0.01"	"100000"	"10000"	"200"	"3260768289295492578"	10000	"slope"	0.00760217851
"0.55"	"0.4"	"0.75"	"0.01"	"0.005"	"0.01"	"100000"	"10000"	"200"	"3260768289295492578"	10000	"intercept"	0.684438175
"0.55"	"0.4"	"0.75"	"0.01"	"0.005"	"0.01"	"100000"	"10000"	"200"	"3260768289295492578"	15000	"slope"	-0.033593420975
"0.55"	"0.4"	"0.75"	"0.01"	"0.005"	"0.01"	"100000"	"10000"	"200"	"3260768289295492578"	15000	"intercept"	0.71861723
"0.55"	"0.4"	"0.75"	"0.01"	"0.005"	"0.01"	"100000"	"10000"	"200"	"3260768289295492578"	20000	"slope"	-0.011690230595
"0.55"	"0.4"	"0.75"	"0.01"	"0.005"	"0.01"	"100000"	"10000"	"200"	"3260768289295492578"	20000	"intercept"	0.69422168
"0.55"	"0.4"	"0.75"	"0.01"	"0.005"	"0.01"	"100000"	"10000"	"200"	"3260768289295492578"	25000	"slope"	0.01734977798
"0.55"	"0.4"	"0.75"	"0.01"	"0.005"	"0.01"	"100000"	"10000"	"200"	"3260768289295492578"	25000	"intercept"	0.6810762
"0.55"	"0.4"	"0.75"	"0.01"	"0.005"	"0.01"	"100000"	"10000"	"200"	"3260768289295492578"	30000	"slope"	-0.032301222745
"0.55"	"0.4"	"0.75"	"0.01"	"0.005"	"0.01"	"100000"	"10000"	"200"	"3260768289295492578"	30000	"intercept"	0.71170189
"0.55"	"0.4"	"0.75"	"0.01"	"0.005"	"0.01"	"100000"	"10000"	"200"	"3260768289295492578"	35000	"slope"	-0.026848312125
"0.55"	"0.4"	"0.75"	"0.01"	"0.005"	"0.01"	"100000"	"10000"	"200"	"3260768289295492578"	35000	"intercept"	0.70399073
"0.55"	"0.4"	"0.75"	"0.01"	"0.005"	"0.01"	"100000"	"10000"	"200"	"3260768289295492578"	40000	"slope"	-0.022336580797
"0.55"	"0.4"	"0.75"	"0.01"	"0.005"	"0.01"	"100000"	"10000"	"200"	"3260768289295492578"	40000	"intercept"	0.70384974
"0.55"	"0.4"	"0.75"	"0.01"	"0.005"	"0.01"	"100000"	"10000"	"200"	"3260768289295492578"	45000	"slope"	-0.029594798575
"0.55"	"0.4"	"0.75"	"0.01"	"0.005"	"0.01"	"100000"	"10000"	"200"	"3260768289295492578"	45000	"intercept"	0.709281975
"0.55"	"0.4"	"0.75"	"0.01"	"0.005"	"0.01"	"100000"	"10000"	"200"	"3260768289295492578"	50000	"slope"	-0.0721534088
"0.55"	"0.4"	"0.75"	"0.01"	"0.005"	"0.01"	"100000"	"10000"	"200"	"3260768289295492578"	50000	"intercept"	0.729383195
"0.55"	"0.4"	"0.75"	"0.01"	"0.005"	"0.01"	"100000"	"10000"	"200"	"3260768289295492578"	55000	"slope"	-0.06937535855
"0.55"	"0.4"	"0.75"	"0.01"	"0.005"	"0.01"	"100000"	"10000"	"200"	"3260768289295492578"	55000	"intercept"	0.7376907
"0.55"	"0.4"	"0.75"	"0.01"	"0.005"	"0.01"	"100000"	"10000"	"200"	"3260768289295492578"	60000	"slope"	-0.102971142
"0.55"	"0.4"	"0.75"	"0.01"	"0.005"	"0.01"	"100000"	"10000"	"200"	"3260768289295492578"	60000	"intercept"	0.75332528
"0.55"	"0.4"	"0.75"	"0.01"	"0.005"	"0.01"	"100000"	"10000"	"200"	"3260768289295492578"	65000	"slope"	-0.10825905845
"0.55"	"0.4"	"0.75"	"0.01"	"0.005"	"0.01"	"100000"	"10000"	"200"	"3260768289295492578"	65000	"intercept"	0.75276295
"0.55"	"0.4"	"0.75"	"0.01"	"0.005"	"0.01"	"100000"	"10000"	"200"	"3260768289295492578"	70000	"slope"	-0.117081796515
"0.55"	"0.4"	"0.75"	"0.01"	"0.005"	"0.01"	"100000"	"10000"	"200"	"3260768289295492578"	70000	"intercept"	0.77746539
"0.55"	"0.4"	"0.75"	"0.01"	"0.005"	"0.01"	"100000"	"10000"	"200"	"3260768289295492578"	75000	"slope"	-0.07573228565
"0.55"	"0.4"	"0.75"	"0.01"	"0.005"	"0.01"	"100000"	"10000"	"200"	"3260768289295492578"	75000	"intercept"	0.734335175
"0.55"	"0.4"	"0.75"	"0.01"	"0.005"	"0.01"	"100000"	"10000"	"200"	"3260768289295492578"	80000	"slope"	-0.046364651895
"0.55"	"0.4"	"0.75"	"0.01"	"0.005"	"0.01"	"100000"	"10000"	"200"	"3260768289295492578"	80000	"intercept"	0.725433955
"0.55"	"0.4"	"0.75"	"0.01"	"0.005"	"0.01"	"100000"	"10000"	"200"	"3260768289295492578"	85000	"slope"	-0.035065512265
"0.55"	"0.4"	"0.75"	"0.01"	"0.005"	"0.01"	"100000"	"10000"	"200"	"3260768289295492578"	85000	"intercept"	0.715313155
"0.55"	"0.4"	"0.75"	"0.01"	"0.005"	"0.01"	"100000"	"10000"	"200"	"3260768289295492578"	90000	"slope"	-0.06627347523
"0.55"	"0.4"	"0.75"	"0.01"	"0.005"	"0.01"	"100000"	"10000"	"200"	"3260768289295492578"	90000	"intercept"	0.73224542
"0.55"	"0.4"	"0.75"	"0.01"	"0.005"	"0.01"	"100000"	"10000"	"200"	"3260768289295492578"	95000	"slope"	-0.114264968
"0.55"	"0.4"	"0.75"	"0.01"	"0.005"	"0.01"	"100000"	"10000"	"200"	"3260768289295492578"	95000	"intercept"	0.77090136
"0.55"	"0.4"	"0.75"	"0.01"	"0.005"	"0.01"	"100000"	"10000"	"200"	"3260768289295492578"	100000	"slope"	-0.10690801805
"0.55"	"0.4"	"0.75"	"0.01"	"0.005"	"0.01"	"100000"	"10000"	"200"	"3260768289295492578"	100000	"intercept"	0.75469909
"0.55"	"0.4"	"0.75"	"0.01"	"0.005"	"0.01"	"100000"	"10000"	"200"	"4762631406491475802"	10	"slope"	1.4179465e-05
"0.55"	"0.4"	"0.75"	"0.01"	"0.005"	"0.01"	"100000"	"10000"	"200"	"4762631406491475802"	10	"intercept"	0.50001398
"0.55"	"0.4"	"0.75"	"0.01"	"0.005"	"0.01"	"100000"	"10000"	"200"	"4762631406491475802"	5000	"slope"	0.07650593152
"0.55"	"0.4"	"0.75"	"0.01"	"0.005"	"0.01"	"100000"	"10000"	"200"	"4762631406491475802"	5000	"intercept"	0.640121695
"0.55"	"0.4"	"0.75"	"0.01"	"0.005"	"0.01"	"100000"	"10000"	"200"	"4762631406491475802"	10000	"slope"	0.008279807659
"0.55"	"0.4"	"0.75"	"0.01"	"0.005"	"0.01"	"100000"	"10000"	"200"	"4762631406491475802"	10000	"intercept"	0.69257029
"0.55"	"0.4"	"0.75"	"0.01"	"0.005"	"0.01"	"100000"	"10000"	"200"	"4762631406491475802"	15000	"slope"	-0.02848662209
"0.55"	"0.4"	"0.75"	"0.01"	"0.005"	"0.01"	"100000"	"10000"	"200"	"4762631406491475802"	15000	"intercept"	0.706870895
"0.55"	"0.4"	"0.75"	"0.01"	"0.005"	"0.01"	"100000"	"10000"	"200"	"4762631406491475802"	20000	"slope"	-0.0522130549701
"0.55"	"0.4"	"0.75"	"0.01"	"0.005"	"0.01"	"100000"	"10000"	"200"	"4762631406491475802"	20000	"intercept"	0.720629585
"0.55"	"0.4"	"0.75"	"0.01"	"0.005"	"0.01"	"100000"	"10000"	"200"	"4762631406491475802"	25000	"slope"	0.00361428375
"0.55"	"0.4"	"0.75"	"0.01"	"0.005"	"0.01"	"100000"	"10000"	"200"	"4762631406491475802"	25000	"intercept"	0.68725732
"0.55"	"0.4"	"0.75"	"0.01"	"0.005"	"0.01"	"100000"	"10000"	"200"	"4762631406491475802"	30000	"slope"	-0.0222581296
"0.55"	"0.4"	"0.75"	"0.01"	"0.005"	"0.01"	"100000"	"10000"	"200"	"4762631406491475802"	30000	"intercept"	0.708897075
"0.55"	"0.4"	"0.75"	"0.01"	"0.005"	"0.01"	"100000"	"10000"	"200"	"4762631406491475802"	35000	"slope"	-0.0664833343
"0.55"	"0.4"	"0.75"	"0.01"	"0.005"	"0.01"	"100000"	"10000"	"200"	"4762631406491475802"	35000	"intercept"	0.72936374
"0.55"	"0.4"	"0.75"	"0.01"	"0.005"	"0.01"	"100000"	"10000"	"200"	"4762631406491475802"	40000	"slope"	-0.027428792235
"0.55"	"0.4"	"0.75"	"0.01"	"0.005"	"0.01"	"100000"	"10000"	"200"	"4762631406491475802"	40000	"intercept"	0.705357035
"0.55"	"0.4"	"0.75"	"0.01"	"0.005"	"0.01"	"100000"	"10000"	"200"	"4762631406491475802"	45000	"slope"	-0.02990543805
"0.55"	"0.4"	"0.75"	"0.01"	"0.005"	"0.01"	"100000"	"10000"	"200"	"4762631406491475802"	45000	"intercept"	0.715897545
"0.55"	"0.4"	"0.75"	"0.01"	"0.005"	"0.01"	"100000"	"10000"	"200"	"4762631406491475802"	50000	"slope"	-0.05914272515
"0.55"	"0.4"	"0.75"	"0.01"	"0.005"	"0.01"	"100000"	"10000"	"200"	"4762631406491475802"	50000	"intercept"	0.730264795
"0.55"	"0.4"	"0.75"	"0.01"	"0.005"	"0.01"	"100000"	"10000"	"200"	"4762631406491475802"	55000	"slope"	-0.0494174313
"0.55"	"0.4"	"0.75"	"0.01"	"0.005"	"0.01"	"100000"	"10000"	"200"	"4762631406491475802"	55000	"intercept"	0.73183221
"0.55"	"0.4"	"0.75"	"0.01"	"0.005"	"0.01"	"100000"	"10000"	"200"	"4762631406491475802"	60000	"slope"	0.009145959855
"0.55"	"0.4"	"0.75"	"0.01"	"0.005"	"0.01"	"100000"	"10000"	"200"	"4762631406491475802"	60000	"intercept"	0.68476866
"0.55"	"0.4"	"0.75"	"0.01"	"0.005"	"0.01"	"100000"	"10000"	"200"	"4762631406491475802"	65000	"slope"	-0.0142239635
"0.55"	"0.4"	"0.75"	"0.01"	"0.005"	"0.01"	"100000"	"10000"	"200"	"4762631406491475802"	65000	"intercept"	0.703847755
"0.55"	"0.4"	"0.75"	"0.01"	"0.005"	"0.01"	"100000"	"10000"	"200"	"4762631406491475802"	70000	"slope"	-0.0973690865
"0.55"	"0.4"	"0.75"	"0.01"	"0.005"	"0.01"	"100000"	"10000"	"200"	"4762631406491475802"	70000	"intercept"	0.74955303
"0.55"	"0.4"	"0.75"	"0.01"	"0.005"	"0.01"	"100000"	"10000"	"200"	"4762631406491475802"	75000	"slope"	-0.09375139
"0.55"	"0.4"	"0.75"	"0.01"	"0.005"	"0.01"	"100000"	"10000"	"200"	"4762631406491475802"	75000	"intercept"	0.748084315
"0.55"	"0.4"	"0.75"	"0.01"	"0.005"	"0.01"	"100000"	"10000"	"200"	"4762631406491475802"	80000	"slope"	-0.1171546038
"0.55"	"0.4"	"0.75"	"0.01"	"0.005"	"0.01"	"100000"	"10000"	"200"	"4762631406491475802"	80000	"intercept"	0.766592385
"0.55"	"0.4"	"0.75"	"0.01"	"0.005"	"0.01"	"100000"	"10000"	"200"	"4762631406491475802"	85000	"slope"	-0.1297617471
"0.55"	"0.4"	"0.75"	"0.01"	"0.005"	"0.01"	"100000"	"10000"	"200"	"4762631406491475802"	85000	"intercept"	0.775367505
"0.55"	"0.4"	"0.75"	"0.01"	"0.005"	"0.01"	"100000"	"10000"	"200"	"4762631406491475802"	90000	"slope"	-0.149158618
"0.55"	"0.4"	"0.75"	"0.01"	"0.005"	"0.01"	"100000"	"10000"	"200"	"4762631406491475802"	90000	"intercept"	0.78586954
"0.55"	"0.4"	"0.75"	"0.01"	"0.005"	"0.01"	"100000"	"10000"	"200"	"4762631406491475802"	95000	"slope"	-0.1276908875
"0.55"	"0.4"	"0.75"	"0.01"	"0.005"	"0.01"	"100000"	"10000"	"200"	"4762631406491475802"	95000	"intercept"	0.772594105
"0.55"	"0.4"	"0.75"	"0.01"	"0.005"	"0.01"	"100000"	"10000"	"200"	"4762631406491475802"	100000	"slope"	-0.14110796
"0.55"	"0.4"	"0.75"	"0.01"	"0.005"	"0.01"	"100000"	"10000"	"200"	"4762631406491475802"	100000	"intercept"	0.782100105
"0.55"	"0.4"	"0.75"	"0.01"	"0.005"	"0.01"	"100000"	"10000"	"200"	"7918509317429439108"	10	"slope"	0.0001403018
"0.55"	"0.4"	"0.75"	"0.01"	"0.005"	"0.01"	"100000"	"10000"	"200"	"7918509317429439108"	10	"intercept"	0.499926775
"0.55"	"0.4"	"0.75"	"0.01"	"0.005"	"0.01"	"100000"	"10000"	"200"	"7918509317429439108"	5000	"slope"	0.036248660315
"0.55"	"0.4"	"0.75"	"0.01"	"0.005"	"0.01"	"100000"	"10000"	"200"	"7918509317429439108"	5000	"intercept"	0.6735307
"0.55"	"0.4"	"0.75"	"0.01"	"0.005"	"0.01"	"100000"	"10000"	"200"	"7918509317429439108"	10000	"slope"	0.00876100175
"0.55"	"0.4"	"0.75"	"0.01"	"0.005"	"0.01"	"100000"	"10000"	"200"	"7918509317429439108"	10000	"intercept"	0.684574745
"0.55"	"0.4"	"0.75"	"0.01"	"0.005"	"0.01"	"100000"	"10000"	"200"	"7918509317429439108"	15000	"slope"	0.0302665781
"0.55"	"0.4"	"0.75"	"0.01"	"0.005"	"0.01"	"100000"	"10000"	"200"	"7918509317429439108"	15000	"intercept"	0.662371945
"0.55"	"0.4"	"0.75"	"0.01"	"0.005"	"0.01"	"100000"	"10000"	"200"	"7918509317429439108"	20000	"slope"	-0.011390035975
"0.55"	"0.4"	"0.75"	"0.01"	"0.005"	"0.01"	"100000"	"10000"	"200"	"7918509317429439108"	20000	"intercept"	0.692264715
"0.55"	"0.4"	"0.75"	"0.01"	"0.005"	"0.01"	"100000"	"10000"	"200"	"7918509317429439108"	25000	"slope"	-0.0168200347
"0.55"	"0.4"	"0.75"	"0.01"	"0.005"	"0.01"	"100000"	"10000"	"200"	"7918509317429439108"	25000	"intercept"	0.69621576
"0.55"	"0.4"	"0.75"	"0.01"	"0.005"	"0.01"	"100000"	"10000"	"200"	"7918509317429439108"	30000	"slope"	-0.045422644155
"0.55"	"0.4"	"0.75"	"0.01"	"0.005"	"0.01"	"100000"	"10000"	"200"	"7918509317429439108"	30000	"intercept"	0.71639237
"0.55"	"0.4"	"0.75"	"0.01"	"0.005"	"0.01"	"100000"	"10000"	"200"	"7918509317429439108"	35000	"slope"	-0.05695645085
"0.55"	"0.4"	"0.75"	"0.01"	"0.005"	"0.01"	"100000"	"10000"	"200"	"7918509317429439108"	35000	"intercept"	0.7210653
"0.55"	"0.4"	"0.75"	"0.01"	"0.005"	"0.01"	"100000"	"10000"	"200"	"7918509317429439108"	40000	"slope"	-0.0589718828
"0.55"	"0.4"	"0.75"	"0.01"	"0.005"	"0.01"	"100000"	"10000"	"200"	"7918509317429439108"	40000	"intercept"	0.728501305
"0.55"	"0.4"	"0.75"	"0.01"	"0.005"	"0.01"	"100000"	"10000"	"200"	"7918509317429439108"	45000	"slope"	-0.047227174515
"0.55"	"0.4"	"0.75"	"0.01"	"0.005"	"0.01"	"100000"	"10000"	"200"	"7918509317429439108"	45000	"intercept"	0.72684655
"0.55"	"0.4"	"0.75"	"0.01"	"0.005"	"0.01"	"100000"	"10000"	"200"	"7918509317429439108"	50000	"slope"	-0.08483827866
"0.55"	"0.4"	"0.75"	"0.01"	"0.005"	"0.01"	"100000"	"10000"	"200"	"7918509317429439108"	50000	"intercept"	0.751873415
"0.55"	"0.4"	"0.75"	"0.01"	"0.005"	"0.01"	"100000"	"10000"	"200"	"7918509317429439108"	55000	"slope"	-0.01780976205
"0.55"	"0.4"	"0.75"	"0.01"	"0.005"	"0.01"	"100000"	"10000"	"200"	"7918509317429439108"	55000	"intercept"	0.69763207
"0.55"	"0.4"	"0.75"	"0.01"	"0.005"	"0.01"	"100000"	"10000"	"200"	"7918509317429439108"	60000	"slope"	-0.03175055495
"0.55"	"0.4"	"0.75"	"0.01"	"0.005"	"0.01"	"100000"	"10000"	"200"	"7918509317429439108"	60000	"intercept"	0.70831112
"0.55"	"0.4"	"0.75"	"0.01"	"0.005"	"0.01"	"100000"	"10000"	"200"	"7918509317429439108"	65000	"slope"	-0.06115905525
"0.55"	"0.4"	"0.75"	"0.01"	"0.005"	"0.01"	"100000"	"10000"	"200"	"7918509317429439108"	65000	"intercept"	0.72655935
"0.55"	"0.4"	"0.75"	"0.01"	"0.005"	"0.01"	"100000"	"10000"	"200"	"7918509317429439108"	70000	"slope"	-0.102373213555
"0.55"	"0.4"	"0.75"	"0.01"	"0.005"	"0.01"	"100000"	"10000"	"200"	"7918509317429439108"	70000	"intercept"	0.760577855
"0.55"	"0.4"	"0.75"	"0.01"	"0.005"	"0.01"	"100000"	"10000"	"200"	"7918509317429439108"	75000	"slope"	-0.089897285
"0.55"	"0.4"	"0.75"	"0.01"	"0.005"	"0.01"	"100000"	"10000"	"200"	"7918509317429439108"	75000	"intercept"	0.75354261
"0.55"	"0.4"	"0.75"	"0.01"	"0.005"	"0.01"	"100000"	"10000"	"200"	"7918509317429439108"	80000	"slope"	-0.09024410275
"0.55"	"0.4"	"0.75"	"0.01"	"0.005"	"0.01"	"100000"	"10000"	"200"	"7918509317429439108"	80000	"intercept"	0.755265115
"0.55"	"0.4"	"0.75"	"0.01"	"0.005"	"0.01"	"100000"	"10000"	"200"	"7918509317429439108"	85000	"slope"	-0.082775334605
"0.55"	"0.4"	"0.75"	"0.01"	"0.005"	"0.01"	"100000"	"10000"	"200"	"7918509317429439108"	85000	"intercept"	0.73711091
"0.55"	"0.4"	"0.75"	"0.01"	"0.005"	"0.01"	"100000"	"10000"	"200"	"7918509317429439108"	90000	"slope"	-0.084206930205
"0.55"	"0.4"	"0.75"	"0.01"	"0.005"	"0.01"	"100000"	"10000"	"200"	"7918509317429439108"	90000	"intercept"	0.739543785
"0.55"	"0.4"	"0.75"	"0.01"	"0.005"	"0.01"	"100000"	"10000"	"200"	"7918509317429439108"	95000	"slope"	-0.037523224405
"0.55"	"0.4"	"0.75"	"0.01"	"0.005"	"0.01"	"100000"	"10000"	"200"	"7918509317429439108"	95000	"intercept"	0.71404975
"0.55"	"0.4"	"0.75"	"0.01"	"0.005"	"0.01"	"100000"	"10000"	"200"	"7918509317429439108"	100000	"slope"	-0.04505624489
"0.55"	"0.4"	"0.75"	"0.01"	"0.005"	"0.01"	"100000"	"10000"	"200"	"7918509317429439108"	100000	"intercept"	0.71079599
"0.55"	"0.6"	"0.75"	"0.01"	"0.005"	"0.01"	"100000"	"10000"	"200"	"175132521002515744"	10	"slope"	-0.00013598685
"0.55"	"0.6"	"0.75"	"0.01"	"0.005"	"0.01"	"100000"	"10000"	"200"	"175132521002515744"	10	"intercept"	0.4998832
"0.55"	"0.6"	"0.75"	"0.01"	"0.005"	"0.01"	"100000"	"10000"	"200"	"175132521002515744"	5000	"slope"	0.01682247725
"0.55"	"0.6"	"0.75"	"0.01"	"0.005"	"0.01"	"100000"	"10000"	"200"	"175132521002515744"	5000	"intercept"	0.671973595
"0.55"	"0.6"	"0.75"	"0.01"	"0.005"	"0.01"	"100000"	"10000"	"200"	"175132521002515744"	10000	"slope"	-0.016912914315
"0.55"	"0.6"	"0.75"	"0.01"	"0.005"	"0.01"	"100000"	"10000"	"200"	"175132521002515744"	10000	"intercept"	0.69334756
"0.55"	"0.6"	"0.75"	"0.01"	"0.005"	"0.01"	"100000"	"10000"	"200"	"175132521002515744"	15000	"slope"	-0.047437186
"0.55"	"0.6"	"0.75"	"0.01"	"0.005"	"0.01"	"100000"	"10000"	"200"	"175132521002515744"	15000	"intercept"	0.650682625
"0.55"	"0.6"	"0.75"	"0.01"	"0.005"	"0.01"	"100000"	"10000"	"200"	"175132521002515744"	20000	"slope"	-0.07125412155
"0.55"	"0.6"	"0.75"	"0.01"	"0.005"	"0.01"	"100000"	"10000"	"200"	"175132521002515744"	20000	"intercept"	0.70260639
"0.55"	"0.6"	"0.75"	"0.01"	"0.005"	"0.01"	"100000"	"10000"	"200"	"175132521002515744"	25000	"slope"	-0.1485429839
"0.55"	"0.6"	"0.75"	"0.01"	"0.005"	"0.01"	"100000"	"10000"	"200"	"175132521002515744"	25000	"intercept"	0.697972135
"0.55"	"0.6"	"0.75"	"0.01"	"0.005"	"0.01"	"100000"	"10000"	"200"	"175132521002515744"	30000	"slope"	-0.235880157691
"0.55"	"0.6"	"0.75"	"0.01"	"0.005"	"0.01"	"100000"	"10000"	"200"	"175132521002515744"	30000	"intercept"	0.648957495
"0.55"	"0.6"	"0.75"	"0.01"	"0.005"	"0.01"	"100000"	"10000"	"200"	"175132521002515744"	35000	"slope"	-0.19598181199
"0.55"	"0.6"	"0.75"	"0.01"	"0.005"	"0.01"	"100000"	"10000"	"200"	"175132521002515744"	35000	"intercept"	0.72665876895
"0.55"	"0.6"	"0.75"	"0.01"	"0.005"	"0.01"	"100000"	"10000"	"200"	"175132521002515744"	40000	"slope"	-0.1962527125
"0.55"	"0.6"	"0.75"	"0.01"	"0.005"	"0.01"	"100000"	"10000"	"200"	"175132521002515744"	40000	"intercept"	0.6848477438
"0.55"	"0.6"	"0.75"	"0.01"	"0.005"	"0.01"	"100000"	"10000"	"200"	"175132521002515744"	45000	"slope"	-0.226919289
"0.55"	"0.6"	"0.75"	"0.01"	"0.005"	"0.01"	"100000"	"10000"	"200"	"175132521002515744"	45000	"intercept"	0.6863441
"0.55"	"0.6"	"0.75"	"0.01"	"0.005"	"0.01"	"100000"	"10000"	"200"	"175132521002515744"	50000	"slope"	-0.130755714
"0.55"	"0.6"	"0.75"	"0.01"	"0.005"	"0.01"	"100000"	"10000"	"200"	"175132521002515744"	50000	"intercept"	0.64158199
"0.55"	"0.6"	"0.75"	"0.01"	"0.005"	"0.01"	"100000"	"10000"	"200"	"175132521002515744"	55000	"slope"	-0.1940969716
"0.55"	"0.6"	"0.75"	"0.01"	"0.005"	"0.01"	"100000"	"10000"	"200"	"175132521002515744"	55000	"intercept"	0.6147106
"0.55"	"0.6"	"0.75"	"0.01"	"0.005"	"0.01"	"100000"	"10000"	"200"	"175132521002515744"	60000	"slope"	-0.1641286675715
"0.55"	"0.6"	"0.75"	"0.01"	"0.005"	"0.01"	"100000"	"10000"	"200"	"175132521002515744"	60000	"intercept"	0.605670005
"0.55"	"0.6"	"0.75"	"0.01"	"0.005"	"0.01"	"100000"	"10000"	"200"	"175132521002515744"	65000	"slope"	-0.172185200917
"0.55"	"0.6"	"0.75"	"0.01"	"0.005"	"0.01"	"100000"	"10000"	"200"	"175132521002515744"	65000	"intercept"	0.62074638
"0.55"	"0.6"	"0.75"	"0.01"	"0.005"	"0.01"	"100000"	"10000"	"200"	"175132521002515744"	70000	"slope"	-0.13612760769
"0.55"	"0.6"	"0.75"	"0.01"	"0.005"	"0.01"	"100000"	"10000"	"200"	"175132521002515744"	70000	"intercept"	0.574226085
"0.55"	"0.6"	"0.75"	"0.01"	"0.005"	"0.01"	"100000"	"10000"	"200"	"175132521002515744"	75000	"slope"	-0.119310471625
"0.55"	"0.6"	"0.75"	"0.01"	"0.005"	"0.01"	"100000"	"10000"	"200"	"175132521002515744"	75000	"intercept"	0.59729434
"0.55"	"0.6"	"0.75"	"0.01"	"0.005"	"0.01"	"100000"	"10000"	"200"	"175132521002515744"	80000	"slope"	-0.107404237
"0.55"	"0.6"	"0.75"	"0.01"	"0.005"	"0.01"	"100000"	"10000"	"200"	"175132521002515744"	80000	"intercept"	0.61838118
"0.55"	"0.6"	"0.75"	"0.01"	"0.005"	"0.01"	"100000"	"10000"	"200"	"175132521002515744"	85000	"slope"	-0.05207912
"0.55"	"0.6"	"0.75"	"0.01"	"0.005"	"0.01"	"100000"	"10000"	"200"	"175132521002515744"	85000	"intercept"	0.698787155
"0.55"	"0.6"	"0.75"	"0.01"	"0.005"	"0.01"	"100000"	"10000"	"200"	"175132521002515744"	90000	"slope"	-0.0580266605
"0.55"	"0.6"	"0.75"	"0.01"	"0.005"	"0.01"	"100000"	"10000"	"200"	"175132521002515744"	90000	"intercept"	0.75612307
"0.55"	"0.6"	"0.75"	"0.01"	"0.005"	"0.01"	"100000"	"10000"	"200"	"175132521002515744"	95000	"slope"	-0.1526284486
"0.55"	"0.6"	"0.75"	"0.01"	"0.005"	"0.01"	"100000"	"10000"	"200"	"175132521002515744"	95000	"intercept"	0.6337297
"0.55"	"0.6"	"0.75"	"0.01"	"0.005"	"0.01"	"100000"	"10000"	"200"	"175132521002515744"	100000	"slope"	-0.10314798165
"0.55"	"0.6"	"0.75"	"0.01"	"0.005"	"0.01"	"100000"	"10000"	"200"	"175132521002515744"	100000	"intercept"	0.688806675
"0.55"	"0.6"	"0.75"	"0.01"	"0.005"	"0.01"	"100000"	"10000"	"200"	"493322723254130162"	10	"slope"	-8.39597e-05
"0.55"	"0.6"	"0.75"	"0.01"	"0.005"	"0.01"	"100000"	"10000"	"200"	"493322723254130162"	10	"intercept"	0.499854805
"0.55"	"0.6"	"0.75"	"0.01"	"0.005"	"0.01"	"100000"	"10000"	"200"	"493322723254130162"	5000	"slope"	0.049230996485
"0.55"	"0.6"	"0.75"	"0.01"	"0.005"	"0.01"	"100000"	"10000"	"200"	"493322723254130162"	5000	"intercept"	0.644095555
"0.55"	"0.6"	"0.75"	"0.01"	"0.005"	"0.01"	"100000"	"10000"	"200"	"493322723254130162"	10000	"slope"	0.01491553639
"0.55"	"0.6"	"0.75"	"0.01"	"0.005"	"0.01"	"100000"	"10000"	"200"	"493322723254130162"	10000	"intercept"	0.652749905
"0.55"	"0.6"	"0.75"	"0.01"	"0.005"	"0.01"	"100000"	"10000"	"200"	"493322723254130162"	15000	"slope"	-0.0885200105
"0.55"	"0.6"	"0.75"	"0.01"	"0.005"	"0.01"	"100000"	"10000"	"200"	"493322723254130162"	15000	"intercept"	0.66850158
"0.55"	"0.6"	"0.75"	"0.01"	"0.005"	"0.01"	"100000"	"10000"	"200"	"493322723254130162"	20000	"slope"	-0.1534379867
"0.55"	"0.6"	"0.75"	"0.01"	"0.005"	"0.01"	"100000"	"10000"	"200"	"493322723254130162"	20000	"intercept"	0.713358185
"0.55"	"0.6"	"0.75"	"0.01"	"0.005"	"0.01"	"100000"	"10000"	"200"	"493322723254130162"	25000	"slope"	-0.2272419835
"0.55"	"0.6"	"0.75"	"0.01"	"0.005"	"0.01"	"100000"	"10000"	"200"	"493322723254130162"	25000	"intercept"	0.65360243
"0.55"	"0.6"	"0.75"	"0.01"	"0.005"	"0.01"	"100000"	"10000"	"200"	"493322723254130162"	30000	"slope"	-0.20710441965
"0.55"	"0.6"	"0.75"	"0.01"	"0.005"	"0.01"	"100000"	"10000"	"200"	"493322723254130162"	30000	"intercept"	0.6801357885
"0.55"	"0.6"	"0.75"	"0.01"	"0.005"	"0.01"	"100000"	"10000"	"200"	"493322723254130162"	35000	"slope"	-0.1703096865
"0.55"	"0.6"	"0.75"	"0.01"	"0.005"	"0.01"	"100000"	"10000"	"200"	"493322723254130162"	35000	"intercept"	0.6889814229
"0.55"	"0.6"	"0.75"	"0.01"	"0.005"	"0.01"	"100000"	"10000"	"200"	"493322723254130162"	40000	"slope"	-0.199833897055
"0.55"	"0.6"	"0.75"	"0.01"	"0.005"	"0.01"	"100000"	"10000"	"200"	"493322723254130162"	40000	"intercept"	0.665436873
"0.55"	"0.6"	"0.75"	"0.01"	"0.005"	"0.01"	"100000"	"10000"	"200"	"493322723254130162"	45000	"slope"	-0.1623067227
"0.55"	"0.6"	"0.75"	"0.01"	"0.005"	"0.01"	"100000"	"10000"	"200"	"493322723254130162"	45000	"intercept"	0.671621665
"0.55"	"0.6"	"0.75"	"0.01"	"0.005"	"0.01"	"100000"	"10000"	"200"	"493322723254130162"	50000	"slope"	-0.14074236025
"0.55"	"0.6"	"0.75"	"0.01"	"0.005"	"0.01"	"100000"	"10000"	"200"	"493322723254130162"	50000	"intercept"	0.60647043
"0.55"	"0.6"	"0.75"	"0.01"	"0.005"	"0.01"	"100000"	"10000"	"200"	"493322723254130162"	55000	"slope"	-0.147722650675
"0.55"	"0.6"	"0.75"	"0.01"	"0.005"	"0.01"	"100000"	"10000"	"200"	"493322723254130162"	55000	"intercept"	0.66409625
"0.55"	"0.6"	"0.75"	"0.01"	"0.005"	"0.01"	"100000"	"10000"	"200"	"493322723254130162"	60000	"slope"	-0.2116449718
"0.55"	"0.6"	"0.75"	"0.01"	"0.005"	"0.01"	"100000"	"10000"	"200"	"493322723254130162"	60000	"intercept"	0.739257265
"0.55"	"0.6"	"0.75"	"0.01"	"0.005"	"0.01"	"100000"	"10000"	"200"	"493322723254130162"	65000	"slope"	-0.16360289565
"0.55"	"0.6"	"0.75"	"0.01"	"0.005"	"0.01"	"100000"	"10000"	"200"	"493322723254130162"	65000	"intercept"	0.660354655
"0.55"	"0.6"	"0.75"	"0.01"	"0.005"	"0.01"	"100000"	"10000"	"200"	"493322723254130162"	70000	"slope"	-0.1636707483
"0.55"	"0.6"	"0.75"	"0.01"	"0.005"	"0.01"	"100000"	"10000"	"200"	"493322723254130162"	70000	"intercept"	0.61088766
"0.55"	"0.6"	"0.75"	"0.01"	"0.005"	"0.01"	"100000"	"10000"	"200"	"493322723254130162"	75000	"slope"	-0.21910978425
"0.55"	"0.6"	"0.75"	"0.01"	"0.005"	"0.01"	"100000"	"10000"	"200"	"493322723254130162"	75000	"intercept"	0.572163965
"0.55"	"0.6"	"0.75"	"0.01"	"0.005"	"0.01"	"100000"	"10000"	"200"	"493322723254130162"	80000	"slope"	-0.21392066645
"0.55"	"0.6"	"0.75"	"0.01"	"0.005"	"0.01"	"100000"	"10000"	"200"	"493322723254130162"	80000	"intercept"	0.56145394
"0.55"	"0.6"	"0.75"	"0.01"	"0.005"	"0.01"	"100000"	"10000"	"200"	"493322723254130162"	85000	"slope"	-0.16038092325
"0.55"	"0.6"	"0.75"	"0.01"	"0.005"	"0.01"	"100000"	"10000"	"200"	"493322723254130162"	85000	"intercept"	0.66421965
"0.55"	"0.6"	"0.75"	"0.01"	"0.005"	"0.01"	"100000"	"10000"	"200"	"493322723254130162"	90000	"slope"	-0.1219441882
"0.55"	"0.6"	"0.75"	"0.01"	"0.005"	"0.01"	"100000"	"10000"	"200"	"493322723254130162"	90000	"intercept"	0.70812043
"0.55"	"0.6"	"0.75"	"0.01"	"0.005"	"0.01"	"100000"	"10000"	"200"	"493322723254130162"	95000	"slope"	-0.228622699815
"0.55"	"0.6"	"0.75"	"0.01"	"0.005"	"0.01"	"100000"	"10000"	"200"	"493322723254130162"	95000	"intercept"	0.52909083
"0.55"	"0.6"	"0.75"	"0.01"	"0.005"	"0.01"	"100000"	"10000"	"200"	"493322723254130162"	100000	"slope"	-0.216190421325
"0.55"	"0.6"	"0.75"	"0.01"	"0.005"	"0.01"	"100000"	"10000"	"200"	"493322723254130162"	100000	"intercept"	0.558855795
"0.55"	"0.6"	"0.75"	"0.01"	"0.005"	"0.01"	"100000"	"10000"	"200"	"8054443961154626219"	10	"slope"	4.99742e-05
"0.55"	"0.6"	"0.75"	"0.01"	"0.005"	"0.01"	"100000"	"10000"	"200"	"8054443961154626219"	10	"intercept"	0.499720415
"0.55"	"0.6"	"0.75"	"0.01"	"0.005"	"0.01"	"100000"	"10000"	"200"	"8054443961154626219"	5000	"slope"	0.05682600115
"0.55"	"0.6"	"0.75"	"0.01"	"0.005"	"0.01"	"100000"	"10000"	"200"	"8054443961154626219"	5000	"intercept"	0.648233205
"0.55"	"0.6"	"0.75"	"0.01"	"0.005"	"0.01"	"100000"	"10000"	"200"	"8054443961154626219"	10000	"slope"	-0.005285439
"0.55"	"0.6"	"0.75"	"0.01"	"0.005"	"0.01"	"100000"	"10000"	"200"	"8054443961154626219"	10000	"intercept"	0.651371195
"0.55"	"0.6"	"0.75"	"0.01"	"0.005"	"0.01"	"100000"	"10000"	"200"	"8054443961154626219"	15000	"slope"	-0.045379075
"0.55"	"0.6"	"0.75"	"0.01"	"0.005"	"0.01"	"100000"	"10000"	"200"	"8054443961154626219"	15000	"intercept"	0.671216795
"0.55"	"0.6"	"0.75"	"0.01"	"0.005"	"0.01"	"100000"	"10000"	"200"	"8054443961154626219"	20000	"slope"	-0.1670153269
"0.55"	"0.6"	"0.75"	"0.01"	"0.005"	"0.01"	"100000"	"10000"	"200"	"8054443961154626219"	20000	"intercept"	0.669452555
"0.55"	"0.6"	"0.75"	"0.01"	"0.005"	"0.01"	"100000"	"10000"	"200"	"8054443961154626219"	25000	"slope"	-0.1730058037
"0.55"	"0.6"	"0.75"	"0.01"	"0.005"	"0.01"	"100000"	"10000"	"200"	"8054443961154626219"	25000	"intercept"	0.710639875
"0.55"	"0.6"	"0.75"	"0.01"	"0.005"	"0.01"	"100000"	"10000"	"200"	"8054443961154626219"	30000	"slope"	-0.213403331955
"0.55"	"0.6"	"0.75"	"0.01"	"0.005"	"0.01"	"100000"	"10000"	"200"	"8054443961154626219"	30000	"intercept"	0.65773215
"0.55"	"0.6"	"0.75"	"0.01"	"0.005"	"0.01"	"100000"	"10000"	"200"	"8054443961154626219"	35000	"slope"	-0.18743882206
"0.55"	"0.6"	"0.75"	"0.01"	"0.005"	"0.01"	"100000"	"10000"	"200"	"8054443961154626219"	35000	"intercept"	0.67956359211
"0.55"	"0.6"	"0.75"	"0.01"	"0.005"	"0.01"	"100000"	"10000"	"200"	"8054443961154626219"	40000	"slope"	-0.239384676535
"0.55"	"0.6"	"0.75"	"0.01"	"0.005"	"0.01"	"100000"	"10000"	"200"	"8054443961154626219"	40000	"intercept"	0.683415781
"0.55"	"0.6"	"0.75"	"0.01"	"0.005"	"0.01"	"100000"	"10000"	"200"	"8054443961154626219"	45000	"slope"	-0.205343488735
"0.55"	"0.6"	"0.75"	"0.01"	"0.005"	"0.01"	"100000"	"10000"	"200"	"8054443961154626219"	45000	"intercept"	0.7786923
"0.55"	"0.6"	"0.75"	"0.01"	"0.005"	"0.01"	"100000"	"10000"	"200"	"8054443961154626219"	50000	"slope"	-0.300565044705
"0.55"	"0.6"	"0.75"	"0.01"	"0.005"	"0.01"	"100000"	"10000"	"200"	"8054443961154626219"	50000	"intercept"	0.715123631
"0.55"	"0.6"	"0.75"	"0.01"	"0.005"	"0.01"	"100000"	"10000"	"200"	"8054443961154626219"	55000	"slope"	-0.2771839793
"0.55"	"0.6"	"0.75"	"0.01"	"0.005"	"0.01"	"100000"	"10000"	"200"	"8054443961154626219"	55000	"intercept"	0.668074045
"0.55"	"0.6"	"0.75"	"0.01"	"0.005"	"0.01"	"100000"	"10000"	"200"	"8054443961154626219"	60000	"slope"	-0.2557614238
"0.55"	"0.6"	"0.75"	"0.01"	"0.005"	"0.01"	"100000"	"10000"	"200"	"8054443961154626219"	60000	"intercept"	0.647433185
"0.55"	"0.6"	"0.75"	"0.01"	"0.005"	"0.01"	"100000"	"10000"	"200"	"8054443961154626219"	65000	"slope"	-0.1611446447165
"0.55"	"0.6"	"0.75"	"0.01"	"0.005"	"0.01"	"100000"	"10000"	"200"	"8054443961154626219"	65000	"intercept"	0.68303373
"0.55"	"0.6"	"0.75"	"0.01"	"0.005"	"0.01"	"100000"	"10000"	"200"	"8054443961154626219"	70000	"slope"	-0.226057340859
"0.55"	"0.6"	"0.75"	"0.01"	"0.005"	"0.01"	"100000"	"10000"	"200"	"8054443961154626219"	70000	"intercept"	0.626094005
"0.55"	"0.6"	"0.75"	"0.01"	"0.005"	"0.01"	"100000"	"10000"	"200"	"8054443961154626219"	75000	"slope"	-0.16679109715
"0.55"	"0.6"	"0.75"	"0.01"	"0.005"	"0.01"	"100000"	"10000"	"200"	"8054443961154626219"	75000	"intercept"	0.616398175
"0.55"	"0.6"	"0.75"	"0.01"	"0.005"	"0.01"	"100000"	"10000"	"200"	"8054443961154626219"	80000	"slope"	-0.142638984
"0.55"	"0.6"	"0.75"	"0.01"	"0.005"	"0.01"	"100000"	"10000"	"200"	"8054443961154626219"	80000	"intercept"	0.594871375
"0.55"	"0.6"	"0.75"	"0.01"	"0.005"	"0.01"	"100000"	"10000"	"200"	"8054443961154626219"	85000	"slope"	-0.1763859185
"0.55"	"0.6"	"0.75"	"0.01"	"0.005"	"0.01"	"100000"	"10000"	"200"	"8054443961154626219"	85000	"intercept"	0.599765805
"0.55"	"0.6"	"0.75"	"0.01"	"0.005"	"0.01"	"100000"	"10000"	"200"	"8054443961154626219"	90000	"slope"	-0.1692731465
"0.55"	"0.6"	"0.75"	"0.01"	"0.005"	"0.01"	"100000"	"10000"	"200"	"8054443961154626219"	90000	"intercept"	0.553127625
"0.55"	"0.6"	"0.75"	"0.01"	"0.005"	"0.01"	"100000"	"10000"	"200"	"8054443961154626219"	95000	"slope"	-0.1152237433
"0.55"	"0.6"	"0.75"	"0.01"	"0.005"	"0.01"	"100000"	"10000"	"200"	"8054443961154626219"	95000	"intercept"	0.60563853
"0.55"	"0.6"	"0.75"	"0.01"	"0.005"	"0.01"	"100000"	"10000"	"200"	"8054443961154626219"	100000	"slope"	-0.084612549
"0.55"	"0.6"	"0.75"	"0.01"	"0.005"	"0.01"	"100000"	"10000"	"200"	"8054443961154626219"	100000	"intercept"	0.68109191
"0.55"	"0.8"	"0.75"	"0.01"	"0.005"	"0.01"	"100000"	"10000"	"200"	"2389159483259113820"	10	"slope"	0.0001671081
"0.55"	"0.8"	"0.75"	"0.01"	"0.005"	"0.01"	"100000"	"10000"	"200"	"2389159483259113820"	10	"intercept"	0.499835795
"0.55"	"0.8"	"0.75"	"0.01"	"0.005"	"0.01"	"100000"	"10000"	"200"	"2389159483259113820"	5000	"slope"	0.082286575
"0.55"	"0.8"	"0.75"	"0.01"	"0.005"	"0.01"	"100000"	"10000"	"200"	"2389159483259113820"	5000	"intercept"	0.5810195
"0.55"	"0.8"	"0.75"	"0.01"	"0.005"	"0.01"	"100000"	"10000"	"200"	"2389159483259113820"	10000	"slope"	0.04724494
"0.55"	"0.8"	"0.75"	"0.01"	"0.005"	"0.01"	"100000"	"10000"	"200"	"2389159483259113820"	10000	"intercept"	0.6325220835
"0.55"	"0.8"	"0.75"	"0.01"	"0.005"	"0.01"	"100000"	"10000"	"200"	"2389159483259113820"	15000	"slope"	-0.09121683538
"0.55"	"0.8"	"0.75"	"0.01"	"0.005"	"0.01"	"100000"	"10000"	"200"	"2389159483259113820"	15000	"intercept"	0.665942225
"0.55"	"0.8"	"0.75"	"0.01"	"0.005"	"0.01"	"100000"	"10000"	"200"	"2389159483259113820"	20000	"slope"	-0.1603513533
"0.55"	"0.8"	"0.75"	"0.01"	"0.005"	"0.01"	"100000"	"10000"	"200"	"2389159483259113820"	20000	"intercept"	0.60412087
"0.55"	"0.8"	"0.75"	"0.01"	"0.005"	"0.01"	"100000"	"10000"	"200"	"2389159483259113820"	25000	"slope"	-0.12976554855
"0.55"	"0.8"	"0.75"	"0.01"	"0.005"	"0.01"	"100000"	"10000"	"200"	"2389159483259113820"	25000	"intercept"	0.611779325
"0.55"	"0.8"	"0.75"	"0.01"	"0.005"	"0.01"	"100000"	"10000"	"200"	"2389159483259113820"	30000	"slope"	-0.13783834885
"0.55"	"0.8"	"0.75"	"0.01"	"0.005"	"0.01"	"100000"	"10000"	"200"	"2389159483259113820"	30000	"intercept"	0.59749179
"0.55"	"0.8"	"0.75"	"0.01"	"0.005"	"0.01"	"100000"	"10000"	"200"	"2389159483259113820"	35000	"slope"	-0.12394198425
"0.55"	"0.8"	"0.75"	"0.01"	"0.005"	"0.01"	"100000"	"10000"	"200"	"2389159483259113820"	35000	"intercept"	0.610298365
"0.55"	"0.8"	"0.75"	"0.01"	"0.005"	"0.01"	"100000"	"10000"	"200"	"2389159483259113820"	40000	"slope"	-0.1276066009
"0.55"	"0.8"	"0.75"	"0.01"	"0.005"	"0.01"	"100000"	"10000"	"200"	"2389159483259113820"	40000	"intercept"	0.520892345
"0.55"	"0.8"	"0.75"	"0.01"	"0.005"	"0.01"	"100000"	"10000"	"200"	"2389159483259113820"	45000	"slope"	-0.061630544
"0.55"	"0.8"	"0.75"	"0.01"	"0.005"	"0.01"	"100000"	"10000"	"200"	"2389159483259113820"	45000	"intercept"	0.56341914
"0.55"	"0.8"	"0.75"	"0.01"	"0.005"	"0.01"	"100000"	"10000"	"200"	"2389159483259113820"	50000	"slope"	-0.086085859
"0.55"	"0.8"	"0.75"	"0.01"	"0.005"	"0.01"	"100000"	"10000"	"200"	"2389159483259113820"	50000	"intercept"	0.53351354
"0.55"	"0.8"	"0.75"	"0.01"	"0.005"	"0.01"	"100000"	"10000"	"200"	"2389159483259113820"	55000	"slope"	-0.070930144
"0.55"	"0.8"	"0.75"	"0.01"	"0.005"	"0.01"	"100000"	"10000"	"200"	"2389159483259113820"	55000	"intercept"	0.580399325
"0.55"	"0.8"	"0.75"	"0.01"	"0.005"	"0.01"	"100000"	"10000"	"200"	"2389159483259113820"	60000	"slope"	-0.088535573
"0.55"	"0.8"	"0.75"	"0.01"	"0.005"	"0.01"	"100000"	"10000"	"200"	"2389159483259113820"	60000	"intercept"	0.473087035
"0.55"	"0.8"	"0.75"	"0.01"	"0.005"	"0.01"	"100000"	"10000"	"200"	"2389159483259113820"	65000	"slope"	0.030828555
"0.55"	"0.8"	"0.75"	"0.01"	"0.005"	"0.01"	"100000"	"10000"	"200"	"2389159483259113820"	65000	"intercept"	0.51215474
"0.55"	"0.8"	"0.75"	"0.01"	"0.005"	"0.01"	"100000"	"10000"	"200"	"2389159483259113820"	70000	"slope"	0.07082992
"0.55"	"0.8"	"0.75"	"0.01"	"0.005"	"0.01"	"100000"	"10000"	"200"	"2389159483259113820"	70000	"intercept"	0.548710665
"0.55"	"0.8"	"0.75"	"0.01"	"0.005"	"0.01"	"100000"	"10000"	"200"	"2389159483259113820"	75000	"slope"	0.064562945
"0.55"	"0.8"	"0.75"	"0.01"	"0.005"	"0.01"	"100000"	"10000"	"200"	"2389159483259113820"	75000	"intercept"	0.55331674
"0.55"	"0.8"	"0.75"	"0.01"	"0.005"	"0.01"	"100000"	"10000"	"200"	"2389159483259113820"	80000	"slope"	0.08306208
"0.55"	"0.8"	"0.75"	"0.01"	"0.005"	"0.01"	"100000"	"10000"	"200"	"2389159483259113820"	80000	"intercept"	0.586871785
"0.55"	"0.8"	"0.75"	"0.01"	"0.005"	"0.01"	"100000"	"10000"	"200"	"2389159483259113820"	85000	"slope"	0.114069095
"0.55"	"0.8"	"0.75"	"0.01"	"0.005"	"0.01"	"100000"	"10000"	"200"	"2389159483259113820"	85000	"intercept"	0.55359501
"0.55"	"0.8"	"0.75"	"0.01"	"0.005"	"0.01"	"100000"	"10000"	"200"	"2389159483259113820"	90000	"slope"	0.027070126
"0.55"	"0.8"	"0.75"	"0.01"	"0.005"	"0.01"	"100000"	"10000"	"200"	"2389159483259113820"	90000	"intercept"	0.53755616
"0.55"	"0.8"	"0.75"	"0.01"	"0.005"	"0.01"	"100000"	"10000"	"200"	"2389159483259113820"	95000	"slope"	0.01472402
"0.55"	"0.8"	"0.75"	"0.01"	"0.005"	"0.01"	"100000"	"10000"	"200"	"2389159483259113820"	95000	"intercept"	0.515970135
"0.55"	"0.8"	"0.75"	"0.01"	"0.005"	"0.01"	"100000"	"10000"	"200"	"2389159483259113820"	100000	"slope"	-0.0061921825
"0.55"	"0.8"	"0.75"	"0.01"	"0.005"	"0.01"	"100000"	"10000"	"200"	"2389159483259113820"	100000	"intercept"	0.469913
"0.55"	"0.8"	"0.75"	"0.01"	"0.005"	"0.01"	"100000"	"10000"	"200"	"550895610012051908"	10	"slope"	8.52771599e-05
"0.55"	"0.8"	"0.75"	"0.01"	"0.005"	"0.01"	"100000"	"10000"	"200"	"550895610012051908"	10	"intercept"	0.499933215
"0.55"	"0.8"	"0.75"	"0.01"	"0.005"	"0.01"	"100000"	"10000"	"200"	"550895610012051908"	5000	"slope"	0.02730177
"0.55"	"0.8"	"0.75"	"0.01"	"0.005"	"0.01"	"100000"	"10000"	"200"	"550895610012051908"	5000	"intercept"	0.619175035
"0.55"	"0.8"	"0.75"	"0.01"	"0.005"	"0.01"	"100000"	"10000"	"200"	"550895610012051908"	10000	"slope"	-0.009474765
"0.55"	"0.8"	"0.75"	"0.01"	"0.005"	"0.01"	"100000"	"10000"	"200"	"550895610012051908"	10000	"intercept"	0.606547973
"0.55"	"0.8"	"0.75"	"0.01"	"0.005"	"0.01"	"100000"	"10000"	"200"	"550895610012051908"	15000	"slope"	-0.073360539733
"0.55"	"0.8"	"0.75"	"0.01"	"0.005"	"0.01"	"100000"	"10000"	"200"	"550895610012051908"	15000	"intercept"	0.64283363
"0.55"	"0.8"	"0.75"	"0.01"	"0.005"	"0.01"	"100000"	"10000"	"200"	"550895610012051908"	20000	"slope"	-0.147058888205
"0.55"	"0.8"	"0.75"	"0.01"	"0.005"	"0.01"	"100000"	"10000"	"200"	"550895610012051908"	20000	"intercept"	0.61318185
"0.55"	"0.8"	"0.75"	"0.01"	"0.005"	"0.01"	"100000"	"10000"	"200"	"550895610012051908"	25000	"slope"	-0.149195364265
"0.55"	"0.8"	"0.75"	"0.01"	"0.005"	"0.01"	"100000"	"10000"	"200"	"550895610012051908"	25000	"intercept"	0.596856575
"0.55"	"0.8"	"0.75"	"0.01"	"0.005"	"0.01"	"100000"	"10000"	"200"	"550895610012051908"	30000	"slope"	-0.1127219927
"0.55"	"0.8"	"0.75"	"0.01"	"0.005"	"0.01"	"100000"	"10000"	"200"	"550895610012051908"	30000	"intercept"	0.51901025
"0.55"	"0.8"	"0.75"	"0.01"	"0.005"	"0.01"	"100000"	"10000"	"200"	"550895610012051908"	35000	"slope"	-0.06645243125
"0.55"	"0.8"	"0.75"	"0.01"	"0.005"	"0.01"	"100000"	"10000"	"200"	"550895610012051908"	35000	"intercept"	0.570682175
"0.55"	"0.8"	"0.75"	"0.01"	"0.005"	"0.01"	"100000"	"10000"	"200"	"550895610012051908"	40000	"slope"	-0.06476526235
"0.55"	"0.8"	"0.75"	"0.01"	"0.005"	"0.01"	"100000"	"10000"	"200"	"550895610012051908"	40000	"intercept"	0.56630694
"0.55"	"0.8"	"0.75"	"0.01"	"0.005"	"0.01"	"100000"	"10000"	"200"	"550895610012051908"	45000	"slope"	-0.058550295
"0.55"	"0.8"	"0.75"	"0.01"	"0.005"	"0.01"	"100000"	"10000"	"200"	"550895610012051908"	45000	"intercept"	0.57082648
"0.55"	"0.8"	"0.75"	"0.01"	"0.005"	"0.01"	"100000"	"10000"	"200"	"550895610012051908"	50000	"slope"	-0.039907904
"0.55"	"0.8"	"0.75"	"0.01"	"0.005"	"0.01"	"100000"	"10000"	"200"	"550895610012051908"	50000	"intercept"	0.557440615
"0.55"	"0.8"	"0.75"	"0.01"	"0.005"	"0.01"	"100000"	"10000"	"200"	"550895610012051908"	55000	"slope"	-0.022854747
"0.55"	"0.8"	"0.75"	"0.01"	"0.005"	"0.01"	"100000"	"10000"	"200"	"550895610012051908"	55000	"intercept"	0.54466528
"0.55"	"0.8"	"0.75"	"0.01"	"0.005"	"0.01"	"100000"	"10000"	"200"	"550895610012051908"	60000	"slope"	-0.0360765725
"0.55"	"0.8"	"0.75"	"0.01"	"0.005"	"0.01"	"100000"	"10000"	"200"	"550895610012051908"	60000	"intercept"	0.508832615
"0.55"	"0.8"	"0.75"	"0.01"	"0.005"	"0.01"	"100000"	"10000"	"200"	"550895610012051908"	65000	"slope"	0.003003211
"0.55"	"0.8"	"0.75"	"0.01"	"0.005"	"0.01"	"100000"	"10000"	"200"	"550895610012051908"	65000	"intercept"	0.592890995
"0.55"	"0.8"	"0.75"	"0.01"	"0.005"	"0.01"	"100000"	"10000"	"200"	"550895610012051908"	70000	"slope"	-0.0687729945
"0.55"	"0.8"	"0.75"	"0.01"	"0.005"	"0.01"	"100000"	"10000"	"200"	"550895610012051908"	70000	"intercept"	0.410634835
"0.55"	"0.8"	"0.75"	"0.01"	"0.005"	"0.01"	"100000"	"10000"	"200"	"550895610012051908"	75000	"slope"	-0.0078972245
"0.55"	"0.8"	"0.75"	"0.01"	"0.005"	"0.01"	"100000"	"10000"	"200"	"550895610012051908"	75000	"intercept"	0.535772605
"0.55"	"0.8"	"0.75"	"0.01"	"0.005"	"0.01"	"100000"	"10000"	"200"	"550895610012051908"	80000	"slope"	-0.0278091725
"0.55"	"0.8"	"0.75"	"0.01"	"0.005"	"0.01"	"100000"	"10000"	"200"	"550895610012051908"	80000	"intercept"	0.467111315
"0.55"	"0.8"	"0.75"	"0.01"	"0.005"	"0.01"	"100000"	"10000"	"200"	"550895610012051908"	85000	"slope"	0.042012437
"0.55"	"0.8"	"0.75"	"0.01"	"0.005"	"0.01"	"100000"	"10000"	"200"	"550895610012051908"	85000	"intercept"	0.532717255
"0.55"	"0.8"	"0.75"	"0.01"	"0.005"	"0.01"	"100000"	"10000"	"200"	"550895610012051908"	90000	"slope"	0.075124975
"0.55"	"0.8"	"0.75"	"0.01"	"0.005"	"0.01"	"100000"	"10000"	"200"	"550895610012051908"	90000	"intercept"	0.52644396
"0.55"	"0.8"	"0.75"	"0.01"	"0.005"	"0.01"	"100000"	"10000"	"200"	"550895610012051908"	95000	"slope"	0.072839855
"0.55"	"0.8"	"0.75"	"0.01"	"0.005"	"0.01"	"100000"	"10000"	"200"	"550895610012051908"	95000	"intercept"	0.51788394
"0.55"	"0.8"	"0.75"	"0.01"	"0.005"	"0.01"	"100000"	"10000"	"200"	"550895610012051908"	100000	"slope"	0.067990215
"0.55"	"0.8"	"0.75"	"0.01"	"0.005"	"0.01"	"100000"	"10000"	"200"	"550895610012051908"	100000	"intercept"	0.57144381
"0.55"	"0.8"	"0.75"	"0.01"	"0.005"	"0.01"	"100000"	"10000"	"200"	"962865734395398356"	10	"slope"	9.39732e-05
"0.55"	"0.8"	"0.75"	"0.01"	"0.005"	"0.01"	"100000"	"10000"	"200"	"962865734395398356"	10	"intercept"	0.49976425
"0.55"	"0.8"	"0.75"	"0.01"	"0.005"	"0.01"	"100000"	"10000"	"200"	"962865734395398356"	5000	"slope"	0.089787211175
"0.55"	"0.8"	"0.75"	"0.01"	"0.005"	"0.01"	"100000"	"10000"	"200"	"962865734395398356"	5000	"intercept"	0.57318412
"0.55"	"0.8"	"0.75"	"0.01"	"0.005"	"0.01"	"100000"	"10000"	"200"	"962865734395398356"	10000	"slope"	0.072358995
"0.55"	"0.8"	"0.75"	"0.01"	"0.005"	"0.01"	"100000"	"10000"	"200"	"962865734395398356"	10000	"intercept"	0.6185289746
"0.55"	"0.8"	"0.75"	"0.01"	"0.005"	"0.01"	"100000"	"10000"	"200"	"962865734395398356"	15000	"slope"	-0.01326390495
"0.55"	"0.8"	"0.75"	"0.01"	"0.005"	"0.01"	"100000"	"10000"	"200"	"962865734395398356"	15000	"intercept"	0.613409065
"0.55"	"0.8"	"0.75"	"0.01"	"0.005"	"0.01"	"100000"	"10000"	"200"	"962865734395398356"	20000	"slope"	-0.0709043011
"0.55"	"0.8"	"0.75"	"0.01"	"0.005"	"0.01"	"100000"	"10000"	"200"	"962865734395398356"	20000	"intercept"	0.58876298
"0.55"	"0.8"	"0.75"	"0.01"	"0.005"	"0.01"	"100000"	"10000"	"200"	"962865734395398356"	25000	"slope"	-0.11299551229
"0.55"	"0.8"	"0.75"	"0.01"	"0.005"	"0.01"	"100000"	"10000"	"200"	"962865734395398356"	25000	"intercept"	0.447737315
"0.55"	"0.8"	"0.75"	"0.01"	"0.005"	"0.01"	"100000"	"10000"	"200"	"962865734395398356"	30000	"slope"	-0.08772007491
"0.55"	"0.8"	"0.75"	"0.01"	"0.005"	"0.01"	"100000"	"10000"	"200"	"962865734395398356"	30000	"intercept"	0.553438795
"0.55"	"0.8"	"0.75"	"0.01"	"0.005"	"0.01"	"100000"	"10000"	"200"	"962865734395398356"	35000	"slope"	-0.0760132794
"0.55"	"0.8"	"0.75"	"0.01"	"0.005"	"0.01"	"100000"	"10000"	"200"	"962865734395398356"	35000	"intercept"	0.57470173
"0.55"	"0.8"	"0.75"	"0.01"	"0.005"	"0.01"	"100000"	"10000"	"200"	"962865734395398356"	40000	"slope"	-0.04016021345
"0.55"	"0.8"	"0.75"	"0.01"	"0.005"	"0.01"	"100000"	"10000"	"200"	"962865734395398356"	40000	"intercept"	0.659742245
"0.55"	"0.8"	"0.75"	"0.01"	"0.005"	"0.01"	"100000"	"10000"	"200"	"962865734395398356"	45000	"slope"	-0.0459098415
"0.55"	"0.8"	"0.75"	"0.01"	"0.005"	"0.01"	"100000"	"10000"	"200"	"962865734395398356"	45000	"intercept"	0.53205571
"0.55"	"0.8"	"0.75"	"0.01"	"0.005"	"0.01"	"100000"	"10000"	"200"	"962865734395398356"	50000	"slope"	-0.0281407905
"0.55"	"0.8"	"0.75"	"0.01"	"0.005"	"0.01"	"100000"	"10000"	"200"	"962865734395398356"	50000	"intercept"	0.513676125
"0.55"	"0.8"	"0.75"	"0.01"	"0.005"	"0.01"	"100000"	"10000"	"200"	"962865734395398356"	55000	"slope"	-0.001141126
"0.55"	"0.8"	"0.75"	"0.01"	"0.005"	"0.01"	"100000"	"10000"	"200"	"962865734395398356"	55000	"intercept"	0.518885865
"0.55"	"0.8"	"0.75"	"0.01"	"0.005"	"0.01"	"100000"	"10000"	"200"	"962865734395398356"	60000	"slope"	-0.0206977965
"0.55"	"0.8"	"0.75"	"0.01"	"0.005"	"0.01"	"100000"	"10000"	"200"	"962865734395398356"	60000	"intercept"	0.56669042
"0.55"	"0.8"	"0.75"	"0.01"	"0.005"	"0.01"	"100000"	"10000"	"200"	"962865734395398356"	65000	"slope"	-0.071064236915
"0.55"	"0.8"	"0.75"	"0.01"	"0.005"	"0.01"	"100000"	"10000"	"200"	"962865734395398356"	65000	"intercept"	0.42522739
"0.55"	"0.8"	"0.75"	"0.01"	"0.005"	"0.01"	"100000"	"10000"	"200"	"962865734395398356"	70000	"slope"	-0.0609890970985
"0.55"	"0.8"	"0.75"	"0.01"	"0.005"	"0.01"	"100000"	"10000"	"200"	"962865734395398356"	70000	"intercept"	0.549928995
"0.55"	"0.8"	"0.75"	"0.01"	"0.005"	"0.01"	"100000"	"10000"	"200"	"962865734395398356"	75000	"slope"	-0.01391578525
"0.55"	"0.8"	"0.75"	"0.01"	"0.005"	"0.01"	"100000"	"10000"	"200"	"962865734395398356"	75000	"intercept"	0.48791813
"0.55"	"0.8"	"0.75"	"0.01"	"0.005"	"0.01"	"100000"	"10000"	"200"	"962865734395398356"	80000	"slope"	0.01085682515
"0.55"	"0.8"	"0.75"	"0.01"	"0.005"	"0.01"	"100000"	"10000"	"200"	"962865734395398356"	80000	"intercept"	0.5506096
"0.55"	"0.8"	"0.75"	"0.01"	"0.005"	"0.01"	"100000"	"10000"	"200"	"962865734395398356"	85000	"slope"	0.02758711
"0.55"	"0.8"	"0.75"	"0.01"	"0.005"	"0.01"	"100000"	"10000"	"200"	"962865734395398356"	85000	"intercept"	0.4431708
"0.55"	"0.8"	"0.75"	"0.01"	"0.005"	"0.01"	"100000"	"10000"	"200"	"962865734395398356"	90000	"slope"	0.0666499755
"0.55"	"0.8"	"0.75"	"0.01"	"0.005"	"0.01"	"100000"	"10000"	"200"	"962865734395398356"	90000	"intercept"	0.50646655
"0.55"	"0.8"	"0.75"	"0.01"	"0.005"	"0.01"	"100000"	"10000"	"200"	"962865734395398356"	95000	"slope"	0.061496047
"0.55"	"0.8"	"0.75"	"0.01"	"0.005"	"0.01"	"100000"	"10000"	"200"	"962865734395398356"	95000	"intercept"	0.46491714
"0.55"	"0.8"	"0.75"	"0.01"	"0.005"	"0.01"	"100000"	"10000"	"200"	"962865734395398356"	100000	"slope"	0.0366273454
"0.55"	"0.8"	"0.75"	"0.01"	"0.005"	"0.01"	"100000"	"10000"	"200"	"962865734395398356"	100000	"intercept"	0.6318704
"0.65"	"0.0"	"0.75"	"0.01"	"0.005"	"0.01"	"100000"	"10000"	"200"	"2135028410028908952"	10	"slope"	-2.33655e-06
"0.65"	"0.0"	"0.75"	"0.01"	"0.005"	"0.01"	"100000"	"10000"	"200"	"2135028410028908952"	10	"intercept"	0.49992038
"0.65"	"0.0"	"0.75"	"0.01"	"0.005"	"0.01"	"100000"	"10000"	"200"	"2135028410028908952"	5000	"slope"	0.095614827
"0.65"	"0.0"	"0.75"	"0.01"	"0.005"	"0.01"	"100000"	"10000"	"200"	"2135028410028908952"	5000	"intercept"	0.689572965
"0.65"	"0.0"	"0.75"	"0.01"	"0.005"	"0.01"	"100000"	"10000"	"200"	"2135028410028908952"	10000	"slope"	0.094891584
"0.65"	"0.0"	"0.75"	"0.01"	"0.005"	"0.01"	"100000"	"10000"	"200"	"2135028410028908952"	10000	"intercept"	0.68549203
"0.65"	"0.0"	"0.75"	"0.01"	"0.005"	"0.01"	"100000"	"10000"	"200"	"2135028410028908952"	15000	"slope"	0.0915614
"0.65"	"0.0"	"0.75"	"0.01"	"0.005"	"0.01"	"100000"	"10000"	"200"	"2135028410028908952"	15000	"intercept"	0.68806733
"0.65"	"0.0"	"0.75"	"0.01"	"0.005"	"0.01"	"100000"	"10000"	"200"	"2135028410028908952"	20000	"slope"	0.086176913
"0.65"	"0.0"	"0.75"	"0.01"	"0.005"	"0.01"	"100000"	"10000"	"200"	"2135028410028908952"	20000	"intercept"	0.6923924
"0.65"	"0.0"	"0.75"	"0.01"	"0.005"	"0.01"	"100000"	"10000"	"200"	"2135028410028908952"	25000	"slope"	0.0888310815
"0.65"	"0.0"	"0.75"	"0.01"	"0.005"	"0.01"	"100000"	"10000"	"200"	"2135028410028908952"	25000	"intercept"	0.690047455
"0.65"	"0.0"	"0.75"	"0.01"	"0.005"	"0.01"	"100000"	"10000"	"200"	"2135028410028908952"	30000	"slope"	0.06151307815
"0.65"	"0.0"	"0.75"	"0.01"	"0.005"	"0.01"	"100000"	"10000"	"200"	"2135028410028908952"	30000	"intercept"	0.70074775
"0.65"	"0.0"	"0.75"	"0.01"	"0.005"	"0.01"	"100000"	"10000"	"200"	"2135028410028908952"	35000	"slope"	0.093527449
"0.65"	"0.0"	"0.75"	"0.01"	"0.005"	"0.01"	"100000"	"10000"	"200"	"2135028410028908952"	35000	"intercept"	0.69118391
"0.65"	"0.0"	"0.75"	"0.01"	"0.005"	"0.01"	"100000"	"10000"	"200"	"2135028410028908952"	40000	"slope"	0.09793695275
"0.65"	"0.0"	"0.75"	"0.01"	"0.005"	"0.01"	"100000"	"10000"	"200"	"2135028410028908952"	40000	"intercept"	0.682424585
"0.65"	"0.0"	"0.75"	"0.01"	"0.005"	"0.01"	"100000"	"10000"	"200"	"2135028410028908952"	45000	"slope"	0.099767355
"0.65"	"0.0"	"0.75"	"0.01"	"0.005"	"0.01"	"100000"	"10000"	"200"	"2135028410028908952"	45000	"intercept"	0.679700395
"0.65"	"0.0"	"0.75"	"0.01"	"0.005"	"0.01"	"100000"	"10000"	"200"	"2135028410028908952"	50000	"slope"	0.0773857075
"0.65"	"0.0"	"0.75"	"0.01"	"0.005"	"0.01"	"100000"	"10000"	"200"	"2135028410028908952"	50000	"intercept"	0.696373725
"0.65"	"0.0"	"0.75"	"0.01"	"0.005"	"0.01"	"100000"	"10000"	"200"	"2135028410028908952"	55000	"slope"	0.083942257
"0.65"	"0.0"	"0.75"	"0.01"	"0.005"	"0.01"	"100000"	"10000"	"200"	"2135028410028908952"	55000	"intercept"	0.692432
"0.65"	"0.0"	"0.75"	"0.01"	"0.005"	"0.01"	"100000"	"10000"	"200"	"2135028410028908952"	60000	"slope"	0.072057029705
"0.65"	"0.0"	"0.75"	"0.01"	"0.005"	"0.01"	"100000"	"10000"	"200"	"2135028410028908952"	60000	"intercept"	0.70414845
"0.65"	"0.0"	"0.75"	"0.01"	"0.005"	"0.01"	"100000"	"10000"	"200"	"2135028410028908952"	65000	"slope"	0.072827087
"0.65"	"0.0"	"0.75"	"0.01"	"0.005"	"0.01"	"100000"	"10000"	"200"	"2135028410028908952"	65000	"intercept"	0.694949165
"0.65"	"0.0"	"0.75"	"0.01"	"0.005"	"0.01"	"100000"	"10000"	"200"	"2135028410028908952"	70000	"slope"	0.0828208715
"0.65"	"0.0"	"0.75"	"0.01"	"0.005"	"0.01"	"100000"	"10000"	"200"	"2135028410028908952"	70000	"intercept"	0.692117775
"0.65"	"0.0"	"0.75"	"0.01"	"0.005"	"0.01"	"100000"	"10000"	"200"	"2135028410028908952"	75000	"slope"	0.073876775
"0.65"	"0.0"	"0.75"	"0.01"	"0.005"	"0.01"	"100000"	"10000"	"200"	"2135028410028908952"	75000	"intercept"	0.698544005
"0.65"	"0.0"	"0.75"	"0.01"	"0.005"	"0.01"	"100000"	"10000"	"200"	"2135028410028908952"	80000	"slope"	0.091237342
"0.65"	"0.0"	"0.75"	"0.01"	"0.005"	"0.01"	"100000"	"10000"	"200"	"2135028410028908952"	80000	"intercept"	0.686226635
"0.65"	"0.0"	"0.75"	"0.01"	"0.005"	"0.01"	"100000"	"10000"	"200"	"2135028410028908952"	85000	"slope"	0.096242118
"0.65"	"0.0"	"0.75"	"0.01"	"0.005"	"0.01"	"100000"	"10000"	"200"	"2135028410028908952"	85000	"intercept"	0.68524173
"0.65"	"0.0"	"0.75"	"0.01"	"0.005"	"0.01"	"100000"	"10000"	"200"	"2135028410028908952"	90000	"slope"	0.100759074
"0.65"	"0.0"	"0.75"	"0.01"	"0.005"	"0.01"	"100000"	"10000"	"200"	"2135028410028908952"	90000	"intercept"	0.67875087
"0.65"	"0.0"	"0.75"	"0.01"	"0.005"	"0.01"	"100000"	"10000"	"200"	"2135028410028908952"	95000	"slope"	0.08660752525
"0.65"	"0.0"	"0.75"	"0.01"	"0.005"	"0.01"	"100000"	"10000"	"200"	"2135028410028908952"	95000	"intercept"	0.688854495
"0.65"	"0.0"	"0.75"	"0.01"	"0.005"	"0.01"	"100000"	"10000"	"200"	"2135028410028908952"	100000	"slope"	0.0627652038
"0.65"	"0.0"	"0.75"	"0.01"	"0.005"	"0.01"	"100000"	"10000"	"200"	"2135028410028908952"	100000	"intercept"	0.70813773
"0.65"	"0.0"	"0.75"	"0.01"	"0.005"	"0.01"	"100000"	"10000"	"200"	"2327685009828485102"	10	"slope"	-0.00014564105
"0.65"	"0.0"	"0.75"	"0.01"	"0.005"	"0.01"	"100000"	"10000"	"200"	"2327685009828485102"	10	"intercept"	0.500052345
"0.65"	"0.0"	"0.75"	"0.01"	"0.005"	"0.01"	"100000"	"10000"	"200"	"2327685009828485102"	5000	"slope"	0.1165338665
"0.65"	"0.0"	"0.75"	"0.01"	"0.005"	"0.01"	"100000"	"10000"	"200"	"2327685009828485102"	5000	"intercept"	0.67218479
"0.65"	"0.0"	"0.75"	"0.01"	"0.005"	"0.01"	"100000"	"10000"	"200"	"2327685009828485102"	10000	"slope"	0.1148215825
"0.65"	"0.0"	"0.75"	"0.01"	"0.005"	"0.01"	"100000"	"10000"	"200"	"2327685009828485102"	10000	"intercept"	0.671867115
"0.65"	"0.0"	"0.75"	"0.01"	"0.005"	"0.01"	"100000"	"10000"	"200"	"2327685009828485102"	15000	"slope"	0.1025696739
"0.65"	"0.0"	"0.75"	"0.01"	"0.005"	"0.01"	"100000"	"10000"	"200"	"2327685009828485102"	15000	"intercept"	0.687050945
"0.65"	"0.0"	"0.75"	"0.01"	"0.005"	"0.01"	"100000"	"10000"	"200"	"2327685009828485102"	20000	"slope"	0.0738048075
"0.65"	"0.0"	"0.75"	"0.01"	"0.005"	"0.01"	"100000"	"10000"	"200"	"2327685009828485102"	20000	"intercept"	0.70059296
"0.65"	"0.0"	"0.75"	"0.01"	"0.005"	"0.01"	"100000"	"10000"	"200"	"2327685009828485102"	25000	"slope"	0.078231886
"0.65"	"0.0"	"0.75"	"0.01"	"0.005"	"0.01"	"100000"	"10000"	"200"	"2327685009828485102"	25000	"intercept"	0.699202425
"0.65"	"0.0"	"0.75"	"0.01"	"0.005"	"0.01"	"100000"	"10000"	"200"	"2327685009828485102"	30000	"slope"	0.082467692
"0.65"	"0.0"	"0.75"	"0.01"	"0.005"	"0.01"	"100000"	"10000"	"200"	"2327685009828485102"	30000	"intercept"	0.69749507
"0.65"	"0.0"	"0.75"	"0.01"	"0.005"	"0.01"	"100000"	"10000"	"200"	"2327685009828485102"	35000	"slope"	0.1153244845
"0.65"	"0.0"	"0.75"	"0.01"	"0.005"	"0.01"	"100000"	"10000"	"200"	"2327685009828485102"	35000	"intercept"	0.67554628
"0.65"	"0.0"	"0.75"	"0.01"	"0.005"	"0.01"	"100000"	"10000"	"200"	"2327685009828485102"	40000	"slope"	0.0847101911
"0.65"	"0.0"	"0.75"	"0.01"	"0.005"	"0.01"	"100000"	"10000"	"200"	"2327685009828485102"	40000	"intercept"	0.695370785
"0.65"	"0.0"	"0.75"	"0.01"	"0.005"	"0.01"	"100000"	"10000"	"200"	"2327685009828485102"	45000	"slope"	0.1001739425
"0.65"	"0.0"	"0.75"	"0.01"	"0.005"	"0.01"	"100000"	"10000"	"200"	"2327685009828485102"	45000	"intercept"	0.68531987
"0.65"	"0.0"	"0.75"	"0.01"	"0.005"	"0.01"	"100000"	"10000"	"200"	"2327685009828485102"	50000	"slope"	0.104835893
"0.65"	"0.0"	"0.75"	"0.01"	"0.005"	"0.01"	"100000"	"10000"	"200"	"2327685009828485102"	50000	"intercept"	0.67644552
"0.65"	"0.0"	"0.75"	"0.01"	"0.005"	"0.01"	"100000"	"10000"	"200"	"2327685009828485102"	55000	"slope"	0.08871297084
"0.65"	"0.0"	"0.75"	"0.01"	"0.005"	"0.01"	"100000"	"10000"	"200"	"2327685009828485102"	55000	"intercept"	0.6836721
"0.65"	"0.0"	"0.75"	"0.01"	"0.005"	"0.01"	"100000"	"10000"	"200"	"2327685009828485102"	60000	"slope"	0.1126280959
"0.65"	"0.0"	"0.75"	"0.01"	"0.005"	"0.01"	"100000"	"10000"	"200"	"2327685009828485102"	60000	"intercept"	0.681281505
"0.65"	"0.0"	"0.75"	"0.01"	"0.005"	"0.01"	"100000"	"10000"	"200"	"2327685009828485102"	65000	"slope"	0.1375477015
"0.65"	"0.0"	"0.75"	"0.01"	"0.005"	"0.01"	"100000"	"10000"	"200"	"2327685009828485102"	65000	"intercept"	0.66321881
"0.65"	"0.0"	"0.75"	"0.01"	"0.005"	"0.01"	"100000"	"10000"	"200"	"2327685009828485102"	70000	"slope"	0.1536313845
"0.65"	"0.0"	"0.75"	"0.01"	"0.005"	"0.01"	"100000"	"10000"	"200"	"2327685009828485102"	70000	"intercept"	0.653821665
"0.65"	"0.0"	"0.75"	"0.01"	"0.005"	"0.01"	"100000"	"10000"	"200"	"2327685009828485102"	75000	"slope"	0.1482982475
"0.65"	"0.0"	"0.75"	"0.01"	"0.005"	"0.01"	"100000"	"10000"	"200"	"2327685009828485102"	75000	"intercept"	0.651596125
"0.65"	"0.0"	"0.75"	"0.01"	"0.005"	"0.01"	"100000"	"10000"	"200"	"2327685009828485102"	80000	"slope"	0.100178037
"0.65"	"0.0"	"0.75"	"0.01"	"0.005"	"0.01"	"100000"	"10000"	"200"	"2327685009828485102"	80000	"intercept"	0.68830694
"0.65"	"0.0"	"0.75"	"0.01"	"0.005"	"0.01"	"100000"	"10000"	"200"	"2327685009828485102"	85000	"slope"	0.0703692299
"0.65"	"0.0"	"0.75"	"0.01"	"0.005"	"0.01"	"100000"	"10000"	"200"	"2327685009828485102"	85000	"intercept"	0.70853664
"0.65"	"0.0"	"0.75"	"0.01"	"0.005"	"0.01"	"100000"	"10000"	"200"	"2327685009828485102"	90000	"slope"	0.0797666955
"0.65"	"0.0"	"0.75"	"0.01"	"0.005"	"0.01"	"100000"	"10000"	"200"	"2327685009828485102"	90000	"intercept"	0.699672995
"0.65"	"0.0"	"0.75"	"0.01"	"0.005"	"0.01"	"100000"	"10000"	"200"	"2327685009828485102"	95000	"slope"	0.0857066756685
"0.65"	"0.0"	"0.75"	"0.01"	"0.005"	"0.01"	"100000"	"10000"	"200"	"2327685009828485102"	95000	"intercept"	0.69517853
"0.65"	"0.0"	"0.75"	"0.01"	"0.005"	"0.01"	"100000"	"10000"	"200"	"2327685009828485102"	100000	"slope"	0.098731421
"0.65"	"0.0"	"0.75"	"0.01"	"0.005"	"0.01"	"100000"	"10000"	"200"	"2327685009828485102"	100000	"intercept"	0.681018915
"0.65"	"0.0"	"0.75"	"0.01"	"0.005"	"0.01"	"100000"	"10000"	"200"	"5337586372848182006"	10	"slope"	0.000272195005
"0.65"	"0.0"	"0.75"	"0.01"	"0.005"	"0.01"	"100000"	"10000"	"200"	"5337586372848182006"	10	"intercept"	0.50010713
"0.65"	"0.0"	"0.75"	"0.01"	"0.005"	"0.01"	"100000"	"10000"	"200"	"5337586372848182006"	5000	"slope"	0.089408458545
"0.65"	"0.0"	"0.75"	"0.01"	"0.005"	"0.01"	"100000"	"10000"	"200"	"5337586372848182006"	5000	"intercept"	0.6927333
"0.65"	"0.0"	"0.75"	"0.01"	"0.005"	"0.01"	"100000"	"10000"	"200"	"5337586372848182006"	10000	"slope"	0.114240302
"0.65"	"0.0"	"0.75"	"0.01"	"0.005"	"0.01"	"100000"	"10000"	"200"	"5337586372848182006"	10000	"intercept"	0.68202439
"0.65"	"0.0"	"0.75"	"0.01"	"0.005"	"0.01"	"100000"	"10000"	"200"	"5337586372848182006"	15000	"slope"	0.1056033635
"0.65"	"0.0"	"0.75"	"0.01"	"0.005"	"0.01"	"100000"	"10000"	"200"	"5337586372848182006"	15000	"intercept"	0.67577503
"0.65"	"0.0"	"0.75"	"0.01"	"0.005"	"0.01"	"100000"	"10000"	"200"	"5337586372848182006"	20000	"slope"	0.101945424
"0.65"	"0.0"	"0.75"	"0.01"	"0.005"	"0.01"	"100000"	"10000"	"200"	"5337586372848182006"	20000	"intercept"	0.68142157
"0.65"	"0.0"	"0.75"	"0.01"	"0.005"	"0.01"	"100000"	"10000"	"200"	"5337586372848182006"	25000	"slope"	0.0997287261
"0.65"	"0.0"	"0.75"	"0.01"	"0.005"	"0.01"	"100000"	"10000"	"200"	"5337586372848182006"	25000	"intercept"	0.692500475
"0.65"	"0.0"	"0.75"	"0.01"	"0.005"	"0.01"	"100000"	"10000"	"200"	"5337586372848182006"	30000	"slope"	0.0917982385
"0.65"	"0.0"	"0.75"	"0.01"	"0.005"	"0.01"	"100000"	"10000"	"200"	"5337586372848182006"	30000	"intercept"	0.691571195
"0.65"	"0.0"	"0.75"	"0.01"	"0.005"	"0.01"	"100000"	"10000"	"200"	"5337586372848182006"	35000	"slope"	0.1058287485
"0.65"	"0.0"	"0.75"	"0.01"	"0.005"	"0.01"	"100000"	"10000"	"200"	"5337586372848182006"	35000	"intercept"	0.68371274
"0.65"	"0.0"	"0.75"	"0.01"	"0.005"	"0.01"	"100000"	"10000"	"200"	"5337586372848182006"	40000	"slope"	0.1150605775
"0.65"	"0.0"	"0.75"	"0.01"	"0.005"	"0.01"	"100000"	"10000"	"200"	"5337586372848182006"	40000	"intercept"	0.678126305
"0.65"	"0.0"	"0.75"	"0.01"	"0.005"	"0.01"	"100000"	"10000"	"200"	"5337586372848182006"	45000	"slope"	0.1078466655
"0.65"	"0.0"	"0.75"	"0.01"	"0.005"	"0.01"	"100000"	"10000"	"200"	"5337586372848182006"	45000	"intercept"	0.673942505
"0.65"	"0.0"	"0.75"	"0.01"	"0.005"	"0.01"	"100000"	"10000"	"200"	"5337586372848182006"	50000	"slope"	0.084017188
"0.65"	"0.0"	"0.75"	"0.01"	"0.005"	"0.01"	"100000"	"10000"	"200"	"5337586372848182006"	50000	"intercept"	0.692238085
"0.65"	"0.0"	"0.75"	"0.01"	"0.005"	"0.01"	"100000"	"10000"	"200"	"5337586372848182006"	55000	"slope"	0.0621128069
"0.65"	"0.0"	"0.75"	"0.01"	"0.005"	"0.01"	"100000"	"10000"	"200"	"5337586372848182006"	55000	"intercept"	0.71136682
"0.65"	"0.0"	"0.75"	"0.01"	"0.005"	"0.01"	"100000"	"10000"	"200"	"5337586372848182006"	60000	"slope"	0.0732622875
"0.65"	"0.0"	"0.75"	"0.01"	"0.005"	"0.01"	"100000"	"10000"	"200"	"5337586372848182006"	60000	"intercept"	0.704134325
"0.65"	"0.0"	"0.75"	"0.01"	"0.005"	"0.01"	"100000"	"10000"	"200"	"5337586372848182006"	65000	"slope"	0.0754187771
"0.65"	"0.0"	"0.75"	"0.01"	"0.005"	"0.01"	"100000"	"10000"	"200"	"5337586372848182006"	65000	"intercept"	0.70334299
"0.65"	"0.0"	"0.75"	"0.01"	"0.005"	"0.01"	"100000"	"10000"	"200"	"5337586372848182006"	70000	"slope"	0.05607035838
"0.65"	"0.0"	"0.75"	"0.01"	"0.005"	"0.01"	"100000"	"10000"	"200"	"5337586372848182006"	70000	"intercept"	0.72143508
"0.65"	"0.0"	"0.75"	"0.01"	"0.005"	"0.01"	"100000"	"10000"	"200"	"5337586372848182006"	75000	"slope"	0.0807482806
"0.65"	"0.0"	"0.75"	"0.01"	"0.005"	"0.01"	"100000"	"10000"	"200"	"5337586372848182006"	75000	"intercept"	0.69489211
"0.65"	"0.0"	"0.75"	"0.01"	"0.005"	"0.01"	"100000"	"10000"	"200"	"5337586372848182006"	80000	"slope"	0.0921496892
"0.65"	"0.0"	"0.75"	"0.01"	"0.005"	"0.01"	"100000"	"10000"	"200"	"5337586372848182006"	80000	"intercept"	0.685078205
"0.65"	"0.0"	"0.75"	"0.01"	"0.005"	"0.01"	"100000"	"10000"	"200"	"5337586372848182006"	85000	"slope"	0.08049203895
"0.65"	"0.0"	"0.75"	"0.01"	"0.005"	"0.01"	"100000"	"10000"	"200"	"5337586372848182006"	85000	"intercept"	0.7017579
"0.65"	"0.0"	"0.75"	"0.01"	"0.005"	"0.01"	"100000"	"10000"	"200"	"5337586372848182006"	90000	"slope"	0.1043029385
"0.65"	"0.0"	"0.75"	"0.01"	"0.005"	"0.01"	"100000"	"10000"	"200"	"5337586372848182006"	90000	"intercept"	0.679041715
"0.65"	"0.0"	"0.75"	"0.01"	"0.005"	"0.01"	"100000"	"10000"	"200"	"5337586372848182006"	95000	"slope"	0.089808172
"0.65"	"0.0"	"0.75"	"0.01"	"0.005"	"0.01"	"100000"	"10000"	"200"	"5337586372848182006"	95000	"intercept"	0.693232045
"0.65"	"0.0"	"0.75"	"0.01"	"0.005"	"0.01"	"100000"	"10000"	"200"	"5337586372848182006"	100000	"slope"	0.0950829665
"0.65"	"0.0"	"0.75"	"0.01"	"0.005"	"0.01"	"100000"	"10000"	"200"	"5337586372848182006"	100000	"intercept"	0.68825626
"0.65"	"0.4"	"0.75"	"0.01"	"0.005"	"0.01"	"100000"	"10000"	"200"	"5234425015611894825"	10	"slope"	0.00012767075
"0.65"	"0.4"	"0.75"	"0.01"	"0.005"	"0.01"	"100000"	"10000"	"200"	"5234425015611894825"	10	"intercept"	0.500214025
"0.65"	"0.4"	"0.75"	"0.01"	"0.005"	"0.01"	"100000"	"10000"	"200"	"5234425015611894825"	5000	"slope"	0.05601540165
"0.65"	"0.4"	"0.75"	"0.01"	"0.005"	"0.01"	"100000"	"10000"	"200"	"5234425015611894825"	5000	"intercept"	0.71164351
"0.65"	"0.4"	"0.75"	"0.01"	"0.005"	"0.01"	"100000"	"10000"	"200"	"5234425015611894825"	10000	"slope"	0.038841291325
"0.65"	"0.4"	"0.75"	"0.01"	"0.005"	"0.01"	"100000"	"10000"	"200"	"5234425015611894825"	10000	"intercept"	0.716513
"0.65"	"0.4"	"0.75"	"0.01"	"0.005"	"0.01"	"100000"	"10000"	"200"	"5234425015611894825"	15000	"slope"	0.01913054966
"0.65"	"0.4"	"0.75"	"0.01"	"0.005"	"0.01"	"100000"	"10000"	"200"	"5234425015611894825"	15000	"intercept"	0.730142575
"0.65"	"0.4"	"0.75"	"0.01"	"0.005"	"0.01"	"100000"	"10000"	"200"	"5234425015611894825"	20000	"slope"	0.015036546945
"0.65"	"0.4"	"0.75"	"0.01"	"0.005"	"0.01"	"100000"	"10000"	"200"	"5234425015611894825"	20000	"intercept"	0.73643531
"0.65"	"0.4"	"0.75"	"0.01"	"0.005"	"0.01"	"100000"	"10000"	"200"	"5234425015611894825"	25000	"slope"	-0.0098873529715
"0.65"	"0.4"	"0.75"	"0.01"	"0.005"	"0.01"	"100000"	"10000"	"200"	"5234425015611894825"	25000	"intercept"	0.739626665
"0.65"	"0.4"	"0.75"	"0.01"	"0.005"	"0.01"	"100000"	"10000"	"200"	"5234425015611894825"	30000	"slope"	-0.0166083773
"0.65"	"0.4"	"0.75"	"0.01"	"0.005"	"0.01"	"100000"	"10000"	"200"	"5234425015611894825"	30000	"intercept"	0.758133185
"0.65"	"0.4"	"0.75"	"0.01"	"0.005"	"0.01"	"100000"	"10000"	"200"	"5234425015611894825"	35000	"slope"	-0.0471813601
"0.65"	"0.4"	"0.75"	"0.01"	"0.005"	"0.01"	"100000"	"10000"	"200"	"5234425015611894825"	35000	"intercept"	0.77571776
"0.65"	"0.4"	"0.75"	"0.01"	"0.005"	"0.01"	"100000"	"10000"	"200"	"5234425015611894825"	40000	"slope"	-0.01848534741
"0.65"	"0.4"	"0.75"	"0.01"	"0.005"	"0.01"	"100000"	"10000"	"200"	"5234425015611894825"	40000	"intercept"	0.74845018
"0.65"	"0.4"	"0.75"	"0.01"	"0.005"	"0.01"	"100000"	"10000"	"200"	"5234425015611894825"	45000	"slope"	-0.0564023907
"0.65"	"0.4"	"0.75"	"0.01"	"0.005"	"0.01"	"100000"	"10000"	"200"	"5234425015611894825"	45000	"intercept"	0.780503475
"0.65"	"0.4"	"0.75"	"0.01"	"0.005"	"0.01"	"100000"	"10000"	"200"	"5234425015611894825"	50000	"slope"	-0.05334595475
"0.65"	"0.4"	"0.75"	"0.01"	"0.005"	"0.01"	"100000"	"10000"	"200"	"5234425015611894825"	50000	"intercept"	0.76908857
"0.65"	"0.4"	"0.75"	"0.01"	"0.005"	"0.01"	"100000"	"10000"	"200"	"5234425015611894825"	55000	"slope"	0.02234672785
"0.65"	"0.4"	"0.75"	"0.01"	"0.005"	"0.01"	"100000"	"10000"	"200"	"5234425015611894825"	55000	"intercept"	0.723379765
"0.65"	"0.4"	"0.75"	"0.01"	"0.005"	"0.01"	"100000"	"10000"	"200"	"5234425015611894825"	60000	"slope"	0.0056692862275
"0.65"	"0.4"	"0.75"	"0.01"	"0.005"	"0.01"	"100000"	"10000"	"200"	"5234425015611894825"	60000	"intercept"	0.735389415
"0.65"	"0.4"	"0.75"	"0.01"	"0.005"	"0.01"	"100000"	"10000"	"200"	"5234425015611894825"	65000	"slope"	-0.000731719555
"0.65"	"0.4"	"0.75"	"0.01"	"0.005"	"0.01"	"100000"	"10000"	"200"	"5234425015611894825"	65000	"intercept"	0.74765697
"0.65"	"0.4"	"0.75"	"0.01"	"0.005"	"0.01"	"100000"	"10000"	"200"	"5234425015611894825"	70000	"slope"	0.0250418069
"0.65"	"0.4"	"0.75"	"0.01"	"0.005"	"0.01"	"100000"	"10000"	"200"	"5234425015611894825"	70000	"intercept"	0.733671705
"0.65"	"0.4"	"0.75"	"0.01"	"0.005"	"0.01"	"100000"	"10000"	"200"	"5234425015611894825"	75000	"slope"	0.010062463265
"0.65"	"0.4"	"0.75"	"0.01"	"0.005"	"0.01"	"100000"	"10000"	"200"	"5234425015611894825"	75000	"intercept"	0.738646705
"0.65"	"0.4"	"0.75"	"0.01"	"0.005"	"0.01"	"100000"	"10000"	"200"	"5234425015611894825"	80000	"slope"	-0.03653286259
"0.65"	"0.4"	"0.75"	"0.01"	"0.005"	"0.01"	"100000"	"10000"	"200"	"5234425015611894825"	80000	"intercept"	0.76833825
"0.65"	"0.4"	"0.75"	"0.01"	"0.005"	"0.01"	"100000"	"10000"	"200"	"5234425015611894825"	85000	"slope"	-0.00725618166
"0.65"	"0.4"	"0.75"	"0.01"	"0.005"	"0.01"	"100000"	"10000"	"200"	"5234425015611894825"	85000	"intercept"	0.742877765
"0.65"	"0.4"	"0.75"	"0.01"	"0.005"	"0.01"	"100000"	"10000"	"200"	"5234425015611894825"	90000	"slope"	-0.0198890722
"0.65"	"0.4"	"0.75"	"0.01"	"0.005"	"0.01"	"100000"	"10000"	"200"	"5234425015611894825"	90000	"intercept"	0.743970545
"0.65"	"0.4"	"0.75"	"0.01"	"0.005"	"0.01"	"100000"	"10000"	"200"	"5234425015611894825"	95000	"slope"	-0.06552062518
"0.65"	"0.4"	"0.75"	"0.01"	"0.005"	"0.01"	"100000"	"10000"	"200"	"5234425015611894825"	95000	"intercept"	0.770115315
"0.65"	"0.4"	"0.75"	"0.01"	"0.005"	"0.01"	"100000"	"10000"	"200"	"5234425015611894825"	100000	"slope"	-0.03294228302
"0.65"	"0.4"	"0.75"	"0.01"	"0.005"	"0.01"	"100000"	"10000"	"200"	"5234425015611894825"	100000	"intercept"	0.76270307
"0.65"	"0.4"	"0.75"	"0.01"	"0.005"	"0.01"	"100000"	"10000"	"200"	"5360603861193141137"	10	"slope"	0.0001507698
"0.65"	"0.4"	"0.75"	"0.01"	"0.005"	"0.01"	"100000"	"10000"	"200"	"5360603861193141137"	10	"intercept"	0.500129125
"0.65"	"0.4"	"0.75"	"0.01"	"0.005"	"0.01"	"100000"	"10000"	"200"	"5360603861193141137"	5000	"slope"	0.05319810104
"0.65"	"0.4"	"0.75"	"0.01"	"0.005"	"0.01"	"100000"	"10000"	"200"	"5360603861193141137"	5000	"intercept"	0.71135965
"0.65"	"0.4"	"0.75"	"0.01"	"0.005"	"0.01"	"100000"	"10000"	"200"	"5360603861193141137"	10000	"slope"	0.023010692876
"0.65"	"0.4"	"0.75"	"0.01"	"0.005"	"0.01"	"100000"	"10000"	"200"	"5360603861193141137"	10000	"intercept"	0.730249565
"0.65"	"0.4"	"0.75"	"0.01"	"0.005"	"0.01"	"100000"	"10000"	"200"	"5360603861193141137"	15000	"slope"	-0.0434602039
"0.65"	"0.4"	"0.75"	"0.01"	"0.005"	"0.01"	"100000"	"10000"	"200"	"5360603861193141137"	15000	"intercept"	0.774979665
"0.65"	"0.4"	"0.75"	"0.01"	"0.005"	"0.01"	"100000"	"10000"	"200"	"5360603861193141137"	20000	"slope"	-0.03022481543
"0.65"	"0.4"	"0.75"	"0.01"	"0.005"	"0.01"	"100000"	"10000"	"200"	"5360603861193141137"	20000	"intercept"	0.76283968
"0.65"	"0.4"	"0.75"	"0.01"	"0.005"	"0.01"	"100000"	"10000"	"200"	"5360603861193141137"	25000	"slope"	-0.0072959659
"0.65"	"0.4"	"0.75"	"0.01"	"0.005"	"0.01"	"100000"	"10000"	"200"	"5360603861193141137"	25000	"intercept"	0.74777289
"0.65"	"0.4"	"0.75"	"0.01"	"0.005"	"0.01"	"100000"	"10000"	"200"	"5360603861193141137"	30000	"slope"	0.030490919875
"0.65"	"0.4"	"0.75"	"0.01"	"0.005"	"0.01"	"100000"	"10000"	"200"	"5360603861193141137"	30000	"intercept"	0.718441655
"0.65"	"0.4"	"0.75"	"0.01"	"0.005"	"0.01"	"100000"	"10000"	"200"	"5360603861193141137"	35000	"slope"	0.035877536775
"0.65"	"0.4"	"0.75"	"0.01"	"0.005"	"0.01"	"100000"	"10000"	"200"	"5360603861193141137"	35000	"intercept"	0.713942175
"0.65"	"0.4"	"0.75"	"0.01"	"0.005"	"0.01"	"100000"	"10000"	"200"	"5360603861193141137"	40000	"slope"	0.0400797649
"0.65"	"0.4"	"0.75"	"0.01"	"0.005"	"0.01"	"100000"	"10000"	"200"	"5360603861193141137"	40000	"intercept"	0.71255532
"0.65"	"0.4"	"0.75"	"0.01"	"0.005"	"0.01"	"100000"	"10000"	"200"	"5360603861193141137"	45000	"slope"	0.0088247271515
"0.65"	"0.4"	"0.75"	"0.01"	"0.005"	"0.01"	"100000"	"10000"	"200"	"5360603861193141137"	45000	"intercept"	0.730150115
"0.65"	"0.4"	"0.75"	"0.01"	"0.005"	"0.01"	"100000"	"10000"	"200"	"5360603861193141137"	50000	"slope"	0.0221769362
"0.65"	"0.4"	"0.75"	"0.01"	"0.005"	"0.01"	"100000"	"10000"	"200"	"5360603861193141137"	50000	"intercept"	0.72839728
"0.65"	"0.4"	"0.75"	"0.01"	"0.005"	"0.01"	"100000"	"10000"	"200"	"5360603861193141137"	55000	"slope"	0.049141475685
"0.65"	"0.4"	"0.75"	"0.01"	"0.005"	"0.01"	"100000"	"10000"	"200"	"5360603861193141137"	55000	"intercept"	0.70719615
"0.65"	"0.4"	"0.75"	"0.01"	"0.005"	"0.01"	"100000"	"10000"	"200"	"5360603861193141137"	60000	"slope"	-0.02773893925
"0.65"	"0.4"	"0.75"	"0.01"	"0.005"	"0.01"	"100000"	"10000"	"200"	"5360603861193141137"	60000	"intercept"	0.75365988
"0.65"	"0.4"	"0.75"	"0.01"	"0.005"	"0.01"	"100000"	"10000"	"200"	"5360603861193141137"	65000	"slope"	-0.05693268821
"0.65"	"0.4"	"0.75"	"0.01"	"0.005"	"0.01"	"100000"	"10000"	"200"	"5360603861193141137"	65000	"intercept"	0.781017585
"0.65"	"0.4"	"0.75"	"0.01"	"0.005"	"0.01"	"100000"	"10000"	"200"	"5360603861193141137"	70000	"slope"	-0.0631025643
"0.65"	"0.4"	"0.75"	"0.01"	"0.005"	"0.01"	"100000"	"10000"	"200"	"5360603861193141137"	70000	"intercept"	0.782212905
"0.65"	"0.4"	"0.75"	"0.01"	"0.005"	"0.01"	"100000"	"10000"	"200"	"5360603861193141137"	75000	"slope"	-0.06657309215
"0.65"	"0.4"	"0.75"	"0.01"	"0.005"	"0.01"	"100000"	"10000"	"200"	"5360603861193141137"	75000	"intercept"	0.776832545
"0.65"	"0.4"	"0.75"	"0.01"	"0.005"	"0.01"	"100000"	"10000"	"200"	"5360603861193141137"	80000	"slope"	-0.041844555545
"0.65"	"0.4"	"0.75"	"0.01"	"0.005"	"0.01"	"100000"	"10000"	"200"	"5360603861193141137"	80000	"intercept"	0.77423455
"0.65"	"0.4"	"0.75"	"0.01"	"0.005"	"0.01"	"100000"	"10000"	"200"	"5360603861193141137"	85000	"slope"	-0.0473529291
"0.65"	"0.4"	"0.75"	"0.01"	"0.005"	"0.01"	"100000"	"10000"	"200"	"5360603861193141137"	85000	"intercept"	0.778600855
"0.65"	"0.4"	"0.75"	"0.01"	"0.005"	"0.01"	"100000"	"10000"	"200"	"5360603861193141137"	90000	"slope"	-0.098196422
"0.65"	"0.4"	"0.75"	"0.01"	"0.005"	"0.01"	"100000"	"10000"	"200"	"5360603861193141137"	90000	"intercept"	0.79886493
"0.65"	"0.4"	"0.75"	"0.01"	"0.005"	"0.01"	"100000"	"10000"	"200"	"5360603861193141137"	95000	"slope"	-0.0987804881
"0.65"	"0.4"	"0.75"	"0.01"	"0.005"	"0.01"	"100000"	"10000"	"200"	"5360603861193141137"	95000	"intercept"	0.79936036
"0.65"	"0.4"	"0.75"	"0.01"	"0.005"	"0.01"	"100000"	"10000"	"200"	"5360603861193141137"	100000	"slope"	-0.02043622143
"0.65"	"0.4"	"0.75"	"0.01"	"0.005"	"0.01"	"100000"	"10000"	"200"	"5360603861193141137"	100000	"intercept"	0.750265865
"0.65"	"0.4"	"0.75"	"0.01"	"0.005"	"0.01"	"100000"	"10000"	"200"	"8515384046651892695"	10	"slope"	-0.000173948235
"0.65"	"0.4"	"0.75"	"0.01"	"0.005"	"0.01"	"100000"	"10000"	"200"	"8515384046651892695"	10	"intercept"	0.49996832
"0.65"	"0.4"	"0.75"	"0.01"	"0.005"	"0.01"	"100000"	"10000"	"200"	"8515384046651892695"	5000	"slope"	0.0826255946
"0.65"	"0.4"	"0.75"	"0.01"	"0.005"	"0.01"	"100000"	"10000"	"200"	"8515384046651892695"	5000	"intercept"	0.684689505
"0.65"	"0.4"	"0.75"	"0.01"	"0.005"	"0.01"	"100000"	"10000"	"200"	"8515384046651892695"	10000	"slope"	0.0229168756303
"0.65"	"0.4"	"0.75"	"0.01"	"0.005"	"0.01"	"100000"	"10000"	"200"	"8515384046651892695"	10000	"intercept"	0.734069175
"0.65"	"0.4"	"0.75"	"0.01"	"0.005"	"0.01"	"100000"	"10000"	"200"	"8515384046651892695"	15000	"slope"	-0.03635010235
"0.65"	"0.4"	"0.75"	"0.01"	"0.005"	"0.01"	"100000"	"10000"	"200"	"8515384046651892695"	15000	"intercept"	0.7671567
"0.65"	"0.4"	"0.75"	"0.01"	"0.005"	"0.01"	"100000"	"10000"	"200"	"8515384046651892695"	20000	"slope"	-0.03260839461
"0.65"	"0.4"	"0.75"	"0.01"	"0.005"	"0.01"	"100000"	"10000"	"200"	"8515384046651892695"	20000	"intercept"	0.765317715
"0.65"	"0.4"	"0.75"	"0.01"	"0.005"	"0.01"	"100000"	"10000"	"200"	"8515384046651892695"	25000	"slope"	-0.011102590435
"0.65"	"0.4"	"0.75"	"0.01"	"0.005"	"0.01"	"100000"	"10000"	"200"	"8515384046651892695"	25000	"intercept"	0.749606605
"0.65"	"0.4"	"0.75"	"0.01"	"0.005"	"0.01"	"100000"	"10000"	"200"	"8515384046651892695"	30000	"slope"	-0.05737628573
"0.65"	"0.4"	"0.75"	"0.01"	"0.005"	"0.01"	"100000"	"10000"	"200"	"8515384046651892695"	30000	"intercept"	0.77951146
"0.65"	"0.4"	"0.75"	"0.01"	"0.005"	"0.01"	"100000"	"10000"	"200"	"8515384046651892695"	35000	"slope"	-0.02411431803
"0.65"	"0.4"	"0.75"	"0.01"	"0.005"	"0.01"	"100000"	"10000"	"200"	"8515384046651892695"	35000	"intercept"	0.75577302
"0.65"	"0.4"	"0.75"	"0.01"	"0.005"	"0.01"	"100000"	"10000"	"200"	"8515384046651892695"	40000	"slope"	0.008635928435
"0.65"	"0.4"	"0.75"	"0.01"	"0.005"	"0.01"	"100000"	"10000"	"200"	"8515384046651892695"	40000	"intercept"	0.7298528
"0.65"	"0.4"	"0.75"	"0.01"	"0.005"	"0.01"	"100000"	"10000"	"200"	"8515384046651892695"	45000	"slope"	0.016509978765
"0.65"	"0.4"	"0.75"	"0.01"	"0.005"	"0.01"	"100000"	"10000"	"200"	"8515384046651892695"	45000	"intercept"	0.7294646
"0.65"	"0.4"	"0.75"	"0.01"	"0.005"	"0.01"	"100000"	"10000"	"200"	"8515384046651892695"	50000	"slope"	-0.036174700995
"0.65"	"0.4"	"0.75"	"0.01"	"0.005"	"0.01"	"100000"	"10000"	"200"	"8515384046651892695"	50000	"intercept"	0.76701188
"0.65"	"0.4"	"0.75"	"0.01"	"0.005"	"0.01"	"100000"	"10000"	"200"	"8515384046651892695"	55000	"slope"	-0.00207261966
"0.65"	"0.4"	"0.75"	"0.01"	"0.005"	"0.01"	"100000"	"10000"	"200"	"8515384046651892695"	55000	"intercept"	0.744562155
"0.65"	"0.4"	"0.75"	"0.01"	"0.005"	"0.01"	"100000"	"10000"	"200"	"8515384046651892695"	60000	"slope"	0.0308102439
"0.65"	"0.4"	"0.75"	"0.01"	"0.005"	"0.01"	"100000"	"10000"	"200"	"8515384046651892695"	60000	"intercept"	0.726341655
"0.65"	"0.4"	"0.75"	"0.01"	"0.005"	"0.01"	"100000"	"10000"	"200"	"8515384046651892695"	65000	"slope"	0.0516445104
"0.65"	"0.4"	"0.75"	"0.01"	"0.005"	"0.01"	"100000"	"10000"	"200"	"8515384046651892695"	65000	"intercept"	0.708980685
"0.65"	"0.4"	"0.75"	"0.01"	"0.005"	"0.01"	"100000"	"10000"	"200"	"8515384046651892695"	70000	"slope"	0.0403618028
"0.65"	"0.4"	"0.75"	"0.01"	"0.005"	"0.01"	"100000"	"10000"	"200"	"8515384046651892695"	70000	"intercept"	0.718584195
"0.65"	"0.4"	"0.75"	"0.01"	"0.005"	"0.01"	"100000"	"10000"	"200"	"8515384046651892695"	75000	"slope"	-0.009364155395
"0.65"	"0.4"	"0.75"	"0.01"	"0.005"	"0.01"	"100000"	"10000"	"200"	"8515384046651892695"	75000	"intercept"	0.747342045
"0.65"	"0.4"	"0.75"	"0.01"	"0.005"	"0.01"	"100000"	"10000"	"200"	"8515384046651892695"	80000	"slope"	-0.0028373679
"0.65"	"0.4"	"0.75"	"0.01"	"0.005"	"0.01"	"100000"	"10000"	"200"	"8515384046651892695"	80000	"intercept"	0.740271165
"0.65"	"0.4"	"0.75"	"0.01"	"0.005"	"0.01"	"100000"	"10000"	"200"	"8515384046651892695"	85000	"slope"	0.01519293918315
"0.65"	"0.4"	"0.75"	"0.01"	"0.005"	"0.01"	"100000"	"10000"	"200"	"8515384046651892695"	85000	"intercept"	0.730022335
"0.65"	"0.4"	"0.75"	"0.01"	"0.005"	"0.01"	"100000"	"10000"	"200"	"8515384046651892695"	90000	"slope"	0.020432897507
"0.65"	"0.4"	"0.75"	"0.01"	"0.005"	"0.01"	"100000"	"10000"	"200"	"8515384046651892695"	90000	"intercept"	0.72793621
"0.65"	"0.4"	"0.75"	"0.01"	"0.005"	"0.01"	"100000"	"10000"	"200"	"8515384046651892695"	95000	"slope"	0.007309010165
"0.65"	"0.4"	"0.75"	"0.01"	"0.005"	"0.01"	"100000"	"10000"	"200"	"8515384046651892695"	95000	"intercept"	0.74590464
"0.65"	"0.4"	"0.75"	"0.01"	"0.005"	"0.01"	"100000"	"10000"	"200"	"8515384046651892695"	100000	"slope"	-0.01506524164
"0.65"	"0.4"	"0.75"	"0.01"	"0.005"	"0.01"	"100000"	"10000"	"200"	"8515384046651892695"	100000	"intercept"	0.754124315
"0.65"	"0.6"	"0.75"	"0.01"	"0.005"	"0.01"	"100000"	"10000"	"200"	"1418901628593826506"	10	"slope"	8.1628145e-05
"0.65"	"0.6"	"0.75"	"0.01"	"0.005"	"0.01"	"100000"	"10000"	"200"	"1418901628593826506"	10	"intercept"	0.499881835
"0.65"	"0.6"	"0.75"	"0.01"	"0.005"	"0.01"	"100000"	"10000"	"200"	"1418901628593826506"	5000	"slope"	0.129640822125
"0.65"	"0.6"	"0.75"	"0.01"	"0.005"	"0.01"	"100000"	"10000"	"200"	"1418901628593826506"	5000	"intercept"	0.65773615
"0.65"	"0.6"	"0.75"	"0.01"	"0.005"	"0.01"	"100000"	"10000"	"200"	"1418901628593826506"	10000	"slope"	0.004784468
"0.65"	"0.6"	"0.75"	"0.01"	"0.005"	"0.01"	"100000"	"10000"	"200"	"1418901628593826506"	10000	"intercept"	0.60913978
"0.65"	"0.6"	"0.75"	"0.01"	"0.005"	"0.01"	"100000"	"10000"	"200"	"1418901628593826506"	15000	"slope"	-0.067381848
"0.65"	"0.6"	"0.75"	"0.01"	"0.005"	"0.01"	"100000"	"10000"	"200"	"1418901628593826506"	15000	"intercept"	0.623955193
"0.65"	"0.6"	"0.75"	"0.01"	"0.005"	"0.01"	"100000"	"10000"	"200"	"1418901628593826506"	20000	"slope"	-0.11152548445
"0.65"	"0.6"	"0.75"	"0.01"	"0.005"	"0.01"	"100000"	"10000"	"200"	"1418901628593826506"	20000	"intercept"	0.593612484925
"0.65"	"0.6"	"0.75"	"0.01"	"0.005"	"0.01"	"100000"	"10000"	"200"	"1418901628593826506"	25000	"slope"	-0.15332560647
"0.65"	"0.6"	"0.75"	"0.01"	"0.005"	"0.01"	"100000"	"10000"	"200"	"1418901628593826506"	25000	"intercept"	0.6574070435
"0.65"	"0.6"	"0.75"	"0.01"	"0.005"	"0.01"	"100000"	"10000"	"200"	"1418901628593826506"	30000	"slope"	-0.2085324863
"0.65"	"0.6"	"0.75"	"0.01"	"0.005"	"0.01"	"100000"	"10000"	"200"	"1418901628593826506"	30000	"intercept"	0.627441355
"0.65"	"0.6"	"0.75"	"0.01"	"0.005"	"0.01"	"100000"	"10000"	"200"	"1418901628593826506"	35000	"slope"	-0.17704132365
"0.65"	"0.6"	"0.75"	"0.01"	"0.005"	"0.01"	"100000"	"10000"	"200"	"1418901628593826506"	35000	"intercept"	0.612190465
"0.65"	"0.6"	"0.75"	"0.01"	"0.005"	"0.01"	"100000"	"10000"	"200"	"1418901628593826506"	40000	"slope"	-0.159836655815
"0.65"	"0.6"	"0.75"	"0.01"	"0.005"	"0.01"	"100000"	"10000"	"200"	"1418901628593826506"	40000	"intercept"	0.59844147
"0.65"	"0.6"	"0.75"	"0.01"	"0.005"	"0.01"	"100000"	"10000"	"200"	"1418901628593826506"	45000	"slope"	-0.1507631162
"0.65"	"0.6"	"0.75"	"0.01"	"0.005"	"0.01"	"100000"	"10000"	"200"	"1418901628593826506"	45000	"intercept"	0.6043754
"0.65"	"0.6"	"0.75"	"0.01"	"0.005"	"0.01"	"100000"	"10000"	"200"	"1418901628593826506"	50000	"slope"	-0.121351759
"0.65"	"0.6"	"0.75"	"0.01"	"0.005"	"0.01"	"100000"	"10000"	"200"	"1418901628593826506"	50000	"intercept"	0.568290255
"0.65"	"0.6"	"0.75"	"0.01"	"0.005"	"0.01"	"100000"	"10000"	"200"	"1418901628593826506"	55000	"slope"	-0.128275298
"0.65"	"0.6"	"0.75"	"0.01"	"0.005"	"0.01"	"100000"	"10000"	"200"	"1418901628593826506"	55000	"intercept"	0.55431455
"0.65"	"0.6"	"0.75"	"0.01"	"0.005"	"0.01"	"100000"	"10000"	"200"	"1418901628593826506"	60000	"slope"	-0.1409194845
"0.65"	"0.6"	"0.75"	"0.01"	"0.005"	"0.01"	"100000"	"10000"	"200"	"1418901628593826506"	60000	"intercept"	0.486222185
"0.65"	"0.6"	"0.75"	"0.01"	"0.005"	"0.01"	"100000"	"10000"	"200"	"1418901628593826506"	65000	"slope"	-0.052375708724
"0.65"	"0.6"	"0.75"	"0.01"	"0.005"	"0.01"	"100000"	"10000"	"200"	"1418901628593826506"	65000	"intercept"	0.533049255
"0.65"	"0.6"	"0.75"	"0.01"	"0.005"	"0.01"	"100000"	"10000"	"200"	"1418901628593826506"	70000	"slope"	-0.0090871
"0.65"	"0.6"	"0.75"	"0.01"	"0.005"	"0.01"	"100000"	"10000"	"200"	"1418901628593826506"	70000	"intercept"	0.52227245
"0.65"	"0.6"	"0.75"	"0.01"	"0.005"	"0.01"	"100000"	"10000"	"200"	"1418901628593826506"	75000	"slope"	-0.00458378
"0.65"	"0.6"	"0.75"	"0.01"	"0.005"	"0.01"	"100000"	"10000"	"200"	"1418901628593826506"	75000	"intercept"	0.584021565
"0.65"	"0.6"	"0.75"	"0.01"	"0.005"	"0.01"	"100000"	"10000"	"200"	"1418901628593826506"	80000	"slope"	-0.01045951
"0.65"	"0.6"	"0.75"	"0.01"	"0.005"	"0.01"	"100000"	"10000"	"200"	"1418901628593826506"	80000	"intercept"	0.537010815
"0.65"	"0.6"	"0.75"	"0.01"	"0.005"	"0.01"	"100000"	"10000"	"200"	"1418901628593826506"	85000	"slope"	0.011496458
"0.65"	"0.6"	"0.75"	"0.01"	"0.005"	"0.01"	"100000"	"10000"	"200"	"1418901628593826506"	85000	"intercept"	0.48265447
"0.65"	"0.6"	"0.75"	"0.01"	"0.005"	"0.01"	"100000"	"10000"	"200"	"1418901628593826506"	90000	"slope"	0.034845985
"0.65"	"0.6"	"0.75"	"0.01"	"0.005"	"0.01"	"100000"	"10000"	"200"	"1418901628593826506"	90000	"intercept"	0.536300605
"0.65"	"0.6"	"0.75"	"0.01"	"0.005"	"0.01"	"100000"	"10000"	"200"	"1418901628593826506"	95000	"slope"	0.101554455
"0.65"	"0.6"	"0.75"	"0.01"	"0.005"	"0.01"	"100000"	"10000"	"200"	"1418901628593826506"	95000	"intercept"	0.58030016
"0.65"	"0.6"	"0.75"	"0.01"	"0.005"	"0.01"	"100000"	"10000"	"200"	"1418901628593826506"	100000	"slope"	0.033014095
"0.65"	"0.6"	"0.75"	"0.01"	"0.005"	"0.01"	"100000"	"10000"	"200"	"1418901628593826506"	100000	"intercept"	0.464952215
"0.65"	"0.6"	"0.75"	"0.01"	"0.005"	"0.01"	"100000"	"10000"	"200"	"4304058228098475562"	10	"slope"	-0.00012322602
"0.65"	"0.6"	"0.75"	"0.01"	"0.005"	"0.01"	"100000"	"10000"	"200"	"4304058228098475562"	10	"intercept"	0.50011509
"0.65"	"0.6"	"0.75"	"0.01"	"0.005"	"0.01"	"100000"	"10000"	"200"	"4304058228098475562"	5000	"slope"	0.0624890851
"0.65"	"0.6"	"0.75"	"0.01"	"0.005"	"0.01"	"100000"	"10000"	"200"	"4304058228098475562"	5000	"intercept"	0.692181855
"0.65"	"0.6"	"0.75"	"0.01"	"0.005"	"0.01"	"100000"	"10000"	"200"	"4304058228098475562"	10000	"slope"	0.088113926675
"0.65"	"0.6"	"0.75"	"0.01"	"0.005"	"0.01"	"100000"	"10000"	"200"	"4304058228098475562"	10000	"intercept"	0.62488854
"0.65"	"0.6"	"0.75"	"0.01"	"0.005"	"0.01"	"100000"	"10000"	"200"	"4304058228098475562"	15000	"slope"	0.0557628965
"0.65"	"0.6"	"0.75"	"0.01"	"0.005"	"0.01"	"100000"	"10000"	"200"	"4304058228098475562"	15000	"intercept"	0.649785855
"0.65"	"0.6"	"0.75"	"0.01"	"0.005"	"0.01"	"100000"	"10000"	"200"	"4304058228098475562"	20000	"slope"	-0.0047731775
"0.65"	"0.6"	"0.75"	"0.01"	"0.005"	"0.01"	"100000"	"10000"	"200"	"4304058228098475562"	20000	"intercept"	0.5737264075
"0.65"	"0.6"	"0.75"	"0.01"	"0.005"	"0.01"	"100000"	"10000"	"200"	"4304058228098475562"	25000	"slope"	-0.042585447
"0.65"	"0.6"	"0.75"	"0.01"	"0.005"	"0.01"	"100000"	"10000"	"200"	"4304058228098475562"	25000	"intercept"	0.63307718035
"0.65"	"0.6"	"0.75"	"0.01"	"0.005"	"0.01"	"100000"	"10000"	"200"	"4304058228098475562"	30000	"slope"	-0.137260474855
"0.65"	"0.6"	"0.75"	"0.01"	"0.005"	"0.01"	"100000"	"10000"	"200"	"4304058228098475562"	30000	"intercept"	0.671244322
"0.65"	"0.6"	"0.75"	"0.01"	"0.005"	"0.01"	"100000"	"10000"	"200"	"4304058228098475562"	35000	"slope"	-0.17792888705
"0.65"	"0.6"	"0.75"	"0.01"	"0.005"	"0.01"	"100000"	"10000"	"200"	"4304058228098475562"	35000	"intercept"	0.623439105
"0.65"	"0.6"	"0.75"	"0.01"	"0.005"	"0.01"	"100000"	"10000"	"200"	"4304058228098475562"	40000	"slope"	-0.16718793803
"0.65"	"0.6"	"0.75"	"0.01"	"0.005"	"0.01"	"100000"	"10000"	"200"	"4304058228098475562"	40000	"intercept"	0.638561865
"0.65"	"0.6"	"0.75"	"0.01"	"0.005"	"0.01"	"100000"	"10000"	"200"	"4304058228098475562"	45000	"slope"	-0.14761717115
"0.65"	"0.6"	"0.75"	"0.01"	"0.005"	"0.01"	"100000"	"10000"	"200"	"4304058228098475562"	45000	"intercept"	0.650147545
"0.65"	"0.6"	"0.75"	"0.01"	"0.005"	"0.01"	"100000"	"10000"	"200"	"4304058228098475562"	50000	"slope"	-0.1035007744
"0.65"	"0.6"	"0.75"	"0.01"	"0.005"	"0.01"	"100000"	"10000"	"200"	"4304058228098475562"	50000	"intercept"	0.726191365
"0.65"	"0.6"	"0.75"	"0.01"	"0.005"	"0.01"	"100000"	"10000"	"200"	"4304058228098475562"	55000	"slope"	-0.14843221
"0.65"	"0.6"	"0.75"	"0.01"	"0.005"	"0.01"	"100000"	"10000"	"200"	"4304058228098475562"	55000	"intercept"	0.601382075
"0.65"	"0.6"	"0.75"	"0.01"	"0.005"	"0.01"	"100000"	"10000"	"200"	"4304058228098475562"	60000	"slope"	-0.111985770175
"0.65"	"0.6"	"0.75"	"0.01"	"0.005"	"0.01"	"100000"	"10000"	"200"	"4304058228098475562"	60000	"intercept"	0.583930075
"0.65"	"0.6"	"0.75"	"0.01"	"0.005"	"0.01"	"100000"	"10000"	"200"	"4304058228098475562"	65000	"slope"	-0.1135712285
"0.65"	"0.6"	"0.75"	"0.01"	"0.005"	"0.01"	"100000"	"10000"	"200"	"4304058228098475562"	65000	"intercept"	0.584521325
"0.65"	"0.6"	"0.75"	"0.01"	"0.005"	"0.01"	"100000"	"10000"	"200"	"4304058228098475562"	70000	"slope"	-0.12643707835
"0.65"	"0.6"	"0.75"	"0.01"	"0.005"	"0.01"	"100000"	"10000"	"200"	"4304058228098475562"	70000	"intercept"	0.580907945
"0.65"	"0.6"	"0.75"	"0.01"	"0.005"	"0.01"	"100000"	"10000"	"200"	"4304058228098475562"	75000	"slope"	-0.120790287295
"0.65"	"0.6"	"0.75"	"0.01"	"0.005"	"0.01"	"100000"	"10000"	"200"	"4304058228098475562"	75000	"intercept"	0.723604825
"0.65"	"0.6"	"0.75"	"0.01"	"0.005"	"0.01"	"100000"	"10000"	"200"	"4304058228098475562"	80000	"slope"	-0.14241436162
"0.65"	"0.6"	"0.75"	"0.01"	"0.005"	"0.01"	"100000"	"10000"	"200"	"4304058228098475562"	80000	"intercept"	0.54962149
"0.65"	"0.6"	"0.75"	"0.01"	"0.005"	"0.01"	"100000"	"10000"	"200"	"4304058228098475562"	85000	"slope"	-0.1353506067
"0.65"	"0.6"	"0.75"	"0.01"	"0.005"	"0.01"	"100000"	"10000"	"200"	"4304058228098475562"	85000	"intercept"	0.593476965
"0.65"	"0.6"	"0.75"	"0.01"	"0.005"	"0.01"	"100000"	"10000"	"200"	"4304058228098475562"	90000	"slope"	-0.1274996042
"0.65"	"0.6"	"0.75"	"0.01"	"0.005"	"0.01"	"100000"	"10000"	"200"	"4304058228098475562"	90000	"intercept"	0.613711485
"0.65"	"0.6"	"0.75"	"0.01"	"0.005"	"0.01"	"100000"	"10000"	"200"	"4304058228098475562"	95000	"slope"	-0.1632039912
"0.65"	"0.6"	"0.75"	"0.01"	"0.005"	"0.01"	"100000"	"10000"	"200"	"4304058228098475562"	95000	"intercept"	0.64664318
"0.65"	"0.6"	"0.75"	"0.01"	"0.005"	"0.01"	"100000"	"10000"	"200"	"4304058228098475562"	100000	"slope"	-0.1647718035
"0.65"	"0.6"	"0.75"	"0.01"	"0.005"	"0.01"	"100000"	"10000"	"200"	"4304058228098475562"	100000	"intercept"	0.64609181
"0.65"	"0.6"	"0.75"	"0.01"	"0.005"	"0.01"	"100000"	"10000"	"200"	"6068200680794028840"	10	"slope"	0.0001656274
"0.65"	"0.6"	"0.75"	"0.01"	"0.005"	"0.01"	"100000"	"10000"	"200"	"6068200680794028840"	10	"intercept"	0.50024777
"0.65"	"0.6"	"0.75"	"0.01"	"0.005"	"0.01"	"100000"	"10000"	"200"	"6068200680794028840"	5000	"slope"	0.02721993483
"0.65"	"0.6"	"0.75"	"0.01"	"0.005"	"0.01"	"100000"	"10000"	"200"	"6068200680794028840"	5000	"intercept"	0.704871955
"0.65"	"0.6"	"0.75"	"0.01"	"0.005"	"0.01"	"100000"	"10000"	"200"	"6068200680794028840"	10000	"slope"	-0.025867577
"0.65"	"0.6"	"0.75"	"0.01"	"0.005"	"0.01"	"100000"	"10000"	"200"	"6068200680794028840"	10000	"intercept"	0.691480525
"0.65"	"0.6"	"0.75"	"0.01"	"0.005"	"0.01"	"100000"	"10000"	"200"	"6068200680794028840"	15000	"slope"	-0.0753176015
"0.65"	"0.6"	"0.75"	"0.01"	"0.005"	"0.01"	"100000"	"10000"	"200"	"6068200680794028840"	15000	"intercept"	0.67744256
"0.65"	"0.6"	"0.75"	"0.01"	"0.005"	"0.01"	"100000"	"10000"	"200"	"6068200680794028840"	20000	"slope"	-0.116443507095
"0.65"	"0.6"	"0.75"	"0.01"	"0.005"	"0.01"	"100000"	"10000"	"200"	"6068200680794028840"	20000	"intercept"	0.661928979
"0.65"	"0.6"	"0.75"	"0.01"	"0.005"	"0.01"	"100000"	"10000"	"200"	"6068200680794028840"	25000	"slope"	-0.166033355865
"0.65"	"0.6"	"0.75"	"0.01"	"0.005"	"0.01"	"100000"	"10000"	"200"	"6068200680794028840"	25000	"intercept"	0.67775391508
"0.65"	"0.6"	"0.75"	"0.01"	"0.005"	"0.01"	"100000"	"10000"	"200"	"6068200680794028840"	30000	"slope"	-0.1415519051
"0.65"	"0.6"	"0.75"	"0.01"	"0.005"	"0.01"	"100000"	"10000"	"200"	"6068200680794028840"	30000	"intercept"	0.75221783
"0.65"	"0.6"	"0.75"	"0.01"	"0.005"	"0.01"	"100000"	"10000"	"200"	"6068200680794028840"	35000	"slope"	-0.175561777455
"0.65"	"0.6"	"0.75"	"0.01"	"0.005"	"0.01"	"100000"	"10000"	"200"	"6068200680794028840"	35000	"intercept"	0.63918643
"0.65"	"0.6"	"0.75"	"0.01"	"0.005"	"0.01"	"100000"	"10000"	"200"	"6068200680794028840"	40000	"slope"	-0.1442278533
"0.65"	"0.6"	"0.75"	"0.01"	"0.005"	"0.01"	"100000"	"10000"	"200"	"6068200680794028840"	40000	"intercept"	0.691861155
"0.65"	"0.6"	"0.75"	"0.01"	"0.005"	"0.01"	"100000"	"10000"	"200"	"6068200680794028840"	45000	"slope"	-0.14879004625
"0.65"	"0.6"	"0.75"	"0.01"	"0.005"	"0.01"	"100000"	"10000"	"200"	"6068200680794028840"	45000	"intercept"	0.65131074
"0.65"	"0.6"	"0.75"	"0.01"	"0.005"	"0.01"	"100000"	"10000"	"200"	"6068200680794028840"	50000	"slope"	-0.2145555227
"0.65"	"0.6"	"0.75"	"0.01"	"0.005"	"0.01"	"100000"	"10000"	"200"	"6068200680794028840"	50000	"intercept"	0.66501426
"0.65"	"0.6"	"0.75"	"0.01"	"0.005"	"0.01"	"100000"	"10000"	"200"	"6068200680794028840"	55000	"slope"	-0.215773505315
"0.65"	"0.6"	"0.75"	"0.01"	"0.005"	"0.01"	"100000"	"10000"	"200"	"6068200680794028840"	55000	"intercept"	0.582856815
"0.65"	"0.6"	"0.75"	"0.01"	"0.005"	"0.01"	"100000"	"10000"	"200"	"6068200680794028840"	60000	"slope"	-0.167344382121
"0.65"	"0.6"	"0.75"	"0.01"	"0.005"	"0.01"	"100000"	"10000"	"200"	"6068200680794028840"	60000	"intercept"	0.569001165
"0.65"	"0.6"	"0.75"	"0.01"	"0.005"	"0.01"	"100000"	"10000"	"200"	"6068200680794028840"	65000	"slope"	-0.047569874
"0.65"	"0.6"	"0.75"	"0.01"	"0.005"	"0.01"	"100000"	"10000"	"200"	"6068200680794028840"	65000	"intercept"	0.74261927
"0.65"	"0.6"	"0.75"	"0.01"	"0.005"	"0.01"	"100000"	"10000"	"200"	"6068200680794028840"	70000	"slope"	-0.05739886585
"0.65"	"0.6"	"0.75"	"0.01"	"0.005"	"0.01"	"100000"	"10000"	"200"	"6068200680794028840"	70000	"intercept"	0.68949885
"0.65"	"0.6"	"0.75"	"0.01"	"0.005"	"0.01"	"100000"	"10000"	"200"	"6068200680794028840"	75000	"slope"	-0.060290041
"0.65"	"0.6"	"0.75"	"0.01"	"0.005"	"0.01"	"100000"	"10000"	"200"	"6068200680794028840"	75000	"intercept"	0.62496692
"0.65"	"0.6"	"0.75"	"0.01"	"0.005"	"0.01"	"100000"	"10000"	"200"	"6068200680794028840"	80000	"slope"	-0.051114169995
"0.65"	"0.6"	"0.75"	"0.01"	"0.005"	"0.01"	"100000"	"10000"	"200"	"6068200680794028840"	80000	"intercept"	0.5928198
"0.65"	"0.6"	"0.75"	"0.01"	"0.005"	"0.01"	"100000"	"10000"	"200"	"6068200680794028840"	85000	"slope"	-0.1401902165
"0.65"	"0.6"	"0.75"	"0.01"	"0.005"	"0.01"	"100000"	"10000"	"200"	"6068200680794028840"	85000	"intercept"	0.543946655
"0.65"	"0.6"	"0.75"	"0.01"	"0.005"	"0.01"	"100000"	"10000"	"200"	"6068200680794028840"	90000	"slope"	-0.0752547371
"0.65"	"0.6"	"0.75"	"0.01"	"0.005"	"0.01"	"100000"	"10000"	"200"	"6068200680794028840"	90000	"intercept"	0.54037111
"0.65"	"0.6"	"0.75"	"0.01"	"0.005"	"0.01"	"100000"	"10000"	"200"	"6068200680794028840"	95000	"slope"	-0.0911115604
"0.65"	"0.6"	"0.75"	"0.01"	"0.005"	"0.01"	"100000"	"10000"	"200"	"6068200680794028840"	95000	"intercept"	0.5567369
"0.65"	"0.6"	"0.75"	"0.01"	"0.005"	"0.01"	"100000"	"10000"	"200"	"6068200680794028840"	100000	"slope"	-0.066248021575
"0.65"	"0.6"	"0.75"	"0.01"	"0.005"	"0.01"	"100000"	"10000"	"200"	"6068200680794028840"	100000	"intercept"	0.517340395
"0.65"	"0.8"	"0.75"	"0.01"	"0.005"	"0.01"	"100000"	"10000"	"200"	"5795752595702983368"	10	"slope"	-8.66251e-05
"0.65"	"0.8"	"0.75"	"0.01"	"0.005"	"0.01"	"100000"	"10000"	"200"	"5795752595702983368"	10	"intercept"	0.499974465
"0.65"	"0.8"	"0.75"	"0.01"	"0.005"	"0.01"	"100000"	"10000"	"200"	"5795752595702983368"	5000	"slope"	0.066248025
"0.65"	"0.8"	"0.75"	"0.01"	"0.005"	"0.01"	"100000"	"10000"	"200"	"5795752595702983368"	5000	"intercept"	0.644820945
"0.65"	"0.8"	"0.75"	"0.01"	"0.005"	"0.01"	"100000"	"10000"	"200"	"5795752595702983368"	10000	"slope"	-0.0517871015
"0.65"	"0.8"	"0.75"	"0.01"	"0.005"	"0.01"	"100000"	"10000"	"200"	"5795752595702983368"	10000	"intercept"	0.6248870715
"0.65"	"0.8"	"0.75"	"0.01"	"0.005"	"0.01"	"100000"	"10000"	"200"	"5795752595702983368"	15000	"slope"	-0.085271256845
"0.65"	"0.8"	"0.75"	"0.01"	"0.005"	"0.01"	"100000"	"10000"	"200"	"5795752595702983368"	15000	"intercept"	0.67098232
"0.65"	"0.8"	"0.75"	"0.01"	"0.005"	"0.01"	"100000"	"10000"	"200"	"5795752595702983368"	20000	"slope"	-0.1369188835
"0.65"	"0.8"	"0.75"	"0.01"	"0.005"	"0.01"	"100000"	"10000"	"200"	"5795752595702983368"	20000	"intercept"	0.58684235
"0.65"	"0.8"	"0.75"	"0.01"	"0.005"	"0.01"	"100000"	"10000"	"200"	"5795752595702983368"	25000	"slope"	-0.109988327265
"0.65"	"0.8"	"0.75"	"0.01"	"0.005"	"0.01"	"100000"	"10000"	"200"	"5795752595702983368"	25000	"intercept"	0.55600637
"0.65"	"0.8"	"0.75"	"0.01"	"0.005"	"0.01"	"100000"	"10000"	"200"	"5795752595702983368"	30000	"slope"	-0.10894836649
"0.65"	"0.8"	"0.75"	"0.01"	"0.005"	"0.01"	"100000"	"10000"	"200"	"5795752595702983368"	30000	"intercept"	0.6267158
"0.65"	"0.8"	"0.75"	"0.01"	"0.005"	"0.01"	"100000"	"10000"	"200"	"5795752595702983368"	35000	"slope"	-0.16383137532
"0.65"	"0.8"	"0.75"	"0.01"	"0.005"	"0.01"	"100000"	"10000"	"200"	"5795752595702983368"	35000	"intercept"	0.488801745
"0.65"	"0.8"	"0.75"	"0.01"	"0.005"	"0.01"	"100000"	"10000"	"200"	"5795752595702983368"	40000	"slope"	-0.11875275235
"0.65"	"0.8"	"0.75"	"0.01"	"0.005"	"0.01"	"100000"	"10000"	"200"	"5795752595702983368"	40000	"intercept"	0.597085335
"0.65"	"0.8"	"0.75"	"0.01"	"0.005"	"0.01"	"100000"	"10000"	"200"	"5795752595702983368"	45000	"slope"	-0.09403030236
"0.65"	"0.8"	"0.75"	"0.01"	"0.005"	"0.01"	"100000"	"10000"	"200"	"5795752595702983368"	45000	"intercept"	0.62220927
"0.65"	"0.8"	"0.75"	"0.01"	"0.005"	"0.01"	"100000"	"10000"	"200"	"5795752595702983368"	50000	"slope"	-0.0749902195
"0.65"	"0.8"	"0.75"	"0.01"	"0.005"	"0.01"	"100000"	"10000"	"200"	"5795752595702983368"	50000	"intercept"	0.544316725
"0.65"	"0.8"	"0.75"	"0.01"	"0.005"	"0.01"	"100000"	"10000"	"200"	"5795752595702983368"	55000	"slope"	-0.1229482515645
"0.65"	"0.8"	"0.75"	"0.01"	"0.005"	"0.01"	"100000"	"10000"	"200"	"5795752595702983368"	55000	"intercept"	0.379394435
"0.65"	"0.8"	"0.75"	"0.01"	"0.005"	"0.01"	"100000"	"10000"	"200"	"5795752595702983368"	60000	"slope"	-0.0119962625
"0.65"	"0.8"	"0.75"	"0.01"	"0.005"	"0.01"	"100000"	"10000"	"200"	"5795752595702983368"	60000	"intercept"	0.50878576
"0.65"	"0.8"	"0.75"	"0.01"	"0.005"	"0.01"	"100000"	"10000"	"200"	"5795752595702983368"	65000	"slope"	0.0298806545
"0.65"	"0.8"	"0.75"	"0.01"	"0.005"	"0.01"	"100000"	"10000"	"200"	"5795752595702983368"	65000	"intercept"	0.56812256
"0.65"	"0.8"	"0.75"	"0.01"	"0.005"	"0.01"	"100000"	"10000"	"200"	"5795752595702983368"	70000	"slope"	0.0152719915
"0.65"	"0.8"	"0.75"	"0.01"	"0.005"	"0.01"	"100000"	"10000"	"200"	"5795752595702983368"	70000	"intercept"	0.570740325
"0.65"	"0.8"	"0.75"	"0.01"	"0.005"	"0.01"	"100000"	"10000"	"200"	"5795752595702983368"	75000	"slope"	-0.0361213426
"0.65"	"0.8"	"0.75"	"0.01"	"0.005"	"0.01"	"100000"	"10000"	"200"	"5795752595702983368"	75000	"intercept"	0.501393175
"0.65"	"0.8"	"0.75"	"0.01"	"0.005"	"0.01"	"100000"	"10000"	"200"	"5795752595702983368"	80000	"slope"	-0.03110915595
"0.65"	"0.8"	"0.75"	"0.01"	"0.005"	"0.01"	"100000"	"10000"	"200"	"5795752595702983368"	80000	"intercept"	0.465681215
"0.65"	"0.8"	"0.75"	"0.01"	"0.005"	"0.01"	"100000"	"10000"	"200"	"5795752595702983368"	85000	"slope"	0.0189124523
"0.65"	"0.8"	"0.75"	"0.01"	"0.005"	"0.01"	"100000"	"10000"	"200"	"5795752595702983368"	85000	"intercept"	0.559561235
"0.65"	"0.8"	"0.75"	"0.01"	"0.005"	"0.01"	"100000"	"10000"	"200"	"5795752595702983368"	90000	"slope"	-0.00212072661
"0.65"	"0.8"	"0.75"	"0.01"	"0.005"	"0.01"	"100000"	"10000"	"200"	"5795752595702983368"	90000	"intercept"	0.622513755
"0.65"	"0.8"	"0.75"	"0.01"	"0.005"	"0.01"	"100000"	"10000"	"200"	"5795752595702983368"	95000	"slope"	-0.0540373821
"0.65"	"0.8"	"0.75"	"0.01"	"0.005"	"0.01"	"100000"	"10000"	"200"	"5795752595702983368"	95000	"intercept"	0.51958583
"0.65"	"0.8"	"0.75"	"0.01"	"0.005"	"0.01"	"100000"	"10000"	"200"	"5795752595702983368"	100000	"slope"	-0.0396587473
"0.65"	"0.8"	"0.75"	"0.01"	"0.005"	"0.01"	"100000"	"10000"	"200"	"5795752595702983368"	100000	"intercept"	0.474677125
"0.65"	"0.8"	"0.75"	"0.01"	"0.005"	"0.01"	"100000"	"10000"	"200"	"6337714030497941535"	10	"slope"	0.00011227459
"0.65"	"0.8"	"0.75"	"0.01"	"0.005"	"0.01"	"100000"	"10000"	"200"	"6337714030497941535"	10	"intercept"	0.50007068
"0.65"	"0.8"	"0.75"	"0.01"	"0.005"	"0.01"	"100000"	"10000"	"200"	"6337714030497941535"	5000	"slope"	-0.041036232
"0.65"	"0.8"	"0.75"	"0.01"	"0.005"	"0.01"	"100000"	"10000"	"200"	"6337714030497941535"	5000	"intercept"	0.7071772
"0.65"	"0.8"	"0.75"	"0.01"	"0.005"	"0.01"	"100000"	"10000"	"200"	"6337714030497941535"	10000	"slope"	-0.119503885
"0.65"	"0.8"	"0.75"	"0.01"	"0.005"	"0.01"	"100000"	"10000"	"200"	"6337714030497941535"	10000	"intercept"	0.6694755925048
"0.65"	"0.8"	"0.75"	"0.01"	"0.005"	"0.01"	"100000"	"10000"	"200"	"6337714030497941535"	15000	"slope"	-0.18591665536
"0.65"	"0.8"	"0.75"	"0.01"	"0.005"	"0.01"	"100000"	"10000"	"200"	"6337714030497941535"	15000	"intercept"	0.648583805
"0.65"	"0.8"	"0.75"	"0.01"	"0.005"	"0.01"	"100000"	"10000"	"200"	"6337714030497941535"	20000	"slope"	-0.22437305648
"0.65"	"0.8"	"0.75"	"0.01"	"0.005"	"0.01"	"100000"	"10000"	"200"	"6337714030497941535"	20000	"intercept"	0.604806925
"0.65"	"0.8"	"0.75"	"0.01"	"0.005"	"0.01"	"100000"	"10000"	"200"	"6337714030497941535"	25000	"slope"	-0.1954676727
"0.65"	"0.8"	"0.75"	"0.01"	"0.005"	"0.01"	"100000"	"10000"	"200"	"6337714030497941535"	25000	"intercept"	0.66274241
"0.65"	"0.8"	"0.75"	"0.01"	"0.005"	"0.01"	"100000"	"10000"	"200"	"6337714030497941535"	30000	"slope"	-0.176514630065
"0.65"	"0.8"	"0.75"	"0.01"	"0.005"	"0.01"	"100000"	"10000"	"200"	"6337714030497941535"	30000	"intercept"	0.650882445
"0.65"	"0.8"	"0.75"	"0.01"	"0.005"	"0.01"	"100000"	"10000"	"200"	"6337714030497941535"	35000	"slope"	-0.152881155545
"0.65"	"0.8"	"0.75"	"0.01"	"0.005"	"0.01"	"100000"	"10000"	"200"	"6337714030497941535"	35000	"intercept"	0.57879226
"0.65"	"0.8"	"0.75"	"0.01"	"0.005"	"0.01"	"100000"	"10000"	"200"	"6337714030497941535"	40000	"slope"	-0.20782331575
"0.65"	"0.8"	"0.75"	"0.01"	"0.005"	"0.01"	"100000"	"10000"	"200"	"6337714030497941535"	40000	"intercept"	0.46174373
"0.65"	"0.8"	"0.75"	"0.01"	"0.005"	"0.01"	"100000"	"10000"	"200"	"6337714030497941535"	45000	"slope"	-0.1903140717
"0.65"	"0.8"	"0.75"	"0.01"	"0.005"	"0.01"	"100000"	"10000"	"200"	"6337714030497941535"	45000	"intercept"	0.53352044
"0.65"	"0.8"	"0.75"	"0.01"	"0.005"	"0.01"	"100000"	"10000"	"200"	"6337714030497941535"	50000	"slope"	-0.15399016595
"0.65"	"0.8"	"0.75"	"0.01"	"0.005"	"0.01"	"100000"	"10000"	"200"	"6337714030497941535"	50000	"intercept"	0.539171655
"0.65"	"0.8"	"0.75"	"0.01"	"0.005"	"0.01"	"100000"	"10000"	"200"	"6337714030497941535"	55000	"slope"	-0.120050808575
"0.65"	"0.8"	"0.75"	"0.01"	"0.005"	"0.01"	"100000"	"10000"	"200"	"6337714030497941535"	55000	"intercept"	0.592280525
"0.65"	"0.8"	"0.75"	"0.01"	"0.005"	"0.01"	"100000"	"10000"	"200"	"6337714030497941535"	60000	"slope"	-0.191371674
"0.65"	"0.8"	"0.75"	"0.01"	"0.005"	"0.01"	"100000"	"10000"	"200"	"6337714030497941535"	60000	"intercept"	0.4856593
"0.65"	"0.8"	"0.75"	"0.01"	"0.005"	"0.01"	"100000"	"10000"	"200"	"6337714030497941535"	65000	"slope"	-0.16035502
"0.65"	"0.8"	"0.75"	"0.01"	"0.005"	"0.01"	"100000"	"10000"	"200"	"6337714030497941535"	65000	"intercept"	0.528560955
"0.65"	"0.8"	"0.75"	"0.01"	"0.005"	"0.01"	"100000"	"10000"	"200"	"6337714030497941535"	70000	"slope"	-0.153417833
"0.65"	"0.8"	"0.75"	"0.01"	"0.005"	"0.01"	"100000"	"10000"	"200"	"6337714030497941535"	70000	"intercept"	0.50196855
"0.65"	"0.8"	"0.75"	"0.01"	"0.005"	"0.01"	"100000"	"10000"	"200"	"6337714030497941535"	75000	"slope"	-0.19926576435
"0.65"	"0.8"	"0.75"	"0.01"	"0.005"	"0.01"	"100000"	"10000"	"200"	"6337714030497941535"	75000	"intercept"	0.49231343
"0.65"	"0.8"	"0.75"	"0.01"	"0.005"	"0.01"	"100000"	"10000"	"200"	"6337714030497941535"	80000	"slope"	-0.08546177
"0.65"	"0.8"	"0.75"	"0.01"	"0.005"	"0.01"	"100000"	"10000"	"200"	"6337714030497941535"	80000	"intercept"	0.58947299
"0.65"	"0.8"	"0.75"	"0.01"	"0.005"	"0.01"	"100000"	"10000"	"200"	"6337714030497941535"	85000	"slope"	-0.113724915
"0.65"	"0.8"	"0.75"	"0.01"	"0.005"	"0.01"	"100000"	"10000"	"200"	"6337714030497941535"	85000	"intercept"	0.499647815
"0.65"	"0.8"	"0.75"	"0.01"	"0.005"	"0.01"	"100000"	"10000"	"200"	"6337714030497941535"	90000	"slope"	-0.143082045
"0.65"	"0.8"	"0.75"	"0.01"	"0.005"	"0.01"	"100000"	"10000"	"200"	"6337714030497941535"	90000	"intercept"	0.459733395
"0.65"	"0.8"	"0.75"	"0.01"	"0.005"	"0.01"	"100000"	"10000"	"200"	"6337714030497941535"	95000	"slope"	-0.171990239
"0.65"	"0.8"	"0.75"	"0.01"	"0.005"	"0.01"	"100000"	"10000"	"200"	"6337714030497941535"	95000	"intercept"	0.488362435
"0.65"	"0.8"	"0.75"	"0.01"	"0.005"	"0.01"	"100000"	"10000"	"200"	"6337714030497941535"	100000	"slope"	-0.16579186285
"0.65"	"0.8"	"0.75"	"0.01"	"0.005"	"0.01"	"100000"	"10000"	"200"	"6337714030497941535"	100000	"intercept"	0.49389395
"0.65"	"0.8"	"0.75"	"0.01"	"0.005"	"0.01"	"100000"	"10000"	"200"	"7139739204577459515"	10	"slope"	-0.00019751835
"0.65"	"0.8"	"0.75"	"0.01"	"0.005"	"0.01"	"100000"	"10000"	"200"	"7139739204577459515"	10	"intercept"	0.50001083
"0.65"	"0.8"	"0.75"	"0.01"	"0.005"	"0.01"	"100000"	"10000"	"200"	"7139739204577459515"	5000	"slope"	0.0192045455
"0.65"	"0.8"	"0.75"	"0.01"	"0.005"	"0.01"	"100000"	"10000"	"200"	"7139739204577459515"	5000	"intercept"	0.65260053
"0.65"	"0.8"	"0.75"	"0.01"	"0.005"	"0.01"	"100000"	"10000"	"200"	"7139739204577459515"	10000	"slope"	-0.023685017
"0.65"	"0.8"	"0.75"	"0.01"	"0.005"	"0.01"	"100000"	"10000"	"200"	"7139739204577459515"	10000	"intercept"	0.6878993235
"0.65"	"0.8"	"0.75"	"0.01"	"0.005"	"0.01"	"100000"	"10000"	"200"	"7139739204577459515"	15000	"slope"	-0.13258591395
"0.65"	"0.8"	"0.75"	"0.01"	"0.005"	"0.01"	"100000"	"10000"	"200"	"7139739204577459515"	15000	"intercept"	0.52661398
"0.65"	"0.8"	"0.75"	"0.01"	"0.005"	"0.01"	"100000"	"10000"	"200"	"7139739204577459515"	20000	"slope"	-0.09238643613
"0.65"	"0.8"	"0.75"	"0.01"	"0.005"	"0.01"	"100000"	"10000"	"200"	"7139739204577459515"	20000	"intercept"	0.56625551
"0.65"	"0.8"	"0.75"	"0.01"	"0.005"	"0.01"	"100000"	"10000"	"200"	"7139739204577459515"	25000	"slope"	-0.0535079614
"0.65"	"0.8"	"0.75"	"0.01"	"0.005"	"0.01"	"100000"	"10000"	"200"	"7139739204577459515"	25000	"intercept"	0.60399078
"0.65"	"0.8"	"0.75"	"0.01"	"0.005"	"0.01"	"100000"	"10000"	"200"	"7139739204577459515"	30000	"slope"	-0.07251587
"0.65"	"0.8"	"0.75"	"0.01"	"0.005"	"0.01"	"100000"	"10000"	"200"	"7139739204577459515"	30000	"intercept"	0.48015296
"0.65"	"0.8"	"0.75"	"0.01"	"0.005"	"0.01"	"100000"	"10000"	"200"	"7139739204577459515"	35000	"slope"	-0.120237714425
"0.65"	"0.8"	"0.75"	"0.01"	"0.005"	"0.01"	"100000"	"10000"	"200"	"7139739204577459515"	35000	"intercept"	0.496719545
"0.65"	"0.8"	"0.75"	"0.01"	"0.005"	"0.01"	"100000"	"10000"	"200"	"7139739204577459515"	40000	"slope"	-0.13161037595
"0.65"	"0.8"	"0.75"	"0.01"	"0.005"	"0.01"	"100000"	"10000"	"200"	"7139739204577459515"	40000	"intercept"	0.608729295
"0.65"	"0.8"	"0.75"	"0.01"	"0.005"	"0.01"	"100000"	"10000"	"200"	"7139739204577459515"	45000	"slope"	-0.12912857578
"0.65"	"0.8"	"0.75"	"0.01"	"0.005"	"0.01"	"100000"	"10000"	"200"	"7139739204577459515"	45000	"intercept"	0.5775923
"0.65"	"0.8"	"0.75"	"0.01"	"0.005"	"0.01"	"100000"	"10000"	"200"	"7139739204577459515"	50000	"slope"	-0.117095166835
"0.65"	"0.8"	"0.75"	"0.01"	"0.005"	"0.01"	"100000"	"10000"	"200"	"7139739204577459515"	50000	"intercept"	0.518722495
"0.65"	"0.8"	"0.75"	"0.01"	"0.005"	"0.01"	"100000"	"10000"	"200"	"7139739204577459515"	55000	"slope"	-0.12484265635
"0.65"	"0.8"	"0.75"	"0.01"	"0.005"	"0.01"	"100000"	"10000"	"200"	"7139739204577459515"	55000	"intercept"	0.43405935
"0.65"	"0.8"	"0.75"	"0.01"	"0.005"	"0.01"	"100000"	"10000"	"200"	"7139739204577459515"	60000	"slope"	-0.0826050779
"0.65"	"0.8"	"0.75"	"0.01"	"0.005"	"0.01"	"100000"	"10000"	"200"	"7139739204577459515"	60000	"intercept"	0.47936495
"0.65"	"0.8"	"0.75"	"0.01"	"0.005"	"0.01"	"100000"	"10000"	"200"	"7139739204577459515"	65000	"slope"	-0.1184133724
"0.65"	"0.8"	"0.75"	"0.01"	"0.005"	"0.01"	"100000"	"10000"	"200"	"7139739204577459515"	65000	"intercept"	0.44841666
"0.65"	"0.8"	"0.75"	"0.01"	"0.005"	"0.01"	"100000"	"10000"	"200"	"7139739204577459515"	70000	"slope"	-0.0716025809
"0.65"	"0.8"	"0.75"	"0.01"	"0.005"	"0.01"	"100000"	"10000"	"200"	"7139739204577459515"	70000	"intercept"	0.6528717
"0.65"	"0.8"	"0.75"	"0.01"	"0.005"	"0.01"	"100000"	"10000"	"200"	"7139739204577459515"	75000	"slope"	-0.070287948475
"0.65"	"0.8"	"0.75"	"0.01"	"0.005"	"0.01"	"100000"	"10000"	"200"	"7139739204577459515"	75000	"intercept"	0.6360213
"0.65"	"0.8"	"0.75"	"0.01"	"0.005"	"0.01"	"100000"	"10000"	"200"	"7139739204577459515"	80000	"slope"	-0.072609149315
"0.65"	"0.8"	"0.75"	"0.01"	"0.005"	"0.01"	"100000"	"10000"	"200"	"7139739204577459515"	80000	"intercept"	0.442073005
"0.65"	"0.8"	"0.75"	"0.01"	"0.005"	"0.01"	"100000"	"10000"	"200"	"7139739204577459515"	85000	"slope"	-0.054923070275
"0.65"	"0.8"	"0.75"	"0.01"	"0.005"	"0.01"	"100000"	"10000"	"200"	"7139739204577459515"	85000	"intercept"	0.45011315
"0.65"	"0.8"	"0.75"	"0.01"	"0.005"	"0.01"	"100000"	"10000"	"200"	"7139739204577459515"	90000	"slope"	-0.003726593
"0.65"	"0.8"	"0.75"	"0.01"	"0.005"	"0.01"	"100000"	"10000"	"200"	"7139739204577459515"	90000	"intercept"	0.50242539
"0.65"	"0.8"	"0.75"	"0.01"	"0.005"	"0.01"	"100000"	"10000"	"200"	"7139739204577459515"	95000	"slope"	-0.008494258
"0.65"	"0.8"	"0.75"	"0.01"	"0.005"	"0.01"	"100000"	"10000"	"200"	"7139739204577459515"	95000	"intercept"	0.4927861
"0.65"	"0.8"	"0.75"	"0.01"	"0.005"	"0.01"	"100000"	"10000"	"200"	"7139739204577459515"	100000	"slope"	-0.000395371499999999
"0.65"	"0.8"	"0.75"	"0.01"	"0.005"	"0.01"	"100000"	"10000"	"200"	"7139739204577459515"	100000	"intercept"	0.49933969
"0.75"	"0.0"	"0.75"	"0.01"	"0.005"	"0.01"	"100000"	"10000"	"200"	"215315095418945446"	10	"slope"	-6.933239e-05
"0.75"	"0.0"	"0.75"	"0.01"	"0.005"	"0.01"	"100000"	"10000"	"200"	"215315095418945446"	10	"intercept"	0.499831255
"0.75"	"0.0"	"0.75"	"0.01"	"0.005"	"0.01"	"100000"	"10000"	"200"	"215315095418945446"	5000	"slope"	0.0445148777
"0.75"	"0.0"	"0.75"	"0.01"	"0.005"	"0.01"	"100000"	"10000"	"200"	"215315095418945446"	5000	"intercept"	0.779188395
"0.75"	"0.0"	"0.75"	"0.01"	"0.005"	"0.01"	"100000"	"10000"	"200"	"215315095418945446"	10000	"slope"	0.06544578495
"0.75"	"0.0"	"0.75"	"0.01"	"0.005"	"0.01"	"100000"	"10000"	"200"	"215315095418945446"	10000	"intercept"	0.76720892
"0.75"	"0.0"	"0.75"	"0.01"	"0.005"	"0.01"	"100000"	"10000"	"200"	"215315095418945446"	15000	"slope"	0.06167063595
"0.75"	"0.0"	"0.75"	"0.01"	"0.005"	"0.01"	"100000"	"10000"	"200"	"215315095418945446"	15000	"intercept"	0.77063703
"0.75"	"0.0"	"0.75"	"0.01"	"0.005"	"0.01"	"100000"	"10000"	"200"	"215315095418945446"	20000	"slope"	0.0833374635
"0.75"	"0.0"	"0.75"	"0.01"	"0.005"	"0.01"	"100000"	"10000"	"200"	"215315095418945446"	20000	"intercept"	0.756080105
"0.75"	"0.0"	"0.75"	"0.01"	"0.005"	"0.01"	"100000"	"10000"	"200"	"215315095418945446"	25000	"slope"	0.075162476995
"0.75"	"0.0"	"0.75"	"0.01"	"0.005"	"0.01"	"100000"	"10000"	"200"	"215315095418945446"	25000	"intercept"	0.75725943
"0.75"	"0.0"	"0.75"	"0.01"	"0.005"	"0.01"	"100000"	"10000"	"200"	"215315095418945446"	30000	"slope"	0.0654488026
"0.75"	"0.0"	"0.75"	"0.01"	"0.005"	"0.01"	"100000"	"10000"	"200"	"215315095418945446"	30000	"intercept"	0.75861717
"0.75"	"0.0"	"0.75"	"0.01"	"0.005"	"0.01"	"100000"	"10000"	"200"	"215315095418945446"	35000	"slope"	0.0804705405
"0.75"	"0.0"	"0.75"	"0.01"	"0.005"	"0.01"	"100000"	"10000"	"200"	"215315095418945446"	35000	"intercept"	0.7481205
"0.75"	"0.0"	"0.75"	"0.01"	"0.005"	"0.01"	"100000"	"10000"	"200"	"215315095418945446"	40000	"slope"	0.0950724725
"0.75"	"0.0"	"0.75"	"0.01"	"0.005"	"0.01"	"100000"	"10000"	"200"	"215315095418945446"	40000	"intercept"	0.746206295
"0.75"	"0.0"	"0.75"	"0.01"	"0.005"	"0.01"	"100000"	"10000"	"200"	"215315095418945446"	45000	"slope"	0.08393549205
"0.75"	"0.0"	"0.75"	"0.01"	"0.005"	"0.01"	"100000"	"10000"	"200"	"215315095418945446"	45000	"intercept"	0.751492655
"0.75"	"0.0"	"0.75"	"0.01"	"0.005"	"0.01"	"100000"	"10000"	"200"	"215315095418945446"	50000	"slope"	0.106860572
"0.75"	"0.0"	"0.75"	"0.01"	"0.005"	"0.01"	"100000"	"10000"	"200"	"215315095418945446"	50000	"intercept"	0.74082973
"0.75"	"0.0"	"0.75"	"0.01"	"0.005"	"0.01"	"100000"	"10000"	"200"	"215315095418945446"	55000	"slope"	0.0802461335
"0.75"	"0.0"	"0.75"	"0.01"	"0.005"	"0.01"	"100000"	"10000"	"200"	"215315095418945446"	55000	"intercept"	0.755096095
"0.75"	"0.0"	"0.75"	"0.01"	"0.005"	"0.01"	"100000"	"10000"	"200"	"215315095418945446"	60000	"slope"	0.070434850265
"0.75"	"0.0"	"0.75"	"0.01"	"0.005"	"0.01"	"100000"	"10000"	"200"	"215315095418945446"	60000	"intercept"	0.75757476
"0.75"	"0.0"	"0.75"	"0.01"	"0.005"	"0.01"	"100000"	"10000"	"200"	"215315095418945446"	65000	"slope"	0.08762654902
"0.75"	"0.0"	"0.75"	"0.01"	"0.005"	"0.01"	"100000"	"10000"	"200"	"215315095418945446"	65000	"intercept"	0.75032817
"0.75"	"0.0"	"0.75"	"0.01"	"0.005"	"0.01"	"100000"	"10000"	"200"	"215315095418945446"	70000	"slope"	0.111654921
"0.75"	"0.0"	"0.75"	"0.01"	"0.005"	"0.01"	"100000"	"10000"	"200"	"215315095418945446"	70000	"intercept"	0.73851417
"0.75"	"0.0"	"0.75"	"0.01"	"0.005"	"0.01"	"100000"	"10000"	"200"	"215315095418945446"	75000	"slope"	0.113860043
"0.75"	"0.0"	"0.75"	"0.01"	"0.005"	"0.01"	"100000"	"10000"	"200"	"215315095418945446"	75000	"intercept"	0.73000153
"0.75"	"0.0"	"0.75"	"0.01"	"0.005"	"0.01"	"100000"	"10000"	"200"	"215315095418945446"	80000	"slope"	0.1189327485
"0.75"	"0.0"	"0.75"	"0.01"	"0.005"	"0.01"	"100000"	"10000"	"200"	"215315095418945446"	80000	"intercept"	0.729761435
"0.75"	"0.0"	"0.75"	"0.01"	"0.005"	"0.01"	"100000"	"10000"	"200"	"215315095418945446"	85000	"slope"	0.096025429
"0.75"	"0.0"	"0.75"	"0.01"	"0.005"	"0.01"	"100000"	"10000"	"200"	"215315095418945446"	85000	"intercept"	0.73953211
"0.75"	"0.0"	"0.75"	"0.01"	"0.005"	"0.01"	"100000"	"10000"	"200"	"215315095418945446"	90000	"slope"	0.1060038112
"0.75"	"0.0"	"0.75"	"0.01"	"0.005"	"0.01"	"100000"	"10000"	"200"	"215315095418945446"	90000	"intercept"	0.73399709
"0.75"	"0.0"	"0.75"	"0.01"	"0.005"	"0.01"	"100000"	"10000"	"200"	"215315095418945446"	95000	"slope"	0.1240060725
"0.75"	"0.0"	"0.75"	"0.01"	"0.005"	"0.01"	"100000"	"10000"	"200"	"215315095418945446"	95000	"intercept"	0.71891483
"0.75"	"0.0"	"0.75"	"0.01"	"0.005"	"0.01"	"100000"	"10000"	"200"	"215315095418945446"	100000	"slope"	0.10298108
"0.75"	"0.0"	"0.75"	"0.01"	"0.005"	"0.01"	"100000"	"10000"	"200"	"215315095418945446"	100000	"intercept"	0.73926537
"0.75"	"0.0"	"0.75"	"0.01"	"0.005"	"0.01"	"100000"	"10000"	"200"	"4548421259856167181"	10	"slope"	9.9865e-06
"0.75"	"0.0"	"0.75"	"0.01"	"0.005"	"0.01"	"100000"	"10000"	"200"	"4548421259856167181"	10	"intercept"	0.49994853
"0.75"	"0.0"	"0.75"	"0.01"	"0.005"	"0.01"	"100000"	"10000"	"200"	"4548421259856167181"	5000	"slope"	0.097099683
"0.75"	"0.0"	"0.75"	"0.01"	"0.005"	"0.01"	"100000"	"10000"	"200"	"4548421259856167181"	5000	"intercept"	0.74222758
"0.75"	"0.0"	"0.75"	"0.01"	"0.005"	"0.01"	"100000"	"10000"	"200"	"4548421259856167181"	10000	"slope"	0.09322343995
"0.75"	"0.0"	"0.75"	"0.01"	"0.005"	"0.01"	"100000"	"10000"	"200"	"4548421259856167181"	10000	"intercept"	0.741516865
"0.75"	"0.0"	"0.75"	"0.01"	"0.005"	"0.01"	"100000"	"10000"	"200"	"4548421259856167181"	15000	"slope"	0.0820095795
"0.75"	"0.0"	"0.75"	"0.01"	"0.005"	"0.01"	"100000"	"10000"	"200"	"4548421259856167181"	15000	"intercept"	0.753019365
"0.75"	"0.0"	"0.75"	"0.01"	"0.005"	"0.01"	"100000"	"10000"	"200"	"4548421259856167181"	20000	"slope"	0.064376652215
"0.75"	"0.0"	"0.75"	"0.01"	"0.005"	"0.01"	"100000"	"10000"	"200"	"4548421259856167181"	20000	"intercept"	0.76415589
"0.75"	"0.0"	"0.75"	"0.01"	"0.005"	"0.01"	"100000"	"10000"	"200"	"4548421259856167181"	25000	"slope"	0.108321171
"0.75"	"0.0"	"0.75"	"0.01"	"0.005"	"0.01"	"100000"	"10000"	"200"	"4548421259856167181"	25000	"intercept"	0.737214785
"0.75"	"0.0"	"0.75"	"0.01"	"0.005"	"0.01"	"100000"	"10000"	"200"	"4548421259856167181"	30000	"slope"	0.119672622
"0.75"	"0.0"	"0.75"	"0.01"	"0.005"	"0.01"	"100000"	"10000"	"200"	"4548421259856167181"	30000	"intercept"	0.72321935
"0.75"	"0.0"	"0.75"	"0.01"	"0.005"	"0.01"	"100000"	"10000"	"200"	"4548421259856167181"	35000	"slope"	0.0818702865
"0.75"	"0.0"	"0.75"	"0.01"	"0.005"	"0.01"	"100000"	"10000"	"200"	"4548421259856167181"	35000	"intercept"	0.74972554
"0.75"	"0.0"	"0.75"	"0.01"	"0.005"	"0.01"	"100000"	"10000"	"200"	"4548421259856167181"	40000	"slope"	0.09135876745
"0.75"	"0.0"	"0.75"	"0.01"	"0.005"	"0.01"	"100000"	"10000"	"200"	"4548421259856167181"	40000	"intercept"	0.74545549
"0.75"	"0.0"	"0.75"	"0.01"	"0.005"	"0.01"	"100000"	"10000"	"200"	"4548421259856167181"	45000	"slope"	0.108925622
"0.75"	"0.0"	"0.75"	"0.01"	"0.005"	"0.01"	"100000"	"10000"	"200"	"4548421259856167181"	45000	"intercept"	0.729774235
"0.75"	"0.0"	"0.75"	"0.01"	"0.005"	"0.01"	"100000"	"10000"	"200"	"4548421259856167181"	50000	"slope"	0.08655177
"0.75"	"0.0"	"0.75"	"0.01"	"0.005"	"0.01"	"100000"	"10000"	"200"	"4548421259856167181"	50000	"intercept"	0.74582133
"0.75"	"0.0"	"0.75"	"0.01"	"0.005"	"0.01"	"100000"	"10000"	"200"	"4548421259856167181"	55000	"slope"	0.0496185953
"0.75"	"0.0"	"0.75"	"0.01"	"0.005"	"0.01"	"100000"	"10000"	"200"	"4548421259856167181"	55000	"intercept"	0.77056719
"0.75"	"0.0"	"0.75"	"0.01"	"0.005"	"0.01"	"100000"	"10000"	"200"	"4548421259856167181"	60000	"slope"	0.07131044665
"0.75"	"0.0"	"0.75"	"0.01"	"0.005"	"0.01"	"100000"	"10000"	"200"	"4548421259856167181"	60000	"intercept"	0.75914455
"0.75"	"0.0"	"0.75"	"0.01"	"0.005"	"0.01"	"100000"	"10000"	"200"	"4548421259856167181"	65000	"slope"	0.096384148
"0.75"	"0.0"	"0.75"	"0.01"	"0.005"	"0.01"	"100000"	"10000"	"200"	"4548421259856167181"	65000	"intercept"	0.74043862
"0.75"	"0.0"	"0.75"	"0.01"	"0.005"	"0.01"	"100000"	"10000"	"200"	"4548421259856167181"	70000	"slope"	0.0909656352
"0.75"	"0.0"	"0.75"	"0.01"	"0.005"	"0.01"	"100000"	"10000"	"200"	"4548421259856167181"	70000	"intercept"	0.745332715
"0.75"	"0.0"	"0.75"	"0.01"	"0.005"	"0.01"	"100000"	"10000"	"200"	"4548421259856167181"	75000	"slope"	0.115647168
"0.75"	"0.0"	"0.75"	"0.01"	"0.005"	"0.01"	"100000"	"10000"	"200"	"4548421259856167181"	75000	"intercept"	0.728388385
"0.75"	"0.0"	"0.75"	"0.01"	"0.005"	"0.01"	"100000"	"10000"	"200"	"4548421259856167181"	80000	"slope"	0.089282391
"0.75"	"0.0"	"0.75"	"0.01"	"0.005"	"0.01"	"100000"	"10000"	"200"	"4548421259856167181"	80000	"intercept"	0.7460879
"0.75"	"0.0"	"0.75"	"0.01"	"0.005"	"0.01"	"100000"	"10000"	"200"	"4548421259856167181"	85000	"slope"	0.093247538
"0.75"	"0.0"	"0.75"	"0.01"	"0.005"	"0.01"	"100000"	"10000"	"200"	"4548421259856167181"	85000	"intercept"	0.7446592
"0.75"	"0.0"	"0.75"	"0.01"	"0.005"	"0.01"	"100000"	"10000"	"200"	"4548421259856167181"	90000	"slope"	0.09821912553
"0.75"	"0.0"	"0.75"	"0.01"	"0.005"	"0.01"	"100000"	"10000"	"200"	"4548421259856167181"	90000	"intercept"	0.74152852
"0.75"	"0.0"	"0.75"	"0.01"	"0.005"	"0.01"	"100000"	"10000"	"200"	"4548421259856167181"	95000	"slope"	0.08395762105
"0.75"	"0.0"	"0.75"	"0.01"	"0.005"	"0.01"	"100000"	"10000"	"200"	"4548421259856167181"	95000	"intercept"	0.75937735
"0.75"	"0.0"	"0.75"	"0.01"	"0.005"	"0.01"	"100000"	"10000"	"200"	"4548421259856167181"	100000	"slope"	0.1083112125
"0.75"	"0.0"	"0.75"	"0.01"	"0.005"	"0.01"	"100000"	"10000"	"200"	"4548421259856167181"	100000	"intercept"	0.734763545
"0.75"	"0.0"	"0.75"	"0.01"	"0.005"	"0.01"	"100000"	"10000"	"200"	"82338700597733013"	10	"slope"	-9.079875e-05
"0.75"	"0.0"	"0.75"	"0.01"	"0.005"	"0.01"	"100000"	"10000"	"200"	"82338700597733013"	10	"intercept"	0.50005211
"0.75"	"0.0"	"0.75"	"0.01"	"0.005"	"0.01"	"100000"	"10000"	"200"	"82338700597733013"	5000	"slope"	0.0724844055
"0.75"	"0.0"	"0.75"	"0.01"	"0.005"	"0.01"	"100000"	"10000"	"200"	"82338700597733013"	5000	"intercept"	0.76211603
"0.75"	"0.0"	"0.75"	"0.01"	"0.005"	"0.01"	"100000"	"10000"	"200"	"82338700597733013"	10000	"slope"	0.110094504
"0.75"	"0.0"	"0.75"	"0.01"	"0.005"	"0.01"	"100000"	"10000"	"200"	"82338700597733013"	10000	"intercept"	0.731394145
"0.75"	"0.0"	"0.75"	"0.01"	"0.005"	"0.01"	"100000"	"10000"	"200"	"82338700597733013"	15000	"slope"	0.087170754
"0.75"	"0.0"	"0.75"	"0.01"	"0.005"	"0.01"	"100000"	"10000"	"200"	"82338700597733013"	15000	"intercept"	0.74915693
"0.75"	"0.0"	"0.75"	"0.01"	"0.005"	"0.01"	"100000"	"10000"	"200"	"82338700597733013"	20000	"slope"	0.0641093661
"0.75"	"0.0"	"0.75"	"0.01"	"0.005"	"0.01"	"100000"	"10000"	"200"	"82338700597733013"	20000	"intercept"	0.76730807
"0.75"	"0.0"	"0.75"	"0.01"	"0.005"	"0.01"	"100000"	"10000"	"200"	"82338700597733013"	25000	"slope"	0.0738660795
"0.75"	"0.0"	"0.75"	"0.01"	"0.005"	"0.01"	"100000"	"10000"	"200"	"82338700597733013"	25000	"intercept"	0.758211855
"0.75"	"0.0"	"0.75"	"0.01"	"0.005"	"0.01"	"100000"	"10000"	"200"	"82338700597733013"	30000	"slope"	0.1099405395
"0.75"	"0.0"	"0.75"	"0.01"	"0.005"	"0.01"	"100000"	"10000"	"200"	"82338700597733013"	30000	"intercept"	0.73433096
"0.75"	"0.0"	"0.75"	"0.01"	"0.005"	"0.01"	"100000"	"10000"	"200"	"82338700597733013"	35000	"slope"	0.1056253195
"0.75"	"0.0"	"0.75"	"0.01"	"0.005"	"0.01"	"100000"	"10000"	"200"	"82338700597733013"	35000	"intercept"	0.730940385
"0.75"	"0.0"	"0.75"	"0.01"	"0.005"	"0.01"	"100000"	"10000"	"200"	"82338700597733013"	40000	"slope"	0.106276508
"0.75"	"0.0"	"0.75"	"0.01"	"0.005"	"0.01"	"100000"	"10000"	"200"	"82338700597733013"	40000	"intercept"	0.731530125
"0.75"	"0.0"	"0.75"	"0.01"	"0.005"	"0.01"	"100000"	"10000"	"200"	"82338700597733013"	45000	"slope"	0.0930399881
"0.75"	"0.0"	"0.75"	"0.01"	"0.005"	"0.01"	"100000"	"10000"	"200"	"82338700597733013"	45000	"intercept"	0.74141592
"0.75"	"0.0"	"0.75"	"0.01"	"0.005"	"0.01"	"100000"	"10000"	"200"	"82338700597733013"	50000	"slope"	0.0800869158
"0.75"	"0.0"	"0.75"	"0.01"	"0.005"	"0.01"	"100000"	"10000"	"200"	"82338700597733013"	50000	"intercept"	0.75188439
"0.75"	"0.0"	"0.75"	"0.01"	"0.005"	"0.01"	"100000"	"10000"	"200"	"82338700597733013"	55000	"slope"	0.1158624845
"0.75"	"0.0"	"0.75"	"0.01"	"0.005"	"0.01"	"100000"	"10000"	"200"	"82338700597733013"	55000	"intercept"	0.737041995
"0.75"	"0.0"	"0.75"	"0.01"	"0.005"	"0.01"	"100000"	"10000"	"200"	"82338700597733013"	60000	"slope"	0.1090248975
"0.75"	"0.0"	"0.75"	"0.01"	"0.005"	"0.01"	"100000"	"10000"	"200"	"82338700597733013"	60000	"intercept"	0.73631278
"0.75"	"0.0"	"0.75"	"0.01"	"0.005"	"0.01"	"100000"	"10000"	"200"	"82338700597733013"	65000	"slope"	0.07044561315
"0.75"	"0.0"	"0.75"	"0.01"	"0.005"	"0.01"	"100000"	"10000"	"200"	"82338700597733013"	65000	"intercept"	0.76001809
"0.75"	"0.0"	"0.75"	"0.01"	"0.005"	"0.01"	"100000"	"10000"	"200"	"82338700597733013"	70000	"slope"	0.0727902842
"0.75"	"0.0"	"0.75"	"0.01"	"0.005"	"0.01"	"100000"	"10000"	"200"	"82338700597733013"	70000	"intercept"	0.761694915
"0.75"	"0.0"	"0.75"	"0.01"	"0.005"	"0.01"	"100000"	"10000"	"200"	"82338700597733013"	75000	"slope"	0.085444301
"0.75"	"0.0"	"0.75"	"0.01"	"0.005"	"0.01"	"100000"	"10000"	"200"	"82338700597733013"	75000	"intercept"	0.75525649
"0.75"	"0.0"	"0.75"	"0.01"	"0.005"	"0.01"	"100000"	"10000"	"200"	"82338700597733013"	80000	"slope"	0.0887590665
"0.75"	"0.0"	"0.75"	"0.01"	"0.005"	"0.01"	"100000"	"10000"	"200"	"82338700597733013"	80000	"intercept"	0.74443802
"0.75"	"0.0"	"0.75"	"0.01"	"0.005"	"0.01"	"100000"	"10000"	"200"	"82338700597733013"	85000	"slope"	0.078466235
"0.75"	"0.0"	"0.75"	"0.01"	"0.005"	"0.01"	"100000"	"10000"	"200"	"82338700597733013"	85000	"intercept"	0.75179684
"0.75"	"0.0"	"0.75"	"0.01"	"0.005"	"0.01"	"100000"	"10000"	"200"	"82338700597733013"	90000	"slope"	0.132948587
"0.75"	"0.0"	"0.75"	"0.01"	"0.005"	"0.01"	"100000"	"10000"	"200"	"82338700597733013"	90000	"intercept"	0.72491804
"0.75"	"0.0"	"0.75"	"0.01"	"0.005"	"0.01"	"100000"	"10000"	"200"	"82338700597733013"	95000	"slope"	0.11099524
"0.75"	"0.0"	"0.75"	"0.01"	"0.005"	"0.01"	"100000"	"10000"	"200"	"82338700597733013"	95000	"intercept"	0.73342947
"0.75"	"0.0"	"0.75"	"0.01"	"0.005"	"0.01"	"100000"	"10000"	"200"	"82338700597733013"	100000	"slope"	0.0958921075
"0.75"	"0.0"	"0.75"	"0.01"	"0.005"	"0.01"	"100000"	"10000"	"200"	"82338700597733013"	100000	"intercept"	0.74179748
"0.75"	"0.4"	"0.75"	"0.01"	"0.005"	"0.01"	"100000"	"10000"	"200"	"1233572242131262692"	10	"slope"	-0.00014548725
"0.75"	"0.4"	"0.75"	"0.01"	"0.005"	"0.01"	"100000"	"10000"	"200"	"1233572242131262692"	10	"intercept"	0.4998985
"0.75"	"0.4"	"0.75"	"0.01"	"0.005"	"0.01"	"100000"	"10000"	"200"	"1233572242131262692"	5000	"slope"	0.102010146
"0.75"	"0.4"	"0.75"	"0.01"	"0.005"	"0.01"	"100000"	"10000"	"200"	"1233572242131262692"	5000	"intercept"	0.73553608
"0.75"	"0.4"	"0.75"	"0.01"	"0.005"	"0.01"	"100000"	"10000"	"200"	"1233572242131262692"	10000	"slope"	0.083059702
"0.75"	"0.4"	"0.75"	"0.01"	"0.005"	"0.01"	"100000"	"10000"	"200"	"1233572242131262692"	10000	"intercept"	0.74699151
"0.75"	"0.4"	"0.75"	"0.01"	"0.005"	"0.01"	"100000"	"10000"	"200"	"1233572242131262692"	15000	"slope"	0.0861000805
"0.75"	"0.4"	"0.75"	"0.01"	"0.005"	"0.01"	"100000"	"10000"	"200"	"1233572242131262692"	15000	"intercept"	0.74207795
"0.75"	"0.4"	"0.75"	"0.01"	"0.005"	"0.01"	"100000"	"10000"	"200"	"1233572242131262692"	20000	"slope"	0.040448257975
"0.75"	"0.4"	"0.75"	"0.01"	"0.005"	"0.01"	"100000"	"10000"	"200"	"1233572242131262692"	20000	"intercept"	0.77233542
"0.75"	"0.4"	"0.75"	"0.01"	"0.005"	"0.01"	"100000"	"10000"	"200"	"1233572242131262692"	25000	"slope"	0.03920546152
"0.75"	"0.4"	"0.75"	"0.01"	"0.005"	"0.01"	"100000"	"10000"	"200"	"1233572242131262692"	25000	"intercept"	0.768804195
"0.75"	"0.4"	"0.75"	"0.01"	"0.005"	"0.01"	"100000"	"10000"	"200"	"1233572242131262692"	30000	"slope"	0.0228534899255
"0.75"	"0.4"	"0.75"	"0.01"	"0.005"	"0.01"	"100000"	"10000"	"200"	"1233572242131262692"	30000	"intercept"	0.780161355
"0.75"	"0.4"	"0.75"	"0.01"	"0.005"	"0.01"	"100000"	"10000"	"200"	"1233572242131262692"	35000	"slope"	0.022762889615
"0.75"	"0.4"	"0.75"	"0.01"	"0.005"	"0.01"	"100000"	"10000"	"200"	"1233572242131262692"	35000	"intercept"	0.778794115
"0.75"	"0.4"	"0.75"	"0.01"	"0.005"	"0.01"	"100000"	"10000"	"200"	"1233572242131262692"	40000	"slope"	0.00602183661
"0.75"	"0.4"	"0.75"	"0.01"	"0.005"	"0.01"	"100000"	"10000"	"200"	"1233572242131262692"	40000	"intercept"	0.79463995
"0.75"	"0.4"	"0.75"	"0.01"	"0.005"	"0.01"	"100000"	"10000"	"200"	"1233572242131262692"	45000	"slope"	0.0003645236575
"0.75"	"0.4"	"0.75"	"0.01"	"0.005"	"0.01"	"100000"	"10000"	"200"	"1233572242131262692"	45000	"intercept"	0.79678505
"0.75"	"0.4"	"0.75"	"0.01"	"0.005"	"0.01"	"100000"	"10000"	"200"	"1233572242131262692"	50000	"slope"	-0.017738540725
"0.75"	"0.4"	"0.75"	"0.01"	"0.005"	"0.01"	"100000"	"10000"	"200"	"1233572242131262692"	50000	"intercept"	0.80497715
"0.75"	"0.4"	"0.75"	"0.01"	"0.005"	"0.01"	"100000"	"10000"	"200"	"1233572242131262692"	55000	"slope"	-0.031358808725
"0.75"	"0.4"	"0.75"	"0.01"	"0.005"	"0.01"	"100000"	"10000"	"200"	"1233572242131262692"	55000	"intercept"	0.81807982
"0.75"	"0.4"	"0.75"	"0.01"	"0.005"	"0.01"	"100000"	"10000"	"200"	"1233572242131262692"	60000	"slope"	-0.0547721025
"0.75"	"0.4"	"0.75"	"0.01"	"0.005"	"0.01"	"100000"	"10000"	"200"	"1233572242131262692"	60000	"intercept"	0.82380601
"0.75"	"0.4"	"0.75"	"0.01"	"0.005"	"0.01"	"100000"	"10000"	"200"	"1233572242131262692"	65000	"slope"	-0.0187804271
"0.75"	"0.4"	"0.75"	"0.01"	"0.005"	"0.01"	"100000"	"10000"	"200"	"1233572242131262692"	65000	"intercept"	0.80713977
"0.75"	"0.4"	"0.75"	"0.01"	"0.005"	"0.01"	"100000"	"10000"	"200"	"1233572242131262692"	70000	"slope"	-0.021431146
"0.75"	"0.4"	"0.75"	"0.01"	"0.005"	"0.01"	"100000"	"10000"	"200"	"1233572242131262692"	70000	"intercept"	0.80951949
"0.75"	"0.4"	"0.75"	"0.01"	"0.005"	"0.01"	"100000"	"10000"	"200"	"1233572242131262692"	75000	"slope"	-0.00643980074
"0.75"	"0.4"	"0.75"	"0.01"	"0.005"	"0.01"	"100000"	"10000"	"200"	"1233572242131262692"	75000	"intercept"	0.80934493
"0.75"	"0.4"	"0.75"	"0.01"	"0.005"	"0.01"	"100000"	"10000"	"200"	"1233572242131262692"	80000	"slope"	-0.03991838211
"0.75"	"0.4"	"0.75"	"0.01"	"0.005"	"0.01"	"100000"	"10000"	"200"	"1233572242131262692"	80000	"intercept"	0.817988085
"0.75"	"0.4"	"0.75"	"0.01"	"0.005"	"0.01"	"100000"	"10000"	"200"	"1233572242131262692"	85000	"slope"	-0.02438384195
"0.75"	"0.4"	"0.75"	"0.01"	"0.005"	"0.01"	"100000"	"10000"	"200"	"1233572242131262692"	85000	"intercept"	0.802983135
"0.75"	"0.4"	"0.75"	"0.01"	"0.005"	"0.01"	"100000"	"10000"	"200"	"1233572242131262692"	90000	"slope"	0.00168983515
"0.75"	"0.4"	"0.75"	"0.01"	"0.005"	"0.01"	"100000"	"10000"	"200"	"1233572242131262692"	90000	"intercept"	0.80117186
"0.75"	"0.4"	"0.75"	"0.01"	"0.005"	"0.01"	"100000"	"10000"	"200"	"1233572242131262692"	95000	"slope"	0.00191486776
"0.75"	"0.4"	"0.75"	"0.01"	"0.005"	"0.01"	"100000"	"10000"	"200"	"1233572242131262692"	95000	"intercept"	0.786658885
"0.75"	"0.4"	"0.75"	"0.01"	"0.005"	"0.01"	"100000"	"10000"	"200"	"1233572242131262692"	100000	"slope"	0.04246961191
"0.75"	"0.4"	"0.75"	"0.01"	"0.005"	"0.01"	"100000"	"10000"	"200"	"1233572242131262692"	100000	"intercept"	0.777174685
"0.75"	"0.4"	"0.75"	"0.01"	"0.005"	"0.01"	"100000"	"10000"	"200"	"2116348846795711564"	10	"slope"	0.000507234925
"0.75"	"0.4"	"0.75"	"0.01"	"0.005"	"0.01"	"100000"	"10000"	"200"	"2116348846795711564"	10	"intercept"	0.499865375
"0.75"	"0.4"	"0.75"	"0.01"	"0.005"	"0.01"	"100000"	"10000"	"200"	"2116348846795711564"	5000	"slope"	0.06154237615
"0.75"	"0.4"	"0.75"	"0.01"	"0.005"	"0.01"	"100000"	"10000"	"200"	"2116348846795711564"	5000	"intercept"	0.757343795
"0.75"	"0.4"	"0.75"	"0.01"	"0.005"	"0.01"	"100000"	"10000"	"200"	"2116348846795711564"	10000	"slope"	0.06050505845
"0.75"	"0.4"	"0.75"	"0.01"	"0.005"	"0.01"	"100000"	"10000"	"200"	"2116348846795711564"	10000	"intercept"	0.75873938
"0.75"	"0.4"	"0.75"	"0.01"	"0.005"	"0.01"	"100000"	"10000"	"200"	"2116348846795711564"	15000	"slope"	0.006610490135
"0.75"	"0.4"	"0.75"	"0.01"	"0.005"	"0.01"	"100000"	"10000"	"200"	"2116348846795711564"	15000	"intercept"	0.79064774
"0.75"	"0.4"	"0.75"	"0.01"	"0.005"	"0.01"	"100000"	"10000"	"200"	"2116348846795711564"	20000	"slope"	-0.013338034425
"0.75"	"0.4"	"0.75"	"0.01"	"0.005"	"0.01"	"100000"	"10000"	"200"	"2116348846795711564"	20000	"intercept"	0.81424315
"0.75"	"0.4"	"0.75"	"0.01"	"0.005"	"0.01"	"100000"	"10000"	"200"	"2116348846795711564"	25000	"slope"	0.00325767375
"0.75"	"0.4"	"0.75"	"0.01"	"0.005"	"0.01"	"100000"	"10000"	"200"	"2116348846795711564"	25000	"intercept"	0.792800515
"0.75"	"0.4"	"0.75"	"0.01"	"0.005"	"0.01"	"100000"	"10000"	"200"	"2116348846795711564"	30000	"slope"	-0.007236284657
"0.75"	"0.4"	"0.75"	"0.01"	"0.005"	"0.01"	"100000"	"10000"	"200"	"2116348846795711564"	30000	"intercept"	0.797656215
"0.75"	"0.4"	"0.75"	"0.01"	"0.005"	"0.01"	"100000"	"10000"	"200"	"2116348846795711564"	35000	"slope"	-0.012417843375
"0.75"	"0.4"	"0.75"	"0.01"	"0.005"	"0.01"	"100000"	"10000"	"200"	"2116348846795711564"	35000	"intercept"	0.802808995
"0.75"	"0.4"	"0.75"	"0.01"	"0.005"	"0.01"	"100000"	"10000"	"200"	"2116348846795711564"	40000	"slope"	-0.004425083095
"0.75"	"0.4"	"0.75"	"0.01"	"0.005"	"0.01"	"100000"	"10000"	"200"	"2116348846795711564"	40000	"intercept"	0.80751634
"0.75"	"0.4"	"0.75"	"0.01"	"0.005"	"0.01"	"100000"	"10000"	"200"	"2116348846795711564"	45000	"slope"	-0.00694670644
"0.75"	"0.4"	"0.75"	"0.01"	"0.005"	"0.01"	"100000"	"10000"	"200"	"2116348846795711564"	45000	"intercept"	0.804041455
"0.75"	"0.4"	"0.75"	"0.01"	"0.005"	"0.01"	"100000"	"10000"	"200"	"2116348846795711564"	50000	"slope"	0.01814946905
"0.75"	"0.4"	"0.75"	"0.01"	"0.005"	"0.01"	"100000"	"10000"	"200"	"2116348846795711564"	50000	"intercept"	0.782917525
"0.75"	"0.4"	"0.75"	"0.01"	"0.005"	"0.01"	"100000"	"10000"	"200"	"2116348846795711564"	55000	"slope"	0.03450039148
"0.75"	"0.4"	"0.75"	"0.01"	"0.005"	"0.01"	"100000"	"10000"	"200"	"2116348846795711564"	55000	"intercept"	0.77383288
"0.75"	"0.4"	"0.75"	"0.01"	"0.005"	"0.01"	"100000"	"10000"	"200"	"2116348846795711564"	60000	"slope"	0.03844563265
"0.75"	"0.4"	"0.75"	"0.01"	"0.005"	"0.01"	"100000"	"10000"	"200"	"2116348846795711564"	60000	"intercept"	0.77330638
"0.75"	"0.4"	"0.75"	"0.01"	"0.005"	"0.01"	"100000"	"10000"	"200"	"2116348846795711564"	65000	"slope"	0.02357734355
"0.75"	"0.4"	"0.75"	"0.01"	"0.005"	"0.01"	"100000"	"10000"	"200"	"2116348846795711564"	65000	"intercept"	0.78271382
"0.75"	"0.4"	"0.75"	"0.01"	"0.005"	"0.01"	"100000"	"10000"	"200"	"2116348846795711564"	70000	"slope"	0.0468970788
"0.75"	"0.4"	"0.75"	"0.01"	"0.005"	"0.01"	"100000"	"10000"	"200"	"2116348846795711564"	70000	"intercept"	0.77098208
"0.75"	"0.4"	"0.75"	"0.01"	"0.005"	"0.01"	"100000"	"10000"	"200"	"2116348846795711564"	75000	"slope"	-0.007471888465
"0.75"	"0.4"	"0.75"	"0.01"	"0.005"	"0.01"	"100000"	"10000"	"200"	"2116348846795711564"	75000	"intercept"	0.803871965
"0.75"	"0.4"	"0.75"	"0.01"	"0.005"	"0.01"	"100000"	"10000"	"200"	"2116348846795711564"	80000	"slope"	0.00278615515
"0.75"	"0.4"	"0.75"	"0.01"	"0.005"	"0.01"	"100000"	"10000"	"200"	"2116348846795711564"	80000	"intercept"	0.792342365
"0.75"	"0.4"	"0.75"	"0.01"	"0.005"	"0.01"	"100000"	"10000"	"200"	"2116348846795711564"	85000	"slope"	-0.0077686653
"0.75"	"0.4"	"0.75"	"0.01"	"0.005"	"0.01"	"100000"	"10000"	"200"	"2116348846795711564"	85000	"intercept"	0.80225616
"0.75"	"0.4"	"0.75"	"0.01"	"0.005"	"0.01"	"100000"	"10000"	"200"	"2116348846795711564"	90000	"slope"	0.014721977845
"0.75"	"0.4"	"0.75"	"0.01"	"0.005"	"0.01"	"100000"	"10000"	"200"	"2116348846795711564"	90000	"intercept"	0.782167545
"0.75"	"0.4"	"0.75"	"0.01"	"0.005"	"0.01"	"100000"	"10000"	"200"	"2116348846795711564"	95000	"slope"	-0.01910977717
"0.75"	"0.4"	"0.75"	"0.01"	"0.005"	"0.01"	"100000"	"10000"	"200"	"2116348846795711564"	95000	"intercept"	0.80790559
"0.75"	"0.4"	"0.75"	"0.01"	"0.005"	"0.01"	"100000"	"10000"	"200"	"2116348846795711564"	100000	"slope"	0.00594396615
"0.75"	"0.4"	"0.75"	"0.01"	"0.005"	"0.01"	"100000"	"10000"	"200"	"2116348846795711564"	100000	"intercept"	0.79571078
"0.75"	"0.4"	"0.75"	"0.01"	"0.005"	"0.01"	"100000"	"10000"	"200"	"7390632472544773237"	10	"slope"	-0.00011115295
"0.75"	"0.4"	"0.75"	"0.01"	"0.005"	"0.01"	"100000"	"10000"	"200"	"7390632472544773237"	10	"intercept"	0.50021837
"0.75"	"0.4"	"0.75"	"0.01"	"0.005"	"0.01"	"100000"	"10000"	"200"	"7390632472544773237"	5000	"slope"	0.04379113311
"0.75"	"0.4"	"0.75"	"0.01"	"0.005"	"0.01"	"100000"	"10000"	"200"	"7390632472544773237"	5000	"intercept"	0.770662605
"0.75"	"0.4"	"0.75"	"0.01"	"0.005"	"0.01"	"100000"	"10000"	"200"	"7390632472544773237"	10000	"slope"	0.0323431306025
"0.75"	"0.4"	"0.75"	"0.01"	"0.005"	"0.01"	"100000"	"10000"	"200"	"7390632472544773237"	10000	"intercept"	0.782486125
"0.75"	"0.4"	"0.75"	"0.01"	"0.005"	"0.01"	"100000"	"10000"	"200"	"7390632472544773237"	15000	"slope"	0.026285032175
"0.75"	"0.4"	"0.75"	"0.01"	"0.005"	"0.01"	"100000"	"10000"	"200"	"7390632472544773237"	15000	"intercept"	0.78261413
"0.75"	"0.4"	"0.75"	"0.01"	"0.005"	"0.01"	"100000"	"10000"	"200"	"7390632472544773237"	20000	"slope"	-0.008719873375
"0.75"	"0.4"	"0.75"	"0.01"	"0.005"	"0.01"	"100000"	"10000"	"200"	"7390632472544773237"	20000	"intercept"	0.804270765
"0.75"	"0.4"	"0.75"	"0.01"	"0.005"	"0.01"	"100000"	"10000"	"200"	"7390632472544773237"	25000	"slope"	0.01604937015
"0.75"	"0.4"	"0.75"	"0.01"	"0.005"	"0.01"	"100000"	"10000"	"200"	"7390632472544773237"	25000	"intercept"	0.782559845
"0.75"	"0.4"	"0.75"	"0.01"	"0.005"	"0.01"	"100000"	"10000"	"200"	"7390632472544773237"	30000	"slope"	0.0095464059
"0.75"	"0.4"	"0.75"	"0.01"	"0.005"	"0.01"	"100000"	"10000"	"200"	"7390632472544773237"	30000	"intercept"	0.78773082
"0.75"	"0.4"	"0.75"	"0.01"	"0.005"	"0.01"	"100000"	"10000"	"200"	"7390632472544773237"	35000	"slope"	-0.01266148993
"0.75"	"0.4"	"0.75"	"0.01"	"0.005"	"0.01"	"100000"	"10000"	"200"	"7390632472544773237"	35000	"intercept"	0.810770825
"0.75"	"0.4"	"0.75"	"0.01"	"0.005"	"0.01"	"100000"	"10000"	"200"	"7390632472544773237"	40000	"slope"	-0.027442276
"0.75"	"0.4"	"0.75"	"0.01"	"0.005"	"0.01"	"100000"	"10000"	"200"	"7390632472544773237"	40000	"intercept"	0.81349213
"0.75"	"0.4"	"0.75"	"0.01"	"0.005"	"0.01"	"100000"	"10000"	"200"	"7390632472544773237"	45000	"slope"	0.014962775325
"0.75"	"0.4"	"0.75"	"0.01"	"0.005"	"0.01"	"100000"	"10000"	"200"	"7390632472544773237"	45000	"intercept"	0.787119745
"0.75"	"0.4"	"0.75"	"0.01"	"0.005"	"0.01"	"100000"	"10000"	"200"	"7390632472544773237"	50000	"slope"	-0.00805746278
"0.75"	"0.4"	"0.75"	"0.01"	"0.005"	"0.01"	"100000"	"10000"	"200"	"7390632472544773237"	50000	"intercept"	0.805434565
"0.75"	"0.4"	"0.75"	"0.01"	"0.005"	"0.01"	"100000"	"10000"	"200"	"7390632472544773237"	55000	"slope"	-0.0169167778
"0.75"	"0.4"	"0.75"	"0.01"	"0.005"	"0.01"	"100000"	"10000"	"200"	"7390632472544773237"	55000	"intercept"	0.810325715
"0.75"	"0.4"	"0.75"	"0.01"	"0.005"	"0.01"	"100000"	"10000"	"200"	"7390632472544773237"	60000	"slope"	0.00061325345
"0.75"	"0.4"	"0.75"	"0.01"	"0.005"	"0.01"	"100000"	"10000"	"200"	"7390632472544773237"	60000	"intercept"	0.79777226
"0.75"	"0.4"	"0.75"	"0.01"	"0.005"	"0.01"	"100000"	"10000"	"200"	"7390632472544773237"	65000	"slope"	0.027495277675
"0.75"	"0.4"	"0.75"	"0.01"	"0.005"	"0.01"	"100000"	"10000"	"200"	"7390632472544773237"	65000	"intercept"	0.78081686
"0.75"	"0.4"	"0.75"	"0.01"	"0.005"	"0.01"	"100000"	"10000"	"200"	"7390632472544773237"	70000	"slope"	-0.001189395455
"0.75"	"0.4"	"0.75"	"0.01"	"0.005"	"0.01"	"100000"	"10000"	"200"	"7390632472544773237"	70000	"intercept"	0.793375955
"0.75"	"0.4"	"0.75"	"0.01"	"0.005"	"0.01"	"100000"	"10000"	"200"	"7390632472544773237"	75000	"slope"	-0.018691674231
"0.75"	"0.4"	"0.75"	"0.01"	"0.005"	"0.01"	"100000"	"10000"	"200"	"7390632472544773237"	75000	"intercept"	0.81260692
"0.75"	"0.4"	"0.75"	"0.01"	"0.005"	"0.01"	"100000"	"10000"	"200"	"7390632472544773237"	80000	"slope"	0.0014838496
"0.75"	"0.4"	"0.75"	"0.01"	"0.005"	"0.01"	"100000"	"10000"	"200"	"7390632472544773237"	80000	"intercept"	0.794419335
"0.75"	"0.4"	"0.75"	"0.01"	"0.005"	"0.01"	"100000"	"10000"	"200"	"7390632472544773237"	85000	"slope"	-0.00234248695
"0.75"	"0.4"	"0.75"	"0.01"	"0.005"	"0.01"	"100000"	"10000"	"200"	"7390632472544773237"	85000	"intercept"	0.79691112
"0.75"	"0.4"	"0.75"	"0.01"	"0.005"	"0.01"	"100000"	"10000"	"200"	"7390632472544773237"	90000	"slope"	0.02211544623
"0.75"	"0.4"	"0.75"	"0.01"	"0.005"	"0.01"	"100000"	"10000"	"200"	"7390632472544773237"	90000	"intercept"	0.786576035
"0.75"	"0.4"	"0.75"	"0.01"	"0.005"	"0.01"	"100000"	"10000"	"200"	"7390632472544773237"	95000	"slope"	0.00947899429
"0.75"	"0.4"	"0.75"	"0.01"	"0.005"	"0.01"	"100000"	"10000"	"200"	"7390632472544773237"	95000	"intercept"	0.79338598
"0.75"	"0.4"	"0.75"	"0.01"	"0.005"	"0.01"	"100000"	"10000"	"200"	"7390632472544773237"	100000	"slope"	-0.036466010935
"0.75"	"0.4"	"0.75"	"0.01"	"0.005"	"0.01"	"100000"	"10000"	"200"	"7390632472544773237"	100000	"intercept"	0.81827076
"0.75"	"0.6"	"0.75"	"0.01"	"0.005"	"0.01"	"100000"	"10000"	"200"	"1724857916897302545"	10	"slope"	0.00021502125
"0.75"	"0.6"	"0.75"	"0.01"	"0.005"	"0.01"	"100000"	"10000"	"200"	"1724857916897302545"	10	"intercept"	0.50001889
"0.75"	"0.6"	"0.75"	"0.01"	"0.005"	"0.01"	"100000"	"10000"	"200"	"1724857916897302545"	5000	"slope"	0.06683698545
"0.75"	"0.6"	"0.75"	"0.01"	"0.005"	"0.01"	"100000"	"10000"	"200"	"1724857916897302545"	5000	"intercept"	0.73103491
"0.75"	"0.6"	"0.75"	"0.01"	"0.005"	"0.01"	"100000"	"10000"	"200"	"1724857916897302545"	10000	"slope"	-0.0178362375
"0.75"	"0.6"	"0.75"	"0.01"	"0.005"	"0.01"	"100000"	"10000"	"200"	"1724857916897302545"	10000	"intercept"	0.699685675
"0.75"	"0.6"	"0.75"	"0.01"	"0.005"	"0.01"	"100000"	"10000"	"200"	"1724857916897302545"	15000	"slope"	-0.07869498825
"0.75"	"0.6"	"0.75"	"0.01"	"0.005"	"0.01"	"100000"	"10000"	"200"	"1724857916897302545"	15000	"intercept"	0.699744489
"0.75"	"0.6"	"0.75"	"0.01"	"0.005"	"0.01"	"100000"	"10000"	"200"	"1724857916897302545"	20000	"slope"	-0.14230176475
"0.75"	"0.6"	"0.75"	"0.01"	"0.005"	"0.01"	"100000"	"10000"	"200"	"1724857916897302545"	20000	"intercept"	0.636430544
"0.75"	"0.6"	"0.75"	"0.01"	"0.005"	"0.01"	"100000"	"10000"	"200"	"1724857916897302545"	25000	"slope"	-0.146363098
"0.75"	"0.6"	"0.75"	"0.01"	"0.005"	"0.01"	"100000"	"10000"	"200"	"1724857916897302545"	25000	"intercept"	0.596741805
"0.75"	"0.6"	"0.75"	"0.01"	"0.005"	"0.01"	"100000"	"10000"	"200"	"1724857916897302545"	30000	"slope"	-0.138875195945
"0.75"	"0.6"	"0.75"	"0.01"	"0.005"	"0.01"	"100000"	"10000"	"200"	"1724857916897302545"	30000	"intercept"	0.620732765
"0.75"	"0.6"	"0.75"	"0.01"	"0.005"	"0.01"	"100000"	"10000"	"200"	"1724857916897302545"	35000	"slope"	-0.119695725055
"0.75"	"0.6"	"0.75"	"0.01"	"0.005"	"0.01"	"100000"	"10000"	"200"	"1724857916897302545"	35000	"intercept"	0.58612843
"0.75"	"0.6"	"0.75"	"0.01"	"0.005"	"0.01"	"100000"	"10000"	"200"	"1724857916897302545"	40000	"slope"	-0.08079982375
"0.75"	"0.6"	"0.75"	"0.01"	"0.005"	"0.01"	"100000"	"10000"	"200"	"1724857916897302545"	40000	"intercept"	0.608932325
"0.75"	"0.6"	"0.75"	"0.01"	"0.005"	"0.01"	"100000"	"10000"	"200"	"1724857916897302545"	45000	"slope"	-0.14042144275
"0.75"	"0.6"	"0.75"	"0.01"	"0.005"	"0.01"	"100000"	"10000"	"200"	"1724857916897302545"	45000	"intercept"	0.5829799
"0.75"	"0.6"	"0.75"	"0.01"	"0.005"	"0.01"	"100000"	"10000"	"200"	"1724857916897302545"	50000	"slope"	-0.14481689702
"0.75"	"0.6"	"0.75"	"0.01"	"0.005"	"0.01"	"100000"	"10000"	"200"	"1724857916897302545"	50000	"intercept"	0.54971308
"0.75"	"0.6"	"0.75"	"0.01"	"0.005"	"0.01"	"100000"	"10000"	"200"	"1724857916897302545"	55000	"slope"	-0.15742293515
"0.75"	"0.6"	"0.75"	"0.01"	"0.005"	"0.01"	"100000"	"10000"	"200"	"1724857916897302545"	55000	"intercept"	0.577723105
"0.75"	"0.6"	"0.75"	"0.01"	"0.005"	"0.01"	"100000"	"10000"	"200"	"1724857916897302545"	60000	"slope"	-0.1548506366
"0.75"	"0.6"	"0.75"	"0.01"	"0.005"	"0.01"	"100000"	"10000"	"200"	"1724857916897302545"	60000	"intercept"	0.503969815
"0.75"	"0.6"	"0.75"	"0.01"	"0.005"	"0.01"	"100000"	"10000"	"200"	"1724857916897302545"	65000	"slope"	-0.13764188234
"0.75"	"0.6"	"0.75"	"0.01"	"0.005"	"0.01"	"100000"	"10000"	"200"	"1724857916897302545"	65000	"intercept"	0.55629122
"0.75"	"0.6"	"0.75"	"0.01"	"0.005"	"0.01"	"100000"	"10000"	"200"	"1724857916897302545"	70000	"slope"	-0.137964340815
"0.75"	"0.6"	"0.75"	"0.01"	"0.005"	"0.01"	"100000"	"10000"	"200"	"1724857916897302545"	70000	"intercept"	0.65520793
"0.75"	"0.6"	"0.75"	"0.01"	"0.005"	"0.01"	"100000"	"10000"	"200"	"1724857916897302545"	75000	"slope"	-0.08565161195
"0.75"	"0.6"	"0.75"	"0.01"	"0.005"	"0.01"	"100000"	"10000"	"200"	"1724857916897302545"	75000	"intercept"	0.70341914
"0.75"	"0.6"	"0.75"	"0.01"	"0.005"	"0.01"	"100000"	"10000"	"200"	"1724857916897302545"	80000	"slope"	-0.07810538704
"0.75"	"0.6"	"0.75"	"0.01"	"0.005"	"0.01"	"100000"	"10000"	"200"	"1724857916897302545"	80000	"intercept"	0.61536551
"0.75"	"0.6"	"0.75"	"0.01"	"0.005"	"0.01"	"100000"	"10000"	"200"	"1724857916897302545"	85000	"slope"	-0.1294332955
"0.75"	"0.6"	"0.75"	"0.01"	"0.005"	"0.01"	"100000"	"10000"	"200"	"1724857916897302545"	85000	"intercept"	0.451500905
"0.75"	"0.6"	"0.75"	"0.01"	"0.005"	"0.01"	"100000"	"10000"	"200"	"1724857916897302545"	90000	"slope"	-0.1170497631
"0.75"	"0.6"	"0.75"	"0.01"	"0.005"	"0.01"	"100000"	"10000"	"200"	"1724857916897302545"	90000	"intercept"	0.53875419
"0.75"	"0.6"	"0.75"	"0.01"	"0.005"	"0.01"	"100000"	"10000"	"200"	"1724857916897302545"	95000	"slope"	-0.1299577212
"0.75"	"0.6"	"0.75"	"0.01"	"0.005"	"0.01"	"100000"	"10000"	"200"	"1724857916897302545"	95000	"intercept"	0.500402995
"0.75"	"0.6"	"0.75"	"0.01"	"0.005"	"0.01"	"100000"	"10000"	"200"	"1724857916897302545"	100000	"slope"	-0.13209902365
"0.75"	"0.6"	"0.75"	"0.01"	"0.005"	"0.01"	"100000"	"10000"	"200"	"1724857916897302545"	100000	"intercept"	0.50146773
"0.75"	"0.6"	"0.75"	"0.01"	"0.005"	"0.01"	"100000"	"10000"	"200"	"6930644185109650353"	10	"slope"	1.65671e-05
"0.75"	"0.6"	"0.75"	"0.01"	"0.005"	"0.01"	"100000"	"10000"	"200"	"6930644185109650353"	10	"intercept"	0.500140835
"0.75"	"0.6"	"0.75"	"0.01"	"0.005"	"0.01"	"100000"	"10000"	"200"	"6930644185109650353"	5000	"slope"	0.0540606711
"0.75"	"0.6"	"0.75"	"0.01"	"0.005"	"0.01"	"100000"	"10000"	"200"	"6930644185109650353"	5000	"intercept"	0.736871505
"0.75"	"0.6"	"0.75"	"0.01"	"0.005"	"0.01"	"100000"	"10000"	"200"	"6930644185109650353"	10000	"slope"	-0.06040340595
"0.75"	"0.6"	"0.75"	"0.01"	"0.005"	"0.01"	"100000"	"10000"	"200"	"6930644185109650353"	10000	"intercept"	0.703846675
"0.75"	"0.6"	"0.75"	"0.01"	"0.005"	"0.01"	"100000"	"10000"	"200"	"6930644185109650353"	15000	"slope"	-0.117062477775
"0.75"	"0.6"	"0.75"	"0.01"	"0.005"	"0.01"	"100000"	"10000"	"200"	"6930644185109650353"	15000	"intercept"	0.69456391
"0.75"	"0.6"	"0.75"	"0.01"	"0.005"	"0.01"	"100000"	"10000"	"200"	"6930644185109650353"	20000	"slope"	-0.1678926384
"0.75"	"0.6"	"0.75"	"0.01"	"0.005"	"0.01"	"100000"	"10000"	"200"	"6930644185109650353"	20000	"intercept"	0.73938692
"0.75"	"0.6"	"0.75"	"0.01"	"0.005"	"0.01"	"100000"	"10000"	"200"	"6930644185109650353"	25000	"slope"	-0.236494397565
"0.75"	"0.6"	"0.75"	"0.01"	"0.005"	"0.01"	"100000"	"10000"	"200"	"6930644185109650353"	25000	"intercept"	0.721732156
"0.75"	"0.6"	"0.75"	"0.01"	"0.005"	"0.01"	"100000"	"10000"	"200"	"6930644185109650353"	30000	"slope"	-0.251610407875
"0.75"	"0.6"	"0.75"	"0.01"	"0.005"	"0.01"	"100000"	"10000"	"200"	"6930644185109650353"	30000	"intercept"	0.72625625722
"0.75"	"0.6"	"0.75"	"0.01"	"0.005"	"0.01"	"100000"	"10000"	"200"	"6930644185109650353"	35000	"slope"	-0.2541876909405
"0.75"	"0.6"	"0.75"	"0.01"	"0.005"	"0.01"	"100000"	"10000"	"200"	"6930644185109650353"	35000	"intercept"	0.75915534
"0.75"	"0.6"	"0.75"	"0.01"	"0.005"	"0.01"	"100000"	"10000"	"200"	"6930644185109650353"	40000	"slope"	-0.27412788766
"0.75"	"0.6"	"0.75"	"0.01"	"0.005"	"0.01"	"100000"	"10000"	"200"	"6930644185109650353"	40000	"intercept"	0.681280765
"0.75"	"0.6"	"0.75"	"0.01"	"0.005"	"0.01"	"100000"	"10000"	"200"	"6930644185109650353"	45000	"slope"	-0.2652934455
"0.75"	"0.6"	"0.75"	"0.01"	"0.005"	"0.01"	"100000"	"10000"	"200"	"6930644185109650353"	45000	"intercept"	0.703581675
"0.75"	"0.6"	"0.75"	"0.01"	"0.005"	"0.01"	"100000"	"10000"	"200"	"6930644185109650353"	50000	"slope"	-0.205055419941
"0.75"	"0.6"	"0.75"	"0.01"	"0.005"	"0.01"	"100000"	"10000"	"200"	"6930644185109650353"	50000	"intercept"	0.71490689
"0.75"	"0.6"	"0.75"	"0.01"	"0.005"	"0.01"	"100000"	"10000"	"200"	"6930644185109650353"	55000	"slope"	-0.2187036885
"0.75"	"0.6"	"0.75"	"0.01"	"0.005"	"0.01"	"100000"	"10000"	"200"	"6930644185109650353"	55000	"intercept"	0.70406337
"0.75"	"0.6"	"0.75"	"0.01"	"0.005"	"0.01"	"100000"	"10000"	"200"	"6930644185109650353"	60000	"slope"	-0.259313917144
"0.75"	"0.6"	"0.75"	"0.01"	"0.005"	"0.01"	"100000"	"10000"	"200"	"6930644185109650353"	60000	"intercept"	0.53752355
"0.75"	"0.6"	"0.75"	"0.01"	"0.005"	"0.01"	"100000"	"10000"	"200"	"6930644185109650353"	65000	"slope"	-0.2038893212
"0.75"	"0.6"	"0.75"	"0.01"	"0.005"	"0.01"	"100000"	"10000"	"200"	"6930644185109650353"	65000	"intercept"	0.58120705
"0.75"	"0.6"	"0.75"	"0.01"	"0.005"	"0.01"	"100000"	"10000"	"200"	"6930644185109650353"	70000	"slope"	-0.1550913873
"0.75"	"0.6"	"0.75"	"0.01"	"0.005"	"0.01"	"100000"	"10000"	"200"	"6930644185109650353"	70000	"intercept"	0.56877839
"0.75"	"0.6"	"0.75"	"0.01"	"0.005"	"0.01"	"100000"	"10000"	"200"	"6930644185109650353"	75000	"slope"	-0.1263728195
"0.75"	"0.6"	"0.75"	"0.01"	"0.005"	"0.01"	"100000"	"10000"	"200"	"6930644185109650353"	75000	"intercept"	0.52635904
"0.75"	"0.6"	"0.75"	"0.01"	"0.005"	"0.01"	"100000"	"10000"	"200"	"6930644185109650353"	80000	"slope"	-0.11578338235
"0.75"	"0.6"	"0.75"	"0.01"	"0.005"	"0.01"	"100000"	"10000"	"200"	"6930644185109650353"	80000	"intercept"	0.627094685
"0.75"	"0.6"	"0.75"	"0.01"	"0.005"	"0.01"	"100000"	"10000"	"200"	"6930644185109650353"	85000	"slope"	-0.1711097485
"0.75"	"0.6"	"0.75"	"0.01"	"0.005"	"0.01"	"100000"	"10000"	"200"	"6930644185109650353"	85000	"intercept"	0.502738265
"0.75"	"0.6"	"0.75"	"0.01"	"0.005"	"0.01"	"100000"	"10000"	"200"	"6930644185109650353"	90000	"slope"	-0.09398057385
"0.75"	"0.6"	"0.75"	"0.01"	"0.005"	"0.01"	"100000"	"10000"	"200"	"6930644185109650353"	90000	"intercept"	0.635408575
"0.75"	"0.6"	"0.75"	"0.01"	"0.005"	"0.01"	"100000"	"10000"	"200"	"6930644185109650353"	95000	"slope"	-0.0663376505
"0.75"	"0.6"	"0.75"	"0.01"	"0.005"	"0.01"	"100000"	"10000"	"200"	"6930644185109650353"	95000	"intercept"	0.59506531
"0.75"	"0.6"	"0.75"	"0.01"	"0.005"	"0.01"	"100000"	"10000"	"200"	"6930644185109650353"	100000	"slope"	-0.084401324239
"0.75"	"0.6"	"0.75"	"0.01"	"0.005"	"0.01"	"100000"	"10000"	"200"	"6930644185109650353"	100000	"intercept"	0.529789955
"0.75"	"0.6"	"0.75"	"0.01"	"0.005"	"0.01"	"100000"	"10000"	"200"	"7884232155558920278"	10	"slope"	-4.7260535e-05
"0.75"	"0.6"	"0.75"	"0.01"	"0.005"	"0.01"	"100000"	"10000"	"200"	"7884232155558920278"	10	"intercept"	0.500153415
"0.75"	"0.6"	"0.75"	"0.01"	"0.005"	"0.01"	"100000"	"10000"	"200"	"7884232155558920278"	5000	"slope"	0.158319408
"0.75"	"0.6"	"0.75"	"0.01"	"0.005"	"0.01"	"100000"	"10000"	"200"	"7884232155558920278"	5000	"intercept"	0.63589104
"0.75"	"0.6"	"0.75"	"0.01"	"0.005"	"0.01"	"100000"	"10000"	"200"	"7884232155558920278"	10000	"slope"	0.06546392815
"0.75"	"0.6"	"0.75"	"0.01"	"0.005"	"0.01"	"100000"	"10000"	"200"	"7884232155558920278"	10000	"intercept"	0.597005085
"0.75"	"0.6"	"0.75"	"0.01"	"0.005"	"0.01"	"100000"	"10000"	"200"	"7884232155558920278"	15000	"slope"	0.0521958245
"0.75"	"0.6"	"0.75"	"0.01"	"0.005"	"0.01"	"100000"	"10000"	"200"	"7884232155558920278"	15000	"intercept"	0.619671002375
"0.75"	"0.6"	"0.75"	"0.01"	"0.005"	"0.01"	"100000"	"10000"	"200"	"7884232155558920278"	20000	"slope"	-0.017568376045
"0.75"	"0.6"	"0.75"	"0.01"	"0.005"	"0.01"	"100000"	"10000"	"200"	"7884232155558920278"	20000	"intercept"	0.687031966
"0.75"	"0.6"	"0.75"	"0.01"	"0.005"	"0.01"	"100000"	"10000"	"200"	"7884232155558920278"	25000	"slope"	-0.0620895785
"0.75"	"0.6"	"0.75"	"0.01"	"0.005"	"0.01"	"100000"	"10000"	"200"	"7884232155558920278"	25000	"intercept"	0.5815885
"0.75"	"0.6"	"0.75"	"0.01"	"0.005"	"0.01"	"100000"	"10000"	"200"	"7884232155558920278"	30000	"slope"	-0.07260666167
"0.75"	"0.6"	"0.75"	"0.01"	"0.005"	"0.01"	"100000"	"10000"	"200"	"7884232155558920278"	30000	"intercept"	0.546907905
"0.75"	"0.6"	"0.75"	"0.01"	"0.005"	"0.01"	"100000"	"10000"	"200"	"7884232155558920278"	35000	"slope"	-0.07930598407
"0.75"	"0.6"	"0.75"	"0.01"	"0.005"	"0.01"	"100000"	"10000"	"200"	"7884232155558920278"	35000	"intercept"	0.56194203
"0.75"	"0.6"	"0.75"	"0.01"	"0.005"	"0.01"	"100000"	"10000"	"200"	"7884232155558920278"	40000	"slope"	-0.072211860295
"0.75"	"0.6"	"0.75"	"0.01"	"0.005"	"0.01"	"100000"	"10000"	"200"	"7884232155558920278"	40000	"intercept"	0.574758775
"0.75"	"0.6"	"0.75"	"0.01"	"0.005"	"0.01"	"100000"	"10000"	"200"	"7884232155558920278"	45000	"slope"	-0.058294102315
"0.75"	"0.6"	"0.75"	"0.01"	"0.005"	"0.01"	"100000"	"10000"	"200"	"7884232155558920278"	45000	"intercept"	0.549401625
"0.75"	"0.6"	"0.75"	"0.01"	"0.005"	"0.01"	"100000"	"10000"	"200"	"7884232155558920278"	50000	"slope"	0.029479283058
"0.75"	"0.6"	"0.75"	"0.01"	"0.005"	"0.01"	"100000"	"10000"	"200"	"7884232155558920278"	50000	"intercept"	0.633230725
"0.75"	"0.6"	"0.75"	"0.01"	"0.005"	"0.01"	"100000"	"10000"	"200"	"7884232155558920278"	55000	"slope"	-0.03697796354
"0.75"	"0.6"	"0.75"	"0.01"	"0.005"	"0.01"	"100000"	"10000"	"200"	"7884232155558920278"	55000	"intercept"	0.535015735
"0.75"	"0.6"	"0.75"	"0.01"	"0.005"	"0.01"	"100000"	"10000"	"200"	"7884232155558920278"	60000	"slope"	-0.04050172011
"0.75"	"0.6"	"0.75"	"0.01"	"0.005"	"0.01"	"100000"	"10000"	"200"	"7884232155558920278"	60000	"intercept"	0.582929045
"0.75"	"0.6"	"0.75"	"0.01"	"0.005"	"0.01"	"100000"	"10000"	"200"	"7884232155558920278"	65000	"slope"	-0.042904231975
"0.75"	"0.6"	"0.75"	"0.01"	"0.005"	"0.01"	"100000"	"10000"	"200"	"7884232155558920278"	65000	"intercept"	0.48190409
"0.75"	"0.6"	"0.75"	"0.01"	"0.005"	"0.01"	"100000"	"10000"	"200"	"7884232155558920278"	70000	"slope"	-0.0346277857
"0.75"	"0.6"	"0.75"	"0.01"	"0.005"	"0.01"	"100000"	"10000"	"200"	"7884232155558920278"	70000	"intercept"	0.69388395
"0.75"	"0.6"	"0.75"	"0.01"	"0.005"	"0.01"	"100000"	"10000"	"200"	"7884232155558920278"	75000	"slope"	-0.01247702075
"0.75"	"0.6"	"0.75"	"0.01"	"0.005"	"0.01"	"100000"	"10000"	"200"	"7884232155558920278"	75000	"intercept"	0.601278855
"0.75"	"0.6"	"0.75"	"0.01"	"0.005"	"0.01"	"100000"	"10000"	"200"	"7884232155558920278"	80000	"slope"	0.0128651725
"0.75"	"0.6"	"0.75"	"0.01"	"0.005"	"0.01"	"100000"	"10000"	"200"	"7884232155558920278"	80000	"intercept"	0.56482966
"0.75"	"0.6"	"0.75"	"0.01"	"0.005"	"0.01"	"100000"	"10000"	"200"	"7884232155558920278"	85000	"slope"	-0.0271898515
"0.75"	"0.6"	"0.75"	"0.01"	"0.005"	"0.01"	"100000"	"10000"	"200"	"7884232155558920278"	85000	"intercept"	0.432311895
"0.75"	"0.6"	"0.75"	"0.01"	"0.005"	"0.01"	"100000"	"10000"	"200"	"7884232155558920278"	90000	"slope"	-0.0152851962
"0.75"	"0.6"	"0.75"	"0.01"	"0.005"	"0.01"	"100000"	"10000"	"200"	"7884232155558920278"	90000	"intercept"	0.475845305
"0.75"	"0.6"	"0.75"	"0.01"	"0.005"	"0.01"	"100000"	"10000"	"200"	"7884232155558920278"	95000	"slope"	-0.00577883018
"0.75"	"0.6"	"0.75"	"0.01"	"0.005"	"0.01"	"100000"	"10000"	"200"	"7884232155558920278"	95000	"intercept"	0.545679835
"0.75"	"0.6"	"0.75"	"0.01"	"0.005"	"0.01"	"100000"	"10000"	"200"	"7884232155558920278"	100000	"slope"	0.01477269147
"0.75"	"0.6"	"0.75"	"0.01"	"0.005"	"0.01"	"100000"	"10000"	"200"	"7884232155558920278"	100000	"intercept"	0.595667025
"0.75"	"0.8"	"0.75"	"0.01"	"0.005"	"0.01"	"100000"	"10000"	"200"	"2809431491390120899"	10	"slope"	0.00021365336
"0.75"	"0.8"	"0.75"	"0.01"	"0.005"	"0.01"	"100000"	"10000"	"200"	"2809431491390120899"	10	"intercept"	0.50007547
"0.75"	"0.8"	"0.75"	"0.01"	"0.005"	"0.01"	"100000"	"10000"	"200"	"2809431491390120899"	5000	"slope"	0.03624253
"0.75"	"0.8"	"0.75"	"0.01"	"0.005"	"0.01"	"100000"	"10000"	"200"	"2809431491390120899"	5000	"intercept"	0.63799057
"0.75"	"0.8"	"0.75"	"0.01"	"0.005"	"0.01"	"100000"	"10000"	"200"	"2809431491390120899"	10000	"slope"	-0.1185539895
"0.75"	"0.8"	"0.75"	"0.01"	"0.005"	"0.01"	"100000"	"10000"	"200"	"2809431491390120899"	10000	"intercept"	0.6546384835
"0.75"	"0.8"	"0.75"	"0.01"	"0.005"	"0.01"	"100000"	"10000"	"200"	"2809431491390120899"	15000	"slope"	-0.12806236454
"0.75"	"0.8"	"0.75"	"0.01"	"0.005"	"0.01"	"100000"	"10000"	"200"	"2809431491390120899"	15000	"intercept"	0.684094495
"0.75"	"0.8"	"0.75"	"0.01"	"0.005"	"0.01"	"100000"	"10000"	"200"	"2809431491390120899"	20000	"slope"	-0.13767013613
"0.75"	"0.8"	"0.75"	"0.01"	"0.005"	"0.01"	"100000"	"10000"	"200"	"2809431491390120899"	20000	"intercept"	0.59901593
"0.75"	"0.8"	"0.75"	"0.01"	"0.005"	"0.01"	"100000"	"10000"	"200"	"2809431491390120899"	25000	"slope"	-0.1252891631
"0.75"	"0.8"	"0.75"	"0.01"	"0.005"	"0.01"	"100000"	"10000"	"200"	"2809431491390120899"	25000	"intercept"	0.51676949
"0.75"	"0.8"	"0.75"	"0.01"	"0.005"	"0.01"	"100000"	"10000"	"200"	"2809431491390120899"	30000	"slope"	-0.07292227485
"0.75"	"0.8"	"0.75"	"0.01"	"0.005"	"0.01"	"100000"	"10000"	"200"	"2809431491390120899"	30000	"intercept"	0.62682188
"0.75"	"0.8"	"0.75"	"0.01"	"0.005"	"0.01"	"100000"	"10000"	"200"	"2809431491390120899"	35000	"slope"	-0.108143299
"0.75"	"0.8"	"0.75"	"0.01"	"0.005"	"0.01"	"100000"	"10000"	"200"	"2809431491390120899"	35000	"intercept"	0.513478375
"0.75"	"0.8"	"0.75"	"0.01"	"0.005"	"0.01"	"100000"	"10000"	"200"	"2809431491390120899"	40000	"slope"	-0.013388612265
"0.75"	"0.8"	"0.75"	"0.01"	"0.005"	"0.01"	"100000"	"10000"	"200"	"2809431491390120899"	40000	"intercept"	0.57033765
"0.75"	"0.8"	"0.75"	"0.01"	"0.005"	"0.01"	"100000"	"10000"	"200"	"2809431491390120899"	45000	"slope"	-0.0335063545
"0.75"	"0.8"	"0.75"	"0.01"	"0.005"	"0.01"	"100000"	"10000"	"200"	"2809431491390120899"	45000	"intercept"	0.46732817
"0.75"	"0.8"	"0.75"	"0.01"	"0.005"	"0.01"	"100000"	"10000"	"200"	"2809431491390120899"	50000	"slope"	0.004331311
"0.75"	"0.8"	"0.75"	"0.01"	"0.005"	"0.01"	"100000"	"10000"	"200"	"2809431491390120899"	50000	"intercept"	0.611393255
"0.75"	"0.8"	"0.75"	"0.01"	"0.005"	"0.01"	"100000"	"10000"	"200"	"2809431491390120899"	55000	"slope"	0.058190455
"0.75"	"0.8"	"0.75"	"0.01"	"0.005"	"0.01"	"100000"	"10000"	"200"	"2809431491390120899"	55000	"intercept"	0.715011465
"0.75"	"0.8"	"0.75"	"0.01"	"0.005"	"0.01"	"100000"	"10000"	"200"	"2809431491390120899"	60000	"slope"	0.0246141495
"0.75"	"0.8"	"0.75"	"0.01"	"0.005"	"0.01"	"100000"	"10000"	"200"	"2809431491390120899"	60000	"intercept"	0.483035615
"0.75"	"0.8"	"0.75"	"0.01"	"0.005"	"0.01"	"100000"	"10000"	"200"	"2809431491390120899"	65000	"slope"	0.017003051
"0.75"	"0.8"	"0.75"	"0.01"	"0.005"	"0.01"	"100000"	"10000"	"200"	"2809431491390120899"	65000	"intercept"	0.48203804
"0.75"	"0.8"	"0.75"	"0.01"	"0.005"	"0.01"	"100000"	"10000"	"200"	"2809431491390120899"	70000	"slope"	-0.072570673
"0.75"	"0.8"	"0.75"	"0.01"	"0.005"	"0.01"	"100000"	"10000"	"200"	"2809431491390120899"	70000	"intercept"	0.45366675
"0.75"	"0.8"	"0.75"	"0.01"	"0.005"	"0.01"	"100000"	"10000"	"200"	"2809431491390120899"	75000	"slope"	0.043864035955
"0.75"	"0.8"	"0.75"	"0.01"	"0.005"	"0.01"	"100000"	"10000"	"200"	"2809431491390120899"	75000	"intercept"	0.7409897
"0.75"	"0.8"	"0.75"	"0.01"	"0.005"	"0.01"	"100000"	"10000"	"200"	"2809431491390120899"	80000	"slope"	0.02694596095
"0.75"	"0.8"	"0.75"	"0.01"	"0.005"	"0.01"	"100000"	"10000"	"200"	"2809431491390120899"	80000	"intercept"	0.608338165
"0.75"	"0.8"	"0.75"	"0.01"	"0.005"	"0.01"	"100000"	"10000"	"200"	"2809431491390120899"	85000	"slope"	-0.00347385745
"0.75"	"0.8"	"0.75"	"0.01"	"0.005"	"0.01"	"100000"	"10000"	"200"	"2809431491390120899"	85000	"intercept"	0.566064125
"0.75"	"0.8"	"0.75"	"0.01"	"0.005"	"0.01"	"100000"	"10000"	"200"	"2809431491390120899"	90000	"slope"	-0.054276116
"0.75"	"0.8"	"0.75"	"0.01"	"0.005"	"0.01"	"100000"	"10000"	"200"	"2809431491390120899"	90000	"intercept"	0.4109633
"0.75"	"0.8"	"0.75"	"0.01"	"0.005"	"0.01"	"100000"	"10000"	"200"	"2809431491390120899"	95000	"slope"	-0.0050026985
"0.75"	"0.8"	"0.75"	"0.01"	"0.005"	"0.01"	"100000"	"10000"	"200"	"2809431491390120899"	95000	"intercept"	0.47589495
"0.75"	"0.8"	"0.75"	"0.01"	"0.005"	"0.01"	"100000"	"10000"	"200"	"2809431491390120899"	100000	"slope"	-0.03955245385
"0.75"	"0.8"	"0.75"	"0.01"	"0.005"	"0.01"	"100000"	"10000"	"200"	"2809431491390120899"	100000	"intercept"	0.4928456
"0.75"	"0.8"	"0.75"	"0.01"	"0.005"	"0.01"	"100000"	"10000"	"200"	"4267976411889167843"	10	"slope"	-0.0001768975
"0.75"	"0.8"	"0.75"	"0.01"	"0.005"	"0.01"	"100000"	"10000"	"200"	"4267976411889167843"	10	"intercept"	0.500178395
"0.75"	"0.8"	"0.75"	"0.01"	"0.005"	"0.01"	"100000"	"10000"	"200"	"4267976411889167843"	5000	"slope"	-0.03884986515
"0.75"	"0.8"	"0.75"	"0.01"	"0.005"	"0.01"	"100000"	"10000"	"200"	"4267976411889167843"	5000	"intercept"	0.71930803
"0.75"	"0.8"	"0.75"	"0.01"	"0.005"	"0.01"	"100000"	"10000"	"200"	"4267976411889167843"	10000	"slope"	-0.111103021515
"0.75"	"0.8"	"0.75"	"0.01"	"0.005"	"0.01"	"100000"	"10000"	"200"	"4267976411889167843"	10000	"intercept"	0.67622908
"0.75"	"0.8"	"0.75"	"0.01"	"0.005"	"0.01"	"100000"	"10000"	"200"	"4267976411889167843"	15000	"slope"	-0.137345303895
"0.75"	"0.8"	"0.75"	"0.01"	"0.005"	"0.01"	"100000"	"10000"	"200"	"4267976411889167843"	15000	"intercept"	0.56322472
"0.75"	"0.8"	"0.75"	"0.01"	"0.005"	"0.01"	"100000"	"10000"	"200"	"4267976411889167843"	20000	"slope"	-0.0853449719
"0.75"	"0.8"	"0.75"	"0.01"	"0.005"	"0.01"	"100000"	"10000"	"200"	"4267976411889167843"	20000	"intercept"	0.656072345
"0.75"	"0.8"	"0.75"	"0.01"	"0.005"	"0.01"	"100000"	"10000"	"200"	"4267976411889167843"	25000	"slope"	-0.0735438498
"0.75"	"0.8"	"0.75"	"0.01"	"0.005"	"0.01"	"100000"	"10000"	"200"	"4267976411889167843"	25000	"intercept"	0.62394801
"0.75"	"0.8"	"0.75"	"0.01"	"0.005"	"0.01"	"100000"	"10000"	"200"	"4267976411889167843"	30000	"slope"	-0.094461475355
"0.75"	"0.8"	"0.75"	"0.01"	"0.005"	"0.01"	"100000"	"10000"	"200"	"4267976411889167843"	30000	"intercept"	0.506728535
"0.75"	"0.8"	"0.75"	"0.01"	"0.005"	"0.01"	"100000"	"10000"	"200"	"4267976411889167843"	35000	"slope"	-0.0516403776
"0.75"	"0.8"	"0.75"	"0.01"	"0.005"	"0.01"	"100000"	"10000"	"200"	"4267976411889167843"	35000	"intercept"	0.585231605
"0.75"	"0.8"	"0.75"	"0.01"	"0.005"	"0.01"	"100000"	"10000"	"200"	"4267976411889167843"	40000	"slope"	-0.0689475455
"0.75"	"0.8"	"0.75"	"0.01"	"0.005"	"0.01"	"100000"	"10000"	"200"	"4267976411889167843"	40000	"intercept"	0.470807515
"0.75"	"0.8"	"0.75"	"0.01"	"0.005"	"0.01"	"100000"	"10000"	"200"	"4267976411889167843"	45000	"slope"	-0.0092790255
"0.75"	"0.8"	"0.75"	"0.01"	"0.005"	"0.01"	"100000"	"10000"	"200"	"4267976411889167843"	45000	"intercept"	0.524436645
"0.75"	"0.8"	"0.75"	"0.01"	"0.005"	"0.01"	"100000"	"10000"	"200"	"4267976411889167843"	50000	"slope"	0.001875068
"0.75"	"0.8"	"0.75"	"0.01"	"0.005"	"0.01"	"100000"	"10000"	"200"	"4267976411889167843"	50000	"intercept"	0.53783634
"0.75"	"0.8"	"0.75"	"0.01"	"0.005"	"0.01"	"100000"	"10000"	"200"	"4267976411889167843"	55000	"slope"	-0.05338913475
"0.75"	"0.8"	"0.75"	"0.01"	"0.005"	"0.01"	"100000"	"10000"	"200"	"4267976411889167843"	55000	"intercept"	0.524157335
"0.75"	"0.8"	"0.75"	"0.01"	"0.005"	"0.01"	"100000"	"10000"	"200"	"4267976411889167843"	60000	"slope"	-0.06311370031
"0.75"	"0.8"	"0.75"	"0.01"	"0.005"	"0.01"	"100000"	"10000"	"200"	"4267976411889167843"	60000	"intercept"	0.534526125
"0.75"	"0.8"	"0.75"	"0.01"	"0.005"	"0.01"	"100000"	"10000"	"200"	"4267976411889167843"	65000	"slope"	0.0120000445
"0.75"	"0.8"	"0.75"	"0.01"	"0.005"	"0.01"	"100000"	"10000"	"200"	"4267976411889167843"	65000	"intercept"	0.599840655
"0.75"	"0.8"	"0.75"	"0.01"	"0.005"	"0.01"	"100000"	"10000"	"200"	"4267976411889167843"	70000	"slope"	-0.0061384855
"0.75"	"0.8"	"0.75"	"0.01"	"0.005"	"0.01"	"100000"	"10000"	"200"	"4267976411889167843"	70000	"intercept"	0.50284202
"0.75"	"0.8"	"0.75"	"0.01"	"0.005"	"0.01"	"100000"	"10000"	"200"	"4267976411889167843"	75000	"slope"	0.0596794455
"0.75"	"0.8"	"0.75"	"0.01"	"0.005"	"0.01"	"100000"	"10000"	"200"	"4267976411889167843"	75000	"intercept"	0.54410564
"0.75"	"0.8"	"0.75"	"0.01"	"0.005"	"0.01"	"100000"	"10000"	"200"	"4267976411889167843"	80000	"slope"	-0.002719205
"0.75"	"0.8"	"0.75"	"0.01"	"0.005"	"0.01"	"100000"	"10000"	"200"	"4267976411889167843"	80000	"intercept"	0.488079275
"0.75"	"0.8"	"0.75"	"0.01"	"0.005"	"0.01"	"100000"	"10000"	"200"	"4267976411889167843"	85000	"slope"	0.00721609
"0.75"	"0.8"	"0.75"	"0.01"	"0.005"	"0.01"	"100000"	"10000"	"200"	"4267976411889167843"	85000	"intercept"	0.571758915
"0.75"	"0.8"	"0.75"	"0.01"	"0.005"	"0.01"	"100000"	"10000"	"200"	"4267976411889167843"	90000	"slope"	-0.0328787105
"0.75"	"0.8"	"0.75"	"0.01"	"0.005"	"0.01"	"100000"	"10000"	"200"	"4267976411889167843"	90000	"intercept"	0.578849815
"0.75"	"0.8"	"0.75"	"0.01"	"0.005"	"0.01"	"100000"	"10000"	"200"	"4267976411889167843"	95000	"slope"	0.0108667895
"0.75"	"0.8"	"0.75"	"0.01"	"0.005"	"0.01"	"100000"	"10000"	"200"	"4267976411889167843"	95000	"intercept"	0.49639267
"0.75"	"0.8"	"0.75"	"0.01"	"0.005"	"0.01"	"100000"	"10000"	"200"	"4267976411889167843"	100000	"slope"	-0.034350673
"0.75"	"0.8"	"0.75"	"0.01"	"0.005"	"0.01"	"100000"	"10000"	"200"	"4267976411889167843"	100000	"intercept"	0.50020555
"0.75"	"0.8"	"0.75"	"0.01"	"0.005"	"0.01"	"100000"	"10000"	"200"	"5174093975632159185"	10	"slope"	2.26573e-05
"0.75"	"0.8"	"0.75"	"0.01"	"0.005"	"0.01"	"100000"	"10000"	"200"	"5174093975632159185"	10	"intercept"	0.49972919
"0.75"	"0.8"	"0.75"	"0.01"	"0.005"	"0.01"	"100000"	"10000"	"200"	"5174093975632159185"	5000	"slope"	0.049006478
"0.75"	"0.8"	"0.75"	"0.01"	"0.005"	"0.01"	"100000"	"10000"	"200"	"5174093975632159185"	5000	"intercept"	0.67711098
"0.75"	"0.8"	"0.75"	"0.01"	"0.005"	"0.01"	"100000"	"10000"	"200"	"5174093975632159185"	10000	"slope"	-0.07399090989
"0.75"	"0.8"	"0.75"	"0.01"	"0.005"	"0.01"	"100000"	"10000"	"200"	"5174093975632159185"	10000	"intercept"	0.6440273055
"0.75"	"0.8"	"0.75"	"0.01"	"0.005"	"0.01"	"100000"	"10000"	"200"	"5174093975632159185"	15000	"slope"	-0.12370119024
"0.75"	"0.8"	"0.75"	"0.01"	"0.005"	"0.01"	"100000"	"10000"	"200"	"5174093975632159185"	15000	"intercept"	0.6282529
"0.75"	"0.8"	"0.75"	"0.01"	"0.005"	"0.01"	"100000"	"10000"	"200"	"5174093975632159185"	20000	"slope"	-0.06845998633
"0.75"	"0.8"	"0.75"	"0.01"	"0.005"	"0.01"	"100000"	"10000"	"200"	"5174093975632159185"	20000	"intercept"	0.623366295
"0.75"	"0.8"	"0.75"	"0.01"	"0.005"	"0.01"	"100000"	"10000"	"200"	"5174093975632159185"	25000	"slope"	-0.053230998565
"0.75"	"0.8"	"0.75"	"0.01"	"0.005"	"0.01"	"100000"	"10000"	"200"	"5174093975632159185"	25000	"intercept"	0.577262765
"0.75"	"0.8"	"0.75"	"0.01"	"0.005"	"0.01"	"100000"	"10000"	"200"	"5174093975632159185"	30000	"slope"	-0.045025137
"0.75"	"0.8"	"0.75"	"0.01"	"0.005"	"0.01"	"100000"	"10000"	"200"	"5174093975632159185"	30000	"intercept"	0.53242289
"0.75"	"0.8"	"0.75"	"0.01"	"0.005"	"0.01"	"100000"	"10000"	"200"	"5174093975632159185"	35000	"slope"	-0.05125339122
"0.75"	"0.8"	"0.75"	"0.01"	"0.005"	"0.01"	"100000"	"10000"	"200"	"5174093975632159185"	35000	"intercept"	0.566213815
"0.75"	"0.8"	"0.75"	"0.01"	"0.005"	"0.01"	"100000"	"10000"	"200"	"5174093975632159185"	40000	"slope"	-0.0313551605
"0.75"	"0.8"	"0.75"	"0.01"	"0.005"	"0.01"	"100000"	"10000"	"200"	"5174093975632159185"	40000	"intercept"	0.490411435
"0.75"	"0.8"	"0.75"	"0.01"	"0.005"	"0.01"	"100000"	"10000"	"200"	"5174093975632159185"	45000	"slope"	-0.08190114645
"0.75"	"0.8"	"0.75"	"0.01"	"0.005"	"0.01"	"100000"	"10000"	"200"	"5174093975632159185"	45000	"intercept"	0.537084165
"0.75"	"0.8"	"0.75"	"0.01"	"0.005"	"0.01"	"100000"	"10000"	"200"	"5174093975632159185"	50000	"slope"	-0.0901091419
"0.75"	"0.8"	"0.75"	"0.01"	"0.005"	"0.01"	"100000"	"10000"	"200"	"5174093975632159185"	50000	"intercept"	0.58984468
"0.75"	"0.8"	"0.75"	"0.01"	"0.005"	"0.01"	"100000"	"10000"	"200"	"5174093975632159185"	55000	"slope"	-0.118130326885
"0.75"	"0.8"	"0.75"	"0.01"	"0.005"	"0.01"	"100000"	"10000"	"200"	"5174093975632159185"	55000	"intercept"	0.516746745
"0.75"	"0.8"	"0.75"	"0.01"	"0.005"	"0.01"	"100000"	"10000"	"200"	"5174093975632159185"	60000	"slope"	-0.1181434063
"0.75"	"0.8"	"0.75"	"0.01"	"0.005"	"0.01"	"100000"	"10000"	"200"	"5174093975632159185"	60000	"intercept"	0.5604351
"0.75"	"0.8"	"0.75"	"0.01"	"0.005"	"0.01"	"100000"	"10000"	"200"	"5174093975632159185"	65000	"slope"	-0.1345528389
"0.75"	"0.8"	"0.75"	"0.01"	"0.005"	"0.01"	"100000"	"10000"	"200"	"5174093975632159185"	65000	"intercept"	0.66186865
"0.75"	"0.8"	"0.75"	"0.01"	"0.005"	"0.01"	"100000"	"10000"	"200"	"5174093975632159185"	70000	"slope"	-0.06258219515
"0.75"	"0.8"	"0.75"	"0.01"	"0.005"	"0.01"	"100000"	"10000"	"200"	"5174093975632159185"	70000	"intercept"	0.51897605
"0.75"	"0.8"	"0.75"	"0.01"	"0.005"	"0.01"	"100000"	"10000"	"200"	"5174093975632159185"	75000	"slope"	-0.02300252042
"0.75"	"0.8"	"0.75"	"0.01"	"0.005"	"0.01"	"100000"	"10000"	"200"	"5174093975632159185"	75000	"intercept"	0.5856897
"0.75"	"0.8"	"0.75"	"0.01"	"0.005"	"0.01"	"100000"	"10000"	"200"	"5174093975632159185"	80000	"slope"	-0.0250623337
"0.75"	"0.8"	"0.75"	"0.01"	"0.005"	"0.01"	"100000"	"10000"	"200"	"5174093975632159185"	80000	"intercept"	0.5952674
"0.75"	"0.8"	"0.75"	"0.01"	"0.005"	"0.01"	"100000"	"10000"	"200"	"5174093975632159185"	85000	"slope"	-0.01142031705
"0.75"	"0.8"	"0.75"	"0.01"	"0.005"	"0.01"	"100000"	"10000"	"200"	"5174093975632159185"	85000	"intercept"	0.5509495
"0.75"	"0.8"	"0.75"	"0.01"	"0.005"	"0.01"	"100000"	"10000"	"200"	"5174093975632159185"	90000	"slope"	-0.0220984951
"0.75"	"0.8"	"0.75"	"0.01"	"0.005"	"0.01"	"100000"	"10000"	"200"	"5174093975632159185"	90000	"intercept"	0.612502875
"0.75"	"0.8"	"0.75"	"0.01"	"0.005"	"0.01"	"100000"	"10000"	"200"	"5174093975632159185"	95000	"slope"	-0.017638550935
"0.75"	"0.8"	"0.75"	"0.01"	"0.005"	"0.01"	"100000"	"10000"	"200"	"5174093975632159185"	95000	"intercept"	0.68955895
"0.75"	"0.8"	"0.75"	"0.01"	"0.005"	"0.01"	"100000"	"10000"	"200"	"5174093975632159185"	100000	"slope"	-0.002245392205
"0.75"	"0.8"	"0.75"	"0.01"	"0.005"	"0.01"	"100000"	"10000"	"200"	"5174093975632159185"	100000	"intercept"	0.5310463
"0.85"	"0.0"	"0.75"	"0.01"	"0.005"	"0.01"	"100000"	"10000"	"200"	"1762326842919173330"	10	"slope"	-3.703429e-05
"0.85"	"0.0"	"0.75"	"0.01"	"0.005"	"0.01"	"100000"	"10000"	"200"	"1762326842919173330"	10	"intercept"	0.50010833
"0.85"	"0.0"	"0.75"	"0.01"	"0.005"	"0.01"	"100000"	"10000"	"200"	"1762326842919173330"	5000	"slope"	0.11100137
"0.85"	"0.0"	"0.75"	"0.01"	"0.005"	"0.01"	"100000"	"10000"	"200"	"1762326842919173330"	5000	"intercept"	0.79212111
"0.85"	"0.0"	"0.75"	"0.01"	"0.005"	"0.01"	"100000"	"10000"	"200"	"1762326842919173330"	10000	"slope"	0.0817473845
"0.85"	"0.0"	"0.75"	"0.01"	"0.005"	"0.01"	"100000"	"10000"	"200"	"1762326842919173330"	10000	"intercept"	0.81482847
"0.85"	"0.0"	"0.75"	"0.01"	"0.005"	"0.01"	"100000"	"10000"	"200"	"1762326842919173330"	15000	"slope"	0.0763029225
"0.85"	"0.0"	"0.75"	"0.01"	"0.005"	"0.01"	"100000"	"10000"	"200"	"1762326842919173330"	15000	"intercept"	0.82226118
"0.85"	"0.0"	"0.75"	"0.01"	"0.005"	"0.01"	"100000"	"10000"	"200"	"1762326842919173330"	20000	"slope"	0.097722461
"0.85"	"0.0"	"0.75"	"0.01"	"0.005"	"0.01"	"100000"	"10000"	"200"	"1762326842919173330"	20000	"intercept"	0.80118815
"0.85"	"0.0"	"0.75"	"0.01"	"0.005"	"0.01"	"100000"	"10000"	"200"	"1762326842919173330"	25000	"slope"	0.0950411945
"0.85"	"0.0"	"0.75"	"0.01"	"0.005"	"0.01"	"100000"	"10000"	"200"	"1762326842919173330"	25000	"intercept"	0.80574382
"0.85"	"0.0"	"0.75"	"0.01"	"0.005"	"0.01"	"100000"	"10000"	"200"	"1762326842919173330"	30000	"slope"	0.073190412
"0.85"	"0.0"	"0.75"	"0.01"	"0.005"	"0.01"	"100000"	"10000"	"200"	"1762326842919173330"	30000	"intercept"	0.82360434
"0.85"	"0.0"	"0.75"	"0.01"	"0.005"	"0.01"	"100000"	"10000"	"200"	"1762326842919173330"	35000	"slope"	0.0822151295
"0.85"	"0.0"	"0.75"	"0.01"	"0.005"	"0.01"	"100000"	"10000"	"200"	"1762326842919173330"	35000	"intercept"	0.8172335
"0.85"	"0.0"	"0.75"	"0.01"	"0.005"	"0.01"	"100000"	"10000"	"200"	"1762326842919173330"	40000	"slope"	0.088073121
"0.85"	"0.0"	"0.75"	"0.01"	"0.005"	"0.01"	"100000"	"10000"	"200"	"1762326842919173330"	40000	"intercept"	0.813596565
"0.85"	"0.0"	"0.75"	"0.01"	"0.005"	"0.01"	"100000"	"10000"	"200"	"1762326842919173330"	45000	"slope"	0.095160794
"0.85"	"0.0"	"0.75"	"0.01"	"0.005"	"0.01"	"100000"	"10000"	"200"	"1762326842919173330"	45000	"intercept"	0.813246005
"0.85"	"0.0"	"0.75"	"0.01"	"0.005"	"0.01"	"100000"	"10000"	"200"	"1762326842919173330"	50000	"slope"	0.0902718785
"0.85"	"0.0"	"0.75"	"0.01"	"0.005"	"0.01"	"100000"	"10000"	"200"	"1762326842919173330"	50000	"intercept"	0.813841105
"0.85"	"0.0"	"0.75"	"0.01"	"0.005"	"0.01"	"100000"	"10000"	"200"	"1762326842919173330"	55000	"slope"	0.06349698922
"0.85"	"0.0"	"0.75"	"0.01"	"0.005"	"0.01"	"100000"	"10000"	"200"	"1762326842919173330"	55000	"intercept"	0.83010917
"0.85"	"0.0"	"0.75"	"0.01"	"0.005"	"0.01"	"100000"	"10000"	"200"	"1762326842919173330"	60000	"slope"	0.0830795375
"0.85"	"0.0"	"0.75"	"0.01"	"0.005"	"0.01"	"100000"	"10000"	"200"	"1762326842919173330"	60000	"intercept"	0.8142524
"0.85"	"0.0"	"0.75"	"0.01"	"0.005"	"0.01"	"100000"	"10000"	"200"	"1762326842919173330"	65000	"slope"	0.0723001775
"0.85"	"0.0"	"0.75"	"0.01"	"0.005"	"0.01"	"100000"	"10000"	"200"	"1762326842919173330"	65000	"intercept"	0.827427085
"0.85"	"0.0"	"0.75"	"0.01"	"0.005"	"0.01"	"100000"	"10000"	"200"	"1762326842919173330"	70000	"slope"	0.084011475
"0.85"	"0.0"	"0.75"	"0.01"	"0.005"	"0.01"	"100000"	"10000"	"200"	"1762326842919173330"	70000	"intercept"	0.81529262
"0.85"	"0.0"	"0.75"	"0.01"	"0.005"	"0.01"	"100000"	"10000"	"200"	"1762326842919173330"	75000	"slope"	0.0741739655
"0.85"	"0.0"	"0.75"	"0.01"	"0.005"	"0.01"	"100000"	"10000"	"200"	"1762326842919173330"	75000	"intercept"	0.82465718
"0.85"	"0.0"	"0.75"	"0.01"	"0.005"	"0.01"	"100000"	"10000"	"200"	"1762326842919173330"	80000	"slope"	0.0720517617
"0.85"	"0.0"	"0.75"	"0.01"	"0.005"	"0.01"	"100000"	"10000"	"200"	"1762326842919173330"	80000	"intercept"	0.82318601
"0.85"	"0.0"	"0.75"	"0.01"	"0.005"	"0.01"	"100000"	"10000"	"200"	"1762326842919173330"	85000	"slope"	0.05450327825
"0.85"	"0.0"	"0.75"	"0.01"	"0.005"	"0.01"	"100000"	"10000"	"200"	"1762326842919173330"	85000	"intercept"	0.835182865
"0.85"	"0.0"	"0.75"	"0.01"	"0.005"	"0.01"	"100000"	"10000"	"200"	"1762326842919173330"	90000	"slope"	0.06132547695
"0.85"	"0.0"	"0.75"	"0.01"	"0.005"	"0.01"	"100000"	"10000"	"200"	"1762326842919173330"	90000	"intercept"	0.83303609
"0.85"	"0.0"	"0.75"	"0.01"	"0.005"	"0.01"	"100000"	"10000"	"200"	"1762326842919173330"	95000	"slope"	0.08030872875
"0.85"	"0.0"	"0.75"	"0.01"	"0.005"	"0.01"	"100000"	"10000"	"200"	"1762326842919173330"	95000	"intercept"	0.81885865
"0.85"	"0.0"	"0.75"	"0.01"	"0.005"	"0.01"	"100000"	"10000"	"200"	"1762326842919173330"	100000	"slope"	0.057708100135
"0.85"	"0.0"	"0.75"	"0.01"	"0.005"	"0.01"	"100000"	"10000"	"200"	"1762326842919173330"	100000	"intercept"	0.833624835
"0.85"	"0.0"	"0.75"	"0.01"	"0.005"	"0.01"	"100000"	"10000"	"200"	"4397679304575580985"	10	"slope"	-5.98709e-05
"0.85"	"0.0"	"0.75"	"0.01"	"0.005"	"0.01"	"100000"	"10000"	"200"	"4397679304575580985"	10	"intercept"	0.500205705
"0.85"	"0.0"	"0.75"	"0.01"	"0.005"	"0.01"	"100000"	"10000"	"200"	"4397679304575580985"	5000	"slope"	0.1036432225
"0.85"	"0.0"	"0.75"	"0.01"	"0.005"	"0.01"	"100000"	"10000"	"200"	"4397679304575580985"	5000	"intercept"	0.804220875
"0.85"	"0.0"	"0.75"	"0.01"	"0.005"	"0.01"	"100000"	"10000"	"200"	"4397679304575580985"	10000	"slope"	0.081107503
"0.85"	"0.0"	"0.75"	"0.01"	"0.005"	"0.01"	"100000"	"10000"	"200"	"4397679304575580985"	10000	"intercept"	0.817040655
"0.85"	"0.0"	"0.75"	"0.01"	"0.005"	"0.01"	"100000"	"10000"	"200"	"4397679304575580985"	15000	"slope"	0.084969279
"0.85"	"0.0"	"0.75"	"0.01"	"0.005"	"0.01"	"100000"	"10000"	"200"	"4397679304575580985"	15000	"intercept"	0.812043885
"0.85"	"0.0"	"0.75"	"0.01"	"0.005"	"0.01"	"100000"	"10000"	"200"	"4397679304575580985"	20000	"slope"	0.0720049065
"0.85"	"0.0"	"0.75"	"0.01"	"0.005"	"0.01"	"100000"	"10000"	"200"	"4397679304575580985"	20000	"intercept"	0.828072495
"0.85"	"0.0"	"0.75"	"0.01"	"0.005"	"0.01"	"100000"	"10000"	"200"	"4397679304575580985"	25000	"slope"	0.0903675595
"0.85"	"0.0"	"0.75"	"0.01"	"0.005"	"0.01"	"100000"	"10000"	"200"	"4397679304575580985"	25000	"intercept"	0.81276778
"0.85"	"0.0"	"0.75"	"0.01"	"0.005"	"0.01"	"100000"	"10000"	"200"	"4397679304575580985"	30000	"slope"	0.067624558225
"0.85"	"0.0"	"0.75"	"0.01"	"0.005"	"0.01"	"100000"	"10000"	"200"	"4397679304575580985"	30000	"intercept"	0.82796638
"0.85"	"0.0"	"0.75"	"0.01"	"0.005"	"0.01"	"100000"	"10000"	"200"	"4397679304575580985"	35000	"slope"	0.08374936394
"0.85"	"0.0"	"0.75"	"0.01"	"0.005"	"0.01"	"100000"	"10000"	"200"	"4397679304575580985"	35000	"intercept"	0.82051437
"0.85"	"0.0"	"0.75"	"0.01"	"0.005"	"0.01"	"100000"	"10000"	"200"	"4397679304575580985"	40000	"slope"	0.070818623
"0.85"	"0.0"	"0.75"	"0.01"	"0.005"	"0.01"	"100000"	"10000"	"200"	"4397679304575580985"	40000	"intercept"	0.82709802
"0.85"	"0.0"	"0.75"	"0.01"	"0.005"	"0.01"	"100000"	"10000"	"200"	"4397679304575580985"	45000	"slope"	0.07751209895
"0.85"	"0.0"	"0.75"	"0.01"	"0.005"	"0.01"	"100000"	"10000"	"200"	"4397679304575580985"	45000	"intercept"	0.82917869
"0.85"	"0.0"	"0.75"	"0.01"	"0.005"	"0.01"	"100000"	"10000"	"200"	"4397679304575580985"	50000	"slope"	0.0770333794
"0.85"	"0.0"	"0.75"	"0.01"	"0.005"	"0.01"	"100000"	"10000"	"200"	"4397679304575580985"	50000	"intercept"	0.817762815
"0.85"	"0.0"	"0.75"	"0.01"	"0.005"	"0.01"	"100000"	"10000"	"200"	"4397679304575580985"	55000	"slope"	0.0673257439
"0.85"	"0.0"	"0.75"	"0.01"	"0.005"	"0.01"	"100000"	"10000"	"200"	"4397679304575580985"	55000	"intercept"	0.82870495
"0.85"	"0.0"	"0.75"	"0.01"	"0.005"	"0.01"	"100000"	"10000"	"200"	"4397679304575580985"	60000	"slope"	0.0728152943
"0.85"	"0.0"	"0.75"	"0.01"	"0.005"	"0.01"	"100000"	"10000"	"200"	"4397679304575580985"	60000	"intercept"	0.825163065
"0.85"	"0.0"	"0.75"	"0.01"	"0.005"	"0.01"	"100000"	"10000"	"200"	"4397679304575580985"	65000	"slope"	0.080208951
"0.85"	"0.0"	"0.75"	"0.01"	"0.005"	"0.01"	"100000"	"10000"	"200"	"4397679304575580985"	65000	"intercept"	0.825325225
"0.85"	"0.0"	"0.75"	"0.01"	"0.005"	"0.01"	"100000"	"10000"	"200"	"4397679304575580985"	70000	"slope"	0.0617011387
"0.85"	"0.0"	"0.75"	"0.01"	"0.005"	"0.01"	"100000"	"10000"	"200"	"4397679304575580985"	70000	"intercept"	0.834903605
"0.85"	"0.0"	"0.75"	"0.01"	"0.005"	"0.01"	"100000"	"10000"	"200"	"4397679304575580985"	75000	"slope"	0.08136961445
"0.85"	"0.0"	"0.75"	"0.01"	"0.005"	"0.01"	"100000"	"10000"	"200"	"4397679304575580985"	75000	"intercept"	0.81672467
"0.85"	"0.0"	"0.75"	"0.01"	"0.005"	"0.01"	"100000"	"10000"	"200"	"4397679304575580985"	80000	"slope"	0.0749245785
"0.85"	"0.0"	"0.75"	"0.01"	"0.005"	"0.01"	"100000"	"10000"	"200"	"4397679304575580985"	80000	"intercept"	0.82484208
"0.85"	"0.0"	"0.75"	"0.01"	"0.005"	"0.01"	"100000"	"10000"	"200"	"4397679304575580985"	85000	"slope"	0.07003941345
"0.85"	"0.0"	"0.75"	"0.01"	"0.005"	"0.01"	"100000"	"10000"	"200"	"4397679304575580985"	85000	"intercept"	0.82464048
"0.85"	"0.0"	"0.75"	"0.01"	"0.005"	"0.01"	"100000"	"10000"	"200"	"4397679304575580985"	90000	"slope"	0.06914506875
"0.85"	"0.0"	"0.75"	"0.01"	"0.005"	"0.01"	"100000"	"10000"	"200"	"4397679304575580985"	90000	"intercept"	0.82319335
"0.85"	"0.0"	"0.75"	"0.01"	"0.005"	"0.01"	"100000"	"10000"	"200"	"4397679304575580985"	95000	"slope"	0.085189246
"0.85"	"0.0"	"0.75"	"0.01"	"0.005"	"0.01"	"100000"	"10000"	"200"	"4397679304575580985"	95000	"intercept"	0.81299376
"0.85"	"0.0"	"0.75"	"0.01"	"0.005"	"0.01"	"100000"	"10000"	"200"	"4397679304575580985"	100000	"slope"	0.095682794
"0.85"	"0.0"	"0.75"	"0.01"	"0.005"	"0.01"	"100000"	"10000"	"200"	"4397679304575580985"	100000	"intercept"	0.809846415
"0.85"	"0.0"	"0.75"	"0.01"	"0.005"	"0.01"	"100000"	"10000"	"200"	"7827422421216355571"	10	"slope"	4.5324955e-05
"0.85"	"0.0"	"0.75"	"0.01"	"0.005"	"0.01"	"100000"	"10000"	"200"	"7827422421216355571"	10	"intercept"	0.49985234
"0.85"	"0.0"	"0.75"	"0.01"	"0.005"	"0.01"	"100000"	"10000"	"200"	"7827422421216355571"	5000	"slope"	0.1455781575
"0.85"	"0.0"	"0.75"	"0.01"	"0.005"	"0.01"	"100000"	"10000"	"200"	"7827422421216355571"	5000	"intercept"	0.77376285
"0.85"	"0.0"	"0.75"	"0.01"	"0.005"	"0.01"	"100000"	"10000"	"200"	"7827422421216355571"	10000	"slope"	0.113906643
"0.85"	"0.0"	"0.75"	"0.01"	"0.005"	"0.01"	"100000"	"10000"	"200"	"7827422421216355571"	10000	"intercept"	0.7967626
"0.85"	"0.0"	"0.75"	"0.01"	"0.005"	"0.01"	"100000"	"10000"	"200"	"7827422421216355571"	15000	"slope"	0.085941171
"0.85"	"0.0"	"0.75"	"0.01"	"0.005"	"0.01"	"100000"	"10000"	"200"	"7827422421216355571"	15000	"intercept"	0.81496661
"0.85"	"0.0"	"0.75"	"0.01"	"0.005"	"0.01"	"100000"	"10000"	"200"	"7827422421216355571"	20000	"slope"	0.061012312515
"0.85"	"0.0"	"0.75"	"0.01"	"0.005"	"0.01"	"100000"	"10000"	"200"	"7827422421216355571"	20000	"intercept"	0.834725915
"0.85"	"0.0"	"0.75"	"0.01"	"0.005"	"0.01"	"100000"	"10000"	"200"	"7827422421216355571"	25000	"slope"	0.0773344655
"0.85"	"0.0"	"0.75"	"0.01"	"0.005"	"0.01"	"100000"	"10000"	"200"	"7827422421216355571"	25000	"intercept"	0.822202715
"0.85"	"0.0"	"0.75"	"0.01"	"0.005"	"0.01"	"100000"	"10000"	"200"	"7827422421216355571"	30000	"slope"	0.111455383
"0.85"	"0.0"	"0.75"	"0.01"	"0.005"	"0.01"	"100000"	"10000"	"200"	"7827422421216355571"	30000	"intercept"	0.79813441
"0.85"	"0.0"	"0.75"	"0.01"	"0.005"	"0.01"	"100000"	"10000"	"200"	"7827422421216355571"	35000	"slope"	0.093281687
"0.85"	"0.0"	"0.75"	"0.01"	"0.005"	"0.01"	"100000"	"10000"	"200"	"7827422421216355571"	35000	"intercept"	0.81038655
"0.85"	"0.0"	"0.75"	"0.01"	"0.005"	"0.01"	"100000"	"10000"	"200"	"7827422421216355571"	40000	"slope"	0.0751769132
"0.85"	"0.0"	"0.75"	"0.01"	"0.005"	"0.01"	"100000"	"10000"	"200"	"7827422421216355571"	40000	"intercept"	0.81942679
"0.85"	"0.0"	"0.75"	"0.01"	"0.005"	"0.01"	"100000"	"10000"	"200"	"7827422421216355571"	45000	"slope"	0.078030597
"0.85"	"0.0"	"0.75"	"0.01"	"0.005"	"0.01"	"100000"	"10000"	"200"	"7827422421216355571"	45000	"intercept"	0.81994087
"0.85"	"0.0"	"0.75"	"0.01"	"0.005"	"0.01"	"100000"	"10000"	"200"	"7827422421216355571"	50000	"slope"	0.081949115
"0.85"	"0.0"	"0.75"	"0.01"	"0.005"	"0.01"	"100000"	"10000"	"200"	"7827422421216355571"	50000	"intercept"	0.816943305
"0.85"	"0.0"	"0.75"	"0.01"	"0.005"	"0.01"	"100000"	"10000"	"200"	"7827422421216355571"	55000	"slope"	0.0845485431
"0.85"	"0.0"	"0.75"	"0.01"	"0.005"	"0.01"	"100000"	"10000"	"200"	"7827422421216355571"	55000	"intercept"	0.812741245
"0.85"	"0.0"	"0.75"	"0.01"	"0.005"	"0.01"	"100000"	"10000"	"200"	"7827422421216355571"	60000	"slope"	0.084732172
"0.85"	"0.0"	"0.75"	"0.01"	"0.005"	"0.01"	"100000"	"10000"	"200"	"7827422421216355571"	60000	"intercept"	0.8176394
"0.85"	"0.0"	"0.75"	"0.01"	"0.005"	"0.01"	"100000"	"10000"	"200"	"7827422421216355571"	65000	"slope"	0.0866593131
"0.85"	"0.0"	"0.75"	"0.01"	"0.005"	"0.01"	"100000"	"10000"	"200"	"7827422421216355571"	65000	"intercept"	0.81776846
"0.85"	"0.0"	"0.75"	"0.01"	"0.005"	"0.01"	"100000"	"10000"	"200"	"7827422421216355571"	70000	"slope"	0.087222036
"0.85"	"0.0"	"0.75"	"0.01"	"0.005"	"0.01"	"100000"	"10000"	"200"	"7827422421216355571"	70000	"intercept"	0.81111278
"0.85"	"0.0"	"0.75"	"0.01"	"0.005"	"0.01"	"100000"	"10000"	"200"	"7827422421216355571"	75000	"slope"	0.08626598685
"0.85"	"0.0"	"0.75"	"0.01"	"0.005"	"0.01"	"100000"	"10000"	"200"	"7827422421216355571"	75000	"intercept"	0.818155495
"0.85"	"0.0"	"0.75"	"0.01"	"0.005"	"0.01"	"100000"	"10000"	"200"	"7827422421216355571"	80000	"slope"	0.1024941695
"0.85"	"0.0"	"0.75"	"0.01"	"0.005"	"0.01"	"100000"	"10000"	"200"	"7827422421216355571"	80000	"intercept"	0.805968065
"0.85"	"0.0"	"0.75"	"0.01"	"0.005"	"0.01"	"100000"	"10000"	"200"	"7827422421216355571"	85000	"slope"	0.082080157
"0.85"	"0.0"	"0.75"	"0.01"	"0.005"	"0.01"	"100000"	"10000"	"200"	"7827422421216355571"	85000	"intercept"	0.819714495
"0.85"	"0.0"	"0.75"	"0.01"	"0.005"	"0.01"	"100000"	"10000"	"200"	"7827422421216355571"	90000	"slope"	0.0926084705
"0.85"	"0.0"	"0.75"	"0.01"	"0.005"	"0.01"	"100000"	"10000"	"200"	"7827422421216355571"	90000	"intercept"	0.807508005
"0.85"	"0.0"	"0.75"	"0.01"	"0.005"	"0.01"	"100000"	"10000"	"200"	"7827422421216355571"	95000	"slope"	0.0814083345
"0.85"	"0.0"	"0.75"	"0.01"	"0.005"	"0.01"	"100000"	"10000"	"200"	"7827422421216355571"	95000	"intercept"	0.821077585
"0.85"	"0.0"	"0.75"	"0.01"	"0.005"	"0.01"	"100000"	"10000"	"200"	"7827422421216355571"	100000	"slope"	0.08080290405
"0.85"	"0.0"	"0.75"	"0.01"	"0.005"	"0.01"	"100000"	"10000"	"200"	"7827422421216355571"	100000	"intercept"	0.820660075
"0.85"	"0.4"	"0.75"	"0.01"	"0.005"	"0.01"	"100000"	"10000"	"200"	"3450298980992560049"	10	"slope"	0.00010894065
"0.85"	"0.4"	"0.75"	"0.01"	"0.005"	"0.01"	"100000"	"10000"	"200"	"3450298980992560049"	10	"intercept"	0.500043305
"0.85"	"0.4"	"0.75"	"0.01"	"0.005"	"0.01"	"100000"	"10000"	"200"	"3450298980992560049"	5000	"slope"	0.1309051875
"0.85"	"0.4"	"0.75"	"0.01"	"0.005"	"0.01"	"100000"	"10000"	"200"	"3450298980992560049"	5000	"intercept"	0.781255335
"0.85"	"0.4"	"0.75"	"0.01"	"0.005"	"0.01"	"100000"	"10000"	"200"	"3450298980992560049"	10000	"slope"	0.078405025
"0.85"	"0.4"	"0.75"	"0.01"	"0.005"	"0.01"	"100000"	"10000"	"200"	"3450298980992560049"	10000	"intercept"	0.813535415
"0.85"	"0.4"	"0.75"	"0.01"	"0.005"	"0.01"	"100000"	"10000"	"200"	"3450298980992560049"	15000	"slope"	0.06269811095
"0.85"	"0.4"	"0.75"	"0.01"	"0.005"	"0.01"	"100000"	"10000"	"200"	"3450298980992560049"	15000	"intercept"	0.825759085
"0.85"	"0.4"	"0.75"	"0.01"	"0.005"	"0.01"	"100000"	"10000"	"200"	"3450298980992560049"	20000	"slope"	0.045415968
"0.85"	"0.4"	"0.75"	"0.01"	"0.005"	"0.01"	"100000"	"10000"	"200"	"3450298980992560049"	20000	"intercept"	0.841093555
"0.85"	"0.4"	"0.75"	"0.01"	"0.005"	"0.01"	"100000"	"10000"	"200"	"3450298980992560049"	25000	"slope"	0.030387311575
"0.85"	"0.4"	"0.75"	"0.01"	"0.005"	"0.01"	"100000"	"10000"	"200"	"3450298980992560049"	25000	"intercept"	0.844028965
"0.85"	"0.4"	"0.75"	"0.01"	"0.005"	"0.01"	"100000"	"10000"	"200"	"3450298980992560049"	30000	"slope"	0.01664801524
"0.85"	"0.4"	"0.75"	"0.01"	"0.005"	"0.01"	"100000"	"10000"	"200"	"3450298980992560049"	30000	"intercept"	0.85392653
"0.85"	"0.4"	"0.75"	"0.01"	"0.005"	"0.01"	"100000"	"10000"	"200"	"3450298980992560049"	35000	"slope"	0.034813460505
"0.85"	"0.4"	"0.75"	"0.01"	"0.005"	"0.01"	"100000"	"10000"	"200"	"3450298980992560049"	35000	"intercept"	0.847673685
"0.85"	"0.4"	"0.75"	"0.01"	"0.005"	"0.01"	"100000"	"10000"	"200"	"3450298980992560049"	40000	"slope"	-0.000300679565
"0.85"	"0.4"	"0.75"	"0.01"	"0.005"	"0.01"	"100000"	"10000"	"200"	"3450298980992560049"	40000	"intercept"	0.866231555
"0.85"	"0.4"	"0.75"	"0.01"	"0.005"	"0.01"	"100000"	"10000"	"200"	"3450298980992560049"	45000	"slope"	0.01876323097
"0.85"	"0.4"	"0.75"	"0.01"	"0.005"	"0.01"	"100000"	"10000"	"200"	"3450298980992560049"	45000	"intercept"	0.85254729
"0.85"	"0.4"	"0.75"	"0.01"	"0.005"	"0.01"	"100000"	"10000"	"200"	"3450298980992560049"	50000	"slope"	0.0030130005675
"0.85"	"0.4"	"0.75"	"0.01"	"0.005"	"0.01"	"100000"	"10000"	"200"	"3450298980992560049"	50000	"intercept"	0.864379185
"0.85"	"0.4"	"0.75"	"0.01"	"0.005"	"0.01"	"100000"	"10000"	"200"	"3450298980992560049"	55000	"slope"	0.02424505303
"0.85"	"0.4"	"0.75"	"0.01"	"0.005"	"0.01"	"100000"	"10000"	"200"	"3450298980992560049"	55000	"intercept"	0.850017735
"0.85"	"0.4"	"0.75"	"0.01"	"0.005"	"0.01"	"100000"	"10000"	"200"	"3450298980992560049"	60000	"slope"	0.02946131055
"0.85"	"0.4"	"0.75"	"0.01"	"0.005"	"0.01"	"100000"	"10000"	"200"	"3450298980992560049"	60000	"intercept"	0.84883831
"0.85"	"0.4"	"0.75"	"0.01"	"0.005"	"0.01"	"100000"	"10000"	"200"	"3450298980992560049"	65000	"slope"	0.028563730985
"0.85"	"0.4"	"0.75"	"0.01"	"0.005"	"0.01"	"100000"	"10000"	"200"	"3450298980992560049"	65000	"intercept"	0.843492145
"0.85"	"0.4"	"0.75"	"0.01"	"0.005"	"0.01"	"100000"	"10000"	"200"	"3450298980992560049"	70000	"slope"	0.00169212393
"0.85"	"0.4"	"0.75"	"0.01"	"0.005"	"0.01"	"100000"	"10000"	"200"	"3450298980992560049"	70000	"intercept"	0.86474976
"0.85"	"0.4"	"0.75"	"0.01"	"0.005"	"0.01"	"100000"	"10000"	"200"	"3450298980992560049"	75000	"slope"	-0.01287871227
"0.85"	"0.4"	"0.75"	"0.01"	"0.005"	"0.01"	"100000"	"10000"	"200"	"3450298980992560049"	75000	"intercept"	0.87403968
"0.85"	"0.4"	"0.75"	"0.01"	"0.005"	"0.01"	"100000"	"10000"	"200"	"3450298980992560049"	80000	"slope"	0.02362849106
"0.85"	"0.4"	"0.75"	"0.01"	"0.005"	"0.01"	"100000"	"10000"	"200"	"3450298980992560049"	80000	"intercept"	0.854123535
"0.85"	"0.4"	"0.75"	"0.01"	"0.005"	"0.01"	"100000"	"10000"	"200"	"3450298980992560049"	85000	"slope"	0.034494881325
"0.85"	"0.4"	"0.75"	"0.01"	"0.005"	"0.01"	"100000"	"10000"	"200"	"3450298980992560049"	85000	"intercept"	0.843453205
"0.85"	"0.4"	"0.75"	"0.01"	"0.005"	"0.01"	"100000"	"10000"	"200"	"3450298980992560049"	90000	"slope"	0.0234490930255
"0.85"	"0.4"	"0.75"	"0.01"	"0.005"	"0.01"	"100000"	"10000"	"200"	"3450298980992560049"	90000	"intercept"	0.851707485
"0.85"	"0.4"	"0.75"	"0.01"	"0.005"	"0.01"	"100000"	"10000"	"200"	"3450298980992560049"	95000	"slope"	0.02486454833
"0.85"	"0.4"	"0.75"	"0.01"	"0.005"	"0.01"	"100000"	"10000"	"200"	"3450298980992560049"	95000	"intercept"	0.85309074
"0.85"	"0.4"	"0.75"	"0.01"	"0.005"	"0.01"	"100000"	"10000"	"200"	"3450298980992560049"	100000	"slope"	0.041862286975
"0.85"	"0.4"	"0.75"	"0.01"	"0.005"	"0.01"	"100000"	"10000"	"200"	"3450298980992560049"	100000	"intercept"	0.847381275
"0.85"	"0.4"	"0.75"	"0.01"	"0.005"	"0.01"	"100000"	"10000"	"200"	"7721891758171363995"	10	"slope"	-2.508015e-05
"0.85"	"0.4"	"0.75"	"0.01"	"0.005"	"0.01"	"100000"	"10000"	"200"	"7721891758171363995"	10	"intercept"	0.499977785
"0.85"	"0.4"	"0.75"	"0.01"	"0.005"	"0.01"	"100000"	"10000"	"200"	"7721891758171363995"	5000	"slope"	0.102636786
"0.85"	"0.4"	"0.75"	"0.01"	"0.005"	"0.01"	"100000"	"10000"	"200"	"7721891758171363995"	5000	"intercept"	0.800880625
"0.85"	"0.4"	"0.75"	"0.01"	"0.005"	"0.01"	"100000"	"10000"	"200"	"7721891758171363995"	10000	"slope"	0.03717585525
"0.85"	"0.4"	"0.75"	"0.01"	"0.005"	"0.01"	"100000"	"10000"	"200"	"7721891758171363995"	10000	"intercept"	0.846436375
"0.85"	"0.4"	"0.75"	"0.01"	"0.005"	"0.01"	"100000"	"10000"	"200"	"7721891758171363995"	15000	"slope"	0.036483626515
"0.85"	"0.4"	"0.75"	"0.01"	"0.005"	"0.01"	"100000"	"10000"	"200"	"7721891758171363995"	15000	"intercept"	0.83945799
"0.85"	"0.4"	"0.75"	"0.01"	"0.005"	"0.01"	"100000"	"10000"	"200"	"7721891758171363995"	20000	"slope"	0.029303479825
"0.85"	"0.4"	"0.75"	"0.01"	"0.005"	"0.01"	"100000"	"10000"	"200"	"7721891758171363995"	20000	"intercept"	0.85007214
"0.85"	"0.4"	"0.75"	"0.01"	"0.005"	"0.01"	"100000"	"10000"	"200"	"7721891758171363995"	25000	"slope"	0.03427062041
"0.85"	"0.4"	"0.75"	"0.01"	"0.005"	"0.01"	"100000"	"10000"	"200"	"7721891758171363995"	25000	"intercept"	0.84517136
"0.85"	"0.4"	"0.75"	"0.01"	"0.005"	"0.01"	"100000"	"10000"	"200"	"7721891758171363995"	30000	"slope"	0.007262116355
"0.85"	"0.4"	"0.75"	"0.01"	"0.005"	"0.01"	"100000"	"10000"	"200"	"7721891758171363995"	30000	"intercept"	0.85248585
"0.85"	"0.4"	"0.75"	"0.01"	"0.005"	"0.01"	"100000"	"10000"	"200"	"7721891758171363995"	35000	"slope"	0.01327442954
"0.85"	"0.4"	"0.75"	"0.01"	"0.005"	"0.01"	"100000"	"10000"	"200"	"7721891758171363995"	35000	"intercept"	0.855777915
"0.85"	"0.4"	"0.75"	"0.01"	"0.005"	"0.01"	"100000"	"10000"	"200"	"7721891758171363995"	40000	"slope"	0.02690203905
"0.85"	"0.4"	"0.75"	"0.01"	"0.005"	"0.01"	"100000"	"10000"	"200"	"7721891758171363995"	40000	"intercept"	0.850270435
"0.85"	"0.4"	"0.75"	"0.01"	"0.005"	"0.01"	"100000"	"10000"	"200"	"7721891758171363995"	45000	"slope"	-0.01524861415
"0.85"	"0.4"	"0.75"	"0.01"	"0.005"	"0.01"	"100000"	"10000"	"200"	"7721891758171363995"	45000	"intercept"	0.87009286
"0.85"	"0.4"	"0.75"	"0.01"	"0.005"	"0.01"	"100000"	"10000"	"200"	"7721891758171363995"	50000	"slope"	-0.001043389525
"0.85"	"0.4"	"0.75"	"0.01"	"0.005"	"0.01"	"100000"	"10000"	"200"	"7721891758171363995"	50000	"intercept"	0.870160745
"0.85"	"0.4"	"0.75"	"0.01"	"0.005"	"0.01"	"100000"	"10000"	"200"	"7721891758171363995"	55000	"slope"	-0.01589450785
"0.85"	"0.4"	"0.75"	"0.01"	"0.005"	"0.01"	"100000"	"10000"	"200"	"7721891758171363995"	55000	"intercept"	0.875218635
"0.85"	"0.4"	"0.75"	"0.01"	"0.005"	"0.01"	"100000"	"10000"	"200"	"7721891758171363995"	60000	"slope"	-0.0030543573427
"0.85"	"0.4"	"0.75"	"0.01"	"0.005"	"0.01"	"100000"	"10000"	"200"	"7721891758171363995"	60000	"intercept"	0.8636913
"0.85"	"0.4"	"0.75"	"0.01"	"0.005"	"0.01"	"100000"	"10000"	"200"	"7721891758171363995"	65000	"slope"	0.00899165885
"0.85"	"0.4"	"0.75"	"0.01"	"0.005"	"0.01"	"100000"	"10000"	"200"	"7721891758171363995"	65000	"intercept"	0.86215776
"0.85"	"0.4"	"0.75"	"0.01"	"0.005"	"0.01"	"100000"	"10000"	"200"	"7721891758171363995"	70000	"slope"	0.0354336875
"0.85"	"0.4"	"0.75"	"0.01"	"0.005"	"0.01"	"100000"	"10000"	"200"	"7721891758171363995"	70000	"intercept"	0.848123275
"0.85"	"0.4"	"0.75"	"0.01"	"0.005"	"0.01"	"100000"	"10000"	"200"	"7721891758171363995"	75000	"slope"	0.013002728241
"0.85"	"0.4"	"0.75"	"0.01"	"0.005"	"0.01"	"100000"	"10000"	"200"	"7721891758171363995"	75000	"intercept"	0.856768905
"0.85"	"0.4"	"0.75"	"0.01"	"0.005"	"0.01"	"100000"	"10000"	"200"	"7721891758171363995"	80000	"slope"	-0.00247322225
"0.85"	"0.4"	"0.75"	"0.01"	"0.005"	"0.01"	"100000"	"10000"	"200"	"7721891758171363995"	80000	"intercept"	0.863483085
"0.85"	"0.4"	"0.75"	"0.01"	"0.005"	"0.01"	"100000"	"10000"	"200"	"7721891758171363995"	85000	"slope"	-0.00397525528
"0.85"	"0.4"	"0.75"	"0.01"	"0.005"	"0.01"	"100000"	"10000"	"200"	"7721891758171363995"	85000	"intercept"	0.86734687
"0.85"	"0.4"	"0.75"	"0.01"	"0.005"	"0.01"	"100000"	"10000"	"200"	"7721891758171363995"	90000	"slope"	-0.041394007045
"0.85"	"0.4"	"0.75"	"0.01"	"0.005"	"0.01"	"100000"	"10000"	"200"	"7721891758171363995"	90000	"intercept"	0.88929147
"0.85"	"0.4"	"0.75"	"0.01"	"0.005"	"0.01"	"100000"	"10000"	"200"	"7721891758171363995"	95000	"slope"	-0.0018195969
"0.85"	"0.4"	"0.75"	"0.01"	"0.005"	"0.01"	"100000"	"10000"	"200"	"7721891758171363995"	95000	"intercept"	0.86671317
"0.85"	"0.4"	"0.75"	"0.01"	"0.005"	"0.01"	"100000"	"10000"	"200"	"7721891758171363995"	100000	"slope"	0.012238192645
"0.85"	"0.4"	"0.75"	"0.01"	"0.005"	"0.01"	"100000"	"10000"	"200"	"7721891758171363995"	100000	"intercept"	0.854982305
"0.85"	"0.4"	"0.75"	"0.01"	"0.005"	"0.01"	"100000"	"10000"	"200"	"8465818262529722942"	10	"slope"	2.3215103e-05
"0.85"	"0.4"	"0.75"	"0.01"	"0.005"	"0.01"	"100000"	"10000"	"200"	"8465818262529722942"	10	"intercept"	0.499958685
"0.85"	"0.4"	"0.75"	"0.01"	"0.005"	"0.01"	"100000"	"10000"	"200"	"8465818262529722942"	5000	"slope"	0.02020967153
"0.85"	"0.4"	"0.75"	"0.01"	"0.005"	"0.01"	"100000"	"10000"	"200"	"8465818262529722942"	5000	"intercept"	0.855650265
"0.85"	"0.4"	"0.75"	"0.01"	"0.005"	"0.01"	"100000"	"10000"	"200"	"8465818262529722942"	10000	"slope"	0.00715420624
"0.85"	"0.4"	"0.75"	"0.01"	"0.005"	"0.01"	"100000"	"10000"	"200"	"8465818262529722942"	10000	"intercept"	0.86059285
"0.85"	"0.4"	"0.75"	"0.01"	"0.005"	"0.01"	"100000"	"10000"	"200"	"8465818262529722942"	15000	"slope"	0.0514204581895
"0.85"	"0.4"	"0.75"	"0.01"	"0.005"	"0.01"	"100000"	"10000"	"200"	"8465818262529722942"	15000	"intercept"	0.832626025
"0.85"	"0.4"	"0.75"	"0.01"	"0.005"	"0.01"	"100000"	"10000"	"200"	"8465818262529722942"	20000	"slope"	0.02018295672
"0.85"	"0.4"	"0.75"	"0.01"	"0.005"	"0.01"	"100000"	"10000"	"200"	"8465818262529722942"	20000	"intercept"	0.85108293
"0.85"	"0.4"	"0.75"	"0.01"	"0.005"	"0.01"	"100000"	"10000"	"200"	"8465818262529722942"	25000	"slope"	0.0594547114
"0.85"	"0.4"	"0.75"	"0.01"	"0.005"	"0.01"	"100000"	"10000"	"200"	"8465818262529722942"	25000	"intercept"	0.82334785
"0.85"	"0.4"	"0.75"	"0.01"	"0.005"	"0.01"	"100000"	"10000"	"200"	"8465818262529722942"	30000	"slope"	0.04062069595
"0.85"	"0.4"	"0.75"	"0.01"	"0.005"	"0.01"	"100000"	"10000"	"200"	"8465818262529722942"	30000	"intercept"	0.834812705
"0.85"	"0.4"	"0.75"	"0.01"	"0.005"	"0.01"	"100000"	"10000"	"200"	"8465818262529722942"	35000	"slope"	0.0010899283555
"0.85"	"0.4"	"0.75"	"0.01"	"0.005"	"0.01"	"100000"	"10000"	"200"	"8465818262529722942"	35000	"intercept"	0.86259049
"0.85"	"0.4"	"0.75"	"0.01"	"0.005"	"0.01"	"100000"	"10000"	"200"	"8465818262529722942"	40000	"slope"	0.02285495077
"0.85"	"0.4"	"0.75"	"0.01"	"0.005"	"0.01"	"100000"	"10000"	"200"	"8465818262529722942"	40000	"intercept"	0.84666532
"0.85"	"0.4"	"0.75"	"0.01"	"0.005"	"0.01"	"100000"	"10000"	"200"	"8465818262529722942"	45000	"slope"	0.01675567535
"0.85"	"0.4"	"0.75"	"0.01"	"0.005"	"0.01"	"100000"	"10000"	"200"	"8465818262529722942"	45000	"intercept"	0.856860725
"0.85"	"0.4"	"0.75"	"0.01"	"0.005"	"0.01"	"100000"	"10000"	"200"	"8465818262529722942"	50000	"slope"	0.0453200272
"0.85"	"0.4"	"0.75"	"0.01"	"0.005"	"0.01"	"100000"	"10000"	"200"	"8465818262529722942"	50000	"intercept"	0.83984366
"0.85"	"0.4"	"0.75"	"0.01"	"0.005"	"0.01"	"100000"	"10000"	"200"	"8465818262529722942"	55000	"slope"	0.0880886875
"0.85"	"0.4"	"0.75"	"0.01"	"0.005"	"0.01"	"100000"	"10000"	"200"	"8465818262529722942"	55000	"intercept"	0.81091308
"0.85"	"0.4"	"0.75"	"0.01"	"0.005"	"0.01"	"100000"	"10000"	"200"	"8465818262529722942"	60000	"slope"	0.0631861382
"0.85"	"0.4"	"0.75"	"0.01"	"0.005"	"0.01"	"100000"	"10000"	"200"	"8465818262529722942"	60000	"intercept"	0.8261339
"0.85"	"0.4"	"0.75"	"0.01"	"0.005"	"0.01"	"100000"	"10000"	"200"	"8465818262529722942"	65000	"slope"	0.029638874276
"0.85"	"0.4"	"0.75"	"0.01"	"0.005"	"0.01"	"100000"	"10000"	"200"	"8465818262529722942"	65000	"intercept"	0.850519535
"0.85"	"0.4"	"0.75"	"0.01"	"0.005"	"0.01"	"100000"	"10000"	"200"	"8465818262529722942"	70000	"slope"	0.05781053091
"0.85"	"0.4"	"0.75"	"0.01"	"0.005"	"0.01"	"100000"	"10000"	"200"	"8465818262529722942"	70000	"intercept"	0.828249385
"0.85"	"0.4"	"0.75"	"0.01"	"0.005"	"0.01"	"100000"	"10000"	"200"	"8465818262529722942"	75000	"slope"	0.035617665805
"0.85"	"0.4"	"0.75"	"0.01"	"0.005"	"0.01"	"100000"	"10000"	"200"	"8465818262529722942"	75000	"intercept"	0.84660253
"0.85"	"0.4"	"0.75"	"0.01"	"0.005"	"0.01"	"100000"	"10000"	"200"	"8465818262529722942"	80000	"slope"	0.02159854024
"0.85"	"0.4"	"0.75"	"0.01"	"0.005"	"0.01"	"100000"	"10000"	"200"	"8465818262529722942"	80000	"intercept"	0.852044275
"0.85"	"0.4"	"0.75"	"0.01"	"0.005"	"0.01"	"100000"	"10000"	"200"	"8465818262529722942"	85000	"slope"	0.05152791383
"0.85"	"0.4"	"0.75"	"0.01"	"0.005"	"0.01"	"100000"	"10000"	"200"	"8465818262529722942"	85000	"intercept"	0.83188105
"0.85"	"0.4"	"0.75"	"0.01"	"0.005"	"0.01"	"100000"	"10000"	"200"	"8465818262529722942"	90000	"slope"	0.0537211265
"0.85"	"0.4"	"0.75"	"0.01"	"0.005"	"0.01"	"100000"	"10000"	"200"	"8465818262529722942"	90000	"intercept"	0.827378855
"0.85"	"0.4"	"0.75"	"0.01"	"0.005"	"0.01"	"100000"	"10000"	"200"	"8465818262529722942"	95000	"slope"	0.07207938055
"0.85"	"0.4"	"0.75"	"0.01"	"0.005"	"0.01"	"100000"	"10000"	"200"	"8465818262529722942"	95000	"intercept"	0.814971055
"0.85"	"0.4"	"0.75"	"0.01"	"0.005"	"0.01"	"100000"	"10000"	"200"	"8465818262529722942"	100000	"slope"	0.046029877
"0.85"	"0.4"	"0.75"	"0.01"	"0.005"	"0.01"	"100000"	"10000"	"200"	"8465818262529722942"	100000	"intercept"	0.836107
"0.85"	"0.6"	"0.75"	"0.01"	"0.005"	"0.01"	"100000"	"10000"	"200"	"2964265475137625184"	10	"slope"	-0.00011785343
"0.85"	"0.6"	"0.75"	"0.01"	"0.005"	"0.01"	"100000"	"10000"	"200"	"2964265475137625184"	10	"intercept"	0.49983143
"0.85"	"0.6"	"0.75"	"0.01"	"0.005"	"0.01"	"100000"	"10000"	"200"	"2964265475137625184"	5000	"slope"	0.04404602243
"0.85"	"0.6"	"0.75"	"0.01"	"0.005"	"0.01"	"100000"	"10000"	"200"	"2964265475137625184"	5000	"intercept"	0.70056858
"0.85"	"0.6"	"0.75"	"0.01"	"0.005"	"0.01"	"100000"	"10000"	"200"	"2964265475137625184"	10000	"slope"	0.00478881033
"0.85"	"0.6"	"0.75"	"0.01"	"0.005"	"0.01"	"100000"	"10000"	"200"	"2964265475137625184"	10000	"intercept"	0.691019665
"0.85"	"0.6"	"0.75"	"0.01"	"0.005"	"0.01"	"100000"	"10000"	"200"	"2964265475137625184"	15000	"slope"	-0.07381174092
"0.85"	"0.6"	"0.75"	"0.01"	"0.005"	"0.01"	"100000"	"10000"	"200"	"2964265475137625184"	15000	"intercept"	0.62425560345
"0.85"	"0.6"	"0.75"	"0.01"	"0.005"	"0.01"	"100000"	"10000"	"200"	"2964265475137625184"	20000	"slope"	-0.10659224564
"0.85"	"0.6"	"0.75"	"0.01"	"0.005"	"0.01"	"100000"	"10000"	"200"	"2964265475137625184"	20000	"intercept"	0.5907783
"0.85"	"0.6"	"0.75"	"0.01"	"0.005"	"0.01"	"100000"	"10000"	"200"	"2964265475137625184"	25000	"slope"	-0.126701349895
"0.85"	"0.6"	"0.75"	"0.01"	"0.005"	"0.01"	"100000"	"10000"	"200"	"2964265475137625184"	25000	"intercept"	0.58680356
"0.85"	"0.6"	"0.75"	"0.01"	"0.005"	"0.01"	"100000"	"10000"	"200"	"2964265475137625184"	30000	"slope"	-0.13207145625
"0.85"	"0.6"	"0.75"	"0.01"	"0.005"	"0.01"	"100000"	"10000"	"200"	"2964265475137625184"	30000	"intercept"	0.631955295
"0.85"	"0.6"	"0.75"	"0.01"	"0.005"	"0.01"	"100000"	"10000"	"200"	"2964265475137625184"	35000	"slope"	-0.154649596885
"0.85"	"0.6"	"0.75"	"0.01"	"0.005"	"0.01"	"100000"	"10000"	"200"	"2964265475137625184"	35000	"intercept"	0.52758879
"0.85"	"0.6"	"0.75"	"0.01"	"0.005"	"0.01"	"100000"	"10000"	"200"	"2964265475137625184"	40000	"slope"	-0.124096358543
"0.85"	"0.6"	"0.75"	"0.01"	"0.005"	"0.01"	"100000"	"10000"	"200"	"2964265475137625184"	40000	"intercept"	0.558018905
"0.85"	"0.6"	"0.75"	"0.01"	"0.005"	"0.01"	"100000"	"10000"	"200"	"2964265475137625184"	45000	"slope"	-0.146350550924
"0.85"	"0.6"	"0.75"	"0.01"	"0.005"	"0.01"	"100000"	"10000"	"200"	"2964265475137625184"	45000	"intercept"	0.536658915
"0.85"	"0.6"	"0.75"	"0.01"	"0.005"	"0.01"	"100000"	"10000"	"200"	"2964265475137625184"	50000	"slope"	-0.10594544254
"0.85"	"0.6"	"0.75"	"0.01"	"0.005"	"0.01"	"100000"	"10000"	"200"	"2964265475137625184"	50000	"intercept"	0.64935005
"0.85"	"0.6"	"0.75"	"0.01"	"0.005"	"0.01"	"100000"	"10000"	"200"	"2964265475137625184"	55000	"slope"	-0.1315286551
"0.85"	"0.6"	"0.75"	"0.01"	"0.005"	"0.01"	"100000"	"10000"	"200"	"2964265475137625184"	55000	"intercept"	0.52165418
"0.85"	"0.6"	"0.75"	"0.01"	"0.005"	"0.01"	"100000"	"10000"	"200"	"2964265475137625184"	60000	"slope"	-0.09425132215
"0.85"	"0.6"	"0.75"	"0.01"	"0.005"	"0.01"	"100000"	"10000"	"200"	"2964265475137625184"	60000	"intercept"	0.63107633
"0.85"	"0.6"	"0.75"	"0.01"	"0.005"	"0.01"	"100000"	"10000"	"200"	"2964265475137625184"	65000	"slope"	-0.10167311733
"0.85"	"0.6"	"0.75"	"0.01"	"0.005"	"0.01"	"100000"	"10000"	"200"	"2964265475137625184"	65000	"intercept"	0.575285215
"0.85"	"0.6"	"0.75"	"0.01"	"0.005"	"0.01"	"100000"	"10000"	"200"	"2964265475137625184"	70000	"slope"	-0.086475365265
"0.85"	"0.6"	"0.75"	"0.01"	"0.005"	"0.01"	"100000"	"10000"	"200"	"2964265475137625184"	70000	"intercept"	0.483865945
"0.85"	"0.6"	"0.75"	"0.01"	"0.005"	"0.01"	"100000"	"10000"	"200"	"2964265475137625184"	75000	"slope"	-0.0655477725
"0.85"	"0.6"	"0.75"	"0.01"	"0.005"	"0.01"	"100000"	"10000"	"200"	"2964265475137625184"	75000	"intercept"	0.47952912
"0.85"	"0.6"	"0.75"	"0.01"	"0.005"	"0.01"	"100000"	"10000"	"200"	"2964265475137625184"	80000	"slope"	-0.01776250395
"0.85"	"0.6"	"0.75"	"0.01"	"0.005"	"0.01"	"100000"	"10000"	"200"	"2964265475137625184"	80000	"intercept"	0.55356266
"0.85"	"0.6"	"0.75"	"0.01"	"0.005"	"0.01"	"100000"	"10000"	"200"	"2964265475137625184"	85000	"slope"	-0.0591622651
"0.85"	"0.6"	"0.75"	"0.01"	"0.005"	"0.01"	"100000"	"10000"	"200"	"2964265475137625184"	85000	"intercept"	0.525792585
"0.85"	"0.6"	"0.75"	"0.01"	"0.005"	"0.01"	"100000"	"10000"	"200"	"2964265475137625184"	90000	"slope"	-0.02847289465
"0.85"	"0.6"	"0.75"	"0.01"	"0.005"	"0.01"	"100000"	"10000"	"200"	"2964265475137625184"	90000	"intercept"	0.531437435
"0.85"	"0.6"	"0.75"	"0.01"	"0.005"	"0.01"	"100000"	"10000"	"200"	"2964265475137625184"	95000	"slope"	-0.0025881315
"0.85"	"0.6"	"0.75"	"0.01"	"0.005"	"0.01"	"100000"	"10000"	"200"	"2964265475137625184"	95000	"intercept"	0.5896869
"0.85"	"0.6"	"0.75"	"0.01"	"0.005"	"0.01"	"100000"	"10000"	"200"	"2964265475137625184"	100000	"slope"	-0.0225641865
"0.85"	"0.6"	"0.75"	"0.01"	"0.005"	"0.01"	"100000"	"10000"	"200"	"2964265475137625184"	100000	"intercept"	0.50936339
"0.85"	"0.6"	"0.75"	"0.01"	"0.005"	"0.01"	"100000"	"10000"	"200"	"5641643310821710472"	10	"slope"	-0.0001332641
"0.85"	"0.6"	"0.75"	"0.01"	"0.005"	"0.01"	"100000"	"10000"	"200"	"5641643310821710472"	10	"intercept"	0.49996069
"0.85"	"0.6"	"0.75"	"0.01"	"0.005"	"0.01"	"100000"	"10000"	"200"	"5641643310821710472"	5000	"slope"	0.0384365975
"0.85"	"0.6"	"0.75"	"0.01"	"0.005"	"0.01"	"100000"	"10000"	"200"	"5641643310821710472"	5000	"intercept"	0.750707345
"0.85"	"0.6"	"0.75"	"0.01"	"0.005"	"0.01"	"100000"	"10000"	"200"	"5641643310821710472"	10000	"slope"	-0.054209357
"0.85"	"0.6"	"0.75"	"0.01"	"0.005"	"0.01"	"100000"	"10000"	"200"	"5641643310821710472"	10000	"intercept"	0.717847195
"0.85"	"0.6"	"0.75"	"0.01"	"0.005"	"0.01"	"100000"	"10000"	"200"	"5641643310821710472"	15000	"slope"	-0.084507981205
"0.85"	"0.6"	"0.75"	"0.01"	"0.005"	"0.01"	"100000"	"10000"	"200"	"5641643310821710472"	15000	"intercept"	0.737844855
"0.85"	"0.6"	"0.75"	"0.01"	"0.005"	"0.01"	"100000"	"10000"	"200"	"5641643310821710472"	20000	"slope"	-0.18985911805
"0.85"	"0.6"	"0.75"	"0.01"	"0.005"	"0.01"	"100000"	"10000"	"200"	"5641643310821710472"	20000	"intercept"	0.6955810195
"0.85"	"0.6"	"0.75"	"0.01"	"0.005"	"0.01"	"100000"	"10000"	"200"	"5641643310821710472"	25000	"slope"	-0.204187958836
"0.85"	"0.6"	"0.75"	"0.01"	"0.005"	"0.01"	"100000"	"10000"	"200"	"5641643310821710472"	25000	"intercept"	0.631596135
"0.85"	"0.6"	"0.75"	"0.01"	"0.005"	"0.01"	"100000"	"10000"	"200"	"5641643310821710472"	30000	"slope"	-0.24340141305
"0.85"	"0.6"	"0.75"	"0.01"	"0.005"	"0.01"	"100000"	"10000"	"200"	"5641643310821710472"	30000	"intercept"	0.58295709
"0.85"	"0.6"	"0.75"	"0.01"	"0.005"	"0.01"	"100000"	"10000"	"200"	"5641643310821710472"	35000	"slope"	-0.205738018245
"0.85"	"0.6"	"0.75"	"0.01"	"0.005"	"0.01"	"100000"	"10000"	"200"	"5641643310821710472"	35000	"intercept"	0.67270251
"0.85"	"0.6"	"0.75"	"0.01"	"0.005"	"0.01"	"100000"	"10000"	"200"	"5641643310821710472"	40000	"slope"	-0.1714494219
"0.85"	"0.6"	"0.75"	"0.01"	"0.005"	"0.01"	"100000"	"10000"	"200"	"5641643310821710472"	40000	"intercept"	0.613914855
"0.85"	"0.6"	"0.75"	"0.01"	"0.005"	"0.01"	"100000"	"10000"	"200"	"5641643310821710472"	45000	"slope"	-0.0565707298
"0.85"	"0.6"	"0.75"	"0.01"	"0.005"	"0.01"	"100000"	"10000"	"200"	"5641643310821710472"	45000	"intercept"	0.675768125
"0.85"	"0.6"	"0.75"	"0.01"	"0.005"	"0.01"	"100000"	"10000"	"200"	"5641643310821710472"	50000	"slope"	-0.2098634565
"0.85"	"0.6"	"0.75"	"0.01"	"0.005"	"0.01"	"100000"	"10000"	"200"	"5641643310821710472"	50000	"intercept"	0.521569845
"0.85"	"0.6"	"0.75"	"0.01"	"0.005"	"0.01"	"100000"	"10000"	"200"	"5641643310821710472"	55000	"slope"	-0.1562128771
"0.85"	"0.6"	"0.75"	"0.01"	"0.005"	"0.01"	"100000"	"10000"	"200"	"5641643310821710472"	55000	"intercept"	0.563987195
"0.85"	"0.6"	"0.75"	"0.01"	"0.005"	"0.01"	"100000"	"10000"	"200"	"5641643310821710472"	60000	"slope"	-0.150753027
"0.85"	"0.6"	"0.75"	"0.01"	"0.005"	"0.01"	"100000"	"10000"	"200"	"5641643310821710472"	60000	"intercept"	0.51454151
"0.85"	"0.6"	"0.75"	"0.01"	"0.005"	"0.01"	"100000"	"10000"	"200"	"5641643310821710472"	65000	"slope"	-0.113672161
"0.85"	"0.6"	"0.75"	"0.01"	"0.005"	"0.01"	"100000"	"10000"	"200"	"5641643310821710472"	65000	"intercept"	0.527208365
"0.85"	"0.6"	"0.75"	"0.01"	"0.005"	"0.01"	"100000"	"10000"	"200"	"5641643310821710472"	70000	"slope"	-0.07553922
"0.85"	"0.6"	"0.75"	"0.01"	"0.005"	"0.01"	"100000"	"10000"	"200"	"5641643310821710472"	70000	"intercept"	0.50366269
"0.85"	"0.6"	"0.75"	"0.01"	"0.005"	"0.01"	"100000"	"10000"	"200"	"5641643310821710472"	75000	"slope"	-0.09466491
"0.85"	"0.6"	"0.75"	"0.01"	"0.005"	"0.01"	"100000"	"10000"	"200"	"5641643310821710472"	75000	"intercept"	0.493783565
"0.85"	"0.6"	"0.75"	"0.01"	"0.005"	"0.01"	"100000"	"10000"	"200"	"5641643310821710472"	80000	"slope"	-0.042378002
"0.85"	"0.6"	"0.75"	"0.01"	"0.005"	"0.01"	"100000"	"10000"	"200"	"5641643310821710472"	80000	"intercept"	0.630576635
"0.85"	"0.6"	"0.75"	"0.01"	"0.005"	"0.01"	"100000"	"10000"	"200"	"5641643310821710472"	85000	"slope"	-0.1849366071
"0.85"	"0.6"	"0.75"	"0.01"	"0.005"	"0.01"	"100000"	"10000"	"200"	"5641643310821710472"	85000	"intercept"	0.49452773
"0.85"	"0.6"	"0.75"	"0.01"	"0.005"	"0.01"	"100000"	"10000"	"200"	"5641643310821710472"	90000	"slope"	-0.15152498175
"0.85"	"0.6"	"0.75"	"0.01"	"0.005"	"0.01"	"100000"	"10000"	"200"	"5641643310821710472"	90000	"intercept"	0.59920076
"0.85"	"0.6"	"0.75"	"0.01"	"0.005"	"0.01"	"100000"	"10000"	"200"	"5641643310821710472"	95000	"slope"	-0.11887713115
"0.85"	"0.6"	"0.75"	"0.01"	"0.005"	"0.01"	"100000"	"10000"	"200"	"5641643310821710472"	95000	"intercept"	0.607402095
"0.85"	"0.6"	"0.75"	"0.01"	"0.005"	"0.01"	"100000"	"10000"	"200"	"5641643310821710472"	100000	"slope"	-0.1406576045
"0.85"	"0.6"	"0.75"	"0.01"	"0.005"	"0.01"	"100000"	"10000"	"200"	"5641643310821710472"	100000	"intercept"	0.496082535
"0.85"	"0.6"	"0.75"	"0.01"	"0.005"	"0.01"	"100000"	"10000"	"200"	"8663311603081129168"	10	"slope"	0.000114162635
"0.85"	"0.6"	"0.75"	"0.01"	"0.005"	"0.01"	"100000"	"10000"	"200"	"8663311603081129168"	10	"intercept"	0.49977142
"0.85"	"0.6"	"0.75"	"0.01"	"0.005"	"0.01"	"100000"	"10000"	"200"	"8663311603081129168"	5000	"slope"	0.10468654715
"0.85"	"0.6"	"0.75"	"0.01"	"0.005"	"0.01"	"100000"	"10000"	"200"	"8663311603081129168"	5000	"intercept"	0.727906835
"0.85"	"0.6"	"0.75"	"0.01"	"0.005"	"0.01"	"100000"	"10000"	"200"	"8663311603081129168"	10000	"slope"	-0.0521316641
"0.85"	"0.6"	"0.75"	"0.01"	"0.005"	"0.01"	"100000"	"10000"	"200"	"8663311603081129168"	10000	"intercept"	0.721102215
"0.85"	"0.6"	"0.75"	"0.01"	"0.005"	"0.01"	"100000"	"10000"	"200"	"8663311603081129168"	15000	"slope"	-0.11078025575
"0.85"	"0.6"	"0.75"	"0.01"	"0.005"	"0.01"	"100000"	"10000"	"200"	"8663311603081129168"	15000	"intercept"	0.70852913
"0.85"	"0.6"	"0.75"	"0.01"	"0.005"	"0.01"	"100000"	"10000"	"200"	"8663311603081129168"	20000	"slope"	-0.1969187344
"0.85"	"0.6"	"0.75"	"0.01"	"0.005"	"0.01"	"100000"	"10000"	"200"	"8663311603081129168"	20000	"intercept"	0.6134126716
"0.85"	"0.6"	"0.75"	"0.01"	"0.005"	"0.01"	"100000"	"10000"	"200"	"8663311603081129168"	25000	"slope"	-0.1380763039
"0.85"	"0.6"	"0.75"	"0.01"	"0.005"	"0.01"	"100000"	"10000"	"200"	"8663311603081129168"	25000	"intercept"	0.67212217
"0.85"	"0.6"	"0.75"	"0.01"	"0.005"	"0.01"	"100000"	"10000"	"200"	"8663311603081129168"	30000	"slope"	-0.16710824317
"0.85"	"0.6"	"0.75"	"0.01"	"0.005"	"0.01"	"100000"	"10000"	"200"	"8663311603081129168"	30000	"intercept"	0.67284815
"0.85"	"0.6"	"0.75"	"0.01"	"0.005"	"0.01"	"100000"	"10000"	"200"	"8663311603081129168"	35000	"slope"	-0.158408118435
"0.85"	"0.6"	"0.75"	"0.01"	"0.005"	"0.01"	"100000"	"10000"	"200"	"8663311603081129168"	35000	"intercept"	0.72735462
"0.85"	"0.6"	"0.75"	"0.01"	"0.005"	"0.01"	"100000"	"10000"	"200"	"8663311603081129168"	40000	"slope"	-0.191446991155
"0.85"	"0.6"	"0.75"	"0.01"	"0.005"	"0.01"	"100000"	"10000"	"200"	"8663311603081129168"	40000	"intercept"	0.61630751
"0.85"	"0.6"	"0.75"	"0.01"	"0.005"	"0.01"	"100000"	"10000"	"200"	"8663311603081129168"	45000	"slope"	-0.0905280885
"0.85"	"0.6"	"0.75"	"0.01"	"0.005"	"0.01"	"100000"	"10000"	"200"	"8663311603081129168"	45000	"intercept"	0.607146325
"0.85"	"0.6"	"0.75"	"0.01"	"0.005"	"0.01"	"100000"	"10000"	"200"	"8663311603081129168"	50000	"slope"	-0.15346103485
"0.85"	"0.6"	"0.75"	"0.01"	"0.005"	"0.01"	"100000"	"10000"	"200"	"8663311603081129168"	50000	"intercept"	0.5737098
"0.85"	"0.6"	"0.75"	"0.01"	"0.005"	"0.01"	"100000"	"10000"	"200"	"8663311603081129168"	55000	"slope"	-0.137950052
"0.85"	"0.6"	"0.75"	"0.01"	"0.005"	"0.01"	"100000"	"10000"	"200"	"8663311603081129168"	55000	"intercept"	0.588359005
"0.85"	"0.6"	"0.75"	"0.01"	"0.005"	"0.01"	"100000"	"10000"	"200"	"8663311603081129168"	60000	"slope"	-0.15682972185
"0.85"	"0.6"	"0.75"	"0.01"	"0.005"	"0.01"	"100000"	"10000"	"200"	"8663311603081129168"	60000	"intercept"	0.58505435
"0.85"	"0.6"	"0.75"	"0.01"	"0.005"	"0.01"	"100000"	"10000"	"200"	"8663311603081129168"	65000	"slope"	-0.19281576448
"0.85"	"0.6"	"0.75"	"0.01"	"0.005"	"0.01"	"100000"	"10000"	"200"	"8663311603081129168"	65000	"intercept"	0.58402572
"0.85"	"0.6"	"0.75"	"0.01"	"0.005"	"0.01"	"100000"	"10000"	"200"	"8663311603081129168"	70000	"slope"	-0.2289818405
"0.85"	"0.6"	"0.75"	"0.01"	"0.005"	"0.01"	"100000"	"10000"	"200"	"8663311603081129168"	70000	"intercept"	0.55971173
"0.85"	"0.6"	"0.75"	"0.01"	"0.005"	"0.01"	"100000"	"10000"	"200"	"8663311603081129168"	75000	"slope"	-0.156089633185
"0.85"	"0.6"	"0.75"	"0.01"	"0.005"	"0.01"	"100000"	"10000"	"200"	"8663311603081129168"	75000	"intercept"	0.644633495
"0.85"	"0.6"	"0.75"	"0.01"	"0.005"	"0.01"	"100000"	"10000"	"200"	"8663311603081129168"	80000	"slope"	-0.16957024995
"0.85"	"0.6"	"0.75"	"0.01"	"0.005"	"0.01"	"100000"	"10000"	"200"	"8663311603081129168"	80000	"intercept"	0.464452405
"0.85"	"0.6"	"0.75"	"0.01"	"0.005"	"0.01"	"100000"	"10000"	"200"	"8663311603081129168"	85000	"slope"	-0.10756411
"0.85"	"0.6"	"0.75"	"0.01"	"0.005"	"0.01"	"100000"	"10000"	"200"	"8663311603081129168"	85000	"intercept"	0.61011463
"0.85"	"0.6"	"0.75"	"0.01"	"0.005"	"0.01"	"100000"	"10000"	"200"	"8663311603081129168"	90000	"slope"	-0.11414474095
"0.85"	"0.6"	"0.75"	"0.01"	"0.005"	"0.01"	"100000"	"10000"	"200"	"8663311603081129168"	90000	"intercept"	0.47073844
"0.85"	"0.6"	"0.75"	"0.01"	"0.005"	"0.01"	"100000"	"10000"	"200"	"8663311603081129168"	95000	"slope"	-0.0984783679
"0.85"	"0.6"	"0.75"	"0.01"	"0.005"	"0.01"	"100000"	"10000"	"200"	"8663311603081129168"	95000	"intercept"	0.518578295
"0.85"	"0.6"	"0.75"	"0.01"	"0.005"	"0.01"	"100000"	"10000"	"200"	"8663311603081129168"	100000	"slope"	-0.08743353175
"0.85"	"0.6"	"0.75"	"0.01"	"0.005"	"0.01"	"100000"	"10000"	"200"	"8663311603081129168"	100000	"intercept"	0.52662045
"0.85"	"0.8"	"0.75"	"0.01"	"0.005"	"0.01"	"100000"	"10000"	"200"	"1493492075821468474"	10	"slope"	-0.00022816425
"0.85"	"0.8"	"0.75"	"0.01"	"0.005"	"0.01"	"100000"	"10000"	"200"	"1493492075821468474"	10	"intercept"	0.499891955
"0.85"	"0.8"	"0.75"	"0.01"	"0.005"	"0.01"	"100000"	"10000"	"200"	"1493492075821468474"	5000	"slope"	0.03371705
"0.85"	"0.8"	"0.75"	"0.01"	"0.005"	"0.01"	"100000"	"10000"	"200"	"1493492075821468474"	5000	"intercept"	0.711950455
"0.85"	"0.8"	"0.75"	"0.01"	"0.005"	"0.01"	"100000"	"10000"	"200"	"1493492075821468474"	10000	"slope"	-0.1092580431105
"0.85"	"0.8"	"0.75"	"0.01"	"0.005"	"0.01"	"100000"	"10000"	"200"	"1493492075821468474"	10000	"intercept"	0.706436359
"0.85"	"0.8"	"0.75"	"0.01"	"0.005"	"0.01"	"100000"	"10000"	"200"	"1493492075821468474"	15000	"slope"	-0.196869347375
"0.85"	"0.8"	"0.75"	"0.01"	"0.005"	"0.01"	"100000"	"10000"	"200"	"1493492075821468474"	15000	"intercept"	0.65776588
"0.85"	"0.8"	"0.75"	"0.01"	"0.005"	"0.01"	"100000"	"10000"	"200"	"1493492075821468474"	20000	"slope"	-0.199506192955
"0.85"	"0.8"	"0.75"	"0.01"	"0.005"	"0.01"	"100000"	"10000"	"200"	"1493492075821468474"	20000	"intercept"	0.61651518
"0.85"	"0.8"	"0.75"	"0.01"	"0.005"	"0.01"	"100000"	"10000"	"200"	"1493492075821468474"	25000	"slope"	-0.1675471223
"0.85"	"0.8"	"0.75"	"0.01"	"0.005"	"0.01"	"100000"	"10000"	"200"	"1493492075821468474"	25000	"intercept"	0.54726157
"0.85"	"0.8"	"0.75"	"0.01"	"0.005"	"0.01"	"100000"	"10000"	"200"	"1493492075821468474"	30000	"slope"	-0.15779976405
"0.85"	"0.8"	"0.75"	"0.01"	"0.005"	"0.01"	"100000"	"10000"	"200"	"1493492075821468474"	30000	"intercept"	0.560529745
"0.85"	"0.8"	"0.75"	"0.01"	"0.005"	"0.01"	"100000"	"10000"	"200"	"1493492075821468474"	35000	"slope"	-0.1414009407
"0.85"	"0.8"	"0.75"	"0.01"	"0.005"	"0.01"	"100000"	"10000"	"200"	"1493492075821468474"	35000	"intercept"	0.48082831
"0.85"	"0.8"	"0.75"	"0.01"	"0.005"	"0.01"	"100000"	"10000"	"200"	"1493492075821468474"	40000	"slope"	-0.035857125
"0.85"	"0.8"	"0.75"	"0.01"	"0.005"	"0.01"	"100000"	"10000"	"200"	"1493492075821468474"	40000	"intercept"	0.573084405
"0.85"	"0.8"	"0.75"	"0.01"	"0.005"	"0.01"	"100000"	"10000"	"200"	"1493492075821468474"	45000	"slope"	-0.032013755
"0.85"	"0.8"	"0.75"	"0.01"	"0.005"	"0.01"	"100000"	"10000"	"200"	"1493492075821468474"	45000	"intercept"	0.501808455
"0.85"	"0.8"	"0.75"	"0.01"	"0.005"	"0.01"	"100000"	"10000"	"200"	"1493492075821468474"	50000	"slope"	-0.01729112
"0.85"	"0.8"	"0.75"	"0.01"	"0.005"	"0.01"	"100000"	"10000"	"200"	"1493492075821468474"	50000	"intercept"	0.57714009
"0.85"	"0.8"	"0.75"	"0.01"	"0.005"	"0.01"	"100000"	"10000"	"200"	"1493492075821468474"	55000	"slope"	-0.045659561
"0.85"	"0.8"	"0.75"	"0.01"	"0.005"	"0.01"	"100000"	"10000"	"200"	"1493492075821468474"	55000	"intercept"	0.552309045
"0.85"	"0.8"	"0.75"	"0.01"	"0.005"	"0.01"	"100000"	"10000"	"200"	"1493492075821468474"	60000	"slope"	-0.076092795
"0.85"	"0.8"	"0.75"	"0.01"	"0.005"	"0.01"	"100000"	"10000"	"200"	"1493492075821468474"	60000	"intercept"	0.416208545
"0.85"	"0.8"	"0.75"	"0.01"	"0.005"	"0.01"	"100000"	"10000"	"200"	"1493492075821468474"	65000	"slope"	0.029296905
"0.85"	"0.8"	"0.75"	"0.01"	"0.005"	"0.01"	"100000"	"10000"	"200"	"1493492075821468474"	65000	"intercept"	0.67015762
"0.85"	"0.8"	"0.75"	"0.01"	"0.005"	"0.01"	"100000"	"10000"	"200"	"1493492075821468474"	70000	"slope"	-0.07161469275
"0.85"	"0.8"	"0.75"	"0.01"	"0.005"	"0.01"	"100000"	"10000"	"200"	"1493492075821468474"	70000	"intercept"	0.5466458
"0.85"	"0.8"	"0.75"	"0.01"	"0.005"	"0.01"	"100000"	"10000"	"200"	"1493492075821468474"	75000	"slope"	-0.1364848335
"0.85"	"0.8"	"0.75"	"0.01"	"0.005"	"0.01"	"100000"	"10000"	"200"	"1493492075821468474"	75000	"intercept"	0.44975072
"0.85"	"0.8"	"0.75"	"0.01"	"0.005"	"0.01"	"100000"	"10000"	"200"	"1493492075821468474"	80000	"slope"	-0.087312484
"0.85"	"0.8"	"0.75"	"0.01"	"0.005"	"0.01"	"100000"	"10000"	"200"	"1493492075821468474"	80000	"intercept"	0.43616632
"0.85"	"0.8"	"0.75"	"0.01"	"0.005"	"0.01"	"100000"	"10000"	"200"	"1493492075821468474"	85000	"slope"	0.02252347
"0.85"	"0.8"	"0.75"	"0.01"	"0.005"	"0.01"	"100000"	"10000"	"200"	"1493492075821468474"	85000	"intercept"	0.538355385
"0.85"	"0.8"	"0.75"	"0.01"	"0.005"	"0.01"	"100000"	"10000"	"200"	"1493492075821468474"	90000	"slope"	0.04904784
"0.85"	"0.8"	"0.75"	"0.01"	"0.005"	"0.01"	"100000"	"10000"	"200"	"1493492075821468474"	90000	"intercept"	0.591852935
"0.85"	"0.8"	"0.75"	"0.01"	"0.005"	"0.01"	"100000"	"10000"	"200"	"1493492075821468474"	95000	"slope"	-0.01994262
"0.85"	"0.8"	"0.75"	"0.01"	"0.005"	"0.01"	"100000"	"10000"	"200"	"1493492075821468474"	95000	"intercept"	0.455889045
"0.85"	"0.8"	"0.75"	"0.01"	"0.005"	"0.01"	"100000"	"10000"	"200"	"1493492075821468474"	100000	"slope"	0.04282129
"0.85"	"0.8"	"0.75"	"0.01"	"0.005"	"0.01"	"100000"	"10000"	"200"	"1493492075821468474"	100000	"intercept"	0.573534845
"0.85"	"0.8"	"0.75"	"0.01"	"0.005"	"0.01"	"100000"	"10000"	"200"	"4529380844800077070"	10	"slope"	0.00012077345
"0.85"	"0.8"	"0.75"	"0.01"	"0.005"	"0.01"	"100000"	"10000"	"200"	"4529380844800077070"	10	"intercept"	0.500151335
"0.85"	"0.8"	"0.75"	"0.01"	"0.005"	"0.01"	"100000"	"10000"	"200"	"4529380844800077070"	5000	"slope"	-0.010804181
"0.85"	"0.8"	"0.75"	"0.01"	"0.005"	"0.01"	"100000"	"10000"	"200"	"4529380844800077070"	5000	"intercept"	0.718467985
"0.85"	"0.8"	"0.75"	"0.01"	"0.005"	"0.01"	"100000"	"10000"	"200"	"4529380844800077070"	10000	"slope"	-0.08221045721
"0.85"	"0.8"	"0.75"	"0.01"	"0.005"	"0.01"	"100000"	"10000"	"200"	"4529380844800077070"	10000	"intercept"	0.730892795
"0.85"	"0.8"	"0.75"	"0.01"	"0.005"	"0.01"	"100000"	"10000"	"200"	"4529380844800077070"	15000	"slope"	-0.1371579055
"0.85"	"0.8"	"0.75"	"0.01"	"0.005"	"0.01"	"100000"	"10000"	"200"	"4529380844800077070"	15000	"intercept"	0.602560935
"0.85"	"0.8"	"0.75"	"0.01"	"0.005"	"0.01"	"100000"	"10000"	"200"	"4529380844800077070"	20000	"slope"	-0.1163684779
"0.85"	"0.8"	"0.75"	"0.01"	"0.005"	"0.01"	"100000"	"10000"	"200"	"4529380844800077070"	20000	"intercept"	0.52913632
"0.85"	"0.8"	"0.75"	"0.01"	"0.005"	"0.01"	"100000"	"10000"	"200"	"4529380844800077070"	25000	"slope"	-0.11390659421
"0.85"	"0.8"	"0.75"	"0.01"	"0.005"	"0.01"	"100000"	"10000"	"200"	"4529380844800077070"	25000	"intercept"	0.600933165
"0.85"	"0.8"	"0.75"	"0.01"	"0.005"	"0.01"	"100000"	"10000"	"200"	"4529380844800077070"	30000	"slope"	-0.070862024095
"0.85"	"0.8"	"0.75"	"0.01"	"0.005"	"0.01"	"100000"	"10000"	"200"	"4529380844800077070"	30000	"intercept"	0.47718206
"0.85"	"0.8"	"0.75"	"0.01"	"0.005"	"0.01"	"100000"	"10000"	"200"	"4529380844800077070"	35000	"slope"	-0.0340959265
"0.85"	"0.8"	"0.75"	"0.01"	"0.005"	"0.01"	"100000"	"10000"	"200"	"4529380844800077070"	35000	"intercept"	0.3832524
"0.85"	"0.8"	"0.75"	"0.01"	"0.005"	"0.01"	"100000"	"10000"	"200"	"4529380844800077070"	40000	"slope"	0.0166156935
"0.85"	"0.8"	"0.75"	"0.01"	"0.005"	"0.01"	"100000"	"10000"	"200"	"4529380844800077070"	40000	"intercept"	0.608191635
"0.85"	"0.8"	"0.75"	"0.01"	"0.005"	"0.01"	"100000"	"10000"	"200"	"4529380844800077070"	45000	"slope"	-0.084035355
"0.85"	"0.8"	"0.75"	"0.01"	"0.005"	"0.01"	"100000"	"10000"	"200"	"4529380844800077070"	45000	"intercept"	0.524576755
"0.85"	"0.8"	"0.75"	"0.01"	"0.005"	"0.01"	"100000"	"10000"	"200"	"4529380844800077070"	50000	"slope"	-0.0954780896
"0.85"	"0.8"	"0.75"	"0.01"	"0.005"	"0.01"	"100000"	"10000"	"200"	"4529380844800077070"	50000	"intercept"	0.53459777
"0.85"	"0.8"	"0.75"	"0.01"	"0.005"	"0.01"	"100000"	"10000"	"200"	"4529380844800077070"	55000	"slope"	-0.06572056675
"0.85"	"0.8"	"0.75"	"0.01"	"0.005"	"0.01"	"100000"	"10000"	"200"	"4529380844800077070"	55000	"intercept"	0.547810675
"0.85"	"0.8"	"0.75"	"0.01"	"0.005"	"0.01"	"100000"	"10000"	"200"	"4529380844800077070"	60000	"slope"	-0.0057167045
"0.85"	"0.8"	"0.75"	"0.01"	"0.005"	"0.01"	"100000"	"10000"	"200"	"4529380844800077070"	60000	"intercept"	0.578592175
"0.85"	"0.8"	"0.75"	"0.01"	"0.005"	"0.01"	"100000"	"10000"	"200"	"4529380844800077070"	65000	"slope"	-0.0605006355
"0.85"	"0.8"	"0.75"	"0.01"	"0.005"	"0.01"	"100000"	"10000"	"200"	"4529380844800077070"	65000	"intercept"	0.53249594
"0.85"	"0.8"	"0.75"	"0.01"	"0.005"	"0.01"	"100000"	"10000"	"200"	"4529380844800077070"	70000	"slope"	-0.10379510731
"0.85"	"0.8"	"0.75"	"0.01"	"0.005"	"0.01"	"100000"	"10000"	"200"	"4529380844800077070"	70000	"intercept"	0.601159295
"0.85"	"0.8"	"0.75"	"0.01"	"0.005"	"0.01"	"100000"	"10000"	"200"	"4529380844800077070"	75000	"slope"	-0.107038013506
"0.85"	"0.8"	"0.75"	"0.01"	"0.005"	"0.01"	"100000"	"10000"	"200"	"4529380844800077070"	75000	"intercept"	0.41058315
"0.85"	"0.8"	"0.75"	"0.01"	"0.005"	"0.01"	"100000"	"10000"	"200"	"4529380844800077070"	80000	"slope"	-0.0143634311
"0.85"	"0.8"	"0.75"	"0.01"	"0.005"	"0.01"	"100000"	"10000"	"200"	"4529380844800077070"	80000	"intercept"	0.72776995
"0.85"	"0.8"	"0.75"	"0.01"	"0.005"	"0.01"	"100000"	"10000"	"200"	"4529380844800077070"	85000	"slope"	-0.054688883
"0.85"	"0.8"	"0.75"	"0.01"	"0.005"	"0.01"	"100000"	"10000"	"200"	"4529380844800077070"	85000	"intercept"	0.54790725
"0.85"	"0.8"	"0.75"	"0.01"	"0.005"	"0.01"	"100000"	"10000"	"200"	"4529380844800077070"	90000	"slope"	-0.0090848072
"0.85"	"0.8"	"0.75"	"0.01"	"0.005"	"0.01"	"100000"	"10000"	"200"	"4529380844800077070"	90000	"intercept"	0.61562185
"0.85"	"0.8"	"0.75"	"0.01"	"0.005"	"0.01"	"100000"	"10000"	"200"	"4529380844800077070"	95000	"slope"	0.00719269325
"0.85"	"0.8"	"0.75"	"0.01"	"0.005"	"0.01"	"100000"	"10000"	"200"	"4529380844800077070"	95000	"intercept"	0.51315755
"0.85"	"0.8"	"0.75"	"0.01"	"0.005"	"0.01"	"100000"	"10000"	"200"	"4529380844800077070"	100000	"slope"	-0.00634296555
"0.85"	"0.8"	"0.75"	"0.01"	"0.005"	"0.01"	"100000"	"10000"	"200"	"4529380844800077070"	100000	"intercept"	0.6445662
"0.85"	"0.8"	"0.75"	"0.01"	"0.005"	"0.01"	"100000"	"10000"	"200"	"8666800871392320400"	10	"slope"	-0.00011664978
"0.85"	"0.8"	"0.75"	"0.01"	"0.005"	"0.01"	"100000"	"10000"	"200"	"8666800871392320400"	10	"intercept"	0.49992842
"0.85"	"0.8"	"0.75"	"0.01"	"0.005"	"0.01"	"100000"	"10000"	"200"	"8666800871392320400"	5000	"slope"	0.01257222595
"0.85"	"0.8"	"0.75"	"0.01"	"0.005"	"0.01"	"100000"	"10000"	"200"	"8666800871392320400"	5000	"intercept"	0.784601115
"0.85"	"0.8"	"0.75"	"0.01"	"0.005"	"0.01"	"100000"	"10000"	"200"	"8666800871392320400"	10000	"slope"	-0.150741224907
"0.85"	"0.8"	"0.75"	"0.01"	"0.005"	"0.01"	"100000"	"10000"	"200"	"8666800871392320400"	10000	"intercept"	0.667796135
"0.85"	"0.8"	"0.75"	"0.01"	"0.005"	"0.01"	"100000"	"10000"	"200"	"8666800871392320400"	15000	"slope"	-0.17317814775
"0.85"	"0.8"	"0.75"	"0.01"	"0.005"	"0.01"	"100000"	"10000"	"200"	"8666800871392320400"	15000	"intercept"	0.65707684
"0.85"	"0.8"	"0.75"	"0.01"	"0.005"	"0.01"	"100000"	"10000"	"200"	"8666800871392320400"	20000	"slope"	-0.1762120698
"0.85"	"0.8"	"0.75"	"0.01"	"0.005"	"0.01"	"100000"	"10000"	"200"	"8666800871392320400"	20000	"intercept"	0.584682435
"0.85"	"0.8"	"0.75"	"0.01"	"0.005"	"0.01"	"100000"	"10000"	"200"	"8666800871392320400"	25000	"slope"	-0.149277587
"0.85"	"0.8"	"0.75"	"0.01"	"0.005"	"0.01"	"100000"	"10000"	"200"	"8666800871392320400"	25000	"intercept"	0.55845746
"0.85"	"0.8"	"0.75"	"0.01"	"0.005"	"0.01"	"100000"	"10000"	"200"	"8666800871392320400"	30000	"slope"	-0.09854337915
"0.85"	"0.8"	"0.75"	"0.01"	"0.005"	"0.01"	"100000"	"10000"	"200"	"8666800871392320400"	30000	"intercept"	0.626676815
"0.85"	"0.8"	"0.75"	"0.01"	"0.005"	"0.01"	"100000"	"10000"	"200"	"8666800871392320400"	35000	"slope"	-0.08153284563
"0.85"	"0.8"	"0.75"	"0.01"	"0.005"	"0.01"	"100000"	"10000"	"200"	"8666800871392320400"	35000	"intercept"	0.568956485
"0.85"	"0.8"	"0.75"	"0.01"	"0.005"	"0.01"	"100000"	"10000"	"200"	"8666800871392320400"	40000	"slope"	-0.000779040000000001
"0.85"	"0.8"	"0.75"	"0.01"	"0.005"	"0.01"	"100000"	"10000"	"200"	"8666800871392320400"	40000	"intercept"	0.555169985
"0.85"	"0.8"	"0.75"	"0.01"	"0.005"	"0.01"	"100000"	"10000"	"200"	"8666800871392320400"	45000	"slope"	0.05516115
"0.85"	"0.8"	"0.75"	"0.01"	"0.005"	"0.01"	"100000"	"10000"	"200"	"8666800871392320400"	45000	"intercept"	0.598432935
"0.85"	"0.8"	"0.75"	"0.01"	"0.005"	"0.01"	"100000"	"10000"	"200"	"8666800871392320400"	50000	"slope"	0.029911755
"0.85"	"0.8"	"0.75"	"0.01"	"0.005"	"0.01"	"100000"	"10000"	"200"	"8666800871392320400"	50000	"intercept"	0.495888015
"0.85"	"0.8"	"0.75"	"0.01"	"0.005"	"0.01"	"100000"	"10000"	"200"	"8666800871392320400"	55000	"slope"	0.04935304
"0.85"	"0.8"	"0.75"	"0.01"	"0.005"	"0.01"	"100000"	"10000"	"200"	"8666800871392320400"	55000	"intercept"	0.524732565
"0.85"	"0.8"	"0.75"	"0.01"	"0.005"	"0.01"	"100000"	"10000"	"200"	"8666800871392320400"	60000	"slope"	0.0100061345
"0.85"	"0.8"	"0.75"	"0.01"	"0.005"	"0.01"	"100000"	"10000"	"200"	"8666800871392320400"	60000	"intercept"	0.511506495
"0.85"	"0.8"	"0.75"	"0.01"	"0.005"	"0.01"	"100000"	"10000"	"200"	"8666800871392320400"	65000	"slope"	0.07576343
"0.85"	"0.8"	"0.75"	"0.01"	"0.005"	"0.01"	"100000"	"10000"	"200"	"8666800871392320400"	65000	"intercept"	0.547919655
"0.85"	"0.8"	"0.75"	"0.01"	"0.005"	"0.01"	"100000"	"10000"	"200"	"8666800871392320400"	70000	"slope"	0.0101461
"0.85"	"0.8"	"0.75"	"0.01"	"0.005"	"0.01"	"100000"	"10000"	"200"	"8666800871392320400"	70000	"intercept"	0.3723399
"0.85"	"0.8"	"0.75"	"0.01"	"0.005"	"0.01"	"100000"	"10000"	"200"	"8666800871392320400"	75000	"slope"	0.024446755
"0.85"	"0.8"	"0.75"	"0.01"	"0.005"	"0.01"	"100000"	"10000"	"200"	"8666800871392320400"	75000	"intercept"	0.459015875
"0.85"	"0.8"	"0.75"	"0.01"	"0.005"	"0.01"	"100000"	"10000"	"200"	"8666800871392320400"	80000	"slope"	0.059280711
"0.85"	"0.8"	"0.75"	"0.01"	"0.005"	"0.01"	"100000"	"10000"	"200"	"8666800871392320400"	80000	"intercept"	0.461621845
"0.85"	"0.8"	"0.75"	"0.01"	"0.005"	"0.01"	"100000"	"10000"	"200"	"8666800871392320400"	85000	"slope"	0.049802145
"0.85"	"0.8"	"0.75"	"0.01"	"0.005"	"0.01"	"100000"	"10000"	"200"	"8666800871392320400"	85000	"intercept"	0.48327934
"0.85"	"0.8"	"0.75"	"0.01"	"0.005"	"0.01"	"100000"	"10000"	"200"	"8666800871392320400"	90000	"slope"	0.0692917
"0.85"	"0.8"	"0.75"	"0.01"	"0.005"	"0.01"	"100000"	"10000"	"200"	"8666800871392320400"	90000	"intercept"	0.373763425
"0.85"	"0.8"	"0.75"	"0.01"	"0.005"	"0.01"	"100000"	"10000"	"200"	"8666800871392320400"	95000	"slope"	0.114287097
"0.85"	"0.8"	"0.75"	"0.01"	"0.005"	"0.01"	"100000"	"10000"	"200"	"8666800871392320400"	95000	"intercept"	0.57237289
"0.85"	"0.8"	"0.75"	"0.01"	"0.005"	"0.01"	"100000"	"10000"	"200"	"8666800871392320400"	100000	"slope"	0.003681496145
"0.85"	"0.8"	"0.75"	"0.01"	"0.005"	"0.01"	"100000"	"10000"	"200"	"8666800871392320400"	100000	"intercept"	0.43241405
"0.95"	"0.0"	"0.75"	"0.01"	"0.005"	"0.01"	"100000"	"10000"	"200"	"1314029247253407904"	10	"slope"	-6.70655e-05
"0.95"	"0.0"	"0.75"	"0.01"	"0.005"	"0.01"	"100000"	"10000"	"200"	"1314029247253407904"	10	"intercept"	0.499939645
"0.95"	"0.0"	"0.75"	"0.01"	"0.005"	"0.01"	"100000"	"10000"	"200"	"1314029247253407904"	5000	"slope"	0.097359657
"0.95"	"0.0"	"0.75"	"0.01"	"0.005"	"0.01"	"100000"	"10000"	"200"	"1314029247253407904"	5000	"intercept"	0.87468148
"0.95"	"0.0"	"0.75"	"0.01"	"0.005"	"0.01"	"100000"	"10000"	"200"	"1314029247253407904"	10000	"slope"	0.0526951182
"0.95"	"0.0"	"0.75"	"0.01"	"0.005"	"0.01"	"100000"	"10000"	"200"	"1314029247253407904"	10000	"intercept"	0.911648395
"0.95"	"0.0"	"0.75"	"0.01"	"0.005"	"0.01"	"100000"	"10000"	"200"	"1314029247253407904"	15000	"slope"	0.03544724255
"0.95"	"0.0"	"0.75"	"0.01"	"0.005"	"0.01"	"100000"	"10000"	"200"	"1314029247253407904"	15000	"intercept"	0.922523455
"0.95"	"0.0"	"0.75"	"0.01"	"0.005"	"0.01"	"100000"	"10000"	"200"	"1314029247253407904"	20000	"slope"	0.04130400172
"0.95"	"0.0"	"0.75"	"0.01"	"0.005"	"0.01"	"100000"	"10000"	"200"	"1314029247253407904"	20000	"intercept"	0.918413805
"0.95"	"0.0"	"0.75"	"0.01"	"0.005"	"0.01"	"100000"	"10000"	"200"	"1314029247253407904"	25000	"slope"	0.0432314216545
"0.95"	"0.0"	"0.75"	"0.01"	"0.005"	"0.01"	"100000"	"10000"	"200"	"1314029247253407904"	25000	"intercept"	0.91637137
"0.95"	"0.0"	"0.75"	"0.01"	"0.005"	"0.01"	"100000"	"10000"	"200"	"1314029247253407904"	30000	"slope"	0.0486300023
"0.95"	"0.0"	"0.75"	"0.01"	"0.005"	"0.01"	"100000"	"10000"	"200"	"1314029247253407904"	30000	"intercept"	0.91233061
"0.95"	"0.0"	"0.75"	"0.01"	"0.005"	"0.01"	"100000"	"10000"	"200"	"1314029247253407904"	35000	"slope"	0.02425709338
"0.95"	"0.0"	"0.75"	"0.01"	"0.005"	"0.01"	"100000"	"10000"	"200"	"1314029247253407904"	35000	"intercept"	0.92922774
"0.95"	"0.0"	"0.75"	"0.01"	"0.005"	"0.01"	"100000"	"10000"	"200"	"1314029247253407904"	40000	"slope"	0.02973038562
"0.95"	"0.0"	"0.75"	"0.01"	"0.005"	"0.01"	"100000"	"10000"	"200"	"1314029247253407904"	40000	"intercept"	0.92652558
"0.95"	"0.0"	"0.75"	"0.01"	"0.005"	"0.01"	"100000"	"10000"	"200"	"1314029247253407904"	45000	"slope"	0.0364281289
"0.95"	"0.0"	"0.75"	"0.01"	"0.005"	"0.01"	"100000"	"10000"	"200"	"1314029247253407904"	45000	"intercept"	0.91999491
"0.95"	"0.0"	"0.75"	"0.01"	"0.005"	"0.01"	"100000"	"10000"	"200"	"1314029247253407904"	50000	"slope"	0.02238758725
"0.95"	"0.0"	"0.75"	"0.01"	"0.005"	"0.01"	"100000"	"10000"	"200"	"1314029247253407904"	50000	"intercept"	0.936439045
"0.95"	"0.0"	"0.75"	"0.01"	"0.005"	"0.01"	"100000"	"10000"	"200"	"1314029247253407904"	55000	"slope"	0.0445654092
"0.95"	"0.0"	"0.75"	"0.01"	"0.005"	"0.01"	"100000"	"10000"	"200"	"1314029247253407904"	55000	"intercept"	0.91865259
"0.95"	"0.0"	"0.75"	"0.01"	"0.005"	"0.01"	"100000"	"10000"	"200"	"1314029247253407904"	60000	"slope"	0.05458987192
"0.95"	"0.0"	"0.75"	"0.01"	"0.005"	"0.01"	"100000"	"10000"	"200"	"1314029247253407904"	60000	"intercept"	0.906317085
"0.95"	"0.0"	"0.75"	"0.01"	"0.005"	"0.01"	"100000"	"10000"	"200"	"1314029247253407904"	65000	"slope"	0.044097516115
"0.95"	"0.0"	"0.75"	"0.01"	"0.005"	"0.01"	"100000"	"10000"	"200"	"1314029247253407904"	65000	"intercept"	0.916017215
"0.95"	"0.0"	"0.75"	"0.01"	"0.005"	"0.01"	"100000"	"10000"	"200"	"1314029247253407904"	70000	"slope"	0.03561797675
"0.95"	"0.0"	"0.75"	"0.01"	"0.005"	"0.01"	"100000"	"10000"	"200"	"1314029247253407904"	70000	"intercept"	0.92346457
"0.95"	"0.0"	"0.75"	"0.01"	"0.005"	"0.01"	"100000"	"10000"	"200"	"1314029247253407904"	75000	"slope"	0.039600299843
"0.95"	"0.0"	"0.75"	"0.01"	"0.005"	"0.01"	"100000"	"10000"	"200"	"1314029247253407904"	75000	"intercept"	0.920941415
"0.95"	"0.0"	"0.75"	"0.01"	"0.005"	"0.01"	"100000"	"10000"	"200"	"1314029247253407904"	80000	"slope"	0.0348873067
"0.95"	"0.0"	"0.75"	"0.01"	"0.005"	"0.01"	"100000"	"10000"	"200"	"1314029247253407904"	80000	"intercept"	0.924146805
"0.95"	"0.0"	"0.75"	"0.01"	"0.005"	"0.01"	"100000"	"10000"	"200"	"1314029247253407904"	85000	"slope"	0.0425742896
"0.95"	"0.0"	"0.75"	"0.01"	"0.005"	"0.01"	"100000"	"10000"	"200"	"1314029247253407904"	85000	"intercept"	0.916764425
"0.95"	"0.0"	"0.75"	"0.01"	"0.005"	"0.01"	"100000"	"10000"	"200"	"1314029247253407904"	90000	"slope"	0.031591609365
"0.95"	"0.0"	"0.75"	"0.01"	"0.005"	"0.01"	"100000"	"10000"	"200"	"1314029247253407904"	90000	"intercept"	0.92698934
"0.95"	"0.0"	"0.75"	"0.01"	"0.005"	"0.01"	"100000"	"10000"	"200"	"1314029247253407904"	95000	"slope"	0.0379918416
"0.95"	"0.0"	"0.75"	"0.01"	"0.005"	"0.01"	"100000"	"10000"	"200"	"1314029247253407904"	95000	"intercept"	0.922875875
"0.95"	"0.0"	"0.75"	"0.01"	"0.005"	"0.01"	"100000"	"10000"	"200"	"1314029247253407904"	100000	"slope"	0.03372488285
"0.95"	"0.0"	"0.75"	"0.01"	"0.005"	"0.01"	"100000"	"10000"	"200"	"1314029247253407904"	100000	"intercept"	0.924330275
"0.95"	"0.0"	"0.75"	"0.01"	"0.005"	"0.01"	"100000"	"10000"	"200"	"4535656672494124661"	10	"slope"	-0.00011890899
"0.95"	"0.0"	"0.75"	"0.01"	"0.005"	"0.01"	"100000"	"10000"	"200"	"4535656672494124661"	10	"intercept"	0.50016921
"0.95"	"0.0"	"0.75"	"0.01"	"0.005"	"0.01"	"100000"	"10000"	"200"	"4535656672494124661"	5000	"slope"	0.059223303
"0.95"	"0.0"	"0.75"	"0.01"	"0.005"	"0.01"	"100000"	"10000"	"200"	"4535656672494124661"	5000	"intercept"	0.90878716
"0.95"	"0.0"	"0.75"	"0.01"	"0.005"	"0.01"	"100000"	"10000"	"200"	"4535656672494124661"	10000	"slope"	0.02769219304
"0.95"	"0.0"	"0.75"	"0.01"	"0.005"	"0.01"	"100000"	"10000"	"200"	"4535656672494124661"	10000	"intercept"	0.92831253
"0.95"	"0.0"	"0.75"	"0.01"	"0.005"	"0.01"	"100000"	"10000"	"200"	"4535656672494124661"	15000	"slope"	0.0316016301
"0.95"	"0.0"	"0.75"	"0.01"	"0.005"	"0.01"	"100000"	"10000"	"200"	"4535656672494124661"	15000	"intercept"	0.92871604
"0.95"	"0.0"	"0.75"	"0.01"	"0.005"	"0.01"	"100000"	"10000"	"200"	"4535656672494124661"	20000	"slope"	0.038577228915
"0.95"	"0.0"	"0.75"	"0.01"	"0.005"	"0.01"	"100000"	"10000"	"200"	"4535656672494124661"	20000	"intercept"	0.92366523
"0.95"	"0.0"	"0.75"	"0.01"	"0.005"	"0.01"	"100000"	"10000"	"200"	"4535656672494124661"	25000	"slope"	0.04599736915
"0.95"	"0.0"	"0.75"	"0.01"	"0.005"	"0.01"	"100000"	"10000"	"200"	"4535656672494124661"	25000	"intercept"	0.91693589
"0.95"	"0.0"	"0.75"	"0.01"	"0.005"	"0.01"	"100000"	"10000"	"200"	"4535656672494124661"	30000	"slope"	0.03253865675
"0.95"	"0.0"	"0.75"	"0.01"	"0.005"	"0.01"	"100000"	"10000"	"200"	"4535656672494124661"	30000	"intercept"	0.92528457
"0.95"	"0.0"	"0.75"	"0.01"	"0.005"	"0.01"	"100000"	"10000"	"200"	"4535656672494124661"	35000	"slope"	0.03741761569
"0.95"	"0.0"	"0.75"	"0.01"	"0.005"	"0.01"	"100000"	"10000"	"200"	"4535656672494124661"	35000	"intercept"	0.921989325
"0.95"	"0.0"	"0.75"	"0.01"	"0.005"	"0.01"	"100000"	"10000"	"200"	"4535656672494124661"	40000	"slope"	0.0495900302
"0.95"	"0.0"	"0.75"	"0.01"	"0.005"	"0.01"	"100000"	"10000"	"200"	"4535656672494124661"	40000	"intercept"	0.913808935
"0.95"	"0.0"	"0.75"	"0.01"	"0.005"	"0.01"	"100000"	"10000"	"200"	"4535656672494124661"	45000	"slope"	0.04053458045
"0.95"	"0.0"	"0.75"	"0.01"	"0.005"	"0.01"	"100000"	"10000"	"200"	"4535656672494124661"	45000	"intercept"	0.918933765
"0.95"	"0.0"	"0.75"	"0.01"	"0.005"	"0.01"	"100000"	"10000"	"200"	"4535656672494124661"	50000	"slope"	0.02913002519
"0.95"	"0.0"	"0.75"	"0.01"	"0.005"	"0.01"	"100000"	"10000"	"200"	"4535656672494124661"	50000	"intercept"	0.928322345
"0.95"	"0.0"	"0.75"	"0.01"	"0.005"	"0.01"	"100000"	"10000"	"200"	"4535656672494124661"	55000	"slope"	0.0550004349
"0.95"	"0.0"	"0.75"	"0.01"	"0.005"	"0.01"	"100000"	"10000"	"200"	"4535656672494124661"	55000	"intercept"	0.910214085
"0.95"	"0.0"	"0.75"	"0.01"	"0.005"	"0.01"	"100000"	"10000"	"200"	"4535656672494124661"	60000	"slope"	0.034409459425
"0.95"	"0.0"	"0.75"	"0.01"	"0.005"	"0.01"	"100000"	"10000"	"200"	"4535656672494124661"	60000	"intercept"	0.924141225
"0.95"	"0.0"	"0.75"	"0.01"	"0.005"	"0.01"	"100000"	"10000"	"200"	"4535656672494124661"	65000	"slope"	0.026699036375
"0.95"	"0.0"	"0.75"	"0.01"	"0.005"	"0.01"	"100000"	"10000"	"200"	"4535656672494124661"	65000	"intercept"	0.92920555
"0.95"	"0.0"	"0.75"	"0.01"	"0.005"	"0.01"	"100000"	"10000"	"200"	"4535656672494124661"	70000	"slope"	0.03905099585
"0.95"	"0.0"	"0.75"	"0.01"	"0.005"	"0.01"	"100000"	"10000"	"200"	"4535656672494124661"	70000	"intercept"	0.918118835
"0.95"	"0.0"	"0.75"	"0.01"	"0.005"	"0.01"	"100000"	"10000"	"200"	"4535656672494124661"	75000	"slope"	0.02954895451
"0.95"	"0.0"	"0.75"	"0.01"	"0.005"	"0.01"	"100000"	"10000"	"200"	"4535656672494124661"	75000	"intercept"	0.925547085
"0.95"	"0.0"	"0.75"	"0.01"	"0.005"	"0.01"	"100000"	"10000"	"200"	"4535656672494124661"	80000	"slope"	0.0489425695
"0.95"	"0.0"	"0.75"	"0.01"	"0.005"	"0.01"	"100000"	"10000"	"200"	"4535656672494124661"	80000	"intercept"	0.91695021
"0.95"	"0.0"	"0.75"	"0.01"	"0.005"	"0.01"	"100000"	"10000"	"200"	"4535656672494124661"	85000	"slope"	0.04097502026
"0.95"	"0.0"	"0.75"	"0.01"	"0.005"	"0.01"	"100000"	"10000"	"200"	"4535656672494124661"	85000	"intercept"	0.9204444
"0.95"	"0.0"	"0.75"	"0.01"	"0.005"	"0.01"	"100000"	"10000"	"200"	"4535656672494124661"	90000	"slope"	0.05818549525
"0.95"	"0.0"	"0.75"	"0.01"	"0.005"	"0.01"	"100000"	"10000"	"200"	"4535656672494124661"	90000	"intercept"	0.90825356
"0.95"	"0.0"	"0.75"	"0.01"	"0.005"	"0.01"	"100000"	"10000"	"200"	"4535656672494124661"	95000	"slope"	0.0356237961528
"0.95"	"0.0"	"0.75"	"0.01"	"0.005"	"0.01"	"100000"	"10000"	"200"	"4535656672494124661"	95000	"intercept"	0.92191884
"0.95"	"0.0"	"0.75"	"0.01"	"0.005"	"0.01"	"100000"	"10000"	"200"	"4535656672494124661"	100000	"slope"	0.03892904049
"0.95"	"0.0"	"0.75"	"0.01"	"0.005"	"0.01"	"100000"	"10000"	"200"	"4535656672494124661"	100000	"intercept"	0.920839225
"0.95"	"0.0"	"0.75"	"0.01"	"0.005"	"0.01"	"100000"	"10000"	"200"	"8677921247007508580"	10	"slope"	7.0304e-05
"0.95"	"0.0"	"0.75"	"0.01"	"0.005"	"0.01"	"100000"	"10000"	"200"	"8677921247007508580"	10	"intercept"	0.499897075
"0.95"	"0.0"	"0.75"	"0.01"	"0.005"	"0.01"	"100000"	"10000"	"200"	"8677921247007508580"	5000	"slope"	0.07440225722
"0.95"	"0.0"	"0.75"	"0.01"	"0.005"	"0.01"	"100000"	"10000"	"200"	"8677921247007508580"	5000	"intercept"	0.896322425
"0.95"	"0.0"	"0.75"	"0.01"	"0.005"	"0.01"	"100000"	"10000"	"200"	"8677921247007508580"	10000	"slope"	0.024905907365
"0.95"	"0.0"	"0.75"	"0.01"	"0.005"	"0.01"	"100000"	"10000"	"200"	"8677921247007508580"	10000	"intercept"	0.930226615
"0.95"	"0.0"	"0.75"	"0.01"	"0.005"	"0.01"	"100000"	"10000"	"200"	"8677921247007508580"	15000	"slope"	0.03633728429
"0.95"	"0.0"	"0.75"	"0.01"	"0.005"	"0.01"	"100000"	"10000"	"200"	"8677921247007508580"	15000	"intercept"	0.92310804
"0.95"	"0.0"	"0.75"	"0.01"	"0.005"	"0.01"	"100000"	"10000"	"200"	"8677921247007508580"	20000	"slope"	0.028788870526
"0.95"	"0.0"	"0.75"	"0.01"	"0.005"	"0.01"	"100000"	"10000"	"200"	"8677921247007508580"	20000	"intercept"	0.929258185
"0.95"	"0.0"	"0.75"	"0.01"	"0.005"	"0.01"	"100000"	"10000"	"200"	"8677921247007508580"	25000	"slope"	0.0208039902415
"0.95"	"0.0"	"0.75"	"0.01"	"0.005"	"0.01"	"100000"	"10000"	"200"	"8677921247007508580"	25000	"intercept"	0.93390148
"0.95"	"0.0"	"0.75"	"0.01"	"0.005"	"0.01"	"100000"	"10000"	"200"	"8677921247007508580"	30000	"slope"	0.0323732029
"0.95"	"0.0"	"0.75"	"0.01"	"0.005"	"0.01"	"100000"	"10000"	"200"	"8677921247007508580"	30000	"intercept"	0.923110045
"0.95"	"0.0"	"0.75"	"0.01"	"0.005"	"0.01"	"100000"	"10000"	"200"	"8677921247007508580"	35000	"slope"	0.03562845385
"0.95"	"0.0"	"0.75"	"0.01"	"0.005"	"0.01"	"100000"	"10000"	"200"	"8677921247007508580"	35000	"intercept"	0.93013156
"0.95"	"0.0"	"0.75"	"0.01"	"0.005"	"0.01"	"100000"	"10000"	"200"	"8677921247007508580"	40000	"slope"	0.03888183255
"0.95"	"0.0"	"0.75"	"0.01"	"0.005"	"0.01"	"100000"	"10000"	"200"	"8677921247007508580"	40000	"intercept"	0.92356488
"0.95"	"0.0"	"0.75"	"0.01"	"0.005"	"0.01"	"100000"	"10000"	"200"	"8677921247007508580"	45000	"slope"	0.041995214755
"0.95"	"0.0"	"0.75"	"0.01"	"0.005"	"0.01"	"100000"	"10000"	"200"	"8677921247007508580"	45000	"intercept"	0.92057451
"0.95"	"0.0"	"0.75"	"0.01"	"0.005"	"0.01"	"100000"	"10000"	"200"	"8677921247007508580"	50000	"slope"	0.043702917165
"0.95"	"0.0"	"0.75"	"0.01"	"0.005"	"0.01"	"100000"	"10000"	"200"	"8677921247007508580"	50000	"intercept"	0.91918834
"0.95"	"0.0"	"0.75"	"0.01"	"0.005"	"0.01"	"100000"	"10000"	"200"	"8677921247007508580"	55000	"slope"	0.00620440395
"0.95"	"0.0"	"0.75"	"0.01"	"0.005"	"0.01"	"100000"	"10000"	"200"	"8677921247007508580"	55000	"intercept"	0.94326576
"0.95"	"0.0"	"0.75"	"0.01"	"0.005"	"0.01"	"100000"	"10000"	"200"	"8677921247007508580"	60000	"slope"	0.021880386765
"0.95"	"0.0"	"0.75"	"0.01"	"0.005"	"0.01"	"100000"	"10000"	"200"	"8677921247007508580"	60000	"intercept"	0.934420585
"0.95"	"0.0"	"0.75"	"0.01"	"0.005"	"0.01"	"100000"	"10000"	"200"	"8677921247007508580"	65000	"slope"	0.0446120977
"0.95"	"0.0"	"0.75"	"0.01"	"0.005"	"0.01"	"100000"	"10000"	"200"	"8677921247007508580"	65000	"intercept"	0.91607438
"0.95"	"0.0"	"0.75"	"0.01"	"0.005"	"0.01"	"100000"	"10000"	"200"	"8677921247007508580"	70000	"slope"	0.05003206985
"0.95"	"0.0"	"0.75"	"0.01"	"0.005"	"0.01"	"100000"	"10000"	"200"	"8677921247007508580"	70000	"intercept"	0.91298985
"0.95"	"0.0"	"0.75"	"0.01"	"0.005"	"0.01"	"100000"	"10000"	"200"	"8677921247007508580"	75000	"slope"	0.0540030177
"0.95"	"0.0"	"0.75"	"0.01"	"0.005"	"0.01"	"100000"	"10000"	"200"	"8677921247007508580"	75000	"intercept"	0.913984885
"0.95"	"0.0"	"0.75"	"0.01"	"0.005"	"0.01"	"100000"	"10000"	"200"	"8677921247007508580"	80000	"slope"	0.04426173843
"0.95"	"0.0"	"0.75"	"0.01"	"0.005"	"0.01"	"100000"	"10000"	"200"	"8677921247007508580"	80000	"intercept"	0.91751837
"0.95"	"0.0"	"0.75"	"0.01"	"0.005"	"0.01"	"100000"	"10000"	"200"	"8677921247007508580"	85000	"slope"	0.018274856515
"0.95"	"0.0"	"0.75"	"0.01"	"0.005"	"0.01"	"100000"	"10000"	"200"	"8677921247007508580"	85000	"intercept"	0.938945565
"0.95"	"0.0"	"0.75"	"0.01"	"0.005"	"0.01"	"100000"	"10000"	"200"	"8677921247007508580"	90000	"slope"	0.030375837705
"0.95"	"0.0"	"0.75"	"0.01"	"0.005"	"0.01"	"100000"	"10000"	"200"	"8677921247007508580"	90000	"intercept"	0.926764575
"0.95"	"0.0"	"0.75"	"0.01"	"0.005"	"0.01"	"100000"	"10000"	"200"	"8677921247007508580"	95000	"slope"	0.02494471023
"0.95"	"0.0"	"0.75"	"0.01"	"0.005"	"0.01"	"100000"	"10000"	"200"	"8677921247007508580"	95000	"intercept"	0.930802965
"0.95"	"0.0"	"0.75"	"0.01"	"0.005"	"0.01"	"100000"	"10000"	"200"	"8677921247007508580"	100000	"slope"	0.0252737431775
"0.95"	"0.0"	"0.75"	"0.01"	"0.005"	"0.01"	"100000"	"10000"	"200"	"8677921247007508580"	100000	"intercept"	0.934313465
"0.95"	"0.4"	"0.75"	"0.01"	"0.005"	"0.01"	"100000"	"10000"	"200"	"1215221674948030346"	10	"slope"	-0.00010903543
"0.95"	"0.4"	"0.75"	"0.01"	"0.005"	"0.01"	"100000"	"10000"	"200"	"1215221674948030346"	10	"intercept"	0.49984725
"0.95"	"0.4"	"0.75"	"0.01"	"0.005"	"0.01"	"100000"	"10000"	"200"	"1215221674948030346"	5000	"slope"	0.0529038458
"0.95"	"0.4"	"0.75"	"0.01"	"0.005"	"0.01"	"100000"	"10000"	"200"	"1215221674948030346"	5000	"intercept"	0.909449765
"0.95"	"0.4"	"0.75"	"0.01"	"0.005"	"0.01"	"100000"	"10000"	"200"	"1215221674948030346"	10000	"slope"	0.042011197775
"0.95"	"0.4"	"0.75"	"0.01"	"0.005"	"0.01"	"100000"	"10000"	"200"	"1215221674948030346"	10000	"intercept"	0.91417639
"0.95"	"0.4"	"0.75"	"0.01"	"0.005"	"0.01"	"100000"	"10000"	"200"	"1215221674948030346"	15000	"slope"	0.0262112223
"0.95"	"0.4"	"0.75"	"0.01"	"0.005"	"0.01"	"100000"	"10000"	"200"	"1215221674948030346"	15000	"intercept"	0.927225255
"0.95"	"0.4"	"0.75"	"0.01"	"0.005"	"0.01"	"100000"	"10000"	"200"	"1215221674948030346"	20000	"slope"	0.004827933075
"0.95"	"0.4"	"0.75"	"0.01"	"0.005"	"0.01"	"100000"	"10000"	"200"	"1215221674948030346"	20000	"intercept"	0.94246975
"0.95"	"0.4"	"0.75"	"0.01"	"0.005"	"0.01"	"100000"	"10000"	"200"	"1215221674948030346"	25000	"slope"	-0.004223929639
"0.95"	"0.4"	"0.75"	"0.01"	"0.005"	"0.01"	"100000"	"10000"	"200"	"1215221674948030346"	25000	"intercept"	0.94491476
"0.95"	"0.4"	"0.75"	"0.01"	"0.005"	"0.01"	"100000"	"10000"	"200"	"1215221674948030346"	30000	"slope"	0.016807306635
"0.95"	"0.4"	"0.75"	"0.01"	"0.005"	"0.01"	"100000"	"10000"	"200"	"1215221674948030346"	30000	"intercept"	0.929979675
"0.95"	"0.4"	"0.75"	"0.01"	"0.005"	"0.01"	"100000"	"10000"	"200"	"1215221674948030346"	35000	"slope"	0.02465024424
"0.95"	"0.4"	"0.75"	"0.01"	"0.005"	"0.01"	"100000"	"10000"	"200"	"1215221674948030346"	35000	"intercept"	0.929947425
"0.95"	"0.4"	"0.75"	"0.01"	"0.005"	"0.01"	"100000"	"10000"	"200"	"1215221674948030346"	40000	"slope"	0.021780155984
"0.95"	"0.4"	"0.75"	"0.01"	"0.005"	"0.01"	"100000"	"10000"	"200"	"1215221674948030346"	40000	"intercept"	0.9286364
"0.95"	"0.4"	"0.75"	"0.01"	"0.005"	"0.01"	"100000"	"10000"	"200"	"1215221674948030346"	45000	"slope"	0.013580463925
"0.95"	"0.4"	"0.75"	"0.01"	"0.005"	"0.01"	"100000"	"10000"	"200"	"1215221674948030346"	45000	"intercept"	0.93346678
"0.95"	"0.4"	"0.75"	"0.01"	"0.005"	"0.01"	"100000"	"10000"	"200"	"1215221674948030346"	50000	"slope"	0.027386198965
"0.95"	"0.4"	"0.75"	"0.01"	"0.005"	"0.01"	"100000"	"10000"	"200"	"1215221674948030346"	50000	"intercept"	0.92881549
"0.95"	"0.4"	"0.75"	"0.01"	"0.005"	"0.01"	"100000"	"10000"	"200"	"1215221674948030346"	55000	"slope"	0.03279908575
"0.95"	"0.4"	"0.75"	"0.01"	"0.005"	"0.01"	"100000"	"10000"	"200"	"1215221674948030346"	55000	"intercept"	0.91995879
"0.95"	"0.4"	"0.75"	"0.01"	"0.005"	"0.01"	"100000"	"10000"	"200"	"1215221674948030346"	60000	"slope"	0.025891521455
"0.95"	"0.4"	"0.75"	"0.01"	"0.005"	"0.01"	"100000"	"10000"	"200"	"1215221674948030346"	60000	"intercept"	0.92857345
"0.95"	"0.4"	"0.75"	"0.01"	"0.005"	"0.01"	"100000"	"10000"	"200"	"1215221674948030346"	65000	"slope"	0.02100819944
"0.95"	"0.4"	"0.75"	"0.01"	"0.005"	"0.01"	"100000"	"10000"	"200"	"1215221674948030346"	65000	"intercept"	0.92761552
"0.95"	"0.4"	"0.75"	"0.01"	"0.005"	"0.01"	"100000"	"10000"	"200"	"1215221674948030346"	70000	"slope"	0.02542453188
"0.95"	"0.4"	"0.75"	"0.01"	"0.005"	"0.01"	"100000"	"10000"	"200"	"1215221674948030346"	70000	"intercept"	0.928725045
"0.95"	"0.4"	"0.75"	"0.01"	"0.005"	"0.01"	"100000"	"10000"	"200"	"1215221674948030346"	75000	"slope"	0.005062350285
"0.95"	"0.4"	"0.75"	"0.01"	"0.005"	"0.01"	"100000"	"10000"	"200"	"1215221674948030346"	75000	"intercept"	0.938351585
"0.95"	"0.4"	"0.75"	"0.01"	"0.005"	"0.01"	"100000"	"10000"	"200"	"1215221674948030346"	80000	"slope"	0.036636333575
"0.95"	"0.4"	"0.75"	"0.01"	"0.005"	"0.01"	"100000"	"10000"	"200"	"1215221674948030346"	80000	"intercept"	0.91819658
"0.95"	"0.4"	"0.75"	"0.01"	"0.005"	"0.01"	"100000"	"10000"	"200"	"1215221674948030346"	85000	"slope"	0.0169605181455
"0.95"	"0.4"	"0.75"	"0.01"	"0.005"	"0.01"	"100000"	"10000"	"200"	"1215221674948030346"	85000	"intercept"	0.93419675
"0.95"	"0.4"	"0.75"	"0.01"	"0.005"	"0.01"	"100000"	"10000"	"200"	"1215221674948030346"	90000	"slope"	0.00439724315
"0.95"	"0.4"	"0.75"	"0.01"	"0.005"	"0.01"	"100000"	"10000"	"200"	"1215221674948030346"	90000	"intercept"	0.93662717
"0.95"	"0.4"	"0.75"	"0.01"	"0.005"	"0.01"	"100000"	"10000"	"200"	"1215221674948030346"	95000	"slope"	0.00583561595
"0.95"	"0.4"	"0.75"	"0.01"	"0.005"	"0.01"	"100000"	"10000"	"200"	"1215221674948030346"	95000	"intercept"	0.935843445
"0.95"	"0.4"	"0.75"	"0.01"	"0.005"	"0.01"	"100000"	"10000"	"200"	"1215221674948030346"	100000	"slope"	0.01448987333
"0.95"	"0.4"	"0.75"	"0.01"	"0.005"	"0.01"	"100000"	"10000"	"200"	"1215221674948030346"	100000	"intercept"	0.936161575
"0.95"	"0.4"	"0.75"	"0.01"	"0.005"	"0.01"	"100000"	"10000"	"200"	"6206554842308072738"	10	"slope"	-0.00027778015
"0.95"	"0.4"	"0.75"	"0.01"	"0.005"	"0.01"	"100000"	"10000"	"200"	"6206554842308072738"	10	"intercept"	0.500023995
"0.95"	"0.4"	"0.75"	"0.01"	"0.005"	"0.01"	"100000"	"10000"	"200"	"6206554842308072738"	5000	"slope"	0.099075585
"0.95"	"0.4"	"0.75"	"0.01"	"0.005"	"0.01"	"100000"	"10000"	"200"	"6206554842308072738"	5000	"intercept"	0.874067155
"0.95"	"0.4"	"0.75"	"0.01"	"0.005"	"0.01"	"100000"	"10000"	"200"	"6206554842308072738"	10000	"slope"	0.0534936955
"0.95"	"0.4"	"0.75"	"0.01"	"0.005"	"0.01"	"100000"	"10000"	"200"	"6206554842308072738"	10000	"intercept"	0.90796497
"0.95"	"0.4"	"0.75"	"0.01"	"0.005"	"0.01"	"100000"	"10000"	"200"	"6206554842308072738"	15000	"slope"	0.0264019165665
"0.95"	"0.4"	"0.75"	"0.01"	"0.005"	"0.01"	"100000"	"10000"	"200"	"6206554842308072738"	15000	"intercept"	0.926717135
"0.95"	"0.4"	"0.75"	"0.01"	"0.005"	"0.01"	"100000"	"10000"	"200"	"6206554842308072738"	20000	"slope"	0.016969772935
"0.95"	"0.4"	"0.75"	"0.01"	"0.005"	"0.01"	"100000"	"10000"	"200"	"6206554842308072738"	20000	"intercept"	0.93550592
"0.95"	"0.4"	"0.75"	"0.01"	"0.005"	"0.01"	"100000"	"10000"	"200"	"6206554842308072738"	25000	"slope"	0.0271749635
"0.95"	"0.4"	"0.75"	"0.01"	"0.005"	"0.01"	"100000"	"10000"	"200"	"6206554842308072738"	25000	"intercept"	0.927025585
"0.95"	"0.4"	"0.75"	"0.01"	"0.005"	"0.01"	"100000"	"10000"	"200"	"6206554842308072738"	30000	"slope"	0.03040709342
"0.95"	"0.4"	"0.75"	"0.01"	"0.005"	"0.01"	"100000"	"10000"	"200"	"6206554842308072738"	30000	"intercept"	0.925501685
"0.95"	"0.4"	"0.75"	"0.01"	"0.005"	"0.01"	"100000"	"10000"	"200"	"6206554842308072738"	35000	"slope"	0.023092639955
"0.95"	"0.4"	"0.75"	"0.01"	"0.005"	"0.01"	"100000"	"10000"	"200"	"6206554842308072738"	35000	"intercept"	0.928844915
"0.95"	"0.4"	"0.75"	"0.01"	"0.005"	"0.01"	"100000"	"10000"	"200"	"6206554842308072738"	40000	"slope"	0.0327487449
"0.95"	"0.4"	"0.75"	"0.01"	"0.005"	"0.01"	"100000"	"10000"	"200"	"6206554842308072738"	40000	"intercept"	0.92201774
"0.95"	"0.4"	"0.75"	"0.01"	"0.005"	"0.01"	"100000"	"10000"	"200"	"6206554842308072738"	45000	"slope"	0.01944207265
"0.95"	"0.4"	"0.75"	"0.01"	"0.005"	"0.01"	"100000"	"10000"	"200"	"6206554842308072738"	45000	"intercept"	0.932517025
"0.95"	"0.4"	"0.75"	"0.01"	"0.005"	"0.01"	"100000"	"10000"	"200"	"6206554842308072738"	50000	"slope"	-0.0006732855
"0.95"	"0.4"	"0.75"	"0.01"	"0.005"	"0.01"	"100000"	"10000"	"200"	"6206554842308072738"	50000	"intercept"	0.947215505
"0.95"	"0.4"	"0.75"	"0.01"	"0.005"	"0.01"	"100000"	"10000"	"200"	"6206554842308072738"	55000	"slope"	0.01041988038
"0.95"	"0.4"	"0.75"	"0.01"	"0.005"	"0.01"	"100000"	"10000"	"200"	"6206554842308072738"	55000	"intercept"	0.93568059
"0.95"	"0.4"	"0.75"	"0.01"	"0.005"	"0.01"	"100000"	"10000"	"200"	"6206554842308072738"	60000	"slope"	-0.00149883439
"0.95"	"0.4"	"0.75"	"0.01"	"0.005"	"0.01"	"100000"	"10000"	"200"	"6206554842308072738"	60000	"intercept"	0.94266857
"0.95"	"0.4"	"0.75"	"0.01"	"0.005"	"0.01"	"100000"	"10000"	"200"	"6206554842308072738"	65000	"slope"	0.0074715689
"0.95"	"0.4"	"0.75"	"0.01"	"0.005"	"0.01"	"100000"	"10000"	"200"	"6206554842308072738"	65000	"intercept"	0.9348735
"0.95"	"0.4"	"0.75"	"0.01"	"0.005"	"0.01"	"100000"	"10000"	"200"	"6206554842308072738"	70000	"slope"	0.02281390957
"0.95"	"0.4"	"0.75"	"0.01"	"0.005"	"0.01"	"100000"	"10000"	"200"	"6206554842308072738"	70000	"intercept"	0.93380918
"0.95"	"0.4"	"0.75"	"0.01"	"0.005"	"0.01"	"100000"	"10000"	"200"	"6206554842308072738"	75000	"slope"	0.023557555315
"0.95"	"0.4"	"0.75"	"0.01"	"0.005"	"0.01"	"100000"	"10000"	"200"	"6206554842308072738"	75000	"intercept"	0.92943764
"0.95"	"0.4"	"0.75"	"0.01"	"0.005"	"0.01"	"100000"	"10000"	"200"	"6206554842308072738"	80000	"slope"	-0.00042838919
"0.95"	"0.4"	"0.75"	"0.01"	"0.005"	"0.01"	"100000"	"10000"	"200"	"6206554842308072738"	80000	"intercept"	0.944740295
"0.95"	"0.4"	"0.75"	"0.01"	"0.005"	"0.01"	"100000"	"10000"	"200"	"6206554842308072738"	85000	"slope"	0.00164284813
"0.95"	"0.4"	"0.75"	"0.01"	"0.005"	"0.01"	"100000"	"10000"	"200"	"6206554842308072738"	85000	"intercept"	0.94014428
"0.95"	"0.4"	"0.75"	"0.01"	"0.005"	"0.01"	"100000"	"10000"	"200"	"6206554842308072738"	90000	"slope"	0.002929361405
"0.95"	"0.4"	"0.75"	"0.01"	"0.005"	"0.01"	"100000"	"10000"	"200"	"6206554842308072738"	90000	"intercept"	0.939336805
"0.95"	"0.4"	"0.75"	"0.01"	"0.005"	"0.01"	"100000"	"10000"	"200"	"6206554842308072738"	95000	"slope"	0.0266562337
"0.95"	"0.4"	"0.75"	"0.01"	"0.005"	"0.01"	"100000"	"10000"	"200"	"6206554842308072738"	95000	"intercept"	0.925470585
"0.95"	"0.4"	"0.75"	"0.01"	"0.005"	"0.01"	"100000"	"10000"	"200"	"6206554842308072738"	100000	"slope"	0.01484561415
"0.95"	"0.4"	"0.75"	"0.01"	"0.005"	"0.01"	"100000"	"10000"	"200"	"6206554842308072738"	100000	"intercept"	0.93439457
"0.95"	"0.4"	"0.75"	"0.01"	"0.005"	"0.01"	"100000"	"10000"	"200"	"6950764723769732898"	10	"slope"	0.0002239821
"0.95"	"0.4"	"0.75"	"0.01"	"0.005"	"0.01"	"100000"	"10000"	"200"	"6950764723769732898"	10	"intercept"	0.499748385
"0.95"	"0.4"	"0.75"	"0.01"	"0.005"	"0.01"	"100000"	"10000"	"200"	"6950764723769732898"	5000	"slope"	0.1298731475
"0.95"	"0.4"	"0.75"	"0.01"	"0.005"	"0.01"	"100000"	"10000"	"200"	"6950764723769732898"	5000	"intercept"	0.848017325
"0.95"	"0.4"	"0.75"	"0.01"	"0.005"	"0.01"	"100000"	"10000"	"200"	"6950764723769732898"	10000	"slope"	0.060070081
"0.95"	"0.4"	"0.75"	"0.01"	"0.005"	"0.01"	"100000"	"10000"	"200"	"6950764723769732898"	10000	"intercept"	0.90198573
"0.95"	"0.4"	"0.75"	"0.01"	"0.005"	"0.01"	"100000"	"10000"	"200"	"6950764723769732898"	15000	"slope"	0.03668299235
"0.95"	"0.4"	"0.75"	"0.01"	"0.005"	"0.01"	"100000"	"10000"	"200"	"6950764723769732898"	15000	"intercept"	0.916808425
"0.95"	"0.4"	"0.75"	"0.01"	"0.005"	"0.01"	"100000"	"10000"	"200"	"6950764723769732898"	20000	"slope"	0.03231764433
"0.95"	"0.4"	"0.75"	"0.01"	"0.005"	"0.01"	"100000"	"10000"	"200"	"6950764723769732898"	20000	"intercept"	0.92225295
"0.95"	"0.4"	"0.75"	"0.01"	"0.005"	"0.01"	"100000"	"10000"	"200"	"6950764723769732898"	25000	"slope"	0.0116442356
"0.95"	"0.4"	"0.75"	"0.01"	"0.005"	"0.01"	"100000"	"10000"	"200"	"6950764723769732898"	25000	"intercept"	0.93583572
"0.95"	"0.4"	"0.75"	"0.01"	"0.005"	"0.01"	"100000"	"10000"	"200"	"6950764723769732898"	30000	"slope"	0.04330060906
"0.95"	"0.4"	"0.75"	"0.01"	"0.005"	"0.01"	"100000"	"10000"	"200"	"6950764723769732898"	30000	"intercept"	0.91749201
"0.95"	"0.4"	"0.75"	"0.01"	"0.005"	"0.01"	"100000"	"10000"	"200"	"6950764723769732898"	35000	"slope"	0.00874715706
"0.95"	"0.4"	"0.75"	"0.01"	"0.005"	"0.01"	"100000"	"10000"	"200"	"6950764723769732898"	35000	"intercept"	0.937779935
"0.95"	"0.4"	"0.75"	"0.01"	"0.005"	"0.01"	"100000"	"10000"	"200"	"6950764723769732898"	40000	"slope"	0.0155508391
"0.95"	"0.4"	"0.75"	"0.01"	"0.005"	"0.01"	"100000"	"10000"	"200"	"6950764723769732898"	40000	"intercept"	0.935296575
"0.95"	"0.4"	"0.75"	"0.01"	"0.005"	"0.01"	"100000"	"10000"	"200"	"6950764723769732898"	45000	"slope"	0.0179973462
"0.95"	"0.4"	"0.75"	"0.01"	"0.005"	"0.01"	"100000"	"10000"	"200"	"6950764723769732898"	45000	"intercept"	0.931754145
"0.95"	"0.4"	"0.75"	"0.01"	"0.005"	"0.01"	"100000"	"10000"	"200"	"6950764723769732898"	50000	"slope"	0.0057859929
"0.95"	"0.4"	"0.75"	"0.01"	"0.005"	"0.01"	"100000"	"10000"	"200"	"6950764723769732898"	50000	"intercept"	0.93613624
"0.95"	"0.4"	"0.75"	"0.01"	"0.005"	"0.01"	"100000"	"10000"	"200"	"6950764723769732898"	55000	"slope"	0.024663539645
"0.95"	"0.4"	"0.75"	"0.01"	"0.005"	"0.01"	"100000"	"10000"	"200"	"6950764723769732898"	55000	"intercept"	0.928185905
"0.95"	"0.4"	"0.75"	"0.01"	"0.005"	"0.01"	"100000"	"10000"	"200"	"6950764723769732898"	60000	"slope"	0.0287893809
"0.95"	"0.4"	"0.75"	"0.01"	"0.005"	"0.01"	"100000"	"10000"	"200"	"6950764723769732898"	60000	"intercept"	0.92734664
"0.95"	"0.4"	"0.75"	"0.01"	"0.005"	"0.01"	"100000"	"10000"	"200"	"6950764723769732898"	65000	"slope"	0.010010767355
"0.95"	"0.4"	"0.75"	"0.01"	"0.005"	"0.01"	"100000"	"10000"	"200"	"6950764723769732898"	65000	"intercept"	0.93626657
"0.95"	"0.4"	"0.75"	"0.01"	"0.005"	"0.01"	"100000"	"10000"	"200"	"6950764723769732898"	70000	"slope"	0.008982871655
"0.95"	"0.4"	"0.75"	"0.01"	"0.005"	"0.01"	"100000"	"10000"	"200"	"6950764723769732898"	70000	"intercept"	0.93977958
"0.95"	"0.4"	"0.75"	"0.01"	"0.005"	"0.01"	"100000"	"10000"	"200"	"6950764723769732898"	75000	"slope"	0.000944971364999999
"0.95"	"0.4"	"0.75"	"0.01"	"0.005"	"0.01"	"100000"	"10000"	"200"	"6950764723769732898"	75000	"intercept"	0.94085646
"0.95"	"0.4"	"0.75"	"0.01"	"0.005"	"0.01"	"100000"	"10000"	"200"	"6950764723769732898"	80000	"slope"	0.01535503305
"0.95"	"0.4"	"0.75"	"0.01"	"0.005"	"0.01"	"100000"	"10000"	"200"	"6950764723769732898"	80000	"intercept"	0.93427306
"0.95"	"0.4"	"0.75"	"0.01"	"0.005"	"0.01"	"100000"	"10000"	"200"	"6950764723769732898"	85000	"slope"	0.005084709735
"0.95"	"0.4"	"0.75"	"0.01"	"0.005"	"0.01"	"100000"	"10000"	"200"	"6950764723769732898"	85000	"intercept"	0.941368215
"0.95"	"0.4"	"0.75"	"0.01"	"0.005"	"0.01"	"100000"	"10000"	"200"	"6950764723769732898"	90000	"slope"	-0.000841955715
"0.95"	"0.4"	"0.75"	"0.01"	"0.005"	"0.01"	"100000"	"10000"	"200"	"6950764723769732898"	90000	"intercept"	0.946364055
"0.95"	"0.4"	"0.75"	"0.01"	"0.005"	"0.01"	"100000"	"10000"	"200"	"6950764723769732898"	95000	"slope"	-0.001566727265
"0.95"	"0.4"	"0.75"	"0.01"	"0.005"	"0.01"	"100000"	"10000"	"200"	"6950764723769732898"	95000	"intercept"	0.94231896
"0.95"	"0.4"	"0.75"	"0.01"	"0.005"	"0.01"	"100000"	"10000"	"200"	"6950764723769732898"	100000	"slope"	0.032274699255
"0.95"	"0.4"	"0.75"	"0.01"	"0.005"	"0.01"	"100000"	"10000"	"200"	"6950764723769732898"	100000	"intercept"	0.921653635
"0.95"	"0.6"	"0.75"	"0.01"	"0.005"	"0.01"	"100000"	"10000"	"200"	"5158346842390032569"	10	"slope"	-3.8325e-06
"0.95"	"0.6"	"0.75"	"0.01"	"0.005"	"0.01"	"100000"	"10000"	"200"	"5158346842390032569"	10	"intercept"	0.500158015
"0.95"	"0.6"	"0.75"	"0.01"	"0.005"	"0.01"	"100000"	"10000"	"200"	"5158346842390032569"	5000	"slope"	0.053947983733
"0.95"	"0.6"	"0.75"	"0.01"	"0.005"	"0.01"	"100000"	"10000"	"200"	"5158346842390032569"	5000	"intercept"	0.751694715
"0.95"	"0.6"	"0.75"	"0.01"	"0.005"	"0.01"	"100000"	"10000"	"200"	"5158346842390032569"	10000	"slope"	-0.051046957435
"0.95"	"0.6"	"0.75"	"0.01"	"0.005"	"0.01"	"100000"	"10000"	"200"	"5158346842390032569"	10000	"intercept"	0.69800289
"0.95"	"0.6"	"0.75"	"0.01"	"0.005"	"0.01"	"100000"	"10000"	"200"	"5158346842390032569"	15000	"slope"	-0.089057103215
"0.95"	"0.6"	"0.75"	"0.01"	"0.005"	"0.01"	"100000"	"10000"	"200"	"5158346842390032569"	15000	"intercept"	0.68193801168
"0.95"	"0.6"	"0.75"	"0.01"	"0.005"	"0.01"	"100000"	"10000"	"200"	"5158346842390032569"	20000	"slope"	-0.135230558114
"0.95"	"0.6"	"0.75"	"0.01"	"0.005"	"0.01"	"100000"	"10000"	"200"	"5158346842390032569"	20000	"intercept"	0.57293394
"0.95"	"0.6"	"0.75"	"0.01"	"0.005"	"0.01"	"100000"	"10000"	"200"	"5158346842390032569"	25000	"slope"	-0.143048346025
"0.95"	"0.6"	"0.75"	"0.01"	"0.005"	"0.01"	"100000"	"10000"	"200"	"5158346842390032569"	25000	"intercept"	0.624163395
"0.95"	"0.6"	"0.75"	"0.01"	"0.005"	"0.01"	"100000"	"10000"	"200"	"5158346842390032569"	30000	"slope"	-0.08202607699
"0.95"	"0.6"	"0.75"	"0.01"	"0.005"	"0.01"	"100000"	"10000"	"200"	"5158346842390032569"	30000	"intercept"	0.7138936
"0.95"	"0.6"	"0.75"	"0.01"	"0.005"	"0.01"	"100000"	"10000"	"200"	"5158346842390032569"	35000	"slope"	-0.13032966631
"0.95"	"0.6"	"0.75"	"0.01"	"0.005"	"0.01"	"100000"	"10000"	"200"	"5158346842390032569"	35000	"intercept"	0.586845375
"0.95"	"0.6"	"0.75"	"0.01"	"0.005"	"0.01"	"100000"	"10000"	"200"	"5158346842390032569"	40000	"slope"	-0.10166844835
"0.95"	"0.6"	"0.75"	"0.01"	"0.005"	"0.01"	"100000"	"10000"	"200"	"5158346842390032569"	40000	"intercept"	0.584130625
"0.95"	"0.6"	"0.75"	"0.01"	"0.005"	"0.01"	"100000"	"10000"	"200"	"5158346842390032569"	45000	"slope"	-0.0930841004
"0.95"	"0.6"	"0.75"	"0.01"	"0.005"	"0.01"	"100000"	"10000"	"200"	"5158346842390032569"	45000	"intercept"	0.58294488
"0.95"	"0.6"	"0.75"	"0.01"	"0.005"	"0.01"	"100000"	"10000"	"200"	"5158346842390032569"	50000	"slope"	-0.082506487905
"0.95"	"0.6"	"0.75"	"0.01"	"0.005"	"0.01"	"100000"	"10000"	"200"	"5158346842390032569"	50000	"intercept"	0.573506915
"0.95"	"0.6"	"0.75"	"0.01"	"0.005"	"0.01"	"100000"	"10000"	"200"	"5158346842390032569"	55000	"slope"	-0.033526066335
"0.95"	"0.6"	"0.75"	"0.01"	"0.005"	"0.01"	"100000"	"10000"	"200"	"5158346842390032569"	55000	"intercept"	0.69185443
"0.95"	"0.6"	"0.75"	"0.01"	"0.005"	"0.01"	"100000"	"10000"	"200"	"5158346842390032569"	60000	"slope"	-0.046182513745
"0.95"	"0.6"	"0.75"	"0.01"	"0.005"	"0.01"	"100000"	"10000"	"200"	"5158346842390032569"	60000	"intercept"	0.62118635
"0.95"	"0.6"	"0.75"	"0.01"	"0.005"	"0.01"	"100000"	"10000"	"200"	"5158346842390032569"	65000	"slope"	-0.0940679649
"0.95"	"0.6"	"0.75"	"0.01"	"0.005"	"0.01"	"100000"	"10000"	"200"	"5158346842390032569"	65000	"intercept"	0.53247602
"0.95"	"0.6"	"0.75"	"0.01"	"0.005"	"0.01"	"100000"	"10000"	"200"	"5158346842390032569"	70000	"slope"	-0.13064855561
"0.95"	"0.6"	"0.75"	"0.01"	"0.005"	"0.01"	"100000"	"10000"	"200"	"5158346842390032569"	70000	"intercept"	0.49114873
"0.95"	"0.6"	"0.75"	"0.01"	"0.005"	"0.01"	"100000"	"10000"	"200"	"5158346842390032569"	75000	"slope"	-0.066357495385
"0.95"	"0.6"	"0.75"	"0.01"	"0.005"	"0.01"	"100000"	"10000"	"200"	"5158346842390032569"	75000	"intercept"	0.582248025
"0.95"	"0.6"	"0.75"	"0.01"	"0.005"	"0.01"	"100000"	"10000"	"200"	"5158346842390032569"	80000	"slope"	-0.048975891005
"0.95"	"0.6"	"0.75"	"0.01"	"0.005"	"0.01"	"100000"	"10000"	"200"	"5158346842390032569"	80000	"intercept"	0.511241255
"0.95"	"0.6"	"0.75"	"0.01"	"0.005"	"0.01"	"100000"	"10000"	"200"	"5158346842390032569"	85000	"slope"	-0.047677407545
"0.95"	"0.6"	"0.75"	"0.01"	"0.005"	"0.01"	"100000"	"10000"	"200"	"5158346842390032569"	85000	"intercept"	0.54712364
"0.95"	"0.6"	"0.75"	"0.01"	"0.005"	"0.01"	"100000"	"10000"	"200"	"5158346842390032569"	90000	"slope"	-0.1128063132
"0.95"	"0.6"	"0.75"	"0.01"	"0.005"	"0.01"	"100000"	"10000"	"200"	"5158346842390032569"	90000	"intercept"	0.4231873
"0.95"	"0.6"	"0.75"	"0.01"	"0.005"	"0.01"	"100000"	"10000"	"200"	"5158346842390032569"	95000	"slope"	-0.05328014525
"0.95"	"0.6"	"0.75"	"0.01"	"0.005"	"0.01"	"100000"	"10000"	"200"	"5158346842390032569"	95000	"intercept"	0.534243
"0.95"	"0.6"	"0.75"	"0.01"	"0.005"	"0.01"	"100000"	"10000"	"200"	"5158346842390032569"	100000	"slope"	-0.05058597245
"0.95"	"0.6"	"0.75"	"0.01"	"0.005"	"0.01"	"100000"	"10000"	"200"	"5158346842390032569"	100000	"intercept"	0.458344905
"0.95"	"0.6"	"0.75"	"0.01"	"0.005"	"0.01"	"100000"	"10000"	"200"	"5427964427573726192"	10	"slope"	6.777725e-05
"0.95"	"0.6"	"0.75"	"0.01"	"0.005"	"0.01"	"100000"	"10000"	"200"	"5427964427573726192"	10	"intercept"	0.500024235
"0.95"	"0.6"	"0.75"	"0.01"	"0.005"	"0.01"	"100000"	"10000"	"200"	"5427964427573726192"	5000	"slope"	0.0229301665
"0.95"	"0.6"	"0.75"	"0.01"	"0.005"	"0.01"	"100000"	"10000"	"200"	"5427964427573726192"	5000	"intercept"	0.779943165
"0.95"	"0.6"	"0.75"	"0.01"	"0.005"	"0.01"	"100000"	"10000"	"200"	"5427964427573726192"	10000	"slope"	-0.0124060186
"0.95"	"0.6"	"0.75"	"0.01"	"0.005"	"0.01"	"100000"	"10000"	"200"	"5427964427573726192"	10000	"intercept"	0.724662355
"0.95"	"0.6"	"0.75"	"0.01"	"0.005"	"0.01"	"100000"	"10000"	"200"	"5427964427573726192"	15000	"slope"	-0.07219395972
"0.95"	"0.6"	"0.75"	"0.01"	"0.005"	"0.01"	"100000"	"10000"	"200"	"5427964427573726192"	15000	"intercept"	0.69217924313
"0.95"	"0.6"	"0.75"	"0.01"	"0.005"	"0.01"	"100000"	"10000"	"200"	"5427964427573726192"	20000	"slope"	-0.10304608884
"0.95"	"0.6"	"0.75"	"0.01"	"0.005"	"0.01"	"100000"	"10000"	"200"	"5427964427573726192"	20000	"intercept"	0.664052195
"0.95"	"0.6"	"0.75"	"0.01"	"0.005"	"0.01"	"100000"	"10000"	"200"	"5427964427573726192"	25000	"slope"	-0.11546234168
"0.95"	"0.6"	"0.75"	"0.01"	"0.005"	"0.01"	"100000"	"10000"	"200"	"5427964427573726192"	25000	"intercept"	0.657889985
"0.95"	"0.6"	"0.75"	"0.01"	"0.005"	"0.01"	"100000"	"10000"	"200"	"5427964427573726192"	30000	"slope"	-0.140203362189
"0.95"	"0.6"	"0.75"	"0.01"	"0.005"	"0.01"	"100000"	"10000"	"200"	"5427964427573726192"	30000	"intercept"	0.64635252
"0.95"	"0.6"	"0.75"	"0.01"	"0.005"	"0.01"	"100000"	"10000"	"200"	"5427964427573726192"	35000	"slope"	-0.13732897746
"0.95"	"0.6"	"0.75"	"0.01"	"0.005"	"0.01"	"100000"	"10000"	"200"	"5427964427573726192"	35000	"intercept"	0.68688318
"0.95"	"0.6"	"0.75"	"0.01"	"0.005"	"0.01"	"100000"	"10000"	"200"	"5427964427573726192"	40000	"slope"	-0.18371557725
"0.95"	"0.6"	"0.75"	"0.01"	"0.005"	"0.01"	"100000"	"10000"	"200"	"5427964427573726192"	40000	"intercept"	0.586436425
"0.95"	"0.6"	"0.75"	"0.01"	"0.005"	"0.01"	"100000"	"10000"	"200"	"5427964427573726192"	45000	"slope"	-0.14439312943
"0.95"	"0.6"	"0.75"	"0.01"	"0.005"	"0.01"	"100000"	"10000"	"200"	"5427964427573726192"	45000	"intercept"	0.64649491
"0.95"	"0.6"	"0.75"	"0.01"	"0.005"	"0.01"	"100000"	"10000"	"200"	"5427964427573726192"	50000	"slope"	-0.1045319585
"0.95"	"0.6"	"0.75"	"0.01"	"0.005"	"0.01"	"100000"	"10000"	"200"	"5427964427573726192"	50000	"intercept"	0.692318525
"0.95"	"0.6"	"0.75"	"0.01"	"0.005"	"0.01"	"100000"	"10000"	"200"	"5427964427573726192"	55000	"slope"	-0.1803230943
"0.95"	"0.6"	"0.75"	"0.01"	"0.005"	"0.01"	"100000"	"10000"	"200"	"5427964427573726192"	55000	"intercept"	0.45243787
"0.95"	"0.6"	"0.75"	"0.01"	"0.005"	"0.01"	"100000"	"10000"	"200"	"5427964427573726192"	60000	"slope"	-0.1517282673
"0.95"	"0.6"	"0.75"	"0.01"	"0.005"	"0.01"	"100000"	"10000"	"200"	"5427964427573726192"	60000	"intercept"	0.648747595
"0.95"	"0.6"	"0.75"	"0.01"	"0.005"	"0.01"	"100000"	"10000"	"200"	"5427964427573726192"	65000	"slope"	-0.173170718065
"0.95"	"0.6"	"0.75"	"0.01"	"0.005"	"0.01"	"100000"	"10000"	"200"	"5427964427573726192"	65000	"intercept"	0.51807122
"0.95"	"0.6"	"0.75"	"0.01"	"0.005"	"0.01"	"100000"	"10000"	"200"	"5427964427573726192"	70000	"slope"	-0.120861291085
"0.95"	"0.6"	"0.75"	"0.01"	"0.005"	"0.01"	"100000"	"10000"	"200"	"5427964427573726192"	70000	"intercept"	0.511866695
"0.95"	"0.6"	"0.75"	"0.01"	"0.005"	"0.01"	"100000"	"10000"	"200"	"5427964427573726192"	75000	"slope"	0.0064648175
"0.95"	"0.6"	"0.75"	"0.01"	"0.005"	"0.01"	"100000"	"10000"	"200"	"5427964427573726192"	75000	"intercept"	0.54166701
"0.95"	"0.6"	"0.75"	"0.01"	"0.005"	"0.01"	"100000"	"10000"	"200"	"5427964427573726192"	80000	"slope"	-0.0040632595
"0.95"	"0.6"	"0.75"	"0.01"	"0.005"	"0.01"	"100000"	"10000"	"200"	"5427964427573726192"	80000	"intercept"	0.51025216
"0.95"	"0.6"	"0.75"	"0.01"	"0.005"	"0.01"	"100000"	"10000"	"200"	"5427964427573726192"	85000	"slope"	-0.057438551915
"0.95"	"0.6"	"0.75"	"0.01"	"0.005"	"0.01"	"100000"	"10000"	"200"	"5427964427573726192"	85000	"intercept"	0.585614595
"0.95"	"0.6"	"0.75"	"0.01"	"0.005"	"0.01"	"100000"	"10000"	"200"	"5427964427573726192"	90000	"slope"	-0.08823570594
"0.95"	"0.6"	"0.75"	"0.01"	"0.005"	"0.01"	"100000"	"10000"	"200"	"5427964427573726192"	90000	"intercept"	0.49853364
"0.95"	"0.6"	"0.75"	"0.01"	"0.005"	"0.01"	"100000"	"10000"	"200"	"5427964427573726192"	95000	"slope"	-0.08093257587
"0.95"	"0.6"	"0.75"	"0.01"	"0.005"	"0.01"	"100000"	"10000"	"200"	"5427964427573726192"	95000	"intercept"	0.486670415
"0.95"	"0.6"	"0.75"	"0.01"	"0.005"	"0.01"	"100000"	"10000"	"200"	"5427964427573726192"	100000	"slope"	-0.12042951357
"0.95"	"0.6"	"0.75"	"0.01"	"0.005"	"0.01"	"100000"	"10000"	"200"	"5427964427573726192"	100000	"intercept"	0.483735955
"0.95"	"0.6"	"0.75"	"0.01"	"0.005"	"0.01"	"100000"	"10000"	"200"	"6721876983536602898"	10	"slope"	-8.8452992e-05
"0.95"	"0.6"	"0.75"	"0.01"	"0.005"	"0.01"	"100000"	"10000"	"200"	"6721876983536602898"	10	"intercept"	0.499935495
"0.95"	"0.6"	"0.75"	"0.01"	"0.005"	"0.01"	"100000"	"10000"	"200"	"6721876983536602898"	5000	"slope"	-0.072755266705
"0.95"	"0.6"	"0.75"	"0.01"	"0.005"	"0.01"	"100000"	"10000"	"200"	"6721876983536602898"	5000	"intercept"	0.845917505
"0.95"	"0.6"	"0.75"	"0.01"	"0.005"	"0.01"	"100000"	"10000"	"200"	"6721876983536602898"	10000	"slope"	-0.111045612245
"0.95"	"0.6"	"0.75"	"0.01"	"0.005"	"0.01"	"100000"	"10000"	"200"	"6721876983536602898"	10000	"intercept"	0.78349437
"0.95"	"0.6"	"0.75"	"0.01"	"0.005"	"0.01"	"100000"	"10000"	"200"	"6721876983536602898"	15000	"slope"	-0.18186087497
"0.95"	"0.6"	"0.75"	"0.01"	"0.005"	"0.01"	"100000"	"10000"	"200"	"6721876983536602898"	15000	"intercept"	0.702184195
"0.95"	"0.6"	"0.75"	"0.01"	"0.005"	"0.01"	"100000"	"10000"	"200"	"6721876983536602898"	20000	"slope"	-0.17600040530455
"0.95"	"0.6"	"0.75"	"0.01"	"0.005"	"0.01"	"100000"	"10000"	"200"	"6721876983536602898"	20000	"intercept"	0.70159774605
"0.95"	"0.6"	"0.75"	"0.01"	"0.005"	"0.01"	"100000"	"10000"	"200"	"6721876983536602898"	25000	"slope"	-0.1751078844
"0.95"	"0.6"	"0.75"	"0.01"	"0.005"	"0.01"	"100000"	"10000"	"200"	"6721876983536602898"	25000	"intercept"	0.67784324
"0.95"	"0.6"	"0.75"	"0.01"	"0.005"	"0.01"	"100000"	"10000"	"200"	"6721876983536602898"	30000	"slope"	-0.17846816515
"0.95"	"0.6"	"0.75"	"0.01"	"0.005"	"0.01"	"100000"	"10000"	"200"	"6721876983536602898"	30000	"intercept"	0.654678125
"0.95"	"0.6"	"0.75"	"0.01"	"0.005"	"0.01"	"100000"	"10000"	"200"	"6721876983536602898"	35000	"slope"	-0.18137450623
"0.95"	"0.6"	"0.75"	"0.01"	"0.005"	"0.01"	"100000"	"10000"	"200"	"6721876983536602898"	35000	"intercept"	0.675529265
"0.95"	"0.6"	"0.75"	"0.01"	"0.005"	"0.01"	"100000"	"10000"	"200"	"6721876983536602898"	40000	"slope"	-0.212089703795
"0.95"	"0.6"	"0.75"	"0.01"	"0.005"	"0.01"	"100000"	"10000"	"200"	"6721876983536602898"	40000	"intercept"	0.63807142
"0.95"	"0.6"	"0.75"	"0.01"	"0.005"	"0.01"	"100000"	"10000"	"200"	"6721876983536602898"	45000	"slope"	-0.13857650178
"0.95"	"0.6"	"0.75"	"0.01"	"0.005"	"0.01"	"100000"	"10000"	"200"	"6721876983536602898"	45000	"intercept"	0.729046815
"0.95"	"0.6"	"0.75"	"0.01"	"0.005"	"0.01"	"100000"	"10000"	"200"	"6721876983536602898"	50000	"slope"	-0.108151601375
"0.95"	"0.6"	"0.75"	"0.01"	"0.005"	"0.01"	"100000"	"10000"	"200"	"6721876983536602898"	50000	"intercept"	0.70529338
"0.95"	"0.6"	"0.75"	"0.01"	"0.005"	"0.01"	"100000"	"10000"	"200"	"6721876983536602898"	55000	"slope"	-0.2007732912
"0.95"	"0.6"	"0.75"	"0.01"	"0.005"	"0.01"	"100000"	"10000"	"200"	"6721876983536602898"	55000	"intercept"	0.607758245
"0.95"	"0.6"	"0.75"	"0.01"	"0.005"	"0.01"	"100000"	"10000"	"200"	"6721876983536602898"	60000	"slope"	-0.209590137005
"0.95"	"0.6"	"0.75"	"0.01"	"0.005"	"0.01"	"100000"	"10000"	"200"	"6721876983536602898"	60000	"intercept"	0.560099755
"0.95"	"0.6"	"0.75"	"0.01"	"0.005"	"0.01"	"100000"	"10000"	"200"	"6721876983536602898"	65000	"slope"	-0.190542648395
"0.95"	"0.6"	"0.75"	"0.01"	"0.005"	"0.01"	"100000"	"10000"	"200"	"6721876983536602898"	65000	"intercept"	0.62159099
"0.95"	"0.6"	"0.75"	"0.01"	"0.005"	"0.01"	"100000"	"10000"	"200"	"6721876983536602898"	70000	"slope"	-0.18229049696
"0.95"	"0.6"	"0.75"	"0.01"	"0.005"	"0.01"	"100000"	"10000"	"200"	"6721876983536602898"	70000	"intercept"	0.59931715
"0.95"	"0.6"	"0.75"	"0.01"	"0.005"	"0.01"	"100000"	"10000"	"200"	"6721876983536602898"	75000	"slope"	-0.143969476745
"0.95"	"0.6"	"0.75"	"0.01"	"0.005"	"0.01"	"100000"	"10000"	"200"	"6721876983536602898"	75000	"intercept"	0.641465515
"0.95"	"0.6"	"0.75"	"0.01"	"0.005"	"0.01"	"100000"	"10000"	"200"	"6721876983536602898"	80000	"slope"	-0.1326442342
"0.95"	"0.6"	"0.75"	"0.01"	"0.005"	"0.01"	"100000"	"10000"	"200"	"6721876983536602898"	80000	"intercept"	0.549764545
"0.95"	"0.6"	"0.75"	"0.01"	"0.005"	"0.01"	"100000"	"10000"	"200"	"6721876983536602898"	85000	"slope"	-0.1279083418
"0.95"	"0.6"	"0.75"	"0.01"	"0.005"	"0.01"	"100000"	"10000"	"200"	"6721876983536602898"	85000	"intercept"	0.548723725
"0.95"	"0.6"	"0.75"	"0.01"	"0.005"	"0.01"	"100000"	"10000"	"200"	"6721876983536602898"	90000	"slope"	-0.114842881255
"0.95"	"0.6"	"0.75"	"0.01"	"0.005"	"0.01"	"100000"	"10000"	"200"	"6721876983536602898"	90000	"intercept"	0.570179835
"0.95"	"0.6"	"0.75"	"0.01"	"0.005"	"0.01"	"100000"	"10000"	"200"	"6721876983536602898"	95000	"slope"	-0.10333091447
"0.95"	"0.6"	"0.75"	"0.01"	"0.005"	"0.01"	"100000"	"10000"	"200"	"6721876983536602898"	95000	"intercept"	0.499791505
"0.95"	"0.6"	"0.75"	"0.01"	"0.005"	"0.01"	"100000"	"10000"	"200"	"6721876983536602898"	100000	"slope"	-0.123211225175
"0.95"	"0.6"	"0.75"	"0.01"	"0.005"	"0.01"	"100000"	"10000"	"200"	"6721876983536602898"	100000	"intercept"	0.63085088
"0.95"	"0.8"	"0.75"	"0.01"	"0.005"	"0.01"	"100000"	"10000"	"200"	"1064687255034327451"	10	"slope"	0.00020024724
"0.95"	"0.8"	"0.75"	"0.01"	"0.005"	"0.01"	"100000"	"10000"	"200"	"1064687255034327451"	10	"intercept"	0.49994574
"0.95"	"0.8"	"0.75"	"0.01"	"0.005"	"0.01"	"100000"	"10000"	"200"	"1064687255034327451"	5000	"slope"	-0.00157468
"0.95"	"0.8"	"0.75"	"0.01"	"0.005"	"0.01"	"100000"	"10000"	"200"	"1064687255034327451"	5000	"intercept"	0.701198525
"0.95"	"0.8"	"0.75"	"0.01"	"0.005"	"0.01"	"100000"	"10000"	"200"	"1064687255034327451"	10000	"slope"	-0.11426539002
"0.95"	"0.8"	"0.75"	"0.01"	"0.005"	"0.01"	"100000"	"10000"	"200"	"1064687255034327451"	10000	"intercept"	0.66164829
"0.95"	"0.8"	"0.75"	"0.01"	"0.005"	"0.01"	"100000"	"10000"	"200"	"1064687255034327451"	15000	"slope"	-0.151650829765
"0.95"	"0.8"	"0.75"	"0.01"	"0.005"	"0.01"	"100000"	"10000"	"200"	"1064687255034327451"	15000	"intercept"	0.53082959
"0.95"	"0.8"	"0.75"	"0.01"	"0.005"	"0.01"	"100000"	"10000"	"200"	"1064687255034327451"	20000	"slope"	-0.14944010069
"0.95"	"0.8"	"0.75"	"0.01"	"0.005"	"0.01"	"100000"	"10000"	"200"	"1064687255034327451"	20000	"intercept"	0.58138418
"0.95"	"0.8"	"0.75"	"0.01"	"0.005"	"0.01"	"100000"	"10000"	"200"	"1064687255034327451"	25000	"slope"	-0.157649047765
"0.95"	"0.8"	"0.75"	"0.01"	"0.005"	"0.01"	"100000"	"10000"	"200"	"1064687255034327451"	25000	"intercept"	0.556562265
"0.95"	"0.8"	"0.75"	"0.01"	"0.005"	"0.01"	"100000"	"10000"	"200"	"1064687255034327451"	30000	"slope"	-0.1428867263
"0.95"	"0.8"	"0.75"	"0.01"	"0.005"	"0.01"	"100000"	"10000"	"200"	"1064687255034327451"	30000	"intercept"	0.55960637
"0.95"	"0.8"	"0.75"	"0.01"	"0.005"	"0.01"	"100000"	"10000"	"200"	"1064687255034327451"	35000	"slope"	-0.0715930565
"0.95"	"0.8"	"0.75"	"0.01"	"0.005"	"0.01"	"100000"	"10000"	"200"	"1064687255034327451"	35000	"intercept"	0.571744145
"0.95"	"0.8"	"0.75"	"0.01"	"0.005"	"0.01"	"100000"	"10000"	"200"	"1064687255034327451"	40000	"slope"	-0.09984550555
"0.95"	"0.8"	"0.75"	"0.01"	"0.005"	"0.01"	"100000"	"10000"	"200"	"1064687255034327451"	40000	"intercept"	0.441134555
"0.95"	"0.8"	"0.75"	"0.01"	"0.005"	"0.01"	"100000"	"10000"	"200"	"1064687255034327451"	45000	"slope"	-0.0890748385
"0.95"	"0.8"	"0.75"	"0.01"	"0.005"	"0.01"	"100000"	"10000"	"200"	"1064687255034327451"	45000	"intercept"	0.46530916
"0.95"	"0.8"	"0.75"	"0.01"	"0.005"	"0.01"	"100000"	"10000"	"200"	"1064687255034327451"	50000	"slope"	-0.14948778775
"0.95"	"0.8"	"0.75"	"0.01"	"0.005"	"0.01"	"100000"	"10000"	"200"	"1064687255034327451"	50000	"intercept"	0.40879072
"0.95"	"0.8"	"0.75"	"0.01"	"0.005"	"0.01"	"100000"	"10000"	"200"	"1064687255034327451"	55000	"slope"	-0.0916433715
"0.95"	"0.8"	"0.75"	"0.01"	"0.005"	"0.01"	"100000"	"10000"	"200"	"1064687255034327451"	55000	"intercept"	0.444288035
"0.95"	"0.8"	"0.75"	"0.01"	"0.005"	"0.01"	"100000"	"10000"	"200"	"1064687255034327451"	60000	"slope"	-0.0912975543
"0.95"	"0.8"	"0.75"	"0.01"	"0.005"	"0.01"	"100000"	"10000"	"200"	"1064687255034327451"	60000	"intercept"	0.446609475
"0.95"	"0.8"	"0.75"	"0.01"	"0.005"	"0.01"	"100000"	"10000"	"200"	"1064687255034327451"	65000	"slope"	-0.03335701445
"0.95"	"0.8"	"0.75"	"0.01"	"0.005"	"0.01"	"100000"	"10000"	"200"	"1064687255034327451"	65000	"intercept"	0.66925615
"0.95"	"0.8"	"0.75"	"0.01"	"0.005"	"0.01"	"100000"	"10000"	"200"	"1064687255034327451"	70000	"slope"	-0.0120926155
"0.95"	"0.8"	"0.75"	"0.01"	"0.005"	"0.01"	"100000"	"10000"	"200"	"1064687255034327451"	70000	"intercept"	0.5300552
"0.95"	"0.8"	"0.75"	"0.01"	"0.005"	"0.01"	"100000"	"10000"	"200"	"1064687255034327451"	75000	"slope"	0.06369617
"0.95"	"0.8"	"0.75"	"0.01"	"0.005"	"0.01"	"100000"	"10000"	"200"	"1064687255034327451"	75000	"intercept"	0.56582132
"0.95"	"0.8"	"0.75"	"0.01"	"0.005"	"0.01"	"100000"	"10000"	"200"	"1064687255034327451"	80000	"slope"	0.039210335
"0.95"	"0.8"	"0.75"	"0.01"	"0.005"	"0.01"	"100000"	"10000"	"200"	"1064687255034327451"	80000	"intercept"	0.471067445
"0.95"	"0.8"	"0.75"	"0.01"	"0.005"	"0.01"	"100000"	"10000"	"200"	"1064687255034327451"	85000	"slope"	0.05478047
"0.95"	"0.8"	"0.75"	"0.01"	"0.005"	"0.01"	"100000"	"10000"	"200"	"1064687255034327451"	85000	"intercept"	0.445684185
"0.95"	"0.8"	"0.75"	"0.01"	"0.005"	"0.01"	"100000"	"10000"	"200"	"1064687255034327451"	90000	"slope"	0.088563055
"0.95"	"0.8"	"0.75"	"0.01"	"0.005"	"0.01"	"100000"	"10000"	"200"	"1064687255034327451"	90000	"intercept"	0.4737987
"0.95"	"0.8"	"0.75"	"0.01"	"0.005"	"0.01"	"100000"	"10000"	"200"	"1064687255034327451"	95000	"slope"	0.13669461
"0.95"	"0.8"	"0.75"	"0.01"	"0.005"	"0.01"	"100000"	"10000"	"200"	"1064687255034327451"	95000	"intercept"	0.519548925
"0.95"	"0.8"	"0.75"	"0.01"	"0.005"	"0.01"	"100000"	"10000"	"200"	"1064687255034327451"	100000	"slope"	0.143811705
"0.95"	"0.8"	"0.75"	"0.01"	"0.005"	"0.01"	"100000"	"10000"	"200"	"1064687255034327451"	100000	"intercept"	0.597766905
"0.95"	"0.8"	"0.75"	"0.01"	"0.005"	"0.01"	"100000"	"10000"	"200"	"2830503451309632832"	10	"slope"	0.0002178788
"0.95"	"0.8"	"0.75"	"0.01"	"0.005"	"0.01"	"100000"	"10000"	"200"	"2830503451309632832"	10	"intercept"	0.499763225
"0.95"	"0.8"	"0.75"	"0.01"	"0.005"	"0.01"	"100000"	"10000"	"200"	"2830503451309632832"	5000	"slope"	-0.032139867905
"0.95"	"0.8"	"0.75"	"0.01"	"0.005"	"0.01"	"100000"	"10000"	"200"	"2830503451309632832"	5000	"intercept"	0.710348865
"0.95"	"0.8"	"0.75"	"0.01"	"0.005"	"0.01"	"100000"	"10000"	"200"	"2830503451309632832"	10000	"slope"	-0.0802773515
"0.95"	"0.8"	"0.75"	"0.01"	"0.005"	"0.01"	"100000"	"10000"	"200"	"2830503451309632832"	10000	"intercept"	0.68276004
"0.95"	"0.8"	"0.75"	"0.01"	"0.005"	"0.01"	"100000"	"10000"	"200"	"2830503451309632832"	15000	"slope"	-0.1521442019275
"0.95"	"0.8"	"0.75"	"0.01"	"0.005"	"0.01"	"100000"	"10000"	"200"	"2830503451309632832"	15000	"intercept"	0.638345355
"0.95"	"0.8"	"0.75"	"0.01"	"0.005"	"0.01"	"100000"	"10000"	"200"	"2830503451309632832"	20000	"slope"	-0.1422069794
"0.95"	"0.8"	"0.75"	"0.01"	"0.005"	"0.01"	"100000"	"10000"	"200"	"2830503451309632832"	20000	"intercept"	0.536674935
"0.95"	"0.8"	"0.75"	"0.01"	"0.005"	"0.01"	"100000"	"10000"	"200"	"2830503451309632832"	25000	"slope"	-0.119848071785
"0.95"	"0.8"	"0.75"	"0.01"	"0.005"	"0.01"	"100000"	"10000"	"200"	"2830503451309632832"	25000	"intercept"	0.56223538
"0.95"	"0.8"	"0.75"	"0.01"	"0.005"	"0.01"	"100000"	"10000"	"200"	"2830503451309632832"	30000	"slope"	-0.14456485325
"0.95"	"0.8"	"0.75"	"0.01"	"0.005"	"0.01"	"100000"	"10000"	"200"	"2830503451309632832"	30000	"intercept"	0.436380655
"0.95"	"0.8"	"0.75"	"0.01"	"0.005"	"0.01"	"100000"	"10000"	"200"	"2830503451309632832"	35000	"slope"	-0.12507528067
"0.95"	"0.8"	"0.75"	"0.01"	"0.005"	"0.01"	"100000"	"10000"	"200"	"2830503451309632832"	35000	"intercept"	0.524647905
"0.95"	"0.8"	"0.75"	"0.01"	"0.005"	"0.01"	"100000"	"10000"	"200"	"2830503451309632832"	40000	"slope"	-0.0352989385
"0.95"	"0.8"	"0.75"	"0.01"	"0.005"	"0.01"	"100000"	"10000"	"200"	"2830503451309632832"	40000	"intercept"	0.59619032
"0.95"	"0.8"	"0.75"	"0.01"	"0.005"	"0.01"	"100000"	"10000"	"200"	"2830503451309632832"	45000	"slope"	-0.0986189316
"0.95"	"0.8"	"0.75"	"0.01"	"0.005"	"0.01"	"100000"	"10000"	"200"	"2830503451309632832"	45000	"intercept"	0.463797475
"0.95"	"0.8"	"0.75"	"0.01"	"0.005"	"0.01"	"100000"	"10000"	"200"	"2830503451309632832"	50000	"slope"	-0.0590755449
"0.95"	"0.8"	"0.75"	"0.01"	"0.005"	"0.01"	"100000"	"10000"	"200"	"2830503451309632832"	50000	"intercept"	0.4739332
"0.95"	"0.8"	"0.75"	"0.01"	"0.005"	"0.01"	"100000"	"10000"	"200"	"2830503451309632832"	55000	"slope"	-0.111822914533
"0.95"	"0.8"	"0.75"	"0.01"	"0.005"	"0.01"	"100000"	"10000"	"200"	"2830503451309632832"	55000	"intercept"	0.4641882
"0.95"	"0.8"	"0.75"	"0.01"	"0.005"	"0.01"	"100000"	"10000"	"200"	"2830503451309632832"	60000	"slope"	-0.10206225067
"0.95"	"0.8"	"0.75"	"0.01"	"0.005"	"0.01"	"100000"	"10000"	"200"	"2830503451309632832"	60000	"intercept"	0.61236654
"0.95"	"0.8"	"0.75"	"0.01"	"0.005"	"0.01"	"100000"	"10000"	"200"	"2830503451309632832"	65000	"slope"	-0.0925352698
"0.95"	"0.8"	"0.75"	"0.01"	"0.005"	"0.01"	"100000"	"10000"	"200"	"2830503451309632832"	65000	"intercept"	0.47086026
"0.95"	"0.8"	"0.75"	"0.01"	"0.005"	"0.01"	"100000"	"10000"	"200"	"2830503451309632832"	70000	"slope"	-0.08315372444
"0.95"	"0.8"	"0.75"	"0.01"	"0.005"	"0.01"	"100000"	"10000"	"200"	"2830503451309632832"	70000	"intercept"	0.54728
"0.95"	"0.8"	"0.75"	"0.01"	"0.005"	"0.01"	"100000"	"10000"	"200"	"2830503451309632832"	75000	"slope"	-0.06240341
"0.95"	"0.8"	"0.75"	"0.01"	"0.005"	"0.01"	"100000"	"10000"	"200"	"2830503451309632832"	75000	"intercept"	0.536896315
"0.95"	"0.8"	"0.75"	"0.01"	"0.005"	"0.01"	"100000"	"10000"	"200"	"2830503451309632832"	80000	"slope"	-0.0382569315
"0.95"	"0.8"	"0.75"	"0.01"	"0.005"	"0.01"	"100000"	"10000"	"200"	"2830503451309632832"	80000	"intercept"	0.57386684
"0.95"	"0.8"	"0.75"	"0.01"	"0.005"	"0.01"	"100000"	"10000"	"200"	"2830503451309632832"	85000	"slope"	-0.0323035089
"0.95"	"0.8"	"0.75"	"0.01"	"0.005"	"0.01"	"100000"	"10000"	"200"	"2830503451309632832"	85000	"intercept"	0.61411845
"0.95"	"0.8"	"0.75"	"0.01"	"0.005"	"0.01"	"100000"	"10000"	"200"	"2830503451309632832"	90000	"slope"	0.00103085
"0.95"	"0.8"	"0.75"	"0.01"	"0.005"	"0.01"	"100000"	"10000"	"200"	"2830503451309632832"	90000	"intercept"	0.65436235
"0.95"	"0.8"	"0.75"	"0.01"	"0.005"	"0.01"	"100000"	"10000"	"200"	"2830503451309632832"	95000	"slope"	-0.0163756671
"0.95"	"0.8"	"0.75"	"0.01"	"0.005"	"0.01"	"100000"	"10000"	"200"	"2830503451309632832"	95000	"intercept"	0.646781365
"0.95"	"0.8"	"0.75"	"0.01"	"0.005"	"0.01"	"100000"	"10000"	"200"	"2830503451309632832"	100000	"slope"	-0.080760368
"0.95"	"0.8"	"0.75"	"0.01"	"0.005"	"0.01"	"100000"	"10000"	"200"	"2830503451309632832"	100000	"intercept"	0.49944259
"0.95"	"0.8"	"0.75"	"0.01"	"0.005"	"0.01"	"100000"	"10000"	"200"	"3721331154884591550"	10	"slope"	-0.00014326385
"0.95"	"0.8"	"0.75"	"0.01"	"0.005"	"0.01"	"100000"	"10000"	"200"	"3721331154884591550"	10	"intercept"	0.500023955
"0.95"	"0.8"	"0.75"	"0.01"	"0.005"	"0.01"	"100000"	"10000"	"200"	"3721331154884591550"	5000	"slope"	-0.02742875967
"0.95"	"0.8"	"0.75"	"0.01"	"0.005"	"0.01"	"100000"	"10000"	"200"	"3721331154884591550"	5000	"intercept"	0.720199655
"0.95"	"0.8"	"0.75"	"0.01"	"0.005"	"0.01"	"100000"	"10000"	"200"	"3721331154884591550"	10000	"slope"	-0.110421480175
"0.95"	"0.8"	"0.75"	"0.01"	"0.005"	"0.01"	"100000"	"10000"	"200"	"3721331154884591550"	10000	"intercept"	0.56976725
"0.95"	"0.8"	"0.75"	"0.01"	"0.005"	"0.01"	"100000"	"10000"	"200"	"3721331154884591550"	15000	"slope"	-0.112692770085
"0.95"	"0.8"	"0.75"	"0.01"	"0.005"	"0.01"	"100000"	"10000"	"200"	"3721331154884591550"	15000	"intercept"	0.645260835
"0.95"	"0.8"	"0.75"	"0.01"	"0.005"	"0.01"	"100000"	"10000"	"200"	"3721331154884591550"	20000	"slope"	-0.094991090355
"0.95"	"0.8"	"0.75"	"0.01"	"0.005"	"0.01"	"100000"	"10000"	"200"	"3721331154884591550"	20000	"intercept"	0.47678601
"0.95"	"0.8"	"0.75"	"0.01"	"0.005"	"0.01"	"100000"	"10000"	"200"	"3721331154884591550"	25000	"slope"	-0.0978097452
"0.95"	"0.8"	"0.75"	"0.01"	"0.005"	"0.01"	"100000"	"10000"	"200"	"3721331154884591550"	25000	"intercept"	0.429945115
"0.95"	"0.8"	"0.75"	"0.01"	"0.005"	"0.01"	"100000"	"10000"	"200"	"3721331154884591550"	30000	"slope"	-0.11741678775
"0.95"	"0.8"	"0.75"	"0.01"	"0.005"	"0.01"	"100000"	"10000"	"200"	"3721331154884591550"	30000	"intercept"	0.327022885
"0.95"	"0.8"	"0.75"	"0.01"	"0.005"	"0.01"	"100000"	"10000"	"200"	"3721331154884591550"	35000	"slope"	-0.0262014584
"0.95"	"0.8"	"0.75"	"0.01"	"0.005"	"0.01"	"100000"	"10000"	"200"	"3721331154884591550"	35000	"intercept"	0.56619141
"0.95"	"0.8"	"0.75"	"0.01"	"0.005"	"0.01"	"100000"	"10000"	"200"	"3721331154884591550"	40000	"slope"	-0.048677368
"0.95"	"0.8"	"0.75"	"0.01"	"0.005"	"0.01"	"100000"	"10000"	"200"	"3721331154884591550"	40000	"intercept"	0.457122225
"0.95"	"0.8"	"0.75"	"0.01"	"0.005"	"0.01"	"100000"	"10000"	"200"	"3721331154884591550"	45000	"slope"	-0.007713549
"0.95"	"0.8"	"0.75"	"0.01"	"0.005"	"0.01"	"100000"	"10000"	"200"	"3721331154884591550"	45000	"intercept"	0.51483937
"0.95"	"0.8"	"0.75"	"0.01"	"0.005"	"0.01"	"100000"	"10000"	"200"	"3721331154884591550"	50000	"slope"	0.0287792
"0.95"	"0.8"	"0.75"	"0.01"	"0.005"	"0.01"	"100000"	"10000"	"200"	"3721331154884591550"	50000	"intercept"	0.45882961
"0.95"	"0.8"	"0.75"	"0.01"	"0.005"	"0.01"	"100000"	"10000"	"200"	"3721331154884591550"	55000	"slope"	0.050062041
"0.95"	"0.8"	"0.75"	"0.01"	"0.005"	"0.01"	"100000"	"10000"	"200"	"3721331154884591550"	55000	"intercept"	0.46194408
"0.95"	"0.8"	"0.75"	"0.01"	"0.005"	"0.01"	"100000"	"10000"	"200"	"3721331154884591550"	60000	"slope"	0.077618125
"0.95"	"0.8"	"0.75"	"0.01"	"0.005"	"0.01"	"100000"	"10000"	"200"	"3721331154884591550"	60000	"intercept"	0.71645484
"0.95"	"0.8"	"0.75"	"0.01"	"0.005"	"0.01"	"100000"	"10000"	"200"	"3721331154884591550"	65000	"slope"	-0.0545696745
"0.95"	"0.8"	"0.75"	"0.01"	"0.005"	"0.01"	"100000"	"10000"	"200"	"3721331154884591550"	65000	"intercept"	0.39820236
"0.95"	"0.8"	"0.75"	"0.01"	"0.005"	"0.01"	"100000"	"10000"	"200"	"3721331154884591550"	70000	"slope"	-0.000981470999999999
"0.95"	"0.8"	"0.75"	"0.01"	"0.005"	"0.01"	"100000"	"10000"	"200"	"3721331154884591550"	70000	"intercept"	0.60658525
"0.95"	"0.8"	"0.75"	"0.01"	"0.005"	"0.01"	"100000"	"10000"	"200"	"3721331154884591550"	75000	"slope"	-0.051267701
"0.95"	"0.8"	"0.75"	"0.01"	"0.005"	"0.01"	"100000"	"10000"	"200"	"3721331154884591550"	75000	"intercept"	0.47958715
"0.95"	"0.8"	"0.75"	"0.01"	"0.005"	"0.01"	"100000"	"10000"	"200"	"3721331154884591550"	80000	"slope"	-0.0007045025
"0.95"	"0.8"	"0.75"	"0.01"	"0.005"	"0.01"	"100000"	"10000"	"200"	"3721331154884591550"	80000	"intercept"	0.677767305
"0.95"	"0.8"	"0.75"	"0.01"	"0.005"	"0.01"	"100000"	"10000"	"200"	"3721331154884591550"	85000	"slope"	-0.0152199961
"0.95"	"0.8"	"0.75"	"0.01"	"0.005"	"0.01"	"100000"	"10000"	"200"	"3721331154884591550"	85000	"intercept"	0.590114405
"0.95"	"0.8"	"0.75"	"0.01"	"0.005"	"0.01"	"100000"	"10000"	"200"	"3721331154884591550"	90000	"slope"	-0.028938405
"0.95"	"0.8"	"0.75"	"0.01"	"0.005"	"0.01"	"100000"	"10000"	"200"	"3721331154884591550"	90000	"intercept"	0.52156305
"0.95"	"0.8"	"0.75"	"0.01"	"0.005"	"0.01"	"100000"	"10000"	"200"	"3721331154884591550"	95000	"slope"	-0.0238049865
"0.95"	"0.8"	"0.75"	"0.01"	"0.005"	"0.01"	"100000"	"10000"	"200"	"3721331154884591550"	95000	"intercept"	0.45105857
"0.95"	"0.8"	"0.75"	"0.01"	"0.005"	"0.01"	"100000"	"10000"	"200"	"3721331154884591550"	100000	"slope"	0.00329085
"0.95"	"0.8"	"0.75"	"0.01"	"0.005"	"0.01"	"100000"	"10000"	"200"	"3721331154884591550"	100000	"intercept"	0.496767305
