"alpha"	"delta"	"mig"	"cost"	"mu"	"sigma"	"gen"	"popsize"	"nsampled"	"seed"	"generation"	"param"	"means"
"0.05"	"0.0"	"0.75"	"0.01"	"0.005"	"0.01"	"100000"	"10000"	"200"	"5329448377333306898"	10	"slope"	7.13872e-06
"0.05"	"0.0"	"0.75"	"0.01"	"0.005"	"0.01"	"100000"	"10000"	"200"	"5329448377333306898"	10	"intercept"	0.499986825
"0.05"	"0.0"	"0.75"	"0.01"	"0.005"	"0.01"	"100000"	"10000"	"200"	"5329448377333306898"	5000	"slope"	-0.02486473075
"0.05"	"0.0"	"0.75"	"0.01"	"0.005"	"0.01"	"100000"	"10000"	"200"	"5329448377333306898"	5000	"intercept"	0.510237605
"0.05"	"0.0"	"0.75"	"0.01"	"0.005"	"0.01"	"100000"	"10000"	"200"	"5329448377333306898"	10000	"slope"	-0.10075822765
"0.05"	"0.0"	"0.75"	"0.01"	"0.005"	"0.01"	"100000"	"10000"	"200"	"5329448377333306898"	10000	"intercept"	0.55521704
"0.05"	"0.0"	"0.75"	"0.01"	"0.005"	"0.01"	"100000"	"10000"	"200"	"5329448377333306898"	15000	"slope"	-0.1661133909
"0.05"	"0.0"	"0.75"	"0.01"	"0.005"	"0.01"	"100000"	"10000"	"200"	"5329448377333306898"	15000	"intercept"	0.609817695
"0.05"	"0.0"	"0.75"	"0.01"	"0.005"	"0.01"	"100000"	"10000"	"200"	"5329448377333306898"	20000	"slope"	-0.221460055
"0.05"	"0.0"	"0.75"	"0.01"	"0.005"	"0.01"	"100000"	"10000"	"200"	"5329448377333306898"	20000	"intercept"	0.644796485
"0.05"	"0.0"	"0.75"	"0.01"	"0.005"	"0.01"	"100000"	"10000"	"200"	"5329448377333306898"	25000	"slope"	-0.185488925
"0.05"	"0.0"	"0.75"	"0.01"	"0.005"	"0.01"	"100000"	"10000"	"200"	"5329448377333306898"	25000	"intercept"	0.622900845
"0.05"	"0.0"	"0.75"	"0.01"	"0.005"	"0.01"	"100000"	"10000"	"200"	"5329448377333306898"	30000	"slope"	-0.179353829
"0.05"	"0.0"	"0.75"	"0.01"	"0.005"	"0.01"	"100000"	"10000"	"200"	"5329448377333306898"	30000	"intercept"	0.617812455
"0.05"	"0.0"	"0.75"	"0.01"	"0.005"	"0.01"	"100000"	"10000"	"200"	"5329448377333306898"	35000	"slope"	-0.2420725915
"0.05"	"0.0"	"0.75"	"0.01"	"0.005"	"0.01"	"100000"	"10000"	"200"	"5329448377333306898"	35000	"intercept"	0.66604468
"0.05"	"0.0"	"0.75"	"0.01"	"0.005"	"0.01"	"100000"	"10000"	"200"	"5329448377333306898"	40000	"slope"	-0.276345465
"0.05"	"0.0"	"0.75"	"0.01"	"0.005"	"0.01"	"100000"	"10000"	"200"	"5329448377333306898"	40000	"intercept"	0.68133194
"0.05"	"0.0"	"0.75"	"0.01"	"0.005"	"0.01"	"100000"	"10000"	"200"	"5329448377333306898"	45000	"slope"	-0.27000158
"0.05"	"0.0"	"0.75"	"0.01"	"0.005"	"0.01"	"100000"	"10000"	"200"	"5329448377333306898"	45000	"intercept"	0.678537775
"0.05"	"0.0"	"0.75"	"0.01"	"0.005"	"0.01"	"100000"	"10000"	"200"	"5329448377333306898"	50000	"slope"	-0.2575053
"0.05"	"0.0"	"0.75"	"0.01"	"0.005"	"0.01"	"100000"	"10000"	"200"	"5329448377333306898"	50000	"intercept"	0.67036918
"0.05"	"0.0"	"0.75"	"0.01"	"0.005"	"0.01"	"100000"	"10000"	"200"	"5329448377333306898"	55000	"slope"	-0.23809581
"0.05"	"0.0"	"0.75"	"0.01"	"0.005"	"0.01"	"100000"	"10000"	"200"	"5329448377333306898"	55000	"intercept"	0.649954455
"0.05"	"0.0"	"0.75"	"0.01"	"0.005"	"0.01"	"100000"	"10000"	"200"	"5329448377333306898"	60000	"slope"	-0.2661618
"0.05"	"0.0"	"0.75"	"0.01"	"0.005"	"0.01"	"100000"	"10000"	"200"	"5329448377333306898"	60000	"intercept"	0.66747768
"0.05"	"0.0"	"0.75"	"0.01"	"0.005"	"0.01"	"100000"	"10000"	"200"	"5329448377333306898"	65000	"slope"	-0.268943005
"0.05"	"0.0"	"0.75"	"0.01"	"0.005"	"0.01"	"100000"	"10000"	"200"	"5329448377333306898"	65000	"intercept"	0.680060815
"0.05"	"0.0"	"0.75"	"0.01"	"0.005"	"0.01"	"100000"	"10000"	"200"	"5329448377333306898"	70000	"slope"	-0.265863165
"0.05"	"0.0"	"0.75"	"0.01"	"0.005"	"0.01"	"100000"	"10000"	"200"	"5329448377333306898"	70000	"intercept"	0.679442805
"0.05"	"0.0"	"0.75"	"0.01"	"0.005"	"0.01"	"100000"	"10000"	"200"	"5329448377333306898"	75000	"slope"	-0.271064555
"0.05"	"0.0"	"0.75"	"0.01"	"0.005"	"0.01"	"100000"	"10000"	"200"	"5329448377333306898"	75000	"intercept"	0.68430997
"0.05"	"0.0"	"0.75"	"0.01"	"0.005"	"0.01"	"100000"	"10000"	"200"	"5329448377333306898"	80000	"slope"	-0.234706965
"0.05"	"0.0"	"0.75"	"0.01"	"0.005"	"0.01"	"100000"	"10000"	"200"	"5329448377333306898"	80000	"intercept"	0.65817954
"0.05"	"0.0"	"0.75"	"0.01"	"0.005"	"0.01"	"100000"	"10000"	"200"	"5329448377333306898"	85000	"slope"	-0.238318785
"0.05"	"0.0"	"0.75"	"0.01"	"0.005"	"0.01"	"100000"	"10000"	"200"	"5329448377333306898"	85000	"intercept"	0.65819238
"0.05"	"0.0"	"0.75"	"0.01"	"0.005"	"0.01"	"100000"	"10000"	"200"	"5329448377333306898"	90000	"slope"	-0.256087115
"0.05"	"0.0"	"0.75"	"0.01"	"0.005"	"0.01"	"100000"	"10000"	"200"	"5329448377333306898"	90000	"intercept"	0.674361925
"0.05"	"0.0"	"0.75"	"0.01"	"0.005"	"0.01"	"100000"	"10000"	"200"	"5329448377333306898"	95000	"slope"	-0.240862555
"0.05"	"0.0"	"0.75"	"0.01"	"0.005"	"0.01"	"100000"	"10000"	"200"	"5329448377333306898"	95000	"intercept"	0.656351255
"0.05"	"0.0"	"0.75"	"0.01"	"0.005"	"0.01"	"100000"	"10000"	"200"	"5329448377333306898"	100000	"slope"	-0.16167811
"0.05"	"0.0"	"0.75"	"0.01"	"0.005"	"0.01"	"100000"	"10000"	"200"	"5329448377333306898"	100000	"intercept"	0.616099895
"0.05"	"0.0"	"0.75"	"0.01"	"0.005"	"0.01"	"100000"	"10000"	"200"	"7213392348085258919"	10	"slope"	-0.000277013315
"0.05"	"0.0"	"0.75"	"0.01"	"0.005"	"0.01"	"100000"	"10000"	"200"	"7213392348085258919"	10	"intercept"	0.49997074
"0.05"	"0.0"	"0.75"	"0.01"	"0.005"	"0.01"	"100000"	"10000"	"200"	"7213392348085258919"	5000	"slope"	0.007575492963
"0.05"	"0.0"	"0.75"	"0.01"	"0.005"	"0.01"	"100000"	"10000"	"200"	"7213392348085258919"	5000	"intercept"	0.504612345
"0.05"	"0.0"	"0.75"	"0.01"	"0.005"	"0.01"	"100000"	"10000"	"200"	"7213392348085258919"	10000	"slope"	-0.05498926745
"0.05"	"0.0"	"0.75"	"0.01"	"0.005"	"0.01"	"100000"	"10000"	"200"	"7213392348085258919"	10000	"intercept"	0.536281605
"0.05"	"0.0"	"0.75"	"0.01"	"0.005"	"0.01"	"100000"	"10000"	"200"	"7213392348085258919"	15000	"slope"	-0.0450017436
"0.05"	"0.0"	"0.75"	"0.01"	"0.005"	"0.01"	"100000"	"10000"	"200"	"7213392348085258919"	15000	"intercept"	0.53516342
"0.05"	"0.0"	"0.75"	"0.01"	"0.005"	"0.01"	"100000"	"10000"	"200"	"7213392348085258919"	20000	"slope"	-0.04068666469
"0.05"	"0.0"	"0.75"	"0.01"	"0.005"	"0.01"	"100000"	"10000"	"200"	"7213392348085258919"	20000	"intercept"	0.522218505
"0.05"	"0.0"	"0.75"	"0.01"	"0.005"	"0.01"	"100000"	"10000"	"200"	"7213392348085258919"	25000	"slope"	-0.105235422
"0.05"	"0.0"	"0.75"	"0.01"	"0.005"	"0.01"	"100000"	"10000"	"200"	"7213392348085258919"	25000	"intercept"	0.57458362
"0.05"	"0.0"	"0.75"	"0.01"	"0.005"	"0.01"	"100000"	"10000"	"200"	"7213392348085258919"	30000	"slope"	-0.1070827343
"0.05"	"0.0"	"0.75"	"0.01"	"0.005"	"0.01"	"100000"	"10000"	"200"	"7213392348085258919"	30000	"intercept"	0.573550055
"0.05"	"0.0"	"0.75"	"0.01"	"0.005"	"0.01"	"100000"	"10000"	"200"	"7213392348085258919"	35000	"slope"	-0.152172986
"0.05"	"0.0"	"0.75"	"0.01"	"0.005"	"0.01"	"100000"	"10000"	"200"	"7213392348085258919"	35000	"intercept"	0.59828815
"0.05"	"0.0"	"0.75"	"0.01"	"0.005"	"0.01"	"100000"	"10000"	"200"	"7213392348085258919"	40000	"slope"	-0.1580924205
"0.05"	"0.0"	"0.75"	"0.01"	"0.005"	"0.01"	"100000"	"10000"	"200"	"7213392348085258919"	40000	"intercept"	0.60618113
"0.05"	"0.0"	"0.75"	"0.01"	"0.005"	"0.01"	"100000"	"10000"	"200"	"7213392348085258919"	45000	"slope"	-0.2471940515
"0.05"	"0.0"	"0.75"	"0.01"	"0.005"	"0.01"	"100000"	"10000"	"200"	"7213392348085258919"	45000	"intercept"	0.66118606
"0.05"	"0.0"	"0.75"	"0.01"	"0.005"	"0.01"	"100000"	"10000"	"200"	"7213392348085258919"	50000	"slope"	-0.1770876805
"0.05"	"0.0"	"0.75"	"0.01"	"0.005"	"0.01"	"100000"	"10000"	"200"	"7213392348085258919"	50000	"intercept"	0.62764944
"0.05"	"0.0"	"0.75"	"0.01"	"0.005"	"0.01"	"100000"	"10000"	"200"	"7213392348085258919"	55000	"slope"	-0.1839621645
"0.05"	"0.0"	"0.75"	"0.01"	"0.005"	"0.01"	"100000"	"10000"	"200"	"7213392348085258919"	55000	"intercept"	0.62043335
"0.05"	"0.0"	"0.75"	"0.01"	"0.005"	"0.01"	"100000"	"10000"	"200"	"7213392348085258919"	60000	"slope"	-0.193502263
"0.05"	"0.0"	"0.75"	"0.01"	"0.005"	"0.01"	"100000"	"10000"	"200"	"7213392348085258919"	60000	"intercept"	0.635263675
"0.05"	"0.0"	"0.75"	"0.01"	"0.005"	"0.01"	"100000"	"10000"	"200"	"7213392348085258919"	65000	"slope"	-0.17127146
"0.05"	"0.0"	"0.75"	"0.01"	"0.005"	"0.01"	"100000"	"10000"	"200"	"7213392348085258919"	65000	"intercept"	0.6112392
"0.05"	"0.0"	"0.75"	"0.01"	"0.005"	"0.01"	"100000"	"10000"	"200"	"7213392348085258919"	70000	"slope"	-0.180327284
"0.05"	"0.0"	"0.75"	"0.01"	"0.005"	"0.01"	"100000"	"10000"	"200"	"7213392348085258919"	70000	"intercept"	0.619108065
"0.05"	"0.0"	"0.75"	"0.01"	"0.005"	"0.01"	"100000"	"10000"	"200"	"7213392348085258919"	75000	"slope"	-0.1826748715
"0.05"	"0.0"	"0.75"	"0.01"	"0.005"	"0.01"	"100000"	"10000"	"200"	"7213392348085258919"	75000	"intercept"	0.616055385
"0.05"	"0.0"	"0.75"	"0.01"	"0.005"	"0.01"	"100000"	"10000"	"200"	"7213392348085258919"	80000	"slope"	-0.18470902
"0.05"	"0.0"	"0.75"	"0.01"	"0.005"	"0.01"	"100000"	"10000"	"200"	"7213392348085258919"	80000	"intercept"	0.628494635
"0.05"	"0.0"	"0.75"	"0.01"	"0.005"	"0.01"	"100000"	"10000"	"200"	"7213392348085258919"	85000	"slope"	-0.22784195
"0.05"	"0.0"	"0.75"	"0.01"	"0.005"	"0.01"	"100000"	"10000"	"200"	"7213392348085258919"	85000	"intercept"	0.651048755
"0.05"	"0.0"	"0.75"	"0.01"	"0.005"	"0.01"	"100000"	"10000"	"200"	"7213392348085258919"	90000	"slope"	-0.26043301
"0.05"	"0.0"	"0.75"	"0.01"	"0.005"	"0.01"	"100000"	"10000"	"200"	"7213392348085258919"	90000	"intercept"	0.678645955
"0.05"	"0.0"	"0.75"	"0.01"	"0.005"	"0.01"	"100000"	"10000"	"200"	"7213392348085258919"	95000	"slope"	-0.27860756
"0.05"	"0.0"	"0.75"	"0.01"	"0.005"	"0.01"	"100000"	"10000"	"200"	"7213392348085258919"	95000	"intercept"	0.684535045
"0.05"	"0.0"	"0.75"	"0.01"	"0.005"	"0.01"	"100000"	"10000"	"200"	"7213392348085258919"	100000	"slope"	-0.32119598
"0.05"	"0.0"	"0.75"	"0.01"	"0.005"	"0.01"	"100000"	"10000"	"200"	"7213392348085258919"	100000	"intercept"	0.71087647
"0.05"	"0.0"	"0.75"	"0.01"	"0.005"	"0.01"	"100000"	"10000"	"200"	"8744765714987959998"	10	"slope"	4.642599e-05
"0.05"	"0.0"	"0.75"	"0.01"	"0.005"	"0.01"	"100000"	"10000"	"200"	"8744765714987959998"	10	"intercept"	0.500084875
"0.05"	"0.0"	"0.75"	"0.01"	"0.005"	"0.01"	"100000"	"10000"	"200"	"8744765714987959998"	5000	"slope"	-0.0239856821
"0.05"	"0.0"	"0.75"	"0.01"	"0.005"	"0.01"	"100000"	"10000"	"200"	"8744765714987959998"	5000	"intercept"	0.520763095
"0.05"	"0.0"	"0.75"	"0.01"	"0.005"	"0.01"	"100000"	"10000"	"200"	"8744765714987959998"	10000	"slope"	-0.0461722578425
"0.05"	"0.0"	"0.75"	"0.01"	"0.005"	"0.01"	"100000"	"10000"	"200"	"8744765714987959998"	10000	"intercept"	0.532840415
"0.05"	"0.0"	"0.75"	"0.01"	"0.005"	"0.01"	"100000"	"10000"	"200"	"8744765714987959998"	15000	"slope"	-0.06996449995
"0.05"	"0.0"	"0.75"	"0.01"	"0.005"	"0.01"	"100000"	"10000"	"200"	"8744765714987959998"	15000	"intercept"	0.540788135
"0.05"	"0.0"	"0.75"	"0.01"	"0.005"	"0.01"	"100000"	"10000"	"200"	"8744765714987959998"	20000	"slope"	-0.093362234
"0.05"	"0.0"	"0.75"	"0.01"	"0.005"	"0.01"	"100000"	"10000"	"200"	"8744765714987959998"	20000	"intercept"	0.559903965
"0.05"	"0.0"	"0.75"	"0.01"	"0.005"	"0.01"	"100000"	"10000"	"200"	"8744765714987959998"	25000	"slope"	-0.1511311345
"0.05"	"0.0"	"0.75"	"0.01"	"0.005"	"0.01"	"100000"	"10000"	"200"	"8744765714987959998"	25000	"intercept"	0.596699645
"0.05"	"0.0"	"0.75"	"0.01"	"0.005"	"0.01"	"100000"	"10000"	"200"	"8744765714987959998"	30000	"slope"	-0.163752878
"0.05"	"0.0"	"0.75"	"0.01"	"0.005"	"0.01"	"100000"	"10000"	"200"	"8744765714987959998"	30000	"intercept"	0.605860945
"0.05"	"0.0"	"0.75"	"0.01"	"0.005"	"0.01"	"100000"	"10000"	"200"	"8744765714987959998"	35000	"slope"	-0.196632705
"0.05"	"0.0"	"0.75"	"0.01"	"0.005"	"0.01"	"100000"	"10000"	"200"	"8744765714987959998"	35000	"intercept"	0.63739207
"0.05"	"0.0"	"0.75"	"0.01"	"0.005"	"0.01"	"100000"	"10000"	"200"	"8744765714987959998"	40000	"slope"	-0.180023701
"0.05"	"0.0"	"0.75"	"0.01"	"0.005"	"0.01"	"100000"	"10000"	"200"	"8744765714987959998"	40000	"intercept"	0.61704147
"0.05"	"0.0"	"0.75"	"0.01"	"0.005"	"0.01"	"100000"	"10000"	"200"	"8744765714987959998"	45000	"slope"	-0.19560364
"0.05"	"0.0"	"0.75"	"0.01"	"0.005"	"0.01"	"100000"	"10000"	"200"	"8744765714987959998"	45000	"intercept"	0.623548555
"0.05"	"0.0"	"0.75"	"0.01"	"0.005"	"0.01"	"100000"	"10000"	"200"	"8744765714987959998"	50000	"slope"	-0.2089958
"0.05"	"0.0"	"0.75"	"0.01"	"0.005"	"0.01"	"100000"	"10000"	"200"	"8744765714987959998"	50000	"intercept"	0.648427965
"0.05"	"0.0"	"0.75"	"0.01"	"0.005"	"0.01"	"100000"	"10000"	"200"	"8744765714987959998"	55000	"slope"	-0.2169389
"0.05"	"0.0"	"0.75"	"0.01"	"0.005"	"0.01"	"100000"	"10000"	"200"	"8744765714987959998"	55000	"intercept"	0.65463691
"0.05"	"0.0"	"0.75"	"0.01"	"0.005"	"0.01"	"100000"	"10000"	"200"	"8744765714987959998"	60000	"slope"	-0.214246095
"0.05"	"0.0"	"0.75"	"0.01"	"0.005"	"0.01"	"100000"	"10000"	"200"	"8744765714987959998"	60000	"intercept"	0.64684021
"0.05"	"0.0"	"0.75"	"0.01"	"0.005"	"0.01"	"100000"	"10000"	"200"	"8744765714987959998"	65000	"slope"	-0.237263625
"0.05"	"0.0"	"0.75"	"0.01"	"0.005"	"0.01"	"100000"	"10000"	"200"	"8744765714987959998"	65000	"intercept"	0.654901195
"0.05"	"0.0"	"0.75"	"0.01"	"0.005"	"0.01"	"100000"	"10000"	"200"	"8744765714987959998"	70000	"slope"	-0.25907326
"0.05"	"0.0"	"0.75"	"0.01"	"0.005"	"0.01"	"100000"	"10000"	"200"	"8744765714987959998"	70000	"intercept"	0.67054549
"0.05"	"0.0"	"0.75"	"0.01"	"0.005"	"0.01"	"100000"	"10000"	"200"	"8744765714987959998"	75000	"slope"	-0.29228732
"0.05"	"0.0"	"0.75"	"0.01"	"0.005"	"0.01"	"100000"	"10000"	"200"	"8744765714987959998"	75000	"intercept"	0.691429945
"0.05"	"0.0"	"0.75"	"0.01"	"0.005"	"0.01"	"100000"	"10000"	"200"	"8744765714987959998"	80000	"slope"	-0.283977585
"0.05"	"0.0"	"0.75"	"0.01"	"0.005"	"0.01"	"100000"	"10000"	"200"	"8744765714987959998"	80000	"intercept"	0.684144295
"0.05"	"0.0"	"0.75"	"0.01"	"0.005"	"0.01"	"100000"	"10000"	"200"	"8744765714987959998"	85000	"slope"	-0.25959553
"0.05"	"0.0"	"0.75"	"0.01"	"0.005"	"0.01"	"100000"	"10000"	"200"	"8744765714987959998"	85000	"intercept"	0.68037104
"0.05"	"0.0"	"0.75"	"0.01"	"0.005"	"0.01"	"100000"	"10000"	"200"	"8744765714987959998"	90000	"slope"	-0.21194041
"0.05"	"0.0"	"0.75"	"0.01"	"0.005"	"0.01"	"100000"	"10000"	"200"	"8744765714987959998"	90000	"intercept"	0.639006045
"0.05"	"0.0"	"0.75"	"0.01"	"0.005"	"0.01"	"100000"	"10000"	"200"	"8744765714987959998"	95000	"slope"	-0.164868912
"0.05"	"0.0"	"0.75"	"0.01"	"0.005"	"0.01"	"100000"	"10000"	"200"	"8744765714987959998"	95000	"intercept"	0.619584095
"0.05"	"0.0"	"0.75"	"0.01"	"0.005"	"0.01"	"100000"	"10000"	"200"	"8744765714987959998"	100000	"slope"	-0.16295047
"0.05"	"0.0"	"0.75"	"0.01"	"0.005"	"0.01"	"100000"	"10000"	"200"	"8744765714987959998"	100000	"intercept"	0.604052825
"0.05"	"0.4"	"0.75"	"0.01"	"0.005"	"0.01"	"100000"	"10000"	"200"	"2133292083146651451"	10	"slope"	8.98649e-06
"0.05"	"0.4"	"0.75"	"0.01"	"0.005"	"0.01"	"100000"	"10000"	"200"	"2133292083146651451"	10	"intercept"	0.5002052
"0.05"	"0.4"	"0.75"	"0.01"	"0.005"	"0.01"	"100000"	"10000"	"200"	"2133292083146651451"	5000	"slope"	0.01144857618
"0.05"	"0.4"	"0.75"	"0.01"	"0.005"	"0.01"	"100000"	"10000"	"200"	"2133292083146651451"	5000	"intercept"	0.492004145
"0.05"	"0.4"	"0.75"	"0.01"	"0.005"	"0.01"	"100000"	"10000"	"200"	"2133292083146651451"	10000	"slope"	0.0070816328115
"0.05"	"0.4"	"0.75"	"0.01"	"0.005"	"0.01"	"100000"	"10000"	"200"	"2133292083146651451"	10000	"intercept"	0.497108795
"0.05"	"0.4"	"0.75"	"0.01"	"0.005"	"0.01"	"100000"	"10000"	"200"	"2133292083146651451"	15000	"slope"	-0.042471219875
"0.05"	"0.4"	"0.75"	"0.01"	"0.005"	"0.01"	"100000"	"10000"	"200"	"2133292083146651451"	15000	"intercept"	0.52823871
"0.05"	"0.4"	"0.75"	"0.01"	"0.005"	"0.01"	"100000"	"10000"	"200"	"2133292083146651451"	20000	"slope"	-0.110356679
"0.05"	"0.4"	"0.75"	"0.01"	"0.005"	"0.01"	"100000"	"10000"	"200"	"2133292083146651451"	20000	"intercept"	0.568176775
"0.05"	"0.4"	"0.75"	"0.01"	"0.005"	"0.01"	"100000"	"10000"	"200"	"2133292083146651451"	25000	"slope"	-0.157669043
"0.05"	"0.4"	"0.75"	"0.01"	"0.005"	"0.01"	"100000"	"10000"	"200"	"2133292083146651451"	25000	"intercept"	0.605752285
"0.05"	"0.4"	"0.75"	"0.01"	"0.005"	"0.01"	"100000"	"10000"	"200"	"2133292083146651451"	30000	"slope"	-0.147625781
"0.05"	"0.4"	"0.75"	"0.01"	"0.005"	"0.01"	"100000"	"10000"	"200"	"2133292083146651451"	30000	"intercept"	0.596579355
"0.05"	"0.4"	"0.75"	"0.01"	"0.005"	"0.01"	"100000"	"10000"	"200"	"2133292083146651451"	35000	"slope"	-0.152157183
"0.05"	"0.4"	"0.75"	"0.01"	"0.005"	"0.01"	"100000"	"10000"	"200"	"2133292083146651451"	35000	"intercept"	0.595947905
"0.05"	"0.4"	"0.75"	"0.01"	"0.005"	"0.01"	"100000"	"10000"	"200"	"2133292083146651451"	40000	"slope"	-0.224758102
"0.05"	"0.4"	"0.75"	"0.01"	"0.005"	"0.01"	"100000"	"10000"	"200"	"2133292083146651451"	40000	"intercept"	0.644783305
"0.05"	"0.4"	"0.75"	"0.01"	"0.005"	"0.01"	"100000"	"10000"	"200"	"2133292083146651451"	45000	"slope"	-0.29437791
"0.05"	"0.4"	"0.75"	"0.01"	"0.005"	"0.01"	"100000"	"10000"	"200"	"2133292083146651451"	45000	"intercept"	0.696720275
"0.05"	"0.4"	"0.75"	"0.01"	"0.005"	"0.01"	"100000"	"10000"	"200"	"2133292083146651451"	50000	"slope"	-0.31523773
"0.05"	"0.4"	"0.75"	"0.01"	"0.005"	"0.01"	"100000"	"10000"	"200"	"2133292083146651451"	50000	"intercept"	0.70861323
"0.05"	"0.4"	"0.75"	"0.01"	"0.005"	"0.01"	"100000"	"10000"	"200"	"2133292083146651451"	55000	"slope"	-0.29902742
"0.05"	"0.4"	"0.75"	"0.01"	"0.005"	"0.01"	"100000"	"10000"	"200"	"2133292083146651451"	55000	"intercept"	0.701776735
"0.05"	"0.4"	"0.75"	"0.01"	"0.005"	"0.01"	"100000"	"10000"	"200"	"2133292083146651451"	60000	"slope"	-0.28522727
"0.05"	"0.4"	"0.75"	"0.01"	"0.005"	"0.01"	"100000"	"10000"	"200"	"2133292083146651451"	60000	"intercept"	0.691301255
"0.05"	"0.4"	"0.75"	"0.01"	"0.005"	"0.01"	"100000"	"10000"	"200"	"2133292083146651451"	65000	"slope"	-0.308985895
"0.05"	"0.4"	"0.75"	"0.01"	"0.005"	"0.01"	"100000"	"10000"	"200"	"2133292083146651451"	65000	"intercept"	0.700353975
"0.05"	"0.4"	"0.75"	"0.01"	"0.005"	"0.01"	"100000"	"10000"	"200"	"2133292083146651451"	70000	"slope"	-0.302319375
"0.05"	"0.4"	"0.75"	"0.01"	"0.005"	"0.01"	"100000"	"10000"	"200"	"2133292083146651451"	70000	"intercept"	0.70393366
"0.05"	"0.4"	"0.75"	"0.01"	"0.005"	"0.01"	"100000"	"10000"	"200"	"2133292083146651451"	75000	"slope"	-0.386427575
"0.05"	"0.4"	"0.75"	"0.01"	"0.005"	"0.01"	"100000"	"10000"	"200"	"2133292083146651451"	75000	"intercept"	0.75712112
"0.05"	"0.4"	"0.75"	"0.01"	"0.005"	"0.01"	"100000"	"10000"	"200"	"2133292083146651451"	80000	"slope"	-0.397248805
"0.05"	"0.4"	"0.75"	"0.01"	"0.005"	"0.01"	"100000"	"10000"	"200"	"2133292083146651451"	80000	"intercept"	0.75540071
"0.05"	"0.4"	"0.75"	"0.01"	"0.005"	"0.01"	"100000"	"10000"	"200"	"2133292083146651451"	85000	"slope"	-0.38667745
"0.05"	"0.4"	"0.75"	"0.01"	"0.005"	"0.01"	"100000"	"10000"	"200"	"2133292083146651451"	85000	"intercept"	0.74945128
"0.05"	"0.4"	"0.75"	"0.01"	"0.005"	"0.01"	"100000"	"10000"	"200"	"2133292083146651451"	90000	"slope"	-0.377440625
"0.05"	"0.4"	"0.75"	"0.01"	"0.005"	"0.01"	"100000"	"10000"	"200"	"2133292083146651451"	90000	"intercept"	0.747985455
"0.05"	"0.4"	"0.75"	"0.01"	"0.005"	"0.01"	"100000"	"10000"	"200"	"2133292083146651451"	95000	"slope"	-0.353758005
"0.05"	"0.4"	"0.75"	"0.01"	"0.005"	"0.01"	"100000"	"10000"	"200"	"2133292083146651451"	95000	"intercept"	0.73743584
"0.05"	"0.4"	"0.75"	"0.01"	"0.005"	"0.01"	"100000"	"10000"	"200"	"2133292083146651451"	100000	"slope"	-0.35423459
"0.05"	"0.4"	"0.75"	"0.01"	"0.005"	"0.01"	"100000"	"10000"	"200"	"2133292083146651451"	100000	"intercept"	0.735871545
"0.05"	"0.4"	"0.75"	"0.01"	"0.005"	"0.01"	"100000"	"10000"	"200"	"2290567505034537385"	10	"slope"	-0.00013389522
"0.05"	"0.4"	"0.75"	"0.01"	"0.005"	"0.01"	"100000"	"10000"	"200"	"2290567505034537385"	10	"intercept"	0.50002358
"0.05"	"0.4"	"0.75"	"0.01"	"0.005"	"0.01"	"100000"	"10000"	"200"	"2290567505034537385"	5000	"slope"	-0.015500161995
"0.05"	"0.4"	"0.75"	"0.01"	"0.005"	"0.01"	"100000"	"10000"	"200"	"2290567505034537385"	5000	"intercept"	0.49983508
"0.05"	"0.4"	"0.75"	"0.01"	"0.005"	"0.01"	"100000"	"10000"	"200"	"2290567505034537385"	10000	"slope"	-0.06094661977
"0.05"	"0.4"	"0.75"	"0.01"	"0.005"	"0.01"	"100000"	"10000"	"200"	"2290567505034537385"	10000	"intercept"	0.54055342
"0.05"	"0.4"	"0.75"	"0.01"	"0.005"	"0.01"	"100000"	"10000"	"200"	"2290567505034537385"	15000	"slope"	-0.158007312
"0.05"	"0.4"	"0.75"	"0.01"	"0.005"	"0.01"	"100000"	"10000"	"200"	"2290567505034537385"	15000	"intercept"	0.60593366
"0.05"	"0.4"	"0.75"	"0.01"	"0.005"	"0.01"	"100000"	"10000"	"200"	"2290567505034537385"	20000	"slope"	-0.1983693
"0.05"	"0.4"	"0.75"	"0.01"	"0.005"	"0.01"	"100000"	"10000"	"200"	"2290567505034537385"	20000	"intercept"	0.624416235
"0.05"	"0.4"	"0.75"	"0.01"	"0.005"	"0.01"	"100000"	"10000"	"200"	"2290567505034537385"	25000	"slope"	-0.1823487645
"0.05"	"0.4"	"0.75"	"0.01"	"0.005"	"0.01"	"100000"	"10000"	"200"	"2290567505034537385"	25000	"intercept"	0.618221415
"0.05"	"0.4"	"0.75"	"0.01"	"0.005"	"0.01"	"100000"	"10000"	"200"	"2290567505034537385"	30000	"slope"	-0.206218907
"0.05"	"0.4"	"0.75"	"0.01"	"0.005"	"0.01"	"100000"	"10000"	"200"	"2290567505034537385"	30000	"intercept"	0.635307075
"0.05"	"0.4"	"0.75"	"0.01"	"0.005"	"0.01"	"100000"	"10000"	"200"	"2290567505034537385"	35000	"slope"	-0.235474455
"0.05"	"0.4"	"0.75"	"0.01"	"0.005"	"0.01"	"100000"	"10000"	"200"	"2290567505034537385"	35000	"intercept"	0.66631715
"0.05"	"0.4"	"0.75"	"0.01"	"0.005"	"0.01"	"100000"	"10000"	"200"	"2290567505034537385"	40000	"slope"	-0.2405736125
"0.05"	"0.4"	"0.75"	"0.01"	"0.005"	"0.01"	"100000"	"10000"	"200"	"2290567505034537385"	40000	"intercept"	0.655903585
"0.05"	"0.4"	"0.75"	"0.01"	"0.005"	"0.01"	"100000"	"10000"	"200"	"2290567505034537385"	45000	"slope"	-0.351477545
"0.05"	"0.4"	"0.75"	"0.01"	"0.005"	"0.01"	"100000"	"10000"	"200"	"2290567505034537385"	45000	"intercept"	0.73001311
"0.05"	"0.4"	"0.75"	"0.01"	"0.005"	"0.01"	"100000"	"10000"	"200"	"2290567505034537385"	50000	"slope"	-0.32859459
"0.05"	"0.4"	"0.75"	"0.01"	"0.005"	"0.01"	"100000"	"10000"	"200"	"2290567505034537385"	50000	"intercept"	0.716541485
"0.05"	"0.4"	"0.75"	"0.01"	"0.005"	"0.01"	"100000"	"10000"	"200"	"2290567505034537385"	55000	"slope"	-0.373061105
"0.05"	"0.4"	"0.75"	"0.01"	"0.005"	"0.01"	"100000"	"10000"	"200"	"2290567505034537385"	55000	"intercept"	0.737612805
"0.05"	"0.4"	"0.75"	"0.01"	"0.005"	"0.01"	"100000"	"10000"	"200"	"2290567505034537385"	60000	"slope"	-0.35897559
"0.05"	"0.4"	"0.75"	"0.01"	"0.005"	"0.01"	"100000"	"10000"	"200"	"2290567505034537385"	60000	"intercept"	0.738945065
"0.05"	"0.4"	"0.75"	"0.01"	"0.005"	"0.01"	"100000"	"10000"	"200"	"2290567505034537385"	65000	"slope"	-0.281185295
"0.05"	"0.4"	"0.75"	"0.01"	"0.005"	"0.01"	"100000"	"10000"	"200"	"2290567505034537385"	65000	"intercept"	0.68751742
"0.05"	"0.4"	"0.75"	"0.01"	"0.005"	"0.01"	"100000"	"10000"	"200"	"2290567505034537385"	70000	"slope"	-0.277554065
"0.05"	"0.4"	"0.75"	"0.01"	"0.005"	"0.01"	"100000"	"10000"	"200"	"2290567505034537385"	70000	"intercept"	0.68615093
"0.05"	"0.4"	"0.75"	"0.01"	"0.005"	"0.01"	"100000"	"10000"	"200"	"2290567505034537385"	75000	"slope"	-0.29015865
"0.05"	"0.4"	"0.75"	"0.01"	"0.005"	"0.01"	"100000"	"10000"	"200"	"2290567505034537385"	75000	"intercept"	0.70178244
"0.05"	"0.4"	"0.75"	"0.01"	"0.005"	"0.01"	"100000"	"10000"	"200"	"2290567505034537385"	80000	"slope"	-0.28224738
"0.05"	"0.4"	"0.75"	"0.01"	"0.005"	"0.01"	"100000"	"10000"	"200"	"2290567505034537385"	80000	"intercept"	0.688780315
"0.05"	"0.4"	"0.75"	"0.01"	"0.005"	"0.01"	"100000"	"10000"	"200"	"2290567505034537385"	85000	"slope"	-0.288984875
"0.05"	"0.4"	"0.75"	"0.01"	"0.005"	"0.01"	"100000"	"10000"	"200"	"2290567505034537385"	85000	"intercept"	0.68105116
"0.05"	"0.4"	"0.75"	"0.01"	"0.005"	"0.01"	"100000"	"10000"	"200"	"2290567505034537385"	90000	"slope"	-0.262118095
"0.05"	"0.4"	"0.75"	"0.01"	"0.005"	"0.01"	"100000"	"10000"	"200"	"2290567505034537385"	90000	"intercept"	0.672971835
"0.05"	"0.4"	"0.75"	"0.01"	"0.005"	"0.01"	"100000"	"10000"	"200"	"2290567505034537385"	95000	"slope"	-0.233800555
"0.05"	"0.4"	"0.75"	"0.01"	"0.005"	"0.01"	"100000"	"10000"	"200"	"2290567505034537385"	95000	"intercept"	0.647580375
"0.05"	"0.4"	"0.75"	"0.01"	"0.005"	"0.01"	"100000"	"10000"	"200"	"2290567505034537385"	100000	"slope"	-0.196144455
"0.05"	"0.4"	"0.75"	"0.01"	"0.005"	"0.01"	"100000"	"10000"	"200"	"2290567505034537385"	100000	"intercept"	0.628082775
"0.05"	"0.4"	"0.75"	"0.01"	"0.005"	"0.01"	"100000"	"10000"	"200"	"7843454819999592617"	10	"slope"	-9.794231e-05
"0.05"	"0.4"	"0.75"	"0.01"	"0.005"	"0.01"	"100000"	"10000"	"200"	"7843454819999592617"	10	"intercept"	0.50010913
"0.05"	"0.4"	"0.75"	"0.01"	"0.005"	"0.01"	"100000"	"10000"	"200"	"7843454819999592617"	5000	"slope"	0.00535326437
"0.05"	"0.4"	"0.75"	"0.01"	"0.005"	"0.01"	"100000"	"10000"	"200"	"7843454819999592617"	5000	"intercept"	0.49809423
"0.05"	"0.4"	"0.75"	"0.01"	"0.005"	"0.01"	"100000"	"10000"	"200"	"7843454819999592617"	10000	"slope"	-0.00504526554
"0.05"	"0.4"	"0.75"	"0.01"	"0.005"	"0.01"	"100000"	"10000"	"200"	"7843454819999592617"	10000	"intercept"	0.495795165
"0.05"	"0.4"	"0.75"	"0.01"	"0.005"	"0.01"	"100000"	"10000"	"200"	"7843454819999592617"	15000	"slope"	-0.08106446655
"0.05"	"0.4"	"0.75"	"0.01"	"0.005"	"0.01"	"100000"	"10000"	"200"	"7843454819999592617"	15000	"intercept"	0.54452815
"0.05"	"0.4"	"0.75"	"0.01"	"0.005"	"0.01"	"100000"	"10000"	"200"	"7843454819999592617"	20000	"slope"	-0.1518162335
"0.05"	"0.4"	"0.75"	"0.01"	"0.005"	"0.01"	"100000"	"10000"	"200"	"7843454819999592617"	20000	"intercept"	0.602558565
"0.05"	"0.4"	"0.75"	"0.01"	"0.005"	"0.01"	"100000"	"10000"	"200"	"7843454819999592617"	25000	"slope"	-0.179139266
"0.05"	"0.4"	"0.75"	"0.01"	"0.005"	"0.01"	"100000"	"10000"	"200"	"7843454819999592617"	25000	"intercept"	0.60761521
"0.05"	"0.4"	"0.75"	"0.01"	"0.005"	"0.01"	"100000"	"10000"	"200"	"7843454819999592617"	30000	"slope"	-0.1578629615
"0.05"	"0.4"	"0.75"	"0.01"	"0.005"	"0.01"	"100000"	"10000"	"200"	"7843454819999592617"	30000	"intercept"	0.60166303
"0.05"	"0.4"	"0.75"	"0.01"	"0.005"	"0.01"	"100000"	"10000"	"200"	"7843454819999592617"	35000	"slope"	-0.176926193
"0.05"	"0.4"	"0.75"	"0.01"	"0.005"	"0.01"	"100000"	"10000"	"200"	"7843454819999592617"	35000	"intercept"	0.618702175
"0.05"	"0.4"	"0.75"	"0.01"	"0.005"	"0.01"	"100000"	"10000"	"200"	"7843454819999592617"	40000	"slope"	-0.171921179
"0.05"	"0.4"	"0.75"	"0.01"	"0.005"	"0.01"	"100000"	"10000"	"200"	"7843454819999592617"	40000	"intercept"	0.61650217
"0.05"	"0.4"	"0.75"	"0.01"	"0.005"	"0.01"	"100000"	"10000"	"200"	"7843454819999592617"	45000	"slope"	-0.1667679435
"0.05"	"0.4"	"0.75"	"0.01"	"0.005"	"0.01"	"100000"	"10000"	"200"	"7843454819999592617"	45000	"intercept"	0.606971925
"0.05"	"0.4"	"0.75"	"0.01"	"0.005"	"0.01"	"100000"	"10000"	"200"	"7843454819999592617"	50000	"slope"	-0.1763444745
"0.05"	"0.4"	"0.75"	"0.01"	"0.005"	"0.01"	"100000"	"10000"	"200"	"7843454819999592617"	50000	"intercept"	0.6132485
"0.05"	"0.4"	"0.75"	"0.01"	"0.005"	"0.01"	"100000"	"10000"	"200"	"7843454819999592617"	55000	"slope"	-0.248715415
"0.05"	"0.4"	"0.75"	"0.01"	"0.005"	"0.01"	"100000"	"10000"	"200"	"7843454819999592617"	55000	"intercept"	0.654847095
"0.05"	"0.4"	"0.75"	"0.01"	"0.005"	"0.01"	"100000"	"10000"	"200"	"7843454819999592617"	60000	"slope"	-0.34466727
"0.05"	"0.4"	"0.75"	"0.01"	"0.005"	"0.01"	"100000"	"10000"	"200"	"7843454819999592617"	60000	"intercept"	0.72831796
"0.05"	"0.4"	"0.75"	"0.01"	"0.005"	"0.01"	"100000"	"10000"	"200"	"7843454819999592617"	65000	"slope"	-0.3452369
"0.05"	"0.4"	"0.75"	"0.01"	"0.005"	"0.01"	"100000"	"10000"	"200"	"7843454819999592617"	65000	"intercept"	0.72489116
"0.05"	"0.4"	"0.75"	"0.01"	"0.005"	"0.01"	"100000"	"10000"	"200"	"7843454819999592617"	70000	"slope"	-0.34090584
"0.05"	"0.4"	"0.75"	"0.01"	"0.005"	"0.01"	"100000"	"10000"	"200"	"7843454819999592617"	70000	"intercept"	0.724133595
"0.05"	"0.4"	"0.75"	"0.01"	"0.005"	"0.01"	"100000"	"10000"	"200"	"7843454819999592617"	75000	"slope"	-0.31977807
"0.05"	"0.4"	"0.75"	"0.01"	"0.005"	"0.01"	"100000"	"10000"	"200"	"7843454819999592617"	75000	"intercept"	0.70142928
"0.05"	"0.4"	"0.75"	"0.01"	"0.005"	"0.01"	"100000"	"10000"	"200"	"7843454819999592617"	80000	"slope"	-0.299526475
"0.05"	"0.4"	"0.75"	"0.01"	"0.005"	"0.01"	"100000"	"10000"	"200"	"7843454819999592617"	80000	"intercept"	0.69707351
"0.05"	"0.4"	"0.75"	"0.01"	"0.005"	"0.01"	"100000"	"10000"	"200"	"7843454819999592617"	85000	"slope"	-0.315499115
"0.05"	"0.4"	"0.75"	"0.01"	"0.005"	"0.01"	"100000"	"10000"	"200"	"7843454819999592617"	85000	"intercept"	0.702832405
"0.05"	"0.4"	"0.75"	"0.01"	"0.005"	"0.01"	"100000"	"10000"	"200"	"7843454819999592617"	90000	"slope"	-0.265443575
"0.05"	"0.4"	"0.75"	"0.01"	"0.005"	"0.01"	"100000"	"10000"	"200"	"7843454819999592617"	90000	"intercept"	0.67315018
"0.05"	"0.4"	"0.75"	"0.01"	"0.005"	"0.01"	"100000"	"10000"	"200"	"7843454819999592617"	95000	"slope"	-0.248575405
"0.05"	"0.4"	"0.75"	"0.01"	"0.005"	"0.01"	"100000"	"10000"	"200"	"7843454819999592617"	95000	"intercept"	0.6547028
"0.05"	"0.4"	"0.75"	"0.01"	"0.005"	"0.01"	"100000"	"10000"	"200"	"7843454819999592617"	100000	"slope"	-0.286032965
"0.05"	"0.4"	"0.75"	"0.01"	"0.005"	"0.01"	"100000"	"10000"	"200"	"7843454819999592617"	100000	"intercept"	0.68002246
"0.05"	"0.6"	"0.75"	"0.01"	"0.005"	"0.01"	"100000"	"10000"	"200"	"1609841730059883057"	10	"slope"	1.065122e-05
"0.05"	"0.6"	"0.75"	"0.01"	"0.005"	"0.01"	"100000"	"10000"	"200"	"1609841730059883057"	10	"intercept"	0.49989048
"0.05"	"0.6"	"0.75"	"0.01"	"0.005"	"0.01"	"100000"	"10000"	"200"	"1609841730059883057"	5000	"slope"	-0.03579477115
"0.05"	"0.6"	"0.75"	"0.01"	"0.005"	"0.01"	"100000"	"10000"	"200"	"1609841730059883057"	5000	"intercept"	0.518587715
"0.05"	"0.6"	"0.75"	"0.01"	"0.005"	"0.01"	"100000"	"10000"	"200"	"1609841730059883057"	10000	"slope"	-0.0710564357
"0.05"	"0.6"	"0.75"	"0.01"	"0.005"	"0.01"	"100000"	"10000"	"200"	"1609841730059883057"	10000	"intercept"	0.53845375
"0.05"	"0.6"	"0.75"	"0.01"	"0.005"	"0.01"	"100000"	"10000"	"200"	"1609841730059883057"	15000	"slope"	-0.087610106
"0.05"	"0.6"	"0.75"	"0.01"	"0.005"	"0.01"	"100000"	"10000"	"200"	"1609841730059883057"	15000	"intercept"	0.561282715
"0.05"	"0.6"	"0.75"	"0.01"	"0.005"	"0.01"	"100000"	"10000"	"200"	"1609841730059883057"	20000	"slope"	-0.1307055545
"0.05"	"0.6"	"0.75"	"0.01"	"0.005"	"0.01"	"100000"	"10000"	"200"	"1609841730059883057"	20000	"intercept"	0.582234405
"0.05"	"0.6"	"0.75"	"0.01"	"0.005"	"0.01"	"100000"	"10000"	"200"	"1609841730059883057"	25000	"slope"	-0.229584589
"0.05"	"0.6"	"0.75"	"0.01"	"0.005"	"0.01"	"100000"	"10000"	"200"	"1609841730059883057"	25000	"intercept"	0.64850463
"0.05"	"0.6"	"0.75"	"0.01"	"0.005"	"0.01"	"100000"	"10000"	"200"	"1609841730059883057"	30000	"slope"	-0.242229905
"0.05"	"0.6"	"0.75"	"0.01"	"0.005"	"0.01"	"100000"	"10000"	"200"	"1609841730059883057"	30000	"intercept"	0.65397779
"0.05"	"0.6"	"0.75"	"0.01"	"0.005"	"0.01"	"100000"	"10000"	"200"	"1609841730059883057"	35000	"slope"	-0.26539391
"0.05"	"0.6"	"0.75"	"0.01"	"0.005"	"0.01"	"100000"	"10000"	"200"	"1609841730059883057"	35000	"intercept"	0.67542612
"0.05"	"0.6"	"0.75"	"0.01"	"0.005"	"0.01"	"100000"	"10000"	"200"	"1609841730059883057"	40000	"slope"	-0.31605797
"0.05"	"0.6"	"0.75"	"0.01"	"0.005"	"0.01"	"100000"	"10000"	"200"	"1609841730059883057"	40000	"intercept"	0.70439451
"0.05"	"0.6"	"0.75"	"0.01"	"0.005"	"0.01"	"100000"	"10000"	"200"	"1609841730059883057"	45000	"slope"	-0.32402545
"0.05"	"0.6"	"0.75"	"0.01"	"0.005"	"0.01"	"100000"	"10000"	"200"	"1609841730059883057"	45000	"intercept"	0.720589235
"0.05"	"0.6"	"0.75"	"0.01"	"0.005"	"0.01"	"100000"	"10000"	"200"	"1609841730059883057"	50000	"slope"	-0.308567525
"0.05"	"0.6"	"0.75"	"0.01"	"0.005"	"0.01"	"100000"	"10000"	"200"	"1609841730059883057"	50000	"intercept"	0.6981769
"0.05"	"0.6"	"0.75"	"0.01"	"0.005"	"0.01"	"100000"	"10000"	"200"	"1609841730059883057"	55000	"slope"	-0.301798375
"0.05"	"0.6"	"0.75"	"0.01"	"0.005"	"0.01"	"100000"	"10000"	"200"	"1609841730059883057"	55000	"intercept"	0.700625965
"0.05"	"0.6"	"0.75"	"0.01"	"0.005"	"0.01"	"100000"	"10000"	"200"	"1609841730059883057"	60000	"slope"	-0.31704858
"0.05"	"0.6"	"0.75"	"0.01"	"0.005"	"0.01"	"100000"	"10000"	"200"	"1609841730059883057"	60000	"intercept"	0.71121393
"0.05"	"0.6"	"0.75"	"0.01"	"0.005"	"0.01"	"100000"	"10000"	"200"	"1609841730059883057"	65000	"slope"	-0.40145955
"0.05"	"0.6"	"0.75"	"0.01"	"0.005"	"0.01"	"100000"	"10000"	"200"	"1609841730059883057"	65000	"intercept"	0.760462345
"0.05"	"0.6"	"0.75"	"0.01"	"0.005"	"0.01"	"100000"	"10000"	"200"	"1609841730059883057"	70000	"slope"	-0.42511321
"0.05"	"0.6"	"0.75"	"0.01"	"0.005"	"0.01"	"100000"	"10000"	"200"	"1609841730059883057"	70000	"intercept"	0.782601235
"0.05"	"0.6"	"0.75"	"0.01"	"0.005"	"0.01"	"100000"	"10000"	"200"	"1609841730059883057"	75000	"slope"	-0.417255005
"0.05"	"0.6"	"0.75"	"0.01"	"0.005"	"0.01"	"100000"	"10000"	"200"	"1609841730059883057"	75000	"intercept"	0.770355955
"0.05"	"0.6"	"0.75"	"0.01"	"0.005"	"0.01"	"100000"	"10000"	"200"	"1609841730059883057"	80000	"slope"	-0.433097455
"0.05"	"0.6"	"0.75"	"0.01"	"0.005"	"0.01"	"100000"	"10000"	"200"	"1609841730059883057"	80000	"intercept"	0.787408505
"0.05"	"0.6"	"0.75"	"0.01"	"0.005"	"0.01"	"100000"	"10000"	"200"	"1609841730059883057"	85000	"slope"	-0.464314385
"0.05"	"0.6"	"0.75"	"0.01"	"0.005"	"0.01"	"100000"	"10000"	"200"	"1609841730059883057"	85000	"intercept"	0.797540905
"0.05"	"0.6"	"0.75"	"0.01"	"0.005"	"0.01"	"100000"	"10000"	"200"	"1609841730059883057"	90000	"slope"	-0.43560626
"0.05"	"0.6"	"0.75"	"0.01"	"0.005"	"0.01"	"100000"	"10000"	"200"	"1609841730059883057"	90000	"intercept"	0.78920498
"0.05"	"0.6"	"0.75"	"0.01"	"0.005"	"0.01"	"100000"	"10000"	"200"	"1609841730059883057"	95000	"slope"	-0.435459785
"0.05"	"0.6"	"0.75"	"0.01"	"0.005"	"0.01"	"100000"	"10000"	"200"	"1609841730059883057"	95000	"intercept"	0.78534062
"0.05"	"0.6"	"0.75"	"0.01"	"0.005"	"0.01"	"100000"	"10000"	"200"	"1609841730059883057"	100000	"slope"	-0.346150655
"0.05"	"0.6"	"0.75"	"0.01"	"0.005"	"0.01"	"100000"	"10000"	"200"	"1609841730059883057"	100000	"intercept"	0.73155478
"0.05"	"0.6"	"0.75"	"0.01"	"0.005"	"0.01"	"100000"	"10000"	"200"	"4736114582461921169"	10	"slope"	-0.000121537365
"0.05"	"0.6"	"0.75"	"0.01"	"0.005"	"0.01"	"100000"	"10000"	"200"	"4736114582461921169"	10	"intercept"	0.500102795
"0.05"	"0.6"	"0.75"	"0.01"	"0.005"	"0.01"	"100000"	"10000"	"200"	"4736114582461921169"	5000	"slope"	-0.01150930558
"0.05"	"0.6"	"0.75"	"0.01"	"0.005"	"0.01"	"100000"	"10000"	"200"	"4736114582461921169"	5000	"intercept"	0.503302035
"0.05"	"0.6"	"0.75"	"0.01"	"0.005"	"0.01"	"100000"	"10000"	"200"	"4736114582461921169"	10000	"slope"	-0.04697638895
"0.05"	"0.6"	"0.75"	"0.01"	"0.005"	"0.01"	"100000"	"10000"	"200"	"4736114582461921169"	10000	"intercept"	0.51218445
"0.05"	"0.6"	"0.75"	"0.01"	"0.005"	"0.01"	"100000"	"10000"	"200"	"4736114582461921169"	15000	"slope"	-0.1310613394
"0.05"	"0.6"	"0.75"	"0.01"	"0.005"	"0.01"	"100000"	"10000"	"200"	"4736114582461921169"	15000	"intercept"	0.582244985
"0.05"	"0.6"	"0.75"	"0.01"	"0.005"	"0.01"	"100000"	"10000"	"200"	"4736114582461921169"	20000	"slope"	-0.142665421
"0.05"	"0.6"	"0.75"	"0.01"	"0.005"	"0.01"	"100000"	"10000"	"200"	"4736114582461921169"	20000	"intercept"	0.59558971
"0.05"	"0.6"	"0.75"	"0.01"	"0.005"	"0.01"	"100000"	"10000"	"200"	"4736114582461921169"	25000	"slope"	-0.152726868
"0.05"	"0.6"	"0.75"	"0.01"	"0.005"	"0.01"	"100000"	"10000"	"200"	"4736114582461921169"	25000	"intercept"	0.59797722
"0.05"	"0.6"	"0.75"	"0.01"	"0.005"	"0.01"	"100000"	"10000"	"200"	"4736114582461921169"	30000	"slope"	-0.145833166
"0.05"	"0.6"	"0.75"	"0.01"	"0.005"	"0.01"	"100000"	"10000"	"200"	"4736114582461921169"	30000	"intercept"	0.5933709
"0.05"	"0.6"	"0.75"	"0.01"	"0.005"	"0.01"	"100000"	"10000"	"200"	"4736114582461921169"	35000	"slope"	-0.26801417
"0.05"	"0.6"	"0.75"	"0.01"	"0.005"	"0.01"	"100000"	"10000"	"200"	"4736114582461921169"	35000	"intercept"	0.68741922
"0.05"	"0.6"	"0.75"	"0.01"	"0.005"	"0.01"	"100000"	"10000"	"200"	"4736114582461921169"	40000	"slope"	-0.288353625
"0.05"	"0.6"	"0.75"	"0.01"	"0.005"	"0.01"	"100000"	"10000"	"200"	"4736114582461921169"	40000	"intercept"	0.692970525
"0.05"	"0.6"	"0.75"	"0.01"	"0.005"	"0.01"	"100000"	"10000"	"200"	"4736114582461921169"	45000	"slope"	-0.29056426
"0.05"	"0.6"	"0.75"	"0.01"	"0.005"	"0.01"	"100000"	"10000"	"200"	"4736114582461921169"	45000	"intercept"	0.694857905
"0.05"	"0.6"	"0.75"	"0.01"	"0.005"	"0.01"	"100000"	"10000"	"200"	"4736114582461921169"	50000	"slope"	-0.326698495
"0.05"	"0.6"	"0.75"	"0.01"	"0.005"	"0.01"	"100000"	"10000"	"200"	"4736114582461921169"	50000	"intercept"	0.71496936
"0.05"	"0.6"	"0.75"	"0.01"	"0.005"	"0.01"	"100000"	"10000"	"200"	"4736114582461921169"	55000	"slope"	-0.328384655
"0.05"	"0.6"	"0.75"	"0.01"	"0.005"	"0.01"	"100000"	"10000"	"200"	"4736114582461921169"	55000	"intercept"	0.716662
"0.05"	"0.6"	"0.75"	"0.01"	"0.005"	"0.01"	"100000"	"10000"	"200"	"4736114582461921169"	60000	"slope"	-0.32447526
"0.05"	"0.6"	"0.75"	"0.01"	"0.005"	"0.01"	"100000"	"10000"	"200"	"4736114582461921169"	60000	"intercept"	0.71567793
"0.05"	"0.6"	"0.75"	"0.01"	"0.005"	"0.01"	"100000"	"10000"	"200"	"4736114582461921169"	65000	"slope"	-0.314570005
"0.05"	"0.6"	"0.75"	"0.01"	"0.005"	"0.01"	"100000"	"10000"	"200"	"4736114582461921169"	65000	"intercept"	0.71028542
"0.05"	"0.6"	"0.75"	"0.01"	"0.005"	"0.01"	"100000"	"10000"	"200"	"4736114582461921169"	70000	"slope"	-0.3570284755
"0.05"	"0.6"	"0.75"	"0.01"	"0.005"	"0.01"	"100000"	"10000"	"200"	"4736114582461921169"	70000	"intercept"	0.727691725
"0.05"	"0.6"	"0.75"	"0.01"	"0.005"	"0.01"	"100000"	"10000"	"200"	"4736114582461921169"	75000	"slope"	-0.357928165
"0.05"	"0.6"	"0.75"	"0.01"	"0.005"	"0.01"	"100000"	"10000"	"200"	"4736114582461921169"	75000	"intercept"	0.7368256
"0.05"	"0.6"	"0.75"	"0.01"	"0.005"	"0.01"	"100000"	"10000"	"200"	"4736114582461921169"	80000	"slope"	-0.32216218
"0.05"	"0.6"	"0.75"	"0.01"	"0.005"	"0.01"	"100000"	"10000"	"200"	"4736114582461921169"	80000	"intercept"	0.71498382
"0.05"	"0.6"	"0.75"	"0.01"	"0.005"	"0.01"	"100000"	"10000"	"200"	"4736114582461921169"	85000	"slope"	-0.3222167
"0.05"	"0.6"	"0.75"	"0.01"	"0.005"	"0.01"	"100000"	"10000"	"200"	"4736114582461921169"	85000	"intercept"	0.7171902
"0.05"	"0.6"	"0.75"	"0.01"	"0.005"	"0.01"	"100000"	"10000"	"200"	"4736114582461921169"	90000	"slope"	-0.30556798
"0.05"	"0.6"	"0.75"	"0.01"	"0.005"	"0.01"	"100000"	"10000"	"200"	"4736114582461921169"	90000	"intercept"	0.69895728
"0.05"	"0.6"	"0.75"	"0.01"	"0.005"	"0.01"	"100000"	"10000"	"200"	"4736114582461921169"	95000	"slope"	-0.32616884
"0.05"	"0.6"	"0.75"	"0.01"	"0.005"	"0.01"	"100000"	"10000"	"200"	"4736114582461921169"	95000	"intercept"	0.71143499
"0.05"	"0.6"	"0.75"	"0.01"	"0.005"	"0.01"	"100000"	"10000"	"200"	"4736114582461921169"	100000	"slope"	-0.294294625
"0.05"	"0.6"	"0.75"	"0.01"	"0.005"	"0.01"	"100000"	"10000"	"200"	"4736114582461921169"	100000	"intercept"	0.697972265
"0.05"	"0.6"	"0.75"	"0.01"	"0.005"	"0.01"	"100000"	"10000"	"200"	"9019736211369517775"	10	"slope"	-0.00031189044
"0.05"	"0.6"	"0.75"	"0.01"	"0.005"	"0.01"	"100000"	"10000"	"200"	"9019736211369517775"	10	"intercept"	0.499981235
"0.05"	"0.6"	"0.75"	"0.01"	"0.005"	"0.01"	"100000"	"10000"	"200"	"9019736211369517775"	5000	"slope"	0.00283332483
"0.05"	"0.6"	"0.75"	"0.01"	"0.005"	"0.01"	"100000"	"10000"	"200"	"9019736211369517775"	5000	"intercept"	0.506322725
"0.05"	"0.6"	"0.75"	"0.01"	"0.005"	"0.01"	"100000"	"10000"	"200"	"9019736211369517775"	10000	"slope"	-0.055916713945
"0.05"	"0.6"	"0.75"	"0.01"	"0.005"	"0.01"	"100000"	"10000"	"200"	"9019736211369517775"	10000	"intercept"	0.526655555
"0.05"	"0.6"	"0.75"	"0.01"	"0.005"	"0.01"	"100000"	"10000"	"200"	"9019736211369517775"	15000	"slope"	-0.1080603837
"0.05"	"0.6"	"0.75"	"0.01"	"0.005"	"0.01"	"100000"	"10000"	"200"	"9019736211369517775"	15000	"intercept"	0.56541078
"0.05"	"0.6"	"0.75"	"0.01"	"0.005"	"0.01"	"100000"	"10000"	"200"	"9019736211369517775"	20000	"slope"	-0.186660935
"0.05"	"0.6"	"0.75"	"0.01"	"0.005"	"0.01"	"100000"	"10000"	"200"	"9019736211369517775"	20000	"intercept"	0.62651187
"0.05"	"0.6"	"0.75"	"0.01"	"0.005"	"0.01"	"100000"	"10000"	"200"	"9019736211369517775"	25000	"slope"	-0.18977797
"0.05"	"0.6"	"0.75"	"0.01"	"0.005"	"0.01"	"100000"	"10000"	"200"	"9019736211369517775"	25000	"intercept"	0.6227189
"0.05"	"0.6"	"0.75"	"0.01"	"0.005"	"0.01"	"100000"	"10000"	"200"	"9019736211369517775"	30000	"slope"	-0.25570407
"0.05"	"0.6"	"0.75"	"0.01"	"0.005"	"0.01"	"100000"	"10000"	"200"	"9019736211369517775"	30000	"intercept"	0.665128275
"0.05"	"0.6"	"0.75"	"0.01"	"0.005"	"0.01"	"100000"	"10000"	"200"	"9019736211369517775"	35000	"slope"	-0.257137375
"0.05"	"0.6"	"0.75"	"0.01"	"0.005"	"0.01"	"100000"	"10000"	"200"	"9019736211369517775"	35000	"intercept"	0.6611011
"0.05"	"0.6"	"0.75"	"0.01"	"0.005"	"0.01"	"100000"	"10000"	"200"	"9019736211369517775"	40000	"slope"	-0.2338824305
"0.05"	"0.6"	"0.75"	"0.01"	"0.005"	"0.01"	"100000"	"10000"	"200"	"9019736211369517775"	40000	"intercept"	0.64841649
"0.05"	"0.6"	"0.75"	"0.01"	"0.005"	"0.01"	"100000"	"10000"	"200"	"9019736211369517775"	45000	"slope"	-0.30600601
"0.05"	"0.6"	"0.75"	"0.01"	"0.005"	"0.01"	"100000"	"10000"	"200"	"9019736211369517775"	45000	"intercept"	0.692460065
"0.05"	"0.6"	"0.75"	"0.01"	"0.005"	"0.01"	"100000"	"10000"	"200"	"9019736211369517775"	50000	"slope"	-0.325371195
"0.05"	"0.6"	"0.75"	"0.01"	"0.005"	"0.01"	"100000"	"10000"	"200"	"9019736211369517775"	50000	"intercept"	0.70862643
"0.05"	"0.6"	"0.75"	"0.01"	"0.005"	"0.01"	"100000"	"10000"	"200"	"9019736211369517775"	55000	"slope"	-0.38782985
"0.05"	"0.6"	"0.75"	"0.01"	"0.005"	"0.01"	"100000"	"10000"	"200"	"9019736211369517775"	55000	"intercept"	0.746940955
"0.05"	"0.6"	"0.75"	"0.01"	"0.005"	"0.01"	"100000"	"10000"	"200"	"9019736211369517775"	60000	"slope"	-0.37894269
"0.05"	"0.6"	"0.75"	"0.01"	"0.005"	"0.01"	"100000"	"10000"	"200"	"9019736211369517775"	60000	"intercept"	0.753527995
"0.05"	"0.6"	"0.75"	"0.01"	"0.005"	"0.01"	"100000"	"10000"	"200"	"9019736211369517775"	65000	"slope"	-0.344863515
"0.05"	"0.6"	"0.75"	"0.01"	"0.005"	"0.01"	"100000"	"10000"	"200"	"9019736211369517775"	65000	"intercept"	0.725697295
"0.05"	"0.6"	"0.75"	"0.01"	"0.005"	"0.01"	"100000"	"10000"	"200"	"9019736211369517775"	70000	"slope"	-0.311353095
"0.05"	"0.6"	"0.75"	"0.01"	"0.005"	"0.01"	"100000"	"10000"	"200"	"9019736211369517775"	70000	"intercept"	0.694189155
"0.05"	"0.6"	"0.75"	"0.01"	"0.005"	"0.01"	"100000"	"10000"	"200"	"9019736211369517775"	75000	"slope"	-0.32762766
"0.05"	"0.6"	"0.75"	"0.01"	"0.005"	"0.01"	"100000"	"10000"	"200"	"9019736211369517775"	75000	"intercept"	0.70844364
"0.05"	"0.6"	"0.75"	"0.01"	"0.005"	"0.01"	"100000"	"10000"	"200"	"9019736211369517775"	80000	"slope"	-0.316730155
"0.05"	"0.6"	"0.75"	"0.01"	"0.005"	"0.01"	"100000"	"10000"	"200"	"9019736211369517775"	80000	"intercept"	0.70925549
"0.05"	"0.6"	"0.75"	"0.01"	"0.005"	"0.01"	"100000"	"10000"	"200"	"9019736211369517775"	85000	"slope"	-0.30133908
"0.05"	"0.6"	"0.75"	"0.01"	"0.005"	"0.01"	"100000"	"10000"	"200"	"9019736211369517775"	85000	"intercept"	0.694433555
"0.05"	"0.6"	"0.75"	"0.01"	"0.005"	"0.01"	"100000"	"10000"	"200"	"9019736211369517775"	90000	"slope"	-0.32438678
"0.05"	"0.6"	"0.75"	"0.01"	"0.005"	"0.01"	"100000"	"10000"	"200"	"9019736211369517775"	90000	"intercept"	0.71556323
"0.05"	"0.6"	"0.75"	"0.01"	"0.005"	"0.01"	"100000"	"10000"	"200"	"9019736211369517775"	95000	"slope"	-0.32602177
"0.05"	"0.6"	"0.75"	"0.01"	"0.005"	"0.01"	"100000"	"10000"	"200"	"9019736211369517775"	95000	"intercept"	0.71296478
"0.05"	"0.6"	"0.75"	"0.01"	"0.005"	"0.01"	"100000"	"10000"	"200"	"9019736211369517775"	100000	"slope"	-0.32455611
"0.05"	"0.6"	"0.75"	"0.01"	"0.005"	"0.01"	"100000"	"10000"	"200"	"9019736211369517775"	100000	"intercept"	0.718750755
"0.05"	"0.8"	"0.75"	"0.01"	"0.005"	"0.01"	"100000"	"10000"	"200"	"3333559070663459242"	10	"slope"	-0.000126466505
"0.05"	"0.8"	"0.75"	"0.01"	"0.005"	"0.01"	"100000"	"10000"	"200"	"3333559070663459242"	10	"intercept"	0.50006133
"0.05"	"0.8"	"0.75"	"0.01"	"0.005"	"0.01"	"100000"	"10000"	"200"	"3333559070663459242"	5000	"slope"	-0.033700462757
"0.05"	"0.8"	"0.75"	"0.01"	"0.005"	"0.01"	"100000"	"10000"	"200"	"3333559070663459242"	5000	"intercept"	0.518963865
"0.05"	"0.8"	"0.75"	"0.01"	"0.005"	"0.01"	"100000"	"10000"	"200"	"3333559070663459242"	10000	"slope"	-0.0825672195
"0.05"	"0.8"	"0.75"	"0.01"	"0.005"	"0.01"	"100000"	"10000"	"200"	"3333559070663459242"	10000	"intercept"	0.555591235
"0.05"	"0.8"	"0.75"	"0.01"	"0.005"	"0.01"	"100000"	"10000"	"200"	"3333559070663459242"	15000	"slope"	-0.065512362959
"0.05"	"0.8"	"0.75"	"0.01"	"0.005"	"0.01"	"100000"	"10000"	"200"	"3333559070663459242"	15000	"intercept"	0.539279235
"0.05"	"0.8"	"0.75"	"0.01"	"0.005"	"0.01"	"100000"	"10000"	"200"	"3333559070663459242"	20000	"slope"	-0.09132265655
"0.05"	"0.8"	"0.75"	"0.01"	"0.005"	"0.01"	"100000"	"10000"	"200"	"3333559070663459242"	20000	"intercept"	0.570718235
"0.05"	"0.8"	"0.75"	"0.01"	"0.005"	"0.01"	"100000"	"10000"	"200"	"3333559070663459242"	25000	"slope"	-0.1214710075
"0.05"	"0.8"	"0.75"	"0.01"	"0.005"	"0.01"	"100000"	"10000"	"200"	"3333559070663459242"	25000	"intercept"	0.5695241
"0.05"	"0.8"	"0.75"	"0.01"	"0.005"	"0.01"	"100000"	"10000"	"200"	"3333559070663459242"	30000	"slope"	-0.14137455
"0.05"	"0.8"	"0.75"	"0.01"	"0.005"	"0.01"	"100000"	"10000"	"200"	"3333559070663459242"	30000	"intercept"	0.59083553
"0.05"	"0.8"	"0.75"	"0.01"	"0.005"	"0.01"	"100000"	"10000"	"200"	"3333559070663459242"	35000	"slope"	-0.208392265
"0.05"	"0.8"	"0.75"	"0.01"	"0.005"	"0.01"	"100000"	"10000"	"200"	"3333559070663459242"	35000	"intercept"	0.641536855
"0.05"	"0.8"	"0.75"	"0.01"	"0.005"	"0.01"	"100000"	"10000"	"200"	"3333559070663459242"	40000	"slope"	-0.22979399
"0.05"	"0.8"	"0.75"	"0.01"	"0.005"	"0.01"	"100000"	"10000"	"200"	"3333559070663459242"	40000	"intercept"	0.6470964
"0.05"	"0.8"	"0.75"	"0.01"	"0.005"	"0.01"	"100000"	"10000"	"200"	"3333559070663459242"	45000	"slope"	-0.249372315
"0.05"	"0.8"	"0.75"	"0.01"	"0.005"	"0.01"	"100000"	"10000"	"200"	"3333559070663459242"	45000	"intercept"	0.65983283
"0.05"	"0.8"	"0.75"	"0.01"	"0.005"	"0.01"	"100000"	"10000"	"200"	"3333559070663459242"	50000	"slope"	-0.290509365
"0.05"	"0.8"	"0.75"	"0.01"	"0.005"	"0.01"	"100000"	"10000"	"200"	"3333559070663459242"	50000	"intercept"	0.689907035
"0.05"	"0.8"	"0.75"	"0.01"	"0.005"	"0.01"	"100000"	"10000"	"200"	"3333559070663459242"	55000	"slope"	-0.30791552
"0.05"	"0.8"	"0.75"	"0.01"	"0.005"	"0.01"	"100000"	"10000"	"200"	"3333559070663459242"	55000	"intercept"	0.714159275
"0.05"	"0.8"	"0.75"	"0.01"	"0.005"	"0.01"	"100000"	"10000"	"200"	"3333559070663459242"	60000	"slope"	-0.342788415
"0.05"	"0.8"	"0.75"	"0.01"	"0.005"	"0.01"	"100000"	"10000"	"200"	"3333559070663459242"	60000	"intercept"	0.71923462
"0.05"	"0.8"	"0.75"	"0.01"	"0.005"	"0.01"	"100000"	"10000"	"200"	"3333559070663459242"	65000	"slope"	-0.34744493
"0.05"	"0.8"	"0.75"	"0.01"	"0.005"	"0.01"	"100000"	"10000"	"200"	"3333559070663459242"	65000	"intercept"	0.72856801
"0.05"	"0.8"	"0.75"	"0.01"	"0.005"	"0.01"	"100000"	"10000"	"200"	"3333559070663459242"	70000	"slope"	-0.38747011
"0.05"	"0.8"	"0.75"	"0.01"	"0.005"	"0.01"	"100000"	"10000"	"200"	"3333559070663459242"	70000	"intercept"	0.74982434
"0.05"	"0.8"	"0.75"	"0.01"	"0.005"	"0.01"	"100000"	"10000"	"200"	"3333559070663459242"	75000	"slope"	-0.439493545
"0.05"	"0.8"	"0.75"	"0.01"	"0.005"	"0.01"	"100000"	"10000"	"200"	"3333559070663459242"	75000	"intercept"	0.784566455
"0.05"	"0.8"	"0.75"	"0.01"	"0.005"	"0.01"	"100000"	"10000"	"200"	"3333559070663459242"	80000	"slope"	-0.43874934
"0.05"	"0.8"	"0.75"	"0.01"	"0.005"	"0.01"	"100000"	"10000"	"200"	"3333559070663459242"	80000	"intercept"	0.792348185
"0.05"	"0.8"	"0.75"	"0.01"	"0.005"	"0.01"	"100000"	"10000"	"200"	"3333559070663459242"	85000	"slope"	-0.47988927
"0.05"	"0.8"	"0.75"	"0.01"	"0.005"	"0.01"	"100000"	"10000"	"200"	"3333559070663459242"	85000	"intercept"	0.81621015
"0.05"	"0.8"	"0.75"	"0.01"	"0.005"	"0.01"	"100000"	"10000"	"200"	"3333559070663459242"	90000	"slope"	-0.45039715
"0.05"	"0.8"	"0.75"	"0.01"	"0.005"	"0.01"	"100000"	"10000"	"200"	"3333559070663459242"	90000	"intercept"	0.80992429
"0.05"	"0.8"	"0.75"	"0.01"	"0.005"	"0.01"	"100000"	"10000"	"200"	"3333559070663459242"	95000	"slope"	-0.45872774
"0.05"	"0.8"	"0.75"	"0.01"	"0.005"	"0.01"	"100000"	"10000"	"200"	"3333559070663459242"	95000	"intercept"	0.799474465
"0.05"	"0.8"	"0.75"	"0.01"	"0.005"	"0.01"	"100000"	"10000"	"200"	"3333559070663459242"	100000	"slope"	-0.471110755
"0.05"	"0.8"	"0.75"	"0.01"	"0.005"	"0.01"	"100000"	"10000"	"200"	"3333559070663459242"	100000	"intercept"	0.813614925
"0.05"	"0.8"	"0.75"	"0.01"	"0.005"	"0.01"	"100000"	"10000"	"200"	"4237628458673575344"	10	"slope"	-0.0001465671785
"0.05"	"0.8"	"0.75"	"0.01"	"0.005"	"0.01"	"100000"	"10000"	"200"	"4237628458673575344"	10	"intercept"	0.50004734
"0.05"	"0.8"	"0.75"	"0.01"	"0.005"	"0.01"	"100000"	"10000"	"200"	"4237628458673575344"	5000	"slope"	-0.005614567943
"0.05"	"0.8"	"0.75"	"0.01"	"0.005"	"0.01"	"100000"	"10000"	"200"	"4237628458673575344"	5000	"intercept"	0.51087155
"0.05"	"0.8"	"0.75"	"0.01"	"0.005"	"0.01"	"100000"	"10000"	"200"	"4237628458673575344"	10000	"slope"	-0.033448907605
"0.05"	"0.8"	"0.75"	"0.01"	"0.005"	"0.01"	"100000"	"10000"	"200"	"4237628458673575344"	10000	"intercept"	0.51779551
"0.05"	"0.8"	"0.75"	"0.01"	"0.005"	"0.01"	"100000"	"10000"	"200"	"4237628458673575344"	15000	"slope"	-0.058109934495
"0.05"	"0.8"	"0.75"	"0.01"	"0.005"	"0.01"	"100000"	"10000"	"200"	"4237628458673575344"	15000	"intercept"	0.534088245
"0.05"	"0.8"	"0.75"	"0.01"	"0.005"	"0.01"	"100000"	"10000"	"200"	"4237628458673575344"	20000	"slope"	-0.1229687565
"0.05"	"0.8"	"0.75"	"0.01"	"0.005"	"0.01"	"100000"	"10000"	"200"	"4237628458673575344"	20000	"intercept"	0.586873435
"0.05"	"0.8"	"0.75"	"0.01"	"0.005"	"0.01"	"100000"	"10000"	"200"	"4237628458673575344"	25000	"slope"	-0.1873891975
"0.05"	"0.8"	"0.75"	"0.01"	"0.005"	"0.01"	"100000"	"10000"	"200"	"4237628458673575344"	25000	"intercept"	0.61619855
"0.05"	"0.8"	"0.75"	"0.01"	"0.005"	"0.01"	"100000"	"10000"	"200"	"4237628458673575344"	30000	"slope"	-0.2193637
"0.05"	"0.8"	"0.75"	"0.01"	"0.005"	"0.01"	"100000"	"10000"	"200"	"4237628458673575344"	30000	"intercept"	0.649014075
"0.05"	"0.8"	"0.75"	"0.01"	"0.005"	"0.01"	"100000"	"10000"	"200"	"4237628458673575344"	35000	"slope"	-0.217613145
"0.05"	"0.8"	"0.75"	"0.01"	"0.005"	"0.01"	"100000"	"10000"	"200"	"4237628458673575344"	35000	"intercept"	0.647304805
"0.05"	"0.8"	"0.75"	"0.01"	"0.005"	"0.01"	"100000"	"10000"	"200"	"4237628458673575344"	40000	"slope"	-0.244755335
"0.05"	"0.8"	"0.75"	"0.01"	"0.005"	"0.01"	"100000"	"10000"	"200"	"4237628458673575344"	40000	"intercept"	0.656658755
"0.05"	"0.8"	"0.75"	"0.01"	"0.005"	"0.01"	"100000"	"10000"	"200"	"4237628458673575344"	45000	"slope"	-0.2751902
"0.05"	"0.8"	"0.75"	"0.01"	"0.005"	"0.01"	"100000"	"10000"	"200"	"4237628458673575344"	45000	"intercept"	0.685394645
"0.05"	"0.8"	"0.75"	"0.01"	"0.005"	"0.01"	"100000"	"10000"	"200"	"4237628458673575344"	50000	"slope"	-0.286654295
"0.05"	"0.8"	"0.75"	"0.01"	"0.005"	"0.01"	"100000"	"10000"	"200"	"4237628458673575344"	50000	"intercept"	0.680381145
"0.05"	"0.8"	"0.75"	"0.01"	"0.005"	"0.01"	"100000"	"10000"	"200"	"4237628458673575344"	55000	"slope"	-0.29147678
"0.05"	"0.8"	"0.75"	"0.01"	"0.005"	"0.01"	"100000"	"10000"	"200"	"4237628458673575344"	55000	"intercept"	0.68413307
"0.05"	"0.8"	"0.75"	"0.01"	"0.005"	"0.01"	"100000"	"10000"	"200"	"4237628458673575344"	60000	"slope"	-0.34953419
"0.05"	"0.8"	"0.75"	"0.01"	"0.005"	"0.01"	"100000"	"10000"	"200"	"4237628458673575344"	60000	"intercept"	0.7181021
"0.05"	"0.8"	"0.75"	"0.01"	"0.005"	"0.01"	"100000"	"10000"	"200"	"4237628458673575344"	65000	"slope"	-0.389212875
"0.05"	"0.8"	"0.75"	"0.01"	"0.005"	"0.01"	"100000"	"10000"	"200"	"4237628458673575344"	65000	"intercept"	0.743238325
"0.05"	"0.8"	"0.75"	"0.01"	"0.005"	"0.01"	"100000"	"10000"	"200"	"4237628458673575344"	70000	"slope"	-0.40283313
"0.05"	"0.8"	"0.75"	"0.01"	"0.005"	"0.01"	"100000"	"10000"	"200"	"4237628458673575344"	70000	"intercept"	0.761004205
"0.05"	"0.8"	"0.75"	"0.01"	"0.005"	"0.01"	"100000"	"10000"	"200"	"4237628458673575344"	75000	"slope"	-0.43890297
"0.05"	"0.8"	"0.75"	"0.01"	"0.005"	"0.01"	"100000"	"10000"	"200"	"4237628458673575344"	75000	"intercept"	0.791605265
"0.05"	"0.8"	"0.75"	"0.01"	"0.005"	"0.01"	"100000"	"10000"	"200"	"4237628458673575344"	80000	"slope"	-0.4388663
"0.05"	"0.8"	"0.75"	"0.01"	"0.005"	"0.01"	"100000"	"10000"	"200"	"4237628458673575344"	80000	"intercept"	0.792459315
"0.05"	"0.8"	"0.75"	"0.01"	"0.005"	"0.01"	"100000"	"10000"	"200"	"4237628458673575344"	85000	"slope"	-0.457419775
"0.05"	"0.8"	"0.75"	"0.01"	"0.005"	"0.01"	"100000"	"10000"	"200"	"4237628458673575344"	85000	"intercept"	0.797338155
"0.05"	"0.8"	"0.75"	"0.01"	"0.005"	"0.01"	"100000"	"10000"	"200"	"4237628458673575344"	90000	"slope"	-0.42298567
"0.05"	"0.8"	"0.75"	"0.01"	"0.005"	"0.01"	"100000"	"10000"	"200"	"4237628458673575344"	90000	"intercept"	0.77740032
"0.05"	"0.8"	"0.75"	"0.01"	"0.005"	"0.01"	"100000"	"10000"	"200"	"4237628458673575344"	95000	"slope"	-0.389384885
"0.05"	"0.8"	"0.75"	"0.01"	"0.005"	"0.01"	"100000"	"10000"	"200"	"4237628458673575344"	95000	"intercept"	0.756170435
"0.05"	"0.8"	"0.75"	"0.01"	"0.005"	"0.01"	"100000"	"10000"	"200"	"4237628458673575344"	100000	"slope"	-0.4073436
"0.05"	"0.8"	"0.75"	"0.01"	"0.005"	"0.01"	"100000"	"10000"	"200"	"4237628458673575344"	100000	"intercept"	0.770924955
"0.05"	"0.8"	"0.75"	"0.01"	"0.005"	"0.01"	"100000"	"10000"	"200"	"895488788431896300"	10	"slope"	3.813763e-05
"0.05"	"0.8"	"0.75"	"0.01"	"0.005"	"0.01"	"100000"	"10000"	"200"	"895488788431896300"	10	"intercept"	0.50007387
"0.05"	"0.8"	"0.75"	"0.01"	"0.005"	"0.01"	"100000"	"10000"	"200"	"895488788431896300"	5000	"slope"	-0.010305684275
"0.05"	"0.8"	"0.75"	"0.01"	"0.005"	"0.01"	"100000"	"10000"	"200"	"895488788431896300"	5000	"intercept"	0.502907465
"0.05"	"0.8"	"0.75"	"0.01"	"0.005"	"0.01"	"100000"	"10000"	"200"	"895488788431896300"	10000	"slope"	-0.059101380155
"0.05"	"0.8"	"0.75"	"0.01"	"0.005"	"0.01"	"100000"	"10000"	"200"	"895488788431896300"	10000	"intercept"	0.533868435
"0.05"	"0.8"	"0.75"	"0.01"	"0.005"	"0.01"	"100000"	"10000"	"200"	"895488788431896300"	15000	"slope"	-0.0951942068
"0.05"	"0.8"	"0.75"	"0.01"	"0.005"	"0.01"	"100000"	"10000"	"200"	"895488788431896300"	15000	"intercept"	0.54650929
"0.05"	"0.8"	"0.75"	"0.01"	"0.005"	"0.01"	"100000"	"10000"	"200"	"895488788431896300"	20000	"slope"	-0.14882389585
"0.05"	"0.8"	"0.75"	"0.01"	"0.005"	"0.01"	"100000"	"10000"	"200"	"895488788431896300"	20000	"intercept"	0.590077965
"0.05"	"0.8"	"0.75"	"0.01"	"0.005"	"0.01"	"100000"	"10000"	"200"	"895488788431896300"	25000	"slope"	-0.251380755
"0.05"	"0.8"	"0.75"	"0.01"	"0.005"	"0.01"	"100000"	"10000"	"200"	"895488788431896300"	25000	"intercept"	0.661944355
"0.05"	"0.8"	"0.75"	"0.01"	"0.005"	"0.01"	"100000"	"10000"	"200"	"895488788431896300"	30000	"slope"	-0.261242645
"0.05"	"0.8"	"0.75"	"0.01"	"0.005"	"0.01"	"100000"	"10000"	"200"	"895488788431896300"	30000	"intercept"	0.67898455
"0.05"	"0.8"	"0.75"	"0.01"	"0.005"	"0.01"	"100000"	"10000"	"200"	"895488788431896300"	35000	"slope"	-0.252164615
"0.05"	"0.8"	"0.75"	"0.01"	"0.005"	"0.01"	"100000"	"10000"	"200"	"895488788431896300"	35000	"intercept"	0.66752099
"0.05"	"0.8"	"0.75"	"0.01"	"0.005"	"0.01"	"100000"	"10000"	"200"	"895488788431896300"	40000	"slope"	-0.25609769
"0.05"	"0.8"	"0.75"	"0.01"	"0.005"	"0.01"	"100000"	"10000"	"200"	"895488788431896300"	40000	"intercept"	0.66020091
"0.05"	"0.8"	"0.75"	"0.01"	"0.005"	"0.01"	"100000"	"10000"	"200"	"895488788431896300"	45000	"slope"	-0.255277455
"0.05"	"0.8"	"0.75"	"0.01"	"0.005"	"0.01"	"100000"	"10000"	"200"	"895488788431896300"	45000	"intercept"	0.667701985
"0.05"	"0.8"	"0.75"	"0.01"	"0.005"	"0.01"	"100000"	"10000"	"200"	"895488788431896300"	50000	"slope"	-0.27060182
"0.05"	"0.8"	"0.75"	"0.01"	"0.005"	"0.01"	"100000"	"10000"	"200"	"895488788431896300"	50000	"intercept"	0.679124525
"0.05"	"0.8"	"0.75"	"0.01"	"0.005"	"0.01"	"100000"	"10000"	"200"	"895488788431896300"	55000	"slope"	-0.240419055
"0.05"	"0.8"	"0.75"	"0.01"	"0.005"	"0.01"	"100000"	"10000"	"200"	"895488788431896300"	55000	"intercept"	0.663306315
"0.05"	"0.8"	"0.75"	"0.01"	"0.005"	"0.01"	"100000"	"10000"	"200"	"895488788431896300"	60000	"slope"	-0.289378975
"0.05"	"0.8"	"0.75"	"0.01"	"0.005"	"0.01"	"100000"	"10000"	"200"	"895488788431896300"	60000	"intercept"	0.68771524
"0.05"	"0.8"	"0.75"	"0.01"	"0.005"	"0.01"	"100000"	"10000"	"200"	"895488788431896300"	65000	"slope"	-0.325554445
"0.05"	"0.8"	"0.75"	"0.01"	"0.005"	"0.01"	"100000"	"10000"	"200"	"895488788431896300"	65000	"intercept"	0.71633303
"0.05"	"0.8"	"0.75"	"0.01"	"0.005"	"0.01"	"100000"	"10000"	"200"	"895488788431896300"	70000	"slope"	-0.39922624
"0.05"	"0.8"	"0.75"	"0.01"	"0.005"	"0.01"	"100000"	"10000"	"200"	"895488788431896300"	70000	"intercept"	0.757736595
"0.05"	"0.8"	"0.75"	"0.01"	"0.005"	"0.01"	"100000"	"10000"	"200"	"895488788431896300"	75000	"slope"	-0.413830055
"0.05"	"0.8"	"0.75"	"0.01"	"0.005"	"0.01"	"100000"	"10000"	"200"	"895488788431896300"	75000	"intercept"	0.77132161
"0.05"	"0.8"	"0.75"	"0.01"	"0.005"	"0.01"	"100000"	"10000"	"200"	"895488788431896300"	80000	"slope"	-0.42490185
"0.05"	"0.8"	"0.75"	"0.01"	"0.005"	"0.01"	"100000"	"10000"	"200"	"895488788431896300"	80000	"intercept"	0.783363795
"0.05"	"0.8"	"0.75"	"0.01"	"0.005"	"0.01"	"100000"	"10000"	"200"	"895488788431896300"	85000	"slope"	-0.46763195
"0.05"	"0.8"	"0.75"	"0.01"	"0.005"	"0.01"	"100000"	"10000"	"200"	"895488788431896300"	85000	"intercept"	0.807276675
"0.05"	"0.8"	"0.75"	"0.01"	"0.005"	"0.01"	"100000"	"10000"	"200"	"895488788431896300"	90000	"slope"	-0.47746497
"0.05"	"0.8"	"0.75"	"0.01"	"0.005"	"0.01"	"100000"	"10000"	"200"	"895488788431896300"	90000	"intercept"	0.818944605
"0.05"	"0.8"	"0.75"	"0.01"	"0.005"	"0.01"	"100000"	"10000"	"200"	"895488788431896300"	95000	"slope"	-0.489872355
"0.05"	"0.8"	"0.75"	"0.01"	"0.005"	"0.01"	"100000"	"10000"	"200"	"895488788431896300"	95000	"intercept"	0.82850741
"0.05"	"0.8"	"0.75"	"0.01"	"0.005"	"0.01"	"100000"	"10000"	"200"	"895488788431896300"	100000	"slope"	-0.42702949
"0.05"	"0.8"	"0.75"	"0.01"	"0.005"	"0.01"	"100000"	"10000"	"200"	"895488788431896300"	100000	"intercept"	0.780763035
"0.15"	"0.0"	"0.75"	"0.01"	"0.005"	"0.01"	"100000"	"10000"	"200"	"1527757571501991296"	10	"slope"	9.6838335e-05
"0.15"	"0.0"	"0.75"	"0.01"	"0.005"	"0.01"	"100000"	"10000"	"200"	"1527757571501991296"	10	"intercept"	0.4997903
"0.15"	"0.0"	"0.75"	"0.01"	"0.005"	"0.01"	"100000"	"10000"	"200"	"1527757571501991296"	5000	"slope"	0.00405292952
"0.15"	"0.0"	"0.75"	"0.01"	"0.005"	"0.01"	"100000"	"10000"	"200"	"1527757571501991296"	5000	"intercept"	0.533675805
"0.15"	"0.0"	"0.75"	"0.01"	"0.005"	"0.01"	"100000"	"10000"	"200"	"1527757571501991296"	10000	"slope"	-0.037318848225
"0.15"	"0.0"	"0.75"	"0.01"	"0.005"	"0.01"	"100000"	"10000"	"200"	"1527757571501991296"	10000	"intercept"	0.554548625
"0.15"	"0.0"	"0.75"	"0.01"	"0.005"	"0.01"	"100000"	"10000"	"200"	"1527757571501991296"	15000	"slope"	-0.06181592595
"0.15"	"0.0"	"0.75"	"0.01"	"0.005"	"0.01"	"100000"	"10000"	"200"	"1527757571501991296"	15000	"intercept"	0.571959045
"0.15"	"0.0"	"0.75"	"0.01"	"0.005"	"0.01"	"100000"	"10000"	"200"	"1527757571501991296"	20000	"slope"	-0.08514308835
"0.15"	"0.0"	"0.75"	"0.01"	"0.005"	"0.01"	"100000"	"10000"	"200"	"1527757571501991296"	20000	"intercept"	0.595711945
"0.15"	"0.0"	"0.75"	"0.01"	"0.005"	"0.01"	"100000"	"10000"	"200"	"1527757571501991296"	25000	"slope"	-0.08219122466
"0.15"	"0.0"	"0.75"	"0.01"	"0.005"	"0.01"	"100000"	"10000"	"200"	"1527757571501991296"	25000	"intercept"	0.58822291
"0.15"	"0.0"	"0.75"	"0.01"	"0.005"	"0.01"	"100000"	"10000"	"200"	"1527757571501991296"	30000	"slope"	-0.0944464015
"0.15"	"0.0"	"0.75"	"0.01"	"0.005"	"0.01"	"100000"	"10000"	"200"	"1527757571501991296"	30000	"intercept"	0.603123625
"0.15"	"0.0"	"0.75"	"0.01"	"0.005"	"0.01"	"100000"	"10000"	"200"	"1527757571501991296"	35000	"slope"	-0.1431071855
"0.15"	"0.0"	"0.75"	"0.01"	"0.005"	"0.01"	"100000"	"10000"	"200"	"1527757571501991296"	35000	"intercept"	0.63446059
"0.15"	"0.0"	"0.75"	"0.01"	"0.005"	"0.01"	"100000"	"10000"	"200"	"1527757571501991296"	40000	"slope"	-0.140218331
"0.15"	"0.0"	"0.75"	"0.01"	"0.005"	"0.01"	"100000"	"10000"	"200"	"1527757571501991296"	40000	"intercept"	0.632486245
"0.15"	"0.0"	"0.75"	"0.01"	"0.005"	"0.01"	"100000"	"10000"	"200"	"1527757571501991296"	45000	"slope"	-0.1280120735
"0.15"	"0.0"	"0.75"	"0.01"	"0.005"	"0.01"	"100000"	"10000"	"200"	"1527757571501991296"	45000	"intercept"	0.62698022
"0.15"	"0.0"	"0.75"	"0.01"	"0.005"	"0.01"	"100000"	"10000"	"200"	"1527757571501991296"	50000	"slope"	-0.12829447605
"0.15"	"0.0"	"0.75"	"0.01"	"0.005"	"0.01"	"100000"	"10000"	"200"	"1527757571501991296"	50000	"intercept"	0.61942266
"0.15"	"0.0"	"0.75"	"0.01"	"0.005"	"0.01"	"100000"	"10000"	"200"	"1527757571501991296"	55000	"slope"	-0.1196107369625
"0.15"	"0.0"	"0.75"	"0.01"	"0.005"	"0.01"	"100000"	"10000"	"200"	"1527757571501991296"	55000	"intercept"	0.61348969
"0.15"	"0.0"	"0.75"	"0.01"	"0.005"	"0.01"	"100000"	"10000"	"200"	"1527757571501991296"	60000	"slope"	-0.113226408795
"0.15"	"0.0"	"0.75"	"0.01"	"0.005"	"0.01"	"100000"	"10000"	"200"	"1527757571501991296"	60000	"intercept"	0.615682835
"0.15"	"0.0"	"0.75"	"0.01"	"0.005"	"0.01"	"100000"	"10000"	"200"	"1527757571501991296"	65000	"slope"	-0.092933523
"0.15"	"0.0"	"0.75"	"0.01"	"0.005"	"0.01"	"100000"	"10000"	"200"	"1527757571501991296"	65000	"intercept"	0.59896661
"0.15"	"0.0"	"0.75"	"0.01"	"0.005"	"0.01"	"100000"	"10000"	"200"	"1527757571501991296"	70000	"slope"	-0.0805652405
"0.15"	"0.0"	"0.75"	"0.01"	"0.005"	"0.01"	"100000"	"10000"	"200"	"1527757571501991296"	70000	"intercept"	0.59261779
"0.15"	"0.0"	"0.75"	"0.01"	"0.005"	"0.01"	"100000"	"10000"	"200"	"1527757571501991296"	75000	"slope"	-0.0827525605
"0.15"	"0.0"	"0.75"	"0.01"	"0.005"	"0.01"	"100000"	"10000"	"200"	"1527757571501991296"	75000	"intercept"	0.59186159
"0.15"	"0.0"	"0.75"	"0.01"	"0.005"	"0.01"	"100000"	"10000"	"200"	"1527757571501991296"	80000	"slope"	-0.09828011825
"0.15"	"0.0"	"0.75"	"0.01"	"0.005"	"0.01"	"100000"	"10000"	"200"	"1527757571501991296"	80000	"intercept"	0.59439245
"0.15"	"0.0"	"0.75"	"0.01"	"0.005"	"0.01"	"100000"	"10000"	"200"	"1527757571501991296"	85000	"slope"	-0.104811567
"0.15"	"0.0"	"0.75"	"0.01"	"0.005"	"0.01"	"100000"	"10000"	"200"	"1527757571501991296"	85000	"intercept"	0.605371265
"0.15"	"0.0"	"0.75"	"0.01"	"0.005"	"0.01"	"100000"	"10000"	"200"	"1527757571501991296"	90000	"slope"	-0.162614855
"0.15"	"0.0"	"0.75"	"0.01"	"0.005"	"0.01"	"100000"	"10000"	"200"	"1527757571501991296"	90000	"intercept"	0.645616455
"0.15"	"0.0"	"0.75"	"0.01"	"0.005"	"0.01"	"100000"	"10000"	"200"	"1527757571501991296"	95000	"slope"	-0.1262366695
"0.15"	"0.0"	"0.75"	"0.01"	"0.005"	"0.01"	"100000"	"10000"	"200"	"1527757571501991296"	95000	"intercept"	0.622496855
"0.15"	"0.0"	"0.75"	"0.01"	"0.005"	"0.01"	"100000"	"10000"	"200"	"1527757571501991296"	100000	"slope"	-0.1523862915
"0.15"	"0.0"	"0.75"	"0.01"	"0.005"	"0.01"	"100000"	"10000"	"200"	"1527757571501991296"	100000	"intercept"	0.63426237
"0.15"	"0.0"	"0.75"	"0.01"	"0.005"	"0.01"	"100000"	"10000"	"200"	"5753108390029884109"	10	"slope"	0.00013237661
"0.15"	"0.0"	"0.75"	"0.01"	"0.005"	"0.01"	"100000"	"10000"	"200"	"5753108390029884109"	10	"intercept"	0.50020989
"0.15"	"0.0"	"0.75"	"0.01"	"0.005"	"0.01"	"100000"	"10000"	"200"	"5753108390029884109"	5000	"slope"	-0.0153659943205
"0.15"	"0.0"	"0.75"	"0.01"	"0.005"	"0.01"	"100000"	"10000"	"200"	"5753108390029884109"	5000	"intercept"	0.550514255
"0.15"	"0.0"	"0.75"	"0.01"	"0.005"	"0.01"	"100000"	"10000"	"200"	"5753108390029884109"	10000	"slope"	-0.0146038503845
"0.15"	"0.0"	"0.75"	"0.01"	"0.005"	"0.01"	"100000"	"10000"	"200"	"5753108390029884109"	10000	"intercept"	0.542478025
"0.15"	"0.0"	"0.75"	"0.01"	"0.005"	"0.01"	"100000"	"10000"	"200"	"5753108390029884109"	15000	"slope"	-0.07008903445
"0.15"	"0.0"	"0.75"	"0.01"	"0.005"	"0.01"	"100000"	"10000"	"200"	"5753108390029884109"	15000	"intercept"	0.57906817
"0.15"	"0.0"	"0.75"	"0.01"	"0.005"	"0.01"	"100000"	"10000"	"200"	"5753108390029884109"	20000	"slope"	-0.041684053747
"0.15"	"0.0"	"0.75"	"0.01"	"0.005"	"0.01"	"100000"	"10000"	"200"	"5753108390029884109"	20000	"intercept"	0.56404387
"0.15"	"0.0"	"0.75"	"0.01"	"0.005"	"0.01"	"100000"	"10000"	"200"	"5753108390029884109"	25000	"slope"	-0.0290800169615
"0.15"	"0.0"	"0.75"	"0.01"	"0.005"	"0.01"	"100000"	"10000"	"200"	"5753108390029884109"	25000	"intercept"	0.5618014
"0.15"	"0.0"	"0.75"	"0.01"	"0.005"	"0.01"	"100000"	"10000"	"200"	"5753108390029884109"	30000	"slope"	-0.0619752071
"0.15"	"0.0"	"0.75"	"0.01"	"0.005"	"0.01"	"100000"	"10000"	"200"	"5753108390029884109"	30000	"intercept"	0.574440305
"0.15"	"0.0"	"0.75"	"0.01"	"0.005"	"0.01"	"100000"	"10000"	"200"	"5753108390029884109"	35000	"slope"	-0.1082701065
"0.15"	"0.0"	"0.75"	"0.01"	"0.005"	"0.01"	"100000"	"10000"	"200"	"5753108390029884109"	35000	"intercept"	0.60518148
"0.15"	"0.0"	"0.75"	"0.01"	"0.005"	"0.01"	"100000"	"10000"	"200"	"5753108390029884109"	40000	"slope"	-0.11780768015
"0.15"	"0.0"	"0.75"	"0.01"	"0.005"	"0.01"	"100000"	"10000"	"200"	"5753108390029884109"	40000	"intercept"	0.62201375
"0.15"	"0.0"	"0.75"	"0.01"	"0.005"	"0.01"	"100000"	"10000"	"200"	"5753108390029884109"	45000	"slope"	-0.154913066
"0.15"	"0.0"	"0.75"	"0.01"	"0.005"	"0.01"	"100000"	"10000"	"200"	"5753108390029884109"	45000	"intercept"	0.63521181
"0.15"	"0.0"	"0.75"	"0.01"	"0.005"	"0.01"	"100000"	"10000"	"200"	"5753108390029884109"	50000	"slope"	-0.121912876
"0.15"	"0.0"	"0.75"	"0.01"	"0.005"	"0.01"	"100000"	"10000"	"200"	"5753108390029884109"	50000	"intercept"	0.620832665
"0.15"	"0.0"	"0.75"	"0.01"	"0.005"	"0.01"	"100000"	"10000"	"200"	"5753108390029884109"	55000	"slope"	-0.156298981
"0.15"	"0.0"	"0.75"	"0.01"	"0.005"	"0.01"	"100000"	"10000"	"200"	"5753108390029884109"	55000	"intercept"	0.6390044
"0.15"	"0.0"	"0.75"	"0.01"	"0.005"	"0.01"	"100000"	"10000"	"200"	"5753108390029884109"	60000	"slope"	-0.13559298175
"0.15"	"0.0"	"0.75"	"0.01"	"0.005"	"0.01"	"100000"	"10000"	"200"	"5753108390029884109"	60000	"intercept"	0.630470985
"0.15"	"0.0"	"0.75"	"0.01"	"0.005"	"0.01"	"100000"	"10000"	"200"	"5753108390029884109"	65000	"slope"	-0.15538465745
"0.15"	"0.0"	"0.75"	"0.01"	"0.005"	"0.01"	"100000"	"10000"	"200"	"5753108390029884109"	65000	"intercept"	0.64069075
"0.15"	"0.0"	"0.75"	"0.01"	"0.005"	"0.01"	"100000"	"10000"	"200"	"5753108390029884109"	70000	"slope"	-0.082635270085
"0.15"	"0.0"	"0.75"	"0.01"	"0.005"	"0.01"	"100000"	"10000"	"200"	"5753108390029884109"	70000	"intercept"	0.590719895
"0.15"	"0.0"	"0.75"	"0.01"	"0.005"	"0.01"	"100000"	"10000"	"200"	"5753108390029884109"	75000	"slope"	-0.145042283
"0.15"	"0.0"	"0.75"	"0.01"	"0.005"	"0.01"	"100000"	"10000"	"200"	"5753108390029884109"	75000	"intercept"	0.62482697
"0.15"	"0.0"	"0.75"	"0.01"	"0.005"	"0.01"	"100000"	"10000"	"200"	"5753108390029884109"	80000	"slope"	-0.17289995
"0.15"	"0.0"	"0.75"	"0.01"	"0.005"	"0.01"	"100000"	"10000"	"200"	"5753108390029884109"	80000	"intercept"	0.65162112
"0.15"	"0.0"	"0.75"	"0.01"	"0.005"	"0.01"	"100000"	"10000"	"200"	"5753108390029884109"	85000	"slope"	-0.1585294105
"0.15"	"0.0"	"0.75"	"0.01"	"0.005"	"0.01"	"100000"	"10000"	"200"	"5753108390029884109"	85000	"intercept"	0.64217079
"0.15"	"0.0"	"0.75"	"0.01"	"0.005"	"0.01"	"100000"	"10000"	"200"	"5753108390029884109"	90000	"slope"	-0.1607323015
"0.15"	"0.0"	"0.75"	"0.01"	"0.005"	"0.01"	"100000"	"10000"	"200"	"5753108390029884109"	90000	"intercept"	0.63827644
"0.15"	"0.0"	"0.75"	"0.01"	"0.005"	"0.01"	"100000"	"10000"	"200"	"5753108390029884109"	95000	"slope"	-0.169852172
"0.15"	"0.0"	"0.75"	"0.01"	"0.005"	"0.01"	"100000"	"10000"	"200"	"5753108390029884109"	95000	"intercept"	0.649294365
"0.15"	"0.0"	"0.75"	"0.01"	"0.005"	"0.01"	"100000"	"10000"	"200"	"5753108390029884109"	100000	"slope"	-0.148905801
"0.15"	"0.0"	"0.75"	"0.01"	"0.005"	"0.01"	"100000"	"10000"	"200"	"5753108390029884109"	100000	"intercept"	0.63372572
"0.15"	"0.0"	"0.75"	"0.01"	"0.005"	"0.01"	"100000"	"10000"	"200"	"8599635806712911201"	10	"slope"	0.000151356665
"0.15"	"0.0"	"0.75"	"0.01"	"0.005"	"0.01"	"100000"	"10000"	"200"	"8599635806712911201"	10	"intercept"	0.500030165
"0.15"	"0.0"	"0.75"	"0.01"	"0.005"	"0.01"	"100000"	"10000"	"200"	"8599635806712911201"	5000	"slope"	-0.01546491329
"0.15"	"0.0"	"0.75"	"0.01"	"0.005"	"0.01"	"100000"	"10000"	"200"	"8599635806712911201"	5000	"intercept"	0.543681005
"0.15"	"0.0"	"0.75"	"0.01"	"0.005"	"0.01"	"100000"	"10000"	"200"	"8599635806712911201"	10000	"slope"	-0.0112085455
"0.15"	"0.0"	"0.75"	"0.01"	"0.005"	"0.01"	"100000"	"10000"	"200"	"8599635806712911201"	10000	"intercept"	0.538910395
"0.15"	"0.0"	"0.75"	"0.01"	"0.005"	"0.01"	"100000"	"10000"	"200"	"8599635806712911201"	15000	"slope"	-0.046476676095
"0.15"	"0.0"	"0.75"	"0.01"	"0.005"	"0.01"	"100000"	"10000"	"200"	"8599635806712911201"	15000	"intercept"	0.56647583
"0.15"	"0.0"	"0.75"	"0.01"	"0.005"	"0.01"	"100000"	"10000"	"200"	"8599635806712911201"	20000	"slope"	-0.09295528805
"0.15"	"0.0"	"0.75"	"0.01"	"0.005"	"0.01"	"100000"	"10000"	"200"	"8599635806712911201"	20000	"intercept"	0.59773163
"0.15"	"0.0"	"0.75"	"0.01"	"0.005"	"0.01"	"100000"	"10000"	"200"	"8599635806712911201"	25000	"slope"	-0.1664894385
"0.15"	"0.0"	"0.75"	"0.01"	"0.005"	"0.01"	"100000"	"10000"	"200"	"8599635806712911201"	25000	"intercept"	0.649401045
"0.15"	"0.0"	"0.75"	"0.01"	"0.005"	"0.01"	"100000"	"10000"	"200"	"8599635806712911201"	30000	"slope"	-0.16729204
"0.15"	"0.0"	"0.75"	"0.01"	"0.005"	"0.01"	"100000"	"10000"	"200"	"8599635806712911201"	30000	"intercept"	0.644087745
"0.15"	"0.0"	"0.75"	"0.01"	"0.005"	"0.01"	"100000"	"10000"	"200"	"8599635806712911201"	35000	"slope"	-0.191815232
"0.15"	"0.0"	"0.75"	"0.01"	"0.005"	"0.01"	"100000"	"10000"	"200"	"8599635806712911201"	35000	"intercept"	0.653976355
"0.15"	"0.0"	"0.75"	"0.01"	"0.005"	"0.01"	"100000"	"10000"	"200"	"8599635806712911201"	40000	"slope"	-0.180129495
"0.15"	"0.0"	"0.75"	"0.01"	"0.005"	"0.01"	"100000"	"10000"	"200"	"8599635806712911201"	40000	"intercept"	0.6645298
"0.15"	"0.0"	"0.75"	"0.01"	"0.005"	"0.01"	"100000"	"10000"	"200"	"8599635806712911201"	45000	"slope"	-0.120156011
"0.15"	"0.0"	"0.75"	"0.01"	"0.005"	"0.01"	"100000"	"10000"	"200"	"8599635806712911201"	45000	"intercept"	0.620707595
"0.15"	"0.0"	"0.75"	"0.01"	"0.005"	"0.01"	"100000"	"10000"	"200"	"8599635806712911201"	50000	"slope"	-0.1168192755
"0.15"	"0.0"	"0.75"	"0.01"	"0.005"	"0.01"	"100000"	"10000"	"200"	"8599635806712911201"	50000	"intercept"	0.61628324
"0.15"	"0.0"	"0.75"	"0.01"	"0.005"	"0.01"	"100000"	"10000"	"200"	"8599635806712911201"	55000	"slope"	-0.1346590975
"0.15"	"0.0"	"0.75"	"0.01"	"0.005"	"0.01"	"100000"	"10000"	"200"	"8599635806712911201"	55000	"intercept"	0.623610775
"0.15"	"0.0"	"0.75"	"0.01"	"0.005"	"0.01"	"100000"	"10000"	"200"	"8599635806712911201"	60000	"slope"	-0.082742473
"0.15"	"0.0"	"0.75"	"0.01"	"0.005"	"0.01"	"100000"	"10000"	"200"	"8599635806712911201"	60000	"intercept"	0.588009155
"0.15"	"0.0"	"0.75"	"0.01"	"0.005"	"0.01"	"100000"	"10000"	"200"	"8599635806712911201"	65000	"slope"	-0.1245786115
"0.15"	"0.0"	"0.75"	"0.01"	"0.005"	"0.01"	"100000"	"10000"	"200"	"8599635806712911201"	65000	"intercept"	0.612177785
"0.15"	"0.0"	"0.75"	"0.01"	"0.005"	"0.01"	"100000"	"10000"	"200"	"8599635806712911201"	70000	"slope"	-0.108556157
"0.15"	"0.0"	"0.75"	"0.01"	"0.005"	"0.01"	"100000"	"10000"	"200"	"8599635806712911201"	70000	"intercept"	0.59862012
"0.15"	"0.0"	"0.75"	"0.01"	"0.005"	"0.01"	"100000"	"10000"	"200"	"8599635806712911201"	75000	"slope"	-0.137921905
"0.15"	"0.0"	"0.75"	"0.01"	"0.005"	"0.01"	"100000"	"10000"	"200"	"8599635806712911201"	75000	"intercept"	0.626577195
"0.15"	"0.0"	"0.75"	"0.01"	"0.005"	"0.01"	"100000"	"10000"	"200"	"8599635806712911201"	80000	"slope"	-0.1442155955
"0.15"	"0.0"	"0.75"	"0.01"	"0.005"	"0.01"	"100000"	"10000"	"200"	"8599635806712911201"	80000	"intercept"	0.63744709
"0.15"	"0.0"	"0.75"	"0.01"	"0.005"	"0.01"	"100000"	"10000"	"200"	"8599635806712911201"	85000	"slope"	-0.1531487705
"0.15"	"0.0"	"0.75"	"0.01"	"0.005"	"0.01"	"100000"	"10000"	"200"	"8599635806712911201"	85000	"intercept"	0.631009725
"0.15"	"0.0"	"0.75"	"0.01"	"0.005"	"0.01"	"100000"	"10000"	"200"	"8599635806712911201"	90000	"slope"	-0.121394408
"0.15"	"0.0"	"0.75"	"0.01"	"0.005"	"0.01"	"100000"	"10000"	"200"	"8599635806712911201"	90000	"intercept"	0.61355363
"0.15"	"0.0"	"0.75"	"0.01"	"0.005"	"0.01"	"100000"	"10000"	"200"	"8599635806712911201"	95000	"slope"	-0.125374372
"0.15"	"0.0"	"0.75"	"0.01"	"0.005"	"0.01"	"100000"	"10000"	"200"	"8599635806712911201"	95000	"intercept"	0.61768516
"0.15"	"0.0"	"0.75"	"0.01"	"0.005"	"0.01"	"100000"	"10000"	"200"	"8599635806712911201"	100000	"slope"	-0.173626164
"0.15"	"0.0"	"0.75"	"0.01"	"0.005"	"0.01"	"100000"	"10000"	"200"	"8599635806712911201"	100000	"intercept"	0.65119567
"0.15"	"0.4"	"0.75"	"0.01"	"0.005"	"0.01"	"100000"	"10000"	"200"	"3447537632104432850"	10	"slope"	5.5431155e-05
"0.15"	"0.4"	"0.75"	"0.01"	"0.005"	"0.01"	"100000"	"10000"	"200"	"3447537632104432850"	10	"intercept"	0.500069085
"0.15"	"0.4"	"0.75"	"0.01"	"0.005"	"0.01"	"100000"	"10000"	"200"	"3447537632104432850"	5000	"slope"	-0.028538781705
"0.15"	"0.4"	"0.75"	"0.01"	"0.005"	"0.01"	"100000"	"10000"	"200"	"3447537632104432850"	5000	"intercept"	0.54890273
"0.15"	"0.4"	"0.75"	"0.01"	"0.005"	"0.01"	"100000"	"10000"	"200"	"3447537632104432850"	10000	"slope"	-0.03427334288
"0.15"	"0.4"	"0.75"	"0.01"	"0.005"	"0.01"	"100000"	"10000"	"200"	"3447537632104432850"	10000	"intercept"	0.547462035
"0.15"	"0.4"	"0.75"	"0.01"	"0.005"	"0.01"	"100000"	"10000"	"200"	"3447537632104432850"	15000	"slope"	-0.094268706475
"0.15"	"0.4"	"0.75"	"0.01"	"0.005"	"0.01"	"100000"	"10000"	"200"	"3447537632104432850"	15000	"intercept"	0.603863245
"0.15"	"0.4"	"0.75"	"0.01"	"0.005"	"0.01"	"100000"	"10000"	"200"	"3447537632104432850"	20000	"slope"	-0.112972518
"0.15"	"0.4"	"0.75"	"0.01"	"0.005"	"0.01"	"100000"	"10000"	"200"	"3447537632104432850"	20000	"intercept"	0.60896724
"0.15"	"0.4"	"0.75"	"0.01"	"0.005"	"0.01"	"100000"	"10000"	"200"	"3447537632104432850"	25000	"slope"	-0.1577498715
"0.15"	"0.4"	"0.75"	"0.01"	"0.005"	"0.01"	"100000"	"10000"	"200"	"3447537632104432850"	25000	"intercept"	0.64157862
"0.15"	"0.4"	"0.75"	"0.01"	"0.005"	"0.01"	"100000"	"10000"	"200"	"3447537632104432850"	30000	"slope"	-0.1823091165
"0.15"	"0.4"	"0.75"	"0.01"	"0.005"	"0.01"	"100000"	"10000"	"200"	"3447537632104432850"	30000	"intercept"	0.65085455
"0.15"	"0.4"	"0.75"	"0.01"	"0.005"	"0.01"	"100000"	"10000"	"200"	"3447537632104432850"	35000	"slope"	-0.193942245
"0.15"	"0.4"	"0.75"	"0.01"	"0.005"	"0.01"	"100000"	"10000"	"200"	"3447537632104432850"	35000	"intercept"	0.66927215
"0.15"	"0.4"	"0.75"	"0.01"	"0.005"	"0.01"	"100000"	"10000"	"200"	"3447537632104432850"	40000	"slope"	-0.178137362
"0.15"	"0.4"	"0.75"	"0.01"	"0.005"	"0.01"	"100000"	"10000"	"200"	"3447537632104432850"	40000	"intercept"	0.64758583
"0.15"	"0.4"	"0.75"	"0.01"	"0.005"	"0.01"	"100000"	"10000"	"200"	"3447537632104432850"	45000	"slope"	-0.1565975335
"0.15"	"0.4"	"0.75"	"0.01"	"0.005"	"0.01"	"100000"	"10000"	"200"	"3447537632104432850"	45000	"intercept"	0.64074014
"0.15"	"0.4"	"0.75"	"0.01"	"0.005"	"0.01"	"100000"	"10000"	"200"	"3447537632104432850"	50000	"slope"	-0.236816625
"0.15"	"0.4"	"0.75"	"0.01"	"0.005"	"0.01"	"100000"	"10000"	"200"	"3447537632104432850"	50000	"intercept"	0.691919
"0.15"	"0.4"	"0.75"	"0.01"	"0.005"	"0.01"	"100000"	"10000"	"200"	"3447537632104432850"	55000	"slope"	-0.27240062
"0.15"	"0.4"	"0.75"	"0.01"	"0.005"	"0.01"	"100000"	"10000"	"200"	"3447537632104432850"	55000	"intercept"	0.712269085
"0.15"	"0.4"	"0.75"	"0.01"	"0.005"	"0.01"	"100000"	"10000"	"200"	"3447537632104432850"	60000	"slope"	-0.226204811
"0.15"	"0.4"	"0.75"	"0.01"	"0.005"	"0.01"	"100000"	"10000"	"200"	"3447537632104432850"	60000	"intercept"	0.689106325
"0.15"	"0.4"	"0.75"	"0.01"	"0.005"	"0.01"	"100000"	"10000"	"200"	"3447537632104432850"	65000	"slope"	-0.274847105
"0.15"	"0.4"	"0.75"	"0.01"	"0.005"	"0.01"	"100000"	"10000"	"200"	"3447537632104432850"	65000	"intercept"	0.71131948
"0.15"	"0.4"	"0.75"	"0.01"	"0.005"	"0.01"	"100000"	"10000"	"200"	"3447537632104432850"	70000	"slope"	-0.29835524
"0.15"	"0.4"	"0.75"	"0.01"	"0.005"	"0.01"	"100000"	"10000"	"200"	"3447537632104432850"	70000	"intercept"	0.72692863
"0.15"	"0.4"	"0.75"	"0.01"	"0.005"	"0.01"	"100000"	"10000"	"200"	"3447537632104432850"	75000	"slope"	-0.191709223
"0.15"	"0.4"	"0.75"	"0.01"	"0.005"	"0.01"	"100000"	"10000"	"200"	"3447537632104432850"	75000	"intercept"	0.663751325
"0.15"	"0.4"	"0.75"	"0.01"	"0.005"	"0.01"	"100000"	"10000"	"200"	"3447537632104432850"	80000	"slope"	-0.162530936
"0.15"	"0.4"	"0.75"	"0.01"	"0.005"	"0.01"	"100000"	"10000"	"200"	"3447537632104432850"	80000	"intercept"	0.644594275
"0.15"	"0.4"	"0.75"	"0.01"	"0.005"	"0.01"	"100000"	"10000"	"200"	"3447537632104432850"	85000	"slope"	-0.20088354
"0.15"	"0.4"	"0.75"	"0.01"	"0.005"	"0.01"	"100000"	"10000"	"200"	"3447537632104432850"	85000	"intercept"	0.66526588
"0.15"	"0.4"	"0.75"	"0.01"	"0.005"	"0.01"	"100000"	"10000"	"200"	"3447537632104432850"	90000	"slope"	-0.22901746
"0.15"	"0.4"	"0.75"	"0.01"	"0.005"	"0.01"	"100000"	"10000"	"200"	"3447537632104432850"	90000	"intercept"	0.677982465
"0.15"	"0.4"	"0.75"	"0.01"	"0.005"	"0.01"	"100000"	"10000"	"200"	"3447537632104432850"	95000	"slope"	-0.2235194
"0.15"	"0.4"	"0.75"	"0.01"	"0.005"	"0.01"	"100000"	"10000"	"200"	"3447537632104432850"	95000	"intercept"	0.67383483
"0.15"	"0.4"	"0.75"	"0.01"	"0.005"	"0.01"	"100000"	"10000"	"200"	"3447537632104432850"	100000	"slope"	-0.2383281785
"0.15"	"0.4"	"0.75"	"0.01"	"0.005"	"0.01"	"100000"	"10000"	"200"	"3447537632104432850"	100000	"intercept"	0.685701565
"0.15"	"0.4"	"0.75"	"0.01"	"0.005"	"0.01"	"100000"	"10000"	"200"	"5777497958022583630"	10	"slope"	6.6130515e-05
"0.15"	"0.4"	"0.75"	"0.01"	"0.005"	"0.01"	"100000"	"10000"	"200"	"5777497958022583630"	10	"intercept"	0.500089165
"0.15"	"0.4"	"0.75"	"0.01"	"0.005"	"0.01"	"100000"	"10000"	"200"	"5777497958022583630"	5000	"slope"	-0.0212781213525
"0.15"	"0.4"	"0.75"	"0.01"	"0.005"	"0.01"	"100000"	"10000"	"200"	"5777497958022583630"	5000	"intercept"	0.54425586
"0.15"	"0.4"	"0.75"	"0.01"	"0.005"	"0.01"	"100000"	"10000"	"200"	"5777497958022583630"	10000	"slope"	-0.06609603958
"0.15"	"0.4"	"0.75"	"0.01"	"0.005"	"0.01"	"100000"	"10000"	"200"	"5777497958022583630"	10000	"intercept"	0.57803882
"0.15"	"0.4"	"0.75"	"0.01"	"0.005"	"0.01"	"100000"	"10000"	"200"	"5777497958022583630"	15000	"slope"	-0.0821453835
"0.15"	"0.4"	"0.75"	"0.01"	"0.005"	"0.01"	"100000"	"10000"	"200"	"5777497958022583630"	15000	"intercept"	0.585172165
"0.15"	"0.4"	"0.75"	"0.01"	"0.005"	"0.01"	"100000"	"10000"	"200"	"5777497958022583630"	20000	"slope"	-0.092168307
"0.15"	"0.4"	"0.75"	"0.01"	"0.005"	"0.01"	"100000"	"10000"	"200"	"5777497958022583630"	20000	"intercept"	0.590046215
"0.15"	"0.4"	"0.75"	"0.01"	"0.005"	"0.01"	"100000"	"10000"	"200"	"5777497958022583630"	25000	"slope"	-0.12752526655
"0.15"	"0.4"	"0.75"	"0.01"	"0.005"	"0.01"	"100000"	"10000"	"200"	"5777497958022583630"	25000	"intercept"	0.609298815
"0.15"	"0.4"	"0.75"	"0.01"	"0.005"	"0.01"	"100000"	"10000"	"200"	"5777497958022583630"	30000	"slope"	-0.1557340445
"0.15"	"0.4"	"0.75"	"0.01"	"0.005"	"0.01"	"100000"	"10000"	"200"	"5777497958022583630"	30000	"intercept"	0.63568852
"0.15"	"0.4"	"0.75"	"0.01"	"0.005"	"0.01"	"100000"	"10000"	"200"	"5777497958022583630"	35000	"slope"	-0.1571271055
"0.15"	"0.4"	"0.75"	"0.01"	"0.005"	"0.01"	"100000"	"10000"	"200"	"5777497958022583630"	35000	"intercept"	0.63166205
"0.15"	"0.4"	"0.75"	"0.01"	"0.005"	"0.01"	"100000"	"10000"	"200"	"5777497958022583630"	40000	"slope"	-0.2013258855
"0.15"	"0.4"	"0.75"	"0.01"	"0.005"	"0.01"	"100000"	"10000"	"200"	"5777497958022583630"	40000	"intercept"	0.668454635
"0.15"	"0.4"	"0.75"	"0.01"	"0.005"	"0.01"	"100000"	"10000"	"200"	"5777497958022583630"	45000	"slope"	-0.230051135
"0.15"	"0.4"	"0.75"	"0.01"	"0.005"	"0.01"	"100000"	"10000"	"200"	"5777497958022583630"	45000	"intercept"	0.681744645
"0.15"	"0.4"	"0.75"	"0.01"	"0.005"	"0.01"	"100000"	"10000"	"200"	"5777497958022583630"	50000	"slope"	-0.23774449
"0.15"	"0.4"	"0.75"	"0.01"	"0.005"	"0.01"	"100000"	"10000"	"200"	"5777497958022583630"	50000	"intercept"	0.6977155
"0.15"	"0.4"	"0.75"	"0.01"	"0.005"	"0.01"	"100000"	"10000"	"200"	"5777497958022583630"	55000	"slope"	-0.22934954
"0.15"	"0.4"	"0.75"	"0.01"	"0.005"	"0.01"	"100000"	"10000"	"200"	"5777497958022583630"	55000	"intercept"	0.675207345
"0.15"	"0.4"	"0.75"	"0.01"	"0.005"	"0.01"	"100000"	"10000"	"200"	"5777497958022583630"	60000	"slope"	-0.22497208
"0.15"	"0.4"	"0.75"	"0.01"	"0.005"	"0.01"	"100000"	"10000"	"200"	"5777497958022583630"	60000	"intercept"	0.67817284
"0.15"	"0.4"	"0.75"	"0.01"	"0.005"	"0.01"	"100000"	"10000"	"200"	"5777497958022583630"	65000	"slope"	-0.26640658
"0.15"	"0.4"	"0.75"	"0.01"	"0.005"	"0.01"	"100000"	"10000"	"200"	"5777497958022583630"	65000	"intercept"	0.709283195
"0.15"	"0.4"	"0.75"	"0.01"	"0.005"	"0.01"	"100000"	"10000"	"200"	"5777497958022583630"	70000	"slope"	-0.246504305
"0.15"	"0.4"	"0.75"	"0.01"	"0.005"	"0.01"	"100000"	"10000"	"200"	"5777497958022583630"	70000	"intercept"	0.68728314
"0.15"	"0.4"	"0.75"	"0.01"	"0.005"	"0.01"	"100000"	"10000"	"200"	"5777497958022583630"	75000	"slope"	-0.188915636
"0.15"	"0.4"	"0.75"	"0.01"	"0.005"	"0.01"	"100000"	"10000"	"200"	"5777497958022583630"	75000	"intercept"	0.65164296
"0.15"	"0.4"	"0.75"	"0.01"	"0.005"	"0.01"	"100000"	"10000"	"200"	"5777497958022583630"	80000	"slope"	-0.2083057565
"0.15"	"0.4"	"0.75"	"0.01"	"0.005"	"0.01"	"100000"	"10000"	"200"	"5777497958022583630"	80000	"intercept"	0.675940415
"0.15"	"0.4"	"0.75"	"0.01"	"0.005"	"0.01"	"100000"	"10000"	"200"	"5777497958022583630"	85000	"slope"	-0.22724139
"0.15"	"0.4"	"0.75"	"0.01"	"0.005"	"0.01"	"100000"	"10000"	"200"	"5777497958022583630"	85000	"intercept"	0.681155445
"0.15"	"0.4"	"0.75"	"0.01"	"0.005"	"0.01"	"100000"	"10000"	"200"	"5777497958022583630"	90000	"slope"	-0.20148281
"0.15"	"0.4"	"0.75"	"0.01"	"0.005"	"0.01"	"100000"	"10000"	"200"	"5777497958022583630"	90000	"intercept"	0.670596395
"0.15"	"0.4"	"0.75"	"0.01"	"0.005"	"0.01"	"100000"	"10000"	"200"	"5777497958022583630"	95000	"slope"	-0.219392985
"0.15"	"0.4"	"0.75"	"0.01"	"0.005"	"0.01"	"100000"	"10000"	"200"	"5777497958022583630"	95000	"intercept"	0.672506685
"0.15"	"0.4"	"0.75"	"0.01"	"0.005"	"0.01"	"100000"	"10000"	"200"	"5777497958022583630"	100000	"slope"	-0.1913841235
"0.15"	"0.4"	"0.75"	"0.01"	"0.005"	"0.01"	"100000"	"10000"	"200"	"5777497958022583630"	100000	"intercept"	0.66272297
"0.15"	"0.4"	"0.75"	"0.01"	"0.005"	"0.01"	"100000"	"10000"	"200"	"904334052056307362"	10	"slope"	-3.8647365e-05
"0.15"	"0.4"	"0.75"	"0.01"	"0.005"	"0.01"	"100000"	"10000"	"200"	"904334052056307362"	10	"intercept"	0.49999022
"0.15"	"0.4"	"0.75"	"0.01"	"0.005"	"0.01"	"100000"	"10000"	"200"	"904334052056307362"	5000	"slope"	0.02273330844
"0.15"	"0.4"	"0.75"	"0.01"	"0.005"	"0.01"	"100000"	"10000"	"200"	"904334052056307362"	5000	"intercept"	0.516402755
"0.15"	"0.4"	"0.75"	"0.01"	"0.005"	"0.01"	"100000"	"10000"	"200"	"904334052056307362"	10000	"slope"	0.00396357157
"0.15"	"0.4"	"0.75"	"0.01"	"0.005"	"0.01"	"100000"	"10000"	"200"	"904334052056307362"	10000	"intercept"	0.526634485
"0.15"	"0.4"	"0.75"	"0.01"	"0.005"	"0.01"	"100000"	"10000"	"200"	"904334052056307362"	15000	"slope"	-0.07953075185
"0.15"	"0.4"	"0.75"	"0.01"	"0.005"	"0.01"	"100000"	"10000"	"200"	"904334052056307362"	15000	"intercept"	0.58121502
"0.15"	"0.4"	"0.75"	"0.01"	"0.005"	"0.01"	"100000"	"10000"	"200"	"904334052056307362"	20000	"slope"	-0.1371189595
"0.15"	"0.4"	"0.75"	"0.01"	"0.005"	"0.01"	"100000"	"10000"	"200"	"904334052056307362"	20000	"intercept"	0.62703297
"0.15"	"0.4"	"0.75"	"0.01"	"0.005"	"0.01"	"100000"	"10000"	"200"	"904334052056307362"	25000	"slope"	-0.179485483
"0.15"	"0.4"	"0.75"	"0.01"	"0.005"	"0.01"	"100000"	"10000"	"200"	"904334052056307362"	25000	"intercept"	0.650063015
"0.15"	"0.4"	"0.75"	"0.01"	"0.005"	"0.01"	"100000"	"10000"	"200"	"904334052056307362"	30000	"slope"	-0.205436516
"0.15"	"0.4"	"0.75"	"0.01"	"0.005"	"0.01"	"100000"	"10000"	"200"	"904334052056307362"	30000	"intercept"	0.6702711
"0.15"	"0.4"	"0.75"	"0.01"	"0.005"	"0.01"	"100000"	"10000"	"200"	"904334052056307362"	35000	"slope"	-0.259688505
"0.15"	"0.4"	"0.75"	"0.01"	"0.005"	"0.01"	"100000"	"10000"	"200"	"904334052056307362"	35000	"intercept"	0.70428015
"0.15"	"0.4"	"0.75"	"0.01"	"0.005"	"0.01"	"100000"	"10000"	"200"	"904334052056307362"	40000	"slope"	-0.2059392
"0.15"	"0.4"	"0.75"	"0.01"	"0.005"	"0.01"	"100000"	"10000"	"200"	"904334052056307362"	40000	"intercept"	0.66126812
"0.15"	"0.4"	"0.75"	"0.01"	"0.005"	"0.01"	"100000"	"10000"	"200"	"904334052056307362"	45000	"slope"	-0.1994391195
"0.15"	"0.4"	"0.75"	"0.01"	"0.005"	"0.01"	"100000"	"10000"	"200"	"904334052056307362"	45000	"intercept"	0.663596895
"0.15"	"0.4"	"0.75"	"0.01"	"0.005"	"0.01"	"100000"	"10000"	"200"	"904334052056307362"	50000	"slope"	-0.1744936245
"0.15"	"0.4"	"0.75"	"0.01"	"0.005"	"0.01"	"100000"	"10000"	"200"	"904334052056307362"	50000	"intercept"	0.64892479
"0.15"	"0.4"	"0.75"	"0.01"	"0.005"	"0.01"	"100000"	"10000"	"200"	"904334052056307362"	55000	"slope"	-0.145663388
"0.15"	"0.4"	"0.75"	"0.01"	"0.005"	"0.01"	"100000"	"10000"	"200"	"904334052056307362"	55000	"intercept"	0.63203881
"0.15"	"0.4"	"0.75"	"0.01"	"0.005"	"0.01"	"100000"	"10000"	"200"	"904334052056307362"	60000	"slope"	-0.172042407
"0.15"	"0.4"	"0.75"	"0.01"	"0.005"	"0.01"	"100000"	"10000"	"200"	"904334052056307362"	60000	"intercept"	0.65367087
"0.15"	"0.4"	"0.75"	"0.01"	"0.005"	"0.01"	"100000"	"10000"	"200"	"904334052056307362"	65000	"slope"	-0.155999926
"0.15"	"0.4"	"0.75"	"0.01"	"0.005"	"0.01"	"100000"	"10000"	"200"	"904334052056307362"	65000	"intercept"	0.6331586
"0.15"	"0.4"	"0.75"	"0.01"	"0.005"	"0.01"	"100000"	"10000"	"200"	"904334052056307362"	70000	"slope"	-0.167734948
"0.15"	"0.4"	"0.75"	"0.01"	"0.005"	"0.01"	"100000"	"10000"	"200"	"904334052056307362"	70000	"intercept"	0.638695105
"0.15"	"0.4"	"0.75"	"0.01"	"0.005"	"0.01"	"100000"	"10000"	"200"	"904334052056307362"	75000	"slope"	-0.1587050275
"0.15"	"0.4"	"0.75"	"0.01"	"0.005"	"0.01"	"100000"	"10000"	"200"	"904334052056307362"	75000	"intercept"	0.63413791
"0.15"	"0.4"	"0.75"	"0.01"	"0.005"	"0.01"	"100000"	"10000"	"200"	"904334052056307362"	80000	"slope"	-0.179148453
"0.15"	"0.4"	"0.75"	"0.01"	"0.005"	"0.01"	"100000"	"10000"	"200"	"904334052056307362"	80000	"intercept"	0.646015805
"0.15"	"0.4"	"0.75"	"0.01"	"0.005"	"0.01"	"100000"	"10000"	"200"	"904334052056307362"	85000	"slope"	-0.205789755
"0.15"	"0.4"	"0.75"	"0.01"	"0.005"	"0.01"	"100000"	"10000"	"200"	"904334052056307362"	85000	"intercept"	0.670044945
"0.15"	"0.4"	"0.75"	"0.01"	"0.005"	"0.01"	"100000"	"10000"	"200"	"904334052056307362"	90000	"slope"	-0.19181054
"0.15"	"0.4"	"0.75"	"0.01"	"0.005"	"0.01"	"100000"	"10000"	"200"	"904334052056307362"	90000	"intercept"	0.657954065
"0.15"	"0.4"	"0.75"	"0.01"	"0.005"	"0.01"	"100000"	"10000"	"200"	"904334052056307362"	95000	"slope"	-0.1757935625
"0.15"	"0.4"	"0.75"	"0.01"	"0.005"	"0.01"	"100000"	"10000"	"200"	"904334052056307362"	95000	"intercept"	0.642454805
"0.15"	"0.4"	"0.75"	"0.01"	"0.005"	"0.01"	"100000"	"10000"	"200"	"904334052056307362"	100000	"slope"	-0.2444891185
"0.15"	"0.4"	"0.75"	"0.01"	"0.005"	"0.01"	"100000"	"10000"	"200"	"904334052056307362"	100000	"intercept"	0.690648725
"0.15"	"0.6"	"0.75"	"0.01"	"0.005"	"0.01"	"100000"	"10000"	"200"	"8655048514054465972"	10	"slope"	-0.000118782645
"0.15"	"0.6"	"0.75"	"0.01"	"0.005"	"0.01"	"100000"	"10000"	"200"	"8655048514054465972"	10	"intercept"	0.50002349
"0.15"	"0.6"	"0.75"	"0.01"	"0.005"	"0.01"	"100000"	"10000"	"200"	"8655048514054465972"	5000	"slope"	-0.01570939145
"0.15"	"0.6"	"0.75"	"0.01"	"0.005"	"0.01"	"100000"	"10000"	"200"	"8655048514054465972"	5000	"intercept"	0.54234816
"0.15"	"0.6"	"0.75"	"0.01"	"0.005"	"0.01"	"100000"	"10000"	"200"	"8655048514054465972"	10000	"slope"	-0.019566828555
"0.15"	"0.6"	"0.75"	"0.01"	"0.005"	"0.01"	"100000"	"10000"	"200"	"8655048514054465972"	10000	"intercept"	0.546828045
"0.15"	"0.6"	"0.75"	"0.01"	"0.005"	"0.01"	"100000"	"10000"	"200"	"8655048514054465972"	15000	"slope"	-0.04923425767
"0.15"	"0.6"	"0.75"	"0.01"	"0.005"	"0.01"	"100000"	"10000"	"200"	"8655048514054465972"	15000	"intercept"	0.55958332
"0.15"	"0.6"	"0.75"	"0.01"	"0.005"	"0.01"	"100000"	"10000"	"200"	"8655048514054465972"	20000	"slope"	-0.128249844
"0.15"	"0.6"	"0.75"	"0.01"	"0.005"	"0.01"	"100000"	"10000"	"200"	"8655048514054465972"	20000	"intercept"	0.617312015
"0.15"	"0.6"	"0.75"	"0.01"	"0.005"	"0.01"	"100000"	"10000"	"200"	"8655048514054465972"	25000	"slope"	-0.15900697
"0.15"	"0.6"	"0.75"	"0.01"	"0.005"	"0.01"	"100000"	"10000"	"200"	"8655048514054465972"	25000	"intercept"	0.64157657
"0.15"	"0.6"	"0.75"	"0.01"	"0.005"	"0.01"	"100000"	"10000"	"200"	"8655048514054465972"	30000	"slope"	-0.227612999
"0.15"	"0.6"	"0.75"	"0.01"	"0.005"	"0.01"	"100000"	"10000"	"200"	"8655048514054465972"	30000	"intercept"	0.67615576
"0.15"	"0.6"	"0.75"	"0.01"	"0.005"	"0.01"	"100000"	"10000"	"200"	"8655048514054465972"	35000	"slope"	-0.2331863445
"0.15"	"0.6"	"0.75"	"0.01"	"0.005"	"0.01"	"100000"	"10000"	"200"	"8655048514054465972"	35000	"intercept"	0.68433321
"0.15"	"0.6"	"0.75"	"0.01"	"0.005"	"0.01"	"100000"	"10000"	"200"	"8655048514054465972"	40000	"slope"	-0.2870566
"0.15"	"0.6"	"0.75"	"0.01"	"0.005"	"0.01"	"100000"	"10000"	"200"	"8655048514054465972"	40000	"intercept"	0.71813998
"0.15"	"0.6"	"0.75"	"0.01"	"0.005"	"0.01"	"100000"	"10000"	"200"	"8655048514054465972"	45000	"slope"	-0.292886745
"0.15"	"0.6"	"0.75"	"0.01"	"0.005"	"0.01"	"100000"	"10000"	"200"	"8655048514054465972"	45000	"intercept"	0.719159105
"0.15"	"0.6"	"0.75"	"0.01"	"0.005"	"0.01"	"100000"	"10000"	"200"	"8655048514054465972"	50000	"slope"	-0.327349635
"0.15"	"0.6"	"0.75"	"0.01"	"0.005"	"0.01"	"100000"	"10000"	"200"	"8655048514054465972"	50000	"intercept"	0.74688751
"0.15"	"0.6"	"0.75"	"0.01"	"0.005"	"0.01"	"100000"	"10000"	"200"	"8655048514054465972"	55000	"slope"	-0.324942245
"0.15"	"0.6"	"0.75"	"0.01"	"0.005"	"0.01"	"100000"	"10000"	"200"	"8655048514054465972"	55000	"intercept"	0.74430114
"0.15"	"0.6"	"0.75"	"0.01"	"0.005"	"0.01"	"100000"	"10000"	"200"	"8655048514054465972"	60000	"slope"	-0.355266785
"0.15"	"0.6"	"0.75"	"0.01"	"0.005"	"0.01"	"100000"	"10000"	"200"	"8655048514054465972"	60000	"intercept"	0.76350285
"0.15"	"0.6"	"0.75"	"0.01"	"0.005"	"0.01"	"100000"	"10000"	"200"	"8655048514054465972"	65000	"slope"	-0.32735322
"0.15"	"0.6"	"0.75"	"0.01"	"0.005"	"0.01"	"100000"	"10000"	"200"	"8655048514054465972"	65000	"intercept"	0.74445293
"0.15"	"0.6"	"0.75"	"0.01"	"0.005"	"0.01"	"100000"	"10000"	"200"	"8655048514054465972"	70000	"slope"	-0.33358531
"0.15"	"0.6"	"0.75"	"0.01"	"0.005"	"0.01"	"100000"	"10000"	"200"	"8655048514054465972"	70000	"intercept"	0.760405455
"0.15"	"0.6"	"0.75"	"0.01"	"0.005"	"0.01"	"100000"	"10000"	"200"	"8655048514054465972"	75000	"slope"	-0.34592329
"0.15"	"0.6"	"0.75"	"0.01"	"0.005"	"0.01"	"100000"	"10000"	"200"	"8655048514054465972"	75000	"intercept"	0.761223455
"0.15"	"0.6"	"0.75"	"0.01"	"0.005"	"0.01"	"100000"	"10000"	"200"	"8655048514054465972"	80000	"slope"	-0.401049265
"0.15"	"0.6"	"0.75"	"0.01"	"0.005"	"0.01"	"100000"	"10000"	"200"	"8655048514054465972"	80000	"intercept"	0.80094493
"0.15"	"0.6"	"0.75"	"0.01"	"0.005"	"0.01"	"100000"	"10000"	"200"	"8655048514054465972"	85000	"slope"	-0.443580765
"0.15"	"0.6"	"0.75"	"0.01"	"0.005"	"0.01"	"100000"	"10000"	"200"	"8655048514054465972"	85000	"intercept"	0.81958177
"0.15"	"0.6"	"0.75"	"0.01"	"0.005"	"0.01"	"100000"	"10000"	"200"	"8655048514054465972"	90000	"slope"	-0.399008185
"0.15"	"0.6"	"0.75"	"0.01"	"0.005"	"0.01"	"100000"	"10000"	"200"	"8655048514054465972"	90000	"intercept"	0.797521795
"0.15"	"0.6"	"0.75"	"0.01"	"0.005"	"0.01"	"100000"	"10000"	"200"	"8655048514054465972"	95000	"slope"	-0.402901085
"0.15"	"0.6"	"0.75"	"0.01"	"0.005"	"0.01"	"100000"	"10000"	"200"	"8655048514054465972"	95000	"intercept"	0.790801035
"0.15"	"0.6"	"0.75"	"0.01"	"0.005"	"0.01"	"100000"	"10000"	"200"	"8655048514054465972"	100000	"slope"	-0.41460807
"0.15"	"0.6"	"0.75"	"0.01"	"0.005"	"0.01"	"100000"	"10000"	"200"	"8655048514054465972"	100000	"intercept"	0.81222877
"0.15"	"0.6"	"0.75"	"0.01"	"0.005"	"0.01"	"100000"	"10000"	"200"	"8922186289990178001"	10	"slope"	0.000241767215
"0.15"	"0.6"	"0.75"	"0.01"	"0.005"	"0.01"	"100000"	"10000"	"200"	"8922186289990178001"	10	"intercept"	0.500050775
"0.15"	"0.6"	"0.75"	"0.01"	"0.005"	"0.01"	"100000"	"10000"	"200"	"8922186289990178001"	5000	"slope"	-0.00958780142
"0.15"	"0.6"	"0.75"	"0.01"	"0.005"	"0.01"	"100000"	"10000"	"200"	"8922186289990178001"	5000	"intercept"	0.5392929
"0.15"	"0.6"	"0.75"	"0.01"	"0.005"	"0.01"	"100000"	"10000"	"200"	"8922186289990178001"	10000	"slope"	-0.05739072001
"0.15"	"0.6"	"0.75"	"0.01"	"0.005"	"0.01"	"100000"	"10000"	"200"	"8922186289990178001"	10000	"intercept"	0.570479325
"0.15"	"0.6"	"0.75"	"0.01"	"0.005"	"0.01"	"100000"	"10000"	"200"	"8922186289990178001"	15000	"slope"	-0.08005352715
"0.15"	"0.6"	"0.75"	"0.01"	"0.005"	"0.01"	"100000"	"10000"	"200"	"8922186289990178001"	15000	"intercept"	0.5832249
"0.15"	"0.6"	"0.75"	"0.01"	"0.005"	"0.01"	"100000"	"10000"	"200"	"8922186289990178001"	20000	"slope"	-0.1277515655
"0.15"	"0.6"	"0.75"	"0.01"	"0.005"	"0.01"	"100000"	"10000"	"200"	"8922186289990178001"	20000	"intercept"	0.614705155
"0.15"	"0.6"	"0.75"	"0.01"	"0.005"	"0.01"	"100000"	"10000"	"200"	"8922186289990178001"	25000	"slope"	-0.1498252465
"0.15"	"0.6"	"0.75"	"0.01"	"0.005"	"0.01"	"100000"	"10000"	"200"	"8922186289990178001"	25000	"intercept"	0.63329827
"0.15"	"0.6"	"0.75"	"0.01"	"0.005"	"0.01"	"100000"	"10000"	"200"	"8922186289990178001"	30000	"slope"	-0.1651224635
"0.15"	"0.6"	"0.75"	"0.01"	"0.005"	"0.01"	"100000"	"10000"	"200"	"8922186289990178001"	30000	"intercept"	0.644489585
"0.15"	"0.6"	"0.75"	"0.01"	"0.005"	"0.01"	"100000"	"10000"	"200"	"8922186289990178001"	35000	"slope"	-0.22405677
"0.15"	"0.6"	"0.75"	"0.01"	"0.005"	"0.01"	"100000"	"10000"	"200"	"8922186289990178001"	35000	"intercept"	0.67397834
"0.15"	"0.6"	"0.75"	"0.01"	"0.005"	"0.01"	"100000"	"10000"	"200"	"8922186289990178001"	40000	"slope"	-0.272655555
"0.15"	"0.6"	"0.75"	"0.01"	"0.005"	"0.01"	"100000"	"10000"	"200"	"8922186289990178001"	40000	"intercept"	0.71304754
"0.15"	"0.6"	"0.75"	"0.01"	"0.005"	"0.01"	"100000"	"10000"	"200"	"8922186289990178001"	45000	"slope"	-0.293744185
"0.15"	"0.6"	"0.75"	"0.01"	"0.005"	"0.01"	"100000"	"10000"	"200"	"8922186289990178001"	45000	"intercept"	0.728630825
"0.15"	"0.6"	"0.75"	"0.01"	"0.005"	"0.01"	"100000"	"10000"	"200"	"8922186289990178001"	50000	"slope"	-0.306582955
"0.15"	"0.6"	"0.75"	"0.01"	"0.005"	"0.01"	"100000"	"10000"	"200"	"8922186289990178001"	50000	"intercept"	0.73335916
"0.15"	"0.6"	"0.75"	"0.01"	"0.005"	"0.01"	"100000"	"10000"	"200"	"8922186289990178001"	55000	"slope"	-0.293346795
"0.15"	"0.6"	"0.75"	"0.01"	"0.005"	"0.01"	"100000"	"10000"	"200"	"8922186289990178001"	55000	"intercept"	0.7281204
"0.15"	"0.6"	"0.75"	"0.01"	"0.005"	"0.01"	"100000"	"10000"	"200"	"8922186289990178001"	60000	"slope"	-0.330948435
"0.15"	"0.6"	"0.75"	"0.01"	"0.005"	"0.01"	"100000"	"10000"	"200"	"8922186289990178001"	60000	"intercept"	0.75714318
"0.15"	"0.6"	"0.75"	"0.01"	"0.005"	"0.01"	"100000"	"10000"	"200"	"8922186289990178001"	65000	"slope"	-0.40953062
"0.15"	"0.6"	"0.75"	"0.01"	"0.005"	"0.01"	"100000"	"10000"	"200"	"8922186289990178001"	65000	"intercept"	0.793850905
"0.15"	"0.6"	"0.75"	"0.01"	"0.005"	"0.01"	"100000"	"10000"	"200"	"8922186289990178001"	70000	"slope"	-0.421804485
"0.15"	"0.6"	"0.75"	"0.01"	"0.005"	"0.01"	"100000"	"10000"	"200"	"8922186289990178001"	70000	"intercept"	0.8023313
"0.15"	"0.6"	"0.75"	"0.01"	"0.005"	"0.01"	"100000"	"10000"	"200"	"8922186289990178001"	75000	"slope"	-0.42512616
"0.15"	"0.6"	"0.75"	"0.01"	"0.005"	"0.01"	"100000"	"10000"	"200"	"8922186289990178001"	75000	"intercept"	0.805035835
"0.15"	"0.6"	"0.75"	"0.01"	"0.005"	"0.01"	"100000"	"10000"	"200"	"8922186289990178001"	80000	"slope"	-0.41657125
"0.15"	"0.6"	"0.75"	"0.01"	"0.005"	"0.01"	"100000"	"10000"	"200"	"8922186289990178001"	80000	"intercept"	0.805663075
"0.15"	"0.6"	"0.75"	"0.01"	"0.005"	"0.01"	"100000"	"10000"	"200"	"8922186289990178001"	85000	"slope"	-0.41487181
"0.15"	"0.6"	"0.75"	"0.01"	"0.005"	"0.01"	"100000"	"10000"	"200"	"8922186289990178001"	85000	"intercept"	0.800423815
"0.15"	"0.6"	"0.75"	"0.01"	"0.005"	"0.01"	"100000"	"10000"	"200"	"8922186289990178001"	90000	"slope"	-0.39541192
"0.15"	"0.6"	"0.75"	"0.01"	"0.005"	"0.01"	"100000"	"10000"	"200"	"8922186289990178001"	90000	"intercept"	0.78964589
"0.15"	"0.6"	"0.75"	"0.01"	"0.005"	"0.01"	"100000"	"10000"	"200"	"8922186289990178001"	95000	"slope"	-0.410524245
"0.15"	"0.6"	"0.75"	"0.01"	"0.005"	"0.01"	"100000"	"10000"	"200"	"8922186289990178001"	95000	"intercept"	0.79757414
"0.15"	"0.6"	"0.75"	"0.01"	"0.005"	"0.01"	"100000"	"10000"	"200"	"8922186289990178001"	100000	"slope"	-0.359884865
"0.15"	"0.6"	"0.75"	"0.01"	"0.005"	"0.01"	"100000"	"10000"	"200"	"8922186289990178001"	100000	"intercept"	0.75970435
"0.15"	"0.6"	"0.75"	"0.01"	"0.005"	"0.01"	"100000"	"10000"	"200"	"979361964111829828"	10	"slope"	-1.283636e-05
"0.15"	"0.6"	"0.75"	"0.01"	"0.005"	"0.01"	"100000"	"10000"	"200"	"979361964111829828"	10	"intercept"	0.50012368
"0.15"	"0.6"	"0.75"	"0.01"	"0.005"	"0.01"	"100000"	"10000"	"200"	"979361964111829828"	5000	"slope"	0.016570619475
"0.15"	"0.6"	"0.75"	"0.01"	"0.005"	"0.01"	"100000"	"10000"	"200"	"979361964111829828"	5000	"intercept"	0.519765205
"0.15"	"0.6"	"0.75"	"0.01"	"0.005"	"0.01"	"100000"	"10000"	"200"	"979361964111829828"	10000	"slope"	-0.01323017366
"0.15"	"0.6"	"0.75"	"0.01"	"0.005"	"0.01"	"100000"	"10000"	"200"	"979361964111829828"	10000	"intercept"	0.538282045
"0.15"	"0.6"	"0.75"	"0.01"	"0.005"	"0.01"	"100000"	"10000"	"200"	"979361964111829828"	15000	"slope"	-0.054045020705
"0.15"	"0.6"	"0.75"	"0.01"	"0.005"	"0.01"	"100000"	"10000"	"200"	"979361964111829828"	15000	"intercept"	0.566257585
"0.15"	"0.6"	"0.75"	"0.01"	"0.005"	"0.01"	"100000"	"10000"	"200"	"979361964111829828"	20000	"slope"	-0.1762965295
"0.15"	"0.6"	"0.75"	"0.01"	"0.005"	"0.01"	"100000"	"10000"	"200"	"979361964111829828"	20000	"intercept"	0.64082039
"0.15"	"0.6"	"0.75"	"0.01"	"0.005"	"0.01"	"100000"	"10000"	"200"	"979361964111829828"	25000	"slope"	-0.1496876155
"0.15"	"0.6"	"0.75"	"0.01"	"0.005"	"0.01"	"100000"	"10000"	"200"	"979361964111829828"	25000	"intercept"	0.63468654
"0.15"	"0.6"	"0.75"	"0.01"	"0.005"	"0.01"	"100000"	"10000"	"200"	"979361964111829828"	30000	"slope"	-0.239159725
"0.15"	"0.6"	"0.75"	"0.01"	"0.005"	"0.01"	"100000"	"10000"	"200"	"979361964111829828"	30000	"intercept"	0.692167915
"0.15"	"0.6"	"0.75"	"0.01"	"0.005"	"0.01"	"100000"	"10000"	"200"	"979361964111829828"	35000	"slope"	-0.271145835
"0.15"	"0.6"	"0.75"	"0.01"	"0.005"	"0.01"	"100000"	"10000"	"200"	"979361964111829828"	35000	"intercept"	0.71164495
"0.15"	"0.6"	"0.75"	"0.01"	"0.005"	"0.01"	"100000"	"10000"	"200"	"979361964111829828"	40000	"slope"	-0.28435904
"0.15"	"0.6"	"0.75"	"0.01"	"0.005"	"0.01"	"100000"	"10000"	"200"	"979361964111829828"	40000	"intercept"	0.714693695
"0.15"	"0.6"	"0.75"	"0.01"	"0.005"	"0.01"	"100000"	"10000"	"200"	"979361964111829828"	45000	"slope"	-0.33520314
"0.15"	"0.6"	"0.75"	"0.01"	"0.005"	"0.01"	"100000"	"10000"	"200"	"979361964111829828"	45000	"intercept"	0.739589675
"0.15"	"0.6"	"0.75"	"0.01"	"0.005"	"0.01"	"100000"	"10000"	"200"	"979361964111829828"	50000	"slope"	-0.3372538
"0.15"	"0.6"	"0.75"	"0.01"	"0.005"	"0.01"	"100000"	"10000"	"200"	"979361964111829828"	50000	"intercept"	0.75188925
"0.15"	"0.6"	"0.75"	"0.01"	"0.005"	"0.01"	"100000"	"10000"	"200"	"979361964111829828"	55000	"slope"	-0.354364995
"0.15"	"0.6"	"0.75"	"0.01"	"0.005"	"0.01"	"100000"	"10000"	"200"	"979361964111829828"	55000	"intercept"	0.75655717
"0.15"	"0.6"	"0.75"	"0.01"	"0.005"	"0.01"	"100000"	"10000"	"200"	"979361964111829828"	60000	"slope"	-0.34335635
"0.15"	"0.6"	"0.75"	"0.01"	"0.005"	"0.01"	"100000"	"10000"	"200"	"979361964111829828"	60000	"intercept"	0.762323455
"0.15"	"0.6"	"0.75"	"0.01"	"0.005"	"0.01"	"100000"	"10000"	"200"	"979361964111829828"	65000	"slope"	-0.39122989
"0.15"	"0.6"	"0.75"	"0.01"	"0.005"	"0.01"	"100000"	"10000"	"200"	"979361964111829828"	65000	"intercept"	0.78716177
"0.15"	"0.6"	"0.75"	"0.01"	"0.005"	"0.01"	"100000"	"10000"	"200"	"979361964111829828"	70000	"slope"	-0.40343256
"0.15"	"0.6"	"0.75"	"0.01"	"0.005"	"0.01"	"100000"	"10000"	"200"	"979361964111829828"	70000	"intercept"	0.799416475
"0.15"	"0.6"	"0.75"	"0.01"	"0.005"	"0.01"	"100000"	"10000"	"200"	"979361964111829828"	75000	"slope"	-0.41563653
"0.15"	"0.6"	"0.75"	"0.01"	"0.005"	"0.01"	"100000"	"10000"	"200"	"979361964111829828"	75000	"intercept"	0.81142469
"0.15"	"0.6"	"0.75"	"0.01"	"0.005"	"0.01"	"100000"	"10000"	"200"	"979361964111829828"	80000	"slope"	-0.437109185
"0.15"	"0.6"	"0.75"	"0.01"	"0.005"	"0.01"	"100000"	"10000"	"200"	"979361964111829828"	80000	"intercept"	0.816542635
"0.15"	"0.6"	"0.75"	"0.01"	"0.005"	"0.01"	"100000"	"10000"	"200"	"979361964111829828"	85000	"slope"	-0.48012119
"0.15"	"0.6"	"0.75"	"0.01"	"0.005"	"0.01"	"100000"	"10000"	"200"	"979361964111829828"	85000	"intercept"	0.839555825
"0.15"	"0.6"	"0.75"	"0.01"	"0.005"	"0.01"	"100000"	"10000"	"200"	"979361964111829828"	90000	"slope"	-0.510419035
"0.15"	"0.6"	"0.75"	"0.01"	"0.005"	"0.01"	"100000"	"10000"	"200"	"979361964111829828"	90000	"intercept"	0.874001685
"0.15"	"0.6"	"0.75"	"0.01"	"0.005"	"0.01"	"100000"	"10000"	"200"	"979361964111829828"	95000	"slope"	-0.541980825
"0.15"	"0.6"	"0.75"	"0.01"	"0.005"	"0.01"	"100000"	"10000"	"200"	"979361964111829828"	95000	"intercept"	0.885288305
"0.15"	"0.6"	"0.75"	"0.01"	"0.005"	"0.01"	"100000"	"10000"	"200"	"979361964111829828"	100000	"slope"	-0.507703505
"0.15"	"0.6"	"0.75"	"0.01"	"0.005"	"0.01"	"100000"	"10000"	"200"	"979361964111829828"	100000	"intercept"	0.865868165
"0.15"	"0.8"	"0.75"	"0.01"	"0.005"	"0.01"	"100000"	"10000"	"200"	"2507784091534635487"	10	"slope"	5.7200535e-05
"0.15"	"0.8"	"0.75"	"0.01"	"0.005"	"0.01"	"100000"	"10000"	"200"	"2507784091534635487"	10	"intercept"	0.49998252
"0.15"	"0.8"	"0.75"	"0.01"	"0.005"	"0.01"	"100000"	"10000"	"200"	"2507784091534635487"	5000	"slope"	0.01253691081
"0.15"	"0.8"	"0.75"	"0.01"	"0.005"	"0.01"	"100000"	"10000"	"200"	"2507784091534635487"	5000	"intercept"	0.529873705
"0.15"	"0.8"	"0.75"	"0.01"	"0.005"	"0.01"	"100000"	"10000"	"200"	"2507784091534635487"	10000	"slope"	-0.018288356144
"0.15"	"0.8"	"0.75"	"0.01"	"0.005"	"0.01"	"100000"	"10000"	"200"	"2507784091534635487"	10000	"intercept"	0.540838875
"0.15"	"0.8"	"0.75"	"0.01"	"0.005"	"0.01"	"100000"	"10000"	"200"	"2507784091534635487"	15000	"slope"	-0.011296612265
"0.15"	"0.8"	"0.75"	"0.01"	"0.005"	"0.01"	"100000"	"10000"	"200"	"2507784091534635487"	15000	"intercept"	0.535385045
"0.15"	"0.8"	"0.75"	"0.01"	"0.005"	"0.01"	"100000"	"10000"	"200"	"2507784091534635487"	20000	"slope"	-0.028925151565
"0.15"	"0.8"	"0.75"	"0.01"	"0.005"	"0.01"	"100000"	"10000"	"200"	"2507784091534635487"	20000	"intercept"	0.55459163
"0.15"	"0.8"	"0.75"	"0.01"	"0.005"	"0.01"	"100000"	"10000"	"200"	"2507784091534635487"	25000	"slope"	-0.0810382955
"0.15"	"0.8"	"0.75"	"0.01"	"0.005"	"0.01"	"100000"	"10000"	"200"	"2507784091534635487"	25000	"intercept"	0.559570455
"0.15"	"0.8"	"0.75"	"0.01"	"0.005"	"0.01"	"100000"	"10000"	"200"	"2507784091534635487"	30000	"slope"	-0.112618464
"0.15"	"0.8"	"0.75"	"0.01"	"0.005"	"0.01"	"100000"	"10000"	"200"	"2507784091534635487"	30000	"intercept"	0.581827725
"0.15"	"0.8"	"0.75"	"0.01"	"0.005"	"0.01"	"100000"	"10000"	"200"	"2507784091534635487"	35000	"slope"	-0.140093162
"0.15"	"0.8"	"0.75"	"0.01"	"0.005"	"0.01"	"100000"	"10000"	"200"	"2507784091534635487"	35000	"intercept"	0.60746632852
"0.15"	"0.8"	"0.75"	"0.01"	"0.005"	"0.01"	"100000"	"10000"	"200"	"2507784091534635487"	40000	"slope"	-0.156719646
"0.15"	"0.8"	"0.75"	"0.01"	"0.005"	"0.01"	"100000"	"10000"	"200"	"2507784091534635487"	40000	"intercept"	0.6248674405
"0.15"	"0.8"	"0.75"	"0.01"	"0.005"	"0.01"	"100000"	"10000"	"200"	"2507784091534635487"	45000	"slope"	-0.24974078014
"0.15"	"0.8"	"0.75"	"0.01"	"0.005"	"0.01"	"100000"	"10000"	"200"	"2507784091534635487"	45000	"intercept"	0.6070470265
"0.15"	"0.8"	"0.75"	"0.01"	"0.005"	"0.01"	"100000"	"10000"	"200"	"2507784091534635487"	50000	"slope"	-0.2169078168
"0.15"	"0.8"	"0.75"	"0.01"	"0.005"	"0.01"	"100000"	"10000"	"200"	"2507784091534635487"	50000	"intercept"	0.622047465
"0.15"	"0.8"	"0.75"	"0.01"	"0.005"	"0.01"	"100000"	"10000"	"200"	"2507784091534635487"	55000	"slope"	-0.205570068925
"0.15"	"0.8"	"0.75"	"0.01"	"0.005"	"0.01"	"100000"	"10000"	"200"	"2507784091534635487"	55000	"intercept"	0.670971895
"0.15"	"0.8"	"0.75"	"0.01"	"0.005"	"0.01"	"100000"	"10000"	"200"	"2507784091534635487"	60000	"slope"	-0.23425945475
"0.15"	"0.8"	"0.75"	"0.01"	"0.005"	"0.01"	"100000"	"10000"	"200"	"2507784091534635487"	60000	"intercept"	0.59557906
"0.15"	"0.8"	"0.75"	"0.01"	"0.005"	"0.01"	"100000"	"10000"	"200"	"2507784091534635487"	65000	"slope"	-0.2236457491995
"0.15"	"0.8"	"0.75"	"0.01"	"0.005"	"0.01"	"100000"	"10000"	"200"	"2507784091534635487"	65000	"intercept"	0.684672595
"0.15"	"0.8"	"0.75"	"0.01"	"0.005"	"0.01"	"100000"	"10000"	"200"	"2507784091534635487"	70000	"slope"	-0.24317808983
"0.15"	"0.8"	"0.75"	"0.01"	"0.005"	"0.01"	"100000"	"10000"	"200"	"2507784091534635487"	70000	"intercept"	0.691227895
"0.15"	"0.8"	"0.75"	"0.01"	"0.005"	"0.01"	"100000"	"10000"	"200"	"2507784091534635487"	75000	"slope"	-0.2207885687
"0.15"	"0.8"	"0.75"	"0.01"	"0.005"	"0.01"	"100000"	"10000"	"200"	"2507784091534635487"	75000	"intercept"	0.63505373
"0.15"	"0.8"	"0.75"	"0.01"	"0.005"	"0.01"	"100000"	"10000"	"200"	"2507784091534635487"	80000	"slope"	-0.1816440408
"0.15"	"0.8"	"0.75"	"0.01"	"0.005"	"0.01"	"100000"	"10000"	"200"	"2507784091534635487"	80000	"intercept"	0.61450294
"0.15"	"0.8"	"0.75"	"0.01"	"0.005"	"0.01"	"100000"	"10000"	"200"	"2507784091534635487"	85000	"slope"	-0.202089426175
"0.15"	"0.8"	"0.75"	"0.01"	"0.005"	"0.01"	"100000"	"10000"	"200"	"2507784091534635487"	85000	"intercept"	0.641778495
"0.15"	"0.8"	"0.75"	"0.01"	"0.005"	"0.01"	"100000"	"10000"	"200"	"2507784091534635487"	90000	"slope"	-0.12517650545
"0.15"	"0.8"	"0.75"	"0.01"	"0.005"	"0.01"	"100000"	"10000"	"200"	"2507784091534635487"	90000	"intercept"	0.599247205
"0.15"	"0.8"	"0.75"	"0.01"	"0.005"	"0.01"	"100000"	"10000"	"200"	"2507784091534635487"	95000	"slope"	-0.1309748735
"0.15"	"0.8"	"0.75"	"0.01"	"0.005"	"0.01"	"100000"	"10000"	"200"	"2507784091534635487"	95000	"intercept"	0.572086965
"0.15"	"0.8"	"0.75"	"0.01"	"0.005"	"0.01"	"100000"	"10000"	"200"	"2507784091534635487"	100000	"slope"	-0.0660405565
"0.15"	"0.8"	"0.75"	"0.01"	"0.005"	"0.01"	"100000"	"10000"	"200"	"2507784091534635487"	100000	"intercept"	0.6037647945
"0.15"	"0.8"	"0.75"	"0.01"	"0.005"	"0.01"	"100000"	"10000"	"200"	"5297166933555944630"	10	"slope"	7.722336e-05
"0.15"	"0.8"	"0.75"	"0.01"	"0.005"	"0.01"	"100000"	"10000"	"200"	"5297166933555944630"	10	"intercept"	0.50011815
"0.15"	"0.8"	"0.75"	"0.01"	"0.005"	"0.01"	"100000"	"10000"	"200"	"5297166933555944630"	5000	"slope"	-0.001870130065
"0.15"	"0.8"	"0.75"	"0.01"	"0.005"	"0.01"	"100000"	"10000"	"200"	"5297166933555944630"	5000	"intercept"	0.52970242
"0.15"	"0.8"	"0.75"	"0.01"	"0.005"	"0.01"	"100000"	"10000"	"200"	"5297166933555944630"	10000	"slope"	-0.00980450089
"0.15"	"0.8"	"0.75"	"0.01"	"0.005"	"0.01"	"100000"	"10000"	"200"	"5297166933555944630"	10000	"intercept"	0.54477395
"0.15"	"0.8"	"0.75"	"0.01"	"0.005"	"0.01"	"100000"	"10000"	"200"	"5297166933555944630"	15000	"slope"	-0.04056924945
"0.15"	"0.8"	"0.75"	"0.01"	"0.005"	"0.01"	"100000"	"10000"	"200"	"5297166933555944630"	15000	"intercept"	0.53649808
"0.15"	"0.8"	"0.75"	"0.01"	"0.005"	"0.01"	"100000"	"10000"	"200"	"5297166933555944630"	20000	"slope"	-0.0512690292105
"0.15"	"0.8"	"0.75"	"0.01"	"0.005"	"0.01"	"100000"	"10000"	"200"	"5297166933555944630"	20000	"intercept"	0.52518399
"0.15"	"0.8"	"0.75"	"0.01"	"0.005"	"0.01"	"100000"	"10000"	"200"	"5297166933555944630"	25000	"slope"	-0.017058773715
"0.15"	"0.8"	"0.75"	"0.01"	"0.005"	"0.01"	"100000"	"10000"	"200"	"5297166933555944630"	25000	"intercept"	0.572560715
"0.15"	"0.8"	"0.75"	"0.01"	"0.005"	"0.01"	"100000"	"10000"	"200"	"5297166933555944630"	30000	"slope"	-0.07395178735
"0.15"	"0.8"	"0.75"	"0.01"	"0.005"	"0.01"	"100000"	"10000"	"200"	"5297166933555944630"	30000	"intercept"	0.539347067
"0.15"	"0.8"	"0.75"	"0.01"	"0.005"	"0.01"	"100000"	"10000"	"200"	"5297166933555944630"	35000	"slope"	-0.15527579045
"0.15"	"0.8"	"0.75"	"0.01"	"0.005"	"0.01"	"100000"	"10000"	"200"	"5297166933555944630"	35000	"intercept"	0.5705949895
"0.15"	"0.8"	"0.75"	"0.01"	"0.005"	"0.01"	"100000"	"10000"	"200"	"5297166933555944630"	40000	"slope"	-0.15779278699
"0.15"	"0.8"	"0.75"	"0.01"	"0.005"	"0.01"	"100000"	"10000"	"200"	"5297166933555944630"	40000	"intercept"	0.5871895545
"0.15"	"0.8"	"0.75"	"0.01"	"0.005"	"0.01"	"100000"	"10000"	"200"	"5297166933555944630"	45000	"slope"	-0.1787430956
"0.15"	"0.8"	"0.75"	"0.01"	"0.005"	"0.01"	"100000"	"10000"	"200"	"5297166933555944630"	45000	"intercept"	0.589310115
"0.15"	"0.8"	"0.75"	"0.01"	"0.005"	"0.01"	"100000"	"10000"	"200"	"5297166933555944630"	50000	"slope"	-0.1975341576
"0.15"	"0.8"	"0.75"	"0.01"	"0.005"	"0.01"	"100000"	"10000"	"200"	"5297166933555944630"	50000	"intercept"	0.59751636
"0.15"	"0.8"	"0.75"	"0.01"	"0.005"	"0.01"	"100000"	"10000"	"200"	"5297166933555944630"	55000	"slope"	-0.19449240718
"0.15"	"0.8"	"0.75"	"0.01"	"0.005"	"0.01"	"100000"	"10000"	"200"	"5297166933555944630"	55000	"intercept"	0.653736105
"0.15"	"0.8"	"0.75"	"0.01"	"0.005"	"0.01"	"100000"	"10000"	"200"	"5297166933555944630"	60000	"slope"	-0.1743990115
"0.15"	"0.8"	"0.75"	"0.01"	"0.005"	"0.01"	"100000"	"10000"	"200"	"5297166933555944630"	60000	"intercept"	0.631034555
"0.15"	"0.8"	"0.75"	"0.01"	"0.005"	"0.01"	"100000"	"10000"	"200"	"5297166933555944630"	65000	"slope"	-0.153335701
"0.15"	"0.8"	"0.75"	"0.01"	"0.005"	"0.01"	"100000"	"10000"	"200"	"5297166933555944630"	65000	"intercept"	0.607541565
"0.15"	"0.8"	"0.75"	"0.01"	"0.005"	"0.01"	"100000"	"10000"	"200"	"5297166933555944630"	70000	"slope"	-0.117491091
"0.15"	"0.8"	"0.75"	"0.01"	"0.005"	"0.01"	"100000"	"10000"	"200"	"5297166933555944630"	70000	"intercept"	0.59086355
"0.15"	"0.8"	"0.75"	"0.01"	"0.005"	"0.01"	"100000"	"10000"	"200"	"5297166933555944630"	75000	"slope"	-0.143007244
"0.15"	"0.8"	"0.75"	"0.01"	"0.005"	"0.01"	"100000"	"10000"	"200"	"5297166933555944630"	75000	"intercept"	0.56129305
"0.15"	"0.8"	"0.75"	"0.01"	"0.005"	"0.01"	"100000"	"10000"	"200"	"5297166933555944630"	80000	"slope"	-0.158710641
"0.15"	"0.8"	"0.75"	"0.01"	"0.005"	"0.01"	"100000"	"10000"	"200"	"5297166933555944630"	80000	"intercept"	0.55368202
"0.15"	"0.8"	"0.75"	"0.01"	"0.005"	"0.01"	"100000"	"10000"	"200"	"5297166933555944630"	85000	"slope"	-0.12046767
"0.15"	"0.8"	"0.75"	"0.01"	"0.005"	"0.01"	"100000"	"10000"	"200"	"5297166933555944630"	85000	"intercept"	0.5365586095
"0.15"	"0.8"	"0.75"	"0.01"	"0.005"	"0.01"	"100000"	"10000"	"200"	"5297166933555944630"	90000	"slope"	-0.0958321105
"0.15"	"0.8"	"0.75"	"0.01"	"0.005"	"0.01"	"100000"	"10000"	"200"	"5297166933555944630"	90000	"intercept"	0.572835459
"0.15"	"0.8"	"0.75"	"0.01"	"0.005"	"0.01"	"100000"	"10000"	"200"	"5297166933555944630"	95000	"slope"	-0.1131452345
"0.15"	"0.8"	"0.75"	"0.01"	"0.005"	"0.01"	"100000"	"10000"	"200"	"5297166933555944630"	95000	"intercept"	0.571006875
"0.15"	"0.8"	"0.75"	"0.01"	"0.005"	"0.01"	"100000"	"10000"	"200"	"5297166933555944630"	100000	"slope"	-0.0866116331
"0.15"	"0.8"	"0.75"	"0.01"	"0.005"	"0.01"	"100000"	"10000"	"200"	"5297166933555944630"	100000	"intercept"	0.6317767845
"0.15"	"0.8"	"0.75"	"0.01"	"0.005"	"0.01"	"100000"	"10000"	"200"	"6930086222201339681"	10	"slope"	7.299445e-05
"0.15"	"0.8"	"0.75"	"0.01"	"0.005"	"0.01"	"100000"	"10000"	"200"	"6930086222201339681"	10	"intercept"	0.49999191
"0.15"	"0.8"	"0.75"	"0.01"	"0.005"	"0.01"	"100000"	"10000"	"200"	"6930086222201339681"	5000	"slope"	-0.016767179215
"0.15"	"0.8"	"0.75"	"0.01"	"0.005"	"0.01"	"100000"	"10000"	"200"	"6930086222201339681"	5000	"intercept"	0.53739137
"0.15"	"0.8"	"0.75"	"0.01"	"0.005"	"0.01"	"100000"	"10000"	"200"	"6930086222201339681"	10000	"slope"	-0.057874145705
"0.15"	"0.8"	"0.75"	"0.01"	"0.005"	"0.01"	"100000"	"10000"	"200"	"6930086222201339681"	10000	"intercept"	0.56226579
"0.15"	"0.8"	"0.75"	"0.01"	"0.005"	"0.01"	"100000"	"10000"	"200"	"6930086222201339681"	15000	"slope"	-0.1040186744
"0.15"	"0.8"	"0.75"	"0.01"	"0.005"	"0.01"	"100000"	"10000"	"200"	"6930086222201339681"	15000	"intercept"	0.60403205
"0.15"	"0.8"	"0.75"	"0.01"	"0.005"	"0.01"	"100000"	"10000"	"200"	"6930086222201339681"	20000	"slope"	-0.1492673535
"0.15"	"0.8"	"0.75"	"0.01"	"0.005"	"0.01"	"100000"	"10000"	"200"	"6930086222201339681"	20000	"intercept"	0.59983898
"0.15"	"0.8"	"0.75"	"0.01"	"0.005"	"0.01"	"100000"	"10000"	"200"	"6930086222201339681"	25000	"slope"	-0.2033637549
"0.15"	"0.8"	"0.75"	"0.01"	"0.005"	"0.01"	"100000"	"10000"	"200"	"6930086222201339681"	25000	"intercept"	0.640667975
"0.15"	"0.8"	"0.75"	"0.01"	"0.005"	"0.01"	"100000"	"10000"	"200"	"6930086222201339681"	30000	"slope"	-0.23150835935
"0.15"	"0.8"	"0.75"	"0.01"	"0.005"	"0.01"	"100000"	"10000"	"200"	"6930086222201339681"	30000	"intercept"	0.62901716
"0.15"	"0.8"	"0.75"	"0.01"	"0.005"	"0.01"	"100000"	"10000"	"200"	"6930086222201339681"	35000	"slope"	-0.24289838425
"0.15"	"0.8"	"0.75"	"0.01"	"0.005"	"0.01"	"100000"	"10000"	"200"	"6930086222201339681"	35000	"intercept"	0.655607105
"0.15"	"0.8"	"0.75"	"0.01"	"0.005"	"0.01"	"100000"	"10000"	"200"	"6930086222201339681"	40000	"slope"	-0.2844911583685
"0.15"	"0.8"	"0.75"	"0.01"	"0.005"	"0.01"	"100000"	"10000"	"200"	"6930086222201339681"	40000	"intercept"	0.65728560855
"0.15"	"0.8"	"0.75"	"0.01"	"0.005"	"0.01"	"100000"	"10000"	"200"	"6930086222201339681"	45000	"slope"	-0.29311118365
"0.15"	"0.8"	"0.75"	"0.01"	"0.005"	"0.01"	"100000"	"10000"	"200"	"6930086222201339681"	45000	"intercept"	0.6700024267
"0.15"	"0.8"	"0.75"	"0.01"	"0.005"	"0.01"	"100000"	"10000"	"200"	"6930086222201339681"	50000	"slope"	-0.22495862252
"0.15"	"0.8"	"0.75"	"0.01"	"0.005"	"0.01"	"100000"	"10000"	"200"	"6930086222201339681"	50000	"intercept"	0.690556165
"0.15"	"0.8"	"0.75"	"0.01"	"0.005"	"0.01"	"100000"	"10000"	"200"	"6930086222201339681"	55000	"slope"	-0.237028005117
"0.15"	"0.8"	"0.75"	"0.01"	"0.005"	"0.01"	"100000"	"10000"	"200"	"6930086222201339681"	55000	"intercept"	0.634164935
"0.15"	"0.8"	"0.75"	"0.01"	"0.005"	"0.01"	"100000"	"10000"	"200"	"6930086222201339681"	60000	"slope"	-0.1787270575
"0.15"	"0.8"	"0.75"	"0.01"	"0.005"	"0.01"	"100000"	"10000"	"200"	"6930086222201339681"	60000	"intercept"	0.660654185
"0.15"	"0.8"	"0.75"	"0.01"	"0.005"	"0.01"	"100000"	"10000"	"200"	"6930086222201339681"	65000	"slope"	-0.16629437795
"0.15"	"0.8"	"0.75"	"0.01"	"0.005"	"0.01"	"100000"	"10000"	"200"	"6930086222201339681"	65000	"intercept"	0.682761245
"0.15"	"0.8"	"0.75"	"0.01"	"0.005"	"0.01"	"100000"	"10000"	"200"	"6930086222201339681"	70000	"slope"	-0.207496603115
"0.15"	"0.8"	"0.75"	"0.01"	"0.005"	"0.01"	"100000"	"10000"	"200"	"6930086222201339681"	70000	"intercept"	0.67086478
"0.15"	"0.8"	"0.75"	"0.01"	"0.005"	"0.01"	"100000"	"10000"	"200"	"6930086222201339681"	75000	"slope"	-0.21337073155
"0.15"	"0.8"	"0.75"	"0.01"	"0.005"	"0.01"	"100000"	"10000"	"200"	"6930086222201339681"	75000	"intercept"	0.684948975
"0.15"	"0.8"	"0.75"	"0.01"	"0.005"	"0.01"	"100000"	"10000"	"200"	"6930086222201339681"	80000	"slope"	-0.1999775127
"0.15"	"0.8"	"0.75"	"0.01"	"0.005"	"0.01"	"100000"	"10000"	"200"	"6930086222201339681"	80000	"intercept"	0.6123473
"0.15"	"0.8"	"0.75"	"0.01"	"0.005"	"0.01"	"100000"	"10000"	"200"	"6930086222201339681"	85000	"slope"	-0.17077216205
"0.15"	"0.8"	"0.75"	"0.01"	"0.005"	"0.01"	"100000"	"10000"	"200"	"6930086222201339681"	85000	"intercept"	0.602441195
"0.15"	"0.8"	"0.75"	"0.01"	"0.005"	"0.01"	"100000"	"10000"	"200"	"6930086222201339681"	90000	"slope"	-0.13394234495
"0.15"	"0.8"	"0.75"	"0.01"	"0.005"	"0.01"	"100000"	"10000"	"200"	"6930086222201339681"	90000	"intercept"	0.654033115
"0.15"	"0.8"	"0.75"	"0.01"	"0.005"	"0.01"	"100000"	"10000"	"200"	"6930086222201339681"	95000	"slope"	-0.1295007866
"0.15"	"0.8"	"0.75"	"0.01"	"0.005"	"0.01"	"100000"	"10000"	"200"	"6930086222201339681"	95000	"intercept"	0.62043169
"0.15"	"0.8"	"0.75"	"0.01"	"0.005"	"0.01"	"100000"	"10000"	"200"	"6930086222201339681"	100000	"slope"	-0.099300865
"0.15"	"0.8"	"0.75"	"0.01"	"0.005"	"0.01"	"100000"	"10000"	"200"	"6930086222201339681"	100000	"intercept"	0.634660165
"0.25"	"0.0"	"0.75"	"0.01"	"0.005"	"0.01"	"100000"	"10000"	"200"	"3636830883167734637"	10	"slope"	-0.000322290695
"0.25"	"0.0"	"0.75"	"0.01"	"0.005"	"0.01"	"100000"	"10000"	"200"	"3636830883167734637"	10	"intercept"	0.49999912
"0.25"	"0.0"	"0.75"	"0.01"	"0.005"	"0.01"	"100000"	"10000"	"200"	"3636830883167734637"	5000	"slope"	0.004380874745
"0.25"	"0.0"	"0.75"	"0.01"	"0.005"	"0.01"	"100000"	"10000"	"200"	"3636830883167734637"	5000	"intercept"	0.57551778
"0.25"	"0.0"	"0.75"	"0.01"	"0.005"	"0.01"	"100000"	"10000"	"200"	"3636830883167734637"	10000	"slope"	-0.026735635711
"0.25"	"0.0"	"0.75"	"0.01"	"0.005"	"0.01"	"100000"	"10000"	"200"	"3636830883167734637"	10000	"intercept"	0.584080525
"0.25"	"0.0"	"0.75"	"0.01"	"0.005"	"0.01"	"100000"	"10000"	"200"	"3636830883167734637"	15000	"slope"	-0.031345861865
"0.25"	"0.0"	"0.75"	"0.01"	"0.005"	"0.01"	"100000"	"10000"	"200"	"3636830883167734637"	15000	"intercept"	0.598949415
"0.25"	"0.0"	"0.75"	"0.01"	"0.005"	"0.01"	"100000"	"10000"	"200"	"3636830883167734637"	20000	"slope"	0.001034608683
"0.25"	"0.0"	"0.75"	"0.01"	"0.005"	"0.01"	"100000"	"10000"	"200"	"3636830883167734637"	20000	"intercept"	0.572797175
"0.25"	"0.0"	"0.75"	"0.01"	"0.005"	"0.01"	"100000"	"10000"	"200"	"3636830883167734637"	25000	"slope"	-0.011603982223
"0.25"	"0.0"	"0.75"	"0.01"	"0.005"	"0.01"	"100000"	"10000"	"200"	"3636830883167734637"	25000	"intercept"	0.57739354
"0.25"	"0.0"	"0.75"	"0.01"	"0.005"	"0.01"	"100000"	"10000"	"200"	"3636830883167734637"	30000	"slope"	-0.030665041325
"0.25"	"0.0"	"0.75"	"0.01"	"0.005"	"0.01"	"100000"	"10000"	"200"	"3636830883167734637"	30000	"intercept"	0.59484976
"0.25"	"0.0"	"0.75"	"0.01"	"0.005"	"0.01"	"100000"	"10000"	"200"	"3636830883167734637"	35000	"slope"	-0.020732229004
"0.25"	"0.0"	"0.75"	"0.01"	"0.005"	"0.01"	"100000"	"10000"	"200"	"3636830883167734637"	35000	"intercept"	0.585104855
"0.25"	"0.0"	"0.75"	"0.01"	"0.005"	"0.01"	"100000"	"10000"	"200"	"3636830883167734637"	40000	"slope"	-0.068029539
"0.25"	"0.0"	"0.75"	"0.01"	"0.005"	"0.01"	"100000"	"10000"	"200"	"3636830883167734637"	40000	"intercept"	0.61093939
"0.25"	"0.0"	"0.75"	"0.01"	"0.005"	"0.01"	"100000"	"10000"	"200"	"3636830883167734637"	45000	"slope"	-0.065710613555
"0.25"	"0.0"	"0.75"	"0.01"	"0.005"	"0.01"	"100000"	"10000"	"200"	"3636830883167734637"	45000	"intercept"	0.614811765
"0.25"	"0.0"	"0.75"	"0.01"	"0.005"	"0.01"	"100000"	"10000"	"200"	"3636830883167734637"	50000	"slope"	-0.04123924967
"0.25"	"0.0"	"0.75"	"0.01"	"0.005"	"0.01"	"100000"	"10000"	"200"	"3636830883167734637"	50000	"intercept"	0.60011733
"0.25"	"0.0"	"0.75"	"0.01"	"0.005"	"0.01"	"100000"	"10000"	"200"	"3636830883167734637"	55000	"slope"	0.0016432135235
"0.25"	"0.0"	"0.75"	"0.01"	"0.005"	"0.01"	"100000"	"10000"	"200"	"3636830883167734637"	55000	"intercept"	0.567104925
"0.25"	"0.0"	"0.75"	"0.01"	"0.005"	"0.01"	"100000"	"10000"	"200"	"3636830883167734637"	60000	"slope"	-0.00746789433
"0.25"	"0.0"	"0.75"	"0.01"	"0.005"	"0.01"	"100000"	"10000"	"200"	"3636830883167734637"	60000	"intercept"	0.56613175
"0.25"	"0.0"	"0.75"	"0.01"	"0.005"	"0.01"	"100000"	"10000"	"200"	"3636830883167734637"	65000	"slope"	-0.0725677222
"0.25"	"0.0"	"0.75"	"0.01"	"0.005"	"0.01"	"100000"	"10000"	"200"	"3636830883167734637"	65000	"intercept"	0.625683005
"0.25"	"0.0"	"0.75"	"0.01"	"0.005"	"0.01"	"100000"	"10000"	"200"	"3636830883167734637"	70000	"slope"	-0.061237310045
"0.25"	"0.0"	"0.75"	"0.01"	"0.005"	"0.01"	"100000"	"10000"	"200"	"3636830883167734637"	70000	"intercept"	0.614678075
"0.25"	"0.0"	"0.75"	"0.01"	"0.005"	"0.01"	"100000"	"10000"	"200"	"3636830883167734637"	75000	"slope"	-0.022382396345
"0.25"	"0.0"	"0.75"	"0.01"	"0.005"	"0.01"	"100000"	"10000"	"200"	"3636830883167734637"	75000	"intercept"	0.5893833
"0.25"	"0.0"	"0.75"	"0.01"	"0.005"	"0.01"	"100000"	"10000"	"200"	"3636830883167734637"	80000	"slope"	-0.028597066605
"0.25"	"0.0"	"0.75"	"0.01"	"0.005"	"0.01"	"100000"	"10000"	"200"	"3636830883167734637"	80000	"intercept"	0.58484979
"0.25"	"0.0"	"0.75"	"0.01"	"0.005"	"0.01"	"100000"	"10000"	"200"	"3636830883167734637"	85000	"slope"	-0.052640551446
"0.25"	"0.0"	"0.75"	"0.01"	"0.005"	"0.01"	"100000"	"10000"	"200"	"3636830883167734637"	85000	"intercept"	0.608469575
"0.25"	"0.0"	"0.75"	"0.01"	"0.005"	"0.01"	"100000"	"10000"	"200"	"3636830883167734637"	90000	"slope"	-0.041730975275
"0.25"	"0.0"	"0.75"	"0.01"	"0.005"	"0.01"	"100000"	"10000"	"200"	"3636830883167734637"	90000	"intercept"	0.601915265
"0.25"	"0.0"	"0.75"	"0.01"	"0.005"	"0.01"	"100000"	"10000"	"200"	"3636830883167734637"	95000	"slope"	-0.04026788215
"0.25"	"0.0"	"0.75"	"0.01"	"0.005"	"0.01"	"100000"	"10000"	"200"	"3636830883167734637"	95000	"intercept"	0.59900891
"0.25"	"0.0"	"0.75"	"0.01"	"0.005"	"0.01"	"100000"	"10000"	"200"	"3636830883167734637"	100000	"slope"	0.002071257425
"0.25"	"0.0"	"0.75"	"0.01"	"0.005"	"0.01"	"100000"	"10000"	"200"	"3636830883167734637"	100000	"intercept"	0.5640152
"0.25"	"0.0"	"0.75"	"0.01"	"0.005"	"0.01"	"100000"	"10000"	"200"	"8288036595561247705"	10	"slope"	0.00024384683
"0.25"	"0.0"	"0.75"	"0.01"	"0.005"	"0.01"	"100000"	"10000"	"200"	"8288036595561247705"	10	"intercept"	0.50007422
"0.25"	"0.0"	"0.75"	"0.01"	"0.005"	"0.01"	"100000"	"10000"	"200"	"8288036595561247705"	5000	"slope"	0.014164612345
"0.25"	"0.0"	"0.75"	"0.01"	"0.005"	"0.01"	"100000"	"10000"	"200"	"8288036595561247705"	5000	"intercept"	0.56210042
"0.25"	"0.0"	"0.75"	"0.01"	"0.005"	"0.01"	"100000"	"10000"	"200"	"8288036595561247705"	10000	"slope"	-0.00617375355425
"0.25"	"0.0"	"0.75"	"0.01"	"0.005"	"0.01"	"100000"	"10000"	"200"	"8288036595561247705"	10000	"intercept"	0.57788368
"0.25"	"0.0"	"0.75"	"0.01"	"0.005"	"0.01"	"100000"	"10000"	"200"	"8288036595561247705"	15000	"slope"	-0.06343263598
"0.25"	"0.0"	"0.75"	"0.01"	"0.005"	"0.01"	"100000"	"10000"	"200"	"8288036595561247705"	15000	"intercept"	0.608526295
"0.25"	"0.0"	"0.75"	"0.01"	"0.005"	"0.01"	"100000"	"10000"	"200"	"8288036595561247705"	20000	"slope"	-0.12177774125
"0.25"	"0.0"	"0.75"	"0.01"	"0.005"	"0.01"	"100000"	"10000"	"200"	"8288036595561247705"	20000	"intercept"	0.657096665
"0.25"	"0.0"	"0.75"	"0.01"	"0.005"	"0.01"	"100000"	"10000"	"200"	"8288036595561247705"	25000	"slope"	-0.0885682273
"0.25"	"0.0"	"0.75"	"0.01"	"0.005"	"0.01"	"100000"	"10000"	"200"	"8288036595561247705"	25000	"intercept"	0.626825975
"0.25"	"0.0"	"0.75"	"0.01"	"0.005"	"0.01"	"100000"	"10000"	"200"	"8288036595561247705"	30000	"slope"	-0.07258465605
"0.25"	"0.0"	"0.75"	"0.01"	"0.005"	"0.01"	"100000"	"10000"	"200"	"8288036595561247705"	30000	"intercept"	0.61624633
"0.25"	"0.0"	"0.75"	"0.01"	"0.005"	"0.01"	"100000"	"10000"	"200"	"8288036595561247705"	35000	"slope"	-0.084558547355
"0.25"	"0.0"	"0.75"	"0.01"	"0.005"	"0.01"	"100000"	"10000"	"200"	"8288036595561247705"	35000	"intercept"	0.630549615
"0.25"	"0.0"	"0.75"	"0.01"	"0.005"	"0.01"	"100000"	"10000"	"200"	"8288036595561247705"	40000	"slope"	-0.10256225016
"0.25"	"0.0"	"0.75"	"0.01"	"0.005"	"0.01"	"100000"	"10000"	"200"	"8288036595561247705"	40000	"intercept"	0.638580165
"0.25"	"0.0"	"0.75"	"0.01"	"0.005"	"0.01"	"100000"	"10000"	"200"	"8288036595561247705"	45000	"slope"	-0.108618679
"0.25"	"0.0"	"0.75"	"0.01"	"0.005"	"0.01"	"100000"	"10000"	"200"	"8288036595561247705"	45000	"intercept"	0.6479431
"0.25"	"0.0"	"0.75"	"0.01"	"0.005"	"0.01"	"100000"	"10000"	"200"	"8288036595561247705"	50000	"slope"	-0.1179484865
"0.25"	"0.0"	"0.75"	"0.01"	"0.005"	"0.01"	"100000"	"10000"	"200"	"8288036595561247705"	50000	"intercept"	0.645071515
"0.25"	"0.0"	"0.75"	"0.01"	"0.005"	"0.01"	"100000"	"10000"	"200"	"8288036595561247705"	55000	"slope"	-0.123762985
"0.25"	"0.0"	"0.75"	"0.01"	"0.005"	"0.01"	"100000"	"10000"	"200"	"8288036595561247705"	55000	"intercept"	0.65943032
"0.25"	"0.0"	"0.75"	"0.01"	"0.005"	"0.01"	"100000"	"10000"	"200"	"8288036595561247705"	60000	"slope"	-0.0856306552
"0.25"	"0.0"	"0.75"	"0.01"	"0.005"	"0.01"	"100000"	"10000"	"200"	"8288036595561247705"	60000	"intercept"	0.62300591
"0.25"	"0.0"	"0.75"	"0.01"	"0.005"	"0.01"	"100000"	"10000"	"200"	"8288036595561247705"	65000	"slope"	-0.042334581125
"0.25"	"0.0"	"0.75"	"0.01"	"0.005"	"0.01"	"100000"	"10000"	"200"	"8288036595561247705"	65000	"intercept"	0.60470251
"0.25"	"0.0"	"0.75"	"0.01"	"0.005"	"0.01"	"100000"	"10000"	"200"	"8288036595561247705"	70000	"slope"	-0.02810047453
"0.25"	"0.0"	"0.75"	"0.01"	"0.005"	"0.01"	"100000"	"10000"	"200"	"8288036595561247705"	70000	"intercept"	0.594216175
"0.25"	"0.0"	"0.75"	"0.01"	"0.005"	"0.01"	"100000"	"10000"	"200"	"8288036595561247705"	75000	"slope"	-0.04786989738
"0.25"	"0.0"	"0.75"	"0.01"	"0.005"	"0.01"	"100000"	"10000"	"200"	"8288036595561247705"	75000	"intercept"	0.605873475
"0.25"	"0.0"	"0.75"	"0.01"	"0.005"	"0.01"	"100000"	"10000"	"200"	"8288036595561247705"	80000	"slope"	-0.09278354945
"0.25"	"0.0"	"0.75"	"0.01"	"0.005"	"0.01"	"100000"	"10000"	"200"	"8288036595561247705"	80000	"intercept"	0.63444472
"0.25"	"0.0"	"0.75"	"0.01"	"0.005"	"0.01"	"100000"	"10000"	"200"	"8288036595561247705"	85000	"slope"	-0.117242154
"0.25"	"0.0"	"0.75"	"0.01"	"0.005"	"0.01"	"100000"	"10000"	"200"	"8288036595561247705"	85000	"intercept"	0.656801025
"0.25"	"0.0"	"0.75"	"0.01"	"0.005"	"0.01"	"100000"	"10000"	"200"	"8288036595561247705"	90000	"slope"	-0.096100817545
"0.25"	"0.0"	"0.75"	"0.01"	"0.005"	"0.01"	"100000"	"10000"	"200"	"8288036595561247705"	90000	"intercept"	0.6393683
"0.25"	"0.0"	"0.75"	"0.01"	"0.005"	"0.01"	"100000"	"10000"	"200"	"8288036595561247705"	95000	"slope"	-0.056553985
"0.25"	"0.0"	"0.75"	"0.01"	"0.005"	"0.01"	"100000"	"10000"	"200"	"8288036595561247705"	95000	"intercept"	0.612287285
"0.25"	"0.0"	"0.75"	"0.01"	"0.005"	"0.01"	"100000"	"10000"	"200"	"8288036595561247705"	100000	"slope"	-0.01807731555
"0.25"	"0.0"	"0.75"	"0.01"	"0.005"	"0.01"	"100000"	"10000"	"200"	"8288036595561247705"	100000	"intercept"	0.58137235
"0.25"	"0.0"	"0.75"	"0.01"	"0.005"	"0.01"	"100000"	"10000"	"200"	"8636827207177314515"	10	"slope"	-3.4686675e-05
"0.25"	"0.0"	"0.75"	"0.01"	"0.005"	"0.01"	"100000"	"10000"	"200"	"8636827207177314515"	10	"intercept"	0.499974925
"0.25"	"0.0"	"0.75"	"0.01"	"0.005"	"0.01"	"100000"	"10000"	"200"	"8636827207177314515"	5000	"slope"	0.01092577815
"0.25"	"0.0"	"0.75"	"0.01"	"0.005"	"0.01"	"100000"	"10000"	"200"	"8636827207177314515"	5000	"intercept"	0.5699092
"0.25"	"0.0"	"0.75"	"0.01"	"0.005"	"0.01"	"100000"	"10000"	"200"	"8636827207177314515"	10000	"slope"	0.00707783687
"0.25"	"0.0"	"0.75"	"0.01"	"0.005"	"0.01"	"100000"	"10000"	"200"	"8636827207177314515"	10000	"intercept"	0.563946775
"0.25"	"0.0"	"0.75"	"0.01"	"0.005"	"0.01"	"100000"	"10000"	"200"	"8636827207177314515"	15000	"slope"	0.014632434735
"0.25"	"0.0"	"0.75"	"0.01"	"0.005"	"0.01"	"100000"	"10000"	"200"	"8636827207177314515"	15000	"intercept"	0.55661017
"0.25"	"0.0"	"0.75"	"0.01"	"0.005"	"0.01"	"100000"	"10000"	"200"	"8636827207177314515"	20000	"slope"	0.00382735316
"0.25"	"0.0"	"0.75"	"0.01"	"0.005"	"0.01"	"100000"	"10000"	"200"	"8636827207177314515"	20000	"intercept"	0.57371276
"0.25"	"0.0"	"0.75"	"0.01"	"0.005"	"0.01"	"100000"	"10000"	"200"	"8636827207177314515"	25000	"slope"	-0.006395076985
"0.25"	"0.0"	"0.75"	"0.01"	"0.005"	"0.01"	"100000"	"10000"	"200"	"8636827207177314515"	25000	"intercept"	0.57982226
"0.25"	"0.0"	"0.75"	"0.01"	"0.005"	"0.01"	"100000"	"10000"	"200"	"8636827207177314515"	30000	"slope"	-0.06333439674
"0.25"	"0.0"	"0.75"	"0.01"	"0.005"	"0.01"	"100000"	"10000"	"200"	"8636827207177314515"	30000	"intercept"	0.609154885
"0.25"	"0.0"	"0.75"	"0.01"	"0.005"	"0.01"	"100000"	"10000"	"200"	"8636827207177314515"	35000	"slope"	-0.05345164297
"0.25"	"0.0"	"0.75"	"0.01"	"0.005"	"0.01"	"100000"	"10000"	"200"	"8636827207177314515"	35000	"intercept"	0.61518973
"0.25"	"0.0"	"0.75"	"0.01"	"0.005"	"0.01"	"100000"	"10000"	"200"	"8636827207177314515"	40000	"slope"	-0.05548889835
"0.25"	"0.0"	"0.75"	"0.01"	"0.005"	"0.01"	"100000"	"10000"	"200"	"8636827207177314515"	40000	"intercept"	0.61090271
"0.25"	"0.0"	"0.75"	"0.01"	"0.005"	"0.01"	"100000"	"10000"	"200"	"8636827207177314515"	45000	"slope"	-0.05353379604
"0.25"	"0.0"	"0.75"	"0.01"	"0.005"	"0.01"	"100000"	"10000"	"200"	"8636827207177314515"	45000	"intercept"	0.606643875
"0.25"	"0.0"	"0.75"	"0.01"	"0.005"	"0.01"	"100000"	"10000"	"200"	"8636827207177314515"	50000	"slope"	-0.09741706632
"0.25"	"0.0"	"0.75"	"0.01"	"0.005"	"0.01"	"100000"	"10000"	"200"	"8636827207177314515"	50000	"intercept"	0.63263284
"0.25"	"0.0"	"0.75"	"0.01"	"0.005"	"0.01"	"100000"	"10000"	"200"	"8636827207177314515"	55000	"slope"	-0.1005514603
"0.25"	"0.0"	"0.75"	"0.01"	"0.005"	"0.01"	"100000"	"10000"	"200"	"8636827207177314515"	55000	"intercept"	0.63594859
"0.25"	"0.0"	"0.75"	"0.01"	"0.005"	"0.01"	"100000"	"10000"	"200"	"8636827207177314515"	60000	"slope"	-0.0694436872
"0.25"	"0.0"	"0.75"	"0.01"	"0.005"	"0.01"	"100000"	"10000"	"200"	"8636827207177314515"	60000	"intercept"	0.624649915
"0.25"	"0.0"	"0.75"	"0.01"	"0.005"	"0.01"	"100000"	"10000"	"200"	"8636827207177314515"	65000	"slope"	-0.03386970061
"0.25"	"0.0"	"0.75"	"0.01"	"0.005"	"0.01"	"100000"	"10000"	"200"	"8636827207177314515"	65000	"intercept"	0.59161935
"0.25"	"0.0"	"0.75"	"0.01"	"0.005"	"0.01"	"100000"	"10000"	"200"	"8636827207177314515"	70000	"slope"	-0.00683316064
"0.25"	"0.0"	"0.75"	"0.01"	"0.005"	"0.01"	"100000"	"10000"	"200"	"8636827207177314515"	70000	"intercept"	0.578508895
"0.25"	"0.0"	"0.75"	"0.01"	"0.005"	"0.01"	"100000"	"10000"	"200"	"8636827207177314515"	75000	"slope"	-0.03877183316
"0.25"	"0.0"	"0.75"	"0.01"	"0.005"	"0.01"	"100000"	"10000"	"200"	"8636827207177314515"	75000	"intercept"	0.595523005
"0.25"	"0.0"	"0.75"	"0.01"	"0.005"	"0.01"	"100000"	"10000"	"200"	"8636827207177314515"	80000	"slope"	-0.052803596235
"0.25"	"0.0"	"0.75"	"0.01"	"0.005"	"0.01"	"100000"	"10000"	"200"	"8636827207177314515"	80000	"intercept"	0.6111198
"0.25"	"0.0"	"0.75"	"0.01"	"0.005"	"0.01"	"100000"	"10000"	"200"	"8636827207177314515"	85000	"slope"	-0.064589772655
"0.25"	"0.0"	"0.75"	"0.01"	"0.005"	"0.01"	"100000"	"10000"	"200"	"8636827207177314515"	85000	"intercept"	0.606493715
"0.25"	"0.0"	"0.75"	"0.01"	"0.005"	"0.01"	"100000"	"10000"	"200"	"8636827207177314515"	90000	"slope"	-0.083884096
"0.25"	"0.0"	"0.75"	"0.01"	"0.005"	"0.01"	"100000"	"10000"	"200"	"8636827207177314515"	90000	"intercept"	0.624710375
"0.25"	"0.0"	"0.75"	"0.01"	"0.005"	"0.01"	"100000"	"10000"	"200"	"8636827207177314515"	95000	"slope"	-0.07416796013
"0.25"	"0.0"	"0.75"	"0.01"	"0.005"	"0.01"	"100000"	"10000"	"200"	"8636827207177314515"	95000	"intercept"	0.61473697
"0.25"	"0.0"	"0.75"	"0.01"	"0.005"	"0.01"	"100000"	"10000"	"200"	"8636827207177314515"	100000	"slope"	-0.07406449615
"0.25"	"0.0"	"0.75"	"0.01"	"0.005"	"0.01"	"100000"	"10000"	"200"	"8636827207177314515"	100000	"intercept"	0.631216065
"0.25"	"0.4"	"0.75"	"0.01"	"0.005"	"0.01"	"100000"	"10000"	"200"	"4771226024716046972"	10	"slope"	-5.5689295e-05
"0.25"	"0.4"	"0.75"	"0.01"	"0.005"	"0.01"	"100000"	"10000"	"200"	"4771226024716046972"	10	"intercept"	0.500222505
"0.25"	"0.4"	"0.75"	"0.01"	"0.005"	"0.01"	"100000"	"10000"	"200"	"4771226024716046972"	5000	"slope"	0.01542301013
"0.25"	"0.4"	"0.75"	"0.01"	"0.005"	"0.01"	"100000"	"10000"	"200"	"4771226024716046972"	5000	"intercept"	0.548021575
"0.25"	"0.4"	"0.75"	"0.01"	"0.005"	"0.01"	"100000"	"10000"	"200"	"4771226024716046972"	10000	"slope"	-0.0109229457155
"0.25"	"0.4"	"0.75"	"0.01"	"0.005"	"0.01"	"100000"	"10000"	"200"	"4771226024716046972"	10000	"intercept"	0.5760731
"0.25"	"0.4"	"0.75"	"0.01"	"0.005"	"0.01"	"100000"	"10000"	"200"	"4771226024716046972"	15000	"slope"	-0.019246479687
"0.25"	"0.4"	"0.75"	"0.01"	"0.005"	"0.01"	"100000"	"10000"	"200"	"4771226024716046972"	15000	"intercept"	0.578610135
"0.25"	"0.4"	"0.75"	"0.01"	"0.005"	"0.01"	"100000"	"10000"	"200"	"4771226024716046972"	20000	"slope"	-0.041906274755
"0.25"	"0.4"	"0.75"	"0.01"	"0.005"	"0.01"	"100000"	"10000"	"200"	"4771226024716046972"	20000	"intercept"	0.599740055
"0.25"	"0.4"	"0.75"	"0.01"	"0.005"	"0.01"	"100000"	"10000"	"200"	"4771226024716046972"	25000	"slope"	-0.0816800195
"0.25"	"0.4"	"0.75"	"0.01"	"0.005"	"0.01"	"100000"	"10000"	"200"	"4771226024716046972"	25000	"intercept"	0.62418
"0.25"	"0.4"	"0.75"	"0.01"	"0.005"	"0.01"	"100000"	"10000"	"200"	"4771226024716046972"	30000	"slope"	-0.089474731
"0.25"	"0.4"	"0.75"	"0.01"	"0.005"	"0.01"	"100000"	"10000"	"200"	"4771226024716046972"	30000	"intercept"	0.62603934
"0.25"	"0.4"	"0.75"	"0.01"	"0.005"	"0.01"	"100000"	"10000"	"200"	"4771226024716046972"	35000	"slope"	-0.09788785131
"0.25"	"0.4"	"0.75"	"0.01"	"0.005"	"0.01"	"100000"	"10000"	"200"	"4771226024716046972"	35000	"intercept"	0.634837355
"0.25"	"0.4"	"0.75"	"0.01"	"0.005"	"0.01"	"100000"	"10000"	"200"	"4771226024716046972"	40000	"slope"	-0.129427613
"0.25"	"0.4"	"0.75"	"0.01"	"0.005"	"0.01"	"100000"	"10000"	"200"	"4771226024716046972"	40000	"intercept"	0.650458825
"0.25"	"0.4"	"0.75"	"0.01"	"0.005"	"0.01"	"100000"	"10000"	"200"	"4771226024716046972"	45000	"slope"	-0.168747334
"0.25"	"0.4"	"0.75"	"0.01"	"0.005"	"0.01"	"100000"	"10000"	"200"	"4771226024716046972"	45000	"intercept"	0.685841805
"0.25"	"0.4"	"0.75"	"0.01"	"0.005"	"0.01"	"100000"	"10000"	"200"	"4771226024716046972"	50000	"slope"	-0.1471735745
"0.25"	"0.4"	"0.75"	"0.01"	"0.005"	"0.01"	"100000"	"10000"	"200"	"4771226024716046972"	50000	"intercept"	0.66978228
"0.25"	"0.4"	"0.75"	"0.01"	"0.005"	"0.01"	"100000"	"10000"	"200"	"4771226024716046972"	55000	"slope"	-0.174252345
"0.25"	"0.4"	"0.75"	"0.01"	"0.005"	"0.01"	"100000"	"10000"	"200"	"4771226024716046972"	55000	"intercept"	0.678851475
"0.25"	"0.4"	"0.75"	"0.01"	"0.005"	"0.01"	"100000"	"10000"	"200"	"4771226024716046972"	60000	"slope"	-0.19908445
"0.25"	"0.4"	"0.75"	"0.01"	"0.005"	"0.01"	"100000"	"10000"	"200"	"4771226024716046972"	60000	"intercept"	0.6931447
"0.25"	"0.4"	"0.75"	"0.01"	"0.005"	"0.01"	"100000"	"10000"	"200"	"4771226024716046972"	65000	"slope"	-0.1966303605
"0.25"	"0.4"	"0.75"	"0.01"	"0.005"	"0.01"	"100000"	"10000"	"200"	"4771226024716046972"	65000	"intercept"	0.701159065
"0.25"	"0.4"	"0.75"	"0.01"	"0.005"	"0.01"	"100000"	"10000"	"200"	"4771226024716046972"	70000	"slope"	-0.1788100435
"0.25"	"0.4"	"0.75"	"0.01"	"0.005"	"0.01"	"100000"	"10000"	"200"	"4771226024716046972"	70000	"intercept"	0.687275115
"0.25"	"0.4"	"0.75"	"0.01"	"0.005"	"0.01"	"100000"	"10000"	"200"	"4771226024716046972"	75000	"slope"	-0.1961559455
"0.25"	"0.4"	"0.75"	"0.01"	"0.005"	"0.01"	"100000"	"10000"	"200"	"4771226024716046972"	75000	"intercept"	0.692134855
"0.25"	"0.4"	"0.75"	"0.01"	"0.005"	"0.01"	"100000"	"10000"	"200"	"4771226024716046972"	80000	"slope"	-0.2406526815
"0.25"	"0.4"	"0.75"	"0.01"	"0.005"	"0.01"	"100000"	"10000"	"200"	"4771226024716046972"	80000	"intercept"	0.715755585
"0.25"	"0.4"	"0.75"	"0.01"	"0.005"	"0.01"	"100000"	"10000"	"200"	"4771226024716046972"	85000	"slope"	-0.17995709
"0.25"	"0.4"	"0.75"	"0.01"	"0.005"	"0.01"	"100000"	"10000"	"200"	"4771226024716046972"	85000	"intercept"	0.683852415
"0.25"	"0.4"	"0.75"	"0.01"	"0.005"	"0.01"	"100000"	"10000"	"200"	"4771226024716046972"	90000	"slope"	-0.214314132
"0.25"	"0.4"	"0.75"	"0.01"	"0.005"	"0.01"	"100000"	"10000"	"200"	"4771226024716046972"	90000	"intercept"	0.705571155
"0.25"	"0.4"	"0.75"	"0.01"	"0.005"	"0.01"	"100000"	"10000"	"200"	"4771226024716046972"	95000	"slope"	-0.1733781045
"0.25"	"0.4"	"0.75"	"0.01"	"0.005"	"0.01"	"100000"	"10000"	"200"	"4771226024716046972"	95000	"intercept"	0.67734312
"0.25"	"0.4"	"0.75"	"0.01"	"0.005"	"0.01"	"100000"	"10000"	"200"	"4771226024716046972"	100000	"slope"	-0.14401402915
"0.25"	"0.4"	"0.75"	"0.01"	"0.005"	"0.01"	"100000"	"10000"	"200"	"4771226024716046972"	100000	"intercept"	0.662886705
"0.25"	"0.4"	"0.75"	"0.01"	"0.005"	"0.01"	"100000"	"10000"	"200"	"5237486085834000793"	10	"slope"	-8.1040463e-05
"0.25"	"0.4"	"0.75"	"0.01"	"0.005"	"0.01"	"100000"	"10000"	"200"	"5237486085834000793"	10	"intercept"	0.49991356
"0.25"	"0.4"	"0.75"	"0.01"	"0.005"	"0.01"	"100000"	"10000"	"200"	"5237486085834000793"	5000	"slope"	-0.025482577445
"0.25"	"0.4"	"0.75"	"0.01"	"0.005"	"0.01"	"100000"	"10000"	"200"	"5237486085834000793"	5000	"intercept"	0.580710025
"0.25"	"0.4"	"0.75"	"0.01"	"0.005"	"0.01"	"100000"	"10000"	"200"	"5237486085834000793"	10000	"slope"	-0.03816133574
"0.25"	"0.4"	"0.75"	"0.01"	"0.005"	"0.01"	"100000"	"10000"	"200"	"5237486085834000793"	10000	"intercept"	0.59313829
"0.25"	"0.4"	"0.75"	"0.01"	"0.005"	"0.01"	"100000"	"10000"	"200"	"5237486085834000793"	15000	"slope"	-0.07859055965
"0.25"	"0.4"	"0.75"	"0.01"	"0.005"	"0.01"	"100000"	"10000"	"200"	"5237486085834000793"	15000	"intercept"	0.61714446
"0.25"	"0.4"	"0.75"	"0.01"	"0.005"	"0.01"	"100000"	"10000"	"200"	"5237486085834000793"	20000	"slope"	-0.1199173045
"0.25"	"0.4"	"0.75"	"0.01"	"0.005"	"0.01"	"100000"	"10000"	"200"	"5237486085834000793"	20000	"intercept"	0.647037695
"0.25"	"0.4"	"0.75"	"0.01"	"0.005"	"0.01"	"100000"	"10000"	"200"	"5237486085834000793"	25000	"slope"	-0.116989242
"0.25"	"0.4"	"0.75"	"0.01"	"0.005"	"0.01"	"100000"	"10000"	"200"	"5237486085834000793"	25000	"intercept"	0.647062225
"0.25"	"0.4"	"0.75"	"0.01"	"0.005"	"0.01"	"100000"	"10000"	"200"	"5237486085834000793"	30000	"slope"	-0.15208392
"0.25"	"0.4"	"0.75"	"0.01"	"0.005"	"0.01"	"100000"	"10000"	"200"	"5237486085834000793"	30000	"intercept"	0.665229645
"0.25"	"0.4"	"0.75"	"0.01"	"0.005"	"0.01"	"100000"	"10000"	"200"	"5237486085834000793"	35000	"slope"	-0.205817725
"0.25"	"0.4"	"0.75"	"0.01"	"0.005"	"0.01"	"100000"	"10000"	"200"	"5237486085834000793"	35000	"intercept"	0.696011155
"0.25"	"0.4"	"0.75"	"0.01"	"0.005"	"0.01"	"100000"	"10000"	"200"	"5237486085834000793"	40000	"slope"	-0.21966859
"0.25"	"0.4"	"0.75"	"0.01"	"0.005"	"0.01"	"100000"	"10000"	"200"	"5237486085834000793"	40000	"intercept"	0.716234745
"0.25"	"0.4"	"0.75"	"0.01"	"0.005"	"0.01"	"100000"	"10000"	"200"	"5237486085834000793"	45000	"slope"	-0.24927485
"0.25"	"0.4"	"0.75"	"0.01"	"0.005"	"0.01"	"100000"	"10000"	"200"	"5237486085834000793"	45000	"intercept"	0.736335545
"0.25"	"0.4"	"0.75"	"0.01"	"0.005"	"0.01"	"100000"	"10000"	"200"	"5237486085834000793"	50000	"slope"	-0.241008585
"0.25"	"0.4"	"0.75"	"0.01"	"0.005"	"0.01"	"100000"	"10000"	"200"	"5237486085834000793"	50000	"intercept"	0.722321665
"0.25"	"0.4"	"0.75"	"0.01"	"0.005"	"0.01"	"100000"	"10000"	"200"	"5237486085834000793"	55000	"slope"	-0.19447317
"0.25"	"0.4"	"0.75"	"0.01"	"0.005"	"0.01"	"100000"	"10000"	"200"	"5237486085834000793"	55000	"intercept"	0.701650445
"0.25"	"0.4"	"0.75"	"0.01"	"0.005"	"0.01"	"100000"	"10000"	"200"	"5237486085834000793"	60000	"slope"	-0.19428455
"0.25"	"0.4"	"0.75"	"0.01"	"0.005"	"0.01"	"100000"	"10000"	"200"	"5237486085834000793"	60000	"intercept"	0.689084665
"0.25"	"0.4"	"0.75"	"0.01"	"0.005"	"0.01"	"100000"	"10000"	"200"	"5237486085834000793"	65000	"slope"	-0.1567097195
"0.25"	"0.4"	"0.75"	"0.01"	"0.005"	"0.01"	"100000"	"10000"	"200"	"5237486085834000793"	65000	"intercept"	0.678443445
"0.25"	"0.4"	"0.75"	"0.01"	"0.005"	"0.01"	"100000"	"10000"	"200"	"5237486085834000793"	70000	"slope"	-0.171518875
"0.25"	"0.4"	"0.75"	"0.01"	"0.005"	"0.01"	"100000"	"10000"	"200"	"5237486085834000793"	70000	"intercept"	0.684638305
"0.25"	"0.4"	"0.75"	"0.01"	"0.005"	"0.01"	"100000"	"10000"	"200"	"5237486085834000793"	75000	"slope"	-0.1567173335
"0.25"	"0.4"	"0.75"	"0.01"	"0.005"	"0.01"	"100000"	"10000"	"200"	"5237486085834000793"	75000	"intercept"	0.66977465
"0.25"	"0.4"	"0.75"	"0.01"	"0.005"	"0.01"	"100000"	"10000"	"200"	"5237486085834000793"	80000	"slope"	-0.159210444
"0.25"	"0.4"	"0.75"	"0.01"	"0.005"	"0.01"	"100000"	"10000"	"200"	"5237486085834000793"	80000	"intercept"	0.66604344
"0.25"	"0.4"	"0.75"	"0.01"	"0.005"	"0.01"	"100000"	"10000"	"200"	"5237486085834000793"	85000	"slope"	-0.2014819
"0.25"	"0.4"	"0.75"	"0.01"	"0.005"	"0.01"	"100000"	"10000"	"200"	"5237486085834000793"	85000	"intercept"	0.69412836
"0.25"	"0.4"	"0.75"	"0.01"	"0.005"	"0.01"	"100000"	"10000"	"200"	"5237486085834000793"	90000	"slope"	-0.1680763165
"0.25"	"0.4"	"0.75"	"0.01"	"0.005"	"0.01"	"100000"	"10000"	"200"	"5237486085834000793"	90000	"intercept"	0.676377825
"0.25"	"0.4"	"0.75"	"0.01"	"0.005"	"0.01"	"100000"	"10000"	"200"	"5237486085834000793"	95000	"slope"	-0.157655685
"0.25"	"0.4"	"0.75"	"0.01"	"0.005"	"0.01"	"100000"	"10000"	"200"	"5237486085834000793"	95000	"intercept"	0.66132809
"0.25"	"0.4"	"0.75"	"0.01"	"0.005"	"0.01"	"100000"	"10000"	"200"	"5237486085834000793"	100000	"slope"	-0.160315649
"0.25"	"0.4"	"0.75"	"0.01"	"0.005"	"0.01"	"100000"	"10000"	"200"	"5237486085834000793"	100000	"intercept"	0.67654612
"0.25"	"0.4"	"0.75"	"0.01"	"0.005"	"0.01"	"100000"	"10000"	"200"	"7326966098208705756"	10	"slope"	0.0001481923435
"0.25"	"0.4"	"0.75"	"0.01"	"0.005"	"0.01"	"100000"	"10000"	"200"	"7326966098208705756"	10	"intercept"	0.499988675
"0.25"	"0.4"	"0.75"	"0.01"	"0.005"	"0.01"	"100000"	"10000"	"200"	"7326966098208705756"	5000	"slope"	-0.0067571278725
"0.25"	"0.4"	"0.75"	"0.01"	"0.005"	"0.01"	"100000"	"10000"	"200"	"7326966098208705756"	5000	"intercept"	0.5767022
"0.25"	"0.4"	"0.75"	"0.01"	"0.005"	"0.01"	"100000"	"10000"	"200"	"7326966098208705756"	10000	"slope"	-0.093867872
"0.25"	"0.4"	"0.75"	"0.01"	"0.005"	"0.01"	"100000"	"10000"	"200"	"7326966098208705756"	10000	"intercept"	0.633587265
"0.25"	"0.4"	"0.75"	"0.01"	"0.005"	"0.01"	"100000"	"10000"	"200"	"7326966098208705756"	15000	"slope"	-0.1125305945
"0.25"	"0.4"	"0.75"	"0.01"	"0.005"	"0.01"	"100000"	"10000"	"200"	"7326966098208705756"	15000	"intercept"	0.637059
"0.25"	"0.4"	"0.75"	"0.01"	"0.005"	"0.01"	"100000"	"10000"	"200"	"7326966098208705756"	20000	"slope"	-0.1309666175
"0.25"	"0.4"	"0.75"	"0.01"	"0.005"	"0.01"	"100000"	"10000"	"200"	"7326966098208705756"	20000	"intercept"	0.650297535
"0.25"	"0.4"	"0.75"	"0.01"	"0.005"	"0.01"	"100000"	"10000"	"200"	"7326966098208705756"	25000	"slope"	-0.1605930055
"0.25"	"0.4"	"0.75"	"0.01"	"0.005"	"0.01"	"100000"	"10000"	"200"	"7326966098208705756"	25000	"intercept"	0.67400801
"0.25"	"0.4"	"0.75"	"0.01"	"0.005"	"0.01"	"100000"	"10000"	"200"	"7326966098208705756"	30000	"slope"	-0.1572568205
"0.25"	"0.4"	"0.75"	"0.01"	"0.005"	"0.01"	"100000"	"10000"	"200"	"7326966098208705756"	30000	"intercept"	0.672801655
"0.25"	"0.4"	"0.75"	"0.01"	"0.005"	"0.01"	"100000"	"10000"	"200"	"7326966098208705756"	35000	"slope"	-0.21058232
"0.25"	"0.4"	"0.75"	"0.01"	"0.005"	"0.01"	"100000"	"10000"	"200"	"7326966098208705756"	35000	"intercept"	0.705878285
"0.25"	"0.4"	"0.75"	"0.01"	"0.005"	"0.01"	"100000"	"10000"	"200"	"7326966098208705756"	40000	"slope"	-0.204218975
"0.25"	"0.4"	"0.75"	"0.01"	"0.005"	"0.01"	"100000"	"10000"	"200"	"7326966098208705756"	40000	"intercept"	0.707954275
"0.25"	"0.4"	"0.75"	"0.01"	"0.005"	"0.01"	"100000"	"10000"	"200"	"7326966098208705756"	45000	"slope"	-0.23573475
"0.25"	"0.4"	"0.75"	"0.01"	"0.005"	"0.01"	"100000"	"10000"	"200"	"7326966098208705756"	45000	"intercept"	0.72162228
"0.25"	"0.4"	"0.75"	"0.01"	"0.005"	"0.01"	"100000"	"10000"	"200"	"7326966098208705756"	50000	"slope"	-0.1868452395
"0.25"	"0.4"	"0.75"	"0.01"	"0.005"	"0.01"	"100000"	"10000"	"200"	"7326966098208705756"	50000	"intercept"	0.690721525
"0.25"	"0.4"	"0.75"	"0.01"	"0.005"	"0.01"	"100000"	"10000"	"200"	"7326966098208705756"	55000	"slope"	-0.1573231135
"0.25"	"0.4"	"0.75"	"0.01"	"0.005"	"0.01"	"100000"	"10000"	"200"	"7326966098208705756"	55000	"intercept"	0.679162345
"0.25"	"0.4"	"0.75"	"0.01"	"0.005"	"0.01"	"100000"	"10000"	"200"	"7326966098208705756"	60000	"slope"	-0.172419947
"0.25"	"0.4"	"0.75"	"0.01"	"0.005"	"0.01"	"100000"	"10000"	"200"	"7326966098208705756"	60000	"intercept"	0.68356201
"0.25"	"0.4"	"0.75"	"0.01"	"0.005"	"0.01"	"100000"	"10000"	"200"	"7326966098208705756"	65000	"slope"	-0.1167682098545
"0.25"	"0.4"	"0.75"	"0.01"	"0.005"	"0.01"	"100000"	"10000"	"200"	"7326966098208705756"	65000	"intercept"	0.64555724
"0.25"	"0.4"	"0.75"	"0.01"	"0.005"	"0.01"	"100000"	"10000"	"200"	"7326966098208705756"	70000	"slope"	-0.1131542031
"0.25"	"0.4"	"0.75"	"0.01"	"0.005"	"0.01"	"100000"	"10000"	"200"	"7326966098208705756"	70000	"intercept"	0.63839595
"0.25"	"0.4"	"0.75"	"0.01"	"0.005"	"0.01"	"100000"	"10000"	"200"	"7326966098208705756"	75000	"slope"	-0.144364432
"0.25"	"0.4"	"0.75"	"0.01"	"0.005"	"0.01"	"100000"	"10000"	"200"	"7326966098208705756"	75000	"intercept"	0.660612215
"0.25"	"0.4"	"0.75"	"0.01"	"0.005"	"0.01"	"100000"	"10000"	"200"	"7326966098208705756"	80000	"slope"	-0.1534034555
"0.25"	"0.4"	"0.75"	"0.01"	"0.005"	"0.01"	"100000"	"10000"	"200"	"7326966098208705756"	80000	"intercept"	0.664708595
"0.25"	"0.4"	"0.75"	"0.01"	"0.005"	"0.01"	"100000"	"10000"	"200"	"7326966098208705756"	85000	"slope"	-0.26309393
"0.25"	"0.4"	"0.75"	"0.01"	"0.005"	"0.01"	"100000"	"10000"	"200"	"7326966098208705756"	85000	"intercept"	0.74843558
"0.25"	"0.4"	"0.75"	"0.01"	"0.005"	"0.01"	"100000"	"10000"	"200"	"7326966098208705756"	90000	"slope"	-0.2558732
"0.25"	"0.4"	"0.75"	"0.01"	"0.005"	"0.01"	"100000"	"10000"	"200"	"7326966098208705756"	90000	"intercept"	0.744312855
"0.25"	"0.4"	"0.75"	"0.01"	"0.005"	"0.01"	"100000"	"10000"	"200"	"7326966098208705756"	95000	"slope"	-0.209520425
"0.25"	"0.4"	"0.75"	"0.01"	"0.005"	"0.01"	"100000"	"10000"	"200"	"7326966098208705756"	95000	"intercept"	0.70955087
"0.25"	"0.4"	"0.75"	"0.01"	"0.005"	"0.01"	"100000"	"10000"	"200"	"7326966098208705756"	100000	"slope"	-0.151192036
"0.25"	"0.4"	"0.75"	"0.01"	"0.005"	"0.01"	"100000"	"10000"	"200"	"7326966098208705756"	100000	"intercept"	0.666084465
"0.25"	"0.6"	"0.75"	"0.01"	"0.005"	"0.01"	"100000"	"10000"	"200"	"2783853278667185952"	10	"slope"	-0.00019021952
"0.25"	"0.6"	"0.75"	"0.01"	"0.005"	"0.01"	"100000"	"10000"	"200"	"2783853278667185952"	10	"intercept"	0.499875825
"0.25"	"0.6"	"0.75"	"0.01"	"0.005"	"0.01"	"100000"	"10000"	"200"	"2783853278667185952"	5000	"slope"	-0.0008118824483
"0.25"	"0.6"	"0.75"	"0.01"	"0.005"	"0.01"	"100000"	"10000"	"200"	"2783853278667185952"	5000	"intercept"	0.559406605
"0.25"	"0.6"	"0.75"	"0.01"	"0.005"	"0.01"	"100000"	"10000"	"200"	"2783853278667185952"	10000	"slope"	-0.055927831191
"0.25"	"0.6"	"0.75"	"0.01"	"0.005"	"0.01"	"100000"	"10000"	"200"	"2783853278667185952"	10000	"intercept"	0.59668977
"0.25"	"0.6"	"0.75"	"0.01"	"0.005"	"0.01"	"100000"	"10000"	"200"	"2783853278667185952"	15000	"slope"	-0.08128283882
"0.25"	"0.6"	"0.75"	"0.01"	"0.005"	"0.01"	"100000"	"10000"	"200"	"2783853278667185952"	15000	"intercept"	0.61745501
"0.25"	"0.6"	"0.75"	"0.01"	"0.005"	"0.01"	"100000"	"10000"	"200"	"2783853278667185952"	20000	"slope"	-0.1273071822
"0.25"	"0.6"	"0.75"	"0.01"	"0.005"	"0.01"	"100000"	"10000"	"200"	"2783853278667185952"	20000	"intercept"	0.65169259
"0.25"	"0.6"	"0.75"	"0.01"	"0.005"	"0.01"	"100000"	"10000"	"200"	"2783853278667185952"	25000	"slope"	-0.14772618025
"0.25"	"0.6"	"0.75"	"0.01"	"0.005"	"0.01"	"100000"	"10000"	"200"	"2783853278667185952"	25000	"intercept"	0.663866655
"0.25"	"0.6"	"0.75"	"0.01"	"0.005"	"0.01"	"100000"	"10000"	"200"	"2783853278667185952"	30000	"slope"	-0.173192084
"0.25"	"0.6"	"0.75"	"0.01"	"0.005"	"0.01"	"100000"	"10000"	"200"	"2783853278667185952"	30000	"intercept"	0.68329136
"0.25"	"0.6"	"0.75"	"0.01"	"0.005"	"0.01"	"100000"	"10000"	"200"	"2783853278667185952"	35000	"slope"	-0.26573943
"0.25"	"0.6"	"0.75"	"0.01"	"0.005"	"0.01"	"100000"	"10000"	"200"	"2783853278667185952"	35000	"intercept"	0.734532075
"0.25"	"0.6"	"0.75"	"0.01"	"0.005"	"0.01"	"100000"	"10000"	"200"	"2783853278667185952"	40000	"slope"	-0.3199066545
"0.25"	"0.6"	"0.75"	"0.01"	"0.005"	"0.01"	"100000"	"10000"	"200"	"2783853278667185952"	40000	"intercept"	0.764587435
"0.25"	"0.6"	"0.75"	"0.01"	"0.005"	"0.01"	"100000"	"10000"	"200"	"2783853278667185952"	45000	"slope"	-0.3250105235
"0.25"	"0.6"	"0.75"	"0.01"	"0.005"	"0.01"	"100000"	"10000"	"200"	"2783853278667185952"	45000	"intercept"	0.78516153
"0.25"	"0.6"	"0.75"	"0.01"	"0.005"	"0.01"	"100000"	"10000"	"200"	"2783853278667185952"	50000	"slope"	-0.37727928
"0.25"	"0.6"	"0.75"	"0.01"	"0.005"	"0.01"	"100000"	"10000"	"200"	"2783853278667185952"	50000	"intercept"	0.811215345
"0.25"	"0.6"	"0.75"	"0.01"	"0.005"	"0.01"	"100000"	"10000"	"200"	"2783853278667185952"	55000	"slope"	-0.42793665
"0.25"	"0.6"	"0.75"	"0.01"	"0.005"	"0.01"	"100000"	"10000"	"200"	"2783853278667185952"	55000	"intercept"	0.85181598
"0.25"	"0.6"	"0.75"	"0.01"	"0.005"	"0.01"	"100000"	"10000"	"200"	"2783853278667185952"	60000	"slope"	-0.41872444
"0.25"	"0.6"	"0.75"	"0.01"	"0.005"	"0.01"	"100000"	"10000"	"200"	"2783853278667185952"	60000	"intercept"	0.82797441
"0.25"	"0.6"	"0.75"	"0.01"	"0.005"	"0.01"	"100000"	"10000"	"200"	"2783853278667185952"	65000	"slope"	-0.4890896
"0.25"	"0.6"	"0.75"	"0.01"	"0.005"	"0.01"	"100000"	"10000"	"200"	"2783853278667185952"	65000	"intercept"	0.88265116
"0.25"	"0.6"	"0.75"	"0.01"	"0.005"	"0.01"	"100000"	"10000"	"200"	"2783853278667185952"	70000	"slope"	-0.529110355
"0.25"	"0.6"	"0.75"	"0.01"	"0.005"	"0.01"	"100000"	"10000"	"200"	"2783853278667185952"	70000	"intercept"	0.905429555
"0.25"	"0.6"	"0.75"	"0.01"	"0.005"	"0.01"	"100000"	"10000"	"200"	"2783853278667185952"	75000	"slope"	-0.46447658
"0.25"	"0.6"	"0.75"	"0.01"	"0.005"	"0.01"	"100000"	"10000"	"200"	"2783853278667185952"	75000	"intercept"	0.871626855
"0.25"	"0.6"	"0.75"	"0.01"	"0.005"	"0.01"	"100000"	"10000"	"200"	"2783853278667185952"	80000	"slope"	-0.496969675
"0.25"	"0.6"	"0.75"	"0.01"	"0.005"	"0.01"	"100000"	"10000"	"200"	"2783853278667185952"	80000	"intercept"	0.8854893
"0.25"	"0.6"	"0.75"	"0.01"	"0.005"	"0.01"	"100000"	"10000"	"200"	"2783853278667185952"	85000	"slope"	-0.56756913
"0.25"	"0.6"	"0.75"	"0.01"	"0.005"	"0.01"	"100000"	"10000"	"200"	"2783853278667185952"	85000	"intercept"	0.938491295
"0.25"	"0.6"	"0.75"	"0.01"	"0.005"	"0.01"	"100000"	"10000"	"200"	"2783853278667185952"	90000	"slope"	-0.579390575
"0.25"	"0.6"	"0.75"	"0.01"	"0.005"	"0.01"	"100000"	"10000"	"200"	"2783853278667185952"	90000	"intercept"	0.939595965
"0.25"	"0.6"	"0.75"	"0.01"	"0.005"	"0.01"	"100000"	"10000"	"200"	"2783853278667185952"	95000	"slope"	-0.53023457
"0.25"	"0.6"	"0.75"	"0.01"	"0.005"	"0.01"	"100000"	"10000"	"200"	"2783853278667185952"	95000	"intercept"	0.9085047
"0.25"	"0.6"	"0.75"	"0.01"	"0.005"	"0.01"	"100000"	"10000"	"200"	"2783853278667185952"	100000	"slope"	-0.515070785
"0.25"	"0.6"	"0.75"	"0.01"	"0.005"	"0.01"	"100000"	"10000"	"200"	"2783853278667185952"	100000	"intercept"	0.906351525
"0.25"	"0.6"	"0.75"	"0.01"	"0.005"	"0.01"	"100000"	"10000"	"200"	"3082527088992733363"	10	"slope"	-0.00011155355
"0.25"	"0.6"	"0.75"	"0.01"	"0.005"	"0.01"	"100000"	"10000"	"200"	"3082527088992733363"	10	"intercept"	0.49997739
"0.25"	"0.6"	"0.75"	"0.01"	"0.005"	"0.01"	"100000"	"10000"	"200"	"3082527088992733363"	5000	"slope"	-0.011777628525
"0.25"	"0.6"	"0.75"	"0.01"	"0.005"	"0.01"	"100000"	"10000"	"200"	"3082527088992733363"	5000	"intercept"	0.56969797
"0.25"	"0.6"	"0.75"	"0.01"	"0.005"	"0.01"	"100000"	"10000"	"200"	"3082527088992733363"	10000	"slope"	-0.0625163961
"0.25"	"0.6"	"0.75"	"0.01"	"0.005"	"0.01"	"100000"	"10000"	"200"	"3082527088992733363"	10000	"intercept"	0.59894523
"0.25"	"0.6"	"0.75"	"0.01"	"0.005"	"0.01"	"100000"	"10000"	"200"	"3082527088992733363"	15000	"slope"	-0.104078396
"0.25"	"0.6"	"0.75"	"0.01"	"0.005"	"0.01"	"100000"	"10000"	"200"	"3082527088992733363"	15000	"intercept"	0.64522259
"0.25"	"0.6"	"0.75"	"0.01"	"0.005"	"0.01"	"100000"	"10000"	"200"	"3082527088992733363"	20000	"slope"	-0.1230226275
"0.25"	"0.6"	"0.75"	"0.01"	"0.005"	"0.01"	"100000"	"10000"	"200"	"3082527088992733363"	20000	"intercept"	0.65384773
"0.25"	"0.6"	"0.75"	"0.01"	"0.005"	"0.01"	"100000"	"10000"	"200"	"3082527088992733363"	25000	"slope"	-0.108681279
"0.25"	"0.6"	"0.75"	"0.01"	"0.005"	"0.01"	"100000"	"10000"	"200"	"3082527088992733363"	25000	"intercept"	0.63898353
"0.25"	"0.6"	"0.75"	"0.01"	"0.005"	"0.01"	"100000"	"10000"	"200"	"3082527088992733363"	30000	"slope"	-0.142064964
"0.25"	"0.6"	"0.75"	"0.01"	"0.005"	"0.01"	"100000"	"10000"	"200"	"3082527088992733363"	30000	"intercept"	0.65981617
"0.25"	"0.6"	"0.75"	"0.01"	"0.005"	"0.01"	"100000"	"10000"	"200"	"3082527088992733363"	35000	"slope"	-0.203904435
"0.25"	"0.6"	"0.75"	"0.01"	"0.005"	"0.01"	"100000"	"10000"	"200"	"3082527088992733363"	35000	"intercept"	0.70030175
"0.25"	"0.6"	"0.75"	"0.01"	"0.005"	"0.01"	"100000"	"10000"	"200"	"3082527088992733363"	40000	"slope"	-0.267343395
"0.25"	"0.6"	"0.75"	"0.01"	"0.005"	"0.01"	"100000"	"10000"	"200"	"3082527088992733363"	40000	"intercept"	0.745963065
"0.25"	"0.6"	"0.75"	"0.01"	"0.005"	"0.01"	"100000"	"10000"	"200"	"3082527088992733363"	45000	"slope"	-0.3007059675
"0.25"	"0.6"	"0.75"	"0.01"	"0.005"	"0.01"	"100000"	"10000"	"200"	"3082527088992733363"	45000	"intercept"	0.759581915
"0.25"	"0.6"	"0.75"	"0.01"	"0.005"	"0.01"	"100000"	"10000"	"200"	"3082527088992733363"	50000	"slope"	-0.322652285
"0.25"	"0.6"	"0.75"	"0.01"	"0.005"	"0.01"	"100000"	"10000"	"200"	"3082527088992733363"	50000	"intercept"	0.78213801
"0.25"	"0.6"	"0.75"	"0.01"	"0.005"	"0.01"	"100000"	"10000"	"200"	"3082527088992733363"	55000	"slope"	-0.328232235
"0.25"	"0.6"	"0.75"	"0.01"	"0.005"	"0.01"	"100000"	"10000"	"200"	"3082527088992733363"	55000	"intercept"	0.774526125
"0.25"	"0.6"	"0.75"	"0.01"	"0.005"	"0.01"	"100000"	"10000"	"200"	"3082527088992733363"	60000	"slope"	-0.40032686
"0.25"	"0.6"	"0.75"	"0.01"	"0.005"	"0.01"	"100000"	"10000"	"200"	"3082527088992733363"	60000	"intercept"	0.829831135
"0.25"	"0.6"	"0.75"	"0.01"	"0.005"	"0.01"	"100000"	"10000"	"200"	"3082527088992733363"	65000	"slope"	-0.436367835
"0.25"	"0.6"	"0.75"	"0.01"	"0.005"	"0.01"	"100000"	"10000"	"200"	"3082527088992733363"	65000	"intercept"	0.841066055
"0.25"	"0.6"	"0.75"	"0.01"	"0.005"	"0.01"	"100000"	"10000"	"200"	"3082527088992733363"	70000	"slope"	-0.43047551
"0.25"	"0.6"	"0.75"	"0.01"	"0.005"	"0.01"	"100000"	"10000"	"200"	"3082527088992733363"	70000	"intercept"	0.84863472
"0.25"	"0.6"	"0.75"	"0.01"	"0.005"	"0.01"	"100000"	"10000"	"200"	"3082527088992733363"	75000	"slope"	-0.55730477
"0.25"	"0.6"	"0.75"	"0.01"	"0.005"	"0.01"	"100000"	"10000"	"200"	"3082527088992733363"	75000	"intercept"	0.921022525
"0.25"	"0.6"	"0.75"	"0.01"	"0.005"	"0.01"	"100000"	"10000"	"200"	"3082527088992733363"	80000	"slope"	-0.593612595
"0.25"	"0.6"	"0.75"	"0.01"	"0.005"	"0.01"	"100000"	"10000"	"200"	"3082527088992733363"	80000	"intercept"	0.946148795
"0.25"	"0.6"	"0.75"	"0.01"	"0.005"	"0.01"	"100000"	"10000"	"200"	"3082527088992733363"	85000	"slope"	-0.572928055
"0.25"	"0.6"	"0.75"	"0.01"	"0.005"	"0.01"	"100000"	"10000"	"200"	"3082527088992733363"	85000	"intercept"	0.93066508
"0.25"	"0.6"	"0.75"	"0.01"	"0.005"	"0.01"	"100000"	"10000"	"200"	"3082527088992733363"	90000	"slope"	-0.546646415
"0.25"	"0.6"	"0.75"	"0.01"	"0.005"	"0.01"	"100000"	"10000"	"200"	"3082527088992733363"	90000	"intercept"	0.926415505
"0.25"	"0.6"	"0.75"	"0.01"	"0.005"	"0.01"	"100000"	"10000"	"200"	"3082527088992733363"	95000	"slope"	-0.58228428
"0.25"	"0.6"	"0.75"	"0.01"	"0.005"	"0.01"	"100000"	"10000"	"200"	"3082527088992733363"	95000	"intercept"	0.951923495
"0.25"	"0.6"	"0.75"	"0.01"	"0.005"	"0.01"	"100000"	"10000"	"200"	"3082527088992733363"	100000	"slope"	-0.57845783
"0.25"	"0.6"	"0.75"	"0.01"	"0.005"	"0.01"	"100000"	"10000"	"200"	"3082527088992733363"	100000	"intercept"	0.940108325
"0.25"	"0.6"	"0.75"	"0.01"	"0.005"	"0.01"	"100000"	"10000"	"200"	"8767074423246458102"	10	"slope"	-9.536362e-05
"0.25"	"0.6"	"0.75"	"0.01"	"0.005"	"0.01"	"100000"	"10000"	"200"	"8767074423246458102"	10	"intercept"	0.50002144
"0.25"	"0.6"	"0.75"	"0.01"	"0.005"	"0.01"	"100000"	"10000"	"200"	"8767074423246458102"	5000	"slope"	-0.03061104281
"0.25"	"0.6"	"0.75"	"0.01"	"0.005"	"0.01"	"100000"	"10000"	"200"	"8767074423246458102"	5000	"intercept"	0.58162873
"0.25"	"0.6"	"0.75"	"0.01"	"0.005"	"0.01"	"100000"	"10000"	"200"	"8767074423246458102"	10000	"slope"	-0.0798385425
"0.25"	"0.6"	"0.75"	"0.01"	"0.005"	"0.01"	"100000"	"10000"	"200"	"8767074423246458102"	10000	"intercept"	0.612621595
"0.25"	"0.6"	"0.75"	"0.01"	"0.005"	"0.01"	"100000"	"10000"	"200"	"8767074423246458102"	15000	"slope"	-0.0959192625
"0.25"	"0.6"	"0.75"	"0.01"	"0.005"	"0.01"	"100000"	"10000"	"200"	"8767074423246458102"	15000	"intercept"	0.63158975
"0.25"	"0.6"	"0.75"	"0.01"	"0.005"	"0.01"	"100000"	"10000"	"200"	"8767074423246458102"	20000	"slope"	-0.1097930535
"0.25"	"0.6"	"0.75"	"0.01"	"0.005"	"0.01"	"100000"	"10000"	"200"	"8767074423246458102"	20000	"intercept"	0.62997794
"0.25"	"0.6"	"0.75"	"0.01"	"0.005"	"0.01"	"100000"	"10000"	"200"	"8767074423246458102"	25000	"slope"	-0.142027708
"0.25"	"0.6"	"0.75"	"0.01"	"0.005"	"0.01"	"100000"	"10000"	"200"	"8767074423246458102"	25000	"intercept"	0.64748755
"0.25"	"0.6"	"0.75"	"0.01"	"0.005"	"0.01"	"100000"	"10000"	"200"	"8767074423246458102"	30000	"slope"	-0.184872065
"0.25"	"0.6"	"0.75"	"0.01"	"0.005"	"0.01"	"100000"	"10000"	"200"	"8767074423246458102"	30000	"intercept"	0.680004945
"0.25"	"0.6"	"0.75"	"0.01"	"0.005"	"0.01"	"100000"	"10000"	"200"	"8767074423246458102"	35000	"slope"	-0.23778786
"0.25"	"0.6"	"0.75"	"0.01"	"0.005"	"0.01"	"100000"	"10000"	"200"	"8767074423246458102"	35000	"intercept"	0.72933333
"0.25"	"0.6"	"0.75"	"0.01"	"0.005"	"0.01"	"100000"	"10000"	"200"	"8767074423246458102"	40000	"slope"	-0.293110595
"0.25"	"0.6"	"0.75"	"0.01"	"0.005"	"0.01"	"100000"	"10000"	"200"	"8767074423246458102"	40000	"intercept"	0.74748393
"0.25"	"0.6"	"0.75"	"0.01"	"0.005"	"0.01"	"100000"	"10000"	"200"	"8767074423246458102"	45000	"slope"	-0.327535985
"0.25"	"0.6"	"0.75"	"0.01"	"0.005"	"0.01"	"100000"	"10000"	"200"	"8767074423246458102"	45000	"intercept"	0.772521605
"0.25"	"0.6"	"0.75"	"0.01"	"0.005"	"0.01"	"100000"	"10000"	"200"	"8767074423246458102"	50000	"slope"	-0.32814397
"0.25"	"0.6"	"0.75"	"0.01"	"0.005"	"0.01"	"100000"	"10000"	"200"	"8767074423246458102"	50000	"intercept"	0.7813235
"0.25"	"0.6"	"0.75"	"0.01"	"0.005"	"0.01"	"100000"	"10000"	"200"	"8767074423246458102"	55000	"slope"	-0.347551565
"0.25"	"0.6"	"0.75"	"0.01"	"0.005"	"0.01"	"100000"	"10000"	"200"	"8767074423246458102"	55000	"intercept"	0.79090238
"0.25"	"0.6"	"0.75"	"0.01"	"0.005"	"0.01"	"100000"	"10000"	"200"	"8767074423246458102"	60000	"slope"	-0.3911101
"0.25"	"0.6"	"0.75"	"0.01"	"0.005"	"0.01"	"100000"	"10000"	"200"	"8767074423246458102"	60000	"intercept"	0.82166532
"0.25"	"0.6"	"0.75"	"0.01"	"0.005"	"0.01"	"100000"	"10000"	"200"	"8767074423246458102"	65000	"slope"	-0.413477455
"0.25"	"0.6"	"0.75"	"0.01"	"0.005"	"0.01"	"100000"	"10000"	"200"	"8767074423246458102"	65000	"intercept"	0.837801135
"0.25"	"0.6"	"0.75"	"0.01"	"0.005"	"0.01"	"100000"	"10000"	"200"	"8767074423246458102"	70000	"slope"	-0.44442099
"0.25"	"0.6"	"0.75"	"0.01"	"0.005"	"0.01"	"100000"	"10000"	"200"	"8767074423246458102"	70000	"intercept"	0.858577605
"0.25"	"0.6"	"0.75"	"0.01"	"0.005"	"0.01"	"100000"	"10000"	"200"	"8767074423246458102"	75000	"slope"	-0.479386875
"0.25"	"0.6"	"0.75"	"0.01"	"0.005"	"0.01"	"100000"	"10000"	"200"	"8767074423246458102"	75000	"intercept"	0.878480175
"0.25"	"0.6"	"0.75"	"0.01"	"0.005"	"0.01"	"100000"	"10000"	"200"	"8767074423246458102"	80000	"slope"	-0.483193015
"0.25"	"0.6"	"0.75"	"0.01"	"0.005"	"0.01"	"100000"	"10000"	"200"	"8767074423246458102"	80000	"intercept"	0.87568075
"0.25"	"0.6"	"0.75"	"0.01"	"0.005"	"0.01"	"100000"	"10000"	"200"	"8767074423246458102"	85000	"slope"	-0.560071185
"0.25"	"0.6"	"0.75"	"0.01"	"0.005"	"0.01"	"100000"	"10000"	"200"	"8767074423246458102"	85000	"intercept"	0.934876005
"0.25"	"0.6"	"0.75"	"0.01"	"0.005"	"0.01"	"100000"	"10000"	"200"	"8767074423246458102"	90000	"slope"	-0.53167069
"0.25"	"0.6"	"0.75"	"0.01"	"0.005"	"0.01"	"100000"	"10000"	"200"	"8767074423246458102"	90000	"intercept"	0.909081585
"0.25"	"0.6"	"0.75"	"0.01"	"0.005"	"0.01"	"100000"	"10000"	"200"	"8767074423246458102"	95000	"slope"	-0.590902545
"0.25"	"0.6"	"0.75"	"0.01"	"0.005"	"0.01"	"100000"	"10000"	"200"	"8767074423246458102"	95000	"intercept"	0.95176905
"0.25"	"0.6"	"0.75"	"0.01"	"0.005"	"0.01"	"100000"	"10000"	"200"	"8767074423246458102"	100000	"slope"	-0.586916995
"0.25"	"0.6"	"0.75"	"0.01"	"0.005"	"0.01"	"100000"	"10000"	"200"	"8767074423246458102"	100000	"intercept"	0.95400994
"0.25"	"0.8"	"0.75"	"0.01"	"0.005"	"0.01"	"100000"	"10000"	"200"	"5767330137022214447"	10	"slope"	5.614021e-05
"0.25"	"0.8"	"0.75"	"0.01"	"0.005"	"0.01"	"100000"	"10000"	"200"	"5767330137022214447"	10	"intercept"	0.50011345
"0.25"	"0.8"	"0.75"	"0.01"	"0.005"	"0.01"	"100000"	"10000"	"200"	"5767330137022214447"	5000	"slope"	-0.0029692784485
"0.25"	"0.8"	"0.75"	"0.01"	"0.005"	"0.01"	"100000"	"10000"	"200"	"5767330137022214447"	5000	"intercept"	0.576264015
"0.25"	"0.8"	"0.75"	"0.01"	"0.005"	"0.01"	"100000"	"10000"	"200"	"5767330137022214447"	10000	"slope"	-0.01326168372
"0.25"	"0.8"	"0.75"	"0.01"	"0.005"	"0.01"	"100000"	"10000"	"200"	"5767330137022214447"	10000	"intercept"	0.54941036
"0.25"	"0.8"	"0.75"	"0.01"	"0.005"	"0.01"	"100000"	"10000"	"200"	"5767330137022214447"	15000	"slope"	-0.0312142896083
"0.25"	"0.8"	"0.75"	"0.01"	"0.005"	"0.01"	"100000"	"10000"	"200"	"5767330137022214447"	15000	"intercept"	0.539255885
"0.25"	"0.8"	"0.75"	"0.01"	"0.005"	"0.01"	"100000"	"10000"	"200"	"5767330137022214447"	20000	"slope"	-0.1165117295
"0.25"	"0.8"	"0.75"	"0.01"	"0.005"	"0.01"	"100000"	"10000"	"200"	"5767330137022214447"	20000	"intercept"	0.610284818
"0.25"	"0.8"	"0.75"	"0.01"	"0.005"	"0.01"	"100000"	"10000"	"200"	"5767330137022214447"	25000	"slope"	-0.174342270235
"0.25"	"0.8"	"0.75"	"0.01"	"0.005"	"0.01"	"100000"	"10000"	"200"	"5767330137022214447"	25000	"intercept"	0.6641595418
"0.25"	"0.8"	"0.75"	"0.01"	"0.005"	"0.01"	"100000"	"10000"	"200"	"5767330137022214447"	30000	"slope"	-0.25306248627
"0.25"	"0.8"	"0.75"	"0.01"	"0.005"	"0.01"	"100000"	"10000"	"200"	"5767330137022214447"	30000	"intercept"	0.64102446
"0.25"	"0.8"	"0.75"	"0.01"	"0.005"	"0.01"	"100000"	"10000"	"200"	"5767330137022214447"	35000	"slope"	-0.256664614615
"0.25"	"0.8"	"0.75"	"0.01"	"0.005"	"0.01"	"100000"	"10000"	"200"	"5767330137022214447"	35000	"intercept"	0.613778235
"0.25"	"0.8"	"0.75"	"0.01"	"0.005"	"0.01"	"100000"	"10000"	"200"	"5767330137022214447"	40000	"slope"	-0.22286482074
"0.25"	"0.8"	"0.75"	"0.01"	"0.005"	"0.01"	"100000"	"10000"	"200"	"5767330137022214447"	40000	"intercept"	0.603175525
"0.25"	"0.8"	"0.75"	"0.01"	"0.005"	"0.01"	"100000"	"10000"	"200"	"5767330137022214447"	45000	"slope"	-0.2062208705
"0.25"	"0.8"	"0.75"	"0.01"	"0.005"	"0.01"	"100000"	"10000"	"200"	"5767330137022214447"	45000	"intercept"	0.553076955
"0.25"	"0.8"	"0.75"	"0.01"	"0.005"	"0.01"	"100000"	"10000"	"200"	"5767330137022214447"	50000	"slope"	-0.13450242
"0.25"	"0.8"	"0.75"	"0.01"	"0.005"	"0.01"	"100000"	"10000"	"200"	"5767330137022214447"	50000	"intercept"	0.58908491
"0.25"	"0.8"	"0.75"	"0.01"	"0.005"	"0.01"	"100000"	"10000"	"200"	"5767330137022214447"	55000	"slope"	-0.1524775705
"0.25"	"0.8"	"0.75"	"0.01"	"0.005"	"0.01"	"100000"	"10000"	"200"	"5767330137022214447"	55000	"intercept"	0.553408265
"0.25"	"0.8"	"0.75"	"0.01"	"0.005"	"0.01"	"100000"	"10000"	"200"	"5767330137022214447"	60000	"slope"	-0.056620935
"0.25"	"0.8"	"0.75"	"0.01"	"0.005"	"0.01"	"100000"	"10000"	"200"	"5767330137022214447"	60000	"intercept"	0.646032455
"0.25"	"0.8"	"0.75"	"0.01"	"0.005"	"0.01"	"100000"	"10000"	"200"	"5767330137022214447"	65000	"slope"	-0.04555975
"0.25"	"0.8"	"0.75"	"0.01"	"0.005"	"0.01"	"100000"	"10000"	"200"	"5767330137022214447"	65000	"intercept"	0.6165490175
"0.25"	"0.8"	"0.75"	"0.01"	"0.005"	"0.01"	"100000"	"10000"	"200"	"5767330137022214447"	70000	"slope"	-0.083389325
"0.25"	"0.8"	"0.75"	"0.01"	"0.005"	"0.01"	"100000"	"10000"	"200"	"5767330137022214447"	70000	"intercept"	0.514619843
"0.25"	"0.8"	"0.75"	"0.01"	"0.005"	"0.01"	"100000"	"10000"	"200"	"5767330137022214447"	75000	"slope"	-0.0834012
"0.25"	"0.8"	"0.75"	"0.01"	"0.005"	"0.01"	"100000"	"10000"	"200"	"5767330137022214447"	75000	"intercept"	0.5651062065
"0.25"	"0.8"	"0.75"	"0.01"	"0.005"	"0.01"	"100000"	"10000"	"200"	"5767330137022214447"	80000	"slope"	-0.0227718
"0.25"	"0.8"	"0.75"	"0.01"	"0.005"	"0.01"	"100000"	"10000"	"200"	"5767330137022214447"	80000	"intercept"	0.548083898
"0.25"	"0.8"	"0.75"	"0.01"	"0.005"	"0.01"	"100000"	"10000"	"200"	"5767330137022214447"	85000	"slope"	-0.02903769
"0.25"	"0.8"	"0.75"	"0.01"	"0.005"	"0.01"	"100000"	"10000"	"200"	"5767330137022214447"	85000	"intercept"	0.5571922364
"0.25"	"0.8"	"0.75"	"0.01"	"0.005"	"0.01"	"100000"	"10000"	"200"	"5767330137022214447"	90000	"slope"	-0.041387416
"0.25"	"0.8"	"0.75"	"0.01"	"0.005"	"0.01"	"100000"	"10000"	"200"	"5767330137022214447"	90000	"intercept"	0.54235370875
"0.25"	"0.8"	"0.75"	"0.01"	"0.005"	"0.01"	"100000"	"10000"	"200"	"5767330137022214447"	95000	"slope"	-0.010430145
"0.25"	"0.8"	"0.75"	"0.01"	"0.005"	"0.01"	"100000"	"10000"	"200"	"5767330137022214447"	95000	"intercept"	0.5794663555
"0.25"	"0.8"	"0.75"	"0.01"	"0.005"	"0.01"	"100000"	"10000"	"200"	"5767330137022214447"	100000	"slope"	-0.024950165
"0.25"	"0.8"	"0.75"	"0.01"	"0.005"	"0.01"	"100000"	"10000"	"200"	"5767330137022214447"	100000	"intercept"	0.500244709
"0.25"	"0.8"	"0.75"	"0.01"	"0.005"	"0.01"	"100000"	"10000"	"200"	"6945187227027982411"	10	"slope"	1.64725999999999e-07
"0.25"	"0.8"	"0.75"	"0.01"	"0.005"	"0.01"	"100000"	"10000"	"200"	"6945187227027982411"	10	"intercept"	0.49994761
"0.25"	"0.8"	"0.75"	"0.01"	"0.005"	"0.01"	"100000"	"10000"	"200"	"6945187227027982411"	5000	"slope"	-0.059023013725
"0.25"	"0.8"	"0.75"	"0.01"	"0.005"	"0.01"	"100000"	"10000"	"200"	"6945187227027982411"	5000	"intercept"	0.59029692
"0.25"	"0.8"	"0.75"	"0.01"	"0.005"	"0.01"	"100000"	"10000"	"200"	"6945187227027982411"	10000	"slope"	-0.0609874679
"0.25"	"0.8"	"0.75"	"0.01"	"0.005"	"0.01"	"100000"	"10000"	"200"	"6945187227027982411"	10000	"intercept"	0.601400735
"0.25"	"0.8"	"0.75"	"0.01"	"0.005"	"0.01"	"100000"	"10000"	"200"	"6945187227027982411"	15000	"slope"	-0.066507847895
"0.25"	"0.8"	"0.75"	"0.01"	"0.005"	"0.01"	"100000"	"10000"	"200"	"6945187227027982411"	15000	"intercept"	0.590294595
"0.25"	"0.8"	"0.75"	"0.01"	"0.005"	"0.01"	"100000"	"10000"	"200"	"6945187227027982411"	20000	"slope"	-0.0972908355
"0.25"	"0.8"	"0.75"	"0.01"	"0.005"	"0.01"	"100000"	"10000"	"200"	"6945187227027982411"	20000	"intercept"	0.64316735
"0.25"	"0.8"	"0.75"	"0.01"	"0.005"	"0.01"	"100000"	"10000"	"200"	"6945187227027982411"	25000	"slope"	-0.190195751
"0.25"	"0.8"	"0.75"	"0.01"	"0.005"	"0.01"	"100000"	"10000"	"200"	"6945187227027982411"	25000	"intercept"	0.60172994
"0.25"	"0.8"	"0.75"	"0.01"	"0.005"	"0.01"	"100000"	"10000"	"200"	"6945187227027982411"	30000	"slope"	-0.2060212883
"0.25"	"0.8"	"0.75"	"0.01"	"0.005"	"0.01"	"100000"	"10000"	"200"	"6945187227027982411"	30000	"intercept"	0.620764195
"0.25"	"0.8"	"0.75"	"0.01"	"0.005"	"0.01"	"100000"	"10000"	"200"	"6945187227027982411"	35000	"slope"	-0.185550545325
"0.25"	"0.8"	"0.75"	"0.01"	"0.005"	"0.01"	"100000"	"10000"	"200"	"6945187227027982411"	35000	"intercept"	0.640847325
"0.25"	"0.8"	"0.75"	"0.01"	"0.005"	"0.01"	"100000"	"10000"	"200"	"6945187227027982411"	40000	"slope"	-0.20879964787
"0.25"	"0.8"	"0.75"	"0.01"	"0.005"	"0.01"	"100000"	"10000"	"200"	"6945187227027982411"	40000	"intercept"	0.591607775
"0.25"	"0.8"	"0.75"	"0.01"	"0.005"	"0.01"	"100000"	"10000"	"200"	"6945187227027982411"	45000	"slope"	-0.17555849266
"0.25"	"0.8"	"0.75"	"0.01"	"0.005"	"0.01"	"100000"	"10000"	"200"	"6945187227027982411"	45000	"intercept"	0.615649645
"0.25"	"0.8"	"0.75"	"0.01"	"0.005"	"0.01"	"100000"	"10000"	"200"	"6945187227027982411"	50000	"slope"	-0.12855778445
"0.25"	"0.8"	"0.75"	"0.01"	"0.005"	"0.01"	"100000"	"10000"	"200"	"6945187227027982411"	50000	"intercept"	0.588113805
"0.25"	"0.8"	"0.75"	"0.01"	"0.005"	"0.01"	"100000"	"10000"	"200"	"6945187227027982411"	55000	"slope"	-0.1797338055175
"0.25"	"0.8"	"0.75"	"0.01"	"0.005"	"0.01"	"100000"	"10000"	"200"	"6945187227027982411"	55000	"intercept"	0.547706045
"0.25"	"0.8"	"0.75"	"0.01"	"0.005"	"0.01"	"100000"	"10000"	"200"	"6945187227027982411"	60000	"slope"	-0.18177265365
"0.25"	"0.8"	"0.75"	"0.01"	"0.005"	"0.01"	"100000"	"10000"	"200"	"6945187227027982411"	60000	"intercept"	0.58684173
"0.25"	"0.8"	"0.75"	"0.01"	"0.005"	"0.01"	"100000"	"10000"	"200"	"6945187227027982411"	65000	"slope"	-0.1266052422
"0.25"	"0.8"	"0.75"	"0.01"	"0.005"	"0.01"	"100000"	"10000"	"200"	"6945187227027982411"	65000	"intercept"	0.625766745
"0.25"	"0.8"	"0.75"	"0.01"	"0.005"	"0.01"	"100000"	"10000"	"200"	"6945187227027982411"	70000	"slope"	-0.1127826275
"0.25"	"0.8"	"0.75"	"0.01"	"0.005"	"0.01"	"100000"	"10000"	"200"	"6945187227027982411"	70000	"intercept"	0.5375564925
"0.25"	"0.8"	"0.75"	"0.01"	"0.005"	"0.01"	"100000"	"10000"	"200"	"6945187227027982411"	75000	"slope"	-0.035373175
"0.25"	"0.8"	"0.75"	"0.01"	"0.005"	"0.01"	"100000"	"10000"	"200"	"6945187227027982411"	75000	"intercept"	0.598534261
"0.25"	"0.8"	"0.75"	"0.01"	"0.005"	"0.01"	"100000"	"10000"	"200"	"6945187227027982411"	80000	"slope"	-0.0773736905
"0.25"	"0.8"	"0.75"	"0.01"	"0.005"	"0.01"	"100000"	"10000"	"200"	"6945187227027982411"	80000	"intercept"	0.514001427
"0.25"	"0.8"	"0.75"	"0.01"	"0.005"	"0.01"	"100000"	"10000"	"200"	"6945187227027982411"	85000	"slope"	-0.0422227685
"0.25"	"0.8"	"0.75"	"0.01"	"0.005"	"0.01"	"100000"	"10000"	"200"	"6945187227027982411"	85000	"intercept"	0.4891723025
"0.25"	"0.8"	"0.75"	"0.01"	"0.005"	"0.01"	"100000"	"10000"	"200"	"6945187227027982411"	90000	"slope"	0.010125125
"0.25"	"0.8"	"0.75"	"0.01"	"0.005"	"0.01"	"100000"	"10000"	"200"	"6945187227027982411"	90000	"intercept"	0.574052679
"0.25"	"0.8"	"0.75"	"0.01"	"0.005"	"0.01"	"100000"	"10000"	"200"	"6945187227027982411"	95000	"slope"	-0.03788506
"0.25"	"0.8"	"0.75"	"0.01"	"0.005"	"0.01"	"100000"	"10000"	"200"	"6945187227027982411"	95000	"intercept"	0.5235314075
"0.25"	"0.8"	"0.75"	"0.01"	"0.005"	"0.01"	"100000"	"10000"	"200"	"6945187227027982411"	100000	"slope"	-0.1040283905
"0.25"	"0.8"	"0.75"	"0.01"	"0.005"	"0.01"	"100000"	"10000"	"200"	"6945187227027982411"	100000	"intercept"	0.565990412
"0.25"	"0.8"	"0.75"	"0.01"	"0.005"	"0.01"	"100000"	"10000"	"200"	"835499171130494903"	10	"slope"	-8.56886e-05
"0.25"	"0.8"	"0.75"	"0.01"	"0.005"	"0.01"	"100000"	"10000"	"200"	"835499171130494903"	10	"intercept"	0.49999378
"0.25"	"0.8"	"0.75"	"0.01"	"0.005"	"0.01"	"100000"	"10000"	"200"	"835499171130494903"	5000	"slope"	-0.00482529175
"0.25"	"0.8"	"0.75"	"0.01"	"0.005"	"0.01"	"100000"	"10000"	"200"	"835499171130494903"	5000	"intercept"	0.564699925
"0.25"	"0.8"	"0.75"	"0.01"	"0.005"	"0.01"	"100000"	"10000"	"200"	"835499171130494903"	10000	"slope"	-0.01839103655
"0.25"	"0.8"	"0.75"	"0.01"	"0.005"	"0.01"	"100000"	"10000"	"200"	"835499171130494903"	10000	"intercept"	0.56114585
"0.25"	"0.8"	"0.75"	"0.01"	"0.005"	"0.01"	"100000"	"10000"	"200"	"835499171130494903"	15000	"slope"	-0.06001636415
"0.25"	"0.8"	"0.75"	"0.01"	"0.005"	"0.01"	"100000"	"10000"	"200"	"835499171130494903"	15000	"intercept"	0.539172955
"0.25"	"0.8"	"0.75"	"0.01"	"0.005"	"0.01"	"100000"	"10000"	"200"	"835499171130494903"	20000	"slope"	-0.0653771635
"0.25"	"0.8"	"0.75"	"0.01"	"0.005"	"0.01"	"100000"	"10000"	"200"	"835499171130494903"	20000	"intercept"	0.5630810154
"0.25"	"0.8"	"0.75"	"0.01"	"0.005"	"0.01"	"100000"	"10000"	"200"	"835499171130494903"	25000	"slope"	-0.0760256876
"0.25"	"0.8"	"0.75"	"0.01"	"0.005"	"0.01"	"100000"	"10000"	"200"	"835499171130494903"	25000	"intercept"	0.590896335
"0.25"	"0.8"	"0.75"	"0.01"	"0.005"	"0.01"	"100000"	"10000"	"200"	"835499171130494903"	30000	"slope"	-0.11253595143
"0.25"	"0.8"	"0.75"	"0.01"	"0.005"	"0.01"	"100000"	"10000"	"200"	"835499171130494903"	30000	"intercept"	0.602875805
"0.25"	"0.8"	"0.75"	"0.01"	"0.005"	"0.01"	"100000"	"10000"	"200"	"835499171130494903"	35000	"slope"	-0.155333837685
"0.25"	"0.8"	"0.75"	"0.01"	"0.005"	"0.01"	"100000"	"10000"	"200"	"835499171130494903"	35000	"intercept"	0.574815235
"0.25"	"0.8"	"0.75"	"0.01"	"0.005"	"0.01"	"100000"	"10000"	"200"	"835499171130494903"	40000	"slope"	-0.13772904925
"0.25"	"0.8"	"0.75"	"0.01"	"0.005"	"0.01"	"100000"	"10000"	"200"	"835499171130494903"	40000	"intercept"	0.62203894
"0.25"	"0.8"	"0.75"	"0.01"	"0.005"	"0.01"	"100000"	"10000"	"200"	"835499171130494903"	45000	"slope"	-0.079925541085
"0.25"	"0.8"	"0.75"	"0.01"	"0.005"	"0.01"	"100000"	"10000"	"200"	"835499171130494903"	45000	"intercept"	0.603120995
"0.25"	"0.8"	"0.75"	"0.01"	"0.005"	"0.01"	"100000"	"10000"	"200"	"835499171130494903"	50000	"slope"	-0.051001477
"0.25"	"0.8"	"0.75"	"0.01"	"0.005"	"0.01"	"100000"	"10000"	"200"	"835499171130494903"	50000	"intercept"	0.603954897
"0.25"	"0.8"	"0.75"	"0.01"	"0.005"	"0.01"	"100000"	"10000"	"200"	"835499171130494903"	55000	"slope"	-0.063537744
"0.25"	"0.8"	"0.75"	"0.01"	"0.005"	"0.01"	"100000"	"10000"	"200"	"835499171130494903"	55000	"intercept"	0.561142874
"0.25"	"0.8"	"0.75"	"0.01"	"0.005"	"0.01"	"100000"	"10000"	"200"	"835499171130494903"	60000	"slope"	-0.027079775
"0.25"	"0.8"	"0.75"	"0.01"	"0.005"	"0.01"	"100000"	"10000"	"200"	"835499171130494903"	60000	"intercept"	0.545606105925
"0.25"	"0.8"	"0.75"	"0.01"	"0.005"	"0.01"	"100000"	"10000"	"200"	"835499171130494903"	65000	"slope"	-0.0903774181
"0.25"	"0.8"	"0.75"	"0.01"	"0.005"	"0.01"	"100000"	"10000"	"200"	"835499171130494903"	65000	"intercept"	0.52580556515
"0.25"	"0.8"	"0.75"	"0.01"	"0.005"	"0.01"	"100000"	"10000"	"200"	"835499171130494903"	70000	"slope"	-0.125812020705
"0.25"	"0.8"	"0.75"	"0.01"	"0.005"	"0.01"	"100000"	"10000"	"200"	"835499171130494903"	70000	"intercept"	0.5228614169035
"0.25"	"0.8"	"0.75"	"0.01"	"0.005"	"0.01"	"100000"	"10000"	"200"	"835499171130494903"	75000	"slope"	-0.1337658001
"0.25"	"0.8"	"0.75"	"0.01"	"0.005"	"0.01"	"100000"	"10000"	"200"	"835499171130494903"	75000	"intercept"	0.5263904094
"0.25"	"0.8"	"0.75"	"0.01"	"0.005"	"0.01"	"100000"	"10000"	"200"	"835499171130494903"	80000	"slope"	-0.096275057165
"0.25"	"0.8"	"0.75"	"0.01"	"0.005"	"0.01"	"100000"	"10000"	"200"	"835499171130494903"	80000	"intercept"	0.557402012915
"0.25"	"0.8"	"0.75"	"0.01"	"0.005"	"0.01"	"100000"	"10000"	"200"	"835499171130494903"	85000	"slope"	-0.154625174749
"0.25"	"0.8"	"0.75"	"0.01"	"0.005"	"0.01"	"100000"	"10000"	"200"	"835499171130494903"	85000	"intercept"	0.516060871225
"0.25"	"0.8"	"0.75"	"0.01"	"0.005"	"0.01"	"100000"	"10000"	"200"	"835499171130494903"	90000	"slope"	-0.14980855101
"0.25"	"0.8"	"0.75"	"0.01"	"0.005"	"0.01"	"100000"	"10000"	"200"	"835499171130494903"	90000	"intercept"	0.487013067195
"0.25"	"0.8"	"0.75"	"0.01"	"0.005"	"0.01"	"100000"	"10000"	"200"	"835499171130494903"	95000	"slope"	-0.12712615832
"0.25"	"0.8"	"0.75"	"0.01"	"0.005"	"0.01"	"100000"	"10000"	"200"	"835499171130494903"	95000	"intercept"	0.560036882935
"0.25"	"0.8"	"0.75"	"0.01"	"0.005"	"0.01"	"100000"	"10000"	"200"	"835499171130494903"	100000	"slope"	-0.108545495315
"0.25"	"0.8"	"0.75"	"0.01"	"0.005"	"0.01"	"100000"	"10000"	"200"	"835499171130494903"	100000	"intercept"	0.520561637
"0.35"	"0.0"	"0.75"	"0.01"	"0.005"	"0.01"	"100000"	"10000"	"200"	"210060416180177551"	10	"slope"	0.000116899785
"0.35"	"0.0"	"0.75"	"0.01"	"0.005"	"0.01"	"100000"	"10000"	"200"	"210060416180177551"	10	"intercept"	0.499969205
"0.35"	"0.0"	"0.75"	"0.01"	"0.005"	"0.01"	"100000"	"10000"	"200"	"210060416180177551"	5000	"slope"	0.031273247815
"0.35"	"0.0"	"0.75"	"0.01"	"0.005"	"0.01"	"100000"	"10000"	"200"	"210060416180177551"	5000	"intercept"	0.58021188
"0.35"	"0.0"	"0.75"	"0.01"	"0.005"	"0.01"	"100000"	"10000"	"200"	"210060416180177551"	10000	"slope"	0.035728589505
"0.35"	"0.0"	"0.75"	"0.01"	"0.005"	"0.01"	"100000"	"10000"	"200"	"210060416180177551"	10000	"intercept"	0.58475204
"0.35"	"0.0"	"0.75"	"0.01"	"0.005"	"0.01"	"100000"	"10000"	"200"	"210060416180177551"	15000	"slope"	0.02887687856
"0.35"	"0.0"	"0.75"	"0.01"	"0.005"	"0.01"	"100000"	"10000"	"200"	"210060416180177551"	15000	"intercept"	0.587258245
"0.35"	"0.0"	"0.75"	"0.01"	"0.005"	"0.01"	"100000"	"10000"	"200"	"210060416180177551"	20000	"slope"	0.01499221057
"0.35"	"0.0"	"0.75"	"0.01"	"0.005"	"0.01"	"100000"	"10000"	"200"	"210060416180177551"	20000	"intercept"	0.600394395
"0.35"	"0.0"	"0.75"	"0.01"	"0.005"	"0.01"	"100000"	"10000"	"200"	"210060416180177551"	25000	"slope"	0.03772523901
"0.35"	"0.0"	"0.75"	"0.01"	"0.005"	"0.01"	"100000"	"10000"	"200"	"210060416180177551"	25000	"intercept"	0.58501849
"0.35"	"0.0"	"0.75"	"0.01"	"0.005"	"0.01"	"100000"	"10000"	"200"	"210060416180177551"	30000	"slope"	0.026203178085
"0.35"	"0.0"	"0.75"	"0.01"	"0.005"	"0.01"	"100000"	"10000"	"200"	"210060416180177551"	30000	"intercept"	0.590341745
"0.35"	"0.0"	"0.75"	"0.01"	"0.005"	"0.01"	"100000"	"10000"	"200"	"210060416180177551"	35000	"slope"	-0.012263066062
"0.35"	"0.0"	"0.75"	"0.01"	"0.005"	"0.01"	"100000"	"10000"	"200"	"210060416180177551"	35000	"intercept"	0.62237299
"0.35"	"0.0"	"0.75"	"0.01"	"0.005"	"0.01"	"100000"	"10000"	"200"	"210060416180177551"	40000	"slope"	0.001011272895
"0.35"	"0.0"	"0.75"	"0.01"	"0.005"	"0.01"	"100000"	"10000"	"200"	"210060416180177551"	40000	"intercept"	0.604968225
"0.35"	"0.0"	"0.75"	"0.01"	"0.005"	"0.01"	"100000"	"10000"	"200"	"210060416180177551"	45000	"slope"	-0.012729634805
"0.35"	"0.0"	"0.75"	"0.01"	"0.005"	"0.01"	"100000"	"10000"	"200"	"210060416180177551"	45000	"intercept"	0.62472977
"0.35"	"0.0"	"0.75"	"0.01"	"0.005"	"0.01"	"100000"	"10000"	"200"	"210060416180177551"	50000	"slope"	-0.035737842105
"0.35"	"0.0"	"0.75"	"0.01"	"0.005"	"0.01"	"100000"	"10000"	"200"	"210060416180177551"	50000	"intercept"	0.63346008
"0.35"	"0.0"	"0.75"	"0.01"	"0.005"	"0.01"	"100000"	"10000"	"200"	"210060416180177551"	55000	"slope"	-0.0623062313185
"0.35"	"0.0"	"0.75"	"0.01"	"0.005"	"0.01"	"100000"	"10000"	"200"	"210060416180177551"	55000	"intercept"	0.66174019
"0.35"	"0.0"	"0.75"	"0.01"	"0.005"	"0.01"	"100000"	"10000"	"200"	"210060416180177551"	60000	"slope"	-0.023870373006
"0.35"	"0.0"	"0.75"	"0.01"	"0.005"	"0.01"	"100000"	"10000"	"200"	"210060416180177551"	60000	"intercept"	0.62443568
"0.35"	"0.0"	"0.75"	"0.01"	"0.005"	"0.01"	"100000"	"10000"	"200"	"210060416180177551"	65000	"slope"	-0.002893319145
"0.35"	"0.0"	"0.75"	"0.01"	"0.005"	"0.01"	"100000"	"10000"	"200"	"210060416180177551"	65000	"intercept"	0.61789188
"0.35"	"0.0"	"0.75"	"0.01"	"0.005"	"0.01"	"100000"	"10000"	"200"	"210060416180177551"	70000	"slope"	-0.0079909199295
"0.35"	"0.0"	"0.75"	"0.01"	"0.005"	"0.01"	"100000"	"10000"	"200"	"210060416180177551"	70000	"intercept"	0.620481795
"0.35"	"0.0"	"0.75"	"0.01"	"0.005"	"0.01"	"100000"	"10000"	"200"	"210060416180177551"	75000	"slope"	0.056846723228
"0.35"	"0.0"	"0.75"	"0.01"	"0.005"	"0.01"	"100000"	"10000"	"200"	"210060416180177551"	75000	"intercept"	0.57501606
"0.35"	"0.0"	"0.75"	"0.01"	"0.005"	"0.01"	"100000"	"10000"	"200"	"210060416180177551"	80000	"slope"	0.0545454708295
"0.35"	"0.0"	"0.75"	"0.01"	"0.005"	"0.01"	"100000"	"10000"	"200"	"210060416180177551"	80000	"intercept"	0.578170105
"0.35"	"0.0"	"0.75"	"0.01"	"0.005"	"0.01"	"100000"	"10000"	"200"	"210060416180177551"	85000	"slope"	-0.00308472164
"0.35"	"0.0"	"0.75"	"0.01"	"0.005"	"0.01"	"100000"	"10000"	"200"	"210060416180177551"	85000	"intercept"	0.61351579
"0.35"	"0.0"	"0.75"	"0.01"	"0.005"	"0.01"	"100000"	"10000"	"200"	"210060416180177551"	90000	"slope"	-0.010810690945
"0.35"	"0.0"	"0.75"	"0.01"	"0.005"	"0.01"	"100000"	"10000"	"200"	"210060416180177551"	90000	"intercept"	0.62086824
"0.35"	"0.0"	"0.75"	"0.01"	"0.005"	"0.01"	"100000"	"10000"	"200"	"210060416180177551"	95000	"slope"	-0.0043335980975
"0.35"	"0.0"	"0.75"	"0.01"	"0.005"	"0.01"	"100000"	"10000"	"200"	"210060416180177551"	95000	"intercept"	0.606194735
"0.35"	"0.0"	"0.75"	"0.01"	"0.005"	"0.01"	"100000"	"10000"	"200"	"210060416180177551"	100000	"slope"	0.026031773025
"0.35"	"0.0"	"0.75"	"0.01"	"0.005"	"0.01"	"100000"	"10000"	"200"	"210060416180177551"	100000	"intercept"	0.597946035
"0.35"	"0.0"	"0.75"	"0.01"	"0.005"	"0.01"	"100000"	"10000"	"200"	"4617182362171449252"	10	"slope"	-4.04346625e-06
"0.35"	"0.0"	"0.75"	"0.01"	"0.005"	"0.01"	"100000"	"10000"	"200"	"4617182362171449252"	10	"intercept"	0.49990981
"0.35"	"0.0"	"0.75"	"0.01"	"0.005"	"0.01"	"100000"	"10000"	"200"	"4617182362171449252"	5000	"slope"	0.0461916509
"0.35"	"0.0"	"0.75"	"0.01"	"0.005"	"0.01"	"100000"	"10000"	"200"	"4617182362171449252"	5000	"intercept"	0.568935875
"0.35"	"0.0"	"0.75"	"0.01"	"0.005"	"0.01"	"100000"	"10000"	"200"	"4617182362171449252"	10000	"slope"	0.0320221722025
"0.35"	"0.0"	"0.75"	"0.01"	"0.005"	"0.01"	"100000"	"10000"	"200"	"4617182362171449252"	10000	"intercept"	0.585067175
"0.35"	"0.0"	"0.75"	"0.01"	"0.005"	"0.01"	"100000"	"10000"	"200"	"4617182362171449252"	15000	"slope"	0.015281447475
"0.35"	"0.0"	"0.75"	"0.01"	"0.005"	"0.01"	"100000"	"10000"	"200"	"4617182362171449252"	15000	"intercept"	0.601022785
"0.35"	"0.0"	"0.75"	"0.01"	"0.005"	"0.01"	"100000"	"10000"	"200"	"4617182362171449252"	20000	"slope"	0.02317797696
"0.35"	"0.0"	"0.75"	"0.01"	"0.005"	"0.01"	"100000"	"10000"	"200"	"4617182362171449252"	20000	"intercept"	0.59778598
"0.35"	"0.0"	"0.75"	"0.01"	"0.005"	"0.01"	"100000"	"10000"	"200"	"4617182362171449252"	25000	"slope"	0.016049814605
"0.35"	"0.0"	"0.75"	"0.01"	"0.005"	"0.01"	"100000"	"10000"	"200"	"4617182362171449252"	25000	"intercept"	0.59944137
"0.35"	"0.0"	"0.75"	"0.01"	"0.005"	"0.01"	"100000"	"10000"	"200"	"4617182362171449252"	30000	"slope"	0.00770777135
"0.35"	"0.0"	"0.75"	"0.01"	"0.005"	"0.01"	"100000"	"10000"	"200"	"4617182362171449252"	30000	"intercept"	0.603822745
"0.35"	"0.0"	"0.75"	"0.01"	"0.005"	"0.01"	"100000"	"10000"	"200"	"4617182362171449252"	35000	"slope"	-0.0070508815295
"0.35"	"0.0"	"0.75"	"0.01"	"0.005"	"0.01"	"100000"	"10000"	"200"	"4617182362171449252"	35000	"intercept"	0.6162084
"0.35"	"0.0"	"0.75"	"0.01"	"0.005"	"0.01"	"100000"	"10000"	"200"	"4617182362171449252"	40000	"slope"	-0.0251774090585
"0.35"	"0.0"	"0.75"	"0.01"	"0.005"	"0.01"	"100000"	"10000"	"200"	"4617182362171449252"	40000	"intercept"	0.63293122
"0.35"	"0.0"	"0.75"	"0.01"	"0.005"	"0.01"	"100000"	"10000"	"200"	"4617182362171449252"	45000	"slope"	0.0092707283565
"0.35"	"0.0"	"0.75"	"0.01"	"0.005"	"0.01"	"100000"	"10000"	"200"	"4617182362171449252"	45000	"intercept"	0.60509284
"0.35"	"0.0"	"0.75"	"0.01"	"0.005"	"0.01"	"100000"	"10000"	"200"	"4617182362171449252"	50000	"slope"	-0.0195336355995
"0.35"	"0.0"	"0.75"	"0.01"	"0.005"	"0.01"	"100000"	"10000"	"200"	"4617182362171449252"	50000	"intercept"	0.62771217
"0.35"	"0.0"	"0.75"	"0.01"	"0.005"	"0.01"	"100000"	"10000"	"200"	"4617182362171449252"	55000	"slope"	0.00463947114435
"0.35"	"0.0"	"0.75"	"0.01"	"0.005"	"0.01"	"100000"	"10000"	"200"	"4617182362171449252"	55000	"intercept"	0.606102745
"0.35"	"0.0"	"0.75"	"0.01"	"0.005"	"0.01"	"100000"	"10000"	"200"	"4617182362171449252"	60000	"slope"	0.00242126719
"0.35"	"0.0"	"0.75"	"0.01"	"0.005"	"0.01"	"100000"	"10000"	"200"	"4617182362171449252"	60000	"intercept"	0.599856495
"0.35"	"0.0"	"0.75"	"0.01"	"0.005"	"0.01"	"100000"	"10000"	"200"	"4617182362171449252"	65000	"slope"	0.030928215455
"0.35"	"0.0"	"0.75"	"0.01"	"0.005"	"0.01"	"100000"	"10000"	"200"	"4617182362171449252"	65000	"intercept"	0.59084576
"0.35"	"0.0"	"0.75"	"0.01"	"0.005"	"0.01"	"100000"	"10000"	"200"	"4617182362171449252"	70000	"slope"	0.0756412197
"0.35"	"0.0"	"0.75"	"0.01"	"0.005"	"0.01"	"100000"	"10000"	"200"	"4617182362171449252"	70000	"intercept"	0.55385496
"0.35"	"0.0"	"0.75"	"0.01"	"0.005"	"0.01"	"100000"	"10000"	"200"	"4617182362171449252"	75000	"slope"	-0.00670619361
"0.35"	"0.0"	"0.75"	"0.01"	"0.005"	"0.01"	"100000"	"10000"	"200"	"4617182362171449252"	75000	"intercept"	0.61916064
"0.35"	"0.0"	"0.75"	"0.01"	"0.005"	"0.01"	"100000"	"10000"	"200"	"4617182362171449252"	80000	"slope"	-0.06248343255
"0.35"	"0.0"	"0.75"	"0.01"	"0.005"	"0.01"	"100000"	"10000"	"200"	"4617182362171449252"	80000	"intercept"	0.656673375
"0.35"	"0.0"	"0.75"	"0.01"	"0.005"	"0.01"	"100000"	"10000"	"200"	"4617182362171449252"	85000	"slope"	-0.01738856669865
"0.35"	"0.0"	"0.75"	"0.01"	"0.005"	"0.01"	"100000"	"10000"	"200"	"4617182362171449252"	85000	"intercept"	0.628271045
"0.35"	"0.0"	"0.75"	"0.01"	"0.005"	"0.01"	"100000"	"10000"	"200"	"4617182362171449252"	90000	"slope"	0.017679974365
"0.35"	"0.0"	"0.75"	"0.01"	"0.005"	"0.01"	"100000"	"10000"	"200"	"4617182362171449252"	90000	"intercept"	0.60888112
"0.35"	"0.0"	"0.75"	"0.01"	"0.005"	"0.01"	"100000"	"10000"	"200"	"4617182362171449252"	95000	"slope"	0.0065389704145
"0.35"	"0.0"	"0.75"	"0.01"	"0.005"	"0.01"	"100000"	"10000"	"200"	"4617182362171449252"	95000	"intercept"	0.60782553
"0.35"	"0.0"	"0.75"	"0.01"	"0.005"	"0.01"	"100000"	"10000"	"200"	"4617182362171449252"	100000	"slope"	-0.02029639895
"0.35"	"0.0"	"0.75"	"0.01"	"0.005"	"0.01"	"100000"	"10000"	"200"	"4617182362171449252"	100000	"intercept"	0.618817555
"0.35"	"0.0"	"0.75"	"0.01"	"0.005"	"0.01"	"100000"	"10000"	"200"	"6874885284816991109"	10	"slope"	9.859545e-06
"0.35"	"0.0"	"0.75"	"0.01"	"0.005"	"0.01"	"100000"	"10000"	"200"	"6874885284816991109"	10	"intercept"	0.49999094
"0.35"	"0.0"	"0.75"	"0.01"	"0.005"	"0.01"	"100000"	"10000"	"200"	"6874885284816991109"	5000	"slope"	0.04820843562
"0.35"	"0.0"	"0.75"	"0.01"	"0.005"	"0.01"	"100000"	"10000"	"200"	"6874885284816991109"	5000	"intercept"	0.582636475
"0.35"	"0.0"	"0.75"	"0.01"	"0.005"	"0.01"	"100000"	"10000"	"200"	"6874885284816991109"	10000	"slope"	-0.0128778580865
"0.35"	"0.0"	"0.75"	"0.01"	"0.005"	"0.01"	"100000"	"10000"	"200"	"6874885284816991109"	10000	"intercept"	0.616407545
"0.35"	"0.0"	"0.75"	"0.01"	"0.005"	"0.01"	"100000"	"10000"	"200"	"6874885284816991109"	15000	"slope"	0.0061701602507
"0.35"	"0.0"	"0.75"	"0.01"	"0.005"	"0.01"	"100000"	"10000"	"200"	"6874885284816991109"	15000	"intercept"	0.61401817
"0.35"	"0.0"	"0.75"	"0.01"	"0.005"	"0.01"	"100000"	"10000"	"200"	"6874885284816991109"	20000	"slope"	0.01762603529
"0.35"	"0.0"	"0.75"	"0.01"	"0.005"	"0.01"	"100000"	"10000"	"200"	"6874885284816991109"	20000	"intercept"	0.60413922
"0.35"	"0.0"	"0.75"	"0.01"	"0.005"	"0.01"	"100000"	"10000"	"200"	"6874885284816991109"	25000	"slope"	-0.0057126666305
"0.35"	"0.0"	"0.75"	"0.01"	"0.005"	"0.01"	"100000"	"10000"	"200"	"6874885284816991109"	25000	"intercept"	0.62047043
"0.35"	"0.0"	"0.75"	"0.01"	"0.005"	"0.01"	"100000"	"10000"	"200"	"6874885284816991109"	30000	"slope"	0.008447681115
"0.35"	"0.0"	"0.75"	"0.01"	"0.005"	"0.01"	"100000"	"10000"	"200"	"6874885284816991109"	30000	"intercept"	0.598845625
"0.35"	"0.0"	"0.75"	"0.01"	"0.005"	"0.01"	"100000"	"10000"	"200"	"6874885284816991109"	35000	"slope"	-0.00477004348
"0.35"	"0.0"	"0.75"	"0.01"	"0.005"	"0.01"	"100000"	"10000"	"200"	"6874885284816991109"	35000	"intercept"	0.62015213
"0.35"	"0.0"	"0.75"	"0.01"	"0.005"	"0.01"	"100000"	"10000"	"200"	"6874885284816991109"	40000	"slope"	-0.000450535065
"0.35"	"0.0"	"0.75"	"0.01"	"0.005"	"0.01"	"100000"	"10000"	"200"	"6874885284816991109"	40000	"intercept"	0.616003605
"0.35"	"0.0"	"0.75"	"0.01"	"0.005"	"0.01"	"100000"	"10000"	"200"	"6874885284816991109"	45000	"slope"	0.01902504102
"0.35"	"0.0"	"0.75"	"0.01"	"0.005"	"0.01"	"100000"	"10000"	"200"	"6874885284816991109"	45000	"intercept"	0.606656465
"0.35"	"0.0"	"0.75"	"0.01"	"0.005"	"0.01"	"100000"	"10000"	"200"	"6874885284816991109"	50000	"slope"	0.01312173896
"0.35"	"0.0"	"0.75"	"0.01"	"0.005"	"0.01"	"100000"	"10000"	"200"	"6874885284816991109"	50000	"intercept"	0.597394645
"0.35"	"0.0"	"0.75"	"0.01"	"0.005"	"0.01"	"100000"	"10000"	"200"	"6874885284816991109"	55000	"slope"	0.036434370025
"0.35"	"0.0"	"0.75"	"0.01"	"0.005"	"0.01"	"100000"	"10000"	"200"	"6874885284816991109"	55000	"intercept"	0.59021885
"0.35"	"0.0"	"0.75"	"0.01"	"0.005"	"0.01"	"100000"	"10000"	"200"	"6874885284816991109"	60000	"slope"	0.01116951945
"0.35"	"0.0"	"0.75"	"0.01"	"0.005"	"0.01"	"100000"	"10000"	"200"	"6874885284816991109"	60000	"intercept"	0.59842586
"0.35"	"0.0"	"0.75"	"0.01"	"0.005"	"0.01"	"100000"	"10000"	"200"	"6874885284816991109"	65000	"slope"	0.00807878685
"0.35"	"0.0"	"0.75"	"0.01"	"0.005"	"0.01"	"100000"	"10000"	"200"	"6874885284816991109"	65000	"intercept"	0.60671785
"0.35"	"0.0"	"0.75"	"0.01"	"0.005"	"0.01"	"100000"	"10000"	"200"	"6874885284816991109"	70000	"slope"	-0.01556495802
"0.35"	"0.0"	"0.75"	"0.01"	"0.005"	"0.01"	"100000"	"10000"	"200"	"6874885284816991109"	70000	"intercept"	0.616317365
"0.35"	"0.0"	"0.75"	"0.01"	"0.005"	"0.01"	"100000"	"10000"	"200"	"6874885284816991109"	75000	"slope"	-0.02851741979
"0.35"	"0.0"	"0.75"	"0.01"	"0.005"	"0.01"	"100000"	"10000"	"200"	"6874885284816991109"	75000	"intercept"	0.636229535
"0.35"	"0.0"	"0.75"	"0.01"	"0.005"	"0.01"	"100000"	"10000"	"200"	"6874885284816991109"	80000	"slope"	0.013428477245
"0.35"	"0.0"	"0.75"	"0.01"	"0.005"	"0.01"	"100000"	"10000"	"200"	"6874885284816991109"	80000	"intercept"	0.60046015
"0.35"	"0.0"	"0.75"	"0.01"	"0.005"	"0.01"	"100000"	"10000"	"200"	"6874885284816991109"	85000	"slope"	-0.015552995365
"0.35"	"0.0"	"0.75"	"0.01"	"0.005"	"0.01"	"100000"	"10000"	"200"	"6874885284816991109"	85000	"intercept"	0.621732315
"0.35"	"0.0"	"0.75"	"0.01"	"0.005"	"0.01"	"100000"	"10000"	"200"	"6874885284816991109"	90000	"slope"	0.002129727585
"0.35"	"0.0"	"0.75"	"0.01"	"0.005"	"0.01"	"100000"	"10000"	"200"	"6874885284816991109"	90000	"intercept"	0.61116578
"0.35"	"0.0"	"0.75"	"0.01"	"0.005"	"0.01"	"100000"	"10000"	"200"	"6874885284816991109"	95000	"slope"	0.018820663204
"0.35"	"0.0"	"0.75"	"0.01"	"0.005"	"0.01"	"100000"	"10000"	"200"	"6874885284816991109"	95000	"intercept"	0.590117415
"0.35"	"0.0"	"0.75"	"0.01"	"0.005"	"0.01"	"100000"	"10000"	"200"	"6874885284816991109"	100000	"slope"	0.016042739525
"0.35"	"0.0"	"0.75"	"0.01"	"0.005"	"0.01"	"100000"	"10000"	"200"	"6874885284816991109"	100000	"intercept"	0.603338505
"0.35"	"0.4"	"0.75"	"0.01"	"0.005"	"0.01"	"100000"	"10000"	"200"	"4598772456888753254"	10	"slope"	6.204177e-05
"0.35"	"0.4"	"0.75"	"0.01"	"0.005"	"0.01"	"100000"	"10000"	"200"	"4598772456888753254"	10	"intercept"	0.5000886
"0.35"	"0.4"	"0.75"	"0.01"	"0.005"	"0.01"	"100000"	"10000"	"200"	"4598772456888753254"	5000	"slope"	-0.00311770206
"0.35"	"0.4"	"0.75"	"0.01"	"0.005"	"0.01"	"100000"	"10000"	"200"	"4598772456888753254"	5000	"intercept"	0.603689325
"0.35"	"0.4"	"0.75"	"0.01"	"0.005"	"0.01"	"100000"	"10000"	"200"	"4598772456888753254"	10000	"slope"	-0.03665437985
"0.35"	"0.4"	"0.75"	"0.01"	"0.005"	"0.01"	"100000"	"10000"	"200"	"4598772456888753254"	10000	"intercept"	0.63490159
"0.35"	"0.4"	"0.75"	"0.01"	"0.005"	"0.01"	"100000"	"10000"	"200"	"4598772456888753254"	15000	"slope"	-0.0696848404
"0.35"	"0.4"	"0.75"	"0.01"	"0.005"	"0.01"	"100000"	"10000"	"200"	"4598772456888753254"	15000	"intercept"	0.64417655
"0.35"	"0.4"	"0.75"	"0.01"	"0.005"	"0.01"	"100000"	"10000"	"200"	"4598772456888753254"	20000	"slope"	-0.0841483948
"0.35"	"0.4"	"0.75"	"0.01"	"0.005"	"0.01"	"100000"	"10000"	"200"	"4598772456888753254"	20000	"intercept"	0.66084977
"0.35"	"0.4"	"0.75"	"0.01"	"0.005"	"0.01"	"100000"	"10000"	"200"	"4598772456888753254"	25000	"slope"	-0.1252216465
"0.35"	"0.4"	"0.75"	"0.01"	"0.005"	"0.01"	"100000"	"10000"	"200"	"4598772456888753254"	25000	"intercept"	0.68091653
"0.35"	"0.4"	"0.75"	"0.01"	"0.005"	"0.01"	"100000"	"10000"	"200"	"4598772456888753254"	30000	"slope"	-0.1656363195
"0.35"	"0.4"	"0.75"	"0.01"	"0.005"	"0.01"	"100000"	"10000"	"200"	"4598772456888753254"	30000	"intercept"	0.71092345
"0.35"	"0.4"	"0.75"	"0.01"	"0.005"	"0.01"	"100000"	"10000"	"200"	"4598772456888753254"	35000	"slope"	-0.1299866795
"0.35"	"0.4"	"0.75"	"0.01"	"0.005"	"0.01"	"100000"	"10000"	"200"	"4598772456888753254"	35000	"intercept"	0.696805645
"0.35"	"0.4"	"0.75"	"0.01"	"0.005"	"0.01"	"100000"	"10000"	"200"	"4598772456888753254"	40000	"slope"	-0.143209635
"0.35"	"0.4"	"0.75"	"0.01"	"0.005"	"0.01"	"100000"	"10000"	"200"	"4598772456888753254"	40000	"intercept"	0.708887065
"0.35"	"0.4"	"0.75"	"0.01"	"0.005"	"0.01"	"100000"	"10000"	"200"	"4598772456888753254"	45000	"slope"	-0.1573554365
"0.35"	"0.4"	"0.75"	"0.01"	"0.005"	"0.01"	"100000"	"10000"	"200"	"4598772456888753254"	45000	"intercept"	0.70689972
"0.35"	"0.4"	"0.75"	"0.01"	"0.005"	"0.01"	"100000"	"10000"	"200"	"4598772456888753254"	50000	"slope"	-0.1368914065
"0.35"	"0.4"	"0.75"	"0.01"	"0.005"	"0.01"	"100000"	"10000"	"200"	"4598772456888753254"	50000	"intercept"	0.691501425
"0.35"	"0.4"	"0.75"	"0.01"	"0.005"	"0.01"	"100000"	"10000"	"200"	"4598772456888753254"	55000	"slope"	-0.1689945355
"0.35"	"0.4"	"0.75"	"0.01"	"0.005"	"0.01"	"100000"	"10000"	"200"	"4598772456888753254"	55000	"intercept"	0.713627405
"0.35"	"0.4"	"0.75"	"0.01"	"0.005"	"0.01"	"100000"	"10000"	"200"	"4598772456888753254"	60000	"slope"	-0.133311668
"0.35"	"0.4"	"0.75"	"0.01"	"0.005"	"0.01"	"100000"	"10000"	"200"	"4598772456888753254"	60000	"intercept"	0.698198955
"0.35"	"0.4"	"0.75"	"0.01"	"0.005"	"0.01"	"100000"	"10000"	"200"	"4598772456888753254"	65000	"slope"	-0.200830135
"0.35"	"0.4"	"0.75"	"0.01"	"0.005"	"0.01"	"100000"	"10000"	"200"	"4598772456888753254"	65000	"intercept"	0.744385675
"0.35"	"0.4"	"0.75"	"0.01"	"0.005"	"0.01"	"100000"	"10000"	"200"	"4598772456888753254"	70000	"slope"	-0.19033072
"0.35"	"0.4"	"0.75"	"0.01"	"0.005"	"0.01"	"100000"	"10000"	"200"	"4598772456888753254"	70000	"intercept"	0.723105845
"0.35"	"0.4"	"0.75"	"0.01"	"0.005"	"0.01"	"100000"	"10000"	"200"	"4598772456888753254"	75000	"slope"	-0.149922853
"0.35"	"0.4"	"0.75"	"0.01"	"0.005"	"0.01"	"100000"	"10000"	"200"	"4598772456888753254"	75000	"intercept"	0.705404805
"0.35"	"0.4"	"0.75"	"0.01"	"0.005"	"0.01"	"100000"	"10000"	"200"	"4598772456888753254"	80000	"slope"	-0.129987658
"0.35"	"0.4"	"0.75"	"0.01"	"0.005"	"0.01"	"100000"	"10000"	"200"	"4598772456888753254"	80000	"intercept"	0.698888555
"0.35"	"0.4"	"0.75"	"0.01"	"0.005"	"0.01"	"100000"	"10000"	"200"	"4598772456888753254"	85000	"slope"	-0.1524296515
"0.35"	"0.4"	"0.75"	"0.01"	"0.005"	"0.01"	"100000"	"10000"	"200"	"4598772456888753254"	85000	"intercept"	0.708372325
"0.35"	"0.4"	"0.75"	"0.01"	"0.005"	"0.01"	"100000"	"10000"	"200"	"4598772456888753254"	90000	"slope"	-0.1206937435
"0.35"	"0.4"	"0.75"	"0.01"	"0.005"	"0.01"	"100000"	"10000"	"200"	"4598772456888753254"	90000	"intercept"	0.6854813
"0.35"	"0.4"	"0.75"	"0.01"	"0.005"	"0.01"	"100000"	"10000"	"200"	"4598772456888753254"	95000	"slope"	-0.1400613605
"0.35"	"0.4"	"0.75"	"0.01"	"0.005"	"0.01"	"100000"	"10000"	"200"	"4598772456888753254"	95000	"intercept"	0.69656662
"0.35"	"0.4"	"0.75"	"0.01"	"0.005"	"0.01"	"100000"	"10000"	"200"	"4598772456888753254"	100000	"slope"	-0.127834592
"0.35"	"0.4"	"0.75"	"0.01"	"0.005"	"0.01"	"100000"	"10000"	"200"	"4598772456888753254"	100000	"intercept"	0.687668955
"0.35"	"0.4"	"0.75"	"0.01"	"0.005"	"0.01"	"100000"	"10000"	"200"	"5641462420459730550"	10	"slope"	0.00011179294
"0.35"	"0.4"	"0.75"	"0.01"	"0.005"	"0.01"	"100000"	"10000"	"200"	"5641462420459730550"	10	"intercept"	0.499979675
"0.35"	"0.4"	"0.75"	"0.01"	"0.005"	"0.01"	"100000"	"10000"	"200"	"5641462420459730550"	5000	"slope"	0.02128970768
"0.35"	"0.4"	"0.75"	"0.01"	"0.005"	"0.01"	"100000"	"10000"	"200"	"5641462420459730550"	5000	"intercept"	0.586898255
"0.35"	"0.4"	"0.75"	"0.01"	"0.005"	"0.01"	"100000"	"10000"	"200"	"5641462420459730550"	10000	"slope"	-0.03226781679
"0.35"	"0.4"	"0.75"	"0.01"	"0.005"	"0.01"	"100000"	"10000"	"200"	"5641462420459730550"	10000	"intercept"	0.622850945
"0.35"	"0.4"	"0.75"	"0.01"	"0.005"	"0.01"	"100000"	"10000"	"200"	"5641462420459730550"	15000	"slope"	-0.05342727239
"0.35"	"0.4"	"0.75"	"0.01"	"0.005"	"0.01"	"100000"	"10000"	"200"	"5641462420459730550"	15000	"intercept"	0.634789105
"0.35"	"0.4"	"0.75"	"0.01"	"0.005"	"0.01"	"100000"	"10000"	"200"	"5641462420459730550"	20000	"slope"	-0.072658482
"0.35"	"0.4"	"0.75"	"0.01"	"0.005"	"0.01"	"100000"	"10000"	"200"	"5641462420459730550"	20000	"intercept"	0.641877075
"0.35"	"0.4"	"0.75"	"0.01"	"0.005"	"0.01"	"100000"	"10000"	"200"	"5641462420459730550"	25000	"slope"	-0.0865517575
"0.35"	"0.4"	"0.75"	"0.01"	"0.005"	"0.01"	"100000"	"10000"	"200"	"5641462420459730550"	25000	"intercept"	0.66116668
"0.35"	"0.4"	"0.75"	"0.01"	"0.005"	"0.01"	"100000"	"10000"	"200"	"5641462420459730550"	30000	"slope"	-0.1012674975
"0.35"	"0.4"	"0.75"	"0.01"	"0.005"	"0.01"	"100000"	"10000"	"200"	"5641462420459730550"	30000	"intercept"	0.673866035
"0.35"	"0.4"	"0.75"	"0.01"	"0.005"	"0.01"	"100000"	"10000"	"200"	"5641462420459730550"	35000	"slope"	-0.108930219
"0.35"	"0.4"	"0.75"	"0.01"	"0.005"	"0.01"	"100000"	"10000"	"200"	"5641462420459730550"	35000	"intercept"	0.673900035
"0.35"	"0.4"	"0.75"	"0.01"	"0.005"	"0.01"	"100000"	"10000"	"200"	"5641462420459730550"	40000	"slope"	-0.084664826
"0.35"	"0.4"	"0.75"	"0.01"	"0.005"	"0.01"	"100000"	"10000"	"200"	"5641462420459730550"	40000	"intercept"	0.664850915
"0.35"	"0.4"	"0.75"	"0.01"	"0.005"	"0.01"	"100000"	"10000"	"200"	"5641462420459730550"	45000	"slope"	-0.08905197945
"0.35"	"0.4"	"0.75"	"0.01"	"0.005"	"0.01"	"100000"	"10000"	"200"	"5641462420459730550"	45000	"intercept"	0.66769973
"0.35"	"0.4"	"0.75"	"0.01"	"0.005"	"0.01"	"100000"	"10000"	"200"	"5641462420459730550"	50000	"slope"	-0.161914315
"0.35"	"0.4"	"0.75"	"0.01"	"0.005"	"0.01"	"100000"	"10000"	"200"	"5641462420459730550"	50000	"intercept"	0.71248627
"0.35"	"0.4"	"0.75"	"0.01"	"0.005"	"0.01"	"100000"	"10000"	"200"	"5641462420459730550"	55000	"slope"	-0.166300215
"0.35"	"0.4"	"0.75"	"0.01"	"0.005"	"0.01"	"100000"	"10000"	"200"	"5641462420459730550"	55000	"intercept"	0.709197785
"0.35"	"0.4"	"0.75"	"0.01"	"0.005"	"0.01"	"100000"	"10000"	"200"	"5641462420459730550"	60000	"slope"	-0.131526598
"0.35"	"0.4"	"0.75"	"0.01"	"0.005"	"0.01"	"100000"	"10000"	"200"	"5641462420459730550"	60000	"intercept"	0.69447771
"0.35"	"0.4"	"0.75"	"0.01"	"0.005"	"0.01"	"100000"	"10000"	"200"	"5641462420459730550"	65000	"slope"	-0.1298074755
"0.35"	"0.4"	"0.75"	"0.01"	"0.005"	"0.01"	"100000"	"10000"	"200"	"5641462420459730550"	65000	"intercept"	0.696008545
"0.35"	"0.4"	"0.75"	"0.01"	"0.005"	"0.01"	"100000"	"10000"	"200"	"5641462420459730550"	70000	"slope"	-0.142304297
"0.35"	"0.4"	"0.75"	"0.01"	"0.005"	"0.01"	"100000"	"10000"	"200"	"5641462420459730550"	70000	"intercept"	0.699169055
"0.35"	"0.4"	"0.75"	"0.01"	"0.005"	"0.01"	"100000"	"10000"	"200"	"5641462420459730550"	75000	"slope"	-0.1394464335
"0.35"	"0.4"	"0.75"	"0.01"	"0.005"	"0.01"	"100000"	"10000"	"200"	"5641462420459730550"	75000	"intercept"	0.690808065
"0.35"	"0.4"	"0.75"	"0.01"	"0.005"	"0.01"	"100000"	"10000"	"200"	"5641462420459730550"	80000	"slope"	-0.171333307
"0.35"	"0.4"	"0.75"	"0.01"	"0.005"	"0.01"	"100000"	"10000"	"200"	"5641462420459730550"	80000	"intercept"	0.721248225
"0.35"	"0.4"	"0.75"	"0.01"	"0.005"	"0.01"	"100000"	"10000"	"200"	"5641462420459730550"	85000	"slope"	-0.1660578985
"0.35"	"0.4"	"0.75"	"0.01"	"0.005"	"0.01"	"100000"	"10000"	"200"	"5641462420459730550"	85000	"intercept"	0.71098511
"0.35"	"0.4"	"0.75"	"0.01"	"0.005"	"0.01"	"100000"	"10000"	"200"	"5641462420459730550"	90000	"slope"	-0.14342288
"0.35"	"0.4"	"0.75"	"0.01"	"0.005"	"0.01"	"100000"	"10000"	"200"	"5641462420459730550"	90000	"intercept"	0.697531565
"0.35"	"0.4"	"0.75"	"0.01"	"0.005"	"0.01"	"100000"	"10000"	"200"	"5641462420459730550"	95000	"slope"	-0.1411070329
"0.35"	"0.4"	"0.75"	"0.01"	"0.005"	"0.01"	"100000"	"10000"	"200"	"5641462420459730550"	95000	"intercept"	0.69829728
"0.35"	"0.4"	"0.75"	"0.01"	"0.005"	"0.01"	"100000"	"10000"	"200"	"5641462420459730550"	100000	"slope"	-0.1394412125
"0.35"	"0.4"	"0.75"	"0.01"	"0.005"	"0.01"	"100000"	"10000"	"200"	"5641462420459730550"	100000	"intercept"	0.69896999
"0.35"	"0.4"	"0.75"	"0.01"	"0.005"	"0.01"	"100000"	"10000"	"200"	"7566412867163861706"	10	"slope"	-0.000145439539
"0.35"	"0.4"	"0.75"	"0.01"	"0.005"	"0.01"	"100000"	"10000"	"200"	"7566412867163861706"	10	"intercept"	0.499868385
"0.35"	"0.4"	"0.75"	"0.01"	"0.005"	"0.01"	"100000"	"10000"	"200"	"7566412867163861706"	5000	"slope"	0.054626945965
"0.35"	"0.4"	"0.75"	"0.01"	"0.005"	"0.01"	"100000"	"10000"	"200"	"7566412867163861706"	5000	"intercept"	0.57256804
"0.35"	"0.4"	"0.75"	"0.01"	"0.005"	"0.01"	"100000"	"10000"	"200"	"7566412867163861706"	10000	"slope"	0.00587984993
"0.35"	"0.4"	"0.75"	"0.01"	"0.005"	"0.01"	"100000"	"10000"	"200"	"7566412867163861706"	10000	"intercept"	0.602530405
"0.35"	"0.4"	"0.75"	"0.01"	"0.005"	"0.01"	"100000"	"10000"	"200"	"7566412867163861706"	15000	"slope"	0.003112975505
"0.35"	"0.4"	"0.75"	"0.01"	"0.005"	"0.01"	"100000"	"10000"	"200"	"7566412867163861706"	15000	"intercept"	0.6055872
"0.35"	"0.4"	"0.75"	"0.01"	"0.005"	"0.01"	"100000"	"10000"	"200"	"7566412867163861706"	20000	"slope"	-0.024700710174
"0.35"	"0.4"	"0.75"	"0.01"	"0.005"	"0.01"	"100000"	"10000"	"200"	"7566412867163861706"	20000	"intercept"	0.624313705
"0.35"	"0.4"	"0.75"	"0.01"	"0.005"	"0.01"	"100000"	"10000"	"200"	"7566412867163861706"	25000	"slope"	-0.035261259245
"0.35"	"0.4"	"0.75"	"0.01"	"0.005"	"0.01"	"100000"	"10000"	"200"	"7566412867163861706"	25000	"intercept"	0.634605315
"0.35"	"0.4"	"0.75"	"0.01"	"0.005"	"0.01"	"100000"	"10000"	"200"	"7566412867163861706"	30000	"slope"	-0.031712143165
"0.35"	"0.4"	"0.75"	"0.01"	"0.005"	"0.01"	"100000"	"10000"	"200"	"7566412867163861706"	30000	"intercept"	0.630327565
"0.35"	"0.4"	"0.75"	"0.01"	"0.005"	"0.01"	"100000"	"10000"	"200"	"7566412867163861706"	35000	"slope"	-0.03864935064
"0.35"	"0.4"	"0.75"	"0.01"	"0.005"	"0.01"	"100000"	"10000"	"200"	"7566412867163861706"	35000	"intercept"	0.62844931
"0.35"	"0.4"	"0.75"	"0.01"	"0.005"	"0.01"	"100000"	"10000"	"200"	"7566412867163861706"	40000	"slope"	-0.1098949389
"0.35"	"0.4"	"0.75"	"0.01"	"0.005"	"0.01"	"100000"	"10000"	"200"	"7566412867163861706"	40000	"intercept"	0.67765568
"0.35"	"0.4"	"0.75"	"0.01"	"0.005"	"0.01"	"100000"	"10000"	"200"	"7566412867163861706"	45000	"slope"	-0.0900321659
"0.35"	"0.4"	"0.75"	"0.01"	"0.005"	"0.01"	"100000"	"10000"	"200"	"7566412867163861706"	45000	"intercept"	0.65966937
"0.35"	"0.4"	"0.75"	"0.01"	"0.005"	"0.01"	"100000"	"10000"	"200"	"7566412867163861706"	50000	"slope"	-0.11831015205
"0.35"	"0.4"	"0.75"	"0.01"	"0.005"	"0.01"	"100000"	"10000"	"200"	"7566412867163861706"	50000	"intercept"	0.684787335
"0.35"	"0.4"	"0.75"	"0.01"	"0.005"	"0.01"	"100000"	"10000"	"200"	"7566412867163861706"	55000	"slope"	-0.165453137
"0.35"	"0.4"	"0.75"	"0.01"	"0.005"	"0.01"	"100000"	"10000"	"200"	"7566412867163861706"	55000	"intercept"	0.713517505
"0.35"	"0.4"	"0.75"	"0.01"	"0.005"	"0.01"	"100000"	"10000"	"200"	"7566412867163861706"	60000	"slope"	-0.1487579855
"0.35"	"0.4"	"0.75"	"0.01"	"0.005"	"0.01"	"100000"	"10000"	"200"	"7566412867163861706"	60000	"intercept"	0.710742755
"0.35"	"0.4"	"0.75"	"0.01"	"0.005"	"0.01"	"100000"	"10000"	"200"	"7566412867163861706"	65000	"slope"	-0.155997964
"0.35"	"0.4"	"0.75"	"0.01"	"0.005"	"0.01"	"100000"	"10000"	"200"	"7566412867163861706"	65000	"intercept"	0.70874172
"0.35"	"0.4"	"0.75"	"0.01"	"0.005"	"0.01"	"100000"	"10000"	"200"	"7566412867163861706"	70000	"slope"	-0.141784224
"0.35"	"0.4"	"0.75"	"0.01"	"0.005"	"0.01"	"100000"	"10000"	"200"	"7566412867163861706"	70000	"intercept"	0.698528165
"0.35"	"0.4"	"0.75"	"0.01"	"0.005"	"0.01"	"100000"	"10000"	"200"	"7566412867163861706"	75000	"slope"	-0.152008677
"0.35"	"0.4"	"0.75"	"0.01"	"0.005"	"0.01"	"100000"	"10000"	"200"	"7566412867163861706"	75000	"intercept"	0.711733415
"0.35"	"0.4"	"0.75"	"0.01"	"0.005"	"0.01"	"100000"	"10000"	"200"	"7566412867163861706"	80000	"slope"	-0.150478164
"0.35"	"0.4"	"0.75"	"0.01"	"0.005"	"0.01"	"100000"	"10000"	"200"	"7566412867163861706"	80000	"intercept"	0.70689951
"0.35"	"0.4"	"0.75"	"0.01"	"0.005"	"0.01"	"100000"	"10000"	"200"	"7566412867163861706"	85000	"slope"	-0.1585469605
"0.35"	"0.4"	"0.75"	"0.01"	"0.005"	"0.01"	"100000"	"10000"	"200"	"7566412867163861706"	85000	"intercept"	0.714139905
"0.35"	"0.4"	"0.75"	"0.01"	"0.005"	"0.01"	"100000"	"10000"	"200"	"7566412867163861706"	90000	"slope"	-0.1871323505
"0.35"	"0.4"	"0.75"	"0.01"	"0.005"	"0.01"	"100000"	"10000"	"200"	"7566412867163861706"	90000	"intercept"	0.735855
"0.35"	"0.4"	"0.75"	"0.01"	"0.005"	"0.01"	"100000"	"10000"	"200"	"7566412867163861706"	95000	"slope"	-0.194944984
"0.35"	"0.4"	"0.75"	"0.01"	"0.005"	"0.01"	"100000"	"10000"	"200"	"7566412867163861706"	95000	"intercept"	0.740308755
"0.35"	"0.4"	"0.75"	"0.01"	"0.005"	"0.01"	"100000"	"10000"	"200"	"7566412867163861706"	100000	"slope"	-0.20289886
"0.35"	"0.4"	"0.75"	"0.01"	"0.005"	"0.01"	"100000"	"10000"	"200"	"7566412867163861706"	100000	"intercept"	0.73717375
"0.35"	"0.6"	"0.75"	"0.01"	"0.005"	"0.01"	"100000"	"10000"	"200"	"4245634868286634607"	10	"slope"	-0.0001561796755
"0.35"	"0.6"	"0.75"	"0.01"	"0.005"	"0.01"	"100000"	"10000"	"200"	"4245634868286634607"	10	"intercept"	0.499974095
"0.35"	"0.6"	"0.75"	"0.01"	"0.005"	"0.01"	"100000"	"10000"	"200"	"4245634868286634607"	5000	"slope"	0.03335478247845
"0.35"	"0.6"	"0.75"	"0.01"	"0.005"	"0.01"	"100000"	"10000"	"200"	"4245634868286634607"	5000	"intercept"	0.582554665
"0.35"	"0.6"	"0.75"	"0.01"	"0.005"	"0.01"	"100000"	"10000"	"200"	"4245634868286634607"	10000	"slope"	0.02789024467
"0.35"	"0.6"	"0.75"	"0.01"	"0.005"	"0.01"	"100000"	"10000"	"200"	"4245634868286634607"	10000	"intercept"	0.575084125
"0.35"	"0.6"	"0.75"	"0.01"	"0.005"	"0.01"	"100000"	"10000"	"200"	"4245634868286634607"	15000	"slope"	-0.00251379455
"0.35"	"0.6"	"0.75"	"0.01"	"0.005"	"0.01"	"100000"	"10000"	"200"	"4245634868286634607"	15000	"intercept"	0.60989502
"0.35"	"0.6"	"0.75"	"0.01"	"0.005"	"0.01"	"100000"	"10000"	"200"	"4245634868286634607"	20000	"slope"	-0.030415252745
"0.35"	"0.6"	"0.75"	"0.01"	"0.005"	"0.01"	"100000"	"10000"	"200"	"4245634868286634607"	20000	"intercept"	0.61780172
"0.35"	"0.6"	"0.75"	"0.01"	"0.005"	"0.01"	"100000"	"10000"	"200"	"4245634868286634607"	25000	"slope"	-0.1594373885
"0.35"	"0.6"	"0.75"	"0.01"	"0.005"	"0.01"	"100000"	"10000"	"200"	"4245634868286634607"	25000	"intercept"	0.694705155
"0.35"	"0.6"	"0.75"	"0.01"	"0.005"	"0.01"	"100000"	"10000"	"200"	"4245634868286634607"	30000	"slope"	-0.1850884175
"0.35"	"0.6"	"0.75"	"0.01"	"0.005"	"0.01"	"100000"	"10000"	"200"	"4245634868286634607"	30000	"intercept"	0.683619855
"0.35"	"0.6"	"0.75"	"0.01"	"0.005"	"0.01"	"100000"	"10000"	"200"	"4245634868286634607"	35000	"slope"	-0.158664571
"0.35"	"0.6"	"0.75"	"0.01"	"0.005"	"0.01"	"100000"	"10000"	"200"	"4245634868286634607"	35000	"intercept"	0.718535885
"0.35"	"0.6"	"0.75"	"0.01"	"0.005"	"0.01"	"100000"	"10000"	"200"	"4245634868286634607"	40000	"slope"	-0.208208411955
"0.35"	"0.6"	"0.75"	"0.01"	"0.005"	"0.01"	"100000"	"10000"	"200"	"4245634868286634607"	40000	"intercept"	0.730195375
"0.35"	"0.6"	"0.75"	"0.01"	"0.005"	"0.01"	"100000"	"10000"	"200"	"4245634868286634607"	45000	"slope"	-0.245905988905
"0.35"	"0.6"	"0.75"	"0.01"	"0.005"	"0.01"	"100000"	"10000"	"200"	"4245634868286634607"	45000	"intercept"	0.7061338
"0.35"	"0.6"	"0.75"	"0.01"	"0.005"	"0.01"	"100000"	"10000"	"200"	"4245634868286634607"	50000	"slope"	-0.268275607
"0.35"	"0.6"	"0.75"	"0.01"	"0.005"	"0.01"	"100000"	"10000"	"200"	"4245634868286634607"	50000	"intercept"	0.71563428
"0.35"	"0.6"	"0.75"	"0.01"	"0.005"	"0.01"	"100000"	"10000"	"200"	"4245634868286634607"	55000	"slope"	-0.25714306594
"0.35"	"0.6"	"0.75"	"0.01"	"0.005"	"0.01"	"100000"	"10000"	"200"	"4245634868286634607"	55000	"intercept"	0.706670005
"0.35"	"0.6"	"0.75"	"0.01"	"0.005"	"0.01"	"100000"	"10000"	"200"	"4245634868286634607"	60000	"slope"	-0.252550998624
"0.35"	"0.6"	"0.75"	"0.01"	"0.005"	"0.01"	"100000"	"10000"	"200"	"4245634868286634607"	60000	"intercept"	0.68016505
"0.35"	"0.6"	"0.75"	"0.01"	"0.005"	"0.01"	"100000"	"10000"	"200"	"4245634868286634607"	65000	"slope"	-0.2672768147
"0.35"	"0.6"	"0.75"	"0.01"	"0.005"	"0.01"	"100000"	"10000"	"200"	"4245634868286634607"	65000	"intercept"	0.684368375
"0.35"	"0.6"	"0.75"	"0.01"	"0.005"	"0.01"	"100000"	"10000"	"200"	"4245634868286634607"	70000	"slope"	-0.24836358384
"0.35"	"0.6"	"0.75"	"0.01"	"0.005"	"0.01"	"100000"	"10000"	"200"	"4245634868286634607"	70000	"intercept"	0.67577677185
"0.35"	"0.6"	"0.75"	"0.01"	"0.005"	"0.01"	"100000"	"10000"	"200"	"4245634868286634607"	75000	"slope"	-0.24115751425
"0.35"	"0.6"	"0.75"	"0.01"	"0.005"	"0.01"	"100000"	"10000"	"200"	"4245634868286634607"	75000	"intercept"	0.68040901175
"0.35"	"0.6"	"0.75"	"0.01"	"0.005"	"0.01"	"100000"	"10000"	"200"	"4245634868286634607"	80000	"slope"	-0.190025305483
"0.35"	"0.6"	"0.75"	"0.01"	"0.005"	"0.01"	"100000"	"10000"	"200"	"4245634868286634607"	80000	"intercept"	0.657229433
"0.35"	"0.6"	"0.75"	"0.01"	"0.005"	"0.01"	"100000"	"10000"	"200"	"4245634868286634607"	85000	"slope"	-0.17647837015
"0.35"	"0.6"	"0.75"	"0.01"	"0.005"	"0.01"	"100000"	"10000"	"200"	"4245634868286634607"	85000	"intercept"	0.662289735
"0.35"	"0.6"	"0.75"	"0.01"	"0.005"	"0.01"	"100000"	"10000"	"200"	"4245634868286634607"	90000	"slope"	-0.1604333027
"0.35"	"0.6"	"0.75"	"0.01"	"0.005"	"0.01"	"100000"	"10000"	"200"	"4245634868286634607"	90000	"intercept"	0.63810162
"0.35"	"0.6"	"0.75"	"0.01"	"0.005"	"0.01"	"100000"	"10000"	"200"	"4245634868286634607"	95000	"slope"	-0.1803635605
"0.35"	"0.6"	"0.75"	"0.01"	"0.005"	"0.01"	"100000"	"10000"	"200"	"4245634868286634607"	95000	"intercept"	0.614185295
"0.35"	"0.6"	"0.75"	"0.01"	"0.005"	"0.01"	"100000"	"10000"	"200"	"4245634868286634607"	100000	"slope"	-0.180394871205
"0.35"	"0.6"	"0.75"	"0.01"	"0.005"	"0.01"	"100000"	"10000"	"200"	"4245634868286634607"	100000	"intercept"	0.678868545
"0.35"	"0.6"	"0.75"	"0.01"	"0.005"	"0.01"	"100000"	"10000"	"200"	"6284136838892954758"	10	"slope"	0.00011466488
"0.35"	"0.6"	"0.75"	"0.01"	"0.005"	"0.01"	"100000"	"10000"	"200"	"6284136838892954758"	10	"intercept"	0.500029825
"0.35"	"0.6"	"0.75"	"0.01"	"0.005"	"0.01"	"100000"	"10000"	"200"	"6284136838892954758"	5000	"slope"	0.021666118195
"0.35"	"0.6"	"0.75"	"0.01"	"0.005"	"0.01"	"100000"	"10000"	"200"	"6284136838892954758"	5000	"intercept"	0.58251945
"0.35"	"0.6"	"0.75"	"0.01"	"0.005"	"0.01"	"100000"	"10000"	"200"	"6284136838892954758"	10000	"slope"	-0.053319666125
"0.35"	"0.6"	"0.75"	"0.01"	"0.005"	"0.01"	"100000"	"10000"	"200"	"6284136838892954758"	10000	"intercept"	0.63133017
"0.35"	"0.6"	"0.75"	"0.01"	"0.005"	"0.01"	"100000"	"10000"	"200"	"6284136838892954758"	15000	"slope"	-0.06764565245
"0.35"	"0.6"	"0.75"	"0.01"	"0.005"	"0.01"	"100000"	"10000"	"200"	"6284136838892954758"	15000	"intercept"	0.64685171
"0.35"	"0.6"	"0.75"	"0.01"	"0.005"	"0.01"	"100000"	"10000"	"200"	"6284136838892954758"	20000	"slope"	-0.0961718892
"0.35"	"0.6"	"0.75"	"0.01"	"0.005"	"0.01"	"100000"	"10000"	"200"	"6284136838892954758"	20000	"intercept"	0.652426745
"0.35"	"0.6"	"0.75"	"0.01"	"0.005"	"0.01"	"100000"	"10000"	"200"	"6284136838892954758"	25000	"slope"	-0.1493103004
"0.35"	"0.6"	"0.75"	"0.01"	"0.005"	"0.01"	"100000"	"10000"	"200"	"6284136838892954758"	25000	"intercept"	0.661922215
"0.35"	"0.6"	"0.75"	"0.01"	"0.005"	"0.01"	"100000"	"10000"	"200"	"6284136838892954758"	30000	"slope"	-0.108786478
"0.35"	"0.6"	"0.75"	"0.01"	"0.005"	"0.01"	"100000"	"10000"	"200"	"6284136838892954758"	30000	"intercept"	0.68622427
"0.35"	"0.6"	"0.75"	"0.01"	"0.005"	"0.01"	"100000"	"10000"	"200"	"6284136838892954758"	35000	"slope"	-0.111408246
"0.35"	"0.6"	"0.75"	"0.01"	"0.005"	"0.01"	"100000"	"10000"	"200"	"6284136838892954758"	35000	"intercept"	0.646204275
"0.35"	"0.6"	"0.75"	"0.01"	"0.005"	"0.01"	"100000"	"10000"	"200"	"6284136838892954758"	40000	"slope"	-0.0960886885
"0.35"	"0.6"	"0.75"	"0.01"	"0.005"	"0.01"	"100000"	"10000"	"200"	"6284136838892954758"	40000	"intercept"	0.639844455
"0.35"	"0.6"	"0.75"	"0.01"	"0.005"	"0.01"	"100000"	"10000"	"200"	"6284136838892954758"	45000	"slope"	-0.0492116365
"0.35"	"0.6"	"0.75"	"0.01"	"0.005"	"0.01"	"100000"	"10000"	"200"	"6284136838892954758"	45000	"intercept"	0.6184797775
"0.35"	"0.6"	"0.75"	"0.01"	"0.005"	"0.01"	"100000"	"10000"	"200"	"6284136838892954758"	50000	"slope"	-0.1008514225
"0.35"	"0.6"	"0.75"	"0.01"	"0.005"	"0.01"	"100000"	"10000"	"200"	"6284136838892954758"	50000	"intercept"	0.612007602335
"0.35"	"0.6"	"0.75"	"0.01"	"0.005"	"0.01"	"100000"	"10000"	"200"	"6284136838892954758"	55000	"slope"	-0.119917179
"0.35"	"0.6"	"0.75"	"0.01"	"0.005"	"0.01"	"100000"	"10000"	"200"	"6284136838892954758"	55000	"intercept"	0.630434315
"0.35"	"0.6"	"0.75"	"0.01"	"0.005"	"0.01"	"100000"	"10000"	"200"	"6284136838892954758"	60000	"slope"	-0.16054002793
"0.35"	"0.6"	"0.75"	"0.01"	"0.005"	"0.01"	"100000"	"10000"	"200"	"6284136838892954758"	60000	"intercept"	0.623226867
"0.35"	"0.6"	"0.75"	"0.01"	"0.005"	"0.01"	"100000"	"10000"	"200"	"6284136838892954758"	65000	"slope"	-0.1512183645
"0.35"	"0.6"	"0.75"	"0.01"	"0.005"	"0.01"	"100000"	"10000"	"200"	"6284136838892954758"	65000	"intercept"	0.624807745
"0.35"	"0.6"	"0.75"	"0.01"	"0.005"	"0.01"	"100000"	"10000"	"200"	"6284136838892954758"	70000	"slope"	-0.18255611813
"0.35"	"0.6"	"0.75"	"0.01"	"0.005"	"0.01"	"100000"	"10000"	"200"	"6284136838892954758"	70000	"intercept"	0.63914355
"0.35"	"0.6"	"0.75"	"0.01"	"0.005"	"0.01"	"100000"	"10000"	"200"	"6284136838892954758"	75000	"slope"	-0.1640063075
"0.35"	"0.6"	"0.75"	"0.01"	"0.005"	"0.01"	"100000"	"10000"	"200"	"6284136838892954758"	75000	"intercept"	0.652245135
"0.35"	"0.6"	"0.75"	"0.01"	"0.005"	"0.01"	"100000"	"10000"	"200"	"6284136838892954758"	80000	"slope"	-0.1345767367
"0.35"	"0.6"	"0.75"	"0.01"	"0.005"	"0.01"	"100000"	"10000"	"200"	"6284136838892954758"	80000	"intercept"	0.64982166
"0.35"	"0.6"	"0.75"	"0.01"	"0.005"	"0.01"	"100000"	"10000"	"200"	"6284136838892954758"	85000	"slope"	-0.1360007187
"0.35"	"0.6"	"0.75"	"0.01"	"0.005"	"0.01"	"100000"	"10000"	"200"	"6284136838892954758"	85000	"intercept"	0.593345165
"0.35"	"0.6"	"0.75"	"0.01"	"0.005"	"0.01"	"100000"	"10000"	"200"	"6284136838892954758"	90000	"slope"	-0.15214967075
"0.35"	"0.6"	"0.75"	"0.01"	"0.005"	"0.01"	"100000"	"10000"	"200"	"6284136838892954758"	90000	"intercept"	0.57599837
"0.35"	"0.6"	"0.75"	"0.01"	"0.005"	"0.01"	"100000"	"10000"	"200"	"6284136838892954758"	95000	"slope"	-0.11828766165
"0.35"	"0.6"	"0.75"	"0.01"	"0.005"	"0.01"	"100000"	"10000"	"200"	"6284136838892954758"	95000	"intercept"	0.63132653
"0.35"	"0.6"	"0.75"	"0.01"	"0.005"	"0.01"	"100000"	"10000"	"200"	"6284136838892954758"	100000	"slope"	-0.1274990869
"0.35"	"0.6"	"0.75"	"0.01"	"0.005"	"0.01"	"100000"	"10000"	"200"	"6284136838892954758"	100000	"intercept"	0.622878215
"0.35"	"0.6"	"0.75"	"0.01"	"0.005"	"0.01"	"100000"	"10000"	"200"	"8080862329962294395"	10	"slope"	0.000274671993
"0.35"	"0.6"	"0.75"	"0.01"	"0.005"	"0.01"	"100000"	"10000"	"200"	"8080862329962294395"	10	"intercept"	0.499982385
"0.35"	"0.6"	"0.75"	"0.01"	"0.005"	"0.01"	"100000"	"10000"	"200"	"8080862329962294395"	5000	"slope"	0.0028345106845
"0.35"	"0.6"	"0.75"	"0.01"	"0.005"	"0.01"	"100000"	"10000"	"200"	"8080862329962294395"	5000	"intercept"	0.599830995
"0.35"	"0.6"	"0.75"	"0.01"	"0.005"	"0.01"	"100000"	"10000"	"200"	"8080862329962294395"	10000	"slope"	-0.042063572485
"0.35"	"0.6"	"0.75"	"0.01"	"0.005"	"0.01"	"100000"	"10000"	"200"	"8080862329962294395"	10000	"intercept"	0.620442115
"0.35"	"0.6"	"0.75"	"0.01"	"0.005"	"0.01"	"100000"	"10000"	"200"	"8080862329962294395"	15000	"slope"	-0.10013394854
"0.35"	"0.6"	"0.75"	"0.01"	"0.005"	"0.01"	"100000"	"10000"	"200"	"8080862329962294395"	15000	"intercept"	0.649161475
"0.35"	"0.6"	"0.75"	"0.01"	"0.005"	"0.01"	"100000"	"10000"	"200"	"8080862329962294395"	20000	"slope"	-0.1295206047
"0.35"	"0.6"	"0.75"	"0.01"	"0.005"	"0.01"	"100000"	"10000"	"200"	"8080862329962294395"	20000	"intercept"	0.686286455
"0.35"	"0.6"	"0.75"	"0.01"	"0.005"	"0.01"	"100000"	"10000"	"200"	"8080862329962294395"	25000	"slope"	-0.16973420695
"0.35"	"0.6"	"0.75"	"0.01"	"0.005"	"0.01"	"100000"	"10000"	"200"	"8080862329962294395"	25000	"intercept"	0.672388675
"0.35"	"0.6"	"0.75"	"0.01"	"0.005"	"0.01"	"100000"	"10000"	"200"	"8080862329962294395"	30000	"slope"	-0.168496642745
"0.35"	"0.6"	"0.75"	"0.01"	"0.005"	"0.01"	"100000"	"10000"	"200"	"8080862329962294395"	30000	"intercept"	0.687953025
"0.35"	"0.6"	"0.75"	"0.01"	"0.005"	"0.01"	"100000"	"10000"	"200"	"8080862329962294395"	35000	"slope"	-0.1648030514785
"0.35"	"0.6"	"0.75"	"0.01"	"0.005"	"0.01"	"100000"	"10000"	"200"	"8080862329962294395"	35000	"intercept"	0.719377765
"0.35"	"0.6"	"0.75"	"0.01"	"0.005"	"0.01"	"100000"	"10000"	"200"	"8080862329962294395"	40000	"slope"	-0.2085393726
"0.35"	"0.6"	"0.75"	"0.01"	"0.005"	"0.01"	"100000"	"10000"	"200"	"8080862329962294395"	40000	"intercept"	0.71268287
"0.35"	"0.6"	"0.75"	"0.01"	"0.005"	"0.01"	"100000"	"10000"	"200"	"8080862329962294395"	45000	"slope"	-0.22154441522
"0.35"	"0.6"	"0.75"	"0.01"	"0.005"	"0.01"	"100000"	"10000"	"200"	"8080862329962294395"	45000	"intercept"	0.70486879
"0.35"	"0.6"	"0.75"	"0.01"	"0.005"	"0.01"	"100000"	"10000"	"200"	"8080862329962294395"	50000	"slope"	-0.211565355
"0.35"	"0.6"	"0.75"	"0.01"	"0.005"	"0.01"	"100000"	"10000"	"200"	"8080862329962294395"	50000	"intercept"	0.738466265
"0.35"	"0.6"	"0.75"	"0.01"	"0.005"	"0.01"	"100000"	"10000"	"200"	"8080862329962294395"	55000	"slope"	-0.2125301325
"0.35"	"0.6"	"0.75"	"0.01"	"0.005"	"0.01"	"100000"	"10000"	"200"	"8080862329962294395"	55000	"intercept"	0.70587623
"0.35"	"0.6"	"0.75"	"0.01"	"0.005"	"0.01"	"100000"	"10000"	"200"	"8080862329962294395"	60000	"slope"	-0.2848034155
"0.35"	"0.6"	"0.75"	"0.01"	"0.005"	"0.01"	"100000"	"10000"	"200"	"8080862329962294395"	60000	"intercept"	0.742134165
"0.35"	"0.6"	"0.75"	"0.01"	"0.005"	"0.01"	"100000"	"10000"	"200"	"8080862329962294395"	65000	"slope"	-0.281835342
"0.35"	"0.6"	"0.75"	"0.01"	"0.005"	"0.01"	"100000"	"10000"	"200"	"8080862329962294395"	65000	"intercept"	0.721836645
"0.35"	"0.6"	"0.75"	"0.01"	"0.005"	"0.01"	"100000"	"10000"	"200"	"8080862329962294395"	70000	"slope"	-0.2547855375
"0.35"	"0.6"	"0.75"	"0.01"	"0.005"	"0.01"	"100000"	"10000"	"200"	"8080862329962294395"	70000	"intercept"	0.730868925
"0.35"	"0.6"	"0.75"	"0.01"	"0.005"	"0.01"	"100000"	"10000"	"200"	"8080862329962294395"	75000	"slope"	-0.285062302
"0.35"	"0.6"	"0.75"	"0.01"	"0.005"	"0.01"	"100000"	"10000"	"200"	"8080862329962294395"	75000	"intercept"	0.73036807
"0.35"	"0.6"	"0.75"	"0.01"	"0.005"	"0.01"	"100000"	"10000"	"200"	"8080862329962294395"	80000	"slope"	-0.294406643415
"0.35"	"0.6"	"0.75"	"0.01"	"0.005"	"0.01"	"100000"	"10000"	"200"	"8080862329962294395"	80000	"intercept"	0.73527098
"0.35"	"0.6"	"0.75"	"0.01"	"0.005"	"0.01"	"100000"	"10000"	"200"	"8080862329962294395"	85000	"slope"	-0.320022384
"0.35"	"0.6"	"0.75"	"0.01"	"0.005"	"0.01"	"100000"	"10000"	"200"	"8080862329962294395"	85000	"intercept"	0.73123474945
"0.35"	"0.6"	"0.75"	"0.01"	"0.005"	"0.01"	"100000"	"10000"	"200"	"8080862329962294395"	90000	"slope"	-0.3342249415
"0.35"	"0.6"	"0.75"	"0.01"	"0.005"	"0.01"	"100000"	"10000"	"200"	"8080862329962294395"	90000	"intercept"	0.755331674495
"0.35"	"0.6"	"0.75"	"0.01"	"0.005"	"0.01"	"100000"	"10000"	"200"	"8080862329962294395"	95000	"slope"	-0.2877996755
"0.35"	"0.6"	"0.75"	"0.01"	"0.005"	"0.01"	"100000"	"10000"	"200"	"8080862329962294395"	95000	"intercept"	0.75227187165
"0.35"	"0.6"	"0.75"	"0.01"	"0.005"	"0.01"	"100000"	"10000"	"200"	"8080862329962294395"	100000	"slope"	-0.265328981895
"0.35"	"0.6"	"0.75"	"0.01"	"0.005"	"0.01"	"100000"	"10000"	"200"	"8080862329962294395"	100000	"intercept"	0.7091741835
"0.35"	"0.8"	"0.75"	"0.01"	"0.005"	"0.01"	"100000"	"10000"	"200"	"1840936543038514235"	10	"slope"	0.000130358465
"0.35"	"0.8"	"0.75"	"0.01"	"0.005"	"0.01"	"100000"	"10000"	"200"	"1840936543038514235"	10	"intercept"	0.500239785
"0.35"	"0.8"	"0.75"	"0.01"	"0.005"	"0.01"	"100000"	"10000"	"200"	"1840936543038514235"	5000	"slope"	-0.0436382397312
"0.35"	"0.8"	"0.75"	"0.01"	"0.005"	"0.01"	"100000"	"10000"	"200"	"1840936543038514235"	5000	"intercept"	0.60699723
"0.35"	"0.8"	"0.75"	"0.01"	"0.005"	"0.01"	"100000"	"10000"	"200"	"1840936543038514235"	10000	"slope"	-0.129994284
"0.35"	"0.8"	"0.75"	"0.01"	"0.005"	"0.01"	"100000"	"10000"	"200"	"1840936543038514235"	10000	"intercept"	0.667605535
"0.35"	"0.8"	"0.75"	"0.01"	"0.005"	"0.01"	"100000"	"10000"	"200"	"1840936543038514235"	15000	"slope"	-0.1454985401495
"0.35"	"0.8"	"0.75"	"0.01"	"0.005"	"0.01"	"100000"	"10000"	"200"	"1840936543038514235"	15000	"intercept"	0.660882975
"0.35"	"0.8"	"0.75"	"0.01"	"0.005"	"0.01"	"100000"	"10000"	"200"	"1840936543038514235"	20000	"slope"	-0.175729726095
"0.35"	"0.8"	"0.75"	"0.01"	"0.005"	"0.01"	"100000"	"10000"	"200"	"1840936543038514235"	20000	"intercept"	0.6597096235
"0.35"	"0.8"	"0.75"	"0.01"	"0.005"	"0.01"	"100000"	"10000"	"200"	"1840936543038514235"	25000	"slope"	-0.240153401645
"0.35"	"0.8"	"0.75"	"0.01"	"0.005"	"0.01"	"100000"	"10000"	"200"	"1840936543038514235"	25000	"intercept"	0.664674015
"0.35"	"0.8"	"0.75"	"0.01"	"0.005"	"0.01"	"100000"	"10000"	"200"	"1840936543038514235"	30000	"slope"	-0.233390405195
"0.35"	"0.8"	"0.75"	"0.01"	"0.005"	"0.01"	"100000"	"10000"	"200"	"1840936543038514235"	30000	"intercept"	0.611486015
"0.35"	"0.8"	"0.75"	"0.01"	"0.005"	"0.01"	"100000"	"10000"	"200"	"1840936543038514235"	35000	"slope"	-0.2078520515
"0.35"	"0.8"	"0.75"	"0.01"	"0.005"	"0.01"	"100000"	"10000"	"200"	"1840936543038514235"	35000	"intercept"	0.627090885
"0.35"	"0.8"	"0.75"	"0.01"	"0.005"	"0.01"	"100000"	"10000"	"200"	"1840936543038514235"	40000	"slope"	-0.1894914585
"0.35"	"0.8"	"0.75"	"0.01"	"0.005"	"0.01"	"100000"	"10000"	"200"	"1840936543038514235"	40000	"intercept"	0.599137485
"0.35"	"0.8"	"0.75"	"0.01"	"0.005"	"0.01"	"100000"	"10000"	"200"	"1840936543038514235"	45000	"slope"	-0.21268157755
"0.35"	"0.8"	"0.75"	"0.01"	"0.005"	"0.01"	"100000"	"10000"	"200"	"1840936543038514235"	45000	"intercept"	0.618240545
"0.35"	"0.8"	"0.75"	"0.01"	"0.005"	"0.01"	"100000"	"10000"	"200"	"1840936543038514235"	50000	"slope"	-0.19705364925
"0.35"	"0.8"	"0.75"	"0.01"	"0.005"	"0.01"	"100000"	"10000"	"200"	"1840936543038514235"	50000	"intercept"	0.59929982
"0.35"	"0.8"	"0.75"	"0.01"	"0.005"	"0.01"	"100000"	"10000"	"200"	"1840936543038514235"	55000	"slope"	-0.20702155365
"0.35"	"0.8"	"0.75"	"0.01"	"0.005"	"0.01"	"100000"	"10000"	"200"	"1840936543038514235"	55000	"intercept"	0.575905425
"0.35"	"0.8"	"0.75"	"0.01"	"0.005"	"0.01"	"100000"	"10000"	"200"	"1840936543038514235"	60000	"slope"	-0.15214287825
"0.35"	"0.8"	"0.75"	"0.01"	"0.005"	"0.01"	"100000"	"10000"	"200"	"1840936543038514235"	60000	"intercept"	0.666974846
"0.35"	"0.8"	"0.75"	"0.01"	"0.005"	"0.01"	"100000"	"10000"	"200"	"1840936543038514235"	65000	"slope"	-0.1443597365
"0.35"	"0.8"	"0.75"	"0.01"	"0.005"	"0.01"	"100000"	"10000"	"200"	"1840936543038514235"	65000	"intercept"	0.5784302845
"0.35"	"0.8"	"0.75"	"0.01"	"0.005"	"0.01"	"100000"	"10000"	"200"	"1840936543038514235"	70000	"slope"	-0.1318628605
"0.35"	"0.8"	"0.75"	"0.01"	"0.005"	"0.01"	"100000"	"10000"	"200"	"1840936543038514235"	70000	"intercept"	0.557516925
"0.35"	"0.8"	"0.75"	"0.01"	"0.005"	"0.01"	"100000"	"10000"	"200"	"1840936543038514235"	75000	"slope"	-0.1484820245
"0.35"	"0.8"	"0.75"	"0.01"	"0.005"	"0.01"	"100000"	"10000"	"200"	"1840936543038514235"	75000	"intercept"	0.5036600495
"0.35"	"0.8"	"0.75"	"0.01"	"0.005"	"0.01"	"100000"	"10000"	"200"	"1840936543038514235"	80000	"slope"	-0.169052047
"0.35"	"0.8"	"0.75"	"0.01"	"0.005"	"0.01"	"100000"	"10000"	"200"	"1840936543038514235"	80000	"intercept"	0.5060288545
"0.35"	"0.8"	"0.75"	"0.01"	"0.005"	"0.01"	"100000"	"10000"	"200"	"1840936543038514235"	85000	"slope"	-0.1499068065
"0.35"	"0.8"	"0.75"	"0.01"	"0.005"	"0.01"	"100000"	"10000"	"200"	"1840936543038514235"	85000	"intercept"	0.5440199305
"0.35"	"0.8"	"0.75"	"0.01"	"0.005"	"0.01"	"100000"	"10000"	"200"	"1840936543038514235"	90000	"slope"	-0.108989836
"0.35"	"0.8"	"0.75"	"0.01"	"0.005"	"0.01"	"100000"	"10000"	"200"	"1840936543038514235"	90000	"intercept"	0.5999154694
"0.35"	"0.8"	"0.75"	"0.01"	"0.005"	"0.01"	"100000"	"10000"	"200"	"1840936543038514235"	95000	"slope"	-0.150969329085
"0.35"	"0.8"	"0.75"	"0.01"	"0.005"	"0.01"	"100000"	"10000"	"200"	"1840936543038514235"	95000	"intercept"	0.5326232015
"0.35"	"0.8"	"0.75"	"0.01"	"0.005"	"0.01"	"100000"	"10000"	"200"	"1840936543038514235"	100000	"slope"	-0.06627131385
"0.35"	"0.8"	"0.75"	"0.01"	"0.005"	"0.01"	"100000"	"10000"	"200"	"1840936543038514235"	100000	"intercept"	0.571215617
"0.35"	"0.8"	"0.75"	"0.01"	"0.005"	"0.01"	"100000"	"10000"	"200"	"7253656829606173248"	10	"slope"	0.000105281205
"0.35"	"0.8"	"0.75"	"0.01"	"0.005"	"0.01"	"100000"	"10000"	"200"	"7253656829606173248"	10	"intercept"	0.50018158
"0.35"	"0.8"	"0.75"	"0.01"	"0.005"	"0.01"	"100000"	"10000"	"200"	"7253656829606173248"	5000	"slope"	-0.019040873515
"0.35"	"0.8"	"0.75"	"0.01"	"0.005"	"0.01"	"100000"	"10000"	"200"	"7253656829606173248"	5000	"intercept"	0.603192435
"0.35"	"0.8"	"0.75"	"0.01"	"0.005"	"0.01"	"100000"	"10000"	"200"	"7253656829606173248"	10000	"slope"	-0.067758147
"0.35"	"0.8"	"0.75"	"0.01"	"0.005"	"0.01"	"100000"	"10000"	"200"	"7253656829606173248"	10000	"intercept"	0.619708815
"0.35"	"0.8"	"0.75"	"0.01"	"0.005"	"0.01"	"100000"	"10000"	"200"	"7253656829606173248"	15000	"slope"	-0.11632597325
"0.35"	"0.8"	"0.75"	"0.01"	"0.005"	"0.01"	"100000"	"10000"	"200"	"7253656829606173248"	15000	"intercept"	0.625012754
"0.35"	"0.8"	"0.75"	"0.01"	"0.005"	"0.01"	"100000"	"10000"	"200"	"7253656829606173248"	20000	"slope"	-0.143942948
"0.35"	"0.8"	"0.75"	"0.01"	"0.005"	"0.01"	"100000"	"10000"	"200"	"7253656829606173248"	20000	"intercept"	0.613568045
"0.35"	"0.8"	"0.75"	"0.01"	"0.005"	"0.01"	"100000"	"10000"	"200"	"7253656829606173248"	25000	"slope"	-0.1798480619035
"0.35"	"0.8"	"0.75"	"0.01"	"0.005"	"0.01"	"100000"	"10000"	"200"	"7253656829606173248"	25000	"intercept"	0.646484085
"0.35"	"0.8"	"0.75"	"0.01"	"0.005"	"0.01"	"100000"	"10000"	"200"	"7253656829606173248"	30000	"slope"	-0.172190281015
"0.35"	"0.8"	"0.75"	"0.01"	"0.005"	"0.01"	"100000"	"10000"	"200"	"7253656829606173248"	30000	"intercept"	0.55461005
"0.35"	"0.8"	"0.75"	"0.01"	"0.005"	"0.01"	"100000"	"10000"	"200"	"7253656829606173248"	35000	"slope"	-0.09624215715
"0.35"	"0.8"	"0.75"	"0.01"	"0.005"	"0.01"	"100000"	"10000"	"200"	"7253656829606173248"	35000	"intercept"	0.61337346
"0.35"	"0.8"	"0.75"	"0.01"	"0.005"	"0.01"	"100000"	"10000"	"200"	"7253656829606173248"	40000	"slope"	-0.1209384325
"0.35"	"0.8"	"0.75"	"0.01"	"0.005"	"0.01"	"100000"	"10000"	"200"	"7253656829606173248"	40000	"intercept"	0.5716070755
"0.35"	"0.8"	"0.75"	"0.01"	"0.005"	"0.01"	"100000"	"10000"	"200"	"7253656829606173248"	45000	"slope"	-0.107820648
"0.35"	"0.8"	"0.75"	"0.01"	"0.005"	"0.01"	"100000"	"10000"	"200"	"7253656829606173248"	45000	"intercept"	0.5482533495
"0.35"	"0.8"	"0.75"	"0.01"	"0.005"	"0.01"	"100000"	"10000"	"200"	"7253656829606173248"	50000	"slope"	-0.1021733795
"0.35"	"0.8"	"0.75"	"0.01"	"0.005"	"0.01"	"100000"	"10000"	"200"	"7253656829606173248"	50000	"intercept"	0.5393246185
"0.35"	"0.8"	"0.75"	"0.01"	"0.005"	"0.01"	"100000"	"10000"	"200"	"7253656829606173248"	55000	"slope"	-0.05674517605
"0.35"	"0.8"	"0.75"	"0.01"	"0.005"	"0.01"	"100000"	"10000"	"200"	"7253656829606173248"	55000	"intercept"	0.53029725639
"0.35"	"0.8"	"0.75"	"0.01"	"0.005"	"0.01"	"100000"	"10000"	"200"	"7253656829606173248"	60000	"slope"	-0.0127436075
"0.35"	"0.8"	"0.75"	"0.01"	"0.005"	"0.01"	"100000"	"10000"	"200"	"7253656829606173248"	60000	"intercept"	0.5528121246795
"0.35"	"0.8"	"0.75"	"0.01"	"0.005"	"0.01"	"100000"	"10000"	"200"	"7253656829606173248"	65000	"slope"	0.011162311
"0.35"	"0.8"	"0.75"	"0.01"	"0.005"	"0.01"	"100000"	"10000"	"200"	"7253656829606173248"	65000	"intercept"	0.54923467425
"0.35"	"0.8"	"0.75"	"0.01"	"0.005"	"0.01"	"100000"	"10000"	"200"	"7253656829606173248"	70000	"slope"	-0.0525055527
"0.35"	"0.8"	"0.75"	"0.01"	"0.005"	"0.01"	"100000"	"10000"	"200"	"7253656829606173248"	70000	"intercept"	0.5026110452981
"0.35"	"0.8"	"0.75"	"0.01"	"0.005"	"0.01"	"100000"	"10000"	"200"	"7253656829606173248"	75000	"slope"	-0.0402399095
"0.35"	"0.8"	"0.75"	"0.01"	"0.005"	"0.01"	"100000"	"10000"	"200"	"7253656829606173248"	75000	"intercept"	0.4374547615295
"0.35"	"0.8"	"0.75"	"0.01"	"0.005"	"0.01"	"100000"	"10000"	"200"	"7253656829606173248"	80000	"slope"	-0.0060969076
"0.35"	"0.8"	"0.75"	"0.01"	"0.005"	"0.01"	"100000"	"10000"	"200"	"7253656829606173248"	80000	"intercept"	0.51576680765
"0.35"	"0.8"	"0.75"	"0.01"	"0.005"	"0.01"	"100000"	"10000"	"200"	"7253656829606173248"	85000	"slope"	0.0024775895
"0.35"	"0.8"	"0.75"	"0.01"	"0.005"	"0.01"	"100000"	"10000"	"200"	"7253656829606173248"	85000	"intercept"	0.481047507865
"0.35"	"0.8"	"0.75"	"0.01"	"0.005"	"0.01"	"100000"	"10000"	"200"	"7253656829606173248"	90000	"slope"	-0.0103315403
"0.35"	"0.8"	"0.75"	"0.01"	"0.005"	"0.01"	"100000"	"10000"	"200"	"7253656829606173248"	90000	"intercept"	0.5553692553485
"0.35"	"0.8"	"0.75"	"0.01"	"0.005"	"0.01"	"100000"	"10000"	"200"	"7253656829606173248"	95000	"slope"	-0.00307023675
"0.35"	"0.8"	"0.75"	"0.01"	"0.005"	"0.01"	"100000"	"10000"	"200"	"7253656829606173248"	95000	"intercept"	0.4950714776
"0.35"	"0.8"	"0.75"	"0.01"	"0.005"	"0.01"	"100000"	"10000"	"200"	"7253656829606173248"	100000	"slope"	-0.0538527114
"0.35"	"0.8"	"0.75"	"0.01"	"0.005"	"0.01"	"100000"	"10000"	"200"	"7253656829606173248"	100000	"intercept"	0.524258811695
"0.35"	"0.8"	"0.75"	"0.01"	"0.005"	"0.01"	"100000"	"10000"	"200"	"7653889866792414732"	10	"slope"	-0.00016105699
"0.35"	"0.8"	"0.75"	"0.01"	"0.005"	"0.01"	"100000"	"10000"	"200"	"7653889866792414732"	10	"intercept"	0.50012536
"0.35"	"0.8"	"0.75"	"0.01"	"0.005"	"0.01"	"100000"	"10000"	"200"	"7653889866792414732"	5000	"slope"	-0.027467727395
"0.35"	"0.8"	"0.75"	"0.01"	"0.005"	"0.01"	"100000"	"10000"	"200"	"7653889866792414732"	5000	"intercept"	0.60751433
"0.35"	"0.8"	"0.75"	"0.01"	"0.005"	"0.01"	"100000"	"10000"	"200"	"7653889866792414732"	10000	"slope"	-0.042718415365
"0.35"	"0.8"	"0.75"	"0.01"	"0.005"	"0.01"	"100000"	"10000"	"200"	"7653889866792414732"	10000	"intercept"	0.597602265
"0.35"	"0.8"	"0.75"	"0.01"	"0.005"	"0.01"	"100000"	"10000"	"200"	"7653889866792414732"	15000	"slope"	-0.1225715865
"0.35"	"0.8"	"0.75"	"0.01"	"0.005"	"0.01"	"100000"	"10000"	"200"	"7653889866792414732"	15000	"intercept"	0.60192953
"0.35"	"0.8"	"0.75"	"0.01"	"0.005"	"0.01"	"100000"	"10000"	"200"	"7653889866792414732"	20000	"slope"	-0.185553923095
"0.35"	"0.8"	"0.75"	"0.01"	"0.005"	"0.01"	"100000"	"10000"	"200"	"7653889866792414732"	20000	"intercept"	0.63195273715
"0.35"	"0.8"	"0.75"	"0.01"	"0.005"	"0.01"	"100000"	"10000"	"200"	"7653889866792414732"	25000	"slope"	-0.232756042335
"0.35"	"0.8"	"0.75"	"0.01"	"0.005"	"0.01"	"100000"	"10000"	"200"	"7653889866792414732"	25000	"intercept"	0.60839262
"0.35"	"0.8"	"0.75"	"0.01"	"0.005"	"0.01"	"100000"	"10000"	"200"	"7653889866792414732"	30000	"slope"	-0.18439235581
"0.35"	"0.8"	"0.75"	"0.01"	"0.005"	"0.01"	"100000"	"10000"	"200"	"7653889866792414732"	30000	"intercept"	0.668588435
"0.35"	"0.8"	"0.75"	"0.01"	"0.005"	"0.01"	"100000"	"10000"	"200"	"7653889866792414732"	35000	"slope"	-0.13728437495
"0.35"	"0.8"	"0.75"	"0.01"	"0.005"	"0.01"	"100000"	"10000"	"200"	"7653889866792414732"	35000	"intercept"	0.60512071
"0.35"	"0.8"	"0.75"	"0.01"	"0.005"	"0.01"	"100000"	"10000"	"200"	"7653889866792414732"	40000	"slope"	-0.13602347777
"0.35"	"0.8"	"0.75"	"0.01"	"0.005"	"0.01"	"100000"	"10000"	"200"	"7653889866792414732"	40000	"intercept"	0.5676794
"0.35"	"0.8"	"0.75"	"0.01"	"0.005"	"0.01"	"100000"	"10000"	"200"	"7653889866792414732"	45000	"slope"	-0.13316233145
"0.35"	"0.8"	"0.75"	"0.01"	"0.005"	"0.01"	"100000"	"10000"	"200"	"7653889866792414732"	45000	"intercept"	0.59425817
"0.35"	"0.8"	"0.75"	"0.01"	"0.005"	"0.01"	"100000"	"10000"	"200"	"7653889866792414732"	50000	"slope"	-0.084678411
"0.35"	"0.8"	"0.75"	"0.01"	"0.005"	"0.01"	"100000"	"10000"	"200"	"7653889866792414732"	50000	"intercept"	0.5890284235
"0.35"	"0.8"	"0.75"	"0.01"	"0.005"	"0.01"	"100000"	"10000"	"200"	"7653889866792414732"	55000	"slope"	-0.1070442005
"0.35"	"0.8"	"0.75"	"0.01"	"0.005"	"0.01"	"100000"	"10000"	"200"	"7653889866792414732"	55000	"intercept"	0.5448843335
"0.35"	"0.8"	"0.75"	"0.01"	"0.005"	"0.01"	"100000"	"10000"	"200"	"7653889866792414732"	60000	"slope"	-0.100472651
"0.35"	"0.8"	"0.75"	"0.01"	"0.005"	"0.01"	"100000"	"10000"	"200"	"7653889866792414732"	60000	"intercept"	0.5737587545
"0.35"	"0.8"	"0.75"	"0.01"	"0.005"	"0.01"	"100000"	"10000"	"200"	"7653889866792414732"	65000	"slope"	-0.1298796075
"0.35"	"0.8"	"0.75"	"0.01"	"0.005"	"0.01"	"100000"	"10000"	"200"	"7653889866792414732"	65000	"intercept"	0.50799852877
"0.35"	"0.8"	"0.75"	"0.01"	"0.005"	"0.01"	"100000"	"10000"	"200"	"7653889866792414732"	70000	"slope"	-0.0741648515
"0.35"	"0.8"	"0.75"	"0.01"	"0.005"	"0.01"	"100000"	"10000"	"200"	"7653889866792414732"	70000	"intercept"	0.55632478645
"0.35"	"0.8"	"0.75"	"0.01"	"0.005"	"0.01"	"100000"	"10000"	"200"	"7653889866792414732"	75000	"slope"	-0.1401158785
"0.35"	"0.8"	"0.75"	"0.01"	"0.005"	"0.01"	"100000"	"10000"	"200"	"7653889866792414732"	75000	"intercept"	0.52014998551
"0.35"	"0.8"	"0.75"	"0.01"	"0.005"	"0.01"	"100000"	"10000"	"200"	"7653889866792414732"	80000	"slope"	-0.061031005
"0.35"	"0.8"	"0.75"	"0.01"	"0.005"	"0.01"	"100000"	"10000"	"200"	"7653889866792414732"	80000	"intercept"	0.488751792915
"0.35"	"0.8"	"0.75"	"0.01"	"0.005"	"0.01"	"100000"	"10000"	"200"	"7653889866792414732"	85000	"slope"	-0.047334742
"0.35"	"0.8"	"0.75"	"0.01"	"0.005"	"0.01"	"100000"	"10000"	"200"	"7653889866792414732"	85000	"intercept"	0.5492007674
"0.35"	"0.8"	"0.75"	"0.01"	"0.005"	"0.01"	"100000"	"10000"	"200"	"7653889866792414732"	90000	"slope"	-0.08143596
"0.35"	"0.8"	"0.75"	"0.01"	"0.005"	"0.01"	"100000"	"10000"	"200"	"7653889866792414732"	90000	"intercept"	0.46794909462
"0.35"	"0.8"	"0.75"	"0.01"	"0.005"	"0.01"	"100000"	"10000"	"200"	"7653889866792414732"	95000	"slope"	-0.06439809
"0.35"	"0.8"	"0.75"	"0.01"	"0.005"	"0.01"	"100000"	"10000"	"200"	"7653889866792414732"	95000	"intercept"	0.4218500116
"0.35"	"0.8"	"0.75"	"0.01"	"0.005"	"0.01"	"100000"	"10000"	"200"	"7653889866792414732"	100000	"slope"	-0.00417171
"0.35"	"0.8"	"0.75"	"0.01"	"0.005"	"0.01"	"100000"	"10000"	"200"	"7653889866792414732"	100000	"intercept"	0.504354665485
"0.45"	"0.0"	"0.75"	"0.01"	"0.005"	"0.01"	"100000"	"10000"	"200"	"5127029985290341637"	10	"slope"	3.115414e-05
"0.45"	"0.0"	"0.75"	"0.01"	"0.005"	"0.01"	"100000"	"10000"	"200"	"5127029985290341637"	10	"intercept"	0.50007275
"0.45"	"0.0"	"0.75"	"0.01"	"0.005"	"0.01"	"100000"	"10000"	"200"	"5127029985290341637"	5000	"slope"	0.07132230255
"0.45"	"0.0"	"0.75"	"0.01"	"0.005"	"0.01"	"100000"	"10000"	"200"	"5127029985290341637"	5000	"intercept"	0.609775555
"0.45"	"0.0"	"0.75"	"0.01"	"0.005"	"0.01"	"100000"	"10000"	"200"	"5127029985290341637"	10000	"slope"	0.038270502535
"0.45"	"0.0"	"0.75"	"0.01"	"0.005"	"0.01"	"100000"	"10000"	"200"	"5127029985290341637"	10000	"intercept"	0.62465194
"0.45"	"0.0"	"0.75"	"0.01"	"0.005"	"0.01"	"100000"	"10000"	"200"	"5127029985290341637"	15000	"slope"	0.028751060105
"0.45"	"0.0"	"0.75"	"0.01"	"0.005"	"0.01"	"100000"	"10000"	"200"	"5127029985290341637"	15000	"intercept"	0.635011365
"0.45"	"0.0"	"0.75"	"0.01"	"0.005"	"0.01"	"100000"	"10000"	"200"	"5127029985290341637"	20000	"slope"	0.032001262375
"0.45"	"0.0"	"0.75"	"0.01"	"0.005"	"0.01"	"100000"	"10000"	"200"	"5127029985290341637"	20000	"intercept"	0.629890995
"0.45"	"0.0"	"0.75"	"0.01"	"0.005"	"0.01"	"100000"	"10000"	"200"	"5127029985290341637"	25000	"slope"	-0.0021517504745
"0.45"	"0.0"	"0.75"	"0.01"	"0.005"	"0.01"	"100000"	"10000"	"200"	"5127029985290341637"	25000	"intercept"	0.65106671
"0.45"	"0.0"	"0.75"	"0.01"	"0.005"	"0.01"	"100000"	"10000"	"200"	"5127029985290341637"	30000	"slope"	0.017353623435
"0.45"	"0.0"	"0.75"	"0.01"	"0.005"	"0.01"	"100000"	"10000"	"200"	"5127029985290341637"	30000	"intercept"	0.643496265
"0.45"	"0.0"	"0.75"	"0.01"	"0.005"	"0.01"	"100000"	"10000"	"200"	"5127029985290341637"	35000	"slope"	0.02320021189
"0.45"	"0.0"	"0.75"	"0.01"	"0.005"	"0.01"	"100000"	"10000"	"200"	"5127029985290341637"	35000	"intercept"	0.63693308
"0.45"	"0.0"	"0.75"	"0.01"	"0.005"	"0.01"	"100000"	"10000"	"200"	"5127029985290341637"	40000	"slope"	0.05113944768
"0.45"	"0.0"	"0.75"	"0.01"	"0.005"	"0.01"	"100000"	"10000"	"200"	"5127029985290341637"	40000	"intercept"	0.62229929
"0.45"	"0.0"	"0.75"	"0.01"	"0.005"	"0.01"	"100000"	"10000"	"200"	"5127029985290341637"	45000	"slope"	0.0390012407
"0.45"	"0.0"	"0.75"	"0.01"	"0.005"	"0.01"	"100000"	"10000"	"200"	"5127029985290341637"	45000	"intercept"	0.62641666
"0.45"	"0.0"	"0.75"	"0.01"	"0.005"	"0.01"	"100000"	"10000"	"200"	"5127029985290341637"	50000	"slope"	0.05245178631
"0.45"	"0.0"	"0.75"	"0.01"	"0.005"	"0.01"	"100000"	"10000"	"200"	"5127029985290341637"	50000	"intercept"	0.617637255
"0.45"	"0.0"	"0.75"	"0.01"	"0.005"	"0.01"	"100000"	"10000"	"200"	"5127029985290341637"	55000	"slope"	0.0735989756
"0.45"	"0.0"	"0.75"	"0.01"	"0.005"	"0.01"	"100000"	"10000"	"200"	"5127029985290341637"	55000	"intercept"	0.603034085
"0.45"	"0.0"	"0.75"	"0.01"	"0.005"	"0.01"	"100000"	"10000"	"200"	"5127029985290341637"	60000	"slope"	0.07196357045
"0.45"	"0.0"	"0.75"	"0.01"	"0.005"	"0.01"	"100000"	"10000"	"200"	"5127029985290341637"	60000	"intercept"	0.60429569
"0.45"	"0.0"	"0.75"	"0.01"	"0.005"	"0.01"	"100000"	"10000"	"200"	"5127029985290341637"	65000	"slope"	0.04631224495
"0.45"	"0.0"	"0.75"	"0.01"	"0.005"	"0.01"	"100000"	"10000"	"200"	"5127029985290341637"	65000	"intercept"	0.62337028
"0.45"	"0.0"	"0.75"	"0.01"	"0.005"	"0.01"	"100000"	"10000"	"200"	"5127029985290341637"	70000	"slope"	0.0610543585195
"0.45"	"0.0"	"0.75"	"0.01"	"0.005"	"0.01"	"100000"	"10000"	"200"	"5127029985290341637"	70000	"intercept"	0.613413165
"0.45"	"0.0"	"0.75"	"0.01"	"0.005"	"0.01"	"100000"	"10000"	"200"	"5127029985290341637"	75000	"slope"	0.08532666
"0.45"	"0.0"	"0.75"	"0.01"	"0.005"	"0.01"	"100000"	"10000"	"200"	"5127029985290341637"	75000	"intercept"	0.595767135
"0.45"	"0.0"	"0.75"	"0.01"	"0.005"	"0.01"	"100000"	"10000"	"200"	"5127029985290341637"	80000	"slope"	0.0292565256
"0.45"	"0.0"	"0.75"	"0.01"	"0.005"	"0.01"	"100000"	"10000"	"200"	"5127029985290341637"	80000	"intercept"	0.628222275
"0.45"	"0.0"	"0.75"	"0.01"	"0.005"	"0.01"	"100000"	"10000"	"200"	"5127029985290341637"	85000	"slope"	0.04753098865
"0.45"	"0.0"	"0.75"	"0.01"	"0.005"	"0.01"	"100000"	"10000"	"200"	"5127029985290341637"	85000	"intercept"	0.61994706
"0.45"	"0.0"	"0.75"	"0.01"	"0.005"	"0.01"	"100000"	"10000"	"200"	"5127029985290341637"	90000	"slope"	0.051455483505
"0.45"	"0.0"	"0.75"	"0.01"	"0.005"	"0.01"	"100000"	"10000"	"200"	"5127029985290341637"	90000	"intercept"	0.61587196
"0.45"	"0.0"	"0.75"	"0.01"	"0.005"	"0.01"	"100000"	"10000"	"200"	"5127029985290341637"	95000	"slope"	0.026262220825
"0.45"	"0.0"	"0.75"	"0.01"	"0.005"	"0.01"	"100000"	"10000"	"200"	"5127029985290341637"	95000	"intercept"	0.630890225
"0.45"	"0.0"	"0.75"	"0.01"	"0.005"	"0.01"	"100000"	"10000"	"200"	"5127029985290341637"	100000	"slope"	0.01255203374
"0.45"	"0.0"	"0.75"	"0.01"	"0.005"	"0.01"	"100000"	"10000"	"200"	"5127029985290341637"	100000	"intercept"	0.64734847
"0.45"	"0.0"	"0.75"	"0.01"	"0.005"	"0.01"	"100000"	"10000"	"200"	"5967373098237939957"	10	"slope"	5.9163967e-05
"0.45"	"0.0"	"0.75"	"0.01"	"0.005"	"0.01"	"100000"	"10000"	"200"	"5967373098237939957"	10	"intercept"	0.499780895
"0.45"	"0.0"	"0.75"	"0.01"	"0.005"	"0.01"	"100000"	"10000"	"200"	"5967373098237939957"	5000	"slope"	0.03670358496
"0.45"	"0.0"	"0.75"	"0.01"	"0.005"	"0.01"	"100000"	"10000"	"200"	"5967373098237939957"	5000	"intercept"	0.626859935
"0.45"	"0.0"	"0.75"	"0.01"	"0.005"	"0.01"	"100000"	"10000"	"200"	"5967373098237939957"	10000	"slope"	-0.013767945687
"0.45"	"0.0"	"0.75"	"0.01"	"0.005"	"0.01"	"100000"	"10000"	"200"	"5967373098237939957"	10000	"intercept"	0.65950287
"0.45"	"0.0"	"0.75"	"0.01"	"0.005"	"0.01"	"100000"	"10000"	"200"	"5967373098237939957"	15000	"slope"	0.015900436833
"0.45"	"0.0"	"0.75"	"0.01"	"0.005"	"0.01"	"100000"	"10000"	"200"	"5967373098237939957"	15000	"intercept"	0.64233412
"0.45"	"0.0"	"0.75"	"0.01"	"0.005"	"0.01"	"100000"	"10000"	"200"	"5967373098237939957"	20000	"slope"	0.003790628767
"0.45"	"0.0"	"0.75"	"0.01"	"0.005"	"0.01"	"100000"	"10000"	"200"	"5967373098237939957"	20000	"intercept"	0.646370515
"0.45"	"0.0"	"0.75"	"0.01"	"0.005"	"0.01"	"100000"	"10000"	"200"	"5967373098237939957"	25000	"slope"	0.0091269115645
"0.45"	"0.0"	"0.75"	"0.01"	"0.005"	"0.01"	"100000"	"10000"	"200"	"5967373098237939957"	25000	"intercept"	0.64719528
"0.45"	"0.0"	"0.75"	"0.01"	"0.005"	"0.01"	"100000"	"10000"	"200"	"5967373098237939957"	30000	"slope"	0.024667259745
"0.45"	"0.0"	"0.75"	"0.01"	"0.005"	"0.01"	"100000"	"10000"	"200"	"5967373098237939957"	30000	"intercept"	0.63288452
"0.45"	"0.0"	"0.75"	"0.01"	"0.005"	"0.01"	"100000"	"10000"	"200"	"5967373098237939957"	35000	"slope"	-0.013613686166
"0.45"	"0.0"	"0.75"	"0.01"	"0.005"	"0.01"	"100000"	"10000"	"200"	"5967373098237939957"	35000	"intercept"	0.66260979
"0.45"	"0.0"	"0.75"	"0.01"	"0.005"	"0.01"	"100000"	"10000"	"200"	"5967373098237939957"	40000	"slope"	0.01036390497
"0.45"	"0.0"	"0.75"	"0.01"	"0.005"	"0.01"	"100000"	"10000"	"200"	"5967373098237939957"	40000	"intercept"	0.643494615
"0.45"	"0.0"	"0.75"	"0.01"	"0.005"	"0.01"	"100000"	"10000"	"200"	"5967373098237939957"	45000	"slope"	0.02970602472
"0.45"	"0.0"	"0.75"	"0.01"	"0.005"	"0.01"	"100000"	"10000"	"200"	"5967373098237939957"	45000	"intercept"	0.635404135
"0.45"	"0.0"	"0.75"	"0.01"	"0.005"	"0.01"	"100000"	"10000"	"200"	"5967373098237939957"	50000	"slope"	0.018381524385
"0.45"	"0.0"	"0.75"	"0.01"	"0.005"	"0.01"	"100000"	"10000"	"200"	"5967373098237939957"	50000	"intercept"	0.6454481
"0.45"	"0.0"	"0.75"	"0.01"	"0.005"	"0.01"	"100000"	"10000"	"200"	"5967373098237939957"	55000	"slope"	0.046797212295
"0.45"	"0.0"	"0.75"	"0.01"	"0.005"	"0.01"	"100000"	"10000"	"200"	"5967373098237939957"	55000	"intercept"	0.624615935
"0.45"	"0.0"	"0.75"	"0.01"	"0.005"	"0.01"	"100000"	"10000"	"200"	"5967373098237939957"	60000	"slope"	0.0296234052819
"0.45"	"0.0"	"0.75"	"0.01"	"0.005"	"0.01"	"100000"	"10000"	"200"	"5967373098237939957"	60000	"intercept"	0.6323943
"0.45"	"0.0"	"0.75"	"0.01"	"0.005"	"0.01"	"100000"	"10000"	"200"	"5967373098237939957"	65000	"slope"	0.06572611575
"0.45"	"0.0"	"0.75"	"0.01"	"0.005"	"0.01"	"100000"	"10000"	"200"	"5967373098237939957"	65000	"intercept"	0.605082335
"0.45"	"0.0"	"0.75"	"0.01"	"0.005"	"0.01"	"100000"	"10000"	"200"	"5967373098237939957"	70000	"slope"	0.05593013575
"0.45"	"0.0"	"0.75"	"0.01"	"0.005"	"0.01"	"100000"	"10000"	"200"	"5967373098237939957"	70000	"intercept"	0.61920984
"0.45"	"0.0"	"0.75"	"0.01"	"0.005"	"0.01"	"100000"	"10000"	"200"	"5967373098237939957"	75000	"slope"	0.0698664731
"0.45"	"0.0"	"0.75"	"0.01"	"0.005"	"0.01"	"100000"	"10000"	"200"	"5967373098237939957"	75000	"intercept"	0.609031095
"0.45"	"0.0"	"0.75"	"0.01"	"0.005"	"0.01"	"100000"	"10000"	"200"	"5967373098237939957"	80000	"slope"	0.06624535711
"0.45"	"0.0"	"0.75"	"0.01"	"0.005"	"0.01"	"100000"	"10000"	"200"	"5967373098237939957"	80000	"intercept"	0.622560685
"0.45"	"0.0"	"0.75"	"0.01"	"0.005"	"0.01"	"100000"	"10000"	"200"	"5967373098237939957"	85000	"slope"	0.004197263105
"0.45"	"0.0"	"0.75"	"0.01"	"0.005"	"0.01"	"100000"	"10000"	"200"	"5967373098237939957"	85000	"intercept"	0.653542745
"0.45"	"0.0"	"0.75"	"0.01"	"0.005"	"0.01"	"100000"	"10000"	"200"	"5967373098237939957"	90000	"slope"	0.00029454919
"0.45"	"0.0"	"0.75"	"0.01"	"0.005"	"0.01"	"100000"	"10000"	"200"	"5967373098237939957"	90000	"intercept"	0.64559385
"0.45"	"0.0"	"0.75"	"0.01"	"0.005"	"0.01"	"100000"	"10000"	"200"	"5967373098237939957"	95000	"slope"	0.027254417085
"0.45"	"0.0"	"0.75"	"0.01"	"0.005"	"0.01"	"100000"	"10000"	"200"	"5967373098237939957"	95000	"intercept"	0.637769855
"0.45"	"0.0"	"0.75"	"0.01"	"0.005"	"0.01"	"100000"	"10000"	"200"	"5967373098237939957"	100000	"slope"	0.0851329107
"0.45"	"0.0"	"0.75"	"0.01"	"0.005"	"0.01"	"100000"	"10000"	"200"	"5967373098237939957"	100000	"intercept"	0.59695844
"0.45"	"0.0"	"0.75"	"0.01"	"0.005"	"0.01"	"100000"	"10000"	"200"	"7961572257802340537"	10	"slope"	9.75115665e-05
"0.45"	"0.0"	"0.75"	"0.01"	"0.005"	"0.01"	"100000"	"10000"	"200"	"7961572257802340537"	10	"intercept"	0.500112035
"0.45"	"0.0"	"0.75"	"0.01"	"0.005"	"0.01"	"100000"	"10000"	"200"	"7961572257802340537"	5000	"slope"	0.0769520721
"0.45"	"0.0"	"0.75"	"0.01"	"0.005"	"0.01"	"100000"	"10000"	"200"	"7961572257802340537"	5000	"intercept"	0.602104785
"0.45"	"0.0"	"0.75"	"0.01"	"0.005"	"0.01"	"100000"	"10000"	"200"	"7961572257802340537"	10000	"slope"	0.0708078422
"0.45"	"0.0"	"0.75"	"0.01"	"0.005"	"0.01"	"100000"	"10000"	"200"	"7961572257802340537"	10000	"intercept"	0.60006837
"0.45"	"0.0"	"0.75"	"0.01"	"0.005"	"0.01"	"100000"	"10000"	"200"	"7961572257802340537"	15000	"slope"	0.086227369
"0.45"	"0.0"	"0.75"	"0.01"	"0.005"	"0.01"	"100000"	"10000"	"200"	"7961572257802340537"	15000	"intercept"	0.60070784
"0.45"	"0.0"	"0.75"	"0.01"	"0.005"	"0.01"	"100000"	"10000"	"200"	"7961572257802340537"	20000	"slope"	0.0272221546244
"0.45"	"0.0"	"0.75"	"0.01"	"0.005"	"0.01"	"100000"	"10000"	"200"	"7961572257802340537"	20000	"intercept"	0.632050185
"0.45"	"0.0"	"0.75"	"0.01"	"0.005"	"0.01"	"100000"	"10000"	"200"	"7961572257802340537"	25000	"slope"	0.026129992435
"0.45"	"0.0"	"0.75"	"0.01"	"0.005"	"0.01"	"100000"	"10000"	"200"	"7961572257802340537"	25000	"intercept"	0.642066455
"0.45"	"0.0"	"0.75"	"0.01"	"0.005"	"0.01"	"100000"	"10000"	"200"	"7961572257802340537"	30000	"slope"	0.021058594375
"0.45"	"0.0"	"0.75"	"0.01"	"0.005"	"0.01"	"100000"	"10000"	"200"	"7961572257802340537"	30000	"intercept"	0.64068414
"0.45"	"0.0"	"0.75"	"0.01"	"0.005"	"0.01"	"100000"	"10000"	"200"	"7961572257802340537"	35000	"slope"	0.028567795425
"0.45"	"0.0"	"0.75"	"0.01"	"0.005"	"0.01"	"100000"	"10000"	"200"	"7961572257802340537"	35000	"intercept"	0.631852215
"0.45"	"0.0"	"0.75"	"0.01"	"0.005"	"0.01"	"100000"	"10000"	"200"	"7961572257802340537"	40000	"slope"	0.007979547597
"0.45"	"0.0"	"0.75"	"0.01"	"0.005"	"0.01"	"100000"	"10000"	"200"	"7961572257802340537"	40000	"intercept"	0.651962875
"0.45"	"0.0"	"0.75"	"0.01"	"0.005"	"0.01"	"100000"	"10000"	"200"	"7961572257802340537"	45000	"slope"	-0.0075012121915
"0.45"	"0.0"	"0.75"	"0.01"	"0.005"	"0.01"	"100000"	"10000"	"200"	"7961572257802340537"	45000	"intercept"	0.65161213
"0.45"	"0.0"	"0.75"	"0.01"	"0.005"	"0.01"	"100000"	"10000"	"200"	"7961572257802340537"	50000	"slope"	-0.01221477514
"0.45"	"0.0"	"0.75"	"0.01"	"0.005"	"0.01"	"100000"	"10000"	"200"	"7961572257802340537"	50000	"intercept"	0.665597985
"0.45"	"0.0"	"0.75"	"0.01"	"0.005"	"0.01"	"100000"	"10000"	"200"	"7961572257802340537"	55000	"slope"	0.01597079386
"0.45"	"0.0"	"0.75"	"0.01"	"0.005"	"0.01"	"100000"	"10000"	"200"	"7961572257802340537"	55000	"intercept"	0.638022735
"0.45"	"0.0"	"0.75"	"0.01"	"0.005"	"0.01"	"100000"	"10000"	"200"	"7961572257802340537"	60000	"slope"	0.042620771548
"0.45"	"0.0"	"0.75"	"0.01"	"0.005"	"0.01"	"100000"	"10000"	"200"	"7961572257802340537"	60000	"intercept"	0.621007405
"0.45"	"0.0"	"0.75"	"0.01"	"0.005"	"0.01"	"100000"	"10000"	"200"	"7961572257802340537"	65000	"slope"	0.034113176488
"0.45"	"0.0"	"0.75"	"0.01"	"0.005"	"0.01"	"100000"	"10000"	"200"	"7961572257802340537"	65000	"intercept"	0.634252735
"0.45"	"0.0"	"0.75"	"0.01"	"0.005"	"0.01"	"100000"	"10000"	"200"	"7961572257802340537"	70000	"slope"	0.01441065153
"0.45"	"0.0"	"0.75"	"0.01"	"0.005"	"0.01"	"100000"	"10000"	"200"	"7961572257802340537"	70000	"intercept"	0.644909585
"0.45"	"0.0"	"0.75"	"0.01"	"0.005"	"0.01"	"100000"	"10000"	"200"	"7961572257802340537"	75000	"slope"	0.024543374018
"0.45"	"0.0"	"0.75"	"0.01"	"0.005"	"0.01"	"100000"	"10000"	"200"	"7961572257802340537"	75000	"intercept"	0.64197902
"0.45"	"0.0"	"0.75"	"0.01"	"0.005"	"0.01"	"100000"	"10000"	"200"	"7961572257802340537"	80000	"slope"	0.0637704715184
"0.45"	"0.0"	"0.75"	"0.01"	"0.005"	"0.01"	"100000"	"10000"	"200"	"7961572257802340537"	80000	"intercept"	0.60704842
"0.45"	"0.0"	"0.75"	"0.01"	"0.005"	"0.01"	"100000"	"10000"	"200"	"7961572257802340537"	85000	"slope"	0.084291775205
"0.45"	"0.0"	"0.75"	"0.01"	"0.005"	"0.01"	"100000"	"10000"	"200"	"7961572257802340537"	85000	"intercept"	0.594790325
"0.45"	"0.0"	"0.75"	"0.01"	"0.005"	"0.01"	"100000"	"10000"	"200"	"7961572257802340537"	90000	"slope"	0.03222194894
"0.45"	"0.0"	"0.75"	"0.01"	"0.005"	"0.01"	"100000"	"10000"	"200"	"7961572257802340537"	90000	"intercept"	0.63849008
"0.45"	"0.0"	"0.75"	"0.01"	"0.005"	"0.01"	"100000"	"10000"	"200"	"7961572257802340537"	95000	"slope"	0.047131495173
"0.45"	"0.0"	"0.75"	"0.01"	"0.005"	"0.01"	"100000"	"10000"	"200"	"7961572257802340537"	95000	"intercept"	0.62160333
"0.45"	"0.0"	"0.75"	"0.01"	"0.005"	"0.01"	"100000"	"10000"	"200"	"7961572257802340537"	100000	"slope"	0.05710511118
"0.45"	"0.0"	"0.75"	"0.01"	"0.005"	"0.01"	"100000"	"10000"	"200"	"7961572257802340537"	100000	"intercept"	0.618265485
"0.45"	"0.4"	"0.75"	"0.01"	"0.005"	"0.01"	"100000"	"10000"	"200"	"2877517042745935970"	10	"slope"	-4.2047575e-05
"0.45"	"0.4"	"0.75"	"0.01"	"0.005"	"0.01"	"100000"	"10000"	"200"	"2877517042745935970"	10	"intercept"	0.50003406
"0.45"	"0.4"	"0.75"	"0.01"	"0.005"	"0.01"	"100000"	"10000"	"200"	"2877517042745935970"	5000	"slope"	0.0406552671895
"0.45"	"0.4"	"0.75"	"0.01"	"0.005"	"0.01"	"100000"	"10000"	"200"	"2877517042745935970"	5000	"intercept"	0.626283515
"0.45"	"0.4"	"0.75"	"0.01"	"0.005"	"0.01"	"100000"	"10000"	"200"	"2877517042745935970"	10000	"slope"	-0.00246215691
"0.45"	"0.4"	"0.75"	"0.01"	"0.005"	"0.01"	"100000"	"10000"	"200"	"2877517042745935970"	10000	"intercept"	0.65432537
"0.45"	"0.4"	"0.75"	"0.01"	"0.005"	"0.01"	"100000"	"10000"	"200"	"2877517042745935970"	15000	"slope"	-0.067343262465
"0.45"	"0.4"	"0.75"	"0.01"	"0.005"	"0.01"	"100000"	"10000"	"200"	"2877517042745935970"	15000	"intercept"	0.68545291
"0.45"	"0.4"	"0.75"	"0.01"	"0.005"	"0.01"	"100000"	"10000"	"200"	"2877517042745935970"	20000	"slope"	-0.119380128
"0.45"	"0.4"	"0.75"	"0.01"	"0.005"	"0.01"	"100000"	"10000"	"200"	"2877517042745935970"	20000	"intercept"	0.72859023
"0.45"	"0.4"	"0.75"	"0.01"	"0.005"	"0.01"	"100000"	"10000"	"200"	"2877517042745935970"	25000	"slope"	-0.1166931105
"0.45"	"0.4"	"0.75"	"0.01"	"0.005"	"0.01"	"100000"	"10000"	"200"	"2877517042745935970"	25000	"intercept"	0.72752642
"0.45"	"0.4"	"0.75"	"0.01"	"0.005"	"0.01"	"100000"	"10000"	"200"	"2877517042745935970"	30000	"slope"	-0.140609545
"0.45"	"0.4"	"0.75"	"0.01"	"0.005"	"0.01"	"100000"	"10000"	"200"	"2877517042745935970"	30000	"intercept"	0.742902855
"0.45"	"0.4"	"0.75"	"0.01"	"0.005"	"0.01"	"100000"	"10000"	"200"	"2877517042745935970"	35000	"slope"	-0.192735795
"0.45"	"0.4"	"0.75"	"0.01"	"0.005"	"0.01"	"100000"	"10000"	"200"	"2877517042745935970"	35000	"intercept"	0.776743035
"0.45"	"0.4"	"0.75"	"0.01"	"0.005"	"0.01"	"100000"	"10000"	"200"	"2877517042745935970"	40000	"slope"	-0.187418685
"0.45"	"0.4"	"0.75"	"0.01"	"0.005"	"0.01"	"100000"	"10000"	"200"	"2877517042745935970"	40000	"intercept"	0.761758665
"0.45"	"0.4"	"0.75"	"0.01"	"0.005"	"0.01"	"100000"	"10000"	"200"	"2877517042745935970"	45000	"slope"	-0.1579385425
"0.45"	"0.4"	"0.75"	"0.01"	"0.005"	"0.01"	"100000"	"10000"	"200"	"2877517042745935970"	45000	"intercept"	0.754053995
"0.45"	"0.4"	"0.75"	"0.01"	"0.005"	"0.01"	"100000"	"10000"	"200"	"2877517042745935970"	50000	"slope"	-0.1675445037
"0.45"	"0.4"	"0.75"	"0.01"	"0.005"	"0.01"	"100000"	"10000"	"200"	"2877517042745935970"	50000	"intercept"	0.75817629
"0.45"	"0.4"	"0.75"	"0.01"	"0.005"	"0.01"	"100000"	"10000"	"200"	"2877517042745935970"	55000	"slope"	-0.1637638835
"0.45"	"0.4"	"0.75"	"0.01"	"0.005"	"0.01"	"100000"	"10000"	"200"	"2877517042745935970"	55000	"intercept"	0.750449835
"0.45"	"0.4"	"0.75"	"0.01"	"0.005"	"0.01"	"100000"	"10000"	"200"	"2877517042745935970"	60000	"slope"	-0.168985744
"0.45"	"0.4"	"0.75"	"0.01"	"0.005"	"0.01"	"100000"	"10000"	"200"	"2877517042745935970"	60000	"intercept"	0.762861825
"0.45"	"0.4"	"0.75"	"0.01"	"0.005"	"0.01"	"100000"	"10000"	"200"	"2877517042745935970"	65000	"slope"	-0.18866246
"0.45"	"0.4"	"0.75"	"0.01"	"0.005"	"0.01"	"100000"	"10000"	"200"	"2877517042745935970"	65000	"intercept"	0.766892995
"0.45"	"0.4"	"0.75"	"0.01"	"0.005"	"0.01"	"100000"	"10000"	"200"	"2877517042745935970"	70000	"slope"	-0.175960005
"0.45"	"0.4"	"0.75"	"0.01"	"0.005"	"0.01"	"100000"	"10000"	"200"	"2877517042745935970"	70000	"intercept"	0.76430499
"0.45"	"0.4"	"0.75"	"0.01"	"0.005"	"0.01"	"100000"	"10000"	"200"	"2877517042745935970"	75000	"slope"	-0.166053113
"0.45"	"0.4"	"0.75"	"0.01"	"0.005"	"0.01"	"100000"	"10000"	"200"	"2877517042745935970"	75000	"intercept"	0.746847455
"0.45"	"0.4"	"0.75"	"0.01"	"0.005"	"0.01"	"100000"	"10000"	"200"	"2877517042745935970"	80000	"slope"	-0.160024132
"0.45"	"0.4"	"0.75"	"0.01"	"0.005"	"0.01"	"100000"	"10000"	"200"	"2877517042745935970"	80000	"intercept"	0.742670205
"0.45"	"0.4"	"0.75"	"0.01"	"0.005"	"0.01"	"100000"	"10000"	"200"	"2877517042745935970"	85000	"slope"	-0.143955944
"0.45"	"0.4"	"0.75"	"0.01"	"0.005"	"0.01"	"100000"	"10000"	"200"	"2877517042745935970"	85000	"intercept"	0.73227223
"0.45"	"0.4"	"0.75"	"0.01"	"0.005"	"0.01"	"100000"	"10000"	"200"	"2877517042745935970"	90000	"slope"	-0.1247651495
"0.45"	"0.4"	"0.75"	"0.01"	"0.005"	"0.01"	"100000"	"10000"	"200"	"2877517042745935970"	90000	"intercept"	0.72336116
"0.45"	"0.4"	"0.75"	"0.01"	"0.005"	"0.01"	"100000"	"10000"	"200"	"2877517042745935970"	95000	"slope"	-0.1409391865
"0.45"	"0.4"	"0.75"	"0.01"	"0.005"	"0.01"	"100000"	"10000"	"200"	"2877517042745935970"	95000	"intercept"	0.72994659
"0.45"	"0.4"	"0.75"	"0.01"	"0.005"	"0.01"	"100000"	"10000"	"200"	"2877517042745935970"	100000	"slope"	-0.099129115
"0.45"	"0.4"	"0.75"	"0.01"	"0.005"	"0.01"	"100000"	"10000"	"200"	"2877517042745935970"	100000	"intercept"	0.711534465
"0.45"	"0.4"	"0.75"	"0.01"	"0.005"	"0.01"	"100000"	"10000"	"200"	"4232609508822978835"	10	"slope"	-0.00016607159
"0.45"	"0.4"	"0.75"	"0.01"	"0.005"	"0.01"	"100000"	"10000"	"200"	"4232609508822978835"	10	"intercept"	0.50003692
"0.45"	"0.4"	"0.75"	"0.01"	"0.005"	"0.01"	"100000"	"10000"	"200"	"4232609508822978835"	5000	"slope"	0.0423211233
"0.45"	"0.4"	"0.75"	"0.01"	"0.005"	"0.01"	"100000"	"10000"	"200"	"4232609508822978835"	5000	"intercept"	0.61851833
"0.45"	"0.4"	"0.75"	"0.01"	"0.005"	"0.01"	"100000"	"10000"	"200"	"4232609508822978835"	10000	"slope"	0.00022716814
"0.45"	"0.4"	"0.75"	"0.01"	"0.005"	"0.01"	"100000"	"10000"	"200"	"4232609508822978835"	10000	"intercept"	0.645773435
"0.45"	"0.4"	"0.75"	"0.01"	"0.005"	"0.01"	"100000"	"10000"	"200"	"4232609508822978835"	15000	"slope"	-0.009104750835
"0.45"	"0.4"	"0.75"	"0.01"	"0.005"	"0.01"	"100000"	"10000"	"200"	"4232609508822978835"	15000	"intercept"	0.656571155
"0.45"	"0.4"	"0.75"	"0.01"	"0.005"	"0.01"	"100000"	"10000"	"200"	"4232609508822978835"	20000	"slope"	-0.00363612193
"0.45"	"0.4"	"0.75"	"0.01"	"0.005"	"0.01"	"100000"	"10000"	"200"	"4232609508822978835"	20000	"intercept"	0.645043805
"0.45"	"0.4"	"0.75"	"0.01"	"0.005"	"0.01"	"100000"	"10000"	"200"	"4232609508822978835"	25000	"slope"	-0.038572880635
"0.45"	"0.4"	"0.75"	"0.01"	"0.005"	"0.01"	"100000"	"10000"	"200"	"4232609508822978835"	25000	"intercept"	0.666815965
"0.45"	"0.4"	"0.75"	"0.01"	"0.005"	"0.01"	"100000"	"10000"	"200"	"4232609508822978835"	30000	"slope"	-0.046416132455
"0.45"	"0.4"	"0.75"	"0.01"	"0.005"	"0.01"	"100000"	"10000"	"200"	"4232609508822978835"	30000	"intercept"	0.679304355
"0.45"	"0.4"	"0.75"	"0.01"	"0.005"	"0.01"	"100000"	"10000"	"200"	"4232609508822978835"	35000	"slope"	-0.06786772621
"0.45"	"0.4"	"0.75"	"0.01"	"0.005"	"0.01"	"100000"	"10000"	"200"	"4232609508822978835"	35000	"intercept"	0.696209775
"0.45"	"0.4"	"0.75"	"0.01"	"0.005"	"0.01"	"100000"	"10000"	"200"	"4232609508822978835"	40000	"slope"	-0.0714735896
"0.45"	"0.4"	"0.75"	"0.01"	"0.005"	"0.01"	"100000"	"10000"	"200"	"4232609508822978835"	40000	"intercept"	0.70474759
"0.45"	"0.4"	"0.75"	"0.01"	"0.005"	"0.01"	"100000"	"10000"	"200"	"4232609508822978835"	45000	"slope"	-0.10873625
"0.45"	"0.4"	"0.75"	"0.01"	"0.005"	"0.01"	"100000"	"10000"	"200"	"4232609508822978835"	45000	"intercept"	0.7084621
"0.45"	"0.4"	"0.75"	"0.01"	"0.005"	"0.01"	"100000"	"10000"	"200"	"4232609508822978835"	50000	"slope"	-0.087619509125
"0.45"	"0.4"	"0.75"	"0.01"	"0.005"	"0.01"	"100000"	"10000"	"200"	"4232609508822978835"	50000	"intercept"	0.70261311
"0.45"	"0.4"	"0.75"	"0.01"	"0.005"	"0.01"	"100000"	"10000"	"200"	"4232609508822978835"	55000	"slope"	-0.0715569208
"0.45"	"0.4"	"0.75"	"0.01"	"0.005"	"0.01"	"100000"	"10000"	"200"	"4232609508822978835"	55000	"intercept"	0.693465985
"0.45"	"0.4"	"0.75"	"0.01"	"0.005"	"0.01"	"100000"	"10000"	"200"	"4232609508822978835"	60000	"slope"	-0.133362195
"0.45"	"0.4"	"0.75"	"0.01"	"0.005"	"0.01"	"100000"	"10000"	"200"	"4232609508822978835"	60000	"intercept"	0.741621775
"0.45"	"0.4"	"0.75"	"0.01"	"0.005"	"0.01"	"100000"	"10000"	"200"	"4232609508822978835"	65000	"slope"	-0.1470743155
"0.45"	"0.4"	"0.75"	"0.01"	"0.005"	"0.01"	"100000"	"10000"	"200"	"4232609508822978835"	65000	"intercept"	0.744360775
"0.45"	"0.4"	"0.75"	"0.01"	"0.005"	"0.01"	"100000"	"10000"	"200"	"4232609508822978835"	70000	"slope"	-0.11107796715
"0.45"	"0.4"	"0.75"	"0.01"	"0.005"	"0.01"	"100000"	"10000"	"200"	"4232609508822978835"	70000	"intercept"	0.7221814
"0.45"	"0.4"	"0.75"	"0.01"	"0.005"	"0.01"	"100000"	"10000"	"200"	"4232609508822978835"	75000	"slope"	-0.157588398
"0.45"	"0.4"	"0.75"	"0.01"	"0.005"	"0.01"	"100000"	"10000"	"200"	"4232609508822978835"	75000	"intercept"	0.7482468
"0.45"	"0.4"	"0.75"	"0.01"	"0.005"	"0.01"	"100000"	"10000"	"200"	"4232609508822978835"	80000	"slope"	-0.139833895
"0.45"	"0.4"	"0.75"	"0.01"	"0.005"	"0.01"	"100000"	"10000"	"200"	"4232609508822978835"	80000	"intercept"	0.730553945
"0.45"	"0.4"	"0.75"	"0.01"	"0.005"	"0.01"	"100000"	"10000"	"200"	"4232609508822978835"	85000	"slope"	-0.098986855
"0.45"	"0.4"	"0.75"	"0.01"	"0.005"	"0.01"	"100000"	"10000"	"200"	"4232609508822978835"	85000	"intercept"	0.71178444
"0.45"	"0.4"	"0.75"	"0.01"	"0.005"	"0.01"	"100000"	"10000"	"200"	"4232609508822978835"	90000	"slope"	-0.123461908
"0.45"	"0.4"	"0.75"	"0.01"	"0.005"	"0.01"	"100000"	"10000"	"200"	"4232609508822978835"	90000	"intercept"	0.726392105
"0.45"	"0.4"	"0.75"	"0.01"	"0.005"	"0.01"	"100000"	"10000"	"200"	"4232609508822978835"	95000	"slope"	-0.08130890915
"0.45"	"0.4"	"0.75"	"0.01"	"0.005"	"0.01"	"100000"	"10000"	"200"	"4232609508822978835"	95000	"intercept"	0.69780524
"0.45"	"0.4"	"0.75"	"0.01"	"0.005"	"0.01"	"100000"	"10000"	"200"	"4232609508822978835"	100000	"slope"	-0.032650091195
"0.45"	"0.4"	"0.75"	"0.01"	"0.005"	"0.01"	"100000"	"10000"	"200"	"4232609508822978835"	100000	"intercept"	0.67075616
"0.45"	"0.4"	"0.75"	"0.01"	"0.005"	"0.01"	"100000"	"10000"	"200"	"4445237469203188845"	10	"slope"	8.6138318e-05
"0.45"	"0.4"	"0.75"	"0.01"	"0.005"	"0.01"	"100000"	"10000"	"200"	"4445237469203188845"	10	"intercept"	0.50007568
"0.45"	"0.4"	"0.75"	"0.01"	"0.005"	"0.01"	"100000"	"10000"	"200"	"4445237469203188845"	5000	"slope"	0.089349824863
"0.45"	"0.4"	"0.75"	"0.01"	"0.005"	"0.01"	"100000"	"10000"	"200"	"4445237469203188845"	5000	"intercept"	0.587528515
"0.45"	"0.4"	"0.75"	"0.01"	"0.005"	"0.01"	"100000"	"10000"	"200"	"4445237469203188845"	10000	"slope"	-0.020950468505
"0.45"	"0.4"	"0.75"	"0.01"	"0.005"	"0.01"	"100000"	"10000"	"200"	"4445237469203188845"	10000	"intercept"	0.66795217
"0.45"	"0.4"	"0.75"	"0.01"	"0.005"	"0.01"	"100000"	"10000"	"200"	"4445237469203188845"	15000	"slope"	-0.03006314987
"0.45"	"0.4"	"0.75"	"0.01"	"0.005"	"0.01"	"100000"	"10000"	"200"	"4445237469203188845"	15000	"intercept"	0.677130295
"0.45"	"0.4"	"0.75"	"0.01"	"0.005"	"0.01"	"100000"	"10000"	"200"	"4445237469203188845"	20000	"slope"	-0.10522030793
"0.45"	"0.4"	"0.75"	"0.01"	"0.005"	"0.01"	"100000"	"10000"	"200"	"4445237469203188845"	20000	"intercept"	0.71240719
"0.45"	"0.4"	"0.75"	"0.01"	"0.005"	"0.01"	"100000"	"10000"	"200"	"4445237469203188845"	25000	"slope"	-0.1616528895
"0.45"	"0.4"	"0.75"	"0.01"	"0.005"	"0.01"	"100000"	"10000"	"200"	"4445237469203188845"	25000	"intercept"	0.74114436
"0.45"	"0.4"	"0.75"	"0.01"	"0.005"	"0.01"	"100000"	"10000"	"200"	"4445237469203188845"	30000	"slope"	-0.0882411945
"0.45"	"0.4"	"0.75"	"0.01"	"0.005"	"0.01"	"100000"	"10000"	"200"	"4445237469203188845"	30000	"intercept"	0.7054588
"0.45"	"0.4"	"0.75"	"0.01"	"0.005"	"0.01"	"100000"	"10000"	"200"	"4445237469203188845"	35000	"slope"	-0.1000618225
"0.45"	"0.4"	"0.75"	"0.01"	"0.005"	"0.01"	"100000"	"10000"	"200"	"4445237469203188845"	35000	"intercept"	0.71061521
"0.45"	"0.4"	"0.75"	"0.01"	"0.005"	"0.01"	"100000"	"10000"	"200"	"4445237469203188845"	40000	"slope"	-0.14525313198
"0.45"	"0.4"	"0.75"	"0.01"	"0.005"	"0.01"	"100000"	"10000"	"200"	"4445237469203188845"	40000	"intercept"	0.73514137
"0.45"	"0.4"	"0.75"	"0.01"	"0.005"	"0.01"	"100000"	"10000"	"200"	"4445237469203188845"	45000	"slope"	-0.10896592778
"0.45"	"0.4"	"0.75"	"0.01"	"0.005"	"0.01"	"100000"	"10000"	"200"	"4445237469203188845"	45000	"intercept"	0.725610205
"0.45"	"0.4"	"0.75"	"0.01"	"0.005"	"0.01"	"100000"	"10000"	"200"	"4445237469203188845"	50000	"slope"	-0.1027571108485
"0.45"	"0.4"	"0.75"	"0.01"	"0.005"	"0.01"	"100000"	"10000"	"200"	"4445237469203188845"	50000	"intercept"	0.707065815
"0.45"	"0.4"	"0.75"	"0.01"	"0.005"	"0.01"	"100000"	"10000"	"200"	"4445237469203188845"	55000	"slope"	-0.040088370205
"0.45"	"0.4"	"0.75"	"0.01"	"0.005"	"0.01"	"100000"	"10000"	"200"	"4445237469203188845"	55000	"intercept"	0.669469995
"0.45"	"0.4"	"0.75"	"0.01"	"0.005"	"0.01"	"100000"	"10000"	"200"	"4445237469203188845"	60000	"slope"	-0.0834949949137
"0.45"	"0.4"	"0.75"	"0.01"	"0.005"	"0.01"	"100000"	"10000"	"200"	"4445237469203188845"	60000	"intercept"	0.69662302
"0.45"	"0.4"	"0.75"	"0.01"	"0.005"	"0.01"	"100000"	"10000"	"200"	"4445237469203188845"	65000	"slope"	-0.127563557988
"0.45"	"0.4"	"0.75"	"0.01"	"0.005"	"0.01"	"100000"	"10000"	"200"	"4445237469203188845"	65000	"intercept"	0.72339694
"0.45"	"0.4"	"0.75"	"0.01"	"0.005"	"0.01"	"100000"	"10000"	"200"	"4445237469203188845"	70000	"slope"	-0.0991002725
"0.45"	"0.4"	"0.75"	"0.01"	"0.005"	"0.01"	"100000"	"10000"	"200"	"4445237469203188845"	70000	"intercept"	0.71461794
"0.45"	"0.4"	"0.75"	"0.01"	"0.005"	"0.01"	"100000"	"10000"	"200"	"4445237469203188845"	75000	"slope"	-0.1673630925
"0.45"	"0.4"	"0.75"	"0.01"	"0.005"	"0.01"	"100000"	"10000"	"200"	"4445237469203188845"	75000	"intercept"	0.75154388
"0.45"	"0.4"	"0.75"	"0.01"	"0.005"	"0.01"	"100000"	"10000"	"200"	"4445237469203188845"	80000	"slope"	-0.1788522125
"0.45"	"0.4"	"0.75"	"0.01"	"0.005"	"0.01"	"100000"	"10000"	"200"	"4445237469203188845"	80000	"intercept"	0.762158045
"0.45"	"0.4"	"0.75"	"0.01"	"0.005"	"0.01"	"100000"	"10000"	"200"	"4445237469203188845"	85000	"slope"	-0.10087002575
"0.45"	"0.4"	"0.75"	"0.01"	"0.005"	"0.01"	"100000"	"10000"	"200"	"4445237469203188845"	85000	"intercept"	0.713667385
"0.45"	"0.4"	"0.75"	"0.01"	"0.005"	"0.01"	"100000"	"10000"	"200"	"4445237469203188845"	90000	"slope"	-0.143411878
"0.45"	"0.4"	"0.75"	"0.01"	"0.005"	"0.01"	"100000"	"10000"	"200"	"4445237469203188845"	90000	"intercept"	0.74556582
"0.45"	"0.4"	"0.75"	"0.01"	"0.005"	"0.01"	"100000"	"10000"	"200"	"4445237469203188845"	95000	"slope"	-0.1491172955
"0.45"	"0.4"	"0.75"	"0.01"	"0.005"	"0.01"	"100000"	"10000"	"200"	"4445237469203188845"	95000	"intercept"	0.74203192
"0.45"	"0.4"	"0.75"	"0.01"	"0.005"	"0.01"	"100000"	"10000"	"200"	"4445237469203188845"	100000	"slope"	-0.125108704
"0.45"	"0.4"	"0.75"	"0.01"	"0.005"	"0.01"	"100000"	"10000"	"200"	"4445237469203188845"	100000	"intercept"	0.730092905
"0.45"	"0.6"	"0.75"	"0.01"	"0.005"	"0.01"	"100000"	"10000"	"200"	"103849970196902486"	10	"slope"	8.353767e-05
"0.45"	"0.6"	"0.75"	"0.01"	"0.005"	"0.01"	"100000"	"10000"	"200"	"103849970196902486"	10	"intercept"	0.49986949
"0.45"	"0.6"	"0.75"	"0.01"	"0.005"	"0.01"	"100000"	"10000"	"200"	"103849970196902486"	5000	"slope"	-0.02155922375
"0.45"	"0.6"	"0.75"	"0.01"	"0.005"	"0.01"	"100000"	"10000"	"200"	"103849970196902486"	5000	"intercept"	0.66023265
"0.45"	"0.6"	"0.75"	"0.01"	"0.005"	"0.01"	"100000"	"10000"	"200"	"103849970196902486"	10000	"slope"	-0.064845934815
"0.45"	"0.6"	"0.75"	"0.01"	"0.005"	"0.01"	"100000"	"10000"	"200"	"103849970196902486"	10000	"intercept"	0.690241095
"0.45"	"0.6"	"0.75"	"0.01"	"0.005"	"0.01"	"100000"	"10000"	"200"	"103849970196902486"	15000	"slope"	-0.0912308352
"0.45"	"0.6"	"0.75"	"0.01"	"0.005"	"0.01"	"100000"	"10000"	"200"	"103849970196902486"	15000	"intercept"	0.652974825
"0.45"	"0.6"	"0.75"	"0.01"	"0.005"	"0.01"	"100000"	"10000"	"200"	"103849970196902486"	20000	"slope"	-0.06610591855
"0.45"	"0.6"	"0.75"	"0.01"	"0.005"	"0.01"	"100000"	"10000"	"200"	"103849970196902486"	20000	"intercept"	0.653729375
"0.45"	"0.6"	"0.75"	"0.01"	"0.005"	"0.01"	"100000"	"10000"	"200"	"103849970196902486"	25000	"slope"	-0.067381451
"0.45"	"0.6"	"0.75"	"0.01"	"0.005"	"0.01"	"100000"	"10000"	"200"	"103849970196902486"	25000	"intercept"	0.648238105
"0.45"	"0.6"	"0.75"	"0.01"	"0.005"	"0.01"	"100000"	"10000"	"200"	"103849970196902486"	30000	"slope"	-0.0949306655
"0.45"	"0.6"	"0.75"	"0.01"	"0.005"	"0.01"	"100000"	"10000"	"200"	"103849970196902486"	30000	"intercept"	0.64906689
"0.45"	"0.6"	"0.75"	"0.01"	"0.005"	"0.01"	"100000"	"10000"	"200"	"103849970196902486"	35000	"slope"	-0.217893816165
"0.45"	"0.6"	"0.75"	"0.01"	"0.005"	"0.01"	"100000"	"10000"	"200"	"103849970196902486"	35000	"intercept"	0.690086755
"0.45"	"0.6"	"0.75"	"0.01"	"0.005"	"0.01"	"100000"	"10000"	"200"	"103849970196902486"	40000	"slope"	-0.1971515422
"0.45"	"0.6"	"0.75"	"0.01"	"0.005"	"0.01"	"100000"	"10000"	"200"	"103849970196902486"	40000	"intercept"	0.6743678757
"0.45"	"0.6"	"0.75"	"0.01"	"0.005"	"0.01"	"100000"	"10000"	"200"	"103849970196902486"	45000	"slope"	-0.24128234114
"0.45"	"0.6"	"0.75"	"0.01"	"0.005"	"0.01"	"100000"	"10000"	"200"	"103849970196902486"	45000	"intercept"	0.67625104655
"0.45"	"0.6"	"0.75"	"0.01"	"0.005"	"0.01"	"100000"	"10000"	"200"	"103849970196902486"	50000	"slope"	-0.22173644108
"0.45"	"0.6"	"0.75"	"0.01"	"0.005"	"0.01"	"100000"	"10000"	"200"	"103849970196902486"	50000	"intercept"	0.71893499075
"0.45"	"0.6"	"0.75"	"0.01"	"0.005"	"0.01"	"100000"	"10000"	"200"	"103849970196902486"	55000	"slope"	-0.22562415925
"0.45"	"0.6"	"0.75"	"0.01"	"0.005"	"0.01"	"100000"	"10000"	"200"	"103849970196902486"	55000	"intercept"	0.693816755
"0.45"	"0.6"	"0.75"	"0.01"	"0.005"	"0.01"	"100000"	"10000"	"200"	"103849970196902486"	60000	"slope"	-0.212562366685
"0.45"	"0.6"	"0.75"	"0.01"	"0.005"	"0.01"	"100000"	"10000"	"200"	"103849970196902486"	60000	"intercept"	0.640356625
"0.45"	"0.6"	"0.75"	"0.01"	"0.005"	"0.01"	"100000"	"10000"	"200"	"103849970196902486"	65000	"slope"	-0.16294394565
"0.45"	"0.6"	"0.75"	"0.01"	"0.005"	"0.01"	"100000"	"10000"	"200"	"103849970196902486"	65000	"intercept"	0.668845065
"0.45"	"0.6"	"0.75"	"0.01"	"0.005"	"0.01"	"100000"	"10000"	"200"	"103849970196902486"	70000	"slope"	-0.18430763975
"0.45"	"0.6"	"0.75"	"0.01"	"0.005"	"0.01"	"100000"	"10000"	"200"	"103849970196902486"	70000	"intercept"	0.628858425
"0.45"	"0.6"	"0.75"	"0.01"	"0.005"	"0.01"	"100000"	"10000"	"200"	"103849970196902486"	75000	"slope"	-0.247974294155
"0.45"	"0.6"	"0.75"	"0.01"	"0.005"	"0.01"	"100000"	"10000"	"200"	"103849970196902486"	75000	"intercept"	0.656443005
"0.45"	"0.6"	"0.75"	"0.01"	"0.005"	"0.01"	"100000"	"10000"	"200"	"103849970196902486"	80000	"slope"	-0.2655256126
"0.45"	"0.6"	"0.75"	"0.01"	"0.005"	"0.01"	"100000"	"10000"	"200"	"103849970196902486"	80000	"intercept"	0.746308705
"0.45"	"0.6"	"0.75"	"0.01"	"0.005"	"0.01"	"100000"	"10000"	"200"	"103849970196902486"	85000	"slope"	-0.283219351105
"0.45"	"0.6"	"0.75"	"0.01"	"0.005"	"0.01"	"100000"	"10000"	"200"	"103849970196902486"	85000	"intercept"	0.69909005
"0.45"	"0.6"	"0.75"	"0.01"	"0.005"	"0.01"	"100000"	"10000"	"200"	"103849970196902486"	90000	"slope"	-0.27775841785
"0.45"	"0.6"	"0.75"	"0.01"	"0.005"	"0.01"	"100000"	"10000"	"200"	"103849970196902486"	90000	"intercept"	0.655663005
"0.45"	"0.6"	"0.75"	"0.01"	"0.005"	"0.01"	"100000"	"10000"	"200"	"103849970196902486"	95000	"slope"	-0.1821433278
"0.45"	"0.6"	"0.75"	"0.01"	"0.005"	"0.01"	"100000"	"10000"	"200"	"103849970196902486"	95000	"intercept"	0.7064047
"0.45"	"0.6"	"0.75"	"0.01"	"0.005"	"0.01"	"100000"	"10000"	"200"	"103849970196902486"	100000	"slope"	-0.1793722349
"0.45"	"0.6"	"0.75"	"0.01"	"0.005"	"0.01"	"100000"	"10000"	"200"	"103849970196902486"	100000	"intercept"	0.612722095
"0.45"	"0.6"	"0.75"	"0.01"	"0.005"	"0.01"	"100000"	"10000"	"200"	"5484775893123824818"	10	"slope"	6.524855e-06
"0.45"	"0.6"	"0.75"	"0.01"	"0.005"	"0.01"	"100000"	"10000"	"200"	"5484775893123824818"	10	"intercept"	0.50009721
"0.45"	"0.6"	"0.75"	"0.01"	"0.005"	"0.01"	"100000"	"10000"	"200"	"5484775893123824818"	5000	"slope"	0.07827122785
"0.45"	"0.6"	"0.75"	"0.01"	"0.005"	"0.01"	"100000"	"10000"	"200"	"5484775893123824818"	5000	"intercept"	0.595993235
"0.45"	"0.6"	"0.75"	"0.01"	"0.005"	"0.01"	"100000"	"10000"	"200"	"5484775893123824818"	10000	"slope"	0.010075853937
"0.45"	"0.6"	"0.75"	"0.01"	"0.005"	"0.01"	"100000"	"10000"	"200"	"5484775893123824818"	10000	"intercept"	0.634857295
"0.45"	"0.6"	"0.75"	"0.01"	"0.005"	"0.01"	"100000"	"10000"	"200"	"5484775893123824818"	15000	"slope"	-0.0465455445
"0.45"	"0.6"	"0.75"	"0.01"	"0.005"	"0.01"	"100000"	"10000"	"200"	"5484775893123824818"	15000	"intercept"	0.649944255
"0.45"	"0.6"	"0.75"	"0.01"	"0.005"	"0.01"	"100000"	"10000"	"200"	"5484775893123824818"	20000	"slope"	-0.04758652966
"0.45"	"0.6"	"0.75"	"0.01"	"0.005"	"0.01"	"100000"	"10000"	"200"	"5484775893123824818"	20000	"intercept"	0.65366207
"0.45"	"0.6"	"0.75"	"0.01"	"0.005"	"0.01"	"100000"	"10000"	"200"	"5484775893123824818"	25000	"slope"	-0.075219422025
"0.45"	"0.6"	"0.75"	"0.01"	"0.005"	"0.01"	"100000"	"10000"	"200"	"5484775893123824818"	25000	"intercept"	0.62840335
"0.45"	"0.6"	"0.75"	"0.01"	"0.005"	"0.01"	"100000"	"10000"	"200"	"5484775893123824818"	30000	"slope"	-0.0590202505
"0.45"	"0.6"	"0.75"	"0.01"	"0.005"	"0.01"	"100000"	"10000"	"200"	"5484775893123824818"	30000	"intercept"	0.653339415
"0.45"	"0.6"	"0.75"	"0.01"	"0.005"	"0.01"	"100000"	"10000"	"200"	"5484775893123824818"	35000	"slope"	-0.1295020355
"0.45"	"0.6"	"0.75"	"0.01"	"0.005"	"0.01"	"100000"	"10000"	"200"	"5484775893123824818"	35000	"intercept"	0.664435875
"0.45"	"0.6"	"0.75"	"0.01"	"0.005"	"0.01"	"100000"	"10000"	"200"	"5484775893123824818"	40000	"slope"	-0.171680913
"0.45"	"0.6"	"0.75"	"0.01"	"0.005"	"0.01"	"100000"	"10000"	"200"	"5484775893123824818"	40000	"intercept"	0.653168355
"0.45"	"0.6"	"0.75"	"0.01"	"0.005"	"0.01"	"100000"	"10000"	"200"	"5484775893123824818"	45000	"slope"	-0.1492103305
"0.45"	"0.6"	"0.75"	"0.01"	"0.005"	"0.01"	"100000"	"10000"	"200"	"5484775893123824818"	45000	"intercept"	0.6657687185
"0.45"	"0.6"	"0.75"	"0.01"	"0.005"	"0.01"	"100000"	"10000"	"200"	"5484775893123824818"	50000	"slope"	-0.19900447605
"0.45"	"0.6"	"0.75"	"0.01"	"0.005"	"0.01"	"100000"	"10000"	"200"	"5484775893123824818"	50000	"intercept"	0.6169400085
"0.45"	"0.6"	"0.75"	"0.01"	"0.005"	"0.01"	"100000"	"10000"	"200"	"5484775893123824818"	55000	"slope"	-0.22635558633
"0.45"	"0.6"	"0.75"	"0.01"	"0.005"	"0.01"	"100000"	"10000"	"200"	"5484775893123824818"	55000	"intercept"	0.69387524765
"0.45"	"0.6"	"0.75"	"0.01"	"0.005"	"0.01"	"100000"	"10000"	"200"	"5484775893123824818"	60000	"slope"	-0.21432154127
"0.45"	"0.6"	"0.75"	"0.01"	"0.005"	"0.01"	"100000"	"10000"	"200"	"5484775893123824818"	60000	"intercept"	0.70487855
"0.45"	"0.6"	"0.75"	"0.01"	"0.005"	"0.01"	"100000"	"10000"	"200"	"5484775893123824818"	65000	"slope"	-0.16858518415
"0.45"	"0.6"	"0.75"	"0.01"	"0.005"	"0.01"	"100000"	"10000"	"200"	"5484775893123824818"	65000	"intercept"	0.68935736
"0.45"	"0.6"	"0.75"	"0.01"	"0.005"	"0.01"	"100000"	"10000"	"200"	"5484775893123824818"	70000	"slope"	-0.1526041551
"0.45"	"0.6"	"0.75"	"0.01"	"0.005"	"0.01"	"100000"	"10000"	"200"	"5484775893123824818"	70000	"intercept"	0.696459695
"0.45"	"0.6"	"0.75"	"0.01"	"0.005"	"0.01"	"100000"	"10000"	"200"	"5484775893123824818"	75000	"slope"	-0.15030557065
"0.45"	"0.6"	"0.75"	"0.01"	"0.005"	"0.01"	"100000"	"10000"	"200"	"5484775893123824818"	75000	"intercept"	0.69797894
"0.45"	"0.6"	"0.75"	"0.01"	"0.005"	"0.01"	"100000"	"10000"	"200"	"5484775893123824818"	80000	"slope"	-0.168204603865
"0.45"	"0.6"	"0.75"	"0.01"	"0.005"	"0.01"	"100000"	"10000"	"200"	"5484775893123824818"	80000	"intercept"	0.66481032
"0.45"	"0.6"	"0.75"	"0.01"	"0.005"	"0.01"	"100000"	"10000"	"200"	"5484775893123824818"	85000	"slope"	-0.16818465
"0.45"	"0.6"	"0.75"	"0.01"	"0.005"	"0.01"	"100000"	"10000"	"200"	"5484775893123824818"	85000	"intercept"	0.67746684
"0.45"	"0.6"	"0.75"	"0.01"	"0.005"	"0.01"	"100000"	"10000"	"200"	"5484775893123824818"	90000	"slope"	-0.1745356485
"0.45"	"0.6"	"0.75"	"0.01"	"0.005"	"0.01"	"100000"	"10000"	"200"	"5484775893123824818"	90000	"intercept"	0.638926045
"0.45"	"0.6"	"0.75"	"0.01"	"0.005"	"0.01"	"100000"	"10000"	"200"	"5484775893123824818"	95000	"slope"	-0.234194307175
"0.45"	"0.6"	"0.75"	"0.01"	"0.005"	"0.01"	"100000"	"10000"	"200"	"5484775893123824818"	95000	"intercept"	0.60632545
"0.45"	"0.6"	"0.75"	"0.01"	"0.005"	"0.01"	"100000"	"10000"	"200"	"5484775893123824818"	100000	"slope"	-0.2234261485
"0.45"	"0.6"	"0.75"	"0.01"	"0.005"	"0.01"	"100000"	"10000"	"200"	"5484775893123824818"	100000	"intercept"	0.67014704
"0.45"	"0.6"	"0.75"	"0.01"	"0.005"	"0.01"	"100000"	"10000"	"200"	"9218195368288439302"	10	"slope"	3.5027905e-05
"0.45"	"0.6"	"0.75"	"0.01"	"0.005"	"0.01"	"100000"	"10000"	"200"	"9218195368288439302"	10	"intercept"	0.50007122
"0.45"	"0.6"	"0.75"	"0.01"	"0.005"	"0.01"	"100000"	"10000"	"200"	"9218195368288439302"	5000	"slope"	-0.0182410945335
"0.45"	"0.6"	"0.75"	"0.01"	"0.005"	"0.01"	"100000"	"10000"	"200"	"9218195368288439302"	5000	"intercept"	0.65670842
"0.45"	"0.6"	"0.75"	"0.01"	"0.005"	"0.01"	"100000"	"10000"	"200"	"9218195368288439302"	10000	"slope"	-0.097984210545
"0.45"	"0.6"	"0.75"	"0.01"	"0.005"	"0.01"	"100000"	"10000"	"200"	"9218195368288439302"	10000	"intercept"	0.707444465
"0.45"	"0.6"	"0.75"	"0.01"	"0.005"	"0.01"	"100000"	"10000"	"200"	"9218195368288439302"	15000	"slope"	-0.155707133
"0.45"	"0.6"	"0.75"	"0.01"	"0.005"	"0.01"	"100000"	"10000"	"200"	"9218195368288439302"	15000	"intercept"	0.729849805
"0.45"	"0.6"	"0.75"	"0.01"	"0.005"	"0.01"	"100000"	"10000"	"200"	"9218195368288439302"	20000	"slope"	-0.1417954005
"0.45"	"0.6"	"0.75"	"0.01"	"0.005"	"0.01"	"100000"	"10000"	"200"	"9218195368288439302"	20000	"intercept"	0.690309505
"0.45"	"0.6"	"0.75"	"0.01"	"0.005"	"0.01"	"100000"	"10000"	"200"	"9218195368288439302"	25000	"slope"	-0.1902826715
"0.45"	"0.6"	"0.75"	"0.01"	"0.005"	"0.01"	"100000"	"10000"	"200"	"9218195368288439302"	25000	"intercept"	0.67946361
"0.45"	"0.6"	"0.75"	"0.01"	"0.005"	"0.01"	"100000"	"10000"	"200"	"9218195368288439302"	30000	"slope"	-0.19634253458
"0.45"	"0.6"	"0.75"	"0.01"	"0.005"	"0.01"	"100000"	"10000"	"200"	"9218195368288439302"	30000	"intercept"	0.740383395
"0.45"	"0.6"	"0.75"	"0.01"	"0.005"	"0.01"	"100000"	"10000"	"200"	"9218195368288439302"	35000	"slope"	-0.293812745
"0.45"	"0.6"	"0.75"	"0.01"	"0.005"	"0.01"	"100000"	"10000"	"200"	"9218195368288439302"	35000	"intercept"	0.7745201
"0.45"	"0.6"	"0.75"	"0.01"	"0.005"	"0.01"	"100000"	"10000"	"200"	"9218195368288439302"	40000	"slope"	-0.303689049
"0.45"	"0.6"	"0.75"	"0.01"	"0.005"	"0.01"	"100000"	"10000"	"200"	"9218195368288439302"	40000	"intercept"	0.755435845
"0.45"	"0.6"	"0.75"	"0.01"	"0.005"	"0.01"	"100000"	"10000"	"200"	"9218195368288439302"	45000	"slope"	-0.30958464905
"0.45"	"0.6"	"0.75"	"0.01"	"0.005"	"0.01"	"100000"	"10000"	"200"	"9218195368288439302"	45000	"intercept"	0.78285942
"0.45"	"0.6"	"0.75"	"0.01"	"0.005"	"0.01"	"100000"	"10000"	"200"	"9218195368288439302"	50000	"slope"	-0.3390673213
"0.45"	"0.6"	"0.75"	"0.01"	"0.005"	"0.01"	"100000"	"10000"	"200"	"9218195368288439302"	50000	"intercept"	0.7873641935
"0.45"	"0.6"	"0.75"	"0.01"	"0.005"	"0.01"	"100000"	"10000"	"200"	"9218195368288439302"	55000	"slope"	-0.317694874535
"0.45"	"0.6"	"0.75"	"0.01"	"0.005"	"0.01"	"100000"	"10000"	"200"	"9218195368288439302"	55000	"intercept"	0.72616295895
"0.45"	"0.6"	"0.75"	"0.01"	"0.005"	"0.01"	"100000"	"10000"	"200"	"9218195368288439302"	60000	"slope"	-0.256519697
"0.45"	"0.6"	"0.75"	"0.01"	"0.005"	"0.01"	"100000"	"10000"	"200"	"9218195368288439302"	60000	"intercept"	0.6986107743
"0.45"	"0.6"	"0.75"	"0.01"	"0.005"	"0.01"	"100000"	"10000"	"200"	"9218195368288439302"	65000	"slope"	-0.1907535555
"0.45"	"0.6"	"0.75"	"0.01"	"0.005"	"0.01"	"100000"	"10000"	"200"	"9218195368288439302"	65000	"intercept"	0.7093849345
"0.45"	"0.6"	"0.75"	"0.01"	"0.005"	"0.01"	"100000"	"10000"	"200"	"9218195368288439302"	70000	"slope"	-0.2002368175
"0.45"	"0.6"	"0.75"	"0.01"	"0.005"	"0.01"	"100000"	"10000"	"200"	"9218195368288439302"	70000	"intercept"	0.70392126
"0.45"	"0.6"	"0.75"	"0.01"	"0.005"	"0.01"	"100000"	"10000"	"200"	"9218195368288439302"	75000	"slope"	-0.2568401347
"0.45"	"0.6"	"0.75"	"0.01"	"0.005"	"0.01"	"100000"	"10000"	"200"	"9218195368288439302"	75000	"intercept"	0.67573543
"0.45"	"0.6"	"0.75"	"0.01"	"0.005"	"0.01"	"100000"	"10000"	"200"	"9218195368288439302"	80000	"slope"	-0.224856084925
"0.45"	"0.6"	"0.75"	"0.01"	"0.005"	"0.01"	"100000"	"10000"	"200"	"9218195368288439302"	80000	"intercept"	0.77285347
"0.45"	"0.6"	"0.75"	"0.01"	"0.005"	"0.01"	"100000"	"10000"	"200"	"9218195368288439302"	85000	"slope"	-0.30691040142
"0.45"	"0.6"	"0.75"	"0.01"	"0.005"	"0.01"	"100000"	"10000"	"200"	"9218195368288439302"	85000	"intercept"	0.6933429885
"0.45"	"0.6"	"0.75"	"0.01"	"0.005"	"0.01"	"100000"	"10000"	"200"	"9218195368288439302"	90000	"slope"	-0.2195897354
"0.45"	"0.6"	"0.75"	"0.01"	"0.005"	"0.01"	"100000"	"10000"	"200"	"9218195368288439302"	90000	"intercept"	0.71504275
"0.45"	"0.6"	"0.75"	"0.01"	"0.005"	"0.01"	"100000"	"10000"	"200"	"9218195368288439302"	95000	"slope"	-0.250393232765
"0.45"	"0.6"	"0.75"	"0.01"	"0.005"	"0.01"	"100000"	"10000"	"200"	"9218195368288439302"	95000	"intercept"	0.701015615
"0.45"	"0.6"	"0.75"	"0.01"	"0.005"	"0.01"	"100000"	"10000"	"200"	"9218195368288439302"	100000	"slope"	-0.21042220462
"0.45"	"0.6"	"0.75"	"0.01"	"0.005"	"0.01"	"100000"	"10000"	"200"	"9218195368288439302"	100000	"intercept"	0.70307179
"0.45"	"0.8"	"0.75"	"0.01"	"0.005"	"0.01"	"100000"	"10000"	"200"	"523517197151716555"	10	"slope"	-1.7492295e-05
"0.45"	"0.8"	"0.75"	"0.01"	"0.005"	"0.01"	"100000"	"10000"	"200"	"523517197151716555"	10	"intercept"	0.5002791
"0.45"	"0.8"	"0.75"	"0.01"	"0.005"	"0.01"	"100000"	"10000"	"200"	"523517197151716555"	5000	"slope"	-0.00364872856
"0.45"	"0.8"	"0.75"	"0.01"	"0.005"	"0.01"	"100000"	"10000"	"200"	"523517197151716555"	5000	"intercept"	0.628833025
"0.45"	"0.8"	"0.75"	"0.01"	"0.005"	"0.01"	"100000"	"10000"	"200"	"523517197151716555"	10000	"slope"	-0.0427383185
"0.45"	"0.8"	"0.75"	"0.01"	"0.005"	"0.01"	"100000"	"10000"	"200"	"523517197151716555"	10000	"intercept"	0.621473015
"0.45"	"0.8"	"0.75"	"0.01"	"0.005"	"0.01"	"100000"	"10000"	"200"	"523517197151716555"	15000	"slope"	-0.11425678073
"0.45"	"0.8"	"0.75"	"0.01"	"0.005"	"0.01"	"100000"	"10000"	"200"	"523517197151716555"	15000	"intercept"	0.614612015
"0.45"	"0.8"	"0.75"	"0.01"	"0.005"	"0.01"	"100000"	"10000"	"200"	"523517197151716555"	20000	"slope"	-0.149442780175
"0.45"	"0.8"	"0.75"	"0.01"	"0.005"	"0.01"	"100000"	"10000"	"200"	"523517197151716555"	20000	"intercept"	0.607261345
"0.45"	"0.8"	"0.75"	"0.01"	"0.005"	"0.01"	"100000"	"10000"	"200"	"523517197151716555"	25000	"slope"	-0.128339172255
"0.45"	"0.8"	"0.75"	"0.01"	"0.005"	"0.01"	"100000"	"10000"	"200"	"523517197151716555"	25000	"intercept"	0.60437715
"0.45"	"0.8"	"0.75"	"0.01"	"0.005"	"0.01"	"100000"	"10000"	"200"	"523517197151716555"	30000	"slope"	-0.10326876555
"0.45"	"0.8"	"0.75"	"0.01"	"0.005"	"0.01"	"100000"	"10000"	"200"	"523517197151716555"	30000	"intercept"	0.5589692715
"0.45"	"0.8"	"0.75"	"0.01"	"0.005"	"0.01"	"100000"	"10000"	"200"	"523517197151716555"	35000	"slope"	-0.036584335
"0.45"	"0.8"	"0.75"	"0.01"	"0.005"	"0.01"	"100000"	"10000"	"200"	"523517197151716555"	35000	"intercept"	0.590320387
"0.45"	"0.8"	"0.75"	"0.01"	"0.005"	"0.01"	"100000"	"10000"	"200"	"523517197151716555"	40000	"slope"	-0.0950218285
"0.45"	"0.8"	"0.75"	"0.01"	"0.005"	"0.01"	"100000"	"10000"	"200"	"523517197151716555"	40000	"intercept"	0.56745528935
"0.45"	"0.8"	"0.75"	"0.01"	"0.005"	"0.01"	"100000"	"10000"	"200"	"523517197151716555"	45000	"slope"	-0.1075500105
"0.45"	"0.8"	"0.75"	"0.01"	"0.005"	"0.01"	"100000"	"10000"	"200"	"523517197151716555"	45000	"intercept"	0.5615190957
"0.45"	"0.8"	"0.75"	"0.01"	"0.005"	"0.01"	"100000"	"10000"	"200"	"523517197151716555"	50000	"slope"	-0.15861807665
"0.45"	"0.8"	"0.75"	"0.01"	"0.005"	"0.01"	"100000"	"10000"	"200"	"523517197151716555"	50000	"intercept"	0.47510339436
"0.45"	"0.8"	"0.75"	"0.01"	"0.005"	"0.01"	"100000"	"10000"	"200"	"523517197151716555"	55000	"slope"	-0.17965764558
"0.45"	"0.8"	"0.75"	"0.01"	"0.005"	"0.01"	"100000"	"10000"	"200"	"523517197151716555"	55000	"intercept"	0.6032260271
"0.45"	"0.8"	"0.75"	"0.01"	"0.005"	"0.01"	"100000"	"10000"	"200"	"523517197151716555"	60000	"slope"	-0.14107173195
"0.45"	"0.8"	"0.75"	"0.01"	"0.005"	"0.01"	"100000"	"10000"	"200"	"523517197151716555"	60000	"intercept"	0.48709081011
"0.45"	"0.8"	"0.75"	"0.01"	"0.005"	"0.01"	"100000"	"10000"	"200"	"523517197151716555"	65000	"slope"	-0.1076837662
"0.45"	"0.8"	"0.75"	"0.01"	"0.005"	"0.01"	"100000"	"10000"	"200"	"523517197151716555"	65000	"intercept"	0.520742690695
"0.45"	"0.8"	"0.75"	"0.01"	"0.005"	"0.01"	"100000"	"10000"	"200"	"523517197151716555"	70000	"slope"	-0.06158679905
"0.45"	"0.8"	"0.75"	"0.01"	"0.005"	"0.01"	"100000"	"10000"	"200"	"523517197151716555"	70000	"intercept"	0.54556485355
"0.45"	"0.8"	"0.75"	"0.01"	"0.005"	"0.01"	"100000"	"10000"	"200"	"523517197151716555"	75000	"slope"	-0.135555011
"0.45"	"0.8"	"0.75"	"0.01"	"0.005"	"0.01"	"100000"	"10000"	"200"	"523517197151716555"	75000	"intercept"	0.63764366345
"0.45"	"0.8"	"0.75"	"0.01"	"0.005"	"0.01"	"100000"	"10000"	"200"	"523517197151716555"	80000	"slope"	-0.194709629875
"0.45"	"0.8"	"0.75"	"0.01"	"0.005"	"0.01"	"100000"	"10000"	"200"	"523517197151716555"	80000	"intercept"	0.596339945015
"0.45"	"0.8"	"0.75"	"0.01"	"0.005"	"0.01"	"100000"	"10000"	"200"	"523517197151716555"	85000	"slope"	-0.11109476164
"0.45"	"0.8"	"0.75"	"0.01"	"0.005"	"0.01"	"100000"	"10000"	"200"	"523517197151716555"	85000	"intercept"	0.698465137925
"0.45"	"0.8"	"0.75"	"0.01"	"0.005"	"0.01"	"100000"	"10000"	"200"	"523517197151716555"	90000	"slope"	-0.14090538393
"0.45"	"0.8"	"0.75"	"0.01"	"0.005"	"0.01"	"100000"	"10000"	"200"	"523517197151716555"	90000	"intercept"	0.655722589975
"0.45"	"0.8"	"0.75"	"0.01"	"0.005"	"0.01"	"100000"	"10000"	"200"	"523517197151716555"	95000	"slope"	-0.170114178315
"0.45"	"0.8"	"0.75"	"0.01"	"0.005"	"0.01"	"100000"	"10000"	"200"	"523517197151716555"	95000	"intercept"	0.61513960934
"0.45"	"0.8"	"0.75"	"0.01"	"0.005"	"0.01"	"100000"	"10000"	"200"	"523517197151716555"	100000	"slope"	-0.11072032660295
"0.45"	"0.8"	"0.75"	"0.01"	"0.005"	"0.01"	"100000"	"10000"	"200"	"523517197151716555"	100000	"intercept"	0.645445818
"0.45"	"0.8"	"0.75"	"0.01"	"0.005"	"0.01"	"100000"	"10000"	"200"	"6205120729917980578"	10	"slope"	0.000116457436
"0.45"	"0.8"	"0.75"	"0.01"	"0.005"	"0.01"	"100000"	"10000"	"200"	"6205120729917980578"	10	"intercept"	0.49996077
"0.45"	"0.8"	"0.75"	"0.01"	"0.005"	"0.01"	"100000"	"10000"	"200"	"6205120729917980578"	5000	"slope"	0.04353626615
"0.45"	"0.8"	"0.75"	"0.01"	"0.005"	"0.01"	"100000"	"10000"	"200"	"6205120729917980578"	5000	"intercept"	0.609062065
"0.45"	"0.8"	"0.75"	"0.01"	"0.005"	"0.01"	"100000"	"10000"	"200"	"6205120729917980578"	10000	"slope"	-0.01942098605
"0.45"	"0.8"	"0.75"	"0.01"	"0.005"	"0.01"	"100000"	"10000"	"200"	"6205120729917980578"	10000	"intercept"	0.598965265
"0.45"	"0.8"	"0.75"	"0.01"	"0.005"	"0.01"	"100000"	"10000"	"200"	"6205120729917980578"	15000	"slope"	-0.104972509
"0.45"	"0.8"	"0.75"	"0.01"	"0.005"	"0.01"	"100000"	"10000"	"200"	"6205120729917980578"	15000	"intercept"	0.609777166
"0.45"	"0.8"	"0.75"	"0.01"	"0.005"	"0.01"	"100000"	"10000"	"200"	"6205120729917980578"	20000	"slope"	-0.152807222375
"0.45"	"0.8"	"0.75"	"0.01"	"0.005"	"0.01"	"100000"	"10000"	"200"	"6205120729917980578"	20000	"intercept"	0.63232529
"0.45"	"0.8"	"0.75"	"0.01"	"0.005"	"0.01"	"100000"	"10000"	"200"	"6205120729917980578"	25000	"slope"	-0.1211254442
"0.45"	"0.8"	"0.75"	"0.01"	"0.005"	"0.01"	"100000"	"10000"	"200"	"6205120729917980578"	25000	"intercept"	0.6130875
"0.45"	"0.8"	"0.75"	"0.01"	"0.005"	"0.01"	"100000"	"10000"	"200"	"6205120729917980578"	30000	"slope"	-0.11422274685
"0.45"	"0.8"	"0.75"	"0.01"	"0.005"	"0.01"	"100000"	"10000"	"200"	"6205120729917980578"	30000	"intercept"	0.5908264785
"0.45"	"0.8"	"0.75"	"0.01"	"0.005"	"0.01"	"100000"	"10000"	"200"	"6205120729917980578"	35000	"slope"	-0.13479844691
"0.45"	"0.8"	"0.75"	"0.01"	"0.005"	"0.01"	"100000"	"10000"	"200"	"6205120729917980578"	35000	"intercept"	0.578156663
"0.45"	"0.8"	"0.75"	"0.01"	"0.005"	"0.01"	"100000"	"10000"	"200"	"6205120729917980578"	40000	"slope"	-0.143668676835
"0.45"	"0.8"	"0.75"	"0.01"	"0.005"	"0.01"	"100000"	"10000"	"200"	"6205120729917980578"	40000	"intercept"	0.6059621995
"0.45"	"0.8"	"0.75"	"0.01"	"0.005"	"0.01"	"100000"	"10000"	"200"	"6205120729917980578"	45000	"slope"	-0.1099495918
"0.45"	"0.8"	"0.75"	"0.01"	"0.005"	"0.01"	"100000"	"10000"	"200"	"6205120729917980578"	45000	"intercept"	0.622348975
"0.45"	"0.8"	"0.75"	"0.01"	"0.005"	"0.01"	"100000"	"10000"	"200"	"6205120729917980578"	50000	"slope"	-0.169120414905
"0.45"	"0.8"	"0.75"	"0.01"	"0.005"	"0.01"	"100000"	"10000"	"200"	"6205120729917980578"	50000	"intercept"	0.532320075
"0.45"	"0.8"	"0.75"	"0.01"	"0.005"	"0.01"	"100000"	"10000"	"200"	"6205120729917980578"	55000	"slope"	-0.1410655752
"0.45"	"0.8"	"0.75"	"0.01"	"0.005"	"0.01"	"100000"	"10000"	"200"	"6205120729917980578"	55000	"intercept"	0.6302363325
"0.45"	"0.8"	"0.75"	"0.01"	"0.005"	"0.01"	"100000"	"10000"	"200"	"6205120729917980578"	60000	"slope"	-0.156204470665
"0.45"	"0.8"	"0.75"	"0.01"	"0.005"	"0.01"	"100000"	"10000"	"200"	"6205120729917980578"	60000	"intercept"	0.589252591
"0.45"	"0.8"	"0.75"	"0.01"	"0.005"	"0.01"	"100000"	"10000"	"200"	"6205120729917980578"	65000	"slope"	-0.1310792551325
"0.45"	"0.8"	"0.75"	"0.01"	"0.005"	"0.01"	"100000"	"10000"	"200"	"6205120729917980578"	65000	"intercept"	0.608699652
"0.45"	"0.8"	"0.75"	"0.01"	"0.005"	"0.01"	"100000"	"10000"	"200"	"6205120729917980578"	70000	"slope"	-0.18893929545
"0.45"	"0.8"	"0.75"	"0.01"	"0.005"	"0.01"	"100000"	"10000"	"200"	"6205120729917980578"	70000	"intercept"	0.582840835
"0.45"	"0.8"	"0.75"	"0.01"	"0.005"	"0.01"	"100000"	"10000"	"200"	"6205120729917980578"	75000	"slope"	-0.1474099617
"0.45"	"0.8"	"0.75"	"0.01"	"0.005"	"0.01"	"100000"	"10000"	"200"	"6205120729917980578"	75000	"intercept"	0.59761534963
"0.45"	"0.8"	"0.75"	"0.01"	"0.005"	"0.01"	"100000"	"10000"	"200"	"6205120729917980578"	80000	"slope"	-0.1300399177
"0.45"	"0.8"	"0.75"	"0.01"	"0.005"	"0.01"	"100000"	"10000"	"200"	"6205120729917980578"	80000	"intercept"	0.516572772065
"0.45"	"0.8"	"0.75"	"0.01"	"0.005"	"0.01"	"100000"	"10000"	"200"	"6205120729917980578"	85000	"slope"	-0.1279161561
"0.45"	"0.8"	"0.75"	"0.01"	"0.005"	"0.01"	"100000"	"10000"	"200"	"6205120729917980578"	85000	"intercept"	0.58027705325
"0.45"	"0.8"	"0.75"	"0.01"	"0.005"	"0.01"	"100000"	"10000"	"200"	"6205120729917980578"	90000	"slope"	-0.094672025
"0.45"	"0.8"	"0.75"	"0.01"	"0.005"	"0.01"	"100000"	"10000"	"200"	"6205120729917980578"	90000	"intercept"	0.60517645608
"0.45"	"0.8"	"0.75"	"0.01"	"0.005"	"0.01"	"100000"	"10000"	"200"	"6205120729917980578"	95000	"slope"	-0.1198663033
"0.45"	"0.8"	"0.75"	"0.01"	"0.005"	"0.01"	"100000"	"10000"	"200"	"6205120729917980578"	95000	"intercept"	0.55684066708
"0.45"	"0.8"	"0.75"	"0.01"	"0.005"	"0.01"	"100000"	"10000"	"200"	"6205120729917980578"	100000	"slope"	-0.124863902009
"0.45"	"0.8"	"0.75"	"0.01"	"0.005"	"0.01"	"100000"	"10000"	"200"	"6205120729917980578"	100000	"intercept"	0.601319188895
"0.45"	"0.8"	"0.75"	"0.01"	"0.005"	"0.01"	"100000"	"10000"	"200"	"9140537520136009954"	10	"slope"	-2.1915795e-05
"0.45"	"0.8"	"0.75"	"0.01"	"0.005"	"0.01"	"100000"	"10000"	"200"	"9140537520136009954"	10	"intercept"	0.499985325
"0.45"	"0.8"	"0.75"	"0.01"	"0.005"	"0.01"	"100000"	"10000"	"200"	"9140537520136009954"	5000	"slope"	0.02658004435
"0.45"	"0.8"	"0.75"	"0.01"	"0.005"	"0.01"	"100000"	"10000"	"200"	"9140537520136009954"	5000	"intercept"	0.618748375
"0.45"	"0.8"	"0.75"	"0.01"	"0.005"	"0.01"	"100000"	"10000"	"200"	"9140537520136009954"	10000	"slope"	-0.005904221055
"0.45"	"0.8"	"0.75"	"0.01"	"0.005"	"0.01"	"100000"	"10000"	"200"	"9140537520136009954"	10000	"intercept"	0.599027335
"0.45"	"0.8"	"0.75"	"0.01"	"0.005"	"0.01"	"100000"	"10000"	"200"	"9140537520136009954"	15000	"slope"	-0.024527445
"0.45"	"0.8"	"0.75"	"0.01"	"0.005"	"0.01"	"100000"	"10000"	"200"	"9140537520136009954"	15000	"intercept"	0.62553288395
"0.45"	"0.8"	"0.75"	"0.01"	"0.005"	"0.01"	"100000"	"10000"	"200"	"9140537520136009954"	20000	"slope"	-0.0758857585
"0.45"	"0.8"	"0.75"	"0.01"	"0.005"	"0.01"	"100000"	"10000"	"200"	"9140537520136009954"	20000	"intercept"	0.660045475
"0.45"	"0.8"	"0.75"	"0.01"	"0.005"	"0.01"	"100000"	"10000"	"200"	"9140537520136009954"	25000	"slope"	-0.1442679693
"0.45"	"0.8"	"0.75"	"0.01"	"0.005"	"0.01"	"100000"	"10000"	"200"	"9140537520136009954"	25000	"intercept"	0.59557096
"0.45"	"0.8"	"0.75"	"0.01"	"0.005"	"0.01"	"100000"	"10000"	"200"	"9140537520136009954"	30000	"slope"	-0.17765014307
"0.45"	"0.8"	"0.75"	"0.01"	"0.005"	"0.01"	"100000"	"10000"	"200"	"9140537520136009954"	30000	"intercept"	0.542293915
"0.45"	"0.8"	"0.75"	"0.01"	"0.005"	"0.01"	"100000"	"10000"	"200"	"9140537520136009954"	35000	"slope"	-0.18133884645
"0.45"	"0.8"	"0.75"	"0.01"	"0.005"	"0.01"	"100000"	"10000"	"200"	"9140537520136009954"	35000	"intercept"	0.58849815
"0.45"	"0.8"	"0.75"	"0.01"	"0.005"	"0.01"	"100000"	"10000"	"200"	"9140537520136009954"	40000	"slope"	-0.149103370215
"0.45"	"0.8"	"0.75"	"0.01"	"0.005"	"0.01"	"100000"	"10000"	"200"	"9140537520136009954"	40000	"intercept"	0.550484444
"0.45"	"0.8"	"0.75"	"0.01"	"0.005"	"0.01"	"100000"	"10000"	"200"	"9140537520136009954"	45000	"slope"	-0.119614193721
"0.45"	"0.8"	"0.75"	"0.01"	"0.005"	"0.01"	"100000"	"10000"	"200"	"9140537520136009954"	45000	"intercept"	0.60069198945
"0.45"	"0.8"	"0.75"	"0.01"	"0.005"	"0.01"	"100000"	"10000"	"200"	"9140537520136009954"	50000	"slope"	-0.126799362715
"0.45"	"0.8"	"0.75"	"0.01"	"0.005"	"0.01"	"100000"	"10000"	"200"	"9140537520136009954"	50000	"intercept"	0.5466127155
"0.45"	"0.8"	"0.75"	"0.01"	"0.005"	"0.01"	"100000"	"10000"	"200"	"9140537520136009954"	55000	"slope"	-0.119034362
"0.45"	"0.8"	"0.75"	"0.01"	"0.005"	"0.01"	"100000"	"10000"	"200"	"9140537520136009954"	55000	"intercept"	0.5072722023085
"0.45"	"0.8"	"0.75"	"0.01"	"0.005"	"0.01"	"100000"	"10000"	"200"	"9140537520136009954"	60000	"slope"	-0.09805199385
"0.45"	"0.8"	"0.75"	"0.01"	"0.005"	"0.01"	"100000"	"10000"	"200"	"9140537520136009954"	60000	"intercept"	0.5496364199925
"0.45"	"0.8"	"0.75"	"0.01"	"0.005"	"0.01"	"100000"	"10000"	"200"	"9140537520136009954"	65000	"slope"	-0.06796523885
"0.45"	"0.8"	"0.75"	"0.01"	"0.005"	"0.01"	"100000"	"10000"	"200"	"9140537520136009954"	65000	"intercept"	0.5619456376
"0.45"	"0.8"	"0.75"	"0.01"	"0.005"	"0.01"	"100000"	"10000"	"200"	"9140537520136009954"	70000	"slope"	-0.0290837855
"0.45"	"0.8"	"0.75"	"0.01"	"0.005"	"0.01"	"100000"	"10000"	"200"	"9140537520136009954"	70000	"intercept"	0.48116766166
"0.45"	"0.8"	"0.75"	"0.01"	"0.005"	"0.01"	"100000"	"10000"	"200"	"9140537520136009954"	75000	"slope"	-0.010139695
"0.45"	"0.8"	"0.75"	"0.01"	"0.005"	"0.01"	"100000"	"10000"	"200"	"9140537520136009954"	75000	"intercept"	0.52015689255
"0.45"	"0.8"	"0.75"	"0.01"	"0.005"	"0.01"	"100000"	"10000"	"200"	"9140537520136009954"	80000	"slope"	0.0148679085
"0.45"	"0.8"	"0.75"	"0.01"	"0.005"	"0.01"	"100000"	"10000"	"200"	"9140537520136009954"	80000	"intercept"	0.538850781292
"0.45"	"0.8"	"0.75"	"0.01"	"0.005"	"0.01"	"100000"	"10000"	"200"	"9140537520136009954"	85000	"slope"	0.0284565995
"0.45"	"0.8"	"0.75"	"0.01"	"0.005"	"0.01"	"100000"	"10000"	"200"	"9140537520136009954"	85000	"intercept"	0.4890909315
"0.45"	"0.8"	"0.75"	"0.01"	"0.005"	"0.01"	"100000"	"10000"	"200"	"9140537520136009954"	90000	"slope"	0.0646670712
"0.45"	"0.8"	"0.75"	"0.01"	"0.005"	"0.01"	"100000"	"10000"	"200"	"9140537520136009954"	90000	"intercept"	0.47196726155
"0.45"	"0.8"	"0.75"	"0.01"	"0.005"	"0.01"	"100000"	"10000"	"200"	"9140537520136009954"	95000	"slope"	0.0716477955
"0.45"	"0.8"	"0.75"	"0.01"	"0.005"	"0.01"	"100000"	"10000"	"200"	"9140537520136009954"	95000	"intercept"	0.486808930565
"0.45"	"0.8"	"0.75"	"0.01"	"0.005"	"0.01"	"100000"	"10000"	"200"	"9140537520136009954"	100000	"slope"	0.0536867545
"0.45"	"0.8"	"0.75"	"0.01"	"0.005"	"0.01"	"100000"	"10000"	"200"	"9140537520136009954"	100000	"intercept"	0.489850647825
"0.55"	"0.0"	"0.75"	"0.01"	"0.005"	"0.01"	"100000"	"10000"	"200"	"2232670839038434878"	10	"slope"	-0.00010968977
"0.55"	"0.0"	"0.75"	"0.01"	"0.005"	"0.01"	"100000"	"10000"	"200"	"2232670839038434878"	10	"intercept"	0.50001233
"0.55"	"0.0"	"0.75"	"0.01"	"0.005"	"0.01"	"100000"	"10000"	"200"	"2232670839038434878"	5000	"slope"	0.0886377377
"0.55"	"0.0"	"0.75"	"0.01"	"0.005"	"0.01"	"100000"	"10000"	"200"	"2232670839038434878"	5000	"intercept"	0.63778229
"0.55"	"0.0"	"0.75"	"0.01"	"0.005"	"0.01"	"100000"	"10000"	"200"	"2232670839038434878"	10000	"slope"	0.05135650445
"0.55"	"0.0"	"0.75"	"0.01"	"0.005"	"0.01"	"100000"	"10000"	"200"	"2232670839038434878"	10000	"intercept"	0.66636583
"0.55"	"0.0"	"0.75"	"0.01"	"0.005"	"0.01"	"100000"	"10000"	"200"	"2232670839038434878"	15000	"slope"	0.0258595790105
"0.55"	"0.0"	"0.75"	"0.01"	"0.005"	"0.01"	"100000"	"10000"	"200"	"2232670839038434878"	15000	"intercept"	0.67862441
"0.55"	"0.0"	"0.75"	"0.01"	"0.005"	"0.01"	"100000"	"10000"	"200"	"2232670839038434878"	20000	"slope"	0.0292530857285
"0.55"	"0.0"	"0.75"	"0.01"	"0.005"	"0.01"	"100000"	"10000"	"200"	"2232670839038434878"	20000	"intercept"	0.685461665
"0.55"	"0.0"	"0.75"	"0.01"	"0.005"	"0.01"	"100000"	"10000"	"200"	"2232670839038434878"	25000	"slope"	0.03670601249365
"0.55"	"0.0"	"0.75"	"0.01"	"0.005"	"0.01"	"100000"	"10000"	"200"	"2232670839038434878"	25000	"intercept"	0.671397575
"0.55"	"0.0"	"0.75"	"0.01"	"0.005"	"0.01"	"100000"	"10000"	"200"	"2232670839038434878"	30000	"slope"	0.0231097772845
"0.55"	"0.0"	"0.75"	"0.01"	"0.005"	"0.01"	"100000"	"10000"	"200"	"2232670839038434878"	30000	"intercept"	0.68337019
"0.55"	"0.0"	"0.75"	"0.01"	"0.005"	"0.01"	"100000"	"10000"	"200"	"2232670839038434878"	35000	"slope"	0.002509945632
"0.55"	"0.0"	"0.75"	"0.01"	"0.005"	"0.01"	"100000"	"10000"	"200"	"2232670839038434878"	35000	"intercept"	0.70023054
"0.55"	"0.0"	"0.75"	"0.01"	"0.005"	"0.01"	"100000"	"10000"	"200"	"2232670839038434878"	40000	"slope"	0.025862671195
"0.55"	"0.0"	"0.75"	"0.01"	"0.005"	"0.01"	"100000"	"10000"	"200"	"2232670839038434878"	40000	"intercept"	0.686257235
"0.55"	"0.0"	"0.75"	"0.01"	"0.005"	"0.01"	"100000"	"10000"	"200"	"2232670839038434878"	45000	"slope"	0.0566070538
"0.55"	"0.0"	"0.75"	"0.01"	"0.005"	"0.01"	"100000"	"10000"	"200"	"2232670839038434878"	45000	"intercept"	0.66706231
"0.55"	"0.0"	"0.75"	"0.01"	"0.005"	"0.01"	"100000"	"10000"	"200"	"2232670839038434878"	50000	"slope"	0.037058961915
"0.55"	"0.0"	"0.75"	"0.01"	"0.005"	"0.01"	"100000"	"10000"	"200"	"2232670839038434878"	50000	"intercept"	0.674903425
"0.55"	"0.0"	"0.75"	"0.01"	"0.005"	"0.01"	"100000"	"10000"	"200"	"2232670839038434878"	55000	"slope"	0.02037284643
"0.55"	"0.0"	"0.75"	"0.01"	"0.005"	"0.01"	"100000"	"10000"	"200"	"2232670839038434878"	55000	"intercept"	0.68192616
"0.55"	"0.0"	"0.75"	"0.01"	"0.005"	"0.01"	"100000"	"10000"	"200"	"2232670839038434878"	60000	"slope"	0.079835397
"0.55"	"0.0"	"0.75"	"0.01"	"0.005"	"0.01"	"100000"	"10000"	"200"	"2232670839038434878"	60000	"intercept"	0.650689695
"0.55"	"0.0"	"0.75"	"0.01"	"0.005"	"0.01"	"100000"	"10000"	"200"	"2232670839038434878"	65000	"slope"	0.116471817
"0.55"	"0.0"	"0.75"	"0.01"	"0.005"	"0.01"	"100000"	"10000"	"200"	"2232670839038434878"	65000	"intercept"	0.62146344
"0.55"	"0.0"	"0.75"	"0.01"	"0.005"	"0.01"	"100000"	"10000"	"200"	"2232670839038434878"	70000	"slope"	0.0939032585
"0.55"	"0.0"	"0.75"	"0.01"	"0.005"	"0.01"	"100000"	"10000"	"200"	"2232670839038434878"	70000	"intercept"	0.638971655
"0.55"	"0.0"	"0.75"	"0.01"	"0.005"	"0.01"	"100000"	"10000"	"200"	"2232670839038434878"	75000	"slope"	0.09147578728
"0.55"	"0.0"	"0.75"	"0.01"	"0.005"	"0.01"	"100000"	"10000"	"200"	"2232670839038434878"	75000	"intercept"	0.64128653
"0.55"	"0.0"	"0.75"	"0.01"	"0.005"	"0.01"	"100000"	"10000"	"200"	"2232670839038434878"	80000	"slope"	0.1031621532
"0.55"	"0.0"	"0.75"	"0.01"	"0.005"	"0.01"	"100000"	"10000"	"200"	"2232670839038434878"	80000	"intercept"	0.628791435
"0.55"	"0.0"	"0.75"	"0.01"	"0.005"	"0.01"	"100000"	"10000"	"200"	"2232670839038434878"	85000	"slope"	0.08143771213
"0.55"	"0.0"	"0.75"	"0.01"	"0.005"	"0.01"	"100000"	"10000"	"200"	"2232670839038434878"	85000	"intercept"	0.63679329
"0.55"	"0.0"	"0.75"	"0.01"	"0.005"	"0.01"	"100000"	"10000"	"200"	"2232670839038434878"	90000	"slope"	0.031577794585
"0.55"	"0.0"	"0.75"	"0.01"	"0.005"	"0.01"	"100000"	"10000"	"200"	"2232670839038434878"	90000	"intercept"	0.680585105
"0.55"	"0.0"	"0.75"	"0.01"	"0.005"	"0.01"	"100000"	"10000"	"200"	"2232670839038434878"	95000	"slope"	0.0612244258
"0.55"	"0.0"	"0.75"	"0.01"	"0.005"	"0.01"	"100000"	"10000"	"200"	"2232670839038434878"	95000	"intercept"	0.659967065
"0.55"	"0.0"	"0.75"	"0.01"	"0.005"	"0.01"	"100000"	"10000"	"200"	"2232670839038434878"	100000	"slope"	0.0814614255
"0.55"	"0.0"	"0.75"	"0.01"	"0.005"	"0.01"	"100000"	"10000"	"200"	"2232670839038434878"	100000	"intercept"	0.646650555
"0.55"	"0.0"	"0.75"	"0.01"	"0.005"	"0.01"	"100000"	"10000"	"200"	"3532717849469972621"	10	"slope"	8.0635165e-05
"0.55"	"0.0"	"0.75"	"0.01"	"0.005"	"0.01"	"100000"	"10000"	"200"	"3532717849469972621"	10	"intercept"	0.49996812
"0.55"	"0.0"	"0.75"	"0.01"	"0.005"	"0.01"	"100000"	"10000"	"200"	"3532717849469972621"	5000	"slope"	0.08027387065
"0.55"	"0.0"	"0.75"	"0.01"	"0.005"	"0.01"	"100000"	"10000"	"200"	"3532717849469972621"	5000	"intercept"	0.65065019
"0.55"	"0.0"	"0.75"	"0.01"	"0.005"	"0.01"	"100000"	"10000"	"200"	"3532717849469972621"	10000	"slope"	0.097016091
"0.55"	"0.0"	"0.75"	"0.01"	"0.005"	"0.01"	"100000"	"10000"	"200"	"3532717849469972621"	10000	"intercept"	0.636308725
"0.55"	"0.0"	"0.75"	"0.01"	"0.005"	"0.01"	"100000"	"10000"	"200"	"3532717849469972621"	15000	"slope"	0.076075214685
"0.55"	"0.0"	"0.75"	"0.01"	"0.005"	"0.01"	"100000"	"10000"	"200"	"3532717849469972621"	15000	"intercept"	0.64575954
"0.55"	"0.0"	"0.75"	"0.01"	"0.005"	"0.01"	"100000"	"10000"	"200"	"3532717849469972621"	20000	"slope"	0.08112707241
"0.55"	"0.0"	"0.75"	"0.01"	"0.005"	"0.01"	"100000"	"10000"	"200"	"3532717849469972621"	20000	"intercept"	0.64192917
"0.55"	"0.0"	"0.75"	"0.01"	"0.005"	"0.01"	"100000"	"10000"	"200"	"3532717849469972621"	25000	"slope"	0.1303069815
"0.55"	"0.0"	"0.75"	"0.01"	"0.005"	"0.01"	"100000"	"10000"	"200"	"3532717849469972621"	25000	"intercept"	0.604428505
"0.55"	"0.0"	"0.75"	"0.01"	"0.005"	"0.01"	"100000"	"10000"	"200"	"3532717849469972621"	30000	"slope"	0.0987792145
"0.55"	"0.0"	"0.75"	"0.01"	"0.005"	"0.01"	"100000"	"10000"	"200"	"3532717849469972621"	30000	"intercept"	0.629337
"0.55"	"0.0"	"0.75"	"0.01"	"0.005"	"0.01"	"100000"	"10000"	"200"	"3532717849469972621"	35000	"slope"	0.07425298055
"0.55"	"0.0"	"0.75"	"0.01"	"0.005"	"0.01"	"100000"	"10000"	"200"	"3532717849469972621"	35000	"intercept"	0.645889455
"0.55"	"0.0"	"0.75"	"0.01"	"0.005"	"0.01"	"100000"	"10000"	"200"	"3532717849469972621"	40000	"slope"	0.06620386675
"0.55"	"0.0"	"0.75"	"0.01"	"0.005"	"0.01"	"100000"	"10000"	"200"	"3532717849469972621"	40000	"intercept"	0.65373147
"0.55"	"0.0"	"0.75"	"0.01"	"0.005"	"0.01"	"100000"	"10000"	"200"	"3532717849469972621"	45000	"slope"	0.06103593765
"0.55"	"0.0"	"0.75"	"0.01"	"0.005"	"0.01"	"100000"	"10000"	"200"	"3532717849469972621"	45000	"intercept"	0.6691799
"0.55"	"0.0"	"0.75"	"0.01"	"0.005"	"0.01"	"100000"	"10000"	"200"	"3532717849469972621"	50000	"slope"	0.0989734275
"0.55"	"0.0"	"0.75"	"0.01"	"0.005"	"0.01"	"100000"	"10000"	"200"	"3532717849469972621"	50000	"intercept"	0.63665776
"0.55"	"0.0"	"0.75"	"0.01"	"0.005"	"0.01"	"100000"	"10000"	"200"	"3532717849469972621"	55000	"slope"	0.0753928269
"0.55"	"0.0"	"0.75"	"0.01"	"0.005"	"0.01"	"100000"	"10000"	"200"	"3532717849469972621"	55000	"intercept"	0.64816954
"0.55"	"0.0"	"0.75"	"0.01"	"0.005"	"0.01"	"100000"	"10000"	"200"	"3532717849469972621"	60000	"slope"	0.0735880813
"0.55"	"0.0"	"0.75"	"0.01"	"0.005"	"0.01"	"100000"	"10000"	"200"	"3532717849469972621"	60000	"intercept"	0.652857925
"0.55"	"0.0"	"0.75"	"0.01"	"0.005"	"0.01"	"100000"	"10000"	"200"	"3532717849469972621"	65000	"slope"	0.0671623861
"0.55"	"0.0"	"0.75"	"0.01"	"0.005"	"0.01"	"100000"	"10000"	"200"	"3532717849469972621"	65000	"intercept"	0.650482415
"0.55"	"0.0"	"0.75"	"0.01"	"0.005"	"0.01"	"100000"	"10000"	"200"	"3532717849469972621"	70000	"slope"	0.1137974135
"0.55"	"0.0"	"0.75"	"0.01"	"0.005"	"0.01"	"100000"	"10000"	"200"	"3532717849469972621"	70000	"intercept"	0.62004234
"0.55"	"0.0"	"0.75"	"0.01"	"0.005"	"0.01"	"100000"	"10000"	"200"	"3532717849469972621"	75000	"slope"	0.0815923547
"0.55"	"0.0"	"0.75"	"0.01"	"0.005"	"0.01"	"100000"	"10000"	"200"	"3532717849469972621"	75000	"intercept"	0.64424111
"0.55"	"0.0"	"0.75"	"0.01"	"0.005"	"0.01"	"100000"	"10000"	"200"	"3532717849469972621"	80000	"slope"	0.08262549874
"0.55"	"0.0"	"0.75"	"0.01"	"0.005"	"0.01"	"100000"	"10000"	"200"	"3532717849469972621"	80000	"intercept"	0.644257335
"0.55"	"0.0"	"0.75"	"0.01"	"0.005"	"0.01"	"100000"	"10000"	"200"	"3532717849469972621"	85000	"slope"	0.07601990365
"0.55"	"0.0"	"0.75"	"0.01"	"0.005"	"0.01"	"100000"	"10000"	"200"	"3532717849469972621"	85000	"intercept"	0.650260515
"0.55"	"0.0"	"0.75"	"0.01"	"0.005"	"0.01"	"100000"	"10000"	"200"	"3532717849469972621"	90000	"slope"	0.07678358995
"0.55"	"0.0"	"0.75"	"0.01"	"0.005"	"0.01"	"100000"	"10000"	"200"	"3532717849469972621"	90000	"intercept"	0.64762074
"0.55"	"0.0"	"0.75"	"0.01"	"0.005"	"0.01"	"100000"	"10000"	"200"	"3532717849469972621"	95000	"slope"	0.0812559874
"0.55"	"0.0"	"0.75"	"0.01"	"0.005"	"0.01"	"100000"	"10000"	"200"	"3532717849469972621"	95000	"intercept"	0.643480055
"0.55"	"0.0"	"0.75"	"0.01"	"0.005"	"0.01"	"100000"	"10000"	"200"	"3532717849469972621"	100000	"slope"	0.097831207
"0.55"	"0.0"	"0.75"	"0.01"	"0.005"	"0.01"	"100000"	"10000"	"200"	"3532717849469972621"	100000	"intercept"	0.63657582
"0.55"	"0.0"	"0.75"	"0.01"	"0.005"	"0.01"	"100000"	"10000"	"200"	"543362429313275134"	10	"slope"	-0.000105183375
"0.55"	"0.0"	"0.75"	"0.01"	"0.005"	"0.01"	"100000"	"10000"	"200"	"543362429313275134"	10	"intercept"	0.50007033
"0.55"	"0.0"	"0.75"	"0.01"	"0.005"	"0.01"	"100000"	"10000"	"200"	"543362429313275134"	5000	"slope"	0.08715448052
"0.55"	"0.0"	"0.75"	"0.01"	"0.005"	"0.01"	"100000"	"10000"	"200"	"543362429313275134"	5000	"intercept"	0.63756262
"0.55"	"0.0"	"0.75"	"0.01"	"0.005"	"0.01"	"100000"	"10000"	"200"	"543362429313275134"	10000	"slope"	0.1033611985
"0.55"	"0.0"	"0.75"	"0.01"	"0.005"	"0.01"	"100000"	"10000"	"200"	"543362429313275134"	10000	"intercept"	0.631521215
"0.55"	"0.0"	"0.75"	"0.01"	"0.005"	"0.01"	"100000"	"10000"	"200"	"543362429313275134"	15000	"slope"	0.1100177915
"0.55"	"0.0"	"0.75"	"0.01"	"0.005"	"0.01"	"100000"	"10000"	"200"	"543362429313275134"	15000	"intercept"	0.62514329
"0.55"	"0.0"	"0.75"	"0.01"	"0.005"	"0.01"	"100000"	"10000"	"200"	"543362429313275134"	20000	"slope"	0.0997503045
"0.55"	"0.0"	"0.75"	"0.01"	"0.005"	"0.01"	"100000"	"10000"	"200"	"543362429313275134"	20000	"intercept"	0.634276235
"0.55"	"0.0"	"0.75"	"0.01"	"0.005"	"0.01"	"100000"	"10000"	"200"	"543362429313275134"	25000	"slope"	0.071704776
"0.55"	"0.0"	"0.75"	"0.01"	"0.005"	"0.01"	"100000"	"10000"	"200"	"543362429313275134"	25000	"intercept"	0.656960445
"0.55"	"0.0"	"0.75"	"0.01"	"0.005"	"0.01"	"100000"	"10000"	"200"	"543362429313275134"	30000	"slope"	0.1130150395
"0.55"	"0.0"	"0.75"	"0.01"	"0.005"	"0.01"	"100000"	"10000"	"200"	"543362429313275134"	30000	"intercept"	0.61863323
"0.55"	"0.0"	"0.75"	"0.01"	"0.005"	"0.01"	"100000"	"10000"	"200"	"543362429313275134"	35000	"slope"	0.07325506139
"0.55"	"0.0"	"0.75"	"0.01"	"0.005"	"0.01"	"100000"	"10000"	"200"	"543362429313275134"	35000	"intercept"	0.6487422
"0.55"	"0.0"	"0.75"	"0.01"	"0.005"	"0.01"	"100000"	"10000"	"200"	"543362429313275134"	40000	"slope"	0.0753674055
"0.55"	"0.0"	"0.75"	"0.01"	"0.005"	"0.01"	"100000"	"10000"	"200"	"543362429313275134"	40000	"intercept"	0.64742826
"0.55"	"0.0"	"0.75"	"0.01"	"0.005"	"0.01"	"100000"	"10000"	"200"	"543362429313275134"	45000	"slope"	0.0911973695
"0.55"	"0.0"	"0.75"	"0.01"	"0.005"	"0.01"	"100000"	"10000"	"200"	"543362429313275134"	45000	"intercept"	0.641389055
"0.55"	"0.0"	"0.75"	"0.01"	"0.005"	"0.01"	"100000"	"10000"	"200"	"543362429313275134"	50000	"slope"	0.0634504522
"0.55"	"0.0"	"0.75"	"0.01"	"0.005"	"0.01"	"100000"	"10000"	"200"	"543362429313275134"	50000	"intercept"	0.66146157
"0.55"	"0.0"	"0.75"	"0.01"	"0.005"	"0.01"	"100000"	"10000"	"200"	"543362429313275134"	55000	"slope"	0.0522109753
"0.55"	"0.0"	"0.75"	"0.01"	"0.005"	"0.01"	"100000"	"10000"	"200"	"543362429313275134"	55000	"intercept"	0.658246975
"0.55"	"0.0"	"0.75"	"0.01"	"0.005"	"0.01"	"100000"	"10000"	"200"	"543362429313275134"	60000	"slope"	0.056627006035
"0.55"	"0.0"	"0.75"	"0.01"	"0.005"	"0.01"	"100000"	"10000"	"200"	"543362429313275134"	60000	"intercept"	0.661707015
"0.55"	"0.0"	"0.75"	"0.01"	"0.005"	"0.01"	"100000"	"10000"	"200"	"543362429313275134"	65000	"slope"	0.0622380507
"0.55"	"0.0"	"0.75"	"0.01"	"0.005"	"0.01"	"100000"	"10000"	"200"	"543362429313275134"	65000	"intercept"	0.659045205
"0.55"	"0.0"	"0.75"	"0.01"	"0.005"	"0.01"	"100000"	"10000"	"200"	"543362429313275134"	70000	"slope"	0.07016947505
"0.55"	"0.0"	"0.75"	"0.01"	"0.005"	"0.01"	"100000"	"10000"	"200"	"543362429313275134"	70000	"intercept"	0.6547816
"0.55"	"0.0"	"0.75"	"0.01"	"0.005"	"0.01"	"100000"	"10000"	"200"	"543362429313275134"	75000	"slope"	0.07271723775
"0.55"	"0.0"	"0.75"	"0.01"	"0.005"	"0.01"	"100000"	"10000"	"200"	"543362429313275134"	75000	"intercept"	0.65374666
"0.55"	"0.0"	"0.75"	"0.01"	"0.005"	"0.01"	"100000"	"10000"	"200"	"543362429313275134"	80000	"slope"	0.06686305415
"0.55"	"0.0"	"0.75"	"0.01"	"0.005"	"0.01"	"100000"	"10000"	"200"	"543362429313275134"	80000	"intercept"	0.648406035
"0.55"	"0.0"	"0.75"	"0.01"	"0.005"	"0.01"	"100000"	"10000"	"200"	"543362429313275134"	85000	"slope"	0.0425012185
"0.55"	"0.0"	"0.75"	"0.01"	"0.005"	"0.01"	"100000"	"10000"	"200"	"543362429313275134"	85000	"intercept"	0.666519745
"0.55"	"0.0"	"0.75"	"0.01"	"0.005"	"0.01"	"100000"	"10000"	"200"	"543362429313275134"	90000	"slope"	0.05457218765
"0.55"	"0.0"	"0.75"	"0.01"	"0.005"	"0.01"	"100000"	"10000"	"200"	"543362429313275134"	90000	"intercept"	0.66782833
"0.55"	"0.0"	"0.75"	"0.01"	"0.005"	"0.01"	"100000"	"10000"	"200"	"543362429313275134"	95000	"slope"	0.0804627048
"0.55"	"0.0"	"0.75"	"0.01"	"0.005"	"0.01"	"100000"	"10000"	"200"	"543362429313275134"	95000	"intercept"	0.64024695
"0.55"	"0.0"	"0.75"	"0.01"	"0.005"	"0.01"	"100000"	"10000"	"200"	"543362429313275134"	100000	"slope"	0.110026486
"0.55"	"0.0"	"0.75"	"0.01"	"0.005"	"0.01"	"100000"	"10000"	"200"	"543362429313275134"	100000	"intercept"	0.62846657
"0.55"	"0.4"	"0.75"	"0.01"	"0.005"	"0.01"	"100000"	"10000"	"200"	"3260768289295492578"	10	"slope"	7.2431625e-05
"0.55"	"0.4"	"0.75"	"0.01"	"0.005"	"0.01"	"100000"	"10000"	"200"	"3260768289295492578"	10	"intercept"	0.499951845
"0.55"	"0.4"	"0.75"	"0.01"	"0.005"	"0.01"	"100000"	"10000"	"200"	"3260768289295492578"	5000	"slope"	0.031307510325
"0.55"	"0.4"	"0.75"	"0.01"	"0.005"	"0.01"	"100000"	"10000"	"200"	"3260768289295492578"	5000	"intercept"	0.667281495
"0.55"	"0.4"	"0.75"	"0.01"	"0.005"	"0.01"	"100000"	"10000"	"200"	"3260768289295492578"	10000	"slope"	0.009295050595
"0.55"	"0.4"	"0.75"	"0.01"	"0.005"	"0.01"	"100000"	"10000"	"200"	"3260768289295492578"	10000	"intercept"	0.686971715
"0.55"	"0.4"	"0.75"	"0.01"	"0.005"	"0.01"	"100000"	"10000"	"200"	"3260768289295492578"	15000	"slope"	-0.0301444836
"0.55"	"0.4"	"0.75"	"0.01"	"0.005"	"0.01"	"100000"	"10000"	"200"	"3260768289295492578"	15000	"intercept"	0.71790565
"0.55"	"0.4"	"0.75"	"0.01"	"0.005"	"0.01"	"100000"	"10000"	"200"	"3260768289295492578"	20000	"slope"	-0.010003557715
"0.55"	"0.4"	"0.75"	"0.01"	"0.005"	"0.01"	"100000"	"10000"	"200"	"3260768289295492578"	20000	"intercept"	0.69436844
"0.55"	"0.4"	"0.75"	"0.01"	"0.005"	"0.01"	"100000"	"10000"	"200"	"3260768289295492578"	25000	"slope"	0.0105924924545
"0.55"	"0.4"	"0.75"	"0.01"	"0.005"	"0.01"	"100000"	"10000"	"200"	"3260768289295492578"	25000	"intercept"	0.68134682
"0.55"	"0.4"	"0.75"	"0.01"	"0.005"	"0.01"	"100000"	"10000"	"200"	"3260768289295492578"	30000	"slope"	-0.02730736315405
"0.55"	"0.4"	"0.75"	"0.01"	"0.005"	"0.01"	"100000"	"10000"	"200"	"3260768289295492578"	30000	"intercept"	0.70903358
"0.55"	"0.4"	"0.75"	"0.01"	"0.005"	"0.01"	"100000"	"10000"	"200"	"3260768289295492578"	35000	"slope"	-0.025555102745
"0.55"	"0.4"	"0.75"	"0.01"	"0.005"	"0.01"	"100000"	"10000"	"200"	"3260768289295492578"	35000	"intercept"	0.70695861
"0.55"	"0.4"	"0.75"	"0.01"	"0.005"	"0.01"	"100000"	"10000"	"200"	"3260768289295492578"	40000	"slope"	-0.019113362464
"0.55"	"0.4"	"0.75"	"0.01"	"0.005"	"0.01"	"100000"	"10000"	"200"	"3260768289295492578"	40000	"intercept"	0.705700015
"0.55"	"0.4"	"0.75"	"0.01"	"0.005"	"0.01"	"100000"	"10000"	"200"	"3260768289295492578"	45000	"slope"	-0.035452720138
"0.55"	"0.4"	"0.75"	"0.01"	"0.005"	"0.01"	"100000"	"10000"	"200"	"3260768289295492578"	45000	"intercept"	0.70878837
"0.55"	"0.4"	"0.75"	"0.01"	"0.005"	"0.01"	"100000"	"10000"	"200"	"3260768289295492578"	50000	"slope"	-0.0705854432
"0.55"	"0.4"	"0.75"	"0.01"	"0.005"	"0.01"	"100000"	"10000"	"200"	"3260768289295492578"	50000	"intercept"	0.72995975
"0.55"	"0.4"	"0.75"	"0.01"	"0.005"	"0.01"	"100000"	"10000"	"200"	"3260768289295492578"	55000	"slope"	-0.0625833422
"0.55"	"0.4"	"0.75"	"0.01"	"0.005"	"0.01"	"100000"	"10000"	"200"	"3260768289295492578"	55000	"intercept"	0.738895565
"0.55"	"0.4"	"0.75"	"0.01"	"0.005"	"0.01"	"100000"	"10000"	"200"	"3260768289295492578"	60000	"slope"	-0.104612017
"0.55"	"0.4"	"0.75"	"0.01"	"0.005"	"0.01"	"100000"	"10000"	"200"	"3260768289295492578"	60000	"intercept"	0.750945655
"0.55"	"0.4"	"0.75"	"0.01"	"0.005"	"0.01"	"100000"	"10000"	"200"	"3260768289295492578"	65000	"slope"	-0.1178691585
"0.55"	"0.4"	"0.75"	"0.01"	"0.005"	"0.01"	"100000"	"10000"	"200"	"3260768289295492578"	65000	"intercept"	0.76139932
"0.55"	"0.4"	"0.75"	"0.01"	"0.005"	"0.01"	"100000"	"10000"	"200"	"3260768289295492578"	70000	"slope"	-0.1253228144
"0.55"	"0.4"	"0.75"	"0.01"	"0.005"	"0.01"	"100000"	"10000"	"200"	"3260768289295492578"	70000	"intercept"	0.7784693
"0.55"	"0.4"	"0.75"	"0.01"	"0.005"	"0.01"	"100000"	"10000"	"200"	"3260768289295492578"	75000	"slope"	-0.07642213115
"0.55"	"0.4"	"0.75"	"0.01"	"0.005"	"0.01"	"100000"	"10000"	"200"	"3260768289295492578"	75000	"intercept"	0.735635205
"0.55"	"0.4"	"0.75"	"0.01"	"0.005"	"0.01"	"100000"	"10000"	"200"	"3260768289295492578"	80000	"slope"	-0.047026029478
"0.55"	"0.4"	"0.75"	"0.01"	"0.005"	"0.01"	"100000"	"10000"	"200"	"3260768289295492578"	80000	"intercept"	0.7273109
"0.55"	"0.4"	"0.75"	"0.01"	"0.005"	"0.01"	"100000"	"10000"	"200"	"3260768289295492578"	85000	"slope"	-0.03774624639
"0.55"	"0.4"	"0.75"	"0.01"	"0.005"	"0.01"	"100000"	"10000"	"200"	"3260768289295492578"	85000	"intercept"	0.71588711
"0.55"	"0.4"	"0.75"	"0.01"	"0.005"	"0.01"	"100000"	"10000"	"200"	"3260768289295492578"	90000	"slope"	-0.05870224855
"0.55"	"0.4"	"0.75"	"0.01"	"0.005"	"0.01"	"100000"	"10000"	"200"	"3260768289295492578"	90000	"intercept"	0.72475129
"0.55"	"0.4"	"0.75"	"0.01"	"0.005"	"0.01"	"100000"	"10000"	"200"	"3260768289295492578"	95000	"slope"	-0.115567853
"0.55"	"0.4"	"0.75"	"0.01"	"0.005"	"0.01"	"100000"	"10000"	"200"	"3260768289295492578"	95000	"intercept"	0.770407415
"0.55"	"0.4"	"0.75"	"0.01"	"0.005"	"0.01"	"100000"	"10000"	"200"	"3260768289295492578"	100000	"slope"	-0.113392565
"0.55"	"0.4"	"0.75"	"0.01"	"0.005"	"0.01"	"100000"	"10000"	"200"	"3260768289295492578"	100000	"intercept"	0.75894872
"0.55"	"0.4"	"0.75"	"0.01"	"0.005"	"0.01"	"100000"	"10000"	"200"	"4762631406491475802"	10	"slope"	0.0001322301
"0.55"	"0.4"	"0.75"	"0.01"	"0.005"	"0.01"	"100000"	"10000"	"200"	"4762631406491475802"	10	"intercept"	0.500081925
"0.55"	"0.4"	"0.75"	"0.01"	"0.005"	"0.01"	"100000"	"10000"	"200"	"4762631406491475802"	5000	"slope"	0.071511378865
"0.55"	"0.4"	"0.75"	"0.01"	"0.005"	"0.01"	"100000"	"10000"	"200"	"4762631406491475802"	5000	"intercept"	0.64945105
"0.55"	"0.4"	"0.75"	"0.01"	"0.005"	"0.01"	"100000"	"10000"	"200"	"4762631406491475802"	10000	"slope"	0.01404051717745
"0.55"	"0.4"	"0.75"	"0.01"	"0.005"	"0.01"	"100000"	"10000"	"200"	"4762631406491475802"	10000	"intercept"	0.68526994
"0.55"	"0.4"	"0.75"	"0.01"	"0.005"	"0.01"	"100000"	"10000"	"200"	"4762631406491475802"	15000	"slope"	-0.02856776579
"0.55"	"0.4"	"0.75"	"0.01"	"0.005"	"0.01"	"100000"	"10000"	"200"	"4762631406491475802"	15000	"intercept"	0.71081089
"0.55"	"0.4"	"0.75"	"0.01"	"0.005"	"0.01"	"100000"	"10000"	"200"	"4762631406491475802"	20000	"slope"	-0.0506447686771
"0.55"	"0.4"	"0.75"	"0.01"	"0.005"	"0.01"	"100000"	"10000"	"200"	"4762631406491475802"	20000	"intercept"	0.71968758
"0.55"	"0.4"	"0.75"	"0.01"	"0.005"	"0.01"	"100000"	"10000"	"200"	"4762631406491475802"	25000	"slope"	0.0079908413285
"0.55"	"0.4"	"0.75"	"0.01"	"0.005"	"0.01"	"100000"	"10000"	"200"	"4762631406491475802"	25000	"intercept"	0.68448338
"0.55"	"0.4"	"0.75"	"0.01"	"0.005"	"0.01"	"100000"	"10000"	"200"	"4762631406491475802"	30000	"slope"	-0.01589949282
"0.55"	"0.4"	"0.75"	"0.01"	"0.005"	"0.01"	"100000"	"10000"	"200"	"4762631406491475802"	30000	"intercept"	0.709431585
"0.55"	"0.4"	"0.75"	"0.01"	"0.005"	"0.01"	"100000"	"10000"	"200"	"4762631406491475802"	35000	"slope"	-0.06147432535
"0.55"	"0.4"	"0.75"	"0.01"	"0.005"	"0.01"	"100000"	"10000"	"200"	"4762631406491475802"	35000	"intercept"	0.728691275
"0.55"	"0.4"	"0.75"	"0.01"	"0.005"	"0.01"	"100000"	"10000"	"200"	"4762631406491475802"	40000	"slope"	-0.02948580356
"0.55"	"0.4"	"0.75"	"0.01"	"0.005"	"0.01"	"100000"	"10000"	"200"	"4762631406491475802"	40000	"intercept"	0.706181315
"0.55"	"0.4"	"0.75"	"0.01"	"0.005"	"0.01"	"100000"	"10000"	"200"	"4762631406491475802"	45000	"slope"	-0.02813510147
"0.55"	"0.4"	"0.75"	"0.01"	"0.005"	"0.01"	"100000"	"10000"	"200"	"4762631406491475802"	45000	"intercept"	0.71932155
"0.55"	"0.4"	"0.75"	"0.01"	"0.005"	"0.01"	"100000"	"10000"	"200"	"4762631406491475802"	50000	"slope"	-0.060351659
"0.55"	"0.4"	"0.75"	"0.01"	"0.005"	"0.01"	"100000"	"10000"	"200"	"4762631406491475802"	50000	"intercept"	0.73057468
"0.55"	"0.4"	"0.75"	"0.01"	"0.005"	"0.01"	"100000"	"10000"	"200"	"4762631406491475802"	55000	"slope"	-0.054066527145
"0.55"	"0.4"	"0.75"	"0.01"	"0.005"	"0.01"	"100000"	"10000"	"200"	"4762631406491475802"	55000	"intercept"	0.73152541
"0.55"	"0.4"	"0.75"	"0.01"	"0.005"	"0.01"	"100000"	"10000"	"200"	"4762631406491475802"	60000	"slope"	0.004336735015
"0.55"	"0.4"	"0.75"	"0.01"	"0.005"	"0.01"	"100000"	"10000"	"200"	"4762631406491475802"	60000	"intercept"	0.68133682
"0.55"	"0.4"	"0.75"	"0.01"	"0.005"	"0.01"	"100000"	"10000"	"200"	"4762631406491475802"	65000	"slope"	-0.025376542775
"0.55"	"0.4"	"0.75"	"0.01"	"0.005"	"0.01"	"100000"	"10000"	"200"	"4762631406491475802"	65000	"intercept"	0.706709225
"0.55"	"0.4"	"0.75"	"0.01"	"0.005"	"0.01"	"100000"	"10000"	"200"	"4762631406491475802"	70000	"slope"	-0.09364953805
"0.55"	"0.4"	"0.75"	"0.01"	"0.005"	"0.01"	"100000"	"10000"	"200"	"4762631406491475802"	70000	"intercept"	0.749295575
"0.55"	"0.4"	"0.75"	"0.01"	"0.005"	"0.01"	"100000"	"10000"	"200"	"4762631406491475802"	75000	"slope"	-0.09078952445
"0.55"	"0.4"	"0.75"	"0.01"	"0.005"	"0.01"	"100000"	"10000"	"200"	"4762631406491475802"	75000	"intercept"	0.749791665
"0.55"	"0.4"	"0.75"	"0.01"	"0.005"	"0.01"	"100000"	"10000"	"200"	"4762631406491475802"	80000	"slope"	-0.12054625065
"0.55"	"0.4"	"0.75"	"0.01"	"0.005"	"0.01"	"100000"	"10000"	"200"	"4762631406491475802"	80000	"intercept"	0.7677828
"0.55"	"0.4"	"0.75"	"0.01"	"0.005"	"0.01"	"100000"	"10000"	"200"	"4762631406491475802"	85000	"slope"	-0.12827159745
"0.55"	"0.4"	"0.75"	"0.01"	"0.005"	"0.01"	"100000"	"10000"	"200"	"4762631406491475802"	85000	"intercept"	0.77339515
"0.55"	"0.4"	"0.75"	"0.01"	"0.005"	"0.01"	"100000"	"10000"	"200"	"4762631406491475802"	90000	"slope"	-0.153415655
"0.55"	"0.4"	"0.75"	"0.01"	"0.005"	"0.01"	"100000"	"10000"	"200"	"4762631406491475802"	90000	"intercept"	0.78658781
"0.55"	"0.4"	"0.75"	"0.01"	"0.005"	"0.01"	"100000"	"10000"	"200"	"4762631406491475802"	95000	"slope"	-0.126360742
"0.55"	"0.4"	"0.75"	"0.01"	"0.005"	"0.01"	"100000"	"10000"	"200"	"4762631406491475802"	95000	"intercept"	0.771678375
"0.55"	"0.4"	"0.75"	"0.01"	"0.005"	"0.01"	"100000"	"10000"	"200"	"4762631406491475802"	100000	"slope"	-0.1338469525
"0.55"	"0.4"	"0.75"	"0.01"	"0.005"	"0.01"	"100000"	"10000"	"200"	"4762631406491475802"	100000	"intercept"	0.781694385
"0.55"	"0.4"	"0.75"	"0.01"	"0.005"	"0.01"	"100000"	"10000"	"200"	"7918509317429439108"	10	"slope"	-0.000114853225
"0.55"	"0.4"	"0.75"	"0.01"	"0.005"	"0.01"	"100000"	"10000"	"200"	"7918509317429439108"	10	"intercept"	0.49998193
"0.55"	"0.4"	"0.75"	"0.01"	"0.005"	"0.01"	"100000"	"10000"	"200"	"7918509317429439108"	5000	"slope"	0.0415709568995
"0.55"	"0.4"	"0.75"	"0.01"	"0.005"	"0.01"	"100000"	"10000"	"200"	"7918509317429439108"	5000	"intercept"	0.675081575
"0.55"	"0.4"	"0.75"	"0.01"	"0.005"	"0.01"	"100000"	"10000"	"200"	"7918509317429439108"	10000	"slope"	0.014270670295
"0.55"	"0.4"	"0.75"	"0.01"	"0.005"	"0.01"	"100000"	"10000"	"200"	"7918509317429439108"	10000	"intercept"	0.68330429
"0.55"	"0.4"	"0.75"	"0.01"	"0.005"	"0.01"	"100000"	"10000"	"200"	"7918509317429439108"	15000	"slope"	0.0290211367075
"0.55"	"0.4"	"0.75"	"0.01"	"0.005"	"0.01"	"100000"	"10000"	"200"	"7918509317429439108"	15000	"intercept"	0.666241115
"0.55"	"0.4"	"0.75"	"0.01"	"0.005"	"0.01"	"100000"	"10000"	"200"	"7918509317429439108"	20000	"slope"	-0.00484633935
"0.55"	"0.4"	"0.75"	"0.01"	"0.005"	"0.01"	"100000"	"10000"	"200"	"7918509317429439108"	20000	"intercept"	0.691816635
"0.55"	"0.4"	"0.75"	"0.01"	"0.005"	"0.01"	"100000"	"10000"	"200"	"7918509317429439108"	25000	"slope"	-0.0189034253
"0.55"	"0.4"	"0.75"	"0.01"	"0.005"	"0.01"	"100000"	"10000"	"200"	"7918509317429439108"	25000	"intercept"	0.7016426
"0.55"	"0.4"	"0.75"	"0.01"	"0.005"	"0.01"	"100000"	"10000"	"200"	"7918509317429439108"	30000	"slope"	-0.052814706995
"0.55"	"0.4"	"0.75"	"0.01"	"0.005"	"0.01"	"100000"	"10000"	"200"	"7918509317429439108"	30000	"intercept"	0.72522345
"0.55"	"0.4"	"0.75"	"0.01"	"0.005"	"0.01"	"100000"	"10000"	"200"	"7918509317429439108"	35000	"slope"	-0.05811766185
"0.55"	"0.4"	"0.75"	"0.01"	"0.005"	"0.01"	"100000"	"10000"	"200"	"7918509317429439108"	35000	"intercept"	0.72175992
"0.55"	"0.4"	"0.75"	"0.01"	"0.005"	"0.01"	"100000"	"10000"	"200"	"7918509317429439108"	40000	"slope"	-0.0579661438
"0.55"	"0.4"	"0.75"	"0.01"	"0.005"	"0.01"	"100000"	"10000"	"200"	"7918509317429439108"	40000	"intercept"	0.729471415
"0.55"	"0.4"	"0.75"	"0.01"	"0.005"	"0.01"	"100000"	"10000"	"200"	"7918509317429439108"	45000	"slope"	-0.04908354801
"0.55"	"0.4"	"0.75"	"0.01"	"0.005"	"0.01"	"100000"	"10000"	"200"	"7918509317429439108"	45000	"intercept"	0.72854056
"0.55"	"0.4"	"0.75"	"0.01"	"0.005"	"0.01"	"100000"	"10000"	"200"	"7918509317429439108"	50000	"slope"	-0.088846290212
"0.55"	"0.4"	"0.75"	"0.01"	"0.005"	"0.01"	"100000"	"10000"	"200"	"7918509317429439108"	50000	"intercept"	0.75261455
"0.55"	"0.4"	"0.75"	"0.01"	"0.005"	"0.01"	"100000"	"10000"	"200"	"7918509317429439108"	55000	"slope"	-0.0401008515
"0.55"	"0.4"	"0.75"	"0.01"	"0.005"	"0.01"	"100000"	"10000"	"200"	"7918509317429439108"	55000	"intercept"	0.712674355
"0.55"	"0.4"	"0.75"	"0.01"	"0.005"	"0.01"	"100000"	"10000"	"200"	"7918509317429439108"	60000	"slope"	-0.033677823385
"0.55"	"0.4"	"0.75"	"0.01"	"0.005"	"0.01"	"100000"	"10000"	"200"	"7918509317429439108"	60000	"intercept"	0.710060965
"0.55"	"0.4"	"0.75"	"0.01"	"0.005"	"0.01"	"100000"	"10000"	"200"	"7918509317429439108"	65000	"slope"	-0.07189309039
"0.55"	"0.4"	"0.75"	"0.01"	"0.005"	"0.01"	"100000"	"10000"	"200"	"7918509317429439108"	65000	"intercept"	0.7298263
"0.55"	"0.4"	"0.75"	"0.01"	"0.005"	"0.01"	"100000"	"10000"	"200"	"7918509317429439108"	70000	"slope"	-0.1051743945
"0.55"	"0.4"	"0.75"	"0.01"	"0.005"	"0.01"	"100000"	"10000"	"200"	"7918509317429439108"	70000	"intercept"	0.760274185
"0.55"	"0.4"	"0.75"	"0.01"	"0.005"	"0.01"	"100000"	"10000"	"200"	"7918509317429439108"	75000	"slope"	-0.0832005275
"0.55"	"0.4"	"0.75"	"0.01"	"0.005"	"0.01"	"100000"	"10000"	"200"	"7918509317429439108"	75000	"intercept"	0.75091248
"0.55"	"0.4"	"0.75"	"0.01"	"0.005"	"0.01"	"100000"	"10000"	"200"	"7918509317429439108"	80000	"slope"	-0.089207266
"0.55"	"0.4"	"0.75"	"0.01"	"0.005"	"0.01"	"100000"	"10000"	"200"	"7918509317429439108"	80000	"intercept"	0.75381405
"0.55"	"0.4"	"0.75"	"0.01"	"0.005"	"0.01"	"100000"	"10000"	"200"	"7918509317429439108"	85000	"slope"	-0.082444421745
"0.55"	"0.4"	"0.75"	"0.01"	"0.005"	"0.01"	"100000"	"10000"	"200"	"7918509317429439108"	85000	"intercept"	0.73954103
"0.55"	"0.4"	"0.75"	"0.01"	"0.005"	"0.01"	"100000"	"10000"	"200"	"7918509317429439108"	90000	"slope"	-0.0789522288
"0.55"	"0.4"	"0.75"	"0.01"	"0.005"	"0.01"	"100000"	"10000"	"200"	"7918509317429439108"	90000	"intercept"	0.73730304
"0.55"	"0.4"	"0.75"	"0.01"	"0.005"	"0.01"	"100000"	"10000"	"200"	"7918509317429439108"	95000	"slope"	-0.019890719625
"0.55"	"0.4"	"0.75"	"0.01"	"0.005"	"0.01"	"100000"	"10000"	"200"	"7918509317429439108"	95000	"intercept"	0.703935615
"0.55"	"0.4"	"0.75"	"0.01"	"0.005"	"0.01"	"100000"	"10000"	"200"	"7918509317429439108"	100000	"slope"	-0.049879619491
"0.55"	"0.4"	"0.75"	"0.01"	"0.005"	"0.01"	"100000"	"10000"	"200"	"7918509317429439108"	100000	"intercept"	0.712601275
"0.55"	"0.6"	"0.75"	"0.01"	"0.005"	"0.01"	"100000"	"10000"	"200"	"175132521002515744"	10	"slope"	9.12762e-05
"0.55"	"0.6"	"0.75"	"0.01"	"0.005"	"0.01"	"100000"	"10000"	"200"	"175132521002515744"	10	"intercept"	0.50005706
"0.55"	"0.6"	"0.75"	"0.01"	"0.005"	"0.01"	"100000"	"10000"	"200"	"175132521002515744"	5000	"slope"	0.014572915777
"0.55"	"0.6"	"0.75"	"0.01"	"0.005"	"0.01"	"100000"	"10000"	"200"	"175132521002515744"	5000	"intercept"	0.671675345
"0.55"	"0.6"	"0.75"	"0.01"	"0.005"	"0.01"	"100000"	"10000"	"200"	"175132521002515744"	10000	"slope"	-0.01096718061
"0.55"	"0.6"	"0.75"	"0.01"	"0.005"	"0.01"	"100000"	"10000"	"200"	"175132521002515744"	10000	"intercept"	0.70358991
"0.55"	"0.6"	"0.75"	"0.01"	"0.005"	"0.01"	"100000"	"10000"	"200"	"175132521002515744"	15000	"slope"	-0.032926810045
"0.55"	"0.6"	"0.75"	"0.01"	"0.005"	"0.01"	"100000"	"10000"	"200"	"175132521002515744"	15000	"intercept"	0.680777045
"0.55"	"0.6"	"0.75"	"0.01"	"0.005"	"0.01"	"100000"	"10000"	"200"	"175132521002515744"	20000	"slope"	-0.0948217845
"0.55"	"0.6"	"0.75"	"0.01"	"0.005"	"0.01"	"100000"	"10000"	"200"	"175132521002515744"	20000	"intercept"	0.661992865
"0.55"	"0.6"	"0.75"	"0.01"	"0.005"	"0.01"	"100000"	"10000"	"200"	"175132521002515744"	25000	"slope"	-0.1578515887
"0.55"	"0.6"	"0.75"	"0.01"	"0.005"	"0.01"	"100000"	"10000"	"200"	"175132521002515744"	25000	"intercept"	0.6842902
"0.55"	"0.6"	"0.75"	"0.01"	"0.005"	"0.01"	"100000"	"10000"	"200"	"175132521002515744"	30000	"slope"	-0.197292049985
"0.55"	"0.6"	"0.75"	"0.01"	"0.005"	"0.01"	"100000"	"10000"	"200"	"175132521002515744"	30000	"intercept"	0.721383495
"0.55"	"0.6"	"0.75"	"0.01"	"0.005"	"0.01"	"100000"	"10000"	"200"	"175132521002515744"	35000	"slope"	-0.2221540906955
"0.55"	"0.6"	"0.75"	"0.01"	"0.005"	"0.01"	"100000"	"10000"	"200"	"175132521002515744"	35000	"intercept"	0.6677436759
"0.55"	"0.6"	"0.75"	"0.01"	"0.005"	"0.01"	"100000"	"10000"	"200"	"175132521002515744"	40000	"slope"	-0.1910107324
"0.55"	"0.6"	"0.75"	"0.01"	"0.005"	"0.01"	"100000"	"10000"	"200"	"175132521002515744"	40000	"intercept"	0.693089429
"0.55"	"0.6"	"0.75"	"0.01"	"0.005"	"0.01"	"100000"	"10000"	"200"	"175132521002515744"	45000	"slope"	-0.26491740445
"0.55"	"0.6"	"0.75"	"0.01"	"0.005"	"0.01"	"100000"	"10000"	"200"	"175132521002515744"	45000	"intercept"	0.634607095
"0.55"	"0.6"	"0.75"	"0.01"	"0.005"	"0.01"	"100000"	"10000"	"200"	"175132521002515744"	50000	"slope"	-0.120448792
"0.55"	"0.6"	"0.75"	"0.01"	"0.005"	"0.01"	"100000"	"10000"	"200"	"175132521002515744"	50000	"intercept"	0.65123764
"0.55"	"0.6"	"0.75"	"0.01"	"0.005"	"0.01"	"100000"	"10000"	"200"	"175132521002515744"	55000	"slope"	-0.1828059382
"0.55"	"0.6"	"0.75"	"0.01"	"0.005"	"0.01"	"100000"	"10000"	"200"	"175132521002515744"	55000	"intercept"	0.61910219
"0.55"	"0.6"	"0.75"	"0.01"	"0.005"	"0.01"	"100000"	"10000"	"200"	"175132521002515744"	60000	"slope"	-0.1500489132
"0.55"	"0.6"	"0.75"	"0.01"	"0.005"	"0.01"	"100000"	"10000"	"200"	"175132521002515744"	60000	"intercept"	0.639003175
"0.55"	"0.6"	"0.75"	"0.01"	"0.005"	"0.01"	"100000"	"10000"	"200"	"175132521002515744"	65000	"slope"	-0.1720007176
"0.55"	"0.6"	"0.75"	"0.01"	"0.005"	"0.01"	"100000"	"10000"	"200"	"175132521002515744"	65000	"intercept"	0.623166755
"0.55"	"0.6"	"0.75"	"0.01"	"0.005"	"0.01"	"100000"	"10000"	"200"	"175132521002515744"	70000	"slope"	-0.12884116629
"0.55"	"0.6"	"0.75"	"0.01"	"0.005"	"0.01"	"100000"	"10000"	"200"	"175132521002515744"	70000	"intercept"	0.599781435
"0.55"	"0.6"	"0.75"	"0.01"	"0.005"	"0.01"	"100000"	"10000"	"200"	"175132521002515744"	75000	"slope"	-0.1346041745
"0.55"	"0.6"	"0.75"	"0.01"	"0.005"	"0.01"	"100000"	"10000"	"200"	"175132521002515744"	75000	"intercept"	0.57175826
"0.55"	"0.6"	"0.75"	"0.01"	"0.005"	"0.01"	"100000"	"10000"	"200"	"175132521002515744"	80000	"slope"	-0.092683085
"0.55"	"0.6"	"0.75"	"0.01"	"0.005"	"0.01"	"100000"	"10000"	"200"	"175132521002515744"	80000	"intercept"	0.638917545
"0.55"	"0.6"	"0.75"	"0.01"	"0.005"	"0.01"	"100000"	"10000"	"200"	"175132521002515744"	85000	"slope"	-0.10867338
"0.55"	"0.6"	"0.75"	"0.01"	"0.005"	"0.01"	"100000"	"10000"	"200"	"175132521002515744"	85000	"intercept"	0.60090827
"0.55"	"0.6"	"0.75"	"0.01"	"0.005"	"0.01"	"100000"	"10000"	"200"	"175132521002515744"	90000	"slope"	-0.1096040245
"0.55"	"0.6"	"0.75"	"0.01"	"0.005"	"0.01"	"100000"	"10000"	"200"	"175132521002515744"	90000	"intercept"	0.676393045
"0.55"	"0.6"	"0.75"	"0.01"	"0.005"	"0.01"	"100000"	"10000"	"200"	"175132521002515744"	95000	"slope"	-0.11288365
"0.55"	"0.6"	"0.75"	"0.01"	"0.005"	"0.01"	"100000"	"10000"	"200"	"175132521002515744"	95000	"intercept"	0.69352186
"0.55"	"0.6"	"0.75"	"0.01"	"0.005"	"0.01"	"100000"	"10000"	"200"	"175132521002515744"	100000	"slope"	-0.08372405275
"0.55"	"0.6"	"0.75"	"0.01"	"0.005"	"0.01"	"100000"	"10000"	"200"	"175132521002515744"	100000	"intercept"	0.71160739
"0.55"	"0.6"	"0.75"	"0.01"	"0.005"	"0.01"	"100000"	"10000"	"200"	"493322723254130162"	10	"slope"	0.0001715021
"0.55"	"0.6"	"0.75"	"0.01"	"0.005"	"0.01"	"100000"	"10000"	"200"	"493322723254130162"	10	"intercept"	0.499963345
"0.55"	"0.6"	"0.75"	"0.01"	"0.005"	"0.01"	"100000"	"10000"	"200"	"493322723254130162"	5000	"slope"	0.054710475265
"0.55"	"0.6"	"0.75"	"0.01"	"0.005"	"0.01"	"100000"	"10000"	"200"	"493322723254130162"	5000	"intercept"	0.64579638
"0.55"	"0.6"	"0.75"	"0.01"	"0.005"	"0.01"	"100000"	"10000"	"200"	"493322723254130162"	10000	"slope"	0.0097666272
"0.55"	"0.6"	"0.75"	"0.01"	"0.005"	"0.01"	"100000"	"10000"	"200"	"493322723254130162"	10000	"intercept"	0.65054891
"0.55"	"0.6"	"0.75"	"0.01"	"0.005"	"0.01"	"100000"	"10000"	"200"	"493322723254130162"	15000	"slope"	-0.0888729483
"0.55"	"0.6"	"0.75"	"0.01"	"0.005"	"0.01"	"100000"	"10000"	"200"	"493322723254130162"	15000	"intercept"	0.685811595
"0.55"	"0.6"	"0.75"	"0.01"	"0.005"	"0.01"	"100000"	"10000"	"200"	"493322723254130162"	20000	"slope"	-0.159168526415
"0.55"	"0.6"	"0.75"	"0.01"	"0.005"	"0.01"	"100000"	"10000"	"200"	"493322723254130162"	20000	"intercept"	0.710883635
"0.55"	"0.6"	"0.75"	"0.01"	"0.005"	"0.01"	"100000"	"10000"	"200"	"493322723254130162"	25000	"slope"	-0.174046996
"0.55"	"0.6"	"0.75"	"0.01"	"0.005"	"0.01"	"100000"	"10000"	"200"	"493322723254130162"	25000	"intercept"	0.709711165
"0.55"	"0.6"	"0.75"	"0.01"	"0.005"	"0.01"	"100000"	"10000"	"200"	"493322723254130162"	30000	"slope"	-0.2128024226
"0.55"	"0.6"	"0.75"	"0.01"	"0.005"	"0.01"	"100000"	"10000"	"200"	"493322723254130162"	30000	"intercept"	0.669712605
"0.55"	"0.6"	"0.75"	"0.01"	"0.005"	"0.01"	"100000"	"10000"	"200"	"493322723254130162"	35000	"slope"	-0.198946610909
"0.55"	"0.6"	"0.75"	"0.01"	"0.005"	"0.01"	"100000"	"10000"	"200"	"493322723254130162"	35000	"intercept"	0.6547024493
"0.55"	"0.6"	"0.75"	"0.01"	"0.005"	"0.01"	"100000"	"10000"	"200"	"493322723254130162"	40000	"slope"	-0.2041894695
"0.55"	"0.6"	"0.75"	"0.01"	"0.005"	"0.01"	"100000"	"10000"	"200"	"493322723254130162"	40000	"intercept"	0.6505165405
"0.55"	"0.6"	"0.75"	"0.01"	"0.005"	"0.01"	"100000"	"10000"	"200"	"493322723254130162"	45000	"slope"	-0.16488163155
"0.55"	"0.6"	"0.75"	"0.01"	"0.005"	"0.01"	"100000"	"10000"	"200"	"493322723254130162"	45000	"intercept"	0.674324765
"0.55"	"0.6"	"0.75"	"0.01"	"0.005"	"0.01"	"100000"	"10000"	"200"	"493322723254130162"	50000	"slope"	-0.114396022
"0.55"	"0.6"	"0.75"	"0.01"	"0.005"	"0.01"	"100000"	"10000"	"200"	"493322723254130162"	50000	"intercept"	0.635142525
"0.55"	"0.6"	"0.75"	"0.01"	"0.005"	"0.01"	"100000"	"10000"	"200"	"493322723254130162"	55000	"slope"	-0.15231914553
"0.55"	"0.6"	"0.75"	"0.01"	"0.005"	"0.01"	"100000"	"10000"	"200"	"493322723254130162"	55000	"intercept"	0.634210595
"0.55"	"0.6"	"0.75"	"0.01"	"0.005"	"0.01"	"100000"	"10000"	"200"	"493322723254130162"	60000	"slope"	-0.2469303937
"0.55"	"0.6"	"0.75"	"0.01"	"0.005"	"0.01"	"100000"	"10000"	"200"	"493322723254130162"	60000	"intercept"	0.69013098
"0.55"	"0.6"	"0.75"	"0.01"	"0.005"	"0.01"	"100000"	"10000"	"200"	"493322723254130162"	65000	"slope"	-0.1715218895
"0.55"	"0.6"	"0.75"	"0.01"	"0.005"	"0.01"	"100000"	"10000"	"200"	"493322723254130162"	65000	"intercept"	0.653606315
"0.55"	"0.6"	"0.75"	"0.01"	"0.005"	"0.01"	"100000"	"10000"	"200"	"493322723254130162"	70000	"slope"	-0.14181750785
"0.55"	"0.6"	"0.75"	"0.01"	"0.005"	"0.01"	"100000"	"10000"	"200"	"493322723254130162"	70000	"intercept"	0.656144995
"0.55"	"0.6"	"0.75"	"0.01"	"0.005"	"0.01"	"100000"	"10000"	"200"	"493322723254130162"	75000	"slope"	-0.2109374005
"0.55"	"0.6"	"0.75"	"0.01"	"0.005"	"0.01"	"100000"	"10000"	"200"	"493322723254130162"	75000	"intercept"	0.58205264
"0.55"	"0.6"	"0.75"	"0.01"	"0.005"	"0.01"	"100000"	"10000"	"200"	"493322723254130162"	80000	"slope"	-0.1754341835
"0.55"	"0.6"	"0.75"	"0.01"	"0.005"	"0.01"	"100000"	"10000"	"200"	"493322723254130162"	80000	"intercept"	0.61808349
"0.55"	"0.6"	"0.75"	"0.01"	"0.005"	"0.01"	"100000"	"10000"	"200"	"493322723254130162"	85000	"slope"	-0.210616374
"0.55"	"0.6"	"0.75"	"0.01"	"0.005"	"0.01"	"100000"	"10000"	"200"	"493322723254130162"	85000	"intercept"	0.586452585
"0.55"	"0.6"	"0.75"	"0.01"	"0.005"	"0.01"	"100000"	"10000"	"200"	"493322723254130162"	90000	"slope"	-0.151367755
"0.55"	"0.6"	"0.75"	"0.01"	"0.005"	"0.01"	"100000"	"10000"	"200"	"493322723254130162"	90000	"intercept"	0.660992905
"0.55"	"0.6"	"0.75"	"0.01"	"0.005"	"0.01"	"100000"	"10000"	"200"	"493322723254130162"	95000	"slope"	-0.18562384404
"0.55"	"0.6"	"0.75"	"0.01"	"0.005"	"0.01"	"100000"	"10000"	"200"	"493322723254130162"	95000	"intercept"	0.60489738
"0.55"	"0.6"	"0.75"	"0.01"	"0.005"	"0.01"	"100000"	"10000"	"200"	"493322723254130162"	100000	"slope"	-0.18388709035
"0.55"	"0.6"	"0.75"	"0.01"	"0.005"	"0.01"	"100000"	"10000"	"200"	"493322723254130162"	100000	"intercept"	0.615511465
"0.55"	"0.6"	"0.75"	"0.01"	"0.005"	"0.01"	"100000"	"10000"	"200"	"8054443961154626219"	10	"slope"	0.000257087335
"0.55"	"0.6"	"0.75"	"0.01"	"0.005"	"0.01"	"100000"	"10000"	"200"	"8054443961154626219"	10	"intercept"	0.499873115
"0.55"	"0.6"	"0.75"	"0.01"	"0.005"	"0.01"	"100000"	"10000"	"200"	"8054443961154626219"	5000	"slope"	0.0517899668475
"0.55"	"0.6"	"0.75"	"0.01"	"0.005"	"0.01"	"100000"	"10000"	"200"	"8054443961154626219"	5000	"intercept"	0.64767794
"0.55"	"0.6"	"0.75"	"0.01"	"0.005"	"0.01"	"100000"	"10000"	"200"	"8054443961154626219"	10000	"slope"	-0.008957500385
"0.55"	"0.6"	"0.75"	"0.01"	"0.005"	"0.01"	"100000"	"10000"	"200"	"8054443961154626219"	10000	"intercept"	0.63928333
"0.55"	"0.6"	"0.75"	"0.01"	"0.005"	"0.01"	"100000"	"10000"	"200"	"8054443961154626219"	15000	"slope"	-0.048740394
"0.55"	"0.6"	"0.75"	"0.01"	"0.005"	"0.01"	"100000"	"10000"	"200"	"8054443961154626219"	15000	"intercept"	0.678352475
"0.55"	"0.6"	"0.75"	"0.01"	"0.005"	"0.01"	"100000"	"10000"	"200"	"8054443961154626219"	20000	"slope"	-0.146072229
"0.55"	"0.6"	"0.75"	"0.01"	"0.005"	"0.01"	"100000"	"10000"	"200"	"8054443961154626219"	20000	"intercept"	0.6926224
"0.55"	"0.6"	"0.75"	"0.01"	"0.005"	"0.01"	"100000"	"10000"	"200"	"8054443961154626219"	25000	"slope"	-0.17268893395
"0.55"	"0.6"	"0.75"	"0.01"	"0.005"	"0.01"	"100000"	"10000"	"200"	"8054443961154626219"	25000	"intercept"	0.70845634
"0.55"	"0.6"	"0.75"	"0.01"	"0.005"	"0.01"	"100000"	"10000"	"200"	"8054443961154626219"	30000	"slope"	-0.2275873585515
"0.55"	"0.6"	"0.75"	"0.01"	"0.005"	"0.01"	"100000"	"10000"	"200"	"8054443961154626219"	30000	"intercept"	0.637599492
"0.55"	"0.6"	"0.75"	"0.01"	"0.005"	"0.01"	"100000"	"10000"	"200"	"8054443961154626219"	35000	"slope"	-0.20517113435
"0.55"	"0.6"	"0.75"	"0.01"	"0.005"	"0.01"	"100000"	"10000"	"200"	"8054443961154626219"	35000	"intercept"	0.64995529
"0.55"	"0.6"	"0.75"	"0.01"	"0.005"	"0.01"	"100000"	"10000"	"200"	"8054443961154626219"	40000	"slope"	-0.25159046068
"0.55"	"0.6"	"0.75"	"0.01"	"0.005"	"0.01"	"100000"	"10000"	"200"	"8054443961154626219"	40000	"intercept"	0.675423759
"0.55"	"0.6"	"0.75"	"0.01"	"0.005"	"0.01"	"100000"	"10000"	"200"	"8054443961154626219"	45000	"slope"	-0.286148846695
"0.55"	"0.6"	"0.75"	"0.01"	"0.005"	"0.01"	"100000"	"10000"	"200"	"8054443961154626219"	45000	"intercept"	0.673549595
"0.55"	"0.6"	"0.75"	"0.01"	"0.005"	"0.01"	"100000"	"10000"	"200"	"8054443961154626219"	50000	"slope"	-0.30249794615
"0.55"	"0.6"	"0.75"	"0.01"	"0.005"	"0.01"	"100000"	"10000"	"200"	"8054443961154626219"	50000	"intercept"	0.717851458
"0.55"	"0.6"	"0.75"	"0.01"	"0.005"	"0.01"	"100000"	"10000"	"200"	"8054443961154626219"	55000	"slope"	-0.25940944555
"0.55"	"0.6"	"0.75"	"0.01"	"0.005"	"0.01"	"100000"	"10000"	"200"	"8054443961154626219"	55000	"intercept"	0.68557874
"0.55"	"0.6"	"0.75"	"0.01"	"0.005"	"0.01"	"100000"	"10000"	"200"	"8054443961154626219"	60000	"slope"	-0.203000335265
"0.55"	"0.6"	"0.75"	"0.01"	"0.005"	"0.01"	"100000"	"10000"	"200"	"8054443961154626219"	60000	"intercept"	0.703700865
"0.55"	"0.6"	"0.75"	"0.01"	"0.005"	"0.01"	"100000"	"10000"	"200"	"8054443961154626219"	65000	"slope"	-0.189622932
"0.55"	"0.6"	"0.75"	"0.01"	"0.005"	"0.01"	"100000"	"10000"	"200"	"8054443961154626219"	65000	"intercept"	0.65871356
"0.55"	"0.6"	"0.75"	"0.01"	"0.005"	"0.01"	"100000"	"10000"	"200"	"8054443961154626219"	70000	"slope"	-0.2339323429
"0.55"	"0.6"	"0.75"	"0.01"	"0.005"	"0.01"	"100000"	"10000"	"200"	"8054443961154626219"	70000	"intercept"	0.61043671
"0.55"	"0.6"	"0.75"	"0.01"	"0.005"	"0.01"	"100000"	"10000"	"200"	"8054443961154626219"	75000	"slope"	-0.1940065697
"0.55"	"0.6"	"0.75"	"0.01"	"0.005"	"0.01"	"100000"	"10000"	"200"	"8054443961154626219"	75000	"intercept"	0.58785853
"0.55"	"0.6"	"0.75"	"0.01"	"0.005"	"0.01"	"100000"	"10000"	"200"	"8054443961154626219"	80000	"slope"	-0.1354771865
"0.55"	"0.6"	"0.75"	"0.01"	"0.005"	"0.01"	"100000"	"10000"	"200"	"8054443961154626219"	80000	"intercept"	0.62051316
"0.55"	"0.6"	"0.75"	"0.01"	"0.005"	"0.01"	"100000"	"10000"	"200"	"8054443961154626219"	85000	"slope"	-0.15791997
"0.55"	"0.6"	"0.75"	"0.01"	"0.005"	"0.01"	"100000"	"10000"	"200"	"8054443961154626219"	85000	"intercept"	0.614133805
"0.55"	"0.6"	"0.75"	"0.01"	"0.005"	"0.01"	"100000"	"10000"	"200"	"8054443961154626219"	90000	"slope"	-0.123727378
"0.55"	"0.6"	"0.75"	"0.01"	"0.005"	"0.01"	"100000"	"10000"	"200"	"8054443961154626219"	90000	"intercept"	0.605018255
"0.55"	"0.6"	"0.75"	"0.01"	"0.005"	"0.01"	"100000"	"10000"	"200"	"8054443961154626219"	95000	"slope"	-0.1277517915
"0.55"	"0.6"	"0.75"	"0.01"	"0.005"	"0.01"	"100000"	"10000"	"200"	"8054443961154626219"	95000	"intercept"	0.58615036
"0.55"	"0.6"	"0.75"	"0.01"	"0.005"	"0.01"	"100000"	"10000"	"200"	"8054443961154626219"	100000	"slope"	-0.1113989325
"0.55"	"0.6"	"0.75"	"0.01"	"0.005"	"0.01"	"100000"	"10000"	"200"	"8054443961154626219"	100000	"intercept"	0.631408445
"0.55"	"0.8"	"0.75"	"0.01"	"0.005"	"0.01"	"100000"	"10000"	"200"	"2389159483259113820"	10	"slope"	-6.77482345e-05
"0.55"	"0.8"	"0.75"	"0.01"	"0.005"	"0.01"	"100000"	"10000"	"200"	"2389159483259113820"	10	"intercept"	0.49981593
"0.55"	"0.8"	"0.75"	"0.01"	"0.005"	"0.01"	"100000"	"10000"	"200"	"2389159483259113820"	5000	"slope"	0.08856636793
"0.55"	"0.8"	"0.75"	"0.01"	"0.005"	"0.01"	"100000"	"10000"	"200"	"2389159483259113820"	5000	"intercept"	0.584105445
"0.55"	"0.8"	"0.75"	"0.01"	"0.005"	"0.01"	"100000"	"10000"	"200"	"2389159483259113820"	10000	"slope"	0.03435622593
"0.55"	"0.8"	"0.75"	"0.01"	"0.005"	"0.01"	"100000"	"10000"	"200"	"2389159483259113820"	10000	"intercept"	0.619368799
"0.55"	"0.8"	"0.75"	"0.01"	"0.005"	"0.01"	"100000"	"10000"	"200"	"2389159483259113820"	15000	"slope"	-0.1311921166
"0.55"	"0.8"	"0.75"	"0.01"	"0.005"	"0.01"	"100000"	"10000"	"200"	"2389159483259113820"	15000	"intercept"	0.59276853
"0.55"	"0.8"	"0.75"	"0.01"	"0.005"	"0.01"	"100000"	"10000"	"200"	"2389159483259113820"	20000	"slope"	-0.1679658712
"0.55"	"0.8"	"0.75"	"0.01"	"0.005"	"0.01"	"100000"	"10000"	"200"	"2389159483259113820"	20000	"intercept"	0.59035348
"0.55"	"0.8"	"0.75"	"0.01"	"0.005"	"0.01"	"100000"	"10000"	"200"	"2389159483259113820"	25000	"slope"	-0.1335050163
"0.55"	"0.8"	"0.75"	"0.01"	"0.005"	"0.01"	"100000"	"10000"	"200"	"2389159483259113820"	25000	"intercept"	0.599702585
"0.55"	"0.8"	"0.75"	"0.01"	"0.005"	"0.01"	"100000"	"10000"	"200"	"2389159483259113820"	30000	"slope"	-0.18057483035
"0.55"	"0.8"	"0.75"	"0.01"	"0.005"	"0.01"	"100000"	"10000"	"200"	"2389159483259113820"	30000	"intercept"	0.52087903
"0.55"	"0.8"	"0.75"	"0.01"	"0.005"	"0.01"	"100000"	"10000"	"200"	"2389159483259113820"	35000	"slope"	-0.1429495925
"0.55"	"0.8"	"0.75"	"0.01"	"0.005"	"0.01"	"100000"	"10000"	"200"	"2389159483259113820"	35000	"intercept"	0.584376505
"0.55"	"0.8"	"0.75"	"0.01"	"0.005"	"0.01"	"100000"	"10000"	"200"	"2389159483259113820"	40000	"slope"	-0.09728648595
"0.55"	"0.8"	"0.75"	"0.01"	"0.005"	"0.01"	"100000"	"10000"	"200"	"2389159483259113820"	40000	"intercept"	0.5789270875
"0.55"	"0.8"	"0.75"	"0.01"	"0.005"	"0.01"	"100000"	"10000"	"200"	"2389159483259113820"	45000	"slope"	-0.051794122
"0.55"	"0.8"	"0.75"	"0.01"	"0.005"	"0.01"	"100000"	"10000"	"200"	"2389159483259113820"	45000	"intercept"	0.5746649615
"0.55"	"0.8"	"0.75"	"0.01"	"0.005"	"0.01"	"100000"	"10000"	"200"	"2389159483259113820"	50000	"slope"	-0.078620887
"0.55"	"0.8"	"0.75"	"0.01"	"0.005"	"0.01"	"100000"	"10000"	"200"	"2389159483259113820"	50000	"intercept"	0.546344953
"0.55"	"0.8"	"0.75"	"0.01"	"0.005"	"0.01"	"100000"	"10000"	"200"	"2389159483259113820"	55000	"slope"	-0.0621578735
"0.55"	"0.8"	"0.75"	"0.01"	"0.005"	"0.01"	"100000"	"10000"	"200"	"2389159483259113820"	55000	"intercept"	0.58455449645
"0.55"	"0.8"	"0.75"	"0.01"	"0.005"	"0.01"	"100000"	"10000"	"200"	"2389159483259113820"	60000	"slope"	-0.068369295
"0.55"	"0.8"	"0.75"	"0.01"	"0.005"	"0.01"	"100000"	"10000"	"200"	"2389159483259113820"	60000	"intercept"	0.501123840695
"0.55"	"0.8"	"0.75"	"0.01"	"0.005"	"0.01"	"100000"	"10000"	"200"	"2389159483259113820"	65000	"slope"	0.01973792
"0.55"	"0.8"	"0.75"	"0.01"	"0.005"	"0.01"	"100000"	"10000"	"200"	"2389159483259113820"	65000	"intercept"	0.491841601741
"0.55"	"0.8"	"0.75"	"0.01"	"0.005"	"0.01"	"100000"	"10000"	"200"	"2389159483259113820"	70000	"slope"	0.02919569
"0.55"	"0.8"	"0.75"	"0.01"	"0.005"	"0.01"	"100000"	"10000"	"200"	"2389159483259113820"	70000	"intercept"	0.46724097205
"0.55"	"0.8"	"0.75"	"0.01"	"0.005"	"0.01"	"100000"	"10000"	"200"	"2389159483259113820"	75000	"slope"	0.053468525
"0.55"	"0.8"	"0.75"	"0.01"	"0.005"	"0.01"	"100000"	"10000"	"200"	"2389159483259113820"	75000	"intercept"	0.5294021288
"0.55"	"0.8"	"0.75"	"0.01"	"0.005"	"0.01"	"100000"	"10000"	"200"	"2389159483259113820"	80000	"slope"	0.017531883
"0.55"	"0.8"	"0.75"	"0.01"	"0.005"	"0.01"	"100000"	"10000"	"200"	"2389159483259113820"	80000	"intercept"	0.45526356834
"0.55"	"0.8"	"0.75"	"0.01"	"0.005"	"0.01"	"100000"	"10000"	"200"	"2389159483259113820"	85000	"slope"	0.084858057
"0.55"	"0.8"	"0.75"	"0.01"	"0.005"	"0.01"	"100000"	"10000"	"200"	"2389159483259113820"	85000	"intercept"	0.48921772129
"0.55"	"0.8"	"0.75"	"0.01"	"0.005"	"0.01"	"100000"	"10000"	"200"	"2389159483259113820"	90000	"slope"	0.0138237795
"0.55"	"0.8"	"0.75"	"0.01"	"0.005"	"0.01"	"100000"	"10000"	"200"	"2389159483259113820"	90000	"intercept"	0.50404754195
"0.55"	"0.8"	"0.75"	"0.01"	"0.005"	"0.01"	"100000"	"10000"	"200"	"2389159483259113820"	95000	"slope"	0.0499459205
"0.55"	"0.8"	"0.75"	"0.01"	"0.005"	"0.01"	"100000"	"10000"	"200"	"2389159483259113820"	95000	"intercept"	0.598367008685
"0.55"	"0.8"	"0.75"	"0.01"	"0.005"	"0.01"	"100000"	"10000"	"200"	"2389159483259113820"	100000	"slope"	-0.00191876
"0.55"	"0.8"	"0.75"	"0.01"	"0.005"	"0.01"	"100000"	"10000"	"200"	"2389159483259113820"	100000	"intercept"	0.48693349795
"0.55"	"0.8"	"0.75"	"0.01"	"0.005"	"0.01"	"100000"	"10000"	"200"	"550895610012051908"	10	"slope"	7.897480495e-05
"0.55"	"0.8"	"0.75"	"0.01"	"0.005"	"0.01"	"100000"	"10000"	"200"	"550895610012051908"	10	"intercept"	0.499960995
"0.55"	"0.8"	"0.75"	"0.01"	"0.005"	"0.01"	"100000"	"10000"	"200"	"550895610012051908"	5000	"slope"	0.0437584625
"0.55"	"0.8"	"0.75"	"0.01"	"0.005"	"0.01"	"100000"	"10000"	"200"	"550895610012051908"	5000	"intercept"	0.643456925
"0.55"	"0.8"	"0.75"	"0.01"	"0.005"	"0.01"	"100000"	"10000"	"200"	"550895610012051908"	10000	"slope"	0.00357294005
"0.55"	"0.8"	"0.75"	"0.01"	"0.005"	"0.01"	"100000"	"10000"	"200"	"550895610012051908"	10000	"intercept"	0.6301753315
"0.55"	"0.8"	"0.75"	"0.01"	"0.005"	"0.01"	"100000"	"10000"	"200"	"550895610012051908"	15000	"slope"	-0.0882062935
"0.55"	"0.8"	"0.75"	"0.01"	"0.005"	"0.01"	"100000"	"10000"	"200"	"550895610012051908"	15000	"intercept"	0.597603545
"0.55"	"0.8"	"0.75"	"0.01"	"0.005"	"0.01"	"100000"	"10000"	"200"	"550895610012051908"	20000	"slope"	-0.13883890236
"0.55"	"0.8"	"0.75"	"0.01"	"0.005"	"0.01"	"100000"	"10000"	"200"	"550895610012051908"	20000	"intercept"	0.633123735
"0.55"	"0.8"	"0.75"	"0.01"	"0.005"	"0.01"	"100000"	"10000"	"200"	"550895610012051908"	25000	"slope"	-0.152157081484
"0.55"	"0.8"	"0.75"	"0.01"	"0.005"	"0.01"	"100000"	"10000"	"200"	"550895610012051908"	25000	"intercept"	0.60652395
"0.55"	"0.8"	"0.75"	"0.01"	"0.005"	"0.01"	"100000"	"10000"	"200"	"550895610012051908"	30000	"slope"	-0.10501741295
"0.55"	"0.8"	"0.75"	"0.01"	"0.005"	"0.01"	"100000"	"10000"	"200"	"550895610012051908"	30000	"intercept"	0.550531961
"0.55"	"0.8"	"0.75"	"0.01"	"0.005"	"0.01"	"100000"	"10000"	"200"	"550895610012051908"	35000	"slope"	-0.070169285
"0.55"	"0.8"	"0.75"	"0.01"	"0.005"	"0.01"	"100000"	"10000"	"200"	"550895610012051908"	35000	"intercept"	0.5668670575
"0.55"	"0.8"	"0.75"	"0.01"	"0.005"	"0.01"	"100000"	"10000"	"200"	"550895610012051908"	40000	"slope"	-0.070818759
"0.55"	"0.8"	"0.75"	"0.01"	"0.005"	"0.01"	"100000"	"10000"	"200"	"550895610012051908"	40000	"intercept"	0.55314476369
"0.55"	"0.8"	"0.75"	"0.01"	"0.005"	"0.01"	"100000"	"10000"	"200"	"550895610012051908"	45000	"slope"	-0.0818750866
"0.55"	"0.8"	"0.75"	"0.01"	"0.005"	"0.01"	"100000"	"10000"	"200"	"550895610012051908"	45000	"intercept"	0.5494139956
"0.55"	"0.8"	"0.75"	"0.01"	"0.005"	"0.01"	"100000"	"10000"	"200"	"550895610012051908"	50000	"slope"	-0.0716358845
"0.55"	"0.8"	"0.75"	"0.01"	"0.005"	"0.01"	"100000"	"10000"	"200"	"550895610012051908"	50000	"intercept"	0.483303511985
"0.55"	"0.8"	"0.75"	"0.01"	"0.005"	"0.01"	"100000"	"10000"	"200"	"550895610012051908"	55000	"slope"	-0.029763989
"0.55"	"0.8"	"0.75"	"0.01"	"0.005"	"0.01"	"100000"	"10000"	"200"	"550895610012051908"	55000	"intercept"	0.5256866608395
"0.55"	"0.8"	"0.75"	"0.01"	"0.005"	"0.01"	"100000"	"10000"	"200"	"550895610012051908"	60000	"slope"	-1.38500000000027e-06
"0.55"	"0.8"	"0.75"	"0.01"	"0.005"	"0.01"	"100000"	"10000"	"200"	"550895610012051908"	60000	"intercept"	0.59112210118
"0.55"	"0.8"	"0.75"	"0.01"	"0.005"	"0.01"	"100000"	"10000"	"200"	"550895610012051908"	65000	"slope"	0.031207845
"0.55"	"0.8"	"0.75"	"0.01"	"0.005"	"0.01"	"100000"	"10000"	"200"	"550895610012051908"	65000	"intercept"	0.61300886573
"0.55"	"0.8"	"0.75"	"0.01"	"0.005"	"0.01"	"100000"	"10000"	"200"	"550895610012051908"	70000	"slope"	-0.0344216795
"0.55"	"0.8"	"0.75"	"0.01"	"0.005"	"0.01"	"100000"	"10000"	"200"	"550895610012051908"	70000	"intercept"	0.51133109766
"0.55"	"0.8"	"0.75"	"0.01"	"0.005"	"0.01"	"100000"	"10000"	"200"	"550895610012051908"	75000	"slope"	-0.00949121
"0.55"	"0.8"	"0.75"	"0.01"	"0.005"	"0.01"	"100000"	"10000"	"200"	"550895610012051908"	75000	"intercept"	0.534816842045
"0.55"	"0.8"	"0.75"	"0.01"	"0.005"	"0.01"	"100000"	"10000"	"200"	"550895610012051908"	80000	"slope"	-0.01701988
"0.55"	"0.8"	"0.75"	"0.01"	"0.005"	"0.01"	"100000"	"10000"	"200"	"550895610012051908"	80000	"intercept"	0.488239390375
"0.55"	"0.8"	"0.75"	"0.01"	"0.005"	"0.01"	"100000"	"10000"	"200"	"550895610012051908"	85000	"slope"	0.033003933
"0.55"	"0.8"	"0.75"	"0.01"	"0.005"	"0.01"	"100000"	"10000"	"200"	"550895610012051908"	85000	"intercept"	0.511223027293
"0.55"	"0.8"	"0.75"	"0.01"	"0.005"	"0.01"	"100000"	"10000"	"200"	"550895610012051908"	90000	"slope"	0.053029693
"0.55"	"0.8"	"0.75"	"0.01"	"0.005"	"0.01"	"100000"	"10000"	"200"	"550895610012051908"	90000	"intercept"	0.46505095781
"0.55"	"0.8"	"0.75"	"0.01"	"0.005"	"0.01"	"100000"	"10000"	"200"	"550895610012051908"	95000	"slope"	0.04777830755
"0.55"	"0.8"	"0.75"	"0.01"	"0.005"	"0.01"	"100000"	"10000"	"200"	"550895610012051908"	95000	"intercept"	0.435278622185
"0.55"	"0.8"	"0.75"	"0.01"	"0.005"	"0.01"	"100000"	"10000"	"200"	"550895610012051908"	100000	"slope"	0.063851286
"0.55"	"0.8"	"0.75"	"0.01"	"0.005"	"0.01"	"100000"	"10000"	"200"	"550895610012051908"	100000	"intercept"	0.54995737297
"0.55"	"0.8"	"0.75"	"0.01"	"0.005"	"0.01"	"100000"	"10000"	"200"	"962865734395398356"	10	"slope"	2.1834845e-05
"0.55"	"0.8"	"0.75"	"0.01"	"0.005"	"0.01"	"100000"	"10000"	"200"	"962865734395398356"	10	"intercept"	0.500118955
"0.55"	"0.8"	"0.75"	"0.01"	"0.005"	"0.01"	"100000"	"10000"	"200"	"962865734395398356"	5000	"slope"	0.112569717175
"0.55"	"0.8"	"0.75"	"0.01"	"0.005"	"0.01"	"100000"	"10000"	"200"	"962865734395398356"	5000	"intercept"	0.603974345
"0.55"	"0.8"	"0.75"	"0.01"	"0.005"	"0.01"	"100000"	"10000"	"200"	"962865734395398356"	10000	"slope"	0.068461580015
"0.55"	"0.8"	"0.75"	"0.01"	"0.005"	"0.01"	"100000"	"10000"	"200"	"962865734395398356"	10000	"intercept"	0.609877779545
"0.55"	"0.8"	"0.75"	"0.01"	"0.005"	"0.01"	"100000"	"10000"	"200"	"962865734395398356"	15000	"slope"	-0.015111912
"0.55"	"0.8"	"0.75"	"0.01"	"0.005"	"0.01"	"100000"	"10000"	"200"	"962865734395398356"	15000	"intercept"	0.59663236
"0.55"	"0.8"	"0.75"	"0.01"	"0.005"	"0.01"	"100000"	"10000"	"200"	"962865734395398356"	20000	"slope"	-0.0788383884
"0.55"	"0.8"	"0.75"	"0.01"	"0.005"	"0.01"	"100000"	"10000"	"200"	"962865734395398356"	20000	"intercept"	0.55616823
"0.55"	"0.8"	"0.75"	"0.01"	"0.005"	"0.01"	"100000"	"10000"	"200"	"962865734395398356"	25000	"slope"	-0.079145126
"0.55"	"0.8"	"0.75"	"0.01"	"0.005"	"0.01"	"100000"	"10000"	"200"	"962865734395398356"	25000	"intercept"	0.556590905
"0.55"	"0.8"	"0.75"	"0.01"	"0.005"	"0.01"	"100000"	"10000"	"200"	"962865734395398356"	30000	"slope"	-0.090830203415
"0.55"	"0.8"	"0.75"	"0.01"	"0.005"	"0.01"	"100000"	"10000"	"200"	"962865734395398356"	30000	"intercept"	0.555534416
"0.55"	"0.8"	"0.75"	"0.01"	"0.005"	"0.01"	"100000"	"10000"	"200"	"962865734395398356"	35000	"slope"	-0.1006416207
"0.55"	"0.8"	"0.75"	"0.01"	"0.005"	"0.01"	"100000"	"10000"	"200"	"962865734395398356"	35000	"intercept"	0.4878846015
"0.55"	"0.8"	"0.75"	"0.01"	"0.005"	"0.01"	"100000"	"10000"	"200"	"962865734395398356"	40000	"slope"	-0.077643381
"0.55"	"0.8"	"0.75"	"0.01"	"0.005"	"0.01"	"100000"	"10000"	"200"	"962865734395398356"	40000	"intercept"	0.534870442195
"0.55"	"0.8"	"0.75"	"0.01"	"0.005"	"0.01"	"100000"	"10000"	"200"	"962865734395398356"	45000	"slope"	-0.056277378
"0.55"	"0.8"	"0.75"	"0.01"	"0.005"	"0.01"	"100000"	"10000"	"200"	"962865734395398356"	45000	"intercept"	0.510495575505
"0.55"	"0.8"	"0.75"	"0.01"	"0.005"	"0.01"	"100000"	"10000"	"200"	"962865734395398356"	50000	"slope"	-0.028118295
"0.55"	"0.8"	"0.75"	"0.01"	"0.005"	"0.01"	"100000"	"10000"	"200"	"962865734395398356"	50000	"intercept"	0.48917361429
"0.55"	"0.8"	"0.75"	"0.01"	"0.005"	"0.01"	"100000"	"10000"	"200"	"962865734395398356"	55000	"slope"	-0.00433298075
"0.55"	"0.8"	"0.75"	"0.01"	"0.005"	"0.01"	"100000"	"10000"	"200"	"962865734395398356"	55000	"intercept"	0.498012182605
"0.55"	"0.8"	"0.75"	"0.01"	"0.005"	"0.01"	"100000"	"10000"	"200"	"962865734395398356"	60000	"slope"	-0.0440330895
"0.55"	"0.8"	"0.75"	"0.01"	"0.005"	"0.01"	"100000"	"10000"	"200"	"962865734395398356"	60000	"intercept"	0.5068478815
"0.55"	"0.8"	"0.75"	"0.01"	"0.005"	"0.01"	"100000"	"10000"	"200"	"962865734395398356"	65000	"slope"	-0.0409784175
"0.55"	"0.8"	"0.75"	"0.01"	"0.005"	"0.01"	"100000"	"10000"	"200"	"962865734395398356"	65000	"intercept"	0.531138861245
"0.55"	"0.8"	"0.75"	"0.01"	"0.005"	"0.01"	"100000"	"10000"	"200"	"962865734395398356"	70000	"slope"	-0.085469691295
"0.55"	"0.8"	"0.75"	"0.01"	"0.005"	"0.01"	"100000"	"10000"	"200"	"962865734395398356"	70000	"intercept"	0.463063328005
"0.55"	"0.8"	"0.75"	"0.01"	"0.005"	"0.01"	"100000"	"10000"	"200"	"962865734395398356"	75000	"slope"	-0.0036202955
"0.55"	"0.8"	"0.75"	"0.01"	"0.005"	"0.01"	"100000"	"10000"	"200"	"962865734395398356"	75000	"intercept"	0.51512697778
"0.55"	"0.8"	"0.75"	"0.01"	"0.005"	"0.01"	"100000"	"10000"	"200"	"962865734395398356"	80000	"slope"	0.020422747
"0.55"	"0.8"	"0.75"	"0.01"	"0.005"	"0.01"	"100000"	"10000"	"200"	"962865734395398356"	80000	"intercept"	0.59056157984
"0.55"	"0.8"	"0.75"	"0.01"	"0.005"	"0.01"	"100000"	"10000"	"200"	"962865734395398356"	85000	"slope"	0.043260943
"0.55"	"0.8"	"0.75"	"0.01"	"0.005"	"0.01"	"100000"	"10000"	"200"	"962865734395398356"	85000	"intercept"	0.51171010607
"0.55"	"0.8"	"0.75"	"0.01"	"0.005"	"0.01"	"100000"	"10000"	"200"	"962865734395398356"	90000	"slope"	0.079737214
"0.55"	"0.8"	"0.75"	"0.01"	"0.005"	"0.01"	"100000"	"10000"	"200"	"962865734395398356"	90000	"intercept"	0.54239101378
"0.55"	"0.8"	"0.75"	"0.01"	"0.005"	"0.01"	"100000"	"10000"	"200"	"962865734395398356"	95000	"slope"	0.0692766185
"0.55"	"0.8"	"0.75"	"0.01"	"0.005"	"0.01"	"100000"	"10000"	"200"	"962865734395398356"	95000	"intercept"	0.51199795235
"0.55"	"0.8"	"0.75"	"0.01"	"0.005"	"0.01"	"100000"	"10000"	"200"	"962865734395398356"	100000	"slope"	-0.010497199035
"0.55"	"0.8"	"0.75"	"0.01"	"0.005"	"0.01"	"100000"	"10000"	"200"	"962865734395398356"	100000	"intercept"	0.5037885757
"0.65"	"0.0"	"0.75"	"0.01"	"0.005"	"0.01"	"100000"	"10000"	"200"	"2135028410028908952"	10	"slope"	-5.60875e-05
"0.65"	"0.0"	"0.75"	"0.01"	"0.005"	"0.01"	"100000"	"10000"	"200"	"2135028410028908952"	10	"intercept"	0.500033725
"0.65"	"0.0"	"0.75"	"0.01"	"0.005"	"0.01"	"100000"	"10000"	"200"	"2135028410028908952"	5000	"slope"	0.09874784145
"0.65"	"0.0"	"0.75"	"0.01"	"0.005"	"0.01"	"100000"	"10000"	"200"	"2135028410028908952"	5000	"intercept"	0.688134885
"0.65"	"0.0"	"0.75"	"0.01"	"0.005"	"0.01"	"100000"	"10000"	"200"	"2135028410028908952"	10000	"slope"	0.09944842
"0.65"	"0.0"	"0.75"	"0.01"	"0.005"	"0.01"	"100000"	"10000"	"200"	"2135028410028908952"	10000	"intercept"	0.684326905
"0.65"	"0.0"	"0.75"	"0.01"	"0.005"	"0.01"	"100000"	"10000"	"200"	"2135028410028908952"	15000	"slope"	0.0928040245
"0.65"	"0.0"	"0.75"	"0.01"	"0.005"	"0.01"	"100000"	"10000"	"200"	"2135028410028908952"	15000	"intercept"	0.68654633
"0.65"	"0.0"	"0.75"	"0.01"	"0.005"	"0.01"	"100000"	"10000"	"200"	"2135028410028908952"	20000	"slope"	0.0868947315
"0.65"	"0.0"	"0.75"	"0.01"	"0.005"	"0.01"	"100000"	"10000"	"200"	"2135028410028908952"	20000	"intercept"	0.691191895
"0.65"	"0.0"	"0.75"	"0.01"	"0.005"	"0.01"	"100000"	"10000"	"200"	"2135028410028908952"	25000	"slope"	0.0870496555
"0.65"	"0.0"	"0.75"	"0.01"	"0.005"	"0.01"	"100000"	"10000"	"200"	"2135028410028908952"	25000	"intercept"	0.689234405
"0.65"	"0.0"	"0.75"	"0.01"	"0.005"	"0.01"	"100000"	"10000"	"200"	"2135028410028908952"	30000	"slope"	0.0654710181
"0.65"	"0.0"	"0.75"	"0.01"	"0.005"	"0.01"	"100000"	"10000"	"200"	"2135028410028908952"	30000	"intercept"	0.70341896
"0.65"	"0.0"	"0.75"	"0.01"	"0.005"	"0.01"	"100000"	"10000"	"200"	"2135028410028908952"	35000	"slope"	0.092959038
"0.65"	"0.0"	"0.75"	"0.01"	"0.005"	"0.01"	"100000"	"10000"	"200"	"2135028410028908952"	35000	"intercept"	0.691240035
"0.65"	"0.0"	"0.75"	"0.01"	"0.005"	"0.01"	"100000"	"10000"	"200"	"2135028410028908952"	40000	"slope"	0.10314523045
"0.65"	"0.0"	"0.75"	"0.01"	"0.005"	"0.01"	"100000"	"10000"	"200"	"2135028410028908952"	40000	"intercept"	0.681279785
"0.65"	"0.0"	"0.75"	"0.01"	"0.005"	"0.01"	"100000"	"10000"	"200"	"2135028410028908952"	45000	"slope"	0.096322264
"0.65"	"0.0"	"0.75"	"0.01"	"0.005"	"0.01"	"100000"	"10000"	"200"	"2135028410028908952"	45000	"intercept"	0.681968755
"0.65"	"0.0"	"0.75"	"0.01"	"0.005"	"0.01"	"100000"	"10000"	"200"	"2135028410028908952"	50000	"slope"	0.0776815125
"0.65"	"0.0"	"0.75"	"0.01"	"0.005"	"0.01"	"100000"	"10000"	"200"	"2135028410028908952"	50000	"intercept"	0.694263305
"0.65"	"0.0"	"0.75"	"0.01"	"0.005"	"0.01"	"100000"	"10000"	"200"	"2135028410028908952"	55000	"slope"	0.0834041815
"0.65"	"0.0"	"0.75"	"0.01"	"0.005"	"0.01"	"100000"	"10000"	"200"	"2135028410028908952"	55000	"intercept"	0.69267331
"0.65"	"0.0"	"0.75"	"0.01"	"0.005"	"0.01"	"100000"	"10000"	"200"	"2135028410028908952"	60000	"slope"	0.07896212275
"0.65"	"0.0"	"0.75"	"0.01"	"0.005"	"0.01"	"100000"	"10000"	"200"	"2135028410028908952"	60000	"intercept"	0.701834845
"0.65"	"0.0"	"0.75"	"0.01"	"0.005"	"0.01"	"100000"	"10000"	"200"	"2135028410028908952"	65000	"slope"	0.072238542
"0.65"	"0.0"	"0.75"	"0.01"	"0.005"	"0.01"	"100000"	"10000"	"200"	"2135028410028908952"	65000	"intercept"	0.69845782
"0.65"	"0.0"	"0.75"	"0.01"	"0.005"	"0.01"	"100000"	"10000"	"200"	"2135028410028908952"	70000	"slope"	0.080419793
"0.65"	"0.0"	"0.75"	"0.01"	"0.005"	"0.01"	"100000"	"10000"	"200"	"2135028410028908952"	70000	"intercept"	0.69479355
"0.65"	"0.0"	"0.75"	"0.01"	"0.005"	"0.01"	"100000"	"10000"	"200"	"2135028410028908952"	75000	"slope"	0.0709343544
"0.65"	"0.0"	"0.75"	"0.01"	"0.005"	"0.01"	"100000"	"10000"	"200"	"2135028410028908952"	75000	"intercept"	0.702464665
"0.65"	"0.0"	"0.75"	"0.01"	"0.005"	"0.01"	"100000"	"10000"	"200"	"2135028410028908952"	80000	"slope"	0.093844764
"0.65"	"0.0"	"0.75"	"0.01"	"0.005"	"0.01"	"100000"	"10000"	"200"	"2135028410028908952"	80000	"intercept"	0.683568305
"0.65"	"0.0"	"0.75"	"0.01"	"0.005"	"0.01"	"100000"	"10000"	"200"	"2135028410028908952"	85000	"slope"	0.0937814845
"0.65"	"0.0"	"0.75"	"0.01"	"0.005"	"0.01"	"100000"	"10000"	"200"	"2135028410028908952"	85000	"intercept"	0.68930031
"0.65"	"0.0"	"0.75"	"0.01"	"0.005"	"0.01"	"100000"	"10000"	"200"	"2135028410028908952"	90000	"slope"	0.09765219
"0.65"	"0.0"	"0.75"	"0.01"	"0.005"	"0.01"	"100000"	"10000"	"200"	"2135028410028908952"	90000	"intercept"	0.677764545
"0.65"	"0.0"	"0.75"	"0.01"	"0.005"	"0.01"	"100000"	"10000"	"200"	"2135028410028908952"	95000	"slope"	0.0863997985
"0.65"	"0.0"	"0.75"	"0.01"	"0.005"	"0.01"	"100000"	"10000"	"200"	"2135028410028908952"	95000	"intercept"	0.688379175
"0.65"	"0.0"	"0.75"	"0.01"	"0.005"	"0.01"	"100000"	"10000"	"200"	"2135028410028908952"	100000	"slope"	0.0610908890665
"0.65"	"0.0"	"0.75"	"0.01"	"0.005"	"0.01"	"100000"	"10000"	"200"	"2135028410028908952"	100000	"intercept"	0.708070055
"0.65"	"0.0"	"0.75"	"0.01"	"0.005"	"0.01"	"100000"	"10000"	"200"	"2327685009828485102"	10	"slope"	0.0002725366
"0.65"	"0.0"	"0.75"	"0.01"	"0.005"	"0.01"	"100000"	"10000"	"200"	"2327685009828485102"	10	"intercept"	0.49985544
"0.65"	"0.0"	"0.75"	"0.01"	"0.005"	"0.01"	"100000"	"10000"	"200"	"2327685009828485102"	5000	"slope"	0.123936077
"0.65"	"0.0"	"0.75"	"0.01"	"0.005"	"0.01"	"100000"	"10000"	"200"	"2327685009828485102"	5000	"intercept"	0.664208
"0.65"	"0.0"	"0.75"	"0.01"	"0.005"	"0.01"	"100000"	"10000"	"200"	"2327685009828485102"	10000	"slope"	0.1147396215
"0.65"	"0.0"	"0.75"	"0.01"	"0.005"	"0.01"	"100000"	"10000"	"200"	"2327685009828485102"	10000	"intercept"	0.671154155
"0.65"	"0.0"	"0.75"	"0.01"	"0.005"	"0.01"	"100000"	"10000"	"200"	"2327685009828485102"	15000	"slope"	0.1017443455
"0.65"	"0.0"	"0.75"	"0.01"	"0.005"	"0.01"	"100000"	"10000"	"200"	"2327685009828485102"	15000	"intercept"	0.688829435
"0.65"	"0.0"	"0.75"	"0.01"	"0.005"	"0.01"	"100000"	"10000"	"200"	"2327685009828485102"	20000	"slope"	0.07136012075
"0.65"	"0.0"	"0.75"	"0.01"	"0.005"	"0.01"	"100000"	"10000"	"200"	"2327685009828485102"	20000	"intercept"	0.70004959
"0.65"	"0.0"	"0.75"	"0.01"	"0.005"	"0.01"	"100000"	"10000"	"200"	"2327685009828485102"	25000	"slope"	0.071664409
"0.65"	"0.0"	"0.75"	"0.01"	"0.005"	"0.01"	"100000"	"10000"	"200"	"2327685009828485102"	25000	"intercept"	0.700191675
"0.65"	"0.0"	"0.75"	"0.01"	"0.005"	"0.01"	"100000"	"10000"	"200"	"2327685009828485102"	30000	"slope"	0.0810527285
"0.65"	"0.0"	"0.75"	"0.01"	"0.005"	"0.01"	"100000"	"10000"	"200"	"2327685009828485102"	30000	"intercept"	0.695827365
"0.65"	"0.0"	"0.75"	"0.01"	"0.005"	"0.01"	"100000"	"10000"	"200"	"2327685009828485102"	35000	"slope"	0.1160078065
"0.65"	"0.0"	"0.75"	"0.01"	"0.005"	"0.01"	"100000"	"10000"	"200"	"2327685009828485102"	35000	"intercept"	0.67466327
"0.65"	"0.0"	"0.75"	"0.01"	"0.005"	"0.01"	"100000"	"10000"	"200"	"2327685009828485102"	40000	"slope"	0.0828692664
"0.65"	"0.0"	"0.75"	"0.01"	"0.005"	"0.01"	"100000"	"10000"	"200"	"2327685009828485102"	40000	"intercept"	0.693119825
"0.65"	"0.0"	"0.75"	"0.01"	"0.005"	"0.01"	"100000"	"10000"	"200"	"2327685009828485102"	45000	"slope"	0.0944302985
"0.65"	"0.0"	"0.75"	"0.01"	"0.005"	"0.01"	"100000"	"10000"	"200"	"2327685009828485102"	45000	"intercept"	0.686650435
"0.65"	"0.0"	"0.75"	"0.01"	"0.005"	"0.01"	"100000"	"10000"	"200"	"2327685009828485102"	50000	"slope"	0.101638314
"0.65"	"0.0"	"0.75"	"0.01"	"0.005"	"0.01"	"100000"	"10000"	"200"	"2327685009828485102"	50000	"intercept"	0.67854223
"0.65"	"0.0"	"0.75"	"0.01"	"0.005"	"0.01"	"100000"	"10000"	"200"	"2327685009828485102"	55000	"slope"	0.0913071507
"0.65"	"0.0"	"0.75"	"0.01"	"0.005"	"0.01"	"100000"	"10000"	"200"	"2327685009828485102"	55000	"intercept"	0.678736125
"0.65"	"0.0"	"0.75"	"0.01"	"0.005"	"0.01"	"100000"	"10000"	"200"	"2327685009828485102"	60000	"slope"	0.10772042595
"0.65"	"0.0"	"0.75"	"0.01"	"0.005"	"0.01"	"100000"	"10000"	"200"	"2327685009828485102"	60000	"intercept"	0.683640515
"0.65"	"0.0"	"0.75"	"0.01"	"0.005"	"0.01"	"100000"	"10000"	"200"	"2327685009828485102"	65000	"slope"	0.144220662
"0.65"	"0.0"	"0.75"	"0.01"	"0.005"	"0.01"	"100000"	"10000"	"200"	"2327685009828485102"	65000	"intercept"	0.6590823
"0.65"	"0.0"	"0.75"	"0.01"	"0.005"	"0.01"	"100000"	"10000"	"200"	"2327685009828485102"	70000	"slope"	0.154871713
"0.65"	"0.0"	"0.75"	"0.01"	"0.005"	"0.01"	"100000"	"10000"	"200"	"2327685009828485102"	70000	"intercept"	0.64795256
"0.65"	"0.0"	"0.75"	"0.01"	"0.005"	"0.01"	"100000"	"10000"	"200"	"2327685009828485102"	75000	"slope"	0.147881078
"0.65"	"0.0"	"0.75"	"0.01"	"0.005"	"0.01"	"100000"	"10000"	"200"	"2327685009828485102"	75000	"intercept"	0.649404595
"0.65"	"0.0"	"0.75"	"0.01"	"0.005"	"0.01"	"100000"	"10000"	"200"	"2327685009828485102"	80000	"slope"	0.0962555745
"0.65"	"0.0"	"0.75"	"0.01"	"0.005"	"0.01"	"100000"	"10000"	"200"	"2327685009828485102"	80000	"intercept"	0.6879871
"0.65"	"0.0"	"0.75"	"0.01"	"0.005"	"0.01"	"100000"	"10000"	"200"	"2327685009828485102"	85000	"slope"	0.075266314355
"0.65"	"0.0"	"0.75"	"0.01"	"0.005"	"0.01"	"100000"	"10000"	"200"	"2327685009828485102"	85000	"intercept"	0.70168544
"0.65"	"0.0"	"0.75"	"0.01"	"0.005"	"0.01"	"100000"	"10000"	"200"	"2327685009828485102"	90000	"slope"	0.078899159
"0.65"	"0.0"	"0.75"	"0.01"	"0.005"	"0.01"	"100000"	"10000"	"200"	"2327685009828485102"	90000	"intercept"	0.702126845
"0.65"	"0.0"	"0.75"	"0.01"	"0.005"	"0.01"	"100000"	"10000"	"200"	"2327685009828485102"	95000	"slope"	0.0828211248
"0.65"	"0.0"	"0.75"	"0.01"	"0.005"	"0.01"	"100000"	"10000"	"200"	"2327685009828485102"	95000	"intercept"	0.698002105
"0.65"	"0.0"	"0.75"	"0.01"	"0.005"	"0.01"	"100000"	"10000"	"200"	"2327685009828485102"	100000	"slope"	0.0993163295
"0.65"	"0.0"	"0.75"	"0.01"	"0.005"	"0.01"	"100000"	"10000"	"200"	"2327685009828485102"	100000	"intercept"	0.68165597
"0.65"	"0.0"	"0.75"	"0.01"	"0.005"	"0.01"	"100000"	"10000"	"200"	"5337586372848182006"	10	"slope"	0.0001853556035
"0.65"	"0.0"	"0.75"	"0.01"	"0.005"	"0.01"	"100000"	"10000"	"200"	"5337586372848182006"	10	"intercept"	0.499962355
"0.65"	"0.0"	"0.75"	"0.01"	"0.005"	"0.01"	"100000"	"10000"	"200"	"5337586372848182006"	5000	"slope"	0.088871253745
"0.65"	"0.0"	"0.75"	"0.01"	"0.005"	"0.01"	"100000"	"10000"	"200"	"5337586372848182006"	5000	"intercept"	0.694542375
"0.65"	"0.0"	"0.75"	"0.01"	"0.005"	"0.01"	"100000"	"10000"	"200"	"5337586372848182006"	10000	"slope"	0.1214668505
"0.65"	"0.0"	"0.75"	"0.01"	"0.005"	"0.01"	"100000"	"10000"	"200"	"5337586372848182006"	10000	"intercept"	0.6797619
"0.65"	"0.0"	"0.75"	"0.01"	"0.005"	"0.01"	"100000"	"10000"	"200"	"5337586372848182006"	15000	"slope"	0.104877544
"0.65"	"0.0"	"0.75"	"0.01"	"0.005"	"0.01"	"100000"	"10000"	"200"	"5337586372848182006"	15000	"intercept"	0.673052565
"0.65"	"0.0"	"0.75"	"0.01"	"0.005"	"0.01"	"100000"	"10000"	"200"	"5337586372848182006"	20000	"slope"	0.1012411885
"0.65"	"0.0"	"0.75"	"0.01"	"0.005"	"0.01"	"100000"	"10000"	"200"	"5337586372848182006"	20000	"intercept"	0.68047529
"0.65"	"0.0"	"0.75"	"0.01"	"0.005"	"0.01"	"100000"	"10000"	"200"	"5337586372848182006"	25000	"slope"	0.102427513655
"0.65"	"0.0"	"0.75"	"0.01"	"0.005"	"0.01"	"100000"	"10000"	"200"	"5337586372848182006"	25000	"intercept"	0.68767157
"0.65"	"0.0"	"0.75"	"0.01"	"0.005"	"0.01"	"100000"	"10000"	"200"	"5337586372848182006"	30000	"slope"	0.09334886415
"0.65"	"0.0"	"0.75"	"0.01"	"0.005"	"0.01"	"100000"	"10000"	"200"	"5337586372848182006"	30000	"intercept"	0.69010347
"0.65"	"0.0"	"0.75"	"0.01"	"0.005"	"0.01"	"100000"	"10000"	"200"	"5337586372848182006"	35000	"slope"	0.1025759925
"0.65"	"0.0"	"0.75"	"0.01"	"0.005"	"0.01"	"100000"	"10000"	"200"	"5337586372848182006"	35000	"intercept"	0.687014015
"0.65"	"0.0"	"0.75"	"0.01"	"0.005"	"0.01"	"100000"	"10000"	"200"	"5337586372848182006"	40000	"slope"	0.1072692235
"0.65"	"0.0"	"0.75"	"0.01"	"0.005"	"0.01"	"100000"	"10000"	"200"	"5337586372848182006"	40000	"intercept"	0.68173779
"0.65"	"0.0"	"0.75"	"0.01"	"0.005"	"0.01"	"100000"	"10000"	"200"	"5337586372848182006"	45000	"slope"	0.111846011
"0.65"	"0.0"	"0.75"	"0.01"	"0.005"	"0.01"	"100000"	"10000"	"200"	"5337586372848182006"	45000	"intercept"	0.671078135
"0.65"	"0.0"	"0.75"	"0.01"	"0.005"	"0.01"	"100000"	"10000"	"200"	"5337586372848182006"	50000	"slope"	0.0838138565
"0.65"	"0.0"	"0.75"	"0.01"	"0.005"	"0.01"	"100000"	"10000"	"200"	"5337586372848182006"	50000	"intercept"	0.692405945
"0.65"	"0.0"	"0.75"	"0.01"	"0.005"	"0.01"	"100000"	"10000"	"200"	"5337586372848182006"	55000	"slope"	0.0592942575
"0.65"	"0.0"	"0.75"	"0.01"	"0.005"	"0.01"	"100000"	"10000"	"200"	"5337586372848182006"	55000	"intercept"	0.712003245
"0.65"	"0.0"	"0.75"	"0.01"	"0.005"	"0.01"	"100000"	"10000"	"200"	"5337586372848182006"	60000	"slope"	0.07052550575
"0.65"	"0.0"	"0.75"	"0.01"	"0.005"	"0.01"	"100000"	"10000"	"200"	"5337586372848182006"	60000	"intercept"	0.70706036
"0.65"	"0.0"	"0.75"	"0.01"	"0.005"	"0.01"	"100000"	"10000"	"200"	"5337586372848182006"	65000	"slope"	0.0727419795
"0.65"	"0.0"	"0.75"	"0.01"	"0.005"	"0.01"	"100000"	"10000"	"200"	"5337586372848182006"	65000	"intercept"	0.703231265
"0.65"	"0.0"	"0.75"	"0.01"	"0.005"	"0.01"	"100000"	"10000"	"200"	"5337586372848182006"	70000	"slope"	0.05904612415
"0.65"	"0.0"	"0.75"	"0.01"	"0.005"	"0.01"	"100000"	"10000"	"200"	"5337586372848182006"	70000	"intercept"	0.72004853
"0.65"	"0.0"	"0.75"	"0.01"	"0.005"	"0.01"	"100000"	"10000"	"200"	"5337586372848182006"	75000	"slope"	0.08198622855
"0.65"	"0.0"	"0.75"	"0.01"	"0.005"	"0.01"	"100000"	"10000"	"200"	"5337586372848182006"	75000	"intercept"	0.693263955
"0.65"	"0.0"	"0.75"	"0.01"	"0.005"	"0.01"	"100000"	"10000"	"200"	"5337586372848182006"	80000	"slope"	0.0878501055
"0.65"	"0.0"	"0.75"	"0.01"	"0.005"	"0.01"	"100000"	"10000"	"200"	"5337586372848182006"	80000	"intercept"	0.688352815
"0.65"	"0.0"	"0.75"	"0.01"	"0.005"	"0.01"	"100000"	"10000"	"200"	"5337586372848182006"	85000	"slope"	0.08054743804
"0.65"	"0.0"	"0.75"	"0.01"	"0.005"	"0.01"	"100000"	"10000"	"200"	"5337586372848182006"	85000	"intercept"	0.703909695
"0.65"	"0.0"	"0.75"	"0.01"	"0.005"	"0.01"	"100000"	"10000"	"200"	"5337586372848182006"	90000	"slope"	0.10571705
"0.65"	"0.0"	"0.75"	"0.01"	"0.005"	"0.01"	"100000"	"10000"	"200"	"5337586372848182006"	90000	"intercept"	0.681366615
"0.65"	"0.0"	"0.75"	"0.01"	"0.005"	"0.01"	"100000"	"10000"	"200"	"5337586372848182006"	95000	"slope"	0.0869709041
"0.65"	"0.0"	"0.75"	"0.01"	"0.005"	"0.01"	"100000"	"10000"	"200"	"5337586372848182006"	95000	"intercept"	0.69243684
"0.65"	"0.0"	"0.75"	"0.01"	"0.005"	"0.01"	"100000"	"10000"	"200"	"5337586372848182006"	100000	"slope"	0.094555212
"0.65"	"0.0"	"0.75"	"0.01"	"0.005"	"0.01"	"100000"	"10000"	"200"	"5337586372848182006"	100000	"intercept"	0.68437023
"0.65"	"0.4"	"0.75"	"0.01"	"0.005"	"0.01"	"100000"	"10000"	"200"	"5234425015611894825"	10	"slope"	-2.9991115e-05
"0.65"	"0.4"	"0.75"	"0.01"	"0.005"	"0.01"	"100000"	"10000"	"200"	"5234425015611894825"	10	"intercept"	0.500030845
"0.65"	"0.4"	"0.75"	"0.01"	"0.005"	"0.01"	"100000"	"10000"	"200"	"5234425015611894825"	5000	"slope"	0.050143298925
"0.65"	"0.4"	"0.75"	"0.01"	"0.005"	"0.01"	"100000"	"10000"	"200"	"5234425015611894825"	5000	"intercept"	0.71047089
"0.65"	"0.4"	"0.75"	"0.01"	"0.005"	"0.01"	"100000"	"10000"	"200"	"5234425015611894825"	10000	"slope"	0.040803788755
"0.65"	"0.4"	"0.75"	"0.01"	"0.005"	"0.01"	"100000"	"10000"	"200"	"5234425015611894825"	10000	"intercept"	0.720210855
"0.65"	"0.4"	"0.75"	"0.01"	"0.005"	"0.01"	"100000"	"10000"	"200"	"5234425015611894825"	15000	"slope"	0.01995094275
"0.65"	"0.4"	"0.75"	"0.01"	"0.005"	"0.01"	"100000"	"10000"	"200"	"5234425015611894825"	15000	"intercept"	0.73019645
"0.65"	"0.4"	"0.75"	"0.01"	"0.005"	"0.01"	"100000"	"10000"	"200"	"5234425015611894825"	20000	"slope"	0.020399854005
"0.65"	"0.4"	"0.75"	"0.01"	"0.005"	"0.01"	"100000"	"10000"	"200"	"5234425015611894825"	20000	"intercept"	0.73280656
"0.65"	"0.4"	"0.75"	"0.01"	"0.005"	"0.01"	"100000"	"10000"	"200"	"5234425015611894825"	25000	"slope"	-0.01080553426
"0.65"	"0.4"	"0.75"	"0.01"	"0.005"	"0.01"	"100000"	"10000"	"200"	"5234425015611894825"	25000	"intercept"	0.74424149
"0.65"	"0.4"	"0.75"	"0.01"	"0.005"	"0.01"	"100000"	"10000"	"200"	"5234425015611894825"	30000	"slope"	-0.016270604575
"0.65"	"0.4"	"0.75"	"0.01"	"0.005"	"0.01"	"100000"	"10000"	"200"	"5234425015611894825"	30000	"intercept"	0.75726079
"0.65"	"0.4"	"0.75"	"0.01"	"0.005"	"0.01"	"100000"	"10000"	"200"	"5234425015611894825"	35000	"slope"	-0.04338426428
"0.65"	"0.4"	"0.75"	"0.01"	"0.005"	"0.01"	"100000"	"10000"	"200"	"5234425015611894825"	35000	"intercept"	0.775410465
"0.65"	"0.4"	"0.75"	"0.01"	"0.005"	"0.01"	"100000"	"10000"	"200"	"5234425015611894825"	40000	"slope"	-0.0125135515
"0.65"	"0.4"	"0.75"	"0.01"	"0.005"	"0.01"	"100000"	"10000"	"200"	"5234425015611894825"	40000	"intercept"	0.74731887
"0.65"	"0.4"	"0.75"	"0.01"	"0.005"	"0.01"	"100000"	"10000"	"200"	"5234425015611894825"	45000	"slope"	-0.0505286864
"0.65"	"0.4"	"0.75"	"0.01"	"0.005"	"0.01"	"100000"	"10000"	"200"	"5234425015611894825"	45000	"intercept"	0.777066895
"0.65"	"0.4"	"0.75"	"0.01"	"0.005"	"0.01"	"100000"	"10000"	"200"	"5234425015611894825"	50000	"slope"	-0.0459396952
"0.65"	"0.4"	"0.75"	"0.01"	"0.005"	"0.01"	"100000"	"10000"	"200"	"5234425015611894825"	50000	"intercept"	0.77093265
"0.65"	"0.4"	"0.75"	"0.01"	"0.005"	"0.01"	"100000"	"10000"	"200"	"5234425015611894825"	55000	"slope"	0.017480161851
"0.65"	"0.4"	"0.75"	"0.01"	"0.005"	"0.01"	"100000"	"10000"	"200"	"5234425015611894825"	55000	"intercept"	0.728908875
"0.65"	"0.4"	"0.75"	"0.01"	"0.005"	"0.01"	"100000"	"10000"	"200"	"5234425015611894825"	60000	"slope"	0.0117091770745
"0.65"	"0.4"	"0.75"	"0.01"	"0.005"	"0.01"	"100000"	"10000"	"200"	"5234425015611894825"	60000	"intercept"	0.732563935
"0.65"	"0.4"	"0.75"	"0.01"	"0.005"	"0.01"	"100000"	"10000"	"200"	"5234425015611894825"	65000	"slope"	-0.001328293073
"0.65"	"0.4"	"0.75"	"0.01"	"0.005"	"0.01"	"100000"	"10000"	"200"	"5234425015611894825"	65000	"intercept"	0.74657577
"0.65"	"0.4"	"0.75"	"0.01"	"0.005"	"0.01"	"100000"	"10000"	"200"	"5234425015611894825"	70000	"slope"	0.02129599256
"0.65"	"0.4"	"0.75"	"0.01"	"0.005"	"0.01"	"100000"	"10000"	"200"	"5234425015611894825"	70000	"intercept"	0.73636518
"0.65"	"0.4"	"0.75"	"0.01"	"0.005"	"0.01"	"100000"	"10000"	"200"	"5234425015611894825"	75000	"slope"	0.00726028615
"0.65"	"0.4"	"0.75"	"0.01"	"0.005"	"0.01"	"100000"	"10000"	"200"	"5234425015611894825"	75000	"intercept"	0.74215339
"0.65"	"0.4"	"0.75"	"0.01"	"0.005"	"0.01"	"100000"	"10000"	"200"	"5234425015611894825"	80000	"slope"	-0.0381926189
"0.65"	"0.4"	"0.75"	"0.01"	"0.005"	"0.01"	"100000"	"10000"	"200"	"5234425015611894825"	80000	"intercept"	0.768634935
"0.65"	"0.4"	"0.75"	"0.01"	"0.005"	"0.01"	"100000"	"10000"	"200"	"5234425015611894825"	85000	"slope"	-0.007850530104
"0.65"	"0.4"	"0.75"	"0.01"	"0.005"	"0.01"	"100000"	"10000"	"200"	"5234425015611894825"	85000	"intercept"	0.745326825
"0.65"	"0.4"	"0.75"	"0.01"	"0.005"	"0.01"	"100000"	"10000"	"200"	"5234425015611894825"	90000	"slope"	-0.02198264482
"0.65"	"0.4"	"0.75"	"0.01"	"0.005"	"0.01"	"100000"	"10000"	"200"	"5234425015611894825"	90000	"intercept"	0.74436591
"0.65"	"0.4"	"0.75"	"0.01"	"0.005"	"0.01"	"100000"	"10000"	"200"	"5234425015611894825"	95000	"slope"	-0.058663459725
"0.65"	"0.4"	"0.75"	"0.01"	"0.005"	"0.01"	"100000"	"10000"	"200"	"5234425015611894825"	95000	"intercept"	0.770652385
"0.65"	"0.4"	"0.75"	"0.01"	"0.005"	"0.01"	"100000"	"10000"	"200"	"5234425015611894825"	100000	"slope"	-0.030809606025
"0.65"	"0.4"	"0.75"	"0.01"	"0.005"	"0.01"	"100000"	"10000"	"200"	"5234425015611894825"	100000	"intercept"	0.7645668
"0.65"	"0.4"	"0.75"	"0.01"	"0.005"	"0.01"	"100000"	"10000"	"200"	"5360603861193141137"	10	"slope"	3.7931664e-05
"0.65"	"0.4"	"0.75"	"0.01"	"0.005"	"0.01"	"100000"	"10000"	"200"	"5360603861193141137"	10	"intercept"	0.50012547
"0.65"	"0.4"	"0.75"	"0.01"	"0.005"	"0.01"	"100000"	"10000"	"200"	"5360603861193141137"	5000	"slope"	0.0507711606
"0.65"	"0.4"	"0.75"	"0.01"	"0.005"	"0.01"	"100000"	"10000"	"200"	"5360603861193141137"	5000	"intercept"	0.715238475
"0.65"	"0.4"	"0.75"	"0.01"	"0.005"	"0.01"	"100000"	"10000"	"200"	"5360603861193141137"	10000	"slope"	0.024260800585
"0.65"	"0.4"	"0.75"	"0.01"	"0.005"	"0.01"	"100000"	"10000"	"200"	"5360603861193141137"	10000	"intercept"	0.73058419
"0.65"	"0.4"	"0.75"	"0.01"	"0.005"	"0.01"	"100000"	"10000"	"200"	"5360603861193141137"	15000	"slope"	-0.04261902674
"0.65"	"0.4"	"0.75"	"0.01"	"0.005"	"0.01"	"100000"	"10000"	"200"	"5360603861193141137"	15000	"intercept"	0.774233675
"0.65"	"0.4"	"0.75"	"0.01"	"0.005"	"0.01"	"100000"	"10000"	"200"	"5360603861193141137"	20000	"slope"	-0.02531840697
"0.65"	"0.4"	"0.75"	"0.01"	"0.005"	"0.01"	"100000"	"10000"	"200"	"5360603861193141137"	20000	"intercept"	0.761585765
"0.65"	"0.4"	"0.75"	"0.01"	"0.005"	"0.01"	"100000"	"10000"	"200"	"5360603861193141137"	25000	"slope"	-0.005208239735
"0.65"	"0.4"	"0.75"	"0.01"	"0.005"	"0.01"	"100000"	"10000"	"200"	"5360603861193141137"	25000	"intercept"	0.74660421
"0.65"	"0.4"	"0.75"	"0.01"	"0.005"	"0.01"	"100000"	"10000"	"200"	"5360603861193141137"	30000	"slope"	0.029761290005
"0.65"	"0.4"	"0.75"	"0.01"	"0.005"	"0.01"	"100000"	"10000"	"200"	"5360603861193141137"	30000	"intercept"	0.71981064
"0.65"	"0.4"	"0.75"	"0.01"	"0.005"	"0.01"	"100000"	"10000"	"200"	"5360603861193141137"	35000	"slope"	0.034253698601
"0.65"	"0.4"	"0.75"	"0.01"	"0.005"	"0.01"	"100000"	"10000"	"200"	"5360603861193141137"	35000	"intercept"	0.713930335
"0.65"	"0.4"	"0.75"	"0.01"	"0.005"	"0.01"	"100000"	"10000"	"200"	"5360603861193141137"	40000	"slope"	0.035864750825
"0.65"	"0.4"	"0.75"	"0.01"	"0.005"	"0.01"	"100000"	"10000"	"200"	"5360603861193141137"	40000	"intercept"	0.71604507
"0.65"	"0.4"	"0.75"	"0.01"	"0.005"	"0.01"	"100000"	"10000"	"200"	"5360603861193141137"	45000	"slope"	0.00328552453
"0.65"	"0.4"	"0.75"	"0.01"	"0.005"	"0.01"	"100000"	"10000"	"200"	"5360603861193141137"	45000	"intercept"	0.736163985
"0.65"	"0.4"	"0.75"	"0.01"	"0.005"	"0.01"	"100000"	"10000"	"200"	"5360603861193141137"	50000	"slope"	0.018481246189
"0.65"	"0.4"	"0.75"	"0.01"	"0.005"	"0.01"	"100000"	"10000"	"200"	"5360603861193141137"	50000	"intercept"	0.725417555
"0.65"	"0.4"	"0.75"	"0.01"	"0.005"	"0.01"	"100000"	"10000"	"200"	"5360603861193141137"	55000	"slope"	0.0485992211
"0.65"	"0.4"	"0.75"	"0.01"	"0.005"	"0.01"	"100000"	"10000"	"200"	"5360603861193141137"	55000	"intercept"	0.704175445
"0.65"	"0.4"	"0.75"	"0.01"	"0.005"	"0.01"	"100000"	"10000"	"200"	"5360603861193141137"	60000	"slope"	-0.0184105064
"0.65"	"0.4"	"0.75"	"0.01"	"0.005"	"0.01"	"100000"	"10000"	"200"	"5360603861193141137"	60000	"intercept"	0.749994775
"0.65"	"0.4"	"0.75"	"0.01"	"0.005"	"0.01"	"100000"	"10000"	"200"	"5360603861193141137"	65000	"slope"	-0.05612910545
"0.65"	"0.4"	"0.75"	"0.01"	"0.005"	"0.01"	"100000"	"10000"	"200"	"5360603861193141137"	65000	"intercept"	0.779778955
"0.65"	"0.4"	"0.75"	"0.01"	"0.005"	"0.01"	"100000"	"10000"	"200"	"5360603861193141137"	70000	"slope"	-0.055033076415
"0.65"	"0.4"	"0.75"	"0.01"	"0.005"	"0.01"	"100000"	"10000"	"200"	"5360603861193141137"	70000	"intercept"	0.776419205
"0.65"	"0.4"	"0.75"	"0.01"	"0.005"	"0.01"	"100000"	"10000"	"200"	"5360603861193141137"	75000	"slope"	-0.0640842457
"0.65"	"0.4"	"0.75"	"0.01"	"0.005"	"0.01"	"100000"	"10000"	"200"	"5360603861193141137"	75000	"intercept"	0.776568335
"0.65"	"0.4"	"0.75"	"0.01"	"0.005"	"0.01"	"100000"	"10000"	"200"	"5360603861193141137"	80000	"slope"	-0.0389443814525
"0.65"	"0.4"	"0.75"	"0.01"	"0.005"	"0.01"	"100000"	"10000"	"200"	"5360603861193141137"	80000	"intercept"	0.772708525
"0.65"	"0.4"	"0.75"	"0.01"	"0.005"	"0.01"	"100000"	"10000"	"200"	"5360603861193141137"	85000	"slope"	-0.050151378
"0.65"	"0.4"	"0.75"	"0.01"	"0.005"	"0.01"	"100000"	"10000"	"200"	"5360603861193141137"	85000	"intercept"	0.77420147
"0.65"	"0.4"	"0.75"	"0.01"	"0.005"	"0.01"	"100000"	"10000"	"200"	"5360603861193141137"	90000	"slope"	-0.10317269205
"0.65"	"0.4"	"0.75"	"0.01"	"0.005"	"0.01"	"100000"	"10000"	"200"	"5360603861193141137"	90000	"intercept"	0.802555775
"0.65"	"0.4"	"0.75"	"0.01"	"0.005"	"0.01"	"100000"	"10000"	"200"	"5360603861193141137"	95000	"slope"	-0.0870363078
"0.65"	"0.4"	"0.75"	"0.01"	"0.005"	"0.01"	"100000"	"10000"	"200"	"5360603861193141137"	95000	"intercept"	0.79373012
"0.65"	"0.4"	"0.75"	"0.01"	"0.005"	"0.01"	"100000"	"10000"	"200"	"5360603861193141137"	100000	"slope"	-0.01912617894
"0.65"	"0.4"	"0.75"	"0.01"	"0.005"	"0.01"	"100000"	"10000"	"200"	"5360603861193141137"	100000	"intercept"	0.75062668
"0.65"	"0.4"	"0.75"	"0.01"	"0.005"	"0.01"	"100000"	"10000"	"200"	"8515384046651892695"	10	"slope"	-3.681055e-05
"0.65"	"0.4"	"0.75"	"0.01"	"0.005"	"0.01"	"100000"	"10000"	"200"	"8515384046651892695"	10	"intercept"	0.50006889
"0.65"	"0.4"	"0.75"	"0.01"	"0.005"	"0.01"	"100000"	"10000"	"200"	"8515384046651892695"	5000	"slope"	0.07954440715
"0.65"	"0.4"	"0.75"	"0.01"	"0.005"	"0.01"	"100000"	"10000"	"200"	"8515384046651892695"	5000	"intercept"	0.685223075
"0.65"	"0.4"	"0.75"	"0.01"	"0.005"	"0.01"	"100000"	"10000"	"200"	"8515384046651892695"	10000	"slope"	0.0234902122153
"0.65"	"0.4"	"0.75"	"0.01"	"0.005"	"0.01"	"100000"	"10000"	"200"	"8515384046651892695"	10000	"intercept"	0.73102884
"0.65"	"0.4"	"0.75"	"0.01"	"0.005"	"0.01"	"100000"	"10000"	"200"	"8515384046651892695"	15000	"slope"	-0.0370705385
"0.65"	"0.4"	"0.75"	"0.01"	"0.005"	"0.01"	"100000"	"10000"	"200"	"8515384046651892695"	15000	"intercept"	0.770442775
"0.65"	"0.4"	"0.75"	"0.01"	"0.005"	"0.01"	"100000"	"10000"	"200"	"8515384046651892695"	20000	"slope"	-0.02820713635
"0.65"	"0.4"	"0.75"	"0.01"	"0.005"	"0.01"	"100000"	"10000"	"200"	"8515384046651892695"	20000	"intercept"	0.761626825
"0.65"	"0.4"	"0.75"	"0.01"	"0.005"	"0.01"	"100000"	"10000"	"200"	"8515384046651892695"	25000	"slope"	-0.010325242905
"0.65"	"0.4"	"0.75"	"0.01"	"0.005"	"0.01"	"100000"	"10000"	"200"	"8515384046651892695"	25000	"intercept"	0.75218843
"0.65"	"0.4"	"0.75"	"0.01"	"0.005"	"0.01"	"100000"	"10000"	"200"	"8515384046651892695"	30000	"slope"	-0.06005201379
"0.65"	"0.4"	"0.75"	"0.01"	"0.005"	"0.01"	"100000"	"10000"	"200"	"8515384046651892695"	30000	"intercept"	0.77850172
"0.65"	"0.4"	"0.75"	"0.01"	"0.005"	"0.01"	"100000"	"10000"	"200"	"8515384046651892695"	35000	"slope"	-0.0302036481515
"0.65"	"0.4"	"0.75"	"0.01"	"0.005"	"0.01"	"100000"	"10000"	"200"	"8515384046651892695"	35000	"intercept"	0.75911793
"0.65"	"0.4"	"0.75"	"0.01"	"0.005"	"0.01"	"100000"	"10000"	"200"	"8515384046651892695"	40000	"slope"	0.00514254003
"0.65"	"0.4"	"0.75"	"0.01"	"0.005"	"0.01"	"100000"	"10000"	"200"	"8515384046651892695"	40000	"intercept"	0.733411715
"0.65"	"0.4"	"0.75"	"0.01"	"0.005"	"0.01"	"100000"	"10000"	"200"	"8515384046651892695"	45000	"slope"	0.01404949672
"0.65"	"0.4"	"0.75"	"0.01"	"0.005"	"0.01"	"100000"	"10000"	"200"	"8515384046651892695"	45000	"intercept"	0.73473701
"0.65"	"0.4"	"0.75"	"0.01"	"0.005"	"0.01"	"100000"	"10000"	"200"	"8515384046651892695"	50000	"slope"	-0.0346527197
"0.65"	"0.4"	"0.75"	"0.01"	"0.005"	"0.01"	"100000"	"10000"	"200"	"8515384046651892695"	50000	"intercept"	0.76281988
"0.65"	"0.4"	"0.75"	"0.01"	"0.005"	"0.01"	"100000"	"10000"	"200"	"8515384046651892695"	55000	"slope"	-0.002823236705
"0.65"	"0.4"	"0.75"	"0.01"	"0.005"	"0.01"	"100000"	"10000"	"200"	"8515384046651892695"	55000	"intercept"	0.74409183
"0.65"	"0.4"	"0.75"	"0.01"	"0.005"	"0.01"	"100000"	"10000"	"200"	"8515384046651892695"	60000	"slope"	0.03156602162
"0.65"	"0.4"	"0.75"	"0.01"	"0.005"	"0.01"	"100000"	"10000"	"200"	"8515384046651892695"	60000	"intercept"	0.721405205
"0.65"	"0.4"	"0.75"	"0.01"	"0.005"	"0.01"	"100000"	"10000"	"200"	"8515384046651892695"	65000	"slope"	0.0530899894
"0.65"	"0.4"	"0.75"	"0.01"	"0.005"	"0.01"	"100000"	"10000"	"200"	"8515384046651892695"	65000	"intercept"	0.712345725
"0.65"	"0.4"	"0.75"	"0.01"	"0.005"	"0.01"	"100000"	"10000"	"200"	"8515384046651892695"	70000	"slope"	0.0376423969
"0.65"	"0.4"	"0.75"	"0.01"	"0.005"	"0.01"	"100000"	"10000"	"200"	"8515384046651892695"	70000	"intercept"	0.716748635
"0.65"	"0.4"	"0.75"	"0.01"	"0.005"	"0.01"	"100000"	"10000"	"200"	"8515384046651892695"	75000	"slope"	-0.004906069065
"0.65"	"0.4"	"0.75"	"0.01"	"0.005"	"0.01"	"100000"	"10000"	"200"	"8515384046651892695"	75000	"intercept"	0.74358029
"0.65"	"0.4"	"0.75"	"0.01"	"0.005"	"0.01"	"100000"	"10000"	"200"	"8515384046651892695"	80000	"slope"	0.010230655435
"0.65"	"0.4"	"0.75"	"0.01"	"0.005"	"0.01"	"100000"	"10000"	"200"	"8515384046651892695"	80000	"intercept"	0.736560815
"0.65"	"0.4"	"0.75"	"0.01"	"0.005"	"0.01"	"100000"	"10000"	"200"	"8515384046651892695"	85000	"slope"	0.01473998857
"0.65"	"0.4"	"0.75"	"0.01"	"0.005"	"0.01"	"100000"	"10000"	"200"	"8515384046651892695"	85000	"intercept"	0.728865755
"0.65"	"0.4"	"0.75"	"0.01"	"0.005"	"0.01"	"100000"	"10000"	"200"	"8515384046651892695"	90000	"slope"	0.022165659819
"0.65"	"0.4"	"0.75"	"0.01"	"0.005"	"0.01"	"100000"	"10000"	"200"	"8515384046651892695"	90000	"intercept"	0.72943141
"0.65"	"0.4"	"0.75"	"0.01"	"0.005"	"0.01"	"100000"	"10000"	"200"	"8515384046651892695"	95000	"slope"	0.008863957455
"0.65"	"0.4"	"0.75"	"0.01"	"0.005"	"0.01"	"100000"	"10000"	"200"	"8515384046651892695"	95000	"intercept"	0.744371075
"0.65"	"0.4"	"0.75"	"0.01"	"0.005"	"0.01"	"100000"	"10000"	"200"	"8515384046651892695"	100000	"slope"	-0.011648653165
"0.65"	"0.4"	"0.75"	"0.01"	"0.005"	"0.01"	"100000"	"10000"	"200"	"8515384046651892695"	100000	"intercept"	0.75556233
"0.65"	"0.6"	"0.75"	"0.01"	"0.005"	"0.01"	"100000"	"10000"	"200"	"1418901628593826506"	10	"slope"	-7.67025585e-05
"0.65"	"0.6"	"0.75"	"0.01"	"0.005"	"0.01"	"100000"	"10000"	"200"	"1418901628593826506"	10	"intercept"	0.500045555
"0.65"	"0.6"	"0.75"	"0.01"	"0.005"	"0.01"	"100000"	"10000"	"200"	"1418901628593826506"	5000	"slope"	0.111169054275
"0.65"	"0.6"	"0.75"	"0.01"	"0.005"	"0.01"	"100000"	"10000"	"200"	"1418901628593826506"	5000	"intercept"	0.63865312
"0.65"	"0.6"	"0.75"	"0.01"	"0.005"	"0.01"	"100000"	"10000"	"200"	"1418901628593826506"	10000	"slope"	0.00102176257
"0.65"	"0.6"	"0.75"	"0.01"	"0.005"	"0.01"	"100000"	"10000"	"200"	"1418901628593826506"	10000	"intercept"	0.60632085
"0.65"	"0.6"	"0.75"	"0.01"	"0.005"	"0.01"	"100000"	"10000"	"200"	"1418901628593826506"	15000	"slope"	-0.0462974855
"0.65"	"0.6"	"0.75"	"0.01"	"0.005"	"0.01"	"100000"	"10000"	"200"	"1418901628593826506"	15000	"intercept"	0.66185969
"0.65"	"0.6"	"0.75"	"0.01"	"0.005"	"0.01"	"100000"	"10000"	"200"	"1418901628593826506"	20000	"slope"	-0.098567723955
"0.65"	"0.6"	"0.75"	"0.01"	"0.005"	"0.01"	"100000"	"10000"	"200"	"1418901628593826506"	20000	"intercept"	0.633482903245
"0.65"	"0.6"	"0.75"	"0.01"	"0.005"	"0.01"	"100000"	"10000"	"200"	"1418901628593826506"	25000	"slope"	-0.15005042215
"0.65"	"0.6"	"0.75"	"0.01"	"0.005"	"0.01"	"100000"	"10000"	"200"	"1418901628593826506"	25000	"intercept"	0.6641684875
"0.65"	"0.6"	"0.75"	"0.01"	"0.005"	"0.01"	"100000"	"10000"	"200"	"1418901628593826506"	30000	"slope"	-0.18314044773
"0.65"	"0.6"	"0.75"	"0.01"	"0.005"	"0.01"	"100000"	"10000"	"200"	"1418901628593826506"	30000	"intercept"	0.68384669
"0.65"	"0.6"	"0.75"	"0.01"	"0.005"	"0.01"	"100000"	"10000"	"200"	"1418901628593826506"	35000	"slope"	-0.148309359
"0.65"	"0.6"	"0.75"	"0.01"	"0.005"	"0.01"	"100000"	"10000"	"200"	"1418901628593826506"	35000	"intercept"	0.667436785
"0.65"	"0.6"	"0.75"	"0.01"	"0.005"	"0.01"	"100000"	"10000"	"200"	"1418901628593826506"	40000	"slope"	-0.15262864975
"0.65"	"0.6"	"0.75"	"0.01"	"0.005"	"0.01"	"100000"	"10000"	"200"	"1418901628593826506"	40000	"intercept"	0.60322518
"0.65"	"0.6"	"0.75"	"0.01"	"0.005"	"0.01"	"100000"	"10000"	"200"	"1418901628593826506"	45000	"slope"	-0.12923627
"0.65"	"0.6"	"0.75"	"0.01"	"0.005"	"0.01"	"100000"	"10000"	"200"	"1418901628593826506"	45000	"intercept"	0.642264485
"0.65"	"0.6"	"0.75"	"0.01"	"0.005"	"0.01"	"100000"	"10000"	"200"	"1418901628593826506"	50000	"slope"	-0.1080970355
"0.65"	"0.6"	"0.75"	"0.01"	"0.005"	"0.01"	"100000"	"10000"	"200"	"1418901628593826506"	50000	"intercept"	0.592596545
"0.65"	"0.6"	"0.75"	"0.01"	"0.005"	"0.01"	"100000"	"10000"	"200"	"1418901628593826506"	55000	"slope"	-0.1069986745
"0.65"	"0.6"	"0.75"	"0.01"	"0.005"	"0.01"	"100000"	"10000"	"200"	"1418901628593826506"	55000	"intercept"	0.59972687
"0.65"	"0.6"	"0.75"	"0.01"	"0.005"	"0.01"	"100000"	"10000"	"200"	"1418901628593826506"	60000	"slope"	-0.1017979265
"0.65"	"0.6"	"0.75"	"0.01"	"0.005"	"0.01"	"100000"	"10000"	"200"	"1418901628593826506"	60000	"intercept"	0.567155408
"0.65"	"0.6"	"0.75"	"0.01"	"0.005"	"0.01"	"100000"	"10000"	"200"	"1418901628593826506"	65000	"slope"	-0.0223024661
"0.65"	"0.6"	"0.75"	"0.01"	"0.005"	"0.01"	"100000"	"10000"	"200"	"1418901628593826506"	65000	"intercept"	0.568849276
"0.65"	"0.6"	"0.75"	"0.01"	"0.005"	"0.01"	"100000"	"10000"	"200"	"1418901628593826506"	70000	"slope"	0.01322084
"0.65"	"0.6"	"0.75"	"0.01"	"0.005"	"0.01"	"100000"	"10000"	"200"	"1418901628593826506"	70000	"intercept"	0.5619866335
"0.65"	"0.6"	"0.75"	"0.01"	"0.005"	"0.01"	"100000"	"10000"	"200"	"1418901628593826506"	75000	"slope"	0.054914065
"0.65"	"0.6"	"0.75"	"0.01"	"0.005"	"0.01"	"100000"	"10000"	"200"	"1418901628593826506"	75000	"intercept"	0.689258566
"0.65"	"0.6"	"0.75"	"0.01"	"0.005"	"0.01"	"100000"	"10000"	"200"	"1418901628593826506"	80000	"slope"	0.02283016
"0.65"	"0.6"	"0.75"	"0.01"	"0.005"	"0.01"	"100000"	"10000"	"200"	"1418901628593826506"	80000	"intercept"	0.600424347
"0.65"	"0.6"	"0.75"	"0.01"	"0.005"	"0.01"	"100000"	"10000"	"200"	"1418901628593826506"	85000	"slope"	0.01714021
"0.65"	"0.6"	"0.75"	"0.01"	"0.005"	"0.01"	"100000"	"10000"	"200"	"1418901628593826506"	85000	"intercept"	0.48298685701
"0.65"	"0.6"	"0.75"	"0.01"	"0.005"	"0.01"	"100000"	"10000"	"200"	"1418901628593826506"	90000	"slope"	0.035576785
"0.65"	"0.6"	"0.75"	"0.01"	"0.005"	"0.01"	"100000"	"10000"	"200"	"1418901628593826506"	90000	"intercept"	0.5363483495
"0.65"	"0.6"	"0.75"	"0.01"	"0.005"	"0.01"	"100000"	"10000"	"200"	"1418901628593826506"	95000	"slope"	0.07431169
"0.65"	"0.6"	"0.75"	"0.01"	"0.005"	"0.01"	"100000"	"10000"	"200"	"1418901628593826506"	95000	"intercept"	0.5215452773
"0.65"	"0.6"	"0.75"	"0.01"	"0.005"	"0.01"	"100000"	"10000"	"200"	"1418901628593826506"	100000	"slope"	0.0887042615
"0.65"	"0.6"	"0.75"	"0.01"	"0.005"	"0.01"	"100000"	"10000"	"200"	"1418901628593826506"	100000	"intercept"	0.5346905775
"0.65"	"0.6"	"0.75"	"0.01"	"0.005"	"0.01"	"100000"	"10000"	"200"	"4304058228098475562"	10	"slope"	4.98934075e-05
"0.65"	"0.6"	"0.75"	"0.01"	"0.005"	"0.01"	"100000"	"10000"	"200"	"4304058228098475562"	10	"intercept"	0.50008574
"0.65"	"0.6"	"0.75"	"0.01"	"0.005"	"0.01"	"100000"	"10000"	"200"	"4304058228098475562"	5000	"slope"	0.061659839645
"0.65"	"0.6"	"0.75"	"0.01"	"0.005"	"0.01"	"100000"	"10000"	"200"	"4304058228098475562"	5000	"intercept"	0.69075906
"0.65"	"0.6"	"0.75"	"0.01"	"0.005"	"0.01"	"100000"	"10000"	"200"	"4304058228098475562"	10000	"slope"	0.074298884945
"0.65"	"0.6"	"0.75"	"0.01"	"0.005"	"0.01"	"100000"	"10000"	"200"	"4304058228098475562"	10000	"intercept"	0.60006975
"0.65"	"0.6"	"0.75"	"0.01"	"0.005"	"0.01"	"100000"	"10000"	"200"	"4304058228098475562"	15000	"slope"	0.04267602634
"0.65"	"0.6"	"0.75"	"0.01"	"0.005"	"0.01"	"100000"	"10000"	"200"	"4304058228098475562"	15000	"intercept"	0.624126805
"0.65"	"0.6"	"0.75"	"0.01"	"0.005"	"0.01"	"100000"	"10000"	"200"	"4304058228098475562"	20000	"slope"	-0.001493547945
"0.65"	"0.6"	"0.75"	"0.01"	"0.005"	"0.01"	"100000"	"10000"	"200"	"4304058228098475562"	20000	"intercept"	0.5877887205
"0.65"	"0.6"	"0.75"	"0.01"	"0.005"	"0.01"	"100000"	"10000"	"200"	"4304058228098475562"	25000	"slope"	-0.04800198
"0.65"	"0.6"	"0.75"	"0.01"	"0.005"	"0.01"	"100000"	"10000"	"200"	"4304058228098475562"	25000	"intercept"	0.6221582253
"0.65"	"0.6"	"0.75"	"0.01"	"0.005"	"0.01"	"100000"	"10000"	"200"	"4304058228098475562"	30000	"slope"	-0.12371224847
"0.65"	"0.6"	"0.75"	"0.01"	"0.005"	"0.01"	"100000"	"10000"	"200"	"4304058228098475562"	30000	"intercept"	0.6739026565
"0.65"	"0.6"	"0.75"	"0.01"	"0.005"	"0.01"	"100000"	"10000"	"200"	"4304058228098475562"	35000	"slope"	-0.18079163355
"0.65"	"0.6"	"0.75"	"0.01"	"0.005"	"0.01"	"100000"	"10000"	"200"	"4304058228098475562"	35000	"intercept"	0.63974838
"0.65"	"0.6"	"0.75"	"0.01"	"0.005"	"0.01"	"100000"	"10000"	"200"	"4304058228098475562"	40000	"slope"	-0.17450498474
"0.65"	"0.6"	"0.75"	"0.01"	"0.005"	"0.01"	"100000"	"10000"	"200"	"4304058228098475562"	40000	"intercept"	0.62732446
"0.65"	"0.6"	"0.75"	"0.01"	"0.005"	"0.01"	"100000"	"10000"	"200"	"4304058228098475562"	45000	"slope"	-0.173604756615
"0.65"	"0.6"	"0.75"	"0.01"	"0.005"	"0.01"	"100000"	"10000"	"200"	"4304058228098475562"	45000	"intercept"	0.598048305
"0.65"	"0.6"	"0.75"	"0.01"	"0.005"	"0.01"	"100000"	"10000"	"200"	"4304058228098475562"	50000	"slope"	-0.13828173549
"0.65"	"0.6"	"0.75"	"0.01"	"0.005"	"0.01"	"100000"	"10000"	"200"	"4304058228098475562"	50000	"intercept"	0.64414764
"0.65"	"0.6"	"0.75"	"0.01"	"0.005"	"0.01"	"100000"	"10000"	"200"	"4304058228098475562"	55000	"slope"	-0.1608275741
"0.65"	"0.6"	"0.75"	"0.01"	"0.005"	"0.01"	"100000"	"10000"	"200"	"4304058228098475562"	55000	"intercept"	0.5877803
"0.65"	"0.6"	"0.75"	"0.01"	"0.005"	"0.01"	"100000"	"10000"	"200"	"4304058228098475562"	60000	"slope"	-0.100925108
"0.65"	"0.6"	"0.75"	"0.01"	"0.005"	"0.01"	"100000"	"10000"	"200"	"4304058228098475562"	60000	"intercept"	0.60162265
"0.65"	"0.6"	"0.75"	"0.01"	"0.005"	"0.01"	"100000"	"10000"	"200"	"4304058228098475562"	65000	"slope"	-0.1211914095
"0.65"	"0.6"	"0.75"	"0.01"	"0.005"	"0.01"	"100000"	"10000"	"200"	"4304058228098475562"	65000	"intercept"	0.5594159665
"0.65"	"0.6"	"0.75"	"0.01"	"0.005"	"0.01"	"100000"	"10000"	"200"	"4304058228098475562"	70000	"slope"	-0.15348368745
"0.65"	"0.6"	"0.75"	"0.01"	"0.005"	"0.01"	"100000"	"10000"	"200"	"4304058228098475562"	70000	"intercept"	0.5097305045
"0.65"	"0.6"	"0.75"	"0.01"	"0.005"	"0.01"	"100000"	"10000"	"200"	"4304058228098475562"	75000	"slope"	-0.1766287663
"0.65"	"0.6"	"0.75"	"0.01"	"0.005"	"0.01"	"100000"	"10000"	"200"	"4304058228098475562"	75000	"intercept"	0.584336945
"0.65"	"0.6"	"0.75"	"0.01"	"0.005"	"0.01"	"100000"	"10000"	"200"	"4304058228098475562"	80000	"slope"	-0.1111138455
"0.65"	"0.6"	"0.75"	"0.01"	"0.005"	"0.01"	"100000"	"10000"	"200"	"4304058228098475562"	80000	"intercept"	0.642678395
"0.65"	"0.6"	"0.75"	"0.01"	"0.005"	"0.01"	"100000"	"10000"	"200"	"4304058228098475562"	85000	"slope"	-0.11853406775
"0.65"	"0.6"	"0.75"	"0.01"	"0.005"	"0.01"	"100000"	"10000"	"200"	"4304058228098475562"	85000	"intercept"	0.64072051
"0.65"	"0.6"	"0.75"	"0.01"	"0.005"	"0.01"	"100000"	"10000"	"200"	"4304058228098475562"	90000	"slope"	-0.1194039375
"0.65"	"0.6"	"0.75"	"0.01"	"0.005"	"0.01"	"100000"	"10000"	"200"	"4304058228098475562"	90000	"intercept"	0.62412007
"0.65"	"0.6"	"0.75"	"0.01"	"0.005"	"0.01"	"100000"	"10000"	"200"	"4304058228098475562"	95000	"slope"	-0.17535639683
"0.65"	"0.6"	"0.75"	"0.01"	"0.005"	"0.01"	"100000"	"10000"	"200"	"4304058228098475562"	95000	"intercept"	0.62219099
"0.65"	"0.6"	"0.75"	"0.01"	"0.005"	"0.01"	"100000"	"10000"	"200"	"4304058228098475562"	100000	"slope"	-0.16145595064
"0.65"	"0.6"	"0.75"	"0.01"	"0.005"	"0.01"	"100000"	"10000"	"200"	"4304058228098475562"	100000	"intercept"	0.658673175
"0.65"	"0.6"	"0.75"	"0.01"	"0.005"	"0.01"	"100000"	"10000"	"200"	"6068200680794028840"	10	"slope"	1.707351e-05
"0.65"	"0.6"	"0.75"	"0.01"	"0.005"	"0.01"	"100000"	"10000"	"200"	"6068200680794028840"	10	"intercept"	0.5000312
"0.65"	"0.6"	"0.75"	"0.01"	"0.005"	"0.01"	"100000"	"10000"	"200"	"6068200680794028840"	5000	"slope"	0.0280222028
"0.65"	"0.6"	"0.75"	"0.01"	"0.005"	"0.01"	"100000"	"10000"	"200"	"6068200680794028840"	5000	"intercept"	0.70981575
"0.65"	"0.6"	"0.75"	"0.01"	"0.005"	"0.01"	"100000"	"10000"	"200"	"6068200680794028840"	10000	"slope"	-0.03242925265
"0.65"	"0.6"	"0.75"	"0.01"	"0.005"	"0.01"	"100000"	"10000"	"200"	"6068200680794028840"	10000	"intercept"	0.684951755
"0.65"	"0.6"	"0.75"	"0.01"	"0.005"	"0.01"	"100000"	"10000"	"200"	"6068200680794028840"	15000	"slope"	-0.0669801015
"0.65"	"0.6"	"0.75"	"0.01"	"0.005"	"0.01"	"100000"	"10000"	"200"	"6068200680794028840"	15000	"intercept"	0.699189695
"0.65"	"0.6"	"0.75"	"0.01"	"0.005"	"0.01"	"100000"	"10000"	"200"	"6068200680794028840"	20000	"slope"	-0.11774857835
"0.65"	"0.6"	"0.75"	"0.01"	"0.005"	"0.01"	"100000"	"10000"	"200"	"6068200680794028840"	20000	"intercept"	0.6570441605
"0.65"	"0.6"	"0.75"	"0.01"	"0.005"	"0.01"	"100000"	"10000"	"200"	"6068200680794028840"	25000	"slope"	-0.17577861678
"0.65"	"0.6"	"0.75"	"0.01"	"0.005"	"0.01"	"100000"	"10000"	"200"	"6068200680794028840"	25000	"intercept"	0.64930878845
"0.65"	"0.6"	"0.75"	"0.01"	"0.005"	"0.01"	"100000"	"10000"	"200"	"6068200680794028840"	30000	"slope"	-0.1891728402395
"0.65"	"0.6"	"0.75"	"0.01"	"0.005"	"0.01"	"100000"	"10000"	"200"	"6068200680794028840"	30000	"intercept"	0.654421545
"0.65"	"0.6"	"0.75"	"0.01"	"0.005"	"0.01"	"100000"	"10000"	"200"	"6068200680794028840"	35000	"slope"	-0.179140122775
"0.65"	"0.6"	"0.75"	"0.01"	"0.005"	"0.01"	"100000"	"10000"	"200"	"6068200680794028840"	35000	"intercept"	0.628137135
"0.65"	"0.6"	"0.75"	"0.01"	"0.005"	"0.01"	"100000"	"10000"	"200"	"6068200680794028840"	40000	"slope"	-0.1722831507955
"0.65"	"0.6"	"0.75"	"0.01"	"0.005"	"0.01"	"100000"	"10000"	"200"	"6068200680794028840"	40000	"intercept"	0.633695755
"0.65"	"0.6"	"0.75"	"0.01"	"0.005"	"0.01"	"100000"	"10000"	"200"	"6068200680794028840"	45000	"slope"	-0.189418350245
"0.65"	"0.6"	"0.75"	"0.01"	"0.005"	"0.01"	"100000"	"10000"	"200"	"6068200680794028840"	45000	"intercept"	0.59012038
"0.65"	"0.6"	"0.75"	"0.01"	"0.005"	"0.01"	"100000"	"10000"	"200"	"6068200680794028840"	50000	"slope"	-0.197846548925
"0.65"	"0.6"	"0.75"	"0.01"	"0.005"	"0.01"	"100000"	"10000"	"200"	"6068200680794028840"	50000	"intercept"	0.69880891
"0.65"	"0.6"	"0.75"	"0.01"	"0.005"	"0.01"	"100000"	"10000"	"200"	"6068200680794028840"	55000	"slope"	-0.1967104682845
"0.65"	"0.6"	"0.75"	"0.01"	"0.005"	"0.01"	"100000"	"10000"	"200"	"6068200680794028840"	55000	"intercept"	0.60096676
"0.65"	"0.6"	"0.75"	"0.01"	"0.005"	"0.01"	"100000"	"10000"	"200"	"6068200680794028840"	60000	"slope"	-0.17658650765
"0.65"	"0.6"	"0.75"	"0.01"	"0.005"	"0.01"	"100000"	"10000"	"200"	"6068200680794028840"	60000	"intercept"	0.54565663
"0.65"	"0.6"	"0.75"	"0.01"	"0.005"	"0.01"	"100000"	"10000"	"200"	"6068200680794028840"	65000	"slope"	-0.098992136
"0.65"	"0.6"	"0.75"	"0.01"	"0.005"	"0.01"	"100000"	"10000"	"200"	"6068200680794028840"	65000	"intercept"	0.61468604
"0.65"	"0.6"	"0.75"	"0.01"	"0.005"	"0.01"	"100000"	"10000"	"200"	"6068200680794028840"	70000	"slope"	-0.1051337861
"0.65"	"0.6"	"0.75"	"0.01"	"0.005"	"0.01"	"100000"	"10000"	"200"	"6068200680794028840"	70000	"intercept"	0.5687006245
"0.65"	"0.6"	"0.75"	"0.01"	"0.005"	"0.01"	"100000"	"10000"	"200"	"6068200680794028840"	75000	"slope"	-0.066532335
"0.65"	"0.6"	"0.75"	"0.01"	"0.005"	"0.01"	"100000"	"10000"	"200"	"6068200680794028840"	75000	"intercept"	0.608128042
"0.65"	"0.6"	"0.75"	"0.01"	"0.005"	"0.01"	"100000"	"10000"	"200"	"6068200680794028840"	80000	"slope"	-0.05133847295
"0.65"	"0.6"	"0.75"	"0.01"	"0.005"	"0.01"	"100000"	"10000"	"200"	"6068200680794028840"	80000	"intercept"	0.6038956465
"0.65"	"0.6"	"0.75"	"0.01"	"0.005"	"0.01"	"100000"	"10000"	"200"	"6068200680794028840"	85000	"slope"	-0.114843439
"0.65"	"0.6"	"0.75"	"0.01"	"0.005"	"0.01"	"100000"	"10000"	"200"	"6068200680794028840"	85000	"intercept"	0.610901901
"0.65"	"0.6"	"0.75"	"0.01"	"0.005"	"0.01"	"100000"	"10000"	"200"	"6068200680794028840"	90000	"slope"	-0.05936072245
"0.65"	"0.6"	"0.75"	"0.01"	"0.005"	"0.01"	"100000"	"10000"	"200"	"6068200680794028840"	90000	"intercept"	0.6206561095
"0.65"	"0.6"	"0.75"	"0.01"	"0.005"	"0.01"	"100000"	"10000"	"200"	"6068200680794028840"	95000	"slope"	-0.07839505525
"0.65"	"0.6"	"0.75"	"0.01"	"0.005"	"0.01"	"100000"	"10000"	"200"	"6068200680794028840"	95000	"intercept"	0.6163702705
"0.65"	"0.6"	"0.75"	"0.01"	"0.005"	"0.01"	"100000"	"10000"	"200"	"6068200680794028840"	100000	"slope"	-0.06678867735
"0.65"	"0.6"	"0.75"	"0.01"	"0.005"	"0.01"	"100000"	"10000"	"200"	"6068200680794028840"	100000	"intercept"	0.531741556
"0.65"	"0.8"	"0.75"	"0.01"	"0.005"	"0.01"	"100000"	"10000"	"200"	"5795752595702983368"	10	"slope"	-8.7743705e-05
"0.65"	"0.8"	"0.75"	"0.01"	"0.005"	"0.01"	"100000"	"10000"	"200"	"5795752595702983368"	10	"intercept"	0.50007352
"0.65"	"0.8"	"0.75"	"0.01"	"0.005"	"0.01"	"100000"	"10000"	"200"	"5795752595702983368"	5000	"slope"	0.06493555065
"0.65"	"0.8"	"0.75"	"0.01"	"0.005"	"0.01"	"100000"	"10000"	"200"	"5795752595702983368"	5000	"intercept"	0.65150216
"0.65"	"0.8"	"0.75"	"0.01"	"0.005"	"0.01"	"100000"	"10000"	"200"	"5795752595702983368"	10000	"slope"	-0.065699747
"0.65"	"0.8"	"0.75"	"0.01"	"0.005"	"0.01"	"100000"	"10000"	"200"	"5795752595702983368"	10000	"intercept"	0.5984109055
"0.65"	"0.8"	"0.75"	"0.01"	"0.005"	"0.01"	"100000"	"10000"	"200"	"5795752595702983368"	15000	"slope"	-0.1198815946
"0.65"	"0.8"	"0.75"	"0.01"	"0.005"	"0.01"	"100000"	"10000"	"200"	"5795752595702983368"	15000	"intercept"	0.605134975
"0.65"	"0.8"	"0.75"	"0.01"	"0.005"	"0.01"	"100000"	"10000"	"200"	"5795752595702983368"	20000	"slope"	-0.118177326073
"0.65"	"0.8"	"0.75"	"0.01"	"0.005"	"0.01"	"100000"	"10000"	"200"	"5795752595702983368"	20000	"intercept"	0.62537045
"0.65"	"0.8"	"0.75"	"0.01"	"0.005"	"0.01"	"100000"	"10000"	"200"	"5795752595702983368"	25000	"slope"	-0.12108166595
"0.65"	"0.8"	"0.75"	"0.01"	"0.005"	"0.01"	"100000"	"10000"	"200"	"5795752595702983368"	25000	"intercept"	0.5097378885
"0.65"	"0.8"	"0.75"	"0.01"	"0.005"	"0.01"	"100000"	"10000"	"200"	"5795752595702983368"	30000	"slope"	-0.1400978464585
"0.65"	"0.8"	"0.75"	"0.01"	"0.005"	"0.01"	"100000"	"10000"	"200"	"5795752595702983368"	30000	"intercept"	0.5351831255
"0.65"	"0.8"	"0.75"	"0.01"	"0.005"	"0.01"	"100000"	"10000"	"200"	"5795752595702983368"	35000	"slope"	-0.12474771001005
"0.65"	"0.8"	"0.75"	"0.01"	"0.005"	"0.01"	"100000"	"10000"	"200"	"5795752595702983368"	35000	"intercept"	0.575350764
"0.65"	"0.8"	"0.75"	"0.01"	"0.005"	"0.01"	"100000"	"10000"	"200"	"5795752595702983368"	40000	"slope"	-0.1354686844
"0.65"	"0.8"	"0.75"	"0.01"	"0.005"	"0.01"	"100000"	"10000"	"200"	"5795752595702983368"	40000	"intercept"	0.54910876338
"0.65"	"0.8"	"0.75"	"0.01"	"0.005"	"0.01"	"100000"	"10000"	"200"	"5795752595702983368"	45000	"slope"	-0.124901100955
"0.65"	"0.8"	"0.75"	"0.01"	"0.005"	"0.01"	"100000"	"10000"	"200"	"5795752595702983368"	45000	"intercept"	0.552779453885
"0.65"	"0.8"	"0.75"	"0.01"	"0.005"	"0.01"	"100000"	"10000"	"200"	"5795752595702983368"	50000	"slope"	-0.09384583
"0.65"	"0.8"	"0.75"	"0.01"	"0.005"	"0.01"	"100000"	"10000"	"200"	"5795752595702983368"	50000	"intercept"	0.49344770995
"0.65"	"0.8"	"0.75"	"0.01"	"0.005"	"0.01"	"100000"	"10000"	"200"	"5795752595702983368"	55000	"slope"	-0.07731087195
"0.65"	"0.8"	"0.75"	"0.01"	"0.005"	"0.01"	"100000"	"10000"	"200"	"5795752595702983368"	55000	"intercept"	0.525058669188
"0.65"	"0.8"	"0.75"	"0.01"	"0.005"	"0.01"	"100000"	"10000"	"200"	"5795752595702983368"	60000	"slope"	-0.0048350105
"0.65"	"0.8"	"0.75"	"0.01"	"0.005"	"0.01"	"100000"	"10000"	"200"	"5795752595702983368"	60000	"intercept"	0.51277620815
"0.65"	"0.8"	"0.75"	"0.01"	"0.005"	"0.01"	"100000"	"10000"	"200"	"5795752595702983368"	65000	"slope"	-0.022172306
"0.65"	"0.8"	"0.75"	"0.01"	"0.005"	"0.01"	"100000"	"10000"	"200"	"5795752595702983368"	65000	"intercept"	0.3935700121
"0.65"	"0.8"	"0.75"	"0.01"	"0.005"	"0.01"	"100000"	"10000"	"200"	"5795752595702983368"	70000	"slope"	0.003415601
"0.65"	"0.8"	"0.75"	"0.01"	"0.005"	"0.01"	"100000"	"10000"	"200"	"5795752595702983368"	70000	"intercept"	0.5191995925
"0.65"	"0.8"	"0.75"	"0.01"	"0.005"	"0.01"	"100000"	"10000"	"200"	"5795752595702983368"	75000	"slope"	-0.037630465
"0.65"	"0.8"	"0.75"	"0.01"	"0.005"	"0.01"	"100000"	"10000"	"200"	"5795752595702983368"	75000	"intercept"	0.482609526
"0.65"	"0.8"	"0.75"	"0.01"	"0.005"	"0.01"	"100000"	"10000"	"200"	"5795752595702983368"	80000	"slope"	-0.0355119808
"0.65"	"0.8"	"0.75"	"0.01"	"0.005"	"0.01"	"100000"	"10000"	"200"	"5795752595702983368"	80000	"intercept"	0.46035156018
"0.65"	"0.8"	"0.75"	"0.01"	"0.005"	"0.01"	"100000"	"10000"	"200"	"5795752595702983368"	85000	"slope"	0.01536654185
"0.65"	"0.8"	"0.75"	"0.01"	"0.005"	"0.01"	"100000"	"10000"	"200"	"5795752595702983368"	85000	"intercept"	0.53352266595
"0.65"	"0.8"	"0.75"	"0.01"	"0.005"	"0.01"	"100000"	"10000"	"200"	"5795752595702983368"	90000	"slope"	-0.03579864719
"0.65"	"0.8"	"0.75"	"0.01"	"0.005"	"0.01"	"100000"	"10000"	"200"	"5795752595702983368"	90000	"intercept"	0.43115431398
"0.65"	"0.8"	"0.75"	"0.01"	"0.005"	"0.01"	"100000"	"10000"	"200"	"5795752595702983368"	95000	"slope"	-0.0766115439
"0.65"	"0.8"	"0.75"	"0.01"	"0.005"	"0.01"	"100000"	"10000"	"200"	"5795752595702983368"	95000	"intercept"	0.42415924375
"0.65"	"0.8"	"0.75"	"0.01"	"0.005"	"0.01"	"100000"	"10000"	"200"	"5795752595702983368"	100000	"slope"	-0.0396493485
"0.65"	"0.8"	"0.75"	"0.01"	"0.005"	"0.01"	"100000"	"10000"	"200"	"5795752595702983368"	100000	"intercept"	0.480749749375
"0.65"	"0.8"	"0.75"	"0.01"	"0.005"	"0.01"	"100000"	"10000"	"200"	"6337714030497941535"	10	"slope"	-0.0001560075345
"0.65"	"0.8"	"0.75"	"0.01"	"0.005"	"0.01"	"100000"	"10000"	"200"	"6337714030497941535"	10	"intercept"	0.500087875
"0.65"	"0.8"	"0.75"	"0.01"	"0.005"	"0.01"	"100000"	"10000"	"200"	"6337714030497941535"	5000	"slope"	-0.03768628985
"0.65"	"0.8"	"0.75"	"0.01"	"0.005"	"0.01"	"100000"	"10000"	"200"	"6337714030497941535"	5000	"intercept"	0.713709705
"0.65"	"0.8"	"0.75"	"0.01"	"0.005"	"0.01"	"100000"	"10000"	"200"	"6337714030497941535"	10000	"slope"	-0.1273422433
"0.65"	"0.8"	"0.75"	"0.01"	"0.005"	"0.01"	"100000"	"10000"	"200"	"6337714030497941535"	10000	"intercept"	0.65724298365
"0.65"	"0.8"	"0.75"	"0.01"	"0.005"	"0.01"	"100000"	"10000"	"200"	"6337714030497941535"	15000	"slope"	-0.18507664005
"0.65"	"0.8"	"0.75"	"0.01"	"0.005"	"0.01"	"100000"	"10000"	"200"	"6337714030497941535"	15000	"intercept"	0.650864395
"0.65"	"0.8"	"0.75"	"0.01"	"0.005"	"0.01"	"100000"	"10000"	"200"	"6337714030497941535"	20000	"slope"	-0.226805445825
"0.65"	"0.8"	"0.75"	"0.01"	"0.005"	"0.01"	"100000"	"10000"	"200"	"6337714030497941535"	20000	"intercept"	0.59169089
"0.65"	"0.8"	"0.75"	"0.01"	"0.005"	"0.01"	"100000"	"10000"	"200"	"6337714030497941535"	25000	"slope"	-0.208946408
"0.65"	"0.8"	"0.75"	"0.01"	"0.005"	"0.01"	"100000"	"10000"	"200"	"6337714030497941535"	25000	"intercept"	0.61704117
"0.65"	"0.8"	"0.75"	"0.01"	"0.005"	"0.01"	"100000"	"10000"	"200"	"6337714030497941535"	30000	"slope"	-0.188562628995
"0.65"	"0.8"	"0.75"	"0.01"	"0.005"	"0.01"	"100000"	"10000"	"200"	"6337714030497941535"	30000	"intercept"	0.627281931
"0.65"	"0.8"	"0.75"	"0.01"	"0.005"	"0.01"	"100000"	"10000"	"200"	"6337714030497941535"	35000	"slope"	-0.17147074535
"0.65"	"0.8"	"0.75"	"0.01"	"0.005"	"0.01"	"100000"	"10000"	"200"	"6337714030497941535"	35000	"intercept"	0.543854353
"0.65"	"0.8"	"0.75"	"0.01"	"0.005"	"0.01"	"100000"	"10000"	"200"	"6337714030497941535"	40000	"slope"	-0.12746448815
"0.65"	"0.8"	"0.75"	"0.01"	"0.005"	"0.01"	"100000"	"10000"	"200"	"6337714030497941535"	40000	"intercept"	0.6139028975
"0.65"	"0.8"	"0.75"	"0.01"	"0.005"	"0.01"	"100000"	"10000"	"200"	"6337714030497941535"	45000	"slope"	-0.2038501102
"0.65"	"0.8"	"0.75"	"0.01"	"0.005"	"0.01"	"100000"	"10000"	"200"	"6337714030497941535"	45000	"intercept"	0.50487820745
"0.65"	"0.8"	"0.75"	"0.01"	"0.005"	"0.01"	"100000"	"10000"	"200"	"6337714030497941535"	50000	"slope"	-0.1724544685
"0.65"	"0.8"	"0.75"	"0.01"	"0.005"	"0.01"	"100000"	"10000"	"200"	"6337714030497941535"	50000	"intercept"	0.49750864236
"0.65"	"0.8"	"0.75"	"0.01"	"0.005"	"0.01"	"100000"	"10000"	"200"	"6337714030497941535"	55000	"slope"	-0.1727073946
"0.65"	"0.8"	"0.75"	"0.01"	"0.005"	"0.01"	"100000"	"10000"	"200"	"6337714030497941535"	55000	"intercept"	0.49692877025
"0.65"	"0.8"	"0.75"	"0.01"	"0.005"	"0.01"	"100000"	"10000"	"200"	"6337714030497941535"	60000	"slope"	-0.14499935
"0.65"	"0.8"	"0.75"	"0.01"	"0.005"	"0.01"	"100000"	"10000"	"200"	"6337714030497941535"	60000	"intercept"	0.56241244565
"0.65"	"0.8"	"0.75"	"0.01"	"0.005"	"0.01"	"100000"	"10000"	"200"	"6337714030497941535"	65000	"slope"	-0.1445427125
"0.65"	"0.8"	"0.75"	"0.01"	"0.005"	"0.01"	"100000"	"10000"	"200"	"6337714030497941535"	65000	"intercept"	0.554695781483
"0.65"	"0.8"	"0.75"	"0.01"	"0.005"	"0.01"	"100000"	"10000"	"200"	"6337714030497941535"	70000	"slope"	-0.1513855445
"0.65"	"0.8"	"0.75"	"0.01"	"0.005"	"0.01"	"100000"	"10000"	"200"	"6337714030497941535"	70000	"intercept"	0.513139271605
"0.65"	"0.8"	"0.75"	"0.01"	"0.005"	"0.01"	"100000"	"10000"	"200"	"6337714030497941535"	75000	"slope"	-0.1389169145
"0.65"	"0.8"	"0.75"	"0.01"	"0.005"	"0.01"	"100000"	"10000"	"200"	"6337714030497941535"	75000	"intercept"	0.60885733882
"0.65"	"0.8"	"0.75"	"0.01"	"0.005"	"0.01"	"100000"	"10000"	"200"	"6337714030497941535"	80000	"slope"	-0.117622735
"0.65"	"0.8"	"0.75"	"0.01"	"0.005"	"0.01"	"100000"	"10000"	"200"	"6337714030497941535"	80000	"intercept"	0.5070715953
"0.65"	"0.8"	"0.75"	"0.01"	"0.005"	"0.01"	"100000"	"10000"	"200"	"6337714030497941535"	85000	"slope"	-0.080616805
"0.65"	"0.8"	"0.75"	"0.01"	"0.005"	"0.01"	"100000"	"10000"	"200"	"6337714030497941535"	85000	"intercept"	0.54890817852
"0.65"	"0.8"	"0.75"	"0.01"	"0.005"	"0.01"	"100000"	"10000"	"200"	"6337714030497941535"	90000	"slope"	-0.09904962
"0.65"	"0.8"	"0.75"	"0.01"	"0.005"	"0.01"	"100000"	"10000"	"200"	"6337714030497941535"	90000	"intercept"	0.542731853435
"0.65"	"0.8"	"0.75"	"0.01"	"0.005"	"0.01"	"100000"	"10000"	"200"	"6337714030497941535"	95000	"slope"	-0.1154899185
"0.65"	"0.8"	"0.75"	"0.01"	"0.005"	"0.01"	"100000"	"10000"	"200"	"6337714030497941535"	95000	"intercept"	0.6005991586265
"0.65"	"0.8"	"0.75"	"0.01"	"0.005"	"0.01"	"100000"	"10000"	"200"	"6337714030497941535"	100000	"slope"	-0.18603391
"0.65"	"0.8"	"0.75"	"0.01"	"0.005"	"0.01"	"100000"	"10000"	"200"	"6337714030497941535"	100000	"intercept"	0.45254891859765
"0.65"	"0.8"	"0.75"	"0.01"	"0.005"	"0.01"	"100000"	"10000"	"200"	"7139739204577459515"	10	"slope"	-6.652219e-05
"0.65"	"0.8"	"0.75"	"0.01"	"0.005"	"0.01"	"100000"	"10000"	"200"	"7139739204577459515"	10	"intercept"	0.50014057
"0.65"	"0.8"	"0.75"	"0.01"	"0.005"	"0.01"	"100000"	"10000"	"200"	"7139739204577459515"	5000	"slope"	0.04260478319
"0.65"	"0.8"	"0.75"	"0.01"	"0.005"	"0.01"	"100000"	"10000"	"200"	"7139739204577459515"	5000	"intercept"	0.699701875
"0.65"	"0.8"	"0.75"	"0.01"	"0.005"	"0.01"	"100000"	"10000"	"200"	"7139739204577459515"	10000	"slope"	-0.0460063065
"0.65"	"0.8"	"0.75"	"0.01"	"0.005"	"0.01"	"100000"	"10000"	"200"	"7139739204577459515"	10000	"intercept"	0.648109305
"0.65"	"0.8"	"0.75"	"0.01"	"0.005"	"0.01"	"100000"	"10000"	"200"	"7139739204577459515"	15000	"slope"	-0.11047592255
"0.65"	"0.8"	"0.75"	"0.01"	"0.005"	"0.01"	"100000"	"10000"	"200"	"7139739204577459515"	15000	"intercept"	0.586370595
"0.65"	"0.8"	"0.75"	"0.01"	"0.005"	"0.01"	"100000"	"10000"	"200"	"7139739204577459515"	20000	"slope"	-0.08780387055
"0.65"	"0.8"	"0.75"	"0.01"	"0.005"	"0.01"	"100000"	"10000"	"200"	"7139739204577459515"	20000	"intercept"	0.556178642
"0.65"	"0.8"	"0.75"	"0.01"	"0.005"	"0.01"	"100000"	"10000"	"200"	"7139739204577459515"	25000	"slope"	-0.0820174135
"0.65"	"0.8"	"0.75"	"0.01"	"0.005"	"0.01"	"100000"	"10000"	"200"	"7139739204577459515"	25000	"intercept"	0.516291258
"0.65"	"0.8"	"0.75"	"0.01"	"0.005"	"0.01"	"100000"	"10000"	"200"	"7139739204577459515"	30000	"slope"	-0.0600946355
"0.65"	"0.8"	"0.75"	"0.01"	"0.005"	"0.01"	"100000"	"10000"	"200"	"7139739204577459515"	30000	"intercept"	0.538013741865
"0.65"	"0.8"	"0.75"	"0.01"	"0.005"	"0.01"	"100000"	"10000"	"200"	"7139739204577459515"	35000	"slope"	-0.08865301436105
"0.65"	"0.8"	"0.75"	"0.01"	"0.005"	"0.01"	"100000"	"10000"	"200"	"7139739204577459515"	35000	"intercept"	0.548995806395
"0.65"	"0.8"	"0.75"	"0.01"	"0.005"	"0.01"	"100000"	"10000"	"200"	"7139739204577459515"	40000	"slope"	-0.15220772682
"0.65"	"0.8"	"0.75"	"0.01"	"0.005"	"0.01"	"100000"	"10000"	"200"	"7139739204577459515"	40000	"intercept"	0.49346973808
"0.65"	"0.8"	"0.75"	"0.01"	"0.005"	"0.01"	"100000"	"10000"	"200"	"7139739204577459515"	45000	"slope"	-0.1252419317
"0.65"	"0.8"	"0.75"	"0.01"	"0.005"	"0.01"	"100000"	"10000"	"200"	"7139739204577459515"	45000	"intercept"	0.5729641785745
"0.65"	"0.8"	"0.75"	"0.01"	"0.005"	"0.01"	"100000"	"10000"	"200"	"7139739204577459515"	50000	"slope"	-0.10624474435
"0.65"	"0.8"	"0.75"	"0.01"	"0.005"	"0.01"	"100000"	"10000"	"200"	"7139739204577459515"	50000	"intercept"	0.55241841474
"0.65"	"0.8"	"0.75"	"0.01"	"0.005"	"0.01"	"100000"	"10000"	"200"	"7139739204577459515"	55000	"slope"	-0.07550623065
"0.65"	"0.8"	"0.75"	"0.01"	"0.005"	"0.01"	"100000"	"10000"	"200"	"7139739204577459515"	55000	"intercept"	0.60808291645
"0.65"	"0.8"	"0.75"	"0.01"	"0.005"	"0.01"	"100000"	"10000"	"200"	"7139739204577459515"	60000	"slope"	-0.062268972
"0.65"	"0.8"	"0.75"	"0.01"	"0.005"	"0.01"	"100000"	"10000"	"200"	"7139739204577459515"	60000	"intercept"	0.54140915385
"0.65"	"0.8"	"0.75"	"0.01"	"0.005"	"0.01"	"100000"	"10000"	"200"	"7139739204577459515"	65000	"slope"	-0.10576553988
"0.65"	"0.8"	"0.75"	"0.01"	"0.005"	"0.01"	"100000"	"10000"	"200"	"7139739204577459515"	65000	"intercept"	0.47633897345
"0.65"	"0.8"	"0.75"	"0.01"	"0.005"	"0.01"	"100000"	"10000"	"200"	"7139739204577459515"	70000	"slope"	-0.1226590555
"0.65"	"0.8"	"0.75"	"0.01"	"0.005"	"0.01"	"100000"	"10000"	"200"	"7139739204577459515"	70000	"intercept"	0.5003680787
"0.65"	"0.8"	"0.75"	"0.01"	"0.005"	"0.01"	"100000"	"10000"	"200"	"7139739204577459515"	75000	"slope"	-0.1075870432
"0.65"	"0.8"	"0.75"	"0.01"	"0.005"	"0.01"	"100000"	"10000"	"200"	"7139739204577459515"	75000	"intercept"	0.503993330955
"0.65"	"0.8"	"0.75"	"0.01"	"0.005"	"0.01"	"100000"	"10000"	"200"	"7139739204577459515"	80000	"slope"	-0.07209140355
"0.65"	"0.8"	"0.75"	"0.01"	"0.005"	"0.01"	"100000"	"10000"	"200"	"7139739204577459515"	80000	"intercept"	0.471467330225
"0.65"	"0.8"	"0.75"	"0.01"	"0.005"	"0.01"	"100000"	"10000"	"200"	"7139739204577459515"	85000	"slope"	-0.060902648
"0.65"	"0.8"	"0.75"	"0.01"	"0.005"	"0.01"	"100000"	"10000"	"200"	"7139739204577459515"	85000	"intercept"	0.427672315
"0.65"	"0.8"	"0.75"	"0.01"	"0.005"	"0.01"	"100000"	"10000"	"200"	"7139739204577459515"	90000	"slope"	-0.0180577595
"0.65"	"0.8"	"0.75"	"0.01"	"0.005"	"0.01"	"100000"	"10000"	"200"	"7139739204577459515"	90000	"intercept"	0.4410259355
"0.65"	"0.8"	"0.75"	"0.01"	"0.005"	"0.01"	"100000"	"10000"	"200"	"7139739204577459515"	95000	"slope"	-0.015154454
"0.65"	"0.8"	"0.75"	"0.01"	"0.005"	"0.01"	"100000"	"10000"	"200"	"7139739204577459515"	95000	"intercept"	0.4688863281
"0.65"	"0.8"	"0.75"	"0.01"	"0.005"	"0.01"	"100000"	"10000"	"200"	"7139739204577459515"	100000	"slope"	-0.001915785
"0.65"	"0.8"	"0.75"	"0.01"	"0.005"	"0.01"	"100000"	"10000"	"200"	"7139739204577459515"	100000	"intercept"	0.493073531755
"0.75"	"0.0"	"0.75"	"0.01"	"0.005"	"0.01"	"100000"	"10000"	"200"	"215315095418945446"	10	"slope"	0.000166970435
"0.75"	"0.0"	"0.75"	"0.01"	"0.005"	"0.01"	"100000"	"10000"	"200"	"215315095418945446"	10	"intercept"	0.499839995
"0.75"	"0.0"	"0.75"	"0.01"	"0.005"	"0.01"	"100000"	"10000"	"200"	"215315095418945446"	5000	"slope"	0.04866098276
"0.75"	"0.0"	"0.75"	"0.01"	"0.005"	"0.01"	"100000"	"10000"	"200"	"215315095418945446"	5000	"intercept"	0.77377182
"0.75"	"0.0"	"0.75"	"0.01"	"0.005"	"0.01"	"100000"	"10000"	"200"	"215315095418945446"	10000	"slope"	0.063548028
"0.75"	"0.0"	"0.75"	"0.01"	"0.005"	"0.01"	"100000"	"10000"	"200"	"215315095418945446"	10000	"intercept"	0.76781766
"0.75"	"0.0"	"0.75"	"0.01"	"0.005"	"0.01"	"100000"	"10000"	"200"	"215315095418945446"	15000	"slope"	0.06385906205
"0.75"	"0.0"	"0.75"	"0.01"	"0.005"	"0.01"	"100000"	"10000"	"200"	"215315095418945446"	15000	"intercept"	0.77176633
"0.75"	"0.0"	"0.75"	"0.01"	"0.005"	"0.01"	"100000"	"10000"	"200"	"215315095418945446"	20000	"slope"	0.0871334205
"0.75"	"0.0"	"0.75"	"0.01"	"0.005"	"0.01"	"100000"	"10000"	"200"	"215315095418945446"	20000	"intercept"	0.756786785
"0.75"	"0.0"	"0.75"	"0.01"	"0.005"	"0.01"	"100000"	"10000"	"200"	"215315095418945446"	25000	"slope"	0.07887821545
"0.75"	"0.0"	"0.75"	"0.01"	"0.005"	"0.01"	"100000"	"10000"	"200"	"215315095418945446"	25000	"intercept"	0.754791785
"0.75"	"0.0"	"0.75"	"0.01"	"0.005"	"0.01"	"100000"	"10000"	"200"	"215315095418945446"	30000	"slope"	0.06398711715
"0.75"	"0.0"	"0.75"	"0.01"	"0.005"	"0.01"	"100000"	"10000"	"200"	"215315095418945446"	30000	"intercept"	0.758781775
"0.75"	"0.0"	"0.75"	"0.01"	"0.005"	"0.01"	"100000"	"10000"	"200"	"215315095418945446"	35000	"slope"	0.081114977
"0.75"	"0.0"	"0.75"	"0.01"	"0.005"	"0.01"	"100000"	"10000"	"200"	"215315095418945446"	35000	"intercept"	0.749357795
"0.75"	"0.0"	"0.75"	"0.01"	"0.005"	"0.01"	"100000"	"10000"	"200"	"215315095418945446"	40000	"slope"	0.095485421
"0.75"	"0.0"	"0.75"	"0.01"	"0.005"	"0.01"	"100000"	"10000"	"200"	"215315095418945446"	40000	"intercept"	0.743644625
"0.75"	"0.0"	"0.75"	"0.01"	"0.005"	"0.01"	"100000"	"10000"	"200"	"215315095418945446"	45000	"slope"	0.087155885
"0.75"	"0.0"	"0.75"	"0.01"	"0.005"	"0.01"	"100000"	"10000"	"200"	"215315095418945446"	45000	"intercept"	0.749360455
"0.75"	"0.0"	"0.75"	"0.01"	"0.005"	"0.01"	"100000"	"10000"	"200"	"215315095418945446"	50000	"slope"	0.107451376
"0.75"	"0.0"	"0.75"	"0.01"	"0.005"	"0.01"	"100000"	"10000"	"200"	"215315095418945446"	50000	"intercept"	0.73974588
"0.75"	"0.0"	"0.75"	"0.01"	"0.005"	"0.01"	"100000"	"10000"	"200"	"215315095418945446"	55000	"slope"	0.078442022
"0.75"	"0.0"	"0.75"	"0.01"	"0.005"	"0.01"	"100000"	"10000"	"200"	"215315095418945446"	55000	"intercept"	0.75203083
"0.75"	"0.0"	"0.75"	"0.01"	"0.005"	"0.01"	"100000"	"10000"	"200"	"215315095418945446"	60000	"slope"	0.0768132483
"0.75"	"0.0"	"0.75"	"0.01"	"0.005"	"0.01"	"100000"	"10000"	"200"	"215315095418945446"	60000	"intercept"	0.75602717
"0.75"	"0.0"	"0.75"	"0.01"	"0.005"	"0.01"	"100000"	"10000"	"200"	"215315095418945446"	65000	"slope"	0.080750130995
"0.75"	"0.0"	"0.75"	"0.01"	"0.005"	"0.01"	"100000"	"10000"	"200"	"215315095418945446"	65000	"intercept"	0.753167835
"0.75"	"0.0"	"0.75"	"0.01"	"0.005"	"0.01"	"100000"	"10000"	"200"	"215315095418945446"	70000	"slope"	0.1041876005
"0.75"	"0.0"	"0.75"	"0.01"	"0.005"	"0.01"	"100000"	"10000"	"200"	"215315095418945446"	70000	"intercept"	0.74239457
"0.75"	"0.0"	"0.75"	"0.01"	"0.005"	"0.01"	"100000"	"10000"	"200"	"215315095418945446"	75000	"slope"	0.1147938805
"0.75"	"0.0"	"0.75"	"0.01"	"0.005"	"0.01"	"100000"	"10000"	"200"	"215315095418945446"	75000	"intercept"	0.73005905
"0.75"	"0.0"	"0.75"	"0.01"	"0.005"	"0.01"	"100000"	"10000"	"200"	"215315095418945446"	80000	"slope"	0.1211611505
"0.75"	"0.0"	"0.75"	"0.01"	"0.005"	"0.01"	"100000"	"10000"	"200"	"215315095418945446"	80000	"intercept"	0.728048875
"0.75"	"0.0"	"0.75"	"0.01"	"0.005"	"0.01"	"100000"	"10000"	"200"	"215315095418945446"	85000	"slope"	0.096993903
"0.75"	"0.0"	"0.75"	"0.01"	"0.005"	"0.01"	"100000"	"10000"	"200"	"215315095418945446"	85000	"intercept"	0.737575745
"0.75"	"0.0"	"0.75"	"0.01"	"0.005"	"0.01"	"100000"	"10000"	"200"	"215315095418945446"	90000	"slope"	0.113350869
"0.75"	"0.0"	"0.75"	"0.01"	"0.005"	"0.01"	"100000"	"10000"	"200"	"215315095418945446"	90000	"intercept"	0.72927755
"0.75"	"0.0"	"0.75"	"0.01"	"0.005"	"0.01"	"100000"	"10000"	"200"	"215315095418945446"	95000	"slope"	0.1202728265
"0.75"	"0.0"	"0.75"	"0.01"	"0.005"	"0.01"	"100000"	"10000"	"200"	"215315095418945446"	95000	"intercept"	0.72241029
"0.75"	"0.0"	"0.75"	"0.01"	"0.005"	"0.01"	"100000"	"10000"	"200"	"215315095418945446"	100000	"slope"	0.104363311
"0.75"	"0.0"	"0.75"	"0.01"	"0.005"	"0.01"	"100000"	"10000"	"200"	"215315095418945446"	100000	"intercept"	0.73968329
"0.75"	"0.0"	"0.75"	"0.01"	"0.005"	"0.01"	"100000"	"10000"	"200"	"4548421259856167181"	10	"slope"	0.000195985085
"0.75"	"0.0"	"0.75"	"0.01"	"0.005"	"0.01"	"100000"	"10000"	"200"	"4548421259856167181"	10	"intercept"	0.500069725
"0.75"	"0.0"	"0.75"	"0.01"	"0.005"	"0.01"	"100000"	"10000"	"200"	"4548421259856167181"	5000	"slope"	0.0940801209
"0.75"	"0.0"	"0.75"	"0.01"	"0.005"	"0.01"	"100000"	"10000"	"200"	"4548421259856167181"	5000	"intercept"	0.744918685
"0.75"	"0.0"	"0.75"	"0.01"	"0.005"	"0.01"	"100000"	"10000"	"200"	"4548421259856167181"	10000	"slope"	0.0896945845
"0.75"	"0.0"	"0.75"	"0.01"	"0.005"	"0.01"	"100000"	"10000"	"200"	"4548421259856167181"	10000	"intercept"	0.744498335
"0.75"	"0.0"	"0.75"	"0.01"	"0.005"	"0.01"	"100000"	"10000"	"200"	"4548421259856167181"	15000	"slope"	0.0818601405
"0.75"	"0.0"	"0.75"	"0.01"	"0.005"	"0.01"	"100000"	"10000"	"200"	"4548421259856167181"	15000	"intercept"	0.753199155
"0.75"	"0.0"	"0.75"	"0.01"	"0.005"	"0.01"	"100000"	"10000"	"200"	"4548421259856167181"	20000	"slope"	0.06441203521
"0.75"	"0.0"	"0.75"	"0.01"	"0.005"	"0.01"	"100000"	"10000"	"200"	"4548421259856167181"	20000	"intercept"	0.76433405
"0.75"	"0.0"	"0.75"	"0.01"	"0.005"	"0.01"	"100000"	"10000"	"200"	"4548421259856167181"	25000	"slope"	0.116028521
"0.75"	"0.0"	"0.75"	"0.01"	"0.005"	"0.01"	"100000"	"10000"	"200"	"4548421259856167181"	25000	"intercept"	0.731103975
"0.75"	"0.0"	"0.75"	"0.01"	"0.005"	"0.01"	"100000"	"10000"	"200"	"4548421259856167181"	30000	"slope"	0.122190188
"0.75"	"0.0"	"0.75"	"0.01"	"0.005"	"0.01"	"100000"	"10000"	"200"	"4548421259856167181"	30000	"intercept"	0.719905255
"0.75"	"0.0"	"0.75"	"0.01"	"0.005"	"0.01"	"100000"	"10000"	"200"	"4548421259856167181"	35000	"slope"	0.07683753515
"0.75"	"0.0"	"0.75"	"0.01"	"0.005"	"0.01"	"100000"	"10000"	"200"	"4548421259856167181"	35000	"intercept"	0.75313065
"0.75"	"0.0"	"0.75"	"0.01"	"0.005"	"0.01"	"100000"	"10000"	"200"	"4548421259856167181"	40000	"slope"	0.090398597
"0.75"	"0.0"	"0.75"	"0.01"	"0.005"	"0.01"	"100000"	"10000"	"200"	"4548421259856167181"	40000	"intercept"	0.746111235
"0.75"	"0.0"	"0.75"	"0.01"	"0.005"	"0.01"	"100000"	"10000"	"200"	"4548421259856167181"	45000	"slope"	0.1101142655
"0.75"	"0.0"	"0.75"	"0.01"	"0.005"	"0.01"	"100000"	"10000"	"200"	"4548421259856167181"	45000	"intercept"	0.7318907
"0.75"	"0.0"	"0.75"	"0.01"	"0.005"	"0.01"	"100000"	"10000"	"200"	"4548421259856167181"	50000	"slope"	0.0847225535
"0.75"	"0.0"	"0.75"	"0.01"	"0.005"	"0.01"	"100000"	"10000"	"200"	"4548421259856167181"	50000	"intercept"	0.743922285
"0.75"	"0.0"	"0.75"	"0.01"	"0.005"	"0.01"	"100000"	"10000"	"200"	"4548421259856167181"	55000	"slope"	0.05599627715
"0.75"	"0.0"	"0.75"	"0.01"	"0.005"	"0.01"	"100000"	"10000"	"200"	"4548421259856167181"	55000	"intercept"	0.77100254
"0.75"	"0.0"	"0.75"	"0.01"	"0.005"	"0.01"	"100000"	"10000"	"200"	"4548421259856167181"	60000	"slope"	0.07350970015
"0.75"	"0.0"	"0.75"	"0.01"	"0.005"	"0.01"	"100000"	"10000"	"200"	"4548421259856167181"	60000	"intercept"	0.75585932
"0.75"	"0.0"	"0.75"	"0.01"	"0.005"	"0.01"	"100000"	"10000"	"200"	"4548421259856167181"	65000	"slope"	0.0980147965
"0.75"	"0.0"	"0.75"	"0.01"	"0.005"	"0.01"	"100000"	"10000"	"200"	"4548421259856167181"	65000	"intercept"	0.73710346
"0.75"	"0.0"	"0.75"	"0.01"	"0.005"	"0.01"	"100000"	"10000"	"200"	"4548421259856167181"	70000	"slope"	0.09225534135
"0.75"	"0.0"	"0.75"	"0.01"	"0.005"	"0.01"	"100000"	"10000"	"200"	"4548421259856167181"	70000	"intercept"	0.74380358
"0.75"	"0.0"	"0.75"	"0.01"	"0.005"	"0.01"	"100000"	"10000"	"200"	"4548421259856167181"	75000	"slope"	0.1148774045
"0.75"	"0.0"	"0.75"	"0.01"	"0.005"	"0.01"	"100000"	"10000"	"200"	"4548421259856167181"	75000	"intercept"	0.72895627
"0.75"	"0.0"	"0.75"	"0.01"	"0.005"	"0.01"	"100000"	"10000"	"200"	"4548421259856167181"	80000	"slope"	0.088020863
"0.75"	"0.0"	"0.75"	"0.01"	"0.005"	"0.01"	"100000"	"10000"	"200"	"4548421259856167181"	80000	"intercept"	0.74568308
"0.75"	"0.0"	"0.75"	"0.01"	"0.005"	"0.01"	"100000"	"10000"	"200"	"4548421259856167181"	85000	"slope"	0.088450639
"0.75"	"0.0"	"0.75"	"0.01"	"0.005"	"0.01"	"100000"	"10000"	"200"	"4548421259856167181"	85000	"intercept"	0.748761005
"0.75"	"0.0"	"0.75"	"0.01"	"0.005"	"0.01"	"100000"	"10000"	"200"	"4548421259856167181"	90000	"slope"	0.10061633329
"0.75"	"0.0"	"0.75"	"0.01"	"0.005"	"0.01"	"100000"	"10000"	"200"	"4548421259856167181"	90000	"intercept"	0.73763956
"0.75"	"0.0"	"0.75"	"0.01"	"0.005"	"0.01"	"100000"	"10000"	"200"	"4548421259856167181"	95000	"slope"	0.0866170935
"0.75"	"0.0"	"0.75"	"0.01"	"0.005"	"0.01"	"100000"	"10000"	"200"	"4548421259856167181"	95000	"intercept"	0.756884275
"0.75"	"0.0"	"0.75"	"0.01"	"0.005"	"0.01"	"100000"	"10000"	"200"	"4548421259856167181"	100000	"slope"	0.1058555135
"0.75"	"0.0"	"0.75"	"0.01"	"0.005"	"0.01"	"100000"	"10000"	"200"	"4548421259856167181"	100000	"intercept"	0.7385668
"0.75"	"0.0"	"0.75"	"0.01"	"0.005"	"0.01"	"100000"	"10000"	"200"	"82338700597733013"	10	"slope"	1.7207965e-05
"0.75"	"0.0"	"0.75"	"0.01"	"0.005"	"0.01"	"100000"	"10000"	"200"	"82338700597733013"	10	"intercept"	0.50000775
"0.75"	"0.0"	"0.75"	"0.01"	"0.005"	"0.01"	"100000"	"10000"	"200"	"82338700597733013"	5000	"slope"	0.0752670135
"0.75"	"0.0"	"0.75"	"0.01"	"0.005"	"0.01"	"100000"	"10000"	"200"	"82338700597733013"	5000	"intercept"	0.76314386
"0.75"	"0.0"	"0.75"	"0.01"	"0.005"	"0.01"	"100000"	"10000"	"200"	"82338700597733013"	10000	"slope"	0.1097583995
"0.75"	"0.0"	"0.75"	"0.01"	"0.005"	"0.01"	"100000"	"10000"	"200"	"82338700597733013"	10000	"intercept"	0.73158173
"0.75"	"0.0"	"0.75"	"0.01"	"0.005"	"0.01"	"100000"	"10000"	"200"	"82338700597733013"	15000	"slope"	0.087741795
"0.75"	"0.0"	"0.75"	"0.01"	"0.005"	"0.01"	"100000"	"10000"	"200"	"82338700597733013"	15000	"intercept"	0.74905857
"0.75"	"0.0"	"0.75"	"0.01"	"0.005"	"0.01"	"100000"	"10000"	"200"	"82338700597733013"	20000	"slope"	0.0631235464
"0.75"	"0.0"	"0.75"	"0.01"	"0.005"	"0.01"	"100000"	"10000"	"200"	"82338700597733013"	20000	"intercept"	0.766077755
"0.75"	"0.0"	"0.75"	"0.01"	"0.005"	"0.01"	"100000"	"10000"	"200"	"82338700597733013"	25000	"slope"	0.075243657
"0.75"	"0.0"	"0.75"	"0.01"	"0.005"	"0.01"	"100000"	"10000"	"200"	"82338700597733013"	25000	"intercept"	0.760091285
"0.75"	"0.0"	"0.75"	"0.01"	"0.005"	"0.01"	"100000"	"10000"	"200"	"82338700597733013"	30000	"slope"	0.10700013
"0.75"	"0.0"	"0.75"	"0.01"	"0.005"	"0.01"	"100000"	"10000"	"200"	"82338700597733013"	30000	"intercept"	0.73636356
"0.75"	"0.0"	"0.75"	"0.01"	"0.005"	"0.01"	"100000"	"10000"	"200"	"82338700597733013"	35000	"slope"	0.107626405
"0.75"	"0.0"	"0.75"	"0.01"	"0.005"	"0.01"	"100000"	"10000"	"200"	"82338700597733013"	35000	"intercept"	0.730951545
"0.75"	"0.0"	"0.75"	"0.01"	"0.005"	"0.01"	"100000"	"10000"	"200"	"82338700597733013"	40000	"slope"	0.1066330325
"0.75"	"0.0"	"0.75"	"0.01"	"0.005"	"0.01"	"100000"	"10000"	"200"	"82338700597733013"	40000	"intercept"	0.731422855
"0.75"	"0.0"	"0.75"	"0.01"	"0.005"	"0.01"	"100000"	"10000"	"200"	"82338700597733013"	45000	"slope"	0.1017508328
"0.75"	"0.0"	"0.75"	"0.01"	"0.005"	"0.01"	"100000"	"10000"	"200"	"82338700597733013"	45000	"intercept"	0.736751085
"0.75"	"0.0"	"0.75"	"0.01"	"0.005"	"0.01"	"100000"	"10000"	"200"	"82338700597733013"	50000	"slope"	0.085482532025
"0.75"	"0.0"	"0.75"	"0.01"	"0.005"	"0.01"	"100000"	"10000"	"200"	"82338700597733013"	50000	"intercept"	0.750462105
"0.75"	"0.0"	"0.75"	"0.01"	"0.005"	"0.01"	"100000"	"10000"	"200"	"82338700597733013"	55000	"slope"	0.118355595
"0.75"	"0.0"	"0.75"	"0.01"	"0.005"	"0.01"	"100000"	"10000"	"200"	"82338700597733013"	55000	"intercept"	0.73387303
"0.75"	"0.0"	"0.75"	"0.01"	"0.005"	"0.01"	"100000"	"10000"	"200"	"82338700597733013"	60000	"slope"	0.111597828
"0.75"	"0.0"	"0.75"	"0.01"	"0.005"	"0.01"	"100000"	"10000"	"200"	"82338700597733013"	60000	"intercept"	0.73501987
"0.75"	"0.0"	"0.75"	"0.01"	"0.005"	"0.01"	"100000"	"10000"	"200"	"82338700597733013"	65000	"slope"	0.0779215569
"0.75"	"0.0"	"0.75"	"0.01"	"0.005"	"0.01"	"100000"	"10000"	"200"	"82338700597733013"	65000	"intercept"	0.75651211
"0.75"	"0.0"	"0.75"	"0.01"	"0.005"	"0.01"	"100000"	"10000"	"200"	"82338700597733013"	70000	"slope"	0.0736829159
"0.75"	"0.0"	"0.75"	"0.01"	"0.005"	"0.01"	"100000"	"10000"	"200"	"82338700597733013"	70000	"intercept"	0.760418495
"0.75"	"0.0"	"0.75"	"0.01"	"0.005"	"0.01"	"100000"	"10000"	"200"	"82338700597733013"	75000	"slope"	0.09045086
"0.75"	"0.0"	"0.75"	"0.01"	"0.005"	"0.01"	"100000"	"10000"	"200"	"82338700597733013"	75000	"intercept"	0.753728525
"0.75"	"0.0"	"0.75"	"0.01"	"0.005"	"0.01"	"100000"	"10000"	"200"	"82338700597733013"	80000	"slope"	0.092463117
"0.75"	"0.0"	"0.75"	"0.01"	"0.005"	"0.01"	"100000"	"10000"	"200"	"82338700597733013"	80000	"intercept"	0.742250085
"0.75"	"0.0"	"0.75"	"0.01"	"0.005"	"0.01"	"100000"	"10000"	"200"	"82338700597733013"	85000	"slope"	0.079702142
"0.75"	"0.0"	"0.75"	"0.01"	"0.005"	"0.01"	"100000"	"10000"	"200"	"82338700597733013"	85000	"intercept"	0.75127801
"0.75"	"0.0"	"0.75"	"0.01"	"0.005"	"0.01"	"100000"	"10000"	"200"	"82338700597733013"	90000	"slope"	0.1327434325
"0.75"	"0.0"	"0.75"	"0.01"	"0.005"	"0.01"	"100000"	"10000"	"200"	"82338700597733013"	90000	"intercept"	0.72456733
"0.75"	"0.0"	"0.75"	"0.01"	"0.005"	"0.01"	"100000"	"10000"	"200"	"82338700597733013"	95000	"slope"	0.113840192
"0.75"	"0.0"	"0.75"	"0.01"	"0.005"	"0.01"	"100000"	"10000"	"200"	"82338700597733013"	95000	"intercept"	0.73296396
"0.75"	"0.0"	"0.75"	"0.01"	"0.005"	"0.01"	"100000"	"10000"	"200"	"82338700597733013"	100000	"slope"	0.092230219
"0.75"	"0.0"	"0.75"	"0.01"	"0.005"	"0.01"	"100000"	"10000"	"200"	"82338700597733013"	100000	"intercept"	0.74299801
"0.75"	"0.4"	"0.75"	"0.01"	"0.005"	"0.01"	"100000"	"10000"	"200"	"1233572242131262692"	10	"slope"	-0.00015843465
"0.75"	"0.4"	"0.75"	"0.01"	"0.005"	"0.01"	"100000"	"10000"	"200"	"1233572242131262692"	10	"intercept"	0.5002015
"0.75"	"0.4"	"0.75"	"0.01"	"0.005"	"0.01"	"100000"	"10000"	"200"	"1233572242131262692"	5000	"slope"	0.103836685
"0.75"	"0.4"	"0.75"	"0.01"	"0.005"	"0.01"	"100000"	"10000"	"200"	"1233572242131262692"	5000	"intercept"	0.73137363
"0.75"	"0.4"	"0.75"	"0.01"	"0.005"	"0.01"	"100000"	"10000"	"200"	"1233572242131262692"	10000	"slope"	0.0864736715
"0.75"	"0.4"	"0.75"	"0.01"	"0.005"	"0.01"	"100000"	"10000"	"200"	"1233572242131262692"	10000	"intercept"	0.746382245
"0.75"	"0.4"	"0.75"	"0.01"	"0.005"	"0.01"	"100000"	"10000"	"200"	"1233572242131262692"	15000	"slope"	0.084515626
"0.75"	"0.4"	"0.75"	"0.01"	"0.005"	"0.01"	"100000"	"10000"	"200"	"1233572242131262692"	15000	"intercept"	0.738063435
"0.75"	"0.4"	"0.75"	"0.01"	"0.005"	"0.01"	"100000"	"10000"	"200"	"1233572242131262692"	20000	"slope"	0.04335782554
"0.75"	"0.4"	"0.75"	"0.01"	"0.005"	"0.01"	"100000"	"10000"	"200"	"1233572242131262692"	20000	"intercept"	0.77046378
"0.75"	"0.4"	"0.75"	"0.01"	"0.005"	"0.01"	"100000"	"10000"	"200"	"1233572242131262692"	25000	"slope"	0.03582583877
"0.75"	"0.4"	"0.75"	"0.01"	"0.005"	"0.01"	"100000"	"10000"	"200"	"1233572242131262692"	25000	"intercept"	0.77027998
"0.75"	"0.4"	"0.75"	"0.01"	"0.005"	"0.01"	"100000"	"10000"	"200"	"1233572242131262692"	30000	"slope"	0.02349145717005
"0.75"	"0.4"	"0.75"	"0.01"	"0.005"	"0.01"	"100000"	"10000"	"200"	"1233572242131262692"	30000	"intercept"	0.782022315
"0.75"	"0.4"	"0.75"	"0.01"	"0.005"	"0.01"	"100000"	"10000"	"200"	"1233572242131262692"	35000	"slope"	0.023589961065
"0.75"	"0.4"	"0.75"	"0.01"	"0.005"	"0.01"	"100000"	"10000"	"200"	"1233572242131262692"	35000	"intercept"	0.780031205
"0.75"	"0.4"	"0.75"	"0.01"	"0.005"	"0.01"	"100000"	"10000"	"200"	"1233572242131262692"	40000	"slope"	0.009865075195
"0.75"	"0.4"	"0.75"	"0.01"	"0.005"	"0.01"	"100000"	"10000"	"200"	"1233572242131262692"	40000	"intercept"	0.788470845
"0.75"	"0.4"	"0.75"	"0.01"	"0.005"	"0.01"	"100000"	"10000"	"200"	"1233572242131262692"	45000	"slope"	-0.00305681914
"0.75"	"0.4"	"0.75"	"0.01"	"0.005"	"0.01"	"100000"	"10000"	"200"	"1233572242131262692"	45000	"intercept"	0.799787255
"0.75"	"0.4"	"0.75"	"0.01"	"0.005"	"0.01"	"100000"	"10000"	"200"	"1233572242131262692"	50000	"slope"	-0.02302305998
"0.75"	"0.4"	"0.75"	"0.01"	"0.005"	"0.01"	"100000"	"10000"	"200"	"1233572242131262692"	50000	"intercept"	0.80591671
"0.75"	"0.4"	"0.75"	"0.01"	"0.005"	"0.01"	"100000"	"10000"	"200"	"1233572242131262692"	55000	"slope"	-0.032641699445
"0.75"	"0.4"	"0.75"	"0.01"	"0.005"	"0.01"	"100000"	"10000"	"200"	"1233572242131262692"	55000	"intercept"	0.81852627
"0.75"	"0.4"	"0.75"	"0.01"	"0.005"	"0.01"	"100000"	"10000"	"200"	"1233572242131262692"	60000	"slope"	-0.046414483635
"0.75"	"0.4"	"0.75"	"0.01"	"0.005"	"0.01"	"100000"	"10000"	"200"	"1233572242131262692"	60000	"intercept"	0.82378461
"0.75"	"0.4"	"0.75"	"0.01"	"0.005"	"0.01"	"100000"	"10000"	"200"	"1233572242131262692"	65000	"slope"	-0.019270742135
"0.75"	"0.4"	"0.75"	"0.01"	"0.005"	"0.01"	"100000"	"10000"	"200"	"1233572242131262692"	65000	"intercept"	0.809675735
"0.75"	"0.4"	"0.75"	"0.01"	"0.005"	"0.01"	"100000"	"10000"	"200"	"1233572242131262692"	70000	"slope"	-0.015704982005
"0.75"	"0.4"	"0.75"	"0.01"	"0.005"	"0.01"	"100000"	"10000"	"200"	"1233572242131262692"	70000	"intercept"	0.804054705
"0.75"	"0.4"	"0.75"	"0.01"	"0.005"	"0.01"	"100000"	"10000"	"200"	"1233572242131262692"	75000	"slope"	-0.01377208921
"0.75"	"0.4"	"0.75"	"0.01"	"0.005"	"0.01"	"100000"	"10000"	"200"	"1233572242131262692"	75000	"intercept"	0.810638
"0.75"	"0.4"	"0.75"	"0.01"	"0.005"	"0.01"	"100000"	"10000"	"200"	"1233572242131262692"	80000	"slope"	-0.038313184317
"0.75"	"0.4"	"0.75"	"0.01"	"0.005"	"0.01"	"100000"	"10000"	"200"	"1233572242131262692"	80000	"intercept"	0.81923259
"0.75"	"0.4"	"0.75"	"0.01"	"0.005"	"0.01"	"100000"	"10000"	"200"	"1233572242131262692"	85000	"slope"	-0.02674177316
"0.75"	"0.4"	"0.75"	"0.01"	"0.005"	"0.01"	"100000"	"10000"	"200"	"1233572242131262692"	85000	"intercept"	0.8041472
"0.75"	"0.4"	"0.75"	"0.01"	"0.005"	"0.01"	"100000"	"10000"	"200"	"1233572242131262692"	90000	"slope"	0.00328969285
"0.75"	"0.4"	"0.75"	"0.01"	"0.005"	"0.01"	"100000"	"10000"	"200"	"1233572242131262692"	90000	"intercept"	0.799155075
"0.75"	"0.4"	"0.75"	"0.01"	"0.005"	"0.01"	"100000"	"10000"	"200"	"1233572242131262692"	95000	"slope"	5.93060574999998e-06
"0.75"	"0.4"	"0.75"	"0.01"	"0.005"	"0.01"	"100000"	"10000"	"200"	"1233572242131262692"	95000	"intercept"	0.796094715
"0.75"	"0.4"	"0.75"	"0.01"	"0.005"	"0.01"	"100000"	"10000"	"200"	"1233572242131262692"	100000	"slope"	0.047588920365
"0.75"	"0.4"	"0.75"	"0.01"	"0.005"	"0.01"	"100000"	"10000"	"200"	"1233572242131262692"	100000	"intercept"	0.77238495
"0.75"	"0.4"	"0.75"	"0.01"	"0.005"	"0.01"	"100000"	"10000"	"200"	"2116348846795711564"	10	"slope"	0.00026362593
"0.75"	"0.4"	"0.75"	"0.01"	"0.005"	"0.01"	"100000"	"10000"	"200"	"2116348846795711564"	10	"intercept"	0.50002628
"0.75"	"0.4"	"0.75"	"0.01"	"0.005"	"0.01"	"100000"	"10000"	"200"	"2116348846795711564"	5000	"slope"	0.06164255755
"0.75"	"0.4"	"0.75"	"0.01"	"0.005"	"0.01"	"100000"	"10000"	"200"	"2116348846795711564"	5000	"intercept"	0.759543455
"0.75"	"0.4"	"0.75"	"0.01"	"0.005"	"0.01"	"100000"	"10000"	"200"	"2116348846795711564"	10000	"slope"	0.06367918121
"0.75"	"0.4"	"0.75"	"0.01"	"0.005"	"0.01"	"100000"	"10000"	"200"	"2116348846795711564"	10000	"intercept"	0.761514185
"0.75"	"0.4"	"0.75"	"0.01"	"0.005"	"0.01"	"100000"	"10000"	"200"	"2116348846795711564"	15000	"slope"	0.0098311500375
"0.75"	"0.4"	"0.75"	"0.01"	"0.005"	"0.01"	"100000"	"10000"	"200"	"2116348846795711564"	15000	"intercept"	0.792174945
"0.75"	"0.4"	"0.75"	"0.01"	"0.005"	"0.01"	"100000"	"10000"	"200"	"2116348846795711564"	20000	"slope"	-0.016197616605
"0.75"	"0.4"	"0.75"	"0.01"	"0.005"	"0.01"	"100000"	"10000"	"200"	"2116348846795711564"	20000	"intercept"	0.81092586
"0.75"	"0.4"	"0.75"	"0.01"	"0.005"	"0.01"	"100000"	"10000"	"200"	"2116348846795711564"	25000	"slope"	0.01405240095
"0.75"	"0.4"	"0.75"	"0.01"	"0.005"	"0.01"	"100000"	"10000"	"200"	"2116348846795711564"	25000	"intercept"	0.79214548
"0.75"	"0.4"	"0.75"	"0.01"	"0.005"	"0.01"	"100000"	"10000"	"200"	"2116348846795711564"	30000	"slope"	-0.01035360026
"0.75"	"0.4"	"0.75"	"0.01"	"0.005"	"0.01"	"100000"	"10000"	"200"	"2116348846795711564"	30000	"intercept"	0.804823145
"0.75"	"0.4"	"0.75"	"0.01"	"0.005"	"0.01"	"100000"	"10000"	"200"	"2116348846795711564"	35000	"slope"	0.01090395876
"0.75"	"0.4"	"0.75"	"0.01"	"0.005"	"0.01"	"100000"	"10000"	"200"	"2116348846795711564"	35000	"intercept"	0.788598535
"0.75"	"0.4"	"0.75"	"0.01"	"0.005"	"0.01"	"100000"	"10000"	"200"	"2116348846795711564"	40000	"slope"	-0.01011139236
"0.75"	"0.4"	"0.75"	"0.01"	"0.005"	"0.01"	"100000"	"10000"	"200"	"2116348846795711564"	40000	"intercept"	0.80331833
"0.75"	"0.4"	"0.75"	"0.01"	"0.005"	"0.01"	"100000"	"10000"	"200"	"2116348846795711564"	45000	"slope"	-0.008774210096
"0.75"	"0.4"	"0.75"	"0.01"	"0.005"	"0.01"	"100000"	"10000"	"200"	"2116348846795711564"	45000	"intercept"	0.806045985
"0.75"	"0.4"	"0.75"	"0.01"	"0.005"	"0.01"	"100000"	"10000"	"200"	"2116348846795711564"	50000	"slope"	0.0161834610161
"0.75"	"0.4"	"0.75"	"0.01"	"0.005"	"0.01"	"100000"	"10000"	"200"	"2116348846795711564"	50000	"intercept"	0.786949155
"0.75"	"0.4"	"0.75"	"0.01"	"0.005"	"0.01"	"100000"	"10000"	"200"	"2116348846795711564"	55000	"slope"	0.03374759652
"0.75"	"0.4"	"0.75"	"0.01"	"0.005"	"0.01"	"100000"	"10000"	"200"	"2116348846795711564"	55000	"intercept"	0.77492323
"0.75"	"0.4"	"0.75"	"0.01"	"0.005"	"0.01"	"100000"	"10000"	"200"	"2116348846795711564"	60000	"slope"	0.04244864838
"0.75"	"0.4"	"0.75"	"0.01"	"0.005"	"0.01"	"100000"	"10000"	"200"	"2116348846795711564"	60000	"intercept"	0.77358396
"0.75"	"0.4"	"0.75"	"0.01"	"0.005"	"0.01"	"100000"	"10000"	"200"	"2116348846795711564"	65000	"slope"	0.0239393563
"0.75"	"0.4"	"0.75"	"0.01"	"0.005"	"0.01"	"100000"	"10000"	"200"	"2116348846795711564"	65000	"intercept"	0.784238745
"0.75"	"0.4"	"0.75"	"0.01"	"0.005"	"0.01"	"100000"	"10000"	"200"	"2116348846795711564"	70000	"slope"	0.04228133786
"0.75"	"0.4"	"0.75"	"0.01"	"0.005"	"0.01"	"100000"	"10000"	"200"	"2116348846795711564"	70000	"intercept"	0.775861885
"0.75"	"0.4"	"0.75"	"0.01"	"0.005"	"0.01"	"100000"	"10000"	"200"	"2116348846795711564"	75000	"slope"	-0.00099455398
"0.75"	"0.4"	"0.75"	"0.01"	"0.005"	"0.01"	"100000"	"10000"	"200"	"2116348846795711564"	75000	"intercept"	0.798693815
"0.75"	"0.4"	"0.75"	"0.01"	"0.005"	"0.01"	"100000"	"10000"	"200"	"2116348846795711564"	80000	"slope"	0.003822574177
"0.75"	"0.4"	"0.75"	"0.01"	"0.005"	"0.01"	"100000"	"10000"	"200"	"2116348846795711564"	80000	"intercept"	0.78826125
"0.75"	"0.4"	"0.75"	"0.01"	"0.005"	"0.01"	"100000"	"10000"	"200"	"2116348846795711564"	85000	"slope"	-0.00959495194
"0.75"	"0.4"	"0.75"	"0.01"	"0.005"	"0.01"	"100000"	"10000"	"200"	"2116348846795711564"	85000	"intercept"	0.799026955
"0.75"	"0.4"	"0.75"	"0.01"	"0.005"	"0.01"	"100000"	"10000"	"200"	"2116348846795711564"	90000	"slope"	0.02004107348
"0.75"	"0.4"	"0.75"	"0.01"	"0.005"	"0.01"	"100000"	"10000"	"200"	"2116348846795711564"	90000	"intercept"	0.78425119
"0.75"	"0.4"	"0.75"	"0.01"	"0.005"	"0.01"	"100000"	"10000"	"200"	"2116348846795711564"	95000	"slope"	-0.016950683304
"0.75"	"0.4"	"0.75"	"0.01"	"0.005"	"0.01"	"100000"	"10000"	"200"	"2116348846795711564"	95000	"intercept"	0.80801901
"0.75"	"0.4"	"0.75"	"0.01"	"0.005"	"0.01"	"100000"	"10000"	"200"	"2116348846795711564"	100000	"slope"	0.00564669026
"0.75"	"0.4"	"0.75"	"0.01"	"0.005"	"0.01"	"100000"	"10000"	"200"	"2116348846795711564"	100000	"intercept"	0.79907627
"0.75"	"0.4"	"0.75"	"0.01"	"0.005"	"0.01"	"100000"	"10000"	"200"	"7390632472544773237"	10	"slope"	0.0001878763
"0.75"	"0.4"	"0.75"	"0.01"	"0.005"	"0.01"	"100000"	"10000"	"200"	"7390632472544773237"	10	"intercept"	0.50000058
"0.75"	"0.4"	"0.75"	"0.01"	"0.005"	"0.01"	"100000"	"10000"	"200"	"7390632472544773237"	5000	"slope"	0.05122717524
"0.75"	"0.4"	"0.75"	"0.01"	"0.005"	"0.01"	"100000"	"10000"	"200"	"7390632472544773237"	5000	"intercept"	0.76063074
"0.75"	"0.4"	"0.75"	"0.01"	"0.005"	"0.01"	"100000"	"10000"	"200"	"7390632472544773237"	10000	"slope"	0.0316576881
"0.75"	"0.4"	"0.75"	"0.01"	"0.005"	"0.01"	"100000"	"10000"	"200"	"7390632472544773237"	10000	"intercept"	0.78407573
"0.75"	"0.4"	"0.75"	"0.01"	"0.005"	"0.01"	"100000"	"10000"	"200"	"7390632472544773237"	15000	"slope"	0.026877473755
"0.75"	"0.4"	"0.75"	"0.01"	"0.005"	"0.01"	"100000"	"10000"	"200"	"7390632472544773237"	15000	"intercept"	0.78125839
"0.75"	"0.4"	"0.75"	"0.01"	"0.005"	"0.01"	"100000"	"10000"	"200"	"7390632472544773237"	20000	"slope"	-0.012783825375
"0.75"	"0.4"	"0.75"	"0.01"	"0.005"	"0.01"	"100000"	"10000"	"200"	"7390632472544773237"	20000	"intercept"	0.806513095
"0.75"	"0.4"	"0.75"	"0.01"	"0.005"	"0.01"	"100000"	"10000"	"200"	"7390632472544773237"	25000	"slope"	0.021026508725
"0.75"	"0.4"	"0.75"	"0.01"	"0.005"	"0.01"	"100000"	"10000"	"200"	"7390632472544773237"	25000	"intercept"	0.781087985
"0.75"	"0.4"	"0.75"	"0.01"	"0.005"	"0.01"	"100000"	"10000"	"200"	"7390632472544773237"	30000	"slope"	0.0112850062135
"0.75"	"0.4"	"0.75"	"0.01"	"0.005"	"0.01"	"100000"	"10000"	"200"	"7390632472544773237"	30000	"intercept"	0.78813295
"0.75"	"0.4"	"0.75"	"0.01"	"0.005"	"0.01"	"100000"	"10000"	"200"	"7390632472544773237"	35000	"slope"	-0.0081615888995
"0.75"	"0.4"	"0.75"	"0.01"	"0.005"	"0.01"	"100000"	"10000"	"200"	"7390632472544773237"	35000	"intercept"	0.81106498
"0.75"	"0.4"	"0.75"	"0.01"	"0.005"	"0.01"	"100000"	"10000"	"200"	"7390632472544773237"	40000	"slope"	-0.03220684356
"0.75"	"0.4"	"0.75"	"0.01"	"0.005"	"0.01"	"100000"	"10000"	"200"	"7390632472544773237"	40000	"intercept"	0.813299375
"0.75"	"0.4"	"0.75"	"0.01"	"0.005"	"0.01"	"100000"	"10000"	"200"	"7390632472544773237"	45000	"slope"	0.022301164042
"0.75"	"0.4"	"0.75"	"0.01"	"0.005"	"0.01"	"100000"	"10000"	"200"	"7390632472544773237"	45000	"intercept"	0.786505125
"0.75"	"0.4"	"0.75"	"0.01"	"0.005"	"0.01"	"100000"	"10000"	"200"	"7390632472544773237"	50000	"slope"	-0.00683601376
"0.75"	"0.4"	"0.75"	"0.01"	"0.005"	"0.01"	"100000"	"10000"	"200"	"7390632472544773237"	50000	"intercept"	0.8065228
"0.75"	"0.4"	"0.75"	"0.01"	"0.005"	"0.01"	"100000"	"10000"	"200"	"7390632472544773237"	55000	"slope"	-0.00873897256
"0.75"	"0.4"	"0.75"	"0.01"	"0.005"	"0.01"	"100000"	"10000"	"200"	"7390632472544773237"	55000	"intercept"	0.805905505
"0.75"	"0.4"	"0.75"	"0.01"	"0.005"	"0.01"	"100000"	"10000"	"200"	"7390632472544773237"	60000	"slope"	0.00012120559
"0.75"	"0.4"	"0.75"	"0.01"	"0.005"	"0.01"	"100000"	"10000"	"200"	"7390632472544773237"	60000	"intercept"	0.796199685
"0.75"	"0.4"	"0.75"	"0.01"	"0.005"	"0.01"	"100000"	"10000"	"200"	"7390632472544773237"	65000	"slope"	0.0233604586515
"0.75"	"0.4"	"0.75"	"0.01"	"0.005"	"0.01"	"100000"	"10000"	"200"	"7390632472544773237"	65000	"intercept"	0.78202604
"0.75"	"0.4"	"0.75"	"0.01"	"0.005"	"0.01"	"100000"	"10000"	"200"	"7390632472544773237"	70000	"slope"	-0.0046491168645
"0.75"	"0.4"	"0.75"	"0.01"	"0.005"	"0.01"	"100000"	"10000"	"200"	"7390632472544773237"	70000	"intercept"	0.797944255
"0.75"	"0.4"	"0.75"	"0.01"	"0.005"	"0.01"	"100000"	"10000"	"200"	"7390632472544773237"	75000	"slope"	-0.01687141965
"0.75"	"0.4"	"0.75"	"0.01"	"0.005"	"0.01"	"100000"	"10000"	"200"	"7390632472544773237"	75000	"intercept"	0.812253755
"0.75"	"0.4"	"0.75"	"0.01"	"0.005"	"0.01"	"100000"	"10000"	"200"	"7390632472544773237"	80000	"slope"	0.0057927231435
"0.75"	"0.4"	"0.75"	"0.01"	"0.005"	"0.01"	"100000"	"10000"	"200"	"7390632472544773237"	80000	"intercept"	0.79033718
"0.75"	"0.4"	"0.75"	"0.01"	"0.005"	"0.01"	"100000"	"10000"	"200"	"7390632472544773237"	85000	"slope"	0.00520803335
"0.75"	"0.4"	"0.75"	"0.01"	"0.005"	"0.01"	"100000"	"10000"	"200"	"7390632472544773237"	85000	"intercept"	0.79499624
"0.75"	"0.4"	"0.75"	"0.01"	"0.005"	"0.01"	"100000"	"10000"	"200"	"7390632472544773237"	90000	"slope"	0.019995012315
"0.75"	"0.4"	"0.75"	"0.01"	"0.005"	"0.01"	"100000"	"10000"	"200"	"7390632472544773237"	90000	"intercept"	0.78758928
"0.75"	"0.4"	"0.75"	"0.01"	"0.005"	"0.01"	"100000"	"10000"	"200"	"7390632472544773237"	95000	"slope"	0.00549888516
"0.75"	"0.4"	"0.75"	"0.01"	"0.005"	"0.01"	"100000"	"10000"	"200"	"7390632472544773237"	95000	"intercept"	0.79746075
"0.75"	"0.4"	"0.75"	"0.01"	"0.005"	"0.01"	"100000"	"10000"	"200"	"7390632472544773237"	100000	"slope"	-0.03162221035
"0.75"	"0.4"	"0.75"	"0.01"	"0.005"	"0.01"	"100000"	"10000"	"200"	"7390632472544773237"	100000	"intercept"	0.814975285
"0.75"	"0.6"	"0.75"	"0.01"	"0.005"	"0.01"	"100000"	"10000"	"200"	"1724857916897302545"	10	"slope"	-7.4815205e-05
"0.75"	"0.6"	"0.75"	"0.01"	"0.005"	"0.01"	"100000"	"10000"	"200"	"1724857916897302545"	10	"intercept"	0.49990198
"0.75"	"0.6"	"0.75"	"0.01"	"0.005"	"0.01"	"100000"	"10000"	"200"	"1724857916897302545"	5000	"slope"	0.04355297125
"0.75"	"0.6"	"0.75"	"0.01"	"0.005"	"0.01"	"100000"	"10000"	"200"	"1724857916897302545"	5000	"intercept"	0.69798711
"0.75"	"0.6"	"0.75"	"0.01"	"0.005"	"0.01"	"100000"	"10000"	"200"	"1724857916897302545"	10000	"slope"	-0.01860157595
"0.75"	"0.6"	"0.75"	"0.01"	"0.005"	"0.01"	"100000"	"10000"	"200"	"1724857916897302545"	10000	"intercept"	0.69577509
"0.75"	"0.6"	"0.75"	"0.01"	"0.005"	"0.01"	"100000"	"10000"	"200"	"1724857916897302545"	15000	"slope"	-0.1111478598
"0.75"	"0.6"	"0.75"	"0.01"	"0.005"	"0.01"	"100000"	"10000"	"200"	"1724857916897302545"	15000	"intercept"	0.63602424
"0.75"	"0.6"	"0.75"	"0.01"	"0.005"	"0.01"	"100000"	"10000"	"200"	"1724857916897302545"	20000	"slope"	-0.13566218257
"0.75"	"0.6"	"0.75"	"0.01"	"0.005"	"0.01"	"100000"	"10000"	"200"	"1724857916897302545"	20000	"intercept"	0.6501067335
"0.75"	"0.6"	"0.75"	"0.01"	"0.005"	"0.01"	"100000"	"10000"	"200"	"1724857916897302545"	25000	"slope"	-0.120459850385
"0.75"	"0.6"	"0.75"	"0.01"	"0.005"	"0.01"	"100000"	"10000"	"200"	"1724857916897302545"	25000	"intercept"	0.637881305
"0.75"	"0.6"	"0.75"	"0.01"	"0.005"	"0.01"	"100000"	"10000"	"200"	"1724857916897302545"	30000	"slope"	-0.131251567568
"0.75"	"0.6"	"0.75"	"0.01"	"0.005"	"0.01"	"100000"	"10000"	"200"	"1724857916897302545"	30000	"intercept"	0.64542957
"0.75"	"0.6"	"0.75"	"0.01"	"0.005"	"0.01"	"100000"	"10000"	"200"	"1724857916897302545"	35000	"slope"	-0.1411770795
"0.75"	"0.6"	"0.75"	"0.01"	"0.005"	"0.01"	"100000"	"10000"	"200"	"1724857916897302545"	35000	"intercept"	0.55925353
"0.75"	"0.6"	"0.75"	"0.01"	"0.005"	"0.01"	"100000"	"10000"	"200"	"1724857916897302545"	40000	"slope"	-0.085324676
"0.75"	"0.6"	"0.75"	"0.01"	"0.005"	"0.01"	"100000"	"10000"	"200"	"1724857916897302545"	40000	"intercept"	0.587700745
"0.75"	"0.6"	"0.75"	"0.01"	"0.005"	"0.01"	"100000"	"10000"	"200"	"1724857916897302545"	45000	"slope"	-0.122663139565
"0.75"	"0.6"	"0.75"	"0.01"	"0.005"	"0.01"	"100000"	"10000"	"200"	"1724857916897302545"	45000	"intercept"	0.611209685
"0.75"	"0.6"	"0.75"	"0.01"	"0.005"	"0.01"	"100000"	"10000"	"200"	"1724857916897302545"	50000	"slope"	-0.144228649
"0.75"	"0.6"	"0.75"	"0.01"	"0.005"	"0.01"	"100000"	"10000"	"200"	"1724857916897302545"	50000	"intercept"	0.565440525
"0.75"	"0.6"	"0.75"	"0.01"	"0.005"	"0.01"	"100000"	"10000"	"200"	"1724857916897302545"	55000	"slope"	-0.163686964516
"0.75"	"0.6"	"0.75"	"0.01"	"0.005"	"0.01"	"100000"	"10000"	"200"	"1724857916897302545"	55000	"intercept"	0.573187985
"0.75"	"0.6"	"0.75"	"0.01"	"0.005"	"0.01"	"100000"	"10000"	"200"	"1724857916897302545"	60000	"slope"	-0.133134062265
"0.75"	"0.6"	"0.75"	"0.01"	"0.005"	"0.01"	"100000"	"10000"	"200"	"1724857916897302545"	60000	"intercept"	0.566913357
"0.75"	"0.6"	"0.75"	"0.01"	"0.005"	"0.01"	"100000"	"10000"	"200"	"1724857916897302545"	65000	"slope"	-0.13446713415
"0.75"	"0.6"	"0.75"	"0.01"	"0.005"	"0.01"	"100000"	"10000"	"200"	"1724857916897302545"	65000	"intercept"	0.5479098285
"0.75"	"0.6"	"0.75"	"0.01"	"0.005"	"0.01"	"100000"	"10000"	"200"	"1724857916897302545"	70000	"slope"	-0.16222601044
"0.75"	"0.6"	"0.75"	"0.01"	"0.005"	"0.01"	"100000"	"10000"	"200"	"1724857916897302545"	70000	"intercept"	0.5660059531
"0.75"	"0.6"	"0.75"	"0.01"	"0.005"	"0.01"	"100000"	"10000"	"200"	"1724857916897302545"	75000	"slope"	-0.128814884905
"0.75"	"0.6"	"0.75"	"0.01"	"0.005"	"0.01"	"100000"	"10000"	"200"	"1724857916897302545"	75000	"intercept"	0.5336342615
"0.75"	"0.6"	"0.75"	"0.01"	"0.005"	"0.01"	"100000"	"10000"	"200"	"1724857916897302545"	80000	"slope"	-0.0769045283
"0.75"	"0.6"	"0.75"	"0.01"	"0.005"	"0.01"	"100000"	"10000"	"200"	"1724857916897302545"	80000	"intercept"	0.609024863
"0.75"	"0.6"	"0.75"	"0.01"	"0.005"	"0.01"	"100000"	"10000"	"200"	"1724857916897302545"	85000	"slope"	-0.077116911795
"0.75"	"0.6"	"0.75"	"0.01"	"0.005"	"0.01"	"100000"	"10000"	"200"	"1724857916897302545"	85000	"intercept"	0.60823716165
"0.75"	"0.6"	"0.75"	"0.01"	"0.005"	"0.01"	"100000"	"10000"	"200"	"1724857916897302545"	90000	"slope"	-0.08863784528
"0.75"	"0.6"	"0.75"	"0.01"	"0.005"	"0.01"	"100000"	"10000"	"200"	"1724857916897302545"	90000	"intercept"	0.634179867
"0.75"	"0.6"	"0.75"	"0.01"	"0.005"	"0.01"	"100000"	"10000"	"200"	"1724857916897302545"	95000	"slope"	-0.108864237695
"0.75"	"0.6"	"0.75"	"0.01"	"0.005"	"0.01"	"100000"	"10000"	"200"	"1724857916897302545"	95000	"intercept"	0.58136084445
"0.75"	"0.6"	"0.75"	"0.01"	"0.005"	"0.01"	"100000"	"10000"	"200"	"1724857916897302545"	100000	"slope"	-0.1063309271573
"0.75"	"0.6"	"0.75"	"0.01"	"0.005"	"0.01"	"100000"	"10000"	"200"	"1724857916897302545"	100000	"intercept"	0.58753644025
"0.75"	"0.6"	"0.75"	"0.01"	"0.005"	"0.01"	"100000"	"10000"	"200"	"6930644185109650353"	10	"slope"	-0.00018595122
"0.75"	"0.6"	"0.75"	"0.01"	"0.005"	"0.01"	"100000"	"10000"	"200"	"6930644185109650353"	10	"intercept"	0.500002655
"0.75"	"0.6"	"0.75"	"0.01"	"0.005"	"0.01"	"100000"	"10000"	"200"	"6930644185109650353"	5000	"slope"	0.05687556001
"0.75"	"0.6"	"0.75"	"0.01"	"0.005"	"0.01"	"100000"	"10000"	"200"	"6930644185109650353"	5000	"intercept"	0.741572735
"0.75"	"0.6"	"0.75"	"0.01"	"0.005"	"0.01"	"100000"	"10000"	"200"	"6930644185109650353"	10000	"slope"	-0.04514149025
"0.75"	"0.6"	"0.75"	"0.01"	"0.005"	"0.01"	"100000"	"10000"	"200"	"6930644185109650353"	10000	"intercept"	0.731048085
"0.75"	"0.6"	"0.75"	"0.01"	"0.005"	"0.01"	"100000"	"10000"	"200"	"6930644185109650353"	15000	"slope"	-0.0945132792385
"0.75"	"0.6"	"0.75"	"0.01"	"0.005"	"0.01"	"100000"	"10000"	"200"	"6930644185109650353"	15000	"intercept"	0.738129685
"0.75"	"0.6"	"0.75"	"0.01"	"0.005"	"0.01"	"100000"	"10000"	"200"	"6930644185109650353"	20000	"slope"	-0.1723583299945
"0.75"	"0.6"	"0.75"	"0.01"	"0.005"	"0.01"	"100000"	"10000"	"200"	"6930644185109650353"	20000	"intercept"	0.734855175
"0.75"	"0.6"	"0.75"	"0.01"	"0.005"	"0.01"	"100000"	"10000"	"200"	"6930644185109650353"	25000	"slope"	-0.228339213685
"0.75"	"0.6"	"0.75"	"0.01"	"0.005"	"0.01"	"100000"	"10000"	"200"	"6930644185109650353"	25000	"intercept"	0.741214341
"0.75"	"0.6"	"0.75"	"0.01"	"0.005"	"0.01"	"100000"	"10000"	"200"	"6930644185109650353"	30000	"slope"	-0.256863606455
"0.75"	"0.6"	"0.75"	"0.01"	"0.005"	"0.01"	"100000"	"10000"	"200"	"6930644185109650353"	30000	"intercept"	0.71045731703
"0.75"	"0.6"	"0.75"	"0.01"	"0.005"	"0.01"	"100000"	"10000"	"200"	"6930644185109650353"	35000	"slope"	-0.2611411493
"0.75"	"0.6"	"0.75"	"0.01"	"0.005"	"0.01"	"100000"	"10000"	"200"	"6930644185109650353"	35000	"intercept"	0.758737395
"0.75"	"0.6"	"0.75"	"0.01"	"0.005"	"0.01"	"100000"	"10000"	"200"	"6930644185109650353"	40000	"slope"	-0.2535668439
"0.75"	"0.6"	"0.75"	"0.01"	"0.005"	"0.01"	"100000"	"10000"	"200"	"6930644185109650353"	40000	"intercept"	0.71008544
"0.75"	"0.6"	"0.75"	"0.01"	"0.005"	"0.01"	"100000"	"10000"	"200"	"6930644185109650353"	45000	"slope"	-0.28083223028
"0.75"	"0.6"	"0.75"	"0.01"	"0.005"	"0.01"	"100000"	"10000"	"200"	"6930644185109650353"	45000	"intercept"	0.681917755
"0.75"	"0.6"	"0.75"	"0.01"	"0.005"	"0.01"	"100000"	"10000"	"200"	"6930644185109650353"	50000	"slope"	-0.238552055195
"0.75"	"0.6"	"0.75"	"0.01"	"0.005"	"0.01"	"100000"	"10000"	"200"	"6930644185109650353"	50000	"intercept"	0.651540955
"0.75"	"0.6"	"0.75"	"0.01"	"0.005"	"0.01"	"100000"	"10000"	"200"	"6930644185109650353"	55000	"slope"	-0.2315136087117
"0.75"	"0.6"	"0.75"	"0.01"	"0.005"	"0.01"	"100000"	"10000"	"200"	"6930644185109650353"	55000	"intercept"	0.67239052
"0.75"	"0.6"	"0.75"	"0.01"	"0.005"	"0.01"	"100000"	"10000"	"200"	"6930644185109650353"	60000	"slope"	-0.195821379511
"0.75"	"0.6"	"0.75"	"0.01"	"0.005"	"0.01"	"100000"	"10000"	"200"	"6930644185109650353"	60000	"intercept"	0.67745173
"0.75"	"0.6"	"0.75"	"0.01"	"0.005"	"0.01"	"100000"	"10000"	"200"	"6930644185109650353"	65000	"slope"	-0.177617927995
"0.75"	"0.6"	"0.75"	"0.01"	"0.005"	"0.01"	"100000"	"10000"	"200"	"6930644185109650353"	65000	"intercept"	0.63770076
"0.75"	"0.6"	"0.75"	"0.01"	"0.005"	"0.01"	"100000"	"10000"	"200"	"6930644185109650353"	70000	"slope"	-0.14194544797
"0.75"	"0.6"	"0.75"	"0.01"	"0.005"	"0.01"	"100000"	"10000"	"200"	"6930644185109650353"	70000	"intercept"	0.608261185
"0.75"	"0.6"	"0.75"	"0.01"	"0.005"	"0.01"	"100000"	"10000"	"200"	"6930644185109650353"	75000	"slope"	-0.106907286
"0.75"	"0.6"	"0.75"	"0.01"	"0.005"	"0.01"	"100000"	"10000"	"200"	"6930644185109650353"	75000	"intercept"	0.568792235
"0.75"	"0.6"	"0.75"	"0.01"	"0.005"	"0.01"	"100000"	"10000"	"200"	"6930644185109650353"	80000	"slope"	-0.098144619825
"0.75"	"0.6"	"0.75"	"0.01"	"0.005"	"0.01"	"100000"	"10000"	"200"	"6930644185109650353"	80000	"intercept"	0.67213667
"0.75"	"0.6"	"0.75"	"0.01"	"0.005"	"0.01"	"100000"	"10000"	"200"	"6930644185109650353"	85000	"slope"	-0.150773776765
"0.75"	"0.6"	"0.75"	"0.01"	"0.005"	"0.01"	"100000"	"10000"	"200"	"6930644185109650353"	85000	"intercept"	0.5511482525
"0.75"	"0.6"	"0.75"	"0.01"	"0.005"	"0.01"	"100000"	"10000"	"200"	"6930644185109650353"	90000	"slope"	-0.0999094287
"0.75"	"0.6"	"0.75"	"0.01"	"0.005"	"0.01"	"100000"	"10000"	"200"	"6930644185109650353"	90000	"intercept"	0.6093692395
"0.75"	"0.6"	"0.75"	"0.01"	"0.005"	"0.01"	"100000"	"10000"	"200"	"6930644185109650353"	95000	"slope"	-0.112873708845
"0.75"	"0.6"	"0.75"	"0.01"	"0.005"	"0.01"	"100000"	"10000"	"200"	"6930644185109650353"	95000	"intercept"	0.462714290485
"0.75"	"0.6"	"0.75"	"0.01"	"0.005"	"0.01"	"100000"	"10000"	"200"	"6930644185109650353"	100000	"slope"	-0.0680426429
"0.75"	"0.6"	"0.75"	"0.01"	"0.005"	"0.01"	"100000"	"10000"	"200"	"6930644185109650353"	100000	"intercept"	0.570841694195
"0.75"	"0.6"	"0.75"	"0.01"	"0.005"	"0.01"	"100000"	"10000"	"200"	"7884232155558920278"	10	"slope"	-8.470315e-05
"0.75"	"0.6"	"0.75"	"0.01"	"0.005"	"0.01"	"100000"	"10000"	"200"	"7884232155558920278"	10	"intercept"	0.500197995
"0.75"	"0.6"	"0.75"	"0.01"	"0.005"	"0.01"	"100000"	"10000"	"200"	"7884232155558920278"	5000	"slope"	0.1564107675
"0.75"	"0.6"	"0.75"	"0.01"	"0.005"	"0.01"	"100000"	"10000"	"200"	"7884232155558920278"	5000	"intercept"	0.63426805
"0.75"	"0.6"	"0.75"	"0.01"	"0.005"	"0.01"	"100000"	"10000"	"200"	"7884232155558920278"	10000	"slope"	0.0740470365
"0.75"	"0.6"	"0.75"	"0.01"	"0.005"	"0.01"	"100000"	"10000"	"200"	"7884232155558920278"	10000	"intercept"	0.62483691
"0.75"	"0.6"	"0.75"	"0.01"	"0.005"	"0.01"	"100000"	"10000"	"200"	"7884232155558920278"	15000	"slope"	0.04803657336
"0.75"	"0.6"	"0.75"	"0.01"	"0.005"	"0.01"	"100000"	"10000"	"200"	"7884232155558920278"	15000	"intercept"	0.580884214795
"0.75"	"0.6"	"0.75"	"0.01"	"0.005"	"0.01"	"100000"	"10000"	"200"	"7884232155558920278"	20000	"slope"	-0.0278023052
"0.75"	"0.6"	"0.75"	"0.01"	"0.005"	"0.01"	"100000"	"10000"	"200"	"7884232155558920278"	20000	"intercept"	0.63355355
"0.75"	"0.6"	"0.75"	"0.01"	"0.005"	"0.01"	"100000"	"10000"	"200"	"7884232155558920278"	25000	"slope"	-0.061291003605
"0.75"	"0.6"	"0.75"	"0.01"	"0.005"	"0.01"	"100000"	"10000"	"200"	"7884232155558920278"	25000	"intercept"	0.591921515
"0.75"	"0.6"	"0.75"	"0.01"	"0.005"	"0.01"	"100000"	"10000"	"200"	"7884232155558920278"	30000	"slope"	-0.05465369538
"0.75"	"0.6"	"0.75"	"0.01"	"0.005"	"0.01"	"100000"	"10000"	"200"	"7884232155558920278"	30000	"intercept"	0.62730836
"0.75"	"0.6"	"0.75"	"0.01"	"0.005"	"0.01"	"100000"	"10000"	"200"	"7884232155558920278"	35000	"slope"	-0.069590570975
"0.75"	"0.6"	"0.75"	"0.01"	"0.005"	"0.01"	"100000"	"10000"	"200"	"7884232155558920278"	35000	"intercept"	0.61936888
"0.75"	"0.6"	"0.75"	"0.01"	"0.005"	"0.01"	"100000"	"10000"	"200"	"7884232155558920278"	40000	"slope"	-0.081928779
"0.75"	"0.6"	"0.75"	"0.01"	"0.005"	"0.01"	"100000"	"10000"	"200"	"7884232155558920278"	40000	"intercept"	0.5399962965
"0.75"	"0.6"	"0.75"	"0.01"	"0.005"	"0.01"	"100000"	"10000"	"200"	"7884232155558920278"	45000	"slope"	-0.06078334146
"0.75"	"0.6"	"0.75"	"0.01"	"0.005"	"0.01"	"100000"	"10000"	"200"	"7884232155558920278"	45000	"intercept"	0.5526754065
"0.75"	"0.6"	"0.75"	"0.01"	"0.005"	"0.01"	"100000"	"10000"	"200"	"7884232155558920278"	50000	"slope"	-0.000315292050000001
"0.75"	"0.6"	"0.75"	"0.01"	"0.005"	"0.01"	"100000"	"10000"	"200"	"7884232155558920278"	50000	"intercept"	0.49063435065
"0.75"	"0.6"	"0.75"	"0.01"	"0.005"	"0.01"	"100000"	"10000"	"200"	"7884232155558920278"	55000	"slope"	-0.04494382595
"0.75"	"0.6"	"0.75"	"0.01"	"0.005"	"0.01"	"100000"	"10000"	"200"	"7884232155558920278"	55000	"intercept"	0.5359790491
"0.75"	"0.6"	"0.75"	"0.01"	"0.005"	"0.01"	"100000"	"10000"	"200"	"7884232155558920278"	60000	"slope"	-0.0413823115
"0.75"	"0.6"	"0.75"	"0.01"	"0.005"	"0.01"	"100000"	"10000"	"200"	"7884232155558920278"	60000	"intercept"	0.57375079575
"0.75"	"0.6"	"0.75"	"0.01"	"0.005"	"0.01"	"100000"	"10000"	"200"	"7884232155558920278"	65000	"slope"	-0.02167623195
"0.75"	"0.6"	"0.75"	"0.01"	"0.005"	"0.01"	"100000"	"10000"	"200"	"7884232155558920278"	65000	"intercept"	0.54287800358
"0.75"	"0.6"	"0.75"	"0.01"	"0.005"	"0.01"	"100000"	"10000"	"200"	"7884232155558920278"	70000	"slope"	-0.05209163935
"0.75"	"0.6"	"0.75"	"0.01"	"0.005"	"0.01"	"100000"	"10000"	"200"	"7884232155558920278"	70000	"intercept"	0.62116474985
"0.75"	"0.6"	"0.75"	"0.01"	"0.005"	"0.01"	"100000"	"10000"	"200"	"7884232155558920278"	75000	"slope"	-0.008054959
"0.75"	"0.6"	"0.75"	"0.01"	"0.005"	"0.01"	"100000"	"10000"	"200"	"7884232155558920278"	75000	"intercept"	0.62980313695
"0.75"	"0.6"	"0.75"	"0.01"	"0.005"	"0.01"	"100000"	"10000"	"200"	"7884232155558920278"	80000	"slope"	-0.0119582675
"0.75"	"0.6"	"0.75"	"0.01"	"0.005"	"0.01"	"100000"	"10000"	"200"	"7884232155558920278"	80000	"intercept"	0.43659908694
"0.75"	"0.6"	"0.75"	"0.01"	"0.005"	"0.01"	"100000"	"10000"	"200"	"7884232155558920278"	85000	"slope"	-0.012729192
"0.75"	"0.6"	"0.75"	"0.01"	"0.005"	"0.01"	"100000"	"10000"	"200"	"7884232155558920278"	85000	"intercept"	0.507837897135
"0.75"	"0.6"	"0.75"	"0.01"	"0.005"	"0.01"	"100000"	"10000"	"200"	"7884232155558920278"	90000	"slope"	-0.00535591661
"0.75"	"0.6"	"0.75"	"0.01"	"0.005"	"0.01"	"100000"	"10000"	"200"	"7884232155558920278"	90000	"intercept"	0.575258768215
"0.75"	"0.6"	"0.75"	"0.01"	"0.005"	"0.01"	"100000"	"10000"	"200"	"7884232155558920278"	95000	"slope"	-0.009609891
"0.75"	"0.6"	"0.75"	"0.01"	"0.005"	"0.01"	"100000"	"10000"	"200"	"7884232155558920278"	95000	"intercept"	0.51870875025
"0.75"	"0.6"	"0.75"	"0.01"	"0.005"	"0.01"	"100000"	"10000"	"200"	"7884232155558920278"	100000	"slope"	0.016722141
"0.75"	"0.6"	"0.75"	"0.01"	"0.005"	"0.01"	"100000"	"10000"	"200"	"7884232155558920278"	100000	"intercept"	0.53755803532
"0.75"	"0.8"	"0.75"	"0.01"	"0.005"	"0.01"	"100000"	"10000"	"200"	"2809431491390120899"	10	"slope"	0.00022330665
"0.75"	"0.8"	"0.75"	"0.01"	"0.005"	"0.01"	"100000"	"10000"	"200"	"2809431491390120899"	10	"intercept"	0.50008035
"0.75"	"0.8"	"0.75"	"0.01"	"0.005"	"0.01"	"100000"	"10000"	"200"	"2809431491390120899"	5000	"slope"	0.044909509605
"0.75"	"0.8"	"0.75"	"0.01"	"0.005"	"0.01"	"100000"	"10000"	"200"	"2809431491390120899"	5000	"intercept"	0.6516579
"0.75"	"0.8"	"0.75"	"0.01"	"0.005"	"0.01"	"100000"	"10000"	"200"	"2809431491390120899"	10000	"slope"	-0.126646092
"0.75"	"0.8"	"0.75"	"0.01"	"0.005"	"0.01"	"100000"	"10000"	"200"	"2809431491390120899"	10000	"intercept"	0.6370220835
"0.75"	"0.8"	"0.75"	"0.01"	"0.005"	"0.01"	"100000"	"10000"	"200"	"2809431491390120899"	15000	"slope"	-0.166938936705
"0.75"	"0.8"	"0.75"	"0.01"	"0.005"	"0.01"	"100000"	"10000"	"200"	"2809431491390120899"	15000	"intercept"	0.596084235
"0.75"	"0.8"	"0.75"	"0.01"	"0.005"	"0.01"	"100000"	"10000"	"200"	"2809431491390120899"	20000	"slope"	-0.14795960517
"0.75"	"0.8"	"0.75"	"0.01"	"0.005"	"0.01"	"100000"	"10000"	"200"	"2809431491390120899"	20000	"intercept"	0.57337431
"0.75"	"0.8"	"0.75"	"0.01"	"0.005"	"0.01"	"100000"	"10000"	"200"	"2809431491390120899"	25000	"slope"	-0.0893722074
"0.75"	"0.8"	"0.75"	"0.01"	"0.005"	"0.01"	"100000"	"10000"	"200"	"2809431491390120899"	25000	"intercept"	0.600517341
"0.75"	"0.8"	"0.75"	"0.01"	"0.005"	"0.01"	"100000"	"10000"	"200"	"2809431491390120899"	30000	"slope"	-0.0990467515
"0.75"	"0.8"	"0.75"	"0.01"	"0.005"	"0.01"	"100000"	"10000"	"200"	"2809431491390120899"	30000	"intercept"	0.5796975202
"0.75"	"0.8"	"0.75"	"0.01"	"0.005"	"0.01"	"100000"	"10000"	"200"	"2809431491390120899"	35000	"slope"	-0.0901473665
"0.75"	"0.8"	"0.75"	"0.01"	"0.005"	"0.01"	"100000"	"10000"	"200"	"2809431491390120899"	35000	"intercept"	0.55880504765
"0.75"	"0.8"	"0.75"	"0.01"	"0.005"	"0.01"	"100000"	"10000"	"200"	"2809431491390120899"	40000	"slope"	-0.030926468
"0.75"	"0.8"	"0.75"	"0.01"	"0.005"	"0.01"	"100000"	"10000"	"200"	"2809431491390120899"	40000	"intercept"	0.5469426136
"0.75"	"0.8"	"0.75"	"0.01"	"0.005"	"0.01"	"100000"	"10000"	"200"	"2809431491390120899"	45000	"slope"	0.0305801145
"0.75"	"0.8"	"0.75"	"0.01"	"0.005"	"0.01"	"100000"	"10000"	"200"	"2809431491390120899"	45000	"intercept"	0.613346206445
"0.75"	"0.8"	"0.75"	"0.01"	"0.005"	"0.01"	"100000"	"10000"	"200"	"2809431491390120899"	50000	"slope"	-0.0368877345
"0.75"	"0.8"	"0.75"	"0.01"	"0.005"	"0.01"	"100000"	"10000"	"200"	"2809431491390120899"	50000	"intercept"	0.48555693568
"0.75"	"0.8"	"0.75"	"0.01"	"0.005"	"0.01"	"100000"	"10000"	"200"	"2809431491390120899"	55000	"slope"	-0.020752155
"0.75"	"0.8"	"0.75"	"0.01"	"0.005"	"0.01"	"100000"	"10000"	"200"	"2809431491390120899"	55000	"intercept"	0.4882970092895
"0.75"	"0.8"	"0.75"	"0.01"	"0.005"	"0.01"	"100000"	"10000"	"200"	"2809431491390120899"	60000	"slope"	0.0250275805
"0.75"	"0.8"	"0.75"	"0.01"	"0.005"	"0.01"	"100000"	"10000"	"200"	"2809431491390120899"	60000	"intercept"	0.487493057475
"0.75"	"0.8"	"0.75"	"0.01"	"0.005"	"0.01"	"100000"	"10000"	"200"	"2809431491390120899"	65000	"slope"	0.0250006685
"0.75"	"0.8"	"0.75"	"0.01"	"0.005"	"0.01"	"100000"	"10000"	"200"	"2809431491390120899"	65000	"intercept"	0.4524466468
"0.75"	"0.8"	"0.75"	"0.01"	"0.005"	"0.01"	"100000"	"10000"	"200"	"2809431491390120899"	70000	"slope"	-0.0465035805
"0.75"	"0.8"	"0.75"	"0.01"	"0.005"	"0.01"	"100000"	"10000"	"200"	"2809431491390120899"	70000	"intercept"	0.5549398453
"0.75"	"0.8"	"0.75"	"0.01"	"0.005"	"0.01"	"100000"	"10000"	"200"	"2809431491390120899"	75000	"slope"	-0.0419445205
"0.75"	"0.8"	"0.75"	"0.01"	"0.005"	"0.01"	"100000"	"10000"	"200"	"2809431491390120899"	75000	"intercept"	0.44723032
"0.75"	"0.8"	"0.75"	"0.01"	"0.005"	"0.01"	"100000"	"10000"	"200"	"2809431491390120899"	80000	"slope"	0.0166608555
"0.75"	"0.8"	"0.75"	"0.01"	"0.005"	"0.01"	"100000"	"10000"	"200"	"2809431491390120899"	80000	"intercept"	0.5388030955
"0.75"	"0.8"	"0.75"	"0.01"	"0.005"	"0.01"	"100000"	"10000"	"200"	"2809431491390120899"	85000	"slope"	-0.0200530438
"0.75"	"0.8"	"0.75"	"0.01"	"0.005"	"0.01"	"100000"	"10000"	"200"	"2809431491390120899"	85000	"intercept"	0.4740139785
"0.75"	"0.8"	"0.75"	"0.01"	"0.005"	"0.01"	"100000"	"10000"	"200"	"2809431491390120899"	90000	"slope"	-0.0369500095
"0.75"	"0.8"	"0.75"	"0.01"	"0.005"	"0.01"	"100000"	"10000"	"200"	"2809431491390120899"	90000	"intercept"	0.5265383033
"0.75"	"0.8"	"0.75"	"0.01"	"0.005"	"0.01"	"100000"	"10000"	"200"	"2809431491390120899"	95000	"slope"	0.022218603
"0.75"	"0.8"	"0.75"	"0.01"	"0.005"	"0.01"	"100000"	"10000"	"200"	"2809431491390120899"	95000	"intercept"	0.648920175835
"0.75"	"0.8"	"0.75"	"0.01"	"0.005"	"0.01"	"100000"	"10000"	"200"	"2809431491390120899"	100000	"slope"	-0.046986146
"0.75"	"0.8"	"0.75"	"0.01"	"0.005"	"0.01"	"100000"	"10000"	"200"	"2809431491390120899"	100000	"intercept"	0.407079426
"0.75"	"0.8"	"0.75"	"0.01"	"0.005"	"0.01"	"100000"	"10000"	"200"	"4267976411889167843"	10	"slope"	0.000125192925
"0.75"	"0.8"	"0.75"	"0.01"	"0.005"	"0.01"	"100000"	"10000"	"200"	"4267976411889167843"	10	"intercept"	0.49994867
"0.75"	"0.8"	"0.75"	"0.01"	"0.005"	"0.01"	"100000"	"10000"	"200"	"4267976411889167843"	5000	"slope"	-0.0370263785
"0.75"	"0.8"	"0.75"	"0.01"	"0.005"	"0.01"	"100000"	"10000"	"200"	"4267976411889167843"	5000	"intercept"	0.72504285
"0.75"	"0.8"	"0.75"	"0.01"	"0.005"	"0.01"	"100000"	"10000"	"200"	"4267976411889167843"	10000	"slope"	-0.11347849362
"0.75"	"0.8"	"0.75"	"0.01"	"0.005"	"0.01"	"100000"	"10000"	"200"	"4267976411889167843"	10000	"intercept"	0.66438256
"0.75"	"0.8"	"0.75"	"0.01"	"0.005"	"0.01"	"100000"	"10000"	"200"	"4267976411889167843"	15000	"slope"	-0.1179919801
"0.75"	"0.8"	"0.75"	"0.01"	"0.005"	"0.01"	"100000"	"10000"	"200"	"4267976411889167843"	15000	"intercept"	0.61110617
"0.75"	"0.8"	"0.75"	"0.01"	"0.005"	"0.01"	"100000"	"10000"	"200"	"4267976411889167843"	20000	"slope"	-0.1079445494
"0.75"	"0.8"	"0.75"	"0.01"	"0.005"	"0.01"	"100000"	"10000"	"200"	"4267976411889167843"	20000	"intercept"	0.580603065
"0.75"	"0.8"	"0.75"	"0.01"	"0.005"	"0.01"	"100000"	"10000"	"200"	"4267976411889167843"	25000	"slope"	-0.0928362732
"0.75"	"0.8"	"0.75"	"0.01"	"0.005"	"0.01"	"100000"	"10000"	"200"	"4267976411889167843"	25000	"intercept"	0.56496581
"0.75"	"0.8"	"0.75"	"0.01"	"0.005"	"0.01"	"100000"	"10000"	"200"	"4267976411889167843"	30000	"slope"	-0.1062171846
"0.75"	"0.8"	"0.75"	"0.01"	"0.005"	"0.01"	"100000"	"10000"	"200"	"4267976411889167843"	30000	"intercept"	0.49390124
"0.75"	"0.8"	"0.75"	"0.01"	"0.005"	"0.01"	"100000"	"10000"	"200"	"4267976411889167843"	35000	"slope"	-0.063879301
"0.75"	"0.8"	"0.75"	"0.01"	"0.005"	"0.01"	"100000"	"10000"	"200"	"4267976411889167843"	35000	"intercept"	0.5576275495
"0.75"	"0.8"	"0.75"	"0.01"	"0.005"	"0.01"	"100000"	"10000"	"200"	"4267976411889167843"	40000	"slope"	-0.0716853135
"0.75"	"0.8"	"0.75"	"0.01"	"0.005"	"0.01"	"100000"	"10000"	"200"	"4267976411889167843"	40000	"intercept"	0.47583636508
"0.75"	"0.8"	"0.75"	"0.01"	"0.005"	"0.01"	"100000"	"10000"	"200"	"4267976411889167843"	45000	"slope"	-0.0117433045
"0.75"	"0.8"	"0.75"	"0.01"	"0.005"	"0.01"	"100000"	"10000"	"200"	"4267976411889167843"	45000	"intercept"	0.53916055953
"0.75"	"0.8"	"0.75"	"0.01"	"0.005"	"0.01"	"100000"	"10000"	"200"	"4267976411889167843"	50000	"slope"	-0.0021368875
"0.75"	"0.8"	"0.75"	"0.01"	"0.005"	"0.01"	"100000"	"10000"	"200"	"4267976411889167843"	50000	"intercept"	0.530386305655
"0.75"	"0.8"	"0.75"	"0.01"	"0.005"	"0.01"	"100000"	"10000"	"200"	"4267976411889167843"	55000	"slope"	-0.070947675
"0.75"	"0.8"	"0.75"	"0.01"	"0.005"	"0.01"	"100000"	"10000"	"200"	"4267976411889167843"	55000	"intercept"	0.4708216567235
"0.75"	"0.8"	"0.75"	"0.01"	"0.005"	"0.01"	"100000"	"10000"	"200"	"4267976411889167843"	60000	"slope"	-0.06354404025
"0.75"	"0.8"	"0.75"	"0.01"	"0.005"	"0.01"	"100000"	"10000"	"200"	"4267976411889167843"	60000	"intercept"	0.54933610875
"0.75"	"0.8"	"0.75"	"0.01"	"0.005"	"0.01"	"100000"	"10000"	"200"	"4267976411889167843"	65000	"slope"	-0.010066266
"0.75"	"0.8"	"0.75"	"0.01"	"0.005"	"0.01"	"100000"	"10000"	"200"	"4267976411889167843"	65000	"intercept"	0.543078931385
"0.75"	"0.8"	"0.75"	"0.01"	"0.005"	"0.01"	"100000"	"10000"	"200"	"4267976411889167843"	70000	"slope"	-0.0051995475
"0.75"	"0.8"	"0.75"	"0.01"	"0.005"	"0.01"	"100000"	"10000"	"200"	"4267976411889167843"	70000	"intercept"	0.488841232515
"0.75"	"0.8"	"0.75"	"0.01"	"0.005"	"0.01"	"100000"	"10000"	"200"	"4267976411889167843"	75000	"slope"	0.0654770415
"0.75"	"0.8"	"0.75"	"0.01"	"0.005"	"0.01"	"100000"	"10000"	"200"	"4267976411889167843"	75000	"intercept"	0.5494561042
"0.75"	"0.8"	"0.75"	"0.01"	"0.005"	"0.01"	"100000"	"10000"	"200"	"4267976411889167843"	80000	"slope"	0.024446175
"0.75"	"0.8"	"0.75"	"0.01"	"0.005"	"0.01"	"100000"	"10000"	"200"	"4267976411889167843"	80000	"intercept"	0.561613603105
"0.75"	"0.8"	"0.75"	"0.01"	"0.005"	"0.01"	"100000"	"10000"	"200"	"4267976411889167843"	85000	"slope"	-0.007267425
"0.75"	"0.8"	"0.75"	"0.01"	"0.005"	"0.01"	"100000"	"10000"	"200"	"4267976411889167843"	85000	"intercept"	0.5349136208
"0.75"	"0.8"	"0.75"	"0.01"	"0.005"	"0.01"	"100000"	"10000"	"200"	"4267976411889167843"	90000	"slope"	-0.0346424225
"0.75"	"0.8"	"0.75"	"0.01"	"0.005"	"0.01"	"100000"	"10000"	"200"	"4267976411889167843"	90000	"intercept"	0.5618158759445
"0.75"	"0.8"	"0.75"	"0.01"	"0.005"	"0.01"	"100000"	"10000"	"200"	"4267976411889167843"	95000	"slope"	0.009496145
"0.75"	"0.8"	"0.75"	"0.01"	"0.005"	"0.01"	"100000"	"10000"	"200"	"4267976411889167843"	95000	"intercept"	0.5144195
"0.75"	"0.8"	"0.75"	"0.01"	"0.005"	"0.01"	"100000"	"10000"	"200"	"4267976411889167843"	100000	"slope"	-0.02955614425
"0.75"	"0.8"	"0.75"	"0.01"	"0.005"	"0.01"	"100000"	"10000"	"200"	"4267976411889167843"	100000	"intercept"	0.51886948025
"0.75"	"0.8"	"0.75"	"0.01"	"0.005"	"0.01"	"100000"	"10000"	"200"	"5174093975632159185"	10	"slope"	1.668412e-05
"0.75"	"0.8"	"0.75"	"0.01"	"0.005"	"0.01"	"100000"	"10000"	"200"	"5174093975632159185"	10	"intercept"	0.499970165
"0.75"	"0.8"	"0.75"	"0.01"	"0.005"	"0.01"	"100000"	"10000"	"200"	"5174093975632159185"	5000	"slope"	0.0603384565
"0.75"	"0.8"	"0.75"	"0.01"	"0.005"	"0.01"	"100000"	"10000"	"200"	"5174093975632159185"	5000	"intercept"	0.71476597
"0.75"	"0.8"	"0.75"	"0.01"	"0.005"	"0.01"	"100000"	"10000"	"200"	"5174093975632159185"	10000	"slope"	-0.0646773242
"0.75"	"0.8"	"0.75"	"0.01"	"0.005"	"0.01"	"100000"	"10000"	"200"	"5174093975632159185"	10000	"intercept"	0.675765979
"0.75"	"0.8"	"0.75"	"0.01"	"0.005"	"0.01"	"100000"	"10000"	"200"	"5174093975632159185"	15000	"slope"	-0.12180931882965
"0.75"	"0.8"	"0.75"	"0.01"	"0.005"	"0.01"	"100000"	"10000"	"200"	"5174093975632159185"	15000	"intercept"	0.62534249
"0.75"	"0.8"	"0.75"	"0.01"	"0.005"	"0.01"	"100000"	"10000"	"200"	"5174093975632159185"	20000	"slope"	-0.0756579583
"0.75"	"0.8"	"0.75"	"0.01"	"0.005"	"0.01"	"100000"	"10000"	"200"	"5174093975632159185"	20000	"intercept"	0.5944980965
"0.75"	"0.8"	"0.75"	"0.01"	"0.005"	"0.01"	"100000"	"10000"	"200"	"5174093975632159185"	25000	"slope"	-0.0646721275
"0.75"	"0.8"	"0.75"	"0.01"	"0.005"	"0.01"	"100000"	"10000"	"200"	"5174093975632159185"	25000	"intercept"	0.5420619865
"0.75"	"0.8"	"0.75"	"0.01"	"0.005"	"0.01"	"100000"	"10000"	"200"	"5174093975632159185"	30000	"slope"	-0.0673740865
"0.75"	"0.8"	"0.75"	"0.01"	"0.005"	"0.01"	"100000"	"10000"	"200"	"5174093975632159185"	30000	"intercept"	0.470628008485
"0.75"	"0.8"	"0.75"	"0.01"	"0.005"	"0.01"	"100000"	"10000"	"200"	"5174093975632159185"	35000	"slope"	-0.0612984795
"0.75"	"0.8"	"0.75"	"0.01"	"0.005"	"0.01"	"100000"	"10000"	"200"	"5174093975632159185"	35000	"intercept"	0.5435285504745
"0.75"	"0.8"	"0.75"	"0.01"	"0.005"	"0.01"	"100000"	"10000"	"200"	"5174093975632159185"	40000	"slope"	-0.024027173
"0.75"	"0.8"	"0.75"	"0.01"	"0.005"	"0.01"	"100000"	"10000"	"200"	"5174093975632159185"	40000	"intercept"	0.507615713825
"0.75"	"0.8"	"0.75"	"0.01"	"0.005"	"0.01"	"100000"	"10000"	"200"	"5174093975632159185"	45000	"slope"	-0.08110606
"0.75"	"0.8"	"0.75"	"0.01"	"0.005"	"0.01"	"100000"	"10000"	"200"	"5174093975632159185"	45000	"intercept"	0.539013274
"0.75"	"0.8"	"0.75"	"0.01"	"0.005"	"0.01"	"100000"	"10000"	"200"	"5174093975632159185"	50000	"slope"	-0.1138881974
"0.75"	"0.8"	"0.75"	"0.01"	"0.005"	"0.01"	"100000"	"10000"	"200"	"5174093975632159185"	50000	"intercept"	0.53111439385
"0.75"	"0.8"	"0.75"	"0.01"	"0.005"	"0.01"	"100000"	"10000"	"200"	"5174093975632159185"	55000	"slope"	-0.10939956049
"0.75"	"0.8"	"0.75"	"0.01"	"0.005"	"0.01"	"100000"	"10000"	"200"	"5174093975632159185"	55000	"intercept"	0.55544226725
"0.75"	"0.8"	"0.75"	"0.01"	"0.005"	"0.01"	"100000"	"10000"	"200"	"5174093975632159185"	60000	"slope"	-0.084510265765
"0.75"	"0.8"	"0.75"	"0.01"	"0.005"	"0.01"	"100000"	"10000"	"200"	"5174093975632159185"	60000	"intercept"	0.667031534735
"0.75"	"0.8"	"0.75"	"0.01"	"0.005"	"0.01"	"100000"	"10000"	"200"	"5174093975632159185"	65000	"slope"	-0.16335431135
"0.75"	"0.8"	"0.75"	"0.01"	"0.005"	"0.01"	"100000"	"10000"	"200"	"5174093975632159185"	65000	"intercept"	0.52566385433
"0.75"	"0.8"	"0.75"	"0.01"	"0.005"	"0.01"	"100000"	"10000"	"200"	"5174093975632159185"	70000	"slope"	-0.0530344935
"0.75"	"0.8"	"0.75"	"0.01"	"0.005"	"0.01"	"100000"	"10000"	"200"	"5174093975632159185"	70000	"intercept"	0.5500985173055
"0.75"	"0.8"	"0.75"	"0.01"	"0.005"	"0.01"	"100000"	"10000"	"200"	"5174093975632159185"	75000	"slope"	-0.0255741311305
"0.75"	"0.8"	"0.75"	"0.01"	"0.005"	"0.01"	"100000"	"10000"	"200"	"5174093975632159185"	75000	"intercept"	0.524454172255
"0.75"	"0.8"	"0.75"	"0.01"	"0.005"	"0.01"	"100000"	"10000"	"200"	"5174093975632159185"	80000	"slope"	-0.033309954335
"0.75"	"0.8"	"0.75"	"0.01"	"0.005"	"0.01"	"100000"	"10000"	"200"	"5174093975632159185"	80000	"intercept"	0.5489903927
"0.75"	"0.8"	"0.75"	"0.01"	"0.005"	"0.01"	"100000"	"10000"	"200"	"5174093975632159185"	85000	"slope"	-0.0152569792
"0.75"	"0.8"	"0.75"	"0.01"	"0.005"	"0.01"	"100000"	"10000"	"200"	"5174093975632159185"	85000	"intercept"	0.528142354865
"0.75"	"0.8"	"0.75"	"0.01"	"0.005"	"0.01"	"100000"	"10000"	"200"	"5174093975632159185"	90000	"slope"	-0.03288555893
"0.75"	"0.8"	"0.75"	"0.01"	"0.005"	"0.01"	"100000"	"10000"	"200"	"5174093975632159185"	90000	"intercept"	0.4794800708745
"0.75"	"0.8"	"0.75"	"0.01"	"0.005"	"0.01"	"100000"	"10000"	"200"	"5174093975632159185"	95000	"slope"	-0.0373155588
"0.75"	"0.8"	"0.75"	"0.01"	"0.005"	"0.01"	"100000"	"10000"	"200"	"5174093975632159185"	95000	"intercept"	0.445626853555
"0.75"	"0.8"	"0.75"	"0.01"	"0.005"	"0.01"	"100000"	"10000"	"200"	"5174093975632159185"	100000	"slope"	-0.0044929839105
"0.75"	"0.8"	"0.75"	"0.01"	"0.005"	"0.01"	"100000"	"10000"	"200"	"5174093975632159185"	100000	"intercept"	0.5310742343
"0.85"	"0.0"	"0.75"	"0.01"	"0.005"	"0.01"	"100000"	"10000"	"200"	"1762326842919173330"	10	"slope"	-0.00022102986
"0.85"	"0.0"	"0.75"	"0.01"	"0.005"	"0.01"	"100000"	"10000"	"200"	"1762326842919173330"	10	"intercept"	0.499926165
"0.85"	"0.0"	"0.75"	"0.01"	"0.005"	"0.01"	"100000"	"10000"	"200"	"1762326842919173330"	5000	"slope"	0.114710111
"0.85"	"0.0"	"0.75"	"0.01"	"0.005"	"0.01"	"100000"	"10000"	"200"	"1762326842919173330"	5000	"intercept"	0.787540695
"0.85"	"0.0"	"0.75"	"0.01"	"0.005"	"0.01"	"100000"	"10000"	"200"	"1762326842919173330"	10000	"slope"	0.0831799035
"0.85"	"0.0"	"0.75"	"0.01"	"0.005"	"0.01"	"100000"	"10000"	"200"	"1762326842919173330"	10000	"intercept"	0.81393209
"0.85"	"0.0"	"0.75"	"0.01"	"0.005"	"0.01"	"100000"	"10000"	"200"	"1762326842919173330"	15000	"slope"	0.0761230775
"0.85"	"0.0"	"0.75"	"0.01"	"0.005"	"0.01"	"100000"	"10000"	"200"	"1762326842919173330"	15000	"intercept"	0.82595288
"0.85"	"0.0"	"0.75"	"0.01"	"0.005"	"0.01"	"100000"	"10000"	"200"	"1762326842919173330"	20000	"slope"	0.0945160245
"0.85"	"0.0"	"0.75"	"0.01"	"0.005"	"0.01"	"100000"	"10000"	"200"	"1762326842919173330"	20000	"intercept"	0.803290135
"0.85"	"0.0"	"0.75"	"0.01"	"0.005"	"0.01"	"100000"	"10000"	"200"	"1762326842919173330"	25000	"slope"	0.0978838715
"0.85"	"0.0"	"0.75"	"0.01"	"0.005"	"0.01"	"100000"	"10000"	"200"	"1762326842919173330"	25000	"intercept"	0.804310545
"0.85"	"0.0"	"0.75"	"0.01"	"0.005"	"0.01"	"100000"	"10000"	"200"	"1762326842919173330"	30000	"slope"	0.0716132455
"0.85"	"0.0"	"0.75"	"0.01"	"0.005"	"0.01"	"100000"	"10000"	"200"	"1762326842919173330"	30000	"intercept"	0.827704635
"0.85"	"0.0"	"0.75"	"0.01"	"0.005"	"0.01"	"100000"	"10000"	"200"	"1762326842919173330"	35000	"slope"	0.079845293
"0.85"	"0.0"	"0.75"	"0.01"	"0.005"	"0.01"	"100000"	"10000"	"200"	"1762326842919173330"	35000	"intercept"	0.819186545
"0.85"	"0.0"	"0.75"	"0.01"	"0.005"	"0.01"	"100000"	"10000"	"200"	"1762326842919173330"	40000	"slope"	0.0840959025
"0.85"	"0.0"	"0.75"	"0.01"	"0.005"	"0.01"	"100000"	"10000"	"200"	"1762326842919173330"	40000	"intercept"	0.817589055
"0.85"	"0.0"	"0.75"	"0.01"	"0.005"	"0.01"	"100000"	"10000"	"200"	"1762326842919173330"	45000	"slope"	0.091200396
"0.85"	"0.0"	"0.75"	"0.01"	"0.005"	"0.01"	"100000"	"10000"	"200"	"1762326842919173330"	45000	"intercept"	0.815971885
"0.85"	"0.0"	"0.75"	"0.01"	"0.005"	"0.01"	"100000"	"10000"	"200"	"1762326842919173330"	50000	"slope"	0.0917882665
"0.85"	"0.0"	"0.75"	"0.01"	"0.005"	"0.01"	"100000"	"10000"	"200"	"1762326842919173330"	50000	"intercept"	0.81255294
"0.85"	"0.0"	"0.75"	"0.01"	"0.005"	"0.01"	"100000"	"10000"	"200"	"1762326842919173330"	55000	"slope"	0.06320553245
"0.85"	"0.0"	"0.75"	"0.01"	"0.005"	"0.01"	"100000"	"10000"	"200"	"1762326842919173330"	55000	"intercept"	0.832621325
"0.85"	"0.0"	"0.75"	"0.01"	"0.005"	"0.01"	"100000"	"10000"	"200"	"1762326842919173330"	60000	"slope"	0.082769847
"0.85"	"0.0"	"0.75"	"0.01"	"0.005"	"0.01"	"100000"	"10000"	"200"	"1762326842919173330"	60000	"intercept"	0.8145974
"0.85"	"0.0"	"0.75"	"0.01"	"0.005"	"0.01"	"100000"	"10000"	"200"	"1762326842919173330"	65000	"slope"	0.072313361
"0.85"	"0.0"	"0.75"	"0.01"	"0.005"	"0.01"	"100000"	"10000"	"200"	"1762326842919173330"	65000	"intercept"	0.828322375
"0.85"	"0.0"	"0.75"	"0.01"	"0.005"	"0.01"	"100000"	"10000"	"200"	"1762326842919173330"	70000	"slope"	0.083470176055
"0.85"	"0.0"	"0.75"	"0.01"	"0.005"	"0.01"	"100000"	"10000"	"200"	"1762326842919173330"	70000	"intercept"	0.815661065
"0.85"	"0.0"	"0.75"	"0.01"	"0.005"	"0.01"	"100000"	"10000"	"200"	"1762326842919173330"	75000	"slope"	0.0728017365
"0.85"	"0.0"	"0.75"	"0.01"	"0.005"	"0.01"	"100000"	"10000"	"200"	"1762326842919173330"	75000	"intercept"	0.8263367
"0.85"	"0.0"	"0.75"	"0.01"	"0.005"	"0.01"	"100000"	"10000"	"200"	"1762326842919173330"	80000	"slope"	0.07281082045
"0.85"	"0.0"	"0.75"	"0.01"	"0.005"	"0.01"	"100000"	"10000"	"200"	"1762326842919173330"	80000	"intercept"	0.82495049
"0.85"	"0.0"	"0.75"	"0.01"	"0.005"	"0.01"	"100000"	"10000"	"200"	"1762326842919173330"	85000	"slope"	0.05608624995
"0.85"	"0.0"	"0.75"	"0.01"	"0.005"	"0.01"	"100000"	"10000"	"200"	"1762326842919173330"	85000	"intercept"	0.834457795
"0.85"	"0.0"	"0.75"	"0.01"	"0.005"	"0.01"	"100000"	"10000"	"200"	"1762326842919173330"	90000	"slope"	0.0604947438
"0.85"	"0.0"	"0.75"	"0.01"	"0.005"	"0.01"	"100000"	"10000"	"200"	"1762326842919173330"	90000	"intercept"	0.83265585
"0.85"	"0.0"	"0.75"	"0.01"	"0.005"	"0.01"	"100000"	"10000"	"200"	"1762326842919173330"	95000	"slope"	0.0785292045
"0.85"	"0.0"	"0.75"	"0.01"	"0.005"	"0.01"	"100000"	"10000"	"200"	"1762326842919173330"	95000	"intercept"	0.820836385
"0.85"	"0.0"	"0.75"	"0.01"	"0.005"	"0.01"	"100000"	"10000"	"200"	"1762326842919173330"	100000	"slope"	0.060059688659
"0.85"	"0.0"	"0.75"	"0.01"	"0.005"	"0.01"	"100000"	"10000"	"200"	"1762326842919173330"	100000	"intercept"	0.835418505
"0.85"	"0.0"	"0.75"	"0.01"	"0.005"	"0.01"	"100000"	"10000"	"200"	"4397679304575580985"	10	"slope"	0.0003151444
"0.85"	"0.0"	"0.75"	"0.01"	"0.005"	"0.01"	"100000"	"10000"	"200"	"4397679304575580985"	10	"intercept"	0.49996607
"0.85"	"0.0"	"0.75"	"0.01"	"0.005"	"0.01"	"100000"	"10000"	"200"	"4397679304575580985"	5000	"slope"	0.102318523
"0.85"	"0.0"	"0.75"	"0.01"	"0.005"	"0.01"	"100000"	"10000"	"200"	"4397679304575580985"	5000	"intercept"	0.80478484
"0.85"	"0.0"	"0.75"	"0.01"	"0.005"	"0.01"	"100000"	"10000"	"200"	"4397679304575580985"	10000	"slope"	0.084985083
"0.85"	"0.0"	"0.75"	"0.01"	"0.005"	"0.01"	"100000"	"10000"	"200"	"4397679304575580985"	10000	"intercept"	0.8192002
"0.85"	"0.0"	"0.75"	"0.01"	"0.005"	"0.01"	"100000"	"10000"	"200"	"4397679304575580985"	15000	"slope"	0.08023153615
"0.85"	"0.0"	"0.75"	"0.01"	"0.005"	"0.01"	"100000"	"10000"	"200"	"4397679304575580985"	15000	"intercept"	0.817696425
"0.85"	"0.0"	"0.75"	"0.01"	"0.005"	"0.01"	"100000"	"10000"	"200"	"4397679304575580985"	20000	"slope"	0.069847698
"0.85"	"0.0"	"0.75"	"0.01"	"0.005"	"0.01"	"100000"	"10000"	"200"	"4397679304575580985"	20000	"intercept"	0.830243935
"0.85"	"0.0"	"0.75"	"0.01"	"0.005"	"0.01"	"100000"	"10000"	"200"	"4397679304575580985"	25000	"slope"	0.09258090885
"0.85"	"0.0"	"0.75"	"0.01"	"0.005"	"0.01"	"100000"	"10000"	"200"	"4397679304575580985"	25000	"intercept"	0.81285407
"0.85"	"0.0"	"0.75"	"0.01"	"0.005"	"0.01"	"100000"	"10000"	"200"	"4397679304575580985"	30000	"slope"	0.07247141513
"0.85"	"0.0"	"0.75"	"0.01"	"0.005"	"0.01"	"100000"	"10000"	"200"	"4397679304575580985"	30000	"intercept"	0.82486042
"0.85"	"0.0"	"0.75"	"0.01"	"0.005"	"0.01"	"100000"	"10000"	"200"	"4397679304575580985"	35000	"slope"	0.07787893095
"0.85"	"0.0"	"0.75"	"0.01"	"0.005"	"0.01"	"100000"	"10000"	"200"	"4397679304575580985"	35000	"intercept"	0.82271037
"0.85"	"0.0"	"0.75"	"0.01"	"0.005"	"0.01"	"100000"	"10000"	"200"	"4397679304575580985"	40000	"slope"	0.06957381765
"0.85"	"0.0"	"0.75"	"0.01"	"0.005"	"0.01"	"100000"	"10000"	"200"	"4397679304575580985"	40000	"intercept"	0.828219385
"0.85"	"0.0"	"0.75"	"0.01"	"0.005"	"0.01"	"100000"	"10000"	"200"	"4397679304575580985"	45000	"slope"	0.0790771663
"0.85"	"0.0"	"0.75"	"0.01"	"0.005"	"0.01"	"100000"	"10000"	"200"	"4397679304575580985"	45000	"intercept"	0.82783024
"0.85"	"0.0"	"0.75"	"0.01"	"0.005"	"0.01"	"100000"	"10000"	"200"	"4397679304575580985"	50000	"slope"	0.0748072572
"0.85"	"0.0"	"0.75"	"0.01"	"0.005"	"0.01"	"100000"	"10000"	"200"	"4397679304575580985"	50000	"intercept"	0.821990615
"0.85"	"0.0"	"0.75"	"0.01"	"0.005"	"0.01"	"100000"	"10000"	"200"	"4397679304575580985"	55000	"slope"	0.0666276305
"0.85"	"0.0"	"0.75"	"0.01"	"0.005"	"0.01"	"100000"	"10000"	"200"	"4397679304575580985"	55000	"intercept"	0.827857065
"0.85"	"0.0"	"0.75"	"0.01"	"0.005"	"0.01"	"100000"	"10000"	"200"	"4397679304575580985"	60000	"slope"	0.06959926805
"0.85"	"0.0"	"0.75"	"0.01"	"0.005"	"0.01"	"100000"	"10000"	"200"	"4397679304575580985"	60000	"intercept"	0.827088045
"0.85"	"0.0"	"0.75"	"0.01"	"0.005"	"0.01"	"100000"	"10000"	"200"	"4397679304575580985"	65000	"slope"	0.07533671417
"0.85"	"0.0"	"0.75"	"0.01"	"0.005"	"0.01"	"100000"	"10000"	"200"	"4397679304575580985"	65000	"intercept"	0.827947445
"0.85"	"0.0"	"0.75"	"0.01"	"0.005"	"0.01"	"100000"	"10000"	"200"	"4397679304575580985"	70000	"slope"	0.06070785015
"0.85"	"0.0"	"0.75"	"0.01"	"0.005"	"0.01"	"100000"	"10000"	"200"	"4397679304575580985"	70000	"intercept"	0.834699705
"0.85"	"0.0"	"0.75"	"0.01"	"0.005"	"0.01"	"100000"	"10000"	"200"	"4397679304575580985"	75000	"slope"	0.0826924626
"0.85"	"0.0"	"0.75"	"0.01"	"0.005"	"0.01"	"100000"	"10000"	"200"	"4397679304575580985"	75000	"intercept"	0.81744678
"0.85"	"0.0"	"0.75"	"0.01"	"0.005"	"0.01"	"100000"	"10000"	"200"	"4397679304575580985"	80000	"slope"	0.0785371675
"0.85"	"0.0"	"0.75"	"0.01"	"0.005"	"0.01"	"100000"	"10000"	"200"	"4397679304575580985"	80000	"intercept"	0.82153766
"0.85"	"0.0"	"0.75"	"0.01"	"0.005"	"0.01"	"100000"	"10000"	"200"	"4397679304575580985"	85000	"slope"	0.07222722175
"0.85"	"0.0"	"0.75"	"0.01"	"0.005"	"0.01"	"100000"	"10000"	"200"	"4397679304575580985"	85000	"intercept"	0.82790798
"0.85"	"0.0"	"0.75"	"0.01"	"0.005"	"0.01"	"100000"	"10000"	"200"	"4397679304575580985"	90000	"slope"	0.0669840845
"0.85"	"0.0"	"0.75"	"0.01"	"0.005"	"0.01"	"100000"	"10000"	"200"	"4397679304575580985"	90000	"intercept"	0.82580099
"0.85"	"0.0"	"0.75"	"0.01"	"0.005"	"0.01"	"100000"	"10000"	"200"	"4397679304575580985"	95000	"slope"	0.085135889
"0.85"	"0.0"	"0.75"	"0.01"	"0.005"	"0.01"	"100000"	"10000"	"200"	"4397679304575580985"	95000	"intercept"	0.81523784
"0.85"	"0.0"	"0.75"	"0.01"	"0.005"	"0.01"	"100000"	"10000"	"200"	"4397679304575580985"	100000	"slope"	0.093901739
"0.85"	"0.0"	"0.75"	"0.01"	"0.005"	"0.01"	"100000"	"10000"	"200"	"4397679304575580985"	100000	"intercept"	0.807427925
"0.85"	"0.0"	"0.75"	"0.01"	"0.005"	"0.01"	"100000"	"10000"	"200"	"7827422421216355571"	10	"slope"	3.07218e-05
"0.85"	"0.0"	"0.75"	"0.01"	"0.005"	"0.01"	"100000"	"10000"	"200"	"7827422421216355571"	10	"intercept"	0.499904695
"0.85"	"0.0"	"0.75"	"0.01"	"0.005"	"0.01"	"100000"	"10000"	"200"	"7827422421216355571"	5000	"slope"	0.144701195
"0.85"	"0.0"	"0.75"	"0.01"	"0.005"	"0.01"	"100000"	"10000"	"200"	"7827422421216355571"	5000	"intercept"	0.776646735
"0.85"	"0.0"	"0.75"	"0.01"	"0.005"	"0.01"	"100000"	"10000"	"200"	"7827422421216355571"	10000	"slope"	0.1130482185
"0.85"	"0.0"	"0.75"	"0.01"	"0.005"	"0.01"	"100000"	"10000"	"200"	"7827422421216355571"	10000	"intercept"	0.7982757
"0.85"	"0.0"	"0.75"	"0.01"	"0.005"	"0.01"	"100000"	"10000"	"200"	"7827422421216355571"	15000	"slope"	0.08611439
"0.85"	"0.0"	"0.75"	"0.01"	"0.005"	"0.01"	"100000"	"10000"	"200"	"7827422421216355571"	15000	"intercept"	0.81429977
"0.85"	"0.0"	"0.75"	"0.01"	"0.005"	"0.01"	"100000"	"10000"	"200"	"7827422421216355571"	20000	"slope"	0.05742801655
"0.85"	"0.0"	"0.75"	"0.01"	"0.005"	"0.01"	"100000"	"10000"	"200"	"7827422421216355571"	20000	"intercept"	0.832349245
"0.85"	"0.0"	"0.75"	"0.01"	"0.005"	"0.01"	"100000"	"10000"	"200"	"7827422421216355571"	25000	"slope"	0.0790571705
"0.85"	"0.0"	"0.75"	"0.01"	"0.005"	"0.01"	"100000"	"10000"	"200"	"7827422421216355571"	25000	"intercept"	0.82174596
"0.85"	"0.0"	"0.75"	"0.01"	"0.005"	"0.01"	"100000"	"10000"	"200"	"7827422421216355571"	30000	"slope"	0.1120595655
"0.85"	"0.0"	"0.75"	"0.01"	"0.005"	"0.01"	"100000"	"10000"	"200"	"7827422421216355571"	30000	"intercept"	0.795110775
"0.85"	"0.0"	"0.75"	"0.01"	"0.005"	"0.01"	"100000"	"10000"	"200"	"7827422421216355571"	35000	"slope"	0.093629962
"0.85"	"0.0"	"0.75"	"0.01"	"0.005"	"0.01"	"100000"	"10000"	"200"	"7827422421216355571"	35000	"intercept"	0.812266775
"0.85"	"0.0"	"0.75"	"0.01"	"0.005"	"0.01"	"100000"	"10000"	"200"	"7827422421216355571"	40000	"slope"	0.07424488585
"0.85"	"0.0"	"0.75"	"0.01"	"0.005"	"0.01"	"100000"	"10000"	"200"	"7827422421216355571"	40000	"intercept"	0.81892686
"0.85"	"0.0"	"0.75"	"0.01"	"0.005"	"0.01"	"100000"	"10000"	"200"	"7827422421216355571"	45000	"slope"	0.0758250885
"0.85"	"0.0"	"0.75"	"0.01"	"0.005"	"0.01"	"100000"	"10000"	"200"	"7827422421216355571"	45000	"intercept"	0.82097336
"0.85"	"0.0"	"0.75"	"0.01"	"0.005"	"0.01"	"100000"	"10000"	"200"	"7827422421216355571"	50000	"slope"	0.083699317
"0.85"	"0.0"	"0.75"	"0.01"	"0.005"	"0.01"	"100000"	"10000"	"200"	"7827422421216355571"	50000	"intercept"	0.81608698
"0.85"	"0.0"	"0.75"	"0.01"	"0.005"	"0.01"	"100000"	"10000"	"200"	"7827422421216355571"	55000	"slope"	0.0828373951
"0.85"	"0.0"	"0.75"	"0.01"	"0.005"	"0.01"	"100000"	"10000"	"200"	"7827422421216355571"	55000	"intercept"	0.81398421
"0.85"	"0.0"	"0.75"	"0.01"	"0.005"	"0.01"	"100000"	"10000"	"200"	"7827422421216355571"	60000	"slope"	0.0841080725
"0.85"	"0.0"	"0.75"	"0.01"	"0.005"	"0.01"	"100000"	"10000"	"200"	"7827422421216355571"	60000	"intercept"	0.81893154
"0.85"	"0.0"	"0.75"	"0.01"	"0.005"	"0.01"	"100000"	"10000"	"200"	"7827422421216355571"	65000	"slope"	0.08645342995
"0.85"	"0.0"	"0.75"	"0.01"	"0.005"	"0.01"	"100000"	"10000"	"200"	"7827422421216355571"	65000	"intercept"	0.815975425
"0.85"	"0.0"	"0.75"	"0.01"	"0.005"	"0.01"	"100000"	"10000"	"200"	"7827422421216355571"	70000	"slope"	0.086379834
"0.85"	"0.0"	"0.75"	"0.01"	"0.005"	"0.01"	"100000"	"10000"	"200"	"7827422421216355571"	70000	"intercept"	0.81033861
"0.85"	"0.0"	"0.75"	"0.01"	"0.005"	"0.01"	"100000"	"10000"	"200"	"7827422421216355571"	75000	"slope"	0.0846868489
"0.85"	"0.0"	"0.75"	"0.01"	"0.005"	"0.01"	"100000"	"10000"	"200"	"7827422421216355571"	75000	"intercept"	0.81882984
"0.85"	"0.0"	"0.75"	"0.01"	"0.005"	"0.01"	"100000"	"10000"	"200"	"7827422421216355571"	80000	"slope"	0.1026506515
"0.85"	"0.0"	"0.75"	"0.01"	"0.005"	"0.01"	"100000"	"10000"	"200"	"7827422421216355571"	80000	"intercept"	0.80386602
"0.85"	"0.0"	"0.75"	"0.01"	"0.005"	"0.01"	"100000"	"10000"	"200"	"7827422421216355571"	85000	"slope"	0.083032352
"0.85"	"0.0"	"0.75"	"0.01"	"0.005"	"0.01"	"100000"	"10000"	"200"	"7827422421216355571"	85000	"intercept"	0.819255755
"0.85"	"0.0"	"0.75"	"0.01"	"0.005"	"0.01"	"100000"	"10000"	"200"	"7827422421216355571"	90000	"slope"	0.088014938031
"0.85"	"0.0"	"0.75"	"0.01"	"0.005"	"0.01"	"100000"	"10000"	"200"	"7827422421216355571"	90000	"intercept"	0.81088458
"0.85"	"0.0"	"0.75"	"0.01"	"0.005"	"0.01"	"100000"	"10000"	"200"	"7827422421216355571"	95000	"slope"	0.0822359125
"0.85"	"0.0"	"0.75"	"0.01"	"0.005"	"0.01"	"100000"	"10000"	"200"	"7827422421216355571"	95000	"intercept"	0.8202476
"0.85"	"0.0"	"0.75"	"0.01"	"0.005"	"0.01"	"100000"	"10000"	"200"	"7827422421216355571"	100000	"slope"	0.07669641905
"0.85"	"0.0"	"0.75"	"0.01"	"0.005"	"0.01"	"100000"	"10000"	"200"	"7827422421216355571"	100000	"intercept"	0.822927645
"0.85"	"0.4"	"0.75"	"0.01"	"0.005"	"0.01"	"100000"	"10000"	"200"	"3450298980992560049"	10	"slope"	-5.15092516e-05
"0.85"	"0.4"	"0.75"	"0.01"	"0.005"	"0.01"	"100000"	"10000"	"200"	"3450298980992560049"	10	"intercept"	0.4997855
"0.85"	"0.4"	"0.75"	"0.01"	"0.005"	"0.01"	"100000"	"10000"	"200"	"3450298980992560049"	5000	"slope"	0.1271123
"0.85"	"0.4"	"0.75"	"0.01"	"0.005"	"0.01"	"100000"	"10000"	"200"	"3450298980992560049"	5000	"intercept"	0.78251258
"0.85"	"0.4"	"0.75"	"0.01"	"0.005"	"0.01"	"100000"	"10000"	"200"	"3450298980992560049"	10000	"slope"	0.0763318635
"0.85"	"0.4"	"0.75"	"0.01"	"0.005"	"0.01"	"100000"	"10000"	"200"	"3450298980992560049"	10000	"intercept"	0.817805035
"0.85"	"0.4"	"0.75"	"0.01"	"0.005"	"0.01"	"100000"	"10000"	"200"	"3450298980992560049"	15000	"slope"	0.06092046604
"0.85"	"0.4"	"0.75"	"0.01"	"0.005"	"0.01"	"100000"	"10000"	"200"	"3450298980992560049"	15000	"intercept"	0.82528332
"0.85"	"0.4"	"0.75"	"0.01"	"0.005"	"0.01"	"100000"	"10000"	"200"	"3450298980992560049"	20000	"slope"	0.04235671935
"0.85"	"0.4"	"0.75"	"0.01"	"0.005"	"0.01"	"100000"	"10000"	"200"	"3450298980992560049"	20000	"intercept"	0.84108041
"0.85"	"0.4"	"0.75"	"0.01"	"0.005"	"0.01"	"100000"	"10000"	"200"	"3450298980992560049"	25000	"slope"	0.030928833845
"0.85"	"0.4"	"0.75"	"0.01"	"0.005"	"0.01"	"100000"	"10000"	"200"	"3450298980992560049"	25000	"intercept"	0.845632905
"0.85"	"0.4"	"0.75"	"0.01"	"0.005"	"0.01"	"100000"	"10000"	"200"	"3450298980992560049"	30000	"slope"	0.009166825995
"0.85"	"0.4"	"0.75"	"0.01"	"0.005"	"0.01"	"100000"	"10000"	"200"	"3450298980992560049"	30000	"intercept"	0.858463665
"0.85"	"0.4"	"0.75"	"0.01"	"0.005"	"0.01"	"100000"	"10000"	"200"	"3450298980992560049"	35000	"slope"	0.036567120305
"0.85"	"0.4"	"0.75"	"0.01"	"0.005"	"0.01"	"100000"	"10000"	"200"	"3450298980992560049"	35000	"intercept"	0.84434079
"0.85"	"0.4"	"0.75"	"0.01"	"0.005"	"0.01"	"100000"	"10000"	"200"	"3450298980992560049"	40000	"slope"	0.001440490855
"0.85"	"0.4"	"0.75"	"0.01"	"0.005"	"0.01"	"100000"	"10000"	"200"	"3450298980992560049"	40000	"intercept"	0.867604035
"0.85"	"0.4"	"0.75"	"0.01"	"0.005"	"0.01"	"100000"	"10000"	"200"	"3450298980992560049"	45000	"slope"	0.017674024275
"0.85"	"0.4"	"0.75"	"0.01"	"0.005"	"0.01"	"100000"	"10000"	"200"	"3450298980992560049"	45000	"intercept"	0.855422685
"0.85"	"0.4"	"0.75"	"0.01"	"0.005"	"0.01"	"100000"	"10000"	"200"	"3450298980992560049"	50000	"slope"	0.0046054349755
"0.85"	"0.4"	"0.75"	"0.01"	"0.005"	"0.01"	"100000"	"10000"	"200"	"3450298980992560049"	50000	"intercept"	0.867987175
"0.85"	"0.4"	"0.75"	"0.01"	"0.005"	"0.01"	"100000"	"10000"	"200"	"3450298980992560049"	55000	"slope"	0.022617116205
"0.85"	"0.4"	"0.75"	"0.01"	"0.005"	"0.01"	"100000"	"10000"	"200"	"3450298980992560049"	55000	"intercept"	0.85082444
"0.85"	"0.4"	"0.75"	"0.01"	"0.005"	"0.01"	"100000"	"10000"	"200"	"3450298980992560049"	60000	"slope"	0.029126213055
"0.85"	"0.4"	"0.75"	"0.01"	"0.005"	"0.01"	"100000"	"10000"	"200"	"3450298980992560049"	60000	"intercept"	0.84741075
"0.85"	"0.4"	"0.75"	"0.01"	"0.005"	"0.01"	"100000"	"10000"	"200"	"3450298980992560049"	65000	"slope"	0.03460170801
"0.85"	"0.4"	"0.75"	"0.01"	"0.005"	"0.01"	"100000"	"10000"	"200"	"3450298980992560049"	65000	"intercept"	0.84454177
"0.85"	"0.4"	"0.75"	"0.01"	"0.005"	"0.01"	"100000"	"10000"	"200"	"3450298980992560049"	70000	"slope"	0.000534945515
"0.85"	"0.4"	"0.75"	"0.01"	"0.005"	"0.01"	"100000"	"10000"	"200"	"3450298980992560049"	70000	"intercept"	0.85916165
"0.85"	"0.4"	"0.75"	"0.01"	"0.005"	"0.01"	"100000"	"10000"	"200"	"3450298980992560049"	75000	"slope"	-0.0127135107
"0.85"	"0.4"	"0.75"	"0.01"	"0.005"	"0.01"	"100000"	"10000"	"200"	"3450298980992560049"	75000	"intercept"	0.86633935
"0.85"	"0.4"	"0.75"	"0.01"	"0.005"	"0.01"	"100000"	"10000"	"200"	"3450298980992560049"	80000	"slope"	0.01961802356
"0.85"	"0.4"	"0.75"	"0.01"	"0.005"	"0.01"	"100000"	"10000"	"200"	"3450298980992560049"	80000	"intercept"	0.8559146
"0.85"	"0.4"	"0.75"	"0.01"	"0.005"	"0.01"	"100000"	"10000"	"200"	"3450298980992560049"	85000	"slope"	0.03847203142
"0.85"	"0.4"	"0.75"	"0.01"	"0.005"	"0.01"	"100000"	"10000"	"200"	"3450298980992560049"	85000	"intercept"	0.839197335
"0.85"	"0.4"	"0.75"	"0.01"	"0.005"	"0.01"	"100000"	"10000"	"200"	"3450298980992560049"	90000	"slope"	0.034271615085
"0.85"	"0.4"	"0.75"	"0.01"	"0.005"	"0.01"	"100000"	"10000"	"200"	"3450298980992560049"	90000	"intercept"	0.846558375
"0.85"	"0.4"	"0.75"	"0.01"	"0.005"	"0.01"	"100000"	"10000"	"200"	"3450298980992560049"	95000	"slope"	0.02732387035
"0.85"	"0.4"	"0.75"	"0.01"	"0.005"	"0.01"	"100000"	"10000"	"200"	"3450298980992560049"	95000	"intercept"	0.85339858
"0.85"	"0.4"	"0.75"	"0.01"	"0.005"	"0.01"	"100000"	"10000"	"200"	"3450298980992560049"	100000	"slope"	0.04319661584
"0.85"	"0.4"	"0.75"	"0.01"	"0.005"	"0.01"	"100000"	"10000"	"200"	"3450298980992560049"	100000	"intercept"	0.84259726
"0.85"	"0.4"	"0.75"	"0.01"	"0.005"	"0.01"	"100000"	"10000"	"200"	"7721891758171363995"	10	"slope"	0.000199146335
"0.85"	"0.4"	"0.75"	"0.01"	"0.005"	"0.01"	"100000"	"10000"	"200"	"7721891758171363995"	10	"intercept"	0.5000857
"0.85"	"0.4"	"0.75"	"0.01"	"0.005"	"0.01"	"100000"	"10000"	"200"	"7721891758171363995"	5000	"slope"	0.1007826205
"0.85"	"0.4"	"0.75"	"0.01"	"0.005"	"0.01"	"100000"	"10000"	"200"	"7721891758171363995"	5000	"intercept"	0.80117329
"0.85"	"0.4"	"0.75"	"0.01"	"0.005"	"0.01"	"100000"	"10000"	"200"	"7721891758171363995"	10000	"slope"	0.0351426427
"0.85"	"0.4"	"0.75"	"0.01"	"0.005"	"0.01"	"100000"	"10000"	"200"	"7721891758171363995"	10000	"intercept"	0.846547795
"0.85"	"0.4"	"0.75"	"0.01"	"0.005"	"0.01"	"100000"	"10000"	"200"	"7721891758171363995"	15000	"slope"	0.03901753135
"0.85"	"0.4"	"0.75"	"0.01"	"0.005"	"0.01"	"100000"	"10000"	"200"	"7721891758171363995"	15000	"intercept"	0.834844615
"0.85"	"0.4"	"0.75"	"0.01"	"0.005"	"0.01"	"100000"	"10000"	"200"	"7721891758171363995"	20000	"slope"	0.03086401201
"0.85"	"0.4"	"0.75"	"0.01"	"0.005"	"0.01"	"100000"	"10000"	"200"	"7721891758171363995"	20000	"intercept"	0.847663715
"0.85"	"0.4"	"0.75"	"0.01"	"0.005"	"0.01"	"100000"	"10000"	"200"	"7721891758171363995"	25000	"slope"	0.033570367
"0.85"	"0.4"	"0.75"	"0.01"	"0.005"	"0.01"	"100000"	"10000"	"200"	"7721891758171363995"	25000	"intercept"	0.84653745
"0.85"	"0.4"	"0.75"	"0.01"	"0.005"	"0.01"	"100000"	"10000"	"200"	"7721891758171363995"	30000	"slope"	0.007732995305
"0.85"	"0.4"	"0.75"	"0.01"	"0.005"	"0.01"	"100000"	"10000"	"200"	"7721891758171363995"	30000	"intercept"	0.855276465
"0.85"	"0.4"	"0.75"	"0.01"	"0.005"	"0.01"	"100000"	"10000"	"200"	"7721891758171363995"	35000	"slope"	0.01035622216
"0.85"	"0.4"	"0.75"	"0.01"	"0.005"	"0.01"	"100000"	"10000"	"200"	"7721891758171363995"	35000	"intercept"	0.857464915
"0.85"	"0.4"	"0.75"	"0.01"	"0.005"	"0.01"	"100000"	"10000"	"200"	"7721891758171363995"	40000	"slope"	0.022875336704
"0.85"	"0.4"	"0.75"	"0.01"	"0.005"	"0.01"	"100000"	"10000"	"200"	"7721891758171363995"	40000	"intercept"	0.85405606
"0.85"	"0.4"	"0.75"	"0.01"	"0.005"	"0.01"	"100000"	"10000"	"200"	"7721891758171363995"	45000	"slope"	-0.00976315237
"0.85"	"0.4"	"0.75"	"0.01"	"0.005"	"0.01"	"100000"	"10000"	"200"	"7721891758171363995"	45000	"intercept"	0.86897253
"0.85"	"0.4"	"0.75"	"0.01"	"0.005"	"0.01"	"100000"	"10000"	"200"	"7721891758171363995"	50000	"slope"	-0.00494458149
"0.85"	"0.4"	"0.75"	"0.01"	"0.005"	"0.01"	"100000"	"10000"	"200"	"7721891758171363995"	50000	"intercept"	0.87195713
"0.85"	"0.4"	"0.75"	"0.01"	"0.005"	"0.01"	"100000"	"10000"	"200"	"7721891758171363995"	55000	"slope"	-0.017021304885
"0.85"	"0.4"	"0.75"	"0.01"	"0.005"	"0.01"	"100000"	"10000"	"200"	"7721891758171363995"	55000	"intercept"	0.87668361
"0.85"	"0.4"	"0.75"	"0.01"	"0.005"	"0.01"	"100000"	"10000"	"200"	"7721891758171363995"	60000	"slope"	0.00288183922315
"0.85"	"0.4"	"0.75"	"0.01"	"0.005"	"0.01"	"100000"	"10000"	"200"	"7721891758171363995"	60000	"intercept"	0.863520425
"0.85"	"0.4"	"0.75"	"0.01"	"0.005"	"0.01"	"100000"	"10000"	"200"	"7721891758171363995"	65000	"slope"	0.00199836501
"0.85"	"0.4"	"0.75"	"0.01"	"0.005"	"0.01"	"100000"	"10000"	"200"	"7721891758171363995"	65000	"intercept"	0.864446015
"0.85"	"0.4"	"0.75"	"0.01"	"0.005"	"0.01"	"100000"	"10000"	"200"	"7721891758171363995"	70000	"slope"	0.02783184073
"0.85"	"0.4"	"0.75"	"0.01"	"0.005"	"0.01"	"100000"	"10000"	"200"	"7721891758171363995"	70000	"intercept"	0.85321348
"0.85"	"0.4"	"0.75"	"0.01"	"0.005"	"0.01"	"100000"	"10000"	"200"	"7721891758171363995"	75000	"slope"	0.010766395773
"0.85"	"0.4"	"0.75"	"0.01"	"0.005"	"0.01"	"100000"	"10000"	"200"	"7721891758171363995"	75000	"intercept"	0.854650965
"0.85"	"0.4"	"0.75"	"0.01"	"0.005"	"0.01"	"100000"	"10000"	"200"	"7721891758171363995"	80000	"slope"	-0.002663236347
"0.85"	"0.4"	"0.75"	"0.01"	"0.005"	"0.01"	"100000"	"10000"	"200"	"7721891758171363995"	80000	"intercept"	0.8652384
"0.85"	"0.4"	"0.75"	"0.01"	"0.005"	"0.01"	"100000"	"10000"	"200"	"7721891758171363995"	85000	"slope"	-0.00409843669
"0.85"	"0.4"	"0.75"	"0.01"	"0.005"	"0.01"	"100000"	"10000"	"200"	"7721891758171363995"	85000	"intercept"	0.866558475
"0.85"	"0.4"	"0.75"	"0.01"	"0.005"	"0.01"	"100000"	"10000"	"200"	"7721891758171363995"	90000	"slope"	-0.038851318085
"0.85"	"0.4"	"0.75"	"0.01"	"0.005"	"0.01"	"100000"	"10000"	"200"	"7721891758171363995"	90000	"intercept"	0.888378105
"0.85"	"0.4"	"0.75"	"0.01"	"0.005"	"0.01"	"100000"	"10000"	"200"	"7721891758171363995"	95000	"slope"	-0.00077106405
"0.85"	"0.4"	"0.75"	"0.01"	"0.005"	"0.01"	"100000"	"10000"	"200"	"7721891758171363995"	95000	"intercept"	0.86469615
"0.85"	"0.4"	"0.75"	"0.01"	"0.005"	"0.01"	"100000"	"10000"	"200"	"7721891758171363995"	100000	"slope"	0.01054793317
"0.85"	"0.4"	"0.75"	"0.01"	"0.005"	"0.01"	"100000"	"10000"	"200"	"7721891758171363995"	100000	"intercept"	0.85429039
"0.85"	"0.4"	"0.75"	"0.01"	"0.005"	"0.01"	"100000"	"10000"	"200"	"8465818262529722942"	10	"slope"	-3.375011e-05
"0.85"	"0.4"	"0.75"	"0.01"	"0.005"	"0.01"	"100000"	"10000"	"200"	"8465818262529722942"	10	"intercept"	0.50008762
"0.85"	"0.4"	"0.75"	"0.01"	"0.005"	"0.01"	"100000"	"10000"	"200"	"8465818262529722942"	5000	"slope"	0.018264622305
"0.85"	"0.4"	"0.75"	"0.01"	"0.005"	"0.01"	"100000"	"10000"	"200"	"8465818262529722942"	5000	"intercept"	0.853966205
"0.85"	"0.4"	"0.75"	"0.01"	"0.005"	"0.01"	"100000"	"10000"	"200"	"8465818262529722942"	10000	"slope"	0.008196121105
"0.85"	"0.4"	"0.75"	"0.01"	"0.005"	"0.01"	"100000"	"10000"	"200"	"8465818262529722942"	10000	"intercept"	0.85956299
"0.85"	"0.4"	"0.75"	"0.01"	"0.005"	"0.01"	"100000"	"10000"	"200"	"8465818262529722942"	15000	"slope"	0.048075805414
"0.85"	"0.4"	"0.75"	"0.01"	"0.005"	"0.01"	"100000"	"10000"	"200"	"8465818262529722942"	15000	"intercept"	0.83373074
"0.85"	"0.4"	"0.75"	"0.01"	"0.005"	"0.01"	"100000"	"10000"	"200"	"8465818262529722942"	20000	"slope"	0.02649362395
"0.85"	"0.4"	"0.75"	"0.01"	"0.005"	"0.01"	"100000"	"10000"	"200"	"8465818262529722942"	20000	"intercept"	0.849454635
"0.85"	"0.4"	"0.75"	"0.01"	"0.005"	"0.01"	"100000"	"10000"	"200"	"8465818262529722942"	25000	"slope"	0.06308986865
"0.85"	"0.4"	"0.75"	"0.01"	"0.005"	"0.01"	"100000"	"10000"	"200"	"8465818262529722942"	25000	"intercept"	0.822258765
"0.85"	"0.4"	"0.75"	"0.01"	"0.005"	"0.01"	"100000"	"10000"	"200"	"8465818262529722942"	30000	"slope"	0.04144722325
"0.85"	"0.4"	"0.75"	"0.01"	"0.005"	"0.01"	"100000"	"10000"	"200"	"8465818262529722942"	30000	"intercept"	0.83254832
"0.85"	"0.4"	"0.75"	"0.01"	"0.005"	"0.01"	"100000"	"10000"	"200"	"8465818262529722942"	35000	"slope"	-0.0007236878045
"0.85"	"0.4"	"0.75"	"0.01"	"0.005"	"0.01"	"100000"	"10000"	"200"	"8465818262529722942"	35000	"intercept"	0.864999485
"0.85"	"0.4"	"0.75"	"0.01"	"0.005"	"0.01"	"100000"	"10000"	"200"	"8465818262529722942"	40000	"slope"	0.02352158382
"0.85"	"0.4"	"0.75"	"0.01"	"0.005"	"0.01"	"100000"	"10000"	"200"	"8465818262529722942"	40000	"intercept"	0.846073375
"0.85"	"0.4"	"0.75"	"0.01"	"0.005"	"0.01"	"100000"	"10000"	"200"	"8465818262529722942"	45000	"slope"	0.0170092452
"0.85"	"0.4"	"0.75"	"0.01"	"0.005"	"0.01"	"100000"	"10000"	"200"	"8465818262529722942"	45000	"intercept"	0.85640575
"0.85"	"0.4"	"0.75"	"0.01"	"0.005"	"0.01"	"100000"	"10000"	"200"	"8465818262529722942"	50000	"slope"	0.03768702715
"0.85"	"0.4"	"0.75"	"0.01"	"0.005"	"0.01"	"100000"	"10000"	"200"	"8465818262529722942"	50000	"intercept"	0.84439735
"0.85"	"0.4"	"0.75"	"0.01"	"0.005"	"0.01"	"100000"	"10000"	"200"	"8465818262529722942"	55000	"slope"	0.092319854
"0.85"	"0.4"	"0.75"	"0.01"	"0.005"	"0.01"	"100000"	"10000"	"200"	"8465818262529722942"	55000	"intercept"	0.806977085
"0.85"	"0.4"	"0.75"	"0.01"	"0.005"	"0.01"	"100000"	"10000"	"200"	"8465818262529722942"	60000	"slope"	0.06099988415
"0.85"	"0.4"	"0.75"	"0.01"	"0.005"	"0.01"	"100000"	"10000"	"200"	"8465818262529722942"	60000	"intercept"	0.826821615
"0.85"	"0.4"	"0.75"	"0.01"	"0.005"	"0.01"	"100000"	"10000"	"200"	"8465818262529722942"	65000	"slope"	0.02907392603
"0.85"	"0.4"	"0.75"	"0.01"	"0.005"	"0.01"	"100000"	"10000"	"200"	"8465818262529722942"	65000	"intercept"	0.84950272
"0.85"	"0.4"	"0.75"	"0.01"	"0.005"	"0.01"	"100000"	"10000"	"200"	"8465818262529722942"	70000	"slope"	0.06108162995
"0.85"	"0.4"	"0.75"	"0.01"	"0.005"	"0.01"	"100000"	"10000"	"200"	"8465818262529722942"	70000	"intercept"	0.82769423
"0.85"	"0.4"	"0.75"	"0.01"	"0.005"	"0.01"	"100000"	"10000"	"200"	"8465818262529722942"	75000	"slope"	0.036815495385
"0.85"	"0.4"	"0.75"	"0.01"	"0.005"	"0.01"	"100000"	"10000"	"200"	"8465818262529722942"	75000	"intercept"	0.8485174
"0.85"	"0.4"	"0.75"	"0.01"	"0.005"	"0.01"	"100000"	"10000"	"200"	"8465818262529722942"	80000	"slope"	0.02828806201
"0.85"	"0.4"	"0.75"	"0.01"	"0.005"	"0.01"	"100000"	"10000"	"200"	"8465818262529722942"	80000	"intercept"	0.84615072
"0.85"	"0.4"	"0.75"	"0.01"	"0.005"	"0.01"	"100000"	"10000"	"200"	"8465818262529722942"	85000	"slope"	0.05481302463
"0.85"	"0.4"	"0.75"	"0.01"	"0.005"	"0.01"	"100000"	"10000"	"200"	"8465818262529722942"	85000	"intercept"	0.82554225
"0.85"	"0.4"	"0.75"	"0.01"	"0.005"	"0.01"	"100000"	"10000"	"200"	"8465818262529722942"	90000	"slope"	0.05452968322
"0.85"	"0.4"	"0.75"	"0.01"	"0.005"	"0.01"	"100000"	"10000"	"200"	"8465818262529722942"	90000	"intercept"	0.827087895
"0.85"	"0.4"	"0.75"	"0.01"	"0.005"	"0.01"	"100000"	"10000"	"200"	"8465818262529722942"	95000	"slope"	0.069608459655
"0.85"	"0.4"	"0.75"	"0.01"	"0.005"	"0.01"	"100000"	"10000"	"200"	"8465818262529722942"	95000	"intercept"	0.812653505
"0.85"	"0.4"	"0.75"	"0.01"	"0.005"	"0.01"	"100000"	"10000"	"200"	"8465818262529722942"	100000	"slope"	0.0455181274912
"0.85"	"0.4"	"0.75"	"0.01"	"0.005"	"0.01"	"100000"	"10000"	"200"	"8465818262529722942"	100000	"intercept"	0.83685261
"0.85"	"0.6"	"0.75"	"0.01"	"0.005"	"0.01"	"100000"	"10000"	"200"	"2964265475137625184"	10	"slope"	-8.701339e-05
"0.85"	"0.6"	"0.75"	"0.01"	"0.005"	"0.01"	"100000"	"10000"	"200"	"2964265475137625184"	10	"intercept"	0.50000877
"0.85"	"0.6"	"0.75"	"0.01"	"0.005"	"0.01"	"100000"	"10000"	"200"	"2964265475137625184"	5000	"slope"	0.04884467815
"0.85"	"0.6"	"0.75"	"0.01"	"0.005"	"0.01"	"100000"	"10000"	"200"	"2964265475137625184"	5000	"intercept"	0.738035505
"0.85"	"0.6"	"0.75"	"0.01"	"0.005"	"0.01"	"100000"	"10000"	"200"	"2964265475137625184"	10000	"slope"	0.006806153255
"0.85"	"0.6"	"0.75"	"0.01"	"0.005"	"0.01"	"100000"	"10000"	"200"	"2964265475137625184"	10000	"intercept"	0.6904672
"0.85"	"0.6"	"0.75"	"0.01"	"0.005"	"0.01"	"100000"	"10000"	"200"	"2964265475137625184"	15000	"slope"	-0.069916751252
"0.85"	"0.6"	"0.75"	"0.01"	"0.005"	"0.01"	"100000"	"10000"	"200"	"2964265475137625184"	15000	"intercept"	0.6474432425
"0.85"	"0.6"	"0.75"	"0.01"	"0.005"	"0.01"	"100000"	"10000"	"200"	"2964265475137625184"	20000	"slope"	-0.08925499518
"0.85"	"0.6"	"0.75"	"0.01"	"0.005"	"0.01"	"100000"	"10000"	"200"	"2964265475137625184"	20000	"intercept"	0.665137265
"0.85"	"0.6"	"0.75"	"0.01"	"0.005"	"0.01"	"100000"	"10000"	"200"	"2964265475137625184"	25000	"slope"	-0.120514152965
"0.85"	"0.6"	"0.75"	"0.01"	"0.005"	"0.01"	"100000"	"10000"	"200"	"2964265475137625184"	25000	"intercept"	0.6239293
"0.85"	"0.6"	"0.75"	"0.01"	"0.005"	"0.01"	"100000"	"10000"	"200"	"2964265475137625184"	30000	"slope"	-0.148420891675
"0.85"	"0.6"	"0.75"	"0.01"	"0.005"	"0.01"	"100000"	"10000"	"200"	"2964265475137625184"	30000	"intercept"	0.592546535
"0.85"	"0.6"	"0.75"	"0.01"	"0.005"	"0.01"	"100000"	"10000"	"200"	"2964265475137625184"	35000	"slope"	-0.1194719591
"0.85"	"0.6"	"0.75"	"0.01"	"0.005"	"0.01"	"100000"	"10000"	"200"	"2964265475137625184"	35000	"intercept"	0.643745
"0.85"	"0.6"	"0.75"	"0.01"	"0.005"	"0.01"	"100000"	"10000"	"200"	"2964265475137625184"	40000	"slope"	-0.10585993646
"0.85"	"0.6"	"0.75"	"0.01"	"0.005"	"0.01"	"100000"	"10000"	"200"	"2964265475137625184"	40000	"intercept"	0.6076583875
"0.85"	"0.6"	"0.75"	"0.01"	"0.005"	"0.01"	"100000"	"10000"	"200"	"2964265475137625184"	45000	"slope"	-0.122942107491
"0.85"	"0.6"	"0.75"	"0.01"	"0.005"	"0.01"	"100000"	"10000"	"200"	"2964265475137625184"	45000	"intercept"	0.612168949
"0.85"	"0.6"	"0.75"	"0.01"	"0.005"	"0.01"	"100000"	"10000"	"200"	"2964265475137625184"	50000	"slope"	-0.12332550603
"0.85"	"0.6"	"0.75"	"0.01"	"0.005"	"0.01"	"100000"	"10000"	"200"	"2964265475137625184"	50000	"intercept"	0.602966522
"0.85"	"0.6"	"0.75"	"0.01"	"0.005"	"0.01"	"100000"	"10000"	"200"	"2964265475137625184"	55000	"slope"	-0.129938181377
"0.85"	"0.6"	"0.75"	"0.01"	"0.005"	"0.01"	"100000"	"10000"	"200"	"2964265475137625184"	55000	"intercept"	0.531755756
"0.85"	"0.6"	"0.75"	"0.01"	"0.005"	"0.01"	"100000"	"10000"	"200"	"2964265475137625184"	60000	"slope"	-0.111200786545
"0.85"	"0.6"	"0.75"	"0.01"	"0.005"	"0.01"	"100000"	"10000"	"200"	"2964265475137625184"	60000	"intercept"	0.595795255
"0.85"	"0.6"	"0.75"	"0.01"	"0.005"	"0.01"	"100000"	"10000"	"200"	"2964265475137625184"	65000	"slope"	-0.094887693225
"0.85"	"0.6"	"0.75"	"0.01"	"0.005"	"0.01"	"100000"	"10000"	"200"	"2964265475137625184"	65000	"intercept"	0.5471186785
"0.85"	"0.6"	"0.75"	"0.01"	"0.005"	"0.01"	"100000"	"10000"	"200"	"2964265475137625184"	70000	"slope"	-0.0681013098
"0.85"	"0.6"	"0.75"	"0.01"	"0.005"	"0.01"	"100000"	"10000"	"200"	"2964265475137625184"	70000	"intercept"	0.558427565885
"0.85"	"0.6"	"0.75"	"0.01"	"0.005"	"0.01"	"100000"	"10000"	"200"	"2964265475137625184"	75000	"slope"	-0.041739339
"0.85"	"0.6"	"0.75"	"0.01"	"0.005"	"0.01"	"100000"	"10000"	"200"	"2964265475137625184"	75000	"intercept"	0.5621610277
"0.85"	"0.6"	"0.75"	"0.01"	"0.005"	"0.01"	"100000"	"10000"	"200"	"2964265475137625184"	80000	"slope"	-0.0163646665
"0.85"	"0.6"	"0.75"	"0.01"	"0.005"	"0.01"	"100000"	"10000"	"200"	"2964265475137625184"	80000	"intercept"	0.55406530520305
"0.85"	"0.6"	"0.75"	"0.01"	"0.005"	"0.01"	"100000"	"10000"	"200"	"2964265475137625184"	85000	"slope"	-0.0558503785
"0.85"	"0.6"	"0.75"	"0.01"	"0.005"	"0.01"	"100000"	"10000"	"200"	"2964265475137625184"	85000	"intercept"	0.53125405485
"0.85"	"0.6"	"0.75"	"0.01"	"0.005"	"0.01"	"100000"	"10000"	"200"	"2964265475137625184"	90000	"slope"	-0.027206944745
"0.85"	"0.6"	"0.75"	"0.01"	"0.005"	"0.01"	"100000"	"10000"	"200"	"2964265475137625184"	90000	"intercept"	0.53526681222
"0.85"	"0.6"	"0.75"	"0.01"	"0.005"	"0.01"	"100000"	"10000"	"200"	"2964265475137625184"	95000	"slope"	-0.0152186505
"0.85"	"0.6"	"0.75"	"0.01"	"0.005"	"0.01"	"100000"	"10000"	"200"	"2964265475137625184"	95000	"intercept"	0.52437691955
"0.85"	"0.6"	"0.75"	"0.01"	"0.005"	"0.01"	"100000"	"10000"	"200"	"2964265475137625184"	100000	"slope"	-0.0101377545
"0.85"	"0.6"	"0.75"	"0.01"	"0.005"	"0.01"	"100000"	"10000"	"200"	"2964265475137625184"	100000	"intercept"	0.5583795939
"0.85"	"0.6"	"0.75"	"0.01"	"0.005"	"0.01"	"100000"	"10000"	"200"	"5641643310821710472"	10	"slope"	2.5532095e-05
"0.85"	"0.6"	"0.75"	"0.01"	"0.005"	"0.01"	"100000"	"10000"	"200"	"5641643310821710472"	10	"intercept"	0.500144765
"0.85"	"0.6"	"0.75"	"0.01"	"0.005"	"0.01"	"100000"	"10000"	"200"	"5641643310821710472"	5000	"slope"	0.03141494775
"0.85"	"0.6"	"0.75"	"0.01"	"0.005"	"0.01"	"100000"	"10000"	"200"	"5641643310821710472"	5000	"intercept"	0.7285944
"0.85"	"0.6"	"0.75"	"0.01"	"0.005"	"0.01"	"100000"	"10000"	"200"	"5641643310821710472"	10000	"slope"	-0.052280874
"0.85"	"0.6"	"0.75"	"0.01"	"0.005"	"0.01"	"100000"	"10000"	"200"	"5641643310821710472"	10000	"intercept"	0.719927885
"0.85"	"0.6"	"0.75"	"0.01"	"0.005"	"0.01"	"100000"	"10000"	"200"	"5641643310821710472"	15000	"slope"	-0.0839913009
"0.85"	"0.6"	"0.75"	"0.01"	"0.005"	"0.01"	"100000"	"10000"	"200"	"5641643310821710472"	15000	"intercept"	0.74970464
"0.85"	"0.6"	"0.75"	"0.01"	"0.005"	"0.01"	"100000"	"10000"	"200"	"5641643310821710472"	20000	"slope"	-0.18136157791515
"0.85"	"0.6"	"0.75"	"0.01"	"0.005"	"0.01"	"100000"	"10000"	"200"	"5641643310821710472"	20000	"intercept"	0.707291978
"0.85"	"0.6"	"0.75"	"0.01"	"0.005"	"0.01"	"100000"	"10000"	"200"	"5641643310821710472"	25000	"slope"	-0.1886495861535
"0.85"	"0.6"	"0.75"	"0.01"	"0.005"	"0.01"	"100000"	"10000"	"200"	"5641643310821710472"	25000	"intercept"	0.6623184
"0.85"	"0.6"	"0.75"	"0.01"	"0.005"	"0.01"	"100000"	"10000"	"200"	"5641643310821710472"	30000	"slope"	-0.20588467945
"0.85"	"0.6"	"0.75"	"0.01"	"0.005"	"0.01"	"100000"	"10000"	"200"	"5641643310821710472"	30000	"intercept"	0.654608345
"0.85"	"0.6"	"0.75"	"0.01"	"0.005"	"0.01"	"100000"	"10000"	"200"	"5641643310821710472"	35000	"slope"	-0.2102378942705
"0.85"	"0.6"	"0.75"	"0.01"	"0.005"	"0.01"	"100000"	"10000"	"200"	"5641643310821710472"	35000	"intercept"	0.645768365
"0.85"	"0.6"	"0.75"	"0.01"	"0.005"	"0.01"	"100000"	"10000"	"200"	"5641643310821710472"	40000	"slope"	-0.17314305735
"0.85"	"0.6"	"0.75"	"0.01"	"0.005"	"0.01"	"100000"	"10000"	"200"	"5641643310821710472"	40000	"intercept"	0.610516715
"0.85"	"0.6"	"0.75"	"0.01"	"0.005"	"0.01"	"100000"	"10000"	"200"	"5641643310821710472"	45000	"slope"	-0.121193283
"0.85"	"0.6"	"0.75"	"0.01"	"0.005"	"0.01"	"100000"	"10000"	"200"	"5641643310821710472"	45000	"intercept"	0.57373545
"0.85"	"0.6"	"0.75"	"0.01"	"0.005"	"0.01"	"100000"	"10000"	"200"	"5641643310821710472"	50000	"slope"	-0.1632671975
"0.85"	"0.6"	"0.75"	"0.01"	"0.005"	"0.01"	"100000"	"10000"	"200"	"5641643310821710472"	50000	"intercept"	0.59634301
"0.85"	"0.6"	"0.75"	"0.01"	"0.005"	"0.01"	"100000"	"10000"	"200"	"5641643310821710472"	55000	"slope"	-0.1388384165
"0.85"	"0.6"	"0.75"	"0.01"	"0.005"	"0.01"	"100000"	"10000"	"200"	"5641643310821710472"	55000	"intercept"	0.586758585
"0.85"	"0.6"	"0.75"	"0.01"	"0.005"	"0.01"	"100000"	"10000"	"200"	"5641643310821710472"	60000	"slope"	-0.123681021
"0.85"	"0.6"	"0.75"	"0.01"	"0.005"	"0.01"	"100000"	"10000"	"200"	"5641643310821710472"	60000	"intercept"	0.5626298495
"0.85"	"0.6"	"0.75"	"0.01"	"0.005"	"0.01"	"100000"	"10000"	"200"	"5641643310821710472"	65000	"slope"	-0.0782742765
"0.85"	"0.6"	"0.75"	"0.01"	"0.005"	"0.01"	"100000"	"10000"	"200"	"5641643310821710472"	65000	"intercept"	0.5850475755
"0.85"	"0.6"	"0.75"	"0.01"	"0.005"	"0.01"	"100000"	"10000"	"200"	"5641643310821710472"	70000	"slope"	-0.045956646
"0.85"	"0.6"	"0.75"	"0.01"	"0.005"	"0.01"	"100000"	"10000"	"200"	"5641643310821710472"	70000	"intercept"	0.5520789635
"0.85"	"0.6"	"0.75"	"0.01"	"0.005"	"0.01"	"100000"	"10000"	"200"	"5641643310821710472"	75000	"slope"	-0.057322795
"0.85"	"0.6"	"0.75"	"0.01"	"0.005"	"0.01"	"100000"	"10000"	"200"	"5641643310821710472"	75000	"intercept"	0.5542828939
"0.85"	"0.6"	"0.75"	"0.01"	"0.005"	"0.01"	"100000"	"10000"	"200"	"5641643310821710472"	80000	"slope"	-0.092398167
"0.85"	"0.6"	"0.75"	"0.01"	"0.005"	"0.01"	"100000"	"10000"	"200"	"5641643310821710472"	80000	"intercept"	0.5294270755
"0.85"	"0.6"	"0.75"	"0.01"	"0.005"	"0.01"	"100000"	"10000"	"200"	"5641643310821710472"	85000	"slope"	-0.171333984135
"0.85"	"0.6"	"0.75"	"0.01"	"0.005"	"0.01"	"100000"	"10000"	"200"	"5641643310821710472"	85000	"intercept"	0.5259948875
"0.85"	"0.6"	"0.75"	"0.01"	"0.005"	"0.01"	"100000"	"10000"	"200"	"5641643310821710472"	90000	"slope"	-0.173130000395
"0.85"	"0.6"	"0.75"	"0.01"	"0.005"	"0.01"	"100000"	"10000"	"200"	"5641643310821710472"	90000	"intercept"	0.5454335435
"0.85"	"0.6"	"0.75"	"0.01"	"0.005"	"0.01"	"100000"	"10000"	"200"	"5641643310821710472"	95000	"slope"	-0.1464974045
"0.85"	"0.6"	"0.75"	"0.01"	"0.005"	"0.01"	"100000"	"10000"	"200"	"5641643310821710472"	95000	"intercept"	0.542618805
"0.85"	"0.6"	"0.75"	"0.01"	"0.005"	"0.01"	"100000"	"10000"	"200"	"5641643310821710472"	100000	"slope"	-0.0973728825
"0.85"	"0.6"	"0.75"	"0.01"	"0.005"	"0.01"	"100000"	"10000"	"200"	"5641643310821710472"	100000	"intercept"	0.589778271
"0.85"	"0.6"	"0.75"	"0.01"	"0.005"	"0.01"	"100000"	"10000"	"200"	"8663311603081129168"	10	"slope"	6.641645e-05
"0.85"	"0.6"	"0.75"	"0.01"	"0.005"	"0.01"	"100000"	"10000"	"200"	"8663311603081129168"	10	"intercept"	0.50010476
"0.85"	"0.6"	"0.75"	"0.01"	"0.005"	"0.01"	"100000"	"10000"	"200"	"8663311603081129168"	5000	"slope"	0.10895091155
"0.85"	"0.6"	"0.75"	"0.01"	"0.005"	"0.01"	"100000"	"10000"	"200"	"8663311603081129168"	5000	"intercept"	0.739419795
"0.85"	"0.6"	"0.75"	"0.01"	"0.005"	"0.01"	"100000"	"10000"	"200"	"8663311603081129168"	10000	"slope"	-0.054376020235
"0.85"	"0.6"	"0.75"	"0.01"	"0.005"	"0.01"	"100000"	"10000"	"200"	"8663311603081129168"	10000	"intercept"	0.71650589
"0.85"	"0.6"	"0.75"	"0.01"	"0.005"	"0.01"	"100000"	"10000"	"200"	"8663311603081129168"	15000	"slope"	-0.1000265889
"0.85"	"0.6"	"0.75"	"0.01"	"0.005"	"0.01"	"100000"	"10000"	"200"	"8663311603081129168"	15000	"intercept"	0.73376902
"0.85"	"0.6"	"0.75"	"0.01"	"0.005"	"0.01"	"100000"	"10000"	"200"	"8663311603081129168"	20000	"slope"	-0.1543962042625
"0.85"	"0.6"	"0.75"	"0.01"	"0.005"	"0.01"	"100000"	"10000"	"200"	"8663311603081129168"	20000	"intercept"	0.705323579
"0.85"	"0.6"	"0.75"	"0.01"	"0.005"	"0.01"	"100000"	"10000"	"200"	"8663311603081129168"	25000	"slope"	-0.170907744665
"0.85"	"0.6"	"0.75"	"0.01"	"0.005"	"0.01"	"100000"	"10000"	"200"	"8663311603081129168"	25000	"intercept"	0.615308435
"0.85"	"0.6"	"0.75"	"0.01"	"0.005"	"0.01"	"100000"	"10000"	"200"	"8663311603081129168"	30000	"slope"	-0.186529510685
"0.85"	"0.6"	"0.75"	"0.01"	"0.005"	"0.01"	"100000"	"10000"	"200"	"8663311603081129168"	30000	"intercept"	0.63757815
"0.85"	"0.6"	"0.75"	"0.01"	"0.005"	"0.01"	"100000"	"10000"	"200"	"8663311603081129168"	35000	"slope"	-0.206734648835
"0.85"	"0.6"	"0.75"	"0.01"	"0.005"	"0.01"	"100000"	"10000"	"200"	"8663311603081129168"	35000	"intercept"	0.660473935
"0.85"	"0.6"	"0.75"	"0.01"	"0.005"	"0.01"	"100000"	"10000"	"200"	"8663311603081129168"	40000	"slope"	-0.15937429435
"0.85"	"0.6"	"0.75"	"0.01"	"0.005"	"0.01"	"100000"	"10000"	"200"	"8663311603081129168"	40000	"intercept"	0.66095955
"0.85"	"0.6"	"0.75"	"0.01"	"0.005"	"0.01"	"100000"	"10000"	"200"	"8663311603081129168"	45000	"slope"	-0.0889375655
"0.85"	"0.6"	"0.75"	"0.01"	"0.005"	"0.01"	"100000"	"10000"	"200"	"8663311603081129168"	45000	"intercept"	0.61760158
"0.85"	"0.6"	"0.75"	"0.01"	"0.005"	"0.01"	"100000"	"10000"	"200"	"8663311603081129168"	50000	"slope"	-0.1486941705
"0.85"	"0.6"	"0.75"	"0.01"	"0.005"	"0.01"	"100000"	"10000"	"200"	"8663311603081129168"	50000	"intercept"	0.580900431
"0.85"	"0.6"	"0.75"	"0.01"	"0.005"	"0.01"	"100000"	"10000"	"200"	"8663311603081129168"	55000	"slope"	-0.11088489559
"0.85"	"0.6"	"0.75"	"0.01"	"0.005"	"0.01"	"100000"	"10000"	"200"	"8663311603081129168"	55000	"intercept"	0.635453395
"0.85"	"0.6"	"0.75"	"0.01"	"0.005"	"0.01"	"100000"	"10000"	"200"	"8663311603081129168"	60000	"slope"	-0.156202934965
"0.85"	"0.6"	"0.75"	"0.01"	"0.005"	"0.01"	"100000"	"10000"	"200"	"8663311603081129168"	60000	"intercept"	0.5844529765
"0.85"	"0.6"	"0.75"	"0.01"	"0.005"	"0.01"	"100000"	"10000"	"200"	"8663311603081129168"	65000	"slope"	-0.224521251435
"0.85"	"0.6"	"0.75"	"0.01"	"0.005"	"0.01"	"100000"	"10000"	"200"	"8663311603081129168"	65000	"intercept"	0.523184075
"0.85"	"0.6"	"0.75"	"0.01"	"0.005"	"0.01"	"100000"	"10000"	"200"	"8663311603081129168"	70000	"slope"	-0.1913297643555
"0.85"	"0.6"	"0.75"	"0.01"	"0.005"	"0.01"	"100000"	"10000"	"200"	"8663311603081129168"	70000	"intercept"	0.6630962475
"0.85"	"0.6"	"0.75"	"0.01"	"0.005"	"0.01"	"100000"	"10000"	"200"	"8663311603081129168"	75000	"slope"	-0.167604251278
"0.85"	"0.6"	"0.75"	"0.01"	"0.005"	"0.01"	"100000"	"10000"	"200"	"8663311603081129168"	75000	"intercept"	0.604895955
"0.85"	"0.6"	"0.75"	"0.01"	"0.005"	"0.01"	"100000"	"10000"	"200"	"8663311603081129168"	80000	"slope"	-0.1096851128
"0.85"	"0.6"	"0.75"	"0.01"	"0.005"	"0.01"	"100000"	"10000"	"200"	"8663311603081129168"	80000	"intercept"	0.6108195545
"0.85"	"0.6"	"0.75"	"0.01"	"0.005"	"0.01"	"100000"	"10000"	"200"	"8663311603081129168"	85000	"slope"	-0.1168146745
"0.85"	"0.6"	"0.75"	"0.01"	"0.005"	"0.01"	"100000"	"10000"	"200"	"8663311603081129168"	85000	"intercept"	0.5777031647
"0.85"	"0.6"	"0.75"	"0.01"	"0.005"	"0.01"	"100000"	"10000"	"200"	"8663311603081129168"	90000	"slope"	-0.0812194363
"0.85"	"0.6"	"0.75"	"0.01"	"0.005"	"0.01"	"100000"	"10000"	"200"	"8663311603081129168"	90000	"intercept"	0.5780626828
"0.85"	"0.6"	"0.75"	"0.01"	"0.005"	"0.01"	"100000"	"10000"	"200"	"8663311603081129168"	95000	"slope"	-0.0944293835
"0.85"	"0.6"	"0.75"	"0.01"	"0.005"	"0.01"	"100000"	"10000"	"200"	"8663311603081129168"	95000	"intercept"	0.5386398563
"0.85"	"0.6"	"0.75"	"0.01"	"0.005"	"0.01"	"100000"	"10000"	"200"	"8663311603081129168"	100000	"slope"	-0.068289326
"0.85"	"0.6"	"0.75"	"0.01"	"0.005"	"0.01"	"100000"	"10000"	"200"	"8663311603081129168"	100000	"intercept"	0.5704478890245
"0.85"	"0.8"	"0.75"	"0.01"	"0.005"	"0.01"	"100000"	"10000"	"200"	"1493492075821468474"	10	"slope"	-5.92566245e-05
"0.85"	"0.8"	"0.75"	"0.01"	"0.005"	"0.01"	"100000"	"10000"	"200"	"1493492075821468474"	10	"intercept"	0.499928955
"0.85"	"0.8"	"0.75"	"0.01"	"0.005"	"0.01"	"100000"	"10000"	"200"	"1493492075821468474"	5000	"slope"	0.025926056845
"0.85"	"0.8"	"0.75"	"0.01"	"0.005"	"0.01"	"100000"	"10000"	"200"	"1493492075821468474"	5000	"intercept"	0.699977485
"0.85"	"0.8"	"0.75"	"0.01"	"0.005"	"0.01"	"100000"	"10000"	"200"	"1493492075821468474"	10000	"slope"	-0.12018959315635
"0.85"	"0.8"	"0.75"	"0.01"	"0.005"	"0.01"	"100000"	"10000"	"200"	"1493492075821468474"	10000	"intercept"	0.698288225
"0.85"	"0.8"	"0.75"	"0.01"	"0.005"	"0.01"	"100000"	"10000"	"200"	"1493492075821468474"	15000	"slope"	-0.206637445235
"0.85"	"0.8"	"0.75"	"0.01"	"0.005"	"0.01"	"100000"	"10000"	"200"	"1493492075821468474"	15000	"intercept"	0.645073355
"0.85"	"0.8"	"0.75"	"0.01"	"0.005"	"0.01"	"100000"	"10000"	"200"	"1493492075821468474"	20000	"slope"	-0.2215288568
"0.85"	"0.8"	"0.75"	"0.01"	"0.005"	"0.01"	"100000"	"10000"	"200"	"1493492075821468474"	20000	"intercept"	0.57704147
"0.85"	"0.8"	"0.75"	"0.01"	"0.005"	"0.01"	"100000"	"10000"	"200"	"1493492075821468474"	25000	"slope"	-0.1465397005
"0.85"	"0.8"	"0.75"	"0.01"	"0.005"	"0.01"	"100000"	"10000"	"200"	"1493492075821468474"	25000	"intercept"	0.5821097255
"0.85"	"0.8"	"0.75"	"0.01"	"0.005"	"0.01"	"100000"	"10000"	"200"	"1493492075821468474"	30000	"slope"	-0.1789983075
"0.85"	"0.8"	"0.75"	"0.01"	"0.005"	"0.01"	"100000"	"10000"	"200"	"1493492075821468474"	30000	"intercept"	0.524205785
"0.85"	"0.8"	"0.75"	"0.01"	"0.005"	"0.01"	"100000"	"10000"	"200"	"1493492075821468474"	35000	"slope"	-0.10965848025
"0.85"	"0.8"	"0.75"	"0.01"	"0.005"	"0.01"	"100000"	"10000"	"200"	"1493492075821468474"	35000	"intercept"	0.5560625035
"0.85"	"0.8"	"0.75"	"0.01"	"0.005"	"0.01"	"100000"	"10000"	"200"	"1493492075821468474"	40000	"slope"	-0.035087265
"0.85"	"0.8"	"0.75"	"0.01"	"0.005"	"0.01"	"100000"	"10000"	"200"	"1493492075821468474"	40000	"intercept"	0.582124495975
"0.85"	"0.8"	"0.75"	"0.01"	"0.005"	"0.01"	"100000"	"10000"	"200"	"1493492075821468474"	45000	"slope"	-0.022950845
"0.85"	"0.8"	"0.75"	"0.01"	"0.005"	"0.01"	"100000"	"10000"	"200"	"1493492075821468474"	45000	"intercept"	0.518614749615
"0.85"	"0.8"	"0.75"	"0.01"	"0.005"	"0.01"	"100000"	"10000"	"200"	"1493492075821468474"	50000	"slope"	-0.03046432
"0.85"	"0.8"	"0.75"	"0.01"	"0.005"	"0.01"	"100000"	"10000"	"200"	"1493492075821468474"	50000	"intercept"	0.558178237667
"0.85"	"0.8"	"0.75"	"0.01"	"0.005"	"0.01"	"100000"	"10000"	"200"	"1493492075821468474"	55000	"slope"	-0.068938575
"0.85"	"0.8"	"0.75"	"0.01"	"0.005"	"0.01"	"100000"	"10000"	"200"	"1493492075821468474"	55000	"intercept"	0.501373270466
"0.85"	"0.8"	"0.75"	"0.01"	"0.005"	"0.01"	"100000"	"10000"	"200"	"1493492075821468474"	60000	"slope"	-0.02837902
"0.85"	"0.8"	"0.75"	"0.01"	"0.005"	"0.01"	"100000"	"10000"	"200"	"1493492075821468474"	60000	"intercept"	0.49996556975
"0.85"	"0.8"	"0.75"	"0.01"	"0.005"	"0.01"	"100000"	"10000"	"200"	"1493492075821468474"	65000	"slope"	-0.03806517
"0.85"	"0.8"	"0.75"	"0.01"	"0.005"	"0.01"	"100000"	"10000"	"200"	"1493492075821468474"	65000	"intercept"	0.552233521995
"0.85"	"0.8"	"0.75"	"0.01"	"0.005"	"0.01"	"100000"	"10000"	"200"	"1493492075821468474"	70000	"slope"	-0.109470416
"0.85"	"0.8"	"0.75"	"0.01"	"0.005"	"0.01"	"100000"	"10000"	"200"	"1493492075821468474"	70000	"intercept"	0.491146950404
"0.85"	"0.8"	"0.75"	"0.01"	"0.005"	"0.01"	"100000"	"10000"	"200"	"1493492075821468474"	75000	"slope"	-0.065880756
"0.85"	"0.8"	"0.75"	"0.01"	"0.005"	"0.01"	"100000"	"10000"	"200"	"1493492075821468474"	75000	"intercept"	0.5518817485
"0.85"	"0.8"	"0.75"	"0.01"	"0.005"	"0.01"	"100000"	"10000"	"200"	"1493492075821468474"	80000	"slope"	-0.0385956645
"0.85"	"0.8"	"0.75"	"0.01"	"0.005"	"0.01"	"100000"	"10000"	"200"	"1493492075821468474"	80000	"intercept"	0.49545108996
"0.85"	"0.8"	"0.75"	"0.01"	"0.005"	"0.01"	"100000"	"10000"	"200"	"1493492075821468474"	85000	"slope"	0.02269547
"0.85"	"0.8"	"0.75"	"0.01"	"0.005"	"0.01"	"100000"	"10000"	"200"	"1493492075821468474"	85000	"intercept"	0.543178429135
"0.85"	"0.8"	"0.75"	"0.01"	"0.005"	"0.01"	"100000"	"10000"	"200"	"1493492075821468474"	90000	"slope"	0.0340428
"0.85"	"0.8"	"0.75"	"0.01"	"0.005"	"0.01"	"100000"	"10000"	"200"	"1493492075821468474"	90000	"intercept"	0.56692167035
"0.85"	"0.8"	"0.75"	"0.01"	"0.005"	"0.01"	"100000"	"10000"	"200"	"1493492075821468474"	95000	"slope"	0.022320235
"0.85"	"0.8"	"0.75"	"0.01"	"0.005"	"0.01"	"100000"	"10000"	"200"	"1493492075821468474"	95000	"intercept"	0.53354576228
"0.85"	"0.8"	"0.75"	"0.01"	"0.005"	"0.01"	"100000"	"10000"	"200"	"1493492075821468474"	100000	"slope"	0.003248555
"0.85"	"0.8"	"0.75"	"0.01"	"0.005"	"0.01"	"100000"	"10000"	"200"	"1493492075821468474"	100000	"intercept"	0.49310526035
"0.85"	"0.8"	"0.75"	"0.01"	"0.005"	"0.01"	"100000"	"10000"	"200"	"4529380844800077070"	10	"slope"	0.000102799465
"0.85"	"0.8"	"0.75"	"0.01"	"0.005"	"0.01"	"100000"	"10000"	"200"	"4529380844800077070"	10	"intercept"	0.49999356
"0.85"	"0.8"	"0.75"	"0.01"	"0.005"	"0.01"	"100000"	"10000"	"200"	"4529380844800077070"	5000	"slope"	0.001137906
"0.85"	"0.8"	"0.75"	"0.01"	"0.005"	"0.01"	"100000"	"10000"	"200"	"4529380844800077070"	5000	"intercept"	0.757124595
"0.85"	"0.8"	"0.75"	"0.01"	"0.005"	"0.01"	"100000"	"10000"	"200"	"4529380844800077070"	10000	"slope"	-0.10541362985
"0.85"	"0.8"	"0.75"	"0.01"	"0.005"	"0.01"	"100000"	"10000"	"200"	"4529380844800077070"	10000	"intercept"	0.683624625
"0.85"	"0.8"	"0.75"	"0.01"	"0.005"	"0.01"	"100000"	"10000"	"200"	"4529380844800077070"	15000	"slope"	-0.128274762005
"0.85"	"0.8"	"0.75"	"0.01"	"0.005"	"0.01"	"100000"	"10000"	"200"	"4529380844800077070"	15000	"intercept"	0.624160715
"0.85"	"0.8"	"0.75"	"0.01"	"0.005"	"0.01"	"100000"	"10000"	"200"	"4529380844800077070"	20000	"slope"	-0.102211941035
"0.85"	"0.8"	"0.75"	"0.01"	"0.005"	"0.01"	"100000"	"10000"	"200"	"4529380844800077070"	20000	"intercept"	0.575531619
"0.85"	"0.8"	"0.75"	"0.01"	"0.005"	"0.01"	"100000"	"10000"	"200"	"4529380844800077070"	25000	"slope"	-0.130112637275
"0.85"	"0.8"	"0.75"	"0.01"	"0.005"	"0.01"	"100000"	"10000"	"200"	"4529380844800077070"	25000	"intercept"	0.5447965745
"0.85"	"0.8"	"0.75"	"0.01"	"0.005"	"0.01"	"100000"	"10000"	"200"	"4529380844800077070"	30000	"slope"	-0.028629145385
"0.85"	"0.8"	"0.75"	"0.01"	"0.005"	"0.01"	"100000"	"10000"	"200"	"4529380844800077070"	30000	"intercept"	0.59546747005
"0.85"	"0.8"	"0.75"	"0.01"	"0.005"	"0.01"	"100000"	"10000"	"200"	"4529380844800077070"	35000	"slope"	0.042507445
"0.85"	"0.8"	"0.75"	"0.01"	"0.005"	"0.01"	"100000"	"10000"	"200"	"4529380844800077070"	35000	"intercept"	0.562814985755
"0.85"	"0.8"	"0.75"	"0.01"	"0.005"	"0.01"	"100000"	"10000"	"200"	"4529380844800077070"	40000	"slope"	-0.037420005
"0.85"	"0.8"	"0.75"	"0.01"	"0.005"	"0.01"	"100000"	"10000"	"200"	"4529380844800077070"	40000	"intercept"	0.498897055975
"0.85"	"0.8"	"0.75"	"0.01"	"0.005"	"0.01"	"100000"	"10000"	"200"	"4529380844800077070"	45000	"slope"	-0.0792957275
"0.85"	"0.8"	"0.75"	"0.01"	"0.005"	"0.01"	"100000"	"10000"	"200"	"4529380844800077070"	45000	"intercept"	0.52810677036
"0.85"	"0.8"	"0.75"	"0.01"	"0.005"	"0.01"	"100000"	"10000"	"200"	"4529380844800077070"	50000	"slope"	-0.084540497
"0.85"	"0.8"	"0.75"	"0.01"	"0.005"	"0.01"	"100000"	"10000"	"200"	"4529380844800077070"	50000	"intercept"	0.542219339495
"0.85"	"0.8"	"0.75"	"0.01"	"0.005"	"0.01"	"100000"	"10000"	"200"	"4529380844800077070"	55000	"slope"	-0.090713919215
"0.85"	"0.8"	"0.75"	"0.01"	"0.005"	"0.01"	"100000"	"10000"	"200"	"4529380844800077070"	55000	"intercept"	0.43539826745
"0.85"	"0.8"	"0.75"	"0.01"	"0.005"	"0.01"	"100000"	"10000"	"200"	"4529380844800077070"	60000	"slope"	-0.0234165585
"0.85"	"0.8"	"0.75"	"0.01"	"0.005"	"0.01"	"100000"	"10000"	"200"	"4529380844800077070"	60000	"intercept"	0.5275953564055
"0.85"	"0.8"	"0.75"	"0.01"	"0.005"	"0.01"	"100000"	"10000"	"200"	"4529380844800077070"	65000	"slope"	-0.0568512484
"0.85"	"0.8"	"0.75"	"0.01"	"0.005"	"0.01"	"100000"	"10000"	"200"	"4529380844800077070"	65000	"intercept"	0.545379854785
"0.85"	"0.8"	"0.75"	"0.01"	"0.005"	"0.01"	"100000"	"10000"	"200"	"4529380844800077070"	70000	"slope"	-0.112731175965
"0.85"	"0.8"	"0.75"	"0.01"	"0.005"	"0.01"	"100000"	"10000"	"200"	"4529380844800077070"	70000	"intercept"	0.55812848925
"0.85"	"0.8"	"0.75"	"0.01"	"0.005"	"0.01"	"100000"	"10000"	"200"	"4529380844800077070"	75000	"slope"	-0.08013781945
"0.85"	"0.8"	"0.75"	"0.01"	"0.005"	"0.01"	"100000"	"10000"	"200"	"4529380844800077070"	75000	"intercept"	0.543455841245
"0.85"	"0.8"	"0.75"	"0.01"	"0.005"	"0.01"	"100000"	"10000"	"200"	"4529380844800077070"	80000	"slope"	-0.0697633385
"0.85"	"0.8"	"0.75"	"0.01"	"0.005"	"0.01"	"100000"	"10000"	"200"	"4529380844800077070"	80000	"intercept"	0.4940218275125
"0.85"	"0.8"	"0.75"	"0.01"	"0.005"	"0.01"	"100000"	"10000"	"200"	"4529380844800077070"	85000	"slope"	-0.052577854
"0.85"	"0.8"	"0.75"	"0.01"	"0.005"	"0.01"	"100000"	"10000"	"200"	"4529380844800077070"	85000	"intercept"	0.56069394035
"0.85"	"0.8"	"0.75"	"0.01"	"0.005"	"0.01"	"100000"	"10000"	"200"	"4529380844800077070"	90000	"slope"	-0.0219246095
"0.85"	"0.8"	"0.75"	"0.01"	"0.005"	"0.01"	"100000"	"10000"	"200"	"4529380844800077070"	90000	"intercept"	0.56233722095
"0.85"	"0.8"	"0.75"	"0.01"	"0.005"	"0.01"	"100000"	"10000"	"200"	"4529380844800077070"	95000	"slope"	0.015535072
"0.85"	"0.8"	"0.75"	"0.01"	"0.005"	"0.01"	"100000"	"10000"	"200"	"4529380844800077070"	95000	"intercept"	0.5564217034
"0.85"	"0.8"	"0.75"	"0.01"	"0.005"	"0.01"	"100000"	"10000"	"200"	"4529380844800077070"	100000	"slope"	-0.000827747199999999
"0.85"	"0.8"	"0.75"	"0.01"	"0.005"	"0.01"	"100000"	"10000"	"200"	"4529380844800077070"	100000	"intercept"	0.6333145904475
"0.85"	"0.8"	"0.75"	"0.01"	"0.005"	"0.01"	"100000"	"10000"	"200"	"8666800871392320400"	10	"slope"	4.608919e-05
"0.85"	"0.8"	"0.75"	"0.01"	"0.005"	"0.01"	"100000"	"10000"	"200"	"8666800871392320400"	10	"intercept"	0.500147315
"0.85"	"0.8"	"0.75"	"0.01"	"0.005"	"0.01"	"100000"	"10000"	"200"	"8666800871392320400"	5000	"slope"	-0.00174931912
"0.85"	"0.8"	"0.75"	"0.01"	"0.005"	"0.01"	"100000"	"10000"	"200"	"8666800871392320400"	5000	"intercept"	0.725440775
"0.85"	"0.8"	"0.75"	"0.01"	"0.005"	"0.01"	"100000"	"10000"	"200"	"8666800871392320400"	10000	"slope"	-0.1339618359405
"0.85"	"0.8"	"0.75"	"0.01"	"0.005"	"0.01"	"100000"	"10000"	"200"	"8666800871392320400"	10000	"intercept"	0.709632185
"0.85"	"0.8"	"0.75"	"0.01"	"0.005"	"0.01"	"100000"	"10000"	"200"	"8666800871392320400"	15000	"slope"	-0.1723304939355
"0.85"	"0.8"	"0.75"	"0.01"	"0.005"	"0.01"	"100000"	"10000"	"200"	"8666800871392320400"	15000	"intercept"	0.666839005
"0.85"	"0.8"	"0.75"	"0.01"	"0.005"	"0.01"	"100000"	"10000"	"200"	"8666800871392320400"	20000	"slope"	-0.19089278205
"0.85"	"0.8"	"0.75"	"0.01"	"0.005"	"0.01"	"100000"	"10000"	"200"	"8666800871392320400"	20000	"intercept"	0.55893006
"0.85"	"0.8"	"0.75"	"0.01"	"0.005"	"0.01"	"100000"	"10000"	"200"	"8666800871392320400"	25000	"slope"	-0.153708909
"0.85"	"0.8"	"0.75"	"0.01"	"0.005"	"0.01"	"100000"	"10000"	"200"	"8666800871392320400"	25000	"intercept"	0.554208785
"0.85"	"0.8"	"0.75"	"0.01"	"0.005"	"0.01"	"100000"	"10000"	"200"	"8666800871392320400"	30000	"slope"	-0.15297671185
"0.85"	"0.8"	"0.75"	"0.01"	"0.005"	"0.01"	"100000"	"10000"	"200"	"8666800871392320400"	30000	"intercept"	0.53828827
"0.85"	"0.8"	"0.75"	"0.01"	"0.005"	"0.01"	"100000"	"10000"	"200"	"8666800871392320400"	35000	"slope"	-0.1014450808
"0.85"	"0.8"	"0.75"	"0.01"	"0.005"	"0.01"	"100000"	"10000"	"200"	"8666800871392320400"	35000	"intercept"	0.52189958
"0.85"	"0.8"	"0.75"	"0.01"	"0.005"	"0.01"	"100000"	"10000"	"200"	"8666800871392320400"	40000	"slope"	-0.015949245
"0.85"	"0.8"	"0.75"	"0.01"	"0.005"	"0.01"	"100000"	"10000"	"200"	"8666800871392320400"	40000	"intercept"	0.5401234667
"0.85"	"0.8"	"0.75"	"0.01"	"0.005"	"0.01"	"100000"	"10000"	"200"	"8666800871392320400"	45000	"slope"	0.01079408
"0.85"	"0.8"	"0.75"	"0.01"	"0.005"	"0.01"	"100000"	"10000"	"200"	"8666800871392320400"	45000	"intercept"	0.48003597331
"0.85"	"0.8"	"0.75"	"0.01"	"0.005"	"0.01"	"100000"	"10000"	"200"	"8666800871392320400"	50000	"slope"	0.007166038
"0.85"	"0.8"	"0.75"	"0.01"	"0.005"	"0.01"	"100000"	"10000"	"200"	"8666800871392320400"	50000	"intercept"	0.4592098732665
"0.85"	"0.8"	"0.75"	"0.01"	"0.005"	"0.01"	"100000"	"10000"	"200"	"8666800871392320400"	55000	"slope"	0.038998061
"0.85"	"0.8"	"0.75"	"0.01"	"0.005"	"0.01"	"100000"	"10000"	"200"	"8666800871392320400"	55000	"intercept"	0.49068249036
"0.85"	"0.8"	"0.75"	"0.01"	"0.005"	"0.01"	"100000"	"10000"	"200"	"8666800871392320400"	60000	"slope"	0.02201272
"0.85"	"0.8"	"0.75"	"0.01"	"0.005"	"0.01"	"100000"	"10000"	"200"	"8666800871392320400"	60000	"intercept"	0.5348031468115
"0.85"	"0.8"	"0.75"	"0.01"	"0.005"	"0.01"	"100000"	"10000"	"200"	"8666800871392320400"	65000	"slope"	0.0367483735
"0.85"	"0.8"	"0.75"	"0.01"	"0.005"	"0.01"	"100000"	"10000"	"200"	"8666800871392320400"	65000	"intercept"	0.45513854855
"0.85"	"0.8"	"0.75"	"0.01"	"0.005"	"0.01"	"100000"	"10000"	"200"	"8666800871392320400"	70000	"slope"	0.0256626025
"0.85"	"0.8"	"0.75"	"0.01"	"0.005"	"0.01"	"100000"	"10000"	"200"	"8666800871392320400"	70000	"intercept"	0.42620179245
"0.85"	"0.8"	"0.75"	"0.01"	"0.005"	"0.01"	"100000"	"10000"	"200"	"8666800871392320400"	75000	"slope"	0.027527518
"0.85"	"0.8"	"0.75"	"0.01"	"0.005"	"0.01"	"100000"	"10000"	"200"	"8666800871392320400"	75000	"intercept"	0.451282705
"0.85"	"0.8"	"0.75"	"0.01"	"0.005"	"0.01"	"100000"	"10000"	"200"	"8666800871392320400"	80000	"slope"	0.0590677105
"0.85"	"0.8"	"0.75"	"0.01"	"0.005"	"0.01"	"100000"	"10000"	"200"	"8666800871392320400"	80000	"intercept"	0.479896931
"0.85"	"0.8"	"0.75"	"0.01"	"0.005"	"0.01"	"100000"	"10000"	"200"	"8666800871392320400"	85000	"slope"	0.05371446705
"0.85"	"0.8"	"0.75"	"0.01"	"0.005"	"0.01"	"100000"	"10000"	"200"	"8666800871392320400"	85000	"intercept"	0.4647727255
"0.85"	"0.8"	"0.75"	"0.01"	"0.005"	"0.01"	"100000"	"10000"	"200"	"8666800871392320400"	90000	"slope"	0.1041449603535
"0.85"	"0.8"	"0.75"	"0.01"	"0.005"	"0.01"	"100000"	"10000"	"200"	"8666800871392320400"	90000	"intercept"	0.5295952435
"0.85"	"0.8"	"0.75"	"0.01"	"0.005"	"0.01"	"100000"	"10000"	"200"	"8666800871392320400"	95000	"slope"	0.096371890125
"0.85"	"0.8"	"0.75"	"0.01"	"0.005"	"0.01"	"100000"	"10000"	"200"	"8666800871392320400"	95000	"intercept"	0.5004425365
"0.85"	"0.8"	"0.75"	"0.01"	"0.005"	"0.01"	"100000"	"10000"	"200"	"8666800871392320400"	100000	"slope"	0.00474491084
"0.85"	"0.8"	"0.75"	"0.01"	"0.005"	"0.01"	"100000"	"10000"	"200"	"8666800871392320400"	100000	"intercept"	0.424172968
"0.95"	"0.0"	"0.75"	"0.01"	"0.005"	"0.01"	"100000"	"10000"	"200"	"1314029247253407904"	10	"slope"	-0.00015019435
"0.95"	"0.0"	"0.75"	"0.01"	"0.005"	"0.01"	"100000"	"10000"	"200"	"1314029247253407904"	10	"intercept"	0.499896245
"0.95"	"0.0"	"0.75"	"0.01"	"0.005"	"0.01"	"100000"	"10000"	"200"	"1314029247253407904"	5000	"slope"	0.09805091
"0.95"	"0.0"	"0.75"	"0.01"	"0.005"	"0.01"	"100000"	"10000"	"200"	"1314029247253407904"	5000	"intercept"	0.874992155
"0.95"	"0.0"	"0.75"	"0.01"	"0.005"	"0.01"	"100000"	"10000"	"200"	"1314029247253407904"	10000	"slope"	0.0529094466
"0.95"	"0.0"	"0.75"	"0.01"	"0.005"	"0.01"	"100000"	"10000"	"200"	"1314029247253407904"	10000	"intercept"	0.913775975
"0.95"	"0.0"	"0.75"	"0.01"	"0.005"	"0.01"	"100000"	"10000"	"200"	"1314029247253407904"	15000	"slope"	0.035219566835
"0.95"	"0.0"	"0.75"	"0.01"	"0.005"	"0.01"	"100000"	"10000"	"200"	"1314029247253407904"	15000	"intercept"	0.923217825
"0.95"	"0.0"	"0.75"	"0.01"	"0.005"	"0.01"	"100000"	"10000"	"200"	"1314029247253407904"	20000	"slope"	0.04001386195
"0.95"	"0.0"	"0.75"	"0.01"	"0.005"	"0.01"	"100000"	"10000"	"200"	"1314029247253407904"	20000	"intercept"	0.921922155
"0.95"	"0.0"	"0.75"	"0.01"	"0.005"	"0.01"	"100000"	"10000"	"200"	"1314029247253407904"	25000	"slope"	0.0431795034525
"0.95"	"0.0"	"0.75"	"0.01"	"0.005"	"0.01"	"100000"	"10000"	"200"	"1314029247253407904"	25000	"intercept"	0.91713784
"0.95"	"0.0"	"0.75"	"0.01"	"0.005"	"0.01"	"100000"	"10000"	"200"	"1314029247253407904"	30000	"slope"	0.04931894525
"0.95"	"0.0"	"0.75"	"0.01"	"0.005"	"0.01"	"100000"	"10000"	"200"	"1314029247253407904"	30000	"intercept"	0.913984805
"0.95"	"0.0"	"0.75"	"0.01"	"0.005"	"0.01"	"100000"	"10000"	"200"	"1314029247253407904"	35000	"slope"	0.02496186225
"0.95"	"0.0"	"0.75"	"0.01"	"0.005"	"0.01"	"100000"	"10000"	"200"	"1314029247253407904"	35000	"intercept"	0.92895778
"0.95"	"0.0"	"0.75"	"0.01"	"0.005"	"0.01"	"100000"	"10000"	"200"	"1314029247253407904"	40000	"slope"	0.032154803355
"0.95"	"0.0"	"0.75"	"0.01"	"0.005"	"0.01"	"100000"	"10000"	"200"	"1314029247253407904"	40000	"intercept"	0.92594275
"0.95"	"0.0"	"0.75"	"0.01"	"0.005"	"0.01"	"100000"	"10000"	"200"	"1314029247253407904"	45000	"slope"	0.033002405105
"0.95"	"0.0"	"0.75"	"0.01"	"0.005"	"0.01"	"100000"	"10000"	"200"	"1314029247253407904"	45000	"intercept"	0.92325133
"0.95"	"0.0"	"0.75"	"0.01"	"0.005"	"0.01"	"100000"	"10000"	"200"	"1314029247253407904"	50000	"slope"	0.023581546995
"0.95"	"0.0"	"0.75"	"0.01"	"0.005"	"0.01"	"100000"	"10000"	"200"	"1314029247253407904"	50000	"intercept"	0.93553714
"0.95"	"0.0"	"0.75"	"0.01"	"0.005"	"0.01"	"100000"	"10000"	"200"	"1314029247253407904"	55000	"slope"	0.0482599348
"0.95"	"0.0"	"0.75"	"0.01"	"0.005"	"0.01"	"100000"	"10000"	"200"	"1314029247253407904"	55000	"intercept"	0.916876955
"0.95"	"0.0"	"0.75"	"0.01"	"0.005"	"0.01"	"100000"	"10000"	"200"	"1314029247253407904"	60000	"slope"	0.0509256766
"0.95"	"0.0"	"0.75"	"0.01"	"0.005"	"0.01"	"100000"	"10000"	"200"	"1314029247253407904"	60000	"intercept"	0.909348085
"0.95"	"0.0"	"0.75"	"0.01"	"0.005"	"0.01"	"100000"	"10000"	"200"	"1314029247253407904"	65000	"slope"	0.04535209565
"0.95"	"0.0"	"0.75"	"0.01"	"0.005"	"0.01"	"100000"	"10000"	"200"	"1314029247253407904"	65000	"intercept"	0.91701041
"0.95"	"0.0"	"0.75"	"0.01"	"0.005"	"0.01"	"100000"	"10000"	"200"	"1314029247253407904"	70000	"slope"	0.0341172537
"0.95"	"0.0"	"0.75"	"0.01"	"0.005"	"0.01"	"100000"	"10000"	"200"	"1314029247253407904"	70000	"intercept"	0.923864445
"0.95"	"0.0"	"0.75"	"0.01"	"0.005"	"0.01"	"100000"	"10000"	"200"	"1314029247253407904"	75000	"slope"	0.038141986568
"0.95"	"0.0"	"0.75"	"0.01"	"0.005"	"0.01"	"100000"	"10000"	"200"	"1314029247253407904"	75000	"intercept"	0.919521005
"0.95"	"0.0"	"0.75"	"0.01"	"0.005"	"0.01"	"100000"	"10000"	"200"	"1314029247253407904"	80000	"slope"	0.03563242317
"0.95"	"0.0"	"0.75"	"0.01"	"0.005"	"0.01"	"100000"	"10000"	"200"	"1314029247253407904"	80000	"intercept"	0.92322836
"0.95"	"0.0"	"0.75"	"0.01"	"0.005"	"0.01"	"100000"	"10000"	"200"	"1314029247253407904"	85000	"slope"	0.04385979765
"0.95"	"0.0"	"0.75"	"0.01"	"0.005"	"0.01"	"100000"	"10000"	"200"	"1314029247253407904"	85000	"intercept"	0.918952795
"0.95"	"0.0"	"0.75"	"0.01"	"0.005"	"0.01"	"100000"	"10000"	"200"	"1314029247253407904"	90000	"slope"	0.0334011641
"0.95"	"0.0"	"0.75"	"0.01"	"0.005"	"0.01"	"100000"	"10000"	"200"	"1314029247253407904"	90000	"intercept"	0.926425435
"0.95"	"0.0"	"0.75"	"0.01"	"0.005"	"0.01"	"100000"	"10000"	"200"	"1314029247253407904"	95000	"slope"	0.0400824935
"0.95"	"0.0"	"0.75"	"0.01"	"0.005"	"0.01"	"100000"	"10000"	"200"	"1314029247253407904"	95000	"intercept"	0.923154805
"0.95"	"0.0"	"0.75"	"0.01"	"0.005"	"0.01"	"100000"	"10000"	"200"	"1314029247253407904"	100000	"slope"	0.03262750406
"0.95"	"0.0"	"0.75"	"0.01"	"0.005"	"0.01"	"100000"	"10000"	"200"	"1314029247253407904"	100000	"intercept"	0.925276735
"0.95"	"0.0"	"0.75"	"0.01"	"0.005"	"0.01"	"100000"	"10000"	"200"	"4535656672494124661"	10	"slope"	0.00011810369
"0.95"	"0.0"	"0.75"	"0.01"	"0.005"	"0.01"	"100000"	"10000"	"200"	"4535656672494124661"	10	"intercept"	0.49997619
"0.95"	"0.0"	"0.75"	"0.01"	"0.005"	"0.01"	"100000"	"10000"	"200"	"4535656672494124661"	5000	"slope"	0.0574774105
"0.95"	"0.0"	"0.75"	"0.01"	"0.005"	"0.01"	"100000"	"10000"	"200"	"4535656672494124661"	5000	"intercept"	0.908674755
"0.95"	"0.0"	"0.75"	"0.01"	"0.005"	"0.01"	"100000"	"10000"	"200"	"4535656672494124661"	10000	"slope"	0.02626657693
"0.95"	"0.0"	"0.75"	"0.01"	"0.005"	"0.01"	"100000"	"10000"	"200"	"4535656672494124661"	10000	"intercept"	0.9289053
"0.95"	"0.0"	"0.75"	"0.01"	"0.005"	"0.01"	"100000"	"10000"	"200"	"4535656672494124661"	15000	"slope"	0.03468339638
"0.95"	"0.0"	"0.75"	"0.01"	"0.005"	"0.01"	"100000"	"10000"	"200"	"4535656672494124661"	15000	"intercept"	0.92557837
"0.95"	"0.0"	"0.75"	"0.01"	"0.005"	"0.01"	"100000"	"10000"	"200"	"4535656672494124661"	20000	"slope"	0.03873650757
"0.95"	"0.0"	"0.75"	"0.01"	"0.005"	"0.01"	"100000"	"10000"	"200"	"4535656672494124661"	20000	"intercept"	0.922636995
"0.95"	"0.0"	"0.75"	"0.01"	"0.005"	"0.01"	"100000"	"10000"	"200"	"4535656672494124661"	25000	"slope"	0.0453404002
"0.95"	"0.0"	"0.75"	"0.01"	"0.005"	"0.01"	"100000"	"10000"	"200"	"4535656672494124661"	25000	"intercept"	0.917547295
"0.95"	"0.0"	"0.75"	"0.01"	"0.005"	"0.01"	"100000"	"10000"	"200"	"4535656672494124661"	30000	"slope"	0.03323776589
"0.95"	"0.0"	"0.75"	"0.01"	"0.005"	"0.01"	"100000"	"10000"	"200"	"4535656672494124661"	30000	"intercept"	0.92678476
"0.95"	"0.0"	"0.75"	"0.01"	"0.005"	"0.01"	"100000"	"10000"	"200"	"4535656672494124661"	35000	"slope"	0.03600691381
"0.95"	"0.0"	"0.75"	"0.01"	"0.005"	"0.01"	"100000"	"10000"	"200"	"4535656672494124661"	35000	"intercept"	0.924792805
"0.95"	"0.0"	"0.75"	"0.01"	"0.005"	"0.01"	"100000"	"10000"	"200"	"4535656672494124661"	40000	"slope"	0.0518334394
"0.95"	"0.0"	"0.75"	"0.01"	"0.005"	"0.01"	"100000"	"10000"	"200"	"4535656672494124661"	40000	"intercept"	0.912856865
"0.95"	"0.0"	"0.75"	"0.01"	"0.005"	"0.01"	"100000"	"10000"	"200"	"4535656672494124661"	45000	"slope"	0.0394452892
"0.95"	"0.0"	"0.75"	"0.01"	"0.005"	"0.01"	"100000"	"10000"	"200"	"4535656672494124661"	45000	"intercept"	0.920141735
"0.95"	"0.0"	"0.75"	"0.01"	"0.005"	"0.01"	"100000"	"10000"	"200"	"4535656672494124661"	50000	"slope"	0.032875087185
"0.95"	"0.0"	"0.75"	"0.01"	"0.005"	"0.01"	"100000"	"10000"	"200"	"4535656672494124661"	50000	"intercept"	0.927131575
"0.95"	"0.0"	"0.75"	"0.01"	"0.005"	"0.01"	"100000"	"10000"	"200"	"4535656672494124661"	55000	"slope"	0.0542149285
"0.95"	"0.0"	"0.75"	"0.01"	"0.005"	"0.01"	"100000"	"10000"	"200"	"4535656672494124661"	55000	"intercept"	0.912571475
"0.95"	"0.0"	"0.75"	"0.01"	"0.005"	"0.01"	"100000"	"10000"	"200"	"4535656672494124661"	60000	"slope"	0.0344844316
"0.95"	"0.0"	"0.75"	"0.01"	"0.005"	"0.01"	"100000"	"10000"	"200"	"4535656672494124661"	60000	"intercept"	0.923370085
"0.95"	"0.0"	"0.75"	"0.01"	"0.005"	"0.01"	"100000"	"10000"	"200"	"4535656672494124661"	65000	"slope"	0.031227910975
"0.95"	"0.0"	"0.75"	"0.01"	"0.005"	"0.01"	"100000"	"10000"	"200"	"4535656672494124661"	65000	"intercept"	0.928385985
"0.95"	"0.0"	"0.75"	"0.01"	"0.005"	"0.01"	"100000"	"10000"	"200"	"4535656672494124661"	70000	"slope"	0.0383637625
"0.95"	"0.0"	"0.75"	"0.01"	"0.005"	"0.01"	"100000"	"10000"	"200"	"4535656672494124661"	70000	"intercept"	0.91959187
"0.95"	"0.0"	"0.75"	"0.01"	"0.005"	"0.01"	"100000"	"10000"	"200"	"4535656672494124661"	75000	"slope"	0.031074317055
"0.95"	"0.0"	"0.75"	"0.01"	"0.005"	"0.01"	"100000"	"10000"	"200"	"4535656672494124661"	75000	"intercept"	0.925659345
"0.95"	"0.0"	"0.75"	"0.01"	"0.005"	"0.01"	"100000"	"10000"	"200"	"4535656672494124661"	80000	"slope"	0.04259753608
"0.95"	"0.0"	"0.75"	"0.01"	"0.005"	"0.01"	"100000"	"10000"	"200"	"4535656672494124661"	80000	"intercept"	0.919319105
"0.95"	"0.0"	"0.75"	"0.01"	"0.005"	"0.01"	"100000"	"10000"	"200"	"4535656672494124661"	85000	"slope"	0.04144817835
"0.95"	"0.0"	"0.75"	"0.01"	"0.005"	"0.01"	"100000"	"10000"	"200"	"4535656672494124661"	85000	"intercept"	0.922007565
"0.95"	"0.0"	"0.75"	"0.01"	"0.005"	"0.01"	"100000"	"10000"	"200"	"4535656672494124661"	90000	"slope"	0.0575635804
"0.95"	"0.0"	"0.75"	"0.01"	"0.005"	"0.01"	"100000"	"10000"	"200"	"4535656672494124661"	90000	"intercept"	0.910416815
"0.95"	"0.0"	"0.75"	"0.01"	"0.005"	"0.01"	"100000"	"10000"	"200"	"4535656672494124661"	95000	"slope"	0.0344291914505
"0.95"	"0.0"	"0.75"	"0.01"	"0.005"	"0.01"	"100000"	"10000"	"200"	"4535656672494124661"	95000	"intercept"	0.92458703
"0.95"	"0.0"	"0.75"	"0.01"	"0.005"	"0.01"	"100000"	"10000"	"200"	"4535656672494124661"	100000	"slope"	0.037919994805
"0.95"	"0.0"	"0.75"	"0.01"	"0.005"	"0.01"	"100000"	"10000"	"200"	"4535656672494124661"	100000	"intercept"	0.921730145
"0.95"	"0.0"	"0.75"	"0.01"	"0.005"	"0.01"	"100000"	"10000"	"200"	"8677921247007508580"	10	"slope"	-5.224465e-05
"0.95"	"0.0"	"0.75"	"0.01"	"0.005"	"0.01"	"100000"	"10000"	"200"	"8677921247007508580"	10	"intercept"	0.5000294
"0.95"	"0.0"	"0.75"	"0.01"	"0.005"	"0.01"	"100000"	"10000"	"200"	"8677921247007508580"	5000	"slope"	0.07105886701
"0.95"	"0.0"	"0.75"	"0.01"	"0.005"	"0.01"	"100000"	"10000"	"200"	"8677921247007508580"	5000	"intercept"	0.898740755
"0.95"	"0.0"	"0.75"	"0.01"	"0.005"	"0.01"	"100000"	"10000"	"200"	"8677921247007508580"	10000	"slope"	0.02833688251
"0.95"	"0.0"	"0.75"	"0.01"	"0.005"	"0.01"	"100000"	"10000"	"200"	"8677921247007508580"	10000	"intercept"	0.929128475
"0.95"	"0.0"	"0.75"	"0.01"	"0.005"	"0.01"	"100000"	"10000"	"200"	"8677921247007508580"	15000	"slope"	0.0416630043
"0.95"	"0.0"	"0.75"	"0.01"	"0.005"	"0.01"	"100000"	"10000"	"200"	"8677921247007508580"	15000	"intercept"	0.920380905
"0.95"	"0.0"	"0.75"	"0.01"	"0.005"	"0.01"	"100000"	"10000"	"200"	"8677921247007508580"	20000	"slope"	0.0291254565965
"0.95"	"0.0"	"0.75"	"0.01"	"0.005"	"0.01"	"100000"	"10000"	"200"	"8677921247007508580"	20000	"intercept"	0.92756631
"0.95"	"0.0"	"0.75"	"0.01"	"0.005"	"0.01"	"100000"	"10000"	"200"	"8677921247007508580"	25000	"slope"	0.0239532781665
"0.95"	"0.0"	"0.75"	"0.01"	"0.005"	"0.01"	"100000"	"10000"	"200"	"8677921247007508580"	25000	"intercept"	0.931880075
"0.95"	"0.0"	"0.75"	"0.01"	"0.005"	"0.01"	"100000"	"10000"	"200"	"8677921247007508580"	30000	"slope"	0.03575436655
"0.95"	"0.0"	"0.75"	"0.01"	"0.005"	"0.01"	"100000"	"10000"	"200"	"8677921247007508580"	30000	"intercept"	0.921674925
"0.95"	"0.0"	"0.75"	"0.01"	"0.005"	"0.01"	"100000"	"10000"	"200"	"8677921247007508580"	35000	"slope"	0.0352951091
"0.95"	"0.0"	"0.75"	"0.01"	"0.005"	"0.01"	"100000"	"10000"	"200"	"8677921247007508580"	35000	"intercept"	0.930422905
"0.95"	"0.0"	"0.75"	"0.01"	"0.005"	"0.01"	"100000"	"10000"	"200"	"8677921247007508580"	40000	"slope"	0.03690756355
"0.95"	"0.0"	"0.75"	"0.01"	"0.005"	"0.01"	"100000"	"10000"	"200"	"8677921247007508580"	40000	"intercept"	0.9238872
"0.95"	"0.0"	"0.75"	"0.01"	"0.005"	"0.01"	"100000"	"10000"	"200"	"8677921247007508580"	45000	"slope"	0.04137733265
"0.95"	"0.0"	"0.75"	"0.01"	"0.005"	"0.01"	"100000"	"10000"	"200"	"8677921247007508580"	45000	"intercept"	0.92326789
"0.95"	"0.0"	"0.75"	"0.01"	"0.005"	"0.01"	"100000"	"10000"	"200"	"8677921247007508580"	50000	"slope"	0.04483151835
"0.95"	"0.0"	"0.75"	"0.01"	"0.005"	"0.01"	"100000"	"10000"	"200"	"8677921247007508580"	50000	"intercept"	0.91703256
"0.95"	"0.0"	"0.75"	"0.01"	"0.005"	"0.01"	"100000"	"10000"	"200"	"8677921247007508580"	55000	"slope"	0.00760382233
"0.95"	"0.0"	"0.75"	"0.01"	"0.005"	"0.01"	"100000"	"10000"	"200"	"8677921247007508580"	55000	"intercept"	0.942712515
"0.95"	"0.0"	"0.75"	"0.01"	"0.005"	"0.01"	"100000"	"10000"	"200"	"8677921247007508580"	60000	"slope"	0.019898269365
"0.95"	"0.0"	"0.75"	"0.01"	"0.005"	"0.01"	"100000"	"10000"	"200"	"8677921247007508580"	60000	"intercept"	0.935506255
"0.95"	"0.0"	"0.75"	"0.01"	"0.005"	"0.01"	"100000"	"10000"	"200"	"8677921247007508580"	65000	"slope"	0.04518120155
"0.95"	"0.0"	"0.75"	"0.01"	"0.005"	"0.01"	"100000"	"10000"	"200"	"8677921247007508580"	65000	"intercept"	0.916442885
"0.95"	"0.0"	"0.75"	"0.01"	"0.005"	"0.01"	"100000"	"10000"	"200"	"8677921247007508580"	70000	"slope"	0.0497219995
"0.95"	"0.0"	"0.75"	"0.01"	"0.005"	"0.01"	"100000"	"10000"	"200"	"8677921247007508580"	70000	"intercept"	0.914204835
"0.95"	"0.0"	"0.75"	"0.01"	"0.005"	"0.01"	"100000"	"10000"	"200"	"8677921247007508580"	75000	"slope"	0.0541745999
"0.95"	"0.0"	"0.75"	"0.01"	"0.005"	"0.01"	"100000"	"10000"	"200"	"8677921247007508580"	75000	"intercept"	0.91235897
"0.95"	"0.0"	"0.75"	"0.01"	"0.005"	"0.01"	"100000"	"10000"	"200"	"8677921247007508580"	80000	"slope"	0.04419100192
"0.95"	"0.0"	"0.75"	"0.01"	"0.005"	"0.01"	"100000"	"10000"	"200"	"8677921247007508580"	80000	"intercept"	0.918064465
"0.95"	"0.0"	"0.75"	"0.01"	"0.005"	"0.01"	"100000"	"10000"	"200"	"8677921247007508580"	85000	"slope"	0.02068617544
"0.95"	"0.0"	"0.75"	"0.01"	"0.005"	"0.01"	"100000"	"10000"	"200"	"8677921247007508580"	85000	"intercept"	0.93591192
"0.95"	"0.0"	"0.75"	"0.01"	"0.005"	"0.01"	"100000"	"10000"	"200"	"8677921247007508580"	90000	"slope"	0.02933197321
"0.95"	"0.0"	"0.75"	"0.01"	"0.005"	"0.01"	"100000"	"10000"	"200"	"8677921247007508580"	90000	"intercept"	0.925800125
"0.95"	"0.0"	"0.75"	"0.01"	"0.005"	"0.01"	"100000"	"10000"	"200"	"8677921247007508580"	95000	"slope"	0.02538896512
"0.95"	"0.0"	"0.75"	"0.01"	"0.005"	"0.01"	"100000"	"10000"	"200"	"8677921247007508580"	95000	"intercept"	0.93260955
"0.95"	"0.0"	"0.75"	"0.01"	"0.005"	"0.01"	"100000"	"10000"	"200"	"8677921247007508580"	100000	"slope"	0.02304969945
"0.95"	"0.0"	"0.75"	"0.01"	"0.005"	"0.01"	"100000"	"10000"	"200"	"8677921247007508580"	100000	"intercept"	0.936158855
"0.95"	"0.4"	"0.75"	"0.01"	"0.005"	"0.01"	"100000"	"10000"	"200"	"1215221674948030346"	10	"slope"	-6.9365e-05
"0.95"	"0.4"	"0.75"	"0.01"	"0.005"	"0.01"	"100000"	"10000"	"200"	"1215221674948030346"	10	"intercept"	0.49996569
"0.95"	"0.4"	"0.75"	"0.01"	"0.005"	"0.01"	"100000"	"10000"	"200"	"1215221674948030346"	5000	"slope"	0.05100253925
"0.95"	"0.4"	"0.75"	"0.01"	"0.005"	"0.01"	"100000"	"10000"	"200"	"1215221674948030346"	5000	"intercept"	0.908660705
"0.95"	"0.4"	"0.75"	"0.01"	"0.005"	"0.01"	"100000"	"10000"	"200"	"1215221674948030346"	10000	"slope"	0.03853111623
"0.95"	"0.4"	"0.75"	"0.01"	"0.005"	"0.01"	"100000"	"10000"	"200"	"1215221674948030346"	10000	"intercept"	0.916405565
"0.95"	"0.4"	"0.75"	"0.01"	"0.005"	"0.01"	"100000"	"10000"	"200"	"1215221674948030346"	15000	"slope"	0.02508565415
"0.95"	"0.4"	"0.75"	"0.01"	"0.005"	"0.01"	"100000"	"10000"	"200"	"1215221674948030346"	15000	"intercept"	0.9276785
"0.95"	"0.4"	"0.75"	"0.01"	"0.005"	"0.01"	"100000"	"10000"	"200"	"1215221674948030346"	20000	"slope"	0.00836926597
"0.95"	"0.4"	"0.75"	"0.01"	"0.005"	"0.01"	"100000"	"10000"	"200"	"1215221674948030346"	20000	"intercept"	0.9412389
"0.95"	"0.4"	"0.75"	"0.01"	"0.005"	"0.01"	"100000"	"10000"	"200"	"1215221674948030346"	25000	"slope"	-0.00745545902
"0.95"	"0.4"	"0.75"	"0.01"	"0.005"	"0.01"	"100000"	"10000"	"200"	"1215221674948030346"	25000	"intercept"	0.946538115
"0.95"	"0.4"	"0.75"	"0.01"	"0.005"	"0.01"	"100000"	"10000"	"200"	"1215221674948030346"	30000	"slope"	0.019836053045
"0.95"	"0.4"	"0.75"	"0.01"	"0.005"	"0.01"	"100000"	"10000"	"200"	"1215221674948030346"	30000	"intercept"	0.929789095
"0.95"	"0.4"	"0.75"	"0.01"	"0.005"	"0.01"	"100000"	"10000"	"200"	"1215221674948030346"	35000	"slope"	0.025676443715
"0.95"	"0.4"	"0.75"	"0.01"	"0.005"	"0.01"	"100000"	"10000"	"200"	"1215221674948030346"	35000	"intercept"	0.929001765
"0.95"	"0.4"	"0.75"	"0.01"	"0.005"	"0.01"	"100000"	"10000"	"200"	"1215221674948030346"	40000	"slope"	0.025971481665
"0.95"	"0.4"	"0.75"	"0.01"	"0.005"	"0.01"	"100000"	"10000"	"200"	"1215221674948030346"	40000	"intercept"	0.92763157
"0.95"	"0.4"	"0.75"	"0.01"	"0.005"	"0.01"	"100000"	"10000"	"200"	"1215221674948030346"	45000	"slope"	0.01413196147
"0.95"	"0.4"	"0.75"	"0.01"	"0.005"	"0.01"	"100000"	"10000"	"200"	"1215221674948030346"	45000	"intercept"	0.93394757
"0.95"	"0.4"	"0.75"	"0.01"	"0.005"	"0.01"	"100000"	"10000"	"200"	"1215221674948030346"	50000	"slope"	0.0246539052485
"0.95"	"0.4"	"0.75"	"0.01"	"0.005"	"0.01"	"100000"	"10000"	"200"	"1215221674948030346"	50000	"intercept"	0.929481305
"0.95"	"0.4"	"0.75"	"0.01"	"0.005"	"0.01"	"100000"	"10000"	"200"	"1215221674948030346"	55000	"slope"	0.034714812455
"0.95"	"0.4"	"0.75"	"0.01"	"0.005"	"0.01"	"100000"	"10000"	"200"	"1215221674948030346"	55000	"intercept"	0.92060723
"0.95"	"0.4"	"0.75"	"0.01"	"0.005"	"0.01"	"100000"	"10000"	"200"	"1215221674948030346"	60000	"slope"	0.02475571189
"0.95"	"0.4"	"0.75"	"0.01"	"0.005"	"0.01"	"100000"	"10000"	"200"	"1215221674948030346"	60000	"intercept"	0.92892586
"0.95"	"0.4"	"0.75"	"0.01"	"0.005"	"0.01"	"100000"	"10000"	"200"	"1215221674948030346"	65000	"slope"	0.02245960975
"0.95"	"0.4"	"0.75"	"0.01"	"0.005"	"0.01"	"100000"	"10000"	"200"	"1215221674948030346"	65000	"intercept"	0.92813199
"0.95"	"0.4"	"0.75"	"0.01"	"0.005"	"0.01"	"100000"	"10000"	"200"	"1215221674948030346"	70000	"slope"	0.029439375925
"0.95"	"0.4"	"0.75"	"0.01"	"0.005"	"0.01"	"100000"	"10000"	"200"	"1215221674948030346"	70000	"intercept"	0.928106055
"0.95"	"0.4"	"0.75"	"0.01"	"0.005"	"0.01"	"100000"	"10000"	"200"	"1215221674948030346"	75000	"slope"	0.0044393463
"0.95"	"0.4"	"0.75"	"0.01"	"0.005"	"0.01"	"100000"	"10000"	"200"	"1215221674948030346"	75000	"intercept"	0.93902541
"0.95"	"0.4"	"0.75"	"0.01"	"0.005"	"0.01"	"100000"	"10000"	"200"	"1215221674948030346"	80000	"slope"	0.03478801401
"0.95"	"0.4"	"0.75"	"0.01"	"0.005"	"0.01"	"100000"	"10000"	"200"	"1215221674948030346"	80000	"intercept"	0.920305415
"0.95"	"0.4"	"0.75"	"0.01"	"0.005"	"0.01"	"100000"	"10000"	"200"	"1215221674948030346"	85000	"slope"	0.0168067466155
"0.95"	"0.4"	"0.75"	"0.01"	"0.005"	"0.01"	"100000"	"10000"	"200"	"1215221674948030346"	85000	"intercept"	0.933710055
"0.95"	"0.4"	"0.75"	"0.01"	"0.005"	"0.01"	"100000"	"10000"	"200"	"1215221674948030346"	90000	"slope"	0.00743432166
"0.95"	"0.4"	"0.75"	"0.01"	"0.005"	"0.01"	"100000"	"10000"	"200"	"1215221674948030346"	90000	"intercept"	0.93825296
"0.95"	"0.4"	"0.75"	"0.01"	"0.005"	"0.01"	"100000"	"10000"	"200"	"1215221674948030346"	95000	"slope"	0.00234504759
"0.95"	"0.4"	"0.75"	"0.01"	"0.005"	"0.01"	"100000"	"10000"	"200"	"1215221674948030346"	95000	"intercept"	0.936238355
"0.95"	"0.4"	"0.75"	"0.01"	"0.005"	"0.01"	"100000"	"10000"	"200"	"1215221674948030346"	100000	"slope"	0.01287444981
"0.95"	"0.4"	"0.75"	"0.01"	"0.005"	"0.01"	"100000"	"10000"	"200"	"1215221674948030346"	100000	"intercept"	0.938531675
"0.95"	"0.4"	"0.75"	"0.01"	"0.005"	"0.01"	"100000"	"10000"	"200"	"6206554842308072738"	10	"slope"	0.00010014129
"0.95"	"0.4"	"0.75"	"0.01"	"0.005"	"0.01"	"100000"	"10000"	"200"	"6206554842308072738"	10	"intercept"	0.50001429
"0.95"	"0.4"	"0.75"	"0.01"	"0.005"	"0.01"	"100000"	"10000"	"200"	"6206554842308072738"	5000	"slope"	0.099030573
"0.95"	"0.4"	"0.75"	"0.01"	"0.005"	"0.01"	"100000"	"10000"	"200"	"6206554842308072738"	5000	"intercept"	0.8769491
"0.95"	"0.4"	"0.75"	"0.01"	"0.005"	"0.01"	"100000"	"10000"	"200"	"6206554842308072738"	10000	"slope"	0.0540172699
"0.95"	"0.4"	"0.75"	"0.01"	"0.005"	"0.01"	"100000"	"10000"	"200"	"6206554842308072738"	10000	"intercept"	0.90541935
"0.95"	"0.4"	"0.75"	"0.01"	"0.005"	"0.01"	"100000"	"10000"	"200"	"6206554842308072738"	15000	"slope"	0.028471223285
"0.95"	"0.4"	"0.75"	"0.01"	"0.005"	"0.01"	"100000"	"10000"	"200"	"6206554842308072738"	15000	"intercept"	0.92868462
"0.95"	"0.4"	"0.75"	"0.01"	"0.005"	"0.01"	"100000"	"10000"	"200"	"6206554842308072738"	20000	"slope"	0.01759788712
"0.95"	"0.4"	"0.75"	"0.01"	"0.005"	"0.01"	"100000"	"10000"	"200"	"6206554842308072738"	20000	"intercept"	0.935872295
"0.95"	"0.4"	"0.75"	"0.01"	"0.005"	"0.01"	"100000"	"10000"	"200"	"6206554842308072738"	25000	"slope"	0.02625212735
"0.95"	"0.4"	"0.75"	"0.01"	"0.005"	"0.01"	"100000"	"10000"	"200"	"6206554842308072738"	25000	"intercept"	0.925195615
"0.95"	"0.4"	"0.75"	"0.01"	"0.005"	"0.01"	"100000"	"10000"	"200"	"6206554842308072738"	30000	"slope"	0.02712517216
"0.95"	"0.4"	"0.75"	"0.01"	"0.005"	"0.01"	"100000"	"10000"	"200"	"6206554842308072738"	30000	"intercept"	0.93051574
"0.95"	"0.4"	"0.75"	"0.01"	"0.005"	"0.01"	"100000"	"10000"	"200"	"6206554842308072738"	35000	"slope"	0.02579769783
"0.95"	"0.4"	"0.75"	"0.01"	"0.005"	"0.01"	"100000"	"10000"	"200"	"6206554842308072738"	35000	"intercept"	0.925683235
"0.95"	"0.4"	"0.75"	"0.01"	"0.005"	"0.01"	"100000"	"10000"	"200"	"6206554842308072738"	40000	"slope"	0.02906000045
"0.95"	"0.4"	"0.75"	"0.01"	"0.005"	"0.01"	"100000"	"10000"	"200"	"6206554842308072738"	40000	"intercept"	0.925508525
"0.95"	"0.4"	"0.75"	"0.01"	"0.005"	"0.01"	"100000"	"10000"	"200"	"6206554842308072738"	45000	"slope"	0.02401807895
"0.95"	"0.4"	"0.75"	"0.01"	"0.005"	"0.01"	"100000"	"10000"	"200"	"6206554842308072738"	45000	"intercept"	0.93134724
"0.95"	"0.4"	"0.75"	"0.01"	"0.005"	"0.01"	"100000"	"10000"	"200"	"6206554842308072738"	50000	"slope"	-0.000651954495
"0.95"	"0.4"	"0.75"	"0.01"	"0.005"	"0.01"	"100000"	"10000"	"200"	"6206554842308072738"	50000	"intercept"	0.948610725
"0.95"	"0.4"	"0.75"	"0.01"	"0.005"	"0.01"	"100000"	"10000"	"200"	"6206554842308072738"	55000	"slope"	0.0138870539
"0.95"	"0.4"	"0.75"	"0.01"	"0.005"	"0.01"	"100000"	"10000"	"200"	"6206554842308072738"	55000	"intercept"	0.93238243
"0.95"	"0.4"	"0.75"	"0.01"	"0.005"	"0.01"	"100000"	"10000"	"200"	"6206554842308072738"	60000	"slope"	-0.000778297937
"0.95"	"0.4"	"0.75"	"0.01"	"0.005"	"0.01"	"100000"	"10000"	"200"	"6206554842308072738"	60000	"intercept"	0.943950155
"0.95"	"0.4"	"0.75"	"0.01"	"0.005"	"0.01"	"100000"	"10000"	"200"	"6206554842308072738"	65000	"slope"	0.01195109066
"0.95"	"0.4"	"0.75"	"0.01"	"0.005"	"0.01"	"100000"	"10000"	"200"	"6206554842308072738"	65000	"intercept"	0.935839195
"0.95"	"0.4"	"0.75"	"0.01"	"0.005"	"0.01"	"100000"	"10000"	"200"	"6206554842308072738"	70000	"slope"	0.02037526664
"0.95"	"0.4"	"0.75"	"0.01"	"0.005"	"0.01"	"100000"	"10000"	"200"	"6206554842308072738"	70000	"intercept"	0.932849535
"0.95"	"0.4"	"0.75"	"0.01"	"0.005"	"0.01"	"100000"	"10000"	"200"	"6206554842308072738"	75000	"slope"	0.02244812494
"0.95"	"0.4"	"0.75"	"0.01"	"0.005"	"0.01"	"100000"	"10000"	"200"	"6206554842308072738"	75000	"intercept"	0.9293571
"0.95"	"0.4"	"0.75"	"0.01"	"0.005"	"0.01"	"100000"	"10000"	"200"	"6206554842308072738"	80000	"slope"	-0.003356547191
"0.95"	"0.4"	"0.75"	"0.01"	"0.005"	"0.01"	"100000"	"10000"	"200"	"6206554842308072738"	80000	"intercept"	0.945720685
"0.95"	"0.4"	"0.75"	"0.01"	"0.005"	"0.01"	"100000"	"10000"	"200"	"6206554842308072738"	85000	"slope"	0.003099894125
"0.95"	"0.4"	"0.75"	"0.01"	"0.005"	"0.01"	"100000"	"10000"	"200"	"6206554842308072738"	85000	"intercept"	0.939040625
"0.95"	"0.4"	"0.75"	"0.01"	"0.005"	"0.01"	"100000"	"10000"	"200"	"6206554842308072738"	90000	"slope"	0.00308776998
"0.95"	"0.4"	"0.75"	"0.01"	"0.005"	"0.01"	"100000"	"10000"	"200"	"6206554842308072738"	90000	"intercept"	0.93936518
"0.95"	"0.4"	"0.75"	"0.01"	"0.005"	"0.01"	"100000"	"10000"	"200"	"6206554842308072738"	95000	"slope"	0.02893637278
"0.95"	"0.4"	"0.75"	"0.01"	"0.005"	"0.01"	"100000"	"10000"	"200"	"6206554842308072738"	95000	"intercept"	0.92524313
"0.95"	"0.4"	"0.75"	"0.01"	"0.005"	"0.01"	"100000"	"10000"	"200"	"6206554842308072738"	100000	"slope"	0.01414835459
"0.95"	"0.4"	"0.75"	"0.01"	"0.005"	"0.01"	"100000"	"10000"	"200"	"6206554842308072738"	100000	"intercept"	0.934614185
"0.95"	"0.4"	"0.75"	"0.01"	"0.005"	"0.01"	"100000"	"10000"	"200"	"6950764723769732898"	10	"slope"	-0.00015531434
"0.95"	"0.4"	"0.75"	"0.01"	"0.005"	"0.01"	"100000"	"10000"	"200"	"6950764723769732898"	10	"intercept"	0.4999878
"0.95"	"0.4"	"0.75"	"0.01"	"0.005"	"0.01"	"100000"	"10000"	"200"	"6950764723769732898"	5000	"slope"	0.12657637
"0.95"	"0.4"	"0.75"	"0.01"	"0.005"	"0.01"	"100000"	"10000"	"200"	"6950764723769732898"	5000	"intercept"	0.848759655
"0.95"	"0.4"	"0.75"	"0.01"	"0.005"	"0.01"	"100000"	"10000"	"200"	"6950764723769732898"	10000	"slope"	0.0599840485
"0.95"	"0.4"	"0.75"	"0.01"	"0.005"	"0.01"	"100000"	"10000"	"200"	"6950764723769732898"	10000	"intercept"	0.90223497
"0.95"	"0.4"	"0.75"	"0.01"	"0.005"	"0.01"	"100000"	"10000"	"200"	"6950764723769732898"	15000	"slope"	0.037831387155
"0.95"	"0.4"	"0.75"	"0.01"	"0.005"	"0.01"	"100000"	"10000"	"200"	"6950764723769732898"	15000	"intercept"	0.917526655
"0.95"	"0.4"	"0.75"	"0.01"	"0.005"	"0.01"	"100000"	"10000"	"200"	"6950764723769732898"	20000	"slope"	0.03026520424
"0.95"	"0.4"	"0.75"	"0.01"	"0.005"	"0.01"	"100000"	"10000"	"200"	"6950764723769732898"	20000	"intercept"	0.924985235
"0.95"	"0.4"	"0.75"	"0.01"	"0.005"	"0.01"	"100000"	"10000"	"200"	"6950764723769732898"	25000	"slope"	0.01019641857
"0.95"	"0.4"	"0.75"	"0.01"	"0.005"	"0.01"	"100000"	"10000"	"200"	"6950764723769732898"	25000	"intercept"	0.93488237
"0.95"	"0.4"	"0.75"	"0.01"	"0.005"	"0.01"	"100000"	"10000"	"200"	"6950764723769732898"	30000	"slope"	0.04152283775
"0.95"	"0.4"	"0.75"	"0.01"	"0.005"	"0.01"	"100000"	"10000"	"200"	"6950764723769732898"	30000	"intercept"	0.91699978
"0.95"	"0.4"	"0.75"	"0.01"	"0.005"	"0.01"	"100000"	"10000"	"200"	"6950764723769732898"	35000	"slope"	0.00933774622
"0.95"	"0.4"	"0.75"	"0.01"	"0.005"	"0.01"	"100000"	"10000"	"200"	"6950764723769732898"	35000	"intercept"	0.93609524
"0.95"	"0.4"	"0.75"	"0.01"	"0.005"	"0.01"	"100000"	"10000"	"200"	"6950764723769732898"	40000	"slope"	0.01651718609
"0.95"	"0.4"	"0.75"	"0.01"	"0.005"	"0.01"	"100000"	"10000"	"200"	"6950764723769732898"	40000	"intercept"	0.93607384
"0.95"	"0.4"	"0.75"	"0.01"	"0.005"	"0.01"	"100000"	"10000"	"200"	"6950764723769732898"	45000	"slope"	0.0184858037445
"0.95"	"0.4"	"0.75"	"0.01"	"0.005"	"0.01"	"100000"	"10000"	"200"	"6950764723769732898"	45000	"intercept"	0.93172029
"0.95"	"0.4"	"0.75"	"0.01"	"0.005"	"0.01"	"100000"	"10000"	"200"	"6950764723769732898"	50000	"slope"	0.006616822535
"0.95"	"0.4"	"0.75"	"0.01"	"0.005"	"0.01"	"100000"	"10000"	"200"	"6950764723769732898"	50000	"intercept"	0.936423775
"0.95"	"0.4"	"0.75"	"0.01"	"0.005"	"0.01"	"100000"	"10000"	"200"	"6950764723769732898"	55000	"slope"	0.024693308045
"0.95"	"0.4"	"0.75"	"0.01"	"0.005"	"0.01"	"100000"	"10000"	"200"	"6950764723769732898"	55000	"intercept"	0.92852242
"0.95"	"0.4"	"0.75"	"0.01"	"0.005"	"0.01"	"100000"	"10000"	"200"	"6950764723769732898"	60000	"slope"	0.028554090225
"0.95"	"0.4"	"0.75"	"0.01"	"0.005"	"0.01"	"100000"	"10000"	"200"	"6950764723769732898"	60000	"intercept"	0.92404899
"0.95"	"0.4"	"0.75"	"0.01"	"0.005"	"0.01"	"100000"	"10000"	"200"	"6950764723769732898"	65000	"slope"	0.011834837785
"0.95"	"0.4"	"0.75"	"0.01"	"0.005"	"0.01"	"100000"	"10000"	"200"	"6950764723769732898"	65000	"intercept"	0.934827745
"0.95"	"0.4"	"0.75"	"0.01"	"0.005"	"0.01"	"100000"	"10000"	"200"	"6950764723769732898"	70000	"slope"	0.008984522385
"0.95"	"0.4"	"0.75"	"0.01"	"0.005"	"0.01"	"100000"	"10000"	"200"	"6950764723769732898"	70000	"intercept"	0.939479565
"0.95"	"0.4"	"0.75"	"0.01"	"0.005"	"0.01"	"100000"	"10000"	"200"	"6950764723769732898"	75000	"slope"	0.001646390345
"0.95"	"0.4"	"0.75"	"0.01"	"0.005"	"0.01"	"100000"	"10000"	"200"	"6950764723769732898"	75000	"intercept"	0.94405368
"0.95"	"0.4"	"0.75"	"0.01"	"0.005"	"0.01"	"100000"	"10000"	"200"	"6950764723769732898"	80000	"slope"	0.01479014145
"0.95"	"0.4"	"0.75"	"0.01"	"0.005"	"0.01"	"100000"	"10000"	"200"	"6950764723769732898"	80000	"intercept"	0.933423355
"0.95"	"0.4"	"0.75"	"0.01"	"0.005"	"0.01"	"100000"	"10000"	"200"	"6950764723769732898"	85000	"slope"	0.007242076375
"0.95"	"0.4"	"0.75"	"0.01"	"0.005"	"0.01"	"100000"	"10000"	"200"	"6950764723769732898"	85000	"intercept"	0.940997975
"0.95"	"0.4"	"0.75"	"0.01"	"0.005"	"0.01"	"100000"	"10000"	"200"	"6950764723769732898"	90000	"slope"	-0.00179364175
"0.95"	"0.4"	"0.75"	"0.01"	"0.005"	"0.01"	"100000"	"10000"	"200"	"6950764723769732898"	90000	"intercept"	0.945679115
"0.95"	"0.4"	"0.75"	"0.01"	"0.005"	"0.01"	"100000"	"10000"	"200"	"6950764723769732898"	95000	"slope"	-0.001316618715
"0.95"	"0.4"	"0.75"	"0.01"	"0.005"	"0.01"	"100000"	"10000"	"200"	"6950764723769732898"	95000	"intercept"	0.942718845
"0.95"	"0.4"	"0.75"	"0.01"	"0.005"	"0.01"	"100000"	"10000"	"200"	"6950764723769732898"	100000	"slope"	0.03409702027
"0.95"	"0.4"	"0.75"	"0.01"	"0.005"	"0.01"	"100000"	"10000"	"200"	"6950764723769732898"	100000	"intercept"	0.921185605
"0.95"	"0.6"	"0.75"	"0.01"	"0.005"	"0.01"	"100000"	"10000"	"200"	"5158346842390032569"	10	"slope"	-9.7924375e-05
"0.95"	"0.6"	"0.75"	"0.01"	"0.005"	"0.01"	"100000"	"10000"	"200"	"5158346842390032569"	10	"intercept"	0.499977945
"0.95"	"0.6"	"0.75"	"0.01"	"0.005"	"0.01"	"100000"	"10000"	"200"	"5158346842390032569"	5000	"slope"	0.059467922
"0.95"	"0.6"	"0.75"	"0.01"	"0.005"	"0.01"	"100000"	"10000"	"200"	"5158346842390032569"	5000	"intercept"	0.76358993
"0.95"	"0.6"	"0.75"	"0.01"	"0.005"	"0.01"	"100000"	"10000"	"200"	"5158346842390032569"	10000	"slope"	-0.05199116498
"0.95"	"0.6"	"0.75"	"0.01"	"0.005"	"0.01"	"100000"	"10000"	"200"	"5158346842390032569"	10000	"intercept"	0.70126107
"0.95"	"0.6"	"0.75"	"0.01"	"0.005"	"0.01"	"100000"	"10000"	"200"	"5158346842390032569"	15000	"slope"	-0.10991014313
"0.95"	"0.6"	"0.75"	"0.01"	"0.005"	"0.01"	"100000"	"10000"	"200"	"5158346842390032569"	15000	"intercept"	0.6395442244
"0.95"	"0.6"	"0.75"	"0.01"	"0.005"	"0.01"	"100000"	"10000"	"200"	"5158346842390032569"	20000	"slope"	-0.0998635725095
"0.95"	"0.6"	"0.75"	"0.01"	"0.005"	"0.01"	"100000"	"10000"	"200"	"5158346842390032569"	20000	"intercept"	0.6711449
"0.95"	"0.6"	"0.75"	"0.01"	"0.005"	"0.01"	"100000"	"10000"	"200"	"5158346842390032569"	25000	"slope"	-0.13734775125
"0.95"	"0.6"	"0.75"	"0.01"	"0.005"	"0.01"	"100000"	"10000"	"200"	"5158346842390032569"	25000	"intercept"	0.64257107
"0.95"	"0.6"	"0.75"	"0.01"	"0.005"	"0.01"	"100000"	"10000"	"200"	"5158346842390032569"	30000	"slope"	-0.1192949006
"0.95"	"0.6"	"0.75"	"0.01"	"0.005"	"0.01"	"100000"	"10000"	"200"	"5158346842390032569"	30000	"intercept"	0.601378235
"0.95"	"0.6"	"0.75"	"0.01"	"0.005"	"0.01"	"100000"	"10000"	"200"	"5158346842390032569"	35000	"slope"	-0.11947710611
"0.95"	"0.6"	"0.75"	"0.01"	"0.005"	"0.01"	"100000"	"10000"	"200"	"5158346842390032569"	35000	"intercept"	0.61921325
"0.95"	"0.6"	"0.75"	"0.01"	"0.005"	"0.01"	"100000"	"10000"	"200"	"5158346842390032569"	40000	"slope"	-0.10635630755
"0.95"	"0.6"	"0.75"	"0.01"	"0.005"	"0.01"	"100000"	"10000"	"200"	"5158346842390032569"	40000	"intercept"	0.564316165
"0.95"	"0.6"	"0.75"	"0.01"	"0.005"	"0.01"	"100000"	"10000"	"200"	"5158346842390032569"	45000	"slope"	-0.10432902015
"0.95"	"0.6"	"0.75"	"0.01"	"0.005"	"0.01"	"100000"	"10000"	"200"	"5158346842390032569"	45000	"intercept"	0.54746694
"0.95"	"0.6"	"0.75"	"0.01"	"0.005"	"0.01"	"100000"	"10000"	"200"	"5158346842390032569"	50000	"slope"	-0.0742921507
"0.95"	"0.6"	"0.75"	"0.01"	"0.005"	"0.01"	"100000"	"10000"	"200"	"5158346842390032569"	50000	"intercept"	0.6015318635
"0.95"	"0.6"	"0.75"	"0.01"	"0.005"	"0.01"	"100000"	"10000"	"200"	"5158346842390032569"	55000	"slope"	-0.079752576
"0.95"	"0.6"	"0.75"	"0.01"	"0.005"	"0.01"	"100000"	"10000"	"200"	"5158346842390032569"	55000	"intercept"	0.533263335315
"0.95"	"0.6"	"0.75"	"0.01"	"0.005"	"0.01"	"100000"	"10000"	"200"	"5158346842390032569"	60000	"slope"	-0.06351212485
"0.95"	"0.6"	"0.75"	"0.01"	"0.005"	"0.01"	"100000"	"10000"	"200"	"5158346842390032569"	60000	"intercept"	0.5637687576
"0.95"	"0.6"	"0.75"	"0.01"	"0.005"	"0.01"	"100000"	"10000"	"200"	"5158346842390032569"	65000	"slope"	-0.0796647798
"0.95"	"0.6"	"0.75"	"0.01"	"0.005"	"0.01"	"100000"	"10000"	"200"	"5158346842390032569"	65000	"intercept"	0.61193038125
"0.95"	"0.6"	"0.75"	"0.01"	"0.005"	"0.01"	"100000"	"10000"	"200"	"5158346842390032569"	70000	"slope"	-0.11252789636
"0.95"	"0.6"	"0.75"	"0.01"	"0.005"	"0.01"	"100000"	"10000"	"200"	"5158346842390032569"	70000	"intercept"	0.58541059885
"0.95"	"0.6"	"0.75"	"0.01"	"0.005"	"0.01"	"100000"	"10000"	"200"	"5158346842390032569"	75000	"slope"	-0.0540477826
"0.95"	"0.6"	"0.75"	"0.01"	"0.005"	"0.01"	"100000"	"10000"	"200"	"5158346842390032569"	75000	"intercept"	0.591428508245
"0.95"	"0.6"	"0.75"	"0.01"	"0.005"	"0.01"	"100000"	"10000"	"200"	"5158346842390032569"	80000	"slope"	-0.02999088965
"0.95"	"0.6"	"0.75"	"0.01"	"0.005"	"0.01"	"100000"	"10000"	"200"	"5158346842390032569"	80000	"intercept"	0.576426576775
"0.95"	"0.6"	"0.75"	"0.01"	"0.005"	"0.01"	"100000"	"10000"	"200"	"5158346842390032569"	85000	"slope"	-0.04921280905
"0.95"	"0.6"	"0.75"	"0.01"	"0.005"	"0.01"	"100000"	"10000"	"200"	"5158346842390032569"	85000	"intercept"	0.47878402085
"0.95"	"0.6"	"0.75"	"0.01"	"0.005"	"0.01"	"100000"	"10000"	"200"	"5158346842390032569"	90000	"slope"	-0.10566939854
"0.95"	"0.6"	"0.75"	"0.01"	"0.005"	"0.01"	"100000"	"10000"	"200"	"5158346842390032569"	90000	"intercept"	0.437986139
"0.95"	"0.6"	"0.75"	"0.01"	"0.005"	"0.01"	"100000"	"10000"	"200"	"5158346842390032569"	95000	"slope"	-0.0402710134
"0.95"	"0.6"	"0.75"	"0.01"	"0.005"	"0.01"	"100000"	"10000"	"200"	"5158346842390032569"	95000	"intercept"	0.539094128105
"0.95"	"0.6"	"0.75"	"0.01"	"0.005"	"0.01"	"100000"	"10000"	"200"	"5158346842390032569"	100000	"slope"	-0.008932889
"0.95"	"0.6"	"0.75"	"0.01"	"0.005"	"0.01"	"100000"	"10000"	"200"	"5158346842390032569"	100000	"intercept"	0.59512890745
"0.95"	"0.6"	"0.75"	"0.01"	"0.005"	"0.01"	"100000"	"10000"	"200"	"5427964427573726192"	10	"slope"	-0.00014485736
"0.95"	"0.6"	"0.75"	"0.01"	"0.005"	"0.01"	"100000"	"10000"	"200"	"5427964427573726192"	10	"intercept"	0.499990955
"0.95"	"0.6"	"0.75"	"0.01"	"0.005"	"0.01"	"100000"	"10000"	"200"	"5427964427573726192"	5000	"slope"	0.0199358853
"0.95"	"0.6"	"0.75"	"0.01"	"0.005"	"0.01"	"100000"	"10000"	"200"	"5427964427573726192"	5000	"intercept"	0.783096895
"0.95"	"0.6"	"0.75"	"0.01"	"0.005"	"0.01"	"100000"	"10000"	"200"	"5427964427573726192"	10000	"slope"	-0.021202716495
"0.95"	"0.6"	"0.75"	"0.01"	"0.005"	"0.01"	"100000"	"10000"	"200"	"5427964427573726192"	10000	"intercept"	0.67258526
"0.95"	"0.6"	"0.75"	"0.01"	"0.005"	"0.01"	"100000"	"10000"	"200"	"5427964427573726192"	15000	"slope"	-0.072784809215
"0.95"	"0.6"	"0.75"	"0.01"	"0.005"	"0.01"	"100000"	"10000"	"200"	"5427964427573726192"	15000	"intercept"	0.68418399255
"0.95"	"0.6"	"0.75"	"0.01"	"0.005"	"0.01"	"100000"	"10000"	"200"	"5427964427573726192"	20000	"slope"	-0.104823772651
"0.95"	"0.6"	"0.75"	"0.01"	"0.005"	"0.01"	"100000"	"10000"	"200"	"5427964427573726192"	20000	"intercept"	0.665556295
"0.95"	"0.6"	"0.75"	"0.01"	"0.005"	"0.01"	"100000"	"10000"	"200"	"5427964427573726192"	25000	"slope"	-0.129287590565
"0.95"	"0.6"	"0.75"	"0.01"	"0.005"	"0.01"	"100000"	"10000"	"200"	"5427964427573726192"	25000	"intercept"	0.62767071
"0.95"	"0.6"	"0.75"	"0.01"	"0.005"	"0.01"	"100000"	"10000"	"200"	"5427964427573726192"	30000	"slope"	-0.1359437114279
"0.95"	"0.6"	"0.75"	"0.01"	"0.005"	"0.01"	"100000"	"10000"	"200"	"5427964427573726192"	30000	"intercept"	0.66306343
"0.95"	"0.6"	"0.75"	"0.01"	"0.005"	"0.01"	"100000"	"10000"	"200"	"5427964427573726192"	35000	"slope"	-0.17270864225
"0.95"	"0.6"	"0.75"	"0.01"	"0.005"	"0.01"	"100000"	"10000"	"200"	"5427964427573726192"	35000	"intercept"	0.614454215
"0.95"	"0.6"	"0.75"	"0.01"	"0.005"	"0.01"	"100000"	"10000"	"200"	"5427964427573726192"	40000	"slope"	-0.1737967318215
"0.95"	"0.6"	"0.75"	"0.01"	"0.005"	"0.01"	"100000"	"10000"	"200"	"5427964427573726192"	40000	"intercept"	0.5996528
"0.95"	"0.6"	"0.75"	"0.01"	"0.005"	"0.01"	"100000"	"10000"	"200"	"5427964427573726192"	45000	"slope"	-0.145853663435
"0.95"	"0.6"	"0.75"	"0.01"	"0.005"	"0.01"	"100000"	"10000"	"200"	"5427964427573726192"	45000	"intercept"	0.641714525
"0.95"	"0.6"	"0.75"	"0.01"	"0.005"	"0.01"	"100000"	"10000"	"200"	"5427964427573726192"	50000	"slope"	-0.13899026145
"0.95"	"0.6"	"0.75"	"0.01"	"0.005"	"0.01"	"100000"	"10000"	"200"	"5427964427573726192"	50000	"intercept"	0.599809465
"0.95"	"0.6"	"0.75"	"0.01"	"0.005"	"0.01"	"100000"	"10000"	"200"	"5427964427573726192"	55000	"slope"	-0.1366797415
"0.95"	"0.6"	"0.75"	"0.01"	"0.005"	"0.01"	"100000"	"10000"	"200"	"5427964427573726192"	55000	"intercept"	0.5133898538
"0.95"	"0.6"	"0.75"	"0.01"	"0.005"	"0.01"	"100000"	"10000"	"200"	"5427964427573726192"	60000	"slope"	-0.15552619635
"0.95"	"0.6"	"0.75"	"0.01"	"0.005"	"0.01"	"100000"	"10000"	"200"	"5427964427573726192"	60000	"intercept"	0.6663244935
"0.95"	"0.6"	"0.75"	"0.01"	"0.005"	"0.01"	"100000"	"10000"	"200"	"5427964427573726192"	65000	"slope"	-0.13047090667
"0.95"	"0.6"	"0.75"	"0.01"	"0.005"	"0.01"	"100000"	"10000"	"200"	"5427964427573726192"	65000	"intercept"	0.634507491375
"0.95"	"0.6"	"0.75"	"0.01"	"0.005"	"0.01"	"100000"	"10000"	"200"	"5427964427573726192"	70000	"slope"	-0.08572364621
"0.95"	"0.6"	"0.75"	"0.01"	"0.005"	"0.01"	"100000"	"10000"	"200"	"5427964427573726192"	70000	"intercept"	0.6440636
"0.95"	"0.6"	"0.75"	"0.01"	"0.005"	"0.01"	"100000"	"10000"	"200"	"5427964427573726192"	75000	"slope"	-0.0438863265
"0.95"	"0.6"	"0.75"	"0.01"	"0.005"	"0.01"	"100000"	"10000"	"200"	"5427964427573726192"	75000	"intercept"	0.40843738308
"0.95"	"0.6"	"0.75"	"0.01"	"0.005"	"0.01"	"100000"	"10000"	"200"	"5427964427573726192"	80000	"slope"	-0.016231439
"0.95"	"0.6"	"0.75"	"0.01"	"0.005"	"0.01"	"100000"	"10000"	"200"	"5427964427573726192"	80000	"intercept"	0.4504032139
"0.95"	"0.6"	"0.75"	"0.01"	"0.005"	"0.01"	"100000"	"10000"	"200"	"5427964427573726192"	85000	"slope"	-0.067647284685
"0.95"	"0.6"	"0.75"	"0.01"	"0.005"	"0.01"	"100000"	"10000"	"200"	"5427964427573726192"	85000	"intercept"	0.5378368177
"0.95"	"0.6"	"0.75"	"0.01"	"0.005"	"0.01"	"100000"	"10000"	"200"	"5427964427573726192"	90000	"slope"	-0.08311294644
"0.95"	"0.6"	"0.75"	"0.01"	"0.005"	"0.01"	"100000"	"10000"	"200"	"5427964427573726192"	90000	"intercept"	0.4920913974
"0.95"	"0.6"	"0.75"	"0.01"	"0.005"	"0.01"	"100000"	"10000"	"200"	"5427964427573726192"	95000	"slope"	-0.05536636555
"0.95"	"0.6"	"0.75"	"0.01"	"0.005"	"0.01"	"100000"	"10000"	"200"	"5427964427573726192"	95000	"intercept"	0.555814612
"0.95"	"0.6"	"0.75"	"0.01"	"0.005"	"0.01"	"100000"	"10000"	"200"	"5427964427573726192"	100000	"slope"	-0.11931027555
"0.95"	"0.6"	"0.75"	"0.01"	"0.005"	"0.01"	"100000"	"10000"	"200"	"5427964427573726192"	100000	"intercept"	0.4604410285
"0.95"	"0.6"	"0.75"	"0.01"	"0.005"	"0.01"	"100000"	"10000"	"200"	"6721876983536602898"	10	"slope"	-1.150725e-05
"0.95"	"0.6"	"0.75"	"0.01"	"0.005"	"0.01"	"100000"	"10000"	"200"	"6721876983536602898"	10	"intercept"	0.500193615
"0.95"	"0.6"	"0.75"	"0.01"	"0.005"	"0.01"	"100000"	"10000"	"200"	"6721876983536602898"	5000	"slope"	-0.0777305983
"0.95"	"0.6"	"0.75"	"0.01"	"0.005"	"0.01"	"100000"	"10000"	"200"	"6721876983536602898"	5000	"intercept"	0.834656385
"0.95"	"0.6"	"0.75"	"0.01"	"0.005"	"0.01"	"100000"	"10000"	"200"	"6721876983536602898"	10000	"slope"	-0.12192394181
"0.95"	"0.6"	"0.75"	"0.01"	"0.005"	"0.01"	"100000"	"10000"	"200"	"6721876983536602898"	10000	"intercept"	0.76001687
"0.95"	"0.6"	"0.75"	"0.01"	"0.005"	"0.01"	"100000"	"10000"	"200"	"6721876983536602898"	15000	"slope"	-0.149689284325
"0.95"	"0.6"	"0.75"	"0.01"	"0.005"	"0.01"	"100000"	"10000"	"200"	"6721876983536602898"	15000	"intercept"	0.75078009
"0.95"	"0.6"	"0.75"	"0.01"	"0.005"	"0.01"	"100000"	"10000"	"200"	"6721876983536602898"	20000	"slope"	-0.15386803566
"0.95"	"0.6"	"0.75"	"0.01"	"0.005"	"0.01"	"100000"	"10000"	"200"	"6721876983536602898"	20000	"intercept"	0.7440752197
"0.95"	"0.6"	"0.75"	"0.01"	"0.005"	"0.01"	"100000"	"10000"	"200"	"6721876983536602898"	25000	"slope"	-0.16820625435
"0.95"	"0.6"	"0.75"	"0.01"	"0.005"	"0.01"	"100000"	"10000"	"200"	"6721876983536602898"	25000	"intercept"	0.662775765
"0.95"	"0.6"	"0.75"	"0.01"	"0.005"	"0.01"	"100000"	"10000"	"200"	"6721876983536602898"	30000	"slope"	-0.14582516011
"0.95"	"0.6"	"0.75"	"0.01"	"0.005"	"0.01"	"100000"	"10000"	"200"	"6721876983536602898"	30000	"intercept"	0.71003825
"0.95"	"0.6"	"0.75"	"0.01"	"0.005"	"0.01"	"100000"	"10000"	"200"	"6721876983536602898"	35000	"slope"	-0.22022121855
"0.95"	"0.6"	"0.75"	"0.01"	"0.005"	"0.01"	"100000"	"10000"	"200"	"6721876983536602898"	35000	"intercept"	0.608496495
"0.95"	"0.6"	"0.75"	"0.01"	"0.005"	"0.01"	"100000"	"10000"	"200"	"6721876983536602898"	40000	"slope"	-0.2092798228
"0.95"	"0.6"	"0.75"	"0.01"	"0.005"	"0.01"	"100000"	"10000"	"200"	"6721876983536602898"	40000	"intercept"	0.639516795
"0.95"	"0.6"	"0.75"	"0.01"	"0.005"	"0.01"	"100000"	"10000"	"200"	"6721876983536602898"	45000	"slope"	-0.154256368705
"0.95"	"0.6"	"0.75"	"0.01"	"0.005"	"0.01"	"100000"	"10000"	"200"	"6721876983536602898"	45000	"intercept"	0.698159805
"0.95"	"0.6"	"0.75"	"0.01"	"0.005"	"0.01"	"100000"	"10000"	"200"	"6721876983536602898"	50000	"slope"	-0.1724434837
"0.95"	"0.6"	"0.75"	"0.01"	"0.005"	"0.01"	"100000"	"10000"	"200"	"6721876983536602898"	50000	"intercept"	0.593668745
"0.95"	"0.6"	"0.75"	"0.01"	"0.005"	"0.01"	"100000"	"10000"	"200"	"6721876983536602898"	55000	"slope"	-0.1783165201
"0.95"	"0.6"	"0.75"	"0.01"	"0.005"	"0.01"	"100000"	"10000"	"200"	"6721876983536602898"	55000	"intercept"	0.641908925
"0.95"	"0.6"	"0.75"	"0.01"	"0.005"	"0.01"	"100000"	"10000"	"200"	"6721876983536602898"	60000	"slope"	-0.21493826352
"0.95"	"0.6"	"0.75"	"0.01"	"0.005"	"0.01"	"100000"	"10000"	"200"	"6721876983536602898"	60000	"intercept"	0.556315295
"0.95"	"0.6"	"0.75"	"0.01"	"0.005"	"0.01"	"100000"	"10000"	"200"	"6721876983536602898"	65000	"slope"	-0.25918805307
"0.95"	"0.6"	"0.75"	"0.01"	"0.005"	"0.01"	"100000"	"10000"	"200"	"6721876983536602898"	65000	"intercept"	0.48405897
"0.95"	"0.6"	"0.75"	"0.01"	"0.005"	"0.01"	"100000"	"10000"	"200"	"6721876983536602898"	70000	"slope"	-0.18373511155
"0.95"	"0.6"	"0.75"	"0.01"	"0.005"	"0.01"	"100000"	"10000"	"200"	"6721876983536602898"	70000	"intercept"	0.5921889975
"0.95"	"0.6"	"0.75"	"0.01"	"0.005"	"0.01"	"100000"	"10000"	"200"	"6721876983536602898"	75000	"slope"	-0.14463039075
"0.95"	"0.6"	"0.75"	"0.01"	"0.005"	"0.01"	"100000"	"10000"	"200"	"6721876983536602898"	75000	"intercept"	0.6439112975
"0.95"	"0.6"	"0.75"	"0.01"	"0.005"	"0.01"	"100000"	"10000"	"200"	"6721876983536602898"	80000	"slope"	-0.1380023935
"0.95"	"0.6"	"0.75"	"0.01"	"0.005"	"0.01"	"100000"	"10000"	"200"	"6721876983536602898"	80000	"intercept"	0.530848631
"0.95"	"0.6"	"0.75"	"0.01"	"0.005"	"0.01"	"100000"	"10000"	"200"	"6721876983536602898"	85000	"slope"	-0.11873988585
"0.95"	"0.6"	"0.75"	"0.01"	"0.005"	"0.01"	"100000"	"10000"	"200"	"6721876983536602898"	85000	"intercept"	0.578856241
"0.95"	"0.6"	"0.75"	"0.01"	"0.005"	"0.01"	"100000"	"10000"	"200"	"6721876983536602898"	90000	"slope"	-0.145614021525
"0.95"	"0.6"	"0.75"	"0.01"	"0.005"	"0.01"	"100000"	"10000"	"200"	"6721876983536602898"	90000	"intercept"	0.4853463169
"0.95"	"0.6"	"0.75"	"0.01"	"0.005"	"0.01"	"100000"	"10000"	"200"	"6721876983536602898"	95000	"slope"	-0.09509881015
"0.95"	"0.6"	"0.75"	"0.01"	"0.005"	"0.01"	"100000"	"10000"	"200"	"6721876983536602898"	95000	"intercept"	0.528807635791
"0.95"	"0.6"	"0.75"	"0.01"	"0.005"	"0.01"	"100000"	"10000"	"200"	"6721876983536602898"	100000	"slope"	-0.153589161545
"0.95"	"0.6"	"0.75"	"0.01"	"0.005"	"0.01"	"100000"	"10000"	"200"	"6721876983536602898"	100000	"intercept"	0.55010214365
"0.95"	"0.8"	"0.75"	"0.01"	"0.005"	"0.01"	"100000"	"10000"	"200"	"1064687255034327451"	10	"slope"	-0.000141424015
"0.95"	"0.8"	"0.75"	"0.01"	"0.005"	"0.01"	"100000"	"10000"	"200"	"1064687255034327451"	10	"intercept"	0.50007833
"0.95"	"0.8"	"0.75"	"0.01"	"0.005"	"0.01"	"100000"	"10000"	"200"	"1064687255034327451"	5000	"slope"	0.016161387965
"0.95"	"0.8"	"0.75"	"0.01"	"0.005"	"0.01"	"100000"	"10000"	"200"	"1064687255034327451"	5000	"intercept"	0.74560588
"0.95"	"0.8"	"0.75"	"0.01"	"0.005"	"0.01"	"100000"	"10000"	"200"	"1064687255034327451"	10000	"slope"	-0.1135214738615
"0.95"	"0.8"	"0.75"	"0.01"	"0.005"	"0.01"	"100000"	"10000"	"200"	"1064687255034327451"	10000	"intercept"	0.66166766
"0.95"	"0.8"	"0.75"	"0.01"	"0.005"	"0.01"	"100000"	"10000"	"200"	"1064687255034327451"	15000	"slope"	-0.1174047722
"0.95"	"0.8"	"0.75"	"0.01"	"0.005"	"0.01"	"100000"	"10000"	"200"	"1064687255034327451"	15000	"intercept"	0.622410965
"0.95"	"0.8"	"0.75"	"0.01"	"0.005"	"0.01"	"100000"	"10000"	"200"	"1064687255034327451"	20000	"slope"	-0.13588838751
"0.95"	"0.8"	"0.75"	"0.01"	"0.005"	"0.01"	"100000"	"10000"	"200"	"1064687255034327451"	20000	"intercept"	0.612154055
"0.95"	"0.8"	"0.75"	"0.01"	"0.005"	"0.01"	"100000"	"10000"	"200"	"1064687255034327451"	25000	"slope"	-0.1390554103
"0.95"	"0.8"	"0.75"	"0.01"	"0.005"	"0.01"	"100000"	"10000"	"200"	"1064687255034327451"	25000	"intercept"	0.572642848
"0.95"	"0.8"	"0.75"	"0.01"	"0.005"	"0.01"	"100000"	"10000"	"200"	"1064687255034327451"	30000	"slope"	-0.12385349745
"0.95"	"0.8"	"0.75"	"0.01"	"0.005"	"0.01"	"100000"	"10000"	"200"	"1064687255034327451"	30000	"intercept"	0.6012561985
"0.95"	"0.8"	"0.75"	"0.01"	"0.005"	"0.01"	"100000"	"10000"	"200"	"1064687255034327451"	35000	"slope"	-0.064973369
"0.95"	"0.8"	"0.75"	"0.01"	"0.005"	"0.01"	"100000"	"10000"	"200"	"1064687255034327451"	35000	"intercept"	0.58271841475
"0.95"	"0.8"	"0.75"	"0.01"	"0.005"	"0.01"	"100000"	"10000"	"200"	"1064687255034327451"	40000	"slope"	-0.0720700835
"0.95"	"0.8"	"0.75"	"0.01"	"0.005"	"0.01"	"100000"	"10000"	"200"	"1064687255034327451"	40000	"intercept"	0.51990945545
"0.95"	"0.8"	"0.75"	"0.01"	"0.005"	"0.01"	"100000"	"10000"	"200"	"1064687255034327451"	45000	"slope"	-0.070818592
"0.95"	"0.8"	"0.75"	"0.01"	"0.005"	"0.01"	"100000"	"10000"	"200"	"1064687255034327451"	45000	"intercept"	0.516226346565
"0.95"	"0.8"	"0.75"	"0.01"	"0.005"	"0.01"	"100000"	"10000"	"200"	"1064687255034327451"	50000	"slope"	-0.1111615855
"0.95"	"0.8"	"0.75"	"0.01"	"0.005"	"0.01"	"100000"	"10000"	"200"	"1064687255034327451"	50000	"intercept"	0.49853052865
"0.95"	"0.8"	"0.75"	"0.01"	"0.005"	"0.01"	"100000"	"10000"	"200"	"1064687255034327451"	55000	"slope"	-0.054515858
"0.95"	"0.8"	"0.75"	"0.01"	"0.005"	"0.01"	"100000"	"10000"	"200"	"1064687255034327451"	55000	"intercept"	0.535749359995
"0.95"	"0.8"	"0.75"	"0.01"	"0.005"	"0.01"	"100000"	"10000"	"200"	"1064687255034327451"	60000	"slope"	-0.06216374845
"0.95"	"0.8"	"0.75"	"0.01"	"0.005"	"0.01"	"100000"	"10000"	"200"	"1064687255034327451"	60000	"intercept"	0.545629691885
"0.95"	"0.8"	"0.75"	"0.01"	"0.005"	"0.01"	"100000"	"10000"	"200"	"1064687255034327451"	65000	"slope"	-0.085678396505
"0.95"	"0.8"	"0.75"	"0.01"	"0.005"	"0.01"	"100000"	"10000"	"200"	"1064687255034327451"	65000	"intercept"	0.5261883434
"0.95"	"0.8"	"0.75"	"0.01"	"0.005"	"0.01"	"100000"	"10000"	"200"	"1064687255034327451"	70000	"slope"	-0.012400215
"0.95"	"0.8"	"0.75"	"0.01"	"0.005"	"0.01"	"100000"	"10000"	"200"	"1064687255034327451"	70000	"intercept"	0.530755691245
"0.95"	"0.8"	"0.75"	"0.01"	"0.005"	"0.01"	"100000"	"10000"	"200"	"1064687255034327451"	75000	"slope"	0.0435375415
"0.95"	"0.8"	"0.75"	"0.01"	"0.005"	"0.01"	"100000"	"10000"	"200"	"1064687255034327451"	75000	"intercept"	0.50834580497
"0.95"	"0.8"	"0.75"	"0.01"	"0.005"	"0.01"	"100000"	"10000"	"200"	"1064687255034327451"	80000	"slope"	0.041465
"0.95"	"0.8"	"0.75"	"0.01"	"0.005"	"0.01"	"100000"	"10000"	"200"	"1064687255034327451"	80000	"intercept"	0.4754816588
"0.95"	"0.8"	"0.75"	"0.01"	"0.005"	"0.01"	"100000"	"10000"	"200"	"1064687255034327451"	85000	"slope"	0.0378945195
"0.95"	"0.8"	"0.75"	"0.01"	"0.005"	"0.01"	"100000"	"10000"	"200"	"1064687255034327451"	85000	"intercept"	0.3922553855
"0.95"	"0.8"	"0.75"	"0.01"	"0.005"	"0.01"	"100000"	"10000"	"200"	"1064687255034327451"	90000	"slope"	0.098661176
"0.95"	"0.8"	"0.75"	"0.01"	"0.005"	"0.01"	"100000"	"10000"	"200"	"1064687255034327451"	90000	"intercept"	0.507798435
"0.95"	"0.8"	"0.75"	"0.01"	"0.005"	"0.01"	"100000"	"10000"	"200"	"1064687255034327451"	95000	"slope"	0.154816869
"0.95"	"0.8"	"0.75"	"0.01"	"0.005"	"0.01"	"100000"	"10000"	"200"	"1064687255034327451"	95000	"intercept"	0.574024009
"0.95"	"0.8"	"0.75"	"0.01"	"0.005"	"0.01"	"100000"	"10000"	"200"	"1064687255034327451"	100000	"slope"	0.08903774935
"0.95"	"0.8"	"0.75"	"0.01"	"0.005"	"0.01"	"100000"	"10000"	"200"	"1064687255034327451"	100000	"intercept"	0.4110472365
"0.95"	"0.8"	"0.75"	"0.01"	"0.005"	"0.01"	"100000"	"10000"	"200"	"2830503451309632832"	10	"slope"	9.598075e-05
"0.95"	"0.8"	"0.75"	"0.01"	"0.005"	"0.01"	"100000"	"10000"	"200"	"2830503451309632832"	10	"intercept"	0.50006438
"0.95"	"0.8"	"0.75"	"0.01"	"0.005"	"0.01"	"100000"	"10000"	"200"	"2830503451309632832"	5000	"slope"	-0.03008440115
"0.95"	"0.8"	"0.75"	"0.01"	"0.005"	"0.01"	"100000"	"10000"	"200"	"2830503451309632832"	5000	"intercept"	0.71149617
"0.95"	"0.8"	"0.75"	"0.01"	"0.005"	"0.01"	"100000"	"10000"	"200"	"2830503451309632832"	10000	"slope"	-0.079223700135
"0.95"	"0.8"	"0.75"	"0.01"	"0.005"	"0.01"	"100000"	"10000"	"200"	"2830503451309632832"	10000	"intercept"	0.69802427
"0.95"	"0.8"	"0.75"	"0.01"	"0.005"	"0.01"	"100000"	"10000"	"200"	"2830503451309632832"	15000	"slope"	-0.1684783715
"0.95"	"0.8"	"0.75"	"0.01"	"0.005"	"0.01"	"100000"	"10000"	"200"	"2830503451309632832"	15000	"intercept"	0.60531307
"0.95"	"0.8"	"0.75"	"0.01"	"0.005"	"0.01"	"100000"	"10000"	"200"	"2830503451309632832"	20000	"slope"	-0.150230848
"0.95"	"0.8"	"0.75"	"0.01"	"0.005"	"0.01"	"100000"	"10000"	"200"	"2830503451309632832"	20000	"intercept"	0.5231629405
"0.95"	"0.8"	"0.75"	"0.01"	"0.005"	"0.01"	"100000"	"10000"	"200"	"2830503451309632832"	25000	"slope"	-0.119326754175
"0.95"	"0.8"	"0.75"	"0.01"	"0.005"	"0.01"	"100000"	"10000"	"200"	"2830503451309632832"	25000	"intercept"	0.5680082375
"0.95"	"0.8"	"0.75"	"0.01"	"0.005"	"0.01"	"100000"	"10000"	"200"	"2830503451309632832"	30000	"slope"	-0.1223082375
"0.95"	"0.8"	"0.75"	"0.01"	"0.005"	"0.01"	"100000"	"10000"	"200"	"2830503451309632832"	30000	"intercept"	0.48673444875
"0.95"	"0.8"	"0.75"	"0.01"	"0.005"	"0.01"	"100000"	"10000"	"200"	"2830503451309632832"	35000	"slope"	-0.1390084319
"0.95"	"0.8"	"0.75"	"0.01"	"0.005"	"0.01"	"100000"	"10000"	"200"	"2830503451309632832"	35000	"intercept"	0.49783063166
"0.95"	"0.8"	"0.75"	"0.01"	"0.005"	"0.01"	"100000"	"10000"	"200"	"2830503451309632832"	40000	"slope"	-0.082714668
"0.95"	"0.8"	"0.75"	"0.01"	"0.005"	"0.01"	"100000"	"10000"	"200"	"2830503451309632832"	40000	"intercept"	0.481423200705
"0.95"	"0.8"	"0.75"	"0.01"	"0.005"	"0.01"	"100000"	"10000"	"200"	"2830503451309632832"	45000	"slope"	-0.079303068
"0.95"	"0.8"	"0.75"	"0.01"	"0.005"	"0.01"	"100000"	"10000"	"200"	"2830503451309632832"	45000	"intercept"	0.517528649595
"0.95"	"0.8"	"0.75"	"0.01"	"0.005"	"0.01"	"100000"	"10000"	"200"	"2830503451309632832"	50000	"slope"	-0.062843866
"0.95"	"0.8"	"0.75"	"0.01"	"0.005"	"0.01"	"100000"	"10000"	"200"	"2830503451309632832"	50000	"intercept"	0.4377533137
"0.95"	"0.8"	"0.75"	"0.01"	"0.005"	"0.01"	"100000"	"10000"	"200"	"2830503451309632832"	55000	"slope"	-0.1146900483715
"0.95"	"0.8"	"0.75"	"0.01"	"0.005"	"0.01"	"100000"	"10000"	"200"	"2830503451309632832"	55000	"intercept"	0.447215935
"0.95"	"0.8"	"0.75"	"0.01"	"0.005"	"0.01"	"100000"	"10000"	"200"	"2830503451309632832"	60000	"slope"	-0.15856431896
"0.95"	"0.8"	"0.75"	"0.01"	"0.005"	"0.01"	"100000"	"10000"	"200"	"2830503451309632832"	60000	"intercept"	0.42628719965
"0.95"	"0.8"	"0.75"	"0.01"	"0.005"	"0.01"	"100000"	"10000"	"200"	"2830503451309632832"	65000	"slope"	-0.088081139
"0.95"	"0.8"	"0.75"	"0.01"	"0.005"	"0.01"	"100000"	"10000"	"200"	"2830503451309632832"	65000	"intercept"	0.4803743242515
"0.95"	"0.8"	"0.75"	"0.01"	"0.005"	"0.01"	"100000"	"10000"	"200"	"2830503451309632832"	70000	"slope"	-0.0765217455
"0.95"	"0.8"	"0.75"	"0.01"	"0.005"	"0.01"	"100000"	"10000"	"200"	"2830503451309632832"	70000	"intercept"	0.5716324201
"0.95"	"0.8"	"0.75"	"0.01"	"0.005"	"0.01"	"100000"	"10000"	"200"	"2830503451309632832"	75000	"slope"	-0.0825143405
"0.95"	"0.8"	"0.75"	"0.01"	"0.005"	"0.01"	"100000"	"10000"	"200"	"2830503451309632832"	75000	"intercept"	0.45297172814
"0.95"	"0.8"	"0.75"	"0.01"	"0.005"	"0.01"	"100000"	"10000"	"200"	"2830503451309632832"	80000	"slope"	-0.0240634525
"0.95"	"0.8"	"0.75"	"0.01"	"0.005"	"0.01"	"100000"	"10000"	"200"	"2830503451309632832"	80000	"intercept"	0.60977909505
"0.95"	"0.8"	"0.75"	"0.01"	"0.005"	"0.01"	"100000"	"10000"	"200"	"2830503451309632832"	85000	"slope"	-0.041401691
"0.95"	"0.8"	"0.75"	"0.01"	"0.005"	"0.01"	"100000"	"10000"	"200"	"2830503451309632832"	85000	"intercept"	0.58043131777
"0.95"	"0.8"	"0.75"	"0.01"	"0.005"	"0.01"	"100000"	"10000"	"200"	"2830503451309632832"	90000	"slope"	-0.0353430205
"0.95"	"0.8"	"0.75"	"0.01"	"0.005"	"0.01"	"100000"	"10000"	"200"	"2830503451309632832"	90000	"intercept"	0.52585103765
"0.95"	"0.8"	"0.75"	"0.01"	"0.005"	"0.01"	"100000"	"10000"	"200"	"2830503451309632832"	95000	"slope"	-0.04976718265
"0.95"	"0.8"	"0.75"	"0.01"	"0.005"	"0.01"	"100000"	"10000"	"200"	"2830503451309632832"	95000	"intercept"	0.52502096411
"0.95"	"0.8"	"0.75"	"0.01"	"0.005"	"0.01"	"100000"	"10000"	"200"	"2830503451309632832"	100000	"slope"	-0.0596192885
"0.95"	"0.8"	"0.75"	"0.01"	"0.005"	"0.01"	"100000"	"10000"	"200"	"2830503451309632832"	100000	"intercept"	0.57531746341
"0.95"	"0.8"	"0.75"	"0.01"	"0.005"	"0.01"	"100000"	"10000"	"200"	"3721331154884591550"	10	"slope"	-0.00013859515
"0.95"	"0.8"	"0.75"	"0.01"	"0.005"	"0.01"	"100000"	"10000"	"200"	"3721331154884591550"	10	"intercept"	0.50006531
"0.95"	"0.8"	"0.75"	"0.01"	"0.005"	"0.01"	"100000"	"10000"	"200"	"3721331154884591550"	5000	"slope"	-0.0242456829628
"0.95"	"0.8"	"0.75"	"0.01"	"0.005"	"0.01"	"100000"	"10000"	"200"	"3721331154884591550"	5000	"intercept"	0.73462601
"0.95"	"0.8"	"0.75"	"0.01"	"0.005"	"0.01"	"100000"	"10000"	"200"	"3721331154884591550"	10000	"slope"	-0.08473022485
"0.95"	"0.8"	"0.75"	"0.01"	"0.005"	"0.01"	"100000"	"10000"	"200"	"3721331154884591550"	10000	"intercept"	0.65015793
"0.95"	"0.8"	"0.75"	"0.01"	"0.005"	"0.01"	"100000"	"10000"	"200"	"3721331154884591550"	15000	"slope"	-0.116138461575
"0.95"	"0.8"	"0.75"	"0.01"	"0.005"	"0.01"	"100000"	"10000"	"200"	"3721331154884591550"	15000	"intercept"	0.639812725
"0.95"	"0.8"	"0.75"	"0.01"	"0.005"	"0.01"	"100000"	"10000"	"200"	"3721331154884591550"	20000	"slope"	-0.06179762175
"0.95"	"0.8"	"0.75"	"0.01"	"0.005"	"0.01"	"100000"	"10000"	"200"	"3721331154884591550"	20000	"intercept"	0.547595529
"0.95"	"0.8"	"0.75"	"0.01"	"0.005"	"0.01"	"100000"	"10000"	"200"	"3721331154884591550"	25000	"slope"	-0.06902842425
"0.95"	"0.8"	"0.75"	"0.01"	"0.005"	"0.01"	"100000"	"10000"	"200"	"3721331154884591550"	25000	"intercept"	0.53013206871
"0.95"	"0.8"	"0.75"	"0.01"	"0.005"	"0.01"	"100000"	"10000"	"200"	"3721331154884591550"	30000	"slope"	-0.073835396
"0.95"	"0.8"	"0.75"	"0.01"	"0.005"	"0.01"	"100000"	"10000"	"200"	"3721331154884591550"	30000	"intercept"	0.49154735225
"0.95"	"0.8"	"0.75"	"0.01"	"0.005"	"0.01"	"100000"	"10000"	"200"	"3721331154884591550"	35000	"slope"	-0.05400414165
"0.95"	"0.8"	"0.75"	"0.01"	"0.005"	"0.01"	"100000"	"10000"	"200"	"3721331154884591550"	35000	"intercept"	0.486714447565
"0.95"	"0.8"	"0.75"	"0.01"	"0.005"	"0.01"	"100000"	"10000"	"200"	"3721331154884591550"	40000	"slope"	-0.022965891
"0.95"	"0.8"	"0.75"	"0.01"	"0.005"	"0.01"	"100000"	"10000"	"200"	"3721331154884591550"	40000	"intercept"	0.58506810165
"0.95"	"0.8"	"0.75"	"0.01"	"0.005"	"0.01"	"100000"	"10000"	"200"	"3721331154884591550"	45000	"slope"	-0.041531329
"0.95"	"0.8"	"0.75"	"0.01"	"0.005"	"0.01"	"100000"	"10000"	"200"	"3721331154884591550"	45000	"intercept"	0.389152821925
"0.95"	"0.8"	"0.75"	"0.01"	"0.005"	"0.01"	"100000"	"10000"	"200"	"3721331154884591550"	50000	"slope"	0.0596077145
"0.95"	"0.8"	"0.75"	"0.01"	"0.005"	"0.01"	"100000"	"10000"	"200"	"3721331154884591550"	50000	"intercept"	0.56907156215
"0.95"	"0.8"	"0.75"	"0.01"	"0.005"	"0.01"	"100000"	"10000"	"200"	"3721331154884591550"	55000	"slope"	0.086972639
"0.95"	"0.8"	"0.75"	"0.01"	"0.005"	"0.01"	"100000"	"10000"	"200"	"3721331154884591550"	55000	"intercept"	0.572979177905
"0.95"	"0.8"	"0.75"	"0.01"	"0.005"	"0.01"	"100000"	"10000"	"200"	"3721331154884591550"	60000	"slope"	0.0023689625
"0.95"	"0.8"	"0.75"	"0.01"	"0.005"	"0.01"	"100000"	"10000"	"200"	"3721331154884591550"	60000	"intercept"	0.51489682012
"0.95"	"0.8"	"0.75"	"0.01"	"0.005"	"0.01"	"100000"	"10000"	"200"	"3721331154884591550"	65000	"slope"	-0.0195842755
"0.95"	"0.8"	"0.75"	"0.01"	"0.005"	"0.01"	"100000"	"10000"	"200"	"3721331154884591550"	65000	"intercept"	0.508634292005
"0.95"	"0.8"	"0.75"	"0.01"	"0.005"	"0.01"	"100000"	"10000"	"200"	"3721331154884591550"	70000	"slope"	-0.012588915
"0.95"	"0.8"	"0.75"	"0.01"	"0.005"	"0.01"	"100000"	"10000"	"200"	"3721331154884591550"	70000	"intercept"	0.57840710375
"0.95"	"0.8"	"0.75"	"0.01"	"0.005"	"0.01"	"100000"	"10000"	"200"	"3721331154884591550"	75000	"slope"	-0.0186524905
"0.95"	"0.8"	"0.75"	"0.01"	"0.005"	"0.01"	"100000"	"10000"	"200"	"3721331154884591550"	75000	"intercept"	0.60921753475
"0.95"	"0.8"	"0.75"	"0.01"	"0.005"	"0.01"	"100000"	"10000"	"200"	"3721331154884591550"	80000	"slope"	-0.0269090615
"0.95"	"0.8"	"0.75"	"0.01"	"0.005"	"0.01"	"100000"	"10000"	"200"	"3721331154884591550"	80000	"intercept"	0.579253729765
"0.95"	"0.8"	"0.75"	"0.01"	"0.005"	"0.01"	"100000"	"10000"	"200"	"3721331154884591550"	85000	"slope"	-0.025487819
"0.95"	"0.8"	"0.75"	"0.01"	"0.005"	"0.01"	"100000"	"10000"	"200"	"3721331154884591550"	85000	"intercept"	0.53535444108
"0.95"	"0.8"	"0.75"	"0.01"	"0.005"	"0.01"	"100000"	"10000"	"200"	"3721331154884591550"	90000	"slope"	-0.027064122
"0.95"	"0.8"	"0.75"	"0.01"	"0.005"	"0.01"	"100000"	"10000"	"200"	"3721331154884591550"	90000	"intercept"	0.5419876054895
"0.95"	"0.8"	"0.75"	"0.01"	"0.005"	"0.01"	"100000"	"10000"	"200"	"3721331154884591550"	95000	"slope"	-0.0250776705
"0.95"	"0.8"	"0.75"	"0.01"	"0.005"	"0.01"	"100000"	"10000"	"200"	"3721331154884591550"	95000	"intercept"	0.46145484253
"0.95"	"0.8"	"0.75"	"0.01"	"0.005"	"0.01"	"100000"	"10000"	"200"	"3721331154884591550"	100000	"slope"	-0.0179189315
"0.95"	"0.8"	"0.75"	"0.01"	"0.005"	"0.01"	"100000"	"10000"	"200"	"3721331154884591550"	100000	"intercept"	0.4307228839
