"alpha"	"delta"	"mig"	"cost"	"mu"	"sigma"	"gen"	"popsize"	"nsampled"	"seed"	"generation"	"param"	"means"
"0.05"	"0.0"	"0.05"	"0.01"	"0.005"	"0.01"	"100000"	"10000"	"200"	"2011350077970210362"	10	"slope"	-0.00011519047
"0.05"	"0.0"	"0.05"	"0.01"	"0.005"	"0.01"	"100000"	"10000"	"200"	"2011350077970210362"	10	"intercept"	0.499985985
"0.05"	"0.0"	"0.05"	"0.01"	"0.005"	"0.01"	"100000"	"10000"	"200"	"2011350077970210362"	5000	"slope"	-0.1552518825
"0.05"	"0.0"	"0.05"	"0.01"	"0.005"	"0.01"	"100000"	"10000"	"200"	"2011350077970210362"	5000	"intercept"	0.22615966
"0.05"	"0.0"	"0.05"	"0.01"	"0.005"	"0.01"	"100000"	"10000"	"200"	"2011350077970210362"	10000	"slope"	-0.189114905
"0.05"	"0.0"	"0.05"	"0.01"	"0.005"	"0.01"	"100000"	"10000"	"200"	"2011350077970210362"	10000	"intercept"	0.243750885
"0.05"	"0.0"	"0.05"	"0.01"	"0.005"	"0.01"	"100000"	"10000"	"200"	"2011350077970210362"	15000	"slope"	-0.222778475
"0.05"	"0.0"	"0.05"	"0.01"	"0.005"	"0.01"	"100000"	"10000"	"200"	"2011350077970210362"	15000	"intercept"	0.26785512
"0.05"	"0.0"	"0.05"	"0.01"	"0.005"	"0.01"	"100000"	"10000"	"200"	"2011350077970210362"	20000	"slope"	-0.23701814
"0.05"	"0.0"	"0.05"	"0.01"	"0.005"	"0.01"	"100000"	"10000"	"200"	"2011350077970210362"	20000	"intercept"	0.28230085
"0.05"	"0.0"	"0.05"	"0.01"	"0.005"	"0.01"	"100000"	"10000"	"200"	"2011350077970210362"	25000	"slope"	-0.23426476
"0.05"	"0.0"	"0.05"	"0.01"	"0.005"	"0.01"	"100000"	"10000"	"200"	"2011350077970210362"	25000	"intercept"	0.278557565
"0.05"	"0.0"	"0.05"	"0.01"	"0.005"	"0.01"	"100000"	"10000"	"200"	"2011350077970210362"	30000	"slope"	-0.21453423
"0.05"	"0.0"	"0.05"	"0.01"	"0.005"	"0.01"	"100000"	"10000"	"200"	"2011350077970210362"	30000	"intercept"	0.26624154
"0.05"	"0.0"	"0.05"	"0.01"	"0.005"	"0.01"	"100000"	"10000"	"200"	"2011350077970210362"	35000	"slope"	-0.225410685
"0.05"	"0.0"	"0.05"	"0.01"	"0.005"	"0.01"	"100000"	"10000"	"200"	"2011350077970210362"	35000	"intercept"	0.268804665
"0.05"	"0.0"	"0.05"	"0.01"	"0.005"	"0.01"	"100000"	"10000"	"200"	"2011350077970210362"	40000	"slope"	-0.22759266
"0.05"	"0.0"	"0.05"	"0.01"	"0.005"	"0.01"	"100000"	"10000"	"200"	"2011350077970210362"	40000	"intercept"	0.276162045
"0.05"	"0.0"	"0.05"	"0.01"	"0.005"	"0.01"	"100000"	"10000"	"200"	"2011350077970210362"	45000	"slope"	-0.26324016
"0.05"	"0.0"	"0.05"	"0.01"	"0.005"	"0.01"	"100000"	"10000"	"200"	"2011350077970210362"	45000	"intercept"	0.30478315
"0.05"	"0.0"	"0.05"	"0.01"	"0.005"	"0.01"	"100000"	"10000"	"200"	"2011350077970210362"	50000	"slope"	-0.268439745
"0.05"	"0.0"	"0.05"	"0.01"	"0.005"	"0.01"	"100000"	"10000"	"200"	"2011350077970210362"	50000	"intercept"	0.30660364
"0.05"	"0.0"	"0.05"	"0.01"	"0.005"	"0.01"	"100000"	"10000"	"200"	"2011350077970210362"	55000	"slope"	-0.263748095
"0.05"	"0.0"	"0.05"	"0.01"	"0.005"	"0.01"	"100000"	"10000"	"200"	"2011350077970210362"	55000	"intercept"	0.30564136
"0.05"	"0.0"	"0.05"	"0.01"	"0.005"	"0.01"	"100000"	"10000"	"200"	"2011350077970210362"	60000	"slope"	-0.23443873
"0.05"	"0.0"	"0.05"	"0.01"	"0.005"	"0.01"	"100000"	"10000"	"200"	"2011350077970210362"	60000	"intercept"	0.280977765
"0.05"	"0.0"	"0.05"	"0.01"	"0.005"	"0.01"	"100000"	"10000"	"200"	"2011350077970210362"	65000	"slope"	-0.22873411
"0.05"	"0.0"	"0.05"	"0.01"	"0.005"	"0.01"	"100000"	"10000"	"200"	"2011350077970210362"	65000	"intercept"	0.27124177
"0.05"	"0.0"	"0.05"	"0.01"	"0.005"	"0.01"	"100000"	"10000"	"200"	"2011350077970210362"	70000	"slope"	-0.23964389
"0.05"	"0.0"	"0.05"	"0.01"	"0.005"	"0.01"	"100000"	"10000"	"200"	"2011350077970210362"	70000	"intercept"	0.289355175
"0.05"	"0.0"	"0.05"	"0.01"	"0.005"	"0.01"	"100000"	"10000"	"200"	"2011350077970210362"	75000	"slope"	-0.23211458
"0.05"	"0.0"	"0.05"	"0.01"	"0.005"	"0.01"	"100000"	"10000"	"200"	"2011350077970210362"	75000	"intercept"	0.27771637
"0.05"	"0.0"	"0.05"	"0.01"	"0.005"	"0.01"	"100000"	"10000"	"200"	"2011350077970210362"	80000	"slope"	-0.221429165
"0.05"	"0.0"	"0.05"	"0.01"	"0.005"	"0.01"	"100000"	"10000"	"200"	"2011350077970210362"	80000	"intercept"	0.2686381
"0.05"	"0.0"	"0.05"	"0.01"	"0.005"	"0.01"	"100000"	"10000"	"200"	"2011350077970210362"	85000	"slope"	-0.21790018
"0.05"	"0.0"	"0.05"	"0.01"	"0.005"	"0.01"	"100000"	"10000"	"200"	"2011350077970210362"	85000	"intercept"	0.26714648
"0.05"	"0.0"	"0.05"	"0.01"	"0.005"	"0.01"	"100000"	"10000"	"200"	"2011350077970210362"	90000	"slope"	-0.238102495
"0.05"	"0.0"	"0.05"	"0.01"	"0.005"	"0.01"	"100000"	"10000"	"200"	"2011350077970210362"	90000	"intercept"	0.27871728
"0.05"	"0.0"	"0.05"	"0.01"	"0.005"	"0.01"	"100000"	"10000"	"200"	"2011350077970210362"	95000	"slope"	-0.231181945
"0.05"	"0.0"	"0.05"	"0.01"	"0.005"	"0.01"	"100000"	"10000"	"200"	"2011350077970210362"	95000	"intercept"	0.27631861
"0.05"	"0.0"	"0.05"	"0.01"	"0.005"	"0.01"	"100000"	"10000"	"200"	"2011350077970210362"	100000	"slope"	-0.22895655
"0.05"	"0.0"	"0.05"	"0.01"	"0.005"	"0.01"	"100000"	"10000"	"200"	"2011350077970210362"	100000	"intercept"	0.27289127
"0.05"	"0.0"	"0.05"	"0.01"	"0.005"	"0.01"	"100000"	"10000"	"200"	"3836612461105788824"	10	"slope"	4.974689e-05
"0.05"	"0.0"	"0.05"	"0.01"	"0.005"	"0.01"	"100000"	"10000"	"200"	"3836612461105788824"	10	"intercept"	0.50007709
"0.05"	"0.0"	"0.05"	"0.01"	"0.005"	"0.01"	"100000"	"10000"	"200"	"3836612461105788824"	5000	"slope"	-0.149987687
"0.05"	"0.0"	"0.05"	"0.01"	"0.005"	"0.01"	"100000"	"10000"	"200"	"3836612461105788824"	5000	"intercept"	0.22405467
"0.05"	"0.0"	"0.05"	"0.01"	"0.005"	"0.01"	"100000"	"10000"	"200"	"3836612461105788824"	10000	"slope"	-0.21720744
"0.05"	"0.0"	"0.05"	"0.01"	"0.005"	"0.01"	"100000"	"10000"	"200"	"3836612461105788824"	10000	"intercept"	0.26069673
"0.05"	"0.0"	"0.05"	"0.01"	"0.005"	"0.01"	"100000"	"10000"	"200"	"3836612461105788824"	15000	"slope"	-0.2387829975
"0.05"	"0.0"	"0.05"	"0.01"	"0.005"	"0.01"	"100000"	"10000"	"200"	"3836612461105788824"	15000	"intercept"	0.288974275
"0.05"	"0.0"	"0.05"	"0.01"	"0.005"	"0.01"	"100000"	"10000"	"200"	"3836612461105788824"	20000	"slope"	-0.22682225
"0.05"	"0.0"	"0.05"	"0.01"	"0.005"	"0.01"	"100000"	"10000"	"200"	"3836612461105788824"	20000	"intercept"	0.273172325
"0.05"	"0.0"	"0.05"	"0.01"	"0.005"	"0.01"	"100000"	"10000"	"200"	"3836612461105788824"	25000	"slope"	-0.230711555
"0.05"	"0.0"	"0.05"	"0.01"	"0.005"	"0.01"	"100000"	"10000"	"200"	"3836612461105788824"	25000	"intercept"	0.27851304
"0.05"	"0.0"	"0.05"	"0.01"	"0.005"	"0.01"	"100000"	"10000"	"200"	"3836612461105788824"	30000	"slope"	-0.239606655
"0.05"	"0.0"	"0.05"	"0.01"	"0.005"	"0.01"	"100000"	"10000"	"200"	"3836612461105788824"	30000	"intercept"	0.28242817
"0.05"	"0.0"	"0.05"	"0.01"	"0.005"	"0.01"	"100000"	"10000"	"200"	"3836612461105788824"	35000	"slope"	-0.233746835
"0.05"	"0.0"	"0.05"	"0.01"	"0.005"	"0.01"	"100000"	"10000"	"200"	"3836612461105788824"	35000	"intercept"	0.28120898
"0.05"	"0.0"	"0.05"	"0.01"	"0.005"	"0.01"	"100000"	"10000"	"200"	"3836612461105788824"	40000	"slope"	-0.254292905
"0.05"	"0.0"	"0.05"	"0.01"	"0.005"	"0.01"	"100000"	"10000"	"200"	"3836612461105788824"	40000	"intercept"	0.30180739
"0.05"	"0.0"	"0.05"	"0.01"	"0.005"	"0.01"	"100000"	"10000"	"200"	"3836612461105788824"	45000	"slope"	-0.25000825
"0.05"	"0.0"	"0.05"	"0.01"	"0.005"	"0.01"	"100000"	"10000"	"200"	"3836612461105788824"	45000	"intercept"	0.29550893
"0.05"	"0.0"	"0.05"	"0.01"	"0.005"	"0.01"	"100000"	"10000"	"200"	"3836612461105788824"	50000	"slope"	-0.232151785
"0.05"	"0.0"	"0.05"	"0.01"	"0.005"	"0.01"	"100000"	"10000"	"200"	"3836612461105788824"	50000	"intercept"	0.27749205
"0.05"	"0.0"	"0.05"	"0.01"	"0.005"	"0.01"	"100000"	"10000"	"200"	"3836612461105788824"	55000	"slope"	-0.231466815
"0.05"	"0.0"	"0.05"	"0.01"	"0.005"	"0.01"	"100000"	"10000"	"200"	"3836612461105788824"	55000	"intercept"	0.273289295
"0.05"	"0.0"	"0.05"	"0.01"	"0.005"	"0.01"	"100000"	"10000"	"200"	"3836612461105788824"	60000	"slope"	-0.264974515
"0.05"	"0.0"	"0.05"	"0.01"	"0.005"	"0.01"	"100000"	"10000"	"200"	"3836612461105788824"	60000	"intercept"	0.300680135
"0.05"	"0.0"	"0.05"	"0.01"	"0.005"	"0.01"	"100000"	"10000"	"200"	"3836612461105788824"	65000	"slope"	-0.221684845
"0.05"	"0.0"	"0.05"	"0.01"	"0.005"	"0.01"	"100000"	"10000"	"200"	"3836612461105788824"	65000	"intercept"	0.272782685
"0.05"	"0.0"	"0.05"	"0.01"	"0.005"	"0.01"	"100000"	"10000"	"200"	"3836612461105788824"	70000	"slope"	-0.24432597
"0.05"	"0.0"	"0.05"	"0.01"	"0.005"	"0.01"	"100000"	"10000"	"200"	"3836612461105788824"	70000	"intercept"	0.284806235
"0.05"	"0.0"	"0.05"	"0.01"	"0.005"	"0.01"	"100000"	"10000"	"200"	"3836612461105788824"	75000	"slope"	-0.243785075
"0.05"	"0.0"	"0.05"	"0.01"	"0.005"	"0.01"	"100000"	"10000"	"200"	"3836612461105788824"	75000	"intercept"	0.29085808
"0.05"	"0.0"	"0.05"	"0.01"	"0.005"	"0.01"	"100000"	"10000"	"200"	"3836612461105788824"	80000	"slope"	-0.24257557
"0.05"	"0.0"	"0.05"	"0.01"	"0.005"	"0.01"	"100000"	"10000"	"200"	"3836612461105788824"	80000	"intercept"	0.289597445
"0.05"	"0.0"	"0.05"	"0.01"	"0.005"	"0.01"	"100000"	"10000"	"200"	"3836612461105788824"	85000	"slope"	-0.24069311
"0.05"	"0.0"	"0.05"	"0.01"	"0.005"	"0.01"	"100000"	"10000"	"200"	"3836612461105788824"	85000	"intercept"	0.288772215
"0.05"	"0.0"	"0.05"	"0.01"	"0.005"	"0.01"	"100000"	"10000"	"200"	"3836612461105788824"	90000	"slope"	-0.252636325
"0.05"	"0.0"	"0.05"	"0.01"	"0.005"	"0.01"	"100000"	"10000"	"200"	"3836612461105788824"	90000	"intercept"	0.29806868
"0.05"	"0.0"	"0.05"	"0.01"	"0.005"	"0.01"	"100000"	"10000"	"200"	"3836612461105788824"	95000	"slope"	-0.237932365
"0.05"	"0.0"	"0.05"	"0.01"	"0.005"	"0.01"	"100000"	"10000"	"200"	"3836612461105788824"	95000	"intercept"	0.27662763
"0.05"	"0.0"	"0.05"	"0.01"	"0.005"	"0.01"	"100000"	"10000"	"200"	"3836612461105788824"	100000	"slope"	-0.24978903
"0.05"	"0.0"	"0.05"	"0.01"	"0.005"	"0.01"	"100000"	"10000"	"200"	"3836612461105788824"	100000	"intercept"	0.289438315
"0.05"	"0.0"	"0.05"	"0.01"	"0.005"	"0.01"	"100000"	"10000"	"200"	"4016676647841129937"	10	"slope"	0.00010991655
"0.05"	"0.0"	"0.05"	"0.01"	"0.005"	"0.01"	"100000"	"10000"	"200"	"4016676647841129937"	10	"intercept"	0.500200145
"0.05"	"0.0"	"0.05"	"0.01"	"0.005"	"0.01"	"100000"	"10000"	"200"	"4016676647841129937"	5000	"slope"	-0.193802055
"0.05"	"0.0"	"0.05"	"0.01"	"0.005"	"0.01"	"100000"	"10000"	"200"	"4016676647841129937"	5000	"intercept"	0.24555626
"0.05"	"0.0"	"0.05"	"0.01"	"0.005"	"0.01"	"100000"	"10000"	"200"	"4016676647841129937"	10000	"slope"	-0.2411569
"0.05"	"0.0"	"0.05"	"0.01"	"0.005"	"0.01"	"100000"	"10000"	"200"	"4016676647841129937"	10000	"intercept"	0.279431665
"0.05"	"0.0"	"0.05"	"0.01"	"0.005"	"0.01"	"100000"	"10000"	"200"	"4016676647841129937"	15000	"slope"	-0.24411016
"0.05"	"0.0"	"0.05"	"0.01"	"0.005"	"0.01"	"100000"	"10000"	"200"	"4016676647841129937"	15000	"intercept"	0.287406185
"0.05"	"0.0"	"0.05"	"0.01"	"0.005"	"0.01"	"100000"	"10000"	"200"	"4016676647841129937"	20000	"slope"	-0.2278917
"0.05"	"0.0"	"0.05"	"0.01"	"0.005"	"0.01"	"100000"	"10000"	"200"	"4016676647841129937"	20000	"intercept"	0.279933305
"0.05"	"0.0"	"0.05"	"0.01"	"0.005"	"0.01"	"100000"	"10000"	"200"	"4016676647841129937"	25000	"slope"	-0.25566024
"0.05"	"0.0"	"0.05"	"0.01"	"0.005"	"0.01"	"100000"	"10000"	"200"	"4016676647841129937"	25000	"intercept"	0.296128305
"0.05"	"0.0"	"0.05"	"0.01"	"0.005"	"0.01"	"100000"	"10000"	"200"	"4016676647841129937"	30000	"slope"	-0.21322069
"0.05"	"0.0"	"0.05"	"0.01"	"0.005"	"0.01"	"100000"	"10000"	"200"	"4016676647841129937"	30000	"intercept"	0.27060198
"0.05"	"0.0"	"0.05"	"0.01"	"0.005"	"0.01"	"100000"	"10000"	"200"	"4016676647841129937"	35000	"slope"	-0.24220729
"0.05"	"0.0"	"0.05"	"0.01"	"0.005"	"0.01"	"100000"	"10000"	"200"	"4016676647841129937"	35000	"intercept"	0.285057695
"0.05"	"0.0"	"0.05"	"0.01"	"0.005"	"0.01"	"100000"	"10000"	"200"	"4016676647841129937"	40000	"slope"	-0.20783004
"0.05"	"0.0"	"0.05"	"0.01"	"0.005"	"0.01"	"100000"	"10000"	"200"	"4016676647841129937"	40000	"intercept"	0.258343195
"0.05"	"0.0"	"0.05"	"0.01"	"0.005"	"0.01"	"100000"	"10000"	"200"	"4016676647841129937"	45000	"slope"	-0.231468035
"0.05"	"0.0"	"0.05"	"0.01"	"0.005"	"0.01"	"100000"	"10000"	"200"	"4016676647841129937"	45000	"intercept"	0.275632275
"0.05"	"0.0"	"0.05"	"0.01"	"0.005"	"0.01"	"100000"	"10000"	"200"	"4016676647841129937"	50000	"slope"	-0.2367609
"0.05"	"0.0"	"0.05"	"0.01"	"0.005"	"0.01"	"100000"	"10000"	"200"	"4016676647841129937"	50000	"intercept"	0.28444961
"0.05"	"0.0"	"0.05"	"0.01"	"0.005"	"0.01"	"100000"	"10000"	"200"	"4016676647841129937"	55000	"slope"	-0.24861924
"0.05"	"0.0"	"0.05"	"0.01"	"0.005"	"0.01"	"100000"	"10000"	"200"	"4016676647841129937"	55000	"intercept"	0.287708235
"0.05"	"0.0"	"0.05"	"0.01"	"0.005"	"0.01"	"100000"	"10000"	"200"	"4016676647841129937"	60000	"slope"	-0.25362259
"0.05"	"0.0"	"0.05"	"0.01"	"0.005"	"0.01"	"100000"	"10000"	"200"	"4016676647841129937"	60000	"intercept"	0.295747655
"0.05"	"0.0"	"0.05"	"0.01"	"0.005"	"0.01"	"100000"	"10000"	"200"	"4016676647841129937"	65000	"slope"	-0.24144831
"0.05"	"0.0"	"0.05"	"0.01"	"0.005"	"0.01"	"100000"	"10000"	"200"	"4016676647841129937"	65000	"intercept"	0.28282558
"0.05"	"0.0"	"0.05"	"0.01"	"0.005"	"0.01"	"100000"	"10000"	"200"	"4016676647841129937"	70000	"slope"	-0.23273934
"0.05"	"0.0"	"0.05"	"0.01"	"0.005"	"0.01"	"100000"	"10000"	"200"	"4016676647841129937"	70000	"intercept"	0.281417295
"0.05"	"0.0"	"0.05"	"0.01"	"0.005"	"0.01"	"100000"	"10000"	"200"	"4016676647841129937"	75000	"slope"	-0.235746805
"0.05"	"0.0"	"0.05"	"0.01"	"0.005"	"0.01"	"100000"	"10000"	"200"	"4016676647841129937"	75000	"intercept"	0.2795024
"0.05"	"0.0"	"0.05"	"0.01"	"0.005"	"0.01"	"100000"	"10000"	"200"	"4016676647841129937"	80000	"slope"	-0.23675908
"0.05"	"0.0"	"0.05"	"0.01"	"0.005"	"0.01"	"100000"	"10000"	"200"	"4016676647841129937"	80000	"intercept"	0.278269845
"0.05"	"0.0"	"0.05"	"0.01"	"0.005"	"0.01"	"100000"	"10000"	"200"	"4016676647841129937"	85000	"slope"	-0.24025316
"0.05"	"0.0"	"0.05"	"0.01"	"0.005"	"0.01"	"100000"	"10000"	"200"	"4016676647841129937"	85000	"intercept"	0.282868915
"0.05"	"0.0"	"0.05"	"0.01"	"0.005"	"0.01"	"100000"	"10000"	"200"	"4016676647841129937"	90000	"slope"	-0.23202082
"0.05"	"0.0"	"0.05"	"0.01"	"0.005"	"0.01"	"100000"	"10000"	"200"	"4016676647841129937"	90000	"intercept"	0.27945356
"0.05"	"0.0"	"0.05"	"0.01"	"0.005"	"0.01"	"100000"	"10000"	"200"	"4016676647841129937"	95000	"slope"	-0.234990215
"0.05"	"0.0"	"0.05"	"0.01"	"0.005"	"0.01"	"100000"	"10000"	"200"	"4016676647841129937"	95000	"intercept"	0.285283305
"0.05"	"0.0"	"0.05"	"0.01"	"0.005"	"0.01"	"100000"	"10000"	"200"	"4016676647841129937"	100000	"slope"	-0.254555485
"0.05"	"0.0"	"0.05"	"0.01"	"0.005"	"0.01"	"100000"	"10000"	"200"	"4016676647841129937"	100000	"intercept"	0.29603455
"0.05"	"0.4"	"0.05"	"0.01"	"0.005"	"0.01"	"100000"	"10000"	"200"	"3280275429379300547"	10	"slope"	-0.0002025118
"0.05"	"0.4"	"0.05"	"0.01"	"0.005"	"0.01"	"100000"	"10000"	"200"	"3280275429379300547"	10	"intercept"	0.50011968
"0.05"	"0.4"	"0.05"	"0.01"	"0.005"	"0.01"	"100000"	"10000"	"200"	"3280275429379300547"	5000	"slope"	-0.198731535
"0.05"	"0.4"	"0.05"	"0.01"	"0.005"	"0.01"	"100000"	"10000"	"200"	"3280275429379300547"	5000	"intercept"	0.251049425
"0.05"	"0.4"	"0.05"	"0.01"	"0.005"	"0.01"	"100000"	"10000"	"200"	"3280275429379300547"	10000	"slope"	-0.22134909
"0.05"	"0.4"	"0.05"	"0.01"	"0.005"	"0.01"	"100000"	"10000"	"200"	"3280275429379300547"	10000	"intercept"	0.27365485
"0.05"	"0.4"	"0.05"	"0.01"	"0.005"	"0.01"	"100000"	"10000"	"200"	"3280275429379300547"	15000	"slope"	-0.236338995
"0.05"	"0.4"	"0.05"	"0.01"	"0.005"	"0.01"	"100000"	"10000"	"200"	"3280275429379300547"	15000	"intercept"	0.278926025
"0.05"	"0.4"	"0.05"	"0.01"	"0.005"	"0.01"	"100000"	"10000"	"200"	"3280275429379300547"	20000	"slope"	-0.243221585
"0.05"	"0.4"	"0.05"	"0.01"	"0.005"	"0.01"	"100000"	"10000"	"200"	"3280275429379300547"	20000	"intercept"	0.28758552
"0.05"	"0.4"	"0.05"	"0.01"	"0.005"	"0.01"	"100000"	"10000"	"200"	"3280275429379300547"	25000	"slope"	-0.238739905
"0.05"	"0.4"	"0.05"	"0.01"	"0.005"	"0.01"	"100000"	"10000"	"200"	"3280275429379300547"	25000	"intercept"	0.27952205
"0.05"	"0.4"	"0.05"	"0.01"	"0.005"	"0.01"	"100000"	"10000"	"200"	"3280275429379300547"	30000	"slope"	-0.25078993
"0.05"	"0.4"	"0.05"	"0.01"	"0.005"	"0.01"	"100000"	"10000"	"200"	"3280275429379300547"	30000	"intercept"	0.29062221
"0.05"	"0.4"	"0.05"	"0.01"	"0.005"	"0.01"	"100000"	"10000"	"200"	"3280275429379300547"	35000	"slope"	-0.267748975
"0.05"	"0.4"	"0.05"	"0.01"	"0.005"	"0.01"	"100000"	"10000"	"200"	"3280275429379300547"	35000	"intercept"	0.304571905
"0.05"	"0.4"	"0.05"	"0.01"	"0.005"	"0.01"	"100000"	"10000"	"200"	"3280275429379300547"	40000	"slope"	-0.236709975
"0.05"	"0.4"	"0.05"	"0.01"	"0.005"	"0.01"	"100000"	"10000"	"200"	"3280275429379300547"	40000	"intercept"	0.28308608
"0.05"	"0.4"	"0.05"	"0.01"	"0.005"	"0.01"	"100000"	"10000"	"200"	"3280275429379300547"	45000	"slope"	-0.22273969
"0.05"	"0.4"	"0.05"	"0.01"	"0.005"	"0.01"	"100000"	"10000"	"200"	"3280275429379300547"	45000	"intercept"	0.266609515
"0.05"	"0.4"	"0.05"	"0.01"	"0.005"	"0.01"	"100000"	"10000"	"200"	"3280275429379300547"	50000	"slope"	-0.2496675
"0.05"	"0.4"	"0.05"	"0.01"	"0.005"	"0.01"	"100000"	"10000"	"200"	"3280275429379300547"	50000	"intercept"	0.29240272
"0.05"	"0.4"	"0.05"	"0.01"	"0.005"	"0.01"	"100000"	"10000"	"200"	"3280275429379300547"	55000	"slope"	-0.23134334
"0.05"	"0.4"	"0.05"	"0.01"	"0.005"	"0.01"	"100000"	"10000"	"200"	"3280275429379300547"	55000	"intercept"	0.27226195
"0.05"	"0.4"	"0.05"	"0.01"	"0.005"	"0.01"	"100000"	"10000"	"200"	"3280275429379300547"	60000	"slope"	-0.23270431
"0.05"	"0.4"	"0.05"	"0.01"	"0.005"	"0.01"	"100000"	"10000"	"200"	"3280275429379300547"	60000	"intercept"	0.276560065
"0.05"	"0.4"	"0.05"	"0.01"	"0.005"	"0.01"	"100000"	"10000"	"200"	"3280275429379300547"	65000	"slope"	-0.251007615
"0.05"	"0.4"	"0.05"	"0.01"	"0.005"	"0.01"	"100000"	"10000"	"200"	"3280275429379300547"	65000	"intercept"	0.29130315
"0.05"	"0.4"	"0.05"	"0.01"	"0.005"	"0.01"	"100000"	"10000"	"200"	"3280275429379300547"	70000	"slope"	-0.250961655
"0.05"	"0.4"	"0.05"	"0.01"	"0.005"	"0.01"	"100000"	"10000"	"200"	"3280275429379300547"	70000	"intercept"	0.29063668
"0.05"	"0.4"	"0.05"	"0.01"	"0.005"	"0.01"	"100000"	"10000"	"200"	"3280275429379300547"	75000	"slope"	-0.254011925
"0.05"	"0.4"	"0.05"	"0.01"	"0.005"	"0.01"	"100000"	"10000"	"200"	"3280275429379300547"	75000	"intercept"	0.295150295
"0.05"	"0.4"	"0.05"	"0.01"	"0.005"	"0.01"	"100000"	"10000"	"200"	"3280275429379300547"	80000	"slope"	-0.21799782
"0.05"	"0.4"	"0.05"	"0.01"	"0.005"	"0.01"	"100000"	"10000"	"200"	"3280275429379300547"	80000	"intercept"	0.263892375
"0.05"	"0.4"	"0.05"	"0.01"	"0.005"	"0.01"	"100000"	"10000"	"200"	"3280275429379300547"	85000	"slope"	-0.25288522
"0.05"	"0.4"	"0.05"	"0.01"	"0.005"	"0.01"	"100000"	"10000"	"200"	"3280275429379300547"	85000	"intercept"	0.28891984
"0.05"	"0.4"	"0.05"	"0.01"	"0.005"	"0.01"	"100000"	"10000"	"200"	"3280275429379300547"	90000	"slope"	-0.242231495
"0.05"	"0.4"	"0.05"	"0.01"	"0.005"	"0.01"	"100000"	"10000"	"200"	"3280275429379300547"	90000	"intercept"	0.283804035
"0.05"	"0.4"	"0.05"	"0.01"	"0.005"	"0.01"	"100000"	"10000"	"200"	"3280275429379300547"	95000	"slope"	-0.241427915
"0.05"	"0.4"	"0.05"	"0.01"	"0.005"	"0.01"	"100000"	"10000"	"200"	"3280275429379300547"	95000	"intercept"	0.28017775
"0.05"	"0.4"	"0.05"	"0.01"	"0.005"	"0.01"	"100000"	"10000"	"200"	"3280275429379300547"	100000	"slope"	-0.24903814
"0.05"	"0.4"	"0.05"	"0.01"	"0.005"	"0.01"	"100000"	"10000"	"200"	"3280275429379300547"	100000	"intercept"	0.292447655
"0.05"	"0.4"	"0.05"	"0.01"	"0.005"	"0.01"	"100000"	"10000"	"200"	"4005761546712294084"	10	"slope"	-4.9559815e-05
"0.05"	"0.4"	"0.05"	"0.01"	"0.005"	"0.01"	"100000"	"10000"	"200"	"4005761546712294084"	10	"intercept"	0.50002496
"0.05"	"0.4"	"0.05"	"0.01"	"0.005"	"0.01"	"100000"	"10000"	"200"	"4005761546712294084"	5000	"slope"	-0.167529416
"0.05"	"0.4"	"0.05"	"0.01"	"0.005"	"0.01"	"100000"	"10000"	"200"	"4005761546712294084"	5000	"intercept"	0.230833445
"0.05"	"0.4"	"0.05"	"0.01"	"0.005"	"0.01"	"100000"	"10000"	"200"	"4005761546712294084"	10000	"slope"	-0.229825075
"0.05"	"0.4"	"0.05"	"0.01"	"0.005"	"0.01"	"100000"	"10000"	"200"	"4005761546712294084"	10000	"intercept"	0.275436855
"0.05"	"0.4"	"0.05"	"0.01"	"0.005"	"0.01"	"100000"	"10000"	"200"	"4005761546712294084"	15000	"slope"	-0.233798525
"0.05"	"0.4"	"0.05"	"0.01"	"0.005"	"0.01"	"100000"	"10000"	"200"	"4005761546712294084"	15000	"intercept"	0.27716435
"0.05"	"0.4"	"0.05"	"0.01"	"0.005"	"0.01"	"100000"	"10000"	"200"	"4005761546712294084"	20000	"slope"	-0.23877023
"0.05"	"0.4"	"0.05"	"0.01"	"0.005"	"0.01"	"100000"	"10000"	"200"	"4005761546712294084"	20000	"intercept"	0.28155242
"0.05"	"0.4"	"0.05"	"0.01"	"0.005"	"0.01"	"100000"	"10000"	"200"	"4005761546712294084"	25000	"slope"	-0.252925245
"0.05"	"0.4"	"0.05"	"0.01"	"0.005"	"0.01"	"100000"	"10000"	"200"	"4005761546712294084"	25000	"intercept"	0.29079609
"0.05"	"0.4"	"0.05"	"0.01"	"0.005"	"0.01"	"100000"	"10000"	"200"	"4005761546712294084"	30000	"slope"	-0.22114716
"0.05"	"0.4"	"0.05"	"0.01"	"0.005"	"0.01"	"100000"	"10000"	"200"	"4005761546712294084"	30000	"intercept"	0.26895908
"0.05"	"0.4"	"0.05"	"0.01"	"0.005"	"0.01"	"100000"	"10000"	"200"	"4005761546712294084"	35000	"slope"	-0.243159305
"0.05"	"0.4"	"0.05"	"0.01"	"0.005"	"0.01"	"100000"	"10000"	"200"	"4005761546712294084"	35000	"intercept"	0.285490735
"0.05"	"0.4"	"0.05"	"0.01"	"0.005"	"0.01"	"100000"	"10000"	"200"	"4005761546712294084"	40000	"slope"	-0.252428205
"0.05"	"0.4"	"0.05"	"0.01"	"0.005"	"0.01"	"100000"	"10000"	"200"	"4005761546712294084"	40000	"intercept"	0.293885045
"0.05"	"0.4"	"0.05"	"0.01"	"0.005"	"0.01"	"100000"	"10000"	"200"	"4005761546712294084"	45000	"slope"	-0.243689295
"0.05"	"0.4"	"0.05"	"0.01"	"0.005"	"0.01"	"100000"	"10000"	"200"	"4005761546712294084"	45000	"intercept"	0.286684315
"0.05"	"0.4"	"0.05"	"0.01"	"0.005"	"0.01"	"100000"	"10000"	"200"	"4005761546712294084"	50000	"slope"	-0.241724605
"0.05"	"0.4"	"0.05"	"0.01"	"0.005"	"0.01"	"100000"	"10000"	"200"	"4005761546712294084"	50000	"intercept"	0.28075178
"0.05"	"0.4"	"0.05"	"0.01"	"0.005"	"0.01"	"100000"	"10000"	"200"	"4005761546712294084"	55000	"slope"	-0.22951825
"0.05"	"0.4"	"0.05"	"0.01"	"0.005"	"0.01"	"100000"	"10000"	"200"	"4005761546712294084"	55000	"intercept"	0.27695237
"0.05"	"0.4"	"0.05"	"0.01"	"0.005"	"0.01"	"100000"	"10000"	"200"	"4005761546712294084"	60000	"slope"	-0.23582948
"0.05"	"0.4"	"0.05"	"0.01"	"0.005"	"0.01"	"100000"	"10000"	"200"	"4005761546712294084"	60000	"intercept"	0.28588175
"0.05"	"0.4"	"0.05"	"0.01"	"0.005"	"0.01"	"100000"	"10000"	"200"	"4005761546712294084"	65000	"slope"	-0.254990095
"0.05"	"0.4"	"0.05"	"0.01"	"0.005"	"0.01"	"100000"	"10000"	"200"	"4005761546712294084"	65000	"intercept"	0.296263425
"0.05"	"0.4"	"0.05"	"0.01"	"0.005"	"0.01"	"100000"	"10000"	"200"	"4005761546712294084"	70000	"slope"	-0.257427545
"0.05"	"0.4"	"0.05"	"0.01"	"0.005"	"0.01"	"100000"	"10000"	"200"	"4005761546712294084"	70000	"intercept"	0.2967194
"0.05"	"0.4"	"0.05"	"0.01"	"0.005"	"0.01"	"100000"	"10000"	"200"	"4005761546712294084"	75000	"slope"	-0.238305235
"0.05"	"0.4"	"0.05"	"0.01"	"0.005"	"0.01"	"100000"	"10000"	"200"	"4005761546712294084"	75000	"intercept"	0.28060088
"0.05"	"0.4"	"0.05"	"0.01"	"0.005"	"0.01"	"100000"	"10000"	"200"	"4005761546712294084"	80000	"slope"	-0.253361125
"0.05"	"0.4"	"0.05"	"0.01"	"0.005"	"0.01"	"100000"	"10000"	"200"	"4005761546712294084"	80000	"intercept"	0.292263415
"0.05"	"0.4"	"0.05"	"0.01"	"0.005"	"0.01"	"100000"	"10000"	"200"	"4005761546712294084"	85000	"slope"	-0.24919613
"0.05"	"0.4"	"0.05"	"0.01"	"0.005"	"0.01"	"100000"	"10000"	"200"	"4005761546712294084"	85000	"intercept"	0.28964721
"0.05"	"0.4"	"0.05"	"0.01"	"0.005"	"0.01"	"100000"	"10000"	"200"	"4005761546712294084"	90000	"slope"	-0.242044765
"0.05"	"0.4"	"0.05"	"0.01"	"0.005"	"0.01"	"100000"	"10000"	"200"	"4005761546712294084"	90000	"intercept"	0.286048275
"0.05"	"0.4"	"0.05"	"0.01"	"0.005"	"0.01"	"100000"	"10000"	"200"	"4005761546712294084"	95000	"slope"	-0.231562695
"0.05"	"0.4"	"0.05"	"0.01"	"0.005"	"0.01"	"100000"	"10000"	"200"	"4005761546712294084"	95000	"intercept"	0.28398826
"0.05"	"0.4"	"0.05"	"0.01"	"0.005"	"0.01"	"100000"	"10000"	"200"	"4005761546712294084"	100000	"slope"	-0.236297925
"0.05"	"0.4"	"0.05"	"0.01"	"0.005"	"0.01"	"100000"	"10000"	"200"	"4005761546712294084"	100000	"intercept"	0.278707015
"0.05"	"0.4"	"0.05"	"0.01"	"0.005"	"0.01"	"100000"	"10000"	"200"	"4932079597232479633"	10	"slope"	-8.5565e-06
"0.05"	"0.4"	"0.05"	"0.01"	"0.005"	"0.01"	"100000"	"10000"	"200"	"4932079597232479633"	10	"intercept"	0.499801785
"0.05"	"0.4"	"0.05"	"0.01"	"0.005"	"0.01"	"100000"	"10000"	"200"	"4932079597232479633"	5000	"slope"	-0.19722934
"0.05"	"0.4"	"0.05"	"0.01"	"0.005"	"0.01"	"100000"	"10000"	"200"	"4932079597232479633"	5000	"intercept"	0.242820535
"0.05"	"0.4"	"0.05"	"0.01"	"0.005"	"0.01"	"100000"	"10000"	"200"	"4932079597232479633"	10000	"slope"	-0.218849165
"0.05"	"0.4"	"0.05"	"0.01"	"0.005"	"0.01"	"100000"	"10000"	"200"	"4932079597232479633"	10000	"intercept"	0.26814119
"0.05"	"0.4"	"0.05"	"0.01"	"0.005"	"0.01"	"100000"	"10000"	"200"	"4932079597232479633"	15000	"slope"	-0.224681355
"0.05"	"0.4"	"0.05"	"0.01"	"0.005"	"0.01"	"100000"	"10000"	"200"	"4932079597232479633"	15000	"intercept"	0.27085468
"0.05"	"0.4"	"0.05"	"0.01"	"0.005"	"0.01"	"100000"	"10000"	"200"	"4932079597232479633"	20000	"slope"	-0.23613252
"0.05"	"0.4"	"0.05"	"0.01"	"0.005"	"0.01"	"100000"	"10000"	"200"	"4932079597232479633"	20000	"intercept"	0.27778481
"0.05"	"0.4"	"0.05"	"0.01"	"0.005"	"0.01"	"100000"	"10000"	"200"	"4932079597232479633"	25000	"slope"	-0.24211789
"0.05"	"0.4"	"0.05"	"0.01"	"0.005"	"0.01"	"100000"	"10000"	"200"	"4932079597232479633"	25000	"intercept"	0.283804765
"0.05"	"0.4"	"0.05"	"0.01"	"0.005"	"0.01"	"100000"	"10000"	"200"	"4932079597232479633"	30000	"slope"	-0.230274825
"0.05"	"0.4"	"0.05"	"0.01"	"0.005"	"0.01"	"100000"	"10000"	"200"	"4932079597232479633"	30000	"intercept"	0.273615275
"0.05"	"0.4"	"0.05"	"0.01"	"0.005"	"0.01"	"100000"	"10000"	"200"	"4932079597232479633"	35000	"slope"	-0.224833255
"0.05"	"0.4"	"0.05"	"0.01"	"0.005"	"0.01"	"100000"	"10000"	"200"	"4932079597232479633"	35000	"intercept"	0.26983294
"0.05"	"0.4"	"0.05"	"0.01"	"0.005"	"0.01"	"100000"	"10000"	"200"	"4932079597232479633"	40000	"slope"	-0.247400905
"0.05"	"0.4"	"0.05"	"0.01"	"0.005"	"0.01"	"100000"	"10000"	"200"	"4932079597232479633"	40000	"intercept"	0.287498985
"0.05"	"0.4"	"0.05"	"0.01"	"0.005"	"0.01"	"100000"	"10000"	"200"	"4932079597232479633"	45000	"slope"	-0.237926905
"0.05"	"0.4"	"0.05"	"0.01"	"0.005"	"0.01"	"100000"	"10000"	"200"	"4932079597232479633"	45000	"intercept"	0.28158244
"0.05"	"0.4"	"0.05"	"0.01"	"0.005"	"0.01"	"100000"	"10000"	"200"	"4932079597232479633"	50000	"slope"	-0.22861137
"0.05"	"0.4"	"0.05"	"0.01"	"0.005"	"0.01"	"100000"	"10000"	"200"	"4932079597232479633"	50000	"intercept"	0.27074869
"0.05"	"0.4"	"0.05"	"0.01"	"0.005"	"0.01"	"100000"	"10000"	"200"	"4932079597232479633"	55000	"slope"	-0.238747335
"0.05"	"0.4"	"0.05"	"0.01"	"0.005"	"0.01"	"100000"	"10000"	"200"	"4932079597232479633"	55000	"intercept"	0.280944855
"0.05"	"0.4"	"0.05"	"0.01"	"0.005"	"0.01"	"100000"	"10000"	"200"	"4932079597232479633"	60000	"slope"	-0.233084105
"0.05"	"0.4"	"0.05"	"0.01"	"0.005"	"0.01"	"100000"	"10000"	"200"	"4932079597232479633"	60000	"intercept"	0.277320565
"0.05"	"0.4"	"0.05"	"0.01"	"0.005"	"0.01"	"100000"	"10000"	"200"	"4932079597232479633"	65000	"slope"	-0.243983595
"0.05"	"0.4"	"0.05"	"0.01"	"0.005"	"0.01"	"100000"	"10000"	"200"	"4932079597232479633"	65000	"intercept"	0.29082841
"0.05"	"0.4"	"0.05"	"0.01"	"0.005"	"0.01"	"100000"	"10000"	"200"	"4932079597232479633"	70000	"slope"	-0.24675781
"0.05"	"0.4"	"0.05"	"0.01"	"0.005"	"0.01"	"100000"	"10000"	"200"	"4932079597232479633"	70000	"intercept"	0.28600762
"0.05"	"0.4"	"0.05"	"0.01"	"0.005"	"0.01"	"100000"	"10000"	"200"	"4932079597232479633"	75000	"slope"	-0.233037855
"0.05"	"0.4"	"0.05"	"0.01"	"0.005"	"0.01"	"100000"	"10000"	"200"	"4932079597232479633"	75000	"intercept"	0.277344125
"0.05"	"0.4"	"0.05"	"0.01"	"0.005"	"0.01"	"100000"	"10000"	"200"	"4932079597232479633"	80000	"slope"	-0.23153717
"0.05"	"0.4"	"0.05"	"0.01"	"0.005"	"0.01"	"100000"	"10000"	"200"	"4932079597232479633"	80000	"intercept"	0.27829758
"0.05"	"0.4"	"0.05"	"0.01"	"0.005"	"0.01"	"100000"	"10000"	"200"	"4932079597232479633"	85000	"slope"	-0.234843405
"0.05"	"0.4"	"0.05"	"0.01"	"0.005"	"0.01"	"100000"	"10000"	"200"	"4932079597232479633"	85000	"intercept"	0.28137883
"0.05"	"0.4"	"0.05"	"0.01"	"0.005"	"0.01"	"100000"	"10000"	"200"	"4932079597232479633"	90000	"slope"	-0.22789032
"0.05"	"0.4"	"0.05"	"0.01"	"0.005"	"0.01"	"100000"	"10000"	"200"	"4932079597232479633"	90000	"intercept"	0.27211063
"0.05"	"0.4"	"0.05"	"0.01"	"0.005"	"0.01"	"100000"	"10000"	"200"	"4932079597232479633"	95000	"slope"	-0.23574908
"0.05"	"0.4"	"0.05"	"0.01"	"0.005"	"0.01"	"100000"	"10000"	"200"	"4932079597232479633"	95000	"intercept"	0.282604835
"0.05"	"0.4"	"0.05"	"0.01"	"0.005"	"0.01"	"100000"	"10000"	"200"	"4932079597232479633"	100000	"slope"	-0.24346033
"0.05"	"0.4"	"0.05"	"0.01"	"0.005"	"0.01"	"100000"	"10000"	"200"	"4932079597232479633"	100000	"intercept"	0.2815647
"0.05"	"0.6"	"0.05"	"0.01"	"0.005"	"0.01"	"100000"	"10000"	"200"	"1589879832287371505"	10	"slope"	-3.8986045e-05
"0.05"	"0.6"	"0.05"	"0.01"	"0.005"	"0.01"	"100000"	"10000"	"200"	"1589879832287371505"	10	"intercept"	0.49991584
"0.05"	"0.6"	"0.05"	"0.01"	"0.005"	"0.01"	"100000"	"10000"	"200"	"1589879832287371505"	5000	"slope"	-0.1630229455
"0.05"	"0.6"	"0.05"	"0.01"	"0.005"	"0.01"	"100000"	"10000"	"200"	"1589879832287371505"	5000	"intercept"	0.22508408
"0.05"	"0.6"	"0.05"	"0.01"	"0.005"	"0.01"	"100000"	"10000"	"200"	"1589879832287371505"	10000	"slope"	-0.19521862
"0.05"	"0.6"	"0.05"	"0.01"	"0.005"	"0.01"	"100000"	"10000"	"200"	"1589879832287371505"	10000	"intercept"	0.24342068
"0.05"	"0.6"	"0.05"	"0.01"	"0.005"	"0.01"	"100000"	"10000"	"200"	"1589879832287371505"	15000	"slope"	-0.243930445
"0.05"	"0.6"	"0.05"	"0.01"	"0.005"	"0.01"	"100000"	"10000"	"200"	"1589879832287371505"	15000	"intercept"	0.28418128
"0.05"	"0.6"	"0.05"	"0.01"	"0.005"	"0.01"	"100000"	"10000"	"200"	"1589879832287371505"	20000	"slope"	-0.235113975
"0.05"	"0.6"	"0.05"	"0.01"	"0.005"	"0.01"	"100000"	"10000"	"200"	"1589879832287371505"	20000	"intercept"	0.27490181
"0.05"	"0.6"	"0.05"	"0.01"	"0.005"	"0.01"	"100000"	"10000"	"200"	"1589879832287371505"	25000	"slope"	-0.233519805
"0.05"	"0.6"	"0.05"	"0.01"	"0.005"	"0.01"	"100000"	"10000"	"200"	"1589879832287371505"	25000	"intercept"	0.27654536
"0.05"	"0.6"	"0.05"	"0.01"	"0.005"	"0.01"	"100000"	"10000"	"200"	"1589879832287371505"	30000	"slope"	-0.24493151
"0.05"	"0.6"	"0.05"	"0.01"	"0.005"	"0.01"	"100000"	"10000"	"200"	"1589879832287371505"	30000	"intercept"	0.288951275
"0.05"	"0.6"	"0.05"	"0.01"	"0.005"	"0.01"	"100000"	"10000"	"200"	"1589879832287371505"	35000	"slope"	-0.23638303
"0.05"	"0.6"	"0.05"	"0.01"	"0.005"	"0.01"	"100000"	"10000"	"200"	"1589879832287371505"	35000	"intercept"	0.2788462
"0.05"	"0.6"	"0.05"	"0.01"	"0.005"	"0.01"	"100000"	"10000"	"200"	"1589879832287371505"	40000	"slope"	-0.243299645
"0.05"	"0.6"	"0.05"	"0.01"	"0.005"	"0.01"	"100000"	"10000"	"200"	"1589879832287371505"	40000	"intercept"	0.288426945
"0.05"	"0.6"	"0.05"	"0.01"	"0.005"	"0.01"	"100000"	"10000"	"200"	"1589879832287371505"	45000	"slope"	-0.24299746
"0.05"	"0.6"	"0.05"	"0.01"	"0.005"	"0.01"	"100000"	"10000"	"200"	"1589879832287371505"	45000	"intercept"	0.28228094
"0.05"	"0.6"	"0.05"	"0.01"	"0.005"	"0.01"	"100000"	"10000"	"200"	"1589879832287371505"	50000	"slope"	-0.24502228
"0.05"	"0.6"	"0.05"	"0.01"	"0.005"	"0.01"	"100000"	"10000"	"200"	"1589879832287371505"	50000	"intercept"	0.283650865
"0.05"	"0.6"	"0.05"	"0.01"	"0.005"	"0.01"	"100000"	"10000"	"200"	"1589879832287371505"	55000	"slope"	-0.248790885
"0.05"	"0.6"	"0.05"	"0.01"	"0.005"	"0.01"	"100000"	"10000"	"200"	"1589879832287371505"	55000	"intercept"	0.2909036
"0.05"	"0.6"	"0.05"	"0.01"	"0.005"	"0.01"	"100000"	"10000"	"200"	"1589879832287371505"	60000	"slope"	-0.241090985
"0.05"	"0.6"	"0.05"	"0.01"	"0.005"	"0.01"	"100000"	"10000"	"200"	"1589879832287371505"	60000	"intercept"	0.281158125
"0.05"	"0.6"	"0.05"	"0.01"	"0.005"	"0.01"	"100000"	"10000"	"200"	"1589879832287371505"	65000	"slope"	-0.24834719
"0.05"	"0.6"	"0.05"	"0.01"	"0.005"	"0.01"	"100000"	"10000"	"200"	"1589879832287371505"	65000	"intercept"	0.288429885
"0.05"	"0.6"	"0.05"	"0.01"	"0.005"	"0.01"	"100000"	"10000"	"200"	"1589879832287371505"	70000	"slope"	-0.256888875
"0.05"	"0.6"	"0.05"	"0.01"	"0.005"	"0.01"	"100000"	"10000"	"200"	"1589879832287371505"	70000	"intercept"	0.296110695
"0.05"	"0.6"	"0.05"	"0.01"	"0.005"	"0.01"	"100000"	"10000"	"200"	"1589879832287371505"	75000	"slope"	-0.244003965
"0.05"	"0.6"	"0.05"	"0.01"	"0.005"	"0.01"	"100000"	"10000"	"200"	"1589879832287371505"	75000	"intercept"	0.287804125
"0.05"	"0.6"	"0.05"	"0.01"	"0.005"	"0.01"	"100000"	"10000"	"200"	"1589879832287371505"	80000	"slope"	-0.237707915
"0.05"	"0.6"	"0.05"	"0.01"	"0.005"	"0.01"	"100000"	"10000"	"200"	"1589879832287371505"	80000	"intercept"	0.279755425
"0.05"	"0.6"	"0.05"	"0.01"	"0.005"	"0.01"	"100000"	"10000"	"200"	"1589879832287371505"	85000	"slope"	-0.249446545
"0.05"	"0.6"	"0.05"	"0.01"	"0.005"	"0.01"	"100000"	"10000"	"200"	"1589879832287371505"	85000	"intercept"	0.290807035
"0.05"	"0.6"	"0.05"	"0.01"	"0.005"	"0.01"	"100000"	"10000"	"200"	"1589879832287371505"	90000	"slope"	-0.24571584
"0.05"	"0.6"	"0.05"	"0.01"	"0.005"	"0.01"	"100000"	"10000"	"200"	"1589879832287371505"	90000	"intercept"	0.28369133
"0.05"	"0.6"	"0.05"	"0.01"	"0.005"	"0.01"	"100000"	"10000"	"200"	"1589879832287371505"	95000	"slope"	-0.215194385
"0.05"	"0.6"	"0.05"	"0.01"	"0.005"	"0.01"	"100000"	"10000"	"200"	"1589879832287371505"	95000	"intercept"	0.261290625
"0.05"	"0.6"	"0.05"	"0.01"	"0.005"	"0.01"	"100000"	"10000"	"200"	"1589879832287371505"	100000	"slope"	-0.226416775
"0.05"	"0.6"	"0.05"	"0.01"	"0.005"	"0.01"	"100000"	"10000"	"200"	"1589879832287371505"	100000	"intercept"	0.26999097
"0.05"	"0.6"	"0.05"	"0.01"	"0.005"	"0.01"	"100000"	"10000"	"200"	"1830377600293993687"	10	"slope"	-0.00012073425
"0.05"	"0.6"	"0.05"	"0.01"	"0.005"	"0.01"	"100000"	"10000"	"200"	"1830377600293993687"	10	"intercept"	0.49983235
"0.05"	"0.6"	"0.05"	"0.01"	"0.005"	"0.01"	"100000"	"10000"	"200"	"1830377600293993687"	5000	"slope"	-0.144422059
"0.05"	"0.6"	"0.05"	"0.01"	"0.005"	"0.01"	"100000"	"10000"	"200"	"1830377600293993687"	5000	"intercept"	0.21679468
"0.05"	"0.6"	"0.05"	"0.01"	"0.005"	"0.01"	"100000"	"10000"	"200"	"1830377600293993687"	10000	"slope"	-0.204514625
"0.05"	"0.6"	"0.05"	"0.01"	"0.005"	"0.01"	"100000"	"10000"	"200"	"1830377600293993687"	10000	"intercept"	0.248818215
"0.05"	"0.6"	"0.05"	"0.01"	"0.005"	"0.01"	"100000"	"10000"	"200"	"1830377600293993687"	15000	"slope"	-0.224282625
"0.05"	"0.6"	"0.05"	"0.01"	"0.005"	"0.01"	"100000"	"10000"	"200"	"1830377600293993687"	15000	"intercept"	0.27476328
"0.05"	"0.6"	"0.05"	"0.01"	"0.005"	"0.01"	"100000"	"10000"	"200"	"1830377600293993687"	20000	"slope"	-0.258582665
"0.05"	"0.6"	"0.05"	"0.01"	"0.005"	"0.01"	"100000"	"10000"	"200"	"1830377600293993687"	20000	"intercept"	0.30286487
"0.05"	"0.6"	"0.05"	"0.01"	"0.005"	"0.01"	"100000"	"10000"	"200"	"1830377600293993687"	25000	"slope"	-0.24095949
"0.05"	"0.6"	"0.05"	"0.01"	"0.005"	"0.01"	"100000"	"10000"	"200"	"1830377600293993687"	25000	"intercept"	0.282738585
"0.05"	"0.6"	"0.05"	"0.01"	"0.005"	"0.01"	"100000"	"10000"	"200"	"1830377600293993687"	30000	"slope"	-0.23372877
"0.05"	"0.6"	"0.05"	"0.01"	"0.005"	"0.01"	"100000"	"10000"	"200"	"1830377600293993687"	30000	"intercept"	0.28044879
"0.05"	"0.6"	"0.05"	"0.01"	"0.005"	"0.01"	"100000"	"10000"	"200"	"1830377600293993687"	35000	"slope"	-0.230000885
"0.05"	"0.6"	"0.05"	"0.01"	"0.005"	"0.01"	"100000"	"10000"	"200"	"1830377600293993687"	35000	"intercept"	0.27318924
"0.05"	"0.6"	"0.05"	"0.01"	"0.005"	"0.01"	"100000"	"10000"	"200"	"1830377600293993687"	40000	"slope"	-0.24860047
"0.05"	"0.6"	"0.05"	"0.01"	"0.005"	"0.01"	"100000"	"10000"	"200"	"1830377600293993687"	40000	"intercept"	0.29174239
"0.05"	"0.6"	"0.05"	"0.01"	"0.005"	"0.01"	"100000"	"10000"	"200"	"1830377600293993687"	45000	"slope"	-0.24387055
"0.05"	"0.6"	"0.05"	"0.01"	"0.005"	"0.01"	"100000"	"10000"	"200"	"1830377600293993687"	45000	"intercept"	0.28549156
"0.05"	"0.6"	"0.05"	"0.01"	"0.005"	"0.01"	"100000"	"10000"	"200"	"1830377600293993687"	50000	"slope"	-0.23310802
"0.05"	"0.6"	"0.05"	"0.01"	"0.005"	"0.01"	"100000"	"10000"	"200"	"1830377600293993687"	50000	"intercept"	0.27645552
"0.05"	"0.6"	"0.05"	"0.01"	"0.005"	"0.01"	"100000"	"10000"	"200"	"1830377600293993687"	55000	"slope"	-0.240498375
"0.05"	"0.6"	"0.05"	"0.01"	"0.005"	"0.01"	"100000"	"10000"	"200"	"1830377600293993687"	55000	"intercept"	0.284632455
"0.05"	"0.6"	"0.05"	"0.01"	"0.005"	"0.01"	"100000"	"10000"	"200"	"1830377600293993687"	60000	"slope"	-0.238140375
"0.05"	"0.6"	"0.05"	"0.01"	"0.005"	"0.01"	"100000"	"10000"	"200"	"1830377600293993687"	60000	"intercept"	0.277604165
"0.05"	"0.6"	"0.05"	"0.01"	"0.005"	"0.01"	"100000"	"10000"	"200"	"1830377600293993687"	65000	"slope"	-0.23110856
"0.05"	"0.6"	"0.05"	"0.01"	"0.005"	"0.01"	"100000"	"10000"	"200"	"1830377600293993687"	65000	"intercept"	0.27552711
"0.05"	"0.6"	"0.05"	"0.01"	"0.005"	"0.01"	"100000"	"10000"	"200"	"1830377600293993687"	70000	"slope"	-0.22306475
"0.05"	"0.6"	"0.05"	"0.01"	"0.005"	"0.01"	"100000"	"10000"	"200"	"1830377600293993687"	70000	"intercept"	0.26744649
"0.05"	"0.6"	"0.05"	"0.01"	"0.005"	"0.01"	"100000"	"10000"	"200"	"1830377600293993687"	75000	"slope"	-0.22675993
"0.05"	"0.6"	"0.05"	"0.01"	"0.005"	"0.01"	"100000"	"10000"	"200"	"1830377600293993687"	75000	"intercept"	0.269671525
"0.05"	"0.6"	"0.05"	"0.01"	"0.005"	"0.01"	"100000"	"10000"	"200"	"1830377600293993687"	80000	"slope"	-0.233560375
"0.05"	"0.6"	"0.05"	"0.01"	"0.005"	"0.01"	"100000"	"10000"	"200"	"1830377600293993687"	80000	"intercept"	0.271844925
"0.05"	"0.6"	"0.05"	"0.01"	"0.005"	"0.01"	"100000"	"10000"	"200"	"1830377600293993687"	85000	"slope"	-0.2474148
"0.05"	"0.6"	"0.05"	"0.01"	"0.005"	"0.01"	"100000"	"10000"	"200"	"1830377600293993687"	85000	"intercept"	0.287427705
"0.05"	"0.6"	"0.05"	"0.01"	"0.005"	"0.01"	"100000"	"10000"	"200"	"1830377600293993687"	90000	"slope"	-0.24109469
"0.05"	"0.6"	"0.05"	"0.01"	"0.005"	"0.01"	"100000"	"10000"	"200"	"1830377600293993687"	90000	"intercept"	0.2819532
"0.05"	"0.6"	"0.05"	"0.01"	"0.005"	"0.01"	"100000"	"10000"	"200"	"1830377600293993687"	95000	"slope"	-0.22760761
"0.05"	"0.6"	"0.05"	"0.01"	"0.005"	"0.01"	"100000"	"10000"	"200"	"1830377600293993687"	95000	"intercept"	0.27258861
"0.05"	"0.6"	"0.05"	"0.01"	"0.005"	"0.01"	"100000"	"10000"	"200"	"1830377600293993687"	100000	"slope"	-0.251884875
"0.05"	"0.6"	"0.05"	"0.01"	"0.005"	"0.01"	"100000"	"10000"	"200"	"1830377600293993687"	100000	"intercept"	0.28889497
"0.05"	"0.6"	"0.05"	"0.01"	"0.005"	"0.01"	"100000"	"10000"	"200"	"5959598351568248705"	10	"slope"	-2.9330908e-05
"0.05"	"0.6"	"0.05"	"0.01"	"0.005"	"0.01"	"100000"	"10000"	"200"	"5959598351568248705"	10	"intercept"	0.49991554
"0.05"	"0.6"	"0.05"	"0.01"	"0.005"	"0.01"	"100000"	"10000"	"200"	"5959598351568248705"	5000	"slope"	-0.177319715
"0.05"	"0.6"	"0.05"	"0.01"	"0.005"	"0.01"	"100000"	"10000"	"200"	"5959598351568248705"	5000	"intercept"	0.234574365
"0.05"	"0.6"	"0.05"	"0.01"	"0.005"	"0.01"	"100000"	"10000"	"200"	"5959598351568248705"	10000	"slope"	-0.21540213
"0.05"	"0.6"	"0.05"	"0.01"	"0.005"	"0.01"	"100000"	"10000"	"200"	"5959598351568248705"	10000	"intercept"	0.26128271
"0.05"	"0.6"	"0.05"	"0.01"	"0.005"	"0.01"	"100000"	"10000"	"200"	"5959598351568248705"	15000	"slope"	-0.236255305
"0.05"	"0.6"	"0.05"	"0.01"	"0.005"	"0.01"	"100000"	"10000"	"200"	"5959598351568248705"	15000	"intercept"	0.27858746
"0.05"	"0.6"	"0.05"	"0.01"	"0.005"	"0.01"	"100000"	"10000"	"200"	"5959598351568248705"	20000	"slope"	-0.24989558
"0.05"	"0.6"	"0.05"	"0.01"	"0.005"	"0.01"	"100000"	"10000"	"200"	"5959598351568248705"	20000	"intercept"	0.28419966
"0.05"	"0.6"	"0.05"	"0.01"	"0.005"	"0.01"	"100000"	"10000"	"200"	"5959598351568248705"	25000	"slope"	-0.23631707
"0.05"	"0.6"	"0.05"	"0.01"	"0.005"	"0.01"	"100000"	"10000"	"200"	"5959598351568248705"	25000	"intercept"	0.28056888
"0.05"	"0.6"	"0.05"	"0.01"	"0.005"	"0.01"	"100000"	"10000"	"200"	"5959598351568248705"	30000	"slope"	-0.24105476
"0.05"	"0.6"	"0.05"	"0.01"	"0.005"	"0.01"	"100000"	"10000"	"200"	"5959598351568248705"	30000	"intercept"	0.28607923
"0.05"	"0.6"	"0.05"	"0.01"	"0.005"	"0.01"	"100000"	"10000"	"200"	"5959598351568248705"	35000	"slope"	-0.230901705
"0.05"	"0.6"	"0.05"	"0.01"	"0.005"	"0.01"	"100000"	"10000"	"200"	"5959598351568248705"	35000	"intercept"	0.27224665
"0.05"	"0.6"	"0.05"	"0.01"	"0.005"	"0.01"	"100000"	"10000"	"200"	"5959598351568248705"	40000	"slope"	-0.237832515
"0.05"	"0.6"	"0.05"	"0.01"	"0.005"	"0.01"	"100000"	"10000"	"200"	"5959598351568248705"	40000	"intercept"	0.27687483
"0.05"	"0.6"	"0.05"	"0.01"	"0.005"	"0.01"	"100000"	"10000"	"200"	"5959598351568248705"	45000	"slope"	-0.23838369
"0.05"	"0.6"	"0.05"	"0.01"	"0.005"	"0.01"	"100000"	"10000"	"200"	"5959598351568248705"	45000	"intercept"	0.28108418
"0.05"	"0.6"	"0.05"	"0.01"	"0.005"	"0.01"	"100000"	"10000"	"200"	"5959598351568248705"	50000	"slope"	-0.236644105
"0.05"	"0.6"	"0.05"	"0.01"	"0.005"	"0.01"	"100000"	"10000"	"200"	"5959598351568248705"	50000	"intercept"	0.271869025
"0.05"	"0.6"	"0.05"	"0.01"	"0.005"	"0.01"	"100000"	"10000"	"200"	"5959598351568248705"	55000	"slope"	-0.25035754
"0.05"	"0.6"	"0.05"	"0.01"	"0.005"	"0.01"	"100000"	"10000"	"200"	"5959598351568248705"	55000	"intercept"	0.29604001
"0.05"	"0.6"	"0.05"	"0.01"	"0.005"	"0.01"	"100000"	"10000"	"200"	"5959598351568248705"	60000	"slope"	-0.2473201
"0.05"	"0.6"	"0.05"	"0.01"	"0.005"	"0.01"	"100000"	"10000"	"200"	"5959598351568248705"	60000	"intercept"	0.28688405
"0.05"	"0.6"	"0.05"	"0.01"	"0.005"	"0.01"	"100000"	"10000"	"200"	"5959598351568248705"	65000	"slope"	-0.25101432
"0.05"	"0.6"	"0.05"	"0.01"	"0.005"	"0.01"	"100000"	"10000"	"200"	"5959598351568248705"	65000	"intercept"	0.29044859
"0.05"	"0.6"	"0.05"	"0.01"	"0.005"	"0.01"	"100000"	"10000"	"200"	"5959598351568248705"	70000	"slope"	-0.22646659
"0.05"	"0.6"	"0.05"	"0.01"	"0.005"	"0.01"	"100000"	"10000"	"200"	"5959598351568248705"	70000	"intercept"	0.275633915
"0.05"	"0.6"	"0.05"	"0.01"	"0.005"	"0.01"	"100000"	"10000"	"200"	"5959598351568248705"	75000	"slope"	-0.241090285
"0.05"	"0.6"	"0.05"	"0.01"	"0.005"	"0.01"	"100000"	"10000"	"200"	"5959598351568248705"	75000	"intercept"	0.27729664
"0.05"	"0.6"	"0.05"	"0.01"	"0.005"	"0.01"	"100000"	"10000"	"200"	"5959598351568248705"	80000	"slope"	-0.24405803
"0.05"	"0.6"	"0.05"	"0.01"	"0.005"	"0.01"	"100000"	"10000"	"200"	"5959598351568248705"	80000	"intercept"	0.28286053
"0.05"	"0.6"	"0.05"	"0.01"	"0.005"	"0.01"	"100000"	"10000"	"200"	"5959598351568248705"	85000	"slope"	-0.245890865
"0.05"	"0.6"	"0.05"	"0.01"	"0.005"	"0.01"	"100000"	"10000"	"200"	"5959598351568248705"	85000	"intercept"	0.284412325
"0.05"	"0.6"	"0.05"	"0.01"	"0.005"	"0.01"	"100000"	"10000"	"200"	"5959598351568248705"	90000	"slope"	-0.251403725
"0.05"	"0.6"	"0.05"	"0.01"	"0.005"	"0.01"	"100000"	"10000"	"200"	"5959598351568248705"	90000	"intercept"	0.29150098
"0.05"	"0.6"	"0.05"	"0.01"	"0.005"	"0.01"	"100000"	"10000"	"200"	"5959598351568248705"	95000	"slope"	-0.24942276
"0.05"	"0.6"	"0.05"	"0.01"	"0.005"	"0.01"	"100000"	"10000"	"200"	"5959598351568248705"	95000	"intercept"	0.2890434
"0.05"	"0.6"	"0.05"	"0.01"	"0.005"	"0.01"	"100000"	"10000"	"200"	"5959598351568248705"	100000	"slope"	-0.234006745
"0.05"	"0.6"	"0.05"	"0.01"	"0.005"	"0.01"	"100000"	"10000"	"200"	"5959598351568248705"	100000	"intercept"	0.28095066
"0.05"	"0.8"	"0.05"	"0.01"	"0.005"	"0.01"	"100000"	"10000"	"200"	"6584513845659674246"	10	"slope"	-2.526769e-05
"0.05"	"0.8"	"0.05"	"0.01"	"0.005"	"0.01"	"100000"	"10000"	"200"	"6584513845659674246"	10	"intercept"	0.500144945
"0.05"	"0.8"	"0.05"	"0.01"	"0.005"	"0.01"	"100000"	"10000"	"200"	"6584513845659674246"	5000	"slope"	-0.190215725
"0.05"	"0.8"	"0.05"	"0.01"	"0.005"	"0.01"	"100000"	"10000"	"200"	"6584513845659674246"	5000	"intercept"	0.242966645
"0.05"	"0.8"	"0.05"	"0.01"	"0.005"	"0.01"	"100000"	"10000"	"200"	"6584513845659674246"	10000	"slope"	-0.22507965
"0.05"	"0.8"	"0.05"	"0.01"	"0.005"	"0.01"	"100000"	"10000"	"200"	"6584513845659674246"	10000	"intercept"	0.26437505
"0.05"	"0.8"	"0.05"	"0.01"	"0.005"	"0.01"	"100000"	"10000"	"200"	"6584513845659674246"	15000	"slope"	-0.23730489
"0.05"	"0.8"	"0.05"	"0.01"	"0.005"	"0.01"	"100000"	"10000"	"200"	"6584513845659674246"	15000	"intercept"	0.278277595
"0.05"	"0.8"	"0.05"	"0.01"	"0.005"	"0.01"	"100000"	"10000"	"200"	"6584513845659674246"	20000	"slope"	-0.23345227
"0.05"	"0.8"	"0.05"	"0.01"	"0.005"	"0.01"	"100000"	"10000"	"200"	"6584513845659674246"	20000	"intercept"	0.273340345
"0.05"	"0.8"	"0.05"	"0.01"	"0.005"	"0.01"	"100000"	"10000"	"200"	"6584513845659674246"	25000	"slope"	-0.238873085
"0.05"	"0.8"	"0.05"	"0.01"	"0.005"	"0.01"	"100000"	"10000"	"200"	"6584513845659674246"	25000	"intercept"	0.28089418
"0.05"	"0.8"	"0.05"	"0.01"	"0.005"	"0.01"	"100000"	"10000"	"200"	"6584513845659674246"	30000	"slope"	-0.22340082
"0.05"	"0.8"	"0.05"	"0.01"	"0.005"	"0.01"	"100000"	"10000"	"200"	"6584513845659674246"	30000	"intercept"	0.267760695
"0.05"	"0.8"	"0.05"	"0.01"	"0.005"	"0.01"	"100000"	"10000"	"200"	"6584513845659674246"	35000	"slope"	-0.24326534
"0.05"	"0.8"	"0.05"	"0.01"	"0.005"	"0.01"	"100000"	"10000"	"200"	"6584513845659674246"	35000	"intercept"	0.28063171
"0.05"	"0.8"	"0.05"	"0.01"	"0.005"	"0.01"	"100000"	"10000"	"200"	"6584513845659674246"	40000	"slope"	-0.247153325
"0.05"	"0.8"	"0.05"	"0.01"	"0.005"	"0.01"	"100000"	"10000"	"200"	"6584513845659674246"	40000	"intercept"	0.289744265
"0.05"	"0.8"	"0.05"	"0.01"	"0.005"	"0.01"	"100000"	"10000"	"200"	"6584513845659674246"	45000	"slope"	-0.23953888
"0.05"	"0.8"	"0.05"	"0.01"	"0.005"	"0.01"	"100000"	"10000"	"200"	"6584513845659674246"	45000	"intercept"	0.282989425
"0.05"	"0.8"	"0.05"	"0.01"	"0.005"	"0.01"	"100000"	"10000"	"200"	"6584513845659674246"	50000	"slope"	-0.243015755
"0.05"	"0.8"	"0.05"	"0.01"	"0.005"	"0.01"	"100000"	"10000"	"200"	"6584513845659674246"	50000	"intercept"	0.28310857
"0.05"	"0.8"	"0.05"	"0.01"	"0.005"	"0.01"	"100000"	"10000"	"200"	"6584513845659674246"	55000	"slope"	-0.237832365
"0.05"	"0.8"	"0.05"	"0.01"	"0.005"	"0.01"	"100000"	"10000"	"200"	"6584513845659674246"	55000	"intercept"	0.276376725
"0.05"	"0.8"	"0.05"	"0.01"	"0.005"	"0.01"	"100000"	"10000"	"200"	"6584513845659674246"	60000	"slope"	-0.24610149
"0.05"	"0.8"	"0.05"	"0.01"	"0.005"	"0.01"	"100000"	"10000"	"200"	"6584513845659674246"	60000	"intercept"	0.285001765
"0.05"	"0.8"	"0.05"	"0.01"	"0.005"	"0.01"	"100000"	"10000"	"200"	"6584513845659674246"	65000	"slope"	-0.22883869
"0.05"	"0.8"	"0.05"	"0.01"	"0.005"	"0.01"	"100000"	"10000"	"200"	"6584513845659674246"	65000	"intercept"	0.270495695
"0.05"	"0.8"	"0.05"	"0.01"	"0.005"	"0.01"	"100000"	"10000"	"200"	"6584513845659674246"	70000	"slope"	-0.216313225
"0.05"	"0.8"	"0.05"	"0.01"	"0.005"	"0.01"	"100000"	"10000"	"200"	"6584513845659674246"	70000	"intercept"	0.255503905
"0.05"	"0.8"	"0.05"	"0.01"	"0.005"	"0.01"	"100000"	"10000"	"200"	"6584513845659674246"	75000	"slope"	-0.227614875
"0.05"	"0.8"	"0.05"	"0.01"	"0.005"	"0.01"	"100000"	"10000"	"200"	"6584513845659674246"	75000	"intercept"	0.272997425
"0.05"	"0.8"	"0.05"	"0.01"	"0.005"	"0.01"	"100000"	"10000"	"200"	"6584513845659674246"	80000	"slope"	-0.219094155
"0.05"	"0.8"	"0.05"	"0.01"	"0.005"	"0.01"	"100000"	"10000"	"200"	"6584513845659674246"	80000	"intercept"	0.266672755
"0.05"	"0.8"	"0.05"	"0.01"	"0.005"	"0.01"	"100000"	"10000"	"200"	"6584513845659674246"	85000	"slope"	-0.24935691
"0.05"	"0.8"	"0.05"	"0.01"	"0.005"	"0.01"	"100000"	"10000"	"200"	"6584513845659674246"	85000	"intercept"	0.290493435
"0.05"	"0.8"	"0.05"	"0.01"	"0.005"	"0.01"	"100000"	"10000"	"200"	"6584513845659674246"	90000	"slope"	-0.240871385
"0.05"	"0.8"	"0.05"	"0.01"	"0.005"	"0.01"	"100000"	"10000"	"200"	"6584513845659674246"	90000	"intercept"	0.28074065
"0.05"	"0.8"	"0.05"	"0.01"	"0.005"	"0.01"	"100000"	"10000"	"200"	"6584513845659674246"	95000	"slope"	-0.25233364
"0.05"	"0.8"	"0.05"	"0.01"	"0.005"	"0.01"	"100000"	"10000"	"200"	"6584513845659674246"	95000	"intercept"	0.28797243
"0.05"	"0.8"	"0.05"	"0.01"	"0.005"	"0.01"	"100000"	"10000"	"200"	"6584513845659674246"	100000	"slope"	-0.250686325
"0.05"	"0.8"	"0.05"	"0.01"	"0.005"	"0.01"	"100000"	"10000"	"200"	"6584513845659674246"	100000	"intercept"	0.29237277
"0.05"	"0.8"	"0.05"	"0.01"	"0.005"	"0.01"	"100000"	"10000"	"200"	"7549098144174580095"	10	"slope"	8.85938749999999e-06
"0.05"	"0.8"	"0.05"	"0.01"	"0.005"	"0.01"	"100000"	"10000"	"200"	"7549098144174580095"	10	"intercept"	0.499842525
"0.05"	"0.8"	"0.05"	"0.01"	"0.005"	"0.01"	"100000"	"10000"	"200"	"7549098144174580095"	5000	"slope"	-0.162626285
"0.05"	"0.8"	"0.05"	"0.01"	"0.005"	"0.01"	"100000"	"10000"	"200"	"7549098144174580095"	5000	"intercept"	0.22312269
"0.05"	"0.8"	"0.05"	"0.01"	"0.005"	"0.01"	"100000"	"10000"	"200"	"7549098144174580095"	10000	"slope"	-0.213853055
"0.05"	"0.8"	"0.05"	"0.01"	"0.005"	"0.01"	"100000"	"10000"	"200"	"7549098144174580095"	10000	"intercept"	0.26141613
"0.05"	"0.8"	"0.05"	"0.01"	"0.005"	"0.01"	"100000"	"10000"	"200"	"7549098144174580095"	15000	"slope"	-0.24978649
"0.05"	"0.8"	"0.05"	"0.01"	"0.005"	"0.01"	"100000"	"10000"	"200"	"7549098144174580095"	15000	"intercept"	0.28560106
"0.05"	"0.8"	"0.05"	"0.01"	"0.005"	"0.01"	"100000"	"10000"	"200"	"7549098144174580095"	20000	"slope"	-0.2463924555
"0.05"	"0.8"	"0.05"	"0.01"	"0.005"	"0.01"	"100000"	"10000"	"200"	"7549098144174580095"	20000	"intercept"	0.28389408
"0.05"	"0.8"	"0.05"	"0.01"	"0.005"	"0.01"	"100000"	"10000"	"200"	"7549098144174580095"	25000	"slope"	-0.238328715
"0.05"	"0.8"	"0.05"	"0.01"	"0.005"	"0.01"	"100000"	"10000"	"200"	"7549098144174580095"	25000	"intercept"	0.27681595
"0.05"	"0.8"	"0.05"	"0.01"	"0.005"	"0.01"	"100000"	"10000"	"200"	"7549098144174580095"	30000	"slope"	-0.2360653
"0.05"	"0.8"	"0.05"	"0.01"	"0.005"	"0.01"	"100000"	"10000"	"200"	"7549098144174580095"	30000	"intercept"	0.27488805
"0.05"	"0.8"	"0.05"	"0.01"	"0.005"	"0.01"	"100000"	"10000"	"200"	"7549098144174580095"	35000	"slope"	-0.229120985
"0.05"	"0.8"	"0.05"	"0.01"	"0.005"	"0.01"	"100000"	"10000"	"200"	"7549098144174580095"	35000	"intercept"	0.270181855
"0.05"	"0.8"	"0.05"	"0.01"	"0.005"	"0.01"	"100000"	"10000"	"200"	"7549098144174580095"	40000	"slope"	-0.236365095
"0.05"	"0.8"	"0.05"	"0.01"	"0.005"	"0.01"	"100000"	"10000"	"200"	"7549098144174580095"	40000	"intercept"	0.27446402
"0.05"	"0.8"	"0.05"	"0.01"	"0.005"	"0.01"	"100000"	"10000"	"200"	"7549098144174580095"	45000	"slope"	-0.246432655
"0.05"	"0.8"	"0.05"	"0.01"	"0.005"	"0.01"	"100000"	"10000"	"200"	"7549098144174580095"	45000	"intercept"	0.280723405
"0.05"	"0.8"	"0.05"	"0.01"	"0.005"	"0.01"	"100000"	"10000"	"200"	"7549098144174580095"	50000	"slope"	-0.226785505
"0.05"	"0.8"	"0.05"	"0.01"	"0.005"	"0.01"	"100000"	"10000"	"200"	"7549098144174580095"	50000	"intercept"	0.26687131
"0.05"	"0.8"	"0.05"	"0.01"	"0.005"	"0.01"	"100000"	"10000"	"200"	"7549098144174580095"	55000	"slope"	-0.2179361
"0.05"	"0.8"	"0.05"	"0.01"	"0.005"	"0.01"	"100000"	"10000"	"200"	"7549098144174580095"	55000	"intercept"	0.25947967
"0.05"	"0.8"	"0.05"	"0.01"	"0.005"	"0.01"	"100000"	"10000"	"200"	"7549098144174580095"	60000	"slope"	-0.229586855
"0.05"	"0.8"	"0.05"	"0.01"	"0.005"	"0.01"	"100000"	"10000"	"200"	"7549098144174580095"	60000	"intercept"	0.269088595
"0.05"	"0.8"	"0.05"	"0.01"	"0.005"	"0.01"	"100000"	"10000"	"200"	"7549098144174580095"	65000	"slope"	-0.214149245
"0.05"	"0.8"	"0.05"	"0.01"	"0.005"	"0.01"	"100000"	"10000"	"200"	"7549098144174580095"	65000	"intercept"	0.26512155
"0.05"	"0.8"	"0.05"	"0.01"	"0.005"	"0.01"	"100000"	"10000"	"200"	"7549098144174580095"	70000	"slope"	-0.23131432
"0.05"	"0.8"	"0.05"	"0.01"	"0.005"	"0.01"	"100000"	"10000"	"200"	"7549098144174580095"	70000	"intercept"	0.275465415
"0.05"	"0.8"	"0.05"	"0.01"	"0.005"	"0.01"	"100000"	"10000"	"200"	"7549098144174580095"	75000	"slope"	-0.22913128
"0.05"	"0.8"	"0.05"	"0.01"	"0.005"	"0.01"	"100000"	"10000"	"200"	"7549098144174580095"	75000	"intercept"	0.27201655
"0.05"	"0.8"	"0.05"	"0.01"	"0.005"	"0.01"	"100000"	"10000"	"200"	"7549098144174580095"	80000	"slope"	-0.23614248
"0.05"	"0.8"	"0.05"	"0.01"	"0.005"	"0.01"	"100000"	"10000"	"200"	"7549098144174580095"	80000	"intercept"	0.277677495
"0.05"	"0.8"	"0.05"	"0.01"	"0.005"	"0.01"	"100000"	"10000"	"200"	"7549098144174580095"	85000	"slope"	-0.249710075
"0.05"	"0.8"	"0.05"	"0.01"	"0.005"	"0.01"	"100000"	"10000"	"200"	"7549098144174580095"	85000	"intercept"	0.290984175
"0.05"	"0.8"	"0.05"	"0.01"	"0.005"	"0.01"	"100000"	"10000"	"200"	"7549098144174580095"	90000	"slope"	-0.244823985
"0.05"	"0.8"	"0.05"	"0.01"	"0.005"	"0.01"	"100000"	"10000"	"200"	"7549098144174580095"	90000	"intercept"	0.28501614
"0.05"	"0.8"	"0.05"	"0.01"	"0.005"	"0.01"	"100000"	"10000"	"200"	"7549098144174580095"	95000	"slope"	-0.245072755
"0.05"	"0.8"	"0.05"	"0.01"	"0.005"	"0.01"	"100000"	"10000"	"200"	"7549098144174580095"	95000	"intercept"	0.29028577
"0.05"	"0.8"	"0.05"	"0.01"	"0.005"	"0.01"	"100000"	"10000"	"200"	"7549098144174580095"	100000	"slope"	-0.24519177
"0.05"	"0.8"	"0.05"	"0.01"	"0.005"	"0.01"	"100000"	"10000"	"200"	"7549098144174580095"	100000	"intercept"	0.288443545
"0.05"	"0.8"	"0.05"	"0.01"	"0.005"	"0.01"	"100000"	"10000"	"200"	"7868771338184540987"	10	"slope"	-4.5277165e-05
"0.05"	"0.8"	"0.05"	"0.01"	"0.005"	"0.01"	"100000"	"10000"	"200"	"7868771338184540987"	10	"intercept"	0.49998552
"0.05"	"0.8"	"0.05"	"0.01"	"0.005"	"0.01"	"100000"	"10000"	"200"	"7868771338184540987"	5000	"slope"	-0.18568238
"0.05"	"0.8"	"0.05"	"0.01"	"0.005"	"0.01"	"100000"	"10000"	"200"	"7868771338184540987"	5000	"intercept"	0.23602496
"0.05"	"0.8"	"0.05"	"0.01"	"0.005"	"0.01"	"100000"	"10000"	"200"	"7868771338184540987"	10000	"slope"	-0.219096405
"0.05"	"0.8"	"0.05"	"0.01"	"0.005"	"0.01"	"100000"	"10000"	"200"	"7868771338184540987"	10000	"intercept"	0.260808665
"0.05"	"0.8"	"0.05"	"0.01"	"0.005"	"0.01"	"100000"	"10000"	"200"	"7868771338184540987"	15000	"slope"	-0.234378275
"0.05"	"0.8"	"0.05"	"0.01"	"0.005"	"0.01"	"100000"	"10000"	"200"	"7868771338184540987"	15000	"intercept"	0.27750129
"0.05"	"0.8"	"0.05"	"0.01"	"0.005"	"0.01"	"100000"	"10000"	"200"	"7868771338184540987"	20000	"slope"	-0.2494047915
"0.05"	"0.8"	"0.05"	"0.01"	"0.005"	"0.01"	"100000"	"10000"	"200"	"7868771338184540987"	20000	"intercept"	0.29015679
"0.05"	"0.8"	"0.05"	"0.01"	"0.005"	"0.01"	"100000"	"10000"	"200"	"7868771338184540987"	25000	"slope"	-0.22896916
"0.05"	"0.8"	"0.05"	"0.01"	"0.005"	"0.01"	"100000"	"10000"	"200"	"7868771338184540987"	25000	"intercept"	0.268125965
"0.05"	"0.8"	"0.05"	"0.01"	"0.005"	"0.01"	"100000"	"10000"	"200"	"7868771338184540987"	30000	"slope"	-0.250335515
"0.05"	"0.8"	"0.05"	"0.01"	"0.005"	"0.01"	"100000"	"10000"	"200"	"7868771338184540987"	30000	"intercept"	0.29103476
"0.05"	"0.8"	"0.05"	"0.01"	"0.005"	"0.01"	"100000"	"10000"	"200"	"7868771338184540987"	35000	"slope"	-0.22798439
"0.05"	"0.8"	"0.05"	"0.01"	"0.005"	"0.01"	"100000"	"10000"	"200"	"7868771338184540987"	35000	"intercept"	0.273657805
"0.05"	"0.8"	"0.05"	"0.01"	"0.005"	"0.01"	"100000"	"10000"	"200"	"7868771338184540987"	40000	"slope"	-0.23435757
"0.05"	"0.8"	"0.05"	"0.01"	"0.005"	"0.01"	"100000"	"10000"	"200"	"7868771338184540987"	40000	"intercept"	0.276292335
"0.05"	"0.8"	"0.05"	"0.01"	"0.005"	"0.01"	"100000"	"10000"	"200"	"7868771338184540987"	45000	"slope"	-0.24309631
"0.05"	"0.8"	"0.05"	"0.01"	"0.005"	"0.01"	"100000"	"10000"	"200"	"7868771338184540987"	45000	"intercept"	0.283287255
"0.05"	"0.8"	"0.05"	"0.01"	"0.005"	"0.01"	"100000"	"10000"	"200"	"7868771338184540987"	50000	"slope"	-0.233304855
"0.05"	"0.8"	"0.05"	"0.01"	"0.005"	"0.01"	"100000"	"10000"	"200"	"7868771338184540987"	50000	"intercept"	0.26840871
"0.05"	"0.8"	"0.05"	"0.01"	"0.005"	"0.01"	"100000"	"10000"	"200"	"7868771338184540987"	55000	"slope"	-0.23016592
"0.05"	"0.8"	"0.05"	"0.01"	"0.005"	"0.01"	"100000"	"10000"	"200"	"7868771338184540987"	55000	"intercept"	0.273197725
"0.05"	"0.8"	"0.05"	"0.01"	"0.005"	"0.01"	"100000"	"10000"	"200"	"7868771338184540987"	60000	"slope"	-0.257697075
"0.05"	"0.8"	"0.05"	"0.01"	"0.005"	"0.01"	"100000"	"10000"	"200"	"7868771338184540987"	60000	"intercept"	0.292321735
"0.05"	"0.8"	"0.05"	"0.01"	"0.005"	"0.01"	"100000"	"10000"	"200"	"7868771338184540987"	65000	"slope"	-0.24021445
"0.05"	"0.8"	"0.05"	"0.01"	"0.005"	"0.01"	"100000"	"10000"	"200"	"7868771338184540987"	65000	"intercept"	0.280366365
"0.05"	"0.8"	"0.05"	"0.01"	"0.005"	"0.01"	"100000"	"10000"	"200"	"7868771338184540987"	70000	"slope"	-0.23447886
"0.05"	"0.8"	"0.05"	"0.01"	"0.005"	"0.01"	"100000"	"10000"	"200"	"7868771338184540987"	70000	"intercept"	0.27421318
"0.05"	"0.8"	"0.05"	"0.01"	"0.005"	"0.01"	"100000"	"10000"	"200"	"7868771338184540987"	75000	"slope"	-0.221756245
"0.05"	"0.8"	"0.05"	"0.01"	"0.005"	"0.01"	"100000"	"10000"	"200"	"7868771338184540987"	75000	"intercept"	0.26619531
"0.05"	"0.8"	"0.05"	"0.01"	"0.005"	"0.01"	"100000"	"10000"	"200"	"7868771338184540987"	80000	"slope"	-0.251099415
"0.05"	"0.8"	"0.05"	"0.01"	"0.005"	"0.01"	"100000"	"10000"	"200"	"7868771338184540987"	80000	"intercept"	0.28554868
"0.05"	"0.8"	"0.05"	"0.01"	"0.005"	"0.01"	"100000"	"10000"	"200"	"7868771338184540987"	85000	"slope"	-0.241068725
"0.05"	"0.8"	"0.05"	"0.01"	"0.005"	"0.01"	"100000"	"10000"	"200"	"7868771338184540987"	85000	"intercept"	0.28084107
"0.05"	"0.8"	"0.05"	"0.01"	"0.005"	"0.01"	"100000"	"10000"	"200"	"7868771338184540987"	90000	"slope"	-0.23001677
"0.05"	"0.8"	"0.05"	"0.01"	"0.005"	"0.01"	"100000"	"10000"	"200"	"7868771338184540987"	90000	"intercept"	0.271121795
"0.05"	"0.8"	"0.05"	"0.01"	"0.005"	"0.01"	"100000"	"10000"	"200"	"7868771338184540987"	95000	"slope"	-0.23682921
"0.05"	"0.8"	"0.05"	"0.01"	"0.005"	"0.01"	"100000"	"10000"	"200"	"7868771338184540987"	95000	"intercept"	0.27506194
"0.05"	"0.8"	"0.05"	"0.01"	"0.005"	"0.01"	"100000"	"10000"	"200"	"7868771338184540987"	100000	"slope"	-0.225062485
"0.05"	"0.8"	"0.05"	"0.01"	"0.005"	"0.01"	"100000"	"10000"	"200"	"7868771338184540987"	100000	"intercept"	0.26893935
"0.15"	"0.0"	"0.05"	"0.01"	"0.005"	"0.01"	"100000"	"10000"	"200"	"1079696280136785067"	10	"slope"	-5.617492e-05
"0.15"	"0.0"	"0.05"	"0.01"	"0.005"	"0.01"	"100000"	"10000"	"200"	"1079696280136785067"	10	"intercept"	0.49995298
"0.15"	"0.0"	"0.05"	"0.01"	"0.005"	"0.01"	"100000"	"10000"	"200"	"1079696280136785067"	5000	"slope"	-0.20022289
"0.15"	"0.0"	"0.05"	"0.01"	"0.005"	"0.01"	"100000"	"10000"	"200"	"1079696280136785067"	5000	"intercept"	0.270368
"0.15"	"0.0"	"0.05"	"0.01"	"0.005"	"0.01"	"100000"	"10000"	"200"	"1079696280136785067"	10000	"slope"	-0.22232051
"0.15"	"0.0"	"0.05"	"0.01"	"0.005"	"0.01"	"100000"	"10000"	"200"	"1079696280136785067"	10000	"intercept"	0.283293155
"0.15"	"0.0"	"0.05"	"0.01"	"0.005"	"0.01"	"100000"	"10000"	"200"	"1079696280136785067"	15000	"slope"	-0.22531543
"0.15"	"0.0"	"0.05"	"0.01"	"0.005"	"0.01"	"100000"	"10000"	"200"	"1079696280136785067"	15000	"intercept"	0.285519035
"0.15"	"0.0"	"0.05"	"0.01"	"0.005"	"0.01"	"100000"	"10000"	"200"	"1079696280136785067"	20000	"slope"	-0.24202976
"0.15"	"0.0"	"0.05"	"0.01"	"0.005"	"0.01"	"100000"	"10000"	"200"	"1079696280136785067"	20000	"intercept"	0.290241475
"0.15"	"0.0"	"0.05"	"0.01"	"0.005"	"0.01"	"100000"	"10000"	"200"	"1079696280136785067"	25000	"slope"	-0.236260175
"0.15"	"0.0"	"0.05"	"0.01"	"0.005"	"0.01"	"100000"	"10000"	"200"	"1079696280136785067"	25000	"intercept"	0.294622445
"0.15"	"0.0"	"0.05"	"0.01"	"0.005"	"0.01"	"100000"	"10000"	"200"	"1079696280136785067"	30000	"slope"	-0.248098405
"0.15"	"0.0"	"0.05"	"0.01"	"0.005"	"0.01"	"100000"	"10000"	"200"	"1079696280136785067"	30000	"intercept"	0.301773105
"0.15"	"0.0"	"0.05"	"0.01"	"0.005"	"0.01"	"100000"	"10000"	"200"	"1079696280136785067"	35000	"slope"	-0.23692423
"0.15"	"0.0"	"0.05"	"0.01"	"0.005"	"0.01"	"100000"	"10000"	"200"	"1079696280136785067"	35000	"intercept"	0.289988765
"0.15"	"0.0"	"0.05"	"0.01"	"0.005"	"0.01"	"100000"	"10000"	"200"	"1079696280136785067"	40000	"slope"	-0.248537625
"0.15"	"0.0"	"0.05"	"0.01"	"0.005"	"0.01"	"100000"	"10000"	"200"	"1079696280136785067"	40000	"intercept"	0.29586363
"0.15"	"0.0"	"0.05"	"0.01"	"0.005"	"0.01"	"100000"	"10000"	"200"	"1079696280136785067"	45000	"slope"	-0.25310746
"0.15"	"0.0"	"0.05"	"0.01"	"0.005"	"0.01"	"100000"	"10000"	"200"	"1079696280136785067"	45000	"intercept"	0.30450538
"0.15"	"0.0"	"0.05"	"0.01"	"0.005"	"0.01"	"100000"	"10000"	"200"	"1079696280136785067"	50000	"slope"	-0.25033517
"0.15"	"0.0"	"0.05"	"0.01"	"0.005"	"0.01"	"100000"	"10000"	"200"	"1079696280136785067"	50000	"intercept"	0.300077915
"0.15"	"0.0"	"0.05"	"0.01"	"0.005"	"0.01"	"100000"	"10000"	"200"	"1079696280136785067"	55000	"slope"	-0.24572871
"0.15"	"0.0"	"0.05"	"0.01"	"0.005"	"0.01"	"100000"	"10000"	"200"	"1079696280136785067"	55000	"intercept"	0.300223725
"0.15"	"0.0"	"0.05"	"0.01"	"0.005"	"0.01"	"100000"	"10000"	"200"	"1079696280136785067"	60000	"slope"	-0.248468185
"0.15"	"0.0"	"0.05"	"0.01"	"0.005"	"0.01"	"100000"	"10000"	"200"	"1079696280136785067"	60000	"intercept"	0.30134371
"0.15"	"0.0"	"0.05"	"0.01"	"0.005"	"0.01"	"100000"	"10000"	"200"	"1079696280136785067"	65000	"slope"	-0.258268825
"0.15"	"0.0"	"0.05"	"0.01"	"0.005"	"0.01"	"100000"	"10000"	"200"	"1079696280136785067"	65000	"intercept"	0.30998792
"0.15"	"0.0"	"0.05"	"0.01"	"0.005"	"0.01"	"100000"	"10000"	"200"	"1079696280136785067"	70000	"slope"	-0.254556155
"0.15"	"0.0"	"0.05"	"0.01"	"0.005"	"0.01"	"100000"	"10000"	"200"	"1079696280136785067"	70000	"intercept"	0.30863786
"0.15"	"0.0"	"0.05"	"0.01"	"0.005"	"0.01"	"100000"	"10000"	"200"	"1079696280136785067"	75000	"slope"	-0.23321299
"0.15"	"0.0"	"0.05"	"0.01"	"0.005"	"0.01"	"100000"	"10000"	"200"	"1079696280136785067"	75000	"intercept"	0.289594035
"0.15"	"0.0"	"0.05"	"0.01"	"0.005"	"0.01"	"100000"	"10000"	"200"	"1079696280136785067"	80000	"slope"	-0.23340967
"0.15"	"0.0"	"0.05"	"0.01"	"0.005"	"0.01"	"100000"	"10000"	"200"	"1079696280136785067"	80000	"intercept"	0.288244515
"0.15"	"0.0"	"0.05"	"0.01"	"0.005"	"0.01"	"100000"	"10000"	"200"	"1079696280136785067"	85000	"slope"	-0.25324509
"0.15"	"0.0"	"0.05"	"0.01"	"0.005"	"0.01"	"100000"	"10000"	"200"	"1079696280136785067"	85000	"intercept"	0.303375975
"0.15"	"0.0"	"0.05"	"0.01"	"0.005"	"0.01"	"100000"	"10000"	"200"	"1079696280136785067"	90000	"slope"	-0.22826411
"0.15"	"0.0"	"0.05"	"0.01"	"0.005"	"0.01"	"100000"	"10000"	"200"	"1079696280136785067"	90000	"intercept"	0.28604489
"0.15"	"0.0"	"0.05"	"0.01"	"0.005"	"0.01"	"100000"	"10000"	"200"	"1079696280136785067"	95000	"slope"	-0.22779276
"0.15"	"0.0"	"0.05"	"0.01"	"0.005"	"0.01"	"100000"	"10000"	"200"	"1079696280136785067"	95000	"intercept"	0.2815312
"0.15"	"0.0"	"0.05"	"0.01"	"0.005"	"0.01"	"100000"	"10000"	"200"	"1079696280136785067"	100000	"slope"	-0.24008474
"0.15"	"0.0"	"0.05"	"0.01"	"0.005"	"0.01"	"100000"	"10000"	"200"	"1079696280136785067"	100000	"intercept"	0.2967238
"0.15"	"0.0"	"0.05"	"0.01"	"0.005"	"0.01"	"100000"	"10000"	"200"	"1284102521943227372"	10	"slope"	-5.6698e-05
"0.15"	"0.0"	"0.05"	"0.01"	"0.005"	"0.01"	"100000"	"10000"	"200"	"1284102521943227372"	10	"intercept"	0.50014434
"0.15"	"0.0"	"0.05"	"0.01"	"0.005"	"0.01"	"100000"	"10000"	"200"	"1284102521943227372"	5000	"slope"	-0.247587225
"0.15"	"0.0"	"0.05"	"0.01"	"0.005"	"0.01"	"100000"	"10000"	"200"	"1284102521943227372"	5000	"intercept"	0.30260428
"0.15"	"0.0"	"0.05"	"0.01"	"0.005"	"0.01"	"100000"	"10000"	"200"	"1284102521943227372"	10000	"slope"	-0.238536115
"0.15"	"0.0"	"0.05"	"0.01"	"0.005"	"0.01"	"100000"	"10000"	"200"	"1284102521943227372"	10000	"intercept"	0.28975044
"0.15"	"0.0"	"0.05"	"0.01"	"0.005"	"0.01"	"100000"	"10000"	"200"	"1284102521943227372"	15000	"slope"	-0.23651423
"0.15"	"0.0"	"0.05"	"0.01"	"0.005"	"0.01"	"100000"	"10000"	"200"	"1284102521943227372"	15000	"intercept"	0.291715255
"0.15"	"0.0"	"0.05"	"0.01"	"0.005"	"0.01"	"100000"	"10000"	"200"	"1284102521943227372"	20000	"slope"	-0.242187825
"0.15"	"0.0"	"0.05"	"0.01"	"0.005"	"0.01"	"100000"	"10000"	"200"	"1284102521943227372"	20000	"intercept"	0.30004341
"0.15"	"0.0"	"0.05"	"0.01"	"0.005"	"0.01"	"100000"	"10000"	"200"	"1284102521943227372"	25000	"slope"	-0.24495071
"0.15"	"0.0"	"0.05"	"0.01"	"0.005"	"0.01"	"100000"	"10000"	"200"	"1284102521943227372"	25000	"intercept"	0.301697195
"0.15"	"0.0"	"0.05"	"0.01"	"0.005"	"0.01"	"100000"	"10000"	"200"	"1284102521943227372"	30000	"slope"	-0.26665095
"0.15"	"0.0"	"0.05"	"0.01"	"0.005"	"0.01"	"100000"	"10000"	"200"	"1284102521943227372"	30000	"intercept"	0.311163635
"0.15"	"0.0"	"0.05"	"0.01"	"0.005"	"0.01"	"100000"	"10000"	"200"	"1284102521943227372"	35000	"slope"	-0.26497701
"0.15"	"0.0"	"0.05"	"0.01"	"0.005"	"0.01"	"100000"	"10000"	"200"	"1284102521943227372"	35000	"intercept"	0.31490202
"0.15"	"0.0"	"0.05"	"0.01"	"0.005"	"0.01"	"100000"	"10000"	"200"	"1284102521943227372"	40000	"slope"	-0.240291125
"0.15"	"0.0"	"0.05"	"0.01"	"0.005"	"0.01"	"100000"	"10000"	"200"	"1284102521943227372"	40000	"intercept"	0.293724055
"0.15"	"0.0"	"0.05"	"0.01"	"0.005"	"0.01"	"100000"	"10000"	"200"	"1284102521943227372"	45000	"slope"	-0.23061454
"0.15"	"0.0"	"0.05"	"0.01"	"0.005"	"0.01"	"100000"	"10000"	"200"	"1284102521943227372"	45000	"intercept"	0.284962525
"0.15"	"0.0"	"0.05"	"0.01"	"0.005"	"0.01"	"100000"	"10000"	"200"	"1284102521943227372"	50000	"slope"	-0.22666233
"0.15"	"0.0"	"0.05"	"0.01"	"0.005"	"0.01"	"100000"	"10000"	"200"	"1284102521943227372"	50000	"intercept"	0.282803245
"0.15"	"0.0"	"0.05"	"0.01"	"0.005"	"0.01"	"100000"	"10000"	"200"	"1284102521943227372"	55000	"slope"	-0.23929848
"0.15"	"0.0"	"0.05"	"0.01"	"0.005"	"0.01"	"100000"	"10000"	"200"	"1284102521943227372"	55000	"intercept"	0.296374365
"0.15"	"0.0"	"0.05"	"0.01"	"0.005"	"0.01"	"100000"	"10000"	"200"	"1284102521943227372"	60000	"slope"	-0.23308059
"0.15"	"0.0"	"0.05"	"0.01"	"0.005"	"0.01"	"100000"	"10000"	"200"	"1284102521943227372"	60000	"intercept"	0.28843622
"0.15"	"0.0"	"0.05"	"0.01"	"0.005"	"0.01"	"100000"	"10000"	"200"	"1284102521943227372"	65000	"slope"	-0.22432942
"0.15"	"0.0"	"0.05"	"0.01"	"0.005"	"0.01"	"100000"	"10000"	"200"	"1284102521943227372"	65000	"intercept"	0.28739365
"0.15"	"0.0"	"0.05"	"0.01"	"0.005"	"0.01"	"100000"	"10000"	"200"	"1284102521943227372"	70000	"slope"	-0.24426392
"0.15"	"0.0"	"0.05"	"0.01"	"0.005"	"0.01"	"100000"	"10000"	"200"	"1284102521943227372"	70000	"intercept"	0.299592775
"0.15"	"0.0"	"0.05"	"0.01"	"0.005"	"0.01"	"100000"	"10000"	"200"	"1284102521943227372"	75000	"slope"	-0.25289384
"0.15"	"0.0"	"0.05"	"0.01"	"0.005"	"0.01"	"100000"	"10000"	"200"	"1284102521943227372"	75000	"intercept"	0.306660575
"0.15"	"0.0"	"0.05"	"0.01"	"0.005"	"0.01"	"100000"	"10000"	"200"	"1284102521943227372"	80000	"slope"	-0.264381655
"0.15"	"0.0"	"0.05"	"0.01"	"0.005"	"0.01"	"100000"	"10000"	"200"	"1284102521943227372"	80000	"intercept"	0.315949585
"0.15"	"0.0"	"0.05"	"0.01"	"0.005"	"0.01"	"100000"	"10000"	"200"	"1284102521943227372"	85000	"slope"	-0.24086366
"0.15"	"0.0"	"0.05"	"0.01"	"0.005"	"0.01"	"100000"	"10000"	"200"	"1284102521943227372"	85000	"intercept"	0.298206615
"0.15"	"0.0"	"0.05"	"0.01"	"0.005"	"0.01"	"100000"	"10000"	"200"	"1284102521943227372"	90000	"slope"	-0.25253403
"0.15"	"0.0"	"0.05"	"0.01"	"0.005"	"0.01"	"100000"	"10000"	"200"	"1284102521943227372"	90000	"intercept"	0.298737355
"0.15"	"0.0"	"0.05"	"0.01"	"0.005"	"0.01"	"100000"	"10000"	"200"	"1284102521943227372"	95000	"slope"	-0.232524405
"0.15"	"0.0"	"0.05"	"0.01"	"0.005"	"0.01"	"100000"	"10000"	"200"	"1284102521943227372"	95000	"intercept"	0.287172525
"0.15"	"0.0"	"0.05"	"0.01"	"0.005"	"0.01"	"100000"	"10000"	"200"	"1284102521943227372"	100000	"slope"	-0.26042551
"0.15"	"0.0"	"0.05"	"0.01"	"0.005"	"0.01"	"100000"	"10000"	"200"	"1284102521943227372"	100000	"intercept"	0.308030115
"0.15"	"0.0"	"0.05"	"0.01"	"0.005"	"0.01"	"100000"	"10000"	"200"	"3068389946555989241"	10	"slope"	-8.303814e-05
"0.15"	"0.0"	"0.05"	"0.01"	"0.005"	"0.01"	"100000"	"10000"	"200"	"3068389946555989241"	10	"intercept"	0.500001715
"0.15"	"0.0"	"0.05"	"0.01"	"0.005"	"0.01"	"100000"	"10000"	"200"	"3068389946555989241"	5000	"slope"	-0.188952245
"0.15"	"0.0"	"0.05"	"0.01"	"0.005"	"0.01"	"100000"	"10000"	"200"	"3068389946555989241"	5000	"intercept"	0.262235545
"0.15"	"0.0"	"0.05"	"0.01"	"0.005"	"0.01"	"100000"	"10000"	"200"	"3068389946555989241"	10000	"slope"	-0.21680793
"0.15"	"0.0"	"0.05"	"0.01"	"0.005"	"0.01"	"100000"	"10000"	"200"	"3068389946555989241"	10000	"intercept"	0.27760046
"0.15"	"0.0"	"0.05"	"0.01"	"0.005"	"0.01"	"100000"	"10000"	"200"	"3068389946555989241"	15000	"slope"	-0.227576785
"0.15"	"0.0"	"0.05"	"0.01"	"0.005"	"0.01"	"100000"	"10000"	"200"	"3068389946555989241"	15000	"intercept"	0.289810915
"0.15"	"0.0"	"0.05"	"0.01"	"0.005"	"0.01"	"100000"	"10000"	"200"	"3068389946555989241"	20000	"slope"	-0.26822255
"0.15"	"0.0"	"0.05"	"0.01"	"0.005"	"0.01"	"100000"	"10000"	"200"	"3068389946555989241"	20000	"intercept"	0.319796395
"0.15"	"0.0"	"0.05"	"0.01"	"0.005"	"0.01"	"100000"	"10000"	"200"	"3068389946555989241"	25000	"slope"	-0.26420418
"0.15"	"0.0"	"0.05"	"0.01"	"0.005"	"0.01"	"100000"	"10000"	"200"	"3068389946555989241"	25000	"intercept"	0.31975677
"0.15"	"0.0"	"0.05"	"0.01"	"0.005"	"0.01"	"100000"	"10000"	"200"	"3068389946555989241"	30000	"slope"	-0.256761515
"0.15"	"0.0"	"0.05"	"0.01"	"0.005"	"0.01"	"100000"	"10000"	"200"	"3068389946555989241"	30000	"intercept"	0.30439371
"0.15"	"0.0"	"0.05"	"0.01"	"0.005"	"0.01"	"100000"	"10000"	"200"	"3068389946555989241"	35000	"slope"	-0.253913405
"0.15"	"0.0"	"0.05"	"0.01"	"0.005"	"0.01"	"100000"	"10000"	"200"	"3068389946555989241"	35000	"intercept"	0.30374699
"0.15"	"0.0"	"0.05"	"0.01"	"0.005"	"0.01"	"100000"	"10000"	"200"	"3068389946555989241"	40000	"slope"	-0.254216105
"0.15"	"0.0"	"0.05"	"0.01"	"0.005"	"0.01"	"100000"	"10000"	"200"	"3068389946555989241"	40000	"intercept"	0.302033445
"0.15"	"0.0"	"0.05"	"0.01"	"0.005"	"0.01"	"100000"	"10000"	"200"	"3068389946555989241"	45000	"slope"	-0.239551085
"0.15"	"0.0"	"0.05"	"0.01"	"0.005"	"0.01"	"100000"	"10000"	"200"	"3068389946555989241"	45000	"intercept"	0.29635196
"0.15"	"0.0"	"0.05"	"0.01"	"0.005"	"0.01"	"100000"	"10000"	"200"	"3068389946555989241"	50000	"slope"	-0.24379409
"0.15"	"0.0"	"0.05"	"0.01"	"0.005"	"0.01"	"100000"	"10000"	"200"	"3068389946555989241"	50000	"intercept"	0.294291015
"0.15"	"0.0"	"0.05"	"0.01"	"0.005"	"0.01"	"100000"	"10000"	"200"	"3068389946555989241"	55000	"slope"	-0.2272898
"0.15"	"0.0"	"0.05"	"0.01"	"0.005"	"0.01"	"100000"	"10000"	"200"	"3068389946555989241"	55000	"intercept"	0.28415877
"0.15"	"0.0"	"0.05"	"0.01"	"0.005"	"0.01"	"100000"	"10000"	"200"	"3068389946555989241"	60000	"slope"	-0.24854599
"0.15"	"0.0"	"0.05"	"0.01"	"0.005"	"0.01"	"100000"	"10000"	"200"	"3068389946555989241"	60000	"intercept"	0.29961087
"0.15"	"0.0"	"0.05"	"0.01"	"0.005"	"0.01"	"100000"	"10000"	"200"	"3068389946555989241"	65000	"slope"	-0.246606525
"0.15"	"0.0"	"0.05"	"0.01"	"0.005"	"0.01"	"100000"	"10000"	"200"	"3068389946555989241"	65000	"intercept"	0.298374705
"0.15"	"0.0"	"0.05"	"0.01"	"0.005"	"0.01"	"100000"	"10000"	"200"	"3068389946555989241"	70000	"slope"	-0.214800875
"0.15"	"0.0"	"0.05"	"0.01"	"0.005"	"0.01"	"100000"	"10000"	"200"	"3068389946555989241"	70000	"intercept"	0.273892155
"0.15"	"0.0"	"0.05"	"0.01"	"0.005"	"0.01"	"100000"	"10000"	"200"	"3068389946555989241"	75000	"slope"	-0.22701533
"0.15"	"0.0"	"0.05"	"0.01"	"0.005"	"0.01"	"100000"	"10000"	"200"	"3068389946555989241"	75000	"intercept"	0.281483715
"0.15"	"0.0"	"0.05"	"0.01"	"0.005"	"0.01"	"100000"	"10000"	"200"	"3068389946555989241"	80000	"slope"	-0.218093045
"0.15"	"0.0"	"0.05"	"0.01"	"0.005"	"0.01"	"100000"	"10000"	"200"	"3068389946555989241"	80000	"intercept"	0.279767425
"0.15"	"0.0"	"0.05"	"0.01"	"0.005"	"0.01"	"100000"	"10000"	"200"	"3068389946555989241"	85000	"slope"	-0.239028605
"0.15"	"0.0"	"0.05"	"0.01"	"0.005"	"0.01"	"100000"	"10000"	"200"	"3068389946555989241"	85000	"intercept"	0.292738355
"0.15"	"0.0"	"0.05"	"0.01"	"0.005"	"0.01"	"100000"	"10000"	"200"	"3068389946555989241"	90000	"slope"	-0.231774505
"0.15"	"0.0"	"0.05"	"0.01"	"0.005"	"0.01"	"100000"	"10000"	"200"	"3068389946555989241"	90000	"intercept"	0.28532312
"0.15"	"0.0"	"0.05"	"0.01"	"0.005"	"0.01"	"100000"	"10000"	"200"	"3068389946555989241"	95000	"slope"	-0.239351675
"0.15"	"0.0"	"0.05"	"0.01"	"0.005"	"0.01"	"100000"	"10000"	"200"	"3068389946555989241"	95000	"intercept"	0.29357069
"0.15"	"0.0"	"0.05"	"0.01"	"0.005"	"0.01"	"100000"	"10000"	"200"	"3068389946555989241"	100000	"slope"	-0.26459432
"0.15"	"0.0"	"0.05"	"0.01"	"0.005"	"0.01"	"100000"	"10000"	"200"	"3068389946555989241"	100000	"intercept"	0.320164755
"0.15"	"0.4"	"0.05"	"0.01"	"0.005"	"0.01"	"100000"	"10000"	"200"	"3831793582705879205"	10	"slope"	-0.00015898632
"0.15"	"0.4"	"0.05"	"0.01"	"0.005"	"0.01"	"100000"	"10000"	"200"	"3831793582705879205"	10	"intercept"	0.50009116
"0.15"	"0.4"	"0.05"	"0.01"	"0.005"	"0.01"	"100000"	"10000"	"200"	"3831793582705879205"	5000	"slope"	-0.22371394
"0.15"	"0.4"	"0.05"	"0.01"	"0.005"	"0.01"	"100000"	"10000"	"200"	"3831793582705879205"	5000	"intercept"	0.27265196
"0.15"	"0.4"	"0.05"	"0.01"	"0.005"	"0.01"	"100000"	"10000"	"200"	"3831793582705879205"	10000	"slope"	-0.198964975
"0.15"	"0.4"	"0.05"	"0.01"	"0.005"	"0.01"	"100000"	"10000"	"200"	"3831793582705879205"	10000	"intercept"	0.258599915
"0.15"	"0.4"	"0.05"	"0.01"	"0.005"	"0.01"	"100000"	"10000"	"200"	"3831793582705879205"	15000	"slope"	-0.21981312
"0.15"	"0.4"	"0.05"	"0.01"	"0.005"	"0.01"	"100000"	"10000"	"200"	"3831793582705879205"	15000	"intercept"	0.271929765
"0.15"	"0.4"	"0.05"	"0.01"	"0.005"	"0.01"	"100000"	"10000"	"200"	"3831793582705879205"	20000	"slope"	-0.24942053
"0.15"	"0.4"	"0.05"	"0.01"	"0.005"	"0.01"	"100000"	"10000"	"200"	"3831793582705879205"	20000	"intercept"	0.30087243
"0.15"	"0.4"	"0.05"	"0.01"	"0.005"	"0.01"	"100000"	"10000"	"200"	"3831793582705879205"	25000	"slope"	-0.25614029
"0.15"	"0.4"	"0.05"	"0.01"	"0.005"	"0.01"	"100000"	"10000"	"200"	"3831793582705879205"	25000	"intercept"	0.29918067
"0.15"	"0.4"	"0.05"	"0.01"	"0.005"	"0.01"	"100000"	"10000"	"200"	"3831793582705879205"	30000	"slope"	-0.24263043
"0.15"	"0.4"	"0.05"	"0.01"	"0.005"	"0.01"	"100000"	"10000"	"200"	"3831793582705879205"	30000	"intercept"	0.290116985
"0.15"	"0.4"	"0.05"	"0.01"	"0.005"	"0.01"	"100000"	"10000"	"200"	"3831793582705879205"	35000	"slope"	-0.240217135
"0.15"	"0.4"	"0.05"	"0.01"	"0.005"	"0.01"	"100000"	"10000"	"200"	"3831793582705879205"	35000	"intercept"	0.290668165
"0.15"	"0.4"	"0.05"	"0.01"	"0.005"	"0.01"	"100000"	"10000"	"200"	"3831793582705879205"	40000	"slope"	-0.24344651
"0.15"	"0.4"	"0.05"	"0.01"	"0.005"	"0.01"	"100000"	"10000"	"200"	"3831793582705879205"	40000	"intercept"	0.293020965
"0.15"	"0.4"	"0.05"	"0.01"	"0.005"	"0.01"	"100000"	"10000"	"200"	"3831793582705879205"	45000	"slope"	-0.231228325
"0.15"	"0.4"	"0.05"	"0.01"	"0.005"	"0.01"	"100000"	"10000"	"200"	"3831793582705879205"	45000	"intercept"	0.283568245
"0.15"	"0.4"	"0.05"	"0.01"	"0.005"	"0.01"	"100000"	"10000"	"200"	"3831793582705879205"	50000	"slope"	-0.23817365
"0.15"	"0.4"	"0.05"	"0.01"	"0.005"	"0.01"	"100000"	"10000"	"200"	"3831793582705879205"	50000	"intercept"	0.286929525
"0.15"	"0.4"	"0.05"	"0.01"	"0.005"	"0.01"	"100000"	"10000"	"200"	"3831793582705879205"	55000	"slope"	-0.23456947
"0.15"	"0.4"	"0.05"	"0.01"	"0.005"	"0.01"	"100000"	"10000"	"200"	"3831793582705879205"	55000	"intercept"	0.28581088
"0.15"	"0.4"	"0.05"	"0.01"	"0.005"	"0.01"	"100000"	"10000"	"200"	"3831793582705879205"	60000	"slope"	-0.248890835
"0.15"	"0.4"	"0.05"	"0.01"	"0.005"	"0.01"	"100000"	"10000"	"200"	"3831793582705879205"	60000	"intercept"	0.296014775
"0.15"	"0.4"	"0.05"	"0.01"	"0.005"	"0.01"	"100000"	"10000"	"200"	"3831793582705879205"	65000	"slope"	-0.22529997
"0.15"	"0.4"	"0.05"	"0.01"	"0.005"	"0.01"	"100000"	"10000"	"200"	"3831793582705879205"	65000	"intercept"	0.27502787
"0.15"	"0.4"	"0.05"	"0.01"	"0.005"	"0.01"	"100000"	"10000"	"200"	"3831793582705879205"	70000	"slope"	-0.23163344
"0.15"	"0.4"	"0.05"	"0.01"	"0.005"	"0.01"	"100000"	"10000"	"200"	"3831793582705879205"	70000	"intercept"	0.28331116
"0.15"	"0.4"	"0.05"	"0.01"	"0.005"	"0.01"	"100000"	"10000"	"200"	"3831793582705879205"	75000	"slope"	-0.23794141
"0.15"	"0.4"	"0.05"	"0.01"	"0.005"	"0.01"	"100000"	"10000"	"200"	"3831793582705879205"	75000	"intercept"	0.290163745
"0.15"	"0.4"	"0.05"	"0.01"	"0.005"	"0.01"	"100000"	"10000"	"200"	"3831793582705879205"	80000	"slope"	-0.236257705
"0.15"	"0.4"	"0.05"	"0.01"	"0.005"	"0.01"	"100000"	"10000"	"200"	"3831793582705879205"	80000	"intercept"	0.28584439
"0.15"	"0.4"	"0.05"	"0.01"	"0.005"	"0.01"	"100000"	"10000"	"200"	"3831793582705879205"	85000	"slope"	-0.23653933
"0.15"	"0.4"	"0.05"	"0.01"	"0.005"	"0.01"	"100000"	"10000"	"200"	"3831793582705879205"	85000	"intercept"	0.2835723
"0.15"	"0.4"	"0.05"	"0.01"	"0.005"	"0.01"	"100000"	"10000"	"200"	"3831793582705879205"	90000	"slope"	-0.23096287
"0.15"	"0.4"	"0.05"	"0.01"	"0.005"	"0.01"	"100000"	"10000"	"200"	"3831793582705879205"	90000	"intercept"	0.28184985
"0.15"	"0.4"	"0.05"	"0.01"	"0.005"	"0.01"	"100000"	"10000"	"200"	"3831793582705879205"	95000	"slope"	-0.235346605
"0.15"	"0.4"	"0.05"	"0.01"	"0.005"	"0.01"	"100000"	"10000"	"200"	"3831793582705879205"	95000	"intercept"	0.28268135
"0.15"	"0.4"	"0.05"	"0.01"	"0.005"	"0.01"	"100000"	"10000"	"200"	"3831793582705879205"	100000	"slope"	-0.26080994
"0.15"	"0.4"	"0.05"	"0.01"	"0.005"	"0.01"	"100000"	"10000"	"200"	"3831793582705879205"	100000	"intercept"	0.307830625
"0.15"	"0.4"	"0.05"	"0.01"	"0.005"	"0.01"	"100000"	"10000"	"200"	"6244970278914570411"	10	"slope"	3.69065e-06
"0.15"	"0.4"	"0.05"	"0.01"	"0.005"	"0.01"	"100000"	"10000"	"200"	"6244970278914570411"	10	"intercept"	0.500009565
"0.15"	"0.4"	"0.05"	"0.01"	"0.005"	"0.01"	"100000"	"10000"	"200"	"6244970278914570411"	5000	"slope"	-0.20039347
"0.15"	"0.4"	"0.05"	"0.01"	"0.005"	"0.01"	"100000"	"10000"	"200"	"6244970278914570411"	5000	"intercept"	0.26024084
"0.15"	"0.4"	"0.05"	"0.01"	"0.005"	"0.01"	"100000"	"10000"	"200"	"6244970278914570411"	10000	"slope"	-0.22893281
"0.15"	"0.4"	"0.05"	"0.01"	"0.005"	"0.01"	"100000"	"10000"	"200"	"6244970278914570411"	10000	"intercept"	0.27916641
"0.15"	"0.4"	"0.05"	"0.01"	"0.005"	"0.01"	"100000"	"10000"	"200"	"6244970278914570411"	15000	"slope"	-0.252485435
"0.15"	"0.4"	"0.05"	"0.01"	"0.005"	"0.01"	"100000"	"10000"	"200"	"6244970278914570411"	15000	"intercept"	0.30167968
"0.15"	"0.4"	"0.05"	"0.01"	"0.005"	"0.01"	"100000"	"10000"	"200"	"6244970278914570411"	20000	"slope"	-0.259303375
"0.15"	"0.4"	"0.05"	"0.01"	"0.005"	"0.01"	"100000"	"10000"	"200"	"6244970278914570411"	20000	"intercept"	0.301521845
"0.15"	"0.4"	"0.05"	"0.01"	"0.005"	"0.01"	"100000"	"10000"	"200"	"6244970278914570411"	25000	"slope"	-0.237135595
"0.15"	"0.4"	"0.05"	"0.01"	"0.005"	"0.01"	"100000"	"10000"	"200"	"6244970278914570411"	25000	"intercept"	0.28270588
"0.15"	"0.4"	"0.05"	"0.01"	"0.005"	"0.01"	"100000"	"10000"	"200"	"6244970278914570411"	30000	"slope"	-0.24206126
"0.15"	"0.4"	"0.05"	"0.01"	"0.005"	"0.01"	"100000"	"10000"	"200"	"6244970278914570411"	30000	"intercept"	0.28744796
"0.15"	"0.4"	"0.05"	"0.01"	"0.005"	"0.01"	"100000"	"10000"	"200"	"6244970278914570411"	35000	"slope"	-0.24259903
"0.15"	"0.4"	"0.05"	"0.01"	"0.005"	"0.01"	"100000"	"10000"	"200"	"6244970278914570411"	35000	"intercept"	0.29060142
"0.15"	"0.4"	"0.05"	"0.01"	"0.005"	"0.01"	"100000"	"10000"	"200"	"6244970278914570411"	40000	"slope"	-0.245771345
"0.15"	"0.4"	"0.05"	"0.01"	"0.005"	"0.01"	"100000"	"10000"	"200"	"6244970278914570411"	40000	"intercept"	0.29048577
"0.15"	"0.4"	"0.05"	"0.01"	"0.005"	"0.01"	"100000"	"10000"	"200"	"6244970278914570411"	45000	"slope"	-0.24754958
"0.15"	"0.4"	"0.05"	"0.01"	"0.005"	"0.01"	"100000"	"10000"	"200"	"6244970278914570411"	45000	"intercept"	0.295267335
"0.15"	"0.4"	"0.05"	"0.01"	"0.005"	"0.01"	"100000"	"10000"	"200"	"6244970278914570411"	50000	"slope"	-0.251695535
"0.15"	"0.4"	"0.05"	"0.01"	"0.005"	"0.01"	"100000"	"10000"	"200"	"6244970278914570411"	50000	"intercept"	0.293888165
"0.15"	"0.4"	"0.05"	"0.01"	"0.005"	"0.01"	"100000"	"10000"	"200"	"6244970278914570411"	55000	"slope"	-0.238850535
"0.15"	"0.4"	"0.05"	"0.01"	"0.005"	"0.01"	"100000"	"10000"	"200"	"6244970278914570411"	55000	"intercept"	0.287525215
"0.15"	"0.4"	"0.05"	"0.01"	"0.005"	"0.01"	"100000"	"10000"	"200"	"6244970278914570411"	60000	"slope"	-0.268070105
"0.15"	"0.4"	"0.05"	"0.01"	"0.005"	"0.01"	"100000"	"10000"	"200"	"6244970278914570411"	60000	"intercept"	0.30883056
"0.15"	"0.4"	"0.05"	"0.01"	"0.005"	"0.01"	"100000"	"10000"	"200"	"6244970278914570411"	65000	"slope"	-0.25994264
"0.15"	"0.4"	"0.05"	"0.01"	"0.005"	"0.01"	"100000"	"10000"	"200"	"6244970278914570411"	65000	"intercept"	0.301247015
"0.15"	"0.4"	"0.05"	"0.01"	"0.005"	"0.01"	"100000"	"10000"	"200"	"6244970278914570411"	70000	"slope"	-0.267717745
"0.15"	"0.4"	"0.05"	"0.01"	"0.005"	"0.01"	"100000"	"10000"	"200"	"6244970278914570411"	70000	"intercept"	0.321007995
"0.15"	"0.4"	"0.05"	"0.01"	"0.005"	"0.01"	"100000"	"10000"	"200"	"6244970278914570411"	75000	"slope"	-0.25510707
"0.15"	"0.4"	"0.05"	"0.01"	"0.005"	"0.01"	"100000"	"10000"	"200"	"6244970278914570411"	75000	"intercept"	0.29865801
"0.15"	"0.4"	"0.05"	"0.01"	"0.005"	"0.01"	"100000"	"10000"	"200"	"6244970278914570411"	80000	"slope"	-0.24434445
"0.15"	"0.4"	"0.05"	"0.01"	"0.005"	"0.01"	"100000"	"10000"	"200"	"6244970278914570411"	80000	"intercept"	0.28787
"0.15"	"0.4"	"0.05"	"0.01"	"0.005"	"0.01"	"100000"	"10000"	"200"	"6244970278914570411"	85000	"slope"	-0.23981703
"0.15"	"0.4"	"0.05"	"0.01"	"0.005"	"0.01"	"100000"	"10000"	"200"	"6244970278914570411"	85000	"intercept"	0.29054952
"0.15"	"0.4"	"0.05"	"0.01"	"0.005"	"0.01"	"100000"	"10000"	"200"	"6244970278914570411"	90000	"slope"	-0.2399675
"0.15"	"0.4"	"0.05"	"0.01"	"0.005"	"0.01"	"100000"	"10000"	"200"	"6244970278914570411"	90000	"intercept"	0.290292785
"0.15"	"0.4"	"0.05"	"0.01"	"0.005"	"0.01"	"100000"	"10000"	"200"	"6244970278914570411"	95000	"slope"	-0.233947295
"0.15"	"0.4"	"0.05"	"0.01"	"0.005"	"0.01"	"100000"	"10000"	"200"	"6244970278914570411"	95000	"intercept"	0.285767545
"0.15"	"0.4"	"0.05"	"0.01"	"0.005"	"0.01"	"100000"	"10000"	"200"	"6244970278914570411"	100000	"slope"	-0.24129957
"0.15"	"0.4"	"0.05"	"0.01"	"0.005"	"0.01"	"100000"	"10000"	"200"	"6244970278914570411"	100000	"intercept"	0.286680025
"0.15"	"0.4"	"0.05"	"0.01"	"0.005"	"0.01"	"100000"	"10000"	"200"	"9147171624063702965"	10	"slope"	-6.788212e-05
"0.15"	"0.4"	"0.05"	"0.01"	"0.005"	"0.01"	"100000"	"10000"	"200"	"9147171624063702965"	10	"intercept"	0.49994864
"0.15"	"0.4"	"0.05"	"0.01"	"0.005"	"0.01"	"100000"	"10000"	"200"	"9147171624063702965"	5000	"slope"	-0.200003335
"0.15"	"0.4"	"0.05"	"0.01"	"0.005"	"0.01"	"100000"	"10000"	"200"	"9147171624063702965"	5000	"intercept"	0.255848635
"0.15"	"0.4"	"0.05"	"0.01"	"0.005"	"0.01"	"100000"	"10000"	"200"	"9147171624063702965"	10000	"slope"	-0.228782925
"0.15"	"0.4"	"0.05"	"0.01"	"0.005"	"0.01"	"100000"	"10000"	"200"	"9147171624063702965"	10000	"intercept"	0.278940165
"0.15"	"0.4"	"0.05"	"0.01"	"0.005"	"0.01"	"100000"	"10000"	"200"	"9147171624063702965"	15000	"slope"	-0.241340855
"0.15"	"0.4"	"0.05"	"0.01"	"0.005"	"0.01"	"100000"	"10000"	"200"	"9147171624063702965"	15000	"intercept"	0.288669955
"0.15"	"0.4"	"0.05"	"0.01"	"0.005"	"0.01"	"100000"	"10000"	"200"	"9147171624063702965"	20000	"slope"	-0.26047885
"0.15"	"0.4"	"0.05"	"0.01"	"0.005"	"0.01"	"100000"	"10000"	"200"	"9147171624063702965"	20000	"intercept"	0.301721715
"0.15"	"0.4"	"0.05"	"0.01"	"0.005"	"0.01"	"100000"	"10000"	"200"	"9147171624063702965"	25000	"slope"	-0.251783375
"0.15"	"0.4"	"0.05"	"0.01"	"0.005"	"0.01"	"100000"	"10000"	"200"	"9147171624063702965"	25000	"intercept"	0.300054645
"0.15"	"0.4"	"0.05"	"0.01"	"0.005"	"0.01"	"100000"	"10000"	"200"	"9147171624063702965"	30000	"slope"	-0.25184329
"0.15"	"0.4"	"0.05"	"0.01"	"0.005"	"0.01"	"100000"	"10000"	"200"	"9147171624063702965"	30000	"intercept"	0.2971247
"0.15"	"0.4"	"0.05"	"0.01"	"0.005"	"0.01"	"100000"	"10000"	"200"	"9147171624063702965"	35000	"slope"	-0.243004565
"0.15"	"0.4"	"0.05"	"0.01"	"0.005"	"0.01"	"100000"	"10000"	"200"	"9147171624063702965"	35000	"intercept"	0.282614355
"0.15"	"0.4"	"0.05"	"0.01"	"0.005"	"0.01"	"100000"	"10000"	"200"	"9147171624063702965"	40000	"slope"	-0.2463163
"0.15"	"0.4"	"0.05"	"0.01"	"0.005"	"0.01"	"100000"	"10000"	"200"	"9147171624063702965"	40000	"intercept"	0.292738435
"0.15"	"0.4"	"0.05"	"0.01"	"0.005"	"0.01"	"100000"	"10000"	"200"	"9147171624063702965"	45000	"slope"	-0.244654065
"0.15"	"0.4"	"0.05"	"0.01"	"0.005"	"0.01"	"100000"	"10000"	"200"	"9147171624063702965"	45000	"intercept"	0.291998135
"0.15"	"0.4"	"0.05"	"0.01"	"0.005"	"0.01"	"100000"	"10000"	"200"	"9147171624063702965"	50000	"slope"	-0.24063964
"0.15"	"0.4"	"0.05"	"0.01"	"0.005"	"0.01"	"100000"	"10000"	"200"	"9147171624063702965"	50000	"intercept"	0.29061705
"0.15"	"0.4"	"0.05"	"0.01"	"0.005"	"0.01"	"100000"	"10000"	"200"	"9147171624063702965"	55000	"slope"	-0.241282705
"0.15"	"0.4"	"0.05"	"0.01"	"0.005"	"0.01"	"100000"	"10000"	"200"	"9147171624063702965"	55000	"intercept"	0.294040925
"0.15"	"0.4"	"0.05"	"0.01"	"0.005"	"0.01"	"100000"	"10000"	"200"	"9147171624063702965"	60000	"slope"	-0.257781255
"0.15"	"0.4"	"0.05"	"0.01"	"0.005"	"0.01"	"100000"	"10000"	"200"	"9147171624063702965"	60000	"intercept"	0.298046485
"0.15"	"0.4"	"0.05"	"0.01"	"0.005"	"0.01"	"100000"	"10000"	"200"	"9147171624063702965"	65000	"slope"	-0.255939447
"0.15"	"0.4"	"0.05"	"0.01"	"0.005"	"0.01"	"100000"	"10000"	"200"	"9147171624063702965"	65000	"intercept"	0.302385385
"0.15"	"0.4"	"0.05"	"0.01"	"0.005"	"0.01"	"100000"	"10000"	"200"	"9147171624063702965"	70000	"slope"	-0.249074195
"0.15"	"0.4"	"0.05"	"0.01"	"0.005"	"0.01"	"100000"	"10000"	"200"	"9147171624063702965"	70000	"intercept"	0.30267293
"0.15"	"0.4"	"0.05"	"0.01"	"0.005"	"0.01"	"100000"	"10000"	"200"	"9147171624063702965"	75000	"slope"	-0.270612605
"0.15"	"0.4"	"0.05"	"0.01"	"0.005"	"0.01"	"100000"	"10000"	"200"	"9147171624063702965"	75000	"intercept"	0.307973765
"0.15"	"0.4"	"0.05"	"0.01"	"0.005"	"0.01"	"100000"	"10000"	"200"	"9147171624063702965"	80000	"slope"	-0.237094035
"0.15"	"0.4"	"0.05"	"0.01"	"0.005"	"0.01"	"100000"	"10000"	"200"	"9147171624063702965"	80000	"intercept"	0.286459325
"0.15"	"0.4"	"0.05"	"0.01"	"0.005"	"0.01"	"100000"	"10000"	"200"	"9147171624063702965"	85000	"slope"	-0.24792158
"0.15"	"0.4"	"0.05"	"0.01"	"0.005"	"0.01"	"100000"	"10000"	"200"	"9147171624063702965"	85000	"intercept"	0.294429355
"0.15"	"0.4"	"0.05"	"0.01"	"0.005"	"0.01"	"100000"	"10000"	"200"	"9147171624063702965"	90000	"slope"	-0.248201705
"0.15"	"0.4"	"0.05"	"0.01"	"0.005"	"0.01"	"100000"	"10000"	"200"	"9147171624063702965"	90000	"intercept"	0.29232495
"0.15"	"0.4"	"0.05"	"0.01"	"0.005"	"0.01"	"100000"	"10000"	"200"	"9147171624063702965"	95000	"slope"	-0.22499819
"0.15"	"0.4"	"0.05"	"0.01"	"0.005"	"0.01"	"100000"	"10000"	"200"	"9147171624063702965"	95000	"intercept"	0.277643235
"0.15"	"0.4"	"0.05"	"0.01"	"0.005"	"0.01"	"100000"	"10000"	"200"	"9147171624063702965"	100000	"slope"	-0.230435085
"0.15"	"0.4"	"0.05"	"0.01"	"0.005"	"0.01"	"100000"	"10000"	"200"	"9147171624063702965"	100000	"intercept"	0.280497955
"0.15"	"0.6"	"0.05"	"0.01"	"0.005"	"0.01"	"100000"	"10000"	"200"	"2813773746876443548"	10	"slope"	9.43365999999999e-06
"0.15"	"0.6"	"0.05"	"0.01"	"0.005"	"0.01"	"100000"	"10000"	"200"	"2813773746876443548"	10	"intercept"	0.499862515
"0.15"	"0.6"	"0.05"	"0.01"	"0.005"	"0.01"	"100000"	"10000"	"200"	"2813773746876443548"	5000	"slope"	-0.179099665
"0.15"	"0.6"	"0.05"	"0.01"	"0.005"	"0.01"	"100000"	"10000"	"200"	"2813773746876443548"	5000	"intercept"	0.242654685
"0.15"	"0.6"	"0.05"	"0.01"	"0.005"	"0.01"	"100000"	"10000"	"200"	"2813773746876443548"	10000	"slope"	-0.246205285
"0.15"	"0.6"	"0.05"	"0.01"	"0.005"	"0.01"	"100000"	"10000"	"200"	"2813773746876443548"	10000	"intercept"	0.291003125
"0.15"	"0.6"	"0.05"	"0.01"	"0.005"	"0.01"	"100000"	"10000"	"200"	"2813773746876443548"	15000	"slope"	-0.25459882
"0.15"	"0.6"	"0.05"	"0.01"	"0.005"	"0.01"	"100000"	"10000"	"200"	"2813773746876443548"	15000	"intercept"	0.298273725
"0.15"	"0.6"	"0.05"	"0.01"	"0.005"	"0.01"	"100000"	"10000"	"200"	"2813773746876443548"	20000	"slope"	-0.228209015
"0.15"	"0.6"	"0.05"	"0.01"	"0.005"	"0.01"	"100000"	"10000"	"200"	"2813773746876443548"	20000	"intercept"	0.275626705
"0.15"	"0.6"	"0.05"	"0.01"	"0.005"	"0.01"	"100000"	"10000"	"200"	"2813773746876443548"	25000	"slope"	-0.243099865
"0.15"	"0.6"	"0.05"	"0.01"	"0.005"	"0.01"	"100000"	"10000"	"200"	"2813773746876443548"	25000	"intercept"	0.29027722
"0.15"	"0.6"	"0.05"	"0.01"	"0.005"	"0.01"	"100000"	"10000"	"200"	"2813773746876443548"	30000	"slope"	-0.256585815
"0.15"	"0.6"	"0.05"	"0.01"	"0.005"	"0.01"	"100000"	"10000"	"200"	"2813773746876443548"	30000	"intercept"	0.30244766
"0.15"	"0.6"	"0.05"	"0.01"	"0.005"	"0.01"	"100000"	"10000"	"200"	"2813773746876443548"	35000	"slope"	-0.26434155
"0.15"	"0.6"	"0.05"	"0.01"	"0.005"	"0.01"	"100000"	"10000"	"200"	"2813773746876443548"	35000	"intercept"	0.303116835
"0.15"	"0.6"	"0.05"	"0.01"	"0.005"	"0.01"	"100000"	"10000"	"200"	"2813773746876443548"	40000	"slope"	-0.24975316
"0.15"	"0.6"	"0.05"	"0.01"	"0.005"	"0.01"	"100000"	"10000"	"200"	"2813773746876443548"	40000	"intercept"	0.291649165
"0.15"	"0.6"	"0.05"	"0.01"	"0.005"	"0.01"	"100000"	"10000"	"200"	"2813773746876443548"	45000	"slope"	-0.243413055
"0.15"	"0.6"	"0.05"	"0.01"	"0.005"	"0.01"	"100000"	"10000"	"200"	"2813773746876443548"	45000	"intercept"	0.28466596
"0.15"	"0.6"	"0.05"	"0.01"	"0.005"	"0.01"	"100000"	"10000"	"200"	"2813773746876443548"	50000	"slope"	-0.236349835
"0.15"	"0.6"	"0.05"	"0.01"	"0.005"	"0.01"	"100000"	"10000"	"200"	"2813773746876443548"	50000	"intercept"	0.28439905
"0.15"	"0.6"	"0.05"	"0.01"	"0.005"	"0.01"	"100000"	"10000"	"200"	"2813773746876443548"	55000	"slope"	-0.25710116
"0.15"	"0.6"	"0.05"	"0.01"	"0.005"	"0.01"	"100000"	"10000"	"200"	"2813773746876443548"	55000	"intercept"	0.30227501
"0.15"	"0.6"	"0.05"	"0.01"	"0.005"	"0.01"	"100000"	"10000"	"200"	"2813773746876443548"	60000	"slope"	-0.239045365
"0.15"	"0.6"	"0.05"	"0.01"	"0.005"	"0.01"	"100000"	"10000"	"200"	"2813773746876443548"	60000	"intercept"	0.2876888
"0.15"	"0.6"	"0.05"	"0.01"	"0.005"	"0.01"	"100000"	"10000"	"200"	"2813773746876443548"	65000	"slope"	-0.246720715
"0.15"	"0.6"	"0.05"	"0.01"	"0.005"	"0.01"	"100000"	"10000"	"200"	"2813773746876443548"	65000	"intercept"	0.290074455
"0.15"	"0.6"	"0.05"	"0.01"	"0.005"	"0.01"	"100000"	"10000"	"200"	"2813773746876443548"	70000	"slope"	-0.235959735
"0.15"	"0.6"	"0.05"	"0.01"	"0.005"	"0.01"	"100000"	"10000"	"200"	"2813773746876443548"	70000	"intercept"	0.28348609
"0.15"	"0.6"	"0.05"	"0.01"	"0.005"	"0.01"	"100000"	"10000"	"200"	"2813773746876443548"	75000	"slope"	-0.246163805
"0.15"	"0.6"	"0.05"	"0.01"	"0.005"	"0.01"	"100000"	"10000"	"200"	"2813773746876443548"	75000	"intercept"	0.291427725
"0.15"	"0.6"	"0.05"	"0.01"	"0.005"	"0.01"	"100000"	"10000"	"200"	"2813773746876443548"	80000	"slope"	-0.248991885
"0.15"	"0.6"	"0.05"	"0.01"	"0.005"	"0.01"	"100000"	"10000"	"200"	"2813773746876443548"	80000	"intercept"	0.28977875
"0.15"	"0.6"	"0.05"	"0.01"	"0.005"	"0.01"	"100000"	"10000"	"200"	"2813773746876443548"	85000	"slope"	-0.218017235
"0.15"	"0.6"	"0.05"	"0.01"	"0.005"	"0.01"	"100000"	"10000"	"200"	"2813773746876443548"	85000	"intercept"	0.27253283
"0.15"	"0.6"	"0.05"	"0.01"	"0.005"	"0.01"	"100000"	"10000"	"200"	"2813773746876443548"	90000	"slope"	-0.22577929
"0.15"	"0.6"	"0.05"	"0.01"	"0.005"	"0.01"	"100000"	"10000"	"200"	"2813773746876443548"	90000	"intercept"	0.27265114
"0.15"	"0.6"	"0.05"	"0.01"	"0.005"	"0.01"	"100000"	"10000"	"200"	"2813773746876443548"	95000	"slope"	-0.22622751
"0.15"	"0.6"	"0.05"	"0.01"	"0.005"	"0.01"	"100000"	"10000"	"200"	"2813773746876443548"	95000	"intercept"	0.277090985
"0.15"	"0.6"	"0.05"	"0.01"	"0.005"	"0.01"	"100000"	"10000"	"200"	"2813773746876443548"	100000	"slope"	-0.25813889
"0.15"	"0.6"	"0.05"	"0.01"	"0.005"	"0.01"	"100000"	"10000"	"200"	"2813773746876443548"	100000	"intercept"	0.29695234
"0.15"	"0.6"	"0.05"	"0.01"	"0.005"	"0.01"	"100000"	"10000"	"200"	"3485495582231041448"	10	"slope"	-0.000102438569
"0.15"	"0.6"	"0.05"	"0.01"	"0.005"	"0.01"	"100000"	"10000"	"200"	"3485495582231041448"	10	"intercept"	0.499933105
"0.15"	"0.6"	"0.05"	"0.01"	"0.005"	"0.01"	"100000"	"10000"	"200"	"3485495582231041448"	5000	"slope"	-0.1713287415
"0.15"	"0.6"	"0.05"	"0.01"	"0.005"	"0.01"	"100000"	"10000"	"200"	"3485495582231041448"	5000	"intercept"	0.231197695
"0.15"	"0.6"	"0.05"	"0.01"	"0.005"	"0.01"	"100000"	"10000"	"200"	"3485495582231041448"	10000	"slope"	-0.23812988
"0.15"	"0.6"	"0.05"	"0.01"	"0.005"	"0.01"	"100000"	"10000"	"200"	"3485495582231041448"	10000	"intercept"	0.28774672
"0.15"	"0.6"	"0.05"	"0.01"	"0.005"	"0.01"	"100000"	"10000"	"200"	"3485495582231041448"	15000	"slope"	-0.25467993
"0.15"	"0.6"	"0.05"	"0.01"	"0.005"	"0.01"	"100000"	"10000"	"200"	"3485495582231041448"	15000	"intercept"	0.30048644
"0.15"	"0.6"	"0.05"	"0.01"	"0.005"	"0.01"	"100000"	"10000"	"200"	"3485495582231041448"	20000	"slope"	-0.236629015
"0.15"	"0.6"	"0.05"	"0.01"	"0.005"	"0.01"	"100000"	"10000"	"200"	"3485495582231041448"	20000	"intercept"	0.285546425
"0.15"	"0.6"	"0.05"	"0.01"	"0.005"	"0.01"	"100000"	"10000"	"200"	"3485495582231041448"	25000	"slope"	-0.245398595
"0.15"	"0.6"	"0.05"	"0.01"	"0.005"	"0.01"	"100000"	"10000"	"200"	"3485495582231041448"	25000	"intercept"	0.28886844
"0.15"	"0.6"	"0.05"	"0.01"	"0.005"	"0.01"	"100000"	"10000"	"200"	"3485495582231041448"	30000	"slope"	-0.247784635
"0.15"	"0.6"	"0.05"	"0.01"	"0.005"	"0.01"	"100000"	"10000"	"200"	"3485495582231041448"	30000	"intercept"	0.290070005
"0.15"	"0.6"	"0.05"	"0.01"	"0.005"	"0.01"	"100000"	"10000"	"200"	"3485495582231041448"	35000	"slope"	-0.24321502
"0.15"	"0.6"	"0.05"	"0.01"	"0.005"	"0.01"	"100000"	"10000"	"200"	"3485495582231041448"	35000	"intercept"	0.286400425
"0.15"	"0.6"	"0.05"	"0.01"	"0.005"	"0.01"	"100000"	"10000"	"200"	"3485495582231041448"	40000	"slope"	-0.244805665
"0.15"	"0.6"	"0.05"	"0.01"	"0.005"	"0.01"	"100000"	"10000"	"200"	"3485495582231041448"	40000	"intercept"	0.288946405
"0.15"	"0.6"	"0.05"	"0.01"	"0.005"	"0.01"	"100000"	"10000"	"200"	"3485495582231041448"	45000	"slope"	-0.22835115
"0.15"	"0.6"	"0.05"	"0.01"	"0.005"	"0.01"	"100000"	"10000"	"200"	"3485495582231041448"	45000	"intercept"	0.27868645
"0.15"	"0.6"	"0.05"	"0.01"	"0.005"	"0.01"	"100000"	"10000"	"200"	"3485495582231041448"	50000	"slope"	-0.223767905
"0.15"	"0.6"	"0.05"	"0.01"	"0.005"	"0.01"	"100000"	"10000"	"200"	"3485495582231041448"	50000	"intercept"	0.26776406
"0.15"	"0.6"	"0.05"	"0.01"	"0.005"	"0.01"	"100000"	"10000"	"200"	"3485495582231041448"	55000	"slope"	-0.2511958
"0.15"	"0.6"	"0.05"	"0.01"	"0.005"	"0.01"	"100000"	"10000"	"200"	"3485495582231041448"	55000	"intercept"	0.29194295
"0.15"	"0.6"	"0.05"	"0.01"	"0.005"	"0.01"	"100000"	"10000"	"200"	"3485495582231041448"	60000	"slope"	-0.241038315
"0.15"	"0.6"	"0.05"	"0.01"	"0.005"	"0.01"	"100000"	"10000"	"200"	"3485495582231041448"	60000	"intercept"	0.281643425
"0.15"	"0.6"	"0.05"	"0.01"	"0.005"	"0.01"	"100000"	"10000"	"200"	"3485495582231041448"	65000	"slope"	-0.25441599
"0.15"	"0.6"	"0.05"	"0.01"	"0.005"	"0.01"	"100000"	"10000"	"200"	"3485495582231041448"	65000	"intercept"	0.292997285
"0.15"	"0.6"	"0.05"	"0.01"	"0.005"	"0.01"	"100000"	"10000"	"200"	"3485495582231041448"	70000	"slope"	-0.23356188
"0.15"	"0.6"	"0.05"	"0.01"	"0.005"	"0.01"	"100000"	"10000"	"200"	"3485495582231041448"	70000	"intercept"	0.282630775
"0.15"	"0.6"	"0.05"	"0.01"	"0.005"	"0.01"	"100000"	"10000"	"200"	"3485495582231041448"	75000	"slope"	-0.25561311
"0.15"	"0.6"	"0.05"	"0.01"	"0.005"	"0.01"	"100000"	"10000"	"200"	"3485495582231041448"	75000	"intercept"	0.2977798
"0.15"	"0.6"	"0.05"	"0.01"	"0.005"	"0.01"	"100000"	"10000"	"200"	"3485495582231041448"	80000	"slope"	-0.254633545
"0.15"	"0.6"	"0.05"	"0.01"	"0.005"	"0.01"	"100000"	"10000"	"200"	"3485495582231041448"	80000	"intercept"	0.29128064
"0.15"	"0.6"	"0.05"	"0.01"	"0.005"	"0.01"	"100000"	"10000"	"200"	"3485495582231041448"	85000	"slope"	-0.25365685
"0.15"	"0.6"	"0.05"	"0.01"	"0.005"	"0.01"	"100000"	"10000"	"200"	"3485495582231041448"	85000	"intercept"	0.299363245
"0.15"	"0.6"	"0.05"	"0.01"	"0.005"	"0.01"	"100000"	"10000"	"200"	"3485495582231041448"	90000	"slope"	-0.25170605
"0.15"	"0.6"	"0.05"	"0.01"	"0.005"	"0.01"	"100000"	"10000"	"200"	"3485495582231041448"	90000	"intercept"	0.297988295
"0.15"	"0.6"	"0.05"	"0.01"	"0.005"	"0.01"	"100000"	"10000"	"200"	"3485495582231041448"	95000	"slope"	-0.266169315
"0.15"	"0.6"	"0.05"	"0.01"	"0.005"	"0.01"	"100000"	"10000"	"200"	"3485495582231041448"	95000	"intercept"	0.30172798
"0.15"	"0.6"	"0.05"	"0.01"	"0.005"	"0.01"	"100000"	"10000"	"200"	"3485495582231041448"	100000	"slope"	-0.218171679
"0.15"	"0.6"	"0.05"	"0.01"	"0.005"	"0.01"	"100000"	"10000"	"200"	"3485495582231041448"	100000	"intercept"	0.272730575
"0.15"	"0.6"	"0.05"	"0.01"	"0.005"	"0.01"	"100000"	"10000"	"200"	"3820255005082569606"	10	"slope"	7.16770499999999e-06
"0.15"	"0.6"	"0.05"	"0.01"	"0.005"	"0.01"	"100000"	"10000"	"200"	"3820255005082569606"	10	"intercept"	0.49988736
"0.15"	"0.6"	"0.05"	"0.01"	"0.005"	"0.01"	"100000"	"10000"	"200"	"3820255005082569606"	5000	"slope"	-0.22997104
"0.15"	"0.6"	"0.05"	"0.01"	"0.005"	"0.01"	"100000"	"10000"	"200"	"3820255005082569606"	5000	"intercept"	0.280844905
"0.15"	"0.6"	"0.05"	"0.01"	"0.005"	"0.01"	"100000"	"10000"	"200"	"3820255005082569606"	10000	"slope"	-0.238578925
"0.15"	"0.6"	"0.05"	"0.01"	"0.005"	"0.01"	"100000"	"10000"	"200"	"3820255005082569606"	10000	"intercept"	0.28052579
"0.15"	"0.6"	"0.05"	"0.01"	"0.005"	"0.01"	"100000"	"10000"	"200"	"3820255005082569606"	15000	"slope"	-0.24078232
"0.15"	"0.6"	"0.05"	"0.01"	"0.005"	"0.01"	"100000"	"10000"	"200"	"3820255005082569606"	15000	"intercept"	0.281069105
"0.15"	"0.6"	"0.05"	"0.01"	"0.005"	"0.01"	"100000"	"10000"	"200"	"3820255005082569606"	20000	"slope"	-0.221727665
"0.15"	"0.6"	"0.05"	"0.01"	"0.005"	"0.01"	"100000"	"10000"	"200"	"3820255005082569606"	20000	"intercept"	0.272234165
"0.15"	"0.6"	"0.05"	"0.01"	"0.005"	"0.01"	"100000"	"10000"	"200"	"3820255005082569606"	25000	"slope"	-0.23615478
"0.15"	"0.6"	"0.05"	"0.01"	"0.005"	"0.01"	"100000"	"10000"	"200"	"3820255005082569606"	25000	"intercept"	0.28251019
"0.15"	"0.6"	"0.05"	"0.01"	"0.005"	"0.01"	"100000"	"10000"	"200"	"3820255005082569606"	30000	"slope"	-0.244731775
"0.15"	"0.6"	"0.05"	"0.01"	"0.005"	"0.01"	"100000"	"10000"	"200"	"3820255005082569606"	30000	"intercept"	0.292002365
"0.15"	"0.6"	"0.05"	"0.01"	"0.005"	"0.01"	"100000"	"10000"	"200"	"3820255005082569606"	35000	"slope"	-0.241616815
"0.15"	"0.6"	"0.05"	"0.01"	"0.005"	"0.01"	"100000"	"10000"	"200"	"3820255005082569606"	35000	"intercept"	0.28471053
"0.15"	"0.6"	"0.05"	"0.01"	"0.005"	"0.01"	"100000"	"10000"	"200"	"3820255005082569606"	40000	"slope"	-0.23757826
"0.15"	"0.6"	"0.05"	"0.01"	"0.005"	"0.01"	"100000"	"10000"	"200"	"3820255005082569606"	40000	"intercept"	0.282976145
"0.15"	"0.6"	"0.05"	"0.01"	"0.005"	"0.01"	"100000"	"10000"	"200"	"3820255005082569606"	45000	"slope"	-0.225835505
"0.15"	"0.6"	"0.05"	"0.01"	"0.005"	"0.01"	"100000"	"10000"	"200"	"3820255005082569606"	45000	"intercept"	0.27786614
"0.15"	"0.6"	"0.05"	"0.01"	"0.005"	"0.01"	"100000"	"10000"	"200"	"3820255005082569606"	50000	"slope"	-0.234813565
"0.15"	"0.6"	"0.05"	"0.01"	"0.005"	"0.01"	"100000"	"10000"	"200"	"3820255005082569606"	50000	"intercept"	0.28553957
"0.15"	"0.6"	"0.05"	"0.01"	"0.005"	"0.01"	"100000"	"10000"	"200"	"3820255005082569606"	55000	"slope"	-0.26398944
"0.15"	"0.6"	"0.05"	"0.01"	"0.005"	"0.01"	"100000"	"10000"	"200"	"3820255005082569606"	55000	"intercept"	0.30393889
"0.15"	"0.6"	"0.05"	"0.01"	"0.005"	"0.01"	"100000"	"10000"	"200"	"3820255005082569606"	60000	"slope"	-0.23464745
"0.15"	"0.6"	"0.05"	"0.01"	"0.005"	"0.01"	"100000"	"10000"	"200"	"3820255005082569606"	60000	"intercept"	0.28038631
"0.15"	"0.6"	"0.05"	"0.01"	"0.005"	"0.01"	"100000"	"10000"	"200"	"3820255005082569606"	65000	"slope"	-0.244374715
"0.15"	"0.6"	"0.05"	"0.01"	"0.005"	"0.01"	"100000"	"10000"	"200"	"3820255005082569606"	65000	"intercept"	0.290829955
"0.15"	"0.6"	"0.05"	"0.01"	"0.005"	"0.01"	"100000"	"10000"	"200"	"3820255005082569606"	70000	"slope"	-0.25515805
"0.15"	"0.6"	"0.05"	"0.01"	"0.005"	"0.01"	"100000"	"10000"	"200"	"3820255005082569606"	70000	"intercept"	0.29597145
"0.15"	"0.6"	"0.05"	"0.01"	"0.005"	"0.01"	"100000"	"10000"	"200"	"3820255005082569606"	75000	"slope"	-0.24481265
"0.15"	"0.6"	"0.05"	"0.01"	"0.005"	"0.01"	"100000"	"10000"	"200"	"3820255005082569606"	75000	"intercept"	0.29202639
"0.15"	"0.6"	"0.05"	"0.01"	"0.005"	"0.01"	"100000"	"10000"	"200"	"3820255005082569606"	80000	"slope"	-0.225642455
"0.15"	"0.6"	"0.05"	"0.01"	"0.005"	"0.01"	"100000"	"10000"	"200"	"3820255005082569606"	80000	"intercept"	0.2750664
"0.15"	"0.6"	"0.05"	"0.01"	"0.005"	"0.01"	"100000"	"10000"	"200"	"3820255005082569606"	85000	"slope"	-0.244902235
"0.15"	"0.6"	"0.05"	"0.01"	"0.005"	"0.01"	"100000"	"10000"	"200"	"3820255005082569606"	85000	"intercept"	0.289902705
"0.15"	"0.6"	"0.05"	"0.01"	"0.005"	"0.01"	"100000"	"10000"	"200"	"3820255005082569606"	90000	"slope"	-0.24031845
"0.15"	"0.6"	"0.05"	"0.01"	"0.005"	"0.01"	"100000"	"10000"	"200"	"3820255005082569606"	90000	"intercept"	0.281756295
"0.15"	"0.6"	"0.05"	"0.01"	"0.005"	"0.01"	"100000"	"10000"	"200"	"3820255005082569606"	95000	"slope"	-0.231516985
"0.15"	"0.6"	"0.05"	"0.01"	"0.005"	"0.01"	"100000"	"10000"	"200"	"3820255005082569606"	95000	"intercept"	0.279706125
"0.15"	"0.6"	"0.05"	"0.01"	"0.005"	"0.01"	"100000"	"10000"	"200"	"3820255005082569606"	100000	"slope"	-0.228149085
"0.15"	"0.6"	"0.05"	"0.01"	"0.005"	"0.01"	"100000"	"10000"	"200"	"3820255005082569606"	100000	"intercept"	0.276458135
"0.15"	"0.8"	"0.05"	"0.01"	"0.005"	"0.01"	"100000"	"10000"	"200"	"4489054508374979579"	10	"slope"	4.9819305e-06
"0.15"	"0.8"	"0.05"	"0.01"	"0.005"	"0.01"	"100000"	"10000"	"200"	"4489054508374979579"	10	"intercept"	0.499953405
"0.15"	"0.8"	"0.05"	"0.01"	"0.005"	"0.01"	"100000"	"10000"	"200"	"4489054508374979579"	5000	"slope"	-0.1680128
"0.15"	"0.8"	"0.05"	"0.01"	"0.005"	"0.01"	"100000"	"10000"	"200"	"4489054508374979579"	5000	"intercept"	0.228496725
"0.15"	"0.8"	"0.05"	"0.01"	"0.005"	"0.01"	"100000"	"10000"	"200"	"4489054508374979579"	10000	"slope"	-0.228714315
"0.15"	"0.8"	"0.05"	"0.01"	"0.005"	"0.01"	"100000"	"10000"	"200"	"4489054508374979579"	10000	"intercept"	0.27271322
"0.15"	"0.8"	"0.05"	"0.01"	"0.005"	"0.01"	"100000"	"10000"	"200"	"4489054508374979579"	15000	"slope"	-0.233927835
"0.15"	"0.8"	"0.05"	"0.01"	"0.005"	"0.01"	"100000"	"10000"	"200"	"4489054508374979579"	15000	"intercept"	0.274971525
"0.15"	"0.8"	"0.05"	"0.01"	"0.005"	"0.01"	"100000"	"10000"	"200"	"4489054508374979579"	20000	"slope"	-0.23453169
"0.15"	"0.8"	"0.05"	"0.01"	"0.005"	"0.01"	"100000"	"10000"	"200"	"4489054508374979579"	20000	"intercept"	0.273665985
"0.15"	"0.8"	"0.05"	"0.01"	"0.005"	"0.01"	"100000"	"10000"	"200"	"4489054508374979579"	25000	"slope"	-0.220774635
"0.15"	"0.8"	"0.05"	"0.01"	"0.005"	"0.01"	"100000"	"10000"	"200"	"4489054508374979579"	25000	"intercept"	0.262999305
"0.15"	"0.8"	"0.05"	"0.01"	"0.005"	"0.01"	"100000"	"10000"	"200"	"4489054508374979579"	30000	"slope"	-0.22518394
"0.15"	"0.8"	"0.05"	"0.01"	"0.005"	"0.01"	"100000"	"10000"	"200"	"4489054508374979579"	30000	"intercept"	0.26784389
"0.15"	"0.8"	"0.05"	"0.01"	"0.005"	"0.01"	"100000"	"10000"	"200"	"4489054508374979579"	35000	"slope"	-0.216705255
"0.15"	"0.8"	"0.05"	"0.01"	"0.005"	"0.01"	"100000"	"10000"	"200"	"4489054508374979579"	35000	"intercept"	0.266595535
"0.15"	"0.8"	"0.05"	"0.01"	"0.005"	"0.01"	"100000"	"10000"	"200"	"4489054508374979579"	40000	"slope"	-0.248290555
"0.15"	"0.8"	"0.05"	"0.01"	"0.005"	"0.01"	"100000"	"10000"	"200"	"4489054508374979579"	40000	"intercept"	0.289254585
"0.15"	"0.8"	"0.05"	"0.01"	"0.005"	"0.01"	"100000"	"10000"	"200"	"4489054508374979579"	45000	"slope"	-0.23251358
"0.15"	"0.8"	"0.05"	"0.01"	"0.005"	"0.01"	"100000"	"10000"	"200"	"4489054508374979579"	45000	"intercept"	0.28513336
"0.15"	"0.8"	"0.05"	"0.01"	"0.005"	"0.01"	"100000"	"10000"	"200"	"4489054508374979579"	50000	"slope"	-0.23359368
"0.15"	"0.8"	"0.05"	"0.01"	"0.005"	"0.01"	"100000"	"10000"	"200"	"4489054508374979579"	50000	"intercept"	0.273288105
"0.15"	"0.8"	"0.05"	"0.01"	"0.005"	"0.01"	"100000"	"10000"	"200"	"4489054508374979579"	55000	"slope"	-0.217394615
"0.15"	"0.8"	"0.05"	"0.01"	"0.005"	"0.01"	"100000"	"10000"	"200"	"4489054508374979579"	55000	"intercept"	0.268632625
"0.15"	"0.8"	"0.05"	"0.01"	"0.005"	"0.01"	"100000"	"10000"	"200"	"4489054508374979579"	60000	"slope"	-0.249281395
"0.15"	"0.8"	"0.05"	"0.01"	"0.005"	"0.01"	"100000"	"10000"	"200"	"4489054508374979579"	60000	"intercept"	0.290948415
"0.15"	"0.8"	"0.05"	"0.01"	"0.005"	"0.01"	"100000"	"10000"	"200"	"4489054508374979579"	65000	"slope"	-0.240305825
"0.15"	"0.8"	"0.05"	"0.01"	"0.005"	"0.01"	"100000"	"10000"	"200"	"4489054508374979579"	65000	"intercept"	0.28277877
"0.15"	"0.8"	"0.05"	"0.01"	"0.005"	"0.01"	"100000"	"10000"	"200"	"4489054508374979579"	70000	"slope"	-0.229606965
"0.15"	"0.8"	"0.05"	"0.01"	"0.005"	"0.01"	"100000"	"10000"	"200"	"4489054508374979579"	70000	"intercept"	0.273029195
"0.15"	"0.8"	"0.05"	"0.01"	"0.005"	"0.01"	"100000"	"10000"	"200"	"4489054508374979579"	75000	"slope"	-0.228686655
"0.15"	"0.8"	"0.05"	"0.01"	"0.005"	"0.01"	"100000"	"10000"	"200"	"4489054508374979579"	75000	"intercept"	0.270085225
"0.15"	"0.8"	"0.05"	"0.01"	"0.005"	"0.01"	"100000"	"10000"	"200"	"4489054508374979579"	80000	"slope"	-0.24680359
"0.15"	"0.8"	"0.05"	"0.01"	"0.005"	"0.01"	"100000"	"10000"	"200"	"4489054508374979579"	80000	"intercept"	0.284061515
"0.15"	"0.8"	"0.05"	"0.01"	"0.005"	"0.01"	"100000"	"10000"	"200"	"4489054508374979579"	85000	"slope"	-0.24648464
"0.15"	"0.8"	"0.05"	"0.01"	"0.005"	"0.01"	"100000"	"10000"	"200"	"4489054508374979579"	85000	"intercept"	0.28999054
"0.15"	"0.8"	"0.05"	"0.01"	"0.005"	"0.01"	"100000"	"10000"	"200"	"4489054508374979579"	90000	"slope"	-0.23068251
"0.15"	"0.8"	"0.05"	"0.01"	"0.005"	"0.01"	"100000"	"10000"	"200"	"4489054508374979579"	90000	"intercept"	0.269996305
"0.15"	"0.8"	"0.05"	"0.01"	"0.005"	"0.01"	"100000"	"10000"	"200"	"4489054508374979579"	95000	"slope"	-0.23499535
"0.15"	"0.8"	"0.05"	"0.01"	"0.005"	"0.01"	"100000"	"10000"	"200"	"4489054508374979579"	95000	"intercept"	0.27935682
"0.15"	"0.8"	"0.05"	"0.01"	"0.005"	"0.01"	"100000"	"10000"	"200"	"4489054508374979579"	100000	"slope"	-0.233225035
"0.15"	"0.8"	"0.05"	"0.01"	"0.005"	"0.01"	"100000"	"10000"	"200"	"4489054508374979579"	100000	"intercept"	0.278143475
"0.15"	"0.8"	"0.05"	"0.01"	"0.005"	"0.01"	"100000"	"10000"	"200"	"5916135287648879913"	10	"slope"	8.027432e-05
"0.15"	"0.8"	"0.05"	"0.01"	"0.005"	"0.01"	"100000"	"10000"	"200"	"5916135287648879913"	10	"intercept"	0.499846485
"0.15"	"0.8"	"0.05"	"0.01"	"0.005"	"0.01"	"100000"	"10000"	"200"	"5916135287648879913"	5000	"slope"	-0.19937744
"0.15"	"0.8"	"0.05"	"0.01"	"0.005"	"0.01"	"100000"	"10000"	"200"	"5916135287648879913"	5000	"intercept"	0.24934093
"0.15"	"0.8"	"0.05"	"0.01"	"0.005"	"0.01"	"100000"	"10000"	"200"	"5916135287648879913"	10000	"slope"	-0.224162015
"0.15"	"0.8"	"0.05"	"0.01"	"0.005"	"0.01"	"100000"	"10000"	"200"	"5916135287648879913"	10000	"intercept"	0.27373487
"0.15"	"0.8"	"0.05"	"0.01"	"0.005"	"0.01"	"100000"	"10000"	"200"	"5916135287648879913"	15000	"slope"	-0.23930768
"0.15"	"0.8"	"0.05"	"0.01"	"0.005"	"0.01"	"100000"	"10000"	"200"	"5916135287648879913"	15000	"intercept"	0.28270804
"0.15"	"0.8"	"0.05"	"0.01"	"0.005"	"0.01"	"100000"	"10000"	"200"	"5916135287648879913"	20000	"slope"	-0.24314256
"0.15"	"0.8"	"0.05"	"0.01"	"0.005"	"0.01"	"100000"	"10000"	"200"	"5916135287648879913"	20000	"intercept"	0.292173865
"0.15"	"0.8"	"0.05"	"0.01"	"0.005"	"0.01"	"100000"	"10000"	"200"	"5916135287648879913"	25000	"slope"	-0.24313764
"0.15"	"0.8"	"0.05"	"0.01"	"0.005"	"0.01"	"100000"	"10000"	"200"	"5916135287648879913"	25000	"intercept"	0.284147845
"0.15"	"0.8"	"0.05"	"0.01"	"0.005"	"0.01"	"100000"	"10000"	"200"	"5916135287648879913"	30000	"slope"	-0.238612125
"0.15"	"0.8"	"0.05"	"0.01"	"0.005"	"0.01"	"100000"	"10000"	"200"	"5916135287648879913"	30000	"intercept"	0.2858259
"0.15"	"0.8"	"0.05"	"0.01"	"0.005"	"0.01"	"100000"	"10000"	"200"	"5916135287648879913"	35000	"slope"	-0.221189055
"0.15"	"0.8"	"0.05"	"0.01"	"0.005"	"0.01"	"100000"	"10000"	"200"	"5916135287648879913"	35000	"intercept"	0.26859374
"0.15"	"0.8"	"0.05"	"0.01"	"0.005"	"0.01"	"100000"	"10000"	"200"	"5916135287648879913"	40000	"slope"	-0.24992215
"0.15"	"0.8"	"0.05"	"0.01"	"0.005"	"0.01"	"100000"	"10000"	"200"	"5916135287648879913"	40000	"intercept"	0.2894014
"0.15"	"0.8"	"0.05"	"0.01"	"0.005"	"0.01"	"100000"	"10000"	"200"	"5916135287648879913"	45000	"slope"	-0.25160508
"0.15"	"0.8"	"0.05"	"0.01"	"0.005"	"0.01"	"100000"	"10000"	"200"	"5916135287648879913"	45000	"intercept"	0.291040945
"0.15"	"0.8"	"0.05"	"0.01"	"0.005"	"0.01"	"100000"	"10000"	"200"	"5916135287648879913"	50000	"slope"	-0.231968715
"0.15"	"0.8"	"0.05"	"0.01"	"0.005"	"0.01"	"100000"	"10000"	"200"	"5916135287648879913"	50000	"intercept"	0.273865145
"0.15"	"0.8"	"0.05"	"0.01"	"0.005"	"0.01"	"100000"	"10000"	"200"	"5916135287648879913"	55000	"slope"	-0.231893245
"0.15"	"0.8"	"0.05"	"0.01"	"0.005"	"0.01"	"100000"	"10000"	"200"	"5916135287648879913"	55000	"intercept"	0.28029191
"0.15"	"0.8"	"0.05"	"0.01"	"0.005"	"0.01"	"100000"	"10000"	"200"	"5916135287648879913"	60000	"slope"	-0.246157405
"0.15"	"0.8"	"0.05"	"0.01"	"0.005"	"0.01"	"100000"	"10000"	"200"	"5916135287648879913"	60000	"intercept"	0.28933114
"0.15"	"0.8"	"0.05"	"0.01"	"0.005"	"0.01"	"100000"	"10000"	"200"	"5916135287648879913"	65000	"slope"	-0.24414087
"0.15"	"0.8"	"0.05"	"0.01"	"0.005"	"0.01"	"100000"	"10000"	"200"	"5916135287648879913"	65000	"intercept"	0.28957845
"0.15"	"0.8"	"0.05"	"0.01"	"0.005"	"0.01"	"100000"	"10000"	"200"	"5916135287648879913"	70000	"slope"	-0.22363412
"0.15"	"0.8"	"0.05"	"0.01"	"0.005"	"0.01"	"100000"	"10000"	"200"	"5916135287648879913"	70000	"intercept"	0.27351508
"0.15"	"0.8"	"0.05"	"0.01"	"0.005"	"0.01"	"100000"	"10000"	"200"	"5916135287648879913"	75000	"slope"	-0.215698085
"0.15"	"0.8"	"0.05"	"0.01"	"0.005"	"0.01"	"100000"	"10000"	"200"	"5916135287648879913"	75000	"intercept"	0.26396293
"0.15"	"0.8"	"0.05"	"0.01"	"0.005"	"0.01"	"100000"	"10000"	"200"	"5916135287648879913"	80000	"slope"	-0.237999695
"0.15"	"0.8"	"0.05"	"0.01"	"0.005"	"0.01"	"100000"	"10000"	"200"	"5916135287648879913"	80000	"intercept"	0.277105985
"0.15"	"0.8"	"0.05"	"0.01"	"0.005"	"0.01"	"100000"	"10000"	"200"	"5916135287648879913"	85000	"slope"	-0.24738073
"0.15"	"0.8"	"0.05"	"0.01"	"0.005"	"0.01"	"100000"	"10000"	"200"	"5916135287648879913"	85000	"intercept"	0.292021455
"0.15"	"0.8"	"0.05"	"0.01"	"0.005"	"0.01"	"100000"	"10000"	"200"	"5916135287648879913"	90000	"slope"	-0.244805235
"0.15"	"0.8"	"0.05"	"0.01"	"0.005"	"0.01"	"100000"	"10000"	"200"	"5916135287648879913"	90000	"intercept"	0.28918516
"0.15"	"0.8"	"0.05"	"0.01"	"0.005"	"0.01"	"100000"	"10000"	"200"	"5916135287648879913"	95000	"slope"	-0.250087345
"0.15"	"0.8"	"0.05"	"0.01"	"0.005"	"0.01"	"100000"	"10000"	"200"	"5916135287648879913"	95000	"intercept"	0.29122999
"0.15"	"0.8"	"0.05"	"0.01"	"0.005"	"0.01"	"100000"	"10000"	"200"	"5916135287648879913"	100000	"slope"	-0.235513455
"0.15"	"0.8"	"0.05"	"0.01"	"0.005"	"0.01"	"100000"	"10000"	"200"	"5916135287648879913"	100000	"intercept"	0.274289655
"0.15"	"0.8"	"0.05"	"0.01"	"0.005"	"0.01"	"100000"	"10000"	"200"	"6430047974734547115"	10	"slope"	-2.4913755e-05
"0.15"	"0.8"	"0.05"	"0.01"	"0.005"	"0.01"	"100000"	"10000"	"200"	"6430047974734547115"	10	"intercept"	0.500108895
"0.15"	"0.8"	"0.05"	"0.01"	"0.005"	"0.01"	"100000"	"10000"	"200"	"6430047974734547115"	5000	"slope"	-0.1596525205
"0.15"	"0.8"	"0.05"	"0.01"	"0.005"	"0.01"	"100000"	"10000"	"200"	"6430047974734547115"	5000	"intercept"	0.226390305
"0.15"	"0.8"	"0.05"	"0.01"	"0.005"	"0.01"	"100000"	"10000"	"200"	"6430047974734547115"	10000	"slope"	-0.241041465
"0.15"	"0.8"	"0.05"	"0.01"	"0.005"	"0.01"	"100000"	"10000"	"200"	"6430047974734547115"	10000	"intercept"	0.28345057
"0.15"	"0.8"	"0.05"	"0.01"	"0.005"	"0.01"	"100000"	"10000"	"200"	"6430047974734547115"	15000	"slope"	-0.23231635
"0.15"	"0.8"	"0.05"	"0.01"	"0.005"	"0.01"	"100000"	"10000"	"200"	"6430047974734547115"	15000	"intercept"	0.280047675
"0.15"	"0.8"	"0.05"	"0.01"	"0.005"	"0.01"	"100000"	"10000"	"200"	"6430047974734547115"	20000	"slope"	-0.243409475
"0.15"	"0.8"	"0.05"	"0.01"	"0.005"	"0.01"	"100000"	"10000"	"200"	"6430047974734547115"	20000	"intercept"	0.281673305
"0.15"	"0.8"	"0.05"	"0.01"	"0.005"	"0.01"	"100000"	"10000"	"200"	"6430047974734547115"	25000	"slope"	-0.23322946
"0.15"	"0.8"	"0.05"	"0.01"	"0.005"	"0.01"	"100000"	"10000"	"200"	"6430047974734547115"	25000	"intercept"	0.2756451
"0.15"	"0.8"	"0.05"	"0.01"	"0.005"	"0.01"	"100000"	"10000"	"200"	"6430047974734547115"	30000	"slope"	-0.2603928
"0.15"	"0.8"	"0.05"	"0.01"	"0.005"	"0.01"	"100000"	"10000"	"200"	"6430047974734547115"	30000	"intercept"	0.29800958
"0.15"	"0.8"	"0.05"	"0.01"	"0.005"	"0.01"	"100000"	"10000"	"200"	"6430047974734547115"	35000	"slope"	-0.24796575
"0.15"	"0.8"	"0.05"	"0.01"	"0.005"	"0.01"	"100000"	"10000"	"200"	"6430047974734547115"	35000	"intercept"	0.291891
"0.15"	"0.8"	"0.05"	"0.01"	"0.005"	"0.01"	"100000"	"10000"	"200"	"6430047974734547115"	40000	"slope"	-0.244715355
"0.15"	"0.8"	"0.05"	"0.01"	"0.005"	"0.01"	"100000"	"10000"	"200"	"6430047974734547115"	40000	"intercept"	0.291344315
"0.15"	"0.8"	"0.05"	"0.01"	"0.005"	"0.01"	"100000"	"10000"	"200"	"6430047974734547115"	45000	"slope"	-0.25600942
"0.15"	"0.8"	"0.05"	"0.01"	"0.005"	"0.01"	"100000"	"10000"	"200"	"6430047974734547115"	45000	"intercept"	0.297204365
"0.15"	"0.8"	"0.05"	"0.01"	"0.005"	"0.01"	"100000"	"10000"	"200"	"6430047974734547115"	50000	"slope"	-0.26780332
"0.15"	"0.8"	"0.05"	"0.01"	"0.005"	"0.01"	"100000"	"10000"	"200"	"6430047974734547115"	50000	"intercept"	0.303647945
"0.15"	"0.8"	"0.05"	"0.01"	"0.005"	"0.01"	"100000"	"10000"	"200"	"6430047974734547115"	55000	"slope"	-0.255295905
"0.15"	"0.8"	"0.05"	"0.01"	"0.005"	"0.01"	"100000"	"10000"	"200"	"6430047974734547115"	55000	"intercept"	0.30057655
"0.15"	"0.8"	"0.05"	"0.01"	"0.005"	"0.01"	"100000"	"10000"	"200"	"6430047974734547115"	60000	"slope"	-0.247696585
"0.15"	"0.8"	"0.05"	"0.01"	"0.005"	"0.01"	"100000"	"10000"	"200"	"6430047974734547115"	60000	"intercept"	0.285539305
"0.15"	"0.8"	"0.05"	"0.01"	"0.005"	"0.01"	"100000"	"10000"	"200"	"6430047974734547115"	65000	"slope"	-0.23504777
"0.15"	"0.8"	"0.05"	"0.01"	"0.005"	"0.01"	"100000"	"10000"	"200"	"6430047974734547115"	65000	"intercept"	0.28012703
"0.15"	"0.8"	"0.05"	"0.01"	"0.005"	"0.01"	"100000"	"10000"	"200"	"6430047974734547115"	70000	"slope"	-0.27241798
"0.15"	"0.8"	"0.05"	"0.01"	"0.005"	"0.01"	"100000"	"10000"	"200"	"6430047974734547115"	70000	"intercept"	0.3120804
"0.15"	"0.8"	"0.05"	"0.01"	"0.005"	"0.01"	"100000"	"10000"	"200"	"6430047974734547115"	75000	"slope"	-0.24544935
"0.15"	"0.8"	"0.05"	"0.01"	"0.005"	"0.01"	"100000"	"10000"	"200"	"6430047974734547115"	75000	"intercept"	0.29169578
"0.15"	"0.8"	"0.05"	"0.01"	"0.005"	"0.01"	"100000"	"10000"	"200"	"6430047974734547115"	80000	"slope"	-0.252767765
"0.15"	"0.8"	"0.05"	"0.01"	"0.005"	"0.01"	"100000"	"10000"	"200"	"6430047974734547115"	80000	"intercept"	0.289202175
"0.15"	"0.8"	"0.05"	"0.01"	"0.005"	"0.01"	"100000"	"10000"	"200"	"6430047974734547115"	85000	"slope"	-0.241826765
"0.15"	"0.8"	"0.05"	"0.01"	"0.005"	"0.01"	"100000"	"10000"	"200"	"6430047974734547115"	85000	"intercept"	0.281950435
"0.15"	"0.8"	"0.05"	"0.01"	"0.005"	"0.01"	"100000"	"10000"	"200"	"6430047974734547115"	90000	"slope"	-0.239644275
"0.15"	"0.8"	"0.05"	"0.01"	"0.005"	"0.01"	"100000"	"10000"	"200"	"6430047974734547115"	90000	"intercept"	0.28201203
"0.15"	"0.8"	"0.05"	"0.01"	"0.005"	"0.01"	"100000"	"10000"	"200"	"6430047974734547115"	95000	"slope"	-0.22235439
"0.15"	"0.8"	"0.05"	"0.01"	"0.005"	"0.01"	"100000"	"10000"	"200"	"6430047974734547115"	95000	"intercept"	0.2716239
"0.15"	"0.8"	"0.05"	"0.01"	"0.005"	"0.01"	"100000"	"10000"	"200"	"6430047974734547115"	100000	"slope"	-0.2333684
"0.15"	"0.8"	"0.05"	"0.01"	"0.005"	"0.01"	"100000"	"10000"	"200"	"6430047974734547115"	100000	"intercept"	0.27808252
"0.25"	"0.0"	"0.05"	"0.01"	"0.005"	"0.01"	"100000"	"10000"	"200"	"2508041679899835046"	10	"slope"	-9.79724e-05
"0.25"	"0.0"	"0.05"	"0.01"	"0.005"	"0.01"	"100000"	"10000"	"200"	"2508041679899835046"	10	"intercept"	0.49991725
"0.25"	"0.0"	"0.05"	"0.01"	"0.005"	"0.01"	"100000"	"10000"	"200"	"2508041679899835046"	5000	"slope"	-0.1649144975
"0.25"	"0.0"	"0.05"	"0.01"	"0.005"	"0.01"	"100000"	"10000"	"200"	"2508041679899835046"	5000	"intercept"	0.259154725
"0.25"	"0.0"	"0.05"	"0.01"	"0.005"	"0.01"	"100000"	"10000"	"200"	"2508041679899835046"	10000	"slope"	-0.204459685
"0.25"	"0.0"	"0.05"	"0.01"	"0.005"	"0.01"	"100000"	"10000"	"200"	"2508041679899835046"	10000	"intercept"	0.286492695
"0.25"	"0.0"	"0.05"	"0.01"	"0.005"	"0.01"	"100000"	"10000"	"200"	"2508041679899835046"	15000	"slope"	-0.22667937
"0.25"	"0.0"	"0.05"	"0.01"	"0.005"	"0.01"	"100000"	"10000"	"200"	"2508041679899835046"	15000	"intercept"	0.29826475
"0.25"	"0.0"	"0.05"	"0.01"	"0.005"	"0.01"	"100000"	"10000"	"200"	"2508041679899835046"	20000	"slope"	-0.233837095
"0.25"	"0.0"	"0.05"	"0.01"	"0.005"	"0.01"	"100000"	"10000"	"200"	"2508041679899835046"	20000	"intercept"	0.30603995
"0.25"	"0.0"	"0.05"	"0.01"	"0.005"	"0.01"	"100000"	"10000"	"200"	"2508041679899835046"	25000	"slope"	-0.276411665
"0.25"	"0.0"	"0.05"	"0.01"	"0.005"	"0.01"	"100000"	"10000"	"200"	"2508041679899835046"	25000	"intercept"	0.335631055
"0.25"	"0.0"	"0.05"	"0.01"	"0.005"	"0.01"	"100000"	"10000"	"200"	"2508041679899835046"	30000	"slope"	-0.258600105
"0.25"	"0.0"	"0.05"	"0.01"	"0.005"	"0.01"	"100000"	"10000"	"200"	"2508041679899835046"	30000	"intercept"	0.318876125
"0.25"	"0.0"	"0.05"	"0.01"	"0.005"	"0.01"	"100000"	"10000"	"200"	"2508041679899835046"	35000	"slope"	-0.26092671
"0.25"	"0.0"	"0.05"	"0.01"	"0.005"	"0.01"	"100000"	"10000"	"200"	"2508041679899835046"	35000	"intercept"	0.322358005
"0.25"	"0.0"	"0.05"	"0.01"	"0.005"	"0.01"	"100000"	"10000"	"200"	"2508041679899835046"	40000	"slope"	-0.241316095
"0.25"	"0.0"	"0.05"	"0.01"	"0.005"	"0.01"	"100000"	"10000"	"200"	"2508041679899835046"	40000	"intercept"	0.308317255
"0.25"	"0.0"	"0.05"	"0.01"	"0.005"	"0.01"	"100000"	"10000"	"200"	"2508041679899835046"	45000	"slope"	-0.246610095
"0.25"	"0.0"	"0.05"	"0.01"	"0.005"	"0.01"	"100000"	"10000"	"200"	"2508041679899835046"	45000	"intercept"	0.31806323
"0.25"	"0.0"	"0.05"	"0.01"	"0.005"	"0.01"	"100000"	"10000"	"200"	"2508041679899835046"	50000	"slope"	-0.253801625
"0.25"	"0.0"	"0.05"	"0.01"	"0.005"	"0.01"	"100000"	"10000"	"200"	"2508041679899835046"	50000	"intercept"	0.317363975
"0.25"	"0.0"	"0.05"	"0.01"	"0.005"	"0.01"	"100000"	"10000"	"200"	"2508041679899835046"	55000	"slope"	-0.263750465
"0.25"	"0.0"	"0.05"	"0.01"	"0.005"	"0.01"	"100000"	"10000"	"200"	"2508041679899835046"	55000	"intercept"	0.322086975
"0.25"	"0.0"	"0.05"	"0.01"	"0.005"	"0.01"	"100000"	"10000"	"200"	"2508041679899835046"	60000	"slope"	-0.254818485
"0.25"	"0.0"	"0.05"	"0.01"	"0.005"	"0.01"	"100000"	"10000"	"200"	"2508041679899835046"	60000	"intercept"	0.31568296
"0.25"	"0.0"	"0.05"	"0.01"	"0.005"	"0.01"	"100000"	"10000"	"200"	"2508041679899835046"	65000	"slope"	-0.262669655
"0.25"	"0.0"	"0.05"	"0.01"	"0.005"	"0.01"	"100000"	"10000"	"200"	"2508041679899835046"	65000	"intercept"	0.323243985
"0.25"	"0.0"	"0.05"	"0.01"	"0.005"	"0.01"	"100000"	"10000"	"200"	"2508041679899835046"	70000	"slope"	-0.26073814
"0.25"	"0.0"	"0.05"	"0.01"	"0.005"	"0.01"	"100000"	"10000"	"200"	"2508041679899835046"	70000	"intercept"	0.32479645
"0.25"	"0.0"	"0.05"	"0.01"	"0.005"	"0.01"	"100000"	"10000"	"200"	"2508041679899835046"	75000	"slope"	-0.273959055
"0.25"	"0.0"	"0.05"	"0.01"	"0.005"	"0.01"	"100000"	"10000"	"200"	"2508041679899835046"	75000	"intercept"	0.33109836
"0.25"	"0.0"	"0.05"	"0.01"	"0.005"	"0.01"	"100000"	"10000"	"200"	"2508041679899835046"	80000	"slope"	-0.290832375
"0.25"	"0.0"	"0.05"	"0.01"	"0.005"	"0.01"	"100000"	"10000"	"200"	"2508041679899835046"	80000	"intercept"	0.344603875
"0.25"	"0.0"	"0.05"	"0.01"	"0.005"	"0.01"	"100000"	"10000"	"200"	"2508041679899835046"	85000	"slope"	-0.27173931
"0.25"	"0.0"	"0.05"	"0.01"	"0.005"	"0.01"	"100000"	"10000"	"200"	"2508041679899835046"	85000	"intercept"	0.328378665
"0.25"	"0.0"	"0.05"	"0.01"	"0.005"	"0.01"	"100000"	"10000"	"200"	"2508041679899835046"	90000	"slope"	-0.236627905
"0.25"	"0.0"	"0.05"	"0.01"	"0.005"	"0.01"	"100000"	"10000"	"200"	"2508041679899835046"	90000	"intercept"	0.303759595
"0.25"	"0.0"	"0.05"	"0.01"	"0.005"	"0.01"	"100000"	"10000"	"200"	"2508041679899835046"	95000	"slope"	-0.225680165
"0.25"	"0.0"	"0.05"	"0.01"	"0.005"	"0.01"	"100000"	"10000"	"200"	"2508041679899835046"	95000	"intercept"	0.298540695
"0.25"	"0.0"	"0.05"	"0.01"	"0.005"	"0.01"	"100000"	"10000"	"200"	"2508041679899835046"	100000	"slope"	-0.221498765
"0.25"	"0.0"	"0.05"	"0.01"	"0.005"	"0.01"	"100000"	"10000"	"200"	"2508041679899835046"	100000	"intercept"	0.302512755
"0.25"	"0.0"	"0.05"	"0.01"	"0.005"	"0.01"	"100000"	"10000"	"200"	"3807836067682255877"	10	"slope"	-9.875025e-05
"0.25"	"0.0"	"0.05"	"0.01"	"0.005"	"0.01"	"100000"	"10000"	"200"	"3807836067682255877"	10	"intercept"	0.50006053
"0.25"	"0.0"	"0.05"	"0.01"	"0.005"	"0.01"	"100000"	"10000"	"200"	"3807836067682255877"	5000	"slope"	-0.1305939405
"0.25"	"0.0"	"0.05"	"0.01"	"0.005"	"0.01"	"100000"	"10000"	"200"	"3807836067682255877"	5000	"intercept"	0.241864065
"0.25"	"0.0"	"0.05"	"0.01"	"0.005"	"0.01"	"100000"	"10000"	"200"	"3807836067682255877"	10000	"slope"	-0.21147642
"0.25"	"0.0"	"0.05"	"0.01"	"0.005"	"0.01"	"100000"	"10000"	"200"	"3807836067682255877"	10000	"intercept"	0.28058248
"0.25"	"0.0"	"0.05"	"0.01"	"0.005"	"0.01"	"100000"	"10000"	"200"	"3807836067682255877"	15000	"slope"	-0.22198063
"0.25"	"0.0"	"0.05"	"0.01"	"0.005"	"0.01"	"100000"	"10000"	"200"	"3807836067682255877"	15000	"intercept"	0.29225663
"0.25"	"0.0"	"0.05"	"0.01"	"0.005"	"0.01"	"100000"	"10000"	"200"	"3807836067682255877"	20000	"slope"	-0.253559875
"0.25"	"0.0"	"0.05"	"0.01"	"0.005"	"0.01"	"100000"	"10000"	"200"	"3807836067682255877"	20000	"intercept"	0.317261775
"0.25"	"0.0"	"0.05"	"0.01"	"0.005"	"0.01"	"100000"	"10000"	"200"	"3807836067682255877"	25000	"slope"	-0.248209135
"0.25"	"0.0"	"0.05"	"0.01"	"0.005"	"0.01"	"100000"	"10000"	"200"	"3807836067682255877"	25000	"intercept"	0.31698173
"0.25"	"0.0"	"0.05"	"0.01"	"0.005"	"0.01"	"100000"	"10000"	"200"	"3807836067682255877"	30000	"slope"	-0.25144447
"0.25"	"0.0"	"0.05"	"0.01"	"0.005"	"0.01"	"100000"	"10000"	"200"	"3807836067682255877"	30000	"intercept"	0.31483379
"0.25"	"0.0"	"0.05"	"0.01"	"0.005"	"0.01"	"100000"	"10000"	"200"	"3807836067682255877"	35000	"slope"	-0.239010995
"0.25"	"0.0"	"0.05"	"0.01"	"0.005"	"0.01"	"100000"	"10000"	"200"	"3807836067682255877"	35000	"intercept"	0.307179805
"0.25"	"0.0"	"0.05"	"0.01"	"0.005"	"0.01"	"100000"	"10000"	"200"	"3807836067682255877"	40000	"slope"	-0.256693165
"0.25"	"0.0"	"0.05"	"0.01"	"0.005"	"0.01"	"100000"	"10000"	"200"	"3807836067682255877"	40000	"intercept"	0.32581317
"0.25"	"0.0"	"0.05"	"0.01"	"0.005"	"0.01"	"100000"	"10000"	"200"	"3807836067682255877"	45000	"slope"	-0.25568155
"0.25"	"0.0"	"0.05"	"0.01"	"0.005"	"0.01"	"100000"	"10000"	"200"	"3807836067682255877"	45000	"intercept"	0.318260055
"0.25"	"0.0"	"0.05"	"0.01"	"0.005"	"0.01"	"100000"	"10000"	"200"	"3807836067682255877"	50000	"slope"	-0.25435161
"0.25"	"0.0"	"0.05"	"0.01"	"0.005"	"0.01"	"100000"	"10000"	"200"	"3807836067682255877"	50000	"intercept"	0.322142285
"0.25"	"0.0"	"0.05"	"0.01"	"0.005"	"0.01"	"100000"	"10000"	"200"	"3807836067682255877"	55000	"slope"	-0.24244552
"0.25"	"0.0"	"0.05"	"0.01"	"0.005"	"0.01"	"100000"	"10000"	"200"	"3807836067682255877"	55000	"intercept"	0.3133988
"0.25"	"0.0"	"0.05"	"0.01"	"0.005"	"0.01"	"100000"	"10000"	"200"	"3807836067682255877"	60000	"slope"	-0.27718794
"0.25"	"0.0"	"0.05"	"0.01"	"0.005"	"0.01"	"100000"	"10000"	"200"	"3807836067682255877"	60000	"intercept"	0.33160299
"0.25"	"0.0"	"0.05"	"0.01"	"0.005"	"0.01"	"100000"	"10000"	"200"	"3807836067682255877"	65000	"slope"	-0.25320546
"0.25"	"0.0"	"0.05"	"0.01"	"0.005"	"0.01"	"100000"	"10000"	"200"	"3807836067682255877"	65000	"intercept"	0.31791678
"0.25"	"0.0"	"0.05"	"0.01"	"0.005"	"0.01"	"100000"	"10000"	"200"	"3807836067682255877"	70000	"slope"	-0.25721072
"0.25"	"0.0"	"0.05"	"0.01"	"0.005"	"0.01"	"100000"	"10000"	"200"	"3807836067682255877"	70000	"intercept"	0.317022025
"0.25"	"0.0"	"0.05"	"0.01"	"0.005"	"0.01"	"100000"	"10000"	"200"	"3807836067682255877"	75000	"slope"	-0.25774182
"0.25"	"0.0"	"0.05"	"0.01"	"0.005"	"0.01"	"100000"	"10000"	"200"	"3807836067682255877"	75000	"intercept"	0.32356627
"0.25"	"0.0"	"0.05"	"0.01"	"0.005"	"0.01"	"100000"	"10000"	"200"	"3807836067682255877"	80000	"slope"	-0.22857735
"0.25"	"0.0"	"0.05"	"0.01"	"0.005"	"0.01"	"100000"	"10000"	"200"	"3807836067682255877"	80000	"intercept"	0.29907549
"0.25"	"0.0"	"0.05"	"0.01"	"0.005"	"0.01"	"100000"	"10000"	"200"	"3807836067682255877"	85000	"slope"	-0.26054578
"0.25"	"0.0"	"0.05"	"0.01"	"0.005"	"0.01"	"100000"	"10000"	"200"	"3807836067682255877"	85000	"intercept"	0.31905715
"0.25"	"0.0"	"0.05"	"0.01"	"0.005"	"0.01"	"100000"	"10000"	"200"	"3807836067682255877"	90000	"slope"	-0.25719051
"0.25"	"0.0"	"0.05"	"0.01"	"0.005"	"0.01"	"100000"	"10000"	"200"	"3807836067682255877"	90000	"intercept"	0.31833805
"0.25"	"0.0"	"0.05"	"0.01"	"0.005"	"0.01"	"100000"	"10000"	"200"	"3807836067682255877"	95000	"slope"	-0.245768655
"0.25"	"0.0"	"0.05"	"0.01"	"0.005"	"0.01"	"100000"	"10000"	"200"	"3807836067682255877"	95000	"intercept"	0.31796149
"0.25"	"0.0"	"0.05"	"0.01"	"0.005"	"0.01"	"100000"	"10000"	"200"	"3807836067682255877"	100000	"slope"	-0.26149873
"0.25"	"0.0"	"0.05"	"0.01"	"0.005"	"0.01"	"100000"	"10000"	"200"	"3807836067682255877"	100000	"intercept"	0.323349145
"0.25"	"0.0"	"0.05"	"0.01"	"0.005"	"0.01"	"100000"	"10000"	"200"	"4097181937114863531"	10	"slope"	-4.7272195e-05
"0.25"	"0.0"	"0.05"	"0.01"	"0.005"	"0.01"	"100000"	"10000"	"200"	"4097181937114863531"	10	"intercept"	0.500091745
"0.25"	"0.0"	"0.05"	"0.01"	"0.005"	"0.01"	"100000"	"10000"	"200"	"4097181937114863531"	5000	"slope"	-0.195572447
"0.25"	"0.0"	"0.05"	"0.01"	"0.005"	"0.01"	"100000"	"10000"	"200"	"4097181937114863531"	5000	"intercept"	0.27696882
"0.25"	"0.0"	"0.05"	"0.01"	"0.005"	"0.01"	"100000"	"10000"	"200"	"4097181937114863531"	10000	"slope"	-0.244647235
"0.25"	"0.0"	"0.05"	"0.01"	"0.005"	"0.01"	"100000"	"10000"	"200"	"4097181937114863531"	10000	"intercept"	0.30986419
"0.25"	"0.0"	"0.05"	"0.01"	"0.005"	"0.01"	"100000"	"10000"	"200"	"4097181937114863531"	15000	"slope"	-0.263983065
"0.25"	"0.0"	"0.05"	"0.01"	"0.005"	"0.01"	"100000"	"10000"	"200"	"4097181937114863531"	15000	"intercept"	0.326150315
"0.25"	"0.0"	"0.05"	"0.01"	"0.005"	"0.01"	"100000"	"10000"	"200"	"4097181937114863531"	20000	"slope"	-0.248591625
"0.25"	"0.0"	"0.05"	"0.01"	"0.005"	"0.01"	"100000"	"10000"	"200"	"4097181937114863531"	20000	"intercept"	0.314119885
"0.25"	"0.0"	"0.05"	"0.01"	"0.005"	"0.01"	"100000"	"10000"	"200"	"4097181937114863531"	25000	"slope"	-0.228918155
"0.25"	"0.0"	"0.05"	"0.01"	"0.005"	"0.01"	"100000"	"10000"	"200"	"4097181937114863531"	25000	"intercept"	0.299779875
"0.25"	"0.0"	"0.05"	"0.01"	"0.005"	"0.01"	"100000"	"10000"	"200"	"4097181937114863531"	30000	"slope"	-0.226418545
"0.25"	"0.0"	"0.05"	"0.01"	"0.005"	"0.01"	"100000"	"10000"	"200"	"4097181937114863531"	30000	"intercept"	0.30345651
"0.25"	"0.0"	"0.05"	"0.01"	"0.005"	"0.01"	"100000"	"10000"	"200"	"4097181937114863531"	35000	"slope"	-0.24637677
"0.25"	"0.0"	"0.05"	"0.01"	"0.005"	"0.01"	"100000"	"10000"	"200"	"4097181937114863531"	35000	"intercept"	0.31020704
"0.25"	"0.0"	"0.05"	"0.01"	"0.005"	"0.01"	"100000"	"10000"	"200"	"4097181937114863531"	40000	"slope"	-0.246139255
"0.25"	"0.0"	"0.05"	"0.01"	"0.005"	"0.01"	"100000"	"10000"	"200"	"4097181937114863531"	40000	"intercept"	0.31332783
"0.25"	"0.0"	"0.05"	"0.01"	"0.005"	"0.01"	"100000"	"10000"	"200"	"4097181937114863531"	45000	"slope"	-0.214901985
"0.25"	"0.0"	"0.05"	"0.01"	"0.005"	"0.01"	"100000"	"10000"	"200"	"4097181937114863531"	45000	"intercept"	0.286300395
"0.25"	"0.0"	"0.05"	"0.01"	"0.005"	"0.01"	"100000"	"10000"	"200"	"4097181937114863531"	50000	"slope"	-0.25769861
"0.25"	"0.0"	"0.05"	"0.01"	"0.005"	"0.01"	"100000"	"10000"	"200"	"4097181937114863531"	50000	"intercept"	0.323598595
"0.25"	"0.0"	"0.05"	"0.01"	"0.005"	"0.01"	"100000"	"10000"	"200"	"4097181937114863531"	55000	"slope"	-0.227206335
"0.25"	"0.0"	"0.05"	"0.01"	"0.005"	"0.01"	"100000"	"10000"	"200"	"4097181937114863531"	55000	"intercept"	0.30073155
"0.25"	"0.0"	"0.05"	"0.01"	"0.005"	"0.01"	"100000"	"10000"	"200"	"4097181937114863531"	60000	"slope"	-0.262636465
"0.25"	"0.0"	"0.05"	"0.01"	"0.005"	"0.01"	"100000"	"10000"	"200"	"4097181937114863531"	60000	"intercept"	0.32254195
"0.25"	"0.0"	"0.05"	"0.01"	"0.005"	"0.01"	"100000"	"10000"	"200"	"4097181937114863531"	65000	"slope"	-0.24394447
"0.25"	"0.0"	"0.05"	"0.01"	"0.005"	"0.01"	"100000"	"10000"	"200"	"4097181937114863531"	65000	"intercept"	0.302973595
"0.25"	"0.0"	"0.05"	"0.01"	"0.005"	"0.01"	"100000"	"10000"	"200"	"4097181937114863531"	70000	"slope"	-0.23183577
"0.25"	"0.0"	"0.05"	"0.01"	"0.005"	"0.01"	"100000"	"10000"	"200"	"4097181937114863531"	70000	"intercept"	0.30473034
"0.25"	"0.0"	"0.05"	"0.01"	"0.005"	"0.01"	"100000"	"10000"	"200"	"4097181937114863531"	75000	"slope"	-0.25869603
"0.25"	"0.0"	"0.05"	"0.01"	"0.005"	"0.01"	"100000"	"10000"	"200"	"4097181937114863531"	75000	"intercept"	0.323521315
"0.25"	"0.0"	"0.05"	"0.01"	"0.005"	"0.01"	"100000"	"10000"	"200"	"4097181937114863531"	80000	"slope"	-0.25794477
"0.25"	"0.0"	"0.05"	"0.01"	"0.005"	"0.01"	"100000"	"10000"	"200"	"4097181937114863531"	80000	"intercept"	0.315477985
"0.25"	"0.0"	"0.05"	"0.01"	"0.005"	"0.01"	"100000"	"10000"	"200"	"4097181937114863531"	85000	"slope"	-0.254115065
"0.25"	"0.0"	"0.05"	"0.01"	"0.005"	"0.01"	"100000"	"10000"	"200"	"4097181937114863531"	85000	"intercept"	0.3211064
"0.25"	"0.0"	"0.05"	"0.01"	"0.005"	"0.01"	"100000"	"10000"	"200"	"4097181937114863531"	90000	"slope"	-0.25829279
"0.25"	"0.0"	"0.05"	"0.01"	"0.005"	"0.01"	"100000"	"10000"	"200"	"4097181937114863531"	90000	"intercept"	0.325832225
"0.25"	"0.0"	"0.05"	"0.01"	"0.005"	"0.01"	"100000"	"10000"	"200"	"4097181937114863531"	95000	"slope"	-0.23357695
"0.25"	"0.0"	"0.05"	"0.01"	"0.005"	"0.01"	"100000"	"10000"	"200"	"4097181937114863531"	95000	"intercept"	0.309852235
"0.25"	"0.0"	"0.05"	"0.01"	"0.005"	"0.01"	"100000"	"10000"	"200"	"4097181937114863531"	100000	"slope"	-0.238007095
"0.25"	"0.0"	"0.05"	"0.01"	"0.005"	"0.01"	"100000"	"10000"	"200"	"4097181937114863531"	100000	"intercept"	0.30867128
"0.25"	"0.4"	"0.05"	"0.01"	"0.005"	"0.01"	"100000"	"10000"	"200"	"3020916688427127691"	10	"slope"	-8.33242500000001e-06
"0.25"	"0.4"	"0.05"	"0.01"	"0.005"	"0.01"	"100000"	"10000"	"200"	"3020916688427127691"	10	"intercept"	0.49995455
"0.25"	"0.4"	"0.05"	"0.01"	"0.005"	"0.01"	"100000"	"10000"	"200"	"3020916688427127691"	5000	"slope"	-0.166348806
"0.25"	"0.4"	"0.05"	"0.01"	"0.005"	"0.01"	"100000"	"10000"	"200"	"3020916688427127691"	5000	"intercept"	0.24732596
"0.25"	"0.4"	"0.05"	"0.01"	"0.005"	"0.01"	"100000"	"10000"	"200"	"3020916688427127691"	10000	"slope"	-0.22767776
"0.25"	"0.4"	"0.05"	"0.01"	"0.005"	"0.01"	"100000"	"10000"	"200"	"3020916688427127691"	10000	"intercept"	0.28784761
"0.25"	"0.4"	"0.05"	"0.01"	"0.005"	"0.01"	"100000"	"10000"	"200"	"3020916688427127691"	15000	"slope"	-0.24304269
"0.25"	"0.4"	"0.05"	"0.01"	"0.005"	"0.01"	"100000"	"10000"	"200"	"3020916688427127691"	15000	"intercept"	0.29786273
"0.25"	"0.4"	"0.05"	"0.01"	"0.005"	"0.01"	"100000"	"10000"	"200"	"3020916688427127691"	20000	"slope"	-0.261490805
"0.25"	"0.4"	"0.05"	"0.01"	"0.005"	"0.01"	"100000"	"10000"	"200"	"3020916688427127691"	20000	"intercept"	0.30899903
"0.25"	"0.4"	"0.05"	"0.01"	"0.005"	"0.01"	"100000"	"10000"	"200"	"3020916688427127691"	25000	"slope"	-0.255418145
"0.25"	"0.4"	"0.05"	"0.01"	"0.005"	"0.01"	"100000"	"10000"	"200"	"3020916688427127691"	25000	"intercept"	0.30801386
"0.25"	"0.4"	"0.05"	"0.01"	"0.005"	"0.01"	"100000"	"10000"	"200"	"3020916688427127691"	30000	"slope"	-0.257007905
"0.25"	"0.4"	"0.05"	"0.01"	"0.005"	"0.01"	"100000"	"10000"	"200"	"3020916688427127691"	30000	"intercept"	0.30914077
"0.25"	"0.4"	"0.05"	"0.01"	"0.005"	"0.01"	"100000"	"10000"	"200"	"3020916688427127691"	35000	"slope"	-0.265497115
"0.25"	"0.4"	"0.05"	"0.01"	"0.005"	"0.01"	"100000"	"10000"	"200"	"3020916688427127691"	35000	"intercept"	0.316031635
"0.25"	"0.4"	"0.05"	"0.01"	"0.005"	"0.01"	"100000"	"10000"	"200"	"3020916688427127691"	40000	"slope"	-0.2510274
"0.25"	"0.4"	"0.05"	"0.01"	"0.005"	"0.01"	"100000"	"10000"	"200"	"3020916688427127691"	40000	"intercept"	0.30389645
"0.25"	"0.4"	"0.05"	"0.01"	"0.005"	"0.01"	"100000"	"10000"	"200"	"3020916688427127691"	45000	"slope"	-0.22053189
"0.25"	"0.4"	"0.05"	"0.01"	"0.005"	"0.01"	"100000"	"10000"	"200"	"3020916688427127691"	45000	"intercept"	0.28161989
"0.25"	"0.4"	"0.05"	"0.01"	"0.005"	"0.01"	"100000"	"10000"	"200"	"3020916688427127691"	50000	"slope"	-0.249676845
"0.25"	"0.4"	"0.05"	"0.01"	"0.005"	"0.01"	"100000"	"10000"	"200"	"3020916688427127691"	50000	"intercept"	0.307368675
"0.25"	"0.4"	"0.05"	"0.01"	"0.005"	"0.01"	"100000"	"10000"	"200"	"3020916688427127691"	55000	"slope"	-0.225747835
"0.25"	"0.4"	"0.05"	"0.01"	"0.005"	"0.01"	"100000"	"10000"	"200"	"3020916688427127691"	55000	"intercept"	0.284352745
"0.25"	"0.4"	"0.05"	"0.01"	"0.005"	"0.01"	"100000"	"10000"	"200"	"3020916688427127691"	60000	"slope"	-0.23218463
"0.25"	"0.4"	"0.05"	"0.01"	"0.005"	"0.01"	"100000"	"10000"	"200"	"3020916688427127691"	60000	"intercept"	0.291789085
"0.25"	"0.4"	"0.05"	"0.01"	"0.005"	"0.01"	"100000"	"10000"	"200"	"3020916688427127691"	65000	"slope"	-0.226553995
"0.25"	"0.4"	"0.05"	"0.01"	"0.005"	"0.01"	"100000"	"10000"	"200"	"3020916688427127691"	65000	"intercept"	0.284915025
"0.25"	"0.4"	"0.05"	"0.01"	"0.005"	"0.01"	"100000"	"10000"	"200"	"3020916688427127691"	70000	"slope"	-0.252915655
"0.25"	"0.4"	"0.05"	"0.01"	"0.005"	"0.01"	"100000"	"10000"	"200"	"3020916688427127691"	70000	"intercept"	0.304989595
"0.25"	"0.4"	"0.05"	"0.01"	"0.005"	"0.01"	"100000"	"10000"	"200"	"3020916688427127691"	75000	"slope"	-0.24723138
"0.25"	"0.4"	"0.05"	"0.01"	"0.005"	"0.01"	"100000"	"10000"	"200"	"3020916688427127691"	75000	"intercept"	0.301559535
"0.25"	"0.4"	"0.05"	"0.01"	"0.005"	"0.01"	"100000"	"10000"	"200"	"3020916688427127691"	80000	"slope"	-0.24630159
"0.25"	"0.4"	"0.05"	"0.01"	"0.005"	"0.01"	"100000"	"10000"	"200"	"3020916688427127691"	80000	"intercept"	0.2992519
"0.25"	"0.4"	"0.05"	"0.01"	"0.005"	"0.01"	"100000"	"10000"	"200"	"3020916688427127691"	85000	"slope"	-0.258949665
"0.25"	"0.4"	"0.05"	"0.01"	"0.005"	"0.01"	"100000"	"10000"	"200"	"3020916688427127691"	85000	"intercept"	0.307903535
"0.25"	"0.4"	"0.05"	"0.01"	"0.005"	"0.01"	"100000"	"10000"	"200"	"3020916688427127691"	90000	"slope"	-0.261030785
"0.25"	"0.4"	"0.05"	"0.01"	"0.005"	"0.01"	"100000"	"10000"	"200"	"3020916688427127691"	90000	"intercept"	0.309794155
"0.25"	"0.4"	"0.05"	"0.01"	"0.005"	"0.01"	"100000"	"10000"	"200"	"3020916688427127691"	95000	"slope"	-0.267308585
"0.25"	"0.4"	"0.05"	"0.01"	"0.005"	"0.01"	"100000"	"10000"	"200"	"3020916688427127691"	95000	"intercept"	0.318981935
"0.25"	"0.4"	"0.05"	"0.01"	"0.005"	"0.01"	"100000"	"10000"	"200"	"3020916688427127691"	100000	"slope"	-0.25491147
"0.25"	"0.4"	"0.05"	"0.01"	"0.005"	"0.01"	"100000"	"10000"	"200"	"3020916688427127691"	100000	"intercept"	0.30484344
"0.25"	"0.4"	"0.05"	"0.01"	"0.005"	"0.01"	"100000"	"10000"	"200"	"3268572334582290394"	10	"slope"	-7.0044705e-05
"0.25"	"0.4"	"0.05"	"0.01"	"0.005"	"0.01"	"100000"	"10000"	"200"	"3268572334582290394"	10	"intercept"	0.500106295
"0.25"	"0.4"	"0.05"	"0.01"	"0.005"	"0.01"	"100000"	"10000"	"200"	"3268572334582290394"	5000	"slope"	-0.1415055435
"0.25"	"0.4"	"0.05"	"0.01"	"0.005"	"0.01"	"100000"	"10000"	"200"	"3268572334582290394"	5000	"intercept"	0.23003052
"0.25"	"0.4"	"0.05"	"0.01"	"0.005"	"0.01"	"100000"	"10000"	"200"	"3268572334582290394"	10000	"slope"	-0.183140835
"0.25"	"0.4"	"0.05"	"0.01"	"0.005"	"0.01"	"100000"	"10000"	"200"	"3268572334582290394"	10000	"intercept"	0.255713795
"0.25"	"0.4"	"0.05"	"0.01"	"0.005"	"0.01"	"100000"	"10000"	"200"	"3268572334582290394"	15000	"slope"	-0.236311735
"0.25"	"0.4"	"0.05"	"0.01"	"0.005"	"0.01"	"100000"	"10000"	"200"	"3268572334582290394"	15000	"intercept"	0.29436306
"0.25"	"0.4"	"0.05"	"0.01"	"0.005"	"0.01"	"100000"	"10000"	"200"	"3268572334582290394"	20000	"slope"	-0.23933262
"0.25"	"0.4"	"0.05"	"0.01"	"0.005"	"0.01"	"100000"	"10000"	"200"	"3268572334582290394"	20000	"intercept"	0.296285985
"0.25"	"0.4"	"0.05"	"0.01"	"0.005"	"0.01"	"100000"	"10000"	"200"	"3268572334582290394"	25000	"slope"	-0.24377218
"0.25"	"0.4"	"0.05"	"0.01"	"0.005"	"0.01"	"100000"	"10000"	"200"	"3268572334582290394"	25000	"intercept"	0.29563216
"0.25"	"0.4"	"0.05"	"0.01"	"0.005"	"0.01"	"100000"	"10000"	"200"	"3268572334582290394"	30000	"slope"	-0.24070561
"0.25"	"0.4"	"0.05"	"0.01"	"0.005"	"0.01"	"100000"	"10000"	"200"	"3268572334582290394"	30000	"intercept"	0.296566345
"0.25"	"0.4"	"0.05"	"0.01"	"0.005"	"0.01"	"100000"	"10000"	"200"	"3268572334582290394"	35000	"slope"	-0.22607608
"0.25"	"0.4"	"0.05"	"0.01"	"0.005"	"0.01"	"100000"	"10000"	"200"	"3268572334582290394"	35000	"intercept"	0.281867495
"0.25"	"0.4"	"0.05"	"0.01"	"0.005"	"0.01"	"100000"	"10000"	"200"	"3268572334582290394"	40000	"slope"	-0.225735855
"0.25"	"0.4"	"0.05"	"0.01"	"0.005"	"0.01"	"100000"	"10000"	"200"	"3268572334582290394"	40000	"intercept"	0.28383931
"0.25"	"0.4"	"0.05"	"0.01"	"0.005"	"0.01"	"100000"	"10000"	"200"	"3268572334582290394"	45000	"slope"	-0.2435626
"0.25"	"0.4"	"0.05"	"0.01"	"0.005"	"0.01"	"100000"	"10000"	"200"	"3268572334582290394"	45000	"intercept"	0.303101045
"0.25"	"0.4"	"0.05"	"0.01"	"0.005"	"0.01"	"100000"	"10000"	"200"	"3268572334582290394"	50000	"slope"	-0.25875228
"0.25"	"0.4"	"0.05"	"0.01"	"0.005"	"0.01"	"100000"	"10000"	"200"	"3268572334582290394"	50000	"intercept"	0.30752685
"0.25"	"0.4"	"0.05"	"0.01"	"0.005"	"0.01"	"100000"	"10000"	"200"	"3268572334582290394"	55000	"slope"	-0.247183745
"0.25"	"0.4"	"0.05"	"0.01"	"0.005"	"0.01"	"100000"	"10000"	"200"	"3268572334582290394"	55000	"intercept"	0.299655405
"0.25"	"0.4"	"0.05"	"0.01"	"0.005"	"0.01"	"100000"	"10000"	"200"	"3268572334582290394"	60000	"slope"	-0.25083298
"0.25"	"0.4"	"0.05"	"0.01"	"0.005"	"0.01"	"100000"	"10000"	"200"	"3268572334582290394"	60000	"intercept"	0.29736666
"0.25"	"0.4"	"0.05"	"0.01"	"0.005"	"0.01"	"100000"	"10000"	"200"	"3268572334582290394"	65000	"slope"	-0.24969999
"0.25"	"0.4"	"0.05"	"0.01"	"0.005"	"0.01"	"100000"	"10000"	"200"	"3268572334582290394"	65000	"intercept"	0.29951831
"0.25"	"0.4"	"0.05"	"0.01"	"0.005"	"0.01"	"100000"	"10000"	"200"	"3268572334582290394"	70000	"slope"	-0.26160707
"0.25"	"0.4"	"0.05"	"0.01"	"0.005"	"0.01"	"100000"	"10000"	"200"	"3268572334582290394"	70000	"intercept"	0.309469365
"0.25"	"0.4"	"0.05"	"0.01"	"0.005"	"0.01"	"100000"	"10000"	"200"	"3268572334582290394"	75000	"slope"	-0.24189631
"0.25"	"0.4"	"0.05"	"0.01"	"0.005"	"0.01"	"100000"	"10000"	"200"	"3268572334582290394"	75000	"intercept"	0.296657505
"0.25"	"0.4"	"0.05"	"0.01"	"0.005"	"0.01"	"100000"	"10000"	"200"	"3268572334582290394"	80000	"slope"	-0.23083856
"0.25"	"0.4"	"0.05"	"0.01"	"0.005"	"0.01"	"100000"	"10000"	"200"	"3268572334582290394"	80000	"intercept"	0.2872693
"0.25"	"0.4"	"0.05"	"0.01"	"0.005"	"0.01"	"100000"	"10000"	"200"	"3268572334582290394"	85000	"slope"	-0.264687615
"0.25"	"0.4"	"0.05"	"0.01"	"0.005"	"0.01"	"100000"	"10000"	"200"	"3268572334582290394"	85000	"intercept"	0.316007195
"0.25"	"0.4"	"0.05"	"0.01"	"0.005"	"0.01"	"100000"	"10000"	"200"	"3268572334582290394"	90000	"slope"	-0.219050925
"0.25"	"0.4"	"0.05"	"0.01"	"0.005"	"0.01"	"100000"	"10000"	"200"	"3268572334582290394"	90000	"intercept"	0.277454345
"0.25"	"0.4"	"0.05"	"0.01"	"0.005"	"0.01"	"100000"	"10000"	"200"	"3268572334582290394"	95000	"slope"	-0.24005204
"0.25"	"0.4"	"0.05"	"0.01"	"0.005"	"0.01"	"100000"	"10000"	"200"	"3268572334582290394"	95000	"intercept"	0.29770466
"0.25"	"0.4"	"0.05"	"0.01"	"0.005"	"0.01"	"100000"	"10000"	"200"	"3268572334582290394"	100000	"slope"	-0.242869645
"0.25"	"0.4"	"0.05"	"0.01"	"0.005"	"0.01"	"100000"	"10000"	"200"	"3268572334582290394"	100000	"intercept"	0.29713322
"0.25"	"0.4"	"0.05"	"0.01"	"0.005"	"0.01"	"100000"	"10000"	"200"	"6707660968945709482"	10	"slope"	3.1679125e-05
"0.25"	"0.4"	"0.05"	"0.01"	"0.005"	"0.01"	"100000"	"10000"	"200"	"6707660968945709482"	10	"intercept"	0.500000085
"0.25"	"0.4"	"0.05"	"0.01"	"0.005"	"0.01"	"100000"	"10000"	"200"	"6707660968945709482"	5000	"slope"	-0.1729125085
"0.25"	"0.4"	"0.05"	"0.01"	"0.005"	"0.01"	"100000"	"10000"	"200"	"6707660968945709482"	5000	"intercept"	0.2449901
"0.25"	"0.4"	"0.05"	"0.01"	"0.005"	"0.01"	"100000"	"10000"	"200"	"6707660968945709482"	10000	"slope"	-0.238067615
"0.25"	"0.4"	"0.05"	"0.01"	"0.005"	"0.01"	"100000"	"10000"	"200"	"6707660968945709482"	10000	"intercept"	0.29306437
"0.25"	"0.4"	"0.05"	"0.01"	"0.005"	"0.01"	"100000"	"10000"	"200"	"6707660968945709482"	15000	"slope"	-0.24767335
"0.25"	"0.4"	"0.05"	"0.01"	"0.005"	"0.01"	"100000"	"10000"	"200"	"6707660968945709482"	15000	"intercept"	0.29649093
"0.25"	"0.4"	"0.05"	"0.01"	"0.005"	"0.01"	"100000"	"10000"	"200"	"6707660968945709482"	20000	"slope"	-0.258356515
"0.25"	"0.4"	"0.05"	"0.01"	"0.005"	"0.01"	"100000"	"10000"	"200"	"6707660968945709482"	20000	"intercept"	0.30564713
"0.25"	"0.4"	"0.05"	"0.01"	"0.005"	"0.01"	"100000"	"10000"	"200"	"6707660968945709482"	25000	"slope"	-0.24587076
"0.25"	"0.4"	"0.05"	"0.01"	"0.005"	"0.01"	"100000"	"10000"	"200"	"6707660968945709482"	25000	"intercept"	0.29760264
"0.25"	"0.4"	"0.05"	"0.01"	"0.005"	"0.01"	"100000"	"10000"	"200"	"6707660968945709482"	30000	"slope"	-0.239743695
"0.25"	"0.4"	"0.05"	"0.01"	"0.005"	"0.01"	"100000"	"10000"	"200"	"6707660968945709482"	30000	"intercept"	0.2955641
"0.25"	"0.4"	"0.05"	"0.01"	"0.005"	"0.01"	"100000"	"10000"	"200"	"6707660968945709482"	35000	"slope"	-0.234888405
"0.25"	"0.4"	"0.05"	"0.01"	"0.005"	"0.01"	"100000"	"10000"	"200"	"6707660968945709482"	35000	"intercept"	0.29028685
"0.25"	"0.4"	"0.05"	"0.01"	"0.005"	"0.01"	"100000"	"10000"	"200"	"6707660968945709482"	40000	"slope"	-0.24999324
"0.25"	"0.4"	"0.05"	"0.01"	"0.005"	"0.01"	"100000"	"10000"	"200"	"6707660968945709482"	40000	"intercept"	0.30411023
"0.25"	"0.4"	"0.05"	"0.01"	"0.005"	"0.01"	"100000"	"10000"	"200"	"6707660968945709482"	45000	"slope"	-0.263406625
"0.25"	"0.4"	"0.05"	"0.01"	"0.005"	"0.01"	"100000"	"10000"	"200"	"6707660968945709482"	45000	"intercept"	0.305161635
"0.25"	"0.4"	"0.05"	"0.01"	"0.005"	"0.01"	"100000"	"10000"	"200"	"6707660968945709482"	50000	"slope"	-0.234987425
"0.25"	"0.4"	"0.05"	"0.01"	"0.005"	"0.01"	"100000"	"10000"	"200"	"6707660968945709482"	50000	"intercept"	0.288477265
"0.25"	"0.4"	"0.05"	"0.01"	"0.005"	"0.01"	"100000"	"10000"	"200"	"6707660968945709482"	55000	"slope"	-0.237183535
"0.25"	"0.4"	"0.05"	"0.01"	"0.005"	"0.01"	"100000"	"10000"	"200"	"6707660968945709482"	55000	"intercept"	0.294720865
"0.25"	"0.4"	"0.05"	"0.01"	"0.005"	"0.01"	"100000"	"10000"	"200"	"6707660968945709482"	60000	"slope"	-0.240032375
"0.25"	"0.4"	"0.05"	"0.01"	"0.005"	"0.01"	"100000"	"10000"	"200"	"6707660968945709482"	60000	"intercept"	0.2943687
"0.25"	"0.4"	"0.05"	"0.01"	"0.005"	"0.01"	"100000"	"10000"	"200"	"6707660968945709482"	65000	"slope"	-0.21661925
"0.25"	"0.4"	"0.05"	"0.01"	"0.005"	"0.01"	"100000"	"10000"	"200"	"6707660968945709482"	65000	"intercept"	0.28314815
"0.25"	"0.4"	"0.05"	"0.01"	"0.005"	"0.01"	"100000"	"10000"	"200"	"6707660968945709482"	70000	"slope"	-0.2150819595
"0.25"	"0.4"	"0.05"	"0.01"	"0.005"	"0.01"	"100000"	"10000"	"200"	"6707660968945709482"	70000	"intercept"	0.278894135
"0.25"	"0.4"	"0.05"	"0.01"	"0.005"	"0.01"	"100000"	"10000"	"200"	"6707660968945709482"	75000	"slope"	-0.24459047
"0.25"	"0.4"	"0.05"	"0.01"	"0.005"	"0.01"	"100000"	"10000"	"200"	"6707660968945709482"	75000	"intercept"	0.299968335
"0.25"	"0.4"	"0.05"	"0.01"	"0.005"	"0.01"	"100000"	"10000"	"200"	"6707660968945709482"	80000	"slope"	-0.25058229
"0.25"	"0.4"	"0.05"	"0.01"	"0.005"	"0.01"	"100000"	"10000"	"200"	"6707660968945709482"	80000	"intercept"	0.3067886
"0.25"	"0.4"	"0.05"	"0.01"	"0.005"	"0.01"	"100000"	"10000"	"200"	"6707660968945709482"	85000	"slope"	-0.242083365
"0.25"	"0.4"	"0.05"	"0.01"	"0.005"	"0.01"	"100000"	"10000"	"200"	"6707660968945709482"	85000	"intercept"	0.30210263
"0.25"	"0.4"	"0.05"	"0.01"	"0.005"	"0.01"	"100000"	"10000"	"200"	"6707660968945709482"	90000	"slope"	-0.245779335
"0.25"	"0.4"	"0.05"	"0.01"	"0.005"	"0.01"	"100000"	"10000"	"200"	"6707660968945709482"	90000	"intercept"	0.29855233
"0.25"	"0.4"	"0.05"	"0.01"	"0.005"	"0.01"	"100000"	"10000"	"200"	"6707660968945709482"	95000	"slope"	-0.245448005
"0.25"	"0.4"	"0.05"	"0.01"	"0.005"	"0.01"	"100000"	"10000"	"200"	"6707660968945709482"	95000	"intercept"	0.293088195
"0.25"	"0.4"	"0.05"	"0.01"	"0.005"	"0.01"	"100000"	"10000"	"200"	"6707660968945709482"	100000	"slope"	-0.247792405
"0.25"	"0.4"	"0.05"	"0.01"	"0.005"	"0.01"	"100000"	"10000"	"200"	"6707660968945709482"	100000	"intercept"	0.295321015
"0.25"	"0.6"	"0.05"	"0.01"	"0.005"	"0.01"	"100000"	"10000"	"200"	"4064501483856706307"	10	"slope"	-0.000201553075
"0.25"	"0.6"	"0.05"	"0.01"	"0.005"	"0.01"	"100000"	"10000"	"200"	"4064501483856706307"	10	"intercept"	0.50005287
"0.25"	"0.6"	"0.05"	"0.01"	"0.005"	"0.01"	"100000"	"10000"	"200"	"4064501483856706307"	5000	"slope"	-0.21574256
"0.25"	"0.6"	"0.05"	"0.01"	"0.005"	"0.01"	"100000"	"10000"	"200"	"4064501483856706307"	5000	"intercept"	0.266680885
"0.25"	"0.6"	"0.05"	"0.01"	"0.005"	"0.01"	"100000"	"10000"	"200"	"4064501483856706307"	10000	"slope"	-0.23125478
"0.25"	"0.6"	"0.05"	"0.01"	"0.005"	"0.01"	"100000"	"10000"	"200"	"4064501483856706307"	10000	"intercept"	0.280573275
"0.25"	"0.6"	"0.05"	"0.01"	"0.005"	"0.01"	"100000"	"10000"	"200"	"4064501483856706307"	15000	"slope"	-0.243614095
"0.25"	"0.6"	"0.05"	"0.01"	"0.005"	"0.01"	"100000"	"10000"	"200"	"4064501483856706307"	15000	"intercept"	0.293953555
"0.25"	"0.6"	"0.05"	"0.01"	"0.005"	"0.01"	"100000"	"10000"	"200"	"4064501483856706307"	20000	"slope"	-0.22961442
"0.25"	"0.6"	"0.05"	"0.01"	"0.005"	"0.01"	"100000"	"10000"	"200"	"4064501483856706307"	20000	"intercept"	0.28144931
"0.25"	"0.6"	"0.05"	"0.01"	"0.005"	"0.01"	"100000"	"10000"	"200"	"4064501483856706307"	25000	"slope"	-0.217858045
"0.25"	"0.6"	"0.05"	"0.01"	"0.005"	"0.01"	"100000"	"10000"	"200"	"4064501483856706307"	25000	"intercept"	0.27177998
"0.25"	"0.6"	"0.05"	"0.01"	"0.005"	"0.01"	"100000"	"10000"	"200"	"4064501483856706307"	30000	"slope"	-0.239489065
"0.25"	"0.6"	"0.05"	"0.01"	"0.005"	"0.01"	"100000"	"10000"	"200"	"4064501483856706307"	30000	"intercept"	0.28902455
"0.25"	"0.6"	"0.05"	"0.01"	"0.005"	"0.01"	"100000"	"10000"	"200"	"4064501483856706307"	35000	"slope"	-0.25597749
"0.25"	"0.6"	"0.05"	"0.01"	"0.005"	"0.01"	"100000"	"10000"	"200"	"4064501483856706307"	35000	"intercept"	0.300116405
"0.25"	"0.6"	"0.05"	"0.01"	"0.005"	"0.01"	"100000"	"10000"	"200"	"4064501483856706307"	40000	"slope"	-0.24907588
"0.25"	"0.6"	"0.05"	"0.01"	"0.005"	"0.01"	"100000"	"10000"	"200"	"4064501483856706307"	40000	"intercept"	0.296295735
"0.25"	"0.6"	"0.05"	"0.01"	"0.005"	"0.01"	"100000"	"10000"	"200"	"4064501483856706307"	45000	"slope"	-0.25175182
"0.25"	"0.6"	"0.05"	"0.01"	"0.005"	"0.01"	"100000"	"10000"	"200"	"4064501483856706307"	45000	"intercept"	0.299893525
"0.25"	"0.6"	"0.05"	"0.01"	"0.005"	"0.01"	"100000"	"10000"	"200"	"4064501483856706307"	50000	"slope"	-0.25605895
"0.25"	"0.6"	"0.05"	"0.01"	"0.005"	"0.01"	"100000"	"10000"	"200"	"4064501483856706307"	50000	"intercept"	0.305561965
"0.25"	"0.6"	"0.05"	"0.01"	"0.005"	"0.01"	"100000"	"10000"	"200"	"4064501483856706307"	55000	"slope"	-0.254807845
"0.25"	"0.6"	"0.05"	"0.01"	"0.005"	"0.01"	"100000"	"10000"	"200"	"4064501483856706307"	55000	"intercept"	0.3064472
"0.25"	"0.6"	"0.05"	"0.01"	"0.005"	"0.01"	"100000"	"10000"	"200"	"4064501483856706307"	60000	"slope"	-0.22779825
"0.25"	"0.6"	"0.05"	"0.01"	"0.005"	"0.01"	"100000"	"10000"	"200"	"4064501483856706307"	60000	"intercept"	0.27765976
"0.25"	"0.6"	"0.05"	"0.01"	"0.005"	"0.01"	"100000"	"10000"	"200"	"4064501483856706307"	65000	"slope"	-0.249243345
"0.25"	"0.6"	"0.05"	"0.01"	"0.005"	"0.01"	"100000"	"10000"	"200"	"4064501483856706307"	65000	"intercept"	0.294212735
"0.25"	"0.6"	"0.05"	"0.01"	"0.005"	"0.01"	"100000"	"10000"	"200"	"4064501483856706307"	70000	"slope"	-0.23588487
"0.25"	"0.6"	"0.05"	"0.01"	"0.005"	"0.01"	"100000"	"10000"	"200"	"4064501483856706307"	70000	"intercept"	0.28536021
"0.25"	"0.6"	"0.05"	"0.01"	"0.005"	"0.01"	"100000"	"10000"	"200"	"4064501483856706307"	75000	"slope"	-0.23273522
"0.25"	"0.6"	"0.05"	"0.01"	"0.005"	"0.01"	"100000"	"10000"	"200"	"4064501483856706307"	75000	"intercept"	0.28476657
"0.25"	"0.6"	"0.05"	"0.01"	"0.005"	"0.01"	"100000"	"10000"	"200"	"4064501483856706307"	80000	"slope"	-0.269984495
"0.25"	"0.6"	"0.05"	"0.01"	"0.005"	"0.01"	"100000"	"10000"	"200"	"4064501483856706307"	80000	"intercept"	0.314461505
"0.25"	"0.6"	"0.05"	"0.01"	"0.005"	"0.01"	"100000"	"10000"	"200"	"4064501483856706307"	85000	"slope"	-0.246846315
"0.25"	"0.6"	"0.05"	"0.01"	"0.005"	"0.01"	"100000"	"10000"	"200"	"4064501483856706307"	85000	"intercept"	0.2953427
"0.25"	"0.6"	"0.05"	"0.01"	"0.005"	"0.01"	"100000"	"10000"	"200"	"4064501483856706307"	90000	"slope"	-0.24590776
"0.25"	"0.6"	"0.05"	"0.01"	"0.005"	"0.01"	"100000"	"10000"	"200"	"4064501483856706307"	90000	"intercept"	0.293733345
"0.25"	"0.6"	"0.05"	"0.01"	"0.005"	"0.01"	"100000"	"10000"	"200"	"4064501483856706307"	95000	"slope"	-0.242073255
"0.25"	"0.6"	"0.05"	"0.01"	"0.005"	"0.01"	"100000"	"10000"	"200"	"4064501483856706307"	95000	"intercept"	0.292083175
"0.25"	"0.6"	"0.05"	"0.01"	"0.005"	"0.01"	"100000"	"10000"	"200"	"4064501483856706307"	100000	"slope"	-0.264815025
"0.25"	"0.6"	"0.05"	"0.01"	"0.005"	"0.01"	"100000"	"10000"	"200"	"4064501483856706307"	100000	"intercept"	0.303730505
"0.25"	"0.6"	"0.05"	"0.01"	"0.005"	"0.01"	"100000"	"10000"	"200"	"5571732038526447"	10	"slope"	7.126221e-05
"0.25"	"0.6"	"0.05"	"0.01"	"0.005"	"0.01"	"100000"	"10000"	"200"	"5571732038526447"	10	"intercept"	0.499869215
"0.25"	"0.6"	"0.05"	"0.01"	"0.005"	"0.01"	"100000"	"10000"	"200"	"5571732038526447"	5000	"slope"	-0.245904925
"0.25"	"0.6"	"0.05"	"0.01"	"0.005"	"0.01"	"100000"	"10000"	"200"	"5571732038526447"	5000	"intercept"	0.291629845
"0.25"	"0.6"	"0.05"	"0.01"	"0.005"	"0.01"	"100000"	"10000"	"200"	"5571732038526447"	10000	"slope"	-0.23386396
"0.25"	"0.6"	"0.05"	"0.01"	"0.005"	"0.01"	"100000"	"10000"	"200"	"5571732038526447"	10000	"intercept"	0.288400785
"0.25"	"0.6"	"0.05"	"0.01"	"0.005"	"0.01"	"100000"	"10000"	"200"	"5571732038526447"	15000	"slope"	-0.276793
"0.25"	"0.6"	"0.05"	"0.01"	"0.005"	"0.01"	"100000"	"10000"	"200"	"5571732038526447"	15000	"intercept"	0.317001305
"0.25"	"0.6"	"0.05"	"0.01"	"0.005"	"0.01"	"100000"	"10000"	"200"	"5571732038526447"	20000	"slope"	-0.252373885
"0.25"	"0.6"	"0.05"	"0.01"	"0.005"	"0.01"	"100000"	"10000"	"200"	"5571732038526447"	20000	"intercept"	0.295449875
"0.25"	"0.6"	"0.05"	"0.01"	"0.005"	"0.01"	"100000"	"10000"	"200"	"5571732038526447"	25000	"slope"	-0.245230565
"0.25"	"0.6"	"0.05"	"0.01"	"0.005"	"0.01"	"100000"	"10000"	"200"	"5571732038526447"	25000	"intercept"	0.29349667
"0.25"	"0.6"	"0.05"	"0.01"	"0.005"	"0.01"	"100000"	"10000"	"200"	"5571732038526447"	30000	"slope"	-0.24912898
"0.25"	"0.6"	"0.05"	"0.01"	"0.005"	"0.01"	"100000"	"10000"	"200"	"5571732038526447"	30000	"intercept"	0.29396379
"0.25"	"0.6"	"0.05"	"0.01"	"0.005"	"0.01"	"100000"	"10000"	"200"	"5571732038526447"	35000	"slope"	-0.234550545
"0.25"	"0.6"	"0.05"	"0.01"	"0.005"	"0.01"	"100000"	"10000"	"200"	"5571732038526447"	35000	"intercept"	0.282858515
"0.25"	"0.6"	"0.05"	"0.01"	"0.005"	"0.01"	"100000"	"10000"	"200"	"5571732038526447"	40000	"slope"	-0.237894175
"0.25"	"0.6"	"0.05"	"0.01"	"0.005"	"0.01"	"100000"	"10000"	"200"	"5571732038526447"	40000	"intercept"	0.289675155
"0.25"	"0.6"	"0.05"	"0.01"	"0.005"	"0.01"	"100000"	"10000"	"200"	"5571732038526447"	45000	"slope"	-0.221745155
"0.25"	"0.6"	"0.05"	"0.01"	"0.005"	"0.01"	"100000"	"10000"	"200"	"5571732038526447"	45000	"intercept"	0.27619513
"0.25"	"0.6"	"0.05"	"0.01"	"0.005"	"0.01"	"100000"	"10000"	"200"	"5571732038526447"	50000	"slope"	-0.224812915
"0.25"	"0.6"	"0.05"	"0.01"	"0.005"	"0.01"	"100000"	"10000"	"200"	"5571732038526447"	50000	"intercept"	0.28164416
"0.25"	"0.6"	"0.05"	"0.01"	"0.005"	"0.01"	"100000"	"10000"	"200"	"5571732038526447"	55000	"slope"	-0.26745554
"0.25"	"0.6"	"0.05"	"0.01"	"0.005"	"0.01"	"100000"	"10000"	"200"	"5571732038526447"	55000	"intercept"	0.31284051
"0.25"	"0.6"	"0.05"	"0.01"	"0.005"	"0.01"	"100000"	"10000"	"200"	"5571732038526447"	60000	"slope"	-0.244208985
"0.25"	"0.6"	"0.05"	"0.01"	"0.005"	"0.01"	"100000"	"10000"	"200"	"5571732038526447"	60000	"intercept"	0.289300315
"0.25"	"0.6"	"0.05"	"0.01"	"0.005"	"0.01"	"100000"	"10000"	"200"	"5571732038526447"	65000	"slope"	-0.253008865
"0.25"	"0.6"	"0.05"	"0.01"	"0.005"	"0.01"	"100000"	"10000"	"200"	"5571732038526447"	65000	"intercept"	0.30049864
"0.25"	"0.6"	"0.05"	"0.01"	"0.005"	"0.01"	"100000"	"10000"	"200"	"5571732038526447"	70000	"slope"	-0.26196399
"0.25"	"0.6"	"0.05"	"0.01"	"0.005"	"0.01"	"100000"	"10000"	"200"	"5571732038526447"	70000	"intercept"	0.30474138
"0.25"	"0.6"	"0.05"	"0.01"	"0.005"	"0.01"	"100000"	"10000"	"200"	"5571732038526447"	75000	"slope"	-0.26968519
"0.25"	"0.6"	"0.05"	"0.01"	"0.005"	"0.01"	"100000"	"10000"	"200"	"5571732038526447"	75000	"intercept"	0.31459944
"0.25"	"0.6"	"0.05"	"0.01"	"0.005"	"0.01"	"100000"	"10000"	"200"	"5571732038526447"	80000	"slope"	-0.226983865
"0.25"	"0.6"	"0.05"	"0.01"	"0.005"	"0.01"	"100000"	"10000"	"200"	"5571732038526447"	80000	"intercept"	0.279605445
"0.25"	"0.6"	"0.05"	"0.01"	"0.005"	"0.01"	"100000"	"10000"	"200"	"5571732038526447"	85000	"slope"	-0.24843087
"0.25"	"0.6"	"0.05"	"0.01"	"0.005"	"0.01"	"100000"	"10000"	"200"	"5571732038526447"	85000	"intercept"	0.29214582
"0.25"	"0.6"	"0.05"	"0.01"	"0.005"	"0.01"	"100000"	"10000"	"200"	"5571732038526447"	90000	"slope"	-0.2362788
"0.25"	"0.6"	"0.05"	"0.01"	"0.005"	"0.01"	"100000"	"10000"	"200"	"5571732038526447"	90000	"intercept"	0.285628205
"0.25"	"0.6"	"0.05"	"0.01"	"0.005"	"0.01"	"100000"	"10000"	"200"	"5571732038526447"	95000	"slope"	-0.23952501
"0.25"	"0.6"	"0.05"	"0.01"	"0.005"	"0.01"	"100000"	"10000"	"200"	"5571732038526447"	95000	"intercept"	0.289823685
"0.25"	"0.6"	"0.05"	"0.01"	"0.005"	"0.01"	"100000"	"10000"	"200"	"5571732038526447"	100000	"slope"	-0.23475725
"0.25"	"0.6"	"0.05"	"0.01"	"0.005"	"0.01"	"100000"	"10000"	"200"	"5571732038526447"	100000	"intercept"	0.283004745
"0.25"	"0.6"	"0.05"	"0.01"	"0.005"	"0.01"	"100000"	"10000"	"200"	"8974639531136931451"	10	"slope"	0.000233757045
"0.25"	"0.6"	"0.05"	"0.01"	"0.005"	"0.01"	"100000"	"10000"	"200"	"8974639531136931451"	10	"intercept"	0.49998664
"0.25"	"0.6"	"0.05"	"0.01"	"0.005"	"0.01"	"100000"	"10000"	"200"	"8974639531136931451"	5000	"slope"	-0.223008995
"0.25"	"0.6"	"0.05"	"0.01"	"0.005"	"0.01"	"100000"	"10000"	"200"	"8974639531136931451"	5000	"intercept"	0.27584083
"0.25"	"0.6"	"0.05"	"0.01"	"0.005"	"0.01"	"100000"	"10000"	"200"	"8974639531136931451"	10000	"slope"	-0.229272
"0.25"	"0.6"	"0.05"	"0.01"	"0.005"	"0.01"	"100000"	"10000"	"200"	"8974639531136931451"	10000	"intercept"	0.278326125
"0.25"	"0.6"	"0.05"	"0.01"	"0.005"	"0.01"	"100000"	"10000"	"200"	"8974639531136931451"	15000	"slope"	-0.23081248
"0.25"	"0.6"	"0.05"	"0.01"	"0.005"	"0.01"	"100000"	"10000"	"200"	"8974639531136931451"	15000	"intercept"	0.28182564
"0.25"	"0.6"	"0.05"	"0.01"	"0.005"	"0.01"	"100000"	"10000"	"200"	"8974639531136931451"	20000	"slope"	-0.231524355
"0.25"	"0.6"	"0.05"	"0.01"	"0.005"	"0.01"	"100000"	"10000"	"200"	"8974639531136931451"	20000	"intercept"	0.28534144
"0.25"	"0.6"	"0.05"	"0.01"	"0.005"	"0.01"	"100000"	"10000"	"200"	"8974639531136931451"	25000	"slope"	-0.25354537
"0.25"	"0.6"	"0.05"	"0.01"	"0.005"	"0.01"	"100000"	"10000"	"200"	"8974639531136931451"	25000	"intercept"	0.298946615
"0.25"	"0.6"	"0.05"	"0.01"	"0.005"	"0.01"	"100000"	"10000"	"200"	"8974639531136931451"	30000	"slope"	-0.25472005
"0.25"	"0.6"	"0.05"	"0.01"	"0.005"	"0.01"	"100000"	"10000"	"200"	"8974639531136931451"	30000	"intercept"	0.30788841
"0.25"	"0.6"	"0.05"	"0.01"	"0.005"	"0.01"	"100000"	"10000"	"200"	"8974639531136931451"	35000	"slope"	-0.2788825
"0.25"	"0.6"	"0.05"	"0.01"	"0.005"	"0.01"	"100000"	"10000"	"200"	"8974639531136931451"	35000	"intercept"	0.319743905
"0.25"	"0.6"	"0.05"	"0.01"	"0.005"	"0.01"	"100000"	"10000"	"200"	"8974639531136931451"	40000	"slope"	-0.266163425
"0.25"	"0.6"	"0.05"	"0.01"	"0.005"	"0.01"	"100000"	"10000"	"200"	"8974639531136931451"	40000	"intercept"	0.310840135
"0.25"	"0.6"	"0.05"	"0.01"	"0.005"	"0.01"	"100000"	"10000"	"200"	"8974639531136931451"	45000	"slope"	-0.23608222
"0.25"	"0.6"	"0.05"	"0.01"	"0.005"	"0.01"	"100000"	"10000"	"200"	"8974639531136931451"	45000	"intercept"	0.285609975
"0.25"	"0.6"	"0.05"	"0.01"	"0.005"	"0.01"	"100000"	"10000"	"200"	"8974639531136931451"	50000	"slope"	-0.238280705
"0.25"	"0.6"	"0.05"	"0.01"	"0.005"	"0.01"	"100000"	"10000"	"200"	"8974639531136931451"	50000	"intercept"	0.28856974
"0.25"	"0.6"	"0.05"	"0.01"	"0.005"	"0.01"	"100000"	"10000"	"200"	"8974639531136931451"	55000	"slope"	-0.24387262
"0.25"	"0.6"	"0.05"	"0.01"	"0.005"	"0.01"	"100000"	"10000"	"200"	"8974639531136931451"	55000	"intercept"	0.28973583
"0.25"	"0.6"	"0.05"	"0.01"	"0.005"	"0.01"	"100000"	"10000"	"200"	"8974639531136931451"	60000	"slope"	-0.2438359
"0.25"	"0.6"	"0.05"	"0.01"	"0.005"	"0.01"	"100000"	"10000"	"200"	"8974639531136931451"	60000	"intercept"	0.29166354
"0.25"	"0.6"	"0.05"	"0.01"	"0.005"	"0.01"	"100000"	"10000"	"200"	"8974639531136931451"	65000	"slope"	-0.24112223
"0.25"	"0.6"	"0.05"	"0.01"	"0.005"	"0.01"	"100000"	"10000"	"200"	"8974639531136931451"	65000	"intercept"	0.28376084
"0.25"	"0.6"	"0.05"	"0.01"	"0.005"	"0.01"	"100000"	"10000"	"200"	"8974639531136931451"	70000	"slope"	-0.256074665
"0.25"	"0.6"	"0.05"	"0.01"	"0.005"	"0.01"	"100000"	"10000"	"200"	"8974639531136931451"	70000	"intercept"	0.30164775
"0.25"	"0.6"	"0.05"	"0.01"	"0.005"	"0.01"	"100000"	"10000"	"200"	"8974639531136931451"	75000	"slope"	-0.253644195
"0.25"	"0.6"	"0.05"	"0.01"	"0.005"	"0.01"	"100000"	"10000"	"200"	"8974639531136931451"	75000	"intercept"	0.29920629
"0.25"	"0.6"	"0.05"	"0.01"	"0.005"	"0.01"	"100000"	"10000"	"200"	"8974639531136931451"	80000	"slope"	-0.21782308
"0.25"	"0.6"	"0.05"	"0.01"	"0.005"	"0.01"	"100000"	"10000"	"200"	"8974639531136931451"	80000	"intercept"	0.26962356
"0.25"	"0.6"	"0.05"	"0.01"	"0.005"	"0.01"	"100000"	"10000"	"200"	"8974639531136931451"	85000	"slope"	-0.2201155
"0.25"	"0.6"	"0.05"	"0.01"	"0.005"	"0.01"	"100000"	"10000"	"200"	"8974639531136931451"	85000	"intercept"	0.27395293
"0.25"	"0.6"	"0.05"	"0.01"	"0.005"	"0.01"	"100000"	"10000"	"200"	"8974639531136931451"	90000	"slope"	-0.24212965
"0.25"	"0.6"	"0.05"	"0.01"	"0.005"	"0.01"	"100000"	"10000"	"200"	"8974639531136931451"	90000	"intercept"	0.29058836
"0.25"	"0.6"	"0.05"	"0.01"	"0.005"	"0.01"	"100000"	"10000"	"200"	"8974639531136931451"	95000	"slope"	-0.256188555
"0.25"	"0.6"	"0.05"	"0.01"	"0.005"	"0.01"	"100000"	"10000"	"200"	"8974639531136931451"	95000	"intercept"	0.30909301
"0.25"	"0.6"	"0.05"	"0.01"	"0.005"	"0.01"	"100000"	"10000"	"200"	"8974639531136931451"	100000	"slope"	-0.249526685
"0.25"	"0.6"	"0.05"	"0.01"	"0.005"	"0.01"	"100000"	"10000"	"200"	"8974639531136931451"	100000	"intercept"	0.29832063
"0.25"	"0.8"	"0.05"	"0.01"	"0.005"	"0.01"	"100000"	"10000"	"200"	"2486546257486899136"	10	"slope"	2.3550315e-05
"0.25"	"0.8"	"0.05"	"0.01"	"0.005"	"0.01"	"100000"	"10000"	"200"	"2486546257486899136"	10	"intercept"	0.50002927
"0.25"	"0.8"	"0.05"	"0.01"	"0.005"	"0.01"	"100000"	"10000"	"200"	"2486546257486899136"	5000	"slope"	-0.17118589
"0.25"	"0.8"	"0.05"	"0.01"	"0.005"	"0.01"	"100000"	"10000"	"200"	"2486546257486899136"	5000	"intercept"	0.23509347
"0.25"	"0.8"	"0.05"	"0.01"	"0.005"	"0.01"	"100000"	"10000"	"200"	"2486546257486899136"	10000	"slope"	-0.2171985
"0.25"	"0.8"	"0.05"	"0.01"	"0.005"	"0.01"	"100000"	"10000"	"200"	"2486546257486899136"	10000	"intercept"	0.268629145
"0.25"	"0.8"	"0.05"	"0.01"	"0.005"	"0.01"	"100000"	"10000"	"200"	"2486546257486899136"	15000	"slope"	-0.249813685
"0.25"	"0.8"	"0.05"	"0.01"	"0.005"	"0.01"	"100000"	"10000"	"200"	"2486546257486899136"	15000	"intercept"	0.28932903
"0.25"	"0.8"	"0.05"	"0.01"	"0.005"	"0.01"	"100000"	"10000"	"200"	"2486546257486899136"	20000	"slope"	-0.24392008
"0.25"	"0.8"	"0.05"	"0.01"	"0.005"	"0.01"	"100000"	"10000"	"200"	"2486546257486899136"	20000	"intercept"	0.28912502
"0.25"	"0.8"	"0.05"	"0.01"	"0.005"	"0.01"	"100000"	"10000"	"200"	"2486546257486899136"	25000	"slope"	-0.252978515
"0.25"	"0.8"	"0.05"	"0.01"	"0.005"	"0.01"	"100000"	"10000"	"200"	"2486546257486899136"	25000	"intercept"	0.294604285
"0.25"	"0.8"	"0.05"	"0.01"	"0.005"	"0.01"	"100000"	"10000"	"200"	"2486546257486899136"	30000	"slope"	-0.24382007
"0.25"	"0.8"	"0.05"	"0.01"	"0.005"	"0.01"	"100000"	"10000"	"200"	"2486546257486899136"	30000	"intercept"	0.284674165
"0.25"	"0.8"	"0.05"	"0.01"	"0.005"	"0.01"	"100000"	"10000"	"200"	"2486546257486899136"	35000	"slope"	-0.24365905
"0.25"	"0.8"	"0.05"	"0.01"	"0.005"	"0.01"	"100000"	"10000"	"200"	"2486546257486899136"	35000	"intercept"	0.28346835
"0.25"	"0.8"	"0.05"	"0.01"	"0.005"	"0.01"	"100000"	"10000"	"200"	"2486546257486899136"	40000	"slope"	-0.25510514
"0.25"	"0.8"	"0.05"	"0.01"	"0.005"	"0.01"	"100000"	"10000"	"200"	"2486546257486899136"	40000	"intercept"	0.29900504
"0.25"	"0.8"	"0.05"	"0.01"	"0.005"	"0.01"	"100000"	"10000"	"200"	"2486546257486899136"	45000	"slope"	-0.23427157
"0.25"	"0.8"	"0.05"	"0.01"	"0.005"	"0.01"	"100000"	"10000"	"200"	"2486546257486899136"	45000	"intercept"	0.28580047
"0.25"	"0.8"	"0.05"	"0.01"	"0.005"	"0.01"	"100000"	"10000"	"200"	"2486546257486899136"	50000	"slope"	-0.22542359
"0.25"	"0.8"	"0.05"	"0.01"	"0.005"	"0.01"	"100000"	"10000"	"200"	"2486546257486899136"	50000	"intercept"	0.275610295
"0.25"	"0.8"	"0.05"	"0.01"	"0.005"	"0.01"	"100000"	"10000"	"200"	"2486546257486899136"	55000	"slope"	-0.23820861
"0.25"	"0.8"	"0.05"	"0.01"	"0.005"	"0.01"	"100000"	"10000"	"200"	"2486546257486899136"	55000	"intercept"	0.281956335
"0.25"	"0.8"	"0.05"	"0.01"	"0.005"	"0.01"	"100000"	"10000"	"200"	"2486546257486899136"	60000	"slope"	-0.23660454
"0.25"	"0.8"	"0.05"	"0.01"	"0.005"	"0.01"	"100000"	"10000"	"200"	"2486546257486899136"	60000	"intercept"	0.28359358
"0.25"	"0.8"	"0.05"	"0.01"	"0.005"	"0.01"	"100000"	"10000"	"200"	"2486546257486899136"	65000	"slope"	-0.24782481
"0.25"	"0.8"	"0.05"	"0.01"	"0.005"	"0.01"	"100000"	"10000"	"200"	"2486546257486899136"	65000	"intercept"	0.29133262
"0.25"	"0.8"	"0.05"	"0.01"	"0.005"	"0.01"	"100000"	"10000"	"200"	"2486546257486899136"	70000	"slope"	-0.237456195
"0.25"	"0.8"	"0.05"	"0.01"	"0.005"	"0.01"	"100000"	"10000"	"200"	"2486546257486899136"	70000	"intercept"	0.27926208
"0.25"	"0.8"	"0.05"	"0.01"	"0.005"	"0.01"	"100000"	"10000"	"200"	"2486546257486899136"	75000	"slope"	-0.229290865
"0.25"	"0.8"	"0.05"	"0.01"	"0.005"	"0.01"	"100000"	"10000"	"200"	"2486546257486899136"	75000	"intercept"	0.275972855
"0.25"	"0.8"	"0.05"	"0.01"	"0.005"	"0.01"	"100000"	"10000"	"200"	"2486546257486899136"	80000	"slope"	-0.22916424
"0.25"	"0.8"	"0.05"	"0.01"	"0.005"	"0.01"	"100000"	"10000"	"200"	"2486546257486899136"	80000	"intercept"	0.278645925
"0.25"	"0.8"	"0.05"	"0.01"	"0.005"	"0.01"	"100000"	"10000"	"200"	"2486546257486899136"	85000	"slope"	-0.225291325
"0.25"	"0.8"	"0.05"	"0.01"	"0.005"	"0.01"	"100000"	"10000"	"200"	"2486546257486899136"	85000	"intercept"	0.274621075
"0.25"	"0.8"	"0.05"	"0.01"	"0.005"	"0.01"	"100000"	"10000"	"200"	"2486546257486899136"	90000	"slope"	-0.22793599
"0.25"	"0.8"	"0.05"	"0.01"	"0.005"	"0.01"	"100000"	"10000"	"200"	"2486546257486899136"	90000	"intercept"	0.273609215
"0.25"	"0.8"	"0.05"	"0.01"	"0.005"	"0.01"	"100000"	"10000"	"200"	"2486546257486899136"	95000	"slope"	-0.244131185
"0.25"	"0.8"	"0.05"	"0.01"	"0.005"	"0.01"	"100000"	"10000"	"200"	"2486546257486899136"	95000	"intercept"	0.281503205
"0.25"	"0.8"	"0.05"	"0.01"	"0.005"	"0.01"	"100000"	"10000"	"200"	"2486546257486899136"	100000	"slope"	-0.242248955
"0.25"	"0.8"	"0.05"	"0.01"	"0.005"	"0.01"	"100000"	"10000"	"200"	"2486546257486899136"	100000	"intercept"	0.28613328
"0.25"	"0.8"	"0.05"	"0.01"	"0.005"	"0.01"	"100000"	"10000"	"200"	"3934012029038256453"	10	"slope"	-4.992105e-05
"0.25"	"0.8"	"0.05"	"0.01"	"0.005"	"0.01"	"100000"	"10000"	"200"	"3934012029038256453"	10	"intercept"	0.50003493
"0.25"	"0.8"	"0.05"	"0.01"	"0.005"	"0.01"	"100000"	"10000"	"200"	"3934012029038256453"	5000	"slope"	-0.156193625
"0.25"	"0.8"	"0.05"	"0.01"	"0.005"	"0.01"	"100000"	"10000"	"200"	"3934012029038256453"	5000	"intercept"	0.223958385
"0.25"	"0.8"	"0.05"	"0.01"	"0.005"	"0.01"	"100000"	"10000"	"200"	"3934012029038256453"	10000	"slope"	-0.21947657
"0.25"	"0.8"	"0.05"	"0.01"	"0.005"	"0.01"	"100000"	"10000"	"200"	"3934012029038256453"	10000	"intercept"	0.26868516
"0.25"	"0.8"	"0.05"	"0.01"	"0.005"	"0.01"	"100000"	"10000"	"200"	"3934012029038256453"	15000	"slope"	-0.234919845
"0.25"	"0.8"	"0.05"	"0.01"	"0.005"	"0.01"	"100000"	"10000"	"200"	"3934012029038256453"	15000	"intercept"	0.280436345
"0.25"	"0.8"	"0.05"	"0.01"	"0.005"	"0.01"	"100000"	"10000"	"200"	"3934012029038256453"	20000	"slope"	-0.25851137
"0.25"	"0.8"	"0.05"	"0.01"	"0.005"	"0.01"	"100000"	"10000"	"200"	"3934012029038256453"	20000	"intercept"	0.299505875
"0.25"	"0.8"	"0.05"	"0.01"	"0.005"	"0.01"	"100000"	"10000"	"200"	"3934012029038256453"	25000	"slope"	-0.24163903
"0.25"	"0.8"	"0.05"	"0.01"	"0.005"	"0.01"	"100000"	"10000"	"200"	"3934012029038256453"	25000	"intercept"	0.28407943
"0.25"	"0.8"	"0.05"	"0.01"	"0.005"	"0.01"	"100000"	"10000"	"200"	"3934012029038256453"	30000	"slope"	-0.21385852
"0.25"	"0.8"	"0.05"	"0.01"	"0.005"	"0.01"	"100000"	"10000"	"200"	"3934012029038256453"	30000	"intercept"	0.25639634
"0.25"	"0.8"	"0.05"	"0.01"	"0.005"	"0.01"	"100000"	"10000"	"200"	"3934012029038256453"	35000	"slope"	-0.22196632
"0.25"	"0.8"	"0.05"	"0.01"	"0.005"	"0.01"	"100000"	"10000"	"200"	"3934012029038256453"	35000	"intercept"	0.2719779
"0.25"	"0.8"	"0.05"	"0.01"	"0.005"	"0.01"	"100000"	"10000"	"200"	"3934012029038256453"	40000	"slope"	-0.21784336
"0.25"	"0.8"	"0.05"	"0.01"	"0.005"	"0.01"	"100000"	"10000"	"200"	"3934012029038256453"	40000	"intercept"	0.26979578
"0.25"	"0.8"	"0.05"	"0.01"	"0.005"	"0.01"	"100000"	"10000"	"200"	"3934012029038256453"	45000	"slope"	-0.223565405
"0.25"	"0.8"	"0.05"	"0.01"	"0.005"	"0.01"	"100000"	"10000"	"200"	"3934012029038256453"	45000	"intercept"	0.269764155
"0.25"	"0.8"	"0.05"	"0.01"	"0.005"	"0.01"	"100000"	"10000"	"200"	"3934012029038256453"	50000	"slope"	-0.23832178
"0.25"	"0.8"	"0.05"	"0.01"	"0.005"	"0.01"	"100000"	"10000"	"200"	"3934012029038256453"	50000	"intercept"	0.278896955
"0.25"	"0.8"	"0.05"	"0.01"	"0.005"	"0.01"	"100000"	"10000"	"200"	"3934012029038256453"	55000	"slope"	-0.24732532
"0.25"	"0.8"	"0.05"	"0.01"	"0.005"	"0.01"	"100000"	"10000"	"200"	"3934012029038256453"	55000	"intercept"	0.289965615
"0.25"	"0.8"	"0.05"	"0.01"	"0.005"	"0.01"	"100000"	"10000"	"200"	"3934012029038256453"	60000	"slope"	-0.25118817
"0.25"	"0.8"	"0.05"	"0.01"	"0.005"	"0.01"	"100000"	"10000"	"200"	"3934012029038256453"	60000	"intercept"	0.293104105
"0.25"	"0.8"	"0.05"	"0.01"	"0.005"	"0.01"	"100000"	"10000"	"200"	"3934012029038256453"	65000	"slope"	-0.235664965
"0.25"	"0.8"	"0.05"	"0.01"	"0.005"	"0.01"	"100000"	"10000"	"200"	"3934012029038256453"	65000	"intercept"	0.27551349
"0.25"	"0.8"	"0.05"	"0.01"	"0.005"	"0.01"	"100000"	"10000"	"200"	"3934012029038256453"	70000	"slope"	-0.25458588
"0.25"	"0.8"	"0.05"	"0.01"	"0.005"	"0.01"	"100000"	"10000"	"200"	"3934012029038256453"	70000	"intercept"	0.30042979
"0.25"	"0.8"	"0.05"	"0.01"	"0.005"	"0.01"	"100000"	"10000"	"200"	"3934012029038256453"	75000	"slope"	-0.235968225
"0.25"	"0.8"	"0.05"	"0.01"	"0.005"	"0.01"	"100000"	"10000"	"200"	"3934012029038256453"	75000	"intercept"	0.283040755
"0.25"	"0.8"	"0.05"	"0.01"	"0.005"	"0.01"	"100000"	"10000"	"200"	"3934012029038256453"	80000	"slope"	-0.231205575
"0.25"	"0.8"	"0.05"	"0.01"	"0.005"	"0.01"	"100000"	"10000"	"200"	"3934012029038256453"	80000	"intercept"	0.279572095
"0.25"	"0.8"	"0.05"	"0.01"	"0.005"	"0.01"	"100000"	"10000"	"200"	"3934012029038256453"	85000	"slope"	-0.257465485
"0.25"	"0.8"	"0.05"	"0.01"	"0.005"	"0.01"	"100000"	"10000"	"200"	"3934012029038256453"	85000	"intercept"	0.29638628
"0.25"	"0.8"	"0.05"	"0.01"	"0.005"	"0.01"	"100000"	"10000"	"200"	"3934012029038256453"	90000	"slope"	-0.237083565
"0.25"	"0.8"	"0.05"	"0.01"	"0.005"	"0.01"	"100000"	"10000"	"200"	"3934012029038256453"	90000	"intercept"	0.28253073
"0.25"	"0.8"	"0.05"	"0.01"	"0.005"	"0.01"	"100000"	"10000"	"200"	"3934012029038256453"	95000	"slope"	-0.24235757
"0.25"	"0.8"	"0.05"	"0.01"	"0.005"	"0.01"	"100000"	"10000"	"200"	"3934012029038256453"	95000	"intercept"	0.28636198
"0.25"	"0.8"	"0.05"	"0.01"	"0.005"	"0.01"	"100000"	"10000"	"200"	"3934012029038256453"	100000	"slope"	-0.23991661
"0.25"	"0.8"	"0.05"	"0.01"	"0.005"	"0.01"	"100000"	"10000"	"200"	"3934012029038256453"	100000	"intercept"	0.29224287
"0.25"	"0.8"	"0.05"	"0.01"	"0.005"	"0.01"	"100000"	"10000"	"200"	"4149995054181341869"	10	"slope"	2.975492e-05
"0.25"	"0.8"	"0.05"	"0.01"	"0.005"	"0.01"	"100000"	"10000"	"200"	"4149995054181341869"	10	"intercept"	0.50005672
"0.25"	"0.8"	"0.05"	"0.01"	"0.005"	"0.01"	"100000"	"10000"	"200"	"4149995054181341869"	5000	"slope"	-0.196395355
"0.25"	"0.8"	"0.05"	"0.01"	"0.005"	"0.01"	"100000"	"10000"	"200"	"4149995054181341869"	5000	"intercept"	0.24561305
"0.25"	"0.8"	"0.05"	"0.01"	"0.005"	"0.01"	"100000"	"10000"	"200"	"4149995054181341869"	10000	"slope"	-0.220741835
"0.25"	"0.8"	"0.05"	"0.01"	"0.005"	"0.01"	"100000"	"10000"	"200"	"4149995054181341869"	10000	"intercept"	0.264209075
"0.25"	"0.8"	"0.05"	"0.01"	"0.005"	"0.01"	"100000"	"10000"	"200"	"4149995054181341869"	15000	"slope"	-0.21526471
"0.25"	"0.8"	"0.05"	"0.01"	"0.005"	"0.01"	"100000"	"10000"	"200"	"4149995054181341869"	15000	"intercept"	0.264704235
"0.25"	"0.8"	"0.05"	"0.01"	"0.005"	"0.01"	"100000"	"10000"	"200"	"4149995054181341869"	20000	"slope"	-0.23444574
"0.25"	"0.8"	"0.05"	"0.01"	"0.005"	"0.01"	"100000"	"10000"	"200"	"4149995054181341869"	20000	"intercept"	0.27869067
"0.25"	"0.8"	"0.05"	"0.01"	"0.005"	"0.01"	"100000"	"10000"	"200"	"4149995054181341869"	25000	"slope"	-0.23765895
"0.25"	"0.8"	"0.05"	"0.01"	"0.005"	"0.01"	"100000"	"10000"	"200"	"4149995054181341869"	25000	"intercept"	0.28130855
"0.25"	"0.8"	"0.05"	"0.01"	"0.005"	"0.01"	"100000"	"10000"	"200"	"4149995054181341869"	30000	"slope"	-0.22034597
"0.25"	"0.8"	"0.05"	"0.01"	"0.005"	"0.01"	"100000"	"10000"	"200"	"4149995054181341869"	30000	"intercept"	0.27599041
"0.25"	"0.8"	"0.05"	"0.01"	"0.005"	"0.01"	"100000"	"10000"	"200"	"4149995054181341869"	35000	"slope"	-0.227447505
"0.25"	"0.8"	"0.05"	"0.01"	"0.005"	"0.01"	"100000"	"10000"	"200"	"4149995054181341869"	35000	"intercept"	0.27501599
"0.25"	"0.8"	"0.05"	"0.01"	"0.005"	"0.01"	"100000"	"10000"	"200"	"4149995054181341869"	40000	"slope"	-0.23981658
"0.25"	"0.8"	"0.05"	"0.01"	"0.005"	"0.01"	"100000"	"10000"	"200"	"4149995054181341869"	40000	"intercept"	0.288520985
"0.25"	"0.8"	"0.05"	"0.01"	"0.005"	"0.01"	"100000"	"10000"	"200"	"4149995054181341869"	45000	"slope"	-0.240690025
"0.25"	"0.8"	"0.05"	"0.01"	"0.005"	"0.01"	"100000"	"10000"	"200"	"4149995054181341869"	45000	"intercept"	0.284950475
"0.25"	"0.8"	"0.05"	"0.01"	"0.005"	"0.01"	"100000"	"10000"	"200"	"4149995054181341869"	50000	"slope"	-0.2435583
"0.25"	"0.8"	"0.05"	"0.01"	"0.005"	"0.01"	"100000"	"10000"	"200"	"4149995054181341869"	50000	"intercept"	0.283341085
"0.25"	"0.8"	"0.05"	"0.01"	"0.005"	"0.01"	"100000"	"10000"	"200"	"4149995054181341869"	55000	"slope"	-0.226455685
"0.25"	"0.8"	"0.05"	"0.01"	"0.005"	"0.01"	"100000"	"10000"	"200"	"4149995054181341869"	55000	"intercept"	0.27463074
"0.25"	"0.8"	"0.05"	"0.01"	"0.005"	"0.01"	"100000"	"10000"	"200"	"4149995054181341869"	60000	"slope"	-0.241410695
"0.25"	"0.8"	"0.05"	"0.01"	"0.005"	"0.01"	"100000"	"10000"	"200"	"4149995054181341869"	60000	"intercept"	0.28443499
"0.25"	"0.8"	"0.05"	"0.01"	"0.005"	"0.01"	"100000"	"10000"	"200"	"4149995054181341869"	65000	"slope"	-0.246146035
"0.25"	"0.8"	"0.05"	"0.01"	"0.005"	"0.01"	"100000"	"10000"	"200"	"4149995054181341869"	65000	"intercept"	0.286460425
"0.25"	"0.8"	"0.05"	"0.01"	"0.005"	"0.01"	"100000"	"10000"	"200"	"4149995054181341869"	70000	"slope"	-0.232401315
"0.25"	"0.8"	"0.05"	"0.01"	"0.005"	"0.01"	"100000"	"10000"	"200"	"4149995054181341869"	70000	"intercept"	0.288186455
"0.25"	"0.8"	"0.05"	"0.01"	"0.005"	"0.01"	"100000"	"10000"	"200"	"4149995054181341869"	75000	"slope"	-0.219929055
"0.25"	"0.8"	"0.05"	"0.01"	"0.005"	"0.01"	"100000"	"10000"	"200"	"4149995054181341869"	75000	"intercept"	0.27065237
"0.25"	"0.8"	"0.05"	"0.01"	"0.005"	"0.01"	"100000"	"10000"	"200"	"4149995054181341869"	80000	"slope"	-0.21892211
"0.25"	"0.8"	"0.05"	"0.01"	"0.005"	"0.01"	"100000"	"10000"	"200"	"4149995054181341869"	80000	"intercept"	0.265587895
"0.25"	"0.8"	"0.05"	"0.01"	"0.005"	"0.01"	"100000"	"10000"	"200"	"4149995054181341869"	85000	"slope"	-0.253236055
"0.25"	"0.8"	"0.05"	"0.01"	"0.005"	"0.01"	"100000"	"10000"	"200"	"4149995054181341869"	85000	"intercept"	0.2950005
"0.25"	"0.8"	"0.05"	"0.01"	"0.005"	"0.01"	"100000"	"10000"	"200"	"4149995054181341869"	90000	"slope"	-0.25538535
"0.25"	"0.8"	"0.05"	"0.01"	"0.005"	"0.01"	"100000"	"10000"	"200"	"4149995054181341869"	90000	"intercept"	0.30023733
"0.25"	"0.8"	"0.05"	"0.01"	"0.005"	"0.01"	"100000"	"10000"	"200"	"4149995054181341869"	95000	"slope"	-0.25629303
"0.25"	"0.8"	"0.05"	"0.01"	"0.005"	"0.01"	"100000"	"10000"	"200"	"4149995054181341869"	95000	"intercept"	0.29819258
"0.25"	"0.8"	"0.05"	"0.01"	"0.005"	"0.01"	"100000"	"10000"	"200"	"4149995054181341869"	100000	"slope"	-0.27018505
"0.25"	"0.8"	"0.05"	"0.01"	"0.005"	"0.01"	"100000"	"10000"	"200"	"4149995054181341869"	100000	"intercept"	0.30648013
"0.35"	"0.0"	"0.05"	"0.01"	"0.005"	"0.01"	"100000"	"10000"	"200"	"4141494642735929625"	10	"slope"	-0.00019456581
"0.35"	"0.0"	"0.05"	"0.01"	"0.005"	"0.01"	"100000"	"10000"	"200"	"4141494642735929625"	10	"intercept"	0.499944185
"0.35"	"0.0"	"0.05"	"0.01"	"0.005"	"0.01"	"100000"	"10000"	"200"	"4141494642735929625"	5000	"slope"	-0.1384065755
"0.35"	"0.0"	"0.05"	"0.01"	"0.005"	"0.01"	"100000"	"10000"	"200"	"4141494642735929625"	5000	"intercept"	0.264675235
"0.35"	"0.0"	"0.05"	"0.01"	"0.005"	"0.01"	"100000"	"10000"	"200"	"4141494642735929625"	10000	"slope"	-0.220262985
"0.35"	"0.0"	"0.05"	"0.01"	"0.005"	"0.01"	"100000"	"10000"	"200"	"4141494642735929625"	10000	"intercept"	0.31173048
"0.35"	"0.0"	"0.05"	"0.01"	"0.005"	"0.01"	"100000"	"10000"	"200"	"4141494642735929625"	15000	"slope"	-0.242658655
"0.35"	"0.0"	"0.05"	"0.01"	"0.005"	"0.01"	"100000"	"10000"	"200"	"4141494642735929625"	15000	"intercept"	0.31917752
"0.35"	"0.0"	"0.05"	"0.01"	"0.005"	"0.01"	"100000"	"10000"	"200"	"4141494642735929625"	20000	"slope"	-0.26752717
"0.35"	"0.0"	"0.05"	"0.01"	"0.005"	"0.01"	"100000"	"10000"	"200"	"4141494642735929625"	20000	"intercept"	0.340531735
"0.35"	"0.0"	"0.05"	"0.01"	"0.005"	"0.01"	"100000"	"10000"	"200"	"4141494642735929625"	25000	"slope"	-0.261964755
"0.35"	"0.0"	"0.05"	"0.01"	"0.005"	"0.01"	"100000"	"10000"	"200"	"4141494642735929625"	25000	"intercept"	0.343682705
"0.35"	"0.0"	"0.05"	"0.01"	"0.005"	"0.01"	"100000"	"10000"	"200"	"4141494642735929625"	30000	"slope"	-0.27419627
"0.35"	"0.0"	"0.05"	"0.01"	"0.005"	"0.01"	"100000"	"10000"	"200"	"4141494642735929625"	30000	"intercept"	0.35019468
"0.35"	"0.0"	"0.05"	"0.01"	"0.005"	"0.01"	"100000"	"10000"	"200"	"4141494642735929625"	35000	"slope"	-0.23574664
"0.35"	"0.0"	"0.05"	"0.01"	"0.005"	"0.01"	"100000"	"10000"	"200"	"4141494642735929625"	35000	"intercept"	0.32074083
"0.35"	"0.0"	"0.05"	"0.01"	"0.005"	"0.01"	"100000"	"10000"	"200"	"4141494642735929625"	40000	"slope"	-0.237136705
"0.35"	"0.0"	"0.05"	"0.01"	"0.005"	"0.01"	"100000"	"10000"	"200"	"4141494642735929625"	40000	"intercept"	0.32699452
"0.35"	"0.0"	"0.05"	"0.01"	"0.005"	"0.01"	"100000"	"10000"	"200"	"4141494642735929625"	45000	"slope"	-0.251214255
"0.35"	"0.0"	"0.05"	"0.01"	"0.005"	"0.01"	"100000"	"10000"	"200"	"4141494642735929625"	45000	"intercept"	0.33667408
"0.35"	"0.0"	"0.05"	"0.01"	"0.005"	"0.01"	"100000"	"10000"	"200"	"4141494642735929625"	50000	"slope"	-0.244595825
"0.35"	"0.0"	"0.05"	"0.01"	"0.005"	"0.01"	"100000"	"10000"	"200"	"4141494642735929625"	50000	"intercept"	0.323241785
"0.35"	"0.0"	"0.05"	"0.01"	"0.005"	"0.01"	"100000"	"10000"	"200"	"4141494642735929625"	55000	"slope"	-0.242525445
"0.35"	"0.0"	"0.05"	"0.01"	"0.005"	"0.01"	"100000"	"10000"	"200"	"4141494642735929625"	55000	"intercept"	0.33124498
"0.35"	"0.0"	"0.05"	"0.01"	"0.005"	"0.01"	"100000"	"10000"	"200"	"4141494642735929625"	60000	"slope"	-0.25155768
"0.35"	"0.0"	"0.05"	"0.01"	"0.005"	"0.01"	"100000"	"10000"	"200"	"4141494642735929625"	60000	"intercept"	0.333910175
"0.35"	"0.0"	"0.05"	"0.01"	"0.005"	"0.01"	"100000"	"10000"	"200"	"4141494642735929625"	65000	"slope"	-0.233663345
"0.35"	"0.0"	"0.05"	"0.01"	"0.005"	"0.01"	"100000"	"10000"	"200"	"4141494642735929625"	65000	"intercept"	0.31711347
"0.35"	"0.0"	"0.05"	"0.01"	"0.005"	"0.01"	"100000"	"10000"	"200"	"4141494642735929625"	70000	"slope"	-0.237131595
"0.35"	"0.0"	"0.05"	"0.01"	"0.005"	"0.01"	"100000"	"10000"	"200"	"4141494642735929625"	70000	"intercept"	0.31870824
"0.35"	"0.0"	"0.05"	"0.01"	"0.005"	"0.01"	"100000"	"10000"	"200"	"4141494642735929625"	75000	"slope"	-0.257276865
"0.35"	"0.0"	"0.05"	"0.01"	"0.005"	"0.01"	"100000"	"10000"	"200"	"4141494642735929625"	75000	"intercept"	0.337400105
"0.35"	"0.0"	"0.05"	"0.01"	"0.005"	"0.01"	"100000"	"10000"	"200"	"4141494642735929625"	80000	"slope"	-0.25046065
"0.35"	"0.0"	"0.05"	"0.01"	"0.005"	"0.01"	"100000"	"10000"	"200"	"4141494642735929625"	80000	"intercept"	0.325972435
"0.35"	"0.0"	"0.05"	"0.01"	"0.005"	"0.01"	"100000"	"10000"	"200"	"4141494642735929625"	85000	"slope"	-0.25573612
"0.35"	"0.0"	"0.05"	"0.01"	"0.005"	"0.01"	"100000"	"10000"	"200"	"4141494642735929625"	85000	"intercept"	0.332401025
"0.35"	"0.0"	"0.05"	"0.01"	"0.005"	"0.01"	"100000"	"10000"	"200"	"4141494642735929625"	90000	"slope"	-0.258597275
"0.35"	"0.0"	"0.05"	"0.01"	"0.005"	"0.01"	"100000"	"10000"	"200"	"4141494642735929625"	90000	"intercept"	0.33783372
"0.35"	"0.0"	"0.05"	"0.01"	"0.005"	"0.01"	"100000"	"10000"	"200"	"4141494642735929625"	95000	"slope"	-0.245948365
"0.35"	"0.0"	"0.05"	"0.01"	"0.005"	"0.01"	"100000"	"10000"	"200"	"4141494642735929625"	95000	"intercept"	0.328014725
"0.35"	"0.0"	"0.05"	"0.01"	"0.005"	"0.01"	"100000"	"10000"	"200"	"4141494642735929625"	100000	"slope"	-0.25398314
"0.35"	"0.0"	"0.05"	"0.01"	"0.005"	"0.01"	"100000"	"10000"	"200"	"4141494642735929625"	100000	"intercept"	0.329165165
"0.35"	"0.0"	"0.05"	"0.01"	"0.005"	"0.01"	"100000"	"10000"	"200"	"5271831340206618295"	10	"slope"	9.274518e-05
"0.35"	"0.0"	"0.05"	"0.01"	"0.005"	"0.01"	"100000"	"10000"	"200"	"5271831340206618295"	10	"intercept"	0.50014446
"0.35"	"0.0"	"0.05"	"0.01"	"0.005"	"0.01"	"100000"	"10000"	"200"	"5271831340206618295"	5000	"slope"	-0.1304486595
"0.35"	"0.0"	"0.05"	"0.01"	"0.005"	"0.01"	"100000"	"10000"	"200"	"5271831340206618295"	5000	"intercept"	0.2602392
"0.35"	"0.0"	"0.05"	"0.01"	"0.005"	"0.01"	"100000"	"10000"	"200"	"5271831340206618295"	10000	"slope"	-0.214145155
"0.35"	"0.0"	"0.05"	"0.01"	"0.005"	"0.01"	"100000"	"10000"	"200"	"5271831340206618295"	10000	"intercept"	0.30549746
"0.35"	"0.0"	"0.05"	"0.01"	"0.005"	"0.01"	"100000"	"10000"	"200"	"5271831340206618295"	15000	"slope"	-0.25561573
"0.35"	"0.0"	"0.05"	"0.01"	"0.005"	"0.01"	"100000"	"10000"	"200"	"5271831340206618295"	15000	"intercept"	0.33195452
"0.35"	"0.0"	"0.05"	"0.01"	"0.005"	"0.01"	"100000"	"10000"	"200"	"5271831340206618295"	20000	"slope"	-0.238867805
"0.35"	"0.0"	"0.05"	"0.01"	"0.005"	"0.01"	"100000"	"10000"	"200"	"5271831340206618295"	20000	"intercept"	0.322640965
"0.35"	"0.0"	"0.05"	"0.01"	"0.005"	"0.01"	"100000"	"10000"	"200"	"5271831340206618295"	25000	"slope"	-0.25571505
"0.35"	"0.0"	"0.05"	"0.01"	"0.005"	"0.01"	"100000"	"10000"	"200"	"5271831340206618295"	25000	"intercept"	0.32836336
"0.35"	"0.0"	"0.05"	"0.01"	"0.005"	"0.01"	"100000"	"10000"	"200"	"5271831340206618295"	30000	"slope"	-0.238039155
"0.35"	"0.0"	"0.05"	"0.01"	"0.005"	"0.01"	"100000"	"10000"	"200"	"5271831340206618295"	30000	"intercept"	0.319073735
"0.35"	"0.0"	"0.05"	"0.01"	"0.005"	"0.01"	"100000"	"10000"	"200"	"5271831340206618295"	35000	"slope"	-0.240961455
"0.35"	"0.0"	"0.05"	"0.01"	"0.005"	"0.01"	"100000"	"10000"	"200"	"5271831340206618295"	35000	"intercept"	0.3168113
"0.35"	"0.0"	"0.05"	"0.01"	"0.005"	"0.01"	"100000"	"10000"	"200"	"5271831340206618295"	40000	"slope"	-0.241446535
"0.35"	"0.0"	"0.05"	"0.01"	"0.005"	"0.01"	"100000"	"10000"	"200"	"5271831340206618295"	40000	"intercept"	0.322948485
"0.35"	"0.0"	"0.05"	"0.01"	"0.005"	"0.01"	"100000"	"10000"	"200"	"5271831340206618295"	45000	"slope"	-0.25521996
"0.35"	"0.0"	"0.05"	"0.01"	"0.005"	"0.01"	"100000"	"10000"	"200"	"5271831340206618295"	45000	"intercept"	0.330412795
"0.35"	"0.0"	"0.05"	"0.01"	"0.005"	"0.01"	"100000"	"10000"	"200"	"5271831340206618295"	50000	"slope"	-0.255758315
"0.35"	"0.0"	"0.05"	"0.01"	"0.005"	"0.01"	"100000"	"10000"	"200"	"5271831340206618295"	50000	"intercept"	0.33406882
"0.35"	"0.0"	"0.05"	"0.01"	"0.005"	"0.01"	"100000"	"10000"	"200"	"5271831340206618295"	55000	"slope"	-0.25828473
"0.35"	"0.0"	"0.05"	"0.01"	"0.005"	"0.01"	"100000"	"10000"	"200"	"5271831340206618295"	55000	"intercept"	0.331000505
"0.35"	"0.0"	"0.05"	"0.01"	"0.005"	"0.01"	"100000"	"10000"	"200"	"5271831340206618295"	60000	"slope"	-0.26785021
"0.35"	"0.0"	"0.05"	"0.01"	"0.005"	"0.01"	"100000"	"10000"	"200"	"5271831340206618295"	60000	"intercept"	0.34725612
"0.35"	"0.0"	"0.05"	"0.01"	"0.005"	"0.01"	"100000"	"10000"	"200"	"5271831340206618295"	65000	"slope"	-0.246781595
"0.35"	"0.0"	"0.05"	"0.01"	"0.005"	"0.01"	"100000"	"10000"	"200"	"5271831340206618295"	65000	"intercept"	0.327798485
"0.35"	"0.0"	"0.05"	"0.01"	"0.005"	"0.01"	"100000"	"10000"	"200"	"5271831340206618295"	70000	"slope"	-0.259896675
"0.35"	"0.0"	"0.05"	"0.01"	"0.005"	"0.01"	"100000"	"10000"	"200"	"5271831340206618295"	70000	"intercept"	0.33751162
"0.35"	"0.0"	"0.05"	"0.01"	"0.005"	"0.01"	"100000"	"10000"	"200"	"5271831340206618295"	75000	"slope"	-0.223096535
"0.35"	"0.0"	"0.05"	"0.01"	"0.005"	"0.01"	"100000"	"10000"	"200"	"5271831340206618295"	75000	"intercept"	0.306792675
"0.35"	"0.0"	"0.05"	"0.01"	"0.005"	"0.01"	"100000"	"10000"	"200"	"5271831340206618295"	80000	"slope"	-0.242968125
"0.35"	"0.0"	"0.05"	"0.01"	"0.005"	"0.01"	"100000"	"10000"	"200"	"5271831340206618295"	80000	"intercept"	0.32558565
"0.35"	"0.0"	"0.05"	"0.01"	"0.005"	"0.01"	"100000"	"10000"	"200"	"5271831340206618295"	85000	"slope"	-0.275156515
"0.35"	"0.0"	"0.05"	"0.01"	"0.005"	"0.01"	"100000"	"10000"	"200"	"5271831340206618295"	85000	"intercept"	0.348308445
"0.35"	"0.0"	"0.05"	"0.01"	"0.005"	"0.01"	"100000"	"10000"	"200"	"5271831340206618295"	90000	"slope"	-0.26219585
"0.35"	"0.0"	"0.05"	"0.01"	"0.005"	"0.01"	"100000"	"10000"	"200"	"5271831340206618295"	90000	"intercept"	0.343967075
"0.35"	"0.0"	"0.05"	"0.01"	"0.005"	"0.01"	"100000"	"10000"	"200"	"5271831340206618295"	95000	"slope"	-0.27010953
"0.35"	"0.0"	"0.05"	"0.01"	"0.005"	"0.01"	"100000"	"10000"	"200"	"5271831340206618295"	95000	"intercept"	0.34425127
"0.35"	"0.0"	"0.05"	"0.01"	"0.005"	"0.01"	"100000"	"10000"	"200"	"5271831340206618295"	100000	"slope"	-0.25518295
"0.35"	"0.0"	"0.05"	"0.01"	"0.005"	"0.01"	"100000"	"10000"	"200"	"5271831340206618295"	100000	"intercept"	0.335768625
"0.35"	"0.0"	"0.05"	"0.01"	"0.005"	"0.01"	"100000"	"10000"	"200"	"6136943792033352673"	10	"slope"	-6.933287e-05
"0.35"	"0.0"	"0.05"	"0.01"	"0.005"	"0.01"	"100000"	"10000"	"200"	"6136943792033352673"	10	"intercept"	0.499931375
"0.35"	"0.0"	"0.05"	"0.01"	"0.005"	"0.01"	"100000"	"10000"	"200"	"6136943792033352673"	5000	"slope"	-0.1934970565
"0.35"	"0.0"	"0.05"	"0.01"	"0.005"	"0.01"	"100000"	"10000"	"200"	"6136943792033352673"	5000	"intercept"	0.29563959
"0.35"	"0.0"	"0.05"	"0.01"	"0.005"	"0.01"	"100000"	"10000"	"200"	"6136943792033352673"	10000	"slope"	-0.22673157
"0.35"	"0.0"	"0.05"	"0.01"	"0.005"	"0.01"	"100000"	"10000"	"200"	"6136943792033352673"	10000	"intercept"	0.314072725
"0.35"	"0.0"	"0.05"	"0.01"	"0.005"	"0.01"	"100000"	"10000"	"200"	"6136943792033352673"	15000	"slope"	-0.25256646
"0.35"	"0.0"	"0.05"	"0.01"	"0.005"	"0.01"	"100000"	"10000"	"200"	"6136943792033352673"	15000	"intercept"	0.326520425
"0.35"	"0.0"	"0.05"	"0.01"	"0.005"	"0.01"	"100000"	"10000"	"200"	"6136943792033352673"	20000	"slope"	-0.24411186
"0.35"	"0.0"	"0.05"	"0.01"	"0.005"	"0.01"	"100000"	"10000"	"200"	"6136943792033352673"	20000	"intercept"	0.32771892
"0.35"	"0.0"	"0.05"	"0.01"	"0.005"	"0.01"	"100000"	"10000"	"200"	"6136943792033352673"	25000	"slope"	-0.26120015
"0.35"	"0.0"	"0.05"	"0.01"	"0.005"	"0.01"	"100000"	"10000"	"200"	"6136943792033352673"	25000	"intercept"	0.334754405
"0.35"	"0.0"	"0.05"	"0.01"	"0.005"	"0.01"	"100000"	"10000"	"200"	"6136943792033352673"	30000	"slope"	-0.27367583
"0.35"	"0.0"	"0.05"	"0.01"	"0.005"	"0.01"	"100000"	"10000"	"200"	"6136943792033352673"	30000	"intercept"	0.3439649
"0.35"	"0.0"	"0.05"	"0.01"	"0.005"	"0.01"	"100000"	"10000"	"200"	"6136943792033352673"	35000	"slope"	-0.233210525
"0.35"	"0.0"	"0.05"	"0.01"	"0.005"	"0.01"	"100000"	"10000"	"200"	"6136943792033352673"	35000	"intercept"	0.318588165
"0.35"	"0.0"	"0.05"	"0.01"	"0.005"	"0.01"	"100000"	"10000"	"200"	"6136943792033352673"	40000	"slope"	-0.236951305
"0.35"	"0.0"	"0.05"	"0.01"	"0.005"	"0.01"	"100000"	"10000"	"200"	"6136943792033352673"	40000	"intercept"	0.31461065
"0.35"	"0.0"	"0.05"	"0.01"	"0.005"	"0.01"	"100000"	"10000"	"200"	"6136943792033352673"	45000	"slope"	-0.26638129
"0.35"	"0.0"	"0.05"	"0.01"	"0.005"	"0.01"	"100000"	"10000"	"200"	"6136943792033352673"	45000	"intercept"	0.339730695
"0.35"	"0.0"	"0.05"	"0.01"	"0.005"	"0.01"	"100000"	"10000"	"200"	"6136943792033352673"	50000	"slope"	-0.263252305
"0.35"	"0.0"	"0.05"	"0.01"	"0.005"	"0.01"	"100000"	"10000"	"200"	"6136943792033352673"	50000	"intercept"	0.332974505
"0.35"	"0.0"	"0.05"	"0.01"	"0.005"	"0.01"	"100000"	"10000"	"200"	"6136943792033352673"	55000	"slope"	-0.23773465
"0.35"	"0.0"	"0.05"	"0.01"	"0.005"	"0.01"	"100000"	"10000"	"200"	"6136943792033352673"	55000	"intercept"	0.320032045
"0.35"	"0.0"	"0.05"	"0.01"	"0.005"	"0.01"	"100000"	"10000"	"200"	"6136943792033352673"	60000	"slope"	-0.274030405
"0.35"	"0.0"	"0.05"	"0.01"	"0.005"	"0.01"	"100000"	"10000"	"200"	"6136943792033352673"	60000	"intercept"	0.347739445
"0.35"	"0.0"	"0.05"	"0.01"	"0.005"	"0.01"	"100000"	"10000"	"200"	"6136943792033352673"	65000	"slope"	-0.274591925
"0.35"	"0.0"	"0.05"	"0.01"	"0.005"	"0.01"	"100000"	"10000"	"200"	"6136943792033352673"	65000	"intercept"	0.351108935
"0.35"	"0.0"	"0.05"	"0.01"	"0.005"	"0.01"	"100000"	"10000"	"200"	"6136943792033352673"	70000	"slope"	-0.279837335
"0.35"	"0.0"	"0.05"	"0.01"	"0.005"	"0.01"	"100000"	"10000"	"200"	"6136943792033352673"	70000	"intercept"	0.35447946
"0.35"	"0.0"	"0.05"	"0.01"	"0.005"	"0.01"	"100000"	"10000"	"200"	"6136943792033352673"	75000	"slope"	-0.268009425
"0.35"	"0.0"	"0.05"	"0.01"	"0.005"	"0.01"	"100000"	"10000"	"200"	"6136943792033352673"	75000	"intercept"	0.345202525
"0.35"	"0.0"	"0.05"	"0.01"	"0.005"	"0.01"	"100000"	"10000"	"200"	"6136943792033352673"	80000	"slope"	-0.24614439
"0.35"	"0.0"	"0.05"	"0.01"	"0.005"	"0.01"	"100000"	"10000"	"200"	"6136943792033352673"	80000	"intercept"	0.33100855
"0.35"	"0.0"	"0.05"	"0.01"	"0.005"	"0.01"	"100000"	"10000"	"200"	"6136943792033352673"	85000	"slope"	-0.2716216
"0.35"	"0.0"	"0.05"	"0.01"	"0.005"	"0.01"	"100000"	"10000"	"200"	"6136943792033352673"	85000	"intercept"	0.34329707
"0.35"	"0.0"	"0.05"	"0.01"	"0.005"	"0.01"	"100000"	"10000"	"200"	"6136943792033352673"	90000	"slope"	-0.235871485
"0.35"	"0.0"	"0.05"	"0.01"	"0.005"	"0.01"	"100000"	"10000"	"200"	"6136943792033352673"	90000	"intercept"	0.31469592
"0.35"	"0.0"	"0.05"	"0.01"	"0.005"	"0.01"	"100000"	"10000"	"200"	"6136943792033352673"	95000	"slope"	-0.238379985
"0.35"	"0.0"	"0.05"	"0.01"	"0.005"	"0.01"	"100000"	"10000"	"200"	"6136943792033352673"	95000	"intercept"	0.326534445
"0.35"	"0.0"	"0.05"	"0.01"	"0.005"	"0.01"	"100000"	"10000"	"200"	"6136943792033352673"	100000	"slope"	-0.271612165
"0.35"	"0.0"	"0.05"	"0.01"	"0.005"	"0.01"	"100000"	"10000"	"200"	"6136943792033352673"	100000	"intercept"	0.34373193
"0.35"	"0.4"	"0.05"	"0.01"	"0.005"	"0.01"	"100000"	"10000"	"200"	"160537426304678755"	10	"slope"	1.1010065e-05
"0.35"	"0.4"	"0.05"	"0.01"	"0.005"	"0.01"	"100000"	"10000"	"200"	"160537426304678755"	10	"intercept"	0.499880055
"0.35"	"0.4"	"0.05"	"0.01"	"0.005"	"0.01"	"100000"	"10000"	"200"	"160537426304678755"	5000	"slope"	-0.229590755
"0.35"	"0.4"	"0.05"	"0.01"	"0.005"	"0.01"	"100000"	"10000"	"200"	"160537426304678755"	5000	"intercept"	0.29912626
"0.35"	"0.4"	"0.05"	"0.01"	"0.005"	"0.01"	"100000"	"10000"	"200"	"160537426304678755"	10000	"slope"	-0.252949615
"0.35"	"0.4"	"0.05"	"0.01"	"0.005"	"0.01"	"100000"	"10000"	"200"	"160537426304678755"	10000	"intercept"	0.315500805
"0.35"	"0.4"	"0.05"	"0.01"	"0.005"	"0.01"	"100000"	"10000"	"200"	"160537426304678755"	15000	"slope"	-0.22168999
"0.35"	"0.4"	"0.05"	"0.01"	"0.005"	"0.01"	"100000"	"10000"	"200"	"160537426304678755"	15000	"intercept"	0.2901716
"0.35"	"0.4"	"0.05"	"0.01"	"0.005"	"0.01"	"100000"	"10000"	"200"	"160537426304678755"	20000	"slope"	-0.23005635
"0.35"	"0.4"	"0.05"	"0.01"	"0.005"	"0.01"	"100000"	"10000"	"200"	"160537426304678755"	20000	"intercept"	0.291137995
"0.35"	"0.4"	"0.05"	"0.01"	"0.005"	"0.01"	"100000"	"10000"	"200"	"160537426304678755"	25000	"slope"	-0.232191265
"0.35"	"0.4"	"0.05"	"0.01"	"0.005"	"0.01"	"100000"	"10000"	"200"	"160537426304678755"	25000	"intercept"	0.295591545
"0.35"	"0.4"	"0.05"	"0.01"	"0.005"	"0.01"	"100000"	"10000"	"200"	"160537426304678755"	30000	"slope"	-0.251971355
"0.35"	"0.4"	"0.05"	"0.01"	"0.005"	"0.01"	"100000"	"10000"	"200"	"160537426304678755"	30000	"intercept"	0.31992428
"0.35"	"0.4"	"0.05"	"0.01"	"0.005"	"0.01"	"100000"	"10000"	"200"	"160537426304678755"	35000	"slope"	-0.259385695
"0.35"	"0.4"	"0.05"	"0.01"	"0.005"	"0.01"	"100000"	"10000"	"200"	"160537426304678755"	35000	"intercept"	0.322961325
"0.35"	"0.4"	"0.05"	"0.01"	"0.005"	"0.01"	"100000"	"10000"	"200"	"160537426304678755"	40000	"slope"	-0.25720272
"0.35"	"0.4"	"0.05"	"0.01"	"0.005"	"0.01"	"100000"	"10000"	"200"	"160537426304678755"	40000	"intercept"	0.31847874
"0.35"	"0.4"	"0.05"	"0.01"	"0.005"	"0.01"	"100000"	"10000"	"200"	"160537426304678755"	45000	"slope"	-0.273058305
"0.35"	"0.4"	"0.05"	"0.01"	"0.005"	"0.01"	"100000"	"10000"	"200"	"160537426304678755"	45000	"intercept"	0.32945248
"0.35"	"0.4"	"0.05"	"0.01"	"0.005"	"0.01"	"100000"	"10000"	"200"	"160537426304678755"	50000	"slope"	-0.251232805
"0.35"	"0.4"	"0.05"	"0.01"	"0.005"	"0.01"	"100000"	"10000"	"200"	"160537426304678755"	50000	"intercept"	0.31572739
"0.35"	"0.4"	"0.05"	"0.01"	"0.005"	"0.01"	"100000"	"10000"	"200"	"160537426304678755"	55000	"slope"	-0.25119886
"0.35"	"0.4"	"0.05"	"0.01"	"0.005"	"0.01"	"100000"	"10000"	"200"	"160537426304678755"	55000	"intercept"	0.307197205
"0.35"	"0.4"	"0.05"	"0.01"	"0.005"	"0.01"	"100000"	"10000"	"200"	"160537426304678755"	60000	"slope"	-0.223834105
"0.35"	"0.4"	"0.05"	"0.01"	"0.005"	"0.01"	"100000"	"10000"	"200"	"160537426304678755"	60000	"intercept"	0.287749385
"0.35"	"0.4"	"0.05"	"0.01"	"0.005"	"0.01"	"100000"	"10000"	"200"	"160537426304678755"	65000	"slope"	-0.264253735
"0.35"	"0.4"	"0.05"	"0.01"	"0.005"	"0.01"	"100000"	"10000"	"200"	"160537426304678755"	65000	"intercept"	0.324209255
"0.35"	"0.4"	"0.05"	"0.01"	"0.005"	"0.01"	"100000"	"10000"	"200"	"160537426304678755"	70000	"slope"	-0.250808125
"0.35"	"0.4"	"0.05"	"0.01"	"0.005"	"0.01"	"100000"	"10000"	"200"	"160537426304678755"	70000	"intercept"	0.315205245
"0.35"	"0.4"	"0.05"	"0.01"	"0.005"	"0.01"	"100000"	"10000"	"200"	"160537426304678755"	75000	"slope"	-0.240986215
"0.35"	"0.4"	"0.05"	"0.01"	"0.005"	"0.01"	"100000"	"10000"	"200"	"160537426304678755"	75000	"intercept"	0.30463621
"0.35"	"0.4"	"0.05"	"0.01"	"0.005"	"0.01"	"100000"	"10000"	"200"	"160537426304678755"	80000	"slope"	-0.251060715
"0.35"	"0.4"	"0.05"	"0.01"	"0.005"	"0.01"	"100000"	"10000"	"200"	"160537426304678755"	80000	"intercept"	0.31175693
"0.35"	"0.4"	"0.05"	"0.01"	"0.005"	"0.01"	"100000"	"10000"	"200"	"160537426304678755"	85000	"slope"	-0.253723145
"0.35"	"0.4"	"0.05"	"0.01"	"0.005"	"0.01"	"100000"	"10000"	"200"	"160537426304678755"	85000	"intercept"	0.305421595
"0.35"	"0.4"	"0.05"	"0.01"	"0.005"	"0.01"	"100000"	"10000"	"200"	"160537426304678755"	90000	"slope"	-0.224457985
"0.35"	"0.4"	"0.05"	"0.01"	"0.005"	"0.01"	"100000"	"10000"	"200"	"160537426304678755"	90000	"intercept"	0.29340174
"0.35"	"0.4"	"0.05"	"0.01"	"0.005"	"0.01"	"100000"	"10000"	"200"	"160537426304678755"	95000	"slope"	-0.25538444
"0.35"	"0.4"	"0.05"	"0.01"	"0.005"	"0.01"	"100000"	"10000"	"200"	"160537426304678755"	95000	"intercept"	0.315403865
"0.35"	"0.4"	"0.05"	"0.01"	"0.005"	"0.01"	"100000"	"10000"	"200"	"160537426304678755"	100000	"slope"	-0.262357425
"0.35"	"0.4"	"0.05"	"0.01"	"0.005"	"0.01"	"100000"	"10000"	"200"	"160537426304678755"	100000	"intercept"	0.321292635
"0.35"	"0.4"	"0.05"	"0.01"	"0.005"	"0.01"	"100000"	"10000"	"200"	"6418029866455597590"	10	"slope"	-2.545873e-05
"0.35"	"0.4"	"0.05"	"0.01"	"0.005"	"0.01"	"100000"	"10000"	"200"	"6418029866455597590"	10	"intercept"	0.500198295
"0.35"	"0.4"	"0.05"	"0.01"	"0.005"	"0.01"	"100000"	"10000"	"200"	"6418029866455597590"	5000	"slope"	-0.22882564
"0.35"	"0.4"	"0.05"	"0.01"	"0.005"	"0.01"	"100000"	"10000"	"200"	"6418029866455597590"	5000	"intercept"	0.28845508
"0.35"	"0.4"	"0.05"	"0.01"	"0.005"	"0.01"	"100000"	"10000"	"200"	"6418029866455597590"	10000	"slope"	-0.22934744
"0.35"	"0.4"	"0.05"	"0.01"	"0.005"	"0.01"	"100000"	"10000"	"200"	"6418029866455597590"	10000	"intercept"	0.29487555
"0.35"	"0.4"	"0.05"	"0.01"	"0.005"	"0.01"	"100000"	"10000"	"200"	"6418029866455597590"	15000	"slope"	-0.22194433
"0.35"	"0.4"	"0.05"	"0.01"	"0.005"	"0.01"	"100000"	"10000"	"200"	"6418029866455597590"	15000	"intercept"	0.29127921
"0.35"	"0.4"	"0.05"	"0.01"	"0.005"	"0.01"	"100000"	"10000"	"200"	"6418029866455597590"	20000	"slope"	-0.242962845
"0.35"	"0.4"	"0.05"	"0.01"	"0.005"	"0.01"	"100000"	"10000"	"200"	"6418029866455597590"	20000	"intercept"	0.309433505
"0.35"	"0.4"	"0.05"	"0.01"	"0.005"	"0.01"	"100000"	"10000"	"200"	"6418029866455597590"	25000	"slope"	-0.234665425
"0.35"	"0.4"	"0.05"	"0.01"	"0.005"	"0.01"	"100000"	"10000"	"200"	"6418029866455597590"	25000	"intercept"	0.302037215
"0.35"	"0.4"	"0.05"	"0.01"	"0.005"	"0.01"	"100000"	"10000"	"200"	"6418029866455597590"	30000	"slope"	-0.25126634
"0.35"	"0.4"	"0.05"	"0.01"	"0.005"	"0.01"	"100000"	"10000"	"200"	"6418029866455597590"	30000	"intercept"	0.31456616
"0.35"	"0.4"	"0.05"	"0.01"	"0.005"	"0.01"	"100000"	"10000"	"200"	"6418029866455597590"	35000	"slope"	-0.246653475
"0.35"	"0.4"	"0.05"	"0.01"	"0.005"	"0.01"	"100000"	"10000"	"200"	"6418029866455597590"	35000	"intercept"	0.306342585
"0.35"	"0.4"	"0.05"	"0.01"	"0.005"	"0.01"	"100000"	"10000"	"200"	"6418029866455597590"	40000	"slope"	-0.26385007
"0.35"	"0.4"	"0.05"	"0.01"	"0.005"	"0.01"	"100000"	"10000"	"200"	"6418029866455597590"	40000	"intercept"	0.31670572
"0.35"	"0.4"	"0.05"	"0.01"	"0.005"	"0.01"	"100000"	"10000"	"200"	"6418029866455597590"	45000	"slope"	-0.23231088
"0.35"	"0.4"	"0.05"	"0.01"	"0.005"	"0.01"	"100000"	"10000"	"200"	"6418029866455597590"	45000	"intercept"	0.291641155
"0.35"	"0.4"	"0.05"	"0.01"	"0.005"	"0.01"	"100000"	"10000"	"200"	"6418029866455597590"	50000	"slope"	-0.259988815
"0.35"	"0.4"	"0.05"	"0.01"	"0.005"	"0.01"	"100000"	"10000"	"200"	"6418029866455597590"	50000	"intercept"	0.31422665
"0.35"	"0.4"	"0.05"	"0.01"	"0.005"	"0.01"	"100000"	"10000"	"200"	"6418029866455597590"	55000	"slope"	-0.2480211
"0.35"	"0.4"	"0.05"	"0.01"	"0.005"	"0.01"	"100000"	"10000"	"200"	"6418029866455597590"	55000	"intercept"	0.326982625
"0.35"	"0.4"	"0.05"	"0.01"	"0.005"	"0.01"	"100000"	"10000"	"200"	"6418029866455597590"	60000	"slope"	-0.248512555
"0.35"	"0.4"	"0.05"	"0.01"	"0.005"	"0.01"	"100000"	"10000"	"200"	"6418029866455597590"	60000	"intercept"	0.306823795
"0.35"	"0.4"	"0.05"	"0.01"	"0.005"	"0.01"	"100000"	"10000"	"200"	"6418029866455597590"	65000	"slope"	-0.260558605
"0.35"	"0.4"	"0.05"	"0.01"	"0.005"	"0.01"	"100000"	"10000"	"200"	"6418029866455597590"	65000	"intercept"	0.31699332
"0.35"	"0.4"	"0.05"	"0.01"	"0.005"	"0.01"	"100000"	"10000"	"200"	"6418029866455597590"	70000	"slope"	-0.260012755
"0.35"	"0.4"	"0.05"	"0.01"	"0.005"	"0.01"	"100000"	"10000"	"200"	"6418029866455597590"	70000	"intercept"	0.30990322
"0.35"	"0.4"	"0.05"	"0.01"	"0.005"	"0.01"	"100000"	"10000"	"200"	"6418029866455597590"	75000	"slope"	-0.253505755
"0.35"	"0.4"	"0.05"	"0.01"	"0.005"	"0.01"	"100000"	"10000"	"200"	"6418029866455597590"	75000	"intercept"	0.31341748
"0.35"	"0.4"	"0.05"	"0.01"	"0.005"	"0.01"	"100000"	"10000"	"200"	"6418029866455597590"	80000	"slope"	-0.235194635
"0.35"	"0.4"	"0.05"	"0.01"	"0.005"	"0.01"	"100000"	"10000"	"200"	"6418029866455597590"	80000	"intercept"	0.29998026
"0.35"	"0.4"	"0.05"	"0.01"	"0.005"	"0.01"	"100000"	"10000"	"200"	"6418029866455597590"	85000	"slope"	-0.26368227
"0.35"	"0.4"	"0.05"	"0.01"	"0.005"	"0.01"	"100000"	"10000"	"200"	"6418029866455597590"	85000	"intercept"	0.32360062
"0.35"	"0.4"	"0.05"	"0.01"	"0.005"	"0.01"	"100000"	"10000"	"200"	"6418029866455597590"	90000	"slope"	-0.2566528
"0.35"	"0.4"	"0.05"	"0.01"	"0.005"	"0.01"	"100000"	"10000"	"200"	"6418029866455597590"	90000	"intercept"	0.311119035
"0.35"	"0.4"	"0.05"	"0.01"	"0.005"	"0.01"	"100000"	"10000"	"200"	"6418029866455597590"	95000	"slope"	-0.228655575
"0.35"	"0.4"	"0.05"	"0.01"	"0.005"	"0.01"	"100000"	"10000"	"200"	"6418029866455597590"	95000	"intercept"	0.289840215
"0.35"	"0.4"	"0.05"	"0.01"	"0.005"	"0.01"	"100000"	"10000"	"200"	"6418029866455597590"	100000	"slope"	-0.234604635
"0.35"	"0.4"	"0.05"	"0.01"	"0.005"	"0.01"	"100000"	"10000"	"200"	"6418029866455597590"	100000	"intercept"	0.30319538
"0.35"	"0.4"	"0.05"	"0.01"	"0.005"	"0.01"	"100000"	"10000"	"200"	"7570706316596257973"	10	"slope"	-6.63655555e-05
"0.35"	"0.4"	"0.05"	"0.01"	"0.005"	"0.01"	"100000"	"10000"	"200"	"7570706316596257973"	10	"intercept"	0.49987227
"0.35"	"0.4"	"0.05"	"0.01"	"0.005"	"0.01"	"100000"	"10000"	"200"	"7570706316596257973"	5000	"slope"	-0.1493149285
"0.35"	"0.4"	"0.05"	"0.01"	"0.005"	"0.01"	"100000"	"10000"	"200"	"7570706316596257973"	5000	"intercept"	0.2504616
"0.35"	"0.4"	"0.05"	"0.01"	"0.005"	"0.01"	"100000"	"10000"	"200"	"7570706316596257973"	10000	"slope"	-0.209234765
"0.35"	"0.4"	"0.05"	"0.01"	"0.005"	"0.01"	"100000"	"10000"	"200"	"7570706316596257973"	10000	"intercept"	0.282165885
"0.35"	"0.4"	"0.05"	"0.01"	"0.005"	"0.01"	"100000"	"10000"	"200"	"7570706316596257973"	15000	"slope"	-0.238194645
"0.35"	"0.4"	"0.05"	"0.01"	"0.005"	"0.01"	"100000"	"10000"	"200"	"7570706316596257973"	15000	"intercept"	0.30013192
"0.35"	"0.4"	"0.05"	"0.01"	"0.005"	"0.01"	"100000"	"10000"	"200"	"7570706316596257973"	20000	"slope"	-0.24698458
"0.35"	"0.4"	"0.05"	"0.01"	"0.005"	"0.01"	"100000"	"10000"	"200"	"7570706316596257973"	20000	"intercept"	0.30769359
"0.35"	"0.4"	"0.05"	"0.01"	"0.005"	"0.01"	"100000"	"10000"	"200"	"7570706316596257973"	25000	"slope"	-0.237313455
"0.35"	"0.4"	"0.05"	"0.01"	"0.005"	"0.01"	"100000"	"10000"	"200"	"7570706316596257973"	25000	"intercept"	0.304070995
"0.35"	"0.4"	"0.05"	"0.01"	"0.005"	"0.01"	"100000"	"10000"	"200"	"7570706316596257973"	30000	"slope"	-0.25441066
"0.35"	"0.4"	"0.05"	"0.01"	"0.005"	"0.01"	"100000"	"10000"	"200"	"7570706316596257973"	30000	"intercept"	0.320541285
"0.35"	"0.4"	"0.05"	"0.01"	"0.005"	"0.01"	"100000"	"10000"	"200"	"7570706316596257973"	35000	"slope"	-0.248669415
"0.35"	"0.4"	"0.05"	"0.01"	"0.005"	"0.01"	"100000"	"10000"	"200"	"7570706316596257973"	35000	"intercept"	0.314147725
"0.35"	"0.4"	"0.05"	"0.01"	"0.005"	"0.01"	"100000"	"10000"	"200"	"7570706316596257973"	40000	"slope"	-0.23645933
"0.35"	"0.4"	"0.05"	"0.01"	"0.005"	"0.01"	"100000"	"10000"	"200"	"7570706316596257973"	40000	"intercept"	0.30143554
"0.35"	"0.4"	"0.05"	"0.01"	"0.005"	"0.01"	"100000"	"10000"	"200"	"7570706316596257973"	45000	"slope"	-0.24443508
"0.35"	"0.4"	"0.05"	"0.01"	"0.005"	"0.01"	"100000"	"10000"	"200"	"7570706316596257973"	45000	"intercept"	0.30333327
"0.35"	"0.4"	"0.05"	"0.01"	"0.005"	"0.01"	"100000"	"10000"	"200"	"7570706316596257973"	50000	"slope"	-0.264058855
"0.35"	"0.4"	"0.05"	"0.01"	"0.005"	"0.01"	"100000"	"10000"	"200"	"7570706316596257973"	50000	"intercept"	0.316548235
"0.35"	"0.4"	"0.05"	"0.01"	"0.005"	"0.01"	"100000"	"10000"	"200"	"7570706316596257973"	55000	"slope"	-0.24567908
"0.35"	"0.4"	"0.05"	"0.01"	"0.005"	"0.01"	"100000"	"10000"	"200"	"7570706316596257973"	55000	"intercept"	0.30932857
"0.35"	"0.4"	"0.05"	"0.01"	"0.005"	"0.01"	"100000"	"10000"	"200"	"7570706316596257973"	60000	"slope"	-0.24970203
"0.35"	"0.4"	"0.05"	"0.01"	"0.005"	"0.01"	"100000"	"10000"	"200"	"7570706316596257973"	60000	"intercept"	0.309292025
"0.35"	"0.4"	"0.05"	"0.01"	"0.005"	"0.01"	"100000"	"10000"	"200"	"7570706316596257973"	65000	"slope"	-0.24757278
"0.35"	"0.4"	"0.05"	"0.01"	"0.005"	"0.01"	"100000"	"10000"	"200"	"7570706316596257973"	65000	"intercept"	0.30900426
"0.35"	"0.4"	"0.05"	"0.01"	"0.005"	"0.01"	"100000"	"10000"	"200"	"7570706316596257973"	70000	"slope"	-0.25269281
"0.35"	"0.4"	"0.05"	"0.01"	"0.005"	"0.01"	"100000"	"10000"	"200"	"7570706316596257973"	70000	"intercept"	0.3168653
"0.35"	"0.4"	"0.05"	"0.01"	"0.005"	"0.01"	"100000"	"10000"	"200"	"7570706316596257973"	75000	"slope"	-0.22801289
"0.35"	"0.4"	"0.05"	"0.01"	"0.005"	"0.01"	"100000"	"10000"	"200"	"7570706316596257973"	75000	"intercept"	0.298865995
"0.35"	"0.4"	"0.05"	"0.01"	"0.005"	"0.01"	"100000"	"10000"	"200"	"7570706316596257973"	80000	"slope"	-0.21297595
"0.35"	"0.4"	"0.05"	"0.01"	"0.005"	"0.01"	"100000"	"10000"	"200"	"7570706316596257973"	80000	"intercept"	0.28437243
"0.35"	"0.4"	"0.05"	"0.01"	"0.005"	"0.01"	"100000"	"10000"	"200"	"7570706316596257973"	85000	"slope"	-0.23823251
"0.35"	"0.4"	"0.05"	"0.01"	"0.005"	"0.01"	"100000"	"10000"	"200"	"7570706316596257973"	85000	"intercept"	0.30472977
"0.35"	"0.4"	"0.05"	"0.01"	"0.005"	"0.01"	"100000"	"10000"	"200"	"7570706316596257973"	90000	"slope"	-0.256689595
"0.35"	"0.4"	"0.05"	"0.01"	"0.005"	"0.01"	"100000"	"10000"	"200"	"7570706316596257973"	90000	"intercept"	0.31656092
"0.35"	"0.4"	"0.05"	"0.01"	"0.005"	"0.01"	"100000"	"10000"	"200"	"7570706316596257973"	95000	"slope"	-0.27251049
"0.35"	"0.4"	"0.05"	"0.01"	"0.005"	"0.01"	"100000"	"10000"	"200"	"7570706316596257973"	95000	"intercept"	0.326332805
"0.35"	"0.4"	"0.05"	"0.01"	"0.005"	"0.01"	"100000"	"10000"	"200"	"7570706316596257973"	100000	"slope"	-0.27756798
"0.35"	"0.4"	"0.05"	"0.01"	"0.005"	"0.01"	"100000"	"10000"	"200"	"7570706316596257973"	100000	"intercept"	0.32921716
"0.35"	"0.6"	"0.05"	"0.01"	"0.005"	"0.01"	"100000"	"10000"	"200"	"5450703568003716206"	10	"slope"	0.00017444006
"0.35"	"0.6"	"0.05"	"0.01"	"0.005"	"0.01"	"100000"	"10000"	"200"	"5450703568003716206"	10	"intercept"	0.50006631
"0.35"	"0.6"	"0.05"	"0.01"	"0.005"	"0.01"	"100000"	"10000"	"200"	"5450703568003716206"	5000	"slope"	-0.197278345
"0.35"	"0.6"	"0.05"	"0.01"	"0.005"	"0.01"	"100000"	"10000"	"200"	"5450703568003716206"	5000	"intercept"	0.25949603
"0.35"	"0.6"	"0.05"	"0.01"	"0.005"	"0.01"	"100000"	"10000"	"200"	"5450703568003716206"	10000	"slope"	-0.2264173505
"0.35"	"0.6"	"0.05"	"0.01"	"0.005"	"0.01"	"100000"	"10000"	"200"	"5450703568003716206"	10000	"intercept"	0.28616389
"0.35"	"0.6"	"0.05"	"0.01"	"0.005"	"0.01"	"100000"	"10000"	"200"	"5450703568003716206"	15000	"slope"	-0.252775485
"0.35"	"0.6"	"0.05"	"0.01"	"0.005"	"0.01"	"100000"	"10000"	"200"	"5450703568003716206"	15000	"intercept"	0.30620581
"0.35"	"0.6"	"0.05"	"0.01"	"0.005"	"0.01"	"100000"	"10000"	"200"	"5450703568003716206"	20000	"slope"	-0.256843235
"0.35"	"0.6"	"0.05"	"0.01"	"0.005"	"0.01"	"100000"	"10000"	"200"	"5450703568003716206"	20000	"intercept"	0.30947351
"0.35"	"0.6"	"0.05"	"0.01"	"0.005"	"0.01"	"100000"	"10000"	"200"	"5450703568003716206"	25000	"slope"	-0.262722725
"0.35"	"0.6"	"0.05"	"0.01"	"0.005"	"0.01"	"100000"	"10000"	"200"	"5450703568003716206"	25000	"intercept"	0.316513675
"0.35"	"0.6"	"0.05"	"0.01"	"0.005"	"0.01"	"100000"	"10000"	"200"	"5450703568003716206"	30000	"slope"	-0.243891425
"0.35"	"0.6"	"0.05"	"0.01"	"0.005"	"0.01"	"100000"	"10000"	"200"	"5450703568003716206"	30000	"intercept"	0.295805315
"0.35"	"0.6"	"0.05"	"0.01"	"0.005"	"0.01"	"100000"	"10000"	"200"	"5450703568003716206"	35000	"slope"	-0.25973798
"0.35"	"0.6"	"0.05"	"0.01"	"0.005"	"0.01"	"100000"	"10000"	"200"	"5450703568003716206"	35000	"intercept"	0.313213755
"0.35"	"0.6"	"0.05"	"0.01"	"0.005"	"0.01"	"100000"	"10000"	"200"	"5450703568003716206"	40000	"slope"	-0.24098467
"0.35"	"0.6"	"0.05"	"0.01"	"0.005"	"0.01"	"100000"	"10000"	"200"	"5450703568003716206"	40000	"intercept"	0.29023462
"0.35"	"0.6"	"0.05"	"0.01"	"0.005"	"0.01"	"100000"	"10000"	"200"	"5450703568003716206"	45000	"slope"	-0.2358104
"0.35"	"0.6"	"0.05"	"0.01"	"0.005"	"0.01"	"100000"	"10000"	"200"	"5450703568003716206"	45000	"intercept"	0.288176775
"0.35"	"0.6"	"0.05"	"0.01"	"0.005"	"0.01"	"100000"	"10000"	"200"	"5450703568003716206"	50000	"slope"	-0.23615688
"0.35"	"0.6"	"0.05"	"0.01"	"0.005"	"0.01"	"100000"	"10000"	"200"	"5450703568003716206"	50000	"intercept"	0.29373563
"0.35"	"0.6"	"0.05"	"0.01"	"0.005"	"0.01"	"100000"	"10000"	"200"	"5450703568003716206"	55000	"slope"	-0.23550177
"0.35"	"0.6"	"0.05"	"0.01"	"0.005"	"0.01"	"100000"	"10000"	"200"	"5450703568003716206"	55000	"intercept"	0.29105387
"0.35"	"0.6"	"0.05"	"0.01"	"0.005"	"0.01"	"100000"	"10000"	"200"	"5450703568003716206"	60000	"slope"	-0.223998815
"0.35"	"0.6"	"0.05"	"0.01"	"0.005"	"0.01"	"100000"	"10000"	"200"	"5450703568003716206"	60000	"intercept"	0.28153093
"0.35"	"0.6"	"0.05"	"0.01"	"0.005"	"0.01"	"100000"	"10000"	"200"	"5450703568003716206"	65000	"slope"	-0.257418205
"0.35"	"0.6"	"0.05"	"0.01"	"0.005"	"0.01"	"100000"	"10000"	"200"	"5450703568003716206"	65000	"intercept"	0.303467415
"0.35"	"0.6"	"0.05"	"0.01"	"0.005"	"0.01"	"100000"	"10000"	"200"	"5450703568003716206"	70000	"slope"	-0.25343525
"0.35"	"0.6"	"0.05"	"0.01"	"0.005"	"0.01"	"100000"	"10000"	"200"	"5450703568003716206"	70000	"intercept"	0.305550805
"0.35"	"0.6"	"0.05"	"0.01"	"0.005"	"0.01"	"100000"	"10000"	"200"	"5450703568003716206"	75000	"slope"	-0.254194405
"0.35"	"0.6"	"0.05"	"0.01"	"0.005"	"0.01"	"100000"	"10000"	"200"	"5450703568003716206"	75000	"intercept"	0.30824086
"0.35"	"0.6"	"0.05"	"0.01"	"0.005"	"0.01"	"100000"	"10000"	"200"	"5450703568003716206"	80000	"slope"	-0.256191295
"0.35"	"0.6"	"0.05"	"0.01"	"0.005"	"0.01"	"100000"	"10000"	"200"	"5450703568003716206"	80000	"intercept"	0.306640425
"0.35"	"0.6"	"0.05"	"0.01"	"0.005"	"0.01"	"100000"	"10000"	"200"	"5450703568003716206"	85000	"slope"	-0.223689585
"0.35"	"0.6"	"0.05"	"0.01"	"0.005"	"0.01"	"100000"	"10000"	"200"	"5450703568003716206"	85000	"intercept"	0.282897235
"0.35"	"0.6"	"0.05"	"0.01"	"0.005"	"0.01"	"100000"	"10000"	"200"	"5450703568003716206"	90000	"slope"	-0.251329825
"0.35"	"0.6"	"0.05"	"0.01"	"0.005"	"0.01"	"100000"	"10000"	"200"	"5450703568003716206"	90000	"intercept"	0.30020599
"0.35"	"0.6"	"0.05"	"0.01"	"0.005"	"0.01"	"100000"	"10000"	"200"	"5450703568003716206"	95000	"slope"	-0.244345605
"0.35"	"0.6"	"0.05"	"0.01"	"0.005"	"0.01"	"100000"	"10000"	"200"	"5450703568003716206"	95000	"intercept"	0.297767385
"0.35"	"0.6"	"0.05"	"0.01"	"0.005"	"0.01"	"100000"	"10000"	"200"	"5450703568003716206"	100000	"slope"	-0.26889017
"0.35"	"0.6"	"0.05"	"0.01"	"0.005"	"0.01"	"100000"	"10000"	"200"	"5450703568003716206"	100000	"intercept"	0.318944985
"0.35"	"0.6"	"0.05"	"0.01"	"0.005"	"0.01"	"100000"	"10000"	"200"	"6716416722792116823"	10	"slope"	-0.0001265513015
"0.35"	"0.6"	"0.05"	"0.01"	"0.005"	"0.01"	"100000"	"10000"	"200"	"6716416722792116823"	10	"intercept"	0.50008046
"0.35"	"0.6"	"0.05"	"0.01"	"0.005"	"0.01"	"100000"	"10000"	"200"	"6716416722792116823"	5000	"slope"	-0.253817105
"0.35"	"0.6"	"0.05"	"0.01"	"0.005"	"0.01"	"100000"	"10000"	"200"	"6716416722792116823"	5000	"intercept"	0.30691879
"0.35"	"0.6"	"0.05"	"0.01"	"0.005"	"0.01"	"100000"	"10000"	"200"	"6716416722792116823"	10000	"slope"	-0.242046825
"0.35"	"0.6"	"0.05"	"0.01"	"0.005"	"0.01"	"100000"	"10000"	"200"	"6716416722792116823"	10000	"intercept"	0.301930595
"0.35"	"0.6"	"0.05"	"0.01"	"0.005"	"0.01"	"100000"	"10000"	"200"	"6716416722792116823"	15000	"slope"	-0.22600052
"0.35"	"0.6"	"0.05"	"0.01"	"0.005"	"0.01"	"100000"	"10000"	"200"	"6716416722792116823"	15000	"intercept"	0.291099595
"0.35"	"0.6"	"0.05"	"0.01"	"0.005"	"0.01"	"100000"	"10000"	"200"	"6716416722792116823"	20000	"slope"	-0.24129704
"0.35"	"0.6"	"0.05"	"0.01"	"0.005"	"0.01"	"100000"	"10000"	"200"	"6716416722792116823"	20000	"intercept"	0.292378025
"0.35"	"0.6"	"0.05"	"0.01"	"0.005"	"0.01"	"100000"	"10000"	"200"	"6716416722792116823"	25000	"slope"	-0.24917562
"0.35"	"0.6"	"0.05"	"0.01"	"0.005"	"0.01"	"100000"	"10000"	"200"	"6716416722792116823"	25000	"intercept"	0.298107195
"0.35"	"0.6"	"0.05"	"0.01"	"0.005"	"0.01"	"100000"	"10000"	"200"	"6716416722792116823"	30000	"slope"	-0.242247445
"0.35"	"0.6"	"0.05"	"0.01"	"0.005"	"0.01"	"100000"	"10000"	"200"	"6716416722792116823"	30000	"intercept"	0.29533916
"0.35"	"0.6"	"0.05"	"0.01"	"0.005"	"0.01"	"100000"	"10000"	"200"	"6716416722792116823"	35000	"slope"	-0.24227701
"0.35"	"0.6"	"0.05"	"0.01"	"0.005"	"0.01"	"100000"	"10000"	"200"	"6716416722792116823"	35000	"intercept"	0.29844134
"0.35"	"0.6"	"0.05"	"0.01"	"0.005"	"0.01"	"100000"	"10000"	"200"	"6716416722792116823"	40000	"slope"	-0.25158839
"0.35"	"0.6"	"0.05"	"0.01"	"0.005"	"0.01"	"100000"	"10000"	"200"	"6716416722792116823"	40000	"intercept"	0.30759399
"0.35"	"0.6"	"0.05"	"0.01"	"0.005"	"0.01"	"100000"	"10000"	"200"	"6716416722792116823"	45000	"slope"	-0.263487
"0.35"	"0.6"	"0.05"	"0.01"	"0.005"	"0.01"	"100000"	"10000"	"200"	"6716416722792116823"	45000	"intercept"	0.316980555
"0.35"	"0.6"	"0.05"	"0.01"	"0.005"	"0.01"	"100000"	"10000"	"200"	"6716416722792116823"	50000	"slope"	-0.22951815
"0.35"	"0.6"	"0.05"	"0.01"	"0.005"	"0.01"	"100000"	"10000"	"200"	"6716416722792116823"	50000	"intercept"	0.293610575
"0.35"	"0.6"	"0.05"	"0.01"	"0.005"	"0.01"	"100000"	"10000"	"200"	"6716416722792116823"	55000	"slope"	-0.23286176
"0.35"	"0.6"	"0.05"	"0.01"	"0.005"	"0.01"	"100000"	"10000"	"200"	"6716416722792116823"	55000	"intercept"	0.29463102
"0.35"	"0.6"	"0.05"	"0.01"	"0.005"	"0.01"	"100000"	"10000"	"200"	"6716416722792116823"	60000	"slope"	-0.25069365
"0.35"	"0.6"	"0.05"	"0.01"	"0.005"	"0.01"	"100000"	"10000"	"200"	"6716416722792116823"	60000	"intercept"	0.30687173
"0.35"	"0.6"	"0.05"	"0.01"	"0.005"	"0.01"	"100000"	"10000"	"200"	"6716416722792116823"	65000	"slope"	-0.272983695
"0.35"	"0.6"	"0.05"	"0.01"	"0.005"	"0.01"	"100000"	"10000"	"200"	"6716416722792116823"	65000	"intercept"	0.32713432
"0.35"	"0.6"	"0.05"	"0.01"	"0.005"	"0.01"	"100000"	"10000"	"200"	"6716416722792116823"	70000	"slope"	-0.25733779
"0.35"	"0.6"	"0.05"	"0.01"	"0.005"	"0.01"	"100000"	"10000"	"200"	"6716416722792116823"	70000	"intercept"	0.31476233
"0.35"	"0.6"	"0.05"	"0.01"	"0.005"	"0.01"	"100000"	"10000"	"200"	"6716416722792116823"	75000	"slope"	-0.251614125
"0.35"	"0.6"	"0.05"	"0.01"	"0.005"	"0.01"	"100000"	"10000"	"200"	"6716416722792116823"	75000	"intercept"	0.30404858
"0.35"	"0.6"	"0.05"	"0.01"	"0.005"	"0.01"	"100000"	"10000"	"200"	"6716416722792116823"	80000	"slope"	-0.249369645
"0.35"	"0.6"	"0.05"	"0.01"	"0.005"	"0.01"	"100000"	"10000"	"200"	"6716416722792116823"	80000	"intercept"	0.30505402
"0.35"	"0.6"	"0.05"	"0.01"	"0.005"	"0.01"	"100000"	"10000"	"200"	"6716416722792116823"	85000	"slope"	-0.2505114
"0.35"	"0.6"	"0.05"	"0.01"	"0.005"	"0.01"	"100000"	"10000"	"200"	"6716416722792116823"	85000	"intercept"	0.30371532
"0.35"	"0.6"	"0.05"	"0.01"	"0.005"	"0.01"	"100000"	"10000"	"200"	"6716416722792116823"	90000	"slope"	-0.25749815
"0.35"	"0.6"	"0.05"	"0.01"	"0.005"	"0.01"	"100000"	"10000"	"200"	"6716416722792116823"	90000	"intercept"	0.309578995
"0.35"	"0.6"	"0.05"	"0.01"	"0.005"	"0.01"	"100000"	"10000"	"200"	"6716416722792116823"	95000	"slope"	-0.276431685
"0.35"	"0.6"	"0.05"	"0.01"	"0.005"	"0.01"	"100000"	"10000"	"200"	"6716416722792116823"	95000	"intercept"	0.325911725
"0.35"	"0.6"	"0.05"	"0.01"	"0.005"	"0.01"	"100000"	"10000"	"200"	"6716416722792116823"	100000	"slope"	-0.23245868
"0.35"	"0.6"	"0.05"	"0.01"	"0.005"	"0.01"	"100000"	"10000"	"200"	"6716416722792116823"	100000	"intercept"	0.289104895
"0.35"	"0.6"	"0.05"	"0.01"	"0.005"	"0.01"	"100000"	"10000"	"200"	"6765286557383767090"	10	"slope"	-4.946015e-05
"0.35"	"0.6"	"0.05"	"0.01"	"0.005"	"0.01"	"100000"	"10000"	"200"	"6765286557383767090"	10	"intercept"	0.49989137
"0.35"	"0.6"	"0.05"	"0.01"	"0.005"	"0.01"	"100000"	"10000"	"200"	"6765286557383767090"	5000	"slope"	-0.19261955
"0.35"	"0.6"	"0.05"	"0.01"	"0.005"	"0.01"	"100000"	"10000"	"200"	"6765286557383767090"	5000	"intercept"	0.25736253
"0.35"	"0.6"	"0.05"	"0.01"	"0.005"	"0.01"	"100000"	"10000"	"200"	"6765286557383767090"	10000	"slope"	-0.21828009
"0.35"	"0.6"	"0.05"	"0.01"	"0.005"	"0.01"	"100000"	"10000"	"200"	"6765286557383767090"	10000	"intercept"	0.27650762
"0.35"	"0.6"	"0.05"	"0.01"	"0.005"	"0.01"	"100000"	"10000"	"200"	"6765286557383767090"	15000	"slope"	-0.22089543
"0.35"	"0.6"	"0.05"	"0.01"	"0.005"	"0.01"	"100000"	"10000"	"200"	"6765286557383767090"	15000	"intercept"	0.28319582
"0.35"	"0.6"	"0.05"	"0.01"	"0.005"	"0.01"	"100000"	"10000"	"200"	"6765286557383767090"	20000	"slope"	-0.240797255
"0.35"	"0.6"	"0.05"	"0.01"	"0.005"	"0.01"	"100000"	"10000"	"200"	"6765286557383767090"	20000	"intercept"	0.294223395
"0.35"	"0.6"	"0.05"	"0.01"	"0.005"	"0.01"	"100000"	"10000"	"200"	"6765286557383767090"	25000	"slope"	-0.254339715
"0.35"	"0.6"	"0.05"	"0.01"	"0.005"	"0.01"	"100000"	"10000"	"200"	"6765286557383767090"	25000	"intercept"	0.30158695
"0.35"	"0.6"	"0.05"	"0.01"	"0.005"	"0.01"	"100000"	"10000"	"200"	"6765286557383767090"	30000	"slope"	-0.243490545
"0.35"	"0.6"	"0.05"	"0.01"	"0.005"	"0.01"	"100000"	"10000"	"200"	"6765286557383767090"	30000	"intercept"	0.29984935
"0.35"	"0.6"	"0.05"	"0.01"	"0.005"	"0.01"	"100000"	"10000"	"200"	"6765286557383767090"	35000	"slope"	-0.246022255
"0.35"	"0.6"	"0.05"	"0.01"	"0.005"	"0.01"	"100000"	"10000"	"200"	"6765286557383767090"	35000	"intercept"	0.29729792
"0.35"	"0.6"	"0.05"	"0.01"	"0.005"	"0.01"	"100000"	"10000"	"200"	"6765286557383767090"	40000	"slope"	-0.25086693
"0.35"	"0.6"	"0.05"	"0.01"	"0.005"	"0.01"	"100000"	"10000"	"200"	"6765286557383767090"	40000	"intercept"	0.30213704
"0.35"	"0.6"	"0.05"	"0.01"	"0.005"	"0.01"	"100000"	"10000"	"200"	"6765286557383767090"	45000	"slope"	-0.24163319
"0.35"	"0.6"	"0.05"	"0.01"	"0.005"	"0.01"	"100000"	"10000"	"200"	"6765286557383767090"	45000	"intercept"	0.29913746
"0.35"	"0.6"	"0.05"	"0.01"	"0.005"	"0.01"	"100000"	"10000"	"200"	"6765286557383767090"	50000	"slope"	-0.235367225
"0.35"	"0.6"	"0.05"	"0.01"	"0.005"	"0.01"	"100000"	"10000"	"200"	"6765286557383767090"	50000	"intercept"	0.29260725
"0.35"	"0.6"	"0.05"	"0.01"	"0.005"	"0.01"	"100000"	"10000"	"200"	"6765286557383767090"	55000	"slope"	-0.22584092
"0.35"	"0.6"	"0.05"	"0.01"	"0.005"	"0.01"	"100000"	"10000"	"200"	"6765286557383767090"	55000	"intercept"	0.29108821
"0.35"	"0.6"	"0.05"	"0.01"	"0.005"	"0.01"	"100000"	"10000"	"200"	"6765286557383767090"	60000	"slope"	-0.22055605
"0.35"	"0.6"	"0.05"	"0.01"	"0.005"	"0.01"	"100000"	"10000"	"200"	"6765286557383767090"	60000	"intercept"	0.280898435
"0.35"	"0.6"	"0.05"	"0.01"	"0.005"	"0.01"	"100000"	"10000"	"200"	"6765286557383767090"	65000	"slope"	-0.2242420245
"0.35"	"0.6"	"0.05"	"0.01"	"0.005"	"0.01"	"100000"	"10000"	"200"	"6765286557383767090"	65000	"intercept"	0.285974885
"0.35"	"0.6"	"0.05"	"0.01"	"0.005"	"0.01"	"100000"	"10000"	"200"	"6765286557383767090"	70000	"slope"	-0.23113066
"0.35"	"0.6"	"0.05"	"0.01"	"0.005"	"0.01"	"100000"	"10000"	"200"	"6765286557383767090"	70000	"intercept"	0.29224935
"0.35"	"0.6"	"0.05"	"0.01"	"0.005"	"0.01"	"100000"	"10000"	"200"	"6765286557383767090"	75000	"slope"	-0.23995718
"0.35"	"0.6"	"0.05"	"0.01"	"0.005"	"0.01"	"100000"	"10000"	"200"	"6765286557383767090"	75000	"intercept"	0.29276615
"0.35"	"0.6"	"0.05"	"0.01"	"0.005"	"0.01"	"100000"	"10000"	"200"	"6765286557383767090"	80000	"slope"	-0.23295947
"0.35"	"0.6"	"0.05"	"0.01"	"0.005"	"0.01"	"100000"	"10000"	"200"	"6765286557383767090"	80000	"intercept"	0.28913469
"0.35"	"0.6"	"0.05"	"0.01"	"0.005"	"0.01"	"100000"	"10000"	"200"	"6765286557383767090"	85000	"slope"	-0.222278555
"0.35"	"0.6"	"0.05"	"0.01"	"0.005"	"0.01"	"100000"	"10000"	"200"	"6765286557383767090"	85000	"intercept"	0.284620405
"0.35"	"0.6"	"0.05"	"0.01"	"0.005"	"0.01"	"100000"	"10000"	"200"	"6765286557383767090"	90000	"slope"	-0.24311658
"0.35"	"0.6"	"0.05"	"0.01"	"0.005"	"0.01"	"100000"	"10000"	"200"	"6765286557383767090"	90000	"intercept"	0.296585105
"0.35"	"0.6"	"0.05"	"0.01"	"0.005"	"0.01"	"100000"	"10000"	"200"	"6765286557383767090"	95000	"slope"	-0.226575085
"0.35"	"0.6"	"0.05"	"0.01"	"0.005"	"0.01"	"100000"	"10000"	"200"	"6765286557383767090"	95000	"intercept"	0.283309215
"0.35"	"0.6"	"0.05"	"0.01"	"0.005"	"0.01"	"100000"	"10000"	"200"	"6765286557383767090"	100000	"slope"	-0.236337995
"0.35"	"0.6"	"0.05"	"0.01"	"0.005"	"0.01"	"100000"	"10000"	"200"	"6765286557383767090"	100000	"intercept"	0.2955197
"0.35"	"0.8"	"0.05"	"0.01"	"0.005"	"0.01"	"100000"	"10000"	"200"	"1455599366255798718"	10	"slope"	0.00010141828
"0.35"	"0.8"	"0.05"	"0.01"	"0.005"	"0.01"	"100000"	"10000"	"200"	"1455599366255798718"	10	"intercept"	0.500087975
"0.35"	"0.8"	"0.05"	"0.01"	"0.005"	"0.01"	"100000"	"10000"	"200"	"1455599366255798718"	5000	"slope"	-0.163338925
"0.35"	"0.8"	"0.05"	"0.01"	"0.005"	"0.01"	"100000"	"10000"	"200"	"1455599366255798718"	5000	"intercept"	0.232611755
"0.35"	"0.8"	"0.05"	"0.01"	"0.005"	"0.01"	"100000"	"10000"	"200"	"1455599366255798718"	10000	"slope"	-0.219557925
"0.35"	"0.8"	"0.05"	"0.01"	"0.005"	"0.01"	"100000"	"10000"	"200"	"1455599366255798718"	10000	"intercept"	0.276369705
"0.35"	"0.8"	"0.05"	"0.01"	"0.005"	"0.01"	"100000"	"10000"	"200"	"1455599366255798718"	15000	"slope"	-0.230537725
"0.35"	"0.8"	"0.05"	"0.01"	"0.005"	"0.01"	"100000"	"10000"	"200"	"1455599366255798718"	15000	"intercept"	0.2769662
"0.35"	"0.8"	"0.05"	"0.01"	"0.005"	"0.01"	"100000"	"10000"	"200"	"1455599366255798718"	20000	"slope"	-0.21748965
"0.35"	"0.8"	"0.05"	"0.01"	"0.005"	"0.01"	"100000"	"10000"	"200"	"1455599366255798718"	20000	"intercept"	0.269804695
"0.35"	"0.8"	"0.05"	"0.01"	"0.005"	"0.01"	"100000"	"10000"	"200"	"1455599366255798718"	25000	"slope"	-0.23150767
"0.35"	"0.8"	"0.05"	"0.01"	"0.005"	"0.01"	"100000"	"10000"	"200"	"1455599366255798718"	25000	"intercept"	0.283840135
"0.35"	"0.8"	"0.05"	"0.01"	"0.005"	"0.01"	"100000"	"10000"	"200"	"1455599366255798718"	30000	"slope"	-0.21811342
"0.35"	"0.8"	"0.05"	"0.01"	"0.005"	"0.01"	"100000"	"10000"	"200"	"1455599366255798718"	30000	"intercept"	0.271295295
"0.35"	"0.8"	"0.05"	"0.01"	"0.005"	"0.01"	"100000"	"10000"	"200"	"1455599366255798718"	35000	"slope"	-0.216952865
"0.35"	"0.8"	"0.05"	"0.01"	"0.005"	"0.01"	"100000"	"10000"	"200"	"1455599366255798718"	35000	"intercept"	0.271043555
"0.35"	"0.8"	"0.05"	"0.01"	"0.005"	"0.01"	"100000"	"10000"	"200"	"1455599366255798718"	40000	"slope"	-0.25005278
"0.35"	"0.8"	"0.05"	"0.01"	"0.005"	"0.01"	"100000"	"10000"	"200"	"1455599366255798718"	40000	"intercept"	0.29928763
"0.35"	"0.8"	"0.05"	"0.01"	"0.005"	"0.01"	"100000"	"10000"	"200"	"1455599366255798718"	45000	"slope"	-0.231917805
"0.35"	"0.8"	"0.05"	"0.01"	"0.005"	"0.01"	"100000"	"10000"	"200"	"1455599366255798718"	45000	"intercept"	0.275407725
"0.35"	"0.8"	"0.05"	"0.01"	"0.005"	"0.01"	"100000"	"10000"	"200"	"1455599366255798718"	50000	"slope"	-0.229452575
"0.35"	"0.8"	"0.05"	"0.01"	"0.005"	"0.01"	"100000"	"10000"	"200"	"1455599366255798718"	50000	"intercept"	0.277433355
"0.35"	"0.8"	"0.05"	"0.01"	"0.005"	"0.01"	"100000"	"10000"	"200"	"1455599366255798718"	55000	"slope"	-0.23425175
"0.35"	"0.8"	"0.05"	"0.01"	"0.005"	"0.01"	"100000"	"10000"	"200"	"1455599366255798718"	55000	"intercept"	0.290680435
"0.35"	"0.8"	"0.05"	"0.01"	"0.005"	"0.01"	"100000"	"10000"	"200"	"1455599366255798718"	60000	"slope"	-0.223326025
"0.35"	"0.8"	"0.05"	"0.01"	"0.005"	"0.01"	"100000"	"10000"	"200"	"1455599366255798718"	60000	"intercept"	0.275829575
"0.35"	"0.8"	"0.05"	"0.01"	"0.005"	"0.01"	"100000"	"10000"	"200"	"1455599366255798718"	65000	"slope"	-0.224524795
"0.35"	"0.8"	"0.05"	"0.01"	"0.005"	"0.01"	"100000"	"10000"	"200"	"1455599366255798718"	65000	"intercept"	0.28025447
"0.35"	"0.8"	"0.05"	"0.01"	"0.005"	"0.01"	"100000"	"10000"	"200"	"1455599366255798718"	70000	"slope"	-0.238496755
"0.35"	"0.8"	"0.05"	"0.01"	"0.005"	"0.01"	"100000"	"10000"	"200"	"1455599366255798718"	70000	"intercept"	0.287997715
"0.35"	"0.8"	"0.05"	"0.01"	"0.005"	"0.01"	"100000"	"10000"	"200"	"1455599366255798718"	75000	"slope"	-0.23444715
"0.35"	"0.8"	"0.05"	"0.01"	"0.005"	"0.01"	"100000"	"10000"	"200"	"1455599366255798718"	75000	"intercept"	0.282809285
"0.35"	"0.8"	"0.05"	"0.01"	"0.005"	"0.01"	"100000"	"10000"	"200"	"1455599366255798718"	80000	"slope"	-0.2554616
"0.35"	"0.8"	"0.05"	"0.01"	"0.005"	"0.01"	"100000"	"10000"	"200"	"1455599366255798718"	80000	"intercept"	0.29975423
"0.35"	"0.8"	"0.05"	"0.01"	"0.005"	"0.01"	"100000"	"10000"	"200"	"1455599366255798718"	85000	"slope"	-0.263834955
"0.35"	"0.8"	"0.05"	"0.01"	"0.005"	"0.01"	"100000"	"10000"	"200"	"1455599366255798718"	85000	"intercept"	0.30516806
"0.35"	"0.8"	"0.05"	"0.01"	"0.005"	"0.01"	"100000"	"10000"	"200"	"1455599366255798718"	90000	"slope"	-0.2446909
"0.35"	"0.8"	"0.05"	"0.01"	"0.005"	"0.01"	"100000"	"10000"	"200"	"1455599366255798718"	90000	"intercept"	0.290426525
"0.35"	"0.8"	"0.05"	"0.01"	"0.005"	"0.01"	"100000"	"10000"	"200"	"1455599366255798718"	95000	"slope"	-0.262915715
"0.35"	"0.8"	"0.05"	"0.01"	"0.005"	"0.01"	"100000"	"10000"	"200"	"1455599366255798718"	95000	"intercept"	0.307973995
"0.35"	"0.8"	"0.05"	"0.01"	"0.005"	"0.01"	"100000"	"10000"	"200"	"1455599366255798718"	100000	"slope"	-0.22268741
"0.35"	"0.8"	"0.05"	"0.01"	"0.005"	"0.01"	"100000"	"10000"	"200"	"1455599366255798718"	100000	"intercept"	0.272107295
"0.35"	"0.8"	"0.05"	"0.01"	"0.005"	"0.01"	"100000"	"10000"	"200"	"6860992710736534598"	10	"slope"	5.289379e-05
"0.35"	"0.8"	"0.05"	"0.01"	"0.005"	"0.01"	"100000"	"10000"	"200"	"6860992710736534598"	10	"intercept"	0.500144135
"0.35"	"0.8"	"0.05"	"0.01"	"0.005"	"0.01"	"100000"	"10000"	"200"	"6860992710736534598"	5000	"slope"	-0.19519224
"0.35"	"0.8"	"0.05"	"0.01"	"0.005"	"0.01"	"100000"	"10000"	"200"	"6860992710736534598"	5000	"intercept"	0.253038945
"0.35"	"0.8"	"0.05"	"0.01"	"0.005"	"0.01"	"100000"	"10000"	"200"	"6860992710736534598"	10000	"slope"	-0.228284515
"0.35"	"0.8"	"0.05"	"0.01"	"0.005"	"0.01"	"100000"	"10000"	"200"	"6860992710736534598"	10000	"intercept"	0.27694832
"0.35"	"0.8"	"0.05"	"0.01"	"0.005"	"0.01"	"100000"	"10000"	"200"	"6860992710736534598"	15000	"slope"	-0.246472345
"0.35"	"0.8"	"0.05"	"0.01"	"0.005"	"0.01"	"100000"	"10000"	"200"	"6860992710736534598"	15000	"intercept"	0.2938407
"0.35"	"0.8"	"0.05"	"0.01"	"0.005"	"0.01"	"100000"	"10000"	"200"	"6860992710736534598"	20000	"slope"	-0.24093018
"0.35"	"0.8"	"0.05"	"0.01"	"0.005"	"0.01"	"100000"	"10000"	"200"	"6860992710736534598"	20000	"intercept"	0.289981545
"0.35"	"0.8"	"0.05"	"0.01"	"0.005"	"0.01"	"100000"	"10000"	"200"	"6860992710736534598"	25000	"slope"	-0.254308175
"0.35"	"0.8"	"0.05"	"0.01"	"0.005"	"0.01"	"100000"	"10000"	"200"	"6860992710736534598"	25000	"intercept"	0.29554364
"0.35"	"0.8"	"0.05"	"0.01"	"0.005"	"0.01"	"100000"	"10000"	"200"	"6860992710736534598"	30000	"slope"	-0.226144325
"0.35"	"0.8"	"0.05"	"0.01"	"0.005"	"0.01"	"100000"	"10000"	"200"	"6860992710736534598"	30000	"intercept"	0.279233235
"0.35"	"0.8"	"0.05"	"0.01"	"0.005"	"0.01"	"100000"	"10000"	"200"	"6860992710736534598"	35000	"slope"	-0.22934751
"0.35"	"0.8"	"0.05"	"0.01"	"0.005"	"0.01"	"100000"	"10000"	"200"	"6860992710736534598"	35000	"intercept"	0.280485105
"0.35"	"0.8"	"0.05"	"0.01"	"0.005"	"0.01"	"100000"	"10000"	"200"	"6860992710736534598"	40000	"slope"	-0.24889336
"0.35"	"0.8"	"0.05"	"0.01"	"0.005"	"0.01"	"100000"	"10000"	"200"	"6860992710736534598"	40000	"intercept"	0.29609176
"0.35"	"0.8"	"0.05"	"0.01"	"0.005"	"0.01"	"100000"	"10000"	"200"	"6860992710736534598"	45000	"slope"	-0.2383344
"0.35"	"0.8"	"0.05"	"0.01"	"0.005"	"0.01"	"100000"	"10000"	"200"	"6860992710736534598"	45000	"intercept"	0.28886757
"0.35"	"0.8"	"0.05"	"0.01"	"0.005"	"0.01"	"100000"	"10000"	"200"	"6860992710736534598"	50000	"slope"	-0.24200552
"0.35"	"0.8"	"0.05"	"0.01"	"0.005"	"0.01"	"100000"	"10000"	"200"	"6860992710736534598"	50000	"intercept"	0.289502035
"0.35"	"0.8"	"0.05"	"0.01"	"0.005"	"0.01"	"100000"	"10000"	"200"	"6860992710736534598"	55000	"slope"	-0.23119841
"0.35"	"0.8"	"0.05"	"0.01"	"0.005"	"0.01"	"100000"	"10000"	"200"	"6860992710736534598"	55000	"intercept"	0.28173088
"0.35"	"0.8"	"0.05"	"0.01"	"0.005"	"0.01"	"100000"	"10000"	"200"	"6860992710736534598"	60000	"slope"	-0.249944325
"0.35"	"0.8"	"0.05"	"0.01"	"0.005"	"0.01"	"100000"	"10000"	"200"	"6860992710736534598"	60000	"intercept"	0.291845335
"0.35"	"0.8"	"0.05"	"0.01"	"0.005"	"0.01"	"100000"	"10000"	"200"	"6860992710736534598"	65000	"slope"	-0.22962141
"0.35"	"0.8"	"0.05"	"0.01"	"0.005"	"0.01"	"100000"	"10000"	"200"	"6860992710736534598"	65000	"intercept"	0.283967825
"0.35"	"0.8"	"0.05"	"0.01"	"0.005"	"0.01"	"100000"	"10000"	"200"	"6860992710736534598"	70000	"slope"	-0.243310205
"0.35"	"0.8"	"0.05"	"0.01"	"0.005"	"0.01"	"100000"	"10000"	"200"	"6860992710736534598"	70000	"intercept"	0.297622295
"0.35"	"0.8"	"0.05"	"0.01"	"0.005"	"0.01"	"100000"	"10000"	"200"	"6860992710736534598"	75000	"slope"	-0.24074945
"0.35"	"0.8"	"0.05"	"0.01"	"0.005"	"0.01"	"100000"	"10000"	"200"	"6860992710736534598"	75000	"intercept"	0.2861583
"0.35"	"0.8"	"0.05"	"0.01"	"0.005"	"0.01"	"100000"	"10000"	"200"	"6860992710736534598"	80000	"slope"	-0.24799322
"0.35"	"0.8"	"0.05"	"0.01"	"0.005"	"0.01"	"100000"	"10000"	"200"	"6860992710736534598"	80000	"intercept"	0.294934535
"0.35"	"0.8"	"0.05"	"0.01"	"0.005"	"0.01"	"100000"	"10000"	"200"	"6860992710736534598"	85000	"slope"	-0.265988775
"0.35"	"0.8"	"0.05"	"0.01"	"0.005"	"0.01"	"100000"	"10000"	"200"	"6860992710736534598"	85000	"intercept"	0.308644965
"0.35"	"0.8"	"0.05"	"0.01"	"0.005"	"0.01"	"100000"	"10000"	"200"	"6860992710736534598"	90000	"slope"	-0.276925985
"0.35"	"0.8"	"0.05"	"0.01"	"0.005"	"0.01"	"100000"	"10000"	"200"	"6860992710736534598"	90000	"intercept"	0.31588095
"0.35"	"0.8"	"0.05"	"0.01"	"0.005"	"0.01"	"100000"	"10000"	"200"	"6860992710736534598"	95000	"slope"	-0.24116617
"0.35"	"0.8"	"0.05"	"0.01"	"0.005"	"0.01"	"100000"	"10000"	"200"	"6860992710736534598"	95000	"intercept"	0.28678128
"0.35"	"0.8"	"0.05"	"0.01"	"0.005"	"0.01"	"100000"	"10000"	"200"	"6860992710736534598"	100000	"slope"	-0.23901515
"0.35"	"0.8"	"0.05"	"0.01"	"0.005"	"0.01"	"100000"	"10000"	"200"	"6860992710736534598"	100000	"intercept"	0.282576565
"0.35"	"0.8"	"0.05"	"0.01"	"0.005"	"0.01"	"100000"	"10000"	"200"	"8137309122080243573"	10	"slope"	6.355864e-05
"0.35"	"0.8"	"0.05"	"0.01"	"0.005"	"0.01"	"100000"	"10000"	"200"	"8137309122080243573"	10	"intercept"	0.499897095
"0.35"	"0.8"	"0.05"	"0.01"	"0.005"	"0.01"	"100000"	"10000"	"200"	"8137309122080243573"	5000	"slope"	-0.169621739
"0.35"	"0.8"	"0.05"	"0.01"	"0.005"	"0.01"	"100000"	"10000"	"200"	"8137309122080243573"	5000	"intercept"	0.2389451
"0.35"	"0.8"	"0.05"	"0.01"	"0.005"	"0.01"	"100000"	"10000"	"200"	"8137309122080243573"	10000	"slope"	-0.19699327
"0.35"	"0.8"	"0.05"	"0.01"	"0.005"	"0.01"	"100000"	"10000"	"200"	"8137309122080243573"	10000	"intercept"	0.262954225
"0.35"	"0.8"	"0.05"	"0.01"	"0.005"	"0.01"	"100000"	"10000"	"200"	"8137309122080243573"	15000	"slope"	-0.228456005
"0.35"	"0.8"	"0.05"	"0.01"	"0.005"	"0.01"	"100000"	"10000"	"200"	"8137309122080243573"	15000	"intercept"	0.275880555
"0.35"	"0.8"	"0.05"	"0.01"	"0.005"	"0.01"	"100000"	"10000"	"200"	"8137309122080243573"	20000	"slope"	-0.23315071
"0.35"	"0.8"	"0.05"	"0.01"	"0.005"	"0.01"	"100000"	"10000"	"200"	"8137309122080243573"	20000	"intercept"	0.275230605
"0.35"	"0.8"	"0.05"	"0.01"	"0.005"	"0.01"	"100000"	"10000"	"200"	"8137309122080243573"	25000	"slope"	-0.218700925
"0.35"	"0.8"	"0.05"	"0.01"	"0.005"	"0.01"	"100000"	"10000"	"200"	"8137309122080243573"	25000	"intercept"	0.27245478
"0.35"	"0.8"	"0.05"	"0.01"	"0.005"	"0.01"	"100000"	"10000"	"200"	"8137309122080243573"	30000	"slope"	-0.22945327
"0.35"	"0.8"	"0.05"	"0.01"	"0.005"	"0.01"	"100000"	"10000"	"200"	"8137309122080243573"	30000	"intercept"	0.27823521
"0.35"	"0.8"	"0.05"	"0.01"	"0.005"	"0.01"	"100000"	"10000"	"200"	"8137309122080243573"	35000	"slope"	-0.246261035
"0.35"	"0.8"	"0.05"	"0.01"	"0.005"	"0.01"	"100000"	"10000"	"200"	"8137309122080243573"	35000	"intercept"	0.296299585
"0.35"	"0.8"	"0.05"	"0.01"	"0.005"	"0.01"	"100000"	"10000"	"200"	"8137309122080243573"	40000	"slope"	-0.24428339
"0.35"	"0.8"	"0.05"	"0.01"	"0.005"	"0.01"	"100000"	"10000"	"200"	"8137309122080243573"	40000	"intercept"	0.292633635
"0.35"	"0.8"	"0.05"	"0.01"	"0.005"	"0.01"	"100000"	"10000"	"200"	"8137309122080243573"	45000	"slope"	-0.27502083
"0.35"	"0.8"	"0.05"	"0.01"	"0.005"	"0.01"	"100000"	"10000"	"200"	"8137309122080243573"	45000	"intercept"	0.314973085
"0.35"	"0.8"	"0.05"	"0.01"	"0.005"	"0.01"	"100000"	"10000"	"200"	"8137309122080243573"	50000	"slope"	-0.248275775
"0.35"	"0.8"	"0.05"	"0.01"	"0.005"	"0.01"	"100000"	"10000"	"200"	"8137309122080243573"	50000	"intercept"	0.29437349
"0.35"	"0.8"	"0.05"	"0.01"	"0.005"	"0.01"	"100000"	"10000"	"200"	"8137309122080243573"	55000	"slope"	-0.23287127
"0.35"	"0.8"	"0.05"	"0.01"	"0.005"	"0.01"	"100000"	"10000"	"200"	"8137309122080243573"	55000	"intercept"	0.281347845
"0.35"	"0.8"	"0.05"	"0.01"	"0.005"	"0.01"	"100000"	"10000"	"200"	"8137309122080243573"	60000	"slope"	-0.240905875
"0.35"	"0.8"	"0.05"	"0.01"	"0.005"	"0.01"	"100000"	"10000"	"200"	"8137309122080243573"	60000	"intercept"	0.29347182
"0.35"	"0.8"	"0.05"	"0.01"	"0.005"	"0.01"	"100000"	"10000"	"200"	"8137309122080243573"	65000	"slope"	-0.26330335
"0.35"	"0.8"	"0.05"	"0.01"	"0.005"	"0.01"	"100000"	"10000"	"200"	"8137309122080243573"	65000	"intercept"	0.30955858
"0.35"	"0.8"	"0.05"	"0.01"	"0.005"	"0.01"	"100000"	"10000"	"200"	"8137309122080243573"	70000	"slope"	-0.22440119
"0.35"	"0.8"	"0.05"	"0.01"	"0.005"	"0.01"	"100000"	"10000"	"200"	"8137309122080243573"	70000	"intercept"	0.277045725
"0.35"	"0.8"	"0.05"	"0.01"	"0.005"	"0.01"	"100000"	"10000"	"200"	"8137309122080243573"	75000	"slope"	-0.250140969
"0.35"	"0.8"	"0.05"	"0.01"	"0.005"	"0.01"	"100000"	"10000"	"200"	"8137309122080243573"	75000	"intercept"	0.296146875
"0.35"	"0.8"	"0.05"	"0.01"	"0.005"	"0.01"	"100000"	"10000"	"200"	"8137309122080243573"	80000	"slope"	-0.249889725
"0.35"	"0.8"	"0.05"	"0.01"	"0.005"	"0.01"	"100000"	"10000"	"200"	"8137309122080243573"	80000	"intercept"	0.298174185
"0.35"	"0.8"	"0.05"	"0.01"	"0.005"	"0.01"	"100000"	"10000"	"200"	"8137309122080243573"	85000	"slope"	-0.24348677
"0.35"	"0.8"	"0.05"	"0.01"	"0.005"	"0.01"	"100000"	"10000"	"200"	"8137309122080243573"	85000	"intercept"	0.291761875
"0.35"	"0.8"	"0.05"	"0.01"	"0.005"	"0.01"	"100000"	"10000"	"200"	"8137309122080243573"	90000	"slope"	-0.238600435
"0.35"	"0.8"	"0.05"	"0.01"	"0.005"	"0.01"	"100000"	"10000"	"200"	"8137309122080243573"	90000	"intercept"	0.284353685
"0.35"	"0.8"	"0.05"	"0.01"	"0.005"	"0.01"	"100000"	"10000"	"200"	"8137309122080243573"	95000	"slope"	-0.239058165
"0.35"	"0.8"	"0.05"	"0.01"	"0.005"	"0.01"	"100000"	"10000"	"200"	"8137309122080243573"	95000	"intercept"	0.286737325
"0.35"	"0.8"	"0.05"	"0.01"	"0.005"	"0.01"	"100000"	"10000"	"200"	"8137309122080243573"	100000	"slope"	-0.2270246
"0.35"	"0.8"	"0.05"	"0.01"	"0.005"	"0.01"	"100000"	"10000"	"200"	"8137309122080243573"	100000	"intercept"	0.277167805
"0.45"	"0.0"	"0.05"	"0.01"	"0.005"	"0.01"	"100000"	"10000"	"200"	"1470347739308404636"	10	"slope"	-0.0001840899
"0.45"	"0.0"	"0.05"	"0.01"	"0.005"	"0.01"	"100000"	"10000"	"200"	"1470347739308404636"	10	"intercept"	0.499979765
"0.45"	"0.0"	"0.05"	"0.01"	"0.005"	"0.01"	"100000"	"10000"	"200"	"1470347739308404636"	5000	"slope"	-0.1592437185
"0.45"	"0.0"	"0.05"	"0.01"	"0.005"	"0.01"	"100000"	"10000"	"200"	"1470347739308404636"	5000	"intercept"	0.298774655
"0.45"	"0.0"	"0.05"	"0.01"	"0.005"	"0.01"	"100000"	"10000"	"200"	"1470347739308404636"	10000	"slope"	-0.188846167
"0.45"	"0.0"	"0.05"	"0.01"	"0.005"	"0.01"	"100000"	"10000"	"200"	"1470347739308404636"	10000	"intercept"	0.30738936
"0.45"	"0.0"	"0.05"	"0.01"	"0.005"	"0.01"	"100000"	"10000"	"200"	"1470347739308404636"	15000	"slope"	-0.24574213
"0.45"	"0.0"	"0.05"	"0.01"	"0.005"	"0.01"	"100000"	"10000"	"200"	"1470347739308404636"	15000	"intercept"	0.35158888
"0.45"	"0.0"	"0.05"	"0.01"	"0.005"	"0.01"	"100000"	"10000"	"200"	"1470347739308404636"	20000	"slope"	-0.258620985
"0.45"	"0.0"	"0.05"	"0.01"	"0.005"	"0.01"	"100000"	"10000"	"200"	"1470347739308404636"	20000	"intercept"	0.35822225
"0.45"	"0.0"	"0.05"	"0.01"	"0.005"	"0.01"	"100000"	"10000"	"200"	"1470347739308404636"	25000	"slope"	-0.247173755
"0.45"	"0.0"	"0.05"	"0.01"	"0.005"	"0.01"	"100000"	"10000"	"200"	"1470347739308404636"	25000	"intercept"	0.350854465
"0.45"	"0.0"	"0.05"	"0.01"	"0.005"	"0.01"	"100000"	"10000"	"200"	"1470347739308404636"	30000	"slope"	-0.260596395
"0.45"	"0.0"	"0.05"	"0.01"	"0.005"	"0.01"	"100000"	"10000"	"200"	"1470347739308404636"	30000	"intercept"	0.35512872
"0.45"	"0.0"	"0.05"	"0.01"	"0.005"	"0.01"	"100000"	"10000"	"200"	"1470347739308404636"	35000	"slope"	-0.26346238
"0.45"	"0.0"	"0.05"	"0.01"	"0.005"	"0.01"	"100000"	"10000"	"200"	"1470347739308404636"	35000	"intercept"	0.360859365
"0.45"	"0.0"	"0.05"	"0.01"	"0.005"	"0.01"	"100000"	"10000"	"200"	"1470347739308404636"	40000	"slope"	-0.23896781
"0.45"	"0.0"	"0.05"	"0.01"	"0.005"	"0.01"	"100000"	"10000"	"200"	"1470347739308404636"	40000	"intercept"	0.34309374
"0.45"	"0.0"	"0.05"	"0.01"	"0.005"	"0.01"	"100000"	"10000"	"200"	"1470347739308404636"	45000	"slope"	-0.208370865
"0.45"	"0.0"	"0.05"	"0.01"	"0.005"	"0.01"	"100000"	"10000"	"200"	"1470347739308404636"	45000	"intercept"	0.327391635
"0.45"	"0.0"	"0.05"	"0.01"	"0.005"	"0.01"	"100000"	"10000"	"200"	"1470347739308404636"	50000	"slope"	-0.25292488
"0.45"	"0.0"	"0.05"	"0.01"	"0.005"	"0.01"	"100000"	"10000"	"200"	"1470347739308404636"	50000	"intercept"	0.353116915
"0.45"	"0.0"	"0.05"	"0.01"	"0.005"	"0.01"	"100000"	"10000"	"200"	"1470347739308404636"	55000	"slope"	-0.233218775
"0.45"	"0.0"	"0.05"	"0.01"	"0.005"	"0.01"	"100000"	"10000"	"200"	"1470347739308404636"	55000	"intercept"	0.343489785
"0.45"	"0.0"	"0.05"	"0.01"	"0.005"	"0.01"	"100000"	"10000"	"200"	"1470347739308404636"	60000	"slope"	-0.22295673
"0.45"	"0.0"	"0.05"	"0.01"	"0.005"	"0.01"	"100000"	"10000"	"200"	"1470347739308404636"	60000	"intercept"	0.33255422
"0.45"	"0.0"	"0.05"	"0.01"	"0.005"	"0.01"	"100000"	"10000"	"200"	"1470347739308404636"	65000	"slope"	-0.241065
"0.45"	"0.0"	"0.05"	"0.01"	"0.005"	"0.01"	"100000"	"10000"	"200"	"1470347739308404636"	65000	"intercept"	0.351351745
"0.45"	"0.0"	"0.05"	"0.01"	"0.005"	"0.01"	"100000"	"10000"	"200"	"1470347739308404636"	70000	"slope"	-0.230901025
"0.45"	"0.0"	"0.05"	"0.01"	"0.005"	"0.01"	"100000"	"10000"	"200"	"1470347739308404636"	70000	"intercept"	0.338405425
"0.45"	"0.0"	"0.05"	"0.01"	"0.005"	"0.01"	"100000"	"10000"	"200"	"1470347739308404636"	75000	"slope"	-0.261628365
"0.45"	"0.0"	"0.05"	"0.01"	"0.005"	"0.01"	"100000"	"10000"	"200"	"1470347739308404636"	75000	"intercept"	0.35582348
"0.45"	"0.0"	"0.05"	"0.01"	"0.005"	"0.01"	"100000"	"10000"	"200"	"1470347739308404636"	80000	"slope"	-0.24400043
"0.45"	"0.0"	"0.05"	"0.01"	"0.005"	"0.01"	"100000"	"10000"	"200"	"1470347739308404636"	80000	"intercept"	0.346875
"0.45"	"0.0"	"0.05"	"0.01"	"0.005"	"0.01"	"100000"	"10000"	"200"	"1470347739308404636"	85000	"slope"	-0.244589555
"0.45"	"0.0"	"0.05"	"0.01"	"0.005"	"0.01"	"100000"	"10000"	"200"	"1470347739308404636"	85000	"intercept"	0.35056555
"0.45"	"0.0"	"0.05"	"0.01"	"0.005"	"0.01"	"100000"	"10000"	"200"	"1470347739308404636"	90000	"slope"	-0.232900755
"0.45"	"0.0"	"0.05"	"0.01"	"0.005"	"0.01"	"100000"	"10000"	"200"	"1470347739308404636"	90000	"intercept"	0.338518615
"0.45"	"0.0"	"0.05"	"0.01"	"0.005"	"0.01"	"100000"	"10000"	"200"	"1470347739308404636"	95000	"slope"	-0.243345395
"0.45"	"0.0"	"0.05"	"0.01"	"0.005"	"0.01"	"100000"	"10000"	"200"	"1470347739308404636"	95000	"intercept"	0.344122425
"0.45"	"0.0"	"0.05"	"0.01"	"0.005"	"0.01"	"100000"	"10000"	"200"	"1470347739308404636"	100000	"slope"	-0.25099072
"0.45"	"0.0"	"0.05"	"0.01"	"0.005"	"0.01"	"100000"	"10000"	"200"	"1470347739308404636"	100000	"intercept"	0.352529385
"0.45"	"0.0"	"0.05"	"0.01"	"0.005"	"0.01"	"100000"	"10000"	"200"	"6968460605275900471"	10	"slope"	3.502145e-05
"0.45"	"0.0"	"0.05"	"0.01"	"0.005"	"0.01"	"100000"	"10000"	"200"	"6968460605275900471"	10	"intercept"	0.49998396
"0.45"	"0.0"	"0.05"	"0.01"	"0.005"	"0.01"	"100000"	"10000"	"200"	"6968460605275900471"	5000	"slope"	-0.1548601515
"0.45"	"0.0"	"0.05"	"0.01"	"0.005"	"0.01"	"100000"	"10000"	"200"	"6968460605275900471"	5000	"intercept"	0.299954535
"0.45"	"0.0"	"0.05"	"0.01"	"0.005"	"0.01"	"100000"	"10000"	"200"	"6968460605275900471"	10000	"slope"	-0.21177498
"0.45"	"0.0"	"0.05"	"0.01"	"0.005"	"0.01"	"100000"	"10000"	"200"	"6968460605275900471"	10000	"intercept"	0.329204845
"0.45"	"0.0"	"0.05"	"0.01"	"0.005"	"0.01"	"100000"	"10000"	"200"	"6968460605275900471"	15000	"slope"	-0.209901535
"0.45"	"0.0"	"0.05"	"0.01"	"0.005"	"0.01"	"100000"	"10000"	"200"	"6968460605275900471"	15000	"intercept"	0.3269734
"0.45"	"0.0"	"0.05"	"0.01"	"0.005"	"0.01"	"100000"	"10000"	"200"	"6968460605275900471"	20000	"slope"	-0.241562395
"0.45"	"0.0"	"0.05"	"0.01"	"0.005"	"0.01"	"100000"	"10000"	"200"	"6968460605275900471"	20000	"intercept"	0.3452672
"0.45"	"0.0"	"0.05"	"0.01"	"0.005"	"0.01"	"100000"	"10000"	"200"	"6968460605275900471"	25000	"slope"	-0.254331045
"0.45"	"0.0"	"0.05"	"0.01"	"0.005"	"0.01"	"100000"	"10000"	"200"	"6968460605275900471"	25000	"intercept"	0.35266334
"0.45"	"0.0"	"0.05"	"0.01"	"0.005"	"0.01"	"100000"	"10000"	"200"	"6968460605275900471"	30000	"slope"	-0.25812293
"0.45"	"0.0"	"0.05"	"0.01"	"0.005"	"0.01"	"100000"	"10000"	"200"	"6968460605275900471"	30000	"intercept"	0.356656035
"0.45"	"0.0"	"0.05"	"0.01"	"0.005"	"0.01"	"100000"	"10000"	"200"	"6968460605275900471"	35000	"slope"	-0.25453406
"0.45"	"0.0"	"0.05"	"0.01"	"0.005"	"0.01"	"100000"	"10000"	"200"	"6968460605275900471"	35000	"intercept"	0.35644226
"0.45"	"0.0"	"0.05"	"0.01"	"0.005"	"0.01"	"100000"	"10000"	"200"	"6968460605275900471"	40000	"slope"	-0.25586289
"0.45"	"0.0"	"0.05"	"0.01"	"0.005"	"0.01"	"100000"	"10000"	"200"	"6968460605275900471"	40000	"intercept"	0.356535375
"0.45"	"0.0"	"0.05"	"0.01"	"0.005"	"0.01"	"100000"	"10000"	"200"	"6968460605275900471"	45000	"slope"	-0.253774715
"0.45"	"0.0"	"0.05"	"0.01"	"0.005"	"0.01"	"100000"	"10000"	"200"	"6968460605275900471"	45000	"intercept"	0.359357855
"0.45"	"0.0"	"0.05"	"0.01"	"0.005"	"0.01"	"100000"	"10000"	"200"	"6968460605275900471"	50000	"slope"	-0.265144825
"0.45"	"0.0"	"0.05"	"0.01"	"0.005"	"0.01"	"100000"	"10000"	"200"	"6968460605275900471"	50000	"intercept"	0.35679348
"0.45"	"0.0"	"0.05"	"0.01"	"0.005"	"0.01"	"100000"	"10000"	"200"	"6968460605275900471"	55000	"slope"	-0.25802323
"0.45"	"0.0"	"0.05"	"0.01"	"0.005"	"0.01"	"100000"	"10000"	"200"	"6968460605275900471"	55000	"intercept"	0.354079815
"0.45"	"0.0"	"0.05"	"0.01"	"0.005"	"0.01"	"100000"	"10000"	"200"	"6968460605275900471"	60000	"slope"	-0.2370739
"0.45"	"0.0"	"0.05"	"0.01"	"0.005"	"0.01"	"100000"	"10000"	"200"	"6968460605275900471"	60000	"intercept"	0.35098737
"0.45"	"0.0"	"0.05"	"0.01"	"0.005"	"0.01"	"100000"	"10000"	"200"	"6968460605275900471"	65000	"slope"	-0.236695495
"0.45"	"0.0"	"0.05"	"0.01"	"0.005"	"0.01"	"100000"	"10000"	"200"	"6968460605275900471"	65000	"intercept"	0.34361183
"0.45"	"0.0"	"0.05"	"0.01"	"0.005"	"0.01"	"100000"	"10000"	"200"	"6968460605275900471"	70000	"slope"	-0.26618183
"0.45"	"0.0"	"0.05"	"0.01"	"0.005"	"0.01"	"100000"	"10000"	"200"	"6968460605275900471"	70000	"intercept"	0.35964708
"0.45"	"0.0"	"0.05"	"0.01"	"0.005"	"0.01"	"100000"	"10000"	"200"	"6968460605275900471"	75000	"slope"	-0.273101005
"0.45"	"0.0"	"0.05"	"0.01"	"0.005"	"0.01"	"100000"	"10000"	"200"	"6968460605275900471"	75000	"intercept"	0.36246857
"0.45"	"0.0"	"0.05"	"0.01"	"0.005"	"0.01"	"100000"	"10000"	"200"	"6968460605275900471"	80000	"slope"	-0.256993355
"0.45"	"0.0"	"0.05"	"0.01"	"0.005"	"0.01"	"100000"	"10000"	"200"	"6968460605275900471"	80000	"intercept"	0.35426288
"0.45"	"0.0"	"0.05"	"0.01"	"0.005"	"0.01"	"100000"	"10000"	"200"	"6968460605275900471"	85000	"slope"	-0.248831825
"0.45"	"0.0"	"0.05"	"0.01"	"0.005"	"0.01"	"100000"	"10000"	"200"	"6968460605275900471"	85000	"intercept"	0.355147935
"0.45"	"0.0"	"0.05"	"0.01"	"0.005"	"0.01"	"100000"	"10000"	"200"	"6968460605275900471"	90000	"slope"	-0.252347695
"0.45"	"0.0"	"0.05"	"0.01"	"0.005"	"0.01"	"100000"	"10000"	"200"	"6968460605275900471"	90000	"intercept"	0.358684425
"0.45"	"0.0"	"0.05"	"0.01"	"0.005"	"0.01"	"100000"	"10000"	"200"	"6968460605275900471"	95000	"slope"	-0.280194805
"0.45"	"0.0"	"0.05"	"0.01"	"0.005"	"0.01"	"100000"	"10000"	"200"	"6968460605275900471"	95000	"intercept"	0.37189027
"0.45"	"0.0"	"0.05"	"0.01"	"0.005"	"0.01"	"100000"	"10000"	"200"	"6968460605275900471"	100000	"slope"	-0.2767496
"0.45"	"0.0"	"0.05"	"0.01"	"0.005"	"0.01"	"100000"	"10000"	"200"	"6968460605275900471"	100000	"intercept"	0.372215035
"0.45"	"0.0"	"0.05"	"0.01"	"0.005"	"0.01"	"100000"	"10000"	"200"	"8766166215425138983"	10	"slope"	3.2631401e-05
"0.45"	"0.0"	"0.05"	"0.01"	"0.005"	"0.01"	"100000"	"10000"	"200"	"8766166215425138983"	10	"intercept"	0.499950955
"0.45"	"0.0"	"0.05"	"0.01"	"0.005"	"0.01"	"100000"	"10000"	"200"	"8766166215425138983"	5000	"slope"	-0.13154675414
"0.45"	"0.0"	"0.05"	"0.01"	"0.005"	"0.01"	"100000"	"10000"	"200"	"8766166215425138983"	5000	"intercept"	0.28355048
"0.45"	"0.0"	"0.05"	"0.01"	"0.005"	"0.01"	"100000"	"10000"	"200"	"8766166215425138983"	10000	"slope"	-0.20998977
"0.45"	"0.0"	"0.05"	"0.01"	"0.005"	"0.01"	"100000"	"10000"	"200"	"8766166215425138983"	10000	"intercept"	0.324990065
"0.45"	"0.0"	"0.05"	"0.01"	"0.005"	"0.01"	"100000"	"10000"	"200"	"8766166215425138983"	15000	"slope"	-0.2121477315
"0.45"	"0.0"	"0.05"	"0.01"	"0.005"	"0.01"	"100000"	"10000"	"200"	"8766166215425138983"	15000	"intercept"	0.327598435
"0.45"	"0.0"	"0.05"	"0.01"	"0.005"	"0.01"	"100000"	"10000"	"200"	"8766166215425138983"	20000	"slope"	-0.214863295
"0.45"	"0.0"	"0.05"	"0.01"	"0.005"	"0.01"	"100000"	"10000"	"200"	"8766166215425138983"	20000	"intercept"	0.331186935
"0.45"	"0.0"	"0.05"	"0.01"	"0.005"	"0.01"	"100000"	"10000"	"200"	"8766166215425138983"	25000	"slope"	-0.218409515
"0.45"	"0.0"	"0.05"	"0.01"	"0.005"	"0.01"	"100000"	"10000"	"200"	"8766166215425138983"	25000	"intercept"	0.330648395
"0.45"	"0.0"	"0.05"	"0.01"	"0.005"	"0.01"	"100000"	"10000"	"200"	"8766166215425138983"	30000	"slope"	-0.246840415
"0.45"	"0.0"	"0.05"	"0.01"	"0.005"	"0.01"	"100000"	"10000"	"200"	"8766166215425138983"	30000	"intercept"	0.3467236
"0.45"	"0.0"	"0.05"	"0.01"	"0.005"	"0.01"	"100000"	"10000"	"200"	"8766166215425138983"	35000	"slope"	-0.264910035
"0.45"	"0.0"	"0.05"	"0.01"	"0.005"	"0.01"	"100000"	"10000"	"200"	"8766166215425138983"	35000	"intercept"	0.350554685
"0.45"	"0.0"	"0.05"	"0.01"	"0.005"	"0.01"	"100000"	"10000"	"200"	"8766166215425138983"	40000	"slope"	-0.262590105
"0.45"	"0.0"	"0.05"	"0.01"	"0.005"	"0.01"	"100000"	"10000"	"200"	"8766166215425138983"	40000	"intercept"	0.35868155
"0.45"	"0.0"	"0.05"	"0.01"	"0.005"	"0.01"	"100000"	"10000"	"200"	"8766166215425138983"	45000	"slope"	-0.26861902
"0.45"	"0.0"	"0.05"	"0.01"	"0.005"	"0.01"	"100000"	"10000"	"200"	"8766166215425138983"	45000	"intercept"	0.371002255
"0.45"	"0.0"	"0.05"	"0.01"	"0.005"	"0.01"	"100000"	"10000"	"200"	"8766166215425138983"	50000	"slope"	-0.245638625
"0.45"	"0.0"	"0.05"	"0.01"	"0.005"	"0.01"	"100000"	"10000"	"200"	"8766166215425138983"	50000	"intercept"	0.35124656
"0.45"	"0.0"	"0.05"	"0.01"	"0.005"	"0.01"	"100000"	"10000"	"200"	"8766166215425138983"	55000	"slope"	-0.22555839
"0.45"	"0.0"	"0.05"	"0.01"	"0.005"	"0.01"	"100000"	"10000"	"200"	"8766166215425138983"	55000	"intercept"	0.33741996
"0.45"	"0.0"	"0.05"	"0.01"	"0.005"	"0.01"	"100000"	"10000"	"200"	"8766166215425138983"	60000	"slope"	-0.220674445
"0.45"	"0.0"	"0.05"	"0.01"	"0.005"	"0.01"	"100000"	"10000"	"200"	"8766166215425138983"	60000	"intercept"	0.336790725
"0.45"	"0.0"	"0.05"	"0.01"	"0.005"	"0.01"	"100000"	"10000"	"200"	"8766166215425138983"	65000	"slope"	-0.24993703
"0.45"	"0.0"	"0.05"	"0.01"	"0.005"	"0.01"	"100000"	"10000"	"200"	"8766166215425138983"	65000	"intercept"	0.34914541
"0.45"	"0.0"	"0.05"	"0.01"	"0.005"	"0.01"	"100000"	"10000"	"200"	"8766166215425138983"	70000	"slope"	-0.241271505
"0.45"	"0.0"	"0.05"	"0.01"	"0.005"	"0.01"	"100000"	"10000"	"200"	"8766166215425138983"	70000	"intercept"	0.342394035
"0.45"	"0.0"	"0.05"	"0.01"	"0.005"	"0.01"	"100000"	"10000"	"200"	"8766166215425138983"	75000	"slope"	-0.25040255
"0.45"	"0.0"	"0.05"	"0.01"	"0.005"	"0.01"	"100000"	"10000"	"200"	"8766166215425138983"	75000	"intercept"	0.350009885
"0.45"	"0.0"	"0.05"	"0.01"	"0.005"	"0.01"	"100000"	"10000"	"200"	"8766166215425138983"	80000	"slope"	-0.2597325
"0.45"	"0.0"	"0.05"	"0.01"	"0.005"	"0.01"	"100000"	"10000"	"200"	"8766166215425138983"	80000	"intercept"	0.358144345
"0.45"	"0.0"	"0.05"	"0.01"	"0.005"	"0.01"	"100000"	"10000"	"200"	"8766166215425138983"	85000	"slope"	-0.25298842
"0.45"	"0.0"	"0.05"	"0.01"	"0.005"	"0.01"	"100000"	"10000"	"200"	"8766166215425138983"	85000	"intercept"	0.36015956
"0.45"	"0.0"	"0.05"	"0.01"	"0.005"	"0.01"	"100000"	"10000"	"200"	"8766166215425138983"	90000	"slope"	-0.26749398
"0.45"	"0.0"	"0.05"	"0.01"	"0.005"	"0.01"	"100000"	"10000"	"200"	"8766166215425138983"	90000	"intercept"	0.367770455
"0.45"	"0.0"	"0.05"	"0.01"	"0.005"	"0.01"	"100000"	"10000"	"200"	"8766166215425138983"	95000	"slope"	-0.257495625
"0.45"	"0.0"	"0.05"	"0.01"	"0.005"	"0.01"	"100000"	"10000"	"200"	"8766166215425138983"	95000	"intercept"	0.35631967
"0.45"	"0.0"	"0.05"	"0.01"	"0.005"	"0.01"	"100000"	"10000"	"200"	"8766166215425138983"	100000	"slope"	-0.240475835
"0.45"	"0.0"	"0.05"	"0.01"	"0.005"	"0.01"	"100000"	"10000"	"200"	"8766166215425138983"	100000	"intercept"	0.348230115
"0.45"	"0.4"	"0.05"	"0.01"	"0.005"	"0.01"	"100000"	"10000"	"200"	"2144773314665586965"	10	"slope"	-0.00010947325
"0.45"	"0.4"	"0.05"	"0.01"	"0.005"	"0.01"	"100000"	"10000"	"200"	"2144773314665586965"	10	"intercept"	0.49989204
"0.45"	"0.4"	"0.05"	"0.01"	"0.005"	"0.01"	"100000"	"10000"	"200"	"2144773314665586965"	5000	"slope"	-0.1732950915
"0.45"	"0.4"	"0.05"	"0.01"	"0.005"	"0.01"	"100000"	"10000"	"200"	"2144773314665586965"	5000	"intercept"	0.27712978
"0.45"	"0.4"	"0.05"	"0.01"	"0.005"	"0.01"	"100000"	"10000"	"200"	"2144773314665586965"	10000	"slope"	-0.216975595
"0.45"	"0.4"	"0.05"	"0.01"	"0.005"	"0.01"	"100000"	"10000"	"200"	"2144773314665586965"	10000	"intercept"	0.300940855
"0.45"	"0.4"	"0.05"	"0.01"	"0.005"	"0.01"	"100000"	"10000"	"200"	"2144773314665586965"	15000	"slope"	-0.240440255
"0.45"	"0.4"	"0.05"	"0.01"	"0.005"	"0.01"	"100000"	"10000"	"200"	"2144773314665586965"	15000	"intercept"	0.310696335
"0.45"	"0.4"	"0.05"	"0.01"	"0.005"	"0.01"	"100000"	"10000"	"200"	"2144773314665586965"	20000	"slope"	-0.231854645
"0.45"	"0.4"	"0.05"	"0.01"	"0.005"	"0.01"	"100000"	"10000"	"200"	"2144773314665586965"	20000	"intercept"	0.310470135
"0.45"	"0.4"	"0.05"	"0.01"	"0.005"	"0.01"	"100000"	"10000"	"200"	"2144773314665586965"	25000	"slope"	-0.262319055
"0.45"	"0.4"	"0.05"	"0.01"	"0.005"	"0.01"	"100000"	"10000"	"200"	"2144773314665586965"	25000	"intercept"	0.335780955
"0.45"	"0.4"	"0.05"	"0.01"	"0.005"	"0.01"	"100000"	"10000"	"200"	"2144773314665586965"	30000	"slope"	-0.266548905
"0.45"	"0.4"	"0.05"	"0.01"	"0.005"	"0.01"	"100000"	"10000"	"200"	"2144773314665586965"	30000	"intercept"	0.33110221
"0.45"	"0.4"	"0.05"	"0.01"	"0.005"	"0.01"	"100000"	"10000"	"200"	"2144773314665586965"	35000	"slope"	-0.28689182
"0.45"	"0.4"	"0.05"	"0.01"	"0.005"	"0.01"	"100000"	"10000"	"200"	"2144773314665586965"	35000	"intercept"	0.34936515
"0.45"	"0.4"	"0.05"	"0.01"	"0.005"	"0.01"	"100000"	"10000"	"200"	"2144773314665586965"	40000	"slope"	-0.26610266
"0.45"	"0.4"	"0.05"	"0.01"	"0.005"	"0.01"	"100000"	"10000"	"200"	"2144773314665586965"	40000	"intercept"	0.33513778
"0.45"	"0.4"	"0.05"	"0.01"	"0.005"	"0.01"	"100000"	"10000"	"200"	"2144773314665586965"	45000	"slope"	-0.27623251
"0.45"	"0.4"	"0.05"	"0.01"	"0.005"	"0.01"	"100000"	"10000"	"200"	"2144773314665586965"	45000	"intercept"	0.33849738
"0.45"	"0.4"	"0.05"	"0.01"	"0.005"	"0.01"	"100000"	"10000"	"200"	"2144773314665586965"	50000	"slope"	-0.2615038
"0.45"	"0.4"	"0.05"	"0.01"	"0.005"	"0.01"	"100000"	"10000"	"200"	"2144773314665586965"	50000	"intercept"	0.33071649
"0.45"	"0.4"	"0.05"	"0.01"	"0.005"	"0.01"	"100000"	"10000"	"200"	"2144773314665586965"	55000	"slope"	-0.259130555
"0.45"	"0.4"	"0.05"	"0.01"	"0.005"	"0.01"	"100000"	"10000"	"200"	"2144773314665586965"	55000	"intercept"	0.333656735
"0.45"	"0.4"	"0.05"	"0.01"	"0.005"	"0.01"	"100000"	"10000"	"200"	"2144773314665586965"	60000	"slope"	-0.252344835
"0.45"	"0.4"	"0.05"	"0.01"	"0.005"	"0.01"	"100000"	"10000"	"200"	"2144773314665586965"	60000	"intercept"	0.32585026
"0.45"	"0.4"	"0.05"	"0.01"	"0.005"	"0.01"	"100000"	"10000"	"200"	"2144773314665586965"	65000	"slope"	-0.26037659
"0.45"	"0.4"	"0.05"	"0.01"	"0.005"	"0.01"	"100000"	"10000"	"200"	"2144773314665586965"	65000	"intercept"	0.33002058
"0.45"	"0.4"	"0.05"	"0.01"	"0.005"	"0.01"	"100000"	"10000"	"200"	"2144773314665586965"	70000	"slope"	-0.240289195
"0.45"	"0.4"	"0.05"	"0.01"	"0.005"	"0.01"	"100000"	"10000"	"200"	"2144773314665586965"	70000	"intercept"	0.31439757
"0.45"	"0.4"	"0.05"	"0.01"	"0.005"	"0.01"	"100000"	"10000"	"200"	"2144773314665586965"	75000	"slope"	-0.262325385
"0.45"	"0.4"	"0.05"	"0.01"	"0.005"	"0.01"	"100000"	"10000"	"200"	"2144773314665586965"	75000	"intercept"	0.33069951
"0.45"	"0.4"	"0.05"	"0.01"	"0.005"	"0.01"	"100000"	"10000"	"200"	"2144773314665586965"	80000	"slope"	-0.25441405
"0.45"	"0.4"	"0.05"	"0.01"	"0.005"	"0.01"	"100000"	"10000"	"200"	"2144773314665586965"	80000	"intercept"	0.32622074
"0.45"	"0.4"	"0.05"	"0.01"	"0.005"	"0.01"	"100000"	"10000"	"200"	"2144773314665586965"	85000	"slope"	-0.24697181
"0.45"	"0.4"	"0.05"	"0.01"	"0.005"	"0.01"	"100000"	"10000"	"200"	"2144773314665586965"	85000	"intercept"	0.32090848
"0.45"	"0.4"	"0.05"	"0.01"	"0.005"	"0.01"	"100000"	"10000"	"200"	"2144773314665586965"	90000	"slope"	-0.245599825
"0.45"	"0.4"	"0.05"	"0.01"	"0.005"	"0.01"	"100000"	"10000"	"200"	"2144773314665586965"	90000	"intercept"	0.319060505
"0.45"	"0.4"	"0.05"	"0.01"	"0.005"	"0.01"	"100000"	"10000"	"200"	"2144773314665586965"	95000	"slope"	-0.265512755
"0.45"	"0.4"	"0.05"	"0.01"	"0.005"	"0.01"	"100000"	"10000"	"200"	"2144773314665586965"	95000	"intercept"	0.334391185
"0.45"	"0.4"	"0.05"	"0.01"	"0.005"	"0.01"	"100000"	"10000"	"200"	"2144773314665586965"	100000	"slope"	-0.267040515
"0.45"	"0.4"	"0.05"	"0.01"	"0.005"	"0.01"	"100000"	"10000"	"200"	"2144773314665586965"	100000	"intercept"	0.331138215
"0.45"	"0.4"	"0.05"	"0.01"	"0.005"	"0.01"	"100000"	"10000"	"200"	"2839152531512426484"	10	"slope"	1.4983885e-05
"0.45"	"0.4"	"0.05"	"0.01"	"0.005"	"0.01"	"100000"	"10000"	"200"	"2839152531512426484"	10	"intercept"	0.50033425
"0.45"	"0.4"	"0.05"	"0.01"	"0.005"	"0.01"	"100000"	"10000"	"200"	"2839152531512426484"	5000	"slope"	-0.211755025
"0.45"	"0.4"	"0.05"	"0.01"	"0.005"	"0.01"	"100000"	"10000"	"200"	"2839152531512426484"	5000	"intercept"	0.296400505
"0.45"	"0.4"	"0.05"	"0.01"	"0.005"	"0.01"	"100000"	"10000"	"200"	"2839152531512426484"	10000	"slope"	-0.25694135
"0.45"	"0.4"	"0.05"	"0.01"	"0.005"	"0.01"	"100000"	"10000"	"200"	"2839152531512426484"	10000	"intercept"	0.32838813
"0.45"	"0.4"	"0.05"	"0.01"	"0.005"	"0.01"	"100000"	"10000"	"200"	"2839152531512426484"	15000	"slope"	-0.269822505
"0.45"	"0.4"	"0.05"	"0.01"	"0.005"	"0.01"	"100000"	"10000"	"200"	"2839152531512426484"	15000	"intercept"	0.341684295
"0.45"	"0.4"	"0.05"	"0.01"	"0.005"	"0.01"	"100000"	"10000"	"200"	"2839152531512426484"	20000	"slope"	-0.267044055
"0.45"	"0.4"	"0.05"	"0.01"	"0.005"	"0.01"	"100000"	"10000"	"200"	"2839152531512426484"	20000	"intercept"	0.3353849
"0.45"	"0.4"	"0.05"	"0.01"	"0.005"	"0.01"	"100000"	"10000"	"200"	"2839152531512426484"	25000	"slope"	-0.26553239
"0.45"	"0.4"	"0.05"	"0.01"	"0.005"	"0.01"	"100000"	"10000"	"200"	"2839152531512426484"	25000	"intercept"	0.338926565
"0.45"	"0.4"	"0.05"	"0.01"	"0.005"	"0.01"	"100000"	"10000"	"200"	"2839152531512426484"	30000	"slope"	-0.24526949
"0.45"	"0.4"	"0.05"	"0.01"	"0.005"	"0.01"	"100000"	"10000"	"200"	"2839152531512426484"	30000	"intercept"	0.3183532
"0.45"	"0.4"	"0.05"	"0.01"	"0.005"	"0.01"	"100000"	"10000"	"200"	"2839152531512426484"	35000	"slope"	-0.251230795
"0.45"	"0.4"	"0.05"	"0.01"	"0.005"	"0.01"	"100000"	"10000"	"200"	"2839152531512426484"	35000	"intercept"	0.3227941
"0.45"	"0.4"	"0.05"	"0.01"	"0.005"	"0.01"	"100000"	"10000"	"200"	"2839152531512426484"	40000	"slope"	-0.242036995
"0.45"	"0.4"	"0.05"	"0.01"	"0.005"	"0.01"	"100000"	"10000"	"200"	"2839152531512426484"	40000	"intercept"	0.317375675
"0.45"	"0.4"	"0.05"	"0.01"	"0.005"	"0.01"	"100000"	"10000"	"200"	"2839152531512426484"	45000	"slope"	-0.23821782
"0.45"	"0.4"	"0.05"	"0.01"	"0.005"	"0.01"	"100000"	"10000"	"200"	"2839152531512426484"	45000	"intercept"	0.317660665
"0.45"	"0.4"	"0.05"	"0.01"	"0.005"	"0.01"	"100000"	"10000"	"200"	"2839152531512426484"	50000	"slope"	-0.238413635
"0.45"	"0.4"	"0.05"	"0.01"	"0.005"	"0.01"	"100000"	"10000"	"200"	"2839152531512426484"	50000	"intercept"	0.312655745
"0.45"	"0.4"	"0.05"	"0.01"	"0.005"	"0.01"	"100000"	"10000"	"200"	"2839152531512426484"	55000	"slope"	-0.240357585
"0.45"	"0.4"	"0.05"	"0.01"	"0.005"	"0.01"	"100000"	"10000"	"200"	"2839152531512426484"	55000	"intercept"	0.318833355
"0.45"	"0.4"	"0.05"	"0.01"	"0.005"	"0.01"	"100000"	"10000"	"200"	"2839152531512426484"	60000	"slope"	-0.22487075
"0.45"	"0.4"	"0.05"	"0.01"	"0.005"	"0.01"	"100000"	"10000"	"200"	"2839152531512426484"	60000	"intercept"	0.30923629
"0.45"	"0.4"	"0.05"	"0.01"	"0.005"	"0.01"	"100000"	"10000"	"200"	"2839152531512426484"	65000	"slope"	-0.239860495
"0.45"	"0.4"	"0.05"	"0.01"	"0.005"	"0.01"	"100000"	"10000"	"200"	"2839152531512426484"	65000	"intercept"	0.317361575
"0.45"	"0.4"	"0.05"	"0.01"	"0.005"	"0.01"	"100000"	"10000"	"200"	"2839152531512426484"	70000	"slope"	-0.233769915
"0.45"	"0.4"	"0.05"	"0.01"	"0.005"	"0.01"	"100000"	"10000"	"200"	"2839152531512426484"	70000	"intercept"	0.313111375
"0.45"	"0.4"	"0.05"	"0.01"	"0.005"	"0.01"	"100000"	"10000"	"200"	"2839152531512426484"	75000	"slope"	-0.246289275
"0.45"	"0.4"	"0.05"	"0.01"	"0.005"	"0.01"	"100000"	"10000"	"200"	"2839152531512426484"	75000	"intercept"	0.31609033
"0.45"	"0.4"	"0.05"	"0.01"	"0.005"	"0.01"	"100000"	"10000"	"200"	"2839152531512426484"	80000	"slope"	-0.246051995
"0.45"	"0.4"	"0.05"	"0.01"	"0.005"	"0.01"	"100000"	"10000"	"200"	"2839152531512426484"	80000	"intercept"	0.32247677
"0.45"	"0.4"	"0.05"	"0.01"	"0.005"	"0.01"	"100000"	"10000"	"200"	"2839152531512426484"	85000	"slope"	-0.25056296
"0.45"	"0.4"	"0.05"	"0.01"	"0.005"	"0.01"	"100000"	"10000"	"200"	"2839152531512426484"	85000	"intercept"	0.326312645
"0.45"	"0.4"	"0.05"	"0.01"	"0.005"	"0.01"	"100000"	"10000"	"200"	"2839152531512426484"	90000	"slope"	-0.251008865
"0.45"	"0.4"	"0.05"	"0.01"	"0.005"	"0.01"	"100000"	"10000"	"200"	"2839152531512426484"	90000	"intercept"	0.325843685
"0.45"	"0.4"	"0.05"	"0.01"	"0.005"	"0.01"	"100000"	"10000"	"200"	"2839152531512426484"	95000	"slope"	-0.246373355
"0.45"	"0.4"	"0.05"	"0.01"	"0.005"	"0.01"	"100000"	"10000"	"200"	"2839152531512426484"	95000	"intercept"	0.319941195
"0.45"	"0.4"	"0.05"	"0.01"	"0.005"	"0.01"	"100000"	"10000"	"200"	"2839152531512426484"	100000	"slope"	-0.25965365
"0.45"	"0.4"	"0.05"	"0.01"	"0.005"	"0.01"	"100000"	"10000"	"200"	"2839152531512426484"	100000	"intercept"	0.328550165
"0.45"	"0.4"	"0.05"	"0.01"	"0.005"	"0.01"	"100000"	"10000"	"200"	"8817683268184224527"	10	"slope"	1.06149999999998e-07
"0.45"	"0.4"	"0.05"	"0.01"	"0.005"	"0.01"	"100000"	"10000"	"200"	"8817683268184224527"	10	"intercept"	0.50005102
"0.45"	"0.4"	"0.05"	"0.01"	"0.005"	"0.01"	"100000"	"10000"	"200"	"8817683268184224527"	5000	"slope"	-0.124843528
"0.45"	"0.4"	"0.05"	"0.01"	"0.005"	"0.01"	"100000"	"10000"	"200"	"8817683268184224527"	5000	"intercept"	0.249974195
"0.45"	"0.4"	"0.05"	"0.01"	"0.005"	"0.01"	"100000"	"10000"	"200"	"8817683268184224527"	10000	"slope"	-0.228931275
"0.45"	"0.4"	"0.05"	"0.01"	"0.005"	"0.01"	"100000"	"10000"	"200"	"8817683268184224527"	10000	"intercept"	0.30815154
"0.45"	"0.4"	"0.05"	"0.01"	"0.005"	"0.01"	"100000"	"10000"	"200"	"8817683268184224527"	15000	"slope"	-0.22169624
"0.45"	"0.4"	"0.05"	"0.01"	"0.005"	"0.01"	"100000"	"10000"	"200"	"8817683268184224527"	15000	"intercept"	0.302029685
"0.45"	"0.4"	"0.05"	"0.01"	"0.005"	"0.01"	"100000"	"10000"	"200"	"8817683268184224527"	20000	"slope"	-0.25214523
"0.45"	"0.4"	"0.05"	"0.01"	"0.005"	"0.01"	"100000"	"10000"	"200"	"8817683268184224527"	20000	"intercept"	0.32739333
"0.45"	"0.4"	"0.05"	"0.01"	"0.005"	"0.01"	"100000"	"10000"	"200"	"8817683268184224527"	25000	"slope"	-0.2691266
"0.45"	"0.4"	"0.05"	"0.01"	"0.005"	"0.01"	"100000"	"10000"	"200"	"8817683268184224527"	25000	"intercept"	0.34568772
"0.45"	"0.4"	"0.05"	"0.01"	"0.005"	"0.01"	"100000"	"10000"	"200"	"8817683268184224527"	30000	"slope"	-0.24910778
"0.45"	"0.4"	"0.05"	"0.01"	"0.005"	"0.01"	"100000"	"10000"	"200"	"8817683268184224527"	30000	"intercept"	0.319625615
"0.45"	"0.4"	"0.05"	"0.01"	"0.005"	"0.01"	"100000"	"10000"	"200"	"8817683268184224527"	35000	"slope"	-0.26826442
"0.45"	"0.4"	"0.05"	"0.01"	"0.005"	"0.01"	"100000"	"10000"	"200"	"8817683268184224527"	35000	"intercept"	0.341693535
"0.45"	"0.4"	"0.05"	"0.01"	"0.005"	"0.01"	"100000"	"10000"	"200"	"8817683268184224527"	40000	"slope"	-0.25469077
"0.45"	"0.4"	"0.05"	"0.01"	"0.005"	"0.01"	"100000"	"10000"	"200"	"8817683268184224527"	40000	"intercept"	0.32378036
"0.45"	"0.4"	"0.05"	"0.01"	"0.005"	"0.01"	"100000"	"10000"	"200"	"8817683268184224527"	45000	"slope"	-0.26401376
"0.45"	"0.4"	"0.05"	"0.01"	"0.005"	"0.01"	"100000"	"10000"	"200"	"8817683268184224527"	45000	"intercept"	0.339306685
"0.45"	"0.4"	"0.05"	"0.01"	"0.005"	"0.01"	"100000"	"10000"	"200"	"8817683268184224527"	50000	"slope"	-0.23576735
"0.45"	"0.4"	"0.05"	"0.01"	"0.005"	"0.01"	"100000"	"10000"	"200"	"8817683268184224527"	50000	"intercept"	0.31443995
"0.45"	"0.4"	"0.05"	"0.01"	"0.005"	"0.01"	"100000"	"10000"	"200"	"8817683268184224527"	55000	"slope"	-0.24898064
"0.45"	"0.4"	"0.05"	"0.01"	"0.005"	"0.01"	"100000"	"10000"	"200"	"8817683268184224527"	55000	"intercept"	0.31456717
"0.45"	"0.4"	"0.05"	"0.01"	"0.005"	"0.01"	"100000"	"10000"	"200"	"8817683268184224527"	60000	"slope"	-0.252137595
"0.45"	"0.4"	"0.05"	"0.01"	"0.005"	"0.01"	"100000"	"10000"	"200"	"8817683268184224527"	60000	"intercept"	0.32265517
"0.45"	"0.4"	"0.05"	"0.01"	"0.005"	"0.01"	"100000"	"10000"	"200"	"8817683268184224527"	65000	"slope"	-0.25356415
"0.45"	"0.4"	"0.05"	"0.01"	"0.005"	"0.01"	"100000"	"10000"	"200"	"8817683268184224527"	65000	"intercept"	0.32077806
"0.45"	"0.4"	"0.05"	"0.01"	"0.005"	"0.01"	"100000"	"10000"	"200"	"8817683268184224527"	70000	"slope"	-0.261360335
"0.45"	"0.4"	"0.05"	"0.01"	"0.005"	"0.01"	"100000"	"10000"	"200"	"8817683268184224527"	70000	"intercept"	0.338373535
"0.45"	"0.4"	"0.05"	"0.01"	"0.005"	"0.01"	"100000"	"10000"	"200"	"8817683268184224527"	75000	"slope"	-0.23669295
"0.45"	"0.4"	"0.05"	"0.01"	"0.005"	"0.01"	"100000"	"10000"	"200"	"8817683268184224527"	75000	"intercept"	0.313854955
"0.45"	"0.4"	"0.05"	"0.01"	"0.005"	"0.01"	"100000"	"10000"	"200"	"8817683268184224527"	80000	"slope"	-0.280447705
"0.45"	"0.4"	"0.05"	"0.01"	"0.005"	"0.01"	"100000"	"10000"	"200"	"8817683268184224527"	80000	"intercept"	0.342061055
"0.45"	"0.4"	"0.05"	"0.01"	"0.005"	"0.01"	"100000"	"10000"	"200"	"8817683268184224527"	85000	"slope"	-0.25644959
"0.45"	"0.4"	"0.05"	"0.01"	"0.005"	"0.01"	"100000"	"10000"	"200"	"8817683268184224527"	85000	"intercept"	0.327646665
"0.45"	"0.4"	"0.05"	"0.01"	"0.005"	"0.01"	"100000"	"10000"	"200"	"8817683268184224527"	90000	"slope"	-0.27971964
"0.45"	"0.4"	"0.05"	"0.01"	"0.005"	"0.01"	"100000"	"10000"	"200"	"8817683268184224527"	90000	"intercept"	0.333564705
"0.45"	"0.4"	"0.05"	"0.01"	"0.005"	"0.01"	"100000"	"10000"	"200"	"8817683268184224527"	95000	"slope"	-0.30017719
"0.45"	"0.4"	"0.05"	"0.01"	"0.005"	"0.01"	"100000"	"10000"	"200"	"8817683268184224527"	95000	"intercept"	0.36449449
"0.45"	"0.4"	"0.05"	"0.01"	"0.005"	"0.01"	"100000"	"10000"	"200"	"8817683268184224527"	100000	"slope"	-0.278560835
"0.45"	"0.4"	"0.05"	"0.01"	"0.005"	"0.01"	"100000"	"10000"	"200"	"8817683268184224527"	100000	"intercept"	0.343760875
"0.45"	"0.6"	"0.05"	"0.01"	"0.005"	"0.01"	"100000"	"10000"	"200"	"3060183749045803853"	10	"slope"	0.000168909225
"0.45"	"0.6"	"0.05"	"0.01"	"0.005"	"0.01"	"100000"	"10000"	"200"	"3060183749045803853"	10	"intercept"	0.500246265
"0.45"	"0.6"	"0.05"	"0.01"	"0.005"	"0.01"	"100000"	"10000"	"200"	"3060183749045803853"	5000	"slope"	-0.155979974
"0.45"	"0.6"	"0.05"	"0.01"	"0.005"	"0.01"	"100000"	"10000"	"200"	"3060183749045803853"	5000	"intercept"	0.24161549
"0.45"	"0.6"	"0.05"	"0.01"	"0.005"	"0.01"	"100000"	"10000"	"200"	"3060183749045803853"	10000	"slope"	-0.196904955
"0.45"	"0.6"	"0.05"	"0.01"	"0.005"	"0.01"	"100000"	"10000"	"200"	"3060183749045803853"	10000	"intercept"	0.26944468
"0.45"	"0.6"	"0.05"	"0.01"	"0.005"	"0.01"	"100000"	"10000"	"200"	"3060183749045803853"	15000	"slope"	-0.21256777
"0.45"	"0.6"	"0.05"	"0.01"	"0.005"	"0.01"	"100000"	"10000"	"200"	"3060183749045803853"	15000	"intercept"	0.284859535
"0.45"	"0.6"	"0.05"	"0.01"	"0.005"	"0.01"	"100000"	"10000"	"200"	"3060183749045803853"	20000	"slope"	-0.255619425
"0.45"	"0.6"	"0.05"	"0.01"	"0.005"	"0.01"	"100000"	"10000"	"200"	"3060183749045803853"	20000	"intercept"	0.31139811
"0.45"	"0.6"	"0.05"	"0.01"	"0.005"	"0.01"	"100000"	"10000"	"200"	"3060183749045803853"	25000	"slope"	-0.25849263
"0.45"	"0.6"	"0.05"	"0.01"	"0.005"	"0.01"	"100000"	"10000"	"200"	"3060183749045803853"	25000	"intercept"	0.320351
"0.45"	"0.6"	"0.05"	"0.01"	"0.005"	"0.01"	"100000"	"10000"	"200"	"3060183749045803853"	30000	"slope"	-0.265817655
"0.45"	"0.6"	"0.05"	"0.01"	"0.005"	"0.01"	"100000"	"10000"	"200"	"3060183749045803853"	30000	"intercept"	0.321060355
"0.45"	"0.6"	"0.05"	"0.01"	"0.005"	"0.01"	"100000"	"10000"	"200"	"3060183749045803853"	35000	"slope"	-0.25302411
"0.45"	"0.6"	"0.05"	"0.01"	"0.005"	"0.01"	"100000"	"10000"	"200"	"3060183749045803853"	35000	"intercept"	0.31708367
"0.45"	"0.6"	"0.05"	"0.01"	"0.005"	"0.01"	"100000"	"10000"	"200"	"3060183749045803853"	40000	"slope"	-0.249517095
"0.45"	"0.6"	"0.05"	"0.01"	"0.005"	"0.01"	"100000"	"10000"	"200"	"3060183749045803853"	40000	"intercept"	0.31267821
"0.45"	"0.6"	"0.05"	"0.01"	"0.005"	"0.01"	"100000"	"10000"	"200"	"3060183749045803853"	45000	"slope"	-0.259642645
"0.45"	"0.6"	"0.05"	"0.01"	"0.005"	"0.01"	"100000"	"10000"	"200"	"3060183749045803853"	45000	"intercept"	0.31723159
"0.45"	"0.6"	"0.05"	"0.01"	"0.005"	"0.01"	"100000"	"10000"	"200"	"3060183749045803853"	50000	"slope"	-0.269371835
"0.45"	"0.6"	"0.05"	"0.01"	"0.005"	"0.01"	"100000"	"10000"	"200"	"3060183749045803853"	50000	"intercept"	0.320538935
"0.45"	"0.6"	"0.05"	"0.01"	"0.005"	"0.01"	"100000"	"10000"	"200"	"3060183749045803853"	55000	"slope"	-0.26692387
"0.45"	"0.6"	"0.05"	"0.01"	"0.005"	"0.01"	"100000"	"10000"	"200"	"3060183749045803853"	55000	"intercept"	0.32308761
"0.45"	"0.6"	"0.05"	"0.01"	"0.005"	"0.01"	"100000"	"10000"	"200"	"3060183749045803853"	60000	"slope"	-0.241470165
"0.45"	"0.6"	"0.05"	"0.01"	"0.005"	"0.01"	"100000"	"10000"	"200"	"3060183749045803853"	60000	"intercept"	0.30064
"0.45"	"0.6"	"0.05"	"0.01"	"0.005"	"0.01"	"100000"	"10000"	"200"	"3060183749045803853"	65000	"slope"	-0.243891515
"0.45"	"0.6"	"0.05"	"0.01"	"0.005"	"0.01"	"100000"	"10000"	"200"	"3060183749045803853"	65000	"intercept"	0.29959067
"0.45"	"0.6"	"0.05"	"0.01"	"0.005"	"0.01"	"100000"	"10000"	"200"	"3060183749045803853"	70000	"slope"	-0.25652007
"0.45"	"0.6"	"0.05"	"0.01"	"0.005"	"0.01"	"100000"	"10000"	"200"	"3060183749045803853"	70000	"intercept"	0.314318065
"0.45"	"0.6"	"0.05"	"0.01"	"0.005"	"0.01"	"100000"	"10000"	"200"	"3060183749045803853"	75000	"slope"	-0.246678875
"0.45"	"0.6"	"0.05"	"0.01"	"0.005"	"0.01"	"100000"	"10000"	"200"	"3060183749045803853"	75000	"intercept"	0.308681845
"0.45"	"0.6"	"0.05"	"0.01"	"0.005"	"0.01"	"100000"	"10000"	"200"	"3060183749045803853"	80000	"slope"	-0.268217245
"0.45"	"0.6"	"0.05"	"0.01"	"0.005"	"0.01"	"100000"	"10000"	"200"	"3060183749045803853"	80000	"intercept"	0.321759355
"0.45"	"0.6"	"0.05"	"0.01"	"0.005"	"0.01"	"100000"	"10000"	"200"	"3060183749045803853"	85000	"slope"	-0.25135205
"0.45"	"0.6"	"0.05"	"0.01"	"0.005"	"0.01"	"100000"	"10000"	"200"	"3060183749045803853"	85000	"intercept"	0.312508875
"0.45"	"0.6"	"0.05"	"0.01"	"0.005"	"0.01"	"100000"	"10000"	"200"	"3060183749045803853"	90000	"slope"	-0.256065585
"0.45"	"0.6"	"0.05"	"0.01"	"0.005"	"0.01"	"100000"	"10000"	"200"	"3060183749045803853"	90000	"intercept"	0.315926125
"0.45"	"0.6"	"0.05"	"0.01"	"0.005"	"0.01"	"100000"	"10000"	"200"	"3060183749045803853"	95000	"slope"	-0.249446785
"0.45"	"0.6"	"0.05"	"0.01"	"0.005"	"0.01"	"100000"	"10000"	"200"	"3060183749045803853"	95000	"intercept"	0.306232645
"0.45"	"0.6"	"0.05"	"0.01"	"0.005"	"0.01"	"100000"	"10000"	"200"	"3060183749045803853"	100000	"slope"	-0.25994883
"0.45"	"0.6"	"0.05"	"0.01"	"0.005"	"0.01"	"100000"	"10000"	"200"	"3060183749045803853"	100000	"intercept"	0.326083475
"0.45"	"0.6"	"0.05"	"0.01"	"0.005"	"0.01"	"100000"	"10000"	"200"	"7658351183692228336"	10	"slope"	-9.387728e-05
"0.45"	"0.6"	"0.05"	"0.01"	"0.005"	"0.01"	"100000"	"10000"	"200"	"7658351183692228336"	10	"intercept"	0.500073935
"0.45"	"0.6"	"0.05"	"0.01"	"0.005"	"0.01"	"100000"	"10000"	"200"	"7658351183692228336"	5000	"slope"	-0.1567356355
"0.45"	"0.6"	"0.05"	"0.01"	"0.005"	"0.01"	"100000"	"10000"	"200"	"7658351183692228336"	5000	"intercept"	0.25402947
"0.45"	"0.6"	"0.05"	"0.01"	"0.005"	"0.01"	"100000"	"10000"	"200"	"7658351183692228336"	10000	"slope"	-0.179021538
"0.45"	"0.6"	"0.05"	"0.01"	"0.005"	"0.01"	"100000"	"10000"	"200"	"7658351183692228336"	10000	"intercept"	0.264616245
"0.45"	"0.6"	"0.05"	"0.01"	"0.005"	"0.01"	"100000"	"10000"	"200"	"7658351183692228336"	15000	"slope"	-0.209995725
"0.45"	"0.6"	"0.05"	"0.01"	"0.005"	"0.01"	"100000"	"10000"	"200"	"7658351183692228336"	15000	"intercept"	0.278604345
"0.45"	"0.6"	"0.05"	"0.01"	"0.005"	"0.01"	"100000"	"10000"	"200"	"7658351183692228336"	20000	"slope"	-0.222348495
"0.45"	"0.6"	"0.05"	"0.01"	"0.005"	"0.01"	"100000"	"10000"	"200"	"7658351183692228336"	20000	"intercept"	0.286149
"0.45"	"0.6"	"0.05"	"0.01"	"0.005"	"0.01"	"100000"	"10000"	"200"	"7658351183692228336"	25000	"slope"	-0.2206287
"0.45"	"0.6"	"0.05"	"0.01"	"0.005"	"0.01"	"100000"	"10000"	"200"	"7658351183692228336"	25000	"intercept"	0.288902445
"0.45"	"0.6"	"0.05"	"0.01"	"0.005"	"0.01"	"100000"	"10000"	"200"	"7658351183692228336"	30000	"slope"	-0.240596425
"0.45"	"0.6"	"0.05"	"0.01"	"0.005"	"0.01"	"100000"	"10000"	"200"	"7658351183692228336"	30000	"intercept"	0.30891708
"0.45"	"0.6"	"0.05"	"0.01"	"0.005"	"0.01"	"100000"	"10000"	"200"	"7658351183692228336"	35000	"slope"	-0.26955162
"0.45"	"0.6"	"0.05"	"0.01"	"0.005"	"0.01"	"100000"	"10000"	"200"	"7658351183692228336"	35000	"intercept"	0.32661547
"0.45"	"0.6"	"0.05"	"0.01"	"0.005"	"0.01"	"100000"	"10000"	"200"	"7658351183692228336"	40000	"slope"	-0.263844585
"0.45"	"0.6"	"0.05"	"0.01"	"0.005"	"0.01"	"100000"	"10000"	"200"	"7658351183692228336"	40000	"intercept"	0.318886105
"0.45"	"0.6"	"0.05"	"0.01"	"0.005"	"0.01"	"100000"	"10000"	"200"	"7658351183692228336"	45000	"slope"	-0.270535505
"0.45"	"0.6"	"0.05"	"0.01"	"0.005"	"0.01"	"100000"	"10000"	"200"	"7658351183692228336"	45000	"intercept"	0.32704202
"0.45"	"0.6"	"0.05"	"0.01"	"0.005"	"0.01"	"100000"	"10000"	"200"	"7658351183692228336"	50000	"slope"	-0.2570747
"0.45"	"0.6"	"0.05"	"0.01"	"0.005"	"0.01"	"100000"	"10000"	"200"	"7658351183692228336"	50000	"intercept"	0.31597817
"0.45"	"0.6"	"0.05"	"0.01"	"0.005"	"0.01"	"100000"	"10000"	"200"	"7658351183692228336"	55000	"slope"	-0.23621435
"0.45"	"0.6"	"0.05"	"0.01"	"0.005"	"0.01"	"100000"	"10000"	"200"	"7658351183692228336"	55000	"intercept"	0.29582654
"0.45"	"0.6"	"0.05"	"0.01"	"0.005"	"0.01"	"100000"	"10000"	"200"	"7658351183692228336"	60000	"slope"	-0.22996083
"0.45"	"0.6"	"0.05"	"0.01"	"0.005"	"0.01"	"100000"	"10000"	"200"	"7658351183692228336"	60000	"intercept"	0.296264965
"0.45"	"0.6"	"0.05"	"0.01"	"0.005"	"0.01"	"100000"	"10000"	"200"	"7658351183692228336"	65000	"slope"	-0.253579535
"0.45"	"0.6"	"0.05"	"0.01"	"0.005"	"0.01"	"100000"	"10000"	"200"	"7658351183692228336"	65000	"intercept"	0.308731425
"0.45"	"0.6"	"0.05"	"0.01"	"0.005"	"0.01"	"100000"	"10000"	"200"	"7658351183692228336"	70000	"slope"	-0.25346407
"0.45"	"0.6"	"0.05"	"0.01"	"0.005"	"0.01"	"100000"	"10000"	"200"	"7658351183692228336"	70000	"intercept"	0.314921085
"0.45"	"0.6"	"0.05"	"0.01"	"0.005"	"0.01"	"100000"	"10000"	"200"	"7658351183692228336"	75000	"slope"	-0.24076664
"0.45"	"0.6"	"0.05"	"0.01"	"0.005"	"0.01"	"100000"	"10000"	"200"	"7658351183692228336"	75000	"intercept"	0.306883275
"0.45"	"0.6"	"0.05"	"0.01"	"0.005"	"0.01"	"100000"	"10000"	"200"	"7658351183692228336"	80000	"slope"	-0.23968094
"0.45"	"0.6"	"0.05"	"0.01"	"0.005"	"0.01"	"100000"	"10000"	"200"	"7658351183692228336"	80000	"intercept"	0.302784315
"0.45"	"0.6"	"0.05"	"0.01"	"0.005"	"0.01"	"100000"	"10000"	"200"	"7658351183692228336"	85000	"slope"	-0.24786295
"0.45"	"0.6"	"0.05"	"0.01"	"0.005"	"0.01"	"100000"	"10000"	"200"	"7658351183692228336"	85000	"intercept"	0.307737415
"0.45"	"0.6"	"0.05"	"0.01"	"0.005"	"0.01"	"100000"	"10000"	"200"	"7658351183692228336"	90000	"slope"	-0.24786923
"0.45"	"0.6"	"0.05"	"0.01"	"0.005"	"0.01"	"100000"	"10000"	"200"	"7658351183692228336"	90000	"intercept"	0.310791575
"0.45"	"0.6"	"0.05"	"0.01"	"0.005"	"0.01"	"100000"	"10000"	"200"	"7658351183692228336"	95000	"slope"	-0.248886285
"0.45"	"0.6"	"0.05"	"0.01"	"0.005"	"0.01"	"100000"	"10000"	"200"	"7658351183692228336"	95000	"intercept"	0.309534745
"0.45"	"0.6"	"0.05"	"0.01"	"0.005"	"0.01"	"100000"	"10000"	"200"	"7658351183692228336"	100000	"slope"	-0.24581396
"0.45"	"0.6"	"0.05"	"0.01"	"0.005"	"0.01"	"100000"	"10000"	"200"	"7658351183692228336"	100000	"intercept"	0.310199295
"0.45"	"0.6"	"0.05"	"0.01"	"0.005"	"0.01"	"100000"	"10000"	"200"	"9019562037893591654"	10	"slope"	6.8358335e-05
"0.45"	"0.6"	"0.05"	"0.01"	"0.005"	"0.01"	"100000"	"10000"	"200"	"9019562037893591654"	10	"intercept"	0.500057405
"0.45"	"0.6"	"0.05"	"0.01"	"0.005"	"0.01"	"100000"	"10000"	"200"	"9019562037893591654"	5000	"slope"	-0.209541775
"0.45"	"0.6"	"0.05"	"0.01"	"0.005"	"0.01"	"100000"	"10000"	"200"	"9019562037893591654"	5000	"intercept"	0.28668496
"0.45"	"0.6"	"0.05"	"0.01"	"0.005"	"0.01"	"100000"	"10000"	"200"	"9019562037893591654"	10000	"slope"	-0.21956602
"0.45"	"0.6"	"0.05"	"0.01"	"0.005"	"0.01"	"100000"	"10000"	"200"	"9019562037893591654"	10000	"intercept"	0.29056632
"0.45"	"0.6"	"0.05"	"0.01"	"0.005"	"0.01"	"100000"	"10000"	"200"	"9019562037893591654"	15000	"slope"	-0.258636865
"0.45"	"0.6"	"0.05"	"0.01"	"0.005"	"0.01"	"100000"	"10000"	"200"	"9019562037893591654"	15000	"intercept"	0.31049669
"0.45"	"0.6"	"0.05"	"0.01"	"0.005"	"0.01"	"100000"	"10000"	"200"	"9019562037893591654"	20000	"slope"	-0.27275475
"0.45"	"0.6"	"0.05"	"0.01"	"0.005"	"0.01"	"100000"	"10000"	"200"	"9019562037893591654"	20000	"intercept"	0.32710136
"0.45"	"0.6"	"0.05"	"0.01"	"0.005"	"0.01"	"100000"	"10000"	"200"	"9019562037893591654"	25000	"slope"	-0.264306675
"0.45"	"0.6"	"0.05"	"0.01"	"0.005"	"0.01"	"100000"	"10000"	"200"	"9019562037893591654"	25000	"intercept"	0.32256798
"0.45"	"0.6"	"0.05"	"0.01"	"0.005"	"0.01"	"100000"	"10000"	"200"	"9019562037893591654"	30000	"slope"	-0.240686625
"0.45"	"0.6"	"0.05"	"0.01"	"0.005"	"0.01"	"100000"	"10000"	"200"	"9019562037893591654"	30000	"intercept"	0.302269685
"0.45"	"0.6"	"0.05"	"0.01"	"0.005"	"0.01"	"100000"	"10000"	"200"	"9019562037893591654"	35000	"slope"	-0.246980855
"0.45"	"0.6"	"0.05"	"0.01"	"0.005"	"0.01"	"100000"	"10000"	"200"	"9019562037893591654"	35000	"intercept"	0.30050818
"0.45"	"0.6"	"0.05"	"0.01"	"0.005"	"0.01"	"100000"	"10000"	"200"	"9019562037893591654"	40000	"slope"	-0.243914955
"0.45"	"0.6"	"0.05"	"0.01"	"0.005"	"0.01"	"100000"	"10000"	"200"	"9019562037893591654"	40000	"intercept"	0.31438485
"0.45"	"0.6"	"0.05"	"0.01"	"0.005"	"0.01"	"100000"	"10000"	"200"	"9019562037893591654"	45000	"slope"	-0.24767826
"0.45"	"0.6"	"0.05"	"0.01"	"0.005"	"0.01"	"100000"	"10000"	"200"	"9019562037893591654"	45000	"intercept"	0.305563745
"0.45"	"0.6"	"0.05"	"0.01"	"0.005"	"0.01"	"100000"	"10000"	"200"	"9019562037893591654"	50000	"slope"	-0.25438487
"0.45"	"0.6"	"0.05"	"0.01"	"0.005"	"0.01"	"100000"	"10000"	"200"	"9019562037893591654"	50000	"intercept"	0.315615355
"0.45"	"0.6"	"0.05"	"0.01"	"0.005"	"0.01"	"100000"	"10000"	"200"	"9019562037893591654"	55000	"slope"	-0.25743571
"0.45"	"0.6"	"0.05"	"0.01"	"0.005"	"0.01"	"100000"	"10000"	"200"	"9019562037893591654"	55000	"intercept"	0.31298076
"0.45"	"0.6"	"0.05"	"0.01"	"0.005"	"0.01"	"100000"	"10000"	"200"	"9019562037893591654"	60000	"slope"	-0.269869151
"0.45"	"0.6"	"0.05"	"0.01"	"0.005"	"0.01"	"100000"	"10000"	"200"	"9019562037893591654"	60000	"intercept"	0.322297675
"0.45"	"0.6"	"0.05"	"0.01"	"0.005"	"0.01"	"100000"	"10000"	"200"	"9019562037893591654"	65000	"slope"	-0.26575553
"0.45"	"0.6"	"0.05"	"0.01"	"0.005"	"0.01"	"100000"	"10000"	"200"	"9019562037893591654"	65000	"intercept"	0.32487518
"0.45"	"0.6"	"0.05"	"0.01"	"0.005"	"0.01"	"100000"	"10000"	"200"	"9019562037893591654"	70000	"slope"	-0.26572694
"0.45"	"0.6"	"0.05"	"0.01"	"0.005"	"0.01"	"100000"	"10000"	"200"	"9019562037893591654"	70000	"intercept"	0.325538385
"0.45"	"0.6"	"0.05"	"0.01"	"0.005"	"0.01"	"100000"	"10000"	"200"	"9019562037893591654"	75000	"slope"	-0.245441865
"0.45"	"0.6"	"0.05"	"0.01"	"0.005"	"0.01"	"100000"	"10000"	"200"	"9019562037893591654"	75000	"intercept"	0.31207438
"0.45"	"0.6"	"0.05"	"0.01"	"0.005"	"0.01"	"100000"	"10000"	"200"	"9019562037893591654"	80000	"slope"	-0.26045636
"0.45"	"0.6"	"0.05"	"0.01"	"0.005"	"0.01"	"100000"	"10000"	"200"	"9019562037893591654"	80000	"intercept"	0.31993662
"0.45"	"0.6"	"0.05"	"0.01"	"0.005"	"0.01"	"100000"	"10000"	"200"	"9019562037893591654"	85000	"slope"	-0.239923135
"0.45"	"0.6"	"0.05"	"0.01"	"0.005"	"0.01"	"100000"	"10000"	"200"	"9019562037893591654"	85000	"intercept"	0.30106168
"0.45"	"0.6"	"0.05"	"0.01"	"0.005"	"0.01"	"100000"	"10000"	"200"	"9019562037893591654"	90000	"slope"	-0.24323793
"0.45"	"0.6"	"0.05"	"0.01"	"0.005"	"0.01"	"100000"	"10000"	"200"	"9019562037893591654"	90000	"intercept"	0.30200216
"0.45"	"0.6"	"0.05"	"0.01"	"0.005"	"0.01"	"100000"	"10000"	"200"	"9019562037893591654"	95000	"slope"	-0.242029895
"0.45"	"0.6"	"0.05"	"0.01"	"0.005"	"0.01"	"100000"	"10000"	"200"	"9019562037893591654"	95000	"intercept"	0.298972855
"0.45"	"0.6"	"0.05"	"0.01"	"0.005"	"0.01"	"100000"	"10000"	"200"	"9019562037893591654"	100000	"slope"	-0.24119533
"0.45"	"0.6"	"0.05"	"0.01"	"0.005"	"0.01"	"100000"	"10000"	"200"	"9019562037893591654"	100000	"intercept"	0.30425551
"0.45"	"0.8"	"0.05"	"0.01"	"0.005"	"0.01"	"100000"	"10000"	"200"	"3345619932347170016"	10	"slope"	-0.0001474051
"0.45"	"0.8"	"0.05"	"0.01"	"0.005"	"0.01"	"100000"	"10000"	"200"	"3345619932347170016"	10	"intercept"	0.499820695
"0.45"	"0.8"	"0.05"	"0.01"	"0.005"	"0.01"	"100000"	"10000"	"200"	"3345619932347170016"	5000	"slope"	-0.1522744005
"0.45"	"0.8"	"0.05"	"0.01"	"0.005"	"0.01"	"100000"	"10000"	"200"	"3345619932347170016"	5000	"intercept"	0.21932223
"0.45"	"0.8"	"0.05"	"0.01"	"0.005"	"0.01"	"100000"	"10000"	"200"	"3345619932347170016"	10000	"slope"	-0.20743821
"0.45"	"0.8"	"0.05"	"0.01"	"0.005"	"0.01"	"100000"	"10000"	"200"	"3345619932347170016"	10000	"intercept"	0.267920705
"0.45"	"0.8"	"0.05"	"0.01"	"0.005"	"0.01"	"100000"	"10000"	"200"	"3345619932347170016"	15000	"slope"	-0.231041385
"0.45"	"0.8"	"0.05"	"0.01"	"0.005"	"0.01"	"100000"	"10000"	"200"	"3345619932347170016"	15000	"intercept"	0.281279615
"0.45"	"0.8"	"0.05"	"0.01"	"0.005"	"0.01"	"100000"	"10000"	"200"	"3345619932347170016"	20000	"slope"	-0.24170002
"0.45"	"0.8"	"0.05"	"0.01"	"0.005"	"0.01"	"100000"	"10000"	"200"	"3345619932347170016"	20000	"intercept"	0.29185997
"0.45"	"0.8"	"0.05"	"0.01"	"0.005"	"0.01"	"100000"	"10000"	"200"	"3345619932347170016"	25000	"slope"	-0.21810949
"0.45"	"0.8"	"0.05"	"0.01"	"0.005"	"0.01"	"100000"	"10000"	"200"	"3345619932347170016"	25000	"intercept"	0.27387078
"0.45"	"0.8"	"0.05"	"0.01"	"0.005"	"0.01"	"100000"	"10000"	"200"	"3345619932347170016"	30000	"slope"	-0.240974695
"0.45"	"0.8"	"0.05"	"0.01"	"0.005"	"0.01"	"100000"	"10000"	"200"	"3345619932347170016"	30000	"intercept"	0.293339525
"0.45"	"0.8"	"0.05"	"0.01"	"0.005"	"0.01"	"100000"	"10000"	"200"	"3345619932347170016"	35000	"slope"	-0.25918032
"0.45"	"0.8"	"0.05"	"0.01"	"0.005"	"0.01"	"100000"	"10000"	"200"	"3345619932347170016"	35000	"intercept"	0.30703936
"0.45"	"0.8"	"0.05"	"0.01"	"0.005"	"0.01"	"100000"	"10000"	"200"	"3345619932347170016"	40000	"slope"	-0.25030533
"0.45"	"0.8"	"0.05"	"0.01"	"0.005"	"0.01"	"100000"	"10000"	"200"	"3345619932347170016"	40000	"intercept"	0.298827505
"0.45"	"0.8"	"0.05"	"0.01"	"0.005"	"0.01"	"100000"	"10000"	"200"	"3345619932347170016"	45000	"slope"	-0.24593524
"0.45"	"0.8"	"0.05"	"0.01"	"0.005"	"0.01"	"100000"	"10000"	"200"	"3345619932347170016"	45000	"intercept"	0.29833315
"0.45"	"0.8"	"0.05"	"0.01"	"0.005"	"0.01"	"100000"	"10000"	"200"	"3345619932347170016"	50000	"slope"	-0.24050139
"0.45"	"0.8"	"0.05"	"0.01"	"0.005"	"0.01"	"100000"	"10000"	"200"	"3345619932347170016"	50000	"intercept"	0.29385646
"0.45"	"0.8"	"0.05"	"0.01"	"0.005"	"0.01"	"100000"	"10000"	"200"	"3345619932347170016"	55000	"slope"	-0.243243865
"0.45"	"0.8"	"0.05"	"0.01"	"0.005"	"0.01"	"100000"	"10000"	"200"	"3345619932347170016"	55000	"intercept"	0.28832871
"0.45"	"0.8"	"0.05"	"0.01"	"0.005"	"0.01"	"100000"	"10000"	"200"	"3345619932347170016"	60000	"slope"	-0.24935505
"0.45"	"0.8"	"0.05"	"0.01"	"0.005"	"0.01"	"100000"	"10000"	"200"	"3345619932347170016"	60000	"intercept"	0.29585299
"0.45"	"0.8"	"0.05"	"0.01"	"0.005"	"0.01"	"100000"	"10000"	"200"	"3345619932347170016"	65000	"slope"	-0.22537203
"0.45"	"0.8"	"0.05"	"0.01"	"0.005"	"0.01"	"100000"	"10000"	"200"	"3345619932347170016"	65000	"intercept"	0.28088195
"0.45"	"0.8"	"0.05"	"0.01"	"0.005"	"0.01"	"100000"	"10000"	"200"	"3345619932347170016"	70000	"slope"	-0.266244055
"0.45"	"0.8"	"0.05"	"0.01"	"0.005"	"0.01"	"100000"	"10000"	"200"	"3345619932347170016"	70000	"intercept"	0.315132435
"0.45"	"0.8"	"0.05"	"0.01"	"0.005"	"0.01"	"100000"	"10000"	"200"	"3345619932347170016"	75000	"slope"	-0.256220615
"0.45"	"0.8"	"0.05"	"0.01"	"0.005"	"0.01"	"100000"	"10000"	"200"	"3345619932347170016"	75000	"intercept"	0.29923105
"0.45"	"0.8"	"0.05"	"0.01"	"0.005"	"0.01"	"100000"	"10000"	"200"	"3345619932347170016"	80000	"slope"	-0.242733375
"0.45"	"0.8"	"0.05"	"0.01"	"0.005"	"0.01"	"100000"	"10000"	"200"	"3345619932347170016"	80000	"intercept"	0.29311672
"0.45"	"0.8"	"0.05"	"0.01"	"0.005"	"0.01"	"100000"	"10000"	"200"	"3345619932347170016"	85000	"slope"	-0.251345605
"0.45"	"0.8"	"0.05"	"0.01"	"0.005"	"0.01"	"100000"	"10000"	"200"	"3345619932347170016"	85000	"intercept"	0.298256855
"0.45"	"0.8"	"0.05"	"0.01"	"0.005"	"0.01"	"100000"	"10000"	"200"	"3345619932347170016"	90000	"slope"	-0.26600412
"0.45"	"0.8"	"0.05"	"0.01"	"0.005"	"0.01"	"100000"	"10000"	"200"	"3345619932347170016"	90000	"intercept"	0.31458787
"0.45"	"0.8"	"0.05"	"0.01"	"0.005"	"0.01"	"100000"	"10000"	"200"	"3345619932347170016"	95000	"slope"	-0.24840766
"0.45"	"0.8"	"0.05"	"0.01"	"0.005"	"0.01"	"100000"	"10000"	"200"	"3345619932347170016"	95000	"intercept"	0.293459855
"0.45"	"0.8"	"0.05"	"0.01"	"0.005"	"0.01"	"100000"	"10000"	"200"	"3345619932347170016"	100000	"slope"	-0.236190875
"0.45"	"0.8"	"0.05"	"0.01"	"0.005"	"0.01"	"100000"	"10000"	"200"	"3345619932347170016"	100000	"intercept"	0.28522276
"0.45"	"0.8"	"0.05"	"0.01"	"0.005"	"0.01"	"100000"	"10000"	"200"	"4082959713906858813"	10	"slope"	-5.188315e-05
"0.45"	"0.8"	"0.05"	"0.01"	"0.005"	"0.01"	"100000"	"10000"	"200"	"4082959713906858813"	10	"intercept"	0.49992656
"0.45"	"0.8"	"0.05"	"0.01"	"0.005"	"0.01"	"100000"	"10000"	"200"	"4082959713906858813"	5000	"slope"	-0.1319518735
"0.45"	"0.8"	"0.05"	"0.01"	"0.005"	"0.01"	"100000"	"10000"	"200"	"4082959713906858813"	5000	"intercept"	0.210495455
"0.45"	"0.8"	"0.05"	"0.01"	"0.005"	"0.01"	"100000"	"10000"	"200"	"4082959713906858813"	10000	"slope"	-0.20110124
"0.45"	"0.8"	"0.05"	"0.01"	"0.005"	"0.01"	"100000"	"10000"	"200"	"4082959713906858813"	10000	"intercept"	0.26050842
"0.45"	"0.8"	"0.05"	"0.01"	"0.005"	"0.01"	"100000"	"10000"	"200"	"4082959713906858813"	15000	"slope"	-0.230650425
"0.45"	"0.8"	"0.05"	"0.01"	"0.005"	"0.01"	"100000"	"10000"	"200"	"4082959713906858813"	15000	"intercept"	0.2839631
"0.45"	"0.8"	"0.05"	"0.01"	"0.005"	"0.01"	"100000"	"10000"	"200"	"4082959713906858813"	20000	"slope"	-0.22365243
"0.45"	"0.8"	"0.05"	"0.01"	"0.005"	"0.01"	"100000"	"10000"	"200"	"4082959713906858813"	20000	"intercept"	0.27928011
"0.45"	"0.8"	"0.05"	"0.01"	"0.005"	"0.01"	"100000"	"10000"	"200"	"4082959713906858813"	25000	"slope"	-0.2151764075
"0.45"	"0.8"	"0.05"	"0.01"	"0.005"	"0.01"	"100000"	"10000"	"200"	"4082959713906858813"	25000	"intercept"	0.27800322
"0.45"	"0.8"	"0.05"	"0.01"	"0.005"	"0.01"	"100000"	"10000"	"200"	"4082959713906858813"	30000	"slope"	-0.24976326
"0.45"	"0.8"	"0.05"	"0.01"	"0.005"	"0.01"	"100000"	"10000"	"200"	"4082959713906858813"	30000	"intercept"	0.300221155
"0.45"	"0.8"	"0.05"	"0.01"	"0.005"	"0.01"	"100000"	"10000"	"200"	"4082959713906858813"	35000	"slope"	-0.23538917
"0.45"	"0.8"	"0.05"	"0.01"	"0.005"	"0.01"	"100000"	"10000"	"200"	"4082959713906858813"	35000	"intercept"	0.28802456
"0.45"	"0.8"	"0.05"	"0.01"	"0.005"	"0.01"	"100000"	"10000"	"200"	"4082959713906858813"	40000	"slope"	-0.24674437
"0.45"	"0.8"	"0.05"	"0.01"	"0.005"	"0.01"	"100000"	"10000"	"200"	"4082959713906858813"	40000	"intercept"	0.29867937
"0.45"	"0.8"	"0.05"	"0.01"	"0.005"	"0.01"	"100000"	"10000"	"200"	"4082959713906858813"	45000	"slope"	-0.24523712
"0.45"	"0.8"	"0.05"	"0.01"	"0.005"	"0.01"	"100000"	"10000"	"200"	"4082959713906858813"	45000	"intercept"	0.29311182
"0.45"	"0.8"	"0.05"	"0.01"	"0.005"	"0.01"	"100000"	"10000"	"200"	"4082959713906858813"	50000	"slope"	-0.24714679
"0.45"	"0.8"	"0.05"	"0.01"	"0.005"	"0.01"	"100000"	"10000"	"200"	"4082959713906858813"	50000	"intercept"	0.29826101
"0.45"	"0.8"	"0.05"	"0.01"	"0.005"	"0.01"	"100000"	"10000"	"200"	"4082959713906858813"	55000	"slope"	-0.23948621
"0.45"	"0.8"	"0.05"	"0.01"	"0.005"	"0.01"	"100000"	"10000"	"200"	"4082959713906858813"	55000	"intercept"	0.290993905
"0.45"	"0.8"	"0.05"	"0.01"	"0.005"	"0.01"	"100000"	"10000"	"200"	"4082959713906858813"	60000	"slope"	-0.243914395
"0.45"	"0.8"	"0.05"	"0.01"	"0.005"	"0.01"	"100000"	"10000"	"200"	"4082959713906858813"	60000	"intercept"	0.29180878
"0.45"	"0.8"	"0.05"	"0.01"	"0.005"	"0.01"	"100000"	"10000"	"200"	"4082959713906858813"	65000	"slope"	-0.242810565
"0.45"	"0.8"	"0.05"	"0.01"	"0.005"	"0.01"	"100000"	"10000"	"200"	"4082959713906858813"	65000	"intercept"	0.289486
"0.45"	"0.8"	"0.05"	"0.01"	"0.005"	"0.01"	"100000"	"10000"	"200"	"4082959713906858813"	70000	"slope"	-0.239166215
"0.45"	"0.8"	"0.05"	"0.01"	"0.005"	"0.01"	"100000"	"10000"	"200"	"4082959713906858813"	70000	"intercept"	0.29071805
"0.45"	"0.8"	"0.05"	"0.01"	"0.005"	"0.01"	"100000"	"10000"	"200"	"4082959713906858813"	75000	"slope"	-0.241013885
"0.45"	"0.8"	"0.05"	"0.01"	"0.005"	"0.01"	"100000"	"10000"	"200"	"4082959713906858813"	75000	"intercept"	0.289686165
"0.45"	"0.8"	"0.05"	"0.01"	"0.005"	"0.01"	"100000"	"10000"	"200"	"4082959713906858813"	80000	"slope"	-0.240998215
"0.45"	"0.8"	"0.05"	"0.01"	"0.005"	"0.01"	"100000"	"10000"	"200"	"4082959713906858813"	80000	"intercept"	0.29124531
"0.45"	"0.8"	"0.05"	"0.01"	"0.005"	"0.01"	"100000"	"10000"	"200"	"4082959713906858813"	85000	"slope"	-0.230745875
"0.45"	"0.8"	"0.05"	"0.01"	"0.005"	"0.01"	"100000"	"10000"	"200"	"4082959713906858813"	85000	"intercept"	0.280505975
"0.45"	"0.8"	"0.05"	"0.01"	"0.005"	"0.01"	"100000"	"10000"	"200"	"4082959713906858813"	90000	"slope"	-0.222799255
"0.45"	"0.8"	"0.05"	"0.01"	"0.005"	"0.01"	"100000"	"10000"	"200"	"4082959713906858813"	90000	"intercept"	0.276164955
"0.45"	"0.8"	"0.05"	"0.01"	"0.005"	"0.01"	"100000"	"10000"	"200"	"4082959713906858813"	95000	"slope"	-0.24312578
"0.45"	"0.8"	"0.05"	"0.01"	"0.005"	"0.01"	"100000"	"10000"	"200"	"4082959713906858813"	95000	"intercept"	0.297584375
"0.45"	"0.8"	"0.05"	"0.01"	"0.005"	"0.01"	"100000"	"10000"	"200"	"4082959713906858813"	100000	"slope"	-0.25788876
"0.45"	"0.8"	"0.05"	"0.01"	"0.005"	"0.01"	"100000"	"10000"	"200"	"4082959713906858813"	100000	"intercept"	0.3029234
"0.45"	"0.8"	"0.05"	"0.01"	"0.005"	"0.01"	"100000"	"10000"	"200"	"7191011339239085170"	10	"slope"	7.9889135e-05
"0.45"	"0.8"	"0.05"	"0.01"	"0.005"	"0.01"	"100000"	"10000"	"200"	"7191011339239085170"	10	"intercept"	0.500034415
"0.45"	"0.8"	"0.05"	"0.01"	"0.005"	"0.01"	"100000"	"10000"	"200"	"7191011339239085170"	5000	"slope"	-0.17032962
"0.45"	"0.8"	"0.05"	"0.01"	"0.005"	"0.01"	"100000"	"10000"	"200"	"7191011339239085170"	5000	"intercept"	0.241103005
"0.45"	"0.8"	"0.05"	"0.01"	"0.005"	"0.01"	"100000"	"10000"	"200"	"7191011339239085170"	10000	"slope"	-0.21439904
"0.45"	"0.8"	"0.05"	"0.01"	"0.005"	"0.01"	"100000"	"10000"	"200"	"7191011339239085170"	10000	"intercept"	0.269510755
"0.45"	"0.8"	"0.05"	"0.01"	"0.005"	"0.01"	"100000"	"10000"	"200"	"7191011339239085170"	15000	"slope"	-0.20211012
"0.45"	"0.8"	"0.05"	"0.01"	"0.005"	"0.01"	"100000"	"10000"	"200"	"7191011339239085170"	15000	"intercept"	0.259446935
"0.45"	"0.8"	"0.05"	"0.01"	"0.005"	"0.01"	"100000"	"10000"	"200"	"7191011339239085170"	20000	"slope"	-0.22097291
"0.45"	"0.8"	"0.05"	"0.01"	"0.005"	"0.01"	"100000"	"10000"	"200"	"7191011339239085170"	20000	"intercept"	0.275048405
"0.45"	"0.8"	"0.05"	"0.01"	"0.005"	"0.01"	"100000"	"10000"	"200"	"7191011339239085170"	25000	"slope"	-0.24032773
"0.45"	"0.8"	"0.05"	"0.01"	"0.005"	"0.01"	"100000"	"10000"	"200"	"7191011339239085170"	25000	"intercept"	0.29231217
"0.45"	"0.8"	"0.05"	"0.01"	"0.005"	"0.01"	"100000"	"10000"	"200"	"7191011339239085170"	30000	"slope"	-0.2479602
"0.45"	"0.8"	"0.05"	"0.01"	"0.005"	"0.01"	"100000"	"10000"	"200"	"7191011339239085170"	30000	"intercept"	0.297525315
"0.45"	"0.8"	"0.05"	"0.01"	"0.005"	"0.01"	"100000"	"10000"	"200"	"7191011339239085170"	35000	"slope"	-0.242386045
"0.45"	"0.8"	"0.05"	"0.01"	"0.005"	"0.01"	"100000"	"10000"	"200"	"7191011339239085170"	35000	"intercept"	0.293348165
"0.45"	"0.8"	"0.05"	"0.01"	"0.005"	"0.01"	"100000"	"10000"	"200"	"7191011339239085170"	40000	"slope"	-0.238562165
"0.45"	"0.8"	"0.05"	"0.01"	"0.005"	"0.01"	"100000"	"10000"	"200"	"7191011339239085170"	40000	"intercept"	0.294211925
"0.45"	"0.8"	"0.05"	"0.01"	"0.005"	"0.01"	"100000"	"10000"	"200"	"7191011339239085170"	45000	"slope"	-0.23726721
"0.45"	"0.8"	"0.05"	"0.01"	"0.005"	"0.01"	"100000"	"10000"	"200"	"7191011339239085170"	45000	"intercept"	0.28534786
"0.45"	"0.8"	"0.05"	"0.01"	"0.005"	"0.01"	"100000"	"10000"	"200"	"7191011339239085170"	50000	"slope"	-0.231749725
"0.45"	"0.8"	"0.05"	"0.01"	"0.005"	"0.01"	"100000"	"10000"	"200"	"7191011339239085170"	50000	"intercept"	0.28708255
"0.45"	"0.8"	"0.05"	"0.01"	"0.005"	"0.01"	"100000"	"10000"	"200"	"7191011339239085170"	55000	"slope"	-0.2403615
"0.45"	"0.8"	"0.05"	"0.01"	"0.005"	"0.01"	"100000"	"10000"	"200"	"7191011339239085170"	55000	"intercept"	0.290788855
"0.45"	"0.8"	"0.05"	"0.01"	"0.005"	"0.01"	"100000"	"10000"	"200"	"7191011339239085170"	60000	"slope"	-0.26186026
"0.45"	"0.8"	"0.05"	"0.01"	"0.005"	"0.01"	"100000"	"10000"	"200"	"7191011339239085170"	60000	"intercept"	0.305756475
"0.45"	"0.8"	"0.05"	"0.01"	"0.005"	"0.01"	"100000"	"10000"	"200"	"7191011339239085170"	65000	"slope"	-0.23794181
"0.45"	"0.8"	"0.05"	"0.01"	"0.005"	"0.01"	"100000"	"10000"	"200"	"7191011339239085170"	65000	"intercept"	0.285349125
"0.45"	"0.8"	"0.05"	"0.01"	"0.005"	"0.01"	"100000"	"10000"	"200"	"7191011339239085170"	70000	"slope"	-0.24951296
"0.45"	"0.8"	"0.05"	"0.01"	"0.005"	"0.01"	"100000"	"10000"	"200"	"7191011339239085170"	70000	"intercept"	0.29560367
"0.45"	"0.8"	"0.05"	"0.01"	"0.005"	"0.01"	"100000"	"10000"	"200"	"7191011339239085170"	75000	"slope"	-0.24200957
"0.45"	"0.8"	"0.05"	"0.01"	"0.005"	"0.01"	"100000"	"10000"	"200"	"7191011339239085170"	75000	"intercept"	0.28548134
"0.45"	"0.8"	"0.05"	"0.01"	"0.005"	"0.01"	"100000"	"10000"	"200"	"7191011339239085170"	80000	"slope"	-0.232938975
"0.45"	"0.8"	"0.05"	"0.01"	"0.005"	"0.01"	"100000"	"10000"	"200"	"7191011339239085170"	80000	"intercept"	0.28586493
"0.45"	"0.8"	"0.05"	"0.01"	"0.005"	"0.01"	"100000"	"10000"	"200"	"7191011339239085170"	85000	"slope"	-0.224918125
"0.45"	"0.8"	"0.05"	"0.01"	"0.005"	"0.01"	"100000"	"10000"	"200"	"7191011339239085170"	85000	"intercept"	0.278581545
"0.45"	"0.8"	"0.05"	"0.01"	"0.005"	"0.01"	"100000"	"10000"	"200"	"7191011339239085170"	90000	"slope"	-0.225099285
"0.45"	"0.8"	"0.05"	"0.01"	"0.005"	"0.01"	"100000"	"10000"	"200"	"7191011339239085170"	90000	"intercept"	0.27976822
"0.45"	"0.8"	"0.05"	"0.01"	"0.005"	"0.01"	"100000"	"10000"	"200"	"7191011339239085170"	95000	"slope"	-0.229617815
"0.45"	"0.8"	"0.05"	"0.01"	"0.005"	"0.01"	"100000"	"10000"	"200"	"7191011339239085170"	95000	"intercept"	0.28383875
"0.45"	"0.8"	"0.05"	"0.01"	"0.005"	"0.01"	"100000"	"10000"	"200"	"7191011339239085170"	100000	"slope"	-0.239995875
"0.45"	"0.8"	"0.05"	"0.01"	"0.005"	"0.01"	"100000"	"10000"	"200"	"7191011339239085170"	100000	"intercept"	0.29561982
"0.55"	"0.0"	"0.05"	"0.01"	"0.005"	"0.01"	"100000"	"10000"	"200"	"1218191925031108465"	10	"slope"	0.000139771755
"0.55"	"0.0"	"0.05"	"0.01"	"0.005"	"0.01"	"100000"	"10000"	"200"	"1218191925031108465"	10	"intercept"	0.49996804
"0.55"	"0.0"	"0.05"	"0.01"	"0.005"	"0.01"	"100000"	"10000"	"200"	"1218191925031108465"	5000	"slope"	-0.113534305
"0.55"	"0.0"	"0.05"	"0.01"	"0.005"	"0.01"	"100000"	"10000"	"200"	"1218191925031108465"	5000	"intercept"	0.302736485
"0.55"	"0.0"	"0.05"	"0.01"	"0.005"	"0.01"	"100000"	"10000"	"200"	"1218191925031108465"	10000	"slope"	-0.158243842
"0.55"	"0.0"	"0.05"	"0.01"	"0.005"	"0.01"	"100000"	"10000"	"200"	"1218191925031108465"	10000	"intercept"	0.32804538
"0.55"	"0.0"	"0.05"	"0.01"	"0.005"	"0.01"	"100000"	"10000"	"200"	"1218191925031108465"	15000	"slope"	-0.20297118
"0.55"	"0.0"	"0.05"	"0.01"	"0.005"	"0.01"	"100000"	"10000"	"200"	"1218191925031108465"	15000	"intercept"	0.35052305
"0.55"	"0.0"	"0.05"	"0.01"	"0.005"	"0.01"	"100000"	"10000"	"200"	"1218191925031108465"	20000	"slope"	-0.24043771
"0.55"	"0.0"	"0.05"	"0.01"	"0.005"	"0.01"	"100000"	"10000"	"200"	"1218191925031108465"	20000	"intercept"	0.375673365
"0.55"	"0.0"	"0.05"	"0.01"	"0.005"	"0.01"	"100000"	"10000"	"200"	"1218191925031108465"	25000	"slope"	-0.262076675
"0.55"	"0.0"	"0.05"	"0.01"	"0.005"	"0.01"	"100000"	"10000"	"200"	"1218191925031108465"	25000	"intercept"	0.388080255
"0.55"	"0.0"	"0.05"	"0.01"	"0.005"	"0.01"	"100000"	"10000"	"200"	"1218191925031108465"	30000	"slope"	-0.23622352
"0.55"	"0.0"	"0.05"	"0.01"	"0.005"	"0.01"	"100000"	"10000"	"200"	"1218191925031108465"	30000	"intercept"	0.369659955
"0.55"	"0.0"	"0.05"	"0.01"	"0.005"	"0.01"	"100000"	"10000"	"200"	"1218191925031108465"	35000	"slope"	-0.241218765
"0.55"	"0.0"	"0.05"	"0.01"	"0.005"	"0.01"	"100000"	"10000"	"200"	"1218191925031108465"	35000	"intercept"	0.37628155
"0.55"	"0.0"	"0.05"	"0.01"	"0.005"	"0.01"	"100000"	"10000"	"200"	"1218191925031108465"	40000	"slope"	-0.25869061
"0.55"	"0.0"	"0.05"	"0.01"	"0.005"	"0.01"	"100000"	"10000"	"200"	"1218191925031108465"	40000	"intercept"	0.38239448
"0.55"	"0.0"	"0.05"	"0.01"	"0.005"	"0.01"	"100000"	"10000"	"200"	"1218191925031108465"	45000	"slope"	-0.263494975
"0.55"	"0.0"	"0.05"	"0.01"	"0.005"	"0.01"	"100000"	"10000"	"200"	"1218191925031108465"	45000	"intercept"	0.386120755
"0.55"	"0.0"	"0.05"	"0.01"	"0.005"	"0.01"	"100000"	"10000"	"200"	"1218191925031108465"	50000	"slope"	-0.25212266
"0.55"	"0.0"	"0.05"	"0.01"	"0.005"	"0.01"	"100000"	"10000"	"200"	"1218191925031108465"	50000	"intercept"	0.385189355
"0.55"	"0.0"	"0.05"	"0.01"	"0.005"	"0.01"	"100000"	"10000"	"200"	"1218191925031108465"	55000	"slope"	-0.26097541
"0.55"	"0.0"	"0.05"	"0.01"	"0.005"	"0.01"	"100000"	"10000"	"200"	"1218191925031108465"	55000	"intercept"	0.387690345
"0.55"	"0.0"	"0.05"	"0.01"	"0.005"	"0.01"	"100000"	"10000"	"200"	"1218191925031108465"	60000	"slope"	-0.22939916
"0.55"	"0.0"	"0.05"	"0.01"	"0.005"	"0.01"	"100000"	"10000"	"200"	"1218191925031108465"	60000	"intercept"	0.36985375
"0.55"	"0.0"	"0.05"	"0.01"	"0.005"	"0.01"	"100000"	"10000"	"200"	"1218191925031108465"	65000	"slope"	-0.237992615
"0.55"	"0.0"	"0.05"	"0.01"	"0.005"	"0.01"	"100000"	"10000"	"200"	"1218191925031108465"	65000	"intercept"	0.369002305
"0.55"	"0.0"	"0.05"	"0.01"	"0.005"	"0.01"	"100000"	"10000"	"200"	"1218191925031108465"	70000	"slope"	-0.22451991
"0.55"	"0.0"	"0.05"	"0.01"	"0.005"	"0.01"	"100000"	"10000"	"200"	"1218191925031108465"	70000	"intercept"	0.36001328
"0.55"	"0.0"	"0.05"	"0.01"	"0.005"	"0.01"	"100000"	"10000"	"200"	"1218191925031108465"	75000	"slope"	-0.26999859
"0.55"	"0.0"	"0.05"	"0.01"	"0.005"	"0.01"	"100000"	"10000"	"200"	"1218191925031108465"	75000	"intercept"	0.385705815
"0.55"	"0.0"	"0.05"	"0.01"	"0.005"	"0.01"	"100000"	"10000"	"200"	"1218191925031108465"	80000	"slope"	-0.2578112
"0.55"	"0.0"	"0.05"	"0.01"	"0.005"	"0.01"	"100000"	"10000"	"200"	"1218191925031108465"	80000	"intercept"	0.38010702
"0.55"	"0.0"	"0.05"	"0.01"	"0.005"	"0.01"	"100000"	"10000"	"200"	"1218191925031108465"	85000	"slope"	-0.243681255
"0.55"	"0.0"	"0.05"	"0.01"	"0.005"	"0.01"	"100000"	"10000"	"200"	"1218191925031108465"	85000	"intercept"	0.375855485
"0.55"	"0.0"	"0.05"	"0.01"	"0.005"	"0.01"	"100000"	"10000"	"200"	"1218191925031108465"	90000	"slope"	-0.249971805
"0.55"	"0.0"	"0.05"	"0.01"	"0.005"	"0.01"	"100000"	"10000"	"200"	"1218191925031108465"	90000	"intercept"	0.37740821
"0.55"	"0.0"	"0.05"	"0.01"	"0.005"	"0.01"	"100000"	"10000"	"200"	"1218191925031108465"	95000	"slope"	-0.22891144
"0.55"	"0.0"	"0.05"	"0.01"	"0.005"	"0.01"	"100000"	"10000"	"200"	"1218191925031108465"	95000	"intercept"	0.36880406
"0.55"	"0.0"	"0.05"	"0.01"	"0.005"	"0.01"	"100000"	"10000"	"200"	"1218191925031108465"	100000	"slope"	-0.224018785
"0.55"	"0.0"	"0.05"	"0.01"	"0.005"	"0.01"	"100000"	"10000"	"200"	"1218191925031108465"	100000	"intercept"	0.36943719
"0.55"	"0.0"	"0.05"	"0.01"	"0.005"	"0.01"	"100000"	"10000"	"200"	"3220051185044252070"	10	"slope"	0.0001043547
"0.55"	"0.0"	"0.05"	"0.01"	"0.005"	"0.01"	"100000"	"10000"	"200"	"3220051185044252070"	10	"intercept"	0.500099985
"0.55"	"0.0"	"0.05"	"0.01"	"0.005"	"0.01"	"100000"	"10000"	"200"	"3220051185044252070"	5000	"slope"	-0.216120425
"0.55"	"0.0"	"0.05"	"0.01"	"0.005"	"0.01"	"100000"	"10000"	"200"	"3220051185044252070"	5000	"intercept"	0.36218221
"0.55"	"0.0"	"0.05"	"0.01"	"0.005"	"0.01"	"100000"	"10000"	"200"	"3220051185044252070"	10000	"slope"	-0.234080805
"0.55"	"0.0"	"0.05"	"0.01"	"0.005"	"0.01"	"100000"	"10000"	"200"	"3220051185044252070"	10000	"intercept"	0.37311622
"0.55"	"0.0"	"0.05"	"0.01"	"0.005"	"0.01"	"100000"	"10000"	"200"	"3220051185044252070"	15000	"slope"	-0.22352328
"0.55"	"0.0"	"0.05"	"0.01"	"0.005"	"0.01"	"100000"	"10000"	"200"	"3220051185044252070"	15000	"intercept"	0.3609738
"0.55"	"0.0"	"0.05"	"0.01"	"0.005"	"0.01"	"100000"	"10000"	"200"	"3220051185044252070"	20000	"slope"	-0.232424385
"0.55"	"0.0"	"0.05"	"0.01"	"0.005"	"0.01"	"100000"	"10000"	"200"	"3220051185044252070"	20000	"intercept"	0.366226715
"0.55"	"0.0"	"0.05"	"0.01"	"0.005"	"0.01"	"100000"	"10000"	"200"	"3220051185044252070"	25000	"slope"	-0.241310055
"0.55"	"0.0"	"0.05"	"0.01"	"0.005"	"0.01"	"100000"	"10000"	"200"	"3220051185044252070"	25000	"intercept"	0.374556145
"0.55"	"0.0"	"0.05"	"0.01"	"0.005"	"0.01"	"100000"	"10000"	"200"	"3220051185044252070"	30000	"slope"	-0.22424083
"0.55"	"0.0"	"0.05"	"0.01"	"0.005"	"0.01"	"100000"	"10000"	"200"	"3220051185044252070"	30000	"intercept"	0.365903065
"0.55"	"0.0"	"0.05"	"0.01"	"0.005"	"0.01"	"100000"	"10000"	"200"	"3220051185044252070"	35000	"slope"	-0.249842475
"0.55"	"0.0"	"0.05"	"0.01"	"0.005"	"0.01"	"100000"	"10000"	"200"	"3220051185044252070"	35000	"intercept"	0.38297058
"0.55"	"0.0"	"0.05"	"0.01"	"0.005"	"0.01"	"100000"	"10000"	"200"	"3220051185044252070"	40000	"slope"	-0.265068655
"0.55"	"0.0"	"0.05"	"0.01"	"0.005"	"0.01"	"100000"	"10000"	"200"	"3220051185044252070"	40000	"intercept"	0.392396955
"0.55"	"0.0"	"0.05"	"0.01"	"0.005"	"0.01"	"100000"	"10000"	"200"	"3220051185044252070"	45000	"slope"	-0.2389496
"0.55"	"0.0"	"0.05"	"0.01"	"0.005"	"0.01"	"100000"	"10000"	"200"	"3220051185044252070"	45000	"intercept"	0.380418375
"0.55"	"0.0"	"0.05"	"0.01"	"0.005"	"0.01"	"100000"	"10000"	"200"	"3220051185044252070"	50000	"slope"	-0.23909682
"0.55"	"0.0"	"0.05"	"0.01"	"0.005"	"0.01"	"100000"	"10000"	"200"	"3220051185044252070"	50000	"intercept"	0.36880822
"0.55"	"0.0"	"0.05"	"0.01"	"0.005"	"0.01"	"100000"	"10000"	"200"	"3220051185044252070"	55000	"slope"	-0.25589829
"0.55"	"0.0"	"0.05"	"0.01"	"0.005"	"0.01"	"100000"	"10000"	"200"	"3220051185044252070"	55000	"intercept"	0.38121663
"0.55"	"0.0"	"0.05"	"0.01"	"0.005"	"0.01"	"100000"	"10000"	"200"	"3220051185044252070"	60000	"slope"	-0.23328587
"0.55"	"0.0"	"0.05"	"0.01"	"0.005"	"0.01"	"100000"	"10000"	"200"	"3220051185044252070"	60000	"intercept"	0.3675062
"0.55"	"0.0"	"0.05"	"0.01"	"0.005"	"0.01"	"100000"	"10000"	"200"	"3220051185044252070"	65000	"slope"	-0.21652563
"0.55"	"0.0"	"0.05"	"0.01"	"0.005"	"0.01"	"100000"	"10000"	"200"	"3220051185044252070"	65000	"intercept"	0.35832079
"0.55"	"0.0"	"0.05"	"0.01"	"0.005"	"0.01"	"100000"	"10000"	"200"	"3220051185044252070"	70000	"slope"	-0.20978023
"0.55"	"0.0"	"0.05"	"0.01"	"0.005"	"0.01"	"100000"	"10000"	"200"	"3220051185044252070"	70000	"intercept"	0.35715402
"0.55"	"0.0"	"0.05"	"0.01"	"0.005"	"0.01"	"100000"	"10000"	"200"	"3220051185044252070"	75000	"slope"	-0.23082897
"0.55"	"0.0"	"0.05"	"0.01"	"0.005"	"0.01"	"100000"	"10000"	"200"	"3220051185044252070"	75000	"intercept"	0.362811795
"0.55"	"0.0"	"0.05"	"0.01"	"0.005"	"0.01"	"100000"	"10000"	"200"	"3220051185044252070"	80000	"slope"	-0.23849311
"0.55"	"0.0"	"0.05"	"0.01"	"0.005"	"0.01"	"100000"	"10000"	"200"	"3220051185044252070"	80000	"intercept"	0.37256105
"0.55"	"0.0"	"0.05"	"0.01"	"0.005"	"0.01"	"100000"	"10000"	"200"	"3220051185044252070"	85000	"slope"	-0.230809585
"0.55"	"0.0"	"0.05"	"0.01"	"0.005"	"0.01"	"100000"	"10000"	"200"	"3220051185044252070"	85000	"intercept"	0.365071645
"0.55"	"0.0"	"0.05"	"0.01"	"0.005"	"0.01"	"100000"	"10000"	"200"	"3220051185044252070"	90000	"slope"	-0.242810835
"0.55"	"0.0"	"0.05"	"0.01"	"0.005"	"0.01"	"100000"	"10000"	"200"	"3220051185044252070"	90000	"intercept"	0.380928395
"0.55"	"0.0"	"0.05"	"0.01"	"0.005"	"0.01"	"100000"	"10000"	"200"	"3220051185044252070"	95000	"slope"	-0.235636575
"0.55"	"0.0"	"0.05"	"0.01"	"0.005"	"0.01"	"100000"	"10000"	"200"	"3220051185044252070"	95000	"intercept"	0.375363795
"0.55"	"0.0"	"0.05"	"0.01"	"0.005"	"0.01"	"100000"	"10000"	"200"	"3220051185044252070"	100000	"slope"	-0.2130119395
"0.55"	"0.0"	"0.05"	"0.01"	"0.005"	"0.01"	"100000"	"10000"	"200"	"3220051185044252070"	100000	"intercept"	0.361861055
"0.55"	"0.0"	"0.05"	"0.01"	"0.005"	"0.01"	"100000"	"10000"	"200"	"3557523279647465458"	10	"slope"	9.843885e-06
"0.55"	"0.0"	"0.05"	"0.01"	"0.005"	"0.01"	"100000"	"10000"	"200"	"3557523279647465458"	10	"intercept"	0.50010909
"0.55"	"0.0"	"0.05"	"0.01"	"0.005"	"0.01"	"100000"	"10000"	"200"	"3557523279647465458"	5000	"slope"	-0.1357259615
"0.55"	"0.0"	"0.05"	"0.01"	"0.005"	"0.01"	"100000"	"10000"	"200"	"3557523279647465458"	5000	"intercept"	0.32685559
"0.55"	"0.0"	"0.05"	"0.01"	"0.005"	"0.01"	"100000"	"10000"	"200"	"3557523279647465458"	10000	"slope"	-0.20163836
"0.55"	"0.0"	"0.05"	"0.01"	"0.005"	"0.01"	"100000"	"10000"	"200"	"3557523279647465458"	10000	"intercept"	0.34983112
"0.55"	"0.0"	"0.05"	"0.01"	"0.005"	"0.01"	"100000"	"10000"	"200"	"3557523279647465458"	15000	"slope"	-0.194298854
"0.55"	"0.0"	"0.05"	"0.01"	"0.005"	"0.01"	"100000"	"10000"	"200"	"3557523279647465458"	15000	"intercept"	0.347487575
"0.55"	"0.0"	"0.05"	"0.01"	"0.005"	"0.01"	"100000"	"10000"	"200"	"3557523279647465458"	20000	"slope"	-0.215983932
"0.55"	"0.0"	"0.05"	"0.01"	"0.005"	"0.01"	"100000"	"10000"	"200"	"3557523279647465458"	20000	"intercept"	0.36219739
"0.55"	"0.0"	"0.05"	"0.01"	"0.005"	"0.01"	"100000"	"10000"	"200"	"3557523279647465458"	25000	"slope"	-0.232099415
"0.55"	"0.0"	"0.05"	"0.01"	"0.005"	"0.01"	"100000"	"10000"	"200"	"3557523279647465458"	25000	"intercept"	0.377015425
"0.55"	"0.0"	"0.05"	"0.01"	"0.005"	"0.01"	"100000"	"10000"	"200"	"3557523279647465458"	30000	"slope"	-0.24431363
"0.55"	"0.0"	"0.05"	"0.01"	"0.005"	"0.01"	"100000"	"10000"	"200"	"3557523279647465458"	30000	"intercept"	0.378278105
"0.55"	"0.0"	"0.05"	"0.01"	"0.005"	"0.01"	"100000"	"10000"	"200"	"3557523279647465458"	35000	"slope"	-0.255509815
"0.55"	"0.0"	"0.05"	"0.01"	"0.005"	"0.01"	"100000"	"10000"	"200"	"3557523279647465458"	35000	"intercept"	0.387147145
"0.55"	"0.0"	"0.05"	"0.01"	"0.005"	"0.01"	"100000"	"10000"	"200"	"3557523279647465458"	40000	"slope"	-0.243998645
"0.55"	"0.0"	"0.05"	"0.01"	"0.005"	"0.01"	"100000"	"10000"	"200"	"3557523279647465458"	40000	"intercept"	0.37723126
"0.55"	"0.0"	"0.05"	"0.01"	"0.005"	"0.01"	"100000"	"10000"	"200"	"3557523279647465458"	45000	"slope"	-0.246007175
"0.55"	"0.0"	"0.05"	"0.01"	"0.005"	"0.01"	"100000"	"10000"	"200"	"3557523279647465458"	45000	"intercept"	0.389701225
"0.55"	"0.0"	"0.05"	"0.01"	"0.005"	"0.01"	"100000"	"10000"	"200"	"3557523279647465458"	50000	"slope"	-0.254591385
"0.55"	"0.0"	"0.05"	"0.01"	"0.005"	"0.01"	"100000"	"10000"	"200"	"3557523279647465458"	50000	"intercept"	0.376393465
"0.55"	"0.0"	"0.05"	"0.01"	"0.005"	"0.01"	"100000"	"10000"	"200"	"3557523279647465458"	55000	"slope"	-0.25058507
"0.55"	"0.0"	"0.05"	"0.01"	"0.005"	"0.01"	"100000"	"10000"	"200"	"3557523279647465458"	55000	"intercept"	0.376402215
"0.55"	"0.0"	"0.05"	"0.01"	"0.005"	"0.01"	"100000"	"10000"	"200"	"3557523279647465458"	60000	"slope"	-0.265845085
"0.55"	"0.0"	"0.05"	"0.01"	"0.005"	"0.01"	"100000"	"10000"	"200"	"3557523279647465458"	60000	"intercept"	0.3883407
"0.55"	"0.0"	"0.05"	"0.01"	"0.005"	"0.01"	"100000"	"10000"	"200"	"3557523279647465458"	65000	"slope"	-0.246401805
"0.55"	"0.0"	"0.05"	"0.01"	"0.005"	"0.01"	"100000"	"10000"	"200"	"3557523279647465458"	65000	"intercept"	0.37718988
"0.55"	"0.0"	"0.05"	"0.01"	"0.005"	"0.01"	"100000"	"10000"	"200"	"3557523279647465458"	70000	"slope"	-0.23688781
"0.55"	"0.0"	"0.05"	"0.01"	"0.005"	"0.01"	"100000"	"10000"	"200"	"3557523279647465458"	70000	"intercept"	0.370536905
"0.55"	"0.0"	"0.05"	"0.01"	"0.005"	"0.01"	"100000"	"10000"	"200"	"3557523279647465458"	75000	"slope"	-0.220620105
"0.55"	"0.0"	"0.05"	"0.01"	"0.005"	"0.01"	"100000"	"10000"	"200"	"3557523279647465458"	75000	"intercept"	0.359382465
"0.55"	"0.0"	"0.05"	"0.01"	"0.005"	"0.01"	"100000"	"10000"	"200"	"3557523279647465458"	80000	"slope"	-0.22942169
"0.55"	"0.0"	"0.05"	"0.01"	"0.005"	"0.01"	"100000"	"10000"	"200"	"3557523279647465458"	80000	"intercept"	0.370742305
"0.55"	"0.0"	"0.05"	"0.01"	"0.005"	"0.01"	"100000"	"10000"	"200"	"3557523279647465458"	85000	"slope"	-0.242466055
"0.55"	"0.0"	"0.05"	"0.01"	"0.005"	"0.01"	"100000"	"10000"	"200"	"3557523279647465458"	85000	"intercept"	0.379951
"0.55"	"0.0"	"0.05"	"0.01"	"0.005"	"0.01"	"100000"	"10000"	"200"	"3557523279647465458"	90000	"slope"	-0.225586945
"0.55"	"0.0"	"0.05"	"0.01"	"0.005"	"0.01"	"100000"	"10000"	"200"	"3557523279647465458"	90000	"intercept"	0.36261359
"0.55"	"0.0"	"0.05"	"0.01"	"0.005"	"0.01"	"100000"	"10000"	"200"	"3557523279647465458"	95000	"slope"	-0.228313015
"0.55"	"0.0"	"0.05"	"0.01"	"0.005"	"0.01"	"100000"	"10000"	"200"	"3557523279647465458"	95000	"intercept"	0.36461183
"0.55"	"0.0"	"0.05"	"0.01"	"0.005"	"0.01"	"100000"	"10000"	"200"	"3557523279647465458"	100000	"slope"	-0.236209795
"0.55"	"0.0"	"0.05"	"0.01"	"0.005"	"0.01"	"100000"	"10000"	"200"	"3557523279647465458"	100000	"intercept"	0.36603357
"0.55"	"0.4"	"0.05"	"0.01"	"0.005"	"0.01"	"100000"	"10000"	"200"	"3806632119794089291"	10	"slope"	7.48995e-05
"0.55"	"0.4"	"0.05"	"0.01"	"0.005"	"0.01"	"100000"	"10000"	"200"	"3806632119794089291"	10	"intercept"	0.50009936
"0.55"	"0.4"	"0.05"	"0.01"	"0.005"	"0.01"	"100000"	"10000"	"200"	"3806632119794089291"	5000	"slope"	-0.22643535
"0.55"	"0.4"	"0.05"	"0.01"	"0.005"	"0.01"	"100000"	"10000"	"200"	"3806632119794089291"	5000	"intercept"	0.32581011
"0.55"	"0.4"	"0.05"	"0.01"	"0.005"	"0.01"	"100000"	"10000"	"200"	"3806632119794089291"	10000	"slope"	-0.253452135
"0.55"	"0.4"	"0.05"	"0.01"	"0.005"	"0.01"	"100000"	"10000"	"200"	"3806632119794089291"	10000	"intercept"	0.340981105
"0.55"	"0.4"	"0.05"	"0.01"	"0.005"	"0.01"	"100000"	"10000"	"200"	"3806632119794089291"	15000	"slope"	-0.26205071
"0.55"	"0.4"	"0.05"	"0.01"	"0.005"	"0.01"	"100000"	"10000"	"200"	"3806632119794089291"	15000	"intercept"	0.345636395
"0.55"	"0.4"	"0.05"	"0.01"	"0.005"	"0.01"	"100000"	"10000"	"200"	"3806632119794089291"	20000	"slope"	-0.25549225
"0.55"	"0.4"	"0.05"	"0.01"	"0.005"	"0.01"	"100000"	"10000"	"200"	"3806632119794089291"	20000	"intercept"	0.34436538
"0.55"	"0.4"	"0.05"	"0.01"	"0.005"	"0.01"	"100000"	"10000"	"200"	"3806632119794089291"	25000	"slope"	-0.27206312
"0.55"	"0.4"	"0.05"	"0.01"	"0.005"	"0.01"	"100000"	"10000"	"200"	"3806632119794089291"	25000	"intercept"	0.349685165
"0.55"	"0.4"	"0.05"	"0.01"	"0.005"	"0.01"	"100000"	"10000"	"200"	"3806632119794089291"	30000	"slope"	-0.267260755
"0.55"	"0.4"	"0.05"	"0.01"	"0.005"	"0.01"	"100000"	"10000"	"200"	"3806632119794089291"	30000	"intercept"	0.35190482
"0.55"	"0.4"	"0.05"	"0.01"	"0.005"	"0.01"	"100000"	"10000"	"200"	"3806632119794089291"	35000	"slope"	-0.27165731
"0.55"	"0.4"	"0.05"	"0.01"	"0.005"	"0.01"	"100000"	"10000"	"200"	"3806632119794089291"	35000	"intercept"	0.35736816
"0.55"	"0.4"	"0.05"	"0.01"	"0.005"	"0.01"	"100000"	"10000"	"200"	"3806632119794089291"	40000	"slope"	-0.26575192
"0.55"	"0.4"	"0.05"	"0.01"	"0.005"	"0.01"	"100000"	"10000"	"200"	"3806632119794089291"	40000	"intercept"	0.343855685
"0.55"	"0.4"	"0.05"	"0.01"	"0.005"	"0.01"	"100000"	"10000"	"200"	"3806632119794089291"	45000	"slope"	-0.226019995
"0.55"	"0.4"	"0.05"	"0.01"	"0.005"	"0.01"	"100000"	"10000"	"200"	"3806632119794089291"	45000	"intercept"	0.32603554
"0.55"	"0.4"	"0.05"	"0.01"	"0.005"	"0.01"	"100000"	"10000"	"200"	"3806632119794089291"	50000	"slope"	-0.26557148
"0.55"	"0.4"	"0.05"	"0.01"	"0.005"	"0.01"	"100000"	"10000"	"200"	"3806632119794089291"	50000	"intercept"	0.358395905
"0.55"	"0.4"	"0.05"	"0.01"	"0.005"	"0.01"	"100000"	"10000"	"200"	"3806632119794089291"	55000	"slope"	-0.262524965
"0.55"	"0.4"	"0.05"	"0.01"	"0.005"	"0.01"	"100000"	"10000"	"200"	"3806632119794089291"	55000	"intercept"	0.35341886
"0.55"	"0.4"	"0.05"	"0.01"	"0.005"	"0.01"	"100000"	"10000"	"200"	"3806632119794089291"	60000	"slope"	-0.252122165
"0.55"	"0.4"	"0.05"	"0.01"	"0.005"	"0.01"	"100000"	"10000"	"200"	"3806632119794089291"	60000	"intercept"	0.34133413
"0.55"	"0.4"	"0.05"	"0.01"	"0.005"	"0.01"	"100000"	"10000"	"200"	"3806632119794089291"	65000	"slope"	-0.267640135
"0.55"	"0.4"	"0.05"	"0.01"	"0.005"	"0.01"	"100000"	"10000"	"200"	"3806632119794089291"	65000	"intercept"	0.35059999
"0.55"	"0.4"	"0.05"	"0.01"	"0.005"	"0.01"	"100000"	"10000"	"200"	"3806632119794089291"	70000	"slope"	-0.27708686
"0.55"	"0.4"	"0.05"	"0.01"	"0.005"	"0.01"	"100000"	"10000"	"200"	"3806632119794089291"	70000	"intercept"	0.357669105
"0.55"	"0.4"	"0.05"	"0.01"	"0.005"	"0.01"	"100000"	"10000"	"200"	"3806632119794089291"	75000	"slope"	-0.26093785
"0.55"	"0.4"	"0.05"	"0.01"	"0.005"	"0.01"	"100000"	"10000"	"200"	"3806632119794089291"	75000	"intercept"	0.3437221
"0.55"	"0.4"	"0.05"	"0.01"	"0.005"	"0.01"	"100000"	"10000"	"200"	"3806632119794089291"	80000	"slope"	-0.25929283
"0.55"	"0.4"	"0.05"	"0.01"	"0.005"	"0.01"	"100000"	"10000"	"200"	"3806632119794089291"	80000	"intercept"	0.34659318
"0.55"	"0.4"	"0.05"	"0.01"	"0.005"	"0.01"	"100000"	"10000"	"200"	"3806632119794089291"	85000	"slope"	-0.276993315
"0.55"	"0.4"	"0.05"	"0.01"	"0.005"	"0.01"	"100000"	"10000"	"200"	"3806632119794089291"	85000	"intercept"	0.35776583
"0.55"	"0.4"	"0.05"	"0.01"	"0.005"	"0.01"	"100000"	"10000"	"200"	"3806632119794089291"	90000	"slope"	-0.24518265
"0.55"	"0.4"	"0.05"	"0.01"	"0.005"	"0.01"	"100000"	"10000"	"200"	"3806632119794089291"	90000	"intercept"	0.33267613
"0.55"	"0.4"	"0.05"	"0.01"	"0.005"	"0.01"	"100000"	"10000"	"200"	"3806632119794089291"	95000	"slope"	-0.23210671
"0.55"	"0.4"	"0.05"	"0.01"	"0.005"	"0.01"	"100000"	"10000"	"200"	"3806632119794089291"	95000	"intercept"	0.33138871
"0.55"	"0.4"	"0.05"	"0.01"	"0.005"	"0.01"	"100000"	"10000"	"200"	"3806632119794089291"	100000	"slope"	-0.2477699295
"0.55"	"0.4"	"0.05"	"0.01"	"0.005"	"0.01"	"100000"	"10000"	"200"	"3806632119794089291"	100000	"intercept"	0.334128995
"0.55"	"0.4"	"0.05"	"0.01"	"0.005"	"0.01"	"100000"	"10000"	"200"	"4503066839412956995"	10	"slope"	-0.00012628195
"0.55"	"0.4"	"0.05"	"0.01"	"0.005"	"0.01"	"100000"	"10000"	"200"	"4503066839412956995"	10	"intercept"	0.499935805
"0.55"	"0.4"	"0.05"	"0.01"	"0.005"	"0.01"	"100000"	"10000"	"200"	"4503066839412956995"	5000	"slope"	-0.20203568
"0.55"	"0.4"	"0.05"	"0.01"	"0.005"	"0.01"	"100000"	"10000"	"200"	"4503066839412956995"	5000	"intercept"	0.31559481
"0.55"	"0.4"	"0.05"	"0.01"	"0.005"	"0.01"	"100000"	"10000"	"200"	"4503066839412956995"	10000	"slope"	-0.25096878
"0.55"	"0.4"	"0.05"	"0.01"	"0.005"	"0.01"	"100000"	"10000"	"200"	"4503066839412956995"	10000	"intercept"	0.34130574
"0.55"	"0.4"	"0.05"	"0.01"	"0.005"	"0.01"	"100000"	"10000"	"200"	"4503066839412956995"	15000	"slope"	-0.232200605
"0.55"	"0.4"	"0.05"	"0.01"	"0.005"	"0.01"	"100000"	"10000"	"200"	"4503066839412956995"	15000	"intercept"	0.32599981
"0.55"	"0.4"	"0.05"	"0.01"	"0.005"	"0.01"	"100000"	"10000"	"200"	"4503066839412956995"	20000	"slope"	-0.239828755
"0.55"	"0.4"	"0.05"	"0.01"	"0.005"	"0.01"	"100000"	"10000"	"200"	"4503066839412956995"	20000	"intercept"	0.32706098
"0.55"	"0.4"	"0.05"	"0.01"	"0.005"	"0.01"	"100000"	"10000"	"200"	"4503066839412956995"	25000	"slope"	-0.2601239
"0.55"	"0.4"	"0.05"	"0.01"	"0.005"	"0.01"	"100000"	"10000"	"200"	"4503066839412956995"	25000	"intercept"	0.34105723
"0.55"	"0.4"	"0.05"	"0.01"	"0.005"	"0.01"	"100000"	"10000"	"200"	"4503066839412956995"	30000	"slope"	-0.242695765
"0.55"	"0.4"	"0.05"	"0.01"	"0.005"	"0.01"	"100000"	"10000"	"200"	"4503066839412956995"	30000	"intercept"	0.337640295
"0.55"	"0.4"	"0.05"	"0.01"	"0.005"	"0.01"	"100000"	"10000"	"200"	"4503066839412956995"	35000	"slope"	-0.232596515
"0.55"	"0.4"	"0.05"	"0.01"	"0.005"	"0.01"	"100000"	"10000"	"200"	"4503066839412956995"	35000	"intercept"	0.325660375
"0.55"	"0.4"	"0.05"	"0.01"	"0.005"	"0.01"	"100000"	"10000"	"200"	"4503066839412956995"	40000	"slope"	-0.24701364
"0.55"	"0.4"	"0.05"	"0.01"	"0.005"	"0.01"	"100000"	"10000"	"200"	"4503066839412956995"	40000	"intercept"	0.339927585
"0.55"	"0.4"	"0.05"	"0.01"	"0.005"	"0.01"	"100000"	"10000"	"200"	"4503066839412956995"	45000	"slope"	-0.258456855
"0.55"	"0.4"	"0.05"	"0.01"	"0.005"	"0.01"	"100000"	"10000"	"200"	"4503066839412956995"	45000	"intercept"	0.3411375
"0.55"	"0.4"	"0.05"	"0.01"	"0.005"	"0.01"	"100000"	"10000"	"200"	"4503066839412956995"	50000	"slope"	-0.246083235
"0.55"	"0.4"	"0.05"	"0.01"	"0.005"	"0.01"	"100000"	"10000"	"200"	"4503066839412956995"	50000	"intercept"	0.340598615
"0.55"	"0.4"	"0.05"	"0.01"	"0.005"	"0.01"	"100000"	"10000"	"200"	"4503066839412956995"	55000	"slope"	-0.24813202
"0.55"	"0.4"	"0.05"	"0.01"	"0.005"	"0.01"	"100000"	"10000"	"200"	"4503066839412956995"	55000	"intercept"	0.34654286
"0.55"	"0.4"	"0.05"	"0.01"	"0.005"	"0.01"	"100000"	"10000"	"200"	"4503066839412956995"	60000	"slope"	-0.268867485
"0.55"	"0.4"	"0.05"	"0.01"	"0.005"	"0.01"	"100000"	"10000"	"200"	"4503066839412956995"	60000	"intercept"	0.35361464
"0.55"	"0.4"	"0.05"	"0.01"	"0.005"	"0.01"	"100000"	"10000"	"200"	"4503066839412956995"	65000	"slope"	-0.24816628
"0.55"	"0.4"	"0.05"	"0.01"	"0.005"	"0.01"	"100000"	"10000"	"200"	"4503066839412956995"	65000	"intercept"	0.341518215
"0.55"	"0.4"	"0.05"	"0.01"	"0.005"	"0.01"	"100000"	"10000"	"200"	"4503066839412956995"	70000	"slope"	-0.25484568
"0.55"	"0.4"	"0.05"	"0.01"	"0.005"	"0.01"	"100000"	"10000"	"200"	"4503066839412956995"	70000	"intercept"	0.340627105
"0.55"	"0.4"	"0.05"	"0.01"	"0.005"	"0.01"	"100000"	"10000"	"200"	"4503066839412956995"	75000	"slope"	-0.28756351
"0.55"	"0.4"	"0.05"	"0.01"	"0.005"	"0.01"	"100000"	"10000"	"200"	"4503066839412956995"	75000	"intercept"	0.364672805
"0.55"	"0.4"	"0.05"	"0.01"	"0.005"	"0.01"	"100000"	"10000"	"200"	"4503066839412956995"	80000	"slope"	-0.248532645
"0.55"	"0.4"	"0.05"	"0.01"	"0.005"	"0.01"	"100000"	"10000"	"200"	"4503066839412956995"	80000	"intercept"	0.32960114
"0.55"	"0.4"	"0.05"	"0.01"	"0.005"	"0.01"	"100000"	"10000"	"200"	"4503066839412956995"	85000	"slope"	-0.26668123
"0.55"	"0.4"	"0.05"	"0.01"	"0.005"	"0.01"	"100000"	"10000"	"200"	"4503066839412956995"	85000	"intercept"	0.346372395
"0.55"	"0.4"	"0.05"	"0.01"	"0.005"	"0.01"	"100000"	"10000"	"200"	"4503066839412956995"	90000	"slope"	-0.25088336
"0.55"	"0.4"	"0.05"	"0.01"	"0.005"	"0.01"	"100000"	"10000"	"200"	"4503066839412956995"	90000	"intercept"	0.34480219
"0.55"	"0.4"	"0.05"	"0.01"	"0.005"	"0.01"	"100000"	"10000"	"200"	"4503066839412956995"	95000	"slope"	-0.25273118
"0.55"	"0.4"	"0.05"	"0.01"	"0.005"	"0.01"	"100000"	"10000"	"200"	"4503066839412956995"	95000	"intercept"	0.337064145
"0.55"	"0.4"	"0.05"	"0.01"	"0.005"	"0.01"	"100000"	"10000"	"200"	"4503066839412956995"	100000	"slope"	-0.26258739
"0.55"	"0.4"	"0.05"	"0.01"	"0.005"	"0.01"	"100000"	"10000"	"200"	"4503066839412956995"	100000	"intercept"	0.34742626
"0.55"	"0.4"	"0.05"	"0.01"	"0.005"	"0.01"	"100000"	"10000"	"200"	"733064102526199381"	10	"slope"	7.22462575e-05
"0.55"	"0.4"	"0.05"	"0.01"	"0.005"	"0.01"	"100000"	"10000"	"200"	"733064102526199381"	10	"intercept"	0.49987602
"0.55"	"0.4"	"0.05"	"0.01"	"0.005"	"0.01"	"100000"	"10000"	"200"	"733064102526199381"	5000	"slope"	-0.1608982975
"0.55"	"0.4"	"0.05"	"0.01"	"0.005"	"0.01"	"100000"	"10000"	"200"	"733064102526199381"	5000	"intercept"	0.28585087
"0.55"	"0.4"	"0.05"	"0.01"	"0.005"	"0.01"	"100000"	"10000"	"200"	"733064102526199381"	10000	"slope"	-0.20346044
"0.55"	"0.4"	"0.05"	"0.01"	"0.005"	"0.01"	"100000"	"10000"	"200"	"733064102526199381"	10000	"intercept"	0.306518035
"0.55"	"0.4"	"0.05"	"0.01"	"0.005"	"0.01"	"100000"	"10000"	"200"	"733064102526199381"	15000	"slope"	-0.229940335
"0.55"	"0.4"	"0.05"	"0.01"	"0.005"	"0.01"	"100000"	"10000"	"200"	"733064102526199381"	15000	"intercept"	0.330391775
"0.55"	"0.4"	"0.05"	"0.01"	"0.005"	"0.01"	"100000"	"10000"	"200"	"733064102526199381"	20000	"slope"	-0.26094463
"0.55"	"0.4"	"0.05"	"0.01"	"0.005"	"0.01"	"100000"	"10000"	"200"	"733064102526199381"	20000	"intercept"	0.34235308
"0.55"	"0.4"	"0.05"	"0.01"	"0.005"	"0.01"	"100000"	"10000"	"200"	"733064102526199381"	25000	"slope"	-0.246860545
"0.55"	"0.4"	"0.05"	"0.01"	"0.005"	"0.01"	"100000"	"10000"	"200"	"733064102526199381"	25000	"intercept"	0.338238745
"0.55"	"0.4"	"0.05"	"0.01"	"0.005"	"0.01"	"100000"	"10000"	"200"	"733064102526199381"	30000	"slope"	-0.254015815
"0.55"	"0.4"	"0.05"	"0.01"	"0.005"	"0.01"	"100000"	"10000"	"200"	"733064102526199381"	30000	"intercept"	0.34094479
"0.55"	"0.4"	"0.05"	"0.01"	"0.005"	"0.01"	"100000"	"10000"	"200"	"733064102526199381"	35000	"slope"	-0.243785055
"0.55"	"0.4"	"0.05"	"0.01"	"0.005"	"0.01"	"100000"	"10000"	"200"	"733064102526199381"	35000	"intercept"	0.332527335
"0.55"	"0.4"	"0.05"	"0.01"	"0.005"	"0.01"	"100000"	"10000"	"200"	"733064102526199381"	40000	"slope"	-0.22439078
"0.55"	"0.4"	"0.05"	"0.01"	"0.005"	"0.01"	"100000"	"10000"	"200"	"733064102526199381"	40000	"intercept"	0.32274758
"0.55"	"0.4"	"0.05"	"0.01"	"0.005"	"0.01"	"100000"	"10000"	"200"	"733064102526199381"	45000	"slope"	-0.23770795
"0.55"	"0.4"	"0.05"	"0.01"	"0.005"	"0.01"	"100000"	"10000"	"200"	"733064102526199381"	45000	"intercept"	0.327726875
"0.55"	"0.4"	"0.05"	"0.01"	"0.005"	"0.01"	"100000"	"10000"	"200"	"733064102526199381"	50000	"slope"	-0.281783435
"0.55"	"0.4"	"0.05"	"0.01"	"0.005"	"0.01"	"100000"	"10000"	"200"	"733064102526199381"	50000	"intercept"	0.36689842
"0.55"	"0.4"	"0.05"	"0.01"	"0.005"	"0.01"	"100000"	"10000"	"200"	"733064102526199381"	55000	"slope"	-0.278648485
"0.55"	"0.4"	"0.05"	"0.01"	"0.005"	"0.01"	"100000"	"10000"	"200"	"733064102526199381"	55000	"intercept"	0.363773905
"0.55"	"0.4"	"0.05"	"0.01"	"0.005"	"0.01"	"100000"	"10000"	"200"	"733064102526199381"	60000	"slope"	-0.25339016
"0.55"	"0.4"	"0.05"	"0.01"	"0.005"	"0.01"	"100000"	"10000"	"200"	"733064102526199381"	60000	"intercept"	0.3458782
"0.55"	"0.4"	"0.05"	"0.01"	"0.005"	"0.01"	"100000"	"10000"	"200"	"733064102526199381"	65000	"slope"	-0.262389385
"0.55"	"0.4"	"0.05"	"0.01"	"0.005"	"0.01"	"100000"	"10000"	"200"	"733064102526199381"	65000	"intercept"	0.34658276
"0.55"	"0.4"	"0.05"	"0.01"	"0.005"	"0.01"	"100000"	"10000"	"200"	"733064102526199381"	70000	"slope"	-0.25596339
"0.55"	"0.4"	"0.05"	"0.01"	"0.005"	"0.01"	"100000"	"10000"	"200"	"733064102526199381"	70000	"intercept"	0.341583195
"0.55"	"0.4"	"0.05"	"0.01"	"0.005"	"0.01"	"100000"	"10000"	"200"	"733064102526199381"	75000	"slope"	-0.241694955
"0.55"	"0.4"	"0.05"	"0.01"	"0.005"	"0.01"	"100000"	"10000"	"200"	"733064102526199381"	75000	"intercept"	0.33345439
"0.55"	"0.4"	"0.05"	"0.01"	"0.005"	"0.01"	"100000"	"10000"	"200"	"733064102526199381"	80000	"slope"	-0.252517735
"0.55"	"0.4"	"0.05"	"0.01"	"0.005"	"0.01"	"100000"	"10000"	"200"	"733064102526199381"	80000	"intercept"	0.343075965
"0.55"	"0.4"	"0.05"	"0.01"	"0.005"	"0.01"	"100000"	"10000"	"200"	"733064102526199381"	85000	"slope"	-0.249294955
"0.55"	"0.4"	"0.05"	"0.01"	"0.005"	"0.01"	"100000"	"10000"	"200"	"733064102526199381"	85000	"intercept"	0.339002645
"0.55"	"0.4"	"0.05"	"0.01"	"0.005"	"0.01"	"100000"	"10000"	"200"	"733064102526199381"	90000	"slope"	-0.25463412
"0.55"	"0.4"	"0.05"	"0.01"	"0.005"	"0.01"	"100000"	"10000"	"200"	"733064102526199381"	90000	"intercept"	0.35014074
"0.55"	"0.4"	"0.05"	"0.01"	"0.005"	"0.01"	"100000"	"10000"	"200"	"733064102526199381"	95000	"slope"	-0.250991915
"0.55"	"0.4"	"0.05"	"0.01"	"0.005"	"0.01"	"100000"	"10000"	"200"	"733064102526199381"	95000	"intercept"	0.34740815
"0.55"	"0.4"	"0.05"	"0.01"	"0.005"	"0.01"	"100000"	"10000"	"200"	"733064102526199381"	100000	"slope"	-0.273257425
"0.55"	"0.4"	"0.05"	"0.01"	"0.005"	"0.01"	"100000"	"10000"	"200"	"733064102526199381"	100000	"intercept"	0.35408189
"0.55"	"0.6"	"0.05"	"0.01"	"0.005"	"0.01"	"100000"	"10000"	"200"	"6336415861446041814"	10	"slope"	9.669686e-05
"0.55"	"0.6"	"0.05"	"0.01"	"0.005"	"0.01"	"100000"	"10000"	"200"	"6336415861446041814"	10	"intercept"	0.499745905
"0.55"	"0.6"	"0.05"	"0.01"	"0.005"	"0.01"	"100000"	"10000"	"200"	"6336415861446041814"	5000	"slope"	-0.223002785
"0.55"	"0.6"	"0.05"	"0.01"	"0.005"	"0.01"	"100000"	"10000"	"200"	"6336415861446041814"	5000	"intercept"	0.29873056
"0.55"	"0.6"	"0.05"	"0.01"	"0.005"	"0.01"	"100000"	"10000"	"200"	"6336415861446041814"	10000	"slope"	-0.24258099
"0.55"	"0.6"	"0.05"	"0.01"	"0.005"	"0.01"	"100000"	"10000"	"200"	"6336415861446041814"	10000	"intercept"	0.31501062
"0.55"	"0.6"	"0.05"	"0.01"	"0.005"	"0.01"	"100000"	"10000"	"200"	"6336415861446041814"	15000	"slope"	-0.24271197
"0.55"	"0.6"	"0.05"	"0.01"	"0.005"	"0.01"	"100000"	"10000"	"200"	"6336415861446041814"	15000	"intercept"	0.31726362
"0.55"	"0.6"	"0.05"	"0.01"	"0.005"	"0.01"	"100000"	"10000"	"200"	"6336415861446041814"	20000	"slope"	-0.243164545
"0.55"	"0.6"	"0.05"	"0.01"	"0.005"	"0.01"	"100000"	"10000"	"200"	"6336415861446041814"	20000	"intercept"	0.318193985
"0.55"	"0.6"	"0.05"	"0.01"	"0.005"	"0.01"	"100000"	"10000"	"200"	"6336415861446041814"	25000	"slope"	-0.2478606
"0.55"	"0.6"	"0.05"	"0.01"	"0.005"	"0.01"	"100000"	"10000"	"200"	"6336415861446041814"	25000	"intercept"	0.318798475
"0.55"	"0.6"	"0.05"	"0.01"	"0.005"	"0.01"	"100000"	"10000"	"200"	"6336415861446041814"	30000	"slope"	-0.26295632
"0.55"	"0.6"	"0.05"	"0.01"	"0.005"	"0.01"	"100000"	"10000"	"200"	"6336415861446041814"	30000	"intercept"	0.332534105
"0.55"	"0.6"	"0.05"	"0.01"	"0.005"	"0.01"	"100000"	"10000"	"200"	"6336415861446041814"	35000	"slope"	-0.26600898
"0.55"	"0.6"	"0.05"	"0.01"	"0.005"	"0.01"	"100000"	"10000"	"200"	"6336415861446041814"	35000	"intercept"	0.33452623
"0.55"	"0.6"	"0.05"	"0.01"	"0.005"	"0.01"	"100000"	"10000"	"200"	"6336415861446041814"	40000	"slope"	-0.25959792
"0.55"	"0.6"	"0.05"	"0.01"	"0.005"	"0.01"	"100000"	"10000"	"200"	"6336415861446041814"	40000	"intercept"	0.32196862
"0.55"	"0.6"	"0.05"	"0.01"	"0.005"	"0.01"	"100000"	"10000"	"200"	"6336415861446041814"	45000	"slope"	-0.257180525
"0.55"	"0.6"	"0.05"	"0.01"	"0.005"	"0.01"	"100000"	"10000"	"200"	"6336415861446041814"	45000	"intercept"	0.32526057
"0.55"	"0.6"	"0.05"	"0.01"	"0.005"	"0.01"	"100000"	"10000"	"200"	"6336415861446041814"	50000	"slope"	-0.266544105
"0.55"	"0.6"	"0.05"	"0.01"	"0.005"	"0.01"	"100000"	"10000"	"200"	"6336415861446041814"	50000	"intercept"	0.331257285
"0.55"	"0.6"	"0.05"	"0.01"	"0.005"	"0.01"	"100000"	"10000"	"200"	"6336415861446041814"	55000	"slope"	-0.27289622
"0.55"	"0.6"	"0.05"	"0.01"	"0.005"	"0.01"	"100000"	"10000"	"200"	"6336415861446041814"	55000	"intercept"	0.335367815
"0.55"	"0.6"	"0.05"	"0.01"	"0.005"	"0.01"	"100000"	"10000"	"200"	"6336415861446041814"	60000	"slope"	-0.267514995
"0.55"	"0.6"	"0.05"	"0.01"	"0.005"	"0.01"	"100000"	"10000"	"200"	"6336415861446041814"	60000	"intercept"	0.3363659
"0.55"	"0.6"	"0.05"	"0.01"	"0.005"	"0.01"	"100000"	"10000"	"200"	"6336415861446041814"	65000	"slope"	-0.249655185
"0.55"	"0.6"	"0.05"	"0.01"	"0.005"	"0.01"	"100000"	"10000"	"200"	"6336415861446041814"	65000	"intercept"	0.320693895
"0.55"	"0.6"	"0.05"	"0.01"	"0.005"	"0.01"	"100000"	"10000"	"200"	"6336415861446041814"	70000	"slope"	-0.252119025
"0.55"	"0.6"	"0.05"	"0.01"	"0.005"	"0.01"	"100000"	"10000"	"200"	"6336415861446041814"	70000	"intercept"	0.32605759
"0.55"	"0.6"	"0.05"	"0.01"	"0.005"	"0.01"	"100000"	"10000"	"200"	"6336415861446041814"	75000	"slope"	-0.21381536
"0.55"	"0.6"	"0.05"	"0.01"	"0.005"	"0.01"	"100000"	"10000"	"200"	"6336415861446041814"	75000	"intercept"	0.28754182
"0.55"	"0.6"	"0.05"	"0.01"	"0.005"	"0.01"	"100000"	"10000"	"200"	"6336415861446041814"	80000	"slope"	-0.250937985
"0.55"	"0.6"	"0.05"	"0.01"	"0.005"	"0.01"	"100000"	"10000"	"200"	"6336415861446041814"	80000	"intercept"	0.3228268
"0.55"	"0.6"	"0.05"	"0.01"	"0.005"	"0.01"	"100000"	"10000"	"200"	"6336415861446041814"	85000	"slope"	-0.2533349
"0.55"	"0.6"	"0.05"	"0.01"	"0.005"	"0.01"	"100000"	"10000"	"200"	"6336415861446041814"	85000	"intercept"	0.32484582
"0.55"	"0.6"	"0.05"	"0.01"	"0.005"	"0.01"	"100000"	"10000"	"200"	"6336415861446041814"	90000	"slope"	-0.26212359
"0.55"	"0.6"	"0.05"	"0.01"	"0.005"	"0.01"	"100000"	"10000"	"200"	"6336415861446041814"	90000	"intercept"	0.332719815
"0.55"	"0.6"	"0.05"	"0.01"	"0.005"	"0.01"	"100000"	"10000"	"200"	"6336415861446041814"	95000	"slope"	-0.23539178
"0.55"	"0.6"	"0.05"	"0.01"	"0.005"	"0.01"	"100000"	"10000"	"200"	"6336415861446041814"	95000	"intercept"	0.30846367
"0.55"	"0.6"	"0.05"	"0.01"	"0.005"	"0.01"	"100000"	"10000"	"200"	"6336415861446041814"	100000	"slope"	-0.26192033
"0.55"	"0.6"	"0.05"	"0.01"	"0.005"	"0.01"	"100000"	"10000"	"200"	"6336415861446041814"	100000	"intercept"	0.324436485
"0.55"	"0.6"	"0.05"	"0.01"	"0.005"	"0.01"	"100000"	"10000"	"200"	"8754237118751901567"	10	"slope"	-0.0001765912
"0.55"	"0.6"	"0.05"	"0.01"	"0.005"	"0.01"	"100000"	"10000"	"200"	"8754237118751901567"	10	"intercept"	0.49996022
"0.55"	"0.6"	"0.05"	"0.01"	"0.005"	"0.01"	"100000"	"10000"	"200"	"8754237118751901567"	5000	"slope"	-0.18760932
"0.55"	"0.6"	"0.05"	"0.01"	"0.005"	"0.01"	"100000"	"10000"	"200"	"8754237118751901567"	5000	"intercept"	0.28180804
"0.55"	"0.6"	"0.05"	"0.01"	"0.005"	"0.01"	"100000"	"10000"	"200"	"8754237118751901567"	10000	"slope"	-0.206392305
"0.55"	"0.6"	"0.05"	"0.01"	"0.005"	"0.01"	"100000"	"10000"	"200"	"8754237118751901567"	10000	"intercept"	0.295475465
"0.55"	"0.6"	"0.05"	"0.01"	"0.005"	"0.01"	"100000"	"10000"	"200"	"8754237118751901567"	15000	"slope"	-0.240084905
"0.55"	"0.6"	"0.05"	"0.01"	"0.005"	"0.01"	"100000"	"10000"	"200"	"8754237118751901567"	15000	"intercept"	0.310750555
"0.55"	"0.6"	"0.05"	"0.01"	"0.005"	"0.01"	"100000"	"10000"	"200"	"8754237118751901567"	20000	"slope"	-0.249183535
"0.55"	"0.6"	"0.05"	"0.01"	"0.005"	"0.01"	"100000"	"10000"	"200"	"8754237118751901567"	20000	"intercept"	0.32824807
"0.55"	"0.6"	"0.05"	"0.01"	"0.005"	"0.01"	"100000"	"10000"	"200"	"8754237118751901567"	25000	"slope"	-0.26561425
"0.55"	"0.6"	"0.05"	"0.01"	"0.005"	"0.01"	"100000"	"10000"	"200"	"8754237118751901567"	25000	"intercept"	0.32979758
"0.55"	"0.6"	"0.05"	"0.01"	"0.005"	"0.01"	"100000"	"10000"	"200"	"8754237118751901567"	30000	"slope"	-0.235366735
"0.55"	"0.6"	"0.05"	"0.01"	"0.005"	"0.01"	"100000"	"10000"	"200"	"8754237118751901567"	30000	"intercept"	0.306605605
"0.55"	"0.6"	"0.05"	"0.01"	"0.005"	"0.01"	"100000"	"10000"	"200"	"8754237118751901567"	35000	"slope"	-0.23488777
"0.55"	"0.6"	"0.05"	"0.01"	"0.005"	"0.01"	"100000"	"10000"	"200"	"8754237118751901567"	35000	"intercept"	0.3108704
"0.55"	"0.6"	"0.05"	"0.01"	"0.005"	"0.01"	"100000"	"10000"	"200"	"8754237118751901567"	40000	"slope"	-0.257247165
"0.55"	"0.6"	"0.05"	"0.01"	"0.005"	"0.01"	"100000"	"10000"	"200"	"8754237118751901567"	40000	"intercept"	0.32680201
"0.55"	"0.6"	"0.05"	"0.01"	"0.005"	"0.01"	"100000"	"10000"	"200"	"8754237118751901567"	45000	"slope"	-0.25644698
"0.55"	"0.6"	"0.05"	"0.01"	"0.005"	"0.01"	"100000"	"10000"	"200"	"8754237118751901567"	45000	"intercept"	0.323841025
"0.55"	"0.6"	"0.05"	"0.01"	"0.005"	"0.01"	"100000"	"10000"	"200"	"8754237118751901567"	50000	"slope"	-0.26064806
"0.55"	"0.6"	"0.05"	"0.01"	"0.005"	"0.01"	"100000"	"10000"	"200"	"8754237118751901567"	50000	"intercept"	0.32830325
"0.55"	"0.6"	"0.05"	"0.01"	"0.005"	"0.01"	"100000"	"10000"	"200"	"8754237118751901567"	55000	"slope"	-0.255505695
"0.55"	"0.6"	"0.05"	"0.01"	"0.005"	"0.01"	"100000"	"10000"	"200"	"8754237118751901567"	55000	"intercept"	0.326249885
"0.55"	"0.6"	"0.05"	"0.01"	"0.005"	"0.01"	"100000"	"10000"	"200"	"8754237118751901567"	60000	"slope"	-0.25353519
"0.55"	"0.6"	"0.05"	"0.01"	"0.005"	"0.01"	"100000"	"10000"	"200"	"8754237118751901567"	60000	"intercept"	0.32681316
"0.55"	"0.6"	"0.05"	"0.01"	"0.005"	"0.01"	"100000"	"10000"	"200"	"8754237118751901567"	65000	"slope"	-0.24991231
"0.55"	"0.6"	"0.05"	"0.01"	"0.005"	"0.01"	"100000"	"10000"	"200"	"8754237118751901567"	65000	"intercept"	0.32469067
"0.55"	"0.6"	"0.05"	"0.01"	"0.005"	"0.01"	"100000"	"10000"	"200"	"8754237118751901567"	70000	"slope"	-0.256349445
"0.55"	"0.6"	"0.05"	"0.01"	"0.005"	"0.01"	"100000"	"10000"	"200"	"8754237118751901567"	70000	"intercept"	0.32416533
"0.55"	"0.6"	"0.05"	"0.01"	"0.005"	"0.01"	"100000"	"10000"	"200"	"8754237118751901567"	75000	"slope"	-0.2334857
"0.55"	"0.6"	"0.05"	"0.01"	"0.005"	"0.01"	"100000"	"10000"	"200"	"8754237118751901567"	75000	"intercept"	0.309593815
"0.55"	"0.6"	"0.05"	"0.01"	"0.005"	"0.01"	"100000"	"10000"	"200"	"8754237118751901567"	80000	"slope"	-0.245329835
"0.55"	"0.6"	"0.05"	"0.01"	"0.005"	"0.01"	"100000"	"10000"	"200"	"8754237118751901567"	80000	"intercept"	0.318167605
"0.55"	"0.6"	"0.05"	"0.01"	"0.005"	"0.01"	"100000"	"10000"	"200"	"8754237118751901567"	85000	"slope"	-0.24849546
"0.55"	"0.6"	"0.05"	"0.01"	"0.005"	"0.01"	"100000"	"10000"	"200"	"8754237118751901567"	85000	"intercept"	0.321057625
"0.55"	"0.6"	"0.05"	"0.01"	"0.005"	"0.01"	"100000"	"10000"	"200"	"8754237118751901567"	90000	"slope"	-0.22814903
"0.55"	"0.6"	"0.05"	"0.01"	"0.005"	"0.01"	"100000"	"10000"	"200"	"8754237118751901567"	90000	"intercept"	0.30615697
"0.55"	"0.6"	"0.05"	"0.01"	"0.005"	"0.01"	"100000"	"10000"	"200"	"8754237118751901567"	95000	"slope"	-0.24087224
"0.55"	"0.6"	"0.05"	"0.01"	"0.005"	"0.01"	"100000"	"10000"	"200"	"8754237118751901567"	95000	"intercept"	0.308554315
"0.55"	"0.6"	"0.05"	"0.01"	"0.005"	"0.01"	"100000"	"10000"	"200"	"8754237118751901567"	100000	"slope"	-0.24241852
"0.55"	"0.6"	"0.05"	"0.01"	"0.005"	"0.01"	"100000"	"10000"	"200"	"8754237118751901567"	100000	"intercept"	0.316173575
"0.55"	"0.6"	"0.05"	"0.01"	"0.005"	"0.01"	"100000"	"10000"	"200"	"8836094560851387206"	10	"slope"	0.000101866875
"0.55"	"0.6"	"0.05"	"0.01"	"0.005"	"0.01"	"100000"	"10000"	"200"	"8836094560851387206"	10	"intercept"	0.50008313
"0.55"	"0.6"	"0.05"	"0.01"	"0.005"	"0.01"	"100000"	"10000"	"200"	"8836094560851387206"	5000	"slope"	-0.172772442
"0.55"	"0.6"	"0.05"	"0.01"	"0.005"	"0.01"	"100000"	"10000"	"200"	"8836094560851387206"	5000	"intercept"	0.27110842
"0.55"	"0.6"	"0.05"	"0.01"	"0.005"	"0.01"	"100000"	"10000"	"200"	"8836094560851387206"	10000	"slope"	-0.22453202
"0.55"	"0.6"	"0.05"	"0.01"	"0.005"	"0.01"	"100000"	"10000"	"200"	"8836094560851387206"	10000	"intercept"	0.306973505
"0.55"	"0.6"	"0.05"	"0.01"	"0.005"	"0.01"	"100000"	"10000"	"200"	"8836094560851387206"	15000	"slope"	-0.23738516
"0.55"	"0.6"	"0.05"	"0.01"	"0.005"	"0.01"	"100000"	"10000"	"200"	"8836094560851387206"	15000	"intercept"	0.312541515
"0.55"	"0.6"	"0.05"	"0.01"	"0.005"	"0.01"	"100000"	"10000"	"200"	"8836094560851387206"	20000	"slope"	-0.250857115
"0.55"	"0.6"	"0.05"	"0.01"	"0.005"	"0.01"	"100000"	"10000"	"200"	"8836094560851387206"	20000	"intercept"	0.321687245
"0.55"	"0.6"	"0.05"	"0.01"	"0.005"	"0.01"	"100000"	"10000"	"200"	"8836094560851387206"	25000	"slope"	-0.249696495
"0.55"	"0.6"	"0.05"	"0.01"	"0.005"	"0.01"	"100000"	"10000"	"200"	"8836094560851387206"	25000	"intercept"	0.318642345
"0.55"	"0.6"	"0.05"	"0.01"	"0.005"	"0.01"	"100000"	"10000"	"200"	"8836094560851387206"	30000	"slope"	-0.24704225
"0.55"	"0.6"	"0.05"	"0.01"	"0.005"	"0.01"	"100000"	"10000"	"200"	"8836094560851387206"	30000	"intercept"	0.3191233
"0.55"	"0.6"	"0.05"	"0.01"	"0.005"	"0.01"	"100000"	"10000"	"200"	"8836094560851387206"	35000	"slope"	-0.255650945
"0.55"	"0.6"	"0.05"	"0.01"	"0.005"	"0.01"	"100000"	"10000"	"200"	"8836094560851387206"	35000	"intercept"	0.32713816
"0.55"	"0.6"	"0.05"	"0.01"	"0.005"	"0.01"	"100000"	"10000"	"200"	"8836094560851387206"	40000	"slope"	-0.24748104
"0.55"	"0.6"	"0.05"	"0.01"	"0.005"	"0.01"	"100000"	"10000"	"200"	"8836094560851387206"	40000	"intercept"	0.319297645
"0.55"	"0.6"	"0.05"	"0.01"	"0.005"	"0.01"	"100000"	"10000"	"200"	"8836094560851387206"	45000	"slope"	-0.26414035
"0.55"	"0.6"	"0.05"	"0.01"	"0.005"	"0.01"	"100000"	"10000"	"200"	"8836094560851387206"	45000	"intercept"	0.338224085
"0.55"	"0.6"	"0.05"	"0.01"	"0.005"	"0.01"	"100000"	"10000"	"200"	"8836094560851387206"	50000	"slope"	-0.24173221
"0.55"	"0.6"	"0.05"	"0.01"	"0.005"	"0.01"	"100000"	"10000"	"200"	"8836094560851387206"	50000	"intercept"	0.31980879
"0.55"	"0.6"	"0.05"	"0.01"	"0.005"	"0.01"	"100000"	"10000"	"200"	"8836094560851387206"	55000	"slope"	-0.259788415
"0.55"	"0.6"	"0.05"	"0.01"	"0.005"	"0.01"	"100000"	"10000"	"200"	"8836094560851387206"	55000	"intercept"	0.325250285
"0.55"	"0.6"	"0.05"	"0.01"	"0.005"	"0.01"	"100000"	"10000"	"200"	"8836094560851387206"	60000	"slope"	-0.26668711
"0.55"	"0.6"	"0.05"	"0.01"	"0.005"	"0.01"	"100000"	"10000"	"200"	"8836094560851387206"	60000	"intercept"	0.33726421
"0.55"	"0.6"	"0.05"	"0.01"	"0.005"	"0.01"	"100000"	"10000"	"200"	"8836094560851387206"	65000	"slope"	-0.248775855
"0.55"	"0.6"	"0.05"	"0.01"	"0.005"	"0.01"	"100000"	"10000"	"200"	"8836094560851387206"	65000	"intercept"	0.31914774
"0.55"	"0.6"	"0.05"	"0.01"	"0.005"	"0.01"	"100000"	"10000"	"200"	"8836094560851387206"	70000	"slope"	-0.23588078
"0.55"	"0.6"	"0.05"	"0.01"	"0.005"	"0.01"	"100000"	"10000"	"200"	"8836094560851387206"	70000	"intercept"	0.31063647
"0.55"	"0.6"	"0.05"	"0.01"	"0.005"	"0.01"	"100000"	"10000"	"200"	"8836094560851387206"	75000	"slope"	-0.25420262
"0.55"	"0.6"	"0.05"	"0.01"	"0.005"	"0.01"	"100000"	"10000"	"200"	"8836094560851387206"	75000	"intercept"	0.325532405
"0.55"	"0.6"	"0.05"	"0.01"	"0.005"	"0.01"	"100000"	"10000"	"200"	"8836094560851387206"	80000	"slope"	-0.25464967
"0.55"	"0.6"	"0.05"	"0.01"	"0.005"	"0.01"	"100000"	"10000"	"200"	"8836094560851387206"	80000	"intercept"	0.32249463
"0.55"	"0.6"	"0.05"	"0.01"	"0.005"	"0.01"	"100000"	"10000"	"200"	"8836094560851387206"	85000	"slope"	-0.248153925
"0.55"	"0.6"	"0.05"	"0.01"	"0.005"	"0.01"	"100000"	"10000"	"200"	"8836094560851387206"	85000	"intercept"	0.317521465
"0.55"	"0.6"	"0.05"	"0.01"	"0.005"	"0.01"	"100000"	"10000"	"200"	"8836094560851387206"	90000	"slope"	-0.25819806
"0.55"	"0.6"	"0.05"	"0.01"	"0.005"	"0.01"	"100000"	"10000"	"200"	"8836094560851387206"	90000	"intercept"	0.32461751
"0.55"	"0.6"	"0.05"	"0.01"	"0.005"	"0.01"	"100000"	"10000"	"200"	"8836094560851387206"	95000	"slope"	-0.24228673
"0.55"	"0.6"	"0.05"	"0.01"	"0.005"	"0.01"	"100000"	"10000"	"200"	"8836094560851387206"	95000	"intercept"	0.3146881
"0.55"	"0.6"	"0.05"	"0.01"	"0.005"	"0.01"	"100000"	"10000"	"200"	"8836094560851387206"	100000	"slope"	-0.238298605
"0.55"	"0.6"	"0.05"	"0.01"	"0.005"	"0.01"	"100000"	"10000"	"200"	"8836094560851387206"	100000	"intercept"	0.316847735
"0.55"	"0.8"	"0.05"	"0.01"	"0.005"	"0.01"	"100000"	"10000"	"200"	"3365429626668655755"	10	"slope"	0.00012835532
"0.55"	"0.8"	"0.05"	"0.01"	"0.005"	"0.01"	"100000"	"10000"	"200"	"3365429626668655755"	10	"intercept"	0.500023485
"0.55"	"0.8"	"0.05"	"0.01"	"0.005"	"0.01"	"100000"	"10000"	"200"	"3365429626668655755"	5000	"slope"	-0.105620926
"0.55"	"0.8"	"0.05"	"0.01"	"0.005"	"0.01"	"100000"	"10000"	"200"	"3365429626668655755"	5000	"intercept"	0.206863905
"0.55"	"0.8"	"0.05"	"0.01"	"0.005"	"0.01"	"100000"	"10000"	"200"	"3365429626668655755"	10000	"slope"	-0.21634709
"0.55"	"0.8"	"0.05"	"0.01"	"0.005"	"0.01"	"100000"	"10000"	"200"	"3365429626668655755"	10000	"intercept"	0.27396087
"0.55"	"0.8"	"0.05"	"0.01"	"0.005"	"0.01"	"100000"	"10000"	"200"	"3365429626668655755"	15000	"slope"	-0.23948149
"0.55"	"0.8"	"0.05"	"0.01"	"0.005"	"0.01"	"100000"	"10000"	"200"	"3365429626668655755"	15000	"intercept"	0.295966855
"0.55"	"0.8"	"0.05"	"0.01"	"0.005"	"0.01"	"100000"	"10000"	"200"	"3365429626668655755"	20000	"slope"	-0.255411325
"0.55"	"0.8"	"0.05"	"0.01"	"0.005"	"0.01"	"100000"	"10000"	"200"	"3365429626668655755"	20000	"intercept"	0.306363965
"0.55"	"0.8"	"0.05"	"0.01"	"0.005"	"0.01"	"100000"	"10000"	"200"	"3365429626668655755"	25000	"slope"	-0.2348457
"0.55"	"0.8"	"0.05"	"0.01"	"0.005"	"0.01"	"100000"	"10000"	"200"	"3365429626668655755"	25000	"intercept"	0.29084992
"0.55"	"0.8"	"0.05"	"0.01"	"0.005"	"0.01"	"100000"	"10000"	"200"	"3365429626668655755"	30000	"slope"	-0.220796795
"0.55"	"0.8"	"0.05"	"0.01"	"0.005"	"0.01"	"100000"	"10000"	"200"	"3365429626668655755"	30000	"intercept"	0.279657995
"0.55"	"0.8"	"0.05"	"0.01"	"0.005"	"0.01"	"100000"	"10000"	"200"	"3365429626668655755"	35000	"slope"	-0.245164065
"0.55"	"0.8"	"0.05"	"0.01"	"0.005"	"0.01"	"100000"	"10000"	"200"	"3365429626668655755"	35000	"intercept"	0.30171453
"0.55"	"0.8"	"0.05"	"0.01"	"0.005"	"0.01"	"100000"	"10000"	"200"	"3365429626668655755"	40000	"slope"	-0.23477526
"0.55"	"0.8"	"0.05"	"0.01"	"0.005"	"0.01"	"100000"	"10000"	"200"	"3365429626668655755"	40000	"intercept"	0.29383214
"0.55"	"0.8"	"0.05"	"0.01"	"0.005"	"0.01"	"100000"	"10000"	"200"	"3365429626668655755"	45000	"slope"	-0.246377415
"0.55"	"0.8"	"0.05"	"0.01"	"0.005"	"0.01"	"100000"	"10000"	"200"	"3365429626668655755"	45000	"intercept"	0.301831795
"0.55"	"0.8"	"0.05"	"0.01"	"0.005"	"0.01"	"100000"	"10000"	"200"	"3365429626668655755"	50000	"slope"	-0.24672141
"0.55"	"0.8"	"0.05"	"0.01"	"0.005"	"0.01"	"100000"	"10000"	"200"	"3365429626668655755"	50000	"intercept"	0.297817695
"0.55"	"0.8"	"0.05"	"0.01"	"0.005"	"0.01"	"100000"	"10000"	"200"	"3365429626668655755"	55000	"slope"	-0.2374509
"0.55"	"0.8"	"0.05"	"0.01"	"0.005"	"0.01"	"100000"	"10000"	"200"	"3365429626668655755"	55000	"intercept"	0.287322045
"0.55"	"0.8"	"0.05"	"0.01"	"0.005"	"0.01"	"100000"	"10000"	"200"	"3365429626668655755"	60000	"slope"	-0.223107735
"0.55"	"0.8"	"0.05"	"0.01"	"0.005"	"0.01"	"100000"	"10000"	"200"	"3365429626668655755"	60000	"intercept"	0.2832174
"0.55"	"0.8"	"0.05"	"0.01"	"0.005"	"0.01"	"100000"	"10000"	"200"	"3365429626668655755"	65000	"slope"	-0.233397455
"0.55"	"0.8"	"0.05"	"0.01"	"0.005"	"0.01"	"100000"	"10000"	"200"	"3365429626668655755"	65000	"intercept"	0.288359105
"0.55"	"0.8"	"0.05"	"0.01"	"0.005"	"0.01"	"100000"	"10000"	"200"	"3365429626668655755"	70000	"slope"	-0.23858909
"0.55"	"0.8"	"0.05"	"0.01"	"0.005"	"0.01"	"100000"	"10000"	"200"	"3365429626668655755"	70000	"intercept"	0.292791305
"0.55"	"0.8"	"0.05"	"0.01"	"0.005"	"0.01"	"100000"	"10000"	"200"	"3365429626668655755"	75000	"slope"	-0.24585249
"0.55"	"0.8"	"0.05"	"0.01"	"0.005"	"0.01"	"100000"	"10000"	"200"	"3365429626668655755"	75000	"intercept"	0.29827478
"0.55"	"0.8"	"0.05"	"0.01"	"0.005"	"0.01"	"100000"	"10000"	"200"	"3365429626668655755"	80000	"slope"	-0.23913081
"0.55"	"0.8"	"0.05"	"0.01"	"0.005"	"0.01"	"100000"	"10000"	"200"	"3365429626668655755"	80000	"intercept"	0.292445185
"0.55"	"0.8"	"0.05"	"0.01"	"0.005"	"0.01"	"100000"	"10000"	"200"	"3365429626668655755"	85000	"slope"	-0.215233685
"0.55"	"0.8"	"0.05"	"0.01"	"0.005"	"0.01"	"100000"	"10000"	"200"	"3365429626668655755"	85000	"intercept"	0.280140975
"0.55"	"0.8"	"0.05"	"0.01"	"0.005"	"0.01"	"100000"	"10000"	"200"	"3365429626668655755"	90000	"slope"	-0.254477995
"0.55"	"0.8"	"0.05"	"0.01"	"0.005"	"0.01"	"100000"	"10000"	"200"	"3365429626668655755"	90000	"intercept"	0.306281245
"0.55"	"0.8"	"0.05"	"0.01"	"0.005"	"0.01"	"100000"	"10000"	"200"	"3365429626668655755"	95000	"slope"	-0.22876534
"0.55"	"0.8"	"0.05"	"0.01"	"0.005"	"0.01"	"100000"	"10000"	"200"	"3365429626668655755"	95000	"intercept"	0.286618715
"0.55"	"0.8"	"0.05"	"0.01"	"0.005"	"0.01"	"100000"	"10000"	"200"	"3365429626668655755"	100000	"slope"	-0.23397813
"0.55"	"0.8"	"0.05"	"0.01"	"0.005"	"0.01"	"100000"	"10000"	"200"	"3365429626668655755"	100000	"intercept"	0.296605865
"0.55"	"0.8"	"0.05"	"0.01"	"0.005"	"0.01"	"100000"	"10000"	"200"	"7590193361822761787"	10	"slope"	-0.00012318637
"0.55"	"0.8"	"0.05"	"0.01"	"0.005"	"0.01"	"100000"	"10000"	"200"	"7590193361822761787"	10	"intercept"	0.49997706
"0.55"	"0.8"	"0.05"	"0.01"	"0.005"	"0.01"	"100000"	"10000"	"200"	"7590193361822761787"	5000	"slope"	-0.1860668335
"0.55"	"0.8"	"0.05"	"0.01"	"0.005"	"0.01"	"100000"	"10000"	"200"	"7590193361822761787"	5000	"intercept"	0.253416275
"0.55"	"0.8"	"0.05"	"0.01"	"0.005"	"0.01"	"100000"	"10000"	"200"	"7590193361822761787"	10000	"slope"	-0.21790664
"0.55"	"0.8"	"0.05"	"0.01"	"0.005"	"0.01"	"100000"	"10000"	"200"	"7590193361822761787"	10000	"intercept"	0.282711005
"0.55"	"0.8"	"0.05"	"0.01"	"0.005"	"0.01"	"100000"	"10000"	"200"	"7590193361822761787"	15000	"slope"	-0.221372645
"0.55"	"0.8"	"0.05"	"0.01"	"0.005"	"0.01"	"100000"	"10000"	"200"	"7590193361822761787"	15000	"intercept"	0.27902081
"0.55"	"0.8"	"0.05"	"0.01"	"0.005"	"0.01"	"100000"	"10000"	"200"	"7590193361822761787"	20000	"slope"	-0.24376417
"0.55"	"0.8"	"0.05"	"0.01"	"0.005"	"0.01"	"100000"	"10000"	"200"	"7590193361822761787"	20000	"intercept"	0.297897555
"0.55"	"0.8"	"0.05"	"0.01"	"0.005"	"0.01"	"100000"	"10000"	"200"	"7590193361822761787"	25000	"slope"	-0.25183761
"0.55"	"0.8"	"0.05"	"0.01"	"0.005"	"0.01"	"100000"	"10000"	"200"	"7590193361822761787"	25000	"intercept"	0.30274139
"0.55"	"0.8"	"0.05"	"0.01"	"0.005"	"0.01"	"100000"	"10000"	"200"	"7590193361822761787"	30000	"slope"	-0.25629827
"0.55"	"0.8"	"0.05"	"0.01"	"0.005"	"0.01"	"100000"	"10000"	"200"	"7590193361822761787"	30000	"intercept"	0.30738837
"0.55"	"0.8"	"0.05"	"0.01"	"0.005"	"0.01"	"100000"	"10000"	"200"	"7590193361822761787"	35000	"slope"	-0.229770195
"0.55"	"0.8"	"0.05"	"0.01"	"0.005"	"0.01"	"100000"	"10000"	"200"	"7590193361822761787"	35000	"intercept"	0.290368495
"0.55"	"0.8"	"0.05"	"0.01"	"0.005"	"0.01"	"100000"	"10000"	"200"	"7590193361822761787"	40000	"slope"	-0.23388001
"0.55"	"0.8"	"0.05"	"0.01"	"0.005"	"0.01"	"100000"	"10000"	"200"	"7590193361822761787"	40000	"intercept"	0.289060665
"0.55"	"0.8"	"0.05"	"0.01"	"0.005"	"0.01"	"100000"	"10000"	"200"	"7590193361822761787"	45000	"slope"	-0.2493376
"0.55"	"0.8"	"0.05"	"0.01"	"0.005"	"0.01"	"100000"	"10000"	"200"	"7590193361822761787"	45000	"intercept"	0.303361405
"0.55"	"0.8"	"0.05"	"0.01"	"0.005"	"0.01"	"100000"	"10000"	"200"	"7590193361822761787"	50000	"slope"	-0.26443094
"0.55"	"0.8"	"0.05"	"0.01"	"0.005"	"0.01"	"100000"	"10000"	"200"	"7590193361822761787"	50000	"intercept"	0.31826526
"0.55"	"0.8"	"0.05"	"0.01"	"0.005"	"0.01"	"100000"	"10000"	"200"	"7590193361822761787"	55000	"slope"	-0.25019112
"0.55"	"0.8"	"0.05"	"0.01"	"0.005"	"0.01"	"100000"	"10000"	"200"	"7590193361822761787"	55000	"intercept"	0.3083632
"0.55"	"0.8"	"0.05"	"0.01"	"0.005"	"0.01"	"100000"	"10000"	"200"	"7590193361822761787"	60000	"slope"	-0.243826705
"0.55"	"0.8"	"0.05"	"0.01"	"0.005"	"0.01"	"100000"	"10000"	"200"	"7590193361822761787"	60000	"intercept"	0.307389
"0.55"	"0.8"	"0.05"	"0.01"	"0.005"	"0.01"	"100000"	"10000"	"200"	"7590193361822761787"	65000	"slope"	-0.244241515
"0.55"	"0.8"	"0.05"	"0.01"	"0.005"	"0.01"	"100000"	"10000"	"200"	"7590193361822761787"	65000	"intercept"	0.30366217
"0.55"	"0.8"	"0.05"	"0.01"	"0.005"	"0.01"	"100000"	"10000"	"200"	"7590193361822761787"	70000	"slope"	-0.245406715
"0.55"	"0.8"	"0.05"	"0.01"	"0.005"	"0.01"	"100000"	"10000"	"200"	"7590193361822761787"	70000	"intercept"	0.29866279
"0.55"	"0.8"	"0.05"	"0.01"	"0.005"	"0.01"	"100000"	"10000"	"200"	"7590193361822761787"	75000	"slope"	-0.2322449
"0.55"	"0.8"	"0.05"	"0.01"	"0.005"	"0.01"	"100000"	"10000"	"200"	"7590193361822761787"	75000	"intercept"	0.293707915
"0.55"	"0.8"	"0.05"	"0.01"	"0.005"	"0.01"	"100000"	"10000"	"200"	"7590193361822761787"	80000	"slope"	-0.23044786
"0.55"	"0.8"	"0.05"	"0.01"	"0.005"	"0.01"	"100000"	"10000"	"200"	"7590193361822761787"	80000	"intercept"	0.29218742
"0.55"	"0.8"	"0.05"	"0.01"	"0.005"	"0.01"	"100000"	"10000"	"200"	"7590193361822761787"	85000	"slope"	-0.25224164
"0.55"	"0.8"	"0.05"	"0.01"	"0.005"	"0.01"	"100000"	"10000"	"200"	"7590193361822761787"	85000	"intercept"	0.30549062
"0.55"	"0.8"	"0.05"	"0.01"	"0.005"	"0.01"	"100000"	"10000"	"200"	"7590193361822761787"	90000	"slope"	-0.246941985
"0.55"	"0.8"	"0.05"	"0.01"	"0.005"	"0.01"	"100000"	"10000"	"200"	"7590193361822761787"	90000	"intercept"	0.30165777
"0.55"	"0.8"	"0.05"	"0.01"	"0.005"	"0.01"	"100000"	"10000"	"200"	"7590193361822761787"	95000	"slope"	-0.25274552
"0.55"	"0.8"	"0.05"	"0.01"	"0.005"	"0.01"	"100000"	"10000"	"200"	"7590193361822761787"	95000	"intercept"	0.303904585
"0.55"	"0.8"	"0.05"	"0.01"	"0.005"	"0.01"	"100000"	"10000"	"200"	"7590193361822761787"	100000	"slope"	-0.250656065
"0.55"	"0.8"	"0.05"	"0.01"	"0.005"	"0.01"	"100000"	"10000"	"200"	"7590193361822761787"	100000	"intercept"	0.302081755
"0.55"	"0.8"	"0.05"	"0.01"	"0.005"	"0.01"	"100000"	"10000"	"200"	"8604204904795183866"	10	"slope"	-5.26793845e-05
"0.55"	"0.8"	"0.05"	"0.01"	"0.005"	"0.01"	"100000"	"10000"	"200"	"8604204904795183866"	10	"intercept"	0.49996779
"0.55"	"0.8"	"0.05"	"0.01"	"0.005"	"0.01"	"100000"	"10000"	"200"	"8604204904795183866"	5000	"slope"	-0.22250924
"0.55"	"0.8"	"0.05"	"0.01"	"0.005"	"0.01"	"100000"	"10000"	"200"	"8604204904795183866"	5000	"intercept"	0.28574551
"0.55"	"0.8"	"0.05"	"0.01"	"0.005"	"0.01"	"100000"	"10000"	"200"	"8604204904795183866"	10000	"slope"	-0.23882443
"0.55"	"0.8"	"0.05"	"0.01"	"0.005"	"0.01"	"100000"	"10000"	"200"	"8604204904795183866"	10000	"intercept"	0.291435935
"0.55"	"0.8"	"0.05"	"0.01"	"0.005"	"0.01"	"100000"	"10000"	"200"	"8604204904795183866"	15000	"slope"	-0.24159913
"0.55"	"0.8"	"0.05"	"0.01"	"0.005"	"0.01"	"100000"	"10000"	"200"	"8604204904795183866"	15000	"intercept"	0.29399013
"0.55"	"0.8"	"0.05"	"0.01"	"0.005"	"0.01"	"100000"	"10000"	"200"	"8604204904795183866"	20000	"slope"	-0.25557745
"0.55"	"0.8"	"0.05"	"0.01"	"0.005"	"0.01"	"100000"	"10000"	"200"	"8604204904795183866"	20000	"intercept"	0.31076424
"0.55"	"0.8"	"0.05"	"0.01"	"0.005"	"0.01"	"100000"	"10000"	"200"	"8604204904795183866"	25000	"slope"	-0.250992245
"0.55"	"0.8"	"0.05"	"0.01"	"0.005"	"0.01"	"100000"	"10000"	"200"	"8604204904795183866"	25000	"intercept"	0.30162908
"0.55"	"0.8"	"0.05"	"0.01"	"0.005"	"0.01"	"100000"	"10000"	"200"	"8604204904795183866"	30000	"slope"	-0.23952826
"0.55"	"0.8"	"0.05"	"0.01"	"0.005"	"0.01"	"100000"	"10000"	"200"	"8604204904795183866"	30000	"intercept"	0.29349843
"0.55"	"0.8"	"0.05"	"0.01"	"0.005"	"0.01"	"100000"	"10000"	"200"	"8604204904795183866"	35000	"slope"	-0.23675236
"0.55"	"0.8"	"0.05"	"0.01"	"0.005"	"0.01"	"100000"	"10000"	"200"	"8604204904795183866"	35000	"intercept"	0.291663715
"0.55"	"0.8"	"0.05"	"0.01"	"0.005"	"0.01"	"100000"	"10000"	"200"	"8604204904795183866"	40000	"slope"	-0.24617433
"0.55"	"0.8"	"0.05"	"0.01"	"0.005"	"0.01"	"100000"	"10000"	"200"	"8604204904795183866"	40000	"intercept"	0.307336455
"0.55"	"0.8"	"0.05"	"0.01"	"0.005"	"0.01"	"100000"	"10000"	"200"	"8604204904795183866"	45000	"slope"	-0.236016705
"0.55"	"0.8"	"0.05"	"0.01"	"0.005"	"0.01"	"100000"	"10000"	"200"	"8604204904795183866"	45000	"intercept"	0.29242659
"0.55"	"0.8"	"0.05"	"0.01"	"0.005"	"0.01"	"100000"	"10000"	"200"	"8604204904795183866"	50000	"slope"	-0.22789011
"0.55"	"0.8"	"0.05"	"0.01"	"0.005"	"0.01"	"100000"	"10000"	"200"	"8604204904795183866"	50000	"intercept"	0.289821395
"0.55"	"0.8"	"0.05"	"0.01"	"0.005"	"0.01"	"100000"	"10000"	"200"	"8604204904795183866"	55000	"slope"	-0.236120705
"0.55"	"0.8"	"0.05"	"0.01"	"0.005"	"0.01"	"100000"	"10000"	"200"	"8604204904795183866"	55000	"intercept"	0.295574465
"0.55"	"0.8"	"0.05"	"0.01"	"0.005"	"0.01"	"100000"	"10000"	"200"	"8604204904795183866"	60000	"slope"	-0.256290165
"0.55"	"0.8"	"0.05"	"0.01"	"0.005"	"0.01"	"100000"	"10000"	"200"	"8604204904795183866"	60000	"intercept"	0.30977771
"0.55"	"0.8"	"0.05"	"0.01"	"0.005"	"0.01"	"100000"	"10000"	"200"	"8604204904795183866"	65000	"slope"	-0.228620665
"0.55"	"0.8"	"0.05"	"0.01"	"0.005"	"0.01"	"100000"	"10000"	"200"	"8604204904795183866"	65000	"intercept"	0.285391345
"0.55"	"0.8"	"0.05"	"0.01"	"0.005"	"0.01"	"100000"	"10000"	"200"	"8604204904795183866"	70000	"slope"	-0.250435285
"0.55"	"0.8"	"0.05"	"0.01"	"0.005"	"0.01"	"100000"	"10000"	"200"	"8604204904795183866"	70000	"intercept"	0.30717901
"0.55"	"0.8"	"0.05"	"0.01"	"0.005"	"0.01"	"100000"	"10000"	"200"	"8604204904795183866"	75000	"slope"	-0.23532287
"0.55"	"0.8"	"0.05"	"0.01"	"0.005"	"0.01"	"100000"	"10000"	"200"	"8604204904795183866"	75000	"intercept"	0.291920065
"0.55"	"0.8"	"0.05"	"0.01"	"0.005"	"0.01"	"100000"	"10000"	"200"	"8604204904795183866"	80000	"slope"	-0.253670905
"0.55"	"0.8"	"0.05"	"0.01"	"0.005"	"0.01"	"100000"	"10000"	"200"	"8604204904795183866"	80000	"intercept"	0.306765685
"0.55"	"0.8"	"0.05"	"0.01"	"0.005"	"0.01"	"100000"	"10000"	"200"	"8604204904795183866"	85000	"slope"	-0.252013005
"0.55"	"0.8"	"0.05"	"0.01"	"0.005"	"0.01"	"100000"	"10000"	"200"	"8604204904795183866"	85000	"intercept"	0.307254445
"0.55"	"0.8"	"0.05"	"0.01"	"0.005"	"0.01"	"100000"	"10000"	"200"	"8604204904795183866"	90000	"slope"	-0.24606871
"0.55"	"0.8"	"0.05"	"0.01"	"0.005"	"0.01"	"100000"	"10000"	"200"	"8604204904795183866"	90000	"intercept"	0.30491098
"0.55"	"0.8"	"0.05"	"0.01"	"0.005"	"0.01"	"100000"	"10000"	"200"	"8604204904795183866"	95000	"slope"	-0.22450917
"0.55"	"0.8"	"0.05"	"0.01"	"0.005"	"0.01"	"100000"	"10000"	"200"	"8604204904795183866"	95000	"intercept"	0.289546165
"0.55"	"0.8"	"0.05"	"0.01"	"0.005"	"0.01"	"100000"	"10000"	"200"	"8604204904795183866"	100000	"slope"	-0.240151485
"0.55"	"0.8"	"0.05"	"0.01"	"0.005"	"0.01"	"100000"	"10000"	"200"	"8604204904795183866"	100000	"intercept"	0.293818565
"0.65"	"0.0"	"0.05"	"0.01"	"0.005"	"0.01"	"100000"	"10000"	"200"	"3420530120937503632"	10	"slope"	3.8150415e-05
"0.65"	"0.0"	"0.05"	"0.01"	"0.005"	"0.01"	"100000"	"10000"	"200"	"3420530120937503632"	10	"intercept"	0.49991769
"0.65"	"0.0"	"0.05"	"0.01"	"0.005"	"0.01"	"100000"	"10000"	"200"	"3420530120937503632"	5000	"slope"	-0.1174565135
"0.65"	"0.0"	"0.05"	"0.01"	"0.005"	"0.01"	"100000"	"10000"	"200"	"3420530120937503632"	5000	"intercept"	0.35047884
"0.65"	"0.0"	"0.05"	"0.01"	"0.005"	"0.01"	"100000"	"10000"	"200"	"3420530120937503632"	10000	"slope"	-0.1735548395
"0.65"	"0.0"	"0.05"	"0.01"	"0.005"	"0.01"	"100000"	"10000"	"200"	"3420530120937503632"	10000	"intercept"	0.381256485
"0.65"	"0.0"	"0.05"	"0.01"	"0.005"	"0.01"	"100000"	"10000"	"200"	"3420530120937503632"	15000	"slope"	-0.190769673
"0.65"	"0.0"	"0.05"	"0.01"	"0.005"	"0.01"	"100000"	"10000"	"200"	"3420530120937503632"	15000	"intercept"	0.394427375
"0.65"	"0.0"	"0.05"	"0.01"	"0.005"	"0.01"	"100000"	"10000"	"200"	"3420530120937503632"	20000	"slope"	-0.19778759
"0.65"	"0.0"	"0.05"	"0.01"	"0.005"	"0.01"	"100000"	"10000"	"200"	"3420530120937503632"	20000	"intercept"	0.385616035
"0.65"	"0.0"	"0.05"	"0.01"	"0.005"	"0.01"	"100000"	"10000"	"200"	"3420530120937503632"	25000	"slope"	-0.203688735
"0.65"	"0.0"	"0.05"	"0.01"	"0.005"	"0.01"	"100000"	"10000"	"200"	"3420530120937503632"	25000	"intercept"	0.397857305
"0.65"	"0.0"	"0.05"	"0.01"	"0.005"	"0.01"	"100000"	"10000"	"200"	"3420530120937503632"	30000	"slope"	-0.196440989
"0.65"	"0.0"	"0.05"	"0.01"	"0.005"	"0.01"	"100000"	"10000"	"200"	"3420530120937503632"	30000	"intercept"	0.390024785
"0.65"	"0.0"	"0.05"	"0.01"	"0.005"	"0.01"	"100000"	"10000"	"200"	"3420530120937503632"	35000	"slope"	-0.215915135
"0.65"	"0.0"	"0.05"	"0.01"	"0.005"	"0.01"	"100000"	"10000"	"200"	"3420530120937503632"	35000	"intercept"	0.40199616
"0.65"	"0.0"	"0.05"	"0.01"	"0.005"	"0.01"	"100000"	"10000"	"200"	"3420530120937503632"	40000	"slope"	-0.230904345
"0.65"	"0.0"	"0.05"	"0.01"	"0.005"	"0.01"	"100000"	"10000"	"200"	"3420530120937503632"	40000	"intercept"	0.4045103
"0.65"	"0.0"	"0.05"	"0.01"	"0.005"	"0.01"	"100000"	"10000"	"200"	"3420530120937503632"	45000	"slope"	-0.226402215
"0.65"	"0.0"	"0.05"	"0.01"	"0.005"	"0.01"	"100000"	"10000"	"200"	"3420530120937503632"	45000	"intercept"	0.416743305
"0.65"	"0.0"	"0.05"	"0.01"	"0.005"	"0.01"	"100000"	"10000"	"200"	"3420530120937503632"	50000	"slope"	-0.200289117
"0.65"	"0.0"	"0.05"	"0.01"	"0.005"	"0.01"	"100000"	"10000"	"200"	"3420530120937503632"	50000	"intercept"	0.39537389
"0.65"	"0.0"	"0.05"	"0.01"	"0.005"	"0.01"	"100000"	"10000"	"200"	"3420530120937503632"	55000	"slope"	-0.221839835
"0.65"	"0.0"	"0.05"	"0.01"	"0.005"	"0.01"	"100000"	"10000"	"200"	"3420530120937503632"	55000	"intercept"	0.40555216
"0.65"	"0.0"	"0.05"	"0.01"	"0.005"	"0.01"	"100000"	"10000"	"200"	"3420530120937503632"	60000	"slope"	-0.22722941
"0.65"	"0.0"	"0.05"	"0.01"	"0.005"	"0.01"	"100000"	"10000"	"200"	"3420530120937503632"	60000	"intercept"	0.398201355
"0.65"	"0.0"	"0.05"	"0.01"	"0.005"	"0.01"	"100000"	"10000"	"200"	"3420530120937503632"	65000	"slope"	-0.227702125
"0.65"	"0.0"	"0.05"	"0.01"	"0.005"	"0.01"	"100000"	"10000"	"200"	"3420530120937503632"	65000	"intercept"	0.411060335
"0.65"	"0.0"	"0.05"	"0.01"	"0.005"	"0.01"	"100000"	"10000"	"200"	"3420530120937503632"	70000	"slope"	-0.24777798
"0.65"	"0.0"	"0.05"	"0.01"	"0.005"	"0.01"	"100000"	"10000"	"200"	"3420530120937503632"	70000	"intercept"	0.420238285
"0.65"	"0.0"	"0.05"	"0.01"	"0.005"	"0.01"	"100000"	"10000"	"200"	"3420530120937503632"	75000	"slope"	-0.23457675
"0.65"	"0.0"	"0.05"	"0.01"	"0.005"	"0.01"	"100000"	"10000"	"200"	"3420530120937503632"	75000	"intercept"	0.409884485
"0.65"	"0.0"	"0.05"	"0.01"	"0.005"	"0.01"	"100000"	"10000"	"200"	"3420530120937503632"	80000	"slope"	-0.22107085
"0.65"	"0.0"	"0.05"	"0.01"	"0.005"	"0.01"	"100000"	"10000"	"200"	"3420530120937503632"	80000	"intercept"	0.402618705
"0.65"	"0.0"	"0.05"	"0.01"	"0.005"	"0.01"	"100000"	"10000"	"200"	"3420530120937503632"	85000	"slope"	-0.22308906
"0.65"	"0.0"	"0.05"	"0.01"	"0.005"	"0.01"	"100000"	"10000"	"200"	"3420530120937503632"	85000	"intercept"	0.402806935
"0.65"	"0.0"	"0.05"	"0.01"	"0.005"	"0.01"	"100000"	"10000"	"200"	"3420530120937503632"	90000	"slope"	-0.2328759405
"0.65"	"0.0"	"0.05"	"0.01"	"0.005"	"0.01"	"100000"	"10000"	"200"	"3420530120937503632"	90000	"intercept"	0.412982945
"0.65"	"0.0"	"0.05"	"0.01"	"0.005"	"0.01"	"100000"	"10000"	"200"	"3420530120937503632"	95000	"slope"	-0.207549055
"0.65"	"0.0"	"0.05"	"0.01"	"0.005"	"0.01"	"100000"	"10000"	"200"	"3420530120937503632"	95000	"intercept"	0.39255793
"0.65"	"0.0"	"0.05"	"0.01"	"0.005"	"0.01"	"100000"	"10000"	"200"	"3420530120937503632"	100000	"slope"	-0.2120966
"0.65"	"0.0"	"0.05"	"0.01"	"0.005"	"0.01"	"100000"	"10000"	"200"	"3420530120937503632"	100000	"intercept"	0.40278484
"0.65"	"0.0"	"0.05"	"0.01"	"0.005"	"0.01"	"100000"	"10000"	"200"	"5778740517190830272"	10	"slope"	-7.0438105e-05
"0.65"	"0.0"	"0.05"	"0.01"	"0.005"	"0.01"	"100000"	"10000"	"200"	"5778740517190830272"	10	"intercept"	0.499933525
"0.65"	"0.0"	"0.05"	"0.01"	"0.005"	"0.01"	"100000"	"10000"	"200"	"5778740517190830272"	5000	"slope"	-0.133443414
"0.65"	"0.0"	"0.05"	"0.01"	"0.005"	"0.01"	"100000"	"10000"	"200"	"5778740517190830272"	5000	"intercept"	0.36542863
"0.65"	"0.0"	"0.05"	"0.01"	"0.005"	"0.01"	"100000"	"10000"	"200"	"5778740517190830272"	10000	"slope"	-0.154985284
"0.65"	"0.0"	"0.05"	"0.01"	"0.005"	"0.01"	"100000"	"10000"	"200"	"5778740517190830272"	10000	"intercept"	0.366921775
"0.65"	"0.0"	"0.05"	"0.01"	"0.005"	"0.01"	"100000"	"10000"	"200"	"5778740517190830272"	15000	"slope"	-0.1703141945
"0.65"	"0.0"	"0.05"	"0.01"	"0.005"	"0.01"	"100000"	"10000"	"200"	"5778740517190830272"	15000	"intercept"	0.37567666
"0.65"	"0.0"	"0.05"	"0.01"	"0.005"	"0.01"	"100000"	"10000"	"200"	"5778740517190830272"	20000	"slope"	-0.188504372
"0.65"	"0.0"	"0.05"	"0.01"	"0.005"	"0.01"	"100000"	"10000"	"200"	"5778740517190830272"	20000	"intercept"	0.38150343
"0.65"	"0.0"	"0.05"	"0.01"	"0.005"	"0.01"	"100000"	"10000"	"200"	"5778740517190830272"	25000	"slope"	-0.1816349995
"0.65"	"0.0"	"0.05"	"0.01"	"0.005"	"0.01"	"100000"	"10000"	"200"	"5778740517190830272"	25000	"intercept"	0.381113555
"0.65"	"0.0"	"0.05"	"0.01"	"0.005"	"0.01"	"100000"	"10000"	"200"	"5778740517190830272"	30000	"slope"	-0.18074402
"0.65"	"0.0"	"0.05"	"0.01"	"0.005"	"0.01"	"100000"	"10000"	"200"	"5778740517190830272"	30000	"intercept"	0.38509842
"0.65"	"0.0"	"0.05"	"0.01"	"0.005"	"0.01"	"100000"	"10000"	"200"	"5778740517190830272"	35000	"slope"	-0.19410538
"0.65"	"0.0"	"0.05"	"0.01"	"0.005"	"0.01"	"100000"	"10000"	"200"	"5778740517190830272"	35000	"intercept"	0.384154495
"0.65"	"0.0"	"0.05"	"0.01"	"0.005"	"0.01"	"100000"	"10000"	"200"	"5778740517190830272"	40000	"slope"	-0.199650511
"0.65"	"0.0"	"0.05"	"0.01"	"0.005"	"0.01"	"100000"	"10000"	"200"	"5778740517190830272"	40000	"intercept"	0.38298838
"0.65"	"0.0"	"0.05"	"0.01"	"0.005"	"0.01"	"100000"	"10000"	"200"	"5778740517190830272"	45000	"slope"	-0.201925425
"0.65"	"0.0"	"0.05"	"0.01"	"0.005"	"0.01"	"100000"	"10000"	"200"	"5778740517190830272"	45000	"intercept"	0.402257545
"0.65"	"0.0"	"0.05"	"0.01"	"0.005"	"0.01"	"100000"	"10000"	"200"	"5778740517190830272"	50000	"slope"	-0.172151266
"0.65"	"0.0"	"0.05"	"0.01"	"0.005"	"0.01"	"100000"	"10000"	"200"	"5778740517190830272"	50000	"intercept"	0.381794055
"0.65"	"0.0"	"0.05"	"0.01"	"0.005"	"0.01"	"100000"	"10000"	"200"	"5778740517190830272"	55000	"slope"	-0.193538468
"0.65"	"0.0"	"0.05"	"0.01"	"0.005"	"0.01"	"100000"	"10000"	"200"	"5778740517190830272"	55000	"intercept"	0.394679925
"0.65"	"0.0"	"0.05"	"0.01"	"0.005"	"0.01"	"100000"	"10000"	"200"	"5778740517190830272"	60000	"slope"	-0.220919295
"0.65"	"0.0"	"0.05"	"0.01"	"0.005"	"0.01"	"100000"	"10000"	"200"	"5778740517190830272"	60000	"intercept"	0.399989165
"0.65"	"0.0"	"0.05"	"0.01"	"0.005"	"0.01"	"100000"	"10000"	"200"	"5778740517190830272"	65000	"slope"	-0.22173906
"0.65"	"0.0"	"0.05"	"0.01"	"0.005"	"0.01"	"100000"	"10000"	"200"	"5778740517190830272"	65000	"intercept"	0.402536495
"0.65"	"0.0"	"0.05"	"0.01"	"0.005"	"0.01"	"100000"	"10000"	"200"	"5778740517190830272"	70000	"slope"	-0.2226785445
"0.65"	"0.0"	"0.05"	"0.01"	"0.005"	"0.01"	"100000"	"10000"	"200"	"5778740517190830272"	70000	"intercept"	0.40366293
"0.65"	"0.0"	"0.05"	"0.01"	"0.005"	"0.01"	"100000"	"10000"	"200"	"5778740517190830272"	75000	"slope"	-0.203909965
"0.65"	"0.0"	"0.05"	"0.01"	"0.005"	"0.01"	"100000"	"10000"	"200"	"5778740517190830272"	75000	"intercept"	0.38933719
"0.65"	"0.0"	"0.05"	"0.01"	"0.005"	"0.01"	"100000"	"10000"	"200"	"5778740517190830272"	80000	"slope"	-0.193193316
"0.65"	"0.0"	"0.05"	"0.01"	"0.005"	"0.01"	"100000"	"10000"	"200"	"5778740517190830272"	80000	"intercept"	0.3929104
"0.65"	"0.0"	"0.05"	"0.01"	"0.005"	"0.01"	"100000"	"10000"	"200"	"5778740517190830272"	85000	"slope"	-0.21065118
"0.65"	"0.0"	"0.05"	"0.01"	"0.005"	"0.01"	"100000"	"10000"	"200"	"5778740517190830272"	85000	"intercept"	0.3977795
"0.65"	"0.0"	"0.05"	"0.01"	"0.005"	"0.01"	"100000"	"10000"	"200"	"5778740517190830272"	90000	"slope"	-0.213960175
"0.65"	"0.0"	"0.05"	"0.01"	"0.005"	"0.01"	"100000"	"10000"	"200"	"5778740517190830272"	90000	"intercept"	0.402331005
"0.65"	"0.0"	"0.05"	"0.01"	"0.005"	"0.01"	"100000"	"10000"	"200"	"5778740517190830272"	95000	"slope"	-0.21559128
"0.65"	"0.0"	"0.05"	"0.01"	"0.005"	"0.01"	"100000"	"10000"	"200"	"5778740517190830272"	95000	"intercept"	0.39771747
"0.65"	"0.0"	"0.05"	"0.01"	"0.005"	"0.01"	"100000"	"10000"	"200"	"5778740517190830272"	100000	"slope"	-0.24369391
"0.65"	"0.0"	"0.05"	"0.01"	"0.005"	"0.01"	"100000"	"10000"	"200"	"5778740517190830272"	100000	"intercept"	0.411118095
"0.65"	"0.0"	"0.05"	"0.01"	"0.005"	"0.01"	"100000"	"10000"	"200"	"8015655144235393250"	10	"slope"	0.0001865955355
"0.65"	"0.0"	"0.05"	"0.01"	"0.005"	"0.01"	"100000"	"10000"	"200"	"8015655144235393250"	10	"intercept"	0.49992384
"0.65"	"0.0"	"0.05"	"0.01"	"0.005"	"0.01"	"100000"	"10000"	"200"	"8015655144235393250"	5000	"slope"	-0.113615631255
"0.65"	"0.0"	"0.05"	"0.01"	"0.005"	"0.01"	"100000"	"10000"	"200"	"8015655144235393250"	5000	"intercept"	0.35715327
"0.65"	"0.0"	"0.05"	"0.01"	"0.005"	"0.01"	"100000"	"10000"	"200"	"8015655144235393250"	10000	"slope"	-0.200129666
"0.65"	"0.0"	"0.05"	"0.01"	"0.005"	"0.01"	"100000"	"10000"	"200"	"8015655144235393250"	10000	"intercept"	0.400828605
"0.65"	"0.0"	"0.05"	"0.01"	"0.005"	"0.01"	"100000"	"10000"	"200"	"8015655144235393250"	15000	"slope"	-0.22855413
"0.65"	"0.0"	"0.05"	"0.01"	"0.005"	"0.01"	"100000"	"10000"	"200"	"8015655144235393250"	15000	"intercept"	0.400889375
"0.65"	"0.0"	"0.05"	"0.01"	"0.005"	"0.01"	"100000"	"10000"	"200"	"8015655144235393250"	20000	"slope"	-0.231957485
"0.65"	"0.0"	"0.05"	"0.01"	"0.005"	"0.01"	"100000"	"10000"	"200"	"8015655144235393250"	20000	"intercept"	0.40760487
"0.65"	"0.0"	"0.05"	"0.01"	"0.005"	"0.01"	"100000"	"10000"	"200"	"8015655144235393250"	25000	"slope"	-0.1950435935
"0.65"	"0.0"	"0.05"	"0.01"	"0.005"	"0.01"	"100000"	"10000"	"200"	"8015655144235393250"	25000	"intercept"	0.39285463
"0.65"	"0.0"	"0.05"	"0.01"	"0.005"	"0.01"	"100000"	"10000"	"200"	"8015655144235393250"	30000	"slope"	-0.21159555
"0.65"	"0.0"	"0.05"	"0.01"	"0.005"	"0.01"	"100000"	"10000"	"200"	"8015655144235393250"	30000	"intercept"	0.40013619
"0.65"	"0.0"	"0.05"	"0.01"	"0.005"	"0.01"	"100000"	"10000"	"200"	"8015655144235393250"	35000	"slope"	-0.2341677555
"0.65"	"0.0"	"0.05"	"0.01"	"0.005"	"0.01"	"100000"	"10000"	"200"	"8015655144235393250"	35000	"intercept"	0.406173765
"0.65"	"0.0"	"0.05"	"0.01"	"0.005"	"0.01"	"100000"	"10000"	"200"	"8015655144235393250"	40000	"slope"	-0.26483014
"0.65"	"0.0"	"0.05"	"0.01"	"0.005"	"0.01"	"100000"	"10000"	"200"	"8015655144235393250"	40000	"intercept"	0.424911515
"0.65"	"0.0"	"0.05"	"0.01"	"0.005"	"0.01"	"100000"	"10000"	"200"	"8015655144235393250"	45000	"slope"	-0.23707175
"0.65"	"0.0"	"0.05"	"0.01"	"0.005"	"0.01"	"100000"	"10000"	"200"	"8015655144235393250"	45000	"intercept"	0.41772245
"0.65"	"0.0"	"0.05"	"0.01"	"0.005"	"0.01"	"100000"	"10000"	"200"	"8015655144235393250"	50000	"slope"	-0.238924375
"0.65"	"0.0"	"0.05"	"0.01"	"0.005"	"0.01"	"100000"	"10000"	"200"	"8015655144235393250"	50000	"intercept"	0.417434395
"0.65"	"0.0"	"0.05"	"0.01"	"0.005"	"0.01"	"100000"	"10000"	"200"	"8015655144235393250"	55000	"slope"	-0.2529652
"0.65"	"0.0"	"0.05"	"0.01"	"0.005"	"0.01"	"100000"	"10000"	"200"	"8015655144235393250"	55000	"intercept"	0.42559526
"0.65"	"0.0"	"0.05"	"0.01"	"0.005"	"0.01"	"100000"	"10000"	"200"	"8015655144235393250"	60000	"slope"	-0.254069645
"0.65"	"0.0"	"0.05"	"0.01"	"0.005"	"0.01"	"100000"	"10000"	"200"	"8015655144235393250"	60000	"intercept"	0.419898255
"0.65"	"0.0"	"0.05"	"0.01"	"0.005"	"0.01"	"100000"	"10000"	"200"	"8015655144235393250"	65000	"slope"	-0.2400859
"0.65"	"0.0"	"0.05"	"0.01"	"0.005"	"0.01"	"100000"	"10000"	"200"	"8015655144235393250"	65000	"intercept"	0.410385405
"0.65"	"0.0"	"0.05"	"0.01"	"0.005"	"0.01"	"100000"	"10000"	"200"	"8015655144235393250"	70000	"slope"	-0.21312374
"0.65"	"0.0"	"0.05"	"0.01"	"0.005"	"0.01"	"100000"	"10000"	"200"	"8015655144235393250"	70000	"intercept"	0.40090521
"0.65"	"0.0"	"0.05"	"0.01"	"0.005"	"0.01"	"100000"	"10000"	"200"	"8015655144235393250"	75000	"slope"	-0.21143321
"0.65"	"0.0"	"0.05"	"0.01"	"0.005"	"0.01"	"100000"	"10000"	"200"	"8015655144235393250"	75000	"intercept"	0.399421515
"0.65"	"0.0"	"0.05"	"0.01"	"0.005"	"0.01"	"100000"	"10000"	"200"	"8015655144235393250"	80000	"slope"	-0.210358935
"0.65"	"0.0"	"0.05"	"0.01"	"0.005"	"0.01"	"100000"	"10000"	"200"	"8015655144235393250"	80000	"intercept"	0.40502039
"0.65"	"0.0"	"0.05"	"0.01"	"0.005"	"0.01"	"100000"	"10000"	"200"	"8015655144235393250"	85000	"slope"	-0.209602125
"0.65"	"0.0"	"0.05"	"0.01"	"0.005"	"0.01"	"100000"	"10000"	"200"	"8015655144235393250"	85000	"intercept"	0.400509255
"0.65"	"0.0"	"0.05"	"0.01"	"0.005"	"0.01"	"100000"	"10000"	"200"	"8015655144235393250"	90000	"slope"	-0.225695315
"0.65"	"0.0"	"0.05"	"0.01"	"0.005"	"0.01"	"100000"	"10000"	"200"	"8015655144235393250"	90000	"intercept"	0.408659955
"0.65"	"0.0"	"0.05"	"0.01"	"0.005"	"0.01"	"100000"	"10000"	"200"	"8015655144235393250"	95000	"slope"	-0.207136696
"0.65"	"0.0"	"0.05"	"0.01"	"0.005"	"0.01"	"100000"	"10000"	"200"	"8015655144235393250"	95000	"intercept"	0.389335675
"0.65"	"0.0"	"0.05"	"0.01"	"0.005"	"0.01"	"100000"	"10000"	"200"	"8015655144235393250"	100000	"slope"	-0.1888923395
"0.65"	"0.0"	"0.05"	"0.01"	"0.005"	"0.01"	"100000"	"10000"	"200"	"8015655144235393250"	100000	"intercept"	0.39077632
"0.65"	"0.4"	"0.05"	"0.01"	"0.005"	"0.01"	"100000"	"10000"	"200"	"2061969504804463857"	10	"slope"	-8.17642e-05
"0.65"	"0.4"	"0.05"	"0.01"	"0.005"	"0.01"	"100000"	"10000"	"200"	"2061969504804463857"	10	"intercept"	0.49989543
"0.65"	"0.4"	"0.05"	"0.01"	"0.005"	"0.01"	"100000"	"10000"	"200"	"2061969504804463857"	5000	"slope"	-0.139318939
"0.65"	"0.4"	"0.05"	"0.01"	"0.005"	"0.01"	"100000"	"10000"	"200"	"2061969504804463857"	5000	"intercept"	0.30643699
"0.65"	"0.4"	"0.05"	"0.01"	"0.005"	"0.01"	"100000"	"10000"	"200"	"2061969504804463857"	10000	"slope"	-0.182300425
"0.65"	"0.4"	"0.05"	"0.01"	"0.005"	"0.01"	"100000"	"10000"	"200"	"2061969504804463857"	10000	"intercept"	0.324969135
"0.65"	"0.4"	"0.05"	"0.01"	"0.005"	"0.01"	"100000"	"10000"	"200"	"2061969504804463857"	15000	"slope"	-0.2281367575
"0.65"	"0.4"	"0.05"	"0.01"	"0.005"	"0.01"	"100000"	"10000"	"200"	"2061969504804463857"	15000	"intercept"	0.349415745
"0.65"	"0.4"	"0.05"	"0.01"	"0.005"	"0.01"	"100000"	"10000"	"200"	"2061969504804463857"	20000	"slope"	-0.247324485
"0.65"	"0.4"	"0.05"	"0.01"	"0.005"	"0.01"	"100000"	"10000"	"200"	"2061969504804463857"	20000	"intercept"	0.361113915
"0.65"	"0.4"	"0.05"	"0.01"	"0.005"	"0.01"	"100000"	"10000"	"200"	"2061969504804463857"	25000	"slope"	-0.24722026
"0.65"	"0.4"	"0.05"	"0.01"	"0.005"	"0.01"	"100000"	"10000"	"200"	"2061969504804463857"	25000	"intercept"	0.36649247
"0.65"	"0.4"	"0.05"	"0.01"	"0.005"	"0.01"	"100000"	"10000"	"200"	"2061969504804463857"	30000	"slope"	-0.247015715
"0.65"	"0.4"	"0.05"	"0.01"	"0.005"	"0.01"	"100000"	"10000"	"200"	"2061969504804463857"	30000	"intercept"	0.362422265
"0.65"	"0.4"	"0.05"	"0.01"	"0.005"	"0.01"	"100000"	"10000"	"200"	"2061969504804463857"	35000	"slope"	-0.25576617
"0.65"	"0.4"	"0.05"	"0.01"	"0.005"	"0.01"	"100000"	"10000"	"200"	"2061969504804463857"	35000	"intercept"	0.365331425
"0.65"	"0.4"	"0.05"	"0.01"	"0.005"	"0.01"	"100000"	"10000"	"200"	"2061969504804463857"	40000	"slope"	-0.24771551
"0.65"	"0.4"	"0.05"	"0.01"	"0.005"	"0.01"	"100000"	"10000"	"200"	"2061969504804463857"	40000	"intercept"	0.358297
"0.65"	"0.4"	"0.05"	"0.01"	"0.005"	"0.01"	"100000"	"10000"	"200"	"2061969504804463857"	45000	"slope"	-0.253738995
"0.65"	"0.4"	"0.05"	"0.01"	"0.005"	"0.01"	"100000"	"10000"	"200"	"2061969504804463857"	45000	"intercept"	0.37386353
"0.65"	"0.4"	"0.05"	"0.01"	"0.005"	"0.01"	"100000"	"10000"	"200"	"2061969504804463857"	50000	"slope"	-0.271325725
"0.65"	"0.4"	"0.05"	"0.01"	"0.005"	"0.01"	"100000"	"10000"	"200"	"2061969504804463857"	50000	"intercept"	0.372634695
"0.65"	"0.4"	"0.05"	"0.01"	"0.005"	"0.01"	"100000"	"10000"	"200"	"2061969504804463857"	55000	"slope"	-0.27494592
"0.65"	"0.4"	"0.05"	"0.01"	"0.005"	"0.01"	"100000"	"10000"	"200"	"2061969504804463857"	55000	"intercept"	0.37698126
"0.65"	"0.4"	"0.05"	"0.01"	"0.005"	"0.01"	"100000"	"10000"	"200"	"2061969504804463857"	60000	"slope"	-0.259596555
"0.65"	"0.4"	"0.05"	"0.01"	"0.005"	"0.01"	"100000"	"10000"	"200"	"2061969504804463857"	60000	"intercept"	0.364995405
"0.65"	"0.4"	"0.05"	"0.01"	"0.005"	"0.01"	"100000"	"10000"	"200"	"2061969504804463857"	65000	"slope"	-0.250209485
"0.65"	"0.4"	"0.05"	"0.01"	"0.005"	"0.01"	"100000"	"10000"	"200"	"2061969504804463857"	65000	"intercept"	0.36203691
"0.65"	"0.4"	"0.05"	"0.01"	"0.005"	"0.01"	"100000"	"10000"	"200"	"2061969504804463857"	70000	"slope"	-0.243921315
"0.65"	"0.4"	"0.05"	"0.01"	"0.005"	"0.01"	"100000"	"10000"	"200"	"2061969504804463857"	70000	"intercept"	0.355603505
"0.65"	"0.4"	"0.05"	"0.01"	"0.005"	"0.01"	"100000"	"10000"	"200"	"2061969504804463857"	75000	"slope"	-0.243450215
"0.65"	"0.4"	"0.05"	"0.01"	"0.005"	"0.01"	"100000"	"10000"	"200"	"2061969504804463857"	75000	"intercept"	0.35583964
"0.65"	"0.4"	"0.05"	"0.01"	"0.005"	"0.01"	"100000"	"10000"	"200"	"2061969504804463857"	80000	"slope"	-0.24627217
"0.65"	"0.4"	"0.05"	"0.01"	"0.005"	"0.01"	"100000"	"10000"	"200"	"2061969504804463857"	80000	"intercept"	0.36826561
"0.65"	"0.4"	"0.05"	"0.01"	"0.005"	"0.01"	"100000"	"10000"	"200"	"2061969504804463857"	85000	"slope"	-0.26636838
"0.65"	"0.4"	"0.05"	"0.01"	"0.005"	"0.01"	"100000"	"10000"	"200"	"2061969504804463857"	85000	"intercept"	0.3739666
"0.65"	"0.4"	"0.05"	"0.01"	"0.005"	"0.01"	"100000"	"10000"	"200"	"2061969504804463857"	90000	"slope"	-0.250055765
"0.65"	"0.4"	"0.05"	"0.01"	"0.005"	"0.01"	"100000"	"10000"	"200"	"2061969504804463857"	90000	"intercept"	0.364128445
"0.65"	"0.4"	"0.05"	"0.01"	"0.005"	"0.01"	"100000"	"10000"	"200"	"2061969504804463857"	95000	"slope"	-0.250243385
"0.65"	"0.4"	"0.05"	"0.01"	"0.005"	"0.01"	"100000"	"10000"	"200"	"2061969504804463857"	95000	"intercept"	0.367523345
"0.65"	"0.4"	"0.05"	"0.01"	"0.005"	"0.01"	"100000"	"10000"	"200"	"2061969504804463857"	100000	"slope"	-0.231927375
"0.65"	"0.4"	"0.05"	"0.01"	"0.005"	"0.01"	"100000"	"10000"	"200"	"2061969504804463857"	100000	"intercept"	0.357015965
"0.65"	"0.4"	"0.05"	"0.01"	"0.005"	"0.01"	"100000"	"10000"	"200"	"5102017868279546385"	10	"slope"	-0.000153741995
"0.65"	"0.4"	"0.05"	"0.01"	"0.005"	"0.01"	"100000"	"10000"	"200"	"5102017868279546385"	10	"intercept"	0.50008134
"0.65"	"0.4"	"0.05"	"0.01"	"0.005"	"0.01"	"100000"	"10000"	"200"	"5102017868279546385"	5000	"slope"	-0.149373096
"0.65"	"0.4"	"0.05"	"0.01"	"0.005"	"0.01"	"100000"	"10000"	"200"	"5102017868279546385"	5000	"intercept"	0.30884228
"0.65"	"0.4"	"0.05"	"0.01"	"0.005"	"0.01"	"100000"	"10000"	"200"	"5102017868279546385"	10000	"slope"	-0.20551041
"0.65"	"0.4"	"0.05"	"0.01"	"0.005"	"0.01"	"100000"	"10000"	"200"	"5102017868279546385"	10000	"intercept"	0.33841942
"0.65"	"0.4"	"0.05"	"0.01"	"0.005"	"0.01"	"100000"	"10000"	"200"	"5102017868279546385"	15000	"slope"	-0.21059714
"0.65"	"0.4"	"0.05"	"0.01"	"0.005"	"0.01"	"100000"	"10000"	"200"	"5102017868279546385"	15000	"intercept"	0.34038586
"0.65"	"0.4"	"0.05"	"0.01"	"0.005"	"0.01"	"100000"	"10000"	"200"	"5102017868279546385"	20000	"slope"	-0.243402735
"0.65"	"0.4"	"0.05"	"0.01"	"0.005"	"0.01"	"100000"	"10000"	"200"	"5102017868279546385"	20000	"intercept"	0.360097835
"0.65"	"0.4"	"0.05"	"0.01"	"0.005"	"0.01"	"100000"	"10000"	"200"	"5102017868279546385"	25000	"slope"	-0.25582276
"0.65"	"0.4"	"0.05"	"0.01"	"0.005"	"0.01"	"100000"	"10000"	"200"	"5102017868279546385"	25000	"intercept"	0.370654985
"0.65"	"0.4"	"0.05"	"0.01"	"0.005"	"0.01"	"100000"	"10000"	"200"	"5102017868279546385"	30000	"slope"	-0.26249379
"0.65"	"0.4"	"0.05"	"0.01"	"0.005"	"0.01"	"100000"	"10000"	"200"	"5102017868279546385"	30000	"intercept"	0.371997325
"0.65"	"0.4"	"0.05"	"0.01"	"0.005"	"0.01"	"100000"	"10000"	"200"	"5102017868279546385"	35000	"slope"	-0.281031885
"0.65"	"0.4"	"0.05"	"0.01"	"0.005"	"0.01"	"100000"	"10000"	"200"	"5102017868279546385"	35000	"intercept"	0.380245185
"0.65"	"0.4"	"0.05"	"0.01"	"0.005"	"0.01"	"100000"	"10000"	"200"	"5102017868279546385"	40000	"slope"	-0.24829987
"0.65"	"0.4"	"0.05"	"0.01"	"0.005"	"0.01"	"100000"	"10000"	"200"	"5102017868279546385"	40000	"intercept"	0.361105755
"0.65"	"0.4"	"0.05"	"0.01"	"0.005"	"0.01"	"100000"	"10000"	"200"	"5102017868279546385"	45000	"slope"	-0.251782955
"0.65"	"0.4"	"0.05"	"0.01"	"0.005"	"0.01"	"100000"	"10000"	"200"	"5102017868279546385"	45000	"intercept"	0.366612625
"0.65"	"0.4"	"0.05"	"0.01"	"0.005"	"0.01"	"100000"	"10000"	"200"	"5102017868279546385"	50000	"slope"	-0.248255725
"0.65"	"0.4"	"0.05"	"0.01"	"0.005"	"0.01"	"100000"	"10000"	"200"	"5102017868279546385"	50000	"intercept"	0.36534293
"0.65"	"0.4"	"0.05"	"0.01"	"0.005"	"0.01"	"100000"	"10000"	"200"	"5102017868279546385"	55000	"slope"	-0.23899117
"0.65"	"0.4"	"0.05"	"0.01"	"0.005"	"0.01"	"100000"	"10000"	"200"	"5102017868279546385"	55000	"intercept"	0.359107445
"0.65"	"0.4"	"0.05"	"0.01"	"0.005"	"0.01"	"100000"	"10000"	"200"	"5102017868279546385"	60000	"slope"	-0.259890265
"0.65"	"0.4"	"0.05"	"0.01"	"0.005"	"0.01"	"100000"	"10000"	"200"	"5102017868279546385"	60000	"intercept"	0.371352605
"0.65"	"0.4"	"0.05"	"0.01"	"0.005"	"0.01"	"100000"	"10000"	"200"	"5102017868279546385"	65000	"slope"	-0.27901637
"0.65"	"0.4"	"0.05"	"0.01"	"0.005"	"0.01"	"100000"	"10000"	"200"	"5102017868279546385"	65000	"intercept"	0.3847126
"0.65"	"0.4"	"0.05"	"0.01"	"0.005"	"0.01"	"100000"	"10000"	"200"	"5102017868279546385"	70000	"slope"	-0.25555112
"0.65"	"0.4"	"0.05"	"0.01"	"0.005"	"0.01"	"100000"	"10000"	"200"	"5102017868279546385"	70000	"intercept"	0.371417755
"0.65"	"0.4"	"0.05"	"0.01"	"0.005"	"0.01"	"100000"	"10000"	"200"	"5102017868279546385"	75000	"slope"	-0.26695561
"0.65"	"0.4"	"0.05"	"0.01"	"0.005"	"0.01"	"100000"	"10000"	"200"	"5102017868279546385"	75000	"intercept"	0.37576529
"0.65"	"0.4"	"0.05"	"0.01"	"0.005"	"0.01"	"100000"	"10000"	"200"	"5102017868279546385"	80000	"slope"	-0.24359552
"0.65"	"0.4"	"0.05"	"0.01"	"0.005"	"0.01"	"100000"	"10000"	"200"	"5102017868279546385"	80000	"intercept"	0.357767845
"0.65"	"0.4"	"0.05"	"0.01"	"0.005"	"0.01"	"100000"	"10000"	"200"	"5102017868279546385"	85000	"slope"	-0.23495974
"0.65"	"0.4"	"0.05"	"0.01"	"0.005"	"0.01"	"100000"	"10000"	"200"	"5102017868279546385"	85000	"intercept"	0.356627315
"0.65"	"0.4"	"0.05"	"0.01"	"0.005"	"0.01"	"100000"	"10000"	"200"	"5102017868279546385"	90000	"slope"	-0.248921755
"0.65"	"0.4"	"0.05"	"0.01"	"0.005"	"0.01"	"100000"	"10000"	"200"	"5102017868279546385"	90000	"intercept"	0.356249045
"0.65"	"0.4"	"0.05"	"0.01"	"0.005"	"0.01"	"100000"	"10000"	"200"	"5102017868279546385"	95000	"slope"	-0.230461715
"0.65"	"0.4"	"0.05"	"0.01"	"0.005"	"0.01"	"100000"	"10000"	"200"	"5102017868279546385"	95000	"intercept"	0.355884325
"0.65"	"0.4"	"0.05"	"0.01"	"0.005"	"0.01"	"100000"	"10000"	"200"	"5102017868279546385"	100000	"slope"	-0.261323491
"0.65"	"0.4"	"0.05"	"0.01"	"0.005"	"0.01"	"100000"	"10000"	"200"	"5102017868279546385"	100000	"intercept"	0.380559225
"0.65"	"0.4"	"0.05"	"0.01"	"0.005"	"0.01"	"100000"	"10000"	"200"	"514676242346993411"	10	"slope"	0.00026505045
"0.65"	"0.4"	"0.05"	"0.01"	"0.005"	"0.01"	"100000"	"10000"	"200"	"514676242346993411"	10	"intercept"	0.49987239
"0.65"	"0.4"	"0.05"	"0.01"	"0.005"	"0.01"	"100000"	"10000"	"200"	"514676242346993411"	5000	"slope"	-0.22581938
"0.65"	"0.4"	"0.05"	"0.01"	"0.005"	"0.01"	"100000"	"10000"	"200"	"514676242346993411"	5000	"intercept"	0.35467249
"0.65"	"0.4"	"0.05"	"0.01"	"0.005"	"0.01"	"100000"	"10000"	"200"	"514676242346993411"	10000	"slope"	-0.227890865
"0.65"	"0.4"	"0.05"	"0.01"	"0.005"	"0.01"	"100000"	"10000"	"200"	"514676242346993411"	10000	"intercept"	0.351351935
"0.65"	"0.4"	"0.05"	"0.01"	"0.005"	"0.01"	"100000"	"10000"	"200"	"514676242346993411"	15000	"slope"	-0.23439366
"0.65"	"0.4"	"0.05"	"0.01"	"0.005"	"0.01"	"100000"	"10000"	"200"	"514676242346993411"	15000	"intercept"	0.35058399
"0.65"	"0.4"	"0.05"	"0.01"	"0.005"	"0.01"	"100000"	"10000"	"200"	"514676242346993411"	20000	"slope"	-0.21498761
"0.65"	"0.4"	"0.05"	"0.01"	"0.005"	"0.01"	"100000"	"10000"	"200"	"514676242346993411"	20000	"intercept"	0.339192855
"0.65"	"0.4"	"0.05"	"0.01"	"0.005"	"0.01"	"100000"	"10000"	"200"	"514676242346993411"	25000	"slope"	-0.24897855
"0.65"	"0.4"	"0.05"	"0.01"	"0.005"	"0.01"	"100000"	"10000"	"200"	"514676242346993411"	25000	"intercept"	0.366025285
"0.65"	"0.4"	"0.05"	"0.01"	"0.005"	"0.01"	"100000"	"10000"	"200"	"514676242346993411"	30000	"slope"	-0.267246175
"0.65"	"0.4"	"0.05"	"0.01"	"0.005"	"0.01"	"100000"	"10000"	"200"	"514676242346993411"	30000	"intercept"	0.373450285
"0.65"	"0.4"	"0.05"	"0.01"	"0.005"	"0.01"	"100000"	"10000"	"200"	"514676242346993411"	35000	"slope"	-0.25686648
"0.65"	"0.4"	"0.05"	"0.01"	"0.005"	"0.01"	"100000"	"10000"	"200"	"514676242346993411"	35000	"intercept"	0.374187295
"0.65"	"0.4"	"0.05"	"0.01"	"0.005"	"0.01"	"100000"	"10000"	"200"	"514676242346993411"	40000	"slope"	-0.238681485
"0.65"	"0.4"	"0.05"	"0.01"	"0.005"	"0.01"	"100000"	"10000"	"200"	"514676242346993411"	40000	"intercept"	0.356418255
"0.65"	"0.4"	"0.05"	"0.01"	"0.005"	"0.01"	"100000"	"10000"	"200"	"514676242346993411"	45000	"slope"	-0.26228242
"0.65"	"0.4"	"0.05"	"0.01"	"0.005"	"0.01"	"100000"	"10000"	"200"	"514676242346993411"	45000	"intercept"	0.371863845
"0.65"	"0.4"	"0.05"	"0.01"	"0.005"	"0.01"	"100000"	"10000"	"200"	"514676242346993411"	50000	"slope"	-0.22588056
"0.65"	"0.4"	"0.05"	"0.01"	"0.005"	"0.01"	"100000"	"10000"	"200"	"514676242346993411"	50000	"intercept"	0.35117577
"0.65"	"0.4"	"0.05"	"0.01"	"0.005"	"0.01"	"100000"	"10000"	"200"	"514676242346993411"	55000	"slope"	-0.27091131
"0.65"	"0.4"	"0.05"	"0.01"	"0.005"	"0.01"	"100000"	"10000"	"200"	"514676242346993411"	55000	"intercept"	0.37565221
"0.65"	"0.4"	"0.05"	"0.01"	"0.005"	"0.01"	"100000"	"10000"	"200"	"514676242346993411"	60000	"slope"	-0.249633145
"0.65"	"0.4"	"0.05"	"0.01"	"0.005"	"0.01"	"100000"	"10000"	"200"	"514676242346993411"	60000	"intercept"	0.362308475
"0.65"	"0.4"	"0.05"	"0.01"	"0.005"	"0.01"	"100000"	"10000"	"200"	"514676242346993411"	65000	"slope"	-0.24584622
"0.65"	"0.4"	"0.05"	"0.01"	"0.005"	"0.01"	"100000"	"10000"	"200"	"514676242346993411"	65000	"intercept"	0.361363615
"0.65"	"0.4"	"0.05"	"0.01"	"0.005"	"0.01"	"100000"	"10000"	"200"	"514676242346993411"	70000	"slope"	-0.272096695
"0.65"	"0.4"	"0.05"	"0.01"	"0.005"	"0.01"	"100000"	"10000"	"200"	"514676242346993411"	70000	"intercept"	0.372419055
"0.65"	"0.4"	"0.05"	"0.01"	"0.005"	"0.01"	"100000"	"10000"	"200"	"514676242346993411"	75000	"slope"	-0.2651643
"0.65"	"0.4"	"0.05"	"0.01"	"0.005"	"0.01"	"100000"	"10000"	"200"	"514676242346993411"	75000	"intercept"	0.37329773
"0.65"	"0.4"	"0.05"	"0.01"	"0.005"	"0.01"	"100000"	"10000"	"200"	"514676242346993411"	80000	"slope"	-0.260842375
"0.65"	"0.4"	"0.05"	"0.01"	"0.005"	"0.01"	"100000"	"10000"	"200"	"514676242346993411"	80000	"intercept"	0.37136683
"0.65"	"0.4"	"0.05"	"0.01"	"0.005"	"0.01"	"100000"	"10000"	"200"	"514676242346993411"	85000	"slope"	-0.242516015
"0.65"	"0.4"	"0.05"	"0.01"	"0.005"	"0.01"	"100000"	"10000"	"200"	"514676242346993411"	85000	"intercept"	0.357652095
"0.65"	"0.4"	"0.05"	"0.01"	"0.005"	"0.01"	"100000"	"10000"	"200"	"514676242346993411"	90000	"slope"	-0.256926845
"0.65"	"0.4"	"0.05"	"0.01"	"0.005"	"0.01"	"100000"	"10000"	"200"	"514676242346993411"	90000	"intercept"	0.36893466
"0.65"	"0.4"	"0.05"	"0.01"	"0.005"	"0.01"	"100000"	"10000"	"200"	"514676242346993411"	95000	"slope"	-0.232697
"0.65"	"0.4"	"0.05"	"0.01"	"0.005"	"0.01"	"100000"	"10000"	"200"	"514676242346993411"	95000	"intercept"	0.352453645
"0.65"	"0.4"	"0.05"	"0.01"	"0.005"	"0.01"	"100000"	"10000"	"200"	"514676242346993411"	100000	"slope"	-0.23052307
"0.65"	"0.4"	"0.05"	"0.01"	"0.005"	"0.01"	"100000"	"10000"	"200"	"514676242346993411"	100000	"intercept"	0.3526444
"0.65"	"0.6"	"0.05"	"0.01"	"0.005"	"0.01"	"100000"	"10000"	"200"	"1258827236139352290"	10	"slope"	0.000142282825
"0.65"	"0.6"	"0.05"	"0.01"	"0.005"	"0.01"	"100000"	"10000"	"200"	"1258827236139352290"	10	"intercept"	0.499981835
"0.65"	"0.6"	"0.05"	"0.01"	"0.005"	"0.01"	"100000"	"10000"	"200"	"1258827236139352290"	5000	"slope"	-0.191173907
"0.65"	"0.6"	"0.05"	"0.01"	"0.005"	"0.01"	"100000"	"10000"	"200"	"1258827236139352290"	5000	"intercept"	0.298798575
"0.65"	"0.6"	"0.05"	"0.01"	"0.005"	"0.01"	"100000"	"10000"	"200"	"1258827236139352290"	10000	"slope"	-0.26269021
"0.65"	"0.6"	"0.05"	"0.01"	"0.005"	"0.01"	"100000"	"10000"	"200"	"1258827236139352290"	10000	"intercept"	0.348849025
"0.65"	"0.6"	"0.05"	"0.01"	"0.005"	"0.01"	"100000"	"10000"	"200"	"1258827236139352290"	15000	"slope"	-0.24970521
"0.65"	"0.6"	"0.05"	"0.01"	"0.005"	"0.01"	"100000"	"10000"	"200"	"1258827236139352290"	15000	"intercept"	0.333066085
"0.65"	"0.6"	"0.05"	"0.01"	"0.005"	"0.01"	"100000"	"10000"	"200"	"1258827236139352290"	20000	"slope"	-0.22561606
"0.65"	"0.6"	"0.05"	"0.01"	"0.005"	"0.01"	"100000"	"10000"	"200"	"1258827236139352290"	20000	"intercept"	0.314927305
"0.65"	"0.6"	"0.05"	"0.01"	"0.005"	"0.01"	"100000"	"10000"	"200"	"1258827236139352290"	25000	"slope"	-0.258374125
"0.65"	"0.6"	"0.05"	"0.01"	"0.005"	"0.01"	"100000"	"10000"	"200"	"1258827236139352290"	25000	"intercept"	0.34541746
"0.65"	"0.6"	"0.05"	"0.01"	"0.005"	"0.01"	"100000"	"10000"	"200"	"1258827236139352290"	30000	"slope"	-0.25793159
"0.65"	"0.6"	"0.05"	"0.01"	"0.005"	"0.01"	"100000"	"10000"	"200"	"1258827236139352290"	30000	"intercept"	0.341122965
"0.65"	"0.6"	"0.05"	"0.01"	"0.005"	"0.01"	"100000"	"10000"	"200"	"1258827236139352290"	35000	"slope"	-0.250431605
"0.65"	"0.6"	"0.05"	"0.01"	"0.005"	"0.01"	"100000"	"10000"	"200"	"1258827236139352290"	35000	"intercept"	0.33317824
"0.65"	"0.6"	"0.05"	"0.01"	"0.005"	"0.01"	"100000"	"10000"	"200"	"1258827236139352290"	40000	"slope"	-0.242060455
"0.65"	"0.6"	"0.05"	"0.01"	"0.005"	"0.01"	"100000"	"10000"	"200"	"1258827236139352290"	40000	"intercept"	0.335592635
"0.65"	"0.6"	"0.05"	"0.01"	"0.005"	"0.01"	"100000"	"10000"	"200"	"1258827236139352290"	45000	"slope"	-0.261286105
"0.65"	"0.6"	"0.05"	"0.01"	"0.005"	"0.01"	"100000"	"10000"	"200"	"1258827236139352290"	45000	"intercept"	0.344762005
"0.65"	"0.6"	"0.05"	"0.01"	"0.005"	"0.01"	"100000"	"10000"	"200"	"1258827236139352290"	50000	"slope"	-0.2800781
"0.65"	"0.6"	"0.05"	"0.01"	"0.005"	"0.01"	"100000"	"10000"	"200"	"1258827236139352290"	50000	"intercept"	0.361636865
"0.65"	"0.6"	"0.05"	"0.01"	"0.005"	"0.01"	"100000"	"10000"	"200"	"1258827236139352290"	55000	"slope"	-0.253830535
"0.65"	"0.6"	"0.05"	"0.01"	"0.005"	"0.01"	"100000"	"10000"	"200"	"1258827236139352290"	55000	"intercept"	0.340721495
"0.65"	"0.6"	"0.05"	"0.01"	"0.005"	"0.01"	"100000"	"10000"	"200"	"1258827236139352290"	60000	"slope"	-0.25267224
"0.65"	"0.6"	"0.05"	"0.01"	"0.005"	"0.01"	"100000"	"10000"	"200"	"1258827236139352290"	60000	"intercept"	0.339093655
"0.65"	"0.6"	"0.05"	"0.01"	"0.005"	"0.01"	"100000"	"10000"	"200"	"1258827236139352290"	65000	"slope"	-0.258200645
"0.65"	"0.6"	"0.05"	"0.01"	"0.005"	"0.01"	"100000"	"10000"	"200"	"1258827236139352290"	65000	"intercept"	0.344760225
"0.65"	"0.6"	"0.05"	"0.01"	"0.005"	"0.01"	"100000"	"10000"	"200"	"1258827236139352290"	70000	"slope"	-0.22482695
"0.65"	"0.6"	"0.05"	"0.01"	"0.005"	"0.01"	"100000"	"10000"	"200"	"1258827236139352290"	70000	"intercept"	0.31927427
"0.65"	"0.6"	"0.05"	"0.01"	"0.005"	"0.01"	"100000"	"10000"	"200"	"1258827236139352290"	75000	"slope"	-0.226101365
"0.65"	"0.6"	"0.05"	"0.01"	"0.005"	"0.01"	"100000"	"10000"	"200"	"1258827236139352290"	75000	"intercept"	0.32238713
"0.65"	"0.6"	"0.05"	"0.01"	"0.005"	"0.01"	"100000"	"10000"	"200"	"1258827236139352290"	80000	"slope"	-0.253121605
"0.65"	"0.6"	"0.05"	"0.01"	"0.005"	"0.01"	"100000"	"10000"	"200"	"1258827236139352290"	80000	"intercept"	0.33968357
"0.65"	"0.6"	"0.05"	"0.01"	"0.005"	"0.01"	"100000"	"10000"	"200"	"1258827236139352290"	85000	"slope"	-0.253570015
"0.65"	"0.6"	"0.05"	"0.01"	"0.005"	"0.01"	"100000"	"10000"	"200"	"1258827236139352290"	85000	"intercept"	0.34943763
"0.65"	"0.6"	"0.05"	"0.01"	"0.005"	"0.01"	"100000"	"10000"	"200"	"1258827236139352290"	90000	"slope"	-0.22025812
"0.65"	"0.6"	"0.05"	"0.01"	"0.005"	"0.01"	"100000"	"10000"	"200"	"1258827236139352290"	90000	"intercept"	0.322821315
"0.65"	"0.6"	"0.05"	"0.01"	"0.005"	"0.01"	"100000"	"10000"	"200"	"1258827236139352290"	95000	"slope"	-0.241272265
"0.65"	"0.6"	"0.05"	"0.01"	"0.005"	"0.01"	"100000"	"10000"	"200"	"1258827236139352290"	95000	"intercept"	0.332083555
"0.65"	"0.6"	"0.05"	"0.01"	"0.005"	"0.01"	"100000"	"10000"	"200"	"1258827236139352290"	100000	"slope"	-0.26573387
"0.65"	"0.6"	"0.05"	"0.01"	"0.005"	"0.01"	"100000"	"10000"	"200"	"1258827236139352290"	100000	"intercept"	0.34554311
"0.65"	"0.6"	"0.05"	"0.01"	"0.005"	"0.01"	"100000"	"10000"	"200"	"4122549490719672277"	10	"slope"	-0.0001615747555
"0.65"	"0.6"	"0.05"	"0.01"	"0.005"	"0.01"	"100000"	"10000"	"200"	"4122549490719672277"	10	"intercept"	0.49999905
"0.65"	"0.6"	"0.05"	"0.01"	"0.005"	"0.01"	"100000"	"10000"	"200"	"4122549490719672277"	5000	"slope"	-0.131414631
"0.65"	"0.6"	"0.05"	"0.01"	"0.005"	"0.01"	"100000"	"10000"	"200"	"4122549490719672277"	5000	"intercept"	0.263730155
"0.65"	"0.6"	"0.05"	"0.01"	"0.005"	"0.01"	"100000"	"10000"	"200"	"4122549490719672277"	10000	"slope"	-0.18780734
"0.65"	"0.6"	"0.05"	"0.01"	"0.005"	"0.01"	"100000"	"10000"	"200"	"4122549490719672277"	10000	"intercept"	0.29728781
"0.65"	"0.6"	"0.05"	"0.01"	"0.005"	"0.01"	"100000"	"10000"	"200"	"4122549490719672277"	15000	"slope"	-0.222830205
"0.65"	"0.6"	"0.05"	"0.01"	"0.005"	"0.01"	"100000"	"10000"	"200"	"4122549490719672277"	15000	"intercept"	0.313767685
"0.65"	"0.6"	"0.05"	"0.01"	"0.005"	"0.01"	"100000"	"10000"	"200"	"4122549490719672277"	20000	"slope"	-0.256419555
"0.65"	"0.6"	"0.05"	"0.01"	"0.005"	"0.01"	"100000"	"10000"	"200"	"4122549490719672277"	20000	"intercept"	0.342154835
"0.65"	"0.6"	"0.05"	"0.01"	"0.005"	"0.01"	"100000"	"10000"	"200"	"4122549490719672277"	25000	"slope"	-0.251232665
"0.65"	"0.6"	"0.05"	"0.01"	"0.005"	"0.01"	"100000"	"10000"	"200"	"4122549490719672277"	25000	"intercept"	0.33474398
"0.65"	"0.6"	"0.05"	"0.01"	"0.005"	"0.01"	"100000"	"10000"	"200"	"4122549490719672277"	30000	"slope"	-0.22966868
"0.65"	"0.6"	"0.05"	"0.01"	"0.005"	"0.01"	"100000"	"10000"	"200"	"4122549490719672277"	30000	"intercept"	0.32229806
"0.65"	"0.6"	"0.05"	"0.01"	"0.005"	"0.01"	"100000"	"10000"	"200"	"4122549490719672277"	35000	"slope"	-0.253239975
"0.65"	"0.6"	"0.05"	"0.01"	"0.005"	"0.01"	"100000"	"10000"	"200"	"4122549490719672277"	35000	"intercept"	0.34434891
"0.65"	"0.6"	"0.05"	"0.01"	"0.005"	"0.01"	"100000"	"10000"	"200"	"4122549490719672277"	40000	"slope"	-0.258443555
"0.65"	"0.6"	"0.05"	"0.01"	"0.005"	"0.01"	"100000"	"10000"	"200"	"4122549490719672277"	40000	"intercept"	0.346022055
"0.65"	"0.6"	"0.05"	"0.01"	"0.005"	"0.01"	"100000"	"10000"	"200"	"4122549490719672277"	45000	"slope"	-0.2567654
"0.65"	"0.6"	"0.05"	"0.01"	"0.005"	"0.01"	"100000"	"10000"	"200"	"4122549490719672277"	45000	"intercept"	0.341035025
"0.65"	"0.6"	"0.05"	"0.01"	"0.005"	"0.01"	"100000"	"10000"	"200"	"4122549490719672277"	50000	"slope"	-0.248120465
"0.65"	"0.6"	"0.05"	"0.01"	"0.005"	"0.01"	"100000"	"10000"	"200"	"4122549490719672277"	50000	"intercept"	0.33412377
"0.65"	"0.6"	"0.05"	"0.01"	"0.005"	"0.01"	"100000"	"10000"	"200"	"4122549490719672277"	55000	"slope"	-0.259393835
"0.65"	"0.6"	"0.05"	"0.01"	"0.005"	"0.01"	"100000"	"10000"	"200"	"4122549490719672277"	55000	"intercept"	0.34342451
"0.65"	"0.6"	"0.05"	"0.01"	"0.005"	"0.01"	"100000"	"10000"	"200"	"4122549490719672277"	60000	"slope"	-0.22758424
"0.65"	"0.6"	"0.05"	"0.01"	"0.005"	"0.01"	"100000"	"10000"	"200"	"4122549490719672277"	60000	"intercept"	0.32163403
"0.65"	"0.6"	"0.05"	"0.01"	"0.005"	"0.01"	"100000"	"10000"	"200"	"4122549490719672277"	65000	"slope"	-0.26358796
"0.65"	"0.6"	"0.05"	"0.01"	"0.005"	"0.01"	"100000"	"10000"	"200"	"4122549490719672277"	65000	"intercept"	0.347713715
"0.65"	"0.6"	"0.05"	"0.01"	"0.005"	"0.01"	"100000"	"10000"	"200"	"4122549490719672277"	70000	"slope"	-0.248722505
"0.65"	"0.6"	"0.05"	"0.01"	"0.005"	"0.01"	"100000"	"10000"	"200"	"4122549490719672277"	70000	"intercept"	0.333627545
"0.65"	"0.6"	"0.05"	"0.01"	"0.005"	"0.01"	"100000"	"10000"	"200"	"4122549490719672277"	75000	"slope"	-0.25351033
"0.65"	"0.6"	"0.05"	"0.01"	"0.005"	"0.01"	"100000"	"10000"	"200"	"4122549490719672277"	75000	"intercept"	0.33782574
"0.65"	"0.6"	"0.05"	"0.01"	"0.005"	"0.01"	"100000"	"10000"	"200"	"4122549490719672277"	80000	"slope"	-0.248711395
"0.65"	"0.6"	"0.05"	"0.01"	"0.005"	"0.01"	"100000"	"10000"	"200"	"4122549490719672277"	80000	"intercept"	0.334210535
"0.65"	"0.6"	"0.05"	"0.01"	"0.005"	"0.01"	"100000"	"10000"	"200"	"4122549490719672277"	85000	"slope"	-0.245034745
"0.65"	"0.6"	"0.05"	"0.01"	"0.005"	"0.01"	"100000"	"10000"	"200"	"4122549490719672277"	85000	"intercept"	0.332467665
"0.65"	"0.6"	"0.05"	"0.01"	"0.005"	"0.01"	"100000"	"10000"	"200"	"4122549490719672277"	90000	"slope"	-0.24840081
"0.65"	"0.6"	"0.05"	"0.01"	"0.005"	"0.01"	"100000"	"10000"	"200"	"4122549490719672277"	90000	"intercept"	0.334751465
"0.65"	"0.6"	"0.05"	"0.01"	"0.005"	"0.01"	"100000"	"10000"	"200"	"4122549490719672277"	95000	"slope"	-0.24511902
"0.65"	"0.6"	"0.05"	"0.01"	"0.005"	"0.01"	"100000"	"10000"	"200"	"4122549490719672277"	95000	"intercept"	0.33430933
"0.65"	"0.6"	"0.05"	"0.01"	"0.005"	"0.01"	"100000"	"10000"	"200"	"4122549490719672277"	100000	"slope"	-0.26918073
"0.65"	"0.6"	"0.05"	"0.01"	"0.005"	"0.01"	"100000"	"10000"	"200"	"4122549490719672277"	100000	"intercept"	0.35090259
"0.65"	"0.6"	"0.05"	"0.01"	"0.005"	"0.01"	"100000"	"10000"	"200"	"7666218123925997968"	10	"slope"	-9.390525e-06
"0.65"	"0.6"	"0.05"	"0.01"	"0.005"	"0.01"	"100000"	"10000"	"200"	"7666218123925997968"	10	"intercept"	0.50004037
"0.65"	"0.6"	"0.05"	"0.01"	"0.005"	"0.01"	"100000"	"10000"	"200"	"7666218123925997968"	5000	"slope"	-0.170910844
"0.65"	"0.6"	"0.05"	"0.01"	"0.005"	"0.01"	"100000"	"10000"	"200"	"7666218123925997968"	5000	"intercept"	0.28841363
"0.65"	"0.6"	"0.05"	"0.01"	"0.005"	"0.01"	"100000"	"10000"	"200"	"7666218123925997968"	10000	"slope"	-0.214393875
"0.65"	"0.6"	"0.05"	"0.01"	"0.005"	"0.01"	"100000"	"10000"	"200"	"7666218123925997968"	10000	"intercept"	0.31583584
"0.65"	"0.6"	"0.05"	"0.01"	"0.005"	"0.01"	"100000"	"10000"	"200"	"7666218123925997968"	15000	"slope"	-0.249982665
"0.65"	"0.6"	"0.05"	"0.01"	"0.005"	"0.01"	"100000"	"10000"	"200"	"7666218123925997968"	15000	"intercept"	0.33372982
"0.65"	"0.6"	"0.05"	"0.01"	"0.005"	"0.01"	"100000"	"10000"	"200"	"7666218123925997968"	20000	"slope"	-0.246699445
"0.65"	"0.6"	"0.05"	"0.01"	"0.005"	"0.01"	"100000"	"10000"	"200"	"7666218123925997968"	20000	"intercept"	0.340210555
"0.65"	"0.6"	"0.05"	"0.01"	"0.005"	"0.01"	"100000"	"10000"	"200"	"7666218123925997968"	25000	"slope"	-0.274699805
"0.65"	"0.6"	"0.05"	"0.01"	"0.005"	"0.01"	"100000"	"10000"	"200"	"7666218123925997968"	25000	"intercept"	0.34464897
"0.65"	"0.6"	"0.05"	"0.01"	"0.005"	"0.01"	"100000"	"10000"	"200"	"7666218123925997968"	30000	"slope"	-0.24880346
"0.65"	"0.6"	"0.05"	"0.01"	"0.005"	"0.01"	"100000"	"10000"	"200"	"7666218123925997968"	30000	"intercept"	0.34079564
"0.65"	"0.6"	"0.05"	"0.01"	"0.005"	"0.01"	"100000"	"10000"	"200"	"7666218123925997968"	35000	"slope"	-0.25872116
"0.65"	"0.6"	"0.05"	"0.01"	"0.005"	"0.01"	"100000"	"10000"	"200"	"7666218123925997968"	35000	"intercept"	0.347698505
"0.65"	"0.6"	"0.05"	"0.01"	"0.005"	"0.01"	"100000"	"10000"	"200"	"7666218123925997968"	40000	"slope"	-0.27374072
"0.65"	"0.6"	"0.05"	"0.01"	"0.005"	"0.01"	"100000"	"10000"	"200"	"7666218123925997968"	40000	"intercept"	0.353795875
"0.65"	"0.6"	"0.05"	"0.01"	"0.005"	"0.01"	"100000"	"10000"	"200"	"7666218123925997968"	45000	"slope"	-0.267488745
"0.65"	"0.6"	"0.05"	"0.01"	"0.005"	"0.01"	"100000"	"10000"	"200"	"7666218123925997968"	45000	"intercept"	0.344890185
"0.65"	"0.6"	"0.05"	"0.01"	"0.005"	"0.01"	"100000"	"10000"	"200"	"7666218123925997968"	50000	"slope"	-0.276431135
"0.65"	"0.6"	"0.05"	"0.01"	"0.005"	"0.01"	"100000"	"10000"	"200"	"7666218123925997968"	50000	"intercept"	0.35496749
"0.65"	"0.6"	"0.05"	"0.01"	"0.005"	"0.01"	"100000"	"10000"	"200"	"7666218123925997968"	55000	"slope"	-0.254289045
"0.65"	"0.6"	"0.05"	"0.01"	"0.005"	"0.01"	"100000"	"10000"	"200"	"7666218123925997968"	55000	"intercept"	0.34436736
"0.65"	"0.6"	"0.05"	"0.01"	"0.005"	"0.01"	"100000"	"10000"	"200"	"7666218123925997968"	60000	"slope"	-0.253129565
"0.65"	"0.6"	"0.05"	"0.01"	"0.005"	"0.01"	"100000"	"10000"	"200"	"7666218123925997968"	60000	"intercept"	0.33726283
"0.65"	"0.6"	"0.05"	"0.01"	"0.005"	"0.01"	"100000"	"10000"	"200"	"7666218123925997968"	65000	"slope"	-0.242274545
"0.65"	"0.6"	"0.05"	"0.01"	"0.005"	"0.01"	"100000"	"10000"	"200"	"7666218123925997968"	65000	"intercept"	0.335303465
"0.65"	"0.6"	"0.05"	"0.01"	"0.005"	"0.01"	"100000"	"10000"	"200"	"7666218123925997968"	70000	"slope"	-0.26169688
"0.65"	"0.6"	"0.05"	"0.01"	"0.005"	"0.01"	"100000"	"10000"	"200"	"7666218123925997968"	70000	"intercept"	0.34775164
"0.65"	"0.6"	"0.05"	"0.01"	"0.005"	"0.01"	"100000"	"10000"	"200"	"7666218123925997968"	75000	"slope"	-0.251035105
"0.65"	"0.6"	"0.05"	"0.01"	"0.005"	"0.01"	"100000"	"10000"	"200"	"7666218123925997968"	75000	"intercept"	0.338724335
"0.65"	"0.6"	"0.05"	"0.01"	"0.005"	"0.01"	"100000"	"10000"	"200"	"7666218123925997968"	80000	"slope"	-0.235570935
"0.65"	"0.6"	"0.05"	"0.01"	"0.005"	"0.01"	"100000"	"10000"	"200"	"7666218123925997968"	80000	"intercept"	0.326971145
"0.65"	"0.6"	"0.05"	"0.01"	"0.005"	"0.01"	"100000"	"10000"	"200"	"7666218123925997968"	85000	"slope"	-0.2501416
"0.65"	"0.6"	"0.05"	"0.01"	"0.005"	"0.01"	"100000"	"10000"	"200"	"7666218123925997968"	85000	"intercept"	0.33348238
"0.65"	"0.6"	"0.05"	"0.01"	"0.005"	"0.01"	"100000"	"10000"	"200"	"7666218123925997968"	90000	"slope"	-0.24582598
"0.65"	"0.6"	"0.05"	"0.01"	"0.005"	"0.01"	"100000"	"10000"	"200"	"7666218123925997968"	90000	"intercept"	0.338342705
"0.65"	"0.6"	"0.05"	"0.01"	"0.005"	"0.01"	"100000"	"10000"	"200"	"7666218123925997968"	95000	"slope"	-0.253191515
"0.65"	"0.6"	"0.05"	"0.01"	"0.005"	"0.01"	"100000"	"10000"	"200"	"7666218123925997968"	95000	"intercept"	0.340264325
"0.65"	"0.6"	"0.05"	"0.01"	"0.005"	"0.01"	"100000"	"10000"	"200"	"7666218123925997968"	100000	"slope"	-0.267559615
"0.65"	"0.6"	"0.05"	"0.01"	"0.005"	"0.01"	"100000"	"10000"	"200"	"7666218123925997968"	100000	"intercept"	0.348713255
"0.65"	"0.8"	"0.05"	"0.01"	"0.005"	"0.01"	"100000"	"10000"	"200"	"3813207458391960379"	10	"slope"	-1.3287725e-05
"0.65"	"0.8"	"0.05"	"0.01"	"0.005"	"0.01"	"100000"	"10000"	"200"	"3813207458391960379"	10	"intercept"	0.500144695
"0.65"	"0.8"	"0.05"	"0.01"	"0.005"	"0.01"	"100000"	"10000"	"200"	"3813207458391960379"	5000	"slope"	-0.1759462
"0.65"	"0.8"	"0.05"	"0.01"	"0.005"	"0.01"	"100000"	"10000"	"200"	"3813207458391960379"	5000	"intercept"	0.25508214
"0.65"	"0.8"	"0.05"	"0.01"	"0.005"	"0.01"	"100000"	"10000"	"200"	"3813207458391960379"	10000	"slope"	-0.209790065
"0.65"	"0.8"	"0.05"	"0.01"	"0.005"	"0.01"	"100000"	"10000"	"200"	"3813207458391960379"	10000	"intercept"	0.277272805
"0.65"	"0.8"	"0.05"	"0.01"	"0.005"	"0.01"	"100000"	"10000"	"200"	"3813207458391960379"	15000	"slope"	-0.22777165
"0.65"	"0.8"	"0.05"	"0.01"	"0.005"	"0.01"	"100000"	"10000"	"200"	"3813207458391960379"	15000	"intercept"	0.298001125
"0.65"	"0.8"	"0.05"	"0.01"	"0.005"	"0.01"	"100000"	"10000"	"200"	"3813207458391960379"	20000	"slope"	-0.233399265
"0.65"	"0.8"	"0.05"	"0.01"	"0.005"	"0.01"	"100000"	"10000"	"200"	"3813207458391960379"	20000	"intercept"	0.29741232
"0.65"	"0.8"	"0.05"	"0.01"	"0.005"	"0.01"	"100000"	"10000"	"200"	"3813207458391960379"	25000	"slope"	-0.250062605
"0.65"	"0.8"	"0.05"	"0.01"	"0.005"	"0.01"	"100000"	"10000"	"200"	"3813207458391960379"	25000	"intercept"	0.309150305
"0.65"	"0.8"	"0.05"	"0.01"	"0.005"	"0.01"	"100000"	"10000"	"200"	"3813207458391960379"	30000	"slope"	-0.226527955
"0.65"	"0.8"	"0.05"	"0.01"	"0.005"	"0.01"	"100000"	"10000"	"200"	"3813207458391960379"	30000	"intercept"	0.2970323
"0.65"	"0.8"	"0.05"	"0.01"	"0.005"	"0.01"	"100000"	"10000"	"200"	"3813207458391960379"	35000	"slope"	-0.26096179
"0.65"	"0.8"	"0.05"	"0.01"	"0.005"	"0.01"	"100000"	"10000"	"200"	"3813207458391960379"	35000	"intercept"	0.317614785
"0.65"	"0.8"	"0.05"	"0.01"	"0.005"	"0.01"	"100000"	"10000"	"200"	"3813207458391960379"	40000	"slope"	-0.263124265
"0.65"	"0.8"	"0.05"	"0.01"	"0.005"	"0.01"	"100000"	"10000"	"200"	"3813207458391960379"	40000	"intercept"	0.318928265
"0.65"	"0.8"	"0.05"	"0.01"	"0.005"	"0.01"	"100000"	"10000"	"200"	"3813207458391960379"	45000	"slope"	-0.23605873
"0.65"	"0.8"	"0.05"	"0.01"	"0.005"	"0.01"	"100000"	"10000"	"200"	"3813207458391960379"	45000	"intercept"	0.299743215
"0.65"	"0.8"	"0.05"	"0.01"	"0.005"	"0.01"	"100000"	"10000"	"200"	"3813207458391960379"	50000	"slope"	-0.254443305
"0.65"	"0.8"	"0.05"	"0.01"	"0.005"	"0.01"	"100000"	"10000"	"200"	"3813207458391960379"	50000	"intercept"	0.313264345
"0.65"	"0.8"	"0.05"	"0.01"	"0.005"	"0.01"	"100000"	"10000"	"200"	"3813207458391960379"	55000	"slope"	-0.237660335
"0.65"	"0.8"	"0.05"	"0.01"	"0.005"	"0.01"	"100000"	"10000"	"200"	"3813207458391960379"	55000	"intercept"	0.304672555
"0.65"	"0.8"	"0.05"	"0.01"	"0.005"	"0.01"	"100000"	"10000"	"200"	"3813207458391960379"	60000	"slope"	-0.241852735
"0.65"	"0.8"	"0.05"	"0.01"	"0.005"	"0.01"	"100000"	"10000"	"200"	"3813207458391960379"	60000	"intercept"	0.30168949
"0.65"	"0.8"	"0.05"	"0.01"	"0.005"	"0.01"	"100000"	"10000"	"200"	"3813207458391960379"	65000	"slope"	-0.23939732
"0.65"	"0.8"	"0.05"	"0.01"	"0.005"	"0.01"	"100000"	"10000"	"200"	"3813207458391960379"	65000	"intercept"	0.299225645
"0.65"	"0.8"	"0.05"	"0.01"	"0.005"	"0.01"	"100000"	"10000"	"200"	"3813207458391960379"	70000	"slope"	-0.259194645
"0.65"	"0.8"	"0.05"	"0.01"	"0.005"	"0.01"	"100000"	"10000"	"200"	"3813207458391960379"	70000	"intercept"	0.319245205
"0.65"	"0.8"	"0.05"	"0.01"	"0.005"	"0.01"	"100000"	"10000"	"200"	"3813207458391960379"	75000	"slope"	-0.240224115
"0.65"	"0.8"	"0.05"	"0.01"	"0.005"	"0.01"	"100000"	"10000"	"200"	"3813207458391960379"	75000	"intercept"	0.308252135
"0.65"	"0.8"	"0.05"	"0.01"	"0.005"	"0.01"	"100000"	"10000"	"200"	"3813207458391960379"	80000	"slope"	-0.24253497
"0.65"	"0.8"	"0.05"	"0.01"	"0.005"	"0.01"	"100000"	"10000"	"200"	"3813207458391960379"	80000	"intercept"	0.301510615
"0.65"	"0.8"	"0.05"	"0.01"	"0.005"	"0.01"	"100000"	"10000"	"200"	"3813207458391960379"	85000	"slope"	-0.266573735
"0.65"	"0.8"	"0.05"	"0.01"	"0.005"	"0.01"	"100000"	"10000"	"200"	"3813207458391960379"	85000	"intercept"	0.323112595
"0.65"	"0.8"	"0.05"	"0.01"	"0.005"	"0.01"	"100000"	"10000"	"200"	"3813207458391960379"	90000	"slope"	-0.25955421
"0.65"	"0.8"	"0.05"	"0.01"	"0.005"	"0.01"	"100000"	"10000"	"200"	"3813207458391960379"	90000	"intercept"	0.318501765
"0.65"	"0.8"	"0.05"	"0.01"	"0.005"	"0.01"	"100000"	"10000"	"200"	"3813207458391960379"	95000	"slope"	-0.24172929
"0.65"	"0.8"	"0.05"	"0.01"	"0.005"	"0.01"	"100000"	"10000"	"200"	"3813207458391960379"	95000	"intercept"	0.30176937
"0.65"	"0.8"	"0.05"	"0.01"	"0.005"	"0.01"	"100000"	"10000"	"200"	"3813207458391960379"	100000	"slope"	-0.23277519
"0.65"	"0.8"	"0.05"	"0.01"	"0.005"	"0.01"	"100000"	"10000"	"200"	"3813207458391960379"	100000	"intercept"	0.29807915
"0.65"	"0.8"	"0.05"	"0.01"	"0.005"	"0.01"	"100000"	"10000"	"200"	"5713104719491034209"	10	"slope"	5.33395e-06
"0.65"	"0.8"	"0.05"	"0.01"	"0.005"	"0.01"	"100000"	"10000"	"200"	"5713104719491034209"	10	"intercept"	0.4999127
"0.65"	"0.8"	"0.05"	"0.01"	"0.005"	"0.01"	"100000"	"10000"	"200"	"5713104719491034209"	5000	"slope"	-0.201677175
"0.65"	"0.8"	"0.05"	"0.01"	"0.005"	"0.01"	"100000"	"10000"	"200"	"5713104719491034209"	5000	"intercept"	0.27378556
"0.65"	"0.8"	"0.05"	"0.01"	"0.005"	"0.01"	"100000"	"10000"	"200"	"5713104719491034209"	10000	"slope"	-0.23630652
"0.65"	"0.8"	"0.05"	"0.01"	"0.005"	"0.01"	"100000"	"10000"	"200"	"5713104719491034209"	10000	"intercept"	0.29987492
"0.65"	"0.8"	"0.05"	"0.01"	"0.005"	"0.01"	"100000"	"10000"	"200"	"5713104719491034209"	15000	"slope"	-0.238135725
"0.65"	"0.8"	"0.05"	"0.01"	"0.005"	"0.01"	"100000"	"10000"	"200"	"5713104719491034209"	15000	"intercept"	0.295177905
"0.65"	"0.8"	"0.05"	"0.01"	"0.005"	"0.01"	"100000"	"10000"	"200"	"5713104719491034209"	20000	"slope"	-0.238387745
"0.65"	"0.8"	"0.05"	"0.01"	"0.005"	"0.01"	"100000"	"10000"	"200"	"5713104719491034209"	20000	"intercept"	0.30303686
"0.65"	"0.8"	"0.05"	"0.01"	"0.005"	"0.01"	"100000"	"10000"	"200"	"5713104719491034209"	25000	"slope"	-0.24021368
"0.65"	"0.8"	"0.05"	"0.01"	"0.005"	"0.01"	"100000"	"10000"	"200"	"5713104719491034209"	25000	"intercept"	0.306027275
"0.65"	"0.8"	"0.05"	"0.01"	"0.005"	"0.01"	"100000"	"10000"	"200"	"5713104719491034209"	30000	"slope"	-0.25801198
"0.65"	"0.8"	"0.05"	"0.01"	"0.005"	"0.01"	"100000"	"10000"	"200"	"5713104719491034209"	30000	"intercept"	0.32054577
"0.65"	"0.8"	"0.05"	"0.01"	"0.005"	"0.01"	"100000"	"10000"	"200"	"5713104719491034209"	35000	"slope"	-0.244181764
"0.65"	"0.8"	"0.05"	"0.01"	"0.005"	"0.01"	"100000"	"10000"	"200"	"5713104719491034209"	35000	"intercept"	0.30931702
"0.65"	"0.8"	"0.05"	"0.01"	"0.005"	"0.01"	"100000"	"10000"	"200"	"5713104719491034209"	40000	"slope"	-0.267555115
"0.65"	"0.8"	"0.05"	"0.01"	"0.005"	"0.01"	"100000"	"10000"	"200"	"5713104719491034209"	40000	"intercept"	0.325691005
"0.65"	"0.8"	"0.05"	"0.01"	"0.005"	"0.01"	"100000"	"10000"	"200"	"5713104719491034209"	45000	"slope"	-0.24949655
"0.65"	"0.8"	"0.05"	"0.01"	"0.005"	"0.01"	"100000"	"10000"	"200"	"5713104719491034209"	45000	"intercept"	0.318502125
"0.65"	"0.8"	"0.05"	"0.01"	"0.005"	"0.01"	"100000"	"10000"	"200"	"5713104719491034209"	50000	"slope"	-0.23289961
"0.65"	"0.8"	"0.05"	"0.01"	"0.005"	"0.01"	"100000"	"10000"	"200"	"5713104719491034209"	50000	"intercept"	0.29918212
"0.65"	"0.8"	"0.05"	"0.01"	"0.005"	"0.01"	"100000"	"10000"	"200"	"5713104719491034209"	55000	"slope"	-0.24634718
"0.65"	"0.8"	"0.05"	"0.01"	"0.005"	"0.01"	"100000"	"10000"	"200"	"5713104719491034209"	55000	"intercept"	0.30685373
"0.65"	"0.8"	"0.05"	"0.01"	"0.005"	"0.01"	"100000"	"10000"	"200"	"5713104719491034209"	60000	"slope"	-0.25458949
"0.65"	"0.8"	"0.05"	"0.01"	"0.005"	"0.01"	"100000"	"10000"	"200"	"5713104719491034209"	60000	"intercept"	0.31552239
"0.65"	"0.8"	"0.05"	"0.01"	"0.005"	"0.01"	"100000"	"10000"	"200"	"5713104719491034209"	65000	"slope"	-0.237884435
"0.65"	"0.8"	"0.05"	"0.01"	"0.005"	"0.01"	"100000"	"10000"	"200"	"5713104719491034209"	65000	"intercept"	0.301410975
"0.65"	"0.8"	"0.05"	"0.01"	"0.005"	"0.01"	"100000"	"10000"	"200"	"5713104719491034209"	70000	"slope"	-0.233370465
"0.65"	"0.8"	"0.05"	"0.01"	"0.005"	"0.01"	"100000"	"10000"	"200"	"5713104719491034209"	70000	"intercept"	0.29273924
"0.65"	"0.8"	"0.05"	"0.01"	"0.005"	"0.01"	"100000"	"10000"	"200"	"5713104719491034209"	75000	"slope"	-0.23298716
"0.65"	"0.8"	"0.05"	"0.01"	"0.005"	"0.01"	"100000"	"10000"	"200"	"5713104719491034209"	75000	"intercept"	0.296208845
"0.65"	"0.8"	"0.05"	"0.01"	"0.005"	"0.01"	"100000"	"10000"	"200"	"5713104719491034209"	80000	"slope"	-0.241940325
"0.65"	"0.8"	"0.05"	"0.01"	"0.005"	"0.01"	"100000"	"10000"	"200"	"5713104719491034209"	80000	"intercept"	0.30502128
"0.65"	"0.8"	"0.05"	"0.01"	"0.005"	"0.01"	"100000"	"10000"	"200"	"5713104719491034209"	85000	"slope"	-0.247877895
"0.65"	"0.8"	"0.05"	"0.01"	"0.005"	"0.01"	"100000"	"10000"	"200"	"5713104719491034209"	85000	"intercept"	0.311643655
"0.65"	"0.8"	"0.05"	"0.01"	"0.005"	"0.01"	"100000"	"10000"	"200"	"5713104719491034209"	90000	"slope"	-0.239035545
"0.65"	"0.8"	"0.05"	"0.01"	"0.005"	"0.01"	"100000"	"10000"	"200"	"5713104719491034209"	90000	"intercept"	0.307305115
"0.65"	"0.8"	"0.05"	"0.01"	"0.005"	"0.01"	"100000"	"10000"	"200"	"5713104719491034209"	95000	"slope"	-0.248423145
"0.65"	"0.8"	"0.05"	"0.01"	"0.005"	"0.01"	"100000"	"10000"	"200"	"5713104719491034209"	95000	"intercept"	0.30591861
"0.65"	"0.8"	"0.05"	"0.01"	"0.005"	"0.01"	"100000"	"10000"	"200"	"5713104719491034209"	100000	"slope"	-0.230088455
"0.65"	"0.8"	"0.05"	"0.01"	"0.005"	"0.01"	"100000"	"10000"	"200"	"5713104719491034209"	100000	"intercept"	0.29356634
"0.65"	"0.8"	"0.05"	"0.01"	"0.005"	"0.01"	"100000"	"10000"	"200"	"971826480100412528"	10	"slope"	-8.2407417e-05
"0.65"	"0.8"	"0.05"	"0.01"	"0.005"	"0.01"	"100000"	"10000"	"200"	"971826480100412528"	10	"intercept"	0.5000516
"0.65"	"0.8"	"0.05"	"0.01"	"0.005"	"0.01"	"100000"	"10000"	"200"	"971826480100412528"	5000	"slope"	-0.1864339755
"0.65"	"0.8"	"0.05"	"0.01"	"0.005"	"0.01"	"100000"	"10000"	"200"	"971826480100412528"	5000	"intercept"	0.264598795
"0.65"	"0.8"	"0.05"	"0.01"	"0.005"	"0.01"	"100000"	"10000"	"200"	"971826480100412528"	10000	"slope"	-0.230755945
"0.65"	"0.8"	"0.05"	"0.01"	"0.005"	"0.01"	"100000"	"10000"	"200"	"971826480100412528"	10000	"intercept"	0.293524525
"0.65"	"0.8"	"0.05"	"0.01"	"0.005"	"0.01"	"100000"	"10000"	"200"	"971826480100412528"	15000	"slope"	-0.239821435
"0.65"	"0.8"	"0.05"	"0.01"	"0.005"	"0.01"	"100000"	"10000"	"200"	"971826480100412528"	15000	"intercept"	0.30746726
"0.65"	"0.8"	"0.05"	"0.01"	"0.005"	"0.01"	"100000"	"10000"	"200"	"971826480100412528"	20000	"slope"	-0.223994015
"0.65"	"0.8"	"0.05"	"0.01"	"0.005"	"0.01"	"100000"	"10000"	"200"	"971826480100412528"	20000	"intercept"	0.29807439
"0.65"	"0.8"	"0.05"	"0.01"	"0.005"	"0.01"	"100000"	"10000"	"200"	"971826480100412528"	25000	"slope"	-0.224047605
"0.65"	"0.8"	"0.05"	"0.01"	"0.005"	"0.01"	"100000"	"10000"	"200"	"971826480100412528"	25000	"intercept"	0.287432605
"0.65"	"0.8"	"0.05"	"0.01"	"0.005"	"0.01"	"100000"	"10000"	"200"	"971826480100412528"	30000	"slope"	-0.229711895
"0.65"	"0.8"	"0.05"	"0.01"	"0.005"	"0.01"	"100000"	"10000"	"200"	"971826480100412528"	30000	"intercept"	0.296873395
"0.65"	"0.8"	"0.05"	"0.01"	"0.005"	"0.01"	"100000"	"10000"	"200"	"971826480100412528"	35000	"slope"	-0.24811626
"0.65"	"0.8"	"0.05"	"0.01"	"0.005"	"0.01"	"100000"	"10000"	"200"	"971826480100412528"	35000	"intercept"	0.31336287
"0.65"	"0.8"	"0.05"	"0.01"	"0.005"	"0.01"	"100000"	"10000"	"200"	"971826480100412528"	40000	"slope"	-0.253877355
"0.65"	"0.8"	"0.05"	"0.01"	"0.005"	"0.01"	"100000"	"10000"	"200"	"971826480100412528"	40000	"intercept"	0.31423805
"0.65"	"0.8"	"0.05"	"0.01"	"0.005"	"0.01"	"100000"	"10000"	"200"	"971826480100412528"	45000	"slope"	-0.236676805
"0.65"	"0.8"	"0.05"	"0.01"	"0.005"	"0.01"	"100000"	"10000"	"200"	"971826480100412528"	45000	"intercept"	0.299454485
"0.65"	"0.8"	"0.05"	"0.01"	"0.005"	"0.01"	"100000"	"10000"	"200"	"971826480100412528"	50000	"slope"	-0.226810135
"0.65"	"0.8"	"0.05"	"0.01"	"0.005"	"0.01"	"100000"	"10000"	"200"	"971826480100412528"	50000	"intercept"	0.292821725
"0.65"	"0.8"	"0.05"	"0.01"	"0.005"	"0.01"	"100000"	"10000"	"200"	"971826480100412528"	55000	"slope"	-0.25252757
"0.65"	"0.8"	"0.05"	"0.01"	"0.005"	"0.01"	"100000"	"10000"	"200"	"971826480100412528"	55000	"intercept"	0.31057846
"0.65"	"0.8"	"0.05"	"0.01"	"0.005"	"0.01"	"100000"	"10000"	"200"	"971826480100412528"	60000	"slope"	-0.203891645
"0.65"	"0.8"	"0.05"	"0.01"	"0.005"	"0.01"	"100000"	"10000"	"200"	"971826480100412528"	60000	"intercept"	0.274046815
"0.65"	"0.8"	"0.05"	"0.01"	"0.005"	"0.01"	"100000"	"10000"	"200"	"971826480100412528"	65000	"slope"	-0.241299115
"0.65"	"0.8"	"0.05"	"0.01"	"0.005"	"0.01"	"100000"	"10000"	"200"	"971826480100412528"	65000	"intercept"	0.310082815
"0.65"	"0.8"	"0.05"	"0.01"	"0.005"	"0.01"	"100000"	"10000"	"200"	"971826480100412528"	70000	"slope"	-0.257859055
"0.65"	"0.8"	"0.05"	"0.01"	"0.005"	"0.01"	"100000"	"10000"	"200"	"971826480100412528"	70000	"intercept"	0.31861984
"0.65"	"0.8"	"0.05"	"0.01"	"0.005"	"0.01"	"100000"	"10000"	"200"	"971826480100412528"	75000	"slope"	-0.263591245
"0.65"	"0.8"	"0.05"	"0.01"	"0.005"	"0.01"	"100000"	"10000"	"200"	"971826480100412528"	75000	"intercept"	0.32006879
"0.65"	"0.8"	"0.05"	"0.01"	"0.005"	"0.01"	"100000"	"10000"	"200"	"971826480100412528"	80000	"slope"	-0.277739825
"0.65"	"0.8"	"0.05"	"0.01"	"0.005"	"0.01"	"100000"	"10000"	"200"	"971826480100412528"	80000	"intercept"	0.32943965
"0.65"	"0.8"	"0.05"	"0.01"	"0.005"	"0.01"	"100000"	"10000"	"200"	"971826480100412528"	85000	"slope"	-0.25764178
"0.65"	"0.8"	"0.05"	"0.01"	"0.005"	"0.01"	"100000"	"10000"	"200"	"971826480100412528"	85000	"intercept"	0.324842295
"0.65"	"0.8"	"0.05"	"0.01"	"0.005"	"0.01"	"100000"	"10000"	"200"	"971826480100412528"	90000	"slope"	-0.26547137
"0.65"	"0.8"	"0.05"	"0.01"	"0.005"	"0.01"	"100000"	"10000"	"200"	"971826480100412528"	90000	"intercept"	0.325115835
"0.65"	"0.8"	"0.05"	"0.01"	"0.005"	"0.01"	"100000"	"10000"	"200"	"971826480100412528"	95000	"slope"	-0.25215583
"0.65"	"0.8"	"0.05"	"0.01"	"0.005"	"0.01"	"100000"	"10000"	"200"	"971826480100412528"	95000	"intercept"	0.31674046
"0.65"	"0.8"	"0.05"	"0.01"	"0.005"	"0.01"	"100000"	"10000"	"200"	"971826480100412528"	100000	"slope"	-0.251752375
"0.65"	"0.8"	"0.05"	"0.01"	"0.005"	"0.01"	"100000"	"10000"	"200"	"971826480100412528"	100000	"intercept"	0.317765785
"0.75"	"0.0"	"0.05"	"0.01"	"0.005"	"0.01"	"100000"	"10000"	"200"	"2283242276916326969"	10	"slope"	-5.4891595e-05
"0.75"	"0.0"	"0.05"	"0.01"	"0.005"	"0.01"	"100000"	"10000"	"200"	"2283242276916326969"	10	"intercept"	0.500136615
"0.75"	"0.0"	"0.05"	"0.01"	"0.005"	"0.01"	"100000"	"10000"	"200"	"2283242276916326969"	5000	"slope"	-0.0818980599
"0.75"	"0.0"	"0.05"	"0.01"	"0.005"	"0.01"	"100000"	"10000"	"200"	"2283242276916326969"	5000	"intercept"	0.404435655
"0.75"	"0.0"	"0.05"	"0.01"	"0.005"	"0.01"	"100000"	"10000"	"200"	"2283242276916326969"	10000	"slope"	-0.1096465886
"0.75"	"0.0"	"0.05"	"0.01"	"0.005"	"0.01"	"100000"	"10000"	"200"	"2283242276916326969"	10000	"intercept"	0.412463175
"0.75"	"0.0"	"0.05"	"0.01"	"0.005"	"0.01"	"100000"	"10000"	"200"	"2283242276916326969"	15000	"slope"	-0.152235797
"0.75"	"0.0"	"0.05"	"0.01"	"0.005"	"0.01"	"100000"	"10000"	"200"	"2283242276916326969"	15000	"intercept"	0.433530555
"0.75"	"0.0"	"0.05"	"0.01"	"0.005"	"0.01"	"100000"	"10000"	"200"	"2283242276916326969"	20000	"slope"	-0.165272253
"0.75"	"0.0"	"0.05"	"0.01"	"0.005"	"0.01"	"100000"	"10000"	"200"	"2283242276916326969"	20000	"intercept"	0.43907079
"0.75"	"0.0"	"0.05"	"0.01"	"0.005"	"0.01"	"100000"	"10000"	"200"	"2283242276916326969"	25000	"slope"	-0.168139502
"0.75"	"0.0"	"0.05"	"0.01"	"0.005"	"0.01"	"100000"	"10000"	"200"	"2283242276916326969"	25000	"intercept"	0.44087676
"0.75"	"0.0"	"0.05"	"0.01"	"0.005"	"0.01"	"100000"	"10000"	"200"	"2283242276916326969"	30000	"slope"	-0.1716543455
"0.75"	"0.0"	"0.05"	"0.01"	"0.005"	"0.01"	"100000"	"10000"	"200"	"2283242276916326969"	30000	"intercept"	0.43744456
"0.75"	"0.0"	"0.05"	"0.01"	"0.005"	"0.01"	"100000"	"10000"	"200"	"2283242276916326969"	35000	"slope"	-0.1746083535
"0.75"	"0.0"	"0.05"	"0.01"	"0.005"	"0.01"	"100000"	"10000"	"200"	"2283242276916326969"	35000	"intercept"	0.44900482
"0.75"	"0.0"	"0.05"	"0.01"	"0.005"	"0.01"	"100000"	"10000"	"200"	"2283242276916326969"	40000	"slope"	-0.1524829545
"0.75"	"0.0"	"0.05"	"0.01"	"0.005"	"0.01"	"100000"	"10000"	"200"	"2283242276916326969"	40000	"intercept"	0.434379505
"0.75"	"0.0"	"0.05"	"0.01"	"0.005"	"0.01"	"100000"	"10000"	"200"	"2283242276916326969"	45000	"slope"	-0.1632061745
"0.75"	"0.0"	"0.05"	"0.01"	"0.005"	"0.01"	"100000"	"10000"	"200"	"2283242276916326969"	45000	"intercept"	0.4343691
"0.75"	"0.0"	"0.05"	"0.01"	"0.005"	"0.01"	"100000"	"10000"	"200"	"2283242276916326969"	50000	"slope"	-0.1625468035
"0.75"	"0.0"	"0.05"	"0.01"	"0.005"	"0.01"	"100000"	"10000"	"200"	"2283242276916326969"	50000	"intercept"	0.442539595
"0.75"	"0.0"	"0.05"	"0.01"	"0.005"	"0.01"	"100000"	"10000"	"200"	"2283242276916326969"	55000	"slope"	-0.17820501
"0.75"	"0.0"	"0.05"	"0.01"	"0.005"	"0.01"	"100000"	"10000"	"200"	"2283242276916326969"	55000	"intercept"	0.434616055
"0.75"	"0.0"	"0.05"	"0.01"	"0.005"	"0.01"	"100000"	"10000"	"200"	"2283242276916326969"	60000	"slope"	-0.177161122
"0.75"	"0.0"	"0.05"	"0.01"	"0.005"	"0.01"	"100000"	"10000"	"200"	"2283242276916326969"	60000	"intercept"	0.434584555
"0.75"	"0.0"	"0.05"	"0.01"	"0.005"	"0.01"	"100000"	"10000"	"200"	"2283242276916326969"	65000	"slope"	-0.1678010765
"0.75"	"0.0"	"0.05"	"0.01"	"0.005"	"0.01"	"100000"	"10000"	"200"	"2283242276916326969"	65000	"intercept"	0.43679582
"0.75"	"0.0"	"0.05"	"0.01"	"0.005"	"0.01"	"100000"	"10000"	"200"	"2283242276916326969"	70000	"slope"	-0.181923733
"0.75"	"0.0"	"0.05"	"0.01"	"0.005"	"0.01"	"100000"	"10000"	"200"	"2283242276916326969"	70000	"intercept"	0.44300006
"0.75"	"0.0"	"0.05"	"0.01"	"0.005"	"0.01"	"100000"	"10000"	"200"	"2283242276916326969"	75000	"slope"	-0.175859478
"0.75"	"0.0"	"0.05"	"0.01"	"0.005"	"0.01"	"100000"	"10000"	"200"	"2283242276916326969"	75000	"intercept"	0.442496325
"0.75"	"0.0"	"0.05"	"0.01"	"0.005"	"0.01"	"100000"	"10000"	"200"	"2283242276916326969"	80000	"slope"	-0.193586645
"0.75"	"0.0"	"0.05"	"0.01"	"0.005"	"0.01"	"100000"	"10000"	"200"	"2283242276916326969"	80000	"intercept"	0.44945073
"0.75"	"0.0"	"0.05"	"0.01"	"0.005"	"0.01"	"100000"	"10000"	"200"	"2283242276916326969"	85000	"slope"	-0.186248039
"0.75"	"0.0"	"0.05"	"0.01"	"0.005"	"0.01"	"100000"	"10000"	"200"	"2283242276916326969"	85000	"intercept"	0.449602225
"0.75"	"0.0"	"0.05"	"0.01"	"0.005"	"0.01"	"100000"	"10000"	"200"	"2283242276916326969"	90000	"slope"	-0.178947819
"0.75"	"0.0"	"0.05"	"0.01"	"0.005"	"0.01"	"100000"	"10000"	"200"	"2283242276916326969"	90000	"intercept"	0.44376607
"0.75"	"0.0"	"0.05"	"0.01"	"0.005"	"0.01"	"100000"	"10000"	"200"	"2283242276916326969"	95000	"slope"	-0.1731990645
"0.75"	"0.0"	"0.05"	"0.01"	"0.005"	"0.01"	"100000"	"10000"	"200"	"2283242276916326969"	95000	"intercept"	0.44132207
"0.75"	"0.0"	"0.05"	"0.01"	"0.005"	"0.01"	"100000"	"10000"	"200"	"2283242276916326969"	100000	"slope"	-0.1633964385
"0.75"	"0.0"	"0.05"	"0.01"	"0.005"	"0.01"	"100000"	"10000"	"200"	"2283242276916326969"	100000	"intercept"	0.44079037
"0.75"	"0.0"	"0.05"	"0.01"	"0.005"	"0.01"	"100000"	"10000"	"200"	"4871794852066644547"	10	"slope"	0.00012923055
"0.75"	"0.0"	"0.05"	"0.01"	"0.005"	"0.01"	"100000"	"10000"	"200"	"4871794852066644547"	10	"intercept"	0.499999635
"0.75"	"0.0"	"0.05"	"0.01"	"0.005"	"0.01"	"100000"	"10000"	"200"	"4871794852066644547"	5000	"slope"	-0.1037931345
"0.75"	"0.0"	"0.05"	"0.01"	"0.005"	"0.01"	"100000"	"10000"	"200"	"4871794852066644547"	5000	"intercept"	0.410468265
"0.75"	"0.0"	"0.05"	"0.01"	"0.005"	"0.01"	"100000"	"10000"	"200"	"4871794852066644547"	10000	"slope"	-0.129771583
"0.75"	"0.0"	"0.05"	"0.01"	"0.005"	"0.01"	"100000"	"10000"	"200"	"4871794852066644547"	10000	"intercept"	0.417662125
"0.75"	"0.0"	"0.05"	"0.01"	"0.005"	"0.01"	"100000"	"10000"	"200"	"4871794852066644547"	15000	"slope"	-0.128510402
"0.75"	"0.0"	"0.05"	"0.01"	"0.005"	"0.01"	"100000"	"10000"	"200"	"4871794852066644547"	15000	"intercept"	0.41328699
"0.75"	"0.0"	"0.05"	"0.01"	"0.005"	"0.01"	"100000"	"10000"	"200"	"4871794852066644547"	20000	"slope"	-0.1413284022
"0.75"	"0.0"	"0.05"	"0.01"	"0.005"	"0.01"	"100000"	"10000"	"200"	"4871794852066644547"	20000	"intercept"	0.428469715
"0.75"	"0.0"	"0.05"	"0.01"	"0.005"	"0.01"	"100000"	"10000"	"200"	"4871794852066644547"	25000	"slope"	-0.161021943
"0.75"	"0.0"	"0.05"	"0.01"	"0.005"	"0.01"	"100000"	"10000"	"200"	"4871794852066644547"	25000	"intercept"	0.434340945
"0.75"	"0.0"	"0.05"	"0.01"	"0.005"	"0.01"	"100000"	"10000"	"200"	"4871794852066644547"	30000	"slope"	-0.139493743
"0.75"	"0.0"	"0.05"	"0.01"	"0.005"	"0.01"	"100000"	"10000"	"200"	"4871794852066644547"	30000	"intercept"	0.42874776
"0.75"	"0.0"	"0.05"	"0.01"	"0.005"	"0.01"	"100000"	"10000"	"200"	"4871794852066644547"	35000	"slope"	-0.144403418
"0.75"	"0.0"	"0.05"	"0.01"	"0.005"	"0.01"	"100000"	"10000"	"200"	"4871794852066644547"	35000	"intercept"	0.42438979
"0.75"	"0.0"	"0.05"	"0.01"	"0.005"	"0.01"	"100000"	"10000"	"200"	"4871794852066644547"	40000	"slope"	-0.1440967805
"0.75"	"0.0"	"0.05"	"0.01"	"0.005"	"0.01"	"100000"	"10000"	"200"	"4871794852066644547"	40000	"intercept"	0.427177965
"0.75"	"0.0"	"0.05"	"0.01"	"0.005"	"0.01"	"100000"	"10000"	"200"	"4871794852066644547"	45000	"slope"	-0.1633709205
"0.75"	"0.0"	"0.05"	"0.01"	"0.005"	"0.01"	"100000"	"10000"	"200"	"4871794852066644547"	45000	"intercept"	0.4344605
"0.75"	"0.0"	"0.05"	"0.01"	"0.005"	"0.01"	"100000"	"10000"	"200"	"4871794852066644547"	50000	"slope"	-0.1723531185
"0.75"	"0.0"	"0.05"	"0.01"	"0.005"	"0.01"	"100000"	"10000"	"200"	"4871794852066644547"	50000	"intercept"	0.443438805
"0.75"	"0.0"	"0.05"	"0.01"	"0.005"	"0.01"	"100000"	"10000"	"200"	"4871794852066644547"	55000	"slope"	-0.1445197175
"0.75"	"0.0"	"0.05"	"0.01"	"0.005"	"0.01"	"100000"	"10000"	"200"	"4871794852066644547"	55000	"intercept"	0.4352107
"0.75"	"0.0"	"0.05"	"0.01"	"0.005"	"0.01"	"100000"	"10000"	"200"	"4871794852066644547"	60000	"slope"	-0.169852269
"0.75"	"0.0"	"0.05"	"0.01"	"0.005"	"0.01"	"100000"	"10000"	"200"	"4871794852066644547"	60000	"intercept"	0.43298793
"0.75"	"0.0"	"0.05"	"0.01"	"0.005"	"0.01"	"100000"	"10000"	"200"	"4871794852066644547"	65000	"slope"	-0.165012274
"0.75"	"0.0"	"0.05"	"0.01"	"0.005"	"0.01"	"100000"	"10000"	"200"	"4871794852066644547"	65000	"intercept"	0.44071512
"0.75"	"0.0"	"0.05"	"0.01"	"0.005"	"0.01"	"100000"	"10000"	"200"	"4871794852066644547"	70000	"slope"	-0.191537184
"0.75"	"0.0"	"0.05"	"0.01"	"0.005"	"0.01"	"100000"	"10000"	"200"	"4871794852066644547"	70000	"intercept"	0.44284786
"0.75"	"0.0"	"0.05"	"0.01"	"0.005"	"0.01"	"100000"	"10000"	"200"	"4871794852066644547"	75000	"slope"	-0.1881333535
"0.75"	"0.0"	"0.05"	"0.01"	"0.005"	"0.01"	"100000"	"10000"	"200"	"4871794852066644547"	75000	"intercept"	0.44887638
"0.75"	"0.0"	"0.05"	"0.01"	"0.005"	"0.01"	"100000"	"10000"	"200"	"4871794852066644547"	80000	"slope"	-0.174691349
"0.75"	"0.0"	"0.05"	"0.01"	"0.005"	"0.01"	"100000"	"10000"	"200"	"4871794852066644547"	80000	"intercept"	0.445482455
"0.75"	"0.0"	"0.05"	"0.01"	"0.005"	"0.01"	"100000"	"10000"	"200"	"4871794852066644547"	85000	"slope"	-0.211034073
"0.75"	"0.0"	"0.05"	"0.01"	"0.005"	"0.01"	"100000"	"10000"	"200"	"4871794852066644547"	85000	"intercept"	0.45591113
"0.75"	"0.0"	"0.05"	"0.01"	"0.005"	"0.01"	"100000"	"10000"	"200"	"4871794852066644547"	90000	"slope"	-0.1952774635
"0.75"	"0.0"	"0.05"	"0.01"	"0.005"	"0.01"	"100000"	"10000"	"200"	"4871794852066644547"	90000	"intercept"	0.45079925
"0.75"	"0.0"	"0.05"	"0.01"	"0.005"	"0.01"	"100000"	"10000"	"200"	"4871794852066644547"	95000	"slope"	-0.20435774
"0.75"	"0.0"	"0.05"	"0.01"	"0.005"	"0.01"	"100000"	"10000"	"200"	"4871794852066644547"	95000	"intercept"	0.44910078
"0.75"	"0.0"	"0.05"	"0.01"	"0.005"	"0.01"	"100000"	"10000"	"200"	"4871794852066644547"	100000	"slope"	-0.2005879775
"0.75"	"0.0"	"0.05"	"0.01"	"0.005"	"0.01"	"100000"	"10000"	"200"	"4871794852066644547"	100000	"intercept"	0.45220015
"0.75"	"0.0"	"0.05"	"0.01"	"0.005"	"0.01"	"100000"	"10000"	"200"	"8196594501502904151"	10	"slope"	2.665495e-05
"0.75"	"0.0"	"0.05"	"0.01"	"0.005"	"0.01"	"100000"	"10000"	"200"	"8196594501502904151"	10	"intercept"	0.500002755
"0.75"	"0.0"	"0.05"	"0.01"	"0.005"	"0.01"	"100000"	"10000"	"200"	"8196594501502904151"	5000	"slope"	-0.1210157715
"0.75"	"0.0"	"0.05"	"0.01"	"0.005"	"0.01"	"100000"	"10000"	"200"	"8196594501502904151"	5000	"intercept"	0.417553735
"0.75"	"0.0"	"0.05"	"0.01"	"0.005"	"0.01"	"100000"	"10000"	"200"	"8196594501502904151"	10000	"slope"	-0.142244582
"0.75"	"0.0"	"0.05"	"0.01"	"0.005"	"0.01"	"100000"	"10000"	"200"	"8196594501502904151"	10000	"intercept"	0.422280575
"0.75"	"0.0"	"0.05"	"0.01"	"0.005"	"0.01"	"100000"	"10000"	"200"	"8196594501502904151"	15000	"slope"	-0.1571218435
"0.75"	"0.0"	"0.05"	"0.01"	"0.005"	"0.01"	"100000"	"10000"	"200"	"8196594501502904151"	15000	"intercept"	0.43565076
"0.75"	"0.0"	"0.05"	"0.01"	"0.005"	"0.01"	"100000"	"10000"	"200"	"8196594501502904151"	20000	"slope"	-0.1640613005
"0.75"	"0.0"	"0.05"	"0.01"	"0.005"	"0.01"	"100000"	"10000"	"200"	"8196594501502904151"	20000	"intercept"	0.43694918
"0.75"	"0.0"	"0.05"	"0.01"	"0.005"	"0.01"	"100000"	"10000"	"200"	"8196594501502904151"	25000	"slope"	-0.156525429
"0.75"	"0.0"	"0.05"	"0.01"	"0.005"	"0.01"	"100000"	"10000"	"200"	"8196594501502904151"	25000	"intercept"	0.43435024
"0.75"	"0.0"	"0.05"	"0.01"	"0.005"	"0.01"	"100000"	"10000"	"200"	"8196594501502904151"	30000	"slope"	-0.1809342115
"0.75"	"0.0"	"0.05"	"0.01"	"0.005"	"0.01"	"100000"	"10000"	"200"	"8196594501502904151"	30000	"intercept"	0.44434385
"0.75"	"0.0"	"0.05"	"0.01"	"0.005"	"0.01"	"100000"	"10000"	"200"	"8196594501502904151"	35000	"slope"	-0.1766999605
"0.75"	"0.0"	"0.05"	"0.01"	"0.005"	"0.01"	"100000"	"10000"	"200"	"8196594501502904151"	35000	"intercept"	0.446352925
"0.75"	"0.0"	"0.05"	"0.01"	"0.005"	"0.01"	"100000"	"10000"	"200"	"8196594501502904151"	40000	"slope"	-0.1611014725
"0.75"	"0.0"	"0.05"	"0.01"	"0.005"	"0.01"	"100000"	"10000"	"200"	"8196594501502904151"	40000	"intercept"	0.433936245
"0.75"	"0.0"	"0.05"	"0.01"	"0.005"	"0.01"	"100000"	"10000"	"200"	"8196594501502904151"	45000	"slope"	-0.155179815
"0.75"	"0.0"	"0.05"	"0.01"	"0.005"	"0.01"	"100000"	"10000"	"200"	"8196594501502904151"	45000	"intercept"	0.43137342
"0.75"	"0.0"	"0.05"	"0.01"	"0.005"	"0.01"	"100000"	"10000"	"200"	"8196594501502904151"	50000	"slope"	-0.177524555
"0.75"	"0.0"	"0.05"	"0.01"	"0.005"	"0.01"	"100000"	"10000"	"200"	"8196594501502904151"	50000	"intercept"	0.437418375
"0.75"	"0.0"	"0.05"	"0.01"	"0.005"	"0.01"	"100000"	"10000"	"200"	"8196594501502904151"	55000	"slope"	-0.183354187
"0.75"	"0.0"	"0.05"	"0.01"	"0.005"	"0.01"	"100000"	"10000"	"200"	"8196594501502904151"	55000	"intercept"	0.43862066
"0.75"	"0.0"	"0.05"	"0.01"	"0.005"	"0.01"	"100000"	"10000"	"200"	"8196594501502904151"	60000	"slope"	-0.181946694
"0.75"	"0.0"	"0.05"	"0.01"	"0.005"	"0.01"	"100000"	"10000"	"200"	"8196594501502904151"	60000	"intercept"	0.43907801
"0.75"	"0.0"	"0.05"	"0.01"	"0.005"	"0.01"	"100000"	"10000"	"200"	"8196594501502904151"	65000	"slope"	-0.2013927785
"0.75"	"0.0"	"0.05"	"0.01"	"0.005"	"0.01"	"100000"	"10000"	"200"	"8196594501502904151"	65000	"intercept"	0.457214685
"0.75"	"0.0"	"0.05"	"0.01"	"0.005"	"0.01"	"100000"	"10000"	"200"	"8196594501502904151"	70000	"slope"	-0.168482419
"0.75"	"0.0"	"0.05"	"0.01"	"0.005"	"0.01"	"100000"	"10000"	"200"	"8196594501502904151"	70000	"intercept"	0.43852765
"0.75"	"0.0"	"0.05"	"0.01"	"0.005"	"0.01"	"100000"	"10000"	"200"	"8196594501502904151"	75000	"slope"	-0.183418913
"0.75"	"0.0"	"0.05"	"0.01"	"0.005"	"0.01"	"100000"	"10000"	"200"	"8196594501502904151"	75000	"intercept"	0.444260345
"0.75"	"0.0"	"0.05"	"0.01"	"0.005"	"0.01"	"100000"	"10000"	"200"	"8196594501502904151"	80000	"slope"	-0.20027231
"0.75"	"0.0"	"0.05"	"0.01"	"0.005"	"0.01"	"100000"	"10000"	"200"	"8196594501502904151"	80000	"intercept"	0.46174532
"0.75"	"0.0"	"0.05"	"0.01"	"0.005"	"0.01"	"100000"	"10000"	"200"	"8196594501502904151"	85000	"slope"	-0.187998605
"0.75"	"0.0"	"0.05"	"0.01"	"0.005"	"0.01"	"100000"	"10000"	"200"	"8196594501502904151"	85000	"intercept"	0.450083405
"0.75"	"0.0"	"0.05"	"0.01"	"0.005"	"0.01"	"100000"	"10000"	"200"	"8196594501502904151"	90000	"slope"	-0.163510221
"0.75"	"0.0"	"0.05"	"0.01"	"0.005"	"0.01"	"100000"	"10000"	"200"	"8196594501502904151"	90000	"intercept"	0.437817965
"0.75"	"0.0"	"0.05"	"0.01"	"0.005"	"0.01"	"100000"	"10000"	"200"	"8196594501502904151"	95000	"slope"	-0.162932936
"0.75"	"0.0"	"0.05"	"0.01"	"0.005"	"0.01"	"100000"	"10000"	"200"	"8196594501502904151"	95000	"intercept"	0.44162981
"0.75"	"0.0"	"0.05"	"0.01"	"0.005"	"0.01"	"100000"	"10000"	"200"	"8196594501502904151"	100000	"slope"	-0.1810497125
"0.75"	"0.0"	"0.05"	"0.01"	"0.005"	"0.01"	"100000"	"10000"	"200"	"8196594501502904151"	100000	"intercept"	0.436847635
"0.75"	"0.4"	"0.05"	"0.01"	"0.005"	"0.01"	"100000"	"10000"	"200"	"1917520076777045068"	10	"slope"	0.000138587495
"0.75"	"0.4"	"0.05"	"0.01"	"0.005"	"0.01"	"100000"	"10000"	"200"	"1917520076777045068"	10	"intercept"	0.50012968
"0.75"	"0.4"	"0.05"	"0.01"	"0.005"	"0.01"	"100000"	"10000"	"200"	"1917520076777045068"	5000	"slope"	-0.1778088005
"0.75"	"0.4"	"0.05"	"0.01"	"0.005"	"0.01"	"100000"	"10000"	"200"	"1917520076777045068"	5000	"intercept"	0.367183565
"0.75"	"0.4"	"0.05"	"0.01"	"0.005"	"0.01"	"100000"	"10000"	"200"	"1917520076777045068"	10000	"slope"	-0.19150869
"0.75"	"0.4"	"0.05"	"0.01"	"0.005"	"0.01"	"100000"	"10000"	"200"	"1917520076777045068"	10000	"intercept"	0.37281518
"0.75"	"0.4"	"0.05"	"0.01"	"0.005"	"0.01"	"100000"	"10000"	"200"	"1917520076777045068"	15000	"slope"	-0.20617945
"0.75"	"0.4"	"0.05"	"0.01"	"0.005"	"0.01"	"100000"	"10000"	"200"	"1917520076777045068"	15000	"intercept"	0.38005282
"0.75"	"0.4"	"0.05"	"0.01"	"0.005"	"0.01"	"100000"	"10000"	"200"	"1917520076777045068"	20000	"slope"	-0.214563098
"0.75"	"0.4"	"0.05"	"0.01"	"0.005"	"0.01"	"100000"	"10000"	"200"	"1917520076777045068"	20000	"intercept"	0.387306825
"0.75"	"0.4"	"0.05"	"0.01"	"0.005"	"0.01"	"100000"	"10000"	"200"	"1917520076777045068"	25000	"slope"	-0.255154375
"0.75"	"0.4"	"0.05"	"0.01"	"0.005"	"0.01"	"100000"	"10000"	"200"	"1917520076777045068"	25000	"intercept"	0.41378822
"0.75"	"0.4"	"0.05"	"0.01"	"0.005"	"0.01"	"100000"	"10000"	"200"	"1917520076777045068"	30000	"slope"	-0.226609805
"0.75"	"0.4"	"0.05"	"0.01"	"0.005"	"0.01"	"100000"	"10000"	"200"	"1917520076777045068"	30000	"intercept"	0.39477832
"0.75"	"0.4"	"0.05"	"0.01"	"0.005"	"0.01"	"100000"	"10000"	"200"	"1917520076777045068"	35000	"slope"	-0.234599325
"0.75"	"0.4"	"0.05"	"0.01"	"0.005"	"0.01"	"100000"	"10000"	"200"	"1917520076777045068"	35000	"intercept"	0.3979216
"0.75"	"0.4"	"0.05"	"0.01"	"0.005"	"0.01"	"100000"	"10000"	"200"	"1917520076777045068"	40000	"slope"	-0.224935455
"0.75"	"0.4"	"0.05"	"0.01"	"0.005"	"0.01"	"100000"	"10000"	"200"	"1917520076777045068"	40000	"intercept"	0.40393927
"0.75"	"0.4"	"0.05"	"0.01"	"0.005"	"0.01"	"100000"	"10000"	"200"	"1917520076777045068"	45000	"slope"	-0.206982155
"0.75"	"0.4"	"0.05"	"0.01"	"0.005"	"0.01"	"100000"	"10000"	"200"	"1917520076777045068"	45000	"intercept"	0.37384439
"0.75"	"0.4"	"0.05"	"0.01"	"0.005"	"0.01"	"100000"	"10000"	"200"	"1917520076777045068"	50000	"slope"	-0.2491789095
"0.75"	"0.4"	"0.05"	"0.01"	"0.005"	"0.01"	"100000"	"10000"	"200"	"1917520076777045068"	50000	"intercept"	0.40104784
"0.75"	"0.4"	"0.05"	"0.01"	"0.005"	"0.01"	"100000"	"10000"	"200"	"1917520076777045068"	55000	"slope"	-0.24893693
"0.75"	"0.4"	"0.05"	"0.01"	"0.005"	"0.01"	"100000"	"10000"	"200"	"1917520076777045068"	55000	"intercept"	0.408073995
"0.75"	"0.4"	"0.05"	"0.01"	"0.005"	"0.01"	"100000"	"10000"	"200"	"1917520076777045068"	60000	"slope"	-0.235733635
"0.75"	"0.4"	"0.05"	"0.01"	"0.005"	"0.01"	"100000"	"10000"	"200"	"1917520076777045068"	60000	"intercept"	0.398639115
"0.75"	"0.4"	"0.05"	"0.01"	"0.005"	"0.01"	"100000"	"10000"	"200"	"1917520076777045068"	65000	"slope"	-0.238359222
"0.75"	"0.4"	"0.05"	"0.01"	"0.005"	"0.01"	"100000"	"10000"	"200"	"1917520076777045068"	65000	"intercept"	0.399437795
"0.75"	"0.4"	"0.05"	"0.01"	"0.005"	"0.01"	"100000"	"10000"	"200"	"1917520076777045068"	70000	"slope"	-0.2090107
"0.75"	"0.4"	"0.05"	"0.01"	"0.005"	"0.01"	"100000"	"10000"	"200"	"1917520076777045068"	70000	"intercept"	0.383489505
"0.75"	"0.4"	"0.05"	"0.01"	"0.005"	"0.01"	"100000"	"10000"	"200"	"1917520076777045068"	75000	"slope"	-0.22558754
"0.75"	"0.4"	"0.05"	"0.01"	"0.005"	"0.01"	"100000"	"10000"	"200"	"1917520076777045068"	75000	"intercept"	0.392765305
"0.75"	"0.4"	"0.05"	"0.01"	"0.005"	"0.01"	"100000"	"10000"	"200"	"1917520076777045068"	80000	"slope"	-0.2106441
"0.75"	"0.4"	"0.05"	"0.01"	"0.005"	"0.01"	"100000"	"10000"	"200"	"1917520076777045068"	80000	"intercept"	0.38953238
"0.75"	"0.4"	"0.05"	"0.01"	"0.005"	"0.01"	"100000"	"10000"	"200"	"1917520076777045068"	85000	"slope"	-0.27377596
"0.75"	"0.4"	"0.05"	"0.01"	"0.005"	"0.01"	"100000"	"10000"	"200"	"1917520076777045068"	85000	"intercept"	0.41226063
"0.75"	"0.4"	"0.05"	"0.01"	"0.005"	"0.01"	"100000"	"10000"	"200"	"1917520076777045068"	90000	"slope"	-0.27467712
"0.75"	"0.4"	"0.05"	"0.01"	"0.005"	"0.01"	"100000"	"10000"	"200"	"1917520076777045068"	90000	"intercept"	0.41059418
"0.75"	"0.4"	"0.05"	"0.01"	"0.005"	"0.01"	"100000"	"10000"	"200"	"1917520076777045068"	95000	"slope"	-0.267468735
"0.75"	"0.4"	"0.05"	"0.01"	"0.005"	"0.01"	"100000"	"10000"	"200"	"1917520076777045068"	95000	"intercept"	0.418269305
"0.75"	"0.4"	"0.05"	"0.01"	"0.005"	"0.01"	"100000"	"10000"	"200"	"1917520076777045068"	100000	"slope"	-0.243740455
"0.75"	"0.4"	"0.05"	"0.01"	"0.005"	"0.01"	"100000"	"10000"	"200"	"1917520076777045068"	100000	"intercept"	0.402642165
"0.75"	"0.4"	"0.05"	"0.01"	"0.005"	"0.01"	"100000"	"10000"	"200"	"6898565217812649997"	10	"slope"	-0.000245541875
"0.75"	"0.4"	"0.05"	"0.01"	"0.005"	"0.01"	"100000"	"10000"	"200"	"6898565217812649997"	10	"intercept"	0.50038294
"0.75"	"0.4"	"0.05"	"0.01"	"0.005"	"0.01"	"100000"	"10000"	"200"	"6898565217812649997"	5000	"slope"	-0.101410195
"0.75"	"0.4"	"0.05"	"0.01"	"0.005"	"0.01"	"100000"	"10000"	"200"	"6898565217812649997"	5000	"intercept"	0.332055835
"0.75"	"0.4"	"0.05"	"0.01"	"0.005"	"0.01"	"100000"	"10000"	"200"	"6898565217812649997"	10000	"slope"	-0.1697642595
"0.75"	"0.4"	"0.05"	"0.01"	"0.005"	"0.01"	"100000"	"10000"	"200"	"6898565217812649997"	10000	"intercept"	0.36784274
"0.75"	"0.4"	"0.05"	"0.01"	"0.005"	"0.01"	"100000"	"10000"	"200"	"6898565217812649997"	15000	"slope"	-0.196094468
"0.75"	"0.4"	"0.05"	"0.01"	"0.005"	"0.01"	"100000"	"10000"	"200"	"6898565217812649997"	15000	"intercept"	0.372825415
"0.75"	"0.4"	"0.05"	"0.01"	"0.005"	"0.01"	"100000"	"10000"	"200"	"6898565217812649997"	20000	"slope"	-0.238722095
"0.75"	"0.4"	"0.05"	"0.01"	"0.005"	"0.01"	"100000"	"10000"	"200"	"6898565217812649997"	20000	"intercept"	0.39463503
"0.75"	"0.4"	"0.05"	"0.01"	"0.005"	"0.01"	"100000"	"10000"	"200"	"6898565217812649997"	25000	"slope"	-0.241945145
"0.75"	"0.4"	"0.05"	"0.01"	"0.005"	"0.01"	"100000"	"10000"	"200"	"6898565217812649997"	25000	"intercept"	0.39798086
"0.75"	"0.4"	"0.05"	"0.01"	"0.005"	"0.01"	"100000"	"10000"	"200"	"6898565217812649997"	30000	"slope"	-0.227914645
"0.75"	"0.4"	"0.05"	"0.01"	"0.005"	"0.01"	"100000"	"10000"	"200"	"6898565217812649997"	30000	"intercept"	0.389294475
"0.75"	"0.4"	"0.05"	"0.01"	"0.005"	"0.01"	"100000"	"10000"	"200"	"6898565217812649997"	35000	"slope"	-0.244010545
"0.75"	"0.4"	"0.05"	"0.01"	"0.005"	"0.01"	"100000"	"10000"	"200"	"6898565217812649997"	35000	"intercept"	0.400817465
"0.75"	"0.4"	"0.05"	"0.01"	"0.005"	"0.01"	"100000"	"10000"	"200"	"6898565217812649997"	40000	"slope"	-0.231192575
"0.75"	"0.4"	"0.05"	"0.01"	"0.005"	"0.01"	"100000"	"10000"	"200"	"6898565217812649997"	40000	"intercept"	0.39603364
"0.75"	"0.4"	"0.05"	"0.01"	"0.005"	"0.01"	"100000"	"10000"	"200"	"6898565217812649997"	45000	"slope"	-0.2164601
"0.75"	"0.4"	"0.05"	"0.01"	"0.005"	"0.01"	"100000"	"10000"	"200"	"6898565217812649997"	45000	"intercept"	0.383495715
"0.75"	"0.4"	"0.05"	"0.01"	"0.005"	"0.01"	"100000"	"10000"	"200"	"6898565217812649997"	50000	"slope"	-0.249776354
"0.75"	"0.4"	"0.05"	"0.01"	"0.005"	"0.01"	"100000"	"10000"	"200"	"6898565217812649997"	50000	"intercept"	0.40146326
"0.75"	"0.4"	"0.05"	"0.01"	"0.005"	"0.01"	"100000"	"10000"	"200"	"6898565217812649997"	55000	"slope"	-0.257975535
"0.75"	"0.4"	"0.05"	"0.01"	"0.005"	"0.01"	"100000"	"10000"	"200"	"6898565217812649997"	55000	"intercept"	0.407863595
"0.75"	"0.4"	"0.05"	"0.01"	"0.005"	"0.01"	"100000"	"10000"	"200"	"6898565217812649997"	60000	"slope"	-0.234026385
"0.75"	"0.4"	"0.05"	"0.01"	"0.005"	"0.01"	"100000"	"10000"	"200"	"6898565217812649997"	60000	"intercept"	0.392288705
"0.75"	"0.4"	"0.05"	"0.01"	"0.005"	"0.01"	"100000"	"10000"	"200"	"6898565217812649997"	65000	"slope"	-0.2007564285
"0.75"	"0.4"	"0.05"	"0.01"	"0.005"	"0.01"	"100000"	"10000"	"200"	"6898565217812649997"	65000	"intercept"	0.37712558
"0.75"	"0.4"	"0.05"	"0.01"	"0.005"	"0.01"	"100000"	"10000"	"200"	"6898565217812649997"	70000	"slope"	-0.2122819805
"0.75"	"0.4"	"0.05"	"0.01"	"0.005"	"0.01"	"100000"	"10000"	"200"	"6898565217812649997"	70000	"intercept"	0.390284155
"0.75"	"0.4"	"0.05"	"0.01"	"0.005"	"0.01"	"100000"	"10000"	"200"	"6898565217812649997"	75000	"slope"	-0.243690695
"0.75"	"0.4"	"0.05"	"0.01"	"0.005"	"0.01"	"100000"	"10000"	"200"	"6898565217812649997"	75000	"intercept"	0.393883405
"0.75"	"0.4"	"0.05"	"0.01"	"0.005"	"0.01"	"100000"	"10000"	"200"	"6898565217812649997"	80000	"slope"	-0.226804245
"0.75"	"0.4"	"0.05"	"0.01"	"0.005"	"0.01"	"100000"	"10000"	"200"	"6898565217812649997"	80000	"intercept"	0.39653723
"0.75"	"0.4"	"0.05"	"0.01"	"0.005"	"0.01"	"100000"	"10000"	"200"	"6898565217812649997"	85000	"slope"	-0.2312064055
"0.75"	"0.4"	"0.05"	"0.01"	"0.005"	"0.01"	"100000"	"10000"	"200"	"6898565217812649997"	85000	"intercept"	0.40178671
"0.75"	"0.4"	"0.05"	"0.01"	"0.005"	"0.01"	"100000"	"10000"	"200"	"6898565217812649997"	90000	"slope"	-0.254346671
"0.75"	"0.4"	"0.05"	"0.01"	"0.005"	"0.01"	"100000"	"10000"	"200"	"6898565217812649997"	90000	"intercept"	0.40171673
"0.75"	"0.4"	"0.05"	"0.01"	"0.005"	"0.01"	"100000"	"10000"	"200"	"6898565217812649997"	95000	"slope"	-0.217331785
"0.75"	"0.4"	"0.05"	"0.01"	"0.005"	"0.01"	"100000"	"10000"	"200"	"6898565217812649997"	95000	"intercept"	0.38500077
"0.75"	"0.4"	"0.05"	"0.01"	"0.005"	"0.01"	"100000"	"10000"	"200"	"6898565217812649997"	100000	"slope"	-0.2167485265
"0.75"	"0.4"	"0.05"	"0.01"	"0.005"	"0.01"	"100000"	"10000"	"200"	"6898565217812649997"	100000	"intercept"	0.384560775
"0.75"	"0.4"	"0.05"	"0.01"	"0.005"	"0.01"	"100000"	"10000"	"200"	"7308576411774683412"	10	"slope"	0.000143798525
"0.75"	"0.4"	"0.05"	"0.01"	"0.005"	"0.01"	"100000"	"10000"	"200"	"7308576411774683412"	10	"intercept"	0.500036615
"0.75"	"0.4"	"0.05"	"0.01"	"0.005"	"0.01"	"100000"	"10000"	"200"	"7308576411774683412"	5000	"slope"	-0.1312425525
"0.75"	"0.4"	"0.05"	"0.01"	"0.005"	"0.01"	"100000"	"10000"	"200"	"7308576411774683412"	5000	"intercept"	0.355051275
"0.75"	"0.4"	"0.05"	"0.01"	"0.005"	"0.01"	"100000"	"10000"	"200"	"7308576411774683412"	10000	"slope"	-0.21018385
"0.75"	"0.4"	"0.05"	"0.01"	"0.005"	"0.01"	"100000"	"10000"	"200"	"7308576411774683412"	10000	"intercept"	0.38561746
"0.75"	"0.4"	"0.05"	"0.01"	"0.005"	"0.01"	"100000"	"10000"	"200"	"7308576411774683412"	15000	"slope"	-0.219960545
"0.75"	"0.4"	"0.05"	"0.01"	"0.005"	"0.01"	"100000"	"10000"	"200"	"7308576411774683412"	15000	"intercept"	0.381940665
"0.75"	"0.4"	"0.05"	"0.01"	"0.005"	"0.01"	"100000"	"10000"	"200"	"7308576411774683412"	20000	"slope"	-0.232143235
"0.75"	"0.4"	"0.05"	"0.01"	"0.005"	"0.01"	"100000"	"10000"	"200"	"7308576411774683412"	20000	"intercept"	0.39864816
"0.75"	"0.4"	"0.05"	"0.01"	"0.005"	"0.01"	"100000"	"10000"	"200"	"7308576411774683412"	25000	"slope"	-0.23458381
"0.75"	"0.4"	"0.05"	"0.01"	"0.005"	"0.01"	"100000"	"10000"	"200"	"7308576411774683412"	25000	"intercept"	0.40814182
"0.75"	"0.4"	"0.05"	"0.01"	"0.005"	"0.01"	"100000"	"10000"	"200"	"7308576411774683412"	30000	"slope"	-0.24371296
"0.75"	"0.4"	"0.05"	"0.01"	"0.005"	"0.01"	"100000"	"10000"	"200"	"7308576411774683412"	30000	"intercept"	0.404281095
"0.75"	"0.4"	"0.05"	"0.01"	"0.005"	"0.01"	"100000"	"10000"	"200"	"7308576411774683412"	35000	"slope"	-0.228070035
"0.75"	"0.4"	"0.05"	"0.01"	"0.005"	"0.01"	"100000"	"10000"	"200"	"7308576411774683412"	35000	"intercept"	0.388841425
"0.75"	"0.4"	"0.05"	"0.01"	"0.005"	"0.01"	"100000"	"10000"	"200"	"7308576411774683412"	40000	"slope"	-0.217941235
"0.75"	"0.4"	"0.05"	"0.01"	"0.005"	"0.01"	"100000"	"10000"	"200"	"7308576411774683412"	40000	"intercept"	0.389432775
"0.75"	"0.4"	"0.05"	"0.01"	"0.005"	"0.01"	"100000"	"10000"	"200"	"7308576411774683412"	45000	"slope"	-0.2171755
"0.75"	"0.4"	"0.05"	"0.01"	"0.005"	"0.01"	"100000"	"10000"	"200"	"7308576411774683412"	45000	"intercept"	0.389658515
"0.75"	"0.4"	"0.05"	"0.01"	"0.005"	"0.01"	"100000"	"10000"	"200"	"7308576411774683412"	50000	"slope"	-0.239407575
"0.75"	"0.4"	"0.05"	"0.01"	"0.005"	"0.01"	"100000"	"10000"	"200"	"7308576411774683412"	50000	"intercept"	0.397924755
"0.75"	"0.4"	"0.05"	"0.01"	"0.005"	"0.01"	"100000"	"10000"	"200"	"7308576411774683412"	55000	"slope"	-0.231878536
"0.75"	"0.4"	"0.05"	"0.01"	"0.005"	"0.01"	"100000"	"10000"	"200"	"7308576411774683412"	55000	"intercept"	0.39318126
"0.75"	"0.4"	"0.05"	"0.01"	"0.005"	"0.01"	"100000"	"10000"	"200"	"7308576411774683412"	60000	"slope"	-0.230374485
"0.75"	"0.4"	"0.05"	"0.01"	"0.005"	"0.01"	"100000"	"10000"	"200"	"7308576411774683412"	60000	"intercept"	0.3948218
"0.75"	"0.4"	"0.05"	"0.01"	"0.005"	"0.01"	"100000"	"10000"	"200"	"7308576411774683412"	65000	"slope"	-0.2346493845
"0.75"	"0.4"	"0.05"	"0.01"	"0.005"	"0.01"	"100000"	"10000"	"200"	"7308576411774683412"	65000	"intercept"	0.4032128
"0.75"	"0.4"	"0.05"	"0.01"	"0.005"	"0.01"	"100000"	"10000"	"200"	"7308576411774683412"	70000	"slope"	-0.250232525
"0.75"	"0.4"	"0.05"	"0.01"	"0.005"	"0.01"	"100000"	"10000"	"200"	"7308576411774683412"	70000	"intercept"	0.406077465
"0.75"	"0.4"	"0.05"	"0.01"	"0.005"	"0.01"	"100000"	"10000"	"200"	"7308576411774683412"	75000	"slope"	-0.26784497
"0.75"	"0.4"	"0.05"	"0.01"	"0.005"	"0.01"	"100000"	"10000"	"200"	"7308576411774683412"	75000	"intercept"	0.415397075
"0.75"	"0.4"	"0.05"	"0.01"	"0.005"	"0.01"	"100000"	"10000"	"200"	"7308576411774683412"	80000	"slope"	-0.237759205
"0.75"	"0.4"	"0.05"	"0.01"	"0.005"	"0.01"	"100000"	"10000"	"200"	"7308576411774683412"	80000	"intercept"	0.39710566
"0.75"	"0.4"	"0.05"	"0.01"	"0.005"	"0.01"	"100000"	"10000"	"200"	"7308576411774683412"	85000	"slope"	-0.24932121
"0.75"	"0.4"	"0.05"	"0.01"	"0.005"	"0.01"	"100000"	"10000"	"200"	"7308576411774683412"	85000	"intercept"	0.40787745
"0.75"	"0.4"	"0.05"	"0.01"	"0.005"	"0.01"	"100000"	"10000"	"200"	"7308576411774683412"	90000	"slope"	-0.23288038
"0.75"	"0.4"	"0.05"	"0.01"	"0.005"	"0.01"	"100000"	"10000"	"200"	"7308576411774683412"	90000	"intercept"	0.3886418
"0.75"	"0.4"	"0.05"	"0.01"	"0.005"	"0.01"	"100000"	"10000"	"200"	"7308576411774683412"	95000	"slope"	-0.233917105
"0.75"	"0.4"	"0.05"	"0.01"	"0.005"	"0.01"	"100000"	"10000"	"200"	"7308576411774683412"	95000	"intercept"	0.392194005
"0.75"	"0.4"	"0.05"	"0.01"	"0.005"	"0.01"	"100000"	"10000"	"200"	"7308576411774683412"	100000	"slope"	-0.2510136145
"0.75"	"0.4"	"0.05"	"0.01"	"0.005"	"0.01"	"100000"	"10000"	"200"	"7308576411774683412"	100000	"intercept"	0.40244602
"0.75"	"0.6"	"0.05"	"0.01"	"0.005"	"0.01"	"100000"	"10000"	"200"	"1509669503910503412"	10	"slope"	0.000314806605
"0.75"	"0.6"	"0.05"	"0.01"	"0.005"	"0.01"	"100000"	"10000"	"200"	"1509669503910503412"	10	"intercept"	0.50003714
"0.75"	"0.6"	"0.05"	"0.01"	"0.005"	"0.01"	"100000"	"10000"	"200"	"1509669503910503412"	5000	"slope"	-0.135936587
"0.75"	"0.6"	"0.05"	"0.01"	"0.005"	"0.01"	"100000"	"10000"	"200"	"1509669503910503412"	5000	"intercept"	0.3019888
"0.75"	"0.6"	"0.05"	"0.01"	"0.005"	"0.01"	"100000"	"10000"	"200"	"1509669503910503412"	10000	"slope"	-0.221062315
"0.75"	"0.6"	"0.05"	"0.01"	"0.005"	"0.01"	"100000"	"10000"	"200"	"1509669503910503412"	10000	"intercept"	0.34722887
"0.75"	"0.6"	"0.05"	"0.01"	"0.005"	"0.01"	"100000"	"10000"	"200"	"1509669503910503412"	15000	"slope"	-0.24421762
"0.75"	"0.6"	"0.05"	"0.01"	"0.005"	"0.01"	"100000"	"10000"	"200"	"1509669503910503412"	15000	"intercept"	0.36274634
"0.75"	"0.6"	"0.05"	"0.01"	"0.005"	"0.01"	"100000"	"10000"	"200"	"1509669503910503412"	20000	"slope"	-0.223325165
"0.75"	"0.6"	"0.05"	"0.01"	"0.005"	"0.01"	"100000"	"10000"	"200"	"1509669503910503412"	20000	"intercept"	0.350609125
"0.75"	"0.6"	"0.05"	"0.01"	"0.005"	"0.01"	"100000"	"10000"	"200"	"1509669503910503412"	25000	"slope"	-0.242296615
"0.75"	"0.6"	"0.05"	"0.01"	"0.005"	"0.01"	"100000"	"10000"	"200"	"1509669503910503412"	25000	"intercept"	0.365902815
"0.75"	"0.6"	"0.05"	"0.01"	"0.005"	"0.01"	"100000"	"10000"	"200"	"1509669503910503412"	30000	"slope"	-0.233150905
"0.75"	"0.6"	"0.05"	"0.01"	"0.005"	"0.01"	"100000"	"10000"	"200"	"1509669503910503412"	30000	"intercept"	0.352739165
"0.75"	"0.6"	"0.05"	"0.01"	"0.005"	"0.01"	"100000"	"10000"	"200"	"1509669503910503412"	35000	"slope"	-0.223122835
"0.75"	"0.6"	"0.05"	"0.01"	"0.005"	"0.01"	"100000"	"10000"	"200"	"1509669503910503412"	35000	"intercept"	0.353389245
"0.75"	"0.6"	"0.05"	"0.01"	"0.005"	"0.01"	"100000"	"10000"	"200"	"1509669503910503412"	40000	"slope"	-0.25075265
"0.75"	"0.6"	"0.05"	"0.01"	"0.005"	"0.01"	"100000"	"10000"	"200"	"1509669503910503412"	40000	"intercept"	0.363652435
"0.75"	"0.6"	"0.05"	"0.01"	"0.005"	"0.01"	"100000"	"10000"	"200"	"1509669503910503412"	45000	"slope"	-0.24980797
"0.75"	"0.6"	"0.05"	"0.01"	"0.005"	"0.01"	"100000"	"10000"	"200"	"1509669503910503412"	45000	"intercept"	0.36681607
"0.75"	"0.6"	"0.05"	"0.01"	"0.005"	"0.01"	"100000"	"10000"	"200"	"1509669503910503412"	50000	"slope"	-0.244792635
"0.75"	"0.6"	"0.05"	"0.01"	"0.005"	"0.01"	"100000"	"10000"	"200"	"1509669503910503412"	50000	"intercept"	0.366132365
"0.75"	"0.6"	"0.05"	"0.01"	"0.005"	"0.01"	"100000"	"10000"	"200"	"1509669503910503412"	55000	"slope"	-0.210850765
"0.75"	"0.6"	"0.05"	"0.01"	"0.005"	"0.01"	"100000"	"10000"	"200"	"1509669503910503412"	55000	"intercept"	0.350365505
"0.75"	"0.6"	"0.05"	"0.01"	"0.005"	"0.01"	"100000"	"10000"	"200"	"1509669503910503412"	60000	"slope"	-0.23241262
"0.75"	"0.6"	"0.05"	"0.01"	"0.005"	"0.01"	"100000"	"10000"	"200"	"1509669503910503412"	60000	"intercept"	0.352495205
"0.75"	"0.6"	"0.05"	"0.01"	"0.005"	"0.01"	"100000"	"10000"	"200"	"1509669503910503412"	65000	"slope"	-0.251661804
"0.75"	"0.6"	"0.05"	"0.01"	"0.005"	"0.01"	"100000"	"10000"	"200"	"1509669503910503412"	65000	"intercept"	0.365144795
"0.75"	"0.6"	"0.05"	"0.01"	"0.005"	"0.01"	"100000"	"10000"	"200"	"1509669503910503412"	70000	"slope"	-0.25384013
"0.75"	"0.6"	"0.05"	"0.01"	"0.005"	"0.01"	"100000"	"10000"	"200"	"1509669503910503412"	70000	"intercept"	0.365061085
"0.75"	"0.6"	"0.05"	"0.01"	"0.005"	"0.01"	"100000"	"10000"	"200"	"1509669503910503412"	75000	"slope"	-0.25113459
"0.75"	"0.6"	"0.05"	"0.01"	"0.005"	"0.01"	"100000"	"10000"	"200"	"1509669503910503412"	75000	"intercept"	0.363897765
"0.75"	"0.6"	"0.05"	"0.01"	"0.005"	"0.01"	"100000"	"10000"	"200"	"1509669503910503412"	80000	"slope"	-0.233938695
"0.75"	"0.6"	"0.05"	"0.01"	"0.005"	"0.01"	"100000"	"10000"	"200"	"1509669503910503412"	80000	"intercept"	0.36069532
"0.75"	"0.6"	"0.05"	"0.01"	"0.005"	"0.01"	"100000"	"10000"	"200"	"1509669503910503412"	85000	"slope"	-0.26584424
"0.75"	"0.6"	"0.05"	"0.01"	"0.005"	"0.01"	"100000"	"10000"	"200"	"1509669503910503412"	85000	"intercept"	0.374559165
"0.75"	"0.6"	"0.05"	"0.01"	"0.005"	"0.01"	"100000"	"10000"	"200"	"1509669503910503412"	90000	"slope"	-0.2709174
"0.75"	"0.6"	"0.05"	"0.01"	"0.005"	"0.01"	"100000"	"10000"	"200"	"1509669503910503412"	90000	"intercept"	0.38300311
"0.75"	"0.6"	"0.05"	"0.01"	"0.005"	"0.01"	"100000"	"10000"	"200"	"1509669503910503412"	95000	"slope"	-0.257190495
"0.75"	"0.6"	"0.05"	"0.01"	"0.005"	"0.01"	"100000"	"10000"	"200"	"1509669503910503412"	95000	"intercept"	0.369455415
"0.75"	"0.6"	"0.05"	"0.01"	"0.005"	"0.01"	"100000"	"10000"	"200"	"1509669503910503412"	100000	"slope"	-0.246285415
"0.75"	"0.6"	"0.05"	"0.01"	"0.005"	"0.01"	"100000"	"10000"	"200"	"1509669503910503412"	100000	"intercept"	0.364842085
"0.75"	"0.6"	"0.05"	"0.01"	"0.005"	"0.01"	"100000"	"10000"	"200"	"7030037654445849648"	10	"slope"	-4.59849500000001e-06
"0.75"	"0.6"	"0.05"	"0.01"	"0.005"	"0.01"	"100000"	"10000"	"200"	"7030037654445849648"	10	"intercept"	0.499891085
"0.75"	"0.6"	"0.05"	"0.01"	"0.005"	"0.01"	"100000"	"10000"	"200"	"7030037654445849648"	5000	"slope"	-0.147759157
"0.75"	"0.6"	"0.05"	"0.01"	"0.005"	"0.01"	"100000"	"10000"	"200"	"7030037654445849648"	5000	"intercept"	0.308989915
"0.75"	"0.6"	"0.05"	"0.01"	"0.005"	"0.01"	"100000"	"10000"	"200"	"7030037654445849648"	10000	"slope"	-0.209842915
"0.75"	"0.6"	"0.05"	"0.01"	"0.005"	"0.01"	"100000"	"10000"	"200"	"7030037654445849648"	10000	"intercept"	0.345975805
"0.75"	"0.6"	"0.05"	"0.01"	"0.005"	"0.01"	"100000"	"10000"	"200"	"7030037654445849648"	15000	"slope"	-0.23439495
"0.75"	"0.6"	"0.05"	"0.01"	"0.005"	"0.01"	"100000"	"10000"	"200"	"7030037654445849648"	15000	"intercept"	0.354272035
"0.75"	"0.6"	"0.05"	"0.01"	"0.005"	"0.01"	"100000"	"10000"	"200"	"7030037654445849648"	20000	"slope"	-0.23532313
"0.75"	"0.6"	"0.05"	"0.01"	"0.005"	"0.01"	"100000"	"10000"	"200"	"7030037654445849648"	20000	"intercept"	0.35675404
"0.75"	"0.6"	"0.05"	"0.01"	"0.005"	"0.01"	"100000"	"10000"	"200"	"7030037654445849648"	25000	"slope"	-0.232034725
"0.75"	"0.6"	"0.05"	"0.01"	"0.005"	"0.01"	"100000"	"10000"	"200"	"7030037654445849648"	25000	"intercept"	0.350991655
"0.75"	"0.6"	"0.05"	"0.01"	"0.005"	"0.01"	"100000"	"10000"	"200"	"7030037654445849648"	30000	"slope"	-0.251006975
"0.75"	"0.6"	"0.05"	"0.01"	"0.005"	"0.01"	"100000"	"10000"	"200"	"7030037654445849648"	30000	"intercept"	0.377300985
"0.75"	"0.6"	"0.05"	"0.01"	"0.005"	"0.01"	"100000"	"10000"	"200"	"7030037654445849648"	35000	"slope"	-0.260421885
"0.75"	"0.6"	"0.05"	"0.01"	"0.005"	"0.01"	"100000"	"10000"	"200"	"7030037654445849648"	35000	"intercept"	0.37220066
"0.75"	"0.6"	"0.05"	"0.01"	"0.005"	"0.01"	"100000"	"10000"	"200"	"7030037654445849648"	40000	"slope"	-0.236707195
"0.75"	"0.6"	"0.05"	"0.01"	"0.005"	"0.01"	"100000"	"10000"	"200"	"7030037654445849648"	40000	"intercept"	0.35506339
"0.75"	"0.6"	"0.05"	"0.01"	"0.005"	"0.01"	"100000"	"10000"	"200"	"7030037654445849648"	45000	"slope"	-0.249798745
"0.75"	"0.6"	"0.05"	"0.01"	"0.005"	"0.01"	"100000"	"10000"	"200"	"7030037654445849648"	45000	"intercept"	0.367362505
"0.75"	"0.6"	"0.05"	"0.01"	"0.005"	"0.01"	"100000"	"10000"	"200"	"7030037654445849648"	50000	"slope"	-0.275487365
"0.75"	"0.6"	"0.05"	"0.01"	"0.005"	"0.01"	"100000"	"10000"	"200"	"7030037654445849648"	50000	"intercept"	0.38075992
"0.75"	"0.6"	"0.05"	"0.01"	"0.005"	"0.01"	"100000"	"10000"	"200"	"7030037654445849648"	55000	"slope"	-0.27068389
"0.75"	"0.6"	"0.05"	"0.01"	"0.005"	"0.01"	"100000"	"10000"	"200"	"7030037654445849648"	55000	"intercept"	0.379615455
"0.75"	"0.6"	"0.05"	"0.01"	"0.005"	"0.01"	"100000"	"10000"	"200"	"7030037654445849648"	60000	"slope"	-0.267712179
"0.75"	"0.6"	"0.05"	"0.01"	"0.005"	"0.01"	"100000"	"10000"	"200"	"7030037654445849648"	60000	"intercept"	0.376136435
"0.75"	"0.6"	"0.05"	"0.01"	"0.005"	"0.01"	"100000"	"10000"	"200"	"7030037654445849648"	65000	"slope"	-0.26816654
"0.75"	"0.6"	"0.05"	"0.01"	"0.005"	"0.01"	"100000"	"10000"	"200"	"7030037654445849648"	65000	"intercept"	0.37298257
"0.75"	"0.6"	"0.05"	"0.01"	"0.005"	"0.01"	"100000"	"10000"	"200"	"7030037654445849648"	70000	"slope"	-0.261064095
"0.75"	"0.6"	"0.05"	"0.01"	"0.005"	"0.01"	"100000"	"10000"	"200"	"7030037654445849648"	70000	"intercept"	0.370884545
"0.75"	"0.6"	"0.05"	"0.01"	"0.005"	"0.01"	"100000"	"10000"	"200"	"7030037654445849648"	75000	"slope"	-0.242332065
"0.75"	"0.6"	"0.05"	"0.01"	"0.005"	"0.01"	"100000"	"10000"	"200"	"7030037654445849648"	75000	"intercept"	0.36219766
"0.75"	"0.6"	"0.05"	"0.01"	"0.005"	"0.01"	"100000"	"10000"	"200"	"7030037654445849648"	80000	"slope"	-0.229892215
"0.75"	"0.6"	"0.05"	"0.01"	"0.005"	"0.01"	"100000"	"10000"	"200"	"7030037654445849648"	80000	"intercept"	0.34649567
"0.75"	"0.6"	"0.05"	"0.01"	"0.005"	"0.01"	"100000"	"10000"	"200"	"7030037654445849648"	85000	"slope"	-0.261179295
"0.75"	"0.6"	"0.05"	"0.01"	"0.005"	"0.01"	"100000"	"10000"	"200"	"7030037654445849648"	85000	"intercept"	0.368411545
"0.75"	"0.6"	"0.05"	"0.01"	"0.005"	"0.01"	"100000"	"10000"	"200"	"7030037654445849648"	90000	"slope"	-0.25765769
"0.75"	"0.6"	"0.05"	"0.01"	"0.005"	"0.01"	"100000"	"10000"	"200"	"7030037654445849648"	90000	"intercept"	0.37169232
"0.75"	"0.6"	"0.05"	"0.01"	"0.005"	"0.01"	"100000"	"10000"	"200"	"7030037654445849648"	95000	"slope"	-0.25997236
"0.75"	"0.6"	"0.05"	"0.01"	"0.005"	"0.01"	"100000"	"10000"	"200"	"7030037654445849648"	95000	"intercept"	0.37092235
"0.75"	"0.6"	"0.05"	"0.01"	"0.005"	"0.01"	"100000"	"10000"	"200"	"7030037654445849648"	100000	"slope"	-0.257505915
"0.75"	"0.6"	"0.05"	"0.01"	"0.005"	"0.01"	"100000"	"10000"	"200"	"7030037654445849648"	100000	"intercept"	0.3740717
"0.75"	"0.6"	"0.05"	"0.01"	"0.005"	"0.01"	"100000"	"10000"	"200"	"7339467467305259716"	10	"slope"	0.000102447105
"0.75"	"0.6"	"0.05"	"0.01"	"0.005"	"0.01"	"100000"	"10000"	"200"	"7339467467305259716"	10	"intercept"	0.50019518
"0.75"	"0.6"	"0.05"	"0.01"	"0.005"	"0.01"	"100000"	"10000"	"200"	"7339467467305259716"	5000	"slope"	-0.1334442115
"0.75"	"0.6"	"0.05"	"0.01"	"0.005"	"0.01"	"100000"	"10000"	"200"	"7339467467305259716"	5000	"intercept"	0.295649445
"0.75"	"0.6"	"0.05"	"0.01"	"0.005"	"0.01"	"100000"	"10000"	"200"	"7339467467305259716"	10000	"slope"	-0.21312052
"0.75"	"0.6"	"0.05"	"0.01"	"0.005"	"0.01"	"100000"	"10000"	"200"	"7339467467305259716"	10000	"intercept"	0.33173243
"0.75"	"0.6"	"0.05"	"0.01"	"0.005"	"0.01"	"100000"	"10000"	"200"	"7339467467305259716"	15000	"slope"	-0.22679726
"0.75"	"0.6"	"0.05"	"0.01"	"0.005"	"0.01"	"100000"	"10000"	"200"	"7339467467305259716"	15000	"intercept"	0.34942127
"0.75"	"0.6"	"0.05"	"0.01"	"0.005"	"0.01"	"100000"	"10000"	"200"	"7339467467305259716"	20000	"slope"	-0.242756455
"0.75"	"0.6"	"0.05"	"0.01"	"0.005"	"0.01"	"100000"	"10000"	"200"	"7339467467305259716"	20000	"intercept"	0.356771205
"0.75"	"0.6"	"0.05"	"0.01"	"0.005"	"0.01"	"100000"	"10000"	"200"	"7339467467305259716"	25000	"slope"	-0.25449028
"0.75"	"0.6"	"0.05"	"0.01"	"0.005"	"0.01"	"100000"	"10000"	"200"	"7339467467305259716"	25000	"intercept"	0.3679487
"0.75"	"0.6"	"0.05"	"0.01"	"0.005"	"0.01"	"100000"	"10000"	"200"	"7339467467305259716"	30000	"slope"	-0.258867635
"0.75"	"0.6"	"0.05"	"0.01"	"0.005"	"0.01"	"100000"	"10000"	"200"	"7339467467305259716"	30000	"intercept"	0.36926598
"0.75"	"0.6"	"0.05"	"0.01"	"0.005"	"0.01"	"100000"	"10000"	"200"	"7339467467305259716"	35000	"slope"	-0.260702555
"0.75"	"0.6"	"0.05"	"0.01"	"0.005"	"0.01"	"100000"	"10000"	"200"	"7339467467305259716"	35000	"intercept"	0.362788305
"0.75"	"0.6"	"0.05"	"0.01"	"0.005"	"0.01"	"100000"	"10000"	"200"	"7339467467305259716"	40000	"slope"	-0.24885091
"0.75"	"0.6"	"0.05"	"0.01"	"0.005"	"0.01"	"100000"	"10000"	"200"	"7339467467305259716"	40000	"intercept"	0.365785705
"0.75"	"0.6"	"0.05"	"0.01"	"0.005"	"0.01"	"100000"	"10000"	"200"	"7339467467305259716"	45000	"slope"	-0.270905585
"0.75"	"0.6"	"0.05"	"0.01"	"0.005"	"0.01"	"100000"	"10000"	"200"	"7339467467305259716"	45000	"intercept"	0.37854908
"0.75"	"0.6"	"0.05"	"0.01"	"0.005"	"0.01"	"100000"	"10000"	"200"	"7339467467305259716"	50000	"slope"	-0.262747085
"0.75"	"0.6"	"0.05"	"0.01"	"0.005"	"0.01"	"100000"	"10000"	"200"	"7339467467305259716"	50000	"intercept"	0.368773465
"0.75"	"0.6"	"0.05"	"0.01"	"0.005"	"0.01"	"100000"	"10000"	"200"	"7339467467305259716"	55000	"slope"	-0.248791035
"0.75"	"0.6"	"0.05"	"0.01"	"0.005"	"0.01"	"100000"	"10000"	"200"	"7339467467305259716"	55000	"intercept"	0.365551735
"0.75"	"0.6"	"0.05"	"0.01"	"0.005"	"0.01"	"100000"	"10000"	"200"	"7339467467305259716"	60000	"slope"	-0.24370164
"0.75"	"0.6"	"0.05"	"0.01"	"0.005"	"0.01"	"100000"	"10000"	"200"	"7339467467305259716"	60000	"intercept"	0.360262505
"0.75"	"0.6"	"0.05"	"0.01"	"0.005"	"0.01"	"100000"	"10000"	"200"	"7339467467305259716"	65000	"slope"	-0.25625024
"0.75"	"0.6"	"0.05"	"0.01"	"0.005"	"0.01"	"100000"	"10000"	"200"	"7339467467305259716"	65000	"intercept"	0.37752241
"0.75"	"0.6"	"0.05"	"0.01"	"0.005"	"0.01"	"100000"	"10000"	"200"	"7339467467305259716"	70000	"slope"	-0.24429304
"0.75"	"0.6"	"0.05"	"0.01"	"0.005"	"0.01"	"100000"	"10000"	"200"	"7339467467305259716"	70000	"intercept"	0.361049435
"0.75"	"0.6"	"0.05"	"0.01"	"0.005"	"0.01"	"100000"	"10000"	"200"	"7339467467305259716"	75000	"slope"	-0.248514165
"0.75"	"0.6"	"0.05"	"0.01"	"0.005"	"0.01"	"100000"	"10000"	"200"	"7339467467305259716"	75000	"intercept"	0.36409123
"0.75"	"0.6"	"0.05"	"0.01"	"0.005"	"0.01"	"100000"	"10000"	"200"	"7339467467305259716"	80000	"slope"	-0.26276949
"0.75"	"0.6"	"0.05"	"0.01"	"0.005"	"0.01"	"100000"	"10000"	"200"	"7339467467305259716"	80000	"intercept"	0.377479245
"0.75"	"0.6"	"0.05"	"0.01"	"0.005"	"0.01"	"100000"	"10000"	"200"	"7339467467305259716"	85000	"slope"	-0.25507754
"0.75"	"0.6"	"0.05"	"0.01"	"0.005"	"0.01"	"100000"	"10000"	"200"	"7339467467305259716"	85000	"intercept"	0.357756265
"0.75"	"0.6"	"0.05"	"0.01"	"0.005"	"0.01"	"100000"	"10000"	"200"	"7339467467305259716"	90000	"slope"	-0.242570005
"0.75"	"0.6"	"0.05"	"0.01"	"0.005"	"0.01"	"100000"	"10000"	"200"	"7339467467305259716"	90000	"intercept"	0.353827765
"0.75"	"0.6"	"0.05"	"0.01"	"0.005"	"0.01"	"100000"	"10000"	"200"	"7339467467305259716"	95000	"slope"	-0.265242505
"0.75"	"0.6"	"0.05"	"0.01"	"0.005"	"0.01"	"100000"	"10000"	"200"	"7339467467305259716"	95000	"intercept"	0.373822675
"0.75"	"0.6"	"0.05"	"0.01"	"0.005"	"0.01"	"100000"	"10000"	"200"	"7339467467305259716"	100000	"slope"	-0.248476295
"0.75"	"0.6"	"0.05"	"0.01"	"0.005"	"0.01"	"100000"	"10000"	"200"	"7339467467305259716"	100000	"intercept"	0.366644885
"0.75"	"0.8"	"0.05"	"0.01"	"0.005"	"0.01"	"100000"	"10000"	"200"	"118311636044437892"	10	"slope"	-6.282135105e-05
"0.75"	"0.8"	"0.05"	"0.01"	"0.005"	"0.01"	"100000"	"10000"	"200"	"118311636044437892"	10	"intercept"	0.499990475
"0.75"	"0.8"	"0.05"	"0.01"	"0.005"	"0.01"	"100000"	"10000"	"200"	"118311636044437892"	5000	"slope"	-0.143777269
"0.75"	"0.8"	"0.05"	"0.01"	"0.005"	"0.01"	"100000"	"10000"	"200"	"118311636044437892"	5000	"intercept"	0.25639491
"0.75"	"0.8"	"0.05"	"0.01"	"0.005"	"0.01"	"100000"	"10000"	"200"	"118311636044437892"	10000	"slope"	-0.1878515385
"0.75"	"0.8"	"0.05"	"0.01"	"0.005"	"0.01"	"100000"	"10000"	"200"	"118311636044437892"	10000	"intercept"	0.279406505
"0.75"	"0.8"	"0.05"	"0.01"	"0.005"	"0.01"	"100000"	"10000"	"200"	"118311636044437892"	15000	"slope"	-0.2072981
"0.75"	"0.8"	"0.05"	"0.01"	"0.005"	"0.01"	"100000"	"10000"	"200"	"118311636044437892"	15000	"intercept"	0.295829635
"0.75"	"0.8"	"0.05"	"0.01"	"0.005"	"0.01"	"100000"	"10000"	"200"	"118311636044437892"	20000	"slope"	-0.234411755
"0.75"	"0.8"	"0.05"	"0.01"	"0.005"	"0.01"	"100000"	"10000"	"200"	"118311636044437892"	20000	"intercept"	0.312348835
"0.75"	"0.8"	"0.05"	"0.01"	"0.005"	"0.01"	"100000"	"10000"	"200"	"118311636044437892"	25000	"slope"	-0.24648339
"0.75"	"0.8"	"0.05"	"0.01"	"0.005"	"0.01"	"100000"	"10000"	"200"	"118311636044437892"	25000	"intercept"	0.32353244
"0.75"	"0.8"	"0.05"	"0.01"	"0.005"	"0.01"	"100000"	"10000"	"200"	"118311636044437892"	30000	"slope"	-0.249618465
"0.75"	"0.8"	"0.05"	"0.01"	"0.005"	"0.01"	"100000"	"10000"	"200"	"118311636044437892"	30000	"intercept"	0.324261015
"0.75"	"0.8"	"0.05"	"0.01"	"0.005"	"0.01"	"100000"	"10000"	"200"	"118311636044437892"	35000	"slope"	-0.246130735
"0.75"	"0.8"	"0.05"	"0.01"	"0.005"	"0.01"	"100000"	"10000"	"200"	"118311636044437892"	35000	"intercept"	0.32481234
"0.75"	"0.8"	"0.05"	"0.01"	"0.005"	"0.01"	"100000"	"10000"	"200"	"118311636044437892"	40000	"slope"	-0.261277055
"0.75"	"0.8"	"0.05"	"0.01"	"0.005"	"0.01"	"100000"	"10000"	"200"	"118311636044437892"	40000	"intercept"	0.331620075
"0.75"	"0.8"	"0.05"	"0.01"	"0.005"	"0.01"	"100000"	"10000"	"200"	"118311636044437892"	45000	"slope"	-0.24320256
"0.75"	"0.8"	"0.05"	"0.01"	"0.005"	"0.01"	"100000"	"10000"	"200"	"118311636044437892"	45000	"intercept"	0.3195557
"0.75"	"0.8"	"0.05"	"0.01"	"0.005"	"0.01"	"100000"	"10000"	"200"	"118311636044437892"	50000	"slope"	-0.265657645
"0.75"	"0.8"	"0.05"	"0.01"	"0.005"	"0.01"	"100000"	"10000"	"200"	"118311636044437892"	50000	"intercept"	0.337527065
"0.75"	"0.8"	"0.05"	"0.01"	"0.005"	"0.01"	"100000"	"10000"	"200"	"118311636044437892"	55000	"slope"	-0.243819055
"0.75"	"0.8"	"0.05"	"0.01"	"0.005"	"0.01"	"100000"	"10000"	"200"	"118311636044437892"	55000	"intercept"	0.32076151
"0.75"	"0.8"	"0.05"	"0.01"	"0.005"	"0.01"	"100000"	"10000"	"200"	"118311636044437892"	60000	"slope"	-0.2246885
"0.75"	"0.8"	"0.05"	"0.01"	"0.005"	"0.01"	"100000"	"10000"	"200"	"118311636044437892"	60000	"intercept"	0.312232995
"0.75"	"0.8"	"0.05"	"0.01"	"0.005"	"0.01"	"100000"	"10000"	"200"	"118311636044437892"	65000	"slope"	-0.22689715
"0.75"	"0.8"	"0.05"	"0.01"	"0.005"	"0.01"	"100000"	"10000"	"200"	"118311636044437892"	65000	"intercept"	0.30167641
"0.75"	"0.8"	"0.05"	"0.01"	"0.005"	"0.01"	"100000"	"10000"	"200"	"118311636044437892"	70000	"slope"	-0.24990564
"0.75"	"0.8"	"0.05"	"0.01"	"0.005"	"0.01"	"100000"	"10000"	"200"	"118311636044437892"	70000	"intercept"	0.32356775
"0.75"	"0.8"	"0.05"	"0.01"	"0.005"	"0.01"	"100000"	"10000"	"200"	"118311636044437892"	75000	"slope"	-0.24528257
"0.75"	"0.8"	"0.05"	"0.01"	"0.005"	"0.01"	"100000"	"10000"	"200"	"118311636044437892"	75000	"intercept"	0.31975157
"0.75"	"0.8"	"0.05"	"0.01"	"0.005"	"0.01"	"100000"	"10000"	"200"	"118311636044437892"	80000	"slope"	-0.24511955
"0.75"	"0.8"	"0.05"	"0.01"	"0.005"	"0.01"	"100000"	"10000"	"200"	"118311636044437892"	80000	"intercept"	0.321295415
"0.75"	"0.8"	"0.05"	"0.01"	"0.005"	"0.01"	"100000"	"10000"	"200"	"118311636044437892"	85000	"slope"	-0.248130025
"0.75"	"0.8"	"0.05"	"0.01"	"0.005"	"0.01"	"100000"	"10000"	"200"	"118311636044437892"	85000	"intercept"	0.323863405
"0.75"	"0.8"	"0.05"	"0.01"	"0.005"	"0.01"	"100000"	"10000"	"200"	"118311636044437892"	90000	"slope"	-0.28499894
"0.75"	"0.8"	"0.05"	"0.01"	"0.005"	"0.01"	"100000"	"10000"	"200"	"118311636044437892"	90000	"intercept"	0.34980017
"0.75"	"0.8"	"0.05"	"0.01"	"0.005"	"0.01"	"100000"	"10000"	"200"	"118311636044437892"	95000	"slope"	-0.262812285
"0.75"	"0.8"	"0.05"	"0.01"	"0.005"	"0.01"	"100000"	"10000"	"200"	"118311636044437892"	95000	"intercept"	0.336122295
"0.75"	"0.8"	"0.05"	"0.01"	"0.005"	"0.01"	"100000"	"10000"	"200"	"118311636044437892"	100000	"slope"	-0.258024425
"0.75"	"0.8"	"0.05"	"0.01"	"0.005"	"0.01"	"100000"	"10000"	"200"	"118311636044437892"	100000	"intercept"	0.33267217
"0.75"	"0.8"	"0.05"	"0.01"	"0.005"	"0.01"	"100000"	"10000"	"200"	"129236033809858778"	10	"slope"	7.5895745e-05
"0.75"	"0.8"	"0.05"	"0.01"	"0.005"	"0.01"	"100000"	"10000"	"200"	"129236033809858778"	10	"intercept"	0.500173655
"0.75"	"0.8"	"0.05"	"0.01"	"0.005"	"0.01"	"100000"	"10000"	"200"	"129236033809858778"	5000	"slope"	-0.1599981165
"0.75"	"0.8"	"0.05"	"0.01"	"0.005"	"0.01"	"100000"	"10000"	"200"	"129236033809858778"	5000	"intercept"	0.25922911
"0.75"	"0.8"	"0.05"	"0.01"	"0.005"	"0.01"	"100000"	"10000"	"200"	"129236033809858778"	10000	"slope"	-0.20169132
"0.75"	"0.8"	"0.05"	"0.01"	"0.005"	"0.01"	"100000"	"10000"	"200"	"129236033809858778"	10000	"intercept"	0.28783638
"0.75"	"0.8"	"0.05"	"0.01"	"0.005"	"0.01"	"100000"	"10000"	"200"	"129236033809858778"	15000	"slope"	-0.21941616
"0.75"	"0.8"	"0.05"	"0.01"	"0.005"	"0.01"	"100000"	"10000"	"200"	"129236033809858778"	15000	"intercept"	0.303512605
"0.75"	"0.8"	"0.05"	"0.01"	"0.005"	"0.01"	"100000"	"10000"	"200"	"129236033809858778"	20000	"slope"	-0.25642556
"0.75"	"0.8"	"0.05"	"0.01"	"0.005"	"0.01"	"100000"	"10000"	"200"	"129236033809858778"	20000	"intercept"	0.33248352
"0.75"	"0.8"	"0.05"	"0.01"	"0.005"	"0.01"	"100000"	"10000"	"200"	"129236033809858778"	25000	"slope"	-0.247208285
"0.75"	"0.8"	"0.05"	"0.01"	"0.005"	"0.01"	"100000"	"10000"	"200"	"129236033809858778"	25000	"intercept"	0.32270726
"0.75"	"0.8"	"0.05"	"0.01"	"0.005"	"0.01"	"100000"	"10000"	"200"	"129236033809858778"	30000	"slope"	-0.242802955
"0.75"	"0.8"	"0.05"	"0.01"	"0.005"	"0.01"	"100000"	"10000"	"200"	"129236033809858778"	30000	"intercept"	0.32227088
"0.75"	"0.8"	"0.05"	"0.01"	"0.005"	"0.01"	"100000"	"10000"	"200"	"129236033809858778"	35000	"slope"	-0.24791623
"0.75"	"0.8"	"0.05"	"0.01"	"0.005"	"0.01"	"100000"	"10000"	"200"	"129236033809858778"	35000	"intercept"	0.326745385
"0.75"	"0.8"	"0.05"	"0.01"	"0.005"	"0.01"	"100000"	"10000"	"200"	"129236033809858778"	40000	"slope"	-0.2393658
"0.75"	"0.8"	"0.05"	"0.01"	"0.005"	"0.01"	"100000"	"10000"	"200"	"129236033809858778"	40000	"intercept"	0.31813508
"0.75"	"0.8"	"0.05"	"0.01"	"0.005"	"0.01"	"100000"	"10000"	"200"	"129236033809858778"	45000	"slope"	-0.2464323
"0.75"	"0.8"	"0.05"	"0.01"	"0.005"	"0.01"	"100000"	"10000"	"200"	"129236033809858778"	45000	"intercept"	0.317431915
"0.75"	"0.8"	"0.05"	"0.01"	"0.005"	"0.01"	"100000"	"10000"	"200"	"129236033809858778"	50000	"slope"	-0.25006838
"0.75"	"0.8"	"0.05"	"0.01"	"0.005"	"0.01"	"100000"	"10000"	"200"	"129236033809858778"	50000	"intercept"	0.32484105
"0.75"	"0.8"	"0.05"	"0.01"	"0.005"	"0.01"	"100000"	"10000"	"200"	"129236033809858778"	55000	"slope"	-0.26126653
"0.75"	"0.8"	"0.05"	"0.01"	"0.005"	"0.01"	"100000"	"10000"	"200"	"129236033809858778"	55000	"intercept"	0.33962619
"0.75"	"0.8"	"0.05"	"0.01"	"0.005"	"0.01"	"100000"	"10000"	"200"	"129236033809858778"	60000	"slope"	-0.23346377
"0.75"	"0.8"	"0.05"	"0.01"	"0.005"	"0.01"	"100000"	"10000"	"200"	"129236033809858778"	60000	"intercept"	0.316245805
"0.75"	"0.8"	"0.05"	"0.01"	"0.005"	"0.01"	"100000"	"10000"	"200"	"129236033809858778"	65000	"slope"	-0.253367525
"0.75"	"0.8"	"0.05"	"0.01"	"0.005"	"0.01"	"100000"	"10000"	"200"	"129236033809858778"	65000	"intercept"	0.32410999
"0.75"	"0.8"	"0.05"	"0.01"	"0.005"	"0.01"	"100000"	"10000"	"200"	"129236033809858778"	70000	"slope"	-0.25572757
"0.75"	"0.8"	"0.05"	"0.01"	"0.005"	"0.01"	"100000"	"10000"	"200"	"129236033809858778"	70000	"intercept"	0.327622265
"0.75"	"0.8"	"0.05"	"0.01"	"0.005"	"0.01"	"100000"	"10000"	"200"	"129236033809858778"	75000	"slope"	-0.25798294
"0.75"	"0.8"	"0.05"	"0.01"	"0.005"	"0.01"	"100000"	"10000"	"200"	"129236033809858778"	75000	"intercept"	0.332787
"0.75"	"0.8"	"0.05"	"0.01"	"0.005"	"0.01"	"100000"	"10000"	"200"	"129236033809858778"	80000	"slope"	-0.255696705
"0.75"	"0.8"	"0.05"	"0.01"	"0.005"	"0.01"	"100000"	"10000"	"200"	"129236033809858778"	80000	"intercept"	0.326920505
"0.75"	"0.8"	"0.05"	"0.01"	"0.005"	"0.01"	"100000"	"10000"	"200"	"129236033809858778"	85000	"slope"	-0.23265052
"0.75"	"0.8"	"0.05"	"0.01"	"0.005"	"0.01"	"100000"	"10000"	"200"	"129236033809858778"	85000	"intercept"	0.318546785
"0.75"	"0.8"	"0.05"	"0.01"	"0.005"	"0.01"	"100000"	"10000"	"200"	"129236033809858778"	90000	"slope"	-0.2390119
"0.75"	"0.8"	"0.05"	"0.01"	"0.005"	"0.01"	"100000"	"10000"	"200"	"129236033809858778"	90000	"intercept"	0.31403945
"0.75"	"0.8"	"0.05"	"0.01"	"0.005"	"0.01"	"100000"	"10000"	"200"	"129236033809858778"	95000	"slope"	-0.25100232
"0.75"	"0.8"	"0.05"	"0.01"	"0.005"	"0.01"	"100000"	"10000"	"200"	"129236033809858778"	95000	"intercept"	0.328596845
"0.75"	"0.8"	"0.05"	"0.01"	"0.005"	"0.01"	"100000"	"10000"	"200"	"129236033809858778"	100000	"slope"	-0.252048205
"0.75"	"0.8"	"0.05"	"0.01"	"0.005"	"0.01"	"100000"	"10000"	"200"	"129236033809858778"	100000	"intercept"	0.32808946
"0.75"	"0.8"	"0.05"	"0.01"	"0.005"	"0.01"	"100000"	"10000"	"200"	"522106541383078322"	10	"slope"	-1.37025585e-05
"0.75"	"0.8"	"0.05"	"0.01"	"0.005"	"0.01"	"100000"	"10000"	"200"	"522106541383078322"	10	"intercept"	0.500121825
"0.75"	"0.8"	"0.05"	"0.01"	"0.005"	"0.01"	"100000"	"10000"	"200"	"522106541383078322"	5000	"slope"	-0.1408144655
"0.75"	"0.8"	"0.05"	"0.01"	"0.005"	"0.01"	"100000"	"10000"	"200"	"522106541383078322"	5000	"intercept"	0.24672624
"0.75"	"0.8"	"0.05"	"0.01"	"0.005"	"0.01"	"100000"	"10000"	"200"	"522106541383078322"	10000	"slope"	-0.1742890275
"0.75"	"0.8"	"0.05"	"0.01"	"0.005"	"0.01"	"100000"	"10000"	"200"	"522106541383078322"	10000	"intercept"	0.27278061
"0.75"	"0.8"	"0.05"	"0.01"	"0.005"	"0.01"	"100000"	"10000"	"200"	"522106541383078322"	15000	"slope"	-0.20596268
"0.75"	"0.8"	"0.05"	"0.01"	"0.005"	"0.01"	"100000"	"10000"	"200"	"522106541383078322"	15000	"intercept"	0.28932345
"0.75"	"0.8"	"0.05"	"0.01"	"0.005"	"0.01"	"100000"	"10000"	"200"	"522106541383078322"	20000	"slope"	-0.221632525
"0.75"	"0.8"	"0.05"	"0.01"	"0.005"	"0.01"	"100000"	"10000"	"200"	"522106541383078322"	20000	"intercept"	0.29899816
"0.75"	"0.8"	"0.05"	"0.01"	"0.005"	"0.01"	"100000"	"10000"	"200"	"522106541383078322"	25000	"slope"	-0.229019205
"0.75"	"0.8"	"0.05"	"0.01"	"0.005"	"0.01"	"100000"	"10000"	"200"	"522106541383078322"	25000	"intercept"	0.314704475
"0.75"	"0.8"	"0.05"	"0.01"	"0.005"	"0.01"	"100000"	"10000"	"200"	"522106541383078322"	30000	"slope"	-0.26359576
"0.75"	"0.8"	"0.05"	"0.01"	"0.005"	"0.01"	"100000"	"10000"	"200"	"522106541383078322"	30000	"intercept"	0.34000801
"0.75"	"0.8"	"0.05"	"0.01"	"0.005"	"0.01"	"100000"	"10000"	"200"	"522106541383078322"	35000	"slope"	-0.280739905
"0.75"	"0.8"	"0.05"	"0.01"	"0.005"	"0.01"	"100000"	"10000"	"200"	"522106541383078322"	35000	"intercept"	0.347140605
"0.75"	"0.8"	"0.05"	"0.01"	"0.005"	"0.01"	"100000"	"10000"	"200"	"522106541383078322"	40000	"slope"	-0.25377345
"0.75"	"0.8"	"0.05"	"0.01"	"0.005"	"0.01"	"100000"	"10000"	"200"	"522106541383078322"	40000	"intercept"	0.32385647
"0.75"	"0.8"	"0.05"	"0.01"	"0.005"	"0.01"	"100000"	"10000"	"200"	"522106541383078322"	45000	"slope"	-0.259766915
"0.75"	"0.8"	"0.05"	"0.01"	"0.005"	"0.01"	"100000"	"10000"	"200"	"522106541383078322"	45000	"intercept"	0.33424063
"0.75"	"0.8"	"0.05"	"0.01"	"0.005"	"0.01"	"100000"	"10000"	"200"	"522106541383078322"	50000	"slope"	-0.26650243
"0.75"	"0.8"	"0.05"	"0.01"	"0.005"	"0.01"	"100000"	"10000"	"200"	"522106541383078322"	50000	"intercept"	0.330953945
"0.75"	"0.8"	"0.05"	"0.01"	"0.005"	"0.01"	"100000"	"10000"	"200"	"522106541383078322"	55000	"slope"	-0.253357895
"0.75"	"0.8"	"0.05"	"0.01"	"0.005"	"0.01"	"100000"	"10000"	"200"	"522106541383078322"	55000	"intercept"	0.32662184
"0.75"	"0.8"	"0.05"	"0.01"	"0.005"	"0.01"	"100000"	"10000"	"200"	"522106541383078322"	60000	"slope"	-0.24894763
"0.75"	"0.8"	"0.05"	"0.01"	"0.005"	"0.01"	"100000"	"10000"	"200"	"522106541383078322"	60000	"intercept"	0.324420515
"0.75"	"0.8"	"0.05"	"0.01"	"0.005"	"0.01"	"100000"	"10000"	"200"	"522106541383078322"	65000	"slope"	-0.258535705
"0.75"	"0.8"	"0.05"	"0.01"	"0.005"	"0.01"	"100000"	"10000"	"200"	"522106541383078322"	65000	"intercept"	0.332707525
"0.75"	"0.8"	"0.05"	"0.01"	"0.005"	"0.01"	"100000"	"10000"	"200"	"522106541383078322"	70000	"slope"	-0.245072
"0.75"	"0.8"	"0.05"	"0.01"	"0.005"	"0.01"	"100000"	"10000"	"200"	"522106541383078322"	70000	"intercept"	0.316184665
"0.75"	"0.8"	"0.05"	"0.01"	"0.005"	"0.01"	"100000"	"10000"	"200"	"522106541383078322"	75000	"slope"	-0.24403939
"0.75"	"0.8"	"0.05"	"0.01"	"0.005"	"0.01"	"100000"	"10000"	"200"	"522106541383078322"	75000	"intercept"	0.32134076
"0.75"	"0.8"	"0.05"	"0.01"	"0.005"	"0.01"	"100000"	"10000"	"200"	"522106541383078322"	80000	"slope"	-0.24332058
"0.75"	"0.8"	"0.05"	"0.01"	"0.005"	"0.01"	"100000"	"10000"	"200"	"522106541383078322"	80000	"intercept"	0.316207285
"0.75"	"0.8"	"0.05"	"0.01"	"0.005"	"0.01"	"100000"	"10000"	"200"	"522106541383078322"	85000	"slope"	-0.254832805
"0.75"	"0.8"	"0.05"	"0.01"	"0.005"	"0.01"	"100000"	"10000"	"200"	"522106541383078322"	85000	"intercept"	0.3243404
"0.75"	"0.8"	"0.05"	"0.01"	"0.005"	"0.01"	"100000"	"10000"	"200"	"522106541383078322"	90000	"slope"	-0.25282358
"0.75"	"0.8"	"0.05"	"0.01"	"0.005"	"0.01"	"100000"	"10000"	"200"	"522106541383078322"	90000	"intercept"	0.326031055
"0.75"	"0.8"	"0.05"	"0.01"	"0.005"	"0.01"	"100000"	"10000"	"200"	"522106541383078322"	95000	"slope"	-0.25782637
"0.75"	"0.8"	"0.05"	"0.01"	"0.005"	"0.01"	"100000"	"10000"	"200"	"522106541383078322"	95000	"intercept"	0.335921485
"0.75"	"0.8"	"0.05"	"0.01"	"0.005"	"0.01"	"100000"	"10000"	"200"	"522106541383078322"	100000	"slope"	-0.245698315
"0.75"	"0.8"	"0.05"	"0.01"	"0.005"	"0.01"	"100000"	"10000"	"200"	"522106541383078322"	100000	"intercept"	0.316321795
"0.85"	"0.0"	"0.05"	"0.01"	"0.005"	"0.01"	"100000"	"10000"	"200"	"1542616009842321851"	10	"slope"	-4.63997500000001e-06
"0.85"	"0.0"	"0.05"	"0.01"	"0.005"	"0.01"	"100000"	"10000"	"200"	"1542616009842321851"	10	"intercept"	0.49983231
"0.85"	"0.0"	"0.05"	"0.01"	"0.005"	"0.01"	"100000"	"10000"	"200"	"1542616009842321851"	5000	"slope"	-0.0213881891
"0.85"	"0.0"	"0.05"	"0.01"	"0.005"	"0.01"	"100000"	"10000"	"200"	"1542616009842321851"	5000	"intercept"	0.478867065
"0.85"	"0.0"	"0.05"	"0.01"	"0.005"	"0.01"	"100000"	"10000"	"200"	"1542616009842321851"	10000	"slope"	-0.0632444965
"0.85"	"0.0"	"0.05"	"0.01"	"0.005"	"0.01"	"100000"	"10000"	"200"	"1542616009842321851"	10000	"intercept"	0.501070645
"0.85"	"0.0"	"0.05"	"0.01"	"0.005"	"0.01"	"100000"	"10000"	"200"	"1542616009842321851"	15000	"slope"	-0.07863275745
"0.85"	"0.0"	"0.05"	"0.01"	"0.005"	"0.01"	"100000"	"10000"	"200"	"1542616009842321851"	15000	"intercept"	0.506626915
"0.85"	"0.0"	"0.05"	"0.01"	"0.005"	"0.01"	"100000"	"10000"	"200"	"1542616009842321851"	20000	"slope"	-0.1220776025
"0.85"	"0.0"	"0.05"	"0.01"	"0.005"	"0.01"	"100000"	"10000"	"200"	"1542616009842321851"	20000	"intercept"	0.51656545
"0.85"	"0.0"	"0.05"	"0.01"	"0.005"	"0.01"	"100000"	"10000"	"200"	"1542616009842321851"	25000	"slope"	-0.1078375349
"0.85"	"0.0"	"0.05"	"0.01"	"0.005"	"0.01"	"100000"	"10000"	"200"	"1542616009842321851"	25000	"intercept"	0.513051685
"0.85"	"0.0"	"0.05"	"0.01"	"0.005"	"0.01"	"100000"	"10000"	"200"	"1542616009842321851"	30000	"slope"	-0.1009040342
"0.85"	"0.0"	"0.05"	"0.01"	"0.005"	"0.01"	"100000"	"10000"	"200"	"1542616009842321851"	30000	"intercept"	0.515752265
"0.85"	"0.0"	"0.05"	"0.01"	"0.005"	"0.01"	"100000"	"10000"	"200"	"1542616009842321851"	35000	"slope"	-0.0929197734
"0.85"	"0.0"	"0.05"	"0.01"	"0.005"	"0.01"	"100000"	"10000"	"200"	"1542616009842321851"	35000	"intercept"	0.5080622
"0.85"	"0.0"	"0.05"	"0.01"	"0.005"	"0.01"	"100000"	"10000"	"200"	"1542616009842321851"	40000	"slope"	-0.123860792
"0.85"	"0.0"	"0.05"	"0.01"	"0.005"	"0.01"	"100000"	"10000"	"200"	"1542616009842321851"	40000	"intercept"	0.518780975
"0.85"	"0.0"	"0.05"	"0.01"	"0.005"	"0.01"	"100000"	"10000"	"200"	"1542616009842321851"	45000	"slope"	-0.1046677345
"0.85"	"0.0"	"0.05"	"0.01"	"0.005"	"0.01"	"100000"	"10000"	"200"	"1542616009842321851"	45000	"intercept"	0.51906583
"0.85"	"0.0"	"0.05"	"0.01"	"0.005"	"0.01"	"100000"	"10000"	"200"	"1542616009842321851"	50000	"slope"	-0.09409675345
"0.85"	"0.0"	"0.05"	"0.01"	"0.005"	"0.01"	"100000"	"10000"	"200"	"1542616009842321851"	50000	"intercept"	0.507412885
"0.85"	"0.0"	"0.05"	"0.01"	"0.005"	"0.01"	"100000"	"10000"	"200"	"1542616009842321851"	55000	"slope"	-0.11319793245
"0.85"	"0.0"	"0.05"	"0.01"	"0.005"	"0.01"	"100000"	"10000"	"200"	"1542616009842321851"	55000	"intercept"	0.51162495
"0.85"	"0.0"	"0.05"	"0.01"	"0.005"	"0.01"	"100000"	"10000"	"200"	"1542616009842321851"	60000	"slope"	-0.0849240789
"0.85"	"0.0"	"0.05"	"0.01"	"0.005"	"0.01"	"100000"	"10000"	"200"	"1542616009842321851"	60000	"intercept"	0.498113015
"0.85"	"0.0"	"0.05"	"0.01"	"0.005"	"0.01"	"100000"	"10000"	"200"	"1542616009842321851"	65000	"slope"	-0.1052163475
"0.85"	"0.0"	"0.05"	"0.01"	"0.005"	"0.01"	"100000"	"10000"	"200"	"1542616009842321851"	65000	"intercept"	0.51842688
"0.85"	"0.0"	"0.05"	"0.01"	"0.005"	"0.01"	"100000"	"10000"	"200"	"1542616009842321851"	70000	"slope"	-0.109958946
"0.85"	"0.0"	"0.05"	"0.01"	"0.005"	"0.01"	"100000"	"10000"	"200"	"1542616009842321851"	70000	"intercept"	0.520055905
"0.85"	"0.0"	"0.05"	"0.01"	"0.005"	"0.01"	"100000"	"10000"	"200"	"1542616009842321851"	75000	"slope"	-0.13016399
"0.85"	"0.0"	"0.05"	"0.01"	"0.005"	"0.01"	"100000"	"10000"	"200"	"1542616009842321851"	75000	"intercept"	0.52285699
"0.85"	"0.0"	"0.05"	"0.01"	"0.005"	"0.01"	"100000"	"10000"	"200"	"1542616009842321851"	80000	"slope"	-0.1205517025
"0.85"	"0.0"	"0.05"	"0.01"	"0.005"	"0.01"	"100000"	"10000"	"200"	"1542616009842321851"	80000	"intercept"	0.518016915
"0.85"	"0.0"	"0.05"	"0.01"	"0.005"	"0.01"	"100000"	"10000"	"200"	"1542616009842321851"	85000	"slope"	-0.154067758
"0.85"	"0.0"	"0.05"	"0.01"	"0.005"	"0.01"	"100000"	"10000"	"200"	"1542616009842321851"	85000	"intercept"	0.537885615
"0.85"	"0.0"	"0.05"	"0.01"	"0.005"	"0.01"	"100000"	"10000"	"200"	"1542616009842321851"	90000	"slope"	-0.1369853785
"0.85"	"0.0"	"0.05"	"0.01"	"0.005"	"0.01"	"100000"	"10000"	"200"	"1542616009842321851"	90000	"intercept"	0.518611305
"0.85"	"0.0"	"0.05"	"0.01"	"0.005"	"0.01"	"100000"	"10000"	"200"	"1542616009842321851"	95000	"slope"	-0.1128047303
"0.85"	"0.0"	"0.05"	"0.01"	"0.005"	"0.01"	"100000"	"10000"	"200"	"1542616009842321851"	95000	"intercept"	0.5121275
"0.85"	"0.0"	"0.05"	"0.01"	"0.005"	"0.01"	"100000"	"10000"	"200"	"1542616009842321851"	100000	"slope"	-0.105297633
"0.85"	"0.0"	"0.05"	"0.01"	"0.005"	"0.01"	"100000"	"10000"	"200"	"1542616009842321851"	100000	"intercept"	0.50604513
"0.85"	"0.0"	"0.05"	"0.01"	"0.005"	"0.01"	"100000"	"10000"	"200"	"3203747105178637000"	10	"slope"	0.0001616594645
"0.85"	"0.0"	"0.05"	"0.01"	"0.005"	"0.01"	"100000"	"10000"	"200"	"3203747105178637000"	10	"intercept"	0.50007961
"0.85"	"0.0"	"0.05"	"0.01"	"0.005"	"0.01"	"100000"	"10000"	"200"	"3203747105178637000"	5000	"slope"	-0.02530419902
"0.85"	"0.0"	"0.05"	"0.01"	"0.005"	"0.01"	"100000"	"10000"	"200"	"3203747105178637000"	5000	"intercept"	0.48766111
"0.85"	"0.0"	"0.05"	"0.01"	"0.005"	"0.01"	"100000"	"10000"	"200"	"3203747105178637000"	10000	"slope"	-0.1017673121
"0.85"	"0.0"	"0.05"	"0.01"	"0.005"	"0.01"	"100000"	"10000"	"200"	"3203747105178637000"	10000	"intercept"	0.515900075
"0.85"	"0.0"	"0.05"	"0.01"	"0.005"	"0.01"	"100000"	"10000"	"200"	"3203747105178637000"	15000	"slope"	-0.1249416525
"0.85"	"0.0"	"0.05"	"0.01"	"0.005"	"0.01"	"100000"	"10000"	"200"	"3203747105178637000"	15000	"intercept"	0.51695961
"0.85"	"0.0"	"0.05"	"0.01"	"0.005"	"0.01"	"100000"	"10000"	"200"	"3203747105178637000"	20000	"slope"	-0.11820292725
"0.85"	"0.0"	"0.05"	"0.01"	"0.005"	"0.01"	"100000"	"10000"	"200"	"3203747105178637000"	20000	"intercept"	0.515246455
"0.85"	"0.0"	"0.05"	"0.01"	"0.005"	"0.01"	"100000"	"10000"	"200"	"3203747105178637000"	25000	"slope"	-0.11014530095
"0.85"	"0.0"	"0.05"	"0.01"	"0.005"	"0.01"	"100000"	"10000"	"200"	"3203747105178637000"	25000	"intercept"	0.51597214
"0.85"	"0.0"	"0.05"	"0.01"	"0.005"	"0.01"	"100000"	"10000"	"200"	"3203747105178637000"	30000	"slope"	-0.088580320025
"0.85"	"0.0"	"0.05"	"0.01"	"0.005"	"0.01"	"100000"	"10000"	"200"	"3203747105178637000"	30000	"intercept"	0.506046985
"0.85"	"0.0"	"0.05"	"0.01"	"0.005"	"0.01"	"100000"	"10000"	"200"	"3203747105178637000"	35000	"slope"	-0.1026478845
"0.85"	"0.0"	"0.05"	"0.01"	"0.005"	"0.01"	"100000"	"10000"	"200"	"3203747105178637000"	35000	"intercept"	0.51649876
"0.85"	"0.0"	"0.05"	"0.01"	"0.005"	"0.01"	"100000"	"10000"	"200"	"3203747105178637000"	40000	"slope"	-0.09746854595
"0.85"	"0.0"	"0.05"	"0.01"	"0.005"	"0.01"	"100000"	"10000"	"200"	"3203747105178637000"	40000	"intercept"	0.507463545
"0.85"	"0.0"	"0.05"	"0.01"	"0.005"	"0.01"	"100000"	"10000"	"200"	"3203747105178637000"	45000	"slope"	-0.09717408898
"0.85"	"0.0"	"0.05"	"0.01"	"0.005"	"0.01"	"100000"	"10000"	"200"	"3203747105178637000"	45000	"intercept"	0.504701115
"0.85"	"0.0"	"0.05"	"0.01"	"0.005"	"0.01"	"100000"	"10000"	"200"	"3203747105178637000"	50000	"slope"	-0.0790554584
"0.85"	"0.0"	"0.05"	"0.01"	"0.005"	"0.01"	"100000"	"10000"	"200"	"3203747105178637000"	50000	"intercept"	0.50170837
"0.85"	"0.0"	"0.05"	"0.01"	"0.005"	"0.01"	"100000"	"10000"	"200"	"3203747105178637000"	55000	"slope"	-0.0835714076
"0.85"	"0.0"	"0.05"	"0.01"	"0.005"	"0.01"	"100000"	"10000"	"200"	"3203747105178637000"	55000	"intercept"	0.5051079
"0.85"	"0.0"	"0.05"	"0.01"	"0.005"	"0.01"	"100000"	"10000"	"200"	"3203747105178637000"	60000	"slope"	-0.087743864553
"0.85"	"0.0"	"0.05"	"0.01"	"0.005"	"0.01"	"100000"	"10000"	"200"	"3203747105178637000"	60000	"intercept"	0.503548335
"0.85"	"0.0"	"0.05"	"0.01"	"0.005"	"0.01"	"100000"	"10000"	"200"	"3203747105178637000"	65000	"slope"	-0.0992900041
"0.85"	"0.0"	"0.05"	"0.01"	"0.005"	"0.01"	"100000"	"10000"	"200"	"3203747105178637000"	65000	"intercept"	0.511117085
"0.85"	"0.0"	"0.05"	"0.01"	"0.005"	"0.01"	"100000"	"10000"	"200"	"3203747105178637000"	70000	"slope"	-0.1132213493
"0.85"	"0.0"	"0.05"	"0.01"	"0.005"	"0.01"	"100000"	"10000"	"200"	"3203747105178637000"	70000	"intercept"	0.51769268
"0.85"	"0.0"	"0.05"	"0.01"	"0.005"	"0.01"	"100000"	"10000"	"200"	"3203747105178637000"	75000	"slope"	-0.12328260235
"0.85"	"0.0"	"0.05"	"0.01"	"0.005"	"0.01"	"100000"	"10000"	"200"	"3203747105178637000"	75000	"intercept"	0.51486197
"0.85"	"0.0"	"0.05"	"0.01"	"0.005"	"0.01"	"100000"	"10000"	"200"	"3203747105178637000"	80000	"slope"	-0.11038469428
"0.85"	"0.0"	"0.05"	"0.01"	"0.005"	"0.01"	"100000"	"10000"	"200"	"3203747105178637000"	80000	"intercept"	0.509328255
"0.85"	"0.0"	"0.05"	"0.01"	"0.005"	"0.01"	"100000"	"10000"	"200"	"3203747105178637000"	85000	"slope"	-0.127074305
"0.85"	"0.0"	"0.05"	"0.01"	"0.005"	"0.01"	"100000"	"10000"	"200"	"3203747105178637000"	85000	"intercept"	0.52070327
"0.85"	"0.0"	"0.05"	"0.01"	"0.005"	"0.01"	"100000"	"10000"	"200"	"3203747105178637000"	90000	"slope"	-0.106176658678
"0.85"	"0.0"	"0.05"	"0.01"	"0.005"	"0.01"	"100000"	"10000"	"200"	"3203747105178637000"	90000	"intercept"	0.508844265
"0.85"	"0.0"	"0.05"	"0.01"	"0.005"	"0.01"	"100000"	"10000"	"200"	"3203747105178637000"	95000	"slope"	-0.11132541
"0.85"	"0.0"	"0.05"	"0.01"	"0.005"	"0.01"	"100000"	"10000"	"200"	"3203747105178637000"	95000	"intercept"	0.51487901
"0.85"	"0.0"	"0.05"	"0.01"	"0.005"	"0.01"	"100000"	"10000"	"200"	"3203747105178637000"	100000	"slope"	-0.106774896
"0.85"	"0.0"	"0.05"	"0.01"	"0.005"	"0.01"	"100000"	"10000"	"200"	"3203747105178637000"	100000	"intercept"	0.508418955
"0.85"	"0.0"	"0.05"	"0.01"	"0.005"	"0.01"	"100000"	"10000"	"200"	"4181274054844858954"	10	"slope"	2.1028554e-05
"0.85"	"0.0"	"0.05"	"0.01"	"0.005"	"0.01"	"100000"	"10000"	"200"	"4181274054844858954"	10	"intercept"	0.50002388
"0.85"	"0.0"	"0.05"	"0.01"	"0.005"	"0.01"	"100000"	"10000"	"200"	"4181274054844858954"	5000	"slope"	-0.04698692659
"0.85"	"0.0"	"0.05"	"0.01"	"0.005"	"0.01"	"100000"	"10000"	"200"	"4181274054844858954"	5000	"intercept"	0.492531235
"0.85"	"0.0"	"0.05"	"0.01"	"0.005"	"0.01"	"100000"	"10000"	"200"	"4181274054844858954"	10000	"slope"	-0.06957162085
"0.85"	"0.0"	"0.05"	"0.01"	"0.005"	"0.01"	"100000"	"10000"	"200"	"4181274054844858954"	10000	"intercept"	0.49654269
"0.85"	"0.0"	"0.05"	"0.01"	"0.005"	"0.01"	"100000"	"10000"	"200"	"4181274054844858954"	15000	"slope"	-0.08414487755
"0.85"	"0.0"	"0.05"	"0.01"	"0.005"	"0.01"	"100000"	"10000"	"200"	"4181274054844858954"	15000	"intercept"	0.502816035
"0.85"	"0.0"	"0.05"	"0.01"	"0.005"	"0.01"	"100000"	"10000"	"200"	"4181274054844858954"	20000	"slope"	-0.090729758245
"0.85"	"0.0"	"0.05"	"0.01"	"0.005"	"0.01"	"100000"	"10000"	"200"	"4181274054844858954"	20000	"intercept"	0.508308445
"0.85"	"0.0"	"0.05"	"0.01"	"0.005"	"0.01"	"100000"	"10000"	"200"	"4181274054844858954"	25000	"slope"	-0.1081609235
"0.85"	"0.0"	"0.05"	"0.01"	"0.005"	"0.01"	"100000"	"10000"	"200"	"4181274054844858954"	25000	"intercept"	0.518305465
"0.85"	"0.0"	"0.05"	"0.01"	"0.005"	"0.01"	"100000"	"10000"	"200"	"4181274054844858954"	30000	"slope"	-0.0961089236
"0.85"	"0.0"	"0.05"	"0.01"	"0.005"	"0.01"	"100000"	"10000"	"200"	"4181274054844858954"	30000	"intercept"	0.512586045
"0.85"	"0.0"	"0.05"	"0.01"	"0.005"	"0.01"	"100000"	"10000"	"200"	"4181274054844858954"	35000	"slope"	-0.0863001847
"0.85"	"0.0"	"0.05"	"0.01"	"0.005"	"0.01"	"100000"	"10000"	"200"	"4181274054844858954"	35000	"intercept"	0.51192506
"0.85"	"0.0"	"0.05"	"0.01"	"0.005"	"0.01"	"100000"	"10000"	"200"	"4181274054844858954"	40000	"slope"	-0.0750097999
"0.85"	"0.0"	"0.05"	"0.01"	"0.005"	"0.01"	"100000"	"10000"	"200"	"4181274054844858954"	40000	"intercept"	0.50709882
"0.85"	"0.0"	"0.05"	"0.01"	"0.005"	"0.01"	"100000"	"10000"	"200"	"4181274054844858954"	45000	"slope"	-0.10572238753
"0.85"	"0.0"	"0.05"	"0.01"	"0.005"	"0.01"	"100000"	"10000"	"200"	"4181274054844858954"	45000	"intercept"	0.519007665
"0.85"	"0.0"	"0.05"	"0.01"	"0.005"	"0.01"	"100000"	"10000"	"200"	"4181274054844858954"	50000	"slope"	-0.1107465235
"0.85"	"0.0"	"0.05"	"0.01"	"0.005"	"0.01"	"100000"	"10000"	"200"	"4181274054844858954"	50000	"intercept"	0.516955125
"0.85"	"0.0"	"0.05"	"0.01"	"0.005"	"0.01"	"100000"	"10000"	"200"	"4181274054844858954"	55000	"slope"	-0.09364940505
"0.85"	"0.0"	"0.05"	"0.01"	"0.005"	"0.01"	"100000"	"10000"	"200"	"4181274054844858954"	55000	"intercept"	0.506117615
"0.85"	"0.0"	"0.05"	"0.01"	"0.005"	"0.01"	"100000"	"10000"	"200"	"4181274054844858954"	60000	"slope"	-0.09540047721
"0.85"	"0.0"	"0.05"	"0.01"	"0.005"	"0.01"	"100000"	"10000"	"200"	"4181274054844858954"	60000	"intercept"	0.509135895
"0.85"	"0.0"	"0.05"	"0.01"	"0.005"	"0.01"	"100000"	"10000"	"200"	"4181274054844858954"	65000	"slope"	-0.128290449
"0.85"	"0.0"	"0.05"	"0.01"	"0.005"	"0.01"	"100000"	"10000"	"200"	"4181274054844858954"	65000	"intercept"	0.52165584
"0.85"	"0.0"	"0.05"	"0.01"	"0.005"	"0.01"	"100000"	"10000"	"200"	"4181274054844858954"	70000	"slope"	-0.118151226
"0.85"	"0.0"	"0.05"	"0.01"	"0.005"	"0.01"	"100000"	"10000"	"200"	"4181274054844858954"	70000	"intercept"	0.520383515
"0.85"	"0.0"	"0.05"	"0.01"	"0.005"	"0.01"	"100000"	"10000"	"200"	"4181274054844858954"	75000	"slope"	-0.1464004593
"0.85"	"0.0"	"0.05"	"0.01"	"0.005"	"0.01"	"100000"	"10000"	"200"	"4181274054844858954"	75000	"intercept"	0.52058943
"0.85"	"0.0"	"0.05"	"0.01"	"0.005"	"0.01"	"100000"	"10000"	"200"	"4181274054844858954"	80000	"slope"	-0.1119788128
"0.85"	"0.0"	"0.05"	"0.01"	"0.005"	"0.01"	"100000"	"10000"	"200"	"4181274054844858954"	80000	"intercept"	0.51107576
"0.85"	"0.0"	"0.05"	"0.01"	"0.005"	"0.01"	"100000"	"10000"	"200"	"4181274054844858954"	85000	"slope"	-0.118526372
"0.85"	"0.0"	"0.05"	"0.01"	"0.005"	"0.01"	"100000"	"10000"	"200"	"4181274054844858954"	85000	"intercept"	0.51361719
"0.85"	"0.0"	"0.05"	"0.01"	"0.005"	"0.01"	"100000"	"10000"	"200"	"4181274054844858954"	90000	"slope"	-0.117605423
"0.85"	"0.0"	"0.05"	"0.01"	"0.005"	"0.01"	"100000"	"10000"	"200"	"4181274054844858954"	90000	"intercept"	0.51242154
"0.85"	"0.0"	"0.05"	"0.01"	"0.005"	"0.01"	"100000"	"10000"	"200"	"4181274054844858954"	95000	"slope"	-0.06726017575
"0.85"	"0.0"	"0.05"	"0.01"	"0.005"	"0.01"	"100000"	"10000"	"200"	"4181274054844858954"	95000	"intercept"	0.492683865
"0.85"	"0.0"	"0.05"	"0.01"	"0.005"	"0.01"	"100000"	"10000"	"200"	"4181274054844858954"	100000	"slope"	-0.11596318815
"0.85"	"0.0"	"0.05"	"0.01"	"0.005"	"0.01"	"100000"	"10000"	"200"	"4181274054844858954"	100000	"intercept"	0.517489065
"0.85"	"0.4"	"0.05"	"0.01"	"0.005"	"0.01"	"100000"	"10000"	"200"	"149938907818830809"	10	"slope"	6.4834515e-05
"0.85"	"0.4"	"0.05"	"0.01"	"0.005"	"0.01"	"100000"	"10000"	"200"	"149938907818830809"	10	"intercept"	0.500125805
"0.85"	"0.4"	"0.05"	"0.01"	"0.005"	"0.01"	"100000"	"10000"	"200"	"149938907818830809"	5000	"slope"	-0.1219510255
"0.85"	"0.4"	"0.05"	"0.01"	"0.005"	"0.01"	"100000"	"10000"	"200"	"149938907818830809"	5000	"intercept"	0.42836835
"0.85"	"0.4"	"0.05"	"0.01"	"0.005"	"0.01"	"100000"	"10000"	"200"	"149938907818830809"	10000	"slope"	-0.168411438
"0.85"	"0.4"	"0.05"	"0.01"	"0.005"	"0.01"	"100000"	"10000"	"200"	"149938907818830809"	10000	"intercept"	0.4537423
"0.85"	"0.4"	"0.05"	"0.01"	"0.005"	"0.01"	"100000"	"10000"	"200"	"149938907818830809"	15000	"slope"	-0.213649707
"0.85"	"0.4"	"0.05"	"0.01"	"0.005"	"0.01"	"100000"	"10000"	"200"	"149938907818830809"	15000	"intercept"	0.473967265
"0.85"	"0.4"	"0.05"	"0.01"	"0.005"	"0.01"	"100000"	"10000"	"200"	"149938907818830809"	20000	"slope"	-0.189282603
"0.85"	"0.4"	"0.05"	"0.01"	"0.005"	"0.01"	"100000"	"10000"	"200"	"149938907818830809"	20000	"intercept"	0.459775215
"0.85"	"0.4"	"0.05"	"0.01"	"0.005"	"0.01"	"100000"	"10000"	"200"	"149938907818830809"	25000	"slope"	-0.19562355
"0.85"	"0.4"	"0.05"	"0.01"	"0.005"	"0.01"	"100000"	"10000"	"200"	"149938907818830809"	25000	"intercept"	0.452901635
"0.85"	"0.4"	"0.05"	"0.01"	"0.005"	"0.01"	"100000"	"10000"	"200"	"149938907818830809"	30000	"slope"	-0.185203054
"0.85"	"0.4"	"0.05"	"0.01"	"0.005"	"0.01"	"100000"	"10000"	"200"	"149938907818830809"	30000	"intercept"	0.451678515
"0.85"	"0.4"	"0.05"	"0.01"	"0.005"	"0.01"	"100000"	"10000"	"200"	"149938907818830809"	35000	"slope"	-0.197596103
"0.85"	"0.4"	"0.05"	"0.01"	"0.005"	"0.01"	"100000"	"10000"	"200"	"149938907818830809"	35000	"intercept"	0.463042065
"0.85"	"0.4"	"0.05"	"0.01"	"0.005"	"0.01"	"100000"	"10000"	"200"	"149938907818830809"	40000	"slope"	-0.2026786405
"0.85"	"0.4"	"0.05"	"0.01"	"0.005"	"0.01"	"100000"	"10000"	"200"	"149938907818830809"	40000	"intercept"	0.465218955
"0.85"	"0.4"	"0.05"	"0.01"	"0.005"	"0.01"	"100000"	"10000"	"200"	"149938907818830809"	45000	"slope"	-0.20505135
"0.85"	"0.4"	"0.05"	"0.01"	"0.005"	"0.01"	"100000"	"10000"	"200"	"149938907818830809"	45000	"intercept"	0.461698585
"0.85"	"0.4"	"0.05"	"0.01"	"0.005"	"0.01"	"100000"	"10000"	"200"	"149938907818830809"	50000	"slope"	-0.199050195
"0.85"	"0.4"	"0.05"	"0.01"	"0.005"	"0.01"	"100000"	"10000"	"200"	"149938907818830809"	50000	"intercept"	0.45697381
"0.85"	"0.4"	"0.05"	"0.01"	"0.005"	"0.01"	"100000"	"10000"	"200"	"149938907818830809"	55000	"slope"	-0.196603046
"0.85"	"0.4"	"0.05"	"0.01"	"0.005"	"0.01"	"100000"	"10000"	"200"	"149938907818830809"	55000	"intercept"	0.456529325
"0.85"	"0.4"	"0.05"	"0.01"	"0.005"	"0.01"	"100000"	"10000"	"200"	"149938907818830809"	60000	"slope"	-0.207075889
"0.85"	"0.4"	"0.05"	"0.01"	"0.005"	"0.01"	"100000"	"10000"	"200"	"149938907818830809"	60000	"intercept"	0.463267715
"0.85"	"0.4"	"0.05"	"0.01"	"0.005"	"0.01"	"100000"	"10000"	"200"	"149938907818830809"	65000	"slope"	-0.209045115
"0.85"	"0.4"	"0.05"	"0.01"	"0.005"	"0.01"	"100000"	"10000"	"200"	"149938907818830809"	65000	"intercept"	0.462156715
"0.85"	"0.4"	"0.05"	"0.01"	"0.005"	"0.01"	"100000"	"10000"	"200"	"149938907818830809"	70000	"slope"	-0.216138475
"0.85"	"0.4"	"0.05"	"0.01"	"0.005"	"0.01"	"100000"	"10000"	"200"	"149938907818830809"	70000	"intercept"	0.47515377
"0.85"	"0.4"	"0.05"	"0.01"	"0.005"	"0.01"	"100000"	"10000"	"200"	"149938907818830809"	75000	"slope"	-0.2194832765
"0.85"	"0.4"	"0.05"	"0.01"	"0.005"	"0.01"	"100000"	"10000"	"200"	"149938907818830809"	75000	"intercept"	0.459540655
"0.85"	"0.4"	"0.05"	"0.01"	"0.005"	"0.01"	"100000"	"10000"	"200"	"149938907818830809"	80000	"slope"	-0.216007533
"0.85"	"0.4"	"0.05"	"0.01"	"0.005"	"0.01"	"100000"	"10000"	"200"	"149938907818830809"	80000	"intercept"	0.46018384
"0.85"	"0.4"	"0.05"	"0.01"	"0.005"	"0.01"	"100000"	"10000"	"200"	"149938907818830809"	85000	"slope"	-0.211493064
"0.85"	"0.4"	"0.05"	"0.01"	"0.005"	"0.01"	"100000"	"10000"	"200"	"149938907818830809"	85000	"intercept"	0.463501775
"0.85"	"0.4"	"0.05"	"0.01"	"0.005"	"0.01"	"100000"	"10000"	"200"	"149938907818830809"	90000	"slope"	-0.214204045
"0.85"	"0.4"	"0.05"	"0.01"	"0.005"	"0.01"	"100000"	"10000"	"200"	"149938907818830809"	90000	"intercept"	0.460422115
"0.85"	"0.4"	"0.05"	"0.01"	"0.005"	"0.01"	"100000"	"10000"	"200"	"149938907818830809"	95000	"slope"	-0.224339192
"0.85"	"0.4"	"0.05"	"0.01"	"0.005"	"0.01"	"100000"	"10000"	"200"	"149938907818830809"	95000	"intercept"	0.467227795
"0.85"	"0.4"	"0.05"	"0.01"	"0.005"	"0.01"	"100000"	"10000"	"200"	"149938907818830809"	100000	"slope"	-0.18468739
"0.85"	"0.4"	"0.05"	"0.01"	"0.005"	"0.01"	"100000"	"10000"	"200"	"149938907818830809"	100000	"intercept"	0.45507814
"0.85"	"0.4"	"0.05"	"0.01"	"0.005"	"0.01"	"100000"	"10000"	"200"	"2590885265002284458"	10	"slope"	0.00019967095
"0.85"	"0.4"	"0.05"	"0.01"	"0.005"	"0.01"	"100000"	"10000"	"200"	"2590885265002284458"	10	"intercept"	0.500159355
"0.85"	"0.4"	"0.05"	"0.01"	"0.005"	"0.01"	"100000"	"10000"	"200"	"2590885265002284458"	5000	"slope"	-0.11533884105
"0.85"	"0.4"	"0.05"	"0.01"	"0.005"	"0.01"	"100000"	"10000"	"200"	"2590885265002284458"	5000	"intercept"	0.421865065
"0.85"	"0.4"	"0.05"	"0.01"	"0.005"	"0.01"	"100000"	"10000"	"200"	"2590885265002284458"	10000	"slope"	-0.1739245155
"0.85"	"0.4"	"0.05"	"0.01"	"0.005"	"0.01"	"100000"	"10000"	"200"	"2590885265002284458"	10000	"intercept"	0.445631225
"0.85"	"0.4"	"0.05"	"0.01"	"0.005"	"0.01"	"100000"	"10000"	"200"	"2590885265002284458"	15000	"slope"	-0.201957687
"0.85"	"0.4"	"0.05"	"0.01"	"0.005"	"0.01"	"100000"	"10000"	"200"	"2590885265002284458"	15000	"intercept"	0.462056425
"0.85"	"0.4"	"0.05"	"0.01"	"0.005"	"0.01"	"100000"	"10000"	"200"	"2590885265002284458"	20000	"slope"	-0.2156889105
"0.85"	"0.4"	"0.05"	"0.01"	"0.005"	"0.01"	"100000"	"10000"	"200"	"2590885265002284458"	20000	"intercept"	0.466877375
"0.85"	"0.4"	"0.05"	"0.01"	"0.005"	"0.01"	"100000"	"10000"	"200"	"2590885265002284458"	25000	"slope"	-0.2123353735
"0.85"	"0.4"	"0.05"	"0.01"	"0.005"	"0.01"	"100000"	"10000"	"200"	"2590885265002284458"	25000	"intercept"	0.464518875
"0.85"	"0.4"	"0.05"	"0.01"	"0.005"	"0.01"	"100000"	"10000"	"200"	"2590885265002284458"	30000	"slope"	-0.1721749155
"0.85"	"0.4"	"0.05"	"0.01"	"0.005"	"0.01"	"100000"	"10000"	"200"	"2590885265002284458"	30000	"intercept"	0.44789681
"0.85"	"0.4"	"0.05"	"0.01"	"0.005"	"0.01"	"100000"	"10000"	"200"	"2590885265002284458"	35000	"slope"	-0.1774359585
"0.85"	"0.4"	"0.05"	"0.01"	"0.005"	"0.01"	"100000"	"10000"	"200"	"2590885265002284458"	35000	"intercept"	0.452719075
"0.85"	"0.4"	"0.05"	"0.01"	"0.005"	"0.01"	"100000"	"10000"	"200"	"2590885265002284458"	40000	"slope"	-0.18464451
"0.85"	"0.4"	"0.05"	"0.01"	"0.005"	"0.01"	"100000"	"10000"	"200"	"2590885265002284458"	40000	"intercept"	0.447297175
"0.85"	"0.4"	"0.05"	"0.01"	"0.005"	"0.01"	"100000"	"10000"	"200"	"2590885265002284458"	45000	"slope"	-0.1980556225
"0.85"	"0.4"	"0.05"	"0.01"	"0.005"	"0.01"	"100000"	"10000"	"200"	"2590885265002284458"	45000	"intercept"	0.45741897
"0.85"	"0.4"	"0.05"	"0.01"	"0.005"	"0.01"	"100000"	"10000"	"200"	"2590885265002284458"	50000	"slope"	-0.19171469
"0.85"	"0.4"	"0.05"	"0.01"	"0.005"	"0.01"	"100000"	"10000"	"200"	"2590885265002284458"	50000	"intercept"	0.45802952
"0.85"	"0.4"	"0.05"	"0.01"	"0.005"	"0.01"	"100000"	"10000"	"200"	"2590885265002284458"	55000	"slope"	-0.185486904
"0.85"	"0.4"	"0.05"	"0.01"	"0.005"	"0.01"	"100000"	"10000"	"200"	"2590885265002284458"	55000	"intercept"	0.450435195
"0.85"	"0.4"	"0.05"	"0.01"	"0.005"	"0.01"	"100000"	"10000"	"200"	"2590885265002284458"	60000	"slope"	-0.163914277
"0.85"	"0.4"	"0.05"	"0.01"	"0.005"	"0.01"	"100000"	"10000"	"200"	"2590885265002284458"	60000	"intercept"	0.446913695
"0.85"	"0.4"	"0.05"	"0.01"	"0.005"	"0.01"	"100000"	"10000"	"200"	"2590885265002284458"	65000	"slope"	-0.2020155495
"0.85"	"0.4"	"0.05"	"0.01"	"0.005"	"0.01"	"100000"	"10000"	"200"	"2590885265002284458"	65000	"intercept"	0.4584606
"0.85"	"0.4"	"0.05"	"0.01"	"0.005"	"0.01"	"100000"	"10000"	"200"	"2590885265002284458"	70000	"slope"	-0.1915578395
"0.85"	"0.4"	"0.05"	"0.01"	"0.005"	"0.01"	"100000"	"10000"	"200"	"2590885265002284458"	70000	"intercept"	0.462457265
"0.85"	"0.4"	"0.05"	"0.01"	"0.005"	"0.01"	"100000"	"10000"	"200"	"2590885265002284458"	75000	"slope"	-0.206969615
"0.85"	"0.4"	"0.05"	"0.01"	"0.005"	"0.01"	"100000"	"10000"	"200"	"2590885265002284458"	75000	"intercept"	0.45154967
"0.85"	"0.4"	"0.05"	"0.01"	"0.005"	"0.01"	"100000"	"10000"	"200"	"2590885265002284458"	80000	"slope"	-0.20286532
"0.85"	"0.4"	"0.05"	"0.01"	"0.005"	"0.01"	"100000"	"10000"	"200"	"2590885265002284458"	80000	"intercept"	0.451893415
"0.85"	"0.4"	"0.05"	"0.01"	"0.005"	"0.01"	"100000"	"10000"	"200"	"2590885265002284458"	85000	"slope"	-0.1855719295
"0.85"	"0.4"	"0.05"	"0.01"	"0.005"	"0.01"	"100000"	"10000"	"200"	"2590885265002284458"	85000	"intercept"	0.45000756
"0.85"	"0.4"	"0.05"	"0.01"	"0.005"	"0.01"	"100000"	"10000"	"200"	"2590885265002284458"	90000	"slope"	-0.2264537515
"0.85"	"0.4"	"0.05"	"0.01"	"0.005"	"0.01"	"100000"	"10000"	"200"	"2590885265002284458"	90000	"intercept"	0.47595908
"0.85"	"0.4"	"0.05"	"0.01"	"0.005"	"0.01"	"100000"	"10000"	"200"	"2590885265002284458"	95000	"slope"	-0.222857205
"0.85"	"0.4"	"0.05"	"0.01"	"0.005"	"0.01"	"100000"	"10000"	"200"	"2590885265002284458"	95000	"intercept"	0.46909569
"0.85"	"0.4"	"0.05"	"0.01"	"0.005"	"0.01"	"100000"	"10000"	"200"	"2590885265002284458"	100000	"slope"	-0.2113848785
"0.85"	"0.4"	"0.05"	"0.01"	"0.005"	"0.01"	"100000"	"10000"	"200"	"2590885265002284458"	100000	"intercept"	0.45609679
"0.85"	"0.4"	"0.05"	"0.01"	"0.005"	"0.01"	"100000"	"10000"	"200"	"5304350167953371708"	10	"slope"	0.0001176771
"0.85"	"0.4"	"0.05"	"0.01"	"0.005"	"0.01"	"100000"	"10000"	"200"	"5304350167953371708"	10	"intercept"	0.4997289
"0.85"	"0.4"	"0.05"	"0.01"	"0.005"	"0.01"	"100000"	"10000"	"200"	"5304350167953371708"	5000	"slope"	-0.1090354055
"0.85"	"0.4"	"0.05"	"0.01"	"0.005"	"0.01"	"100000"	"10000"	"200"	"5304350167953371708"	5000	"intercept"	0.42737861
"0.85"	"0.4"	"0.05"	"0.01"	"0.005"	"0.01"	"100000"	"10000"	"200"	"5304350167953371708"	10000	"slope"	-0.1311705571
"0.85"	"0.4"	"0.05"	"0.01"	"0.005"	"0.01"	"100000"	"10000"	"200"	"5304350167953371708"	10000	"intercept"	0.42563182
"0.85"	"0.4"	"0.05"	"0.01"	"0.005"	"0.01"	"100000"	"10000"	"200"	"5304350167953371708"	15000	"slope"	-0.177550856
"0.85"	"0.4"	"0.05"	"0.01"	"0.005"	"0.01"	"100000"	"10000"	"200"	"5304350167953371708"	15000	"intercept"	0.447365575
"0.85"	"0.4"	"0.05"	"0.01"	"0.005"	"0.01"	"100000"	"10000"	"200"	"5304350167953371708"	20000	"slope"	-0.20044973
"0.85"	"0.4"	"0.05"	"0.01"	"0.005"	"0.01"	"100000"	"10000"	"200"	"5304350167953371708"	20000	"intercept"	0.463033595
"0.85"	"0.4"	"0.05"	"0.01"	"0.005"	"0.01"	"100000"	"10000"	"200"	"5304350167953371708"	25000	"slope"	-0.203420745
"0.85"	"0.4"	"0.05"	"0.01"	"0.005"	"0.01"	"100000"	"10000"	"200"	"5304350167953371708"	25000	"intercept"	0.455985805
"0.85"	"0.4"	"0.05"	"0.01"	"0.005"	"0.01"	"100000"	"10000"	"200"	"5304350167953371708"	30000	"slope"	-0.181329395
"0.85"	"0.4"	"0.05"	"0.01"	"0.005"	"0.01"	"100000"	"10000"	"200"	"5304350167953371708"	30000	"intercept"	0.45191185
"0.85"	"0.4"	"0.05"	"0.01"	"0.005"	"0.01"	"100000"	"10000"	"200"	"5304350167953371708"	35000	"slope"	-0.1918943995
"0.85"	"0.4"	"0.05"	"0.01"	"0.005"	"0.01"	"100000"	"10000"	"200"	"5304350167953371708"	35000	"intercept"	0.45885026
"0.85"	"0.4"	"0.05"	"0.01"	"0.005"	"0.01"	"100000"	"10000"	"200"	"5304350167953371708"	40000	"slope"	-0.193679175
"0.85"	"0.4"	"0.05"	"0.01"	"0.005"	"0.01"	"100000"	"10000"	"200"	"5304350167953371708"	40000	"intercept"	0.4519169
"0.85"	"0.4"	"0.05"	"0.01"	"0.005"	"0.01"	"100000"	"10000"	"200"	"5304350167953371708"	45000	"slope"	-0.1864943655
"0.85"	"0.4"	"0.05"	"0.01"	"0.005"	"0.01"	"100000"	"10000"	"200"	"5304350167953371708"	45000	"intercept"	0.4529904
"0.85"	"0.4"	"0.05"	"0.01"	"0.005"	"0.01"	"100000"	"10000"	"200"	"5304350167953371708"	50000	"slope"	-0.186194909
"0.85"	"0.4"	"0.05"	"0.01"	"0.005"	"0.01"	"100000"	"10000"	"200"	"5304350167953371708"	50000	"intercept"	0.44721628
"0.85"	"0.4"	"0.05"	"0.01"	"0.005"	"0.01"	"100000"	"10000"	"200"	"5304350167953371708"	55000	"slope"	-0.1940032585
"0.85"	"0.4"	"0.05"	"0.01"	"0.005"	"0.01"	"100000"	"10000"	"200"	"5304350167953371708"	55000	"intercept"	0.456976795
"0.85"	"0.4"	"0.05"	"0.01"	"0.005"	"0.01"	"100000"	"10000"	"200"	"5304350167953371708"	60000	"slope"	-0.174574567
"0.85"	"0.4"	"0.05"	"0.01"	"0.005"	"0.01"	"100000"	"10000"	"200"	"5304350167953371708"	60000	"intercept"	0.449584025
"0.85"	"0.4"	"0.05"	"0.01"	"0.005"	"0.01"	"100000"	"10000"	"200"	"5304350167953371708"	65000	"slope"	-0.2078507605
"0.85"	"0.4"	"0.05"	"0.01"	"0.005"	"0.01"	"100000"	"10000"	"200"	"5304350167953371708"	65000	"intercept"	0.46140708
"0.85"	"0.4"	"0.05"	"0.01"	"0.005"	"0.01"	"100000"	"10000"	"200"	"5304350167953371708"	70000	"slope"	-0.23127889
"0.85"	"0.4"	"0.05"	"0.01"	"0.005"	"0.01"	"100000"	"10000"	"200"	"5304350167953371708"	70000	"intercept"	0.467770095
"0.85"	"0.4"	"0.05"	"0.01"	"0.005"	"0.01"	"100000"	"10000"	"200"	"5304350167953371708"	75000	"slope"	-0.21863703
"0.85"	"0.4"	"0.05"	"0.01"	"0.005"	"0.01"	"100000"	"10000"	"200"	"5304350167953371708"	75000	"intercept"	0.477619045
"0.85"	"0.4"	"0.05"	"0.01"	"0.005"	"0.01"	"100000"	"10000"	"200"	"5304350167953371708"	80000	"slope"	-0.22423634
"0.85"	"0.4"	"0.05"	"0.01"	"0.005"	"0.01"	"100000"	"10000"	"200"	"5304350167953371708"	80000	"intercept"	0.469561735
"0.85"	"0.4"	"0.05"	"0.01"	"0.005"	"0.01"	"100000"	"10000"	"200"	"5304350167953371708"	85000	"slope"	-0.22360141
"0.85"	"0.4"	"0.05"	"0.01"	"0.005"	"0.01"	"100000"	"10000"	"200"	"5304350167953371708"	85000	"intercept"	0.478699375
"0.85"	"0.4"	"0.05"	"0.01"	"0.005"	"0.01"	"100000"	"10000"	"200"	"5304350167953371708"	90000	"slope"	-0.196948395
"0.85"	"0.4"	"0.05"	"0.01"	"0.005"	"0.01"	"100000"	"10000"	"200"	"5304350167953371708"	90000	"intercept"	0.462979685
"0.85"	"0.4"	"0.05"	"0.01"	"0.005"	"0.01"	"100000"	"10000"	"200"	"5304350167953371708"	95000	"slope"	-0.20647571
"0.85"	"0.4"	"0.05"	"0.01"	"0.005"	"0.01"	"100000"	"10000"	"200"	"5304350167953371708"	95000	"intercept"	0.46265154
"0.85"	"0.4"	"0.05"	"0.01"	"0.005"	"0.01"	"100000"	"10000"	"200"	"5304350167953371708"	100000	"slope"	-0.200211495
"0.85"	"0.4"	"0.05"	"0.01"	"0.005"	"0.01"	"100000"	"10000"	"200"	"5304350167953371708"	100000	"intercept"	0.459513175
"0.85"	"0.6"	"0.05"	"0.01"	"0.005"	"0.01"	"100000"	"10000"	"200"	"1477095610669883083"	10	"slope"	6.113275e-05
"0.85"	"0.6"	"0.05"	"0.01"	"0.005"	"0.01"	"100000"	"10000"	"200"	"1477095610669883083"	10	"intercept"	0.4998353
"0.85"	"0.6"	"0.05"	"0.01"	"0.005"	"0.01"	"100000"	"10000"	"200"	"1477095610669883083"	5000	"slope"	-0.125823224
"0.85"	"0.6"	"0.05"	"0.01"	"0.005"	"0.01"	"100000"	"10000"	"200"	"1477095610669883083"	5000	"intercept"	0.35853477
"0.85"	"0.6"	"0.05"	"0.01"	"0.005"	"0.01"	"100000"	"10000"	"200"	"1477095610669883083"	10000	"slope"	-0.165505768
"0.85"	"0.6"	"0.05"	"0.01"	"0.005"	"0.01"	"100000"	"10000"	"200"	"1477095610669883083"	10000	"intercept"	0.384591715
"0.85"	"0.6"	"0.05"	"0.01"	"0.005"	"0.01"	"100000"	"10000"	"200"	"1477095610669883083"	15000	"slope"	-0.206220645
"0.85"	"0.6"	"0.05"	"0.01"	"0.005"	"0.01"	"100000"	"10000"	"200"	"1477095610669883083"	15000	"intercept"	0.397589905
"0.85"	"0.6"	"0.05"	"0.01"	"0.005"	"0.01"	"100000"	"10000"	"200"	"1477095610669883083"	20000	"slope"	-0.22676881
"0.85"	"0.6"	"0.05"	"0.01"	"0.005"	"0.01"	"100000"	"10000"	"200"	"1477095610669883083"	20000	"intercept"	0.4172475
"0.85"	"0.6"	"0.05"	"0.01"	"0.005"	"0.01"	"100000"	"10000"	"200"	"1477095610669883083"	25000	"slope"	-0.234460844
"0.85"	"0.6"	"0.05"	"0.01"	"0.005"	"0.01"	"100000"	"10000"	"200"	"1477095610669883083"	25000	"intercept"	0.419165835
"0.85"	"0.6"	"0.05"	"0.01"	"0.005"	"0.01"	"100000"	"10000"	"200"	"1477095610669883083"	30000	"slope"	-0.25544541
"0.85"	"0.6"	"0.05"	"0.01"	"0.005"	"0.01"	"100000"	"10000"	"200"	"1477095610669883083"	30000	"intercept"	0.425575425
"0.85"	"0.6"	"0.05"	"0.01"	"0.005"	"0.01"	"100000"	"10000"	"200"	"1477095610669883083"	35000	"slope"	-0.249175265
"0.85"	"0.6"	"0.05"	"0.01"	"0.005"	"0.01"	"100000"	"10000"	"200"	"1477095610669883083"	35000	"intercept"	0.417718355
"0.85"	"0.6"	"0.05"	"0.01"	"0.005"	"0.01"	"100000"	"10000"	"200"	"1477095610669883083"	40000	"slope"	-0.253821195
"0.85"	"0.6"	"0.05"	"0.01"	"0.005"	"0.01"	"100000"	"10000"	"200"	"1477095610669883083"	40000	"intercept"	0.424781275
"0.85"	"0.6"	"0.05"	"0.01"	"0.005"	"0.01"	"100000"	"10000"	"200"	"1477095610669883083"	45000	"slope"	-0.254302725
"0.85"	"0.6"	"0.05"	"0.01"	"0.005"	"0.01"	"100000"	"10000"	"200"	"1477095610669883083"	45000	"intercept"	0.42803563
"0.85"	"0.6"	"0.05"	"0.01"	"0.005"	"0.01"	"100000"	"10000"	"200"	"1477095610669883083"	50000	"slope"	-0.230481765
"0.85"	"0.6"	"0.05"	"0.01"	"0.005"	"0.01"	"100000"	"10000"	"200"	"1477095610669883083"	50000	"intercept"	0.41261992
"0.85"	"0.6"	"0.05"	"0.01"	"0.005"	"0.01"	"100000"	"10000"	"200"	"1477095610669883083"	55000	"slope"	-0.25635948
"0.85"	"0.6"	"0.05"	"0.01"	"0.005"	"0.01"	"100000"	"10000"	"200"	"1477095610669883083"	55000	"intercept"	0.425258225
"0.85"	"0.6"	"0.05"	"0.01"	"0.005"	"0.01"	"100000"	"10000"	"200"	"1477095610669883083"	60000	"slope"	-0.250638525
"0.85"	"0.6"	"0.05"	"0.01"	"0.005"	"0.01"	"100000"	"10000"	"200"	"1477095610669883083"	60000	"intercept"	0.431270325
"0.85"	"0.6"	"0.05"	"0.01"	"0.005"	"0.01"	"100000"	"10000"	"200"	"1477095610669883083"	65000	"slope"	-0.236031525
"0.85"	"0.6"	"0.05"	"0.01"	"0.005"	"0.01"	"100000"	"10000"	"200"	"1477095610669883083"	65000	"intercept"	0.41541555
"0.85"	"0.6"	"0.05"	"0.01"	"0.005"	"0.01"	"100000"	"10000"	"200"	"1477095610669883083"	70000	"slope"	-0.24460007
"0.85"	"0.6"	"0.05"	"0.01"	"0.005"	"0.01"	"100000"	"10000"	"200"	"1477095610669883083"	70000	"intercept"	0.414108305
"0.85"	"0.6"	"0.05"	"0.01"	"0.005"	"0.01"	"100000"	"10000"	"200"	"1477095610669883083"	75000	"slope"	-0.2515918765
"0.85"	"0.6"	"0.05"	"0.01"	"0.005"	"0.01"	"100000"	"10000"	"200"	"1477095610669883083"	75000	"intercept"	0.427302145
"0.85"	"0.6"	"0.05"	"0.01"	"0.005"	"0.01"	"100000"	"10000"	"200"	"1477095610669883083"	80000	"slope"	-0.227836405
"0.85"	"0.6"	"0.05"	"0.01"	"0.005"	"0.01"	"100000"	"10000"	"200"	"1477095610669883083"	80000	"intercept"	0.40389203
"0.85"	"0.6"	"0.05"	"0.01"	"0.005"	"0.01"	"100000"	"10000"	"200"	"1477095610669883083"	85000	"slope"	-0.237705155
"0.85"	"0.6"	"0.05"	"0.01"	"0.005"	"0.01"	"100000"	"10000"	"200"	"1477095610669883083"	85000	"intercept"	0.416005295
"0.85"	"0.6"	"0.05"	"0.01"	"0.005"	"0.01"	"100000"	"10000"	"200"	"1477095610669883083"	90000	"slope"	-0.249322165
"0.85"	"0.6"	"0.05"	"0.01"	"0.005"	"0.01"	"100000"	"10000"	"200"	"1477095610669883083"	90000	"intercept"	0.421914465
"0.85"	"0.6"	"0.05"	"0.01"	"0.005"	"0.01"	"100000"	"10000"	"200"	"1477095610669883083"	95000	"slope"	-0.2124751455
"0.85"	"0.6"	"0.05"	"0.01"	"0.005"	"0.01"	"100000"	"10000"	"200"	"1477095610669883083"	95000	"intercept"	0.401377715
"0.85"	"0.6"	"0.05"	"0.01"	"0.005"	"0.01"	"100000"	"10000"	"200"	"1477095610669883083"	100000	"slope"	-0.21850323
"0.85"	"0.6"	"0.05"	"0.01"	"0.005"	"0.01"	"100000"	"10000"	"200"	"1477095610669883083"	100000	"intercept"	0.397930875
"0.85"	"0.6"	"0.05"	"0.01"	"0.005"	"0.01"	"100000"	"10000"	"200"	"3327285743892762370"	10	"slope"	-8.47777e-05
"0.85"	"0.6"	"0.05"	"0.01"	"0.005"	"0.01"	"100000"	"10000"	"200"	"3327285743892762370"	10	"intercept"	0.500035105
"0.85"	"0.6"	"0.05"	"0.01"	"0.005"	"0.01"	"100000"	"10000"	"200"	"3327285743892762370"	5000	"slope"	-0.0980956692
"0.85"	"0.6"	"0.05"	"0.01"	"0.005"	"0.01"	"100000"	"10000"	"200"	"3327285743892762370"	5000	"intercept"	0.34749553
"0.85"	"0.6"	"0.05"	"0.01"	"0.005"	"0.01"	"100000"	"10000"	"200"	"3327285743892762370"	10000	"slope"	-0.121318045
"0.85"	"0.6"	"0.05"	"0.01"	"0.005"	"0.01"	"100000"	"10000"	"200"	"3327285743892762370"	10000	"intercept"	0.365551355
"0.85"	"0.6"	"0.05"	"0.01"	"0.005"	"0.01"	"100000"	"10000"	"200"	"3327285743892762370"	15000	"slope"	-0.1731535015
"0.85"	"0.6"	"0.05"	"0.01"	"0.005"	"0.01"	"100000"	"10000"	"200"	"3327285743892762370"	15000	"intercept"	0.38372722
"0.85"	"0.6"	"0.05"	"0.01"	"0.005"	"0.01"	"100000"	"10000"	"200"	"3327285743892762370"	20000	"slope"	-0.209615499
"0.85"	"0.6"	"0.05"	"0.01"	"0.005"	"0.01"	"100000"	"10000"	"200"	"3327285743892762370"	20000	"intercept"	0.40569446
"0.85"	"0.6"	"0.05"	"0.01"	"0.005"	"0.01"	"100000"	"10000"	"200"	"3327285743892762370"	25000	"slope"	-0.23330787
"0.85"	"0.6"	"0.05"	"0.01"	"0.005"	"0.01"	"100000"	"10000"	"200"	"3327285743892762370"	25000	"intercept"	0.415347475
"0.85"	"0.6"	"0.05"	"0.01"	"0.005"	"0.01"	"100000"	"10000"	"200"	"3327285743892762370"	30000	"slope"	-0.191144736
"0.85"	"0.6"	"0.05"	"0.01"	"0.005"	"0.01"	"100000"	"10000"	"200"	"3327285743892762370"	30000	"intercept"	0.39648835
"0.85"	"0.6"	"0.05"	"0.01"	"0.005"	"0.01"	"100000"	"10000"	"200"	"3327285743892762370"	35000	"slope"	-0.2141506115
"0.85"	"0.6"	"0.05"	"0.01"	"0.005"	"0.01"	"100000"	"10000"	"200"	"3327285743892762370"	35000	"intercept"	0.401933975
"0.85"	"0.6"	"0.05"	"0.01"	"0.005"	"0.01"	"100000"	"10000"	"200"	"3327285743892762370"	40000	"slope"	-0.21889866
"0.85"	"0.6"	"0.05"	"0.01"	"0.005"	"0.01"	"100000"	"10000"	"200"	"3327285743892762370"	40000	"intercept"	0.404251475
"0.85"	"0.6"	"0.05"	"0.01"	"0.005"	"0.01"	"100000"	"10000"	"200"	"3327285743892762370"	45000	"slope"	-0.2221864755
"0.85"	"0.6"	"0.05"	"0.01"	"0.005"	"0.01"	"100000"	"10000"	"200"	"3327285743892762370"	45000	"intercept"	0.41014784
"0.85"	"0.6"	"0.05"	"0.01"	"0.005"	"0.01"	"100000"	"10000"	"200"	"3327285743892762370"	50000	"slope"	-0.26052255
"0.85"	"0.6"	"0.05"	"0.01"	"0.005"	"0.01"	"100000"	"10000"	"200"	"3327285743892762370"	50000	"intercept"	0.42809663
"0.85"	"0.6"	"0.05"	"0.01"	"0.005"	"0.01"	"100000"	"10000"	"200"	"3327285743892762370"	55000	"slope"	-0.211459407
"0.85"	"0.6"	"0.05"	"0.01"	"0.005"	"0.01"	"100000"	"10000"	"200"	"3327285743892762370"	55000	"intercept"	0.40374739
"0.85"	"0.6"	"0.05"	"0.01"	"0.005"	"0.01"	"100000"	"10000"	"200"	"3327285743892762370"	60000	"slope"	-0.211582325
"0.85"	"0.6"	"0.05"	"0.01"	"0.005"	"0.01"	"100000"	"10000"	"200"	"3327285743892762370"	60000	"intercept"	0.401928495
"0.85"	"0.6"	"0.05"	"0.01"	"0.005"	"0.01"	"100000"	"10000"	"200"	"3327285743892762370"	65000	"slope"	-0.224784425
"0.85"	"0.6"	"0.05"	"0.01"	"0.005"	"0.01"	"100000"	"10000"	"200"	"3327285743892762370"	65000	"intercept"	0.409876695
"0.85"	"0.6"	"0.05"	"0.01"	"0.005"	"0.01"	"100000"	"10000"	"200"	"3327285743892762370"	70000	"slope"	-0.26345847
"0.85"	"0.6"	"0.05"	"0.01"	"0.005"	"0.01"	"100000"	"10000"	"200"	"3327285743892762370"	70000	"intercept"	0.431841475
"0.85"	"0.6"	"0.05"	"0.01"	"0.005"	"0.01"	"100000"	"10000"	"200"	"3327285743892762370"	75000	"slope"	-0.258529745
"0.85"	"0.6"	"0.05"	"0.01"	"0.005"	"0.01"	"100000"	"10000"	"200"	"3327285743892762370"	75000	"intercept"	0.43393654
"0.85"	"0.6"	"0.05"	"0.01"	"0.005"	"0.01"	"100000"	"10000"	"200"	"3327285743892762370"	80000	"slope"	-0.24263121
"0.85"	"0.6"	"0.05"	"0.01"	"0.005"	"0.01"	"100000"	"10000"	"200"	"3327285743892762370"	80000	"intercept"	0.413207525
"0.85"	"0.6"	"0.05"	"0.01"	"0.005"	"0.01"	"100000"	"10000"	"200"	"3327285743892762370"	85000	"slope"	-0.250022475
"0.85"	"0.6"	"0.05"	"0.01"	"0.005"	"0.01"	"100000"	"10000"	"200"	"3327285743892762370"	85000	"intercept"	0.424119785
"0.85"	"0.6"	"0.05"	"0.01"	"0.005"	"0.01"	"100000"	"10000"	"200"	"3327285743892762370"	90000	"slope"	-0.23164104
"0.85"	"0.6"	"0.05"	"0.01"	"0.005"	"0.01"	"100000"	"10000"	"200"	"3327285743892762370"	90000	"intercept"	0.41110244
"0.85"	"0.6"	"0.05"	"0.01"	"0.005"	"0.01"	"100000"	"10000"	"200"	"3327285743892762370"	95000	"slope"	-0.24484786
"0.85"	"0.6"	"0.05"	"0.01"	"0.005"	"0.01"	"100000"	"10000"	"200"	"3327285743892762370"	95000	"intercept"	0.426701035
"0.85"	"0.6"	"0.05"	"0.01"	"0.005"	"0.01"	"100000"	"10000"	"200"	"3327285743892762370"	100000	"slope"	-0.246121175
"0.85"	"0.6"	"0.05"	"0.01"	"0.005"	"0.01"	"100000"	"10000"	"200"	"3327285743892762370"	100000	"intercept"	0.42064681
"0.85"	"0.6"	"0.05"	"0.01"	"0.005"	"0.01"	"100000"	"10000"	"200"	"637003419538525203"	10	"slope"	3.848349e-05
"0.85"	"0.6"	"0.05"	"0.01"	"0.005"	"0.01"	"100000"	"10000"	"200"	"637003419538525203"	10	"intercept"	0.500351345
"0.85"	"0.6"	"0.05"	"0.01"	"0.005"	"0.01"	"100000"	"10000"	"200"	"637003419538525203"	5000	"slope"	-0.1379079335
"0.85"	"0.6"	"0.05"	"0.01"	"0.005"	"0.01"	"100000"	"10000"	"200"	"637003419538525203"	5000	"intercept"	0.37142324
"0.85"	"0.6"	"0.05"	"0.01"	"0.005"	"0.01"	"100000"	"10000"	"200"	"637003419538525203"	10000	"slope"	-0.20767657
"0.85"	"0.6"	"0.05"	"0.01"	"0.005"	"0.01"	"100000"	"10000"	"200"	"637003419538525203"	10000	"intercept"	0.40687746
"0.85"	"0.6"	"0.05"	"0.01"	"0.005"	"0.01"	"100000"	"10000"	"200"	"637003419538525203"	15000	"slope"	-0.231938995
"0.85"	"0.6"	"0.05"	"0.01"	"0.005"	"0.01"	"100000"	"10000"	"200"	"637003419538525203"	15000	"intercept"	0.4205198
"0.85"	"0.6"	"0.05"	"0.01"	"0.005"	"0.01"	"100000"	"10000"	"200"	"637003419538525203"	20000	"slope"	-0.238421315
"0.85"	"0.6"	"0.05"	"0.01"	"0.005"	"0.01"	"100000"	"10000"	"200"	"637003419538525203"	20000	"intercept"	0.414856355
"0.85"	"0.6"	"0.05"	"0.01"	"0.005"	"0.01"	"100000"	"10000"	"200"	"637003419538525203"	25000	"slope"	-0.273938485
"0.85"	"0.6"	"0.05"	"0.01"	"0.005"	"0.01"	"100000"	"10000"	"200"	"637003419538525203"	25000	"intercept"	0.431630575
"0.85"	"0.6"	"0.05"	"0.01"	"0.005"	"0.01"	"100000"	"10000"	"200"	"637003419538525203"	30000	"slope"	-0.23102886
"0.85"	"0.6"	"0.05"	"0.01"	"0.005"	"0.01"	"100000"	"10000"	"200"	"637003419538525203"	30000	"intercept"	0.413452645
"0.85"	"0.6"	"0.05"	"0.01"	"0.005"	"0.01"	"100000"	"10000"	"200"	"637003419538525203"	35000	"slope"	-0.243451655
"0.85"	"0.6"	"0.05"	"0.01"	"0.005"	"0.01"	"100000"	"10000"	"200"	"637003419538525203"	35000	"intercept"	0.4244125
"0.85"	"0.6"	"0.05"	"0.01"	"0.005"	"0.01"	"100000"	"10000"	"200"	"637003419538525203"	40000	"slope"	-0.22771098
"0.85"	"0.6"	"0.05"	"0.01"	"0.005"	"0.01"	"100000"	"10000"	"200"	"637003419538525203"	40000	"intercept"	0.407443825
"0.85"	"0.6"	"0.05"	"0.01"	"0.005"	"0.01"	"100000"	"10000"	"200"	"637003419538525203"	45000	"slope"	-0.23060251
"0.85"	"0.6"	"0.05"	"0.01"	"0.005"	"0.01"	"100000"	"10000"	"200"	"637003419538525203"	45000	"intercept"	0.41118399
"0.85"	"0.6"	"0.05"	"0.01"	"0.005"	"0.01"	"100000"	"10000"	"200"	"637003419538525203"	50000	"slope"	-0.237361465
"0.85"	"0.6"	"0.05"	"0.01"	"0.005"	"0.01"	"100000"	"10000"	"200"	"637003419538525203"	50000	"intercept"	0.4110455
"0.85"	"0.6"	"0.05"	"0.01"	"0.005"	"0.01"	"100000"	"10000"	"200"	"637003419538525203"	55000	"slope"	-0.22888637
"0.85"	"0.6"	"0.05"	"0.01"	"0.005"	"0.01"	"100000"	"10000"	"200"	"637003419538525203"	55000	"intercept"	0.413358785
"0.85"	"0.6"	"0.05"	"0.01"	"0.005"	"0.01"	"100000"	"10000"	"200"	"637003419538525203"	60000	"slope"	-0.22733048
"0.85"	"0.6"	"0.05"	"0.01"	"0.005"	"0.01"	"100000"	"10000"	"200"	"637003419538525203"	60000	"intercept"	0.41487036
"0.85"	"0.6"	"0.05"	"0.01"	"0.005"	"0.01"	"100000"	"10000"	"200"	"637003419538525203"	65000	"slope"	-0.208988915
"0.85"	"0.6"	"0.05"	"0.01"	"0.005"	"0.01"	"100000"	"10000"	"200"	"637003419538525203"	65000	"intercept"	0.40727994
"0.85"	"0.6"	"0.05"	"0.01"	"0.005"	"0.01"	"100000"	"10000"	"200"	"637003419538525203"	70000	"slope"	-0.22432127
"0.85"	"0.6"	"0.05"	"0.01"	"0.005"	"0.01"	"100000"	"10000"	"200"	"637003419538525203"	70000	"intercept"	0.41107247
"0.85"	"0.6"	"0.05"	"0.01"	"0.005"	"0.01"	"100000"	"10000"	"200"	"637003419538525203"	75000	"slope"	-0.235055232
"0.85"	"0.6"	"0.05"	"0.01"	"0.005"	"0.01"	"100000"	"10000"	"200"	"637003419538525203"	75000	"intercept"	0.41204032
"0.85"	"0.6"	"0.05"	"0.01"	"0.005"	"0.01"	"100000"	"10000"	"200"	"637003419538525203"	80000	"slope"	-0.224508103
"0.85"	"0.6"	"0.05"	"0.01"	"0.005"	"0.01"	"100000"	"10000"	"200"	"637003419538525203"	80000	"intercept"	0.412301035
"0.85"	"0.6"	"0.05"	"0.01"	"0.005"	"0.01"	"100000"	"10000"	"200"	"637003419538525203"	85000	"slope"	-0.22011841
"0.85"	"0.6"	"0.05"	"0.01"	"0.005"	"0.01"	"100000"	"10000"	"200"	"637003419538525203"	85000	"intercept"	0.41046243
"0.85"	"0.6"	"0.05"	"0.01"	"0.005"	"0.01"	"100000"	"10000"	"200"	"637003419538525203"	90000	"slope"	-0.260511415
"0.85"	"0.6"	"0.05"	"0.01"	"0.005"	"0.01"	"100000"	"10000"	"200"	"637003419538525203"	90000	"intercept"	0.426838525
"0.85"	"0.6"	"0.05"	"0.01"	"0.005"	"0.01"	"100000"	"10000"	"200"	"637003419538525203"	95000	"slope"	-0.24987611
"0.85"	"0.6"	"0.05"	"0.01"	"0.005"	"0.01"	"100000"	"10000"	"200"	"637003419538525203"	95000	"intercept"	0.42818539
"0.85"	"0.6"	"0.05"	"0.01"	"0.005"	"0.01"	"100000"	"10000"	"200"	"637003419538525203"	100000	"slope"	-0.2300836
"0.85"	"0.6"	"0.05"	"0.01"	"0.005"	"0.01"	"100000"	"10000"	"200"	"637003419538525203"	100000	"intercept"	0.402631195
"0.85"	"0.8"	"0.05"	"0.01"	"0.005"	"0.01"	"100000"	"10000"	"200"	"6479471739675710325"	10	"slope"	9.45115595e-05
"0.85"	"0.8"	"0.05"	"0.01"	"0.005"	"0.01"	"100000"	"10000"	"200"	"6479471739675710325"	10	"intercept"	0.500010905
"0.85"	"0.8"	"0.05"	"0.01"	"0.005"	"0.01"	"100000"	"10000"	"200"	"6479471739675710325"	5000	"slope"	-0.113303204975
"0.85"	"0.8"	"0.05"	"0.01"	"0.005"	"0.01"	"100000"	"10000"	"200"	"6479471739675710325"	5000	"intercept"	0.26927631
"0.85"	"0.8"	"0.05"	"0.01"	"0.005"	"0.01"	"100000"	"10000"	"200"	"6479471739675710325"	10000	"slope"	-0.169838865
"0.85"	"0.8"	"0.05"	"0.01"	"0.005"	"0.01"	"100000"	"10000"	"200"	"6479471739675710325"	10000	"intercept"	0.30061176
"0.85"	"0.8"	"0.05"	"0.01"	"0.005"	"0.01"	"100000"	"10000"	"200"	"6479471739675710325"	15000	"slope"	-0.223999006
"0.85"	"0.8"	"0.05"	"0.01"	"0.005"	"0.01"	"100000"	"10000"	"200"	"6479471739675710325"	15000	"intercept"	0.33584108
"0.85"	"0.8"	"0.05"	"0.01"	"0.005"	"0.01"	"100000"	"10000"	"200"	"6479471739675710325"	20000	"slope"	-0.22449904
"0.85"	"0.8"	"0.05"	"0.01"	"0.005"	"0.01"	"100000"	"10000"	"200"	"6479471739675710325"	20000	"intercept"	0.33805228
"0.85"	"0.8"	"0.05"	"0.01"	"0.005"	"0.01"	"100000"	"10000"	"200"	"6479471739675710325"	25000	"slope"	-0.22971859
"0.85"	"0.8"	"0.05"	"0.01"	"0.005"	"0.01"	"100000"	"10000"	"200"	"6479471739675710325"	25000	"intercept"	0.343823445
"0.85"	"0.8"	"0.05"	"0.01"	"0.005"	"0.01"	"100000"	"10000"	"200"	"6479471739675710325"	30000	"slope"	-0.239053025
"0.85"	"0.8"	"0.05"	"0.01"	"0.005"	"0.01"	"100000"	"10000"	"200"	"6479471739675710325"	30000	"intercept"	0.34593022
"0.85"	"0.8"	"0.05"	"0.01"	"0.005"	"0.01"	"100000"	"10000"	"200"	"6479471739675710325"	35000	"slope"	-0.247323885
"0.85"	"0.8"	"0.05"	"0.01"	"0.005"	"0.01"	"100000"	"10000"	"200"	"6479471739675710325"	35000	"intercept"	0.355697495
"0.85"	"0.8"	"0.05"	"0.01"	"0.005"	"0.01"	"100000"	"10000"	"200"	"6479471739675710325"	40000	"slope"	-0.22570507
"0.85"	"0.8"	"0.05"	"0.01"	"0.005"	"0.01"	"100000"	"10000"	"200"	"6479471739675710325"	40000	"intercept"	0.336924345
"0.85"	"0.8"	"0.05"	"0.01"	"0.005"	"0.01"	"100000"	"10000"	"200"	"6479471739675710325"	45000	"slope"	-0.243671285
"0.85"	"0.8"	"0.05"	"0.01"	"0.005"	"0.01"	"100000"	"10000"	"200"	"6479471739675710325"	45000	"intercept"	0.347401575
"0.85"	"0.8"	"0.05"	"0.01"	"0.005"	"0.01"	"100000"	"10000"	"200"	"6479471739675710325"	50000	"slope"	-0.244191465
"0.85"	"0.8"	"0.05"	"0.01"	"0.005"	"0.01"	"100000"	"10000"	"200"	"6479471739675710325"	50000	"intercept"	0.35063098
"0.85"	"0.8"	"0.05"	"0.01"	"0.005"	"0.01"	"100000"	"10000"	"200"	"6479471739675710325"	55000	"slope"	-0.259161645
"0.85"	"0.8"	"0.05"	"0.01"	"0.005"	"0.01"	"100000"	"10000"	"200"	"6479471739675710325"	55000	"intercept"	0.359720205
"0.85"	"0.8"	"0.05"	"0.01"	"0.005"	"0.01"	"100000"	"10000"	"200"	"6479471739675710325"	60000	"slope"	-0.242920325
"0.85"	"0.8"	"0.05"	"0.01"	"0.005"	"0.01"	"100000"	"10000"	"200"	"6479471739675710325"	60000	"intercept"	0.347564065
"0.85"	"0.8"	"0.05"	"0.01"	"0.005"	"0.01"	"100000"	"10000"	"200"	"6479471739675710325"	65000	"slope"	-0.25110572
"0.85"	"0.8"	"0.05"	"0.01"	"0.005"	"0.01"	"100000"	"10000"	"200"	"6479471739675710325"	65000	"intercept"	0.353106805
"0.85"	"0.8"	"0.05"	"0.01"	"0.005"	"0.01"	"100000"	"10000"	"200"	"6479471739675710325"	70000	"slope"	-0.2419231
"0.85"	"0.8"	"0.05"	"0.01"	"0.005"	"0.01"	"100000"	"10000"	"200"	"6479471739675710325"	70000	"intercept"	0.343888825
"0.85"	"0.8"	"0.05"	"0.01"	"0.005"	"0.01"	"100000"	"10000"	"200"	"6479471739675710325"	75000	"slope"	-0.24665423
"0.85"	"0.8"	"0.05"	"0.01"	"0.005"	"0.01"	"100000"	"10000"	"200"	"6479471739675710325"	75000	"intercept"	0.349709595
"0.85"	"0.8"	"0.05"	"0.01"	"0.005"	"0.01"	"100000"	"10000"	"200"	"6479471739675710325"	80000	"slope"	-0.2417314385
"0.85"	"0.8"	"0.05"	"0.01"	"0.005"	"0.01"	"100000"	"10000"	"200"	"6479471739675710325"	80000	"intercept"	0.35414118
"0.85"	"0.8"	"0.05"	"0.01"	"0.005"	"0.01"	"100000"	"10000"	"200"	"6479471739675710325"	85000	"slope"	-0.26233595
"0.85"	"0.8"	"0.05"	"0.01"	"0.005"	"0.01"	"100000"	"10000"	"200"	"6479471739675710325"	85000	"intercept"	0.364054015
"0.85"	"0.8"	"0.05"	"0.01"	"0.005"	"0.01"	"100000"	"10000"	"200"	"6479471739675710325"	90000	"slope"	-0.235151645
"0.85"	"0.8"	"0.05"	"0.01"	"0.005"	"0.01"	"100000"	"10000"	"200"	"6479471739675710325"	90000	"intercept"	0.34654913
"0.85"	"0.8"	"0.05"	"0.01"	"0.005"	"0.01"	"100000"	"10000"	"200"	"6479471739675710325"	95000	"slope"	-0.25651018
"0.85"	"0.8"	"0.05"	"0.01"	"0.005"	"0.01"	"100000"	"10000"	"200"	"6479471739675710325"	95000	"intercept"	0.35869028
"0.85"	"0.8"	"0.05"	"0.01"	"0.005"	"0.01"	"100000"	"10000"	"200"	"6479471739675710325"	100000	"slope"	-0.25574823
"0.85"	"0.8"	"0.05"	"0.01"	"0.005"	"0.01"	"100000"	"10000"	"200"	"6479471739675710325"	100000	"intercept"	0.35603967
"0.85"	"0.8"	"0.05"	"0.01"	"0.005"	"0.01"	"100000"	"10000"	"200"	"7528803765976223167"	10	"slope"	-0.00010795845
"0.85"	"0.8"	"0.05"	"0.01"	"0.005"	"0.01"	"100000"	"10000"	"200"	"7528803765976223167"	10	"intercept"	0.50013738
"0.85"	"0.8"	"0.05"	"0.01"	"0.005"	"0.01"	"100000"	"10000"	"200"	"7528803765976223167"	5000	"slope"	-0.1342251405
"0.85"	"0.8"	"0.05"	"0.01"	"0.005"	"0.01"	"100000"	"10000"	"200"	"7528803765976223167"	5000	"intercept"	0.291494185
"0.85"	"0.8"	"0.05"	"0.01"	"0.005"	"0.01"	"100000"	"10000"	"200"	"7528803765976223167"	10000	"slope"	-0.199193819
"0.85"	"0.8"	"0.05"	"0.01"	"0.005"	"0.01"	"100000"	"10000"	"200"	"7528803765976223167"	10000	"intercept"	0.31273497
"0.85"	"0.8"	"0.05"	"0.01"	"0.005"	"0.01"	"100000"	"10000"	"200"	"7528803765976223167"	15000	"slope"	-0.22338832
"0.85"	"0.8"	"0.05"	"0.01"	"0.005"	"0.01"	"100000"	"10000"	"200"	"7528803765976223167"	15000	"intercept"	0.336057225
"0.85"	"0.8"	"0.05"	"0.01"	"0.005"	"0.01"	"100000"	"10000"	"200"	"7528803765976223167"	20000	"slope"	-0.249838823
"0.85"	"0.8"	"0.05"	"0.01"	"0.005"	"0.01"	"100000"	"10000"	"200"	"7528803765976223167"	20000	"intercept"	0.348794075
"0.85"	"0.8"	"0.05"	"0.01"	"0.005"	"0.01"	"100000"	"10000"	"200"	"7528803765976223167"	25000	"slope"	-0.261945975
"0.85"	"0.8"	"0.05"	"0.01"	"0.005"	"0.01"	"100000"	"10000"	"200"	"7528803765976223167"	25000	"intercept"	0.36544132
"0.85"	"0.8"	"0.05"	"0.01"	"0.005"	"0.01"	"100000"	"10000"	"200"	"7528803765976223167"	30000	"slope"	-0.2544452
"0.85"	"0.8"	"0.05"	"0.01"	"0.005"	"0.01"	"100000"	"10000"	"200"	"7528803765976223167"	30000	"intercept"	0.352661975
"0.85"	"0.8"	"0.05"	"0.01"	"0.005"	"0.01"	"100000"	"10000"	"200"	"7528803765976223167"	35000	"slope"	-0.24898963
"0.85"	"0.8"	"0.05"	"0.01"	"0.005"	"0.01"	"100000"	"10000"	"200"	"7528803765976223167"	35000	"intercept"	0.350650795
"0.85"	"0.8"	"0.05"	"0.01"	"0.005"	"0.01"	"100000"	"10000"	"200"	"7528803765976223167"	40000	"slope"	-0.236144305
"0.85"	"0.8"	"0.05"	"0.01"	"0.005"	"0.01"	"100000"	"10000"	"200"	"7528803765976223167"	40000	"intercept"	0.349366165
"0.85"	"0.8"	"0.05"	"0.01"	"0.005"	"0.01"	"100000"	"10000"	"200"	"7528803765976223167"	45000	"slope"	-0.237103365
"0.85"	"0.8"	"0.05"	"0.01"	"0.005"	"0.01"	"100000"	"10000"	"200"	"7528803765976223167"	45000	"intercept"	0.346356775
"0.85"	"0.8"	"0.05"	"0.01"	"0.005"	"0.01"	"100000"	"10000"	"200"	"7528803765976223167"	50000	"slope"	-0.26265944
"0.85"	"0.8"	"0.05"	"0.01"	"0.005"	"0.01"	"100000"	"10000"	"200"	"7528803765976223167"	50000	"intercept"	0.36278262
"0.85"	"0.8"	"0.05"	"0.01"	"0.005"	"0.01"	"100000"	"10000"	"200"	"7528803765976223167"	55000	"slope"	-0.230470375
"0.85"	"0.8"	"0.05"	"0.01"	"0.005"	"0.01"	"100000"	"10000"	"200"	"7528803765976223167"	55000	"intercept"	0.34040035
"0.85"	"0.8"	"0.05"	"0.01"	"0.005"	"0.01"	"100000"	"10000"	"200"	"7528803765976223167"	60000	"slope"	-0.253707395
"0.85"	"0.8"	"0.05"	"0.01"	"0.005"	"0.01"	"100000"	"10000"	"200"	"7528803765976223167"	60000	"intercept"	0.359119905
"0.85"	"0.8"	"0.05"	"0.01"	"0.005"	"0.01"	"100000"	"10000"	"200"	"7528803765976223167"	65000	"slope"	-0.241653485
"0.85"	"0.8"	"0.05"	"0.01"	"0.005"	"0.01"	"100000"	"10000"	"200"	"7528803765976223167"	65000	"intercept"	0.34741822
"0.85"	"0.8"	"0.05"	"0.01"	"0.005"	"0.01"	"100000"	"10000"	"200"	"7528803765976223167"	70000	"slope"	-0.2495102
"0.85"	"0.8"	"0.05"	"0.01"	"0.005"	"0.01"	"100000"	"10000"	"200"	"7528803765976223167"	70000	"intercept"	0.347101725
"0.85"	"0.8"	"0.05"	"0.01"	"0.005"	"0.01"	"100000"	"10000"	"200"	"7528803765976223167"	75000	"slope"	-0.256126415
"0.85"	"0.8"	"0.05"	"0.01"	"0.005"	"0.01"	"100000"	"10000"	"200"	"7528803765976223167"	75000	"intercept"	0.35577088
"0.85"	"0.8"	"0.05"	"0.01"	"0.005"	"0.01"	"100000"	"10000"	"200"	"7528803765976223167"	80000	"slope"	-0.24917254
"0.85"	"0.8"	"0.05"	"0.01"	"0.005"	"0.01"	"100000"	"10000"	"200"	"7528803765976223167"	80000	"intercept"	0.35598423
"0.85"	"0.8"	"0.05"	"0.01"	"0.005"	"0.01"	"100000"	"10000"	"200"	"7528803765976223167"	85000	"slope"	-0.256096695
"0.85"	"0.8"	"0.05"	"0.01"	"0.005"	"0.01"	"100000"	"10000"	"200"	"7528803765976223167"	85000	"intercept"	0.36068816
"0.85"	"0.8"	"0.05"	"0.01"	"0.005"	"0.01"	"100000"	"10000"	"200"	"7528803765976223167"	90000	"slope"	-0.234472465
"0.85"	"0.8"	"0.05"	"0.01"	"0.005"	"0.01"	"100000"	"10000"	"200"	"7528803765976223167"	90000	"intercept"	0.341748825
"0.85"	"0.8"	"0.05"	"0.01"	"0.005"	"0.01"	"100000"	"10000"	"200"	"7528803765976223167"	95000	"slope"	-0.26368104
"0.85"	"0.8"	"0.05"	"0.01"	"0.005"	"0.01"	"100000"	"10000"	"200"	"7528803765976223167"	95000	"intercept"	0.364388555
"0.85"	"0.8"	"0.05"	"0.01"	"0.005"	"0.01"	"100000"	"10000"	"200"	"7528803765976223167"	100000	"slope"	-0.258379465
"0.85"	"0.8"	"0.05"	"0.01"	"0.005"	"0.01"	"100000"	"10000"	"200"	"7528803765976223167"	100000	"intercept"	0.36293663
"0.85"	"0.8"	"0.05"	"0.01"	"0.005"	"0.01"	"100000"	"10000"	"200"	"804686347814536297"	10	"slope"	3.5524625e-05
"0.85"	"0.8"	"0.05"	"0.01"	"0.005"	"0.01"	"100000"	"10000"	"200"	"804686347814536297"	10	"intercept"	0.499938145
"0.85"	"0.8"	"0.05"	"0.01"	"0.005"	"0.01"	"100000"	"10000"	"200"	"804686347814536297"	5000	"slope"	-0.1403621215
"0.85"	"0.8"	"0.05"	"0.01"	"0.005"	"0.01"	"100000"	"10000"	"200"	"804686347814536297"	5000	"intercept"	0.29022151
"0.85"	"0.8"	"0.05"	"0.01"	"0.005"	"0.01"	"100000"	"10000"	"200"	"804686347814536297"	10000	"slope"	-0.200324455
"0.85"	"0.8"	"0.05"	"0.01"	"0.005"	"0.01"	"100000"	"10000"	"200"	"804686347814536297"	10000	"intercept"	0.325603685
"0.85"	"0.8"	"0.05"	"0.01"	"0.005"	"0.01"	"100000"	"10000"	"200"	"804686347814536297"	15000	"slope"	-0.236311125
"0.85"	"0.8"	"0.05"	"0.01"	"0.005"	"0.01"	"100000"	"10000"	"200"	"804686347814536297"	15000	"intercept"	0.346090155
"0.85"	"0.8"	"0.05"	"0.01"	"0.005"	"0.01"	"100000"	"10000"	"200"	"804686347814536297"	20000	"slope"	-0.25097701
"0.85"	"0.8"	"0.05"	"0.01"	"0.005"	"0.01"	"100000"	"10000"	"200"	"804686347814536297"	20000	"intercept"	0.35877709
"0.85"	"0.8"	"0.05"	"0.01"	"0.005"	"0.01"	"100000"	"10000"	"200"	"804686347814536297"	25000	"slope"	-0.2546551
"0.85"	"0.8"	"0.05"	"0.01"	"0.005"	"0.01"	"100000"	"10000"	"200"	"804686347814536297"	25000	"intercept"	0.351505115
"0.85"	"0.8"	"0.05"	"0.01"	"0.005"	"0.01"	"100000"	"10000"	"200"	"804686347814536297"	30000	"slope"	-0.27610875
"0.85"	"0.8"	"0.05"	"0.01"	"0.005"	"0.01"	"100000"	"10000"	"200"	"804686347814536297"	30000	"intercept"	0.37592473
"0.85"	"0.8"	"0.05"	"0.01"	"0.005"	"0.01"	"100000"	"10000"	"200"	"804686347814536297"	35000	"slope"	-0.24838227
"0.85"	"0.8"	"0.05"	"0.01"	"0.005"	"0.01"	"100000"	"10000"	"200"	"804686347814536297"	35000	"intercept"	0.34664763
"0.85"	"0.8"	"0.05"	"0.01"	"0.005"	"0.01"	"100000"	"10000"	"200"	"804686347814536297"	40000	"slope"	-0.240961325
"0.85"	"0.8"	"0.05"	"0.01"	"0.005"	"0.01"	"100000"	"10000"	"200"	"804686347814536297"	40000	"intercept"	0.348855725
"0.85"	"0.8"	"0.05"	"0.01"	"0.005"	"0.01"	"100000"	"10000"	"200"	"804686347814536297"	45000	"slope"	-0.267915205
"0.85"	"0.8"	"0.05"	"0.01"	"0.005"	"0.01"	"100000"	"10000"	"200"	"804686347814536297"	45000	"intercept"	0.357324535
"0.85"	"0.8"	"0.05"	"0.01"	"0.005"	"0.01"	"100000"	"10000"	"200"	"804686347814536297"	50000	"slope"	-0.2337981
"0.85"	"0.8"	"0.05"	"0.01"	"0.005"	"0.01"	"100000"	"10000"	"200"	"804686347814536297"	50000	"intercept"	0.344871475
"0.85"	"0.8"	"0.05"	"0.01"	"0.005"	"0.01"	"100000"	"10000"	"200"	"804686347814536297"	55000	"slope"	-0.2469716
"0.85"	"0.8"	"0.05"	"0.01"	"0.005"	"0.01"	"100000"	"10000"	"200"	"804686347814536297"	55000	"intercept"	0.34970374
"0.85"	"0.8"	"0.05"	"0.01"	"0.005"	"0.01"	"100000"	"10000"	"200"	"804686347814536297"	60000	"slope"	-0.279610065
"0.85"	"0.8"	"0.05"	"0.01"	"0.005"	"0.01"	"100000"	"10000"	"200"	"804686347814536297"	60000	"intercept"	0.378076895
"0.85"	"0.8"	"0.05"	"0.01"	"0.005"	"0.01"	"100000"	"10000"	"200"	"804686347814536297"	65000	"slope"	-0.262906775
"0.85"	"0.8"	"0.05"	"0.01"	"0.005"	"0.01"	"100000"	"10000"	"200"	"804686347814536297"	65000	"intercept"	0.36764294
"0.85"	"0.8"	"0.05"	"0.01"	"0.005"	"0.01"	"100000"	"10000"	"200"	"804686347814536297"	70000	"slope"	-0.242854675
"0.85"	"0.8"	"0.05"	"0.01"	"0.005"	"0.01"	"100000"	"10000"	"200"	"804686347814536297"	70000	"intercept"	0.35364757
"0.85"	"0.8"	"0.05"	"0.01"	"0.005"	"0.01"	"100000"	"10000"	"200"	"804686347814536297"	75000	"slope"	-0.245929885
"0.85"	"0.8"	"0.05"	"0.01"	"0.005"	"0.01"	"100000"	"10000"	"200"	"804686347814536297"	75000	"intercept"	0.35259819
"0.85"	"0.8"	"0.05"	"0.01"	"0.005"	"0.01"	"100000"	"10000"	"200"	"804686347814536297"	80000	"slope"	-0.26499233
"0.85"	"0.8"	"0.05"	"0.01"	"0.005"	"0.01"	"100000"	"10000"	"200"	"804686347814536297"	80000	"intercept"	0.368186315
"0.85"	"0.8"	"0.05"	"0.01"	"0.005"	"0.01"	"100000"	"10000"	"200"	"804686347814536297"	85000	"slope"	-0.264561595
"0.85"	"0.8"	"0.05"	"0.01"	"0.005"	"0.01"	"100000"	"10000"	"200"	"804686347814536297"	85000	"intercept"	0.36494357
"0.85"	"0.8"	"0.05"	"0.01"	"0.005"	"0.01"	"100000"	"10000"	"200"	"804686347814536297"	90000	"slope"	-0.27203637
"0.85"	"0.8"	"0.05"	"0.01"	"0.005"	"0.01"	"100000"	"10000"	"200"	"804686347814536297"	90000	"intercept"	0.36834886
"0.85"	"0.8"	"0.05"	"0.01"	"0.005"	"0.01"	"100000"	"10000"	"200"	"804686347814536297"	95000	"slope"	-0.242545845
"0.85"	"0.8"	"0.05"	"0.01"	"0.005"	"0.01"	"100000"	"10000"	"200"	"804686347814536297"	95000	"intercept"	0.35036467
"0.85"	"0.8"	"0.05"	"0.01"	"0.005"	"0.01"	"100000"	"10000"	"200"	"804686347814536297"	100000	"slope"	-0.25540788
"0.85"	"0.8"	"0.05"	"0.01"	"0.005"	"0.01"	"100000"	"10000"	"200"	"804686347814536297"	100000	"intercept"	0.355716595
"0.95"	"0.0"	"0.05"	"0.01"	"0.005"	"0.01"	"100000"	"10000"	"200"	"2630448629327208256"	10	"slope"	-0.00016279745
"0.95"	"0.0"	"0.05"	"0.01"	"0.005"	"0.01"	"100000"	"10000"	"200"	"2630448629327208256"	10	"intercept"	0.500071105
"0.95"	"0.0"	"0.05"	"0.01"	"0.005"	"0.01"	"100000"	"10000"	"200"	"2630448629327208256"	5000	"slope"	0.068303670455
"0.95"	"0.0"	"0.05"	"0.01"	"0.005"	"0.01"	"100000"	"10000"	"200"	"2630448629327208256"	5000	"intercept"	0.66184559
"0.95"	"0.0"	"0.05"	"0.01"	"0.005"	"0.01"	"100000"	"10000"	"200"	"2630448629327208256"	10000	"slope"	0.048969186585
"0.95"	"0.0"	"0.05"	"0.01"	"0.005"	"0.01"	"100000"	"10000"	"200"	"2630448629327208256"	10000	"intercept"	0.67915259
"0.95"	"0.0"	"0.05"	"0.01"	"0.005"	"0.01"	"100000"	"10000"	"200"	"2630448629327208256"	15000	"slope"	0.01984605208
"0.95"	"0.0"	"0.05"	"0.01"	"0.005"	"0.01"	"100000"	"10000"	"200"	"2630448629327208256"	15000	"intercept"	0.69669874
"0.95"	"0.0"	"0.05"	"0.01"	"0.005"	"0.01"	"100000"	"10000"	"200"	"2630448629327208256"	20000	"slope"	0.00641857344
"0.95"	"0.0"	"0.05"	"0.01"	"0.005"	"0.01"	"100000"	"10000"	"200"	"2630448629327208256"	20000	"intercept"	0.70132107
"0.95"	"0.0"	"0.05"	"0.01"	"0.005"	"0.01"	"100000"	"10000"	"200"	"2630448629327208256"	25000	"slope"	-0.0020268731735
"0.95"	"0.0"	"0.05"	"0.01"	"0.005"	"0.01"	"100000"	"10000"	"200"	"2630448629327208256"	25000	"intercept"	0.69537847
"0.95"	"0.0"	"0.05"	"0.01"	"0.005"	"0.01"	"100000"	"10000"	"200"	"2630448629327208256"	30000	"slope"	0.02086972591
"0.95"	"0.0"	"0.05"	"0.01"	"0.005"	"0.01"	"100000"	"10000"	"200"	"2630448629327208256"	30000	"intercept"	0.69535442
"0.95"	"0.0"	"0.05"	"0.01"	"0.005"	"0.01"	"100000"	"10000"	"200"	"2630448629327208256"	35000	"slope"	0.00448189498
"0.95"	"0.0"	"0.05"	"0.01"	"0.005"	"0.01"	"100000"	"10000"	"200"	"2630448629327208256"	35000	"intercept"	0.69724757
"0.95"	"0.0"	"0.05"	"0.01"	"0.005"	"0.01"	"100000"	"10000"	"200"	"2630448629327208256"	40000	"slope"	0.0273795283325
"0.95"	"0.0"	"0.05"	"0.01"	"0.005"	"0.01"	"100000"	"10000"	"200"	"2630448629327208256"	40000	"intercept"	0.67164193
"0.95"	"0.0"	"0.05"	"0.01"	"0.005"	"0.01"	"100000"	"10000"	"200"	"2630448629327208256"	45000	"slope"	0.01346279032
"0.95"	"0.0"	"0.05"	"0.01"	"0.005"	"0.01"	"100000"	"10000"	"200"	"2630448629327208256"	45000	"intercept"	0.68634804
"0.95"	"0.0"	"0.05"	"0.01"	"0.005"	"0.01"	"100000"	"10000"	"200"	"2630448629327208256"	50000	"slope"	0.025352241632
"0.95"	"0.0"	"0.05"	"0.01"	"0.005"	"0.01"	"100000"	"10000"	"200"	"2630448629327208256"	50000	"intercept"	0.68841966
"0.95"	"0.0"	"0.05"	"0.01"	"0.005"	"0.01"	"100000"	"10000"	"200"	"2630448629327208256"	55000	"slope"	0.0309491109
"0.95"	"0.0"	"0.05"	"0.01"	"0.005"	"0.01"	"100000"	"10000"	"200"	"2630448629327208256"	55000	"intercept"	0.686977725
"0.95"	"0.0"	"0.05"	"0.01"	"0.005"	"0.01"	"100000"	"10000"	"200"	"2630448629327208256"	60000	"slope"	0.021770462855
"0.95"	"0.0"	"0.05"	"0.01"	"0.005"	"0.01"	"100000"	"10000"	"200"	"2630448629327208256"	60000	"intercept"	0.68654156
"0.95"	"0.0"	"0.05"	"0.01"	"0.005"	"0.01"	"100000"	"10000"	"200"	"2630448629327208256"	65000	"slope"	0.0230931508
"0.95"	"0.0"	"0.05"	"0.01"	"0.005"	"0.01"	"100000"	"10000"	"200"	"2630448629327208256"	65000	"intercept"	0.68531381
"0.95"	"0.0"	"0.05"	"0.01"	"0.005"	"0.01"	"100000"	"10000"	"200"	"2630448629327208256"	70000	"slope"	0.002690796199
"0.95"	"0.0"	"0.05"	"0.01"	"0.005"	"0.01"	"100000"	"10000"	"200"	"2630448629327208256"	70000	"intercept"	0.70127384
"0.95"	"0.0"	"0.05"	"0.01"	"0.005"	"0.01"	"100000"	"10000"	"200"	"2630448629327208256"	75000	"slope"	0.00108308388
"0.95"	"0.0"	"0.05"	"0.01"	"0.005"	"0.01"	"100000"	"10000"	"200"	"2630448629327208256"	75000	"intercept"	0.69112243
"0.95"	"0.0"	"0.05"	"0.01"	"0.005"	"0.01"	"100000"	"10000"	"200"	"2630448629327208256"	80000	"slope"	0.04347195223
"0.95"	"0.0"	"0.05"	"0.01"	"0.005"	"0.01"	"100000"	"10000"	"200"	"2630448629327208256"	80000	"intercept"	0.681070455
"0.95"	"0.0"	"0.05"	"0.01"	"0.005"	"0.01"	"100000"	"10000"	"200"	"2630448629327208256"	85000	"slope"	-0.02752078868
"0.95"	"0.0"	"0.05"	"0.01"	"0.005"	"0.01"	"100000"	"10000"	"200"	"2630448629327208256"	85000	"intercept"	0.701492845
"0.95"	"0.0"	"0.05"	"0.01"	"0.005"	"0.01"	"100000"	"10000"	"200"	"2630448629327208256"	90000	"slope"	0.004000703075
"0.95"	"0.0"	"0.05"	"0.01"	"0.005"	"0.01"	"100000"	"10000"	"200"	"2630448629327208256"	90000	"intercept"	0.692879475
"0.95"	"0.0"	"0.05"	"0.01"	"0.005"	"0.01"	"100000"	"10000"	"200"	"2630448629327208256"	95000	"slope"	-0.018783947065
"0.95"	"0.0"	"0.05"	"0.01"	"0.005"	"0.01"	"100000"	"10000"	"200"	"2630448629327208256"	95000	"intercept"	0.705264165
"0.95"	"0.0"	"0.05"	"0.01"	"0.005"	"0.01"	"100000"	"10000"	"200"	"2630448629327208256"	100000	"slope"	0.00172733555
"0.95"	"0.0"	"0.05"	"0.01"	"0.005"	"0.01"	"100000"	"10000"	"200"	"2630448629327208256"	100000	"intercept"	0.698146785
"0.95"	"0.0"	"0.05"	"0.01"	"0.005"	"0.01"	"100000"	"10000"	"200"	"4211161407394780853"	10	"slope"	4.22864e-05
"0.95"	"0.0"	"0.05"	"0.01"	"0.005"	"0.01"	"100000"	"10000"	"200"	"4211161407394780853"	10	"intercept"	0.500066825
"0.95"	"0.0"	"0.05"	"0.01"	"0.005"	"0.01"	"100000"	"10000"	"200"	"4211161407394780853"	5000	"slope"	0.08607607915
"0.95"	"0.0"	"0.05"	"0.01"	"0.005"	"0.01"	"100000"	"10000"	"200"	"4211161407394780853"	5000	"intercept"	0.65722743
"0.95"	"0.0"	"0.05"	"0.01"	"0.005"	"0.01"	"100000"	"10000"	"200"	"4211161407394780853"	10000	"slope"	0.054574342685
"0.95"	"0.0"	"0.05"	"0.01"	"0.005"	"0.01"	"100000"	"10000"	"200"	"4211161407394780853"	10000	"intercept"	0.6780266
"0.95"	"0.0"	"0.05"	"0.01"	"0.005"	"0.01"	"100000"	"10000"	"200"	"4211161407394780853"	15000	"slope"	0.00103842298
"0.95"	"0.0"	"0.05"	"0.01"	"0.005"	"0.01"	"100000"	"10000"	"200"	"4211161407394780853"	15000	"intercept"	0.690514025
"0.95"	"0.0"	"0.05"	"0.01"	"0.005"	"0.01"	"100000"	"10000"	"200"	"4211161407394780853"	20000	"slope"	-0.0003591173409
"0.95"	"0.0"	"0.05"	"0.01"	"0.005"	"0.01"	"100000"	"10000"	"200"	"4211161407394780853"	20000	"intercept"	0.700338715
"0.95"	"0.0"	"0.05"	"0.01"	"0.005"	"0.01"	"100000"	"10000"	"200"	"4211161407394780853"	25000	"slope"	-0.02326766048
"0.95"	"0.0"	"0.05"	"0.01"	"0.005"	"0.01"	"100000"	"10000"	"200"	"4211161407394780853"	25000	"intercept"	0.703561495
"0.95"	"0.0"	"0.05"	"0.01"	"0.005"	"0.01"	"100000"	"10000"	"200"	"4211161407394780853"	30000	"slope"	-0.03038237895
"0.95"	"0.0"	"0.05"	"0.01"	"0.005"	"0.01"	"100000"	"10000"	"200"	"4211161407394780853"	30000	"intercept"	0.70541657
"0.95"	"0.0"	"0.05"	"0.01"	"0.005"	"0.01"	"100000"	"10000"	"200"	"4211161407394780853"	35000	"slope"	-0.000978893594
"0.95"	"0.0"	"0.05"	"0.01"	"0.005"	"0.01"	"100000"	"10000"	"200"	"4211161407394780853"	35000	"intercept"	0.69370965
"0.95"	"0.0"	"0.05"	"0.01"	"0.005"	"0.01"	"100000"	"10000"	"200"	"4211161407394780853"	40000	"slope"	0.015656489755
"0.95"	"0.0"	"0.05"	"0.01"	"0.005"	"0.01"	"100000"	"10000"	"200"	"4211161407394780853"	40000	"intercept"	0.692058835
"0.95"	"0.0"	"0.05"	"0.01"	"0.005"	"0.01"	"100000"	"10000"	"200"	"4211161407394780853"	45000	"slope"	0.02287789675
"0.95"	"0.0"	"0.05"	"0.01"	"0.005"	"0.01"	"100000"	"10000"	"200"	"4211161407394780853"	45000	"intercept"	0.680724365
"0.95"	"0.0"	"0.05"	"0.01"	"0.005"	"0.01"	"100000"	"10000"	"200"	"4211161407394780853"	50000	"slope"	0.04450170621
"0.95"	"0.0"	"0.05"	"0.01"	"0.005"	"0.01"	"100000"	"10000"	"200"	"4211161407394780853"	50000	"intercept"	0.67899864
"0.95"	"0.0"	"0.05"	"0.01"	"0.005"	"0.01"	"100000"	"10000"	"200"	"4211161407394780853"	55000	"slope"	0.000389667025
"0.95"	"0.0"	"0.05"	"0.01"	"0.005"	"0.01"	"100000"	"10000"	"200"	"4211161407394780853"	55000	"intercept"	0.70829992
"0.95"	"0.0"	"0.05"	"0.01"	"0.005"	"0.01"	"100000"	"10000"	"200"	"4211161407394780853"	60000	"slope"	0.00057949276
"0.95"	"0.0"	"0.05"	"0.01"	"0.005"	"0.01"	"100000"	"10000"	"200"	"4211161407394780853"	60000	"intercept"	0.688330195
"0.95"	"0.0"	"0.05"	"0.01"	"0.005"	"0.01"	"100000"	"10000"	"200"	"4211161407394780853"	65000	"slope"	-0.006766630125
"0.95"	"0.0"	"0.05"	"0.01"	"0.005"	"0.01"	"100000"	"10000"	"200"	"4211161407394780853"	65000	"intercept"	0.70387803
"0.95"	"0.0"	"0.05"	"0.01"	"0.005"	"0.01"	"100000"	"10000"	"200"	"4211161407394780853"	70000	"slope"	-0.006935908875
"0.95"	"0.0"	"0.05"	"0.01"	"0.005"	"0.01"	"100000"	"10000"	"200"	"4211161407394780853"	70000	"intercept"	0.69761411
"0.95"	"0.0"	"0.05"	"0.01"	"0.005"	"0.01"	"100000"	"10000"	"200"	"4211161407394780853"	75000	"slope"	0.02142210309
"0.95"	"0.0"	"0.05"	"0.01"	"0.005"	"0.01"	"100000"	"10000"	"200"	"4211161407394780853"	75000	"intercept"	0.68867499
"0.95"	"0.0"	"0.05"	"0.01"	"0.005"	"0.01"	"100000"	"10000"	"200"	"4211161407394780853"	80000	"slope"	0.035673965535
"0.95"	"0.0"	"0.05"	"0.01"	"0.005"	"0.01"	"100000"	"10000"	"200"	"4211161407394780853"	80000	"intercept"	0.68424713
"0.95"	"0.0"	"0.05"	"0.01"	"0.005"	"0.01"	"100000"	"10000"	"200"	"4211161407394780853"	85000	"slope"	-0.008697261525
"0.95"	"0.0"	"0.05"	"0.01"	"0.005"	"0.01"	"100000"	"10000"	"200"	"4211161407394780853"	85000	"intercept"	0.70266874
"0.95"	"0.0"	"0.05"	"0.01"	"0.005"	"0.01"	"100000"	"10000"	"200"	"4211161407394780853"	90000	"slope"	0.003343190445
"0.95"	"0.0"	"0.05"	"0.01"	"0.005"	"0.01"	"100000"	"10000"	"200"	"4211161407394780853"	90000	"intercept"	0.7001706
"0.95"	"0.0"	"0.05"	"0.01"	"0.005"	"0.01"	"100000"	"10000"	"200"	"4211161407394780853"	95000	"slope"	-0.005118740865
"0.95"	"0.0"	"0.05"	"0.01"	"0.005"	"0.01"	"100000"	"10000"	"200"	"4211161407394780853"	95000	"intercept"	0.70640264
"0.95"	"0.0"	"0.05"	"0.01"	"0.005"	"0.01"	"100000"	"10000"	"200"	"4211161407394780853"	100000	"slope"	0.003826687085
"0.95"	"0.0"	"0.05"	"0.01"	"0.005"	"0.01"	"100000"	"10000"	"200"	"4211161407394780853"	100000	"intercept"	0.68758301
"0.95"	"0.0"	"0.05"	"0.01"	"0.005"	"0.01"	"100000"	"10000"	"200"	"5906944821742826272"	10	"slope"	0.00012642658
"0.95"	"0.0"	"0.05"	"0.01"	"0.005"	"0.01"	"100000"	"10000"	"200"	"5906944821742826272"	10	"intercept"	0.49994587
"0.95"	"0.0"	"0.05"	"0.01"	"0.005"	"0.01"	"100000"	"10000"	"200"	"5906944821742826272"	5000	"slope"	0.0399838381005
"0.95"	"0.0"	"0.05"	"0.01"	"0.005"	"0.01"	"100000"	"10000"	"200"	"5906944821742826272"	5000	"intercept"	0.682214015
"0.95"	"0.0"	"0.05"	"0.01"	"0.005"	"0.01"	"100000"	"10000"	"200"	"5906944821742826272"	10000	"slope"	0.03592140036
"0.95"	"0.0"	"0.05"	"0.01"	"0.005"	"0.01"	"100000"	"10000"	"200"	"5906944821742826272"	10000	"intercept"	0.676574165
"0.95"	"0.0"	"0.05"	"0.01"	"0.005"	"0.01"	"100000"	"10000"	"200"	"5906944821742826272"	15000	"slope"	0.04935529209
"0.95"	"0.0"	"0.05"	"0.01"	"0.005"	"0.01"	"100000"	"10000"	"200"	"5906944821742826272"	15000	"intercept"	0.683144185
"0.95"	"0.0"	"0.05"	"0.01"	"0.005"	"0.01"	"100000"	"10000"	"200"	"5906944821742826272"	20000	"slope"	0.020064076745
"0.95"	"0.0"	"0.05"	"0.01"	"0.005"	"0.01"	"100000"	"10000"	"200"	"5906944821742826272"	20000	"intercept"	0.68543445
"0.95"	"0.0"	"0.05"	"0.01"	"0.005"	"0.01"	"100000"	"10000"	"200"	"5906944821742826272"	25000	"slope"	0.0153741533
"0.95"	"0.0"	"0.05"	"0.01"	"0.005"	"0.01"	"100000"	"10000"	"200"	"5906944821742826272"	25000	"intercept"	0.69405088
"0.95"	"0.0"	"0.05"	"0.01"	"0.005"	"0.01"	"100000"	"10000"	"200"	"5906944821742826272"	30000	"slope"	0.0008662762
"0.95"	"0.0"	"0.05"	"0.01"	"0.005"	"0.01"	"100000"	"10000"	"200"	"5906944821742826272"	30000	"intercept"	0.696047775
"0.95"	"0.0"	"0.05"	"0.01"	"0.005"	"0.01"	"100000"	"10000"	"200"	"5906944821742826272"	35000	"slope"	0.018972964
"0.95"	"0.0"	"0.05"	"0.01"	"0.005"	"0.01"	"100000"	"10000"	"200"	"5906944821742826272"	35000	"intercept"	0.692083525
"0.95"	"0.0"	"0.05"	"0.01"	"0.005"	"0.01"	"100000"	"10000"	"200"	"5906944821742826272"	40000	"slope"	0.000719088505
"0.95"	"0.0"	"0.05"	"0.01"	"0.005"	"0.01"	"100000"	"10000"	"200"	"5906944821742826272"	40000	"intercept"	0.69630795
"0.95"	"0.0"	"0.05"	"0.01"	"0.005"	"0.01"	"100000"	"10000"	"200"	"5906944821742826272"	45000	"slope"	0.02318141411
"0.95"	"0.0"	"0.05"	"0.01"	"0.005"	"0.01"	"100000"	"10000"	"200"	"5906944821742826272"	45000	"intercept"	0.68922363
"0.95"	"0.0"	"0.05"	"0.01"	"0.005"	"0.01"	"100000"	"10000"	"200"	"5906944821742826272"	50000	"slope"	0.00981402987
"0.95"	"0.0"	"0.05"	"0.01"	"0.005"	"0.01"	"100000"	"10000"	"200"	"5906944821742826272"	50000	"intercept"	0.69094284
"0.95"	"0.0"	"0.05"	"0.01"	"0.005"	"0.01"	"100000"	"10000"	"200"	"5906944821742826272"	55000	"slope"	-0.00247239113
"0.95"	"0.0"	"0.05"	"0.01"	"0.005"	"0.01"	"100000"	"10000"	"200"	"5906944821742826272"	55000	"intercept"	0.699523455
"0.95"	"0.0"	"0.05"	"0.01"	"0.005"	"0.01"	"100000"	"10000"	"200"	"5906944821742826272"	60000	"slope"	0.002383118505
"0.95"	"0.0"	"0.05"	"0.01"	"0.005"	"0.01"	"100000"	"10000"	"200"	"5906944821742826272"	60000	"intercept"	0.69662304
"0.95"	"0.0"	"0.05"	"0.01"	"0.005"	"0.01"	"100000"	"10000"	"200"	"5906944821742826272"	65000	"slope"	-0.002426555145
"0.95"	"0.0"	"0.05"	"0.01"	"0.005"	"0.01"	"100000"	"10000"	"200"	"5906944821742826272"	65000	"intercept"	0.699128235
"0.95"	"0.0"	"0.05"	"0.01"	"0.005"	"0.01"	"100000"	"10000"	"200"	"5906944821742826272"	70000	"slope"	0.0283006926625
"0.95"	"0.0"	"0.05"	"0.01"	"0.005"	"0.01"	"100000"	"10000"	"200"	"5906944821742826272"	70000	"intercept"	0.68765421
"0.95"	"0.0"	"0.05"	"0.01"	"0.005"	"0.01"	"100000"	"10000"	"200"	"5906944821742826272"	75000	"slope"	0.02084598272
"0.95"	"0.0"	"0.05"	"0.01"	"0.005"	"0.01"	"100000"	"10000"	"200"	"5906944821742826272"	75000	"intercept"	0.68748444
"0.95"	"0.0"	"0.05"	"0.01"	"0.005"	"0.01"	"100000"	"10000"	"200"	"5906944821742826272"	80000	"slope"	-0.00192089642
"0.95"	"0.0"	"0.05"	"0.01"	"0.005"	"0.01"	"100000"	"10000"	"200"	"5906944821742826272"	80000	"intercept"	0.69874594
"0.95"	"0.0"	"0.05"	"0.01"	"0.005"	"0.01"	"100000"	"10000"	"200"	"5906944821742826272"	85000	"slope"	0.010616943445
"0.95"	"0.0"	"0.05"	"0.01"	"0.005"	"0.01"	"100000"	"10000"	"200"	"5906944821742826272"	85000	"intercept"	0.701049
"0.95"	"0.0"	"0.05"	"0.01"	"0.005"	"0.01"	"100000"	"10000"	"200"	"5906944821742826272"	90000	"slope"	0.0145924166
"0.95"	"0.0"	"0.05"	"0.01"	"0.005"	"0.01"	"100000"	"10000"	"200"	"5906944821742826272"	90000	"intercept"	0.681953425
"0.95"	"0.0"	"0.05"	"0.01"	"0.005"	"0.01"	"100000"	"10000"	"200"	"5906944821742826272"	95000	"slope"	0.00206115571
"0.95"	"0.0"	"0.05"	"0.01"	"0.005"	"0.01"	"100000"	"10000"	"200"	"5906944821742826272"	95000	"intercept"	0.696212485
"0.95"	"0.0"	"0.05"	"0.01"	"0.005"	"0.01"	"100000"	"10000"	"200"	"5906944821742826272"	100000	"slope"	-0.004039669195
"0.95"	"0.0"	"0.05"	"0.01"	"0.005"	"0.01"	"100000"	"10000"	"200"	"5906944821742826272"	100000	"intercept"	0.70914864
"0.95"	"0.4"	"0.05"	"0.01"	"0.005"	"0.01"	"100000"	"10000"	"200"	"6457131854203539565"	10	"slope"	5.5319625e-05
"0.95"	"0.4"	"0.05"	"0.01"	"0.005"	"0.01"	"100000"	"10000"	"200"	"6457131854203539565"	10	"intercept"	0.500016145
"0.95"	"0.4"	"0.05"	"0.01"	"0.005"	"0.01"	"100000"	"10000"	"200"	"6457131854203539565"	5000	"slope"	0.001813154415
"0.95"	"0.4"	"0.05"	"0.01"	"0.005"	"0.01"	"100000"	"10000"	"200"	"6457131854203539565"	5000	"intercept"	0.607413695
"0.95"	"0.4"	"0.05"	"0.01"	"0.005"	"0.01"	"100000"	"10000"	"200"	"6457131854203539565"	10000	"slope"	-0.015505543625
"0.95"	"0.4"	"0.05"	"0.01"	"0.005"	"0.01"	"100000"	"10000"	"200"	"6457131854203539565"	10000	"intercept"	0.60362495
"0.95"	"0.4"	"0.05"	"0.01"	"0.005"	"0.01"	"100000"	"10000"	"200"	"6457131854203539565"	15000	"slope"	-0.0475104579045
"0.95"	"0.4"	"0.05"	"0.01"	"0.005"	"0.01"	"100000"	"10000"	"200"	"6457131854203539565"	15000	"intercept"	0.62023936
"0.95"	"0.4"	"0.05"	"0.01"	"0.005"	"0.01"	"100000"	"10000"	"200"	"6457131854203539565"	20000	"slope"	-0.081334639535
"0.95"	"0.4"	"0.05"	"0.01"	"0.005"	"0.01"	"100000"	"10000"	"200"	"6457131854203539565"	20000	"intercept"	0.62353175
"0.95"	"0.4"	"0.05"	"0.01"	"0.005"	"0.01"	"100000"	"10000"	"200"	"6457131854203539565"	25000	"slope"	-0.09447980265
"0.95"	"0.4"	"0.05"	"0.01"	"0.005"	"0.01"	"100000"	"10000"	"200"	"6457131854203539565"	25000	"intercept"	0.63697697
"0.95"	"0.4"	"0.05"	"0.01"	"0.005"	"0.01"	"100000"	"10000"	"200"	"6457131854203539565"	30000	"slope"	-0.073900304135
"0.95"	"0.4"	"0.05"	"0.01"	"0.005"	"0.01"	"100000"	"10000"	"200"	"6457131854203539565"	30000	"intercept"	0.62458339
"0.95"	"0.4"	"0.05"	"0.01"	"0.005"	"0.01"	"100000"	"10000"	"200"	"6457131854203539565"	35000	"slope"	-0.07365289245
"0.95"	"0.4"	"0.05"	"0.01"	"0.005"	"0.01"	"100000"	"10000"	"200"	"6457131854203539565"	35000	"intercept"	0.618857885
"0.95"	"0.4"	"0.05"	"0.01"	"0.005"	"0.01"	"100000"	"10000"	"200"	"6457131854203539565"	40000	"slope"	-0.0822141362
"0.95"	"0.4"	"0.05"	"0.01"	"0.005"	"0.01"	"100000"	"10000"	"200"	"6457131854203539565"	40000	"intercept"	0.629764695
"0.95"	"0.4"	"0.05"	"0.01"	"0.005"	"0.01"	"100000"	"10000"	"200"	"6457131854203539565"	45000	"slope"	-0.1027645771
"0.95"	"0.4"	"0.05"	"0.01"	"0.005"	"0.01"	"100000"	"10000"	"200"	"6457131854203539565"	45000	"intercept"	0.631930685
"0.95"	"0.4"	"0.05"	"0.01"	"0.005"	"0.01"	"100000"	"10000"	"200"	"6457131854203539565"	50000	"slope"	-0.127081884
"0.95"	"0.4"	"0.05"	"0.01"	"0.005"	"0.01"	"100000"	"10000"	"200"	"6457131854203539565"	50000	"intercept"	0.648262255
"0.95"	"0.4"	"0.05"	"0.01"	"0.005"	"0.01"	"100000"	"10000"	"200"	"6457131854203539565"	55000	"slope"	-0.11088818885
"0.95"	"0.4"	"0.05"	"0.01"	"0.005"	"0.01"	"100000"	"10000"	"200"	"6457131854203539565"	55000	"intercept"	0.635672595
"0.95"	"0.4"	"0.05"	"0.01"	"0.005"	"0.01"	"100000"	"10000"	"200"	"6457131854203539565"	60000	"slope"	-0.0952454073
"0.95"	"0.4"	"0.05"	"0.01"	"0.005"	"0.01"	"100000"	"10000"	"200"	"6457131854203539565"	60000	"intercept"	0.63809064
"0.95"	"0.4"	"0.05"	"0.01"	"0.005"	"0.01"	"100000"	"10000"	"200"	"6457131854203539565"	65000	"slope"	-0.0921232594
"0.95"	"0.4"	"0.05"	"0.01"	"0.005"	"0.01"	"100000"	"10000"	"200"	"6457131854203539565"	65000	"intercept"	0.62850943
"0.95"	"0.4"	"0.05"	"0.01"	"0.005"	"0.01"	"100000"	"10000"	"200"	"6457131854203539565"	70000	"slope"	-0.0837789096
"0.95"	"0.4"	"0.05"	"0.01"	"0.005"	"0.01"	"100000"	"10000"	"200"	"6457131854203539565"	70000	"intercept"	0.63618385
"0.95"	"0.4"	"0.05"	"0.01"	"0.005"	"0.01"	"100000"	"10000"	"200"	"6457131854203539565"	75000	"slope"	-0.075295028145
"0.95"	"0.4"	"0.05"	"0.01"	"0.005"	"0.01"	"100000"	"10000"	"200"	"6457131854203539565"	75000	"intercept"	0.62584658
"0.95"	"0.4"	"0.05"	"0.01"	"0.005"	"0.01"	"100000"	"10000"	"200"	"6457131854203539565"	80000	"slope"	-0.10419708305
"0.95"	"0.4"	"0.05"	"0.01"	"0.005"	"0.01"	"100000"	"10000"	"200"	"6457131854203539565"	80000	"intercept"	0.63122634
"0.95"	"0.4"	"0.05"	"0.01"	"0.005"	"0.01"	"100000"	"10000"	"200"	"6457131854203539565"	85000	"slope"	-0.084376939019
"0.95"	"0.4"	"0.05"	"0.01"	"0.005"	"0.01"	"100000"	"10000"	"200"	"6457131854203539565"	85000	"intercept"	0.62688037
"0.95"	"0.4"	"0.05"	"0.01"	"0.005"	"0.01"	"100000"	"10000"	"200"	"6457131854203539565"	90000	"slope"	-0.076743877685
"0.95"	"0.4"	"0.05"	"0.01"	"0.005"	"0.01"	"100000"	"10000"	"200"	"6457131854203539565"	90000	"intercept"	0.63062006
"0.95"	"0.4"	"0.05"	"0.01"	"0.005"	"0.01"	"100000"	"10000"	"200"	"6457131854203539565"	95000	"slope"	-0.0941978295
"0.95"	"0.4"	"0.05"	"0.01"	"0.005"	"0.01"	"100000"	"10000"	"200"	"6457131854203539565"	95000	"intercept"	0.63014406
"0.95"	"0.4"	"0.05"	"0.01"	"0.005"	"0.01"	"100000"	"10000"	"200"	"6457131854203539565"	100000	"slope"	-0.1017307846
"0.95"	"0.4"	"0.05"	"0.01"	"0.005"	"0.01"	"100000"	"10000"	"200"	"6457131854203539565"	100000	"intercept"	0.638123275
"0.95"	"0.4"	"0.05"	"0.01"	"0.005"	"0.01"	"100000"	"10000"	"200"	"8006694746909436394"	10	"slope"	-0.000105391975
"0.95"	"0.4"	"0.05"	"0.01"	"0.005"	"0.01"	"100000"	"10000"	"200"	"8006694746909436394"	10	"intercept"	0.499901245
"0.95"	"0.4"	"0.05"	"0.01"	"0.005"	"0.01"	"100000"	"10000"	"200"	"8006694746909436394"	5000	"slope"	0.015450189305
"0.95"	"0.4"	"0.05"	"0.01"	"0.005"	"0.01"	"100000"	"10000"	"200"	"8006694746909436394"	5000	"intercept"	0.59452009
"0.95"	"0.4"	"0.05"	"0.01"	"0.005"	"0.01"	"100000"	"10000"	"200"	"8006694746909436394"	10000	"slope"	-0.03246245285
"0.95"	"0.4"	"0.05"	"0.01"	"0.005"	"0.01"	"100000"	"10000"	"200"	"8006694746909436394"	10000	"intercept"	0.61869479
"0.95"	"0.4"	"0.05"	"0.01"	"0.005"	"0.01"	"100000"	"10000"	"200"	"8006694746909436394"	15000	"slope"	-0.052918265615
"0.95"	"0.4"	"0.05"	"0.01"	"0.005"	"0.01"	"100000"	"10000"	"200"	"8006694746909436394"	15000	"intercept"	0.616123135
"0.95"	"0.4"	"0.05"	"0.01"	"0.005"	"0.01"	"100000"	"10000"	"200"	"8006694746909436394"	20000	"slope"	-0.056016873575
"0.95"	"0.4"	"0.05"	"0.01"	"0.005"	"0.01"	"100000"	"10000"	"200"	"8006694746909436394"	20000	"intercept"	0.62116475
"0.95"	"0.4"	"0.05"	"0.01"	"0.005"	"0.01"	"100000"	"10000"	"200"	"8006694746909436394"	25000	"slope"	-0.07552510225
"0.95"	"0.4"	"0.05"	"0.01"	"0.005"	"0.01"	"100000"	"10000"	"200"	"8006694746909436394"	25000	"intercept"	0.624459385
"0.95"	"0.4"	"0.05"	"0.01"	"0.005"	"0.01"	"100000"	"10000"	"200"	"8006694746909436394"	30000	"slope"	-0.086959755085
"0.95"	"0.4"	"0.05"	"0.01"	"0.005"	"0.01"	"100000"	"10000"	"200"	"8006694746909436394"	30000	"intercept"	0.62701396
"0.95"	"0.4"	"0.05"	"0.01"	"0.005"	"0.01"	"100000"	"10000"	"200"	"8006694746909436394"	35000	"slope"	-0.1016093082
"0.95"	"0.4"	"0.05"	"0.01"	"0.005"	"0.01"	"100000"	"10000"	"200"	"8006694746909436394"	35000	"intercept"	0.632496935
"0.95"	"0.4"	"0.05"	"0.01"	"0.005"	"0.01"	"100000"	"10000"	"200"	"8006694746909436394"	40000	"slope"	-0.076031985695
"0.95"	"0.4"	"0.05"	"0.01"	"0.005"	"0.01"	"100000"	"10000"	"200"	"8006694746909436394"	40000	"intercept"	0.628944795
"0.95"	"0.4"	"0.05"	"0.01"	"0.005"	"0.01"	"100000"	"10000"	"200"	"8006694746909436394"	45000	"slope"	-0.075212053215
"0.95"	"0.4"	"0.05"	"0.01"	"0.005"	"0.01"	"100000"	"10000"	"200"	"8006694746909436394"	45000	"intercept"	0.626290275
"0.95"	"0.4"	"0.05"	"0.01"	"0.005"	"0.01"	"100000"	"10000"	"200"	"8006694746909436394"	50000	"slope"	-0.0801853766
"0.95"	"0.4"	"0.05"	"0.01"	"0.005"	"0.01"	"100000"	"10000"	"200"	"8006694746909436394"	50000	"intercept"	0.62985604
"0.95"	"0.4"	"0.05"	"0.01"	"0.005"	"0.01"	"100000"	"10000"	"200"	"8006694746909436394"	55000	"slope"	-0.068766763015
"0.95"	"0.4"	"0.05"	"0.01"	"0.005"	"0.01"	"100000"	"10000"	"200"	"8006694746909436394"	55000	"intercept"	0.62838014
"0.95"	"0.4"	"0.05"	"0.01"	"0.005"	"0.01"	"100000"	"10000"	"200"	"8006694746909436394"	60000	"slope"	-0.07690352915
"0.95"	"0.4"	"0.05"	"0.01"	"0.005"	"0.01"	"100000"	"10000"	"200"	"8006694746909436394"	60000	"intercept"	0.617321225
"0.95"	"0.4"	"0.05"	"0.01"	"0.005"	"0.01"	"100000"	"10000"	"200"	"8006694746909436394"	65000	"slope"	-0.080749095315
"0.95"	"0.4"	"0.05"	"0.01"	"0.005"	"0.01"	"100000"	"10000"	"200"	"8006694746909436394"	65000	"intercept"	0.62756646
"0.95"	"0.4"	"0.05"	"0.01"	"0.005"	"0.01"	"100000"	"10000"	"200"	"8006694746909436394"	70000	"slope"	-0.07691859652
"0.95"	"0.4"	"0.05"	"0.01"	"0.005"	"0.01"	"100000"	"10000"	"200"	"8006694746909436394"	70000	"intercept"	0.61814728
"0.95"	"0.4"	"0.05"	"0.01"	"0.005"	"0.01"	"100000"	"10000"	"200"	"8006694746909436394"	75000	"slope"	-0.0773119339405
"0.95"	"0.4"	"0.05"	"0.01"	"0.005"	"0.01"	"100000"	"10000"	"200"	"8006694746909436394"	75000	"intercept"	0.62443817
"0.95"	"0.4"	"0.05"	"0.01"	"0.005"	"0.01"	"100000"	"10000"	"200"	"8006694746909436394"	80000	"slope"	-0.08153720581
"0.95"	"0.4"	"0.05"	"0.01"	"0.005"	"0.01"	"100000"	"10000"	"200"	"8006694746909436394"	80000	"intercept"	0.62770691
"0.95"	"0.4"	"0.05"	"0.01"	"0.005"	"0.01"	"100000"	"10000"	"200"	"8006694746909436394"	85000	"slope"	-0.084681694165
"0.95"	"0.4"	"0.05"	"0.01"	"0.005"	"0.01"	"100000"	"10000"	"200"	"8006694746909436394"	85000	"intercept"	0.63029218
"0.95"	"0.4"	"0.05"	"0.01"	"0.005"	"0.01"	"100000"	"10000"	"200"	"8006694746909436394"	90000	"slope"	-0.0786280142395
"0.95"	"0.4"	"0.05"	"0.01"	"0.005"	"0.01"	"100000"	"10000"	"200"	"8006694746909436394"	90000	"intercept"	0.62068094
"0.95"	"0.4"	"0.05"	"0.01"	"0.005"	"0.01"	"100000"	"10000"	"200"	"8006694746909436394"	95000	"slope"	-0.09081542075
"0.95"	"0.4"	"0.05"	"0.01"	"0.005"	"0.01"	"100000"	"10000"	"200"	"8006694746909436394"	95000	"intercept"	0.63536643
"0.95"	"0.4"	"0.05"	"0.01"	"0.005"	"0.01"	"100000"	"10000"	"200"	"8006694746909436394"	100000	"slope"	-0.09617206405
"0.95"	"0.4"	"0.05"	"0.01"	"0.005"	"0.01"	"100000"	"10000"	"200"	"8006694746909436394"	100000	"intercept"	0.636637935
"0.95"	"0.4"	"0.05"	"0.01"	"0.005"	"0.01"	"100000"	"10000"	"200"	"8338328203876756750"	10	"slope"	-9.145421e-05
"0.95"	"0.4"	"0.05"	"0.01"	"0.005"	"0.01"	"100000"	"10000"	"200"	"8338328203876756750"	10	"intercept"	0.500137465
"0.95"	"0.4"	"0.05"	"0.01"	"0.005"	"0.01"	"100000"	"10000"	"200"	"8338328203876756750"	5000	"slope"	0.019387635555
"0.95"	"0.4"	"0.05"	"0.01"	"0.005"	"0.01"	"100000"	"10000"	"200"	"8338328203876756750"	5000	"intercept"	0.59242763
"0.95"	"0.4"	"0.05"	"0.01"	"0.005"	"0.01"	"100000"	"10000"	"200"	"8338328203876756750"	10000	"slope"	-0.022186580752
"0.95"	"0.4"	"0.05"	"0.01"	"0.005"	"0.01"	"100000"	"10000"	"200"	"8338328203876756750"	10000	"intercept"	0.601772335
"0.95"	"0.4"	"0.05"	"0.01"	"0.005"	"0.01"	"100000"	"10000"	"200"	"8338328203876756750"	15000	"slope"	-0.09001115632
"0.95"	"0.4"	"0.05"	"0.01"	"0.005"	"0.01"	"100000"	"10000"	"200"	"8338328203876756750"	15000	"intercept"	0.628128035
"0.95"	"0.4"	"0.05"	"0.01"	"0.005"	"0.01"	"100000"	"10000"	"200"	"8338328203876756750"	20000	"slope"	-0.0920262287
"0.95"	"0.4"	"0.05"	"0.01"	"0.005"	"0.01"	"100000"	"10000"	"200"	"8338328203876756750"	20000	"intercept"	0.63265569
"0.95"	"0.4"	"0.05"	"0.01"	"0.005"	"0.01"	"100000"	"10000"	"200"	"8338328203876756750"	25000	"slope"	-0.058752193615
"0.95"	"0.4"	"0.05"	"0.01"	"0.005"	"0.01"	"100000"	"10000"	"200"	"8338328203876756750"	25000	"intercept"	0.622896335
"0.95"	"0.4"	"0.05"	"0.01"	"0.005"	"0.01"	"100000"	"10000"	"200"	"8338328203876756750"	30000	"slope"	-0.084582907485
"0.95"	"0.4"	"0.05"	"0.01"	"0.005"	"0.01"	"100000"	"10000"	"200"	"8338328203876756750"	30000	"intercept"	0.62528268
"0.95"	"0.4"	"0.05"	"0.01"	"0.005"	"0.01"	"100000"	"10000"	"200"	"8338328203876756750"	35000	"slope"	-0.0554625825
"0.95"	"0.4"	"0.05"	"0.01"	"0.005"	"0.01"	"100000"	"10000"	"200"	"8338328203876756750"	35000	"intercept"	0.6213606
"0.95"	"0.4"	"0.05"	"0.01"	"0.005"	"0.01"	"100000"	"10000"	"200"	"8338328203876756750"	40000	"slope"	-0.0998236345
"0.95"	"0.4"	"0.05"	"0.01"	"0.005"	"0.01"	"100000"	"10000"	"200"	"8338328203876756750"	40000	"intercept"	0.62755803
"0.95"	"0.4"	"0.05"	"0.01"	"0.005"	"0.01"	"100000"	"10000"	"200"	"8338328203876756750"	45000	"slope"	-0.1092299765
"0.95"	"0.4"	"0.05"	"0.01"	"0.005"	"0.01"	"100000"	"10000"	"200"	"8338328203876756750"	45000	"intercept"	0.63876991
"0.95"	"0.4"	"0.05"	"0.01"	"0.005"	"0.01"	"100000"	"10000"	"200"	"8338328203876756750"	50000	"slope"	-0.090491113895
"0.95"	"0.4"	"0.05"	"0.01"	"0.005"	"0.01"	"100000"	"10000"	"200"	"8338328203876756750"	50000	"intercept"	0.629422195
"0.95"	"0.4"	"0.05"	"0.01"	"0.005"	"0.01"	"100000"	"10000"	"200"	"8338328203876756750"	55000	"slope"	-0.0911020648
"0.95"	"0.4"	"0.05"	"0.01"	"0.005"	"0.01"	"100000"	"10000"	"200"	"8338328203876756750"	55000	"intercept"	0.625339045
"0.95"	"0.4"	"0.05"	"0.01"	"0.005"	"0.01"	"100000"	"10000"	"200"	"8338328203876756750"	60000	"slope"	-0.08916286272
"0.95"	"0.4"	"0.05"	"0.01"	"0.005"	"0.01"	"100000"	"10000"	"200"	"8338328203876756750"	60000	"intercept"	0.62612731
"0.95"	"0.4"	"0.05"	"0.01"	"0.005"	"0.01"	"100000"	"10000"	"200"	"8338328203876756750"	65000	"slope"	-0.10485665116
"0.95"	"0.4"	"0.05"	"0.01"	"0.005"	"0.01"	"100000"	"10000"	"200"	"8338328203876756750"	65000	"intercept"	0.64109626
"0.95"	"0.4"	"0.05"	"0.01"	"0.005"	"0.01"	"100000"	"10000"	"200"	"8338328203876756750"	70000	"slope"	-0.0689356680065
"0.95"	"0.4"	"0.05"	"0.01"	"0.005"	"0.01"	"100000"	"10000"	"200"	"8338328203876756750"	70000	"intercept"	0.62024818
"0.95"	"0.4"	"0.05"	"0.01"	"0.005"	"0.01"	"100000"	"10000"	"200"	"8338328203876756750"	75000	"slope"	-0.0436734965725
"0.95"	"0.4"	"0.05"	"0.01"	"0.005"	"0.01"	"100000"	"10000"	"200"	"8338328203876756750"	75000	"intercept"	0.61568365
"0.95"	"0.4"	"0.05"	"0.01"	"0.005"	"0.01"	"100000"	"10000"	"200"	"8338328203876756750"	80000	"slope"	-0.0727462107
"0.95"	"0.4"	"0.05"	"0.01"	"0.005"	"0.01"	"100000"	"10000"	"200"	"8338328203876756750"	80000	"intercept"	0.634475245
"0.95"	"0.4"	"0.05"	"0.01"	"0.005"	"0.01"	"100000"	"10000"	"200"	"8338328203876756750"	85000	"slope"	-0.06958229635
"0.95"	"0.4"	"0.05"	"0.01"	"0.005"	"0.01"	"100000"	"10000"	"200"	"8338328203876756750"	85000	"intercept"	0.623218895
"0.95"	"0.4"	"0.05"	"0.01"	"0.005"	"0.01"	"100000"	"10000"	"200"	"8338328203876756750"	90000	"slope"	-0.05505448855
"0.95"	"0.4"	"0.05"	"0.01"	"0.005"	"0.01"	"100000"	"10000"	"200"	"8338328203876756750"	90000	"intercept"	0.616818785
"0.95"	"0.4"	"0.05"	"0.01"	"0.005"	"0.01"	"100000"	"10000"	"200"	"8338328203876756750"	95000	"slope"	-0.08212793585
"0.95"	"0.4"	"0.05"	"0.01"	"0.005"	"0.01"	"100000"	"10000"	"200"	"8338328203876756750"	95000	"intercept"	0.626176305
"0.95"	"0.4"	"0.05"	"0.01"	"0.005"	"0.01"	"100000"	"10000"	"200"	"8338328203876756750"	100000	"slope"	-0.04051751993
"0.95"	"0.4"	"0.05"	"0.01"	"0.005"	"0.01"	"100000"	"10000"	"200"	"8338328203876756750"	100000	"intercept"	0.623343985
"0.95"	"0.6"	"0.05"	"0.01"	"0.005"	"0.01"	"100000"	"10000"	"200"	"1951387691270717043"	10	"slope"	1.4502745e-05
"0.95"	"0.6"	"0.05"	"0.01"	"0.005"	"0.01"	"100000"	"10000"	"200"	"1951387691270717043"	10	"intercept"	0.50022726
"0.95"	"0.6"	"0.05"	"0.01"	"0.005"	"0.01"	"100000"	"10000"	"200"	"1951387691270717043"	5000	"slope"	-0.0265949218
"0.95"	"0.6"	"0.05"	"0.01"	"0.005"	"0.01"	"100000"	"10000"	"200"	"1951387691270717043"	5000	"intercept"	0.529779805
"0.95"	"0.6"	"0.05"	"0.01"	"0.005"	"0.01"	"100000"	"10000"	"200"	"1951387691270717043"	10000	"slope"	-0.04986958118
"0.95"	"0.6"	"0.05"	"0.01"	"0.005"	"0.01"	"100000"	"10000"	"200"	"1951387691270717043"	10000	"intercept"	0.536497555
"0.95"	"0.6"	"0.05"	"0.01"	"0.005"	"0.01"	"100000"	"10000"	"200"	"1951387691270717043"	15000	"slope"	-0.10349199325
"0.95"	"0.6"	"0.05"	"0.01"	"0.005"	"0.01"	"100000"	"10000"	"200"	"1951387691270717043"	15000	"intercept"	0.549469455
"0.95"	"0.6"	"0.05"	"0.01"	"0.005"	"0.01"	"100000"	"10000"	"200"	"1951387691270717043"	20000	"slope"	-0.1567641335
"0.95"	"0.6"	"0.05"	"0.01"	"0.005"	"0.01"	"100000"	"10000"	"200"	"1951387691270717043"	20000	"intercept"	0.57012788
"0.95"	"0.6"	"0.05"	"0.01"	"0.005"	"0.01"	"100000"	"10000"	"200"	"1951387691270717043"	25000	"slope"	-0.1700357665
"0.95"	"0.6"	"0.05"	"0.01"	"0.005"	"0.01"	"100000"	"10000"	"200"	"1951387691270717043"	25000	"intercept"	0.58534561
"0.95"	"0.6"	"0.05"	"0.01"	"0.005"	"0.01"	"100000"	"10000"	"200"	"1951387691270717043"	30000	"slope"	-0.1513372055
"0.95"	"0.6"	"0.05"	"0.01"	"0.005"	"0.01"	"100000"	"10000"	"200"	"1951387691270717043"	30000	"intercept"	0.573348
"0.95"	"0.6"	"0.05"	"0.01"	"0.005"	"0.01"	"100000"	"10000"	"200"	"1951387691270717043"	35000	"slope"	-0.124110153705
"0.95"	"0.6"	"0.05"	"0.01"	"0.005"	"0.01"	"100000"	"10000"	"200"	"1951387691270717043"	35000	"intercept"	0.556929205
"0.95"	"0.6"	"0.05"	"0.01"	"0.005"	"0.01"	"100000"	"10000"	"200"	"1951387691270717043"	40000	"slope"	-0.1397227
"0.95"	"0.6"	"0.05"	"0.01"	"0.005"	"0.01"	"100000"	"10000"	"200"	"1951387691270717043"	40000	"intercept"	0.57082776
"0.95"	"0.6"	"0.05"	"0.01"	"0.005"	"0.01"	"100000"	"10000"	"200"	"1951387691270717043"	45000	"slope"	-0.12610069835
"0.95"	"0.6"	"0.05"	"0.01"	"0.005"	"0.01"	"100000"	"10000"	"200"	"1951387691270717043"	45000	"intercept"	0.559291735
"0.95"	"0.6"	"0.05"	"0.01"	"0.005"	"0.01"	"100000"	"10000"	"200"	"1951387691270717043"	50000	"slope"	-0.127657518945
"0.95"	"0.6"	"0.05"	"0.01"	"0.005"	"0.01"	"100000"	"10000"	"200"	"1951387691270717043"	50000	"intercept"	0.560079175
"0.95"	"0.6"	"0.05"	"0.01"	"0.005"	"0.01"	"100000"	"10000"	"200"	"1951387691270717043"	55000	"slope"	-0.1425713475
"0.95"	"0.6"	"0.05"	"0.01"	"0.005"	"0.01"	"100000"	"10000"	"200"	"1951387691270717043"	55000	"intercept"	0.567230645
"0.95"	"0.6"	"0.05"	"0.01"	"0.005"	"0.01"	"100000"	"10000"	"200"	"1951387691270717043"	60000	"slope"	-0.1933878215
"0.95"	"0.6"	"0.05"	"0.01"	"0.005"	"0.01"	"100000"	"10000"	"200"	"1951387691270717043"	60000	"intercept"	0.58547795
"0.95"	"0.6"	"0.05"	"0.01"	"0.005"	"0.01"	"100000"	"10000"	"200"	"1951387691270717043"	65000	"slope"	-0.17873115445
"0.95"	"0.6"	"0.05"	"0.01"	"0.005"	"0.01"	"100000"	"10000"	"200"	"1951387691270717043"	65000	"intercept"	0.584782485
"0.95"	"0.6"	"0.05"	"0.01"	"0.005"	"0.01"	"100000"	"10000"	"200"	"1951387691270717043"	70000	"slope"	-0.18671872
"0.95"	"0.6"	"0.05"	"0.01"	"0.005"	"0.01"	"100000"	"10000"	"200"	"1951387691270717043"	70000	"intercept"	0.592030955
"0.95"	"0.6"	"0.05"	"0.01"	"0.005"	"0.01"	"100000"	"10000"	"200"	"1951387691270717043"	75000	"slope"	-0.1855641055
"0.95"	"0.6"	"0.05"	"0.01"	"0.005"	"0.01"	"100000"	"10000"	"200"	"1951387691270717043"	75000	"intercept"	0.577898575
"0.95"	"0.6"	"0.05"	"0.01"	"0.005"	"0.01"	"100000"	"10000"	"200"	"1951387691270717043"	80000	"slope"	-0.15370815685
"0.95"	"0.6"	"0.05"	"0.01"	"0.005"	"0.01"	"100000"	"10000"	"200"	"1951387691270717043"	80000	"intercept"	0.56678816
"0.95"	"0.6"	"0.05"	"0.01"	"0.005"	"0.01"	"100000"	"10000"	"200"	"1951387691270717043"	85000	"slope"	-0.1500674965
"0.95"	"0.6"	"0.05"	"0.01"	"0.005"	"0.01"	"100000"	"10000"	"200"	"1951387691270717043"	85000	"intercept"	0.570606395
"0.95"	"0.6"	"0.05"	"0.01"	"0.005"	"0.01"	"100000"	"10000"	"200"	"1951387691270717043"	90000	"slope"	-0.1575793695
"0.95"	"0.6"	"0.05"	"0.01"	"0.005"	"0.01"	"100000"	"10000"	"200"	"1951387691270717043"	90000	"intercept"	0.576523825
"0.95"	"0.6"	"0.05"	"0.01"	"0.005"	"0.01"	"100000"	"10000"	"200"	"1951387691270717043"	95000	"slope"	-0.1462797789
"0.95"	"0.6"	"0.05"	"0.01"	"0.005"	"0.01"	"100000"	"10000"	"200"	"1951387691270717043"	95000	"intercept"	0.57410857
"0.95"	"0.6"	"0.05"	"0.01"	"0.005"	"0.01"	"100000"	"10000"	"200"	"1951387691270717043"	100000	"slope"	-0.1573582885
"0.95"	"0.6"	"0.05"	"0.01"	"0.005"	"0.01"	"100000"	"10000"	"200"	"1951387691270717043"	100000	"intercept"	0.569915525
"0.95"	"0.6"	"0.05"	"0.01"	"0.005"	"0.01"	"100000"	"10000"	"200"	"1987045582492590248"	10	"slope"	-0.00022930762
"0.95"	"0.6"	"0.05"	"0.01"	"0.005"	"0.01"	"100000"	"10000"	"200"	"1987045582492590248"	10	"intercept"	0.500168045
"0.95"	"0.6"	"0.05"	"0.01"	"0.005"	"0.01"	"100000"	"10000"	"200"	"1987045582492590248"	5000	"slope"	-0.0142265946
"0.95"	"0.6"	"0.05"	"0.01"	"0.005"	"0.01"	"100000"	"10000"	"200"	"1987045582492590248"	5000	"intercept"	0.5248966
"0.95"	"0.6"	"0.05"	"0.01"	"0.005"	"0.01"	"100000"	"10000"	"200"	"1987045582492590248"	10000	"slope"	-0.07454753506
"0.95"	"0.6"	"0.05"	"0.01"	"0.005"	"0.01"	"100000"	"10000"	"200"	"1987045582492590248"	10000	"intercept"	0.542562395
"0.95"	"0.6"	"0.05"	"0.01"	"0.005"	"0.01"	"100000"	"10000"	"200"	"1987045582492590248"	15000	"slope"	-0.11171216905
"0.95"	"0.6"	"0.05"	"0.01"	"0.005"	"0.01"	"100000"	"10000"	"200"	"1987045582492590248"	15000	"intercept"	0.549346885
"0.95"	"0.6"	"0.05"	"0.01"	"0.005"	"0.01"	"100000"	"10000"	"200"	"1987045582492590248"	20000	"slope"	-0.1327534555
"0.95"	"0.6"	"0.05"	"0.01"	"0.005"	"0.01"	"100000"	"10000"	"200"	"1987045582492590248"	20000	"intercept"	0.564621645
"0.95"	"0.6"	"0.05"	"0.01"	"0.005"	"0.01"	"100000"	"10000"	"200"	"1987045582492590248"	25000	"slope"	-0.166965898
"0.95"	"0.6"	"0.05"	"0.01"	"0.005"	"0.01"	"100000"	"10000"	"200"	"1987045582492590248"	25000	"intercept"	0.58131389
"0.95"	"0.6"	"0.05"	"0.01"	"0.005"	"0.01"	"100000"	"10000"	"200"	"1987045582492590248"	30000	"slope"	-0.17744680835
"0.95"	"0.6"	"0.05"	"0.01"	"0.005"	"0.01"	"100000"	"10000"	"200"	"1987045582492590248"	30000	"intercept"	0.580553825
"0.95"	"0.6"	"0.05"	"0.01"	"0.005"	"0.01"	"100000"	"10000"	"200"	"1987045582492590248"	35000	"slope"	-0.17828445
"0.95"	"0.6"	"0.05"	"0.01"	"0.005"	"0.01"	"100000"	"10000"	"200"	"1987045582492590248"	35000	"intercept"	0.58664325
"0.95"	"0.6"	"0.05"	"0.01"	"0.005"	"0.01"	"100000"	"10000"	"200"	"1987045582492590248"	40000	"slope"	-0.172522638
"0.95"	"0.6"	"0.05"	"0.01"	"0.005"	"0.01"	"100000"	"10000"	"200"	"1987045582492590248"	40000	"intercept"	0.571857655
"0.95"	"0.6"	"0.05"	"0.01"	"0.005"	"0.01"	"100000"	"10000"	"200"	"1987045582492590248"	45000	"slope"	-0.164808525
"0.95"	"0.6"	"0.05"	"0.01"	"0.005"	"0.01"	"100000"	"10000"	"200"	"1987045582492590248"	45000	"intercept"	0.57042052
"0.95"	"0.6"	"0.05"	"0.01"	"0.005"	"0.01"	"100000"	"10000"	"200"	"1987045582492590248"	50000	"slope"	-0.177881023
"0.95"	"0.6"	"0.05"	"0.01"	"0.005"	"0.01"	"100000"	"10000"	"200"	"1987045582492590248"	50000	"intercept"	0.587821235
"0.95"	"0.6"	"0.05"	"0.01"	"0.005"	"0.01"	"100000"	"10000"	"200"	"1987045582492590248"	55000	"slope"	-0.147718669
"0.95"	"0.6"	"0.05"	"0.01"	"0.005"	"0.01"	"100000"	"10000"	"200"	"1987045582492590248"	55000	"intercept"	0.56353127
"0.95"	"0.6"	"0.05"	"0.01"	"0.005"	"0.01"	"100000"	"10000"	"200"	"1987045582492590248"	60000	"slope"	-0.1686754202
"0.95"	"0.6"	"0.05"	"0.01"	"0.005"	"0.01"	"100000"	"10000"	"200"	"1987045582492590248"	60000	"intercept"	0.575077315
"0.95"	"0.6"	"0.05"	"0.01"	"0.005"	"0.01"	"100000"	"10000"	"200"	"1987045582492590248"	65000	"slope"	-0.1675345395
"0.95"	"0.6"	"0.05"	"0.01"	"0.005"	"0.01"	"100000"	"10000"	"200"	"1987045582492590248"	65000	"intercept"	0.580754185
"0.95"	"0.6"	"0.05"	"0.01"	"0.005"	"0.01"	"100000"	"10000"	"200"	"1987045582492590248"	70000	"slope"	-0.162703513
"0.95"	"0.6"	"0.05"	"0.01"	"0.005"	"0.01"	"100000"	"10000"	"200"	"1987045582492590248"	70000	"intercept"	0.5721164
"0.95"	"0.6"	"0.05"	"0.01"	"0.005"	"0.01"	"100000"	"10000"	"200"	"1987045582492590248"	75000	"slope"	-0.149172357
"0.95"	"0.6"	"0.05"	"0.01"	"0.005"	"0.01"	"100000"	"10000"	"200"	"1987045582492590248"	75000	"intercept"	0.56475737
"0.95"	"0.6"	"0.05"	"0.01"	"0.005"	"0.01"	"100000"	"10000"	"200"	"1987045582492590248"	80000	"slope"	-0.157366029
"0.95"	"0.6"	"0.05"	"0.01"	"0.005"	"0.01"	"100000"	"10000"	"200"	"1987045582492590248"	80000	"intercept"	0.57606089
"0.95"	"0.6"	"0.05"	"0.01"	"0.005"	"0.01"	"100000"	"10000"	"200"	"1987045582492590248"	85000	"slope"	-0.135335011
"0.95"	"0.6"	"0.05"	"0.01"	"0.005"	"0.01"	"100000"	"10000"	"200"	"1987045582492590248"	85000	"intercept"	0.565293205
"0.95"	"0.6"	"0.05"	"0.01"	"0.005"	"0.01"	"100000"	"10000"	"200"	"1987045582492590248"	90000	"slope"	-0.1494940344
"0.95"	"0.6"	"0.05"	"0.01"	"0.005"	"0.01"	"100000"	"10000"	"200"	"1987045582492590248"	90000	"intercept"	0.57702338
"0.95"	"0.6"	"0.05"	"0.01"	"0.005"	"0.01"	"100000"	"10000"	"200"	"1987045582492590248"	95000	"slope"	-0.160755471
"0.95"	"0.6"	"0.05"	"0.01"	"0.005"	"0.01"	"100000"	"10000"	"200"	"1987045582492590248"	95000	"intercept"	0.57963717
"0.95"	"0.6"	"0.05"	"0.01"	"0.005"	"0.01"	"100000"	"10000"	"200"	"1987045582492590248"	100000	"slope"	-0.1492536935
"0.95"	"0.6"	"0.05"	"0.01"	"0.005"	"0.01"	"100000"	"10000"	"200"	"1987045582492590248"	100000	"intercept"	0.57015401
"0.95"	"0.6"	"0.05"	"0.01"	"0.005"	"0.01"	"100000"	"10000"	"200"	"6986571571826921033"	10	"slope"	-0.0002458070525
"0.95"	"0.6"	"0.05"	"0.01"	"0.005"	"0.01"	"100000"	"10000"	"200"	"6986571571826921033"	10	"intercept"	0.49989449
"0.95"	"0.6"	"0.05"	"0.01"	"0.005"	"0.01"	"100000"	"10000"	"200"	"6986571571826921033"	5000	"slope"	-0.02404011575
"0.95"	"0.6"	"0.05"	"0.01"	"0.005"	"0.01"	"100000"	"10000"	"200"	"6986571571826921033"	5000	"intercept"	0.531786365
"0.95"	"0.6"	"0.05"	"0.01"	"0.005"	"0.01"	"100000"	"10000"	"200"	"6986571571826921033"	10000	"slope"	-0.1027506902
"0.95"	"0.6"	"0.05"	"0.01"	"0.005"	"0.01"	"100000"	"10000"	"200"	"6986571571826921033"	10000	"intercept"	0.55758821
"0.95"	"0.6"	"0.05"	"0.01"	"0.005"	"0.01"	"100000"	"10000"	"200"	"6986571571826921033"	15000	"slope"	-0.121856626
"0.95"	"0.6"	"0.05"	"0.01"	"0.005"	"0.01"	"100000"	"10000"	"200"	"6986571571826921033"	15000	"intercept"	0.568833635
"0.95"	"0.6"	"0.05"	"0.01"	"0.005"	"0.01"	"100000"	"10000"	"200"	"6986571571826921033"	20000	"slope"	-0.147945113
"0.95"	"0.6"	"0.05"	"0.01"	"0.005"	"0.01"	"100000"	"10000"	"200"	"6986571571826921033"	20000	"intercept"	0.57409681
"0.95"	"0.6"	"0.05"	"0.01"	"0.005"	"0.01"	"100000"	"10000"	"200"	"6986571571826921033"	25000	"slope"	-0.1725396225
"0.95"	"0.6"	"0.05"	"0.01"	"0.005"	"0.01"	"100000"	"10000"	"200"	"6986571571826921033"	25000	"intercept"	0.57343022
"0.95"	"0.6"	"0.05"	"0.01"	"0.005"	"0.01"	"100000"	"10000"	"200"	"6986571571826921033"	30000	"slope"	-0.152230577
"0.95"	"0.6"	"0.05"	"0.01"	"0.005"	"0.01"	"100000"	"10000"	"200"	"6986571571826921033"	30000	"intercept"	0.572947615
"0.95"	"0.6"	"0.05"	"0.01"	"0.005"	"0.01"	"100000"	"10000"	"200"	"6986571571826921033"	35000	"slope"	-0.1388903198
"0.95"	"0.6"	"0.05"	"0.01"	"0.005"	"0.01"	"100000"	"10000"	"200"	"6986571571826921033"	35000	"intercept"	0.5649209
"0.95"	"0.6"	"0.05"	"0.01"	"0.005"	"0.01"	"100000"	"10000"	"200"	"6986571571826921033"	40000	"slope"	-0.164334877
"0.95"	"0.6"	"0.05"	"0.01"	"0.005"	"0.01"	"100000"	"10000"	"200"	"6986571571826921033"	40000	"intercept"	0.57687928
"0.95"	"0.6"	"0.05"	"0.01"	"0.005"	"0.01"	"100000"	"10000"	"200"	"6986571571826921033"	45000	"slope"	-0.158563239
"0.95"	"0.6"	"0.05"	"0.01"	"0.005"	"0.01"	"100000"	"10000"	"200"	"6986571571826921033"	45000	"intercept"	0.57708986
"0.95"	"0.6"	"0.05"	"0.01"	"0.005"	"0.01"	"100000"	"10000"	"200"	"6986571571826921033"	50000	"slope"	-0.188036105
"0.95"	"0.6"	"0.05"	"0.01"	"0.005"	"0.01"	"100000"	"10000"	"200"	"6986571571826921033"	50000	"intercept"	0.58045621
"0.95"	"0.6"	"0.05"	"0.01"	"0.005"	"0.01"	"100000"	"10000"	"200"	"6986571571826921033"	55000	"slope"	-0.15969551355
"0.95"	"0.6"	"0.05"	"0.01"	"0.005"	"0.01"	"100000"	"10000"	"200"	"6986571571826921033"	55000	"intercept"	0.572920815
"0.95"	"0.6"	"0.05"	"0.01"	"0.005"	"0.01"	"100000"	"10000"	"200"	"6986571571826921033"	60000	"slope"	-0.1482358575
"0.95"	"0.6"	"0.05"	"0.01"	"0.005"	"0.01"	"100000"	"10000"	"200"	"6986571571826921033"	60000	"intercept"	0.566475785
"0.95"	"0.6"	"0.05"	"0.01"	"0.005"	"0.01"	"100000"	"10000"	"200"	"6986571571826921033"	65000	"slope"	-0.1529381685
"0.95"	"0.6"	"0.05"	"0.01"	"0.005"	"0.01"	"100000"	"10000"	"200"	"6986571571826921033"	65000	"intercept"	0.570177995
"0.95"	"0.6"	"0.05"	"0.01"	"0.005"	"0.01"	"100000"	"10000"	"200"	"6986571571826921033"	70000	"slope"	-0.143140738
"0.95"	"0.6"	"0.05"	"0.01"	"0.005"	"0.01"	"100000"	"10000"	"200"	"6986571571826921033"	70000	"intercept"	0.56279863
"0.95"	"0.6"	"0.05"	"0.01"	"0.005"	"0.01"	"100000"	"10000"	"200"	"6986571571826921033"	75000	"slope"	-0.162676949
"0.95"	"0.6"	"0.05"	"0.01"	"0.005"	"0.01"	"100000"	"10000"	"200"	"6986571571826921033"	75000	"intercept"	0.57722308
"0.95"	"0.6"	"0.05"	"0.01"	"0.005"	"0.01"	"100000"	"10000"	"200"	"6986571571826921033"	80000	"slope"	-0.1581671575
"0.95"	"0.6"	"0.05"	"0.01"	"0.005"	"0.01"	"100000"	"10000"	"200"	"6986571571826921033"	80000	"intercept"	0.58141933
"0.95"	"0.6"	"0.05"	"0.01"	"0.005"	"0.01"	"100000"	"10000"	"200"	"6986571571826921033"	85000	"slope"	-0.1567511855
"0.95"	"0.6"	"0.05"	"0.01"	"0.005"	"0.01"	"100000"	"10000"	"200"	"6986571571826921033"	85000	"intercept"	0.56887354
"0.95"	"0.6"	"0.05"	"0.01"	"0.005"	"0.01"	"100000"	"10000"	"200"	"6986571571826921033"	90000	"slope"	-0.1548546335
"0.95"	"0.6"	"0.05"	"0.01"	"0.005"	"0.01"	"100000"	"10000"	"200"	"6986571571826921033"	90000	"intercept"	0.575094765
"0.95"	"0.6"	"0.05"	"0.01"	"0.005"	"0.01"	"100000"	"10000"	"200"	"6986571571826921033"	95000	"slope"	-0.1525604105
"0.95"	"0.6"	"0.05"	"0.01"	"0.005"	"0.01"	"100000"	"10000"	"200"	"6986571571826921033"	95000	"intercept"	0.567677135
"0.95"	"0.6"	"0.05"	"0.01"	"0.005"	"0.01"	"100000"	"10000"	"200"	"6986571571826921033"	100000	"slope"	-0.150621225375
"0.95"	"0.6"	"0.05"	"0.01"	"0.005"	"0.01"	"100000"	"10000"	"200"	"6986571571826921033"	100000	"intercept"	0.569881305
"0.95"	"0.8"	"0.05"	"0.01"	"0.005"	"0.01"	"100000"	"10000"	"200"	"1987740422219035118"	10	"slope"	-2.932419e-05
"0.95"	"0.8"	"0.05"	"0.01"	"0.005"	"0.01"	"100000"	"10000"	"200"	"1987740422219035118"	10	"intercept"	0.500120665
"0.95"	"0.8"	"0.05"	"0.01"	"0.005"	"0.01"	"100000"	"10000"	"200"	"1987740422219035118"	5000	"slope"	-0.09562659775
"0.95"	"0.8"	"0.05"	"0.01"	"0.005"	"0.01"	"100000"	"10000"	"200"	"1987740422219035118"	5000	"intercept"	0.4090012
"0.95"	"0.8"	"0.05"	"0.01"	"0.005"	"0.01"	"100000"	"10000"	"200"	"1987740422219035118"	10000	"slope"	-0.1485154575
"0.95"	"0.8"	"0.05"	"0.01"	"0.005"	"0.01"	"100000"	"10000"	"200"	"1987740422219035118"	10000	"intercept"	0.437794145
"0.95"	"0.8"	"0.05"	"0.01"	"0.005"	"0.01"	"100000"	"10000"	"200"	"1987740422219035118"	15000	"slope"	-0.182721754
"0.95"	"0.8"	"0.05"	"0.01"	"0.005"	"0.01"	"100000"	"10000"	"200"	"1987740422219035118"	15000	"intercept"	0.445561765
"0.95"	"0.8"	"0.05"	"0.01"	"0.005"	"0.01"	"100000"	"10000"	"200"	"1987740422219035118"	20000	"slope"	-0.18952133
"0.95"	"0.8"	"0.05"	"0.01"	"0.005"	"0.01"	"100000"	"10000"	"200"	"1987740422219035118"	20000	"intercept"	0.44339835
"0.95"	"0.8"	"0.05"	"0.01"	"0.005"	"0.01"	"100000"	"10000"	"200"	"1987740422219035118"	25000	"slope"	-0.1884429115
"0.95"	"0.8"	"0.05"	"0.01"	"0.005"	"0.01"	"100000"	"10000"	"200"	"1987740422219035118"	25000	"intercept"	0.442655945
"0.95"	"0.8"	"0.05"	"0.01"	"0.005"	"0.01"	"100000"	"10000"	"200"	"1987740422219035118"	30000	"slope"	-0.23695343
"0.95"	"0.8"	"0.05"	"0.01"	"0.005"	"0.01"	"100000"	"10000"	"200"	"1987740422219035118"	30000	"intercept"	0.474493095
"0.95"	"0.8"	"0.05"	"0.01"	"0.005"	"0.01"	"100000"	"10000"	"200"	"1987740422219035118"	35000	"slope"	-0.255764225
"0.95"	"0.8"	"0.05"	"0.01"	"0.005"	"0.01"	"100000"	"10000"	"200"	"1987740422219035118"	35000	"intercept"	0.480154445
"0.95"	"0.8"	"0.05"	"0.01"	"0.005"	"0.01"	"100000"	"10000"	"200"	"1987740422219035118"	40000	"slope"	-0.221488355
"0.95"	"0.8"	"0.05"	"0.01"	"0.005"	"0.01"	"100000"	"10000"	"200"	"1987740422219035118"	40000	"intercept"	0.459258385
"0.95"	"0.8"	"0.05"	"0.01"	"0.005"	"0.01"	"100000"	"10000"	"200"	"1987740422219035118"	45000	"slope"	-0.209872787
"0.95"	"0.8"	"0.05"	"0.01"	"0.005"	"0.01"	"100000"	"10000"	"200"	"1987740422219035118"	45000	"intercept"	0.459891485
"0.95"	"0.8"	"0.05"	"0.01"	"0.005"	"0.01"	"100000"	"10000"	"200"	"1987740422219035118"	50000	"slope"	-0.192801642
"0.95"	"0.8"	"0.05"	"0.01"	"0.005"	"0.01"	"100000"	"10000"	"200"	"1987740422219035118"	50000	"intercept"	0.45433795
"0.95"	"0.8"	"0.05"	"0.01"	"0.005"	"0.01"	"100000"	"10000"	"200"	"1987740422219035118"	55000	"slope"	-0.2326990095
"0.95"	"0.8"	"0.05"	"0.01"	"0.005"	"0.01"	"100000"	"10000"	"200"	"1987740422219035118"	55000	"intercept"	0.46671027
"0.95"	"0.8"	"0.05"	"0.01"	"0.005"	"0.01"	"100000"	"10000"	"200"	"1987740422219035118"	60000	"slope"	-0.2223952185
"0.95"	"0.8"	"0.05"	"0.01"	"0.005"	"0.01"	"100000"	"10000"	"200"	"1987740422219035118"	60000	"intercept"	0.4608707
"0.95"	"0.8"	"0.05"	"0.01"	"0.005"	"0.01"	"100000"	"10000"	"200"	"1987740422219035118"	65000	"slope"	-0.233651527
"0.95"	"0.8"	"0.05"	"0.01"	"0.005"	"0.01"	"100000"	"10000"	"200"	"1987740422219035118"	65000	"intercept"	0.469777225
"0.95"	"0.8"	"0.05"	"0.01"	"0.005"	"0.01"	"100000"	"10000"	"200"	"1987740422219035118"	70000	"slope"	-0.2345995585
"0.95"	"0.8"	"0.05"	"0.01"	"0.005"	"0.01"	"100000"	"10000"	"200"	"1987740422219035118"	70000	"intercept"	0.470994885
"0.95"	"0.8"	"0.05"	"0.01"	"0.005"	"0.01"	"100000"	"10000"	"200"	"1987740422219035118"	75000	"slope"	-0.25044586
"0.95"	"0.8"	"0.05"	"0.01"	"0.005"	"0.01"	"100000"	"10000"	"200"	"1987740422219035118"	75000	"intercept"	0.473192735
"0.95"	"0.8"	"0.05"	"0.01"	"0.005"	"0.01"	"100000"	"10000"	"200"	"1987740422219035118"	80000	"slope"	-0.2143226435
"0.95"	"0.8"	"0.05"	"0.01"	"0.005"	"0.01"	"100000"	"10000"	"200"	"1987740422219035118"	80000	"intercept"	0.46373184
"0.95"	"0.8"	"0.05"	"0.01"	"0.005"	"0.01"	"100000"	"10000"	"200"	"1987740422219035118"	85000	"slope"	-0.209326897
"0.95"	"0.8"	"0.05"	"0.01"	"0.005"	"0.01"	"100000"	"10000"	"200"	"1987740422219035118"	85000	"intercept"	0.462651625
"0.95"	"0.8"	"0.05"	"0.01"	"0.005"	"0.01"	"100000"	"10000"	"200"	"1987740422219035118"	90000	"slope"	-0.1969554005
"0.95"	"0.8"	"0.05"	"0.01"	"0.005"	"0.01"	"100000"	"10000"	"200"	"1987740422219035118"	90000	"intercept"	0.457682875
"0.95"	"0.8"	"0.05"	"0.01"	"0.005"	"0.01"	"100000"	"10000"	"200"	"1987740422219035118"	95000	"slope"	-0.21123666
"0.95"	"0.8"	"0.05"	"0.01"	"0.005"	"0.01"	"100000"	"10000"	"200"	"1987740422219035118"	95000	"intercept"	0.458650875
"0.95"	"0.8"	"0.05"	"0.01"	"0.005"	"0.01"	"100000"	"10000"	"200"	"1987740422219035118"	100000	"slope"	-0.232525085
"0.95"	"0.8"	"0.05"	"0.01"	"0.005"	"0.01"	"100000"	"10000"	"200"	"1987740422219035118"	100000	"intercept"	0.468850275
"0.95"	"0.8"	"0.05"	"0.01"	"0.005"	"0.01"	"100000"	"10000"	"200"	"6411552833566476689"	10	"slope"	-3.839625e-05
"0.95"	"0.8"	"0.05"	"0.01"	"0.005"	"0.01"	"100000"	"10000"	"200"	"6411552833566476689"	10	"intercept"	0.49988967
"0.95"	"0.8"	"0.05"	"0.01"	"0.005"	"0.01"	"100000"	"10000"	"200"	"6411552833566476689"	5000	"slope"	-0.09156928
"0.95"	"0.8"	"0.05"	"0.01"	"0.005"	"0.01"	"100000"	"10000"	"200"	"6411552833566476689"	5000	"intercept"	0.411766025
"0.95"	"0.8"	"0.05"	"0.01"	"0.005"	"0.01"	"100000"	"10000"	"200"	"6411552833566476689"	10000	"slope"	-0.163795484
"0.95"	"0.8"	"0.05"	"0.01"	"0.005"	"0.01"	"100000"	"10000"	"200"	"6411552833566476689"	10000	"intercept"	0.43676088
"0.95"	"0.8"	"0.05"	"0.01"	"0.005"	"0.01"	"100000"	"10000"	"200"	"6411552833566476689"	15000	"slope"	-0.1748953895
"0.95"	"0.8"	"0.05"	"0.01"	"0.005"	"0.01"	"100000"	"10000"	"200"	"6411552833566476689"	15000	"intercept"	0.450090835
"0.95"	"0.8"	"0.05"	"0.01"	"0.005"	"0.01"	"100000"	"10000"	"200"	"6411552833566476689"	20000	"slope"	-0.1880321495
"0.95"	"0.8"	"0.05"	"0.01"	"0.005"	"0.01"	"100000"	"10000"	"200"	"6411552833566476689"	20000	"intercept"	0.452860125
"0.95"	"0.8"	"0.05"	"0.01"	"0.005"	"0.01"	"100000"	"10000"	"200"	"6411552833566476689"	25000	"slope"	-0.21450647
"0.95"	"0.8"	"0.05"	"0.01"	"0.005"	"0.01"	"100000"	"10000"	"200"	"6411552833566476689"	25000	"intercept"	0.466944625
"0.95"	"0.8"	"0.05"	"0.01"	"0.005"	"0.01"	"100000"	"10000"	"200"	"6411552833566476689"	30000	"slope"	-0.22615337
"0.95"	"0.8"	"0.05"	"0.01"	"0.005"	"0.01"	"100000"	"10000"	"200"	"6411552833566476689"	30000	"intercept"	0.463264515
"0.95"	"0.8"	"0.05"	"0.01"	"0.005"	"0.01"	"100000"	"10000"	"200"	"6411552833566476689"	35000	"slope"	-0.217502145
"0.95"	"0.8"	"0.05"	"0.01"	"0.005"	"0.01"	"100000"	"10000"	"200"	"6411552833566476689"	35000	"intercept"	0.45273212
"0.95"	"0.8"	"0.05"	"0.01"	"0.005"	"0.01"	"100000"	"10000"	"200"	"6411552833566476689"	40000	"slope"	-0.239682525
"0.95"	"0.8"	"0.05"	"0.01"	"0.005"	"0.01"	"100000"	"10000"	"200"	"6411552833566476689"	40000	"intercept"	0.470838185
"0.95"	"0.8"	"0.05"	"0.01"	"0.005"	"0.01"	"100000"	"10000"	"200"	"6411552833566476689"	45000	"slope"	-0.2220367
"0.95"	"0.8"	"0.05"	"0.01"	"0.005"	"0.01"	"100000"	"10000"	"200"	"6411552833566476689"	45000	"intercept"	0.46399552
"0.95"	"0.8"	"0.05"	"0.01"	"0.005"	"0.01"	"100000"	"10000"	"200"	"6411552833566476689"	50000	"slope"	-0.22726632
"0.95"	"0.8"	"0.05"	"0.01"	"0.005"	"0.01"	"100000"	"10000"	"200"	"6411552833566476689"	50000	"intercept"	0.458771725
"0.95"	"0.8"	"0.05"	"0.01"	"0.005"	"0.01"	"100000"	"10000"	"200"	"6411552833566476689"	55000	"slope"	-0.246594235
"0.95"	"0.8"	"0.05"	"0.01"	"0.005"	"0.01"	"100000"	"10000"	"200"	"6411552833566476689"	55000	"intercept"	0.48412992
"0.95"	"0.8"	"0.05"	"0.01"	"0.005"	"0.01"	"100000"	"10000"	"200"	"6411552833566476689"	60000	"slope"	-0.251566895
"0.95"	"0.8"	"0.05"	"0.01"	"0.005"	"0.01"	"100000"	"10000"	"200"	"6411552833566476689"	60000	"intercept"	0.47693998
"0.95"	"0.8"	"0.05"	"0.01"	"0.005"	"0.01"	"100000"	"10000"	"200"	"6411552833566476689"	65000	"slope"	-0.22729865
"0.95"	"0.8"	"0.05"	"0.01"	"0.005"	"0.01"	"100000"	"10000"	"200"	"6411552833566476689"	65000	"intercept"	0.468582555
"0.95"	"0.8"	"0.05"	"0.01"	"0.005"	"0.01"	"100000"	"10000"	"200"	"6411552833566476689"	70000	"slope"	-0.21527967
"0.95"	"0.8"	"0.05"	"0.01"	"0.005"	"0.01"	"100000"	"10000"	"200"	"6411552833566476689"	70000	"intercept"	0.45818213
"0.95"	"0.8"	"0.05"	"0.01"	"0.005"	"0.01"	"100000"	"10000"	"200"	"6411552833566476689"	75000	"slope"	-0.236213915
"0.95"	"0.8"	"0.05"	"0.01"	"0.005"	"0.01"	"100000"	"10000"	"200"	"6411552833566476689"	75000	"intercept"	0.46920187
"0.95"	"0.8"	"0.05"	"0.01"	"0.005"	"0.01"	"100000"	"10000"	"200"	"6411552833566476689"	80000	"slope"	-0.22067526
"0.95"	"0.8"	"0.05"	"0.01"	"0.005"	"0.01"	"100000"	"10000"	"200"	"6411552833566476689"	80000	"intercept"	0.46288633
"0.95"	"0.8"	"0.05"	"0.01"	"0.005"	"0.01"	"100000"	"10000"	"200"	"6411552833566476689"	85000	"slope"	-0.22668477
"0.95"	"0.8"	"0.05"	"0.01"	"0.005"	"0.01"	"100000"	"10000"	"200"	"6411552833566476689"	85000	"intercept"	0.46658961
"0.95"	"0.8"	"0.05"	"0.01"	"0.005"	"0.01"	"100000"	"10000"	"200"	"6411552833566476689"	90000	"slope"	-0.243557245
"0.95"	"0.8"	"0.05"	"0.01"	"0.005"	"0.01"	"100000"	"10000"	"200"	"6411552833566476689"	90000	"intercept"	0.4752993
"0.95"	"0.8"	"0.05"	"0.01"	"0.005"	"0.01"	"100000"	"10000"	"200"	"6411552833566476689"	95000	"slope"	-0.23735496
"0.95"	"0.8"	"0.05"	"0.01"	"0.005"	"0.01"	"100000"	"10000"	"200"	"6411552833566476689"	95000	"intercept"	0.473606515
"0.95"	"0.8"	"0.05"	"0.01"	"0.005"	"0.01"	"100000"	"10000"	"200"	"6411552833566476689"	100000	"slope"	-0.25319074
"0.95"	"0.8"	"0.05"	"0.01"	"0.005"	"0.01"	"100000"	"10000"	"200"	"6411552833566476689"	100000	"intercept"	0.471409245
"0.95"	"0.8"	"0.05"	"0.01"	"0.005"	"0.01"	"100000"	"10000"	"200"	"7958022236890012207"	10	"slope"	1.4820267e-05
"0.95"	"0.8"	"0.05"	"0.01"	"0.005"	"0.01"	"100000"	"10000"	"200"	"7958022236890012207"	10	"intercept"	0.499964595
"0.95"	"0.8"	"0.05"	"0.01"	"0.005"	"0.01"	"100000"	"10000"	"200"	"7958022236890012207"	5000	"slope"	-0.1086277901
"0.95"	"0.8"	"0.05"	"0.01"	"0.005"	"0.01"	"100000"	"10000"	"200"	"7958022236890012207"	5000	"intercept"	0.42716813
"0.95"	"0.8"	"0.05"	"0.01"	"0.005"	"0.01"	"100000"	"10000"	"200"	"7958022236890012207"	10000	"slope"	-0.1592268995
"0.95"	"0.8"	"0.05"	"0.01"	"0.005"	"0.01"	"100000"	"10000"	"200"	"7958022236890012207"	10000	"intercept"	0.439944295
"0.95"	"0.8"	"0.05"	"0.01"	"0.005"	"0.01"	"100000"	"10000"	"200"	"7958022236890012207"	15000	"slope"	-0.20847706
"0.95"	"0.8"	"0.05"	"0.01"	"0.005"	"0.01"	"100000"	"10000"	"200"	"7958022236890012207"	15000	"intercept"	0.459309505
"0.95"	"0.8"	"0.05"	"0.01"	"0.005"	"0.01"	"100000"	"10000"	"200"	"7958022236890012207"	20000	"slope"	-0.21797581
"0.95"	"0.8"	"0.05"	"0.01"	"0.005"	"0.01"	"100000"	"10000"	"200"	"7958022236890012207"	20000	"intercept"	0.460250625
"0.95"	"0.8"	"0.05"	"0.01"	"0.005"	"0.01"	"100000"	"10000"	"200"	"7958022236890012207"	25000	"slope"	-0.214999455
"0.95"	"0.8"	"0.05"	"0.01"	"0.005"	"0.01"	"100000"	"10000"	"200"	"7958022236890012207"	25000	"intercept"	0.46370857
"0.95"	"0.8"	"0.05"	"0.01"	"0.005"	"0.01"	"100000"	"10000"	"200"	"7958022236890012207"	30000	"slope"	-0.236759505
"0.95"	"0.8"	"0.05"	"0.01"	"0.005"	"0.01"	"100000"	"10000"	"200"	"7958022236890012207"	30000	"intercept"	0.469812
"0.95"	"0.8"	"0.05"	"0.01"	"0.005"	"0.01"	"100000"	"10000"	"200"	"7958022236890012207"	35000	"slope"	-0.2169966
"0.95"	"0.8"	"0.05"	"0.01"	"0.005"	"0.01"	"100000"	"10000"	"200"	"7958022236890012207"	35000	"intercept"	0.464615885
"0.95"	"0.8"	"0.05"	"0.01"	"0.005"	"0.01"	"100000"	"10000"	"200"	"7958022236890012207"	40000	"slope"	-0.22401681
"0.95"	"0.8"	"0.05"	"0.01"	"0.005"	"0.01"	"100000"	"10000"	"200"	"7958022236890012207"	40000	"intercept"	0.467094
"0.95"	"0.8"	"0.05"	"0.01"	"0.005"	"0.01"	"100000"	"10000"	"200"	"7958022236890012207"	45000	"slope"	-0.222177525
"0.95"	"0.8"	"0.05"	"0.01"	"0.005"	"0.01"	"100000"	"10000"	"200"	"7958022236890012207"	45000	"intercept"	0.472601435
"0.95"	"0.8"	"0.05"	"0.01"	"0.005"	"0.01"	"100000"	"10000"	"200"	"7958022236890012207"	50000	"slope"	-0.240265825
"0.95"	"0.8"	"0.05"	"0.01"	"0.005"	"0.01"	"100000"	"10000"	"200"	"7958022236890012207"	50000	"intercept"	0.47929768
"0.95"	"0.8"	"0.05"	"0.01"	"0.005"	"0.01"	"100000"	"10000"	"200"	"7958022236890012207"	55000	"slope"	-0.24500056
"0.95"	"0.8"	"0.05"	"0.01"	"0.005"	"0.01"	"100000"	"10000"	"200"	"7958022236890012207"	55000	"intercept"	0.46681805
"0.95"	"0.8"	"0.05"	"0.01"	"0.005"	"0.01"	"100000"	"10000"	"200"	"7958022236890012207"	60000	"slope"	-0.23983308
"0.95"	"0.8"	"0.05"	"0.01"	"0.005"	"0.01"	"100000"	"10000"	"200"	"7958022236890012207"	60000	"intercept"	0.47412556
"0.95"	"0.8"	"0.05"	"0.01"	"0.005"	"0.01"	"100000"	"10000"	"200"	"7958022236890012207"	65000	"slope"	-0.272508365
"0.95"	"0.8"	"0.05"	"0.01"	"0.005"	"0.01"	"100000"	"10000"	"200"	"7958022236890012207"	65000	"intercept"	0.49528293
"0.95"	"0.8"	"0.05"	"0.01"	"0.005"	"0.01"	"100000"	"10000"	"200"	"7958022236890012207"	70000	"slope"	-0.253910095
"0.95"	"0.8"	"0.05"	"0.01"	"0.005"	"0.01"	"100000"	"10000"	"200"	"7958022236890012207"	70000	"intercept"	0.480170505
"0.95"	"0.8"	"0.05"	"0.01"	"0.005"	"0.01"	"100000"	"10000"	"200"	"7958022236890012207"	75000	"slope"	-0.23952208
"0.95"	"0.8"	"0.05"	"0.01"	"0.005"	"0.01"	"100000"	"10000"	"200"	"7958022236890012207"	75000	"intercept"	0.4742321
"0.95"	"0.8"	"0.05"	"0.01"	"0.005"	"0.01"	"100000"	"10000"	"200"	"7958022236890012207"	80000	"slope"	-0.2355924335
"0.95"	"0.8"	"0.05"	"0.01"	"0.005"	"0.01"	"100000"	"10000"	"200"	"7958022236890012207"	80000	"intercept"	0.472599345
"0.95"	"0.8"	"0.05"	"0.01"	"0.005"	"0.01"	"100000"	"10000"	"200"	"7958022236890012207"	85000	"slope"	-0.2102205295
"0.95"	"0.8"	"0.05"	"0.01"	"0.005"	"0.01"	"100000"	"10000"	"200"	"7958022236890012207"	85000	"intercept"	0.458850725
"0.95"	"0.8"	"0.05"	"0.01"	"0.005"	"0.01"	"100000"	"10000"	"200"	"7958022236890012207"	90000	"slope"	-0.248115915
"0.95"	"0.8"	"0.05"	"0.01"	"0.005"	"0.01"	"100000"	"10000"	"200"	"7958022236890012207"	90000	"intercept"	0.476354925
"0.95"	"0.8"	"0.05"	"0.01"	"0.005"	"0.01"	"100000"	"10000"	"200"	"7958022236890012207"	95000	"slope"	-0.241071305
"0.95"	"0.8"	"0.05"	"0.01"	"0.005"	"0.01"	"100000"	"10000"	"200"	"7958022236890012207"	95000	"intercept"	0.474613015
"0.95"	"0.8"	"0.05"	"0.01"	"0.005"	"0.01"	"100000"	"10000"	"200"	"7958022236890012207"	100000	"slope"	-0.220228115
"0.95"	"0.8"	"0.05"	"0.01"	"0.005"	"0.01"	"100000"	"10000"	"200"	"7958022236890012207"	100000	"intercept"	0.468784035
