"alpha"	"delta"	"mig"	"cost"	"mu"	"sigma"	"gen"	"popsize"	"nsampled"	"seed"	"generation"	"param"	"means"
"0.05"	"0.0"	"0.15"	"0.01"	"0.005"	"0.01"	"100000"	"10000"	"200"	"1568989968304607732"	10	"slope"	4.2017879e-05
"0.05"	"0.0"	"0.15"	"0.01"	"0.005"	"0.01"	"100000"	"10000"	"200"	"1568989968304607732"	10	"intercept"	0.50013379
"0.05"	"0.0"	"0.15"	"0.01"	"0.005"	"0.01"	"100000"	"10000"	"200"	"1568989968304607732"	5000	"slope"	-0.16997532
"0.05"	"0.0"	"0.15"	"0.01"	"0.005"	"0.01"	"100000"	"10000"	"200"	"1568989968304607732"	5000	"intercept"	0.368222405
"0.05"	"0.0"	"0.15"	"0.01"	"0.005"	"0.01"	"100000"	"10000"	"200"	"1568989968304607732"	10000	"slope"	-0.284639585
"0.05"	"0.0"	"0.15"	"0.01"	"0.005"	"0.01"	"100000"	"10000"	"200"	"1568989968304607732"	10000	"intercept"	0.43428373
"0.05"	"0.0"	"0.15"	"0.01"	"0.005"	"0.01"	"100000"	"10000"	"200"	"1568989968304607732"	15000	"slope"	-0.367880665
"0.05"	"0.0"	"0.15"	"0.01"	"0.005"	"0.01"	"100000"	"10000"	"200"	"1568989968304607732"	15000	"intercept"	0.495276985
"0.05"	"0.0"	"0.15"	"0.01"	"0.005"	"0.01"	"100000"	"10000"	"200"	"1568989968304607732"	20000	"slope"	-0.406041205
"0.05"	"0.0"	"0.15"	"0.01"	"0.005"	"0.01"	"100000"	"10000"	"200"	"1568989968304607732"	20000	"intercept"	0.515302095
"0.05"	"0.0"	"0.15"	"0.01"	"0.005"	"0.01"	"100000"	"10000"	"200"	"1568989968304607732"	25000	"slope"	-0.408432415
"0.05"	"0.0"	"0.15"	"0.01"	"0.005"	"0.01"	"100000"	"10000"	"200"	"1568989968304607732"	25000	"intercept"	0.530019355
"0.05"	"0.0"	"0.15"	"0.01"	"0.005"	"0.01"	"100000"	"10000"	"200"	"1568989968304607732"	30000	"slope"	-0.412664005
"0.05"	"0.0"	"0.15"	"0.01"	"0.005"	"0.01"	"100000"	"10000"	"200"	"1568989968304607732"	30000	"intercept"	0.514804035
"0.05"	"0.0"	"0.15"	"0.01"	"0.005"	"0.01"	"100000"	"10000"	"200"	"1568989968304607732"	35000	"slope"	-0.44354075
"0.05"	"0.0"	"0.15"	"0.01"	"0.005"	"0.01"	"100000"	"10000"	"200"	"1568989968304607732"	35000	"intercept"	0.544898935
"0.05"	"0.0"	"0.15"	"0.01"	"0.005"	"0.01"	"100000"	"10000"	"200"	"1568989968304607732"	40000	"slope"	-0.42758662
"0.05"	"0.0"	"0.15"	"0.01"	"0.005"	"0.01"	"100000"	"10000"	"200"	"1568989968304607732"	40000	"intercept"	0.533684585
"0.05"	"0.0"	"0.15"	"0.01"	"0.005"	"0.01"	"100000"	"10000"	"200"	"1568989968304607732"	45000	"slope"	-0.440358915
"0.05"	"0.0"	"0.15"	"0.01"	"0.005"	"0.01"	"100000"	"10000"	"200"	"1568989968304607732"	45000	"intercept"	0.5417324
"0.05"	"0.0"	"0.15"	"0.01"	"0.005"	"0.01"	"100000"	"10000"	"200"	"1568989968304607732"	50000	"slope"	-0.453848915
"0.05"	"0.0"	"0.15"	"0.01"	"0.005"	"0.01"	"100000"	"10000"	"200"	"1568989968304607732"	50000	"intercept"	0.5472839
"0.05"	"0.0"	"0.15"	"0.01"	"0.005"	"0.01"	"100000"	"10000"	"200"	"1568989968304607732"	55000	"slope"	-0.456149595
"0.05"	"0.0"	"0.15"	"0.01"	"0.005"	"0.01"	"100000"	"10000"	"200"	"1568989968304607732"	55000	"intercept"	0.55649112
"0.05"	"0.0"	"0.15"	"0.01"	"0.005"	"0.01"	"100000"	"10000"	"200"	"1568989968304607732"	60000	"slope"	-0.46390108
"0.05"	"0.0"	"0.15"	"0.01"	"0.005"	"0.01"	"100000"	"10000"	"200"	"1568989968304607732"	60000	"intercept"	0.556910735
"0.05"	"0.0"	"0.15"	"0.01"	"0.005"	"0.01"	"100000"	"10000"	"200"	"1568989968304607732"	65000	"slope"	-0.45953959
"0.05"	"0.0"	"0.15"	"0.01"	"0.005"	"0.01"	"100000"	"10000"	"200"	"1568989968304607732"	65000	"intercept"	0.55516325
"0.05"	"0.0"	"0.15"	"0.01"	"0.005"	"0.01"	"100000"	"10000"	"200"	"1568989968304607732"	70000	"slope"	-0.44817524
"0.05"	"0.0"	"0.15"	"0.01"	"0.005"	"0.01"	"100000"	"10000"	"200"	"1568989968304607732"	70000	"intercept"	0.542997275
"0.05"	"0.0"	"0.15"	"0.01"	"0.005"	"0.01"	"100000"	"10000"	"200"	"1568989968304607732"	75000	"slope"	-0.46274792
"0.05"	"0.0"	"0.15"	"0.01"	"0.005"	"0.01"	"100000"	"10000"	"200"	"1568989968304607732"	75000	"intercept"	0.56230257
"0.05"	"0.0"	"0.15"	"0.01"	"0.005"	"0.01"	"100000"	"10000"	"200"	"1568989968304607732"	80000	"slope"	-0.41464452
"0.05"	"0.0"	"0.15"	"0.01"	"0.005"	"0.01"	"100000"	"10000"	"200"	"1568989968304607732"	80000	"intercept"	0.523903365
"0.05"	"0.0"	"0.15"	"0.01"	"0.005"	"0.01"	"100000"	"10000"	"200"	"1568989968304607732"	85000	"slope"	-0.437620355
"0.05"	"0.0"	"0.15"	"0.01"	"0.005"	"0.01"	"100000"	"10000"	"200"	"1568989968304607732"	85000	"intercept"	0.536100735
"0.05"	"0.0"	"0.15"	"0.01"	"0.005"	"0.01"	"100000"	"10000"	"200"	"1568989968304607732"	90000	"slope"	-0.45298354
"0.05"	"0.0"	"0.15"	"0.01"	"0.005"	"0.01"	"100000"	"10000"	"200"	"1568989968304607732"	90000	"intercept"	0.55113031
"0.05"	"0.0"	"0.15"	"0.01"	"0.005"	"0.01"	"100000"	"10000"	"200"	"1568989968304607732"	95000	"slope"	-0.48273689
"0.05"	"0.0"	"0.15"	"0.01"	"0.005"	"0.01"	"100000"	"10000"	"200"	"1568989968304607732"	95000	"intercept"	0.56948563
"0.05"	"0.0"	"0.15"	"0.01"	"0.005"	"0.01"	"100000"	"10000"	"200"	"1568989968304607732"	100000	"slope"	-0.49033082
"0.05"	"0.0"	"0.15"	"0.01"	"0.005"	"0.01"	"100000"	"10000"	"200"	"1568989968304607732"	100000	"intercept"	0.57631369
"0.05"	"0.0"	"0.15"	"0.01"	"0.005"	"0.01"	"100000"	"10000"	"200"	"1873394688707241202"	10	"slope"	-1.6519645e-05
"0.05"	"0.0"	"0.15"	"0.01"	"0.005"	"0.01"	"100000"	"10000"	"200"	"1873394688707241202"	10	"intercept"	0.500019515
"0.05"	"0.0"	"0.15"	"0.01"	"0.005"	"0.01"	"100000"	"10000"	"200"	"1873394688707241202"	5000	"slope"	-0.161969382
"0.05"	"0.0"	"0.15"	"0.01"	"0.005"	"0.01"	"100000"	"10000"	"200"	"1873394688707241202"	5000	"intercept"	0.363368325
"0.05"	"0.0"	"0.15"	"0.01"	"0.005"	"0.01"	"100000"	"10000"	"200"	"1873394688707241202"	10000	"slope"	-0.25440622
"0.05"	"0.0"	"0.15"	"0.01"	"0.005"	"0.01"	"100000"	"10000"	"200"	"1873394688707241202"	10000	"intercept"	0.40831188
"0.05"	"0.0"	"0.15"	"0.01"	"0.005"	"0.01"	"100000"	"10000"	"200"	"1873394688707241202"	15000	"slope"	-0.33326176
"0.05"	"0.0"	"0.15"	"0.01"	"0.005"	"0.01"	"100000"	"10000"	"200"	"1873394688707241202"	15000	"intercept"	0.465892455
"0.05"	"0.0"	"0.15"	"0.01"	"0.005"	"0.01"	"100000"	"10000"	"200"	"1873394688707241202"	20000	"slope"	-0.403440725
"0.05"	"0.0"	"0.15"	"0.01"	"0.005"	"0.01"	"100000"	"10000"	"200"	"1873394688707241202"	20000	"intercept"	0.509463685
"0.05"	"0.0"	"0.15"	"0.01"	"0.005"	"0.01"	"100000"	"10000"	"200"	"1873394688707241202"	25000	"slope"	-0.438511925
"0.05"	"0.0"	"0.15"	"0.01"	"0.005"	"0.01"	"100000"	"10000"	"200"	"1873394688707241202"	25000	"intercept"	0.53924886
"0.05"	"0.0"	"0.15"	"0.01"	"0.005"	"0.01"	"100000"	"10000"	"200"	"1873394688707241202"	30000	"slope"	-0.462954425
"0.05"	"0.0"	"0.15"	"0.01"	"0.005"	"0.01"	"100000"	"10000"	"200"	"1873394688707241202"	30000	"intercept"	0.556537315
"0.05"	"0.0"	"0.15"	"0.01"	"0.005"	"0.01"	"100000"	"10000"	"200"	"1873394688707241202"	35000	"slope"	-0.48390782
"0.05"	"0.0"	"0.15"	"0.01"	"0.005"	"0.01"	"100000"	"10000"	"200"	"1873394688707241202"	35000	"intercept"	0.56976831
"0.05"	"0.0"	"0.15"	"0.01"	"0.005"	"0.01"	"100000"	"10000"	"200"	"1873394688707241202"	40000	"slope"	-0.451582645
"0.05"	"0.0"	"0.15"	"0.01"	"0.005"	"0.01"	"100000"	"10000"	"200"	"1873394688707241202"	40000	"intercept"	0.551684505
"0.05"	"0.0"	"0.15"	"0.01"	"0.005"	"0.01"	"100000"	"10000"	"200"	"1873394688707241202"	45000	"slope"	-0.429789805
"0.05"	"0.0"	"0.15"	"0.01"	"0.005"	"0.01"	"100000"	"10000"	"200"	"1873394688707241202"	45000	"intercept"	0.53862356
"0.05"	"0.0"	"0.15"	"0.01"	"0.005"	"0.01"	"100000"	"10000"	"200"	"1873394688707241202"	50000	"slope"	-0.439402395
"0.05"	"0.0"	"0.15"	"0.01"	"0.005"	"0.01"	"100000"	"10000"	"200"	"1873394688707241202"	50000	"intercept"	0.541664315
"0.05"	"0.0"	"0.15"	"0.01"	"0.005"	"0.01"	"100000"	"10000"	"200"	"1873394688707241202"	55000	"slope"	-0.416060375
"0.05"	"0.0"	"0.15"	"0.01"	"0.005"	"0.01"	"100000"	"10000"	"200"	"1873394688707241202"	55000	"intercept"	0.51950368
"0.05"	"0.0"	"0.15"	"0.01"	"0.005"	"0.01"	"100000"	"10000"	"200"	"1873394688707241202"	60000	"slope"	-0.4126844
"0.05"	"0.0"	"0.15"	"0.01"	"0.005"	"0.01"	"100000"	"10000"	"200"	"1873394688707241202"	60000	"intercept"	0.523695485
"0.05"	"0.0"	"0.15"	"0.01"	"0.005"	"0.01"	"100000"	"10000"	"200"	"1873394688707241202"	65000	"slope"	-0.44608317
"0.05"	"0.0"	"0.15"	"0.01"	"0.005"	"0.01"	"100000"	"10000"	"200"	"1873394688707241202"	65000	"intercept"	0.539670015
"0.05"	"0.0"	"0.15"	"0.01"	"0.005"	"0.01"	"100000"	"10000"	"200"	"1873394688707241202"	70000	"slope"	-0.458607885
"0.05"	"0.0"	"0.15"	"0.01"	"0.005"	"0.01"	"100000"	"10000"	"200"	"1873394688707241202"	70000	"intercept"	0.55096875
"0.05"	"0.0"	"0.15"	"0.01"	"0.005"	"0.01"	"100000"	"10000"	"200"	"1873394688707241202"	75000	"slope"	-0.46235875
"0.05"	"0.0"	"0.15"	"0.01"	"0.005"	"0.01"	"100000"	"10000"	"200"	"1873394688707241202"	75000	"intercept"	0.543865485
"0.05"	"0.0"	"0.15"	"0.01"	"0.005"	"0.01"	"100000"	"10000"	"200"	"1873394688707241202"	80000	"slope"	-0.46014583
"0.05"	"0.0"	"0.15"	"0.01"	"0.005"	"0.01"	"100000"	"10000"	"200"	"1873394688707241202"	80000	"intercept"	0.55916269
"0.05"	"0.0"	"0.15"	"0.01"	"0.005"	"0.01"	"100000"	"10000"	"200"	"1873394688707241202"	85000	"slope"	-0.47068127
"0.05"	"0.0"	"0.15"	"0.01"	"0.005"	"0.01"	"100000"	"10000"	"200"	"1873394688707241202"	85000	"intercept"	0.55754446
"0.05"	"0.0"	"0.15"	"0.01"	"0.005"	"0.01"	"100000"	"10000"	"200"	"1873394688707241202"	90000	"slope"	-0.494115555
"0.05"	"0.0"	"0.15"	"0.01"	"0.005"	"0.01"	"100000"	"10000"	"200"	"1873394688707241202"	90000	"intercept"	0.578545275
"0.05"	"0.0"	"0.15"	"0.01"	"0.005"	"0.01"	"100000"	"10000"	"200"	"1873394688707241202"	95000	"slope"	-0.494347295
"0.05"	"0.0"	"0.15"	"0.01"	"0.005"	"0.01"	"100000"	"10000"	"200"	"1873394688707241202"	95000	"intercept"	0.58651158
"0.05"	"0.0"	"0.15"	"0.01"	"0.005"	"0.01"	"100000"	"10000"	"200"	"1873394688707241202"	100000	"slope"	-0.45681694
"0.05"	"0.0"	"0.15"	"0.01"	"0.005"	"0.01"	"100000"	"10000"	"200"	"1873394688707241202"	100000	"intercept"	0.55593935
"0.05"	"0.0"	"0.15"	"0.01"	"0.005"	"0.01"	"100000"	"10000"	"200"	"3535292992283962880"	10	"slope"	7.584751e-05
"0.05"	"0.0"	"0.15"	"0.01"	"0.005"	"0.01"	"100000"	"10000"	"200"	"3535292992283962880"	10	"intercept"	0.50009372
"0.05"	"0.0"	"0.15"	"0.01"	"0.005"	"0.01"	"100000"	"10000"	"200"	"3535292992283962880"	5000	"slope"	-0.237089445
"0.05"	"0.0"	"0.15"	"0.01"	"0.005"	"0.01"	"100000"	"10000"	"200"	"3535292992283962880"	5000	"intercept"	0.40210777
"0.05"	"0.0"	"0.15"	"0.01"	"0.005"	"0.01"	"100000"	"10000"	"200"	"3535292992283962880"	10000	"slope"	-0.33218118
"0.05"	"0.0"	"0.15"	"0.01"	"0.005"	"0.01"	"100000"	"10000"	"200"	"3535292992283962880"	10000	"intercept"	0.46018852
"0.05"	"0.0"	"0.15"	"0.01"	"0.005"	"0.01"	"100000"	"10000"	"200"	"3535292992283962880"	15000	"slope"	-0.4395965
"0.05"	"0.0"	"0.15"	"0.01"	"0.005"	"0.01"	"100000"	"10000"	"200"	"3535292992283962880"	15000	"intercept"	0.52943323
"0.05"	"0.0"	"0.15"	"0.01"	"0.005"	"0.01"	"100000"	"10000"	"200"	"3535292992283962880"	20000	"slope"	-0.443797255
"0.05"	"0.0"	"0.15"	"0.01"	"0.005"	"0.01"	"100000"	"10000"	"200"	"3535292992283962880"	20000	"intercept"	0.54488695
"0.05"	"0.0"	"0.15"	"0.01"	"0.005"	"0.01"	"100000"	"10000"	"200"	"3535292992283962880"	25000	"slope"	-0.428022345
"0.05"	"0.0"	"0.15"	"0.01"	"0.005"	"0.01"	"100000"	"10000"	"200"	"3535292992283962880"	25000	"intercept"	0.532418885
"0.05"	"0.0"	"0.15"	"0.01"	"0.005"	"0.01"	"100000"	"10000"	"200"	"3535292992283962880"	30000	"slope"	-0.45027174
"0.05"	"0.0"	"0.15"	"0.01"	"0.005"	"0.01"	"100000"	"10000"	"200"	"3535292992283962880"	30000	"intercept"	0.548684545
"0.05"	"0.0"	"0.15"	"0.01"	"0.005"	"0.01"	"100000"	"10000"	"200"	"3535292992283962880"	35000	"slope"	-0.47195361
"0.05"	"0.0"	"0.15"	"0.01"	"0.005"	"0.01"	"100000"	"10000"	"200"	"3535292992283962880"	35000	"intercept"	0.56887854
"0.05"	"0.0"	"0.15"	"0.01"	"0.005"	"0.01"	"100000"	"10000"	"200"	"3535292992283962880"	40000	"slope"	-0.48151437
"0.05"	"0.0"	"0.15"	"0.01"	"0.005"	"0.01"	"100000"	"10000"	"200"	"3535292992283962880"	40000	"intercept"	0.571615605
"0.05"	"0.0"	"0.15"	"0.01"	"0.005"	"0.01"	"100000"	"10000"	"200"	"3535292992283962880"	45000	"slope"	-0.456138005
"0.05"	"0.0"	"0.15"	"0.01"	"0.005"	"0.01"	"100000"	"10000"	"200"	"3535292992283962880"	45000	"intercept"	0.550828195
"0.05"	"0.0"	"0.15"	"0.01"	"0.005"	"0.01"	"100000"	"10000"	"200"	"3535292992283962880"	50000	"slope"	-0.457089165
"0.05"	"0.0"	"0.15"	"0.01"	"0.005"	"0.01"	"100000"	"10000"	"200"	"3535292992283962880"	50000	"intercept"	0.549511625
"0.05"	"0.0"	"0.15"	"0.01"	"0.005"	"0.01"	"100000"	"10000"	"200"	"3535292992283962880"	55000	"slope"	-0.475139055
"0.05"	"0.0"	"0.15"	"0.01"	"0.005"	"0.01"	"100000"	"10000"	"200"	"3535292992283962880"	55000	"intercept"	0.5629168
"0.05"	"0.0"	"0.15"	"0.01"	"0.005"	"0.01"	"100000"	"10000"	"200"	"3535292992283962880"	60000	"slope"	-0.460695115
"0.05"	"0.0"	"0.15"	"0.01"	"0.005"	"0.01"	"100000"	"10000"	"200"	"3535292992283962880"	60000	"intercept"	0.566322665
"0.05"	"0.0"	"0.15"	"0.01"	"0.005"	"0.01"	"100000"	"10000"	"200"	"3535292992283962880"	65000	"slope"	-0.44855161
"0.05"	"0.0"	"0.15"	"0.01"	"0.005"	"0.01"	"100000"	"10000"	"200"	"3535292992283962880"	65000	"intercept"	0.55156732
"0.05"	"0.0"	"0.15"	"0.01"	"0.005"	"0.01"	"100000"	"10000"	"200"	"3535292992283962880"	70000	"slope"	-0.461023565
"0.05"	"0.0"	"0.15"	"0.01"	"0.005"	"0.01"	"100000"	"10000"	"200"	"3535292992283962880"	70000	"intercept"	0.564270315
"0.05"	"0.0"	"0.15"	"0.01"	"0.005"	"0.01"	"100000"	"10000"	"200"	"3535292992283962880"	75000	"slope"	-0.461705275
"0.05"	"0.0"	"0.15"	"0.01"	"0.005"	"0.01"	"100000"	"10000"	"200"	"3535292992283962880"	75000	"intercept"	0.546895605
"0.05"	"0.0"	"0.15"	"0.01"	"0.005"	"0.01"	"100000"	"10000"	"200"	"3535292992283962880"	80000	"slope"	-0.46266616
"0.05"	"0.0"	"0.15"	"0.01"	"0.005"	"0.01"	"100000"	"10000"	"200"	"3535292992283962880"	80000	"intercept"	0.55779122
"0.05"	"0.0"	"0.15"	"0.01"	"0.005"	"0.01"	"100000"	"10000"	"200"	"3535292992283962880"	85000	"slope"	-0.4836639
"0.05"	"0.0"	"0.15"	"0.01"	"0.005"	"0.01"	"100000"	"10000"	"200"	"3535292992283962880"	85000	"intercept"	0.566678385
"0.05"	"0.0"	"0.15"	"0.01"	"0.005"	"0.01"	"100000"	"10000"	"200"	"3535292992283962880"	90000	"slope"	-0.48312684
"0.05"	"0.0"	"0.15"	"0.01"	"0.005"	"0.01"	"100000"	"10000"	"200"	"3535292992283962880"	90000	"intercept"	0.57106851
"0.05"	"0.0"	"0.15"	"0.01"	"0.005"	"0.01"	"100000"	"10000"	"200"	"3535292992283962880"	95000	"slope"	-0.483404635
"0.05"	"0.0"	"0.15"	"0.01"	"0.005"	"0.01"	"100000"	"10000"	"200"	"3535292992283962880"	95000	"intercept"	0.574267365
"0.05"	"0.0"	"0.15"	"0.01"	"0.005"	"0.01"	"100000"	"10000"	"200"	"3535292992283962880"	100000	"slope"	-0.468888055
"0.05"	"0.0"	"0.15"	"0.01"	"0.005"	"0.01"	"100000"	"10000"	"200"	"3535292992283962880"	100000	"intercept"	0.564153905
"0.05"	"0.4"	"0.15"	"0.01"	"0.005"	"0.01"	"100000"	"10000"	"200"	"5572449595767558285"	10	"slope"	0.00011858415
"0.05"	"0.4"	"0.15"	"0.01"	"0.005"	"0.01"	"100000"	"10000"	"200"	"5572449595767558285"	10	"intercept"	0.50001033
"0.05"	"0.4"	"0.15"	"0.01"	"0.005"	"0.01"	"100000"	"10000"	"200"	"5572449595767558285"	5000	"slope"	-0.18383584
"0.05"	"0.4"	"0.15"	"0.01"	"0.005"	"0.01"	"100000"	"10000"	"200"	"5572449595767558285"	5000	"intercept"	0.36452414
"0.05"	"0.4"	"0.15"	"0.01"	"0.005"	"0.01"	"100000"	"10000"	"200"	"5572449595767558285"	10000	"slope"	-0.280827925
"0.05"	"0.4"	"0.15"	"0.01"	"0.005"	"0.01"	"100000"	"10000"	"200"	"5572449595767558285"	10000	"intercept"	0.430341345
"0.05"	"0.4"	"0.15"	"0.01"	"0.005"	"0.01"	"100000"	"10000"	"200"	"5572449595767558285"	15000	"slope"	-0.34309584
"0.05"	"0.4"	"0.15"	"0.01"	"0.005"	"0.01"	"100000"	"10000"	"200"	"5572449595767558285"	15000	"intercept"	0.46822296
"0.05"	"0.4"	"0.15"	"0.01"	"0.005"	"0.01"	"100000"	"10000"	"200"	"5572449595767558285"	20000	"slope"	-0.397515305
"0.05"	"0.4"	"0.15"	"0.01"	"0.005"	"0.01"	"100000"	"10000"	"200"	"5572449595767558285"	20000	"intercept"	0.50525785
"0.05"	"0.4"	"0.15"	"0.01"	"0.005"	"0.01"	"100000"	"10000"	"200"	"5572449595767558285"	25000	"slope"	-0.477332735
"0.05"	"0.4"	"0.15"	"0.01"	"0.005"	"0.01"	"100000"	"10000"	"200"	"5572449595767558285"	25000	"intercept"	0.56180417
"0.05"	"0.4"	"0.15"	"0.01"	"0.005"	"0.01"	"100000"	"10000"	"200"	"5572449595767558285"	30000	"slope"	-0.493432715
"0.05"	"0.4"	"0.15"	"0.01"	"0.005"	"0.01"	"100000"	"10000"	"200"	"5572449595767558285"	30000	"intercept"	0.580075385
"0.05"	"0.4"	"0.15"	"0.01"	"0.005"	"0.01"	"100000"	"10000"	"200"	"5572449595767558285"	35000	"slope"	-0.4620672
"0.05"	"0.4"	"0.15"	"0.01"	"0.005"	"0.01"	"100000"	"10000"	"200"	"5572449595767558285"	35000	"intercept"	0.552924285
"0.05"	"0.4"	"0.15"	"0.01"	"0.005"	"0.01"	"100000"	"10000"	"200"	"5572449595767558285"	40000	"slope"	-0.468654725
"0.05"	"0.4"	"0.15"	"0.01"	"0.005"	"0.01"	"100000"	"10000"	"200"	"5572449595767558285"	40000	"intercept"	0.55363538
"0.05"	"0.4"	"0.15"	"0.01"	"0.005"	"0.01"	"100000"	"10000"	"200"	"5572449595767558285"	45000	"slope"	-0.4954681
"0.05"	"0.4"	"0.15"	"0.01"	"0.005"	"0.01"	"100000"	"10000"	"200"	"5572449595767558285"	45000	"intercept"	0.578993345
"0.05"	"0.4"	"0.15"	"0.01"	"0.005"	"0.01"	"100000"	"10000"	"200"	"5572449595767558285"	50000	"slope"	-0.48478794
"0.05"	"0.4"	"0.15"	"0.01"	"0.005"	"0.01"	"100000"	"10000"	"200"	"5572449595767558285"	50000	"intercept"	0.57670672
"0.05"	"0.4"	"0.15"	"0.01"	"0.005"	"0.01"	"100000"	"10000"	"200"	"5572449595767558285"	55000	"slope"	-0.479156685
"0.05"	"0.4"	"0.15"	"0.01"	"0.005"	"0.01"	"100000"	"10000"	"200"	"5572449595767558285"	55000	"intercept"	0.563252325
"0.05"	"0.4"	"0.15"	"0.01"	"0.005"	"0.01"	"100000"	"10000"	"200"	"5572449595767558285"	60000	"slope"	-0.47320361
"0.05"	"0.4"	"0.15"	"0.01"	"0.005"	"0.01"	"100000"	"10000"	"200"	"5572449595767558285"	60000	"intercept"	0.56053182
"0.05"	"0.4"	"0.15"	"0.01"	"0.005"	"0.01"	"100000"	"10000"	"200"	"5572449595767558285"	65000	"slope"	-0.458934605
"0.05"	"0.4"	"0.15"	"0.01"	"0.005"	"0.01"	"100000"	"10000"	"200"	"5572449595767558285"	65000	"intercept"	0.55053936
"0.05"	"0.4"	"0.15"	"0.01"	"0.005"	"0.01"	"100000"	"10000"	"200"	"5572449595767558285"	70000	"slope"	-0.469864145
"0.05"	"0.4"	"0.15"	"0.01"	"0.005"	"0.01"	"100000"	"10000"	"200"	"5572449595767558285"	70000	"intercept"	0.562446135
"0.05"	"0.4"	"0.15"	"0.01"	"0.005"	"0.01"	"100000"	"10000"	"200"	"5572449595767558285"	75000	"slope"	-0.46327541
"0.05"	"0.4"	"0.15"	"0.01"	"0.005"	"0.01"	"100000"	"10000"	"200"	"5572449595767558285"	75000	"intercept"	0.54710053
"0.05"	"0.4"	"0.15"	"0.01"	"0.005"	"0.01"	"100000"	"10000"	"200"	"5572449595767558285"	80000	"slope"	-0.44760322
"0.05"	"0.4"	"0.15"	"0.01"	"0.005"	"0.01"	"100000"	"10000"	"200"	"5572449595767558285"	80000	"intercept"	0.54103996
"0.05"	"0.4"	"0.15"	"0.01"	"0.005"	"0.01"	"100000"	"10000"	"200"	"5572449595767558285"	85000	"slope"	-0.446620475
"0.05"	"0.4"	"0.15"	"0.01"	"0.005"	"0.01"	"100000"	"10000"	"200"	"5572449595767558285"	85000	"intercept"	0.53982956
"0.05"	"0.4"	"0.15"	"0.01"	"0.005"	"0.01"	"100000"	"10000"	"200"	"5572449595767558285"	90000	"slope"	-0.4604356
"0.05"	"0.4"	"0.15"	"0.01"	"0.005"	"0.01"	"100000"	"10000"	"200"	"5572449595767558285"	90000	"intercept"	0.544211385
"0.05"	"0.4"	"0.15"	"0.01"	"0.005"	"0.01"	"100000"	"10000"	"200"	"5572449595767558285"	95000	"slope"	-0.481484665
"0.05"	"0.4"	"0.15"	"0.01"	"0.005"	"0.01"	"100000"	"10000"	"200"	"5572449595767558285"	95000	"intercept"	0.57227147
"0.05"	"0.4"	"0.15"	"0.01"	"0.005"	"0.01"	"100000"	"10000"	"200"	"5572449595767558285"	100000	"slope"	-0.47188493
"0.05"	"0.4"	"0.15"	"0.01"	"0.005"	"0.01"	"100000"	"10000"	"200"	"5572449595767558285"	100000	"intercept"	0.563508795
"0.05"	"0.4"	"0.15"	"0.01"	"0.005"	"0.01"	"100000"	"10000"	"200"	"6289530535523965962"	10	"slope"	-4.37569e-05
"0.05"	"0.4"	"0.15"	"0.01"	"0.005"	"0.01"	"100000"	"10000"	"200"	"6289530535523965962"	10	"intercept"	0.500144405
"0.05"	"0.4"	"0.15"	"0.01"	"0.005"	"0.01"	"100000"	"10000"	"200"	"6289530535523965962"	5000	"slope"	-0.199944755
"0.05"	"0.4"	"0.15"	"0.01"	"0.005"	"0.01"	"100000"	"10000"	"200"	"6289530535523965962"	5000	"intercept"	0.37973079
"0.05"	"0.4"	"0.15"	"0.01"	"0.005"	"0.01"	"100000"	"10000"	"200"	"6289530535523965962"	10000	"slope"	-0.29420545
"0.05"	"0.4"	"0.15"	"0.01"	"0.005"	"0.01"	"100000"	"10000"	"200"	"6289530535523965962"	10000	"intercept"	0.43210618
"0.05"	"0.4"	"0.15"	"0.01"	"0.005"	"0.01"	"100000"	"10000"	"200"	"6289530535523965962"	15000	"slope"	-0.3641395
"0.05"	"0.4"	"0.15"	"0.01"	"0.005"	"0.01"	"100000"	"10000"	"200"	"6289530535523965962"	15000	"intercept"	0.47912153
"0.05"	"0.4"	"0.15"	"0.01"	"0.005"	"0.01"	"100000"	"10000"	"200"	"6289530535523965962"	20000	"slope"	-0.41334331
"0.05"	"0.4"	"0.15"	"0.01"	"0.005"	"0.01"	"100000"	"10000"	"200"	"6289530535523965962"	20000	"intercept"	0.51710617
"0.05"	"0.4"	"0.15"	"0.01"	"0.005"	"0.01"	"100000"	"10000"	"200"	"6289530535523965962"	25000	"slope"	-0.455052235
"0.05"	"0.4"	"0.15"	"0.01"	"0.005"	"0.01"	"100000"	"10000"	"200"	"6289530535523965962"	25000	"intercept"	0.54905613
"0.05"	"0.4"	"0.15"	"0.01"	"0.005"	"0.01"	"100000"	"10000"	"200"	"6289530535523965962"	30000	"slope"	-0.48565209
"0.05"	"0.4"	"0.15"	"0.01"	"0.005"	"0.01"	"100000"	"10000"	"200"	"6289530535523965962"	30000	"intercept"	0.569612745
"0.05"	"0.4"	"0.15"	"0.01"	"0.005"	"0.01"	"100000"	"10000"	"200"	"6289530535523965962"	35000	"slope"	-0.477751655
"0.05"	"0.4"	"0.15"	"0.01"	"0.005"	"0.01"	"100000"	"10000"	"200"	"6289530535523965962"	35000	"intercept"	0.56684764
"0.05"	"0.4"	"0.15"	"0.01"	"0.005"	"0.01"	"100000"	"10000"	"200"	"6289530535523965962"	40000	"slope"	-0.46499944
"0.05"	"0.4"	"0.15"	"0.01"	"0.005"	"0.01"	"100000"	"10000"	"200"	"6289530535523965962"	40000	"intercept"	0.557011075
"0.05"	"0.4"	"0.15"	"0.01"	"0.005"	"0.01"	"100000"	"10000"	"200"	"6289530535523965962"	45000	"slope"	-0.439770365
"0.05"	"0.4"	"0.15"	"0.01"	"0.005"	"0.01"	"100000"	"10000"	"200"	"6289530535523965962"	45000	"intercept"	0.536933385
"0.05"	"0.4"	"0.15"	"0.01"	"0.005"	"0.01"	"100000"	"10000"	"200"	"6289530535523965962"	50000	"slope"	-0.447356715
"0.05"	"0.4"	"0.15"	"0.01"	"0.005"	"0.01"	"100000"	"10000"	"200"	"6289530535523965962"	50000	"intercept"	0.544036915
"0.05"	"0.4"	"0.15"	"0.01"	"0.005"	"0.01"	"100000"	"10000"	"200"	"6289530535523965962"	55000	"slope"	-0.444266895
"0.05"	"0.4"	"0.15"	"0.01"	"0.005"	"0.01"	"100000"	"10000"	"200"	"6289530535523965962"	55000	"intercept"	0.537799875
"0.05"	"0.4"	"0.15"	"0.01"	"0.005"	"0.01"	"100000"	"10000"	"200"	"6289530535523965962"	60000	"slope"	-0.47345682
"0.05"	"0.4"	"0.15"	"0.01"	"0.005"	"0.01"	"100000"	"10000"	"200"	"6289530535523965962"	60000	"intercept"	0.55988927
"0.05"	"0.4"	"0.15"	"0.01"	"0.005"	"0.01"	"100000"	"10000"	"200"	"6289530535523965962"	65000	"slope"	-0.453375685
"0.05"	"0.4"	"0.15"	"0.01"	"0.005"	"0.01"	"100000"	"10000"	"200"	"6289530535523965962"	65000	"intercept"	0.546162545
"0.05"	"0.4"	"0.15"	"0.01"	"0.005"	"0.01"	"100000"	"10000"	"200"	"6289530535523965962"	70000	"slope"	-0.44658975
"0.05"	"0.4"	"0.15"	"0.01"	"0.005"	"0.01"	"100000"	"10000"	"200"	"6289530535523965962"	70000	"intercept"	0.543124425
"0.05"	"0.4"	"0.15"	"0.01"	"0.005"	"0.01"	"100000"	"10000"	"200"	"6289530535523965962"	75000	"slope"	-0.456115905
"0.05"	"0.4"	"0.15"	"0.01"	"0.005"	"0.01"	"100000"	"10000"	"200"	"6289530535523965962"	75000	"intercept"	0.555732415
"0.05"	"0.4"	"0.15"	"0.01"	"0.005"	"0.01"	"100000"	"10000"	"200"	"6289530535523965962"	80000	"slope"	-0.46702617
"0.05"	"0.4"	"0.15"	"0.01"	"0.005"	"0.01"	"100000"	"10000"	"200"	"6289530535523965962"	80000	"intercept"	0.552441755
"0.05"	"0.4"	"0.15"	"0.01"	"0.005"	"0.01"	"100000"	"10000"	"200"	"6289530535523965962"	85000	"slope"	-0.464431735
"0.05"	"0.4"	"0.15"	"0.01"	"0.005"	"0.01"	"100000"	"10000"	"200"	"6289530535523965962"	85000	"intercept"	0.564996435
"0.05"	"0.4"	"0.15"	"0.01"	"0.005"	"0.01"	"100000"	"10000"	"200"	"6289530535523965962"	90000	"slope"	-0.479336065
"0.05"	"0.4"	"0.15"	"0.01"	"0.005"	"0.01"	"100000"	"10000"	"200"	"6289530535523965962"	90000	"intercept"	0.565704955
"0.05"	"0.4"	"0.15"	"0.01"	"0.005"	"0.01"	"100000"	"10000"	"200"	"6289530535523965962"	95000	"slope"	-0.47701552
"0.05"	"0.4"	"0.15"	"0.01"	"0.005"	"0.01"	"100000"	"10000"	"200"	"6289530535523965962"	95000	"intercept"	0.56718454
"0.05"	"0.4"	"0.15"	"0.01"	"0.005"	"0.01"	"100000"	"10000"	"200"	"6289530535523965962"	100000	"slope"	-0.488847925
"0.05"	"0.4"	"0.15"	"0.01"	"0.005"	"0.01"	"100000"	"10000"	"200"	"6289530535523965962"	100000	"intercept"	0.577244685
"0.05"	"0.4"	"0.15"	"0.01"	"0.005"	"0.01"	"100000"	"10000"	"200"	"8406292691830661197"	10	"slope"	2.708944e-05
"0.05"	"0.4"	"0.15"	"0.01"	"0.005"	"0.01"	"100000"	"10000"	"200"	"8406292691830661197"	10	"intercept"	0.50004433
"0.05"	"0.4"	"0.15"	"0.01"	"0.005"	"0.01"	"100000"	"10000"	"200"	"8406292691830661197"	5000	"slope"	-0.121618133
"0.05"	"0.4"	"0.15"	"0.01"	"0.005"	"0.01"	"100000"	"10000"	"200"	"8406292691830661197"	5000	"intercept"	0.333146305
"0.05"	"0.4"	"0.15"	"0.01"	"0.005"	"0.01"	"100000"	"10000"	"200"	"8406292691830661197"	10000	"slope"	-0.216973785
"0.05"	"0.4"	"0.15"	"0.01"	"0.005"	"0.01"	"100000"	"10000"	"200"	"8406292691830661197"	10000	"intercept"	0.382930685
"0.05"	"0.4"	"0.15"	"0.01"	"0.005"	"0.01"	"100000"	"10000"	"200"	"8406292691830661197"	15000	"slope"	-0.34826251
"0.05"	"0.4"	"0.15"	"0.01"	"0.005"	"0.01"	"100000"	"10000"	"200"	"8406292691830661197"	15000	"intercept"	0.47000173
"0.05"	"0.4"	"0.15"	"0.01"	"0.005"	"0.01"	"100000"	"10000"	"200"	"8406292691830661197"	20000	"slope"	-0.45061624
"0.05"	"0.4"	"0.15"	"0.01"	"0.005"	"0.01"	"100000"	"10000"	"200"	"8406292691830661197"	20000	"intercept"	0.538172585
"0.05"	"0.4"	"0.15"	"0.01"	"0.005"	"0.01"	"100000"	"10000"	"200"	"8406292691830661197"	25000	"slope"	-0.460489045
"0.05"	"0.4"	"0.15"	"0.01"	"0.005"	"0.01"	"100000"	"10000"	"200"	"8406292691830661197"	25000	"intercept"	0.55515541
"0.05"	"0.4"	"0.15"	"0.01"	"0.005"	"0.01"	"100000"	"10000"	"200"	"8406292691830661197"	30000	"slope"	-0.45448524
"0.05"	"0.4"	"0.15"	"0.01"	"0.005"	"0.01"	"100000"	"10000"	"200"	"8406292691830661197"	30000	"intercept"	0.543293475
"0.05"	"0.4"	"0.15"	"0.01"	"0.005"	"0.01"	"100000"	"10000"	"200"	"8406292691830661197"	35000	"slope"	-0.471599595
"0.05"	"0.4"	"0.15"	"0.01"	"0.005"	"0.01"	"100000"	"10000"	"200"	"8406292691830661197"	35000	"intercept"	0.567103655
"0.05"	"0.4"	"0.15"	"0.01"	"0.005"	"0.01"	"100000"	"10000"	"200"	"8406292691830661197"	40000	"slope"	-0.444713095
"0.05"	"0.4"	"0.15"	"0.01"	"0.005"	"0.01"	"100000"	"10000"	"200"	"8406292691830661197"	40000	"intercept"	0.540484405
"0.05"	"0.4"	"0.15"	"0.01"	"0.005"	"0.01"	"100000"	"10000"	"200"	"8406292691830661197"	45000	"slope"	-0.459229285
"0.05"	"0.4"	"0.15"	"0.01"	"0.005"	"0.01"	"100000"	"10000"	"200"	"8406292691830661197"	45000	"intercept"	0.55296332
"0.05"	"0.4"	"0.15"	"0.01"	"0.005"	"0.01"	"100000"	"10000"	"200"	"8406292691830661197"	50000	"slope"	-0.46018665
"0.05"	"0.4"	"0.15"	"0.01"	"0.005"	"0.01"	"100000"	"10000"	"200"	"8406292691830661197"	50000	"intercept"	0.55187485
"0.05"	"0.4"	"0.15"	"0.01"	"0.005"	"0.01"	"100000"	"10000"	"200"	"8406292691830661197"	55000	"slope"	-0.47433417
"0.05"	"0.4"	"0.15"	"0.01"	"0.005"	"0.01"	"100000"	"10000"	"200"	"8406292691830661197"	55000	"intercept"	0.56931533
"0.05"	"0.4"	"0.15"	"0.01"	"0.005"	"0.01"	"100000"	"10000"	"200"	"8406292691830661197"	60000	"slope"	-0.45912498
"0.05"	"0.4"	"0.15"	"0.01"	"0.005"	"0.01"	"100000"	"10000"	"200"	"8406292691830661197"	60000	"intercept"	0.551805355
"0.05"	"0.4"	"0.15"	"0.01"	"0.005"	"0.01"	"100000"	"10000"	"200"	"8406292691830661197"	65000	"slope"	-0.464288185
"0.05"	"0.4"	"0.15"	"0.01"	"0.005"	"0.01"	"100000"	"10000"	"200"	"8406292691830661197"	65000	"intercept"	0.54871894
"0.05"	"0.4"	"0.15"	"0.01"	"0.005"	"0.01"	"100000"	"10000"	"200"	"8406292691830661197"	70000	"slope"	-0.46612759
"0.05"	"0.4"	"0.15"	"0.01"	"0.005"	"0.01"	"100000"	"10000"	"200"	"8406292691830661197"	70000	"intercept"	0.55590853
"0.05"	"0.4"	"0.15"	"0.01"	"0.005"	"0.01"	"100000"	"10000"	"200"	"8406292691830661197"	75000	"slope"	-0.47543973
"0.05"	"0.4"	"0.15"	"0.01"	"0.005"	"0.01"	"100000"	"10000"	"200"	"8406292691830661197"	75000	"intercept"	0.56347285
"0.05"	"0.4"	"0.15"	"0.01"	"0.005"	"0.01"	"100000"	"10000"	"200"	"8406292691830661197"	80000	"slope"	-0.476012375
"0.05"	"0.4"	"0.15"	"0.01"	"0.005"	"0.01"	"100000"	"10000"	"200"	"8406292691830661197"	80000	"intercept"	0.5657252
"0.05"	"0.4"	"0.15"	"0.01"	"0.005"	"0.01"	"100000"	"10000"	"200"	"8406292691830661197"	85000	"slope"	-0.46071743
"0.05"	"0.4"	"0.15"	"0.01"	"0.005"	"0.01"	"100000"	"10000"	"200"	"8406292691830661197"	85000	"intercept"	0.55306464
"0.05"	"0.4"	"0.15"	"0.01"	"0.005"	"0.01"	"100000"	"10000"	"200"	"8406292691830661197"	90000	"slope"	-0.45978232
"0.05"	"0.4"	"0.15"	"0.01"	"0.005"	"0.01"	"100000"	"10000"	"200"	"8406292691830661197"	90000	"intercept"	0.553460875
"0.05"	"0.4"	"0.15"	"0.01"	"0.005"	"0.01"	"100000"	"10000"	"200"	"8406292691830661197"	95000	"slope"	-0.47313029
"0.05"	"0.4"	"0.15"	"0.01"	"0.005"	"0.01"	"100000"	"10000"	"200"	"8406292691830661197"	95000	"intercept"	0.560312995
"0.05"	"0.4"	"0.15"	"0.01"	"0.005"	"0.01"	"100000"	"10000"	"200"	"8406292691830661197"	100000	"slope"	-0.451377275
"0.05"	"0.4"	"0.15"	"0.01"	"0.005"	"0.01"	"100000"	"10000"	"200"	"8406292691830661197"	100000	"intercept"	0.55027841
"0.05"	"0.6"	"0.15"	"0.01"	"0.005"	"0.01"	"100000"	"10000"	"200"	"1329283481066311685"	10	"slope"	1.729616e-05
"0.05"	"0.6"	"0.15"	"0.01"	"0.005"	"0.01"	"100000"	"10000"	"200"	"1329283481066311685"	10	"intercept"	0.500249715
"0.05"	"0.6"	"0.15"	"0.01"	"0.005"	"0.01"	"100000"	"10000"	"200"	"1329283481066311685"	5000	"slope"	-0.1591728275
"0.05"	"0.6"	"0.15"	"0.01"	"0.005"	"0.01"	"100000"	"10000"	"200"	"1329283481066311685"	5000	"intercept"	0.354440765
"0.05"	"0.6"	"0.15"	"0.01"	"0.005"	"0.01"	"100000"	"10000"	"200"	"1329283481066311685"	10000	"slope"	-0.2609656
"0.05"	"0.6"	"0.15"	"0.01"	"0.005"	"0.01"	"100000"	"10000"	"200"	"1329283481066311685"	10000	"intercept"	0.410870185
"0.05"	"0.6"	"0.15"	"0.01"	"0.005"	"0.01"	"100000"	"10000"	"200"	"1329283481066311685"	15000	"slope"	-0.35938108
"0.05"	"0.6"	"0.15"	"0.01"	"0.005"	"0.01"	"100000"	"10000"	"200"	"1329283481066311685"	15000	"intercept"	0.47597602
"0.05"	"0.6"	"0.15"	"0.01"	"0.005"	"0.01"	"100000"	"10000"	"200"	"1329283481066311685"	20000	"slope"	-0.42390973
"0.05"	"0.6"	"0.15"	"0.01"	"0.005"	"0.01"	"100000"	"10000"	"200"	"1329283481066311685"	20000	"intercept"	0.527933055
"0.05"	"0.6"	"0.15"	"0.01"	"0.005"	"0.01"	"100000"	"10000"	"200"	"1329283481066311685"	25000	"slope"	-0.427117545
"0.05"	"0.6"	"0.15"	"0.01"	"0.005"	"0.01"	"100000"	"10000"	"200"	"1329283481066311685"	25000	"intercept"	0.531524745
"0.05"	"0.6"	"0.15"	"0.01"	"0.005"	"0.01"	"100000"	"10000"	"200"	"1329283481066311685"	30000	"slope"	-0.466922855
"0.05"	"0.6"	"0.15"	"0.01"	"0.005"	"0.01"	"100000"	"10000"	"200"	"1329283481066311685"	30000	"intercept"	0.55568136
"0.05"	"0.6"	"0.15"	"0.01"	"0.005"	"0.01"	"100000"	"10000"	"200"	"1329283481066311685"	35000	"slope"	-0.489565765
"0.05"	"0.6"	"0.15"	"0.01"	"0.005"	"0.01"	"100000"	"10000"	"200"	"1329283481066311685"	35000	"intercept"	0.57334983
"0.05"	"0.6"	"0.15"	"0.01"	"0.005"	"0.01"	"100000"	"10000"	"200"	"1329283481066311685"	40000	"slope"	-0.480896765
"0.05"	"0.6"	"0.15"	"0.01"	"0.005"	"0.01"	"100000"	"10000"	"200"	"1329283481066311685"	40000	"intercept"	0.560706295
"0.05"	"0.6"	"0.15"	"0.01"	"0.005"	"0.01"	"100000"	"10000"	"200"	"1329283481066311685"	45000	"slope"	-0.456226155
"0.05"	"0.6"	"0.15"	"0.01"	"0.005"	"0.01"	"100000"	"10000"	"200"	"1329283481066311685"	45000	"intercept"	0.55097553
"0.05"	"0.6"	"0.15"	"0.01"	"0.005"	"0.01"	"100000"	"10000"	"200"	"1329283481066311685"	50000	"slope"	-0.454240125
"0.05"	"0.6"	"0.15"	"0.01"	"0.005"	"0.01"	"100000"	"10000"	"200"	"1329283481066311685"	50000	"intercept"	0.53920324
"0.05"	"0.6"	"0.15"	"0.01"	"0.005"	"0.01"	"100000"	"10000"	"200"	"1329283481066311685"	55000	"slope"	-0.488377905
"0.05"	"0.6"	"0.15"	"0.01"	"0.005"	"0.01"	"100000"	"10000"	"200"	"1329283481066311685"	55000	"intercept"	0.57509957
"0.05"	"0.6"	"0.15"	"0.01"	"0.005"	"0.01"	"100000"	"10000"	"200"	"1329283481066311685"	60000	"slope"	-0.49509293
"0.05"	"0.6"	"0.15"	"0.01"	"0.005"	"0.01"	"100000"	"10000"	"200"	"1329283481066311685"	60000	"intercept"	0.58131444
"0.05"	"0.6"	"0.15"	"0.01"	"0.005"	"0.01"	"100000"	"10000"	"200"	"1329283481066311685"	65000	"slope"	-0.500140505
"0.05"	"0.6"	"0.15"	"0.01"	"0.005"	"0.01"	"100000"	"10000"	"200"	"1329283481066311685"	65000	"intercept"	0.585426785
"0.05"	"0.6"	"0.15"	"0.01"	"0.005"	"0.01"	"100000"	"10000"	"200"	"1329283481066311685"	70000	"slope"	-0.51004284
"0.05"	"0.6"	"0.15"	"0.01"	"0.005"	"0.01"	"100000"	"10000"	"200"	"1329283481066311685"	70000	"intercept"	0.58592593
"0.05"	"0.6"	"0.15"	"0.01"	"0.005"	"0.01"	"100000"	"10000"	"200"	"1329283481066311685"	75000	"slope"	-0.476066135
"0.05"	"0.6"	"0.15"	"0.01"	"0.005"	"0.01"	"100000"	"10000"	"200"	"1329283481066311685"	75000	"intercept"	0.56644531
"0.05"	"0.6"	"0.15"	"0.01"	"0.005"	"0.01"	"100000"	"10000"	"200"	"1329283481066311685"	80000	"slope"	-0.48498165
"0.05"	"0.6"	"0.15"	"0.01"	"0.005"	"0.01"	"100000"	"10000"	"200"	"1329283481066311685"	80000	"intercept"	0.57026206
"0.05"	"0.6"	"0.15"	"0.01"	"0.005"	"0.01"	"100000"	"10000"	"200"	"1329283481066311685"	85000	"slope"	-0.45473153
"0.05"	"0.6"	"0.15"	"0.01"	"0.005"	"0.01"	"100000"	"10000"	"200"	"1329283481066311685"	85000	"intercept"	0.54641716
"0.05"	"0.6"	"0.15"	"0.01"	"0.005"	"0.01"	"100000"	"10000"	"200"	"1329283481066311685"	90000	"slope"	-0.467707515
"0.05"	"0.6"	"0.15"	"0.01"	"0.005"	"0.01"	"100000"	"10000"	"200"	"1329283481066311685"	90000	"intercept"	0.55535158
"0.05"	"0.6"	"0.15"	"0.01"	"0.005"	"0.01"	"100000"	"10000"	"200"	"1329283481066311685"	95000	"slope"	-0.48483738
"0.05"	"0.6"	"0.15"	"0.01"	"0.005"	"0.01"	"100000"	"10000"	"200"	"1329283481066311685"	95000	"intercept"	0.56706292
"0.05"	"0.6"	"0.15"	"0.01"	"0.005"	"0.01"	"100000"	"10000"	"200"	"1329283481066311685"	100000	"slope"	-0.432455905
"0.05"	"0.6"	"0.15"	"0.01"	"0.005"	"0.01"	"100000"	"10000"	"200"	"1329283481066311685"	100000	"intercept"	0.529352105
"0.05"	"0.6"	"0.15"	"0.01"	"0.005"	"0.01"	"100000"	"10000"	"200"	"2391614829833423943"	10	"slope"	-6.74735095e-05
"0.05"	"0.6"	"0.15"	"0.01"	"0.005"	"0.01"	"100000"	"10000"	"200"	"2391614829833423943"	10	"intercept"	0.50019544
"0.05"	"0.6"	"0.15"	"0.01"	"0.005"	"0.01"	"100000"	"10000"	"200"	"2391614829833423943"	5000	"slope"	-0.183870457
"0.05"	"0.6"	"0.15"	"0.01"	"0.005"	"0.01"	"100000"	"10000"	"200"	"2391614829833423943"	5000	"intercept"	0.36297037
"0.05"	"0.6"	"0.15"	"0.01"	"0.005"	"0.01"	"100000"	"10000"	"200"	"2391614829833423943"	10000	"slope"	-0.26421577
"0.05"	"0.6"	"0.15"	"0.01"	"0.005"	"0.01"	"100000"	"10000"	"200"	"2391614829833423943"	10000	"intercept"	0.417000875
"0.05"	"0.6"	"0.15"	"0.01"	"0.005"	"0.01"	"100000"	"10000"	"200"	"2391614829833423943"	15000	"slope"	-0.347082285
"0.05"	"0.6"	"0.15"	"0.01"	"0.005"	"0.01"	"100000"	"10000"	"200"	"2391614829833423943"	15000	"intercept"	0.466578215
"0.05"	"0.6"	"0.15"	"0.01"	"0.005"	"0.01"	"100000"	"10000"	"200"	"2391614829833423943"	20000	"slope"	-0.407729215
"0.05"	"0.6"	"0.15"	"0.01"	"0.005"	"0.01"	"100000"	"10000"	"200"	"2391614829833423943"	20000	"intercept"	0.508748535
"0.05"	"0.6"	"0.15"	"0.01"	"0.005"	"0.01"	"100000"	"10000"	"200"	"2391614829833423943"	25000	"slope"	-0.429999845
"0.05"	"0.6"	"0.15"	"0.01"	"0.005"	"0.01"	"100000"	"10000"	"200"	"2391614829833423943"	25000	"intercept"	0.519545655
"0.05"	"0.6"	"0.15"	"0.01"	"0.005"	"0.01"	"100000"	"10000"	"200"	"2391614829833423943"	30000	"slope"	-0.46685623
"0.05"	"0.6"	"0.15"	"0.01"	"0.005"	"0.01"	"100000"	"10000"	"200"	"2391614829833423943"	30000	"intercept"	0.54891123
"0.05"	"0.6"	"0.15"	"0.01"	"0.005"	"0.01"	"100000"	"10000"	"200"	"2391614829833423943"	35000	"slope"	-0.475900945
"0.05"	"0.6"	"0.15"	"0.01"	"0.005"	"0.01"	"100000"	"10000"	"200"	"2391614829833423943"	35000	"intercept"	0.562845495
"0.05"	"0.6"	"0.15"	"0.01"	"0.005"	"0.01"	"100000"	"10000"	"200"	"2391614829833423943"	40000	"slope"	-0.48303457
"0.05"	"0.6"	"0.15"	"0.01"	"0.005"	"0.01"	"100000"	"10000"	"200"	"2391614829833423943"	40000	"intercept"	0.56634144
"0.05"	"0.6"	"0.15"	"0.01"	"0.005"	"0.01"	"100000"	"10000"	"200"	"2391614829833423943"	45000	"slope"	-0.486893235
"0.05"	"0.6"	"0.15"	"0.01"	"0.005"	"0.01"	"100000"	"10000"	"200"	"2391614829833423943"	45000	"intercept"	0.56401156
"0.05"	"0.6"	"0.15"	"0.01"	"0.005"	"0.01"	"100000"	"10000"	"200"	"2391614829833423943"	50000	"slope"	-0.49259463
"0.05"	"0.6"	"0.15"	"0.01"	"0.005"	"0.01"	"100000"	"10000"	"200"	"2391614829833423943"	50000	"intercept"	0.573376175
"0.05"	"0.6"	"0.15"	"0.01"	"0.005"	"0.01"	"100000"	"10000"	"200"	"2391614829833423943"	55000	"slope"	-0.49868002
"0.05"	"0.6"	"0.15"	"0.01"	"0.005"	"0.01"	"100000"	"10000"	"200"	"2391614829833423943"	55000	"intercept"	0.58223019
"0.05"	"0.6"	"0.15"	"0.01"	"0.005"	"0.01"	"100000"	"10000"	"200"	"2391614829833423943"	60000	"slope"	-0.46622948
"0.05"	"0.6"	"0.15"	"0.01"	"0.005"	"0.01"	"100000"	"10000"	"200"	"2391614829833423943"	60000	"intercept"	0.551412935
"0.05"	"0.6"	"0.15"	"0.01"	"0.005"	"0.01"	"100000"	"10000"	"200"	"2391614829833423943"	65000	"slope"	-0.46942733
"0.05"	"0.6"	"0.15"	"0.01"	"0.005"	"0.01"	"100000"	"10000"	"200"	"2391614829833423943"	65000	"intercept"	0.55509863
"0.05"	"0.6"	"0.15"	"0.01"	"0.005"	"0.01"	"100000"	"10000"	"200"	"2391614829833423943"	70000	"slope"	-0.504331035
"0.05"	"0.6"	"0.15"	"0.01"	"0.005"	"0.01"	"100000"	"10000"	"200"	"2391614829833423943"	70000	"intercept"	0.59160341
"0.05"	"0.6"	"0.15"	"0.01"	"0.005"	"0.01"	"100000"	"10000"	"200"	"2391614829833423943"	75000	"slope"	-0.45369659
"0.05"	"0.6"	"0.15"	"0.01"	"0.005"	"0.01"	"100000"	"10000"	"200"	"2391614829833423943"	75000	"intercept"	0.539536455
"0.05"	"0.6"	"0.15"	"0.01"	"0.005"	"0.01"	"100000"	"10000"	"200"	"2391614829833423943"	80000	"slope"	-0.488406805
"0.05"	"0.6"	"0.15"	"0.01"	"0.005"	"0.01"	"100000"	"10000"	"200"	"2391614829833423943"	80000	"intercept"	0.57171799
"0.05"	"0.6"	"0.15"	"0.01"	"0.005"	"0.01"	"100000"	"10000"	"200"	"2391614829833423943"	85000	"slope"	-0.453605755
"0.05"	"0.6"	"0.15"	"0.01"	"0.005"	"0.01"	"100000"	"10000"	"200"	"2391614829833423943"	85000	"intercept"	0.542886215
"0.05"	"0.6"	"0.15"	"0.01"	"0.005"	"0.01"	"100000"	"10000"	"200"	"2391614829833423943"	90000	"slope"	-0.417800885
"0.05"	"0.6"	"0.15"	"0.01"	"0.005"	"0.01"	"100000"	"10000"	"200"	"2391614829833423943"	90000	"intercept"	0.52135652
"0.05"	"0.6"	"0.15"	"0.01"	"0.005"	"0.01"	"100000"	"10000"	"200"	"2391614829833423943"	95000	"slope"	-0.448939085
"0.05"	"0.6"	"0.15"	"0.01"	"0.005"	"0.01"	"100000"	"10000"	"200"	"2391614829833423943"	95000	"intercept"	0.553685215
"0.05"	"0.6"	"0.15"	"0.01"	"0.005"	"0.01"	"100000"	"10000"	"200"	"2391614829833423943"	100000	"slope"	-0.43640905
"0.05"	"0.6"	"0.15"	"0.01"	"0.005"	"0.01"	"100000"	"10000"	"200"	"2391614829833423943"	100000	"intercept"	0.53267218
"0.05"	"0.6"	"0.15"	"0.01"	"0.005"	"0.01"	"100000"	"10000"	"200"	"7322156226328542285"	10	"slope"	-3.0686905e-05
"0.05"	"0.6"	"0.15"	"0.01"	"0.005"	"0.01"	"100000"	"10000"	"200"	"7322156226328542285"	10	"intercept"	0.49999397
"0.05"	"0.6"	"0.15"	"0.01"	"0.005"	"0.01"	"100000"	"10000"	"200"	"7322156226328542285"	5000	"slope"	-0.1658470775
"0.05"	"0.6"	"0.15"	"0.01"	"0.005"	"0.01"	"100000"	"10000"	"200"	"7322156226328542285"	5000	"intercept"	0.359463255
"0.05"	"0.6"	"0.15"	"0.01"	"0.005"	"0.01"	"100000"	"10000"	"200"	"7322156226328542285"	10000	"slope"	-0.310130245
"0.05"	"0.6"	"0.15"	"0.01"	"0.005"	"0.01"	"100000"	"10000"	"200"	"7322156226328542285"	10000	"intercept"	0.43861782
"0.05"	"0.6"	"0.15"	"0.01"	"0.005"	"0.01"	"100000"	"10000"	"200"	"7322156226328542285"	15000	"slope"	-0.401243195
"0.05"	"0.6"	"0.15"	"0.01"	"0.005"	"0.01"	"100000"	"10000"	"200"	"7322156226328542285"	15000	"intercept"	0.506658435
"0.05"	"0.6"	"0.15"	"0.01"	"0.005"	"0.01"	"100000"	"10000"	"200"	"7322156226328542285"	20000	"slope"	-0.444738795
"0.05"	"0.6"	"0.15"	"0.01"	"0.005"	"0.01"	"100000"	"10000"	"200"	"7322156226328542285"	20000	"intercept"	0.531698355
"0.05"	"0.6"	"0.15"	"0.01"	"0.005"	"0.01"	"100000"	"10000"	"200"	"7322156226328542285"	25000	"slope"	-0.47461691
"0.05"	"0.6"	"0.15"	"0.01"	"0.005"	"0.01"	"100000"	"10000"	"200"	"7322156226328542285"	25000	"intercept"	0.55909194
"0.05"	"0.6"	"0.15"	"0.01"	"0.005"	"0.01"	"100000"	"10000"	"200"	"7322156226328542285"	30000	"slope"	-0.462571025
"0.05"	"0.6"	"0.15"	"0.01"	"0.005"	"0.01"	"100000"	"10000"	"200"	"7322156226328542285"	30000	"intercept"	0.55507778
"0.05"	"0.6"	"0.15"	"0.01"	"0.005"	"0.01"	"100000"	"10000"	"200"	"7322156226328542285"	35000	"slope"	-0.47164289
"0.05"	"0.6"	"0.15"	"0.01"	"0.005"	"0.01"	"100000"	"10000"	"200"	"7322156226328542285"	35000	"intercept"	0.564651405
"0.05"	"0.6"	"0.15"	"0.01"	"0.005"	"0.01"	"100000"	"10000"	"200"	"7322156226328542285"	40000	"slope"	-0.488485895
"0.05"	"0.6"	"0.15"	"0.01"	"0.005"	"0.01"	"100000"	"10000"	"200"	"7322156226328542285"	40000	"intercept"	0.56788542
"0.05"	"0.6"	"0.15"	"0.01"	"0.005"	"0.01"	"100000"	"10000"	"200"	"7322156226328542285"	45000	"slope"	-0.48276699
"0.05"	"0.6"	"0.15"	"0.01"	"0.005"	"0.01"	"100000"	"10000"	"200"	"7322156226328542285"	45000	"intercept"	0.566565705
"0.05"	"0.6"	"0.15"	"0.01"	"0.005"	"0.01"	"100000"	"10000"	"200"	"7322156226328542285"	50000	"slope"	-0.48597269
"0.05"	"0.6"	"0.15"	"0.01"	"0.005"	"0.01"	"100000"	"10000"	"200"	"7322156226328542285"	50000	"intercept"	0.56845505
"0.05"	"0.6"	"0.15"	"0.01"	"0.005"	"0.01"	"100000"	"10000"	"200"	"7322156226328542285"	55000	"slope"	-0.485783935
"0.05"	"0.6"	"0.15"	"0.01"	"0.005"	"0.01"	"100000"	"10000"	"200"	"7322156226328542285"	55000	"intercept"	0.574252915
"0.05"	"0.6"	"0.15"	"0.01"	"0.005"	"0.01"	"100000"	"10000"	"200"	"7322156226328542285"	60000	"slope"	-0.48687131
"0.05"	"0.6"	"0.15"	"0.01"	"0.005"	"0.01"	"100000"	"10000"	"200"	"7322156226328542285"	60000	"intercept"	0.57541018
"0.05"	"0.6"	"0.15"	"0.01"	"0.005"	"0.01"	"100000"	"10000"	"200"	"7322156226328542285"	65000	"slope"	-0.482943665
"0.05"	"0.6"	"0.15"	"0.01"	"0.005"	"0.01"	"100000"	"10000"	"200"	"7322156226328542285"	65000	"intercept"	0.56431522
"0.05"	"0.6"	"0.15"	"0.01"	"0.005"	"0.01"	"100000"	"10000"	"200"	"7322156226328542285"	70000	"slope"	-0.45617114
"0.05"	"0.6"	"0.15"	"0.01"	"0.005"	"0.01"	"100000"	"10000"	"200"	"7322156226328542285"	70000	"intercept"	0.54330048
"0.05"	"0.6"	"0.15"	"0.01"	"0.005"	"0.01"	"100000"	"10000"	"200"	"7322156226328542285"	75000	"slope"	-0.47067051
"0.05"	"0.6"	"0.15"	"0.01"	"0.005"	"0.01"	"100000"	"10000"	"200"	"7322156226328542285"	75000	"intercept"	0.55055676
"0.05"	"0.6"	"0.15"	"0.01"	"0.005"	"0.01"	"100000"	"10000"	"200"	"7322156226328542285"	80000	"slope"	-0.473256685
"0.05"	"0.6"	"0.15"	"0.01"	"0.005"	"0.01"	"100000"	"10000"	"200"	"7322156226328542285"	80000	"intercept"	0.56742055
"0.05"	"0.6"	"0.15"	"0.01"	"0.005"	"0.01"	"100000"	"10000"	"200"	"7322156226328542285"	85000	"slope"	-0.472783075
"0.05"	"0.6"	"0.15"	"0.01"	"0.005"	"0.01"	"100000"	"10000"	"200"	"7322156226328542285"	85000	"intercept"	0.561709855
"0.05"	"0.6"	"0.15"	"0.01"	"0.005"	"0.01"	"100000"	"10000"	"200"	"7322156226328542285"	90000	"slope"	-0.48184621
"0.05"	"0.6"	"0.15"	"0.01"	"0.005"	"0.01"	"100000"	"10000"	"200"	"7322156226328542285"	90000	"intercept"	0.565741495
"0.05"	"0.6"	"0.15"	"0.01"	"0.005"	"0.01"	"100000"	"10000"	"200"	"7322156226328542285"	95000	"slope"	-0.45832945
"0.05"	"0.6"	"0.15"	"0.01"	"0.005"	"0.01"	"100000"	"10000"	"200"	"7322156226328542285"	95000	"intercept"	0.55548901
"0.05"	"0.6"	"0.15"	"0.01"	"0.005"	"0.01"	"100000"	"10000"	"200"	"7322156226328542285"	100000	"slope"	-0.439339645
"0.05"	"0.6"	"0.15"	"0.01"	"0.005"	"0.01"	"100000"	"10000"	"200"	"7322156226328542285"	100000	"intercept"	0.532747235
"0.05"	"0.8"	"0.15"	"0.01"	"0.005"	"0.01"	"100000"	"10000"	"200"	"214440250039799743"	10	"slope"	0.00013579313
"0.05"	"0.8"	"0.15"	"0.01"	"0.005"	"0.01"	"100000"	"10000"	"200"	"214440250039799743"	10	"intercept"	0.499992895
"0.05"	"0.8"	"0.15"	"0.01"	"0.005"	"0.01"	"100000"	"10000"	"200"	"214440250039799743"	5000	"slope"	-0.1499364175
"0.05"	"0.8"	"0.15"	"0.01"	"0.005"	"0.01"	"100000"	"10000"	"200"	"214440250039799743"	5000	"intercept"	0.342159735
"0.05"	"0.8"	"0.15"	"0.01"	"0.005"	"0.01"	"100000"	"10000"	"200"	"214440250039799743"	10000	"slope"	-0.256707225
"0.05"	"0.8"	"0.15"	"0.01"	"0.005"	"0.01"	"100000"	"10000"	"200"	"214440250039799743"	10000	"intercept"	0.403625425
"0.05"	"0.8"	"0.15"	"0.01"	"0.005"	"0.01"	"100000"	"10000"	"200"	"214440250039799743"	15000	"slope"	-0.296394955
"0.05"	"0.8"	"0.15"	"0.01"	"0.005"	"0.01"	"100000"	"10000"	"200"	"214440250039799743"	15000	"intercept"	0.427682475
"0.05"	"0.8"	"0.15"	"0.01"	"0.005"	"0.01"	"100000"	"10000"	"200"	"214440250039799743"	20000	"slope"	-0.38479507
"0.05"	"0.8"	"0.15"	"0.01"	"0.005"	"0.01"	"100000"	"10000"	"200"	"214440250039799743"	20000	"intercept"	0.481702215
"0.05"	"0.8"	"0.15"	"0.01"	"0.005"	"0.01"	"100000"	"10000"	"200"	"214440250039799743"	25000	"slope"	-0.411535285
"0.05"	"0.8"	"0.15"	"0.01"	"0.005"	"0.01"	"100000"	"10000"	"200"	"214440250039799743"	25000	"intercept"	0.51512014
"0.05"	"0.8"	"0.15"	"0.01"	"0.005"	"0.01"	"100000"	"10000"	"200"	"214440250039799743"	30000	"slope"	-0.46522306
"0.05"	"0.8"	"0.15"	"0.01"	"0.005"	"0.01"	"100000"	"10000"	"200"	"214440250039799743"	30000	"intercept"	0.54789089
"0.05"	"0.8"	"0.15"	"0.01"	"0.005"	"0.01"	"100000"	"10000"	"200"	"214440250039799743"	35000	"slope"	-0.48647423
"0.05"	"0.8"	"0.15"	"0.01"	"0.005"	"0.01"	"100000"	"10000"	"200"	"214440250039799743"	35000	"intercept"	0.563926535
"0.05"	"0.8"	"0.15"	"0.01"	"0.005"	"0.01"	"100000"	"10000"	"200"	"214440250039799743"	40000	"slope"	-0.519390615
"0.05"	"0.8"	"0.15"	"0.01"	"0.005"	"0.01"	"100000"	"10000"	"200"	"214440250039799743"	40000	"intercept"	0.59551644
"0.05"	"0.8"	"0.15"	"0.01"	"0.005"	"0.01"	"100000"	"10000"	"200"	"214440250039799743"	45000	"slope"	-0.49489785
"0.05"	"0.8"	"0.15"	"0.01"	"0.005"	"0.01"	"100000"	"10000"	"200"	"214440250039799743"	45000	"intercept"	0.57411075
"0.05"	"0.8"	"0.15"	"0.01"	"0.005"	"0.01"	"100000"	"10000"	"200"	"214440250039799743"	50000	"slope"	-0.515571515
"0.05"	"0.8"	"0.15"	"0.01"	"0.005"	"0.01"	"100000"	"10000"	"200"	"214440250039799743"	50000	"intercept"	0.591045465
"0.05"	"0.8"	"0.15"	"0.01"	"0.005"	"0.01"	"100000"	"10000"	"200"	"214440250039799743"	55000	"slope"	-0.504950545
"0.05"	"0.8"	"0.15"	"0.01"	"0.005"	"0.01"	"100000"	"10000"	"200"	"214440250039799743"	55000	"intercept"	0.57706127
"0.05"	"0.8"	"0.15"	"0.01"	"0.005"	"0.01"	"100000"	"10000"	"200"	"214440250039799743"	60000	"slope"	-0.5050214
"0.05"	"0.8"	"0.15"	"0.01"	"0.005"	"0.01"	"100000"	"10000"	"200"	"214440250039799743"	60000	"intercept"	0.58625617
"0.05"	"0.8"	"0.15"	"0.01"	"0.005"	"0.01"	"100000"	"10000"	"200"	"214440250039799743"	65000	"slope"	-0.47813525
"0.05"	"0.8"	"0.15"	"0.01"	"0.005"	"0.01"	"100000"	"10000"	"200"	"214440250039799743"	65000	"intercept"	0.557907235
"0.05"	"0.8"	"0.15"	"0.01"	"0.005"	"0.01"	"100000"	"10000"	"200"	"214440250039799743"	70000	"slope"	-0.476606055
"0.05"	"0.8"	"0.15"	"0.01"	"0.005"	"0.01"	"100000"	"10000"	"200"	"214440250039799743"	70000	"intercept"	0.55866559
"0.05"	"0.8"	"0.15"	"0.01"	"0.005"	"0.01"	"100000"	"10000"	"200"	"214440250039799743"	75000	"slope"	-0.472792755
"0.05"	"0.8"	"0.15"	"0.01"	"0.005"	"0.01"	"100000"	"10000"	"200"	"214440250039799743"	75000	"intercept"	0.562240665
"0.05"	"0.8"	"0.15"	"0.01"	"0.005"	"0.01"	"100000"	"10000"	"200"	"214440250039799743"	80000	"slope"	-0.445910055
"0.05"	"0.8"	"0.15"	"0.01"	"0.005"	"0.01"	"100000"	"10000"	"200"	"214440250039799743"	80000	"intercept"	0.543377845
"0.05"	"0.8"	"0.15"	"0.01"	"0.005"	"0.01"	"100000"	"10000"	"200"	"214440250039799743"	85000	"slope"	-0.45724714
"0.05"	"0.8"	"0.15"	"0.01"	"0.005"	"0.01"	"100000"	"10000"	"200"	"214440250039799743"	85000	"intercept"	0.5439496
"0.05"	"0.8"	"0.15"	"0.01"	"0.005"	"0.01"	"100000"	"10000"	"200"	"214440250039799743"	90000	"slope"	-0.46161487
"0.05"	"0.8"	"0.15"	"0.01"	"0.005"	"0.01"	"100000"	"10000"	"200"	"214440250039799743"	90000	"intercept"	0.548343065
"0.05"	"0.8"	"0.15"	"0.01"	"0.005"	"0.01"	"100000"	"10000"	"200"	"214440250039799743"	95000	"slope"	-0.489394075
"0.05"	"0.8"	"0.15"	"0.01"	"0.005"	"0.01"	"100000"	"10000"	"200"	"214440250039799743"	95000	"intercept"	0.56175782
"0.05"	"0.8"	"0.15"	"0.01"	"0.005"	"0.01"	"100000"	"10000"	"200"	"214440250039799743"	100000	"slope"	-0.44509538
"0.05"	"0.8"	"0.15"	"0.01"	"0.005"	"0.01"	"100000"	"10000"	"200"	"214440250039799743"	100000	"intercept"	0.543423975
"0.05"	"0.8"	"0.15"	"0.01"	"0.005"	"0.01"	"100000"	"10000"	"200"	"2846342785588356058"	10	"slope"	-8.985174e-05
"0.05"	"0.8"	"0.15"	"0.01"	"0.005"	"0.01"	"100000"	"10000"	"200"	"2846342785588356058"	10	"intercept"	0.50008408
"0.05"	"0.8"	"0.15"	"0.01"	"0.005"	"0.01"	"100000"	"10000"	"200"	"2846342785588356058"	5000	"slope"	-0.17808739
"0.05"	"0.8"	"0.15"	"0.01"	"0.005"	"0.01"	"100000"	"10000"	"200"	"2846342785588356058"	5000	"intercept"	0.36703643
"0.05"	"0.8"	"0.15"	"0.01"	"0.005"	"0.01"	"100000"	"10000"	"200"	"2846342785588356058"	10000	"slope"	-0.30176821
"0.05"	"0.8"	"0.15"	"0.01"	"0.005"	"0.01"	"100000"	"10000"	"200"	"2846342785588356058"	10000	"intercept"	0.433654635
"0.05"	"0.8"	"0.15"	"0.01"	"0.005"	"0.01"	"100000"	"10000"	"200"	"2846342785588356058"	15000	"slope"	-0.380816655
"0.05"	"0.8"	"0.15"	"0.01"	"0.005"	"0.01"	"100000"	"10000"	"200"	"2846342785588356058"	15000	"intercept"	0.48975974
"0.05"	"0.8"	"0.15"	"0.01"	"0.005"	"0.01"	"100000"	"10000"	"200"	"2846342785588356058"	20000	"slope"	-0.42438655
"0.05"	"0.8"	"0.15"	"0.01"	"0.005"	"0.01"	"100000"	"10000"	"200"	"2846342785588356058"	20000	"intercept"	0.52152869
"0.05"	"0.8"	"0.15"	"0.01"	"0.005"	"0.01"	"100000"	"10000"	"200"	"2846342785588356058"	25000	"slope"	-0.480562655
"0.05"	"0.8"	"0.15"	"0.01"	"0.005"	"0.01"	"100000"	"10000"	"200"	"2846342785588356058"	25000	"intercept"	0.567218705
"0.05"	"0.8"	"0.15"	"0.01"	"0.005"	"0.01"	"100000"	"10000"	"200"	"2846342785588356058"	30000	"slope"	-0.470453455
"0.05"	"0.8"	"0.15"	"0.01"	"0.005"	"0.01"	"100000"	"10000"	"200"	"2846342785588356058"	30000	"intercept"	0.55066693
"0.05"	"0.8"	"0.15"	"0.01"	"0.005"	"0.01"	"100000"	"10000"	"200"	"2846342785588356058"	35000	"slope"	-0.47909409
"0.05"	"0.8"	"0.15"	"0.01"	"0.005"	"0.01"	"100000"	"10000"	"200"	"2846342785588356058"	35000	"intercept"	0.555278185
"0.05"	"0.8"	"0.15"	"0.01"	"0.005"	"0.01"	"100000"	"10000"	"200"	"2846342785588356058"	40000	"slope"	-0.49483658
"0.05"	"0.8"	"0.15"	"0.01"	"0.005"	"0.01"	"100000"	"10000"	"200"	"2846342785588356058"	40000	"intercept"	0.56183647
"0.05"	"0.8"	"0.15"	"0.01"	"0.005"	"0.01"	"100000"	"10000"	"200"	"2846342785588356058"	45000	"slope"	-0.4847998
"0.05"	"0.8"	"0.15"	"0.01"	"0.005"	"0.01"	"100000"	"10000"	"200"	"2846342785588356058"	45000	"intercept"	0.57154768
"0.05"	"0.8"	"0.15"	"0.01"	"0.005"	"0.01"	"100000"	"10000"	"200"	"2846342785588356058"	50000	"slope"	-0.436991325
"0.05"	"0.8"	"0.15"	"0.01"	"0.005"	"0.01"	"100000"	"10000"	"200"	"2846342785588356058"	50000	"intercept"	0.53638775
"0.05"	"0.8"	"0.15"	"0.01"	"0.005"	"0.01"	"100000"	"10000"	"200"	"2846342785588356058"	55000	"slope"	-0.41292882
"0.05"	"0.8"	"0.15"	"0.01"	"0.005"	"0.01"	"100000"	"10000"	"200"	"2846342785588356058"	55000	"intercept"	0.51498349
"0.05"	"0.8"	"0.15"	"0.01"	"0.005"	"0.01"	"100000"	"10000"	"200"	"2846342785588356058"	60000	"slope"	-0.4186374
"0.05"	"0.8"	"0.15"	"0.01"	"0.005"	"0.01"	"100000"	"10000"	"200"	"2846342785588356058"	60000	"intercept"	0.53051877
"0.05"	"0.8"	"0.15"	"0.01"	"0.005"	"0.01"	"100000"	"10000"	"200"	"2846342785588356058"	65000	"slope"	-0.429406835
"0.05"	"0.8"	"0.15"	"0.01"	"0.005"	"0.01"	"100000"	"10000"	"200"	"2846342785588356058"	65000	"intercept"	0.52649235
"0.05"	"0.8"	"0.15"	"0.01"	"0.005"	"0.01"	"100000"	"10000"	"200"	"2846342785588356058"	70000	"slope"	-0.41822775
"0.05"	"0.8"	"0.15"	"0.01"	"0.005"	"0.01"	"100000"	"10000"	"200"	"2846342785588356058"	70000	"intercept"	0.52232005
"0.05"	"0.8"	"0.15"	"0.01"	"0.005"	"0.01"	"100000"	"10000"	"200"	"2846342785588356058"	75000	"slope"	-0.43171375
"0.05"	"0.8"	"0.15"	"0.01"	"0.005"	"0.01"	"100000"	"10000"	"200"	"2846342785588356058"	75000	"intercept"	0.532240765
"0.05"	"0.8"	"0.15"	"0.01"	"0.005"	"0.01"	"100000"	"10000"	"200"	"2846342785588356058"	80000	"slope"	-0.46325531
"0.05"	"0.8"	"0.15"	"0.01"	"0.005"	"0.01"	"100000"	"10000"	"200"	"2846342785588356058"	80000	"intercept"	0.550520875
"0.05"	"0.8"	"0.15"	"0.01"	"0.005"	"0.01"	"100000"	"10000"	"200"	"2846342785588356058"	85000	"slope"	-0.468974985
"0.05"	"0.8"	"0.15"	"0.01"	"0.005"	"0.01"	"100000"	"10000"	"200"	"2846342785588356058"	85000	"intercept"	0.552232345
"0.05"	"0.8"	"0.15"	"0.01"	"0.005"	"0.01"	"100000"	"10000"	"200"	"2846342785588356058"	90000	"slope"	-0.477104855
"0.05"	"0.8"	"0.15"	"0.01"	"0.005"	"0.01"	"100000"	"10000"	"200"	"2846342785588356058"	90000	"intercept"	0.56451923
"0.05"	"0.8"	"0.15"	"0.01"	"0.005"	"0.01"	"100000"	"10000"	"200"	"2846342785588356058"	95000	"slope"	-0.48033239
"0.05"	"0.8"	"0.15"	"0.01"	"0.005"	"0.01"	"100000"	"10000"	"200"	"2846342785588356058"	95000	"intercept"	0.56663608
"0.05"	"0.8"	"0.15"	"0.01"	"0.005"	"0.01"	"100000"	"10000"	"200"	"2846342785588356058"	100000	"slope"	-0.46139016
"0.05"	"0.8"	"0.15"	"0.01"	"0.005"	"0.01"	"100000"	"10000"	"200"	"2846342785588356058"	100000	"intercept"	0.55530778
"0.05"	"0.8"	"0.15"	"0.01"	"0.005"	"0.01"	"100000"	"10000"	"200"	"4114038872807712747"	10	"slope"	0.000129067685
"0.05"	"0.8"	"0.15"	"0.01"	"0.005"	"0.01"	"100000"	"10000"	"200"	"4114038872807712747"	10	"intercept"	0.499946835
"0.05"	"0.8"	"0.15"	"0.01"	"0.005"	"0.01"	"100000"	"10000"	"200"	"4114038872807712747"	5000	"slope"	-0.268033315
"0.05"	"0.8"	"0.15"	"0.01"	"0.005"	"0.01"	"100000"	"10000"	"200"	"4114038872807712747"	5000	"intercept"	0.416039645
"0.05"	"0.8"	"0.15"	"0.01"	"0.005"	"0.01"	"100000"	"10000"	"200"	"4114038872807712747"	10000	"slope"	-0.34214639
"0.05"	"0.8"	"0.15"	"0.01"	"0.005"	"0.01"	"100000"	"10000"	"200"	"4114038872807712747"	10000	"intercept"	0.46222524
"0.05"	"0.8"	"0.15"	"0.01"	"0.005"	"0.01"	"100000"	"10000"	"200"	"4114038872807712747"	15000	"slope"	-0.419269725
"0.05"	"0.8"	"0.15"	"0.01"	"0.005"	"0.01"	"100000"	"10000"	"200"	"4114038872807712747"	15000	"intercept"	0.516580965
"0.05"	"0.8"	"0.15"	"0.01"	"0.005"	"0.01"	"100000"	"10000"	"200"	"4114038872807712747"	20000	"slope"	-0.460021755
"0.05"	"0.8"	"0.15"	"0.01"	"0.005"	"0.01"	"100000"	"10000"	"200"	"4114038872807712747"	20000	"intercept"	0.553512395
"0.05"	"0.8"	"0.15"	"0.01"	"0.005"	"0.01"	"100000"	"10000"	"200"	"4114038872807712747"	25000	"slope"	-0.480546855
"0.05"	"0.8"	"0.15"	"0.01"	"0.005"	"0.01"	"100000"	"10000"	"200"	"4114038872807712747"	25000	"intercept"	0.567896875
"0.05"	"0.8"	"0.15"	"0.01"	"0.005"	"0.01"	"100000"	"10000"	"200"	"4114038872807712747"	30000	"slope"	-0.47280495
"0.05"	"0.8"	"0.15"	"0.01"	"0.005"	"0.01"	"100000"	"10000"	"200"	"4114038872807712747"	30000	"intercept"	0.556739095
"0.05"	"0.8"	"0.15"	"0.01"	"0.005"	"0.01"	"100000"	"10000"	"200"	"4114038872807712747"	35000	"slope"	-0.49176734
"0.05"	"0.8"	"0.15"	"0.01"	"0.005"	"0.01"	"100000"	"10000"	"200"	"4114038872807712747"	35000	"intercept"	0.5748117
"0.05"	"0.8"	"0.15"	"0.01"	"0.005"	"0.01"	"100000"	"10000"	"200"	"4114038872807712747"	40000	"slope"	-0.482515145
"0.05"	"0.8"	"0.15"	"0.01"	"0.005"	"0.01"	"100000"	"10000"	"200"	"4114038872807712747"	40000	"intercept"	0.561776405
"0.05"	"0.8"	"0.15"	"0.01"	"0.005"	"0.01"	"100000"	"10000"	"200"	"4114038872807712747"	45000	"slope"	-0.502049945
"0.05"	"0.8"	"0.15"	"0.01"	"0.005"	"0.01"	"100000"	"10000"	"200"	"4114038872807712747"	45000	"intercept"	0.58341599
"0.05"	"0.8"	"0.15"	"0.01"	"0.005"	"0.01"	"100000"	"10000"	"200"	"4114038872807712747"	50000	"slope"	-0.503362355
"0.05"	"0.8"	"0.15"	"0.01"	"0.005"	"0.01"	"100000"	"10000"	"200"	"4114038872807712747"	50000	"intercept"	0.582366265
"0.05"	"0.8"	"0.15"	"0.01"	"0.005"	"0.01"	"100000"	"10000"	"200"	"4114038872807712747"	55000	"slope"	-0.476653335
"0.05"	"0.8"	"0.15"	"0.01"	"0.005"	"0.01"	"100000"	"10000"	"200"	"4114038872807712747"	55000	"intercept"	0.56327783
"0.05"	"0.8"	"0.15"	"0.01"	"0.005"	"0.01"	"100000"	"10000"	"200"	"4114038872807712747"	60000	"slope"	-0.487424325
"0.05"	"0.8"	"0.15"	"0.01"	"0.005"	"0.01"	"100000"	"10000"	"200"	"4114038872807712747"	60000	"intercept"	0.56626074
"0.05"	"0.8"	"0.15"	"0.01"	"0.005"	"0.01"	"100000"	"10000"	"200"	"4114038872807712747"	65000	"slope"	-0.49891018
"0.05"	"0.8"	"0.15"	"0.01"	"0.005"	"0.01"	"100000"	"10000"	"200"	"4114038872807712747"	65000	"intercept"	0.573179815
"0.05"	"0.8"	"0.15"	"0.01"	"0.005"	"0.01"	"100000"	"10000"	"200"	"4114038872807712747"	70000	"slope"	-0.50801222
"0.05"	"0.8"	"0.15"	"0.01"	"0.005"	"0.01"	"100000"	"10000"	"200"	"4114038872807712747"	70000	"intercept"	0.58563408
"0.05"	"0.8"	"0.15"	"0.01"	"0.005"	"0.01"	"100000"	"10000"	"200"	"4114038872807712747"	75000	"slope"	-0.51707903
"0.05"	"0.8"	"0.15"	"0.01"	"0.005"	"0.01"	"100000"	"10000"	"200"	"4114038872807712747"	75000	"intercept"	0.589512735
"0.05"	"0.8"	"0.15"	"0.01"	"0.005"	"0.01"	"100000"	"10000"	"200"	"4114038872807712747"	80000	"slope"	-0.496277335
"0.05"	"0.8"	"0.15"	"0.01"	"0.005"	"0.01"	"100000"	"10000"	"200"	"4114038872807712747"	80000	"intercept"	0.573681705
"0.05"	"0.8"	"0.15"	"0.01"	"0.005"	"0.01"	"100000"	"10000"	"200"	"4114038872807712747"	85000	"slope"	-0.484176265
"0.05"	"0.8"	"0.15"	"0.01"	"0.005"	"0.01"	"100000"	"10000"	"200"	"4114038872807712747"	85000	"intercept"	0.571288225
"0.05"	"0.8"	"0.15"	"0.01"	"0.005"	"0.01"	"100000"	"10000"	"200"	"4114038872807712747"	90000	"slope"	-0.4729578
"0.05"	"0.8"	"0.15"	"0.01"	"0.005"	"0.01"	"100000"	"10000"	"200"	"4114038872807712747"	90000	"intercept"	0.56261721
"0.05"	"0.8"	"0.15"	"0.01"	"0.005"	"0.01"	"100000"	"10000"	"200"	"4114038872807712747"	95000	"slope"	-0.45446477
"0.05"	"0.8"	"0.15"	"0.01"	"0.005"	"0.01"	"100000"	"10000"	"200"	"4114038872807712747"	95000	"intercept"	0.545815235
"0.05"	"0.8"	"0.15"	"0.01"	"0.005"	"0.01"	"100000"	"10000"	"200"	"4114038872807712747"	100000	"slope"	-0.48489501
"0.05"	"0.8"	"0.15"	"0.01"	"0.005"	"0.01"	"100000"	"10000"	"200"	"4114038872807712747"	100000	"intercept"	0.567368795
"0.15"	"0.0"	"0.15"	"0.01"	"0.005"	"0.01"	"100000"	"10000"	"200"	"1692495826719965040"	10	"slope"	0.000111896848
"0.15"	"0.0"	"0.15"	"0.01"	"0.005"	"0.01"	"100000"	"10000"	"200"	"1692495826719965040"	10	"intercept"	0.50017789
"0.15"	"0.0"	"0.15"	"0.01"	"0.005"	"0.01"	"100000"	"10000"	"200"	"1692495826719965040"	5000	"slope"	-0.17364269
"0.15"	"0.0"	"0.15"	"0.01"	"0.005"	"0.01"	"100000"	"10000"	"200"	"1692495826719965040"	5000	"intercept"	0.39837529
"0.15"	"0.0"	"0.15"	"0.01"	"0.005"	"0.01"	"100000"	"10000"	"200"	"1692495826719965040"	10000	"slope"	-0.24299453
"0.15"	"0.0"	"0.15"	"0.01"	"0.005"	"0.01"	"100000"	"10000"	"200"	"1692495826719965040"	10000	"intercept"	0.43459724
"0.15"	"0.0"	"0.15"	"0.01"	"0.005"	"0.01"	"100000"	"10000"	"200"	"1692495826719965040"	15000	"slope"	-0.303179615
"0.15"	"0.0"	"0.15"	"0.01"	"0.005"	"0.01"	"100000"	"10000"	"200"	"1692495826719965040"	15000	"intercept"	0.469385035
"0.15"	"0.0"	"0.15"	"0.01"	"0.005"	"0.01"	"100000"	"10000"	"200"	"1692495826719965040"	20000	"slope"	-0.348130635
"0.15"	"0.0"	"0.15"	"0.01"	"0.005"	"0.01"	"100000"	"10000"	"200"	"1692495826719965040"	20000	"intercept"	0.50200216
"0.15"	"0.0"	"0.15"	"0.01"	"0.005"	"0.01"	"100000"	"10000"	"200"	"1692495826719965040"	25000	"slope"	-0.398992445
"0.15"	"0.0"	"0.15"	"0.01"	"0.005"	"0.01"	"100000"	"10000"	"200"	"1692495826719965040"	25000	"intercept"	0.541345945
"0.15"	"0.0"	"0.15"	"0.01"	"0.005"	"0.01"	"100000"	"10000"	"200"	"1692495826719965040"	30000	"slope"	-0.443498705
"0.15"	"0.0"	"0.15"	"0.01"	"0.005"	"0.01"	"100000"	"10000"	"200"	"1692495826719965040"	30000	"intercept"	0.565743215
"0.15"	"0.0"	"0.15"	"0.01"	"0.005"	"0.01"	"100000"	"10000"	"200"	"1692495826719965040"	35000	"slope"	-0.433509805
"0.15"	"0.0"	"0.15"	"0.01"	"0.005"	"0.01"	"100000"	"10000"	"200"	"1692495826719965040"	35000	"intercept"	0.558160295
"0.15"	"0.0"	"0.15"	"0.01"	"0.005"	"0.01"	"100000"	"10000"	"200"	"1692495826719965040"	40000	"slope"	-0.42449693
"0.15"	"0.0"	"0.15"	"0.01"	"0.005"	"0.01"	"100000"	"10000"	"200"	"1692495826719965040"	40000	"intercept"	0.5540056
"0.15"	"0.0"	"0.15"	"0.01"	"0.005"	"0.01"	"100000"	"10000"	"200"	"1692495826719965040"	45000	"slope"	-0.437467315
"0.15"	"0.0"	"0.15"	"0.01"	"0.005"	"0.01"	"100000"	"10000"	"200"	"1692495826719965040"	45000	"intercept"	0.558345015
"0.15"	"0.0"	"0.15"	"0.01"	"0.005"	"0.01"	"100000"	"10000"	"200"	"1692495826719965040"	50000	"slope"	-0.40176596
"0.15"	"0.0"	"0.15"	"0.01"	"0.005"	"0.01"	"100000"	"10000"	"200"	"1692495826719965040"	50000	"intercept"	0.544225425
"0.15"	"0.0"	"0.15"	"0.01"	"0.005"	"0.01"	"100000"	"10000"	"200"	"1692495826719965040"	55000	"slope"	-0.412409345
"0.15"	"0.0"	"0.15"	"0.01"	"0.005"	"0.01"	"100000"	"10000"	"200"	"1692495826719965040"	55000	"intercept"	0.549465825
"0.15"	"0.0"	"0.15"	"0.01"	"0.005"	"0.01"	"100000"	"10000"	"200"	"1692495826719965040"	60000	"slope"	-0.427806945
"0.15"	"0.0"	"0.15"	"0.01"	"0.005"	"0.01"	"100000"	"10000"	"200"	"1692495826719965040"	60000	"intercept"	0.568554485
"0.15"	"0.0"	"0.15"	"0.01"	"0.005"	"0.01"	"100000"	"10000"	"200"	"1692495826719965040"	65000	"slope"	-0.44436849
"0.15"	"0.0"	"0.15"	"0.01"	"0.005"	"0.01"	"100000"	"10000"	"200"	"1692495826719965040"	65000	"intercept"	0.569396075
"0.15"	"0.0"	"0.15"	"0.01"	"0.005"	"0.01"	"100000"	"10000"	"200"	"1692495826719965040"	70000	"slope"	-0.42909384
"0.15"	"0.0"	"0.15"	"0.01"	"0.005"	"0.01"	"100000"	"10000"	"200"	"1692495826719965040"	70000	"intercept"	0.558825605
"0.15"	"0.0"	"0.15"	"0.01"	"0.005"	"0.01"	"100000"	"10000"	"200"	"1692495826719965040"	75000	"slope"	-0.464457765
"0.15"	"0.0"	"0.15"	"0.01"	"0.005"	"0.01"	"100000"	"10000"	"200"	"1692495826719965040"	75000	"intercept"	0.585532995
"0.15"	"0.0"	"0.15"	"0.01"	"0.005"	"0.01"	"100000"	"10000"	"200"	"1692495826719965040"	80000	"slope"	-0.44407949
"0.15"	"0.0"	"0.15"	"0.01"	"0.005"	"0.01"	"100000"	"10000"	"200"	"1692495826719965040"	80000	"intercept"	0.572481125
"0.15"	"0.0"	"0.15"	"0.01"	"0.005"	"0.01"	"100000"	"10000"	"200"	"1692495826719965040"	85000	"slope"	-0.438368895
"0.15"	"0.0"	"0.15"	"0.01"	"0.005"	"0.01"	"100000"	"10000"	"200"	"1692495826719965040"	85000	"intercept"	0.55262083
"0.15"	"0.0"	"0.15"	"0.01"	"0.005"	"0.01"	"100000"	"10000"	"200"	"1692495826719965040"	90000	"slope"	-0.416863775
"0.15"	"0.0"	"0.15"	"0.01"	"0.005"	"0.01"	"100000"	"10000"	"200"	"1692495826719965040"	90000	"intercept"	0.548615855
"0.15"	"0.0"	"0.15"	"0.01"	"0.005"	"0.01"	"100000"	"10000"	"200"	"1692495826719965040"	95000	"slope"	-0.4157089
"0.15"	"0.0"	"0.15"	"0.01"	"0.005"	"0.01"	"100000"	"10000"	"200"	"1692495826719965040"	95000	"intercept"	0.551451945
"0.15"	"0.0"	"0.15"	"0.01"	"0.005"	"0.01"	"100000"	"10000"	"200"	"1692495826719965040"	100000	"slope"	-0.42823034
"0.15"	"0.0"	"0.15"	"0.01"	"0.005"	"0.01"	"100000"	"10000"	"200"	"1692495826719965040"	100000	"intercept"	0.55352147
"0.15"	"0.0"	"0.15"	"0.01"	"0.005"	"0.01"	"100000"	"10000"	"200"	"1949392168615848684"	10	"slope"	-8.1176375e-05
"0.15"	"0.0"	"0.15"	"0.01"	"0.005"	"0.01"	"100000"	"10000"	"200"	"1949392168615848684"	10	"intercept"	0.50007152
"0.15"	"0.0"	"0.15"	"0.01"	"0.005"	"0.01"	"100000"	"10000"	"200"	"1949392168615848684"	5000	"slope"	-0.1226532255
"0.15"	"0.0"	"0.15"	"0.01"	"0.005"	"0.01"	"100000"	"10000"	"200"	"1949392168615848684"	5000	"intercept"	0.364769665
"0.15"	"0.0"	"0.15"	"0.01"	"0.005"	"0.01"	"100000"	"10000"	"200"	"1949392168615848684"	10000	"slope"	-0.223718175
"0.15"	"0.0"	"0.15"	"0.01"	"0.005"	"0.01"	"100000"	"10000"	"200"	"1949392168615848684"	10000	"intercept"	0.4275065
"0.15"	"0.0"	"0.15"	"0.01"	"0.005"	"0.01"	"100000"	"10000"	"200"	"1949392168615848684"	15000	"slope"	-0.31638867
"0.15"	"0.0"	"0.15"	"0.01"	"0.005"	"0.01"	"100000"	"10000"	"200"	"1949392168615848684"	15000	"intercept"	0.489503235
"0.15"	"0.0"	"0.15"	"0.01"	"0.005"	"0.01"	"100000"	"10000"	"200"	"1949392168615848684"	20000	"slope"	-0.354681945
"0.15"	"0.0"	"0.15"	"0.01"	"0.005"	"0.01"	"100000"	"10000"	"200"	"1949392168615848684"	20000	"intercept"	0.500130565
"0.15"	"0.0"	"0.15"	"0.01"	"0.005"	"0.01"	"100000"	"10000"	"200"	"1949392168615848684"	25000	"slope"	-0.407766195
"0.15"	"0.0"	"0.15"	"0.01"	"0.005"	"0.01"	"100000"	"10000"	"200"	"1949392168615848684"	25000	"intercept"	0.53562015
"0.15"	"0.0"	"0.15"	"0.01"	"0.005"	"0.01"	"100000"	"10000"	"200"	"1949392168615848684"	30000	"slope"	-0.40380248
"0.15"	"0.0"	"0.15"	"0.01"	"0.005"	"0.01"	"100000"	"10000"	"200"	"1949392168615848684"	30000	"intercept"	0.53919098
"0.15"	"0.0"	"0.15"	"0.01"	"0.005"	"0.01"	"100000"	"10000"	"200"	"1949392168615848684"	35000	"slope"	-0.4438783
"0.15"	"0.0"	"0.15"	"0.01"	"0.005"	"0.01"	"100000"	"10000"	"200"	"1949392168615848684"	35000	"intercept"	0.55614685
"0.15"	"0.0"	"0.15"	"0.01"	"0.005"	"0.01"	"100000"	"10000"	"200"	"1949392168615848684"	40000	"slope"	-0.426812025
"0.15"	"0.0"	"0.15"	"0.01"	"0.005"	"0.01"	"100000"	"10000"	"200"	"1949392168615848684"	40000	"intercept"	0.557990655
"0.15"	"0.0"	"0.15"	"0.01"	"0.005"	"0.01"	"100000"	"10000"	"200"	"1949392168615848684"	45000	"slope"	-0.44879638
"0.15"	"0.0"	"0.15"	"0.01"	"0.005"	"0.01"	"100000"	"10000"	"200"	"1949392168615848684"	45000	"intercept"	0.573368595
"0.15"	"0.0"	"0.15"	"0.01"	"0.005"	"0.01"	"100000"	"10000"	"200"	"1949392168615848684"	50000	"slope"	-0.44380645
"0.15"	"0.0"	"0.15"	"0.01"	"0.005"	"0.01"	"100000"	"10000"	"200"	"1949392168615848684"	50000	"intercept"	0.557635085
"0.15"	"0.0"	"0.15"	"0.01"	"0.005"	"0.01"	"100000"	"10000"	"200"	"1949392168615848684"	55000	"slope"	-0.42812143
"0.15"	"0.0"	"0.15"	"0.01"	"0.005"	"0.01"	"100000"	"10000"	"200"	"1949392168615848684"	55000	"intercept"	0.55565302
"0.15"	"0.0"	"0.15"	"0.01"	"0.005"	"0.01"	"100000"	"10000"	"200"	"1949392168615848684"	60000	"slope"	-0.43119239
"0.15"	"0.0"	"0.15"	"0.01"	"0.005"	"0.01"	"100000"	"10000"	"200"	"1949392168615848684"	60000	"intercept"	0.546871565
"0.15"	"0.0"	"0.15"	"0.01"	"0.005"	"0.01"	"100000"	"10000"	"200"	"1949392168615848684"	65000	"slope"	-0.427612495
"0.15"	"0.0"	"0.15"	"0.01"	"0.005"	"0.01"	"100000"	"10000"	"200"	"1949392168615848684"	65000	"intercept"	0.555626555
"0.15"	"0.0"	"0.15"	"0.01"	"0.005"	"0.01"	"100000"	"10000"	"200"	"1949392168615848684"	70000	"slope"	-0.47096754
"0.15"	"0.0"	"0.15"	"0.01"	"0.005"	"0.01"	"100000"	"10000"	"200"	"1949392168615848684"	70000	"intercept"	0.582665145
"0.15"	"0.0"	"0.15"	"0.01"	"0.005"	"0.01"	"100000"	"10000"	"200"	"1949392168615848684"	75000	"slope"	-0.481260115
"0.15"	"0.0"	"0.15"	"0.01"	"0.005"	"0.01"	"100000"	"10000"	"200"	"1949392168615848684"	75000	"intercept"	0.597109125
"0.15"	"0.0"	"0.15"	"0.01"	"0.005"	"0.01"	"100000"	"10000"	"200"	"1949392168615848684"	80000	"slope"	-0.42438712
"0.15"	"0.0"	"0.15"	"0.01"	"0.005"	"0.01"	"100000"	"10000"	"200"	"1949392168615848684"	80000	"intercept"	0.5592996
"0.15"	"0.0"	"0.15"	"0.01"	"0.005"	"0.01"	"100000"	"10000"	"200"	"1949392168615848684"	85000	"slope"	-0.439334975
"0.15"	"0.0"	"0.15"	"0.01"	"0.005"	"0.01"	"100000"	"10000"	"200"	"1949392168615848684"	85000	"intercept"	0.566341645
"0.15"	"0.0"	"0.15"	"0.01"	"0.005"	"0.01"	"100000"	"10000"	"200"	"1949392168615848684"	90000	"slope"	-0.435270335
"0.15"	"0.0"	"0.15"	"0.01"	"0.005"	"0.01"	"100000"	"10000"	"200"	"1949392168615848684"	90000	"intercept"	0.55088692
"0.15"	"0.0"	"0.15"	"0.01"	"0.005"	"0.01"	"100000"	"10000"	"200"	"1949392168615848684"	95000	"slope"	-0.44390072
"0.15"	"0.0"	"0.15"	"0.01"	"0.005"	"0.01"	"100000"	"10000"	"200"	"1949392168615848684"	95000	"intercept"	0.5684299
"0.15"	"0.0"	"0.15"	"0.01"	"0.005"	"0.01"	"100000"	"10000"	"200"	"1949392168615848684"	100000	"slope"	-0.429043025
"0.15"	"0.0"	"0.15"	"0.01"	"0.005"	"0.01"	"100000"	"10000"	"200"	"1949392168615848684"	100000	"intercept"	0.55234166
"0.15"	"0.0"	"0.15"	"0.01"	"0.005"	"0.01"	"100000"	"10000"	"200"	"4602522541428348099"	10	"slope"	3.3087215e-05
"0.15"	"0.0"	"0.15"	"0.01"	"0.005"	"0.01"	"100000"	"10000"	"200"	"4602522541428348099"	10	"intercept"	0.49992845
"0.15"	"0.0"	"0.15"	"0.01"	"0.005"	"0.01"	"100000"	"10000"	"200"	"4602522541428348099"	5000	"slope"	-0.174660171
"0.15"	"0.0"	"0.15"	"0.01"	"0.005"	"0.01"	"100000"	"10000"	"200"	"4602522541428348099"	5000	"intercept"	0.401719805
"0.15"	"0.0"	"0.15"	"0.01"	"0.005"	"0.01"	"100000"	"10000"	"200"	"4602522541428348099"	10000	"slope"	-0.23447735
"0.15"	"0.0"	"0.15"	"0.01"	"0.005"	"0.01"	"100000"	"10000"	"200"	"4602522541428348099"	10000	"intercept"	0.424599635
"0.15"	"0.0"	"0.15"	"0.01"	"0.005"	"0.01"	"100000"	"10000"	"200"	"4602522541428348099"	15000	"slope"	-0.25260296
"0.15"	"0.0"	"0.15"	"0.01"	"0.005"	"0.01"	"100000"	"10000"	"200"	"4602522541428348099"	15000	"intercept"	0.439245105
"0.15"	"0.0"	"0.15"	"0.01"	"0.005"	"0.01"	"100000"	"10000"	"200"	"4602522541428348099"	20000	"slope"	-0.30023609
"0.15"	"0.0"	"0.15"	"0.01"	"0.005"	"0.01"	"100000"	"10000"	"200"	"4602522541428348099"	20000	"intercept"	0.47769655
"0.15"	"0.0"	"0.15"	"0.01"	"0.005"	"0.01"	"100000"	"10000"	"200"	"4602522541428348099"	25000	"slope"	-0.35401902
"0.15"	"0.0"	"0.15"	"0.01"	"0.005"	"0.01"	"100000"	"10000"	"200"	"4602522541428348099"	25000	"intercept"	0.507300195
"0.15"	"0.0"	"0.15"	"0.01"	"0.005"	"0.01"	"100000"	"10000"	"200"	"4602522541428348099"	30000	"slope"	-0.380451315
"0.15"	"0.0"	"0.15"	"0.01"	"0.005"	"0.01"	"100000"	"10000"	"200"	"4602522541428348099"	30000	"intercept"	0.52681948
"0.15"	"0.0"	"0.15"	"0.01"	"0.005"	"0.01"	"100000"	"10000"	"200"	"4602522541428348099"	35000	"slope"	-0.40266392
"0.15"	"0.0"	"0.15"	"0.01"	"0.005"	"0.01"	"100000"	"10000"	"200"	"4602522541428348099"	35000	"intercept"	0.53597891
"0.15"	"0.0"	"0.15"	"0.01"	"0.005"	"0.01"	"100000"	"10000"	"200"	"4602522541428348099"	40000	"slope"	-0.45480542
"0.15"	"0.0"	"0.15"	"0.01"	"0.005"	"0.01"	"100000"	"10000"	"200"	"4602522541428348099"	40000	"intercept"	0.57753823
"0.15"	"0.0"	"0.15"	"0.01"	"0.005"	"0.01"	"100000"	"10000"	"200"	"4602522541428348099"	45000	"slope"	-0.48869796
"0.15"	"0.0"	"0.15"	"0.01"	"0.005"	"0.01"	"100000"	"10000"	"200"	"4602522541428348099"	45000	"intercept"	0.58782322
"0.15"	"0.0"	"0.15"	"0.01"	"0.005"	"0.01"	"100000"	"10000"	"200"	"4602522541428348099"	50000	"slope"	-0.4769488
"0.15"	"0.0"	"0.15"	"0.01"	"0.005"	"0.01"	"100000"	"10000"	"200"	"4602522541428348099"	50000	"intercept"	0.598583355
"0.15"	"0.0"	"0.15"	"0.01"	"0.005"	"0.01"	"100000"	"10000"	"200"	"4602522541428348099"	55000	"slope"	-0.48778833
"0.15"	"0.0"	"0.15"	"0.01"	"0.005"	"0.01"	"100000"	"10000"	"200"	"4602522541428348099"	55000	"intercept"	0.597918375
"0.15"	"0.0"	"0.15"	"0.01"	"0.005"	"0.01"	"100000"	"10000"	"200"	"4602522541428348099"	60000	"slope"	-0.44377036
"0.15"	"0.0"	"0.15"	"0.01"	"0.005"	"0.01"	"100000"	"10000"	"200"	"4602522541428348099"	60000	"intercept"	0.56061144
"0.15"	"0.0"	"0.15"	"0.01"	"0.005"	"0.01"	"100000"	"10000"	"200"	"4602522541428348099"	65000	"slope"	-0.44618299
"0.15"	"0.0"	"0.15"	"0.01"	"0.005"	"0.01"	"100000"	"10000"	"200"	"4602522541428348099"	65000	"intercept"	0.572515555
"0.15"	"0.0"	"0.15"	"0.01"	"0.005"	"0.01"	"100000"	"10000"	"200"	"4602522541428348099"	70000	"slope"	-0.463748885
"0.15"	"0.0"	"0.15"	"0.01"	"0.005"	"0.01"	"100000"	"10000"	"200"	"4602522541428348099"	70000	"intercept"	0.580391525
"0.15"	"0.0"	"0.15"	"0.01"	"0.005"	"0.01"	"100000"	"10000"	"200"	"4602522541428348099"	75000	"slope"	-0.46302951
"0.15"	"0.0"	"0.15"	"0.01"	"0.005"	"0.01"	"100000"	"10000"	"200"	"4602522541428348099"	75000	"intercept"	0.57487594
"0.15"	"0.0"	"0.15"	"0.01"	"0.005"	"0.01"	"100000"	"10000"	"200"	"4602522541428348099"	80000	"slope"	-0.46504479
"0.15"	"0.0"	"0.15"	"0.01"	"0.005"	"0.01"	"100000"	"10000"	"200"	"4602522541428348099"	80000	"intercept"	0.585490515
"0.15"	"0.0"	"0.15"	"0.01"	"0.005"	"0.01"	"100000"	"10000"	"200"	"4602522541428348099"	85000	"slope"	-0.46282098
"0.15"	"0.0"	"0.15"	"0.01"	"0.005"	"0.01"	"100000"	"10000"	"200"	"4602522541428348099"	85000	"intercept"	0.586174315
"0.15"	"0.0"	"0.15"	"0.01"	"0.005"	"0.01"	"100000"	"10000"	"200"	"4602522541428348099"	90000	"slope"	-0.400279965
"0.15"	"0.0"	"0.15"	"0.01"	"0.005"	"0.01"	"100000"	"10000"	"200"	"4602522541428348099"	90000	"intercept"	0.54020193
"0.15"	"0.0"	"0.15"	"0.01"	"0.005"	"0.01"	"100000"	"10000"	"200"	"4602522541428348099"	95000	"slope"	-0.429930215
"0.15"	"0.0"	"0.15"	"0.01"	"0.005"	"0.01"	"100000"	"10000"	"200"	"4602522541428348099"	95000	"intercept"	0.559399235
"0.15"	"0.0"	"0.15"	"0.01"	"0.005"	"0.01"	"100000"	"10000"	"200"	"4602522541428348099"	100000	"slope"	-0.435006485
"0.15"	"0.0"	"0.15"	"0.01"	"0.005"	"0.01"	"100000"	"10000"	"200"	"4602522541428348099"	100000	"intercept"	0.558505625
"0.15"	"0.4"	"0.15"	"0.01"	"0.005"	"0.01"	"100000"	"10000"	"200"	"3595099252787291424"	10	"slope"	0.0001047932845
"0.15"	"0.4"	"0.15"	"0.01"	"0.005"	"0.01"	"100000"	"10000"	"200"	"3595099252787291424"	10	"intercept"	0.50003851
"0.15"	"0.4"	"0.15"	"0.01"	"0.005"	"0.01"	"100000"	"10000"	"200"	"3595099252787291424"	5000	"slope"	-0.150395456
"0.15"	"0.4"	"0.15"	"0.01"	"0.005"	"0.01"	"100000"	"10000"	"200"	"3595099252787291424"	5000	"intercept"	0.364750015
"0.15"	"0.4"	"0.15"	"0.01"	"0.005"	"0.01"	"100000"	"10000"	"200"	"3595099252787291424"	10000	"slope"	-0.241226775
"0.15"	"0.4"	"0.15"	"0.01"	"0.005"	"0.01"	"100000"	"10000"	"200"	"3595099252787291424"	10000	"intercept"	0.418702855
"0.15"	"0.4"	"0.15"	"0.01"	"0.005"	"0.01"	"100000"	"10000"	"200"	"3595099252787291424"	15000	"slope"	-0.36692456
"0.15"	"0.4"	"0.15"	"0.01"	"0.005"	"0.01"	"100000"	"10000"	"200"	"3595099252787291424"	15000	"intercept"	0.502653005
"0.15"	"0.4"	"0.15"	"0.01"	"0.005"	"0.01"	"100000"	"10000"	"200"	"3595099252787291424"	20000	"slope"	-0.4676143
"0.15"	"0.4"	"0.15"	"0.01"	"0.005"	"0.01"	"100000"	"10000"	"200"	"3595099252787291424"	20000	"intercept"	0.57205668
"0.15"	"0.4"	"0.15"	"0.01"	"0.005"	"0.01"	"100000"	"10000"	"200"	"3595099252787291424"	25000	"slope"	-0.473074985
"0.15"	"0.4"	"0.15"	"0.01"	"0.005"	"0.01"	"100000"	"10000"	"200"	"3595099252787291424"	25000	"intercept"	0.58227719
"0.15"	"0.4"	"0.15"	"0.01"	"0.005"	"0.01"	"100000"	"10000"	"200"	"3595099252787291424"	30000	"slope"	-0.47971894
"0.15"	"0.4"	"0.15"	"0.01"	"0.005"	"0.01"	"100000"	"10000"	"200"	"3595099252787291424"	30000	"intercept"	0.57355343
"0.15"	"0.4"	"0.15"	"0.01"	"0.005"	"0.01"	"100000"	"10000"	"200"	"3595099252787291424"	35000	"slope"	-0.455941585
"0.15"	"0.4"	"0.15"	"0.01"	"0.005"	"0.01"	"100000"	"10000"	"200"	"3595099252787291424"	35000	"intercept"	0.5637488
"0.15"	"0.4"	"0.15"	"0.01"	"0.005"	"0.01"	"100000"	"10000"	"200"	"3595099252787291424"	40000	"slope"	-0.471016295
"0.15"	"0.4"	"0.15"	"0.01"	"0.005"	"0.01"	"100000"	"10000"	"200"	"3595099252787291424"	40000	"intercept"	0.5712707
"0.15"	"0.4"	"0.15"	"0.01"	"0.005"	"0.01"	"100000"	"10000"	"200"	"3595099252787291424"	45000	"slope"	-0.447871595
"0.15"	"0.4"	"0.15"	"0.01"	"0.005"	"0.01"	"100000"	"10000"	"200"	"3595099252787291424"	45000	"intercept"	0.558987615
"0.15"	"0.4"	"0.15"	"0.01"	"0.005"	"0.01"	"100000"	"10000"	"200"	"3595099252787291424"	50000	"slope"	-0.447739945
"0.15"	"0.4"	"0.15"	"0.01"	"0.005"	"0.01"	"100000"	"10000"	"200"	"3595099252787291424"	50000	"intercept"	0.553879475
"0.15"	"0.4"	"0.15"	"0.01"	"0.005"	"0.01"	"100000"	"10000"	"200"	"3595099252787291424"	55000	"slope"	-0.45543194
"0.15"	"0.4"	"0.15"	"0.01"	"0.005"	"0.01"	"100000"	"10000"	"200"	"3595099252787291424"	55000	"intercept"	0.563484045
"0.15"	"0.4"	"0.15"	"0.01"	"0.005"	"0.01"	"100000"	"10000"	"200"	"3595099252787291424"	60000	"slope"	-0.441919015
"0.15"	"0.4"	"0.15"	"0.01"	"0.005"	"0.01"	"100000"	"10000"	"200"	"3595099252787291424"	60000	"intercept"	0.55555213
"0.15"	"0.4"	"0.15"	"0.01"	"0.005"	"0.01"	"100000"	"10000"	"200"	"3595099252787291424"	65000	"slope"	-0.44754347
"0.15"	"0.4"	"0.15"	"0.01"	"0.005"	"0.01"	"100000"	"10000"	"200"	"3595099252787291424"	65000	"intercept"	0.556043245
"0.15"	"0.4"	"0.15"	"0.01"	"0.005"	"0.01"	"100000"	"10000"	"200"	"3595099252787291424"	70000	"slope"	-0.43941988
"0.15"	"0.4"	"0.15"	"0.01"	"0.005"	"0.01"	"100000"	"10000"	"200"	"3595099252787291424"	70000	"intercept"	0.555510065
"0.15"	"0.4"	"0.15"	"0.01"	"0.005"	"0.01"	"100000"	"10000"	"200"	"3595099252787291424"	75000	"slope"	-0.418091965
"0.15"	"0.4"	"0.15"	"0.01"	"0.005"	"0.01"	"100000"	"10000"	"200"	"3595099252787291424"	75000	"intercept"	0.54265299
"0.15"	"0.4"	"0.15"	"0.01"	"0.005"	"0.01"	"100000"	"10000"	"200"	"3595099252787291424"	80000	"slope"	-0.450368465
"0.15"	"0.4"	"0.15"	"0.01"	"0.005"	"0.01"	"100000"	"10000"	"200"	"3595099252787291424"	80000	"intercept"	0.55955218
"0.15"	"0.4"	"0.15"	"0.01"	"0.005"	"0.01"	"100000"	"10000"	"200"	"3595099252787291424"	85000	"slope"	-0.46844927
"0.15"	"0.4"	"0.15"	"0.01"	"0.005"	"0.01"	"100000"	"10000"	"200"	"3595099252787291424"	85000	"intercept"	0.572944935
"0.15"	"0.4"	"0.15"	"0.01"	"0.005"	"0.01"	"100000"	"10000"	"200"	"3595099252787291424"	90000	"slope"	-0.457133065
"0.15"	"0.4"	"0.15"	"0.01"	"0.005"	"0.01"	"100000"	"10000"	"200"	"3595099252787291424"	90000	"intercept"	0.56319564
"0.15"	"0.4"	"0.15"	"0.01"	"0.005"	"0.01"	"100000"	"10000"	"200"	"3595099252787291424"	95000	"slope"	-0.485960365
"0.15"	"0.4"	"0.15"	"0.01"	"0.005"	"0.01"	"100000"	"10000"	"200"	"3595099252787291424"	95000	"intercept"	0.587234505
"0.15"	"0.4"	"0.15"	"0.01"	"0.005"	"0.01"	"100000"	"10000"	"200"	"3595099252787291424"	100000	"slope"	-0.464312855
"0.15"	"0.4"	"0.15"	"0.01"	"0.005"	"0.01"	"100000"	"10000"	"200"	"3595099252787291424"	100000	"intercept"	0.5644392
"0.15"	"0.4"	"0.15"	"0.01"	"0.005"	"0.01"	"100000"	"10000"	"200"	"4210844811517307557"	10	"slope"	4.19397485e-05
"0.15"	"0.4"	"0.15"	"0.01"	"0.005"	"0.01"	"100000"	"10000"	"200"	"4210844811517307557"	10	"intercept"	0.499906455
"0.15"	"0.4"	"0.15"	"0.01"	"0.005"	"0.01"	"100000"	"10000"	"200"	"4210844811517307557"	5000	"slope"	-0.222937824
"0.15"	"0.4"	"0.15"	"0.01"	"0.005"	"0.01"	"100000"	"10000"	"200"	"4210844811517307557"	5000	"intercept"	0.405598195
"0.15"	"0.4"	"0.15"	"0.01"	"0.005"	"0.01"	"100000"	"10000"	"200"	"4210844811517307557"	10000	"slope"	-0.332153565
"0.15"	"0.4"	"0.15"	"0.01"	"0.005"	"0.01"	"100000"	"10000"	"200"	"4210844811517307557"	10000	"intercept"	0.47516621
"0.15"	"0.4"	"0.15"	"0.01"	"0.005"	"0.01"	"100000"	"10000"	"200"	"4210844811517307557"	15000	"slope"	-0.38385857
"0.15"	"0.4"	"0.15"	"0.01"	"0.005"	"0.01"	"100000"	"10000"	"200"	"4210844811517307557"	15000	"intercept"	0.511554515
"0.15"	"0.4"	"0.15"	"0.01"	"0.005"	"0.01"	"100000"	"10000"	"200"	"4210844811517307557"	20000	"slope"	-0.414356095
"0.15"	"0.4"	"0.15"	"0.01"	"0.005"	"0.01"	"100000"	"10000"	"200"	"4210844811517307557"	20000	"intercept"	0.531958195
"0.15"	"0.4"	"0.15"	"0.01"	"0.005"	"0.01"	"100000"	"10000"	"200"	"4210844811517307557"	25000	"slope"	-0.4546068
"0.15"	"0.4"	"0.15"	"0.01"	"0.005"	"0.01"	"100000"	"10000"	"200"	"4210844811517307557"	25000	"intercept"	0.564968745
"0.15"	"0.4"	"0.15"	"0.01"	"0.005"	"0.01"	"100000"	"10000"	"200"	"4210844811517307557"	30000	"slope"	-0.451061475
"0.15"	"0.4"	"0.15"	"0.01"	"0.005"	"0.01"	"100000"	"10000"	"200"	"4210844811517307557"	30000	"intercept"	0.561055935
"0.15"	"0.4"	"0.15"	"0.01"	"0.005"	"0.01"	"100000"	"10000"	"200"	"4210844811517307557"	35000	"slope"	-0.38527707
"0.15"	"0.4"	"0.15"	"0.01"	"0.005"	"0.01"	"100000"	"10000"	"200"	"4210844811517307557"	35000	"intercept"	0.51433913
"0.15"	"0.4"	"0.15"	"0.01"	"0.005"	"0.01"	"100000"	"10000"	"200"	"4210844811517307557"	40000	"slope"	-0.415650205
"0.15"	"0.4"	"0.15"	"0.01"	"0.005"	"0.01"	"100000"	"10000"	"200"	"4210844811517307557"	40000	"intercept"	0.52991766
"0.15"	"0.4"	"0.15"	"0.01"	"0.005"	"0.01"	"100000"	"10000"	"200"	"4210844811517307557"	45000	"slope"	-0.421594315
"0.15"	"0.4"	"0.15"	"0.01"	"0.005"	"0.01"	"100000"	"10000"	"200"	"4210844811517307557"	45000	"intercept"	0.541382405
"0.15"	"0.4"	"0.15"	"0.01"	"0.005"	"0.01"	"100000"	"10000"	"200"	"4210844811517307557"	50000	"slope"	-0.4192035
"0.15"	"0.4"	"0.15"	"0.01"	"0.005"	"0.01"	"100000"	"10000"	"200"	"4210844811517307557"	50000	"intercept"	0.53112175
"0.15"	"0.4"	"0.15"	"0.01"	"0.005"	"0.01"	"100000"	"10000"	"200"	"4210844811517307557"	55000	"slope"	-0.430124285
"0.15"	"0.4"	"0.15"	"0.01"	"0.005"	"0.01"	"100000"	"10000"	"200"	"4210844811517307557"	55000	"intercept"	0.54839699
"0.15"	"0.4"	"0.15"	"0.01"	"0.005"	"0.01"	"100000"	"10000"	"200"	"4210844811517307557"	60000	"slope"	-0.420671545
"0.15"	"0.4"	"0.15"	"0.01"	"0.005"	"0.01"	"100000"	"10000"	"200"	"4210844811517307557"	60000	"intercept"	0.542612275
"0.15"	"0.4"	"0.15"	"0.01"	"0.005"	"0.01"	"100000"	"10000"	"200"	"4210844811517307557"	65000	"slope"	-0.44018834
"0.15"	"0.4"	"0.15"	"0.01"	"0.005"	"0.01"	"100000"	"10000"	"200"	"4210844811517307557"	65000	"intercept"	0.55582011
"0.15"	"0.4"	"0.15"	"0.01"	"0.005"	"0.01"	"100000"	"10000"	"200"	"4210844811517307557"	70000	"slope"	-0.45789604
"0.15"	"0.4"	"0.15"	"0.01"	"0.005"	"0.01"	"100000"	"10000"	"200"	"4210844811517307557"	70000	"intercept"	0.563847195
"0.15"	"0.4"	"0.15"	"0.01"	"0.005"	"0.01"	"100000"	"10000"	"200"	"4210844811517307557"	75000	"slope"	-0.49362112
"0.15"	"0.4"	"0.15"	"0.01"	"0.005"	"0.01"	"100000"	"10000"	"200"	"4210844811517307557"	75000	"intercept"	0.584782535
"0.15"	"0.4"	"0.15"	"0.01"	"0.005"	"0.01"	"100000"	"10000"	"200"	"4210844811517307557"	80000	"slope"	-0.486895445
"0.15"	"0.4"	"0.15"	"0.01"	"0.005"	"0.01"	"100000"	"10000"	"200"	"4210844811517307557"	80000	"intercept"	0.583131325
"0.15"	"0.4"	"0.15"	"0.01"	"0.005"	"0.01"	"100000"	"10000"	"200"	"4210844811517307557"	85000	"slope"	-0.45238469
"0.15"	"0.4"	"0.15"	"0.01"	"0.005"	"0.01"	"100000"	"10000"	"200"	"4210844811517307557"	85000	"intercept"	0.55358639
"0.15"	"0.4"	"0.15"	"0.01"	"0.005"	"0.01"	"100000"	"10000"	"200"	"4210844811517307557"	90000	"slope"	-0.440750475
"0.15"	"0.4"	"0.15"	"0.01"	"0.005"	"0.01"	"100000"	"10000"	"200"	"4210844811517307557"	90000	"intercept"	0.552885585
"0.15"	"0.4"	"0.15"	"0.01"	"0.005"	"0.01"	"100000"	"10000"	"200"	"4210844811517307557"	95000	"slope"	-0.45563137
"0.15"	"0.4"	"0.15"	"0.01"	"0.005"	"0.01"	"100000"	"10000"	"200"	"4210844811517307557"	95000	"intercept"	0.568249965
"0.15"	"0.4"	"0.15"	"0.01"	"0.005"	"0.01"	"100000"	"10000"	"200"	"4210844811517307557"	100000	"slope"	-0.44763362
"0.15"	"0.4"	"0.15"	"0.01"	"0.005"	"0.01"	"100000"	"10000"	"200"	"4210844811517307557"	100000	"intercept"	0.56372906
"0.15"	"0.4"	"0.15"	"0.01"	"0.005"	"0.01"	"100000"	"10000"	"200"	"6237242340813038832"	10	"slope"	-0.00010345151
"0.15"	"0.4"	"0.15"	"0.01"	"0.005"	"0.01"	"100000"	"10000"	"200"	"6237242340813038832"	10	"intercept"	0.49995967
"0.15"	"0.4"	"0.15"	"0.01"	"0.005"	"0.01"	"100000"	"10000"	"200"	"6237242340813038832"	5000	"slope"	-0.1557062905
"0.15"	"0.4"	"0.15"	"0.01"	"0.005"	"0.01"	"100000"	"10000"	"200"	"6237242340813038832"	5000	"intercept"	0.374198295
"0.15"	"0.4"	"0.15"	"0.01"	"0.005"	"0.01"	"100000"	"10000"	"200"	"6237242340813038832"	10000	"slope"	-0.26268541
"0.15"	"0.4"	"0.15"	"0.01"	"0.005"	"0.01"	"100000"	"10000"	"200"	"6237242340813038832"	10000	"intercept"	0.42843468
"0.15"	"0.4"	"0.15"	"0.01"	"0.005"	"0.01"	"100000"	"10000"	"200"	"6237242340813038832"	15000	"slope"	-0.349778375
"0.15"	"0.4"	"0.15"	"0.01"	"0.005"	"0.01"	"100000"	"10000"	"200"	"6237242340813038832"	15000	"intercept"	0.49210458
"0.15"	"0.4"	"0.15"	"0.01"	"0.005"	"0.01"	"100000"	"10000"	"200"	"6237242340813038832"	20000	"slope"	-0.388625305
"0.15"	"0.4"	"0.15"	"0.01"	"0.005"	"0.01"	"100000"	"10000"	"200"	"6237242340813038832"	20000	"intercept"	0.51518812
"0.15"	"0.4"	"0.15"	"0.01"	"0.005"	"0.01"	"100000"	"10000"	"200"	"6237242340813038832"	25000	"slope"	-0.452133725
"0.15"	"0.4"	"0.15"	"0.01"	"0.005"	"0.01"	"100000"	"10000"	"200"	"6237242340813038832"	25000	"intercept"	0.56404998
"0.15"	"0.4"	"0.15"	"0.01"	"0.005"	"0.01"	"100000"	"10000"	"200"	"6237242340813038832"	30000	"slope"	-0.451190195
"0.15"	"0.4"	"0.15"	"0.01"	"0.005"	"0.01"	"100000"	"10000"	"200"	"6237242340813038832"	30000	"intercept"	0.55843409
"0.15"	"0.4"	"0.15"	"0.01"	"0.005"	"0.01"	"100000"	"10000"	"200"	"6237242340813038832"	35000	"slope"	-0.447619695
"0.15"	"0.4"	"0.15"	"0.01"	"0.005"	"0.01"	"100000"	"10000"	"200"	"6237242340813038832"	35000	"intercept"	0.55058209
"0.15"	"0.4"	"0.15"	"0.01"	"0.005"	"0.01"	"100000"	"10000"	"200"	"6237242340813038832"	40000	"slope"	-0.448477455
"0.15"	"0.4"	"0.15"	"0.01"	"0.005"	"0.01"	"100000"	"10000"	"200"	"6237242340813038832"	40000	"intercept"	0.558541675
"0.15"	"0.4"	"0.15"	"0.01"	"0.005"	"0.01"	"100000"	"10000"	"200"	"6237242340813038832"	45000	"slope"	-0.457779935
"0.15"	"0.4"	"0.15"	"0.01"	"0.005"	"0.01"	"100000"	"10000"	"200"	"6237242340813038832"	45000	"intercept"	0.570872245
"0.15"	"0.4"	"0.15"	"0.01"	"0.005"	"0.01"	"100000"	"10000"	"200"	"6237242340813038832"	50000	"slope"	-0.49914151
"0.15"	"0.4"	"0.15"	"0.01"	"0.005"	"0.01"	"100000"	"10000"	"200"	"6237242340813038832"	50000	"intercept"	0.5882271
"0.15"	"0.4"	"0.15"	"0.01"	"0.005"	"0.01"	"100000"	"10000"	"200"	"6237242340813038832"	55000	"slope"	-0.462288565
"0.15"	"0.4"	"0.15"	"0.01"	"0.005"	"0.01"	"100000"	"10000"	"200"	"6237242340813038832"	55000	"intercept"	0.56592507
"0.15"	"0.4"	"0.15"	"0.01"	"0.005"	"0.01"	"100000"	"10000"	"200"	"6237242340813038832"	60000	"slope"	-0.45946803
"0.15"	"0.4"	"0.15"	"0.01"	"0.005"	"0.01"	"100000"	"10000"	"200"	"6237242340813038832"	60000	"intercept"	0.567864435
"0.15"	"0.4"	"0.15"	"0.01"	"0.005"	"0.01"	"100000"	"10000"	"200"	"6237242340813038832"	65000	"slope"	-0.430955815
"0.15"	"0.4"	"0.15"	"0.01"	"0.005"	"0.01"	"100000"	"10000"	"200"	"6237242340813038832"	65000	"intercept"	0.550042185
"0.15"	"0.4"	"0.15"	"0.01"	"0.005"	"0.01"	"100000"	"10000"	"200"	"6237242340813038832"	70000	"slope"	-0.472025195
"0.15"	"0.4"	"0.15"	"0.01"	"0.005"	"0.01"	"100000"	"10000"	"200"	"6237242340813038832"	70000	"intercept"	0.574302845
"0.15"	"0.4"	"0.15"	"0.01"	"0.005"	"0.01"	"100000"	"10000"	"200"	"6237242340813038832"	75000	"slope"	-0.45820839
"0.15"	"0.4"	"0.15"	"0.01"	"0.005"	"0.01"	"100000"	"10000"	"200"	"6237242340813038832"	75000	"intercept"	0.568060915
"0.15"	"0.4"	"0.15"	"0.01"	"0.005"	"0.01"	"100000"	"10000"	"200"	"6237242340813038832"	80000	"slope"	-0.470202385
"0.15"	"0.4"	"0.15"	"0.01"	"0.005"	"0.01"	"100000"	"10000"	"200"	"6237242340813038832"	80000	"intercept"	0.572864425
"0.15"	"0.4"	"0.15"	"0.01"	"0.005"	"0.01"	"100000"	"10000"	"200"	"6237242340813038832"	85000	"slope"	-0.425927315
"0.15"	"0.4"	"0.15"	"0.01"	"0.005"	"0.01"	"100000"	"10000"	"200"	"6237242340813038832"	85000	"intercept"	0.540727075
"0.15"	"0.4"	"0.15"	"0.01"	"0.005"	"0.01"	"100000"	"10000"	"200"	"6237242340813038832"	90000	"slope"	-0.429402675
"0.15"	"0.4"	"0.15"	"0.01"	"0.005"	"0.01"	"100000"	"10000"	"200"	"6237242340813038832"	90000	"intercept"	0.5426733
"0.15"	"0.4"	"0.15"	"0.01"	"0.005"	"0.01"	"100000"	"10000"	"200"	"6237242340813038832"	95000	"slope"	-0.440698505
"0.15"	"0.4"	"0.15"	"0.01"	"0.005"	"0.01"	"100000"	"10000"	"200"	"6237242340813038832"	95000	"intercept"	0.560323745
"0.15"	"0.4"	"0.15"	"0.01"	"0.005"	"0.01"	"100000"	"10000"	"200"	"6237242340813038832"	100000	"slope"	-0.43462981
"0.15"	"0.4"	"0.15"	"0.01"	"0.005"	"0.01"	"100000"	"10000"	"200"	"6237242340813038832"	100000	"intercept"	0.547025255
"0.15"	"0.6"	"0.15"	"0.01"	"0.005"	"0.01"	"100000"	"10000"	"200"	"4856475068724022558"	10	"slope"	-5.7650798e-05
"0.15"	"0.6"	"0.15"	"0.01"	"0.005"	"0.01"	"100000"	"10000"	"200"	"4856475068724022558"	10	"intercept"	0.499922825
"0.15"	"0.6"	"0.15"	"0.01"	"0.005"	"0.01"	"100000"	"10000"	"200"	"4856475068724022558"	5000	"slope"	-0.166373639
"0.15"	"0.6"	"0.15"	"0.01"	"0.005"	"0.01"	"100000"	"10000"	"200"	"4856475068724022558"	5000	"intercept"	0.372534665
"0.15"	"0.6"	"0.15"	"0.01"	"0.005"	"0.01"	"100000"	"10000"	"200"	"4856475068724022558"	10000	"slope"	-0.306791045
"0.15"	"0.6"	"0.15"	"0.01"	"0.005"	"0.01"	"100000"	"10000"	"200"	"4856475068724022558"	10000	"intercept"	0.445135085
"0.15"	"0.6"	"0.15"	"0.01"	"0.005"	"0.01"	"100000"	"10000"	"200"	"4856475068724022558"	15000	"slope"	-0.38868944
"0.15"	"0.6"	"0.15"	"0.01"	"0.005"	"0.01"	"100000"	"10000"	"200"	"4856475068724022558"	15000	"intercept"	0.5133314
"0.15"	"0.6"	"0.15"	"0.01"	"0.005"	"0.01"	"100000"	"10000"	"200"	"4856475068724022558"	20000	"slope"	-0.427277905
"0.15"	"0.6"	"0.15"	"0.01"	"0.005"	"0.01"	"100000"	"10000"	"200"	"4856475068724022558"	20000	"intercept"	0.542294735
"0.15"	"0.6"	"0.15"	"0.01"	"0.005"	"0.01"	"100000"	"10000"	"200"	"4856475068724022558"	25000	"slope"	-0.444745595
"0.15"	"0.6"	"0.15"	"0.01"	"0.005"	"0.01"	"100000"	"10000"	"200"	"4856475068724022558"	25000	"intercept"	0.552199725
"0.15"	"0.6"	"0.15"	"0.01"	"0.005"	"0.01"	"100000"	"10000"	"200"	"4856475068724022558"	30000	"slope"	-0.4381307
"0.15"	"0.6"	"0.15"	"0.01"	"0.005"	"0.01"	"100000"	"10000"	"200"	"4856475068724022558"	30000	"intercept"	0.54843952
"0.15"	"0.6"	"0.15"	"0.01"	"0.005"	"0.01"	"100000"	"10000"	"200"	"4856475068724022558"	35000	"slope"	-0.473313875
"0.15"	"0.6"	"0.15"	"0.01"	"0.005"	"0.01"	"100000"	"10000"	"200"	"4856475068724022558"	35000	"intercept"	0.570617715
"0.15"	"0.6"	"0.15"	"0.01"	"0.005"	"0.01"	"100000"	"10000"	"200"	"4856475068724022558"	40000	"slope"	-0.445757865
"0.15"	"0.6"	"0.15"	"0.01"	"0.005"	"0.01"	"100000"	"10000"	"200"	"4856475068724022558"	40000	"intercept"	0.5451071
"0.15"	"0.6"	"0.15"	"0.01"	"0.005"	"0.01"	"100000"	"10000"	"200"	"4856475068724022558"	45000	"slope"	-0.4440395
"0.15"	"0.6"	"0.15"	"0.01"	"0.005"	"0.01"	"100000"	"10000"	"200"	"4856475068724022558"	45000	"intercept"	0.555753535
"0.15"	"0.6"	"0.15"	"0.01"	"0.005"	"0.01"	"100000"	"10000"	"200"	"4856475068724022558"	50000	"slope"	-0.470878315
"0.15"	"0.6"	"0.15"	"0.01"	"0.005"	"0.01"	"100000"	"10000"	"200"	"4856475068724022558"	50000	"intercept"	0.56267532
"0.15"	"0.6"	"0.15"	"0.01"	"0.005"	"0.01"	"100000"	"10000"	"200"	"4856475068724022558"	55000	"slope"	-0.49058613
"0.15"	"0.6"	"0.15"	"0.01"	"0.005"	"0.01"	"100000"	"10000"	"200"	"4856475068724022558"	55000	"intercept"	0.579465915
"0.15"	"0.6"	"0.15"	"0.01"	"0.005"	"0.01"	"100000"	"10000"	"200"	"4856475068724022558"	60000	"slope"	-0.485213185
"0.15"	"0.6"	"0.15"	"0.01"	"0.005"	"0.01"	"100000"	"10000"	"200"	"4856475068724022558"	60000	"intercept"	0.58686322
"0.15"	"0.6"	"0.15"	"0.01"	"0.005"	"0.01"	"100000"	"10000"	"200"	"4856475068724022558"	65000	"slope"	-0.48868703
"0.15"	"0.6"	"0.15"	"0.01"	"0.005"	"0.01"	"100000"	"10000"	"200"	"4856475068724022558"	65000	"intercept"	0.58284449
"0.15"	"0.6"	"0.15"	"0.01"	"0.005"	"0.01"	"100000"	"10000"	"200"	"4856475068724022558"	70000	"slope"	-0.470174755
"0.15"	"0.6"	"0.15"	"0.01"	"0.005"	"0.01"	"100000"	"10000"	"200"	"4856475068724022558"	70000	"intercept"	0.567751425
"0.15"	"0.6"	"0.15"	"0.01"	"0.005"	"0.01"	"100000"	"10000"	"200"	"4856475068724022558"	75000	"slope"	-0.465478305
"0.15"	"0.6"	"0.15"	"0.01"	"0.005"	"0.01"	"100000"	"10000"	"200"	"4856475068724022558"	75000	"intercept"	0.55896398
"0.15"	"0.6"	"0.15"	"0.01"	"0.005"	"0.01"	"100000"	"10000"	"200"	"4856475068724022558"	80000	"slope"	-0.45990943
"0.15"	"0.6"	"0.15"	"0.01"	"0.005"	"0.01"	"100000"	"10000"	"200"	"4856475068724022558"	80000	"intercept"	0.56466138
"0.15"	"0.6"	"0.15"	"0.01"	"0.005"	"0.01"	"100000"	"10000"	"200"	"4856475068724022558"	85000	"slope"	-0.441333765
"0.15"	"0.6"	"0.15"	"0.01"	"0.005"	"0.01"	"100000"	"10000"	"200"	"4856475068724022558"	85000	"intercept"	0.54665724
"0.15"	"0.6"	"0.15"	"0.01"	"0.005"	"0.01"	"100000"	"10000"	"200"	"4856475068724022558"	90000	"slope"	-0.47324404
"0.15"	"0.6"	"0.15"	"0.01"	"0.005"	"0.01"	"100000"	"10000"	"200"	"4856475068724022558"	90000	"intercept"	0.573930345
"0.15"	"0.6"	"0.15"	"0.01"	"0.005"	"0.01"	"100000"	"10000"	"200"	"4856475068724022558"	95000	"slope"	-0.48128821
"0.15"	"0.6"	"0.15"	"0.01"	"0.005"	"0.01"	"100000"	"10000"	"200"	"4856475068724022558"	95000	"intercept"	0.581618475
"0.15"	"0.6"	"0.15"	"0.01"	"0.005"	"0.01"	"100000"	"10000"	"200"	"4856475068724022558"	100000	"slope"	-0.461167815
"0.15"	"0.6"	"0.15"	"0.01"	"0.005"	"0.01"	"100000"	"10000"	"200"	"4856475068724022558"	100000	"intercept"	0.562936955
"0.15"	"0.6"	"0.15"	"0.01"	"0.005"	"0.01"	"100000"	"10000"	"200"	"6720287476938174255"	10	"slope"	-9.4368675e-05
"0.15"	"0.6"	"0.15"	"0.01"	"0.005"	"0.01"	"100000"	"10000"	"200"	"6720287476938174255"	10	"intercept"	0.500031935
"0.15"	"0.6"	"0.15"	"0.01"	"0.005"	"0.01"	"100000"	"10000"	"200"	"6720287476938174255"	5000	"slope"	-0.175727725
"0.15"	"0.6"	"0.15"	"0.01"	"0.005"	"0.01"	"100000"	"10000"	"200"	"6720287476938174255"	5000	"intercept"	0.37604555
"0.15"	"0.6"	"0.15"	"0.01"	"0.005"	"0.01"	"100000"	"10000"	"200"	"6720287476938174255"	10000	"slope"	-0.24845543
"0.15"	"0.6"	"0.15"	"0.01"	"0.005"	"0.01"	"100000"	"10000"	"200"	"6720287476938174255"	10000	"intercept"	0.42242066
"0.15"	"0.6"	"0.15"	"0.01"	"0.005"	"0.01"	"100000"	"10000"	"200"	"6720287476938174255"	15000	"slope"	-0.33460999
"0.15"	"0.6"	"0.15"	"0.01"	"0.005"	"0.01"	"100000"	"10000"	"200"	"6720287476938174255"	15000	"intercept"	0.472388305
"0.15"	"0.6"	"0.15"	"0.01"	"0.005"	"0.01"	"100000"	"10000"	"200"	"6720287476938174255"	20000	"slope"	-0.391824875
"0.15"	"0.6"	"0.15"	"0.01"	"0.005"	"0.01"	"100000"	"10000"	"200"	"6720287476938174255"	20000	"intercept"	0.518212
"0.15"	"0.6"	"0.15"	"0.01"	"0.005"	"0.01"	"100000"	"10000"	"200"	"6720287476938174255"	25000	"slope"	-0.429928605
"0.15"	"0.6"	"0.15"	"0.01"	"0.005"	"0.01"	"100000"	"10000"	"200"	"6720287476938174255"	25000	"intercept"	0.53865334
"0.15"	"0.6"	"0.15"	"0.01"	"0.005"	"0.01"	"100000"	"10000"	"200"	"6720287476938174255"	30000	"slope"	-0.42836384
"0.15"	"0.6"	"0.15"	"0.01"	"0.005"	"0.01"	"100000"	"10000"	"200"	"6720287476938174255"	30000	"intercept"	0.542327875
"0.15"	"0.6"	"0.15"	"0.01"	"0.005"	"0.01"	"100000"	"10000"	"200"	"6720287476938174255"	35000	"slope"	-0.4320433
"0.15"	"0.6"	"0.15"	"0.01"	"0.005"	"0.01"	"100000"	"10000"	"200"	"6720287476938174255"	35000	"intercept"	0.54334977
"0.15"	"0.6"	"0.15"	"0.01"	"0.005"	"0.01"	"100000"	"10000"	"200"	"6720287476938174255"	40000	"slope"	-0.45885722
"0.15"	"0.6"	"0.15"	"0.01"	"0.005"	"0.01"	"100000"	"10000"	"200"	"6720287476938174255"	40000	"intercept"	0.56252284
"0.15"	"0.6"	"0.15"	"0.01"	"0.005"	"0.01"	"100000"	"10000"	"200"	"6720287476938174255"	45000	"slope"	-0.466266805
"0.15"	"0.6"	"0.15"	"0.01"	"0.005"	"0.01"	"100000"	"10000"	"200"	"6720287476938174255"	45000	"intercept"	0.570853635
"0.15"	"0.6"	"0.15"	"0.01"	"0.005"	"0.01"	"100000"	"10000"	"200"	"6720287476938174255"	50000	"slope"	-0.50011441
"0.15"	"0.6"	"0.15"	"0.01"	"0.005"	"0.01"	"100000"	"10000"	"200"	"6720287476938174255"	50000	"intercept"	0.58754765
"0.15"	"0.6"	"0.15"	"0.01"	"0.005"	"0.01"	"100000"	"10000"	"200"	"6720287476938174255"	55000	"slope"	-0.494492885
"0.15"	"0.6"	"0.15"	"0.01"	"0.005"	"0.01"	"100000"	"10000"	"200"	"6720287476938174255"	55000	"intercept"	0.584781755
"0.15"	"0.6"	"0.15"	"0.01"	"0.005"	"0.01"	"100000"	"10000"	"200"	"6720287476938174255"	60000	"slope"	-0.480697285
"0.15"	"0.6"	"0.15"	"0.01"	"0.005"	"0.01"	"100000"	"10000"	"200"	"6720287476938174255"	60000	"intercept"	0.574615705
"0.15"	"0.6"	"0.15"	"0.01"	"0.005"	"0.01"	"100000"	"10000"	"200"	"6720287476938174255"	65000	"slope"	-0.465481275
"0.15"	"0.6"	"0.15"	"0.01"	"0.005"	"0.01"	"100000"	"10000"	"200"	"6720287476938174255"	65000	"intercept"	0.57332108
"0.15"	"0.6"	"0.15"	"0.01"	"0.005"	"0.01"	"100000"	"10000"	"200"	"6720287476938174255"	70000	"slope"	-0.477639325
"0.15"	"0.6"	"0.15"	"0.01"	"0.005"	"0.01"	"100000"	"10000"	"200"	"6720287476938174255"	70000	"intercept"	0.570849685
"0.15"	"0.6"	"0.15"	"0.01"	"0.005"	"0.01"	"100000"	"10000"	"200"	"6720287476938174255"	75000	"slope"	-0.478020845
"0.15"	"0.6"	"0.15"	"0.01"	"0.005"	"0.01"	"100000"	"10000"	"200"	"6720287476938174255"	75000	"intercept"	0.56536854
"0.15"	"0.6"	"0.15"	"0.01"	"0.005"	"0.01"	"100000"	"10000"	"200"	"6720287476938174255"	80000	"slope"	-0.46291833
"0.15"	"0.6"	"0.15"	"0.01"	"0.005"	"0.01"	"100000"	"10000"	"200"	"6720287476938174255"	80000	"intercept"	0.56506058
"0.15"	"0.6"	"0.15"	"0.01"	"0.005"	"0.01"	"100000"	"10000"	"200"	"6720287476938174255"	85000	"slope"	-0.47025035
"0.15"	"0.6"	"0.15"	"0.01"	"0.005"	"0.01"	"100000"	"10000"	"200"	"6720287476938174255"	85000	"intercept"	0.56381736
"0.15"	"0.6"	"0.15"	"0.01"	"0.005"	"0.01"	"100000"	"10000"	"200"	"6720287476938174255"	90000	"slope"	-0.461179945
"0.15"	"0.6"	"0.15"	"0.01"	"0.005"	"0.01"	"100000"	"10000"	"200"	"6720287476938174255"	90000	"intercept"	0.554840285
"0.15"	"0.6"	"0.15"	"0.01"	"0.005"	"0.01"	"100000"	"10000"	"200"	"6720287476938174255"	95000	"slope"	-0.450265025
"0.15"	"0.6"	"0.15"	"0.01"	"0.005"	"0.01"	"100000"	"10000"	"200"	"6720287476938174255"	95000	"intercept"	0.555736275
"0.15"	"0.6"	"0.15"	"0.01"	"0.005"	"0.01"	"100000"	"10000"	"200"	"6720287476938174255"	100000	"slope"	-0.48452073
"0.15"	"0.6"	"0.15"	"0.01"	"0.005"	"0.01"	"100000"	"10000"	"200"	"6720287476938174255"	100000	"intercept"	0.584126655
"0.15"	"0.6"	"0.15"	"0.01"	"0.005"	"0.01"	"100000"	"10000"	"200"	"7539282095862927108"	10	"slope"	3.86078405e-05
"0.15"	"0.6"	"0.15"	"0.01"	"0.005"	"0.01"	"100000"	"10000"	"200"	"7539282095862927108"	10	"intercept"	0.499950165
"0.15"	"0.6"	"0.15"	"0.01"	"0.005"	"0.01"	"100000"	"10000"	"200"	"7539282095862927108"	5000	"slope"	-0.19320679
"0.15"	"0.6"	"0.15"	"0.01"	"0.005"	"0.01"	"100000"	"10000"	"200"	"7539282095862927108"	5000	"intercept"	0.384732995
"0.15"	"0.6"	"0.15"	"0.01"	"0.005"	"0.01"	"100000"	"10000"	"200"	"7539282095862927108"	10000	"slope"	-0.286452145
"0.15"	"0.6"	"0.15"	"0.01"	"0.005"	"0.01"	"100000"	"10000"	"200"	"7539282095862927108"	10000	"intercept"	0.43738453
"0.15"	"0.6"	"0.15"	"0.01"	"0.005"	"0.01"	"100000"	"10000"	"200"	"7539282095862927108"	15000	"slope"	-0.349278315
"0.15"	"0.6"	"0.15"	"0.01"	"0.005"	"0.01"	"100000"	"10000"	"200"	"7539282095862927108"	15000	"intercept"	0.479973895
"0.15"	"0.6"	"0.15"	"0.01"	"0.005"	"0.01"	"100000"	"10000"	"200"	"7539282095862927108"	20000	"slope"	-0.412405705
"0.15"	"0.6"	"0.15"	"0.01"	"0.005"	"0.01"	"100000"	"10000"	"200"	"7539282095862927108"	20000	"intercept"	0.528342915
"0.15"	"0.6"	"0.15"	"0.01"	"0.005"	"0.01"	"100000"	"10000"	"200"	"7539282095862927108"	25000	"slope"	-0.45862018
"0.15"	"0.6"	"0.15"	"0.01"	"0.005"	"0.01"	"100000"	"10000"	"200"	"7539282095862927108"	25000	"intercept"	0.56098253
"0.15"	"0.6"	"0.15"	"0.01"	"0.005"	"0.01"	"100000"	"10000"	"200"	"7539282095862927108"	30000	"slope"	-0.444281655
"0.15"	"0.6"	"0.15"	"0.01"	"0.005"	"0.01"	"100000"	"10000"	"200"	"7539282095862927108"	30000	"intercept"	0.54478266
"0.15"	"0.6"	"0.15"	"0.01"	"0.005"	"0.01"	"100000"	"10000"	"200"	"7539282095862927108"	35000	"slope"	-0.45430117
"0.15"	"0.6"	"0.15"	"0.01"	"0.005"	"0.01"	"100000"	"10000"	"200"	"7539282095862927108"	35000	"intercept"	0.554406585
"0.15"	"0.6"	"0.15"	"0.01"	"0.005"	"0.01"	"100000"	"10000"	"200"	"7539282095862927108"	40000	"slope"	-0.480766525
"0.15"	"0.6"	"0.15"	"0.01"	"0.005"	"0.01"	"100000"	"10000"	"200"	"7539282095862927108"	40000	"intercept"	0.57507911
"0.15"	"0.6"	"0.15"	"0.01"	"0.005"	"0.01"	"100000"	"10000"	"200"	"7539282095862927108"	45000	"slope"	-0.475013185
"0.15"	"0.6"	"0.15"	"0.01"	"0.005"	"0.01"	"100000"	"10000"	"200"	"7539282095862927108"	45000	"intercept"	0.57033776
"0.15"	"0.6"	"0.15"	"0.01"	"0.005"	"0.01"	"100000"	"10000"	"200"	"7539282095862927108"	50000	"slope"	-0.467758965
"0.15"	"0.6"	"0.15"	"0.01"	"0.005"	"0.01"	"100000"	"10000"	"200"	"7539282095862927108"	50000	"intercept"	0.56383516
"0.15"	"0.6"	"0.15"	"0.01"	"0.005"	"0.01"	"100000"	"10000"	"200"	"7539282095862927108"	55000	"slope"	-0.46000701
"0.15"	"0.6"	"0.15"	"0.01"	"0.005"	"0.01"	"100000"	"10000"	"200"	"7539282095862927108"	55000	"intercept"	0.56101192
"0.15"	"0.6"	"0.15"	"0.01"	"0.005"	"0.01"	"100000"	"10000"	"200"	"7539282095862927108"	60000	"slope"	-0.46498576
"0.15"	"0.6"	"0.15"	"0.01"	"0.005"	"0.01"	"100000"	"10000"	"200"	"7539282095862927108"	60000	"intercept"	0.56679196
"0.15"	"0.6"	"0.15"	"0.01"	"0.005"	"0.01"	"100000"	"10000"	"200"	"7539282095862927108"	65000	"slope"	-0.433650985
"0.15"	"0.6"	"0.15"	"0.01"	"0.005"	"0.01"	"100000"	"10000"	"200"	"7539282095862927108"	65000	"intercept"	0.548082785
"0.15"	"0.6"	"0.15"	"0.01"	"0.005"	"0.01"	"100000"	"10000"	"200"	"7539282095862927108"	70000	"slope"	-0.44910707
"0.15"	"0.6"	"0.15"	"0.01"	"0.005"	"0.01"	"100000"	"10000"	"200"	"7539282095862927108"	70000	"intercept"	0.556065795
"0.15"	"0.6"	"0.15"	"0.01"	"0.005"	"0.01"	"100000"	"10000"	"200"	"7539282095862927108"	75000	"slope"	-0.48792869
"0.15"	"0.6"	"0.15"	"0.01"	"0.005"	"0.01"	"100000"	"10000"	"200"	"7539282095862927108"	75000	"intercept"	0.580633805
"0.15"	"0.6"	"0.15"	"0.01"	"0.005"	"0.01"	"100000"	"10000"	"200"	"7539282095862927108"	80000	"slope"	-0.44418822
"0.15"	"0.6"	"0.15"	"0.01"	"0.005"	"0.01"	"100000"	"10000"	"200"	"7539282095862927108"	80000	"intercept"	0.55277223
"0.15"	"0.6"	"0.15"	"0.01"	"0.005"	"0.01"	"100000"	"10000"	"200"	"7539282095862927108"	85000	"slope"	-0.489644005
"0.15"	"0.6"	"0.15"	"0.01"	"0.005"	"0.01"	"100000"	"10000"	"200"	"7539282095862927108"	85000	"intercept"	0.586236235
"0.15"	"0.6"	"0.15"	"0.01"	"0.005"	"0.01"	"100000"	"10000"	"200"	"7539282095862927108"	90000	"slope"	-0.522026465
"0.15"	"0.6"	"0.15"	"0.01"	"0.005"	"0.01"	"100000"	"10000"	"200"	"7539282095862927108"	90000	"intercept"	0.60723825
"0.15"	"0.6"	"0.15"	"0.01"	"0.005"	"0.01"	"100000"	"10000"	"200"	"7539282095862927108"	95000	"slope"	-0.481486535
"0.15"	"0.6"	"0.15"	"0.01"	"0.005"	"0.01"	"100000"	"10000"	"200"	"7539282095862927108"	95000	"intercept"	0.571116915
"0.15"	"0.6"	"0.15"	"0.01"	"0.005"	"0.01"	"100000"	"10000"	"200"	"7539282095862927108"	100000	"slope"	-0.484162425
"0.15"	"0.6"	"0.15"	"0.01"	"0.005"	"0.01"	"100000"	"10000"	"200"	"7539282095862927108"	100000	"intercept"	0.58151124
"0.15"	"0.8"	"0.15"	"0.01"	"0.005"	"0.01"	"100000"	"10000"	"200"	"2696800221563155923"	10	"slope"	-2.146905e-06
"0.15"	"0.8"	"0.15"	"0.01"	"0.005"	"0.01"	"100000"	"10000"	"200"	"2696800221563155923"	10	"intercept"	0.500112225
"0.15"	"0.8"	"0.15"	"0.01"	"0.005"	"0.01"	"100000"	"10000"	"200"	"2696800221563155923"	5000	"slope"	-0.127372504
"0.15"	"0.8"	"0.15"	"0.01"	"0.005"	"0.01"	"100000"	"10000"	"200"	"2696800221563155923"	5000	"intercept"	0.335080415
"0.15"	"0.8"	"0.15"	"0.01"	"0.005"	"0.01"	"100000"	"10000"	"200"	"2696800221563155923"	10000	"slope"	-0.22153543
"0.15"	"0.8"	"0.15"	"0.01"	"0.005"	"0.01"	"100000"	"10000"	"200"	"2696800221563155923"	10000	"intercept"	0.39246647
"0.15"	"0.8"	"0.15"	"0.01"	"0.005"	"0.01"	"100000"	"10000"	"200"	"2696800221563155923"	15000	"slope"	-0.318623565
"0.15"	"0.8"	"0.15"	"0.01"	"0.005"	"0.01"	"100000"	"10000"	"200"	"2696800221563155923"	15000	"intercept"	0.4562304
"0.15"	"0.8"	"0.15"	"0.01"	"0.005"	"0.01"	"100000"	"10000"	"200"	"2696800221563155923"	20000	"slope"	-0.406532175
"0.15"	"0.8"	"0.15"	"0.01"	"0.005"	"0.01"	"100000"	"10000"	"200"	"2696800221563155923"	20000	"intercept"	0.516856885
"0.15"	"0.8"	"0.15"	"0.01"	"0.005"	"0.01"	"100000"	"10000"	"200"	"2696800221563155923"	25000	"slope"	-0.48080434
"0.15"	"0.8"	"0.15"	"0.01"	"0.005"	"0.01"	"100000"	"10000"	"200"	"2696800221563155923"	25000	"intercept"	0.570193725
"0.15"	"0.8"	"0.15"	"0.01"	"0.005"	"0.01"	"100000"	"10000"	"200"	"2696800221563155923"	30000	"slope"	-0.4982263
"0.15"	"0.8"	"0.15"	"0.01"	"0.005"	"0.01"	"100000"	"10000"	"200"	"2696800221563155923"	30000	"intercept"	0.58889842
"0.15"	"0.8"	"0.15"	"0.01"	"0.005"	"0.01"	"100000"	"10000"	"200"	"2696800221563155923"	35000	"slope"	-0.49545199
"0.15"	"0.8"	"0.15"	"0.01"	"0.005"	"0.01"	"100000"	"10000"	"200"	"2696800221563155923"	35000	"intercept"	0.581058545
"0.15"	"0.8"	"0.15"	"0.01"	"0.005"	"0.01"	"100000"	"10000"	"200"	"2696800221563155923"	40000	"slope"	-0.485819755
"0.15"	"0.8"	"0.15"	"0.01"	"0.005"	"0.01"	"100000"	"10000"	"200"	"2696800221563155923"	40000	"intercept"	0.57441295
"0.15"	"0.8"	"0.15"	"0.01"	"0.005"	"0.01"	"100000"	"10000"	"200"	"2696800221563155923"	45000	"slope"	-0.47679232
"0.15"	"0.8"	"0.15"	"0.01"	"0.005"	"0.01"	"100000"	"10000"	"200"	"2696800221563155923"	45000	"intercept"	0.572179845
"0.15"	"0.8"	"0.15"	"0.01"	"0.005"	"0.01"	"100000"	"10000"	"200"	"2696800221563155923"	50000	"slope"	-0.481303345
"0.15"	"0.8"	"0.15"	"0.01"	"0.005"	"0.01"	"100000"	"10000"	"200"	"2696800221563155923"	50000	"intercept"	0.573937275
"0.15"	"0.8"	"0.15"	"0.01"	"0.005"	"0.01"	"100000"	"10000"	"200"	"2696800221563155923"	55000	"slope"	-0.49313652
"0.15"	"0.8"	"0.15"	"0.01"	"0.005"	"0.01"	"100000"	"10000"	"200"	"2696800221563155923"	55000	"intercept"	0.578790835
"0.15"	"0.8"	"0.15"	"0.01"	"0.005"	"0.01"	"100000"	"10000"	"200"	"2696800221563155923"	60000	"slope"	-0.51296064
"0.15"	"0.8"	"0.15"	"0.01"	"0.005"	"0.01"	"100000"	"10000"	"200"	"2696800221563155923"	60000	"intercept"	0.587792835
"0.15"	"0.8"	"0.15"	"0.01"	"0.005"	"0.01"	"100000"	"10000"	"200"	"2696800221563155923"	65000	"slope"	-0.511361435
"0.15"	"0.8"	"0.15"	"0.01"	"0.005"	"0.01"	"100000"	"10000"	"200"	"2696800221563155923"	65000	"intercept"	0.595666435
"0.15"	"0.8"	"0.15"	"0.01"	"0.005"	"0.01"	"100000"	"10000"	"200"	"2696800221563155923"	70000	"slope"	-0.491603465
"0.15"	"0.8"	"0.15"	"0.01"	"0.005"	"0.01"	"100000"	"10000"	"200"	"2696800221563155923"	70000	"intercept"	0.5787551
"0.15"	"0.8"	"0.15"	"0.01"	"0.005"	"0.01"	"100000"	"10000"	"200"	"2696800221563155923"	75000	"slope"	-0.48896946
"0.15"	"0.8"	"0.15"	"0.01"	"0.005"	"0.01"	"100000"	"10000"	"200"	"2696800221563155923"	75000	"intercept"	0.58114536
"0.15"	"0.8"	"0.15"	"0.01"	"0.005"	"0.01"	"100000"	"10000"	"200"	"2696800221563155923"	80000	"slope"	-0.4886585
"0.15"	"0.8"	"0.15"	"0.01"	"0.005"	"0.01"	"100000"	"10000"	"200"	"2696800221563155923"	80000	"intercept"	0.56699993
"0.15"	"0.8"	"0.15"	"0.01"	"0.005"	"0.01"	"100000"	"10000"	"200"	"2696800221563155923"	85000	"slope"	-0.485476015
"0.15"	"0.8"	"0.15"	"0.01"	"0.005"	"0.01"	"100000"	"10000"	"200"	"2696800221563155923"	85000	"intercept"	0.57379338
"0.15"	"0.8"	"0.15"	"0.01"	"0.005"	"0.01"	"100000"	"10000"	"200"	"2696800221563155923"	90000	"slope"	-0.45393293
"0.15"	"0.8"	"0.15"	"0.01"	"0.005"	"0.01"	"100000"	"10000"	"200"	"2696800221563155923"	90000	"intercept"	0.55074663
"0.15"	"0.8"	"0.15"	"0.01"	"0.005"	"0.01"	"100000"	"10000"	"200"	"2696800221563155923"	95000	"slope"	-0.45908825
"0.15"	"0.8"	"0.15"	"0.01"	"0.005"	"0.01"	"100000"	"10000"	"200"	"2696800221563155923"	95000	"intercept"	0.554317075
"0.15"	"0.8"	"0.15"	"0.01"	"0.005"	"0.01"	"100000"	"10000"	"200"	"2696800221563155923"	100000	"slope"	-0.484404075
"0.15"	"0.8"	"0.15"	"0.01"	"0.005"	"0.01"	"100000"	"10000"	"200"	"2696800221563155923"	100000	"intercept"	0.57742636
"0.15"	"0.8"	"0.15"	"0.01"	"0.005"	"0.01"	"100000"	"10000"	"200"	"5410916078565714015"	10	"slope"	0.000106832745
"0.15"	"0.8"	"0.15"	"0.01"	"0.005"	"0.01"	"100000"	"10000"	"200"	"5410916078565714015"	10	"intercept"	0.499893145
"0.15"	"0.8"	"0.15"	"0.01"	"0.005"	"0.01"	"100000"	"10000"	"200"	"5410916078565714015"	5000	"slope"	-0.20026378
"0.15"	"0.8"	"0.15"	"0.01"	"0.005"	"0.01"	"100000"	"10000"	"200"	"5410916078565714015"	5000	"intercept"	0.36809182
"0.15"	"0.8"	"0.15"	"0.01"	"0.005"	"0.01"	"100000"	"10000"	"200"	"5410916078565714015"	10000	"slope"	-0.290795495
"0.15"	"0.8"	"0.15"	"0.01"	"0.005"	"0.01"	"100000"	"10000"	"200"	"5410916078565714015"	10000	"intercept"	0.436282845
"0.15"	"0.8"	"0.15"	"0.01"	"0.005"	"0.01"	"100000"	"10000"	"200"	"5410916078565714015"	15000	"slope"	-0.356878385
"0.15"	"0.8"	"0.15"	"0.01"	"0.005"	"0.01"	"100000"	"10000"	"200"	"5410916078565714015"	15000	"intercept"	0.47187718
"0.15"	"0.8"	"0.15"	"0.01"	"0.005"	"0.01"	"100000"	"10000"	"200"	"5410916078565714015"	20000	"slope"	-0.367038935
"0.15"	"0.8"	"0.15"	"0.01"	"0.005"	"0.01"	"100000"	"10000"	"200"	"5410916078565714015"	20000	"intercept"	0.492025655
"0.15"	"0.8"	"0.15"	"0.01"	"0.005"	"0.01"	"100000"	"10000"	"200"	"5410916078565714015"	25000	"slope"	-0.435047005
"0.15"	"0.8"	"0.15"	"0.01"	"0.005"	"0.01"	"100000"	"10000"	"200"	"5410916078565714015"	25000	"intercept"	0.533100025
"0.15"	"0.8"	"0.15"	"0.01"	"0.005"	"0.01"	"100000"	"10000"	"200"	"5410916078565714015"	30000	"slope"	-0.476586095
"0.15"	"0.8"	"0.15"	"0.01"	"0.005"	"0.01"	"100000"	"10000"	"200"	"5410916078565714015"	30000	"intercept"	0.56263352
"0.15"	"0.8"	"0.15"	"0.01"	"0.005"	"0.01"	"100000"	"10000"	"200"	"5410916078565714015"	35000	"slope"	-0.478406975
"0.15"	"0.8"	"0.15"	"0.01"	"0.005"	"0.01"	"100000"	"10000"	"200"	"5410916078565714015"	35000	"intercept"	0.56920442
"0.15"	"0.8"	"0.15"	"0.01"	"0.005"	"0.01"	"100000"	"10000"	"200"	"5410916078565714015"	40000	"slope"	-0.48666152
"0.15"	"0.8"	"0.15"	"0.01"	"0.005"	"0.01"	"100000"	"10000"	"200"	"5410916078565714015"	40000	"intercept"	0.57387856
"0.15"	"0.8"	"0.15"	"0.01"	"0.005"	"0.01"	"100000"	"10000"	"200"	"5410916078565714015"	45000	"slope"	-0.47710524
"0.15"	"0.8"	"0.15"	"0.01"	"0.005"	"0.01"	"100000"	"10000"	"200"	"5410916078565714015"	45000	"intercept"	0.56663496
"0.15"	"0.8"	"0.15"	"0.01"	"0.005"	"0.01"	"100000"	"10000"	"200"	"5410916078565714015"	50000	"slope"	-0.49155199
"0.15"	"0.8"	"0.15"	"0.01"	"0.005"	"0.01"	"100000"	"10000"	"200"	"5410916078565714015"	50000	"intercept"	0.578593935
"0.15"	"0.8"	"0.15"	"0.01"	"0.005"	"0.01"	"100000"	"10000"	"200"	"5410916078565714015"	55000	"slope"	-0.462853385
"0.15"	"0.8"	"0.15"	"0.01"	"0.005"	"0.01"	"100000"	"10000"	"200"	"5410916078565714015"	55000	"intercept"	0.56050962
"0.15"	"0.8"	"0.15"	"0.01"	"0.005"	"0.01"	"100000"	"10000"	"200"	"5410916078565714015"	60000	"slope"	-0.472233335
"0.15"	"0.8"	"0.15"	"0.01"	"0.005"	"0.01"	"100000"	"10000"	"200"	"5410916078565714015"	60000	"intercept"	0.565404295
"0.15"	"0.8"	"0.15"	"0.01"	"0.005"	"0.01"	"100000"	"10000"	"200"	"5410916078565714015"	65000	"slope"	-0.50578911
"0.15"	"0.8"	"0.15"	"0.01"	"0.005"	"0.01"	"100000"	"10000"	"200"	"5410916078565714015"	65000	"intercept"	0.583546875
"0.15"	"0.8"	"0.15"	"0.01"	"0.005"	"0.01"	"100000"	"10000"	"200"	"5410916078565714015"	70000	"slope"	-0.51908802
"0.15"	"0.8"	"0.15"	"0.01"	"0.005"	"0.01"	"100000"	"10000"	"200"	"5410916078565714015"	70000	"intercept"	0.599844205
"0.15"	"0.8"	"0.15"	"0.01"	"0.005"	"0.01"	"100000"	"10000"	"200"	"5410916078565714015"	75000	"slope"	-0.500982385
"0.15"	"0.8"	"0.15"	"0.01"	"0.005"	"0.01"	"100000"	"10000"	"200"	"5410916078565714015"	75000	"intercept"	0.587617095
"0.15"	"0.8"	"0.15"	"0.01"	"0.005"	"0.01"	"100000"	"10000"	"200"	"5410916078565714015"	80000	"slope"	-0.457929085
"0.15"	"0.8"	"0.15"	"0.01"	"0.005"	"0.01"	"100000"	"10000"	"200"	"5410916078565714015"	80000	"intercept"	0.55445004
"0.15"	"0.8"	"0.15"	"0.01"	"0.005"	"0.01"	"100000"	"10000"	"200"	"5410916078565714015"	85000	"slope"	-0.4665479
"0.15"	"0.8"	"0.15"	"0.01"	"0.005"	"0.01"	"100000"	"10000"	"200"	"5410916078565714015"	85000	"intercept"	0.56151136
"0.15"	"0.8"	"0.15"	"0.01"	"0.005"	"0.01"	"100000"	"10000"	"200"	"5410916078565714015"	90000	"slope"	-0.485835145
"0.15"	"0.8"	"0.15"	"0.01"	"0.005"	"0.01"	"100000"	"10000"	"200"	"5410916078565714015"	90000	"intercept"	0.57048539
"0.15"	"0.8"	"0.15"	"0.01"	"0.005"	"0.01"	"100000"	"10000"	"200"	"5410916078565714015"	95000	"slope"	-0.477569745
"0.15"	"0.8"	"0.15"	"0.01"	"0.005"	"0.01"	"100000"	"10000"	"200"	"5410916078565714015"	95000	"intercept"	0.5674324
"0.15"	"0.8"	"0.15"	"0.01"	"0.005"	"0.01"	"100000"	"10000"	"200"	"5410916078565714015"	100000	"slope"	-0.487153605
"0.15"	"0.8"	"0.15"	"0.01"	"0.005"	"0.01"	"100000"	"10000"	"200"	"5410916078565714015"	100000	"intercept"	0.578464565
"0.15"	"0.8"	"0.15"	"0.01"	"0.005"	"0.01"	"100000"	"10000"	"200"	"874483239347028488"	10	"slope"	-1.34889e-05
"0.15"	"0.8"	"0.15"	"0.01"	"0.005"	"0.01"	"100000"	"10000"	"200"	"874483239347028488"	10	"intercept"	0.4998494
"0.15"	"0.8"	"0.15"	"0.01"	"0.005"	"0.01"	"100000"	"10000"	"200"	"874483239347028488"	5000	"slope"	-0.1805571455
"0.15"	"0.8"	"0.15"	"0.01"	"0.005"	"0.01"	"100000"	"10000"	"200"	"874483239347028488"	5000	"intercept"	0.37062391
"0.15"	"0.8"	"0.15"	"0.01"	"0.005"	"0.01"	"100000"	"10000"	"200"	"874483239347028488"	10000	"slope"	-0.30850095
"0.15"	"0.8"	"0.15"	"0.01"	"0.005"	"0.01"	"100000"	"10000"	"200"	"874483239347028488"	10000	"intercept"	0.448124285
"0.15"	"0.8"	"0.15"	"0.01"	"0.005"	"0.01"	"100000"	"10000"	"200"	"874483239347028488"	15000	"slope"	-0.375805735
"0.15"	"0.8"	"0.15"	"0.01"	"0.005"	"0.01"	"100000"	"10000"	"200"	"874483239347028488"	15000	"intercept"	0.495178625
"0.15"	"0.8"	"0.15"	"0.01"	"0.005"	"0.01"	"100000"	"10000"	"200"	"874483239347028488"	20000	"slope"	-0.409330985
"0.15"	"0.8"	"0.15"	"0.01"	"0.005"	"0.01"	"100000"	"10000"	"200"	"874483239347028488"	20000	"intercept"	0.517449135
"0.15"	"0.8"	"0.15"	"0.01"	"0.005"	"0.01"	"100000"	"10000"	"200"	"874483239347028488"	25000	"slope"	-0.459391115
"0.15"	"0.8"	"0.15"	"0.01"	"0.005"	"0.01"	"100000"	"10000"	"200"	"874483239347028488"	25000	"intercept"	0.55621919
"0.15"	"0.8"	"0.15"	"0.01"	"0.005"	"0.01"	"100000"	"10000"	"200"	"874483239347028488"	30000	"slope"	-0.482716925
"0.15"	"0.8"	"0.15"	"0.01"	"0.005"	"0.01"	"100000"	"10000"	"200"	"874483239347028488"	30000	"intercept"	0.56493123
"0.15"	"0.8"	"0.15"	"0.01"	"0.005"	"0.01"	"100000"	"10000"	"200"	"874483239347028488"	35000	"slope"	-0.49270894
"0.15"	"0.8"	"0.15"	"0.01"	"0.005"	"0.01"	"100000"	"10000"	"200"	"874483239347028488"	35000	"intercept"	0.58416465
"0.15"	"0.8"	"0.15"	"0.01"	"0.005"	"0.01"	"100000"	"10000"	"200"	"874483239347028488"	40000	"slope"	-0.466314635
"0.15"	"0.8"	"0.15"	"0.01"	"0.005"	"0.01"	"100000"	"10000"	"200"	"874483239347028488"	40000	"intercept"	0.562985325
"0.15"	"0.8"	"0.15"	"0.01"	"0.005"	"0.01"	"100000"	"10000"	"200"	"874483239347028488"	45000	"slope"	-0.475498135
"0.15"	"0.8"	"0.15"	"0.01"	"0.005"	"0.01"	"100000"	"10000"	"200"	"874483239347028488"	45000	"intercept"	0.565504855
"0.15"	"0.8"	"0.15"	"0.01"	"0.005"	"0.01"	"100000"	"10000"	"200"	"874483239347028488"	50000	"slope"	-0.47677475
"0.15"	"0.8"	"0.15"	"0.01"	"0.005"	"0.01"	"100000"	"10000"	"200"	"874483239347028488"	50000	"intercept"	0.56992984
"0.15"	"0.8"	"0.15"	"0.01"	"0.005"	"0.01"	"100000"	"10000"	"200"	"874483239347028488"	55000	"slope"	-0.50114295
"0.15"	"0.8"	"0.15"	"0.01"	"0.005"	"0.01"	"100000"	"10000"	"200"	"874483239347028488"	55000	"intercept"	0.58293667
"0.15"	"0.8"	"0.15"	"0.01"	"0.005"	"0.01"	"100000"	"10000"	"200"	"874483239347028488"	60000	"slope"	-0.48171322
"0.15"	"0.8"	"0.15"	"0.01"	"0.005"	"0.01"	"100000"	"10000"	"200"	"874483239347028488"	60000	"intercept"	0.57329086
"0.15"	"0.8"	"0.15"	"0.01"	"0.005"	"0.01"	"100000"	"10000"	"200"	"874483239347028488"	65000	"slope"	-0.477753185
"0.15"	"0.8"	"0.15"	"0.01"	"0.005"	"0.01"	"100000"	"10000"	"200"	"874483239347028488"	65000	"intercept"	0.57434698
"0.15"	"0.8"	"0.15"	"0.01"	"0.005"	"0.01"	"100000"	"10000"	"200"	"874483239347028488"	70000	"slope"	-0.486369095
"0.15"	"0.8"	"0.15"	"0.01"	"0.005"	"0.01"	"100000"	"10000"	"200"	"874483239347028488"	70000	"intercept"	0.565140315
"0.15"	"0.8"	"0.15"	"0.01"	"0.005"	"0.01"	"100000"	"10000"	"200"	"874483239347028488"	75000	"slope"	-0.483397055
"0.15"	"0.8"	"0.15"	"0.01"	"0.005"	"0.01"	"100000"	"10000"	"200"	"874483239347028488"	75000	"intercept"	0.574495565
"0.15"	"0.8"	"0.15"	"0.01"	"0.005"	"0.01"	"100000"	"10000"	"200"	"874483239347028488"	80000	"slope"	-0.52732798
"0.15"	"0.8"	"0.15"	"0.01"	"0.005"	"0.01"	"100000"	"10000"	"200"	"874483239347028488"	80000	"intercept"	0.608483575
"0.15"	"0.8"	"0.15"	"0.01"	"0.005"	"0.01"	"100000"	"10000"	"200"	"874483239347028488"	85000	"slope"	-0.486567805
"0.15"	"0.8"	"0.15"	"0.01"	"0.005"	"0.01"	"100000"	"10000"	"200"	"874483239347028488"	85000	"intercept"	0.577693675
"0.15"	"0.8"	"0.15"	"0.01"	"0.005"	"0.01"	"100000"	"10000"	"200"	"874483239347028488"	90000	"slope"	-0.483790545
"0.15"	"0.8"	"0.15"	"0.01"	"0.005"	"0.01"	"100000"	"10000"	"200"	"874483239347028488"	90000	"intercept"	0.57301492
"0.15"	"0.8"	"0.15"	"0.01"	"0.005"	"0.01"	"100000"	"10000"	"200"	"874483239347028488"	95000	"slope"	-0.487757515
"0.15"	"0.8"	"0.15"	"0.01"	"0.005"	"0.01"	"100000"	"10000"	"200"	"874483239347028488"	95000	"intercept"	0.5768456
"0.15"	"0.8"	"0.15"	"0.01"	"0.005"	"0.01"	"100000"	"10000"	"200"	"874483239347028488"	100000	"slope"	-0.501919545
"0.15"	"0.8"	"0.15"	"0.01"	"0.005"	"0.01"	"100000"	"10000"	"200"	"874483239347028488"	100000	"intercept"	0.583584015
"0.25"	"0.0"	"0.15"	"0.01"	"0.005"	"0.01"	"100000"	"10000"	"200"	"1388737689478155786"	10	"slope"	5.839343e-05
"0.25"	"0.0"	"0.15"	"0.01"	"0.005"	"0.01"	"100000"	"10000"	"200"	"1388737689478155786"	10	"intercept"	0.49983228
"0.25"	"0.0"	"0.15"	"0.01"	"0.005"	"0.01"	"100000"	"10000"	"200"	"1388737689478155786"	5000	"slope"	-0.184141055
"0.25"	"0.0"	"0.15"	"0.01"	"0.005"	"0.01"	"100000"	"10000"	"200"	"1388737689478155786"	5000	"intercept"	0.428458005
"0.25"	"0.0"	"0.15"	"0.01"	"0.005"	"0.01"	"100000"	"10000"	"200"	"1388737689478155786"	10000	"slope"	-0.311368005
"0.25"	"0.0"	"0.15"	"0.01"	"0.005"	"0.01"	"100000"	"10000"	"200"	"1388737689478155786"	10000	"intercept"	0.50100704
"0.25"	"0.0"	"0.15"	"0.01"	"0.005"	"0.01"	"100000"	"10000"	"200"	"1388737689478155786"	15000	"slope"	-0.360813905
"0.25"	"0.0"	"0.15"	"0.01"	"0.005"	"0.01"	"100000"	"10000"	"200"	"1388737689478155786"	15000	"intercept"	0.535588385
"0.25"	"0.0"	"0.15"	"0.01"	"0.005"	"0.01"	"100000"	"10000"	"200"	"1388737689478155786"	20000	"slope"	-0.39816512
"0.25"	"0.0"	"0.15"	"0.01"	"0.005"	"0.01"	"100000"	"10000"	"200"	"1388737689478155786"	20000	"intercept"	0.561388845
"0.25"	"0.0"	"0.15"	"0.01"	"0.005"	"0.01"	"100000"	"10000"	"200"	"1388737689478155786"	25000	"slope"	-0.418813525
"0.25"	"0.0"	"0.15"	"0.01"	"0.005"	"0.01"	"100000"	"10000"	"200"	"1388737689478155786"	25000	"intercept"	0.583804915
"0.25"	"0.0"	"0.15"	"0.01"	"0.005"	"0.01"	"100000"	"10000"	"200"	"1388737689478155786"	30000	"slope"	-0.38280122
"0.25"	"0.0"	"0.15"	"0.01"	"0.005"	"0.01"	"100000"	"10000"	"200"	"1388737689478155786"	30000	"intercept"	0.54739561
"0.25"	"0.0"	"0.15"	"0.01"	"0.005"	"0.01"	"100000"	"10000"	"200"	"1388737689478155786"	35000	"slope"	-0.426732255
"0.25"	"0.0"	"0.15"	"0.01"	"0.005"	"0.01"	"100000"	"10000"	"200"	"1388737689478155786"	35000	"intercept"	0.586899645
"0.25"	"0.0"	"0.15"	"0.01"	"0.005"	"0.01"	"100000"	"10000"	"200"	"1388737689478155786"	40000	"slope"	-0.43106399
"0.25"	"0.0"	"0.15"	"0.01"	"0.005"	"0.01"	"100000"	"10000"	"200"	"1388737689478155786"	40000	"intercept"	0.58545181
"0.25"	"0.0"	"0.15"	"0.01"	"0.005"	"0.01"	"100000"	"10000"	"200"	"1388737689478155786"	45000	"slope"	-0.38591304
"0.25"	"0.0"	"0.15"	"0.01"	"0.005"	"0.01"	"100000"	"10000"	"200"	"1388737689478155786"	45000	"intercept"	0.554400845
"0.25"	"0.0"	"0.15"	"0.01"	"0.005"	"0.01"	"100000"	"10000"	"200"	"1388737689478155786"	50000	"slope"	-0.402558135
"0.25"	"0.0"	"0.15"	"0.01"	"0.005"	"0.01"	"100000"	"10000"	"200"	"1388737689478155786"	50000	"intercept"	0.56170776
"0.25"	"0.0"	"0.15"	"0.01"	"0.005"	"0.01"	"100000"	"10000"	"200"	"1388737689478155786"	55000	"slope"	-0.38046282
"0.25"	"0.0"	"0.15"	"0.01"	"0.005"	"0.01"	"100000"	"10000"	"200"	"1388737689478155786"	55000	"intercept"	0.551268385
"0.25"	"0.0"	"0.15"	"0.01"	"0.005"	"0.01"	"100000"	"10000"	"200"	"1388737689478155786"	60000	"slope"	-0.38832288
"0.25"	"0.0"	"0.15"	"0.01"	"0.005"	"0.01"	"100000"	"10000"	"200"	"1388737689478155786"	60000	"intercept"	0.551586455
"0.25"	"0.0"	"0.15"	"0.01"	"0.005"	"0.01"	"100000"	"10000"	"200"	"1388737689478155786"	65000	"slope"	-0.387751125
"0.25"	"0.0"	"0.15"	"0.01"	"0.005"	"0.01"	"100000"	"10000"	"200"	"1388737689478155786"	65000	"intercept"	0.54835366
"0.25"	"0.0"	"0.15"	"0.01"	"0.005"	"0.01"	"100000"	"10000"	"200"	"1388737689478155786"	70000	"slope"	-0.4096511
"0.25"	"0.0"	"0.15"	"0.01"	"0.005"	"0.01"	"100000"	"10000"	"200"	"1388737689478155786"	70000	"intercept"	0.569120685
"0.25"	"0.0"	"0.15"	"0.01"	"0.005"	"0.01"	"100000"	"10000"	"200"	"1388737689478155786"	75000	"slope"	-0.42540915
"0.25"	"0.0"	"0.15"	"0.01"	"0.005"	"0.01"	"100000"	"10000"	"200"	"1388737689478155786"	75000	"intercept"	0.580767665
"0.25"	"0.0"	"0.15"	"0.01"	"0.005"	"0.01"	"100000"	"10000"	"200"	"1388737689478155786"	80000	"slope"	-0.445647695
"0.25"	"0.0"	"0.15"	"0.01"	"0.005"	"0.01"	"100000"	"10000"	"200"	"1388737689478155786"	80000	"intercept"	0.593504595
"0.25"	"0.0"	"0.15"	"0.01"	"0.005"	"0.01"	"100000"	"10000"	"200"	"1388737689478155786"	85000	"slope"	-0.40730545
"0.25"	"0.0"	"0.15"	"0.01"	"0.005"	"0.01"	"100000"	"10000"	"200"	"1388737689478155786"	85000	"intercept"	0.57098305
"0.25"	"0.0"	"0.15"	"0.01"	"0.005"	"0.01"	"100000"	"10000"	"200"	"1388737689478155786"	90000	"slope"	-0.419709005
"0.25"	"0.0"	"0.15"	"0.01"	"0.005"	"0.01"	"100000"	"10000"	"200"	"1388737689478155786"	90000	"intercept"	0.57607359
"0.25"	"0.0"	"0.15"	"0.01"	"0.005"	"0.01"	"100000"	"10000"	"200"	"1388737689478155786"	95000	"slope"	-0.38397909
"0.25"	"0.0"	"0.15"	"0.01"	"0.005"	"0.01"	"100000"	"10000"	"200"	"1388737689478155786"	95000	"intercept"	0.547267625
"0.25"	"0.0"	"0.15"	"0.01"	"0.005"	"0.01"	"100000"	"10000"	"200"	"1388737689478155786"	100000	"slope"	-0.392422545
"0.25"	"0.0"	"0.15"	"0.01"	"0.005"	"0.01"	"100000"	"10000"	"200"	"1388737689478155786"	100000	"intercept"	0.554455645
"0.25"	"0.0"	"0.15"	"0.01"	"0.005"	"0.01"	"100000"	"10000"	"200"	"1985816542887612806"	10	"slope"	-0.000103186425
"0.25"	"0.0"	"0.15"	"0.01"	"0.005"	"0.01"	"100000"	"10000"	"200"	"1985816542887612806"	10	"intercept"	0.500016935
"0.25"	"0.0"	"0.15"	"0.01"	"0.005"	"0.01"	"100000"	"10000"	"200"	"1985816542887612806"	5000	"slope"	-0.16357304
"0.25"	"0.0"	"0.15"	"0.01"	"0.005"	"0.01"	"100000"	"10000"	"200"	"1985816542887612806"	5000	"intercept"	0.41720712
"0.25"	"0.0"	"0.15"	"0.01"	"0.005"	"0.01"	"100000"	"10000"	"200"	"1985816542887612806"	10000	"slope"	-0.24194531
"0.25"	"0.0"	"0.15"	"0.01"	"0.005"	"0.01"	"100000"	"10000"	"200"	"1985816542887612806"	10000	"intercept"	0.461791865
"0.25"	"0.0"	"0.15"	"0.01"	"0.005"	"0.01"	"100000"	"10000"	"200"	"1985816542887612806"	15000	"slope"	-0.32060959
"0.25"	"0.0"	"0.15"	"0.01"	"0.005"	"0.01"	"100000"	"10000"	"200"	"1985816542887612806"	15000	"intercept"	0.51100345
"0.25"	"0.0"	"0.15"	"0.01"	"0.005"	"0.01"	"100000"	"10000"	"200"	"1985816542887612806"	20000	"slope"	-0.3735824
"0.25"	"0.0"	"0.15"	"0.01"	"0.005"	"0.01"	"100000"	"10000"	"200"	"1985816542887612806"	20000	"intercept"	0.545844475
"0.25"	"0.0"	"0.15"	"0.01"	"0.005"	"0.01"	"100000"	"10000"	"200"	"1985816542887612806"	25000	"slope"	-0.37799199
"0.25"	"0.0"	"0.15"	"0.01"	"0.005"	"0.01"	"100000"	"10000"	"200"	"1985816542887612806"	25000	"intercept"	0.54964451
"0.25"	"0.0"	"0.15"	"0.01"	"0.005"	"0.01"	"100000"	"10000"	"200"	"1985816542887612806"	30000	"slope"	-0.413223825
"0.25"	"0.0"	"0.15"	"0.01"	"0.005"	"0.01"	"100000"	"10000"	"200"	"1985816542887612806"	30000	"intercept"	0.57374308
"0.25"	"0.0"	"0.15"	"0.01"	"0.005"	"0.01"	"100000"	"10000"	"200"	"1985816542887612806"	35000	"slope"	-0.400574885
"0.25"	"0.0"	"0.15"	"0.01"	"0.005"	"0.01"	"100000"	"10000"	"200"	"1985816542887612806"	35000	"intercept"	0.56376423
"0.25"	"0.0"	"0.15"	"0.01"	"0.005"	"0.01"	"100000"	"10000"	"200"	"1985816542887612806"	40000	"slope"	-0.39064025
"0.25"	"0.0"	"0.15"	"0.01"	"0.005"	"0.01"	"100000"	"10000"	"200"	"1985816542887612806"	40000	"intercept"	0.554161035
"0.25"	"0.0"	"0.15"	"0.01"	"0.005"	"0.01"	"100000"	"10000"	"200"	"1985816542887612806"	45000	"slope"	-0.394987865
"0.25"	"0.0"	"0.15"	"0.01"	"0.005"	"0.01"	"100000"	"10000"	"200"	"1985816542887612806"	45000	"intercept"	0.558842115
"0.25"	"0.0"	"0.15"	"0.01"	"0.005"	"0.01"	"100000"	"10000"	"200"	"1985816542887612806"	50000	"slope"	-0.387518515
"0.25"	"0.0"	"0.15"	"0.01"	"0.005"	"0.01"	"100000"	"10000"	"200"	"1985816542887612806"	50000	"intercept"	0.5571982
"0.25"	"0.0"	"0.15"	"0.01"	"0.005"	"0.01"	"100000"	"10000"	"200"	"1985816542887612806"	55000	"slope"	-0.384454255
"0.25"	"0.0"	"0.15"	"0.01"	"0.005"	"0.01"	"100000"	"10000"	"200"	"1985816542887612806"	55000	"intercept"	0.554036375
"0.25"	"0.0"	"0.15"	"0.01"	"0.005"	"0.01"	"100000"	"10000"	"200"	"1985816542887612806"	60000	"slope"	-0.394027945
"0.25"	"0.0"	"0.15"	"0.01"	"0.005"	"0.01"	"100000"	"10000"	"200"	"1985816542887612806"	60000	"intercept"	0.555104955
"0.25"	"0.0"	"0.15"	"0.01"	"0.005"	"0.01"	"100000"	"10000"	"200"	"1985816542887612806"	65000	"slope"	-0.402695255
"0.25"	"0.0"	"0.15"	"0.01"	"0.005"	"0.01"	"100000"	"10000"	"200"	"1985816542887612806"	65000	"intercept"	0.56326515
"0.25"	"0.0"	"0.15"	"0.01"	"0.005"	"0.01"	"100000"	"10000"	"200"	"1985816542887612806"	70000	"slope"	-0.43266408
"0.25"	"0.0"	"0.15"	"0.01"	"0.005"	"0.01"	"100000"	"10000"	"200"	"1985816542887612806"	70000	"intercept"	0.585878225
"0.25"	"0.0"	"0.15"	"0.01"	"0.005"	"0.01"	"100000"	"10000"	"200"	"1985816542887612806"	75000	"slope"	-0.439113265
"0.25"	"0.0"	"0.15"	"0.01"	"0.005"	"0.01"	"100000"	"10000"	"200"	"1985816542887612806"	75000	"intercept"	0.5941872
"0.25"	"0.0"	"0.15"	"0.01"	"0.005"	"0.01"	"100000"	"10000"	"200"	"1985816542887612806"	80000	"slope"	-0.451211045
"0.25"	"0.0"	"0.15"	"0.01"	"0.005"	"0.01"	"100000"	"10000"	"200"	"1985816542887612806"	80000	"intercept"	0.594076345
"0.25"	"0.0"	"0.15"	"0.01"	"0.005"	"0.01"	"100000"	"10000"	"200"	"1985816542887612806"	85000	"slope"	-0.43619646
"0.25"	"0.0"	"0.15"	"0.01"	"0.005"	"0.01"	"100000"	"10000"	"200"	"1985816542887612806"	85000	"intercept"	0.58430907
"0.25"	"0.0"	"0.15"	"0.01"	"0.005"	"0.01"	"100000"	"10000"	"200"	"1985816542887612806"	90000	"slope"	-0.453033475
"0.25"	"0.0"	"0.15"	"0.01"	"0.005"	"0.01"	"100000"	"10000"	"200"	"1985816542887612806"	90000	"intercept"	0.599125455
"0.25"	"0.0"	"0.15"	"0.01"	"0.005"	"0.01"	"100000"	"10000"	"200"	"1985816542887612806"	95000	"slope"	-0.42251018
"0.25"	"0.0"	"0.15"	"0.01"	"0.005"	"0.01"	"100000"	"10000"	"200"	"1985816542887612806"	95000	"intercept"	0.574774105
"0.25"	"0.0"	"0.15"	"0.01"	"0.005"	"0.01"	"100000"	"10000"	"200"	"1985816542887612806"	100000	"slope"	-0.41056525
"0.25"	"0.0"	"0.15"	"0.01"	"0.005"	"0.01"	"100000"	"10000"	"200"	"1985816542887612806"	100000	"intercept"	0.57691794
"0.25"	"0.0"	"0.15"	"0.01"	"0.005"	"0.01"	"100000"	"10000"	"200"	"3590664158051967813"	10	"slope"	-0.000174285065
"0.25"	"0.0"	"0.15"	"0.01"	"0.005"	"0.01"	"100000"	"10000"	"200"	"3590664158051967813"	10	"intercept"	0.49997691
"0.25"	"0.0"	"0.15"	"0.01"	"0.005"	"0.01"	"100000"	"10000"	"200"	"3590664158051967813"	5000	"slope"	-0.1320231985
"0.25"	"0.0"	"0.15"	"0.01"	"0.005"	"0.01"	"100000"	"10000"	"200"	"3590664158051967813"	5000	"intercept"	0.395661105
"0.25"	"0.0"	"0.15"	"0.01"	"0.005"	"0.01"	"100000"	"10000"	"200"	"3590664158051967813"	10000	"slope"	-0.23382384
"0.25"	"0.0"	"0.15"	"0.01"	"0.005"	"0.01"	"100000"	"10000"	"200"	"3590664158051967813"	10000	"intercept"	0.46173481
"0.25"	"0.0"	"0.15"	"0.01"	"0.005"	"0.01"	"100000"	"10000"	"200"	"3590664158051967813"	15000	"slope"	-0.317244565
"0.25"	"0.0"	"0.15"	"0.01"	"0.005"	"0.01"	"100000"	"10000"	"200"	"3590664158051967813"	15000	"intercept"	0.507737235
"0.25"	"0.0"	"0.15"	"0.01"	"0.005"	"0.01"	"100000"	"10000"	"200"	"3590664158051967813"	20000	"slope"	-0.37855371
"0.25"	"0.0"	"0.15"	"0.01"	"0.005"	"0.01"	"100000"	"10000"	"200"	"3590664158051967813"	20000	"intercept"	0.54458634
"0.25"	"0.0"	"0.15"	"0.01"	"0.005"	"0.01"	"100000"	"10000"	"200"	"3590664158051967813"	25000	"slope"	-0.402222055
"0.25"	"0.0"	"0.15"	"0.01"	"0.005"	"0.01"	"100000"	"10000"	"200"	"3590664158051967813"	25000	"intercept"	0.5592398
"0.25"	"0.0"	"0.15"	"0.01"	"0.005"	"0.01"	"100000"	"10000"	"200"	"3590664158051967813"	30000	"slope"	-0.419156835
"0.25"	"0.0"	"0.15"	"0.01"	"0.005"	"0.01"	"100000"	"10000"	"200"	"3590664158051967813"	30000	"intercept"	0.58219602
"0.25"	"0.0"	"0.15"	"0.01"	"0.005"	"0.01"	"100000"	"10000"	"200"	"3590664158051967813"	35000	"slope"	-0.41348175
"0.25"	"0.0"	"0.15"	"0.01"	"0.005"	"0.01"	"100000"	"10000"	"200"	"3590664158051967813"	35000	"intercept"	0.57992343
"0.25"	"0.0"	"0.15"	"0.01"	"0.005"	"0.01"	"100000"	"10000"	"200"	"3590664158051967813"	40000	"slope"	-0.3871025
"0.25"	"0.0"	"0.15"	"0.01"	"0.005"	"0.01"	"100000"	"10000"	"200"	"3590664158051967813"	40000	"intercept"	0.554910775
"0.25"	"0.0"	"0.15"	"0.01"	"0.005"	"0.01"	"100000"	"10000"	"200"	"3590664158051967813"	45000	"slope"	-0.38231731
"0.25"	"0.0"	"0.15"	"0.01"	"0.005"	"0.01"	"100000"	"10000"	"200"	"3590664158051967813"	45000	"intercept"	0.550481925
"0.25"	"0.0"	"0.15"	"0.01"	"0.005"	"0.01"	"100000"	"10000"	"200"	"3590664158051967813"	50000	"slope"	-0.38041959
"0.25"	"0.0"	"0.15"	"0.01"	"0.005"	"0.01"	"100000"	"10000"	"200"	"3590664158051967813"	50000	"intercept"	0.548115985
"0.25"	"0.0"	"0.15"	"0.01"	"0.005"	"0.01"	"100000"	"10000"	"200"	"3590664158051967813"	55000	"slope"	-0.413525505
"0.25"	"0.0"	"0.15"	"0.01"	"0.005"	"0.01"	"100000"	"10000"	"200"	"3590664158051967813"	55000	"intercept"	0.573462245
"0.25"	"0.0"	"0.15"	"0.01"	"0.005"	"0.01"	"100000"	"10000"	"200"	"3590664158051967813"	60000	"slope"	-0.369036835
"0.25"	"0.0"	"0.15"	"0.01"	"0.005"	"0.01"	"100000"	"10000"	"200"	"3590664158051967813"	60000	"intercept"	0.542596195
"0.25"	"0.0"	"0.15"	"0.01"	"0.005"	"0.01"	"100000"	"10000"	"200"	"3590664158051967813"	65000	"slope"	-0.40963882
"0.25"	"0.0"	"0.15"	"0.01"	"0.005"	"0.01"	"100000"	"10000"	"200"	"3590664158051967813"	65000	"intercept"	0.56601737
"0.25"	"0.0"	"0.15"	"0.01"	"0.005"	"0.01"	"100000"	"10000"	"200"	"3590664158051967813"	70000	"slope"	-0.40925952
"0.25"	"0.0"	"0.15"	"0.01"	"0.005"	"0.01"	"100000"	"10000"	"200"	"3590664158051967813"	70000	"intercept"	0.56137411
"0.25"	"0.0"	"0.15"	"0.01"	"0.005"	"0.01"	"100000"	"10000"	"200"	"3590664158051967813"	75000	"slope"	-0.393384485
"0.25"	"0.0"	"0.15"	"0.01"	"0.005"	"0.01"	"100000"	"10000"	"200"	"3590664158051967813"	75000	"intercept"	0.557599025
"0.25"	"0.0"	"0.15"	"0.01"	"0.005"	"0.01"	"100000"	"10000"	"200"	"3590664158051967813"	80000	"slope"	-0.421855415
"0.25"	"0.0"	"0.15"	"0.01"	"0.005"	"0.01"	"100000"	"10000"	"200"	"3590664158051967813"	80000	"intercept"	0.572781025
"0.25"	"0.0"	"0.15"	"0.01"	"0.005"	"0.01"	"100000"	"10000"	"200"	"3590664158051967813"	85000	"slope"	-0.41153128
"0.25"	"0.0"	"0.15"	"0.01"	"0.005"	"0.01"	"100000"	"10000"	"200"	"3590664158051967813"	85000	"intercept"	0.57068716
"0.25"	"0.0"	"0.15"	"0.01"	"0.005"	"0.01"	"100000"	"10000"	"200"	"3590664158051967813"	90000	"slope"	-0.385809025
"0.25"	"0.0"	"0.15"	"0.01"	"0.005"	"0.01"	"100000"	"10000"	"200"	"3590664158051967813"	90000	"intercept"	0.54905643
"0.25"	"0.0"	"0.15"	"0.01"	"0.005"	"0.01"	"100000"	"10000"	"200"	"3590664158051967813"	95000	"slope"	-0.3751738
"0.25"	"0.0"	"0.15"	"0.01"	"0.005"	"0.01"	"100000"	"10000"	"200"	"3590664158051967813"	95000	"intercept"	0.54051818
"0.25"	"0.0"	"0.15"	"0.01"	"0.005"	"0.01"	"100000"	"10000"	"200"	"3590664158051967813"	100000	"slope"	-0.37306119
"0.25"	"0.0"	"0.15"	"0.01"	"0.005"	"0.01"	"100000"	"10000"	"200"	"3590664158051967813"	100000	"intercept"	0.540625265
"0.25"	"0.4"	"0.15"	"0.01"	"0.005"	"0.01"	"100000"	"10000"	"200"	"1913644425954036601"	10	"slope"	3.3809073565e-05
"0.25"	"0.4"	"0.15"	"0.01"	"0.005"	"0.01"	"100000"	"10000"	"200"	"1913644425954036601"	10	"intercept"	0.49999596
"0.25"	"0.4"	"0.15"	"0.01"	"0.005"	"0.01"	"100000"	"10000"	"200"	"1913644425954036601"	5000	"slope"	-0.18583426
"0.25"	"0.4"	"0.15"	"0.01"	"0.005"	"0.01"	"100000"	"10000"	"200"	"1913644425954036601"	5000	"intercept"	0.39697483
"0.25"	"0.4"	"0.15"	"0.01"	"0.005"	"0.01"	"100000"	"10000"	"200"	"1913644425954036601"	10000	"slope"	-0.29194753
"0.25"	"0.4"	"0.15"	"0.01"	"0.005"	"0.01"	"100000"	"10000"	"200"	"1913644425954036601"	10000	"intercept"	0.47277974
"0.25"	"0.4"	"0.15"	"0.01"	"0.005"	"0.01"	"100000"	"10000"	"200"	"1913644425954036601"	15000	"slope"	-0.356612375
"0.25"	"0.4"	"0.15"	"0.01"	"0.005"	"0.01"	"100000"	"10000"	"200"	"1913644425954036601"	15000	"intercept"	0.514622895
"0.25"	"0.4"	"0.15"	"0.01"	"0.005"	"0.01"	"100000"	"10000"	"200"	"1913644425954036601"	20000	"slope"	-0.427263635
"0.25"	"0.4"	"0.15"	"0.01"	"0.005"	"0.01"	"100000"	"10000"	"200"	"1913644425954036601"	20000	"intercept"	0.556599375
"0.25"	"0.4"	"0.15"	"0.01"	"0.005"	"0.01"	"100000"	"10000"	"200"	"1913644425954036601"	25000	"slope"	-0.448709965
"0.25"	"0.4"	"0.15"	"0.01"	"0.005"	"0.01"	"100000"	"10000"	"200"	"1913644425954036601"	25000	"intercept"	0.578108325
"0.25"	"0.4"	"0.15"	"0.01"	"0.005"	"0.01"	"100000"	"10000"	"200"	"1913644425954036601"	30000	"slope"	-0.435896865
"0.25"	"0.4"	"0.15"	"0.01"	"0.005"	"0.01"	"100000"	"10000"	"200"	"1913644425954036601"	30000	"intercept"	0.56405928
"0.25"	"0.4"	"0.15"	"0.01"	"0.005"	"0.01"	"100000"	"10000"	"200"	"1913644425954036601"	35000	"slope"	-0.44928734
"0.25"	"0.4"	"0.15"	"0.01"	"0.005"	"0.01"	"100000"	"10000"	"200"	"1913644425954036601"	35000	"intercept"	0.573223045
"0.25"	"0.4"	"0.15"	"0.01"	"0.005"	"0.01"	"100000"	"10000"	"200"	"1913644425954036601"	40000	"slope"	-0.454311705
"0.25"	"0.4"	"0.15"	"0.01"	"0.005"	"0.01"	"100000"	"10000"	"200"	"1913644425954036601"	40000	"intercept"	0.58174848
"0.25"	"0.4"	"0.15"	"0.01"	"0.005"	"0.01"	"100000"	"10000"	"200"	"1913644425954036601"	45000	"slope"	-0.48278597
"0.25"	"0.4"	"0.15"	"0.01"	"0.005"	"0.01"	"100000"	"10000"	"200"	"1913644425954036601"	45000	"intercept"	0.60273898
"0.25"	"0.4"	"0.15"	"0.01"	"0.005"	"0.01"	"100000"	"10000"	"200"	"1913644425954036601"	50000	"slope"	-0.449621125
"0.25"	"0.4"	"0.15"	"0.01"	"0.005"	"0.01"	"100000"	"10000"	"200"	"1913644425954036601"	50000	"intercept"	0.58499307
"0.25"	"0.4"	"0.15"	"0.01"	"0.005"	"0.01"	"100000"	"10000"	"200"	"1913644425954036601"	55000	"slope"	-0.478678615
"0.25"	"0.4"	"0.15"	"0.01"	"0.005"	"0.01"	"100000"	"10000"	"200"	"1913644425954036601"	55000	"intercept"	0.599601635
"0.25"	"0.4"	"0.15"	"0.01"	"0.005"	"0.01"	"100000"	"10000"	"200"	"1913644425954036601"	60000	"slope"	-0.481788015
"0.25"	"0.4"	"0.15"	"0.01"	"0.005"	"0.01"	"100000"	"10000"	"200"	"1913644425954036601"	60000	"intercept"	0.600236885
"0.25"	"0.4"	"0.15"	"0.01"	"0.005"	"0.01"	"100000"	"10000"	"200"	"1913644425954036601"	65000	"slope"	-0.48824024
"0.25"	"0.4"	"0.15"	"0.01"	"0.005"	"0.01"	"100000"	"10000"	"200"	"1913644425954036601"	65000	"intercept"	0.605005545
"0.25"	"0.4"	"0.15"	"0.01"	"0.005"	"0.01"	"100000"	"10000"	"200"	"1913644425954036601"	70000	"slope"	-0.477383595
"0.25"	"0.4"	"0.15"	"0.01"	"0.005"	"0.01"	"100000"	"10000"	"200"	"1913644425954036601"	70000	"intercept"	0.59883093
"0.25"	"0.4"	"0.15"	"0.01"	"0.005"	"0.01"	"100000"	"10000"	"200"	"1913644425954036601"	75000	"slope"	-0.46245793
"0.25"	"0.4"	"0.15"	"0.01"	"0.005"	"0.01"	"100000"	"10000"	"200"	"1913644425954036601"	75000	"intercept"	0.593438945
"0.25"	"0.4"	"0.15"	"0.01"	"0.005"	"0.01"	"100000"	"10000"	"200"	"1913644425954036601"	80000	"slope"	-0.47271084
"0.25"	"0.4"	"0.15"	"0.01"	"0.005"	"0.01"	"100000"	"10000"	"200"	"1913644425954036601"	80000	"intercept"	0.598406315
"0.25"	"0.4"	"0.15"	"0.01"	"0.005"	"0.01"	"100000"	"10000"	"200"	"1913644425954036601"	85000	"slope"	-0.45241358
"0.25"	"0.4"	"0.15"	"0.01"	"0.005"	"0.01"	"100000"	"10000"	"200"	"1913644425954036601"	85000	"intercept"	0.57219395
"0.25"	"0.4"	"0.15"	"0.01"	"0.005"	"0.01"	"100000"	"10000"	"200"	"1913644425954036601"	90000	"slope"	-0.43437259
"0.25"	"0.4"	"0.15"	"0.01"	"0.005"	"0.01"	"100000"	"10000"	"200"	"1913644425954036601"	90000	"intercept"	0.559382765
"0.25"	"0.4"	"0.15"	"0.01"	"0.005"	"0.01"	"100000"	"10000"	"200"	"1913644425954036601"	95000	"slope"	-0.44143338
"0.25"	"0.4"	"0.15"	"0.01"	"0.005"	"0.01"	"100000"	"10000"	"200"	"1913644425954036601"	95000	"intercept"	0.575232295
"0.25"	"0.4"	"0.15"	"0.01"	"0.005"	"0.01"	"100000"	"10000"	"200"	"1913644425954036601"	100000	"slope"	-0.44338753
"0.25"	"0.4"	"0.15"	"0.01"	"0.005"	"0.01"	"100000"	"10000"	"200"	"1913644425954036601"	100000	"intercept"	0.57244571
"0.25"	"0.4"	"0.15"	"0.01"	"0.005"	"0.01"	"100000"	"10000"	"200"	"2995143710120320705"	10	"slope"	0.00025594276
"0.25"	"0.4"	"0.15"	"0.01"	"0.005"	"0.01"	"100000"	"10000"	"200"	"2995143710120320705"	10	"intercept"	0.4998602
"0.25"	"0.4"	"0.15"	"0.01"	"0.005"	"0.01"	"100000"	"10000"	"200"	"2995143710120320705"	5000	"slope"	-0.158483475
"0.25"	"0.4"	"0.15"	"0.01"	"0.005"	"0.01"	"100000"	"10000"	"200"	"2995143710120320705"	5000	"intercept"	0.389664
"0.25"	"0.4"	"0.15"	"0.01"	"0.005"	"0.01"	"100000"	"10000"	"200"	"2995143710120320705"	10000	"slope"	-0.25716095
"0.25"	"0.4"	"0.15"	"0.01"	"0.005"	"0.01"	"100000"	"10000"	"200"	"2995143710120320705"	10000	"intercept"	0.460837585
"0.25"	"0.4"	"0.15"	"0.01"	"0.005"	"0.01"	"100000"	"10000"	"200"	"2995143710120320705"	15000	"slope"	-0.370150075
"0.25"	"0.4"	"0.15"	"0.01"	"0.005"	"0.01"	"100000"	"10000"	"200"	"2995143710120320705"	15000	"intercept"	0.525079505
"0.25"	"0.4"	"0.15"	"0.01"	"0.005"	"0.01"	"100000"	"10000"	"200"	"2995143710120320705"	20000	"slope"	-0.422093175
"0.25"	"0.4"	"0.15"	"0.01"	"0.005"	"0.01"	"100000"	"10000"	"200"	"2995143710120320705"	20000	"intercept"	0.55195985
"0.25"	"0.4"	"0.15"	"0.01"	"0.005"	"0.01"	"100000"	"10000"	"200"	"2995143710120320705"	25000	"slope"	-0.46197014
"0.25"	"0.4"	"0.15"	"0.01"	"0.005"	"0.01"	"100000"	"10000"	"200"	"2995143710120320705"	25000	"intercept"	0.584094125
"0.25"	"0.4"	"0.15"	"0.01"	"0.005"	"0.01"	"100000"	"10000"	"200"	"2995143710120320705"	30000	"slope"	-0.462546205
"0.25"	"0.4"	"0.15"	"0.01"	"0.005"	"0.01"	"100000"	"10000"	"200"	"2995143710120320705"	30000	"intercept"	0.57418071
"0.25"	"0.4"	"0.15"	"0.01"	"0.005"	"0.01"	"100000"	"10000"	"200"	"2995143710120320705"	35000	"slope"	-0.444909645
"0.25"	"0.4"	"0.15"	"0.01"	"0.005"	"0.01"	"100000"	"10000"	"200"	"2995143710120320705"	35000	"intercept"	0.56925117
"0.25"	"0.4"	"0.15"	"0.01"	"0.005"	"0.01"	"100000"	"10000"	"200"	"2995143710120320705"	40000	"slope"	-0.454580595
"0.25"	"0.4"	"0.15"	"0.01"	"0.005"	"0.01"	"100000"	"10000"	"200"	"2995143710120320705"	40000	"intercept"	0.58416197
"0.25"	"0.4"	"0.15"	"0.01"	"0.005"	"0.01"	"100000"	"10000"	"200"	"2995143710120320705"	45000	"slope"	-0.45111796
"0.25"	"0.4"	"0.15"	"0.01"	"0.005"	"0.01"	"100000"	"10000"	"200"	"2995143710120320705"	45000	"intercept"	0.578754385
"0.25"	"0.4"	"0.15"	"0.01"	"0.005"	"0.01"	"100000"	"10000"	"200"	"2995143710120320705"	50000	"slope"	-0.438888995
"0.25"	"0.4"	"0.15"	"0.01"	"0.005"	"0.01"	"100000"	"10000"	"200"	"2995143710120320705"	50000	"intercept"	0.567651815
"0.25"	"0.4"	"0.15"	"0.01"	"0.005"	"0.01"	"100000"	"10000"	"200"	"2995143710120320705"	55000	"slope"	-0.44267206
"0.25"	"0.4"	"0.15"	"0.01"	"0.005"	"0.01"	"100000"	"10000"	"200"	"2995143710120320705"	55000	"intercept"	0.570440015
"0.25"	"0.4"	"0.15"	"0.01"	"0.005"	"0.01"	"100000"	"10000"	"200"	"2995143710120320705"	60000	"slope"	-0.440528895
"0.25"	"0.4"	"0.15"	"0.01"	"0.005"	"0.01"	"100000"	"10000"	"200"	"2995143710120320705"	60000	"intercept"	0.564979975
"0.25"	"0.4"	"0.15"	"0.01"	"0.005"	"0.01"	"100000"	"10000"	"200"	"2995143710120320705"	65000	"slope"	-0.419047005
"0.25"	"0.4"	"0.15"	"0.01"	"0.005"	"0.01"	"100000"	"10000"	"200"	"2995143710120320705"	65000	"intercept"	0.55930719
"0.25"	"0.4"	"0.15"	"0.01"	"0.005"	"0.01"	"100000"	"10000"	"200"	"2995143710120320705"	70000	"slope"	-0.45703826
"0.25"	"0.4"	"0.15"	"0.01"	"0.005"	"0.01"	"100000"	"10000"	"200"	"2995143710120320705"	70000	"intercept"	0.58795012
"0.25"	"0.4"	"0.15"	"0.01"	"0.005"	"0.01"	"100000"	"10000"	"200"	"2995143710120320705"	75000	"slope"	-0.47806468
"0.25"	"0.4"	"0.15"	"0.01"	"0.005"	"0.01"	"100000"	"10000"	"200"	"2995143710120320705"	75000	"intercept"	0.60315738
"0.25"	"0.4"	"0.15"	"0.01"	"0.005"	"0.01"	"100000"	"10000"	"200"	"2995143710120320705"	80000	"slope"	-0.469995025
"0.25"	"0.4"	"0.15"	"0.01"	"0.005"	"0.01"	"100000"	"10000"	"200"	"2995143710120320705"	80000	"intercept"	0.58921293
"0.25"	"0.4"	"0.15"	"0.01"	"0.005"	"0.01"	"100000"	"10000"	"200"	"2995143710120320705"	85000	"slope"	-0.468067495
"0.25"	"0.4"	"0.15"	"0.01"	"0.005"	"0.01"	"100000"	"10000"	"200"	"2995143710120320705"	85000	"intercept"	0.594138715
"0.25"	"0.4"	"0.15"	"0.01"	"0.005"	"0.01"	"100000"	"10000"	"200"	"2995143710120320705"	90000	"slope"	-0.453338535
"0.25"	"0.4"	"0.15"	"0.01"	"0.005"	"0.01"	"100000"	"10000"	"200"	"2995143710120320705"	90000	"intercept"	0.577811655
"0.25"	"0.4"	"0.15"	"0.01"	"0.005"	"0.01"	"100000"	"10000"	"200"	"2995143710120320705"	95000	"slope"	-0.45999735
"0.25"	"0.4"	"0.15"	"0.01"	"0.005"	"0.01"	"100000"	"10000"	"200"	"2995143710120320705"	95000	"intercept"	0.58575512
"0.25"	"0.4"	"0.15"	"0.01"	"0.005"	"0.01"	"100000"	"10000"	"200"	"2995143710120320705"	100000	"slope"	-0.452859545
"0.25"	"0.4"	"0.15"	"0.01"	"0.005"	"0.01"	"100000"	"10000"	"200"	"2995143710120320705"	100000	"intercept"	0.577542355
"0.25"	"0.4"	"0.15"	"0.01"	"0.005"	"0.01"	"100000"	"10000"	"200"	"6539875789279630242"	10	"slope"	1.3988524e-05
"0.25"	"0.4"	"0.15"	"0.01"	"0.005"	"0.01"	"100000"	"10000"	"200"	"6539875789279630242"	10	"intercept"	0.50007478
"0.25"	"0.4"	"0.15"	"0.01"	"0.005"	"0.01"	"100000"	"10000"	"200"	"6539875789279630242"	5000	"slope"	-0.2186520425
"0.25"	"0.4"	"0.15"	"0.01"	"0.005"	"0.01"	"100000"	"10000"	"200"	"6539875789279630242"	5000	"intercept"	0.4198959
"0.25"	"0.4"	"0.15"	"0.01"	"0.005"	"0.01"	"100000"	"10000"	"200"	"6539875789279630242"	10000	"slope"	-0.28300868
"0.25"	"0.4"	"0.15"	"0.01"	"0.005"	"0.01"	"100000"	"10000"	"200"	"6539875789279630242"	10000	"intercept"	0.472208925
"0.25"	"0.4"	"0.15"	"0.01"	"0.005"	"0.01"	"100000"	"10000"	"200"	"6539875789279630242"	15000	"slope"	-0.33994102
"0.25"	"0.4"	"0.15"	"0.01"	"0.005"	"0.01"	"100000"	"10000"	"200"	"6539875789279630242"	15000	"intercept"	0.504941585
"0.25"	"0.4"	"0.15"	"0.01"	"0.005"	"0.01"	"100000"	"10000"	"200"	"6539875789279630242"	20000	"slope"	-0.38806038
"0.25"	"0.4"	"0.15"	"0.01"	"0.005"	"0.01"	"100000"	"10000"	"200"	"6539875789279630242"	20000	"intercept"	0.527959635
"0.25"	"0.4"	"0.15"	"0.01"	"0.005"	"0.01"	"100000"	"10000"	"200"	"6539875789279630242"	25000	"slope"	-0.43755926
"0.25"	"0.4"	"0.15"	"0.01"	"0.005"	"0.01"	"100000"	"10000"	"200"	"6539875789279630242"	25000	"intercept"	0.55713623
"0.25"	"0.4"	"0.15"	"0.01"	"0.005"	"0.01"	"100000"	"10000"	"200"	"6539875789279630242"	30000	"slope"	-0.466279165
"0.25"	"0.4"	"0.15"	"0.01"	"0.005"	"0.01"	"100000"	"10000"	"200"	"6539875789279630242"	30000	"intercept"	0.590591895
"0.25"	"0.4"	"0.15"	"0.01"	"0.005"	"0.01"	"100000"	"10000"	"200"	"6539875789279630242"	35000	"slope"	-0.481883915
"0.25"	"0.4"	"0.15"	"0.01"	"0.005"	"0.01"	"100000"	"10000"	"200"	"6539875789279630242"	35000	"intercept"	0.598659685
"0.25"	"0.4"	"0.15"	"0.01"	"0.005"	"0.01"	"100000"	"10000"	"200"	"6539875789279630242"	40000	"slope"	-0.463027825
"0.25"	"0.4"	"0.15"	"0.01"	"0.005"	"0.01"	"100000"	"10000"	"200"	"6539875789279630242"	40000	"intercept"	0.57648445
"0.25"	"0.4"	"0.15"	"0.01"	"0.005"	"0.01"	"100000"	"10000"	"200"	"6539875789279630242"	45000	"slope"	-0.4585834
"0.25"	"0.4"	"0.15"	"0.01"	"0.005"	"0.01"	"100000"	"10000"	"200"	"6539875789279630242"	45000	"intercept"	0.58141185
"0.25"	"0.4"	"0.15"	"0.01"	"0.005"	"0.01"	"100000"	"10000"	"200"	"6539875789279630242"	50000	"slope"	-0.44503713
"0.25"	"0.4"	"0.15"	"0.01"	"0.005"	"0.01"	"100000"	"10000"	"200"	"6539875789279630242"	50000	"intercept"	0.578617845
"0.25"	"0.4"	"0.15"	"0.01"	"0.005"	"0.01"	"100000"	"10000"	"200"	"6539875789279630242"	55000	"slope"	-0.49418788
"0.25"	"0.4"	"0.15"	"0.01"	"0.005"	"0.01"	"100000"	"10000"	"200"	"6539875789279630242"	55000	"intercept"	0.613300155
"0.25"	"0.4"	"0.15"	"0.01"	"0.005"	"0.01"	"100000"	"10000"	"200"	"6539875789279630242"	60000	"slope"	-0.469189335
"0.25"	"0.4"	"0.15"	"0.01"	"0.005"	"0.01"	"100000"	"10000"	"200"	"6539875789279630242"	60000	"intercept"	0.59435383
"0.25"	"0.4"	"0.15"	"0.01"	"0.005"	"0.01"	"100000"	"10000"	"200"	"6539875789279630242"	65000	"slope"	-0.420500305
"0.25"	"0.4"	"0.15"	"0.01"	"0.005"	"0.01"	"100000"	"10000"	"200"	"6539875789279630242"	65000	"intercept"	0.553243705
"0.25"	"0.4"	"0.15"	"0.01"	"0.005"	"0.01"	"100000"	"10000"	"200"	"6539875789279630242"	70000	"slope"	-0.405218735
"0.25"	"0.4"	"0.15"	"0.01"	"0.005"	"0.01"	"100000"	"10000"	"200"	"6539875789279630242"	70000	"intercept"	0.549944445
"0.25"	"0.4"	"0.15"	"0.01"	"0.005"	"0.01"	"100000"	"10000"	"200"	"6539875789279630242"	75000	"slope"	-0.429930965
"0.25"	"0.4"	"0.15"	"0.01"	"0.005"	"0.01"	"100000"	"10000"	"200"	"6539875789279630242"	75000	"intercept"	0.563435445
"0.25"	"0.4"	"0.15"	"0.01"	"0.005"	"0.01"	"100000"	"10000"	"200"	"6539875789279630242"	80000	"slope"	-0.420198125
"0.25"	"0.4"	"0.15"	"0.01"	"0.005"	"0.01"	"100000"	"10000"	"200"	"6539875789279630242"	80000	"intercept"	0.55606757
"0.25"	"0.4"	"0.15"	"0.01"	"0.005"	"0.01"	"100000"	"10000"	"200"	"6539875789279630242"	85000	"slope"	-0.437709405
"0.25"	"0.4"	"0.15"	"0.01"	"0.005"	"0.01"	"100000"	"10000"	"200"	"6539875789279630242"	85000	"intercept"	0.57196885
"0.25"	"0.4"	"0.15"	"0.01"	"0.005"	"0.01"	"100000"	"10000"	"200"	"6539875789279630242"	90000	"slope"	-0.42483912
"0.25"	"0.4"	"0.15"	"0.01"	"0.005"	"0.01"	"100000"	"10000"	"200"	"6539875789279630242"	90000	"intercept"	0.563685575
"0.25"	"0.4"	"0.15"	"0.01"	"0.005"	"0.01"	"100000"	"10000"	"200"	"6539875789279630242"	95000	"slope"	-0.436329385
"0.25"	"0.4"	"0.15"	"0.01"	"0.005"	"0.01"	"100000"	"10000"	"200"	"6539875789279630242"	95000	"intercept"	0.5670785
"0.25"	"0.4"	"0.15"	"0.01"	"0.005"	"0.01"	"100000"	"10000"	"200"	"6539875789279630242"	100000	"slope"	-0.44429065
"0.25"	"0.4"	"0.15"	"0.01"	"0.005"	"0.01"	"100000"	"10000"	"200"	"6539875789279630242"	100000	"intercept"	0.57154815
"0.25"	"0.6"	"0.15"	"0.01"	"0.005"	"0.01"	"100000"	"10000"	"200"	"2328975739382769942"	10	"slope"	-0.000106349538
"0.25"	"0.6"	"0.15"	"0.01"	"0.005"	"0.01"	"100000"	"10000"	"200"	"2328975739382769942"	10	"intercept"	0.49984165
"0.25"	"0.6"	"0.15"	"0.01"	"0.005"	"0.01"	"100000"	"10000"	"200"	"2328975739382769942"	5000	"slope"	-0.234865625
"0.25"	"0.6"	"0.15"	"0.01"	"0.005"	"0.01"	"100000"	"10000"	"200"	"2328975739382769942"	5000	"intercept"	0.42930671
"0.25"	"0.6"	"0.15"	"0.01"	"0.005"	"0.01"	"100000"	"10000"	"200"	"2328975739382769942"	10000	"slope"	-0.32478276
"0.25"	"0.6"	"0.15"	"0.01"	"0.005"	"0.01"	"100000"	"10000"	"200"	"2328975739382769942"	10000	"intercept"	0.480005425
"0.25"	"0.6"	"0.15"	"0.01"	"0.005"	"0.01"	"100000"	"10000"	"200"	"2328975739382769942"	15000	"slope"	-0.4194118
"0.25"	"0.6"	"0.15"	"0.01"	"0.005"	"0.01"	"100000"	"10000"	"200"	"2328975739382769942"	15000	"intercept"	0.538788145
"0.25"	"0.6"	"0.15"	"0.01"	"0.005"	"0.01"	"100000"	"10000"	"200"	"2328975739382769942"	20000	"slope"	-0.46871892
"0.25"	"0.6"	"0.15"	"0.01"	"0.005"	"0.01"	"100000"	"10000"	"200"	"2328975739382769942"	20000	"intercept"	0.583981685
"0.25"	"0.6"	"0.15"	"0.01"	"0.005"	"0.01"	"100000"	"10000"	"200"	"2328975739382769942"	25000	"slope"	-0.451843675
"0.25"	"0.6"	"0.15"	"0.01"	"0.005"	"0.01"	"100000"	"10000"	"200"	"2328975739382769942"	25000	"intercept"	0.56628823
"0.25"	"0.6"	"0.15"	"0.01"	"0.005"	"0.01"	"100000"	"10000"	"200"	"2328975739382769942"	30000	"slope"	-0.459104325
"0.25"	"0.6"	"0.15"	"0.01"	"0.005"	"0.01"	"100000"	"10000"	"200"	"2328975739382769942"	30000	"intercept"	0.57210793
"0.25"	"0.6"	"0.15"	"0.01"	"0.005"	"0.01"	"100000"	"10000"	"200"	"2328975739382769942"	35000	"slope"	-0.449508505
"0.25"	"0.6"	"0.15"	"0.01"	"0.005"	"0.01"	"100000"	"10000"	"200"	"2328975739382769942"	35000	"intercept"	0.561550255
"0.25"	"0.6"	"0.15"	"0.01"	"0.005"	"0.01"	"100000"	"10000"	"200"	"2328975739382769942"	40000	"slope"	-0.4709298
"0.25"	"0.6"	"0.15"	"0.01"	"0.005"	"0.01"	"100000"	"10000"	"200"	"2328975739382769942"	40000	"intercept"	0.582787135
"0.25"	"0.6"	"0.15"	"0.01"	"0.005"	"0.01"	"100000"	"10000"	"200"	"2328975739382769942"	45000	"slope"	-0.489871475
"0.25"	"0.6"	"0.15"	"0.01"	"0.005"	"0.01"	"100000"	"10000"	"200"	"2328975739382769942"	45000	"intercept"	0.60356088
"0.25"	"0.6"	"0.15"	"0.01"	"0.005"	"0.01"	"100000"	"10000"	"200"	"2328975739382769942"	50000	"slope"	-0.4477454
"0.25"	"0.6"	"0.15"	"0.01"	"0.005"	"0.01"	"100000"	"10000"	"200"	"2328975739382769942"	50000	"intercept"	0.57480387
"0.25"	"0.6"	"0.15"	"0.01"	"0.005"	"0.01"	"100000"	"10000"	"200"	"2328975739382769942"	55000	"slope"	-0.48034787
"0.25"	"0.6"	"0.15"	"0.01"	"0.005"	"0.01"	"100000"	"10000"	"200"	"2328975739382769942"	55000	"intercept"	0.592255345
"0.25"	"0.6"	"0.15"	"0.01"	"0.005"	"0.01"	"100000"	"10000"	"200"	"2328975739382769942"	60000	"slope"	-0.46637193
"0.25"	"0.6"	"0.15"	"0.01"	"0.005"	"0.01"	"100000"	"10000"	"200"	"2328975739382769942"	60000	"intercept"	0.575713
"0.25"	"0.6"	"0.15"	"0.01"	"0.005"	"0.01"	"100000"	"10000"	"200"	"2328975739382769942"	65000	"slope"	-0.47621975
"0.25"	"0.6"	"0.15"	"0.01"	"0.005"	"0.01"	"100000"	"10000"	"200"	"2328975739382769942"	65000	"intercept"	0.58643395
"0.25"	"0.6"	"0.15"	"0.01"	"0.005"	"0.01"	"100000"	"10000"	"200"	"2328975739382769942"	70000	"slope"	-0.47622075
"0.25"	"0.6"	"0.15"	"0.01"	"0.005"	"0.01"	"100000"	"10000"	"200"	"2328975739382769942"	70000	"intercept"	0.58910209
"0.25"	"0.6"	"0.15"	"0.01"	"0.005"	"0.01"	"100000"	"10000"	"200"	"2328975739382769942"	75000	"slope"	-0.483926285
"0.25"	"0.6"	"0.15"	"0.01"	"0.005"	"0.01"	"100000"	"10000"	"200"	"2328975739382769942"	75000	"intercept"	0.592441615
"0.25"	"0.6"	"0.15"	"0.01"	"0.005"	"0.01"	"100000"	"10000"	"200"	"2328975739382769942"	80000	"slope"	-0.478181275
"0.25"	"0.6"	"0.15"	"0.01"	"0.005"	"0.01"	"100000"	"10000"	"200"	"2328975739382769942"	80000	"intercept"	0.580752195
"0.25"	"0.6"	"0.15"	"0.01"	"0.005"	"0.01"	"100000"	"10000"	"200"	"2328975739382769942"	85000	"slope"	-0.47261598
"0.25"	"0.6"	"0.15"	"0.01"	"0.005"	"0.01"	"100000"	"10000"	"200"	"2328975739382769942"	85000	"intercept"	0.585356235
"0.25"	"0.6"	"0.15"	"0.01"	"0.005"	"0.01"	"100000"	"10000"	"200"	"2328975739382769942"	90000	"slope"	-0.487555135
"0.25"	"0.6"	"0.15"	"0.01"	"0.005"	"0.01"	"100000"	"10000"	"200"	"2328975739382769942"	90000	"intercept"	0.60094205
"0.25"	"0.6"	"0.15"	"0.01"	"0.005"	"0.01"	"100000"	"10000"	"200"	"2328975739382769942"	95000	"slope"	-0.50461171
"0.25"	"0.6"	"0.15"	"0.01"	"0.005"	"0.01"	"100000"	"10000"	"200"	"2328975739382769942"	95000	"intercept"	0.610528455
"0.25"	"0.6"	"0.15"	"0.01"	"0.005"	"0.01"	"100000"	"10000"	"200"	"2328975739382769942"	100000	"slope"	-0.46243067
"0.25"	"0.6"	"0.15"	"0.01"	"0.005"	"0.01"	"100000"	"10000"	"200"	"2328975739382769942"	100000	"intercept"	0.579625825
"0.25"	"0.6"	"0.15"	"0.01"	"0.005"	"0.01"	"100000"	"10000"	"200"	"8426044932268067222"	10	"slope"	-0.000141346705
"0.25"	"0.6"	"0.15"	"0.01"	"0.005"	"0.01"	"100000"	"10000"	"200"	"8426044932268067222"	10	"intercept"	0.499997285
"0.25"	"0.6"	"0.15"	"0.01"	"0.005"	"0.01"	"100000"	"10000"	"200"	"8426044932268067222"	5000	"slope"	-0.171479595
"0.25"	"0.6"	"0.15"	"0.01"	"0.005"	"0.01"	"100000"	"10000"	"200"	"8426044932268067222"	5000	"intercept"	0.386515065
"0.25"	"0.6"	"0.15"	"0.01"	"0.005"	"0.01"	"100000"	"10000"	"200"	"8426044932268067222"	10000	"slope"	-0.265144425
"0.25"	"0.6"	"0.15"	"0.01"	"0.005"	"0.01"	"100000"	"10000"	"200"	"8426044932268067222"	10000	"intercept"	0.45083541
"0.25"	"0.6"	"0.15"	"0.01"	"0.005"	"0.01"	"100000"	"10000"	"200"	"8426044932268067222"	15000	"slope"	-0.353796495
"0.25"	"0.6"	"0.15"	"0.01"	"0.005"	"0.01"	"100000"	"10000"	"200"	"8426044932268067222"	15000	"intercept"	0.505629575
"0.25"	"0.6"	"0.15"	"0.01"	"0.005"	"0.01"	"100000"	"10000"	"200"	"8426044932268067222"	20000	"slope"	-0.43397119
"0.25"	"0.6"	"0.15"	"0.01"	"0.005"	"0.01"	"100000"	"10000"	"200"	"8426044932268067222"	20000	"intercept"	0.552594385
"0.25"	"0.6"	"0.15"	"0.01"	"0.005"	"0.01"	"100000"	"10000"	"200"	"8426044932268067222"	25000	"slope"	-0.47732999
"0.25"	"0.6"	"0.15"	"0.01"	"0.005"	"0.01"	"100000"	"10000"	"200"	"8426044932268067222"	25000	"intercept"	0.577146545
"0.25"	"0.6"	"0.15"	"0.01"	"0.005"	"0.01"	"100000"	"10000"	"200"	"8426044932268067222"	30000	"slope"	-0.49153963
"0.25"	"0.6"	"0.15"	"0.01"	"0.005"	"0.01"	"100000"	"10000"	"200"	"8426044932268067222"	30000	"intercept"	0.60122848
"0.25"	"0.6"	"0.15"	"0.01"	"0.005"	"0.01"	"100000"	"10000"	"200"	"8426044932268067222"	35000	"slope"	-0.521185925
"0.25"	"0.6"	"0.15"	"0.01"	"0.005"	"0.01"	"100000"	"10000"	"200"	"8426044932268067222"	35000	"intercept"	0.61619924
"0.25"	"0.6"	"0.15"	"0.01"	"0.005"	"0.01"	"100000"	"10000"	"200"	"8426044932268067222"	40000	"slope"	-0.51716542
"0.25"	"0.6"	"0.15"	"0.01"	"0.005"	"0.01"	"100000"	"10000"	"200"	"8426044932268067222"	40000	"intercept"	0.61919834
"0.25"	"0.6"	"0.15"	"0.01"	"0.005"	"0.01"	"100000"	"10000"	"200"	"8426044932268067222"	45000	"slope"	-0.50130153
"0.25"	"0.6"	"0.15"	"0.01"	"0.005"	"0.01"	"100000"	"10000"	"200"	"8426044932268067222"	45000	"intercept"	0.60604478
"0.25"	"0.6"	"0.15"	"0.01"	"0.005"	"0.01"	"100000"	"10000"	"200"	"8426044932268067222"	50000	"slope"	-0.504671165
"0.25"	"0.6"	"0.15"	"0.01"	"0.005"	"0.01"	"100000"	"10000"	"200"	"8426044932268067222"	50000	"intercept"	0.606495295
"0.25"	"0.6"	"0.15"	"0.01"	"0.005"	"0.01"	"100000"	"10000"	"200"	"8426044932268067222"	55000	"slope"	-0.468477625
"0.25"	"0.6"	"0.15"	"0.01"	"0.005"	"0.01"	"100000"	"10000"	"200"	"8426044932268067222"	55000	"intercept"	0.577074495
"0.25"	"0.6"	"0.15"	"0.01"	"0.005"	"0.01"	"100000"	"10000"	"200"	"8426044932268067222"	60000	"slope"	-0.45607374
"0.25"	"0.6"	"0.15"	"0.01"	"0.005"	"0.01"	"100000"	"10000"	"200"	"8426044932268067222"	60000	"intercept"	0.56901297
"0.25"	"0.6"	"0.15"	"0.01"	"0.005"	"0.01"	"100000"	"10000"	"200"	"8426044932268067222"	65000	"slope"	-0.46952116
"0.25"	"0.6"	"0.15"	"0.01"	"0.005"	"0.01"	"100000"	"10000"	"200"	"8426044932268067222"	65000	"intercept"	0.58263961
"0.25"	"0.6"	"0.15"	"0.01"	"0.005"	"0.01"	"100000"	"10000"	"200"	"8426044932268067222"	70000	"slope"	-0.45948319
"0.25"	"0.6"	"0.15"	"0.01"	"0.005"	"0.01"	"100000"	"10000"	"200"	"8426044932268067222"	70000	"intercept"	0.57942095
"0.25"	"0.6"	"0.15"	"0.01"	"0.005"	"0.01"	"100000"	"10000"	"200"	"8426044932268067222"	75000	"slope"	-0.449612075
"0.25"	"0.6"	"0.15"	"0.01"	"0.005"	"0.01"	"100000"	"10000"	"200"	"8426044932268067222"	75000	"intercept"	0.57097832
"0.25"	"0.6"	"0.15"	"0.01"	"0.005"	"0.01"	"100000"	"10000"	"200"	"8426044932268067222"	80000	"slope"	-0.42719919
"0.25"	"0.6"	"0.15"	"0.01"	"0.005"	"0.01"	"100000"	"10000"	"200"	"8426044932268067222"	80000	"intercept"	0.55409421
"0.25"	"0.6"	"0.15"	"0.01"	"0.005"	"0.01"	"100000"	"10000"	"200"	"8426044932268067222"	85000	"slope"	-0.456837825
"0.25"	"0.6"	"0.15"	"0.01"	"0.005"	"0.01"	"100000"	"10000"	"200"	"8426044932268067222"	85000	"intercept"	0.57102222
"0.25"	"0.6"	"0.15"	"0.01"	"0.005"	"0.01"	"100000"	"10000"	"200"	"8426044932268067222"	90000	"slope"	-0.4737903
"0.25"	"0.6"	"0.15"	"0.01"	"0.005"	"0.01"	"100000"	"10000"	"200"	"8426044932268067222"	90000	"intercept"	0.58747384
"0.25"	"0.6"	"0.15"	"0.01"	"0.005"	"0.01"	"100000"	"10000"	"200"	"8426044932268067222"	95000	"slope"	-0.48006129
"0.25"	"0.6"	"0.15"	"0.01"	"0.005"	"0.01"	"100000"	"10000"	"200"	"8426044932268067222"	95000	"intercept"	0.591049605
"0.25"	"0.6"	"0.15"	"0.01"	"0.005"	"0.01"	"100000"	"10000"	"200"	"8426044932268067222"	100000	"slope"	-0.48135523
"0.25"	"0.6"	"0.15"	"0.01"	"0.005"	"0.01"	"100000"	"10000"	"200"	"8426044932268067222"	100000	"intercept"	0.58933518
"0.25"	"0.6"	"0.15"	"0.01"	"0.005"	"0.01"	"100000"	"10000"	"200"	"8914583693720863036"	10	"slope"	5.049674e-05
"0.25"	"0.6"	"0.15"	"0.01"	"0.005"	"0.01"	"100000"	"10000"	"200"	"8914583693720863036"	10	"intercept"	0.49986846
"0.25"	"0.6"	"0.15"	"0.01"	"0.005"	"0.01"	"100000"	"10000"	"200"	"8914583693720863036"	5000	"slope"	-0.22431726
"0.25"	"0.6"	"0.15"	"0.01"	"0.005"	"0.01"	"100000"	"10000"	"200"	"8914583693720863036"	5000	"intercept"	0.42398031
"0.25"	"0.6"	"0.15"	"0.01"	"0.005"	"0.01"	"100000"	"10000"	"200"	"8914583693720863036"	10000	"slope"	-0.314285795
"0.25"	"0.6"	"0.15"	"0.01"	"0.005"	"0.01"	"100000"	"10000"	"200"	"8914583693720863036"	10000	"intercept"	0.477532045
"0.25"	"0.6"	"0.15"	"0.01"	"0.005"	"0.01"	"100000"	"10000"	"200"	"8914583693720863036"	15000	"slope"	-0.41707547
"0.25"	"0.6"	"0.15"	"0.01"	"0.005"	"0.01"	"100000"	"10000"	"200"	"8914583693720863036"	15000	"intercept"	0.552759085
"0.25"	"0.6"	"0.15"	"0.01"	"0.005"	"0.01"	"100000"	"10000"	"200"	"8914583693720863036"	20000	"slope"	-0.439451955
"0.25"	"0.6"	"0.15"	"0.01"	"0.005"	"0.01"	"100000"	"10000"	"200"	"8914583693720863036"	20000	"intercept"	0.56814398
"0.25"	"0.6"	"0.15"	"0.01"	"0.005"	"0.01"	"100000"	"10000"	"200"	"8914583693720863036"	25000	"slope"	-0.45121401
"0.25"	"0.6"	"0.15"	"0.01"	"0.005"	"0.01"	"100000"	"10000"	"200"	"8914583693720863036"	25000	"intercept"	0.568519705
"0.25"	"0.6"	"0.15"	"0.01"	"0.005"	"0.01"	"100000"	"10000"	"200"	"8914583693720863036"	30000	"slope"	-0.48465069
"0.25"	"0.6"	"0.15"	"0.01"	"0.005"	"0.01"	"100000"	"10000"	"200"	"8914583693720863036"	30000	"intercept"	0.600182185
"0.25"	"0.6"	"0.15"	"0.01"	"0.005"	"0.01"	"100000"	"10000"	"200"	"8914583693720863036"	35000	"slope"	-0.483281195
"0.25"	"0.6"	"0.15"	"0.01"	"0.005"	"0.01"	"100000"	"10000"	"200"	"8914583693720863036"	35000	"intercept"	0.59821987
"0.25"	"0.6"	"0.15"	"0.01"	"0.005"	"0.01"	"100000"	"10000"	"200"	"8914583693720863036"	40000	"slope"	-0.470050155
"0.25"	"0.6"	"0.15"	"0.01"	"0.005"	"0.01"	"100000"	"10000"	"200"	"8914583693720863036"	40000	"intercept"	0.5845118
"0.25"	"0.6"	"0.15"	"0.01"	"0.005"	"0.01"	"100000"	"10000"	"200"	"8914583693720863036"	45000	"slope"	-0.45968019
"0.25"	"0.6"	"0.15"	"0.01"	"0.005"	"0.01"	"100000"	"10000"	"200"	"8914583693720863036"	45000	"intercept"	0.562075805
"0.25"	"0.6"	"0.15"	"0.01"	"0.005"	"0.01"	"100000"	"10000"	"200"	"8914583693720863036"	50000	"slope"	-0.440524855
"0.25"	"0.6"	"0.15"	"0.01"	"0.005"	"0.01"	"100000"	"10000"	"200"	"8914583693720863036"	50000	"intercept"	0.552193545
"0.25"	"0.6"	"0.15"	"0.01"	"0.005"	"0.01"	"100000"	"10000"	"200"	"8914583693720863036"	55000	"slope"	-0.431348635
"0.25"	"0.6"	"0.15"	"0.01"	"0.005"	"0.01"	"100000"	"10000"	"200"	"8914583693720863036"	55000	"intercept"	0.558531675
"0.25"	"0.6"	"0.15"	"0.01"	"0.005"	"0.01"	"100000"	"10000"	"200"	"8914583693720863036"	60000	"slope"	-0.466863985
"0.25"	"0.6"	"0.15"	"0.01"	"0.005"	"0.01"	"100000"	"10000"	"200"	"8914583693720863036"	60000	"intercept"	0.576236205
"0.25"	"0.6"	"0.15"	"0.01"	"0.005"	"0.01"	"100000"	"10000"	"200"	"8914583693720863036"	65000	"slope"	-0.44429716
"0.25"	"0.6"	"0.15"	"0.01"	"0.005"	"0.01"	"100000"	"10000"	"200"	"8914583693720863036"	65000	"intercept"	0.56455037
"0.25"	"0.6"	"0.15"	"0.01"	"0.005"	"0.01"	"100000"	"10000"	"200"	"8914583693720863036"	70000	"slope"	-0.473043065
"0.25"	"0.6"	"0.15"	"0.01"	"0.005"	"0.01"	"100000"	"10000"	"200"	"8914583693720863036"	70000	"intercept"	0.57811761
"0.25"	"0.6"	"0.15"	"0.01"	"0.005"	"0.01"	"100000"	"10000"	"200"	"8914583693720863036"	75000	"slope"	-0.477777095
"0.25"	"0.6"	"0.15"	"0.01"	"0.005"	"0.01"	"100000"	"10000"	"200"	"8914583693720863036"	75000	"intercept"	0.586593855
"0.25"	"0.6"	"0.15"	"0.01"	"0.005"	"0.01"	"100000"	"10000"	"200"	"8914583693720863036"	80000	"slope"	-0.4786263
"0.25"	"0.6"	"0.15"	"0.01"	"0.005"	"0.01"	"100000"	"10000"	"200"	"8914583693720863036"	80000	"intercept"	0.5894602
"0.25"	"0.6"	"0.15"	"0.01"	"0.005"	"0.01"	"100000"	"10000"	"200"	"8914583693720863036"	85000	"slope"	-0.48054182
"0.25"	"0.6"	"0.15"	"0.01"	"0.005"	"0.01"	"100000"	"10000"	"200"	"8914583693720863036"	85000	"intercept"	0.596605795
"0.25"	"0.6"	"0.15"	"0.01"	"0.005"	"0.01"	"100000"	"10000"	"200"	"8914583693720863036"	90000	"slope"	-0.47253988
"0.25"	"0.6"	"0.15"	"0.01"	"0.005"	"0.01"	"100000"	"10000"	"200"	"8914583693720863036"	90000	"intercept"	0.583751675
"0.25"	"0.6"	"0.15"	"0.01"	"0.005"	"0.01"	"100000"	"10000"	"200"	"8914583693720863036"	95000	"slope"	-0.506845365
"0.25"	"0.6"	"0.15"	"0.01"	"0.005"	"0.01"	"100000"	"10000"	"200"	"8914583693720863036"	95000	"intercept"	0.60824059
"0.25"	"0.6"	"0.15"	"0.01"	"0.005"	"0.01"	"100000"	"10000"	"200"	"8914583693720863036"	100000	"slope"	-0.501380845
"0.25"	"0.6"	"0.15"	"0.01"	"0.005"	"0.01"	"100000"	"10000"	"200"	"8914583693720863036"	100000	"intercept"	0.599338335
"0.25"	"0.8"	"0.15"	"0.01"	"0.005"	"0.01"	"100000"	"10000"	"200"	"2766757063410256858"	10	"slope"	1.7796745e-05
"0.25"	"0.8"	"0.15"	"0.01"	"0.005"	"0.01"	"100000"	"10000"	"200"	"2766757063410256858"	10	"intercept"	0.49992649
"0.25"	"0.8"	"0.15"	"0.01"	"0.005"	"0.01"	"100000"	"10000"	"200"	"2766757063410256858"	5000	"slope"	-0.162848053
"0.25"	"0.8"	"0.15"	"0.01"	"0.005"	"0.01"	"100000"	"10000"	"200"	"2766757063410256858"	5000	"intercept"	0.362955935
"0.25"	"0.8"	"0.15"	"0.01"	"0.005"	"0.01"	"100000"	"10000"	"200"	"2766757063410256858"	10000	"slope"	-0.246141485
"0.25"	"0.8"	"0.15"	"0.01"	"0.005"	"0.01"	"100000"	"10000"	"200"	"2766757063410256858"	10000	"intercept"	0.416868345
"0.25"	"0.8"	"0.15"	"0.01"	"0.005"	"0.01"	"100000"	"10000"	"200"	"2766757063410256858"	15000	"slope"	-0.353003185
"0.25"	"0.8"	"0.15"	"0.01"	"0.005"	"0.01"	"100000"	"10000"	"200"	"2766757063410256858"	15000	"intercept"	0.485775775
"0.25"	"0.8"	"0.15"	"0.01"	"0.005"	"0.01"	"100000"	"10000"	"200"	"2766757063410256858"	20000	"slope"	-0.40937176
"0.25"	"0.8"	"0.15"	"0.01"	"0.005"	"0.01"	"100000"	"10000"	"200"	"2766757063410256858"	20000	"intercept"	0.52518281
"0.25"	"0.8"	"0.15"	"0.01"	"0.005"	"0.01"	"100000"	"10000"	"200"	"2766757063410256858"	25000	"slope"	-0.426833305
"0.25"	"0.8"	"0.15"	"0.01"	"0.005"	"0.01"	"100000"	"10000"	"200"	"2766757063410256858"	25000	"intercept"	0.54306707
"0.25"	"0.8"	"0.15"	"0.01"	"0.005"	"0.01"	"100000"	"10000"	"200"	"2766757063410256858"	30000	"slope"	-0.45668281
"0.25"	"0.8"	"0.15"	"0.01"	"0.005"	"0.01"	"100000"	"10000"	"200"	"2766757063410256858"	30000	"intercept"	0.56443221
"0.25"	"0.8"	"0.15"	"0.01"	"0.005"	"0.01"	"100000"	"10000"	"200"	"2766757063410256858"	35000	"slope"	-0.473272205
"0.25"	"0.8"	"0.15"	"0.01"	"0.005"	"0.01"	"100000"	"10000"	"200"	"2766757063410256858"	35000	"intercept"	0.571195845
"0.25"	"0.8"	"0.15"	"0.01"	"0.005"	"0.01"	"100000"	"10000"	"200"	"2766757063410256858"	40000	"slope"	-0.511901485
"0.25"	"0.8"	"0.15"	"0.01"	"0.005"	"0.01"	"100000"	"10000"	"200"	"2766757063410256858"	40000	"intercept"	0.604644435
"0.25"	"0.8"	"0.15"	"0.01"	"0.005"	"0.01"	"100000"	"10000"	"200"	"2766757063410256858"	45000	"slope"	-0.511556685
"0.25"	"0.8"	"0.15"	"0.01"	"0.005"	"0.01"	"100000"	"10000"	"200"	"2766757063410256858"	45000	"intercept"	0.59769979
"0.25"	"0.8"	"0.15"	"0.01"	"0.005"	"0.01"	"100000"	"10000"	"200"	"2766757063410256858"	50000	"slope"	-0.50230112
"0.25"	"0.8"	"0.15"	"0.01"	"0.005"	"0.01"	"100000"	"10000"	"200"	"2766757063410256858"	50000	"intercept"	0.595969875
"0.25"	"0.8"	"0.15"	"0.01"	"0.005"	"0.01"	"100000"	"10000"	"200"	"2766757063410256858"	55000	"slope"	-0.493796865
"0.25"	"0.8"	"0.15"	"0.01"	"0.005"	"0.01"	"100000"	"10000"	"200"	"2766757063410256858"	55000	"intercept"	0.59303305
"0.25"	"0.8"	"0.15"	"0.01"	"0.005"	"0.01"	"100000"	"10000"	"200"	"2766757063410256858"	60000	"slope"	-0.511124005
"0.25"	"0.8"	"0.15"	"0.01"	"0.005"	"0.01"	"100000"	"10000"	"200"	"2766757063410256858"	60000	"intercept"	0.598272305
"0.25"	"0.8"	"0.15"	"0.01"	"0.005"	"0.01"	"100000"	"10000"	"200"	"2766757063410256858"	65000	"slope"	-0.50164201
"0.25"	"0.8"	"0.15"	"0.01"	"0.005"	"0.01"	"100000"	"10000"	"200"	"2766757063410256858"	65000	"intercept"	0.594541875
"0.25"	"0.8"	"0.15"	"0.01"	"0.005"	"0.01"	"100000"	"10000"	"200"	"2766757063410256858"	70000	"slope"	-0.52155677
"0.25"	"0.8"	"0.15"	"0.01"	"0.005"	"0.01"	"100000"	"10000"	"200"	"2766757063410256858"	70000	"intercept"	0.60555591
"0.25"	"0.8"	"0.15"	"0.01"	"0.005"	"0.01"	"100000"	"10000"	"200"	"2766757063410256858"	75000	"slope"	-0.529382175
"0.25"	"0.8"	"0.15"	"0.01"	"0.005"	"0.01"	"100000"	"10000"	"200"	"2766757063410256858"	75000	"intercept"	0.61572624
"0.25"	"0.8"	"0.15"	"0.01"	"0.005"	"0.01"	"100000"	"10000"	"200"	"2766757063410256858"	80000	"slope"	-0.49517353
"0.25"	"0.8"	"0.15"	"0.01"	"0.005"	"0.01"	"100000"	"10000"	"200"	"2766757063410256858"	80000	"intercept"	0.587321635
"0.25"	"0.8"	"0.15"	"0.01"	"0.005"	"0.01"	"100000"	"10000"	"200"	"2766757063410256858"	85000	"slope"	-0.51659588
"0.25"	"0.8"	"0.15"	"0.01"	"0.005"	"0.01"	"100000"	"10000"	"200"	"2766757063410256858"	85000	"intercept"	0.5977959
"0.25"	"0.8"	"0.15"	"0.01"	"0.005"	"0.01"	"100000"	"10000"	"200"	"2766757063410256858"	90000	"slope"	-0.47574648
"0.25"	"0.8"	"0.15"	"0.01"	"0.005"	"0.01"	"100000"	"10000"	"200"	"2766757063410256858"	90000	"intercept"	0.576679185
"0.25"	"0.8"	"0.15"	"0.01"	"0.005"	"0.01"	"100000"	"10000"	"200"	"2766757063410256858"	95000	"slope"	-0.53099405
"0.25"	"0.8"	"0.15"	"0.01"	"0.005"	"0.01"	"100000"	"10000"	"200"	"2766757063410256858"	95000	"intercept"	0.62147415
"0.25"	"0.8"	"0.15"	"0.01"	"0.005"	"0.01"	"100000"	"10000"	"200"	"2766757063410256858"	100000	"slope"	-0.50185658
"0.25"	"0.8"	"0.15"	"0.01"	"0.005"	"0.01"	"100000"	"10000"	"200"	"2766757063410256858"	100000	"intercept"	0.5915181
"0.25"	"0.8"	"0.15"	"0.01"	"0.005"	"0.01"	"100000"	"10000"	"200"	"7263226218314605747"	10	"slope"	-0.00012704271
"0.25"	"0.8"	"0.15"	"0.01"	"0.005"	"0.01"	"100000"	"10000"	"200"	"7263226218314605747"	10	"intercept"	0.50000013
"0.25"	"0.8"	"0.15"	"0.01"	"0.005"	"0.01"	"100000"	"10000"	"200"	"7263226218314605747"	5000	"slope"	-0.188986675
"0.25"	"0.8"	"0.15"	"0.01"	"0.005"	"0.01"	"100000"	"10000"	"200"	"7263226218314605747"	5000	"intercept"	0.387961855
"0.25"	"0.8"	"0.15"	"0.01"	"0.005"	"0.01"	"100000"	"10000"	"200"	"7263226218314605747"	10000	"slope"	-0.29922954
"0.25"	"0.8"	"0.15"	"0.01"	"0.005"	"0.01"	"100000"	"10000"	"200"	"7263226218314605747"	10000	"intercept"	0.44883268
"0.25"	"0.8"	"0.15"	"0.01"	"0.005"	"0.01"	"100000"	"10000"	"200"	"7263226218314605747"	15000	"slope"	-0.364483655
"0.25"	"0.8"	"0.15"	"0.01"	"0.005"	"0.01"	"100000"	"10000"	"200"	"7263226218314605747"	15000	"intercept"	0.496800315
"0.25"	"0.8"	"0.15"	"0.01"	"0.005"	"0.01"	"100000"	"10000"	"200"	"7263226218314605747"	20000	"slope"	-0.435739985
"0.25"	"0.8"	"0.15"	"0.01"	"0.005"	"0.01"	"100000"	"10000"	"200"	"7263226218314605747"	20000	"intercept"	0.543476555
"0.25"	"0.8"	"0.15"	"0.01"	"0.005"	"0.01"	"100000"	"10000"	"200"	"7263226218314605747"	25000	"slope"	-0.496657105
"0.25"	"0.8"	"0.15"	"0.01"	"0.005"	"0.01"	"100000"	"10000"	"200"	"7263226218314605747"	25000	"intercept"	0.58792951
"0.25"	"0.8"	"0.15"	"0.01"	"0.005"	"0.01"	"100000"	"10000"	"200"	"7263226218314605747"	30000	"slope"	-0.49302781
"0.25"	"0.8"	"0.15"	"0.01"	"0.005"	"0.01"	"100000"	"10000"	"200"	"7263226218314605747"	30000	"intercept"	0.589714315
"0.25"	"0.8"	"0.15"	"0.01"	"0.005"	"0.01"	"100000"	"10000"	"200"	"7263226218314605747"	35000	"slope"	-0.5062845
"0.25"	"0.8"	"0.15"	"0.01"	"0.005"	"0.01"	"100000"	"10000"	"200"	"7263226218314605747"	35000	"intercept"	0.59768418
"0.25"	"0.8"	"0.15"	"0.01"	"0.005"	"0.01"	"100000"	"10000"	"200"	"7263226218314605747"	40000	"slope"	-0.478019245
"0.25"	"0.8"	"0.15"	"0.01"	"0.005"	"0.01"	"100000"	"10000"	"200"	"7263226218314605747"	40000	"intercept"	0.574329875
"0.25"	"0.8"	"0.15"	"0.01"	"0.005"	"0.01"	"100000"	"10000"	"200"	"7263226218314605747"	45000	"slope"	-0.506424885
"0.25"	"0.8"	"0.15"	"0.01"	"0.005"	"0.01"	"100000"	"10000"	"200"	"7263226218314605747"	45000	"intercept"	0.60402911
"0.25"	"0.8"	"0.15"	"0.01"	"0.005"	"0.01"	"100000"	"10000"	"200"	"7263226218314605747"	50000	"slope"	-0.49123093
"0.25"	"0.8"	"0.15"	"0.01"	"0.005"	"0.01"	"100000"	"10000"	"200"	"7263226218314605747"	50000	"intercept"	0.57926823
"0.25"	"0.8"	"0.15"	"0.01"	"0.005"	"0.01"	"100000"	"10000"	"200"	"7263226218314605747"	55000	"slope"	-0.49912644
"0.25"	"0.8"	"0.15"	"0.01"	"0.005"	"0.01"	"100000"	"10000"	"200"	"7263226218314605747"	55000	"intercept"	0.591537985
"0.25"	"0.8"	"0.15"	"0.01"	"0.005"	"0.01"	"100000"	"10000"	"200"	"7263226218314605747"	60000	"slope"	-0.522522
"0.25"	"0.8"	"0.15"	"0.01"	"0.005"	"0.01"	"100000"	"10000"	"200"	"7263226218314605747"	60000	"intercept"	0.603829205
"0.25"	"0.8"	"0.15"	"0.01"	"0.005"	"0.01"	"100000"	"10000"	"200"	"7263226218314605747"	65000	"slope"	-0.504877325
"0.25"	"0.8"	"0.15"	"0.01"	"0.005"	"0.01"	"100000"	"10000"	"200"	"7263226218314605747"	65000	"intercept"	0.598283395
"0.25"	"0.8"	"0.15"	"0.01"	"0.005"	"0.01"	"100000"	"10000"	"200"	"7263226218314605747"	70000	"slope"	-0.52792492
"0.25"	"0.8"	"0.15"	"0.01"	"0.005"	"0.01"	"100000"	"10000"	"200"	"7263226218314605747"	70000	"intercept"	0.61720039
"0.25"	"0.8"	"0.15"	"0.01"	"0.005"	"0.01"	"100000"	"10000"	"200"	"7263226218314605747"	75000	"slope"	-0.503128255
"0.25"	"0.8"	"0.15"	"0.01"	"0.005"	"0.01"	"100000"	"10000"	"200"	"7263226218314605747"	75000	"intercept"	0.597929835
"0.25"	"0.8"	"0.15"	"0.01"	"0.005"	"0.01"	"100000"	"10000"	"200"	"7263226218314605747"	80000	"slope"	-0.488559755
"0.25"	"0.8"	"0.15"	"0.01"	"0.005"	"0.01"	"100000"	"10000"	"200"	"7263226218314605747"	80000	"intercept"	0.588794515
"0.25"	"0.8"	"0.15"	"0.01"	"0.005"	"0.01"	"100000"	"10000"	"200"	"7263226218314605747"	85000	"slope"	-0.53768407
"0.25"	"0.8"	"0.15"	"0.01"	"0.005"	"0.01"	"100000"	"10000"	"200"	"7263226218314605747"	85000	"intercept"	0.619065505
"0.25"	"0.8"	"0.15"	"0.01"	"0.005"	"0.01"	"100000"	"10000"	"200"	"7263226218314605747"	90000	"slope"	-0.53615742
"0.25"	"0.8"	"0.15"	"0.01"	"0.005"	"0.01"	"100000"	"10000"	"200"	"7263226218314605747"	90000	"intercept"	0.62011399
"0.25"	"0.8"	"0.15"	"0.01"	"0.005"	"0.01"	"100000"	"10000"	"200"	"7263226218314605747"	95000	"slope"	-0.51184467
"0.25"	"0.8"	"0.15"	"0.01"	"0.005"	"0.01"	"100000"	"10000"	"200"	"7263226218314605747"	95000	"intercept"	0.609969235
"0.25"	"0.8"	"0.15"	"0.01"	"0.005"	"0.01"	"100000"	"10000"	"200"	"7263226218314605747"	100000	"slope"	-0.51416853
"0.25"	"0.8"	"0.15"	"0.01"	"0.005"	"0.01"	"100000"	"10000"	"200"	"7263226218314605747"	100000	"intercept"	0.602711795
"0.25"	"0.8"	"0.15"	"0.01"	"0.005"	"0.01"	"100000"	"10000"	"200"	"871097436953538227"	10	"slope"	0.00015629703
"0.25"	"0.8"	"0.15"	"0.01"	"0.005"	"0.01"	"100000"	"10000"	"200"	"871097436953538227"	10	"intercept"	0.4998493
"0.25"	"0.8"	"0.15"	"0.01"	"0.005"	"0.01"	"100000"	"10000"	"200"	"871097436953538227"	5000	"slope"	-0.14304032
"0.25"	"0.8"	"0.15"	"0.01"	"0.005"	"0.01"	"100000"	"10000"	"200"	"871097436953538227"	5000	"intercept"	0.343650885
"0.25"	"0.8"	"0.15"	"0.01"	"0.005"	"0.01"	"100000"	"10000"	"200"	"871097436953538227"	10000	"slope"	-0.282035715
"0.25"	"0.8"	"0.15"	"0.01"	"0.005"	"0.01"	"100000"	"10000"	"200"	"871097436953538227"	10000	"intercept"	0.448783155
"0.25"	"0.8"	"0.15"	"0.01"	"0.005"	"0.01"	"100000"	"10000"	"200"	"871097436953538227"	15000	"slope"	-0.35931436
"0.25"	"0.8"	"0.15"	"0.01"	"0.005"	"0.01"	"100000"	"10000"	"200"	"871097436953538227"	15000	"intercept"	0.487075305
"0.25"	"0.8"	"0.15"	"0.01"	"0.005"	"0.01"	"100000"	"10000"	"200"	"871097436953538227"	20000	"slope"	-0.4276729
"0.25"	"0.8"	"0.15"	"0.01"	"0.005"	"0.01"	"100000"	"10000"	"200"	"871097436953538227"	20000	"intercept"	0.538644745
"0.25"	"0.8"	"0.15"	"0.01"	"0.005"	"0.01"	"100000"	"10000"	"200"	"871097436953538227"	25000	"slope"	-0.468246385
"0.25"	"0.8"	"0.15"	"0.01"	"0.005"	"0.01"	"100000"	"10000"	"200"	"871097436953538227"	25000	"intercept"	0.57154662
"0.25"	"0.8"	"0.15"	"0.01"	"0.005"	"0.01"	"100000"	"10000"	"200"	"871097436953538227"	30000	"slope"	-0.49518272
"0.25"	"0.8"	"0.15"	"0.01"	"0.005"	"0.01"	"100000"	"10000"	"200"	"871097436953538227"	30000	"intercept"	0.59587078
"0.25"	"0.8"	"0.15"	"0.01"	"0.005"	"0.01"	"100000"	"10000"	"200"	"871097436953538227"	35000	"slope"	-0.49394767
"0.25"	"0.8"	"0.15"	"0.01"	"0.005"	"0.01"	"100000"	"10000"	"200"	"871097436953538227"	35000	"intercept"	0.593216295
"0.25"	"0.8"	"0.15"	"0.01"	"0.005"	"0.01"	"100000"	"10000"	"200"	"871097436953538227"	40000	"slope"	-0.50874036
"0.25"	"0.8"	"0.15"	"0.01"	"0.005"	"0.01"	"100000"	"10000"	"200"	"871097436953538227"	40000	"intercept"	0.595844835
"0.25"	"0.8"	"0.15"	"0.01"	"0.005"	"0.01"	"100000"	"10000"	"200"	"871097436953538227"	45000	"slope"	-0.47289317
"0.25"	"0.8"	"0.15"	"0.01"	"0.005"	"0.01"	"100000"	"10000"	"200"	"871097436953538227"	45000	"intercept"	0.571662455
"0.25"	"0.8"	"0.15"	"0.01"	"0.005"	"0.01"	"100000"	"10000"	"200"	"871097436953538227"	50000	"slope"	-0.497933
"0.25"	"0.8"	"0.15"	"0.01"	"0.005"	"0.01"	"100000"	"10000"	"200"	"871097436953538227"	50000	"intercept"	0.586580545
"0.25"	"0.8"	"0.15"	"0.01"	"0.005"	"0.01"	"100000"	"10000"	"200"	"871097436953538227"	55000	"slope"	-0.4898858
"0.25"	"0.8"	"0.15"	"0.01"	"0.005"	"0.01"	"100000"	"10000"	"200"	"871097436953538227"	55000	"intercept"	0.585287305
"0.25"	"0.8"	"0.15"	"0.01"	"0.005"	"0.01"	"100000"	"10000"	"200"	"871097436953538227"	60000	"slope"	-0.497625975
"0.25"	"0.8"	"0.15"	"0.01"	"0.005"	"0.01"	"100000"	"10000"	"200"	"871097436953538227"	60000	"intercept"	0.593958335
"0.25"	"0.8"	"0.15"	"0.01"	"0.005"	"0.01"	"100000"	"10000"	"200"	"871097436953538227"	65000	"slope"	-0.50311602
"0.25"	"0.8"	"0.15"	"0.01"	"0.005"	"0.01"	"100000"	"10000"	"200"	"871097436953538227"	65000	"intercept"	0.5966261
"0.25"	"0.8"	"0.15"	"0.01"	"0.005"	"0.01"	"100000"	"10000"	"200"	"871097436953538227"	70000	"slope"	-0.50046803
"0.25"	"0.8"	"0.15"	"0.01"	"0.005"	"0.01"	"100000"	"10000"	"200"	"871097436953538227"	70000	"intercept"	0.58849806
"0.25"	"0.8"	"0.15"	"0.01"	"0.005"	"0.01"	"100000"	"10000"	"200"	"871097436953538227"	75000	"slope"	-0.506516175
"0.25"	"0.8"	"0.15"	"0.01"	"0.005"	"0.01"	"100000"	"10000"	"200"	"871097436953538227"	75000	"intercept"	0.59767097
"0.25"	"0.8"	"0.15"	"0.01"	"0.005"	"0.01"	"100000"	"10000"	"200"	"871097436953538227"	80000	"slope"	-0.509631005
"0.25"	"0.8"	"0.15"	"0.01"	"0.005"	"0.01"	"100000"	"10000"	"200"	"871097436953538227"	80000	"intercept"	0.604421755
"0.25"	"0.8"	"0.15"	"0.01"	"0.005"	"0.01"	"100000"	"10000"	"200"	"871097436953538227"	85000	"slope"	-0.513721445
"0.25"	"0.8"	"0.15"	"0.01"	"0.005"	"0.01"	"100000"	"10000"	"200"	"871097436953538227"	85000	"intercept"	0.60457746
"0.25"	"0.8"	"0.15"	"0.01"	"0.005"	"0.01"	"100000"	"10000"	"200"	"871097436953538227"	90000	"slope"	-0.480970675
"0.25"	"0.8"	"0.15"	"0.01"	"0.005"	"0.01"	"100000"	"10000"	"200"	"871097436953538227"	90000	"intercept"	0.581165215
"0.25"	"0.8"	"0.15"	"0.01"	"0.005"	"0.01"	"100000"	"10000"	"200"	"871097436953538227"	95000	"slope"	-0.469362135
"0.25"	"0.8"	"0.15"	"0.01"	"0.005"	"0.01"	"100000"	"10000"	"200"	"871097436953538227"	95000	"intercept"	0.56830978
"0.25"	"0.8"	"0.15"	"0.01"	"0.005"	"0.01"	"100000"	"10000"	"200"	"871097436953538227"	100000	"slope"	-0.463928355
"0.25"	"0.8"	"0.15"	"0.01"	"0.005"	"0.01"	"100000"	"10000"	"200"	"871097436953538227"	100000	"intercept"	0.5646091
"0.35"	"0.0"	"0.15"	"0.01"	"0.005"	"0.01"	"100000"	"10000"	"200"	"1978228503081993597"	10	"slope"	-0.000151090137
"0.35"	"0.0"	"0.15"	"0.01"	"0.005"	"0.01"	"100000"	"10000"	"200"	"1978228503081993597"	10	"intercept"	0.499884585
"0.35"	"0.0"	"0.15"	"0.01"	"0.005"	"0.01"	"100000"	"10000"	"200"	"1978228503081993597"	5000	"slope"	-0.119053452
"0.35"	"0.0"	"0.15"	"0.01"	"0.005"	"0.01"	"100000"	"10000"	"200"	"1978228503081993597"	5000	"intercept"	0.42056251
"0.35"	"0.0"	"0.15"	"0.01"	"0.005"	"0.01"	"100000"	"10000"	"200"	"1978228503081993597"	10000	"slope"	-0.211421685
"0.35"	"0.0"	"0.15"	"0.01"	"0.005"	"0.01"	"100000"	"10000"	"200"	"1978228503081993597"	10000	"intercept"	0.466772935
"0.35"	"0.0"	"0.15"	"0.01"	"0.005"	"0.01"	"100000"	"10000"	"200"	"1978228503081993597"	15000	"slope"	-0.318140515
"0.35"	"0.0"	"0.15"	"0.01"	"0.005"	"0.01"	"100000"	"10000"	"200"	"1978228503081993597"	15000	"intercept"	0.539896165
"0.35"	"0.0"	"0.15"	"0.01"	"0.005"	"0.01"	"100000"	"10000"	"200"	"1978228503081993597"	20000	"slope"	-0.340403055
"0.35"	"0.0"	"0.15"	"0.01"	"0.005"	"0.01"	"100000"	"10000"	"200"	"1978228503081993597"	20000	"intercept"	0.555961535
"0.35"	"0.0"	"0.15"	"0.01"	"0.005"	"0.01"	"100000"	"10000"	"200"	"1978228503081993597"	25000	"slope"	-0.34272829
"0.35"	"0.0"	"0.15"	"0.01"	"0.005"	"0.01"	"100000"	"10000"	"200"	"1978228503081993597"	25000	"intercept"	0.55205766
"0.35"	"0.0"	"0.15"	"0.01"	"0.005"	"0.01"	"100000"	"10000"	"200"	"1978228503081993597"	30000	"slope"	-0.349979355
"0.35"	"0.0"	"0.15"	"0.01"	"0.005"	"0.01"	"100000"	"10000"	"200"	"1978228503081993597"	30000	"intercept"	0.55912374
"0.35"	"0.0"	"0.15"	"0.01"	"0.005"	"0.01"	"100000"	"10000"	"200"	"1978228503081993597"	35000	"slope"	-0.33143556
"0.35"	"0.0"	"0.15"	"0.01"	"0.005"	"0.01"	"100000"	"10000"	"200"	"1978228503081993597"	35000	"intercept"	0.547812965
"0.35"	"0.0"	"0.15"	"0.01"	"0.005"	"0.01"	"100000"	"10000"	"200"	"1978228503081993597"	40000	"slope"	-0.32584765
"0.35"	"0.0"	"0.15"	"0.01"	"0.005"	"0.01"	"100000"	"10000"	"200"	"1978228503081993597"	40000	"intercept"	0.546965455
"0.35"	"0.0"	"0.15"	"0.01"	"0.005"	"0.01"	"100000"	"10000"	"200"	"1978228503081993597"	45000	"slope"	-0.33321642
"0.35"	"0.0"	"0.15"	"0.01"	"0.005"	"0.01"	"100000"	"10000"	"200"	"1978228503081993597"	45000	"intercept"	0.547255285
"0.35"	"0.0"	"0.15"	"0.01"	"0.005"	"0.01"	"100000"	"10000"	"200"	"1978228503081993597"	50000	"slope"	-0.36753098
"0.35"	"0.0"	"0.15"	"0.01"	"0.005"	"0.01"	"100000"	"10000"	"200"	"1978228503081993597"	50000	"intercept"	0.57514587
"0.35"	"0.0"	"0.15"	"0.01"	"0.005"	"0.01"	"100000"	"10000"	"200"	"1978228503081993597"	55000	"slope"	-0.36162276
"0.35"	"0.0"	"0.15"	"0.01"	"0.005"	"0.01"	"100000"	"10000"	"200"	"1978228503081993597"	55000	"intercept"	0.574524175
"0.35"	"0.0"	"0.15"	"0.01"	"0.005"	"0.01"	"100000"	"10000"	"200"	"1978228503081993597"	60000	"slope"	-0.35781711
"0.35"	"0.0"	"0.15"	"0.01"	"0.005"	"0.01"	"100000"	"10000"	"200"	"1978228503081993597"	60000	"intercept"	0.56089496
"0.35"	"0.0"	"0.15"	"0.01"	"0.005"	"0.01"	"100000"	"10000"	"200"	"1978228503081993597"	65000	"slope"	-0.35070478
"0.35"	"0.0"	"0.15"	"0.01"	"0.005"	"0.01"	"100000"	"10000"	"200"	"1978228503081993597"	65000	"intercept"	0.557979575
"0.35"	"0.0"	"0.15"	"0.01"	"0.005"	"0.01"	"100000"	"10000"	"200"	"1978228503081993597"	70000	"slope"	-0.38018772
"0.35"	"0.0"	"0.15"	"0.01"	"0.005"	"0.01"	"100000"	"10000"	"200"	"1978228503081993597"	70000	"intercept"	0.587125925
"0.35"	"0.0"	"0.15"	"0.01"	"0.005"	"0.01"	"100000"	"10000"	"200"	"1978228503081993597"	75000	"slope"	-0.386901295
"0.35"	"0.0"	"0.15"	"0.01"	"0.005"	"0.01"	"100000"	"10000"	"200"	"1978228503081993597"	75000	"intercept"	0.5872224
"0.35"	"0.0"	"0.15"	"0.01"	"0.005"	"0.01"	"100000"	"10000"	"200"	"1978228503081993597"	80000	"slope"	-0.38295585
"0.35"	"0.0"	"0.15"	"0.01"	"0.005"	"0.01"	"100000"	"10000"	"200"	"1978228503081993597"	80000	"intercept"	0.59129871
"0.35"	"0.0"	"0.15"	"0.01"	"0.005"	"0.01"	"100000"	"10000"	"200"	"1978228503081993597"	85000	"slope"	-0.370805405
"0.35"	"0.0"	"0.15"	"0.01"	"0.005"	"0.01"	"100000"	"10000"	"200"	"1978228503081993597"	85000	"intercept"	0.57284413
"0.35"	"0.0"	"0.15"	"0.01"	"0.005"	"0.01"	"100000"	"10000"	"200"	"1978228503081993597"	90000	"slope"	-0.35572941
"0.35"	"0.0"	"0.15"	"0.01"	"0.005"	"0.01"	"100000"	"10000"	"200"	"1978228503081993597"	90000	"intercept"	0.56458134
"0.35"	"0.0"	"0.15"	"0.01"	"0.005"	"0.01"	"100000"	"10000"	"200"	"1978228503081993597"	95000	"slope"	-0.38206529
"0.35"	"0.0"	"0.15"	"0.01"	"0.005"	"0.01"	"100000"	"10000"	"200"	"1978228503081993597"	95000	"intercept"	0.581812695
"0.35"	"0.0"	"0.15"	"0.01"	"0.005"	"0.01"	"100000"	"10000"	"200"	"1978228503081993597"	100000	"slope"	-0.3846279
"0.35"	"0.0"	"0.15"	"0.01"	"0.005"	"0.01"	"100000"	"10000"	"200"	"1978228503081993597"	100000	"intercept"	0.579355085
"0.35"	"0.0"	"0.15"	"0.01"	"0.005"	"0.01"	"100000"	"10000"	"200"	"3132957899658544612"	10	"slope"	-2.22734e-06
"0.35"	"0.0"	"0.15"	"0.01"	"0.005"	"0.01"	"100000"	"10000"	"200"	"3132957899658544612"	10	"intercept"	0.49993225
"0.35"	"0.0"	"0.15"	"0.01"	"0.005"	"0.01"	"100000"	"10000"	"200"	"3132957899658544612"	5000	"slope"	-0.1186023045
"0.35"	"0.0"	"0.15"	"0.01"	"0.005"	"0.01"	"100000"	"10000"	"200"	"3132957899658544612"	5000	"intercept"	0.43284614
"0.35"	"0.0"	"0.15"	"0.01"	"0.005"	"0.01"	"100000"	"10000"	"200"	"3132957899658544612"	10000	"slope"	-0.210840215
"0.35"	"0.0"	"0.15"	"0.01"	"0.005"	"0.01"	"100000"	"10000"	"200"	"3132957899658544612"	10000	"intercept"	0.47904129
"0.35"	"0.0"	"0.15"	"0.01"	"0.005"	"0.01"	"100000"	"10000"	"200"	"3132957899658544612"	15000	"slope"	-0.25798163
"0.35"	"0.0"	"0.15"	"0.01"	"0.005"	"0.01"	"100000"	"10000"	"200"	"3132957899658544612"	15000	"intercept"	0.509891575
"0.35"	"0.0"	"0.15"	"0.01"	"0.005"	"0.01"	"100000"	"10000"	"200"	"3132957899658544612"	20000	"slope"	-0.369324765
"0.35"	"0.0"	"0.15"	"0.01"	"0.005"	"0.01"	"100000"	"10000"	"200"	"3132957899658544612"	20000	"intercept"	0.579777315
"0.35"	"0.0"	"0.15"	"0.01"	"0.005"	"0.01"	"100000"	"10000"	"200"	"3132957899658544612"	25000	"slope"	-0.34627983
"0.35"	"0.0"	"0.15"	"0.01"	"0.005"	"0.01"	"100000"	"10000"	"200"	"3132957899658544612"	25000	"intercept"	0.56071125
"0.35"	"0.0"	"0.15"	"0.01"	"0.005"	"0.01"	"100000"	"10000"	"200"	"3132957899658544612"	30000	"slope"	-0.37553046
"0.35"	"0.0"	"0.15"	"0.01"	"0.005"	"0.01"	"100000"	"10000"	"200"	"3132957899658544612"	30000	"intercept"	0.57476891
"0.35"	"0.0"	"0.15"	"0.01"	"0.005"	"0.01"	"100000"	"10000"	"200"	"3132957899658544612"	35000	"slope"	-0.339120335
"0.35"	"0.0"	"0.15"	"0.01"	"0.005"	"0.01"	"100000"	"10000"	"200"	"3132957899658544612"	35000	"intercept"	0.55069054
"0.35"	"0.0"	"0.15"	"0.01"	"0.005"	"0.01"	"100000"	"10000"	"200"	"3132957899658544612"	40000	"slope"	-0.342567375
"0.35"	"0.0"	"0.15"	"0.01"	"0.005"	"0.01"	"100000"	"10000"	"200"	"3132957899658544612"	40000	"intercept"	0.55641496
"0.35"	"0.0"	"0.15"	"0.01"	"0.005"	"0.01"	"100000"	"10000"	"200"	"3132957899658544612"	45000	"slope"	-0.386181575
"0.35"	"0.0"	"0.15"	"0.01"	"0.005"	"0.01"	"100000"	"10000"	"200"	"3132957899658544612"	45000	"intercept"	0.57748216
"0.35"	"0.0"	"0.15"	"0.01"	"0.005"	"0.01"	"100000"	"10000"	"200"	"3132957899658544612"	50000	"slope"	-0.402038985
"0.35"	"0.0"	"0.15"	"0.01"	"0.005"	"0.01"	"100000"	"10000"	"200"	"3132957899658544612"	50000	"intercept"	0.595921905
"0.35"	"0.0"	"0.15"	"0.01"	"0.005"	"0.01"	"100000"	"10000"	"200"	"3132957899658544612"	55000	"slope"	-0.378334275
"0.35"	"0.0"	"0.15"	"0.01"	"0.005"	"0.01"	"100000"	"10000"	"200"	"3132957899658544612"	55000	"intercept"	0.586846145
"0.35"	"0.0"	"0.15"	"0.01"	"0.005"	"0.01"	"100000"	"10000"	"200"	"3132957899658544612"	60000	"slope"	-0.343244815
"0.35"	"0.0"	"0.15"	"0.01"	"0.005"	"0.01"	"100000"	"10000"	"200"	"3132957899658544612"	60000	"intercept"	0.55350374
"0.35"	"0.0"	"0.15"	"0.01"	"0.005"	"0.01"	"100000"	"10000"	"200"	"3132957899658544612"	65000	"slope"	-0.372363475
"0.35"	"0.0"	"0.15"	"0.01"	"0.005"	"0.01"	"100000"	"10000"	"200"	"3132957899658544612"	65000	"intercept"	0.573589695
"0.35"	"0.0"	"0.15"	"0.01"	"0.005"	"0.01"	"100000"	"10000"	"200"	"3132957899658544612"	70000	"slope"	-0.348831365
"0.35"	"0.0"	"0.15"	"0.01"	"0.005"	"0.01"	"100000"	"10000"	"200"	"3132957899658544612"	70000	"intercept"	0.560691205
"0.35"	"0.0"	"0.15"	"0.01"	"0.005"	"0.01"	"100000"	"10000"	"200"	"3132957899658544612"	75000	"slope"	-0.35464135
"0.35"	"0.0"	"0.15"	"0.01"	"0.005"	"0.01"	"100000"	"10000"	"200"	"3132957899658544612"	75000	"intercept"	0.56460758
"0.35"	"0.0"	"0.15"	"0.01"	"0.005"	"0.01"	"100000"	"10000"	"200"	"3132957899658544612"	80000	"slope"	-0.33423451
"0.35"	"0.0"	"0.15"	"0.01"	"0.005"	"0.01"	"100000"	"10000"	"200"	"3132957899658544612"	80000	"intercept"	0.5626002
"0.35"	"0.0"	"0.15"	"0.01"	"0.005"	"0.01"	"100000"	"10000"	"200"	"3132957899658544612"	85000	"slope"	-0.394688275
"0.35"	"0.0"	"0.15"	"0.01"	"0.005"	"0.01"	"100000"	"10000"	"200"	"3132957899658544612"	85000	"intercept"	0.59575144
"0.35"	"0.0"	"0.15"	"0.01"	"0.005"	"0.01"	"100000"	"10000"	"200"	"3132957899658544612"	90000	"slope"	-0.37585943
"0.35"	"0.0"	"0.15"	"0.01"	"0.005"	"0.01"	"100000"	"10000"	"200"	"3132957899658544612"	90000	"intercept"	0.579636395
"0.35"	"0.0"	"0.15"	"0.01"	"0.005"	"0.01"	"100000"	"10000"	"200"	"3132957899658544612"	95000	"slope"	-0.373504965
"0.35"	"0.0"	"0.15"	"0.01"	"0.005"	"0.01"	"100000"	"10000"	"200"	"3132957899658544612"	95000	"intercept"	0.57516863
"0.35"	"0.0"	"0.15"	"0.01"	"0.005"	"0.01"	"100000"	"10000"	"200"	"3132957899658544612"	100000	"slope"	-0.37739464
"0.35"	"0.0"	"0.15"	"0.01"	"0.005"	"0.01"	"100000"	"10000"	"200"	"3132957899658544612"	100000	"intercept"	0.58032822
"0.35"	"0.0"	"0.15"	"0.01"	"0.005"	"0.01"	"100000"	"10000"	"200"	"4597066731354017542"	10	"slope"	-8.24291425e-05
"0.35"	"0.0"	"0.15"	"0.01"	"0.005"	"0.01"	"100000"	"10000"	"200"	"4597066731354017542"	10	"intercept"	0.49994552
"0.35"	"0.0"	"0.15"	"0.01"	"0.005"	"0.01"	"100000"	"10000"	"200"	"4597066731354017542"	5000	"slope"	-0.1233733145
"0.35"	"0.0"	"0.15"	"0.01"	"0.005"	"0.01"	"100000"	"10000"	"200"	"4597066731354017542"	5000	"intercept"	0.42547063
"0.35"	"0.0"	"0.15"	"0.01"	"0.005"	"0.01"	"100000"	"10000"	"200"	"4597066731354017542"	10000	"slope"	-0.23353809
"0.35"	"0.0"	"0.15"	"0.01"	"0.005"	"0.01"	"100000"	"10000"	"200"	"4597066731354017542"	10000	"intercept"	0.506290545
"0.35"	"0.0"	"0.15"	"0.01"	"0.005"	"0.01"	"100000"	"10000"	"200"	"4597066731354017542"	15000	"slope"	-0.293147125
"0.35"	"0.0"	"0.15"	"0.01"	"0.005"	"0.01"	"100000"	"10000"	"200"	"4597066731354017542"	15000	"intercept"	0.52125592
"0.35"	"0.0"	"0.15"	"0.01"	"0.005"	"0.01"	"100000"	"10000"	"200"	"4597066731354017542"	20000	"slope"	-0.341084665
"0.35"	"0.0"	"0.15"	"0.01"	"0.005"	"0.01"	"100000"	"10000"	"200"	"4597066731354017542"	20000	"intercept"	0.560966765
"0.35"	"0.0"	"0.15"	"0.01"	"0.005"	"0.01"	"100000"	"10000"	"200"	"4597066731354017542"	25000	"slope"	-0.33590498
"0.35"	"0.0"	"0.15"	"0.01"	"0.005"	"0.01"	"100000"	"10000"	"200"	"4597066731354017542"	25000	"intercept"	0.55527736
"0.35"	"0.0"	"0.15"	"0.01"	"0.005"	"0.01"	"100000"	"10000"	"200"	"4597066731354017542"	30000	"slope"	-0.353342215
"0.35"	"0.0"	"0.15"	"0.01"	"0.005"	"0.01"	"100000"	"10000"	"200"	"4597066731354017542"	30000	"intercept"	0.56610274
"0.35"	"0.0"	"0.15"	"0.01"	"0.005"	"0.01"	"100000"	"10000"	"200"	"4597066731354017542"	35000	"slope"	-0.34080099
"0.35"	"0.0"	"0.15"	"0.01"	"0.005"	"0.01"	"100000"	"10000"	"200"	"4597066731354017542"	35000	"intercept"	0.560420345
"0.35"	"0.0"	"0.15"	"0.01"	"0.005"	"0.01"	"100000"	"10000"	"200"	"4597066731354017542"	40000	"slope"	-0.345752845
"0.35"	"0.0"	"0.15"	"0.01"	"0.005"	"0.01"	"100000"	"10000"	"200"	"4597066731354017542"	40000	"intercept"	0.549615855
"0.35"	"0.0"	"0.15"	"0.01"	"0.005"	"0.01"	"100000"	"10000"	"200"	"4597066731354017542"	45000	"slope"	-0.34947623
"0.35"	"0.0"	"0.15"	"0.01"	"0.005"	"0.01"	"100000"	"10000"	"200"	"4597066731354017542"	45000	"intercept"	0.564990715
"0.35"	"0.0"	"0.15"	"0.01"	"0.005"	"0.01"	"100000"	"10000"	"200"	"4597066731354017542"	50000	"slope"	-0.32905246
"0.35"	"0.0"	"0.15"	"0.01"	"0.005"	"0.01"	"100000"	"10000"	"200"	"4597066731354017542"	50000	"intercept"	0.554051595
"0.35"	"0.0"	"0.15"	"0.01"	"0.005"	"0.01"	"100000"	"10000"	"200"	"4597066731354017542"	55000	"slope"	-0.326220715
"0.35"	"0.0"	"0.15"	"0.01"	"0.005"	"0.01"	"100000"	"10000"	"200"	"4597066731354017542"	55000	"intercept"	0.55551338
"0.35"	"0.0"	"0.15"	"0.01"	"0.005"	"0.01"	"100000"	"10000"	"200"	"4597066731354017542"	60000	"slope"	-0.334115475
"0.35"	"0.0"	"0.15"	"0.01"	"0.005"	"0.01"	"100000"	"10000"	"200"	"4597066731354017542"	60000	"intercept"	0.55388085
"0.35"	"0.0"	"0.15"	"0.01"	"0.005"	"0.01"	"100000"	"10000"	"200"	"4597066731354017542"	65000	"slope"	-0.3395866
"0.35"	"0.0"	"0.15"	"0.01"	"0.005"	"0.01"	"100000"	"10000"	"200"	"4597066731354017542"	65000	"intercept"	0.55046002
"0.35"	"0.0"	"0.15"	"0.01"	"0.005"	"0.01"	"100000"	"10000"	"200"	"4597066731354017542"	70000	"slope"	-0.351775045
"0.35"	"0.0"	"0.15"	"0.01"	"0.005"	"0.01"	"100000"	"10000"	"200"	"4597066731354017542"	70000	"intercept"	0.56943631
"0.35"	"0.0"	"0.15"	"0.01"	"0.005"	"0.01"	"100000"	"10000"	"200"	"4597066731354017542"	75000	"slope"	-0.353290145
"0.35"	"0.0"	"0.15"	"0.01"	"0.005"	"0.01"	"100000"	"10000"	"200"	"4597066731354017542"	75000	"intercept"	0.56940908
"0.35"	"0.0"	"0.15"	"0.01"	"0.005"	"0.01"	"100000"	"10000"	"200"	"4597066731354017542"	80000	"slope"	-0.37307972
"0.35"	"0.0"	"0.15"	"0.01"	"0.005"	"0.01"	"100000"	"10000"	"200"	"4597066731354017542"	80000	"intercept"	0.574210005
"0.35"	"0.0"	"0.15"	"0.01"	"0.005"	"0.01"	"100000"	"10000"	"200"	"4597066731354017542"	85000	"slope"	-0.36645222
"0.35"	"0.0"	"0.15"	"0.01"	"0.005"	"0.01"	"100000"	"10000"	"200"	"4597066731354017542"	85000	"intercept"	0.57106943
"0.35"	"0.0"	"0.15"	"0.01"	"0.005"	"0.01"	"100000"	"10000"	"200"	"4597066731354017542"	90000	"slope"	-0.35964864
"0.35"	"0.0"	"0.15"	"0.01"	"0.005"	"0.01"	"100000"	"10000"	"200"	"4597066731354017542"	90000	"intercept"	0.561416865
"0.35"	"0.0"	"0.15"	"0.01"	"0.005"	"0.01"	"100000"	"10000"	"200"	"4597066731354017542"	95000	"slope"	-0.376176395
"0.35"	"0.0"	"0.15"	"0.01"	"0.005"	"0.01"	"100000"	"10000"	"200"	"4597066731354017542"	95000	"intercept"	0.5779746
"0.35"	"0.0"	"0.15"	"0.01"	"0.005"	"0.01"	"100000"	"10000"	"200"	"4597066731354017542"	100000	"slope"	-0.3684323
"0.35"	"0.0"	"0.15"	"0.01"	"0.005"	"0.01"	"100000"	"10000"	"200"	"4597066731354017542"	100000	"intercept"	0.578955345
"0.35"	"0.4"	"0.15"	"0.01"	"0.005"	"0.01"	"100000"	"10000"	"200"	"2165098691074102697"	10	"slope"	3.222512e-05
"0.35"	"0.4"	"0.15"	"0.01"	"0.005"	"0.01"	"100000"	"10000"	"200"	"2165098691074102697"	10	"intercept"	0.500071845
"0.35"	"0.4"	"0.15"	"0.01"	"0.005"	"0.01"	"100000"	"10000"	"200"	"2165098691074102697"	5000	"slope"	-0.165389064
"0.35"	"0.4"	"0.15"	"0.01"	"0.005"	"0.01"	"100000"	"10000"	"200"	"2165098691074102697"	5000	"intercept"	0.427279485
"0.35"	"0.4"	"0.15"	"0.01"	"0.005"	"0.01"	"100000"	"10000"	"200"	"2165098691074102697"	10000	"slope"	-0.28957396
"0.35"	"0.4"	"0.15"	"0.01"	"0.005"	"0.01"	"100000"	"10000"	"200"	"2165098691074102697"	10000	"intercept"	0.48941865
"0.35"	"0.4"	"0.15"	"0.01"	"0.005"	"0.01"	"100000"	"10000"	"200"	"2165098691074102697"	15000	"slope"	-0.3300798
"0.35"	"0.4"	"0.15"	"0.01"	"0.005"	"0.01"	"100000"	"10000"	"200"	"2165098691074102697"	15000	"intercept"	0.51696957
"0.35"	"0.4"	"0.15"	"0.01"	"0.005"	"0.01"	"100000"	"10000"	"200"	"2165098691074102697"	20000	"slope"	-0.36030428
"0.35"	"0.4"	"0.15"	"0.01"	"0.005"	"0.01"	"100000"	"10000"	"200"	"2165098691074102697"	20000	"intercept"	0.529574935
"0.35"	"0.4"	"0.15"	"0.01"	"0.005"	"0.01"	"100000"	"10000"	"200"	"2165098691074102697"	25000	"slope"	-0.38882987
"0.35"	"0.4"	"0.15"	"0.01"	"0.005"	"0.01"	"100000"	"10000"	"200"	"2165098691074102697"	25000	"intercept"	0.55775661
"0.35"	"0.4"	"0.15"	"0.01"	"0.005"	"0.01"	"100000"	"10000"	"200"	"2165098691074102697"	30000	"slope"	-0.372769595
"0.35"	"0.4"	"0.15"	"0.01"	"0.005"	"0.01"	"100000"	"10000"	"200"	"2165098691074102697"	30000	"intercept"	0.54441005
"0.35"	"0.4"	"0.15"	"0.01"	"0.005"	"0.01"	"100000"	"10000"	"200"	"2165098691074102697"	35000	"slope"	-0.42836348
"0.35"	"0.4"	"0.15"	"0.01"	"0.005"	"0.01"	"100000"	"10000"	"200"	"2165098691074102697"	35000	"intercept"	0.586075555
"0.35"	"0.4"	"0.15"	"0.01"	"0.005"	"0.01"	"100000"	"10000"	"200"	"2165098691074102697"	40000	"slope"	-0.395593415
"0.35"	"0.4"	"0.15"	"0.01"	"0.005"	"0.01"	"100000"	"10000"	"200"	"2165098691074102697"	40000	"intercept"	0.55534821
"0.35"	"0.4"	"0.15"	"0.01"	"0.005"	"0.01"	"100000"	"10000"	"200"	"2165098691074102697"	45000	"slope"	-0.389022135
"0.35"	"0.4"	"0.15"	"0.01"	"0.005"	"0.01"	"100000"	"10000"	"200"	"2165098691074102697"	45000	"intercept"	0.555903865
"0.35"	"0.4"	"0.15"	"0.01"	"0.005"	"0.01"	"100000"	"10000"	"200"	"2165098691074102697"	50000	"slope"	-0.448680355
"0.35"	"0.4"	"0.15"	"0.01"	"0.005"	"0.01"	"100000"	"10000"	"200"	"2165098691074102697"	50000	"intercept"	0.597470345
"0.35"	"0.4"	"0.15"	"0.01"	"0.005"	"0.01"	"100000"	"10000"	"200"	"2165098691074102697"	55000	"slope"	-0.449025255
"0.35"	"0.4"	"0.15"	"0.01"	"0.005"	"0.01"	"100000"	"10000"	"200"	"2165098691074102697"	55000	"intercept"	0.59373058
"0.35"	"0.4"	"0.15"	"0.01"	"0.005"	"0.01"	"100000"	"10000"	"200"	"2165098691074102697"	60000	"slope"	-0.44222052
"0.35"	"0.4"	"0.15"	"0.01"	"0.005"	"0.01"	"100000"	"10000"	"200"	"2165098691074102697"	60000	"intercept"	0.5977729
"0.35"	"0.4"	"0.15"	"0.01"	"0.005"	"0.01"	"100000"	"10000"	"200"	"2165098691074102697"	65000	"slope"	-0.424008295
"0.35"	"0.4"	"0.15"	"0.01"	"0.005"	"0.01"	"100000"	"10000"	"200"	"2165098691074102697"	65000	"intercept"	0.576940015
"0.35"	"0.4"	"0.15"	"0.01"	"0.005"	"0.01"	"100000"	"10000"	"200"	"2165098691074102697"	70000	"slope"	-0.41831732
"0.35"	"0.4"	"0.15"	"0.01"	"0.005"	"0.01"	"100000"	"10000"	"200"	"2165098691074102697"	70000	"intercept"	0.575257215
"0.35"	"0.4"	"0.15"	"0.01"	"0.005"	"0.01"	"100000"	"10000"	"200"	"2165098691074102697"	75000	"slope"	-0.39163489
"0.35"	"0.4"	"0.15"	"0.01"	"0.005"	"0.01"	"100000"	"10000"	"200"	"2165098691074102697"	75000	"intercept"	0.560637445
"0.35"	"0.4"	"0.15"	"0.01"	"0.005"	"0.01"	"100000"	"10000"	"200"	"2165098691074102697"	80000	"slope"	-0.427932545
"0.35"	"0.4"	"0.15"	"0.01"	"0.005"	"0.01"	"100000"	"10000"	"200"	"2165098691074102697"	80000	"intercept"	0.57967833
"0.35"	"0.4"	"0.15"	"0.01"	"0.005"	"0.01"	"100000"	"10000"	"200"	"2165098691074102697"	85000	"slope"	-0.439504865
"0.35"	"0.4"	"0.15"	"0.01"	"0.005"	"0.01"	"100000"	"10000"	"200"	"2165098691074102697"	85000	"intercept"	0.593974785
"0.35"	"0.4"	"0.15"	"0.01"	"0.005"	"0.01"	"100000"	"10000"	"200"	"2165098691074102697"	90000	"slope"	-0.466771835
"0.35"	"0.4"	"0.15"	"0.01"	"0.005"	"0.01"	"100000"	"10000"	"200"	"2165098691074102697"	90000	"intercept"	0.609611035
"0.35"	"0.4"	"0.15"	"0.01"	"0.005"	"0.01"	"100000"	"10000"	"200"	"2165098691074102697"	95000	"slope"	-0.449923915
"0.35"	"0.4"	"0.15"	"0.01"	"0.005"	"0.01"	"100000"	"10000"	"200"	"2165098691074102697"	95000	"intercept"	0.59615959
"0.35"	"0.4"	"0.15"	"0.01"	"0.005"	"0.01"	"100000"	"10000"	"200"	"2165098691074102697"	100000	"slope"	-0.42063067
"0.35"	"0.4"	"0.15"	"0.01"	"0.005"	"0.01"	"100000"	"10000"	"200"	"2165098691074102697"	100000	"intercept"	0.578466795
"0.35"	"0.4"	"0.15"	"0.01"	"0.005"	"0.01"	"100000"	"10000"	"200"	"2804388304404125292"	10	"slope"	3.5099925e-05
"0.35"	"0.4"	"0.15"	"0.01"	"0.005"	"0.01"	"100000"	"10000"	"200"	"2804388304404125292"	10	"intercept"	0.500155205
"0.35"	"0.4"	"0.15"	"0.01"	"0.005"	"0.01"	"100000"	"10000"	"200"	"2804388304404125292"	5000	"slope"	-0.170849905
"0.35"	"0.4"	"0.15"	"0.01"	"0.005"	"0.01"	"100000"	"10000"	"200"	"2804388304404125292"	5000	"intercept"	0.42002029
"0.35"	"0.4"	"0.15"	"0.01"	"0.005"	"0.01"	"100000"	"10000"	"200"	"2804388304404125292"	10000	"slope"	-0.240222195
"0.35"	"0.4"	"0.15"	"0.01"	"0.005"	"0.01"	"100000"	"10000"	"200"	"2804388304404125292"	10000	"intercept"	0.46999638
"0.35"	"0.4"	"0.15"	"0.01"	"0.005"	"0.01"	"100000"	"10000"	"200"	"2804388304404125292"	15000	"slope"	-0.295037445
"0.35"	"0.4"	"0.15"	"0.01"	"0.005"	"0.01"	"100000"	"10000"	"200"	"2804388304404125292"	15000	"intercept"	0.49984127
"0.35"	"0.4"	"0.15"	"0.01"	"0.005"	"0.01"	"100000"	"10000"	"200"	"2804388304404125292"	20000	"slope"	-0.3335198
"0.35"	"0.4"	"0.15"	"0.01"	"0.005"	"0.01"	"100000"	"10000"	"200"	"2804388304404125292"	20000	"intercept"	0.524274515
"0.35"	"0.4"	"0.15"	"0.01"	"0.005"	"0.01"	"100000"	"10000"	"200"	"2804388304404125292"	25000	"slope"	-0.383054745
"0.35"	"0.4"	"0.15"	"0.01"	"0.005"	"0.01"	"100000"	"10000"	"200"	"2804388304404125292"	25000	"intercept"	0.55865587
"0.35"	"0.4"	"0.15"	"0.01"	"0.005"	"0.01"	"100000"	"10000"	"200"	"2804388304404125292"	30000	"slope"	-0.416035175
"0.35"	"0.4"	"0.15"	"0.01"	"0.005"	"0.01"	"100000"	"10000"	"200"	"2804388304404125292"	30000	"intercept"	0.57276868
"0.35"	"0.4"	"0.15"	"0.01"	"0.005"	"0.01"	"100000"	"10000"	"200"	"2804388304404125292"	35000	"slope"	-0.41144296
"0.35"	"0.4"	"0.15"	"0.01"	"0.005"	"0.01"	"100000"	"10000"	"200"	"2804388304404125292"	35000	"intercept"	0.569203985
"0.35"	"0.4"	"0.15"	"0.01"	"0.005"	"0.01"	"100000"	"10000"	"200"	"2804388304404125292"	40000	"slope"	-0.45169716
"0.35"	"0.4"	"0.15"	"0.01"	"0.005"	"0.01"	"100000"	"10000"	"200"	"2804388304404125292"	40000	"intercept"	0.594909665
"0.35"	"0.4"	"0.15"	"0.01"	"0.005"	"0.01"	"100000"	"10000"	"200"	"2804388304404125292"	45000	"slope"	-0.44154711
"0.35"	"0.4"	"0.15"	"0.01"	"0.005"	"0.01"	"100000"	"10000"	"200"	"2804388304404125292"	45000	"intercept"	0.600498645
"0.35"	"0.4"	"0.15"	"0.01"	"0.005"	"0.01"	"100000"	"10000"	"200"	"2804388304404125292"	50000	"slope"	-0.446448335
"0.35"	"0.4"	"0.15"	"0.01"	"0.005"	"0.01"	"100000"	"10000"	"200"	"2804388304404125292"	50000	"intercept"	0.594738795
"0.35"	"0.4"	"0.15"	"0.01"	"0.005"	"0.01"	"100000"	"10000"	"200"	"2804388304404125292"	55000	"slope"	-0.44168441
"0.35"	"0.4"	"0.15"	"0.01"	"0.005"	"0.01"	"100000"	"10000"	"200"	"2804388304404125292"	55000	"intercept"	0.593062485
"0.35"	"0.4"	"0.15"	"0.01"	"0.005"	"0.01"	"100000"	"10000"	"200"	"2804388304404125292"	60000	"slope"	-0.43027066
"0.35"	"0.4"	"0.15"	"0.01"	"0.005"	"0.01"	"100000"	"10000"	"200"	"2804388304404125292"	60000	"intercept"	0.579082255
"0.35"	"0.4"	"0.15"	"0.01"	"0.005"	"0.01"	"100000"	"10000"	"200"	"2804388304404125292"	65000	"slope"	-0.40621564
"0.35"	"0.4"	"0.15"	"0.01"	"0.005"	"0.01"	"100000"	"10000"	"200"	"2804388304404125292"	65000	"intercept"	0.56502981
"0.35"	"0.4"	"0.15"	"0.01"	"0.005"	"0.01"	"100000"	"10000"	"200"	"2804388304404125292"	70000	"slope"	-0.398572375
"0.35"	"0.4"	"0.15"	"0.01"	"0.005"	"0.01"	"100000"	"10000"	"200"	"2804388304404125292"	70000	"intercept"	0.565572455
"0.35"	"0.4"	"0.15"	"0.01"	"0.005"	"0.01"	"100000"	"10000"	"200"	"2804388304404125292"	75000	"slope"	-0.44241213
"0.35"	"0.4"	"0.15"	"0.01"	"0.005"	"0.01"	"100000"	"10000"	"200"	"2804388304404125292"	75000	"intercept"	0.587238115
"0.35"	"0.4"	"0.15"	"0.01"	"0.005"	"0.01"	"100000"	"10000"	"200"	"2804388304404125292"	80000	"slope"	-0.46516899
"0.35"	"0.4"	"0.15"	"0.01"	"0.005"	"0.01"	"100000"	"10000"	"200"	"2804388304404125292"	80000	"intercept"	0.602675995
"0.35"	"0.4"	"0.15"	"0.01"	"0.005"	"0.01"	"100000"	"10000"	"200"	"2804388304404125292"	85000	"slope"	-0.45383011
"0.35"	"0.4"	"0.15"	"0.01"	"0.005"	"0.01"	"100000"	"10000"	"200"	"2804388304404125292"	85000	"intercept"	0.605629415
"0.35"	"0.4"	"0.15"	"0.01"	"0.005"	"0.01"	"100000"	"10000"	"200"	"2804388304404125292"	90000	"slope"	-0.450159145
"0.35"	"0.4"	"0.15"	"0.01"	"0.005"	"0.01"	"100000"	"10000"	"200"	"2804388304404125292"	90000	"intercept"	0.600166885
"0.35"	"0.4"	"0.15"	"0.01"	"0.005"	"0.01"	"100000"	"10000"	"200"	"2804388304404125292"	95000	"slope"	-0.423735615
"0.35"	"0.4"	"0.15"	"0.01"	"0.005"	"0.01"	"100000"	"10000"	"200"	"2804388304404125292"	95000	"intercept"	0.57988646
"0.35"	"0.4"	"0.15"	"0.01"	"0.005"	"0.01"	"100000"	"10000"	"200"	"2804388304404125292"	100000	"slope"	-0.473932515
"0.35"	"0.4"	"0.15"	"0.01"	"0.005"	"0.01"	"100000"	"10000"	"200"	"2804388304404125292"	100000	"intercept"	0.60804029
"0.35"	"0.4"	"0.15"	"0.01"	"0.005"	"0.01"	"100000"	"10000"	"200"	"6911061144568928023"	10	"slope"	8.6130395e-05
"0.35"	"0.4"	"0.15"	"0.01"	"0.005"	"0.01"	"100000"	"10000"	"200"	"6911061144568928023"	10	"intercept"	0.500076115
"0.35"	"0.4"	"0.15"	"0.01"	"0.005"	"0.01"	"100000"	"10000"	"200"	"6911061144568928023"	5000	"slope"	-0.19274332
"0.35"	"0.4"	"0.15"	"0.01"	"0.005"	"0.01"	"100000"	"10000"	"200"	"6911061144568928023"	5000	"intercept"	0.433662875
"0.35"	"0.4"	"0.15"	"0.01"	"0.005"	"0.01"	"100000"	"10000"	"200"	"6911061144568928023"	10000	"slope"	-0.33420201
"0.35"	"0.4"	"0.15"	"0.01"	"0.005"	"0.01"	"100000"	"10000"	"200"	"6911061144568928023"	10000	"intercept"	0.52594733
"0.35"	"0.4"	"0.15"	"0.01"	"0.005"	"0.01"	"100000"	"10000"	"200"	"6911061144568928023"	15000	"slope"	-0.39865594
"0.35"	"0.4"	"0.15"	"0.01"	"0.005"	"0.01"	"100000"	"10000"	"200"	"6911061144568928023"	15000	"intercept"	0.564844495
"0.35"	"0.4"	"0.15"	"0.01"	"0.005"	"0.01"	"100000"	"10000"	"200"	"6911061144568928023"	20000	"slope"	-0.417084885
"0.35"	"0.4"	"0.15"	"0.01"	"0.005"	"0.01"	"100000"	"10000"	"200"	"6911061144568928023"	20000	"intercept"	0.575588145
"0.35"	"0.4"	"0.15"	"0.01"	"0.005"	"0.01"	"100000"	"10000"	"200"	"6911061144568928023"	25000	"slope"	-0.441904015
"0.35"	"0.4"	"0.15"	"0.01"	"0.005"	"0.01"	"100000"	"10000"	"200"	"6911061144568928023"	25000	"intercept"	0.58722885
"0.35"	"0.4"	"0.15"	"0.01"	"0.005"	"0.01"	"100000"	"10000"	"200"	"6911061144568928023"	30000	"slope"	-0.444496675
"0.35"	"0.4"	"0.15"	"0.01"	"0.005"	"0.01"	"100000"	"10000"	"200"	"6911061144568928023"	30000	"intercept"	0.594619255
"0.35"	"0.4"	"0.15"	"0.01"	"0.005"	"0.01"	"100000"	"10000"	"200"	"6911061144568928023"	35000	"slope"	-0.40395073
"0.35"	"0.4"	"0.15"	"0.01"	"0.005"	"0.01"	"100000"	"10000"	"200"	"6911061144568928023"	35000	"intercept"	0.564461105
"0.35"	"0.4"	"0.15"	"0.01"	"0.005"	"0.01"	"100000"	"10000"	"200"	"6911061144568928023"	40000	"slope"	-0.41614943
"0.35"	"0.4"	"0.15"	"0.01"	"0.005"	"0.01"	"100000"	"10000"	"200"	"6911061144568928023"	40000	"intercept"	0.56647741
"0.35"	"0.4"	"0.15"	"0.01"	"0.005"	"0.01"	"100000"	"10000"	"200"	"6911061144568928023"	45000	"slope"	-0.425988555
"0.35"	"0.4"	"0.15"	"0.01"	"0.005"	"0.01"	"100000"	"10000"	"200"	"6911061144568928023"	45000	"intercept"	0.5870943
"0.35"	"0.4"	"0.15"	"0.01"	"0.005"	"0.01"	"100000"	"10000"	"200"	"6911061144568928023"	50000	"slope"	-0.432339835
"0.35"	"0.4"	"0.15"	"0.01"	"0.005"	"0.01"	"100000"	"10000"	"200"	"6911061144568928023"	50000	"intercept"	0.58160825
"0.35"	"0.4"	"0.15"	"0.01"	"0.005"	"0.01"	"100000"	"10000"	"200"	"6911061144568928023"	55000	"slope"	-0.43764227
"0.35"	"0.4"	"0.15"	"0.01"	"0.005"	"0.01"	"100000"	"10000"	"200"	"6911061144568928023"	55000	"intercept"	0.584761905
"0.35"	"0.4"	"0.15"	"0.01"	"0.005"	"0.01"	"100000"	"10000"	"200"	"6911061144568928023"	60000	"slope"	-0.48871511
"0.35"	"0.4"	"0.15"	"0.01"	"0.005"	"0.01"	"100000"	"10000"	"200"	"6911061144568928023"	60000	"intercept"	0.61949208
"0.35"	"0.4"	"0.15"	"0.01"	"0.005"	"0.01"	"100000"	"10000"	"200"	"6911061144568928023"	65000	"slope"	-0.482832085
"0.35"	"0.4"	"0.15"	"0.01"	"0.005"	"0.01"	"100000"	"10000"	"200"	"6911061144568928023"	65000	"intercept"	0.61749444
"0.35"	"0.4"	"0.15"	"0.01"	"0.005"	"0.01"	"100000"	"10000"	"200"	"6911061144568928023"	70000	"slope"	-0.47280076
"0.35"	"0.4"	"0.15"	"0.01"	"0.005"	"0.01"	"100000"	"10000"	"200"	"6911061144568928023"	70000	"intercept"	0.609977515
"0.35"	"0.4"	"0.15"	"0.01"	"0.005"	"0.01"	"100000"	"10000"	"200"	"6911061144568928023"	75000	"slope"	-0.464204545
"0.35"	"0.4"	"0.15"	"0.01"	"0.005"	"0.01"	"100000"	"10000"	"200"	"6911061144568928023"	75000	"intercept"	0.604484675
"0.35"	"0.4"	"0.15"	"0.01"	"0.005"	"0.01"	"100000"	"10000"	"200"	"6911061144568928023"	80000	"slope"	-0.451230985
"0.35"	"0.4"	"0.15"	"0.01"	"0.005"	"0.01"	"100000"	"10000"	"200"	"6911061144568928023"	80000	"intercept"	0.606944775
"0.35"	"0.4"	"0.15"	"0.01"	"0.005"	"0.01"	"100000"	"10000"	"200"	"6911061144568928023"	85000	"slope"	-0.470995295
"0.35"	"0.4"	"0.15"	"0.01"	"0.005"	"0.01"	"100000"	"10000"	"200"	"6911061144568928023"	85000	"intercept"	0.61028265
"0.35"	"0.4"	"0.15"	"0.01"	"0.005"	"0.01"	"100000"	"10000"	"200"	"6911061144568928023"	90000	"slope"	-0.434191275
"0.35"	"0.4"	"0.15"	"0.01"	"0.005"	"0.01"	"100000"	"10000"	"200"	"6911061144568928023"	90000	"intercept"	0.58657107
"0.35"	"0.4"	"0.15"	"0.01"	"0.005"	"0.01"	"100000"	"10000"	"200"	"6911061144568928023"	95000	"slope"	-0.417061175
"0.35"	"0.4"	"0.15"	"0.01"	"0.005"	"0.01"	"100000"	"10000"	"200"	"6911061144568928023"	95000	"intercept"	0.580657625
"0.35"	"0.4"	"0.15"	"0.01"	"0.005"	"0.01"	"100000"	"10000"	"200"	"6911061144568928023"	100000	"slope"	-0.441309605
"0.35"	"0.4"	"0.15"	"0.01"	"0.005"	"0.01"	"100000"	"10000"	"200"	"6911061144568928023"	100000	"intercept"	0.59374327
"0.35"	"0.6"	"0.15"	"0.01"	"0.005"	"0.01"	"100000"	"10000"	"200"	"4871554328920420958"	10	"slope"	-0.000168396215
"0.35"	"0.6"	"0.15"	"0.01"	"0.005"	"0.01"	"100000"	"10000"	"200"	"4871554328920420958"	10	"intercept"	0.500031485
"0.35"	"0.6"	"0.15"	"0.01"	"0.005"	"0.01"	"100000"	"10000"	"200"	"4871554328920420958"	5000	"slope"	-0.125097584
"0.35"	"0.6"	"0.15"	"0.01"	"0.005"	"0.01"	"100000"	"10000"	"200"	"4871554328920420958"	5000	"intercept"	0.38039222
"0.35"	"0.6"	"0.15"	"0.01"	"0.005"	"0.01"	"100000"	"10000"	"200"	"4871554328920420958"	10000	"slope"	-0.215141255
"0.35"	"0.6"	"0.15"	"0.01"	"0.005"	"0.01"	"100000"	"10000"	"200"	"4871554328920420958"	10000	"intercept"	0.42014797
"0.35"	"0.6"	"0.15"	"0.01"	"0.005"	"0.01"	"100000"	"10000"	"200"	"4871554328920420958"	15000	"slope"	-0.292391195
"0.35"	"0.6"	"0.15"	"0.01"	"0.005"	"0.01"	"100000"	"10000"	"200"	"4871554328920420958"	15000	"intercept"	0.484960755
"0.35"	"0.6"	"0.15"	"0.01"	"0.005"	"0.01"	"100000"	"10000"	"200"	"4871554328920420958"	20000	"slope"	-0.361875475
"0.35"	"0.6"	"0.15"	"0.01"	"0.005"	"0.01"	"100000"	"10000"	"200"	"4871554328920420958"	20000	"intercept"	0.5194077
"0.35"	"0.6"	"0.15"	"0.01"	"0.005"	"0.01"	"100000"	"10000"	"200"	"4871554328920420958"	25000	"slope"	-0.418332125
"0.35"	"0.6"	"0.15"	"0.01"	"0.005"	"0.01"	"100000"	"10000"	"200"	"4871554328920420958"	25000	"intercept"	0.55885791
"0.35"	"0.6"	"0.15"	"0.01"	"0.005"	"0.01"	"100000"	"10000"	"200"	"4871554328920420958"	30000	"slope"	-0.43145277
"0.35"	"0.6"	"0.15"	"0.01"	"0.005"	"0.01"	"100000"	"10000"	"200"	"4871554328920420958"	30000	"intercept"	0.565987795
"0.35"	"0.6"	"0.15"	"0.01"	"0.005"	"0.01"	"100000"	"10000"	"200"	"4871554328920420958"	35000	"slope"	-0.458315585
"0.35"	"0.6"	"0.15"	"0.01"	"0.005"	"0.01"	"100000"	"10000"	"200"	"4871554328920420958"	35000	"intercept"	0.585598805
"0.35"	"0.6"	"0.15"	"0.01"	"0.005"	"0.01"	"100000"	"10000"	"200"	"4871554328920420958"	40000	"slope"	-0.462182445
"0.35"	"0.6"	"0.15"	"0.01"	"0.005"	"0.01"	"100000"	"10000"	"200"	"4871554328920420958"	40000	"intercept"	0.58861417
"0.35"	"0.6"	"0.15"	"0.01"	"0.005"	"0.01"	"100000"	"10000"	"200"	"4871554328920420958"	45000	"slope"	-0.457319235
"0.35"	"0.6"	"0.15"	"0.01"	"0.005"	"0.01"	"100000"	"10000"	"200"	"4871554328920420958"	45000	"intercept"	0.590015305
"0.35"	"0.6"	"0.15"	"0.01"	"0.005"	"0.01"	"100000"	"10000"	"200"	"4871554328920420958"	50000	"slope"	-0.443197495
"0.35"	"0.6"	"0.15"	"0.01"	"0.005"	"0.01"	"100000"	"10000"	"200"	"4871554328920420958"	50000	"intercept"	0.581798895
"0.35"	"0.6"	"0.15"	"0.01"	"0.005"	"0.01"	"100000"	"10000"	"200"	"4871554328920420958"	55000	"slope"	-0.430181475
"0.35"	"0.6"	"0.15"	"0.01"	"0.005"	"0.01"	"100000"	"10000"	"200"	"4871554328920420958"	55000	"intercept"	0.56931547
"0.35"	"0.6"	"0.15"	"0.01"	"0.005"	"0.01"	"100000"	"10000"	"200"	"4871554328920420958"	60000	"slope"	-0.431701285
"0.35"	"0.6"	"0.15"	"0.01"	"0.005"	"0.01"	"100000"	"10000"	"200"	"4871554328920420958"	60000	"intercept"	0.575021325
"0.35"	"0.6"	"0.15"	"0.01"	"0.005"	"0.01"	"100000"	"10000"	"200"	"4871554328920420958"	65000	"slope"	-0.460222745
"0.35"	"0.6"	"0.15"	"0.01"	"0.005"	"0.01"	"100000"	"10000"	"200"	"4871554328920420958"	65000	"intercept"	0.597707695
"0.35"	"0.6"	"0.15"	"0.01"	"0.005"	"0.01"	"100000"	"10000"	"200"	"4871554328920420958"	70000	"slope"	-0.49805788
"0.35"	"0.6"	"0.15"	"0.01"	"0.005"	"0.01"	"100000"	"10000"	"200"	"4871554328920420958"	70000	"intercept"	0.62100728
"0.35"	"0.6"	"0.15"	"0.01"	"0.005"	"0.01"	"100000"	"10000"	"200"	"4871554328920420958"	75000	"slope"	-0.52533654
"0.35"	"0.6"	"0.15"	"0.01"	"0.005"	"0.01"	"100000"	"10000"	"200"	"4871554328920420958"	75000	"intercept"	0.648119835
"0.35"	"0.6"	"0.15"	"0.01"	"0.005"	"0.01"	"100000"	"10000"	"200"	"4871554328920420958"	80000	"slope"	-0.49945897
"0.35"	"0.6"	"0.15"	"0.01"	"0.005"	"0.01"	"100000"	"10000"	"200"	"4871554328920420958"	80000	"intercept"	0.611356725
"0.35"	"0.6"	"0.15"	"0.01"	"0.005"	"0.01"	"100000"	"10000"	"200"	"4871554328920420958"	85000	"slope"	-0.49964747
"0.35"	"0.6"	"0.15"	"0.01"	"0.005"	"0.01"	"100000"	"10000"	"200"	"4871554328920420958"	85000	"intercept"	0.616408455
"0.35"	"0.6"	"0.15"	"0.01"	"0.005"	"0.01"	"100000"	"10000"	"200"	"4871554328920420958"	90000	"slope"	-0.494217795
"0.35"	"0.6"	"0.15"	"0.01"	"0.005"	"0.01"	"100000"	"10000"	"200"	"4871554328920420958"	90000	"intercept"	0.614911325
"0.35"	"0.6"	"0.15"	"0.01"	"0.005"	"0.01"	"100000"	"10000"	"200"	"4871554328920420958"	95000	"slope"	-0.474705455
"0.35"	"0.6"	"0.15"	"0.01"	"0.005"	"0.01"	"100000"	"10000"	"200"	"4871554328920420958"	95000	"intercept"	0.60479681
"0.35"	"0.6"	"0.15"	"0.01"	"0.005"	"0.01"	"100000"	"10000"	"200"	"4871554328920420958"	100000	"slope"	-0.493736705
"0.35"	"0.6"	"0.15"	"0.01"	"0.005"	"0.01"	"100000"	"10000"	"200"	"4871554328920420958"	100000	"intercept"	0.62523329
"0.35"	"0.6"	"0.15"	"0.01"	"0.005"	"0.01"	"100000"	"10000"	"200"	"566840467809342202"	10	"slope"	-0.000107209205
"0.35"	"0.6"	"0.15"	"0.01"	"0.005"	"0.01"	"100000"	"10000"	"200"	"566840467809342202"	10	"intercept"	0.499947665
"0.35"	"0.6"	"0.15"	"0.01"	"0.005"	"0.01"	"100000"	"10000"	"200"	"566840467809342202"	5000	"slope"	-0.20462982
"0.35"	"0.6"	"0.15"	"0.01"	"0.005"	"0.01"	"100000"	"10000"	"200"	"566840467809342202"	5000	"intercept"	0.4232374
"0.35"	"0.6"	"0.15"	"0.01"	"0.005"	"0.01"	"100000"	"10000"	"200"	"566840467809342202"	10000	"slope"	-0.294964325
"0.35"	"0.6"	"0.15"	"0.01"	"0.005"	"0.01"	"100000"	"10000"	"200"	"566840467809342202"	10000	"intercept"	0.48016591
"0.35"	"0.6"	"0.15"	"0.01"	"0.005"	"0.01"	"100000"	"10000"	"200"	"566840467809342202"	15000	"slope"	-0.376724785
"0.35"	"0.6"	"0.15"	"0.01"	"0.005"	"0.01"	"100000"	"10000"	"200"	"566840467809342202"	15000	"intercept"	0.528762305
"0.35"	"0.6"	"0.15"	"0.01"	"0.005"	"0.01"	"100000"	"10000"	"200"	"566840467809342202"	20000	"slope"	-0.404431925
"0.35"	"0.6"	"0.15"	"0.01"	"0.005"	"0.01"	"100000"	"10000"	"200"	"566840467809342202"	20000	"intercept"	0.554448915
"0.35"	"0.6"	"0.15"	"0.01"	"0.005"	"0.01"	"100000"	"10000"	"200"	"566840467809342202"	25000	"slope"	-0.440818235
"0.35"	"0.6"	"0.15"	"0.01"	"0.005"	"0.01"	"100000"	"10000"	"200"	"566840467809342202"	25000	"intercept"	0.57404867
"0.35"	"0.6"	"0.15"	"0.01"	"0.005"	"0.01"	"100000"	"10000"	"200"	"566840467809342202"	30000	"slope"	-0.442235465
"0.35"	"0.6"	"0.15"	"0.01"	"0.005"	"0.01"	"100000"	"10000"	"200"	"566840467809342202"	30000	"intercept"	0.57155792
"0.35"	"0.6"	"0.15"	"0.01"	"0.005"	"0.01"	"100000"	"10000"	"200"	"566840467809342202"	35000	"slope"	-0.452060035
"0.35"	"0.6"	"0.15"	"0.01"	"0.005"	"0.01"	"100000"	"10000"	"200"	"566840467809342202"	35000	"intercept"	0.58754738
"0.35"	"0.6"	"0.15"	"0.01"	"0.005"	"0.01"	"100000"	"10000"	"200"	"566840467809342202"	40000	"slope"	-0.48168829
"0.35"	"0.6"	"0.15"	"0.01"	"0.005"	"0.01"	"100000"	"10000"	"200"	"566840467809342202"	40000	"intercept"	0.60158515
"0.35"	"0.6"	"0.15"	"0.01"	"0.005"	"0.01"	"100000"	"10000"	"200"	"566840467809342202"	45000	"slope"	-0.462997995
"0.35"	"0.6"	"0.15"	"0.01"	"0.005"	"0.01"	"100000"	"10000"	"200"	"566840467809342202"	45000	"intercept"	0.591857755
"0.35"	"0.6"	"0.15"	"0.01"	"0.005"	"0.01"	"100000"	"10000"	"200"	"566840467809342202"	50000	"slope"	-0.45996484
"0.35"	"0.6"	"0.15"	"0.01"	"0.005"	"0.01"	"100000"	"10000"	"200"	"566840467809342202"	50000	"intercept"	0.577019455
"0.35"	"0.6"	"0.15"	"0.01"	"0.005"	"0.01"	"100000"	"10000"	"200"	"566840467809342202"	55000	"slope"	-0.43685452
"0.35"	"0.6"	"0.15"	"0.01"	"0.005"	"0.01"	"100000"	"10000"	"200"	"566840467809342202"	55000	"intercept"	0.575282075
"0.35"	"0.6"	"0.15"	"0.01"	"0.005"	"0.01"	"100000"	"10000"	"200"	"566840467809342202"	60000	"slope"	-0.499180585
"0.35"	"0.6"	"0.15"	"0.01"	"0.005"	"0.01"	"100000"	"10000"	"200"	"566840467809342202"	60000	"intercept"	0.618572865
"0.35"	"0.6"	"0.15"	"0.01"	"0.005"	"0.01"	"100000"	"10000"	"200"	"566840467809342202"	65000	"slope"	-0.505071775
"0.35"	"0.6"	"0.15"	"0.01"	"0.005"	"0.01"	"100000"	"10000"	"200"	"566840467809342202"	65000	"intercept"	0.617414885
"0.35"	"0.6"	"0.15"	"0.01"	"0.005"	"0.01"	"100000"	"10000"	"200"	"566840467809342202"	70000	"slope"	-0.47643095
"0.35"	"0.6"	"0.15"	"0.01"	"0.005"	"0.01"	"100000"	"10000"	"200"	"566840467809342202"	70000	"intercept"	0.60238398
"0.35"	"0.6"	"0.15"	"0.01"	"0.005"	"0.01"	"100000"	"10000"	"200"	"566840467809342202"	75000	"slope"	-0.502580105
"0.35"	"0.6"	"0.15"	"0.01"	"0.005"	"0.01"	"100000"	"10000"	"200"	"566840467809342202"	75000	"intercept"	0.618201245
"0.35"	"0.6"	"0.15"	"0.01"	"0.005"	"0.01"	"100000"	"10000"	"200"	"566840467809342202"	80000	"slope"	-0.482475155
"0.35"	"0.6"	"0.15"	"0.01"	"0.005"	"0.01"	"100000"	"10000"	"200"	"566840467809342202"	80000	"intercept"	0.60957103
"0.35"	"0.6"	"0.15"	"0.01"	"0.005"	"0.01"	"100000"	"10000"	"200"	"566840467809342202"	85000	"slope"	-0.461445915
"0.35"	"0.6"	"0.15"	"0.01"	"0.005"	"0.01"	"100000"	"10000"	"200"	"566840467809342202"	85000	"intercept"	0.58820178
"0.35"	"0.6"	"0.15"	"0.01"	"0.005"	"0.01"	"100000"	"10000"	"200"	"566840467809342202"	90000	"slope"	-0.46828349
"0.35"	"0.6"	"0.15"	"0.01"	"0.005"	"0.01"	"100000"	"10000"	"200"	"566840467809342202"	90000	"intercept"	0.60077394
"0.35"	"0.6"	"0.15"	"0.01"	"0.005"	"0.01"	"100000"	"10000"	"200"	"566840467809342202"	95000	"slope"	-0.457497905
"0.35"	"0.6"	"0.15"	"0.01"	"0.005"	"0.01"	"100000"	"10000"	"200"	"566840467809342202"	95000	"intercept"	0.59109181
"0.35"	"0.6"	"0.15"	"0.01"	"0.005"	"0.01"	"100000"	"10000"	"200"	"566840467809342202"	100000	"slope"	-0.482070245
"0.35"	"0.6"	"0.15"	"0.01"	"0.005"	"0.01"	"100000"	"10000"	"200"	"566840467809342202"	100000	"intercept"	0.59933586
"0.35"	"0.6"	"0.15"	"0.01"	"0.005"	"0.01"	"100000"	"10000"	"200"	"7904623407920440723"	10	"slope"	0.000278663305
"0.35"	"0.6"	"0.15"	"0.01"	"0.005"	"0.01"	"100000"	"10000"	"200"	"7904623407920440723"	10	"intercept"	0.500036705
"0.35"	"0.6"	"0.15"	"0.01"	"0.005"	"0.01"	"100000"	"10000"	"200"	"7904623407920440723"	5000	"slope"	-0.1887054205
"0.35"	"0.6"	"0.15"	"0.01"	"0.005"	"0.01"	"100000"	"10000"	"200"	"7904623407920440723"	5000	"intercept"	0.412808065
"0.35"	"0.6"	"0.15"	"0.01"	"0.005"	"0.01"	"100000"	"10000"	"200"	"7904623407920440723"	10000	"slope"	-0.28974185
"0.35"	"0.6"	"0.15"	"0.01"	"0.005"	"0.01"	"100000"	"10000"	"200"	"7904623407920440723"	10000	"intercept"	0.47113699
"0.35"	"0.6"	"0.15"	"0.01"	"0.005"	"0.01"	"100000"	"10000"	"200"	"7904623407920440723"	15000	"slope"	-0.3425149
"0.35"	"0.6"	"0.15"	"0.01"	"0.005"	"0.01"	"100000"	"10000"	"200"	"7904623407920440723"	15000	"intercept"	0.500204945
"0.35"	"0.6"	"0.15"	"0.01"	"0.005"	"0.01"	"100000"	"10000"	"200"	"7904623407920440723"	20000	"slope"	-0.3887366
"0.35"	"0.6"	"0.15"	"0.01"	"0.005"	"0.01"	"100000"	"10000"	"200"	"7904623407920440723"	20000	"intercept"	0.54495474
"0.35"	"0.6"	"0.15"	"0.01"	"0.005"	"0.01"	"100000"	"10000"	"200"	"7904623407920440723"	25000	"slope"	-0.444910025
"0.35"	"0.6"	"0.15"	"0.01"	"0.005"	"0.01"	"100000"	"10000"	"200"	"7904623407920440723"	25000	"intercept"	0.57483691
"0.35"	"0.6"	"0.15"	"0.01"	"0.005"	"0.01"	"100000"	"10000"	"200"	"7904623407920440723"	30000	"slope"	-0.48312984
"0.35"	"0.6"	"0.15"	"0.01"	"0.005"	"0.01"	"100000"	"10000"	"200"	"7904623407920440723"	30000	"intercept"	0.605816915
"0.35"	"0.6"	"0.15"	"0.01"	"0.005"	"0.01"	"100000"	"10000"	"200"	"7904623407920440723"	35000	"slope"	-0.49275486
"0.35"	"0.6"	"0.15"	"0.01"	"0.005"	"0.01"	"100000"	"10000"	"200"	"7904623407920440723"	35000	"intercept"	0.61368075
"0.35"	"0.6"	"0.15"	"0.01"	"0.005"	"0.01"	"100000"	"10000"	"200"	"7904623407920440723"	40000	"slope"	-0.478976345
"0.35"	"0.6"	"0.15"	"0.01"	"0.005"	"0.01"	"100000"	"10000"	"200"	"7904623407920440723"	40000	"intercept"	0.597952605
"0.35"	"0.6"	"0.15"	"0.01"	"0.005"	"0.01"	"100000"	"10000"	"200"	"7904623407920440723"	45000	"slope"	-0.49719329
"0.35"	"0.6"	"0.15"	"0.01"	"0.005"	"0.01"	"100000"	"10000"	"200"	"7904623407920440723"	45000	"intercept"	0.61467333
"0.35"	"0.6"	"0.15"	"0.01"	"0.005"	"0.01"	"100000"	"10000"	"200"	"7904623407920440723"	50000	"slope"	-0.48363043
"0.35"	"0.6"	"0.15"	"0.01"	"0.005"	"0.01"	"100000"	"10000"	"200"	"7904623407920440723"	50000	"intercept"	0.605589985
"0.35"	"0.6"	"0.15"	"0.01"	"0.005"	"0.01"	"100000"	"10000"	"200"	"7904623407920440723"	55000	"slope"	-0.482318185
"0.35"	"0.6"	"0.15"	"0.01"	"0.005"	"0.01"	"100000"	"10000"	"200"	"7904623407920440723"	55000	"intercept"	0.622381265
"0.35"	"0.6"	"0.15"	"0.01"	"0.005"	"0.01"	"100000"	"10000"	"200"	"7904623407920440723"	60000	"slope"	-0.48205937
"0.35"	"0.6"	"0.15"	"0.01"	"0.005"	"0.01"	"100000"	"10000"	"200"	"7904623407920440723"	60000	"intercept"	0.608534135
"0.35"	"0.6"	"0.15"	"0.01"	"0.005"	"0.01"	"100000"	"10000"	"200"	"7904623407920440723"	65000	"slope"	-0.46839086
"0.35"	"0.6"	"0.15"	"0.01"	"0.005"	"0.01"	"100000"	"10000"	"200"	"7904623407920440723"	65000	"intercept"	0.59516469
"0.35"	"0.6"	"0.15"	"0.01"	"0.005"	"0.01"	"100000"	"10000"	"200"	"7904623407920440723"	70000	"slope"	-0.49285671
"0.35"	"0.6"	"0.15"	"0.01"	"0.005"	"0.01"	"100000"	"10000"	"200"	"7904623407920440723"	70000	"intercept"	0.613788235
"0.35"	"0.6"	"0.15"	"0.01"	"0.005"	"0.01"	"100000"	"10000"	"200"	"7904623407920440723"	75000	"slope"	-0.48325798
"0.35"	"0.6"	"0.15"	"0.01"	"0.005"	"0.01"	"100000"	"10000"	"200"	"7904623407920440723"	75000	"intercept"	0.61291643
"0.35"	"0.6"	"0.15"	"0.01"	"0.005"	"0.01"	"100000"	"10000"	"200"	"7904623407920440723"	80000	"slope"	-0.499165355
"0.35"	"0.6"	"0.15"	"0.01"	"0.005"	"0.01"	"100000"	"10000"	"200"	"7904623407920440723"	80000	"intercept"	0.617109465
"0.35"	"0.6"	"0.15"	"0.01"	"0.005"	"0.01"	"100000"	"10000"	"200"	"7904623407920440723"	85000	"slope"	-0.48576386
"0.35"	"0.6"	"0.15"	"0.01"	"0.005"	"0.01"	"100000"	"10000"	"200"	"7904623407920440723"	85000	"intercept"	0.60942487
"0.35"	"0.6"	"0.15"	"0.01"	"0.005"	"0.01"	"100000"	"10000"	"200"	"7904623407920440723"	90000	"slope"	-0.491284775
"0.35"	"0.6"	"0.15"	"0.01"	"0.005"	"0.01"	"100000"	"10000"	"200"	"7904623407920440723"	90000	"intercept"	0.610969995
"0.35"	"0.6"	"0.15"	"0.01"	"0.005"	"0.01"	"100000"	"10000"	"200"	"7904623407920440723"	95000	"slope"	-0.46799297
"0.35"	"0.6"	"0.15"	"0.01"	"0.005"	"0.01"	"100000"	"10000"	"200"	"7904623407920440723"	95000	"intercept"	0.59281101
"0.35"	"0.6"	"0.15"	"0.01"	"0.005"	"0.01"	"100000"	"10000"	"200"	"7904623407920440723"	100000	"slope"	-0.467498735
"0.35"	"0.6"	"0.15"	"0.01"	"0.005"	"0.01"	"100000"	"10000"	"200"	"7904623407920440723"	100000	"intercept"	0.591570725
"0.35"	"0.8"	"0.15"	"0.01"	"0.005"	"0.01"	"100000"	"10000"	"200"	"2884557931654187294"	10	"slope"	7.19661e-05
"0.35"	"0.8"	"0.15"	"0.01"	"0.005"	"0.01"	"100000"	"10000"	"200"	"2884557931654187294"	10	"intercept"	0.49990582
"0.35"	"0.8"	"0.15"	"0.01"	"0.005"	"0.01"	"100000"	"10000"	"200"	"2884557931654187294"	5000	"slope"	-0.1830825575
"0.35"	"0.8"	"0.15"	"0.01"	"0.005"	"0.01"	"100000"	"10000"	"200"	"2884557931654187294"	5000	"intercept"	0.38932994
"0.35"	"0.8"	"0.15"	"0.01"	"0.005"	"0.01"	"100000"	"10000"	"200"	"2884557931654187294"	10000	"slope"	-0.2863899
"0.35"	"0.8"	"0.15"	"0.01"	"0.005"	"0.01"	"100000"	"10000"	"200"	"2884557931654187294"	10000	"intercept"	0.46083103
"0.35"	"0.8"	"0.15"	"0.01"	"0.005"	"0.01"	"100000"	"10000"	"200"	"2884557931654187294"	15000	"slope"	-0.381519155
"0.35"	"0.8"	"0.15"	"0.01"	"0.005"	"0.01"	"100000"	"10000"	"200"	"2884557931654187294"	15000	"intercept"	0.50711364
"0.35"	"0.8"	"0.15"	"0.01"	"0.005"	"0.01"	"100000"	"10000"	"200"	"2884557931654187294"	20000	"slope"	-0.432152615
"0.35"	"0.8"	"0.15"	"0.01"	"0.005"	"0.01"	"100000"	"10000"	"200"	"2884557931654187294"	20000	"intercept"	0.547861205
"0.35"	"0.8"	"0.15"	"0.01"	"0.005"	"0.01"	"100000"	"10000"	"200"	"2884557931654187294"	25000	"slope"	-0.484363005
"0.35"	"0.8"	"0.15"	"0.01"	"0.005"	"0.01"	"100000"	"10000"	"200"	"2884557931654187294"	25000	"intercept"	0.585601965
"0.35"	"0.8"	"0.15"	"0.01"	"0.005"	"0.01"	"100000"	"10000"	"200"	"2884557931654187294"	30000	"slope"	-0.49091848
"0.35"	"0.8"	"0.15"	"0.01"	"0.005"	"0.01"	"100000"	"10000"	"200"	"2884557931654187294"	30000	"intercept"	0.591651795
"0.35"	"0.8"	"0.15"	"0.01"	"0.005"	"0.01"	"100000"	"10000"	"200"	"2884557931654187294"	35000	"slope"	-0.499844345
"0.35"	"0.8"	"0.15"	"0.01"	"0.005"	"0.01"	"100000"	"10000"	"200"	"2884557931654187294"	35000	"intercept"	0.594549785
"0.35"	"0.8"	"0.15"	"0.01"	"0.005"	"0.01"	"100000"	"10000"	"200"	"2884557931654187294"	40000	"slope"	-0.507014635
"0.35"	"0.8"	"0.15"	"0.01"	"0.005"	"0.01"	"100000"	"10000"	"200"	"2884557931654187294"	40000	"intercept"	0.613528115
"0.35"	"0.8"	"0.15"	"0.01"	"0.005"	"0.01"	"100000"	"10000"	"200"	"2884557931654187294"	45000	"slope"	-0.510836345
"0.35"	"0.8"	"0.15"	"0.01"	"0.005"	"0.01"	"100000"	"10000"	"200"	"2884557931654187294"	45000	"intercept"	0.61616083
"0.35"	"0.8"	"0.15"	"0.01"	"0.005"	"0.01"	"100000"	"10000"	"200"	"2884557931654187294"	50000	"slope"	-0.518019345
"0.35"	"0.8"	"0.15"	"0.01"	"0.005"	"0.01"	"100000"	"10000"	"200"	"2884557931654187294"	50000	"intercept"	0.611400815
"0.35"	"0.8"	"0.15"	"0.01"	"0.005"	"0.01"	"100000"	"10000"	"200"	"2884557931654187294"	55000	"slope"	-0.5240861
"0.35"	"0.8"	"0.15"	"0.01"	"0.005"	"0.01"	"100000"	"10000"	"200"	"2884557931654187294"	55000	"intercept"	0.62379047
"0.35"	"0.8"	"0.15"	"0.01"	"0.005"	"0.01"	"100000"	"10000"	"200"	"2884557931654187294"	60000	"slope"	-0.544054925
"0.35"	"0.8"	"0.15"	"0.01"	"0.005"	"0.01"	"100000"	"10000"	"200"	"2884557931654187294"	60000	"intercept"	0.63853574
"0.35"	"0.8"	"0.15"	"0.01"	"0.005"	"0.01"	"100000"	"10000"	"200"	"2884557931654187294"	65000	"slope"	-0.527887945
"0.35"	"0.8"	"0.15"	"0.01"	"0.005"	"0.01"	"100000"	"10000"	"200"	"2884557931654187294"	65000	"intercept"	0.61721613
"0.35"	"0.8"	"0.15"	"0.01"	"0.005"	"0.01"	"100000"	"10000"	"200"	"2884557931654187294"	70000	"slope"	-0.52640131
"0.35"	"0.8"	"0.15"	"0.01"	"0.005"	"0.01"	"100000"	"10000"	"200"	"2884557931654187294"	70000	"intercept"	0.619183115
"0.35"	"0.8"	"0.15"	"0.01"	"0.005"	"0.01"	"100000"	"10000"	"200"	"2884557931654187294"	75000	"slope"	-0.522444765
"0.35"	"0.8"	"0.15"	"0.01"	"0.005"	"0.01"	"100000"	"10000"	"200"	"2884557931654187294"	75000	"intercept"	0.617485555
"0.35"	"0.8"	"0.15"	"0.01"	"0.005"	"0.01"	"100000"	"10000"	"200"	"2884557931654187294"	80000	"slope"	-0.515139155
"0.35"	"0.8"	"0.15"	"0.01"	"0.005"	"0.01"	"100000"	"10000"	"200"	"2884557931654187294"	80000	"intercept"	0.61296906
"0.35"	"0.8"	"0.15"	"0.01"	"0.005"	"0.01"	"100000"	"10000"	"200"	"2884557931654187294"	85000	"slope"	-0.516119445
"0.35"	"0.8"	"0.15"	"0.01"	"0.005"	"0.01"	"100000"	"10000"	"200"	"2884557931654187294"	85000	"intercept"	0.616928365
"0.35"	"0.8"	"0.15"	"0.01"	"0.005"	"0.01"	"100000"	"10000"	"200"	"2884557931654187294"	90000	"slope"	-0.50487538
"0.35"	"0.8"	"0.15"	"0.01"	"0.005"	"0.01"	"100000"	"10000"	"200"	"2884557931654187294"	90000	"intercept"	0.60268434
"0.35"	"0.8"	"0.15"	"0.01"	"0.005"	"0.01"	"100000"	"10000"	"200"	"2884557931654187294"	95000	"slope"	-0.51308586
"0.35"	"0.8"	"0.15"	"0.01"	"0.005"	"0.01"	"100000"	"10000"	"200"	"2884557931654187294"	95000	"intercept"	0.612205295
"0.35"	"0.8"	"0.15"	"0.01"	"0.005"	"0.01"	"100000"	"10000"	"200"	"2884557931654187294"	100000	"slope"	-0.52490863
"0.35"	"0.8"	"0.15"	"0.01"	"0.005"	"0.01"	"100000"	"10000"	"200"	"2884557931654187294"	100000	"intercept"	0.619648225
"0.35"	"0.8"	"0.15"	"0.01"	"0.005"	"0.01"	"100000"	"10000"	"200"	"316304171689620778"	10	"slope"	0.00014712423
"0.35"	"0.8"	"0.15"	"0.01"	"0.005"	"0.01"	"100000"	"10000"	"200"	"316304171689620778"	10	"intercept"	0.500131955
"0.35"	"0.8"	"0.15"	"0.01"	"0.005"	"0.01"	"100000"	"10000"	"200"	"316304171689620778"	5000	"slope"	-0.1288283625
"0.35"	"0.8"	"0.15"	"0.01"	"0.005"	"0.01"	"100000"	"10000"	"200"	"316304171689620778"	5000	"intercept"	0.35993975
"0.35"	"0.8"	"0.15"	"0.01"	"0.005"	"0.01"	"100000"	"10000"	"200"	"316304171689620778"	10000	"slope"	-0.25104452
"0.35"	"0.8"	"0.15"	"0.01"	"0.005"	"0.01"	"100000"	"10000"	"200"	"316304171689620778"	10000	"intercept"	0.433565555
"0.35"	"0.8"	"0.15"	"0.01"	"0.005"	"0.01"	"100000"	"10000"	"200"	"316304171689620778"	15000	"slope"	-0.34821077
"0.35"	"0.8"	"0.15"	"0.01"	"0.005"	"0.01"	"100000"	"10000"	"200"	"316304171689620778"	15000	"intercept"	0.48884118
"0.35"	"0.8"	"0.15"	"0.01"	"0.005"	"0.01"	"100000"	"10000"	"200"	"316304171689620778"	20000	"slope"	-0.43268178
"0.35"	"0.8"	"0.15"	"0.01"	"0.005"	"0.01"	"100000"	"10000"	"200"	"316304171689620778"	20000	"intercept"	0.547823945
"0.35"	"0.8"	"0.15"	"0.01"	"0.005"	"0.01"	"100000"	"10000"	"200"	"316304171689620778"	25000	"slope"	-0.489859085
"0.35"	"0.8"	"0.15"	"0.01"	"0.005"	"0.01"	"100000"	"10000"	"200"	"316304171689620778"	25000	"intercept"	0.593512965
"0.35"	"0.8"	"0.15"	"0.01"	"0.005"	"0.01"	"100000"	"10000"	"200"	"316304171689620778"	30000	"slope"	-0.516447905
"0.35"	"0.8"	"0.15"	"0.01"	"0.005"	"0.01"	"100000"	"10000"	"200"	"316304171689620778"	30000	"intercept"	0.615601315
"0.35"	"0.8"	"0.15"	"0.01"	"0.005"	"0.01"	"100000"	"10000"	"200"	"316304171689620778"	35000	"slope"	-0.525590325
"0.35"	"0.8"	"0.15"	"0.01"	"0.005"	"0.01"	"100000"	"10000"	"200"	"316304171689620778"	35000	"intercept"	0.61708782
"0.35"	"0.8"	"0.15"	"0.01"	"0.005"	"0.01"	"100000"	"10000"	"200"	"316304171689620778"	40000	"slope"	-0.50333674
"0.35"	"0.8"	"0.15"	"0.01"	"0.005"	"0.01"	"100000"	"10000"	"200"	"316304171689620778"	40000	"intercept"	0.607263155
"0.35"	"0.8"	"0.15"	"0.01"	"0.005"	"0.01"	"100000"	"10000"	"200"	"316304171689620778"	45000	"slope"	-0.489587005
"0.35"	"0.8"	"0.15"	"0.01"	"0.005"	"0.01"	"100000"	"10000"	"200"	"316304171689620778"	45000	"intercept"	0.595539235
"0.35"	"0.8"	"0.15"	"0.01"	"0.005"	"0.01"	"100000"	"10000"	"200"	"316304171689620778"	50000	"slope"	-0.51977725
"0.35"	"0.8"	"0.15"	"0.01"	"0.005"	"0.01"	"100000"	"10000"	"200"	"316304171689620778"	50000	"intercept"	0.617030405
"0.35"	"0.8"	"0.15"	"0.01"	"0.005"	"0.01"	"100000"	"10000"	"200"	"316304171689620778"	55000	"slope"	-0.512523805
"0.35"	"0.8"	"0.15"	"0.01"	"0.005"	"0.01"	"100000"	"10000"	"200"	"316304171689620778"	55000	"intercept"	0.62011581
"0.35"	"0.8"	"0.15"	"0.01"	"0.005"	"0.01"	"100000"	"10000"	"200"	"316304171689620778"	60000	"slope"	-0.494885405
"0.35"	"0.8"	"0.15"	"0.01"	"0.005"	"0.01"	"100000"	"10000"	"200"	"316304171689620778"	60000	"intercept"	0.604825445
"0.35"	"0.8"	"0.15"	"0.01"	"0.005"	"0.01"	"100000"	"10000"	"200"	"316304171689620778"	65000	"slope"	-0.51259009
"0.35"	"0.8"	"0.15"	"0.01"	"0.005"	"0.01"	"100000"	"10000"	"200"	"316304171689620778"	65000	"intercept"	0.609900045
"0.35"	"0.8"	"0.15"	"0.01"	"0.005"	"0.01"	"100000"	"10000"	"200"	"316304171689620778"	70000	"slope"	-0.51746743
"0.35"	"0.8"	"0.15"	"0.01"	"0.005"	"0.01"	"100000"	"10000"	"200"	"316304171689620778"	70000	"intercept"	0.616150085
"0.35"	"0.8"	"0.15"	"0.01"	"0.005"	"0.01"	"100000"	"10000"	"200"	"316304171689620778"	75000	"slope"	-0.506043025
"0.35"	"0.8"	"0.15"	"0.01"	"0.005"	"0.01"	"100000"	"10000"	"200"	"316304171689620778"	75000	"intercept"	0.602614865
"0.35"	"0.8"	"0.15"	"0.01"	"0.005"	"0.01"	"100000"	"10000"	"200"	"316304171689620778"	80000	"slope"	-0.519341725
"0.35"	"0.8"	"0.15"	"0.01"	"0.005"	"0.01"	"100000"	"10000"	"200"	"316304171689620778"	80000	"intercept"	0.614920085
"0.35"	"0.8"	"0.15"	"0.01"	"0.005"	"0.01"	"100000"	"10000"	"200"	"316304171689620778"	85000	"slope"	-0.52651861
"0.35"	"0.8"	"0.15"	"0.01"	"0.005"	"0.01"	"100000"	"10000"	"200"	"316304171689620778"	85000	"intercept"	0.618765555
"0.35"	"0.8"	"0.15"	"0.01"	"0.005"	"0.01"	"100000"	"10000"	"200"	"316304171689620778"	90000	"slope"	-0.50667956
"0.35"	"0.8"	"0.15"	"0.01"	"0.005"	"0.01"	"100000"	"10000"	"200"	"316304171689620778"	90000	"intercept"	0.602442155
"0.35"	"0.8"	"0.15"	"0.01"	"0.005"	"0.01"	"100000"	"10000"	"200"	"316304171689620778"	95000	"slope"	-0.518892925
"0.35"	"0.8"	"0.15"	"0.01"	"0.005"	"0.01"	"100000"	"10000"	"200"	"316304171689620778"	95000	"intercept"	0.610264755
"0.35"	"0.8"	"0.15"	"0.01"	"0.005"	"0.01"	"100000"	"10000"	"200"	"316304171689620778"	100000	"slope"	-0.543477175
"0.35"	"0.8"	"0.15"	"0.01"	"0.005"	"0.01"	"100000"	"10000"	"200"	"316304171689620778"	100000	"intercept"	0.631127675
"0.35"	"0.8"	"0.15"	"0.01"	"0.005"	"0.01"	"100000"	"10000"	"200"	"825356398391038381"	10	"slope"	-3.143713e-05
"0.35"	"0.8"	"0.15"	"0.01"	"0.005"	"0.01"	"100000"	"10000"	"200"	"825356398391038381"	10	"intercept"	0.499914765
"0.35"	"0.8"	"0.15"	"0.01"	"0.005"	"0.01"	"100000"	"10000"	"200"	"825356398391038381"	5000	"slope"	-0.182945235
"0.35"	"0.8"	"0.15"	"0.01"	"0.005"	"0.01"	"100000"	"10000"	"200"	"825356398391038381"	5000	"intercept"	0.393029165
"0.35"	"0.8"	"0.15"	"0.01"	"0.005"	"0.01"	"100000"	"10000"	"200"	"825356398391038381"	10000	"slope"	-0.29782214
"0.35"	"0.8"	"0.15"	"0.01"	"0.005"	"0.01"	"100000"	"10000"	"200"	"825356398391038381"	10000	"intercept"	0.46414769
"0.35"	"0.8"	"0.15"	"0.01"	"0.005"	"0.01"	"100000"	"10000"	"200"	"825356398391038381"	15000	"slope"	-0.413218895
"0.35"	"0.8"	"0.15"	"0.01"	"0.005"	"0.01"	"100000"	"10000"	"200"	"825356398391038381"	15000	"intercept"	0.5448715
"0.35"	"0.8"	"0.15"	"0.01"	"0.005"	"0.01"	"100000"	"10000"	"200"	"825356398391038381"	20000	"slope"	-0.48068577
"0.35"	"0.8"	"0.15"	"0.01"	"0.005"	"0.01"	"100000"	"10000"	"200"	"825356398391038381"	20000	"intercept"	0.584067475
"0.35"	"0.8"	"0.15"	"0.01"	"0.005"	"0.01"	"100000"	"10000"	"200"	"825356398391038381"	25000	"slope"	-0.49910847
"0.35"	"0.8"	"0.15"	"0.01"	"0.005"	"0.01"	"100000"	"10000"	"200"	"825356398391038381"	25000	"intercept"	0.604030105
"0.35"	"0.8"	"0.15"	"0.01"	"0.005"	"0.01"	"100000"	"10000"	"200"	"825356398391038381"	30000	"slope"	-0.501644445
"0.35"	"0.8"	"0.15"	"0.01"	"0.005"	"0.01"	"100000"	"10000"	"200"	"825356398391038381"	30000	"intercept"	0.60511129
"0.35"	"0.8"	"0.15"	"0.01"	"0.005"	"0.01"	"100000"	"10000"	"200"	"825356398391038381"	35000	"slope"	-0.516217575
"0.35"	"0.8"	"0.15"	"0.01"	"0.005"	"0.01"	"100000"	"10000"	"200"	"825356398391038381"	35000	"intercept"	0.614073395
"0.35"	"0.8"	"0.15"	"0.01"	"0.005"	"0.01"	"100000"	"10000"	"200"	"825356398391038381"	40000	"slope"	-0.49358646
"0.35"	"0.8"	"0.15"	"0.01"	"0.005"	"0.01"	"100000"	"10000"	"200"	"825356398391038381"	40000	"intercept"	0.592059375
"0.35"	"0.8"	"0.15"	"0.01"	"0.005"	"0.01"	"100000"	"10000"	"200"	"825356398391038381"	45000	"slope"	-0.50632638
"0.35"	"0.8"	"0.15"	"0.01"	"0.005"	"0.01"	"100000"	"10000"	"200"	"825356398391038381"	45000	"intercept"	0.602014475
"0.35"	"0.8"	"0.15"	"0.01"	"0.005"	"0.01"	"100000"	"10000"	"200"	"825356398391038381"	50000	"slope"	-0.52248769
"0.35"	"0.8"	"0.15"	"0.01"	"0.005"	"0.01"	"100000"	"10000"	"200"	"825356398391038381"	50000	"intercept"	0.623338025
"0.35"	"0.8"	"0.15"	"0.01"	"0.005"	"0.01"	"100000"	"10000"	"200"	"825356398391038381"	55000	"slope"	-0.54046454
"0.35"	"0.8"	"0.15"	"0.01"	"0.005"	"0.01"	"100000"	"10000"	"200"	"825356398391038381"	55000	"intercept"	0.631744425
"0.35"	"0.8"	"0.15"	"0.01"	"0.005"	"0.01"	"100000"	"10000"	"200"	"825356398391038381"	60000	"slope"	-0.511965225
"0.35"	"0.8"	"0.15"	"0.01"	"0.005"	"0.01"	"100000"	"10000"	"200"	"825356398391038381"	60000	"intercept"	0.610717025
"0.35"	"0.8"	"0.15"	"0.01"	"0.005"	"0.01"	"100000"	"10000"	"200"	"825356398391038381"	65000	"slope"	-0.51557961
"0.35"	"0.8"	"0.15"	"0.01"	"0.005"	"0.01"	"100000"	"10000"	"200"	"825356398391038381"	65000	"intercept"	0.61523184
"0.35"	"0.8"	"0.15"	"0.01"	"0.005"	"0.01"	"100000"	"10000"	"200"	"825356398391038381"	70000	"slope"	-0.521897035
"0.35"	"0.8"	"0.15"	"0.01"	"0.005"	"0.01"	"100000"	"10000"	"200"	"825356398391038381"	70000	"intercept"	0.62815506
"0.35"	"0.8"	"0.15"	"0.01"	"0.005"	"0.01"	"100000"	"10000"	"200"	"825356398391038381"	75000	"slope"	-0.49483533
"0.35"	"0.8"	"0.15"	"0.01"	"0.005"	"0.01"	"100000"	"10000"	"200"	"825356398391038381"	75000	"intercept"	0.599350615
"0.35"	"0.8"	"0.15"	"0.01"	"0.005"	"0.01"	"100000"	"10000"	"200"	"825356398391038381"	80000	"slope"	-0.522667775
"0.35"	"0.8"	"0.15"	"0.01"	"0.005"	"0.01"	"100000"	"10000"	"200"	"825356398391038381"	80000	"intercept"	0.619341975
"0.35"	"0.8"	"0.15"	"0.01"	"0.005"	"0.01"	"100000"	"10000"	"200"	"825356398391038381"	85000	"slope"	-0.54213465
"0.35"	"0.8"	"0.15"	"0.01"	"0.005"	"0.01"	"100000"	"10000"	"200"	"825356398391038381"	85000	"intercept"	0.63440621
"0.35"	"0.8"	"0.15"	"0.01"	"0.005"	"0.01"	"100000"	"10000"	"200"	"825356398391038381"	90000	"slope"	-0.52544991
"0.35"	"0.8"	"0.15"	"0.01"	"0.005"	"0.01"	"100000"	"10000"	"200"	"825356398391038381"	90000	"intercept"	0.61480556
"0.35"	"0.8"	"0.15"	"0.01"	"0.005"	"0.01"	"100000"	"10000"	"200"	"825356398391038381"	95000	"slope"	-0.50123257
"0.35"	"0.8"	"0.15"	"0.01"	"0.005"	"0.01"	"100000"	"10000"	"200"	"825356398391038381"	95000	"intercept"	0.60809671
"0.35"	"0.8"	"0.15"	"0.01"	"0.005"	"0.01"	"100000"	"10000"	"200"	"825356398391038381"	100000	"slope"	-0.479404065
"0.35"	"0.8"	"0.15"	"0.01"	"0.005"	"0.01"	"100000"	"10000"	"200"	"825356398391038381"	100000	"intercept"	0.58542361
"0.45"	"0.0"	"0.15"	"0.01"	"0.005"	"0.01"	"100000"	"10000"	"200"	"2543210239909204195"	10	"slope"	-7.44265e-05
"0.45"	"0.0"	"0.15"	"0.01"	"0.005"	"0.01"	"100000"	"10000"	"200"	"2543210239909204195"	10	"intercept"	0.499916005
"0.45"	"0.0"	"0.15"	"0.01"	"0.005"	"0.01"	"100000"	"10000"	"200"	"2543210239909204195"	5000	"slope"	-0.082023569
"0.45"	"0.0"	"0.15"	"0.01"	"0.005"	"0.01"	"100000"	"10000"	"200"	"2543210239909204195"	5000	"intercept"	0.44065161
"0.45"	"0.0"	"0.15"	"0.01"	"0.005"	"0.01"	"100000"	"10000"	"200"	"2543210239909204195"	10000	"slope"	-0.1594587615
"0.45"	"0.0"	"0.15"	"0.01"	"0.005"	"0.01"	"100000"	"10000"	"200"	"2543210239909204195"	10000	"intercept"	0.487052445
"0.45"	"0.0"	"0.15"	"0.01"	"0.005"	"0.01"	"100000"	"10000"	"200"	"2543210239909204195"	15000	"slope"	-0.23566026
"0.45"	"0.0"	"0.15"	"0.01"	"0.005"	"0.01"	"100000"	"10000"	"200"	"2543210239909204195"	15000	"intercept"	0.53236335
"0.45"	"0.0"	"0.15"	"0.01"	"0.005"	"0.01"	"100000"	"10000"	"200"	"2543210239909204195"	20000	"slope"	-0.27890515
"0.45"	"0.0"	"0.15"	"0.01"	"0.005"	"0.01"	"100000"	"10000"	"200"	"2543210239909204195"	20000	"intercept"	0.54714632
"0.45"	"0.0"	"0.15"	"0.01"	"0.005"	"0.01"	"100000"	"10000"	"200"	"2543210239909204195"	25000	"slope"	-0.296519465
"0.45"	"0.0"	"0.15"	"0.01"	"0.005"	"0.01"	"100000"	"10000"	"200"	"2543210239909204195"	25000	"intercept"	0.57224479
"0.45"	"0.0"	"0.15"	"0.01"	"0.005"	"0.01"	"100000"	"10000"	"200"	"2543210239909204195"	30000	"slope"	-0.309038065
"0.45"	"0.0"	"0.15"	"0.01"	"0.005"	"0.01"	"100000"	"10000"	"200"	"2543210239909204195"	30000	"intercept"	0.56969278
"0.45"	"0.0"	"0.15"	"0.01"	"0.005"	"0.01"	"100000"	"10000"	"200"	"2543210239909204195"	35000	"slope"	-0.30541068
"0.45"	"0.0"	"0.15"	"0.01"	"0.005"	"0.01"	"100000"	"10000"	"200"	"2543210239909204195"	35000	"intercept"	0.56587093
"0.45"	"0.0"	"0.15"	"0.01"	"0.005"	"0.01"	"100000"	"10000"	"200"	"2543210239909204195"	40000	"slope"	-0.31607266
"0.45"	"0.0"	"0.15"	"0.01"	"0.005"	"0.01"	"100000"	"10000"	"200"	"2543210239909204195"	40000	"intercept"	0.57439739
"0.45"	"0.0"	"0.15"	"0.01"	"0.005"	"0.01"	"100000"	"10000"	"200"	"2543210239909204195"	45000	"slope"	-0.32297526
"0.45"	"0.0"	"0.15"	"0.01"	"0.005"	"0.01"	"100000"	"10000"	"200"	"2543210239909204195"	45000	"intercept"	0.580375585
"0.45"	"0.0"	"0.15"	"0.01"	"0.005"	"0.01"	"100000"	"10000"	"200"	"2543210239909204195"	50000	"slope"	-0.32977454
"0.45"	"0.0"	"0.15"	"0.01"	"0.005"	"0.01"	"100000"	"10000"	"200"	"2543210239909204195"	50000	"intercept"	0.58133404
"0.45"	"0.0"	"0.15"	"0.01"	"0.005"	"0.01"	"100000"	"10000"	"200"	"2543210239909204195"	55000	"slope"	-0.325548465
"0.45"	"0.0"	"0.15"	"0.01"	"0.005"	"0.01"	"100000"	"10000"	"200"	"2543210239909204195"	55000	"intercept"	0.589930205
"0.45"	"0.0"	"0.15"	"0.01"	"0.005"	"0.01"	"100000"	"10000"	"200"	"2543210239909204195"	60000	"slope"	-0.31071235
"0.45"	"0.0"	"0.15"	"0.01"	"0.005"	"0.01"	"100000"	"10000"	"200"	"2543210239909204195"	60000	"intercept"	0.574869175
"0.45"	"0.0"	"0.15"	"0.01"	"0.005"	"0.01"	"100000"	"10000"	"200"	"2543210239909204195"	65000	"slope"	-0.34302524
"0.45"	"0.0"	"0.15"	"0.01"	"0.005"	"0.01"	"100000"	"10000"	"200"	"2543210239909204195"	65000	"intercept"	0.583731215
"0.45"	"0.0"	"0.15"	"0.01"	"0.005"	"0.01"	"100000"	"10000"	"200"	"2543210239909204195"	70000	"slope"	-0.32536105
"0.45"	"0.0"	"0.15"	"0.01"	"0.005"	"0.01"	"100000"	"10000"	"200"	"2543210239909204195"	70000	"intercept"	0.58294301
"0.45"	"0.0"	"0.15"	"0.01"	"0.005"	"0.01"	"100000"	"10000"	"200"	"2543210239909204195"	75000	"slope"	-0.31663249
"0.45"	"0.0"	"0.15"	"0.01"	"0.005"	"0.01"	"100000"	"10000"	"200"	"2543210239909204195"	75000	"intercept"	0.57757158
"0.45"	"0.0"	"0.15"	"0.01"	"0.005"	"0.01"	"100000"	"10000"	"200"	"2543210239909204195"	80000	"slope"	-0.337638645
"0.45"	"0.0"	"0.15"	"0.01"	"0.005"	"0.01"	"100000"	"10000"	"200"	"2543210239909204195"	80000	"intercept"	0.587114335
"0.45"	"0.0"	"0.15"	"0.01"	"0.005"	"0.01"	"100000"	"10000"	"200"	"2543210239909204195"	85000	"slope"	-0.30309215
"0.45"	"0.0"	"0.15"	"0.01"	"0.005"	"0.01"	"100000"	"10000"	"200"	"2543210239909204195"	85000	"intercept"	0.56549764
"0.45"	"0.0"	"0.15"	"0.01"	"0.005"	"0.01"	"100000"	"10000"	"200"	"2543210239909204195"	90000	"slope"	-0.278661255
"0.45"	"0.0"	"0.15"	"0.01"	"0.005"	"0.01"	"100000"	"10000"	"200"	"2543210239909204195"	90000	"intercept"	0.55865444
"0.45"	"0.0"	"0.15"	"0.01"	"0.005"	"0.01"	"100000"	"10000"	"200"	"2543210239909204195"	95000	"slope"	-0.29679999
"0.45"	"0.0"	"0.15"	"0.01"	"0.005"	"0.01"	"100000"	"10000"	"200"	"2543210239909204195"	95000	"intercept"	0.565371045
"0.45"	"0.0"	"0.15"	"0.01"	"0.005"	"0.01"	"100000"	"10000"	"200"	"2543210239909204195"	100000	"slope"	-0.29301534
"0.45"	"0.0"	"0.15"	"0.01"	"0.005"	"0.01"	"100000"	"10000"	"200"	"2543210239909204195"	100000	"intercept"	0.565654695
"0.45"	"0.0"	"0.15"	"0.01"	"0.005"	"0.01"	"100000"	"10000"	"200"	"3701284119558952422"	10	"slope"	-2.589715e-05
"0.45"	"0.0"	"0.15"	"0.01"	"0.005"	"0.01"	"100000"	"10000"	"200"	"3701284119558952422"	10	"intercept"	0.50008929
"0.45"	"0.0"	"0.15"	"0.01"	"0.005"	"0.01"	"100000"	"10000"	"200"	"3701284119558952422"	5000	"slope"	-0.10956499405
"0.45"	"0.0"	"0.15"	"0.01"	"0.005"	"0.01"	"100000"	"10000"	"200"	"3701284119558952422"	5000	"intercept"	0.458863795
"0.45"	"0.0"	"0.15"	"0.01"	"0.005"	"0.01"	"100000"	"10000"	"200"	"3701284119558952422"	10000	"slope"	-0.227953635
"0.45"	"0.0"	"0.15"	"0.01"	"0.005"	"0.01"	"100000"	"10000"	"200"	"3701284119558952422"	10000	"intercept"	0.52030834
"0.45"	"0.0"	"0.15"	"0.01"	"0.005"	"0.01"	"100000"	"10000"	"200"	"3701284119558952422"	15000	"slope"	-0.2698197
"0.45"	"0.0"	"0.15"	"0.01"	"0.005"	"0.01"	"100000"	"10000"	"200"	"3701284119558952422"	15000	"intercept"	0.551012195
"0.45"	"0.0"	"0.15"	"0.01"	"0.005"	"0.01"	"100000"	"10000"	"200"	"3701284119558952422"	20000	"slope"	-0.31023355
"0.45"	"0.0"	"0.15"	"0.01"	"0.005"	"0.01"	"100000"	"10000"	"200"	"3701284119558952422"	20000	"intercept"	0.56410847
"0.45"	"0.0"	"0.15"	"0.01"	"0.005"	"0.01"	"100000"	"10000"	"200"	"3701284119558952422"	25000	"slope"	-0.30777966
"0.45"	"0.0"	"0.15"	"0.01"	"0.005"	"0.01"	"100000"	"10000"	"200"	"3701284119558952422"	25000	"intercept"	0.57924278
"0.45"	"0.0"	"0.15"	"0.01"	"0.005"	"0.01"	"100000"	"10000"	"200"	"3701284119558952422"	30000	"slope"	-0.32361801
"0.45"	"0.0"	"0.15"	"0.01"	"0.005"	"0.01"	"100000"	"10000"	"200"	"3701284119558952422"	30000	"intercept"	0.578030065
"0.45"	"0.0"	"0.15"	"0.01"	"0.005"	"0.01"	"100000"	"10000"	"200"	"3701284119558952422"	35000	"slope"	-0.349820805
"0.45"	"0.0"	"0.15"	"0.01"	"0.005"	"0.01"	"100000"	"10000"	"200"	"3701284119558952422"	35000	"intercept"	0.598571815
"0.45"	"0.0"	"0.15"	"0.01"	"0.005"	"0.01"	"100000"	"10000"	"200"	"3701284119558952422"	40000	"slope"	-0.333245075
"0.45"	"0.0"	"0.15"	"0.01"	"0.005"	"0.01"	"100000"	"10000"	"200"	"3701284119558952422"	40000	"intercept"	0.57839163
"0.45"	"0.0"	"0.15"	"0.01"	"0.005"	"0.01"	"100000"	"10000"	"200"	"3701284119558952422"	45000	"slope"	-0.35402296
"0.45"	"0.0"	"0.15"	"0.01"	"0.005"	"0.01"	"100000"	"10000"	"200"	"3701284119558952422"	45000	"intercept"	0.60398238
"0.45"	"0.0"	"0.15"	"0.01"	"0.005"	"0.01"	"100000"	"10000"	"200"	"3701284119558952422"	50000	"slope"	-0.32891234
"0.45"	"0.0"	"0.15"	"0.01"	"0.005"	"0.01"	"100000"	"10000"	"200"	"3701284119558952422"	50000	"intercept"	0.59025756
"0.45"	"0.0"	"0.15"	"0.01"	"0.005"	"0.01"	"100000"	"10000"	"200"	"3701284119558952422"	55000	"slope"	-0.32360826
"0.45"	"0.0"	"0.15"	"0.01"	"0.005"	"0.01"	"100000"	"10000"	"200"	"3701284119558952422"	55000	"intercept"	0.58147684
"0.45"	"0.0"	"0.15"	"0.01"	"0.005"	"0.01"	"100000"	"10000"	"200"	"3701284119558952422"	60000	"slope"	-0.324189585
"0.45"	"0.0"	"0.15"	"0.01"	"0.005"	"0.01"	"100000"	"10000"	"200"	"3701284119558952422"	60000	"intercept"	0.587139635
"0.45"	"0.0"	"0.15"	"0.01"	"0.005"	"0.01"	"100000"	"10000"	"200"	"3701284119558952422"	65000	"slope"	-0.303641985
"0.45"	"0.0"	"0.15"	"0.01"	"0.005"	"0.01"	"100000"	"10000"	"200"	"3701284119558952422"	65000	"intercept"	0.57269895
"0.45"	"0.0"	"0.15"	"0.01"	"0.005"	"0.01"	"100000"	"10000"	"200"	"3701284119558952422"	70000	"slope"	-0.329192915
"0.45"	"0.0"	"0.15"	"0.01"	"0.005"	"0.01"	"100000"	"10000"	"200"	"3701284119558952422"	70000	"intercept"	0.58583711
"0.45"	"0.0"	"0.15"	"0.01"	"0.005"	"0.01"	"100000"	"10000"	"200"	"3701284119558952422"	75000	"slope"	-0.32961191
"0.45"	"0.0"	"0.15"	"0.01"	"0.005"	"0.01"	"100000"	"10000"	"200"	"3701284119558952422"	75000	"intercept"	0.58906963
"0.45"	"0.0"	"0.15"	"0.01"	"0.005"	"0.01"	"100000"	"10000"	"200"	"3701284119558952422"	80000	"slope"	-0.351860865
"0.45"	"0.0"	"0.15"	"0.01"	"0.005"	"0.01"	"100000"	"10000"	"200"	"3701284119558952422"	80000	"intercept"	0.606039705
"0.45"	"0.0"	"0.15"	"0.01"	"0.005"	"0.01"	"100000"	"10000"	"200"	"3701284119558952422"	85000	"slope"	-0.3249647
"0.45"	"0.0"	"0.15"	"0.01"	"0.005"	"0.01"	"100000"	"10000"	"200"	"3701284119558952422"	85000	"intercept"	0.59071567
"0.45"	"0.0"	"0.15"	"0.01"	"0.005"	"0.01"	"100000"	"10000"	"200"	"3701284119558952422"	90000	"slope"	-0.339307255
"0.45"	"0.0"	"0.15"	"0.01"	"0.005"	"0.01"	"100000"	"10000"	"200"	"3701284119558952422"	90000	"intercept"	0.583526315
"0.45"	"0.0"	"0.15"	"0.01"	"0.005"	"0.01"	"100000"	"10000"	"200"	"3701284119558952422"	95000	"slope"	-0.30178886
"0.45"	"0.0"	"0.15"	"0.01"	"0.005"	"0.01"	"100000"	"10000"	"200"	"3701284119558952422"	95000	"intercept"	0.56601499
"0.45"	"0.0"	"0.15"	"0.01"	"0.005"	"0.01"	"100000"	"10000"	"200"	"3701284119558952422"	100000	"slope"	-0.30567032
"0.45"	"0.0"	"0.15"	"0.01"	"0.005"	"0.01"	"100000"	"10000"	"200"	"3701284119558952422"	100000	"intercept"	0.57152804
"0.45"	"0.0"	"0.15"	"0.01"	"0.005"	"0.01"	"100000"	"10000"	"200"	"7537574588731218667"	10	"slope"	1.8456275e-05
"0.45"	"0.0"	"0.15"	"0.01"	"0.005"	"0.01"	"100000"	"10000"	"200"	"7537574588731218667"	10	"intercept"	0.50001967
"0.45"	"0.0"	"0.15"	"0.01"	"0.005"	"0.01"	"100000"	"10000"	"200"	"7537574588731218667"	5000	"slope"	-0.1092165075
"0.45"	"0.0"	"0.15"	"0.01"	"0.005"	"0.01"	"100000"	"10000"	"200"	"7537574588731218667"	5000	"intercept"	0.464886935
"0.45"	"0.0"	"0.15"	"0.01"	"0.005"	"0.01"	"100000"	"10000"	"200"	"7537574588731218667"	10000	"slope"	-0.1587684785
"0.45"	"0.0"	"0.15"	"0.01"	"0.005"	"0.01"	"100000"	"10000"	"200"	"7537574588731218667"	10000	"intercept"	0.487225295
"0.45"	"0.0"	"0.15"	"0.01"	"0.005"	"0.01"	"100000"	"10000"	"200"	"7537574588731218667"	15000	"slope"	-0.201979895
"0.45"	"0.0"	"0.15"	"0.01"	"0.005"	"0.01"	"100000"	"10000"	"200"	"7537574588731218667"	15000	"intercept"	0.51121829
"0.45"	"0.0"	"0.15"	"0.01"	"0.005"	"0.01"	"100000"	"10000"	"200"	"7537574588731218667"	20000	"slope"	-0.257497525
"0.45"	"0.0"	"0.15"	"0.01"	"0.005"	"0.01"	"100000"	"10000"	"200"	"7537574588731218667"	20000	"intercept"	0.545968445
"0.45"	"0.0"	"0.15"	"0.01"	"0.005"	"0.01"	"100000"	"10000"	"200"	"7537574588731218667"	25000	"slope"	-0.30667702
"0.45"	"0.0"	"0.15"	"0.01"	"0.005"	"0.01"	"100000"	"10000"	"200"	"7537574588731218667"	25000	"intercept"	0.571647545
"0.45"	"0.0"	"0.15"	"0.01"	"0.005"	"0.01"	"100000"	"10000"	"200"	"7537574588731218667"	30000	"slope"	-0.318348575
"0.45"	"0.0"	"0.15"	"0.01"	"0.005"	"0.01"	"100000"	"10000"	"200"	"7537574588731218667"	30000	"intercept"	0.573686315
"0.45"	"0.0"	"0.15"	"0.01"	"0.005"	"0.01"	"100000"	"10000"	"200"	"7537574588731218667"	35000	"slope"	-0.31614679
"0.45"	"0.0"	"0.15"	"0.01"	"0.005"	"0.01"	"100000"	"10000"	"200"	"7537574588731218667"	35000	"intercept"	0.57288128
"0.45"	"0.0"	"0.15"	"0.01"	"0.005"	"0.01"	"100000"	"10000"	"200"	"7537574588731218667"	40000	"slope"	-0.306442
"0.45"	"0.0"	"0.15"	"0.01"	"0.005"	"0.01"	"100000"	"10000"	"200"	"7537574588731218667"	40000	"intercept"	0.573292235
"0.45"	"0.0"	"0.15"	"0.01"	"0.005"	"0.01"	"100000"	"10000"	"200"	"7537574588731218667"	45000	"slope"	-0.341666605
"0.45"	"0.0"	"0.15"	"0.01"	"0.005"	"0.01"	"100000"	"10000"	"200"	"7537574588731218667"	45000	"intercept"	0.593263095
"0.45"	"0.0"	"0.15"	"0.01"	"0.005"	"0.01"	"100000"	"10000"	"200"	"7537574588731218667"	50000	"slope"	-0.29616111
"0.45"	"0.0"	"0.15"	"0.01"	"0.005"	"0.01"	"100000"	"10000"	"200"	"7537574588731218667"	50000	"intercept"	0.56374595
"0.45"	"0.0"	"0.15"	"0.01"	"0.005"	"0.01"	"100000"	"10000"	"200"	"7537574588731218667"	55000	"slope"	-0.311690345
"0.45"	"0.0"	"0.15"	"0.01"	"0.005"	"0.01"	"100000"	"10000"	"200"	"7537574588731218667"	55000	"intercept"	0.57582339
"0.45"	"0.0"	"0.15"	"0.01"	"0.005"	"0.01"	"100000"	"10000"	"200"	"7537574588731218667"	60000	"slope"	-0.25494387
"0.45"	"0.0"	"0.15"	"0.01"	"0.005"	"0.01"	"100000"	"10000"	"200"	"7537574588731218667"	60000	"intercept"	0.541159875
"0.45"	"0.0"	"0.15"	"0.01"	"0.005"	"0.01"	"100000"	"10000"	"200"	"7537574588731218667"	65000	"slope"	-0.308925325
"0.45"	"0.0"	"0.15"	"0.01"	"0.005"	"0.01"	"100000"	"10000"	"200"	"7537574588731218667"	65000	"intercept"	0.57556102
"0.45"	"0.0"	"0.15"	"0.01"	"0.005"	"0.01"	"100000"	"10000"	"200"	"7537574588731218667"	70000	"slope"	-0.31661616
"0.45"	"0.0"	"0.15"	"0.01"	"0.005"	"0.01"	"100000"	"10000"	"200"	"7537574588731218667"	70000	"intercept"	0.572840015
"0.45"	"0.0"	"0.15"	"0.01"	"0.005"	"0.01"	"100000"	"10000"	"200"	"7537574588731218667"	75000	"slope"	-0.277666415
"0.45"	"0.0"	"0.15"	"0.01"	"0.005"	"0.01"	"100000"	"10000"	"200"	"7537574588731218667"	75000	"intercept"	0.560668975
"0.45"	"0.0"	"0.15"	"0.01"	"0.005"	"0.01"	"100000"	"10000"	"200"	"7537574588731218667"	80000	"slope"	-0.302345805
"0.45"	"0.0"	"0.15"	"0.01"	"0.005"	"0.01"	"100000"	"10000"	"200"	"7537574588731218667"	80000	"intercept"	0.5662206
"0.45"	"0.0"	"0.15"	"0.01"	"0.005"	"0.01"	"100000"	"10000"	"200"	"7537574588731218667"	85000	"slope"	-0.27825646
"0.45"	"0.0"	"0.15"	"0.01"	"0.005"	"0.01"	"100000"	"10000"	"200"	"7537574588731218667"	85000	"intercept"	0.550608095
"0.45"	"0.0"	"0.15"	"0.01"	"0.005"	"0.01"	"100000"	"10000"	"200"	"7537574588731218667"	90000	"slope"	-0.281318235
"0.45"	"0.0"	"0.15"	"0.01"	"0.005"	"0.01"	"100000"	"10000"	"200"	"7537574588731218667"	90000	"intercept"	0.560531415
"0.45"	"0.0"	"0.15"	"0.01"	"0.005"	"0.01"	"100000"	"10000"	"200"	"7537574588731218667"	95000	"slope"	-0.30984673
"0.45"	"0.0"	"0.15"	"0.01"	"0.005"	"0.01"	"100000"	"10000"	"200"	"7537574588731218667"	95000	"intercept"	0.573941985
"0.45"	"0.0"	"0.15"	"0.01"	"0.005"	"0.01"	"100000"	"10000"	"200"	"7537574588731218667"	100000	"slope"	-0.3212262
"0.45"	"0.0"	"0.15"	"0.01"	"0.005"	"0.01"	"100000"	"10000"	"200"	"7537574588731218667"	100000	"intercept"	0.57498498
"0.45"	"0.4"	"0.15"	"0.01"	"0.005"	"0.01"	"100000"	"10000"	"200"	"2707516908768399629"	10	"slope"	0.00017212857
"0.45"	"0.4"	"0.15"	"0.01"	"0.005"	"0.01"	"100000"	"10000"	"200"	"2707516908768399629"	10	"intercept"	0.500059845
"0.45"	"0.4"	"0.15"	"0.01"	"0.005"	"0.01"	"100000"	"10000"	"200"	"2707516908768399629"	5000	"slope"	-0.1412778215
"0.45"	"0.4"	"0.15"	"0.01"	"0.005"	"0.01"	"100000"	"10000"	"200"	"2707516908768399629"	5000	"intercept"	0.431763625
"0.45"	"0.4"	"0.15"	"0.01"	"0.005"	"0.01"	"100000"	"10000"	"200"	"2707516908768399629"	10000	"slope"	-0.26282325
"0.45"	"0.4"	"0.15"	"0.01"	"0.005"	"0.01"	"100000"	"10000"	"200"	"2707516908768399629"	10000	"intercept"	0.50389913
"0.45"	"0.4"	"0.15"	"0.01"	"0.005"	"0.01"	"100000"	"10000"	"200"	"2707516908768399629"	15000	"slope"	-0.303335135
"0.45"	"0.4"	"0.15"	"0.01"	"0.005"	"0.01"	"100000"	"10000"	"200"	"2707516908768399629"	15000	"intercept"	0.52894602
"0.45"	"0.4"	"0.15"	"0.01"	"0.005"	"0.01"	"100000"	"10000"	"200"	"2707516908768399629"	20000	"slope"	-0.336522495
"0.45"	"0.4"	"0.15"	"0.01"	"0.005"	"0.01"	"100000"	"10000"	"200"	"2707516908768399629"	20000	"intercept"	0.55072456
"0.45"	"0.4"	"0.15"	"0.01"	"0.005"	"0.01"	"100000"	"10000"	"200"	"2707516908768399629"	25000	"slope"	-0.39015873
"0.45"	"0.4"	"0.15"	"0.01"	"0.005"	"0.01"	"100000"	"10000"	"200"	"2707516908768399629"	25000	"intercept"	0.578558455
"0.45"	"0.4"	"0.15"	"0.01"	"0.005"	"0.01"	"100000"	"10000"	"200"	"2707516908768399629"	30000	"slope"	-0.390317995
"0.45"	"0.4"	"0.15"	"0.01"	"0.005"	"0.01"	"100000"	"10000"	"200"	"2707516908768399629"	30000	"intercept"	0.581988935
"0.45"	"0.4"	"0.15"	"0.01"	"0.005"	"0.01"	"100000"	"10000"	"200"	"2707516908768399629"	35000	"slope"	-0.41511379
"0.45"	"0.4"	"0.15"	"0.01"	"0.005"	"0.01"	"100000"	"10000"	"200"	"2707516908768399629"	35000	"intercept"	0.60157936
"0.45"	"0.4"	"0.15"	"0.01"	"0.005"	"0.01"	"100000"	"10000"	"200"	"2707516908768399629"	40000	"slope"	-0.449945655
"0.45"	"0.4"	"0.15"	"0.01"	"0.005"	"0.01"	"100000"	"10000"	"200"	"2707516908768399629"	40000	"intercept"	0.620601915
"0.45"	"0.4"	"0.15"	"0.01"	"0.005"	"0.01"	"100000"	"10000"	"200"	"2707516908768399629"	45000	"slope"	-0.44456735
"0.45"	"0.4"	"0.15"	"0.01"	"0.005"	"0.01"	"100000"	"10000"	"200"	"2707516908768399629"	45000	"intercept"	0.61821999
"0.45"	"0.4"	"0.15"	"0.01"	"0.005"	"0.01"	"100000"	"10000"	"200"	"2707516908768399629"	50000	"slope"	-0.44076519
"0.45"	"0.4"	"0.15"	"0.01"	"0.005"	"0.01"	"100000"	"10000"	"200"	"2707516908768399629"	50000	"intercept"	0.621126535
"0.45"	"0.4"	"0.15"	"0.01"	"0.005"	"0.01"	"100000"	"10000"	"200"	"2707516908768399629"	55000	"slope"	-0.4416998
"0.45"	"0.4"	"0.15"	"0.01"	"0.005"	"0.01"	"100000"	"10000"	"200"	"2707516908768399629"	55000	"intercept"	0.61598859
"0.45"	"0.4"	"0.15"	"0.01"	"0.005"	"0.01"	"100000"	"10000"	"200"	"2707516908768399629"	60000	"slope"	-0.42775693
"0.45"	"0.4"	"0.15"	"0.01"	"0.005"	"0.01"	"100000"	"10000"	"200"	"2707516908768399629"	60000	"intercept"	0.605096475
"0.45"	"0.4"	"0.15"	"0.01"	"0.005"	"0.01"	"100000"	"10000"	"200"	"2707516908768399629"	65000	"slope"	-0.455125255
"0.45"	"0.4"	"0.15"	"0.01"	"0.005"	"0.01"	"100000"	"10000"	"200"	"2707516908768399629"	65000	"intercept"	0.62599394
"0.45"	"0.4"	"0.15"	"0.01"	"0.005"	"0.01"	"100000"	"10000"	"200"	"2707516908768399629"	70000	"slope"	-0.392129385
"0.45"	"0.4"	"0.15"	"0.01"	"0.005"	"0.01"	"100000"	"10000"	"200"	"2707516908768399629"	70000	"intercept"	0.58194276
"0.45"	"0.4"	"0.15"	"0.01"	"0.005"	"0.01"	"100000"	"10000"	"200"	"2707516908768399629"	75000	"slope"	-0.398506355
"0.45"	"0.4"	"0.15"	"0.01"	"0.005"	"0.01"	"100000"	"10000"	"200"	"2707516908768399629"	75000	"intercept"	0.58686365
"0.45"	"0.4"	"0.15"	"0.01"	"0.005"	"0.01"	"100000"	"10000"	"200"	"2707516908768399629"	80000	"slope"	-0.45461469
"0.45"	"0.4"	"0.15"	"0.01"	"0.005"	"0.01"	"100000"	"10000"	"200"	"2707516908768399629"	80000	"intercept"	0.622085525
"0.45"	"0.4"	"0.15"	"0.01"	"0.005"	"0.01"	"100000"	"10000"	"200"	"2707516908768399629"	85000	"slope"	-0.376709305
"0.45"	"0.4"	"0.15"	"0.01"	"0.005"	"0.01"	"100000"	"10000"	"200"	"2707516908768399629"	85000	"intercept"	0.56847826
"0.45"	"0.4"	"0.15"	"0.01"	"0.005"	"0.01"	"100000"	"10000"	"200"	"2707516908768399629"	90000	"slope"	-0.373903505
"0.45"	"0.4"	"0.15"	"0.01"	"0.005"	"0.01"	"100000"	"10000"	"200"	"2707516908768399629"	90000	"intercept"	0.575355485
"0.45"	"0.4"	"0.15"	"0.01"	"0.005"	"0.01"	"100000"	"10000"	"200"	"2707516908768399629"	95000	"slope"	-0.391124035
"0.45"	"0.4"	"0.15"	"0.01"	"0.005"	"0.01"	"100000"	"10000"	"200"	"2707516908768399629"	95000	"intercept"	0.57853914
"0.45"	"0.4"	"0.15"	"0.01"	"0.005"	"0.01"	"100000"	"10000"	"200"	"2707516908768399629"	100000	"slope"	-0.38104274
"0.45"	"0.4"	"0.15"	"0.01"	"0.005"	"0.01"	"100000"	"10000"	"200"	"2707516908768399629"	100000	"intercept"	0.578497435
"0.45"	"0.4"	"0.15"	"0.01"	"0.005"	"0.01"	"100000"	"10000"	"200"	"4504275736038744246"	10	"slope"	6.1923505e-05
"0.45"	"0.4"	"0.15"	"0.01"	"0.005"	"0.01"	"100000"	"10000"	"200"	"4504275736038744246"	10	"intercept"	0.49980368
"0.45"	"0.4"	"0.15"	"0.01"	"0.005"	"0.01"	"100000"	"10000"	"200"	"4504275736038744246"	5000	"slope"	-0.1217379255
"0.45"	"0.4"	"0.15"	"0.01"	"0.005"	"0.01"	"100000"	"10000"	"200"	"4504275736038744246"	5000	"intercept"	0.42186843
"0.45"	"0.4"	"0.15"	"0.01"	"0.005"	"0.01"	"100000"	"10000"	"200"	"4504275736038744246"	10000	"slope"	-0.2890508
"0.45"	"0.4"	"0.15"	"0.01"	"0.005"	"0.01"	"100000"	"10000"	"200"	"4504275736038744246"	10000	"intercept"	0.508703995
"0.45"	"0.4"	"0.15"	"0.01"	"0.005"	"0.01"	"100000"	"10000"	"200"	"4504275736038744246"	15000	"slope"	-0.321475895
"0.45"	"0.4"	"0.15"	"0.01"	"0.005"	"0.01"	"100000"	"10000"	"200"	"4504275736038744246"	15000	"intercept"	0.539978455
"0.45"	"0.4"	"0.15"	"0.01"	"0.005"	"0.01"	"100000"	"10000"	"200"	"4504275736038744246"	20000	"slope"	-0.32086959
"0.45"	"0.4"	"0.15"	"0.01"	"0.005"	"0.01"	"100000"	"10000"	"200"	"4504275736038744246"	20000	"intercept"	0.544462205
"0.45"	"0.4"	"0.15"	"0.01"	"0.005"	"0.01"	"100000"	"10000"	"200"	"4504275736038744246"	25000	"slope"	-0.34116585
"0.45"	"0.4"	"0.15"	"0.01"	"0.005"	"0.01"	"100000"	"10000"	"200"	"4504275736038744246"	25000	"intercept"	0.55274309
"0.45"	"0.4"	"0.15"	"0.01"	"0.005"	"0.01"	"100000"	"10000"	"200"	"4504275736038744246"	30000	"slope"	-0.38617179
"0.45"	"0.4"	"0.15"	"0.01"	"0.005"	"0.01"	"100000"	"10000"	"200"	"4504275736038744246"	30000	"intercept"	0.57869804
"0.45"	"0.4"	"0.15"	"0.01"	"0.005"	"0.01"	"100000"	"10000"	"200"	"4504275736038744246"	35000	"slope"	-0.40461173
"0.45"	"0.4"	"0.15"	"0.01"	"0.005"	"0.01"	"100000"	"10000"	"200"	"4504275736038744246"	35000	"intercept"	0.588775695
"0.45"	"0.4"	"0.15"	"0.01"	"0.005"	"0.01"	"100000"	"10000"	"200"	"4504275736038744246"	40000	"slope"	-0.42904827
"0.45"	"0.4"	"0.15"	"0.01"	"0.005"	"0.01"	"100000"	"10000"	"200"	"4504275736038744246"	40000	"intercept"	0.60710892
"0.45"	"0.4"	"0.15"	"0.01"	"0.005"	"0.01"	"100000"	"10000"	"200"	"4504275736038744246"	45000	"slope"	-0.410208705
"0.45"	"0.4"	"0.15"	"0.01"	"0.005"	"0.01"	"100000"	"10000"	"200"	"4504275736038744246"	45000	"intercept"	0.59053828
"0.45"	"0.4"	"0.15"	"0.01"	"0.005"	"0.01"	"100000"	"10000"	"200"	"4504275736038744246"	50000	"slope"	-0.39019754
"0.45"	"0.4"	"0.15"	"0.01"	"0.005"	"0.01"	"100000"	"10000"	"200"	"4504275736038744246"	50000	"intercept"	0.58131211
"0.45"	"0.4"	"0.15"	"0.01"	"0.005"	"0.01"	"100000"	"10000"	"200"	"4504275736038744246"	55000	"slope"	-0.417408565
"0.45"	"0.4"	"0.15"	"0.01"	"0.005"	"0.01"	"100000"	"10000"	"200"	"4504275736038744246"	55000	"intercept"	0.59783479
"0.45"	"0.4"	"0.15"	"0.01"	"0.005"	"0.01"	"100000"	"10000"	"200"	"4504275736038744246"	60000	"slope"	-0.41878484
"0.45"	"0.4"	"0.15"	"0.01"	"0.005"	"0.01"	"100000"	"10000"	"200"	"4504275736038744246"	60000	"intercept"	0.60427855
"0.45"	"0.4"	"0.15"	"0.01"	"0.005"	"0.01"	"100000"	"10000"	"200"	"4504275736038744246"	65000	"slope"	-0.465093805
"0.45"	"0.4"	"0.15"	"0.01"	"0.005"	"0.01"	"100000"	"10000"	"200"	"4504275736038744246"	65000	"intercept"	0.637324295
"0.45"	"0.4"	"0.15"	"0.01"	"0.005"	"0.01"	"100000"	"10000"	"200"	"4504275736038744246"	70000	"slope"	-0.417566275
"0.45"	"0.4"	"0.15"	"0.01"	"0.005"	"0.01"	"100000"	"10000"	"200"	"4504275736038744246"	70000	"intercept"	0.60196939
"0.45"	"0.4"	"0.15"	"0.01"	"0.005"	"0.01"	"100000"	"10000"	"200"	"4504275736038744246"	75000	"slope"	-0.396765345
"0.45"	"0.4"	"0.15"	"0.01"	"0.005"	"0.01"	"100000"	"10000"	"200"	"4504275736038744246"	75000	"intercept"	0.58591174
"0.45"	"0.4"	"0.15"	"0.01"	"0.005"	"0.01"	"100000"	"10000"	"200"	"4504275736038744246"	80000	"slope"	-0.39971732
"0.45"	"0.4"	"0.15"	"0.01"	"0.005"	"0.01"	"100000"	"10000"	"200"	"4504275736038744246"	80000	"intercept"	0.58682709
"0.45"	"0.4"	"0.15"	"0.01"	"0.005"	"0.01"	"100000"	"10000"	"200"	"4504275736038744246"	85000	"slope"	-0.41283931
"0.45"	"0.4"	"0.15"	"0.01"	"0.005"	"0.01"	"100000"	"10000"	"200"	"4504275736038744246"	85000	"intercept"	0.597398665
"0.45"	"0.4"	"0.15"	"0.01"	"0.005"	"0.01"	"100000"	"10000"	"200"	"4504275736038744246"	90000	"slope"	-0.414240095
"0.45"	"0.4"	"0.15"	"0.01"	"0.005"	"0.01"	"100000"	"10000"	"200"	"4504275736038744246"	90000	"intercept"	0.600582435
"0.45"	"0.4"	"0.15"	"0.01"	"0.005"	"0.01"	"100000"	"10000"	"200"	"4504275736038744246"	95000	"slope"	-0.424483365
"0.45"	"0.4"	"0.15"	"0.01"	"0.005"	"0.01"	"100000"	"10000"	"200"	"4504275736038744246"	95000	"intercept"	0.605144485
"0.45"	"0.4"	"0.15"	"0.01"	"0.005"	"0.01"	"100000"	"10000"	"200"	"4504275736038744246"	100000	"slope"	-0.455963965
"0.45"	"0.4"	"0.15"	"0.01"	"0.005"	"0.01"	"100000"	"10000"	"200"	"4504275736038744246"	100000	"intercept"	0.62842951
"0.45"	"0.4"	"0.15"	"0.01"	"0.005"	"0.01"	"100000"	"10000"	"200"	"4842545453071188095"	10	"slope"	4.8217895e-05
"0.45"	"0.4"	"0.15"	"0.01"	"0.005"	"0.01"	"100000"	"10000"	"200"	"4842545453071188095"	10	"intercept"	0.499950885
"0.45"	"0.4"	"0.15"	"0.01"	"0.005"	"0.01"	"100000"	"10000"	"200"	"4842545453071188095"	5000	"slope"	-0.171339484
"0.45"	"0.4"	"0.15"	"0.01"	"0.005"	"0.01"	"100000"	"10000"	"200"	"4842545453071188095"	5000	"intercept"	0.45444494
"0.45"	"0.4"	"0.15"	"0.01"	"0.005"	"0.01"	"100000"	"10000"	"200"	"4842545453071188095"	10000	"slope"	-0.24074722
"0.45"	"0.4"	"0.15"	"0.01"	"0.005"	"0.01"	"100000"	"10000"	"200"	"4842545453071188095"	10000	"intercept"	0.4904635
"0.45"	"0.4"	"0.15"	"0.01"	"0.005"	"0.01"	"100000"	"10000"	"200"	"4842545453071188095"	15000	"slope"	-0.342789775
"0.45"	"0.4"	"0.15"	"0.01"	"0.005"	"0.01"	"100000"	"10000"	"200"	"4842545453071188095"	15000	"intercept"	0.55815434
"0.45"	"0.4"	"0.15"	"0.01"	"0.005"	"0.01"	"100000"	"10000"	"200"	"4842545453071188095"	20000	"slope"	-0.36682618
"0.45"	"0.4"	"0.15"	"0.01"	"0.005"	"0.01"	"100000"	"10000"	"200"	"4842545453071188095"	20000	"intercept"	0.56312553
"0.45"	"0.4"	"0.15"	"0.01"	"0.005"	"0.01"	"100000"	"10000"	"200"	"4842545453071188095"	25000	"slope"	-0.37744012
"0.45"	"0.4"	"0.15"	"0.01"	"0.005"	"0.01"	"100000"	"10000"	"200"	"4842545453071188095"	25000	"intercept"	0.57940762
"0.45"	"0.4"	"0.15"	"0.01"	"0.005"	"0.01"	"100000"	"10000"	"200"	"4842545453071188095"	30000	"slope"	-0.40308093
"0.45"	"0.4"	"0.15"	"0.01"	"0.005"	"0.01"	"100000"	"10000"	"200"	"4842545453071188095"	30000	"intercept"	0.59577474
"0.45"	"0.4"	"0.15"	"0.01"	"0.005"	"0.01"	"100000"	"10000"	"200"	"4842545453071188095"	35000	"slope"	-0.417797055
"0.45"	"0.4"	"0.15"	"0.01"	"0.005"	"0.01"	"100000"	"10000"	"200"	"4842545453071188095"	35000	"intercept"	0.60349081
"0.45"	"0.4"	"0.15"	"0.01"	"0.005"	"0.01"	"100000"	"10000"	"200"	"4842545453071188095"	40000	"slope"	-0.383753325
"0.45"	"0.4"	"0.15"	"0.01"	"0.005"	"0.01"	"100000"	"10000"	"200"	"4842545453071188095"	40000	"intercept"	0.576435245
"0.45"	"0.4"	"0.15"	"0.01"	"0.005"	"0.01"	"100000"	"10000"	"200"	"4842545453071188095"	45000	"slope"	-0.37146269
"0.45"	"0.4"	"0.15"	"0.01"	"0.005"	"0.01"	"100000"	"10000"	"200"	"4842545453071188095"	45000	"intercept"	0.57119284
"0.45"	"0.4"	"0.15"	"0.01"	"0.005"	"0.01"	"100000"	"10000"	"200"	"4842545453071188095"	50000	"slope"	-0.43402521
"0.45"	"0.4"	"0.15"	"0.01"	"0.005"	"0.01"	"100000"	"10000"	"200"	"4842545453071188095"	50000	"intercept"	0.600528545
"0.45"	"0.4"	"0.15"	"0.01"	"0.005"	"0.01"	"100000"	"10000"	"200"	"4842545453071188095"	55000	"slope"	-0.448426975
"0.45"	"0.4"	"0.15"	"0.01"	"0.005"	"0.01"	"100000"	"10000"	"200"	"4842545453071188095"	55000	"intercept"	0.6216146
"0.45"	"0.4"	"0.15"	"0.01"	"0.005"	"0.01"	"100000"	"10000"	"200"	"4842545453071188095"	60000	"slope"	-0.426931975
"0.45"	"0.4"	"0.15"	"0.01"	"0.005"	"0.01"	"100000"	"10000"	"200"	"4842545453071188095"	60000	"intercept"	0.611167925
"0.45"	"0.4"	"0.15"	"0.01"	"0.005"	"0.01"	"100000"	"10000"	"200"	"4842545453071188095"	65000	"slope"	-0.42748354
"0.45"	"0.4"	"0.15"	"0.01"	"0.005"	"0.01"	"100000"	"10000"	"200"	"4842545453071188095"	65000	"intercept"	0.603894805
"0.45"	"0.4"	"0.15"	"0.01"	"0.005"	"0.01"	"100000"	"10000"	"200"	"4842545453071188095"	70000	"slope"	-0.408475195
"0.45"	"0.4"	"0.15"	"0.01"	"0.005"	"0.01"	"100000"	"10000"	"200"	"4842545453071188095"	70000	"intercept"	0.58731254
"0.45"	"0.4"	"0.15"	"0.01"	"0.005"	"0.01"	"100000"	"10000"	"200"	"4842545453071188095"	75000	"slope"	-0.399117545
"0.45"	"0.4"	"0.15"	"0.01"	"0.005"	"0.01"	"100000"	"10000"	"200"	"4842545453071188095"	75000	"intercept"	0.584688425
"0.45"	"0.4"	"0.15"	"0.01"	"0.005"	"0.01"	"100000"	"10000"	"200"	"4842545453071188095"	80000	"slope"	-0.40479419
"0.45"	"0.4"	"0.15"	"0.01"	"0.005"	"0.01"	"100000"	"10000"	"200"	"4842545453071188095"	80000	"intercept"	0.59954514
"0.45"	"0.4"	"0.15"	"0.01"	"0.005"	"0.01"	"100000"	"10000"	"200"	"4842545453071188095"	85000	"slope"	-0.3831399
"0.45"	"0.4"	"0.15"	"0.01"	"0.005"	"0.01"	"100000"	"10000"	"200"	"4842545453071188095"	85000	"intercept"	0.584975305
"0.45"	"0.4"	"0.15"	"0.01"	"0.005"	"0.01"	"100000"	"10000"	"200"	"4842545453071188095"	90000	"slope"	-0.395980845
"0.45"	"0.4"	"0.15"	"0.01"	"0.005"	"0.01"	"100000"	"10000"	"200"	"4842545453071188095"	90000	"intercept"	0.581275265
"0.45"	"0.4"	"0.15"	"0.01"	"0.005"	"0.01"	"100000"	"10000"	"200"	"4842545453071188095"	95000	"slope"	-0.409979715
"0.45"	"0.4"	"0.15"	"0.01"	"0.005"	"0.01"	"100000"	"10000"	"200"	"4842545453071188095"	95000	"intercept"	0.59204428
"0.45"	"0.4"	"0.15"	"0.01"	"0.005"	"0.01"	"100000"	"10000"	"200"	"4842545453071188095"	100000	"slope"	-0.43865781
"0.45"	"0.4"	"0.15"	"0.01"	"0.005"	"0.01"	"100000"	"10000"	"200"	"4842545453071188095"	100000	"intercept"	0.61550201
"0.45"	"0.6"	"0.15"	"0.01"	"0.005"	"0.01"	"100000"	"10000"	"200"	"2772025598803963567"	10	"slope"	-3.46917175e-05
"0.45"	"0.6"	"0.15"	"0.01"	"0.005"	"0.01"	"100000"	"10000"	"200"	"2772025598803963567"	10	"intercept"	0.49973858
"0.45"	"0.6"	"0.15"	"0.01"	"0.005"	"0.01"	"100000"	"10000"	"200"	"2772025598803963567"	5000	"slope"	-0.1764926735
"0.45"	"0.6"	"0.15"	"0.01"	"0.005"	"0.01"	"100000"	"10000"	"200"	"2772025598803963567"	5000	"intercept"	0.43379897
"0.45"	"0.6"	"0.15"	"0.01"	"0.005"	"0.01"	"100000"	"10000"	"200"	"2772025598803963567"	10000	"slope"	-0.31445901
"0.45"	"0.6"	"0.15"	"0.01"	"0.005"	"0.01"	"100000"	"10000"	"200"	"2772025598803963567"	10000	"intercept"	0.514874775
"0.45"	"0.6"	"0.15"	"0.01"	"0.005"	"0.01"	"100000"	"10000"	"200"	"2772025598803963567"	15000	"slope"	-0.392338225
"0.45"	"0.6"	"0.15"	"0.01"	"0.005"	"0.01"	"100000"	"10000"	"200"	"2772025598803963567"	15000	"intercept"	0.563569515
"0.45"	"0.6"	"0.15"	"0.01"	"0.005"	"0.01"	"100000"	"10000"	"200"	"2772025598803963567"	20000	"slope"	-0.445595585
"0.45"	"0.6"	"0.15"	"0.01"	"0.005"	"0.01"	"100000"	"10000"	"200"	"2772025598803963567"	20000	"intercept"	0.600696185
"0.45"	"0.6"	"0.15"	"0.01"	"0.005"	"0.01"	"100000"	"10000"	"200"	"2772025598803963567"	25000	"slope"	-0.479352125
"0.45"	"0.6"	"0.15"	"0.01"	"0.005"	"0.01"	"100000"	"10000"	"200"	"2772025598803963567"	25000	"intercept"	0.617937865
"0.45"	"0.6"	"0.15"	"0.01"	"0.005"	"0.01"	"100000"	"10000"	"200"	"2772025598803963567"	30000	"slope"	-0.497291335
"0.45"	"0.6"	"0.15"	"0.01"	"0.005"	"0.01"	"100000"	"10000"	"200"	"2772025598803963567"	30000	"intercept"	0.635753555
"0.45"	"0.6"	"0.15"	"0.01"	"0.005"	"0.01"	"100000"	"10000"	"200"	"2772025598803963567"	35000	"slope"	-0.44859132
"0.45"	"0.6"	"0.15"	"0.01"	"0.005"	"0.01"	"100000"	"10000"	"200"	"2772025598803963567"	35000	"intercept"	0.593385135
"0.45"	"0.6"	"0.15"	"0.01"	"0.005"	"0.01"	"100000"	"10000"	"200"	"2772025598803963567"	40000	"slope"	-0.433740285
"0.45"	"0.6"	"0.15"	"0.01"	"0.005"	"0.01"	"100000"	"10000"	"200"	"2772025598803963567"	40000	"intercept"	0.591784545
"0.45"	"0.6"	"0.15"	"0.01"	"0.005"	"0.01"	"100000"	"10000"	"200"	"2772025598803963567"	45000	"slope"	-0.44491178
"0.45"	"0.6"	"0.15"	"0.01"	"0.005"	"0.01"	"100000"	"10000"	"200"	"2772025598803963567"	45000	"intercept"	0.59419596
"0.45"	"0.6"	"0.15"	"0.01"	"0.005"	"0.01"	"100000"	"10000"	"200"	"2772025598803963567"	50000	"slope"	-0.459367045
"0.45"	"0.6"	"0.15"	"0.01"	"0.005"	"0.01"	"100000"	"10000"	"200"	"2772025598803963567"	50000	"intercept"	0.60792139
"0.45"	"0.6"	"0.15"	"0.01"	"0.005"	"0.01"	"100000"	"10000"	"200"	"2772025598803963567"	55000	"slope"	-0.423037
"0.45"	"0.6"	"0.15"	"0.01"	"0.005"	"0.01"	"100000"	"10000"	"200"	"2772025598803963567"	55000	"intercept"	0.57637793
"0.45"	"0.6"	"0.15"	"0.01"	"0.005"	"0.01"	"100000"	"10000"	"200"	"2772025598803963567"	60000	"slope"	-0.4627111
"0.45"	"0.6"	"0.15"	"0.01"	"0.005"	"0.01"	"100000"	"10000"	"200"	"2772025598803963567"	60000	"intercept"	0.60529482
"0.45"	"0.6"	"0.15"	"0.01"	"0.005"	"0.01"	"100000"	"10000"	"200"	"2772025598803963567"	65000	"slope"	-0.46961063
"0.45"	"0.6"	"0.15"	"0.01"	"0.005"	"0.01"	"100000"	"10000"	"200"	"2772025598803963567"	65000	"intercept"	0.609113435
"0.45"	"0.6"	"0.15"	"0.01"	"0.005"	"0.01"	"100000"	"10000"	"200"	"2772025598803963567"	70000	"slope"	-0.463610685
"0.45"	"0.6"	"0.15"	"0.01"	"0.005"	"0.01"	"100000"	"10000"	"200"	"2772025598803963567"	70000	"intercept"	0.61794027
"0.45"	"0.6"	"0.15"	"0.01"	"0.005"	"0.01"	"100000"	"10000"	"200"	"2772025598803963567"	75000	"slope"	-0.49519203
"0.45"	"0.6"	"0.15"	"0.01"	"0.005"	"0.01"	"100000"	"10000"	"200"	"2772025598803963567"	75000	"intercept"	0.63339836
"0.45"	"0.6"	"0.15"	"0.01"	"0.005"	"0.01"	"100000"	"10000"	"200"	"2772025598803963567"	80000	"slope"	-0.489194945
"0.45"	"0.6"	"0.15"	"0.01"	"0.005"	"0.01"	"100000"	"10000"	"200"	"2772025598803963567"	80000	"intercept"	0.62560231
"0.45"	"0.6"	"0.15"	"0.01"	"0.005"	"0.01"	"100000"	"10000"	"200"	"2772025598803963567"	85000	"slope"	-0.45289513
"0.45"	"0.6"	"0.15"	"0.01"	"0.005"	"0.01"	"100000"	"10000"	"200"	"2772025598803963567"	85000	"intercept"	0.60023051
"0.45"	"0.6"	"0.15"	"0.01"	"0.005"	"0.01"	"100000"	"10000"	"200"	"2772025598803963567"	90000	"slope"	-0.46666124
"0.45"	"0.6"	"0.15"	"0.01"	"0.005"	"0.01"	"100000"	"10000"	"200"	"2772025598803963567"	90000	"intercept"	0.60985608
"0.45"	"0.6"	"0.15"	"0.01"	"0.005"	"0.01"	"100000"	"10000"	"200"	"2772025598803963567"	95000	"slope"	-0.47844325
"0.45"	"0.6"	"0.15"	"0.01"	"0.005"	"0.01"	"100000"	"10000"	"200"	"2772025598803963567"	95000	"intercept"	0.62672987
"0.45"	"0.6"	"0.15"	"0.01"	"0.005"	"0.01"	"100000"	"10000"	"200"	"2772025598803963567"	100000	"slope"	-0.454031595
"0.45"	"0.6"	"0.15"	"0.01"	"0.005"	"0.01"	"100000"	"10000"	"200"	"2772025598803963567"	100000	"intercept"	0.60457901
"0.45"	"0.6"	"0.15"	"0.01"	"0.005"	"0.01"	"100000"	"10000"	"200"	"5345575944225250003"	10	"slope"	2.5612236e-05
"0.45"	"0.6"	"0.15"	"0.01"	"0.005"	"0.01"	"100000"	"10000"	"200"	"5345575944225250003"	10	"intercept"	0.499925595
"0.45"	"0.6"	"0.15"	"0.01"	"0.005"	"0.01"	"100000"	"10000"	"200"	"5345575944225250003"	5000	"slope"	-0.1788478905
"0.45"	"0.6"	"0.15"	"0.01"	"0.005"	"0.01"	"100000"	"10000"	"200"	"5345575944225250003"	5000	"intercept"	0.42875178
"0.45"	"0.6"	"0.15"	"0.01"	"0.005"	"0.01"	"100000"	"10000"	"200"	"5345575944225250003"	10000	"slope"	-0.304840785
"0.45"	"0.6"	"0.15"	"0.01"	"0.005"	"0.01"	"100000"	"10000"	"200"	"5345575944225250003"	10000	"intercept"	0.50360036
"0.45"	"0.6"	"0.15"	"0.01"	"0.005"	"0.01"	"100000"	"10000"	"200"	"5345575944225250003"	15000	"slope"	-0.396201565
"0.45"	"0.6"	"0.15"	"0.01"	"0.005"	"0.01"	"100000"	"10000"	"200"	"5345575944225250003"	15000	"intercept"	0.56717295
"0.45"	"0.6"	"0.15"	"0.01"	"0.005"	"0.01"	"100000"	"10000"	"200"	"5345575944225250003"	20000	"slope"	-0.446897075
"0.45"	"0.6"	"0.15"	"0.01"	"0.005"	"0.01"	"100000"	"10000"	"200"	"5345575944225250003"	20000	"intercept"	0.60222645
"0.45"	"0.6"	"0.15"	"0.01"	"0.005"	"0.01"	"100000"	"10000"	"200"	"5345575944225250003"	25000	"slope"	-0.470814515
"0.45"	"0.6"	"0.15"	"0.01"	"0.005"	"0.01"	"100000"	"10000"	"200"	"5345575944225250003"	25000	"intercept"	0.61443409
"0.45"	"0.6"	"0.15"	"0.01"	"0.005"	"0.01"	"100000"	"10000"	"200"	"5345575944225250003"	30000	"slope"	-0.4909653
"0.45"	"0.6"	"0.15"	"0.01"	"0.005"	"0.01"	"100000"	"10000"	"200"	"5345575944225250003"	30000	"intercept"	0.629659915
"0.45"	"0.6"	"0.15"	"0.01"	"0.005"	"0.01"	"100000"	"10000"	"200"	"5345575944225250003"	35000	"slope"	-0.454109285
"0.45"	"0.6"	"0.15"	"0.01"	"0.005"	"0.01"	"100000"	"10000"	"200"	"5345575944225250003"	35000	"intercept"	0.61016133
"0.45"	"0.6"	"0.15"	"0.01"	"0.005"	"0.01"	"100000"	"10000"	"200"	"5345575944225250003"	40000	"slope"	-0.47571754
"0.45"	"0.6"	"0.15"	"0.01"	"0.005"	"0.01"	"100000"	"10000"	"200"	"5345575944225250003"	40000	"intercept"	0.624368295
"0.45"	"0.6"	"0.15"	"0.01"	"0.005"	"0.01"	"100000"	"10000"	"200"	"5345575944225250003"	45000	"slope"	-0.438150145
"0.45"	"0.6"	"0.15"	"0.01"	"0.005"	"0.01"	"100000"	"10000"	"200"	"5345575944225250003"	45000	"intercept"	0.587825095
"0.45"	"0.6"	"0.15"	"0.01"	"0.005"	"0.01"	"100000"	"10000"	"200"	"5345575944225250003"	50000	"slope"	-0.43085793
"0.45"	"0.6"	"0.15"	"0.01"	"0.005"	"0.01"	"100000"	"10000"	"200"	"5345575944225250003"	50000	"intercept"	0.59249832
"0.45"	"0.6"	"0.15"	"0.01"	"0.005"	"0.01"	"100000"	"10000"	"200"	"5345575944225250003"	55000	"slope"	-0.44848206
"0.45"	"0.6"	"0.15"	"0.01"	"0.005"	"0.01"	"100000"	"10000"	"200"	"5345575944225250003"	55000	"intercept"	0.5955274
"0.45"	"0.6"	"0.15"	"0.01"	"0.005"	"0.01"	"100000"	"10000"	"200"	"5345575944225250003"	60000	"slope"	-0.422784135
"0.45"	"0.6"	"0.15"	"0.01"	"0.005"	"0.01"	"100000"	"10000"	"200"	"5345575944225250003"	60000	"intercept"	0.57960452
"0.45"	"0.6"	"0.15"	"0.01"	"0.005"	"0.01"	"100000"	"10000"	"200"	"5345575944225250003"	65000	"slope"	-0.442795715
"0.45"	"0.6"	"0.15"	"0.01"	"0.005"	"0.01"	"100000"	"10000"	"200"	"5345575944225250003"	65000	"intercept"	0.59176437
"0.45"	"0.6"	"0.15"	"0.01"	"0.005"	"0.01"	"100000"	"10000"	"200"	"5345575944225250003"	70000	"slope"	-0.449641755
"0.45"	"0.6"	"0.15"	"0.01"	"0.005"	"0.01"	"100000"	"10000"	"200"	"5345575944225250003"	70000	"intercept"	0.603020475
"0.45"	"0.6"	"0.15"	"0.01"	"0.005"	"0.01"	"100000"	"10000"	"200"	"5345575944225250003"	75000	"slope"	-0.438991775
"0.45"	"0.6"	"0.15"	"0.01"	"0.005"	"0.01"	"100000"	"10000"	"200"	"5345575944225250003"	75000	"intercept"	0.59972157
"0.45"	"0.6"	"0.15"	"0.01"	"0.005"	"0.01"	"100000"	"10000"	"200"	"5345575944225250003"	80000	"slope"	-0.45040781
"0.45"	"0.6"	"0.15"	"0.01"	"0.005"	"0.01"	"100000"	"10000"	"200"	"5345575944225250003"	80000	"intercept"	0.6005643
"0.45"	"0.6"	"0.15"	"0.01"	"0.005"	"0.01"	"100000"	"10000"	"200"	"5345575944225250003"	85000	"slope"	-0.46261642
"0.45"	"0.6"	"0.15"	"0.01"	"0.005"	"0.01"	"100000"	"10000"	"200"	"5345575944225250003"	85000	"intercept"	0.611995535
"0.45"	"0.6"	"0.15"	"0.01"	"0.005"	"0.01"	"100000"	"10000"	"200"	"5345575944225250003"	90000	"slope"	-0.47882628
"0.45"	"0.6"	"0.15"	"0.01"	"0.005"	"0.01"	"100000"	"10000"	"200"	"5345575944225250003"	90000	"intercept"	0.621538665
"0.45"	"0.6"	"0.15"	"0.01"	"0.005"	"0.01"	"100000"	"10000"	"200"	"5345575944225250003"	95000	"slope"	-0.467869495
"0.45"	"0.6"	"0.15"	"0.01"	"0.005"	"0.01"	"100000"	"10000"	"200"	"5345575944225250003"	95000	"intercept"	0.62195906
"0.45"	"0.6"	"0.15"	"0.01"	"0.005"	"0.01"	"100000"	"10000"	"200"	"5345575944225250003"	100000	"slope"	-0.492696845
"0.45"	"0.6"	"0.15"	"0.01"	"0.005"	"0.01"	"100000"	"10000"	"200"	"5345575944225250003"	100000	"intercept"	0.61990961
"0.45"	"0.6"	"0.15"	"0.01"	"0.005"	"0.01"	"100000"	"10000"	"200"	"5409825906020231628"	10	"slope"	4.2221168e-05
"0.45"	"0.6"	"0.15"	"0.01"	"0.005"	"0.01"	"100000"	"10000"	"200"	"5409825906020231628"	10	"intercept"	0.5000414
"0.45"	"0.6"	"0.15"	"0.01"	"0.005"	"0.01"	"100000"	"10000"	"200"	"5409825906020231628"	5000	"slope"	-0.143007043
"0.45"	"0.6"	"0.15"	"0.01"	"0.005"	"0.01"	"100000"	"10000"	"200"	"5409825906020231628"	5000	"intercept"	0.41561715
"0.45"	"0.6"	"0.15"	"0.01"	"0.005"	"0.01"	"100000"	"10000"	"200"	"5409825906020231628"	10000	"slope"	-0.215256775
"0.45"	"0.6"	"0.15"	"0.01"	"0.005"	"0.01"	"100000"	"10000"	"200"	"5409825906020231628"	10000	"intercept"	0.45029872
"0.45"	"0.6"	"0.15"	"0.01"	"0.005"	"0.01"	"100000"	"10000"	"200"	"5409825906020231628"	15000	"slope"	-0.283438205
"0.45"	"0.6"	"0.15"	"0.01"	"0.005"	"0.01"	"100000"	"10000"	"200"	"5409825906020231628"	15000	"intercept"	0.495679775
"0.45"	"0.6"	"0.15"	"0.01"	"0.005"	"0.01"	"100000"	"10000"	"200"	"5409825906020231628"	20000	"slope"	-0.435041905
"0.45"	"0.6"	"0.15"	"0.01"	"0.005"	"0.01"	"100000"	"10000"	"200"	"5409825906020231628"	20000	"intercept"	0.58586868
"0.45"	"0.6"	"0.15"	"0.01"	"0.005"	"0.01"	"100000"	"10000"	"200"	"5409825906020231628"	25000	"slope"	-0.46480992
"0.45"	"0.6"	"0.15"	"0.01"	"0.005"	"0.01"	"100000"	"10000"	"200"	"5409825906020231628"	25000	"intercept"	0.617109425
"0.45"	"0.6"	"0.15"	"0.01"	"0.005"	"0.01"	"100000"	"10000"	"200"	"5409825906020231628"	30000	"slope"	-0.498260255
"0.45"	"0.6"	"0.15"	"0.01"	"0.005"	"0.01"	"100000"	"10000"	"200"	"5409825906020231628"	30000	"intercept"	0.62469522
"0.45"	"0.6"	"0.15"	"0.01"	"0.005"	"0.01"	"100000"	"10000"	"200"	"5409825906020231628"	35000	"slope"	-0.494331145
"0.45"	"0.6"	"0.15"	"0.01"	"0.005"	"0.01"	"100000"	"10000"	"200"	"5409825906020231628"	35000	"intercept"	0.62800913
"0.45"	"0.6"	"0.15"	"0.01"	"0.005"	"0.01"	"100000"	"10000"	"200"	"5409825906020231628"	40000	"slope"	-0.466483415
"0.45"	"0.6"	"0.15"	"0.01"	"0.005"	"0.01"	"100000"	"10000"	"200"	"5409825906020231628"	40000	"intercept"	0.612600105
"0.45"	"0.6"	"0.15"	"0.01"	"0.005"	"0.01"	"100000"	"10000"	"200"	"5409825906020231628"	45000	"slope"	-0.469800465
"0.45"	"0.6"	"0.15"	"0.01"	"0.005"	"0.01"	"100000"	"10000"	"200"	"5409825906020231628"	45000	"intercept"	0.613702645
"0.45"	"0.6"	"0.15"	"0.01"	"0.005"	"0.01"	"100000"	"10000"	"200"	"5409825906020231628"	50000	"slope"	-0.488777965
"0.45"	"0.6"	"0.15"	"0.01"	"0.005"	"0.01"	"100000"	"10000"	"200"	"5409825906020231628"	50000	"intercept"	0.63611782
"0.45"	"0.6"	"0.15"	"0.01"	"0.005"	"0.01"	"100000"	"10000"	"200"	"5409825906020231628"	55000	"slope"	-0.47500838
"0.45"	"0.6"	"0.15"	"0.01"	"0.005"	"0.01"	"100000"	"10000"	"200"	"5409825906020231628"	55000	"intercept"	0.61751309
"0.45"	"0.6"	"0.15"	"0.01"	"0.005"	"0.01"	"100000"	"10000"	"200"	"5409825906020231628"	60000	"slope"	-0.45254206
"0.45"	"0.6"	"0.15"	"0.01"	"0.005"	"0.01"	"100000"	"10000"	"200"	"5409825906020231628"	60000	"intercept"	0.60422519
"0.45"	"0.6"	"0.15"	"0.01"	"0.005"	"0.01"	"100000"	"10000"	"200"	"5409825906020231628"	65000	"slope"	-0.44597652
"0.45"	"0.6"	"0.15"	"0.01"	"0.005"	"0.01"	"100000"	"10000"	"200"	"5409825906020231628"	65000	"intercept"	0.59913213
"0.45"	"0.6"	"0.15"	"0.01"	"0.005"	"0.01"	"100000"	"10000"	"200"	"5409825906020231628"	70000	"slope"	-0.478907945
"0.45"	"0.6"	"0.15"	"0.01"	"0.005"	"0.01"	"100000"	"10000"	"200"	"5409825906020231628"	70000	"intercept"	0.626218395
"0.45"	"0.6"	"0.15"	"0.01"	"0.005"	"0.01"	"100000"	"10000"	"200"	"5409825906020231628"	75000	"slope"	-0.48416611
"0.45"	"0.6"	"0.15"	"0.01"	"0.005"	"0.01"	"100000"	"10000"	"200"	"5409825906020231628"	75000	"intercept"	0.61501497
"0.45"	"0.6"	"0.15"	"0.01"	"0.005"	"0.01"	"100000"	"10000"	"200"	"5409825906020231628"	80000	"slope"	-0.482275295
"0.45"	"0.6"	"0.15"	"0.01"	"0.005"	"0.01"	"100000"	"10000"	"200"	"5409825906020231628"	80000	"intercept"	0.61941125
"0.45"	"0.6"	"0.15"	"0.01"	"0.005"	"0.01"	"100000"	"10000"	"200"	"5409825906020231628"	85000	"slope"	-0.46046752
"0.45"	"0.6"	"0.15"	"0.01"	"0.005"	"0.01"	"100000"	"10000"	"200"	"5409825906020231628"	85000	"intercept"	0.607794905
"0.45"	"0.6"	"0.15"	"0.01"	"0.005"	"0.01"	"100000"	"10000"	"200"	"5409825906020231628"	90000	"slope"	-0.43113437
"0.45"	"0.6"	"0.15"	"0.01"	"0.005"	"0.01"	"100000"	"10000"	"200"	"5409825906020231628"	90000	"intercept"	0.59026544
"0.45"	"0.6"	"0.15"	"0.01"	"0.005"	"0.01"	"100000"	"10000"	"200"	"5409825906020231628"	95000	"slope"	-0.483833605
"0.45"	"0.6"	"0.15"	"0.01"	"0.005"	"0.01"	"100000"	"10000"	"200"	"5409825906020231628"	95000	"intercept"	0.624457725
"0.45"	"0.6"	"0.15"	"0.01"	"0.005"	"0.01"	"100000"	"10000"	"200"	"5409825906020231628"	100000	"slope"	-0.517244315
"0.45"	"0.6"	"0.15"	"0.01"	"0.005"	"0.01"	"100000"	"10000"	"200"	"5409825906020231628"	100000	"intercept"	0.64260866
"0.45"	"0.8"	"0.15"	"0.01"	"0.005"	"0.01"	"100000"	"10000"	"200"	"6843899161166416103"	10	"slope"	0.0001083221
"0.45"	"0.8"	"0.15"	"0.01"	"0.005"	"0.01"	"100000"	"10000"	"200"	"6843899161166416103"	10	"intercept"	0.4999498
"0.45"	"0.8"	"0.15"	"0.01"	"0.005"	"0.01"	"100000"	"10000"	"200"	"6843899161166416103"	5000	"slope"	-0.2115296455
"0.45"	"0.8"	"0.15"	"0.01"	"0.005"	"0.01"	"100000"	"10000"	"200"	"6843899161166416103"	5000	"intercept"	0.415188235
"0.45"	"0.8"	"0.15"	"0.01"	"0.005"	"0.01"	"100000"	"10000"	"200"	"6843899161166416103"	10000	"slope"	-0.285416655
"0.45"	"0.8"	"0.15"	"0.01"	"0.005"	"0.01"	"100000"	"10000"	"200"	"6843899161166416103"	10000	"intercept"	0.45859317
"0.45"	"0.8"	"0.15"	"0.01"	"0.005"	"0.01"	"100000"	"10000"	"200"	"6843899161166416103"	15000	"slope"	-0.34538208
"0.45"	"0.8"	"0.15"	"0.01"	"0.005"	"0.01"	"100000"	"10000"	"200"	"6843899161166416103"	15000	"intercept"	0.508623255
"0.45"	"0.8"	"0.15"	"0.01"	"0.005"	"0.01"	"100000"	"10000"	"200"	"6843899161166416103"	20000	"slope"	-0.42298228
"0.45"	"0.8"	"0.15"	"0.01"	"0.005"	"0.01"	"100000"	"10000"	"200"	"6843899161166416103"	20000	"intercept"	0.55849602
"0.45"	"0.8"	"0.15"	"0.01"	"0.005"	"0.01"	"100000"	"10000"	"200"	"6843899161166416103"	25000	"slope"	-0.45401312
"0.45"	"0.8"	"0.15"	"0.01"	"0.005"	"0.01"	"100000"	"10000"	"200"	"6843899161166416103"	25000	"intercept"	0.5774613
"0.45"	"0.8"	"0.15"	"0.01"	"0.005"	"0.01"	"100000"	"10000"	"200"	"6843899161166416103"	30000	"slope"	-0.48004791
"0.45"	"0.8"	"0.15"	"0.01"	"0.005"	"0.01"	"100000"	"10000"	"200"	"6843899161166416103"	30000	"intercept"	0.591801305
"0.45"	"0.8"	"0.15"	"0.01"	"0.005"	"0.01"	"100000"	"10000"	"200"	"6843899161166416103"	35000	"slope"	-0.516815455
"0.45"	"0.8"	"0.15"	"0.01"	"0.005"	"0.01"	"100000"	"10000"	"200"	"6843899161166416103"	35000	"intercept"	0.627586585
"0.45"	"0.8"	"0.15"	"0.01"	"0.005"	"0.01"	"100000"	"10000"	"200"	"6843899161166416103"	40000	"slope"	-0.50399889
"0.45"	"0.8"	"0.15"	"0.01"	"0.005"	"0.01"	"100000"	"10000"	"200"	"6843899161166416103"	40000	"intercept"	0.61571031
"0.45"	"0.8"	"0.15"	"0.01"	"0.005"	"0.01"	"100000"	"10000"	"200"	"6843899161166416103"	45000	"slope"	-0.503953835
"0.45"	"0.8"	"0.15"	"0.01"	"0.005"	"0.01"	"100000"	"10000"	"200"	"6843899161166416103"	45000	"intercept"	0.618273205
"0.45"	"0.8"	"0.15"	"0.01"	"0.005"	"0.01"	"100000"	"10000"	"200"	"6843899161166416103"	50000	"slope"	-0.540680395
"0.45"	"0.8"	"0.15"	"0.01"	"0.005"	"0.01"	"100000"	"10000"	"200"	"6843899161166416103"	50000	"intercept"	0.65175377
"0.45"	"0.8"	"0.15"	"0.01"	"0.005"	"0.01"	"100000"	"10000"	"200"	"6843899161166416103"	55000	"slope"	-0.531589185
"0.45"	"0.8"	"0.15"	"0.01"	"0.005"	"0.01"	"100000"	"10000"	"200"	"6843899161166416103"	55000	"intercept"	0.64004983
"0.45"	"0.8"	"0.15"	"0.01"	"0.005"	"0.01"	"100000"	"10000"	"200"	"6843899161166416103"	60000	"slope"	-0.516116615
"0.45"	"0.8"	"0.15"	"0.01"	"0.005"	"0.01"	"100000"	"10000"	"200"	"6843899161166416103"	60000	"intercept"	0.621838545
"0.45"	"0.8"	"0.15"	"0.01"	"0.005"	"0.01"	"100000"	"10000"	"200"	"6843899161166416103"	65000	"slope"	-0.534106035
"0.45"	"0.8"	"0.15"	"0.01"	"0.005"	"0.01"	"100000"	"10000"	"200"	"6843899161166416103"	65000	"intercept"	0.643949115
"0.45"	"0.8"	"0.15"	"0.01"	"0.005"	"0.01"	"100000"	"10000"	"200"	"6843899161166416103"	70000	"slope"	-0.560129875
"0.45"	"0.8"	"0.15"	"0.01"	"0.005"	"0.01"	"100000"	"10000"	"200"	"6843899161166416103"	70000	"intercept"	0.658721415
"0.45"	"0.8"	"0.15"	"0.01"	"0.005"	"0.01"	"100000"	"10000"	"200"	"6843899161166416103"	75000	"slope"	-0.54250763
"0.45"	"0.8"	"0.15"	"0.01"	"0.005"	"0.01"	"100000"	"10000"	"200"	"6843899161166416103"	75000	"intercept"	0.642877765
"0.45"	"0.8"	"0.15"	"0.01"	"0.005"	"0.01"	"100000"	"10000"	"200"	"6843899161166416103"	80000	"slope"	-0.508389725
"0.45"	"0.8"	"0.15"	"0.01"	"0.005"	"0.01"	"100000"	"10000"	"200"	"6843899161166416103"	80000	"intercept"	0.62014302
"0.45"	"0.8"	"0.15"	"0.01"	"0.005"	"0.01"	"100000"	"10000"	"200"	"6843899161166416103"	85000	"slope"	-0.50358935
"0.45"	"0.8"	"0.15"	"0.01"	"0.005"	"0.01"	"100000"	"10000"	"200"	"6843899161166416103"	85000	"intercept"	0.616309275
"0.45"	"0.8"	"0.15"	"0.01"	"0.005"	"0.01"	"100000"	"10000"	"200"	"6843899161166416103"	90000	"slope"	-0.50093299
"0.45"	"0.8"	"0.15"	"0.01"	"0.005"	"0.01"	"100000"	"10000"	"200"	"6843899161166416103"	90000	"intercept"	0.618933425
"0.45"	"0.8"	"0.15"	"0.01"	"0.005"	"0.01"	"100000"	"10000"	"200"	"6843899161166416103"	95000	"slope"	-0.51994383
"0.45"	"0.8"	"0.15"	"0.01"	"0.005"	"0.01"	"100000"	"10000"	"200"	"6843899161166416103"	95000	"intercept"	0.62821188
"0.45"	"0.8"	"0.15"	"0.01"	"0.005"	"0.01"	"100000"	"10000"	"200"	"6843899161166416103"	100000	"slope"	-0.542235695
"0.45"	"0.8"	"0.15"	"0.01"	"0.005"	"0.01"	"100000"	"10000"	"200"	"6843899161166416103"	100000	"intercept"	0.643087515
"0.45"	"0.8"	"0.15"	"0.01"	"0.005"	"0.01"	"100000"	"10000"	"200"	"7312698678809267229"	10	"slope"	0.000161693125
"0.45"	"0.8"	"0.15"	"0.01"	"0.005"	"0.01"	"100000"	"10000"	"200"	"7312698678809267229"	10	"intercept"	0.500037185
"0.45"	"0.8"	"0.15"	"0.01"	"0.005"	"0.01"	"100000"	"10000"	"200"	"7312698678809267229"	5000	"slope"	-0.1654423235
"0.45"	"0.8"	"0.15"	"0.01"	"0.005"	"0.01"	"100000"	"10000"	"200"	"7312698678809267229"	5000	"intercept"	0.380216635
"0.45"	"0.8"	"0.15"	"0.01"	"0.005"	"0.01"	"100000"	"10000"	"200"	"7312698678809267229"	10000	"slope"	-0.30492925
"0.45"	"0.8"	"0.15"	"0.01"	"0.005"	"0.01"	"100000"	"10000"	"200"	"7312698678809267229"	10000	"intercept"	0.47743956
"0.45"	"0.8"	"0.15"	"0.01"	"0.005"	"0.01"	"100000"	"10000"	"200"	"7312698678809267229"	15000	"slope"	-0.3565806
"0.45"	"0.8"	"0.15"	"0.01"	"0.005"	"0.01"	"100000"	"10000"	"200"	"7312698678809267229"	15000	"intercept"	0.510437865
"0.45"	"0.8"	"0.15"	"0.01"	"0.005"	"0.01"	"100000"	"10000"	"200"	"7312698678809267229"	20000	"slope"	-0.42125636
"0.45"	"0.8"	"0.15"	"0.01"	"0.005"	"0.01"	"100000"	"10000"	"200"	"7312698678809267229"	20000	"intercept"	0.5577725
"0.45"	"0.8"	"0.15"	"0.01"	"0.005"	"0.01"	"100000"	"10000"	"200"	"7312698678809267229"	25000	"slope"	-0.46358994
"0.45"	"0.8"	"0.15"	"0.01"	"0.005"	"0.01"	"100000"	"10000"	"200"	"7312698678809267229"	25000	"intercept"	0.577079905
"0.45"	"0.8"	"0.15"	"0.01"	"0.005"	"0.01"	"100000"	"10000"	"200"	"7312698678809267229"	30000	"slope"	-0.48381636
"0.45"	"0.8"	"0.15"	"0.01"	"0.005"	"0.01"	"100000"	"10000"	"200"	"7312698678809267229"	30000	"intercept"	0.609461155
"0.45"	"0.8"	"0.15"	"0.01"	"0.005"	"0.01"	"100000"	"10000"	"200"	"7312698678809267229"	35000	"slope"	-0.52385911
"0.45"	"0.8"	"0.15"	"0.01"	"0.005"	"0.01"	"100000"	"10000"	"200"	"7312698678809267229"	35000	"intercept"	0.634496475
"0.45"	"0.8"	"0.15"	"0.01"	"0.005"	"0.01"	"100000"	"10000"	"200"	"7312698678809267229"	40000	"slope"	-0.5144274
"0.45"	"0.8"	"0.15"	"0.01"	"0.005"	"0.01"	"100000"	"10000"	"200"	"7312698678809267229"	40000	"intercept"	0.627626465
"0.45"	"0.8"	"0.15"	"0.01"	"0.005"	"0.01"	"100000"	"10000"	"200"	"7312698678809267229"	45000	"slope"	-0.55625468
"0.45"	"0.8"	"0.15"	"0.01"	"0.005"	"0.01"	"100000"	"10000"	"200"	"7312698678809267229"	45000	"intercept"	0.647965785
"0.45"	"0.8"	"0.15"	"0.01"	"0.005"	"0.01"	"100000"	"10000"	"200"	"7312698678809267229"	50000	"slope"	-0.52903984
"0.45"	"0.8"	"0.15"	"0.01"	"0.005"	"0.01"	"100000"	"10000"	"200"	"7312698678809267229"	50000	"intercept"	0.627956815
"0.45"	"0.8"	"0.15"	"0.01"	"0.005"	"0.01"	"100000"	"10000"	"200"	"7312698678809267229"	55000	"slope"	-0.53798347
"0.45"	"0.8"	"0.15"	"0.01"	"0.005"	"0.01"	"100000"	"10000"	"200"	"7312698678809267229"	55000	"intercept"	0.644184475
"0.45"	"0.8"	"0.15"	"0.01"	"0.005"	"0.01"	"100000"	"10000"	"200"	"7312698678809267229"	60000	"slope"	-0.49808343
"0.45"	"0.8"	"0.15"	"0.01"	"0.005"	"0.01"	"100000"	"10000"	"200"	"7312698678809267229"	60000	"intercept"	0.60639388
"0.45"	"0.8"	"0.15"	"0.01"	"0.005"	"0.01"	"100000"	"10000"	"200"	"7312698678809267229"	65000	"slope"	-0.533411505
"0.45"	"0.8"	"0.15"	"0.01"	"0.005"	"0.01"	"100000"	"10000"	"200"	"7312698678809267229"	65000	"intercept"	0.64011377
"0.45"	"0.8"	"0.15"	"0.01"	"0.005"	"0.01"	"100000"	"10000"	"200"	"7312698678809267229"	70000	"slope"	-0.55843099
"0.45"	"0.8"	"0.15"	"0.01"	"0.005"	"0.01"	"100000"	"10000"	"200"	"7312698678809267229"	70000	"intercept"	0.656116815
"0.45"	"0.8"	"0.15"	"0.01"	"0.005"	"0.01"	"100000"	"10000"	"200"	"7312698678809267229"	75000	"slope"	-0.53439048
"0.45"	"0.8"	"0.15"	"0.01"	"0.005"	"0.01"	"100000"	"10000"	"200"	"7312698678809267229"	75000	"intercept"	0.63912444
"0.45"	"0.8"	"0.15"	"0.01"	"0.005"	"0.01"	"100000"	"10000"	"200"	"7312698678809267229"	80000	"slope"	-0.516790045
"0.45"	"0.8"	"0.15"	"0.01"	"0.005"	"0.01"	"100000"	"10000"	"200"	"7312698678809267229"	80000	"intercept"	0.627510215
"0.45"	"0.8"	"0.15"	"0.01"	"0.005"	"0.01"	"100000"	"10000"	"200"	"7312698678809267229"	85000	"slope"	-0.51512835
"0.45"	"0.8"	"0.15"	"0.01"	"0.005"	"0.01"	"100000"	"10000"	"200"	"7312698678809267229"	85000	"intercept"	0.62959336
"0.45"	"0.8"	"0.15"	"0.01"	"0.005"	"0.01"	"100000"	"10000"	"200"	"7312698678809267229"	90000	"slope"	-0.526471865
"0.45"	"0.8"	"0.15"	"0.01"	"0.005"	"0.01"	"100000"	"10000"	"200"	"7312698678809267229"	90000	"intercept"	0.6393491
"0.45"	"0.8"	"0.15"	"0.01"	"0.005"	"0.01"	"100000"	"10000"	"200"	"7312698678809267229"	95000	"slope"	-0.548697775
"0.45"	"0.8"	"0.15"	"0.01"	"0.005"	"0.01"	"100000"	"10000"	"200"	"7312698678809267229"	95000	"intercept"	0.659290035
"0.45"	"0.8"	"0.15"	"0.01"	"0.005"	"0.01"	"100000"	"10000"	"200"	"7312698678809267229"	100000	"slope"	-0.536579325
"0.45"	"0.8"	"0.15"	"0.01"	"0.005"	"0.01"	"100000"	"10000"	"200"	"7312698678809267229"	100000	"intercept"	0.640825255
"0.45"	"0.8"	"0.15"	"0.01"	"0.005"	"0.01"	"100000"	"10000"	"200"	"949176507845997486"	10	"slope"	6.4087765e-05
"0.45"	"0.8"	"0.15"	"0.01"	"0.005"	"0.01"	"100000"	"10000"	"200"	"949176507845997486"	10	"intercept"	0.500000855
"0.45"	"0.8"	"0.15"	"0.01"	"0.005"	"0.01"	"100000"	"10000"	"200"	"949176507845997486"	5000	"slope"	-0.242604795
"0.45"	"0.8"	"0.15"	"0.01"	"0.005"	"0.01"	"100000"	"10000"	"200"	"949176507845997486"	5000	"intercept"	0.43518651
"0.45"	"0.8"	"0.15"	"0.01"	"0.005"	"0.01"	"100000"	"10000"	"200"	"949176507845997486"	10000	"slope"	-0.35371992
"0.45"	"0.8"	"0.15"	"0.01"	"0.005"	"0.01"	"100000"	"10000"	"200"	"949176507845997486"	10000	"intercept"	0.50202049
"0.45"	"0.8"	"0.15"	"0.01"	"0.005"	"0.01"	"100000"	"10000"	"200"	"949176507845997486"	15000	"slope"	-0.406002635
"0.45"	"0.8"	"0.15"	"0.01"	"0.005"	"0.01"	"100000"	"10000"	"200"	"949176507845997486"	15000	"intercept"	0.54319936
"0.45"	"0.8"	"0.15"	"0.01"	"0.005"	"0.01"	"100000"	"10000"	"200"	"949176507845997486"	20000	"slope"	-0.48089636
"0.45"	"0.8"	"0.15"	"0.01"	"0.005"	"0.01"	"100000"	"10000"	"200"	"949176507845997486"	20000	"intercept"	0.60087568
"0.45"	"0.8"	"0.15"	"0.01"	"0.005"	"0.01"	"100000"	"10000"	"200"	"949176507845997486"	25000	"slope"	-0.507852725
"0.45"	"0.8"	"0.15"	"0.01"	"0.005"	"0.01"	"100000"	"10000"	"200"	"949176507845997486"	25000	"intercept"	0.620092915
"0.45"	"0.8"	"0.15"	"0.01"	"0.005"	"0.01"	"100000"	"10000"	"200"	"949176507845997486"	30000	"slope"	-0.52295168
"0.45"	"0.8"	"0.15"	"0.01"	"0.005"	"0.01"	"100000"	"10000"	"200"	"949176507845997486"	30000	"intercept"	0.62746737
"0.45"	"0.8"	"0.15"	"0.01"	"0.005"	"0.01"	"100000"	"10000"	"200"	"949176507845997486"	35000	"slope"	-0.52389158
"0.45"	"0.8"	"0.15"	"0.01"	"0.005"	"0.01"	"100000"	"10000"	"200"	"949176507845997486"	35000	"intercept"	0.63554715
"0.45"	"0.8"	"0.15"	"0.01"	"0.005"	"0.01"	"100000"	"10000"	"200"	"949176507845997486"	40000	"slope"	-0.535496655
"0.45"	"0.8"	"0.15"	"0.01"	"0.005"	"0.01"	"100000"	"10000"	"200"	"949176507845997486"	40000	"intercept"	0.644755715
"0.45"	"0.8"	"0.15"	"0.01"	"0.005"	"0.01"	"100000"	"10000"	"200"	"949176507845997486"	45000	"slope"	-0.514883865
"0.45"	"0.8"	"0.15"	"0.01"	"0.005"	"0.01"	"100000"	"10000"	"200"	"949176507845997486"	45000	"intercept"	0.630713525
"0.45"	"0.8"	"0.15"	"0.01"	"0.005"	"0.01"	"100000"	"10000"	"200"	"949176507845997486"	50000	"slope"	-0.53359991
"0.45"	"0.8"	"0.15"	"0.01"	"0.005"	"0.01"	"100000"	"10000"	"200"	"949176507845997486"	50000	"intercept"	0.645408335
"0.45"	"0.8"	"0.15"	"0.01"	"0.005"	"0.01"	"100000"	"10000"	"200"	"949176507845997486"	55000	"slope"	-0.527773065
"0.45"	"0.8"	"0.15"	"0.01"	"0.005"	"0.01"	"100000"	"10000"	"200"	"949176507845997486"	55000	"intercept"	0.63158156
"0.45"	"0.8"	"0.15"	"0.01"	"0.005"	"0.01"	"100000"	"10000"	"200"	"949176507845997486"	60000	"slope"	-0.53686769
"0.45"	"0.8"	"0.15"	"0.01"	"0.005"	"0.01"	"100000"	"10000"	"200"	"949176507845997486"	60000	"intercept"	0.64102389
"0.45"	"0.8"	"0.15"	"0.01"	"0.005"	"0.01"	"100000"	"10000"	"200"	"949176507845997486"	65000	"slope"	-0.5539333
"0.45"	"0.8"	"0.15"	"0.01"	"0.005"	"0.01"	"100000"	"10000"	"200"	"949176507845997486"	65000	"intercept"	0.651810695
"0.45"	"0.8"	"0.15"	"0.01"	"0.005"	"0.01"	"100000"	"10000"	"200"	"949176507845997486"	70000	"slope"	-0.55356248
"0.45"	"0.8"	"0.15"	"0.01"	"0.005"	"0.01"	"100000"	"10000"	"200"	"949176507845997486"	70000	"intercept"	0.65726495
"0.45"	"0.8"	"0.15"	"0.01"	"0.005"	"0.01"	"100000"	"10000"	"200"	"949176507845997486"	75000	"slope"	-0.54707739
"0.45"	"0.8"	"0.15"	"0.01"	"0.005"	"0.01"	"100000"	"10000"	"200"	"949176507845997486"	75000	"intercept"	0.652687385
"0.45"	"0.8"	"0.15"	"0.01"	"0.005"	"0.01"	"100000"	"10000"	"200"	"949176507845997486"	80000	"slope"	-0.52316342
"0.45"	"0.8"	"0.15"	"0.01"	"0.005"	"0.01"	"100000"	"10000"	"200"	"949176507845997486"	80000	"intercept"	0.63231945
"0.45"	"0.8"	"0.15"	"0.01"	"0.005"	"0.01"	"100000"	"10000"	"200"	"949176507845997486"	85000	"slope"	-0.53289179
"0.45"	"0.8"	"0.15"	"0.01"	"0.005"	"0.01"	"100000"	"10000"	"200"	"949176507845997486"	85000	"intercept"	0.647914565
"0.45"	"0.8"	"0.15"	"0.01"	"0.005"	"0.01"	"100000"	"10000"	"200"	"949176507845997486"	90000	"slope"	-0.524919065
"0.45"	"0.8"	"0.15"	"0.01"	"0.005"	"0.01"	"100000"	"10000"	"200"	"949176507845997486"	90000	"intercept"	0.636174355
"0.45"	"0.8"	"0.15"	"0.01"	"0.005"	"0.01"	"100000"	"10000"	"200"	"949176507845997486"	95000	"slope"	-0.528282035
"0.45"	"0.8"	"0.15"	"0.01"	"0.005"	"0.01"	"100000"	"10000"	"200"	"949176507845997486"	95000	"intercept"	0.63503048
"0.45"	"0.8"	"0.15"	"0.01"	"0.005"	"0.01"	"100000"	"10000"	"200"	"949176507845997486"	100000	"slope"	-0.53499543
"0.45"	"0.8"	"0.15"	"0.01"	"0.005"	"0.01"	"100000"	"10000"	"200"	"949176507845997486"	100000	"intercept"	0.638547645
"0.55"	"0.0"	"0.15"	"0.01"	"0.005"	"0.01"	"100000"	"10000"	"200"	"4619763971197238721"	10	"slope"	0.0001184479985
"0.55"	"0.0"	"0.15"	"0.01"	"0.005"	"0.01"	"100000"	"10000"	"200"	"4619763971197238721"	10	"intercept"	0.50014507
"0.55"	"0.0"	"0.15"	"0.01"	"0.005"	"0.01"	"100000"	"10000"	"200"	"4619763971197238721"	5000	"slope"	-0.0865509663
"0.55"	"0.0"	"0.15"	"0.01"	"0.005"	"0.01"	"100000"	"10000"	"200"	"4619763971197238721"	5000	"intercept"	0.491092565
"0.55"	"0.0"	"0.15"	"0.01"	"0.005"	"0.01"	"100000"	"10000"	"200"	"4619763971197238721"	10000	"slope"	-0.1377969015
"0.55"	"0.0"	"0.15"	"0.01"	"0.005"	"0.01"	"100000"	"10000"	"200"	"4619763971197238721"	10000	"intercept"	0.51677315
"0.55"	"0.0"	"0.15"	"0.01"	"0.005"	"0.01"	"100000"	"10000"	"200"	"4619763971197238721"	15000	"slope"	-0.167893295
"0.55"	"0.0"	"0.15"	"0.01"	"0.005"	"0.01"	"100000"	"10000"	"200"	"4619763971197238721"	15000	"intercept"	0.527943135
"0.55"	"0.0"	"0.15"	"0.01"	"0.005"	"0.01"	"100000"	"10000"	"200"	"4619763971197238721"	20000	"slope"	-0.196615445
"0.55"	"0.0"	"0.15"	"0.01"	"0.005"	"0.01"	"100000"	"10000"	"200"	"4619763971197238721"	20000	"intercept"	0.5430033
"0.55"	"0.0"	"0.15"	"0.01"	"0.005"	"0.01"	"100000"	"10000"	"200"	"4619763971197238721"	25000	"slope"	-0.22885125
"0.55"	"0.0"	"0.15"	"0.01"	"0.005"	"0.01"	"100000"	"10000"	"200"	"4619763971197238721"	25000	"intercept"	0.574303725
"0.55"	"0.0"	"0.15"	"0.01"	"0.005"	"0.01"	"100000"	"10000"	"200"	"4619763971197238721"	30000	"slope"	-0.248345295
"0.55"	"0.0"	"0.15"	"0.01"	"0.005"	"0.01"	"100000"	"10000"	"200"	"4619763971197238721"	30000	"intercept"	0.58181474
"0.55"	"0.0"	"0.15"	"0.01"	"0.005"	"0.01"	"100000"	"10000"	"200"	"4619763971197238721"	35000	"slope"	-0.28923964
"0.55"	"0.0"	"0.15"	"0.01"	"0.005"	"0.01"	"100000"	"10000"	"200"	"4619763971197238721"	35000	"intercept"	0.601161265
"0.55"	"0.0"	"0.15"	"0.01"	"0.005"	"0.01"	"100000"	"10000"	"200"	"4619763971197238721"	40000	"slope"	-0.2340072335
"0.55"	"0.0"	"0.15"	"0.01"	"0.005"	"0.01"	"100000"	"10000"	"200"	"4619763971197238721"	40000	"intercept"	0.570905925
"0.55"	"0.0"	"0.15"	"0.01"	"0.005"	"0.01"	"100000"	"10000"	"200"	"4619763971197238721"	45000	"slope"	-0.253679135
"0.55"	"0.0"	"0.15"	"0.01"	"0.005"	"0.01"	"100000"	"10000"	"200"	"4619763971197238721"	45000	"intercept"	0.58709562
"0.55"	"0.0"	"0.15"	"0.01"	"0.005"	"0.01"	"100000"	"10000"	"200"	"4619763971197238721"	50000	"slope"	-0.24799402
"0.55"	"0.0"	"0.15"	"0.01"	"0.005"	"0.01"	"100000"	"10000"	"200"	"4619763971197238721"	50000	"intercept"	0.57892097
"0.55"	"0.0"	"0.15"	"0.01"	"0.005"	"0.01"	"100000"	"10000"	"200"	"4619763971197238721"	55000	"slope"	-0.272415185
"0.55"	"0.0"	"0.15"	"0.01"	"0.005"	"0.01"	"100000"	"10000"	"200"	"4619763971197238721"	55000	"intercept"	0.5899274
"0.55"	"0.0"	"0.15"	"0.01"	"0.005"	"0.01"	"100000"	"10000"	"200"	"4619763971197238721"	60000	"slope"	-0.256874265
"0.55"	"0.0"	"0.15"	"0.01"	"0.005"	"0.01"	"100000"	"10000"	"200"	"4619763971197238721"	60000	"intercept"	0.585500945
"0.55"	"0.0"	"0.15"	"0.01"	"0.005"	"0.01"	"100000"	"10000"	"200"	"4619763971197238721"	65000	"slope"	-0.276895665
"0.55"	"0.0"	"0.15"	"0.01"	"0.005"	"0.01"	"100000"	"10000"	"200"	"4619763971197238721"	65000	"intercept"	0.599306615
"0.55"	"0.0"	"0.15"	"0.01"	"0.005"	"0.01"	"100000"	"10000"	"200"	"4619763971197238721"	70000	"slope"	-0.29284905
"0.55"	"0.0"	"0.15"	"0.01"	"0.005"	"0.01"	"100000"	"10000"	"200"	"4619763971197238721"	70000	"intercept"	0.607315325
"0.55"	"0.0"	"0.15"	"0.01"	"0.005"	"0.01"	"100000"	"10000"	"200"	"4619763971197238721"	75000	"slope"	-0.264222165
"0.55"	"0.0"	"0.15"	"0.01"	"0.005"	"0.01"	"100000"	"10000"	"200"	"4619763971197238721"	75000	"intercept"	0.58620958
"0.55"	"0.0"	"0.15"	"0.01"	"0.005"	"0.01"	"100000"	"10000"	"200"	"4619763971197238721"	80000	"slope"	-0.264393975
"0.55"	"0.0"	"0.15"	"0.01"	"0.005"	"0.01"	"100000"	"10000"	"200"	"4619763971197238721"	80000	"intercept"	0.586481965
"0.55"	"0.0"	"0.15"	"0.01"	"0.005"	"0.01"	"100000"	"10000"	"200"	"4619763971197238721"	85000	"slope"	-0.281849515
"0.55"	"0.0"	"0.15"	"0.01"	"0.005"	"0.01"	"100000"	"10000"	"200"	"4619763971197238721"	85000	"intercept"	0.59909281
"0.55"	"0.0"	"0.15"	"0.01"	"0.005"	"0.01"	"100000"	"10000"	"200"	"4619763971197238721"	90000	"slope"	-0.26472068
"0.55"	"0.0"	"0.15"	"0.01"	"0.005"	"0.01"	"100000"	"10000"	"200"	"4619763971197238721"	90000	"intercept"	0.592307515
"0.55"	"0.0"	"0.15"	"0.01"	"0.005"	"0.01"	"100000"	"10000"	"200"	"4619763971197238721"	95000	"slope"	-0.26143464
"0.55"	"0.0"	"0.15"	"0.01"	"0.005"	"0.01"	"100000"	"10000"	"200"	"4619763971197238721"	95000	"intercept"	0.5991531
"0.55"	"0.0"	"0.15"	"0.01"	"0.005"	"0.01"	"100000"	"10000"	"200"	"4619763971197238721"	100000	"slope"	-0.256884505
"0.55"	"0.0"	"0.15"	"0.01"	"0.005"	"0.01"	"100000"	"10000"	"200"	"4619763971197238721"	100000	"intercept"	0.59125322
"0.55"	"0.0"	"0.15"	"0.01"	"0.005"	"0.01"	"100000"	"10000"	"200"	"6887789821807272777"	10	"slope"	1.927804e-05
"0.55"	"0.0"	"0.15"	"0.01"	"0.005"	"0.01"	"100000"	"10000"	"200"	"6887789821807272777"	10	"intercept"	0.50002693
"0.55"	"0.0"	"0.15"	"0.01"	"0.005"	"0.01"	"100000"	"10000"	"200"	"6887789821807272777"	5000	"slope"	-0.0717194913
"0.55"	"0.0"	"0.15"	"0.01"	"0.005"	"0.01"	"100000"	"10000"	"200"	"6887789821807272777"	5000	"intercept"	0.484253015
"0.55"	"0.0"	"0.15"	"0.01"	"0.005"	"0.01"	"100000"	"10000"	"200"	"6887789821807272777"	10000	"slope"	-0.132535148
"0.55"	"0.0"	"0.15"	"0.01"	"0.005"	"0.01"	"100000"	"10000"	"200"	"6887789821807272777"	10000	"intercept"	0.51244986
"0.55"	"0.0"	"0.15"	"0.01"	"0.005"	"0.01"	"100000"	"10000"	"200"	"6887789821807272777"	15000	"slope"	-0.19122228
"0.55"	"0.0"	"0.15"	"0.01"	"0.005"	"0.01"	"100000"	"10000"	"200"	"6887789821807272777"	15000	"intercept"	0.5494788
"0.55"	"0.0"	"0.15"	"0.01"	"0.005"	"0.01"	"100000"	"10000"	"200"	"6887789821807272777"	20000	"slope"	-0.21675285
"0.55"	"0.0"	"0.15"	"0.01"	"0.005"	"0.01"	"100000"	"10000"	"200"	"6887789821807272777"	20000	"intercept"	0.562509105
"0.55"	"0.0"	"0.15"	"0.01"	"0.005"	"0.01"	"100000"	"10000"	"200"	"6887789821807272777"	25000	"slope"	-0.240316125
"0.55"	"0.0"	"0.15"	"0.01"	"0.005"	"0.01"	"100000"	"10000"	"200"	"6887789821807272777"	25000	"intercept"	0.579623265
"0.55"	"0.0"	"0.15"	"0.01"	"0.005"	"0.01"	"100000"	"10000"	"200"	"6887789821807272777"	30000	"slope"	-0.238264091
"0.55"	"0.0"	"0.15"	"0.01"	"0.005"	"0.01"	"100000"	"10000"	"200"	"6887789821807272777"	30000	"intercept"	0.582913165
"0.55"	"0.0"	"0.15"	"0.01"	"0.005"	"0.01"	"100000"	"10000"	"200"	"6887789821807272777"	35000	"slope"	-0.250335275
"0.55"	"0.0"	"0.15"	"0.01"	"0.005"	"0.01"	"100000"	"10000"	"200"	"6887789821807272777"	35000	"intercept"	0.579175745
"0.55"	"0.0"	"0.15"	"0.01"	"0.005"	"0.01"	"100000"	"10000"	"200"	"6887789821807272777"	40000	"slope"	-0.241046615
"0.55"	"0.0"	"0.15"	"0.01"	"0.005"	"0.01"	"100000"	"10000"	"200"	"6887789821807272777"	40000	"intercept"	0.57536483
"0.55"	"0.0"	"0.15"	"0.01"	"0.005"	"0.01"	"100000"	"10000"	"200"	"6887789821807272777"	45000	"slope"	-0.258933295
"0.55"	"0.0"	"0.15"	"0.01"	"0.005"	"0.01"	"100000"	"10000"	"200"	"6887789821807272777"	45000	"intercept"	0.590068295
"0.55"	"0.0"	"0.15"	"0.01"	"0.005"	"0.01"	"100000"	"10000"	"200"	"6887789821807272777"	50000	"slope"	-0.274676045
"0.55"	"0.0"	"0.15"	"0.01"	"0.005"	"0.01"	"100000"	"10000"	"200"	"6887789821807272777"	50000	"intercept"	0.59423857
"0.55"	"0.0"	"0.15"	"0.01"	"0.005"	"0.01"	"100000"	"10000"	"200"	"6887789821807272777"	55000	"slope"	-0.259138005
"0.55"	"0.0"	"0.15"	"0.01"	"0.005"	"0.01"	"100000"	"10000"	"200"	"6887789821807272777"	55000	"intercept"	0.585589335
"0.55"	"0.0"	"0.15"	"0.01"	"0.005"	"0.01"	"100000"	"10000"	"200"	"6887789821807272777"	60000	"slope"	-0.26312343
"0.55"	"0.0"	"0.15"	"0.01"	"0.005"	"0.01"	"100000"	"10000"	"200"	"6887789821807272777"	60000	"intercept"	0.59384769
"0.55"	"0.0"	"0.15"	"0.01"	"0.005"	"0.01"	"100000"	"10000"	"200"	"6887789821807272777"	65000	"slope"	-0.29754267
"0.55"	"0.0"	"0.15"	"0.01"	"0.005"	"0.01"	"100000"	"10000"	"200"	"6887789821807272777"	65000	"intercept"	0.61638596
"0.55"	"0.0"	"0.15"	"0.01"	"0.005"	"0.01"	"100000"	"10000"	"200"	"6887789821807272777"	70000	"slope"	-0.29554226
"0.55"	"0.0"	"0.15"	"0.01"	"0.005"	"0.01"	"100000"	"10000"	"200"	"6887789821807272777"	70000	"intercept"	0.601547585
"0.55"	"0.0"	"0.15"	"0.01"	"0.005"	"0.01"	"100000"	"10000"	"200"	"6887789821807272777"	75000	"slope"	-0.308847605
"0.55"	"0.0"	"0.15"	"0.01"	"0.005"	"0.01"	"100000"	"10000"	"200"	"6887789821807272777"	75000	"intercept"	0.61306487
"0.55"	"0.0"	"0.15"	"0.01"	"0.005"	"0.01"	"100000"	"10000"	"200"	"6887789821807272777"	80000	"slope"	-0.28521
"0.55"	"0.0"	"0.15"	"0.01"	"0.005"	"0.01"	"100000"	"10000"	"200"	"6887789821807272777"	80000	"intercept"	0.599170825
"0.55"	"0.0"	"0.15"	"0.01"	"0.005"	"0.01"	"100000"	"10000"	"200"	"6887789821807272777"	85000	"slope"	-0.24680807
"0.55"	"0.0"	"0.15"	"0.01"	"0.005"	"0.01"	"100000"	"10000"	"200"	"6887789821807272777"	85000	"intercept"	0.58750054
"0.55"	"0.0"	"0.15"	"0.01"	"0.005"	"0.01"	"100000"	"10000"	"200"	"6887789821807272777"	90000	"slope"	-0.259914075
"0.55"	"0.0"	"0.15"	"0.01"	"0.005"	"0.01"	"100000"	"10000"	"200"	"6887789821807272777"	90000	"intercept"	0.59403973
"0.55"	"0.0"	"0.15"	"0.01"	"0.005"	"0.01"	"100000"	"10000"	"200"	"6887789821807272777"	95000	"slope"	-0.200174399
"0.55"	"0.0"	"0.15"	"0.01"	"0.005"	"0.01"	"100000"	"10000"	"200"	"6887789821807272777"	95000	"intercept"	0.554817865
"0.55"	"0.0"	"0.15"	"0.01"	"0.005"	"0.01"	"100000"	"10000"	"200"	"6887789821807272777"	100000	"slope"	-0.225467515
"0.55"	"0.0"	"0.15"	"0.01"	"0.005"	"0.01"	"100000"	"10000"	"200"	"6887789821807272777"	100000	"intercept"	0.56821552
"0.55"	"0.0"	"0.15"	"0.01"	"0.005"	"0.01"	"100000"	"10000"	"200"	"8374284348967426731"	10	"slope"	-0.0004324182
"0.55"	"0.0"	"0.15"	"0.01"	"0.005"	"0.01"	"100000"	"10000"	"200"	"8374284348967426731"	10	"intercept"	0.49993381
"0.55"	"0.0"	"0.15"	"0.01"	"0.005"	"0.01"	"100000"	"10000"	"200"	"8374284348967426731"	5000	"slope"	-0.0598332227
"0.55"	"0.0"	"0.15"	"0.01"	"0.005"	"0.01"	"100000"	"10000"	"200"	"8374284348967426731"	5000	"intercept"	0.4839009
"0.55"	"0.0"	"0.15"	"0.01"	"0.005"	"0.01"	"100000"	"10000"	"200"	"8374284348967426731"	10000	"slope"	-0.155259041
"0.55"	"0.0"	"0.15"	"0.01"	"0.005"	"0.01"	"100000"	"10000"	"200"	"8374284348967426731"	10000	"intercept"	0.53081703
"0.55"	"0.0"	"0.15"	"0.01"	"0.005"	"0.01"	"100000"	"10000"	"200"	"8374284348967426731"	15000	"slope"	-0.209513139
"0.55"	"0.0"	"0.15"	"0.01"	"0.005"	"0.01"	"100000"	"10000"	"200"	"8374284348967426731"	15000	"intercept"	0.56449424
"0.55"	"0.0"	"0.15"	"0.01"	"0.005"	"0.01"	"100000"	"10000"	"200"	"8374284348967426731"	20000	"slope"	-0.288526265
"0.55"	"0.0"	"0.15"	"0.01"	"0.005"	"0.01"	"100000"	"10000"	"200"	"8374284348967426731"	20000	"intercept"	0.606733625
"0.55"	"0.0"	"0.15"	"0.01"	"0.005"	"0.01"	"100000"	"10000"	"200"	"8374284348967426731"	25000	"slope"	-0.25802154
"0.55"	"0.0"	"0.15"	"0.01"	"0.005"	"0.01"	"100000"	"10000"	"200"	"8374284348967426731"	25000	"intercept"	0.577026215
"0.55"	"0.0"	"0.15"	"0.01"	"0.005"	"0.01"	"100000"	"10000"	"200"	"8374284348967426731"	30000	"slope"	-0.2191234
"0.55"	"0.0"	"0.15"	"0.01"	"0.005"	"0.01"	"100000"	"10000"	"200"	"8374284348967426731"	30000	"intercept"	0.561184465
"0.55"	"0.0"	"0.15"	"0.01"	"0.005"	"0.01"	"100000"	"10000"	"200"	"8374284348967426731"	35000	"slope"	-0.25776843
"0.55"	"0.0"	"0.15"	"0.01"	"0.005"	"0.01"	"100000"	"10000"	"200"	"8374284348967426731"	35000	"intercept"	0.585654705
"0.55"	"0.0"	"0.15"	"0.01"	"0.005"	"0.01"	"100000"	"10000"	"200"	"8374284348967426731"	40000	"slope"	-0.27059627
"0.55"	"0.0"	"0.15"	"0.01"	"0.005"	"0.01"	"100000"	"10000"	"200"	"8374284348967426731"	40000	"intercept"	0.59490479
"0.55"	"0.0"	"0.15"	"0.01"	"0.005"	"0.01"	"100000"	"10000"	"200"	"8374284348967426731"	45000	"slope"	-0.25515201
"0.55"	"0.0"	"0.15"	"0.01"	"0.005"	"0.01"	"100000"	"10000"	"200"	"8374284348967426731"	45000	"intercept"	0.588778355
"0.55"	"0.0"	"0.15"	"0.01"	"0.005"	"0.01"	"100000"	"10000"	"200"	"8374284348967426731"	50000	"slope"	-0.291765515
"0.55"	"0.0"	"0.15"	"0.01"	"0.005"	"0.01"	"100000"	"10000"	"200"	"8374284348967426731"	50000	"intercept"	0.60167648
"0.55"	"0.0"	"0.15"	"0.01"	"0.005"	"0.01"	"100000"	"10000"	"200"	"8374284348967426731"	55000	"slope"	-0.23066999
"0.55"	"0.0"	"0.15"	"0.01"	"0.005"	"0.01"	"100000"	"10000"	"200"	"8374284348967426731"	55000	"intercept"	0.56805321
"0.55"	"0.0"	"0.15"	"0.01"	"0.005"	"0.01"	"100000"	"10000"	"200"	"8374284348967426731"	60000	"slope"	-0.232613625
"0.55"	"0.0"	"0.15"	"0.01"	"0.005"	"0.01"	"100000"	"10000"	"200"	"8374284348967426731"	60000	"intercept"	0.568234925
"0.55"	"0.0"	"0.15"	"0.01"	"0.005"	"0.01"	"100000"	"10000"	"200"	"8374284348967426731"	65000	"slope"	-0.244174235
"0.55"	"0.0"	"0.15"	"0.01"	"0.005"	"0.01"	"100000"	"10000"	"200"	"8374284348967426731"	65000	"intercept"	0.57976079
"0.55"	"0.0"	"0.15"	"0.01"	"0.005"	"0.01"	"100000"	"10000"	"200"	"8374284348967426731"	70000	"slope"	-0.242191705
"0.55"	"0.0"	"0.15"	"0.01"	"0.005"	"0.01"	"100000"	"10000"	"200"	"8374284348967426731"	70000	"intercept"	0.58365325
"0.55"	"0.0"	"0.15"	"0.01"	"0.005"	"0.01"	"100000"	"10000"	"200"	"8374284348967426731"	75000	"slope"	-0.239684075
"0.55"	"0.0"	"0.15"	"0.01"	"0.005"	"0.01"	"100000"	"10000"	"200"	"8374284348967426731"	75000	"intercept"	0.575269675
"0.55"	"0.0"	"0.15"	"0.01"	"0.005"	"0.01"	"100000"	"10000"	"200"	"8374284348967426731"	80000	"slope"	-0.235032585
"0.55"	"0.0"	"0.15"	"0.01"	"0.005"	"0.01"	"100000"	"10000"	"200"	"8374284348967426731"	80000	"intercept"	0.57318187
"0.55"	"0.0"	"0.15"	"0.01"	"0.005"	"0.01"	"100000"	"10000"	"200"	"8374284348967426731"	85000	"slope"	-0.263786765
"0.55"	"0.0"	"0.15"	"0.01"	"0.005"	"0.01"	"100000"	"10000"	"200"	"8374284348967426731"	85000	"intercept"	0.593091465
"0.55"	"0.0"	"0.15"	"0.01"	"0.005"	"0.01"	"100000"	"10000"	"200"	"8374284348967426731"	90000	"slope"	-0.262155875
"0.55"	"0.0"	"0.15"	"0.01"	"0.005"	"0.01"	"100000"	"10000"	"200"	"8374284348967426731"	90000	"intercept"	0.58202308
"0.55"	"0.0"	"0.15"	"0.01"	"0.005"	"0.01"	"100000"	"10000"	"200"	"8374284348967426731"	95000	"slope"	-0.25722218
"0.55"	"0.0"	"0.15"	"0.01"	"0.005"	"0.01"	"100000"	"10000"	"200"	"8374284348967426731"	95000	"intercept"	0.58306965
"0.55"	"0.0"	"0.15"	"0.01"	"0.005"	"0.01"	"100000"	"10000"	"200"	"8374284348967426731"	100000	"slope"	-0.236776235
"0.55"	"0.0"	"0.15"	"0.01"	"0.005"	"0.01"	"100000"	"10000"	"200"	"8374284348967426731"	100000	"intercept"	0.57345957
"0.55"	"0.4"	"0.15"	"0.01"	"0.005"	"0.01"	"100000"	"10000"	"200"	"2705654756930365214"	10	"slope"	-2.0137635e-05
"0.55"	"0.4"	"0.15"	"0.01"	"0.005"	"0.01"	"100000"	"10000"	"200"	"2705654756930365214"	10	"intercept"	0.4999418
"0.55"	"0.4"	"0.15"	"0.01"	"0.005"	"0.01"	"100000"	"10000"	"200"	"2705654756930365214"	5000	"slope"	-0.123262359
"0.55"	"0.4"	"0.15"	"0.01"	"0.005"	"0.01"	"100000"	"10000"	"200"	"2705654756930365214"	5000	"intercept"	0.457024345
"0.55"	"0.4"	"0.15"	"0.01"	"0.005"	"0.01"	"100000"	"10000"	"200"	"2705654756930365214"	10000	"slope"	-0.239038525
"0.55"	"0.4"	"0.15"	"0.01"	"0.005"	"0.01"	"100000"	"10000"	"200"	"2705654756930365214"	10000	"intercept"	0.52211565
"0.55"	"0.4"	"0.15"	"0.01"	"0.005"	"0.01"	"100000"	"10000"	"200"	"2705654756930365214"	15000	"slope"	-0.299204735
"0.55"	"0.4"	"0.15"	"0.01"	"0.005"	"0.01"	"100000"	"10000"	"200"	"2705654756930365214"	15000	"intercept"	0.55948723
"0.55"	"0.4"	"0.15"	"0.01"	"0.005"	"0.01"	"100000"	"10000"	"200"	"2705654756930365214"	20000	"slope"	-0.35320587
"0.55"	"0.4"	"0.15"	"0.01"	"0.005"	"0.01"	"100000"	"10000"	"200"	"2705654756930365214"	20000	"intercept"	0.595114315
"0.55"	"0.4"	"0.15"	"0.01"	"0.005"	"0.01"	"100000"	"10000"	"200"	"2705654756930365214"	25000	"slope"	-0.345825565
"0.55"	"0.4"	"0.15"	"0.01"	"0.005"	"0.01"	"100000"	"10000"	"200"	"2705654756930365214"	25000	"intercept"	0.58259747
"0.55"	"0.4"	"0.15"	"0.01"	"0.005"	"0.01"	"100000"	"10000"	"200"	"2705654756930365214"	30000	"slope"	-0.411722145
"0.55"	"0.4"	"0.15"	"0.01"	"0.005"	"0.01"	"100000"	"10000"	"200"	"2705654756930365214"	30000	"intercept"	0.629901735
"0.55"	"0.4"	"0.15"	"0.01"	"0.005"	"0.01"	"100000"	"10000"	"200"	"2705654756930365214"	35000	"slope"	-0.442449705
"0.55"	"0.4"	"0.15"	"0.01"	"0.005"	"0.01"	"100000"	"10000"	"200"	"2705654756930365214"	35000	"intercept"	0.64045277
"0.55"	"0.4"	"0.15"	"0.01"	"0.005"	"0.01"	"100000"	"10000"	"200"	"2705654756930365214"	40000	"slope"	-0.43076502
"0.55"	"0.4"	"0.15"	"0.01"	"0.005"	"0.01"	"100000"	"10000"	"200"	"2705654756930365214"	40000	"intercept"	0.64304797
"0.55"	"0.4"	"0.15"	"0.01"	"0.005"	"0.01"	"100000"	"10000"	"200"	"2705654756930365214"	45000	"slope"	-0.363354905
"0.55"	"0.4"	"0.15"	"0.01"	"0.005"	"0.01"	"100000"	"10000"	"200"	"2705654756930365214"	45000	"intercept"	0.600257475
"0.55"	"0.4"	"0.15"	"0.01"	"0.005"	"0.01"	"100000"	"10000"	"200"	"2705654756930365214"	50000	"slope"	-0.35080544
"0.55"	"0.4"	"0.15"	"0.01"	"0.005"	"0.01"	"100000"	"10000"	"200"	"2705654756930365214"	50000	"intercept"	0.587510835
"0.55"	"0.4"	"0.15"	"0.01"	"0.005"	"0.01"	"100000"	"10000"	"200"	"2705654756930365214"	55000	"slope"	-0.376582495
"0.55"	"0.4"	"0.15"	"0.01"	"0.005"	"0.01"	"100000"	"10000"	"200"	"2705654756930365214"	55000	"intercept"	0.60436268
"0.55"	"0.4"	"0.15"	"0.01"	"0.005"	"0.01"	"100000"	"10000"	"200"	"2705654756930365214"	60000	"slope"	-0.41035947
"0.55"	"0.4"	"0.15"	"0.01"	"0.005"	"0.01"	"100000"	"10000"	"200"	"2705654756930365214"	60000	"intercept"	0.6308488
"0.55"	"0.4"	"0.15"	"0.01"	"0.005"	"0.01"	"100000"	"10000"	"200"	"2705654756930365214"	65000	"slope"	-0.38765754
"0.55"	"0.4"	"0.15"	"0.01"	"0.005"	"0.01"	"100000"	"10000"	"200"	"2705654756930365214"	65000	"intercept"	0.60844214
"0.55"	"0.4"	"0.15"	"0.01"	"0.005"	"0.01"	"100000"	"10000"	"200"	"2705654756930365214"	70000	"slope"	-0.400221965
"0.55"	"0.4"	"0.15"	"0.01"	"0.005"	"0.01"	"100000"	"10000"	"200"	"2705654756930365214"	70000	"intercept"	0.62279732
"0.55"	"0.4"	"0.15"	"0.01"	"0.005"	"0.01"	"100000"	"10000"	"200"	"2705654756930365214"	75000	"slope"	-0.390695095
"0.55"	"0.4"	"0.15"	"0.01"	"0.005"	"0.01"	"100000"	"10000"	"200"	"2705654756930365214"	75000	"intercept"	0.624946505
"0.55"	"0.4"	"0.15"	"0.01"	"0.005"	"0.01"	"100000"	"10000"	"200"	"2705654756930365214"	80000	"slope"	-0.404320405
"0.55"	"0.4"	"0.15"	"0.01"	"0.005"	"0.01"	"100000"	"10000"	"200"	"2705654756930365214"	80000	"intercept"	0.624705645
"0.55"	"0.4"	"0.15"	"0.01"	"0.005"	"0.01"	"100000"	"10000"	"200"	"2705654756930365214"	85000	"slope"	-0.38283213
"0.55"	"0.4"	"0.15"	"0.01"	"0.005"	"0.01"	"100000"	"10000"	"200"	"2705654756930365214"	85000	"intercept"	0.61228024
"0.55"	"0.4"	"0.15"	"0.01"	"0.005"	"0.01"	"100000"	"10000"	"200"	"2705654756930365214"	90000	"slope"	-0.382932095
"0.55"	"0.4"	"0.15"	"0.01"	"0.005"	"0.01"	"100000"	"10000"	"200"	"2705654756930365214"	90000	"intercept"	0.61474239
"0.55"	"0.4"	"0.15"	"0.01"	"0.005"	"0.01"	"100000"	"10000"	"200"	"2705654756930365214"	95000	"slope"	-0.374837325
"0.55"	"0.4"	"0.15"	"0.01"	"0.005"	"0.01"	"100000"	"10000"	"200"	"2705654756930365214"	95000	"intercept"	0.599299115
"0.55"	"0.4"	"0.15"	"0.01"	"0.005"	"0.01"	"100000"	"10000"	"200"	"2705654756930365214"	100000	"slope"	-0.37759666
"0.55"	"0.4"	"0.15"	"0.01"	"0.005"	"0.01"	"100000"	"10000"	"200"	"2705654756930365214"	100000	"intercept"	0.607624975
"0.55"	"0.4"	"0.15"	"0.01"	"0.005"	"0.01"	"100000"	"10000"	"200"	"3580887077496005126"	10	"slope"	7.43551e-05
"0.55"	"0.4"	"0.15"	"0.01"	"0.005"	"0.01"	"100000"	"10000"	"200"	"3580887077496005126"	10	"intercept"	0.499995275
"0.55"	"0.4"	"0.15"	"0.01"	"0.005"	"0.01"	"100000"	"10000"	"200"	"3580887077496005126"	5000	"slope"	-0.09893741865
"0.55"	"0.4"	"0.15"	"0.01"	"0.005"	"0.01"	"100000"	"10000"	"200"	"3580887077496005126"	5000	"intercept"	0.444278005
"0.55"	"0.4"	"0.15"	"0.01"	"0.005"	"0.01"	"100000"	"10000"	"200"	"3580887077496005126"	10000	"slope"	-0.18956969
"0.55"	"0.4"	"0.15"	"0.01"	"0.005"	"0.01"	"100000"	"10000"	"200"	"3580887077496005126"	10000	"intercept"	0.5022425
"0.55"	"0.4"	"0.15"	"0.01"	"0.005"	"0.01"	"100000"	"10000"	"200"	"3580887077496005126"	15000	"slope"	-0.314905605
"0.55"	"0.4"	"0.15"	"0.01"	"0.005"	"0.01"	"100000"	"10000"	"200"	"3580887077496005126"	15000	"intercept"	0.57226946
"0.55"	"0.4"	"0.15"	"0.01"	"0.005"	"0.01"	"100000"	"10000"	"200"	"3580887077496005126"	20000	"slope"	-0.334449225
"0.55"	"0.4"	"0.15"	"0.01"	"0.005"	"0.01"	"100000"	"10000"	"200"	"3580887077496005126"	20000	"intercept"	0.58144459
"0.55"	"0.4"	"0.15"	"0.01"	"0.005"	"0.01"	"100000"	"10000"	"200"	"3580887077496005126"	25000	"slope"	-0.35630835
"0.55"	"0.4"	"0.15"	"0.01"	"0.005"	"0.01"	"100000"	"10000"	"200"	"3580887077496005126"	25000	"intercept"	0.59328379
"0.55"	"0.4"	"0.15"	"0.01"	"0.005"	"0.01"	"100000"	"10000"	"200"	"3580887077496005126"	30000	"slope"	-0.342263395
"0.55"	"0.4"	"0.15"	"0.01"	"0.005"	"0.01"	"100000"	"10000"	"200"	"3580887077496005126"	30000	"intercept"	0.58915637
"0.55"	"0.4"	"0.15"	"0.01"	"0.005"	"0.01"	"100000"	"10000"	"200"	"3580887077496005126"	35000	"slope"	-0.371062915
"0.55"	"0.4"	"0.15"	"0.01"	"0.005"	"0.01"	"100000"	"10000"	"200"	"3580887077496005126"	35000	"intercept"	0.59977065
"0.55"	"0.4"	"0.15"	"0.01"	"0.005"	"0.01"	"100000"	"10000"	"200"	"3580887077496005126"	40000	"slope"	-0.40921452
"0.55"	"0.4"	"0.15"	"0.01"	"0.005"	"0.01"	"100000"	"10000"	"200"	"3580887077496005126"	40000	"intercept"	0.63345266
"0.55"	"0.4"	"0.15"	"0.01"	"0.005"	"0.01"	"100000"	"10000"	"200"	"3580887077496005126"	45000	"slope"	-0.356824055
"0.55"	"0.4"	"0.15"	"0.01"	"0.005"	"0.01"	"100000"	"10000"	"200"	"3580887077496005126"	45000	"intercept"	0.6027393
"0.55"	"0.4"	"0.15"	"0.01"	"0.005"	"0.01"	"100000"	"10000"	"200"	"3580887077496005126"	50000	"slope"	-0.37511893
"0.55"	"0.4"	"0.15"	"0.01"	"0.005"	"0.01"	"100000"	"10000"	"200"	"3580887077496005126"	50000	"intercept"	0.604130095
"0.55"	"0.4"	"0.15"	"0.01"	"0.005"	"0.01"	"100000"	"10000"	"200"	"3580887077496005126"	55000	"slope"	-0.391739875
"0.55"	"0.4"	"0.15"	"0.01"	"0.005"	"0.01"	"100000"	"10000"	"200"	"3580887077496005126"	55000	"intercept"	0.612320675
"0.55"	"0.4"	"0.15"	"0.01"	"0.005"	"0.01"	"100000"	"10000"	"200"	"3580887077496005126"	60000	"slope"	-0.39052695
"0.55"	"0.4"	"0.15"	"0.01"	"0.005"	"0.01"	"100000"	"10000"	"200"	"3580887077496005126"	60000	"intercept"	0.60770679
"0.55"	"0.4"	"0.15"	"0.01"	"0.005"	"0.01"	"100000"	"10000"	"200"	"3580887077496005126"	65000	"slope"	-0.390098985
"0.55"	"0.4"	"0.15"	"0.01"	"0.005"	"0.01"	"100000"	"10000"	"200"	"3580887077496005126"	65000	"intercept"	0.623452275
"0.55"	"0.4"	"0.15"	"0.01"	"0.005"	"0.01"	"100000"	"10000"	"200"	"3580887077496005126"	70000	"slope"	-0.40943035
"0.55"	"0.4"	"0.15"	"0.01"	"0.005"	"0.01"	"100000"	"10000"	"200"	"3580887077496005126"	70000	"intercept"	0.62280376
"0.55"	"0.4"	"0.15"	"0.01"	"0.005"	"0.01"	"100000"	"10000"	"200"	"3580887077496005126"	75000	"slope"	-0.400386395
"0.55"	"0.4"	"0.15"	"0.01"	"0.005"	"0.01"	"100000"	"10000"	"200"	"3580887077496005126"	75000	"intercept"	0.617319535
"0.55"	"0.4"	"0.15"	"0.01"	"0.005"	"0.01"	"100000"	"10000"	"200"	"3580887077496005126"	80000	"slope"	-0.37047277
"0.55"	"0.4"	"0.15"	"0.01"	"0.005"	"0.01"	"100000"	"10000"	"200"	"3580887077496005126"	80000	"intercept"	0.5944062
"0.55"	"0.4"	"0.15"	"0.01"	"0.005"	"0.01"	"100000"	"10000"	"200"	"3580887077496005126"	85000	"slope"	-0.39905108
"0.55"	"0.4"	"0.15"	"0.01"	"0.005"	"0.01"	"100000"	"10000"	"200"	"3580887077496005126"	85000	"intercept"	0.613200715
"0.55"	"0.4"	"0.15"	"0.01"	"0.005"	"0.01"	"100000"	"10000"	"200"	"3580887077496005126"	90000	"slope"	-0.3841569
"0.55"	"0.4"	"0.15"	"0.01"	"0.005"	"0.01"	"100000"	"10000"	"200"	"3580887077496005126"	90000	"intercept"	0.615918265
"0.55"	"0.4"	"0.15"	"0.01"	"0.005"	"0.01"	"100000"	"10000"	"200"	"3580887077496005126"	95000	"slope"	-0.390547245
"0.55"	"0.4"	"0.15"	"0.01"	"0.005"	"0.01"	"100000"	"10000"	"200"	"3580887077496005126"	95000	"intercept"	0.611086245
"0.55"	"0.4"	"0.15"	"0.01"	"0.005"	"0.01"	"100000"	"10000"	"200"	"3580887077496005126"	100000	"slope"	-0.39813125
"0.55"	"0.4"	"0.15"	"0.01"	"0.005"	"0.01"	"100000"	"10000"	"200"	"3580887077496005126"	100000	"intercept"	0.616797425
"0.55"	"0.4"	"0.15"	"0.01"	"0.005"	"0.01"	"100000"	"10000"	"200"	"9201726598572992821"	10	"slope"	-1.48767e-05
"0.55"	"0.4"	"0.15"	"0.01"	"0.005"	"0.01"	"100000"	"10000"	"200"	"9201726598572992821"	10	"intercept"	0.49979755
"0.55"	"0.4"	"0.15"	"0.01"	"0.005"	"0.01"	"100000"	"10000"	"200"	"9201726598572992821"	5000	"slope"	-0.148439913
"0.55"	"0.4"	"0.15"	"0.01"	"0.005"	"0.01"	"100000"	"10000"	"200"	"9201726598572992821"	5000	"intercept"	0.460087495
"0.55"	"0.4"	"0.15"	"0.01"	"0.005"	"0.01"	"100000"	"10000"	"200"	"9201726598572992821"	10000	"slope"	-0.23844005
"0.55"	"0.4"	"0.15"	"0.01"	"0.005"	"0.01"	"100000"	"10000"	"200"	"9201726598572992821"	10000	"intercept"	0.525424485
"0.55"	"0.4"	"0.15"	"0.01"	"0.005"	"0.01"	"100000"	"10000"	"200"	"9201726598572992821"	15000	"slope"	-0.325047655
"0.55"	"0.4"	"0.15"	"0.01"	"0.005"	"0.01"	"100000"	"10000"	"200"	"9201726598572992821"	15000	"intercept"	0.57894027
"0.55"	"0.4"	"0.15"	"0.01"	"0.005"	"0.01"	"100000"	"10000"	"200"	"9201726598572992821"	20000	"slope"	-0.36347223
"0.55"	"0.4"	"0.15"	"0.01"	"0.005"	"0.01"	"100000"	"10000"	"200"	"9201726598572992821"	20000	"intercept"	0.59539828
"0.55"	"0.4"	"0.15"	"0.01"	"0.005"	"0.01"	"100000"	"10000"	"200"	"9201726598572992821"	25000	"slope"	-0.36709911
"0.55"	"0.4"	"0.15"	"0.01"	"0.005"	"0.01"	"100000"	"10000"	"200"	"9201726598572992821"	25000	"intercept"	0.598184405
"0.55"	"0.4"	"0.15"	"0.01"	"0.005"	"0.01"	"100000"	"10000"	"200"	"9201726598572992821"	30000	"slope"	-0.397597855
"0.55"	"0.4"	"0.15"	"0.01"	"0.005"	"0.01"	"100000"	"10000"	"200"	"9201726598572992821"	30000	"intercept"	0.614177165
"0.55"	"0.4"	"0.15"	"0.01"	"0.005"	"0.01"	"100000"	"10000"	"200"	"9201726598572992821"	35000	"slope"	-0.404131675
"0.55"	"0.4"	"0.15"	"0.01"	"0.005"	"0.01"	"100000"	"10000"	"200"	"9201726598572992821"	35000	"intercept"	0.625835915
"0.55"	"0.4"	"0.15"	"0.01"	"0.005"	"0.01"	"100000"	"10000"	"200"	"9201726598572992821"	40000	"slope"	-0.39156765
"0.55"	"0.4"	"0.15"	"0.01"	"0.005"	"0.01"	"100000"	"10000"	"200"	"9201726598572992821"	40000	"intercept"	0.60999667
"0.55"	"0.4"	"0.15"	"0.01"	"0.005"	"0.01"	"100000"	"10000"	"200"	"9201726598572992821"	45000	"slope"	-0.375118065
"0.55"	"0.4"	"0.15"	"0.01"	"0.005"	"0.01"	"100000"	"10000"	"200"	"9201726598572992821"	45000	"intercept"	0.611635725
"0.55"	"0.4"	"0.15"	"0.01"	"0.005"	"0.01"	"100000"	"10000"	"200"	"9201726598572992821"	50000	"slope"	-0.393158015
"0.55"	"0.4"	"0.15"	"0.01"	"0.005"	"0.01"	"100000"	"10000"	"200"	"9201726598572992821"	50000	"intercept"	0.611855455
"0.55"	"0.4"	"0.15"	"0.01"	"0.005"	"0.01"	"100000"	"10000"	"200"	"9201726598572992821"	55000	"slope"	-0.372469955
"0.55"	"0.4"	"0.15"	"0.01"	"0.005"	"0.01"	"100000"	"10000"	"200"	"9201726598572992821"	55000	"intercept"	0.603480195
"0.55"	"0.4"	"0.15"	"0.01"	"0.005"	"0.01"	"100000"	"10000"	"200"	"9201726598572992821"	60000	"slope"	-0.401885535
"0.55"	"0.4"	"0.15"	"0.01"	"0.005"	"0.01"	"100000"	"10000"	"200"	"9201726598572992821"	60000	"intercept"	0.617299945
"0.55"	"0.4"	"0.15"	"0.01"	"0.005"	"0.01"	"100000"	"10000"	"200"	"9201726598572992821"	65000	"slope"	-0.41290293
"0.55"	"0.4"	"0.15"	"0.01"	"0.005"	"0.01"	"100000"	"10000"	"200"	"9201726598572992821"	65000	"intercept"	0.62687262
"0.55"	"0.4"	"0.15"	"0.01"	"0.005"	"0.01"	"100000"	"10000"	"200"	"9201726598572992821"	70000	"slope"	-0.41043859
"0.55"	"0.4"	"0.15"	"0.01"	"0.005"	"0.01"	"100000"	"10000"	"200"	"9201726598572992821"	70000	"intercept"	0.628900285
"0.55"	"0.4"	"0.15"	"0.01"	"0.005"	"0.01"	"100000"	"10000"	"200"	"9201726598572992821"	75000	"slope"	-0.366128865
"0.55"	"0.4"	"0.15"	"0.01"	"0.005"	"0.01"	"100000"	"10000"	"200"	"9201726598572992821"	75000	"intercept"	0.606936205
"0.55"	"0.4"	"0.15"	"0.01"	"0.005"	"0.01"	"100000"	"10000"	"200"	"9201726598572992821"	80000	"slope"	-0.39241642
"0.55"	"0.4"	"0.15"	"0.01"	"0.005"	"0.01"	"100000"	"10000"	"200"	"9201726598572992821"	80000	"intercept"	0.61759972
"0.55"	"0.4"	"0.15"	"0.01"	"0.005"	"0.01"	"100000"	"10000"	"200"	"9201726598572992821"	85000	"slope"	-0.418528865
"0.55"	"0.4"	"0.15"	"0.01"	"0.005"	"0.01"	"100000"	"10000"	"200"	"9201726598572992821"	85000	"intercept"	0.63099492
"0.55"	"0.4"	"0.15"	"0.01"	"0.005"	"0.01"	"100000"	"10000"	"200"	"9201726598572992821"	90000	"slope"	-0.40457666
"0.55"	"0.4"	"0.15"	"0.01"	"0.005"	"0.01"	"100000"	"10000"	"200"	"9201726598572992821"	90000	"intercept"	0.626124435
"0.55"	"0.4"	"0.15"	"0.01"	"0.005"	"0.01"	"100000"	"10000"	"200"	"9201726598572992821"	95000	"slope"	-0.3681692
"0.55"	"0.4"	"0.15"	"0.01"	"0.005"	"0.01"	"100000"	"10000"	"200"	"9201726598572992821"	95000	"intercept"	0.606543555
"0.55"	"0.4"	"0.15"	"0.01"	"0.005"	"0.01"	"100000"	"10000"	"200"	"9201726598572992821"	100000	"slope"	-0.378763325
"0.55"	"0.4"	"0.15"	"0.01"	"0.005"	"0.01"	"100000"	"10000"	"200"	"9201726598572992821"	100000	"intercept"	0.61087321
"0.55"	"0.6"	"0.15"	"0.01"	"0.005"	"0.01"	"100000"	"10000"	"200"	"293564009946676080"	10	"slope"	-1.6112965e-05
"0.55"	"0.6"	"0.15"	"0.01"	"0.005"	"0.01"	"100000"	"10000"	"200"	"293564009946676080"	10	"intercept"	0.499977375
"0.55"	"0.6"	"0.15"	"0.01"	"0.005"	"0.01"	"100000"	"10000"	"200"	"293564009946676080"	5000	"slope"	-0.1976102
"0.55"	"0.6"	"0.15"	"0.01"	"0.005"	"0.01"	"100000"	"10000"	"200"	"293564009946676080"	5000	"intercept"	0.471163835
"0.55"	"0.6"	"0.15"	"0.01"	"0.005"	"0.01"	"100000"	"10000"	"200"	"293564009946676080"	10000	"slope"	-0.29934327
"0.55"	"0.6"	"0.15"	"0.01"	"0.005"	"0.01"	"100000"	"10000"	"200"	"293564009946676080"	10000	"intercept"	0.528259235
"0.55"	"0.6"	"0.15"	"0.01"	"0.005"	"0.01"	"100000"	"10000"	"200"	"293564009946676080"	15000	"slope"	-0.353751135
"0.55"	"0.6"	"0.15"	"0.01"	"0.005"	"0.01"	"100000"	"10000"	"200"	"293564009946676080"	15000	"intercept"	0.55996741
"0.55"	"0.6"	"0.15"	"0.01"	"0.005"	"0.01"	"100000"	"10000"	"200"	"293564009946676080"	20000	"slope"	-0.414962825
"0.55"	"0.6"	"0.15"	"0.01"	"0.005"	"0.01"	"100000"	"10000"	"200"	"293564009946676080"	20000	"intercept"	0.599233585
"0.55"	"0.6"	"0.15"	"0.01"	"0.005"	"0.01"	"100000"	"10000"	"200"	"293564009946676080"	25000	"slope"	-0.44840227
"0.55"	"0.6"	"0.15"	"0.01"	"0.005"	"0.01"	"100000"	"10000"	"200"	"293564009946676080"	25000	"intercept"	0.61640923
"0.55"	"0.6"	"0.15"	"0.01"	"0.005"	"0.01"	"100000"	"10000"	"200"	"293564009946676080"	30000	"slope"	-0.48305591
"0.55"	"0.6"	"0.15"	"0.01"	"0.005"	"0.01"	"100000"	"10000"	"200"	"293564009946676080"	30000	"intercept"	0.650685445
"0.55"	"0.6"	"0.15"	"0.01"	"0.005"	"0.01"	"100000"	"10000"	"200"	"293564009946676080"	35000	"slope"	-0.458960835
"0.55"	"0.6"	"0.15"	"0.01"	"0.005"	"0.01"	"100000"	"10000"	"200"	"293564009946676080"	35000	"intercept"	0.632240205
"0.55"	"0.6"	"0.15"	"0.01"	"0.005"	"0.01"	"100000"	"10000"	"200"	"293564009946676080"	40000	"slope"	-0.4467047
"0.55"	"0.6"	"0.15"	"0.01"	"0.005"	"0.01"	"100000"	"10000"	"200"	"293564009946676080"	40000	"intercept"	0.62253626
"0.55"	"0.6"	"0.15"	"0.01"	"0.005"	"0.01"	"100000"	"10000"	"200"	"293564009946676080"	45000	"slope"	-0.45599026
"0.55"	"0.6"	"0.15"	"0.01"	"0.005"	"0.01"	"100000"	"10000"	"200"	"293564009946676080"	45000	"intercept"	0.630427355
"0.55"	"0.6"	"0.15"	"0.01"	"0.005"	"0.01"	"100000"	"10000"	"200"	"293564009946676080"	50000	"slope"	-0.45403006
"0.55"	"0.6"	"0.15"	"0.01"	"0.005"	"0.01"	"100000"	"10000"	"200"	"293564009946676080"	50000	"intercept"	0.62461625
"0.55"	"0.6"	"0.15"	"0.01"	"0.005"	"0.01"	"100000"	"10000"	"200"	"293564009946676080"	55000	"slope"	-0.4780172
"0.55"	"0.6"	"0.15"	"0.01"	"0.005"	"0.01"	"100000"	"10000"	"200"	"293564009946676080"	55000	"intercept"	0.645412
"0.55"	"0.6"	"0.15"	"0.01"	"0.005"	"0.01"	"100000"	"10000"	"200"	"293564009946676080"	60000	"slope"	-0.484579125
"0.55"	"0.6"	"0.15"	"0.01"	"0.005"	"0.01"	"100000"	"10000"	"200"	"293564009946676080"	60000	"intercept"	0.639812255
"0.55"	"0.6"	"0.15"	"0.01"	"0.005"	"0.01"	"100000"	"10000"	"200"	"293564009946676080"	65000	"slope"	-0.48651523
"0.55"	"0.6"	"0.15"	"0.01"	"0.005"	"0.01"	"100000"	"10000"	"200"	"293564009946676080"	65000	"intercept"	0.65240078
"0.55"	"0.6"	"0.15"	"0.01"	"0.005"	"0.01"	"100000"	"10000"	"200"	"293564009946676080"	70000	"slope"	-0.478004565
"0.55"	"0.6"	"0.15"	"0.01"	"0.005"	"0.01"	"100000"	"10000"	"200"	"293564009946676080"	70000	"intercept"	0.646553915
"0.55"	"0.6"	"0.15"	"0.01"	"0.005"	"0.01"	"100000"	"10000"	"200"	"293564009946676080"	75000	"slope"	-0.46382712
"0.55"	"0.6"	"0.15"	"0.01"	"0.005"	"0.01"	"100000"	"10000"	"200"	"293564009946676080"	75000	"intercept"	0.633920795
"0.55"	"0.6"	"0.15"	"0.01"	"0.005"	"0.01"	"100000"	"10000"	"200"	"293564009946676080"	80000	"slope"	-0.494939375
"0.55"	"0.6"	"0.15"	"0.01"	"0.005"	"0.01"	"100000"	"10000"	"200"	"293564009946676080"	80000	"intercept"	0.645792435
"0.55"	"0.6"	"0.15"	"0.01"	"0.005"	"0.01"	"100000"	"10000"	"200"	"293564009946676080"	85000	"slope"	-0.485501845
"0.55"	"0.6"	"0.15"	"0.01"	"0.005"	"0.01"	"100000"	"10000"	"200"	"293564009946676080"	85000	"intercept"	0.64283504
"0.55"	"0.6"	"0.15"	"0.01"	"0.005"	"0.01"	"100000"	"10000"	"200"	"293564009946676080"	90000	"slope"	-0.473143615
"0.55"	"0.6"	"0.15"	"0.01"	"0.005"	"0.01"	"100000"	"10000"	"200"	"293564009946676080"	90000	"intercept"	0.63878105
"0.55"	"0.6"	"0.15"	"0.01"	"0.005"	"0.01"	"100000"	"10000"	"200"	"293564009946676080"	95000	"slope"	-0.45383048
"0.55"	"0.6"	"0.15"	"0.01"	"0.005"	"0.01"	"100000"	"10000"	"200"	"293564009946676080"	95000	"intercept"	0.61608105
"0.55"	"0.6"	"0.15"	"0.01"	"0.005"	"0.01"	"100000"	"10000"	"200"	"293564009946676080"	100000	"slope"	-0.46302704
"0.55"	"0.6"	"0.15"	"0.01"	"0.005"	"0.01"	"100000"	"10000"	"200"	"293564009946676080"	100000	"intercept"	0.625747675
"0.55"	"0.6"	"0.15"	"0.01"	"0.005"	"0.01"	"100000"	"10000"	"200"	"8140188148045544860"	10	"slope"	-8.91485e-05
"0.55"	"0.6"	"0.15"	"0.01"	"0.005"	"0.01"	"100000"	"10000"	"200"	"8140188148045544860"	10	"intercept"	0.4999049
"0.55"	"0.6"	"0.15"	"0.01"	"0.005"	"0.01"	"100000"	"10000"	"200"	"8140188148045544860"	5000	"slope"	-0.1577605685
"0.55"	"0.6"	"0.15"	"0.01"	"0.005"	"0.01"	"100000"	"10000"	"200"	"8140188148045544860"	5000	"intercept"	0.450039705
"0.55"	"0.6"	"0.15"	"0.01"	"0.005"	"0.01"	"100000"	"10000"	"200"	"8140188148045544860"	10000	"slope"	-0.23192069
"0.55"	"0.6"	"0.15"	"0.01"	"0.005"	"0.01"	"100000"	"10000"	"200"	"8140188148045544860"	10000	"intercept"	0.490610745
"0.55"	"0.6"	"0.15"	"0.01"	"0.005"	"0.01"	"100000"	"10000"	"200"	"8140188148045544860"	15000	"slope"	-0.323546145
"0.55"	"0.6"	"0.15"	"0.01"	"0.005"	"0.01"	"100000"	"10000"	"200"	"8140188148045544860"	15000	"intercept"	0.549095145
"0.55"	"0.6"	"0.15"	"0.01"	"0.005"	"0.01"	"100000"	"10000"	"200"	"8140188148045544860"	20000	"slope"	-0.35883383
"0.55"	"0.6"	"0.15"	"0.01"	"0.005"	"0.01"	"100000"	"10000"	"200"	"8140188148045544860"	20000	"intercept"	0.56658294
"0.55"	"0.6"	"0.15"	"0.01"	"0.005"	"0.01"	"100000"	"10000"	"200"	"8140188148045544860"	25000	"slope"	-0.40211749
"0.55"	"0.6"	"0.15"	"0.01"	"0.005"	"0.01"	"100000"	"10000"	"200"	"8140188148045544860"	25000	"intercept"	0.59666282
"0.55"	"0.6"	"0.15"	"0.01"	"0.005"	"0.01"	"100000"	"10000"	"200"	"8140188148045544860"	30000	"slope"	-0.41015649
"0.55"	"0.6"	"0.15"	"0.01"	"0.005"	"0.01"	"100000"	"10000"	"200"	"8140188148045544860"	30000	"intercept"	0.59417935
"0.55"	"0.6"	"0.15"	"0.01"	"0.005"	"0.01"	"100000"	"10000"	"200"	"8140188148045544860"	35000	"slope"	-0.43735002
"0.55"	"0.6"	"0.15"	"0.01"	"0.005"	"0.01"	"100000"	"10000"	"200"	"8140188148045544860"	35000	"intercept"	0.613561385
"0.55"	"0.6"	"0.15"	"0.01"	"0.005"	"0.01"	"100000"	"10000"	"200"	"8140188148045544860"	40000	"slope"	-0.461689095
"0.55"	"0.6"	"0.15"	"0.01"	"0.005"	"0.01"	"100000"	"10000"	"200"	"8140188148045544860"	40000	"intercept"	0.638958255
"0.55"	"0.6"	"0.15"	"0.01"	"0.005"	"0.01"	"100000"	"10000"	"200"	"8140188148045544860"	45000	"slope"	-0.469016695
"0.55"	"0.6"	"0.15"	"0.01"	"0.005"	"0.01"	"100000"	"10000"	"200"	"8140188148045544860"	45000	"intercept"	0.634310545
"0.55"	"0.6"	"0.15"	"0.01"	"0.005"	"0.01"	"100000"	"10000"	"200"	"8140188148045544860"	50000	"slope"	-0.45990893
"0.55"	"0.6"	"0.15"	"0.01"	"0.005"	"0.01"	"100000"	"10000"	"200"	"8140188148045544860"	50000	"intercept"	0.630730775
"0.55"	"0.6"	"0.15"	"0.01"	"0.005"	"0.01"	"100000"	"10000"	"200"	"8140188148045544860"	55000	"slope"	-0.452617825
"0.55"	"0.6"	"0.15"	"0.01"	"0.005"	"0.01"	"100000"	"10000"	"200"	"8140188148045544860"	55000	"intercept"	0.620482185
"0.55"	"0.6"	"0.15"	"0.01"	"0.005"	"0.01"	"100000"	"10000"	"200"	"8140188148045544860"	60000	"slope"	-0.43896516
"0.55"	"0.6"	"0.15"	"0.01"	"0.005"	"0.01"	"100000"	"10000"	"200"	"8140188148045544860"	60000	"intercept"	0.619745425
"0.55"	"0.6"	"0.15"	"0.01"	"0.005"	"0.01"	"100000"	"10000"	"200"	"8140188148045544860"	65000	"slope"	-0.442483515
"0.55"	"0.6"	"0.15"	"0.01"	"0.005"	"0.01"	"100000"	"10000"	"200"	"8140188148045544860"	65000	"intercept"	0.607591655
"0.55"	"0.6"	"0.15"	"0.01"	"0.005"	"0.01"	"100000"	"10000"	"200"	"8140188148045544860"	70000	"slope"	-0.442888255
"0.55"	"0.6"	"0.15"	"0.01"	"0.005"	"0.01"	"100000"	"10000"	"200"	"8140188148045544860"	70000	"intercept"	0.621630935
"0.55"	"0.6"	"0.15"	"0.01"	"0.005"	"0.01"	"100000"	"10000"	"200"	"8140188148045544860"	75000	"slope"	-0.436595225
"0.55"	"0.6"	"0.15"	"0.01"	"0.005"	"0.01"	"100000"	"10000"	"200"	"8140188148045544860"	75000	"intercept"	0.619239915
"0.55"	"0.6"	"0.15"	"0.01"	"0.005"	"0.01"	"100000"	"10000"	"200"	"8140188148045544860"	80000	"slope"	-0.448940415
"0.55"	"0.6"	"0.15"	"0.01"	"0.005"	"0.01"	"100000"	"10000"	"200"	"8140188148045544860"	80000	"intercept"	0.621726225
"0.55"	"0.6"	"0.15"	"0.01"	"0.005"	"0.01"	"100000"	"10000"	"200"	"8140188148045544860"	85000	"slope"	-0.442432495
"0.55"	"0.6"	"0.15"	"0.01"	"0.005"	"0.01"	"100000"	"10000"	"200"	"8140188148045544860"	85000	"intercept"	0.619642525
"0.55"	"0.6"	"0.15"	"0.01"	"0.005"	"0.01"	"100000"	"10000"	"200"	"8140188148045544860"	90000	"slope"	-0.474689625
"0.55"	"0.6"	"0.15"	"0.01"	"0.005"	"0.01"	"100000"	"10000"	"200"	"8140188148045544860"	90000	"intercept"	0.65037055
"0.55"	"0.6"	"0.15"	"0.01"	"0.005"	"0.01"	"100000"	"10000"	"200"	"8140188148045544860"	95000	"slope"	-0.46046876
"0.55"	"0.6"	"0.15"	"0.01"	"0.005"	"0.01"	"100000"	"10000"	"200"	"8140188148045544860"	95000	"intercept"	0.63429236
"0.55"	"0.6"	"0.15"	"0.01"	"0.005"	"0.01"	"100000"	"10000"	"200"	"8140188148045544860"	100000	"slope"	-0.464427855
"0.55"	"0.6"	"0.15"	"0.01"	"0.005"	"0.01"	"100000"	"10000"	"200"	"8140188148045544860"	100000	"intercept"	0.6355762
"0.55"	"0.6"	"0.15"	"0.01"	"0.005"	"0.01"	"100000"	"10000"	"200"	"8367123357093861638"	10	"slope"	1.159026e-05
"0.55"	"0.6"	"0.15"	"0.01"	"0.005"	"0.01"	"100000"	"10000"	"200"	"8367123357093861638"	10	"intercept"	0.49988417
"0.55"	"0.6"	"0.15"	"0.01"	"0.005"	"0.01"	"100000"	"10000"	"200"	"8367123357093861638"	5000	"slope"	-0.151700397
"0.55"	"0.6"	"0.15"	"0.01"	"0.005"	"0.01"	"100000"	"10000"	"200"	"8367123357093861638"	5000	"intercept"	0.43800071
"0.55"	"0.6"	"0.15"	"0.01"	"0.005"	"0.01"	"100000"	"10000"	"200"	"8367123357093861638"	10000	"slope"	-0.24269314
"0.55"	"0.6"	"0.15"	"0.01"	"0.005"	"0.01"	"100000"	"10000"	"200"	"8367123357093861638"	10000	"intercept"	0.493185025
"0.55"	"0.6"	"0.15"	"0.01"	"0.005"	"0.01"	"100000"	"10000"	"200"	"8367123357093861638"	15000	"slope"	-0.33026255
"0.55"	"0.6"	"0.15"	"0.01"	"0.005"	"0.01"	"100000"	"10000"	"200"	"8367123357093861638"	15000	"intercept"	0.546962
"0.55"	"0.6"	"0.15"	"0.01"	"0.005"	"0.01"	"100000"	"10000"	"200"	"8367123357093861638"	20000	"slope"	-0.423173945
"0.55"	"0.6"	"0.15"	"0.01"	"0.005"	"0.01"	"100000"	"10000"	"200"	"8367123357093861638"	20000	"intercept"	0.60337578
"0.55"	"0.6"	"0.15"	"0.01"	"0.005"	"0.01"	"100000"	"10000"	"200"	"8367123357093861638"	25000	"slope"	-0.444473305
"0.55"	"0.6"	"0.15"	"0.01"	"0.005"	"0.01"	"100000"	"10000"	"200"	"8367123357093861638"	25000	"intercept"	0.625924365
"0.55"	"0.6"	"0.15"	"0.01"	"0.005"	"0.01"	"100000"	"10000"	"200"	"8367123357093861638"	30000	"slope"	-0.424055435
"0.55"	"0.6"	"0.15"	"0.01"	"0.005"	"0.01"	"100000"	"10000"	"200"	"8367123357093861638"	30000	"intercept"	0.60382341
"0.55"	"0.6"	"0.15"	"0.01"	"0.005"	"0.01"	"100000"	"10000"	"200"	"8367123357093861638"	35000	"slope"	-0.42266595
"0.55"	"0.6"	"0.15"	"0.01"	"0.005"	"0.01"	"100000"	"10000"	"200"	"8367123357093861638"	35000	"intercept"	0.608815565
"0.55"	"0.6"	"0.15"	"0.01"	"0.005"	"0.01"	"100000"	"10000"	"200"	"8367123357093861638"	40000	"slope"	-0.422348735
"0.55"	"0.6"	"0.15"	"0.01"	"0.005"	"0.01"	"100000"	"10000"	"200"	"8367123357093861638"	40000	"intercept"	0.59626235
"0.55"	"0.6"	"0.15"	"0.01"	"0.005"	"0.01"	"100000"	"10000"	"200"	"8367123357093861638"	45000	"slope"	-0.42481399
"0.55"	"0.6"	"0.15"	"0.01"	"0.005"	"0.01"	"100000"	"10000"	"200"	"8367123357093861638"	45000	"intercept"	0.602536275
"0.55"	"0.6"	"0.15"	"0.01"	"0.005"	"0.01"	"100000"	"10000"	"200"	"8367123357093861638"	50000	"slope"	-0.4441369
"0.55"	"0.6"	"0.15"	"0.01"	"0.005"	"0.01"	"100000"	"10000"	"200"	"8367123357093861638"	50000	"intercept"	0.622329495
"0.55"	"0.6"	"0.15"	"0.01"	"0.005"	"0.01"	"100000"	"10000"	"200"	"8367123357093861638"	55000	"slope"	-0.48139082
"0.55"	"0.6"	"0.15"	"0.01"	"0.005"	"0.01"	"100000"	"10000"	"200"	"8367123357093861638"	55000	"intercept"	0.647199815
"0.55"	"0.6"	"0.15"	"0.01"	"0.005"	"0.01"	"100000"	"10000"	"200"	"8367123357093861638"	60000	"slope"	-0.472383055
"0.55"	"0.6"	"0.15"	"0.01"	"0.005"	"0.01"	"100000"	"10000"	"200"	"8367123357093861638"	60000	"intercept"	0.63575466
"0.55"	"0.6"	"0.15"	"0.01"	"0.005"	"0.01"	"100000"	"10000"	"200"	"8367123357093861638"	65000	"slope"	-0.491248475
"0.55"	"0.6"	"0.15"	"0.01"	"0.005"	"0.01"	"100000"	"10000"	"200"	"8367123357093861638"	65000	"intercept"	0.655719385
"0.55"	"0.6"	"0.15"	"0.01"	"0.005"	"0.01"	"100000"	"10000"	"200"	"8367123357093861638"	70000	"slope"	-0.48858428
"0.55"	"0.6"	"0.15"	"0.01"	"0.005"	"0.01"	"100000"	"10000"	"200"	"8367123357093861638"	70000	"intercept"	0.656715455
"0.55"	"0.6"	"0.15"	"0.01"	"0.005"	"0.01"	"100000"	"10000"	"200"	"8367123357093861638"	75000	"slope"	-0.46955677
"0.55"	"0.6"	"0.15"	"0.01"	"0.005"	"0.01"	"100000"	"10000"	"200"	"8367123357093861638"	75000	"intercept"	0.62811472
"0.55"	"0.6"	"0.15"	"0.01"	"0.005"	"0.01"	"100000"	"10000"	"200"	"8367123357093861638"	80000	"slope"	-0.46745414
"0.55"	"0.6"	"0.15"	"0.01"	"0.005"	"0.01"	"100000"	"10000"	"200"	"8367123357093861638"	80000	"intercept"	0.637610595
"0.55"	"0.6"	"0.15"	"0.01"	"0.005"	"0.01"	"100000"	"10000"	"200"	"8367123357093861638"	85000	"slope"	-0.484989145
"0.55"	"0.6"	"0.15"	"0.01"	"0.005"	"0.01"	"100000"	"10000"	"200"	"8367123357093861638"	85000	"intercept"	0.64017072
"0.55"	"0.6"	"0.15"	"0.01"	"0.005"	"0.01"	"100000"	"10000"	"200"	"8367123357093861638"	90000	"slope"	-0.48875728
"0.55"	"0.6"	"0.15"	"0.01"	"0.005"	"0.01"	"100000"	"10000"	"200"	"8367123357093861638"	90000	"intercept"	0.650807995
"0.55"	"0.6"	"0.15"	"0.01"	"0.005"	"0.01"	"100000"	"10000"	"200"	"8367123357093861638"	95000	"slope"	-0.453721635
"0.55"	"0.6"	"0.15"	"0.01"	"0.005"	"0.01"	"100000"	"10000"	"200"	"8367123357093861638"	95000	"intercept"	0.627760485
"0.55"	"0.6"	"0.15"	"0.01"	"0.005"	"0.01"	"100000"	"10000"	"200"	"8367123357093861638"	100000	"slope"	-0.438650385
"0.55"	"0.6"	"0.15"	"0.01"	"0.005"	"0.01"	"100000"	"10000"	"200"	"8367123357093861638"	100000	"intercept"	0.62200464
"0.55"	"0.8"	"0.15"	"0.01"	"0.005"	"0.01"	"100000"	"10000"	"200"	"2238989830898481649"	10	"slope"	2.2349575e-05
"0.55"	"0.8"	"0.15"	"0.01"	"0.005"	"0.01"	"100000"	"10000"	"200"	"2238989830898481649"	10	"intercept"	0.49995061
"0.55"	"0.8"	"0.15"	"0.01"	"0.005"	"0.01"	"100000"	"10000"	"200"	"2238989830898481649"	5000	"slope"	-0.1774420325
"0.55"	"0.8"	"0.15"	"0.01"	"0.005"	"0.01"	"100000"	"10000"	"200"	"2238989830898481649"	5000	"intercept"	0.41300588
"0.55"	"0.8"	"0.15"	"0.01"	"0.005"	"0.01"	"100000"	"10000"	"200"	"2238989830898481649"	10000	"slope"	-0.291228365
"0.55"	"0.8"	"0.15"	"0.01"	"0.005"	"0.01"	"100000"	"10000"	"200"	"2238989830898481649"	10000	"intercept"	0.490424615
"0.55"	"0.8"	"0.15"	"0.01"	"0.005"	"0.01"	"100000"	"10000"	"200"	"2238989830898481649"	15000	"slope"	-0.363087115
"0.55"	"0.8"	"0.15"	"0.01"	"0.005"	"0.01"	"100000"	"10000"	"200"	"2238989830898481649"	15000	"intercept"	0.53182703
"0.55"	"0.8"	"0.15"	"0.01"	"0.005"	"0.01"	"100000"	"10000"	"200"	"2238989830898481649"	20000	"slope"	-0.46249516
"0.55"	"0.8"	"0.15"	"0.01"	"0.005"	"0.01"	"100000"	"10000"	"200"	"2238989830898481649"	20000	"intercept"	0.594954365
"0.55"	"0.8"	"0.15"	"0.01"	"0.005"	"0.01"	"100000"	"10000"	"200"	"2238989830898481649"	25000	"slope"	-0.493135985
"0.55"	"0.8"	"0.15"	"0.01"	"0.005"	"0.01"	"100000"	"10000"	"200"	"2238989830898481649"	25000	"intercept"	0.61626441
"0.55"	"0.8"	"0.15"	"0.01"	"0.005"	"0.01"	"100000"	"10000"	"200"	"2238989830898481649"	30000	"slope"	-0.501621205
"0.55"	"0.8"	"0.15"	"0.01"	"0.005"	"0.01"	"100000"	"10000"	"200"	"2238989830898481649"	30000	"intercept"	0.622577535
"0.55"	"0.8"	"0.15"	"0.01"	"0.005"	"0.01"	"100000"	"10000"	"200"	"2238989830898481649"	35000	"slope"	-0.51132708
"0.55"	"0.8"	"0.15"	"0.01"	"0.005"	"0.01"	"100000"	"10000"	"200"	"2238989830898481649"	35000	"intercept"	0.633137225
"0.55"	"0.8"	"0.15"	"0.01"	"0.005"	"0.01"	"100000"	"10000"	"200"	"2238989830898481649"	40000	"slope"	-0.543412145
"0.55"	"0.8"	"0.15"	"0.01"	"0.005"	"0.01"	"100000"	"10000"	"200"	"2238989830898481649"	40000	"intercept"	0.65276909
"0.55"	"0.8"	"0.15"	"0.01"	"0.005"	"0.01"	"100000"	"10000"	"200"	"2238989830898481649"	45000	"slope"	-0.52697572
"0.55"	"0.8"	"0.15"	"0.01"	"0.005"	"0.01"	"100000"	"10000"	"200"	"2238989830898481649"	45000	"intercept"	0.65180119
"0.55"	"0.8"	"0.15"	"0.01"	"0.005"	"0.01"	"100000"	"10000"	"200"	"2238989830898481649"	50000	"slope"	-0.543235725
"0.55"	"0.8"	"0.15"	"0.01"	"0.005"	"0.01"	"100000"	"10000"	"200"	"2238989830898481649"	50000	"intercept"	0.658236065
"0.55"	"0.8"	"0.15"	"0.01"	"0.005"	"0.01"	"100000"	"10000"	"200"	"2238989830898481649"	55000	"slope"	-0.53062016
"0.55"	"0.8"	"0.15"	"0.01"	"0.005"	"0.01"	"100000"	"10000"	"200"	"2238989830898481649"	55000	"intercept"	0.657449835
"0.55"	"0.8"	"0.15"	"0.01"	"0.005"	"0.01"	"100000"	"10000"	"200"	"2238989830898481649"	60000	"slope"	-0.541877915
"0.55"	"0.8"	"0.15"	"0.01"	"0.005"	"0.01"	"100000"	"10000"	"200"	"2238989830898481649"	60000	"intercept"	0.66534143
"0.55"	"0.8"	"0.15"	"0.01"	"0.005"	"0.01"	"100000"	"10000"	"200"	"2238989830898481649"	65000	"slope"	-0.508751165
"0.55"	"0.8"	"0.15"	"0.01"	"0.005"	"0.01"	"100000"	"10000"	"200"	"2238989830898481649"	65000	"intercept"	0.63516643
"0.55"	"0.8"	"0.15"	"0.01"	"0.005"	"0.01"	"100000"	"10000"	"200"	"2238989830898481649"	70000	"slope"	-0.51531104
"0.55"	"0.8"	"0.15"	"0.01"	"0.005"	"0.01"	"100000"	"10000"	"200"	"2238989830898481649"	70000	"intercept"	0.63623763
"0.55"	"0.8"	"0.15"	"0.01"	"0.005"	"0.01"	"100000"	"10000"	"200"	"2238989830898481649"	75000	"slope"	-0.54587979
"0.55"	"0.8"	"0.15"	"0.01"	"0.005"	"0.01"	"100000"	"10000"	"200"	"2238989830898481649"	75000	"intercept"	0.656271785
"0.55"	"0.8"	"0.15"	"0.01"	"0.005"	"0.01"	"100000"	"10000"	"200"	"2238989830898481649"	80000	"slope"	-0.5611306
"0.55"	"0.8"	"0.15"	"0.01"	"0.005"	"0.01"	"100000"	"10000"	"200"	"2238989830898481649"	80000	"intercept"	0.684555365
"0.55"	"0.8"	"0.15"	"0.01"	"0.005"	"0.01"	"100000"	"10000"	"200"	"2238989830898481649"	85000	"slope"	-0.57845822
"0.55"	"0.8"	"0.15"	"0.01"	"0.005"	"0.01"	"100000"	"10000"	"200"	"2238989830898481649"	85000	"intercept"	0.69352483
"0.55"	"0.8"	"0.15"	"0.01"	"0.005"	"0.01"	"100000"	"10000"	"200"	"2238989830898481649"	90000	"slope"	-0.56026495
"0.55"	"0.8"	"0.15"	"0.01"	"0.005"	"0.01"	"100000"	"10000"	"200"	"2238989830898481649"	90000	"intercept"	0.67290612
"0.55"	"0.8"	"0.15"	"0.01"	"0.005"	"0.01"	"100000"	"10000"	"200"	"2238989830898481649"	95000	"slope"	-0.55061779
"0.55"	"0.8"	"0.15"	"0.01"	"0.005"	"0.01"	"100000"	"10000"	"200"	"2238989830898481649"	95000	"intercept"	0.6629265
"0.55"	"0.8"	"0.15"	"0.01"	"0.005"	"0.01"	"100000"	"10000"	"200"	"2238989830898481649"	100000	"slope"	-0.5333919
"0.55"	"0.8"	"0.15"	"0.01"	"0.005"	"0.01"	"100000"	"10000"	"200"	"2238989830898481649"	100000	"intercept"	0.65261601
"0.55"	"0.8"	"0.15"	"0.01"	"0.005"	"0.01"	"100000"	"10000"	"200"	"4700807549519770050"	10	"slope"	2.418255e-05
"0.55"	"0.8"	"0.15"	"0.01"	"0.005"	"0.01"	"100000"	"10000"	"200"	"4700807549519770050"	10	"intercept"	0.499823295
"0.55"	"0.8"	"0.15"	"0.01"	"0.005"	"0.01"	"100000"	"10000"	"200"	"4700807549519770050"	5000	"slope"	-0.18796124
"0.55"	"0.8"	"0.15"	"0.01"	"0.005"	"0.01"	"100000"	"10000"	"200"	"4700807549519770050"	5000	"intercept"	0.423784465
"0.55"	"0.8"	"0.15"	"0.01"	"0.005"	"0.01"	"100000"	"10000"	"200"	"4700807549519770050"	10000	"slope"	-0.302300695
"0.55"	"0.8"	"0.15"	"0.01"	"0.005"	"0.01"	"100000"	"10000"	"200"	"4700807549519770050"	10000	"intercept"	0.484579055
"0.55"	"0.8"	"0.15"	"0.01"	"0.005"	"0.01"	"100000"	"10000"	"200"	"4700807549519770050"	15000	"slope"	-0.390449925
"0.55"	"0.8"	"0.15"	"0.01"	"0.005"	"0.01"	"100000"	"10000"	"200"	"4700807549519770050"	15000	"intercept"	0.543736465
"0.55"	"0.8"	"0.15"	"0.01"	"0.005"	"0.01"	"100000"	"10000"	"200"	"4700807549519770050"	20000	"slope"	-0.473466555
"0.55"	"0.8"	"0.15"	"0.01"	"0.005"	"0.01"	"100000"	"10000"	"200"	"4700807549519770050"	20000	"intercept"	0.608606475
"0.55"	"0.8"	"0.15"	"0.01"	"0.005"	"0.01"	"100000"	"10000"	"200"	"4700807549519770050"	25000	"slope"	-0.50657587
"0.55"	"0.8"	"0.15"	"0.01"	"0.005"	"0.01"	"100000"	"10000"	"200"	"4700807549519770050"	25000	"intercept"	0.634299595
"0.55"	"0.8"	"0.15"	"0.01"	"0.005"	"0.01"	"100000"	"10000"	"200"	"4700807549519770050"	30000	"slope"	-0.48872222
"0.55"	"0.8"	"0.15"	"0.01"	"0.005"	"0.01"	"100000"	"10000"	"200"	"4700807549519770050"	30000	"intercept"	0.62634234
"0.55"	"0.8"	"0.15"	"0.01"	"0.005"	"0.01"	"100000"	"10000"	"200"	"4700807549519770050"	35000	"slope"	-0.48212774
"0.55"	"0.8"	"0.15"	"0.01"	"0.005"	"0.01"	"100000"	"10000"	"200"	"4700807549519770050"	35000	"intercept"	0.62334413
"0.55"	"0.8"	"0.15"	"0.01"	"0.005"	"0.01"	"100000"	"10000"	"200"	"4700807549519770050"	40000	"slope"	-0.527622825
"0.55"	"0.8"	"0.15"	"0.01"	"0.005"	"0.01"	"100000"	"10000"	"200"	"4700807549519770050"	40000	"intercept"	0.647798255
"0.55"	"0.8"	"0.15"	"0.01"	"0.005"	"0.01"	"100000"	"10000"	"200"	"4700807549519770050"	45000	"slope"	-0.5316804
"0.55"	"0.8"	"0.15"	"0.01"	"0.005"	"0.01"	"100000"	"10000"	"200"	"4700807549519770050"	45000	"intercept"	0.652951425
"0.55"	"0.8"	"0.15"	"0.01"	"0.005"	"0.01"	"100000"	"10000"	"200"	"4700807549519770050"	50000	"slope"	-0.531941
"0.55"	"0.8"	"0.15"	"0.01"	"0.005"	"0.01"	"100000"	"10000"	"200"	"4700807549519770050"	50000	"intercept"	0.658559675
"0.55"	"0.8"	"0.15"	"0.01"	"0.005"	"0.01"	"100000"	"10000"	"200"	"4700807549519770050"	55000	"slope"	-0.534218945
"0.55"	"0.8"	"0.15"	"0.01"	"0.005"	"0.01"	"100000"	"10000"	"200"	"4700807549519770050"	55000	"intercept"	0.65614869
"0.55"	"0.8"	"0.15"	"0.01"	"0.005"	"0.01"	"100000"	"10000"	"200"	"4700807549519770050"	60000	"slope"	-0.571641405
"0.55"	"0.8"	"0.15"	"0.01"	"0.005"	"0.01"	"100000"	"10000"	"200"	"4700807549519770050"	60000	"intercept"	0.68365863
"0.55"	"0.8"	"0.15"	"0.01"	"0.005"	"0.01"	"100000"	"10000"	"200"	"4700807549519770050"	65000	"slope"	-0.570988325
"0.55"	"0.8"	"0.15"	"0.01"	"0.005"	"0.01"	"100000"	"10000"	"200"	"4700807549519770050"	65000	"intercept"	0.684368035
"0.55"	"0.8"	"0.15"	"0.01"	"0.005"	"0.01"	"100000"	"10000"	"200"	"4700807549519770050"	70000	"slope"	-0.586731405
"0.55"	"0.8"	"0.15"	"0.01"	"0.005"	"0.01"	"100000"	"10000"	"200"	"4700807549519770050"	70000	"intercept"	0.69109031
"0.55"	"0.8"	"0.15"	"0.01"	"0.005"	"0.01"	"100000"	"10000"	"200"	"4700807549519770050"	75000	"slope"	-0.572517845
"0.55"	"0.8"	"0.15"	"0.01"	"0.005"	"0.01"	"100000"	"10000"	"200"	"4700807549519770050"	75000	"intercept"	0.68140971
"0.55"	"0.8"	"0.15"	"0.01"	"0.005"	"0.01"	"100000"	"10000"	"200"	"4700807549519770050"	80000	"slope"	-0.55227718
"0.55"	"0.8"	"0.15"	"0.01"	"0.005"	"0.01"	"100000"	"10000"	"200"	"4700807549519770050"	80000	"intercept"	0.669325965
"0.55"	"0.8"	"0.15"	"0.01"	"0.005"	"0.01"	"100000"	"10000"	"200"	"4700807549519770050"	85000	"slope"	-0.5503389
"0.55"	"0.8"	"0.15"	"0.01"	"0.005"	"0.01"	"100000"	"10000"	"200"	"4700807549519770050"	85000	"intercept"	0.666102845
"0.55"	"0.8"	"0.15"	"0.01"	"0.005"	"0.01"	"100000"	"10000"	"200"	"4700807549519770050"	90000	"slope"	-0.5425146
"0.55"	"0.8"	"0.15"	"0.01"	"0.005"	"0.01"	"100000"	"10000"	"200"	"4700807549519770050"	90000	"intercept"	0.66310531
"0.55"	"0.8"	"0.15"	"0.01"	"0.005"	"0.01"	"100000"	"10000"	"200"	"4700807549519770050"	95000	"slope"	-0.523901215
"0.55"	"0.8"	"0.15"	"0.01"	"0.005"	"0.01"	"100000"	"10000"	"200"	"4700807549519770050"	95000	"intercept"	0.64735751
"0.55"	"0.8"	"0.15"	"0.01"	"0.005"	"0.01"	"100000"	"10000"	"200"	"4700807549519770050"	100000	"slope"	-0.535025825
"0.55"	"0.8"	"0.15"	"0.01"	"0.005"	"0.01"	"100000"	"10000"	"200"	"4700807549519770050"	100000	"intercept"	0.664581685
"0.55"	"0.8"	"0.15"	"0.01"	"0.005"	"0.01"	"100000"	"10000"	"200"	"9023155064207951103"	10	"slope"	8.7064e-06
"0.55"	"0.8"	"0.15"	"0.01"	"0.005"	"0.01"	"100000"	"10000"	"200"	"9023155064207951103"	10	"intercept"	0.500033605
"0.55"	"0.8"	"0.15"	"0.01"	"0.005"	"0.01"	"100000"	"10000"	"200"	"9023155064207951103"	5000	"slope"	-0.175006145
"0.55"	"0.8"	"0.15"	"0.01"	"0.005"	"0.01"	"100000"	"10000"	"200"	"9023155064207951103"	5000	"intercept"	0.41488739
"0.55"	"0.8"	"0.15"	"0.01"	"0.005"	"0.01"	"100000"	"10000"	"200"	"9023155064207951103"	10000	"slope"	-0.299060395
"0.55"	"0.8"	"0.15"	"0.01"	"0.005"	"0.01"	"100000"	"10000"	"200"	"9023155064207951103"	10000	"intercept"	0.490652635
"0.55"	"0.8"	"0.15"	"0.01"	"0.005"	"0.01"	"100000"	"10000"	"200"	"9023155064207951103"	15000	"slope"	-0.403175895
"0.55"	"0.8"	"0.15"	"0.01"	"0.005"	"0.01"	"100000"	"10000"	"200"	"9023155064207951103"	15000	"intercept"	0.55864782
"0.55"	"0.8"	"0.15"	"0.01"	"0.005"	"0.01"	"100000"	"10000"	"200"	"9023155064207951103"	20000	"slope"	-0.47734133
"0.55"	"0.8"	"0.15"	"0.01"	"0.005"	"0.01"	"100000"	"10000"	"200"	"9023155064207951103"	20000	"intercept"	0.602473965
"0.55"	"0.8"	"0.15"	"0.01"	"0.005"	"0.01"	"100000"	"10000"	"200"	"9023155064207951103"	25000	"slope"	-0.521986775
"0.55"	"0.8"	"0.15"	"0.01"	"0.005"	"0.01"	"100000"	"10000"	"200"	"9023155064207951103"	25000	"intercept"	0.6361585
"0.55"	"0.8"	"0.15"	"0.01"	"0.005"	"0.01"	"100000"	"10000"	"200"	"9023155064207951103"	30000	"slope"	-0.534805595
"0.55"	"0.8"	"0.15"	"0.01"	"0.005"	"0.01"	"100000"	"10000"	"200"	"9023155064207951103"	30000	"intercept"	0.64827773
"0.55"	"0.8"	"0.15"	"0.01"	"0.005"	"0.01"	"100000"	"10000"	"200"	"9023155064207951103"	35000	"slope"	-0.558078605
"0.55"	"0.8"	"0.15"	"0.01"	"0.005"	"0.01"	"100000"	"10000"	"200"	"9023155064207951103"	35000	"intercept"	0.67851212
"0.55"	"0.8"	"0.15"	"0.01"	"0.005"	"0.01"	"100000"	"10000"	"200"	"9023155064207951103"	40000	"slope"	-0.553784775
"0.55"	"0.8"	"0.15"	"0.01"	"0.005"	"0.01"	"100000"	"10000"	"200"	"9023155064207951103"	40000	"intercept"	0.671123945
"0.55"	"0.8"	"0.15"	"0.01"	"0.005"	"0.01"	"100000"	"10000"	"200"	"9023155064207951103"	45000	"slope"	-0.54072206
"0.55"	"0.8"	"0.15"	"0.01"	"0.005"	"0.01"	"100000"	"10000"	"200"	"9023155064207951103"	45000	"intercept"	0.65400684
"0.55"	"0.8"	"0.15"	"0.01"	"0.005"	"0.01"	"100000"	"10000"	"200"	"9023155064207951103"	50000	"slope"	-0.4942918
"0.55"	"0.8"	"0.15"	"0.01"	"0.005"	"0.01"	"100000"	"10000"	"200"	"9023155064207951103"	50000	"intercept"	0.622952435
"0.55"	"0.8"	"0.15"	"0.01"	"0.005"	"0.01"	"100000"	"10000"	"200"	"9023155064207951103"	55000	"slope"	-0.551365865
"0.55"	"0.8"	"0.15"	"0.01"	"0.005"	"0.01"	"100000"	"10000"	"200"	"9023155064207951103"	55000	"intercept"	0.66396828
"0.55"	"0.8"	"0.15"	"0.01"	"0.005"	"0.01"	"100000"	"10000"	"200"	"9023155064207951103"	60000	"slope"	-0.53507356
"0.55"	"0.8"	"0.15"	"0.01"	"0.005"	"0.01"	"100000"	"10000"	"200"	"9023155064207951103"	60000	"intercept"	0.65244685
"0.55"	"0.8"	"0.15"	"0.01"	"0.005"	"0.01"	"100000"	"10000"	"200"	"9023155064207951103"	65000	"slope"	-0.542301385
"0.55"	"0.8"	"0.15"	"0.01"	"0.005"	"0.01"	"100000"	"10000"	"200"	"9023155064207951103"	65000	"intercept"	0.658976125
"0.55"	"0.8"	"0.15"	"0.01"	"0.005"	"0.01"	"100000"	"10000"	"200"	"9023155064207951103"	70000	"slope"	-0.517049085
"0.55"	"0.8"	"0.15"	"0.01"	"0.005"	"0.01"	"100000"	"10000"	"200"	"9023155064207951103"	70000	"intercept"	0.63565784
"0.55"	"0.8"	"0.15"	"0.01"	"0.005"	"0.01"	"100000"	"10000"	"200"	"9023155064207951103"	75000	"slope"	-0.56796388
"0.55"	"0.8"	"0.15"	"0.01"	"0.005"	"0.01"	"100000"	"10000"	"200"	"9023155064207951103"	75000	"intercept"	0.681331505
"0.55"	"0.8"	"0.15"	"0.01"	"0.005"	"0.01"	"100000"	"10000"	"200"	"9023155064207951103"	80000	"slope"	-0.527663835
"0.55"	"0.8"	"0.15"	"0.01"	"0.005"	"0.01"	"100000"	"10000"	"200"	"9023155064207951103"	80000	"intercept"	0.644727445
"0.55"	"0.8"	"0.15"	"0.01"	"0.005"	"0.01"	"100000"	"10000"	"200"	"9023155064207951103"	85000	"slope"	-0.563400185
"0.55"	"0.8"	"0.15"	"0.01"	"0.005"	"0.01"	"100000"	"10000"	"200"	"9023155064207951103"	85000	"intercept"	0.679314665
"0.55"	"0.8"	"0.15"	"0.01"	"0.005"	"0.01"	"100000"	"10000"	"200"	"9023155064207951103"	90000	"slope"	-0.571110805
"0.55"	"0.8"	"0.15"	"0.01"	"0.005"	"0.01"	"100000"	"10000"	"200"	"9023155064207951103"	90000	"intercept"	0.68202183
"0.55"	"0.8"	"0.15"	"0.01"	"0.005"	"0.01"	"100000"	"10000"	"200"	"9023155064207951103"	95000	"slope"	-0.56997649
"0.55"	"0.8"	"0.15"	"0.01"	"0.005"	"0.01"	"100000"	"10000"	"200"	"9023155064207951103"	95000	"intercept"	0.68127478
"0.55"	"0.8"	"0.15"	"0.01"	"0.005"	"0.01"	"100000"	"10000"	"200"	"9023155064207951103"	100000	"slope"	-0.58149451
"0.55"	"0.8"	"0.15"	"0.01"	"0.005"	"0.01"	"100000"	"10000"	"200"	"9023155064207951103"	100000	"intercept"	0.69588818
"0.65"	"0.0"	"0.15"	"0.01"	"0.005"	"0.01"	"100000"	"10000"	"200"	"4319078808795857199"	10	"slope"	-6.6063515e-05
"0.65"	"0.0"	"0.15"	"0.01"	"0.005"	"0.01"	"100000"	"10000"	"200"	"4319078808795857199"	10	"intercept"	0.500157965
"0.65"	"0.0"	"0.15"	"0.01"	"0.005"	"0.01"	"100000"	"10000"	"200"	"4319078808795857199"	5000	"slope"	-0.028060358945
"0.65"	"0.0"	"0.15"	"0.01"	"0.005"	"0.01"	"100000"	"10000"	"200"	"4319078808795857199"	5000	"intercept"	0.51484831
"0.65"	"0.0"	"0.15"	"0.01"	"0.005"	"0.01"	"100000"	"10000"	"200"	"4319078808795857199"	10000	"slope"	-0.0883360482
"0.65"	"0.0"	"0.15"	"0.01"	"0.005"	"0.01"	"100000"	"10000"	"200"	"4319078808795857199"	10000	"intercept"	0.547369275
"0.65"	"0.0"	"0.15"	"0.01"	"0.005"	"0.01"	"100000"	"10000"	"200"	"4319078808795857199"	15000	"slope"	-0.129628754
"0.65"	"0.0"	"0.15"	"0.01"	"0.005"	"0.01"	"100000"	"10000"	"200"	"4319078808795857199"	15000	"intercept"	0.58013786
"0.65"	"0.0"	"0.15"	"0.01"	"0.005"	"0.01"	"100000"	"10000"	"200"	"4319078808795857199"	20000	"slope"	-0.1667685115
"0.65"	"0.0"	"0.15"	"0.01"	"0.005"	"0.01"	"100000"	"10000"	"200"	"4319078808795857199"	20000	"intercept"	0.59066955
"0.65"	"0.0"	"0.15"	"0.01"	"0.005"	"0.01"	"100000"	"10000"	"200"	"4319078808795857199"	25000	"slope"	-0.1500342135
"0.65"	"0.0"	"0.15"	"0.01"	"0.005"	"0.01"	"100000"	"10000"	"200"	"4319078808795857199"	25000	"intercept"	0.58610311
"0.65"	"0.0"	"0.15"	"0.01"	"0.005"	"0.01"	"100000"	"10000"	"200"	"4319078808795857199"	30000	"slope"	-0.1425409265
"0.65"	"0.0"	"0.15"	"0.01"	"0.005"	"0.01"	"100000"	"10000"	"200"	"4319078808795857199"	30000	"intercept"	0.583877715
"0.65"	"0.0"	"0.15"	"0.01"	"0.005"	"0.01"	"100000"	"10000"	"200"	"4319078808795857199"	35000	"slope"	-0.206601178
"0.65"	"0.0"	"0.15"	"0.01"	"0.005"	"0.01"	"100000"	"10000"	"200"	"4319078808795857199"	35000	"intercept"	0.61072541
"0.65"	"0.0"	"0.15"	"0.01"	"0.005"	"0.01"	"100000"	"10000"	"200"	"4319078808795857199"	40000	"slope"	-0.1591946175
"0.65"	"0.0"	"0.15"	"0.01"	"0.005"	"0.01"	"100000"	"10000"	"200"	"4319078808795857199"	40000	"intercept"	0.588351455
"0.65"	"0.0"	"0.15"	"0.01"	"0.005"	"0.01"	"100000"	"10000"	"200"	"4319078808795857199"	45000	"slope"	-0.178556425
"0.65"	"0.0"	"0.15"	"0.01"	"0.005"	"0.01"	"100000"	"10000"	"200"	"4319078808795857199"	45000	"intercept"	0.59700393
"0.65"	"0.0"	"0.15"	"0.01"	"0.005"	"0.01"	"100000"	"10000"	"200"	"4319078808795857199"	50000	"slope"	-0.1953494405
"0.65"	"0.0"	"0.15"	"0.01"	"0.005"	"0.01"	"100000"	"10000"	"200"	"4319078808795857199"	50000	"intercept"	0.615880625
"0.65"	"0.0"	"0.15"	"0.01"	"0.005"	"0.01"	"100000"	"10000"	"200"	"4319078808795857199"	55000	"slope"	-0.1913863235
"0.65"	"0.0"	"0.15"	"0.01"	"0.005"	"0.01"	"100000"	"10000"	"200"	"4319078808795857199"	55000	"intercept"	0.612531935
"0.65"	"0.0"	"0.15"	"0.01"	"0.005"	"0.01"	"100000"	"10000"	"200"	"4319078808795857199"	60000	"slope"	-0.20236008
"0.65"	"0.0"	"0.15"	"0.01"	"0.005"	"0.01"	"100000"	"10000"	"200"	"4319078808795857199"	60000	"intercept"	0.609165965
"0.65"	"0.0"	"0.15"	"0.01"	"0.005"	"0.01"	"100000"	"10000"	"200"	"4319078808795857199"	65000	"slope"	-0.18650941
"0.65"	"0.0"	"0.15"	"0.01"	"0.005"	"0.01"	"100000"	"10000"	"200"	"4319078808795857199"	65000	"intercept"	0.602310835
"0.65"	"0.0"	"0.15"	"0.01"	"0.005"	"0.01"	"100000"	"10000"	"200"	"4319078808795857199"	70000	"slope"	-0.180451085
"0.65"	"0.0"	"0.15"	"0.01"	"0.005"	"0.01"	"100000"	"10000"	"200"	"4319078808795857199"	70000	"intercept"	0.606827575
"0.65"	"0.0"	"0.15"	"0.01"	"0.005"	"0.01"	"100000"	"10000"	"200"	"4319078808795857199"	75000	"slope"	-0.20362181
"0.65"	"0.0"	"0.15"	"0.01"	"0.005"	"0.01"	"100000"	"10000"	"200"	"4319078808795857199"	75000	"intercept"	0.607926425
"0.65"	"0.0"	"0.15"	"0.01"	"0.005"	"0.01"	"100000"	"10000"	"200"	"4319078808795857199"	80000	"slope"	-0.2126592665
"0.65"	"0.0"	"0.15"	"0.01"	"0.005"	"0.01"	"100000"	"10000"	"200"	"4319078808795857199"	80000	"intercept"	0.61417284
"0.65"	"0.0"	"0.15"	"0.01"	"0.005"	"0.01"	"100000"	"10000"	"200"	"4319078808795857199"	85000	"slope"	-0.23415589
"0.65"	"0.0"	"0.15"	"0.01"	"0.005"	"0.01"	"100000"	"10000"	"200"	"4319078808795857199"	85000	"intercept"	0.627769445
"0.65"	"0.0"	"0.15"	"0.01"	"0.005"	"0.01"	"100000"	"10000"	"200"	"4319078808795857199"	90000	"slope"	-0.206534609
"0.65"	"0.0"	"0.15"	"0.01"	"0.005"	"0.01"	"100000"	"10000"	"200"	"4319078808795857199"	90000	"intercept"	0.61585814
"0.65"	"0.0"	"0.15"	"0.01"	"0.005"	"0.01"	"100000"	"10000"	"200"	"4319078808795857199"	95000	"slope"	-0.19276247
"0.65"	"0.0"	"0.15"	"0.01"	"0.005"	"0.01"	"100000"	"10000"	"200"	"4319078808795857199"	95000	"intercept"	0.599777035
"0.65"	"0.0"	"0.15"	"0.01"	"0.005"	"0.01"	"100000"	"10000"	"200"	"4319078808795857199"	100000	"slope"	-0.1900020405
"0.65"	"0.0"	"0.15"	"0.01"	"0.005"	"0.01"	"100000"	"10000"	"200"	"4319078808795857199"	100000	"intercept"	0.60767928
"0.65"	"0.0"	"0.15"	"0.01"	"0.005"	"0.01"	"100000"	"10000"	"200"	"8512374390894371808"	10	"slope"	6.5199775e-05
"0.65"	"0.0"	"0.15"	"0.01"	"0.005"	"0.01"	"100000"	"10000"	"200"	"8512374390894371808"	10	"intercept"	0.499855385
"0.65"	"0.0"	"0.15"	"0.01"	"0.005"	"0.01"	"100000"	"10000"	"200"	"8512374390894371808"	5000	"slope"	-0.0722434635
"0.65"	"0.0"	"0.15"	"0.01"	"0.005"	"0.01"	"100000"	"10000"	"200"	"8512374390894371808"	5000	"intercept"	0.546621695
"0.65"	"0.0"	"0.15"	"0.01"	"0.005"	"0.01"	"100000"	"10000"	"200"	"8512374390894371808"	10000	"slope"	-0.1219509872
"0.65"	"0.0"	"0.15"	"0.01"	"0.005"	"0.01"	"100000"	"10000"	"200"	"8512374390894371808"	10000	"intercept"	0.57174147
"0.65"	"0.0"	"0.15"	"0.01"	"0.005"	"0.01"	"100000"	"10000"	"200"	"8512374390894371808"	15000	"slope"	-0.156494084
"0.65"	"0.0"	"0.15"	"0.01"	"0.005"	"0.01"	"100000"	"10000"	"200"	"8512374390894371808"	15000	"intercept"	0.583617055
"0.65"	"0.0"	"0.15"	"0.01"	"0.005"	"0.01"	"100000"	"10000"	"200"	"8512374390894371808"	20000	"slope"	-0.1745240655
"0.65"	"0.0"	"0.15"	"0.01"	"0.005"	"0.01"	"100000"	"10000"	"200"	"8512374390894371808"	20000	"intercept"	0.59611294
"0.65"	"0.0"	"0.15"	"0.01"	"0.005"	"0.01"	"100000"	"10000"	"200"	"8512374390894371808"	25000	"slope"	-0.206774453
"0.65"	"0.0"	"0.15"	"0.01"	"0.005"	"0.01"	"100000"	"10000"	"200"	"8512374390894371808"	25000	"intercept"	0.614876005
"0.65"	"0.0"	"0.15"	"0.01"	"0.005"	"0.01"	"100000"	"10000"	"200"	"8512374390894371808"	30000	"slope"	-0.216753165
"0.65"	"0.0"	"0.15"	"0.01"	"0.005"	"0.01"	"100000"	"10000"	"200"	"8512374390894371808"	30000	"intercept"	0.61427965
"0.65"	"0.0"	"0.15"	"0.01"	"0.005"	"0.01"	"100000"	"10000"	"200"	"8512374390894371808"	35000	"slope"	-0.18526409
"0.65"	"0.0"	"0.15"	"0.01"	"0.005"	"0.01"	"100000"	"10000"	"200"	"8512374390894371808"	35000	"intercept"	0.60469873
"0.65"	"0.0"	"0.15"	"0.01"	"0.005"	"0.01"	"100000"	"10000"	"200"	"8512374390894371808"	40000	"slope"	-0.1623178055
"0.65"	"0.0"	"0.15"	"0.01"	"0.005"	"0.01"	"100000"	"10000"	"200"	"8512374390894371808"	40000	"intercept"	0.59347337
"0.65"	"0.0"	"0.15"	"0.01"	"0.005"	"0.01"	"100000"	"10000"	"200"	"8512374390894371808"	45000	"slope"	-0.2081542695
"0.65"	"0.0"	"0.15"	"0.01"	"0.005"	"0.01"	"100000"	"10000"	"200"	"8512374390894371808"	45000	"intercept"	0.618438645
"0.65"	"0.0"	"0.15"	"0.01"	"0.005"	"0.01"	"100000"	"10000"	"200"	"8512374390894371808"	50000	"slope"	-0.23031213
"0.65"	"0.0"	"0.15"	"0.01"	"0.005"	"0.01"	"100000"	"10000"	"200"	"8512374390894371808"	50000	"intercept"	0.62367252
"0.65"	"0.0"	"0.15"	"0.01"	"0.005"	"0.01"	"100000"	"10000"	"200"	"8512374390894371808"	55000	"slope"	-0.227561825
"0.65"	"0.0"	"0.15"	"0.01"	"0.005"	"0.01"	"100000"	"10000"	"200"	"8512374390894371808"	55000	"intercept"	0.624043515
"0.65"	"0.0"	"0.15"	"0.01"	"0.005"	"0.01"	"100000"	"10000"	"200"	"8512374390894371808"	60000	"slope"	-0.23142528
"0.65"	"0.0"	"0.15"	"0.01"	"0.005"	"0.01"	"100000"	"10000"	"200"	"8512374390894371808"	60000	"intercept"	0.628620775
"0.65"	"0.0"	"0.15"	"0.01"	"0.005"	"0.01"	"100000"	"10000"	"200"	"8512374390894371808"	65000	"slope"	-0.175924175
"0.65"	"0.0"	"0.15"	"0.01"	"0.005"	"0.01"	"100000"	"10000"	"200"	"8512374390894371808"	65000	"intercept"	0.597032695
"0.65"	"0.0"	"0.15"	"0.01"	"0.005"	"0.01"	"100000"	"10000"	"200"	"8512374390894371808"	70000	"slope"	-0.178537034
"0.65"	"0.0"	"0.15"	"0.01"	"0.005"	"0.01"	"100000"	"10000"	"200"	"8512374390894371808"	70000	"intercept"	0.596692035
"0.65"	"0.0"	"0.15"	"0.01"	"0.005"	"0.01"	"100000"	"10000"	"200"	"8512374390894371808"	75000	"slope"	-0.162748804
"0.65"	"0.0"	"0.15"	"0.01"	"0.005"	"0.01"	"100000"	"10000"	"200"	"8512374390894371808"	75000	"intercept"	0.58662484
"0.65"	"0.0"	"0.15"	"0.01"	"0.005"	"0.01"	"100000"	"10000"	"200"	"8512374390894371808"	80000	"slope"	-0.1702768
"0.65"	"0.0"	"0.15"	"0.01"	"0.005"	"0.01"	"100000"	"10000"	"200"	"8512374390894371808"	80000	"intercept"	0.5888069
"0.65"	"0.0"	"0.15"	"0.01"	"0.005"	"0.01"	"100000"	"10000"	"200"	"8512374390894371808"	85000	"slope"	-0.179545571
"0.65"	"0.0"	"0.15"	"0.01"	"0.005"	"0.01"	"100000"	"10000"	"200"	"8512374390894371808"	85000	"intercept"	0.596415525
"0.65"	"0.0"	"0.15"	"0.01"	"0.005"	"0.01"	"100000"	"10000"	"200"	"8512374390894371808"	90000	"slope"	-0.183925948
"0.65"	"0.0"	"0.15"	"0.01"	"0.005"	"0.01"	"100000"	"10000"	"200"	"8512374390894371808"	90000	"intercept"	0.60471704
"0.65"	"0.0"	"0.15"	"0.01"	"0.005"	"0.01"	"100000"	"10000"	"200"	"8512374390894371808"	95000	"slope"	-0.1756719305
"0.65"	"0.0"	"0.15"	"0.01"	"0.005"	"0.01"	"100000"	"10000"	"200"	"8512374390894371808"	95000	"intercept"	0.607743885
"0.65"	"0.0"	"0.15"	"0.01"	"0.005"	"0.01"	"100000"	"10000"	"200"	"8512374390894371808"	100000	"slope"	-0.19303346
"0.65"	"0.0"	"0.15"	"0.01"	"0.005"	"0.01"	"100000"	"10000"	"200"	"8512374390894371808"	100000	"intercept"	0.607160155
"0.65"	"0.0"	"0.15"	"0.01"	"0.005"	"0.01"	"100000"	"10000"	"200"	"8767975384262936039"	10	"slope"	0.0002269541475
"0.65"	"0.0"	"0.15"	"0.01"	"0.005"	"0.01"	"100000"	"10000"	"200"	"8767975384262936039"	10	"intercept"	0.50003037
"0.65"	"0.0"	"0.15"	"0.01"	"0.005"	"0.01"	"100000"	"10000"	"200"	"8767975384262936039"	5000	"slope"	-0.0467273859
"0.65"	"0.0"	"0.15"	"0.01"	"0.005"	"0.01"	"100000"	"10000"	"200"	"8767975384262936039"	5000	"intercept"	0.530441675
"0.65"	"0.0"	"0.15"	"0.01"	"0.005"	"0.01"	"100000"	"10000"	"200"	"8767975384262936039"	10000	"slope"	-0.0996704145
"0.65"	"0.0"	"0.15"	"0.01"	"0.005"	"0.01"	"100000"	"10000"	"200"	"8767975384262936039"	10000	"intercept"	0.55925717
"0.65"	"0.0"	"0.15"	"0.01"	"0.005"	"0.01"	"100000"	"10000"	"200"	"8767975384262936039"	15000	"slope"	-0.144486496
"0.65"	"0.0"	"0.15"	"0.01"	"0.005"	"0.01"	"100000"	"10000"	"200"	"8767975384262936039"	15000	"intercept"	0.584555245
"0.65"	"0.0"	"0.15"	"0.01"	"0.005"	"0.01"	"100000"	"10000"	"200"	"8767975384262936039"	20000	"slope"	-0.168245565
"0.65"	"0.0"	"0.15"	"0.01"	"0.005"	"0.01"	"100000"	"10000"	"200"	"8767975384262936039"	20000	"intercept"	0.591396215
"0.65"	"0.0"	"0.15"	"0.01"	"0.005"	"0.01"	"100000"	"10000"	"200"	"8767975384262936039"	25000	"slope"	-0.1600847385
"0.65"	"0.0"	"0.15"	"0.01"	"0.005"	"0.01"	"100000"	"10000"	"200"	"8767975384262936039"	25000	"intercept"	0.588868035
"0.65"	"0.0"	"0.15"	"0.01"	"0.005"	"0.01"	"100000"	"10000"	"200"	"8767975384262936039"	30000	"slope"	-0.205435755
"0.65"	"0.0"	"0.15"	"0.01"	"0.005"	"0.01"	"100000"	"10000"	"200"	"8767975384262936039"	30000	"intercept"	0.61135977
"0.65"	"0.0"	"0.15"	"0.01"	"0.005"	"0.01"	"100000"	"10000"	"200"	"8767975384262936039"	35000	"slope"	-0.1479580535
"0.65"	"0.0"	"0.15"	"0.01"	"0.005"	"0.01"	"100000"	"10000"	"200"	"8767975384262936039"	35000	"intercept"	0.59124459
"0.65"	"0.0"	"0.15"	"0.01"	"0.005"	"0.01"	"100000"	"10000"	"200"	"8767975384262936039"	40000	"slope"	-0.193393994
"0.65"	"0.0"	"0.15"	"0.01"	"0.005"	"0.01"	"100000"	"10000"	"200"	"8767975384262936039"	40000	"intercept"	0.60189321
"0.65"	"0.0"	"0.15"	"0.01"	"0.005"	"0.01"	"100000"	"10000"	"200"	"8767975384262936039"	45000	"slope"	-0.183467816
"0.65"	"0.0"	"0.15"	"0.01"	"0.005"	"0.01"	"100000"	"10000"	"200"	"8767975384262936039"	45000	"intercept"	0.597461475
"0.65"	"0.0"	"0.15"	"0.01"	"0.005"	"0.01"	"100000"	"10000"	"200"	"8767975384262936039"	50000	"slope"	-0.2257900075
"0.65"	"0.0"	"0.15"	"0.01"	"0.005"	"0.01"	"100000"	"10000"	"200"	"8767975384262936039"	50000	"intercept"	0.628457535
"0.65"	"0.0"	"0.15"	"0.01"	"0.005"	"0.01"	"100000"	"10000"	"200"	"8767975384262936039"	55000	"slope"	-0.1785686935
"0.65"	"0.0"	"0.15"	"0.01"	"0.005"	"0.01"	"100000"	"10000"	"200"	"8767975384262936039"	55000	"intercept"	0.60542892
"0.65"	"0.0"	"0.15"	"0.01"	"0.005"	"0.01"	"100000"	"10000"	"200"	"8767975384262936039"	60000	"slope"	-0.1759864465
"0.65"	"0.0"	"0.15"	"0.01"	"0.005"	"0.01"	"100000"	"10000"	"200"	"8767975384262936039"	60000	"intercept"	0.597688095
"0.65"	"0.0"	"0.15"	"0.01"	"0.005"	"0.01"	"100000"	"10000"	"200"	"8767975384262936039"	65000	"slope"	-0.188730504
"0.65"	"0.0"	"0.15"	"0.01"	"0.005"	"0.01"	"100000"	"10000"	"200"	"8767975384262936039"	65000	"intercept"	0.603051715
"0.65"	"0.0"	"0.15"	"0.01"	"0.005"	"0.01"	"100000"	"10000"	"200"	"8767975384262936039"	70000	"slope"	-0.1817100355
"0.65"	"0.0"	"0.15"	"0.01"	"0.005"	"0.01"	"100000"	"10000"	"200"	"8767975384262936039"	70000	"intercept"	0.603966865
"0.65"	"0.0"	"0.15"	"0.01"	"0.005"	"0.01"	"100000"	"10000"	"200"	"8767975384262936039"	75000	"slope"	-0.18322028
"0.65"	"0.0"	"0.15"	"0.01"	"0.005"	"0.01"	"100000"	"10000"	"200"	"8767975384262936039"	75000	"intercept"	0.603465175
"0.65"	"0.0"	"0.15"	"0.01"	"0.005"	"0.01"	"100000"	"10000"	"200"	"8767975384262936039"	80000	"slope"	-0.2116282
"0.65"	"0.0"	"0.15"	"0.01"	"0.005"	"0.01"	"100000"	"10000"	"200"	"8767975384262936039"	80000	"intercept"	0.614783875
"0.65"	"0.0"	"0.15"	"0.01"	"0.005"	"0.01"	"100000"	"10000"	"200"	"8767975384262936039"	85000	"slope"	-0.209125415
"0.65"	"0.0"	"0.15"	"0.01"	"0.005"	"0.01"	"100000"	"10000"	"200"	"8767975384262936039"	85000	"intercept"	0.62332517
"0.65"	"0.0"	"0.15"	"0.01"	"0.005"	"0.01"	"100000"	"10000"	"200"	"8767975384262936039"	90000	"slope"	-0.1812342865
"0.65"	"0.0"	"0.15"	"0.01"	"0.005"	"0.01"	"100000"	"10000"	"200"	"8767975384262936039"	90000	"intercept"	0.61305781
"0.65"	"0.0"	"0.15"	"0.01"	"0.005"	"0.01"	"100000"	"10000"	"200"	"8767975384262936039"	95000	"slope"	-0.1803918735
"0.65"	"0.0"	"0.15"	"0.01"	"0.005"	"0.01"	"100000"	"10000"	"200"	"8767975384262936039"	95000	"intercept"	0.597256625
"0.65"	"0.0"	"0.15"	"0.01"	"0.005"	"0.01"	"100000"	"10000"	"200"	"8767975384262936039"	100000	"slope"	-0.217706437
"0.65"	"0.0"	"0.15"	"0.01"	"0.005"	"0.01"	"100000"	"10000"	"200"	"8767975384262936039"	100000	"intercept"	0.617372205
"0.65"	"0.4"	"0.15"	"0.01"	"0.005"	"0.01"	"100000"	"10000"	"200"	"2185923709250572933"	10	"slope"	-7.625192e-05
"0.65"	"0.4"	"0.15"	"0.01"	"0.005"	"0.01"	"100000"	"10000"	"200"	"2185923709250572933"	10	"intercept"	0.500086765
"0.65"	"0.4"	"0.15"	"0.01"	"0.005"	"0.01"	"100000"	"10000"	"200"	"2185923709250572933"	5000	"slope"	-0.0834914362
"0.65"	"0.4"	"0.15"	"0.01"	"0.005"	"0.01"	"100000"	"10000"	"200"	"2185923709250572933"	5000	"intercept"	0.483248655
"0.65"	"0.4"	"0.15"	"0.01"	"0.005"	"0.01"	"100000"	"10000"	"200"	"2185923709250572933"	10000	"slope"	-0.176718605
"0.65"	"0.4"	"0.15"	"0.01"	"0.005"	"0.01"	"100000"	"10000"	"200"	"2185923709250572933"	10000	"intercept"	0.52729563
"0.65"	"0.4"	"0.15"	"0.01"	"0.005"	"0.01"	"100000"	"10000"	"200"	"2185923709250572933"	15000	"slope"	-0.206444595
"0.65"	"0.4"	"0.15"	"0.01"	"0.005"	"0.01"	"100000"	"10000"	"200"	"2185923709250572933"	15000	"intercept"	0.55071744
"0.65"	"0.4"	"0.15"	"0.01"	"0.005"	"0.01"	"100000"	"10000"	"200"	"2185923709250572933"	20000	"slope"	-0.234630105
"0.65"	"0.4"	"0.15"	"0.01"	"0.005"	"0.01"	"100000"	"10000"	"200"	"2185923709250572933"	20000	"intercept"	0.571323725
"0.65"	"0.4"	"0.15"	"0.01"	"0.005"	"0.01"	"100000"	"10000"	"200"	"2185923709250572933"	25000	"slope"	-0.30706944
"0.65"	"0.4"	"0.15"	"0.01"	"0.005"	"0.01"	"100000"	"10000"	"200"	"2185923709250572933"	25000	"intercept"	0.60806446
"0.65"	"0.4"	"0.15"	"0.01"	"0.005"	"0.01"	"100000"	"10000"	"200"	"2185923709250572933"	30000	"slope"	-0.364943385
"0.65"	"0.4"	"0.15"	"0.01"	"0.005"	"0.01"	"100000"	"10000"	"200"	"2185923709250572933"	30000	"intercept"	0.642258235
"0.65"	"0.4"	"0.15"	"0.01"	"0.005"	"0.01"	"100000"	"10000"	"200"	"2185923709250572933"	35000	"slope"	-0.357191015
"0.65"	"0.4"	"0.15"	"0.01"	"0.005"	"0.01"	"100000"	"10000"	"200"	"2185923709250572933"	35000	"intercept"	0.637148885
"0.65"	"0.4"	"0.15"	"0.01"	"0.005"	"0.01"	"100000"	"10000"	"200"	"2185923709250572933"	40000	"slope"	-0.358881015
"0.65"	"0.4"	"0.15"	"0.01"	"0.005"	"0.01"	"100000"	"10000"	"200"	"2185923709250572933"	40000	"intercept"	0.638426735
"0.65"	"0.4"	"0.15"	"0.01"	"0.005"	"0.01"	"100000"	"10000"	"200"	"2185923709250572933"	45000	"slope"	-0.353822195
"0.65"	"0.4"	"0.15"	"0.01"	"0.005"	"0.01"	"100000"	"10000"	"200"	"2185923709250572933"	45000	"intercept"	0.637826825
"0.65"	"0.4"	"0.15"	"0.01"	"0.005"	"0.01"	"100000"	"10000"	"200"	"2185923709250572933"	50000	"slope"	-0.33168495
"0.65"	"0.4"	"0.15"	"0.01"	"0.005"	"0.01"	"100000"	"10000"	"200"	"2185923709250572933"	50000	"intercept"	0.61593627
"0.65"	"0.4"	"0.15"	"0.01"	"0.005"	"0.01"	"100000"	"10000"	"200"	"2185923709250572933"	55000	"slope"	-0.31326073
"0.65"	"0.4"	"0.15"	"0.01"	"0.005"	"0.01"	"100000"	"10000"	"200"	"2185923709250572933"	55000	"intercept"	0.60630756
"0.65"	"0.4"	"0.15"	"0.01"	"0.005"	"0.01"	"100000"	"10000"	"200"	"2185923709250572933"	60000	"slope"	-0.326848545
"0.65"	"0.4"	"0.15"	"0.01"	"0.005"	"0.01"	"100000"	"10000"	"200"	"2185923709250572933"	60000	"intercept"	0.617392105
"0.65"	"0.4"	"0.15"	"0.01"	"0.005"	"0.01"	"100000"	"10000"	"200"	"2185923709250572933"	65000	"slope"	-0.330206165
"0.65"	"0.4"	"0.15"	"0.01"	"0.005"	"0.01"	"100000"	"10000"	"200"	"2185923709250572933"	65000	"intercept"	0.6192084
"0.65"	"0.4"	"0.15"	"0.01"	"0.005"	"0.01"	"100000"	"10000"	"200"	"2185923709250572933"	70000	"slope"	-0.31060888
"0.65"	"0.4"	"0.15"	"0.01"	"0.005"	"0.01"	"100000"	"10000"	"200"	"2185923709250572933"	70000	"intercept"	0.606961865
"0.65"	"0.4"	"0.15"	"0.01"	"0.005"	"0.01"	"100000"	"10000"	"200"	"2185923709250572933"	75000	"slope"	-0.32130143
"0.65"	"0.4"	"0.15"	"0.01"	"0.005"	"0.01"	"100000"	"10000"	"200"	"2185923709250572933"	75000	"intercept"	0.623442315
"0.65"	"0.4"	"0.15"	"0.01"	"0.005"	"0.01"	"100000"	"10000"	"200"	"2185923709250572933"	80000	"slope"	-0.31429658
"0.65"	"0.4"	"0.15"	"0.01"	"0.005"	"0.01"	"100000"	"10000"	"200"	"2185923709250572933"	80000	"intercept"	0.608687375
"0.65"	"0.4"	"0.15"	"0.01"	"0.005"	"0.01"	"100000"	"10000"	"200"	"2185923709250572933"	85000	"slope"	-0.346401735
"0.65"	"0.4"	"0.15"	"0.01"	"0.005"	"0.01"	"100000"	"10000"	"200"	"2185923709250572933"	85000	"intercept"	0.62495893
"0.65"	"0.4"	"0.15"	"0.01"	"0.005"	"0.01"	"100000"	"10000"	"200"	"2185923709250572933"	90000	"slope"	-0.33816136
"0.65"	"0.4"	"0.15"	"0.01"	"0.005"	"0.01"	"100000"	"10000"	"200"	"2185923709250572933"	90000	"intercept"	0.62491856
"0.65"	"0.4"	"0.15"	"0.01"	"0.005"	"0.01"	"100000"	"10000"	"200"	"2185923709250572933"	95000	"slope"	-0.33742805
"0.65"	"0.4"	"0.15"	"0.01"	"0.005"	"0.01"	"100000"	"10000"	"200"	"2185923709250572933"	95000	"intercept"	0.625886705
"0.65"	"0.4"	"0.15"	"0.01"	"0.005"	"0.01"	"100000"	"10000"	"200"	"2185923709250572933"	100000	"slope"	-0.33780771
"0.65"	"0.4"	"0.15"	"0.01"	"0.005"	"0.01"	"100000"	"10000"	"200"	"2185923709250572933"	100000	"intercept"	0.62776967
"0.65"	"0.4"	"0.15"	"0.01"	"0.005"	"0.01"	"100000"	"10000"	"200"	"2527403235068268670"	10	"slope"	-5.0662785e-05
"0.65"	"0.4"	"0.15"	"0.01"	"0.005"	"0.01"	"100000"	"10000"	"200"	"2527403235068268670"	10	"intercept"	0.49987742
"0.65"	"0.4"	"0.15"	"0.01"	"0.005"	"0.01"	"100000"	"10000"	"200"	"2527403235068268670"	5000	"slope"	-0.109506977
"0.65"	"0.4"	"0.15"	"0.01"	"0.005"	"0.01"	"100000"	"10000"	"200"	"2527403235068268670"	5000	"intercept"	0.50655576
"0.65"	"0.4"	"0.15"	"0.01"	"0.005"	"0.01"	"100000"	"10000"	"200"	"2527403235068268670"	10000	"slope"	-0.176052642
"0.65"	"0.4"	"0.15"	"0.01"	"0.005"	"0.01"	"100000"	"10000"	"200"	"2527403235068268670"	10000	"intercept"	0.54009184
"0.65"	"0.4"	"0.15"	"0.01"	"0.005"	"0.01"	"100000"	"10000"	"200"	"2527403235068268670"	15000	"slope"	-0.230792195
"0.65"	"0.4"	"0.15"	"0.01"	"0.005"	"0.01"	"100000"	"10000"	"200"	"2527403235068268670"	15000	"intercept"	0.56147367
"0.65"	"0.4"	"0.15"	"0.01"	"0.005"	"0.01"	"100000"	"10000"	"200"	"2527403235068268670"	20000	"slope"	-0.278344125
"0.65"	"0.4"	"0.15"	"0.01"	"0.005"	"0.01"	"100000"	"10000"	"200"	"2527403235068268670"	20000	"intercept"	0.593119795
"0.65"	"0.4"	"0.15"	"0.01"	"0.005"	"0.01"	"100000"	"10000"	"200"	"2527403235068268670"	25000	"slope"	-0.31821946
"0.65"	"0.4"	"0.15"	"0.01"	"0.005"	"0.01"	"100000"	"10000"	"200"	"2527403235068268670"	25000	"intercept"	0.617338545
"0.65"	"0.4"	"0.15"	"0.01"	"0.005"	"0.01"	"100000"	"10000"	"200"	"2527403235068268670"	30000	"slope"	-0.31412419
"0.65"	"0.4"	"0.15"	"0.01"	"0.005"	"0.01"	"100000"	"10000"	"200"	"2527403235068268670"	30000	"intercept"	0.6057842
"0.65"	"0.4"	"0.15"	"0.01"	"0.005"	"0.01"	"100000"	"10000"	"200"	"2527403235068268670"	35000	"slope"	-0.327554785
"0.65"	"0.4"	"0.15"	"0.01"	"0.005"	"0.01"	"100000"	"10000"	"200"	"2527403235068268670"	35000	"intercept"	0.62705654
"0.65"	"0.4"	"0.15"	"0.01"	"0.005"	"0.01"	"100000"	"10000"	"200"	"2527403235068268670"	40000	"slope"	-0.34044277
"0.65"	"0.4"	"0.15"	"0.01"	"0.005"	"0.01"	"100000"	"10000"	"200"	"2527403235068268670"	40000	"intercept"	0.62279005
"0.65"	"0.4"	"0.15"	"0.01"	"0.005"	"0.01"	"100000"	"10000"	"200"	"2527403235068268670"	45000	"slope"	-0.33924157
"0.65"	"0.4"	"0.15"	"0.01"	"0.005"	"0.01"	"100000"	"10000"	"200"	"2527403235068268670"	45000	"intercept"	0.631440045
"0.65"	"0.4"	"0.15"	"0.01"	"0.005"	"0.01"	"100000"	"10000"	"200"	"2527403235068268670"	50000	"slope"	-0.32984162
"0.65"	"0.4"	"0.15"	"0.01"	"0.005"	"0.01"	"100000"	"10000"	"200"	"2527403235068268670"	50000	"intercept"	0.62032462
"0.65"	"0.4"	"0.15"	"0.01"	"0.005"	"0.01"	"100000"	"10000"	"200"	"2527403235068268670"	55000	"slope"	-0.334754455
"0.65"	"0.4"	"0.15"	"0.01"	"0.005"	"0.01"	"100000"	"10000"	"200"	"2527403235068268670"	55000	"intercept"	0.618997445
"0.65"	"0.4"	"0.15"	"0.01"	"0.005"	"0.01"	"100000"	"10000"	"200"	"2527403235068268670"	60000	"slope"	-0.33133716
"0.65"	"0.4"	"0.15"	"0.01"	"0.005"	"0.01"	"100000"	"10000"	"200"	"2527403235068268670"	60000	"intercept"	0.615683295
"0.65"	"0.4"	"0.15"	"0.01"	"0.005"	"0.01"	"100000"	"10000"	"200"	"2527403235068268670"	65000	"slope"	-0.386968595
"0.65"	"0.4"	"0.15"	"0.01"	"0.005"	"0.01"	"100000"	"10000"	"200"	"2527403235068268670"	65000	"intercept"	0.655451245
"0.65"	"0.4"	"0.15"	"0.01"	"0.005"	"0.01"	"100000"	"10000"	"200"	"2527403235068268670"	70000	"slope"	-0.29475581
"0.65"	"0.4"	"0.15"	"0.01"	"0.005"	"0.01"	"100000"	"10000"	"200"	"2527403235068268670"	70000	"intercept"	0.59863364
"0.65"	"0.4"	"0.15"	"0.01"	"0.005"	"0.01"	"100000"	"10000"	"200"	"2527403235068268670"	75000	"slope"	-0.33664145
"0.65"	"0.4"	"0.15"	"0.01"	"0.005"	"0.01"	"100000"	"10000"	"200"	"2527403235068268670"	75000	"intercept"	0.63044858
"0.65"	"0.4"	"0.15"	"0.01"	"0.005"	"0.01"	"100000"	"10000"	"200"	"2527403235068268670"	80000	"slope"	-0.349302565
"0.65"	"0.4"	"0.15"	"0.01"	"0.005"	"0.01"	"100000"	"10000"	"200"	"2527403235068268670"	80000	"intercept"	0.64076262
"0.65"	"0.4"	"0.15"	"0.01"	"0.005"	"0.01"	"100000"	"10000"	"200"	"2527403235068268670"	85000	"slope"	-0.38142199
"0.65"	"0.4"	"0.15"	"0.01"	"0.005"	"0.01"	"100000"	"10000"	"200"	"2527403235068268670"	85000	"intercept"	0.657935465
"0.65"	"0.4"	"0.15"	"0.01"	"0.005"	"0.01"	"100000"	"10000"	"200"	"2527403235068268670"	90000	"slope"	-0.391025965
"0.65"	"0.4"	"0.15"	"0.01"	"0.005"	"0.01"	"100000"	"10000"	"200"	"2527403235068268670"	90000	"intercept"	0.65134729
"0.65"	"0.4"	"0.15"	"0.01"	"0.005"	"0.01"	"100000"	"10000"	"200"	"2527403235068268670"	95000	"slope"	-0.35572547
"0.65"	"0.4"	"0.15"	"0.01"	"0.005"	"0.01"	"100000"	"10000"	"200"	"2527403235068268670"	95000	"intercept"	0.64059064
"0.65"	"0.4"	"0.15"	"0.01"	"0.005"	"0.01"	"100000"	"10000"	"200"	"2527403235068268670"	100000	"slope"	-0.347811905
"0.65"	"0.4"	"0.15"	"0.01"	"0.005"	"0.01"	"100000"	"10000"	"200"	"2527403235068268670"	100000	"intercept"	0.634226905
"0.65"	"0.4"	"0.15"	"0.01"	"0.005"	"0.01"	"100000"	"10000"	"200"	"4736915439836540245"	10	"slope"	9.1977218e-05
"0.65"	"0.4"	"0.15"	"0.01"	"0.005"	"0.01"	"100000"	"10000"	"200"	"4736915439836540245"	10	"intercept"	0.50023057
"0.65"	"0.4"	"0.15"	"0.01"	"0.005"	"0.01"	"100000"	"10000"	"200"	"4736915439836540245"	5000	"slope"	-0.114815394
"0.65"	"0.4"	"0.15"	"0.01"	"0.005"	"0.01"	"100000"	"10000"	"200"	"4736915439836540245"	5000	"intercept"	0.489572865
"0.65"	"0.4"	"0.15"	"0.01"	"0.005"	"0.01"	"100000"	"10000"	"200"	"4736915439836540245"	10000	"slope"	-0.1748376225
"0.65"	"0.4"	"0.15"	"0.01"	"0.005"	"0.01"	"100000"	"10000"	"200"	"4736915439836540245"	10000	"intercept"	0.529235425
"0.65"	"0.4"	"0.15"	"0.01"	"0.005"	"0.01"	"100000"	"10000"	"200"	"4736915439836540245"	15000	"slope"	-0.213965325
"0.65"	"0.4"	"0.15"	"0.01"	"0.005"	"0.01"	"100000"	"10000"	"200"	"4736915439836540245"	15000	"intercept"	0.558911355
"0.65"	"0.4"	"0.15"	"0.01"	"0.005"	"0.01"	"100000"	"10000"	"200"	"4736915439836540245"	20000	"slope"	-0.295547985
"0.65"	"0.4"	"0.15"	"0.01"	"0.005"	"0.01"	"100000"	"10000"	"200"	"4736915439836540245"	20000	"intercept"	0.59297598
"0.65"	"0.4"	"0.15"	"0.01"	"0.005"	"0.01"	"100000"	"10000"	"200"	"4736915439836540245"	25000	"slope"	-0.347668515
"0.65"	"0.4"	"0.15"	"0.01"	"0.005"	"0.01"	"100000"	"10000"	"200"	"4736915439836540245"	25000	"intercept"	0.63224614
"0.65"	"0.4"	"0.15"	"0.01"	"0.005"	"0.01"	"100000"	"10000"	"200"	"4736915439836540245"	30000	"slope"	-0.34053845
"0.65"	"0.4"	"0.15"	"0.01"	"0.005"	"0.01"	"100000"	"10000"	"200"	"4736915439836540245"	30000	"intercept"	0.63101164
"0.65"	"0.4"	"0.15"	"0.01"	"0.005"	"0.01"	"100000"	"10000"	"200"	"4736915439836540245"	35000	"slope"	-0.317993045
"0.65"	"0.4"	"0.15"	"0.01"	"0.005"	"0.01"	"100000"	"10000"	"200"	"4736915439836540245"	35000	"intercept"	0.613400685
"0.65"	"0.4"	"0.15"	"0.01"	"0.005"	"0.01"	"100000"	"10000"	"200"	"4736915439836540245"	40000	"slope"	-0.309511735
"0.65"	"0.4"	"0.15"	"0.01"	"0.005"	"0.01"	"100000"	"10000"	"200"	"4736915439836540245"	40000	"intercept"	0.61121436
"0.65"	"0.4"	"0.15"	"0.01"	"0.005"	"0.01"	"100000"	"10000"	"200"	"4736915439836540245"	45000	"slope"	-0.34195391
"0.65"	"0.4"	"0.15"	"0.01"	"0.005"	"0.01"	"100000"	"10000"	"200"	"4736915439836540245"	45000	"intercept"	0.629808675
"0.65"	"0.4"	"0.15"	"0.01"	"0.005"	"0.01"	"100000"	"10000"	"200"	"4736915439836540245"	50000	"slope"	-0.36994065
"0.65"	"0.4"	"0.15"	"0.01"	"0.005"	"0.01"	"100000"	"10000"	"200"	"4736915439836540245"	50000	"intercept"	0.643153565
"0.65"	"0.4"	"0.15"	"0.01"	"0.005"	"0.01"	"100000"	"10000"	"200"	"4736915439836540245"	55000	"slope"	-0.349381465
"0.65"	"0.4"	"0.15"	"0.01"	"0.005"	"0.01"	"100000"	"10000"	"200"	"4736915439836540245"	55000	"intercept"	0.64015528
"0.65"	"0.4"	"0.15"	"0.01"	"0.005"	"0.01"	"100000"	"10000"	"200"	"4736915439836540245"	60000	"slope"	-0.368442815
"0.65"	"0.4"	"0.15"	"0.01"	"0.005"	"0.01"	"100000"	"10000"	"200"	"4736915439836540245"	60000	"intercept"	0.642728535
"0.65"	"0.4"	"0.15"	"0.01"	"0.005"	"0.01"	"100000"	"10000"	"200"	"4736915439836540245"	65000	"slope"	-0.345743535
"0.65"	"0.4"	"0.15"	"0.01"	"0.005"	"0.01"	"100000"	"10000"	"200"	"4736915439836540245"	65000	"intercept"	0.632970185
"0.65"	"0.4"	"0.15"	"0.01"	"0.005"	"0.01"	"100000"	"10000"	"200"	"4736915439836540245"	70000	"slope"	-0.326724035
"0.65"	"0.4"	"0.15"	"0.01"	"0.005"	"0.01"	"100000"	"10000"	"200"	"4736915439836540245"	70000	"intercept"	0.615168095
"0.65"	"0.4"	"0.15"	"0.01"	"0.005"	"0.01"	"100000"	"10000"	"200"	"4736915439836540245"	75000	"slope"	-0.304382655
"0.65"	"0.4"	"0.15"	"0.01"	"0.005"	"0.01"	"100000"	"10000"	"200"	"4736915439836540245"	75000	"intercept"	0.609054875
"0.65"	"0.4"	"0.15"	"0.01"	"0.005"	"0.01"	"100000"	"10000"	"200"	"4736915439836540245"	80000	"slope"	-0.353587665
"0.65"	"0.4"	"0.15"	"0.01"	"0.005"	"0.01"	"100000"	"10000"	"200"	"4736915439836540245"	80000	"intercept"	0.63303324
"0.65"	"0.4"	"0.15"	"0.01"	"0.005"	"0.01"	"100000"	"10000"	"200"	"4736915439836540245"	85000	"slope"	-0.322919235
"0.65"	"0.4"	"0.15"	"0.01"	"0.005"	"0.01"	"100000"	"10000"	"200"	"4736915439836540245"	85000	"intercept"	0.61872255
"0.65"	"0.4"	"0.15"	"0.01"	"0.005"	"0.01"	"100000"	"10000"	"200"	"4736915439836540245"	90000	"slope"	-0.33343147
"0.65"	"0.4"	"0.15"	"0.01"	"0.005"	"0.01"	"100000"	"10000"	"200"	"4736915439836540245"	90000	"intercept"	0.62313458
"0.65"	"0.4"	"0.15"	"0.01"	"0.005"	"0.01"	"100000"	"10000"	"200"	"4736915439836540245"	95000	"slope"	-0.34118548
"0.65"	"0.4"	"0.15"	"0.01"	"0.005"	"0.01"	"100000"	"10000"	"200"	"4736915439836540245"	95000	"intercept"	0.623058275
"0.65"	"0.4"	"0.15"	"0.01"	"0.005"	"0.01"	"100000"	"10000"	"200"	"4736915439836540245"	100000	"slope"	-0.344230095
"0.65"	"0.4"	"0.15"	"0.01"	"0.005"	"0.01"	"100000"	"10000"	"200"	"4736915439836540245"	100000	"intercept"	0.634734055
"0.65"	"0.6"	"0.15"	"0.01"	"0.005"	"0.01"	"100000"	"10000"	"200"	"6090478555053902931"	10	"slope"	8.70281405e-05
"0.65"	"0.6"	"0.15"	"0.01"	"0.005"	"0.01"	"100000"	"10000"	"200"	"6090478555053902931"	10	"intercept"	0.49999983
"0.65"	"0.6"	"0.15"	"0.01"	"0.005"	"0.01"	"100000"	"10000"	"200"	"6090478555053902931"	5000	"slope"	-0.12979303705
"0.65"	"0.6"	"0.15"	"0.01"	"0.005"	"0.01"	"100000"	"10000"	"200"	"6090478555053902931"	5000	"intercept"	0.470675485
"0.65"	"0.6"	"0.15"	"0.01"	"0.005"	"0.01"	"100000"	"10000"	"200"	"6090478555053902931"	10000	"slope"	-0.20132751
"0.65"	"0.6"	"0.15"	"0.01"	"0.005"	"0.01"	"100000"	"10000"	"200"	"6090478555053902931"	10000	"intercept"	0.519085985
"0.65"	"0.6"	"0.15"	"0.01"	"0.005"	"0.01"	"100000"	"10000"	"200"	"6090478555053902931"	15000	"slope"	-0.308111235
"0.65"	"0.6"	"0.15"	"0.01"	"0.005"	"0.01"	"100000"	"10000"	"200"	"6090478555053902931"	15000	"intercept"	0.57281822
"0.65"	"0.6"	"0.15"	"0.01"	"0.005"	"0.01"	"100000"	"10000"	"200"	"6090478555053902931"	20000	"slope"	-0.366096705
"0.65"	"0.6"	"0.15"	"0.01"	"0.005"	"0.01"	"100000"	"10000"	"200"	"6090478555053902931"	20000	"intercept"	0.60433118
"0.65"	"0.6"	"0.15"	"0.01"	"0.005"	"0.01"	"100000"	"10000"	"200"	"6090478555053902931"	25000	"slope"	-0.41855042
"0.65"	"0.6"	"0.15"	"0.01"	"0.005"	"0.01"	"100000"	"10000"	"200"	"6090478555053902931"	25000	"intercept"	0.632629
"0.65"	"0.6"	"0.15"	"0.01"	"0.005"	"0.01"	"100000"	"10000"	"200"	"6090478555053902931"	30000	"slope"	-0.46025468
"0.65"	"0.6"	"0.15"	"0.01"	"0.005"	"0.01"	"100000"	"10000"	"200"	"6090478555053902931"	30000	"intercept"	0.66575388
"0.65"	"0.6"	"0.15"	"0.01"	"0.005"	"0.01"	"100000"	"10000"	"200"	"6090478555053902931"	35000	"slope"	-0.47502455
"0.65"	"0.6"	"0.15"	"0.01"	"0.005"	"0.01"	"100000"	"10000"	"200"	"6090478555053902931"	35000	"intercept"	0.67157098
"0.65"	"0.6"	"0.15"	"0.01"	"0.005"	"0.01"	"100000"	"10000"	"200"	"6090478555053902931"	40000	"slope"	-0.45829511
"0.65"	"0.6"	"0.15"	"0.01"	"0.005"	"0.01"	"100000"	"10000"	"200"	"6090478555053902931"	40000	"intercept"	0.661669035
"0.65"	"0.6"	"0.15"	"0.01"	"0.005"	"0.01"	"100000"	"10000"	"200"	"6090478555053902931"	45000	"slope"	-0.43313673
"0.65"	"0.6"	"0.15"	"0.01"	"0.005"	"0.01"	"100000"	"10000"	"200"	"6090478555053902931"	45000	"intercept"	0.65018656
"0.65"	"0.6"	"0.15"	"0.01"	"0.005"	"0.01"	"100000"	"10000"	"200"	"6090478555053902931"	50000	"slope"	-0.436511335
"0.65"	"0.6"	"0.15"	"0.01"	"0.005"	"0.01"	"100000"	"10000"	"200"	"6090478555053902931"	50000	"intercept"	0.64718131
"0.65"	"0.6"	"0.15"	"0.01"	"0.005"	"0.01"	"100000"	"10000"	"200"	"6090478555053902931"	55000	"slope"	-0.43288361
"0.65"	"0.6"	"0.15"	"0.01"	"0.005"	"0.01"	"100000"	"10000"	"200"	"6090478555053902931"	55000	"intercept"	0.64016471
"0.65"	"0.6"	"0.15"	"0.01"	"0.005"	"0.01"	"100000"	"10000"	"200"	"6090478555053902931"	60000	"slope"	-0.40642704
"0.65"	"0.6"	"0.15"	"0.01"	"0.005"	"0.01"	"100000"	"10000"	"200"	"6090478555053902931"	60000	"intercept"	0.622138525
"0.65"	"0.6"	"0.15"	"0.01"	"0.005"	"0.01"	"100000"	"10000"	"200"	"6090478555053902931"	65000	"slope"	-0.44722706
"0.65"	"0.6"	"0.15"	"0.01"	"0.005"	"0.01"	"100000"	"10000"	"200"	"6090478555053902931"	65000	"intercept"	0.645366485
"0.65"	"0.6"	"0.15"	"0.01"	"0.005"	"0.01"	"100000"	"10000"	"200"	"6090478555053902931"	70000	"slope"	-0.46950255
"0.65"	"0.6"	"0.15"	"0.01"	"0.005"	"0.01"	"100000"	"10000"	"200"	"6090478555053902931"	70000	"intercept"	0.66490756
"0.65"	"0.6"	"0.15"	"0.01"	"0.005"	"0.01"	"100000"	"10000"	"200"	"6090478555053902931"	75000	"slope"	-0.449285255
"0.65"	"0.6"	"0.15"	"0.01"	"0.005"	"0.01"	"100000"	"10000"	"200"	"6090478555053902931"	75000	"intercept"	0.659809615
"0.65"	"0.6"	"0.15"	"0.01"	"0.005"	"0.01"	"100000"	"10000"	"200"	"6090478555053902931"	80000	"slope"	-0.43838783
"0.65"	"0.6"	"0.15"	"0.01"	"0.005"	"0.01"	"100000"	"10000"	"200"	"6090478555053902931"	80000	"intercept"	0.64175275
"0.65"	"0.6"	"0.15"	"0.01"	"0.005"	"0.01"	"100000"	"10000"	"200"	"6090478555053902931"	85000	"slope"	-0.43424107
"0.65"	"0.6"	"0.15"	"0.01"	"0.005"	"0.01"	"100000"	"10000"	"200"	"6090478555053902931"	85000	"intercept"	0.64295981
"0.65"	"0.6"	"0.15"	"0.01"	"0.005"	"0.01"	"100000"	"10000"	"200"	"6090478555053902931"	90000	"slope"	-0.452470025
"0.65"	"0.6"	"0.15"	"0.01"	"0.005"	"0.01"	"100000"	"10000"	"200"	"6090478555053902931"	90000	"intercept"	0.65490541
"0.65"	"0.6"	"0.15"	"0.01"	"0.005"	"0.01"	"100000"	"10000"	"200"	"6090478555053902931"	95000	"slope"	-0.45586791
"0.65"	"0.6"	"0.15"	"0.01"	"0.005"	"0.01"	"100000"	"10000"	"200"	"6090478555053902931"	95000	"intercept"	0.65951001
"0.65"	"0.6"	"0.15"	"0.01"	"0.005"	"0.01"	"100000"	"10000"	"200"	"6090478555053902931"	100000	"slope"	-0.448117775
"0.65"	"0.6"	"0.15"	"0.01"	"0.005"	"0.01"	"100000"	"10000"	"200"	"6090478555053902931"	100000	"intercept"	0.651510915
"0.65"	"0.6"	"0.15"	"0.01"	"0.005"	"0.01"	"100000"	"10000"	"200"	"7718299737743758365"	10	"slope"	-0.00018326214
"0.65"	"0.6"	"0.15"	"0.01"	"0.005"	"0.01"	"100000"	"10000"	"200"	"7718299737743758365"	10	"intercept"	0.500025545
"0.65"	"0.6"	"0.15"	"0.01"	"0.005"	"0.01"	"100000"	"10000"	"200"	"7718299737743758365"	5000	"slope"	-0.1168196695
"0.65"	"0.6"	"0.15"	"0.01"	"0.005"	"0.01"	"100000"	"10000"	"200"	"7718299737743758365"	5000	"intercept"	0.464415685
"0.65"	"0.6"	"0.15"	"0.01"	"0.005"	"0.01"	"100000"	"10000"	"200"	"7718299737743758365"	10000	"slope"	-0.20626906
"0.65"	"0.6"	"0.15"	"0.01"	"0.005"	"0.01"	"100000"	"10000"	"200"	"7718299737743758365"	10000	"intercept"	0.51056459
"0.65"	"0.6"	"0.15"	"0.01"	"0.005"	"0.01"	"100000"	"10000"	"200"	"7718299737743758365"	15000	"slope"	-0.33135847
"0.65"	"0.6"	"0.15"	"0.01"	"0.005"	"0.01"	"100000"	"10000"	"200"	"7718299737743758365"	15000	"intercept"	0.57408415
"0.65"	"0.6"	"0.15"	"0.01"	"0.005"	"0.01"	"100000"	"10000"	"200"	"7718299737743758365"	20000	"slope"	-0.364465525
"0.65"	"0.6"	"0.15"	"0.01"	"0.005"	"0.01"	"100000"	"10000"	"200"	"7718299737743758365"	20000	"intercept"	0.601403965
"0.65"	"0.6"	"0.15"	"0.01"	"0.005"	"0.01"	"100000"	"10000"	"200"	"7718299737743758365"	25000	"slope"	-0.40125576
"0.65"	"0.6"	"0.15"	"0.01"	"0.005"	"0.01"	"100000"	"10000"	"200"	"7718299737743758365"	25000	"intercept"	0.623874205
"0.65"	"0.6"	"0.15"	"0.01"	"0.005"	"0.01"	"100000"	"10000"	"200"	"7718299737743758365"	30000	"slope"	-0.41814551
"0.65"	"0.6"	"0.15"	"0.01"	"0.005"	"0.01"	"100000"	"10000"	"200"	"7718299737743758365"	30000	"intercept"	0.634466005
"0.65"	"0.6"	"0.15"	"0.01"	"0.005"	"0.01"	"100000"	"10000"	"200"	"7718299737743758365"	35000	"slope"	-0.439634215
"0.65"	"0.6"	"0.15"	"0.01"	"0.005"	"0.01"	"100000"	"10000"	"200"	"7718299737743758365"	35000	"intercept"	0.651184995
"0.65"	"0.6"	"0.15"	"0.01"	"0.005"	"0.01"	"100000"	"10000"	"200"	"7718299737743758365"	40000	"slope"	-0.428302115
"0.65"	"0.6"	"0.15"	"0.01"	"0.005"	"0.01"	"100000"	"10000"	"200"	"7718299737743758365"	40000	"intercept"	0.63741146
"0.65"	"0.6"	"0.15"	"0.01"	"0.005"	"0.01"	"100000"	"10000"	"200"	"7718299737743758365"	45000	"slope"	-0.466573875
"0.65"	"0.6"	"0.15"	"0.01"	"0.005"	"0.01"	"100000"	"10000"	"200"	"7718299737743758365"	45000	"intercept"	0.65814274
"0.65"	"0.6"	"0.15"	"0.01"	"0.005"	"0.01"	"100000"	"10000"	"200"	"7718299737743758365"	50000	"slope"	-0.43784095
"0.65"	"0.6"	"0.15"	"0.01"	"0.005"	"0.01"	"100000"	"10000"	"200"	"7718299737743758365"	50000	"intercept"	0.644435745
"0.65"	"0.6"	"0.15"	"0.01"	"0.005"	"0.01"	"100000"	"10000"	"200"	"7718299737743758365"	55000	"slope"	-0.426040655
"0.65"	"0.6"	"0.15"	"0.01"	"0.005"	"0.01"	"100000"	"10000"	"200"	"7718299737743758365"	55000	"intercept"	0.641117665
"0.65"	"0.6"	"0.15"	"0.01"	"0.005"	"0.01"	"100000"	"10000"	"200"	"7718299737743758365"	60000	"slope"	-0.42682132
"0.65"	"0.6"	"0.15"	"0.01"	"0.005"	"0.01"	"100000"	"10000"	"200"	"7718299737743758365"	60000	"intercept"	0.64747432
"0.65"	"0.6"	"0.15"	"0.01"	"0.005"	"0.01"	"100000"	"10000"	"200"	"7718299737743758365"	65000	"slope"	-0.40794861
"0.65"	"0.6"	"0.15"	"0.01"	"0.005"	"0.01"	"100000"	"10000"	"200"	"7718299737743758365"	65000	"intercept"	0.629719025
"0.65"	"0.6"	"0.15"	"0.01"	"0.005"	"0.01"	"100000"	"10000"	"200"	"7718299737743758365"	70000	"slope"	-0.43184812
"0.65"	"0.6"	"0.15"	"0.01"	"0.005"	"0.01"	"100000"	"10000"	"200"	"7718299737743758365"	70000	"intercept"	0.645706595
"0.65"	"0.6"	"0.15"	"0.01"	"0.005"	"0.01"	"100000"	"10000"	"200"	"7718299737743758365"	75000	"slope"	-0.409322145
"0.65"	"0.6"	"0.15"	"0.01"	"0.005"	"0.01"	"100000"	"10000"	"200"	"7718299737743758365"	75000	"intercept"	0.633503915
"0.65"	"0.6"	"0.15"	"0.01"	"0.005"	"0.01"	"100000"	"10000"	"200"	"7718299737743758365"	80000	"slope"	-0.41138355
"0.65"	"0.6"	"0.15"	"0.01"	"0.005"	"0.01"	"100000"	"10000"	"200"	"7718299737743758365"	80000	"intercept"	0.63443795
"0.65"	"0.6"	"0.15"	"0.01"	"0.005"	"0.01"	"100000"	"10000"	"200"	"7718299737743758365"	85000	"slope"	-0.46183984
"0.65"	"0.6"	"0.15"	"0.01"	"0.005"	"0.01"	"100000"	"10000"	"200"	"7718299737743758365"	85000	"intercept"	0.660279105
"0.65"	"0.6"	"0.15"	"0.01"	"0.005"	"0.01"	"100000"	"10000"	"200"	"7718299737743758365"	90000	"slope"	-0.45577118
"0.65"	"0.6"	"0.15"	"0.01"	"0.005"	"0.01"	"100000"	"10000"	"200"	"7718299737743758365"	90000	"intercept"	0.65435413
"0.65"	"0.6"	"0.15"	"0.01"	"0.005"	"0.01"	"100000"	"10000"	"200"	"7718299737743758365"	95000	"slope"	-0.467373915
"0.65"	"0.6"	"0.15"	"0.01"	"0.005"	"0.01"	"100000"	"10000"	"200"	"7718299737743758365"	95000	"intercept"	0.66753334
"0.65"	"0.6"	"0.15"	"0.01"	"0.005"	"0.01"	"100000"	"10000"	"200"	"7718299737743758365"	100000	"slope"	-0.43122985
"0.65"	"0.6"	"0.15"	"0.01"	"0.005"	"0.01"	"100000"	"10000"	"200"	"7718299737743758365"	100000	"intercept"	0.645279435
"0.65"	"0.6"	"0.15"	"0.01"	"0.005"	"0.01"	"100000"	"10000"	"200"	"9036495058239462565"	10	"slope"	5.180709e-05
"0.65"	"0.6"	"0.15"	"0.01"	"0.005"	"0.01"	"100000"	"10000"	"200"	"9036495058239462565"	10	"intercept"	0.500122565
"0.65"	"0.6"	"0.15"	"0.01"	"0.005"	"0.01"	"100000"	"10000"	"200"	"9036495058239462565"	5000	"slope"	-0.1352489745
"0.65"	"0.6"	"0.15"	"0.01"	"0.005"	"0.01"	"100000"	"10000"	"200"	"9036495058239462565"	5000	"intercept"	0.47476682
"0.65"	"0.6"	"0.15"	"0.01"	"0.005"	"0.01"	"100000"	"10000"	"200"	"9036495058239462565"	10000	"slope"	-0.27281608
"0.65"	"0.6"	"0.15"	"0.01"	"0.005"	"0.01"	"100000"	"10000"	"200"	"9036495058239462565"	10000	"intercept"	0.548843445
"0.65"	"0.6"	"0.15"	"0.01"	"0.005"	"0.01"	"100000"	"10000"	"200"	"9036495058239462565"	15000	"slope"	-0.31594006
"0.65"	"0.6"	"0.15"	"0.01"	"0.005"	"0.01"	"100000"	"10000"	"200"	"9036495058239462565"	15000	"intercept"	0.57329691
"0.65"	"0.6"	"0.15"	"0.01"	"0.005"	"0.01"	"100000"	"10000"	"200"	"9036495058239462565"	20000	"slope"	-0.39473787
"0.65"	"0.6"	"0.15"	"0.01"	"0.005"	"0.01"	"100000"	"10000"	"200"	"9036495058239462565"	20000	"intercept"	0.61795787
"0.65"	"0.6"	"0.15"	"0.01"	"0.005"	"0.01"	"100000"	"10000"	"200"	"9036495058239462565"	25000	"slope"	-0.42278741
"0.65"	"0.6"	"0.15"	"0.01"	"0.005"	"0.01"	"100000"	"10000"	"200"	"9036495058239462565"	25000	"intercept"	0.63033469
"0.65"	"0.6"	"0.15"	"0.01"	"0.005"	"0.01"	"100000"	"10000"	"200"	"9036495058239462565"	30000	"slope"	-0.408995495
"0.65"	"0.6"	"0.15"	"0.01"	"0.005"	"0.01"	"100000"	"10000"	"200"	"9036495058239462565"	30000	"intercept"	0.62997214
"0.65"	"0.6"	"0.15"	"0.01"	"0.005"	"0.01"	"100000"	"10000"	"200"	"9036495058239462565"	35000	"slope"	-0.41131835
"0.65"	"0.6"	"0.15"	"0.01"	"0.005"	"0.01"	"100000"	"10000"	"200"	"9036495058239462565"	35000	"intercept"	0.63353276
"0.65"	"0.6"	"0.15"	"0.01"	"0.005"	"0.01"	"100000"	"10000"	"200"	"9036495058239462565"	40000	"slope"	-0.471786815
"0.65"	"0.6"	"0.15"	"0.01"	"0.005"	"0.01"	"100000"	"10000"	"200"	"9036495058239462565"	40000	"intercept"	0.678437645
"0.65"	"0.6"	"0.15"	"0.01"	"0.005"	"0.01"	"100000"	"10000"	"200"	"9036495058239462565"	45000	"slope"	-0.4713957
"0.65"	"0.6"	"0.15"	"0.01"	"0.005"	"0.01"	"100000"	"10000"	"200"	"9036495058239462565"	45000	"intercept"	0.67871766
"0.65"	"0.6"	"0.15"	"0.01"	"0.005"	"0.01"	"100000"	"10000"	"200"	"9036495058239462565"	50000	"slope"	-0.49779251
"0.65"	"0.6"	"0.15"	"0.01"	"0.005"	"0.01"	"100000"	"10000"	"200"	"9036495058239462565"	50000	"intercept"	0.683787955
"0.65"	"0.6"	"0.15"	"0.01"	"0.005"	"0.01"	"100000"	"10000"	"200"	"9036495058239462565"	55000	"slope"	-0.502357255
"0.65"	"0.6"	"0.15"	"0.01"	"0.005"	"0.01"	"100000"	"10000"	"200"	"9036495058239462565"	55000	"intercept"	0.68688014
"0.65"	"0.6"	"0.15"	"0.01"	"0.005"	"0.01"	"100000"	"10000"	"200"	"9036495058239462565"	60000	"slope"	-0.493553165
"0.65"	"0.6"	"0.15"	"0.01"	"0.005"	"0.01"	"100000"	"10000"	"200"	"9036495058239462565"	60000	"intercept"	0.691214455
"0.65"	"0.6"	"0.15"	"0.01"	"0.005"	"0.01"	"100000"	"10000"	"200"	"9036495058239462565"	65000	"slope"	-0.470265555
"0.65"	"0.6"	"0.15"	"0.01"	"0.005"	"0.01"	"100000"	"10000"	"200"	"9036495058239462565"	65000	"intercept"	0.67535507
"0.65"	"0.6"	"0.15"	"0.01"	"0.005"	"0.01"	"100000"	"10000"	"200"	"9036495058239462565"	70000	"slope"	-0.438643705
"0.65"	"0.6"	"0.15"	"0.01"	"0.005"	"0.01"	"100000"	"10000"	"200"	"9036495058239462565"	70000	"intercept"	0.638715285
"0.65"	"0.6"	"0.15"	"0.01"	"0.005"	"0.01"	"100000"	"10000"	"200"	"9036495058239462565"	75000	"slope"	-0.44296904
"0.65"	"0.6"	"0.15"	"0.01"	"0.005"	"0.01"	"100000"	"10000"	"200"	"9036495058239462565"	75000	"intercept"	0.64370308
"0.65"	"0.6"	"0.15"	"0.01"	"0.005"	"0.01"	"100000"	"10000"	"200"	"9036495058239462565"	80000	"slope"	-0.465201315
"0.65"	"0.6"	"0.15"	"0.01"	"0.005"	"0.01"	"100000"	"10000"	"200"	"9036495058239462565"	80000	"intercept"	0.666517755
"0.65"	"0.6"	"0.15"	"0.01"	"0.005"	"0.01"	"100000"	"10000"	"200"	"9036495058239462565"	85000	"slope"	-0.444617885
"0.65"	"0.6"	"0.15"	"0.01"	"0.005"	"0.01"	"100000"	"10000"	"200"	"9036495058239462565"	85000	"intercept"	0.64670927
"0.65"	"0.6"	"0.15"	"0.01"	"0.005"	"0.01"	"100000"	"10000"	"200"	"9036495058239462565"	90000	"slope"	-0.467336315
"0.65"	"0.6"	"0.15"	"0.01"	"0.005"	"0.01"	"100000"	"10000"	"200"	"9036495058239462565"	90000	"intercept"	0.66862685
"0.65"	"0.6"	"0.15"	"0.01"	"0.005"	"0.01"	"100000"	"10000"	"200"	"9036495058239462565"	95000	"slope"	-0.453476905
"0.65"	"0.6"	"0.15"	"0.01"	"0.005"	"0.01"	"100000"	"10000"	"200"	"9036495058239462565"	95000	"intercept"	0.656002225
"0.65"	"0.6"	"0.15"	"0.01"	"0.005"	"0.01"	"100000"	"10000"	"200"	"9036495058239462565"	100000	"slope"	-0.43615775
"0.65"	"0.6"	"0.15"	"0.01"	"0.005"	"0.01"	"100000"	"10000"	"200"	"9036495058239462565"	100000	"intercept"	0.64691628
"0.65"	"0.8"	"0.15"	"0.01"	"0.005"	"0.01"	"100000"	"10000"	"200"	"2955380272617123317"	10	"slope"	-6.962775e-06
"0.65"	"0.8"	"0.15"	"0.01"	"0.005"	"0.01"	"100000"	"10000"	"200"	"2955380272617123317"	10	"intercept"	0.50020776
"0.65"	"0.8"	"0.15"	"0.01"	"0.005"	"0.01"	"100000"	"10000"	"200"	"2955380272617123317"	5000	"slope"	-0.1794239905
"0.65"	"0.8"	"0.15"	"0.01"	"0.005"	"0.01"	"100000"	"10000"	"200"	"2955380272617123317"	5000	"intercept"	0.42744853
"0.65"	"0.8"	"0.15"	"0.01"	"0.005"	"0.01"	"100000"	"10000"	"200"	"2955380272617123317"	10000	"slope"	-0.262979255
"0.65"	"0.8"	"0.15"	"0.01"	"0.005"	"0.01"	"100000"	"10000"	"200"	"2955380272617123317"	10000	"intercept"	0.48478164
"0.65"	"0.8"	"0.15"	"0.01"	"0.005"	"0.01"	"100000"	"10000"	"200"	"2955380272617123317"	15000	"slope"	-0.354141295
"0.65"	"0.8"	"0.15"	"0.01"	"0.005"	"0.01"	"100000"	"10000"	"200"	"2955380272617123317"	15000	"intercept"	0.53656262
"0.65"	"0.8"	"0.15"	"0.01"	"0.005"	"0.01"	"100000"	"10000"	"200"	"2955380272617123317"	20000	"slope"	-0.385248265
"0.65"	"0.8"	"0.15"	"0.01"	"0.005"	"0.01"	"100000"	"10000"	"200"	"2955380272617123317"	20000	"intercept"	0.565422625
"0.65"	"0.8"	"0.15"	"0.01"	"0.005"	"0.01"	"100000"	"10000"	"200"	"2955380272617123317"	25000	"slope"	-0.442189375
"0.65"	"0.8"	"0.15"	"0.01"	"0.005"	"0.01"	"100000"	"10000"	"200"	"2955380272617123317"	25000	"intercept"	0.61828613
"0.65"	"0.8"	"0.15"	"0.01"	"0.005"	"0.01"	"100000"	"10000"	"200"	"2955380272617123317"	30000	"slope"	-0.495176655
"0.65"	"0.8"	"0.15"	"0.01"	"0.005"	"0.01"	"100000"	"10000"	"200"	"2955380272617123317"	30000	"intercept"	0.64156731
"0.65"	"0.8"	"0.15"	"0.01"	"0.005"	"0.01"	"100000"	"10000"	"200"	"2955380272617123317"	35000	"slope"	-0.51212261
"0.65"	"0.8"	"0.15"	"0.01"	"0.005"	"0.01"	"100000"	"10000"	"200"	"2955380272617123317"	35000	"intercept"	0.65113249
"0.65"	"0.8"	"0.15"	"0.01"	"0.005"	"0.01"	"100000"	"10000"	"200"	"2955380272617123317"	40000	"slope"	-0.503963325
"0.65"	"0.8"	"0.15"	"0.01"	"0.005"	"0.01"	"100000"	"10000"	"200"	"2955380272617123317"	40000	"intercept"	0.65086099
"0.65"	"0.8"	"0.15"	"0.01"	"0.005"	"0.01"	"100000"	"10000"	"200"	"2955380272617123317"	45000	"slope"	-0.54880785
"0.65"	"0.8"	"0.15"	"0.01"	"0.005"	"0.01"	"100000"	"10000"	"200"	"2955380272617123317"	45000	"intercept"	0.680326385
"0.65"	"0.8"	"0.15"	"0.01"	"0.005"	"0.01"	"100000"	"10000"	"200"	"2955380272617123317"	50000	"slope"	-0.549129695
"0.65"	"0.8"	"0.15"	"0.01"	"0.005"	"0.01"	"100000"	"10000"	"200"	"2955380272617123317"	50000	"intercept"	0.68587824
"0.65"	"0.8"	"0.15"	"0.01"	"0.005"	"0.01"	"100000"	"10000"	"200"	"2955380272617123317"	55000	"slope"	-0.563318135
"0.65"	"0.8"	"0.15"	"0.01"	"0.005"	"0.01"	"100000"	"10000"	"200"	"2955380272617123317"	55000	"intercept"	0.69390526
"0.65"	"0.8"	"0.15"	"0.01"	"0.005"	"0.01"	"100000"	"10000"	"200"	"2955380272617123317"	60000	"slope"	-0.5662361
"0.65"	"0.8"	"0.15"	"0.01"	"0.005"	"0.01"	"100000"	"10000"	"200"	"2955380272617123317"	60000	"intercept"	0.696672815
"0.65"	"0.8"	"0.15"	"0.01"	"0.005"	"0.01"	"100000"	"10000"	"200"	"2955380272617123317"	65000	"slope"	-0.548165475
"0.65"	"0.8"	"0.15"	"0.01"	"0.005"	"0.01"	"100000"	"10000"	"200"	"2955380272617123317"	65000	"intercept"	0.67639955
"0.65"	"0.8"	"0.15"	"0.01"	"0.005"	"0.01"	"100000"	"10000"	"200"	"2955380272617123317"	70000	"slope"	-0.559482385
"0.65"	"0.8"	"0.15"	"0.01"	"0.005"	"0.01"	"100000"	"10000"	"200"	"2955380272617123317"	70000	"intercept"	0.690602005
"0.65"	"0.8"	"0.15"	"0.01"	"0.005"	"0.01"	"100000"	"10000"	"200"	"2955380272617123317"	75000	"slope"	-0.565637175
"0.65"	"0.8"	"0.15"	"0.01"	"0.005"	"0.01"	"100000"	"10000"	"200"	"2955380272617123317"	75000	"intercept"	0.68839537
"0.65"	"0.8"	"0.15"	"0.01"	"0.005"	"0.01"	"100000"	"10000"	"200"	"2955380272617123317"	80000	"slope"	-0.578099815
"0.65"	"0.8"	"0.15"	"0.01"	"0.005"	"0.01"	"100000"	"10000"	"200"	"2955380272617123317"	80000	"intercept"	0.710840015
"0.65"	"0.8"	"0.15"	"0.01"	"0.005"	"0.01"	"100000"	"10000"	"200"	"2955380272617123317"	85000	"slope"	-0.53089197
"0.65"	"0.8"	"0.15"	"0.01"	"0.005"	"0.01"	"100000"	"10000"	"200"	"2955380272617123317"	85000	"intercept"	0.66964007
"0.65"	"0.8"	"0.15"	"0.01"	"0.005"	"0.01"	"100000"	"10000"	"200"	"2955380272617123317"	90000	"slope"	-0.53514771
"0.65"	"0.8"	"0.15"	"0.01"	"0.005"	"0.01"	"100000"	"10000"	"200"	"2955380272617123317"	90000	"intercept"	0.680784125
"0.65"	"0.8"	"0.15"	"0.01"	"0.005"	"0.01"	"100000"	"10000"	"200"	"2955380272617123317"	95000	"slope"	-0.55864538
"0.65"	"0.8"	"0.15"	"0.01"	"0.005"	"0.01"	"100000"	"10000"	"200"	"2955380272617123317"	95000	"intercept"	0.679696325
"0.65"	"0.8"	"0.15"	"0.01"	"0.005"	"0.01"	"100000"	"10000"	"200"	"2955380272617123317"	100000	"slope"	-0.556759035
"0.65"	"0.8"	"0.15"	"0.01"	"0.005"	"0.01"	"100000"	"10000"	"200"	"2955380272617123317"	100000	"intercept"	0.69029456
"0.65"	"0.8"	"0.15"	"0.01"	"0.005"	"0.01"	"100000"	"10000"	"200"	"7599799468791571668"	10	"slope"	3.1834325e-05
"0.65"	"0.8"	"0.15"	"0.01"	"0.005"	"0.01"	"100000"	"10000"	"200"	"7599799468791571668"	10	"intercept"	0.499868685
"0.65"	"0.8"	"0.15"	"0.01"	"0.005"	"0.01"	"100000"	"10000"	"200"	"7599799468791571668"	5000	"slope"	-0.19651848
"0.65"	"0.8"	"0.15"	"0.01"	"0.005"	"0.01"	"100000"	"10000"	"200"	"7599799468791571668"	5000	"intercept"	0.446769265
"0.65"	"0.8"	"0.15"	"0.01"	"0.005"	"0.01"	"100000"	"10000"	"200"	"7599799468791571668"	10000	"slope"	-0.28028744
"0.65"	"0.8"	"0.15"	"0.01"	"0.005"	"0.01"	"100000"	"10000"	"200"	"7599799468791571668"	10000	"intercept"	0.500687475
"0.65"	"0.8"	"0.15"	"0.01"	"0.005"	"0.01"	"100000"	"10000"	"200"	"7599799468791571668"	15000	"slope"	-0.39758355
"0.65"	"0.8"	"0.15"	"0.01"	"0.005"	"0.01"	"100000"	"10000"	"200"	"7599799468791571668"	15000	"intercept"	0.57298653
"0.65"	"0.8"	"0.15"	"0.01"	"0.005"	"0.01"	"100000"	"10000"	"200"	"7599799468791571668"	20000	"slope"	-0.46522326
"0.65"	"0.8"	"0.15"	"0.01"	"0.005"	"0.01"	"100000"	"10000"	"200"	"7599799468791571668"	20000	"intercept"	0.610551095
"0.65"	"0.8"	"0.15"	"0.01"	"0.005"	"0.01"	"100000"	"10000"	"200"	"7599799468791571668"	25000	"slope"	-0.493390175
"0.65"	"0.8"	"0.15"	"0.01"	"0.005"	"0.01"	"100000"	"10000"	"200"	"7599799468791571668"	25000	"intercept"	0.642625465
"0.65"	"0.8"	"0.15"	"0.01"	"0.005"	"0.01"	"100000"	"10000"	"200"	"7599799468791571668"	30000	"slope"	-0.51662512
"0.65"	"0.8"	"0.15"	"0.01"	"0.005"	"0.01"	"100000"	"10000"	"200"	"7599799468791571668"	30000	"intercept"	0.6551586
"0.65"	"0.8"	"0.15"	"0.01"	"0.005"	"0.01"	"100000"	"10000"	"200"	"7599799468791571668"	35000	"slope"	-0.54759878
"0.65"	"0.8"	"0.15"	"0.01"	"0.005"	"0.01"	"100000"	"10000"	"200"	"7599799468791571668"	35000	"intercept"	0.68182664
"0.65"	"0.8"	"0.15"	"0.01"	"0.005"	"0.01"	"100000"	"10000"	"200"	"7599799468791571668"	40000	"slope"	-0.54566024
"0.65"	"0.8"	"0.15"	"0.01"	"0.005"	"0.01"	"100000"	"10000"	"200"	"7599799468791571668"	40000	"intercept"	0.684977875
"0.65"	"0.8"	"0.15"	"0.01"	"0.005"	"0.01"	"100000"	"10000"	"200"	"7599799468791571668"	45000	"slope"	-0.54380045
"0.65"	"0.8"	"0.15"	"0.01"	"0.005"	"0.01"	"100000"	"10000"	"200"	"7599799468791571668"	45000	"intercept"	0.67939047
"0.65"	"0.8"	"0.15"	"0.01"	"0.005"	"0.01"	"100000"	"10000"	"200"	"7599799468791571668"	50000	"slope"	-0.559229025
"0.65"	"0.8"	"0.15"	"0.01"	"0.005"	"0.01"	"100000"	"10000"	"200"	"7599799468791571668"	50000	"intercept"	0.694576265
"0.65"	"0.8"	"0.15"	"0.01"	"0.005"	"0.01"	"100000"	"10000"	"200"	"7599799468791571668"	55000	"slope"	-0.5564401
"0.65"	"0.8"	"0.15"	"0.01"	"0.005"	"0.01"	"100000"	"10000"	"200"	"7599799468791571668"	55000	"intercept"	0.688083265
"0.65"	"0.8"	"0.15"	"0.01"	"0.005"	"0.01"	"100000"	"10000"	"200"	"7599799468791571668"	60000	"slope"	-0.55269751
"0.65"	"0.8"	"0.15"	"0.01"	"0.005"	"0.01"	"100000"	"10000"	"200"	"7599799468791571668"	60000	"intercept"	0.688333095
"0.65"	"0.8"	"0.15"	"0.01"	"0.005"	"0.01"	"100000"	"10000"	"200"	"7599799468791571668"	65000	"slope"	-0.55480611
"0.65"	"0.8"	"0.15"	"0.01"	"0.005"	"0.01"	"100000"	"10000"	"200"	"7599799468791571668"	65000	"intercept"	0.677905025
"0.65"	"0.8"	"0.15"	"0.01"	"0.005"	"0.01"	"100000"	"10000"	"200"	"7599799468791571668"	70000	"slope"	-0.545884795
"0.65"	"0.8"	"0.15"	"0.01"	"0.005"	"0.01"	"100000"	"10000"	"200"	"7599799468791571668"	70000	"intercept"	0.683901625
"0.65"	"0.8"	"0.15"	"0.01"	"0.005"	"0.01"	"100000"	"10000"	"200"	"7599799468791571668"	75000	"slope"	-0.54821347
"0.65"	"0.8"	"0.15"	"0.01"	"0.005"	"0.01"	"100000"	"10000"	"200"	"7599799468791571668"	75000	"intercept"	0.67692905
"0.65"	"0.8"	"0.15"	"0.01"	"0.005"	"0.01"	"100000"	"10000"	"200"	"7599799468791571668"	80000	"slope"	-0.55340841
"0.65"	"0.8"	"0.15"	"0.01"	"0.005"	"0.01"	"100000"	"10000"	"200"	"7599799468791571668"	80000	"intercept"	0.684472405
"0.65"	"0.8"	"0.15"	"0.01"	"0.005"	"0.01"	"100000"	"10000"	"200"	"7599799468791571668"	85000	"slope"	-0.548519135
"0.65"	"0.8"	"0.15"	"0.01"	"0.005"	"0.01"	"100000"	"10000"	"200"	"7599799468791571668"	85000	"intercept"	0.682843915
"0.65"	"0.8"	"0.15"	"0.01"	"0.005"	"0.01"	"100000"	"10000"	"200"	"7599799468791571668"	90000	"slope"	-0.533073225
"0.65"	"0.8"	"0.15"	"0.01"	"0.005"	"0.01"	"100000"	"10000"	"200"	"7599799468791571668"	90000	"intercept"	0.67662204
"0.65"	"0.8"	"0.15"	"0.01"	"0.005"	"0.01"	"100000"	"10000"	"200"	"7599799468791571668"	95000	"slope"	-0.561703425
"0.65"	"0.8"	"0.15"	"0.01"	"0.005"	"0.01"	"100000"	"10000"	"200"	"7599799468791571668"	95000	"intercept"	0.68360277
"0.65"	"0.8"	"0.15"	"0.01"	"0.005"	"0.01"	"100000"	"10000"	"200"	"7599799468791571668"	100000	"slope"	-0.573525565
"0.65"	"0.8"	"0.15"	"0.01"	"0.005"	"0.01"	"100000"	"10000"	"200"	"7599799468791571668"	100000	"intercept"	0.70678493
"0.65"	"0.8"	"0.15"	"0.01"	"0.005"	"0.01"	"100000"	"10000"	"200"	"7642237096719353"	10	"slope"	0.0001354475
"0.65"	"0.8"	"0.15"	"0.01"	"0.005"	"0.01"	"100000"	"10000"	"200"	"7642237096719353"	10	"intercept"	0.500015075
"0.65"	"0.8"	"0.15"	"0.01"	"0.005"	"0.01"	"100000"	"10000"	"200"	"7642237096719353"	5000	"slope"	-0.164428792
"0.65"	"0.8"	"0.15"	"0.01"	"0.005"	"0.01"	"100000"	"10000"	"200"	"7642237096719353"	5000	"intercept"	0.432999705
"0.65"	"0.8"	"0.15"	"0.01"	"0.005"	"0.01"	"100000"	"10000"	"200"	"7642237096719353"	10000	"slope"	-0.310325795
"0.65"	"0.8"	"0.15"	"0.01"	"0.005"	"0.01"	"100000"	"10000"	"200"	"7642237096719353"	10000	"intercept"	0.521317805
"0.65"	"0.8"	"0.15"	"0.01"	"0.005"	"0.01"	"100000"	"10000"	"200"	"7642237096719353"	15000	"slope"	-0.39048432
"0.65"	"0.8"	"0.15"	"0.01"	"0.005"	"0.01"	"100000"	"10000"	"200"	"7642237096719353"	15000	"intercept"	0.57203287
"0.65"	"0.8"	"0.15"	"0.01"	"0.005"	"0.01"	"100000"	"10000"	"200"	"7642237096719353"	20000	"slope"	-0.468989435
"0.65"	"0.8"	"0.15"	"0.01"	"0.005"	"0.01"	"100000"	"10000"	"200"	"7642237096719353"	20000	"intercept"	0.62622712
"0.65"	"0.8"	"0.15"	"0.01"	"0.005"	"0.01"	"100000"	"10000"	"200"	"7642237096719353"	25000	"slope"	-0.49973249
"0.65"	"0.8"	"0.15"	"0.01"	"0.005"	"0.01"	"100000"	"10000"	"200"	"7642237096719353"	25000	"intercept"	0.638347655
"0.65"	"0.8"	"0.15"	"0.01"	"0.005"	"0.01"	"100000"	"10000"	"200"	"7642237096719353"	30000	"slope"	-0.559730625
"0.65"	"0.8"	"0.15"	"0.01"	"0.005"	"0.01"	"100000"	"10000"	"200"	"7642237096719353"	30000	"intercept"	0.69444878
"0.65"	"0.8"	"0.15"	"0.01"	"0.005"	"0.01"	"100000"	"10000"	"200"	"7642237096719353"	35000	"slope"	-0.53853579
"0.65"	"0.8"	"0.15"	"0.01"	"0.005"	"0.01"	"100000"	"10000"	"200"	"7642237096719353"	35000	"intercept"	0.67415793
"0.65"	"0.8"	"0.15"	"0.01"	"0.005"	"0.01"	"100000"	"10000"	"200"	"7642237096719353"	40000	"slope"	-0.561140535
"0.65"	"0.8"	"0.15"	"0.01"	"0.005"	"0.01"	"100000"	"10000"	"200"	"7642237096719353"	40000	"intercept"	0.69215441
"0.65"	"0.8"	"0.15"	"0.01"	"0.005"	"0.01"	"100000"	"10000"	"200"	"7642237096719353"	45000	"slope"	-0.56902035
"0.65"	"0.8"	"0.15"	"0.01"	"0.005"	"0.01"	"100000"	"10000"	"200"	"7642237096719353"	45000	"intercept"	0.70116853
"0.65"	"0.8"	"0.15"	"0.01"	"0.005"	"0.01"	"100000"	"10000"	"200"	"7642237096719353"	50000	"slope"	-0.51871279
"0.65"	"0.8"	"0.15"	"0.01"	"0.005"	"0.01"	"100000"	"10000"	"200"	"7642237096719353"	50000	"intercept"	0.66339784
"0.65"	"0.8"	"0.15"	"0.01"	"0.005"	"0.01"	"100000"	"10000"	"200"	"7642237096719353"	55000	"slope"	-0.566350215
"0.65"	"0.8"	"0.15"	"0.01"	"0.005"	"0.01"	"100000"	"10000"	"200"	"7642237096719353"	55000	"intercept"	0.6944343
"0.65"	"0.8"	"0.15"	"0.01"	"0.005"	"0.01"	"100000"	"10000"	"200"	"7642237096719353"	60000	"slope"	-0.562827985
"0.65"	"0.8"	"0.15"	"0.01"	"0.005"	"0.01"	"100000"	"10000"	"200"	"7642237096719353"	60000	"intercept"	0.69214058
"0.65"	"0.8"	"0.15"	"0.01"	"0.005"	"0.01"	"100000"	"10000"	"200"	"7642237096719353"	65000	"slope"	-0.622987865
"0.65"	"0.8"	"0.15"	"0.01"	"0.005"	"0.01"	"100000"	"10000"	"200"	"7642237096719353"	65000	"intercept"	0.74489993
"0.65"	"0.8"	"0.15"	"0.01"	"0.005"	"0.01"	"100000"	"10000"	"200"	"7642237096719353"	70000	"slope"	-0.586475635
"0.65"	"0.8"	"0.15"	"0.01"	"0.005"	"0.01"	"100000"	"10000"	"200"	"7642237096719353"	70000	"intercept"	0.71645533
"0.65"	"0.8"	"0.15"	"0.01"	"0.005"	"0.01"	"100000"	"10000"	"200"	"7642237096719353"	75000	"slope"	-0.58234923
"0.65"	"0.8"	"0.15"	"0.01"	"0.005"	"0.01"	"100000"	"10000"	"200"	"7642237096719353"	75000	"intercept"	0.710971475
"0.65"	"0.8"	"0.15"	"0.01"	"0.005"	"0.01"	"100000"	"10000"	"200"	"7642237096719353"	80000	"slope"	-0.59330982
"0.65"	"0.8"	"0.15"	"0.01"	"0.005"	"0.01"	"100000"	"10000"	"200"	"7642237096719353"	80000	"intercept"	0.71579602
"0.65"	"0.8"	"0.15"	"0.01"	"0.005"	"0.01"	"100000"	"10000"	"200"	"7642237096719353"	85000	"slope"	-0.591876685
"0.65"	"0.8"	"0.15"	"0.01"	"0.005"	"0.01"	"100000"	"10000"	"200"	"7642237096719353"	85000	"intercept"	0.70724967
"0.65"	"0.8"	"0.15"	"0.01"	"0.005"	"0.01"	"100000"	"10000"	"200"	"7642237096719353"	90000	"slope"	-0.61284844
"0.65"	"0.8"	"0.15"	"0.01"	"0.005"	"0.01"	"100000"	"10000"	"200"	"7642237096719353"	90000	"intercept"	0.72809914
"0.65"	"0.8"	"0.15"	"0.01"	"0.005"	"0.01"	"100000"	"10000"	"200"	"7642237096719353"	95000	"slope"	-0.57687931
"0.65"	"0.8"	"0.15"	"0.01"	"0.005"	"0.01"	"100000"	"10000"	"200"	"7642237096719353"	95000	"intercept"	0.70211088
"0.65"	"0.8"	"0.15"	"0.01"	"0.005"	"0.01"	"100000"	"10000"	"200"	"7642237096719353"	100000	"slope"	-0.55341657
"0.65"	"0.8"	"0.15"	"0.01"	"0.005"	"0.01"	"100000"	"10000"	"200"	"7642237096719353"	100000	"intercept"	0.68454238
"0.75"	"0.0"	"0.15"	"0.01"	"0.005"	"0.01"	"100000"	"10000"	"200"	"1866489727954819638"	10	"slope"	0.00011129895
"0.75"	"0.0"	"0.15"	"0.01"	"0.005"	"0.01"	"100000"	"10000"	"200"	"1866489727954819638"	10	"intercept"	0.500018355
"0.75"	"0.0"	"0.15"	"0.01"	"0.005"	"0.01"	"100000"	"10000"	"200"	"1866489727954819638"	5000	"slope"	-0.0141101755945
"0.75"	"0.0"	"0.15"	"0.01"	"0.005"	"0.01"	"100000"	"10000"	"200"	"1866489727954819638"	5000	"intercept"	0.58870996
"0.75"	"0.0"	"0.15"	"0.01"	"0.005"	"0.01"	"100000"	"10000"	"200"	"1866489727954819638"	10000	"slope"	-0.056322592485
"0.75"	"0.0"	"0.15"	"0.01"	"0.005"	"0.01"	"100000"	"10000"	"200"	"1866489727954819638"	10000	"intercept"	0.604101685
"0.75"	"0.0"	"0.15"	"0.01"	"0.005"	"0.01"	"100000"	"10000"	"200"	"1866489727954819638"	15000	"slope"	-0.0638862383
"0.75"	"0.0"	"0.15"	"0.01"	"0.005"	"0.01"	"100000"	"10000"	"200"	"1866489727954819638"	15000	"intercept"	0.609358075
"0.75"	"0.0"	"0.15"	"0.01"	"0.005"	"0.01"	"100000"	"10000"	"200"	"1866489727954819638"	20000	"slope"	-0.09879146385
"0.75"	"0.0"	"0.15"	"0.01"	"0.005"	"0.01"	"100000"	"10000"	"200"	"1866489727954819638"	20000	"intercept"	0.633280735
"0.75"	"0.0"	"0.15"	"0.01"	"0.005"	"0.01"	"100000"	"10000"	"200"	"1866489727954819638"	25000	"slope"	-0.115403479
"0.75"	"0.0"	"0.15"	"0.01"	"0.005"	"0.01"	"100000"	"10000"	"200"	"1866489727954819638"	25000	"intercept"	0.638505495
"0.75"	"0.0"	"0.15"	"0.01"	"0.005"	"0.01"	"100000"	"10000"	"200"	"1866489727954819638"	30000	"slope"	-0.124786819
"0.75"	"0.0"	"0.15"	"0.01"	"0.005"	"0.01"	"100000"	"10000"	"200"	"1866489727954819638"	30000	"intercept"	0.65191211
"0.75"	"0.0"	"0.15"	"0.01"	"0.005"	"0.01"	"100000"	"10000"	"200"	"1866489727954819638"	35000	"slope"	-0.116643415
"0.75"	"0.0"	"0.15"	"0.01"	"0.005"	"0.01"	"100000"	"10000"	"200"	"1866489727954819638"	35000	"intercept"	0.64060972
"0.75"	"0.0"	"0.15"	"0.01"	"0.005"	"0.01"	"100000"	"10000"	"200"	"1866489727954819638"	40000	"slope"	-0.110082826315
"0.75"	"0.0"	"0.15"	"0.01"	"0.005"	"0.01"	"100000"	"10000"	"200"	"1866489727954819638"	40000	"intercept"	0.642093095
"0.75"	"0.0"	"0.15"	"0.01"	"0.005"	"0.01"	"100000"	"10000"	"200"	"1866489727954819638"	45000	"slope"	-0.10668445118
"0.75"	"0.0"	"0.15"	"0.01"	"0.005"	"0.01"	"100000"	"10000"	"200"	"1866489727954819638"	45000	"intercept"	0.63874778
"0.75"	"0.0"	"0.15"	"0.01"	"0.005"	"0.01"	"100000"	"10000"	"200"	"1866489727954819638"	50000	"slope"	-0.1179301392
"0.75"	"0.0"	"0.15"	"0.01"	"0.005"	"0.01"	"100000"	"10000"	"200"	"1866489727954819638"	50000	"intercept"	0.63827083
"0.75"	"0.0"	"0.15"	"0.01"	"0.005"	"0.01"	"100000"	"10000"	"200"	"1866489727954819638"	55000	"slope"	-0.12766481765
"0.75"	"0.0"	"0.15"	"0.01"	"0.005"	"0.01"	"100000"	"10000"	"200"	"1866489727954819638"	55000	"intercept"	0.638811235
"0.75"	"0.0"	"0.15"	"0.01"	"0.005"	"0.01"	"100000"	"10000"	"200"	"1866489727954819638"	60000	"slope"	-0.130061592
"0.75"	"0.0"	"0.15"	"0.01"	"0.005"	"0.01"	"100000"	"10000"	"200"	"1866489727954819638"	60000	"intercept"	0.64225777
"0.75"	"0.0"	"0.15"	"0.01"	"0.005"	"0.01"	"100000"	"10000"	"200"	"1866489727954819638"	65000	"slope"	-0.1220329965
"0.75"	"0.0"	"0.15"	"0.01"	"0.005"	"0.01"	"100000"	"10000"	"200"	"1866489727954819638"	65000	"intercept"	0.639147135
"0.75"	"0.0"	"0.15"	"0.01"	"0.005"	"0.01"	"100000"	"10000"	"200"	"1866489727954819638"	70000	"slope"	-0.1299869257
"0.75"	"0.0"	"0.15"	"0.01"	"0.005"	"0.01"	"100000"	"10000"	"200"	"1866489727954819638"	70000	"intercept"	0.652298335
"0.75"	"0.0"	"0.15"	"0.01"	"0.005"	"0.01"	"100000"	"10000"	"200"	"1866489727954819638"	75000	"slope"	-0.11369748565
"0.75"	"0.0"	"0.15"	"0.01"	"0.005"	"0.01"	"100000"	"10000"	"200"	"1866489727954819638"	75000	"intercept"	0.63761901
"0.75"	"0.0"	"0.15"	"0.01"	"0.005"	"0.01"	"100000"	"10000"	"200"	"1866489727954819638"	80000	"slope"	-0.15217861785
"0.75"	"0.0"	"0.15"	"0.01"	"0.005"	"0.01"	"100000"	"10000"	"200"	"1866489727954819638"	80000	"intercept"	0.65767927
"0.75"	"0.0"	"0.15"	"0.01"	"0.005"	"0.01"	"100000"	"10000"	"200"	"1866489727954819638"	85000	"slope"	-0.1147757135
"0.75"	"0.0"	"0.15"	"0.01"	"0.005"	"0.01"	"100000"	"10000"	"200"	"1866489727954819638"	85000	"intercept"	0.636029495
"0.75"	"0.0"	"0.15"	"0.01"	"0.005"	"0.01"	"100000"	"10000"	"200"	"1866489727954819638"	90000	"slope"	-0.0826898975
"0.75"	"0.0"	"0.15"	"0.01"	"0.005"	"0.01"	"100000"	"10000"	"200"	"1866489727954819638"	90000	"intercept"	0.622815255
"0.75"	"0.0"	"0.15"	"0.01"	"0.005"	"0.01"	"100000"	"10000"	"200"	"1866489727954819638"	95000	"slope"	-0.121292202
"0.75"	"0.0"	"0.15"	"0.01"	"0.005"	"0.01"	"100000"	"10000"	"200"	"1866489727954819638"	95000	"intercept"	0.64323688
"0.75"	"0.0"	"0.15"	"0.01"	"0.005"	"0.01"	"100000"	"10000"	"200"	"1866489727954819638"	100000	"slope"	-0.122010612
"0.75"	"0.0"	"0.15"	"0.01"	"0.005"	"0.01"	"100000"	"10000"	"200"	"1866489727954819638"	100000	"intercept"	0.64640752
"0.75"	"0.0"	"0.15"	"0.01"	"0.005"	"0.01"	"100000"	"10000"	"200"	"3111444777576370911"	10	"slope"	-0.0001142984
"0.75"	"0.0"	"0.15"	"0.01"	"0.005"	"0.01"	"100000"	"10000"	"200"	"3111444777576370911"	10	"intercept"	0.500018515
"0.75"	"0.0"	"0.15"	"0.01"	"0.005"	"0.01"	"100000"	"10000"	"200"	"3111444777576370911"	5000	"slope"	-0.016905828735
"0.75"	"0.0"	"0.15"	"0.01"	"0.005"	"0.01"	"100000"	"10000"	"200"	"3111444777576370911"	5000	"intercept"	0.58942393
"0.75"	"0.0"	"0.15"	"0.01"	"0.005"	"0.01"	"100000"	"10000"	"200"	"3111444777576370911"	10000	"slope"	-0.0534432496615
"0.75"	"0.0"	"0.15"	"0.01"	"0.005"	"0.01"	"100000"	"10000"	"200"	"3111444777576370911"	10000	"intercept"	0.59921336
"0.75"	"0.0"	"0.15"	"0.01"	"0.005"	"0.01"	"100000"	"10000"	"200"	"3111444777576370911"	15000	"slope"	-0.1109459122
"0.75"	"0.0"	"0.15"	"0.01"	"0.005"	"0.01"	"100000"	"10000"	"200"	"3111444777576370911"	15000	"intercept"	0.637112045
"0.75"	"0.0"	"0.15"	"0.01"	"0.005"	"0.01"	"100000"	"10000"	"200"	"3111444777576370911"	20000	"slope"	-0.108316058
"0.75"	"0.0"	"0.15"	"0.01"	"0.005"	"0.01"	"100000"	"10000"	"200"	"3111444777576370911"	20000	"intercept"	0.636843515
"0.75"	"0.0"	"0.15"	"0.01"	"0.005"	"0.01"	"100000"	"10000"	"200"	"3111444777576370911"	25000	"slope"	-0.0894467376
"0.75"	"0.0"	"0.15"	"0.01"	"0.005"	"0.01"	"100000"	"10000"	"200"	"3111444777576370911"	25000	"intercept"	0.62505003
"0.75"	"0.0"	"0.15"	"0.01"	"0.005"	"0.01"	"100000"	"10000"	"200"	"3111444777576370911"	30000	"slope"	-0.098112276
"0.75"	"0.0"	"0.15"	"0.01"	"0.005"	"0.01"	"100000"	"10000"	"200"	"3111444777576370911"	30000	"intercept"	0.63329867
"0.75"	"0.0"	"0.15"	"0.01"	"0.005"	"0.01"	"100000"	"10000"	"200"	"3111444777576370911"	35000	"slope"	-0.1077467805
"0.75"	"0.0"	"0.15"	"0.01"	"0.005"	"0.01"	"100000"	"10000"	"200"	"3111444777576370911"	35000	"intercept"	0.63457737
"0.75"	"0.0"	"0.15"	"0.01"	"0.005"	"0.01"	"100000"	"10000"	"200"	"3111444777576370911"	40000	"slope"	-0.131078852
"0.75"	"0.0"	"0.15"	"0.01"	"0.005"	"0.01"	"100000"	"10000"	"200"	"3111444777576370911"	40000	"intercept"	0.64163947
"0.75"	"0.0"	"0.15"	"0.01"	"0.005"	"0.01"	"100000"	"10000"	"200"	"3111444777576370911"	45000	"slope"	-0.112448873
"0.75"	"0.0"	"0.15"	"0.01"	"0.005"	"0.01"	"100000"	"10000"	"200"	"3111444777576370911"	45000	"intercept"	0.63827646
"0.75"	"0.0"	"0.15"	"0.01"	"0.005"	"0.01"	"100000"	"10000"	"200"	"3111444777576370911"	50000	"slope"	-0.146333691
"0.75"	"0.0"	"0.15"	"0.01"	"0.005"	"0.01"	"100000"	"10000"	"200"	"3111444777576370911"	50000	"intercept"	0.652982685
"0.75"	"0.0"	"0.15"	"0.01"	"0.005"	"0.01"	"100000"	"10000"	"200"	"3111444777576370911"	55000	"slope"	-0.100420144
"0.75"	"0.0"	"0.15"	"0.01"	"0.005"	"0.01"	"100000"	"10000"	"200"	"3111444777576370911"	55000	"intercept"	0.632074875
"0.75"	"0.0"	"0.15"	"0.01"	"0.005"	"0.01"	"100000"	"10000"	"200"	"3111444777576370911"	60000	"slope"	-0.1262727695
"0.75"	"0.0"	"0.15"	"0.01"	"0.005"	"0.01"	"100000"	"10000"	"200"	"3111444777576370911"	60000	"intercept"	0.640853545
"0.75"	"0.0"	"0.15"	"0.01"	"0.005"	"0.01"	"100000"	"10000"	"200"	"3111444777576370911"	65000	"slope"	-0.116056034
"0.75"	"0.0"	"0.15"	"0.01"	"0.005"	"0.01"	"100000"	"10000"	"200"	"3111444777576370911"	65000	"intercept"	0.64487817
"0.75"	"0.0"	"0.15"	"0.01"	"0.005"	"0.01"	"100000"	"10000"	"200"	"3111444777576370911"	70000	"slope"	-0.116346646
"0.75"	"0.0"	"0.15"	"0.01"	"0.005"	"0.01"	"100000"	"10000"	"200"	"3111444777576370911"	70000	"intercept"	0.634661715
"0.75"	"0.0"	"0.15"	"0.01"	"0.005"	"0.01"	"100000"	"10000"	"200"	"3111444777576370911"	75000	"slope"	-0.141964071
"0.75"	"0.0"	"0.15"	"0.01"	"0.005"	"0.01"	"100000"	"10000"	"200"	"3111444777576370911"	75000	"intercept"	0.649573945
"0.75"	"0.0"	"0.15"	"0.01"	"0.005"	"0.01"	"100000"	"10000"	"200"	"3111444777576370911"	80000	"slope"	-0.1279597115
"0.75"	"0.0"	"0.15"	"0.01"	"0.005"	"0.01"	"100000"	"10000"	"200"	"3111444777576370911"	80000	"intercept"	0.639772665
"0.75"	"0.0"	"0.15"	"0.01"	"0.005"	"0.01"	"100000"	"10000"	"200"	"3111444777576370911"	85000	"slope"	-0.10847902325
"0.75"	"0.0"	"0.15"	"0.01"	"0.005"	"0.01"	"100000"	"10000"	"200"	"3111444777576370911"	85000	"intercept"	0.62971074
"0.75"	"0.0"	"0.15"	"0.01"	"0.005"	"0.01"	"100000"	"10000"	"200"	"3111444777576370911"	90000	"slope"	-0.1189283618
"0.75"	"0.0"	"0.15"	"0.01"	"0.005"	"0.01"	"100000"	"10000"	"200"	"3111444777576370911"	90000	"intercept"	0.6406292
"0.75"	"0.0"	"0.15"	"0.01"	"0.005"	"0.01"	"100000"	"10000"	"200"	"3111444777576370911"	95000	"slope"	-0.0926479241
"0.75"	"0.0"	"0.15"	"0.01"	"0.005"	"0.01"	"100000"	"10000"	"200"	"3111444777576370911"	95000	"intercept"	0.631068355
"0.75"	"0.0"	"0.15"	"0.01"	"0.005"	"0.01"	"100000"	"10000"	"200"	"3111444777576370911"	100000	"slope"	-0.116386988
"0.75"	"0.0"	"0.15"	"0.01"	"0.005"	"0.01"	"100000"	"10000"	"200"	"3111444777576370911"	100000	"intercept"	0.63660205
"0.75"	"0.0"	"0.15"	"0.01"	"0.005"	"0.01"	"100000"	"10000"	"200"	"6598988765689142704"	10	"slope"	8.232822e-05
"0.75"	"0.0"	"0.15"	"0.01"	"0.005"	"0.01"	"100000"	"10000"	"200"	"6598988765689142704"	10	"intercept"	0.49988354
"0.75"	"0.0"	"0.15"	"0.01"	"0.005"	"0.01"	"100000"	"10000"	"200"	"6598988765689142704"	5000	"slope"	-0.00907142968
"0.75"	"0.0"	"0.15"	"0.01"	"0.005"	"0.01"	"100000"	"10000"	"200"	"6598988765689142704"	5000	"intercept"	0.58804604
"0.75"	"0.0"	"0.15"	"0.01"	"0.005"	"0.01"	"100000"	"10000"	"200"	"6598988765689142704"	10000	"slope"	-0.080089848935
"0.75"	"0.0"	"0.15"	"0.01"	"0.005"	"0.01"	"100000"	"10000"	"200"	"6598988765689142704"	10000	"intercept"	0.61352662
"0.75"	"0.0"	"0.15"	"0.01"	"0.005"	"0.01"	"100000"	"10000"	"200"	"6598988765689142704"	15000	"slope"	-0.0625241758
"0.75"	"0.0"	"0.15"	"0.01"	"0.005"	"0.01"	"100000"	"10000"	"200"	"6598988765689142704"	15000	"intercept"	0.612944145
"0.75"	"0.0"	"0.15"	"0.01"	"0.005"	"0.01"	"100000"	"10000"	"200"	"6598988765689142704"	20000	"slope"	-0.0850268905
"0.75"	"0.0"	"0.15"	"0.01"	"0.005"	"0.01"	"100000"	"10000"	"200"	"6598988765689142704"	20000	"intercept"	0.62947707
"0.75"	"0.0"	"0.15"	"0.01"	"0.005"	"0.01"	"100000"	"10000"	"200"	"6598988765689142704"	25000	"slope"	-0.10920694178
"0.75"	"0.0"	"0.15"	"0.01"	"0.005"	"0.01"	"100000"	"10000"	"200"	"6598988765689142704"	25000	"intercept"	0.63226619
"0.75"	"0.0"	"0.15"	"0.01"	"0.005"	"0.01"	"100000"	"10000"	"200"	"6598988765689142704"	30000	"slope"	-0.1044006585
"0.75"	"0.0"	"0.15"	"0.01"	"0.005"	"0.01"	"100000"	"10000"	"200"	"6598988765689142704"	30000	"intercept"	0.63363023
"0.75"	"0.0"	"0.15"	"0.01"	"0.005"	"0.01"	"100000"	"10000"	"200"	"6598988765689142704"	35000	"slope"	-0.117433762
"0.75"	"0.0"	"0.15"	"0.01"	"0.005"	"0.01"	"100000"	"10000"	"200"	"6598988765689142704"	35000	"intercept"	0.642139355
"0.75"	"0.0"	"0.15"	"0.01"	"0.005"	"0.01"	"100000"	"10000"	"200"	"6598988765689142704"	40000	"slope"	-0.09784651795
"0.75"	"0.0"	"0.15"	"0.01"	"0.005"	"0.01"	"100000"	"10000"	"200"	"6598988765689142704"	40000	"intercept"	0.629274835
"0.75"	"0.0"	"0.15"	"0.01"	"0.005"	"0.01"	"100000"	"10000"	"200"	"6598988765689142704"	45000	"slope"	-0.08916264255
"0.75"	"0.0"	"0.15"	"0.01"	"0.005"	"0.01"	"100000"	"10000"	"200"	"6598988765689142704"	45000	"intercept"	0.622948225
"0.75"	"0.0"	"0.15"	"0.01"	"0.005"	"0.01"	"100000"	"10000"	"200"	"6598988765689142704"	50000	"slope"	-0.1070620435
"0.75"	"0.0"	"0.15"	"0.01"	"0.005"	"0.01"	"100000"	"10000"	"200"	"6598988765689142704"	50000	"intercept"	0.629369615
"0.75"	"0.0"	"0.15"	"0.01"	"0.005"	"0.01"	"100000"	"10000"	"200"	"6598988765689142704"	55000	"slope"	-0.11147802705
"0.75"	"0.0"	"0.15"	"0.01"	"0.005"	"0.01"	"100000"	"10000"	"200"	"6598988765689142704"	55000	"intercept"	0.63287944
"0.75"	"0.0"	"0.15"	"0.01"	"0.005"	"0.01"	"100000"	"10000"	"200"	"6598988765689142704"	60000	"slope"	-0.11997549975
"0.75"	"0.0"	"0.15"	"0.01"	"0.005"	"0.01"	"100000"	"10000"	"200"	"6598988765689142704"	60000	"intercept"	0.629733495
"0.75"	"0.0"	"0.15"	"0.01"	"0.005"	"0.01"	"100000"	"10000"	"200"	"6598988765689142704"	65000	"slope"	-0.10350628525
"0.75"	"0.0"	"0.15"	"0.01"	"0.005"	"0.01"	"100000"	"10000"	"200"	"6598988765689142704"	65000	"intercept"	0.632830825
"0.75"	"0.0"	"0.15"	"0.01"	"0.005"	"0.01"	"100000"	"10000"	"200"	"6598988765689142704"	70000	"slope"	-0.129813475
"0.75"	"0.0"	"0.15"	"0.01"	"0.005"	"0.01"	"100000"	"10000"	"200"	"6598988765689142704"	70000	"intercept"	0.6379461
"0.75"	"0.0"	"0.15"	"0.01"	"0.005"	"0.01"	"100000"	"10000"	"200"	"6598988765689142704"	75000	"slope"	-0.1402755465
"0.75"	"0.0"	"0.15"	"0.01"	"0.005"	"0.01"	"100000"	"10000"	"200"	"6598988765689142704"	75000	"intercept"	0.64546333
"0.75"	"0.0"	"0.15"	"0.01"	"0.005"	"0.01"	"100000"	"10000"	"200"	"6598988765689142704"	80000	"slope"	-0.116671632
"0.75"	"0.0"	"0.15"	"0.01"	"0.005"	"0.01"	"100000"	"10000"	"200"	"6598988765689142704"	80000	"intercept"	0.63484846
"0.75"	"0.0"	"0.15"	"0.01"	"0.005"	"0.01"	"100000"	"10000"	"200"	"6598988765689142704"	85000	"slope"	-0.088501325282
"0.75"	"0.0"	"0.15"	"0.01"	"0.005"	"0.01"	"100000"	"10000"	"200"	"6598988765689142704"	85000	"intercept"	0.620118795
"0.75"	"0.0"	"0.15"	"0.01"	"0.005"	"0.01"	"100000"	"10000"	"200"	"6598988765689142704"	90000	"slope"	-0.1182429655
"0.75"	"0.0"	"0.15"	"0.01"	"0.005"	"0.01"	"100000"	"10000"	"200"	"6598988765689142704"	90000	"intercept"	0.64277446
"0.75"	"0.0"	"0.15"	"0.01"	"0.005"	"0.01"	"100000"	"10000"	"200"	"6598988765689142704"	95000	"slope"	-0.09867349008
"0.75"	"0.0"	"0.15"	"0.01"	"0.005"	"0.01"	"100000"	"10000"	"200"	"6598988765689142704"	95000	"intercept"	0.62685731
"0.75"	"0.0"	"0.15"	"0.01"	"0.005"	"0.01"	"100000"	"10000"	"200"	"6598988765689142704"	100000	"slope"	-0.09833720605
"0.75"	"0.0"	"0.15"	"0.01"	"0.005"	"0.01"	"100000"	"10000"	"200"	"6598988765689142704"	100000	"intercept"	0.62800485
"0.75"	"0.4"	"0.15"	"0.01"	"0.005"	"0.01"	"100000"	"10000"	"200"	"151579216579684041"	10	"slope"	-6.936106e-05
"0.75"	"0.4"	"0.15"	"0.01"	"0.005"	"0.01"	"100000"	"10000"	"200"	"151579216579684041"	10	"intercept"	0.50002473
"0.75"	"0.4"	"0.15"	"0.01"	"0.005"	"0.01"	"100000"	"10000"	"200"	"151579216579684041"	5000	"slope"	-0.064368082915
"0.75"	"0.4"	"0.15"	"0.01"	"0.005"	"0.01"	"100000"	"10000"	"200"	"151579216579684041"	5000	"intercept"	0.546623425
"0.75"	"0.4"	"0.15"	"0.01"	"0.005"	"0.01"	"100000"	"10000"	"200"	"151579216579684041"	10000	"slope"	-0.1563779325
"0.75"	"0.4"	"0.15"	"0.01"	"0.005"	"0.01"	"100000"	"10000"	"200"	"151579216579684041"	10000	"intercept"	0.59174199
"0.75"	"0.4"	"0.15"	"0.01"	"0.005"	"0.01"	"100000"	"10000"	"200"	"151579216579684041"	15000	"slope"	-0.181651775
"0.75"	"0.4"	"0.15"	"0.01"	"0.005"	"0.01"	"100000"	"10000"	"200"	"151579216579684041"	15000	"intercept"	0.603796125
"0.75"	"0.4"	"0.15"	"0.01"	"0.005"	"0.01"	"100000"	"10000"	"200"	"151579216579684041"	20000	"slope"	-0.219775285
"0.75"	"0.4"	"0.15"	"0.01"	"0.005"	"0.01"	"100000"	"10000"	"200"	"151579216579684041"	20000	"intercept"	0.631028595
"0.75"	"0.4"	"0.15"	"0.01"	"0.005"	"0.01"	"100000"	"10000"	"200"	"151579216579684041"	25000	"slope"	-0.258108405
"0.75"	"0.4"	"0.15"	"0.01"	"0.005"	"0.01"	"100000"	"10000"	"200"	"151579216579684041"	25000	"intercept"	0.64902828
"0.75"	"0.4"	"0.15"	"0.01"	"0.005"	"0.01"	"100000"	"10000"	"200"	"151579216579684041"	30000	"slope"	-0.2779674
"0.75"	"0.4"	"0.15"	"0.01"	"0.005"	"0.01"	"100000"	"10000"	"200"	"151579216579684041"	30000	"intercept"	0.65575506
"0.75"	"0.4"	"0.15"	"0.01"	"0.005"	"0.01"	"100000"	"10000"	"200"	"151579216579684041"	35000	"slope"	-0.272424575
"0.75"	"0.4"	"0.15"	"0.01"	"0.005"	"0.01"	"100000"	"10000"	"200"	"151579216579684041"	35000	"intercept"	0.648808415
"0.75"	"0.4"	"0.15"	"0.01"	"0.005"	"0.01"	"100000"	"10000"	"200"	"151579216579684041"	40000	"slope"	-0.26864435
"0.75"	"0.4"	"0.15"	"0.01"	"0.005"	"0.01"	"100000"	"10000"	"200"	"151579216579684041"	40000	"intercept"	0.640389425
"0.75"	"0.4"	"0.15"	"0.01"	"0.005"	"0.01"	"100000"	"10000"	"200"	"151579216579684041"	45000	"slope"	-0.26231105
"0.75"	"0.4"	"0.15"	"0.01"	"0.005"	"0.01"	"100000"	"10000"	"200"	"151579216579684041"	45000	"intercept"	0.6435184
"0.75"	"0.4"	"0.15"	"0.01"	"0.005"	"0.01"	"100000"	"10000"	"200"	"151579216579684041"	50000	"slope"	-0.270252515
"0.75"	"0.4"	"0.15"	"0.01"	"0.005"	"0.01"	"100000"	"10000"	"200"	"151579216579684041"	50000	"intercept"	0.6491339
"0.75"	"0.4"	"0.15"	"0.01"	"0.005"	"0.01"	"100000"	"10000"	"200"	"151579216579684041"	55000	"slope"	-0.28962816
"0.75"	"0.4"	"0.15"	"0.01"	"0.005"	"0.01"	"100000"	"10000"	"200"	"151579216579684041"	55000	"intercept"	0.6567878
"0.75"	"0.4"	"0.15"	"0.01"	"0.005"	"0.01"	"100000"	"10000"	"200"	"151579216579684041"	60000	"slope"	-0.293099115
"0.75"	"0.4"	"0.15"	"0.01"	"0.005"	"0.01"	"100000"	"10000"	"200"	"151579216579684041"	60000	"intercept"	0.65923331
"0.75"	"0.4"	"0.15"	"0.01"	"0.005"	"0.01"	"100000"	"10000"	"200"	"151579216579684041"	65000	"slope"	-0.29099137
"0.75"	"0.4"	"0.15"	"0.01"	"0.005"	"0.01"	"100000"	"10000"	"200"	"151579216579684041"	65000	"intercept"	0.661331255
"0.75"	"0.4"	"0.15"	"0.01"	"0.005"	"0.01"	"100000"	"10000"	"200"	"151579216579684041"	70000	"slope"	-0.28066087
"0.75"	"0.4"	"0.15"	"0.01"	"0.005"	"0.01"	"100000"	"10000"	"200"	"151579216579684041"	70000	"intercept"	0.660385265
"0.75"	"0.4"	"0.15"	"0.01"	"0.005"	"0.01"	"100000"	"10000"	"200"	"151579216579684041"	75000	"slope"	-0.290212925
"0.75"	"0.4"	"0.15"	"0.01"	"0.005"	"0.01"	"100000"	"10000"	"200"	"151579216579684041"	75000	"intercept"	0.65615077
"0.75"	"0.4"	"0.15"	"0.01"	"0.005"	"0.01"	"100000"	"10000"	"200"	"151579216579684041"	80000	"slope"	-0.280740825
"0.75"	"0.4"	"0.15"	"0.01"	"0.005"	"0.01"	"100000"	"10000"	"200"	"151579216579684041"	80000	"intercept"	0.65975955
"0.75"	"0.4"	"0.15"	"0.01"	"0.005"	"0.01"	"100000"	"10000"	"200"	"151579216579684041"	85000	"slope"	-0.2537273
"0.75"	"0.4"	"0.15"	"0.01"	"0.005"	"0.01"	"100000"	"10000"	"200"	"151579216579684041"	85000	"intercept"	0.638455235
"0.75"	"0.4"	"0.15"	"0.01"	"0.005"	"0.01"	"100000"	"10000"	"200"	"151579216579684041"	90000	"slope"	-0.26699564
"0.75"	"0.4"	"0.15"	"0.01"	"0.005"	"0.01"	"100000"	"10000"	"200"	"151579216579684041"	90000	"intercept"	0.64861173
"0.75"	"0.4"	"0.15"	"0.01"	"0.005"	"0.01"	"100000"	"10000"	"200"	"151579216579684041"	95000	"slope"	-0.277790715
"0.75"	"0.4"	"0.15"	"0.01"	"0.005"	"0.01"	"100000"	"10000"	"200"	"151579216579684041"	95000	"intercept"	0.65094336
"0.75"	"0.4"	"0.15"	"0.01"	"0.005"	"0.01"	"100000"	"10000"	"200"	"151579216579684041"	100000	"slope"	-0.307214815
"0.75"	"0.4"	"0.15"	"0.01"	"0.005"	"0.01"	"100000"	"10000"	"200"	"151579216579684041"	100000	"intercept"	0.66484468
"0.75"	"0.4"	"0.15"	"0.01"	"0.005"	"0.01"	"100000"	"10000"	"200"	"5752001619835321549"	10	"slope"	5.23446145e-05
"0.75"	"0.4"	"0.15"	"0.01"	"0.005"	"0.01"	"100000"	"10000"	"200"	"5752001619835321549"	10	"intercept"	0.500099625
"0.75"	"0.4"	"0.15"	"0.01"	"0.005"	"0.01"	"100000"	"10000"	"200"	"5752001619835321549"	5000	"slope"	-0.05741584385
"0.75"	"0.4"	"0.15"	"0.01"	"0.005"	"0.01"	"100000"	"10000"	"200"	"5752001619835321549"	5000	"intercept"	0.54507544
"0.75"	"0.4"	"0.15"	"0.01"	"0.005"	"0.01"	"100000"	"10000"	"200"	"5752001619835321549"	10000	"slope"	-0.129096658
"0.75"	"0.4"	"0.15"	"0.01"	"0.005"	"0.01"	"100000"	"10000"	"200"	"5752001619835321549"	10000	"intercept"	0.58425679
"0.75"	"0.4"	"0.15"	"0.01"	"0.005"	"0.01"	"100000"	"10000"	"200"	"5752001619835321549"	15000	"slope"	-0.22633693
"0.75"	"0.4"	"0.15"	"0.01"	"0.005"	"0.01"	"100000"	"10000"	"200"	"5752001619835321549"	15000	"intercept"	0.63140024
"0.75"	"0.4"	"0.15"	"0.01"	"0.005"	"0.01"	"100000"	"10000"	"200"	"5752001619835321549"	20000	"slope"	-0.243243675
"0.75"	"0.4"	"0.15"	"0.01"	"0.005"	"0.01"	"100000"	"10000"	"200"	"5752001619835321549"	20000	"intercept"	0.62742886
"0.75"	"0.4"	"0.15"	"0.01"	"0.005"	"0.01"	"100000"	"10000"	"200"	"5752001619835321549"	25000	"slope"	-0.294018505
"0.75"	"0.4"	"0.15"	"0.01"	"0.005"	"0.01"	"100000"	"10000"	"200"	"5752001619835321549"	25000	"intercept"	0.65762571
"0.75"	"0.4"	"0.15"	"0.01"	"0.005"	"0.01"	"100000"	"10000"	"200"	"5752001619835321549"	30000	"slope"	-0.267767655
"0.75"	"0.4"	"0.15"	"0.01"	"0.005"	"0.01"	"100000"	"10000"	"200"	"5752001619835321549"	30000	"intercept"	0.65708943
"0.75"	"0.4"	"0.15"	"0.01"	"0.005"	"0.01"	"100000"	"10000"	"200"	"5752001619835321549"	35000	"slope"	-0.29042506
"0.75"	"0.4"	"0.15"	"0.01"	"0.005"	"0.01"	"100000"	"10000"	"200"	"5752001619835321549"	35000	"intercept"	0.664215
"0.75"	"0.4"	"0.15"	"0.01"	"0.005"	"0.01"	"100000"	"10000"	"200"	"5752001619835321549"	40000	"slope"	-0.26812219
"0.75"	"0.4"	"0.15"	"0.01"	"0.005"	"0.01"	"100000"	"10000"	"200"	"5752001619835321549"	40000	"intercept"	0.644328355
"0.75"	"0.4"	"0.15"	"0.01"	"0.005"	"0.01"	"100000"	"10000"	"200"	"5752001619835321549"	45000	"slope"	-0.278960615
"0.75"	"0.4"	"0.15"	"0.01"	"0.005"	"0.01"	"100000"	"10000"	"200"	"5752001619835321549"	45000	"intercept"	0.650769165
"0.75"	"0.4"	"0.15"	"0.01"	"0.005"	"0.01"	"100000"	"10000"	"200"	"5752001619835321549"	50000	"slope"	-0.287493955
"0.75"	"0.4"	"0.15"	"0.01"	"0.005"	"0.01"	"100000"	"10000"	"200"	"5752001619835321549"	50000	"intercept"	0.66282602
"0.75"	"0.4"	"0.15"	"0.01"	"0.005"	"0.01"	"100000"	"10000"	"200"	"5752001619835321549"	55000	"slope"	-0.298951405
"0.75"	"0.4"	"0.15"	"0.01"	"0.005"	"0.01"	"100000"	"10000"	"200"	"5752001619835321549"	55000	"intercept"	0.65467898
"0.75"	"0.4"	"0.15"	"0.01"	"0.005"	"0.01"	"100000"	"10000"	"200"	"5752001619835321549"	60000	"slope"	-0.23188497
"0.75"	"0.4"	"0.15"	"0.01"	"0.005"	"0.01"	"100000"	"10000"	"200"	"5752001619835321549"	60000	"intercept"	0.62813705
"0.75"	"0.4"	"0.15"	"0.01"	"0.005"	"0.01"	"100000"	"10000"	"200"	"5752001619835321549"	65000	"slope"	-0.22741126
"0.75"	"0.4"	"0.15"	"0.01"	"0.005"	"0.01"	"100000"	"10000"	"200"	"5752001619835321549"	65000	"intercept"	0.62848009
"0.75"	"0.4"	"0.15"	"0.01"	"0.005"	"0.01"	"100000"	"10000"	"200"	"5752001619835321549"	70000	"slope"	-0.24100867
"0.75"	"0.4"	"0.15"	"0.01"	"0.005"	"0.01"	"100000"	"10000"	"200"	"5752001619835321549"	70000	"intercept"	0.633529115
"0.75"	"0.4"	"0.15"	"0.01"	"0.005"	"0.01"	"100000"	"10000"	"200"	"5752001619835321549"	75000	"slope"	-0.279754295
"0.75"	"0.4"	"0.15"	"0.01"	"0.005"	"0.01"	"100000"	"10000"	"200"	"5752001619835321549"	75000	"intercept"	0.650837775
"0.75"	"0.4"	"0.15"	"0.01"	"0.005"	"0.01"	"100000"	"10000"	"200"	"5752001619835321549"	80000	"slope"	-0.25725175
"0.75"	"0.4"	"0.15"	"0.01"	"0.005"	"0.01"	"100000"	"10000"	"200"	"5752001619835321549"	80000	"intercept"	0.63945357
"0.75"	"0.4"	"0.15"	"0.01"	"0.005"	"0.01"	"100000"	"10000"	"200"	"5752001619835321549"	85000	"slope"	-0.262934605
"0.75"	"0.4"	"0.15"	"0.01"	"0.005"	"0.01"	"100000"	"10000"	"200"	"5752001619835321549"	85000	"intercept"	0.644585475
"0.75"	"0.4"	"0.15"	"0.01"	"0.005"	"0.01"	"100000"	"10000"	"200"	"5752001619835321549"	90000	"slope"	-0.243442085
"0.75"	"0.4"	"0.15"	"0.01"	"0.005"	"0.01"	"100000"	"10000"	"200"	"5752001619835321549"	90000	"intercept"	0.63151763
"0.75"	"0.4"	"0.15"	"0.01"	"0.005"	"0.01"	"100000"	"10000"	"200"	"5752001619835321549"	95000	"slope"	-0.290457895
"0.75"	"0.4"	"0.15"	"0.01"	"0.005"	"0.01"	"100000"	"10000"	"200"	"5752001619835321549"	95000	"intercept"	0.664704905
"0.75"	"0.4"	"0.15"	"0.01"	"0.005"	"0.01"	"100000"	"10000"	"200"	"5752001619835321549"	100000	"slope"	-0.29507841
"0.75"	"0.4"	"0.15"	"0.01"	"0.005"	"0.01"	"100000"	"10000"	"200"	"5752001619835321549"	100000	"intercept"	0.66097091
"0.75"	"0.4"	"0.15"	"0.01"	"0.005"	"0.01"	"100000"	"10000"	"200"	"991493451931437706"	10	"slope"	4.7305235e-05
"0.75"	"0.4"	"0.15"	"0.01"	"0.005"	"0.01"	"100000"	"10000"	"200"	"991493451931437706"	10	"intercept"	0.499903755
"0.75"	"0.4"	"0.15"	"0.01"	"0.005"	"0.01"	"100000"	"10000"	"200"	"991493451931437706"	5000	"slope"	-0.0522247155
"0.75"	"0.4"	"0.15"	"0.01"	"0.005"	"0.01"	"100000"	"10000"	"200"	"991493451931437706"	5000	"intercept"	0.538303135
"0.75"	"0.4"	"0.15"	"0.01"	"0.005"	"0.01"	"100000"	"10000"	"200"	"991493451931437706"	10000	"slope"	-0.136789318
"0.75"	"0.4"	"0.15"	"0.01"	"0.005"	"0.01"	"100000"	"10000"	"200"	"991493451931437706"	10000	"intercept"	0.58248095
"0.75"	"0.4"	"0.15"	"0.01"	"0.005"	"0.01"	"100000"	"10000"	"200"	"991493451931437706"	15000	"slope"	-0.19342036
"0.75"	"0.4"	"0.15"	"0.01"	"0.005"	"0.01"	"100000"	"10000"	"200"	"991493451931437706"	15000	"intercept"	0.608804325
"0.75"	"0.4"	"0.15"	"0.01"	"0.005"	"0.01"	"100000"	"10000"	"200"	"991493451931437706"	20000	"slope"	-0.244385165
"0.75"	"0.4"	"0.15"	"0.01"	"0.005"	"0.01"	"100000"	"10000"	"200"	"991493451931437706"	20000	"intercept"	0.63643376
"0.75"	"0.4"	"0.15"	"0.01"	"0.005"	"0.01"	"100000"	"10000"	"200"	"991493451931437706"	25000	"slope"	-0.221669773
"0.75"	"0.4"	"0.15"	"0.01"	"0.005"	"0.01"	"100000"	"10000"	"200"	"991493451931437706"	25000	"intercept"	0.62200372
"0.75"	"0.4"	"0.15"	"0.01"	"0.005"	"0.01"	"100000"	"10000"	"200"	"991493451931437706"	30000	"slope"	-0.244790516
"0.75"	"0.4"	"0.15"	"0.01"	"0.005"	"0.01"	"100000"	"10000"	"200"	"991493451931437706"	30000	"intercept"	0.63484094
"0.75"	"0.4"	"0.15"	"0.01"	"0.005"	"0.01"	"100000"	"10000"	"200"	"991493451931437706"	35000	"slope"	-0.294694125
"0.75"	"0.4"	"0.15"	"0.01"	"0.005"	"0.01"	"100000"	"10000"	"200"	"991493451931437706"	35000	"intercept"	0.657674505
"0.75"	"0.4"	"0.15"	"0.01"	"0.005"	"0.01"	"100000"	"10000"	"200"	"991493451931437706"	40000	"slope"	-0.280460915
"0.75"	"0.4"	"0.15"	"0.01"	"0.005"	"0.01"	"100000"	"10000"	"200"	"991493451931437706"	40000	"intercept"	0.652557655
"0.75"	"0.4"	"0.15"	"0.01"	"0.005"	"0.01"	"100000"	"10000"	"200"	"991493451931437706"	45000	"slope"	-0.27414254
"0.75"	"0.4"	"0.15"	"0.01"	"0.005"	"0.01"	"100000"	"10000"	"200"	"991493451931437706"	45000	"intercept"	0.64623546
"0.75"	"0.4"	"0.15"	"0.01"	"0.005"	"0.01"	"100000"	"10000"	"200"	"991493451931437706"	50000	"slope"	-0.26342321
"0.75"	"0.4"	"0.15"	"0.01"	"0.005"	"0.01"	"100000"	"10000"	"200"	"991493451931437706"	50000	"intercept"	0.643070145
"0.75"	"0.4"	"0.15"	"0.01"	"0.005"	"0.01"	"100000"	"10000"	"200"	"991493451931437706"	55000	"slope"	-0.302428055
"0.75"	"0.4"	"0.15"	"0.01"	"0.005"	"0.01"	"100000"	"10000"	"200"	"991493451931437706"	55000	"intercept"	0.658872725
"0.75"	"0.4"	"0.15"	"0.01"	"0.005"	"0.01"	"100000"	"10000"	"200"	"991493451931437706"	60000	"slope"	-0.29962412
"0.75"	"0.4"	"0.15"	"0.01"	"0.005"	"0.01"	"100000"	"10000"	"200"	"991493451931437706"	60000	"intercept"	0.66219101
"0.75"	"0.4"	"0.15"	"0.01"	"0.005"	"0.01"	"100000"	"10000"	"200"	"991493451931437706"	65000	"slope"	-0.32315437
"0.75"	"0.4"	"0.15"	"0.01"	"0.005"	"0.01"	"100000"	"10000"	"200"	"991493451931437706"	65000	"intercept"	0.681094435
"0.75"	"0.4"	"0.15"	"0.01"	"0.005"	"0.01"	"100000"	"10000"	"200"	"991493451931437706"	70000	"slope"	-0.312699995
"0.75"	"0.4"	"0.15"	"0.01"	"0.005"	"0.01"	"100000"	"10000"	"200"	"991493451931437706"	70000	"intercept"	0.67153969
"0.75"	"0.4"	"0.15"	"0.01"	"0.005"	"0.01"	"100000"	"10000"	"200"	"991493451931437706"	75000	"slope"	-0.294119715
"0.75"	"0.4"	"0.15"	"0.01"	"0.005"	"0.01"	"100000"	"10000"	"200"	"991493451931437706"	75000	"intercept"	0.659717425
"0.75"	"0.4"	"0.15"	"0.01"	"0.005"	"0.01"	"100000"	"10000"	"200"	"991493451931437706"	80000	"slope"	-0.285795605
"0.75"	"0.4"	"0.15"	"0.01"	"0.005"	"0.01"	"100000"	"10000"	"200"	"991493451931437706"	80000	"intercept"	0.653653555
"0.75"	"0.4"	"0.15"	"0.01"	"0.005"	"0.01"	"100000"	"10000"	"200"	"991493451931437706"	85000	"slope"	-0.289392655
"0.75"	"0.4"	"0.15"	"0.01"	"0.005"	"0.01"	"100000"	"10000"	"200"	"991493451931437706"	85000	"intercept"	0.655766695
"0.75"	"0.4"	"0.15"	"0.01"	"0.005"	"0.01"	"100000"	"10000"	"200"	"991493451931437706"	90000	"slope"	-0.289214415
"0.75"	"0.4"	"0.15"	"0.01"	"0.005"	"0.01"	"100000"	"10000"	"200"	"991493451931437706"	90000	"intercept"	0.65534185
"0.75"	"0.4"	"0.15"	"0.01"	"0.005"	"0.01"	"100000"	"10000"	"200"	"991493451931437706"	95000	"slope"	-0.300287115
"0.75"	"0.4"	"0.15"	"0.01"	"0.005"	"0.01"	"100000"	"10000"	"200"	"991493451931437706"	95000	"intercept"	0.66539405
"0.75"	"0.4"	"0.15"	"0.01"	"0.005"	"0.01"	"100000"	"10000"	"200"	"991493451931437706"	100000	"slope"	-0.271811975
"0.75"	"0.4"	"0.15"	"0.01"	"0.005"	"0.01"	"100000"	"10000"	"200"	"991493451931437706"	100000	"intercept"	0.65321106
"0.75"	"0.6"	"0.15"	"0.01"	"0.005"	"0.01"	"100000"	"10000"	"200"	"3671803708155340224"	10	"slope"	4.68625065e-05
"0.75"	"0.6"	"0.15"	"0.01"	"0.005"	"0.01"	"100000"	"10000"	"200"	"3671803708155340224"	10	"intercept"	0.49995582
"0.75"	"0.6"	"0.15"	"0.01"	"0.005"	"0.01"	"100000"	"10000"	"200"	"3671803708155340224"	5000	"slope"	-0.0933569435
"0.75"	"0.6"	"0.15"	"0.01"	"0.005"	"0.01"	"100000"	"10000"	"200"	"3671803708155340224"	5000	"intercept"	0.509969525
"0.75"	"0.6"	"0.15"	"0.01"	"0.005"	"0.01"	"100000"	"10000"	"200"	"3671803708155340224"	10000	"slope"	-0.194286865
"0.75"	"0.6"	"0.15"	"0.01"	"0.005"	"0.01"	"100000"	"10000"	"200"	"3671803708155340224"	10000	"intercept"	0.55691542
"0.75"	"0.6"	"0.15"	"0.01"	"0.005"	"0.01"	"100000"	"10000"	"200"	"3671803708155340224"	15000	"slope"	-0.296084255
"0.75"	"0.6"	"0.15"	"0.01"	"0.005"	"0.01"	"100000"	"10000"	"200"	"3671803708155340224"	15000	"intercept"	0.60822021
"0.75"	"0.6"	"0.15"	"0.01"	"0.005"	"0.01"	"100000"	"10000"	"200"	"3671803708155340224"	20000	"slope"	-0.30928565
"0.75"	"0.6"	"0.15"	"0.01"	"0.005"	"0.01"	"100000"	"10000"	"200"	"3671803708155340224"	20000	"intercept"	0.620906015
"0.75"	"0.6"	"0.15"	"0.01"	"0.005"	"0.01"	"100000"	"10000"	"200"	"3671803708155340224"	25000	"slope"	-0.347119735
"0.75"	"0.6"	"0.15"	"0.01"	"0.005"	"0.01"	"100000"	"10000"	"200"	"3671803708155340224"	25000	"intercept"	0.643528245
"0.75"	"0.6"	"0.15"	"0.01"	"0.005"	"0.01"	"100000"	"10000"	"200"	"3671803708155340224"	30000	"slope"	-0.386014375
"0.75"	"0.6"	"0.15"	"0.01"	"0.005"	"0.01"	"100000"	"10000"	"200"	"3671803708155340224"	30000	"intercept"	0.65575909
"0.75"	"0.6"	"0.15"	"0.01"	"0.005"	"0.01"	"100000"	"10000"	"200"	"3671803708155340224"	35000	"slope"	-0.401578135
"0.75"	"0.6"	"0.15"	"0.01"	"0.005"	"0.01"	"100000"	"10000"	"200"	"3671803708155340224"	35000	"intercept"	0.69324454
"0.75"	"0.6"	"0.15"	"0.01"	"0.005"	"0.01"	"100000"	"10000"	"200"	"3671803708155340224"	40000	"slope"	-0.412355995
"0.75"	"0.6"	"0.15"	"0.01"	"0.005"	"0.01"	"100000"	"10000"	"200"	"3671803708155340224"	40000	"intercept"	0.679594135
"0.75"	"0.6"	"0.15"	"0.01"	"0.005"	"0.01"	"100000"	"10000"	"200"	"3671803708155340224"	45000	"slope"	-0.41771516
"0.75"	"0.6"	"0.15"	"0.01"	"0.005"	"0.01"	"100000"	"10000"	"200"	"3671803708155340224"	45000	"intercept"	0.68809938
"0.75"	"0.6"	"0.15"	"0.01"	"0.005"	"0.01"	"100000"	"10000"	"200"	"3671803708155340224"	50000	"slope"	-0.413462505
"0.75"	"0.6"	"0.15"	"0.01"	"0.005"	"0.01"	"100000"	"10000"	"200"	"3671803708155340224"	50000	"intercept"	0.675783745
"0.75"	"0.6"	"0.15"	"0.01"	"0.005"	"0.01"	"100000"	"10000"	"200"	"3671803708155340224"	55000	"slope"	-0.4160411
"0.75"	"0.6"	"0.15"	"0.01"	"0.005"	"0.01"	"100000"	"10000"	"200"	"3671803708155340224"	55000	"intercept"	0.677693755
"0.75"	"0.6"	"0.15"	"0.01"	"0.005"	"0.01"	"100000"	"10000"	"200"	"3671803708155340224"	60000	"slope"	-0.39002491
"0.75"	"0.6"	"0.15"	"0.01"	"0.005"	"0.01"	"100000"	"10000"	"200"	"3671803708155340224"	60000	"intercept"	0.669821845
"0.75"	"0.6"	"0.15"	"0.01"	"0.005"	"0.01"	"100000"	"10000"	"200"	"3671803708155340224"	65000	"slope"	-0.404226085
"0.75"	"0.6"	"0.15"	"0.01"	"0.005"	"0.01"	"100000"	"10000"	"200"	"3671803708155340224"	65000	"intercept"	0.676222735
"0.75"	"0.6"	"0.15"	"0.01"	"0.005"	"0.01"	"100000"	"10000"	"200"	"3671803708155340224"	70000	"slope"	-0.39204105
"0.75"	"0.6"	"0.15"	"0.01"	"0.005"	"0.01"	"100000"	"10000"	"200"	"3671803708155340224"	70000	"intercept"	0.67289918
"0.75"	"0.6"	"0.15"	"0.01"	"0.005"	"0.01"	"100000"	"10000"	"200"	"3671803708155340224"	75000	"slope"	-0.412868315
"0.75"	"0.6"	"0.15"	"0.01"	"0.005"	"0.01"	"100000"	"10000"	"200"	"3671803708155340224"	75000	"intercept"	0.67934288
"0.75"	"0.6"	"0.15"	"0.01"	"0.005"	"0.01"	"100000"	"10000"	"200"	"3671803708155340224"	80000	"slope"	-0.43211299
"0.75"	"0.6"	"0.15"	"0.01"	"0.005"	"0.01"	"100000"	"10000"	"200"	"3671803708155340224"	80000	"intercept"	0.695910305
"0.75"	"0.6"	"0.15"	"0.01"	"0.005"	"0.01"	"100000"	"10000"	"200"	"3671803708155340224"	85000	"slope"	-0.384107085
"0.75"	"0.6"	"0.15"	"0.01"	"0.005"	"0.01"	"100000"	"10000"	"200"	"3671803708155340224"	85000	"intercept"	0.663781925
"0.75"	"0.6"	"0.15"	"0.01"	"0.005"	"0.01"	"100000"	"10000"	"200"	"3671803708155340224"	90000	"slope"	-0.4111462
"0.75"	"0.6"	"0.15"	"0.01"	"0.005"	"0.01"	"100000"	"10000"	"200"	"3671803708155340224"	90000	"intercept"	0.672231295
"0.75"	"0.6"	"0.15"	"0.01"	"0.005"	"0.01"	"100000"	"10000"	"200"	"3671803708155340224"	95000	"slope"	-0.423176295
"0.75"	"0.6"	"0.15"	"0.01"	"0.005"	"0.01"	"100000"	"10000"	"200"	"3671803708155340224"	95000	"intercept"	0.682616055
"0.75"	"0.6"	"0.15"	"0.01"	"0.005"	"0.01"	"100000"	"10000"	"200"	"3671803708155340224"	100000	"slope"	-0.42022231
"0.75"	"0.6"	"0.15"	"0.01"	"0.005"	"0.01"	"100000"	"10000"	"200"	"3671803708155340224"	100000	"intercept"	0.68892397
"0.75"	"0.6"	"0.15"	"0.01"	"0.005"	"0.01"	"100000"	"10000"	"200"	"547026167648972062"	10	"slope"	-0.00021019022
"0.75"	"0.6"	"0.15"	"0.01"	"0.005"	"0.01"	"100000"	"10000"	"200"	"547026167648972062"	10	"intercept"	0.49997999
"0.75"	"0.6"	"0.15"	"0.01"	"0.005"	"0.01"	"100000"	"10000"	"200"	"547026167648972062"	5000	"slope"	-0.1554871745
"0.75"	"0.6"	"0.15"	"0.01"	"0.005"	"0.01"	"100000"	"10000"	"200"	"547026167648972062"	5000	"intercept"	0.528323985
"0.75"	"0.6"	"0.15"	"0.01"	"0.005"	"0.01"	"100000"	"10000"	"200"	"547026167648972062"	10000	"slope"	-0.202465395
"0.75"	"0.6"	"0.15"	"0.01"	"0.005"	"0.01"	"100000"	"10000"	"200"	"547026167648972062"	10000	"intercept"	0.56107037
"0.75"	"0.6"	"0.15"	"0.01"	"0.005"	"0.01"	"100000"	"10000"	"200"	"547026167648972062"	15000	"slope"	-0.30882327
"0.75"	"0.6"	"0.15"	"0.01"	"0.005"	"0.01"	"100000"	"10000"	"200"	"547026167648972062"	15000	"intercept"	0.616159075
"0.75"	"0.6"	"0.15"	"0.01"	"0.005"	"0.01"	"100000"	"10000"	"200"	"547026167648972062"	20000	"slope"	-0.36223657
"0.75"	"0.6"	"0.15"	"0.01"	"0.005"	"0.01"	"100000"	"10000"	"200"	"547026167648972062"	20000	"intercept"	0.64285886
"0.75"	"0.6"	"0.15"	"0.01"	"0.005"	"0.01"	"100000"	"10000"	"200"	"547026167648972062"	25000	"slope"	-0.39346915
"0.75"	"0.6"	"0.15"	"0.01"	"0.005"	"0.01"	"100000"	"10000"	"200"	"547026167648972062"	25000	"intercept"	0.670867745
"0.75"	"0.6"	"0.15"	"0.01"	"0.005"	"0.01"	"100000"	"10000"	"200"	"547026167648972062"	30000	"slope"	-0.35608425
"0.75"	"0.6"	"0.15"	"0.01"	"0.005"	"0.01"	"100000"	"10000"	"200"	"547026167648972062"	30000	"intercept"	0.654161435
"0.75"	"0.6"	"0.15"	"0.01"	"0.005"	"0.01"	"100000"	"10000"	"200"	"547026167648972062"	35000	"slope"	-0.379656285
"0.75"	"0.6"	"0.15"	"0.01"	"0.005"	"0.01"	"100000"	"10000"	"200"	"547026167648972062"	35000	"intercept"	0.65950251
"0.75"	"0.6"	"0.15"	"0.01"	"0.005"	"0.01"	"100000"	"10000"	"200"	"547026167648972062"	40000	"slope"	-0.390907885
"0.75"	"0.6"	"0.15"	"0.01"	"0.005"	"0.01"	"100000"	"10000"	"200"	"547026167648972062"	40000	"intercept"	0.66648939
"0.75"	"0.6"	"0.15"	"0.01"	"0.005"	"0.01"	"100000"	"10000"	"200"	"547026167648972062"	45000	"slope"	-0.39593803
"0.75"	"0.6"	"0.15"	"0.01"	"0.005"	"0.01"	"100000"	"10000"	"200"	"547026167648972062"	45000	"intercept"	0.6670423
"0.75"	"0.6"	"0.15"	"0.01"	"0.005"	"0.01"	"100000"	"10000"	"200"	"547026167648972062"	50000	"slope"	-0.39019822
"0.75"	"0.6"	"0.15"	"0.01"	"0.005"	"0.01"	"100000"	"10000"	"200"	"547026167648972062"	50000	"intercept"	0.66071416
"0.75"	"0.6"	"0.15"	"0.01"	"0.005"	"0.01"	"100000"	"10000"	"200"	"547026167648972062"	55000	"slope"	-0.35102207
"0.75"	"0.6"	"0.15"	"0.01"	"0.005"	"0.01"	"100000"	"10000"	"200"	"547026167648972062"	55000	"intercept"	0.649875915
"0.75"	"0.6"	"0.15"	"0.01"	"0.005"	"0.01"	"100000"	"10000"	"200"	"547026167648972062"	60000	"slope"	-0.39311211
"0.75"	"0.6"	"0.15"	"0.01"	"0.005"	"0.01"	"100000"	"10000"	"200"	"547026167648972062"	60000	"intercept"	0.67475094
"0.75"	"0.6"	"0.15"	"0.01"	"0.005"	"0.01"	"100000"	"10000"	"200"	"547026167648972062"	65000	"slope"	-0.405382195
"0.75"	"0.6"	"0.15"	"0.01"	"0.005"	"0.01"	"100000"	"10000"	"200"	"547026167648972062"	65000	"intercept"	0.678506225
"0.75"	"0.6"	"0.15"	"0.01"	"0.005"	"0.01"	"100000"	"10000"	"200"	"547026167648972062"	70000	"slope"	-0.386811065
"0.75"	"0.6"	"0.15"	"0.01"	"0.005"	"0.01"	"100000"	"10000"	"200"	"547026167648972062"	70000	"intercept"	0.665275325
"0.75"	"0.6"	"0.15"	"0.01"	"0.005"	"0.01"	"100000"	"10000"	"200"	"547026167648972062"	75000	"slope"	-0.41740966
"0.75"	"0.6"	"0.15"	"0.01"	"0.005"	"0.01"	"100000"	"10000"	"200"	"547026167648972062"	75000	"intercept"	0.68007552
"0.75"	"0.6"	"0.15"	"0.01"	"0.005"	"0.01"	"100000"	"10000"	"200"	"547026167648972062"	80000	"slope"	-0.406498355
"0.75"	"0.6"	"0.15"	"0.01"	"0.005"	"0.01"	"100000"	"10000"	"200"	"547026167648972062"	80000	"intercept"	0.680279175
"0.75"	"0.6"	"0.15"	"0.01"	"0.005"	"0.01"	"100000"	"10000"	"200"	"547026167648972062"	85000	"slope"	-0.411279165
"0.75"	"0.6"	"0.15"	"0.01"	"0.005"	"0.01"	"100000"	"10000"	"200"	"547026167648972062"	85000	"intercept"	0.680278185
"0.75"	"0.6"	"0.15"	"0.01"	"0.005"	"0.01"	"100000"	"10000"	"200"	"547026167648972062"	90000	"slope"	-0.41248698
"0.75"	"0.6"	"0.15"	"0.01"	"0.005"	"0.01"	"100000"	"10000"	"200"	"547026167648972062"	90000	"intercept"	0.67734527
"0.75"	"0.6"	"0.15"	"0.01"	"0.005"	"0.01"	"100000"	"10000"	"200"	"547026167648972062"	95000	"slope"	-0.409598405
"0.75"	"0.6"	"0.15"	"0.01"	"0.005"	"0.01"	"100000"	"10000"	"200"	"547026167648972062"	95000	"intercept"	0.68336784
"0.75"	"0.6"	"0.15"	"0.01"	"0.005"	"0.01"	"100000"	"10000"	"200"	"547026167648972062"	100000	"slope"	-0.431465095
"0.75"	"0.6"	"0.15"	"0.01"	"0.005"	"0.01"	"100000"	"10000"	"200"	"547026167648972062"	100000	"intercept"	0.68856705
"0.75"	"0.6"	"0.15"	"0.01"	"0.005"	"0.01"	"100000"	"10000"	"200"	"7768038664160274236"	10	"slope"	0.0001516634795
"0.75"	"0.6"	"0.15"	"0.01"	"0.005"	"0.01"	"100000"	"10000"	"200"	"7768038664160274236"	10	"intercept"	0.50003482
"0.75"	"0.6"	"0.15"	"0.01"	"0.005"	"0.01"	"100000"	"10000"	"200"	"7768038664160274236"	5000	"slope"	-0.124643474
"0.75"	"0.6"	"0.15"	"0.01"	"0.005"	"0.01"	"100000"	"10000"	"200"	"7768038664160274236"	5000	"intercept"	0.51761262
"0.75"	"0.6"	"0.15"	"0.01"	"0.005"	"0.01"	"100000"	"10000"	"200"	"7768038664160274236"	10000	"slope"	-0.23556104
"0.75"	"0.6"	"0.15"	"0.01"	"0.005"	"0.01"	"100000"	"10000"	"200"	"7768038664160274236"	10000	"intercept"	0.57805235
"0.75"	"0.6"	"0.15"	"0.01"	"0.005"	"0.01"	"100000"	"10000"	"200"	"7768038664160274236"	15000	"slope"	-0.328927625
"0.75"	"0.6"	"0.15"	"0.01"	"0.005"	"0.01"	"100000"	"10000"	"200"	"7768038664160274236"	15000	"intercept"	0.637040895
"0.75"	"0.6"	"0.15"	"0.01"	"0.005"	"0.01"	"100000"	"10000"	"200"	"7768038664160274236"	20000	"slope"	-0.38309412
"0.75"	"0.6"	"0.15"	"0.01"	"0.005"	"0.01"	"100000"	"10000"	"200"	"7768038664160274236"	20000	"intercept"	0.671564525
"0.75"	"0.6"	"0.15"	"0.01"	"0.005"	"0.01"	"100000"	"10000"	"200"	"7768038664160274236"	25000	"slope"	-0.406140705
"0.75"	"0.6"	"0.15"	"0.01"	"0.005"	"0.01"	"100000"	"10000"	"200"	"7768038664160274236"	25000	"intercept"	0.678840285
"0.75"	"0.6"	"0.15"	"0.01"	"0.005"	"0.01"	"100000"	"10000"	"200"	"7768038664160274236"	30000	"slope"	-0.401000815
"0.75"	"0.6"	"0.15"	"0.01"	"0.005"	"0.01"	"100000"	"10000"	"200"	"7768038664160274236"	30000	"intercept"	0.674984675
"0.75"	"0.6"	"0.15"	"0.01"	"0.005"	"0.01"	"100000"	"10000"	"200"	"7768038664160274236"	35000	"slope"	-0.41316516
"0.75"	"0.6"	"0.15"	"0.01"	"0.005"	"0.01"	"100000"	"10000"	"200"	"7768038664160274236"	35000	"intercept"	0.673195385
"0.75"	"0.6"	"0.15"	"0.01"	"0.005"	"0.01"	"100000"	"10000"	"200"	"7768038664160274236"	40000	"slope"	-0.38601418
"0.75"	"0.6"	"0.15"	"0.01"	"0.005"	"0.01"	"100000"	"10000"	"200"	"7768038664160274236"	40000	"intercept"	0.6628909
"0.75"	"0.6"	"0.15"	"0.01"	"0.005"	"0.01"	"100000"	"10000"	"200"	"7768038664160274236"	45000	"slope"	-0.380978885
"0.75"	"0.6"	"0.15"	"0.01"	"0.005"	"0.01"	"100000"	"10000"	"200"	"7768038664160274236"	45000	"intercept"	0.67230266
"0.75"	"0.6"	"0.15"	"0.01"	"0.005"	"0.01"	"100000"	"10000"	"200"	"7768038664160274236"	50000	"slope"	-0.406506145
"0.75"	"0.6"	"0.15"	"0.01"	"0.005"	"0.01"	"100000"	"10000"	"200"	"7768038664160274236"	50000	"intercept"	0.679986075
"0.75"	"0.6"	"0.15"	"0.01"	"0.005"	"0.01"	"100000"	"10000"	"200"	"7768038664160274236"	55000	"slope"	-0.3965879
"0.75"	"0.6"	"0.15"	"0.01"	"0.005"	"0.01"	"100000"	"10000"	"200"	"7768038664160274236"	55000	"intercept"	0.6677829
"0.75"	"0.6"	"0.15"	"0.01"	"0.005"	"0.01"	"100000"	"10000"	"200"	"7768038664160274236"	60000	"slope"	-0.41445631
"0.75"	"0.6"	"0.15"	"0.01"	"0.005"	"0.01"	"100000"	"10000"	"200"	"7768038664160274236"	60000	"intercept"	0.673391345
"0.75"	"0.6"	"0.15"	"0.01"	"0.005"	"0.01"	"100000"	"10000"	"200"	"7768038664160274236"	65000	"slope"	-0.41126221
"0.75"	"0.6"	"0.15"	"0.01"	"0.005"	"0.01"	"100000"	"10000"	"200"	"7768038664160274236"	65000	"intercept"	0.67374683
"0.75"	"0.6"	"0.15"	"0.01"	"0.005"	"0.01"	"100000"	"10000"	"200"	"7768038664160274236"	70000	"slope"	-0.417845265
"0.75"	"0.6"	"0.15"	"0.01"	"0.005"	"0.01"	"100000"	"10000"	"200"	"7768038664160274236"	70000	"intercept"	0.68315515
"0.75"	"0.6"	"0.15"	"0.01"	"0.005"	"0.01"	"100000"	"10000"	"200"	"7768038664160274236"	75000	"slope"	-0.427620135
"0.75"	"0.6"	"0.15"	"0.01"	"0.005"	"0.01"	"100000"	"10000"	"200"	"7768038664160274236"	75000	"intercept"	0.68682648
"0.75"	"0.6"	"0.15"	"0.01"	"0.005"	"0.01"	"100000"	"10000"	"200"	"7768038664160274236"	80000	"slope"	-0.432327625
"0.75"	"0.6"	"0.15"	"0.01"	"0.005"	"0.01"	"100000"	"10000"	"200"	"7768038664160274236"	80000	"intercept"	0.68598453
"0.75"	"0.6"	"0.15"	"0.01"	"0.005"	"0.01"	"100000"	"10000"	"200"	"7768038664160274236"	85000	"slope"	-0.438907995
"0.75"	"0.6"	"0.15"	"0.01"	"0.005"	"0.01"	"100000"	"10000"	"200"	"7768038664160274236"	85000	"intercept"	0.6920083
"0.75"	"0.6"	"0.15"	"0.01"	"0.005"	"0.01"	"100000"	"10000"	"200"	"7768038664160274236"	90000	"slope"	-0.419149655
"0.75"	"0.6"	"0.15"	"0.01"	"0.005"	"0.01"	"100000"	"10000"	"200"	"7768038664160274236"	90000	"intercept"	0.681834615
"0.75"	"0.6"	"0.15"	"0.01"	"0.005"	"0.01"	"100000"	"10000"	"200"	"7768038664160274236"	95000	"slope"	-0.40509327
"0.75"	"0.6"	"0.15"	"0.01"	"0.005"	"0.01"	"100000"	"10000"	"200"	"7768038664160274236"	95000	"intercept"	0.68066105
"0.75"	"0.6"	"0.15"	"0.01"	"0.005"	"0.01"	"100000"	"10000"	"200"	"7768038664160274236"	100000	"slope"	-0.40903972
"0.75"	"0.6"	"0.15"	"0.01"	"0.005"	"0.01"	"100000"	"10000"	"200"	"7768038664160274236"	100000	"intercept"	0.667420595
"0.75"	"0.8"	"0.15"	"0.01"	"0.005"	"0.01"	"100000"	"10000"	"200"	"1354271424687139914"	10	"slope"	-6.1612525e-05
"0.75"	"0.8"	"0.15"	"0.01"	"0.005"	"0.01"	"100000"	"10000"	"200"	"1354271424687139914"	10	"intercept"	0.49988291
"0.75"	"0.8"	"0.15"	"0.01"	"0.005"	"0.01"	"100000"	"10000"	"200"	"1354271424687139914"	5000	"slope"	-0.1490954865
"0.75"	"0.8"	"0.15"	"0.01"	"0.005"	"0.01"	"100000"	"10000"	"200"	"1354271424687139914"	5000	"intercept"	0.45648839
"0.75"	"0.8"	"0.15"	"0.01"	"0.005"	"0.01"	"100000"	"10000"	"200"	"1354271424687139914"	10000	"slope"	-0.28711951
"0.75"	"0.8"	"0.15"	"0.01"	"0.005"	"0.01"	"100000"	"10000"	"200"	"1354271424687139914"	10000	"intercept"	0.538570465
"0.75"	"0.8"	"0.15"	"0.01"	"0.005"	"0.01"	"100000"	"10000"	"200"	"1354271424687139914"	15000	"slope"	-0.387681305
"0.75"	"0.8"	"0.15"	"0.01"	"0.005"	"0.01"	"100000"	"10000"	"200"	"1354271424687139914"	15000	"intercept"	0.60299852
"0.75"	"0.8"	"0.15"	"0.01"	"0.005"	"0.01"	"100000"	"10000"	"200"	"1354271424687139914"	20000	"slope"	-0.455360275
"0.75"	"0.8"	"0.15"	"0.01"	"0.005"	"0.01"	"100000"	"10000"	"200"	"1354271424687139914"	20000	"intercept"	0.64573692
"0.75"	"0.8"	"0.15"	"0.01"	"0.005"	"0.01"	"100000"	"10000"	"200"	"1354271424687139914"	25000	"slope"	-0.54449012
"0.75"	"0.8"	"0.15"	"0.01"	"0.005"	"0.01"	"100000"	"10000"	"200"	"1354271424687139914"	25000	"intercept"	0.70864094
"0.75"	"0.8"	"0.15"	"0.01"	"0.005"	"0.01"	"100000"	"10000"	"200"	"1354271424687139914"	30000	"slope"	-0.554023175
"0.75"	"0.8"	"0.15"	"0.01"	"0.005"	"0.01"	"100000"	"10000"	"200"	"1354271424687139914"	30000	"intercept"	0.720304815
"0.75"	"0.8"	"0.15"	"0.01"	"0.005"	"0.01"	"100000"	"10000"	"200"	"1354271424687139914"	35000	"slope"	-0.57972782
"0.75"	"0.8"	"0.15"	"0.01"	"0.005"	"0.01"	"100000"	"10000"	"200"	"1354271424687139914"	35000	"intercept"	0.730243385
"0.75"	"0.8"	"0.15"	"0.01"	"0.005"	"0.01"	"100000"	"10000"	"200"	"1354271424687139914"	40000	"slope"	-0.567044795
"0.75"	"0.8"	"0.15"	"0.01"	"0.005"	"0.01"	"100000"	"10000"	"200"	"1354271424687139914"	40000	"intercept"	0.717493475
"0.75"	"0.8"	"0.15"	"0.01"	"0.005"	"0.01"	"100000"	"10000"	"200"	"1354271424687139914"	45000	"slope"	-0.569897665
"0.75"	"0.8"	"0.15"	"0.01"	"0.005"	"0.01"	"100000"	"10000"	"200"	"1354271424687139914"	45000	"intercept"	0.722052805
"0.75"	"0.8"	"0.15"	"0.01"	"0.005"	"0.01"	"100000"	"10000"	"200"	"1354271424687139914"	50000	"slope"	-0.55765423
"0.75"	"0.8"	"0.15"	"0.01"	"0.005"	"0.01"	"100000"	"10000"	"200"	"1354271424687139914"	50000	"intercept"	0.72339668
"0.75"	"0.8"	"0.15"	"0.01"	"0.005"	"0.01"	"100000"	"10000"	"200"	"1354271424687139914"	55000	"slope"	-0.5388051
"0.75"	"0.8"	"0.15"	"0.01"	"0.005"	"0.01"	"100000"	"10000"	"200"	"1354271424687139914"	55000	"intercept"	0.71098426
"0.75"	"0.8"	"0.15"	"0.01"	"0.005"	"0.01"	"100000"	"10000"	"200"	"1354271424687139914"	60000	"slope"	-0.54374858
"0.75"	"0.8"	"0.15"	"0.01"	"0.005"	"0.01"	"100000"	"10000"	"200"	"1354271424687139914"	60000	"intercept"	0.70233886
"0.75"	"0.8"	"0.15"	"0.01"	"0.005"	"0.01"	"100000"	"10000"	"200"	"1354271424687139914"	65000	"slope"	-0.551007645
"0.75"	"0.8"	"0.15"	"0.01"	"0.005"	"0.01"	"100000"	"10000"	"200"	"1354271424687139914"	65000	"intercept"	0.70469186
"0.75"	"0.8"	"0.15"	"0.01"	"0.005"	"0.01"	"100000"	"10000"	"200"	"1354271424687139914"	70000	"slope"	-0.5899204
"0.75"	"0.8"	"0.15"	"0.01"	"0.005"	"0.01"	"100000"	"10000"	"200"	"1354271424687139914"	70000	"intercept"	0.735987405
"0.75"	"0.8"	"0.15"	"0.01"	"0.005"	"0.01"	"100000"	"10000"	"200"	"1354271424687139914"	75000	"slope"	-0.593263355
"0.75"	"0.8"	"0.15"	"0.01"	"0.005"	"0.01"	"100000"	"10000"	"200"	"1354271424687139914"	75000	"intercept"	0.741382205
"0.75"	"0.8"	"0.15"	"0.01"	"0.005"	"0.01"	"100000"	"10000"	"200"	"1354271424687139914"	80000	"slope"	-0.55050594
"0.75"	"0.8"	"0.15"	"0.01"	"0.005"	"0.01"	"100000"	"10000"	"200"	"1354271424687139914"	80000	"intercept"	0.70828671
"0.75"	"0.8"	"0.15"	"0.01"	"0.005"	"0.01"	"100000"	"10000"	"200"	"1354271424687139914"	85000	"slope"	-0.566552595
"0.75"	"0.8"	"0.15"	"0.01"	"0.005"	"0.01"	"100000"	"10000"	"200"	"1354271424687139914"	85000	"intercept"	0.71764972
"0.75"	"0.8"	"0.15"	"0.01"	"0.005"	"0.01"	"100000"	"10000"	"200"	"1354271424687139914"	90000	"slope"	-0.559563875
"0.75"	"0.8"	"0.15"	"0.01"	"0.005"	"0.01"	"100000"	"10000"	"200"	"1354271424687139914"	90000	"intercept"	0.720091845
"0.75"	"0.8"	"0.15"	"0.01"	"0.005"	"0.01"	"100000"	"10000"	"200"	"1354271424687139914"	95000	"slope"	-0.58219216
"0.75"	"0.8"	"0.15"	"0.01"	"0.005"	"0.01"	"100000"	"10000"	"200"	"1354271424687139914"	95000	"intercept"	0.729858815
"0.75"	"0.8"	"0.15"	"0.01"	"0.005"	"0.01"	"100000"	"10000"	"200"	"1354271424687139914"	100000	"slope"	-0.57603048
"0.75"	"0.8"	"0.15"	"0.01"	"0.005"	"0.01"	"100000"	"10000"	"200"	"1354271424687139914"	100000	"intercept"	0.72862545
"0.75"	"0.8"	"0.15"	"0.01"	"0.005"	"0.01"	"100000"	"10000"	"200"	"305809410762891147"	10	"slope"	-0.000170992
"0.75"	"0.8"	"0.15"	"0.01"	"0.005"	"0.01"	"100000"	"10000"	"200"	"305809410762891147"	10	"intercept"	0.499921705
"0.75"	"0.8"	"0.15"	"0.01"	"0.005"	"0.01"	"100000"	"10000"	"200"	"305809410762891147"	5000	"slope"	-0.152602185
"0.75"	"0.8"	"0.15"	"0.01"	"0.005"	"0.01"	"100000"	"10000"	"200"	"305809410762891147"	5000	"intercept"	0.45395129
"0.75"	"0.8"	"0.15"	"0.01"	"0.005"	"0.01"	"100000"	"10000"	"200"	"305809410762891147"	10000	"slope"	-0.272524005
"0.75"	"0.8"	"0.15"	"0.01"	"0.005"	"0.01"	"100000"	"10000"	"200"	"305809410762891147"	10000	"intercept"	0.53806884
"0.75"	"0.8"	"0.15"	"0.01"	"0.005"	"0.01"	"100000"	"10000"	"200"	"305809410762891147"	15000	"slope"	-0.35624007
"0.75"	"0.8"	"0.15"	"0.01"	"0.005"	"0.01"	"100000"	"10000"	"200"	"305809410762891147"	15000	"intercept"	0.581007535
"0.75"	"0.8"	"0.15"	"0.01"	"0.005"	"0.01"	"100000"	"10000"	"200"	"305809410762891147"	20000	"slope"	-0.420681475
"0.75"	"0.8"	"0.15"	"0.01"	"0.005"	"0.01"	"100000"	"10000"	"200"	"305809410762891147"	20000	"intercept"	0.61046919
"0.75"	"0.8"	"0.15"	"0.01"	"0.005"	"0.01"	"100000"	"10000"	"200"	"305809410762891147"	25000	"slope"	-0.466444875
"0.75"	"0.8"	"0.15"	"0.01"	"0.005"	"0.01"	"100000"	"10000"	"200"	"305809410762891147"	25000	"intercept"	0.653640855
"0.75"	"0.8"	"0.15"	"0.01"	"0.005"	"0.01"	"100000"	"10000"	"200"	"305809410762891147"	30000	"slope"	-0.4809139
"0.75"	"0.8"	"0.15"	"0.01"	"0.005"	"0.01"	"100000"	"10000"	"200"	"305809410762891147"	30000	"intercept"	0.6665545
"0.75"	"0.8"	"0.15"	"0.01"	"0.005"	"0.01"	"100000"	"10000"	"200"	"305809410762891147"	35000	"slope"	-0.500695885
"0.75"	"0.8"	"0.15"	"0.01"	"0.005"	"0.01"	"100000"	"10000"	"200"	"305809410762891147"	35000	"intercept"	0.672226625
"0.75"	"0.8"	"0.15"	"0.01"	"0.005"	"0.01"	"100000"	"10000"	"200"	"305809410762891147"	40000	"slope"	-0.51818098
"0.75"	"0.8"	"0.15"	"0.01"	"0.005"	"0.01"	"100000"	"10000"	"200"	"305809410762891147"	40000	"intercept"	0.68819809
"0.75"	"0.8"	"0.15"	"0.01"	"0.005"	"0.01"	"100000"	"10000"	"200"	"305809410762891147"	45000	"slope"	-0.557791485
"0.75"	"0.8"	"0.15"	"0.01"	"0.005"	"0.01"	"100000"	"10000"	"200"	"305809410762891147"	45000	"intercept"	0.720349005
"0.75"	"0.8"	"0.15"	"0.01"	"0.005"	"0.01"	"100000"	"10000"	"200"	"305809410762891147"	50000	"slope"	-0.56483173
"0.75"	"0.8"	"0.15"	"0.01"	"0.005"	"0.01"	"100000"	"10000"	"200"	"305809410762891147"	50000	"intercept"	0.72098105
"0.75"	"0.8"	"0.15"	"0.01"	"0.005"	"0.01"	"100000"	"10000"	"200"	"305809410762891147"	55000	"slope"	-0.565268015
"0.75"	"0.8"	"0.15"	"0.01"	"0.005"	"0.01"	"100000"	"10000"	"200"	"305809410762891147"	55000	"intercept"	0.72588526
"0.75"	"0.8"	"0.15"	"0.01"	"0.005"	"0.01"	"100000"	"10000"	"200"	"305809410762891147"	60000	"slope"	-0.553625735
"0.75"	"0.8"	"0.15"	"0.01"	"0.005"	"0.01"	"100000"	"10000"	"200"	"305809410762891147"	60000	"intercept"	0.72115452
"0.75"	"0.8"	"0.15"	"0.01"	"0.005"	"0.01"	"100000"	"10000"	"200"	"305809410762891147"	65000	"slope"	-0.569659225
"0.75"	"0.8"	"0.15"	"0.01"	"0.005"	"0.01"	"100000"	"10000"	"200"	"305809410762891147"	65000	"intercept"	0.729128845
"0.75"	"0.8"	"0.15"	"0.01"	"0.005"	"0.01"	"100000"	"10000"	"200"	"305809410762891147"	70000	"slope"	-0.593990295
"0.75"	"0.8"	"0.15"	"0.01"	"0.005"	"0.01"	"100000"	"10000"	"200"	"305809410762891147"	70000	"intercept"	0.73766688
"0.75"	"0.8"	"0.15"	"0.01"	"0.005"	"0.01"	"100000"	"10000"	"200"	"305809410762891147"	75000	"slope"	-0.57661437
"0.75"	"0.8"	"0.15"	"0.01"	"0.005"	"0.01"	"100000"	"10000"	"200"	"305809410762891147"	75000	"intercept"	0.72732642
"0.75"	"0.8"	"0.15"	"0.01"	"0.005"	"0.01"	"100000"	"10000"	"200"	"305809410762891147"	80000	"slope"	-0.58857954
"0.75"	"0.8"	"0.15"	"0.01"	"0.005"	"0.01"	"100000"	"10000"	"200"	"305809410762891147"	80000	"intercept"	0.747194745
"0.75"	"0.8"	"0.15"	"0.01"	"0.005"	"0.01"	"100000"	"10000"	"200"	"305809410762891147"	85000	"slope"	-0.593267595
"0.75"	"0.8"	"0.15"	"0.01"	"0.005"	"0.01"	"100000"	"10000"	"200"	"305809410762891147"	85000	"intercept"	0.74165198
"0.75"	"0.8"	"0.15"	"0.01"	"0.005"	"0.01"	"100000"	"10000"	"200"	"305809410762891147"	90000	"slope"	-0.577195625
"0.75"	"0.8"	"0.15"	"0.01"	"0.005"	"0.01"	"100000"	"10000"	"200"	"305809410762891147"	90000	"intercept"	0.72858712
"0.75"	"0.8"	"0.15"	"0.01"	"0.005"	"0.01"	"100000"	"10000"	"200"	"305809410762891147"	95000	"slope"	-0.5816303
"0.75"	"0.8"	"0.15"	"0.01"	"0.005"	"0.01"	"100000"	"10000"	"200"	"305809410762891147"	95000	"intercept"	0.734832035
"0.75"	"0.8"	"0.15"	"0.01"	"0.005"	"0.01"	"100000"	"10000"	"200"	"305809410762891147"	100000	"slope"	-0.561631245
"0.75"	"0.8"	"0.15"	"0.01"	"0.005"	"0.01"	"100000"	"10000"	"200"	"305809410762891147"	100000	"intercept"	0.721209025
"0.75"	"0.8"	"0.15"	"0.01"	"0.005"	"0.01"	"100000"	"10000"	"200"	"5447263036507828263"	10	"slope"	-0.00017270538
"0.75"	"0.8"	"0.15"	"0.01"	"0.005"	"0.01"	"100000"	"10000"	"200"	"5447263036507828263"	10	"intercept"	0.50003342
"0.75"	"0.8"	"0.15"	"0.01"	"0.005"	"0.01"	"100000"	"10000"	"200"	"5447263036507828263"	5000	"slope"	-0.199733145
"0.75"	"0.8"	"0.15"	"0.01"	"0.005"	"0.01"	"100000"	"10000"	"200"	"5447263036507828263"	5000	"intercept"	0.496118535
"0.75"	"0.8"	"0.15"	"0.01"	"0.005"	"0.01"	"100000"	"10000"	"200"	"5447263036507828263"	10000	"slope"	-0.34027216
"0.75"	"0.8"	"0.15"	"0.01"	"0.005"	"0.01"	"100000"	"10000"	"200"	"5447263036507828263"	10000	"intercept"	0.57187532
"0.75"	"0.8"	"0.15"	"0.01"	"0.005"	"0.01"	"100000"	"10000"	"200"	"5447263036507828263"	15000	"slope"	-0.39725913
"0.75"	"0.8"	"0.15"	"0.01"	"0.005"	"0.01"	"100000"	"10000"	"200"	"5447263036507828263"	15000	"intercept"	0.60801125
"0.75"	"0.8"	"0.15"	"0.01"	"0.005"	"0.01"	"100000"	"10000"	"200"	"5447263036507828263"	20000	"slope"	-0.467765155
"0.75"	"0.8"	"0.15"	"0.01"	"0.005"	"0.01"	"100000"	"10000"	"200"	"5447263036507828263"	20000	"intercept"	0.65510289
"0.75"	"0.8"	"0.15"	"0.01"	"0.005"	"0.01"	"100000"	"10000"	"200"	"5447263036507828263"	25000	"slope"	-0.52585413
"0.75"	"0.8"	"0.15"	"0.01"	"0.005"	"0.01"	"100000"	"10000"	"200"	"5447263036507828263"	25000	"intercept"	0.687808155
"0.75"	"0.8"	"0.15"	"0.01"	"0.005"	"0.01"	"100000"	"10000"	"200"	"5447263036507828263"	30000	"slope"	-0.533680325
"0.75"	"0.8"	"0.15"	"0.01"	"0.005"	"0.01"	"100000"	"10000"	"200"	"5447263036507828263"	30000	"intercept"	0.70434143
"0.75"	"0.8"	"0.15"	"0.01"	"0.005"	"0.01"	"100000"	"10000"	"200"	"5447263036507828263"	35000	"slope"	-0.567878175
"0.75"	"0.8"	"0.15"	"0.01"	"0.005"	"0.01"	"100000"	"10000"	"200"	"5447263036507828263"	35000	"intercept"	0.72908274
"0.75"	"0.8"	"0.15"	"0.01"	"0.005"	"0.01"	"100000"	"10000"	"200"	"5447263036507828263"	40000	"slope"	-0.5438996
"0.75"	"0.8"	"0.15"	"0.01"	"0.005"	"0.01"	"100000"	"10000"	"200"	"5447263036507828263"	40000	"intercept"	0.70766386
"0.75"	"0.8"	"0.15"	"0.01"	"0.005"	"0.01"	"100000"	"10000"	"200"	"5447263036507828263"	45000	"slope"	-0.596141645
"0.75"	"0.8"	"0.15"	"0.01"	"0.005"	"0.01"	"100000"	"10000"	"200"	"5447263036507828263"	45000	"intercept"	0.743189905
"0.75"	"0.8"	"0.15"	"0.01"	"0.005"	"0.01"	"100000"	"10000"	"200"	"5447263036507828263"	50000	"slope"	-0.613870485
"0.75"	"0.8"	"0.15"	"0.01"	"0.005"	"0.01"	"100000"	"10000"	"200"	"5447263036507828263"	50000	"intercept"	0.76058884
"0.75"	"0.8"	"0.15"	"0.01"	"0.005"	"0.01"	"100000"	"10000"	"200"	"5447263036507828263"	55000	"slope"	-0.58710839
"0.75"	"0.8"	"0.15"	"0.01"	"0.005"	"0.01"	"100000"	"10000"	"200"	"5447263036507828263"	55000	"intercept"	0.73713031
"0.75"	"0.8"	"0.15"	"0.01"	"0.005"	"0.01"	"100000"	"10000"	"200"	"5447263036507828263"	60000	"slope"	-0.55500157
"0.75"	"0.8"	"0.15"	"0.01"	"0.005"	"0.01"	"100000"	"10000"	"200"	"5447263036507828263"	60000	"intercept"	0.706192755
"0.75"	"0.8"	"0.15"	"0.01"	"0.005"	"0.01"	"100000"	"10000"	"200"	"5447263036507828263"	65000	"slope"	-0.51290503
"0.75"	"0.8"	"0.15"	"0.01"	"0.005"	"0.01"	"100000"	"10000"	"200"	"5447263036507828263"	65000	"intercept"	0.67852123
"0.75"	"0.8"	"0.15"	"0.01"	"0.005"	"0.01"	"100000"	"10000"	"200"	"5447263036507828263"	70000	"slope"	-0.50562037
"0.75"	"0.8"	"0.15"	"0.01"	"0.005"	"0.01"	"100000"	"10000"	"200"	"5447263036507828263"	70000	"intercept"	0.683142415
"0.75"	"0.8"	"0.15"	"0.01"	"0.005"	"0.01"	"100000"	"10000"	"200"	"5447263036507828263"	75000	"slope"	-0.55450237
"0.75"	"0.8"	"0.15"	"0.01"	"0.005"	"0.01"	"100000"	"10000"	"200"	"5447263036507828263"	75000	"intercept"	0.718996495
"0.75"	"0.8"	"0.15"	"0.01"	"0.005"	"0.01"	"100000"	"10000"	"200"	"5447263036507828263"	80000	"slope"	-0.56816817
"0.75"	"0.8"	"0.15"	"0.01"	"0.005"	"0.01"	"100000"	"10000"	"200"	"5447263036507828263"	80000	"intercept"	0.729615705
"0.75"	"0.8"	"0.15"	"0.01"	"0.005"	"0.01"	"100000"	"10000"	"200"	"5447263036507828263"	85000	"slope"	-0.59288233
"0.75"	"0.8"	"0.15"	"0.01"	"0.005"	"0.01"	"100000"	"10000"	"200"	"5447263036507828263"	85000	"intercept"	0.74315618
"0.75"	"0.8"	"0.15"	"0.01"	"0.005"	"0.01"	"100000"	"10000"	"200"	"5447263036507828263"	90000	"slope"	-0.60627729
"0.75"	"0.8"	"0.15"	"0.01"	"0.005"	"0.01"	"100000"	"10000"	"200"	"5447263036507828263"	90000	"intercept"	0.75910022
"0.75"	"0.8"	"0.15"	"0.01"	"0.005"	"0.01"	"100000"	"10000"	"200"	"5447263036507828263"	95000	"slope"	-0.60320492
"0.75"	"0.8"	"0.15"	"0.01"	"0.005"	"0.01"	"100000"	"10000"	"200"	"5447263036507828263"	95000	"intercept"	0.74792218
"0.75"	"0.8"	"0.15"	"0.01"	"0.005"	"0.01"	"100000"	"10000"	"200"	"5447263036507828263"	100000	"slope"	-0.53256402
"0.75"	"0.8"	"0.15"	"0.01"	"0.005"	"0.01"	"100000"	"10000"	"200"	"5447263036507828263"	100000	"intercept"	0.70275931
"0.85"	"0.0"	"0.15"	"0.01"	"0.005"	"0.01"	"100000"	"10000"	"200"	"6509233265353191080"	10	"slope"	-0.00033908656
"0.85"	"0.0"	"0.15"	"0.01"	"0.005"	"0.01"	"100000"	"10000"	"200"	"6509233265353191080"	10	"intercept"	0.50000791
"0.85"	"0.0"	"0.15"	"0.01"	"0.005"	"0.01"	"100000"	"10000"	"200"	"6509233265353191080"	5000	"slope"	0.06241113225
"0.85"	"0.0"	"0.15"	"0.01"	"0.005"	"0.01"	"100000"	"10000"	"200"	"6509233265353191080"	5000	"intercept"	0.66348414
"0.85"	"0.0"	"0.15"	"0.01"	"0.005"	"0.01"	"100000"	"10000"	"200"	"6509233265353191080"	10000	"slope"	-0.00391488985
"0.85"	"0.0"	"0.15"	"0.01"	"0.005"	"0.01"	"100000"	"10000"	"200"	"6509233265353191080"	10000	"intercept"	0.68651692
"0.85"	"0.0"	"0.15"	"0.01"	"0.005"	"0.01"	"100000"	"10000"	"200"	"6509233265353191080"	15000	"slope"	-0.04945834185
"0.85"	"0.0"	"0.15"	"0.01"	"0.005"	"0.01"	"100000"	"10000"	"200"	"6509233265353191080"	15000	"intercept"	0.70803684
"0.85"	"0.0"	"0.15"	"0.01"	"0.005"	"0.01"	"100000"	"10000"	"200"	"6509233265353191080"	20000	"slope"	-0.038387073535
"0.85"	"0.0"	"0.15"	"0.01"	"0.005"	"0.01"	"100000"	"10000"	"200"	"6509233265353191080"	20000	"intercept"	0.70676425
"0.85"	"0.0"	"0.15"	"0.01"	"0.005"	"0.01"	"100000"	"10000"	"200"	"6509233265353191080"	25000	"slope"	-0.031914406595
"0.85"	"0.0"	"0.15"	"0.01"	"0.005"	"0.01"	"100000"	"10000"	"200"	"6509233265353191080"	25000	"intercept"	0.69876483
"0.85"	"0.0"	"0.15"	"0.01"	"0.005"	"0.01"	"100000"	"10000"	"200"	"6509233265353191080"	30000	"slope"	-0.032477427775
"0.85"	"0.0"	"0.15"	"0.01"	"0.005"	"0.01"	"100000"	"10000"	"200"	"6509233265353191080"	30000	"intercept"	0.70684694
"0.85"	"0.0"	"0.15"	"0.01"	"0.005"	"0.01"	"100000"	"10000"	"200"	"6509233265353191080"	35000	"slope"	-0.037886610705
"0.85"	"0.0"	"0.15"	"0.01"	"0.005"	"0.01"	"100000"	"10000"	"200"	"6509233265353191080"	35000	"intercept"	0.699135875
"0.85"	"0.0"	"0.15"	"0.01"	"0.005"	"0.01"	"100000"	"10000"	"200"	"6509233265353191080"	40000	"slope"	-0.026512987935
"0.85"	"0.0"	"0.15"	"0.01"	"0.005"	"0.01"	"100000"	"10000"	"200"	"6509233265353191080"	40000	"intercept"	0.69642147
"0.85"	"0.0"	"0.15"	"0.01"	"0.005"	"0.01"	"100000"	"10000"	"200"	"6509233265353191080"	45000	"slope"	-0.02729731065
"0.85"	"0.0"	"0.15"	"0.01"	"0.005"	"0.01"	"100000"	"10000"	"200"	"6509233265353191080"	45000	"intercept"	0.694567275
"0.85"	"0.0"	"0.15"	"0.01"	"0.005"	"0.01"	"100000"	"10000"	"200"	"6509233265353191080"	50000	"slope"	-0.02830659819
"0.85"	"0.0"	"0.15"	"0.01"	"0.005"	"0.01"	"100000"	"10000"	"200"	"6509233265353191080"	50000	"intercept"	0.69732781
"0.85"	"0.0"	"0.15"	"0.01"	"0.005"	"0.01"	"100000"	"10000"	"200"	"6509233265353191080"	55000	"slope"	-0.06124870125
"0.85"	"0.0"	"0.15"	"0.01"	"0.005"	"0.01"	"100000"	"10000"	"200"	"6509233265353191080"	55000	"intercept"	0.71493331
"0.85"	"0.0"	"0.15"	"0.01"	"0.005"	"0.01"	"100000"	"10000"	"200"	"6509233265353191080"	60000	"slope"	-0.03377135941
"0.85"	"0.0"	"0.15"	"0.01"	"0.005"	"0.01"	"100000"	"10000"	"200"	"6509233265353191080"	60000	"intercept"	0.69863185
"0.85"	"0.0"	"0.15"	"0.01"	"0.005"	"0.01"	"100000"	"10000"	"200"	"6509233265353191080"	65000	"slope"	-0.052958153
"0.85"	"0.0"	"0.15"	"0.01"	"0.005"	"0.01"	"100000"	"10000"	"200"	"6509233265353191080"	65000	"intercept"	0.70626664
"0.85"	"0.0"	"0.15"	"0.01"	"0.005"	"0.01"	"100000"	"10000"	"200"	"6509233265353191080"	70000	"slope"	-0.027686753987
"0.85"	"0.0"	"0.15"	"0.01"	"0.005"	"0.01"	"100000"	"10000"	"200"	"6509233265353191080"	70000	"intercept"	0.695629975
"0.85"	"0.0"	"0.15"	"0.01"	"0.005"	"0.01"	"100000"	"10000"	"200"	"6509233265353191080"	75000	"slope"	-0.032712613595
"0.85"	"0.0"	"0.15"	"0.01"	"0.005"	"0.01"	"100000"	"10000"	"200"	"6509233265353191080"	75000	"intercept"	0.69608265
"0.85"	"0.0"	"0.15"	"0.01"	"0.005"	"0.01"	"100000"	"10000"	"200"	"6509233265353191080"	80000	"slope"	-0.027329555845
"0.85"	"0.0"	"0.15"	"0.01"	"0.005"	"0.01"	"100000"	"10000"	"200"	"6509233265353191080"	80000	"intercept"	0.70413038
"0.85"	"0.0"	"0.15"	"0.01"	"0.005"	"0.01"	"100000"	"10000"	"200"	"6509233265353191080"	85000	"slope"	-0.01621267267
"0.85"	"0.0"	"0.15"	"0.01"	"0.005"	"0.01"	"100000"	"10000"	"200"	"6509233265353191080"	85000	"intercept"	0.69029092
"0.85"	"0.0"	"0.15"	"0.01"	"0.005"	"0.01"	"100000"	"10000"	"200"	"6509233265353191080"	90000	"slope"	-0.02057967493
"0.85"	"0.0"	"0.15"	"0.01"	"0.005"	"0.01"	"100000"	"10000"	"200"	"6509233265353191080"	90000	"intercept"	0.69015616
"0.85"	"0.0"	"0.15"	"0.01"	"0.005"	"0.01"	"100000"	"10000"	"200"	"6509233265353191080"	95000	"slope"	-0.006675320605
"0.85"	"0.0"	"0.15"	"0.01"	"0.005"	"0.01"	"100000"	"10000"	"200"	"6509233265353191080"	95000	"intercept"	0.689537385
"0.85"	"0.0"	"0.15"	"0.01"	"0.005"	"0.01"	"100000"	"10000"	"200"	"6509233265353191080"	100000	"slope"	-0.01576271049
"0.85"	"0.0"	"0.15"	"0.01"	"0.005"	"0.01"	"100000"	"10000"	"200"	"6509233265353191080"	100000	"intercept"	0.691832
"0.85"	"0.0"	"0.15"	"0.01"	"0.005"	"0.01"	"100000"	"10000"	"200"	"7636584387890526393"	10	"slope"	6.23562e-05
"0.85"	"0.0"	"0.15"	"0.01"	"0.005"	"0.01"	"100000"	"10000"	"200"	"7636584387890526393"	10	"intercept"	0.49998583
"0.85"	"0.0"	"0.15"	"0.01"	"0.005"	"0.01"	"100000"	"10000"	"200"	"7636584387890526393"	5000	"slope"	0.05058153691
"0.85"	"0.0"	"0.15"	"0.01"	"0.005"	"0.01"	"100000"	"10000"	"200"	"7636584387890526393"	5000	"intercept"	0.658267545
"0.85"	"0.0"	"0.15"	"0.01"	"0.005"	"0.01"	"100000"	"10000"	"200"	"7636584387890526393"	10000	"slope"	0.014222348464
"0.85"	"0.0"	"0.15"	"0.01"	"0.005"	"0.01"	"100000"	"10000"	"200"	"7636584387890526393"	10000	"intercept"	0.68097017
"0.85"	"0.0"	"0.15"	"0.01"	"0.005"	"0.01"	"100000"	"10000"	"200"	"7636584387890526393"	15000	"slope"	-0.024931776805
"0.85"	"0.0"	"0.15"	"0.01"	"0.005"	"0.01"	"100000"	"10000"	"200"	"7636584387890526393"	15000	"intercept"	0.6976456
"0.85"	"0.0"	"0.15"	"0.01"	"0.005"	"0.01"	"100000"	"10000"	"200"	"7636584387890526393"	20000	"slope"	-0.02238216222
"0.85"	"0.0"	"0.15"	"0.01"	"0.005"	"0.01"	"100000"	"10000"	"200"	"7636584387890526393"	20000	"intercept"	0.696800105
"0.85"	"0.0"	"0.15"	"0.01"	"0.005"	"0.01"	"100000"	"10000"	"200"	"7636584387890526393"	25000	"slope"	-0.0050616485
"0.85"	"0.0"	"0.15"	"0.01"	"0.005"	"0.01"	"100000"	"10000"	"200"	"7636584387890526393"	25000	"intercept"	0.69136587
"0.85"	"0.0"	"0.15"	"0.01"	"0.005"	"0.01"	"100000"	"10000"	"200"	"7636584387890526393"	30000	"slope"	-0.01830004346
"0.85"	"0.0"	"0.15"	"0.01"	"0.005"	"0.01"	"100000"	"10000"	"200"	"7636584387890526393"	30000	"intercept"	0.694656745
"0.85"	"0.0"	"0.15"	"0.01"	"0.005"	"0.01"	"100000"	"10000"	"200"	"7636584387890526393"	35000	"slope"	-0.0016370368925
"0.85"	"0.0"	"0.15"	"0.01"	"0.005"	"0.01"	"100000"	"10000"	"200"	"7636584387890526393"	35000	"intercept"	0.685274835
"0.85"	"0.0"	"0.15"	"0.01"	"0.005"	"0.01"	"100000"	"10000"	"200"	"7636584387890526393"	40000	"slope"	-0.0398355001
"0.85"	"0.0"	"0.15"	"0.01"	"0.005"	"0.01"	"100000"	"10000"	"200"	"7636584387890526393"	40000	"intercept"	0.699705505
"0.85"	"0.0"	"0.15"	"0.01"	"0.005"	"0.01"	"100000"	"10000"	"200"	"7636584387890526393"	45000	"slope"	-0.0202880086265
"0.85"	"0.0"	"0.15"	"0.01"	"0.005"	"0.01"	"100000"	"10000"	"200"	"7636584387890526393"	45000	"intercept"	0.69258974
"0.85"	"0.0"	"0.15"	"0.01"	"0.005"	"0.01"	"100000"	"10000"	"200"	"7636584387890526393"	50000	"slope"	-0.034596438625
"0.85"	"0.0"	"0.15"	"0.01"	"0.005"	"0.01"	"100000"	"10000"	"200"	"7636584387890526393"	50000	"intercept"	0.697957945
"0.85"	"0.0"	"0.15"	"0.01"	"0.005"	"0.01"	"100000"	"10000"	"200"	"7636584387890526393"	55000	"slope"	-0.020917407315
"0.85"	"0.0"	"0.15"	"0.01"	"0.005"	"0.01"	"100000"	"10000"	"200"	"7636584387890526393"	55000	"intercept"	0.697759625
"0.85"	"0.0"	"0.15"	"0.01"	"0.005"	"0.01"	"100000"	"10000"	"200"	"7636584387890526393"	60000	"slope"	-0.004662343305
"0.85"	"0.0"	"0.15"	"0.01"	"0.005"	"0.01"	"100000"	"10000"	"200"	"7636584387890526393"	60000	"intercept"	0.683110115
"0.85"	"0.0"	"0.15"	"0.01"	"0.005"	"0.01"	"100000"	"10000"	"200"	"7636584387890526393"	65000	"slope"	-0.03336596318
"0.85"	"0.0"	"0.15"	"0.01"	"0.005"	"0.01"	"100000"	"10000"	"200"	"7636584387890526393"	65000	"intercept"	0.69818141
"0.85"	"0.0"	"0.15"	"0.01"	"0.005"	"0.01"	"100000"	"10000"	"200"	"7636584387890526393"	70000	"slope"	-0.0106421091415
"0.85"	"0.0"	"0.15"	"0.01"	"0.005"	"0.01"	"100000"	"10000"	"200"	"7636584387890526393"	70000	"intercept"	0.695746345
"0.85"	"0.0"	"0.15"	"0.01"	"0.005"	"0.01"	"100000"	"10000"	"200"	"7636584387890526393"	75000	"slope"	-0.02678721755
"0.85"	"0.0"	"0.15"	"0.01"	"0.005"	"0.01"	"100000"	"10000"	"200"	"7636584387890526393"	75000	"intercept"	0.6916051
"0.85"	"0.0"	"0.15"	"0.01"	"0.005"	"0.01"	"100000"	"10000"	"200"	"7636584387890526393"	80000	"slope"	-0.010991534495
"0.85"	"0.0"	"0.15"	"0.01"	"0.005"	"0.01"	"100000"	"10000"	"200"	"7636584387890526393"	80000	"intercept"	0.69154465
"0.85"	"0.0"	"0.15"	"0.01"	"0.005"	"0.01"	"100000"	"10000"	"200"	"7636584387890526393"	85000	"slope"	-0.04065902905
"0.85"	"0.0"	"0.15"	"0.01"	"0.005"	"0.01"	"100000"	"10000"	"200"	"7636584387890526393"	85000	"intercept"	0.70459314
"0.85"	"0.0"	"0.15"	"0.01"	"0.005"	"0.01"	"100000"	"10000"	"200"	"7636584387890526393"	90000	"slope"	-0.020938026089
"0.85"	"0.0"	"0.15"	"0.01"	"0.005"	"0.01"	"100000"	"10000"	"200"	"7636584387890526393"	90000	"intercept"	0.698433315
"0.85"	"0.0"	"0.15"	"0.01"	"0.005"	"0.01"	"100000"	"10000"	"200"	"7636584387890526393"	95000	"slope"	-0.01032862252
"0.85"	"0.0"	"0.15"	"0.01"	"0.005"	"0.01"	"100000"	"10000"	"200"	"7636584387890526393"	95000	"intercept"	0.69470903
"0.85"	"0.0"	"0.15"	"0.01"	"0.005"	"0.01"	"100000"	"10000"	"200"	"7636584387890526393"	100000	"slope"	-0.0293924631
"0.85"	"0.0"	"0.15"	"0.01"	"0.005"	"0.01"	"100000"	"10000"	"200"	"7636584387890526393"	100000	"intercept"	0.705445225
"0.85"	"0.0"	"0.15"	"0.01"	"0.005"	"0.01"	"100000"	"10000"	"200"	"8766685241728061515"	10	"slope"	0.000195576525
"0.85"	"0.0"	"0.15"	"0.01"	"0.005"	"0.01"	"100000"	"10000"	"200"	"8766685241728061515"	10	"intercept"	0.500039935
"0.85"	"0.0"	"0.15"	"0.01"	"0.005"	"0.01"	"100000"	"10000"	"200"	"8766685241728061515"	5000	"slope"	0.044425665745
"0.85"	"0.0"	"0.15"	"0.01"	"0.005"	"0.01"	"100000"	"10000"	"200"	"8766685241728061515"	5000	"intercept"	0.6657137
"0.85"	"0.0"	"0.15"	"0.01"	"0.005"	"0.01"	"100000"	"10000"	"200"	"8766685241728061515"	10000	"slope"	0.02511329534
"0.85"	"0.0"	"0.15"	"0.01"	"0.005"	"0.01"	"100000"	"10000"	"200"	"8766685241728061515"	10000	"intercept"	0.66425289
"0.85"	"0.0"	"0.15"	"0.01"	"0.005"	"0.01"	"100000"	"10000"	"200"	"8766685241728061515"	15000	"slope"	-0.000399277925
"0.85"	"0.0"	"0.15"	"0.01"	"0.005"	"0.01"	"100000"	"10000"	"200"	"8766685241728061515"	15000	"intercept"	0.688840505
"0.85"	"0.0"	"0.15"	"0.01"	"0.005"	"0.01"	"100000"	"10000"	"200"	"8766685241728061515"	20000	"slope"	-0.02284724646
"0.85"	"0.0"	"0.15"	"0.01"	"0.005"	"0.01"	"100000"	"10000"	"200"	"8766685241728061515"	20000	"intercept"	0.69281359
"0.85"	"0.0"	"0.15"	"0.01"	"0.005"	"0.01"	"100000"	"10000"	"200"	"8766685241728061515"	25000	"slope"	-0.0112106846
"0.85"	"0.0"	"0.15"	"0.01"	"0.005"	"0.01"	"100000"	"10000"	"200"	"8766685241728061515"	25000	"intercept"	0.693537635
"0.85"	"0.0"	"0.15"	"0.01"	"0.005"	"0.01"	"100000"	"10000"	"200"	"8766685241728061515"	30000	"slope"	-0.0045668484
"0.85"	"0.0"	"0.15"	"0.01"	"0.005"	"0.01"	"100000"	"10000"	"200"	"8766685241728061515"	30000	"intercept"	0.687048365
"0.85"	"0.0"	"0.15"	"0.01"	"0.005"	"0.01"	"100000"	"10000"	"200"	"8766685241728061515"	35000	"slope"	0.01150098173
"0.85"	"0.0"	"0.15"	"0.01"	"0.005"	"0.01"	"100000"	"10000"	"200"	"8766685241728061515"	35000	"intercept"	0.67569579
"0.85"	"0.0"	"0.15"	"0.01"	"0.005"	"0.01"	"100000"	"10000"	"200"	"8766685241728061515"	40000	"slope"	0.01172329597
"0.85"	"0.0"	"0.15"	"0.01"	"0.005"	"0.01"	"100000"	"10000"	"200"	"8766685241728061515"	40000	"intercept"	0.67477846
"0.85"	"0.0"	"0.15"	"0.01"	"0.005"	"0.01"	"100000"	"10000"	"200"	"8766685241728061515"	45000	"slope"	-0.0175400637485
"0.85"	"0.0"	"0.15"	"0.01"	"0.005"	"0.01"	"100000"	"10000"	"200"	"8766685241728061515"	45000	"intercept"	0.690333035
"0.85"	"0.0"	"0.15"	"0.01"	"0.005"	"0.01"	"100000"	"10000"	"200"	"8766685241728061515"	50000	"slope"	-0.033735305865
"0.85"	"0.0"	"0.15"	"0.01"	"0.005"	"0.01"	"100000"	"10000"	"200"	"8766685241728061515"	50000	"intercept"	0.69620176
"0.85"	"0.0"	"0.15"	"0.01"	"0.005"	"0.01"	"100000"	"10000"	"200"	"8766685241728061515"	55000	"slope"	-0.011193440395
"0.85"	"0.0"	"0.15"	"0.01"	"0.005"	"0.01"	"100000"	"10000"	"200"	"8766685241728061515"	55000	"intercept"	0.691652575
"0.85"	"0.0"	"0.15"	"0.01"	"0.005"	"0.01"	"100000"	"10000"	"200"	"8766685241728061515"	60000	"slope"	-0.006573402
"0.85"	"0.0"	"0.15"	"0.01"	"0.005"	"0.01"	"100000"	"10000"	"200"	"8766685241728061515"	60000	"intercept"	0.684923145
"0.85"	"0.0"	"0.15"	"0.01"	"0.005"	"0.01"	"100000"	"10000"	"200"	"8766685241728061515"	65000	"slope"	-0.003774252895
"0.85"	"0.0"	"0.15"	"0.01"	"0.005"	"0.01"	"100000"	"10000"	"200"	"8766685241728061515"	65000	"intercept"	0.679453385
"0.85"	"0.0"	"0.15"	"0.01"	"0.005"	"0.01"	"100000"	"10000"	"200"	"8766685241728061515"	70000	"slope"	-0.0136883804271
"0.85"	"0.0"	"0.15"	"0.01"	"0.005"	"0.01"	"100000"	"10000"	"200"	"8766685241728061515"	70000	"intercept"	0.696295775
"0.85"	"0.0"	"0.15"	"0.01"	"0.005"	"0.01"	"100000"	"10000"	"200"	"8766685241728061515"	75000	"slope"	0.01239431332
"0.85"	"0.0"	"0.15"	"0.01"	"0.005"	"0.01"	"100000"	"10000"	"200"	"8766685241728061515"	75000	"intercept"	0.67559651
"0.85"	"0.0"	"0.15"	"0.01"	"0.005"	"0.01"	"100000"	"10000"	"200"	"8766685241728061515"	80000	"slope"	0.03534781624
"0.85"	"0.0"	"0.15"	"0.01"	"0.005"	"0.01"	"100000"	"10000"	"200"	"8766685241728061515"	80000	"intercept"	0.66727517
"0.85"	"0.0"	"0.15"	"0.01"	"0.005"	"0.01"	"100000"	"10000"	"200"	"8766685241728061515"	85000	"slope"	-0.006415477435
"0.85"	"0.0"	"0.15"	"0.01"	"0.005"	"0.01"	"100000"	"10000"	"200"	"8766685241728061515"	85000	"intercept"	0.69188779
"0.85"	"0.0"	"0.15"	"0.01"	"0.005"	"0.01"	"100000"	"10000"	"200"	"8766685241728061515"	90000	"slope"	-0.01428312328
"0.85"	"0.0"	"0.15"	"0.01"	"0.005"	"0.01"	"100000"	"10000"	"200"	"8766685241728061515"	90000	"intercept"	0.691847135
"0.85"	"0.0"	"0.15"	"0.01"	"0.005"	"0.01"	"100000"	"10000"	"200"	"8766685241728061515"	95000	"slope"	-0.036127831611
"0.85"	"0.0"	"0.15"	"0.01"	"0.005"	"0.01"	"100000"	"10000"	"200"	"8766685241728061515"	95000	"intercept"	0.701529795
"0.85"	"0.0"	"0.15"	"0.01"	"0.005"	"0.01"	"100000"	"10000"	"200"	"8766685241728061515"	100000	"slope"	-0.03996549889
"0.85"	"0.0"	"0.15"	"0.01"	"0.005"	"0.01"	"100000"	"10000"	"200"	"8766685241728061515"	100000	"intercept"	0.705056575
"0.85"	"0.4"	"0.15"	"0.01"	"0.005"	"0.01"	"100000"	"10000"	"200"	"3813393779873727457"	10	"slope"	-4.25232897e-05
"0.85"	"0.4"	"0.15"	"0.01"	"0.005"	"0.01"	"100000"	"10000"	"200"	"3813393779873727457"	10	"intercept"	0.500159165
"0.85"	"0.4"	"0.15"	"0.01"	"0.005"	"0.01"	"100000"	"10000"	"200"	"3813393779873727457"	5000	"slope"	-0.02968943243
"0.85"	"0.4"	"0.15"	"0.01"	"0.005"	"0.01"	"100000"	"10000"	"200"	"3813393779873727457"	5000	"intercept"	0.63408012
"0.85"	"0.4"	"0.15"	"0.01"	"0.005"	"0.01"	"100000"	"10000"	"200"	"3813393779873727457"	10000	"slope"	-0.07848963735
"0.85"	"0.4"	"0.15"	"0.01"	"0.005"	"0.01"	"100000"	"10000"	"200"	"3813393779873727457"	10000	"intercept"	0.656231615
"0.85"	"0.4"	"0.15"	"0.01"	"0.005"	"0.01"	"100000"	"10000"	"200"	"3813393779873727457"	15000	"slope"	-0.1526020085
"0.85"	"0.4"	"0.15"	"0.01"	"0.005"	"0.01"	"100000"	"10000"	"200"	"3813393779873727457"	15000	"intercept"	0.690960065
"0.85"	"0.4"	"0.15"	"0.01"	"0.005"	"0.01"	"100000"	"10000"	"200"	"3813393779873727457"	20000	"slope"	-0.135972647
"0.85"	"0.4"	"0.15"	"0.01"	"0.005"	"0.01"	"100000"	"10000"	"200"	"3813393779873727457"	20000	"intercept"	0.67737705
"0.85"	"0.4"	"0.15"	"0.01"	"0.005"	"0.01"	"100000"	"10000"	"200"	"3813393779873727457"	25000	"slope"	-0.166867486
"0.85"	"0.4"	"0.15"	"0.01"	"0.005"	"0.01"	"100000"	"10000"	"200"	"3813393779873727457"	25000	"intercept"	0.688866605
"0.85"	"0.4"	"0.15"	"0.01"	"0.005"	"0.01"	"100000"	"10000"	"200"	"3813393779873727457"	30000	"slope"	-0.156637606
"0.85"	"0.4"	"0.15"	"0.01"	"0.005"	"0.01"	"100000"	"10000"	"200"	"3813393779873727457"	30000	"intercept"	0.68462969
"0.85"	"0.4"	"0.15"	"0.01"	"0.005"	"0.01"	"100000"	"10000"	"200"	"3813393779873727457"	35000	"slope"	-0.156746906
"0.85"	"0.4"	"0.15"	"0.01"	"0.005"	"0.01"	"100000"	"10000"	"200"	"3813393779873727457"	35000	"intercept"	0.67760777
"0.85"	"0.4"	"0.15"	"0.01"	"0.005"	"0.01"	"100000"	"10000"	"200"	"3813393779873727457"	40000	"slope"	-0.1675171775
"0.85"	"0.4"	"0.15"	"0.01"	"0.005"	"0.01"	"100000"	"10000"	"200"	"3813393779873727457"	40000	"intercept"	0.700057325
"0.85"	"0.4"	"0.15"	"0.01"	"0.005"	"0.01"	"100000"	"10000"	"200"	"3813393779873727457"	45000	"slope"	-0.142405216
"0.85"	"0.4"	"0.15"	"0.01"	"0.005"	"0.01"	"100000"	"10000"	"200"	"3813393779873727457"	45000	"intercept"	0.68078213
"0.85"	"0.4"	"0.15"	"0.01"	"0.005"	"0.01"	"100000"	"10000"	"200"	"3813393779873727457"	50000	"slope"	-0.1326332655
"0.85"	"0.4"	"0.15"	"0.01"	"0.005"	"0.01"	"100000"	"10000"	"200"	"3813393779873727457"	50000	"intercept"	0.68262057
"0.85"	"0.4"	"0.15"	"0.01"	"0.005"	"0.01"	"100000"	"10000"	"200"	"3813393779873727457"	55000	"slope"	-0.147320287
"0.85"	"0.4"	"0.15"	"0.01"	"0.005"	"0.01"	"100000"	"10000"	"200"	"3813393779873727457"	55000	"intercept"	0.68871158
"0.85"	"0.4"	"0.15"	"0.01"	"0.005"	"0.01"	"100000"	"10000"	"200"	"3813393779873727457"	60000	"slope"	-0.1308006565
"0.85"	"0.4"	"0.15"	"0.01"	"0.005"	"0.01"	"100000"	"10000"	"200"	"3813393779873727457"	60000	"intercept"	0.67003437
"0.85"	"0.4"	"0.15"	"0.01"	"0.005"	"0.01"	"100000"	"10000"	"200"	"3813393779873727457"	65000	"slope"	-0.1161614708
"0.85"	"0.4"	"0.15"	"0.01"	"0.005"	"0.01"	"100000"	"10000"	"200"	"3813393779873727457"	65000	"intercept"	0.67344515
"0.85"	"0.4"	"0.15"	"0.01"	"0.005"	"0.01"	"100000"	"10000"	"200"	"3813393779873727457"	70000	"slope"	-0.1934311165
"0.85"	"0.4"	"0.15"	"0.01"	"0.005"	"0.01"	"100000"	"10000"	"200"	"3813393779873727457"	70000	"intercept"	0.70905294
"0.85"	"0.4"	"0.15"	"0.01"	"0.005"	"0.01"	"100000"	"10000"	"200"	"3813393779873727457"	75000	"slope"	-0.178061367
"0.85"	"0.4"	"0.15"	"0.01"	"0.005"	"0.01"	"100000"	"10000"	"200"	"3813393779873727457"	75000	"intercept"	0.694257555
"0.85"	"0.4"	"0.15"	"0.01"	"0.005"	"0.01"	"100000"	"10000"	"200"	"3813393779873727457"	80000	"slope"	-0.1515184365
"0.85"	"0.4"	"0.15"	"0.01"	"0.005"	"0.01"	"100000"	"10000"	"200"	"3813393779873727457"	80000	"intercept"	0.687823285
"0.85"	"0.4"	"0.15"	"0.01"	"0.005"	"0.01"	"100000"	"10000"	"200"	"3813393779873727457"	85000	"slope"	-0.174334005
"0.85"	"0.4"	"0.15"	"0.01"	"0.005"	"0.01"	"100000"	"10000"	"200"	"3813393779873727457"	85000	"intercept"	0.69585256
"0.85"	"0.4"	"0.15"	"0.01"	"0.005"	"0.01"	"100000"	"10000"	"200"	"3813393779873727457"	90000	"slope"	-0.159672165
"0.85"	"0.4"	"0.15"	"0.01"	"0.005"	"0.01"	"100000"	"10000"	"200"	"3813393779873727457"	90000	"intercept"	0.69689104
"0.85"	"0.4"	"0.15"	"0.01"	"0.005"	"0.01"	"100000"	"10000"	"200"	"3813393779873727457"	95000	"slope"	-0.172133953
"0.85"	"0.4"	"0.15"	"0.01"	"0.005"	"0.01"	"100000"	"10000"	"200"	"3813393779873727457"	95000	"intercept"	0.694972665
"0.85"	"0.4"	"0.15"	"0.01"	"0.005"	"0.01"	"100000"	"10000"	"200"	"3813393779873727457"	100000	"slope"	-0.1986910835
"0.85"	"0.4"	"0.15"	"0.01"	"0.005"	"0.01"	"100000"	"10000"	"200"	"3813393779873727457"	100000	"intercept"	0.71207599
"0.85"	"0.4"	"0.15"	"0.01"	"0.005"	"0.01"	"100000"	"10000"	"200"	"71047302757279647"	10	"slope"	-0.000137895275
"0.85"	"0.4"	"0.15"	"0.01"	"0.005"	"0.01"	"100000"	"10000"	"200"	"71047302757279647"	10	"intercept"	0.500022245
"0.85"	"0.4"	"0.15"	"0.01"	"0.005"	"0.01"	"100000"	"10000"	"200"	"71047302757279647"	5000	"slope"	-0.0257195354845
"0.85"	"0.4"	"0.15"	"0.01"	"0.005"	"0.01"	"100000"	"10000"	"200"	"71047302757279647"	5000	"intercept"	0.635218065
"0.85"	"0.4"	"0.15"	"0.01"	"0.005"	"0.01"	"100000"	"10000"	"200"	"71047302757279647"	10000	"slope"	-0.1052551193
"0.85"	"0.4"	"0.15"	"0.01"	"0.005"	"0.01"	"100000"	"10000"	"200"	"71047302757279647"	10000	"intercept"	0.664645715
"0.85"	"0.4"	"0.15"	"0.01"	"0.005"	"0.01"	"100000"	"10000"	"200"	"71047302757279647"	15000	"slope"	-0.153124367
"0.85"	"0.4"	"0.15"	"0.01"	"0.005"	"0.01"	"100000"	"10000"	"200"	"71047302757279647"	15000	"intercept"	0.68673633
"0.85"	"0.4"	"0.15"	"0.01"	"0.005"	"0.01"	"100000"	"10000"	"200"	"71047302757279647"	20000	"slope"	-0.170945947
"0.85"	"0.4"	"0.15"	"0.01"	"0.005"	"0.01"	"100000"	"10000"	"200"	"71047302757279647"	20000	"intercept"	0.700770755
"0.85"	"0.4"	"0.15"	"0.01"	"0.005"	"0.01"	"100000"	"10000"	"200"	"71047302757279647"	25000	"slope"	-0.19360465
"0.85"	"0.4"	"0.15"	"0.01"	"0.005"	"0.01"	"100000"	"10000"	"200"	"71047302757279647"	25000	"intercept"	0.7041272
"0.85"	"0.4"	"0.15"	"0.01"	"0.005"	"0.01"	"100000"	"10000"	"200"	"71047302757279647"	30000	"slope"	-0.2053991
"0.85"	"0.4"	"0.15"	"0.01"	"0.005"	"0.01"	"100000"	"10000"	"200"	"71047302757279647"	30000	"intercept"	0.709450455
"0.85"	"0.4"	"0.15"	"0.01"	"0.005"	"0.01"	"100000"	"10000"	"200"	"71047302757279647"	35000	"slope"	-0.19202244
"0.85"	"0.4"	"0.15"	"0.01"	"0.005"	"0.01"	"100000"	"10000"	"200"	"71047302757279647"	35000	"intercept"	0.706891435
"0.85"	"0.4"	"0.15"	"0.01"	"0.005"	"0.01"	"100000"	"10000"	"200"	"71047302757279647"	40000	"slope"	-0.197023467
"0.85"	"0.4"	"0.15"	"0.01"	"0.005"	"0.01"	"100000"	"10000"	"200"	"71047302757279647"	40000	"intercept"	0.706740935
"0.85"	"0.4"	"0.15"	"0.01"	"0.005"	"0.01"	"100000"	"10000"	"200"	"71047302757279647"	45000	"slope"	-0.189858384
"0.85"	"0.4"	"0.15"	"0.01"	"0.005"	"0.01"	"100000"	"10000"	"200"	"71047302757279647"	45000	"intercept"	0.706289955
"0.85"	"0.4"	"0.15"	"0.01"	"0.005"	"0.01"	"100000"	"10000"	"200"	"71047302757279647"	50000	"slope"	-0.193132125
"0.85"	"0.4"	"0.15"	"0.01"	"0.005"	"0.01"	"100000"	"10000"	"200"	"71047302757279647"	50000	"intercept"	0.708391405
"0.85"	"0.4"	"0.15"	"0.01"	"0.005"	"0.01"	"100000"	"10000"	"200"	"71047302757279647"	55000	"slope"	-0.196959295
"0.85"	"0.4"	"0.15"	"0.01"	"0.005"	"0.01"	"100000"	"10000"	"200"	"71047302757279647"	55000	"intercept"	0.71019682
"0.85"	"0.4"	"0.15"	"0.01"	"0.005"	"0.01"	"100000"	"10000"	"200"	"71047302757279647"	60000	"slope"	-0.19537058
"0.85"	"0.4"	"0.15"	"0.01"	"0.005"	"0.01"	"100000"	"10000"	"200"	"71047302757279647"	60000	"intercept"	0.70513093
"0.85"	"0.4"	"0.15"	"0.01"	"0.005"	"0.01"	"100000"	"10000"	"200"	"71047302757279647"	65000	"slope"	-0.2077882755
"0.85"	"0.4"	"0.15"	"0.01"	"0.005"	"0.01"	"100000"	"10000"	"200"	"71047302757279647"	65000	"intercept"	0.70993093
"0.85"	"0.4"	"0.15"	"0.01"	"0.005"	"0.01"	"100000"	"10000"	"200"	"71047302757279647"	70000	"slope"	-0.21611059
"0.85"	"0.4"	"0.15"	"0.01"	"0.005"	"0.01"	"100000"	"10000"	"200"	"71047302757279647"	70000	"intercept"	0.72232031
"0.85"	"0.4"	"0.15"	"0.01"	"0.005"	"0.01"	"100000"	"10000"	"200"	"71047302757279647"	75000	"slope"	-0.18683968
"0.85"	"0.4"	"0.15"	"0.01"	"0.005"	"0.01"	"100000"	"10000"	"200"	"71047302757279647"	75000	"intercept"	0.71101529
"0.85"	"0.4"	"0.15"	"0.01"	"0.005"	"0.01"	"100000"	"10000"	"200"	"71047302757279647"	80000	"slope"	-0.195327145
"0.85"	"0.4"	"0.15"	"0.01"	"0.005"	"0.01"	"100000"	"10000"	"200"	"71047302757279647"	80000	"intercept"	0.702521635
"0.85"	"0.4"	"0.15"	"0.01"	"0.005"	"0.01"	"100000"	"10000"	"200"	"71047302757279647"	85000	"slope"	-0.200665847
"0.85"	"0.4"	"0.15"	"0.01"	"0.005"	"0.01"	"100000"	"10000"	"200"	"71047302757279647"	85000	"intercept"	0.70131166
"0.85"	"0.4"	"0.15"	"0.01"	"0.005"	"0.01"	"100000"	"10000"	"200"	"71047302757279647"	90000	"slope"	-0.218694185
"0.85"	"0.4"	"0.15"	"0.01"	"0.005"	"0.01"	"100000"	"10000"	"200"	"71047302757279647"	90000	"intercept"	0.718158265
"0.85"	"0.4"	"0.15"	"0.01"	"0.005"	"0.01"	"100000"	"10000"	"200"	"71047302757279647"	95000	"slope"	-0.19974428
"0.85"	"0.4"	"0.15"	"0.01"	"0.005"	"0.01"	"100000"	"10000"	"200"	"71047302757279647"	95000	"intercept"	0.71643058
"0.85"	"0.4"	"0.15"	"0.01"	"0.005"	"0.01"	"100000"	"10000"	"200"	"71047302757279647"	100000	"slope"	-0.221800695
"0.85"	"0.4"	"0.15"	"0.01"	"0.005"	"0.01"	"100000"	"10000"	"200"	"71047302757279647"	100000	"intercept"	0.71388866
"0.85"	"0.4"	"0.15"	"0.01"	"0.005"	"0.01"	"100000"	"10000"	"200"	"8544641852517546029"	10	"slope"	7.6771003e-05
"0.85"	"0.4"	"0.15"	"0.01"	"0.005"	"0.01"	"100000"	"10000"	"200"	"8544641852517546029"	10	"intercept"	0.49988845
"0.85"	"0.4"	"0.15"	"0.01"	"0.005"	"0.01"	"100000"	"10000"	"200"	"8544641852517546029"	5000	"slope"	0.013443512855
"0.85"	"0.4"	"0.15"	"0.01"	"0.005"	"0.01"	"100000"	"10000"	"200"	"8544641852517546029"	5000	"intercept"	0.60895857
"0.85"	"0.4"	"0.15"	"0.01"	"0.005"	"0.01"	"100000"	"10000"	"200"	"8544641852517546029"	10000	"slope"	-0.07641008955
"0.85"	"0.4"	"0.15"	"0.01"	"0.005"	"0.01"	"100000"	"10000"	"200"	"8544641852517546029"	10000	"intercept"	0.651500575
"0.85"	"0.4"	"0.15"	"0.01"	"0.005"	"0.01"	"100000"	"10000"	"200"	"8544641852517546029"	15000	"slope"	-0.10577950139
"0.85"	"0.4"	"0.15"	"0.01"	"0.005"	"0.01"	"100000"	"10000"	"200"	"8544641852517546029"	15000	"intercept"	0.6685895
"0.85"	"0.4"	"0.15"	"0.01"	"0.005"	"0.01"	"100000"	"10000"	"200"	"8544641852517546029"	20000	"slope"	-0.1899324925
"0.85"	"0.4"	"0.15"	"0.01"	"0.005"	"0.01"	"100000"	"10000"	"200"	"8544641852517546029"	20000	"intercept"	0.701378235
"0.85"	"0.4"	"0.15"	"0.01"	"0.005"	"0.01"	"100000"	"10000"	"200"	"8544641852517546029"	25000	"slope"	-0.189525975
"0.85"	"0.4"	"0.15"	"0.01"	"0.005"	"0.01"	"100000"	"10000"	"200"	"8544641852517546029"	25000	"intercept"	0.704845645
"0.85"	"0.4"	"0.15"	"0.01"	"0.005"	"0.01"	"100000"	"10000"	"200"	"8544641852517546029"	30000	"slope"	-0.1833314325
"0.85"	"0.4"	"0.15"	"0.01"	"0.005"	"0.01"	"100000"	"10000"	"200"	"8544641852517546029"	30000	"intercept"	0.69647048
"0.85"	"0.4"	"0.15"	"0.01"	"0.005"	"0.01"	"100000"	"10000"	"200"	"8544641852517546029"	35000	"slope"	-0.1836461105
"0.85"	"0.4"	"0.15"	"0.01"	"0.005"	"0.01"	"100000"	"10000"	"200"	"8544641852517546029"	35000	"intercept"	0.702893665
"0.85"	"0.4"	"0.15"	"0.01"	"0.005"	"0.01"	"100000"	"10000"	"200"	"8544641852517546029"	40000	"slope"	-0.1545317285
"0.85"	"0.4"	"0.15"	"0.01"	"0.005"	"0.01"	"100000"	"10000"	"200"	"8544641852517546029"	40000	"intercept"	0.689157675
"0.85"	"0.4"	"0.15"	"0.01"	"0.005"	"0.01"	"100000"	"10000"	"200"	"8544641852517546029"	45000	"slope"	-0.180706208
"0.85"	"0.4"	"0.15"	"0.01"	"0.005"	"0.01"	"100000"	"10000"	"200"	"8544641852517546029"	45000	"intercept"	0.70082316
"0.85"	"0.4"	"0.15"	"0.01"	"0.005"	"0.01"	"100000"	"10000"	"200"	"8544641852517546029"	50000	"slope"	-0.218078905
"0.85"	"0.4"	"0.15"	"0.01"	"0.005"	"0.01"	"100000"	"10000"	"200"	"8544641852517546029"	50000	"intercept"	0.707562485
"0.85"	"0.4"	"0.15"	"0.01"	"0.005"	"0.01"	"100000"	"10000"	"200"	"8544641852517546029"	55000	"slope"	-0.18911605
"0.85"	"0.4"	"0.15"	"0.01"	"0.005"	"0.01"	"100000"	"10000"	"200"	"8544641852517546029"	55000	"intercept"	0.70254942
"0.85"	"0.4"	"0.15"	"0.01"	"0.005"	"0.01"	"100000"	"10000"	"200"	"8544641852517546029"	60000	"slope"	-0.20324457
"0.85"	"0.4"	"0.15"	"0.01"	"0.005"	"0.01"	"100000"	"10000"	"200"	"8544641852517546029"	60000	"intercept"	0.712473825
"0.85"	"0.4"	"0.15"	"0.01"	"0.005"	"0.01"	"100000"	"10000"	"200"	"8544641852517546029"	65000	"slope"	-0.186388438
"0.85"	"0.4"	"0.15"	"0.01"	"0.005"	"0.01"	"100000"	"10000"	"200"	"8544641852517546029"	65000	"intercept"	0.70428948
"0.85"	"0.4"	"0.15"	"0.01"	"0.005"	"0.01"	"100000"	"10000"	"200"	"8544641852517546029"	70000	"slope"	-0.19276297
"0.85"	"0.4"	"0.15"	"0.01"	"0.005"	"0.01"	"100000"	"10000"	"200"	"8544641852517546029"	70000	"intercept"	0.703795565
"0.85"	"0.4"	"0.15"	"0.01"	"0.005"	"0.01"	"100000"	"10000"	"200"	"8544641852517546029"	75000	"slope"	-0.1796223075
"0.85"	"0.4"	"0.15"	"0.01"	"0.005"	"0.01"	"100000"	"10000"	"200"	"8544641852517546029"	75000	"intercept"	0.70908379
"0.85"	"0.4"	"0.15"	"0.01"	"0.005"	"0.01"	"100000"	"10000"	"200"	"8544641852517546029"	80000	"slope"	-0.1896974945
"0.85"	"0.4"	"0.15"	"0.01"	"0.005"	"0.01"	"100000"	"10000"	"200"	"8544641852517546029"	80000	"intercept"	0.71176651
"0.85"	"0.4"	"0.15"	"0.01"	"0.005"	"0.01"	"100000"	"10000"	"200"	"8544641852517546029"	85000	"slope"	-0.202335077
"0.85"	"0.4"	"0.15"	"0.01"	"0.005"	"0.01"	"100000"	"10000"	"200"	"8544641852517546029"	85000	"intercept"	0.71259098
"0.85"	"0.4"	"0.15"	"0.01"	"0.005"	"0.01"	"100000"	"10000"	"200"	"8544641852517546029"	90000	"slope"	-0.21530464
"0.85"	"0.4"	"0.15"	"0.01"	"0.005"	"0.01"	"100000"	"10000"	"200"	"8544641852517546029"	90000	"intercept"	0.71491364
"0.85"	"0.4"	"0.15"	"0.01"	"0.005"	"0.01"	"100000"	"10000"	"200"	"8544641852517546029"	95000	"slope"	-0.1911033375
"0.85"	"0.4"	"0.15"	"0.01"	"0.005"	"0.01"	"100000"	"10000"	"200"	"8544641852517546029"	95000	"intercept"	0.71221439
"0.85"	"0.4"	"0.15"	"0.01"	"0.005"	"0.01"	"100000"	"10000"	"200"	"8544641852517546029"	100000	"slope"	-0.19717211
"0.85"	"0.4"	"0.15"	"0.01"	"0.005"	"0.01"	"100000"	"10000"	"200"	"8544641852517546029"	100000	"intercept"	0.709848825
"0.85"	"0.6"	"0.15"	"0.01"	"0.005"	"0.01"	"100000"	"10000"	"200"	"4483204956629958887"	10	"slope"	5.45041e-05
"0.85"	"0.6"	"0.15"	"0.01"	"0.005"	"0.01"	"100000"	"10000"	"200"	"4483204956629958887"	10	"intercept"	0.500027835
"0.85"	"0.6"	"0.15"	"0.01"	"0.005"	"0.01"	"100000"	"10000"	"200"	"4483204956629958887"	5000	"slope"	-0.03862514245
"0.85"	"0.6"	"0.15"	"0.01"	"0.005"	"0.01"	"100000"	"10000"	"200"	"4483204956629958887"	5000	"intercept"	0.57224147
"0.85"	"0.6"	"0.15"	"0.01"	"0.005"	"0.01"	"100000"	"10000"	"200"	"4483204956629958887"	10000	"slope"	-0.1669003885
"0.85"	"0.6"	"0.15"	"0.01"	"0.005"	"0.01"	"100000"	"10000"	"200"	"4483204956629958887"	10000	"intercept"	0.63512018
"0.85"	"0.6"	"0.15"	"0.01"	"0.005"	"0.01"	"100000"	"10000"	"200"	"4483204956629958887"	15000	"slope"	-0.236977355
"0.85"	"0.6"	"0.15"	"0.01"	"0.005"	"0.01"	"100000"	"10000"	"200"	"4483204956629958887"	15000	"intercept"	0.680731155
"0.85"	"0.6"	"0.15"	"0.01"	"0.005"	"0.01"	"100000"	"10000"	"200"	"4483204956629958887"	20000	"slope"	-0.27459572
"0.85"	"0.6"	"0.15"	"0.01"	"0.005"	"0.01"	"100000"	"10000"	"200"	"4483204956629958887"	20000	"intercept"	0.688453135
"0.85"	"0.6"	"0.15"	"0.01"	"0.005"	"0.01"	"100000"	"10000"	"200"	"4483204956629958887"	25000	"slope"	-0.31430892
"0.85"	"0.6"	"0.15"	"0.01"	"0.005"	"0.01"	"100000"	"10000"	"200"	"4483204956629958887"	25000	"intercept"	0.70873418
"0.85"	"0.6"	"0.15"	"0.01"	"0.005"	"0.01"	"100000"	"10000"	"200"	"4483204956629958887"	30000	"slope"	-0.315537935
"0.85"	"0.6"	"0.15"	"0.01"	"0.005"	"0.01"	"100000"	"10000"	"200"	"4483204956629958887"	30000	"intercept"	0.70408339
"0.85"	"0.6"	"0.15"	"0.01"	"0.005"	"0.01"	"100000"	"10000"	"200"	"4483204956629958887"	35000	"slope"	-0.302198395
"0.85"	"0.6"	"0.15"	"0.01"	"0.005"	"0.01"	"100000"	"10000"	"200"	"4483204956629958887"	35000	"intercept"	0.695679635
"0.85"	"0.6"	"0.15"	"0.01"	"0.005"	"0.01"	"100000"	"10000"	"200"	"4483204956629958887"	40000	"slope"	-0.32483888
"0.85"	"0.6"	"0.15"	"0.01"	"0.005"	"0.01"	"100000"	"10000"	"200"	"4483204956629958887"	40000	"intercept"	0.715071115
"0.85"	"0.6"	"0.15"	"0.01"	"0.005"	"0.01"	"100000"	"10000"	"200"	"4483204956629958887"	45000	"slope"	-0.32204532
"0.85"	"0.6"	"0.15"	"0.01"	"0.005"	"0.01"	"100000"	"10000"	"200"	"4483204956629958887"	45000	"intercept"	0.712971445
"0.85"	"0.6"	"0.15"	"0.01"	"0.005"	"0.01"	"100000"	"10000"	"200"	"4483204956629958887"	50000	"slope"	-0.32268888
"0.85"	"0.6"	"0.15"	"0.01"	"0.005"	"0.01"	"100000"	"10000"	"200"	"4483204956629958887"	50000	"intercept"	0.712064565
"0.85"	"0.6"	"0.15"	"0.01"	"0.005"	"0.01"	"100000"	"10000"	"200"	"4483204956629958887"	55000	"slope"	-0.35084377
"0.85"	"0.6"	"0.15"	"0.01"	"0.005"	"0.01"	"100000"	"10000"	"200"	"4483204956629958887"	55000	"intercept"	0.721810795
"0.85"	"0.6"	"0.15"	"0.01"	"0.005"	"0.01"	"100000"	"10000"	"200"	"4483204956629958887"	60000	"slope"	-0.322169985
"0.85"	"0.6"	"0.15"	"0.01"	"0.005"	"0.01"	"100000"	"10000"	"200"	"4483204956629958887"	60000	"intercept"	0.710831615
"0.85"	"0.6"	"0.15"	"0.01"	"0.005"	"0.01"	"100000"	"10000"	"200"	"4483204956629958887"	65000	"slope"	-0.33525267
"0.85"	"0.6"	"0.15"	"0.01"	"0.005"	"0.01"	"100000"	"10000"	"200"	"4483204956629958887"	65000	"intercept"	0.717073145
"0.85"	"0.6"	"0.15"	"0.01"	"0.005"	"0.01"	"100000"	"10000"	"200"	"4483204956629958887"	70000	"slope"	-0.32184864
"0.85"	"0.6"	"0.15"	"0.01"	"0.005"	"0.01"	"100000"	"10000"	"200"	"4483204956629958887"	70000	"intercept"	0.711237565
"0.85"	"0.6"	"0.15"	"0.01"	"0.005"	"0.01"	"100000"	"10000"	"200"	"4483204956629958887"	75000	"slope"	-0.342332865
"0.85"	"0.6"	"0.15"	"0.01"	"0.005"	"0.01"	"100000"	"10000"	"200"	"4483204956629958887"	75000	"intercept"	0.72845985
"0.85"	"0.6"	"0.15"	"0.01"	"0.005"	"0.01"	"100000"	"10000"	"200"	"4483204956629958887"	80000	"slope"	-0.3705019
"0.85"	"0.6"	"0.15"	"0.01"	"0.005"	"0.01"	"100000"	"10000"	"200"	"4483204956629958887"	80000	"intercept"	0.738295285
"0.85"	"0.6"	"0.15"	"0.01"	"0.005"	"0.01"	"100000"	"10000"	"200"	"4483204956629958887"	85000	"slope"	-0.35248345
"0.85"	"0.6"	"0.15"	"0.01"	"0.005"	"0.01"	"100000"	"10000"	"200"	"4483204956629958887"	85000	"intercept"	0.727538235
"0.85"	"0.6"	"0.15"	"0.01"	"0.005"	"0.01"	"100000"	"10000"	"200"	"4483204956629958887"	90000	"slope"	-0.382182725
"0.85"	"0.6"	"0.15"	"0.01"	"0.005"	"0.01"	"100000"	"10000"	"200"	"4483204956629958887"	90000	"intercept"	0.73998801
"0.85"	"0.6"	"0.15"	"0.01"	"0.005"	"0.01"	"100000"	"10000"	"200"	"4483204956629958887"	95000	"slope"	-0.386489665
"0.85"	"0.6"	"0.15"	"0.01"	"0.005"	"0.01"	"100000"	"10000"	"200"	"4483204956629958887"	95000	"intercept"	0.742523745
"0.85"	"0.6"	"0.15"	"0.01"	"0.005"	"0.01"	"100000"	"10000"	"200"	"4483204956629958887"	100000	"slope"	-0.331933
"0.85"	"0.6"	"0.15"	"0.01"	"0.005"	"0.01"	"100000"	"10000"	"200"	"4483204956629958887"	100000	"intercept"	0.724973725
"0.85"	"0.6"	"0.15"	"0.01"	"0.005"	"0.01"	"100000"	"10000"	"200"	"6143910269890875763"	10	"slope"	-8.9331022e-05
"0.85"	"0.6"	"0.15"	"0.01"	"0.005"	"0.01"	"100000"	"10000"	"200"	"6143910269890875763"	10	"intercept"	0.499697705
"0.85"	"0.6"	"0.15"	"0.01"	"0.005"	"0.01"	"100000"	"10000"	"200"	"6143910269890875763"	5000	"slope"	-0.054267715395
"0.85"	"0.6"	"0.15"	"0.01"	"0.005"	"0.01"	"100000"	"10000"	"200"	"6143910269890875763"	5000	"intercept"	0.575188645
"0.85"	"0.6"	"0.15"	"0.01"	"0.005"	"0.01"	"100000"	"10000"	"200"	"6143910269890875763"	10000	"slope"	-0.149733789
"0.85"	"0.6"	"0.15"	"0.01"	"0.005"	"0.01"	"100000"	"10000"	"200"	"6143910269890875763"	10000	"intercept"	0.62959295
"0.85"	"0.6"	"0.15"	"0.01"	"0.005"	"0.01"	"100000"	"10000"	"200"	"6143910269890875763"	15000	"slope"	-0.22281653
"0.85"	"0.6"	"0.15"	"0.01"	"0.005"	"0.01"	"100000"	"10000"	"200"	"6143910269890875763"	15000	"intercept"	0.65967997
"0.85"	"0.6"	"0.15"	"0.01"	"0.005"	"0.01"	"100000"	"10000"	"200"	"6143910269890875763"	20000	"slope"	-0.28801374
"0.85"	"0.6"	"0.15"	"0.01"	"0.005"	"0.01"	"100000"	"10000"	"200"	"6143910269890875763"	20000	"intercept"	0.691368025
"0.85"	"0.6"	"0.15"	"0.01"	"0.005"	"0.01"	"100000"	"10000"	"200"	"6143910269890875763"	25000	"slope"	-0.30479571
"0.85"	"0.6"	"0.15"	"0.01"	"0.005"	"0.01"	"100000"	"10000"	"200"	"6143910269890875763"	25000	"intercept"	0.70576319
"0.85"	"0.6"	"0.15"	"0.01"	"0.005"	"0.01"	"100000"	"10000"	"200"	"6143910269890875763"	30000	"slope"	-0.29420885
"0.85"	"0.6"	"0.15"	"0.01"	"0.005"	"0.01"	"100000"	"10000"	"200"	"6143910269890875763"	30000	"intercept"	0.69572444
"0.85"	"0.6"	"0.15"	"0.01"	"0.005"	"0.01"	"100000"	"10000"	"200"	"6143910269890875763"	35000	"slope"	-0.328382685
"0.85"	"0.6"	"0.15"	"0.01"	"0.005"	"0.01"	"100000"	"10000"	"200"	"6143910269890875763"	35000	"intercept"	0.714934545
"0.85"	"0.6"	"0.15"	"0.01"	"0.005"	"0.01"	"100000"	"10000"	"200"	"6143910269890875763"	40000	"slope"	-0.300949885
"0.85"	"0.6"	"0.15"	"0.01"	"0.005"	"0.01"	"100000"	"10000"	"200"	"6143910269890875763"	40000	"intercept"	0.711028465
"0.85"	"0.6"	"0.15"	"0.01"	"0.005"	"0.01"	"100000"	"10000"	"200"	"6143910269890875763"	45000	"slope"	-0.33973107
"0.85"	"0.6"	"0.15"	"0.01"	"0.005"	"0.01"	"100000"	"10000"	"200"	"6143910269890875763"	45000	"intercept"	0.725950025
"0.85"	"0.6"	"0.15"	"0.01"	"0.005"	"0.01"	"100000"	"10000"	"200"	"6143910269890875763"	50000	"slope"	-0.337727565
"0.85"	"0.6"	"0.15"	"0.01"	"0.005"	"0.01"	"100000"	"10000"	"200"	"6143910269890875763"	50000	"intercept"	0.72415045
"0.85"	"0.6"	"0.15"	"0.01"	"0.005"	"0.01"	"100000"	"10000"	"200"	"6143910269890875763"	55000	"slope"	-0.34216995
"0.85"	"0.6"	"0.15"	"0.01"	"0.005"	"0.01"	"100000"	"10000"	"200"	"6143910269890875763"	55000	"intercept"	0.721880035
"0.85"	"0.6"	"0.15"	"0.01"	"0.005"	"0.01"	"100000"	"10000"	"200"	"6143910269890875763"	60000	"slope"	-0.346507745
"0.85"	"0.6"	"0.15"	"0.01"	"0.005"	"0.01"	"100000"	"10000"	"200"	"6143910269890875763"	60000	"intercept"	0.721235105
"0.85"	"0.6"	"0.15"	"0.01"	"0.005"	"0.01"	"100000"	"10000"	"200"	"6143910269890875763"	65000	"slope"	-0.3593799
"0.85"	"0.6"	"0.15"	"0.01"	"0.005"	"0.01"	"100000"	"10000"	"200"	"6143910269890875763"	65000	"intercept"	0.72927284
"0.85"	"0.6"	"0.15"	"0.01"	"0.005"	"0.01"	"100000"	"10000"	"200"	"6143910269890875763"	70000	"slope"	-0.335467665
"0.85"	"0.6"	"0.15"	"0.01"	"0.005"	"0.01"	"100000"	"10000"	"200"	"6143910269890875763"	70000	"intercept"	0.713379035
"0.85"	"0.6"	"0.15"	"0.01"	"0.005"	"0.01"	"100000"	"10000"	"200"	"6143910269890875763"	75000	"slope"	-0.299979265
"0.85"	"0.6"	"0.15"	"0.01"	"0.005"	"0.01"	"100000"	"10000"	"200"	"6143910269890875763"	75000	"intercept"	0.70202334
"0.85"	"0.6"	"0.15"	"0.01"	"0.005"	"0.01"	"100000"	"10000"	"200"	"6143910269890875763"	80000	"slope"	-0.322146845
"0.85"	"0.6"	"0.15"	"0.01"	"0.005"	"0.01"	"100000"	"10000"	"200"	"6143910269890875763"	80000	"intercept"	0.71659402
"0.85"	"0.6"	"0.15"	"0.01"	"0.005"	"0.01"	"100000"	"10000"	"200"	"6143910269890875763"	85000	"slope"	-0.335884035
"0.85"	"0.6"	"0.15"	"0.01"	"0.005"	"0.01"	"100000"	"10000"	"200"	"6143910269890875763"	85000	"intercept"	0.721529475
"0.85"	"0.6"	"0.15"	"0.01"	"0.005"	"0.01"	"100000"	"10000"	"200"	"6143910269890875763"	90000	"slope"	-0.32048517
"0.85"	"0.6"	"0.15"	"0.01"	"0.005"	"0.01"	"100000"	"10000"	"200"	"6143910269890875763"	90000	"intercept"	0.711230535
"0.85"	"0.6"	"0.15"	"0.01"	"0.005"	"0.01"	"100000"	"10000"	"200"	"6143910269890875763"	95000	"slope"	-0.33269123
"0.85"	"0.6"	"0.15"	"0.01"	"0.005"	"0.01"	"100000"	"10000"	"200"	"6143910269890875763"	95000	"intercept"	0.713805455
"0.85"	"0.6"	"0.15"	"0.01"	"0.005"	"0.01"	"100000"	"10000"	"200"	"6143910269890875763"	100000	"slope"	-0.308203385
"0.85"	"0.6"	"0.15"	"0.01"	"0.005"	"0.01"	"100000"	"10000"	"200"	"6143910269890875763"	100000	"intercept"	0.712277615
"0.85"	"0.6"	"0.15"	"0.01"	"0.005"	"0.01"	"100000"	"10000"	"200"	"6737311749374293972"	10	"slope"	-8.1379075e-05
"0.85"	"0.6"	"0.15"	"0.01"	"0.005"	"0.01"	"100000"	"10000"	"200"	"6737311749374293972"	10	"intercept"	0.499845895
"0.85"	"0.6"	"0.15"	"0.01"	"0.005"	"0.01"	"100000"	"10000"	"200"	"6737311749374293972"	5000	"slope"	-0.03029629769
"0.85"	"0.6"	"0.15"	"0.01"	"0.005"	"0.01"	"100000"	"10000"	"200"	"6737311749374293972"	5000	"intercept"	0.57346456
"0.85"	"0.6"	"0.15"	"0.01"	"0.005"	"0.01"	"100000"	"10000"	"200"	"6737311749374293972"	10000	"slope"	-0.121189051
"0.85"	"0.6"	"0.15"	"0.01"	"0.005"	"0.01"	"100000"	"10000"	"200"	"6737311749374293972"	10000	"intercept"	0.61673062
"0.85"	"0.6"	"0.15"	"0.01"	"0.005"	"0.01"	"100000"	"10000"	"200"	"6737311749374293972"	15000	"slope"	-0.188090895
"0.85"	"0.6"	"0.15"	"0.01"	"0.005"	"0.01"	"100000"	"10000"	"200"	"6737311749374293972"	15000	"intercept"	0.640025025
"0.85"	"0.6"	"0.15"	"0.01"	"0.005"	"0.01"	"100000"	"10000"	"200"	"6737311749374293972"	20000	"slope"	-0.226471745
"0.85"	"0.6"	"0.15"	"0.01"	"0.005"	"0.01"	"100000"	"10000"	"200"	"6737311749374293972"	20000	"intercept"	0.660577205
"0.85"	"0.6"	"0.15"	"0.01"	"0.005"	"0.01"	"100000"	"10000"	"200"	"6737311749374293972"	25000	"slope"	-0.240452475
"0.85"	"0.6"	"0.15"	"0.01"	"0.005"	"0.01"	"100000"	"10000"	"200"	"6737311749374293972"	25000	"intercept"	0.680167025
"0.85"	"0.6"	"0.15"	"0.01"	"0.005"	"0.01"	"100000"	"10000"	"200"	"6737311749374293972"	30000	"slope"	-0.310787755
"0.85"	"0.6"	"0.15"	"0.01"	"0.005"	"0.01"	"100000"	"10000"	"200"	"6737311749374293972"	30000	"intercept"	0.710759435
"0.85"	"0.6"	"0.15"	"0.01"	"0.005"	"0.01"	"100000"	"10000"	"200"	"6737311749374293972"	35000	"slope"	-0.33716984
"0.85"	"0.6"	"0.15"	"0.01"	"0.005"	"0.01"	"100000"	"10000"	"200"	"6737311749374293972"	35000	"intercept"	0.71894041
"0.85"	"0.6"	"0.15"	"0.01"	"0.005"	"0.01"	"100000"	"10000"	"200"	"6737311749374293972"	40000	"slope"	-0.332301305
"0.85"	"0.6"	"0.15"	"0.01"	"0.005"	"0.01"	"100000"	"10000"	"200"	"6737311749374293972"	40000	"intercept"	0.716967685
"0.85"	"0.6"	"0.15"	"0.01"	"0.005"	"0.01"	"100000"	"10000"	"200"	"6737311749374293972"	45000	"slope"	-0.287833255
"0.85"	"0.6"	"0.15"	"0.01"	"0.005"	"0.01"	"100000"	"10000"	"200"	"6737311749374293972"	45000	"intercept"	0.691889015
"0.85"	"0.6"	"0.15"	"0.01"	"0.005"	"0.01"	"100000"	"10000"	"200"	"6737311749374293972"	50000	"slope"	-0.30603058
"0.85"	"0.6"	"0.15"	"0.01"	"0.005"	"0.01"	"100000"	"10000"	"200"	"6737311749374293972"	50000	"intercept"	0.70185571
"0.85"	"0.6"	"0.15"	"0.01"	"0.005"	"0.01"	"100000"	"10000"	"200"	"6737311749374293972"	55000	"slope"	-0.3515981
"0.85"	"0.6"	"0.15"	"0.01"	"0.005"	"0.01"	"100000"	"10000"	"200"	"6737311749374293972"	55000	"intercept"	0.72756384
"0.85"	"0.6"	"0.15"	"0.01"	"0.005"	"0.01"	"100000"	"10000"	"200"	"6737311749374293972"	60000	"slope"	-0.34654564
"0.85"	"0.6"	"0.15"	"0.01"	"0.005"	"0.01"	"100000"	"10000"	"200"	"6737311749374293972"	60000	"intercept"	0.721396545
"0.85"	"0.6"	"0.15"	"0.01"	"0.005"	"0.01"	"100000"	"10000"	"200"	"6737311749374293972"	65000	"slope"	-0.29889041
"0.85"	"0.6"	"0.15"	"0.01"	"0.005"	"0.01"	"100000"	"10000"	"200"	"6737311749374293972"	65000	"intercept"	0.70444183
"0.85"	"0.6"	"0.15"	"0.01"	"0.005"	"0.01"	"100000"	"10000"	"200"	"6737311749374293972"	70000	"slope"	-0.33845654
"0.85"	"0.6"	"0.15"	"0.01"	"0.005"	"0.01"	"100000"	"10000"	"200"	"6737311749374293972"	70000	"intercept"	0.7173287
"0.85"	"0.6"	"0.15"	"0.01"	"0.005"	"0.01"	"100000"	"10000"	"200"	"6737311749374293972"	75000	"slope"	-0.331076975
"0.85"	"0.6"	"0.15"	"0.01"	"0.005"	"0.01"	"100000"	"10000"	"200"	"6737311749374293972"	75000	"intercept"	0.72075878
"0.85"	"0.6"	"0.15"	"0.01"	"0.005"	"0.01"	"100000"	"10000"	"200"	"6737311749374293972"	80000	"slope"	-0.315739275
"0.85"	"0.6"	"0.15"	"0.01"	"0.005"	"0.01"	"100000"	"10000"	"200"	"6737311749374293972"	80000	"intercept"	0.70583769
"0.85"	"0.6"	"0.15"	"0.01"	"0.005"	"0.01"	"100000"	"10000"	"200"	"6737311749374293972"	85000	"slope"	-0.33064073
"0.85"	"0.6"	"0.15"	"0.01"	"0.005"	"0.01"	"100000"	"10000"	"200"	"6737311749374293972"	85000	"intercept"	0.718329785
"0.85"	"0.6"	"0.15"	"0.01"	"0.005"	"0.01"	"100000"	"10000"	"200"	"6737311749374293972"	90000	"slope"	-0.34352106
"0.85"	"0.6"	"0.15"	"0.01"	"0.005"	"0.01"	"100000"	"10000"	"200"	"6737311749374293972"	90000	"intercept"	0.726735145
"0.85"	"0.6"	"0.15"	"0.01"	"0.005"	"0.01"	"100000"	"10000"	"200"	"6737311749374293972"	95000	"slope"	-0.344642735
"0.85"	"0.6"	"0.15"	"0.01"	"0.005"	"0.01"	"100000"	"10000"	"200"	"6737311749374293972"	95000	"intercept"	0.72079409
"0.85"	"0.6"	"0.15"	"0.01"	"0.005"	"0.01"	"100000"	"10000"	"200"	"6737311749374293972"	100000	"slope"	-0.311083015
"0.85"	"0.6"	"0.15"	"0.01"	"0.005"	"0.01"	"100000"	"10000"	"200"	"6737311749374293972"	100000	"intercept"	0.7064093
"0.85"	"0.8"	"0.15"	"0.01"	"0.005"	"0.01"	"100000"	"10000"	"200"	"233290687358090208"	10	"slope"	7.136386e-05
"0.85"	"0.8"	"0.15"	"0.01"	"0.005"	"0.01"	"100000"	"10000"	"200"	"233290687358090208"	10	"intercept"	0.500255575
"0.85"	"0.8"	"0.15"	"0.01"	"0.005"	"0.01"	"100000"	"10000"	"200"	"233290687358090208"	5000	"slope"	-0.1555029405
"0.85"	"0.8"	"0.15"	"0.01"	"0.005"	"0.01"	"100000"	"10000"	"200"	"233290687358090208"	5000	"intercept"	0.535923515
"0.85"	"0.8"	"0.15"	"0.01"	"0.005"	"0.01"	"100000"	"10000"	"200"	"233290687358090208"	10000	"slope"	-0.288772835
"0.85"	"0.8"	"0.15"	"0.01"	"0.005"	"0.01"	"100000"	"10000"	"200"	"233290687358090208"	10000	"intercept"	0.602623065
"0.85"	"0.8"	"0.15"	"0.01"	"0.005"	"0.01"	"100000"	"10000"	"200"	"233290687358090208"	15000	"slope"	-0.372524885
"0.85"	"0.8"	"0.15"	"0.01"	"0.005"	"0.01"	"100000"	"10000"	"200"	"233290687358090208"	15000	"intercept"	0.651256515
"0.85"	"0.8"	"0.15"	"0.01"	"0.005"	"0.01"	"100000"	"10000"	"200"	"233290687358090208"	20000	"slope"	-0.420763795
"0.85"	"0.8"	"0.15"	"0.01"	"0.005"	"0.01"	"100000"	"10000"	"200"	"233290687358090208"	20000	"intercept"	0.681612945
"0.85"	"0.8"	"0.15"	"0.01"	"0.005"	"0.01"	"100000"	"10000"	"200"	"233290687358090208"	25000	"slope"	-0.498763435
"0.85"	"0.8"	"0.15"	"0.01"	"0.005"	"0.01"	"100000"	"10000"	"200"	"233290687358090208"	25000	"intercept"	0.73345479
"0.85"	"0.8"	"0.15"	"0.01"	"0.005"	"0.01"	"100000"	"10000"	"200"	"233290687358090208"	30000	"slope"	-0.50609636
"0.85"	"0.8"	"0.15"	"0.01"	"0.005"	"0.01"	"100000"	"10000"	"200"	"233290687358090208"	30000	"intercept"	0.730770945
"0.85"	"0.8"	"0.15"	"0.01"	"0.005"	"0.01"	"100000"	"10000"	"200"	"233290687358090208"	35000	"slope"	-0.534020905
"0.85"	"0.8"	"0.15"	"0.01"	"0.005"	"0.01"	"100000"	"10000"	"200"	"233290687358090208"	35000	"intercept"	0.74588685
"0.85"	"0.8"	"0.15"	"0.01"	"0.005"	"0.01"	"100000"	"10000"	"200"	"233290687358090208"	40000	"slope"	-0.510986235
"0.85"	"0.8"	"0.15"	"0.01"	"0.005"	"0.01"	"100000"	"10000"	"200"	"233290687358090208"	40000	"intercept"	0.73347074
"0.85"	"0.8"	"0.15"	"0.01"	"0.005"	"0.01"	"100000"	"10000"	"200"	"233290687358090208"	45000	"slope"	-0.53304612
"0.85"	"0.8"	"0.15"	"0.01"	"0.005"	"0.01"	"100000"	"10000"	"200"	"233290687358090208"	45000	"intercept"	0.759200155
"0.85"	"0.8"	"0.15"	"0.01"	"0.005"	"0.01"	"100000"	"10000"	"200"	"233290687358090208"	50000	"slope"	-0.56056594
"0.85"	"0.8"	"0.15"	"0.01"	"0.005"	"0.01"	"100000"	"10000"	"200"	"233290687358090208"	50000	"intercept"	0.780448175
"0.85"	"0.8"	"0.15"	"0.01"	"0.005"	"0.01"	"100000"	"10000"	"200"	"233290687358090208"	55000	"slope"	-0.56148852
"0.85"	"0.8"	"0.15"	"0.01"	"0.005"	"0.01"	"100000"	"10000"	"200"	"233290687358090208"	55000	"intercept"	0.76822772
"0.85"	"0.8"	"0.15"	"0.01"	"0.005"	"0.01"	"100000"	"10000"	"200"	"233290687358090208"	60000	"slope"	-0.552425
"0.85"	"0.8"	"0.15"	"0.01"	"0.005"	"0.01"	"100000"	"10000"	"200"	"233290687358090208"	60000	"intercept"	0.77759576
"0.85"	"0.8"	"0.15"	"0.01"	"0.005"	"0.01"	"100000"	"10000"	"200"	"233290687358090208"	65000	"slope"	-0.56144471
"0.85"	"0.8"	"0.15"	"0.01"	"0.005"	"0.01"	"100000"	"10000"	"200"	"233290687358090208"	65000	"intercept"	0.770716085
"0.85"	"0.8"	"0.15"	"0.01"	"0.005"	"0.01"	"100000"	"10000"	"200"	"233290687358090208"	70000	"slope"	-0.548991185
"0.85"	"0.8"	"0.15"	"0.01"	"0.005"	"0.01"	"100000"	"10000"	"200"	"233290687358090208"	70000	"intercept"	0.760523845
"0.85"	"0.8"	"0.15"	"0.01"	"0.005"	"0.01"	"100000"	"10000"	"200"	"233290687358090208"	75000	"slope"	-0.54994942
"0.85"	"0.8"	"0.15"	"0.01"	"0.005"	"0.01"	"100000"	"10000"	"200"	"233290687358090208"	75000	"intercept"	0.76546659
"0.85"	"0.8"	"0.15"	"0.01"	"0.005"	"0.01"	"100000"	"10000"	"200"	"233290687358090208"	80000	"slope"	-0.54116018
"0.85"	"0.8"	"0.15"	"0.01"	"0.005"	"0.01"	"100000"	"10000"	"200"	"233290687358090208"	80000	"intercept"	0.75466542
"0.85"	"0.8"	"0.15"	"0.01"	"0.005"	"0.01"	"100000"	"10000"	"200"	"233290687358090208"	85000	"slope"	-0.56256202
"0.85"	"0.8"	"0.15"	"0.01"	"0.005"	"0.01"	"100000"	"10000"	"200"	"233290687358090208"	85000	"intercept"	0.778825915
"0.85"	"0.8"	"0.15"	"0.01"	"0.005"	"0.01"	"100000"	"10000"	"200"	"233290687358090208"	90000	"slope"	-0.523077385
"0.85"	"0.8"	"0.15"	"0.01"	"0.005"	"0.01"	"100000"	"10000"	"200"	"233290687358090208"	90000	"intercept"	0.745046245
"0.85"	"0.8"	"0.15"	"0.01"	"0.005"	"0.01"	"100000"	"10000"	"200"	"233290687358090208"	95000	"slope"	-0.558119725
"0.85"	"0.8"	"0.15"	"0.01"	"0.005"	"0.01"	"100000"	"10000"	"200"	"233290687358090208"	95000	"intercept"	0.76898364
"0.85"	"0.8"	"0.15"	"0.01"	"0.005"	"0.01"	"100000"	"10000"	"200"	"233290687358090208"	100000	"slope"	-0.529356615
"0.85"	"0.8"	"0.15"	"0.01"	"0.005"	"0.01"	"100000"	"10000"	"200"	"233290687358090208"	100000	"intercept"	0.750480555
"0.85"	"0.8"	"0.15"	"0.01"	"0.005"	"0.01"	"100000"	"10000"	"200"	"6841822599130545705"	10	"slope"	-1.94752e-05
"0.85"	"0.8"	"0.15"	"0.01"	"0.005"	"0.01"	"100000"	"10000"	"200"	"6841822599130545705"	10	"intercept"	0.499941385
"0.85"	"0.8"	"0.15"	"0.01"	"0.005"	"0.01"	"100000"	"10000"	"200"	"6841822599130545705"	5000	"slope"	-0.152351465
"0.85"	"0.8"	"0.15"	"0.01"	"0.005"	"0.01"	"100000"	"10000"	"200"	"6841822599130545705"	5000	"intercept"	0.53546976
"0.85"	"0.8"	"0.15"	"0.01"	"0.005"	"0.01"	"100000"	"10000"	"200"	"6841822599130545705"	10000	"slope"	-0.261440245
"0.85"	"0.8"	"0.15"	"0.01"	"0.005"	"0.01"	"100000"	"10000"	"200"	"6841822599130545705"	10000	"intercept"	0.589255
"0.85"	"0.8"	"0.15"	"0.01"	"0.005"	"0.01"	"100000"	"10000"	"200"	"6841822599130545705"	15000	"slope"	-0.321435475
"0.85"	"0.8"	"0.15"	"0.01"	"0.005"	"0.01"	"100000"	"10000"	"200"	"6841822599130545705"	15000	"intercept"	0.62336096
"0.85"	"0.8"	"0.15"	"0.01"	"0.005"	"0.01"	"100000"	"10000"	"200"	"6841822599130545705"	20000	"slope"	-0.392691725
"0.85"	"0.8"	"0.15"	"0.01"	"0.005"	"0.01"	"100000"	"10000"	"200"	"6841822599130545705"	20000	"intercept"	0.664248955
"0.85"	"0.8"	"0.15"	"0.01"	"0.005"	"0.01"	"100000"	"10000"	"200"	"6841822599130545705"	25000	"slope"	-0.458524295
"0.85"	"0.8"	"0.15"	"0.01"	"0.005"	"0.01"	"100000"	"10000"	"200"	"6841822599130545705"	25000	"intercept"	0.69314223
"0.85"	"0.8"	"0.15"	"0.01"	"0.005"	"0.01"	"100000"	"10000"	"200"	"6841822599130545705"	30000	"slope"	-0.50604076
"0.85"	"0.8"	"0.15"	"0.01"	"0.005"	"0.01"	"100000"	"10000"	"200"	"6841822599130545705"	30000	"intercept"	0.73954778
"0.85"	"0.8"	"0.15"	"0.01"	"0.005"	"0.01"	"100000"	"10000"	"200"	"6841822599130545705"	35000	"slope"	-0.52396987
"0.85"	"0.8"	"0.15"	"0.01"	"0.005"	"0.01"	"100000"	"10000"	"200"	"6841822599130545705"	35000	"intercept"	0.741079005
"0.85"	"0.8"	"0.15"	"0.01"	"0.005"	"0.01"	"100000"	"10000"	"200"	"6841822599130545705"	40000	"slope"	-0.53566349
"0.85"	"0.8"	"0.15"	"0.01"	"0.005"	"0.01"	"100000"	"10000"	"200"	"6841822599130545705"	40000	"intercept"	0.749166725
"0.85"	"0.8"	"0.15"	"0.01"	"0.005"	"0.01"	"100000"	"10000"	"200"	"6841822599130545705"	45000	"slope"	-0.53510845
"0.85"	"0.8"	"0.15"	"0.01"	"0.005"	"0.01"	"100000"	"10000"	"200"	"6841822599130545705"	45000	"intercept"	0.75459858
"0.85"	"0.8"	"0.15"	"0.01"	"0.005"	"0.01"	"100000"	"10000"	"200"	"6841822599130545705"	50000	"slope"	-0.55960662
"0.85"	"0.8"	"0.15"	"0.01"	"0.005"	"0.01"	"100000"	"10000"	"200"	"6841822599130545705"	50000	"intercept"	0.766017875
"0.85"	"0.8"	"0.15"	"0.01"	"0.005"	"0.01"	"100000"	"10000"	"200"	"6841822599130545705"	55000	"slope"	-0.611251295
"0.85"	"0.8"	"0.15"	"0.01"	"0.005"	"0.01"	"100000"	"10000"	"200"	"6841822599130545705"	55000	"intercept"	0.80419373
"0.85"	"0.8"	"0.15"	"0.01"	"0.005"	"0.01"	"100000"	"10000"	"200"	"6841822599130545705"	60000	"slope"	-0.584283455
"0.85"	"0.8"	"0.15"	"0.01"	"0.005"	"0.01"	"100000"	"10000"	"200"	"6841822599130545705"	60000	"intercept"	0.77953223
"0.85"	"0.8"	"0.15"	"0.01"	"0.005"	"0.01"	"100000"	"10000"	"200"	"6841822599130545705"	65000	"slope"	-0.545965395
"0.85"	"0.8"	"0.15"	"0.01"	"0.005"	"0.01"	"100000"	"10000"	"200"	"6841822599130545705"	65000	"intercept"	0.756981855
"0.85"	"0.8"	"0.15"	"0.01"	"0.005"	"0.01"	"100000"	"10000"	"200"	"6841822599130545705"	70000	"slope"	-0.568368285
"0.85"	"0.8"	"0.15"	"0.01"	"0.005"	"0.01"	"100000"	"10000"	"200"	"6841822599130545705"	70000	"intercept"	0.767205345
"0.85"	"0.8"	"0.15"	"0.01"	"0.005"	"0.01"	"100000"	"10000"	"200"	"6841822599130545705"	75000	"slope"	-0.59614204
"0.85"	"0.8"	"0.15"	"0.01"	"0.005"	"0.01"	"100000"	"10000"	"200"	"6841822599130545705"	75000	"intercept"	0.794545915
"0.85"	"0.8"	"0.15"	"0.01"	"0.005"	"0.01"	"100000"	"10000"	"200"	"6841822599130545705"	80000	"slope"	-0.54205171
"0.85"	"0.8"	"0.15"	"0.01"	"0.005"	"0.01"	"100000"	"10000"	"200"	"6841822599130545705"	80000	"intercept"	0.76017158
"0.85"	"0.8"	"0.15"	"0.01"	"0.005"	"0.01"	"100000"	"10000"	"200"	"6841822599130545705"	85000	"slope"	-0.52937705
"0.85"	"0.8"	"0.15"	"0.01"	"0.005"	"0.01"	"100000"	"10000"	"200"	"6841822599130545705"	85000	"intercept"	0.745321495
"0.85"	"0.8"	"0.15"	"0.01"	"0.005"	"0.01"	"100000"	"10000"	"200"	"6841822599130545705"	90000	"slope"	-0.529438705
"0.85"	"0.8"	"0.15"	"0.01"	"0.005"	"0.01"	"100000"	"10000"	"200"	"6841822599130545705"	90000	"intercept"	0.756017485
"0.85"	"0.8"	"0.15"	"0.01"	"0.005"	"0.01"	"100000"	"10000"	"200"	"6841822599130545705"	95000	"slope"	-0.55496831
"0.85"	"0.8"	"0.15"	"0.01"	"0.005"	"0.01"	"100000"	"10000"	"200"	"6841822599130545705"	95000	"intercept"	0.76859083
"0.85"	"0.8"	"0.15"	"0.01"	"0.005"	"0.01"	"100000"	"10000"	"200"	"6841822599130545705"	100000	"slope"	-0.534809815
"0.85"	"0.8"	"0.15"	"0.01"	"0.005"	"0.01"	"100000"	"10000"	"200"	"6841822599130545705"	100000	"intercept"	0.74953353
"0.85"	"0.8"	"0.15"	"0.01"	"0.005"	"0.01"	"100000"	"10000"	"200"	"8788431118781912486"	10	"slope"	-4.7153077e-05
"0.85"	"0.8"	"0.15"	"0.01"	"0.005"	"0.01"	"100000"	"10000"	"200"	"8788431118781912486"	10	"intercept"	0.500022705
"0.85"	"0.8"	"0.15"	"0.01"	"0.005"	"0.01"	"100000"	"10000"	"200"	"8788431118781912486"	5000	"slope"	-0.107152857
"0.85"	"0.8"	"0.15"	"0.01"	"0.005"	"0.01"	"100000"	"10000"	"200"	"8788431118781912486"	5000	"intercept"	0.512790655
"0.85"	"0.8"	"0.15"	"0.01"	"0.005"	"0.01"	"100000"	"10000"	"200"	"8788431118781912486"	10000	"slope"	-0.27705777
"0.85"	"0.8"	"0.15"	"0.01"	"0.005"	"0.01"	"100000"	"10000"	"200"	"8788431118781912486"	10000	"intercept"	0.595491815
"0.85"	"0.8"	"0.15"	"0.01"	"0.005"	"0.01"	"100000"	"10000"	"200"	"8788431118781912486"	15000	"slope"	-0.37097652
"0.85"	"0.8"	"0.15"	"0.01"	"0.005"	"0.01"	"100000"	"10000"	"200"	"8788431118781912486"	15000	"intercept"	0.659748755
"0.85"	"0.8"	"0.15"	"0.01"	"0.005"	"0.01"	"100000"	"10000"	"200"	"8788431118781912486"	20000	"slope"	-0.426103435
"0.85"	"0.8"	"0.15"	"0.01"	"0.005"	"0.01"	"100000"	"10000"	"200"	"8788431118781912486"	20000	"intercept"	0.67944839
"0.85"	"0.8"	"0.15"	"0.01"	"0.005"	"0.01"	"100000"	"10000"	"200"	"8788431118781912486"	25000	"slope"	-0.480309525
"0.85"	"0.8"	"0.15"	"0.01"	"0.005"	"0.01"	"100000"	"10000"	"200"	"8788431118781912486"	25000	"intercept"	0.722702645
"0.85"	"0.8"	"0.15"	"0.01"	"0.005"	"0.01"	"100000"	"10000"	"200"	"8788431118781912486"	30000	"slope"	-0.516128155
"0.85"	"0.8"	"0.15"	"0.01"	"0.005"	"0.01"	"100000"	"10000"	"200"	"8788431118781912486"	30000	"intercept"	0.75020773
"0.85"	"0.8"	"0.15"	"0.01"	"0.005"	"0.01"	"100000"	"10000"	"200"	"8788431118781912486"	35000	"slope"	-0.524383455
"0.85"	"0.8"	"0.15"	"0.01"	"0.005"	"0.01"	"100000"	"10000"	"200"	"8788431118781912486"	35000	"intercept"	0.74444308
"0.85"	"0.8"	"0.15"	"0.01"	"0.005"	"0.01"	"100000"	"10000"	"200"	"8788431118781912486"	40000	"slope"	-0.53879357
"0.85"	"0.8"	"0.15"	"0.01"	"0.005"	"0.01"	"100000"	"10000"	"200"	"8788431118781912486"	40000	"intercept"	0.75021186
"0.85"	"0.8"	"0.15"	"0.01"	"0.005"	"0.01"	"100000"	"10000"	"200"	"8788431118781912486"	45000	"slope"	-0.524588455
"0.85"	"0.8"	"0.15"	"0.01"	"0.005"	"0.01"	"100000"	"10000"	"200"	"8788431118781912486"	45000	"intercept"	0.75035377
"0.85"	"0.8"	"0.15"	"0.01"	"0.005"	"0.01"	"100000"	"10000"	"200"	"8788431118781912486"	50000	"slope"	-0.5513074
"0.85"	"0.8"	"0.15"	"0.01"	"0.005"	"0.01"	"100000"	"10000"	"200"	"8788431118781912486"	50000	"intercept"	0.76400394
"0.85"	"0.8"	"0.15"	"0.01"	"0.005"	"0.01"	"100000"	"10000"	"200"	"8788431118781912486"	55000	"slope"	-0.56009656
"0.85"	"0.8"	"0.15"	"0.01"	"0.005"	"0.01"	"100000"	"10000"	"200"	"8788431118781912486"	55000	"intercept"	0.77450554
"0.85"	"0.8"	"0.15"	"0.01"	"0.005"	"0.01"	"100000"	"10000"	"200"	"8788431118781912486"	60000	"slope"	-0.570183155
"0.85"	"0.8"	"0.15"	"0.01"	"0.005"	"0.01"	"100000"	"10000"	"200"	"8788431118781912486"	60000	"intercept"	0.77715113
"0.85"	"0.8"	"0.15"	"0.01"	"0.005"	"0.01"	"100000"	"10000"	"200"	"8788431118781912486"	65000	"slope"	-0.550021585
"0.85"	"0.8"	"0.15"	"0.01"	"0.005"	"0.01"	"100000"	"10000"	"200"	"8788431118781912486"	65000	"intercept"	0.763539195
"0.85"	"0.8"	"0.15"	"0.01"	"0.005"	"0.01"	"100000"	"10000"	"200"	"8788431118781912486"	70000	"slope"	-0.5523354
"0.85"	"0.8"	"0.15"	"0.01"	"0.005"	"0.01"	"100000"	"10000"	"200"	"8788431118781912486"	70000	"intercept"	0.758760845
"0.85"	"0.8"	"0.15"	"0.01"	"0.005"	"0.01"	"100000"	"10000"	"200"	"8788431118781912486"	75000	"slope"	-0.552617255
"0.85"	"0.8"	"0.15"	"0.01"	"0.005"	"0.01"	"100000"	"10000"	"200"	"8788431118781912486"	75000	"intercept"	0.76035837
"0.85"	"0.8"	"0.15"	"0.01"	"0.005"	"0.01"	"100000"	"10000"	"200"	"8788431118781912486"	80000	"slope"	-0.557006645
"0.85"	"0.8"	"0.15"	"0.01"	"0.005"	"0.01"	"100000"	"10000"	"200"	"8788431118781912486"	80000	"intercept"	0.76154074
"0.85"	"0.8"	"0.15"	"0.01"	"0.005"	"0.01"	"100000"	"10000"	"200"	"8788431118781912486"	85000	"slope"	-0.567423625
"0.85"	"0.8"	"0.15"	"0.01"	"0.005"	"0.01"	"100000"	"10000"	"200"	"8788431118781912486"	85000	"intercept"	0.776528745
"0.85"	"0.8"	"0.15"	"0.01"	"0.005"	"0.01"	"100000"	"10000"	"200"	"8788431118781912486"	90000	"slope"	-0.57065503
"0.85"	"0.8"	"0.15"	"0.01"	"0.005"	"0.01"	"100000"	"10000"	"200"	"8788431118781912486"	90000	"intercept"	0.780355345
"0.85"	"0.8"	"0.15"	"0.01"	"0.005"	"0.01"	"100000"	"10000"	"200"	"8788431118781912486"	95000	"slope"	-0.550171455
"0.85"	"0.8"	"0.15"	"0.01"	"0.005"	"0.01"	"100000"	"10000"	"200"	"8788431118781912486"	95000	"intercept"	0.762023945
"0.85"	"0.8"	"0.15"	"0.01"	"0.005"	"0.01"	"100000"	"10000"	"200"	"8788431118781912486"	100000	"slope"	-0.580394295
"0.85"	"0.8"	"0.15"	"0.01"	"0.005"	"0.01"	"100000"	"10000"	"200"	"8788431118781912486"	100000	"intercept"	0.780234715
"0.95"	"0.0"	"0.15"	"0.01"	"0.005"	"0.01"	"100000"	"10000"	"200"	"2744221932116863393"	10	"slope"	0.000275337005
"0.95"	"0.0"	"0.15"	"0.01"	"0.005"	"0.01"	"100000"	"10000"	"200"	"2744221932116863393"	10	"intercept"	0.50004293
"0.95"	"0.0"	"0.15"	"0.01"	"0.005"	"0.01"	"100000"	"10000"	"200"	"2744221932116863393"	5000	"slope"	0.05947469825
"0.95"	"0.0"	"0.15"	"0.01"	"0.005"	"0.01"	"100000"	"10000"	"200"	"2744221932116863393"	5000	"intercept"	0.82546661
"0.95"	"0.0"	"0.15"	"0.01"	"0.005"	"0.01"	"100000"	"10000"	"200"	"2744221932116863393"	10000	"slope"	0.02921515567
"0.95"	"0.0"	"0.15"	"0.01"	"0.005"	"0.01"	"100000"	"10000"	"200"	"2744221932116863393"	10000	"intercept"	0.83843927
"0.95"	"0.0"	"0.15"	"0.01"	"0.005"	"0.01"	"100000"	"10000"	"200"	"2744221932116863393"	15000	"slope"	0.032852336955
"0.95"	"0.0"	"0.15"	"0.01"	"0.005"	"0.01"	"100000"	"10000"	"200"	"2744221932116863393"	15000	"intercept"	0.83707349
"0.95"	"0.0"	"0.15"	"0.01"	"0.005"	"0.01"	"100000"	"10000"	"200"	"2744221932116863393"	20000	"slope"	0.03692920875
"0.95"	"0.0"	"0.15"	"0.01"	"0.005"	"0.01"	"100000"	"10000"	"200"	"2744221932116863393"	20000	"intercept"	0.8308593
"0.95"	"0.0"	"0.15"	"0.01"	"0.005"	"0.01"	"100000"	"10000"	"200"	"2744221932116863393"	25000	"slope"	0.0410825693875
"0.95"	"0.0"	"0.15"	"0.01"	"0.005"	"0.01"	"100000"	"10000"	"200"	"2744221932116863393"	25000	"intercept"	0.83431083
"0.95"	"0.0"	"0.15"	"0.01"	"0.005"	"0.01"	"100000"	"10000"	"200"	"2744221932116863393"	30000	"slope"	0.021748968875
"0.95"	"0.0"	"0.15"	"0.01"	"0.005"	"0.01"	"100000"	"10000"	"200"	"2744221932116863393"	30000	"intercept"	0.84612325
"0.95"	"0.0"	"0.15"	"0.01"	"0.005"	"0.01"	"100000"	"10000"	"200"	"2744221932116863393"	35000	"slope"	0.0161710141
"0.95"	"0.0"	"0.15"	"0.01"	"0.005"	"0.01"	"100000"	"10000"	"200"	"2744221932116863393"	35000	"intercept"	0.8436468
"0.95"	"0.0"	"0.15"	"0.01"	"0.005"	"0.01"	"100000"	"10000"	"200"	"2744221932116863393"	40000	"slope"	0.043977616875
"0.95"	"0.0"	"0.15"	"0.01"	"0.005"	"0.01"	"100000"	"10000"	"200"	"2744221932116863393"	40000	"intercept"	0.83617855
"0.95"	"0.0"	"0.15"	"0.01"	"0.005"	"0.01"	"100000"	"10000"	"200"	"2744221932116863393"	45000	"slope"	0.03716793328
"0.95"	"0.0"	"0.15"	"0.01"	"0.005"	"0.01"	"100000"	"10000"	"200"	"2744221932116863393"	45000	"intercept"	0.83989214
"0.95"	"0.0"	"0.15"	"0.01"	"0.005"	"0.01"	"100000"	"10000"	"200"	"2744221932116863393"	50000	"slope"	0.02551651304
"0.95"	"0.0"	"0.15"	"0.01"	"0.005"	"0.01"	"100000"	"10000"	"200"	"2744221932116863393"	50000	"intercept"	0.84298535
"0.95"	"0.0"	"0.15"	"0.01"	"0.005"	"0.01"	"100000"	"10000"	"200"	"2744221932116863393"	55000	"slope"	0.029600132575
"0.95"	"0.0"	"0.15"	"0.01"	"0.005"	"0.01"	"100000"	"10000"	"200"	"2744221932116863393"	55000	"intercept"	0.835467235
"0.95"	"0.0"	"0.15"	"0.01"	"0.005"	"0.01"	"100000"	"10000"	"200"	"2744221932116863393"	60000	"slope"	0.03685802243
"0.95"	"0.0"	"0.15"	"0.01"	"0.005"	"0.01"	"100000"	"10000"	"200"	"2744221932116863393"	60000	"intercept"	0.83444666
"0.95"	"0.0"	"0.15"	"0.01"	"0.005"	"0.01"	"100000"	"10000"	"200"	"2744221932116863393"	65000	"slope"	0.048340379595
"0.95"	"0.0"	"0.15"	"0.01"	"0.005"	"0.01"	"100000"	"10000"	"200"	"2744221932116863393"	65000	"intercept"	0.83439621
"0.95"	"0.0"	"0.15"	"0.01"	"0.005"	"0.01"	"100000"	"10000"	"200"	"2744221932116863393"	70000	"slope"	0.036821646
"0.95"	"0.0"	"0.15"	"0.01"	"0.005"	"0.01"	"100000"	"10000"	"200"	"2744221932116863393"	70000	"intercept"	0.84209063
"0.95"	"0.0"	"0.15"	"0.01"	"0.005"	"0.01"	"100000"	"10000"	"200"	"2744221932116863393"	75000	"slope"	0.03484927057
"0.95"	"0.0"	"0.15"	"0.01"	"0.005"	"0.01"	"100000"	"10000"	"200"	"2744221932116863393"	75000	"intercept"	0.840277575
"0.95"	"0.0"	"0.15"	"0.01"	"0.005"	"0.01"	"100000"	"10000"	"200"	"2744221932116863393"	80000	"slope"	0.056594052655
"0.95"	"0.0"	"0.15"	"0.01"	"0.005"	"0.01"	"100000"	"10000"	"200"	"2744221932116863393"	80000	"intercept"	0.824778295
"0.95"	"0.0"	"0.15"	"0.01"	"0.005"	"0.01"	"100000"	"10000"	"200"	"2744221932116863393"	85000	"slope"	0.06574535595
"0.95"	"0.0"	"0.15"	"0.01"	"0.005"	"0.01"	"100000"	"10000"	"200"	"2744221932116863393"	85000	"intercept"	0.82180448
"0.95"	"0.0"	"0.15"	"0.01"	"0.005"	"0.01"	"100000"	"10000"	"200"	"2744221932116863393"	90000	"slope"	0.04841331409
"0.95"	"0.0"	"0.15"	"0.01"	"0.005"	"0.01"	"100000"	"10000"	"200"	"2744221932116863393"	90000	"intercept"	0.82877238
"0.95"	"0.0"	"0.15"	"0.01"	"0.005"	"0.01"	"100000"	"10000"	"200"	"2744221932116863393"	95000	"slope"	0.049968145395
"0.95"	"0.0"	"0.15"	"0.01"	"0.005"	"0.01"	"100000"	"10000"	"200"	"2744221932116863393"	95000	"intercept"	0.833883315
"0.95"	"0.0"	"0.15"	"0.01"	"0.005"	"0.01"	"100000"	"10000"	"200"	"2744221932116863393"	100000	"slope"	0.03481667911
"0.95"	"0.0"	"0.15"	"0.01"	"0.005"	"0.01"	"100000"	"10000"	"200"	"2744221932116863393"	100000	"intercept"	0.83813874
"0.95"	"0.0"	"0.15"	"0.01"	"0.005"	"0.01"	"100000"	"10000"	"200"	"4177234280618059416"	10	"slope"	5.91142e-05
"0.95"	"0.0"	"0.15"	"0.01"	"0.005"	"0.01"	"100000"	"10000"	"200"	"4177234280618059416"	10	"intercept"	0.50001049
"0.95"	"0.0"	"0.15"	"0.01"	"0.005"	"0.01"	"100000"	"10000"	"200"	"4177234280618059416"	5000	"slope"	0.07053116335
"0.95"	"0.0"	"0.15"	"0.01"	"0.005"	"0.01"	"100000"	"10000"	"200"	"4177234280618059416"	5000	"intercept"	0.815615545
"0.95"	"0.0"	"0.15"	"0.01"	"0.005"	"0.01"	"100000"	"10000"	"200"	"4177234280618059416"	10000	"slope"	0.052899575995
"0.95"	"0.0"	"0.15"	"0.01"	"0.005"	"0.01"	"100000"	"10000"	"200"	"4177234280618059416"	10000	"intercept"	0.83008211
"0.95"	"0.0"	"0.15"	"0.01"	"0.005"	"0.01"	"100000"	"10000"	"200"	"4177234280618059416"	15000	"slope"	0.049499521205
"0.95"	"0.0"	"0.15"	"0.01"	"0.005"	"0.01"	"100000"	"10000"	"200"	"4177234280618059416"	15000	"intercept"	0.8262679
"0.95"	"0.0"	"0.15"	"0.01"	"0.005"	"0.01"	"100000"	"10000"	"200"	"4177234280618059416"	20000	"slope"	0.043528195245
"0.95"	"0.0"	"0.15"	"0.01"	"0.005"	"0.01"	"100000"	"10000"	"200"	"4177234280618059416"	20000	"intercept"	0.83517725
"0.95"	"0.0"	"0.15"	"0.01"	"0.005"	"0.01"	"100000"	"10000"	"200"	"4177234280618059416"	25000	"slope"	0.04582298015
"0.95"	"0.0"	"0.15"	"0.01"	"0.005"	"0.01"	"100000"	"10000"	"200"	"4177234280618059416"	25000	"intercept"	0.82979469
"0.95"	"0.0"	"0.15"	"0.01"	"0.005"	"0.01"	"100000"	"10000"	"200"	"4177234280618059416"	30000	"slope"	0.035464307595
"0.95"	"0.0"	"0.15"	"0.01"	"0.005"	"0.01"	"100000"	"10000"	"200"	"4177234280618059416"	30000	"intercept"	0.834035195
"0.95"	"0.0"	"0.15"	"0.01"	"0.005"	"0.01"	"100000"	"10000"	"200"	"4177234280618059416"	35000	"slope"	0.02922721438
"0.95"	"0.0"	"0.15"	"0.01"	"0.005"	"0.01"	"100000"	"10000"	"200"	"4177234280618059416"	35000	"intercept"	0.845635245
"0.95"	"0.0"	"0.15"	"0.01"	"0.005"	"0.01"	"100000"	"10000"	"200"	"4177234280618059416"	40000	"slope"	0.036492288955
"0.95"	"0.0"	"0.15"	"0.01"	"0.005"	"0.01"	"100000"	"10000"	"200"	"4177234280618059416"	40000	"intercept"	0.838837725
"0.95"	"0.0"	"0.15"	"0.01"	"0.005"	"0.01"	"100000"	"10000"	"200"	"4177234280618059416"	45000	"slope"	0.017354297145
"0.95"	"0.0"	"0.15"	"0.01"	"0.005"	"0.01"	"100000"	"10000"	"200"	"4177234280618059416"	45000	"intercept"	0.83888664
"0.95"	"0.0"	"0.15"	"0.01"	"0.005"	"0.01"	"100000"	"10000"	"200"	"4177234280618059416"	50000	"slope"	0.034480867935
"0.95"	"0.0"	"0.15"	"0.01"	"0.005"	"0.01"	"100000"	"10000"	"200"	"4177234280618059416"	50000	"intercept"	0.835347205
"0.95"	"0.0"	"0.15"	"0.01"	"0.005"	"0.01"	"100000"	"10000"	"200"	"4177234280618059416"	55000	"slope"	0.057897030695
"0.95"	"0.0"	"0.15"	"0.01"	"0.005"	"0.01"	"100000"	"10000"	"200"	"4177234280618059416"	55000	"intercept"	0.82520119
"0.95"	"0.0"	"0.15"	"0.01"	"0.005"	"0.01"	"100000"	"10000"	"200"	"4177234280618059416"	60000	"slope"	0.02768711414
"0.95"	"0.0"	"0.15"	"0.01"	"0.005"	"0.01"	"100000"	"10000"	"200"	"4177234280618059416"	60000	"intercept"	0.84216045
"0.95"	"0.0"	"0.15"	"0.01"	"0.005"	"0.01"	"100000"	"10000"	"200"	"4177234280618059416"	65000	"slope"	0.0255364748
"0.95"	"0.0"	"0.15"	"0.01"	"0.005"	"0.01"	"100000"	"10000"	"200"	"4177234280618059416"	65000	"intercept"	0.83611394
"0.95"	"0.0"	"0.15"	"0.01"	"0.005"	"0.01"	"100000"	"10000"	"200"	"4177234280618059416"	70000	"slope"	0.0248540771277
"0.95"	"0.0"	"0.15"	"0.01"	"0.005"	"0.01"	"100000"	"10000"	"200"	"4177234280618059416"	70000	"intercept"	0.832330985
"0.95"	"0.0"	"0.15"	"0.01"	"0.005"	"0.01"	"100000"	"10000"	"200"	"4177234280618059416"	75000	"slope"	0.024802077985
"0.95"	"0.0"	"0.15"	"0.01"	"0.005"	"0.01"	"100000"	"10000"	"200"	"4177234280618059416"	75000	"intercept"	0.839293675
"0.95"	"0.0"	"0.15"	"0.01"	"0.005"	"0.01"	"100000"	"10000"	"200"	"4177234280618059416"	80000	"slope"	0.0517692812
"0.95"	"0.0"	"0.15"	"0.01"	"0.005"	"0.01"	"100000"	"10000"	"200"	"4177234280618059416"	80000	"intercept"	0.824911255
"0.95"	"0.0"	"0.15"	"0.01"	"0.005"	"0.01"	"100000"	"10000"	"200"	"4177234280618059416"	85000	"slope"	0.0242823308149
"0.95"	"0.0"	"0.15"	"0.01"	"0.005"	"0.01"	"100000"	"10000"	"200"	"4177234280618059416"	85000	"intercept"	0.84779181
"0.95"	"0.0"	"0.15"	"0.01"	"0.005"	"0.01"	"100000"	"10000"	"200"	"4177234280618059416"	90000	"slope"	0.0485971674923
"0.95"	"0.0"	"0.15"	"0.01"	"0.005"	"0.01"	"100000"	"10000"	"200"	"4177234280618059416"	90000	"intercept"	0.82715471
"0.95"	"0.0"	"0.15"	"0.01"	"0.005"	"0.01"	"100000"	"10000"	"200"	"4177234280618059416"	95000	"slope"	0.04828498506
"0.95"	"0.0"	"0.15"	"0.01"	"0.005"	"0.01"	"100000"	"10000"	"200"	"4177234280618059416"	95000	"intercept"	0.8295314
"0.95"	"0.0"	"0.15"	"0.01"	"0.005"	"0.01"	"100000"	"10000"	"200"	"4177234280618059416"	100000	"slope"	0.031243190295
"0.95"	"0.0"	"0.15"	"0.01"	"0.005"	"0.01"	"100000"	"10000"	"200"	"4177234280618059416"	100000	"intercept"	0.84188526
"0.95"	"0.0"	"0.15"	"0.01"	"0.005"	"0.01"	"100000"	"10000"	"200"	"6097824989021477176"	10	"slope"	5.142205e-05
"0.95"	"0.0"	"0.15"	"0.01"	"0.005"	"0.01"	"100000"	"10000"	"200"	"6097824989021477176"	10	"intercept"	0.50006191
"0.95"	"0.0"	"0.15"	"0.01"	"0.005"	"0.01"	"100000"	"10000"	"200"	"6097824989021477176"	5000	"slope"	0.122693205
"0.95"	"0.0"	"0.15"	"0.01"	"0.005"	"0.01"	"100000"	"10000"	"200"	"6097824989021477176"	5000	"intercept"	0.7883757
"0.95"	"0.0"	"0.15"	"0.01"	"0.005"	"0.01"	"100000"	"10000"	"200"	"6097824989021477176"	10000	"slope"	0.0722642345
"0.95"	"0.0"	"0.15"	"0.01"	"0.005"	"0.01"	"100000"	"10000"	"200"	"6097824989021477176"	10000	"intercept"	0.82480479
"0.95"	"0.0"	"0.15"	"0.01"	"0.005"	"0.01"	"100000"	"10000"	"200"	"6097824989021477176"	15000	"slope"	0.048953470835
"0.95"	"0.0"	"0.15"	"0.01"	"0.005"	"0.01"	"100000"	"10000"	"200"	"6097824989021477176"	15000	"intercept"	0.83530893
"0.95"	"0.0"	"0.15"	"0.01"	"0.005"	"0.01"	"100000"	"10000"	"200"	"6097824989021477176"	20000	"slope"	0.03507578268
"0.95"	"0.0"	"0.15"	"0.01"	"0.005"	"0.01"	"100000"	"10000"	"200"	"6097824989021477176"	20000	"intercept"	0.841884585
"0.95"	"0.0"	"0.15"	"0.01"	"0.005"	"0.01"	"100000"	"10000"	"200"	"6097824989021477176"	25000	"slope"	0.038553029325
"0.95"	"0.0"	"0.15"	"0.01"	"0.005"	"0.01"	"100000"	"10000"	"200"	"6097824989021477176"	25000	"intercept"	0.82590015
"0.95"	"0.0"	"0.15"	"0.01"	"0.005"	"0.01"	"100000"	"10000"	"200"	"6097824989021477176"	30000	"slope"	0.03689903492
"0.95"	"0.0"	"0.15"	"0.01"	"0.005"	"0.01"	"100000"	"10000"	"200"	"6097824989021477176"	30000	"intercept"	0.835703015
"0.95"	"0.0"	"0.15"	"0.01"	"0.005"	"0.01"	"100000"	"10000"	"200"	"6097824989021477176"	35000	"slope"	0.0328467517035
"0.95"	"0.0"	"0.15"	"0.01"	"0.005"	"0.01"	"100000"	"10000"	"200"	"6097824989021477176"	35000	"intercept"	0.838263825
"0.95"	"0.0"	"0.15"	"0.01"	"0.005"	"0.01"	"100000"	"10000"	"200"	"6097824989021477176"	40000	"slope"	0.028307637155
"0.95"	"0.0"	"0.15"	"0.01"	"0.005"	"0.01"	"100000"	"10000"	"200"	"6097824989021477176"	40000	"intercept"	0.83916511
"0.95"	"0.0"	"0.15"	"0.01"	"0.005"	"0.01"	"100000"	"10000"	"200"	"6097824989021477176"	45000	"slope"	0.04548221003
"0.95"	"0.0"	"0.15"	"0.01"	"0.005"	"0.01"	"100000"	"10000"	"200"	"6097824989021477176"	45000	"intercept"	0.83049616
"0.95"	"0.0"	"0.15"	"0.01"	"0.005"	"0.01"	"100000"	"10000"	"200"	"6097824989021477176"	50000	"slope"	0.050634620475
"0.95"	"0.0"	"0.15"	"0.01"	"0.005"	"0.01"	"100000"	"10000"	"200"	"6097824989021477176"	50000	"intercept"	0.83270738
"0.95"	"0.0"	"0.15"	"0.01"	"0.005"	"0.01"	"100000"	"10000"	"200"	"6097824989021477176"	55000	"slope"	0.0388360603505
"0.95"	"0.0"	"0.15"	"0.01"	"0.005"	"0.01"	"100000"	"10000"	"200"	"6097824989021477176"	55000	"intercept"	0.8320968
"0.95"	"0.0"	"0.15"	"0.01"	"0.005"	"0.01"	"100000"	"10000"	"200"	"6097824989021477176"	60000	"slope"	0.032080820925
"0.95"	"0.0"	"0.15"	"0.01"	"0.005"	"0.01"	"100000"	"10000"	"200"	"6097824989021477176"	60000	"intercept"	0.83805761
"0.95"	"0.0"	"0.15"	"0.01"	"0.005"	"0.01"	"100000"	"10000"	"200"	"6097824989021477176"	65000	"slope"	0.04141334083185
"0.95"	"0.0"	"0.15"	"0.01"	"0.005"	"0.01"	"100000"	"10000"	"200"	"6097824989021477176"	65000	"intercept"	0.835611215
"0.95"	"0.0"	"0.15"	"0.01"	"0.005"	"0.01"	"100000"	"10000"	"200"	"6097824989021477176"	70000	"slope"	0.03537027888
"0.95"	"0.0"	"0.15"	"0.01"	"0.005"	"0.01"	"100000"	"10000"	"200"	"6097824989021477176"	70000	"intercept"	0.838604555
"0.95"	"0.0"	"0.15"	"0.01"	"0.005"	"0.01"	"100000"	"10000"	"200"	"6097824989021477176"	75000	"slope"	0.02472719255
"0.95"	"0.0"	"0.15"	"0.01"	"0.005"	"0.01"	"100000"	"10000"	"200"	"6097824989021477176"	75000	"intercept"	0.84008873
"0.95"	"0.0"	"0.15"	"0.01"	"0.005"	"0.01"	"100000"	"10000"	"200"	"6097824989021477176"	80000	"slope"	0.023123761355
"0.95"	"0.0"	"0.15"	"0.01"	"0.005"	"0.01"	"100000"	"10000"	"200"	"6097824989021477176"	80000	"intercept"	0.840191
"0.95"	"0.0"	"0.15"	"0.01"	"0.005"	"0.01"	"100000"	"10000"	"200"	"6097824989021477176"	85000	"slope"	0.020752506998
"0.95"	"0.0"	"0.15"	"0.01"	"0.005"	"0.01"	"100000"	"10000"	"200"	"6097824989021477176"	85000	"intercept"	0.83577624
"0.95"	"0.0"	"0.15"	"0.01"	"0.005"	"0.01"	"100000"	"10000"	"200"	"6097824989021477176"	90000	"slope"	0.00813065175
"0.95"	"0.0"	"0.15"	"0.01"	"0.005"	"0.01"	"100000"	"10000"	"200"	"6097824989021477176"	90000	"intercept"	0.848207325
"0.95"	"0.0"	"0.15"	"0.01"	"0.005"	"0.01"	"100000"	"10000"	"200"	"6097824989021477176"	95000	"slope"	-0.000145701599
"0.95"	"0.0"	"0.15"	"0.01"	"0.005"	"0.01"	"100000"	"10000"	"200"	"6097824989021477176"	95000	"intercept"	0.857657835
"0.95"	"0.0"	"0.15"	"0.01"	"0.005"	"0.01"	"100000"	"10000"	"200"	"6097824989021477176"	100000	"slope"	0.037063550605
"0.95"	"0.0"	"0.15"	"0.01"	"0.005"	"0.01"	"100000"	"10000"	"200"	"6097824989021477176"	100000	"intercept"	0.836091275
"0.95"	"0.4"	"0.15"	"0.01"	"0.005"	"0.01"	"100000"	"10000"	"200"	"1353000622212415838"	10	"slope"	-3.19302e-05
"0.95"	"0.4"	"0.15"	"0.01"	"0.005"	"0.01"	"100000"	"10000"	"200"	"1353000622212415838"	10	"intercept"	0.499935145
"0.95"	"0.4"	"0.15"	"0.01"	"0.005"	"0.01"	"100000"	"10000"	"200"	"1353000622212415838"	5000	"slope"	0.06521506169
"0.95"	"0.4"	"0.15"	"0.01"	"0.005"	"0.01"	"100000"	"10000"	"200"	"1353000622212415838"	5000	"intercept"	0.785251895
"0.95"	"0.4"	"0.15"	"0.01"	"0.005"	"0.01"	"100000"	"10000"	"200"	"1353000622212415838"	10000	"slope"	0.01960089716
"0.95"	"0.4"	"0.15"	"0.01"	"0.005"	"0.01"	"100000"	"10000"	"200"	"1353000622212415838"	10000	"intercept"	0.79909246
"0.95"	"0.4"	"0.15"	"0.01"	"0.005"	"0.01"	"100000"	"10000"	"200"	"1353000622212415838"	15000	"slope"	-0.014525781605
"0.95"	"0.4"	"0.15"	"0.01"	"0.005"	"0.01"	"100000"	"10000"	"200"	"1353000622212415838"	15000	"intercept"	0.80988133
"0.95"	"0.4"	"0.15"	"0.01"	"0.005"	"0.01"	"100000"	"10000"	"200"	"1353000622212415838"	20000	"slope"	-0.0602112268
"0.95"	"0.4"	"0.15"	"0.01"	"0.005"	"0.01"	"100000"	"10000"	"200"	"1353000622212415838"	20000	"intercept"	0.82973408
"0.95"	"0.4"	"0.15"	"0.01"	"0.005"	"0.01"	"100000"	"10000"	"200"	"1353000622212415838"	25000	"slope"	-0.0713789968
"0.95"	"0.4"	"0.15"	"0.01"	"0.005"	"0.01"	"100000"	"10000"	"200"	"1353000622212415838"	25000	"intercept"	0.83449802
"0.95"	"0.4"	"0.15"	"0.01"	"0.005"	"0.01"	"100000"	"10000"	"200"	"1353000622212415838"	30000	"slope"	-0.052978808815
"0.95"	"0.4"	"0.15"	"0.01"	"0.005"	"0.01"	"100000"	"10000"	"200"	"1353000622212415838"	30000	"intercept"	0.82708716
"0.95"	"0.4"	"0.15"	"0.01"	"0.005"	"0.01"	"100000"	"10000"	"200"	"1353000622212415838"	35000	"slope"	-0.058359622105
"0.95"	"0.4"	"0.15"	"0.01"	"0.005"	"0.01"	"100000"	"10000"	"200"	"1353000622212415838"	35000	"intercept"	0.827974595
"0.95"	"0.4"	"0.15"	"0.01"	"0.005"	"0.01"	"100000"	"10000"	"200"	"1353000622212415838"	40000	"slope"	-0.0421455494735
"0.95"	"0.4"	"0.15"	"0.01"	"0.005"	"0.01"	"100000"	"10000"	"200"	"1353000622212415838"	40000	"intercept"	0.82577462
"0.95"	"0.4"	"0.15"	"0.01"	"0.005"	"0.01"	"100000"	"10000"	"200"	"1353000622212415838"	45000	"slope"	-0.025504769102
"0.95"	"0.4"	"0.15"	"0.01"	"0.005"	"0.01"	"100000"	"10000"	"200"	"1353000622212415838"	45000	"intercept"	0.812035455
"0.95"	"0.4"	"0.15"	"0.01"	"0.005"	"0.01"	"100000"	"10000"	"200"	"1353000622212415838"	50000	"slope"	-0.028263023495
"0.95"	"0.4"	"0.15"	"0.01"	"0.005"	"0.01"	"100000"	"10000"	"200"	"1353000622212415838"	50000	"intercept"	0.816606525
"0.95"	"0.4"	"0.15"	"0.01"	"0.005"	"0.01"	"100000"	"10000"	"200"	"1353000622212415838"	55000	"slope"	-0.0525274571
"0.95"	"0.4"	"0.15"	"0.01"	"0.005"	"0.01"	"100000"	"10000"	"200"	"1353000622212415838"	55000	"intercept"	0.821799905
"0.95"	"0.4"	"0.15"	"0.01"	"0.005"	"0.01"	"100000"	"10000"	"200"	"1353000622212415838"	60000	"slope"	-0.04779327954
"0.95"	"0.4"	"0.15"	"0.01"	"0.005"	"0.01"	"100000"	"10000"	"200"	"1353000622212415838"	60000	"intercept"	0.82489918
"0.95"	"0.4"	"0.15"	"0.01"	"0.005"	"0.01"	"100000"	"10000"	"200"	"1353000622212415838"	65000	"slope"	-0.0453625735
"0.95"	"0.4"	"0.15"	"0.01"	"0.005"	"0.01"	"100000"	"10000"	"200"	"1353000622212415838"	65000	"intercept"	0.82430963
"0.95"	"0.4"	"0.15"	"0.01"	"0.005"	"0.01"	"100000"	"10000"	"200"	"1353000622212415838"	70000	"slope"	-0.04278249068
"0.95"	"0.4"	"0.15"	"0.01"	"0.005"	"0.01"	"100000"	"10000"	"200"	"1353000622212415838"	70000	"intercept"	0.82241921
"0.95"	"0.4"	"0.15"	"0.01"	"0.005"	"0.01"	"100000"	"10000"	"200"	"1353000622212415838"	75000	"slope"	-0.01917284348
"0.95"	"0.4"	"0.15"	"0.01"	"0.005"	"0.01"	"100000"	"10000"	"200"	"1353000622212415838"	75000	"intercept"	0.81432811
"0.95"	"0.4"	"0.15"	"0.01"	"0.005"	"0.01"	"100000"	"10000"	"200"	"1353000622212415838"	80000	"slope"	-0.060688769325
"0.95"	"0.4"	"0.15"	"0.01"	"0.005"	"0.01"	"100000"	"10000"	"200"	"1353000622212415838"	80000	"intercept"	0.82730146
"0.95"	"0.4"	"0.15"	"0.01"	"0.005"	"0.01"	"100000"	"10000"	"200"	"1353000622212415838"	85000	"slope"	-0.05622934934
"0.95"	"0.4"	"0.15"	"0.01"	"0.005"	"0.01"	"100000"	"10000"	"200"	"1353000622212415838"	85000	"intercept"	0.82231362
"0.95"	"0.4"	"0.15"	"0.01"	"0.005"	"0.01"	"100000"	"10000"	"200"	"1353000622212415838"	90000	"slope"	-0.0357906579
"0.95"	"0.4"	"0.15"	"0.01"	"0.005"	"0.01"	"100000"	"10000"	"200"	"1353000622212415838"	90000	"intercept"	0.8197717
"0.95"	"0.4"	"0.15"	"0.01"	"0.005"	"0.01"	"100000"	"10000"	"200"	"1353000622212415838"	95000	"slope"	-0.038293572725
"0.95"	"0.4"	"0.15"	"0.01"	"0.005"	"0.01"	"100000"	"10000"	"200"	"1353000622212415838"	95000	"intercept"	0.822327345
"0.95"	"0.4"	"0.15"	"0.01"	"0.005"	"0.01"	"100000"	"10000"	"200"	"1353000622212415838"	100000	"slope"	-0.07322968358
"0.95"	"0.4"	"0.15"	"0.01"	"0.005"	"0.01"	"100000"	"10000"	"200"	"1353000622212415838"	100000	"intercept"	0.83766061
"0.95"	"0.4"	"0.15"	"0.01"	"0.005"	"0.01"	"100000"	"10000"	"200"	"4139773434532272008"	10	"slope"	-0.0001061662
"0.95"	"0.4"	"0.15"	"0.01"	"0.005"	"0.01"	"100000"	"10000"	"200"	"4139773434532272008"	10	"intercept"	0.50013422
"0.95"	"0.4"	"0.15"	"0.01"	"0.005"	"0.01"	"100000"	"10000"	"200"	"4139773434532272008"	5000	"slope"	0.06924175605
"0.95"	"0.4"	"0.15"	"0.01"	"0.005"	"0.01"	"100000"	"10000"	"200"	"4139773434532272008"	5000	"intercept"	0.776015515
"0.95"	"0.4"	"0.15"	"0.01"	"0.005"	"0.01"	"100000"	"10000"	"200"	"4139773434532272008"	10000	"slope"	-0.03854250235
"0.95"	"0.4"	"0.15"	"0.01"	"0.005"	"0.01"	"100000"	"10000"	"200"	"4139773434532272008"	10000	"intercept"	0.827310735
"0.95"	"0.4"	"0.15"	"0.01"	"0.005"	"0.01"	"100000"	"10000"	"200"	"4139773434532272008"	15000	"slope"	-0.052739272225
"0.95"	"0.4"	"0.15"	"0.01"	"0.005"	"0.01"	"100000"	"10000"	"200"	"4139773434532272008"	15000	"intercept"	0.82382229
"0.95"	"0.4"	"0.15"	"0.01"	"0.005"	"0.01"	"100000"	"10000"	"200"	"4139773434532272008"	20000	"slope"	-0.0407406644235
"0.95"	"0.4"	"0.15"	"0.01"	"0.005"	"0.01"	"100000"	"10000"	"200"	"4139773434532272008"	20000	"intercept"	0.81544545
"0.95"	"0.4"	"0.15"	"0.01"	"0.005"	"0.01"	"100000"	"10000"	"200"	"4139773434532272008"	25000	"slope"	-0.02505629004
"0.95"	"0.4"	"0.15"	"0.01"	"0.005"	"0.01"	"100000"	"10000"	"200"	"4139773434532272008"	25000	"intercept"	0.817242355
"0.95"	"0.4"	"0.15"	"0.01"	"0.005"	"0.01"	"100000"	"10000"	"200"	"4139773434532272008"	30000	"slope"	-0.0287407734885
"0.95"	"0.4"	"0.15"	"0.01"	"0.005"	"0.01"	"100000"	"10000"	"200"	"4139773434532272008"	30000	"intercept"	0.818566765
"0.95"	"0.4"	"0.15"	"0.01"	"0.005"	"0.01"	"100000"	"10000"	"200"	"4139773434532272008"	35000	"slope"	-0.03064838327
"0.95"	"0.4"	"0.15"	"0.01"	"0.005"	"0.01"	"100000"	"10000"	"200"	"4139773434532272008"	35000	"intercept"	0.8101405
"0.95"	"0.4"	"0.15"	"0.01"	"0.005"	"0.01"	"100000"	"10000"	"200"	"4139773434532272008"	40000	"slope"	-0.0237475175
"0.95"	"0.4"	"0.15"	"0.01"	"0.005"	"0.01"	"100000"	"10000"	"200"	"4139773434532272008"	40000	"intercept"	0.817146685
"0.95"	"0.4"	"0.15"	"0.01"	"0.005"	"0.01"	"100000"	"10000"	"200"	"4139773434532272008"	45000	"slope"	-0.016680533345
"0.95"	"0.4"	"0.15"	"0.01"	"0.005"	"0.01"	"100000"	"10000"	"200"	"4139773434532272008"	45000	"intercept"	0.80963957
"0.95"	"0.4"	"0.15"	"0.01"	"0.005"	"0.01"	"100000"	"10000"	"200"	"4139773434532272008"	50000	"slope"	-0.0115108381
"0.95"	"0.4"	"0.15"	"0.01"	"0.005"	"0.01"	"100000"	"10000"	"200"	"4139773434532272008"	50000	"intercept"	0.811520925
"0.95"	"0.4"	"0.15"	"0.01"	"0.005"	"0.01"	"100000"	"10000"	"200"	"4139773434532272008"	55000	"slope"	-0.03351472195
"0.95"	"0.4"	"0.15"	"0.01"	"0.005"	"0.01"	"100000"	"10000"	"200"	"4139773434532272008"	55000	"intercept"	0.82541013
"0.95"	"0.4"	"0.15"	"0.01"	"0.005"	"0.01"	"100000"	"10000"	"200"	"4139773434532272008"	60000	"slope"	-0.041009488365
"0.95"	"0.4"	"0.15"	"0.01"	"0.005"	"0.01"	"100000"	"10000"	"200"	"4139773434532272008"	60000	"intercept"	0.822955545
"0.95"	"0.4"	"0.15"	"0.01"	"0.005"	"0.01"	"100000"	"10000"	"200"	"4139773434532272008"	65000	"slope"	-0.032104554235
"0.95"	"0.4"	"0.15"	"0.01"	"0.005"	"0.01"	"100000"	"10000"	"200"	"4139773434532272008"	65000	"intercept"	0.816859685
"0.95"	"0.4"	"0.15"	"0.01"	"0.005"	"0.01"	"100000"	"10000"	"200"	"4139773434532272008"	70000	"slope"	-0.0270229089935
"0.95"	"0.4"	"0.15"	"0.01"	"0.005"	"0.01"	"100000"	"10000"	"200"	"4139773434532272008"	70000	"intercept"	0.814239465
"0.95"	"0.4"	"0.15"	"0.01"	"0.005"	"0.01"	"100000"	"10000"	"200"	"4139773434532272008"	75000	"slope"	-0.03713277782
"0.95"	"0.4"	"0.15"	"0.01"	"0.005"	"0.01"	"100000"	"10000"	"200"	"4139773434532272008"	75000	"intercept"	0.81881676
"0.95"	"0.4"	"0.15"	"0.01"	"0.005"	"0.01"	"100000"	"10000"	"200"	"4139773434532272008"	80000	"slope"	-0.03613913676
"0.95"	"0.4"	"0.15"	"0.01"	"0.005"	"0.01"	"100000"	"10000"	"200"	"4139773434532272008"	80000	"intercept"	0.82256142
"0.95"	"0.4"	"0.15"	"0.01"	"0.005"	"0.01"	"100000"	"10000"	"200"	"4139773434532272008"	85000	"slope"	-0.0236607283
"0.95"	"0.4"	"0.15"	"0.01"	"0.005"	"0.01"	"100000"	"10000"	"200"	"4139773434532272008"	85000	"intercept"	0.80935786
"0.95"	"0.4"	"0.15"	"0.01"	"0.005"	"0.01"	"100000"	"10000"	"200"	"4139773434532272008"	90000	"slope"	-0.0530007349
"0.95"	"0.4"	"0.15"	"0.01"	"0.005"	"0.01"	"100000"	"10000"	"200"	"4139773434532272008"	90000	"intercept"	0.82393296
"0.95"	"0.4"	"0.15"	"0.01"	"0.005"	"0.01"	"100000"	"10000"	"200"	"4139773434532272008"	95000	"slope"	-0.04515119026
"0.95"	"0.4"	"0.15"	"0.01"	"0.005"	"0.01"	"100000"	"10000"	"200"	"4139773434532272008"	95000	"intercept"	0.824549715
"0.95"	"0.4"	"0.15"	"0.01"	"0.005"	"0.01"	"100000"	"10000"	"200"	"4139773434532272008"	100000	"slope"	-0.024768794915
"0.95"	"0.4"	"0.15"	"0.01"	"0.005"	"0.01"	"100000"	"10000"	"200"	"4139773434532272008"	100000	"intercept"	0.81946719
"0.95"	"0.4"	"0.15"	"0.01"	"0.005"	"0.01"	"100000"	"10000"	"200"	"6587878000494356935"	10	"slope"	0.0001465387655
"0.95"	"0.4"	"0.15"	"0.01"	"0.005"	"0.01"	"100000"	"10000"	"200"	"6587878000494356935"	10	"intercept"	0.49994156
"0.95"	"0.4"	"0.15"	"0.01"	"0.005"	"0.01"	"100000"	"10000"	"200"	"6587878000494356935"	5000	"slope"	0.06268168025
"0.95"	"0.4"	"0.15"	"0.01"	"0.005"	"0.01"	"100000"	"10000"	"200"	"6587878000494356935"	5000	"intercept"	0.777727935
"0.95"	"0.4"	"0.15"	"0.01"	"0.005"	"0.01"	"100000"	"10000"	"200"	"6587878000494356935"	10000	"slope"	-0.001728381712
"0.95"	"0.4"	"0.15"	"0.01"	"0.005"	"0.01"	"100000"	"10000"	"200"	"6587878000494356935"	10000	"intercept"	0.80478192
"0.95"	"0.4"	"0.15"	"0.01"	"0.005"	"0.01"	"100000"	"10000"	"200"	"6587878000494356935"	15000	"slope"	-0.028263161985
"0.95"	"0.4"	"0.15"	"0.01"	"0.005"	"0.01"	"100000"	"10000"	"200"	"6587878000494356935"	15000	"intercept"	0.81759434
"0.95"	"0.4"	"0.15"	"0.01"	"0.005"	"0.01"	"100000"	"10000"	"200"	"6587878000494356935"	20000	"slope"	-0.020482587051
"0.95"	"0.4"	"0.15"	"0.01"	"0.005"	"0.01"	"100000"	"10000"	"200"	"6587878000494356935"	20000	"intercept"	0.819653125
"0.95"	"0.4"	"0.15"	"0.01"	"0.005"	"0.01"	"100000"	"10000"	"200"	"6587878000494356935"	25000	"slope"	-0.039284392155
"0.95"	"0.4"	"0.15"	"0.01"	"0.005"	"0.01"	"100000"	"10000"	"200"	"6587878000494356935"	25000	"intercept"	0.826900015
"0.95"	"0.4"	"0.15"	"0.01"	"0.005"	"0.01"	"100000"	"10000"	"200"	"6587878000494356935"	30000	"slope"	-0.038014582945
"0.95"	"0.4"	"0.15"	"0.01"	"0.005"	"0.01"	"100000"	"10000"	"200"	"6587878000494356935"	30000	"intercept"	0.81835347
"0.95"	"0.4"	"0.15"	"0.01"	"0.005"	"0.01"	"100000"	"10000"	"200"	"6587878000494356935"	35000	"slope"	-0.0394618143
"0.95"	"0.4"	"0.15"	"0.01"	"0.005"	"0.01"	"100000"	"10000"	"200"	"6587878000494356935"	35000	"intercept"	0.821050485
"0.95"	"0.4"	"0.15"	"0.01"	"0.005"	"0.01"	"100000"	"10000"	"200"	"6587878000494356935"	40000	"slope"	-0.05735813585
"0.95"	"0.4"	"0.15"	"0.01"	"0.005"	"0.01"	"100000"	"10000"	"200"	"6587878000494356935"	40000	"intercept"	0.828606345
"0.95"	"0.4"	"0.15"	"0.01"	"0.005"	"0.01"	"100000"	"10000"	"200"	"6587878000494356935"	45000	"slope"	-0.0300569813
"0.95"	"0.4"	"0.15"	"0.01"	"0.005"	"0.01"	"100000"	"10000"	"200"	"6587878000494356935"	45000	"intercept"	0.810548475
"0.95"	"0.4"	"0.15"	"0.01"	"0.005"	"0.01"	"100000"	"10000"	"200"	"6587878000494356935"	50000	"slope"	-0.05162243955
"0.95"	"0.4"	"0.15"	"0.01"	"0.005"	"0.01"	"100000"	"10000"	"200"	"6587878000494356935"	50000	"intercept"	0.82577586
"0.95"	"0.4"	"0.15"	"0.01"	"0.005"	"0.01"	"100000"	"10000"	"200"	"6587878000494356935"	55000	"slope"	-0.01582408505
"0.95"	"0.4"	"0.15"	"0.01"	"0.005"	"0.01"	"100000"	"10000"	"200"	"6587878000494356935"	55000	"intercept"	0.814596495
"0.95"	"0.4"	"0.15"	"0.01"	"0.005"	"0.01"	"100000"	"10000"	"200"	"6587878000494356935"	60000	"slope"	-0.04311544515
"0.95"	"0.4"	"0.15"	"0.01"	"0.005"	"0.01"	"100000"	"10000"	"200"	"6587878000494356935"	60000	"intercept"	0.823446055
"0.95"	"0.4"	"0.15"	"0.01"	"0.005"	"0.01"	"100000"	"10000"	"200"	"6587878000494356935"	65000	"slope"	-0.02670669622
"0.95"	"0.4"	"0.15"	"0.01"	"0.005"	"0.01"	"100000"	"10000"	"200"	"6587878000494356935"	65000	"intercept"	0.817551215
"0.95"	"0.4"	"0.15"	"0.01"	"0.005"	"0.01"	"100000"	"10000"	"200"	"6587878000494356935"	70000	"slope"	-0.0145774955
"0.95"	"0.4"	"0.15"	"0.01"	"0.005"	"0.01"	"100000"	"10000"	"200"	"6587878000494356935"	70000	"intercept"	0.81041598
"0.95"	"0.4"	"0.15"	"0.01"	"0.005"	"0.01"	"100000"	"10000"	"200"	"6587878000494356935"	75000	"slope"	-0.027767074795
"0.95"	"0.4"	"0.15"	"0.01"	"0.005"	"0.01"	"100000"	"10000"	"200"	"6587878000494356935"	75000	"intercept"	0.820602225
"0.95"	"0.4"	"0.15"	"0.01"	"0.005"	"0.01"	"100000"	"10000"	"200"	"6587878000494356935"	80000	"slope"	-0.0423476656
"0.95"	"0.4"	"0.15"	"0.01"	"0.005"	"0.01"	"100000"	"10000"	"200"	"6587878000494356935"	80000	"intercept"	0.822120875
"0.95"	"0.4"	"0.15"	"0.01"	"0.005"	"0.01"	"100000"	"10000"	"200"	"6587878000494356935"	85000	"slope"	-0.037345365795
"0.95"	"0.4"	"0.15"	"0.01"	"0.005"	"0.01"	"100000"	"10000"	"200"	"6587878000494356935"	85000	"intercept"	0.823411285
"0.95"	"0.4"	"0.15"	"0.01"	"0.005"	"0.01"	"100000"	"10000"	"200"	"6587878000494356935"	90000	"slope"	-0.04614355318
"0.95"	"0.4"	"0.15"	"0.01"	"0.005"	"0.01"	"100000"	"10000"	"200"	"6587878000494356935"	90000	"intercept"	0.82809498
"0.95"	"0.4"	"0.15"	"0.01"	"0.005"	"0.01"	"100000"	"10000"	"200"	"6587878000494356935"	95000	"slope"	-0.0639931646
"0.95"	"0.4"	"0.15"	"0.01"	"0.005"	"0.01"	"100000"	"10000"	"200"	"6587878000494356935"	95000	"intercept"	0.834254975
"0.95"	"0.4"	"0.15"	"0.01"	"0.005"	"0.01"	"100000"	"10000"	"200"	"6587878000494356935"	100000	"slope"	-0.056096101918
"0.95"	"0.4"	"0.15"	"0.01"	"0.005"	"0.01"	"100000"	"10000"	"200"	"6587878000494356935"	100000	"intercept"	0.82923486
"0.95"	"0.6"	"0.15"	"0.01"	"0.005"	"0.01"	"100000"	"10000"	"200"	"1451112567528702458"	10	"slope"	-5.057873e-05
"0.95"	"0.6"	"0.15"	"0.01"	"0.005"	"0.01"	"100000"	"10000"	"200"	"1451112567528702458"	10	"intercept"	0.49987185
"0.95"	"0.6"	"0.15"	"0.01"	"0.005"	"0.01"	"100000"	"10000"	"200"	"1451112567528702458"	5000	"slope"	0.064052926015
"0.95"	"0.6"	"0.15"	"0.01"	"0.005"	"0.01"	"100000"	"10000"	"200"	"1451112567528702458"	5000	"intercept"	0.727250375
"0.95"	"0.6"	"0.15"	"0.01"	"0.005"	"0.01"	"100000"	"10000"	"200"	"1451112567528702458"	10000	"slope"	-0.042279410545
"0.95"	"0.6"	"0.15"	"0.01"	"0.005"	"0.01"	"100000"	"10000"	"200"	"1451112567528702458"	10000	"intercept"	0.77872679
"0.95"	"0.6"	"0.15"	"0.01"	"0.005"	"0.01"	"100000"	"10000"	"200"	"1451112567528702458"	15000	"slope"	-0.0774885778
"0.95"	"0.6"	"0.15"	"0.01"	"0.005"	"0.01"	"100000"	"10000"	"200"	"1451112567528702458"	15000	"intercept"	0.791163965
"0.95"	"0.6"	"0.15"	"0.01"	"0.005"	"0.01"	"100000"	"10000"	"200"	"1451112567528702458"	20000	"slope"	-0.1159668153
"0.95"	"0.6"	"0.15"	"0.01"	"0.005"	"0.01"	"100000"	"10000"	"200"	"1451112567528702458"	20000	"intercept"	0.805553935
"0.95"	"0.6"	"0.15"	"0.01"	"0.005"	"0.01"	"100000"	"10000"	"200"	"1451112567528702458"	25000	"slope"	-0.138068608
"0.95"	"0.6"	"0.15"	"0.01"	"0.005"	"0.01"	"100000"	"10000"	"200"	"1451112567528702458"	25000	"intercept"	0.811297055
"0.95"	"0.6"	"0.15"	"0.01"	"0.005"	"0.01"	"100000"	"10000"	"200"	"1451112567528702458"	30000	"slope"	-0.14333087
"0.95"	"0.6"	"0.15"	"0.01"	"0.005"	"0.01"	"100000"	"10000"	"200"	"1451112567528702458"	30000	"intercept"	0.814700085
"0.95"	"0.6"	"0.15"	"0.01"	"0.005"	"0.01"	"100000"	"10000"	"200"	"1451112567528702458"	35000	"slope"	-0.152622522
"0.95"	"0.6"	"0.15"	"0.01"	"0.005"	"0.01"	"100000"	"10000"	"200"	"1451112567528702458"	35000	"intercept"	0.82185031
"0.95"	"0.6"	"0.15"	"0.01"	"0.005"	"0.01"	"100000"	"10000"	"200"	"1451112567528702458"	40000	"slope"	-0.176596985
"0.95"	"0.6"	"0.15"	"0.01"	"0.005"	"0.01"	"100000"	"10000"	"200"	"1451112567528702458"	40000	"intercept"	0.83368819
"0.95"	"0.6"	"0.15"	"0.01"	"0.005"	"0.01"	"100000"	"10000"	"200"	"1451112567528702458"	45000	"slope"	-0.1519966325
"0.95"	"0.6"	"0.15"	"0.01"	"0.005"	"0.01"	"100000"	"10000"	"200"	"1451112567528702458"	45000	"intercept"	0.81994841
"0.95"	"0.6"	"0.15"	"0.01"	"0.005"	"0.01"	"100000"	"10000"	"200"	"1451112567528702458"	50000	"slope"	-0.1467586765
"0.95"	"0.6"	"0.15"	"0.01"	"0.005"	"0.01"	"100000"	"10000"	"200"	"1451112567528702458"	50000	"intercept"	0.81215682
"0.95"	"0.6"	"0.15"	"0.01"	"0.005"	"0.01"	"100000"	"10000"	"200"	"1451112567528702458"	55000	"slope"	-0.175104021
"0.95"	"0.6"	"0.15"	"0.01"	"0.005"	"0.01"	"100000"	"10000"	"200"	"1451112567528702458"	55000	"intercept"	0.822802395
"0.95"	"0.6"	"0.15"	"0.01"	"0.005"	"0.01"	"100000"	"10000"	"200"	"1451112567528702458"	60000	"slope"	-0.1560149045
"0.95"	"0.6"	"0.15"	"0.01"	"0.005"	"0.01"	"100000"	"10000"	"200"	"1451112567528702458"	60000	"intercept"	0.819354095
"0.95"	"0.6"	"0.15"	"0.01"	"0.005"	"0.01"	"100000"	"10000"	"200"	"1451112567528702458"	65000	"slope"	-0.1392389755
"0.95"	"0.6"	"0.15"	"0.01"	"0.005"	"0.01"	"100000"	"10000"	"200"	"1451112567528702458"	65000	"intercept"	0.807234295
"0.95"	"0.6"	"0.15"	"0.01"	"0.005"	"0.01"	"100000"	"10000"	"200"	"1451112567528702458"	70000	"slope"	-0.1706202885
"0.95"	"0.6"	"0.15"	"0.01"	"0.005"	"0.01"	"100000"	"10000"	"200"	"1451112567528702458"	70000	"intercept"	0.824930525
"0.95"	"0.6"	"0.15"	"0.01"	"0.005"	"0.01"	"100000"	"10000"	"200"	"1451112567528702458"	75000	"slope"	-0.1579227405
"0.95"	"0.6"	"0.15"	"0.01"	"0.005"	"0.01"	"100000"	"10000"	"200"	"1451112567528702458"	75000	"intercept"	0.82507418
"0.95"	"0.6"	"0.15"	"0.01"	"0.005"	"0.01"	"100000"	"10000"	"200"	"1451112567528702458"	80000	"slope"	-0.151266697
"0.95"	"0.6"	"0.15"	"0.01"	"0.005"	"0.01"	"100000"	"10000"	"200"	"1451112567528702458"	80000	"intercept"	0.81784212
"0.95"	"0.6"	"0.15"	"0.01"	"0.005"	"0.01"	"100000"	"10000"	"200"	"1451112567528702458"	85000	"slope"	-0.1600619455
"0.95"	"0.6"	"0.15"	"0.01"	"0.005"	"0.01"	"100000"	"10000"	"200"	"1451112567528702458"	85000	"intercept"	0.820539595
"0.95"	"0.6"	"0.15"	"0.01"	"0.005"	"0.01"	"100000"	"10000"	"200"	"1451112567528702458"	90000	"slope"	-0.145771721
"0.95"	"0.6"	"0.15"	"0.01"	"0.005"	"0.01"	"100000"	"10000"	"200"	"1451112567528702458"	90000	"intercept"	0.81228655
"0.95"	"0.6"	"0.15"	"0.01"	"0.005"	"0.01"	"100000"	"10000"	"200"	"1451112567528702458"	95000	"slope"	-0.1526659895
"0.95"	"0.6"	"0.15"	"0.01"	"0.005"	"0.01"	"100000"	"10000"	"200"	"1451112567528702458"	95000	"intercept"	0.82119165
"0.95"	"0.6"	"0.15"	"0.01"	"0.005"	"0.01"	"100000"	"10000"	"200"	"1451112567528702458"	100000	"slope"	-0.13248001
"0.95"	"0.6"	"0.15"	"0.01"	"0.005"	"0.01"	"100000"	"10000"	"200"	"1451112567528702458"	100000	"intercept"	0.804955145
"0.95"	"0.6"	"0.15"	"0.01"	"0.005"	"0.01"	"100000"	"10000"	"200"	"5696143982783342338"	10	"slope"	-6.71248e-05
"0.95"	"0.6"	"0.15"	"0.01"	"0.005"	"0.01"	"100000"	"10000"	"200"	"5696143982783342338"	10	"intercept"	0.499987575
"0.95"	"0.6"	"0.15"	"0.01"	"0.005"	"0.01"	"100000"	"10000"	"200"	"5696143982783342338"	5000	"slope"	0.017902888055
"0.95"	"0.6"	"0.15"	"0.01"	"0.005"	"0.01"	"100000"	"10000"	"200"	"5696143982783342338"	5000	"intercept"	0.744681255
"0.95"	"0.6"	"0.15"	"0.01"	"0.005"	"0.01"	"100000"	"10000"	"200"	"5696143982783342338"	10000	"slope"	-0.086288388
"0.95"	"0.6"	"0.15"	"0.01"	"0.005"	"0.01"	"100000"	"10000"	"200"	"5696143982783342338"	10000	"intercept"	0.787835465
"0.95"	"0.6"	"0.15"	"0.01"	"0.005"	"0.01"	"100000"	"10000"	"200"	"5696143982783342338"	15000	"slope"	-0.1186004035
"0.95"	"0.6"	"0.15"	"0.01"	"0.005"	"0.01"	"100000"	"10000"	"200"	"5696143982783342338"	15000	"intercept"	0.809992915
"0.95"	"0.6"	"0.15"	"0.01"	"0.005"	"0.01"	"100000"	"10000"	"200"	"5696143982783342338"	20000	"slope"	-0.1585163285
"0.95"	"0.6"	"0.15"	"0.01"	"0.005"	"0.01"	"100000"	"10000"	"200"	"5696143982783342338"	20000	"intercept"	0.822263905
"0.95"	"0.6"	"0.15"	"0.01"	"0.005"	"0.01"	"100000"	"10000"	"200"	"5696143982783342338"	25000	"slope"	-0.1592023205
"0.95"	"0.6"	"0.15"	"0.01"	"0.005"	"0.01"	"100000"	"10000"	"200"	"5696143982783342338"	25000	"intercept"	0.81928142
"0.95"	"0.6"	"0.15"	"0.01"	"0.005"	"0.01"	"100000"	"10000"	"200"	"5696143982783342338"	30000	"slope"	-0.150268038
"0.95"	"0.6"	"0.15"	"0.01"	"0.005"	"0.01"	"100000"	"10000"	"200"	"5696143982783342338"	30000	"intercept"	0.80768125
"0.95"	"0.6"	"0.15"	"0.01"	"0.005"	"0.01"	"100000"	"10000"	"200"	"5696143982783342338"	35000	"slope"	-0.1416438725
"0.95"	"0.6"	"0.15"	"0.01"	"0.005"	"0.01"	"100000"	"10000"	"200"	"5696143982783342338"	35000	"intercept"	0.812273205
"0.95"	"0.6"	"0.15"	"0.01"	"0.005"	"0.01"	"100000"	"10000"	"200"	"5696143982783342338"	40000	"slope"	-0.1571578895
"0.95"	"0.6"	"0.15"	"0.01"	"0.005"	"0.01"	"100000"	"10000"	"200"	"5696143982783342338"	40000	"intercept"	0.81862591
"0.95"	"0.6"	"0.15"	"0.01"	"0.005"	"0.01"	"100000"	"10000"	"200"	"5696143982783342338"	45000	"slope"	-0.163443165
"0.95"	"0.6"	"0.15"	"0.01"	"0.005"	"0.01"	"100000"	"10000"	"200"	"5696143982783342338"	45000	"intercept"	0.820982235
"0.95"	"0.6"	"0.15"	"0.01"	"0.005"	"0.01"	"100000"	"10000"	"200"	"5696143982783342338"	50000	"slope"	-0.1572706205
"0.95"	"0.6"	"0.15"	"0.01"	"0.005"	"0.01"	"100000"	"10000"	"200"	"5696143982783342338"	50000	"intercept"	0.81594588
"0.95"	"0.6"	"0.15"	"0.01"	"0.005"	"0.01"	"100000"	"10000"	"200"	"5696143982783342338"	55000	"slope"	-0.1135395915
"0.95"	"0.6"	"0.15"	"0.01"	"0.005"	"0.01"	"100000"	"10000"	"200"	"5696143982783342338"	55000	"intercept"	0.801140385
"0.95"	"0.6"	"0.15"	"0.01"	"0.005"	"0.01"	"100000"	"10000"	"200"	"5696143982783342338"	60000	"slope"	-0.168735224
"0.95"	"0.6"	"0.15"	"0.01"	"0.005"	"0.01"	"100000"	"10000"	"200"	"5696143982783342338"	60000	"intercept"	0.820599175
"0.95"	"0.6"	"0.15"	"0.01"	"0.005"	"0.01"	"100000"	"10000"	"200"	"5696143982783342338"	65000	"slope"	-0.159600472
"0.95"	"0.6"	"0.15"	"0.01"	"0.005"	"0.01"	"100000"	"10000"	"200"	"5696143982783342338"	65000	"intercept"	0.82607256
"0.95"	"0.6"	"0.15"	"0.01"	"0.005"	"0.01"	"100000"	"10000"	"200"	"5696143982783342338"	70000	"slope"	-0.133480287
"0.95"	"0.6"	"0.15"	"0.01"	"0.005"	"0.01"	"100000"	"10000"	"200"	"5696143982783342338"	70000	"intercept"	0.81074553
"0.95"	"0.6"	"0.15"	"0.01"	"0.005"	"0.01"	"100000"	"10000"	"200"	"5696143982783342338"	75000	"slope"	-0.12172428195
"0.95"	"0.6"	"0.15"	"0.01"	"0.005"	"0.01"	"100000"	"10000"	"200"	"5696143982783342338"	75000	"intercept"	0.804548455
"0.95"	"0.6"	"0.15"	"0.01"	"0.005"	"0.01"	"100000"	"10000"	"200"	"5696143982783342338"	80000	"slope"	-0.1439274262
"0.95"	"0.6"	"0.15"	"0.01"	"0.005"	"0.01"	"100000"	"10000"	"200"	"5696143982783342338"	80000	"intercept"	0.814204745
"0.95"	"0.6"	"0.15"	"0.01"	"0.005"	"0.01"	"100000"	"10000"	"200"	"5696143982783342338"	85000	"slope"	-0.1374583115
"0.95"	"0.6"	"0.15"	"0.01"	"0.005"	"0.01"	"100000"	"10000"	"200"	"5696143982783342338"	85000	"intercept"	0.816971655
"0.95"	"0.6"	"0.15"	"0.01"	"0.005"	"0.01"	"100000"	"10000"	"200"	"5696143982783342338"	90000	"slope"	-0.1557003325
"0.95"	"0.6"	"0.15"	"0.01"	"0.005"	"0.01"	"100000"	"10000"	"200"	"5696143982783342338"	90000	"intercept"	0.81454975
"0.95"	"0.6"	"0.15"	"0.01"	"0.005"	"0.01"	"100000"	"10000"	"200"	"5696143982783342338"	95000	"slope"	-0.1801002975
"0.95"	"0.6"	"0.15"	"0.01"	"0.005"	"0.01"	"100000"	"10000"	"200"	"5696143982783342338"	95000	"intercept"	0.83657708
"0.95"	"0.6"	"0.15"	"0.01"	"0.005"	"0.01"	"100000"	"10000"	"200"	"5696143982783342338"	100000	"slope"	-0.1628207325
"0.95"	"0.6"	"0.15"	"0.01"	"0.005"	"0.01"	"100000"	"10000"	"200"	"5696143982783342338"	100000	"intercept"	0.821774
"0.95"	"0.6"	"0.15"	"0.01"	"0.005"	"0.01"	"100000"	"10000"	"200"	"6320903114395817134"	10	"slope"	-9.84789499999999e-06
"0.95"	"0.6"	"0.15"	"0.01"	"0.005"	"0.01"	"100000"	"10000"	"200"	"6320903114395817134"	10	"intercept"	0.499822945
"0.95"	"0.6"	"0.15"	"0.01"	"0.005"	"0.01"	"100000"	"10000"	"200"	"6320903114395817134"	5000	"slope"	0.04693909945
"0.95"	"0.6"	"0.15"	"0.01"	"0.005"	"0.01"	"100000"	"10000"	"200"	"6320903114395817134"	5000	"intercept"	0.726597355
"0.95"	"0.6"	"0.15"	"0.01"	"0.005"	"0.01"	"100000"	"10000"	"200"	"6320903114395817134"	10000	"slope"	-0.064997503
"0.95"	"0.6"	"0.15"	"0.01"	"0.005"	"0.01"	"100000"	"10000"	"200"	"6320903114395817134"	10000	"intercept"	0.78037073
"0.95"	"0.6"	"0.15"	"0.01"	"0.005"	"0.01"	"100000"	"10000"	"200"	"6320903114395817134"	15000	"slope"	-0.084654935
"0.95"	"0.6"	"0.15"	"0.01"	"0.005"	"0.01"	"100000"	"10000"	"200"	"6320903114395817134"	15000	"intercept"	0.795668505
"0.95"	"0.6"	"0.15"	"0.01"	"0.005"	"0.01"	"100000"	"10000"	"200"	"6320903114395817134"	20000	"slope"	-0.105549839
"0.95"	"0.6"	"0.15"	"0.01"	"0.005"	"0.01"	"100000"	"10000"	"200"	"6320903114395817134"	20000	"intercept"	0.805086815
"0.95"	"0.6"	"0.15"	"0.01"	"0.005"	"0.01"	"100000"	"10000"	"200"	"6320903114395817134"	25000	"slope"	-0.142391385
"0.95"	"0.6"	"0.15"	"0.01"	"0.005"	"0.01"	"100000"	"10000"	"200"	"6320903114395817134"	25000	"intercept"	0.81249423
"0.95"	"0.6"	"0.15"	"0.01"	"0.005"	"0.01"	"100000"	"10000"	"200"	"6320903114395817134"	30000	"slope"	-0.136272634
"0.95"	"0.6"	"0.15"	"0.01"	"0.005"	"0.01"	"100000"	"10000"	"200"	"6320903114395817134"	30000	"intercept"	0.811249895
"0.95"	"0.6"	"0.15"	"0.01"	"0.005"	"0.01"	"100000"	"10000"	"200"	"6320903114395817134"	35000	"slope"	-0.1504183945
"0.95"	"0.6"	"0.15"	"0.01"	"0.005"	"0.01"	"100000"	"10000"	"200"	"6320903114395817134"	35000	"intercept"	0.822005625
"0.95"	"0.6"	"0.15"	"0.01"	"0.005"	"0.01"	"100000"	"10000"	"200"	"6320903114395817134"	40000	"slope"	-0.160728799
"0.95"	"0.6"	"0.15"	"0.01"	"0.005"	"0.01"	"100000"	"10000"	"200"	"6320903114395817134"	40000	"intercept"	0.83034663
"0.95"	"0.6"	"0.15"	"0.01"	"0.005"	"0.01"	"100000"	"10000"	"200"	"6320903114395817134"	45000	"slope"	-0.1615072655
"0.95"	"0.6"	"0.15"	"0.01"	"0.005"	"0.01"	"100000"	"10000"	"200"	"6320903114395817134"	45000	"intercept"	0.821675855
"0.95"	"0.6"	"0.15"	"0.01"	"0.005"	"0.01"	"100000"	"10000"	"200"	"6320903114395817134"	50000	"slope"	-0.1815046345
"0.95"	"0.6"	"0.15"	"0.01"	"0.005"	"0.01"	"100000"	"10000"	"200"	"6320903114395817134"	50000	"intercept"	0.828012045
"0.95"	"0.6"	"0.15"	"0.01"	"0.005"	"0.01"	"100000"	"10000"	"200"	"6320903114395817134"	55000	"slope"	-0.1349543105
"0.95"	"0.6"	"0.15"	"0.01"	"0.005"	"0.01"	"100000"	"10000"	"200"	"6320903114395817134"	55000	"intercept"	0.80953896
"0.95"	"0.6"	"0.15"	"0.01"	"0.005"	"0.01"	"100000"	"10000"	"200"	"6320903114395817134"	60000	"slope"	-0.1441821915
"0.95"	"0.6"	"0.15"	"0.01"	"0.005"	"0.01"	"100000"	"10000"	"200"	"6320903114395817134"	60000	"intercept"	0.81151891
"0.95"	"0.6"	"0.15"	"0.01"	"0.005"	"0.01"	"100000"	"10000"	"200"	"6320903114395817134"	65000	"slope"	-0.16539793
"0.95"	"0.6"	"0.15"	"0.01"	"0.005"	"0.01"	"100000"	"10000"	"200"	"6320903114395817134"	65000	"intercept"	0.819903575
"0.95"	"0.6"	"0.15"	"0.01"	"0.005"	"0.01"	"100000"	"10000"	"200"	"6320903114395817134"	70000	"slope"	-0.190679143
"0.95"	"0.6"	"0.15"	"0.01"	"0.005"	"0.01"	"100000"	"10000"	"200"	"6320903114395817134"	70000	"intercept"	0.829306375
"0.95"	"0.6"	"0.15"	"0.01"	"0.005"	"0.01"	"100000"	"10000"	"200"	"6320903114395817134"	75000	"slope"	-0.1415707435
"0.95"	"0.6"	"0.15"	"0.01"	"0.005"	"0.01"	"100000"	"10000"	"200"	"6320903114395817134"	75000	"intercept"	0.80929621
"0.95"	"0.6"	"0.15"	"0.01"	"0.005"	"0.01"	"100000"	"10000"	"200"	"6320903114395817134"	80000	"slope"	-0.13604009095
"0.95"	"0.6"	"0.15"	"0.01"	"0.005"	"0.01"	"100000"	"10000"	"200"	"6320903114395817134"	80000	"intercept"	0.80224677
"0.95"	"0.6"	"0.15"	"0.01"	"0.005"	"0.01"	"100000"	"10000"	"200"	"6320903114395817134"	85000	"slope"	-0.158500678
"0.95"	"0.6"	"0.15"	"0.01"	"0.005"	"0.01"	"100000"	"10000"	"200"	"6320903114395817134"	85000	"intercept"	0.82047892
"0.95"	"0.6"	"0.15"	"0.01"	"0.005"	"0.01"	"100000"	"10000"	"200"	"6320903114395817134"	90000	"slope"	-0.17456808
"0.95"	"0.6"	"0.15"	"0.01"	"0.005"	"0.01"	"100000"	"10000"	"200"	"6320903114395817134"	90000	"intercept"	0.826035025
"0.95"	"0.6"	"0.15"	"0.01"	"0.005"	"0.01"	"100000"	"10000"	"200"	"6320903114395817134"	95000	"slope"	-0.1383295975
"0.95"	"0.6"	"0.15"	"0.01"	"0.005"	"0.01"	"100000"	"10000"	"200"	"6320903114395817134"	95000	"intercept"	0.815869425
"0.95"	"0.6"	"0.15"	"0.01"	"0.005"	"0.01"	"100000"	"10000"	"200"	"6320903114395817134"	100000	"slope"	-0.1438950121
"0.95"	"0.6"	"0.15"	"0.01"	"0.005"	"0.01"	"100000"	"10000"	"200"	"6320903114395817134"	100000	"intercept"	0.80672176
"0.95"	"0.8"	"0.15"	"0.01"	"0.005"	"0.01"	"100000"	"10000"	"200"	"24617143182664045"	10	"slope"	9.52071755e-05
"0.95"	"0.8"	"0.15"	"0.01"	"0.005"	"0.01"	"100000"	"10000"	"200"	"24617143182664045"	10	"intercept"	0.500040765
"0.95"	"0.8"	"0.15"	"0.01"	"0.005"	"0.01"	"100000"	"10000"	"200"	"24617143182664045"	5000	"slope"	-0.0665683877
"0.95"	"0.8"	"0.15"	"0.01"	"0.005"	"0.01"	"100000"	"10000"	"200"	"24617143182664045"	5000	"intercept"	0.680789255
"0.95"	"0.8"	"0.15"	"0.01"	"0.005"	"0.01"	"100000"	"10000"	"200"	"24617143182664045"	10000	"slope"	-0.1572585485
"0.95"	"0.8"	"0.15"	"0.01"	"0.005"	"0.01"	"100000"	"10000"	"200"	"24617143182664045"	10000	"intercept"	0.73096775
"0.95"	"0.8"	"0.15"	"0.01"	"0.005"	"0.01"	"100000"	"10000"	"200"	"24617143182664045"	15000	"slope"	-0.280961545
"0.95"	"0.8"	"0.15"	"0.01"	"0.005"	"0.01"	"100000"	"10000"	"200"	"24617143182664045"	15000	"intercept"	0.777032255
"0.95"	"0.8"	"0.15"	"0.01"	"0.005"	"0.01"	"100000"	"10000"	"200"	"24617143182664045"	20000	"slope"	-0.34161196
"0.95"	"0.8"	"0.15"	"0.01"	"0.005"	"0.01"	"100000"	"10000"	"200"	"24617143182664045"	20000	"intercept"	0.797920065
"0.95"	"0.8"	"0.15"	"0.01"	"0.005"	"0.01"	"100000"	"10000"	"200"	"24617143182664045"	25000	"slope"	-0.394965955
"0.95"	"0.8"	"0.15"	"0.01"	"0.005"	"0.01"	"100000"	"10000"	"200"	"24617143182664045"	25000	"intercept"	0.82691928
"0.95"	"0.8"	"0.15"	"0.01"	"0.005"	"0.01"	"100000"	"10000"	"200"	"24617143182664045"	30000	"slope"	-0.386441975
"0.95"	"0.8"	"0.15"	"0.01"	"0.005"	"0.01"	"100000"	"10000"	"200"	"24617143182664045"	30000	"intercept"	0.8209749
"0.95"	"0.8"	"0.15"	"0.01"	"0.005"	"0.01"	"100000"	"10000"	"200"	"24617143182664045"	35000	"slope"	-0.39325107
"0.95"	"0.8"	"0.15"	"0.01"	"0.005"	"0.01"	"100000"	"10000"	"200"	"24617143182664045"	35000	"intercept"	0.825443665
"0.95"	"0.8"	"0.15"	"0.01"	"0.005"	"0.01"	"100000"	"10000"	"200"	"24617143182664045"	40000	"slope"	-0.40513748
"0.95"	"0.8"	"0.15"	"0.01"	"0.005"	"0.01"	"100000"	"10000"	"200"	"24617143182664045"	40000	"intercept"	0.82905451
"0.95"	"0.8"	"0.15"	"0.01"	"0.005"	"0.01"	"100000"	"10000"	"200"	"24617143182664045"	45000	"slope"	-0.42631948
"0.95"	"0.8"	"0.15"	"0.01"	"0.005"	"0.01"	"100000"	"10000"	"200"	"24617143182664045"	45000	"intercept"	0.83881409
"0.95"	"0.8"	"0.15"	"0.01"	"0.005"	"0.01"	"100000"	"10000"	"200"	"24617143182664045"	50000	"slope"	-0.436049935
"0.95"	"0.8"	"0.15"	"0.01"	"0.005"	"0.01"	"100000"	"10000"	"200"	"24617143182664045"	50000	"intercept"	0.838612665
"0.95"	"0.8"	"0.15"	"0.01"	"0.005"	"0.01"	"100000"	"10000"	"200"	"24617143182664045"	55000	"slope"	-0.42202651
"0.95"	"0.8"	"0.15"	"0.01"	"0.005"	"0.01"	"100000"	"10000"	"200"	"24617143182664045"	55000	"intercept"	0.838480245
"0.95"	"0.8"	"0.15"	"0.01"	"0.005"	"0.01"	"100000"	"10000"	"200"	"24617143182664045"	60000	"slope"	-0.43807594
"0.95"	"0.8"	"0.15"	"0.01"	"0.005"	"0.01"	"100000"	"10000"	"200"	"24617143182664045"	60000	"intercept"	0.84542884
"0.95"	"0.8"	"0.15"	"0.01"	"0.005"	"0.01"	"100000"	"10000"	"200"	"24617143182664045"	65000	"slope"	-0.421557065
"0.95"	"0.8"	"0.15"	"0.01"	"0.005"	"0.01"	"100000"	"10000"	"200"	"24617143182664045"	65000	"intercept"	0.833643705
"0.95"	"0.8"	"0.15"	"0.01"	"0.005"	"0.01"	"100000"	"10000"	"200"	"24617143182664045"	70000	"slope"	-0.42507552
"0.95"	"0.8"	"0.15"	"0.01"	"0.005"	"0.01"	"100000"	"10000"	"200"	"24617143182664045"	70000	"intercept"	0.83723313
"0.95"	"0.8"	"0.15"	"0.01"	"0.005"	"0.01"	"100000"	"10000"	"200"	"24617143182664045"	75000	"slope"	-0.442752175
"0.95"	"0.8"	"0.15"	"0.01"	"0.005"	"0.01"	"100000"	"10000"	"200"	"24617143182664045"	75000	"intercept"	0.84725312
"0.95"	"0.8"	"0.15"	"0.01"	"0.005"	"0.01"	"100000"	"10000"	"200"	"24617143182664045"	80000	"slope"	-0.422276315
"0.95"	"0.8"	"0.15"	"0.01"	"0.005"	"0.01"	"100000"	"10000"	"200"	"24617143182664045"	80000	"intercept"	0.833381665
"0.95"	"0.8"	"0.15"	"0.01"	"0.005"	"0.01"	"100000"	"10000"	"200"	"24617143182664045"	85000	"slope"	-0.41747986
"0.95"	"0.8"	"0.15"	"0.01"	"0.005"	"0.01"	"100000"	"10000"	"200"	"24617143182664045"	85000	"intercept"	0.832555445
"0.95"	"0.8"	"0.15"	"0.01"	"0.005"	"0.01"	"100000"	"10000"	"200"	"24617143182664045"	90000	"slope"	-0.417415615
"0.95"	"0.8"	"0.15"	"0.01"	"0.005"	"0.01"	"100000"	"10000"	"200"	"24617143182664045"	90000	"intercept"	0.836470915
"0.95"	"0.8"	"0.15"	"0.01"	"0.005"	"0.01"	"100000"	"10000"	"200"	"24617143182664045"	95000	"slope"	-0.46416341
"0.95"	"0.8"	"0.15"	"0.01"	"0.005"	"0.01"	"100000"	"10000"	"200"	"24617143182664045"	95000	"intercept"	0.84694871
"0.95"	"0.8"	"0.15"	"0.01"	"0.005"	"0.01"	"100000"	"10000"	"200"	"24617143182664045"	100000	"slope"	-0.446187445
"0.95"	"0.8"	"0.15"	"0.01"	"0.005"	"0.01"	"100000"	"10000"	"200"	"24617143182664045"	100000	"intercept"	0.84321062
"0.95"	"0.8"	"0.15"	"0.01"	"0.005"	"0.01"	"100000"	"10000"	"200"	"6069625915114388848"	10	"slope"	0.0001062888985
"0.95"	"0.8"	"0.15"	"0.01"	"0.005"	"0.01"	"100000"	"10000"	"200"	"6069625915114388848"	10	"intercept"	0.50001548
"0.95"	"0.8"	"0.15"	"0.01"	"0.005"	"0.01"	"100000"	"10000"	"200"	"6069625915114388848"	5000	"slope"	-0.02895125675
"0.95"	"0.8"	"0.15"	"0.01"	"0.005"	"0.01"	"100000"	"10000"	"200"	"6069625915114388848"	5000	"intercept"	0.6653038
"0.95"	"0.8"	"0.15"	"0.01"	"0.005"	"0.01"	"100000"	"10000"	"200"	"6069625915114388848"	10000	"slope"	-0.1344848265
"0.95"	"0.8"	"0.15"	"0.01"	"0.005"	"0.01"	"100000"	"10000"	"200"	"6069625915114388848"	10000	"intercept"	0.71281736
"0.95"	"0.8"	"0.15"	"0.01"	"0.005"	"0.01"	"100000"	"10000"	"200"	"6069625915114388848"	15000	"slope"	-0.255551125
"0.95"	"0.8"	"0.15"	"0.01"	"0.005"	"0.01"	"100000"	"10000"	"200"	"6069625915114388848"	15000	"intercept"	0.77172532
"0.95"	"0.8"	"0.15"	"0.01"	"0.005"	"0.01"	"100000"	"10000"	"200"	"6069625915114388848"	20000	"slope"	-0.33490658
"0.95"	"0.8"	"0.15"	"0.01"	"0.005"	"0.01"	"100000"	"10000"	"200"	"6069625915114388848"	20000	"intercept"	0.79428872
"0.95"	"0.8"	"0.15"	"0.01"	"0.005"	"0.01"	"100000"	"10000"	"200"	"6069625915114388848"	25000	"slope"	-0.351631345
"0.95"	"0.8"	"0.15"	"0.01"	"0.005"	"0.01"	"100000"	"10000"	"200"	"6069625915114388848"	25000	"intercept"	0.800581165
"0.95"	"0.8"	"0.15"	"0.01"	"0.005"	"0.01"	"100000"	"10000"	"200"	"6069625915114388848"	30000	"slope"	-0.33530491
"0.95"	"0.8"	"0.15"	"0.01"	"0.005"	"0.01"	"100000"	"10000"	"200"	"6069625915114388848"	30000	"intercept"	0.798403
"0.95"	"0.8"	"0.15"	"0.01"	"0.005"	"0.01"	"100000"	"10000"	"200"	"6069625915114388848"	35000	"slope"	-0.348601655
"0.95"	"0.8"	"0.15"	"0.01"	"0.005"	"0.01"	"100000"	"10000"	"200"	"6069625915114388848"	35000	"intercept"	0.80307884
"0.95"	"0.8"	"0.15"	"0.01"	"0.005"	"0.01"	"100000"	"10000"	"200"	"6069625915114388848"	40000	"slope"	-0.36264427
"0.95"	"0.8"	"0.15"	"0.01"	"0.005"	"0.01"	"100000"	"10000"	"200"	"6069625915114388848"	40000	"intercept"	0.81177266
"0.95"	"0.8"	"0.15"	"0.01"	"0.005"	"0.01"	"100000"	"10000"	"200"	"6069625915114388848"	45000	"slope"	-0.38867951
"0.95"	"0.8"	"0.15"	"0.01"	"0.005"	"0.01"	"100000"	"10000"	"200"	"6069625915114388848"	45000	"intercept"	0.819876325
"0.95"	"0.8"	"0.15"	"0.01"	"0.005"	"0.01"	"100000"	"10000"	"200"	"6069625915114388848"	50000	"slope"	-0.394015935
"0.95"	"0.8"	"0.15"	"0.01"	"0.005"	"0.01"	"100000"	"10000"	"200"	"6069625915114388848"	50000	"intercept"	0.81896118
"0.95"	"0.8"	"0.15"	"0.01"	"0.005"	"0.01"	"100000"	"10000"	"200"	"6069625915114388848"	55000	"slope"	-0.445222565
"0.95"	"0.8"	"0.15"	"0.01"	"0.005"	"0.01"	"100000"	"10000"	"200"	"6069625915114388848"	55000	"intercept"	0.84205357
"0.95"	"0.8"	"0.15"	"0.01"	"0.005"	"0.01"	"100000"	"10000"	"200"	"6069625915114388848"	60000	"slope"	-0.458549715
"0.95"	"0.8"	"0.15"	"0.01"	"0.005"	"0.01"	"100000"	"10000"	"200"	"6069625915114388848"	60000	"intercept"	0.857381815
"0.95"	"0.8"	"0.15"	"0.01"	"0.005"	"0.01"	"100000"	"10000"	"200"	"6069625915114388848"	65000	"slope"	-0.420271665
"0.95"	"0.8"	"0.15"	"0.01"	"0.005"	"0.01"	"100000"	"10000"	"200"	"6069625915114388848"	65000	"intercept"	0.83427163
"0.95"	"0.8"	"0.15"	"0.01"	"0.005"	"0.01"	"100000"	"10000"	"200"	"6069625915114388848"	70000	"slope"	-0.45038829
"0.95"	"0.8"	"0.15"	"0.01"	"0.005"	"0.01"	"100000"	"10000"	"200"	"6069625915114388848"	70000	"intercept"	0.845192065
"0.95"	"0.8"	"0.15"	"0.01"	"0.005"	"0.01"	"100000"	"10000"	"200"	"6069625915114388848"	75000	"slope"	-0.44489962
"0.95"	"0.8"	"0.15"	"0.01"	"0.005"	"0.01"	"100000"	"10000"	"200"	"6069625915114388848"	75000	"intercept"	0.84473659
"0.95"	"0.8"	"0.15"	"0.01"	"0.005"	"0.01"	"100000"	"10000"	"200"	"6069625915114388848"	80000	"slope"	-0.43215791
"0.95"	"0.8"	"0.15"	"0.01"	"0.005"	"0.01"	"100000"	"10000"	"200"	"6069625915114388848"	80000	"intercept"	0.843892415
"0.95"	"0.8"	"0.15"	"0.01"	"0.005"	"0.01"	"100000"	"10000"	"200"	"6069625915114388848"	85000	"slope"	-0.432812375
"0.95"	"0.8"	"0.15"	"0.01"	"0.005"	"0.01"	"100000"	"10000"	"200"	"6069625915114388848"	85000	"intercept"	0.840052765
"0.95"	"0.8"	"0.15"	"0.01"	"0.005"	"0.01"	"100000"	"10000"	"200"	"6069625915114388848"	90000	"slope"	-0.431224645
"0.95"	"0.8"	"0.15"	"0.01"	"0.005"	"0.01"	"100000"	"10000"	"200"	"6069625915114388848"	90000	"intercept"	0.84408849
"0.95"	"0.8"	"0.15"	"0.01"	"0.005"	"0.01"	"100000"	"10000"	"200"	"6069625915114388848"	95000	"slope"	-0.416104975
"0.95"	"0.8"	"0.15"	"0.01"	"0.005"	"0.01"	"100000"	"10000"	"200"	"6069625915114388848"	95000	"intercept"	0.828789905
"0.95"	"0.8"	"0.15"	"0.01"	"0.005"	"0.01"	"100000"	"10000"	"200"	"6069625915114388848"	100000	"slope"	-0.464005655
"0.95"	"0.8"	"0.15"	"0.01"	"0.005"	"0.01"	"100000"	"10000"	"200"	"6069625915114388848"	100000	"intercept"	0.85644984
"0.95"	"0.8"	"0.15"	"0.01"	"0.005"	"0.01"	"100000"	"10000"	"200"	"6871114896875838878"	10	"slope"	7.14933e-05
"0.95"	"0.8"	"0.15"	"0.01"	"0.005"	"0.01"	"100000"	"10000"	"200"	"6871114896875838878"	10	"intercept"	0.500063825
"0.95"	"0.8"	"0.15"	"0.01"	"0.005"	"0.01"	"100000"	"10000"	"200"	"6871114896875838878"	5000	"slope"	-0.007535756403
"0.95"	"0.8"	"0.15"	"0.01"	"0.005"	"0.01"	"100000"	"10000"	"200"	"6871114896875838878"	5000	"intercept"	0.642199875
"0.95"	"0.8"	"0.15"	"0.01"	"0.005"	"0.01"	"100000"	"10000"	"200"	"6871114896875838878"	10000	"slope"	-0.145938459
"0.95"	"0.8"	"0.15"	"0.01"	"0.005"	"0.01"	"100000"	"10000"	"200"	"6871114896875838878"	10000	"intercept"	0.713189465
"0.95"	"0.8"	"0.15"	"0.01"	"0.005"	"0.01"	"100000"	"10000"	"200"	"6871114896875838878"	15000	"slope"	-0.224509085
"0.95"	"0.8"	"0.15"	"0.01"	"0.005"	"0.01"	"100000"	"10000"	"200"	"6871114896875838878"	15000	"intercept"	0.748674385
"0.95"	"0.8"	"0.15"	"0.01"	"0.005"	"0.01"	"100000"	"10000"	"200"	"6871114896875838878"	20000	"slope"	-0.330901455
"0.95"	"0.8"	"0.15"	"0.01"	"0.005"	"0.01"	"100000"	"10000"	"200"	"6871114896875838878"	20000	"intercept"	0.79914639
"0.95"	"0.8"	"0.15"	"0.01"	"0.005"	"0.01"	"100000"	"10000"	"200"	"6871114896875838878"	25000	"slope"	-0.370286235
"0.95"	"0.8"	"0.15"	"0.01"	"0.005"	"0.01"	"100000"	"10000"	"200"	"6871114896875838878"	25000	"intercept"	0.81878646
"0.95"	"0.8"	"0.15"	"0.01"	"0.005"	"0.01"	"100000"	"10000"	"200"	"6871114896875838878"	30000	"slope"	-0.383922085
"0.95"	"0.8"	"0.15"	"0.01"	"0.005"	"0.01"	"100000"	"10000"	"200"	"6871114896875838878"	30000	"intercept"	0.81568711
"0.95"	"0.8"	"0.15"	"0.01"	"0.005"	"0.01"	"100000"	"10000"	"200"	"6871114896875838878"	35000	"slope"	-0.4022284
"0.95"	"0.8"	"0.15"	"0.01"	"0.005"	"0.01"	"100000"	"10000"	"200"	"6871114896875838878"	35000	"intercept"	0.81991077
"0.95"	"0.8"	"0.15"	"0.01"	"0.005"	"0.01"	"100000"	"10000"	"200"	"6871114896875838878"	40000	"slope"	-0.41554936
"0.95"	"0.8"	"0.15"	"0.01"	"0.005"	"0.01"	"100000"	"10000"	"200"	"6871114896875838878"	40000	"intercept"	0.831620515
"0.95"	"0.8"	"0.15"	"0.01"	"0.005"	"0.01"	"100000"	"10000"	"200"	"6871114896875838878"	45000	"slope"	-0.41876443
"0.95"	"0.8"	"0.15"	"0.01"	"0.005"	"0.01"	"100000"	"10000"	"200"	"6871114896875838878"	45000	"intercept"	0.833982655
"0.95"	"0.8"	"0.15"	"0.01"	"0.005"	"0.01"	"100000"	"10000"	"200"	"6871114896875838878"	50000	"slope"	-0.46989297
"0.95"	"0.8"	"0.15"	"0.01"	"0.005"	"0.01"	"100000"	"10000"	"200"	"6871114896875838878"	50000	"intercept"	0.85147148
"0.95"	"0.8"	"0.15"	"0.01"	"0.005"	"0.01"	"100000"	"10000"	"200"	"6871114896875838878"	55000	"slope"	-0.437634205
"0.95"	"0.8"	"0.15"	"0.01"	"0.005"	"0.01"	"100000"	"10000"	"200"	"6871114896875838878"	55000	"intercept"	0.846456785
"0.95"	"0.8"	"0.15"	"0.01"	"0.005"	"0.01"	"100000"	"10000"	"200"	"6871114896875838878"	60000	"slope"	-0.41741644
"0.95"	"0.8"	"0.15"	"0.01"	"0.005"	"0.01"	"100000"	"10000"	"200"	"6871114896875838878"	60000	"intercept"	0.8313563
"0.95"	"0.8"	"0.15"	"0.01"	"0.005"	"0.01"	"100000"	"10000"	"200"	"6871114896875838878"	65000	"slope"	-0.43276678
"0.95"	"0.8"	"0.15"	"0.01"	"0.005"	"0.01"	"100000"	"10000"	"200"	"6871114896875838878"	65000	"intercept"	0.84233529
"0.95"	"0.8"	"0.15"	"0.01"	"0.005"	"0.01"	"100000"	"10000"	"200"	"6871114896875838878"	70000	"slope"	-0.448600755
"0.95"	"0.8"	"0.15"	"0.01"	"0.005"	"0.01"	"100000"	"10000"	"200"	"6871114896875838878"	70000	"intercept"	0.84756233
"0.95"	"0.8"	"0.15"	"0.01"	"0.005"	"0.01"	"100000"	"10000"	"200"	"6871114896875838878"	75000	"slope"	-0.45281138
"0.95"	"0.8"	"0.15"	"0.01"	"0.005"	"0.01"	"100000"	"10000"	"200"	"6871114896875838878"	75000	"intercept"	0.85351349
"0.95"	"0.8"	"0.15"	"0.01"	"0.005"	"0.01"	"100000"	"10000"	"200"	"6871114896875838878"	80000	"slope"	-0.44134839
"0.95"	"0.8"	"0.15"	"0.01"	"0.005"	"0.01"	"100000"	"10000"	"200"	"6871114896875838878"	80000	"intercept"	0.844805855
"0.95"	"0.8"	"0.15"	"0.01"	"0.005"	"0.01"	"100000"	"10000"	"200"	"6871114896875838878"	85000	"slope"	-0.45455573
"0.95"	"0.8"	"0.15"	"0.01"	"0.005"	"0.01"	"100000"	"10000"	"200"	"6871114896875838878"	85000	"intercept"	0.84769325
"0.95"	"0.8"	"0.15"	"0.01"	"0.005"	"0.01"	"100000"	"10000"	"200"	"6871114896875838878"	90000	"slope"	-0.466951035
"0.95"	"0.8"	"0.15"	"0.01"	"0.005"	"0.01"	"100000"	"10000"	"200"	"6871114896875838878"	90000	"intercept"	0.854059695
"0.95"	"0.8"	"0.15"	"0.01"	"0.005"	"0.01"	"100000"	"10000"	"200"	"6871114896875838878"	95000	"slope"	-0.45731724
"0.95"	"0.8"	"0.15"	"0.01"	"0.005"	"0.01"	"100000"	"10000"	"200"	"6871114896875838878"	95000	"intercept"	0.85706256
"0.95"	"0.8"	"0.15"	"0.01"	"0.005"	"0.01"	"100000"	"10000"	"200"	"6871114896875838878"	100000	"slope"	-0.452716295
"0.95"	"0.8"	"0.15"	"0.01"	"0.005"	"0.01"	"100000"	"10000"	"200"	"6871114896875838878"	100000	"intercept"	0.85320574
